================================================================================
[run-pim][debug] Using cost_model_pim_backend._get_pim_latency_via_trace
[run-pim][debug] shard_policy='fine' shards=2
[run-pim][debug] model: dim=4096 ffn_dim=11008 n_heads=32 n_kv_heads=auto->n_heads
[run-pim][debug] lengths: prefill_len=262 decode_stride=12 decode_context_lens_len=109
[run-pim][debug] pim_config=/lustre/home/2501111916/workspace/XPUPIM_0226_gpupim_parameter/TriForm/algorithms/aim_simulator/PIM_AiM.json (from pim_hw_json_path)
[run-pim][debug] ramulator_config=/lustre/home/2501111916/workspace/XPUPIM_0226_gpupim_parameter/TriForm/algorithms/aim_simulator/example.yaml
[run-pim][debug] ramulator_bin=/lustre/home/2501111916/workspace/XPUPIM_0226_gpupim_parameter/TriForm/algorithms/ramulator2 (exported as env RAMULATOR2_BIN)
[run-pim][debug] ramulator_timeout_s=3000
[run-pim][debug] cache_enabled=False
[run-pim][debug] schedule cfg.pim_freq_ghz=1.0
[run-pim][debug] cost_model config.PIM_FREQ_GHZ=1.0
================================================================================
========================================================================================
[pim-debug] segment_key=pim|decode|0|583a2f400a32ef30361deb25375d6d1d
[pim-debug] sig: device_type=pim phase=decode step=0 (count_hint=32)
[pim-debug] ops_repr: QK:1,Softmax:1,SV:1
[pim-debug] cfg: shard_policy='fine' shards=2 dim=4096 ffn_dim=11008 n_heads=32 n_kv_heads=auto->n_heads
[pim-debug] pim_config=/lustre/home/2501111916/workspace/XPUPIM_0226_gpupim_parameter/TriForm/algorithms/aim_simulator/PIM_AiM.json
[pim-debug] ramulator_config=/lustre/home/2501111916/workspace/XPUPIM_0226_gpupim_parameter/TriForm/algorithms/aim_simulator/example.yaml
[pim-debug] cost_model config.PIM_FREQ_GHZ=1.0
[pim-debug] op plan (logical shapes inferred from schedule cfg):
  - op#00  op=QK       shard=1   q=[16x1x128] + k=[16x128x263]  ->  y=[16x1x263]  (T=1, K=263)
  - op#01  op=Softmax  shard=1   scores=[16x1x263]  ->  y=[16x1x263]  (T=1, K=263)
  - op#02  op=SV       shard=1   p=[16x1x263] + v=[16x263x128]  ->  y=[16x1x128]  (T=1, K=263)
[pim-debug] NOTE: CENT(AiM) trace backend internally uses x shape (1,1,dim) and handles prefill by repeating ops;
           the table below shows the *effective parameters* passed into cost_model_pim_backend for each op.
[pim-debug] op#00 op=QK       norm=score      sh=1  dim=4096  heads=16  hd=128 q_dim=2048  kv_heads=16  kv_dim=2048  o_dim=2048  ffn_dim=5504   seqlen=263    qlen=1   cache=N lat=    0.002ms cycles≈1808
[pim-debug] op#01 op=Softmax  norm=softmax    sh=1  dim=4096  heads=16  hd=128 q_dim=2048  kv_heads=16  kv_dim=2048  o_dim=2048  ffn_dim=5504   seqlen=263    qlen=1   cache=N lat=    0.001ms cycles≈963
[pim-debug] op#02 op=SV       norm=output     sh=1  dim=4096  heads=16  hd=128 q_dim=2048  kv_heads=16  kv_dim=2048  o_dim=2048  ffn_dim=5504   seqlen=263    qlen=1   cache=N lat=    0.002ms cycles≈1570
[pim-debug] segment total latency: 0.004 ms
========================================================================================
[pim-debug] segment_key=pim|decode|0|8d3c4a27f3148da54f43fbe5a8786c55
[pim-debug] sig: device_type=pim phase=decode step=0 (count_hint=32)
[pim-debug] ops_repr: QK:0,Softmax:0,SV:0
[pim-debug] cfg: shard_policy='fine' shards=2 dim=4096 ffn_dim=11008 n_heads=32 n_kv_heads=auto->n_heads
[pim-debug] pim_config=/lustre/home/2501111916/workspace/XPUPIM_0226_gpupim_parameter/TriForm/algorithms/aim_simulator/PIM_AiM.json
[pim-debug] ramulator_config=/lustre/home/2501111916/workspace/XPUPIM_0226_gpupim_parameter/TriForm/algorithms/aim_simulator/example.yaml
[pim-debug] cost_model config.PIM_FREQ_GHZ=1.0
[pim-debug] op plan (logical shapes inferred from schedule cfg):
  - op#00  op=QK       shard=0   q=[16x1x128] + k=[16x128x263]  ->  y=[16x1x263]  (T=1, K=263)
  - op#01  op=Softmax  shard=0   scores=[16x1x263]  ->  y=[16x1x263]  (T=1, K=263)
  - op#02  op=SV       shard=0   p=[16x1x263] + v=[16x263x128]  ->  y=[16x1x128]  (T=1, K=263)
[pim-debug] NOTE: CENT(AiM) trace backend internally uses x shape (1,1,dim) and handles prefill by repeating ops;
           the table below shows the *effective parameters* passed into cost_model_pim_backend for each op.
[pim-debug] op#00 op=QK       norm=score      sh=0  dim=4096  heads=16  hd=128 q_dim=2048  kv_heads=16  kv_dim=2048  o_dim=2048  ffn_dim=5504   seqlen=263    qlen=1   cache=N lat=    0.002ms cycles≈1808
[pim-debug] op#01 op=Softmax  norm=softmax    sh=0  dim=4096  heads=16  hd=128 q_dim=2048  kv_heads=16  kv_dim=2048  o_dim=2048  ffn_dim=5504   seqlen=263    qlen=1   cache=N lat=    0.001ms cycles≈963
[pim-debug] op#02 op=SV       norm=output     sh=0  dim=4096  heads=16  hd=128 q_dim=2048  kv_heads=16  kv_dim=2048  o_dim=2048  ffn_dim=5504   seqlen=263    qlen=1   cache=N lat=    0.002ms cycles≈1570
[pim-debug] segment total latency: 0.004 ms
========================================================================================
[pim-debug] segment_key=pim|decode|100|583a2f400a32ef30361deb25375d6d1d
[pim-debug] sig: device_type=pim phase=decode step=100 (count_hint=32)
[pim-debug] ops_repr: QK:1,Softmax:1,SV:1
[pim-debug] cfg: shard_policy='fine' shards=2 dim=4096 ffn_dim=11008 n_heads=32 n_kv_heads=auto->n_heads
[pim-debug] pim_config=/lustre/home/2501111916/workspace/XPUPIM_0226_gpupim_parameter/TriForm/algorithms/aim_simulator/PIM_AiM.json
[pim-debug] ramulator_config=/lustre/home/2501111916/workspace/XPUPIM_0226_gpupim_parameter/TriForm/algorithms/aim_simulator/example.yaml
[pim-debug] cost_model config.PIM_FREQ_GHZ=1.0
[pim-debug] op plan (logical shapes inferred from schedule cfg):
  - op#00  op=QK       shard=1   q=[16x1x128] + k=[16x128x1450]  ->  y=[16x1x1450]  (T=1, K=1450)
  - op#01  op=Softmax  shard=1   scores=[16x1x1450]  ->  y=[16x1x1450]  (T=1, K=1450)
  - op#02  op=SV       shard=1   p=[16x1x1450] + v=[16x1450x128]  ->  y=[16x1x128]  (T=1, K=1450)
[pim-debug] NOTE: CENT(AiM) trace backend internally uses x shape (1,1,dim) and handles prefill by repeating ops;
           the table below shows the *effective parameters* passed into cost_model_pim_backend for each op.
[pim-debug] op#00 op=QK       norm=score      sh=1  dim=4096  heads=16  hd=128 q_dim=2048  kv_heads=16  kv_dim=2048  o_dim=2048  ffn_dim=5504   seqlen=1450   qlen=1   cache=N lat=    0.005ms cycles≈5424
[pim-debug] op#01 op=Softmax  norm=softmax    sh=1  dim=4096  heads=16  hd=128 q_dim=2048  kv_heads=16  kv_dim=2048  o_dim=2048  ffn_dim=5504   seqlen=1450   qlen=1   cache=N lat=    0.005ms cycles≈5087
[pim-debug] op#02 op=SV       norm=output     sh=1  dim=4096  heads=16  hd=128 q_dim=2048  kv_heads=16  kv_dim=2048  o_dim=2048  ffn_dim=5504   seqlen=1450   qlen=1   cache=N lat=    0.004ms cycles≈4166
[pim-debug] segment total latency: 0.015 ms
========================================================================================
[pim-debug] segment_key=pim|decode|100|8d3c4a27f3148da54f43fbe5a8786c55
[pim-debug] sig: device_type=pim phase=decode step=100 (count_hint=32)
[pim-debug] ops_repr: QK:0,Softmax:0,SV:0
[pim-debug] cfg: shard_policy='fine' shards=2 dim=4096 ffn_dim=11008 n_heads=32 n_kv_heads=auto->n_heads
[pim-debug] pim_config=/lustre/home/2501111916/workspace/XPUPIM_0226_gpupim_parameter/TriForm/algorithms/aim_simulator/PIM_AiM.json
[pim-debug] ramulator_config=/lustre/home/2501111916/workspace/XPUPIM_0226_gpupim_parameter/TriForm/algorithms/aim_simulator/example.yaml
[pim-debug] cost_model config.PIM_FREQ_GHZ=1.0
[pim-debug] op plan (logical shapes inferred from schedule cfg):
  - op#00  op=QK       shard=0   q=[16x1x128] + k=[16x128x1450]  ->  y=[16x1x1450]  (T=1, K=1450)
  - op#01  op=Softmax  shard=0   scores=[16x1x1450]  ->  y=[16x1x1450]  (T=1, K=1450)
  - op#02  op=SV       shard=0   p=[16x1x1450] + v=[16x1450x128]  ->  y=[16x1x128]  (T=1, K=1450)
[pim-debug] NOTE: CENT(AiM) trace backend internally uses x shape (1,1,dim) and handles prefill by repeating ops;
           the table below shows the *effective parameters* passed into cost_model_pim_backend for each op.
[pim-debug] op#00 op=QK       norm=score      sh=0  dim=4096  heads=16  hd=128 q_dim=2048  kv_heads=16  kv_dim=2048  o_dim=2048  ffn_dim=5504   seqlen=1450   qlen=1   cache=N lat=    0.005ms cycles≈5424
[pim-debug] op#01 op=Softmax  norm=softmax    sh=0  dim=4096  heads=16  hd=128 q_dim=2048  kv_heads=16  kv_dim=2048  o_dim=2048  ffn_dim=5504   seqlen=1450   qlen=1   cache=N lat=    0.005ms cycles≈5087
[pim-debug] op#02 op=SV       norm=output     sh=0  dim=4096  heads=16  hd=128 q_dim=2048  kv_heads=16  kv_dim=2048  o_dim=2048  ffn_dim=5504   seqlen=1450   qlen=1   cache=N lat=    0.004ms cycles≈4166
[pim-debug] segment total latency: 0.015 ms
========================================================================================
[pim-debug] segment_key=pim|decode|101|583a2f400a32ef30361deb25375d6d1d
[pim-debug] sig: device_type=pim phase=decode step=101 (count_hint=32)
[pim-debug] ops_repr: QK:1,Softmax:1,SV:1
[pim-debug] cfg: shard_policy='fine' shards=2 dim=4096 ffn_dim=11008 n_heads=32 n_kv_heads=auto->n_heads
[pim-debug] pim_config=/lustre/home/2501111916/workspace/XPUPIM_0226_gpupim_parameter/TriForm/algorithms/aim_simulator/PIM_AiM.json
[pim-debug] ramulator_config=/lustre/home/2501111916/workspace/XPUPIM_0226_gpupim_parameter/TriForm/algorithms/aim_simulator/example.yaml
[pim-debug] cost_model config.PIM_FREQ_GHZ=1.0
[pim-debug] op plan (logical shapes inferred from schedule cfg):
  - op#00  op=QK       shard=1   q=[16x1x128] + k=[16x128x1462]  ->  y=[16x1x1462]  (T=1, K=1462)
  - op#01  op=Softmax  shard=1   scores=[16x1x1462]  ->  y=[16x1x1462]  (T=1, K=1462)
  - op#02  op=SV       shard=1   p=[16x1x1462] + v=[16x1462x128]  ->  y=[16x1x128]  (T=1, K=1462)
[pim-debug] NOTE: CENT(AiM) trace backend internally uses x shape (1,1,dim) and handles prefill by repeating ops;
           the table below shows the *effective parameters* passed into cost_model_pim_backend for each op.
[pim-debug] op#00 op=QK       norm=score      sh=1  dim=4096  heads=16  hd=128 q_dim=2048  kv_heads=16  kv_dim=2048  o_dim=2048  ffn_dim=5504   seqlen=1462   qlen=1   cache=N lat=    0.005ms cycles≈5424
[pim-debug] op#01 op=Softmax  norm=softmax    sh=1  dim=4096  heads=16  hd=128 q_dim=2048  kv_heads=16  kv_dim=2048  o_dim=2048  ffn_dim=5504   seqlen=1462   qlen=1   cache=N lat=    0.005ms cycles≈5139
[pim-debug] op#02 op=SV       norm=output     sh=1  dim=4096  heads=16  hd=128 q_dim=2048  kv_heads=16  kv_dim=2048  o_dim=2048  ffn_dim=5504   seqlen=1462   qlen=1   cache=N lat=    0.004ms cycles≈4184
[pim-debug] segment total latency: 0.015 ms
========================================================================================
[pim-debug] segment_key=pim|decode|101|8d3c4a27f3148da54f43fbe5a8786c55
[pim-debug] sig: device_type=pim phase=decode step=101 (count_hint=32)
[pim-debug] ops_repr: QK:0,Softmax:0,SV:0
[pim-debug] cfg: shard_policy='fine' shards=2 dim=4096 ffn_dim=11008 n_heads=32 n_kv_heads=auto->n_heads
[pim-debug] pim_config=/lustre/home/2501111916/workspace/XPUPIM_0226_gpupim_parameter/TriForm/algorithms/aim_simulator/PIM_AiM.json
[pim-debug] ramulator_config=/lustre/home/2501111916/workspace/XPUPIM_0226_gpupim_parameter/TriForm/algorithms/aim_simulator/example.yaml
[pim-debug] cost_model config.PIM_FREQ_GHZ=1.0
[pim-debug] op plan (logical shapes inferred from schedule cfg):
  - op#00  op=QK       shard=0   q=[16x1x128] + k=[16x128x1462]  ->  y=[16x1x1462]  (T=1, K=1462)
  - op#01  op=Softmax  shard=0   scores=[16x1x1462]  ->  y=[16x1x1462]  (T=1, K=1462)
  - op#02  op=SV       shard=0   p=[16x1x1462] + v=[16x1462x128]  ->  y=[16x1x128]  (T=1, K=1462)
[pim-debug] NOTE: CENT(AiM) trace backend internally uses x shape (1,1,dim) and handles prefill by repeating ops;
           the table below shows the *effective parameters* passed into cost_model_pim_backend for each op.
[pim-debug] op#00 op=QK       norm=score      sh=0  dim=4096  heads=16  hd=128 q_dim=2048  kv_heads=16  kv_dim=2048  o_dim=2048  ffn_dim=5504   seqlen=1462   qlen=1   cache=N lat=    0.005ms cycles≈5424
[pim-debug] op#01 op=Softmax  norm=softmax    sh=0  dim=4096  heads=16  hd=128 q_dim=2048  kv_heads=16  kv_dim=2048  o_dim=2048  ffn_dim=5504   seqlen=1462   qlen=1   cache=N lat=    0.005ms cycles≈5139
[pim-debug] op#02 op=SV       norm=output     sh=0  dim=4096  heads=16  hd=128 q_dim=2048  kv_heads=16  kv_dim=2048  o_dim=2048  ffn_dim=5504   seqlen=1462   qlen=1   cache=N lat=    0.004ms cycles≈4184
[pim-debug] segment total latency: 0.015 ms
========================================================================================
[pim-debug] segment_key=pim|decode|102|583a2f400a32ef30361deb25375d6d1d
[pim-debug] sig: device_type=pim phase=decode step=102 (count_hint=32)
[pim-debug] ops_repr: QK:1,Softmax:1,SV:1
[pim-debug] cfg: shard_policy='fine' shards=2 dim=4096 ffn_dim=11008 n_heads=32 n_kv_heads=auto->n_heads
[pim-debug] pim_config=/lustre/home/2501111916/workspace/XPUPIM_0226_gpupim_parameter/TriForm/algorithms/aim_simulator/PIM_AiM.json
[pim-debug] ramulator_config=/lustre/home/2501111916/workspace/XPUPIM_0226_gpupim_parameter/TriForm/algorithms/aim_simulator/example.yaml
[pim-debug] cost_model config.PIM_FREQ_GHZ=1.0
[pim-debug] op plan (logical shapes inferred from schedule cfg):
  - op#00  op=QK       shard=1   q=[16x1x128] + k=[16x128x1474]  ->  y=[16x1x1474]  (T=1, K=1474)
  - op#01  op=Softmax  shard=1   scores=[16x1x1474]  ->  y=[16x1x1474]  (T=1, K=1474)
  - op#02  op=SV       shard=1   p=[16x1x1474] + v=[16x1474x128]  ->  y=[16x1x128]  (T=1, K=1474)
[pim-debug] NOTE: CENT(AiM) trace backend internally uses x shape (1,1,dim) and handles prefill by repeating ops;
           the table below shows the *effective parameters* passed into cost_model_pim_backend for each op.
[pim-debug] op#00 op=QK       norm=score      sh=1  dim=4096  heads=16  hd=128 q_dim=2048  kv_heads=16  kv_dim=2048  o_dim=2048  ffn_dim=5504   seqlen=1474   qlen=1   cache=N lat=    0.005ms cycles≈5424
[pim-debug] op#01 op=Softmax  norm=softmax    sh=1  dim=4096  heads=16  hd=128 q_dim=2048  kv_heads=16  kv_dim=2048  o_dim=2048  ffn_dim=5504   seqlen=1474   qlen=1   cache=N lat=    0.005ms cycles≈5191
[pim-debug] op#02 op=SV       norm=output     sh=1  dim=4096  heads=16  hd=128 q_dim=2048  kv_heads=16  kv_dim=2048  o_dim=2048  ffn_dim=5504   seqlen=1474   qlen=1   cache=N lat=    0.004ms cycles≈4202
[pim-debug] segment total latency: 0.015 ms
========================================================================================
[pim-debug] segment_key=pim|decode|102|8d3c4a27f3148da54f43fbe5a8786c55
[pim-debug] sig: device_type=pim phase=decode step=102 (count_hint=32)
[pim-debug] ops_repr: QK:0,Softmax:0,SV:0
[pim-debug] cfg: shard_policy='fine' shards=2 dim=4096 ffn_dim=11008 n_heads=32 n_kv_heads=auto->n_heads
[pim-debug] pim_config=/lustre/home/2501111916/workspace/XPUPIM_0226_gpupim_parameter/TriForm/algorithms/aim_simulator/PIM_AiM.json
[pim-debug] ramulator_config=/lustre/home/2501111916/workspace/XPUPIM_0226_gpupim_parameter/TriForm/algorithms/aim_simulator/example.yaml
[pim-debug] cost_model config.PIM_FREQ_GHZ=1.0
[pim-debug] op plan (logical shapes inferred from schedule cfg):
  - op#00  op=QK       shard=0   q=[16x1x128] + k=[16x128x1474]  ->  y=[16x1x1474]  (T=1, K=1474)
  - op#01  op=Softmax  shard=0   scores=[16x1x1474]  ->  y=[16x1x1474]  (T=1, K=1474)
  - op#02  op=SV       shard=0   p=[16x1x1474] + v=[16x1474x128]  ->  y=[16x1x128]  (T=1, K=1474)
[pim-debug] NOTE: CENT(AiM) trace backend internally uses x shape (1,1,dim) and handles prefill by repeating ops;
           the table below shows the *effective parameters* passed into cost_model_pim_backend for each op.
[pim-debug] op#00 op=QK       norm=score      sh=0  dim=4096  heads=16  hd=128 q_dim=2048  kv_heads=16  kv_dim=2048  o_dim=2048  ffn_dim=5504   seqlen=1474   qlen=1   cache=N lat=    0.005ms cycles≈5424
[pim-debug] op#01 op=Softmax  norm=softmax    sh=0  dim=4096  heads=16  hd=128 q_dim=2048  kv_heads=16  kv_dim=2048  o_dim=2048  ffn_dim=5504   seqlen=1474   qlen=1   cache=N lat=    0.005ms cycles≈5191
[pim-debug] op#02 op=SV       norm=output     sh=0  dim=4096  heads=16  hd=128 q_dim=2048  kv_heads=16  kv_dim=2048  o_dim=2048  ffn_dim=5504   seqlen=1474   qlen=1   cache=N lat=    0.004ms cycles≈4202
[pim-debug] segment total latency: 0.015 ms
========================================================================================
[pim-debug] segment_key=pim|decode|103|583a2f400a32ef30361deb25375d6d1d
[pim-debug] sig: device_type=pim phase=decode step=103 (count_hint=32)
[pim-debug] ops_repr: QK:1,Softmax:1,SV:1
[pim-debug] cfg: shard_policy='fine' shards=2 dim=4096 ffn_dim=11008 n_heads=32 n_kv_heads=auto->n_heads
[pim-debug] pim_config=/lustre/home/2501111916/workspace/XPUPIM_0226_gpupim_parameter/TriForm/algorithms/aim_simulator/PIM_AiM.json
[pim-debug] ramulator_config=/lustre/home/2501111916/workspace/XPUPIM_0226_gpupim_parameter/TriForm/algorithms/aim_simulator/example.yaml
[pim-debug] cost_model config.PIM_FREQ_GHZ=1.0
[pim-debug] op plan (logical shapes inferred from schedule cfg):
  - op#00  op=QK       shard=1   q=[16x1x128] + k=[16x128x1486]  ->  y=[16x1x1486]  (T=1, K=1486)
  - op#01  op=Softmax  shard=1   scores=[16x1x1486]  ->  y=[16x1x1486]  (T=1, K=1486)
  - op#02  op=SV       shard=1   p=[16x1x1486] + v=[16x1486x128]  ->  y=[16x1x128]  (T=1, K=1486)
[pim-debug] NOTE: CENT(AiM) trace backend internally uses x shape (1,1,dim) and handles prefill by repeating ops;
           the table below shows the *effective parameters* passed into cost_model_pim_backend for each op.
[pim-debug] op#00 op=QK       norm=score      sh=1  dim=4096  heads=16  hd=128 q_dim=2048  kv_heads=16  kv_dim=2048  o_dim=2048  ffn_dim=5504   seqlen=1486   qlen=1   cache=N lat=    0.005ms cycles≈5424
[pim-debug] op#01 op=Softmax  norm=softmax    sh=1  dim=4096  heads=16  hd=128 q_dim=2048  kv_heads=16  kv_dim=2048  o_dim=2048  ffn_dim=5504   seqlen=1486   qlen=1   cache=N lat=    0.005ms cycles≈5191
[pim-debug] op#02 op=SV       norm=output     sh=1  dim=4096  heads=16  hd=128 q_dim=2048  kv_heads=16  kv_dim=2048  o_dim=2048  ffn_dim=5504   seqlen=1486   qlen=1   cache=N lat=    0.004ms cycles≈4202
[pim-debug] segment total latency: 0.015 ms
========================================================================================
[pim-debug] segment_key=pim|decode|103|8d3c4a27f3148da54f43fbe5a8786c55
[pim-debug] sig: device_type=pim phase=decode step=103 (count_hint=32)
[pim-debug] ops_repr: QK:0,Softmax:0,SV:0
[pim-debug] cfg: shard_policy='fine' shards=2 dim=4096 ffn_dim=11008 n_heads=32 n_kv_heads=auto->n_heads
[pim-debug] pim_config=/lustre/home/2501111916/workspace/XPUPIM_0226_gpupim_parameter/TriForm/algorithms/aim_simulator/PIM_AiM.json
[pim-debug] ramulator_config=/lustre/home/2501111916/workspace/XPUPIM_0226_gpupim_parameter/TriForm/algorithms/aim_simulator/example.yaml
[pim-debug] cost_model config.PIM_FREQ_GHZ=1.0
[pim-debug] op plan (logical shapes inferred from schedule cfg):
  - op#00  op=QK       shard=0   q=[16x1x128] + k=[16x128x1486]  ->  y=[16x1x1486]  (T=1, K=1486)
  - op#01  op=Softmax  shard=0   scores=[16x1x1486]  ->  y=[16x1x1486]  (T=1, K=1486)
  - op#02  op=SV       shard=0   p=[16x1x1486] + v=[16x1486x128]  ->  y=[16x1x128]  (T=1, K=1486)
[pim-debug] NOTE: CENT(AiM) trace backend internally uses x shape (1,1,dim) and handles prefill by repeating ops;
           the table below shows the *effective parameters* passed into cost_model_pim_backend for each op.
[pim-debug] op#00 op=QK       norm=score      sh=0  dim=4096  heads=16  hd=128 q_dim=2048  kv_heads=16  kv_dim=2048  o_dim=2048  ffn_dim=5504   seqlen=1486   qlen=1   cache=N lat=    0.005ms cycles≈5424
[pim-debug] op#01 op=Softmax  norm=softmax    sh=0  dim=4096  heads=16  hd=128 q_dim=2048  kv_heads=16  kv_dim=2048  o_dim=2048  ffn_dim=5504   seqlen=1486   qlen=1   cache=N lat=    0.005ms cycles≈5191
[pim-debug] op#02 op=SV       norm=output     sh=0  dim=4096  heads=16  hd=128 q_dim=2048  kv_heads=16  kv_dim=2048  o_dim=2048  ffn_dim=5504   seqlen=1486   qlen=1   cache=N lat=    0.004ms cycles≈4202
[pim-debug] segment total latency: 0.015 ms
========================================================================================
[pim-debug] segment_key=pim|decode|104|583a2f400a32ef30361deb25375d6d1d
[pim-debug] sig: device_type=pim phase=decode step=104 (count_hint=32)
[pim-debug] ops_repr: QK:1,Softmax:1,SV:1
[pim-debug] cfg: shard_policy='fine' shards=2 dim=4096 ffn_dim=11008 n_heads=32 n_kv_heads=auto->n_heads
[pim-debug] pim_config=/lustre/home/2501111916/workspace/XPUPIM_0226_gpupim_parameter/TriForm/algorithms/aim_simulator/PIM_AiM.json
[pim-debug] ramulator_config=/lustre/home/2501111916/workspace/XPUPIM_0226_gpupim_parameter/TriForm/algorithms/aim_simulator/example.yaml
[pim-debug] cost_model config.PIM_FREQ_GHZ=1.0
[pim-debug] op plan (logical shapes inferred from schedule cfg):
  - op#00  op=QK       shard=1   q=[16x1x128] + k=[16x128x1498]  ->  y=[16x1x1498]  (T=1, K=1498)
  - op#01  op=Softmax  shard=1   scores=[16x1x1498]  ->  y=[16x1x1498]  (T=1, K=1498)
  - op#02  op=SV       shard=1   p=[16x1x1498] + v=[16x1498x128]  ->  y=[16x1x128]  (T=1, K=1498)
[pim-debug] NOTE: CENT(AiM) trace backend internally uses x shape (1,1,dim) and handles prefill by repeating ops;
           the table below shows the *effective parameters* passed into cost_model_pim_backend for each op.
[pim-debug] op#00 op=QK       norm=score      sh=1  dim=4096  heads=16  hd=128 q_dim=2048  kv_heads=16  kv_dim=2048  o_dim=2048  ffn_dim=5504   seqlen=1498   qlen=1   cache=N lat=    0.005ms cycles≈5424
[pim-debug] op#01 op=Softmax  norm=softmax    sh=1  dim=4096  heads=16  hd=128 q_dim=2048  kv_heads=16  kv_dim=2048  o_dim=2048  ffn_dim=5504   seqlen=1498   qlen=1   cache=N lat=    0.005ms cycles≈5243
[pim-debug] op#02 op=SV       norm=output     sh=1  dim=4096  heads=16  hd=128 q_dim=2048  kv_heads=16  kv_dim=2048  o_dim=2048  ffn_dim=5504   seqlen=1498   qlen=1   cache=N lat=    0.004ms cycles≈4220
[pim-debug] segment total latency: 0.015 ms
========================================================================================
[pim-debug] segment_key=pim|decode|104|8d3c4a27f3148da54f43fbe5a8786c55
[pim-debug] sig: device_type=pim phase=decode step=104 (count_hint=32)
[pim-debug] ops_repr: QK:0,Softmax:0,SV:0
[pim-debug] cfg: shard_policy='fine' shards=2 dim=4096 ffn_dim=11008 n_heads=32 n_kv_heads=auto->n_heads
[pim-debug] pim_config=/lustre/home/2501111916/workspace/XPUPIM_0226_gpupim_parameter/TriForm/algorithms/aim_simulator/PIM_AiM.json
[pim-debug] ramulator_config=/lustre/home/2501111916/workspace/XPUPIM_0226_gpupim_parameter/TriForm/algorithms/aim_simulator/example.yaml
[pim-debug] cost_model config.PIM_FREQ_GHZ=1.0
[pim-debug] op plan (logical shapes inferred from schedule cfg):
  - op#00  op=QK       shard=0   q=[16x1x128] + k=[16x128x1498]  ->  y=[16x1x1498]  (T=1, K=1498)
  - op#01  op=Softmax  shard=0   scores=[16x1x1498]  ->  y=[16x1x1498]  (T=1, K=1498)
  - op#02  op=SV       shard=0   p=[16x1x1498] + v=[16x1498x128]  ->  y=[16x1x128]  (T=1, K=1498)
[pim-debug] NOTE: CENT(AiM) trace backend internally uses x shape (1,1,dim) and handles prefill by repeating ops;
           the table below shows the *effective parameters* passed into cost_model_pim_backend for each op.
[pim-debug] op#00 op=QK       norm=score      sh=0  dim=4096  heads=16  hd=128 q_dim=2048  kv_heads=16  kv_dim=2048  o_dim=2048  ffn_dim=5504   seqlen=1498   qlen=1   cache=N lat=    0.005ms cycles≈5424
[pim-debug] op#01 op=Softmax  norm=softmax    sh=0  dim=4096  heads=16  hd=128 q_dim=2048  kv_heads=16  kv_dim=2048  o_dim=2048  ffn_dim=5504   seqlen=1498   qlen=1   cache=N lat=    0.005ms cycles≈5243
[pim-debug] op#02 op=SV       norm=output     sh=0  dim=4096  heads=16  hd=128 q_dim=2048  kv_heads=16  kv_dim=2048  o_dim=2048  ffn_dim=5504   seqlen=1498   qlen=1   cache=N lat=    0.004ms cycles≈4220
[pim-debug] segment total latency: 0.015 ms
========================================================================================
[pim-debug] segment_key=pim|decode|105|583a2f400a32ef30361deb25375d6d1d
[pim-debug] sig: device_type=pim phase=decode step=105 (count_hint=32)
[pim-debug] ops_repr: QK:1,Softmax:1,SV:1
[pim-debug] cfg: shard_policy='fine' shards=2 dim=4096 ffn_dim=11008 n_heads=32 n_kv_heads=auto->n_heads
[pim-debug] pim_config=/lustre/home/2501111916/workspace/XPUPIM_0226_gpupim_parameter/TriForm/algorithms/aim_simulator/PIM_AiM.json
[pim-debug] ramulator_config=/lustre/home/2501111916/workspace/XPUPIM_0226_gpupim_parameter/TriForm/algorithms/aim_simulator/example.yaml
[pim-debug] cost_model config.PIM_FREQ_GHZ=1.0
[pim-debug] op plan (logical shapes inferred from schedule cfg):
  - op#00  op=QK       shard=1   q=[16x1x128] + k=[16x128x1510]  ->  y=[16x1x1510]  (T=1, K=1510)
  - op#01  op=Softmax  shard=1   scores=[16x1x1510]  ->  y=[16x1x1510]  (T=1, K=1510)
  - op#02  op=SV       shard=1   p=[16x1x1510] + v=[16x1510x128]  ->  y=[16x1x128]  (T=1, K=1510)
[pim-debug] NOTE: CENT(AiM) trace backend internally uses x shape (1,1,dim) and handles prefill by repeating ops;
           the table below shows the *effective parameters* passed into cost_model_pim_backend for each op.
[pim-debug] op#00 op=QK       norm=score      sh=1  dim=4096  heads=16  hd=128 q_dim=2048  kv_heads=16  kv_dim=2048  o_dim=2048  ffn_dim=5504   seqlen=1510   qlen=1   cache=N lat=    0.005ms cycles≈5424
[pim-debug] op#01 op=Softmax  norm=softmax    sh=1  dim=4096  heads=16  hd=128 q_dim=2048  kv_heads=16  kv_dim=2048  o_dim=2048  ffn_dim=5504   seqlen=1510   qlen=1   cache=N lat=    0.005ms cycles≈5295
[pim-debug] op#02 op=SV       norm=output     sh=1  dim=4096  heads=16  hd=128 q_dim=2048  kv_heads=16  kv_dim=2048  o_dim=2048  ffn_dim=5504   seqlen=1510   qlen=1   cache=N lat=    0.004ms cycles≈4238
[pim-debug] segment total latency: 0.015 ms
========================================================================================
[pim-debug] segment_key=pim|decode|105|8d3c4a27f3148da54f43fbe5a8786c55
[pim-debug] sig: device_type=pim phase=decode step=105 (count_hint=32)
[pim-debug] ops_repr: QK:0,Softmax:0,SV:0
[pim-debug] cfg: shard_policy='fine' shards=2 dim=4096 ffn_dim=11008 n_heads=32 n_kv_heads=auto->n_heads
[pim-debug] pim_config=/lustre/home/2501111916/workspace/XPUPIM_0226_gpupim_parameter/TriForm/algorithms/aim_simulator/PIM_AiM.json
[pim-debug] ramulator_config=/lustre/home/2501111916/workspace/XPUPIM_0226_gpupim_parameter/TriForm/algorithms/aim_simulator/example.yaml
[pim-debug] cost_model config.PIM_FREQ_GHZ=1.0
[pim-debug] op plan (logical shapes inferred from schedule cfg):
  - op#00  op=QK       shard=0   q=[16x1x128] + k=[16x128x1510]  ->  y=[16x1x1510]  (T=1, K=1510)
  - op#01  op=Softmax  shard=0   scores=[16x1x1510]  ->  y=[16x1x1510]  (T=1, K=1510)
  - op#02  op=SV       shard=0   p=[16x1x1510] + v=[16x1510x128]  ->  y=[16x1x128]  (T=1, K=1510)
[pim-debug] NOTE: CENT(AiM) trace backend internally uses x shape (1,1,dim) and handles prefill by repeating ops;
           the table below shows the *effective parameters* passed into cost_model_pim_backend for each op.
[pim-debug] op#00 op=QK       norm=score      sh=0  dim=4096  heads=16  hd=128 q_dim=2048  kv_heads=16  kv_dim=2048  o_dim=2048  ffn_dim=5504   seqlen=1510   qlen=1   cache=N lat=    0.005ms cycles≈5424
[pim-debug] op#01 op=Softmax  norm=softmax    sh=0  dim=4096  heads=16  hd=128 q_dim=2048  kv_heads=16  kv_dim=2048  o_dim=2048  ffn_dim=5504   seqlen=1510   qlen=1   cache=N lat=    0.005ms cycles≈5295
[pim-debug] op#02 op=SV       norm=output     sh=0  dim=4096  heads=16  hd=128 q_dim=2048  kv_heads=16  kv_dim=2048  o_dim=2048  ffn_dim=5504   seqlen=1510   qlen=1   cache=N lat=    0.004ms cycles≈4238
[pim-debug] segment total latency: 0.015 ms
========================================================================================
[pim-debug] segment_key=pim|decode|106|583a2f400a32ef30361deb25375d6d1d
[pim-debug] sig: device_type=pim phase=decode step=106 (count_hint=32)
[pim-debug] ops_repr: QK:1,Softmax:1,SV:1
[pim-debug] cfg: shard_policy='fine' shards=2 dim=4096 ffn_dim=11008 n_heads=32 n_kv_heads=auto->n_heads
[pim-debug] pim_config=/lustre/home/2501111916/workspace/XPUPIM_0226_gpupim_parameter/TriForm/algorithms/aim_simulator/PIM_AiM.json
[pim-debug] ramulator_config=/lustre/home/2501111916/workspace/XPUPIM_0226_gpupim_parameter/TriForm/algorithms/aim_simulator/example.yaml
[pim-debug] cost_model config.PIM_FREQ_GHZ=1.0
[pim-debug] op plan (logical shapes inferred from schedule cfg):
  - op#00  op=QK       shard=1   q=[16x1x128] + k=[16x128x1522]  ->  y=[16x1x1522]  (T=1, K=1522)
  - op#01  op=Softmax  shard=1   scores=[16x1x1522]  ->  y=[16x1x1522]  (T=1, K=1522)
  - op#02  op=SV       shard=1   p=[16x1x1522] + v=[16x1522x128]  ->  y=[16x1x128]  (T=1, K=1522)
[pim-debug] NOTE: CENT(AiM) trace backend internally uses x shape (1,1,dim) and handles prefill by repeating ops;
           the table below shows the *effective parameters* passed into cost_model_pim_backend for each op.
[pim-debug] op#00 op=QK       norm=score      sh=1  dim=4096  heads=16  hd=128 q_dim=2048  kv_heads=16  kv_dim=2048  o_dim=2048  ffn_dim=5504   seqlen=1522   qlen=1   cache=N lat=    0.005ms cycles≈5424
[pim-debug] op#01 op=Softmax  norm=softmax    sh=1  dim=4096  heads=16  hd=128 q_dim=2048  kv_heads=16  kv_dim=2048  o_dim=2048  ffn_dim=5504   seqlen=1522   qlen=1   cache=N lat=    0.005ms cycles≈5347
[pim-debug] op#02 op=SV       norm=output     sh=1  dim=4096  heads=16  hd=128 q_dim=2048  kv_heads=16  kv_dim=2048  o_dim=2048  ffn_dim=5504   seqlen=1522   qlen=1   cache=N lat=    0.004ms cycles≈4256
[pim-debug] segment total latency: 0.015 ms
========================================================================================
[pim-debug] segment_key=pim|decode|106|8d3c4a27f3148da54f43fbe5a8786c55
[pim-debug] sig: device_type=pim phase=decode step=106 (count_hint=32)
[pim-debug] ops_repr: QK:0,Softmax:0,SV:0
[pim-debug] cfg: shard_policy='fine' shards=2 dim=4096 ffn_dim=11008 n_heads=32 n_kv_heads=auto->n_heads
[pim-debug] pim_config=/lustre/home/2501111916/workspace/XPUPIM_0226_gpupim_parameter/TriForm/algorithms/aim_simulator/PIM_AiM.json
[pim-debug] ramulator_config=/lustre/home/2501111916/workspace/XPUPIM_0226_gpupim_parameter/TriForm/algorithms/aim_simulator/example.yaml
[pim-debug] cost_model config.PIM_FREQ_GHZ=1.0
[pim-debug] op plan (logical shapes inferred from schedule cfg):
  - op#00  op=QK       shard=0   q=[16x1x128] + k=[16x128x1522]  ->  y=[16x1x1522]  (T=1, K=1522)
  - op#01  op=Softmax  shard=0   scores=[16x1x1522]  ->  y=[16x1x1522]  (T=1, K=1522)
  - op#02  op=SV       shard=0   p=[16x1x1522] + v=[16x1522x128]  ->  y=[16x1x128]  (T=1, K=1522)
[pim-debug] NOTE: CENT(AiM) trace backend internally uses x shape (1,1,dim) and handles prefill by repeating ops;
           the table below shows the *effective parameters* passed into cost_model_pim_backend for each op.
[pim-debug] op#00 op=QK       norm=score      sh=0  dim=4096  heads=16  hd=128 q_dim=2048  kv_heads=16  kv_dim=2048  o_dim=2048  ffn_dim=5504   seqlen=1522   qlen=1   cache=N lat=    0.005ms cycles≈5424
[pim-debug] op#01 op=Softmax  norm=softmax    sh=0  dim=4096  heads=16  hd=128 q_dim=2048  kv_heads=16  kv_dim=2048  o_dim=2048  ffn_dim=5504   seqlen=1522   qlen=1   cache=N lat=    0.005ms cycles≈5347
[pim-debug] op#02 op=SV       norm=output     sh=0  dim=4096  heads=16  hd=128 q_dim=2048  kv_heads=16  kv_dim=2048  o_dim=2048  ffn_dim=5504   seqlen=1522   qlen=1   cache=N lat=    0.004ms cycles≈4256
[pim-debug] segment total latency: 0.015 ms
========================================================================================
[pim-debug] segment_key=pim|decode|107|583a2f400a32ef30361deb25375d6d1d
[pim-debug] sig: device_type=pim phase=decode step=107 (count_hint=32)
[pim-debug] ops_repr: QK:1,Softmax:1,SV:1
[pim-debug] cfg: shard_policy='fine' shards=2 dim=4096 ffn_dim=11008 n_heads=32 n_kv_heads=auto->n_heads
[pim-debug] pim_config=/lustre/home/2501111916/workspace/XPUPIM_0226_gpupim_parameter/TriForm/algorithms/aim_simulator/PIM_AiM.json
[pim-debug] ramulator_config=/lustre/home/2501111916/workspace/XPUPIM_0226_gpupim_parameter/TriForm/algorithms/aim_simulator/example.yaml
[pim-debug] cost_model config.PIM_FREQ_GHZ=1.0
[pim-debug] op plan (logical shapes inferred from schedule cfg):
  - op#00  op=QK       shard=1   q=[16x1x128] + k=[16x128x1534]  ->  y=[16x1x1534]  (T=1, K=1534)
  - op#01  op=Softmax  shard=1   scores=[16x1x1534]  ->  y=[16x1x1534]  (T=1, K=1534)
  - op#02  op=SV       shard=1   p=[16x1x1534] + v=[16x1534x128]  ->  y=[16x1x128]  (T=1, K=1534)
[pim-debug] NOTE: CENT(AiM) trace backend internally uses x shape (1,1,dim) and handles prefill by repeating ops;
           the table below shows the *effective parameters* passed into cost_model_pim_backend for each op.
[pim-debug] op#00 op=QK       norm=score      sh=1  dim=4096  heads=16  hd=128 q_dim=2048  kv_heads=16  kv_dim=2048  o_dim=2048  ffn_dim=5504   seqlen=1534   qlen=1   cache=N lat=    0.005ms cycles≈5424
[pim-debug] op#01 op=Softmax  norm=softmax    sh=1  dim=4096  heads=16  hd=128 q_dim=2048  kv_heads=16  kv_dim=2048  o_dim=2048  ffn_dim=5504   seqlen=1534   qlen=1   cache=N lat=    0.005ms cycles≈5347
[pim-debug] op#02 op=SV       norm=output     sh=1  dim=4096  heads=16  hd=128 q_dim=2048  kv_heads=16  kv_dim=2048  o_dim=2048  ffn_dim=5504   seqlen=1534   qlen=1   cache=N lat=    0.004ms cycles≈4256
[pim-debug] segment total latency: 0.015 ms
========================================================================================
[pim-debug] segment_key=pim|decode|107|8d3c4a27f3148da54f43fbe5a8786c55
[pim-debug] sig: device_type=pim phase=decode step=107 (count_hint=32)
[pim-debug] ops_repr: QK:0,Softmax:0,SV:0
[pim-debug] cfg: shard_policy='fine' shards=2 dim=4096 ffn_dim=11008 n_heads=32 n_kv_heads=auto->n_heads
[pim-debug] pim_config=/lustre/home/2501111916/workspace/XPUPIM_0226_gpupim_parameter/TriForm/algorithms/aim_simulator/PIM_AiM.json
[pim-debug] ramulator_config=/lustre/home/2501111916/workspace/XPUPIM_0226_gpupim_parameter/TriForm/algorithms/aim_simulator/example.yaml
[pim-debug] cost_model config.PIM_FREQ_GHZ=1.0
[pim-debug] op plan (logical shapes inferred from schedule cfg):
  - op#00  op=QK       shard=0   q=[16x1x128] + k=[16x128x1534]  ->  y=[16x1x1534]  (T=1, K=1534)
  - op#01  op=Softmax  shard=0   scores=[16x1x1534]  ->  y=[16x1x1534]  (T=1, K=1534)
  - op#02  op=SV       shard=0   p=[16x1x1534] + v=[16x1534x128]  ->  y=[16x1x128]  (T=1, K=1534)
[pim-debug] NOTE: CENT(AiM) trace backend internally uses x shape (1,1,dim) and handles prefill by repeating ops;
           the table below shows the *effective parameters* passed into cost_model_pim_backend for each op.
[pim-debug] op#00 op=QK       norm=score      sh=0  dim=4096  heads=16  hd=128 q_dim=2048  kv_heads=16  kv_dim=2048  o_dim=2048  ffn_dim=5504   seqlen=1534   qlen=1   cache=N lat=    0.005ms cycles≈5424
[pim-debug] op#01 op=Softmax  norm=softmax    sh=0  dim=4096  heads=16  hd=128 q_dim=2048  kv_heads=16  kv_dim=2048  o_dim=2048  ffn_dim=5504   seqlen=1534   qlen=1   cache=N lat=    0.005ms cycles≈5347
[pim-debug] op#02 op=SV       norm=output     sh=0  dim=4096  heads=16  hd=128 q_dim=2048  kv_heads=16  kv_dim=2048  o_dim=2048  ffn_dim=5504   seqlen=1534   qlen=1   cache=N lat=    0.004ms cycles≈4256
[pim-debug] segment total latency: 0.015 ms
========================================================================================
[pim-debug] segment_key=pim|decode|108|583a2f400a32ef30361deb25375d6d1d
[pim-debug] sig: device_type=pim phase=decode step=108 (count_hint=32)
[pim-debug] ops_repr: QK:1,Softmax:1,SV:1
[pim-debug] cfg: shard_policy='fine' shards=2 dim=4096 ffn_dim=11008 n_heads=32 n_kv_heads=auto->n_heads
[pim-debug] pim_config=/lustre/home/2501111916/workspace/XPUPIM_0226_gpupim_parameter/TriForm/algorithms/aim_simulator/PIM_AiM.json
[pim-debug] ramulator_config=/lustre/home/2501111916/workspace/XPUPIM_0226_gpupim_parameter/TriForm/algorithms/aim_simulator/example.yaml
[pim-debug] cost_model config.PIM_FREQ_GHZ=1.0
[pim-debug] op plan (logical shapes inferred from schedule cfg):
  - op#00  op=QK       shard=1   q=[16x1x128] + k=[16x128x1546]  ->  y=[16x1x1546]  (T=1, K=1546)
  - op#01  op=Softmax  shard=1   scores=[16x1x1546]  ->  y=[16x1x1546]  (T=1, K=1546)
  - op#02  op=SV       shard=1   p=[16x1x1546] + v=[16x1546x128]  ->  y=[16x1x128]  (T=1, K=1546)
[pim-debug] NOTE: CENT(AiM) trace backend internally uses x shape (1,1,dim) and handles prefill by repeating ops;
           the table below shows the *effective parameters* passed into cost_model_pim_backend for each op.
[pim-debug] op#00 op=QK       norm=score      sh=1  dim=4096  heads=16  hd=128 q_dim=2048  kv_heads=16  kv_dim=2048  o_dim=2048  ffn_dim=5504   seqlen=1546   qlen=1   cache=N lat=    0.007ms cycles≈7232
[pim-debug] op#01 op=Softmax  norm=softmax    sh=1  dim=4096  heads=16  hd=128 q_dim=2048  kv_heads=16  kv_dim=2048  o_dim=2048  ffn_dim=5504   seqlen=1546   qlen=1   cache=N lat=    0.005ms cycles≈5399
[pim-debug] op#02 op=SV       norm=output     sh=1  dim=4096  heads=16  hd=128 q_dim=2048  kv_heads=16  kv_dim=2048  o_dim=2048  ffn_dim=5504   seqlen=1546   qlen=1   cache=N lat=    0.004ms cycles≈4274
[pim-debug] segment total latency: 0.017 ms
========================================================================================
[pim-debug] segment_key=pim|decode|108|8d3c4a27f3148da54f43fbe5a8786c55
[pim-debug] sig: device_type=pim phase=decode step=108 (count_hint=32)
[pim-debug] ops_repr: QK:0,Softmax:0,SV:0
[pim-debug] cfg: shard_policy='fine' shards=2 dim=4096 ffn_dim=11008 n_heads=32 n_kv_heads=auto->n_heads
[pim-debug] pim_config=/lustre/home/2501111916/workspace/XPUPIM_0226_gpupim_parameter/TriForm/algorithms/aim_simulator/PIM_AiM.json
[pim-debug] ramulator_config=/lustre/home/2501111916/workspace/XPUPIM_0226_gpupim_parameter/TriForm/algorithms/aim_simulator/example.yaml
[pim-debug] cost_model config.PIM_FREQ_GHZ=1.0
[pim-debug] op plan (logical shapes inferred from schedule cfg):
  - op#00  op=QK       shard=0   q=[16x1x128] + k=[16x128x1546]  ->  y=[16x1x1546]  (T=1, K=1546)
  - op#01  op=Softmax  shard=0   scores=[16x1x1546]  ->  y=[16x1x1546]  (T=1, K=1546)
  - op#02  op=SV       shard=0   p=[16x1x1546] + v=[16x1546x128]  ->  y=[16x1x128]  (T=1, K=1546)
[pim-debug] NOTE: CENT(AiM) trace backend internally uses x shape (1,1,dim) and handles prefill by repeating ops;
           the table below shows the *effective parameters* passed into cost_model_pim_backend for each op.
[pim-debug] op#00 op=QK       norm=score      sh=0  dim=4096  heads=16  hd=128 q_dim=2048  kv_heads=16  kv_dim=2048  o_dim=2048  ffn_dim=5504   seqlen=1546   qlen=1   cache=N lat=    0.007ms cycles≈7232
[pim-debug] op#01 op=Softmax  norm=softmax    sh=0  dim=4096  heads=16  hd=128 q_dim=2048  kv_heads=16  kv_dim=2048  o_dim=2048  ffn_dim=5504   seqlen=1546   qlen=1   cache=N lat=    0.005ms cycles≈5399
[pim-debug] op#02 op=SV       norm=output     sh=0  dim=4096  heads=16  hd=128 q_dim=2048  kv_heads=16  kv_dim=2048  o_dim=2048  ffn_dim=5504   seqlen=1546   qlen=1   cache=N lat=    0.004ms cycles≈4274
[pim-debug] segment total latency: 0.017 ms
========================================================================================
[pim-debug] segment_key=pim|decode|10|583a2f400a32ef30361deb25375d6d1d
[pim-debug] sig: device_type=pim phase=decode step=10 (count_hint=32)
[pim-debug] ops_repr: QK:1,Softmax:1,SV:1
[pim-debug] cfg: shard_policy='fine' shards=2 dim=4096 ffn_dim=11008 n_heads=32 n_kv_heads=auto->n_heads
[pim-debug] pim_config=/lustre/home/2501111916/workspace/XPUPIM_0226_gpupim_parameter/TriForm/algorithms/aim_simulator/PIM_AiM.json
[pim-debug] ramulator_config=/lustre/home/2501111916/workspace/XPUPIM_0226_gpupim_parameter/TriForm/algorithms/aim_simulator/example.yaml
[pim-debug] cost_model config.PIM_FREQ_GHZ=1.0
[pim-debug] op plan (logical shapes inferred from schedule cfg):
  - op#00  op=QK       shard=1   q=[16x1x128] + k=[16x128x370]  ->  y=[16x1x370]  (T=1, K=370)
  - op#01  op=Softmax  shard=1   scores=[16x1x370]  ->  y=[16x1x370]  (T=1, K=370)
  - op#02  op=SV       shard=1   p=[16x1x370] + v=[16x370x128]  ->  y=[16x1x128]  (T=1, K=370)
[pim-debug] NOTE: CENT(AiM) trace backend internally uses x shape (1,1,dim) and handles prefill by repeating ops;
           the table below shows the *effective parameters* passed into cost_model_pim_backend for each op.
[pim-debug] op#00 op=QK       norm=score      sh=1  dim=4096  heads=16  hd=128 q_dim=2048  kv_heads=16  kv_dim=2048  o_dim=2048  ffn_dim=5504   seqlen=370    qlen=1   cache=N lat=    0.002ms cycles≈1808
[pim-debug] op#01 op=Softmax  norm=softmax    sh=1  dim=4096  heads=16  hd=128 q_dim=2048  kv_heads=16  kv_dim=2048  o_dim=2048  ffn_dim=5504   seqlen=370    qlen=1   cache=N lat=    0.001ms cycles≈1327
[pim-debug] op#02 op=SV       norm=output     sh=1  dim=4096  heads=16  hd=128 q_dim=2048  kv_heads=16  kv_dim=2048  o_dim=2048  ffn_dim=5504   seqlen=370    qlen=1   cache=N lat=    0.002ms cycles≈1696
[pim-debug] segment total latency: 0.005 ms
========================================================================================
[pim-debug] segment_key=pim|decode|10|8d3c4a27f3148da54f43fbe5a8786c55
[pim-debug] sig: device_type=pim phase=decode step=10 (count_hint=32)
[pim-debug] ops_repr: QK:0,Softmax:0,SV:0
[pim-debug] cfg: shard_policy='fine' shards=2 dim=4096 ffn_dim=11008 n_heads=32 n_kv_heads=auto->n_heads
[pim-debug] pim_config=/lustre/home/2501111916/workspace/XPUPIM_0226_gpupim_parameter/TriForm/algorithms/aim_simulator/PIM_AiM.json
[pim-debug] ramulator_config=/lustre/home/2501111916/workspace/XPUPIM_0226_gpupim_parameter/TriForm/algorithms/aim_simulator/example.yaml
[pim-debug] cost_model config.PIM_FREQ_GHZ=1.0
[pim-debug] op plan (logical shapes inferred from schedule cfg):
  - op#00  op=QK       shard=0   q=[16x1x128] + k=[16x128x370]  ->  y=[16x1x370]  (T=1, K=370)
  - op#01  op=Softmax  shard=0   scores=[16x1x370]  ->  y=[16x1x370]  (T=1, K=370)
  - op#02  op=SV       shard=0   p=[16x1x370] + v=[16x370x128]  ->  y=[16x1x128]  (T=1, K=370)
[pim-debug] NOTE: CENT(AiM) trace backend internally uses x shape (1,1,dim) and handles prefill by repeating ops;
           the table below shows the *effective parameters* passed into cost_model_pim_backend for each op.
[pim-debug] op#00 op=QK       norm=score      sh=0  dim=4096  heads=16  hd=128 q_dim=2048  kv_heads=16  kv_dim=2048  o_dim=2048  ffn_dim=5504   seqlen=370    qlen=1   cache=N lat=    0.002ms cycles≈1808
[pim-debug] op#01 op=Softmax  norm=softmax    sh=0  dim=4096  heads=16  hd=128 q_dim=2048  kv_heads=16  kv_dim=2048  o_dim=2048  ffn_dim=5504   seqlen=370    qlen=1   cache=N lat=    0.001ms cycles≈1327
[pim-debug] op#02 op=SV       norm=output     sh=0  dim=4096  heads=16  hd=128 q_dim=2048  kv_heads=16  kv_dim=2048  o_dim=2048  ffn_dim=5504   seqlen=370    qlen=1   cache=N lat=    0.002ms cycles≈1696
[pim-debug] segment total latency: 0.005 ms
========================================================================================
[pim-debug] segment_key=pim|decode|11|583a2f400a32ef30361deb25375d6d1d
[pim-debug] sig: device_type=pim phase=decode step=11 (count_hint=32)
[pim-debug] ops_repr: QK:1,Softmax:1,SV:1
[pim-debug] cfg: shard_policy='fine' shards=2 dim=4096 ffn_dim=11008 n_heads=32 n_kv_heads=auto->n_heads
[pim-debug] pim_config=/lustre/home/2501111916/workspace/XPUPIM_0226_gpupim_parameter/TriForm/algorithms/aim_simulator/PIM_AiM.json
[pim-debug] ramulator_config=/lustre/home/2501111916/workspace/XPUPIM_0226_gpupim_parameter/TriForm/algorithms/aim_simulator/example.yaml
[pim-debug] cost_model config.PIM_FREQ_GHZ=1.0
[pim-debug] op plan (logical shapes inferred from schedule cfg):
  - op#00  op=QK       shard=1   q=[16x1x128] + k=[16x128x382]  ->  y=[16x1x382]  (T=1, K=382)
  - op#01  op=Softmax  shard=1   scores=[16x1x382]  ->  y=[16x1x382]  (T=1, K=382)
  - op#02  op=SV       shard=1   p=[16x1x382] + v=[16x382x128]  ->  y=[16x1x128]  (T=1, K=382)
[pim-debug] NOTE: CENT(AiM) trace backend internally uses x shape (1,1,dim) and handles prefill by repeating ops;
           the table below shows the *effective parameters* passed into cost_model_pim_backend for each op.
[pim-debug] op#00 op=QK       norm=score      sh=1  dim=4096  heads=16  hd=128 q_dim=2048  kv_heads=16  kv_dim=2048  o_dim=2048  ffn_dim=5504   seqlen=382    qlen=1   cache=N lat=    0.002ms cycles≈1808
[pim-debug] op#01 op=Softmax  norm=softmax    sh=1  dim=4096  heads=16  hd=128 q_dim=2048  kv_heads=16  kv_dim=2048  o_dim=2048  ffn_dim=5504   seqlen=382    qlen=1   cache=N lat=    0.001ms cycles≈1327
[pim-debug] op#02 op=SV       norm=output     sh=1  dim=4096  heads=16  hd=128 q_dim=2048  kv_heads=16  kv_dim=2048  o_dim=2048  ffn_dim=5504   seqlen=382    qlen=1   cache=N lat=    0.002ms cycles≈1696
[pim-debug] segment total latency: 0.005 ms
========================================================================================
[pim-debug] segment_key=pim|decode|11|8d3c4a27f3148da54f43fbe5a8786c55
[pim-debug] sig: device_type=pim phase=decode step=11 (count_hint=32)
[pim-debug] ops_repr: QK:0,Softmax:0,SV:0
[pim-debug] cfg: shard_policy='fine' shards=2 dim=4096 ffn_dim=11008 n_heads=32 n_kv_heads=auto->n_heads
[pim-debug] pim_config=/lustre/home/2501111916/workspace/XPUPIM_0226_gpupim_parameter/TriForm/algorithms/aim_simulator/PIM_AiM.json
[pim-debug] ramulator_config=/lustre/home/2501111916/workspace/XPUPIM_0226_gpupim_parameter/TriForm/algorithms/aim_simulator/example.yaml
[pim-debug] cost_model config.PIM_FREQ_GHZ=1.0
[pim-debug] op plan (logical shapes inferred from schedule cfg):
  - op#00  op=QK       shard=0   q=[16x1x128] + k=[16x128x382]  ->  y=[16x1x382]  (T=1, K=382)
  - op#01  op=Softmax  shard=0   scores=[16x1x382]  ->  y=[16x1x382]  (T=1, K=382)
  - op#02  op=SV       shard=0   p=[16x1x382] + v=[16x382x128]  ->  y=[16x1x128]  (T=1, K=382)
[pim-debug] NOTE: CENT(AiM) trace backend internally uses x shape (1,1,dim) and handles prefill by repeating ops;
           the table below shows the *effective parameters* passed into cost_model_pim_backend for each op.
[pim-debug] op#00 op=QK       norm=score      sh=0  dim=4096  heads=16  hd=128 q_dim=2048  kv_heads=16  kv_dim=2048  o_dim=2048  ffn_dim=5504   seqlen=382    qlen=1   cache=N lat=    0.002ms cycles≈1808
[pim-debug] op#01 op=Softmax  norm=softmax    sh=0  dim=4096  heads=16  hd=128 q_dim=2048  kv_heads=16  kv_dim=2048  o_dim=2048  ffn_dim=5504   seqlen=382    qlen=1   cache=N lat=    0.001ms cycles≈1327
[pim-debug] op#02 op=SV       norm=output     sh=0  dim=4096  heads=16  hd=128 q_dim=2048  kv_heads=16  kv_dim=2048  o_dim=2048  ffn_dim=5504   seqlen=382    qlen=1   cache=N lat=    0.002ms cycles≈1696
[pim-debug] segment total latency: 0.005 ms
========================================================================================
[pim-debug] segment_key=pim|decode|12|583a2f400a32ef30361deb25375d6d1d
[pim-debug] sig: device_type=pim phase=decode step=12 (count_hint=32)
[pim-debug] ops_repr: QK:1,Softmax:1,SV:1
[pim-debug] cfg: shard_policy='fine' shards=2 dim=4096 ffn_dim=11008 n_heads=32 n_kv_heads=auto->n_heads
[pim-debug] pim_config=/lustre/home/2501111916/workspace/XPUPIM_0226_gpupim_parameter/TriForm/algorithms/aim_simulator/PIM_AiM.json
[pim-debug] ramulator_config=/lustre/home/2501111916/workspace/XPUPIM_0226_gpupim_parameter/TriForm/algorithms/aim_simulator/example.yaml
[pim-debug] cost_model config.PIM_FREQ_GHZ=1.0
[pim-debug] op plan (logical shapes inferred from schedule cfg):
  - op#00  op=QK       shard=1   q=[16x1x128] + k=[16x128x394]  ->  y=[16x1x394]  (T=1, K=394)
  - op#01  op=Softmax  shard=1   scores=[16x1x394]  ->  y=[16x1x394]  (T=1, K=394)
  - op#02  op=SV       shard=1   p=[16x1x394] + v=[16x394x128]  ->  y=[16x1x128]  (T=1, K=394)
[pim-debug] NOTE: CENT(AiM) trace backend internally uses x shape (1,1,dim) and handles prefill by repeating ops;
           the table below shows the *effective parameters* passed into cost_model_pim_backend for each op.
[pim-debug] op#00 op=QK       norm=score      sh=1  dim=4096  heads=16  hd=128 q_dim=2048  kv_heads=16  kv_dim=2048  o_dim=2048  ffn_dim=5504   seqlen=394    qlen=1   cache=N lat=    0.002ms cycles≈1808
[pim-debug] op#01 op=Softmax  norm=softmax    sh=1  dim=4096  heads=16  hd=128 q_dim=2048  kv_heads=16  kv_dim=2048  o_dim=2048  ffn_dim=5504   seqlen=394    qlen=1   cache=N lat=    0.001ms cycles≈1379
[pim-debug] op#02 op=SV       norm=output     sh=1  dim=4096  heads=16  hd=128 q_dim=2048  kv_heads=16  kv_dim=2048  o_dim=2048  ffn_dim=5504   seqlen=394    qlen=1   cache=N lat=    0.002ms cycles≈1714
[pim-debug] segment total latency: 0.005 ms
========================================================================================
[pim-debug] segment_key=pim|decode|12|8d3c4a27f3148da54f43fbe5a8786c55
[pim-debug] sig: device_type=pim phase=decode step=12 (count_hint=32)
[pim-debug] ops_repr: QK:0,Softmax:0,SV:0
[pim-debug] cfg: shard_policy='fine' shards=2 dim=4096 ffn_dim=11008 n_heads=32 n_kv_heads=auto->n_heads
[pim-debug] pim_config=/lustre/home/2501111916/workspace/XPUPIM_0226_gpupim_parameter/TriForm/algorithms/aim_simulator/PIM_AiM.json
[pim-debug] ramulator_config=/lustre/home/2501111916/workspace/XPUPIM_0226_gpupim_parameter/TriForm/algorithms/aim_simulator/example.yaml
[pim-debug] cost_model config.PIM_FREQ_GHZ=1.0
[pim-debug] op plan (logical shapes inferred from schedule cfg):
  - op#00  op=QK       shard=0   q=[16x1x128] + k=[16x128x394]  ->  y=[16x1x394]  (T=1, K=394)
  - op#01  op=Softmax  shard=0   scores=[16x1x394]  ->  y=[16x1x394]  (T=1, K=394)
  - op#02  op=SV       shard=0   p=[16x1x394] + v=[16x394x128]  ->  y=[16x1x128]  (T=1, K=394)
[pim-debug] NOTE: CENT(AiM) trace backend internally uses x shape (1,1,dim) and handles prefill by repeating ops;
           the table below shows the *effective parameters* passed into cost_model_pim_backend for each op.
[pim-debug] op#00 op=QK       norm=score      sh=0  dim=4096  heads=16  hd=128 q_dim=2048  kv_heads=16  kv_dim=2048  o_dim=2048  ffn_dim=5504   seqlen=394    qlen=1   cache=N lat=    0.002ms cycles≈1808
[pim-debug] op#01 op=Softmax  norm=softmax    sh=0  dim=4096  heads=16  hd=128 q_dim=2048  kv_heads=16  kv_dim=2048  o_dim=2048  ffn_dim=5504   seqlen=394    qlen=1   cache=N lat=    0.001ms cycles≈1379
[pim-debug] op#02 op=SV       norm=output     sh=0  dim=4096  heads=16  hd=128 q_dim=2048  kv_heads=16  kv_dim=2048  o_dim=2048  ffn_dim=5504   seqlen=394    qlen=1   cache=N lat=    0.002ms cycles≈1714
[pim-debug] segment total latency: 0.005 ms
========================================================================================
[pim-debug] segment_key=pim|decode|13|583a2f400a32ef30361deb25375d6d1d
[pim-debug] sig: device_type=pim phase=decode step=13 (count_hint=32)
[pim-debug] ops_repr: QK:1,Softmax:1,SV:1
[pim-debug] cfg: shard_policy='fine' shards=2 dim=4096 ffn_dim=11008 n_heads=32 n_kv_heads=auto->n_heads
[pim-debug] pim_config=/lustre/home/2501111916/workspace/XPUPIM_0226_gpupim_parameter/TriForm/algorithms/aim_simulator/PIM_AiM.json
[pim-debug] ramulator_config=/lustre/home/2501111916/workspace/XPUPIM_0226_gpupim_parameter/TriForm/algorithms/aim_simulator/example.yaml
[pim-debug] cost_model config.PIM_FREQ_GHZ=1.0
[pim-debug] op plan (logical shapes inferred from schedule cfg):
  - op#00  op=QK       shard=1   q=[16x1x128] + k=[16x128x406]  ->  y=[16x1x406]  (T=1, K=406)
  - op#01  op=Softmax  shard=1   scores=[16x1x406]  ->  y=[16x1x406]  (T=1, K=406)
  - op#02  op=SV       shard=1   p=[16x1x406] + v=[16x406x128]  ->  y=[16x1x128]  (T=1, K=406)
[pim-debug] NOTE: CENT(AiM) trace backend internally uses x shape (1,1,dim) and handles prefill by repeating ops;
           the table below shows the *effective parameters* passed into cost_model_pim_backend for each op.
[pim-debug] op#00 op=QK       norm=score      sh=1  dim=4096  heads=16  hd=128 q_dim=2048  kv_heads=16  kv_dim=2048  o_dim=2048  ffn_dim=5504   seqlen=406    qlen=1   cache=N lat=    0.002ms cycles≈1808
[pim-debug] op#01 op=Softmax  norm=softmax    sh=1  dim=4096  heads=16  hd=128 q_dim=2048  kv_heads=16  kv_dim=2048  o_dim=2048  ffn_dim=5504   seqlen=406    qlen=1   cache=N lat=    0.001ms cycles≈1431
[pim-debug] op#02 op=SV       norm=output     sh=1  dim=4096  heads=16  hd=128 q_dim=2048  kv_heads=16  kv_dim=2048  o_dim=2048  ffn_dim=5504   seqlen=406    qlen=1   cache=N lat=    0.002ms cycles≈1732
[pim-debug] segment total latency: 0.005 ms
========================================================================================
[pim-debug] segment_key=pim|decode|13|8d3c4a27f3148da54f43fbe5a8786c55
[pim-debug] sig: device_type=pim phase=decode step=13 (count_hint=32)
[pim-debug] ops_repr: QK:0,Softmax:0,SV:0
[pim-debug] cfg: shard_policy='fine' shards=2 dim=4096 ffn_dim=11008 n_heads=32 n_kv_heads=auto->n_heads
[pim-debug] pim_config=/lustre/home/2501111916/workspace/XPUPIM_0226_gpupim_parameter/TriForm/algorithms/aim_simulator/PIM_AiM.json
[pim-debug] ramulator_config=/lustre/home/2501111916/workspace/XPUPIM_0226_gpupim_parameter/TriForm/algorithms/aim_simulator/example.yaml
[pim-debug] cost_model config.PIM_FREQ_GHZ=1.0
[pim-debug] op plan (logical shapes inferred from schedule cfg):
  - op#00  op=QK       shard=0   q=[16x1x128] + k=[16x128x406]  ->  y=[16x1x406]  (T=1, K=406)
  - op#01  op=Softmax  shard=0   scores=[16x1x406]  ->  y=[16x1x406]  (T=1, K=406)
  - op#02  op=SV       shard=0   p=[16x1x406] + v=[16x406x128]  ->  y=[16x1x128]  (T=1, K=406)
[pim-debug] NOTE: CENT(AiM) trace backend internally uses x shape (1,1,dim) and handles prefill by repeating ops;
           the table below shows the *effective parameters* passed into cost_model_pim_backend for each op.
[pim-debug] op#00 op=QK       norm=score      sh=0  dim=4096  heads=16  hd=128 q_dim=2048  kv_heads=16  kv_dim=2048  o_dim=2048  ffn_dim=5504   seqlen=406    qlen=1   cache=N lat=    0.002ms cycles≈1808
[pim-debug] op#01 op=Softmax  norm=softmax    sh=0  dim=4096  heads=16  hd=128 q_dim=2048  kv_heads=16  kv_dim=2048  o_dim=2048  ffn_dim=5504   seqlen=406    qlen=1   cache=N lat=    0.001ms cycles≈1431
[pim-debug] op#02 op=SV       norm=output     sh=0  dim=4096  heads=16  hd=128 q_dim=2048  kv_heads=16  kv_dim=2048  o_dim=2048  ffn_dim=5504   seqlen=406    qlen=1   cache=N lat=    0.002ms cycles≈1732
[pim-debug] segment total latency: 0.005 ms
========================================================================================
[pim-debug] segment_key=pim|decode|14|583a2f400a32ef30361deb25375d6d1d
[pim-debug] sig: device_type=pim phase=decode step=14 (count_hint=32)
[pim-debug] ops_repr: QK:1,Softmax:1,SV:1
[pim-debug] cfg: shard_policy='fine' shards=2 dim=4096 ffn_dim=11008 n_heads=32 n_kv_heads=auto->n_heads
[pim-debug] pim_config=/lustre/home/2501111916/workspace/XPUPIM_0226_gpupim_parameter/TriForm/algorithms/aim_simulator/PIM_AiM.json
[pim-debug] ramulator_config=/lustre/home/2501111916/workspace/XPUPIM_0226_gpupim_parameter/TriForm/algorithms/aim_simulator/example.yaml
[pim-debug] cost_model config.PIM_FREQ_GHZ=1.0
[pim-debug] op plan (logical shapes inferred from schedule cfg):
  - op#00  op=QK       shard=1   q=[16x1x128] + k=[16x128x418]  ->  y=[16x1x418]  (T=1, K=418)
  - op#01  op=Softmax  shard=1   scores=[16x1x418]  ->  y=[16x1x418]  (T=1, K=418)
  - op#02  op=SV       shard=1   p=[16x1x418] + v=[16x418x128]  ->  y=[16x1x128]  (T=1, K=418)
[pim-debug] NOTE: CENT(AiM) trace backend internally uses x shape (1,1,dim) and handles prefill by repeating ops;
           the table below shows the *effective parameters* passed into cost_model_pim_backend for each op.
[pim-debug] op#00 op=QK       norm=score      sh=1  dim=4096  heads=16  hd=128 q_dim=2048  kv_heads=16  kv_dim=2048  o_dim=2048  ffn_dim=5504   seqlen=418    qlen=1   cache=N lat=    0.002ms cycles≈1808
[pim-debug] op#01 op=Softmax  norm=softmax    sh=1  dim=4096  heads=16  hd=128 q_dim=2048  kv_heads=16  kv_dim=2048  o_dim=2048  ffn_dim=5504   seqlen=418    qlen=1   cache=N lat=    0.001ms cycles≈1483
[pim-debug] op#02 op=SV       norm=output     sh=1  dim=4096  heads=16  hd=128 q_dim=2048  kv_heads=16  kv_dim=2048  o_dim=2048  ffn_dim=5504   seqlen=418    qlen=1   cache=N lat=    0.002ms cycles≈1750
[pim-debug] segment total latency: 0.005 ms
========================================================================================
[pim-debug] segment_key=pim|decode|14|8d3c4a27f3148da54f43fbe5a8786c55
[pim-debug] sig: device_type=pim phase=decode step=14 (count_hint=32)
[pim-debug] ops_repr: QK:0,Softmax:0,SV:0
[pim-debug] cfg: shard_policy='fine' shards=2 dim=4096 ffn_dim=11008 n_heads=32 n_kv_heads=auto->n_heads
[pim-debug] pim_config=/lustre/home/2501111916/workspace/XPUPIM_0226_gpupim_parameter/TriForm/algorithms/aim_simulator/PIM_AiM.json
[pim-debug] ramulator_config=/lustre/home/2501111916/workspace/XPUPIM_0226_gpupim_parameter/TriForm/algorithms/aim_simulator/example.yaml
[pim-debug] cost_model config.PIM_FREQ_GHZ=1.0
[pim-debug] op plan (logical shapes inferred from schedule cfg):
  - op#00  op=QK       shard=0   q=[16x1x128] + k=[16x128x418]  ->  y=[16x1x418]  (T=1, K=418)
  - op#01  op=Softmax  shard=0   scores=[16x1x418]  ->  y=[16x1x418]  (T=1, K=418)
  - op#02  op=SV       shard=0   p=[16x1x418] + v=[16x418x128]  ->  y=[16x1x128]  (T=1, K=418)
[pim-debug] NOTE: CENT(AiM) trace backend internally uses x shape (1,1,dim) and handles prefill by repeating ops;
           the table below shows the *effective parameters* passed into cost_model_pim_backend for each op.
[pim-debug] op#00 op=QK       norm=score      sh=0  dim=4096  heads=16  hd=128 q_dim=2048  kv_heads=16  kv_dim=2048  o_dim=2048  ffn_dim=5504   seqlen=418    qlen=1   cache=N lat=    0.002ms cycles≈1808
[pim-debug] op#01 op=Softmax  norm=softmax    sh=0  dim=4096  heads=16  hd=128 q_dim=2048  kv_heads=16  kv_dim=2048  o_dim=2048  ffn_dim=5504   seqlen=418    qlen=1   cache=N lat=    0.001ms cycles≈1483
[pim-debug] op#02 op=SV       norm=output     sh=0  dim=4096  heads=16  hd=128 q_dim=2048  kv_heads=16  kv_dim=2048  o_dim=2048  ffn_dim=5504   seqlen=418    qlen=1   cache=N lat=    0.002ms cycles≈1750
[pim-debug] segment total latency: 0.005 ms
========================================================================================
[pim-debug] segment_key=pim|decode|15|583a2f400a32ef30361deb25375d6d1d
[pim-debug] sig: device_type=pim phase=decode step=15 (count_hint=32)
[pim-debug] ops_repr: QK:1,Softmax:1,SV:1
[pim-debug] cfg: shard_policy='fine' shards=2 dim=4096 ffn_dim=11008 n_heads=32 n_kv_heads=auto->n_heads
[pim-debug] pim_config=/lustre/home/2501111916/workspace/XPUPIM_0226_gpupim_parameter/TriForm/algorithms/aim_simulator/PIM_AiM.json
[pim-debug] ramulator_config=/lustre/home/2501111916/workspace/XPUPIM_0226_gpupim_parameter/TriForm/algorithms/aim_simulator/example.yaml
[pim-debug] cost_model config.PIM_FREQ_GHZ=1.0
[pim-debug] op plan (logical shapes inferred from schedule cfg):
  - op#00  op=QK       shard=1   q=[16x1x128] + k=[16x128x430]  ->  y=[16x1x430]  (T=1, K=430)
  - op#01  op=Softmax  shard=1   scores=[16x1x430]  ->  y=[16x1x430]  (T=1, K=430)
  - op#02  op=SV       shard=1   p=[16x1x430] + v=[16x430x128]  ->  y=[16x1x128]  (T=1, K=430)
[pim-debug] NOTE: CENT(AiM) trace backend internally uses x shape (1,1,dim) and handles prefill by repeating ops;
           the table below shows the *effective parameters* passed into cost_model_pim_backend for each op.
[pim-debug] op#00 op=QK       norm=score      sh=1  dim=4096  heads=16  hd=128 q_dim=2048  kv_heads=16  kv_dim=2048  o_dim=2048  ffn_dim=5504   seqlen=430    qlen=1   cache=N lat=    0.002ms cycles≈1808
[pim-debug] op#01 op=Softmax  norm=softmax    sh=1  dim=4096  heads=16  hd=128 q_dim=2048  kv_heads=16  kv_dim=2048  o_dim=2048  ffn_dim=5504   seqlen=430    qlen=1   cache=N lat=    0.001ms cycles≈1483
[pim-debug] op#02 op=SV       norm=output     sh=1  dim=4096  heads=16  hd=128 q_dim=2048  kv_heads=16  kv_dim=2048  o_dim=2048  ffn_dim=5504   seqlen=430    qlen=1   cache=N lat=    0.002ms cycles≈1750
[pim-debug] segment total latency: 0.005 ms
========================================================================================
[pim-debug] segment_key=pim|decode|15|8d3c4a27f3148da54f43fbe5a8786c55
[pim-debug] sig: device_type=pim phase=decode step=15 (count_hint=32)
[pim-debug] ops_repr: QK:0,Softmax:0,SV:0
[pim-debug] cfg: shard_policy='fine' shards=2 dim=4096 ffn_dim=11008 n_heads=32 n_kv_heads=auto->n_heads
[pim-debug] pim_config=/lustre/home/2501111916/workspace/XPUPIM_0226_gpupim_parameter/TriForm/algorithms/aim_simulator/PIM_AiM.json
[pim-debug] ramulator_config=/lustre/home/2501111916/workspace/XPUPIM_0226_gpupim_parameter/TriForm/algorithms/aim_simulator/example.yaml
[pim-debug] cost_model config.PIM_FREQ_GHZ=1.0
[pim-debug] op plan (logical shapes inferred from schedule cfg):
  - op#00  op=QK       shard=0   q=[16x1x128] + k=[16x128x430]  ->  y=[16x1x430]  (T=1, K=430)
  - op#01  op=Softmax  shard=0   scores=[16x1x430]  ->  y=[16x1x430]  (T=1, K=430)
  - op#02  op=SV       shard=0   p=[16x1x430] + v=[16x430x128]  ->  y=[16x1x128]  (T=1, K=430)
[pim-debug] NOTE: CENT(AiM) trace backend internally uses x shape (1,1,dim) and handles prefill by repeating ops;
           the table below shows the *effective parameters* passed into cost_model_pim_backend for each op.
[pim-debug] op#00 op=QK       norm=score      sh=0  dim=4096  heads=16  hd=128 q_dim=2048  kv_heads=16  kv_dim=2048  o_dim=2048  ffn_dim=5504   seqlen=430    qlen=1   cache=N lat=    0.002ms cycles≈1808
[pim-debug] op#01 op=Softmax  norm=softmax    sh=0  dim=4096  heads=16  hd=128 q_dim=2048  kv_heads=16  kv_dim=2048  o_dim=2048  ffn_dim=5504   seqlen=430    qlen=1   cache=N lat=    0.001ms cycles≈1483
[pim-debug] op#02 op=SV       norm=output     sh=0  dim=4096  heads=16  hd=128 q_dim=2048  kv_heads=16  kv_dim=2048  o_dim=2048  ffn_dim=5504   seqlen=430    qlen=1   cache=N lat=    0.002ms cycles≈1750
[pim-debug] segment total latency: 0.005 ms
========================================================================================
[pim-debug] segment_key=pim|decode|16|583a2f400a32ef30361deb25375d6d1d
[pim-debug] sig: device_type=pim phase=decode step=16 (count_hint=32)
[pim-debug] ops_repr: QK:1,Softmax:1,SV:1
[pim-debug] cfg: shard_policy='fine' shards=2 dim=4096 ffn_dim=11008 n_heads=32 n_kv_heads=auto->n_heads
[pim-debug] pim_config=/lustre/home/2501111916/workspace/XPUPIM_0226_gpupim_parameter/TriForm/algorithms/aim_simulator/PIM_AiM.json
[pim-debug] ramulator_config=/lustre/home/2501111916/workspace/XPUPIM_0226_gpupim_parameter/TriForm/algorithms/aim_simulator/example.yaml
[pim-debug] cost_model config.PIM_FREQ_GHZ=1.0
[pim-debug] op plan (logical shapes inferred from schedule cfg):
  - op#00  op=QK       shard=1   q=[16x1x128] + k=[16x128x442]  ->  y=[16x1x442]  (T=1, K=442)
  - op#01  op=Softmax  shard=1   scores=[16x1x442]  ->  y=[16x1x442]  (T=1, K=442)
  - op#02  op=SV       shard=1   p=[16x1x442] + v=[16x442x128]  ->  y=[16x1x128]  (T=1, K=442)
[pim-debug] NOTE: CENT(AiM) trace backend internally uses x shape (1,1,dim) and handles prefill by repeating ops;
           the table below shows the *effective parameters* passed into cost_model_pim_backend for each op.
[pim-debug] op#00 op=QK       norm=score      sh=1  dim=4096  heads=16  hd=128 q_dim=2048  kv_heads=16  kv_dim=2048  o_dim=2048  ffn_dim=5504   seqlen=442    qlen=1   cache=N lat=    0.002ms cycles≈1808
[pim-debug] op#01 op=Softmax  norm=softmax    sh=1  dim=4096  heads=16  hd=128 q_dim=2048  kv_heads=16  kv_dim=2048  o_dim=2048  ffn_dim=5504   seqlen=442    qlen=1   cache=N lat=    0.002ms cycles≈1535
[pim-debug] op#02 op=SV       norm=output     sh=1  dim=4096  heads=16  hd=128 q_dim=2048  kv_heads=16  kv_dim=2048  o_dim=2048  ffn_dim=5504   seqlen=442    qlen=1   cache=N lat=    0.002ms cycles≈1768
[pim-debug] segment total latency: 0.005 ms
========================================================================================
[pim-debug] segment_key=pim|decode|16|8d3c4a27f3148da54f43fbe5a8786c55
[pim-debug] sig: device_type=pim phase=decode step=16 (count_hint=32)
[pim-debug] ops_repr: QK:0,Softmax:0,SV:0
[pim-debug] cfg: shard_policy='fine' shards=2 dim=4096 ffn_dim=11008 n_heads=32 n_kv_heads=auto->n_heads
[pim-debug] pim_config=/lustre/home/2501111916/workspace/XPUPIM_0226_gpupim_parameter/TriForm/algorithms/aim_simulator/PIM_AiM.json
[pim-debug] ramulator_config=/lustre/home/2501111916/workspace/XPUPIM_0226_gpupim_parameter/TriForm/algorithms/aim_simulator/example.yaml
[pim-debug] cost_model config.PIM_FREQ_GHZ=1.0
[pim-debug] op plan (logical shapes inferred from schedule cfg):
  - op#00  op=QK       shard=0   q=[16x1x128] + k=[16x128x442]  ->  y=[16x1x442]  (T=1, K=442)
  - op#01  op=Softmax  shard=0   scores=[16x1x442]  ->  y=[16x1x442]  (T=1, K=442)
  - op#02  op=SV       shard=0   p=[16x1x442] + v=[16x442x128]  ->  y=[16x1x128]  (T=1, K=442)
[pim-debug] NOTE: CENT(AiM) trace backend internally uses x shape (1,1,dim) and handles prefill by repeating ops;
           the table below shows the *effective parameters* passed into cost_model_pim_backend for each op.
[pim-debug] op#00 op=QK       norm=score      sh=0  dim=4096  heads=16  hd=128 q_dim=2048  kv_heads=16  kv_dim=2048  o_dim=2048  ffn_dim=5504   seqlen=442    qlen=1   cache=N lat=    0.002ms cycles≈1808
[pim-debug] op#01 op=Softmax  norm=softmax    sh=0  dim=4096  heads=16  hd=128 q_dim=2048  kv_heads=16  kv_dim=2048  o_dim=2048  ffn_dim=5504   seqlen=442    qlen=1   cache=N lat=    0.002ms cycles≈1535
[pim-debug] op#02 op=SV       norm=output     sh=0  dim=4096  heads=16  hd=128 q_dim=2048  kv_heads=16  kv_dim=2048  o_dim=2048  ffn_dim=5504   seqlen=442    qlen=1   cache=N lat=    0.002ms cycles≈1768
[pim-debug] segment total latency: 0.005 ms
========================================================================================
[pim-debug] segment_key=pim|decode|17|583a2f400a32ef30361deb25375d6d1d
[pim-debug] sig: device_type=pim phase=decode step=17 (count_hint=32)
[pim-debug] ops_repr: QK:1,Softmax:1,SV:1
[pim-debug] cfg: shard_policy='fine' shards=2 dim=4096 ffn_dim=11008 n_heads=32 n_kv_heads=auto->n_heads
[pim-debug] pim_config=/lustre/home/2501111916/workspace/XPUPIM_0226_gpupim_parameter/TriForm/algorithms/aim_simulator/PIM_AiM.json
[pim-debug] ramulator_config=/lustre/home/2501111916/workspace/XPUPIM_0226_gpupim_parameter/TriForm/algorithms/aim_simulator/example.yaml
[pim-debug] cost_model config.PIM_FREQ_GHZ=1.0
[pim-debug] op plan (logical shapes inferred from schedule cfg):
  - op#00  op=QK       shard=1   q=[16x1x128] + k=[16x128x454]  ->  y=[16x1x454]  (T=1, K=454)
  - op#01  op=Softmax  shard=1   scores=[16x1x454]  ->  y=[16x1x454]  (T=1, K=454)
  - op#02  op=SV       shard=1   p=[16x1x454] + v=[16x454x128]  ->  y=[16x1x128]  (T=1, K=454)
[pim-debug] NOTE: CENT(AiM) trace backend internally uses x shape (1,1,dim) and handles prefill by repeating ops;
           the table below shows the *effective parameters* passed into cost_model_pim_backend for each op.
[pim-debug] op#00 op=QK       norm=score      sh=1  dim=4096  heads=16  hd=128 q_dim=2048  kv_heads=16  kv_dim=2048  o_dim=2048  ffn_dim=5504   seqlen=454    qlen=1   cache=N lat=    0.002ms cycles≈1808
[pim-debug] op#01 op=Softmax  norm=softmax    sh=1  dim=4096  heads=16  hd=128 q_dim=2048  kv_heads=16  kv_dim=2048  o_dim=2048  ffn_dim=5504   seqlen=454    qlen=1   cache=N lat=    0.002ms cycles≈1587
[pim-debug] op#02 op=SV       norm=output     sh=1  dim=4096  heads=16  hd=128 q_dim=2048  kv_heads=16  kv_dim=2048  o_dim=2048  ffn_dim=5504   seqlen=454    qlen=1   cache=N lat=    0.002ms cycles≈1786
[pim-debug] segment total latency: 0.005 ms
========================================================================================
[pim-debug] segment_key=pim|decode|17|8d3c4a27f3148da54f43fbe5a8786c55
[pim-debug] sig: device_type=pim phase=decode step=17 (count_hint=32)
[pim-debug] ops_repr: QK:0,Softmax:0,SV:0
[pim-debug] cfg: shard_policy='fine' shards=2 dim=4096 ffn_dim=11008 n_heads=32 n_kv_heads=auto->n_heads
[pim-debug] pim_config=/lustre/home/2501111916/workspace/XPUPIM_0226_gpupim_parameter/TriForm/algorithms/aim_simulator/PIM_AiM.json
[pim-debug] ramulator_config=/lustre/home/2501111916/workspace/XPUPIM_0226_gpupim_parameter/TriForm/algorithms/aim_simulator/example.yaml
[pim-debug] cost_model config.PIM_FREQ_GHZ=1.0
[pim-debug] op plan (logical shapes inferred from schedule cfg):
  - op#00  op=QK       shard=0   q=[16x1x128] + k=[16x128x454]  ->  y=[16x1x454]  (T=1, K=454)
  - op#01  op=Softmax  shard=0   scores=[16x1x454]  ->  y=[16x1x454]  (T=1, K=454)
  - op#02  op=SV       shard=0   p=[16x1x454] + v=[16x454x128]  ->  y=[16x1x128]  (T=1, K=454)
[pim-debug] NOTE: CENT(AiM) trace backend internally uses x shape (1,1,dim) and handles prefill by repeating ops;
           the table below shows the *effective parameters* passed into cost_model_pim_backend for each op.
[pim-debug] op#00 op=QK       norm=score      sh=0  dim=4096  heads=16  hd=128 q_dim=2048  kv_heads=16  kv_dim=2048  o_dim=2048  ffn_dim=5504   seqlen=454    qlen=1   cache=N lat=    0.002ms cycles≈1808
[pim-debug] op#01 op=Softmax  norm=softmax    sh=0  dim=4096  heads=16  hd=128 q_dim=2048  kv_heads=16  kv_dim=2048  o_dim=2048  ffn_dim=5504   seqlen=454    qlen=1   cache=N lat=    0.002ms cycles≈1587
[pim-debug] op#02 op=SV       norm=output     sh=0  dim=4096  heads=16  hd=128 q_dim=2048  kv_heads=16  kv_dim=2048  o_dim=2048  ffn_dim=5504   seqlen=454    qlen=1   cache=N lat=    0.002ms cycles≈1786
[pim-debug] segment total latency: 0.005 ms
========================================================================================
[pim-debug] segment_key=pim|decode|18|583a2f400a32ef30361deb25375d6d1d
[pim-debug] sig: device_type=pim phase=decode step=18 (count_hint=32)
[pim-debug] ops_repr: QK:1,Softmax:1,SV:1
[pim-debug] cfg: shard_policy='fine' shards=2 dim=4096 ffn_dim=11008 n_heads=32 n_kv_heads=auto->n_heads
[pim-debug] pim_config=/lustre/home/2501111916/workspace/XPUPIM_0226_gpupim_parameter/TriForm/algorithms/aim_simulator/PIM_AiM.json
[pim-debug] ramulator_config=/lustre/home/2501111916/workspace/XPUPIM_0226_gpupim_parameter/TriForm/algorithms/aim_simulator/example.yaml
[pim-debug] cost_model config.PIM_FREQ_GHZ=1.0
[pim-debug] op plan (logical shapes inferred from schedule cfg):
  - op#00  op=QK       shard=1   q=[16x1x128] + k=[16x128x466]  ->  y=[16x1x466]  (T=1, K=466)
  - op#01  op=Softmax  shard=1   scores=[16x1x466]  ->  y=[16x1x466]  (T=1, K=466)
  - op#02  op=SV       shard=1   p=[16x1x466] + v=[16x466x128]  ->  y=[16x1x128]  (T=1, K=466)
[pim-debug] NOTE: CENT(AiM) trace backend internally uses x shape (1,1,dim) and handles prefill by repeating ops;
           the table below shows the *effective parameters* passed into cost_model_pim_backend for each op.
[pim-debug] op#00 op=QK       norm=score      sh=1  dim=4096  heads=16  hd=128 q_dim=2048  kv_heads=16  kv_dim=2048  o_dim=2048  ffn_dim=5504   seqlen=466    qlen=1   cache=N lat=    0.002ms cycles≈1808
[pim-debug] op#01 op=Softmax  norm=softmax    sh=1  dim=4096  heads=16  hd=128 q_dim=2048  kv_heads=16  kv_dim=2048  o_dim=2048  ffn_dim=5504   seqlen=466    qlen=1   cache=N lat=    0.002ms cycles≈1639
[pim-debug] op#02 op=SV       norm=output     sh=1  dim=4096  heads=16  hd=128 q_dim=2048  kv_heads=16  kv_dim=2048  o_dim=2048  ffn_dim=5504   seqlen=466    qlen=1   cache=N lat=    0.002ms cycles≈1804
[pim-debug] segment total latency: 0.005 ms
========================================================================================
[pim-debug] segment_key=pim|decode|18|8d3c4a27f3148da54f43fbe5a8786c55
[pim-debug] sig: device_type=pim phase=decode step=18 (count_hint=32)
[pim-debug] ops_repr: QK:0,Softmax:0,SV:0
[pim-debug] cfg: shard_policy='fine' shards=2 dim=4096 ffn_dim=11008 n_heads=32 n_kv_heads=auto->n_heads
[pim-debug] pim_config=/lustre/home/2501111916/workspace/XPUPIM_0226_gpupim_parameter/TriForm/algorithms/aim_simulator/PIM_AiM.json
[pim-debug] ramulator_config=/lustre/home/2501111916/workspace/XPUPIM_0226_gpupim_parameter/TriForm/algorithms/aim_simulator/example.yaml
[pim-debug] cost_model config.PIM_FREQ_GHZ=1.0
[pim-debug] op plan (logical shapes inferred from schedule cfg):
  - op#00  op=QK       shard=0   q=[16x1x128] + k=[16x128x466]  ->  y=[16x1x466]  (T=1, K=466)
  - op#01  op=Softmax  shard=0   scores=[16x1x466]  ->  y=[16x1x466]  (T=1, K=466)
  - op#02  op=SV       shard=0   p=[16x1x466] + v=[16x466x128]  ->  y=[16x1x128]  (T=1, K=466)
[pim-debug] NOTE: CENT(AiM) trace backend internally uses x shape (1,1,dim) and handles prefill by repeating ops;
           the table below shows the *effective parameters* passed into cost_model_pim_backend for each op.
[pim-debug] op#00 op=QK       norm=score      sh=0  dim=4096  heads=16  hd=128 q_dim=2048  kv_heads=16  kv_dim=2048  o_dim=2048  ffn_dim=5504   seqlen=466    qlen=1   cache=N lat=    0.002ms cycles≈1808
[pim-debug] op#01 op=Softmax  norm=softmax    sh=0  dim=4096  heads=16  hd=128 q_dim=2048  kv_heads=16  kv_dim=2048  o_dim=2048  ffn_dim=5504   seqlen=466    qlen=1   cache=N lat=    0.002ms cycles≈1639
[pim-debug] op#02 op=SV       norm=output     sh=0  dim=4096  heads=16  hd=128 q_dim=2048  kv_heads=16  kv_dim=2048  o_dim=2048  ffn_dim=5504   seqlen=466    qlen=1   cache=N lat=    0.002ms cycles≈1804
[pim-debug] segment total latency: 0.005 ms
========================================================================================
[pim-debug] segment_key=pim|decode|19|583a2f400a32ef30361deb25375d6d1d
[pim-debug] sig: device_type=pim phase=decode step=19 (count_hint=32)
[pim-debug] ops_repr: QK:1,Softmax:1,SV:1
[pim-debug] cfg: shard_policy='fine' shards=2 dim=4096 ffn_dim=11008 n_heads=32 n_kv_heads=auto->n_heads
[pim-debug] pim_config=/lustre/home/2501111916/workspace/XPUPIM_0226_gpupim_parameter/TriForm/algorithms/aim_simulator/PIM_AiM.json
[pim-debug] ramulator_config=/lustre/home/2501111916/workspace/XPUPIM_0226_gpupim_parameter/TriForm/algorithms/aim_simulator/example.yaml
[pim-debug] cost_model config.PIM_FREQ_GHZ=1.0
[pim-debug] op plan (logical shapes inferred from schedule cfg):
  - op#00  op=QK       shard=1   q=[16x1x128] + k=[16x128x478]  ->  y=[16x1x478]  (T=1, K=478)
  - op#01  op=Softmax  shard=1   scores=[16x1x478]  ->  y=[16x1x478]  (T=1, K=478)
  - op#02  op=SV       shard=1   p=[16x1x478] + v=[16x478x128]  ->  y=[16x1x128]  (T=1, K=478)
[pim-debug] NOTE: CENT(AiM) trace backend internally uses x shape (1,1,dim) and handles prefill by repeating ops;
           the table below shows the *effective parameters* passed into cost_model_pim_backend for each op.
[pim-debug] op#00 op=QK       norm=score      sh=1  dim=4096  heads=16  hd=128 q_dim=2048  kv_heads=16  kv_dim=2048  o_dim=2048  ffn_dim=5504   seqlen=478    qlen=1   cache=N lat=    0.002ms cycles≈1808
[pim-debug] op#01 op=Softmax  norm=softmax    sh=1  dim=4096  heads=16  hd=128 q_dim=2048  kv_heads=16  kv_dim=2048  o_dim=2048  ffn_dim=5504   seqlen=478    qlen=1   cache=N lat=    0.002ms cycles≈1639
[pim-debug] op#02 op=SV       norm=output     sh=1  dim=4096  heads=16  hd=128 q_dim=2048  kv_heads=16  kv_dim=2048  o_dim=2048  ffn_dim=5504   seqlen=478    qlen=1   cache=N lat=    0.002ms cycles≈1804
[pim-debug] segment total latency: 0.005 ms
========================================================================================
[pim-debug] segment_key=pim|decode|19|8d3c4a27f3148da54f43fbe5a8786c55
[pim-debug] sig: device_type=pim phase=decode step=19 (count_hint=32)
[pim-debug] ops_repr: QK:0,Softmax:0,SV:0
[pim-debug] cfg: shard_policy='fine' shards=2 dim=4096 ffn_dim=11008 n_heads=32 n_kv_heads=auto->n_heads
[pim-debug] pim_config=/lustre/home/2501111916/workspace/XPUPIM_0226_gpupim_parameter/TriForm/algorithms/aim_simulator/PIM_AiM.json
[pim-debug] ramulator_config=/lustre/home/2501111916/workspace/XPUPIM_0226_gpupim_parameter/TriForm/algorithms/aim_simulator/example.yaml
[pim-debug] cost_model config.PIM_FREQ_GHZ=1.0
[pim-debug] op plan (logical shapes inferred from schedule cfg):
  - op#00  op=QK       shard=0   q=[16x1x128] + k=[16x128x478]  ->  y=[16x1x478]  (T=1, K=478)
  - op#01  op=Softmax  shard=0   scores=[16x1x478]  ->  y=[16x1x478]  (T=1, K=478)
  - op#02  op=SV       shard=0   p=[16x1x478] + v=[16x478x128]  ->  y=[16x1x128]  (T=1, K=478)
[pim-debug] NOTE: CENT(AiM) trace backend internally uses x shape (1,1,dim) and handles prefill by repeating ops;
           the table below shows the *effective parameters* passed into cost_model_pim_backend for each op.
[pim-debug] op#00 op=QK       norm=score      sh=0  dim=4096  heads=16  hd=128 q_dim=2048  kv_heads=16  kv_dim=2048  o_dim=2048  ffn_dim=5504   seqlen=478    qlen=1   cache=N lat=    0.002ms cycles≈1808
[pim-debug] op#01 op=Softmax  norm=softmax    sh=0  dim=4096  heads=16  hd=128 q_dim=2048  kv_heads=16  kv_dim=2048  o_dim=2048  ffn_dim=5504   seqlen=478    qlen=1   cache=N lat=    0.002ms cycles≈1639
[pim-debug] op#02 op=SV       norm=output     sh=0  dim=4096  heads=16  hd=128 q_dim=2048  kv_heads=16  kv_dim=2048  o_dim=2048  ffn_dim=5504   seqlen=478    qlen=1   cache=N lat=    0.002ms cycles≈1804
[pim-debug] segment total latency: 0.005 ms
========================================================================================
[pim-debug] segment_key=pim|decode|1|583a2f400a32ef30361deb25375d6d1d
[pim-debug] sig: device_type=pim phase=decode step=1 (count_hint=32)
[pim-debug] ops_repr: QK:1,Softmax:1,SV:1
[pim-debug] cfg: shard_policy='fine' shards=2 dim=4096 ffn_dim=11008 n_heads=32 n_kv_heads=auto->n_heads
[pim-debug] pim_config=/lustre/home/2501111916/workspace/XPUPIM_0226_gpupim_parameter/TriForm/algorithms/aim_simulator/PIM_AiM.json
[pim-debug] ramulator_config=/lustre/home/2501111916/workspace/XPUPIM_0226_gpupim_parameter/TriForm/algorithms/aim_simulator/example.yaml
[pim-debug] cost_model config.PIM_FREQ_GHZ=1.0
[pim-debug] op plan (logical shapes inferred from schedule cfg):
  - op#00  op=QK       shard=1   q=[16x1x128] + k=[16x128x264]  ->  y=[16x1x264]  (T=1, K=264)
  - op#01  op=Softmax  shard=1   scores=[16x1x264]  ->  y=[16x1x264]  (T=1, K=264)
  - op#02  op=SV       shard=1   p=[16x1x264] + v=[16x264x128]  ->  y=[16x1x128]  (T=1, K=264)
[pim-debug] NOTE: CENT(AiM) trace backend internally uses x shape (1,1,dim) and handles prefill by repeating ops;
           the table below shows the *effective parameters* passed into cost_model_pim_backend for each op.
[pim-debug] op#00 op=QK       norm=score      sh=1  dim=4096  heads=16  hd=128 q_dim=2048  kv_heads=16  kv_dim=2048  o_dim=2048  ffn_dim=5504   seqlen=264    qlen=1   cache=N lat=    0.002ms cycles≈1808
[pim-debug] op#01 op=Softmax  norm=softmax    sh=1  dim=4096  heads=16  hd=128 q_dim=2048  kv_heads=16  kv_dim=2048  o_dim=2048  ffn_dim=5504   seqlen=264    qlen=1   cache=N lat=    0.001ms cycles≈963
[pim-debug] op#02 op=SV       norm=output     sh=1  dim=4096  heads=16  hd=128 q_dim=2048  kv_heads=16  kv_dim=2048  o_dim=2048  ffn_dim=5504   seqlen=264    qlen=1   cache=N lat=    0.002ms cycles≈1570
[pim-debug] segment total latency: 0.004 ms
========================================================================================
[pim-debug] segment_key=pim|decode|1|8d3c4a27f3148da54f43fbe5a8786c55
[pim-debug] sig: device_type=pim phase=decode step=1 (count_hint=32)
[pim-debug] ops_repr: QK:0,Softmax:0,SV:0
[pim-debug] cfg: shard_policy='fine' shards=2 dim=4096 ffn_dim=11008 n_heads=32 n_kv_heads=auto->n_heads
[pim-debug] pim_config=/lustre/home/2501111916/workspace/XPUPIM_0226_gpupim_parameter/TriForm/algorithms/aim_simulator/PIM_AiM.json
[pim-debug] ramulator_config=/lustre/home/2501111916/workspace/XPUPIM_0226_gpupim_parameter/TriForm/algorithms/aim_simulator/example.yaml
[pim-debug] cost_model config.PIM_FREQ_GHZ=1.0
[pim-debug] op plan (logical shapes inferred from schedule cfg):
  - op#00  op=QK       shard=0   q=[16x1x128] + k=[16x128x264]  ->  y=[16x1x264]  (T=1, K=264)
  - op#01  op=Softmax  shard=0   scores=[16x1x264]  ->  y=[16x1x264]  (T=1, K=264)
  - op#02  op=SV       shard=0   p=[16x1x264] + v=[16x264x128]  ->  y=[16x1x128]  (T=1, K=264)
[pim-debug] NOTE: CENT(AiM) trace backend internally uses x shape (1,1,dim) and handles prefill by repeating ops;
           the table below shows the *effective parameters* passed into cost_model_pim_backend for each op.
[pim-debug] op#00 op=QK       norm=score      sh=0  dim=4096  heads=16  hd=128 q_dim=2048  kv_heads=16  kv_dim=2048  o_dim=2048  ffn_dim=5504   seqlen=264    qlen=1   cache=N lat=    0.002ms cycles≈1808
[pim-debug] op#01 op=Softmax  norm=softmax    sh=0  dim=4096  heads=16  hd=128 q_dim=2048  kv_heads=16  kv_dim=2048  o_dim=2048  ffn_dim=5504   seqlen=264    qlen=1   cache=N lat=    0.001ms cycles≈963
[pim-debug] op#02 op=SV       norm=output     sh=0  dim=4096  heads=16  hd=128 q_dim=2048  kv_heads=16  kv_dim=2048  o_dim=2048  ffn_dim=5504   seqlen=264    qlen=1   cache=N lat=    0.002ms cycles≈1570
[pim-debug] segment total latency: 0.004 ms
========================================================================================
[pim-debug] segment_key=pim|decode|20|583a2f400a32ef30361deb25375d6d1d
[pim-debug] sig: device_type=pim phase=decode step=20 (count_hint=32)
[pim-debug] ops_repr: QK:1,Softmax:1,SV:1
[pim-debug] cfg: shard_policy='fine' shards=2 dim=4096 ffn_dim=11008 n_heads=32 n_kv_heads=auto->n_heads
[pim-debug] pim_config=/lustre/home/2501111916/workspace/XPUPIM_0226_gpupim_parameter/TriForm/algorithms/aim_simulator/PIM_AiM.json
[pim-debug] ramulator_config=/lustre/home/2501111916/workspace/XPUPIM_0226_gpupim_parameter/TriForm/algorithms/aim_simulator/example.yaml
[pim-debug] cost_model config.PIM_FREQ_GHZ=1.0
[pim-debug] op plan (logical shapes inferred from schedule cfg):
  - op#00  op=QK       shard=1   q=[16x1x128] + k=[16x128x490]  ->  y=[16x1x490]  (T=1, K=490)
  - op#01  op=Softmax  shard=1   scores=[16x1x490]  ->  y=[16x1x490]  (T=1, K=490)
  - op#02  op=SV       shard=1   p=[16x1x490] + v=[16x490x128]  ->  y=[16x1x128]  (T=1, K=490)
[pim-debug] NOTE: CENT(AiM) trace backend internally uses x shape (1,1,dim) and handles prefill by repeating ops;
           the table below shows the *effective parameters* passed into cost_model_pim_backend for each op.
[pim-debug] op#00 op=QK       norm=score      sh=1  dim=4096  heads=16  hd=128 q_dim=2048  kv_heads=16  kv_dim=2048  o_dim=2048  ffn_dim=5504   seqlen=490    qlen=1   cache=N lat=    0.002ms cycles≈1808
[pim-debug] op#01 op=Softmax  norm=softmax    sh=1  dim=4096  heads=16  hd=128 q_dim=2048  kv_heads=16  kv_dim=2048  o_dim=2048  ffn_dim=5504   seqlen=490    qlen=1   cache=N lat=    0.002ms cycles≈1691
[pim-debug] op#02 op=SV       norm=output     sh=1  dim=4096  heads=16  hd=128 q_dim=2048  kv_heads=16  kv_dim=2048  o_dim=2048  ffn_dim=5504   seqlen=490    qlen=1   cache=N lat=    0.002ms cycles≈1822
[pim-debug] segment total latency: 0.005 ms
========================================================================================
[pim-debug] segment_key=pim|decode|20|8d3c4a27f3148da54f43fbe5a8786c55
[pim-debug] sig: device_type=pim phase=decode step=20 (count_hint=32)
[pim-debug] ops_repr: QK:0,Softmax:0,SV:0
[pim-debug] cfg: shard_policy='fine' shards=2 dim=4096 ffn_dim=11008 n_heads=32 n_kv_heads=auto->n_heads
[pim-debug] pim_config=/lustre/home/2501111916/workspace/XPUPIM_0226_gpupim_parameter/TriForm/algorithms/aim_simulator/PIM_AiM.json
[pim-debug] ramulator_config=/lustre/home/2501111916/workspace/XPUPIM_0226_gpupim_parameter/TriForm/algorithms/aim_simulator/example.yaml
[pim-debug] cost_model config.PIM_FREQ_GHZ=1.0
[pim-debug] op plan (logical shapes inferred from schedule cfg):
  - op#00  op=QK       shard=0   q=[16x1x128] + k=[16x128x490]  ->  y=[16x1x490]  (T=1, K=490)
  - op#01  op=Softmax  shard=0   scores=[16x1x490]  ->  y=[16x1x490]  (T=1, K=490)
  - op#02  op=SV       shard=0   p=[16x1x490] + v=[16x490x128]  ->  y=[16x1x128]  (T=1, K=490)
[pim-debug] NOTE: CENT(AiM) trace backend internally uses x shape (1,1,dim) and handles prefill by repeating ops;
           the table below shows the *effective parameters* passed into cost_model_pim_backend for each op.
[pim-debug] op#00 op=QK       norm=score      sh=0  dim=4096  heads=16  hd=128 q_dim=2048  kv_heads=16  kv_dim=2048  o_dim=2048  ffn_dim=5504   seqlen=490    qlen=1   cache=N lat=    0.002ms cycles≈1808
[pim-debug] op#01 op=Softmax  norm=softmax    sh=0  dim=4096  heads=16  hd=128 q_dim=2048  kv_heads=16  kv_dim=2048  o_dim=2048  ffn_dim=5504   seqlen=490    qlen=1   cache=N lat=    0.002ms cycles≈1691
[pim-debug] op#02 op=SV       norm=output     sh=0  dim=4096  heads=16  hd=128 q_dim=2048  kv_heads=16  kv_dim=2048  o_dim=2048  ffn_dim=5504   seqlen=490    qlen=1   cache=N lat=    0.002ms cycles≈1822
[pim-debug] segment total latency: 0.005 ms
========================================================================================
[pim-debug] segment_key=pim|decode|21|583a2f400a32ef30361deb25375d6d1d
[pim-debug] sig: device_type=pim phase=decode step=21 (count_hint=32)
[pim-debug] ops_repr: QK:1,Softmax:1,SV:1
[pim-debug] cfg: shard_policy='fine' shards=2 dim=4096 ffn_dim=11008 n_heads=32 n_kv_heads=auto->n_heads
[pim-debug] pim_config=/lustre/home/2501111916/workspace/XPUPIM_0226_gpupim_parameter/TriForm/algorithms/aim_simulator/PIM_AiM.json
[pim-debug] ramulator_config=/lustre/home/2501111916/workspace/XPUPIM_0226_gpupim_parameter/TriForm/algorithms/aim_simulator/example.yaml
[pim-debug] cost_model config.PIM_FREQ_GHZ=1.0
[pim-debug] op plan (logical shapes inferred from schedule cfg):
  - op#00  op=QK       shard=1   q=[16x1x128] + k=[16x128x502]  ->  y=[16x1x502]  (T=1, K=502)
  - op#01  op=Softmax  shard=1   scores=[16x1x502]  ->  y=[16x1x502]  (T=1, K=502)
  - op#02  op=SV       shard=1   p=[16x1x502] + v=[16x502x128]  ->  y=[16x1x128]  (T=1, K=502)
[pim-debug] NOTE: CENT(AiM) trace backend internally uses x shape (1,1,dim) and handles prefill by repeating ops;
           the table below shows the *effective parameters* passed into cost_model_pim_backend for each op.
[pim-debug] op#00 op=QK       norm=score      sh=1  dim=4096  heads=16  hd=128 q_dim=2048  kv_heads=16  kv_dim=2048  o_dim=2048  ffn_dim=5504   seqlen=502    qlen=1   cache=N lat=    0.002ms cycles≈1808
[pim-debug] op#01 op=Softmax  norm=softmax    sh=1  dim=4096  heads=16  hd=128 q_dim=2048  kv_heads=16  kv_dim=2048  o_dim=2048  ffn_dim=5504   seqlen=502    qlen=1   cache=N lat=    0.002ms cycles≈1743
[pim-debug] op#02 op=SV       norm=output     sh=1  dim=4096  heads=16  hd=128 q_dim=2048  kv_heads=16  kv_dim=2048  o_dim=2048  ffn_dim=5504   seqlen=502    qlen=1   cache=N lat=    0.002ms cycles≈1840
[pim-debug] segment total latency: 0.005 ms
========================================================================================
[pim-debug] segment_key=pim|decode|21|8d3c4a27f3148da54f43fbe5a8786c55
[pim-debug] sig: device_type=pim phase=decode step=21 (count_hint=32)
[pim-debug] ops_repr: QK:0,Softmax:0,SV:0
[pim-debug] cfg: shard_policy='fine' shards=2 dim=4096 ffn_dim=11008 n_heads=32 n_kv_heads=auto->n_heads
[pim-debug] pim_config=/lustre/home/2501111916/workspace/XPUPIM_0226_gpupim_parameter/TriForm/algorithms/aim_simulator/PIM_AiM.json
[pim-debug] ramulator_config=/lustre/home/2501111916/workspace/XPUPIM_0226_gpupim_parameter/TriForm/algorithms/aim_simulator/example.yaml
[pim-debug] cost_model config.PIM_FREQ_GHZ=1.0
[pim-debug] op plan (logical shapes inferred from schedule cfg):
  - op#00  op=QK       shard=0   q=[16x1x128] + k=[16x128x502]  ->  y=[16x1x502]  (T=1, K=502)
  - op#01  op=Softmax  shard=0   scores=[16x1x502]  ->  y=[16x1x502]  (T=1, K=502)
  - op#02  op=SV       shard=0   p=[16x1x502] + v=[16x502x128]  ->  y=[16x1x128]  (T=1, K=502)
[pim-debug] NOTE: CENT(AiM) trace backend internally uses x shape (1,1,dim) and handles prefill by repeating ops;
           the table below shows the *effective parameters* passed into cost_model_pim_backend for each op.
[pim-debug] op#00 op=QK       norm=score      sh=0  dim=4096  heads=16  hd=128 q_dim=2048  kv_heads=16  kv_dim=2048  o_dim=2048  ffn_dim=5504   seqlen=502    qlen=1   cache=N lat=    0.002ms cycles≈1808
[pim-debug] op#01 op=Softmax  norm=softmax    sh=0  dim=4096  heads=16  hd=128 q_dim=2048  kv_heads=16  kv_dim=2048  o_dim=2048  ffn_dim=5504   seqlen=502    qlen=1   cache=N lat=    0.002ms cycles≈1743
[pim-debug] op#02 op=SV       norm=output     sh=0  dim=4096  heads=16  hd=128 q_dim=2048  kv_heads=16  kv_dim=2048  o_dim=2048  ffn_dim=5504   seqlen=502    qlen=1   cache=N lat=    0.002ms cycles≈1840
[pim-debug] segment total latency: 0.005 ms
========================================================================================
[pim-debug] segment_key=pim|decode|22|583a2f400a32ef30361deb25375d6d1d
[pim-debug] sig: device_type=pim phase=decode step=22 (count_hint=32)
[pim-debug] ops_repr: QK:1,Softmax:1,SV:1
[pim-debug] cfg: shard_policy='fine' shards=2 dim=4096 ffn_dim=11008 n_heads=32 n_kv_heads=auto->n_heads
[pim-debug] pim_config=/lustre/home/2501111916/workspace/XPUPIM_0226_gpupim_parameter/TriForm/algorithms/aim_simulator/PIM_AiM.json
[pim-debug] ramulator_config=/lustre/home/2501111916/workspace/XPUPIM_0226_gpupim_parameter/TriForm/algorithms/aim_simulator/example.yaml
[pim-debug] cost_model config.PIM_FREQ_GHZ=1.0
[pim-debug] op plan (logical shapes inferred from schedule cfg):
  - op#00  op=QK       shard=1   q=[16x1x128] + k=[16x128x514]  ->  y=[16x1x514]  (T=1, K=514)
  - op#01  op=Softmax  shard=1   scores=[16x1x514]  ->  y=[16x1x514]  (T=1, K=514)
  - op#02  op=SV       shard=1   p=[16x1x514] + v=[16x514x128]  ->  y=[16x1x128]  (T=1, K=514)
[pim-debug] NOTE: CENT(AiM) trace backend internally uses x shape (1,1,dim) and handles prefill by repeating ops;
           the table below shows the *effective parameters* passed into cost_model_pim_backend for each op.
[pim-debug] op#00 op=QK       norm=score      sh=1  dim=4096  heads=16  hd=128 q_dim=2048  kv_heads=16  kv_dim=2048  o_dim=2048  ffn_dim=5504   seqlen=514    qlen=1   cache=N lat=    0.004ms cycles≈3616
[pim-debug] op#01 op=Softmax  norm=softmax    sh=1  dim=4096  heads=16  hd=128 q_dim=2048  kv_heads=16  kv_dim=2048  o_dim=2048  ffn_dim=5504   seqlen=514    qlen=1   cache=N lat=    0.002ms cycles≈1795
[pim-debug] op#02 op=SV       norm=output     sh=1  dim=4096  heads=16  hd=128 q_dim=2048  kv_heads=16  kv_dim=2048  o_dim=2048  ffn_dim=5504   seqlen=514    qlen=1   cache=N lat=    0.002ms cycles≈1858
[pim-debug] segment total latency: 0.007 ms
========================================================================================
[pim-debug] segment_key=pim|decode|22|8d3c4a27f3148da54f43fbe5a8786c55
[pim-debug] sig: device_type=pim phase=decode step=22 (count_hint=32)
[pim-debug] ops_repr: QK:0,Softmax:0,SV:0
[pim-debug] cfg: shard_policy='fine' shards=2 dim=4096 ffn_dim=11008 n_heads=32 n_kv_heads=auto->n_heads
[pim-debug] pim_config=/lustre/home/2501111916/workspace/XPUPIM_0226_gpupim_parameter/TriForm/algorithms/aim_simulator/PIM_AiM.json
[pim-debug] ramulator_config=/lustre/home/2501111916/workspace/XPUPIM_0226_gpupim_parameter/TriForm/algorithms/aim_simulator/example.yaml
[pim-debug] cost_model config.PIM_FREQ_GHZ=1.0
[pim-debug] op plan (logical shapes inferred from schedule cfg):
  - op#00  op=QK       shard=0   q=[16x1x128] + k=[16x128x514]  ->  y=[16x1x514]  (T=1, K=514)
  - op#01  op=Softmax  shard=0   scores=[16x1x514]  ->  y=[16x1x514]  (T=1, K=514)
  - op#02  op=SV       shard=0   p=[16x1x514] + v=[16x514x128]  ->  y=[16x1x128]  (T=1, K=514)
[pim-debug] NOTE: CENT(AiM) trace backend internally uses x shape (1,1,dim) and handles prefill by repeating ops;
           the table below shows the *effective parameters* passed into cost_model_pim_backend for each op.
[pim-debug] op#00 op=QK       norm=score      sh=0  dim=4096  heads=16  hd=128 q_dim=2048  kv_heads=16  kv_dim=2048  o_dim=2048  ffn_dim=5504   seqlen=514    qlen=1   cache=N lat=    0.004ms cycles≈3616
[pim-debug] op#01 op=Softmax  norm=softmax    sh=0  dim=4096  heads=16  hd=128 q_dim=2048  kv_heads=16  kv_dim=2048  o_dim=2048  ffn_dim=5504   seqlen=514    qlen=1   cache=N lat=    0.002ms cycles≈1795
[pim-debug] op#02 op=SV       norm=output     sh=0  dim=4096  heads=16  hd=128 q_dim=2048  kv_heads=16  kv_dim=2048  o_dim=2048  ffn_dim=5504   seqlen=514    qlen=1   cache=N lat=    0.002ms cycles≈1858
[pim-debug] segment total latency: 0.007 ms
========================================================================================
[pim-debug] segment_key=pim|decode|23|583a2f400a32ef30361deb25375d6d1d
[pim-debug] sig: device_type=pim phase=decode step=23 (count_hint=32)
[pim-debug] ops_repr: QK:1,Softmax:1,SV:1
[pim-debug] cfg: shard_policy='fine' shards=2 dim=4096 ffn_dim=11008 n_heads=32 n_kv_heads=auto->n_heads
[pim-debug] pim_config=/lustre/home/2501111916/workspace/XPUPIM_0226_gpupim_parameter/TriForm/algorithms/aim_simulator/PIM_AiM.json
[pim-debug] ramulator_config=/lustre/home/2501111916/workspace/XPUPIM_0226_gpupim_parameter/TriForm/algorithms/aim_simulator/example.yaml
[pim-debug] cost_model config.PIM_FREQ_GHZ=1.0
[pim-debug] op plan (logical shapes inferred from schedule cfg):
  - op#00  op=QK       shard=1   q=[16x1x128] + k=[16x128x526]  ->  y=[16x1x526]  (T=1, K=526)
  - op#01  op=Softmax  shard=1   scores=[16x1x526]  ->  y=[16x1x526]  (T=1, K=526)
  - op#02  op=SV       shard=1   p=[16x1x526] + v=[16x526x128]  ->  y=[16x1x128]  (T=1, K=526)
[pim-debug] NOTE: CENT(AiM) trace backend internally uses x shape (1,1,dim) and handles prefill by repeating ops;
           the table below shows the *effective parameters* passed into cost_model_pim_backend for each op.
[pim-debug] op#00 op=QK       norm=score      sh=1  dim=4096  heads=16  hd=128 q_dim=2048  kv_heads=16  kv_dim=2048  o_dim=2048  ffn_dim=5504   seqlen=526    qlen=1   cache=N lat=    0.004ms cycles≈3616
[pim-debug] op#01 op=Softmax  norm=softmax    sh=1  dim=4096  heads=16  hd=128 q_dim=2048  kv_heads=16  kv_dim=2048  o_dim=2048  ffn_dim=5504   seqlen=526    qlen=1   cache=N lat=    0.002ms cycles≈1795
[pim-debug] op#02 op=SV       norm=output     sh=1  dim=4096  heads=16  hd=128 q_dim=2048  kv_heads=16  kv_dim=2048  o_dim=2048  ffn_dim=5504   seqlen=526    qlen=1   cache=N lat=    0.002ms cycles≈1858
[pim-debug] segment total latency: 0.007 ms
========================================================================================
[pim-debug] segment_key=pim|decode|23|8d3c4a27f3148da54f43fbe5a8786c55
[pim-debug] sig: device_type=pim phase=decode step=23 (count_hint=32)
[pim-debug] ops_repr: QK:0,Softmax:0,SV:0
[pim-debug] cfg: shard_policy='fine' shards=2 dim=4096 ffn_dim=11008 n_heads=32 n_kv_heads=auto->n_heads
[pim-debug] pim_config=/lustre/home/2501111916/workspace/XPUPIM_0226_gpupim_parameter/TriForm/algorithms/aim_simulator/PIM_AiM.json
[pim-debug] ramulator_config=/lustre/home/2501111916/workspace/XPUPIM_0226_gpupim_parameter/TriForm/algorithms/aim_simulator/example.yaml
[pim-debug] cost_model config.PIM_FREQ_GHZ=1.0
[pim-debug] op plan (logical shapes inferred from schedule cfg):
  - op#00  op=QK       shard=0   q=[16x1x128] + k=[16x128x526]  ->  y=[16x1x526]  (T=1, K=526)
  - op#01  op=Softmax  shard=0   scores=[16x1x526]  ->  y=[16x1x526]  (T=1, K=526)
  - op#02  op=SV       shard=0   p=[16x1x526] + v=[16x526x128]  ->  y=[16x1x128]  (T=1, K=526)
[pim-debug] NOTE: CENT(AiM) trace backend internally uses x shape (1,1,dim) and handles prefill by repeating ops;
           the table below shows the *effective parameters* passed into cost_model_pim_backend for each op.
[pim-debug] op#00 op=QK       norm=score      sh=0  dim=4096  heads=16  hd=128 q_dim=2048  kv_heads=16  kv_dim=2048  o_dim=2048  ffn_dim=5504   seqlen=526    qlen=1   cache=N lat=    0.004ms cycles≈3616
[pim-debug] op#01 op=Softmax  norm=softmax    sh=0  dim=4096  heads=16  hd=128 q_dim=2048  kv_heads=16  kv_dim=2048  o_dim=2048  ffn_dim=5504   seqlen=526    qlen=1   cache=N lat=    0.002ms cycles≈1795
[pim-debug] op#02 op=SV       norm=output     sh=0  dim=4096  heads=16  hd=128 q_dim=2048  kv_heads=16  kv_dim=2048  o_dim=2048  ffn_dim=5504   seqlen=526    qlen=1   cache=N lat=    0.002ms cycles≈1858
[pim-debug] segment total latency: 0.007 ms
========================================================================================
[pim-debug] segment_key=pim|decode|24|583a2f400a32ef30361deb25375d6d1d
[pim-debug] sig: device_type=pim phase=decode step=24 (count_hint=32)
[pim-debug] ops_repr: QK:1,Softmax:1,SV:1
[pim-debug] cfg: shard_policy='fine' shards=2 dim=4096 ffn_dim=11008 n_heads=32 n_kv_heads=auto->n_heads
[pim-debug] pim_config=/lustre/home/2501111916/workspace/XPUPIM_0226_gpupim_parameter/TriForm/algorithms/aim_simulator/PIM_AiM.json
[pim-debug] ramulator_config=/lustre/home/2501111916/workspace/XPUPIM_0226_gpupim_parameter/TriForm/algorithms/aim_simulator/example.yaml
[pim-debug] cost_model config.PIM_FREQ_GHZ=1.0
[pim-debug] op plan (logical shapes inferred from schedule cfg):
  - op#00  op=QK       shard=1   q=[16x1x128] + k=[16x128x538]  ->  y=[16x1x538]  (T=1, K=538)
  - op#01  op=Softmax  shard=1   scores=[16x1x538]  ->  y=[16x1x538]  (T=1, K=538)
  - op#02  op=SV       shard=1   p=[16x1x538] + v=[16x538x128]  ->  y=[16x1x128]  (T=1, K=538)
[pim-debug] NOTE: CENT(AiM) trace backend internally uses x shape (1,1,dim) and handles prefill by repeating ops;
           the table below shows the *effective parameters* passed into cost_model_pim_backend for each op.
[pim-debug] op#00 op=QK       norm=score      sh=1  dim=4096  heads=16  hd=128 q_dim=2048  kv_heads=16  kv_dim=2048  o_dim=2048  ffn_dim=5504   seqlen=538    qlen=1   cache=N lat=    0.004ms cycles≈3616
[pim-debug] op#01 op=Softmax  norm=softmax    sh=1  dim=4096  heads=16  hd=128 q_dim=2048  kv_heads=16  kv_dim=2048  o_dim=2048  ffn_dim=5504   seqlen=538    qlen=1   cache=N lat=    0.002ms cycles≈1847
[pim-debug] op#02 op=SV       norm=output     sh=1  dim=4096  heads=16  hd=128 q_dim=2048  kv_heads=16  kv_dim=2048  o_dim=2048  ffn_dim=5504   seqlen=538    qlen=1   cache=N lat=    0.002ms cycles≈1876
[pim-debug] segment total latency: 0.007 ms
========================================================================================
[pim-debug] segment_key=pim|decode|24|8d3c4a27f3148da54f43fbe5a8786c55
[pim-debug] sig: device_type=pim phase=decode step=24 (count_hint=32)
[pim-debug] ops_repr: QK:0,Softmax:0,SV:0
[pim-debug] cfg: shard_policy='fine' shards=2 dim=4096 ffn_dim=11008 n_heads=32 n_kv_heads=auto->n_heads
[pim-debug] pim_config=/lustre/home/2501111916/workspace/XPUPIM_0226_gpupim_parameter/TriForm/algorithms/aim_simulator/PIM_AiM.json
[pim-debug] ramulator_config=/lustre/home/2501111916/workspace/XPUPIM_0226_gpupim_parameter/TriForm/algorithms/aim_simulator/example.yaml
[pim-debug] cost_model config.PIM_FREQ_GHZ=1.0
[pim-debug] op plan (logical shapes inferred from schedule cfg):
  - op#00  op=QK       shard=0   q=[16x1x128] + k=[16x128x538]  ->  y=[16x1x538]  (T=1, K=538)
  - op#01  op=Softmax  shard=0   scores=[16x1x538]  ->  y=[16x1x538]  (T=1, K=538)
  - op#02  op=SV       shard=0   p=[16x1x538] + v=[16x538x128]  ->  y=[16x1x128]  (T=1, K=538)
[pim-debug] NOTE: CENT(AiM) trace backend internally uses x shape (1,1,dim) and handles prefill by repeating ops;
           the table below shows the *effective parameters* passed into cost_model_pim_backend for each op.
[pim-debug] op#00 op=QK       norm=score      sh=0  dim=4096  heads=16  hd=128 q_dim=2048  kv_heads=16  kv_dim=2048  o_dim=2048  ffn_dim=5504   seqlen=538    qlen=1   cache=N lat=    0.004ms cycles≈3616
[pim-debug] op#01 op=Softmax  norm=softmax    sh=0  dim=4096  heads=16  hd=128 q_dim=2048  kv_heads=16  kv_dim=2048  o_dim=2048  ffn_dim=5504   seqlen=538    qlen=1   cache=N lat=    0.002ms cycles≈1847
[pim-debug] op#02 op=SV       norm=output     sh=0  dim=4096  heads=16  hd=128 q_dim=2048  kv_heads=16  kv_dim=2048  o_dim=2048  ffn_dim=5504   seqlen=538    qlen=1   cache=N lat=    0.002ms cycles≈1876
[pim-debug] segment total latency: 0.007 ms
========================================================================================
[pim-debug] segment_key=pim|decode|25|583a2f400a32ef30361deb25375d6d1d
[pim-debug] sig: device_type=pim phase=decode step=25 (count_hint=32)
[pim-debug] ops_repr: QK:1,Softmax:1,SV:1
[pim-debug] cfg: shard_policy='fine' shards=2 dim=4096 ffn_dim=11008 n_heads=32 n_kv_heads=auto->n_heads
[pim-debug] pim_config=/lustre/home/2501111916/workspace/XPUPIM_0226_gpupim_parameter/TriForm/algorithms/aim_simulator/PIM_AiM.json
[pim-debug] ramulator_config=/lustre/home/2501111916/workspace/XPUPIM_0226_gpupim_parameter/TriForm/algorithms/aim_simulator/example.yaml
[pim-debug] cost_model config.PIM_FREQ_GHZ=1.0
[pim-debug] op plan (logical shapes inferred from schedule cfg):
  - op#00  op=QK       shard=1   q=[16x1x128] + k=[16x128x550]  ->  y=[16x1x550]  (T=1, K=550)
  - op#01  op=Softmax  shard=1   scores=[16x1x550]  ->  y=[16x1x550]  (T=1, K=550)
  - op#02  op=SV       shard=1   p=[16x1x550] + v=[16x550x128]  ->  y=[16x1x128]  (T=1, K=550)
[pim-debug] NOTE: CENT(AiM) trace backend internally uses x shape (1,1,dim) and handles prefill by repeating ops;
           the table below shows the *effective parameters* passed into cost_model_pim_backend for each op.
[pim-debug] op#00 op=QK       norm=score      sh=1  dim=4096  heads=16  hd=128 q_dim=2048  kv_heads=16  kv_dim=2048  o_dim=2048  ffn_dim=5504   seqlen=550    qlen=1   cache=N lat=    0.004ms cycles≈3616
[pim-debug] op#01 op=Softmax  norm=softmax    sh=1  dim=4096  heads=16  hd=128 q_dim=2048  kv_heads=16  kv_dim=2048  o_dim=2048  ffn_dim=5504   seqlen=550    qlen=1   cache=N lat=    0.002ms cycles≈1899
[pim-debug] op#02 op=SV       norm=output     sh=1  dim=4096  heads=16  hd=128 q_dim=2048  kv_heads=16  kv_dim=2048  o_dim=2048  ffn_dim=5504   seqlen=550    qlen=1   cache=N lat=    0.002ms cycles≈1894
[pim-debug] segment total latency: 0.007 ms
========================================================================================
[pim-debug] segment_key=pim|decode|25|8d3c4a27f3148da54f43fbe5a8786c55
[pim-debug] sig: device_type=pim phase=decode step=25 (count_hint=32)
[pim-debug] ops_repr: QK:0,Softmax:0,SV:0
[pim-debug] cfg: shard_policy='fine' shards=2 dim=4096 ffn_dim=11008 n_heads=32 n_kv_heads=auto->n_heads
[pim-debug] pim_config=/lustre/home/2501111916/workspace/XPUPIM_0226_gpupim_parameter/TriForm/algorithms/aim_simulator/PIM_AiM.json
[pim-debug] ramulator_config=/lustre/home/2501111916/workspace/XPUPIM_0226_gpupim_parameter/TriForm/algorithms/aim_simulator/example.yaml
[pim-debug] cost_model config.PIM_FREQ_GHZ=1.0
[pim-debug] op plan (logical shapes inferred from schedule cfg):
  - op#00  op=QK       shard=0   q=[16x1x128] + k=[16x128x550]  ->  y=[16x1x550]  (T=1, K=550)
  - op#01  op=Softmax  shard=0   scores=[16x1x550]  ->  y=[16x1x550]  (T=1, K=550)
  - op#02  op=SV       shard=0   p=[16x1x550] + v=[16x550x128]  ->  y=[16x1x128]  (T=1, K=550)
[pim-debug] NOTE: CENT(AiM) trace backend internally uses x shape (1,1,dim) and handles prefill by repeating ops;
           the table below shows the *effective parameters* passed into cost_model_pim_backend for each op.
[pim-debug] op#00 op=QK       norm=score      sh=0  dim=4096  heads=16  hd=128 q_dim=2048  kv_heads=16  kv_dim=2048  o_dim=2048  ffn_dim=5504   seqlen=550    qlen=1   cache=N lat=    0.004ms cycles≈3616
[pim-debug] op#01 op=Softmax  norm=softmax    sh=0  dim=4096  heads=16  hd=128 q_dim=2048  kv_heads=16  kv_dim=2048  o_dim=2048  ffn_dim=5504   seqlen=550    qlen=1   cache=N lat=    0.002ms cycles≈1899
[pim-debug] op#02 op=SV       norm=output     sh=0  dim=4096  heads=16  hd=128 q_dim=2048  kv_heads=16  kv_dim=2048  o_dim=2048  ffn_dim=5504   seqlen=550    qlen=1   cache=N lat=    0.002ms cycles≈1894
[pim-debug] segment total latency: 0.007 ms
========================================================================================
[pim-debug] segment_key=pim|decode|26|583a2f400a32ef30361deb25375d6d1d
[pim-debug] sig: device_type=pim phase=decode step=26 (count_hint=32)
[pim-debug] ops_repr: QK:1,Softmax:1,SV:1
[pim-debug] cfg: shard_policy='fine' shards=2 dim=4096 ffn_dim=11008 n_heads=32 n_kv_heads=auto->n_heads
[pim-debug] pim_config=/lustre/home/2501111916/workspace/XPUPIM_0226_gpupim_parameter/TriForm/algorithms/aim_simulator/PIM_AiM.json
[pim-debug] ramulator_config=/lustre/home/2501111916/workspace/XPUPIM_0226_gpupim_parameter/TriForm/algorithms/aim_simulator/example.yaml
[pim-debug] cost_model config.PIM_FREQ_GHZ=1.0
[pim-debug] op plan (logical shapes inferred from schedule cfg):
  - op#00  op=QK       shard=1   q=[16x1x128] + k=[16x128x562]  ->  y=[16x1x562]  (T=1, K=562)
  - op#01  op=Softmax  shard=1   scores=[16x1x562]  ->  y=[16x1x562]  (T=1, K=562)
  - op#02  op=SV       shard=1   p=[16x1x562] + v=[16x562x128]  ->  y=[16x1x128]  (T=1, K=562)
[pim-debug] NOTE: CENT(AiM) trace backend internally uses x shape (1,1,dim) and handles prefill by repeating ops;
           the table below shows the *effective parameters* passed into cost_model_pim_backend for each op.
[pim-debug] op#00 op=QK       norm=score      sh=1  dim=4096  heads=16  hd=128 q_dim=2048  kv_heads=16  kv_dim=2048  o_dim=2048  ffn_dim=5504   seqlen=562    qlen=1   cache=N lat=    0.004ms cycles≈3616
[pim-debug] op#01 op=Softmax  norm=softmax    sh=1  dim=4096  heads=16  hd=128 q_dim=2048  kv_heads=16  kv_dim=2048  o_dim=2048  ffn_dim=5504   seqlen=562    qlen=1   cache=N lat=    0.002ms cycles≈1951
[pim-debug] op#02 op=SV       norm=output     sh=1  dim=4096  heads=16  hd=128 q_dim=2048  kv_heads=16  kv_dim=2048  o_dim=2048  ffn_dim=5504   seqlen=562    qlen=1   cache=N lat=    0.002ms cycles≈1912
[pim-debug] segment total latency: 0.007 ms
========================================================================================
[pim-debug] segment_key=pim|decode|26|8d3c4a27f3148da54f43fbe5a8786c55
[pim-debug] sig: device_type=pim phase=decode step=26 (count_hint=32)
[pim-debug] ops_repr: QK:0,Softmax:0,SV:0
[pim-debug] cfg: shard_policy='fine' shards=2 dim=4096 ffn_dim=11008 n_heads=32 n_kv_heads=auto->n_heads
[pim-debug] pim_config=/lustre/home/2501111916/workspace/XPUPIM_0226_gpupim_parameter/TriForm/algorithms/aim_simulator/PIM_AiM.json
[pim-debug] ramulator_config=/lustre/home/2501111916/workspace/XPUPIM_0226_gpupim_parameter/TriForm/algorithms/aim_simulator/example.yaml
[pim-debug] cost_model config.PIM_FREQ_GHZ=1.0
[pim-debug] op plan (logical shapes inferred from schedule cfg):
  - op#00  op=QK       shard=0   q=[16x1x128] + k=[16x128x562]  ->  y=[16x1x562]  (T=1, K=562)
  - op#01  op=Softmax  shard=0   scores=[16x1x562]  ->  y=[16x1x562]  (T=1, K=562)
  - op#02  op=SV       shard=0   p=[16x1x562] + v=[16x562x128]  ->  y=[16x1x128]  (T=1, K=562)
[pim-debug] NOTE: CENT(AiM) trace backend internally uses x shape (1,1,dim) and handles prefill by repeating ops;
           the table below shows the *effective parameters* passed into cost_model_pim_backend for each op.
[pim-debug] op#00 op=QK       norm=score      sh=0  dim=4096  heads=16  hd=128 q_dim=2048  kv_heads=16  kv_dim=2048  o_dim=2048  ffn_dim=5504   seqlen=562    qlen=1   cache=N lat=    0.004ms cycles≈3616
[pim-debug] op#01 op=Softmax  norm=softmax    sh=0  dim=4096  heads=16  hd=128 q_dim=2048  kv_heads=16  kv_dim=2048  o_dim=2048  ffn_dim=5504   seqlen=562    qlen=1   cache=N lat=    0.002ms cycles≈1951
[pim-debug] op#02 op=SV       norm=output     sh=0  dim=4096  heads=16  hd=128 q_dim=2048  kv_heads=16  kv_dim=2048  o_dim=2048  ffn_dim=5504   seqlen=562    qlen=1   cache=N lat=    0.002ms cycles≈1912
[pim-debug] segment total latency: 0.007 ms
========================================================================================
[pim-debug] segment_key=pim|decode|27|583a2f400a32ef30361deb25375d6d1d
[pim-debug] sig: device_type=pim phase=decode step=27 (count_hint=32)
[pim-debug] ops_repr: QK:1,Softmax:1,SV:1
[pim-debug] cfg: shard_policy='fine' shards=2 dim=4096 ffn_dim=11008 n_heads=32 n_kv_heads=auto->n_heads
[pim-debug] pim_config=/lustre/home/2501111916/workspace/XPUPIM_0226_gpupim_parameter/TriForm/algorithms/aim_simulator/PIM_AiM.json
[pim-debug] ramulator_config=/lustre/home/2501111916/workspace/XPUPIM_0226_gpupim_parameter/TriForm/algorithms/aim_simulator/example.yaml
[pim-debug] cost_model config.PIM_FREQ_GHZ=1.0
[pim-debug] op plan (logical shapes inferred from schedule cfg):
  - op#00  op=QK       shard=1   q=[16x1x128] + k=[16x128x574]  ->  y=[16x1x574]  (T=1, K=574)
  - op#01  op=Softmax  shard=1   scores=[16x1x574]  ->  y=[16x1x574]  (T=1, K=574)
  - op#02  op=SV       shard=1   p=[16x1x574] + v=[16x574x128]  ->  y=[16x1x128]  (T=1, K=574)
[pim-debug] NOTE: CENT(AiM) trace backend internally uses x shape (1,1,dim) and handles prefill by repeating ops;
           the table below shows the *effective parameters* passed into cost_model_pim_backend for each op.
[pim-debug] op#00 op=QK       norm=score      sh=1  dim=4096  heads=16  hd=128 q_dim=2048  kv_heads=16  kv_dim=2048  o_dim=2048  ffn_dim=5504   seqlen=574    qlen=1   cache=N lat=    0.004ms cycles≈3616
[pim-debug] op#01 op=Softmax  norm=softmax    sh=1  dim=4096  heads=16  hd=128 q_dim=2048  kv_heads=16  kv_dim=2048  o_dim=2048  ffn_dim=5504   seqlen=574    qlen=1   cache=N lat=    0.002ms cycles≈1951
[pim-debug] op#02 op=SV       norm=output     sh=1  dim=4096  heads=16  hd=128 q_dim=2048  kv_heads=16  kv_dim=2048  o_dim=2048  ffn_dim=5504   seqlen=574    qlen=1   cache=N lat=    0.002ms cycles≈1912
[pim-debug] segment total latency: 0.007 ms
========================================================================================
[pim-debug] segment_key=pim|decode|27|8d3c4a27f3148da54f43fbe5a8786c55
[pim-debug] sig: device_type=pim phase=decode step=27 (count_hint=32)
[pim-debug] ops_repr: QK:0,Softmax:0,SV:0
[pim-debug] cfg: shard_policy='fine' shards=2 dim=4096 ffn_dim=11008 n_heads=32 n_kv_heads=auto->n_heads
[pim-debug] pim_config=/lustre/home/2501111916/workspace/XPUPIM_0226_gpupim_parameter/TriForm/algorithms/aim_simulator/PIM_AiM.json
[pim-debug] ramulator_config=/lustre/home/2501111916/workspace/XPUPIM_0226_gpupim_parameter/TriForm/algorithms/aim_simulator/example.yaml
[pim-debug] cost_model config.PIM_FREQ_GHZ=1.0
[pim-debug] op plan (logical shapes inferred from schedule cfg):
  - op#00  op=QK       shard=0   q=[16x1x128] + k=[16x128x574]  ->  y=[16x1x574]  (T=1, K=574)
  - op#01  op=Softmax  shard=0   scores=[16x1x574]  ->  y=[16x1x574]  (T=1, K=574)
  - op#02  op=SV       shard=0   p=[16x1x574] + v=[16x574x128]  ->  y=[16x1x128]  (T=1, K=574)
[pim-debug] NOTE: CENT(AiM) trace backend internally uses x shape (1,1,dim) and handles prefill by repeating ops;
           the table below shows the *effective parameters* passed into cost_model_pim_backend for each op.
[pim-debug] op#00 op=QK       norm=score      sh=0  dim=4096  heads=16  hd=128 q_dim=2048  kv_heads=16  kv_dim=2048  o_dim=2048  ffn_dim=5504   seqlen=574    qlen=1   cache=N lat=    0.004ms cycles≈3616
[pim-debug] op#01 op=Softmax  norm=softmax    sh=0  dim=4096  heads=16  hd=128 q_dim=2048  kv_heads=16  kv_dim=2048  o_dim=2048  ffn_dim=5504   seqlen=574    qlen=1   cache=N lat=    0.002ms cycles≈1951
[pim-debug] op#02 op=SV       norm=output     sh=0  dim=4096  heads=16  hd=128 q_dim=2048  kv_heads=16  kv_dim=2048  o_dim=2048  ffn_dim=5504   seqlen=574    qlen=1   cache=N lat=    0.002ms cycles≈1912
[pim-debug] segment total latency: 0.007 ms
========================================================================================
[pim-debug] segment_key=pim|decode|28|583a2f400a32ef30361deb25375d6d1d
[pim-debug] sig: device_type=pim phase=decode step=28 (count_hint=32)
[pim-debug] ops_repr: QK:1,Softmax:1,SV:1
[pim-debug] cfg: shard_policy='fine' shards=2 dim=4096 ffn_dim=11008 n_heads=32 n_kv_heads=auto->n_heads
[pim-debug] pim_config=/lustre/home/2501111916/workspace/XPUPIM_0226_gpupim_parameter/TriForm/algorithms/aim_simulator/PIM_AiM.json
[pim-debug] ramulator_config=/lustre/home/2501111916/workspace/XPUPIM_0226_gpupim_parameter/TriForm/algorithms/aim_simulator/example.yaml
[pim-debug] cost_model config.PIM_FREQ_GHZ=1.0
[pim-debug] op plan (logical shapes inferred from schedule cfg):
  - op#00  op=QK       shard=1   q=[16x1x128] + k=[16x128x586]  ->  y=[16x1x586]  (T=1, K=586)
  - op#01  op=Softmax  shard=1   scores=[16x1x586]  ->  y=[16x1x586]  (T=1, K=586)
  - op#02  op=SV       shard=1   p=[16x1x586] + v=[16x586x128]  ->  y=[16x1x128]  (T=1, K=586)
[pim-debug] NOTE: CENT(AiM) trace backend internally uses x shape (1,1,dim) and handles prefill by repeating ops;
           the table below shows the *effective parameters* passed into cost_model_pim_backend for each op.
[pim-debug] op#00 op=QK       norm=score      sh=1  dim=4096  heads=16  hd=128 q_dim=2048  kv_heads=16  kv_dim=2048  o_dim=2048  ffn_dim=5504   seqlen=586    qlen=1   cache=N lat=    0.004ms cycles≈3616
[pim-debug] op#01 op=Softmax  norm=softmax    sh=1  dim=4096  heads=16  hd=128 q_dim=2048  kv_heads=16  kv_dim=2048  o_dim=2048  ffn_dim=5504   seqlen=586    qlen=1   cache=N lat=    0.002ms cycles≈2003
[pim-debug] op#02 op=SV       norm=output     sh=1  dim=4096  heads=16  hd=128 q_dim=2048  kv_heads=16  kv_dim=2048  o_dim=2048  ffn_dim=5504   seqlen=586    qlen=1   cache=N lat=    0.002ms cycles≈1930
[pim-debug] segment total latency: 0.008 ms
========================================================================================
[pim-debug] segment_key=pim|decode|28|8d3c4a27f3148da54f43fbe5a8786c55
[pim-debug] sig: device_type=pim phase=decode step=28 (count_hint=32)
[pim-debug] ops_repr: QK:0,Softmax:0,SV:0
[pim-debug] cfg: shard_policy='fine' shards=2 dim=4096 ffn_dim=11008 n_heads=32 n_kv_heads=auto->n_heads
[pim-debug] pim_config=/lustre/home/2501111916/workspace/XPUPIM_0226_gpupim_parameter/TriForm/algorithms/aim_simulator/PIM_AiM.json
[pim-debug] ramulator_config=/lustre/home/2501111916/workspace/XPUPIM_0226_gpupim_parameter/TriForm/algorithms/aim_simulator/example.yaml
[pim-debug] cost_model config.PIM_FREQ_GHZ=1.0
[pim-debug] op plan (logical shapes inferred from schedule cfg):
  - op#00  op=QK       shard=0   q=[16x1x128] + k=[16x128x586]  ->  y=[16x1x586]  (T=1, K=586)
  - op#01  op=Softmax  shard=0   scores=[16x1x586]  ->  y=[16x1x586]  (T=1, K=586)
  - op#02  op=SV       shard=0   p=[16x1x586] + v=[16x586x128]  ->  y=[16x1x128]  (T=1, K=586)
[pim-debug] NOTE: CENT(AiM) trace backend internally uses x shape (1,1,dim) and handles prefill by repeating ops;
           the table below shows the *effective parameters* passed into cost_model_pim_backend for each op.
[pim-debug] op#00 op=QK       norm=score      sh=0  dim=4096  heads=16  hd=128 q_dim=2048  kv_heads=16  kv_dim=2048  o_dim=2048  ffn_dim=5504   seqlen=586    qlen=1   cache=N lat=    0.004ms cycles≈3616
[pim-debug] op#01 op=Softmax  norm=softmax    sh=0  dim=4096  heads=16  hd=128 q_dim=2048  kv_heads=16  kv_dim=2048  o_dim=2048  ffn_dim=5504   seqlen=586    qlen=1   cache=N lat=    0.002ms cycles≈2003
[pim-debug] op#02 op=SV       norm=output     sh=0  dim=4096  heads=16  hd=128 q_dim=2048  kv_heads=16  kv_dim=2048  o_dim=2048  ffn_dim=5504   seqlen=586    qlen=1   cache=N lat=    0.002ms cycles≈1930
[pim-debug] segment total latency: 0.008 ms
========================================================================================
[pim-debug] segment_key=pim|decode|29|583a2f400a32ef30361deb25375d6d1d
[pim-debug] sig: device_type=pim phase=decode step=29 (count_hint=32)
[pim-debug] ops_repr: QK:1,Softmax:1,SV:1
[pim-debug] cfg: shard_policy='fine' shards=2 dim=4096 ffn_dim=11008 n_heads=32 n_kv_heads=auto->n_heads
[pim-debug] pim_config=/lustre/home/2501111916/workspace/XPUPIM_0226_gpupim_parameter/TriForm/algorithms/aim_simulator/PIM_AiM.json
[pim-debug] ramulator_config=/lustre/home/2501111916/workspace/XPUPIM_0226_gpupim_parameter/TriForm/algorithms/aim_simulator/example.yaml
[pim-debug] cost_model config.PIM_FREQ_GHZ=1.0
[pim-debug] op plan (logical shapes inferred from schedule cfg):
  - op#00  op=QK       shard=1   q=[16x1x128] + k=[16x128x598]  ->  y=[16x1x598]  (T=1, K=598)
  - op#01  op=Softmax  shard=1   scores=[16x1x598]  ->  y=[16x1x598]  (T=1, K=598)
  - op#02  op=SV       shard=1   p=[16x1x598] + v=[16x598x128]  ->  y=[16x1x128]  (T=1, K=598)
[pim-debug] NOTE: CENT(AiM) trace backend internally uses x shape (1,1,dim) and handles prefill by repeating ops;
           the table below shows the *effective parameters* passed into cost_model_pim_backend for each op.
[pim-debug] op#00 op=QK       norm=score      sh=1  dim=4096  heads=16  hd=128 q_dim=2048  kv_heads=16  kv_dim=2048  o_dim=2048  ffn_dim=5504   seqlen=598    qlen=1   cache=N lat=    0.004ms cycles≈3616
[pim-debug] op#01 op=Softmax  norm=softmax    sh=1  dim=4096  heads=16  hd=128 q_dim=2048  kv_heads=16  kv_dim=2048  o_dim=2048  ffn_dim=5504   seqlen=598    qlen=1   cache=N lat=    0.002ms cycles≈2055
[pim-debug] op#02 op=SV       norm=output     sh=1  dim=4096  heads=16  hd=128 q_dim=2048  kv_heads=16  kv_dim=2048  o_dim=2048  ffn_dim=5504   seqlen=598    qlen=1   cache=N lat=    0.002ms cycles≈1948
[pim-debug] segment total latency: 0.008 ms
========================================================================================
[pim-debug] segment_key=pim|decode|29|8d3c4a27f3148da54f43fbe5a8786c55
[pim-debug] sig: device_type=pim phase=decode step=29 (count_hint=32)
[pim-debug] ops_repr: QK:0,Softmax:0,SV:0
[pim-debug] cfg: shard_policy='fine' shards=2 dim=4096 ffn_dim=11008 n_heads=32 n_kv_heads=auto->n_heads
[pim-debug] pim_config=/lustre/home/2501111916/workspace/XPUPIM_0226_gpupim_parameter/TriForm/algorithms/aim_simulator/PIM_AiM.json
[pim-debug] ramulator_config=/lustre/home/2501111916/workspace/XPUPIM_0226_gpupim_parameter/TriForm/algorithms/aim_simulator/example.yaml
[pim-debug] cost_model config.PIM_FREQ_GHZ=1.0
[pim-debug] op plan (logical shapes inferred from schedule cfg):
  - op#00  op=QK       shard=0   q=[16x1x128] + k=[16x128x598]  ->  y=[16x1x598]  (T=1, K=598)
  - op#01  op=Softmax  shard=0   scores=[16x1x598]  ->  y=[16x1x598]  (T=1, K=598)
  - op#02  op=SV       shard=0   p=[16x1x598] + v=[16x598x128]  ->  y=[16x1x128]  (T=1, K=598)
[pim-debug] NOTE: CENT(AiM) trace backend internally uses x shape (1,1,dim) and handles prefill by repeating ops;
           the table below shows the *effective parameters* passed into cost_model_pim_backend for each op.
[pim-debug] op#00 op=QK       norm=score      sh=0  dim=4096  heads=16  hd=128 q_dim=2048  kv_heads=16  kv_dim=2048  o_dim=2048  ffn_dim=5504   seqlen=598    qlen=1   cache=N lat=    0.004ms cycles≈3616
[pim-debug] op#01 op=Softmax  norm=softmax    sh=0  dim=4096  heads=16  hd=128 q_dim=2048  kv_heads=16  kv_dim=2048  o_dim=2048  ffn_dim=5504   seqlen=598    qlen=1   cache=N lat=    0.002ms cycles≈2055
[pim-debug] op#02 op=SV       norm=output     sh=0  dim=4096  heads=16  hd=128 q_dim=2048  kv_heads=16  kv_dim=2048  o_dim=2048  ffn_dim=5504   seqlen=598    qlen=1   cache=N lat=    0.002ms cycles≈1948
[pim-debug] segment total latency: 0.008 ms
========================================================================================
[pim-debug] segment_key=pim|decode|2|583a2f400a32ef30361deb25375d6d1d
[pim-debug] sig: device_type=pim phase=decode step=2 (count_hint=32)
[pim-debug] ops_repr: QK:1,Softmax:1,SV:1
[pim-debug] cfg: shard_policy='fine' shards=2 dim=4096 ffn_dim=11008 n_heads=32 n_kv_heads=auto->n_heads
[pim-debug] pim_config=/lustre/home/2501111916/workspace/XPUPIM_0226_gpupim_parameter/TriForm/algorithms/aim_simulator/PIM_AiM.json
[pim-debug] ramulator_config=/lustre/home/2501111916/workspace/XPUPIM_0226_gpupim_parameter/TriForm/algorithms/aim_simulator/example.yaml
[pim-debug] cost_model config.PIM_FREQ_GHZ=1.0
[pim-debug] op plan (logical shapes inferred from schedule cfg):
  - op#00  op=QK       shard=1   q=[16x1x128] + k=[16x128x274]  ->  y=[16x1x274]  (T=1, K=274)
  - op#01  op=Softmax  shard=1   scores=[16x1x274]  ->  y=[16x1x274]  (T=1, K=274)
  - op#02  op=SV       shard=1   p=[16x1x274] + v=[16x274x128]  ->  y=[16x1x128]  (T=1, K=274)
[pim-debug] NOTE: CENT(AiM) trace backend internally uses x shape (1,1,dim) and handles prefill by repeating ops;
           the table below shows the *effective parameters* passed into cost_model_pim_backend for each op.
[pim-debug] op#00 op=QK       norm=score      sh=1  dim=4096  heads=16  hd=128 q_dim=2048  kv_heads=16  kv_dim=2048  o_dim=2048  ffn_dim=5504   seqlen=274    qlen=1   cache=N lat=    0.002ms cycles≈1808
[pim-debug] op#01 op=Softmax  norm=softmax    sh=1  dim=4096  heads=16  hd=128 q_dim=2048  kv_heads=16  kv_dim=2048  o_dim=2048  ffn_dim=5504   seqlen=274    qlen=1   cache=N lat=    0.001ms cycles≈1015
[pim-debug] op#02 op=SV       norm=output     sh=1  dim=4096  heads=16  hd=128 q_dim=2048  kv_heads=16  kv_dim=2048  o_dim=2048  ffn_dim=5504   seqlen=274    qlen=1   cache=N lat=    0.002ms cycles≈1588
[pim-debug] segment total latency: 0.004 ms
========================================================================================
[pim-debug] segment_key=pim|decode|2|8d3c4a27f3148da54f43fbe5a8786c55
[pim-debug] sig: device_type=pim phase=decode step=2 (count_hint=32)
[pim-debug] ops_repr: QK:0,Softmax:0,SV:0
[pim-debug] cfg: shard_policy='fine' shards=2 dim=4096 ffn_dim=11008 n_heads=32 n_kv_heads=auto->n_heads
[pim-debug] pim_config=/lustre/home/2501111916/workspace/XPUPIM_0226_gpupim_parameter/TriForm/algorithms/aim_simulator/PIM_AiM.json
[pim-debug] ramulator_config=/lustre/home/2501111916/workspace/XPUPIM_0226_gpupim_parameter/TriForm/algorithms/aim_simulator/example.yaml
[pim-debug] cost_model config.PIM_FREQ_GHZ=1.0
[pim-debug] op plan (logical shapes inferred from schedule cfg):
  - op#00  op=QK       shard=0   q=[16x1x128] + k=[16x128x274]  ->  y=[16x1x274]  (T=1, K=274)
  - op#01  op=Softmax  shard=0   scores=[16x1x274]  ->  y=[16x1x274]  (T=1, K=274)
  - op#02  op=SV       shard=0   p=[16x1x274] + v=[16x274x128]  ->  y=[16x1x128]  (T=1, K=274)
[pim-debug] NOTE: CENT(AiM) trace backend internally uses x shape (1,1,dim) and handles prefill by repeating ops;
           the table below shows the *effective parameters* passed into cost_model_pim_backend for each op.
[pim-debug] op#00 op=QK       norm=score      sh=0  dim=4096  heads=16  hd=128 q_dim=2048  kv_heads=16  kv_dim=2048  o_dim=2048  ffn_dim=5504   seqlen=274    qlen=1   cache=N lat=    0.002ms cycles≈1808
[pim-debug] op#01 op=Softmax  norm=softmax    sh=0  dim=4096  heads=16  hd=128 q_dim=2048  kv_heads=16  kv_dim=2048  o_dim=2048  ffn_dim=5504   seqlen=274    qlen=1   cache=N lat=    0.001ms cycles≈1015
[pim-debug] op#02 op=SV       norm=output     sh=0  dim=4096  heads=16  hd=128 q_dim=2048  kv_heads=16  kv_dim=2048  o_dim=2048  ffn_dim=5504   seqlen=274    qlen=1   cache=N lat=    0.002ms cycles≈1588
[pim-debug] segment total latency: 0.004 ms
========================================================================================
[pim-debug] segment_key=pim|decode|30|583a2f400a32ef30361deb25375d6d1d
[pim-debug] sig: device_type=pim phase=decode step=30 (count_hint=32)
[pim-debug] ops_repr: QK:1,Softmax:1,SV:1
[pim-debug] cfg: shard_policy='fine' shards=2 dim=4096 ffn_dim=11008 n_heads=32 n_kv_heads=auto->n_heads
[pim-debug] pim_config=/lustre/home/2501111916/workspace/XPUPIM_0226_gpupim_parameter/TriForm/algorithms/aim_simulator/PIM_AiM.json
[pim-debug] ramulator_config=/lustre/home/2501111916/workspace/XPUPIM_0226_gpupim_parameter/TriForm/algorithms/aim_simulator/example.yaml
[pim-debug] cost_model config.PIM_FREQ_GHZ=1.0
[pim-debug] op plan (logical shapes inferred from schedule cfg):
  - op#00  op=QK       shard=1   q=[16x1x128] + k=[16x128x610]  ->  y=[16x1x610]  (T=1, K=610)
  - op#01  op=Softmax  shard=1   scores=[16x1x610]  ->  y=[16x1x610]  (T=1, K=610)
  - op#02  op=SV       shard=1   p=[16x1x610] + v=[16x610x128]  ->  y=[16x1x128]  (T=1, K=610)
[pim-debug] NOTE: CENT(AiM) trace backend internally uses x shape (1,1,dim) and handles prefill by repeating ops;
           the table below shows the *effective parameters* passed into cost_model_pim_backend for each op.
[pim-debug] op#00 op=QK       norm=score      sh=1  dim=4096  heads=16  hd=128 q_dim=2048  kv_heads=16  kv_dim=2048  o_dim=2048  ffn_dim=5504   seqlen=610    qlen=1   cache=N lat=    0.004ms cycles≈3616
[pim-debug] op#01 op=Softmax  norm=softmax    sh=1  dim=4096  heads=16  hd=128 q_dim=2048  kv_heads=16  kv_dim=2048  o_dim=2048  ffn_dim=5504   seqlen=610    qlen=1   cache=N lat=    0.002ms cycles≈2107
[pim-debug] op#02 op=SV       norm=output     sh=1  dim=4096  heads=16  hd=128 q_dim=2048  kv_heads=16  kv_dim=2048  o_dim=2048  ffn_dim=5504   seqlen=610    qlen=1   cache=N lat=    0.002ms cycles≈1966
[pim-debug] segment total latency: 0.008 ms
========================================================================================
[pim-debug] segment_key=pim|decode|30|8d3c4a27f3148da54f43fbe5a8786c55
[pim-debug] sig: device_type=pim phase=decode step=30 (count_hint=32)
[pim-debug] ops_repr: QK:0,Softmax:0,SV:0
[pim-debug] cfg: shard_policy='fine' shards=2 dim=4096 ffn_dim=11008 n_heads=32 n_kv_heads=auto->n_heads
[pim-debug] pim_config=/lustre/home/2501111916/workspace/XPUPIM_0226_gpupim_parameter/TriForm/algorithms/aim_simulator/PIM_AiM.json
[pim-debug] ramulator_config=/lustre/home/2501111916/workspace/XPUPIM_0226_gpupim_parameter/TriForm/algorithms/aim_simulator/example.yaml
[pim-debug] cost_model config.PIM_FREQ_GHZ=1.0
[pim-debug] op plan (logical shapes inferred from schedule cfg):
  - op#00  op=QK       shard=0   q=[16x1x128] + k=[16x128x610]  ->  y=[16x1x610]  (T=1, K=610)
  - op#01  op=Softmax  shard=0   scores=[16x1x610]  ->  y=[16x1x610]  (T=1, K=610)
  - op#02  op=SV       shard=0   p=[16x1x610] + v=[16x610x128]  ->  y=[16x1x128]  (T=1, K=610)
[pim-debug] NOTE: CENT(AiM) trace backend internally uses x shape (1,1,dim) and handles prefill by repeating ops;
           the table below shows the *effective parameters* passed into cost_model_pim_backend for each op.
[pim-debug] op#00 op=QK       norm=score      sh=0  dim=4096  heads=16  hd=128 q_dim=2048  kv_heads=16  kv_dim=2048  o_dim=2048  ffn_dim=5504   seqlen=610    qlen=1   cache=N lat=    0.004ms cycles≈3616
[pim-debug] op#01 op=Softmax  norm=softmax    sh=0  dim=4096  heads=16  hd=128 q_dim=2048  kv_heads=16  kv_dim=2048  o_dim=2048  ffn_dim=5504   seqlen=610    qlen=1   cache=N lat=    0.002ms cycles≈2107
[pim-debug] op#02 op=SV       norm=output     sh=0  dim=4096  heads=16  hd=128 q_dim=2048  kv_heads=16  kv_dim=2048  o_dim=2048  ffn_dim=5504   seqlen=610    qlen=1   cache=N lat=    0.002ms cycles≈1966
[pim-debug] segment total latency: 0.008 ms
========================================================================================
[pim-debug] segment_key=pim|decode|31|583a2f400a32ef30361deb25375d6d1d
[pim-debug] sig: device_type=pim phase=decode step=31 (count_hint=32)
[pim-debug] ops_repr: QK:1,Softmax:1,SV:1
[pim-debug] cfg: shard_policy='fine' shards=2 dim=4096 ffn_dim=11008 n_heads=32 n_kv_heads=auto->n_heads
[pim-debug] pim_config=/lustre/home/2501111916/workspace/XPUPIM_0226_gpupim_parameter/TriForm/algorithms/aim_simulator/PIM_AiM.json
[pim-debug] ramulator_config=/lustre/home/2501111916/workspace/XPUPIM_0226_gpupim_parameter/TriForm/algorithms/aim_simulator/example.yaml
[pim-debug] cost_model config.PIM_FREQ_GHZ=1.0
[pim-debug] op plan (logical shapes inferred from schedule cfg):
  - op#00  op=QK       shard=1   q=[16x1x128] + k=[16x128x622]  ->  y=[16x1x622]  (T=1, K=622)
  - op#01  op=Softmax  shard=1   scores=[16x1x622]  ->  y=[16x1x622]  (T=1, K=622)
  - op#02  op=SV       shard=1   p=[16x1x622] + v=[16x622x128]  ->  y=[16x1x128]  (T=1, K=622)
[pim-debug] NOTE: CENT(AiM) trace backend internally uses x shape (1,1,dim) and handles prefill by repeating ops;
           the table below shows the *effective parameters* passed into cost_model_pim_backend for each op.
[pim-debug] op#00 op=QK       norm=score      sh=1  dim=4096  heads=16  hd=128 q_dim=2048  kv_heads=16  kv_dim=2048  o_dim=2048  ffn_dim=5504   seqlen=622    qlen=1   cache=N lat=    0.004ms cycles≈3616
[pim-debug] op#01 op=Softmax  norm=softmax    sh=1  dim=4096  heads=16  hd=128 q_dim=2048  kv_heads=16  kv_dim=2048  o_dim=2048  ffn_dim=5504   seqlen=622    qlen=1   cache=N lat=    0.002ms cycles≈2107
[pim-debug] op#02 op=SV       norm=output     sh=1  dim=4096  heads=16  hd=128 q_dim=2048  kv_heads=16  kv_dim=2048  o_dim=2048  ffn_dim=5504   seqlen=622    qlen=1   cache=N lat=    0.002ms cycles≈1966
[pim-debug] segment total latency: 0.008 ms
========================================================================================
[pim-debug] segment_key=pim|decode|31|8d3c4a27f3148da54f43fbe5a8786c55
[pim-debug] sig: device_type=pim phase=decode step=31 (count_hint=32)
[pim-debug] ops_repr: QK:0,Softmax:0,SV:0
[pim-debug] cfg: shard_policy='fine' shards=2 dim=4096 ffn_dim=11008 n_heads=32 n_kv_heads=auto->n_heads
[pim-debug] pim_config=/lustre/home/2501111916/workspace/XPUPIM_0226_gpupim_parameter/TriForm/algorithms/aim_simulator/PIM_AiM.json
[pim-debug] ramulator_config=/lustre/home/2501111916/workspace/XPUPIM_0226_gpupim_parameter/TriForm/algorithms/aim_simulator/example.yaml
[pim-debug] cost_model config.PIM_FREQ_GHZ=1.0
[pim-debug] op plan (logical shapes inferred from schedule cfg):
  - op#00  op=QK       shard=0   q=[16x1x128] + k=[16x128x622]  ->  y=[16x1x622]  (T=1, K=622)
  - op#01  op=Softmax  shard=0   scores=[16x1x622]  ->  y=[16x1x622]  (T=1, K=622)
  - op#02  op=SV       shard=0   p=[16x1x622] + v=[16x622x128]  ->  y=[16x1x128]  (T=1, K=622)
[pim-debug] NOTE: CENT(AiM) trace backend internally uses x shape (1,1,dim) and handles prefill by repeating ops;
           the table below shows the *effective parameters* passed into cost_model_pim_backend for each op.
[pim-debug] op#00 op=QK       norm=score      sh=0  dim=4096  heads=16  hd=128 q_dim=2048  kv_heads=16  kv_dim=2048  o_dim=2048  ffn_dim=5504   seqlen=622    qlen=1   cache=N lat=    0.004ms cycles≈3616
[pim-debug] op#01 op=Softmax  norm=softmax    sh=0  dim=4096  heads=16  hd=128 q_dim=2048  kv_heads=16  kv_dim=2048  o_dim=2048  ffn_dim=5504   seqlen=622    qlen=1   cache=N lat=    0.002ms cycles≈2107
[pim-debug] op#02 op=SV       norm=output     sh=0  dim=4096  heads=16  hd=128 q_dim=2048  kv_heads=16  kv_dim=2048  o_dim=2048  ffn_dim=5504   seqlen=622    qlen=1   cache=N lat=    0.002ms cycles≈1966
[pim-debug] segment total latency: 0.008 ms
========================================================================================
[pim-debug] segment_key=pim|decode|32|583a2f400a32ef30361deb25375d6d1d
[pim-debug] sig: device_type=pim phase=decode step=32 (count_hint=32)
[pim-debug] ops_repr: QK:1,Softmax:1,SV:1
[pim-debug] cfg: shard_policy='fine' shards=2 dim=4096 ffn_dim=11008 n_heads=32 n_kv_heads=auto->n_heads
[pim-debug] pim_config=/lustre/home/2501111916/workspace/XPUPIM_0226_gpupim_parameter/TriForm/algorithms/aim_simulator/PIM_AiM.json
[pim-debug] ramulator_config=/lustre/home/2501111916/workspace/XPUPIM_0226_gpupim_parameter/TriForm/algorithms/aim_simulator/example.yaml
[pim-debug] cost_model config.PIM_FREQ_GHZ=1.0
[pim-debug] op plan (logical shapes inferred from schedule cfg):
  - op#00  op=QK       shard=1   q=[16x1x128] + k=[16x128x634]  ->  y=[16x1x634]  (T=1, K=634)
  - op#01  op=Softmax  shard=1   scores=[16x1x634]  ->  y=[16x1x634]  (T=1, K=634)
  - op#02  op=SV       shard=1   p=[16x1x634] + v=[16x634x128]  ->  y=[16x1x128]  (T=1, K=634)
[pim-debug] NOTE: CENT(AiM) trace backend internally uses x shape (1,1,dim) and handles prefill by repeating ops;
           the table below shows the *effective parameters* passed into cost_model_pim_backend for each op.
[pim-debug] op#00 op=QK       norm=score      sh=1  dim=4096  heads=16  hd=128 q_dim=2048  kv_heads=16  kv_dim=2048  o_dim=2048  ffn_dim=5504   seqlen=634    qlen=1   cache=N lat=    0.004ms cycles≈3616
[pim-debug] op#01 op=Softmax  norm=softmax    sh=1  dim=4096  heads=16  hd=128 q_dim=2048  kv_heads=16  kv_dim=2048  o_dim=2048  ffn_dim=5504   seqlen=634    qlen=1   cache=N lat=    0.002ms cycles≈2159
[pim-debug] op#02 op=SV       norm=output     sh=1  dim=4096  heads=16  hd=128 q_dim=2048  kv_heads=16  kv_dim=2048  o_dim=2048  ffn_dim=5504   seqlen=634    qlen=1   cache=N lat=    0.002ms cycles≈1984
[pim-debug] segment total latency: 0.008 ms
========================================================================================
[pim-debug] segment_key=pim|decode|32|8d3c4a27f3148da54f43fbe5a8786c55
[pim-debug] sig: device_type=pim phase=decode step=32 (count_hint=32)
[pim-debug] ops_repr: QK:0,Softmax:0,SV:0
[pim-debug] cfg: shard_policy='fine' shards=2 dim=4096 ffn_dim=11008 n_heads=32 n_kv_heads=auto->n_heads
[pim-debug] pim_config=/lustre/home/2501111916/workspace/XPUPIM_0226_gpupim_parameter/TriForm/algorithms/aim_simulator/PIM_AiM.json
[pim-debug] ramulator_config=/lustre/home/2501111916/workspace/XPUPIM_0226_gpupim_parameter/TriForm/algorithms/aim_simulator/example.yaml
[pim-debug] cost_model config.PIM_FREQ_GHZ=1.0
[pim-debug] op plan (logical shapes inferred from schedule cfg):
  - op#00  op=QK       shard=0   q=[16x1x128] + k=[16x128x634]  ->  y=[16x1x634]  (T=1, K=634)
  - op#01  op=Softmax  shard=0   scores=[16x1x634]  ->  y=[16x1x634]  (T=1, K=634)
  - op#02  op=SV       shard=0   p=[16x1x634] + v=[16x634x128]  ->  y=[16x1x128]  (T=1, K=634)
[pim-debug] NOTE: CENT(AiM) trace backend internally uses x shape (1,1,dim) and handles prefill by repeating ops;
           the table below shows the *effective parameters* passed into cost_model_pim_backend for each op.
[pim-debug] op#00 op=QK       norm=score      sh=0  dim=4096  heads=16  hd=128 q_dim=2048  kv_heads=16  kv_dim=2048  o_dim=2048  ffn_dim=5504   seqlen=634    qlen=1   cache=N lat=    0.004ms cycles≈3616
[pim-debug] op#01 op=Softmax  norm=softmax    sh=0  dim=4096  heads=16  hd=128 q_dim=2048  kv_heads=16  kv_dim=2048  o_dim=2048  ffn_dim=5504   seqlen=634    qlen=1   cache=N lat=    0.002ms cycles≈2159
[pim-debug] op#02 op=SV       norm=output     sh=0  dim=4096  heads=16  hd=128 q_dim=2048  kv_heads=16  kv_dim=2048  o_dim=2048  ffn_dim=5504   seqlen=634    qlen=1   cache=N lat=    0.002ms cycles≈1984
[pim-debug] segment total latency: 0.008 ms
========================================================================================
[pim-debug] segment_key=pim|decode|33|583a2f400a32ef30361deb25375d6d1d
[pim-debug] sig: device_type=pim phase=decode step=33 (count_hint=32)
[pim-debug] ops_repr: QK:1,Softmax:1,SV:1
[pim-debug] cfg: shard_policy='fine' shards=2 dim=4096 ffn_dim=11008 n_heads=32 n_kv_heads=auto->n_heads
[pim-debug] pim_config=/lustre/home/2501111916/workspace/XPUPIM_0226_gpupim_parameter/TriForm/algorithms/aim_simulator/PIM_AiM.json
[pim-debug] ramulator_config=/lustre/home/2501111916/workspace/XPUPIM_0226_gpupim_parameter/TriForm/algorithms/aim_simulator/example.yaml
[pim-debug] cost_model config.PIM_FREQ_GHZ=1.0
[pim-debug] op plan (logical shapes inferred from schedule cfg):
  - op#00  op=QK       shard=1   q=[16x1x128] + k=[16x128x646]  ->  y=[16x1x646]  (T=1, K=646)
  - op#01  op=Softmax  shard=1   scores=[16x1x646]  ->  y=[16x1x646]  (T=1, K=646)
  - op#02  op=SV       shard=1   p=[16x1x646] + v=[16x646x128]  ->  y=[16x1x128]  (T=1, K=646)
[pim-debug] NOTE: CENT(AiM) trace backend internally uses x shape (1,1,dim) and handles prefill by repeating ops;
           the table below shows the *effective parameters* passed into cost_model_pim_backend for each op.
[pim-debug] op#00 op=QK       norm=score      sh=1  dim=4096  heads=16  hd=128 q_dim=2048  kv_heads=16  kv_dim=2048  o_dim=2048  ffn_dim=5504   seqlen=646    qlen=1   cache=N lat=    0.004ms cycles≈3616
[pim-debug] op#01 op=Softmax  norm=softmax    sh=1  dim=4096  heads=16  hd=128 q_dim=2048  kv_heads=16  kv_dim=2048  o_dim=2048  ffn_dim=5504   seqlen=646    qlen=1   cache=N lat=    0.002ms cycles≈2211
[pim-debug] op#02 op=SV       norm=output     sh=1  dim=4096  heads=16  hd=128 q_dim=2048  kv_heads=16  kv_dim=2048  o_dim=2048  ffn_dim=5504   seqlen=646    qlen=1   cache=N lat=    0.002ms cycles≈2002
[pim-debug] segment total latency: 0.008 ms
========================================================================================
[pim-debug] segment_key=pim|decode|33|8d3c4a27f3148da54f43fbe5a8786c55
[pim-debug] sig: device_type=pim phase=decode step=33 (count_hint=32)
[pim-debug] ops_repr: QK:0,Softmax:0,SV:0
[pim-debug] cfg: shard_policy='fine' shards=2 dim=4096 ffn_dim=11008 n_heads=32 n_kv_heads=auto->n_heads
[pim-debug] pim_config=/lustre/home/2501111916/workspace/XPUPIM_0226_gpupim_parameter/TriForm/algorithms/aim_simulator/PIM_AiM.json
[pim-debug] ramulator_config=/lustre/home/2501111916/workspace/XPUPIM_0226_gpupim_parameter/TriForm/algorithms/aim_simulator/example.yaml
[pim-debug] cost_model config.PIM_FREQ_GHZ=1.0
[pim-debug] op plan (logical shapes inferred from schedule cfg):
  - op#00  op=QK       shard=0   q=[16x1x128] + k=[16x128x646]  ->  y=[16x1x646]  (T=1, K=646)
  - op#01  op=Softmax  shard=0   scores=[16x1x646]  ->  y=[16x1x646]  (T=1, K=646)
  - op#02  op=SV       shard=0   p=[16x1x646] + v=[16x646x128]  ->  y=[16x1x128]  (T=1, K=646)
[pim-debug] NOTE: CENT(AiM) trace backend internally uses x shape (1,1,dim) and handles prefill by repeating ops;
           the table below shows the *effective parameters* passed into cost_model_pim_backend for each op.
[pim-debug] op#00 op=QK       norm=score      sh=0  dim=4096  heads=16  hd=128 q_dim=2048  kv_heads=16  kv_dim=2048  o_dim=2048  ffn_dim=5504   seqlen=646    qlen=1   cache=N lat=    0.004ms cycles≈3616
[pim-debug] op#01 op=Softmax  norm=softmax    sh=0  dim=4096  heads=16  hd=128 q_dim=2048  kv_heads=16  kv_dim=2048  o_dim=2048  ffn_dim=5504   seqlen=646    qlen=1   cache=N lat=    0.002ms cycles≈2211
[pim-debug] op#02 op=SV       norm=output     sh=0  dim=4096  heads=16  hd=128 q_dim=2048  kv_heads=16  kv_dim=2048  o_dim=2048  ffn_dim=5504   seqlen=646    qlen=1   cache=N lat=    0.002ms cycles≈2002
[pim-debug] segment total latency: 0.008 ms
========================================================================================
[pim-debug] segment_key=pim|decode|34|583a2f400a32ef30361deb25375d6d1d
[pim-debug] sig: device_type=pim phase=decode step=34 (count_hint=32)
[pim-debug] ops_repr: QK:1,Softmax:1,SV:1
[pim-debug] cfg: shard_policy='fine' shards=2 dim=4096 ffn_dim=11008 n_heads=32 n_kv_heads=auto->n_heads
[pim-debug] pim_config=/lustre/home/2501111916/workspace/XPUPIM_0226_gpupim_parameter/TriForm/algorithms/aim_simulator/PIM_AiM.json
[pim-debug] ramulator_config=/lustre/home/2501111916/workspace/XPUPIM_0226_gpupim_parameter/TriForm/algorithms/aim_simulator/example.yaml
[pim-debug] cost_model config.PIM_FREQ_GHZ=1.0
[pim-debug] op plan (logical shapes inferred from schedule cfg):
  - op#00  op=QK       shard=1   q=[16x1x128] + k=[16x128x658]  ->  y=[16x1x658]  (T=1, K=658)
  - op#01  op=Softmax  shard=1   scores=[16x1x658]  ->  y=[16x1x658]  (T=1, K=658)
  - op#02  op=SV       shard=1   p=[16x1x658] + v=[16x658x128]  ->  y=[16x1x128]  (T=1, K=658)
[pim-debug] NOTE: CENT(AiM) trace backend internally uses x shape (1,1,dim) and handles prefill by repeating ops;
           the table below shows the *effective parameters* passed into cost_model_pim_backend for each op.
[pim-debug] op#00 op=QK       norm=score      sh=1  dim=4096  heads=16  hd=128 q_dim=2048  kv_heads=16  kv_dim=2048  o_dim=2048  ffn_dim=5504   seqlen=658    qlen=1   cache=N lat=    0.004ms cycles≈3616
[pim-debug] op#01 op=Softmax  norm=softmax    sh=1  dim=4096  heads=16  hd=128 q_dim=2048  kv_heads=16  kv_dim=2048  o_dim=2048  ffn_dim=5504   seqlen=658    qlen=1   cache=N lat=    0.002ms cycles≈2263
[pim-debug] op#02 op=SV       norm=output     sh=1  dim=4096  heads=16  hd=128 q_dim=2048  kv_heads=16  kv_dim=2048  o_dim=2048  ffn_dim=5504   seqlen=658    qlen=1   cache=N lat=    0.002ms cycles≈2020
[pim-debug] segment total latency: 0.008 ms
========================================================================================
[pim-debug] segment_key=pim|decode|34|8d3c4a27f3148da54f43fbe5a8786c55
[pim-debug] sig: device_type=pim phase=decode step=34 (count_hint=32)
[pim-debug] ops_repr: QK:0,Softmax:0,SV:0
[pim-debug] cfg: shard_policy='fine' shards=2 dim=4096 ffn_dim=11008 n_heads=32 n_kv_heads=auto->n_heads
[pim-debug] pim_config=/lustre/home/2501111916/workspace/XPUPIM_0226_gpupim_parameter/TriForm/algorithms/aim_simulator/PIM_AiM.json
[pim-debug] ramulator_config=/lustre/home/2501111916/workspace/XPUPIM_0226_gpupim_parameter/TriForm/algorithms/aim_simulator/example.yaml
[pim-debug] cost_model config.PIM_FREQ_GHZ=1.0
[pim-debug] op plan (logical shapes inferred from schedule cfg):
  - op#00  op=QK       shard=0   q=[16x1x128] + k=[16x128x658]  ->  y=[16x1x658]  (T=1, K=658)
  - op#01  op=Softmax  shard=0   scores=[16x1x658]  ->  y=[16x1x658]  (T=1, K=658)
  - op#02  op=SV       shard=0   p=[16x1x658] + v=[16x658x128]  ->  y=[16x1x128]  (T=1, K=658)
[pim-debug] NOTE: CENT(AiM) trace backend internally uses x shape (1,1,dim) and handles prefill by repeating ops;
           the table below shows the *effective parameters* passed into cost_model_pim_backend for each op.
[pim-debug] op#00 op=QK       norm=score      sh=0  dim=4096  heads=16  hd=128 q_dim=2048  kv_heads=16  kv_dim=2048  o_dim=2048  ffn_dim=5504   seqlen=658    qlen=1   cache=N lat=    0.004ms cycles≈3616
[pim-debug] op#01 op=Softmax  norm=softmax    sh=0  dim=4096  heads=16  hd=128 q_dim=2048  kv_heads=16  kv_dim=2048  o_dim=2048  ffn_dim=5504   seqlen=658    qlen=1   cache=N lat=    0.002ms cycles≈2263
[pim-debug] op#02 op=SV       norm=output     sh=0  dim=4096  heads=16  hd=128 q_dim=2048  kv_heads=16  kv_dim=2048  o_dim=2048  ffn_dim=5504   seqlen=658    qlen=1   cache=N lat=    0.002ms cycles≈2020
[pim-debug] segment total latency: 0.008 ms
========================================================================================
[pim-debug] segment_key=pim|decode|35|583a2f400a32ef30361deb25375d6d1d
[pim-debug] sig: device_type=pim phase=decode step=35 (count_hint=32)
[pim-debug] ops_repr: QK:1,Softmax:1,SV:1
[pim-debug] cfg: shard_policy='fine' shards=2 dim=4096 ffn_dim=11008 n_heads=32 n_kv_heads=auto->n_heads
[pim-debug] pim_config=/lustre/home/2501111916/workspace/XPUPIM_0226_gpupim_parameter/TriForm/algorithms/aim_simulator/PIM_AiM.json
[pim-debug] ramulator_config=/lustre/home/2501111916/workspace/XPUPIM_0226_gpupim_parameter/TriForm/algorithms/aim_simulator/example.yaml
[pim-debug] cost_model config.PIM_FREQ_GHZ=1.0
[pim-debug] op plan (logical shapes inferred from schedule cfg):
  - op#00  op=QK       shard=1   q=[16x1x128] + k=[16x128x670]  ->  y=[16x1x670]  (T=1, K=670)
  - op#01  op=Softmax  shard=1   scores=[16x1x670]  ->  y=[16x1x670]  (T=1, K=670)
  - op#02  op=SV       shard=1   p=[16x1x670] + v=[16x670x128]  ->  y=[16x1x128]  (T=1, K=670)
[pim-debug] NOTE: CENT(AiM) trace backend internally uses x shape (1,1,dim) and handles prefill by repeating ops;
           the table below shows the *effective parameters* passed into cost_model_pim_backend for each op.
[pim-debug] op#00 op=QK       norm=score      sh=1  dim=4096  heads=16  hd=128 q_dim=2048  kv_heads=16  kv_dim=2048  o_dim=2048  ffn_dim=5504   seqlen=670    qlen=1   cache=N lat=    0.004ms cycles≈3616
[pim-debug] op#01 op=Softmax  norm=softmax    sh=1  dim=4096  heads=16  hd=128 q_dim=2048  kv_heads=16  kv_dim=2048  o_dim=2048  ffn_dim=5504   seqlen=670    qlen=1   cache=N lat=    0.002ms cycles≈2263
[pim-debug] op#02 op=SV       norm=output     sh=1  dim=4096  heads=16  hd=128 q_dim=2048  kv_heads=16  kv_dim=2048  o_dim=2048  ffn_dim=5504   seqlen=670    qlen=1   cache=N lat=    0.002ms cycles≈2020
[pim-debug] segment total latency: 0.008 ms
========================================================================================
[pim-debug] segment_key=pim|decode|35|8d3c4a27f3148da54f43fbe5a8786c55
[pim-debug] sig: device_type=pim phase=decode step=35 (count_hint=32)
[pim-debug] ops_repr: QK:0,Softmax:0,SV:0
[pim-debug] cfg: shard_policy='fine' shards=2 dim=4096 ffn_dim=11008 n_heads=32 n_kv_heads=auto->n_heads
[pim-debug] pim_config=/lustre/home/2501111916/workspace/XPUPIM_0226_gpupim_parameter/TriForm/algorithms/aim_simulator/PIM_AiM.json
[pim-debug] ramulator_config=/lustre/home/2501111916/workspace/XPUPIM_0226_gpupim_parameter/TriForm/algorithms/aim_simulator/example.yaml
[pim-debug] cost_model config.PIM_FREQ_GHZ=1.0
[pim-debug] op plan (logical shapes inferred from schedule cfg):
  - op#00  op=QK       shard=0   q=[16x1x128] + k=[16x128x670]  ->  y=[16x1x670]  (T=1, K=670)
  - op#01  op=Softmax  shard=0   scores=[16x1x670]  ->  y=[16x1x670]  (T=1, K=670)
  - op#02  op=SV       shard=0   p=[16x1x670] + v=[16x670x128]  ->  y=[16x1x128]  (T=1, K=670)
[pim-debug] NOTE: CENT(AiM) trace backend internally uses x shape (1,1,dim) and handles prefill by repeating ops;
           the table below shows the *effective parameters* passed into cost_model_pim_backend for each op.
[pim-debug] op#00 op=QK       norm=score      sh=0  dim=4096  heads=16  hd=128 q_dim=2048  kv_heads=16  kv_dim=2048  o_dim=2048  ffn_dim=5504   seqlen=670    qlen=1   cache=N lat=    0.004ms cycles≈3616
[pim-debug] op#01 op=Softmax  norm=softmax    sh=0  dim=4096  heads=16  hd=128 q_dim=2048  kv_heads=16  kv_dim=2048  o_dim=2048  ffn_dim=5504   seqlen=670    qlen=1   cache=N lat=    0.002ms cycles≈2263
[pim-debug] op#02 op=SV       norm=output     sh=0  dim=4096  heads=16  hd=128 q_dim=2048  kv_heads=16  kv_dim=2048  o_dim=2048  ffn_dim=5504   seqlen=670    qlen=1   cache=N lat=    0.002ms cycles≈2020
[pim-debug] segment total latency: 0.008 ms
========================================================================================
[pim-debug] segment_key=pim|decode|36|583a2f400a32ef30361deb25375d6d1d
[pim-debug] sig: device_type=pim phase=decode step=36 (count_hint=32)
[pim-debug] ops_repr: QK:1,Softmax:1,SV:1
[pim-debug] cfg: shard_policy='fine' shards=2 dim=4096 ffn_dim=11008 n_heads=32 n_kv_heads=auto->n_heads
[pim-debug] pim_config=/lustre/home/2501111916/workspace/XPUPIM_0226_gpupim_parameter/TriForm/algorithms/aim_simulator/PIM_AiM.json
[pim-debug] ramulator_config=/lustre/home/2501111916/workspace/XPUPIM_0226_gpupim_parameter/TriForm/algorithms/aim_simulator/example.yaml
[pim-debug] cost_model config.PIM_FREQ_GHZ=1.0
[pim-debug] op plan (logical shapes inferred from schedule cfg):
  - op#00  op=QK       shard=1   q=[16x1x128] + k=[16x128x682]  ->  y=[16x1x682]  (T=1, K=682)
  - op#01  op=Softmax  shard=1   scores=[16x1x682]  ->  y=[16x1x682]  (T=1, K=682)
  - op#02  op=SV       shard=1   p=[16x1x682] + v=[16x682x128]  ->  y=[16x1x128]  (T=1, K=682)
[pim-debug] NOTE: CENT(AiM) trace backend internally uses x shape (1,1,dim) and handles prefill by repeating ops;
           the table below shows the *effective parameters* passed into cost_model_pim_backend for each op.
[pim-debug] op#00 op=QK       norm=score      sh=1  dim=4096  heads=16  hd=128 q_dim=2048  kv_heads=16  kv_dim=2048  o_dim=2048  ffn_dim=5504   seqlen=682    qlen=1   cache=N lat=    0.004ms cycles≈3616
[pim-debug] op#01 op=Softmax  norm=softmax    sh=1  dim=4096  heads=16  hd=128 q_dim=2048  kv_heads=16  kv_dim=2048  o_dim=2048  ffn_dim=5504   seqlen=682    qlen=1   cache=N lat=    0.002ms cycles≈2315
[pim-debug] op#02 op=SV       norm=output     sh=1  dim=4096  heads=16  hd=128 q_dim=2048  kv_heads=16  kv_dim=2048  o_dim=2048  ffn_dim=5504   seqlen=682    qlen=1   cache=N lat=    0.002ms cycles≈2038
[pim-debug] segment total latency: 0.008 ms
========================================================================================
[pim-debug] segment_key=pim|decode|36|8d3c4a27f3148da54f43fbe5a8786c55
[pim-debug] sig: device_type=pim phase=decode step=36 (count_hint=32)
[pim-debug] ops_repr: QK:0,Softmax:0,SV:0
[pim-debug] cfg: shard_policy='fine' shards=2 dim=4096 ffn_dim=11008 n_heads=32 n_kv_heads=auto->n_heads
[pim-debug] pim_config=/lustre/home/2501111916/workspace/XPUPIM_0226_gpupim_parameter/TriForm/algorithms/aim_simulator/PIM_AiM.json
[pim-debug] ramulator_config=/lustre/home/2501111916/workspace/XPUPIM_0226_gpupim_parameter/TriForm/algorithms/aim_simulator/example.yaml
[pim-debug] cost_model config.PIM_FREQ_GHZ=1.0
[pim-debug] op plan (logical shapes inferred from schedule cfg):
  - op#00  op=QK       shard=0   q=[16x1x128] + k=[16x128x682]  ->  y=[16x1x682]  (T=1, K=682)
  - op#01  op=Softmax  shard=0   scores=[16x1x682]  ->  y=[16x1x682]  (T=1, K=682)
  - op#02  op=SV       shard=0   p=[16x1x682] + v=[16x682x128]  ->  y=[16x1x128]  (T=1, K=682)
[pim-debug] NOTE: CENT(AiM) trace backend internally uses x shape (1,1,dim) and handles prefill by repeating ops;
           the table below shows the *effective parameters* passed into cost_model_pim_backend for each op.
[pim-debug] op#00 op=QK       norm=score      sh=0  dim=4096  heads=16  hd=128 q_dim=2048  kv_heads=16  kv_dim=2048  o_dim=2048  ffn_dim=5504   seqlen=682    qlen=1   cache=N lat=    0.004ms cycles≈3616
[pim-debug] op#01 op=Softmax  norm=softmax    sh=0  dim=4096  heads=16  hd=128 q_dim=2048  kv_heads=16  kv_dim=2048  o_dim=2048  ffn_dim=5504   seqlen=682    qlen=1   cache=N lat=    0.002ms cycles≈2315
[pim-debug] op#02 op=SV       norm=output     sh=0  dim=4096  heads=16  hd=128 q_dim=2048  kv_heads=16  kv_dim=2048  o_dim=2048  ffn_dim=5504   seqlen=682    qlen=1   cache=N lat=    0.002ms cycles≈2038
[pim-debug] segment total latency: 0.008 ms
========================================================================================
[pim-debug] segment_key=pim|decode|37|583a2f400a32ef30361deb25375d6d1d
[pim-debug] sig: device_type=pim phase=decode step=37 (count_hint=32)
[pim-debug] ops_repr: QK:1,Softmax:1,SV:1
[pim-debug] cfg: shard_policy='fine' shards=2 dim=4096 ffn_dim=11008 n_heads=32 n_kv_heads=auto->n_heads
[pim-debug] pim_config=/lustre/home/2501111916/workspace/XPUPIM_0226_gpupim_parameter/TriForm/algorithms/aim_simulator/PIM_AiM.json
[pim-debug] ramulator_config=/lustre/home/2501111916/workspace/XPUPIM_0226_gpupim_parameter/TriForm/algorithms/aim_simulator/example.yaml
[pim-debug] cost_model config.PIM_FREQ_GHZ=1.0
[pim-debug] op plan (logical shapes inferred from schedule cfg):
  - op#00  op=QK       shard=1   q=[16x1x128] + k=[16x128x694]  ->  y=[16x1x694]  (T=1, K=694)
  - op#01  op=Softmax  shard=1   scores=[16x1x694]  ->  y=[16x1x694]  (T=1, K=694)
  - op#02  op=SV       shard=1   p=[16x1x694] + v=[16x694x128]  ->  y=[16x1x128]  (T=1, K=694)
[pim-debug] NOTE: CENT(AiM) trace backend internally uses x shape (1,1,dim) and handles prefill by repeating ops;
           the table below shows the *effective parameters* passed into cost_model_pim_backend for each op.
[pim-debug] op#00 op=QK       norm=score      sh=1  dim=4096  heads=16  hd=128 q_dim=2048  kv_heads=16  kv_dim=2048  o_dim=2048  ffn_dim=5504   seqlen=694    qlen=1   cache=N lat=    0.004ms cycles≈3616
[pim-debug] op#01 op=Softmax  norm=softmax    sh=1  dim=4096  heads=16  hd=128 q_dim=2048  kv_heads=16  kv_dim=2048  o_dim=2048  ffn_dim=5504   seqlen=694    qlen=1   cache=N lat=    0.002ms cycles≈2367
[pim-debug] op#02 op=SV       norm=output     sh=1  dim=4096  heads=16  hd=128 q_dim=2048  kv_heads=16  kv_dim=2048  o_dim=2048  ffn_dim=5504   seqlen=694    qlen=1   cache=N lat=    0.002ms cycles≈2056
[pim-debug] segment total latency: 0.008 ms
========================================================================================
[pim-debug] segment_key=pim|decode|37|8d3c4a27f3148da54f43fbe5a8786c55
[pim-debug] sig: device_type=pim phase=decode step=37 (count_hint=32)
[pim-debug] ops_repr: QK:0,Softmax:0,SV:0
[pim-debug] cfg: shard_policy='fine' shards=2 dim=4096 ffn_dim=11008 n_heads=32 n_kv_heads=auto->n_heads
[pim-debug] pim_config=/lustre/home/2501111916/workspace/XPUPIM_0226_gpupim_parameter/TriForm/algorithms/aim_simulator/PIM_AiM.json
[pim-debug] ramulator_config=/lustre/home/2501111916/workspace/XPUPIM_0226_gpupim_parameter/TriForm/algorithms/aim_simulator/example.yaml
[pim-debug] cost_model config.PIM_FREQ_GHZ=1.0
[pim-debug] op plan (logical shapes inferred from schedule cfg):
  - op#00  op=QK       shard=0   q=[16x1x128] + k=[16x128x694]  ->  y=[16x1x694]  (T=1, K=694)
  - op#01  op=Softmax  shard=0   scores=[16x1x694]  ->  y=[16x1x694]  (T=1, K=694)
  - op#02  op=SV       shard=0   p=[16x1x694] + v=[16x694x128]  ->  y=[16x1x128]  (T=1, K=694)
[pim-debug] NOTE: CENT(AiM) trace backend internally uses x shape (1,1,dim) and handles prefill by repeating ops;
           the table below shows the *effective parameters* passed into cost_model_pim_backend for each op.
[pim-debug] op#00 op=QK       norm=score      sh=0  dim=4096  heads=16  hd=128 q_dim=2048  kv_heads=16  kv_dim=2048  o_dim=2048  ffn_dim=5504   seqlen=694    qlen=1   cache=N lat=    0.004ms cycles≈3616
[pim-debug] op#01 op=Softmax  norm=softmax    sh=0  dim=4096  heads=16  hd=128 q_dim=2048  kv_heads=16  kv_dim=2048  o_dim=2048  ffn_dim=5504   seqlen=694    qlen=1   cache=N lat=    0.002ms cycles≈2367
[pim-debug] op#02 op=SV       norm=output     sh=0  dim=4096  heads=16  hd=128 q_dim=2048  kv_heads=16  kv_dim=2048  o_dim=2048  ffn_dim=5504   seqlen=694    qlen=1   cache=N lat=    0.002ms cycles≈2056
[pim-debug] segment total latency: 0.008 ms
========================================================================================
[pim-debug] segment_key=pim|decode|38|583a2f400a32ef30361deb25375d6d1d
[pim-debug] sig: device_type=pim phase=decode step=38 (count_hint=32)
[pim-debug] ops_repr: QK:1,Softmax:1,SV:1
[pim-debug] cfg: shard_policy='fine' shards=2 dim=4096 ffn_dim=11008 n_heads=32 n_kv_heads=auto->n_heads
[pim-debug] pim_config=/lustre/home/2501111916/workspace/XPUPIM_0226_gpupim_parameter/TriForm/algorithms/aim_simulator/PIM_AiM.json
[pim-debug] ramulator_config=/lustre/home/2501111916/workspace/XPUPIM_0226_gpupim_parameter/TriForm/algorithms/aim_simulator/example.yaml
[pim-debug] cost_model config.PIM_FREQ_GHZ=1.0
[pim-debug] op plan (logical shapes inferred from schedule cfg):
  - op#00  op=QK       shard=1   q=[16x1x128] + k=[16x128x706]  ->  y=[16x1x706]  (T=1, K=706)
  - op#01  op=Softmax  shard=1   scores=[16x1x706]  ->  y=[16x1x706]  (T=1, K=706)
  - op#02  op=SV       shard=1   p=[16x1x706] + v=[16x706x128]  ->  y=[16x1x128]  (T=1, K=706)
[pim-debug] NOTE: CENT(AiM) trace backend internally uses x shape (1,1,dim) and handles prefill by repeating ops;
           the table below shows the *effective parameters* passed into cost_model_pim_backend for each op.
[pim-debug] op#00 op=QK       norm=score      sh=1  dim=4096  heads=16  hd=128 q_dim=2048  kv_heads=16  kv_dim=2048  o_dim=2048  ffn_dim=5504   seqlen=706    qlen=1   cache=N lat=    0.004ms cycles≈3616
[pim-debug] op#01 op=Softmax  norm=softmax    sh=1  dim=4096  heads=16  hd=128 q_dim=2048  kv_heads=16  kv_dim=2048  o_dim=2048  ffn_dim=5504   seqlen=706    qlen=1   cache=N lat=    0.002ms cycles≈2419
[pim-debug] op#02 op=SV       norm=output     sh=1  dim=4096  heads=16  hd=128 q_dim=2048  kv_heads=16  kv_dim=2048  o_dim=2048  ffn_dim=5504   seqlen=706    qlen=1   cache=N lat=    0.002ms cycles≈2074
[pim-debug] segment total latency: 0.008 ms
========================================================================================
[pim-debug] segment_key=pim|decode|38|8d3c4a27f3148da54f43fbe5a8786c55
[pim-debug] sig: device_type=pim phase=decode step=38 (count_hint=32)
[pim-debug] ops_repr: QK:0,Softmax:0,SV:0
[pim-debug] cfg: shard_policy='fine' shards=2 dim=4096 ffn_dim=11008 n_heads=32 n_kv_heads=auto->n_heads
[pim-debug] pim_config=/lustre/home/2501111916/workspace/XPUPIM_0226_gpupim_parameter/TriForm/algorithms/aim_simulator/PIM_AiM.json
[pim-debug] ramulator_config=/lustre/home/2501111916/workspace/XPUPIM_0226_gpupim_parameter/TriForm/algorithms/aim_simulator/example.yaml
[pim-debug] cost_model config.PIM_FREQ_GHZ=1.0
[pim-debug] op plan (logical shapes inferred from schedule cfg):
  - op#00  op=QK       shard=0   q=[16x1x128] + k=[16x128x706]  ->  y=[16x1x706]  (T=1, K=706)
  - op#01  op=Softmax  shard=0   scores=[16x1x706]  ->  y=[16x1x706]  (T=1, K=706)
  - op#02  op=SV       shard=0   p=[16x1x706] + v=[16x706x128]  ->  y=[16x1x128]  (T=1, K=706)
[pim-debug] NOTE: CENT(AiM) trace backend internally uses x shape (1,1,dim) and handles prefill by repeating ops;
           the table below shows the *effective parameters* passed into cost_model_pim_backend for each op.
[pim-debug] op#00 op=QK       norm=score      sh=0  dim=4096  heads=16  hd=128 q_dim=2048  kv_heads=16  kv_dim=2048  o_dim=2048  ffn_dim=5504   seqlen=706    qlen=1   cache=N lat=    0.004ms cycles≈3616
[pim-debug] op#01 op=Softmax  norm=softmax    sh=0  dim=4096  heads=16  hd=128 q_dim=2048  kv_heads=16  kv_dim=2048  o_dim=2048  ffn_dim=5504   seqlen=706    qlen=1   cache=N lat=    0.002ms cycles≈2419
[pim-debug] op#02 op=SV       norm=output     sh=0  dim=4096  heads=16  hd=128 q_dim=2048  kv_heads=16  kv_dim=2048  o_dim=2048  ffn_dim=5504   seqlen=706    qlen=1   cache=N lat=    0.002ms cycles≈2074
[pim-debug] segment total latency: 0.008 ms
========================================================================================
[pim-debug] segment_key=pim|decode|39|583a2f400a32ef30361deb25375d6d1d
[pim-debug] sig: device_type=pim phase=decode step=39 (count_hint=32)
[pim-debug] ops_repr: QK:1,Softmax:1,SV:1
[pim-debug] cfg: shard_policy='fine' shards=2 dim=4096 ffn_dim=11008 n_heads=32 n_kv_heads=auto->n_heads
[pim-debug] pim_config=/lustre/home/2501111916/workspace/XPUPIM_0226_gpupim_parameter/TriForm/algorithms/aim_simulator/PIM_AiM.json
[pim-debug] ramulator_config=/lustre/home/2501111916/workspace/XPUPIM_0226_gpupim_parameter/TriForm/algorithms/aim_simulator/example.yaml
[pim-debug] cost_model config.PIM_FREQ_GHZ=1.0
[pim-debug] op plan (logical shapes inferred from schedule cfg):
  - op#00  op=QK       shard=1   q=[16x1x128] + k=[16x128x718]  ->  y=[16x1x718]  (T=1, K=718)
  - op#01  op=Softmax  shard=1   scores=[16x1x718]  ->  y=[16x1x718]  (T=1, K=718)
  - op#02  op=SV       shard=1   p=[16x1x718] + v=[16x718x128]  ->  y=[16x1x128]  (T=1, K=718)
[pim-debug] NOTE: CENT(AiM) trace backend internally uses x shape (1,1,dim) and handles prefill by repeating ops;
           the table below shows the *effective parameters* passed into cost_model_pim_backend for each op.
[pim-debug] op#00 op=QK       norm=score      sh=1  dim=4096  heads=16  hd=128 q_dim=2048  kv_heads=16  kv_dim=2048  o_dim=2048  ffn_dim=5504   seqlen=718    qlen=1   cache=N lat=    0.004ms cycles≈3616
[pim-debug] op#01 op=Softmax  norm=softmax    sh=1  dim=4096  heads=16  hd=128 q_dim=2048  kv_heads=16  kv_dim=2048  o_dim=2048  ffn_dim=5504   seqlen=718    qlen=1   cache=N lat=    0.002ms cycles≈2419
[pim-debug] op#02 op=SV       norm=output     sh=1  dim=4096  heads=16  hd=128 q_dim=2048  kv_heads=16  kv_dim=2048  o_dim=2048  ffn_dim=5504   seqlen=718    qlen=1   cache=N lat=    0.002ms cycles≈2074
[pim-debug] segment total latency: 0.008 ms
========================================================================================
[pim-debug] segment_key=pim|decode|39|8d3c4a27f3148da54f43fbe5a8786c55
[pim-debug] sig: device_type=pim phase=decode step=39 (count_hint=32)
[pim-debug] ops_repr: QK:0,Softmax:0,SV:0
[pim-debug] cfg: shard_policy='fine' shards=2 dim=4096 ffn_dim=11008 n_heads=32 n_kv_heads=auto->n_heads
[pim-debug] pim_config=/lustre/home/2501111916/workspace/XPUPIM_0226_gpupim_parameter/TriForm/algorithms/aim_simulator/PIM_AiM.json
[pim-debug] ramulator_config=/lustre/home/2501111916/workspace/XPUPIM_0226_gpupim_parameter/TriForm/algorithms/aim_simulator/example.yaml
[pim-debug] cost_model config.PIM_FREQ_GHZ=1.0
[pim-debug] op plan (logical shapes inferred from schedule cfg):
  - op#00  op=QK       shard=0   q=[16x1x128] + k=[16x128x718]  ->  y=[16x1x718]  (T=1, K=718)
  - op#01  op=Softmax  shard=0   scores=[16x1x718]  ->  y=[16x1x718]  (T=1, K=718)
  - op#02  op=SV       shard=0   p=[16x1x718] + v=[16x718x128]  ->  y=[16x1x128]  (T=1, K=718)
[pim-debug] NOTE: CENT(AiM) trace backend internally uses x shape (1,1,dim) and handles prefill by repeating ops;
           the table below shows the *effective parameters* passed into cost_model_pim_backend for each op.
[pim-debug] op#00 op=QK       norm=score      sh=0  dim=4096  heads=16  hd=128 q_dim=2048  kv_heads=16  kv_dim=2048  o_dim=2048  ffn_dim=5504   seqlen=718    qlen=1   cache=N lat=    0.004ms cycles≈3616
[pim-debug] op#01 op=Softmax  norm=softmax    sh=0  dim=4096  heads=16  hd=128 q_dim=2048  kv_heads=16  kv_dim=2048  o_dim=2048  ffn_dim=5504   seqlen=718    qlen=1   cache=N lat=    0.002ms cycles≈2419
[pim-debug] op#02 op=SV       norm=output     sh=0  dim=4096  heads=16  hd=128 q_dim=2048  kv_heads=16  kv_dim=2048  o_dim=2048  ffn_dim=5504   seqlen=718    qlen=1   cache=N lat=    0.002ms cycles≈2074
[pim-debug] segment total latency: 0.008 ms
========================================================================================
[pim-debug] segment_key=pim|decode|3|583a2f400a32ef30361deb25375d6d1d
[pim-debug] sig: device_type=pim phase=decode step=3 (count_hint=32)
[pim-debug] ops_repr: QK:1,Softmax:1,SV:1
[pim-debug] cfg: shard_policy='fine' shards=2 dim=4096 ffn_dim=11008 n_heads=32 n_kv_heads=auto->n_heads
[pim-debug] pim_config=/lustre/home/2501111916/workspace/XPUPIM_0226_gpupim_parameter/TriForm/algorithms/aim_simulator/PIM_AiM.json
[pim-debug] ramulator_config=/lustre/home/2501111916/workspace/XPUPIM_0226_gpupim_parameter/TriForm/algorithms/aim_simulator/example.yaml
[pim-debug] cost_model config.PIM_FREQ_GHZ=1.0
[pim-debug] op plan (logical shapes inferred from schedule cfg):
  - op#00  op=QK       shard=1   q=[16x1x128] + k=[16x128x286]  ->  y=[16x1x286]  (T=1, K=286)
  - op#01  op=Softmax  shard=1   scores=[16x1x286]  ->  y=[16x1x286]  (T=1, K=286)
  - op#02  op=SV       shard=1   p=[16x1x286] + v=[16x286x128]  ->  y=[16x1x128]  (T=1, K=286)
[pim-debug] NOTE: CENT(AiM) trace backend internally uses x shape (1,1,dim) and handles prefill by repeating ops;
           the table below shows the *effective parameters* passed into cost_model_pim_backend for each op.
[pim-debug] op#00 op=QK       norm=score      sh=1  dim=4096  heads=16  hd=128 q_dim=2048  kv_heads=16  kv_dim=2048  o_dim=2048  ffn_dim=5504   seqlen=286    qlen=1   cache=N lat=    0.002ms cycles≈1808
[pim-debug] op#01 op=Softmax  norm=softmax    sh=1  dim=4096  heads=16  hd=128 q_dim=2048  kv_heads=16  kv_dim=2048  o_dim=2048  ffn_dim=5504   seqlen=286    qlen=1   cache=N lat=    0.001ms cycles≈1015
[pim-debug] op#02 op=SV       norm=output     sh=1  dim=4096  heads=16  hd=128 q_dim=2048  kv_heads=16  kv_dim=2048  o_dim=2048  ffn_dim=5504   seqlen=286    qlen=1   cache=N lat=    0.002ms cycles≈1588
[pim-debug] segment total latency: 0.004 ms
========================================================================================
[pim-debug] segment_key=pim|decode|3|8d3c4a27f3148da54f43fbe5a8786c55
[pim-debug] sig: device_type=pim phase=decode step=3 (count_hint=32)
[pim-debug] ops_repr: QK:0,Softmax:0,SV:0
[pim-debug] cfg: shard_policy='fine' shards=2 dim=4096 ffn_dim=11008 n_heads=32 n_kv_heads=auto->n_heads
[pim-debug] pim_config=/lustre/home/2501111916/workspace/XPUPIM_0226_gpupim_parameter/TriForm/algorithms/aim_simulator/PIM_AiM.json
[pim-debug] ramulator_config=/lustre/home/2501111916/workspace/XPUPIM_0226_gpupim_parameter/TriForm/algorithms/aim_simulator/example.yaml
[pim-debug] cost_model config.PIM_FREQ_GHZ=1.0
[pim-debug] op plan (logical shapes inferred from schedule cfg):
  - op#00  op=QK       shard=0   q=[16x1x128] + k=[16x128x286]  ->  y=[16x1x286]  (T=1, K=286)
  - op#01  op=Softmax  shard=0   scores=[16x1x286]  ->  y=[16x1x286]  (T=1, K=286)
  - op#02  op=SV       shard=0   p=[16x1x286] + v=[16x286x128]  ->  y=[16x1x128]  (T=1, K=286)
[pim-debug] NOTE: CENT(AiM) trace backend internally uses x shape (1,1,dim) and handles prefill by repeating ops;
           the table below shows the *effective parameters* passed into cost_model_pim_backend for each op.
[pim-debug] op#00 op=QK       norm=score      sh=0  dim=4096  heads=16  hd=128 q_dim=2048  kv_heads=16  kv_dim=2048  o_dim=2048  ffn_dim=5504   seqlen=286    qlen=1   cache=N lat=    0.002ms cycles≈1808
[pim-debug] op#01 op=Softmax  norm=softmax    sh=0  dim=4096  heads=16  hd=128 q_dim=2048  kv_heads=16  kv_dim=2048  o_dim=2048  ffn_dim=5504   seqlen=286    qlen=1   cache=N lat=    0.001ms cycles≈1015
[pim-debug] op#02 op=SV       norm=output     sh=0  dim=4096  heads=16  hd=128 q_dim=2048  kv_heads=16  kv_dim=2048  o_dim=2048  ffn_dim=5504   seqlen=286    qlen=1   cache=N lat=    0.002ms cycles≈1588
[pim-debug] segment total latency: 0.004 ms
========================================================================================
[pim-debug] segment_key=pim|decode|40|583a2f400a32ef30361deb25375d6d1d
[pim-debug] sig: device_type=pim phase=decode step=40 (count_hint=32)
[pim-debug] ops_repr: QK:1,Softmax:1,SV:1
[pim-debug] cfg: shard_policy='fine' shards=2 dim=4096 ffn_dim=11008 n_heads=32 n_kv_heads=auto->n_heads
[pim-debug] pim_config=/lustre/home/2501111916/workspace/XPUPIM_0226_gpupim_parameter/TriForm/algorithms/aim_simulator/PIM_AiM.json
[pim-debug] ramulator_config=/lustre/home/2501111916/workspace/XPUPIM_0226_gpupim_parameter/TriForm/algorithms/aim_simulator/example.yaml
[pim-debug] cost_model config.PIM_FREQ_GHZ=1.0
[pim-debug] op plan (logical shapes inferred from schedule cfg):
  - op#00  op=QK       shard=1   q=[16x1x128] + k=[16x128x730]  ->  y=[16x1x730]  (T=1, K=730)
  - op#01  op=Softmax  shard=1   scores=[16x1x730]  ->  y=[16x1x730]  (T=1, K=730)
  - op#02  op=SV       shard=1   p=[16x1x730] + v=[16x730x128]  ->  y=[16x1x128]  (T=1, K=730)
[pim-debug] NOTE: CENT(AiM) trace backend internally uses x shape (1,1,dim) and handles prefill by repeating ops;
           the table below shows the *effective parameters* passed into cost_model_pim_backend for each op.
[pim-debug] op#00 op=QK       norm=score      sh=1  dim=4096  heads=16  hd=128 q_dim=2048  kv_heads=16  kv_dim=2048  o_dim=2048  ffn_dim=5504   seqlen=730    qlen=1   cache=N lat=    0.004ms cycles≈3616
[pim-debug] op#01 op=Softmax  norm=softmax    sh=1  dim=4096  heads=16  hd=128 q_dim=2048  kv_heads=16  kv_dim=2048  o_dim=2048  ffn_dim=5504   seqlen=730    qlen=1   cache=N lat=    0.002ms cycles≈2471
[pim-debug] op#02 op=SV       norm=output     sh=1  dim=4096  heads=16  hd=128 q_dim=2048  kv_heads=16  kv_dim=2048  o_dim=2048  ffn_dim=5504   seqlen=730    qlen=1   cache=N lat=    0.002ms cycles≈2092
[pim-debug] segment total latency: 0.008 ms
========================================================================================
[pim-debug] segment_key=pim|decode|40|8d3c4a27f3148da54f43fbe5a8786c55
[pim-debug] sig: device_type=pim phase=decode step=40 (count_hint=32)
[pim-debug] ops_repr: QK:0,Softmax:0,SV:0
[pim-debug] cfg: shard_policy='fine' shards=2 dim=4096 ffn_dim=11008 n_heads=32 n_kv_heads=auto->n_heads
[pim-debug] pim_config=/lustre/home/2501111916/workspace/XPUPIM_0226_gpupim_parameter/TriForm/algorithms/aim_simulator/PIM_AiM.json
[pim-debug] ramulator_config=/lustre/home/2501111916/workspace/XPUPIM_0226_gpupim_parameter/TriForm/algorithms/aim_simulator/example.yaml
[pim-debug] cost_model config.PIM_FREQ_GHZ=1.0
[pim-debug] op plan (logical shapes inferred from schedule cfg):
  - op#00  op=QK       shard=0   q=[16x1x128] + k=[16x128x730]  ->  y=[16x1x730]  (T=1, K=730)
  - op#01  op=Softmax  shard=0   scores=[16x1x730]  ->  y=[16x1x730]  (T=1, K=730)
  - op#02  op=SV       shard=0   p=[16x1x730] + v=[16x730x128]  ->  y=[16x1x128]  (T=1, K=730)
[pim-debug] NOTE: CENT(AiM) trace backend internally uses x shape (1,1,dim) and handles prefill by repeating ops;
           the table below shows the *effective parameters* passed into cost_model_pim_backend for each op.
[pim-debug] op#00 op=QK       norm=score      sh=0  dim=4096  heads=16  hd=128 q_dim=2048  kv_heads=16  kv_dim=2048  o_dim=2048  ffn_dim=5504   seqlen=730    qlen=1   cache=N lat=    0.004ms cycles≈3616
[pim-debug] op#01 op=Softmax  norm=softmax    sh=0  dim=4096  heads=16  hd=128 q_dim=2048  kv_heads=16  kv_dim=2048  o_dim=2048  ffn_dim=5504   seqlen=730    qlen=1   cache=N lat=    0.002ms cycles≈2471
[pim-debug] op#02 op=SV       norm=output     sh=0  dim=4096  heads=16  hd=128 q_dim=2048  kv_heads=16  kv_dim=2048  o_dim=2048  ffn_dim=5504   seqlen=730    qlen=1   cache=N lat=    0.002ms cycles≈2092
[pim-debug] segment total latency: 0.008 ms
========================================================================================
[pim-debug] segment_key=pim|decode|41|583a2f400a32ef30361deb25375d6d1d
[pim-debug] sig: device_type=pim phase=decode step=41 (count_hint=32)
[pim-debug] ops_repr: QK:1,Softmax:1,SV:1
[pim-debug] cfg: shard_policy='fine' shards=2 dim=4096 ffn_dim=11008 n_heads=32 n_kv_heads=auto->n_heads
[pim-debug] pim_config=/lustre/home/2501111916/workspace/XPUPIM_0226_gpupim_parameter/TriForm/algorithms/aim_simulator/PIM_AiM.json
[pim-debug] ramulator_config=/lustre/home/2501111916/workspace/XPUPIM_0226_gpupim_parameter/TriForm/algorithms/aim_simulator/example.yaml
[pim-debug] cost_model config.PIM_FREQ_GHZ=1.0
[pim-debug] op plan (logical shapes inferred from schedule cfg):
  - op#00  op=QK       shard=1   q=[16x1x128] + k=[16x128x742]  ->  y=[16x1x742]  (T=1, K=742)
  - op#01  op=Softmax  shard=1   scores=[16x1x742]  ->  y=[16x1x742]  (T=1, K=742)
  - op#02  op=SV       shard=1   p=[16x1x742] + v=[16x742x128]  ->  y=[16x1x128]  (T=1, K=742)
[pim-debug] NOTE: CENT(AiM) trace backend internally uses x shape (1,1,dim) and handles prefill by repeating ops;
           the table below shows the *effective parameters* passed into cost_model_pim_backend for each op.
[pim-debug] op#00 op=QK       norm=score      sh=1  dim=4096  heads=16  hd=128 q_dim=2048  kv_heads=16  kv_dim=2048  o_dim=2048  ffn_dim=5504   seqlen=742    qlen=1   cache=N lat=    0.004ms cycles≈3616
[pim-debug] op#01 op=Softmax  norm=softmax    sh=1  dim=4096  heads=16  hd=128 q_dim=2048  kv_heads=16  kv_dim=2048  o_dim=2048  ffn_dim=5504   seqlen=742    qlen=1   cache=N lat=    0.003ms cycles≈2523
[pim-debug] op#02 op=SV       norm=output     sh=1  dim=4096  heads=16  hd=128 q_dim=2048  kv_heads=16  kv_dim=2048  o_dim=2048  ffn_dim=5504   seqlen=742    qlen=1   cache=N lat=    0.002ms cycles≈2110
[pim-debug] segment total latency: 0.008 ms
========================================================================================
[pim-debug] segment_key=pim|decode|41|8d3c4a27f3148da54f43fbe5a8786c55
[pim-debug] sig: device_type=pim phase=decode step=41 (count_hint=32)
[pim-debug] ops_repr: QK:0,Softmax:0,SV:0
[pim-debug] cfg: shard_policy='fine' shards=2 dim=4096 ffn_dim=11008 n_heads=32 n_kv_heads=auto->n_heads
[pim-debug] pim_config=/lustre/home/2501111916/workspace/XPUPIM_0226_gpupim_parameter/TriForm/algorithms/aim_simulator/PIM_AiM.json
[pim-debug] ramulator_config=/lustre/home/2501111916/workspace/XPUPIM_0226_gpupim_parameter/TriForm/algorithms/aim_simulator/example.yaml
[pim-debug] cost_model config.PIM_FREQ_GHZ=1.0
[pim-debug] op plan (logical shapes inferred from schedule cfg):
  - op#00  op=QK       shard=0   q=[16x1x128] + k=[16x128x742]  ->  y=[16x1x742]  (T=1, K=742)
  - op#01  op=Softmax  shard=0   scores=[16x1x742]  ->  y=[16x1x742]  (T=1, K=742)
  - op#02  op=SV       shard=0   p=[16x1x742] + v=[16x742x128]  ->  y=[16x1x128]  (T=1, K=742)
[pim-debug] NOTE: CENT(AiM) trace backend internally uses x shape (1,1,dim) and handles prefill by repeating ops;
           the table below shows the *effective parameters* passed into cost_model_pim_backend for each op.
[pim-debug] op#00 op=QK       norm=score      sh=0  dim=4096  heads=16  hd=128 q_dim=2048  kv_heads=16  kv_dim=2048  o_dim=2048  ffn_dim=5504   seqlen=742    qlen=1   cache=N lat=    0.004ms cycles≈3616
[pim-debug] op#01 op=Softmax  norm=softmax    sh=0  dim=4096  heads=16  hd=128 q_dim=2048  kv_heads=16  kv_dim=2048  o_dim=2048  ffn_dim=5504   seqlen=742    qlen=1   cache=N lat=    0.003ms cycles≈2523
[pim-debug] op#02 op=SV       norm=output     sh=0  dim=4096  heads=16  hd=128 q_dim=2048  kv_heads=16  kv_dim=2048  o_dim=2048  ffn_dim=5504   seqlen=742    qlen=1   cache=N lat=    0.002ms cycles≈2110
[pim-debug] segment total latency: 0.008 ms
========================================================================================
[pim-debug] segment_key=pim|decode|42|583a2f400a32ef30361deb25375d6d1d
[pim-debug] sig: device_type=pim phase=decode step=42 (count_hint=32)
[pim-debug] ops_repr: QK:1,Softmax:1,SV:1
[pim-debug] cfg: shard_policy='fine' shards=2 dim=4096 ffn_dim=11008 n_heads=32 n_kv_heads=auto->n_heads
[pim-debug] pim_config=/lustre/home/2501111916/workspace/XPUPIM_0226_gpupim_parameter/TriForm/algorithms/aim_simulator/PIM_AiM.json
[pim-debug] ramulator_config=/lustre/home/2501111916/workspace/XPUPIM_0226_gpupim_parameter/TriForm/algorithms/aim_simulator/example.yaml
[pim-debug] cost_model config.PIM_FREQ_GHZ=1.0
[pim-debug] op plan (logical shapes inferred from schedule cfg):
  - op#00  op=QK       shard=1   q=[16x1x128] + k=[16x128x754]  ->  y=[16x1x754]  (T=1, K=754)
  - op#01  op=Softmax  shard=1   scores=[16x1x754]  ->  y=[16x1x754]  (T=1, K=754)
  - op#02  op=SV       shard=1   p=[16x1x754] + v=[16x754x128]  ->  y=[16x1x128]  (T=1, K=754)
[pim-debug] NOTE: CENT(AiM) trace backend internally uses x shape (1,1,dim) and handles prefill by repeating ops;
           the table below shows the *effective parameters* passed into cost_model_pim_backend for each op.
[pim-debug] op#00 op=QK       norm=score      sh=1  dim=4096  heads=16  hd=128 q_dim=2048  kv_heads=16  kv_dim=2048  o_dim=2048  ffn_dim=5504   seqlen=754    qlen=1   cache=N lat=    0.004ms cycles≈3616
[pim-debug] op#01 op=Softmax  norm=softmax    sh=1  dim=4096  heads=16  hd=128 q_dim=2048  kv_heads=16  kv_dim=2048  o_dim=2048  ffn_dim=5504   seqlen=754    qlen=1   cache=N lat=    0.003ms cycles≈2575
[pim-debug] op#02 op=SV       norm=output     sh=1  dim=4096  heads=16  hd=128 q_dim=2048  kv_heads=16  kv_dim=2048  o_dim=2048  ffn_dim=5504   seqlen=754    qlen=1   cache=N lat=    0.002ms cycles≈2128
[pim-debug] segment total latency: 0.008 ms
========================================================================================
[pim-debug] segment_key=pim|decode|42|8d3c4a27f3148da54f43fbe5a8786c55
[pim-debug] sig: device_type=pim phase=decode step=42 (count_hint=32)
[pim-debug] ops_repr: QK:0,Softmax:0,SV:0
[pim-debug] cfg: shard_policy='fine' shards=2 dim=4096 ffn_dim=11008 n_heads=32 n_kv_heads=auto->n_heads
[pim-debug] pim_config=/lustre/home/2501111916/workspace/XPUPIM_0226_gpupim_parameter/TriForm/algorithms/aim_simulator/PIM_AiM.json
[pim-debug] ramulator_config=/lustre/home/2501111916/workspace/XPUPIM_0226_gpupim_parameter/TriForm/algorithms/aim_simulator/example.yaml
[pim-debug] cost_model config.PIM_FREQ_GHZ=1.0
[pim-debug] op plan (logical shapes inferred from schedule cfg):
  - op#00  op=QK       shard=0   q=[16x1x128] + k=[16x128x754]  ->  y=[16x1x754]  (T=1, K=754)
  - op#01  op=Softmax  shard=0   scores=[16x1x754]  ->  y=[16x1x754]  (T=1, K=754)
  - op#02  op=SV       shard=0   p=[16x1x754] + v=[16x754x128]  ->  y=[16x1x128]  (T=1, K=754)
[pim-debug] NOTE: CENT(AiM) trace backend internally uses x shape (1,1,dim) and handles prefill by repeating ops;
           the table below shows the *effective parameters* passed into cost_model_pim_backend for each op.
[pim-debug] op#00 op=QK       norm=score      sh=0  dim=4096  heads=16  hd=128 q_dim=2048  kv_heads=16  kv_dim=2048  o_dim=2048  ffn_dim=5504   seqlen=754    qlen=1   cache=N lat=    0.004ms cycles≈3616
[pim-debug] op#01 op=Softmax  norm=softmax    sh=0  dim=4096  heads=16  hd=128 q_dim=2048  kv_heads=16  kv_dim=2048  o_dim=2048  ffn_dim=5504   seqlen=754    qlen=1   cache=N lat=    0.003ms cycles≈2575
[pim-debug] op#02 op=SV       norm=output     sh=0  dim=4096  heads=16  hd=128 q_dim=2048  kv_heads=16  kv_dim=2048  o_dim=2048  ffn_dim=5504   seqlen=754    qlen=1   cache=N lat=    0.002ms cycles≈2128
[pim-debug] segment total latency: 0.008 ms
========================================================================================
[pim-debug] segment_key=pim|decode|43|583a2f400a32ef30361deb25375d6d1d
[pim-debug] sig: device_type=pim phase=decode step=43 (count_hint=32)
[pim-debug] ops_repr: QK:1,Softmax:1,SV:1
[pim-debug] cfg: shard_policy='fine' shards=2 dim=4096 ffn_dim=11008 n_heads=32 n_kv_heads=auto->n_heads
[pim-debug] pim_config=/lustre/home/2501111916/workspace/XPUPIM_0226_gpupim_parameter/TriForm/algorithms/aim_simulator/PIM_AiM.json
[pim-debug] ramulator_config=/lustre/home/2501111916/workspace/XPUPIM_0226_gpupim_parameter/TriForm/algorithms/aim_simulator/example.yaml
[pim-debug] cost_model config.PIM_FREQ_GHZ=1.0
[pim-debug] op plan (logical shapes inferred from schedule cfg):
  - op#00  op=QK       shard=1   q=[16x1x128] + k=[16x128x766]  ->  y=[16x1x766]  (T=1, K=766)
  - op#01  op=Softmax  shard=1   scores=[16x1x766]  ->  y=[16x1x766]  (T=1, K=766)
  - op#02  op=SV       shard=1   p=[16x1x766] + v=[16x766x128]  ->  y=[16x1x128]  (T=1, K=766)
[pim-debug] NOTE: CENT(AiM) trace backend internally uses x shape (1,1,dim) and handles prefill by repeating ops;
           the table below shows the *effective parameters* passed into cost_model_pim_backend for each op.
[pim-debug] op#00 op=QK       norm=score      sh=1  dim=4096  heads=16  hd=128 q_dim=2048  kv_heads=16  kv_dim=2048  o_dim=2048  ffn_dim=5504   seqlen=766    qlen=1   cache=N lat=    0.004ms cycles≈3616
[pim-debug] op#01 op=Softmax  norm=softmax    sh=1  dim=4096  heads=16  hd=128 q_dim=2048  kv_heads=16  kv_dim=2048  o_dim=2048  ffn_dim=5504   seqlen=766    qlen=1   cache=N lat=    0.003ms cycles≈2575
[pim-debug] op#02 op=SV       norm=output     sh=1  dim=4096  heads=16  hd=128 q_dim=2048  kv_heads=16  kv_dim=2048  o_dim=2048  ffn_dim=5504   seqlen=766    qlen=1   cache=N lat=    0.002ms cycles≈2128
[pim-debug] segment total latency: 0.008 ms
========================================================================================
[pim-debug] segment_key=pim|decode|43|8d3c4a27f3148da54f43fbe5a8786c55
[pim-debug] sig: device_type=pim phase=decode step=43 (count_hint=32)
[pim-debug] ops_repr: QK:0,Softmax:0,SV:0
[pim-debug] cfg: shard_policy='fine' shards=2 dim=4096 ffn_dim=11008 n_heads=32 n_kv_heads=auto->n_heads
[pim-debug] pim_config=/lustre/home/2501111916/workspace/XPUPIM_0226_gpupim_parameter/TriForm/algorithms/aim_simulator/PIM_AiM.json
[pim-debug] ramulator_config=/lustre/home/2501111916/workspace/XPUPIM_0226_gpupim_parameter/TriForm/algorithms/aim_simulator/example.yaml
[pim-debug] cost_model config.PIM_FREQ_GHZ=1.0
[pim-debug] op plan (logical shapes inferred from schedule cfg):
  - op#00  op=QK       shard=0   q=[16x1x128] + k=[16x128x766]  ->  y=[16x1x766]  (T=1, K=766)
  - op#01  op=Softmax  shard=0   scores=[16x1x766]  ->  y=[16x1x766]  (T=1, K=766)
  - op#02  op=SV       shard=0   p=[16x1x766] + v=[16x766x128]  ->  y=[16x1x128]  (T=1, K=766)
[pim-debug] NOTE: CENT(AiM) trace backend internally uses x shape (1,1,dim) and handles prefill by repeating ops;
           the table below shows the *effective parameters* passed into cost_model_pim_backend for each op.
[pim-debug] op#00 op=QK       norm=score      sh=0  dim=4096  heads=16  hd=128 q_dim=2048  kv_heads=16  kv_dim=2048  o_dim=2048  ffn_dim=5504   seqlen=766    qlen=1   cache=N lat=    0.004ms cycles≈3616
[pim-debug] op#01 op=Softmax  norm=softmax    sh=0  dim=4096  heads=16  hd=128 q_dim=2048  kv_heads=16  kv_dim=2048  o_dim=2048  ffn_dim=5504   seqlen=766    qlen=1   cache=N lat=    0.003ms cycles≈2575
[pim-debug] op#02 op=SV       norm=output     sh=0  dim=4096  heads=16  hd=128 q_dim=2048  kv_heads=16  kv_dim=2048  o_dim=2048  ffn_dim=5504   seqlen=766    qlen=1   cache=N lat=    0.002ms cycles≈2128
[pim-debug] segment total latency: 0.008 ms
========================================================================================
[pim-debug] segment_key=pim|decode|44|583a2f400a32ef30361deb25375d6d1d
[pim-debug] sig: device_type=pim phase=decode step=44 (count_hint=32)
[pim-debug] ops_repr: QK:1,Softmax:1,SV:1
[pim-debug] cfg: shard_policy='fine' shards=2 dim=4096 ffn_dim=11008 n_heads=32 n_kv_heads=auto->n_heads
[pim-debug] pim_config=/lustre/home/2501111916/workspace/XPUPIM_0226_gpupim_parameter/TriForm/algorithms/aim_simulator/PIM_AiM.json
[pim-debug] ramulator_config=/lustre/home/2501111916/workspace/XPUPIM_0226_gpupim_parameter/TriForm/algorithms/aim_simulator/example.yaml
[pim-debug] cost_model config.PIM_FREQ_GHZ=1.0
[pim-debug] op plan (logical shapes inferred from schedule cfg):
  - op#00  op=QK       shard=1   q=[16x1x128] + k=[16x128x778]  ->  y=[16x1x778]  (T=1, K=778)
  - op#01  op=Softmax  shard=1   scores=[16x1x778]  ->  y=[16x1x778]  (T=1, K=778)
  - op#02  op=SV       shard=1   p=[16x1x778] + v=[16x778x128]  ->  y=[16x1x128]  (T=1, K=778)
[pim-debug] NOTE: CENT(AiM) trace backend internally uses x shape (1,1,dim) and handles prefill by repeating ops;
           the table below shows the *effective parameters* passed into cost_model_pim_backend for each op.
[pim-debug] op#00 op=QK       norm=score      sh=1  dim=4096  heads=16  hd=128 q_dim=2048  kv_heads=16  kv_dim=2048  o_dim=2048  ffn_dim=5504   seqlen=778    qlen=1   cache=N lat=    0.004ms cycles≈3616
[pim-debug] op#01 op=Softmax  norm=softmax    sh=1  dim=4096  heads=16  hd=128 q_dim=2048  kv_heads=16  kv_dim=2048  o_dim=2048  ffn_dim=5504   seqlen=778    qlen=1   cache=N lat=    0.003ms cycles≈2627
[pim-debug] op#02 op=SV       norm=output     sh=1  dim=4096  heads=16  hd=128 q_dim=2048  kv_heads=16  kv_dim=2048  o_dim=2048  ffn_dim=5504   seqlen=778    qlen=1   cache=N lat=    0.002ms cycles≈2146
[pim-debug] segment total latency: 0.008 ms
========================================================================================
[pim-debug] segment_key=pim|decode|44|8d3c4a27f3148da54f43fbe5a8786c55
[pim-debug] sig: device_type=pim phase=decode step=44 (count_hint=32)
[pim-debug] ops_repr: QK:0,Softmax:0,SV:0
[pim-debug] cfg: shard_policy='fine' shards=2 dim=4096 ffn_dim=11008 n_heads=32 n_kv_heads=auto->n_heads
[pim-debug] pim_config=/lustre/home/2501111916/workspace/XPUPIM_0226_gpupim_parameter/TriForm/algorithms/aim_simulator/PIM_AiM.json
[pim-debug] ramulator_config=/lustre/home/2501111916/workspace/XPUPIM_0226_gpupim_parameter/TriForm/algorithms/aim_simulator/example.yaml
[pim-debug] cost_model config.PIM_FREQ_GHZ=1.0
[pim-debug] op plan (logical shapes inferred from schedule cfg):
  - op#00  op=QK       shard=0   q=[16x1x128] + k=[16x128x778]  ->  y=[16x1x778]  (T=1, K=778)
  - op#01  op=Softmax  shard=0   scores=[16x1x778]  ->  y=[16x1x778]  (T=1, K=778)
  - op#02  op=SV       shard=0   p=[16x1x778] + v=[16x778x128]  ->  y=[16x1x128]  (T=1, K=778)
[pim-debug] NOTE: CENT(AiM) trace backend internally uses x shape (1,1,dim) and handles prefill by repeating ops;
           the table below shows the *effective parameters* passed into cost_model_pim_backend for each op.
[pim-debug] op#00 op=QK       norm=score      sh=0  dim=4096  heads=16  hd=128 q_dim=2048  kv_heads=16  kv_dim=2048  o_dim=2048  ffn_dim=5504   seqlen=778    qlen=1   cache=N lat=    0.004ms cycles≈3616
[pim-debug] op#01 op=Softmax  norm=softmax    sh=0  dim=4096  heads=16  hd=128 q_dim=2048  kv_heads=16  kv_dim=2048  o_dim=2048  ffn_dim=5504   seqlen=778    qlen=1   cache=N lat=    0.003ms cycles≈2627
[pim-debug] op#02 op=SV       norm=output     sh=0  dim=4096  heads=16  hd=128 q_dim=2048  kv_heads=16  kv_dim=2048  o_dim=2048  ffn_dim=5504   seqlen=778    qlen=1   cache=N lat=    0.002ms cycles≈2146
[pim-debug] segment total latency: 0.008 ms
========================================================================================
[pim-debug] segment_key=pim|decode|45|583a2f400a32ef30361deb25375d6d1d
[pim-debug] sig: device_type=pim phase=decode step=45 (count_hint=32)
[pim-debug] ops_repr: QK:1,Softmax:1,SV:1
[pim-debug] cfg: shard_policy='fine' shards=2 dim=4096 ffn_dim=11008 n_heads=32 n_kv_heads=auto->n_heads
[pim-debug] pim_config=/lustre/home/2501111916/workspace/XPUPIM_0226_gpupim_parameter/TriForm/algorithms/aim_simulator/PIM_AiM.json
[pim-debug] ramulator_config=/lustre/home/2501111916/workspace/XPUPIM_0226_gpupim_parameter/TriForm/algorithms/aim_simulator/example.yaml
[pim-debug] cost_model config.PIM_FREQ_GHZ=1.0
[pim-debug] op plan (logical shapes inferred from schedule cfg):
  - op#00  op=QK       shard=1   q=[16x1x128] + k=[16x128x790]  ->  y=[16x1x790]  (T=1, K=790)
  - op#01  op=Softmax  shard=1   scores=[16x1x790]  ->  y=[16x1x790]  (T=1, K=790)
  - op#02  op=SV       shard=1   p=[16x1x790] + v=[16x790x128]  ->  y=[16x1x128]  (T=1, K=790)
[pim-debug] NOTE: CENT(AiM) trace backend internally uses x shape (1,1,dim) and handles prefill by repeating ops;
           the table below shows the *effective parameters* passed into cost_model_pim_backend for each op.
[pim-debug] op#00 op=QK       norm=score      sh=1  dim=4096  heads=16  hd=128 q_dim=2048  kv_heads=16  kv_dim=2048  o_dim=2048  ffn_dim=5504   seqlen=790    qlen=1   cache=N lat=    0.004ms cycles≈3616
[pim-debug] op#01 op=Softmax  norm=softmax    sh=1  dim=4096  heads=16  hd=128 q_dim=2048  kv_heads=16  kv_dim=2048  o_dim=2048  ffn_dim=5504   seqlen=790    qlen=1   cache=N lat=    0.003ms cycles≈2679
[pim-debug] op#02 op=SV       norm=output     sh=1  dim=4096  heads=16  hd=128 q_dim=2048  kv_heads=16  kv_dim=2048  o_dim=2048  ffn_dim=5504   seqlen=790    qlen=1   cache=N lat=    0.002ms cycles≈2164
[pim-debug] segment total latency: 0.008 ms
========================================================================================
[pim-debug] segment_key=pim|decode|45|8d3c4a27f3148da54f43fbe5a8786c55
[pim-debug] sig: device_type=pim phase=decode step=45 (count_hint=32)
[pim-debug] ops_repr: QK:0,Softmax:0,SV:0
[pim-debug] cfg: shard_policy='fine' shards=2 dim=4096 ffn_dim=11008 n_heads=32 n_kv_heads=auto->n_heads
[pim-debug] pim_config=/lustre/home/2501111916/workspace/XPUPIM_0226_gpupim_parameter/TriForm/algorithms/aim_simulator/PIM_AiM.json
[pim-debug] ramulator_config=/lustre/home/2501111916/workspace/XPUPIM_0226_gpupim_parameter/TriForm/algorithms/aim_simulator/example.yaml
[pim-debug] cost_model config.PIM_FREQ_GHZ=1.0
[pim-debug] op plan (logical shapes inferred from schedule cfg):
  - op#00  op=QK       shard=0   q=[16x1x128] + k=[16x128x790]  ->  y=[16x1x790]  (T=1, K=790)
  - op#01  op=Softmax  shard=0   scores=[16x1x790]  ->  y=[16x1x790]  (T=1, K=790)
  - op#02  op=SV       shard=0   p=[16x1x790] + v=[16x790x128]  ->  y=[16x1x128]  (T=1, K=790)
[pim-debug] NOTE: CENT(AiM) trace backend internally uses x shape (1,1,dim) and handles prefill by repeating ops;
           the table below shows the *effective parameters* passed into cost_model_pim_backend for each op.
[pim-debug] op#00 op=QK       norm=score      sh=0  dim=4096  heads=16  hd=128 q_dim=2048  kv_heads=16  kv_dim=2048  o_dim=2048  ffn_dim=5504   seqlen=790    qlen=1   cache=N lat=    0.004ms cycles≈3616
[pim-debug] op#01 op=Softmax  norm=softmax    sh=0  dim=4096  heads=16  hd=128 q_dim=2048  kv_heads=16  kv_dim=2048  o_dim=2048  ffn_dim=5504   seqlen=790    qlen=1   cache=N lat=    0.003ms cycles≈2679
[pim-debug] op#02 op=SV       norm=output     sh=0  dim=4096  heads=16  hd=128 q_dim=2048  kv_heads=16  kv_dim=2048  o_dim=2048  ffn_dim=5504   seqlen=790    qlen=1   cache=N lat=    0.002ms cycles≈2164
[pim-debug] segment total latency: 0.008 ms
========================================================================================
[pim-debug] segment_key=pim|decode|46|583a2f400a32ef30361deb25375d6d1d
[pim-debug] sig: device_type=pim phase=decode step=46 (count_hint=32)
[pim-debug] ops_repr: QK:1,Softmax:1,SV:1
[pim-debug] cfg: shard_policy='fine' shards=2 dim=4096 ffn_dim=11008 n_heads=32 n_kv_heads=auto->n_heads
[pim-debug] pim_config=/lustre/home/2501111916/workspace/XPUPIM_0226_gpupim_parameter/TriForm/algorithms/aim_simulator/PIM_AiM.json
[pim-debug] ramulator_config=/lustre/home/2501111916/workspace/XPUPIM_0226_gpupim_parameter/TriForm/algorithms/aim_simulator/example.yaml
[pim-debug] cost_model config.PIM_FREQ_GHZ=1.0
[pim-debug] op plan (logical shapes inferred from schedule cfg):
  - op#00  op=QK       shard=1   q=[16x1x128] + k=[16x128x802]  ->  y=[16x1x802]  (T=1, K=802)
  - op#01  op=Softmax  shard=1   scores=[16x1x802]  ->  y=[16x1x802]  (T=1, K=802)
  - op#02  op=SV       shard=1   p=[16x1x802] + v=[16x802x128]  ->  y=[16x1x128]  (T=1, K=802)
[pim-debug] NOTE: CENT(AiM) trace backend internally uses x shape (1,1,dim) and handles prefill by repeating ops;
           the table below shows the *effective parameters* passed into cost_model_pim_backend for each op.
[pim-debug] op#00 op=QK       norm=score      sh=1  dim=4096  heads=16  hd=128 q_dim=2048  kv_heads=16  kv_dim=2048  o_dim=2048  ffn_dim=5504   seqlen=802    qlen=1   cache=N lat=    0.004ms cycles≈3616
[pim-debug] op#01 op=Softmax  norm=softmax    sh=1  dim=4096  heads=16  hd=128 q_dim=2048  kv_heads=16  kv_dim=2048  o_dim=2048  ffn_dim=5504   seqlen=802    qlen=1   cache=N lat=    0.003ms cycles≈2731
[pim-debug] op#02 op=SV       norm=output     sh=1  dim=4096  heads=16  hd=128 q_dim=2048  kv_heads=16  kv_dim=2048  o_dim=2048  ffn_dim=5504   seqlen=802    qlen=1   cache=N lat=    0.002ms cycles≈2182
[pim-debug] segment total latency: 0.009 ms
========================================================================================
[pim-debug] segment_key=pim|decode|46|8d3c4a27f3148da54f43fbe5a8786c55
[pim-debug] sig: device_type=pim phase=decode step=46 (count_hint=32)
[pim-debug] ops_repr: QK:0,Softmax:0,SV:0
[pim-debug] cfg: shard_policy='fine' shards=2 dim=4096 ffn_dim=11008 n_heads=32 n_kv_heads=auto->n_heads
[pim-debug] pim_config=/lustre/home/2501111916/workspace/XPUPIM_0226_gpupim_parameter/TriForm/algorithms/aim_simulator/PIM_AiM.json
[pim-debug] ramulator_config=/lustre/home/2501111916/workspace/XPUPIM_0226_gpupim_parameter/TriForm/algorithms/aim_simulator/example.yaml
[pim-debug] cost_model config.PIM_FREQ_GHZ=1.0
[pim-debug] op plan (logical shapes inferred from schedule cfg):
  - op#00  op=QK       shard=0   q=[16x1x128] + k=[16x128x802]  ->  y=[16x1x802]  (T=1, K=802)
  - op#01  op=Softmax  shard=0   scores=[16x1x802]  ->  y=[16x1x802]  (T=1, K=802)
  - op#02  op=SV       shard=0   p=[16x1x802] + v=[16x802x128]  ->  y=[16x1x128]  (T=1, K=802)
[pim-debug] NOTE: CENT(AiM) trace backend internally uses x shape (1,1,dim) and handles prefill by repeating ops;
           the table below shows the *effective parameters* passed into cost_model_pim_backend for each op.
[pim-debug] op#00 op=QK       norm=score      sh=0  dim=4096  heads=16  hd=128 q_dim=2048  kv_heads=16  kv_dim=2048  o_dim=2048  ffn_dim=5504   seqlen=802    qlen=1   cache=N lat=    0.004ms cycles≈3616
[pim-debug] op#01 op=Softmax  norm=softmax    sh=0  dim=4096  heads=16  hd=128 q_dim=2048  kv_heads=16  kv_dim=2048  o_dim=2048  ffn_dim=5504   seqlen=802    qlen=1   cache=N lat=    0.003ms cycles≈2731
[pim-debug] op#02 op=SV       norm=output     sh=0  dim=4096  heads=16  hd=128 q_dim=2048  kv_heads=16  kv_dim=2048  o_dim=2048  ffn_dim=5504   seqlen=802    qlen=1   cache=N lat=    0.002ms cycles≈2182
[pim-debug] segment total latency: 0.009 ms
========================================================================================
[pim-debug] segment_key=pim|decode|47|583a2f400a32ef30361deb25375d6d1d
[pim-debug] sig: device_type=pim phase=decode step=47 (count_hint=32)
[pim-debug] ops_repr: QK:1,Softmax:1,SV:1
[pim-debug] cfg: shard_policy='fine' shards=2 dim=4096 ffn_dim=11008 n_heads=32 n_kv_heads=auto->n_heads
[pim-debug] pim_config=/lustre/home/2501111916/workspace/XPUPIM_0226_gpupim_parameter/TriForm/algorithms/aim_simulator/PIM_AiM.json
[pim-debug] ramulator_config=/lustre/home/2501111916/workspace/XPUPIM_0226_gpupim_parameter/TriForm/algorithms/aim_simulator/example.yaml
[pim-debug] cost_model config.PIM_FREQ_GHZ=1.0
[pim-debug] op plan (logical shapes inferred from schedule cfg):
  - op#00  op=QK       shard=1   q=[16x1x128] + k=[16x128x814]  ->  y=[16x1x814]  (T=1, K=814)
  - op#01  op=Softmax  shard=1   scores=[16x1x814]  ->  y=[16x1x814]  (T=1, K=814)
  - op#02  op=SV       shard=1   p=[16x1x814] + v=[16x814x128]  ->  y=[16x1x128]  (T=1, K=814)
[pim-debug] NOTE: CENT(AiM) trace backend internally uses x shape (1,1,dim) and handles prefill by repeating ops;
           the table below shows the *effective parameters* passed into cost_model_pim_backend for each op.
[pim-debug] op#00 op=QK       norm=score      sh=1  dim=4096  heads=16  hd=128 q_dim=2048  kv_heads=16  kv_dim=2048  o_dim=2048  ffn_dim=5504   seqlen=814    qlen=1   cache=N lat=    0.004ms cycles≈3616
[pim-debug] op#01 op=Softmax  norm=softmax    sh=1  dim=4096  heads=16  hd=128 q_dim=2048  kv_heads=16  kv_dim=2048  o_dim=2048  ffn_dim=5504   seqlen=814    qlen=1   cache=N lat=    0.003ms cycles≈2731
[pim-debug] op#02 op=SV       norm=output     sh=1  dim=4096  heads=16  hd=128 q_dim=2048  kv_heads=16  kv_dim=2048  o_dim=2048  ffn_dim=5504   seqlen=814    qlen=1   cache=N lat=    0.002ms cycles≈2182
[pim-debug] segment total latency: 0.009 ms
========================================================================================
[pim-debug] segment_key=pim|decode|47|8d3c4a27f3148da54f43fbe5a8786c55
[pim-debug] sig: device_type=pim phase=decode step=47 (count_hint=32)
[pim-debug] ops_repr: QK:0,Softmax:0,SV:0
[pim-debug] cfg: shard_policy='fine' shards=2 dim=4096 ffn_dim=11008 n_heads=32 n_kv_heads=auto->n_heads
[pim-debug] pim_config=/lustre/home/2501111916/workspace/XPUPIM_0226_gpupim_parameter/TriForm/algorithms/aim_simulator/PIM_AiM.json
[pim-debug] ramulator_config=/lustre/home/2501111916/workspace/XPUPIM_0226_gpupim_parameter/TriForm/algorithms/aim_simulator/example.yaml
[pim-debug] cost_model config.PIM_FREQ_GHZ=1.0
[pim-debug] op plan (logical shapes inferred from schedule cfg):
  - op#00  op=QK       shard=0   q=[16x1x128] + k=[16x128x814]  ->  y=[16x1x814]  (T=1, K=814)
  - op#01  op=Softmax  shard=0   scores=[16x1x814]  ->  y=[16x1x814]  (T=1, K=814)
  - op#02  op=SV       shard=0   p=[16x1x814] + v=[16x814x128]  ->  y=[16x1x128]  (T=1, K=814)
[pim-debug] NOTE: CENT(AiM) trace backend internally uses x shape (1,1,dim) and handles prefill by repeating ops;
           the table below shows the *effective parameters* passed into cost_model_pim_backend for each op.
[pim-debug] op#00 op=QK       norm=score      sh=0  dim=4096  heads=16  hd=128 q_dim=2048  kv_heads=16  kv_dim=2048  o_dim=2048  ffn_dim=5504   seqlen=814    qlen=1   cache=N lat=    0.004ms cycles≈3616
[pim-debug] op#01 op=Softmax  norm=softmax    sh=0  dim=4096  heads=16  hd=128 q_dim=2048  kv_heads=16  kv_dim=2048  o_dim=2048  ffn_dim=5504   seqlen=814    qlen=1   cache=N lat=    0.003ms cycles≈2731
[pim-debug] op#02 op=SV       norm=output     sh=0  dim=4096  heads=16  hd=128 q_dim=2048  kv_heads=16  kv_dim=2048  o_dim=2048  ffn_dim=5504   seqlen=814    qlen=1   cache=N lat=    0.002ms cycles≈2182
[pim-debug] segment total latency: 0.009 ms
========================================================================================
[pim-debug] segment_key=pim|decode|48|583a2f400a32ef30361deb25375d6d1d
[pim-debug] sig: device_type=pim phase=decode step=48 (count_hint=32)
[pim-debug] ops_repr: QK:1,Softmax:1,SV:1
[pim-debug] cfg: shard_policy='fine' shards=2 dim=4096 ffn_dim=11008 n_heads=32 n_kv_heads=auto->n_heads
[pim-debug] pim_config=/lustre/home/2501111916/workspace/XPUPIM_0226_gpupim_parameter/TriForm/algorithms/aim_simulator/PIM_AiM.json
[pim-debug] ramulator_config=/lustre/home/2501111916/workspace/XPUPIM_0226_gpupim_parameter/TriForm/algorithms/aim_simulator/example.yaml
[pim-debug] cost_model config.PIM_FREQ_GHZ=1.0
[pim-debug] op plan (logical shapes inferred from schedule cfg):
  - op#00  op=QK       shard=1   q=[16x1x128] + k=[16x128x826]  ->  y=[16x1x826]  (T=1, K=826)
  - op#01  op=Softmax  shard=1   scores=[16x1x826]  ->  y=[16x1x826]  (T=1, K=826)
  - op#02  op=SV       shard=1   p=[16x1x826] + v=[16x826x128]  ->  y=[16x1x128]  (T=1, K=826)
[pim-debug] NOTE: CENT(AiM) trace backend internally uses x shape (1,1,dim) and handles prefill by repeating ops;
           the table below shows the *effective parameters* passed into cost_model_pim_backend for each op.
[pim-debug] op#00 op=QK       norm=score      sh=1  dim=4096  heads=16  hd=128 q_dim=2048  kv_heads=16  kv_dim=2048  o_dim=2048  ffn_dim=5504   seqlen=826    qlen=1   cache=N lat=    0.004ms cycles≈3616
[pim-debug] op#01 op=Softmax  norm=softmax    sh=1  dim=4096  heads=16  hd=128 q_dim=2048  kv_heads=16  kv_dim=2048  o_dim=2048  ffn_dim=5504   seqlen=826    qlen=1   cache=N lat=    0.003ms cycles≈2783
[pim-debug] op#02 op=SV       norm=output     sh=1  dim=4096  heads=16  hd=128 q_dim=2048  kv_heads=16  kv_dim=2048  o_dim=2048  ffn_dim=5504   seqlen=826    qlen=1   cache=N lat=    0.002ms cycles≈2200
[pim-debug] segment total latency: 0.009 ms
========================================================================================
[pim-debug] segment_key=pim|decode|48|8d3c4a27f3148da54f43fbe5a8786c55
[pim-debug] sig: device_type=pim phase=decode step=48 (count_hint=32)
[pim-debug] ops_repr: QK:0,Softmax:0,SV:0
[pim-debug] cfg: shard_policy='fine' shards=2 dim=4096 ffn_dim=11008 n_heads=32 n_kv_heads=auto->n_heads
[pim-debug] pim_config=/lustre/home/2501111916/workspace/XPUPIM_0226_gpupim_parameter/TriForm/algorithms/aim_simulator/PIM_AiM.json
[pim-debug] ramulator_config=/lustre/home/2501111916/workspace/XPUPIM_0226_gpupim_parameter/TriForm/algorithms/aim_simulator/example.yaml
[pim-debug] cost_model config.PIM_FREQ_GHZ=1.0
[pim-debug] op plan (logical shapes inferred from schedule cfg):
  - op#00  op=QK       shard=0   q=[16x1x128] + k=[16x128x826]  ->  y=[16x1x826]  (T=1, K=826)
  - op#01  op=Softmax  shard=0   scores=[16x1x826]  ->  y=[16x1x826]  (T=1, K=826)
  - op#02  op=SV       shard=0   p=[16x1x826] + v=[16x826x128]  ->  y=[16x1x128]  (T=1, K=826)
[pim-debug] NOTE: CENT(AiM) trace backend internally uses x shape (1,1,dim) and handles prefill by repeating ops;
           the table below shows the *effective parameters* passed into cost_model_pim_backend for each op.
[pim-debug] op#00 op=QK       norm=score      sh=0  dim=4096  heads=16  hd=128 q_dim=2048  kv_heads=16  kv_dim=2048  o_dim=2048  ffn_dim=5504   seqlen=826    qlen=1   cache=N lat=    0.004ms cycles≈3616
[pim-debug] op#01 op=Softmax  norm=softmax    sh=0  dim=4096  heads=16  hd=128 q_dim=2048  kv_heads=16  kv_dim=2048  o_dim=2048  ffn_dim=5504   seqlen=826    qlen=1   cache=N lat=    0.003ms cycles≈2783
[pim-debug] op#02 op=SV       norm=output     sh=0  dim=4096  heads=16  hd=128 q_dim=2048  kv_heads=16  kv_dim=2048  o_dim=2048  ffn_dim=5504   seqlen=826    qlen=1   cache=N lat=    0.002ms cycles≈2200
[pim-debug] segment total latency: 0.009 ms
========================================================================================
[pim-debug] segment_key=pim|decode|49|583a2f400a32ef30361deb25375d6d1d
[pim-debug] sig: device_type=pim phase=decode step=49 (count_hint=32)
[pim-debug] ops_repr: QK:1,Softmax:1,SV:1
[pim-debug] cfg: shard_policy='fine' shards=2 dim=4096 ffn_dim=11008 n_heads=32 n_kv_heads=auto->n_heads
[pim-debug] pim_config=/lustre/home/2501111916/workspace/XPUPIM_0226_gpupim_parameter/TriForm/algorithms/aim_simulator/PIM_AiM.json
[pim-debug] ramulator_config=/lustre/home/2501111916/workspace/XPUPIM_0226_gpupim_parameter/TriForm/algorithms/aim_simulator/example.yaml
[pim-debug] cost_model config.PIM_FREQ_GHZ=1.0
[pim-debug] op plan (logical shapes inferred from schedule cfg):
  - op#00  op=QK       shard=1   q=[16x1x128] + k=[16x128x838]  ->  y=[16x1x838]  (T=1, K=838)
  - op#01  op=Softmax  shard=1   scores=[16x1x838]  ->  y=[16x1x838]  (T=1, K=838)
  - op#02  op=SV       shard=1   p=[16x1x838] + v=[16x838x128]  ->  y=[16x1x128]  (T=1, K=838)
[pim-debug] NOTE: CENT(AiM) trace backend internally uses x shape (1,1,dim) and handles prefill by repeating ops;
           the table below shows the *effective parameters* passed into cost_model_pim_backend for each op.
[pim-debug] op#00 op=QK       norm=score      sh=1  dim=4096  heads=16  hd=128 q_dim=2048  kv_heads=16  kv_dim=2048  o_dim=2048  ffn_dim=5504   seqlen=838    qlen=1   cache=N lat=    0.004ms cycles≈3616
[pim-debug] op#01 op=Softmax  norm=softmax    sh=1  dim=4096  heads=16  hd=128 q_dim=2048  kv_heads=16  kv_dim=2048  o_dim=2048  ffn_dim=5504   seqlen=838    qlen=1   cache=N lat=    0.003ms cycles≈2835
[pim-debug] op#02 op=SV       norm=output     sh=1  dim=4096  heads=16  hd=128 q_dim=2048  kv_heads=16  kv_dim=2048  o_dim=2048  ffn_dim=5504   seqlen=838    qlen=1   cache=N lat=    0.002ms cycles≈2218
[pim-debug] segment total latency: 0.009 ms
========================================================================================
[pim-debug] segment_key=pim|decode|49|8d3c4a27f3148da54f43fbe5a8786c55
[pim-debug] sig: device_type=pim phase=decode step=49 (count_hint=32)
[pim-debug] ops_repr: QK:0,Softmax:0,SV:0
[pim-debug] cfg: shard_policy='fine' shards=2 dim=4096 ffn_dim=11008 n_heads=32 n_kv_heads=auto->n_heads
[pim-debug] pim_config=/lustre/home/2501111916/workspace/XPUPIM_0226_gpupim_parameter/TriForm/algorithms/aim_simulator/PIM_AiM.json
[pim-debug] ramulator_config=/lustre/home/2501111916/workspace/XPUPIM_0226_gpupim_parameter/TriForm/algorithms/aim_simulator/example.yaml
[pim-debug] cost_model config.PIM_FREQ_GHZ=1.0
[pim-debug] op plan (logical shapes inferred from schedule cfg):
  - op#00  op=QK       shard=0   q=[16x1x128] + k=[16x128x838]  ->  y=[16x1x838]  (T=1, K=838)
  - op#01  op=Softmax  shard=0   scores=[16x1x838]  ->  y=[16x1x838]  (T=1, K=838)
  - op#02  op=SV       shard=0   p=[16x1x838] + v=[16x838x128]  ->  y=[16x1x128]  (T=1, K=838)
[pim-debug] NOTE: CENT(AiM) trace backend internally uses x shape (1,1,dim) and handles prefill by repeating ops;
           the table below shows the *effective parameters* passed into cost_model_pim_backend for each op.
[pim-debug] op#00 op=QK       norm=score      sh=0  dim=4096  heads=16  hd=128 q_dim=2048  kv_heads=16  kv_dim=2048  o_dim=2048  ffn_dim=5504   seqlen=838    qlen=1   cache=N lat=    0.004ms cycles≈3616
[pim-debug] op#01 op=Softmax  norm=softmax    sh=0  dim=4096  heads=16  hd=128 q_dim=2048  kv_heads=16  kv_dim=2048  o_dim=2048  ffn_dim=5504   seqlen=838    qlen=1   cache=N lat=    0.003ms cycles≈2835
[pim-debug] op#02 op=SV       norm=output     sh=0  dim=4096  heads=16  hd=128 q_dim=2048  kv_heads=16  kv_dim=2048  o_dim=2048  ffn_dim=5504   seqlen=838    qlen=1   cache=N lat=    0.002ms cycles≈2218
[pim-debug] segment total latency: 0.009 ms
========================================================================================
[pim-debug] segment_key=pim|decode|4|583a2f400a32ef30361deb25375d6d1d
[pim-debug] sig: device_type=pim phase=decode step=4 (count_hint=32)
[pim-debug] ops_repr: QK:1,Softmax:1,SV:1
[pim-debug] cfg: shard_policy='fine' shards=2 dim=4096 ffn_dim=11008 n_heads=32 n_kv_heads=auto->n_heads
[pim-debug] pim_config=/lustre/home/2501111916/workspace/XPUPIM_0226_gpupim_parameter/TriForm/algorithms/aim_simulator/PIM_AiM.json
[pim-debug] ramulator_config=/lustre/home/2501111916/workspace/XPUPIM_0226_gpupim_parameter/TriForm/algorithms/aim_simulator/example.yaml
[pim-debug] cost_model config.PIM_FREQ_GHZ=1.0
[pim-debug] op plan (logical shapes inferred from schedule cfg):
  - op#00  op=QK       shard=1   q=[16x1x128] + k=[16x128x298]  ->  y=[16x1x298]  (T=1, K=298)
  - op#01  op=Softmax  shard=1   scores=[16x1x298]  ->  y=[16x1x298]  (T=1, K=298)
  - op#02  op=SV       shard=1   p=[16x1x298] + v=[16x298x128]  ->  y=[16x1x128]  (T=1, K=298)
[pim-debug] NOTE: CENT(AiM) trace backend internally uses x shape (1,1,dim) and handles prefill by repeating ops;
           the table below shows the *effective parameters* passed into cost_model_pim_backend for each op.
[pim-debug] op#00 op=QK       norm=score      sh=1  dim=4096  heads=16  hd=128 q_dim=2048  kv_heads=16  kv_dim=2048  o_dim=2048  ffn_dim=5504   seqlen=298    qlen=1   cache=N lat=    0.002ms cycles≈1808
[pim-debug] op#01 op=Softmax  norm=softmax    sh=1  dim=4096  heads=16  hd=128 q_dim=2048  kv_heads=16  kv_dim=2048  o_dim=2048  ffn_dim=5504   seqlen=298    qlen=1   cache=N lat=    0.001ms cycles≈1067
[pim-debug] op#02 op=SV       norm=output     sh=1  dim=4096  heads=16  hd=128 q_dim=2048  kv_heads=16  kv_dim=2048  o_dim=2048  ffn_dim=5504   seqlen=298    qlen=1   cache=N lat=    0.002ms cycles≈1606
[pim-debug] segment total latency: 0.004 ms
========================================================================================
[pim-debug] segment_key=pim|decode|4|8d3c4a27f3148da54f43fbe5a8786c55
[pim-debug] sig: device_type=pim phase=decode step=4 (count_hint=32)
[pim-debug] ops_repr: QK:0,Softmax:0,SV:0
[pim-debug] cfg: shard_policy='fine' shards=2 dim=4096 ffn_dim=11008 n_heads=32 n_kv_heads=auto->n_heads
[pim-debug] pim_config=/lustre/home/2501111916/workspace/XPUPIM_0226_gpupim_parameter/TriForm/algorithms/aim_simulator/PIM_AiM.json
[pim-debug] ramulator_config=/lustre/home/2501111916/workspace/XPUPIM_0226_gpupim_parameter/TriForm/algorithms/aim_simulator/example.yaml
[pim-debug] cost_model config.PIM_FREQ_GHZ=1.0
[pim-debug] op plan (logical shapes inferred from schedule cfg):
  - op#00  op=QK       shard=0   q=[16x1x128] + k=[16x128x298]  ->  y=[16x1x298]  (T=1, K=298)
  - op#01  op=Softmax  shard=0   scores=[16x1x298]  ->  y=[16x1x298]  (T=1, K=298)
  - op#02  op=SV       shard=0   p=[16x1x298] + v=[16x298x128]  ->  y=[16x1x128]  (T=1, K=298)
[pim-debug] NOTE: CENT(AiM) trace backend internally uses x shape (1,1,dim) and handles prefill by repeating ops;
           the table below shows the *effective parameters* passed into cost_model_pim_backend for each op.
[pim-debug] op#00 op=QK       norm=score      sh=0  dim=4096  heads=16  hd=128 q_dim=2048  kv_heads=16  kv_dim=2048  o_dim=2048  ffn_dim=5504   seqlen=298    qlen=1   cache=N lat=    0.002ms cycles≈1808
[pim-debug] op#01 op=Softmax  norm=softmax    sh=0  dim=4096  heads=16  hd=128 q_dim=2048  kv_heads=16  kv_dim=2048  o_dim=2048  ffn_dim=5504   seqlen=298    qlen=1   cache=N lat=    0.001ms cycles≈1067
[pim-debug] op#02 op=SV       norm=output     sh=0  dim=4096  heads=16  hd=128 q_dim=2048  kv_heads=16  kv_dim=2048  o_dim=2048  ffn_dim=5504   seqlen=298    qlen=1   cache=N lat=    0.002ms cycles≈1606
[pim-debug] segment total latency: 0.004 ms
========================================================================================
[pim-debug] segment_key=pim|decode|50|583a2f400a32ef30361deb25375d6d1d
[pim-debug] sig: device_type=pim phase=decode step=50 (count_hint=32)
[pim-debug] ops_repr: QK:1,Softmax:1,SV:1
[pim-debug] cfg: shard_policy='fine' shards=2 dim=4096 ffn_dim=11008 n_heads=32 n_kv_heads=auto->n_heads
[pim-debug] pim_config=/lustre/home/2501111916/workspace/XPUPIM_0226_gpupim_parameter/TriForm/algorithms/aim_simulator/PIM_AiM.json
[pim-debug] ramulator_config=/lustre/home/2501111916/workspace/XPUPIM_0226_gpupim_parameter/TriForm/algorithms/aim_simulator/example.yaml
[pim-debug] cost_model config.PIM_FREQ_GHZ=1.0
[pim-debug] op plan (logical shapes inferred from schedule cfg):
  - op#00  op=QK       shard=1   q=[16x1x128] + k=[16x128x850]  ->  y=[16x1x850]  (T=1, K=850)
  - op#01  op=Softmax  shard=1   scores=[16x1x850]  ->  y=[16x1x850]  (T=1, K=850)
  - op#02  op=SV       shard=1   p=[16x1x850] + v=[16x850x128]  ->  y=[16x1x128]  (T=1, K=850)
[pim-debug] NOTE: CENT(AiM) trace backend internally uses x shape (1,1,dim) and handles prefill by repeating ops;
           the table below shows the *effective parameters* passed into cost_model_pim_backend for each op.
[pim-debug] op#00 op=QK       norm=score      sh=1  dim=4096  heads=16  hd=128 q_dim=2048  kv_heads=16  kv_dim=2048  o_dim=2048  ffn_dim=5504   seqlen=850    qlen=1   cache=N lat=    0.004ms cycles≈3616
[pim-debug] op#01 op=Softmax  norm=softmax    sh=1  dim=4096  heads=16  hd=128 q_dim=2048  kv_heads=16  kv_dim=2048  o_dim=2048  ffn_dim=5504   seqlen=850    qlen=1   cache=N lat=    0.003ms cycles≈2887
[pim-debug] op#02 op=SV       norm=output     sh=1  dim=4096  heads=16  hd=128 q_dim=2048  kv_heads=16  kv_dim=2048  o_dim=2048  ffn_dim=5504   seqlen=850    qlen=1   cache=N lat=    0.002ms cycles≈2236
[pim-debug] segment total latency: 0.009 ms
========================================================================================
[pim-debug] segment_key=pim|decode|50|8d3c4a27f3148da54f43fbe5a8786c55
[pim-debug] sig: device_type=pim phase=decode step=50 (count_hint=32)
[pim-debug] ops_repr: QK:0,Softmax:0,SV:0
[pim-debug] cfg: shard_policy='fine' shards=2 dim=4096 ffn_dim=11008 n_heads=32 n_kv_heads=auto->n_heads
[pim-debug] pim_config=/lustre/home/2501111916/workspace/XPUPIM_0226_gpupim_parameter/TriForm/algorithms/aim_simulator/PIM_AiM.json
[pim-debug] ramulator_config=/lustre/home/2501111916/workspace/XPUPIM_0226_gpupim_parameter/TriForm/algorithms/aim_simulator/example.yaml
[pim-debug] cost_model config.PIM_FREQ_GHZ=1.0
[pim-debug] op plan (logical shapes inferred from schedule cfg):
  - op#00  op=QK       shard=0   q=[16x1x128] + k=[16x128x850]  ->  y=[16x1x850]  (T=1, K=850)
  - op#01  op=Softmax  shard=0   scores=[16x1x850]  ->  y=[16x1x850]  (T=1, K=850)
  - op#02  op=SV       shard=0   p=[16x1x850] + v=[16x850x128]  ->  y=[16x1x128]  (T=1, K=850)
[pim-debug] NOTE: CENT(AiM) trace backend internally uses x shape (1,1,dim) and handles prefill by repeating ops;
           the table below shows the *effective parameters* passed into cost_model_pim_backend for each op.
[pim-debug] op#00 op=QK       norm=score      sh=0  dim=4096  heads=16  hd=128 q_dim=2048  kv_heads=16  kv_dim=2048  o_dim=2048  ffn_dim=5504   seqlen=850    qlen=1   cache=N lat=    0.004ms cycles≈3616
[pim-debug] op#01 op=Softmax  norm=softmax    sh=0  dim=4096  heads=16  hd=128 q_dim=2048  kv_heads=16  kv_dim=2048  o_dim=2048  ffn_dim=5504   seqlen=850    qlen=1   cache=N lat=    0.003ms cycles≈2887
[pim-debug] op#02 op=SV       norm=output     sh=0  dim=4096  heads=16  hd=128 q_dim=2048  kv_heads=16  kv_dim=2048  o_dim=2048  ffn_dim=5504   seqlen=850    qlen=1   cache=N lat=    0.002ms cycles≈2236
[pim-debug] segment total latency: 0.009 ms
========================================================================================
[pim-debug] segment_key=pim|decode|51|583a2f400a32ef30361deb25375d6d1d
[pim-debug] sig: device_type=pim phase=decode step=51 (count_hint=32)
[pim-debug] ops_repr: QK:1,Softmax:1,SV:1
[pim-debug] cfg: shard_policy='fine' shards=2 dim=4096 ffn_dim=11008 n_heads=32 n_kv_heads=auto->n_heads
[pim-debug] pim_config=/lustre/home/2501111916/workspace/XPUPIM_0226_gpupim_parameter/TriForm/algorithms/aim_simulator/PIM_AiM.json
[pim-debug] ramulator_config=/lustre/home/2501111916/workspace/XPUPIM_0226_gpupim_parameter/TriForm/algorithms/aim_simulator/example.yaml
[pim-debug] cost_model config.PIM_FREQ_GHZ=1.0
[pim-debug] op plan (logical shapes inferred from schedule cfg):
  - op#00  op=QK       shard=1   q=[16x1x128] + k=[16x128x862]  ->  y=[16x1x862]  (T=1, K=862)
  - op#01  op=Softmax  shard=1   scores=[16x1x862]  ->  y=[16x1x862]  (T=1, K=862)
  - op#02  op=SV       shard=1   p=[16x1x862] + v=[16x862x128]  ->  y=[16x1x128]  (T=1, K=862)
[pim-debug] NOTE: CENT(AiM) trace backend internally uses x shape (1,1,dim) and handles prefill by repeating ops;
           the table below shows the *effective parameters* passed into cost_model_pim_backend for each op.
[pim-debug] op#00 op=QK       norm=score      sh=1  dim=4096  heads=16  hd=128 q_dim=2048  kv_heads=16  kv_dim=2048  o_dim=2048  ffn_dim=5504   seqlen=862    qlen=1   cache=N lat=    0.004ms cycles≈3616
[pim-debug] op#01 op=Softmax  norm=softmax    sh=1  dim=4096  heads=16  hd=128 q_dim=2048  kv_heads=16  kv_dim=2048  o_dim=2048  ffn_dim=5504   seqlen=862    qlen=1   cache=N lat=    0.003ms cycles≈2887
[pim-debug] op#02 op=SV       norm=output     sh=1  dim=4096  heads=16  hd=128 q_dim=2048  kv_heads=16  kv_dim=2048  o_dim=2048  ffn_dim=5504   seqlen=862    qlen=1   cache=N lat=    0.002ms cycles≈2236
[pim-debug] segment total latency: 0.009 ms
========================================================================================
[pim-debug] segment_key=pim|decode|51|8d3c4a27f3148da54f43fbe5a8786c55
[pim-debug] sig: device_type=pim phase=decode step=51 (count_hint=32)
[pim-debug] ops_repr: QK:0,Softmax:0,SV:0
[pim-debug] cfg: shard_policy='fine' shards=2 dim=4096 ffn_dim=11008 n_heads=32 n_kv_heads=auto->n_heads
[pim-debug] pim_config=/lustre/home/2501111916/workspace/XPUPIM_0226_gpupim_parameter/TriForm/algorithms/aim_simulator/PIM_AiM.json
[pim-debug] ramulator_config=/lustre/home/2501111916/workspace/XPUPIM_0226_gpupim_parameter/TriForm/algorithms/aim_simulator/example.yaml
[pim-debug] cost_model config.PIM_FREQ_GHZ=1.0
[pim-debug] op plan (logical shapes inferred from schedule cfg):
  - op#00  op=QK       shard=0   q=[16x1x128] + k=[16x128x862]  ->  y=[16x1x862]  (T=1, K=862)
  - op#01  op=Softmax  shard=0   scores=[16x1x862]  ->  y=[16x1x862]  (T=1, K=862)
  - op#02  op=SV       shard=0   p=[16x1x862] + v=[16x862x128]  ->  y=[16x1x128]  (T=1, K=862)
[pim-debug] NOTE: CENT(AiM) trace backend internally uses x shape (1,1,dim) and handles prefill by repeating ops;
           the table below shows the *effective parameters* passed into cost_model_pim_backend for each op.
[pim-debug] op#00 op=QK       norm=score      sh=0  dim=4096  heads=16  hd=128 q_dim=2048  kv_heads=16  kv_dim=2048  o_dim=2048  ffn_dim=5504   seqlen=862    qlen=1   cache=N lat=    0.004ms cycles≈3616
[pim-debug] op#01 op=Softmax  norm=softmax    sh=0  dim=4096  heads=16  hd=128 q_dim=2048  kv_heads=16  kv_dim=2048  o_dim=2048  ffn_dim=5504   seqlen=862    qlen=1   cache=N lat=    0.003ms cycles≈2887
[pim-debug] op#02 op=SV       norm=output     sh=0  dim=4096  heads=16  hd=128 q_dim=2048  kv_heads=16  kv_dim=2048  o_dim=2048  ffn_dim=5504   seqlen=862    qlen=1   cache=N lat=    0.002ms cycles≈2236
[pim-debug] segment total latency: 0.009 ms
========================================================================================
[pim-debug] segment_key=pim|decode|52|583a2f400a32ef30361deb25375d6d1d
[pim-debug] sig: device_type=pim phase=decode step=52 (count_hint=32)
[pim-debug] ops_repr: QK:1,Softmax:1,SV:1
[pim-debug] cfg: shard_policy='fine' shards=2 dim=4096 ffn_dim=11008 n_heads=32 n_kv_heads=auto->n_heads
[pim-debug] pim_config=/lustre/home/2501111916/workspace/XPUPIM_0226_gpupim_parameter/TriForm/algorithms/aim_simulator/PIM_AiM.json
[pim-debug] ramulator_config=/lustre/home/2501111916/workspace/XPUPIM_0226_gpupim_parameter/TriForm/algorithms/aim_simulator/example.yaml
[pim-debug] cost_model config.PIM_FREQ_GHZ=1.0
[pim-debug] op plan (logical shapes inferred from schedule cfg):
  - op#00  op=QK       shard=1   q=[16x1x128] + k=[16x128x874]  ->  y=[16x1x874]  (T=1, K=874)
  - op#01  op=Softmax  shard=1   scores=[16x1x874]  ->  y=[16x1x874]  (T=1, K=874)
  - op#02  op=SV       shard=1   p=[16x1x874] + v=[16x874x128]  ->  y=[16x1x128]  (T=1, K=874)
[pim-debug] NOTE: CENT(AiM) trace backend internally uses x shape (1,1,dim) and handles prefill by repeating ops;
           the table below shows the *effective parameters* passed into cost_model_pim_backend for each op.
[pim-debug] op#00 op=QK       norm=score      sh=1  dim=4096  heads=16  hd=128 q_dim=2048  kv_heads=16  kv_dim=2048  o_dim=2048  ffn_dim=5504   seqlen=874    qlen=1   cache=N lat=    0.004ms cycles≈3616
[pim-debug] op#01 op=Softmax  norm=softmax    sh=1  dim=4096  heads=16  hd=128 q_dim=2048  kv_heads=16  kv_dim=2048  o_dim=2048  ffn_dim=5504   seqlen=874    qlen=1   cache=N lat=    0.003ms cycles≈2939
[pim-debug] op#02 op=SV       norm=output     sh=1  dim=4096  heads=16  hd=128 q_dim=2048  kv_heads=16  kv_dim=2048  o_dim=2048  ffn_dim=5504   seqlen=874    qlen=1   cache=N lat=    0.002ms cycles≈2254
[pim-debug] segment total latency: 0.009 ms
========================================================================================
[pim-debug] segment_key=pim|decode|52|8d3c4a27f3148da54f43fbe5a8786c55
[pim-debug] sig: device_type=pim phase=decode step=52 (count_hint=32)
[pim-debug] ops_repr: QK:0,Softmax:0,SV:0
[pim-debug] cfg: shard_policy='fine' shards=2 dim=4096 ffn_dim=11008 n_heads=32 n_kv_heads=auto->n_heads
[pim-debug] pim_config=/lustre/home/2501111916/workspace/XPUPIM_0226_gpupim_parameter/TriForm/algorithms/aim_simulator/PIM_AiM.json
[pim-debug] ramulator_config=/lustre/home/2501111916/workspace/XPUPIM_0226_gpupim_parameter/TriForm/algorithms/aim_simulator/example.yaml
[pim-debug] cost_model config.PIM_FREQ_GHZ=1.0
[pim-debug] op plan (logical shapes inferred from schedule cfg):
  - op#00  op=QK       shard=0   q=[16x1x128] + k=[16x128x874]  ->  y=[16x1x874]  (T=1, K=874)
  - op#01  op=Softmax  shard=0   scores=[16x1x874]  ->  y=[16x1x874]  (T=1, K=874)
  - op#02  op=SV       shard=0   p=[16x1x874] + v=[16x874x128]  ->  y=[16x1x128]  (T=1, K=874)
[pim-debug] NOTE: CENT(AiM) trace backend internally uses x shape (1,1,dim) and handles prefill by repeating ops;
           the table below shows the *effective parameters* passed into cost_model_pim_backend for each op.
[pim-debug] op#00 op=QK       norm=score      sh=0  dim=4096  heads=16  hd=128 q_dim=2048  kv_heads=16  kv_dim=2048  o_dim=2048  ffn_dim=5504   seqlen=874    qlen=1   cache=N lat=    0.004ms cycles≈3616
[pim-debug] op#01 op=Softmax  norm=softmax    sh=0  dim=4096  heads=16  hd=128 q_dim=2048  kv_heads=16  kv_dim=2048  o_dim=2048  ffn_dim=5504   seqlen=874    qlen=1   cache=N lat=    0.003ms cycles≈2939
[pim-debug] op#02 op=SV       norm=output     sh=0  dim=4096  heads=16  hd=128 q_dim=2048  kv_heads=16  kv_dim=2048  o_dim=2048  ffn_dim=5504   seqlen=874    qlen=1   cache=N lat=    0.002ms cycles≈2254
[pim-debug] segment total latency: 0.009 ms
========================================================================================
[pim-debug] segment_key=pim|decode|53|583a2f400a32ef30361deb25375d6d1d
[pim-debug] sig: device_type=pim phase=decode step=53 (count_hint=32)
[pim-debug] ops_repr: QK:1,Softmax:1,SV:1
[pim-debug] cfg: shard_policy='fine' shards=2 dim=4096 ffn_dim=11008 n_heads=32 n_kv_heads=auto->n_heads
[pim-debug] pim_config=/lustre/home/2501111916/workspace/XPUPIM_0226_gpupim_parameter/TriForm/algorithms/aim_simulator/PIM_AiM.json
[pim-debug] ramulator_config=/lustre/home/2501111916/workspace/XPUPIM_0226_gpupim_parameter/TriForm/algorithms/aim_simulator/example.yaml
[pim-debug] cost_model config.PIM_FREQ_GHZ=1.0
[pim-debug] op plan (logical shapes inferred from schedule cfg):
  - op#00  op=QK       shard=1   q=[16x1x128] + k=[16x128x886]  ->  y=[16x1x886]  (T=1, K=886)
  - op#01  op=Softmax  shard=1   scores=[16x1x886]  ->  y=[16x1x886]  (T=1, K=886)
  - op#02  op=SV       shard=1   p=[16x1x886] + v=[16x886x128]  ->  y=[16x1x128]  (T=1, K=886)
[pim-debug] NOTE: CENT(AiM) trace backend internally uses x shape (1,1,dim) and handles prefill by repeating ops;
           the table below shows the *effective parameters* passed into cost_model_pim_backend for each op.
[pim-debug] op#00 op=QK       norm=score      sh=1  dim=4096  heads=16  hd=128 q_dim=2048  kv_heads=16  kv_dim=2048  o_dim=2048  ffn_dim=5504   seqlen=886    qlen=1   cache=N lat=    0.004ms cycles≈3616
[pim-debug] op#01 op=Softmax  norm=softmax    sh=1  dim=4096  heads=16  hd=128 q_dim=2048  kv_heads=16  kv_dim=2048  o_dim=2048  ffn_dim=5504   seqlen=886    qlen=1   cache=N lat=    0.003ms cycles≈2991
[pim-debug] op#02 op=SV       norm=output     sh=1  dim=4096  heads=16  hd=128 q_dim=2048  kv_heads=16  kv_dim=2048  o_dim=2048  ffn_dim=5504   seqlen=886    qlen=1   cache=N lat=    0.002ms cycles≈2272
[pim-debug] segment total latency: 0.009 ms
========================================================================================
[pim-debug] segment_key=pim|decode|53|8d3c4a27f3148da54f43fbe5a8786c55
[pim-debug] sig: device_type=pim phase=decode step=53 (count_hint=32)
[pim-debug] ops_repr: QK:0,Softmax:0,SV:0
[pim-debug] cfg: shard_policy='fine' shards=2 dim=4096 ffn_dim=11008 n_heads=32 n_kv_heads=auto->n_heads
[pim-debug] pim_config=/lustre/home/2501111916/workspace/XPUPIM_0226_gpupim_parameter/TriForm/algorithms/aim_simulator/PIM_AiM.json
[pim-debug] ramulator_config=/lustre/home/2501111916/workspace/XPUPIM_0226_gpupim_parameter/TriForm/algorithms/aim_simulator/example.yaml
[pim-debug] cost_model config.PIM_FREQ_GHZ=1.0
[pim-debug] op plan (logical shapes inferred from schedule cfg):
  - op#00  op=QK       shard=0   q=[16x1x128] + k=[16x128x886]  ->  y=[16x1x886]  (T=1, K=886)
  - op#01  op=Softmax  shard=0   scores=[16x1x886]  ->  y=[16x1x886]  (T=1, K=886)
  - op#02  op=SV       shard=0   p=[16x1x886] + v=[16x886x128]  ->  y=[16x1x128]  (T=1, K=886)
[pim-debug] NOTE: CENT(AiM) trace backend internally uses x shape (1,1,dim) and handles prefill by repeating ops;
           the table below shows the *effective parameters* passed into cost_model_pim_backend for each op.
[pim-debug] op#00 op=QK       norm=score      sh=0  dim=4096  heads=16  hd=128 q_dim=2048  kv_heads=16  kv_dim=2048  o_dim=2048  ffn_dim=5504   seqlen=886    qlen=1   cache=N lat=    0.004ms cycles≈3616
[pim-debug] op#01 op=Softmax  norm=softmax    sh=0  dim=4096  heads=16  hd=128 q_dim=2048  kv_heads=16  kv_dim=2048  o_dim=2048  ffn_dim=5504   seqlen=886    qlen=1   cache=N lat=    0.003ms cycles≈2991
[pim-debug] op#02 op=SV       norm=output     sh=0  dim=4096  heads=16  hd=128 q_dim=2048  kv_heads=16  kv_dim=2048  o_dim=2048  ffn_dim=5504   seqlen=886    qlen=1   cache=N lat=    0.002ms cycles≈2272
[pim-debug] segment total latency: 0.009 ms
========================================================================================
[pim-debug] segment_key=pim|decode|54|583a2f400a32ef30361deb25375d6d1d
[pim-debug] sig: device_type=pim phase=decode step=54 (count_hint=32)
[pim-debug] ops_repr: QK:1,Softmax:1,SV:1
[pim-debug] cfg: shard_policy='fine' shards=2 dim=4096 ffn_dim=11008 n_heads=32 n_kv_heads=auto->n_heads
[pim-debug] pim_config=/lustre/home/2501111916/workspace/XPUPIM_0226_gpupim_parameter/TriForm/algorithms/aim_simulator/PIM_AiM.json
[pim-debug] ramulator_config=/lustre/home/2501111916/workspace/XPUPIM_0226_gpupim_parameter/TriForm/algorithms/aim_simulator/example.yaml
[pim-debug] cost_model config.PIM_FREQ_GHZ=1.0
[pim-debug] op plan (logical shapes inferred from schedule cfg):
  - op#00  op=QK       shard=1   q=[16x1x128] + k=[16x128x898]  ->  y=[16x1x898]  (T=1, K=898)
  - op#01  op=Softmax  shard=1   scores=[16x1x898]  ->  y=[16x1x898]  (T=1, K=898)
  - op#02  op=SV       shard=1   p=[16x1x898] + v=[16x898x128]  ->  y=[16x1x128]  (T=1, K=898)
[pim-debug] NOTE: CENT(AiM) trace backend internally uses x shape (1,1,dim) and handles prefill by repeating ops;
           the table below shows the *effective parameters* passed into cost_model_pim_backend for each op.
[pim-debug] op#00 op=QK       norm=score      sh=1  dim=4096  heads=16  hd=128 q_dim=2048  kv_heads=16  kv_dim=2048  o_dim=2048  ffn_dim=5504   seqlen=898    qlen=1   cache=N lat=    0.004ms cycles≈3616
[pim-debug] op#01 op=Softmax  norm=softmax    sh=1  dim=4096  heads=16  hd=128 q_dim=2048  kv_heads=16  kv_dim=2048  o_dim=2048  ffn_dim=5504   seqlen=898    qlen=1   cache=N lat=    0.003ms cycles≈3043
[pim-debug] op#02 op=SV       norm=output     sh=1  dim=4096  heads=16  hd=128 q_dim=2048  kv_heads=16  kv_dim=2048  o_dim=2048  ffn_dim=5504   seqlen=898    qlen=1   cache=N lat=    0.002ms cycles≈2290
[pim-debug] segment total latency: 0.009 ms
========================================================================================
[pim-debug] segment_key=pim|decode|54|8d3c4a27f3148da54f43fbe5a8786c55
[pim-debug] sig: device_type=pim phase=decode step=54 (count_hint=32)
[pim-debug] ops_repr: QK:0,Softmax:0,SV:0
[pim-debug] cfg: shard_policy='fine' shards=2 dim=4096 ffn_dim=11008 n_heads=32 n_kv_heads=auto->n_heads
[pim-debug] pim_config=/lustre/home/2501111916/workspace/XPUPIM_0226_gpupim_parameter/TriForm/algorithms/aim_simulator/PIM_AiM.json
[pim-debug] ramulator_config=/lustre/home/2501111916/workspace/XPUPIM_0226_gpupim_parameter/TriForm/algorithms/aim_simulator/example.yaml
[pim-debug] cost_model config.PIM_FREQ_GHZ=1.0
[pim-debug] op plan (logical shapes inferred from schedule cfg):
  - op#00  op=QK       shard=0   q=[16x1x128] + k=[16x128x898]  ->  y=[16x1x898]  (T=1, K=898)
  - op#01  op=Softmax  shard=0   scores=[16x1x898]  ->  y=[16x1x898]  (T=1, K=898)
  - op#02  op=SV       shard=0   p=[16x1x898] + v=[16x898x128]  ->  y=[16x1x128]  (T=1, K=898)
[pim-debug] NOTE: CENT(AiM) trace backend internally uses x shape (1,1,dim) and handles prefill by repeating ops;
           the table below shows the *effective parameters* passed into cost_model_pim_backend for each op.
[pim-debug] op#00 op=QK       norm=score      sh=0  dim=4096  heads=16  hd=128 q_dim=2048  kv_heads=16  kv_dim=2048  o_dim=2048  ffn_dim=5504   seqlen=898    qlen=1   cache=N lat=    0.004ms cycles≈3616
[pim-debug] op#01 op=Softmax  norm=softmax    sh=0  dim=4096  heads=16  hd=128 q_dim=2048  kv_heads=16  kv_dim=2048  o_dim=2048  ffn_dim=5504   seqlen=898    qlen=1   cache=N lat=    0.003ms cycles≈3043
[pim-debug] op#02 op=SV       norm=output     sh=0  dim=4096  heads=16  hd=128 q_dim=2048  kv_heads=16  kv_dim=2048  o_dim=2048  ffn_dim=5504   seqlen=898    qlen=1   cache=N lat=    0.002ms cycles≈2290
[pim-debug] segment total latency: 0.009 ms
========================================================================================
[pim-debug] segment_key=pim|decode|55|583a2f400a32ef30361deb25375d6d1d
[pim-debug] sig: device_type=pim phase=decode step=55 (count_hint=32)
[pim-debug] ops_repr: QK:1,Softmax:1,SV:1
[pim-debug] cfg: shard_policy='fine' shards=2 dim=4096 ffn_dim=11008 n_heads=32 n_kv_heads=auto->n_heads
[pim-debug] pim_config=/lustre/home/2501111916/workspace/XPUPIM_0226_gpupim_parameter/TriForm/algorithms/aim_simulator/PIM_AiM.json
[pim-debug] ramulator_config=/lustre/home/2501111916/workspace/XPUPIM_0226_gpupim_parameter/TriForm/algorithms/aim_simulator/example.yaml
[pim-debug] cost_model config.PIM_FREQ_GHZ=1.0
[pim-debug] op plan (logical shapes inferred from schedule cfg):
  - op#00  op=QK       shard=1   q=[16x1x128] + k=[16x128x910]  ->  y=[16x1x910]  (T=1, K=910)
  - op#01  op=Softmax  shard=1   scores=[16x1x910]  ->  y=[16x1x910]  (T=1, K=910)
  - op#02  op=SV       shard=1   p=[16x1x910] + v=[16x910x128]  ->  y=[16x1x128]  (T=1, K=910)
[pim-debug] NOTE: CENT(AiM) trace backend internally uses x shape (1,1,dim) and handles prefill by repeating ops;
           the table below shows the *effective parameters* passed into cost_model_pim_backend for each op.
[pim-debug] op#00 op=QK       norm=score      sh=1  dim=4096  heads=16  hd=128 q_dim=2048  kv_heads=16  kv_dim=2048  o_dim=2048  ffn_dim=5504   seqlen=910    qlen=1   cache=N lat=    0.004ms cycles≈3616
[pim-debug] op#01 op=Softmax  norm=softmax    sh=1  dim=4096  heads=16  hd=128 q_dim=2048  kv_heads=16  kv_dim=2048  o_dim=2048  ffn_dim=5504   seqlen=910    qlen=1   cache=N lat=    0.003ms cycles≈3043
[pim-debug] op#02 op=SV       norm=output     sh=1  dim=4096  heads=16  hd=128 q_dim=2048  kv_heads=16  kv_dim=2048  o_dim=2048  ffn_dim=5504   seqlen=910    qlen=1   cache=N lat=    0.002ms cycles≈2290
[pim-debug] segment total latency: 0.009 ms
========================================================================================
[pim-debug] segment_key=pim|decode|55|8d3c4a27f3148da54f43fbe5a8786c55
[pim-debug] sig: device_type=pim phase=decode step=55 (count_hint=32)
[pim-debug] ops_repr: QK:0,Softmax:0,SV:0
[pim-debug] cfg: shard_policy='fine' shards=2 dim=4096 ffn_dim=11008 n_heads=32 n_kv_heads=auto->n_heads
[pim-debug] pim_config=/lustre/home/2501111916/workspace/XPUPIM_0226_gpupim_parameter/TriForm/algorithms/aim_simulator/PIM_AiM.json
[pim-debug] ramulator_config=/lustre/home/2501111916/workspace/XPUPIM_0226_gpupim_parameter/TriForm/algorithms/aim_simulator/example.yaml
[pim-debug] cost_model config.PIM_FREQ_GHZ=1.0
[pim-debug] op plan (logical shapes inferred from schedule cfg):
  - op#00  op=QK       shard=0   q=[16x1x128] + k=[16x128x910]  ->  y=[16x1x910]  (T=1, K=910)
  - op#01  op=Softmax  shard=0   scores=[16x1x910]  ->  y=[16x1x910]  (T=1, K=910)
  - op#02  op=SV       shard=0   p=[16x1x910] + v=[16x910x128]  ->  y=[16x1x128]  (T=1, K=910)
[pim-debug] NOTE: CENT(AiM) trace backend internally uses x shape (1,1,dim) and handles prefill by repeating ops;
           the table below shows the *effective parameters* passed into cost_model_pim_backend for each op.
[pim-debug] op#00 op=QK       norm=score      sh=0  dim=4096  heads=16  hd=128 q_dim=2048  kv_heads=16  kv_dim=2048  o_dim=2048  ffn_dim=5504   seqlen=910    qlen=1   cache=N lat=    0.004ms cycles≈3616
[pim-debug] op#01 op=Softmax  norm=softmax    sh=0  dim=4096  heads=16  hd=128 q_dim=2048  kv_heads=16  kv_dim=2048  o_dim=2048  ffn_dim=5504   seqlen=910    qlen=1   cache=N lat=    0.003ms cycles≈3043
[pim-debug] op#02 op=SV       norm=output     sh=0  dim=4096  heads=16  hd=128 q_dim=2048  kv_heads=16  kv_dim=2048  o_dim=2048  ffn_dim=5504   seqlen=910    qlen=1   cache=N lat=    0.002ms cycles≈2290
[pim-debug] segment total latency: 0.009 ms
========================================================================================
[pim-debug] segment_key=pim|decode|56|583a2f400a32ef30361deb25375d6d1d
[pim-debug] sig: device_type=pim phase=decode step=56 (count_hint=32)
[pim-debug] ops_repr: QK:1,Softmax:1,SV:1
[pim-debug] cfg: shard_policy='fine' shards=2 dim=4096 ffn_dim=11008 n_heads=32 n_kv_heads=auto->n_heads
[pim-debug] pim_config=/lustre/home/2501111916/workspace/XPUPIM_0226_gpupim_parameter/TriForm/algorithms/aim_simulator/PIM_AiM.json
[pim-debug] ramulator_config=/lustre/home/2501111916/workspace/XPUPIM_0226_gpupim_parameter/TriForm/algorithms/aim_simulator/example.yaml
[pim-debug] cost_model config.PIM_FREQ_GHZ=1.0
[pim-debug] op plan (logical shapes inferred from schedule cfg):
  - op#00  op=QK       shard=1   q=[16x1x128] + k=[16x128x922]  ->  y=[16x1x922]  (T=1, K=922)
  - op#01  op=Softmax  shard=1   scores=[16x1x922]  ->  y=[16x1x922]  (T=1, K=922)
  - op#02  op=SV       shard=1   p=[16x1x922] + v=[16x922x128]  ->  y=[16x1x128]  (T=1, K=922)
[pim-debug] NOTE: CENT(AiM) trace backend internally uses x shape (1,1,dim) and handles prefill by repeating ops;
           the table below shows the *effective parameters* passed into cost_model_pim_backend for each op.
[pim-debug] op#00 op=QK       norm=score      sh=1  dim=4096  heads=16  hd=128 q_dim=2048  kv_heads=16  kv_dim=2048  o_dim=2048  ffn_dim=5504   seqlen=922    qlen=1   cache=N lat=    0.004ms cycles≈3616
[pim-debug] op#01 op=Softmax  norm=softmax    sh=1  dim=4096  heads=16  hd=128 q_dim=2048  kv_heads=16  kv_dim=2048  o_dim=2048  ffn_dim=5504   seqlen=922    qlen=1   cache=N lat=    0.003ms cycles≈3095
[pim-debug] op#02 op=SV       norm=output     sh=1  dim=4096  heads=16  hd=128 q_dim=2048  kv_heads=16  kv_dim=2048  o_dim=2048  ffn_dim=5504   seqlen=922    qlen=1   cache=N lat=    0.002ms cycles≈2308
[pim-debug] segment total latency: 0.009 ms
========================================================================================
[pim-debug] segment_key=pim|decode|56|8d3c4a27f3148da54f43fbe5a8786c55
[pim-debug] sig: device_type=pim phase=decode step=56 (count_hint=32)
[pim-debug] ops_repr: QK:0,Softmax:0,SV:0
[pim-debug] cfg: shard_policy='fine' shards=2 dim=4096 ffn_dim=11008 n_heads=32 n_kv_heads=auto->n_heads
[pim-debug] pim_config=/lustre/home/2501111916/workspace/XPUPIM_0226_gpupim_parameter/TriForm/algorithms/aim_simulator/PIM_AiM.json
[pim-debug] ramulator_config=/lustre/home/2501111916/workspace/XPUPIM_0226_gpupim_parameter/TriForm/algorithms/aim_simulator/example.yaml
[pim-debug] cost_model config.PIM_FREQ_GHZ=1.0
[pim-debug] op plan (logical shapes inferred from schedule cfg):
  - op#00  op=QK       shard=0   q=[16x1x128] + k=[16x128x922]  ->  y=[16x1x922]  (T=1, K=922)
  - op#01  op=Softmax  shard=0   scores=[16x1x922]  ->  y=[16x1x922]  (T=1, K=922)
  - op#02  op=SV       shard=0   p=[16x1x922] + v=[16x922x128]  ->  y=[16x1x128]  (T=1, K=922)
[pim-debug] NOTE: CENT(AiM) trace backend internally uses x shape (1,1,dim) and handles prefill by repeating ops;
           the table below shows the *effective parameters* passed into cost_model_pim_backend for each op.
[pim-debug] op#00 op=QK       norm=score      sh=0  dim=4096  heads=16  hd=128 q_dim=2048  kv_heads=16  kv_dim=2048  o_dim=2048  ffn_dim=5504   seqlen=922    qlen=1   cache=N lat=    0.004ms cycles≈3616
[pim-debug] op#01 op=Softmax  norm=softmax    sh=0  dim=4096  heads=16  hd=128 q_dim=2048  kv_heads=16  kv_dim=2048  o_dim=2048  ffn_dim=5504   seqlen=922    qlen=1   cache=N lat=    0.003ms cycles≈3095
[pim-debug] op#02 op=SV       norm=output     sh=0  dim=4096  heads=16  hd=128 q_dim=2048  kv_heads=16  kv_dim=2048  o_dim=2048  ffn_dim=5504   seqlen=922    qlen=1   cache=N lat=    0.002ms cycles≈2308
[pim-debug] segment total latency: 0.009 ms
========================================================================================
[pim-debug] segment_key=pim|decode|57|583a2f400a32ef30361deb25375d6d1d
[pim-debug] sig: device_type=pim phase=decode step=57 (count_hint=32)
[pim-debug] ops_repr: QK:1,Softmax:1,SV:1
[pim-debug] cfg: shard_policy='fine' shards=2 dim=4096 ffn_dim=11008 n_heads=32 n_kv_heads=auto->n_heads
[pim-debug] pim_config=/lustre/home/2501111916/workspace/XPUPIM_0226_gpupim_parameter/TriForm/algorithms/aim_simulator/PIM_AiM.json
[pim-debug] ramulator_config=/lustre/home/2501111916/workspace/XPUPIM_0226_gpupim_parameter/TriForm/algorithms/aim_simulator/example.yaml
[pim-debug] cost_model config.PIM_FREQ_GHZ=1.0
[pim-debug] op plan (logical shapes inferred from schedule cfg):
  - op#00  op=QK       shard=1   q=[16x1x128] + k=[16x128x934]  ->  y=[16x1x934]  (T=1, K=934)
  - op#01  op=Softmax  shard=1   scores=[16x1x934]  ->  y=[16x1x934]  (T=1, K=934)
  - op#02  op=SV       shard=1   p=[16x1x934] + v=[16x934x128]  ->  y=[16x1x128]  (T=1, K=934)
[pim-debug] NOTE: CENT(AiM) trace backend internally uses x shape (1,1,dim) and handles prefill by repeating ops;
           the table below shows the *effective parameters* passed into cost_model_pim_backend for each op.
[pim-debug] op#00 op=QK       norm=score      sh=1  dim=4096  heads=16  hd=128 q_dim=2048  kv_heads=16  kv_dim=2048  o_dim=2048  ffn_dim=5504   seqlen=934    qlen=1   cache=N lat=    0.004ms cycles≈3616
[pim-debug] op#01 op=Softmax  norm=softmax    sh=1  dim=4096  heads=16  hd=128 q_dim=2048  kv_heads=16  kv_dim=2048  o_dim=2048  ffn_dim=5504   seqlen=934    qlen=1   cache=N lat=    0.003ms cycles≈3147
[pim-debug] op#02 op=SV       norm=output     sh=1  dim=4096  heads=16  hd=128 q_dim=2048  kv_heads=16  kv_dim=2048  o_dim=2048  ffn_dim=5504   seqlen=934    qlen=1   cache=N lat=    0.002ms cycles≈2326
[pim-debug] segment total latency: 0.009 ms
========================================================================================
[pim-debug] segment_key=pim|decode|57|8d3c4a27f3148da54f43fbe5a8786c55
[pim-debug] sig: device_type=pim phase=decode step=57 (count_hint=32)
[pim-debug] ops_repr: QK:0,Softmax:0,SV:0
[pim-debug] cfg: shard_policy='fine' shards=2 dim=4096 ffn_dim=11008 n_heads=32 n_kv_heads=auto->n_heads
[pim-debug] pim_config=/lustre/home/2501111916/workspace/XPUPIM_0226_gpupim_parameter/TriForm/algorithms/aim_simulator/PIM_AiM.json
[pim-debug] ramulator_config=/lustre/home/2501111916/workspace/XPUPIM_0226_gpupim_parameter/TriForm/algorithms/aim_simulator/example.yaml
[pim-debug] cost_model config.PIM_FREQ_GHZ=1.0
[pim-debug] op plan (logical shapes inferred from schedule cfg):
  - op#00  op=QK       shard=0   q=[16x1x128] + k=[16x128x934]  ->  y=[16x1x934]  (T=1, K=934)
  - op#01  op=Softmax  shard=0   scores=[16x1x934]  ->  y=[16x1x934]  (T=1, K=934)
  - op#02  op=SV       shard=0   p=[16x1x934] + v=[16x934x128]  ->  y=[16x1x128]  (T=1, K=934)
[pim-debug] NOTE: CENT(AiM) trace backend internally uses x shape (1,1,dim) and handles prefill by repeating ops;
           the table below shows the *effective parameters* passed into cost_model_pim_backend for each op.
[pim-debug] op#00 op=QK       norm=score      sh=0  dim=4096  heads=16  hd=128 q_dim=2048  kv_heads=16  kv_dim=2048  o_dim=2048  ffn_dim=5504   seqlen=934    qlen=1   cache=N lat=    0.004ms cycles≈3616
[pim-debug] op#01 op=Softmax  norm=softmax    sh=0  dim=4096  heads=16  hd=128 q_dim=2048  kv_heads=16  kv_dim=2048  o_dim=2048  ffn_dim=5504   seqlen=934    qlen=1   cache=N lat=    0.003ms cycles≈3147
[pim-debug] op#02 op=SV       norm=output     sh=0  dim=4096  heads=16  hd=128 q_dim=2048  kv_heads=16  kv_dim=2048  o_dim=2048  ffn_dim=5504   seqlen=934    qlen=1   cache=N lat=    0.002ms cycles≈2326
[pim-debug] segment total latency: 0.009 ms
========================================================================================
[pim-debug] segment_key=pim|decode|58|583a2f400a32ef30361deb25375d6d1d
[pim-debug] sig: device_type=pim phase=decode step=58 (count_hint=32)
[pim-debug] ops_repr: QK:1,Softmax:1,SV:1
[pim-debug] cfg: shard_policy='fine' shards=2 dim=4096 ffn_dim=11008 n_heads=32 n_kv_heads=auto->n_heads
[pim-debug] pim_config=/lustre/home/2501111916/workspace/XPUPIM_0226_gpupim_parameter/TriForm/algorithms/aim_simulator/PIM_AiM.json
[pim-debug] ramulator_config=/lustre/home/2501111916/workspace/XPUPIM_0226_gpupim_parameter/TriForm/algorithms/aim_simulator/example.yaml
[pim-debug] cost_model config.PIM_FREQ_GHZ=1.0
[pim-debug] op plan (logical shapes inferred from schedule cfg):
  - op#00  op=QK       shard=1   q=[16x1x128] + k=[16x128x946]  ->  y=[16x1x946]  (T=1, K=946)
  - op#01  op=Softmax  shard=1   scores=[16x1x946]  ->  y=[16x1x946]  (T=1, K=946)
  - op#02  op=SV       shard=1   p=[16x1x946] + v=[16x946x128]  ->  y=[16x1x128]  (T=1, K=946)
[pim-debug] NOTE: CENT(AiM) trace backend internally uses x shape (1,1,dim) and handles prefill by repeating ops;
           the table below shows the *effective parameters* passed into cost_model_pim_backend for each op.
[pim-debug] op#00 op=QK       norm=score      sh=1  dim=4096  heads=16  hd=128 q_dim=2048  kv_heads=16  kv_dim=2048  o_dim=2048  ffn_dim=5504   seqlen=946    qlen=1   cache=N lat=    0.004ms cycles≈3616
[pim-debug] op#01 op=Softmax  norm=softmax    sh=1  dim=4096  heads=16  hd=128 q_dim=2048  kv_heads=16  kv_dim=2048  o_dim=2048  ffn_dim=5504   seqlen=946    qlen=1   cache=N lat=    0.003ms cycles≈3199
[pim-debug] op#02 op=SV       norm=output     sh=1  dim=4096  heads=16  hd=128 q_dim=2048  kv_heads=16  kv_dim=2048  o_dim=2048  ffn_dim=5504   seqlen=946    qlen=1   cache=N lat=    0.002ms cycles≈2344
[pim-debug] segment total latency: 0.009 ms
========================================================================================
[pim-debug] segment_key=pim|decode|58|8d3c4a27f3148da54f43fbe5a8786c55
[pim-debug] sig: device_type=pim phase=decode step=58 (count_hint=32)
[pim-debug] ops_repr: QK:0,Softmax:0,SV:0
[pim-debug] cfg: shard_policy='fine' shards=2 dim=4096 ffn_dim=11008 n_heads=32 n_kv_heads=auto->n_heads
[pim-debug] pim_config=/lustre/home/2501111916/workspace/XPUPIM_0226_gpupim_parameter/TriForm/algorithms/aim_simulator/PIM_AiM.json
[pim-debug] ramulator_config=/lustre/home/2501111916/workspace/XPUPIM_0226_gpupim_parameter/TriForm/algorithms/aim_simulator/example.yaml
[pim-debug] cost_model config.PIM_FREQ_GHZ=1.0
[pim-debug] op plan (logical shapes inferred from schedule cfg):
  - op#00  op=QK       shard=0   q=[16x1x128] + k=[16x128x946]  ->  y=[16x1x946]  (T=1, K=946)
  - op#01  op=Softmax  shard=0   scores=[16x1x946]  ->  y=[16x1x946]  (T=1, K=946)
  - op#02  op=SV       shard=0   p=[16x1x946] + v=[16x946x128]  ->  y=[16x1x128]  (T=1, K=946)
[pim-debug] NOTE: CENT(AiM) trace backend internally uses x shape (1,1,dim) and handles prefill by repeating ops;
           the table below shows the *effective parameters* passed into cost_model_pim_backend for each op.
[pim-debug] op#00 op=QK       norm=score      sh=0  dim=4096  heads=16  hd=128 q_dim=2048  kv_heads=16  kv_dim=2048  o_dim=2048  ffn_dim=5504   seqlen=946    qlen=1   cache=N lat=    0.004ms cycles≈3616
[pim-debug] op#01 op=Softmax  norm=softmax    sh=0  dim=4096  heads=16  hd=128 q_dim=2048  kv_heads=16  kv_dim=2048  o_dim=2048  ffn_dim=5504   seqlen=946    qlen=1   cache=N lat=    0.003ms cycles≈3199
[pim-debug] op#02 op=SV       norm=output     sh=0  dim=4096  heads=16  hd=128 q_dim=2048  kv_heads=16  kv_dim=2048  o_dim=2048  ffn_dim=5504   seqlen=946    qlen=1   cache=N lat=    0.002ms cycles≈2344
[pim-debug] segment total latency: 0.009 ms
========================================================================================
[pim-debug] segment_key=pim|decode|59|583a2f400a32ef30361deb25375d6d1d
[pim-debug] sig: device_type=pim phase=decode step=59 (count_hint=32)
[pim-debug] ops_repr: QK:1,Softmax:1,SV:1
[pim-debug] cfg: shard_policy='fine' shards=2 dim=4096 ffn_dim=11008 n_heads=32 n_kv_heads=auto->n_heads
[pim-debug] pim_config=/lustre/home/2501111916/workspace/XPUPIM_0226_gpupim_parameter/TriForm/algorithms/aim_simulator/PIM_AiM.json
[pim-debug] ramulator_config=/lustre/home/2501111916/workspace/XPUPIM_0226_gpupim_parameter/TriForm/algorithms/aim_simulator/example.yaml
[pim-debug] cost_model config.PIM_FREQ_GHZ=1.0
[pim-debug] op plan (logical shapes inferred from schedule cfg):
  - op#00  op=QK       shard=1   q=[16x1x128] + k=[16x128x958]  ->  y=[16x1x958]  (T=1, K=958)
  - op#01  op=Softmax  shard=1   scores=[16x1x958]  ->  y=[16x1x958]  (T=1, K=958)
  - op#02  op=SV       shard=1   p=[16x1x958] + v=[16x958x128]  ->  y=[16x1x128]  (T=1, K=958)
[pim-debug] NOTE: CENT(AiM) trace backend internally uses x shape (1,1,dim) and handles prefill by repeating ops;
           the table below shows the *effective parameters* passed into cost_model_pim_backend for each op.
[pim-debug] op#00 op=QK       norm=score      sh=1  dim=4096  heads=16  hd=128 q_dim=2048  kv_heads=16  kv_dim=2048  o_dim=2048  ffn_dim=5504   seqlen=958    qlen=1   cache=N lat=    0.004ms cycles≈3616
[pim-debug] op#01 op=Softmax  norm=softmax    sh=1  dim=4096  heads=16  hd=128 q_dim=2048  kv_heads=16  kv_dim=2048  o_dim=2048  ffn_dim=5504   seqlen=958    qlen=1   cache=N lat=    0.003ms cycles≈3199
[pim-debug] op#02 op=SV       norm=output     sh=1  dim=4096  heads=16  hd=128 q_dim=2048  kv_heads=16  kv_dim=2048  o_dim=2048  ffn_dim=5504   seqlen=958    qlen=1   cache=N lat=    0.002ms cycles≈2344
[pim-debug] segment total latency: 0.009 ms
========================================================================================
[pim-debug] segment_key=pim|decode|59|8d3c4a27f3148da54f43fbe5a8786c55
[pim-debug] sig: device_type=pim phase=decode step=59 (count_hint=32)
[pim-debug] ops_repr: QK:0,Softmax:0,SV:0
[pim-debug] cfg: shard_policy='fine' shards=2 dim=4096 ffn_dim=11008 n_heads=32 n_kv_heads=auto->n_heads
[pim-debug] pim_config=/lustre/home/2501111916/workspace/XPUPIM_0226_gpupim_parameter/TriForm/algorithms/aim_simulator/PIM_AiM.json
[pim-debug] ramulator_config=/lustre/home/2501111916/workspace/XPUPIM_0226_gpupim_parameter/TriForm/algorithms/aim_simulator/example.yaml
[pim-debug] cost_model config.PIM_FREQ_GHZ=1.0
[pim-debug] op plan (logical shapes inferred from schedule cfg):
  - op#00  op=QK       shard=0   q=[16x1x128] + k=[16x128x958]  ->  y=[16x1x958]  (T=1, K=958)
  - op#01  op=Softmax  shard=0   scores=[16x1x958]  ->  y=[16x1x958]  (T=1, K=958)
  - op#02  op=SV       shard=0   p=[16x1x958] + v=[16x958x128]  ->  y=[16x1x128]  (T=1, K=958)
[pim-debug] NOTE: CENT(AiM) trace backend internally uses x shape (1,1,dim) and handles prefill by repeating ops;
           the table below shows the *effective parameters* passed into cost_model_pim_backend for each op.
[pim-debug] op#00 op=QK       norm=score      sh=0  dim=4096  heads=16  hd=128 q_dim=2048  kv_heads=16  kv_dim=2048  o_dim=2048  ffn_dim=5504   seqlen=958    qlen=1   cache=N lat=    0.004ms cycles≈3616
[pim-debug] op#01 op=Softmax  norm=softmax    sh=0  dim=4096  heads=16  hd=128 q_dim=2048  kv_heads=16  kv_dim=2048  o_dim=2048  ffn_dim=5504   seqlen=958    qlen=1   cache=N lat=    0.003ms cycles≈3199
[pim-debug] op#02 op=SV       norm=output     sh=0  dim=4096  heads=16  hd=128 q_dim=2048  kv_heads=16  kv_dim=2048  o_dim=2048  ffn_dim=5504   seqlen=958    qlen=1   cache=N lat=    0.002ms cycles≈2344
[pim-debug] segment total latency: 0.009 ms
========================================================================================
[pim-debug] segment_key=pim|decode|5|583a2f400a32ef30361deb25375d6d1d
[pim-debug] sig: device_type=pim phase=decode step=5 (count_hint=32)
[pim-debug] ops_repr: QK:1,Softmax:1,SV:1
[pim-debug] cfg: shard_policy='fine' shards=2 dim=4096 ffn_dim=11008 n_heads=32 n_kv_heads=auto->n_heads
[pim-debug] pim_config=/lustre/home/2501111916/workspace/XPUPIM_0226_gpupim_parameter/TriForm/algorithms/aim_simulator/PIM_AiM.json
[pim-debug] ramulator_config=/lustre/home/2501111916/workspace/XPUPIM_0226_gpupim_parameter/TriForm/algorithms/aim_simulator/example.yaml
[pim-debug] cost_model config.PIM_FREQ_GHZ=1.0
[pim-debug] op plan (logical shapes inferred from schedule cfg):
  - op#00  op=QK       shard=1   q=[16x1x128] + k=[16x128x310]  ->  y=[16x1x310]  (T=1, K=310)
  - op#01  op=Softmax  shard=1   scores=[16x1x310]  ->  y=[16x1x310]  (T=1, K=310)
  - op#02  op=SV       shard=1   p=[16x1x310] + v=[16x310x128]  ->  y=[16x1x128]  (T=1, K=310)
[pim-debug] NOTE: CENT(AiM) trace backend internally uses x shape (1,1,dim) and handles prefill by repeating ops;
           the table below shows the *effective parameters* passed into cost_model_pim_backend for each op.
[pim-debug] op#00 op=QK       norm=score      sh=1  dim=4096  heads=16  hd=128 q_dim=2048  kv_heads=16  kv_dim=2048  o_dim=2048  ffn_dim=5504   seqlen=310    qlen=1   cache=N lat=    0.002ms cycles≈1808
[pim-debug] op#01 op=Softmax  norm=softmax    sh=1  dim=4096  heads=16  hd=128 q_dim=2048  kv_heads=16  kv_dim=2048  o_dim=2048  ffn_dim=5504   seqlen=310    qlen=1   cache=N lat=    0.001ms cycles≈1119
[pim-debug] op#02 op=SV       norm=output     sh=1  dim=4096  heads=16  hd=128 q_dim=2048  kv_heads=16  kv_dim=2048  o_dim=2048  ffn_dim=5504   seqlen=310    qlen=1   cache=N lat=    0.002ms cycles≈1624
[pim-debug] segment total latency: 0.005 ms
========================================================================================
[pim-debug] segment_key=pim|decode|5|8d3c4a27f3148da54f43fbe5a8786c55
[pim-debug] sig: device_type=pim phase=decode step=5 (count_hint=32)
[pim-debug] ops_repr: QK:0,Softmax:0,SV:0
[pim-debug] cfg: shard_policy='fine' shards=2 dim=4096 ffn_dim=11008 n_heads=32 n_kv_heads=auto->n_heads
[pim-debug] pim_config=/lustre/home/2501111916/workspace/XPUPIM_0226_gpupim_parameter/TriForm/algorithms/aim_simulator/PIM_AiM.json
[pim-debug] ramulator_config=/lustre/home/2501111916/workspace/XPUPIM_0226_gpupim_parameter/TriForm/algorithms/aim_simulator/example.yaml
[pim-debug] cost_model config.PIM_FREQ_GHZ=1.0
[pim-debug] op plan (logical shapes inferred from schedule cfg):
  - op#00  op=QK       shard=0   q=[16x1x128] + k=[16x128x310]  ->  y=[16x1x310]  (T=1, K=310)
  - op#01  op=Softmax  shard=0   scores=[16x1x310]  ->  y=[16x1x310]  (T=1, K=310)
  - op#02  op=SV       shard=0   p=[16x1x310] + v=[16x310x128]  ->  y=[16x1x128]  (T=1, K=310)
[pim-debug] NOTE: CENT(AiM) trace backend internally uses x shape (1,1,dim) and handles prefill by repeating ops;
           the table below shows the *effective parameters* passed into cost_model_pim_backend for each op.
[pim-debug] op#00 op=QK       norm=score      sh=0  dim=4096  heads=16  hd=128 q_dim=2048  kv_heads=16  kv_dim=2048  o_dim=2048  ffn_dim=5504   seqlen=310    qlen=1   cache=N lat=    0.002ms cycles≈1808
[pim-debug] op#01 op=Softmax  norm=softmax    sh=0  dim=4096  heads=16  hd=128 q_dim=2048  kv_heads=16  kv_dim=2048  o_dim=2048  ffn_dim=5504   seqlen=310    qlen=1   cache=N lat=    0.001ms cycles≈1119
[pim-debug] op#02 op=SV       norm=output     sh=0  dim=4096  heads=16  hd=128 q_dim=2048  kv_heads=16  kv_dim=2048  o_dim=2048  ffn_dim=5504   seqlen=310    qlen=1   cache=N lat=    0.002ms cycles≈1624
[pim-debug] segment total latency: 0.005 ms
========================================================================================
[pim-debug] segment_key=pim|decode|60|583a2f400a32ef30361deb25375d6d1d
[pim-debug] sig: device_type=pim phase=decode step=60 (count_hint=32)
[pim-debug] ops_repr: QK:1,Softmax:1,SV:1
[pim-debug] cfg: shard_policy='fine' shards=2 dim=4096 ffn_dim=11008 n_heads=32 n_kv_heads=auto->n_heads
[pim-debug] pim_config=/lustre/home/2501111916/workspace/XPUPIM_0226_gpupim_parameter/TriForm/algorithms/aim_simulator/PIM_AiM.json
[pim-debug] ramulator_config=/lustre/home/2501111916/workspace/XPUPIM_0226_gpupim_parameter/TriForm/algorithms/aim_simulator/example.yaml
[pim-debug] cost_model config.PIM_FREQ_GHZ=1.0
[pim-debug] op plan (logical shapes inferred from schedule cfg):
  - op#00  op=QK       shard=1   q=[16x1x128] + k=[16x128x970]  ->  y=[16x1x970]  (T=1, K=970)
  - op#01  op=Softmax  shard=1   scores=[16x1x970]  ->  y=[16x1x970]  (T=1, K=970)
  - op#02  op=SV       shard=1   p=[16x1x970] + v=[16x970x128]  ->  y=[16x1x128]  (T=1, K=970)
[pim-debug] NOTE: CENT(AiM) trace backend internally uses x shape (1,1,dim) and handles prefill by repeating ops;
           the table below shows the *effective parameters* passed into cost_model_pim_backend for each op.
[pim-debug] op#00 op=QK       norm=score      sh=1  dim=4096  heads=16  hd=128 q_dim=2048  kv_heads=16  kv_dim=2048  o_dim=2048  ffn_dim=5504   seqlen=970    qlen=1   cache=N lat=    0.004ms cycles≈3616
[pim-debug] op#01 op=Softmax  norm=softmax    sh=1  dim=4096  heads=16  hd=128 q_dim=2048  kv_heads=16  kv_dim=2048  o_dim=2048  ffn_dim=5504   seqlen=970    qlen=1   cache=N lat=    0.003ms cycles≈3251
[pim-debug] op#02 op=SV       norm=output     sh=1  dim=4096  heads=16  hd=128 q_dim=2048  kv_heads=16  kv_dim=2048  o_dim=2048  ffn_dim=5504   seqlen=970    qlen=1   cache=N lat=    0.002ms cycles≈2362
[pim-debug] segment total latency: 0.009 ms
========================================================================================
[pim-debug] segment_key=pim|decode|60|8d3c4a27f3148da54f43fbe5a8786c55
[pim-debug] sig: device_type=pim phase=decode step=60 (count_hint=32)
[pim-debug] ops_repr: QK:0,Softmax:0,SV:0
[pim-debug] cfg: shard_policy='fine' shards=2 dim=4096 ffn_dim=11008 n_heads=32 n_kv_heads=auto->n_heads
[pim-debug] pim_config=/lustre/home/2501111916/workspace/XPUPIM_0226_gpupim_parameter/TriForm/algorithms/aim_simulator/PIM_AiM.json
[pim-debug] ramulator_config=/lustre/home/2501111916/workspace/XPUPIM_0226_gpupim_parameter/TriForm/algorithms/aim_simulator/example.yaml
[pim-debug] cost_model config.PIM_FREQ_GHZ=1.0
[pim-debug] op plan (logical shapes inferred from schedule cfg):
  - op#00  op=QK       shard=0   q=[16x1x128] + k=[16x128x970]  ->  y=[16x1x970]  (T=1, K=970)
  - op#01  op=Softmax  shard=0   scores=[16x1x970]  ->  y=[16x1x970]  (T=1, K=970)
  - op#02  op=SV       shard=0   p=[16x1x970] + v=[16x970x128]  ->  y=[16x1x128]  (T=1, K=970)
[pim-debug] NOTE: CENT(AiM) trace backend internally uses x shape (1,1,dim) and handles prefill by repeating ops;
           the table below shows the *effective parameters* passed into cost_model_pim_backend for each op.
[pim-debug] op#00 op=QK       norm=score      sh=0  dim=4096  heads=16  hd=128 q_dim=2048  kv_heads=16  kv_dim=2048  o_dim=2048  ffn_dim=5504   seqlen=970    qlen=1   cache=N lat=    0.004ms cycles≈3616
[pim-debug] op#01 op=Softmax  norm=softmax    sh=0  dim=4096  heads=16  hd=128 q_dim=2048  kv_heads=16  kv_dim=2048  o_dim=2048  ffn_dim=5504   seqlen=970    qlen=1   cache=N lat=    0.003ms cycles≈3251
[pim-debug] op#02 op=SV       norm=output     sh=0  dim=4096  heads=16  hd=128 q_dim=2048  kv_heads=16  kv_dim=2048  o_dim=2048  ffn_dim=5504   seqlen=970    qlen=1   cache=N lat=    0.002ms cycles≈2362
[pim-debug] segment total latency: 0.009 ms
========================================================================================
[pim-debug] segment_key=pim|decode|61|583a2f400a32ef30361deb25375d6d1d
[pim-debug] sig: device_type=pim phase=decode step=61 (count_hint=32)
[pim-debug] ops_repr: QK:1,Softmax:1,SV:1
[pim-debug] cfg: shard_policy='fine' shards=2 dim=4096 ffn_dim=11008 n_heads=32 n_kv_heads=auto->n_heads
[pim-debug] pim_config=/lustre/home/2501111916/workspace/XPUPIM_0226_gpupim_parameter/TriForm/algorithms/aim_simulator/PIM_AiM.json
[pim-debug] ramulator_config=/lustre/home/2501111916/workspace/XPUPIM_0226_gpupim_parameter/TriForm/algorithms/aim_simulator/example.yaml
[pim-debug] cost_model config.PIM_FREQ_GHZ=1.0
[pim-debug] op plan (logical shapes inferred from schedule cfg):
  - op#00  op=QK       shard=1   q=[16x1x128] + k=[16x128x982]  ->  y=[16x1x982]  (T=1, K=982)
  - op#01  op=Softmax  shard=1   scores=[16x1x982]  ->  y=[16x1x982]  (T=1, K=982)
  - op#02  op=SV       shard=1   p=[16x1x982] + v=[16x982x128]  ->  y=[16x1x128]  (T=1, K=982)
[pim-debug] NOTE: CENT(AiM) trace backend internally uses x shape (1,1,dim) and handles prefill by repeating ops;
           the table below shows the *effective parameters* passed into cost_model_pim_backend for each op.
[pim-debug] op#00 op=QK       norm=score      sh=1  dim=4096  heads=16  hd=128 q_dim=2048  kv_heads=16  kv_dim=2048  o_dim=2048  ffn_dim=5504   seqlen=982    qlen=1   cache=N lat=    0.004ms cycles≈3616
[pim-debug] op#01 op=Softmax  norm=softmax    sh=1  dim=4096  heads=16  hd=128 q_dim=2048  kv_heads=16  kv_dim=2048  o_dim=2048  ffn_dim=5504   seqlen=982    qlen=1   cache=N lat=    0.003ms cycles≈3303
[pim-debug] op#02 op=SV       norm=output     sh=1  dim=4096  heads=16  hd=128 q_dim=2048  kv_heads=16  kv_dim=2048  o_dim=2048  ffn_dim=5504   seqlen=982    qlen=1   cache=N lat=    0.002ms cycles≈2380
[pim-debug] segment total latency: 0.009 ms
========================================================================================
[pim-debug] segment_key=pim|decode|61|8d3c4a27f3148da54f43fbe5a8786c55
[pim-debug] sig: device_type=pim phase=decode step=61 (count_hint=32)
[pim-debug] ops_repr: QK:0,Softmax:0,SV:0
[pim-debug] cfg: shard_policy='fine' shards=2 dim=4096 ffn_dim=11008 n_heads=32 n_kv_heads=auto->n_heads
[pim-debug] pim_config=/lustre/home/2501111916/workspace/XPUPIM_0226_gpupim_parameter/TriForm/algorithms/aim_simulator/PIM_AiM.json
[pim-debug] ramulator_config=/lustre/home/2501111916/workspace/XPUPIM_0226_gpupim_parameter/TriForm/algorithms/aim_simulator/example.yaml
[pim-debug] cost_model config.PIM_FREQ_GHZ=1.0
[pim-debug] op plan (logical shapes inferred from schedule cfg):
  - op#00  op=QK       shard=0   q=[16x1x128] + k=[16x128x982]  ->  y=[16x1x982]  (T=1, K=982)
  - op#01  op=Softmax  shard=0   scores=[16x1x982]  ->  y=[16x1x982]  (T=1, K=982)
  - op#02  op=SV       shard=0   p=[16x1x982] + v=[16x982x128]  ->  y=[16x1x128]  (T=1, K=982)
[pim-debug] NOTE: CENT(AiM) trace backend internally uses x shape (1,1,dim) and handles prefill by repeating ops;
           the table below shows the *effective parameters* passed into cost_model_pim_backend for each op.
[pim-debug] op#00 op=QK       norm=score      sh=0  dim=4096  heads=16  hd=128 q_dim=2048  kv_heads=16  kv_dim=2048  o_dim=2048  ffn_dim=5504   seqlen=982    qlen=1   cache=N lat=    0.004ms cycles≈3616
[pim-debug] op#01 op=Softmax  norm=softmax    sh=0  dim=4096  heads=16  hd=128 q_dim=2048  kv_heads=16  kv_dim=2048  o_dim=2048  ffn_dim=5504   seqlen=982    qlen=1   cache=N lat=    0.003ms cycles≈3303
[pim-debug] op#02 op=SV       norm=output     sh=0  dim=4096  heads=16  hd=128 q_dim=2048  kv_heads=16  kv_dim=2048  o_dim=2048  ffn_dim=5504   seqlen=982    qlen=1   cache=N lat=    0.002ms cycles≈2380
[pim-debug] segment total latency: 0.009 ms
========================================================================================
[pim-debug] segment_key=pim|decode|62|583a2f400a32ef30361deb25375d6d1d
[pim-debug] sig: device_type=pim phase=decode step=62 (count_hint=32)
[pim-debug] ops_repr: QK:1,Softmax:1,SV:1
[pim-debug] cfg: shard_policy='fine' shards=2 dim=4096 ffn_dim=11008 n_heads=32 n_kv_heads=auto->n_heads
[pim-debug] pim_config=/lustre/home/2501111916/workspace/XPUPIM_0226_gpupim_parameter/TriForm/algorithms/aim_simulator/PIM_AiM.json
[pim-debug] ramulator_config=/lustre/home/2501111916/workspace/XPUPIM_0226_gpupim_parameter/TriForm/algorithms/aim_simulator/example.yaml
[pim-debug] cost_model config.PIM_FREQ_GHZ=1.0
[pim-debug] op plan (logical shapes inferred from schedule cfg):
  - op#00  op=QK       shard=1   q=[16x1x128] + k=[16x128x994]  ->  y=[16x1x994]  (T=1, K=994)
  - op#01  op=Softmax  shard=1   scores=[16x1x994]  ->  y=[16x1x994]  (T=1, K=994)
  - op#02  op=SV       shard=1   p=[16x1x994] + v=[16x994x128]  ->  y=[16x1x128]  (T=1, K=994)
[pim-debug] NOTE: CENT(AiM) trace backend internally uses x shape (1,1,dim) and handles prefill by repeating ops;
           the table below shows the *effective parameters* passed into cost_model_pim_backend for each op.
[pim-debug] op#00 op=QK       norm=score      sh=1  dim=4096  heads=16  hd=128 q_dim=2048  kv_heads=16  kv_dim=2048  o_dim=2048  ffn_dim=5504   seqlen=994    qlen=1   cache=N lat=    0.004ms cycles≈3616
[pim-debug] op#01 op=Softmax  norm=softmax    sh=1  dim=4096  heads=16  hd=128 q_dim=2048  kv_heads=16  kv_dim=2048  o_dim=2048  ffn_dim=5504   seqlen=994    qlen=1   cache=N lat=    0.003ms cycles≈3355
[pim-debug] op#02 op=SV       norm=output     sh=1  dim=4096  heads=16  hd=128 q_dim=2048  kv_heads=16  kv_dim=2048  o_dim=2048  ffn_dim=5504   seqlen=994    qlen=1   cache=N lat=    0.002ms cycles≈2398
[pim-debug] segment total latency: 0.009 ms
========================================================================================
[pim-debug] segment_key=pim|decode|62|8d3c4a27f3148da54f43fbe5a8786c55
[pim-debug] sig: device_type=pim phase=decode step=62 (count_hint=32)
[pim-debug] ops_repr: QK:0,Softmax:0,SV:0
[pim-debug] cfg: shard_policy='fine' shards=2 dim=4096 ffn_dim=11008 n_heads=32 n_kv_heads=auto->n_heads
[pim-debug] pim_config=/lustre/home/2501111916/workspace/XPUPIM_0226_gpupim_parameter/TriForm/algorithms/aim_simulator/PIM_AiM.json
[pim-debug] ramulator_config=/lustre/home/2501111916/workspace/XPUPIM_0226_gpupim_parameter/TriForm/algorithms/aim_simulator/example.yaml
[pim-debug] cost_model config.PIM_FREQ_GHZ=1.0
[pim-debug] op plan (logical shapes inferred from schedule cfg):
  - op#00  op=QK       shard=0   q=[16x1x128] + k=[16x128x994]  ->  y=[16x1x994]  (T=1, K=994)
  - op#01  op=Softmax  shard=0   scores=[16x1x994]  ->  y=[16x1x994]  (T=1, K=994)
  - op#02  op=SV       shard=0   p=[16x1x994] + v=[16x994x128]  ->  y=[16x1x128]  (T=1, K=994)
[pim-debug] NOTE: CENT(AiM) trace backend internally uses x shape (1,1,dim) and handles prefill by repeating ops;
           the table below shows the *effective parameters* passed into cost_model_pim_backend for each op.
[pim-debug] op#00 op=QK       norm=score      sh=0  dim=4096  heads=16  hd=128 q_dim=2048  kv_heads=16  kv_dim=2048  o_dim=2048  ffn_dim=5504   seqlen=994    qlen=1   cache=N lat=    0.004ms cycles≈3616
[pim-debug] op#01 op=Softmax  norm=softmax    sh=0  dim=4096  heads=16  hd=128 q_dim=2048  kv_heads=16  kv_dim=2048  o_dim=2048  ffn_dim=5504   seqlen=994    qlen=1   cache=N lat=    0.003ms cycles≈3355
[pim-debug] op#02 op=SV       norm=output     sh=0  dim=4096  heads=16  hd=128 q_dim=2048  kv_heads=16  kv_dim=2048  o_dim=2048  ffn_dim=5504   seqlen=994    qlen=1   cache=N lat=    0.002ms cycles≈2398
[pim-debug] segment total latency: 0.009 ms
========================================================================================
[pim-debug] segment_key=pim|decode|63|583a2f400a32ef30361deb25375d6d1d
[pim-debug] sig: device_type=pim phase=decode step=63 (count_hint=32)
[pim-debug] ops_repr: QK:1,Softmax:1,SV:1
[pim-debug] cfg: shard_policy='fine' shards=2 dim=4096 ffn_dim=11008 n_heads=32 n_kv_heads=auto->n_heads
[pim-debug] pim_config=/lustre/home/2501111916/workspace/XPUPIM_0226_gpupim_parameter/TriForm/algorithms/aim_simulator/PIM_AiM.json
[pim-debug] ramulator_config=/lustre/home/2501111916/workspace/XPUPIM_0226_gpupim_parameter/TriForm/algorithms/aim_simulator/example.yaml
[pim-debug] cost_model config.PIM_FREQ_GHZ=1.0
[pim-debug] op plan (logical shapes inferred from schedule cfg):
  - op#00  op=QK       shard=1   q=[16x1x128] + k=[16x128x1006]  ->  y=[16x1x1006]  (T=1, K=1006)
  - op#01  op=Softmax  shard=1   scores=[16x1x1006]  ->  y=[16x1x1006]  (T=1, K=1006)
  - op#02  op=SV       shard=1   p=[16x1x1006] + v=[16x1006x128]  ->  y=[16x1x128]  (T=1, K=1006)
[pim-debug] NOTE: CENT(AiM) trace backend internally uses x shape (1,1,dim) and handles prefill by repeating ops;
           the table below shows the *effective parameters* passed into cost_model_pim_backend for each op.
[pim-debug] op#00 op=QK       norm=score      sh=1  dim=4096  heads=16  hd=128 q_dim=2048  kv_heads=16  kv_dim=2048  o_dim=2048  ffn_dim=5504   seqlen=1006   qlen=1   cache=N lat=    0.004ms cycles≈3616
[pim-debug] op#01 op=Softmax  norm=softmax    sh=1  dim=4096  heads=16  hd=128 q_dim=2048  kv_heads=16  kv_dim=2048  o_dim=2048  ffn_dim=5504   seqlen=1006   qlen=1   cache=N lat=    0.003ms cycles≈3355
[pim-debug] op#02 op=SV       norm=output     sh=1  dim=4096  heads=16  hd=128 q_dim=2048  kv_heads=16  kv_dim=2048  o_dim=2048  ffn_dim=5504   seqlen=1006   qlen=1   cache=N lat=    0.002ms cycles≈2398
[pim-debug] segment total latency: 0.009 ms
========================================================================================
[pim-debug] segment_key=pim|decode|63|8d3c4a27f3148da54f43fbe5a8786c55
[pim-debug] sig: device_type=pim phase=decode step=63 (count_hint=32)
[pim-debug] ops_repr: QK:0,Softmax:0,SV:0
[pim-debug] cfg: shard_policy='fine' shards=2 dim=4096 ffn_dim=11008 n_heads=32 n_kv_heads=auto->n_heads
[pim-debug] pim_config=/lustre/home/2501111916/workspace/XPUPIM_0226_gpupim_parameter/TriForm/algorithms/aim_simulator/PIM_AiM.json
[pim-debug] ramulator_config=/lustre/home/2501111916/workspace/XPUPIM_0226_gpupim_parameter/TriForm/algorithms/aim_simulator/example.yaml
[pim-debug] cost_model config.PIM_FREQ_GHZ=1.0
[pim-debug] op plan (logical shapes inferred from schedule cfg):
  - op#00  op=QK       shard=0   q=[16x1x128] + k=[16x128x1006]  ->  y=[16x1x1006]  (T=1, K=1006)
  - op#01  op=Softmax  shard=0   scores=[16x1x1006]  ->  y=[16x1x1006]  (T=1, K=1006)
  - op#02  op=SV       shard=0   p=[16x1x1006] + v=[16x1006x128]  ->  y=[16x1x128]  (T=1, K=1006)
[pim-debug] NOTE: CENT(AiM) trace backend internally uses x shape (1,1,dim) and handles prefill by repeating ops;
           the table below shows the *effective parameters* passed into cost_model_pim_backend for each op.
[pim-debug] op#00 op=QK       norm=score      sh=0  dim=4096  heads=16  hd=128 q_dim=2048  kv_heads=16  kv_dim=2048  o_dim=2048  ffn_dim=5504   seqlen=1006   qlen=1   cache=N lat=    0.004ms cycles≈3616
[pim-debug] op#01 op=Softmax  norm=softmax    sh=0  dim=4096  heads=16  hd=128 q_dim=2048  kv_heads=16  kv_dim=2048  o_dim=2048  ffn_dim=5504   seqlen=1006   qlen=1   cache=N lat=    0.003ms cycles≈3355
[pim-debug] op#02 op=SV       norm=output     sh=0  dim=4096  heads=16  hd=128 q_dim=2048  kv_heads=16  kv_dim=2048  o_dim=2048  ffn_dim=5504   seqlen=1006   qlen=1   cache=N lat=    0.002ms cycles≈2398
[pim-debug] segment total latency: 0.009 ms
========================================================================================
[pim-debug] segment_key=pim|decode|64|583a2f400a32ef30361deb25375d6d1d
[pim-debug] sig: device_type=pim phase=decode step=64 (count_hint=32)
[pim-debug] ops_repr: QK:1,Softmax:1,SV:1
[pim-debug] cfg: shard_policy='fine' shards=2 dim=4096 ffn_dim=11008 n_heads=32 n_kv_heads=auto->n_heads
[pim-debug] pim_config=/lustre/home/2501111916/workspace/XPUPIM_0226_gpupim_parameter/TriForm/algorithms/aim_simulator/PIM_AiM.json
[pim-debug] ramulator_config=/lustre/home/2501111916/workspace/XPUPIM_0226_gpupim_parameter/TriForm/algorithms/aim_simulator/example.yaml
[pim-debug] cost_model config.PIM_FREQ_GHZ=1.0
[pim-debug] op plan (logical shapes inferred from schedule cfg):
  - op#00  op=QK       shard=1   q=[16x1x128] + k=[16x128x1018]  ->  y=[16x1x1018]  (T=1, K=1018)
  - op#01  op=Softmax  shard=1   scores=[16x1x1018]  ->  y=[16x1x1018]  (T=1, K=1018)
  - op#02  op=SV       shard=1   p=[16x1x1018] + v=[16x1018x128]  ->  y=[16x1x128]  (T=1, K=1018)
[pim-debug] NOTE: CENT(AiM) trace backend internally uses x shape (1,1,dim) and handles prefill by repeating ops;
           the table below shows the *effective parameters* passed into cost_model_pim_backend for each op.
[pim-debug] op#00 op=QK       norm=score      sh=1  dim=4096  heads=16  hd=128 q_dim=2048  kv_heads=16  kv_dim=2048  o_dim=2048  ffn_dim=5504   seqlen=1018   qlen=1   cache=N lat=    0.004ms cycles≈3616
[pim-debug] op#01 op=Softmax  norm=softmax    sh=1  dim=4096  heads=16  hd=128 q_dim=2048  kv_heads=16  kv_dim=2048  o_dim=2048  ffn_dim=5504   seqlen=1018   qlen=1   cache=N lat=    0.003ms cycles≈3407
[pim-debug] op#02 op=SV       norm=output     sh=1  dim=4096  heads=16  hd=128 q_dim=2048  kv_heads=16  kv_dim=2048  o_dim=2048  ffn_dim=5504   seqlen=1018   qlen=1   cache=N lat=    0.002ms cycles≈2416
[pim-debug] segment total latency: 0.009 ms
========================================================================================
[pim-debug] segment_key=pim|decode|64|8d3c4a27f3148da54f43fbe5a8786c55
[pim-debug] sig: device_type=pim phase=decode step=64 (count_hint=32)
[pim-debug] ops_repr: QK:0,Softmax:0,SV:0
[pim-debug] cfg: shard_policy='fine' shards=2 dim=4096 ffn_dim=11008 n_heads=32 n_kv_heads=auto->n_heads
[pim-debug] pim_config=/lustre/home/2501111916/workspace/XPUPIM_0226_gpupim_parameter/TriForm/algorithms/aim_simulator/PIM_AiM.json
[pim-debug] ramulator_config=/lustre/home/2501111916/workspace/XPUPIM_0226_gpupim_parameter/TriForm/algorithms/aim_simulator/example.yaml
[pim-debug] cost_model config.PIM_FREQ_GHZ=1.0
[pim-debug] op plan (logical shapes inferred from schedule cfg):
  - op#00  op=QK       shard=0   q=[16x1x128] + k=[16x128x1018]  ->  y=[16x1x1018]  (T=1, K=1018)
  - op#01  op=Softmax  shard=0   scores=[16x1x1018]  ->  y=[16x1x1018]  (T=1, K=1018)
  - op#02  op=SV       shard=0   p=[16x1x1018] + v=[16x1018x128]  ->  y=[16x1x128]  (T=1, K=1018)
[pim-debug] NOTE: CENT(AiM) trace backend internally uses x shape (1,1,dim) and handles prefill by repeating ops;
           the table below shows the *effective parameters* passed into cost_model_pim_backend for each op.
[pim-debug] op#00 op=QK       norm=score      sh=0  dim=4096  heads=16  hd=128 q_dim=2048  kv_heads=16  kv_dim=2048  o_dim=2048  ffn_dim=5504   seqlen=1018   qlen=1   cache=N lat=    0.004ms cycles≈3616
[pim-debug] op#01 op=Softmax  norm=softmax    sh=0  dim=4096  heads=16  hd=128 q_dim=2048  kv_heads=16  kv_dim=2048  o_dim=2048  ffn_dim=5504   seqlen=1018   qlen=1   cache=N lat=    0.003ms cycles≈3407
[pim-debug] op#02 op=SV       norm=output     sh=0  dim=4096  heads=16  hd=128 q_dim=2048  kv_heads=16  kv_dim=2048  o_dim=2048  ffn_dim=5504   seqlen=1018   qlen=1   cache=N lat=    0.002ms cycles≈2416
[pim-debug] segment total latency: 0.009 ms
========================================================================================
[pim-debug] segment_key=pim|decode|65|583a2f400a32ef30361deb25375d6d1d
[pim-debug] sig: device_type=pim phase=decode step=65 (count_hint=32)
[pim-debug] ops_repr: QK:1,Softmax:1,SV:1
[pim-debug] cfg: shard_policy='fine' shards=2 dim=4096 ffn_dim=11008 n_heads=32 n_kv_heads=auto->n_heads
[pim-debug] pim_config=/lustre/home/2501111916/workspace/XPUPIM_0226_gpupim_parameter/TriForm/algorithms/aim_simulator/PIM_AiM.json
[pim-debug] ramulator_config=/lustre/home/2501111916/workspace/XPUPIM_0226_gpupim_parameter/TriForm/algorithms/aim_simulator/example.yaml
[pim-debug] cost_model config.PIM_FREQ_GHZ=1.0
[pim-debug] op plan (logical shapes inferred from schedule cfg):
  - op#00  op=QK       shard=1   q=[16x1x128] + k=[16x128x1030]  ->  y=[16x1x1030]  (T=1, K=1030)
  - op#01  op=Softmax  shard=1   scores=[16x1x1030]  ->  y=[16x1x1030]  (T=1, K=1030)
  - op#02  op=SV       shard=1   p=[16x1x1030] + v=[16x1030x128]  ->  y=[16x1x128]  (T=1, K=1030)
[pim-debug] NOTE: CENT(AiM) trace backend internally uses x shape (1,1,dim) and handles prefill by repeating ops;
           the table below shows the *effective parameters* passed into cost_model_pim_backend for each op.
[pim-debug] op#00 op=QK       norm=score      sh=1  dim=4096  heads=16  hd=128 q_dim=2048  kv_heads=16  kv_dim=2048  o_dim=2048  ffn_dim=5504   seqlen=1030   qlen=1   cache=N lat=    0.005ms cycles≈5424
[pim-debug] op#01 op=Softmax  norm=softmax    sh=1  dim=4096  heads=16  hd=128 q_dim=2048  kv_heads=16  kv_dim=2048  o_dim=2048  ffn_dim=5504   seqlen=1030   qlen=1   cache=N lat=    0.004ms cycles≈4057
[pim-debug] op#02 op=SV       norm=output     sh=1  dim=4096  heads=16  hd=128 q_dim=2048  kv_heads=16  kv_dim=2048  o_dim=2048  ffn_dim=5504   seqlen=1030   qlen=1   cache=N lat=    0.004ms cycles≈3698
[pim-debug] segment total latency: 0.013 ms
========================================================================================
[pim-debug] segment_key=pim|decode|65|8d3c4a27f3148da54f43fbe5a8786c55
[pim-debug] sig: device_type=pim phase=decode step=65 (count_hint=32)
[pim-debug] ops_repr: QK:0,Softmax:0,SV:0
[pim-debug] cfg: shard_policy='fine' shards=2 dim=4096 ffn_dim=11008 n_heads=32 n_kv_heads=auto->n_heads
[pim-debug] pim_config=/lustre/home/2501111916/workspace/XPUPIM_0226_gpupim_parameter/TriForm/algorithms/aim_simulator/PIM_AiM.json
[pim-debug] ramulator_config=/lustre/home/2501111916/workspace/XPUPIM_0226_gpupim_parameter/TriForm/algorithms/aim_simulator/example.yaml
[pim-debug] cost_model config.PIM_FREQ_GHZ=1.0
[pim-debug] op plan (logical shapes inferred from schedule cfg):
  - op#00  op=QK       shard=0   q=[16x1x128] + k=[16x128x1030]  ->  y=[16x1x1030]  (T=1, K=1030)
  - op#01  op=Softmax  shard=0   scores=[16x1x1030]  ->  y=[16x1x1030]  (T=1, K=1030)
  - op#02  op=SV       shard=0   p=[16x1x1030] + v=[16x1030x128]  ->  y=[16x1x128]  (T=1, K=1030)
[pim-debug] NOTE: CENT(AiM) trace backend internally uses x shape (1,1,dim) and handles prefill by repeating ops;
           the table below shows the *effective parameters* passed into cost_model_pim_backend for each op.
[pim-debug] op#00 op=QK       norm=score      sh=0  dim=4096  heads=16  hd=128 q_dim=2048  kv_heads=16  kv_dim=2048  o_dim=2048  ffn_dim=5504   seqlen=1030   qlen=1   cache=N lat=    0.005ms cycles≈5424
[pim-debug] op#01 op=Softmax  norm=softmax    sh=0  dim=4096  heads=16  hd=128 q_dim=2048  kv_heads=16  kv_dim=2048  o_dim=2048  ffn_dim=5504   seqlen=1030   qlen=1   cache=N lat=    0.004ms cycles≈4057
[pim-debug] op#02 op=SV       norm=output     sh=0  dim=4096  heads=16  hd=128 q_dim=2048  kv_heads=16  kv_dim=2048  o_dim=2048  ffn_dim=5504   seqlen=1030   qlen=1   cache=N lat=    0.004ms cycles≈3698
[pim-debug] segment total latency: 0.013 ms
========================================================================================
[pim-debug] segment_key=pim|decode|66|583a2f400a32ef30361deb25375d6d1d
[pim-debug] sig: device_type=pim phase=decode step=66 (count_hint=32)
[pim-debug] ops_repr: QK:1,Softmax:1,SV:1
[pim-debug] cfg: shard_policy='fine' shards=2 dim=4096 ffn_dim=11008 n_heads=32 n_kv_heads=auto->n_heads
[pim-debug] pim_config=/lustre/home/2501111916/workspace/XPUPIM_0226_gpupim_parameter/TriForm/algorithms/aim_simulator/PIM_AiM.json
[pim-debug] ramulator_config=/lustre/home/2501111916/workspace/XPUPIM_0226_gpupim_parameter/TriForm/algorithms/aim_simulator/example.yaml
[pim-debug] cost_model config.PIM_FREQ_GHZ=1.0
[pim-debug] op plan (logical shapes inferred from schedule cfg):
  - op#00  op=QK       shard=1   q=[16x1x128] + k=[16x128x1042]  ->  y=[16x1x1042]  (T=1, K=1042)
  - op#01  op=Softmax  shard=1   scores=[16x1x1042]  ->  y=[16x1x1042]  (T=1, K=1042)
  - op#02  op=SV       shard=1   p=[16x1x1042] + v=[16x1042x128]  ->  y=[16x1x128]  (T=1, K=1042)
[pim-debug] NOTE: CENT(AiM) trace backend internally uses x shape (1,1,dim) and handles prefill by repeating ops;
           the table below shows the *effective parameters* passed into cost_model_pim_backend for each op.
[pim-debug] op#00 op=QK       norm=score      sh=1  dim=4096  heads=16  hd=128 q_dim=2048  kv_heads=16  kv_dim=2048  o_dim=2048  ffn_dim=5504   seqlen=1042   qlen=1   cache=N lat=    0.005ms cycles≈5424
[pim-debug] op#01 op=Softmax  norm=softmax    sh=1  dim=4096  heads=16  hd=128 q_dim=2048  kv_heads=16  kv_dim=2048  o_dim=2048  ffn_dim=5504   seqlen=1042   qlen=1   cache=N lat=    0.004ms cycles≈4131
[pim-debug] op#02 op=SV       norm=output     sh=1  dim=4096  heads=16  hd=128 q_dim=2048  kv_heads=16  kv_dim=2048  o_dim=2048  ffn_dim=5504   seqlen=1042   qlen=1   cache=N lat=    0.004ms cycles≈3716
[pim-debug] segment total latency: 0.013 ms
========================================================================================
[pim-debug] segment_key=pim|decode|66|8d3c4a27f3148da54f43fbe5a8786c55
[pim-debug] sig: device_type=pim phase=decode step=66 (count_hint=32)
[pim-debug] ops_repr: QK:0,Softmax:0,SV:0
[pim-debug] cfg: shard_policy='fine' shards=2 dim=4096 ffn_dim=11008 n_heads=32 n_kv_heads=auto->n_heads
[pim-debug] pim_config=/lustre/home/2501111916/workspace/XPUPIM_0226_gpupim_parameter/TriForm/algorithms/aim_simulator/PIM_AiM.json
[pim-debug] ramulator_config=/lustre/home/2501111916/workspace/XPUPIM_0226_gpupim_parameter/TriForm/algorithms/aim_simulator/example.yaml
[pim-debug] cost_model config.PIM_FREQ_GHZ=1.0
[pim-debug] op plan (logical shapes inferred from schedule cfg):
  - op#00  op=QK       shard=0   q=[16x1x128] + k=[16x128x1042]  ->  y=[16x1x1042]  (T=1, K=1042)
  - op#01  op=Softmax  shard=0   scores=[16x1x1042]  ->  y=[16x1x1042]  (T=1, K=1042)
  - op#02  op=SV       shard=0   p=[16x1x1042] + v=[16x1042x128]  ->  y=[16x1x128]  (T=1, K=1042)
[pim-debug] NOTE: CENT(AiM) trace backend internally uses x shape (1,1,dim) and handles prefill by repeating ops;
           the table below shows the *effective parameters* passed into cost_model_pim_backend for each op.
[pim-debug] op#00 op=QK       norm=score      sh=0  dim=4096  heads=16  hd=128 q_dim=2048  kv_heads=16  kv_dim=2048  o_dim=2048  ffn_dim=5504   seqlen=1042   qlen=1   cache=N lat=    0.005ms cycles≈5424
[pim-debug] op#01 op=Softmax  norm=softmax    sh=0  dim=4096  heads=16  hd=128 q_dim=2048  kv_heads=16  kv_dim=2048  o_dim=2048  ffn_dim=5504   seqlen=1042   qlen=1   cache=N lat=    0.004ms cycles≈4131
[pim-debug] op#02 op=SV       norm=output     sh=0  dim=4096  heads=16  hd=128 q_dim=2048  kv_heads=16  kv_dim=2048  o_dim=2048  ffn_dim=5504   seqlen=1042   qlen=1   cache=N lat=    0.004ms cycles≈3716
[pim-debug] segment total latency: 0.013 ms
========================================================================================
[pim-debug] segment_key=pim|decode|67|583a2f400a32ef30361deb25375d6d1d
[pim-debug] sig: device_type=pim phase=decode step=67 (count_hint=32)
[pim-debug] ops_repr: QK:1,Softmax:1,SV:1
[pim-debug] cfg: shard_policy='fine' shards=2 dim=4096 ffn_dim=11008 n_heads=32 n_kv_heads=auto->n_heads
[pim-debug] pim_config=/lustre/home/2501111916/workspace/XPUPIM_0226_gpupim_parameter/TriForm/algorithms/aim_simulator/PIM_AiM.json
[pim-debug] ramulator_config=/lustre/home/2501111916/workspace/XPUPIM_0226_gpupim_parameter/TriForm/algorithms/aim_simulator/example.yaml
[pim-debug] cost_model config.PIM_FREQ_GHZ=1.0
[pim-debug] op plan (logical shapes inferred from schedule cfg):
  - op#00  op=QK       shard=1   q=[16x1x128] + k=[16x128x1054]  ->  y=[16x1x1054]  (T=1, K=1054)
  - op#01  op=Softmax  shard=1   scores=[16x1x1054]  ->  y=[16x1x1054]  (T=1, K=1054)
  - op#02  op=SV       shard=1   p=[16x1x1054] + v=[16x1054x128]  ->  y=[16x1x128]  (T=1, K=1054)
[pim-debug] NOTE: CENT(AiM) trace backend internally uses x shape (1,1,dim) and handles prefill by repeating ops;
           the table below shows the *effective parameters* passed into cost_model_pim_backend for each op.
[pim-debug] op#00 op=QK       norm=score      sh=1  dim=4096  heads=16  hd=128 q_dim=2048  kv_heads=16  kv_dim=2048  o_dim=2048  ffn_dim=5504   seqlen=1054   qlen=1   cache=N lat=    0.005ms cycles≈5424
[pim-debug] op#01 op=Softmax  norm=softmax    sh=1  dim=4096  heads=16  hd=128 q_dim=2048  kv_heads=16  kv_dim=2048  o_dim=2048  ffn_dim=5504   seqlen=1054   qlen=1   cache=N lat=    0.004ms cycles≈4131
[pim-debug] op#02 op=SV       norm=output     sh=1  dim=4096  heads=16  hd=128 q_dim=2048  kv_heads=16  kv_dim=2048  o_dim=2048  ffn_dim=5504   seqlen=1054   qlen=1   cache=N lat=    0.004ms cycles≈3716
[pim-debug] segment total latency: 0.013 ms
========================================================================================
[pim-debug] segment_key=pim|decode|67|8d3c4a27f3148da54f43fbe5a8786c55
[pim-debug] sig: device_type=pim phase=decode step=67 (count_hint=32)
[pim-debug] ops_repr: QK:0,Softmax:0,SV:0
[pim-debug] cfg: shard_policy='fine' shards=2 dim=4096 ffn_dim=11008 n_heads=32 n_kv_heads=auto->n_heads
[pim-debug] pim_config=/lustre/home/2501111916/workspace/XPUPIM_0226_gpupim_parameter/TriForm/algorithms/aim_simulator/PIM_AiM.json
[pim-debug] ramulator_config=/lustre/home/2501111916/workspace/XPUPIM_0226_gpupim_parameter/TriForm/algorithms/aim_simulator/example.yaml
[pim-debug] cost_model config.PIM_FREQ_GHZ=1.0
[pim-debug] op plan (logical shapes inferred from schedule cfg):
  - op#00  op=QK       shard=0   q=[16x1x128] + k=[16x128x1054]  ->  y=[16x1x1054]  (T=1, K=1054)
  - op#01  op=Softmax  shard=0   scores=[16x1x1054]  ->  y=[16x1x1054]  (T=1, K=1054)
  - op#02  op=SV       shard=0   p=[16x1x1054] + v=[16x1054x128]  ->  y=[16x1x128]  (T=1, K=1054)
[pim-debug] NOTE: CENT(AiM) trace backend internally uses x shape (1,1,dim) and handles prefill by repeating ops;
           the table below shows the *effective parameters* passed into cost_model_pim_backend for each op.
[pim-debug] op#00 op=QK       norm=score      sh=0  dim=4096  heads=16  hd=128 q_dim=2048  kv_heads=16  kv_dim=2048  o_dim=2048  ffn_dim=5504   seqlen=1054   qlen=1   cache=N lat=    0.005ms cycles≈5424
[pim-debug] op#01 op=Softmax  norm=softmax    sh=0  dim=4096  heads=16  hd=128 q_dim=2048  kv_heads=16  kv_dim=2048  o_dim=2048  ffn_dim=5504   seqlen=1054   qlen=1   cache=N lat=    0.004ms cycles≈4131
[pim-debug] op#02 op=SV       norm=output     sh=0  dim=4096  heads=16  hd=128 q_dim=2048  kv_heads=16  kv_dim=2048  o_dim=2048  ffn_dim=5504   seqlen=1054   qlen=1   cache=N lat=    0.004ms cycles≈3716
[pim-debug] segment total latency: 0.013 ms
========================================================================================
[pim-debug] segment_key=pim|decode|68|583a2f400a32ef30361deb25375d6d1d
[pim-debug] sig: device_type=pim phase=decode step=68 (count_hint=32)
[pim-debug] ops_repr: QK:1,Softmax:1,SV:1
[pim-debug] cfg: shard_policy='fine' shards=2 dim=4096 ffn_dim=11008 n_heads=32 n_kv_heads=auto->n_heads
[pim-debug] pim_config=/lustre/home/2501111916/workspace/XPUPIM_0226_gpupim_parameter/TriForm/algorithms/aim_simulator/PIM_AiM.json
[pim-debug] ramulator_config=/lustre/home/2501111916/workspace/XPUPIM_0226_gpupim_parameter/TriForm/algorithms/aim_simulator/example.yaml
[pim-debug] cost_model config.PIM_FREQ_GHZ=1.0
[pim-debug] op plan (logical shapes inferred from schedule cfg):
  - op#00  op=QK       shard=1   q=[16x1x128] + k=[16x128x1066]  ->  y=[16x1x1066]  (T=1, K=1066)
  - op#01  op=Softmax  shard=1   scores=[16x1x1066]  ->  y=[16x1x1066]  (T=1, K=1066)
  - op#02  op=SV       shard=1   p=[16x1x1066] + v=[16x1066x128]  ->  y=[16x1x128]  (T=1, K=1066)
[pim-debug] NOTE: CENT(AiM) trace backend internally uses x shape (1,1,dim) and handles prefill by repeating ops;
           the table below shows the *effective parameters* passed into cost_model_pim_backend for each op.
[pim-debug] op#00 op=QK       norm=score      sh=1  dim=4096  heads=16  hd=128 q_dim=2048  kv_heads=16  kv_dim=2048  o_dim=2048  ffn_dim=5504   seqlen=1066   qlen=1   cache=N lat=    0.005ms cycles≈5424
[pim-debug] op#01 op=Softmax  norm=softmax    sh=1  dim=4096  heads=16  hd=128 q_dim=2048  kv_heads=16  kv_dim=2048  o_dim=2048  ffn_dim=5504   seqlen=1066   qlen=1   cache=N lat=    0.004ms cycles≈4163
[pim-debug] op#02 op=SV       norm=output     sh=1  dim=4096  heads=16  hd=128 q_dim=2048  kv_heads=16  kv_dim=2048  o_dim=2048  ffn_dim=5504   seqlen=1066   qlen=1   cache=N lat=    0.004ms cycles≈3734
[pim-debug] segment total latency: 0.013 ms
========================================================================================
[pim-debug] segment_key=pim|decode|68|8d3c4a27f3148da54f43fbe5a8786c55
[pim-debug] sig: device_type=pim phase=decode step=68 (count_hint=32)
[pim-debug] ops_repr: QK:0,Softmax:0,SV:0
[pim-debug] cfg: shard_policy='fine' shards=2 dim=4096 ffn_dim=11008 n_heads=32 n_kv_heads=auto->n_heads
[pim-debug] pim_config=/lustre/home/2501111916/workspace/XPUPIM_0226_gpupim_parameter/TriForm/algorithms/aim_simulator/PIM_AiM.json
[pim-debug] ramulator_config=/lustre/home/2501111916/workspace/XPUPIM_0226_gpupim_parameter/TriForm/algorithms/aim_simulator/example.yaml
[pim-debug] cost_model config.PIM_FREQ_GHZ=1.0
[pim-debug] op plan (logical shapes inferred from schedule cfg):
  - op#00  op=QK       shard=0   q=[16x1x128] + k=[16x128x1066]  ->  y=[16x1x1066]  (T=1, K=1066)
  - op#01  op=Softmax  shard=0   scores=[16x1x1066]  ->  y=[16x1x1066]  (T=1, K=1066)
  - op#02  op=SV       shard=0   p=[16x1x1066] + v=[16x1066x128]  ->  y=[16x1x128]  (T=1, K=1066)
[pim-debug] NOTE: CENT(AiM) trace backend internally uses x shape (1,1,dim) and handles prefill by repeating ops;
           the table below shows the *effective parameters* passed into cost_model_pim_backend for each op.
[pim-debug] op#00 op=QK       norm=score      sh=0  dim=4096  heads=16  hd=128 q_dim=2048  kv_heads=16  kv_dim=2048  o_dim=2048  ffn_dim=5504   seqlen=1066   qlen=1   cache=N lat=    0.005ms cycles≈5424
[pim-debug] op#01 op=Softmax  norm=softmax    sh=0  dim=4096  heads=16  hd=128 q_dim=2048  kv_heads=16  kv_dim=2048  o_dim=2048  ffn_dim=5504   seqlen=1066   qlen=1   cache=N lat=    0.004ms cycles≈4163
[pim-debug] op#02 op=SV       norm=output     sh=0  dim=4096  heads=16  hd=128 q_dim=2048  kv_heads=16  kv_dim=2048  o_dim=2048  ffn_dim=5504   seqlen=1066   qlen=1   cache=N lat=    0.004ms cycles≈3734
[pim-debug] segment total latency: 0.013 ms
========================================================================================
[pim-debug] segment_key=pim|decode|69|583a2f400a32ef30361deb25375d6d1d
[pim-debug] sig: device_type=pim phase=decode step=69 (count_hint=32)
[pim-debug] ops_repr: QK:1,Softmax:1,SV:1
[pim-debug] cfg: shard_policy='fine' shards=2 dim=4096 ffn_dim=11008 n_heads=32 n_kv_heads=auto->n_heads
[pim-debug] pim_config=/lustre/home/2501111916/workspace/XPUPIM_0226_gpupim_parameter/TriForm/algorithms/aim_simulator/PIM_AiM.json
[pim-debug] ramulator_config=/lustre/home/2501111916/workspace/XPUPIM_0226_gpupim_parameter/TriForm/algorithms/aim_simulator/example.yaml
[pim-debug] cost_model config.PIM_FREQ_GHZ=1.0
[pim-debug] op plan (logical shapes inferred from schedule cfg):
  - op#00  op=QK       shard=1   q=[16x1x128] + k=[16x128x1078]  ->  y=[16x1x1078]  (T=1, K=1078)
  - op#01  op=Softmax  shard=1   scores=[16x1x1078]  ->  y=[16x1x1078]  (T=1, K=1078)
  - op#02  op=SV       shard=1   p=[16x1x1078] + v=[16x1078x128]  ->  y=[16x1x128]  (T=1, K=1078)
[pim-debug] NOTE: CENT(AiM) trace backend internally uses x shape (1,1,dim) and handles prefill by repeating ops;
           the table below shows the *effective parameters* passed into cost_model_pim_backend for each op.
[pim-debug] op#00 op=QK       norm=score      sh=1  dim=4096  heads=16  hd=128 q_dim=2048  kv_heads=16  kv_dim=2048  o_dim=2048  ffn_dim=5504   seqlen=1078   qlen=1   cache=N lat=    0.005ms cycles≈5424
[pim-debug] op#01 op=Softmax  norm=softmax    sh=1  dim=4096  heads=16  hd=128 q_dim=2048  kv_heads=16  kv_dim=2048  o_dim=2048  ffn_dim=5504   seqlen=1078   qlen=1   cache=N lat=    0.004ms cycles≈4177
[pim-debug] op#02 op=SV       norm=output     sh=1  dim=4096  heads=16  hd=128 q_dim=2048  kv_heads=16  kv_dim=2048  o_dim=2048  ffn_dim=5504   seqlen=1078   qlen=1   cache=N lat=    0.004ms cycles≈3752
[pim-debug] segment total latency: 0.013 ms
========================================================================================
[pim-debug] segment_key=pim|decode|69|8d3c4a27f3148da54f43fbe5a8786c55
[pim-debug] sig: device_type=pim phase=decode step=69 (count_hint=32)
[pim-debug] ops_repr: QK:0,Softmax:0,SV:0
[pim-debug] cfg: shard_policy='fine' shards=2 dim=4096 ffn_dim=11008 n_heads=32 n_kv_heads=auto->n_heads
[pim-debug] pim_config=/lustre/home/2501111916/workspace/XPUPIM_0226_gpupim_parameter/TriForm/algorithms/aim_simulator/PIM_AiM.json
[pim-debug] ramulator_config=/lustre/home/2501111916/workspace/XPUPIM_0226_gpupim_parameter/TriForm/algorithms/aim_simulator/example.yaml
[pim-debug] cost_model config.PIM_FREQ_GHZ=1.0
[pim-debug] op plan (logical shapes inferred from schedule cfg):
  - op#00  op=QK       shard=0   q=[16x1x128] + k=[16x128x1078]  ->  y=[16x1x1078]  (T=1, K=1078)
  - op#01  op=Softmax  shard=0   scores=[16x1x1078]  ->  y=[16x1x1078]  (T=1, K=1078)
  - op#02  op=SV       shard=0   p=[16x1x1078] + v=[16x1078x128]  ->  y=[16x1x128]  (T=1, K=1078)
[pim-debug] NOTE: CENT(AiM) trace backend internally uses x shape (1,1,dim) and handles prefill by repeating ops;
           the table below shows the *effective parameters* passed into cost_model_pim_backend for each op.
[pim-debug] op#00 op=QK       norm=score      sh=0  dim=4096  heads=16  hd=128 q_dim=2048  kv_heads=16  kv_dim=2048  o_dim=2048  ffn_dim=5504   seqlen=1078   qlen=1   cache=N lat=    0.005ms cycles≈5424
[pim-debug] op#01 op=Softmax  norm=softmax    sh=0  dim=4096  heads=16  hd=128 q_dim=2048  kv_heads=16  kv_dim=2048  o_dim=2048  ffn_dim=5504   seqlen=1078   qlen=1   cache=N lat=    0.004ms cycles≈4177
[pim-debug] op#02 op=SV       norm=output     sh=0  dim=4096  heads=16  hd=128 q_dim=2048  kv_heads=16  kv_dim=2048  o_dim=2048  ffn_dim=5504   seqlen=1078   qlen=1   cache=N lat=    0.004ms cycles≈3752
[pim-debug] segment total latency: 0.013 ms
========================================================================================
[pim-debug] segment_key=pim|decode|6|583a2f400a32ef30361deb25375d6d1d
[pim-debug] sig: device_type=pim phase=decode step=6 (count_hint=32)
[pim-debug] ops_repr: QK:1,Softmax:1,SV:1
[pim-debug] cfg: shard_policy='fine' shards=2 dim=4096 ffn_dim=11008 n_heads=32 n_kv_heads=auto->n_heads
[pim-debug] pim_config=/lustre/home/2501111916/workspace/XPUPIM_0226_gpupim_parameter/TriForm/algorithms/aim_simulator/PIM_AiM.json
[pim-debug] ramulator_config=/lustre/home/2501111916/workspace/XPUPIM_0226_gpupim_parameter/TriForm/algorithms/aim_simulator/example.yaml
[pim-debug] cost_model config.PIM_FREQ_GHZ=1.0
[pim-debug] op plan (logical shapes inferred from schedule cfg):
  - op#00  op=QK       shard=1   q=[16x1x128] + k=[16x128x322]  ->  y=[16x1x322]  (T=1, K=322)
  - op#01  op=Softmax  shard=1   scores=[16x1x322]  ->  y=[16x1x322]  (T=1, K=322)
  - op#02  op=SV       shard=1   p=[16x1x322] + v=[16x322x128]  ->  y=[16x1x128]  (T=1, K=322)
[pim-debug] NOTE: CENT(AiM) trace backend internally uses x shape (1,1,dim) and handles prefill by repeating ops;
           the table below shows the *effective parameters* passed into cost_model_pim_backend for each op.
[pim-debug] op#00 op=QK       norm=score      sh=1  dim=4096  heads=16  hd=128 q_dim=2048  kv_heads=16  kv_dim=2048  o_dim=2048  ffn_dim=5504   seqlen=322    qlen=1   cache=N lat=    0.002ms cycles≈1808
[pim-debug] op#01 op=Softmax  norm=softmax    sh=1  dim=4096  heads=16  hd=128 q_dim=2048  kv_heads=16  kv_dim=2048  o_dim=2048  ffn_dim=5504   seqlen=322    qlen=1   cache=N lat=    0.001ms cycles≈1171
[pim-debug] op#02 op=SV       norm=output     sh=1  dim=4096  heads=16  hd=128 q_dim=2048  kv_heads=16  kv_dim=2048  o_dim=2048  ffn_dim=5504   seqlen=322    qlen=1   cache=N lat=    0.002ms cycles≈1642
[pim-debug] segment total latency: 0.005 ms
========================================================================================
[pim-debug] segment_key=pim|decode|6|8d3c4a27f3148da54f43fbe5a8786c55
[pim-debug] sig: device_type=pim phase=decode step=6 (count_hint=32)
[pim-debug] ops_repr: QK:0,Softmax:0,SV:0
[pim-debug] cfg: shard_policy='fine' shards=2 dim=4096 ffn_dim=11008 n_heads=32 n_kv_heads=auto->n_heads
[pim-debug] pim_config=/lustre/home/2501111916/workspace/XPUPIM_0226_gpupim_parameter/TriForm/algorithms/aim_simulator/PIM_AiM.json
[pim-debug] ramulator_config=/lustre/home/2501111916/workspace/XPUPIM_0226_gpupim_parameter/TriForm/algorithms/aim_simulator/example.yaml
[pim-debug] cost_model config.PIM_FREQ_GHZ=1.0
[pim-debug] op plan (logical shapes inferred from schedule cfg):
  - op#00  op=QK       shard=0   q=[16x1x128] + k=[16x128x322]  ->  y=[16x1x322]  (T=1, K=322)
  - op#01  op=Softmax  shard=0   scores=[16x1x322]  ->  y=[16x1x322]  (T=1, K=322)
  - op#02  op=SV       shard=0   p=[16x1x322] + v=[16x322x128]  ->  y=[16x1x128]  (T=1, K=322)
[pim-debug] NOTE: CENT(AiM) trace backend internally uses x shape (1,1,dim) and handles prefill by repeating ops;
           the table below shows the *effective parameters* passed into cost_model_pim_backend for each op.
[pim-debug] op#00 op=QK       norm=score      sh=0  dim=4096  heads=16  hd=128 q_dim=2048  kv_heads=16  kv_dim=2048  o_dim=2048  ffn_dim=5504   seqlen=322    qlen=1   cache=N lat=    0.002ms cycles≈1808
[pim-debug] op#01 op=Softmax  norm=softmax    sh=0  dim=4096  heads=16  hd=128 q_dim=2048  kv_heads=16  kv_dim=2048  o_dim=2048  ffn_dim=5504   seqlen=322    qlen=1   cache=N lat=    0.001ms cycles≈1171
[pim-debug] op#02 op=SV       norm=output     sh=0  dim=4096  heads=16  hd=128 q_dim=2048  kv_heads=16  kv_dim=2048  o_dim=2048  ffn_dim=5504   seqlen=322    qlen=1   cache=N lat=    0.002ms cycles≈1642
[pim-debug] segment total latency: 0.005 ms
========================================================================================
[pim-debug] segment_key=pim|decode|70|583a2f400a32ef30361deb25375d6d1d
[pim-debug] sig: device_type=pim phase=decode step=70 (count_hint=32)
[pim-debug] ops_repr: QK:1,Softmax:1,SV:1
[pim-debug] cfg: shard_policy='fine' shards=2 dim=4096 ffn_dim=11008 n_heads=32 n_kv_heads=auto->n_heads
[pim-debug] pim_config=/lustre/home/2501111916/workspace/XPUPIM_0226_gpupim_parameter/TriForm/algorithms/aim_simulator/PIM_AiM.json
[pim-debug] ramulator_config=/lustre/home/2501111916/workspace/XPUPIM_0226_gpupim_parameter/TriForm/algorithms/aim_simulator/example.yaml
[pim-debug] cost_model config.PIM_FREQ_GHZ=1.0
[pim-debug] op plan (logical shapes inferred from schedule cfg):
  - op#00  op=QK       shard=1   q=[16x1x128] + k=[16x128x1090]  ->  y=[16x1x1090]  (T=1, K=1090)
  - op#01  op=Softmax  shard=1   scores=[16x1x1090]  ->  y=[16x1x1090]  (T=1, K=1090)
  - op#02  op=SV       shard=1   p=[16x1x1090] + v=[16x1090x128]  ->  y=[16x1x128]  (T=1, K=1090)
[pim-debug] NOTE: CENT(AiM) trace backend internally uses x shape (1,1,dim) and handles prefill by repeating ops;
           the table below shows the *effective parameters* passed into cost_model_pim_backend for each op.
[pim-debug] op#00 op=QK       norm=score      sh=1  dim=4096  heads=16  hd=128 q_dim=2048  kv_heads=16  kv_dim=2048  o_dim=2048  ffn_dim=5504   seqlen=1090   qlen=1   cache=N lat=    0.005ms cycles≈5424
[pim-debug] op#01 op=Softmax  norm=softmax    sh=1  dim=4096  heads=16  hd=128 q_dim=2048  kv_heads=16  kv_dim=2048  o_dim=2048  ffn_dim=5504   seqlen=1090   qlen=1   cache=N lat=    0.004ms cycles≈4200
[pim-debug] op#02 op=SV       norm=output     sh=1  dim=4096  heads=16  hd=128 q_dim=2048  kv_heads=16  kv_dim=2048  o_dim=2048  ffn_dim=5504   seqlen=1090   qlen=1   cache=N lat=    0.004ms cycles≈3770
[pim-debug] segment total latency: 0.013 ms
========================================================================================
[pim-debug] segment_key=pim|decode|70|8d3c4a27f3148da54f43fbe5a8786c55
[pim-debug] sig: device_type=pim phase=decode step=70 (count_hint=32)
[pim-debug] ops_repr: QK:0,Softmax:0,SV:0
[pim-debug] cfg: shard_policy='fine' shards=2 dim=4096 ffn_dim=11008 n_heads=32 n_kv_heads=auto->n_heads
[pim-debug] pim_config=/lustre/home/2501111916/workspace/XPUPIM_0226_gpupim_parameter/TriForm/algorithms/aim_simulator/PIM_AiM.json
[pim-debug] ramulator_config=/lustre/home/2501111916/workspace/XPUPIM_0226_gpupim_parameter/TriForm/algorithms/aim_simulator/example.yaml
[pim-debug] cost_model config.PIM_FREQ_GHZ=1.0
[pim-debug] op plan (logical shapes inferred from schedule cfg):
  - op#00  op=QK       shard=0   q=[16x1x128] + k=[16x128x1090]  ->  y=[16x1x1090]  (T=1, K=1090)
  - op#01  op=Softmax  shard=0   scores=[16x1x1090]  ->  y=[16x1x1090]  (T=1, K=1090)
  - op#02  op=SV       shard=0   p=[16x1x1090] + v=[16x1090x128]  ->  y=[16x1x128]  (T=1, K=1090)
[pim-debug] NOTE: CENT(AiM) trace backend internally uses x shape (1,1,dim) and handles prefill by repeating ops;
           the table below shows the *effective parameters* passed into cost_model_pim_backend for each op.
[pim-debug] op#00 op=QK       norm=score      sh=0  dim=4096  heads=16  hd=128 q_dim=2048  kv_heads=16  kv_dim=2048  o_dim=2048  ffn_dim=5504   seqlen=1090   qlen=1   cache=N lat=    0.005ms cycles≈5424
[pim-debug] op#01 op=Softmax  norm=softmax    sh=0  dim=4096  heads=16  hd=128 q_dim=2048  kv_heads=16  kv_dim=2048  o_dim=2048  ffn_dim=5504   seqlen=1090   qlen=1   cache=N lat=    0.004ms cycles≈4200
[pim-debug] op#02 op=SV       norm=output     sh=0  dim=4096  heads=16  hd=128 q_dim=2048  kv_heads=16  kv_dim=2048  o_dim=2048  ffn_dim=5504   seqlen=1090   qlen=1   cache=N lat=    0.004ms cycles≈3770
[pim-debug] segment total latency: 0.013 ms
========================================================================================
[pim-debug] segment_key=pim|decode|71|583a2f400a32ef30361deb25375d6d1d
[pim-debug] sig: device_type=pim phase=decode step=71 (count_hint=32)
[pim-debug] ops_repr: QK:1,Softmax:1,SV:1
[pim-debug] cfg: shard_policy='fine' shards=2 dim=4096 ffn_dim=11008 n_heads=32 n_kv_heads=auto->n_heads
[pim-debug] pim_config=/lustre/home/2501111916/workspace/XPUPIM_0226_gpupim_parameter/TriForm/algorithms/aim_simulator/PIM_AiM.json
[pim-debug] ramulator_config=/lustre/home/2501111916/workspace/XPUPIM_0226_gpupim_parameter/TriForm/algorithms/aim_simulator/example.yaml
[pim-debug] cost_model config.PIM_FREQ_GHZ=1.0
[pim-debug] op plan (logical shapes inferred from schedule cfg):
  - op#00  op=QK       shard=1   q=[16x1x128] + k=[16x128x1102]  ->  y=[16x1x1102]  (T=1, K=1102)
  - op#01  op=Softmax  shard=1   scores=[16x1x1102]  ->  y=[16x1x1102]  (T=1, K=1102)
  - op#02  op=SV       shard=1   p=[16x1x1102] + v=[16x1102x128]  ->  y=[16x1x128]  (T=1, K=1102)
[pim-debug] NOTE: CENT(AiM) trace backend internally uses x shape (1,1,dim) and handles prefill by repeating ops;
           the table below shows the *effective parameters* passed into cost_model_pim_backend for each op.
[pim-debug] op#00 op=QK       norm=score      sh=1  dim=4096  heads=16  hd=128 q_dim=2048  kv_heads=16  kv_dim=2048  o_dim=2048  ffn_dim=5504   seqlen=1102   qlen=1   cache=N lat=    0.005ms cycles≈5424
[pim-debug] op#01 op=Softmax  norm=softmax    sh=1  dim=4096  heads=16  hd=128 q_dim=2048  kv_heads=16  kv_dim=2048  o_dim=2048  ffn_dim=5504   seqlen=1102   qlen=1   cache=N lat=    0.004ms cycles≈4200
[pim-debug] op#02 op=SV       norm=output     sh=1  dim=4096  heads=16  hd=128 q_dim=2048  kv_heads=16  kv_dim=2048  o_dim=2048  ffn_dim=5504   seqlen=1102   qlen=1   cache=N lat=    0.004ms cycles≈3770
[pim-debug] segment total latency: 0.013 ms
========================================================================================
[pim-debug] segment_key=pim|decode|71|8d3c4a27f3148da54f43fbe5a8786c55
[pim-debug] sig: device_type=pim phase=decode step=71 (count_hint=32)
[pim-debug] ops_repr: QK:0,Softmax:0,SV:0
[pim-debug] cfg: shard_policy='fine' shards=2 dim=4096 ffn_dim=11008 n_heads=32 n_kv_heads=auto->n_heads
[pim-debug] pim_config=/lustre/home/2501111916/workspace/XPUPIM_0226_gpupim_parameter/TriForm/algorithms/aim_simulator/PIM_AiM.json
[pim-debug] ramulator_config=/lustre/home/2501111916/workspace/XPUPIM_0226_gpupim_parameter/TriForm/algorithms/aim_simulator/example.yaml
[pim-debug] cost_model config.PIM_FREQ_GHZ=1.0
[pim-debug] op plan (logical shapes inferred from schedule cfg):
  - op#00  op=QK       shard=0   q=[16x1x128] + k=[16x128x1102]  ->  y=[16x1x1102]  (T=1, K=1102)
  - op#01  op=Softmax  shard=0   scores=[16x1x1102]  ->  y=[16x1x1102]  (T=1, K=1102)
  - op#02  op=SV       shard=0   p=[16x1x1102] + v=[16x1102x128]  ->  y=[16x1x128]  (T=1, K=1102)
[pim-debug] NOTE: CENT(AiM) trace backend internally uses x shape (1,1,dim) and handles prefill by repeating ops;
           the table below shows the *effective parameters* passed into cost_model_pim_backend for each op.
[pim-debug] op#00 op=QK       norm=score      sh=0  dim=4096  heads=16  hd=128 q_dim=2048  kv_heads=16  kv_dim=2048  o_dim=2048  ffn_dim=5504   seqlen=1102   qlen=1   cache=N lat=    0.005ms cycles≈5424
[pim-debug] op#01 op=Softmax  norm=softmax    sh=0  dim=4096  heads=16  hd=128 q_dim=2048  kv_heads=16  kv_dim=2048  o_dim=2048  ffn_dim=5504   seqlen=1102   qlen=1   cache=N lat=    0.004ms cycles≈4200
[pim-debug] op#02 op=SV       norm=output     sh=0  dim=4096  heads=16  hd=128 q_dim=2048  kv_heads=16  kv_dim=2048  o_dim=2048  ffn_dim=5504   seqlen=1102   qlen=1   cache=N lat=    0.004ms cycles≈3770
[pim-debug] segment total latency: 0.013 ms
========================================================================================
[pim-debug] segment_key=pim|decode|72|583a2f400a32ef30361deb25375d6d1d
[pim-debug] sig: device_type=pim phase=decode step=72 (count_hint=32)
[pim-debug] ops_repr: QK:1,Softmax:1,SV:1
[pim-debug] cfg: shard_policy='fine' shards=2 dim=4096 ffn_dim=11008 n_heads=32 n_kv_heads=auto->n_heads
[pim-debug] pim_config=/lustre/home/2501111916/workspace/XPUPIM_0226_gpupim_parameter/TriForm/algorithms/aim_simulator/PIM_AiM.json
[pim-debug] ramulator_config=/lustre/home/2501111916/workspace/XPUPIM_0226_gpupim_parameter/TriForm/algorithms/aim_simulator/example.yaml
[pim-debug] cost_model config.PIM_FREQ_GHZ=1.0
[pim-debug] op plan (logical shapes inferred from schedule cfg):
  - op#00  op=QK       shard=1   q=[16x1x128] + k=[16x128x1114]  ->  y=[16x1x1114]  (T=1, K=1114)
  - op#01  op=Softmax  shard=1   scores=[16x1x1114]  ->  y=[16x1x1114]  (T=1, K=1114)
  - op#02  op=SV       shard=1   p=[16x1x1114] + v=[16x1114x128]  ->  y=[16x1x128]  (T=1, K=1114)
[pim-debug] NOTE: CENT(AiM) trace backend internally uses x shape (1,1,dim) and handles prefill by repeating ops;
           the table below shows the *effective parameters* passed into cost_model_pim_backend for each op.
[pim-debug] op#00 op=QK       norm=score      sh=1  dim=4096  heads=16  hd=128 q_dim=2048  kv_heads=16  kv_dim=2048  o_dim=2048  ffn_dim=5504   seqlen=1114   qlen=1   cache=N lat=    0.005ms cycles≈5424
[pim-debug] op#01 op=Softmax  norm=softmax    sh=1  dim=4096  heads=16  hd=128 q_dim=2048  kv_heads=16  kv_dim=2048  o_dim=2048  ffn_dim=5504   seqlen=1114   qlen=1   cache=N lat=    0.004ms cycles≈4210
[pim-debug] op#02 op=SV       norm=output     sh=1  dim=4096  heads=16  hd=128 q_dim=2048  kv_heads=16  kv_dim=2048  o_dim=2048  ffn_dim=5504   seqlen=1114   qlen=1   cache=N lat=    0.004ms cycles≈3788
[pim-debug] segment total latency: 0.013 ms
========================================================================================
[pim-debug] segment_key=pim|decode|72|8d3c4a27f3148da54f43fbe5a8786c55
[pim-debug] sig: device_type=pim phase=decode step=72 (count_hint=32)
[pim-debug] ops_repr: QK:0,Softmax:0,SV:0
[pim-debug] cfg: shard_policy='fine' shards=2 dim=4096 ffn_dim=11008 n_heads=32 n_kv_heads=auto->n_heads
[pim-debug] pim_config=/lustre/home/2501111916/workspace/XPUPIM_0226_gpupim_parameter/TriForm/algorithms/aim_simulator/PIM_AiM.json
[pim-debug] ramulator_config=/lustre/home/2501111916/workspace/XPUPIM_0226_gpupim_parameter/TriForm/algorithms/aim_simulator/example.yaml
[pim-debug] cost_model config.PIM_FREQ_GHZ=1.0
[pim-debug] op plan (logical shapes inferred from schedule cfg):
  - op#00  op=QK       shard=0   q=[16x1x128] + k=[16x128x1114]  ->  y=[16x1x1114]  (T=1, K=1114)
  - op#01  op=Softmax  shard=0   scores=[16x1x1114]  ->  y=[16x1x1114]  (T=1, K=1114)
  - op#02  op=SV       shard=0   p=[16x1x1114] + v=[16x1114x128]  ->  y=[16x1x128]  (T=1, K=1114)
[pim-debug] NOTE: CENT(AiM) trace backend internally uses x shape (1,1,dim) and handles prefill by repeating ops;
           the table below shows the *effective parameters* passed into cost_model_pim_backend for each op.
[pim-debug] op#00 op=QK       norm=score      sh=0  dim=4096  heads=16  hd=128 q_dim=2048  kv_heads=16  kv_dim=2048  o_dim=2048  ffn_dim=5504   seqlen=1114   qlen=1   cache=N lat=    0.005ms cycles≈5424
[pim-debug] op#01 op=Softmax  norm=softmax    sh=0  dim=4096  heads=16  hd=128 q_dim=2048  kv_heads=16  kv_dim=2048  o_dim=2048  ffn_dim=5504   seqlen=1114   qlen=1   cache=N lat=    0.004ms cycles≈4210
[pim-debug] op#02 op=SV       norm=output     sh=0  dim=4096  heads=16  hd=128 q_dim=2048  kv_heads=16  kv_dim=2048  o_dim=2048  ffn_dim=5504   seqlen=1114   qlen=1   cache=N lat=    0.004ms cycles≈3788
[pim-debug] segment total latency: 0.013 ms
========================================================================================
[pim-debug] segment_key=pim|decode|73|583a2f400a32ef30361deb25375d6d1d
[pim-debug] sig: device_type=pim phase=decode step=73 (count_hint=32)
[pim-debug] ops_repr: QK:1,Softmax:1,SV:1
[pim-debug] cfg: shard_policy='fine' shards=2 dim=4096 ffn_dim=11008 n_heads=32 n_kv_heads=auto->n_heads
[pim-debug] pim_config=/lustre/home/2501111916/workspace/XPUPIM_0226_gpupim_parameter/TriForm/algorithms/aim_simulator/PIM_AiM.json
[pim-debug] ramulator_config=/lustre/home/2501111916/workspace/XPUPIM_0226_gpupim_parameter/TriForm/algorithms/aim_simulator/example.yaml
[pim-debug] cost_model config.PIM_FREQ_GHZ=1.0
[pim-debug] op plan (logical shapes inferred from schedule cfg):
  - op#00  op=QK       shard=1   q=[16x1x128] + k=[16x128x1126]  ->  y=[16x1x1126]  (T=1, K=1126)
  - op#01  op=Softmax  shard=1   scores=[16x1x1126]  ->  y=[16x1x1126]  (T=1, K=1126)
  - op#02  op=SV       shard=1   p=[16x1x1126] + v=[16x1126x128]  ->  y=[16x1x128]  (T=1, K=1126)
[pim-debug] NOTE: CENT(AiM) trace backend internally uses x shape (1,1,dim) and handles prefill by repeating ops;
           the table below shows the *effective parameters* passed into cost_model_pim_backend for each op.
