schedule,phase,sample_step,token_index,layer,device,device_type,n_ops,ops_repr,schedule_sum_s,measured_s,measured_key,measured_step,measured_mode,schedule_sum_scaled_s,measured_scaled_s,delta_s,ratio,delta_scaled_s,ratio_scaled
attn_on_pim_prefill-128xdecode_262_ops_trace.csv,prefill,-1,-1,0,GPU0,npu,12,"LN:-1,Add:-1,LN:-1,FFN_W1:0,FFN_W3:0,FFN_W1:1,FFN_W3:1,SwiGLU:0,SwiGLU:1,FFN_W2:0,FFN_W2:1,Add:-1",0.011297482747836044,0.0004207615852355957,npu|prefill|-1|2ef4409498d14c672a4fbbfe6786cce6,-1,sample_step,0.011297482747836044,0.0004207615852355957,-0.010876721162600448,0.03724383516462459,-0.010876721162600448,0.03724383516462459
attn_on_pim_prefill-128xdecode_262_ops_trace.csv,prefill,-1,-1,0,PIM0,pim,7,"Q:0,K:0,V:0,QK:0,Softmax:0,SV:0,O:0",0.005862714379166401,0.0026555980000000003,pim|prefill|-1|61397802f1888ea563dd9b1ea38edd23,-1,sample_step,0.005862714379166401,0.0026555980000000003,-0.003207116379166401,0.4529639051557532,-0.003207116379166401,0.4529639051557532
attn_on_pim_prefill-128xdecode_262_ops_trace.csv,prefill,-1,-1,0,PIM1,pim,7,"Q:1,K:1,V:1,QK:1,Softmax:1,SV:1,O:1",0.005862714379166401,0.0026555980000000003,pim|prefill|-1|9c4e6c099d863efd94751a80c7e404c5,-1,sample_step,0.005862714379166401,0.0026555980000000003,-0.003207116379166401,0.4529639051557532,-0.003207116379166401,0.4529639051557532
attn_on_pim_prefill-128xdecode_262_ops_trace.csv,prefill,-1,-1,1,GPU0,npu,12,"LN:-1,Add:-1,LN:-1,FFN_W1:0,FFN_W3:0,FFN_W1:1,FFN_W3:1,SwiGLU:0,SwiGLU:1,FFN_W2:0,FFN_W2:1,Add:-1",0.01129748274783604,0.0004207615852355957,npu|prefill|-1|2ef4409498d14c672a4fbbfe6786cce6,-1,sample_step,0.01129748274783604,0.0004207615852355957,-0.010876721162600444,0.0372438351646246,-0.010876721162600444,0.0372438351646246
attn_on_pim_prefill-128xdecode_262_ops_trace.csv,prefill,-1,-1,1,PIM0,pim,7,"Q:0,K:0,V:0,QK:0,Softmax:0,SV:0,O:0",0.0058627143791664,0.0026555980000000003,pim|prefill|-1|61397802f1888ea563dd9b1ea38edd23,-1,sample_step,0.0058627143791664,0.0026555980000000003,-0.0032071163791664,0.4529639051557533,-0.0032071163791664,0.4529639051557533
attn_on_pim_prefill-128xdecode_262_ops_trace.csv,prefill,-1,-1,1,PIM1,pim,7,"Q:1,K:1,V:1,QK:1,Softmax:1,SV:1,O:1",0.0058627143791664,0.0026555980000000003,pim|prefill|-1|9c4e6c099d863efd94751a80c7e404c5,-1,sample_step,0.0058627143791664,0.0026555980000000003,-0.0032071163791664,0.4529639051557533,-0.0032071163791664,0.4529639051557533
attn_on_pim_prefill-128xdecode_262_ops_trace.csv,prefill,-1,-1,2,GPU0,npu,12,"LN:-1,Add:-1,LN:-1,FFN_W1:0,FFN_W3:0,FFN_W1:1,FFN_W3:1,SwiGLU:0,SwiGLU:1,FFN_W2:0,FFN_W2:1,Add:-1",0.01129748274783604,0.0004207615852355957,npu|prefill|-1|2ef4409498d14c672a4fbbfe6786cce6,-1,sample_step,0.01129748274783604,0.0004207615852355957,-0.010876721162600444,0.0372438351646246,-0.010876721162600444,0.0372438351646246
attn_on_pim_prefill-128xdecode_262_ops_trace.csv,prefill,-1,-1,2,PIM0,pim,7,"Q:0,K:0,V:0,QK:0,Softmax:0,SV:0,O:0",0.005862714379166303,0.0026555980000000003,pim|prefill|-1|61397802f1888ea563dd9b1ea38edd23,-1,sample_step,0.005862714379166303,0.0026555980000000003,-0.003207116379166303,0.4529639051557608,-0.003207116379166303,0.4529639051557608
attn_on_pim_prefill-128xdecode_262_ops_trace.csv,prefill,-1,-1,2,PIM1,pim,7,"Q:1,K:1,V:1,QK:1,Softmax:1,SV:1,O:1",0.005862714379166303,0.0026555980000000003,pim|prefill|-1|9c4e6c099d863efd94751a80c7e404c5,-1,sample_step,0.005862714379166303,0.0026555980000000003,-0.003207116379166303,0.4529639051557608,-0.003207116379166303,0.4529639051557608
attn_on_pim_prefill-128xdecode_262_ops_trace.csv,prefill,-1,-1,3,GPU0,npu,12,"LN:-1,Add:-1,LN:-1,FFN_W1:0,FFN_W3:0,FFN_W1:1,FFN_W3:1,SwiGLU:0,SwiGLU:1,FFN_W2:0,FFN_W2:1,Add:-1",0.011297482747836061,0.0004207615852355957,npu|prefill|-1|2ef4409498d14c672a4fbbfe6786cce6,-1,sample_step,0.011297482747836061,0.0004207615852355957,-0.010876721162600465,0.03724383516462453,-0.010876721162600465,0.03724383516462453
attn_on_pim_prefill-128xdecode_262_ops_trace.csv,prefill,-1,-1,3,PIM0,pim,7,"Q:0,K:0,V:0,QK:0,Softmax:0,SV:0,O:0",0.005862714379166303,0.0026555980000000003,pim|prefill|-1|61397802f1888ea563dd9b1ea38edd23,-1,sample_step,0.005862714379166303,0.0026555980000000003,-0.003207116379166303,0.4529639051557608,-0.003207116379166303,0.4529639051557608
attn_on_pim_prefill-128xdecode_262_ops_trace.csv,prefill,-1,-1,3,PIM1,pim,7,"Q:1,K:1,V:1,QK:1,Softmax:1,SV:1,O:1",0.005862714379166303,0.0026555980000000003,pim|prefill|-1|9c4e6c099d863efd94751a80c7e404c5,-1,sample_step,0.005862714379166303,0.0026555980000000003,-0.003207116379166303,0.4529639051557608,-0.003207116379166303,0.4529639051557608
attn_on_pim_prefill-128xdecode_262_ops_trace.csv,prefill,-1,-1,4,GPU0,npu,12,"LN:-1,Add:-1,LN:-1,FFN_W1:0,FFN_W3:0,FFN_W1:1,FFN_W3:1,SwiGLU:0,SwiGLU:1,FFN_W2:0,FFN_W2:1,Add:-1",0.011297482747836068,0.0004207615852355957,npu|prefill|-1|2ef4409498d14c672a4fbbfe6786cce6,-1,sample_step,0.011297482747836068,0.0004207615852355957,-0.010876721162600472,0.03724383516462451,-0.010876721162600472,0.03724383516462451
attn_on_pim_prefill-128xdecode_262_ops_trace.csv,prefill,-1,-1,4,PIM0,pim,7,"Q:0,K:0,V:0,QK:0,Softmax:0,SV:0,O:0",0.005862714379166297,0.0026555980000000003,pim|prefill|-1|61397802f1888ea563dd9b1ea38edd23,-1,sample_step,0.005862714379166297,0.0026555980000000003,-0.0032071163791662968,0.45296390515576124,-0.0032071163791662968,0.45296390515576124
attn_on_pim_prefill-128xdecode_262_ops_trace.csv,prefill,-1,-1,4,PIM1,pim,7,"Q:1,K:1,V:1,QK:1,Softmax:1,SV:1,O:1",0.005862714379166297,0.0026555980000000003,pim|prefill|-1|9c4e6c099d863efd94751a80c7e404c5,-1,sample_step,0.005862714379166297,0.0026555980000000003,-0.0032071163791662968,0.45296390515576124,-0.0032071163791662968,0.45296390515576124
attn_on_pim_prefill-128xdecode_262_ops_trace.csv,prefill,-1,-1,5,GPU0,npu,12,"LN:-1,Add:-1,LN:-1,FFN_W1:0,FFN_W3:0,FFN_W1:1,FFN_W3:1,SwiGLU:0,SwiGLU:1,FFN_W2:0,FFN_W2:1,Add:-1",0.011297482747836068,0.0004207615852355957,npu|prefill|-1|2ef4409498d14c672a4fbbfe6786cce6,-1,sample_step,0.011297482747836068,0.0004207615852355957,-0.010876721162600472,0.03724383516462451,-0.010876721162600472,0.03724383516462451
attn_on_pim_prefill-128xdecode_262_ops_trace.csv,prefill,-1,-1,5,PIM0,pim,7,"Q:0,K:0,V:0,QK:0,Softmax:0,SV:0,O:0",0.005862714379166297,0.0026555980000000003,pim|prefill|-1|61397802f1888ea563dd9b1ea38edd23,-1,sample_step,0.005862714379166297,0.0026555980000000003,-0.0032071163791662968,0.45296390515576124,-0.0032071163791662968,0.45296390515576124
attn_on_pim_prefill-128xdecode_262_ops_trace.csv,prefill,-1,-1,5,PIM1,pim,7,"Q:1,K:1,V:1,QK:1,Softmax:1,SV:1,O:1",0.005862714379166297,0.0026555980000000003,pim|prefill|-1|9c4e6c099d863efd94751a80c7e404c5,-1,sample_step,0.005862714379166297,0.0026555980000000003,-0.0032071163791662968,0.45296390515576124,-0.0032071163791662968,0.45296390515576124
attn_on_pim_prefill-128xdecode_262_ops_trace.csv,prefill,-1,-1,6,GPU0,npu,12,"LN:-1,Add:-1,LN:-1,FFN_W1:0,FFN_W3:0,FFN_W1:1,FFN_W3:1,SwiGLU:0,SwiGLU:1,FFN_W2:0,FFN_W2:1,Add:-1",0.011297482747836068,0.0004207615852355957,npu|prefill|-1|2ef4409498d14c672a4fbbfe6786cce6,-1,sample_step,0.011297482747836068,0.0004207615852355957,-0.010876721162600472,0.03724383516462451,-0.010876721162600472,0.03724383516462451
attn_on_pim_prefill-128xdecode_262_ops_trace.csv,prefill,-1,-1,6,PIM0,pim,7,"Q:0,K:0,V:0,QK:0,Softmax:0,SV:0,O:0",0.005862714379166297,0.0026555980000000003,pim|prefill|-1|61397802f1888ea563dd9b1ea38edd23,-1,sample_step,0.005862714379166297,0.0026555980000000003,-0.0032071163791662968,0.45296390515576124,-0.0032071163791662968,0.45296390515576124
attn_on_pim_prefill-128xdecode_262_ops_trace.csv,prefill,-1,-1,6,PIM1,pim,7,"Q:1,K:1,V:1,QK:1,Softmax:1,SV:1,O:1",0.005862714379166297,0.0026555980000000003,pim|prefill|-1|9c4e6c099d863efd94751a80c7e404c5,-1,sample_step,0.005862714379166297,0.0026555980000000003,-0.0032071163791662968,0.45296390515576124,-0.0032071163791662968,0.45296390515576124
attn_on_pim_prefill-128xdecode_262_ops_trace.csv,prefill,-1,-1,7,GPU0,npu,12,"LN:-1,Add:-1,LN:-1,FFN_W1:0,FFN_W3:0,FFN_W1:1,FFN_W3:1,SwiGLU:0,SwiGLU:1,FFN_W2:0,FFN_W2:1,Add:-1",0.01129748274783604,0.0004207615852355957,npu|prefill|-1|2ef4409498d14c672a4fbbfe6786cce6,-1,sample_step,0.01129748274783604,0.0004207615852355957,-0.010876721162600444,0.0372438351646246,-0.010876721162600444,0.0372438351646246
attn_on_pim_prefill-128xdecode_262_ops_trace.csv,prefill,-1,-1,7,PIM0,pim,7,"Q:0,K:0,V:0,QK:0,Softmax:0,SV:0,O:0",0.005862714379166411,0.0026555980000000003,pim|prefill|-1|61397802f1888ea563dd9b1ea38edd23,-1,sample_step,0.005862714379166411,0.0026555980000000003,-0.0032071163791664104,0.45296390515575247,-0.0032071163791664104,0.45296390515575247
attn_on_pim_prefill-128xdecode_262_ops_trace.csv,prefill,-1,-1,7,PIM1,pim,7,"Q:1,K:1,V:1,QK:1,Softmax:1,SV:1,O:1",0.005862714379166411,0.0026555980000000003,pim|prefill|-1|9c4e6c099d863efd94751a80c7e404c5,-1,sample_step,0.005862714379166411,0.0026555980000000003,-0.0032071163791664104,0.45296390515575247,-0.0032071163791664104,0.45296390515575247
attn_on_pim_prefill-128xdecode_262_ops_trace.csv,prefill,-1,-1,8,GPU0,npu,12,"LN:-1,Add:-1,LN:-1,FFN_W1:0,FFN_W3:0,FFN_W1:1,FFN_W3:1,SwiGLU:0,SwiGLU:1,FFN_W2:0,FFN_W2:1,Add:-1",0.01129748274783604,0.0004207615852355957,npu|prefill|-1|2ef4409498d14c672a4fbbfe6786cce6,-1,sample_step,0.01129748274783604,0.0004207615852355957,-0.010876721162600444,0.0372438351646246,-0.010876721162600444,0.0372438351646246
attn_on_pim_prefill-128xdecode_262_ops_trace.csv,prefill,-1,-1,8,PIM0,pim,7,"Q:0,K:0,V:0,QK:0,Softmax:0,SV:0,O:0",0.005862714379166411,0.0026555980000000003,pim|prefill|-1|61397802f1888ea563dd9b1ea38edd23,-1,sample_step,0.005862714379166411,0.0026555980000000003,-0.0032071163791664104,0.45296390515575247,-0.0032071163791664104,0.45296390515575247
attn_on_pim_prefill-128xdecode_262_ops_trace.csv,prefill,-1,-1,8,PIM1,pim,7,"Q:1,K:1,V:1,QK:1,Softmax:1,SV:1,O:1",0.005862714379166411,0.0026555980000000003,pim|prefill|-1|9c4e6c099d863efd94751a80c7e404c5,-1,sample_step,0.005862714379166411,0.0026555980000000003,-0.0032071163791664104,0.45296390515575247,-0.0032071163791664104,0.45296390515575247
attn_on_pim_prefill-128xdecode_262_ops_trace.csv,prefill,-1,-1,9,GPU0,npu,12,"LN:-1,Add:-1,LN:-1,FFN_W1:0,FFN_W3:0,FFN_W1:1,FFN_W3:1,SwiGLU:0,SwiGLU:1,FFN_W2:0,FFN_W2:1,Add:-1",0.01129748274783604,0.0004207615852355957,npu|prefill|-1|2ef4409498d14c672a4fbbfe6786cce6,-1,sample_step,0.01129748274783604,0.0004207615852355957,-0.010876721162600444,0.0372438351646246,-0.010876721162600444,0.0372438351646246
attn_on_pim_prefill-128xdecode_262_ops_trace.csv,prefill,-1,-1,9,PIM0,pim,7,"Q:0,K:0,V:0,QK:0,Softmax:0,SV:0,O:0",0.005862714379166411,0.0026555980000000003,pim|prefill|-1|61397802f1888ea563dd9b1ea38edd23,-1,sample_step,0.005862714379166411,0.0026555980000000003,-0.0032071163791664104,0.45296390515575247,-0.0032071163791664104,0.45296390515575247
attn_on_pim_prefill-128xdecode_262_ops_trace.csv,prefill,-1,-1,9,PIM1,pim,7,"Q:1,K:1,V:1,QK:1,Softmax:1,SV:1,O:1",0.005862714379166411,0.0026555980000000003,pim|prefill|-1|9c4e6c099d863efd94751a80c7e404c5,-1,sample_step,0.005862714379166411,0.0026555980000000003,-0.0032071163791664104,0.45296390515575247,-0.0032071163791664104,0.45296390515575247
attn_on_pim_prefill-128xdecode_262_ops_trace.csv,prefill,-1,-1,10,GPU0,npu,12,"LN:-1,Add:-1,LN:-1,FFN_W1:0,FFN_W3:0,FFN_W1:1,FFN_W3:1,SwiGLU:0,SwiGLU:1,FFN_W2:0,FFN_W2:1,Add:-1",0.01129748274783604,0.0004207615852355957,npu|prefill|-1|2ef4409498d14c672a4fbbfe6786cce6,-1,sample_step,0.01129748274783604,0.0004207615852355957,-0.010876721162600444,0.0372438351646246,-0.010876721162600444,0.0372438351646246
attn_on_pim_prefill-128xdecode_262_ops_trace.csv,prefill,-1,-1,10,PIM0,pim,7,"Q:0,K:0,V:0,QK:0,Softmax:0,SV:0,O:0",0.005862714379166411,0.0026555980000000003,pim|prefill|-1|61397802f1888ea563dd9b1ea38edd23,-1,sample_step,0.005862714379166411,0.0026555980000000003,-0.0032071163791664104,0.45296390515575247,-0.0032071163791664104,0.45296390515575247
attn_on_pim_prefill-128xdecode_262_ops_trace.csv,prefill,-1,-1,10,PIM1,pim,7,"Q:1,K:1,V:1,QK:1,Softmax:1,SV:1,O:1",0.005862714379166411,0.0026555980000000003,pim|prefill|-1|9c4e6c099d863efd94751a80c7e404c5,-1,sample_step,0.005862714379166411,0.0026555980000000003,-0.0032071163791664104,0.45296390515575247,-0.0032071163791664104,0.45296390515575247
attn_on_pim_prefill-128xdecode_262_ops_trace.csv,prefill,-1,-1,11,GPU0,npu,12,"LN:-1,Add:-1,LN:-1,FFN_W1:0,FFN_W3:0,FFN_W1:1,FFN_W3:1,SwiGLU:0,SwiGLU:1,FFN_W2:0,FFN_W2:1,Add:-1",0.01129748274783604,0.0004207615852355957,npu|prefill|-1|2ef4409498d14c672a4fbbfe6786cce6,-1,sample_step,0.01129748274783604,0.0004207615852355957,-0.010876721162600444,0.0372438351646246,-0.010876721162600444,0.0372438351646246
attn_on_pim_prefill-128xdecode_262_ops_trace.csv,prefill,-1,-1,11,PIM0,pim,7,"Q:0,K:0,V:0,QK:0,Softmax:0,SV:0,O:0",0.005862714379166411,0.0026555980000000003,pim|prefill|-1|61397802f1888ea563dd9b1ea38edd23,-1,sample_step,0.005862714379166411,0.0026555980000000003,-0.0032071163791664104,0.45296390515575247,-0.0032071163791664104,0.45296390515575247
attn_on_pim_prefill-128xdecode_262_ops_trace.csv,prefill,-1,-1,11,PIM1,pim,7,"Q:1,K:1,V:1,QK:1,Softmax:1,SV:1,O:1",0.005862714379166411,0.0026555980000000003,pim|prefill|-1|9c4e6c099d863efd94751a80c7e404c5,-1,sample_step,0.005862714379166411,0.0026555980000000003,-0.0032071163791664104,0.45296390515575247,-0.0032071163791664104,0.45296390515575247
attn_on_pim_prefill-128xdecode_262_ops_trace.csv,prefill,-1,-1,12,GPU0,npu,12,"LN:-1,Add:-1,LN:-1,FFN_W1:0,FFN_W3:0,FFN_W1:1,FFN_W3:1,SwiGLU:0,SwiGLU:1,FFN_W2:0,FFN_W2:1,Add:-1",0.01129748274783604,0.0004207615852355957,npu|prefill|-1|2ef4409498d14c672a4fbbfe6786cce6,-1,sample_step,0.01129748274783604,0.0004207615852355957,-0.010876721162600444,0.0372438351646246,-0.010876721162600444,0.0372438351646246
attn_on_pim_prefill-128xdecode_262_ops_trace.csv,prefill,-1,-1,12,PIM0,pim,7,"Q:0,K:0,V:0,QK:0,Softmax:0,SV:0,O:0",0.005862714379166411,0.0026555980000000003,pim|prefill|-1|61397802f1888ea563dd9b1ea38edd23,-1,sample_step,0.005862714379166411,0.0026555980000000003,-0.0032071163791664104,0.45296390515575247,-0.0032071163791664104,0.45296390515575247
attn_on_pim_prefill-128xdecode_262_ops_trace.csv,prefill,-1,-1,12,PIM1,pim,7,"Q:1,K:1,V:1,QK:1,Softmax:1,SV:1,O:1",0.005862714379166411,0.0026555980000000003,pim|prefill|-1|9c4e6c099d863efd94751a80c7e404c5,-1,sample_step,0.005862714379166411,0.0026555980000000003,-0.0032071163791664104,0.45296390515575247,-0.0032071163791664104,0.45296390515575247
attn_on_pim_prefill-128xdecode_262_ops_trace.csv,prefill,-1,-1,13,GPU0,npu,12,"LN:-1,Add:-1,LN:-1,FFN_W1:0,FFN_W3:0,FFN_W1:1,FFN_W3:1,SwiGLU:0,SwiGLU:1,FFN_W2:0,FFN_W2:1,Add:-1",0.01129748274783604,0.0004207615852355957,npu|prefill|-1|2ef4409498d14c672a4fbbfe6786cce6,-1,sample_step,0.01129748274783604,0.0004207615852355957,-0.010876721162600444,0.0372438351646246,-0.010876721162600444,0.0372438351646246
attn_on_pim_prefill-128xdecode_262_ops_trace.csv,prefill,-1,-1,13,PIM0,pim,7,"Q:0,K:0,V:0,QK:0,Softmax:0,SV:0,O:0",0.005862714379166411,0.0026555980000000003,pim|prefill|-1|61397802f1888ea563dd9b1ea38edd23,-1,sample_step,0.005862714379166411,0.0026555980000000003,-0.0032071163791664104,0.45296390515575247,-0.0032071163791664104,0.45296390515575247
attn_on_pim_prefill-128xdecode_262_ops_trace.csv,prefill,-1,-1,13,PIM1,pim,7,"Q:1,K:1,V:1,QK:1,Softmax:1,SV:1,O:1",0.005862714379166411,0.0026555980000000003,pim|prefill|-1|9c4e6c099d863efd94751a80c7e404c5,-1,sample_step,0.005862714379166411,0.0026555980000000003,-0.0032071163791664104,0.45296390515575247,-0.0032071163791664104,0.45296390515575247
attn_on_pim_prefill-128xdecode_262_ops_trace.csv,prefill,-1,-1,14,GPU0,npu,12,"LN:-1,Add:-1,LN:-1,FFN_W1:0,FFN_W3:0,FFN_W1:1,FFN_W3:1,SwiGLU:0,SwiGLU:1,FFN_W2:0,FFN_W2:1,Add:-1",0.011297482747836096,0.0004207615852355957,npu|prefill|-1|2ef4409498d14c672a4fbbfe6786cce6,-1,sample_step,0.011297482747836096,0.0004207615852355957,-0.0108767211626005,0.037243835164624414,-0.0108767211626005,0.037243835164624414
attn_on_pim_prefill-128xdecode_262_ops_trace.csv,prefill,-1,-1,14,PIM0,pim,7,"Q:0,K:0,V:0,QK:0,Softmax:0,SV:0,O:0",0.005862714379166411,0.0026555980000000003,pim|prefill|-1|61397802f1888ea563dd9b1ea38edd23,-1,sample_step,0.005862714379166411,0.0026555980000000003,-0.0032071163791664104,0.45296390515575247,-0.0032071163791664104,0.45296390515575247
attn_on_pim_prefill-128xdecode_262_ops_trace.csv,prefill,-1,-1,14,PIM1,pim,7,"Q:1,K:1,V:1,QK:1,Softmax:1,SV:1,O:1",0.005862714379166411,0.0026555980000000003,pim|prefill|-1|9c4e6c099d863efd94751a80c7e404c5,-1,sample_step,0.005862714379166411,0.0026555980000000003,-0.0032071163791664104,0.45296390515575247,-0.0032071163791664104,0.45296390515575247
attn_on_pim_prefill-128xdecode_262_ops_trace.csv,prefill,-1,-1,15,GPU0,npu,12,"LN:-1,Add:-1,LN:-1,FFN_W1:0,FFN_W3:0,FFN_W1:1,FFN_W3:1,SwiGLU:0,SwiGLU:1,FFN_W2:0,FFN_W2:1,Add:-1",0.01129748274783604,0.0004207615852355957,npu|prefill|-1|2ef4409498d14c672a4fbbfe6786cce6,-1,sample_step,0.01129748274783604,0.0004207615852355957,-0.010876721162600444,0.0372438351646246,-0.010876721162600444,0.0372438351646246
attn_on_pim_prefill-128xdecode_262_ops_trace.csv,prefill,-1,-1,15,PIM0,pim,7,"Q:0,K:0,V:0,QK:0,Softmax:0,SV:0,O:0",0.00586271437916621,0.0026555980000000003,pim|prefill|-1|61397802f1888ea563dd9b1ea38edd23,-1,sample_step,0.00586271437916621,0.0026555980000000003,-0.00320711637916621,0.45296390515576795,-0.00320711637916621,0.45296390515576795
attn_on_pim_prefill-128xdecode_262_ops_trace.csv,prefill,-1,-1,15,PIM1,pim,7,"Q:1,K:1,V:1,QK:1,Softmax:1,SV:1,O:1",0.00586271437916621,0.0026555980000000003,pim|prefill|-1|9c4e6c099d863efd94751a80c7e404c5,-1,sample_step,0.00586271437916621,0.0026555980000000003,-0.00320711637916621,0.45296390515576795,-0.00320711637916621,0.45296390515576795
attn_on_pim_prefill-128xdecode_262_ops_trace.csv,prefill,-1,-1,16,GPU0,npu,12,"LN:-1,Add:-1,LN:-1,FFN_W1:0,FFN_W3:0,FFN_W1:1,FFN_W3:1,SwiGLU:0,SwiGLU:1,FFN_W2:0,FFN_W2:1,Add:-1",0.01129748274783604,0.0004207615852355957,npu|prefill|-1|2ef4409498d14c672a4fbbfe6786cce6,-1,sample_step,0.01129748274783604,0.0004207615852355957,-0.010876721162600444,0.0372438351646246,-0.010876721162600444,0.0372438351646246
attn_on_pim_prefill-128xdecode_262_ops_trace.csv,prefill,-1,-1,16,PIM0,pim,7,"Q:0,K:0,V:0,QK:0,Softmax:0,SV:0,O:0",0.00586271437916621,0.0026555980000000003,pim|prefill|-1|61397802f1888ea563dd9b1ea38edd23,-1,sample_step,0.00586271437916621,0.0026555980000000003,-0.00320711637916621,0.45296390515576795,-0.00320711637916621,0.45296390515576795
attn_on_pim_prefill-128xdecode_262_ops_trace.csv,prefill,-1,-1,16,PIM1,pim,7,"Q:1,K:1,V:1,QK:1,Softmax:1,SV:1,O:1",0.00586271437916621,0.0026555980000000003,pim|prefill|-1|9c4e6c099d863efd94751a80c7e404c5,-1,sample_step,0.00586271437916621,0.0026555980000000003,-0.00320711637916621,0.45296390515576795,-0.00320711637916621,0.45296390515576795
attn_on_pim_prefill-128xdecode_262_ops_trace.csv,prefill,-1,-1,17,GPU0,npu,12,"LN:-1,Add:-1,LN:-1,FFN_W1:0,FFN_W3:0,FFN_W1:1,FFN_W3:1,SwiGLU:0,SwiGLU:1,FFN_W2:0,FFN_W2:1,Add:-1",0.01129748274783604,0.0004207615852355957,npu|prefill|-1|2ef4409498d14c672a4fbbfe6786cce6,-1,sample_step,0.01129748274783604,0.0004207615852355957,-0.010876721162600444,0.0372438351646246,-0.010876721162600444,0.0372438351646246
attn_on_pim_prefill-128xdecode_262_ops_trace.csv,prefill,-1,-1,17,PIM0,pim,7,"Q:0,K:0,V:0,QK:0,Softmax:0,SV:0,O:0",0.00586271437916621,0.0026555980000000003,pim|prefill|-1|61397802f1888ea563dd9b1ea38edd23,-1,sample_step,0.00586271437916621,0.0026555980000000003,-0.00320711637916621,0.45296390515576795,-0.00320711637916621,0.45296390515576795
attn_on_pim_prefill-128xdecode_262_ops_trace.csv,prefill,-1,-1,17,PIM1,pim,7,"Q:1,K:1,V:1,QK:1,Softmax:1,SV:1,O:1",0.00586271437916621,0.0026555980000000003,pim|prefill|-1|9c4e6c099d863efd94751a80c7e404c5,-1,sample_step,0.00586271437916621,0.0026555980000000003,-0.00320711637916621,0.45296390515576795,-0.00320711637916621,0.45296390515576795
attn_on_pim_prefill-128xdecode_262_ops_trace.csv,prefill,-1,-1,18,GPU0,npu,12,"LN:-1,Add:-1,LN:-1,FFN_W1:0,FFN_W3:0,FFN_W1:1,FFN_W3:1,SwiGLU:0,SwiGLU:1,FFN_W2:0,FFN_W2:1,Add:-1",0.01129748274783604,0.0004207615852355957,npu|prefill|-1|2ef4409498d14c672a4fbbfe6786cce6,-1,sample_step,0.01129748274783604,0.0004207615852355957,-0.010876721162600444,0.0372438351646246,-0.010876721162600444,0.0372438351646246
attn_on_pim_prefill-128xdecode_262_ops_trace.csv,prefill,-1,-1,18,PIM0,pim,7,"Q:0,K:0,V:0,QK:0,Softmax:0,SV:0,O:0",0.00586271437916621,0.0026555980000000003,pim|prefill|-1|61397802f1888ea563dd9b1ea38edd23,-1,sample_step,0.00586271437916621,0.0026555980000000003,-0.00320711637916621,0.45296390515576795,-0.00320711637916621,0.45296390515576795
attn_on_pim_prefill-128xdecode_262_ops_trace.csv,prefill,-1,-1,18,PIM1,pim,7,"Q:1,K:1,V:1,QK:1,Softmax:1,SV:1,O:1",0.00586271437916621,0.0026555980000000003,pim|prefill|-1|9c4e6c099d863efd94751a80c7e404c5,-1,sample_step,0.00586271437916621,0.0026555980000000003,-0.00320711637916621,0.45296390515576795,-0.00320711637916621,0.45296390515576795
attn_on_pim_prefill-128xdecode_262_ops_trace.csv,prefill,-1,-1,19,GPU0,npu,12,"LN:-1,Add:-1,LN:-1,FFN_W1:0,FFN_W3:0,FFN_W1:1,FFN_W3:1,SwiGLU:0,SwiGLU:1,FFN_W2:0,FFN_W2:1,Add:-1",0.01129748274783604,0.0004207615852355957,npu|prefill|-1|2ef4409498d14c672a4fbbfe6786cce6,-1,sample_step,0.01129748274783604,0.0004207615852355957,-0.010876721162600444,0.0372438351646246,-0.010876721162600444,0.0372438351646246
attn_on_pim_prefill-128xdecode_262_ops_trace.csv,prefill,-1,-1,19,PIM0,pim,7,"Q:0,K:0,V:0,QK:0,Softmax:0,SV:0,O:0",0.00586271437916621,0.0026555980000000003,pim|prefill|-1|61397802f1888ea563dd9b1ea38edd23,-1,sample_step,0.00586271437916621,0.0026555980000000003,-0.00320711637916621,0.45296390515576795,-0.00320711637916621,0.45296390515576795
attn_on_pim_prefill-128xdecode_262_ops_trace.csv,prefill,-1,-1,19,PIM1,pim,7,"Q:1,K:1,V:1,QK:1,Softmax:1,SV:1,O:1",0.00586271437916621,0.0026555980000000003,pim|prefill|-1|9c4e6c099d863efd94751a80c7e404c5,-1,sample_step,0.00586271437916621,0.0026555980000000003,-0.00320711637916621,0.45296390515576795,-0.00320711637916621,0.45296390515576795
attn_on_pim_prefill-128xdecode_262_ops_trace.csv,prefill,-1,-1,20,GPU0,npu,12,"LN:-1,Add:-1,LN:-1,FFN_W1:0,FFN_W3:0,FFN_W1:1,FFN_W3:1,SwiGLU:0,SwiGLU:1,FFN_W2:0,FFN_W2:1,Add:-1",0.01129748274783604,0.0004207615852355957,npu|prefill|-1|2ef4409498d14c672a4fbbfe6786cce6,-1,sample_step,0.01129748274783604,0.0004207615852355957,-0.010876721162600444,0.0372438351646246,-0.010876721162600444,0.0372438351646246
attn_on_pim_prefill-128xdecode_262_ops_trace.csv,prefill,-1,-1,20,PIM0,pim,7,"Q:0,K:0,V:0,QK:0,Softmax:0,SV:0,O:0",0.00586271437916621,0.0026555980000000003,pim|prefill|-1|61397802f1888ea563dd9b1ea38edd23,-1,sample_step,0.00586271437916621,0.0026555980000000003,-0.00320711637916621,0.45296390515576795,-0.00320711637916621,0.45296390515576795
attn_on_pim_prefill-128xdecode_262_ops_trace.csv,prefill,-1,-1,20,PIM1,pim,7,"Q:1,K:1,V:1,QK:1,Softmax:1,SV:1,O:1",0.00586271437916621,0.0026555980000000003,pim|prefill|-1|9c4e6c099d863efd94751a80c7e404c5,-1,sample_step,0.00586271437916621,0.0026555980000000003,-0.00320711637916621,0.45296390515576795,-0.00320711637916621,0.45296390515576795
attn_on_pim_prefill-128xdecode_262_ops_trace.csv,prefill,-1,-1,21,GPU0,npu,12,"LN:-1,Add:-1,LN:-1,FFN_W1:0,FFN_W3:0,FFN_W1:1,FFN_W3:1,SwiGLU:0,SwiGLU:1,FFN_W2:0,FFN_W2:1,Add:-1",0.01129748274783604,0.0004207615852355957,npu|prefill|-1|2ef4409498d14c672a4fbbfe6786cce6,-1,sample_step,0.01129748274783604,0.0004207615852355957,-0.010876721162600444,0.0372438351646246,-0.010876721162600444,0.0372438351646246
attn_on_pim_prefill-128xdecode_262_ops_trace.csv,prefill,-1,-1,21,PIM0,pim,7,"Q:0,K:0,V:0,QK:0,Softmax:0,SV:0,O:0",0.00586271437916621,0.0026555980000000003,pim|prefill|-1|61397802f1888ea563dd9b1ea38edd23,-1,sample_step,0.00586271437916621,0.0026555980000000003,-0.00320711637916621,0.45296390515576795,-0.00320711637916621,0.45296390515576795
attn_on_pim_prefill-128xdecode_262_ops_trace.csv,prefill,-1,-1,21,PIM1,pim,7,"Q:1,K:1,V:1,QK:1,Softmax:1,SV:1,O:1",0.00586271437916621,0.0026555980000000003,pim|prefill|-1|9c4e6c099d863efd94751a80c7e404c5,-1,sample_step,0.00586271437916621,0.0026555980000000003,-0.00320711637916621,0.45296390515576795,-0.00320711637916621,0.45296390515576795
attn_on_pim_prefill-128xdecode_262_ops_trace.csv,prefill,-1,-1,22,GPU0,npu,12,"LN:-1,Add:-1,LN:-1,FFN_W1:0,FFN_W3:0,FFN_W1:1,FFN_W3:1,SwiGLU:0,SwiGLU:1,FFN_W2:0,FFN_W2:1,Add:-1",0.01129748274783604,0.0004207615852355957,npu|prefill|-1|2ef4409498d14c672a4fbbfe6786cce6,-1,sample_step,0.01129748274783604,0.0004207615852355957,-0.010876721162600444,0.0372438351646246,-0.010876721162600444,0.0372438351646246
attn_on_pim_prefill-128xdecode_262_ops_trace.csv,prefill,-1,-1,22,PIM0,pim,7,"Q:0,K:0,V:0,QK:0,Softmax:0,SV:0,O:0",0.00586271437916621,0.0026555980000000003,pim|prefill|-1|61397802f1888ea563dd9b1ea38edd23,-1,sample_step,0.00586271437916621,0.0026555980000000003,-0.00320711637916621,0.45296390515576795,-0.00320711637916621,0.45296390515576795
attn_on_pim_prefill-128xdecode_262_ops_trace.csv,prefill,-1,-1,22,PIM1,pim,7,"Q:1,K:1,V:1,QK:1,Softmax:1,SV:1,O:1",0.00586271437916621,0.0026555980000000003,pim|prefill|-1|9c4e6c099d863efd94751a80c7e404c5,-1,sample_step,0.00586271437916621,0.0026555980000000003,-0.00320711637916621,0.45296390515576795,-0.00320711637916621,0.45296390515576795
attn_on_pim_prefill-128xdecode_262_ops_trace.csv,prefill,-1,-1,23,GPU0,npu,12,"LN:-1,Add:-1,LN:-1,FFN_W1:0,FFN_W3:0,FFN_W1:1,FFN_W3:1,SwiGLU:0,SwiGLU:1,FFN_W2:0,FFN_W2:1,Add:-1",0.01129748274783604,0.0004207615852355957,npu|prefill|-1|2ef4409498d14c672a4fbbfe6786cce6,-1,sample_step,0.01129748274783604,0.0004207615852355957,-0.010876721162600444,0.0372438351646246,-0.010876721162600444,0.0372438351646246
attn_on_pim_prefill-128xdecode_262_ops_trace.csv,prefill,-1,-1,23,PIM0,pim,7,"Q:0,K:0,V:0,QK:0,Softmax:0,SV:0,O:0",0.00586271437916621,0.0026555980000000003,pim|prefill|-1|61397802f1888ea563dd9b1ea38edd23,-1,sample_step,0.00586271437916621,0.0026555980000000003,-0.00320711637916621,0.45296390515576795,-0.00320711637916621,0.45296390515576795
attn_on_pim_prefill-128xdecode_262_ops_trace.csv,prefill,-1,-1,23,PIM1,pim,7,"Q:1,K:1,V:1,QK:1,Softmax:1,SV:1,O:1",0.00586271437916621,0.0026555980000000003,pim|prefill|-1|9c4e6c099d863efd94751a80c7e404c5,-1,sample_step,0.00586271437916621,0.0026555980000000003,-0.00320711637916621,0.45296390515576795,-0.00320711637916621,0.45296390515576795
attn_on_pim_prefill-128xdecode_262_ops_trace.csv,prefill,-1,-1,24,GPU0,npu,12,"LN:-1,Add:-1,LN:-1,FFN_W1:0,FFN_W3:0,FFN_W1:1,FFN_W3:1,SwiGLU:0,SwiGLU:1,FFN_W2:0,FFN_W2:1,Add:-1",0.01129748274783604,0.0004207615852355957,npu|prefill|-1|2ef4409498d14c672a4fbbfe6786cce6,-1,sample_step,0.01129748274783604,0.0004207615852355957,-0.010876721162600444,0.0372438351646246,-0.010876721162600444,0.0372438351646246
attn_on_pim_prefill-128xdecode_262_ops_trace.csv,prefill,-1,-1,24,PIM0,pim,7,"Q:0,K:0,V:0,QK:0,Softmax:0,SV:0,O:0",0.00586271437916621,0.0026555980000000003,pim|prefill|-1|61397802f1888ea563dd9b1ea38edd23,-1,sample_step,0.00586271437916621,0.0026555980000000003,-0.00320711637916621,0.45296390515576795,-0.00320711637916621,0.45296390515576795
attn_on_pim_prefill-128xdecode_262_ops_trace.csv,prefill,-1,-1,24,PIM1,pim,7,"Q:1,K:1,V:1,QK:1,Softmax:1,SV:1,O:1",0.00586271437916621,0.0026555980000000003,pim|prefill|-1|9c4e6c099d863efd94751a80c7e404c5,-1,sample_step,0.00586271437916621,0.0026555980000000003,-0.00320711637916621,0.45296390515576795,-0.00320711637916621,0.45296390515576795
attn_on_pim_prefill-128xdecode_262_ops_trace.csv,prefill,-1,-1,25,GPU0,npu,12,"LN:-1,Add:-1,LN:-1,FFN_W1:0,FFN_W3:0,FFN_W1:1,FFN_W3:1,SwiGLU:0,SwiGLU:1,FFN_W2:0,FFN_W2:1,Add:-1",0.01129748274783604,0.0004207615852355957,npu|prefill|-1|2ef4409498d14c672a4fbbfe6786cce6,-1,sample_step,0.01129748274783604,0.0004207615852355957,-0.010876721162600444,0.0372438351646246,-0.010876721162600444,0.0372438351646246
attn_on_pim_prefill-128xdecode_262_ops_trace.csv,prefill,-1,-1,25,PIM0,pim,7,"Q:0,K:0,V:0,QK:0,Softmax:0,SV:0,O:0",0.00586271437916621,0.0026555980000000003,pim|prefill|-1|61397802f1888ea563dd9b1ea38edd23,-1,sample_step,0.00586271437916621,0.0026555980000000003,-0.00320711637916621,0.45296390515576795,-0.00320711637916621,0.45296390515576795
attn_on_pim_prefill-128xdecode_262_ops_trace.csv,prefill,-1,-1,25,PIM1,pim,7,"Q:1,K:1,V:1,QK:1,Softmax:1,SV:1,O:1",0.00586271437916621,0.0026555980000000003,pim|prefill|-1|9c4e6c099d863efd94751a80c7e404c5,-1,sample_step,0.00586271437916621,0.0026555980000000003,-0.00320711637916621,0.45296390515576795,-0.00320711637916621,0.45296390515576795
attn_on_pim_prefill-128xdecode_262_ops_trace.csv,prefill,-1,-1,26,GPU0,npu,12,"LN:-1,Add:-1,LN:-1,FFN_W1:0,FFN_W3:0,FFN_W1:1,FFN_W3:1,SwiGLU:0,SwiGLU:1,FFN_W2:0,FFN_W2:1,Add:-1",0.01129748274783604,0.0004207615852355957,npu|prefill|-1|2ef4409498d14c672a4fbbfe6786cce6,-1,sample_step,0.01129748274783604,0.0004207615852355957,-0.010876721162600444,0.0372438351646246,-0.010876721162600444,0.0372438351646246
attn_on_pim_prefill-128xdecode_262_ops_trace.csv,prefill,-1,-1,26,PIM0,pim,7,"Q:0,K:0,V:0,QK:0,Softmax:0,SV:0,O:0",0.00586271437916621,0.0026555980000000003,pim|prefill|-1|61397802f1888ea563dd9b1ea38edd23,-1,sample_step,0.00586271437916621,0.0026555980000000003,-0.00320711637916621,0.45296390515576795,-0.00320711637916621,0.45296390515576795
attn_on_pim_prefill-128xdecode_262_ops_trace.csv,prefill,-1,-1,26,PIM1,pim,7,"Q:1,K:1,V:1,QK:1,Softmax:1,SV:1,O:1",0.00586271437916621,0.0026555980000000003,pim|prefill|-1|9c4e6c099d863efd94751a80c7e404c5,-1,sample_step,0.00586271437916621,0.0026555980000000003,-0.00320711637916621,0.45296390515576795,-0.00320711637916621,0.45296390515576795
attn_on_pim_prefill-128xdecode_262_ops_trace.csv,prefill,-1,-1,27,GPU0,npu,12,"LN:-1,Add:-1,LN:-1,FFN_W1:0,FFN_W3:0,FFN_W1:1,FFN_W3:1,SwiGLU:0,SwiGLU:1,FFN_W2:0,FFN_W2:1,Add:-1",0.01129748274783604,0.0004207615852355957,npu|prefill|-1|2ef4409498d14c672a4fbbfe6786cce6,-1,sample_step,0.01129748274783604,0.0004207615852355957,-0.010876721162600444,0.0372438351646246,-0.010876721162600444,0.0372438351646246
attn_on_pim_prefill-128xdecode_262_ops_trace.csv,prefill,-1,-1,27,PIM0,pim,7,"Q:0,K:0,V:0,QK:0,Softmax:0,SV:0,O:0",0.00586271437916621,0.0026555980000000003,pim|prefill|-1|61397802f1888ea563dd9b1ea38edd23,-1,sample_step,0.00586271437916621,0.0026555980000000003,-0.00320711637916621,0.45296390515576795,-0.00320711637916621,0.45296390515576795
attn_on_pim_prefill-128xdecode_262_ops_trace.csv,prefill,-1,-1,27,PIM1,pim,7,"Q:1,K:1,V:1,QK:1,Softmax:1,SV:1,O:1",0.00586271437916621,0.0026555980000000003,pim|prefill|-1|9c4e6c099d863efd94751a80c7e404c5,-1,sample_step,0.00586271437916621,0.0026555980000000003,-0.00320711637916621,0.45296390515576795,-0.00320711637916621,0.45296390515576795
attn_on_pim_prefill-128xdecode_262_ops_trace.csv,prefill,-1,-1,28,GPU0,npu,12,"LN:-1,Add:-1,LN:-1,FFN_W1:0,FFN_W3:0,FFN_W1:1,FFN_W3:1,SwiGLU:0,SwiGLU:1,FFN_W2:0,FFN_W2:1,Add:-1",0.011297482747835942,0.0004207615852355957,npu|prefill|-1|2ef4409498d14c672a4fbbfe6786cce6,-1,sample_step,0.011297482747835942,0.0004207615852355957,-0.010876721162600345,0.03724383516462493,-0.010876721162600345,0.03724383516462493
attn_on_pim_prefill-128xdecode_262_ops_trace.csv,prefill,-1,-1,28,PIM0,pim,7,"Q:0,K:0,V:0,QK:0,Softmax:0,SV:0,O:0",0.00586271437916621,0.0026555980000000003,pim|prefill|-1|61397802f1888ea563dd9b1ea38edd23,-1,sample_step,0.00586271437916621,0.0026555980000000003,-0.00320711637916621,0.45296390515576795,-0.00320711637916621,0.45296390515576795
attn_on_pim_prefill-128xdecode_262_ops_trace.csv,prefill,-1,-1,28,PIM1,pim,7,"Q:1,K:1,V:1,QK:1,Softmax:1,SV:1,O:1",0.00586271437916621,0.0026555980000000003,pim|prefill|-1|9c4e6c099d863efd94751a80c7e404c5,-1,sample_step,0.00586271437916621,0.0026555980000000003,-0.00320711637916621,0.45296390515576795,-0.00320711637916621,0.45296390515576795
attn_on_pim_prefill-128xdecode_262_ops_trace.csv,prefill,-1,-1,29,GPU0,npu,12,"LN:-1,Add:-1,LN:-1,FFN_W1:0,FFN_W3:0,FFN_W1:1,FFN_W3:1,SwiGLU:0,SwiGLU:1,FFN_W2:0,FFN_W2:1,Add:-1",0.01129748274783593,0.0004207615852355957,npu|prefill|-1|2ef4409498d14c672a4fbbfe6786cce6,-1,sample_step,0.01129748274783593,0.0004207615852355957,-0.010876721162600333,0.03724383516462496,-0.010876721162600333,0.03724383516462496
attn_on_pim_prefill-128xdecode_262_ops_trace.csv,prefill,-1,-1,29,PIM0,pim,7,"Q:0,K:0,V:0,QK:0,Softmax:0,SV:0,O:0",0.00586271437916621,0.0026555980000000003,pim|prefill|-1|61397802f1888ea563dd9b1ea38edd23,-1,sample_step,0.00586271437916621,0.0026555980000000003,-0.00320711637916621,0.45296390515576795,-0.00320711637916621,0.45296390515576795
attn_on_pim_prefill-128xdecode_262_ops_trace.csv,prefill,-1,-1,29,PIM1,pim,7,"Q:1,K:1,V:1,QK:1,Softmax:1,SV:1,O:1",0.00586271437916621,0.0026555980000000003,pim|prefill|-1|9c4e6c099d863efd94751a80c7e404c5,-1,sample_step,0.00586271437916621,0.0026555980000000003,-0.00320711637916621,0.45296390515576795,-0.00320711637916621,0.45296390515576795
attn_on_pim_prefill-128xdecode_262_ops_trace.csv,prefill,-1,-1,30,GPU0,npu,12,"LN:-1,Add:-1,LN:-1,FFN_W1:0,FFN_W3:0,FFN_W1:1,FFN_W3:1,SwiGLU:0,SwiGLU:1,FFN_W2:0,FFN_W2:1,Add:-1",0.01129748274783593,0.0004207615852355957,npu|prefill|-1|2ef4409498d14c672a4fbbfe6786cce6,-1,sample_step,0.01129748274783593,0.0004207615852355957,-0.010876721162600333,0.03724383516462496,-0.010876721162600333,0.03724383516462496
attn_on_pim_prefill-128xdecode_262_ops_trace.csv,prefill,-1,-1,30,PIM0,pim,7,"Q:0,K:0,V:0,QK:0,Softmax:0,SV:0,O:0",0.00586271437916621,0.0026555980000000003,pim|prefill|-1|61397802f1888ea563dd9b1ea38edd23,-1,sample_step,0.00586271437916621,0.0026555980000000003,-0.00320711637916621,0.45296390515576795,-0.00320711637916621,0.45296390515576795
attn_on_pim_prefill-128xdecode_262_ops_trace.csv,prefill,-1,-1,30,PIM1,pim,7,"Q:1,K:1,V:1,QK:1,Softmax:1,SV:1,O:1",0.00586271437916621,0.0026555980000000003,pim|prefill|-1|9c4e6c099d863efd94751a80c7e404c5,-1,sample_step,0.00586271437916621,0.0026555980000000003,-0.00320711637916621,0.45296390515576795,-0.00320711637916621,0.45296390515576795
attn_on_pim_prefill-128xdecode_262_ops_trace.csv,prefill,-1,-1,31,GPU0,npu,12,"LN:-1,Add:-1,LN:-1,FFN_W1:0,FFN_W3:0,FFN_W1:1,FFN_W3:1,SwiGLU:0,SwiGLU:1,FFN_W2:0,FFN_W2:1,Add:-1",0.01129748274783593,0.0004207615852355957,npu|prefill|-1|2ef4409498d14c672a4fbbfe6786cce6,-1,sample_step,0.01129748274783593,0.0004207615852355957,-0.010876721162600333,0.03724383516462496,-0.010876721162600333,0.03724383516462496
attn_on_pim_prefill-128xdecode_262_ops_trace.csv,prefill,-1,-1,31,PIM0,pim,7,"Q:0,K:0,V:0,QK:0,Softmax:0,SV:0,O:0",0.00586271437916621,0.0026555980000000003,pim|prefill|-1|61397802f1888ea563dd9b1ea38edd23,-1,sample_step,0.00586271437916621,0.0026555980000000003,-0.00320711637916621,0.45296390515576795,-0.00320711637916621,0.45296390515576795
attn_on_pim_prefill-128xdecode_262_ops_trace.csv,prefill,-1,-1,31,PIM1,pim,7,"Q:1,K:1,V:1,QK:1,Softmax:1,SV:1,O:1",0.00586271437916621,0.0026555980000000003,pim|prefill|-1|9c4e6c099d863efd94751a80c7e404c5,-1,sample_step,0.00586271437916621,0.0026555980000000003,-0.00320711637916621,0.45296390515576795,-0.00320711637916621,0.45296390515576795
attn_on_pim_prefill-128xdecode_262_ops_trace.csv,decode,0,0,0,GPU0,npu,12,"LN:-1,Add:-1,LN:-1,FFN_W1:0,FFN_W3:0,FFN_W1:1,FFN_W3:1,SwiGLU:0,SwiGLU:1,FFN_W2:0,FFN_W2:1,Add:-1",0.00032135900410334983,0.000376524806022644,npu|decode|0|2ef4409498d14c672a4fbbfe6786cce6,0,sample_step,0.00032135900410334983,0.000376524806022644,5.5165801919294184e-05,1.1716640928522193,5.5165801919294184e-05,1.1716640928522193
attn_on_pim_prefill-128xdecode_262_ops_trace.csv,decode,0,0,0,PIM0,pim,7,"Q:0,K:0,V:0,QK:0,Softmax:0,SV:0,O:0",2.4871697265727022e-05,2.1127e-05,pim|decode|0|61397802f1888ea563dd9b1ea38edd23,0,sample_step,2.4871697265727022e-05,2.1127e-05,-3.7446972657270224e-06,0.8494394159868139,-3.7446972657270224e-06,0.8494394159868139
attn_on_pim_prefill-128xdecode_262_ops_trace.csv,decode,0,0,0,PIM1,pim,7,"Q:1,K:1,V:1,QK:1,Softmax:1,SV:1,O:1",2.4871697265727022e-05,2.1127e-05,pim|decode|0|9c4e6c099d863efd94751a80c7e404c5,0,sample_step,2.4871697265727022e-05,2.1127e-05,-3.7446972657270224e-06,0.8494394159868139,-3.7446972657270224e-06,0.8494394159868139
attn_on_pim_prefill-128xdecode_262_ops_trace.csv,decode,0,0,1,GPU0,npu,12,"LN:-1,Add:-1,LN:-1,FFN_W1:0,FFN_W3:0,FFN_W1:1,FFN_W3:1,SwiGLU:0,SwiGLU:1,FFN_W2:0,FFN_W2:1,Add:-1",0.00032135900410334983,0.000376524806022644,npu|decode|0|2ef4409498d14c672a4fbbfe6786cce6,0,sample_step,0.00032135900410334983,0.000376524806022644,5.5165801919294184e-05,1.1716640928522193,5.5165801919294184e-05,1.1716640928522193
attn_on_pim_prefill-128xdecode_262_ops_trace.csv,decode,0,0,1,PIM0,pim,7,"Q:0,K:0,V:0,QK:0,Softmax:0,SV:0,O:0",2.4871697265727022e-05,2.1127e-05,pim|decode|0|61397802f1888ea563dd9b1ea38edd23,0,sample_step,2.4871697265727022e-05,2.1127e-05,-3.7446972657270224e-06,0.8494394159868139,-3.7446972657270224e-06,0.8494394159868139
attn_on_pim_prefill-128xdecode_262_ops_trace.csv,decode,0,0,1,PIM1,pim,7,"Q:1,K:1,V:1,QK:1,Softmax:1,SV:1,O:1",2.4871697265727022e-05,2.1127e-05,pim|decode|0|9c4e6c099d863efd94751a80c7e404c5,0,sample_step,2.4871697265727022e-05,2.1127e-05,-3.7446972657270224e-06,0.8494394159868139,-3.7446972657270224e-06,0.8494394159868139
attn_on_pim_prefill-128xdecode_262_ops_trace.csv,decode,0,0,2,GPU0,npu,12,"LN:-1,Add:-1,LN:-1,FFN_W1:0,FFN_W3:0,FFN_W1:1,FFN_W3:1,SwiGLU:0,SwiGLU:1,FFN_W2:0,FFN_W2:1,Add:-1",0.00032135900410334983,0.000376524806022644,npu|decode|0|2ef4409498d14c672a4fbbfe6786cce6,0,sample_step,0.00032135900410334983,0.000376524806022644,5.5165801919294184e-05,1.1716640928522193,5.5165801919294184e-05,1.1716640928522193
attn_on_pim_prefill-128xdecode_262_ops_trace.csv,decode,0,0,2,PIM0,pim,7,"Q:0,K:0,V:0,QK:0,Softmax:0,SV:0,O:0",2.4871697265727022e-05,2.1127e-05,pim|decode|0|61397802f1888ea563dd9b1ea38edd23,0,sample_step,2.4871697265727022e-05,2.1127e-05,-3.7446972657270224e-06,0.8494394159868139,-3.7446972657270224e-06,0.8494394159868139
attn_on_pim_prefill-128xdecode_262_ops_trace.csv,decode,0,0,2,PIM1,pim,7,"Q:1,K:1,V:1,QK:1,Softmax:1,SV:1,O:1",2.4871697265727022e-05,2.1127e-05,pim|decode|0|9c4e6c099d863efd94751a80c7e404c5,0,sample_step,2.4871697265727022e-05,2.1127e-05,-3.7446972657270224e-06,0.8494394159868139,-3.7446972657270224e-06,0.8494394159868139
attn_on_pim_prefill-128xdecode_262_ops_trace.csv,decode,0,0,3,GPU0,npu,12,"LN:-1,Add:-1,LN:-1,FFN_W1:0,FFN_W3:0,FFN_W1:1,FFN_W3:1,SwiGLU:0,SwiGLU:1,FFN_W2:0,FFN_W2:1,Add:-1",0.00032135900410334983,0.000376524806022644,npu|decode|0|2ef4409498d14c672a4fbbfe6786cce6,0,sample_step,0.00032135900410334983,0.000376524806022644,5.5165801919294184e-05,1.1716640928522193,5.5165801919294184e-05,1.1716640928522193
attn_on_pim_prefill-128xdecode_262_ops_trace.csv,decode,0,0,3,PIM0,pim,7,"Q:0,K:0,V:0,QK:0,Softmax:0,SV:0,O:0",2.4871697265727022e-05,2.1127e-05,pim|decode|0|61397802f1888ea563dd9b1ea38edd23,0,sample_step,2.4871697265727022e-05,2.1127e-05,-3.7446972657270224e-06,0.8494394159868139,-3.7446972657270224e-06,0.8494394159868139
attn_on_pim_prefill-128xdecode_262_ops_trace.csv,decode,0,0,3,PIM1,pim,7,"Q:1,K:1,V:1,QK:1,Softmax:1,SV:1,O:1",2.4871697265727022e-05,2.1127e-05,pim|decode|0|9c4e6c099d863efd94751a80c7e404c5,0,sample_step,2.4871697265727022e-05,2.1127e-05,-3.7446972657270224e-06,0.8494394159868139,-3.7446972657270224e-06,0.8494394159868139
attn_on_pim_prefill-128xdecode_262_ops_trace.csv,decode,0,0,4,GPU0,npu,12,"LN:-1,Add:-1,LN:-1,FFN_W1:0,FFN_W3:0,FFN_W1:1,FFN_W3:1,SwiGLU:0,SwiGLU:1,FFN_W2:0,FFN_W2:1,Add:-1",0.00032135900410334983,0.000376524806022644,npu|decode|0|2ef4409498d14c672a4fbbfe6786cce6,0,sample_step,0.00032135900410334983,0.000376524806022644,5.5165801919294184e-05,1.1716640928522193,5.5165801919294184e-05,1.1716640928522193
attn_on_pim_prefill-128xdecode_262_ops_trace.csv,decode,0,0,4,PIM0,pim,7,"Q:0,K:0,V:0,QK:0,Softmax:0,SV:0,O:0",2.4871697265727022e-05,2.1127e-05,pim|decode|0|61397802f1888ea563dd9b1ea38edd23,0,sample_step,2.4871697265727022e-05,2.1127e-05,-3.7446972657270224e-06,0.8494394159868139,-3.7446972657270224e-06,0.8494394159868139
attn_on_pim_prefill-128xdecode_262_ops_trace.csv,decode,0,0,4,PIM1,pim,7,"Q:1,K:1,V:1,QK:1,Softmax:1,SV:1,O:1",2.4871697265727022e-05,2.1127e-05,pim|decode|0|9c4e6c099d863efd94751a80c7e404c5,0,sample_step,2.4871697265727022e-05,2.1127e-05,-3.7446972657270224e-06,0.8494394159868139,-3.7446972657270224e-06,0.8494394159868139
attn_on_pim_prefill-128xdecode_262_ops_trace.csv,decode,0,0,5,GPU0,npu,12,"LN:-1,Add:-1,LN:-1,FFN_W1:0,FFN_W3:0,FFN_W1:1,FFN_W3:1,SwiGLU:0,SwiGLU:1,FFN_W2:0,FFN_W2:1,Add:-1",0.00032135900410334983,0.000376524806022644,npu|decode|0|2ef4409498d14c672a4fbbfe6786cce6,0,sample_step,0.00032135900410334983,0.000376524806022644,5.5165801919294184e-05,1.1716640928522193,5.5165801919294184e-05,1.1716640928522193
attn_on_pim_prefill-128xdecode_262_ops_trace.csv,decode,0,0,5,PIM0,pim,7,"Q:0,K:0,V:0,QK:0,Softmax:0,SV:0,O:0",2.4871697265727022e-05,2.1127e-05,pim|decode|0|61397802f1888ea563dd9b1ea38edd23,0,sample_step,2.4871697265727022e-05,2.1127e-05,-3.7446972657270224e-06,0.8494394159868139,-3.7446972657270224e-06,0.8494394159868139
attn_on_pim_prefill-128xdecode_262_ops_trace.csv,decode,0,0,5,PIM1,pim,7,"Q:1,K:1,V:1,QK:1,Softmax:1,SV:1,O:1",2.4871697265727022e-05,2.1127e-05,pim|decode|0|9c4e6c099d863efd94751a80c7e404c5,0,sample_step,2.4871697265727022e-05,2.1127e-05,-3.7446972657270224e-06,0.8494394159868139,-3.7446972657270224e-06,0.8494394159868139
attn_on_pim_prefill-128xdecode_262_ops_trace.csv,decode,0,0,6,GPU0,npu,12,"LN:-1,Add:-1,LN:-1,FFN_W1:0,FFN_W3:0,FFN_W1:1,FFN_W3:1,SwiGLU:0,SwiGLU:1,FFN_W2:0,FFN_W2:1,Add:-1",0.00032135900410334983,0.000376524806022644,npu|decode|0|2ef4409498d14c672a4fbbfe6786cce6,0,sample_step,0.00032135900410334983,0.000376524806022644,5.5165801919294184e-05,1.1716640928522193,5.5165801919294184e-05,1.1716640928522193
attn_on_pim_prefill-128xdecode_262_ops_trace.csv,decode,0,0,6,PIM0,pim,7,"Q:0,K:0,V:0,QK:0,Softmax:0,SV:0,O:0",2.4871697265727022e-05,2.1127e-05,pim|decode|0|61397802f1888ea563dd9b1ea38edd23,0,sample_step,2.4871697265727022e-05,2.1127e-05,-3.7446972657270224e-06,0.8494394159868139,-3.7446972657270224e-06,0.8494394159868139
attn_on_pim_prefill-128xdecode_262_ops_trace.csv,decode,0,0,6,PIM1,pim,7,"Q:1,K:1,V:1,QK:1,Softmax:1,SV:1,O:1",2.4871697265727022e-05,2.1127e-05,pim|decode|0|9c4e6c099d863efd94751a80c7e404c5,0,sample_step,2.4871697265727022e-05,2.1127e-05,-3.7446972657270224e-06,0.8494394159868139,-3.7446972657270224e-06,0.8494394159868139
attn_on_pim_prefill-128xdecode_262_ops_trace.csv,decode,0,0,7,GPU0,npu,12,"LN:-1,Add:-1,LN:-1,FFN_W1:0,FFN_W3:0,FFN_W1:1,FFN_W3:1,SwiGLU:0,SwiGLU:1,FFN_W2:0,FFN_W2:1,Add:-1",0.00032135900410334983,0.000376524806022644,npu|decode|0|2ef4409498d14c672a4fbbfe6786cce6,0,sample_step,0.00032135900410334983,0.000376524806022644,5.5165801919294184e-05,1.1716640928522193,5.5165801919294184e-05,1.1716640928522193
attn_on_pim_prefill-128xdecode_262_ops_trace.csv,decode,0,0,7,PIM0,pim,7,"Q:0,K:0,V:0,QK:0,Softmax:0,SV:0,O:0",2.4871697265727022e-05,2.1127e-05,pim|decode|0|61397802f1888ea563dd9b1ea38edd23,0,sample_step,2.4871697265727022e-05,2.1127e-05,-3.7446972657270224e-06,0.8494394159868139,-3.7446972657270224e-06,0.8494394159868139
attn_on_pim_prefill-128xdecode_262_ops_trace.csv,decode,0,0,7,PIM1,pim,7,"Q:1,K:1,V:1,QK:1,Softmax:1,SV:1,O:1",2.4871697265727022e-05,2.1127e-05,pim|decode|0|9c4e6c099d863efd94751a80c7e404c5,0,sample_step,2.4871697265727022e-05,2.1127e-05,-3.7446972657270224e-06,0.8494394159868139,-3.7446972657270224e-06,0.8494394159868139
attn_on_pim_prefill-128xdecode_262_ops_trace.csv,decode,0,0,8,GPU0,npu,12,"LN:-1,Add:-1,LN:-1,FFN_W1:0,FFN_W3:0,FFN_W1:1,FFN_W3:1,SwiGLU:0,SwiGLU:1,FFN_W2:0,FFN_W2:1,Add:-1",0.00032135900410334983,0.000376524806022644,npu|decode|0|2ef4409498d14c672a4fbbfe6786cce6,0,sample_step,0.00032135900410334983,0.000376524806022644,5.5165801919294184e-05,1.1716640928522193,5.5165801919294184e-05,1.1716640928522193
attn_on_pim_prefill-128xdecode_262_ops_trace.csv,decode,0,0,8,PIM0,pim,7,"Q:0,K:0,V:0,QK:0,Softmax:0,SV:0,O:0",2.4871697265727022e-05,2.1127e-05,pim|decode|0|61397802f1888ea563dd9b1ea38edd23,0,sample_step,2.4871697265727022e-05,2.1127e-05,-3.7446972657270224e-06,0.8494394159868139,-3.7446972657270224e-06,0.8494394159868139
attn_on_pim_prefill-128xdecode_262_ops_trace.csv,decode,0,0,8,PIM1,pim,7,"Q:1,K:1,V:1,QK:1,Softmax:1,SV:1,O:1",2.4871697265727022e-05,2.1127e-05,pim|decode|0|9c4e6c099d863efd94751a80c7e404c5,0,sample_step,2.4871697265727022e-05,2.1127e-05,-3.7446972657270224e-06,0.8494394159868139,-3.7446972657270224e-06,0.8494394159868139
attn_on_pim_prefill-128xdecode_262_ops_trace.csv,decode,0,0,9,GPU0,npu,12,"LN:-1,Add:-1,LN:-1,FFN_W1:0,FFN_W3:0,FFN_W1:1,FFN_W3:1,SwiGLU:0,SwiGLU:1,FFN_W2:0,FFN_W2:1,Add:-1",0.00032135900410334983,0.000376524806022644,npu|decode|0|2ef4409498d14c672a4fbbfe6786cce6,0,sample_step,0.00032135900410334983,0.000376524806022644,5.5165801919294184e-05,1.1716640928522193,5.5165801919294184e-05,1.1716640928522193
attn_on_pim_prefill-128xdecode_262_ops_trace.csv,decode,0,0,9,PIM0,pim,7,"Q:0,K:0,V:0,QK:0,Softmax:0,SV:0,O:0",2.4871697265727022e-05,2.1127e-05,pim|decode|0|61397802f1888ea563dd9b1ea38edd23,0,sample_step,2.4871697265727022e-05,2.1127e-05,-3.7446972657270224e-06,0.8494394159868139,-3.7446972657270224e-06,0.8494394159868139
attn_on_pim_prefill-128xdecode_262_ops_trace.csv,decode,0,0,9,PIM1,pim,7,"Q:1,K:1,V:1,QK:1,Softmax:1,SV:1,O:1",2.4871697265727022e-05,2.1127e-05,pim|decode|0|9c4e6c099d863efd94751a80c7e404c5,0,sample_step,2.4871697265727022e-05,2.1127e-05,-3.7446972657270224e-06,0.8494394159868139,-3.7446972657270224e-06,0.8494394159868139
attn_on_pim_prefill-128xdecode_262_ops_trace.csv,decode,0,0,10,GPU0,npu,12,"LN:-1,Add:-1,LN:-1,FFN_W1:0,FFN_W3:0,FFN_W1:1,FFN_W3:1,SwiGLU:0,SwiGLU:1,FFN_W2:0,FFN_W2:1,Add:-1",0.00032135900410334983,0.000376524806022644,npu|decode|0|2ef4409498d14c672a4fbbfe6786cce6,0,sample_step,0.00032135900410334983,0.000376524806022644,5.5165801919294184e-05,1.1716640928522193,5.5165801919294184e-05,1.1716640928522193
attn_on_pim_prefill-128xdecode_262_ops_trace.csv,decode,0,0,10,PIM0,pim,7,"Q:0,K:0,V:0,QK:0,Softmax:0,SV:0,O:0",2.4871697265727022e-05,2.1127e-05,pim|decode|0|61397802f1888ea563dd9b1ea38edd23,0,sample_step,2.4871697265727022e-05,2.1127e-05,-3.7446972657270224e-06,0.8494394159868139,-3.7446972657270224e-06,0.8494394159868139
attn_on_pim_prefill-128xdecode_262_ops_trace.csv,decode,0,0,10,PIM1,pim,7,"Q:1,K:1,V:1,QK:1,Softmax:1,SV:1,O:1",2.4871697265727022e-05,2.1127e-05,pim|decode|0|9c4e6c099d863efd94751a80c7e404c5,0,sample_step,2.4871697265727022e-05,2.1127e-05,-3.7446972657270224e-06,0.8494394159868139,-3.7446972657270224e-06,0.8494394159868139
attn_on_pim_prefill-128xdecode_262_ops_trace.csv,decode,0,0,11,GPU0,npu,12,"LN:-1,Add:-1,LN:-1,FFN_W1:0,FFN_W3:0,FFN_W1:1,FFN_W3:1,SwiGLU:0,SwiGLU:1,FFN_W2:0,FFN_W2:1,Add:-1",0.00032135900410334983,0.000376524806022644,npu|decode|0|2ef4409498d14c672a4fbbfe6786cce6,0,sample_step,0.00032135900410334983,0.000376524806022644,5.5165801919294184e-05,1.1716640928522193,5.5165801919294184e-05,1.1716640928522193
attn_on_pim_prefill-128xdecode_262_ops_trace.csv,decode,0,0,11,PIM0,pim,7,"Q:0,K:0,V:0,QK:0,Softmax:0,SV:0,O:0",2.4871697265727022e-05,2.1127e-05,pim|decode|0|61397802f1888ea563dd9b1ea38edd23,0,sample_step,2.4871697265727022e-05,2.1127e-05,-3.7446972657270224e-06,0.8494394159868139,-3.7446972657270224e-06,0.8494394159868139
attn_on_pim_prefill-128xdecode_262_ops_trace.csv,decode,0,0,11,PIM1,pim,7,"Q:1,K:1,V:1,QK:1,Softmax:1,SV:1,O:1",2.4871697265727022e-05,2.1127e-05,pim|decode|0|9c4e6c099d863efd94751a80c7e404c5,0,sample_step,2.4871697265727022e-05,2.1127e-05,-3.7446972657270224e-06,0.8494394159868139,-3.7446972657270224e-06,0.8494394159868139
attn_on_pim_prefill-128xdecode_262_ops_trace.csv,decode,0,0,12,GPU0,npu,12,"LN:-1,Add:-1,LN:-1,FFN_W1:0,FFN_W3:0,FFN_W1:1,FFN_W3:1,SwiGLU:0,SwiGLU:1,FFN_W2:0,FFN_W2:1,Add:-1",0.00032135900410334983,0.000376524806022644,npu|decode|0|2ef4409498d14c672a4fbbfe6786cce6,0,sample_step,0.00032135900410334983,0.000376524806022644,5.5165801919294184e-05,1.1716640928522193,5.5165801919294184e-05,1.1716640928522193
attn_on_pim_prefill-128xdecode_262_ops_trace.csv,decode,0,0,12,PIM0,pim,7,"Q:0,K:0,V:0,QK:0,Softmax:0,SV:0,O:0",2.4871697265727022e-05,2.1127e-05,pim|decode|0|61397802f1888ea563dd9b1ea38edd23,0,sample_step,2.4871697265727022e-05,2.1127e-05,-3.7446972657270224e-06,0.8494394159868139,-3.7446972657270224e-06,0.8494394159868139
attn_on_pim_prefill-128xdecode_262_ops_trace.csv,decode,0,0,12,PIM1,pim,7,"Q:1,K:1,V:1,QK:1,Softmax:1,SV:1,O:1",2.4871697265727022e-05,2.1127e-05,pim|decode|0|9c4e6c099d863efd94751a80c7e404c5,0,sample_step,2.4871697265727022e-05,2.1127e-05,-3.7446972657270224e-06,0.8494394159868139,-3.7446972657270224e-06,0.8494394159868139
attn_on_pim_prefill-128xdecode_262_ops_trace.csv,decode,0,0,13,GPU0,npu,12,"LN:-1,Add:-1,LN:-1,FFN_W1:0,FFN_W3:0,FFN_W1:1,FFN_W3:1,SwiGLU:0,SwiGLU:1,FFN_W2:0,FFN_W2:1,Add:-1",0.00032135900410334983,0.000376524806022644,npu|decode|0|2ef4409498d14c672a4fbbfe6786cce6,0,sample_step,0.00032135900410334983,0.000376524806022644,5.5165801919294184e-05,1.1716640928522193,5.5165801919294184e-05,1.1716640928522193
attn_on_pim_prefill-128xdecode_262_ops_trace.csv,decode,0,0,13,PIM0,pim,7,"Q:0,K:0,V:0,QK:0,Softmax:0,SV:0,O:0",2.4871697265727022e-05,2.1127e-05,pim|decode|0|61397802f1888ea563dd9b1ea38edd23,0,sample_step,2.4871697265727022e-05,2.1127e-05,-3.7446972657270224e-06,0.8494394159868139,-3.7446972657270224e-06,0.8494394159868139
attn_on_pim_prefill-128xdecode_262_ops_trace.csv,decode,0,0,13,PIM1,pim,7,"Q:1,K:1,V:1,QK:1,Softmax:1,SV:1,O:1",2.4871697265727022e-05,2.1127e-05,pim|decode|0|9c4e6c099d863efd94751a80c7e404c5,0,sample_step,2.4871697265727022e-05,2.1127e-05,-3.7446972657270224e-06,0.8494394159868139,-3.7446972657270224e-06,0.8494394159868139
attn_on_pim_prefill-128xdecode_262_ops_trace.csv,decode,0,0,14,GPU0,npu,12,"LN:-1,Add:-1,LN:-1,FFN_W1:0,FFN_W3:0,FFN_W1:1,FFN_W3:1,SwiGLU:0,SwiGLU:1,FFN_W2:0,FFN_W2:1,Add:-1",0.00032135900410334983,0.000376524806022644,npu|decode|0|2ef4409498d14c672a4fbbfe6786cce6,0,sample_step,0.00032135900410334983,0.000376524806022644,5.5165801919294184e-05,1.1716640928522193,5.5165801919294184e-05,1.1716640928522193
attn_on_pim_prefill-128xdecode_262_ops_trace.csv,decode,0,0,14,PIM0,pim,7,"Q:0,K:0,V:0,QK:0,Softmax:0,SV:0,O:0",2.4871697265727022e-05,2.1127e-05,pim|decode|0|61397802f1888ea563dd9b1ea38edd23,0,sample_step,2.4871697265727022e-05,2.1127e-05,-3.7446972657270224e-06,0.8494394159868139,-3.7446972657270224e-06,0.8494394159868139
attn_on_pim_prefill-128xdecode_262_ops_trace.csv,decode,0,0,14,PIM1,pim,7,"Q:1,K:1,V:1,QK:1,Softmax:1,SV:1,O:1",2.4871697265727022e-05,2.1127e-05,pim|decode|0|9c4e6c099d863efd94751a80c7e404c5,0,sample_step,2.4871697265727022e-05,2.1127e-05,-3.7446972657270224e-06,0.8494394159868139,-3.7446972657270224e-06,0.8494394159868139
attn_on_pim_prefill-128xdecode_262_ops_trace.csv,decode,0,0,15,GPU0,npu,12,"LN:-1,Add:-1,LN:-1,FFN_W1:0,FFN_W3:0,FFN_W1:1,FFN_W3:1,SwiGLU:0,SwiGLU:1,FFN_W2:0,FFN_W2:1,Add:-1",0.00032135900410334983,0.000376524806022644,npu|decode|0|2ef4409498d14c672a4fbbfe6786cce6,0,sample_step,0.00032135900410334983,0.000376524806022644,5.5165801919294184e-05,1.1716640928522193,5.5165801919294184e-05,1.1716640928522193
attn_on_pim_prefill-128xdecode_262_ops_trace.csv,decode,0,0,15,PIM0,pim,7,"Q:0,K:0,V:0,QK:0,Softmax:0,SV:0,O:0",2.4871697265727022e-05,2.1127e-05,pim|decode|0|61397802f1888ea563dd9b1ea38edd23,0,sample_step,2.4871697265727022e-05,2.1127e-05,-3.7446972657270224e-06,0.8494394159868139,-3.7446972657270224e-06,0.8494394159868139
attn_on_pim_prefill-128xdecode_262_ops_trace.csv,decode,0,0,15,PIM1,pim,7,"Q:1,K:1,V:1,QK:1,Softmax:1,SV:1,O:1",2.4871697265727022e-05,2.1127e-05,pim|decode|0|9c4e6c099d863efd94751a80c7e404c5,0,sample_step,2.4871697265727022e-05,2.1127e-05,-3.7446972657270224e-06,0.8494394159868139,-3.7446972657270224e-06,0.8494394159868139
attn_on_pim_prefill-128xdecode_262_ops_trace.csv,decode,0,0,16,GPU0,npu,12,"LN:-1,Add:-1,LN:-1,FFN_W1:0,FFN_W3:0,FFN_W1:1,FFN_W3:1,SwiGLU:0,SwiGLU:1,FFN_W2:0,FFN_W2:1,Add:-1",0.00032135900410334983,0.000376524806022644,npu|decode|0|2ef4409498d14c672a4fbbfe6786cce6,0,sample_step,0.00032135900410334983,0.000376524806022644,5.5165801919294184e-05,1.1716640928522193,5.5165801919294184e-05,1.1716640928522193
attn_on_pim_prefill-128xdecode_262_ops_trace.csv,decode,0,0,16,PIM0,pim,7,"Q:0,K:0,V:0,QK:0,Softmax:0,SV:0,O:0",2.4871697265727022e-05,2.1127e-05,pim|decode|0|61397802f1888ea563dd9b1ea38edd23,0,sample_step,2.4871697265727022e-05,2.1127e-05,-3.7446972657270224e-06,0.8494394159868139,-3.7446972657270224e-06,0.8494394159868139
attn_on_pim_prefill-128xdecode_262_ops_trace.csv,decode,0,0,16,PIM1,pim,7,"Q:1,K:1,V:1,QK:1,Softmax:1,SV:1,O:1",2.4871697265727022e-05,2.1127e-05,pim|decode|0|9c4e6c099d863efd94751a80c7e404c5,0,sample_step,2.4871697265727022e-05,2.1127e-05,-3.7446972657270224e-06,0.8494394159868139,-3.7446972657270224e-06,0.8494394159868139
attn_on_pim_prefill-128xdecode_262_ops_trace.csv,decode,0,0,17,GPU0,npu,12,"LN:-1,Add:-1,LN:-1,FFN_W1:0,FFN_W3:0,FFN_W1:1,FFN_W3:1,SwiGLU:0,SwiGLU:1,FFN_W2:0,FFN_W2:1,Add:-1",0.00032135900410334983,0.000376524806022644,npu|decode|0|2ef4409498d14c672a4fbbfe6786cce6,0,sample_step,0.00032135900410334983,0.000376524806022644,5.5165801919294184e-05,1.1716640928522193,5.5165801919294184e-05,1.1716640928522193
attn_on_pim_prefill-128xdecode_262_ops_trace.csv,decode,0,0,17,PIM0,pim,7,"Q:0,K:0,V:0,QK:0,Softmax:0,SV:0,O:0",2.4871697265727022e-05,2.1127e-05,pim|decode|0|61397802f1888ea563dd9b1ea38edd23,0,sample_step,2.4871697265727022e-05,2.1127e-05,-3.7446972657270224e-06,0.8494394159868139,-3.7446972657270224e-06,0.8494394159868139
attn_on_pim_prefill-128xdecode_262_ops_trace.csv,decode,0,0,17,PIM1,pim,7,"Q:1,K:1,V:1,QK:1,Softmax:1,SV:1,O:1",2.4871697265727022e-05,2.1127e-05,pim|decode|0|9c4e6c099d863efd94751a80c7e404c5,0,sample_step,2.4871697265727022e-05,2.1127e-05,-3.7446972657270224e-06,0.8494394159868139,-3.7446972657270224e-06,0.8494394159868139
attn_on_pim_prefill-128xdecode_262_ops_trace.csv,decode,0,0,18,GPU0,npu,12,"LN:-1,Add:-1,LN:-1,FFN_W1:0,FFN_W3:0,FFN_W1:1,FFN_W3:1,SwiGLU:0,SwiGLU:1,FFN_W2:0,FFN_W2:1,Add:-1",0.00032135900410334983,0.000376524806022644,npu|decode|0|2ef4409498d14c672a4fbbfe6786cce6,0,sample_step,0.00032135900410334983,0.000376524806022644,5.5165801919294184e-05,1.1716640928522193,5.5165801919294184e-05,1.1716640928522193
attn_on_pim_prefill-128xdecode_262_ops_trace.csv,decode,0,0,18,PIM0,pim,7,"Q:0,K:0,V:0,QK:0,Softmax:0,SV:0,O:0",2.4871697265727022e-05,2.1127e-05,pim|decode|0|61397802f1888ea563dd9b1ea38edd23,0,sample_step,2.4871697265727022e-05,2.1127e-05,-3.7446972657270224e-06,0.8494394159868139,-3.7446972657270224e-06,0.8494394159868139
attn_on_pim_prefill-128xdecode_262_ops_trace.csv,decode,0,0,18,PIM1,pim,7,"Q:1,K:1,V:1,QK:1,Softmax:1,SV:1,O:1",2.4871697265727022e-05,2.1127e-05,pim|decode|0|9c4e6c099d863efd94751a80c7e404c5,0,sample_step,2.4871697265727022e-05,2.1127e-05,-3.7446972657270224e-06,0.8494394159868139,-3.7446972657270224e-06,0.8494394159868139
attn_on_pim_prefill-128xdecode_262_ops_trace.csv,decode,0,0,19,GPU0,npu,12,"LN:-1,Add:-1,LN:-1,FFN_W1:0,FFN_W3:0,FFN_W1:1,FFN_W3:1,SwiGLU:0,SwiGLU:1,FFN_W2:0,FFN_W2:1,Add:-1",0.00032135900410334983,0.000376524806022644,npu|decode|0|2ef4409498d14c672a4fbbfe6786cce6,0,sample_step,0.00032135900410334983,0.000376524806022644,5.5165801919294184e-05,1.1716640928522193,5.5165801919294184e-05,1.1716640928522193
attn_on_pim_prefill-128xdecode_262_ops_trace.csv,decode,0,0,19,PIM0,pim,7,"Q:0,K:0,V:0,QK:0,Softmax:0,SV:0,O:0",2.4871697265727022e-05,2.1127e-05,pim|decode|0|61397802f1888ea563dd9b1ea38edd23,0,sample_step,2.4871697265727022e-05,2.1127e-05,-3.7446972657270224e-06,0.8494394159868139,-3.7446972657270224e-06,0.8494394159868139
attn_on_pim_prefill-128xdecode_262_ops_trace.csv,decode,0,0,19,PIM1,pim,7,"Q:1,K:1,V:1,QK:1,Softmax:1,SV:1,O:1",2.4871697265727022e-05,2.1127e-05,pim|decode|0|9c4e6c099d863efd94751a80c7e404c5,0,sample_step,2.4871697265727022e-05,2.1127e-05,-3.7446972657270224e-06,0.8494394159868139,-3.7446972657270224e-06,0.8494394159868139
attn_on_pim_prefill-128xdecode_262_ops_trace.csv,decode,0,0,20,GPU0,npu,12,"LN:-1,Add:-1,LN:-1,FFN_W1:0,FFN_W3:0,FFN_W1:1,FFN_W3:1,SwiGLU:0,SwiGLU:1,FFN_W2:0,FFN_W2:1,Add:-1",0.00032135900410334983,0.000376524806022644,npu|decode|0|2ef4409498d14c672a4fbbfe6786cce6,0,sample_step,0.00032135900410334983,0.000376524806022644,5.5165801919294184e-05,1.1716640928522193,5.5165801919294184e-05,1.1716640928522193
attn_on_pim_prefill-128xdecode_262_ops_trace.csv,decode,0,0,20,PIM0,pim,7,"Q:0,K:0,V:0,QK:0,Softmax:0,SV:0,O:0",2.4871697265727022e-05,2.1127e-05,pim|decode|0|61397802f1888ea563dd9b1ea38edd23,0,sample_step,2.4871697265727022e-05,2.1127e-05,-3.7446972657270224e-06,0.8494394159868139,-3.7446972657270224e-06,0.8494394159868139
attn_on_pim_prefill-128xdecode_262_ops_trace.csv,decode,0,0,20,PIM1,pim,7,"Q:1,K:1,V:1,QK:1,Softmax:1,SV:1,O:1",2.4871697265727022e-05,2.1127e-05,pim|decode|0|9c4e6c099d863efd94751a80c7e404c5,0,sample_step,2.4871697265727022e-05,2.1127e-05,-3.7446972657270224e-06,0.8494394159868139,-3.7446972657270224e-06,0.8494394159868139
attn_on_pim_prefill-128xdecode_262_ops_trace.csv,decode,0,0,21,GPU0,npu,12,"LN:-1,Add:-1,LN:-1,FFN_W1:0,FFN_W3:0,FFN_W1:1,FFN_W3:1,SwiGLU:0,SwiGLU:1,FFN_W2:0,FFN_W2:1,Add:-1",0.00032135900410334983,0.000376524806022644,npu|decode|0|2ef4409498d14c672a4fbbfe6786cce6,0,sample_step,0.00032135900410334983,0.000376524806022644,5.5165801919294184e-05,1.1716640928522193,5.5165801919294184e-05,1.1716640928522193
attn_on_pim_prefill-128xdecode_262_ops_trace.csv,decode,0,0,21,PIM0,pim,7,"Q:0,K:0,V:0,QK:0,Softmax:0,SV:0,O:0",2.4871697265727022e-05,2.1127e-05,pim|decode|0|61397802f1888ea563dd9b1ea38edd23,0,sample_step,2.4871697265727022e-05,2.1127e-05,-3.7446972657270224e-06,0.8494394159868139,-3.7446972657270224e-06,0.8494394159868139
attn_on_pim_prefill-128xdecode_262_ops_trace.csv,decode,0,0,21,PIM1,pim,7,"Q:1,K:1,V:1,QK:1,Softmax:1,SV:1,O:1",2.4871697265727022e-05,2.1127e-05,pim|decode|0|9c4e6c099d863efd94751a80c7e404c5,0,sample_step,2.4871697265727022e-05,2.1127e-05,-3.7446972657270224e-06,0.8494394159868139,-3.7446972657270224e-06,0.8494394159868139
attn_on_pim_prefill-128xdecode_262_ops_trace.csv,decode,0,0,22,GPU0,npu,12,"LN:-1,Add:-1,LN:-1,FFN_W1:0,FFN_W3:0,FFN_W1:1,FFN_W3:1,SwiGLU:0,SwiGLU:1,FFN_W2:0,FFN_W2:1,Add:-1",0.00032135900410334983,0.000376524806022644,npu|decode|0|2ef4409498d14c672a4fbbfe6786cce6,0,sample_step,0.00032135900410334983,0.000376524806022644,5.5165801919294184e-05,1.1716640928522193,5.5165801919294184e-05,1.1716640928522193
attn_on_pim_prefill-128xdecode_262_ops_trace.csv,decode,0,0,22,PIM0,pim,7,"Q:0,K:0,V:0,QK:0,Softmax:0,SV:0,O:0",2.4871697265727022e-05,2.1127e-05,pim|decode|0|61397802f1888ea563dd9b1ea38edd23,0,sample_step,2.4871697265727022e-05,2.1127e-05,-3.7446972657270224e-06,0.8494394159868139,-3.7446972657270224e-06,0.8494394159868139
attn_on_pim_prefill-128xdecode_262_ops_trace.csv,decode,0,0,22,PIM1,pim,7,"Q:1,K:1,V:1,QK:1,Softmax:1,SV:1,O:1",2.4871697265727022e-05,2.1127e-05,pim|decode|0|9c4e6c099d863efd94751a80c7e404c5,0,sample_step,2.4871697265727022e-05,2.1127e-05,-3.7446972657270224e-06,0.8494394159868139,-3.7446972657270224e-06,0.8494394159868139
attn_on_pim_prefill-128xdecode_262_ops_trace.csv,decode,0,0,23,GPU0,npu,12,"LN:-1,Add:-1,LN:-1,FFN_W1:0,FFN_W3:0,FFN_W1:1,FFN_W3:1,SwiGLU:0,SwiGLU:1,FFN_W2:0,FFN_W2:1,Add:-1",0.00032135900410334983,0.000376524806022644,npu|decode|0|2ef4409498d14c672a4fbbfe6786cce6,0,sample_step,0.00032135900410334983,0.000376524806022644,5.5165801919294184e-05,1.1716640928522193,5.5165801919294184e-05,1.1716640928522193
attn_on_pim_prefill-128xdecode_262_ops_trace.csv,decode,0,0,23,PIM0,pim,7,"Q:0,K:0,V:0,QK:0,Softmax:0,SV:0,O:0",2.4871697265727022e-05,2.1127e-05,pim|decode|0|61397802f1888ea563dd9b1ea38edd23,0,sample_step,2.4871697265727022e-05,2.1127e-05,-3.7446972657270224e-06,0.8494394159868139,-3.7446972657270224e-06,0.8494394159868139
attn_on_pim_prefill-128xdecode_262_ops_trace.csv,decode,0,0,23,PIM1,pim,7,"Q:1,K:1,V:1,QK:1,Softmax:1,SV:1,O:1",2.4871697265727022e-05,2.1127e-05,pim|decode|0|9c4e6c099d863efd94751a80c7e404c5,0,sample_step,2.4871697265727022e-05,2.1127e-05,-3.7446972657270224e-06,0.8494394159868139,-3.7446972657270224e-06,0.8494394159868139
attn_on_pim_prefill-128xdecode_262_ops_trace.csv,decode,0,0,24,GPU0,npu,12,"LN:-1,Add:-1,LN:-1,FFN_W1:0,FFN_W3:0,FFN_W1:1,FFN_W3:1,SwiGLU:0,SwiGLU:1,FFN_W2:0,FFN_W2:1,Add:-1",0.00032135900410334983,0.000376524806022644,npu|decode|0|2ef4409498d14c672a4fbbfe6786cce6,0,sample_step,0.00032135900410334983,0.000376524806022644,5.5165801919294184e-05,1.1716640928522193,5.5165801919294184e-05,1.1716640928522193
attn_on_pim_prefill-128xdecode_262_ops_trace.csv,decode,0,0,24,PIM0,pim,7,"Q:0,K:0,V:0,QK:0,Softmax:0,SV:0,O:0",2.4871697265727022e-05,2.1127e-05,pim|decode|0|61397802f1888ea563dd9b1ea38edd23,0,sample_step,2.4871697265727022e-05,2.1127e-05,-3.7446972657270224e-06,0.8494394159868139,-3.7446972657270224e-06,0.8494394159868139
attn_on_pim_prefill-128xdecode_262_ops_trace.csv,decode,0,0,24,PIM1,pim,7,"Q:1,K:1,V:1,QK:1,Softmax:1,SV:1,O:1",2.4871697265727022e-05,2.1127e-05,pim|decode|0|9c4e6c099d863efd94751a80c7e404c5,0,sample_step,2.4871697265727022e-05,2.1127e-05,-3.7446972657270224e-06,0.8494394159868139,-3.7446972657270224e-06,0.8494394159868139
attn_on_pim_prefill-128xdecode_262_ops_trace.csv,decode,0,0,25,GPU0,npu,12,"LN:-1,Add:-1,LN:-1,FFN_W1:0,FFN_W3:0,FFN_W1:1,FFN_W3:1,SwiGLU:0,SwiGLU:1,FFN_W2:0,FFN_W2:1,Add:-1",0.00032135900410334983,0.000376524806022644,npu|decode|0|2ef4409498d14c672a4fbbfe6786cce6,0,sample_step,0.00032135900410334983,0.000376524806022644,5.5165801919294184e-05,1.1716640928522193,5.5165801919294184e-05,1.1716640928522193
attn_on_pim_prefill-128xdecode_262_ops_trace.csv,decode,0,0,25,PIM0,pim,7,"Q:0,K:0,V:0,QK:0,Softmax:0,SV:0,O:0",2.4871697265727022e-05,2.1127e-05,pim|decode|0|61397802f1888ea563dd9b1ea38edd23,0,sample_step,2.4871697265727022e-05,2.1127e-05,-3.7446972657270224e-06,0.8494394159868139,-3.7446972657270224e-06,0.8494394159868139
attn_on_pim_prefill-128xdecode_262_ops_trace.csv,decode,0,0,25,PIM1,pim,7,"Q:1,K:1,V:1,QK:1,Softmax:1,SV:1,O:1",2.4871697265727022e-05,2.1127e-05,pim|decode|0|9c4e6c099d863efd94751a80c7e404c5,0,sample_step,2.4871697265727022e-05,2.1127e-05,-3.7446972657270224e-06,0.8494394159868139,-3.7446972657270224e-06,0.8494394159868139
attn_on_pim_prefill-128xdecode_262_ops_trace.csv,decode,0,0,26,GPU0,npu,12,"LN:-1,Add:-1,LN:-1,FFN_W1:0,FFN_W3:0,FFN_W1:1,FFN_W3:1,SwiGLU:0,SwiGLU:1,FFN_W2:0,FFN_W2:1,Add:-1",0.00032135900410334983,0.000376524806022644,npu|decode|0|2ef4409498d14c672a4fbbfe6786cce6,0,sample_step,0.00032135900410334983,0.000376524806022644,5.5165801919294184e-05,1.1716640928522193,5.5165801919294184e-05,1.1716640928522193
attn_on_pim_prefill-128xdecode_262_ops_trace.csv,decode,0,0,26,PIM0,pim,7,"Q:0,K:0,V:0,QK:0,Softmax:0,SV:0,O:0",2.4871697265727022e-05,2.1127e-05,pim|decode|0|61397802f1888ea563dd9b1ea38edd23,0,sample_step,2.4871697265727022e-05,2.1127e-05,-3.7446972657270224e-06,0.8494394159868139,-3.7446972657270224e-06,0.8494394159868139
attn_on_pim_prefill-128xdecode_262_ops_trace.csv,decode,0,0,26,PIM1,pim,7,"Q:1,K:1,V:1,QK:1,Softmax:1,SV:1,O:1",2.4871697265727022e-05,2.1127e-05,pim|decode|0|9c4e6c099d863efd94751a80c7e404c5,0,sample_step,2.4871697265727022e-05,2.1127e-05,-3.7446972657270224e-06,0.8494394159868139,-3.7446972657270224e-06,0.8494394159868139
attn_on_pim_prefill-128xdecode_262_ops_trace.csv,decode,0,0,27,GPU0,npu,12,"LN:-1,Add:-1,LN:-1,FFN_W1:0,FFN_W3:0,FFN_W1:1,FFN_W3:1,SwiGLU:0,SwiGLU:1,FFN_W2:0,FFN_W2:1,Add:-1",0.00032135900410334983,0.000376524806022644,npu|decode|0|2ef4409498d14c672a4fbbfe6786cce6,0,sample_step,0.00032135900410334983,0.000376524806022644,5.5165801919294184e-05,1.1716640928522193,5.5165801919294184e-05,1.1716640928522193
attn_on_pim_prefill-128xdecode_262_ops_trace.csv,decode,0,0,27,PIM0,pim,7,"Q:0,K:0,V:0,QK:0,Softmax:0,SV:0,O:0",2.4871697265727022e-05,2.1127e-05,pim|decode|0|61397802f1888ea563dd9b1ea38edd23,0,sample_step,2.4871697265727022e-05,2.1127e-05,-3.7446972657270224e-06,0.8494394159868139,-3.7446972657270224e-06,0.8494394159868139
attn_on_pim_prefill-128xdecode_262_ops_trace.csv,decode,0,0,27,PIM1,pim,7,"Q:1,K:1,V:1,QK:1,Softmax:1,SV:1,O:1",2.4871697265727022e-05,2.1127e-05,pim|decode|0|9c4e6c099d863efd94751a80c7e404c5,0,sample_step,2.4871697265727022e-05,2.1127e-05,-3.7446972657270224e-06,0.8494394159868139,-3.7446972657270224e-06,0.8494394159868139
attn_on_pim_prefill-128xdecode_262_ops_trace.csv,decode,0,0,28,GPU0,npu,12,"LN:-1,Add:-1,LN:-1,FFN_W1:0,FFN_W3:0,FFN_W1:1,FFN_W3:1,SwiGLU:0,SwiGLU:1,FFN_W2:0,FFN_W2:1,Add:-1",0.00032135900410334983,0.000376524806022644,npu|decode|0|2ef4409498d14c672a4fbbfe6786cce6,0,sample_step,0.00032135900410334983,0.000376524806022644,5.5165801919294184e-05,1.1716640928522193,5.5165801919294184e-05,1.1716640928522193
attn_on_pim_prefill-128xdecode_262_ops_trace.csv,decode,0,0,28,PIM0,pim,7,"Q:0,K:0,V:0,QK:0,Softmax:0,SV:0,O:0",2.4871697265727022e-05,2.1127e-05,pim|decode|0|61397802f1888ea563dd9b1ea38edd23,0,sample_step,2.4871697265727022e-05,2.1127e-05,-3.7446972657270224e-06,0.8494394159868139,-3.7446972657270224e-06,0.8494394159868139
attn_on_pim_prefill-128xdecode_262_ops_trace.csv,decode,0,0,28,PIM1,pim,7,"Q:1,K:1,V:1,QK:1,Softmax:1,SV:1,O:1",2.4871697265727022e-05,2.1127e-05,pim|decode|0|9c4e6c099d863efd94751a80c7e404c5,0,sample_step,2.4871697265727022e-05,2.1127e-05,-3.7446972657270224e-06,0.8494394159868139,-3.7446972657270224e-06,0.8494394159868139
attn_on_pim_prefill-128xdecode_262_ops_trace.csv,decode,0,0,29,GPU0,npu,12,"LN:-1,Add:-1,LN:-1,FFN_W1:0,FFN_W3:0,FFN_W1:1,FFN_W3:1,SwiGLU:0,SwiGLU:1,FFN_W2:0,FFN_W2:1,Add:-1",0.00032135900410334983,0.000376524806022644,npu|decode|0|2ef4409498d14c672a4fbbfe6786cce6,0,sample_step,0.00032135900410334983,0.000376524806022644,5.5165801919294184e-05,1.1716640928522193,5.5165801919294184e-05,1.1716640928522193
attn_on_pim_prefill-128xdecode_262_ops_trace.csv,decode,0,0,29,PIM0,pim,7,"Q:0,K:0,V:0,QK:0,Softmax:0,SV:0,O:0",2.4871697265727022e-05,2.1127e-05,pim|decode|0|61397802f1888ea563dd9b1ea38edd23,0,sample_step,2.4871697265727022e-05,2.1127e-05,-3.7446972657270224e-06,0.8494394159868139,-3.7446972657270224e-06,0.8494394159868139
attn_on_pim_prefill-128xdecode_262_ops_trace.csv,decode,0,0,29,PIM1,pim,7,"Q:1,K:1,V:1,QK:1,Softmax:1,SV:1,O:1",2.4871697265727022e-05,2.1127e-05,pim|decode|0|9c4e6c099d863efd94751a80c7e404c5,0,sample_step,2.4871697265727022e-05,2.1127e-05,-3.7446972657270224e-06,0.8494394159868139,-3.7446972657270224e-06,0.8494394159868139
attn_on_pim_prefill-128xdecode_262_ops_trace.csv,decode,0,0,30,GPU0,npu,12,"LN:-1,Add:-1,LN:-1,FFN_W1:0,FFN_W3:0,FFN_W1:1,FFN_W3:1,SwiGLU:0,SwiGLU:1,FFN_W2:0,FFN_W2:1,Add:-1",0.00032135900410334983,0.000376524806022644,npu|decode|0|2ef4409498d14c672a4fbbfe6786cce6,0,sample_step,0.00032135900410334983,0.000376524806022644,5.5165801919294184e-05,1.1716640928522193,5.5165801919294184e-05,1.1716640928522193
attn_on_pim_prefill-128xdecode_262_ops_trace.csv,decode,0,0,30,PIM0,pim,7,"Q:0,K:0,V:0,QK:0,Softmax:0,SV:0,O:0",2.4871697265727022e-05,2.1127e-05,pim|decode|0|61397802f1888ea563dd9b1ea38edd23,0,sample_step,2.4871697265727022e-05,2.1127e-05,-3.7446972657270224e-06,0.8494394159868139,-3.7446972657270224e-06,0.8494394159868139
attn_on_pim_prefill-128xdecode_262_ops_trace.csv,decode,0,0,30,PIM1,pim,7,"Q:1,K:1,V:1,QK:1,Softmax:1,SV:1,O:1",2.4871697265727022e-05,2.1127e-05,pim|decode|0|9c4e6c099d863efd94751a80c7e404c5,0,sample_step,2.4871697265727022e-05,2.1127e-05,-3.7446972657270224e-06,0.8494394159868139,-3.7446972657270224e-06,0.8494394159868139
attn_on_pim_prefill-128xdecode_262_ops_trace.csv,decode,0,0,31,GPU0,npu,12,"LN:-1,Add:-1,LN:-1,FFN_W1:0,FFN_W3:0,FFN_W1:1,FFN_W3:1,SwiGLU:0,SwiGLU:1,FFN_W2:0,FFN_W2:1,Add:-1",0.00032135900410334983,0.000376524806022644,npu|decode|0|2ef4409498d14c672a4fbbfe6786cce6,0,sample_step,0.00032135900410334983,0.000376524806022644,5.5165801919294184e-05,1.1716640928522193,5.5165801919294184e-05,1.1716640928522193
attn_on_pim_prefill-128xdecode_262_ops_trace.csv,decode,0,0,31,PIM0,pim,7,"Q:0,K:0,V:0,QK:0,Softmax:0,SV:0,O:0",2.4871697265727022e-05,2.1127e-05,pim|decode|0|61397802f1888ea563dd9b1ea38edd23,0,sample_step,2.4871697265727022e-05,2.1127e-05,-3.7446972657270224e-06,0.8494394159868139,-3.7446972657270224e-06,0.8494394159868139
attn_on_pim_prefill-128xdecode_262_ops_trace.csv,decode,0,0,31,PIM1,pim,7,"Q:1,K:1,V:1,QK:1,Softmax:1,SV:1,O:1",2.4871697265727022e-05,2.1127e-05,pim|decode|0|9c4e6c099d863efd94751a80c7e404c5,0,sample_step,2.4871697265727022e-05,2.1127e-05,-3.7446972657270224e-06,0.8494394159868139,-3.7446972657270224e-06,0.8494394159868139
attn_on_pim_prefill-128xdecode_262_ops_trace.csv,decode,1,1,0,GPU0,npu,12,"LN:-1,Add:-1,LN:-1,FFN_W1:0,FFN_W3:0,FFN_W1:1,FFN_W3:1,SwiGLU:0,SwiGLU:1,FFN_W2:0,FFN_W2:1,Add:-1",0.00032135900410334983,0.0003713023900985718,npu|decode|1|2ef4409498d14c672a4fbbfe6786cce6,1,sample_step,0.003534949045136848,0.00408432629108429,4.994338599522194e-05,1.155413059405549,0.0005493772459474414,1.155413059405549
attn_on_pim_prefill-128xdecode_262_ops_trace.csv,decode,1,1,0,PIM0,pim,7,"Q:0,K:0,V:0,QK:0,Softmax:0,SV:0,O:0",2.4941697265634666e-05,2.1127e-05,pim|decode|1|61397802f1888ea563dd9b1ea38edd23,1,sample_step,0.0002743586699219813,0.000232397,-3.814697265634666e-06,0.8470554258995574,-4.196166992198133e-05,0.8470554258995574
attn_on_pim_prefill-128xdecode_262_ops_trace.csv,decode,1,1,0,PIM1,pim,7,"Q:1,K:1,V:1,QK:1,Softmax:1,SV:1,O:1",2.4941697265634666e-05,2.1127e-05,pim|decode|1|9c4e6c099d863efd94751a80c7e404c5,1,sample_step,0.0002743586699219813,0.000232397,-3.814697265634666e-06,0.8470554258995574,-4.196166992198133e-05,0.8470554258995574
attn_on_pim_prefill-128xdecode_262_ops_trace.csv,decode,1,1,1,GPU0,npu,12,"LN:-1,Add:-1,LN:-1,FFN_W1:0,FFN_W3:0,FFN_W1:1,FFN_W3:1,SwiGLU:0,SwiGLU:1,FFN_W2:0,FFN_W2:1,Add:-1",0.00032135900410334983,0.0003713023900985718,npu|decode|1|2ef4409498d14c672a4fbbfe6786cce6,1,sample_step,0.003534949045136848,0.00408432629108429,4.994338599522194e-05,1.155413059405549,0.0005493772459474414,1.155413059405549
attn_on_pim_prefill-128xdecode_262_ops_trace.csv,decode,1,1,1,PIM0,pim,7,"Q:0,K:0,V:0,QK:0,Softmax:0,SV:0,O:0",2.4941697265634666e-05,2.1127e-05,pim|decode|1|61397802f1888ea563dd9b1ea38edd23,1,sample_step,0.0002743586699219813,0.000232397,-3.814697265634666e-06,0.8470554258995574,-4.196166992198133e-05,0.8470554258995574
attn_on_pim_prefill-128xdecode_262_ops_trace.csv,decode,1,1,1,PIM1,pim,7,"Q:1,K:1,V:1,QK:1,Softmax:1,SV:1,O:1",2.4941697265634666e-05,2.1127e-05,pim|decode|1|9c4e6c099d863efd94751a80c7e404c5,1,sample_step,0.0002743586699219813,0.000232397,-3.814697265634666e-06,0.8470554258995574,-4.196166992198133e-05,0.8470554258995574
attn_on_pim_prefill-128xdecode_262_ops_trace.csv,decode,1,1,2,GPU0,npu,12,"LN:-1,Add:-1,LN:-1,FFN_W1:0,FFN_W3:0,FFN_W1:1,FFN_W3:1,SwiGLU:0,SwiGLU:1,FFN_W2:0,FFN_W2:1,Add:-1",0.00032135900410334983,0.0003713023900985718,npu|decode|1|2ef4409498d14c672a4fbbfe6786cce6,1,sample_step,0.003534949045136848,0.00408432629108429,4.994338599522194e-05,1.155413059405549,0.0005493772459474414,1.155413059405549
attn_on_pim_prefill-128xdecode_262_ops_trace.csv,decode,1,1,2,PIM0,pim,7,"Q:0,K:0,V:0,QK:0,Softmax:0,SV:0,O:0",2.4941697265634666e-05,2.1127e-05,pim|decode|1|61397802f1888ea563dd9b1ea38edd23,1,sample_step,0.0002743586699219813,0.000232397,-3.814697265634666e-06,0.8470554258995574,-4.196166992198133e-05,0.8470554258995574
attn_on_pim_prefill-128xdecode_262_ops_trace.csv,decode,1,1,2,PIM1,pim,7,"Q:1,K:1,V:1,QK:1,Softmax:1,SV:1,O:1",2.4941697265634666e-05,2.1127e-05,pim|decode|1|9c4e6c099d863efd94751a80c7e404c5,1,sample_step,0.0002743586699219813,0.000232397,-3.814697265634666e-06,0.8470554258995574,-4.196166992198133e-05,0.8470554258995574
attn_on_pim_prefill-128xdecode_262_ops_trace.csv,decode,1,1,3,GPU0,npu,12,"LN:-1,Add:-1,LN:-1,FFN_W1:0,FFN_W3:0,FFN_W1:1,FFN_W3:1,SwiGLU:0,SwiGLU:1,FFN_W2:0,FFN_W2:1,Add:-1",0.00032135900410334983,0.0003713023900985718,npu|decode|1|2ef4409498d14c672a4fbbfe6786cce6,1,sample_step,0.003534949045136848,0.00408432629108429,4.994338599522194e-05,1.155413059405549,0.0005493772459474414,1.155413059405549
attn_on_pim_prefill-128xdecode_262_ops_trace.csv,decode,1,1,3,PIM0,pim,7,"Q:0,K:0,V:0,QK:0,Softmax:0,SV:0,O:0",2.4941697265634666e-05,2.1127e-05,pim|decode|1|61397802f1888ea563dd9b1ea38edd23,1,sample_step,0.0002743586699219813,0.000232397,-3.814697265634666e-06,0.8470554258995574,-4.196166992198133e-05,0.8470554258995574
attn_on_pim_prefill-128xdecode_262_ops_trace.csv,decode,1,1,3,PIM1,pim,7,"Q:1,K:1,V:1,QK:1,Softmax:1,SV:1,O:1",2.4941697265634666e-05,2.1127e-05,pim|decode|1|9c4e6c099d863efd94751a80c7e404c5,1,sample_step,0.0002743586699219813,0.000232397,-3.814697265634666e-06,0.8470554258995574,-4.196166992198133e-05,0.8470554258995574
attn_on_pim_prefill-128xdecode_262_ops_trace.csv,decode,1,1,4,GPU0,npu,12,"LN:-1,Add:-1,LN:-1,FFN_W1:0,FFN_W3:0,FFN_W1:1,FFN_W3:1,SwiGLU:0,SwiGLU:1,FFN_W2:0,FFN_W2:1,Add:-1",0.00032135900410334983,0.0003713023900985718,npu|decode|1|2ef4409498d14c672a4fbbfe6786cce6,1,sample_step,0.003534949045136848,0.00408432629108429,4.994338599522194e-05,1.155413059405549,0.0005493772459474414,1.155413059405549
attn_on_pim_prefill-128xdecode_262_ops_trace.csv,decode,1,1,4,PIM0,pim,7,"Q:0,K:0,V:0,QK:0,Softmax:0,SV:0,O:0",2.4941697265634666e-05,2.1127e-05,pim|decode|1|61397802f1888ea563dd9b1ea38edd23,1,sample_step,0.0002743586699219813,0.000232397,-3.814697265634666e-06,0.8470554258995574,-4.196166992198133e-05,0.8470554258995574
attn_on_pim_prefill-128xdecode_262_ops_trace.csv,decode,1,1,4,PIM1,pim,7,"Q:1,K:1,V:1,QK:1,Softmax:1,SV:1,O:1",2.4941697265634666e-05,2.1127e-05,pim|decode|1|9c4e6c099d863efd94751a80c7e404c5,1,sample_step,0.0002743586699219813,0.000232397,-3.814697265634666e-06,0.8470554258995574,-4.196166992198133e-05,0.8470554258995574
attn_on_pim_prefill-128xdecode_262_ops_trace.csv,decode,1,1,5,GPU0,npu,12,"LN:-1,Add:-1,LN:-1,FFN_W1:0,FFN_W3:0,FFN_W1:1,FFN_W3:1,SwiGLU:0,SwiGLU:1,FFN_W2:0,FFN_W2:1,Add:-1",0.00032135900410334983,0.0003713023900985718,npu|decode|1|2ef4409498d14c672a4fbbfe6786cce6,1,sample_step,0.003534949045136848,0.00408432629108429,4.994338599522194e-05,1.155413059405549,0.0005493772459474414,1.155413059405549
attn_on_pim_prefill-128xdecode_262_ops_trace.csv,decode,1,1,5,PIM0,pim,7,"Q:0,K:0,V:0,QK:0,Softmax:0,SV:0,O:0",2.4941697265634666e-05,2.1127e-05,pim|decode|1|61397802f1888ea563dd9b1ea38edd23,1,sample_step,0.0002743586699219813,0.000232397,-3.814697265634666e-06,0.8470554258995574,-4.196166992198133e-05,0.8470554258995574
attn_on_pim_prefill-128xdecode_262_ops_trace.csv,decode,1,1,5,PIM1,pim,7,"Q:1,K:1,V:1,QK:1,Softmax:1,SV:1,O:1",2.4941697265634666e-05,2.1127e-05,pim|decode|1|9c4e6c099d863efd94751a80c7e404c5,1,sample_step,0.0002743586699219813,0.000232397,-3.814697265634666e-06,0.8470554258995574,-4.196166992198133e-05,0.8470554258995574
attn_on_pim_prefill-128xdecode_262_ops_trace.csv,decode,1,1,6,GPU0,npu,12,"LN:-1,Add:-1,LN:-1,FFN_W1:0,FFN_W3:0,FFN_W1:1,FFN_W3:1,SwiGLU:0,SwiGLU:1,FFN_W2:0,FFN_W2:1,Add:-1",0.00032135900410334983,0.0003713023900985718,npu|decode|1|2ef4409498d14c672a4fbbfe6786cce6,1,sample_step,0.003534949045136848,0.00408432629108429,4.994338599522194e-05,1.155413059405549,0.0005493772459474414,1.155413059405549
attn_on_pim_prefill-128xdecode_262_ops_trace.csv,decode,1,1,6,PIM0,pim,7,"Q:0,K:0,V:0,QK:0,Softmax:0,SV:0,O:0",2.4941697265634666e-05,2.1127e-05,pim|decode|1|61397802f1888ea563dd9b1ea38edd23,1,sample_step,0.0002743586699219813,0.000232397,-3.814697265634666e-06,0.8470554258995574,-4.196166992198133e-05,0.8470554258995574
attn_on_pim_prefill-128xdecode_262_ops_trace.csv,decode,1,1,6,PIM1,pim,7,"Q:1,K:1,V:1,QK:1,Softmax:1,SV:1,O:1",2.4941697265634666e-05,2.1127e-05,pim|decode|1|9c4e6c099d863efd94751a80c7e404c5,1,sample_step,0.0002743586699219813,0.000232397,-3.814697265634666e-06,0.8470554258995574,-4.196166992198133e-05,0.8470554258995574
attn_on_pim_prefill-128xdecode_262_ops_trace.csv,decode,1,1,7,GPU0,npu,12,"LN:-1,Add:-1,LN:-1,FFN_W1:0,FFN_W3:0,FFN_W1:1,FFN_W3:1,SwiGLU:0,SwiGLU:1,FFN_W2:0,FFN_W2:1,Add:-1",0.00032135900410334983,0.0003713023900985718,npu|decode|1|2ef4409498d14c672a4fbbfe6786cce6,1,sample_step,0.003534949045136848,0.00408432629108429,4.994338599522194e-05,1.155413059405549,0.0005493772459474414,1.155413059405549
attn_on_pim_prefill-128xdecode_262_ops_trace.csv,decode,1,1,7,PIM0,pim,7,"Q:0,K:0,V:0,QK:0,Softmax:0,SV:0,O:0",2.4941697265634666e-05,2.1127e-05,pim|decode|1|61397802f1888ea563dd9b1ea38edd23,1,sample_step,0.0002743586699219813,0.000232397,-3.814697265634666e-06,0.8470554258995574,-4.196166992198133e-05,0.8470554258995574
attn_on_pim_prefill-128xdecode_262_ops_trace.csv,decode,1,1,7,PIM1,pim,7,"Q:1,K:1,V:1,QK:1,Softmax:1,SV:1,O:1",2.4941697265634666e-05,2.1127e-05,pim|decode|1|9c4e6c099d863efd94751a80c7e404c5,1,sample_step,0.0002743586699219813,0.000232397,-3.814697265634666e-06,0.8470554258995574,-4.196166992198133e-05,0.8470554258995574
attn_on_pim_prefill-128xdecode_262_ops_trace.csv,decode,1,1,8,GPU0,npu,12,"LN:-1,Add:-1,LN:-1,FFN_W1:0,FFN_W3:0,FFN_W1:1,FFN_W3:1,SwiGLU:0,SwiGLU:1,FFN_W2:0,FFN_W2:1,Add:-1",0.00032135900410334983,0.0003713023900985718,npu|decode|1|2ef4409498d14c672a4fbbfe6786cce6,1,sample_step,0.003534949045136848,0.00408432629108429,4.994338599522194e-05,1.155413059405549,0.0005493772459474414,1.155413059405549
attn_on_pim_prefill-128xdecode_262_ops_trace.csv,decode,1,1,8,PIM0,pim,7,"Q:0,K:0,V:0,QK:0,Softmax:0,SV:0,O:0",2.4941697265634666e-05,2.1127e-05,pim|decode|1|61397802f1888ea563dd9b1ea38edd23,1,sample_step,0.0002743586699219813,0.000232397,-3.814697265634666e-06,0.8470554258995574,-4.196166992198133e-05,0.8470554258995574
attn_on_pim_prefill-128xdecode_262_ops_trace.csv,decode,1,1,8,PIM1,pim,7,"Q:1,K:1,V:1,QK:1,Softmax:1,SV:1,O:1",2.4941697265634666e-05,2.1127e-05,pim|decode|1|9c4e6c099d863efd94751a80c7e404c5,1,sample_step,0.0002743586699219813,0.000232397,-3.814697265634666e-06,0.8470554258995574,-4.196166992198133e-05,0.8470554258995574
attn_on_pim_prefill-128xdecode_262_ops_trace.csv,decode,1,1,9,GPU0,npu,12,"LN:-1,Add:-1,LN:-1,FFN_W1:0,FFN_W3:0,FFN_W1:1,FFN_W3:1,SwiGLU:0,SwiGLU:1,FFN_W2:0,FFN_W2:1,Add:-1",0.00032135900410334983,0.0003713023900985718,npu|decode|1|2ef4409498d14c672a4fbbfe6786cce6,1,sample_step,0.003534949045136848,0.00408432629108429,4.994338599522194e-05,1.155413059405549,0.0005493772459474414,1.155413059405549
attn_on_pim_prefill-128xdecode_262_ops_trace.csv,decode,1,1,9,PIM0,pim,7,"Q:0,K:0,V:0,QK:0,Softmax:0,SV:0,O:0",2.4941697265634666e-05,2.1127e-05,pim|decode|1|61397802f1888ea563dd9b1ea38edd23,1,sample_step,0.0002743586699219813,0.000232397,-3.814697265634666e-06,0.8470554258995574,-4.196166992198133e-05,0.8470554258995574
attn_on_pim_prefill-128xdecode_262_ops_trace.csv,decode,1,1,9,PIM1,pim,7,"Q:1,K:1,V:1,QK:1,Softmax:1,SV:1,O:1",2.4941697265634666e-05,2.1127e-05,pim|decode|1|9c4e6c099d863efd94751a80c7e404c5,1,sample_step,0.0002743586699219813,0.000232397,-3.814697265634666e-06,0.8470554258995574,-4.196166992198133e-05,0.8470554258995574
attn_on_pim_prefill-128xdecode_262_ops_trace.csv,decode,1,1,10,GPU0,npu,12,"LN:-1,Add:-1,LN:-1,FFN_W1:0,FFN_W3:0,FFN_W1:1,FFN_W3:1,SwiGLU:0,SwiGLU:1,FFN_W2:0,FFN_W2:1,Add:-1",0.00032135900410334983,0.0003713023900985718,npu|decode|1|2ef4409498d14c672a4fbbfe6786cce6,1,sample_step,0.003534949045136848,0.00408432629108429,4.994338599522194e-05,1.155413059405549,0.0005493772459474414,1.155413059405549
attn_on_pim_prefill-128xdecode_262_ops_trace.csv,decode,1,1,10,PIM0,pim,7,"Q:0,K:0,V:0,QK:0,Softmax:0,SV:0,O:0",2.4941697265634666e-05,2.1127e-05,pim|decode|1|61397802f1888ea563dd9b1ea38edd23,1,sample_step,0.0002743586699219813,0.000232397,-3.814697265634666e-06,0.8470554258995574,-4.196166992198133e-05,0.8470554258995574
attn_on_pim_prefill-128xdecode_262_ops_trace.csv,decode,1,1,10,PIM1,pim,7,"Q:1,K:1,V:1,QK:1,Softmax:1,SV:1,O:1",2.4941697265634666e-05,2.1127e-05,pim|decode|1|9c4e6c099d863efd94751a80c7e404c5,1,sample_step,0.0002743586699219813,0.000232397,-3.814697265634666e-06,0.8470554258995574,-4.196166992198133e-05,0.8470554258995574
attn_on_pim_prefill-128xdecode_262_ops_trace.csv,decode,1,1,11,GPU0,npu,12,"LN:-1,Add:-1,LN:-1,FFN_W1:0,FFN_W3:0,FFN_W1:1,FFN_W3:1,SwiGLU:0,SwiGLU:1,FFN_W2:0,FFN_W2:1,Add:-1",0.00032135900410334983,0.0003713023900985718,npu|decode|1|2ef4409498d14c672a4fbbfe6786cce6,1,sample_step,0.003534949045136848,0.00408432629108429,4.994338599522194e-05,1.155413059405549,0.0005493772459474414,1.155413059405549
attn_on_pim_prefill-128xdecode_262_ops_trace.csv,decode,1,1,11,PIM0,pim,7,"Q:0,K:0,V:0,QK:0,Softmax:0,SV:0,O:0",2.4941697265634666e-05,2.1127e-05,pim|decode|1|61397802f1888ea563dd9b1ea38edd23,1,sample_step,0.0002743586699219813,0.000232397,-3.814697265634666e-06,0.8470554258995574,-4.196166992198133e-05,0.8470554258995574
attn_on_pim_prefill-128xdecode_262_ops_trace.csv,decode,1,1,11,PIM1,pim,7,"Q:1,K:1,V:1,QK:1,Softmax:1,SV:1,O:1",2.4941697265634666e-05,2.1127e-05,pim|decode|1|9c4e6c099d863efd94751a80c7e404c5,1,sample_step,0.0002743586699219813,0.000232397,-3.814697265634666e-06,0.8470554258995574,-4.196166992198133e-05,0.8470554258995574
attn_on_pim_prefill-128xdecode_262_ops_trace.csv,decode,1,1,12,GPU0,npu,12,"LN:-1,Add:-1,LN:-1,FFN_W1:0,FFN_W3:0,FFN_W1:1,FFN_W3:1,SwiGLU:0,SwiGLU:1,FFN_W2:0,FFN_W2:1,Add:-1",0.00032135900410334983,0.0003713023900985718,npu|decode|1|2ef4409498d14c672a4fbbfe6786cce6,1,sample_step,0.003534949045136848,0.00408432629108429,4.994338599522194e-05,1.155413059405549,0.0005493772459474414,1.155413059405549
attn_on_pim_prefill-128xdecode_262_ops_trace.csv,decode,1,1,12,PIM0,pim,7,"Q:0,K:0,V:0,QK:0,Softmax:0,SV:0,O:0",2.4941697265634666e-05,2.1127e-05,pim|decode|1|61397802f1888ea563dd9b1ea38edd23,1,sample_step,0.0002743586699219813,0.000232397,-3.814697265634666e-06,0.8470554258995574,-4.196166992198133e-05,0.8470554258995574
attn_on_pim_prefill-128xdecode_262_ops_trace.csv,decode,1,1,12,PIM1,pim,7,"Q:1,K:1,V:1,QK:1,Softmax:1,SV:1,O:1",2.4941697265634666e-05,2.1127e-05,pim|decode|1|9c4e6c099d863efd94751a80c7e404c5,1,sample_step,0.0002743586699219813,0.000232397,-3.814697265634666e-06,0.8470554258995574,-4.196166992198133e-05,0.8470554258995574
attn_on_pim_prefill-128xdecode_262_ops_trace.csv,decode,1,1,13,GPU0,npu,12,"LN:-1,Add:-1,LN:-1,FFN_W1:0,FFN_W3:0,FFN_W1:1,FFN_W3:1,SwiGLU:0,SwiGLU:1,FFN_W2:0,FFN_W2:1,Add:-1",0.00032135900410334983,0.0003713023900985718,npu|decode|1|2ef4409498d14c672a4fbbfe6786cce6,1,sample_step,0.003534949045136848,0.00408432629108429,4.994338599522194e-05,1.155413059405549,0.0005493772459474414,1.155413059405549
attn_on_pim_prefill-128xdecode_262_ops_trace.csv,decode,1,1,13,PIM0,pim,7,"Q:0,K:0,V:0,QK:0,Softmax:0,SV:0,O:0",2.4941697265634666e-05,2.1127e-05,pim|decode|1|61397802f1888ea563dd9b1ea38edd23,1,sample_step,0.0002743586699219813,0.000232397,-3.814697265634666e-06,0.8470554258995574,-4.196166992198133e-05,0.8470554258995574
attn_on_pim_prefill-128xdecode_262_ops_trace.csv,decode,1,1,13,PIM1,pim,7,"Q:1,K:1,V:1,QK:1,Softmax:1,SV:1,O:1",2.4941697265634666e-05,2.1127e-05,pim|decode|1|9c4e6c099d863efd94751a80c7e404c5,1,sample_step,0.0002743586699219813,0.000232397,-3.814697265634666e-06,0.8470554258995574,-4.196166992198133e-05,0.8470554258995574
attn_on_pim_prefill-128xdecode_262_ops_trace.csv,decode,1,1,14,GPU0,npu,12,"LN:-1,Add:-1,LN:-1,FFN_W1:0,FFN_W3:0,FFN_W1:1,FFN_W3:1,SwiGLU:0,SwiGLU:1,FFN_W2:0,FFN_W2:1,Add:-1",0.00032135900410334983,0.0003713023900985718,npu|decode|1|2ef4409498d14c672a4fbbfe6786cce6,1,sample_step,0.003534949045136848,0.00408432629108429,4.994338599522194e-05,1.155413059405549,0.0005493772459474414,1.155413059405549
attn_on_pim_prefill-128xdecode_262_ops_trace.csv,decode,1,1,14,PIM0,pim,7,"Q:0,K:0,V:0,QK:0,Softmax:0,SV:0,O:0",2.4941697265634666e-05,2.1127e-05,pim|decode|1|61397802f1888ea563dd9b1ea38edd23,1,sample_step,0.0002743586699219813,0.000232397,-3.814697265634666e-06,0.8470554258995574,-4.196166992198133e-05,0.8470554258995574
attn_on_pim_prefill-128xdecode_262_ops_trace.csv,decode,1,1,14,PIM1,pim,7,"Q:1,K:1,V:1,QK:1,Softmax:1,SV:1,O:1",2.4941697265634666e-05,2.1127e-05,pim|decode|1|9c4e6c099d863efd94751a80c7e404c5,1,sample_step,0.0002743586699219813,0.000232397,-3.814697265634666e-06,0.8470554258995574,-4.196166992198133e-05,0.8470554258995574
attn_on_pim_prefill-128xdecode_262_ops_trace.csv,decode,1,1,15,GPU0,npu,12,"LN:-1,Add:-1,LN:-1,FFN_W1:0,FFN_W3:0,FFN_W1:1,FFN_W3:1,SwiGLU:0,SwiGLU:1,FFN_W2:0,FFN_W2:1,Add:-1",0.00032135900410334983,0.0003713023900985718,npu|decode|1|2ef4409498d14c672a4fbbfe6786cce6,1,sample_step,0.003534949045136848,0.00408432629108429,4.994338599522194e-05,1.155413059405549,0.0005493772459474414,1.155413059405549
attn_on_pim_prefill-128xdecode_262_ops_trace.csv,decode,1,1,15,PIM0,pim,7,"Q:0,K:0,V:0,QK:0,Softmax:0,SV:0,O:0",2.4941697265634666e-05,2.1127e-05,pim|decode|1|61397802f1888ea563dd9b1ea38edd23,1,sample_step,0.0002743586699219813,0.000232397,-3.814697265634666e-06,0.8470554258995574,-4.196166992198133e-05,0.8470554258995574
attn_on_pim_prefill-128xdecode_262_ops_trace.csv,decode,1,1,15,PIM1,pim,7,"Q:1,K:1,V:1,QK:1,Softmax:1,SV:1,O:1",2.4941697265634666e-05,2.1127e-05,pim|decode|1|9c4e6c099d863efd94751a80c7e404c5,1,sample_step,0.0002743586699219813,0.000232397,-3.814697265634666e-06,0.8470554258995574,-4.196166992198133e-05,0.8470554258995574
attn_on_pim_prefill-128xdecode_262_ops_trace.csv,decode,1,1,16,GPU0,npu,12,"LN:-1,Add:-1,LN:-1,FFN_W1:0,FFN_W3:0,FFN_W1:1,FFN_W3:1,SwiGLU:0,SwiGLU:1,FFN_W2:0,FFN_W2:1,Add:-1",0.00032135900410334983,0.0003713023900985718,npu|decode|1|2ef4409498d14c672a4fbbfe6786cce6,1,sample_step,0.003534949045136848,0.00408432629108429,4.994338599522194e-05,1.155413059405549,0.0005493772459474414,1.155413059405549
attn_on_pim_prefill-128xdecode_262_ops_trace.csv,decode,1,1,16,PIM0,pim,7,"Q:0,K:0,V:0,QK:0,Softmax:0,SV:0,O:0",2.4941697265634666e-05,2.1127e-05,pim|decode|1|61397802f1888ea563dd9b1ea38edd23,1,sample_step,0.0002743586699219813,0.000232397,-3.814697265634666e-06,0.8470554258995574,-4.196166992198133e-05,0.8470554258995574
attn_on_pim_prefill-128xdecode_262_ops_trace.csv,decode,1,1,16,PIM1,pim,7,"Q:1,K:1,V:1,QK:1,Softmax:1,SV:1,O:1",2.4941697265634666e-05,2.1127e-05,pim|decode|1|9c4e6c099d863efd94751a80c7e404c5,1,sample_step,0.0002743586699219813,0.000232397,-3.814697265634666e-06,0.8470554258995574,-4.196166992198133e-05,0.8470554258995574
attn_on_pim_prefill-128xdecode_262_ops_trace.csv,decode,1,1,17,GPU0,npu,12,"LN:-1,Add:-1,LN:-1,FFN_W1:0,FFN_W3:0,FFN_W1:1,FFN_W3:1,SwiGLU:0,SwiGLU:1,FFN_W2:0,FFN_W2:1,Add:-1",0.00032135900410334983,0.0003713023900985718,npu|decode|1|2ef4409498d14c672a4fbbfe6786cce6,1,sample_step,0.003534949045136848,0.00408432629108429,4.994338599522194e-05,1.155413059405549,0.0005493772459474414,1.155413059405549
attn_on_pim_prefill-128xdecode_262_ops_trace.csv,decode,1,1,17,PIM0,pim,7,"Q:0,K:0,V:0,QK:0,Softmax:0,SV:0,O:0",2.4941697265634666e-05,2.1127e-05,pim|decode|1|61397802f1888ea563dd9b1ea38edd23,1,sample_step,0.0002743586699219813,0.000232397,-3.814697265634666e-06,0.8470554258995574,-4.196166992198133e-05,0.8470554258995574
attn_on_pim_prefill-128xdecode_262_ops_trace.csv,decode,1,1,17,PIM1,pim,7,"Q:1,K:1,V:1,QK:1,Softmax:1,SV:1,O:1",2.4941697265634666e-05,2.1127e-05,pim|decode|1|9c4e6c099d863efd94751a80c7e404c5,1,sample_step,0.0002743586699219813,0.000232397,-3.814697265634666e-06,0.8470554258995574,-4.196166992198133e-05,0.8470554258995574
attn_on_pim_prefill-128xdecode_262_ops_trace.csv,decode,1,1,18,GPU0,npu,12,"LN:-1,Add:-1,LN:-1,FFN_W1:0,FFN_W3:0,FFN_W1:1,FFN_W3:1,SwiGLU:0,SwiGLU:1,FFN_W2:0,FFN_W2:1,Add:-1",0.00032135900410334983,0.0003713023900985718,npu|decode|1|2ef4409498d14c672a4fbbfe6786cce6,1,sample_step,0.003534949045136848,0.00408432629108429,4.994338599522194e-05,1.155413059405549,0.0005493772459474414,1.155413059405549
attn_on_pim_prefill-128xdecode_262_ops_trace.csv,decode,1,1,18,PIM0,pim,7,"Q:0,K:0,V:0,QK:0,Softmax:0,SV:0,O:0",2.4941697265634666e-05,2.1127e-05,pim|decode|1|61397802f1888ea563dd9b1ea38edd23,1,sample_step,0.0002743586699219813,0.000232397,-3.814697265634666e-06,0.8470554258995574,-4.196166992198133e-05,0.8470554258995574
attn_on_pim_prefill-128xdecode_262_ops_trace.csv,decode,1,1,18,PIM1,pim,7,"Q:1,K:1,V:1,QK:1,Softmax:1,SV:1,O:1",2.4941697265634666e-05,2.1127e-05,pim|decode|1|9c4e6c099d863efd94751a80c7e404c5,1,sample_step,0.0002743586699219813,0.000232397,-3.814697265634666e-06,0.8470554258995574,-4.196166992198133e-05,0.8470554258995574
attn_on_pim_prefill-128xdecode_262_ops_trace.csv,decode,1,1,19,GPU0,npu,12,"LN:-1,Add:-1,LN:-1,FFN_W1:0,FFN_W3:0,FFN_W1:1,FFN_W3:1,SwiGLU:0,SwiGLU:1,FFN_W2:0,FFN_W2:1,Add:-1",0.00032135900410334983,0.0003713023900985718,npu|decode|1|2ef4409498d14c672a4fbbfe6786cce6,1,sample_step,0.003534949045136848,0.00408432629108429,4.994338599522194e-05,1.155413059405549,0.0005493772459474414,1.155413059405549
attn_on_pim_prefill-128xdecode_262_ops_trace.csv,decode,1,1,19,PIM0,pim,7,"Q:0,K:0,V:0,QK:0,Softmax:0,SV:0,O:0",2.4941697265634666e-05,2.1127e-05,pim|decode|1|61397802f1888ea563dd9b1ea38edd23,1,sample_step,0.0002743586699219813,0.000232397,-3.814697265634666e-06,0.8470554258995574,-4.196166992198133e-05,0.8470554258995574
attn_on_pim_prefill-128xdecode_262_ops_trace.csv,decode,1,1,19,PIM1,pim,7,"Q:1,K:1,V:1,QK:1,Softmax:1,SV:1,O:1",2.4941697265634666e-05,2.1127e-05,pim|decode|1|9c4e6c099d863efd94751a80c7e404c5,1,sample_step,0.0002743586699219813,0.000232397,-3.814697265634666e-06,0.8470554258995574,-4.196166992198133e-05,0.8470554258995574
attn_on_pim_prefill-128xdecode_262_ops_trace.csv,decode,1,1,20,GPU0,npu,12,"LN:-1,Add:-1,LN:-1,FFN_W1:0,FFN_W3:0,FFN_W1:1,FFN_W3:1,SwiGLU:0,SwiGLU:1,FFN_W2:0,FFN_W2:1,Add:-1",0.00032135900410334983,0.0003713023900985718,npu|decode|1|2ef4409498d14c672a4fbbfe6786cce6,1,sample_step,0.003534949045136848,0.00408432629108429,4.994338599522194e-05,1.155413059405549,0.0005493772459474414,1.155413059405549
attn_on_pim_prefill-128xdecode_262_ops_trace.csv,decode,1,1,20,PIM0,pim,7,"Q:0,K:0,V:0,QK:0,Softmax:0,SV:0,O:0",2.4941697265634666e-05,2.1127e-05,pim|decode|1|61397802f1888ea563dd9b1ea38edd23,1,sample_step,0.0002743586699219813,0.000232397,-3.814697265634666e-06,0.8470554258995574,-4.196166992198133e-05,0.8470554258995574
attn_on_pim_prefill-128xdecode_262_ops_trace.csv,decode,1,1,20,PIM1,pim,7,"Q:1,K:1,V:1,QK:1,Softmax:1,SV:1,O:1",2.4941697265634666e-05,2.1127e-05,pim|decode|1|9c4e6c099d863efd94751a80c7e404c5,1,sample_step,0.0002743586699219813,0.000232397,-3.814697265634666e-06,0.8470554258995574,-4.196166992198133e-05,0.8470554258995574
attn_on_pim_prefill-128xdecode_262_ops_trace.csv,decode,1,1,21,GPU0,npu,12,"LN:-1,Add:-1,LN:-1,FFN_W1:0,FFN_W3:0,FFN_W1:1,FFN_W3:1,SwiGLU:0,SwiGLU:1,FFN_W2:0,FFN_W2:1,Add:-1",0.00032135900410334983,0.0003713023900985718,npu|decode|1|2ef4409498d14c672a4fbbfe6786cce6,1,sample_step,0.003534949045136848,0.00408432629108429,4.994338599522194e-05,1.155413059405549,0.0005493772459474414,1.155413059405549
attn_on_pim_prefill-128xdecode_262_ops_trace.csv,decode,1,1,21,PIM0,pim,7,"Q:0,K:0,V:0,QK:0,Softmax:0,SV:0,O:0",2.4941697265634666e-05,2.1127e-05,pim|decode|1|61397802f1888ea563dd9b1ea38edd23,1,sample_step,0.0002743586699219813,0.000232397,-3.814697265634666e-06,0.8470554258995574,-4.196166992198133e-05,0.8470554258995574
attn_on_pim_prefill-128xdecode_262_ops_trace.csv,decode,1,1,21,PIM1,pim,7,"Q:1,K:1,V:1,QK:1,Softmax:1,SV:1,O:1",2.4941697265634666e-05,2.1127e-05,pim|decode|1|9c4e6c099d863efd94751a80c7e404c5,1,sample_step,0.0002743586699219813,0.000232397,-3.814697265634666e-06,0.8470554258995574,-4.196166992198133e-05,0.8470554258995574
attn_on_pim_prefill-128xdecode_262_ops_trace.csv,decode,1,1,22,GPU0,npu,12,"LN:-1,Add:-1,LN:-1,FFN_W1:0,FFN_W3:0,FFN_W1:1,FFN_W3:1,SwiGLU:0,SwiGLU:1,FFN_W2:0,FFN_W2:1,Add:-1",0.00032135900410334983,0.0003713023900985718,npu|decode|1|2ef4409498d14c672a4fbbfe6786cce6,1,sample_step,0.003534949045136848,0.00408432629108429,4.994338599522194e-05,1.155413059405549,0.0005493772459474414,1.155413059405549
attn_on_pim_prefill-128xdecode_262_ops_trace.csv,decode,1,1,22,PIM0,pim,7,"Q:0,K:0,V:0,QK:0,Softmax:0,SV:0,O:0",2.4941697265634666e-05,2.1127e-05,pim|decode|1|61397802f1888ea563dd9b1ea38edd23,1,sample_step,0.0002743586699219813,0.000232397,-3.814697265634666e-06,0.8470554258995574,-4.196166992198133e-05,0.8470554258995574
attn_on_pim_prefill-128xdecode_262_ops_trace.csv,decode,1,1,22,PIM1,pim,7,"Q:1,K:1,V:1,QK:1,Softmax:1,SV:1,O:1",2.4941697265634666e-05,2.1127e-05,pim|decode|1|9c4e6c099d863efd94751a80c7e404c5,1,sample_step,0.0002743586699219813,0.000232397,-3.814697265634666e-06,0.8470554258995574,-4.196166992198133e-05,0.8470554258995574
attn_on_pim_prefill-128xdecode_262_ops_trace.csv,decode,1,1,23,GPU0,npu,12,"LN:-1,Add:-1,LN:-1,FFN_W1:0,FFN_W3:0,FFN_W1:1,FFN_W3:1,SwiGLU:0,SwiGLU:1,FFN_W2:0,FFN_W2:1,Add:-1",0.00032135900410334983,0.0003713023900985718,npu|decode|1|2ef4409498d14c672a4fbbfe6786cce6,1,sample_step,0.003534949045136848,0.00408432629108429,4.994338599522194e-05,1.155413059405549,0.0005493772459474414,1.155413059405549
attn_on_pim_prefill-128xdecode_262_ops_trace.csv,decode,1,1,23,PIM0,pim,7,"Q:0,K:0,V:0,QK:0,Softmax:0,SV:0,O:0",2.4941697265634666e-05,2.1127e-05,pim|decode|1|61397802f1888ea563dd9b1ea38edd23,1,sample_step,0.0002743586699219813,0.000232397,-3.814697265634666e-06,0.8470554258995574,-4.196166992198133e-05,0.8470554258995574
attn_on_pim_prefill-128xdecode_262_ops_trace.csv,decode,1,1,23,PIM1,pim,7,"Q:1,K:1,V:1,QK:1,Softmax:1,SV:1,O:1",2.4941697265634666e-05,2.1127e-05,pim|decode|1|9c4e6c099d863efd94751a80c7e404c5,1,sample_step,0.0002743586699219813,0.000232397,-3.814697265634666e-06,0.8470554258995574,-4.196166992198133e-05,0.8470554258995574
attn_on_pim_prefill-128xdecode_262_ops_trace.csv,decode,1,1,24,GPU0,npu,12,"LN:-1,Add:-1,LN:-1,FFN_W1:0,FFN_W3:0,FFN_W1:1,FFN_W3:1,SwiGLU:0,SwiGLU:1,FFN_W2:0,FFN_W2:1,Add:-1",0.00032135900410334983,0.0003713023900985718,npu|decode|1|2ef4409498d14c672a4fbbfe6786cce6,1,sample_step,0.003534949045136848,0.00408432629108429,4.994338599522194e-05,1.155413059405549,0.0005493772459474414,1.155413059405549
attn_on_pim_prefill-128xdecode_262_ops_trace.csv,decode,1,1,24,PIM0,pim,7,"Q:0,K:0,V:0,QK:0,Softmax:0,SV:0,O:0",2.4941697265634666e-05,2.1127e-05,pim|decode|1|61397802f1888ea563dd9b1ea38edd23,1,sample_step,0.0002743586699219813,0.000232397,-3.814697265634666e-06,0.8470554258995574,-4.196166992198133e-05,0.8470554258995574
attn_on_pim_prefill-128xdecode_262_ops_trace.csv,decode,1,1,24,PIM1,pim,7,"Q:1,K:1,V:1,QK:1,Softmax:1,SV:1,O:1",2.4941697265634666e-05,2.1127e-05,pim|decode|1|9c4e6c099d863efd94751a80c7e404c5,1,sample_step,0.0002743586699219813,0.000232397,-3.814697265634666e-06,0.8470554258995574,-4.196166992198133e-05,0.8470554258995574
attn_on_pim_prefill-128xdecode_262_ops_trace.csv,decode,1,1,25,GPU0,npu,12,"LN:-1,Add:-1,LN:-1,FFN_W1:0,FFN_W3:0,FFN_W1:1,FFN_W3:1,SwiGLU:0,SwiGLU:1,FFN_W2:0,FFN_W2:1,Add:-1",0.00032135900410334983,0.0003713023900985718,npu|decode|1|2ef4409498d14c672a4fbbfe6786cce6,1,sample_step,0.003534949045136848,0.00408432629108429,4.994338599522194e-05,1.155413059405549,0.0005493772459474414,1.155413059405549
attn_on_pim_prefill-128xdecode_262_ops_trace.csv,decode,1,1,25,PIM0,pim,7,"Q:0,K:0,V:0,QK:0,Softmax:0,SV:0,O:0",2.4941697265634666e-05,2.1127e-05,pim|decode|1|61397802f1888ea563dd9b1ea38edd23,1,sample_step,0.0002743586699219813,0.000232397,-3.814697265634666e-06,0.8470554258995574,-4.196166992198133e-05,0.8470554258995574
attn_on_pim_prefill-128xdecode_262_ops_trace.csv,decode,1,1,25,PIM1,pim,7,"Q:1,K:1,V:1,QK:1,Softmax:1,SV:1,O:1",2.4941697265634666e-05,2.1127e-05,pim|decode|1|9c4e6c099d863efd94751a80c7e404c5,1,sample_step,0.0002743586699219813,0.000232397,-3.814697265634666e-06,0.8470554258995574,-4.196166992198133e-05,0.8470554258995574
attn_on_pim_prefill-128xdecode_262_ops_trace.csv,decode,1,1,26,GPU0,npu,12,"LN:-1,Add:-1,LN:-1,FFN_W1:0,FFN_W3:0,FFN_W1:1,FFN_W3:1,SwiGLU:0,SwiGLU:1,FFN_W2:0,FFN_W2:1,Add:-1",0.00032135900410334983,0.0003713023900985718,npu|decode|1|2ef4409498d14c672a4fbbfe6786cce6,1,sample_step,0.003534949045136848,0.00408432629108429,4.994338599522194e-05,1.155413059405549,0.0005493772459474414,1.155413059405549
attn_on_pim_prefill-128xdecode_262_ops_trace.csv,decode,1,1,26,PIM0,pim,7,"Q:0,K:0,V:0,QK:0,Softmax:0,SV:0,O:0",2.4941697265634666e-05,2.1127e-05,pim|decode|1|61397802f1888ea563dd9b1ea38edd23,1,sample_step,0.0002743586699219813,0.000232397,-3.814697265634666e-06,0.8470554258995574,-4.196166992198133e-05,0.8470554258995574
attn_on_pim_prefill-128xdecode_262_ops_trace.csv,decode,1,1,26,PIM1,pim,7,"Q:1,K:1,V:1,QK:1,Softmax:1,SV:1,O:1",2.4941697265634666e-05,2.1127e-05,pim|decode|1|9c4e6c099d863efd94751a80c7e404c5,1,sample_step,0.0002743586699219813,0.000232397,-3.814697265634666e-06,0.8470554258995574,-4.196166992198133e-05,0.8470554258995574
attn_on_pim_prefill-128xdecode_262_ops_trace.csv,decode,1,1,27,GPU0,npu,12,"LN:-1,Add:-1,LN:-1,FFN_W1:0,FFN_W3:0,FFN_W1:1,FFN_W3:1,SwiGLU:0,SwiGLU:1,FFN_W2:0,FFN_W2:1,Add:-1",0.00032135900410334983,0.0003713023900985718,npu|decode|1|2ef4409498d14c672a4fbbfe6786cce6,1,sample_step,0.003534949045136848,0.00408432629108429,4.994338599522194e-05,1.155413059405549,0.0005493772459474414,1.155413059405549
attn_on_pim_prefill-128xdecode_262_ops_trace.csv,decode,1,1,27,PIM0,pim,7,"Q:0,K:0,V:0,QK:0,Softmax:0,SV:0,O:0",2.4941697265634666e-05,2.1127e-05,pim|decode|1|61397802f1888ea563dd9b1ea38edd23,1,sample_step,0.0002743586699219813,0.000232397,-3.814697265634666e-06,0.8470554258995574,-4.196166992198133e-05,0.8470554258995574
attn_on_pim_prefill-128xdecode_262_ops_trace.csv,decode,1,1,27,PIM1,pim,7,"Q:1,K:1,V:1,QK:1,Softmax:1,SV:1,O:1",2.4941697265634666e-05,2.1127e-05,pim|decode|1|9c4e6c099d863efd94751a80c7e404c5,1,sample_step,0.0002743586699219813,0.000232397,-3.814697265634666e-06,0.8470554258995574,-4.196166992198133e-05,0.8470554258995574
attn_on_pim_prefill-128xdecode_262_ops_trace.csv,decode,1,1,28,GPU0,npu,12,"LN:-1,Add:-1,LN:-1,FFN_W1:0,FFN_W3:0,FFN_W1:1,FFN_W3:1,SwiGLU:0,SwiGLU:1,FFN_W2:0,FFN_W2:1,Add:-1",0.00032135900410334983,0.0003713023900985718,npu|decode|1|2ef4409498d14c672a4fbbfe6786cce6,1,sample_step,0.003534949045136848,0.00408432629108429,4.994338599522194e-05,1.155413059405549,0.0005493772459474414,1.155413059405549
attn_on_pim_prefill-128xdecode_262_ops_trace.csv,decode,1,1,28,PIM0,pim,7,"Q:0,K:0,V:0,QK:0,Softmax:0,SV:0,O:0",2.4941697265634666e-05,2.1127e-05,pim|decode|1|61397802f1888ea563dd9b1ea38edd23,1,sample_step,0.0002743586699219813,0.000232397,-3.814697265634666e-06,0.8470554258995574,-4.196166992198133e-05,0.8470554258995574
attn_on_pim_prefill-128xdecode_262_ops_trace.csv,decode,1,1,28,PIM1,pim,7,"Q:1,K:1,V:1,QK:1,Softmax:1,SV:1,O:1",2.4941697265634666e-05,2.1127e-05,pim|decode|1|9c4e6c099d863efd94751a80c7e404c5,1,sample_step,0.0002743586699219813,0.000232397,-3.814697265634666e-06,0.8470554258995574,-4.196166992198133e-05,0.8470554258995574
attn_on_pim_prefill-128xdecode_262_ops_trace.csv,decode,1,1,29,GPU0,npu,12,"LN:-1,Add:-1,LN:-1,FFN_W1:0,FFN_W3:0,FFN_W1:1,FFN_W3:1,SwiGLU:0,SwiGLU:1,FFN_W2:0,FFN_W2:1,Add:-1",0.00032135900410334983,0.0003713023900985718,npu|decode|1|2ef4409498d14c672a4fbbfe6786cce6,1,sample_step,0.003534949045136848,0.00408432629108429,4.994338599522194e-05,1.155413059405549,0.0005493772459474414,1.155413059405549
attn_on_pim_prefill-128xdecode_262_ops_trace.csv,decode,1,1,29,PIM0,pim,7,"Q:0,K:0,V:0,QK:0,Softmax:0,SV:0,O:0",2.4941697265634666e-05,2.1127e-05,pim|decode|1|61397802f1888ea563dd9b1ea38edd23,1,sample_step,0.0002743586699219813,0.000232397,-3.814697265634666e-06,0.8470554258995574,-4.196166992198133e-05,0.8470554258995574
attn_on_pim_prefill-128xdecode_262_ops_trace.csv,decode,1,1,29,PIM1,pim,7,"Q:1,K:1,V:1,QK:1,Softmax:1,SV:1,O:1",2.4941697265634666e-05,2.1127e-05,pim|decode|1|9c4e6c099d863efd94751a80c7e404c5,1,sample_step,0.0002743586699219813,0.000232397,-3.814697265634666e-06,0.8470554258995574,-4.196166992198133e-05,0.8470554258995574
attn_on_pim_prefill-128xdecode_262_ops_trace.csv,decode,1,1,30,GPU0,npu,12,"LN:-1,Add:-1,LN:-1,FFN_W1:0,FFN_W3:0,FFN_W1:1,FFN_W3:1,SwiGLU:0,SwiGLU:1,FFN_W2:0,FFN_W2:1,Add:-1",0.00032135900410334983,0.0003713023900985718,npu|decode|1|2ef4409498d14c672a4fbbfe6786cce6,1,sample_step,0.003534949045136848,0.00408432629108429,4.994338599522194e-05,1.155413059405549,0.0005493772459474414,1.155413059405549
attn_on_pim_prefill-128xdecode_262_ops_trace.csv,decode,1,1,30,PIM0,pim,7,"Q:0,K:0,V:0,QK:0,Softmax:0,SV:0,O:0",2.4941697265634666e-05,2.1127e-05,pim|decode|1|61397802f1888ea563dd9b1ea38edd23,1,sample_step,0.0002743586699219813,0.000232397,-3.814697265634666e-06,0.8470554258995574,-4.196166992198133e-05,0.8470554258995574
attn_on_pim_prefill-128xdecode_262_ops_trace.csv,decode,1,1,30,PIM1,pim,7,"Q:1,K:1,V:1,QK:1,Softmax:1,SV:1,O:1",2.4941697265634666e-05,2.1127e-05,pim|decode|1|9c4e6c099d863efd94751a80c7e404c5,1,sample_step,0.0002743586699219813,0.000232397,-3.814697265634666e-06,0.8470554258995574,-4.196166992198133e-05,0.8470554258995574
attn_on_pim_prefill-128xdecode_262_ops_trace.csv,decode,1,1,31,GPU0,npu,12,"LN:-1,Add:-1,LN:-1,FFN_W1:0,FFN_W3:0,FFN_W1:1,FFN_W3:1,SwiGLU:0,SwiGLU:1,FFN_W2:0,FFN_W2:1,Add:-1",0.00032135900410334983,0.0003713023900985718,npu|decode|1|2ef4409498d14c672a4fbbfe6786cce6,1,sample_step,0.003534949045136848,0.00408432629108429,4.994338599522194e-05,1.155413059405549,0.0005493772459474414,1.155413059405549
attn_on_pim_prefill-128xdecode_262_ops_trace.csv,decode,1,1,31,PIM0,pim,7,"Q:0,K:0,V:0,QK:0,Softmax:0,SV:0,O:0",2.4941697265634666e-05,2.1127e-05,pim|decode|1|61397802f1888ea563dd9b1ea38edd23,1,sample_step,0.0002743586699219813,0.000232397,-3.814697265634666e-06,0.8470554258995574,-4.196166992198133e-05,0.8470554258995574
attn_on_pim_prefill-128xdecode_262_ops_trace.csv,decode,1,1,31,PIM1,pim,7,"Q:1,K:1,V:1,QK:1,Softmax:1,SV:1,O:1",2.4941697265634666e-05,2.1127e-05,pim|decode|1|9c4e6c099d863efd94751a80c7e404c5,1,sample_step,0.0002743586699219813,0.000232397,-3.814697265634666e-06,0.8470554258995574,-4.196166992198133e-05,0.8470554258995574
attn_on_pim_prefill-128xdecode_262_ops_trace.csv,decode,2,11,0,GPU0,npu,12,"LN:-1,Add:-1,LN:-1,FFN_W1:0,FFN_W3:0,FFN_W1:1,FFN_W3:1,SwiGLU:0,SwiGLU:1,FFN_W2:0,FFN_W2:1,Add:-1",0.00032135900410334983,0.0003713023900985718,npu|decode|2|2ef4409498d14c672a4fbbfe6786cce6,2,sample_step,0.003856308049240198,0.0044556286811828615,4.994338599522194e-05,1.155413059405549,0.0005993206319426635,1.155413059405549
attn_on_pim_prefill-128xdecode_262_ops_trace.csv,decode,2,11,0,PIM0,pim,7,"Q:0,K:0,V:0,QK:0,Softmax:0,SV:0,O:0",2.4941697265634666e-05,2.1127e-05,pim|decode|2|61397802f1888ea563dd9b1ea38edd23,2,sample_step,0.000299300367187616,0.000253524,-3.814697265634666e-06,0.8470554258995574,-4.577636718761601e-05,0.8470554258995574
attn_on_pim_prefill-128xdecode_262_ops_trace.csv,decode,2,11,0,PIM1,pim,7,"Q:1,K:1,V:1,QK:1,Softmax:1,SV:1,O:1",2.4941697265634666e-05,2.1127e-05,pim|decode|2|9c4e6c099d863efd94751a80c7e404c5,2,sample_step,0.000299300367187616,0.000253524,-3.814697265634666e-06,0.8470554258995574,-4.577636718761601e-05,0.8470554258995574
attn_on_pim_prefill-128xdecode_262_ops_trace.csv,decode,2,11,1,GPU0,npu,12,"LN:-1,Add:-1,LN:-1,FFN_W1:0,FFN_W3:0,FFN_W1:1,FFN_W3:1,SwiGLU:0,SwiGLU:1,FFN_W2:0,FFN_W2:1,Add:-1",0.00032135900410334983,0.0003713023900985718,npu|decode|2|2ef4409498d14c672a4fbbfe6786cce6,2,sample_step,0.003856308049240198,0.0044556286811828615,4.994338599522194e-05,1.155413059405549,0.0005993206319426635,1.155413059405549
attn_on_pim_prefill-128xdecode_262_ops_trace.csv,decode,2,11,1,PIM0,pim,7,"Q:0,K:0,V:0,QK:0,Softmax:0,SV:0,O:0",2.4941697265634666e-05,2.1127e-05,pim|decode|2|61397802f1888ea563dd9b1ea38edd23,2,sample_step,0.000299300367187616,0.000253524,-3.814697265634666e-06,0.8470554258995574,-4.577636718761601e-05,0.8470554258995574
attn_on_pim_prefill-128xdecode_262_ops_trace.csv,decode,2,11,1,PIM1,pim,7,"Q:1,K:1,V:1,QK:1,Softmax:1,SV:1,O:1",2.4941697265634666e-05,2.1127e-05,pim|decode|2|9c4e6c099d863efd94751a80c7e404c5,2,sample_step,0.000299300367187616,0.000253524,-3.814697265634666e-06,0.8470554258995574,-4.577636718761601e-05,0.8470554258995574
attn_on_pim_prefill-128xdecode_262_ops_trace.csv,decode,2,11,2,GPU0,npu,12,"LN:-1,Add:-1,LN:-1,FFN_W1:0,FFN_W3:0,FFN_W1:1,FFN_W3:1,SwiGLU:0,SwiGLU:1,FFN_W2:0,FFN_W2:1,Add:-1",0.00032135900410334983,0.0003713023900985718,npu|decode|2|2ef4409498d14c672a4fbbfe6786cce6,2,sample_step,0.003856308049240198,0.0044556286811828615,4.994338599522194e-05,1.155413059405549,0.0005993206319426635,1.155413059405549
attn_on_pim_prefill-128xdecode_262_ops_trace.csv,decode,2,11,2,PIM0,pim,7,"Q:0,K:0,V:0,QK:0,Softmax:0,SV:0,O:0",2.4941697265634666e-05,2.1127e-05,pim|decode|2|61397802f1888ea563dd9b1ea38edd23,2,sample_step,0.000299300367187616,0.000253524,-3.814697265634666e-06,0.8470554258995574,-4.577636718761601e-05,0.8470554258995574
attn_on_pim_prefill-128xdecode_262_ops_trace.csv,decode,2,11,2,PIM1,pim,7,"Q:1,K:1,V:1,QK:1,Softmax:1,SV:1,O:1",2.4941697265634666e-05,2.1127e-05,pim|decode|2|9c4e6c099d863efd94751a80c7e404c5,2,sample_step,0.000299300367187616,0.000253524,-3.814697265634666e-06,0.8470554258995574,-4.577636718761601e-05,0.8470554258995574
attn_on_pim_prefill-128xdecode_262_ops_trace.csv,decode,2,11,3,GPU0,npu,12,"LN:-1,Add:-1,LN:-1,FFN_W1:0,FFN_W3:0,FFN_W1:1,FFN_W3:1,SwiGLU:0,SwiGLU:1,FFN_W2:0,FFN_W2:1,Add:-1",0.00032135900410334983,0.0003713023900985718,npu|decode|2|2ef4409498d14c672a4fbbfe6786cce6,2,sample_step,0.003856308049240198,0.0044556286811828615,4.994338599522194e-05,1.155413059405549,0.0005993206319426635,1.155413059405549
attn_on_pim_prefill-128xdecode_262_ops_trace.csv,decode,2,11,3,PIM0,pim,7,"Q:0,K:0,V:0,QK:0,Softmax:0,SV:0,O:0",2.4941697265634666e-05,2.1127e-05,pim|decode|2|61397802f1888ea563dd9b1ea38edd23,2,sample_step,0.000299300367187616,0.000253524,-3.814697265634666e-06,0.8470554258995574,-4.577636718761601e-05,0.8470554258995574
attn_on_pim_prefill-128xdecode_262_ops_trace.csv,decode,2,11,3,PIM1,pim,7,"Q:1,K:1,V:1,QK:1,Softmax:1,SV:1,O:1",2.4941697265634666e-05,2.1127e-05,pim|decode|2|9c4e6c099d863efd94751a80c7e404c5,2,sample_step,0.000299300367187616,0.000253524,-3.814697265634666e-06,0.8470554258995574,-4.577636718761601e-05,0.8470554258995574
attn_on_pim_prefill-128xdecode_262_ops_trace.csv,decode,2,11,4,GPU0,npu,12,"LN:-1,Add:-1,LN:-1,FFN_W1:0,FFN_W3:0,FFN_W1:1,FFN_W3:1,SwiGLU:0,SwiGLU:1,FFN_W2:0,FFN_W2:1,Add:-1",0.00032135900410334983,0.0003713023900985718,npu|decode|2|2ef4409498d14c672a4fbbfe6786cce6,2,sample_step,0.003856308049240198,0.0044556286811828615,4.994338599522194e-05,1.155413059405549,0.0005993206319426635,1.155413059405549
attn_on_pim_prefill-128xdecode_262_ops_trace.csv,decode,2,11,4,PIM0,pim,7,"Q:0,K:0,V:0,QK:0,Softmax:0,SV:0,O:0",2.4941697265634666e-05,2.1127e-05,pim|decode|2|61397802f1888ea563dd9b1ea38edd23,2,sample_step,0.000299300367187616,0.000253524,-3.814697265634666e-06,0.8470554258995574,-4.577636718761601e-05,0.8470554258995574
attn_on_pim_prefill-128xdecode_262_ops_trace.csv,decode,2,11,4,PIM1,pim,7,"Q:1,K:1,V:1,QK:1,Softmax:1,SV:1,O:1",2.4941697265634666e-05,2.1127e-05,pim|decode|2|9c4e6c099d863efd94751a80c7e404c5,2,sample_step,0.000299300367187616,0.000253524,-3.814697265634666e-06,0.8470554258995574,-4.577636718761601e-05,0.8470554258995574
attn_on_pim_prefill-128xdecode_262_ops_trace.csv,decode,2,11,5,GPU0,npu,12,"LN:-1,Add:-1,LN:-1,FFN_W1:0,FFN_W3:0,FFN_W1:1,FFN_W3:1,SwiGLU:0,SwiGLU:1,FFN_W2:0,FFN_W2:1,Add:-1",0.00032135900410334983,0.0003713023900985718,npu|decode|2|2ef4409498d14c672a4fbbfe6786cce6,2,sample_step,0.003856308049240198,0.0044556286811828615,4.994338599522194e-05,1.155413059405549,0.0005993206319426635,1.155413059405549
attn_on_pim_prefill-128xdecode_262_ops_trace.csv,decode,2,11,5,PIM0,pim,7,"Q:0,K:0,V:0,QK:0,Softmax:0,SV:0,O:0",2.4941697265634666e-05,2.1127e-05,pim|decode|2|61397802f1888ea563dd9b1ea38edd23,2,sample_step,0.000299300367187616,0.000253524,-3.814697265634666e-06,0.8470554258995574,-4.577636718761601e-05,0.8470554258995574
attn_on_pim_prefill-128xdecode_262_ops_trace.csv,decode,2,11,5,PIM1,pim,7,"Q:1,K:1,V:1,QK:1,Softmax:1,SV:1,O:1",2.4941697265634666e-05,2.1127e-05,pim|decode|2|9c4e6c099d863efd94751a80c7e404c5,2,sample_step,0.000299300367187616,0.000253524,-3.814697265634666e-06,0.8470554258995574,-4.577636718761601e-05,0.8470554258995574
attn_on_pim_prefill-128xdecode_262_ops_trace.csv,decode,2,11,6,GPU0,npu,12,"LN:-1,Add:-1,LN:-1,FFN_W1:0,FFN_W3:0,FFN_W1:1,FFN_W3:1,SwiGLU:0,SwiGLU:1,FFN_W2:0,FFN_W2:1,Add:-1",0.00032135900410334983,0.0003713023900985718,npu|decode|2|2ef4409498d14c672a4fbbfe6786cce6,2,sample_step,0.003856308049240198,0.0044556286811828615,4.994338599522194e-05,1.155413059405549,0.0005993206319426635,1.155413059405549
attn_on_pim_prefill-128xdecode_262_ops_trace.csv,decode,2,11,6,PIM0,pim,7,"Q:0,K:0,V:0,QK:0,Softmax:0,SV:0,O:0",2.4941697265634666e-05,2.1127e-05,pim|decode|2|61397802f1888ea563dd9b1ea38edd23,2,sample_step,0.000299300367187616,0.000253524,-3.814697265634666e-06,0.8470554258995574,-4.577636718761601e-05,0.8470554258995574
attn_on_pim_prefill-128xdecode_262_ops_trace.csv,decode,2,11,6,PIM1,pim,7,"Q:1,K:1,V:1,QK:1,Softmax:1,SV:1,O:1",2.4941697265634666e-05,2.1127e-05,pim|decode|2|9c4e6c099d863efd94751a80c7e404c5,2,sample_step,0.000299300367187616,0.000253524,-3.814697265634666e-06,0.8470554258995574,-4.577636718761601e-05,0.8470554258995574
attn_on_pim_prefill-128xdecode_262_ops_trace.csv,decode,2,11,7,GPU0,npu,12,"LN:-1,Add:-1,LN:-1,FFN_W1:0,FFN_W3:0,FFN_W1:1,FFN_W3:1,SwiGLU:0,SwiGLU:1,FFN_W2:0,FFN_W2:1,Add:-1",0.00032135900410334983,0.0003713023900985718,npu|decode|2|2ef4409498d14c672a4fbbfe6786cce6,2,sample_step,0.003856308049240198,0.0044556286811828615,4.994338599522194e-05,1.155413059405549,0.0005993206319426635,1.155413059405549
attn_on_pim_prefill-128xdecode_262_ops_trace.csv,decode,2,11,7,PIM0,pim,7,"Q:0,K:0,V:0,QK:0,Softmax:0,SV:0,O:0",2.4941697265634666e-05,2.1127e-05,pim|decode|2|61397802f1888ea563dd9b1ea38edd23,2,sample_step,0.000299300367187616,0.000253524,-3.814697265634666e-06,0.8470554258995574,-4.577636718761601e-05,0.8470554258995574
attn_on_pim_prefill-128xdecode_262_ops_trace.csv,decode,2,11,7,PIM1,pim,7,"Q:1,K:1,V:1,QK:1,Softmax:1,SV:1,O:1",2.4941697265634666e-05,2.1127e-05,pim|decode|2|9c4e6c099d863efd94751a80c7e404c5,2,sample_step,0.000299300367187616,0.000253524,-3.814697265634666e-06,0.8470554258995574,-4.577636718761601e-05,0.8470554258995574
attn_on_pim_prefill-128xdecode_262_ops_trace.csv,decode,2,11,8,GPU0,npu,12,"LN:-1,Add:-1,LN:-1,FFN_W1:0,FFN_W3:0,FFN_W1:1,FFN_W3:1,SwiGLU:0,SwiGLU:1,FFN_W2:0,FFN_W2:1,Add:-1",0.00032135900410334983,0.0003713023900985718,npu|decode|2|2ef4409498d14c672a4fbbfe6786cce6,2,sample_step,0.003856308049240198,0.0044556286811828615,4.994338599522194e-05,1.155413059405549,0.0005993206319426635,1.155413059405549
attn_on_pim_prefill-128xdecode_262_ops_trace.csv,decode,2,11,8,PIM0,pim,7,"Q:0,K:0,V:0,QK:0,Softmax:0,SV:0,O:0",2.4941697265634666e-05,2.1127e-05,pim|decode|2|61397802f1888ea563dd9b1ea38edd23,2,sample_step,0.000299300367187616,0.000253524,-3.814697265634666e-06,0.8470554258995574,-4.577636718761601e-05,0.8470554258995574
attn_on_pim_prefill-128xdecode_262_ops_trace.csv,decode,2,11,8,PIM1,pim,7,"Q:1,K:1,V:1,QK:1,Softmax:1,SV:1,O:1",2.4941697265634666e-05,2.1127e-05,pim|decode|2|9c4e6c099d863efd94751a80c7e404c5,2,sample_step,0.000299300367187616,0.000253524,-3.814697265634666e-06,0.8470554258995574,-4.577636718761601e-05,0.8470554258995574
attn_on_pim_prefill-128xdecode_262_ops_trace.csv,decode,2,11,9,GPU0,npu,12,"LN:-1,Add:-1,LN:-1,FFN_W1:0,FFN_W3:0,FFN_W1:1,FFN_W3:1,SwiGLU:0,SwiGLU:1,FFN_W2:0,FFN_W2:1,Add:-1",0.00032135900410334983,0.0003713023900985718,npu|decode|2|2ef4409498d14c672a4fbbfe6786cce6,2,sample_step,0.003856308049240198,0.0044556286811828615,4.994338599522194e-05,1.155413059405549,0.0005993206319426635,1.155413059405549
attn_on_pim_prefill-128xdecode_262_ops_trace.csv,decode,2,11,9,PIM0,pim,7,"Q:0,K:0,V:0,QK:0,Softmax:0,SV:0,O:0",2.4941697265634666e-05,2.1127e-05,pim|decode|2|61397802f1888ea563dd9b1ea38edd23,2,sample_step,0.000299300367187616,0.000253524,-3.814697265634666e-06,0.8470554258995574,-4.577636718761601e-05,0.8470554258995574
attn_on_pim_prefill-128xdecode_262_ops_trace.csv,decode,2,11,9,PIM1,pim,7,"Q:1,K:1,V:1,QK:1,Softmax:1,SV:1,O:1",2.4941697265634666e-05,2.1127e-05,pim|decode|2|9c4e6c099d863efd94751a80c7e404c5,2,sample_step,0.000299300367187616,0.000253524,-3.814697265634666e-06,0.8470554258995574,-4.577636718761601e-05,0.8470554258995574
attn_on_pim_prefill-128xdecode_262_ops_trace.csv,decode,2,11,10,GPU0,npu,12,"LN:-1,Add:-1,LN:-1,FFN_W1:0,FFN_W3:0,FFN_W1:1,FFN_W3:1,SwiGLU:0,SwiGLU:1,FFN_W2:0,FFN_W2:1,Add:-1",0.00032135900410334983,0.0003713023900985718,npu|decode|2|2ef4409498d14c672a4fbbfe6786cce6,2,sample_step,0.003856308049240198,0.0044556286811828615,4.994338599522194e-05,1.155413059405549,0.0005993206319426635,1.155413059405549
attn_on_pim_prefill-128xdecode_262_ops_trace.csv,decode,2,11,10,PIM0,pim,7,"Q:0,K:0,V:0,QK:0,Softmax:0,SV:0,O:0",2.4941697265634666e-05,2.1127e-05,pim|decode|2|61397802f1888ea563dd9b1ea38edd23,2,sample_step,0.000299300367187616,0.000253524,-3.814697265634666e-06,0.8470554258995574,-4.577636718761601e-05,0.8470554258995574
attn_on_pim_prefill-128xdecode_262_ops_trace.csv,decode,2,11,10,PIM1,pim,7,"Q:1,K:1,V:1,QK:1,Softmax:1,SV:1,O:1",2.4941697265634666e-05,2.1127e-05,pim|decode|2|9c4e6c099d863efd94751a80c7e404c5,2,sample_step,0.000299300367187616,0.000253524,-3.814697265634666e-06,0.8470554258995574,-4.577636718761601e-05,0.8470554258995574
attn_on_pim_prefill-128xdecode_262_ops_trace.csv,decode,2,11,11,GPU0,npu,12,"LN:-1,Add:-1,LN:-1,FFN_W1:0,FFN_W3:0,FFN_W1:1,FFN_W3:1,SwiGLU:0,SwiGLU:1,FFN_W2:0,FFN_W2:1,Add:-1",0.00032135900410334983,0.0003713023900985718,npu|decode|2|2ef4409498d14c672a4fbbfe6786cce6,2,sample_step,0.003856308049240198,0.0044556286811828615,4.994338599522194e-05,1.155413059405549,0.0005993206319426635,1.155413059405549
attn_on_pim_prefill-128xdecode_262_ops_trace.csv,decode,2,11,11,PIM0,pim,7,"Q:0,K:0,V:0,QK:0,Softmax:0,SV:0,O:0",2.4941697265634666e-05,2.1127e-05,pim|decode|2|61397802f1888ea563dd9b1ea38edd23,2,sample_step,0.000299300367187616,0.000253524,-3.814697265634666e-06,0.8470554258995574,-4.577636718761601e-05,0.8470554258995574
attn_on_pim_prefill-128xdecode_262_ops_trace.csv,decode,2,11,11,PIM1,pim,7,"Q:1,K:1,V:1,QK:1,Softmax:1,SV:1,O:1",2.4941697265634666e-05,2.1127e-05,pim|decode|2|9c4e6c099d863efd94751a80c7e404c5,2,sample_step,0.000299300367187616,0.000253524,-3.814697265634666e-06,0.8470554258995574,-4.577636718761601e-05,0.8470554258995574
attn_on_pim_prefill-128xdecode_262_ops_trace.csv,decode,2,11,12,GPU0,npu,12,"LN:-1,Add:-1,LN:-1,FFN_W1:0,FFN_W3:0,FFN_W1:1,FFN_W3:1,SwiGLU:0,SwiGLU:1,FFN_W2:0,FFN_W2:1,Add:-1",0.00032135900410334983,0.0003713023900985718,npu|decode|2|2ef4409498d14c672a4fbbfe6786cce6,2,sample_step,0.003856308049240198,0.0044556286811828615,4.994338599522194e-05,1.155413059405549,0.0005993206319426635,1.155413059405549
attn_on_pim_prefill-128xdecode_262_ops_trace.csv,decode,2,11,12,PIM0,pim,7,"Q:0,K:0,V:0,QK:0,Softmax:0,SV:0,O:0",2.4941697265634666e-05,2.1127e-05,pim|decode|2|61397802f1888ea563dd9b1ea38edd23,2,sample_step,0.000299300367187616,0.000253524,-3.814697265634666e-06,0.8470554258995574,-4.577636718761601e-05,0.8470554258995574
attn_on_pim_prefill-128xdecode_262_ops_trace.csv,decode,2,11,12,PIM1,pim,7,"Q:1,K:1,V:1,QK:1,Softmax:1,SV:1,O:1",2.4941697265634666e-05,2.1127e-05,pim|decode|2|9c4e6c099d863efd94751a80c7e404c5,2,sample_step,0.000299300367187616,0.000253524,-3.814697265634666e-06,0.8470554258995574,-4.577636718761601e-05,0.8470554258995574
attn_on_pim_prefill-128xdecode_262_ops_trace.csv,decode,2,11,13,GPU0,npu,12,"LN:-1,Add:-1,LN:-1,FFN_W1:0,FFN_W3:0,FFN_W1:1,FFN_W3:1,SwiGLU:0,SwiGLU:1,FFN_W2:0,FFN_W2:1,Add:-1",0.00032135900410334983,0.0003713023900985718,npu|decode|2|2ef4409498d14c672a4fbbfe6786cce6,2,sample_step,0.003856308049240198,0.0044556286811828615,4.994338599522194e-05,1.155413059405549,0.0005993206319426635,1.155413059405549
attn_on_pim_prefill-128xdecode_262_ops_trace.csv,decode,2,11,13,PIM0,pim,7,"Q:0,K:0,V:0,QK:0,Softmax:0,SV:0,O:0",2.4941697265634666e-05,2.1127e-05,pim|decode|2|61397802f1888ea563dd9b1ea38edd23,2,sample_step,0.000299300367187616,0.000253524,-3.814697265634666e-06,0.8470554258995574,-4.577636718761601e-05,0.8470554258995574
attn_on_pim_prefill-128xdecode_262_ops_trace.csv,decode,2,11,13,PIM1,pim,7,"Q:1,K:1,V:1,QK:1,Softmax:1,SV:1,O:1",2.4941697265634666e-05,2.1127e-05,pim|decode|2|9c4e6c099d863efd94751a80c7e404c5,2,sample_step,0.000299300367187616,0.000253524,-3.814697265634666e-06,0.8470554258995574,-4.577636718761601e-05,0.8470554258995574
attn_on_pim_prefill-128xdecode_262_ops_trace.csv,decode,2,11,14,GPU0,npu,12,"LN:-1,Add:-1,LN:-1,FFN_W1:0,FFN_W3:0,FFN_W1:1,FFN_W3:1,SwiGLU:0,SwiGLU:1,FFN_W2:0,FFN_W2:1,Add:-1",0.00032135900410334983,0.0003713023900985718,npu|decode|2|2ef4409498d14c672a4fbbfe6786cce6,2,sample_step,0.003856308049240198,0.0044556286811828615,4.994338599522194e-05,1.155413059405549,0.0005993206319426635,1.155413059405549
attn_on_pim_prefill-128xdecode_262_ops_trace.csv,decode,2,11,14,PIM0,pim,7,"Q:0,K:0,V:0,QK:0,Softmax:0,SV:0,O:0",2.4941697265634666e-05,2.1127e-05,pim|decode|2|61397802f1888ea563dd9b1ea38edd23,2,sample_step,0.000299300367187616,0.000253524,-3.814697265634666e-06,0.8470554258995574,-4.577636718761601e-05,0.8470554258995574
attn_on_pim_prefill-128xdecode_262_ops_trace.csv,decode,2,11,14,PIM1,pim,7,"Q:1,K:1,V:1,QK:1,Softmax:1,SV:1,O:1",2.4941697265634666e-05,2.1127e-05,pim|decode|2|9c4e6c099d863efd94751a80c7e404c5,2,sample_step,0.000299300367187616,0.000253524,-3.814697265634666e-06,0.8470554258995574,-4.577636718761601e-05,0.8470554258995574
attn_on_pim_prefill-128xdecode_262_ops_trace.csv,decode,2,11,15,GPU0,npu,12,"LN:-1,Add:-1,LN:-1,FFN_W1:0,FFN_W3:0,FFN_W1:1,FFN_W3:1,SwiGLU:0,SwiGLU:1,FFN_W2:0,FFN_W2:1,Add:-1",0.00032135900410334983,0.0003713023900985718,npu|decode|2|2ef4409498d14c672a4fbbfe6786cce6,2,sample_step,0.003856308049240198,0.0044556286811828615,4.994338599522194e-05,1.155413059405549,0.0005993206319426635,1.155413059405549
attn_on_pim_prefill-128xdecode_262_ops_trace.csv,decode,2,11,15,PIM0,pim,7,"Q:0,K:0,V:0,QK:0,Softmax:0,SV:0,O:0",2.4941697265634666e-05,2.1127e-05,pim|decode|2|61397802f1888ea563dd9b1ea38edd23,2,sample_step,0.000299300367187616,0.000253524,-3.814697265634666e-06,0.8470554258995574,-4.577636718761601e-05,0.8470554258995574
attn_on_pim_prefill-128xdecode_262_ops_trace.csv,decode,2,11,15,PIM1,pim,7,"Q:1,K:1,V:1,QK:1,Softmax:1,SV:1,O:1",2.4941697265634666e-05,2.1127e-05,pim|decode|2|9c4e6c099d863efd94751a80c7e404c5,2,sample_step,0.000299300367187616,0.000253524,-3.814697265634666e-06,0.8470554258995574,-4.577636718761601e-05,0.8470554258995574
attn_on_pim_prefill-128xdecode_262_ops_trace.csv,decode,2,11,16,GPU0,npu,12,"LN:-1,Add:-1,LN:-1,FFN_W1:0,FFN_W3:0,FFN_W1:1,FFN_W3:1,SwiGLU:0,SwiGLU:1,FFN_W2:0,FFN_W2:1,Add:-1",0.00032135900410334983,0.0003713023900985718,npu|decode|2|2ef4409498d14c672a4fbbfe6786cce6,2,sample_step,0.003856308049240198,0.0044556286811828615,4.994338599522194e-05,1.155413059405549,0.0005993206319426635,1.155413059405549
attn_on_pim_prefill-128xdecode_262_ops_trace.csv,decode,2,11,16,PIM0,pim,7,"Q:0,K:0,V:0,QK:0,Softmax:0,SV:0,O:0",2.4941697265634666e-05,2.1127e-05,pim|decode|2|61397802f1888ea563dd9b1ea38edd23,2,sample_step,0.000299300367187616,0.000253524,-3.814697265634666e-06,0.8470554258995574,-4.577636718761601e-05,0.8470554258995574
attn_on_pim_prefill-128xdecode_262_ops_trace.csv,decode,2,11,16,PIM1,pim,7,"Q:1,K:1,V:1,QK:1,Softmax:1,SV:1,O:1",2.4941697265634666e-05,2.1127e-05,pim|decode|2|9c4e6c099d863efd94751a80c7e404c5,2,sample_step,0.000299300367187616,0.000253524,-3.814697265634666e-06,0.8470554258995574,-4.577636718761601e-05,0.8470554258995574
attn_on_pim_prefill-128xdecode_262_ops_trace.csv,decode,2,11,17,GPU0,npu,12,"LN:-1,Add:-1,LN:-1,FFN_W1:0,FFN_W3:0,FFN_W1:1,FFN_W3:1,SwiGLU:0,SwiGLU:1,FFN_W2:0,FFN_W2:1,Add:-1",0.00032135900410334983,0.0003713023900985718,npu|decode|2|2ef4409498d14c672a4fbbfe6786cce6,2,sample_step,0.003856308049240198,0.0044556286811828615,4.994338599522194e-05,1.155413059405549,0.0005993206319426635,1.155413059405549
attn_on_pim_prefill-128xdecode_262_ops_trace.csv,decode,2,11,17,PIM0,pim,7,"Q:0,K:0,V:0,QK:0,Softmax:0,SV:0,O:0",2.4941697265634666e-05,2.1127e-05,pim|decode|2|61397802f1888ea563dd9b1ea38edd23,2,sample_step,0.000299300367187616,0.000253524,-3.814697265634666e-06,0.8470554258995574,-4.577636718761601e-05,0.8470554258995574
attn_on_pim_prefill-128xdecode_262_ops_trace.csv,decode,2,11,17,PIM1,pim,7,"Q:1,K:1,V:1,QK:1,Softmax:1,SV:1,O:1",2.4941697265634666e-05,2.1127e-05,pim|decode|2|9c4e6c099d863efd94751a80c7e404c5,2,sample_step,0.000299300367187616,0.000253524,-3.814697265634666e-06,0.8470554258995574,-4.577636718761601e-05,0.8470554258995574
attn_on_pim_prefill-128xdecode_262_ops_trace.csv,decode,2,11,18,GPU0,npu,12,"LN:-1,Add:-1,LN:-1,FFN_W1:0,FFN_W3:0,FFN_W1:1,FFN_W3:1,SwiGLU:0,SwiGLU:1,FFN_W2:0,FFN_W2:1,Add:-1",0.00032135900410334983,0.0003713023900985718,npu|decode|2|2ef4409498d14c672a4fbbfe6786cce6,2,sample_step,0.003856308049240198,0.0044556286811828615,4.994338599522194e-05,1.155413059405549,0.0005993206319426635,1.155413059405549
attn_on_pim_prefill-128xdecode_262_ops_trace.csv,decode,2,11,18,PIM0,pim,7,"Q:0,K:0,V:0,QK:0,Softmax:0,SV:0,O:0",2.4941697265634666e-05,2.1127e-05,pim|decode|2|61397802f1888ea563dd9b1ea38edd23,2,sample_step,0.000299300367187616,0.000253524,-3.814697265634666e-06,0.8470554258995574,-4.577636718761601e-05,0.8470554258995574
attn_on_pim_prefill-128xdecode_262_ops_trace.csv,decode,2,11,18,PIM1,pim,7,"Q:1,K:1,V:1,QK:1,Softmax:1,SV:1,O:1",2.4941697265634666e-05,2.1127e-05,pim|decode|2|9c4e6c099d863efd94751a80c7e404c5,2,sample_step,0.000299300367187616,0.000253524,-3.814697265634666e-06,0.8470554258995574,-4.577636718761601e-05,0.8470554258995574
attn_on_pim_prefill-128xdecode_262_ops_trace.csv,decode,2,11,19,GPU0,npu,12,"LN:-1,Add:-1,LN:-1,FFN_W1:0,FFN_W3:0,FFN_W1:1,FFN_W3:1,SwiGLU:0,SwiGLU:1,FFN_W2:0,FFN_W2:1,Add:-1",0.00032135900410334983,0.0003713023900985718,npu|decode|2|2ef4409498d14c672a4fbbfe6786cce6,2,sample_step,0.003856308049240198,0.0044556286811828615,4.994338599522194e-05,1.155413059405549,0.0005993206319426635,1.155413059405549
attn_on_pim_prefill-128xdecode_262_ops_trace.csv,decode,2,11,19,PIM0,pim,7,"Q:0,K:0,V:0,QK:0,Softmax:0,SV:0,O:0",2.4941697265634666e-05,2.1127e-05,pim|decode|2|61397802f1888ea563dd9b1ea38edd23,2,sample_step,0.000299300367187616,0.000253524,-3.814697265634666e-06,0.8470554258995574,-4.577636718761601e-05,0.8470554258995574
attn_on_pim_prefill-128xdecode_262_ops_trace.csv,decode,2,11,19,PIM1,pim,7,"Q:1,K:1,V:1,QK:1,Softmax:1,SV:1,O:1",2.4941697265634666e-05,2.1127e-05,pim|decode|2|9c4e6c099d863efd94751a80c7e404c5,2,sample_step,0.000299300367187616,0.000253524,-3.814697265634666e-06,0.8470554258995574,-4.577636718761601e-05,0.8470554258995574
attn_on_pim_prefill-128xdecode_262_ops_trace.csv,decode,2,11,20,GPU0,npu,12,"LN:-1,Add:-1,LN:-1,FFN_W1:0,FFN_W3:0,FFN_W1:1,FFN_W3:1,SwiGLU:0,SwiGLU:1,FFN_W2:0,FFN_W2:1,Add:-1",0.00032135900410334983,0.0003713023900985718,npu|decode|2|2ef4409498d14c672a4fbbfe6786cce6,2,sample_step,0.003856308049240198,0.0044556286811828615,4.994338599522194e-05,1.155413059405549,0.0005993206319426635,1.155413059405549
attn_on_pim_prefill-128xdecode_262_ops_trace.csv,decode,2,11,20,PIM0,pim,7,"Q:0,K:0,V:0,QK:0,Softmax:0,SV:0,O:0",2.4941697265634666e-05,2.1127e-05,pim|decode|2|61397802f1888ea563dd9b1ea38edd23,2,sample_step,0.000299300367187616,0.000253524,-3.814697265634666e-06,0.8470554258995574,-4.577636718761601e-05,0.8470554258995574
attn_on_pim_prefill-128xdecode_262_ops_trace.csv,decode,2,11,20,PIM1,pim,7,"Q:1,K:1,V:1,QK:1,Softmax:1,SV:1,O:1",2.4941697265634666e-05,2.1127e-05,pim|decode|2|9c4e6c099d863efd94751a80c7e404c5,2,sample_step,0.000299300367187616,0.000253524,-3.814697265634666e-06,0.8470554258995574,-4.577636718761601e-05,0.8470554258995574
attn_on_pim_prefill-128xdecode_262_ops_trace.csv,decode,2,11,21,GPU0,npu,12,"LN:-1,Add:-1,LN:-1,FFN_W1:0,FFN_W3:0,FFN_W1:1,FFN_W3:1,SwiGLU:0,SwiGLU:1,FFN_W2:0,FFN_W2:1,Add:-1",0.00032135900410334983,0.0003713023900985718,npu|decode|2|2ef4409498d14c672a4fbbfe6786cce6,2,sample_step,0.003856308049240198,0.0044556286811828615,4.994338599522194e-05,1.155413059405549,0.0005993206319426635,1.155413059405549
attn_on_pim_prefill-128xdecode_262_ops_trace.csv,decode,2,11,21,PIM0,pim,7,"Q:0,K:0,V:0,QK:0,Softmax:0,SV:0,O:0",2.4941697265634666e-05,2.1127e-05,pim|decode|2|61397802f1888ea563dd9b1ea38edd23,2,sample_step,0.000299300367187616,0.000253524,-3.814697265634666e-06,0.8470554258995574,-4.577636718761601e-05,0.8470554258995574
attn_on_pim_prefill-128xdecode_262_ops_trace.csv,decode,2,11,21,PIM1,pim,7,"Q:1,K:1,V:1,QK:1,Softmax:1,SV:1,O:1",2.4941697265634666e-05,2.1127e-05,pim|decode|2|9c4e6c099d863efd94751a80c7e404c5,2,sample_step,0.000299300367187616,0.000253524,-3.814697265634666e-06,0.8470554258995574,-4.577636718761601e-05,0.8470554258995574
attn_on_pim_prefill-128xdecode_262_ops_trace.csv,decode,2,11,22,GPU0,npu,12,"LN:-1,Add:-1,LN:-1,FFN_W1:0,FFN_W3:0,FFN_W1:1,FFN_W3:1,SwiGLU:0,SwiGLU:1,FFN_W2:0,FFN_W2:1,Add:-1",0.00032135900410334983,0.0003713023900985718,npu|decode|2|2ef4409498d14c672a4fbbfe6786cce6,2,sample_step,0.003856308049240198,0.0044556286811828615,4.994338599522194e-05,1.155413059405549,0.0005993206319426635,1.155413059405549
attn_on_pim_prefill-128xdecode_262_ops_trace.csv,decode,2,11,22,PIM0,pim,7,"Q:0,K:0,V:0,QK:0,Softmax:0,SV:0,O:0",2.4941697265634666e-05,2.1127e-05,pim|decode|2|61397802f1888ea563dd9b1ea38edd23,2,sample_step,0.000299300367187616,0.000253524,-3.814697265634666e-06,0.8470554258995574,-4.577636718761601e-05,0.8470554258995574
attn_on_pim_prefill-128xdecode_262_ops_trace.csv,decode,2,11,22,PIM1,pim,7,"Q:1,K:1,V:1,QK:1,Softmax:1,SV:1,O:1",2.4941697265634666e-05,2.1127e-05,pim|decode|2|9c4e6c099d863efd94751a80c7e404c5,2,sample_step,0.000299300367187616,0.000253524,-3.814697265634666e-06,0.8470554258995574,-4.577636718761601e-05,0.8470554258995574
attn_on_pim_prefill-128xdecode_262_ops_trace.csv,decode,2,11,23,GPU0,npu,12,"LN:-1,Add:-1,LN:-1,FFN_W1:0,FFN_W3:0,FFN_W1:1,FFN_W3:1,SwiGLU:0,SwiGLU:1,FFN_W2:0,FFN_W2:1,Add:-1",0.00032135900410334983,0.0003713023900985718,npu|decode|2|2ef4409498d14c672a4fbbfe6786cce6,2,sample_step,0.003856308049240198,0.0044556286811828615,4.994338599522194e-05,1.155413059405549,0.0005993206319426635,1.155413059405549
attn_on_pim_prefill-128xdecode_262_ops_trace.csv,decode,2,11,23,PIM0,pim,7,"Q:0,K:0,V:0,QK:0,Softmax:0,SV:0,O:0",2.4941697265634666e-05,2.1127e-05,pim|decode|2|61397802f1888ea563dd9b1ea38edd23,2,sample_step,0.000299300367187616,0.000253524,-3.814697265634666e-06,0.8470554258995574,-4.577636718761601e-05,0.8470554258995574
attn_on_pim_prefill-128xdecode_262_ops_trace.csv,decode,2,11,23,PIM1,pim,7,"Q:1,K:1,V:1,QK:1,Softmax:1,SV:1,O:1",2.4941697265634666e-05,2.1127e-05,pim|decode|2|9c4e6c099d863efd94751a80c7e404c5,2,sample_step,0.000299300367187616,0.000253524,-3.814697265634666e-06,0.8470554258995574,-4.577636718761601e-05,0.8470554258995574
attn_on_pim_prefill-128xdecode_262_ops_trace.csv,decode,2,11,24,GPU0,npu,12,"LN:-1,Add:-1,LN:-1,FFN_W1:0,FFN_W3:0,FFN_W1:1,FFN_W3:1,SwiGLU:0,SwiGLU:1,FFN_W2:0,FFN_W2:1,Add:-1",0.00032135900410334983,0.0003713023900985718,npu|decode|2|2ef4409498d14c672a4fbbfe6786cce6,2,sample_step,0.003856308049240198,0.0044556286811828615,4.994338599522194e-05,1.155413059405549,0.0005993206319426635,1.155413059405549
attn_on_pim_prefill-128xdecode_262_ops_trace.csv,decode,2,11,24,PIM0,pim,7,"Q:0,K:0,V:0,QK:0,Softmax:0,SV:0,O:0",2.4941697265634666e-05,2.1127e-05,pim|decode|2|61397802f1888ea563dd9b1ea38edd23,2,sample_step,0.000299300367187616,0.000253524,-3.814697265634666e-06,0.8470554258995574,-4.577636718761601e-05,0.8470554258995574
attn_on_pim_prefill-128xdecode_262_ops_trace.csv,decode,2,11,24,PIM1,pim,7,"Q:1,K:1,V:1,QK:1,Softmax:1,SV:1,O:1",2.4941697265634666e-05,2.1127e-05,pim|decode|2|9c4e6c099d863efd94751a80c7e404c5,2,sample_step,0.000299300367187616,0.000253524,-3.814697265634666e-06,0.8470554258995574,-4.577636718761601e-05,0.8470554258995574
attn_on_pim_prefill-128xdecode_262_ops_trace.csv,decode,2,11,25,GPU0,npu,12,"LN:-1,Add:-1,LN:-1,FFN_W1:0,FFN_W3:0,FFN_W1:1,FFN_W3:1,SwiGLU:0,SwiGLU:1,FFN_W2:0,FFN_W2:1,Add:-1",0.00032135900410334983,0.0003713023900985718,npu|decode|2|2ef4409498d14c672a4fbbfe6786cce6,2,sample_step,0.003856308049240198,0.0044556286811828615,4.994338599522194e-05,1.155413059405549,0.0005993206319426635,1.155413059405549
attn_on_pim_prefill-128xdecode_262_ops_trace.csv,decode,2,11,25,PIM0,pim,7,"Q:0,K:0,V:0,QK:0,Softmax:0,SV:0,O:0",2.4941697265634666e-05,2.1127e-05,pim|decode|2|61397802f1888ea563dd9b1ea38edd23,2,sample_step,0.000299300367187616,0.000253524,-3.814697265634666e-06,0.8470554258995574,-4.577636718761601e-05,0.8470554258995574
attn_on_pim_prefill-128xdecode_262_ops_trace.csv,decode,2,11,25,PIM1,pim,7,"Q:1,K:1,V:1,QK:1,Softmax:1,SV:1,O:1",2.4941697265634666e-05,2.1127e-05,pim|decode|2|9c4e6c099d863efd94751a80c7e404c5,2,sample_step,0.000299300367187616,0.000253524,-3.814697265634666e-06,0.8470554258995574,-4.577636718761601e-05,0.8470554258995574
attn_on_pim_prefill-128xdecode_262_ops_trace.csv,decode,2,11,26,GPU0,npu,12,"LN:-1,Add:-1,LN:-1,FFN_W1:0,FFN_W3:0,FFN_W1:1,FFN_W3:1,SwiGLU:0,SwiGLU:1,FFN_W2:0,FFN_W2:1,Add:-1",0.00032135900410334983,0.0003713023900985718,npu|decode|2|2ef4409498d14c672a4fbbfe6786cce6,2,sample_step,0.003856308049240198,0.0044556286811828615,4.994338599522194e-05,1.155413059405549,0.0005993206319426635,1.155413059405549
attn_on_pim_prefill-128xdecode_262_ops_trace.csv,decode,2,11,26,PIM0,pim,7,"Q:0,K:0,V:0,QK:0,Softmax:0,SV:0,O:0",2.4941697265634666e-05,2.1127e-05,pim|decode|2|61397802f1888ea563dd9b1ea38edd23,2,sample_step,0.000299300367187616,0.000253524,-3.814697265634666e-06,0.8470554258995574,-4.577636718761601e-05,0.8470554258995574
attn_on_pim_prefill-128xdecode_262_ops_trace.csv,decode,2,11,26,PIM1,pim,7,"Q:1,K:1,V:1,QK:1,Softmax:1,SV:1,O:1",2.4941697265634666e-05,2.1127e-05,pim|decode|2|9c4e6c099d863efd94751a80c7e404c5,2,sample_step,0.000299300367187616,0.000253524,-3.814697265634666e-06,0.8470554258995574,-4.577636718761601e-05,0.8470554258995574
attn_on_pim_prefill-128xdecode_262_ops_trace.csv,decode,2,11,27,GPU0,npu,12,"LN:-1,Add:-1,LN:-1,FFN_W1:0,FFN_W3:0,FFN_W1:1,FFN_W3:1,SwiGLU:0,SwiGLU:1,FFN_W2:0,FFN_W2:1,Add:-1",0.00032135900410334983,0.0003713023900985718,npu|decode|2|2ef4409498d14c672a4fbbfe6786cce6,2,sample_step,0.003856308049240198,0.0044556286811828615,4.994338599522194e-05,1.155413059405549,0.0005993206319426635,1.155413059405549
attn_on_pim_prefill-128xdecode_262_ops_trace.csv,decode,2,11,27,PIM0,pim,7,"Q:0,K:0,V:0,QK:0,Softmax:0,SV:0,O:0",2.4941697265634666e-05,2.1127e-05,pim|decode|2|61397802f1888ea563dd9b1ea38edd23,2,sample_step,0.000299300367187616,0.000253524,-3.814697265634666e-06,0.8470554258995574,-4.577636718761601e-05,0.8470554258995574
attn_on_pim_prefill-128xdecode_262_ops_trace.csv,decode,2,11,27,PIM1,pim,7,"Q:1,K:1,V:1,QK:1,Softmax:1,SV:1,O:1",2.4941697265634666e-05,2.1127e-05,pim|decode|2|9c4e6c099d863efd94751a80c7e404c5,2,sample_step,0.000299300367187616,0.000253524,-3.814697265634666e-06,0.8470554258995574,-4.577636718761601e-05,0.8470554258995574
attn_on_pim_prefill-128xdecode_262_ops_trace.csv,decode,2,11,28,GPU0,npu,12,"LN:-1,Add:-1,LN:-1,FFN_W1:0,FFN_W3:0,FFN_W1:1,FFN_W3:1,SwiGLU:0,SwiGLU:1,FFN_W2:0,FFN_W2:1,Add:-1",0.00032135900410334983,0.0003713023900985718,npu|decode|2|2ef4409498d14c672a4fbbfe6786cce6,2,sample_step,0.003856308049240198,0.0044556286811828615,4.994338599522194e-05,1.155413059405549,0.0005993206319426635,1.155413059405549
attn_on_pim_prefill-128xdecode_262_ops_trace.csv,decode,2,11,28,PIM0,pim,7,"Q:0,K:0,V:0,QK:0,Softmax:0,SV:0,O:0",2.4941697265634666e-05,2.1127e-05,pim|decode|2|61397802f1888ea563dd9b1ea38edd23,2,sample_step,0.000299300367187616,0.000253524,-3.814697265634666e-06,0.8470554258995574,-4.577636718761601e-05,0.8470554258995574
attn_on_pim_prefill-128xdecode_262_ops_trace.csv,decode,2,11,28,PIM1,pim,7,"Q:1,K:1,V:1,QK:1,Softmax:1,SV:1,O:1",2.4941697265634666e-05,2.1127e-05,pim|decode|2|9c4e6c099d863efd94751a80c7e404c5,2,sample_step,0.000299300367187616,0.000253524,-3.814697265634666e-06,0.8470554258995574,-4.577636718761601e-05,0.8470554258995574
attn_on_pim_prefill-128xdecode_262_ops_trace.csv,decode,2,11,29,GPU0,npu,12,"LN:-1,Add:-1,LN:-1,FFN_W1:0,FFN_W3:0,FFN_W1:1,FFN_W3:1,SwiGLU:0,SwiGLU:1,FFN_W2:0,FFN_W2:1,Add:-1",0.00032135900410334983,0.0003713023900985718,npu|decode|2|2ef4409498d14c672a4fbbfe6786cce6,2,sample_step,0.003856308049240198,0.0044556286811828615,4.994338599522194e-05,1.155413059405549,0.0005993206319426635,1.155413059405549
attn_on_pim_prefill-128xdecode_262_ops_trace.csv,decode,2,11,29,PIM0,pim,7,"Q:0,K:0,V:0,QK:0,Softmax:0,SV:0,O:0",2.4941697265634666e-05,2.1127e-05,pim|decode|2|61397802f1888ea563dd9b1ea38edd23,2,sample_step,0.000299300367187616,0.000253524,-3.814697265634666e-06,0.8470554258995574,-4.577636718761601e-05,0.8470554258995574
attn_on_pim_prefill-128xdecode_262_ops_trace.csv,decode,2,11,29,PIM1,pim,7,"Q:1,K:1,V:1,QK:1,Softmax:1,SV:1,O:1",2.4941697265634666e-05,2.1127e-05,pim|decode|2|9c4e6c099d863efd94751a80c7e404c5,2,sample_step,0.000299300367187616,0.000253524,-3.814697265634666e-06,0.8470554258995574,-4.577636718761601e-05,0.8470554258995574
attn_on_pim_prefill-128xdecode_262_ops_trace.csv,decode,2,11,30,GPU0,npu,12,"LN:-1,Add:-1,LN:-1,FFN_W1:0,FFN_W3:0,FFN_W1:1,FFN_W3:1,SwiGLU:0,SwiGLU:1,FFN_W2:0,FFN_W2:1,Add:-1",0.00032135900410334983,0.0003713023900985718,npu|decode|2|2ef4409498d14c672a4fbbfe6786cce6,2,sample_step,0.003856308049240198,0.0044556286811828615,4.994338599522194e-05,1.155413059405549,0.0005993206319426635,1.155413059405549
attn_on_pim_prefill-128xdecode_262_ops_trace.csv,decode,2,11,30,PIM0,pim,7,"Q:0,K:0,V:0,QK:0,Softmax:0,SV:0,O:0",2.4941697265634666e-05,2.1127e-05,pim|decode|2|61397802f1888ea563dd9b1ea38edd23,2,sample_step,0.000299300367187616,0.000253524,-3.814697265634666e-06,0.8470554258995574,-4.577636718761601e-05,0.8470554258995574
attn_on_pim_prefill-128xdecode_262_ops_trace.csv,decode,2,11,30,PIM1,pim,7,"Q:1,K:1,V:1,QK:1,Softmax:1,SV:1,O:1",2.4941697265634666e-05,2.1127e-05,pim|decode|2|9c4e6c099d863efd94751a80c7e404c5,2,sample_step,0.000299300367187616,0.000253524,-3.814697265634666e-06,0.8470554258995574,-4.577636718761601e-05,0.8470554258995574
attn_on_pim_prefill-128xdecode_262_ops_trace.csv,decode,2,11,31,GPU0,npu,12,"LN:-1,Add:-1,LN:-1,FFN_W1:0,FFN_W3:0,FFN_W1:1,FFN_W3:1,SwiGLU:0,SwiGLU:1,FFN_W2:0,FFN_W2:1,Add:-1",0.00032135900410334983,0.0003713023900985718,npu|decode|2|2ef4409498d14c672a4fbbfe6786cce6,2,sample_step,0.003856308049240198,0.0044556286811828615,4.994338599522194e-05,1.155413059405549,0.0005993206319426635,1.155413059405549
attn_on_pim_prefill-128xdecode_262_ops_trace.csv,decode,2,11,31,PIM0,pim,7,"Q:0,K:0,V:0,QK:0,Softmax:0,SV:0,O:0",2.4941697265634666e-05,2.1127e-05,pim|decode|2|61397802f1888ea563dd9b1ea38edd23,2,sample_step,0.000299300367187616,0.000253524,-3.814697265634666e-06,0.8470554258995574,-4.577636718761601e-05,0.8470554258995574
attn_on_pim_prefill-128xdecode_262_ops_trace.csv,decode,2,11,31,PIM1,pim,7,"Q:1,K:1,V:1,QK:1,Softmax:1,SV:1,O:1",2.4941697265634666e-05,2.1127e-05,pim|decode|2|9c4e6c099d863efd94751a80c7e404c5,2,sample_step,0.000299300367187616,0.000253524,-3.814697265634666e-06,0.8470554258995574,-4.577636718761601e-05,0.8470554258995574
attn_on_pim_prefill-128xdecode_262_ops_trace.csv,decode,3,23,0,GPU0,npu,12,"LN:-1,Add:-1,LN:-1,FFN_W1:0,FFN_W3:0,FFN_W1:1,FFN_W3:1,SwiGLU:0,SwiGLU:1,FFN_W2:0,FFN_W2:1,Add:-1",0.00032135900410334983,0.00029675519466400144,npu|decode|3|2ef4409498d14c672a4fbbfe6786cce6,3,sample_step,0.003856308049240198,0.0035610623359680176,-2.4603809439348388e-05,0.9234382446883743,-0.00029524571327218044,0.9234382446883743
attn_on_pim_prefill-128xdecode_262_ops_trace.csv,decode,3,23,0,PIM0,pim,7,"Q:0,K:0,V:0,QK:0,Softmax:0,SV:0,O:0",2.5011697265764354e-05,2.1196999999999997e-05,pim|decode|3|61397802f1888ea563dd9b1ea38edd23,3,sample_step,0.00030014036718917225,0.000254364,-3.814697265764357e-06,0.8474834704246217,-4.5776367189172273e-05,0.8474834704246218
attn_on_pim_prefill-128xdecode_262_ops_trace.csv,decode,3,23,0,PIM1,pim,7,"Q:1,K:1,V:1,QK:1,Softmax:1,SV:1,O:1",2.5011697265764354e-05,2.1196999999999997e-05,pim|decode|3|9c4e6c099d863efd94751a80c7e404c5,3,sample_step,0.00030014036718917225,0.000254364,-3.814697265764357e-06,0.8474834704246217,-4.5776367189172273e-05,0.8474834704246218
attn_on_pim_prefill-128xdecode_262_ops_trace.csv,decode,3,23,1,GPU0,npu,12,"LN:-1,Add:-1,LN:-1,FFN_W1:0,FFN_W3:0,FFN_W1:1,FFN_W3:1,SwiGLU:0,SwiGLU:1,FFN_W2:0,FFN_W2:1,Add:-1",0.00032135900410334983,0.00029675519466400144,npu|decode|3|2ef4409498d14c672a4fbbfe6786cce6,3,sample_step,0.003856308049240198,0.0035610623359680176,-2.4603809439348388e-05,0.9234382446883743,-0.00029524571327218044,0.9234382446883743
attn_on_pim_prefill-128xdecode_262_ops_trace.csv,decode,3,23,1,PIM0,pim,7,"Q:0,K:0,V:0,QK:0,Softmax:0,SV:0,O:0",2.5011697265764354e-05,2.1196999999999997e-05,pim|decode|3|61397802f1888ea563dd9b1ea38edd23,3,sample_step,0.00030014036718917225,0.000254364,-3.814697265764357e-06,0.8474834704246217,-4.5776367189172273e-05,0.8474834704246218
attn_on_pim_prefill-128xdecode_262_ops_trace.csv,decode,3,23,1,PIM1,pim,7,"Q:1,K:1,V:1,QK:1,Softmax:1,SV:1,O:1",2.5011697265764354e-05,2.1196999999999997e-05,pim|decode|3|9c4e6c099d863efd94751a80c7e404c5,3,sample_step,0.00030014036718917225,0.000254364,-3.814697265764357e-06,0.8474834704246217,-4.5776367189172273e-05,0.8474834704246218
attn_on_pim_prefill-128xdecode_262_ops_trace.csv,decode,3,23,2,GPU0,npu,12,"LN:-1,Add:-1,LN:-1,FFN_W1:0,FFN_W3:0,FFN_W1:1,FFN_W3:1,SwiGLU:0,SwiGLU:1,FFN_W2:0,FFN_W2:1,Add:-1",0.00032135900410334983,0.00029675519466400144,npu|decode|3|2ef4409498d14c672a4fbbfe6786cce6,3,sample_step,0.003856308049240198,0.0035610623359680176,-2.4603809439348388e-05,0.9234382446883743,-0.00029524571327218044,0.9234382446883743
attn_on_pim_prefill-128xdecode_262_ops_trace.csv,decode,3,23,2,PIM0,pim,7,"Q:0,K:0,V:0,QK:0,Softmax:0,SV:0,O:0",2.5011697265764354e-05,2.1196999999999997e-05,pim|decode|3|61397802f1888ea563dd9b1ea38edd23,3,sample_step,0.00030014036718917225,0.000254364,-3.814697265764357e-06,0.8474834704246217,-4.5776367189172273e-05,0.8474834704246218
attn_on_pim_prefill-128xdecode_262_ops_trace.csv,decode,3,23,2,PIM1,pim,7,"Q:1,K:1,V:1,QK:1,Softmax:1,SV:1,O:1",2.5011697265764354e-05,2.1196999999999997e-05,pim|decode|3|9c4e6c099d863efd94751a80c7e404c5,3,sample_step,0.00030014036718917225,0.000254364,-3.814697265764357e-06,0.8474834704246217,-4.5776367189172273e-05,0.8474834704246218
attn_on_pim_prefill-128xdecode_262_ops_trace.csv,decode,3,23,3,GPU0,npu,12,"LN:-1,Add:-1,LN:-1,FFN_W1:0,FFN_W3:0,FFN_W1:1,FFN_W3:1,SwiGLU:0,SwiGLU:1,FFN_W2:0,FFN_W2:1,Add:-1",0.00032135900410334983,0.00029675519466400144,npu|decode|3|2ef4409498d14c672a4fbbfe6786cce6,3,sample_step,0.003856308049240198,0.0035610623359680176,-2.4603809439348388e-05,0.9234382446883743,-0.00029524571327218044,0.9234382446883743
attn_on_pim_prefill-128xdecode_262_ops_trace.csv,decode,3,23,3,PIM0,pim,7,"Q:0,K:0,V:0,QK:0,Softmax:0,SV:0,O:0",2.5011697265764354e-05,2.1196999999999997e-05,pim|decode|3|61397802f1888ea563dd9b1ea38edd23,3,sample_step,0.00030014036718917225,0.000254364,-3.814697265764357e-06,0.8474834704246217,-4.5776367189172273e-05,0.8474834704246218
attn_on_pim_prefill-128xdecode_262_ops_trace.csv,decode,3,23,3,PIM1,pim,7,"Q:1,K:1,V:1,QK:1,Softmax:1,SV:1,O:1",2.5011697265764354e-05,2.1196999999999997e-05,pim|decode|3|9c4e6c099d863efd94751a80c7e404c5,3,sample_step,0.00030014036718917225,0.000254364,-3.814697265764357e-06,0.8474834704246217,-4.5776367189172273e-05,0.8474834704246218
attn_on_pim_prefill-128xdecode_262_ops_trace.csv,decode,3,23,4,GPU0,npu,12,"LN:-1,Add:-1,LN:-1,FFN_W1:0,FFN_W3:0,FFN_W1:1,FFN_W3:1,SwiGLU:0,SwiGLU:1,FFN_W2:0,FFN_W2:1,Add:-1",0.00032135900410334983,0.00029675519466400144,npu|decode|3|2ef4409498d14c672a4fbbfe6786cce6,3,sample_step,0.003856308049240198,0.0035610623359680176,-2.4603809439348388e-05,0.9234382446883743,-0.00029524571327218044,0.9234382446883743
attn_on_pim_prefill-128xdecode_262_ops_trace.csv,decode,3,23,4,PIM0,pim,7,"Q:0,K:0,V:0,QK:0,Softmax:0,SV:0,O:0",2.5011697265764354e-05,2.1196999999999997e-05,pim|decode|3|61397802f1888ea563dd9b1ea38edd23,3,sample_step,0.00030014036718917225,0.000254364,-3.814697265764357e-06,0.8474834704246217,-4.5776367189172273e-05,0.8474834704246218
attn_on_pim_prefill-128xdecode_262_ops_trace.csv,decode,3,23,4,PIM1,pim,7,"Q:1,K:1,V:1,QK:1,Softmax:1,SV:1,O:1",2.5011697265764354e-05,2.1196999999999997e-05,pim|decode|3|9c4e6c099d863efd94751a80c7e404c5,3,sample_step,0.00030014036718917225,0.000254364,-3.814697265764357e-06,0.8474834704246217,-4.5776367189172273e-05,0.8474834704246218
attn_on_pim_prefill-128xdecode_262_ops_trace.csv,decode,3,23,5,GPU0,npu,12,"LN:-1,Add:-1,LN:-1,FFN_W1:0,FFN_W3:0,FFN_W1:1,FFN_W3:1,SwiGLU:0,SwiGLU:1,FFN_W2:0,FFN_W2:1,Add:-1",0.00032135900410334983,0.00029675519466400144,npu|decode|3|2ef4409498d14c672a4fbbfe6786cce6,3,sample_step,0.003856308049240198,0.0035610623359680176,-2.4603809439348388e-05,0.9234382446883743,-0.00029524571327218044,0.9234382446883743
attn_on_pim_prefill-128xdecode_262_ops_trace.csv,decode,3,23,5,PIM0,pim,7,"Q:0,K:0,V:0,QK:0,Softmax:0,SV:0,O:0",2.5011697265764354e-05,2.1196999999999997e-05,pim|decode|3|61397802f1888ea563dd9b1ea38edd23,3,sample_step,0.00030014036718917225,0.000254364,-3.814697265764357e-06,0.8474834704246217,-4.5776367189172273e-05,0.8474834704246218
attn_on_pim_prefill-128xdecode_262_ops_trace.csv,decode,3,23,5,PIM1,pim,7,"Q:1,K:1,V:1,QK:1,Softmax:1,SV:1,O:1",2.5011697265764354e-05,2.1196999999999997e-05,pim|decode|3|9c4e6c099d863efd94751a80c7e404c5,3,sample_step,0.00030014036718917225,0.000254364,-3.814697265764357e-06,0.8474834704246217,-4.5776367189172273e-05,0.8474834704246218
attn_on_pim_prefill-128xdecode_262_ops_trace.csv,decode,3,23,6,GPU0,npu,12,"LN:-1,Add:-1,LN:-1,FFN_W1:0,FFN_W3:0,FFN_W1:1,FFN_W3:1,SwiGLU:0,SwiGLU:1,FFN_W2:0,FFN_W2:1,Add:-1",0.00032135900410334983,0.00029675519466400144,npu|decode|3|2ef4409498d14c672a4fbbfe6786cce6,3,sample_step,0.003856308049240198,0.0035610623359680176,-2.4603809439348388e-05,0.9234382446883743,-0.00029524571327218044,0.9234382446883743
attn_on_pim_prefill-128xdecode_262_ops_trace.csv,decode,3,23,6,PIM0,pim,7,"Q:0,K:0,V:0,QK:0,Softmax:0,SV:0,O:0",2.5011697265764354e-05,2.1196999999999997e-05,pim|decode|3|61397802f1888ea563dd9b1ea38edd23,3,sample_step,0.00030014036718917225,0.000254364,-3.814697265764357e-06,0.8474834704246217,-4.5776367189172273e-05,0.8474834704246218
attn_on_pim_prefill-128xdecode_262_ops_trace.csv,decode,3,23,6,PIM1,pim,7,"Q:1,K:1,V:1,QK:1,Softmax:1,SV:1,O:1",2.5011697265764354e-05,2.1196999999999997e-05,pim|decode|3|9c4e6c099d863efd94751a80c7e404c5,3,sample_step,0.00030014036718917225,0.000254364,-3.814697265764357e-06,0.8474834704246217,-4.5776367189172273e-05,0.8474834704246218
attn_on_pim_prefill-128xdecode_262_ops_trace.csv,decode,3,23,7,GPU0,npu,12,"LN:-1,Add:-1,LN:-1,FFN_W1:0,FFN_W3:0,FFN_W1:1,FFN_W3:1,SwiGLU:0,SwiGLU:1,FFN_W2:0,FFN_W2:1,Add:-1",0.00032135900410334983,0.00029675519466400144,npu|decode|3|2ef4409498d14c672a4fbbfe6786cce6,3,sample_step,0.003856308049240198,0.0035610623359680176,-2.4603809439348388e-05,0.9234382446883743,-0.00029524571327218044,0.9234382446883743
attn_on_pim_prefill-128xdecode_262_ops_trace.csv,decode,3,23,7,PIM0,pim,7,"Q:0,K:0,V:0,QK:0,Softmax:0,SV:0,O:0",2.5011697265764354e-05,2.1196999999999997e-05,pim|decode|3|61397802f1888ea563dd9b1ea38edd23,3,sample_step,0.00030014036718917225,0.000254364,-3.814697265764357e-06,0.8474834704246217,-4.5776367189172273e-05,0.8474834704246218
attn_on_pim_prefill-128xdecode_262_ops_trace.csv,decode,3,23,7,PIM1,pim,7,"Q:1,K:1,V:1,QK:1,Softmax:1,SV:1,O:1",2.5011697265764354e-05,2.1196999999999997e-05,pim|decode|3|9c4e6c099d863efd94751a80c7e404c5,3,sample_step,0.00030014036718917225,0.000254364,-3.814697265764357e-06,0.8474834704246217,-4.5776367189172273e-05,0.8474834704246218
attn_on_pim_prefill-128xdecode_262_ops_trace.csv,decode,3,23,8,GPU0,npu,12,"LN:-1,Add:-1,LN:-1,FFN_W1:0,FFN_W3:0,FFN_W1:1,FFN_W3:1,SwiGLU:0,SwiGLU:1,FFN_W2:0,FFN_W2:1,Add:-1",0.00032135900410334983,0.00029675519466400144,npu|decode|3|2ef4409498d14c672a4fbbfe6786cce6,3,sample_step,0.003856308049240198,0.0035610623359680176,-2.4603809439348388e-05,0.9234382446883743,-0.00029524571327218044,0.9234382446883743
attn_on_pim_prefill-128xdecode_262_ops_trace.csv,decode,3,23,8,PIM0,pim,7,"Q:0,K:0,V:0,QK:0,Softmax:0,SV:0,O:0",2.5011697265764354e-05,2.1196999999999997e-05,pim|decode|3|61397802f1888ea563dd9b1ea38edd23,3,sample_step,0.00030014036718917225,0.000254364,-3.814697265764357e-06,0.8474834704246217,-4.5776367189172273e-05,0.8474834704246218
attn_on_pim_prefill-128xdecode_262_ops_trace.csv,decode,3,23,8,PIM1,pim,7,"Q:1,K:1,V:1,QK:1,Softmax:1,SV:1,O:1",2.5011697265764354e-05,2.1196999999999997e-05,pim|decode|3|9c4e6c099d863efd94751a80c7e404c5,3,sample_step,0.00030014036718917225,0.000254364,-3.814697265764357e-06,0.8474834704246217,-4.5776367189172273e-05,0.8474834704246218
attn_on_pim_prefill-128xdecode_262_ops_trace.csv,decode,3,23,9,GPU0,npu,12,"LN:-1,Add:-1,LN:-1,FFN_W1:0,FFN_W3:0,FFN_W1:1,FFN_W3:1,SwiGLU:0,SwiGLU:1,FFN_W2:0,FFN_W2:1,Add:-1",0.00032135900410334983,0.00029675519466400144,npu|decode|3|2ef4409498d14c672a4fbbfe6786cce6,3,sample_step,0.003856308049240198,0.0035610623359680176,-2.4603809439348388e-05,0.9234382446883743,-0.00029524571327218044,0.9234382446883743
attn_on_pim_prefill-128xdecode_262_ops_trace.csv,decode,3,23,9,PIM0,pim,7,"Q:0,K:0,V:0,QK:0,Softmax:0,SV:0,O:0",2.5011697265764354e-05,2.1196999999999997e-05,pim|decode|3|61397802f1888ea563dd9b1ea38edd23,3,sample_step,0.00030014036718917225,0.000254364,-3.814697265764357e-06,0.8474834704246217,-4.5776367189172273e-05,0.8474834704246218
attn_on_pim_prefill-128xdecode_262_ops_trace.csv,decode,3,23,9,PIM1,pim,7,"Q:1,K:1,V:1,QK:1,Softmax:1,SV:1,O:1",2.5011697265764354e-05,2.1196999999999997e-05,pim|decode|3|9c4e6c099d863efd94751a80c7e404c5,3,sample_step,0.00030014036718917225,0.000254364,-3.814697265764357e-06,0.8474834704246217,-4.5776367189172273e-05,0.8474834704246218
attn_on_pim_prefill-128xdecode_262_ops_trace.csv,decode,3,23,10,GPU0,npu,12,"LN:-1,Add:-1,LN:-1,FFN_W1:0,FFN_W3:0,FFN_W1:1,FFN_W3:1,SwiGLU:0,SwiGLU:1,FFN_W2:0,FFN_W2:1,Add:-1",0.00032135900410334983,0.00029675519466400144,npu|decode|3|2ef4409498d14c672a4fbbfe6786cce6,3,sample_step,0.003856308049240198,0.0035610623359680176,-2.4603809439348388e-05,0.9234382446883743,-0.00029524571327218044,0.9234382446883743
attn_on_pim_prefill-128xdecode_262_ops_trace.csv,decode,3,23,10,PIM0,pim,7,"Q:0,K:0,V:0,QK:0,Softmax:0,SV:0,O:0",2.5011697265764354e-05,2.1196999999999997e-05,pim|decode|3|61397802f1888ea563dd9b1ea38edd23,3,sample_step,0.00030014036718917225,0.000254364,-3.814697265764357e-06,0.8474834704246217,-4.5776367189172273e-05,0.8474834704246218
attn_on_pim_prefill-128xdecode_262_ops_trace.csv,decode,3,23,10,PIM1,pim,7,"Q:1,K:1,V:1,QK:1,Softmax:1,SV:1,O:1",2.5011697265764354e-05,2.1196999999999997e-05,pim|decode|3|9c4e6c099d863efd94751a80c7e404c5,3,sample_step,0.00030014036718917225,0.000254364,-3.814697265764357e-06,0.8474834704246217,-4.5776367189172273e-05,0.8474834704246218
attn_on_pim_prefill-128xdecode_262_ops_trace.csv,decode,3,23,11,GPU0,npu,12,"LN:-1,Add:-1,LN:-1,FFN_W1:0,FFN_W3:0,FFN_W1:1,FFN_W3:1,SwiGLU:0,SwiGLU:1,FFN_W2:0,FFN_W2:1,Add:-1",0.00032135900410334983,0.00029675519466400144,npu|decode|3|2ef4409498d14c672a4fbbfe6786cce6,3,sample_step,0.003856308049240198,0.0035610623359680176,-2.4603809439348388e-05,0.9234382446883743,-0.00029524571327218044,0.9234382446883743
attn_on_pim_prefill-128xdecode_262_ops_trace.csv,decode,3,23,11,PIM0,pim,7,"Q:0,K:0,V:0,QK:0,Softmax:0,SV:0,O:0",2.5011697265764354e-05,2.1196999999999997e-05,pim|decode|3|61397802f1888ea563dd9b1ea38edd23,3,sample_step,0.00030014036718917225,0.000254364,-3.814697265764357e-06,0.8474834704246217,-4.5776367189172273e-05,0.8474834704246218
attn_on_pim_prefill-128xdecode_262_ops_trace.csv,decode,3,23,11,PIM1,pim,7,"Q:1,K:1,V:1,QK:1,Softmax:1,SV:1,O:1",2.5011697265764354e-05,2.1196999999999997e-05,pim|decode|3|9c4e6c099d863efd94751a80c7e404c5,3,sample_step,0.00030014036718917225,0.000254364,-3.814697265764357e-06,0.8474834704246217,-4.5776367189172273e-05,0.8474834704246218
attn_on_pim_prefill-128xdecode_262_ops_trace.csv,decode,3,23,12,GPU0,npu,12,"LN:-1,Add:-1,LN:-1,FFN_W1:0,FFN_W3:0,FFN_W1:1,FFN_W3:1,SwiGLU:0,SwiGLU:1,FFN_W2:0,FFN_W2:1,Add:-1",0.00032135900410334983,0.00029675519466400144,npu|decode|3|2ef4409498d14c672a4fbbfe6786cce6,3,sample_step,0.003856308049240198,0.0035610623359680176,-2.4603809439348388e-05,0.9234382446883743,-0.00029524571327218044,0.9234382446883743
attn_on_pim_prefill-128xdecode_262_ops_trace.csv,decode,3,23,12,PIM0,pim,7,"Q:0,K:0,V:0,QK:0,Softmax:0,SV:0,O:0",2.5011697265764354e-05,2.1196999999999997e-05,pim|decode|3|61397802f1888ea563dd9b1ea38edd23,3,sample_step,0.00030014036718917225,0.000254364,-3.814697265764357e-06,0.8474834704246217,-4.5776367189172273e-05,0.8474834704246218
attn_on_pim_prefill-128xdecode_262_ops_trace.csv,decode,3,23,12,PIM1,pim,7,"Q:1,K:1,V:1,QK:1,Softmax:1,SV:1,O:1",2.5011697265764354e-05,2.1196999999999997e-05,pim|decode|3|9c4e6c099d863efd94751a80c7e404c5,3,sample_step,0.00030014036718917225,0.000254364,-3.814697265764357e-06,0.8474834704246217,-4.5776367189172273e-05,0.8474834704246218
attn_on_pim_prefill-128xdecode_262_ops_trace.csv,decode,3,23,13,GPU0,npu,12,"LN:-1,Add:-1,LN:-1,FFN_W1:0,FFN_W3:0,FFN_W1:1,FFN_W3:1,SwiGLU:0,SwiGLU:1,FFN_W2:0,FFN_W2:1,Add:-1",0.00032135900410334983,0.00029675519466400144,npu|decode|3|2ef4409498d14c672a4fbbfe6786cce6,3,sample_step,0.003856308049240198,0.0035610623359680176,-2.4603809439348388e-05,0.9234382446883743,-0.00029524571327218044,0.9234382446883743
attn_on_pim_prefill-128xdecode_262_ops_trace.csv,decode,3,23,13,PIM0,pim,7,"Q:0,K:0,V:0,QK:0,Softmax:0,SV:0,O:0",2.5011697265764354e-05,2.1196999999999997e-05,pim|decode|3|61397802f1888ea563dd9b1ea38edd23,3,sample_step,0.00030014036718917225,0.000254364,-3.814697265764357e-06,0.8474834704246217,-4.5776367189172273e-05,0.8474834704246218
attn_on_pim_prefill-128xdecode_262_ops_trace.csv,decode,3,23,13,PIM1,pim,7,"Q:1,K:1,V:1,QK:1,Softmax:1,SV:1,O:1",2.5011697265764354e-05,2.1196999999999997e-05,pim|decode|3|9c4e6c099d863efd94751a80c7e404c5,3,sample_step,0.00030014036718917225,0.000254364,-3.814697265764357e-06,0.8474834704246217,-4.5776367189172273e-05,0.8474834704246218
attn_on_pim_prefill-128xdecode_262_ops_trace.csv,decode,3,23,14,GPU0,npu,12,"LN:-1,Add:-1,LN:-1,FFN_W1:0,FFN_W3:0,FFN_W1:1,FFN_W3:1,SwiGLU:0,SwiGLU:1,FFN_W2:0,FFN_W2:1,Add:-1",0.00032135900410334983,0.00029675519466400144,npu|decode|3|2ef4409498d14c672a4fbbfe6786cce6,3,sample_step,0.003856308049240198,0.0035610623359680176,-2.4603809439348388e-05,0.9234382446883743,-0.00029524571327218044,0.9234382446883743
attn_on_pim_prefill-128xdecode_262_ops_trace.csv,decode,3,23,14,PIM0,pim,7,"Q:0,K:0,V:0,QK:0,Softmax:0,SV:0,O:0",2.5011697265764354e-05,2.1196999999999997e-05,pim|decode|3|61397802f1888ea563dd9b1ea38edd23,3,sample_step,0.00030014036718917225,0.000254364,-3.814697265764357e-06,0.8474834704246217,-4.5776367189172273e-05,0.8474834704246218
attn_on_pim_prefill-128xdecode_262_ops_trace.csv,decode,3,23,14,PIM1,pim,7,"Q:1,K:1,V:1,QK:1,Softmax:1,SV:1,O:1",2.5011697265764354e-05,2.1196999999999997e-05,pim|decode|3|9c4e6c099d863efd94751a80c7e404c5,3,sample_step,0.00030014036718917225,0.000254364,-3.814697265764357e-06,0.8474834704246217,-4.5776367189172273e-05,0.8474834704246218
attn_on_pim_prefill-128xdecode_262_ops_trace.csv,decode,3,23,15,GPU0,npu,12,"LN:-1,Add:-1,LN:-1,FFN_W1:0,FFN_W3:0,FFN_W1:1,FFN_W3:1,SwiGLU:0,SwiGLU:1,FFN_W2:0,FFN_W2:1,Add:-1",0.00032135900410334983,0.00029675519466400144,npu|decode|3|2ef4409498d14c672a4fbbfe6786cce6,3,sample_step,0.003856308049240198,0.0035610623359680176,-2.4603809439348388e-05,0.9234382446883743,-0.00029524571327218044,0.9234382446883743
attn_on_pim_prefill-128xdecode_262_ops_trace.csv,decode,3,23,15,PIM0,pim,7,"Q:0,K:0,V:0,QK:0,Softmax:0,SV:0,O:0",2.5011697265764354e-05,2.1196999999999997e-05,pim|decode|3|61397802f1888ea563dd9b1ea38edd23,3,sample_step,0.00030014036718917225,0.000254364,-3.814697265764357e-06,0.8474834704246217,-4.5776367189172273e-05,0.8474834704246218
attn_on_pim_prefill-128xdecode_262_ops_trace.csv,decode,3,23,15,PIM1,pim,7,"Q:1,K:1,V:1,QK:1,Softmax:1,SV:1,O:1",2.5011697265764354e-05,2.1196999999999997e-05,pim|decode|3|9c4e6c099d863efd94751a80c7e404c5,3,sample_step,0.00030014036718917225,0.000254364,-3.814697265764357e-06,0.8474834704246217,-4.5776367189172273e-05,0.8474834704246218
attn_on_pim_prefill-128xdecode_262_ops_trace.csv,decode,3,23,16,GPU0,npu,12,"LN:-1,Add:-1,LN:-1,FFN_W1:0,FFN_W3:0,FFN_W1:1,FFN_W3:1,SwiGLU:0,SwiGLU:1,FFN_W2:0,FFN_W2:1,Add:-1",0.00032135900410334983,0.00029675519466400144,npu|decode|3|2ef4409498d14c672a4fbbfe6786cce6,3,sample_step,0.003856308049240198,0.0035610623359680176,-2.4603809439348388e-05,0.9234382446883743,-0.00029524571327218044,0.9234382446883743
attn_on_pim_prefill-128xdecode_262_ops_trace.csv,decode,3,23,16,PIM0,pim,7,"Q:0,K:0,V:0,QK:0,Softmax:0,SV:0,O:0",2.5011697265764354e-05,2.1196999999999997e-05,pim|decode|3|61397802f1888ea563dd9b1ea38edd23,3,sample_step,0.00030014036718917225,0.000254364,-3.814697265764357e-06,0.8474834704246217,-4.5776367189172273e-05,0.8474834704246218
attn_on_pim_prefill-128xdecode_262_ops_trace.csv,decode,3,23,16,PIM1,pim,7,"Q:1,K:1,V:1,QK:1,Softmax:1,SV:1,O:1",2.5011697265764354e-05,2.1196999999999997e-05,pim|decode|3|9c4e6c099d863efd94751a80c7e404c5,3,sample_step,0.00030014036718917225,0.000254364,-3.814697265764357e-06,0.8474834704246217,-4.5776367189172273e-05,0.8474834704246218
attn_on_pim_prefill-128xdecode_262_ops_trace.csv,decode,3,23,17,GPU0,npu,12,"LN:-1,Add:-1,LN:-1,FFN_W1:0,FFN_W3:0,FFN_W1:1,FFN_W3:1,SwiGLU:0,SwiGLU:1,FFN_W2:0,FFN_W2:1,Add:-1",0.00032135900410334983,0.00029675519466400144,npu|decode|3|2ef4409498d14c672a4fbbfe6786cce6,3,sample_step,0.003856308049240198,0.0035610623359680176,-2.4603809439348388e-05,0.9234382446883743,-0.00029524571327218044,0.9234382446883743
attn_on_pim_prefill-128xdecode_262_ops_trace.csv,decode,3,23,17,PIM0,pim,7,"Q:0,K:0,V:0,QK:0,Softmax:0,SV:0,O:0",2.5011697265764354e-05,2.1196999999999997e-05,pim|decode|3|61397802f1888ea563dd9b1ea38edd23,3,sample_step,0.00030014036718917225,0.000254364,-3.814697265764357e-06,0.8474834704246217,-4.5776367189172273e-05,0.8474834704246218
attn_on_pim_prefill-128xdecode_262_ops_trace.csv,decode,3,23,17,PIM1,pim,7,"Q:1,K:1,V:1,QK:1,Softmax:1,SV:1,O:1",2.5011697265764354e-05,2.1196999999999997e-05,pim|decode|3|9c4e6c099d863efd94751a80c7e404c5,3,sample_step,0.00030014036718917225,0.000254364,-3.814697265764357e-06,0.8474834704246217,-4.5776367189172273e-05,0.8474834704246218
attn_on_pim_prefill-128xdecode_262_ops_trace.csv,decode,3,23,18,GPU0,npu,12,"LN:-1,Add:-1,LN:-1,FFN_W1:0,FFN_W3:0,FFN_W1:1,FFN_W3:1,SwiGLU:0,SwiGLU:1,FFN_W2:0,FFN_W2:1,Add:-1",0.00032135900410334983,0.00029675519466400144,npu|decode|3|2ef4409498d14c672a4fbbfe6786cce6,3,sample_step,0.003856308049240198,0.0035610623359680176,-2.4603809439348388e-05,0.9234382446883743,-0.00029524571327218044,0.9234382446883743
attn_on_pim_prefill-128xdecode_262_ops_trace.csv,decode,3,23,18,PIM0,pim,7,"Q:0,K:0,V:0,QK:0,Softmax:0,SV:0,O:0",2.5011697265764354e-05,2.1196999999999997e-05,pim|decode|3|61397802f1888ea563dd9b1ea38edd23,3,sample_step,0.00030014036718917225,0.000254364,-3.814697265764357e-06,0.8474834704246217,-4.5776367189172273e-05,0.8474834704246218
attn_on_pim_prefill-128xdecode_262_ops_trace.csv,decode,3,23,18,PIM1,pim,7,"Q:1,K:1,V:1,QK:1,Softmax:1,SV:1,O:1",2.5011697265764354e-05,2.1196999999999997e-05,pim|decode|3|9c4e6c099d863efd94751a80c7e404c5,3,sample_step,0.00030014036718917225,0.000254364,-3.814697265764357e-06,0.8474834704246217,-4.5776367189172273e-05,0.8474834704246218
attn_on_pim_prefill-128xdecode_262_ops_trace.csv,decode,3,23,19,GPU0,npu,12,"LN:-1,Add:-1,LN:-1,FFN_W1:0,FFN_W3:0,FFN_W1:1,FFN_W3:1,SwiGLU:0,SwiGLU:1,FFN_W2:0,FFN_W2:1,Add:-1",0.00032135900410334983,0.00029675519466400144,npu|decode|3|2ef4409498d14c672a4fbbfe6786cce6,3,sample_step,0.003856308049240198,0.0035610623359680176,-2.4603809439348388e-05,0.9234382446883743,-0.00029524571327218044,0.9234382446883743
attn_on_pim_prefill-128xdecode_262_ops_trace.csv,decode,3,23,19,PIM0,pim,7,"Q:0,K:0,V:0,QK:0,Softmax:0,SV:0,O:0",2.5011697265764354e-05,2.1196999999999997e-05,pim|decode|3|61397802f1888ea563dd9b1ea38edd23,3,sample_step,0.00030014036718917225,0.000254364,-3.814697265764357e-06,0.8474834704246217,-4.5776367189172273e-05,0.8474834704246218
attn_on_pim_prefill-128xdecode_262_ops_trace.csv,decode,3,23,19,PIM1,pim,7,"Q:1,K:1,V:1,QK:1,Softmax:1,SV:1,O:1",2.5011697265764354e-05,2.1196999999999997e-05,pim|decode|3|9c4e6c099d863efd94751a80c7e404c5,3,sample_step,0.00030014036718917225,0.000254364,-3.814697265764357e-06,0.8474834704246217,-4.5776367189172273e-05,0.8474834704246218
attn_on_pim_prefill-128xdecode_262_ops_trace.csv,decode,3,23,20,GPU0,npu,12,"LN:-1,Add:-1,LN:-1,FFN_W1:0,FFN_W3:0,FFN_W1:1,FFN_W3:1,SwiGLU:0,SwiGLU:1,FFN_W2:0,FFN_W2:1,Add:-1",0.00032135900410334983,0.00029675519466400144,npu|decode|3|2ef4409498d14c672a4fbbfe6786cce6,3,sample_step,0.003856308049240198,0.0035610623359680176,-2.4603809439348388e-05,0.9234382446883743,-0.00029524571327218044,0.9234382446883743
attn_on_pim_prefill-128xdecode_262_ops_trace.csv,decode,3,23,20,PIM0,pim,7,"Q:0,K:0,V:0,QK:0,Softmax:0,SV:0,O:0",2.5011697265764354e-05,2.1196999999999997e-05,pim|decode|3|61397802f1888ea563dd9b1ea38edd23,3,sample_step,0.00030014036718917225,0.000254364,-3.814697265764357e-06,0.8474834704246217,-4.5776367189172273e-05,0.8474834704246218
attn_on_pim_prefill-128xdecode_262_ops_trace.csv,decode,3,23,20,PIM1,pim,7,"Q:1,K:1,V:1,QK:1,Softmax:1,SV:1,O:1",2.5011697265764354e-05,2.1196999999999997e-05,pim|decode|3|9c4e6c099d863efd94751a80c7e404c5,3,sample_step,0.00030014036718917225,0.000254364,-3.814697265764357e-06,0.8474834704246217,-4.5776367189172273e-05,0.8474834704246218
attn_on_pim_prefill-128xdecode_262_ops_trace.csv,decode,3,23,21,GPU0,npu,12,"LN:-1,Add:-1,LN:-1,FFN_W1:0,FFN_W3:0,FFN_W1:1,FFN_W3:1,SwiGLU:0,SwiGLU:1,FFN_W2:0,FFN_W2:1,Add:-1",0.00032135900410334983,0.00029675519466400144,npu|decode|3|2ef4409498d14c672a4fbbfe6786cce6,3,sample_step,0.003856308049240198,0.0035610623359680176,-2.4603809439348388e-05,0.9234382446883743,-0.00029524571327218044,0.9234382446883743
attn_on_pim_prefill-128xdecode_262_ops_trace.csv,decode,3,23,21,PIM0,pim,7,"Q:0,K:0,V:0,QK:0,Softmax:0,SV:0,O:0",2.5011697265764354e-05,2.1196999999999997e-05,pim|decode|3|61397802f1888ea563dd9b1ea38edd23,3,sample_step,0.00030014036718917225,0.000254364,-3.814697265764357e-06,0.8474834704246217,-4.5776367189172273e-05,0.8474834704246218
attn_on_pim_prefill-128xdecode_262_ops_trace.csv,decode,3,23,21,PIM1,pim,7,"Q:1,K:1,V:1,QK:1,Softmax:1,SV:1,O:1",2.5011697265764354e-05,2.1196999999999997e-05,pim|decode|3|9c4e6c099d863efd94751a80c7e404c5,3,sample_step,0.00030014036718917225,0.000254364,-3.814697265764357e-06,0.8474834704246217,-4.5776367189172273e-05,0.8474834704246218
attn_on_pim_prefill-128xdecode_262_ops_trace.csv,decode,3,23,22,GPU0,npu,12,"LN:-1,Add:-1,LN:-1,FFN_W1:0,FFN_W3:0,FFN_W1:1,FFN_W3:1,SwiGLU:0,SwiGLU:1,FFN_W2:0,FFN_W2:1,Add:-1",0.00032135900410334983,0.00029675519466400144,npu|decode|3|2ef4409498d14c672a4fbbfe6786cce6,3,sample_step,0.003856308049240198,0.0035610623359680176,-2.4603809439348388e-05,0.9234382446883743,-0.00029524571327218044,0.9234382446883743
attn_on_pim_prefill-128xdecode_262_ops_trace.csv,decode,3,23,22,PIM0,pim,7,"Q:0,K:0,V:0,QK:0,Softmax:0,SV:0,O:0",2.5011697265764354e-05,2.1196999999999997e-05,pim|decode|3|61397802f1888ea563dd9b1ea38edd23,3,sample_step,0.00030014036718917225,0.000254364,-3.814697265764357e-06,0.8474834704246217,-4.5776367189172273e-05,0.8474834704246218
attn_on_pim_prefill-128xdecode_262_ops_trace.csv,decode,3,23,22,PIM1,pim,7,"Q:1,K:1,V:1,QK:1,Softmax:1,SV:1,O:1",2.5011697265764354e-05,2.1196999999999997e-05,pim|decode|3|9c4e6c099d863efd94751a80c7e404c5,3,sample_step,0.00030014036718917225,0.000254364,-3.814697265764357e-06,0.8474834704246217,-4.5776367189172273e-05,0.8474834704246218
attn_on_pim_prefill-128xdecode_262_ops_trace.csv,decode,3,23,23,GPU0,npu,12,"LN:-1,Add:-1,LN:-1,FFN_W1:0,FFN_W3:0,FFN_W1:1,FFN_W3:1,SwiGLU:0,SwiGLU:1,FFN_W2:0,FFN_W2:1,Add:-1",0.00032135900410334983,0.00029675519466400144,npu|decode|3|2ef4409498d14c672a4fbbfe6786cce6,3,sample_step,0.003856308049240198,0.0035610623359680176,-2.4603809439348388e-05,0.9234382446883743,-0.00029524571327218044,0.9234382446883743
attn_on_pim_prefill-128xdecode_262_ops_trace.csv,decode,3,23,23,PIM0,pim,7,"Q:0,K:0,V:0,QK:0,Softmax:0,SV:0,O:0",2.5011697265764354e-05,2.1196999999999997e-05,pim|decode|3|61397802f1888ea563dd9b1ea38edd23,3,sample_step,0.00030014036718917225,0.000254364,-3.814697265764357e-06,0.8474834704246217,-4.5776367189172273e-05,0.8474834704246218
attn_on_pim_prefill-128xdecode_262_ops_trace.csv,decode,3,23,23,PIM1,pim,7,"Q:1,K:1,V:1,QK:1,Softmax:1,SV:1,O:1",2.5011697265764354e-05,2.1196999999999997e-05,pim|decode|3|9c4e6c099d863efd94751a80c7e404c5,3,sample_step,0.00030014036718917225,0.000254364,-3.814697265764357e-06,0.8474834704246217,-4.5776367189172273e-05,0.8474834704246218
attn_on_pim_prefill-128xdecode_262_ops_trace.csv,decode,3,23,24,GPU0,npu,12,"LN:-1,Add:-1,LN:-1,FFN_W1:0,FFN_W3:0,FFN_W1:1,FFN_W3:1,SwiGLU:0,SwiGLU:1,FFN_W2:0,FFN_W2:1,Add:-1",0.00032135900410334983,0.00029675519466400144,npu|decode|3|2ef4409498d14c672a4fbbfe6786cce6,3,sample_step,0.003856308049240198,0.0035610623359680176,-2.4603809439348388e-05,0.9234382446883743,-0.00029524571327218044,0.9234382446883743
attn_on_pim_prefill-128xdecode_262_ops_trace.csv,decode,3,23,24,PIM0,pim,7,"Q:0,K:0,V:0,QK:0,Softmax:0,SV:0,O:0",2.5011697265764354e-05,2.1196999999999997e-05,pim|decode|3|61397802f1888ea563dd9b1ea38edd23,3,sample_step,0.00030014036718917225,0.000254364,-3.814697265764357e-06,0.8474834704246217,-4.5776367189172273e-05,0.8474834704246218
attn_on_pim_prefill-128xdecode_262_ops_trace.csv,decode,3,23,24,PIM1,pim,7,"Q:1,K:1,V:1,QK:1,Softmax:1,SV:1,O:1",2.5011697265764354e-05,2.1196999999999997e-05,pim|decode|3|9c4e6c099d863efd94751a80c7e404c5,3,sample_step,0.00030014036718917225,0.000254364,-3.814697265764357e-06,0.8474834704246217,-4.5776367189172273e-05,0.8474834704246218
attn_on_pim_prefill-128xdecode_262_ops_trace.csv,decode,3,23,25,GPU0,npu,12,"LN:-1,Add:-1,LN:-1,FFN_W1:0,FFN_W3:0,FFN_W1:1,FFN_W3:1,SwiGLU:0,SwiGLU:1,FFN_W2:0,FFN_W2:1,Add:-1",0.00032135900410334983,0.00029675519466400144,npu|decode|3|2ef4409498d14c672a4fbbfe6786cce6,3,sample_step,0.003856308049240198,0.0035610623359680176,-2.4603809439348388e-05,0.9234382446883743,-0.00029524571327218044,0.9234382446883743
attn_on_pim_prefill-128xdecode_262_ops_trace.csv,decode,3,23,25,PIM0,pim,7,"Q:0,K:0,V:0,QK:0,Softmax:0,SV:0,O:0",2.5011697265764354e-05,2.1196999999999997e-05,pim|decode|3|61397802f1888ea563dd9b1ea38edd23,3,sample_step,0.00030014036718917225,0.000254364,-3.814697265764357e-06,0.8474834704246217,-4.5776367189172273e-05,0.8474834704246218
attn_on_pim_prefill-128xdecode_262_ops_trace.csv,decode,3,23,25,PIM1,pim,7,"Q:1,K:1,V:1,QK:1,Softmax:1,SV:1,O:1",2.5011697265764354e-05,2.1196999999999997e-05,pim|decode|3|9c4e6c099d863efd94751a80c7e404c5,3,sample_step,0.00030014036718917225,0.000254364,-3.814697265764357e-06,0.8474834704246217,-4.5776367189172273e-05,0.8474834704246218
attn_on_pim_prefill-128xdecode_262_ops_trace.csv,decode,3,23,26,GPU0,npu,12,"LN:-1,Add:-1,LN:-1,FFN_W1:0,FFN_W3:0,FFN_W1:1,FFN_W3:1,SwiGLU:0,SwiGLU:1,FFN_W2:0,FFN_W2:1,Add:-1",0.00032135900410334983,0.00029675519466400144,npu|decode|3|2ef4409498d14c672a4fbbfe6786cce6,3,sample_step,0.003856308049240198,0.0035610623359680176,-2.4603809439348388e-05,0.9234382446883743,-0.00029524571327218044,0.9234382446883743
attn_on_pim_prefill-128xdecode_262_ops_trace.csv,decode,3,23,26,PIM0,pim,7,"Q:0,K:0,V:0,QK:0,Softmax:0,SV:0,O:0",2.5011697265764354e-05,2.1196999999999997e-05,pim|decode|3|61397802f1888ea563dd9b1ea38edd23,3,sample_step,0.00030014036718917225,0.000254364,-3.814697265764357e-06,0.8474834704246217,-4.5776367189172273e-05,0.8474834704246218
attn_on_pim_prefill-128xdecode_262_ops_trace.csv,decode,3,23,26,PIM1,pim,7,"Q:1,K:1,V:1,QK:1,Softmax:1,SV:1,O:1",2.5011697265764354e-05,2.1196999999999997e-05,pim|decode|3|9c4e6c099d863efd94751a80c7e404c5,3,sample_step,0.00030014036718917225,0.000254364,-3.814697265764357e-06,0.8474834704246217,-4.5776367189172273e-05,0.8474834704246218
attn_on_pim_prefill-128xdecode_262_ops_trace.csv,decode,3,23,27,GPU0,npu,12,"LN:-1,Add:-1,LN:-1,FFN_W1:0,FFN_W3:0,FFN_W1:1,FFN_W3:1,SwiGLU:0,SwiGLU:1,FFN_W2:0,FFN_W2:1,Add:-1",0.00032135900410334983,0.00029675519466400144,npu|decode|3|2ef4409498d14c672a4fbbfe6786cce6,3,sample_step,0.003856308049240198,0.0035610623359680176,-2.4603809439348388e-05,0.9234382446883743,-0.00029524571327218044,0.9234382446883743
attn_on_pim_prefill-128xdecode_262_ops_trace.csv,decode,3,23,27,PIM0,pim,7,"Q:0,K:0,V:0,QK:0,Softmax:0,SV:0,O:0",2.5011697265764354e-05,2.1196999999999997e-05,pim|decode|3|61397802f1888ea563dd9b1ea38edd23,3,sample_step,0.00030014036718917225,0.000254364,-3.814697265764357e-06,0.8474834704246217,-4.5776367189172273e-05,0.8474834704246218
attn_on_pim_prefill-128xdecode_262_ops_trace.csv,decode,3,23,27,PIM1,pim,7,"Q:1,K:1,V:1,QK:1,Softmax:1,SV:1,O:1",2.5011697265764354e-05,2.1196999999999997e-05,pim|decode|3|9c4e6c099d863efd94751a80c7e404c5,3,sample_step,0.00030014036718917225,0.000254364,-3.814697265764357e-06,0.8474834704246217,-4.5776367189172273e-05,0.8474834704246218
attn_on_pim_prefill-128xdecode_262_ops_trace.csv,decode,3,23,28,GPU0,npu,12,"LN:-1,Add:-1,LN:-1,FFN_W1:0,FFN_W3:0,FFN_W1:1,FFN_W3:1,SwiGLU:0,SwiGLU:1,FFN_W2:0,FFN_W2:1,Add:-1",0.00032135900410334983,0.00029675519466400144,npu|decode|3|2ef4409498d14c672a4fbbfe6786cce6,3,sample_step,0.003856308049240198,0.0035610623359680176,-2.4603809439348388e-05,0.9234382446883743,-0.00029524571327218044,0.9234382446883743
attn_on_pim_prefill-128xdecode_262_ops_trace.csv,decode,3,23,28,PIM0,pim,7,"Q:0,K:0,V:0,QK:0,Softmax:0,SV:0,O:0",2.5011697265764354e-05,2.1196999999999997e-05,pim|decode|3|61397802f1888ea563dd9b1ea38edd23,3,sample_step,0.00030014036718917225,0.000254364,-3.814697265764357e-06,0.8474834704246217,-4.5776367189172273e-05,0.8474834704246218
attn_on_pim_prefill-128xdecode_262_ops_trace.csv,decode,3,23,28,PIM1,pim,7,"Q:1,K:1,V:1,QK:1,Softmax:1,SV:1,O:1",2.5011697265764354e-05,2.1196999999999997e-05,pim|decode|3|9c4e6c099d863efd94751a80c7e404c5,3,sample_step,0.00030014036718917225,0.000254364,-3.814697265764357e-06,0.8474834704246217,-4.5776367189172273e-05,0.8474834704246218
attn_on_pim_prefill-128xdecode_262_ops_trace.csv,decode,3,23,29,GPU0,npu,12,"LN:-1,Add:-1,LN:-1,FFN_W1:0,FFN_W3:0,FFN_W1:1,FFN_W3:1,SwiGLU:0,SwiGLU:1,FFN_W2:0,FFN_W2:1,Add:-1",0.00032135900410334983,0.00029675519466400144,npu|decode|3|2ef4409498d14c672a4fbbfe6786cce6,3,sample_step,0.003856308049240198,0.0035610623359680176,-2.4603809439348388e-05,0.9234382446883743,-0.00029524571327218044,0.9234382446883743
attn_on_pim_prefill-128xdecode_262_ops_trace.csv,decode,3,23,29,PIM0,pim,7,"Q:0,K:0,V:0,QK:0,Softmax:0,SV:0,O:0",2.5011697265764354e-05,2.1196999999999997e-05,pim|decode|3|61397802f1888ea563dd9b1ea38edd23,3,sample_step,0.00030014036718917225,0.000254364,-3.814697265764357e-06,0.8474834704246217,-4.5776367189172273e-05,0.8474834704246218
attn_on_pim_prefill-128xdecode_262_ops_trace.csv,decode,3,23,29,PIM1,pim,7,"Q:1,K:1,V:1,QK:1,Softmax:1,SV:1,O:1",2.5011697265764354e-05,2.1196999999999997e-05,pim|decode|3|9c4e6c099d863efd94751a80c7e404c5,3,sample_step,0.00030014036718917225,0.000254364,-3.814697265764357e-06,0.8474834704246217,-4.5776367189172273e-05,0.8474834704246218
attn_on_pim_prefill-128xdecode_262_ops_trace.csv,decode,3,23,30,GPU0,npu,12,"LN:-1,Add:-1,LN:-1,FFN_W1:0,FFN_W3:0,FFN_W1:1,FFN_W3:1,SwiGLU:0,SwiGLU:1,FFN_W2:0,FFN_W2:1,Add:-1",0.00032135900410334983,0.00029675519466400144,npu|decode|3|2ef4409498d14c672a4fbbfe6786cce6,3,sample_step,0.003856308049240198,0.0035610623359680176,-2.4603809439348388e-05,0.9234382446883743,-0.00029524571327218044,0.9234382446883743
attn_on_pim_prefill-128xdecode_262_ops_trace.csv,decode,3,23,30,PIM0,pim,7,"Q:0,K:0,V:0,QK:0,Softmax:0,SV:0,O:0",2.5011697265764354e-05,2.1196999999999997e-05,pim|decode|3|61397802f1888ea563dd9b1ea38edd23,3,sample_step,0.00030014036718917225,0.000254364,-3.814697265764357e-06,0.8474834704246217,-4.5776367189172273e-05,0.8474834704246218
attn_on_pim_prefill-128xdecode_262_ops_trace.csv,decode,3,23,30,PIM1,pim,7,"Q:1,K:1,V:1,QK:1,Softmax:1,SV:1,O:1",2.5011697265764354e-05,2.1196999999999997e-05,pim|decode|3|9c4e6c099d863efd94751a80c7e404c5,3,sample_step,0.00030014036718917225,0.000254364,-3.814697265764357e-06,0.8474834704246217,-4.5776367189172273e-05,0.8474834704246218
attn_on_pim_prefill-128xdecode_262_ops_trace.csv,decode,3,23,31,GPU0,npu,12,"LN:-1,Add:-1,LN:-1,FFN_W1:0,FFN_W3:0,FFN_W1:1,FFN_W3:1,SwiGLU:0,SwiGLU:1,FFN_W2:0,FFN_W2:1,Add:-1",0.00032135900410334983,0.00029675519466400144,npu|decode|3|2ef4409498d14c672a4fbbfe6786cce6,3,sample_step,0.003856308049240198,0.0035610623359680176,-2.4603809439348388e-05,0.9234382446883743,-0.00029524571327218044,0.9234382446883743
attn_on_pim_prefill-128xdecode_262_ops_trace.csv,decode,3,23,31,PIM0,pim,7,"Q:0,K:0,V:0,QK:0,Softmax:0,SV:0,O:0",2.5011697265764354e-05,2.1196999999999997e-05,pim|decode|3|61397802f1888ea563dd9b1ea38edd23,3,sample_step,0.00030014036718917225,0.000254364,-3.814697265764357e-06,0.8474834704246217,-4.5776367189172273e-05,0.8474834704246218
attn_on_pim_prefill-128xdecode_262_ops_trace.csv,decode,3,23,31,PIM1,pim,7,"Q:1,K:1,V:1,QK:1,Softmax:1,SV:1,O:1",2.5011697265764354e-05,2.1196999999999997e-05,pim|decode|3|9c4e6c099d863efd94751a80c7e404c5,3,sample_step,0.00030014036718917225,0.000254364,-3.814697265764357e-06,0.8474834704246217,-4.5776367189172273e-05,0.8474834704246218
attn_on_pim_prefill-128xdecode_262_ops_trace.csv,decode,4,35,0,GPU0,npu,12,"LN:-1,Add:-1,LN:-1,FFN_W1:0,FFN_W3:0,FFN_W1:1,FFN_W3:1,SwiGLU:0,SwiGLU:1,FFN_W2:0,FFN_W2:1,Add:-1",0.00032135900410334983,0.00029706239700317383,npu|decode|4|2ef4409498d14c672a4fbbfe6786cce6,4,sample_step,0.003856308049240198,0.003564748764038086,-2.4296607100175998e-05,0.9243941921964566,-0.0002915592852021122,0.9243941921964565
attn_on_pim_prefill-128xdecode_262_ops_trace.csv,decode,4,35,0,PIM0,pim,7,"Q:0,K:0,V:0,QK:0,Softmax:0,SV:0,O:0",2.5081697265672e-05,2.1267e-05,pim|decode|4|61397802f1888ea563dd9b1ea38edd23,4,sample_step,0.000300980367188064,0.00025520400000000003,-3.814697265671997e-06,0.847909125715628,-4.577636718806395e-05,0.847909125715628
attn_on_pim_prefill-128xdecode_262_ops_trace.csv,decode,4,35,0,PIM1,pim,7,"Q:1,K:1,V:1,QK:1,Softmax:1,SV:1,O:1",2.5081697265672e-05,2.1267e-05,pim|decode|4|9c4e6c099d863efd94751a80c7e404c5,4,sample_step,0.000300980367188064,0.00025520400000000003,-3.814697265671997e-06,0.847909125715628,-4.577636718806395e-05,0.847909125715628
attn_on_pim_prefill-128xdecode_262_ops_trace.csv,decode,4,35,1,GPU0,npu,12,"LN:-1,Add:-1,LN:-1,FFN_W1:0,FFN_W3:0,FFN_W1:1,FFN_W3:1,SwiGLU:0,SwiGLU:1,FFN_W2:0,FFN_W2:1,Add:-1",0.00032135900410334983,0.00029706239700317383,npu|decode|4|2ef4409498d14c672a4fbbfe6786cce6,4,sample_step,0.003856308049240198,0.003564748764038086,-2.4296607100175998e-05,0.9243941921964566,-0.0002915592852021122,0.9243941921964565
attn_on_pim_prefill-128xdecode_262_ops_trace.csv,decode,4,35,1,PIM0,pim,7,"Q:0,K:0,V:0,QK:0,Softmax:0,SV:0,O:0",2.5081697265672e-05,2.1267e-05,pim|decode|4|61397802f1888ea563dd9b1ea38edd23,4,sample_step,0.000300980367188064,0.00025520400000000003,-3.814697265671997e-06,0.847909125715628,-4.577636718806395e-05,0.847909125715628
attn_on_pim_prefill-128xdecode_262_ops_trace.csv,decode,4,35,1,PIM1,pim,7,"Q:1,K:1,V:1,QK:1,Softmax:1,SV:1,O:1",2.5081697265672e-05,2.1267e-05,pim|decode|4|9c4e6c099d863efd94751a80c7e404c5,4,sample_step,0.000300980367188064,0.00025520400000000003,-3.814697265671997e-06,0.847909125715628,-4.577636718806395e-05,0.847909125715628
attn_on_pim_prefill-128xdecode_262_ops_trace.csv,decode,4,35,2,GPU0,npu,12,"LN:-1,Add:-1,LN:-1,FFN_W1:0,FFN_W3:0,FFN_W1:1,FFN_W3:1,SwiGLU:0,SwiGLU:1,FFN_W2:0,FFN_W2:1,Add:-1",0.00032135900410334983,0.00029706239700317383,npu|decode|4|2ef4409498d14c672a4fbbfe6786cce6,4,sample_step,0.003856308049240198,0.003564748764038086,-2.4296607100175998e-05,0.9243941921964566,-0.0002915592852021122,0.9243941921964565
attn_on_pim_prefill-128xdecode_262_ops_trace.csv,decode,4,35,2,PIM0,pim,7,"Q:0,K:0,V:0,QK:0,Softmax:0,SV:0,O:0",2.5081697265672e-05,2.1267e-05,pim|decode|4|61397802f1888ea563dd9b1ea38edd23,4,sample_step,0.000300980367188064,0.00025520400000000003,-3.814697265671997e-06,0.847909125715628,-4.577636718806395e-05,0.847909125715628
attn_on_pim_prefill-128xdecode_262_ops_trace.csv,decode,4,35,2,PIM1,pim,7,"Q:1,K:1,V:1,QK:1,Softmax:1,SV:1,O:1",2.5081697265672e-05,2.1267e-05,pim|decode|4|9c4e6c099d863efd94751a80c7e404c5,4,sample_step,0.000300980367188064,0.00025520400000000003,-3.814697265671997e-06,0.847909125715628,-4.577636718806395e-05,0.847909125715628
attn_on_pim_prefill-128xdecode_262_ops_trace.csv,decode,4,35,3,GPU0,npu,12,"LN:-1,Add:-1,LN:-1,FFN_W1:0,FFN_W3:0,FFN_W1:1,FFN_W3:1,SwiGLU:0,SwiGLU:1,FFN_W2:0,FFN_W2:1,Add:-1",0.00032135900410334983,0.00029706239700317383,npu|decode|4|2ef4409498d14c672a4fbbfe6786cce6,4,sample_step,0.003856308049240198,0.003564748764038086,-2.4296607100175998e-05,0.9243941921964566,-0.0002915592852021122,0.9243941921964565
attn_on_pim_prefill-128xdecode_262_ops_trace.csv,decode,4,35,3,PIM0,pim,7,"Q:0,K:0,V:0,QK:0,Softmax:0,SV:0,O:0",2.5081697265672e-05,2.1267e-05,pim|decode|4|61397802f1888ea563dd9b1ea38edd23,4,sample_step,0.000300980367188064,0.00025520400000000003,-3.814697265671997e-06,0.847909125715628,-4.577636718806395e-05,0.847909125715628
attn_on_pim_prefill-128xdecode_262_ops_trace.csv,decode,4,35,3,PIM1,pim,7,"Q:1,K:1,V:1,QK:1,Softmax:1,SV:1,O:1",2.5081697265672e-05,2.1267e-05,pim|decode|4|9c4e6c099d863efd94751a80c7e404c5,4,sample_step,0.000300980367188064,0.00025520400000000003,-3.814697265671997e-06,0.847909125715628,-4.577636718806395e-05,0.847909125715628
attn_on_pim_prefill-128xdecode_262_ops_trace.csv,decode,4,35,4,GPU0,npu,12,"LN:-1,Add:-1,LN:-1,FFN_W1:0,FFN_W3:0,FFN_W1:1,FFN_W3:1,SwiGLU:0,SwiGLU:1,FFN_W2:0,FFN_W2:1,Add:-1",0.00032135900410334983,0.00029706239700317383,npu|decode|4|2ef4409498d14c672a4fbbfe6786cce6,4,sample_step,0.003856308049240198,0.003564748764038086,-2.4296607100175998e-05,0.9243941921964566,-0.0002915592852021122,0.9243941921964565
attn_on_pim_prefill-128xdecode_262_ops_trace.csv,decode,4,35,4,PIM0,pim,7,"Q:0,K:0,V:0,QK:0,Softmax:0,SV:0,O:0",2.5081697265672e-05,2.1267e-05,pim|decode|4|61397802f1888ea563dd9b1ea38edd23,4,sample_step,0.000300980367188064,0.00025520400000000003,-3.814697265671997e-06,0.847909125715628,-4.577636718806395e-05,0.847909125715628
attn_on_pim_prefill-128xdecode_262_ops_trace.csv,decode,4,35,4,PIM1,pim,7,"Q:1,K:1,V:1,QK:1,Softmax:1,SV:1,O:1",2.5081697265672e-05,2.1267e-05,pim|decode|4|9c4e6c099d863efd94751a80c7e404c5,4,sample_step,0.000300980367188064,0.00025520400000000003,-3.814697265671997e-06,0.847909125715628,-4.577636718806395e-05,0.847909125715628
attn_on_pim_prefill-128xdecode_262_ops_trace.csv,decode,4,35,5,GPU0,npu,12,"LN:-1,Add:-1,LN:-1,FFN_W1:0,FFN_W3:0,FFN_W1:1,FFN_W3:1,SwiGLU:0,SwiGLU:1,FFN_W2:0,FFN_W2:1,Add:-1",0.00032135900410334983,0.00029706239700317383,npu|decode|4|2ef4409498d14c672a4fbbfe6786cce6,4,sample_step,0.003856308049240198,0.003564748764038086,-2.4296607100175998e-05,0.9243941921964566,-0.0002915592852021122,0.9243941921964565
attn_on_pim_prefill-128xdecode_262_ops_trace.csv,decode,4,35,5,PIM0,pim,7,"Q:0,K:0,V:0,QK:0,Softmax:0,SV:0,O:0",2.5081697265672e-05,2.1267e-05,pim|decode|4|61397802f1888ea563dd9b1ea38edd23,4,sample_step,0.000300980367188064,0.00025520400000000003,-3.814697265671997e-06,0.847909125715628,-4.577636718806395e-05,0.847909125715628
attn_on_pim_prefill-128xdecode_262_ops_trace.csv,decode,4,35,5,PIM1,pim,7,"Q:1,K:1,V:1,QK:1,Softmax:1,SV:1,O:1",2.5081697265672e-05,2.1267e-05,pim|decode|4|9c4e6c099d863efd94751a80c7e404c5,4,sample_step,0.000300980367188064,0.00025520400000000003,-3.814697265671997e-06,0.847909125715628,-4.577636718806395e-05,0.847909125715628
attn_on_pim_prefill-128xdecode_262_ops_trace.csv,decode,4,35,6,GPU0,npu,12,"LN:-1,Add:-1,LN:-1,FFN_W1:0,FFN_W3:0,FFN_W1:1,FFN_W3:1,SwiGLU:0,SwiGLU:1,FFN_W2:0,FFN_W2:1,Add:-1",0.00032135900410334983,0.00029706239700317383,npu|decode|4|2ef4409498d14c672a4fbbfe6786cce6,4,sample_step,0.003856308049240198,0.003564748764038086,-2.4296607100175998e-05,0.9243941921964566,-0.0002915592852021122,0.9243941921964565
attn_on_pim_prefill-128xdecode_262_ops_trace.csv,decode,4,35,6,PIM0,pim,7,"Q:0,K:0,V:0,QK:0,Softmax:0,SV:0,O:0",2.5081697265672e-05,2.1267e-05,pim|decode|4|61397802f1888ea563dd9b1ea38edd23,4,sample_step,0.000300980367188064,0.00025520400000000003,-3.814697265671997e-06,0.847909125715628,-4.577636718806395e-05,0.847909125715628
attn_on_pim_prefill-128xdecode_262_ops_trace.csv,decode,4,35,6,PIM1,pim,7,"Q:1,K:1,V:1,QK:1,Softmax:1,SV:1,O:1",2.5081697265672e-05,2.1267e-05,pim|decode|4|9c4e6c099d863efd94751a80c7e404c5,4,sample_step,0.000300980367188064,0.00025520400000000003,-3.814697265671997e-06,0.847909125715628,-4.577636718806395e-05,0.847909125715628
attn_on_pim_prefill-128xdecode_262_ops_trace.csv,decode,4,35,7,GPU0,npu,12,"LN:-1,Add:-1,LN:-1,FFN_W1:0,FFN_W3:0,FFN_W1:1,FFN_W3:1,SwiGLU:0,SwiGLU:1,FFN_W2:0,FFN_W2:1,Add:-1",0.00032135900410334983,0.00029706239700317383,npu|decode|4|2ef4409498d14c672a4fbbfe6786cce6,4,sample_step,0.003856308049240198,0.003564748764038086,-2.4296607100175998e-05,0.9243941921964566,-0.0002915592852021122,0.9243941921964565
attn_on_pim_prefill-128xdecode_262_ops_trace.csv,decode,4,35,7,PIM0,pim,7,"Q:0,K:0,V:0,QK:0,Softmax:0,SV:0,O:0",2.5081697265672e-05,2.1267e-05,pim|decode|4|61397802f1888ea563dd9b1ea38edd23,4,sample_step,0.000300980367188064,0.00025520400000000003,-3.814697265671997e-06,0.847909125715628,-4.577636718806395e-05,0.847909125715628
attn_on_pim_prefill-128xdecode_262_ops_trace.csv,decode,4,35,7,PIM1,pim,7,"Q:1,K:1,V:1,QK:1,Softmax:1,SV:1,O:1",2.5081697265672e-05,2.1267e-05,pim|decode|4|9c4e6c099d863efd94751a80c7e404c5,4,sample_step,0.000300980367188064,0.00025520400000000003,-3.814697265671997e-06,0.847909125715628,-4.577636718806395e-05,0.847909125715628
attn_on_pim_prefill-128xdecode_262_ops_trace.csv,decode,4,35,8,GPU0,npu,12,"LN:-1,Add:-1,LN:-1,FFN_W1:0,FFN_W3:0,FFN_W1:1,FFN_W3:1,SwiGLU:0,SwiGLU:1,FFN_W2:0,FFN_W2:1,Add:-1",0.00032135900410334983,0.00029706239700317383,npu|decode|4|2ef4409498d14c672a4fbbfe6786cce6,4,sample_step,0.003856308049240198,0.003564748764038086,-2.4296607100175998e-05,0.9243941921964566,-0.0002915592852021122,0.9243941921964565
attn_on_pim_prefill-128xdecode_262_ops_trace.csv,decode,4,35,8,PIM0,pim,7,"Q:0,K:0,V:0,QK:0,Softmax:0,SV:0,O:0",2.5081697265672e-05,2.1267e-05,pim|decode|4|61397802f1888ea563dd9b1ea38edd23,4,sample_step,0.000300980367188064,0.00025520400000000003,-3.814697265671997e-06,0.847909125715628,-4.577636718806395e-05,0.847909125715628
attn_on_pim_prefill-128xdecode_262_ops_trace.csv,decode,4,35,8,PIM1,pim,7,"Q:1,K:1,V:1,QK:1,Softmax:1,SV:1,O:1",2.5081697265672e-05,2.1267e-05,pim|decode|4|9c4e6c099d863efd94751a80c7e404c5,4,sample_step,0.000300980367188064,0.00025520400000000003,-3.814697265671997e-06,0.847909125715628,-4.577636718806395e-05,0.847909125715628
attn_on_pim_prefill-128xdecode_262_ops_trace.csv,decode,4,35,9,GPU0,npu,12,"LN:-1,Add:-1,LN:-1,FFN_W1:0,FFN_W3:0,FFN_W1:1,FFN_W3:1,SwiGLU:0,SwiGLU:1,FFN_W2:0,FFN_W2:1,Add:-1",0.00032135900410334983,0.00029706239700317383,npu|decode|4|2ef4409498d14c672a4fbbfe6786cce6,4,sample_step,0.003856308049240198,0.003564748764038086,-2.4296607100175998e-05,0.9243941921964566,-0.0002915592852021122,0.9243941921964565
attn_on_pim_prefill-128xdecode_262_ops_trace.csv,decode,4,35,9,PIM0,pim,7,"Q:0,K:0,V:0,QK:0,Softmax:0,SV:0,O:0",2.5081697265672e-05,2.1267e-05,pim|decode|4|61397802f1888ea563dd9b1ea38edd23,4,sample_step,0.000300980367188064,0.00025520400000000003,-3.814697265671997e-06,0.847909125715628,-4.577636718806395e-05,0.847909125715628
attn_on_pim_prefill-128xdecode_262_ops_trace.csv,decode,4,35,9,PIM1,pim,7,"Q:1,K:1,V:1,QK:1,Softmax:1,SV:1,O:1",2.5081697265672e-05,2.1267e-05,pim|decode|4|9c4e6c099d863efd94751a80c7e404c5,4,sample_step,0.000300980367188064,0.00025520400000000003,-3.814697265671997e-06,0.847909125715628,-4.577636718806395e-05,0.847909125715628
attn_on_pim_prefill-128xdecode_262_ops_trace.csv,decode,4,35,10,GPU0,npu,12,"LN:-1,Add:-1,LN:-1,FFN_W1:0,FFN_W3:0,FFN_W1:1,FFN_W3:1,SwiGLU:0,SwiGLU:1,FFN_W2:0,FFN_W2:1,Add:-1",0.00032135900410334983,0.00029706239700317383,npu|decode|4|2ef4409498d14c672a4fbbfe6786cce6,4,sample_step,0.003856308049240198,0.003564748764038086,-2.4296607100175998e-05,0.9243941921964566,-0.0002915592852021122,0.9243941921964565
attn_on_pim_prefill-128xdecode_262_ops_trace.csv,decode,4,35,10,PIM0,pim,7,"Q:0,K:0,V:0,QK:0,Softmax:0,SV:0,O:0",2.5081697265672e-05,2.1267e-05,pim|decode|4|61397802f1888ea563dd9b1ea38edd23,4,sample_step,0.000300980367188064,0.00025520400000000003,-3.814697265671997e-06,0.847909125715628,-4.577636718806395e-05,0.847909125715628
attn_on_pim_prefill-128xdecode_262_ops_trace.csv,decode,4,35,10,PIM1,pim,7,"Q:1,K:1,V:1,QK:1,Softmax:1,SV:1,O:1",2.5081697265672e-05,2.1267e-05,pim|decode|4|9c4e6c099d863efd94751a80c7e404c5,4,sample_step,0.000300980367188064,0.00025520400000000003,-3.814697265671997e-06,0.847909125715628,-4.577636718806395e-05,0.847909125715628
attn_on_pim_prefill-128xdecode_262_ops_trace.csv,decode,4,35,11,GPU0,npu,12,"LN:-1,Add:-1,LN:-1,FFN_W1:0,FFN_W3:0,FFN_W1:1,FFN_W3:1,SwiGLU:0,SwiGLU:1,FFN_W2:0,FFN_W2:1,Add:-1",0.00032135900410334983,0.00029706239700317383,npu|decode|4|2ef4409498d14c672a4fbbfe6786cce6,4,sample_step,0.003856308049240198,0.003564748764038086,-2.4296607100175998e-05,0.9243941921964566,-0.0002915592852021122,0.9243941921964565
attn_on_pim_prefill-128xdecode_262_ops_trace.csv,decode,4,35,11,PIM0,pim,7,"Q:0,K:0,V:0,QK:0,Softmax:0,SV:0,O:0",2.5081697265672e-05,2.1267e-05,pim|decode|4|61397802f1888ea563dd9b1ea38edd23,4,sample_step,0.000300980367188064,0.00025520400000000003,-3.814697265671997e-06,0.847909125715628,-4.577636718806395e-05,0.847909125715628
attn_on_pim_prefill-128xdecode_262_ops_trace.csv,decode,4,35,11,PIM1,pim,7,"Q:1,K:1,V:1,QK:1,Softmax:1,SV:1,O:1",2.5081697265672e-05,2.1267e-05,pim|decode|4|9c4e6c099d863efd94751a80c7e404c5,4,sample_step,0.000300980367188064,0.00025520400000000003,-3.814697265671997e-06,0.847909125715628,-4.577636718806395e-05,0.847909125715628
attn_on_pim_prefill-128xdecode_262_ops_trace.csv,decode,4,35,12,GPU0,npu,12,"LN:-1,Add:-1,LN:-1,FFN_W1:0,FFN_W3:0,FFN_W1:1,FFN_W3:1,SwiGLU:0,SwiGLU:1,FFN_W2:0,FFN_W2:1,Add:-1",0.00032135900410334983,0.00029706239700317383,npu|decode|4|2ef4409498d14c672a4fbbfe6786cce6,4,sample_step,0.003856308049240198,0.003564748764038086,-2.4296607100175998e-05,0.9243941921964566,-0.0002915592852021122,0.9243941921964565
attn_on_pim_prefill-128xdecode_262_ops_trace.csv,decode,4,35,12,PIM0,pim,7,"Q:0,K:0,V:0,QK:0,Softmax:0,SV:0,O:0",2.5081697265672e-05,2.1267e-05,pim|decode|4|61397802f1888ea563dd9b1ea38edd23,4,sample_step,0.000300980367188064,0.00025520400000000003,-3.814697265671997e-06,0.847909125715628,-4.577636718806395e-05,0.847909125715628
attn_on_pim_prefill-128xdecode_262_ops_trace.csv,decode,4,35,12,PIM1,pim,7,"Q:1,K:1,V:1,QK:1,Softmax:1,SV:1,O:1",2.5081697265672e-05,2.1267e-05,pim|decode|4|9c4e6c099d863efd94751a80c7e404c5,4,sample_step,0.000300980367188064,0.00025520400000000003,-3.814697265671997e-06,0.847909125715628,-4.577636718806395e-05,0.847909125715628
attn_on_pim_prefill-128xdecode_262_ops_trace.csv,decode,4,35,13,GPU0,npu,12,"LN:-1,Add:-1,LN:-1,FFN_W1:0,FFN_W3:0,FFN_W1:1,FFN_W3:1,SwiGLU:0,SwiGLU:1,FFN_W2:0,FFN_W2:1,Add:-1",0.00032135900410334983,0.00029706239700317383,npu|decode|4|2ef4409498d14c672a4fbbfe6786cce6,4,sample_step,0.003856308049240198,0.003564748764038086,-2.4296607100175998e-05,0.9243941921964566,-0.0002915592852021122,0.9243941921964565
attn_on_pim_prefill-128xdecode_262_ops_trace.csv,decode,4,35,13,PIM0,pim,7,"Q:0,K:0,V:0,QK:0,Softmax:0,SV:0,O:0",2.5081697265672e-05,2.1267e-05,pim|decode|4|61397802f1888ea563dd9b1ea38edd23,4,sample_step,0.000300980367188064,0.00025520400000000003,-3.814697265671997e-06,0.847909125715628,-4.577636718806395e-05,0.847909125715628
attn_on_pim_prefill-128xdecode_262_ops_trace.csv,decode,4,35,13,PIM1,pim,7,"Q:1,K:1,V:1,QK:1,Softmax:1,SV:1,O:1",2.5081697265672e-05,2.1267e-05,pim|decode|4|9c4e6c099d863efd94751a80c7e404c5,4,sample_step,0.000300980367188064,0.00025520400000000003,-3.814697265671997e-06,0.847909125715628,-4.577636718806395e-05,0.847909125715628
attn_on_pim_prefill-128xdecode_262_ops_trace.csv,decode,4,35,14,GPU0,npu,12,"LN:-1,Add:-1,LN:-1,FFN_W1:0,FFN_W3:0,FFN_W1:1,FFN_W3:1,SwiGLU:0,SwiGLU:1,FFN_W2:0,FFN_W2:1,Add:-1",0.00032135900410334983,0.00029706239700317383,npu|decode|4|2ef4409498d14c672a4fbbfe6786cce6,4,sample_step,0.003856308049240198,0.003564748764038086,-2.4296607100175998e-05,0.9243941921964566,-0.0002915592852021122,0.9243941921964565
attn_on_pim_prefill-128xdecode_262_ops_trace.csv,decode,4,35,14,PIM0,pim,7,"Q:0,K:0,V:0,QK:0,Softmax:0,SV:0,O:0",2.5081697265672e-05,2.1267e-05,pim|decode|4|61397802f1888ea563dd9b1ea38edd23,4,sample_step,0.000300980367188064,0.00025520400000000003,-3.814697265671997e-06,0.847909125715628,-4.577636718806395e-05,0.847909125715628
attn_on_pim_prefill-128xdecode_262_ops_trace.csv,decode,4,35,14,PIM1,pim,7,"Q:1,K:1,V:1,QK:1,Softmax:1,SV:1,O:1",2.5081697265672e-05,2.1267e-05,pim|decode|4|9c4e6c099d863efd94751a80c7e404c5,4,sample_step,0.000300980367188064,0.00025520400000000003,-3.814697265671997e-06,0.847909125715628,-4.577636718806395e-05,0.847909125715628
attn_on_pim_prefill-128xdecode_262_ops_trace.csv,decode,4,35,15,GPU0,npu,12,"LN:-1,Add:-1,LN:-1,FFN_W1:0,FFN_W3:0,FFN_W1:1,FFN_W3:1,SwiGLU:0,SwiGLU:1,FFN_W2:0,FFN_W2:1,Add:-1",0.00032135900410334983,0.00029706239700317383,npu|decode|4|2ef4409498d14c672a4fbbfe6786cce6,4,sample_step,0.003856308049240198,0.003564748764038086,-2.4296607100175998e-05,0.9243941921964566,-0.0002915592852021122,0.9243941921964565
attn_on_pim_prefill-128xdecode_262_ops_trace.csv,decode,4,35,15,PIM0,pim,7,"Q:0,K:0,V:0,QK:0,Softmax:0,SV:0,O:0",2.5081697265672e-05,2.1267e-05,pim|decode|4|61397802f1888ea563dd9b1ea38edd23,4,sample_step,0.000300980367188064,0.00025520400000000003,-3.814697265671997e-06,0.847909125715628,-4.577636718806395e-05,0.847909125715628
attn_on_pim_prefill-128xdecode_262_ops_trace.csv,decode,4,35,15,PIM1,pim,7,"Q:1,K:1,V:1,QK:1,Softmax:1,SV:1,O:1",2.5081697265672e-05,2.1267e-05,pim|decode|4|9c4e6c099d863efd94751a80c7e404c5,4,sample_step,0.000300980367188064,0.00025520400000000003,-3.814697265671997e-06,0.847909125715628,-4.577636718806395e-05,0.847909125715628
attn_on_pim_prefill-128xdecode_262_ops_trace.csv,decode,4,35,16,GPU0,npu,12,"LN:-1,Add:-1,LN:-1,FFN_W1:0,FFN_W3:0,FFN_W1:1,FFN_W3:1,SwiGLU:0,SwiGLU:1,FFN_W2:0,FFN_W2:1,Add:-1",0.00032135900410334983,0.00029706239700317383,npu|decode|4|2ef4409498d14c672a4fbbfe6786cce6,4,sample_step,0.003856308049240198,0.003564748764038086,-2.4296607100175998e-05,0.9243941921964566,-0.0002915592852021122,0.9243941921964565
attn_on_pim_prefill-128xdecode_262_ops_trace.csv,decode,4,35,16,PIM0,pim,7,"Q:0,K:0,V:0,QK:0,Softmax:0,SV:0,O:0",2.5081697265672e-05,2.1267e-05,pim|decode|4|61397802f1888ea563dd9b1ea38edd23,4,sample_step,0.000300980367188064,0.00025520400000000003,-3.814697265671997e-06,0.847909125715628,-4.577636718806395e-05,0.847909125715628
attn_on_pim_prefill-128xdecode_262_ops_trace.csv,decode,4,35,16,PIM1,pim,7,"Q:1,K:1,V:1,QK:1,Softmax:1,SV:1,O:1",2.5081697265672e-05,2.1267e-05,pim|decode|4|9c4e6c099d863efd94751a80c7e404c5,4,sample_step,0.000300980367188064,0.00025520400000000003,-3.814697265671997e-06,0.847909125715628,-4.577636718806395e-05,0.847909125715628
attn_on_pim_prefill-128xdecode_262_ops_trace.csv,decode,4,35,17,GPU0,npu,12,"LN:-1,Add:-1,LN:-1,FFN_W1:0,FFN_W3:0,FFN_W1:1,FFN_W3:1,SwiGLU:0,SwiGLU:1,FFN_W2:0,FFN_W2:1,Add:-1",0.00032135900410334983,0.00029706239700317383,npu|decode|4|2ef4409498d14c672a4fbbfe6786cce6,4,sample_step,0.003856308049240198,0.003564748764038086,-2.4296607100175998e-05,0.9243941921964566,-0.0002915592852021122,0.9243941921964565
attn_on_pim_prefill-128xdecode_262_ops_trace.csv,decode,4,35,17,PIM0,pim,7,"Q:0,K:0,V:0,QK:0,Softmax:0,SV:0,O:0",2.5081697265672e-05,2.1267e-05,pim|decode|4|61397802f1888ea563dd9b1ea38edd23,4,sample_step,0.000300980367188064,0.00025520400000000003,-3.814697265671997e-06,0.847909125715628,-4.577636718806395e-05,0.847909125715628
attn_on_pim_prefill-128xdecode_262_ops_trace.csv,decode,4,35,17,PIM1,pim,7,"Q:1,K:1,V:1,QK:1,Softmax:1,SV:1,O:1",2.5081697265672e-05,2.1267e-05,pim|decode|4|9c4e6c099d863efd94751a80c7e404c5,4,sample_step,0.000300980367188064,0.00025520400000000003,-3.814697265671997e-06,0.847909125715628,-4.577636718806395e-05,0.847909125715628
attn_on_pim_prefill-128xdecode_262_ops_trace.csv,decode,4,35,18,GPU0,npu,12,"LN:-1,Add:-1,LN:-1,FFN_W1:0,FFN_W3:0,FFN_W1:1,FFN_W3:1,SwiGLU:0,SwiGLU:1,FFN_W2:0,FFN_W2:1,Add:-1",0.00032135900410334983,0.00029706239700317383,npu|decode|4|2ef4409498d14c672a4fbbfe6786cce6,4,sample_step,0.003856308049240198,0.003564748764038086,-2.4296607100175998e-05,0.9243941921964566,-0.0002915592852021122,0.9243941921964565
attn_on_pim_prefill-128xdecode_262_ops_trace.csv,decode,4,35,18,PIM0,pim,7,"Q:0,K:0,V:0,QK:0,Softmax:0,SV:0,O:0",2.5081697265672e-05,2.1267e-05,pim|decode|4|61397802f1888ea563dd9b1ea38edd23,4,sample_step,0.000300980367188064,0.00025520400000000003,-3.814697265671997e-06,0.847909125715628,-4.577636718806395e-05,0.847909125715628
attn_on_pim_prefill-128xdecode_262_ops_trace.csv,decode,4,35,18,PIM1,pim,7,"Q:1,K:1,V:1,QK:1,Softmax:1,SV:1,O:1",2.5081697265672e-05,2.1267e-05,pim|decode|4|9c4e6c099d863efd94751a80c7e404c5,4,sample_step,0.000300980367188064,0.00025520400000000003,-3.814697265671997e-06,0.847909125715628,-4.577636718806395e-05,0.847909125715628
attn_on_pim_prefill-128xdecode_262_ops_trace.csv,decode,4,35,19,GPU0,npu,12,"LN:-1,Add:-1,LN:-1,FFN_W1:0,FFN_W3:0,FFN_W1:1,FFN_W3:1,SwiGLU:0,SwiGLU:1,FFN_W2:0,FFN_W2:1,Add:-1",0.00032135900410334983,0.00029706239700317383,npu|decode|4|2ef4409498d14c672a4fbbfe6786cce6,4,sample_step,0.003856308049240198,0.003564748764038086,-2.4296607100175998e-05,0.9243941921964566,-0.0002915592852021122,0.9243941921964565
attn_on_pim_prefill-128xdecode_262_ops_trace.csv,decode,4,35,19,PIM0,pim,7,"Q:0,K:0,V:0,QK:0,Softmax:0,SV:0,O:0",2.5081697265672e-05,2.1267e-05,pim|decode|4|61397802f1888ea563dd9b1ea38edd23,4,sample_step,0.000300980367188064,0.00025520400000000003,-3.814697265671997e-06,0.847909125715628,-4.577636718806395e-05,0.847909125715628
attn_on_pim_prefill-128xdecode_262_ops_trace.csv,decode,4,35,19,PIM1,pim,7,"Q:1,K:1,V:1,QK:1,Softmax:1,SV:1,O:1",2.5081697265672e-05,2.1267e-05,pim|decode|4|9c4e6c099d863efd94751a80c7e404c5,4,sample_step,0.000300980367188064,0.00025520400000000003,-3.814697265671997e-06,0.847909125715628,-4.577636718806395e-05,0.847909125715628
attn_on_pim_prefill-128xdecode_262_ops_trace.csv,decode,4,35,20,GPU0,npu,12,"LN:-1,Add:-1,LN:-1,FFN_W1:0,FFN_W3:0,FFN_W1:1,FFN_W3:1,SwiGLU:0,SwiGLU:1,FFN_W2:0,FFN_W2:1,Add:-1",0.00032135900410334983,0.00029706239700317383,npu|decode|4|2ef4409498d14c672a4fbbfe6786cce6,4,sample_step,0.003856308049240198,0.003564748764038086,-2.4296607100175998e-05,0.9243941921964566,-0.0002915592852021122,0.9243941921964565
attn_on_pim_prefill-128xdecode_262_ops_trace.csv,decode,4,35,20,PIM0,pim,7,"Q:0,K:0,V:0,QK:0,Softmax:0,SV:0,O:0",2.5081697265672e-05,2.1267e-05,pim|decode|4|61397802f1888ea563dd9b1ea38edd23,4,sample_step,0.000300980367188064,0.00025520400000000003,-3.814697265671997e-06,0.847909125715628,-4.577636718806395e-05,0.847909125715628
attn_on_pim_prefill-128xdecode_262_ops_trace.csv,decode,4,35,20,PIM1,pim,7,"Q:1,K:1,V:1,QK:1,Softmax:1,SV:1,O:1",2.5081697265672e-05,2.1267e-05,pim|decode|4|9c4e6c099d863efd94751a80c7e404c5,4,sample_step,0.000300980367188064,0.00025520400000000003,-3.814697265671997e-06,0.847909125715628,-4.577636718806395e-05,0.847909125715628
attn_on_pim_prefill-128xdecode_262_ops_trace.csv,decode,4,35,21,GPU0,npu,12,"LN:-1,Add:-1,LN:-1,FFN_W1:0,FFN_W3:0,FFN_W1:1,FFN_W3:1,SwiGLU:0,SwiGLU:1,FFN_W2:0,FFN_W2:1,Add:-1",0.00032135900410334983,0.00029706239700317383,npu|decode|4|2ef4409498d14c672a4fbbfe6786cce6,4,sample_step,0.003856308049240198,0.003564748764038086,-2.4296607100175998e-05,0.9243941921964566,-0.0002915592852021122,0.9243941921964565
attn_on_pim_prefill-128xdecode_262_ops_trace.csv,decode,4,35,21,PIM0,pim,7,"Q:0,K:0,V:0,QK:0,Softmax:0,SV:0,O:0",2.5081697265672e-05,2.1267e-05,pim|decode|4|61397802f1888ea563dd9b1ea38edd23,4,sample_step,0.000300980367188064,0.00025520400000000003,-3.814697265671997e-06,0.847909125715628,-4.577636718806395e-05,0.847909125715628
attn_on_pim_prefill-128xdecode_262_ops_trace.csv,decode,4,35,21,PIM1,pim,7,"Q:1,K:1,V:1,QK:1,Softmax:1,SV:1,O:1",2.5081697265672e-05,2.1267e-05,pim|decode|4|9c4e6c099d863efd94751a80c7e404c5,4,sample_step,0.000300980367188064,0.00025520400000000003,-3.814697265671997e-06,0.847909125715628,-4.577636718806395e-05,0.847909125715628
attn_on_pim_prefill-128xdecode_262_ops_trace.csv,decode,4,35,22,GPU0,npu,12,"LN:-1,Add:-1,LN:-1,FFN_W1:0,FFN_W3:0,FFN_W1:1,FFN_W3:1,SwiGLU:0,SwiGLU:1,FFN_W2:0,FFN_W2:1,Add:-1",0.00032135900410334983,0.00029706239700317383,npu|decode|4|2ef4409498d14c672a4fbbfe6786cce6,4,sample_step,0.003856308049240198,0.003564748764038086,-2.4296607100175998e-05,0.9243941921964566,-0.0002915592852021122,0.9243941921964565
attn_on_pim_prefill-128xdecode_262_ops_trace.csv,decode,4,35,22,PIM0,pim,7,"Q:0,K:0,V:0,QK:0,Softmax:0,SV:0,O:0",2.5081697265672e-05,2.1267e-05,pim|decode|4|61397802f1888ea563dd9b1ea38edd23,4,sample_step,0.000300980367188064,0.00025520400000000003,-3.814697265671997e-06,0.847909125715628,-4.577636718806395e-05,0.847909125715628
attn_on_pim_prefill-128xdecode_262_ops_trace.csv,decode,4,35,22,PIM1,pim,7,"Q:1,K:1,V:1,QK:1,Softmax:1,SV:1,O:1",2.5081697265672e-05,2.1267e-05,pim|decode|4|9c4e6c099d863efd94751a80c7e404c5,4,sample_step,0.000300980367188064,0.00025520400000000003,-3.814697265671997e-06,0.847909125715628,-4.577636718806395e-05,0.847909125715628
attn_on_pim_prefill-128xdecode_262_ops_trace.csv,decode,4,35,23,GPU0,npu,12,"LN:-1,Add:-1,LN:-1,FFN_W1:0,FFN_W3:0,FFN_W1:1,FFN_W3:1,SwiGLU:0,SwiGLU:1,FFN_W2:0,FFN_W2:1,Add:-1",0.00032135900410334983,0.00029706239700317383,npu|decode|4|2ef4409498d14c672a4fbbfe6786cce6,4,sample_step,0.003856308049240198,0.003564748764038086,-2.4296607100175998e-05,0.9243941921964566,-0.0002915592852021122,0.9243941921964565
attn_on_pim_prefill-128xdecode_262_ops_trace.csv,decode,4,35,23,PIM0,pim,7,"Q:0,K:0,V:0,QK:0,Softmax:0,SV:0,O:0",2.5081697265672e-05,2.1267e-05,pim|decode|4|61397802f1888ea563dd9b1ea38edd23,4,sample_step,0.000300980367188064,0.00025520400000000003,-3.814697265671997e-06,0.847909125715628,-4.577636718806395e-05,0.847909125715628
attn_on_pim_prefill-128xdecode_262_ops_trace.csv,decode,4,35,23,PIM1,pim,7,"Q:1,K:1,V:1,QK:1,Softmax:1,SV:1,O:1",2.5081697265672e-05,2.1267e-05,pim|decode|4|9c4e6c099d863efd94751a80c7e404c5,4,sample_step,0.000300980367188064,0.00025520400000000003,-3.814697265671997e-06,0.847909125715628,-4.577636718806395e-05,0.847909125715628
attn_on_pim_prefill-128xdecode_262_ops_trace.csv,decode,4,35,24,GPU0,npu,12,"LN:-1,Add:-1,LN:-1,FFN_W1:0,FFN_W3:0,FFN_W1:1,FFN_W3:1,SwiGLU:0,SwiGLU:1,FFN_W2:0,FFN_W2:1,Add:-1",0.00032135900410334983,0.00029706239700317383,npu|decode|4|2ef4409498d14c672a4fbbfe6786cce6,4,sample_step,0.003856308049240198,0.003564748764038086,-2.4296607100175998e-05,0.9243941921964566,-0.0002915592852021122,0.9243941921964565
attn_on_pim_prefill-128xdecode_262_ops_trace.csv,decode,4,35,24,PIM0,pim,7,"Q:0,K:0,V:0,QK:0,Softmax:0,SV:0,O:0",2.5081697265672e-05,2.1267e-05,pim|decode|4|61397802f1888ea563dd9b1ea38edd23,4,sample_step,0.000300980367188064,0.00025520400000000003,-3.814697265671997e-06,0.847909125715628,-4.577636718806395e-05,0.847909125715628
attn_on_pim_prefill-128xdecode_262_ops_trace.csv,decode,4,35,24,PIM1,pim,7,"Q:1,K:1,V:1,QK:1,Softmax:1,SV:1,O:1",2.5081697265672e-05,2.1267e-05,pim|decode|4|9c4e6c099d863efd94751a80c7e404c5,4,sample_step,0.000300980367188064,0.00025520400000000003,-3.814697265671997e-06,0.847909125715628,-4.577636718806395e-05,0.847909125715628
attn_on_pim_prefill-128xdecode_262_ops_trace.csv,decode,4,35,25,GPU0,npu,12,"LN:-1,Add:-1,LN:-1,FFN_W1:0,FFN_W3:0,FFN_W1:1,FFN_W3:1,SwiGLU:0,SwiGLU:1,FFN_W2:0,FFN_W2:1,Add:-1",0.00032135900410334983,0.00029706239700317383,npu|decode|4|2ef4409498d14c672a4fbbfe6786cce6,4,sample_step,0.003856308049240198,0.003564748764038086,-2.4296607100175998e-05,0.9243941921964566,-0.0002915592852021122,0.9243941921964565
attn_on_pim_prefill-128xdecode_262_ops_trace.csv,decode,4,35,25,PIM0,pim,7,"Q:0,K:0,V:0,QK:0,Softmax:0,SV:0,O:0",2.5081697265672e-05,2.1267e-05,pim|decode|4|61397802f1888ea563dd9b1ea38edd23,4,sample_step,0.000300980367188064,0.00025520400000000003,-3.814697265671997e-06,0.847909125715628,-4.577636718806395e-05,0.847909125715628
attn_on_pim_prefill-128xdecode_262_ops_trace.csv,decode,4,35,25,PIM1,pim,7,"Q:1,K:1,V:1,QK:1,Softmax:1,SV:1,O:1",2.5081697265672e-05,2.1267e-05,pim|decode|4|9c4e6c099d863efd94751a80c7e404c5,4,sample_step,0.000300980367188064,0.00025520400000000003,-3.814697265671997e-06,0.847909125715628,-4.577636718806395e-05,0.847909125715628
attn_on_pim_prefill-128xdecode_262_ops_trace.csv,decode,4,35,26,GPU0,npu,12,"LN:-1,Add:-1,LN:-1,FFN_W1:0,FFN_W3:0,FFN_W1:1,FFN_W3:1,SwiGLU:0,SwiGLU:1,FFN_W2:0,FFN_W2:1,Add:-1",0.00032135900410334983,0.00029706239700317383,npu|decode|4|2ef4409498d14c672a4fbbfe6786cce6,4,sample_step,0.003856308049240198,0.003564748764038086,-2.4296607100175998e-05,0.9243941921964566,-0.0002915592852021122,0.9243941921964565
attn_on_pim_prefill-128xdecode_262_ops_trace.csv,decode,4,35,26,PIM0,pim,7,"Q:0,K:0,V:0,QK:0,Softmax:0,SV:0,O:0",2.5081697265672e-05,2.1267e-05,pim|decode|4|61397802f1888ea563dd9b1ea38edd23,4,sample_step,0.000300980367188064,0.00025520400000000003,-3.814697265671997e-06,0.847909125715628,-4.577636718806395e-05,0.847909125715628
attn_on_pim_prefill-128xdecode_262_ops_trace.csv,decode,4,35,26,PIM1,pim,7,"Q:1,K:1,V:1,QK:1,Softmax:1,SV:1,O:1",2.5081697265672e-05,2.1267e-05,pim|decode|4|9c4e6c099d863efd94751a80c7e404c5,4,sample_step,0.000300980367188064,0.00025520400000000003,-3.814697265671997e-06,0.847909125715628,-4.577636718806395e-05,0.847909125715628
attn_on_pim_prefill-128xdecode_262_ops_trace.csv,decode,4,35,27,GPU0,npu,12,"LN:-1,Add:-1,LN:-1,FFN_W1:0,FFN_W3:0,FFN_W1:1,FFN_W3:1,SwiGLU:0,SwiGLU:1,FFN_W2:0,FFN_W2:1,Add:-1",0.00032135900410334983,0.00029706239700317383,npu|decode|4|2ef4409498d14c672a4fbbfe6786cce6,4,sample_step,0.003856308049240198,0.003564748764038086,-2.4296607100175998e-05,0.9243941921964566,-0.0002915592852021122,0.9243941921964565
attn_on_pim_prefill-128xdecode_262_ops_trace.csv,decode,4,35,27,PIM0,pim,7,"Q:0,K:0,V:0,QK:0,Softmax:0,SV:0,O:0",2.5081697265672e-05,2.1267e-05,pim|decode|4|61397802f1888ea563dd9b1ea38edd23,4,sample_step,0.000300980367188064,0.00025520400000000003,-3.814697265671997e-06,0.847909125715628,-4.577636718806395e-05,0.847909125715628
attn_on_pim_prefill-128xdecode_262_ops_trace.csv,decode,4,35,27,PIM1,pim,7,"Q:1,K:1,V:1,QK:1,Softmax:1,SV:1,O:1",2.5081697265672e-05,2.1267e-05,pim|decode|4|9c4e6c099d863efd94751a80c7e404c5,4,sample_step,0.000300980367188064,0.00025520400000000003,-3.814697265671997e-06,0.847909125715628,-4.577636718806395e-05,0.847909125715628
attn_on_pim_prefill-128xdecode_262_ops_trace.csv,decode,4,35,28,GPU0,npu,12,"LN:-1,Add:-1,LN:-1,FFN_W1:0,FFN_W3:0,FFN_W1:1,FFN_W3:1,SwiGLU:0,SwiGLU:1,FFN_W2:0,FFN_W2:1,Add:-1",0.00032135900410334983,0.00029706239700317383,npu|decode|4|2ef4409498d14c672a4fbbfe6786cce6,4,sample_step,0.003856308049240198,0.003564748764038086,-2.4296607100175998e-05,0.9243941921964566,-0.0002915592852021122,0.9243941921964565
attn_on_pim_prefill-128xdecode_262_ops_trace.csv,decode,4,35,28,PIM0,pim,7,"Q:0,K:0,V:0,QK:0,Softmax:0,SV:0,O:0",2.5081697265672e-05,2.1267e-05,pim|decode|4|61397802f1888ea563dd9b1ea38edd23,4,sample_step,0.000300980367188064,0.00025520400000000003,-3.814697265671997e-06,0.847909125715628,-4.577636718806395e-05,0.847909125715628
attn_on_pim_prefill-128xdecode_262_ops_trace.csv,decode,4,35,28,PIM1,pim,7,"Q:1,K:1,V:1,QK:1,Softmax:1,SV:1,O:1",2.5081697265672e-05,2.1267e-05,pim|decode|4|9c4e6c099d863efd94751a80c7e404c5,4,sample_step,0.000300980367188064,0.00025520400000000003,-3.814697265671997e-06,0.847909125715628,-4.577636718806395e-05,0.847909125715628
attn_on_pim_prefill-128xdecode_262_ops_trace.csv,decode,4,35,29,GPU0,npu,12,"LN:-1,Add:-1,LN:-1,FFN_W1:0,FFN_W3:0,FFN_W1:1,FFN_W3:1,SwiGLU:0,SwiGLU:1,FFN_W2:0,FFN_W2:1,Add:-1",0.00032135900410334983,0.00029706239700317383,npu|decode|4|2ef4409498d14c672a4fbbfe6786cce6,4,sample_step,0.003856308049240198,0.003564748764038086,-2.4296607100175998e-05,0.9243941921964566,-0.0002915592852021122,0.9243941921964565
attn_on_pim_prefill-128xdecode_262_ops_trace.csv,decode,4,35,29,PIM0,pim,7,"Q:0,K:0,V:0,QK:0,Softmax:0,SV:0,O:0",2.5081697265672e-05,2.1267e-05,pim|decode|4|61397802f1888ea563dd9b1ea38edd23,4,sample_step,0.000300980367188064,0.00025520400000000003,-3.814697265671997e-06,0.847909125715628,-4.577636718806395e-05,0.847909125715628
attn_on_pim_prefill-128xdecode_262_ops_trace.csv,decode,4,35,29,PIM1,pim,7,"Q:1,K:1,V:1,QK:1,Softmax:1,SV:1,O:1",2.5081697265672e-05,2.1267e-05,pim|decode|4|9c4e6c099d863efd94751a80c7e404c5,4,sample_step,0.000300980367188064,0.00025520400000000003,-3.814697265671997e-06,0.847909125715628,-4.577636718806395e-05,0.847909125715628
attn_on_pim_prefill-128xdecode_262_ops_trace.csv,decode,4,35,30,GPU0,npu,12,"LN:-1,Add:-1,LN:-1,FFN_W1:0,FFN_W3:0,FFN_W1:1,FFN_W3:1,SwiGLU:0,SwiGLU:1,FFN_W2:0,FFN_W2:1,Add:-1",0.00032135900410334983,0.00029706239700317383,npu|decode|4|2ef4409498d14c672a4fbbfe6786cce6,4,sample_step,0.003856308049240198,0.003564748764038086,-2.4296607100175998e-05,0.9243941921964566,-0.0002915592852021122,0.9243941921964565
attn_on_pim_prefill-128xdecode_262_ops_trace.csv,decode,4,35,30,PIM0,pim,7,"Q:0,K:0,V:0,QK:0,Softmax:0,SV:0,O:0",2.5081697265672e-05,2.1267e-05,pim|decode|4|61397802f1888ea563dd9b1ea38edd23,4,sample_step,0.000300980367188064,0.00025520400000000003,-3.814697265671997e-06,0.847909125715628,-4.577636718806395e-05,0.847909125715628
attn_on_pim_prefill-128xdecode_262_ops_trace.csv,decode,4,35,30,PIM1,pim,7,"Q:1,K:1,V:1,QK:1,Softmax:1,SV:1,O:1",2.5081697265672e-05,2.1267e-05,pim|decode|4|9c4e6c099d863efd94751a80c7e404c5,4,sample_step,0.000300980367188064,0.00025520400000000003,-3.814697265671997e-06,0.847909125715628,-4.577636718806395e-05,0.847909125715628
attn_on_pim_prefill-128xdecode_262_ops_trace.csv,decode,4,35,31,GPU0,npu,12,"LN:-1,Add:-1,LN:-1,FFN_W1:0,FFN_W3:0,FFN_W1:1,FFN_W3:1,SwiGLU:0,SwiGLU:1,FFN_W2:0,FFN_W2:1,Add:-1",0.00032135900410334983,0.00029706239700317383,npu|decode|4|2ef4409498d14c672a4fbbfe6786cce6,4,sample_step,0.003856308049240198,0.003564748764038086,-2.4296607100175998e-05,0.9243941921964566,-0.0002915592852021122,0.9243941921964565
attn_on_pim_prefill-128xdecode_262_ops_trace.csv,decode,4,35,31,PIM0,pim,7,"Q:0,K:0,V:0,QK:0,Softmax:0,SV:0,O:0",2.5081697265672e-05,2.1267e-05,pim|decode|4|61397802f1888ea563dd9b1ea38edd23,4,sample_step,0.000300980367188064,0.00025520400000000003,-3.814697265671997e-06,0.847909125715628,-4.577636718806395e-05,0.847909125715628
attn_on_pim_prefill-128xdecode_262_ops_trace.csv,decode,4,35,31,PIM1,pim,7,"Q:1,K:1,V:1,QK:1,Softmax:1,SV:1,O:1",2.5081697265672e-05,2.1267e-05,pim|decode|4|9c4e6c099d863efd94751a80c7e404c5,4,sample_step,0.000300980367188064,0.00025520400000000003,-3.814697265671997e-06,0.847909125715628,-4.577636718806395e-05,0.847909125715628
attn_on_pim_prefill-128xdecode_262_ops_trace.csv,decode,5,47,0,GPU0,npu,12,"LN:-1,Add:-1,LN:-1,FFN_W1:0,FFN_W3:0,FFN_W1:1,FFN_W3:1,SwiGLU:0,SwiGLU:1,FFN_W2:0,FFN_W2:1,Add:-1",0.00032135900410334983,0.00029747200012207034,npu|decode|5|2ef4409498d14c672a4fbbfe6786cce6,5,sample_step,0.003856308049240198,0.003569664001464844,-2.3887003981279496e-05,0.9256687888738995,-0.00028664404777535395,0.9256687888738995
attn_on_pim_prefill-128xdecode_262_ops_trace.csv,decode,5,47,0,PIM0,pim,7,"Q:0,K:0,V:0,QK:0,Softmax:0,SV:0,O:0",2.508169726533893e-05,2.1267e-05,pim|decode|5|61397802f1888ea563dd9b1ea38edd23,5,sample_step,0.0003009803671840672,0.00025520400000000003,-3.81469726533893e-06,0.8479091257268876,-4.5776367184067145e-05,0.8479091257268877
attn_on_pim_prefill-128xdecode_262_ops_trace.csv,decode,5,47,0,PIM1,pim,7,"Q:1,K:1,V:1,QK:1,Softmax:1,SV:1,O:1",2.508169726533893e-05,2.1267e-05,pim|decode|5|9c4e6c099d863efd94751a80c7e404c5,5,sample_step,0.0003009803671840672,0.00025520400000000003,-3.81469726533893e-06,0.8479091257268876,-4.5776367184067145e-05,0.8479091257268877
attn_on_pim_prefill-128xdecode_262_ops_trace.csv,decode,5,47,1,GPU0,npu,12,"LN:-1,Add:-1,LN:-1,FFN_W1:0,FFN_W3:0,FFN_W1:1,FFN_W3:1,SwiGLU:0,SwiGLU:1,FFN_W2:0,FFN_W2:1,Add:-1",0.00032135900410334983,0.00029747200012207034,npu|decode|5|2ef4409498d14c672a4fbbfe6786cce6,5,sample_step,0.003856308049240198,0.003569664001464844,-2.3887003981279496e-05,0.9256687888738995,-0.00028664404777535395,0.9256687888738995
attn_on_pim_prefill-128xdecode_262_ops_trace.csv,decode,5,47,1,PIM0,pim,7,"Q:0,K:0,V:0,QK:0,Softmax:0,SV:0,O:0",2.508169726533893e-05,2.1267e-05,pim|decode|5|61397802f1888ea563dd9b1ea38edd23,5,sample_step,0.0003009803671840672,0.00025520400000000003,-3.81469726533893e-06,0.8479091257268876,-4.5776367184067145e-05,0.8479091257268877
attn_on_pim_prefill-128xdecode_262_ops_trace.csv,decode,5,47,1,PIM1,pim,7,"Q:1,K:1,V:1,QK:1,Softmax:1,SV:1,O:1",2.508169726533893e-05,2.1267e-05,pim|decode|5|9c4e6c099d863efd94751a80c7e404c5,5,sample_step,0.0003009803671840672,0.00025520400000000003,-3.81469726533893e-06,0.8479091257268876,-4.5776367184067145e-05,0.8479091257268877
attn_on_pim_prefill-128xdecode_262_ops_trace.csv,decode,5,47,2,GPU0,npu,12,"LN:-1,Add:-1,LN:-1,FFN_W1:0,FFN_W3:0,FFN_W1:1,FFN_W3:1,SwiGLU:0,SwiGLU:1,FFN_W2:0,FFN_W2:1,Add:-1",0.00032135900410334983,0.00029747200012207034,npu|decode|5|2ef4409498d14c672a4fbbfe6786cce6,5,sample_step,0.003856308049240198,0.003569664001464844,-2.3887003981279496e-05,0.9256687888738995,-0.00028664404777535395,0.9256687888738995
attn_on_pim_prefill-128xdecode_262_ops_trace.csv,decode,5,47,2,PIM0,pim,7,"Q:0,K:0,V:0,QK:0,Softmax:0,SV:0,O:0",2.508169726533893e-05,2.1267e-05,pim|decode|5|61397802f1888ea563dd9b1ea38edd23,5,sample_step,0.0003009803671840672,0.00025520400000000003,-3.81469726533893e-06,0.8479091257268876,-4.5776367184067145e-05,0.8479091257268877
attn_on_pim_prefill-128xdecode_262_ops_trace.csv,decode,5,47,2,PIM1,pim,7,"Q:1,K:1,V:1,QK:1,Softmax:1,SV:1,O:1",2.508169726533893e-05,2.1267e-05,pim|decode|5|9c4e6c099d863efd94751a80c7e404c5,5,sample_step,0.0003009803671840672,0.00025520400000000003,-3.81469726533893e-06,0.8479091257268876,-4.5776367184067145e-05,0.8479091257268877
attn_on_pim_prefill-128xdecode_262_ops_trace.csv,decode,5,47,3,GPU0,npu,12,"LN:-1,Add:-1,LN:-1,FFN_W1:0,FFN_W3:0,FFN_W1:1,FFN_W3:1,SwiGLU:0,SwiGLU:1,FFN_W2:0,FFN_W2:1,Add:-1",0.00032135900410334983,0.00029747200012207034,npu|decode|5|2ef4409498d14c672a4fbbfe6786cce6,5,sample_step,0.003856308049240198,0.003569664001464844,-2.3887003981279496e-05,0.9256687888738995,-0.00028664404777535395,0.9256687888738995
attn_on_pim_prefill-128xdecode_262_ops_trace.csv,decode,5,47,3,PIM0,pim,7,"Q:0,K:0,V:0,QK:0,Softmax:0,SV:0,O:0",2.508169726533893e-05,2.1267e-05,pim|decode|5|61397802f1888ea563dd9b1ea38edd23,5,sample_step,0.0003009803671840672,0.00025520400000000003,-3.81469726533893e-06,0.8479091257268876,-4.5776367184067145e-05,0.8479091257268877
attn_on_pim_prefill-128xdecode_262_ops_trace.csv,decode,5,47,3,PIM1,pim,7,"Q:1,K:1,V:1,QK:1,Softmax:1,SV:1,O:1",2.508169726533893e-05,2.1267e-05,pim|decode|5|9c4e6c099d863efd94751a80c7e404c5,5,sample_step,0.0003009803671840672,0.00025520400000000003,-3.81469726533893e-06,0.8479091257268876,-4.5776367184067145e-05,0.8479091257268877
attn_on_pim_prefill-128xdecode_262_ops_trace.csv,decode,5,47,4,GPU0,npu,12,"LN:-1,Add:-1,LN:-1,FFN_W1:0,FFN_W3:0,FFN_W1:1,FFN_W3:1,SwiGLU:0,SwiGLU:1,FFN_W2:0,FFN_W2:1,Add:-1",0.00032135900410334983,0.00029747200012207034,npu|decode|5|2ef4409498d14c672a4fbbfe6786cce6,5,sample_step,0.003856308049240198,0.003569664001464844,-2.3887003981279496e-05,0.9256687888738995,-0.00028664404777535395,0.9256687888738995
attn_on_pim_prefill-128xdecode_262_ops_trace.csv,decode,5,47,4,PIM0,pim,7,"Q:0,K:0,V:0,QK:0,Softmax:0,SV:0,O:0",2.508169726533893e-05,2.1267e-05,pim|decode|5|61397802f1888ea563dd9b1ea38edd23,5,sample_step,0.0003009803671840672,0.00025520400000000003,-3.81469726533893e-06,0.8479091257268876,-4.5776367184067145e-05,0.8479091257268877
attn_on_pim_prefill-128xdecode_262_ops_trace.csv,decode,5,47,4,PIM1,pim,7,"Q:1,K:1,V:1,QK:1,Softmax:1,SV:1,O:1",2.508169726533893e-05,2.1267e-05,pim|decode|5|9c4e6c099d863efd94751a80c7e404c5,5,sample_step,0.0003009803671840672,0.00025520400000000003,-3.81469726533893e-06,0.8479091257268876,-4.5776367184067145e-05,0.8479091257268877
attn_on_pim_prefill-128xdecode_262_ops_trace.csv,decode,5,47,5,GPU0,npu,12,"LN:-1,Add:-1,LN:-1,FFN_W1:0,FFN_W3:0,FFN_W1:1,FFN_W3:1,SwiGLU:0,SwiGLU:1,FFN_W2:0,FFN_W2:1,Add:-1",0.00032135900410334983,0.00029747200012207034,npu|decode|5|2ef4409498d14c672a4fbbfe6786cce6,5,sample_step,0.003856308049240198,0.003569664001464844,-2.3887003981279496e-05,0.9256687888738995,-0.00028664404777535395,0.9256687888738995
attn_on_pim_prefill-128xdecode_262_ops_trace.csv,decode,5,47,5,PIM0,pim,7,"Q:0,K:0,V:0,QK:0,Softmax:0,SV:0,O:0",2.508169726533893e-05,2.1267e-05,pim|decode|5|61397802f1888ea563dd9b1ea38edd23,5,sample_step,0.0003009803671840672,0.00025520400000000003,-3.81469726533893e-06,0.8479091257268876,-4.5776367184067145e-05,0.8479091257268877
attn_on_pim_prefill-128xdecode_262_ops_trace.csv,decode,5,47,5,PIM1,pim,7,"Q:1,K:1,V:1,QK:1,Softmax:1,SV:1,O:1",2.508169726533893e-05,2.1267e-05,pim|decode|5|9c4e6c099d863efd94751a80c7e404c5,5,sample_step,0.0003009803671840672,0.00025520400000000003,-3.81469726533893e-06,0.8479091257268876,-4.5776367184067145e-05,0.8479091257268877
attn_on_pim_prefill-128xdecode_262_ops_trace.csv,decode,5,47,6,GPU0,npu,12,"LN:-1,Add:-1,LN:-1,FFN_W1:0,FFN_W3:0,FFN_W1:1,FFN_W3:1,SwiGLU:0,SwiGLU:1,FFN_W2:0,FFN_W2:1,Add:-1",0.00032135900410334983,0.00029747200012207034,npu|decode|5|2ef4409498d14c672a4fbbfe6786cce6,5,sample_step,0.003856308049240198,0.003569664001464844,-2.3887003981279496e-05,0.9256687888738995,-0.00028664404777535395,0.9256687888738995
attn_on_pim_prefill-128xdecode_262_ops_trace.csv,decode,5,47,6,PIM0,pim,7,"Q:0,K:0,V:0,QK:0,Softmax:0,SV:0,O:0",2.508169726533893e-05,2.1267e-05,pim|decode|5|61397802f1888ea563dd9b1ea38edd23,5,sample_step,0.0003009803671840672,0.00025520400000000003,-3.81469726533893e-06,0.8479091257268876,-4.5776367184067145e-05,0.8479091257268877
attn_on_pim_prefill-128xdecode_262_ops_trace.csv,decode,5,47,6,PIM1,pim,7,"Q:1,K:1,V:1,QK:1,Softmax:1,SV:1,O:1",2.508169726533893e-05,2.1267e-05,pim|decode|5|9c4e6c099d863efd94751a80c7e404c5,5,sample_step,0.0003009803671840672,0.00025520400000000003,-3.81469726533893e-06,0.8479091257268876,-4.5776367184067145e-05,0.8479091257268877
attn_on_pim_prefill-128xdecode_262_ops_trace.csv,decode,5,47,7,GPU0,npu,12,"LN:-1,Add:-1,LN:-1,FFN_W1:0,FFN_W3:0,FFN_W1:1,FFN_W3:1,SwiGLU:0,SwiGLU:1,FFN_W2:0,FFN_W2:1,Add:-1",0.00032135900410334983,0.00029747200012207034,npu|decode|5|2ef4409498d14c672a4fbbfe6786cce6,5,sample_step,0.003856308049240198,0.003569664001464844,-2.3887003981279496e-05,0.9256687888738995,-0.00028664404777535395,0.9256687888738995
attn_on_pim_prefill-128xdecode_262_ops_trace.csv,decode,5,47,7,PIM0,pim,7,"Q:0,K:0,V:0,QK:0,Softmax:0,SV:0,O:0",2.508169726533893e-05,2.1267e-05,pim|decode|5|61397802f1888ea563dd9b1ea38edd23,5,sample_step,0.0003009803671840672,0.00025520400000000003,-3.81469726533893e-06,0.8479091257268876,-4.5776367184067145e-05,0.8479091257268877
attn_on_pim_prefill-128xdecode_262_ops_trace.csv,decode,5,47,7,PIM1,pim,7,"Q:1,K:1,V:1,QK:1,Softmax:1,SV:1,O:1",2.508169726533893e-05,2.1267e-05,pim|decode|5|9c4e6c099d863efd94751a80c7e404c5,5,sample_step,0.0003009803671840672,0.00025520400000000003,-3.81469726533893e-06,0.8479091257268876,-4.5776367184067145e-05,0.8479091257268877
attn_on_pim_prefill-128xdecode_262_ops_trace.csv,decode,5,47,8,GPU0,npu,12,"LN:-1,Add:-1,LN:-1,FFN_W1:0,FFN_W3:0,FFN_W1:1,FFN_W3:1,SwiGLU:0,SwiGLU:1,FFN_W2:0,FFN_W2:1,Add:-1",0.00032135900410334983,0.00029747200012207034,npu|decode|5|2ef4409498d14c672a4fbbfe6786cce6,5,sample_step,0.003856308049240198,0.003569664001464844,-2.3887003981279496e-05,0.9256687888738995,-0.00028664404777535395,0.9256687888738995
attn_on_pim_prefill-128xdecode_262_ops_trace.csv,decode,5,47,8,PIM0,pim,7,"Q:0,K:0,V:0,QK:0,Softmax:0,SV:0,O:0",2.508169726533893e-05,2.1267e-05,pim|decode|5|61397802f1888ea563dd9b1ea38edd23,5,sample_step,0.0003009803671840672,0.00025520400000000003,-3.81469726533893e-06,0.8479091257268876,-4.5776367184067145e-05,0.8479091257268877
attn_on_pim_prefill-128xdecode_262_ops_trace.csv,decode,5,47,8,PIM1,pim,7,"Q:1,K:1,V:1,QK:1,Softmax:1,SV:1,O:1",2.508169726533893e-05,2.1267e-05,pim|decode|5|9c4e6c099d863efd94751a80c7e404c5,5,sample_step,0.0003009803671840672,0.00025520400000000003,-3.81469726533893e-06,0.8479091257268876,-4.5776367184067145e-05,0.8479091257268877
attn_on_pim_prefill-128xdecode_262_ops_trace.csv,decode,5,47,9,GPU0,npu,12,"LN:-1,Add:-1,LN:-1,FFN_W1:0,FFN_W3:0,FFN_W1:1,FFN_W3:1,SwiGLU:0,SwiGLU:1,FFN_W2:0,FFN_W2:1,Add:-1",0.00032135900410334983,0.00029747200012207034,npu|decode|5|2ef4409498d14c672a4fbbfe6786cce6,5,sample_step,0.003856308049240198,0.003569664001464844,-2.3887003981279496e-05,0.9256687888738995,-0.00028664404777535395,0.9256687888738995
attn_on_pim_prefill-128xdecode_262_ops_trace.csv,decode,5,47,9,PIM0,pim,7,"Q:0,K:0,V:0,QK:0,Softmax:0,SV:0,O:0",2.508169726533893e-05,2.1267e-05,pim|decode|5|61397802f1888ea563dd9b1ea38edd23,5,sample_step,0.0003009803671840672,0.00025520400000000003,-3.81469726533893e-06,0.8479091257268876,-4.5776367184067145e-05,0.8479091257268877
attn_on_pim_prefill-128xdecode_262_ops_trace.csv,decode,5,47,9,PIM1,pim,7,"Q:1,K:1,V:1,QK:1,Softmax:1,SV:1,O:1",2.508169726533893e-05,2.1267e-05,pim|decode|5|9c4e6c099d863efd94751a80c7e404c5,5,sample_step,0.0003009803671840672,0.00025520400000000003,-3.81469726533893e-06,0.8479091257268876,-4.5776367184067145e-05,0.8479091257268877
attn_on_pim_prefill-128xdecode_262_ops_trace.csv,decode,5,47,10,GPU0,npu,12,"LN:-1,Add:-1,LN:-1,FFN_W1:0,FFN_W3:0,FFN_W1:1,FFN_W3:1,SwiGLU:0,SwiGLU:1,FFN_W2:0,FFN_W2:1,Add:-1",0.00032135900410334983,0.00029747200012207034,npu|decode|5|2ef4409498d14c672a4fbbfe6786cce6,5,sample_step,0.003856308049240198,0.003569664001464844,-2.3887003981279496e-05,0.9256687888738995,-0.00028664404777535395,0.9256687888738995
attn_on_pim_prefill-128xdecode_262_ops_trace.csv,decode,5,47,10,PIM0,pim,7,"Q:0,K:0,V:0,QK:0,Softmax:0,SV:0,O:0",2.508169726533893e-05,2.1267e-05,pim|decode|5|61397802f1888ea563dd9b1ea38edd23,5,sample_step,0.0003009803671840672,0.00025520400000000003,-3.81469726533893e-06,0.8479091257268876,-4.5776367184067145e-05,0.8479091257268877
attn_on_pim_prefill-128xdecode_262_ops_trace.csv,decode,5,47,10,PIM1,pim,7,"Q:1,K:1,V:1,QK:1,Softmax:1,SV:1,O:1",2.508169726533893e-05,2.1267e-05,pim|decode|5|9c4e6c099d863efd94751a80c7e404c5,5,sample_step,0.0003009803671840672,0.00025520400000000003,-3.81469726533893e-06,0.8479091257268876,-4.5776367184067145e-05,0.8479091257268877
attn_on_pim_prefill-128xdecode_262_ops_trace.csv,decode,5,47,11,GPU0,npu,12,"LN:-1,Add:-1,LN:-1,FFN_W1:0,FFN_W3:0,FFN_W1:1,FFN_W3:1,SwiGLU:0,SwiGLU:1,FFN_W2:0,FFN_W2:1,Add:-1",0.00032135900410334983,0.00029747200012207034,npu|decode|5|2ef4409498d14c672a4fbbfe6786cce6,5,sample_step,0.003856308049240198,0.003569664001464844,-2.3887003981279496e-05,0.9256687888738995,-0.00028664404777535395,0.9256687888738995
attn_on_pim_prefill-128xdecode_262_ops_trace.csv,decode,5,47,11,PIM0,pim,7,"Q:0,K:0,V:0,QK:0,Softmax:0,SV:0,O:0",2.508169726533893e-05,2.1267e-05,pim|decode|5|61397802f1888ea563dd9b1ea38edd23,5,sample_step,0.0003009803671840672,0.00025520400000000003,-3.81469726533893e-06,0.8479091257268876,-4.5776367184067145e-05,0.8479091257268877
attn_on_pim_prefill-128xdecode_262_ops_trace.csv,decode,5,47,11,PIM1,pim,7,"Q:1,K:1,V:1,QK:1,Softmax:1,SV:1,O:1",2.508169726533893e-05,2.1267e-05,pim|decode|5|9c4e6c099d863efd94751a80c7e404c5,5,sample_step,0.0003009803671840672,0.00025520400000000003,-3.81469726533893e-06,0.8479091257268876,-4.5776367184067145e-05,0.8479091257268877
attn_on_pim_prefill-128xdecode_262_ops_trace.csv,decode,5,47,12,GPU0,npu,12,"LN:-1,Add:-1,LN:-1,FFN_W1:0,FFN_W3:0,FFN_W1:1,FFN_W3:1,SwiGLU:0,SwiGLU:1,FFN_W2:0,FFN_W2:1,Add:-1",0.00032135900410334983,0.00029747200012207034,npu|decode|5|2ef4409498d14c672a4fbbfe6786cce6,5,sample_step,0.003856308049240198,0.003569664001464844,-2.3887003981279496e-05,0.9256687888738995,-0.00028664404777535395,0.9256687888738995
attn_on_pim_prefill-128xdecode_262_ops_trace.csv,decode,5,47,12,PIM0,pim,7,"Q:0,K:0,V:0,QK:0,Softmax:0,SV:0,O:0",2.508169726533893e-05,2.1267e-05,pim|decode|5|61397802f1888ea563dd9b1ea38edd23,5,sample_step,0.0003009803671840672,0.00025520400000000003,-3.81469726533893e-06,0.8479091257268876,-4.5776367184067145e-05,0.8479091257268877
attn_on_pim_prefill-128xdecode_262_ops_trace.csv,decode,5,47,12,PIM1,pim,7,"Q:1,K:1,V:1,QK:1,Softmax:1,SV:1,O:1",2.508169726533893e-05,2.1267e-05,pim|decode|5|9c4e6c099d863efd94751a80c7e404c5,5,sample_step,0.0003009803671840672,0.00025520400000000003,-3.81469726533893e-06,0.8479091257268876,-4.5776367184067145e-05,0.8479091257268877
attn_on_pim_prefill-128xdecode_262_ops_trace.csv,decode,5,47,13,GPU0,npu,12,"LN:-1,Add:-1,LN:-1,FFN_W1:0,FFN_W3:0,FFN_W1:1,FFN_W3:1,SwiGLU:0,SwiGLU:1,FFN_W2:0,FFN_W2:1,Add:-1",0.00032135900410334983,0.00029747200012207034,npu|decode|5|2ef4409498d14c672a4fbbfe6786cce6,5,sample_step,0.003856308049240198,0.003569664001464844,-2.3887003981279496e-05,0.9256687888738995,-0.00028664404777535395,0.9256687888738995
attn_on_pim_prefill-128xdecode_262_ops_trace.csv,decode,5,47,13,PIM0,pim,7,"Q:0,K:0,V:0,QK:0,Softmax:0,SV:0,O:0",2.508169726533893e-05,2.1267e-05,pim|decode|5|61397802f1888ea563dd9b1ea38edd23,5,sample_step,0.0003009803671840672,0.00025520400000000003,-3.81469726533893e-06,0.8479091257268876,-4.5776367184067145e-05,0.8479091257268877
attn_on_pim_prefill-128xdecode_262_ops_trace.csv,decode,5,47,13,PIM1,pim,7,"Q:1,K:1,V:1,QK:1,Softmax:1,SV:1,O:1",2.508169726533893e-05,2.1267e-05,pim|decode|5|9c4e6c099d863efd94751a80c7e404c5,5,sample_step,0.0003009803671840672,0.00025520400000000003,-3.81469726533893e-06,0.8479091257268876,-4.5776367184067145e-05,0.8479091257268877
attn_on_pim_prefill-128xdecode_262_ops_trace.csv,decode,5,47,14,GPU0,npu,12,"LN:-1,Add:-1,LN:-1,FFN_W1:0,FFN_W3:0,FFN_W1:1,FFN_W3:1,SwiGLU:0,SwiGLU:1,FFN_W2:0,FFN_W2:1,Add:-1",0.00032135900410334983,0.00029747200012207034,npu|decode|5|2ef4409498d14c672a4fbbfe6786cce6,5,sample_step,0.003856308049240198,0.003569664001464844,-2.3887003981279496e-05,0.9256687888738995,-0.00028664404777535395,0.9256687888738995
attn_on_pim_prefill-128xdecode_262_ops_trace.csv,decode,5,47,14,PIM0,pim,7,"Q:0,K:0,V:0,QK:0,Softmax:0,SV:0,O:0",2.508169726533893e-05,2.1267e-05,pim|decode|5|61397802f1888ea563dd9b1ea38edd23,5,sample_step,0.0003009803671840672,0.00025520400000000003,-3.81469726533893e-06,0.8479091257268876,-4.5776367184067145e-05,0.8479091257268877
attn_on_pim_prefill-128xdecode_262_ops_trace.csv,decode,5,47,14,PIM1,pim,7,"Q:1,K:1,V:1,QK:1,Softmax:1,SV:1,O:1",2.508169726533893e-05,2.1267e-05,pim|decode|5|9c4e6c099d863efd94751a80c7e404c5,5,sample_step,0.0003009803671840672,0.00025520400000000003,-3.81469726533893e-06,0.8479091257268876,-4.5776367184067145e-05,0.8479091257268877
attn_on_pim_prefill-128xdecode_262_ops_trace.csv,decode,5,47,15,GPU0,npu,12,"LN:-1,Add:-1,LN:-1,FFN_W1:0,FFN_W3:0,FFN_W1:1,FFN_W3:1,SwiGLU:0,SwiGLU:1,FFN_W2:0,FFN_W2:1,Add:-1",0.00032135900410334983,0.00029747200012207034,npu|decode|5|2ef4409498d14c672a4fbbfe6786cce6,5,sample_step,0.003856308049240198,0.003569664001464844,-2.3887003981279496e-05,0.9256687888738995,-0.00028664404777535395,0.9256687888738995
attn_on_pim_prefill-128xdecode_262_ops_trace.csv,decode,5,47,15,PIM0,pim,7,"Q:0,K:0,V:0,QK:0,Softmax:0,SV:0,O:0",2.508169726533893e-05,2.1267e-05,pim|decode|5|61397802f1888ea563dd9b1ea38edd23,5,sample_step,0.0003009803671840672,0.00025520400000000003,-3.81469726533893e-06,0.8479091257268876,-4.5776367184067145e-05,0.8479091257268877
attn_on_pim_prefill-128xdecode_262_ops_trace.csv,decode,5,47,15,PIM1,pim,7,"Q:1,K:1,V:1,QK:1,Softmax:1,SV:1,O:1",2.508169726533893e-05,2.1267e-05,pim|decode|5|9c4e6c099d863efd94751a80c7e404c5,5,sample_step,0.0003009803671840672,0.00025520400000000003,-3.81469726533893e-06,0.8479091257268876,-4.5776367184067145e-05,0.8479091257268877
attn_on_pim_prefill-128xdecode_262_ops_trace.csv,decode,5,47,16,GPU0,npu,12,"LN:-1,Add:-1,LN:-1,FFN_W1:0,FFN_W3:0,FFN_W1:1,FFN_W3:1,SwiGLU:0,SwiGLU:1,FFN_W2:0,FFN_W2:1,Add:-1",0.00032135900410334983,0.00029747200012207034,npu|decode|5|2ef4409498d14c672a4fbbfe6786cce6,5,sample_step,0.003856308049240198,0.003569664001464844,-2.3887003981279496e-05,0.9256687888738995,-0.00028664404777535395,0.9256687888738995
attn_on_pim_prefill-128xdecode_262_ops_trace.csv,decode,5,47,16,PIM0,pim,7,"Q:0,K:0,V:0,QK:0,Softmax:0,SV:0,O:0",2.508169726533893e-05,2.1267e-05,pim|decode|5|61397802f1888ea563dd9b1ea38edd23,5,sample_step,0.0003009803671840672,0.00025520400000000003,-3.81469726533893e-06,0.8479091257268876,-4.5776367184067145e-05,0.8479091257268877
attn_on_pim_prefill-128xdecode_262_ops_trace.csv,decode,5,47,16,PIM1,pim,7,"Q:1,K:1,V:1,QK:1,Softmax:1,SV:1,O:1",2.508169726533893e-05,2.1267e-05,pim|decode|5|9c4e6c099d863efd94751a80c7e404c5,5,sample_step,0.0003009803671840672,0.00025520400000000003,-3.81469726533893e-06,0.8479091257268876,-4.5776367184067145e-05,0.8479091257268877
attn_on_pim_prefill-128xdecode_262_ops_trace.csv,decode,5,47,17,GPU0,npu,12,"LN:-1,Add:-1,LN:-1,FFN_W1:0,FFN_W3:0,FFN_W1:1,FFN_W3:1,SwiGLU:0,SwiGLU:1,FFN_W2:0,FFN_W2:1,Add:-1",0.00032135900410334983,0.00029747200012207034,npu|decode|5|2ef4409498d14c672a4fbbfe6786cce6,5,sample_step,0.003856308049240198,0.003569664001464844,-2.3887003981279496e-05,0.9256687888738995,-0.00028664404777535395,0.9256687888738995
attn_on_pim_prefill-128xdecode_262_ops_trace.csv,decode,5,47,17,PIM0,pim,7,"Q:0,K:0,V:0,QK:0,Softmax:0,SV:0,O:0",2.508169726533893e-05,2.1267e-05,pim|decode|5|61397802f1888ea563dd9b1ea38edd23,5,sample_step,0.0003009803671840672,0.00025520400000000003,-3.81469726533893e-06,0.8479091257268876,-4.5776367184067145e-05,0.8479091257268877
attn_on_pim_prefill-128xdecode_262_ops_trace.csv,decode,5,47,17,PIM1,pim,7,"Q:1,K:1,V:1,QK:1,Softmax:1,SV:1,O:1",2.508169726533893e-05,2.1267e-05,pim|decode|5|9c4e6c099d863efd94751a80c7e404c5,5,sample_step,0.0003009803671840672,0.00025520400000000003,-3.81469726533893e-06,0.8479091257268876,-4.5776367184067145e-05,0.8479091257268877
attn_on_pim_prefill-128xdecode_262_ops_trace.csv,decode,5,47,18,GPU0,npu,12,"LN:-1,Add:-1,LN:-1,FFN_W1:0,FFN_W3:0,FFN_W1:1,FFN_W3:1,SwiGLU:0,SwiGLU:1,FFN_W2:0,FFN_W2:1,Add:-1",0.00032135900410334983,0.00029747200012207034,npu|decode|5|2ef4409498d14c672a4fbbfe6786cce6,5,sample_step,0.003856308049240198,0.003569664001464844,-2.3887003981279496e-05,0.9256687888738995,-0.00028664404777535395,0.9256687888738995
attn_on_pim_prefill-128xdecode_262_ops_trace.csv,decode,5,47,18,PIM0,pim,7,"Q:0,K:0,V:0,QK:0,Softmax:0,SV:0,O:0",2.508169726533893e-05,2.1267e-05,pim|decode|5|61397802f1888ea563dd9b1ea38edd23,5,sample_step,0.0003009803671840672,0.00025520400000000003,-3.81469726533893e-06,0.8479091257268876,-4.5776367184067145e-05,0.8479091257268877
attn_on_pim_prefill-128xdecode_262_ops_trace.csv,decode,5,47,18,PIM1,pim,7,"Q:1,K:1,V:1,QK:1,Softmax:1,SV:1,O:1",2.508169726533893e-05,2.1267e-05,pim|decode|5|9c4e6c099d863efd94751a80c7e404c5,5,sample_step,0.0003009803671840672,0.00025520400000000003,-3.81469726533893e-06,0.8479091257268876,-4.5776367184067145e-05,0.8479091257268877
attn_on_pim_prefill-128xdecode_262_ops_trace.csv,decode,5,47,19,GPU0,npu,12,"LN:-1,Add:-1,LN:-1,FFN_W1:0,FFN_W3:0,FFN_W1:1,FFN_W3:1,SwiGLU:0,SwiGLU:1,FFN_W2:0,FFN_W2:1,Add:-1",0.00032135900410334983,0.00029747200012207034,npu|decode|5|2ef4409498d14c672a4fbbfe6786cce6,5,sample_step,0.003856308049240198,0.003569664001464844,-2.3887003981279496e-05,0.9256687888738995,-0.00028664404777535395,0.9256687888738995
attn_on_pim_prefill-128xdecode_262_ops_trace.csv,decode,5,47,19,PIM0,pim,7,"Q:0,K:0,V:0,QK:0,Softmax:0,SV:0,O:0",2.508169726533893e-05,2.1267e-05,pim|decode|5|61397802f1888ea563dd9b1ea38edd23,5,sample_step,0.0003009803671840672,0.00025520400000000003,-3.81469726533893e-06,0.8479091257268876,-4.5776367184067145e-05,0.8479091257268877
attn_on_pim_prefill-128xdecode_262_ops_trace.csv,decode,5,47,19,PIM1,pim,7,"Q:1,K:1,V:1,QK:1,Softmax:1,SV:1,O:1",2.508169726533893e-05,2.1267e-05,pim|decode|5|9c4e6c099d863efd94751a80c7e404c5,5,sample_step,0.0003009803671840672,0.00025520400000000003,-3.81469726533893e-06,0.8479091257268876,-4.5776367184067145e-05,0.8479091257268877
attn_on_pim_prefill-128xdecode_262_ops_trace.csv,decode,5,47,20,GPU0,npu,12,"LN:-1,Add:-1,LN:-1,FFN_W1:0,FFN_W3:0,FFN_W1:1,FFN_W3:1,SwiGLU:0,SwiGLU:1,FFN_W2:0,FFN_W2:1,Add:-1",0.00032135900410334983,0.00029747200012207034,npu|decode|5|2ef4409498d14c672a4fbbfe6786cce6,5,sample_step,0.003856308049240198,0.003569664001464844,-2.3887003981279496e-05,0.9256687888738995,-0.00028664404777535395,0.9256687888738995
attn_on_pim_prefill-128xdecode_262_ops_trace.csv,decode,5,47,20,PIM0,pim,7,"Q:0,K:0,V:0,QK:0,Softmax:0,SV:0,O:0",2.508169726533893e-05,2.1267e-05,pim|decode|5|61397802f1888ea563dd9b1ea38edd23,5,sample_step,0.0003009803671840672,0.00025520400000000003,-3.81469726533893e-06,0.8479091257268876,-4.5776367184067145e-05,0.8479091257268877
attn_on_pim_prefill-128xdecode_262_ops_trace.csv,decode,5,47,20,PIM1,pim,7,"Q:1,K:1,V:1,QK:1,Softmax:1,SV:1,O:1",2.508169726533893e-05,2.1267e-05,pim|decode|5|9c4e6c099d863efd94751a80c7e404c5,5,sample_step,0.0003009803671840672,0.00025520400000000003,-3.81469726533893e-06,0.8479091257268876,-4.5776367184067145e-05,0.8479091257268877
attn_on_pim_prefill-128xdecode_262_ops_trace.csv,decode,5,47,21,GPU0,npu,12,"LN:-1,Add:-1,LN:-1,FFN_W1:0,FFN_W3:0,FFN_W1:1,FFN_W3:1,SwiGLU:0,SwiGLU:1,FFN_W2:0,FFN_W2:1,Add:-1",0.00032135900410334983,0.00029747200012207034,npu|decode|5|2ef4409498d14c672a4fbbfe6786cce6,5,sample_step,0.003856308049240198,0.003569664001464844,-2.3887003981279496e-05,0.9256687888738995,-0.00028664404777535395,0.9256687888738995
attn_on_pim_prefill-128xdecode_262_ops_trace.csv,decode,5,47,21,PIM0,pim,7,"Q:0,K:0,V:0,QK:0,Softmax:0,SV:0,O:0",2.508169726533893e-05,2.1267e-05,pim|decode|5|61397802f1888ea563dd9b1ea38edd23,5,sample_step,0.0003009803671840672,0.00025520400000000003,-3.81469726533893e-06,0.8479091257268876,-4.5776367184067145e-05,0.8479091257268877
attn_on_pim_prefill-128xdecode_262_ops_trace.csv,decode,5,47,21,PIM1,pim,7,"Q:1,K:1,V:1,QK:1,Softmax:1,SV:1,O:1",2.508169726533893e-05,2.1267e-05,pim|decode|5|9c4e6c099d863efd94751a80c7e404c5,5,sample_step,0.0003009803671840672,0.00025520400000000003,-3.81469726533893e-06,0.8479091257268876,-4.5776367184067145e-05,0.8479091257268877
attn_on_pim_prefill-128xdecode_262_ops_trace.csv,decode,5,47,22,GPU0,npu,12,"LN:-1,Add:-1,LN:-1,FFN_W1:0,FFN_W3:0,FFN_W1:1,FFN_W3:1,SwiGLU:0,SwiGLU:1,FFN_W2:0,FFN_W2:1,Add:-1",0.00032135900410334983,0.00029747200012207034,npu|decode|5|2ef4409498d14c672a4fbbfe6786cce6,5,sample_step,0.003856308049240198,0.003569664001464844,-2.3887003981279496e-05,0.9256687888738995,-0.00028664404777535395,0.9256687888738995
attn_on_pim_prefill-128xdecode_262_ops_trace.csv,decode,5,47,22,PIM0,pim,7,"Q:0,K:0,V:0,QK:0,Softmax:0,SV:0,O:0",2.508169726533893e-05,2.1267e-05,pim|decode|5|61397802f1888ea563dd9b1ea38edd23,5,sample_step,0.0003009803671840672,0.00025520400000000003,-3.81469726533893e-06,0.8479091257268876,-4.5776367184067145e-05,0.8479091257268877
attn_on_pim_prefill-128xdecode_262_ops_trace.csv,decode,5,47,22,PIM1,pim,7,"Q:1,K:1,V:1,QK:1,Softmax:1,SV:1,O:1",2.508169726533893e-05,2.1267e-05,pim|decode|5|9c4e6c099d863efd94751a80c7e404c5,5,sample_step,0.0003009803671840672,0.00025520400000000003,-3.81469726533893e-06,0.8479091257268876,-4.5776367184067145e-05,0.8479091257268877
attn_on_pim_prefill-128xdecode_262_ops_trace.csv,decode,5,47,23,GPU0,npu,12,"LN:-1,Add:-1,LN:-1,FFN_W1:0,FFN_W3:0,FFN_W1:1,FFN_W3:1,SwiGLU:0,SwiGLU:1,FFN_W2:0,FFN_W2:1,Add:-1",0.00032135900410334983,0.00029747200012207034,npu|decode|5|2ef4409498d14c672a4fbbfe6786cce6,5,sample_step,0.003856308049240198,0.003569664001464844,-2.3887003981279496e-05,0.9256687888738995,-0.00028664404777535395,0.9256687888738995
attn_on_pim_prefill-128xdecode_262_ops_trace.csv,decode,5,47,23,PIM0,pim,7,"Q:0,K:0,V:0,QK:0,Softmax:0,SV:0,O:0",2.508169726533893e-05,2.1267e-05,pim|decode|5|61397802f1888ea563dd9b1ea38edd23,5,sample_step,0.0003009803671840672,0.00025520400000000003,-3.81469726533893e-06,0.8479091257268876,-4.5776367184067145e-05,0.8479091257268877
attn_on_pim_prefill-128xdecode_262_ops_trace.csv,decode,5,47,23,PIM1,pim,7,"Q:1,K:1,V:1,QK:1,Softmax:1,SV:1,O:1",2.508169726533893e-05,2.1267e-05,pim|decode|5|9c4e6c099d863efd94751a80c7e404c5,5,sample_step,0.0003009803671840672,0.00025520400000000003,-3.81469726533893e-06,0.8479091257268876,-4.5776367184067145e-05,0.8479091257268877
attn_on_pim_prefill-128xdecode_262_ops_trace.csv,decode,5,47,24,GPU0,npu,12,"LN:-1,Add:-1,LN:-1,FFN_W1:0,FFN_W3:0,FFN_W1:1,FFN_W3:1,SwiGLU:0,SwiGLU:1,FFN_W2:0,FFN_W2:1,Add:-1",0.00032135900410334983,0.00029747200012207034,npu|decode|5|2ef4409498d14c672a4fbbfe6786cce6,5,sample_step,0.003856308049240198,0.003569664001464844,-2.3887003981279496e-05,0.9256687888738995,-0.00028664404777535395,0.9256687888738995
attn_on_pim_prefill-128xdecode_262_ops_trace.csv,decode,5,47,24,PIM0,pim,7,"Q:0,K:0,V:0,QK:0,Softmax:0,SV:0,O:0",2.508169726533893e-05,2.1267e-05,pim|decode|5|61397802f1888ea563dd9b1ea38edd23,5,sample_step,0.0003009803671840672,0.00025520400000000003,-3.81469726533893e-06,0.8479091257268876,-4.5776367184067145e-05,0.8479091257268877
attn_on_pim_prefill-128xdecode_262_ops_trace.csv,decode,5,47,24,PIM1,pim,7,"Q:1,K:1,V:1,QK:1,Softmax:1,SV:1,O:1",2.508169726533893e-05,2.1267e-05,pim|decode|5|9c4e6c099d863efd94751a80c7e404c5,5,sample_step,0.0003009803671840672,0.00025520400000000003,-3.81469726533893e-06,0.8479091257268876,-4.5776367184067145e-05,0.8479091257268877
attn_on_pim_prefill-128xdecode_262_ops_trace.csv,decode,5,47,25,GPU0,npu,12,"LN:-1,Add:-1,LN:-1,FFN_W1:0,FFN_W3:0,FFN_W1:1,FFN_W3:1,SwiGLU:0,SwiGLU:1,FFN_W2:0,FFN_W2:1,Add:-1",0.00032135900410334983,0.00029747200012207034,npu|decode|5|2ef4409498d14c672a4fbbfe6786cce6,5,sample_step,0.003856308049240198,0.003569664001464844,-2.3887003981279496e-05,0.9256687888738995,-0.00028664404777535395,0.9256687888738995
attn_on_pim_prefill-128xdecode_262_ops_trace.csv,decode,5,47,25,PIM0,pim,7,"Q:0,K:0,V:0,QK:0,Softmax:0,SV:0,O:0",2.508169726533893e-05,2.1267e-05,pim|decode|5|61397802f1888ea563dd9b1ea38edd23,5,sample_step,0.0003009803671840672,0.00025520400000000003,-3.81469726533893e-06,0.8479091257268876,-4.5776367184067145e-05,0.8479091257268877
attn_on_pim_prefill-128xdecode_262_ops_trace.csv,decode,5,47,25,PIM1,pim,7,"Q:1,K:1,V:1,QK:1,Softmax:1,SV:1,O:1",2.508169726533893e-05,2.1267e-05,pim|decode|5|9c4e6c099d863efd94751a80c7e404c5,5,sample_step,0.0003009803671840672,0.00025520400000000003,-3.81469726533893e-06,0.8479091257268876,-4.5776367184067145e-05,0.8479091257268877
attn_on_pim_prefill-128xdecode_262_ops_trace.csv,decode,5,47,26,GPU0,npu,12,"LN:-1,Add:-1,LN:-1,FFN_W1:0,FFN_W3:0,FFN_W1:1,FFN_W3:1,SwiGLU:0,SwiGLU:1,FFN_W2:0,FFN_W2:1,Add:-1",0.00032135900410334983,0.00029747200012207034,npu|decode|5|2ef4409498d14c672a4fbbfe6786cce6,5,sample_step,0.003856308049240198,0.003569664001464844,-2.3887003981279496e-05,0.9256687888738995,-0.00028664404777535395,0.9256687888738995
attn_on_pim_prefill-128xdecode_262_ops_trace.csv,decode,5,47,26,PIM0,pim,7,"Q:0,K:0,V:0,QK:0,Softmax:0,SV:0,O:0",2.508169726533893e-05,2.1267e-05,pim|decode|5|61397802f1888ea563dd9b1ea38edd23,5,sample_step,0.0003009803671840672,0.00025520400000000003,-3.81469726533893e-06,0.8479091257268876,-4.5776367184067145e-05,0.8479091257268877
attn_on_pim_prefill-128xdecode_262_ops_trace.csv,decode,5,47,26,PIM1,pim,7,"Q:1,K:1,V:1,QK:1,Softmax:1,SV:1,O:1",2.508169726533893e-05,2.1267e-05,pim|decode|5|9c4e6c099d863efd94751a80c7e404c5,5,sample_step,0.0003009803671840672,0.00025520400000000003,-3.81469726533893e-06,0.8479091257268876,-4.5776367184067145e-05,0.8479091257268877
attn_on_pim_prefill-128xdecode_262_ops_trace.csv,decode,5,47,27,GPU0,npu,12,"LN:-1,Add:-1,LN:-1,FFN_W1:0,FFN_W3:0,FFN_W1:1,FFN_W3:1,SwiGLU:0,SwiGLU:1,FFN_W2:0,FFN_W2:1,Add:-1",0.00032135900410334983,0.00029747200012207034,npu|decode|5|2ef4409498d14c672a4fbbfe6786cce6,5,sample_step,0.003856308049240198,0.003569664001464844,-2.3887003981279496e-05,0.9256687888738995,-0.00028664404777535395,0.9256687888738995
attn_on_pim_prefill-128xdecode_262_ops_trace.csv,decode,5,47,27,PIM0,pim,7,"Q:0,K:0,V:0,QK:0,Softmax:0,SV:0,O:0",2.508169726533893e-05,2.1267e-05,pim|decode|5|61397802f1888ea563dd9b1ea38edd23,5,sample_step,0.0003009803671840672,0.00025520400000000003,-3.81469726533893e-06,0.8479091257268876,-4.5776367184067145e-05,0.8479091257268877
attn_on_pim_prefill-128xdecode_262_ops_trace.csv,decode,5,47,27,PIM1,pim,7,"Q:1,K:1,V:1,QK:1,Softmax:1,SV:1,O:1",2.508169726533893e-05,2.1267e-05,pim|decode|5|9c4e6c099d863efd94751a80c7e404c5,5,sample_step,0.0003009803671840672,0.00025520400000000003,-3.81469726533893e-06,0.8479091257268876,-4.5776367184067145e-05,0.8479091257268877
attn_on_pim_prefill-128xdecode_262_ops_trace.csv,decode,5,47,28,GPU0,npu,12,"LN:-1,Add:-1,LN:-1,FFN_W1:0,FFN_W3:0,FFN_W1:1,FFN_W3:1,SwiGLU:0,SwiGLU:1,FFN_W2:0,FFN_W2:1,Add:-1",0.00032135900410334983,0.00029747200012207034,npu|decode|5|2ef4409498d14c672a4fbbfe6786cce6,5,sample_step,0.003856308049240198,0.003569664001464844,-2.3887003981279496e-05,0.9256687888738995,-0.00028664404777535395,0.9256687888738995
attn_on_pim_prefill-128xdecode_262_ops_trace.csv,decode,5,47,28,PIM0,pim,7,"Q:0,K:0,V:0,QK:0,Softmax:0,SV:0,O:0",2.508169726533893e-05,2.1267e-05,pim|decode|5|61397802f1888ea563dd9b1ea38edd23,5,sample_step,0.0003009803671840672,0.00025520400000000003,-3.81469726533893e-06,0.8479091257268876,-4.5776367184067145e-05,0.8479091257268877
attn_on_pim_prefill-128xdecode_262_ops_trace.csv,decode,5,47,28,PIM1,pim,7,"Q:1,K:1,V:1,QK:1,Softmax:1,SV:1,O:1",2.508169726533893e-05,2.1267e-05,pim|decode|5|9c4e6c099d863efd94751a80c7e404c5,5,sample_step,0.0003009803671840672,0.00025520400000000003,-3.81469726533893e-06,0.8479091257268876,-4.5776367184067145e-05,0.8479091257268877
attn_on_pim_prefill-128xdecode_262_ops_trace.csv,decode,5,47,29,GPU0,npu,12,"LN:-1,Add:-1,LN:-1,FFN_W1:0,FFN_W3:0,FFN_W1:1,FFN_W3:1,SwiGLU:0,SwiGLU:1,FFN_W2:0,FFN_W2:1,Add:-1",0.00032135900410334983,0.00029747200012207034,npu|decode|5|2ef4409498d14c672a4fbbfe6786cce6,5,sample_step,0.003856308049240198,0.003569664001464844,-2.3887003981279496e-05,0.9256687888738995,-0.00028664404777535395,0.9256687888738995
attn_on_pim_prefill-128xdecode_262_ops_trace.csv,decode,5,47,29,PIM0,pim,7,"Q:0,K:0,V:0,QK:0,Softmax:0,SV:0,O:0",2.508169726533893e-05,2.1267e-05,pim|decode|5|61397802f1888ea563dd9b1ea38edd23,5,sample_step,0.0003009803671840672,0.00025520400000000003,-3.81469726533893e-06,0.8479091257268876,-4.5776367184067145e-05,0.8479091257268877
attn_on_pim_prefill-128xdecode_262_ops_trace.csv,decode,5,47,29,PIM1,pim,7,"Q:1,K:1,V:1,QK:1,Softmax:1,SV:1,O:1",2.508169726533893e-05,2.1267e-05,pim|decode|5|9c4e6c099d863efd94751a80c7e404c5,5,sample_step,0.0003009803671840672,0.00025520400000000003,-3.81469726533893e-06,0.8479091257268876,-4.5776367184067145e-05,0.8479091257268877
attn_on_pim_prefill-128xdecode_262_ops_trace.csv,decode,5,47,30,GPU0,npu,12,"LN:-1,Add:-1,LN:-1,FFN_W1:0,FFN_W3:0,FFN_W1:1,FFN_W3:1,SwiGLU:0,SwiGLU:1,FFN_W2:0,FFN_W2:1,Add:-1",0.00032135900410334983,0.00029747200012207034,npu|decode|5|2ef4409498d14c672a4fbbfe6786cce6,5,sample_step,0.003856308049240198,0.003569664001464844,-2.3887003981279496e-05,0.9256687888738995,-0.00028664404777535395,0.9256687888738995
attn_on_pim_prefill-128xdecode_262_ops_trace.csv,decode,5,47,30,PIM0,pim,7,"Q:0,K:0,V:0,QK:0,Softmax:0,SV:0,O:0",2.508169726533893e-05,2.1267e-05,pim|decode|5|61397802f1888ea563dd9b1ea38edd23,5,sample_step,0.0003009803671840672,0.00025520400000000003,-3.81469726533893e-06,0.8479091257268876,-4.5776367184067145e-05,0.8479091257268877
attn_on_pim_prefill-128xdecode_262_ops_trace.csv,decode,5,47,30,PIM1,pim,7,"Q:1,K:1,V:1,QK:1,Softmax:1,SV:1,O:1",2.508169726533893e-05,2.1267e-05,pim|decode|5|9c4e6c099d863efd94751a80c7e404c5,5,sample_step,0.0003009803671840672,0.00025520400000000003,-3.81469726533893e-06,0.8479091257268876,-4.5776367184067145e-05,0.8479091257268877
attn_on_pim_prefill-128xdecode_262_ops_trace.csv,decode,5,47,31,GPU0,npu,12,"LN:-1,Add:-1,LN:-1,FFN_W1:0,FFN_W3:0,FFN_W1:1,FFN_W3:1,SwiGLU:0,SwiGLU:1,FFN_W2:0,FFN_W2:1,Add:-1",0.00032135900410334983,0.00029747200012207034,npu|decode|5|2ef4409498d14c672a4fbbfe6786cce6,5,sample_step,0.003856308049240198,0.003569664001464844,-2.3887003981279496e-05,0.9256687888738995,-0.00028664404777535395,0.9256687888738995
attn_on_pim_prefill-128xdecode_262_ops_trace.csv,decode,5,47,31,PIM0,pim,7,"Q:0,K:0,V:0,QK:0,Softmax:0,SV:0,O:0",2.508169726533893e-05,2.1267e-05,pim|decode|5|61397802f1888ea563dd9b1ea38edd23,5,sample_step,0.0003009803671840672,0.00025520400000000003,-3.81469726533893e-06,0.8479091257268876,-4.5776367184067145e-05,0.8479091257268877
attn_on_pim_prefill-128xdecode_262_ops_trace.csv,decode,5,47,31,PIM1,pim,7,"Q:1,K:1,V:1,QK:1,Softmax:1,SV:1,O:1",2.508169726533893e-05,2.1267e-05,pim|decode|5|9c4e6c099d863efd94751a80c7e404c5,5,sample_step,0.0003009803671840672,0.00025520400000000003,-3.81469726533893e-06,0.8479091257268876,-4.5776367184067145e-05,0.8479091257268877
attn_on_pim_prefill-128xdecode_262_ops_trace.csv,decode,6,59,0,GPU0,npu,12,"LN:-1,Add:-1,LN:-1,FFN_W1:0,FFN_W3:0,FFN_W1:1,FFN_W3:1,SwiGLU:0,SwiGLU:1,FFN_W2:0,FFN_W2:1,Add:-1",0.00032135900410334983,0.0002960383892059326,npu|decode|6|2ef4409498d14c672a4fbbfe6786cce6,6,sample_step,0.003856308049240198,0.003552460670471191,-2.5320614897417226e-05,0.9212077005028493,-0.00030384737876900693,0.9212077005028493
attn_on_pim_prefill-128xdecode_262_ops_trace.csv,decode,6,59,0,PIM0,pim,7,"Q:0,K:0,V:0,QK:0,Softmax:0,SV:0,O:0",2.5151697265579642e-05,2.1337e-05,pim|decode|6|61397802f1888ea563dd9b1ea38edd23,6,sample_step,0.0003018203671869557,0.000256044,-3.814697265579643e-06,0.8483324117136184,-4.577636718695573e-05,0.8483324117136184
attn_on_pim_prefill-128xdecode_262_ops_trace.csv,decode,6,59,0,PIM1,pim,7,"Q:1,K:1,V:1,QK:1,Softmax:1,SV:1,O:1",2.5151697265579642e-05,2.1337e-05,pim|decode|6|9c4e6c099d863efd94751a80c7e404c5,6,sample_step,0.0003018203671869557,0.000256044,-3.814697265579643e-06,0.8483324117136184,-4.577636718695573e-05,0.8483324117136184
attn_on_pim_prefill-128xdecode_262_ops_trace.csv,decode,6,59,1,GPU0,npu,12,"LN:-1,Add:-1,LN:-1,FFN_W1:0,FFN_W3:0,FFN_W1:1,FFN_W3:1,SwiGLU:0,SwiGLU:1,FFN_W2:0,FFN_W2:1,Add:-1",0.00032135900410334983,0.0002960383892059326,npu|decode|6|2ef4409498d14c672a4fbbfe6786cce6,6,sample_step,0.003856308049240198,0.003552460670471191,-2.5320614897417226e-05,0.9212077005028493,-0.00030384737876900693,0.9212077005028493
attn_on_pim_prefill-128xdecode_262_ops_trace.csv,decode,6,59,1,PIM0,pim,7,"Q:0,K:0,V:0,QK:0,Softmax:0,SV:0,O:0",2.5151697265579642e-05,2.1337e-05,pim|decode|6|61397802f1888ea563dd9b1ea38edd23,6,sample_step,0.0003018203671869557,0.000256044,-3.814697265579643e-06,0.8483324117136184,-4.577636718695573e-05,0.8483324117136184
attn_on_pim_prefill-128xdecode_262_ops_trace.csv,decode,6,59,1,PIM1,pim,7,"Q:1,K:1,V:1,QK:1,Softmax:1,SV:1,O:1",2.5151697265579642e-05,2.1337e-05,pim|decode|6|9c4e6c099d863efd94751a80c7e404c5,6,sample_step,0.0003018203671869557,0.000256044,-3.814697265579643e-06,0.8483324117136184,-4.577636718695573e-05,0.8483324117136184
attn_on_pim_prefill-128xdecode_262_ops_trace.csv,decode,6,59,2,GPU0,npu,12,"LN:-1,Add:-1,LN:-1,FFN_W1:0,FFN_W3:0,FFN_W1:1,FFN_W3:1,SwiGLU:0,SwiGLU:1,FFN_W2:0,FFN_W2:1,Add:-1",0.00032135900410334983,0.0002960383892059326,npu|decode|6|2ef4409498d14c672a4fbbfe6786cce6,6,sample_step,0.003856308049240198,0.003552460670471191,-2.5320614897417226e-05,0.9212077005028493,-0.00030384737876900693,0.9212077005028493
attn_on_pim_prefill-128xdecode_262_ops_trace.csv,decode,6,59,2,PIM0,pim,7,"Q:0,K:0,V:0,QK:0,Softmax:0,SV:0,O:0",2.5151697265579642e-05,2.1337e-05,pim|decode|6|61397802f1888ea563dd9b1ea38edd23,6,sample_step,0.0003018203671869557,0.000256044,-3.814697265579643e-06,0.8483324117136184,-4.577636718695573e-05,0.8483324117136184
attn_on_pim_prefill-128xdecode_262_ops_trace.csv,decode,6,59,2,PIM1,pim,7,"Q:1,K:1,V:1,QK:1,Softmax:1,SV:1,O:1",2.5151697265579642e-05,2.1337e-05,pim|decode|6|9c4e6c099d863efd94751a80c7e404c5,6,sample_step,0.0003018203671869557,0.000256044,-3.814697265579643e-06,0.8483324117136184,-4.577636718695573e-05,0.8483324117136184
attn_on_pim_prefill-128xdecode_262_ops_trace.csv,decode,6,59,3,GPU0,npu,12,"LN:-1,Add:-1,LN:-1,FFN_W1:0,FFN_W3:0,FFN_W1:1,FFN_W3:1,SwiGLU:0,SwiGLU:1,FFN_W2:0,FFN_W2:1,Add:-1",0.00032135900410334983,0.0002960383892059326,npu|decode|6|2ef4409498d14c672a4fbbfe6786cce6,6,sample_step,0.003856308049240198,0.003552460670471191,-2.5320614897417226e-05,0.9212077005028493,-0.00030384737876900693,0.9212077005028493
attn_on_pim_prefill-128xdecode_262_ops_trace.csv,decode,6,59,3,PIM0,pim,7,"Q:0,K:0,V:0,QK:0,Softmax:0,SV:0,O:0",2.5151697265579642e-05,2.1337e-05,pim|decode|6|61397802f1888ea563dd9b1ea38edd23,6,sample_step,0.0003018203671869557,0.000256044,-3.814697265579643e-06,0.8483324117136184,-4.577636718695573e-05,0.8483324117136184
attn_on_pim_prefill-128xdecode_262_ops_trace.csv,decode,6,59,3,PIM1,pim,7,"Q:1,K:1,V:1,QK:1,Softmax:1,SV:1,O:1",2.5151697265579642e-05,2.1337e-05,pim|decode|6|9c4e6c099d863efd94751a80c7e404c5,6,sample_step,0.0003018203671869557,0.000256044,-3.814697265579643e-06,0.8483324117136184,-4.577636718695573e-05,0.8483324117136184
attn_on_pim_prefill-128xdecode_262_ops_trace.csv,decode,6,59,4,GPU0,npu,12,"LN:-1,Add:-1,LN:-1,FFN_W1:0,FFN_W3:0,FFN_W1:1,FFN_W3:1,SwiGLU:0,SwiGLU:1,FFN_W2:0,FFN_W2:1,Add:-1",0.00032135900410334983,0.0002960383892059326,npu|decode|6|2ef4409498d14c672a4fbbfe6786cce6,6,sample_step,0.003856308049240198,0.003552460670471191,-2.5320614897417226e-05,0.9212077005028493,-0.00030384737876900693,0.9212077005028493
attn_on_pim_prefill-128xdecode_262_ops_trace.csv,decode,6,59,4,PIM0,pim,7,"Q:0,K:0,V:0,QK:0,Softmax:0,SV:0,O:0",2.5151697265579642e-05,2.1337e-05,pim|decode|6|61397802f1888ea563dd9b1ea38edd23,6,sample_step,0.0003018203671869557,0.000256044,-3.814697265579643e-06,0.8483324117136184,-4.577636718695573e-05,0.8483324117136184
attn_on_pim_prefill-128xdecode_262_ops_trace.csv,decode,6,59,4,PIM1,pim,7,"Q:1,K:1,V:1,QK:1,Softmax:1,SV:1,O:1",2.5151697265579642e-05,2.1337e-05,pim|decode|6|9c4e6c099d863efd94751a80c7e404c5,6,sample_step,0.0003018203671869557,0.000256044,-3.814697265579643e-06,0.8483324117136184,-4.577636718695573e-05,0.8483324117136184
attn_on_pim_prefill-128xdecode_262_ops_trace.csv,decode,6,59,5,GPU0,npu,12,"LN:-1,Add:-1,LN:-1,FFN_W1:0,FFN_W3:0,FFN_W1:1,FFN_W3:1,SwiGLU:0,SwiGLU:1,FFN_W2:0,FFN_W2:1,Add:-1",0.00032135900410334983,0.0002960383892059326,npu|decode|6|2ef4409498d14c672a4fbbfe6786cce6,6,sample_step,0.003856308049240198,0.003552460670471191,-2.5320614897417226e-05,0.9212077005028493,-0.00030384737876900693,0.9212077005028493
attn_on_pim_prefill-128xdecode_262_ops_trace.csv,decode,6,59,5,PIM0,pim,7,"Q:0,K:0,V:0,QK:0,Softmax:0,SV:0,O:0",2.5151697265579642e-05,2.1337e-05,pim|decode|6|61397802f1888ea563dd9b1ea38edd23,6,sample_step,0.0003018203671869557,0.000256044,-3.814697265579643e-06,0.8483324117136184,-4.577636718695573e-05,0.8483324117136184
attn_on_pim_prefill-128xdecode_262_ops_trace.csv,decode,6,59,5,PIM1,pim,7,"Q:1,K:1,V:1,QK:1,Softmax:1,SV:1,O:1",2.5151697265579642e-05,2.1337e-05,pim|decode|6|9c4e6c099d863efd94751a80c7e404c5,6,sample_step,0.0003018203671869557,0.000256044,-3.814697265579643e-06,0.8483324117136184,-4.577636718695573e-05,0.8483324117136184
attn_on_pim_prefill-128xdecode_262_ops_trace.csv,decode,6,59,6,GPU0,npu,12,"LN:-1,Add:-1,LN:-1,FFN_W1:0,FFN_W3:0,FFN_W1:1,FFN_W3:1,SwiGLU:0,SwiGLU:1,FFN_W2:0,FFN_W2:1,Add:-1",0.00032135900410334983,0.0002960383892059326,npu|decode|6|2ef4409498d14c672a4fbbfe6786cce6,6,sample_step,0.003856308049240198,0.003552460670471191,-2.5320614897417226e-05,0.9212077005028493,-0.00030384737876900693,0.9212077005028493
attn_on_pim_prefill-128xdecode_262_ops_trace.csv,decode,6,59,6,PIM0,pim,7,"Q:0,K:0,V:0,QK:0,Softmax:0,SV:0,O:0",2.5151697265579642e-05,2.1337e-05,pim|decode|6|61397802f1888ea563dd9b1ea38edd23,6,sample_step,0.0003018203671869557,0.000256044,-3.814697265579643e-06,0.8483324117136184,-4.577636718695573e-05,0.8483324117136184
attn_on_pim_prefill-128xdecode_262_ops_trace.csv,decode,6,59,6,PIM1,pim,7,"Q:1,K:1,V:1,QK:1,Softmax:1,SV:1,O:1",2.5151697265579642e-05,2.1337e-05,pim|decode|6|9c4e6c099d863efd94751a80c7e404c5,6,sample_step,0.0003018203671869557,0.000256044,-3.814697265579643e-06,0.8483324117136184,-4.577636718695573e-05,0.8483324117136184
attn_on_pim_prefill-128xdecode_262_ops_trace.csv,decode,6,59,7,GPU0,npu,12,"LN:-1,Add:-1,LN:-1,FFN_W1:0,FFN_W3:0,FFN_W1:1,FFN_W3:1,SwiGLU:0,SwiGLU:1,FFN_W2:0,FFN_W2:1,Add:-1",0.00032135900410334983,0.0002960383892059326,npu|decode|6|2ef4409498d14c672a4fbbfe6786cce6,6,sample_step,0.003856308049240198,0.003552460670471191,-2.5320614897417226e-05,0.9212077005028493,-0.00030384737876900693,0.9212077005028493
attn_on_pim_prefill-128xdecode_262_ops_trace.csv,decode,6,59,7,PIM0,pim,7,"Q:0,K:0,V:0,QK:0,Softmax:0,SV:0,O:0",2.5151697265579642e-05,2.1337e-05,pim|decode|6|61397802f1888ea563dd9b1ea38edd23,6,sample_step,0.0003018203671869557,0.000256044,-3.814697265579643e-06,0.8483324117136184,-4.577636718695573e-05,0.8483324117136184
attn_on_pim_prefill-128xdecode_262_ops_trace.csv,decode,6,59,7,PIM1,pim,7,"Q:1,K:1,V:1,QK:1,Softmax:1,SV:1,O:1",2.5151697265579642e-05,2.1337e-05,pim|decode|6|9c4e6c099d863efd94751a80c7e404c5,6,sample_step,0.0003018203671869557,0.000256044,-3.814697265579643e-06,0.8483324117136184,-4.577636718695573e-05,0.8483324117136184
attn_on_pim_prefill-128xdecode_262_ops_trace.csv,decode,6,59,8,GPU0,npu,12,"LN:-1,Add:-1,LN:-1,FFN_W1:0,FFN_W3:0,FFN_W1:1,FFN_W3:1,SwiGLU:0,SwiGLU:1,FFN_W2:0,FFN_W2:1,Add:-1",0.00032135900410334983,0.0002960383892059326,npu|decode|6|2ef4409498d14c672a4fbbfe6786cce6,6,sample_step,0.003856308049240198,0.003552460670471191,-2.5320614897417226e-05,0.9212077005028493,-0.00030384737876900693,0.9212077005028493
attn_on_pim_prefill-128xdecode_262_ops_trace.csv,decode,6,59,8,PIM0,pim,7,"Q:0,K:0,V:0,QK:0,Softmax:0,SV:0,O:0",2.5151697265579642e-05,2.1337e-05,pim|decode|6|61397802f1888ea563dd9b1ea38edd23,6,sample_step,0.0003018203671869557,0.000256044,-3.814697265579643e-06,0.8483324117136184,-4.577636718695573e-05,0.8483324117136184
attn_on_pim_prefill-128xdecode_262_ops_trace.csv,decode,6,59,8,PIM1,pim,7,"Q:1,K:1,V:1,QK:1,Softmax:1,SV:1,O:1",2.5151697265579642e-05,2.1337e-05,pim|decode|6|9c4e6c099d863efd94751a80c7e404c5,6,sample_step,0.0003018203671869557,0.000256044,-3.814697265579643e-06,0.8483324117136184,-4.577636718695573e-05,0.8483324117136184
attn_on_pim_prefill-128xdecode_262_ops_trace.csv,decode,6,59,9,GPU0,npu,12,"LN:-1,Add:-1,LN:-1,FFN_W1:0,FFN_W3:0,FFN_W1:1,FFN_W3:1,SwiGLU:0,SwiGLU:1,FFN_W2:0,FFN_W2:1,Add:-1",0.00032135900410334983,0.0002960383892059326,npu|decode|6|2ef4409498d14c672a4fbbfe6786cce6,6,sample_step,0.003856308049240198,0.003552460670471191,-2.5320614897417226e-05,0.9212077005028493,-0.00030384737876900693,0.9212077005028493
attn_on_pim_prefill-128xdecode_262_ops_trace.csv,decode,6,59,9,PIM0,pim,7,"Q:0,K:0,V:0,QK:0,Softmax:0,SV:0,O:0",2.5151697265579642e-05,2.1337e-05,pim|decode|6|61397802f1888ea563dd9b1ea38edd23,6,sample_step,0.0003018203671869557,0.000256044,-3.814697265579643e-06,0.8483324117136184,-4.577636718695573e-05,0.8483324117136184
attn_on_pim_prefill-128xdecode_262_ops_trace.csv,decode,6,59,9,PIM1,pim,7,"Q:1,K:1,V:1,QK:1,Softmax:1,SV:1,O:1",2.5151697265579642e-05,2.1337e-05,pim|decode|6|9c4e6c099d863efd94751a80c7e404c5,6,sample_step,0.0003018203671869557,0.000256044,-3.814697265579643e-06,0.8483324117136184,-4.577636718695573e-05,0.8483324117136184
attn_on_pim_prefill-128xdecode_262_ops_trace.csv,decode,6,59,10,GPU0,npu,12,"LN:-1,Add:-1,LN:-1,FFN_W1:0,FFN_W3:0,FFN_W1:1,FFN_W3:1,SwiGLU:0,SwiGLU:1,FFN_W2:0,FFN_W2:1,Add:-1",0.00032135900410334983,0.0002960383892059326,npu|decode|6|2ef4409498d14c672a4fbbfe6786cce6,6,sample_step,0.003856308049240198,0.003552460670471191,-2.5320614897417226e-05,0.9212077005028493,-0.00030384737876900693,0.9212077005028493
attn_on_pim_prefill-128xdecode_262_ops_trace.csv,decode,6,59,10,PIM0,pim,7,"Q:0,K:0,V:0,QK:0,Softmax:0,SV:0,O:0",2.5151697265579642e-05,2.1337e-05,pim|decode|6|61397802f1888ea563dd9b1ea38edd23,6,sample_step,0.0003018203671869557,0.000256044,-3.814697265579643e-06,0.8483324117136184,-4.577636718695573e-05,0.8483324117136184
attn_on_pim_prefill-128xdecode_262_ops_trace.csv,decode,6,59,10,PIM1,pim,7,"Q:1,K:1,V:1,QK:1,Softmax:1,SV:1,O:1",2.5151697265579642e-05,2.1337e-05,pim|decode|6|9c4e6c099d863efd94751a80c7e404c5,6,sample_step,0.0003018203671869557,0.000256044,-3.814697265579643e-06,0.8483324117136184,-4.577636718695573e-05,0.8483324117136184
attn_on_pim_prefill-128xdecode_262_ops_trace.csv,decode,6,59,11,GPU0,npu,12,"LN:-1,Add:-1,LN:-1,FFN_W1:0,FFN_W3:0,FFN_W1:1,FFN_W3:1,SwiGLU:0,SwiGLU:1,FFN_W2:0,FFN_W2:1,Add:-1",0.00032135900410334983,0.0002960383892059326,npu|decode|6|2ef4409498d14c672a4fbbfe6786cce6,6,sample_step,0.003856308049240198,0.003552460670471191,-2.5320614897417226e-05,0.9212077005028493,-0.00030384737876900693,0.9212077005028493
attn_on_pim_prefill-128xdecode_262_ops_trace.csv,decode,6,59,11,PIM0,pim,7,"Q:0,K:0,V:0,QK:0,Softmax:0,SV:0,O:0",2.5151697265579642e-05,2.1337e-05,pim|decode|6|61397802f1888ea563dd9b1ea38edd23,6,sample_step,0.0003018203671869557,0.000256044,-3.814697265579643e-06,0.8483324117136184,-4.577636718695573e-05,0.8483324117136184
attn_on_pim_prefill-128xdecode_262_ops_trace.csv,decode,6,59,11,PIM1,pim,7,"Q:1,K:1,V:1,QK:1,Softmax:1,SV:1,O:1",2.5151697265579642e-05,2.1337e-05,pim|decode|6|9c4e6c099d863efd94751a80c7e404c5,6,sample_step,0.0003018203671869557,0.000256044,-3.814697265579643e-06,0.8483324117136184,-4.577636718695573e-05,0.8483324117136184
attn_on_pim_prefill-128xdecode_262_ops_trace.csv,decode,6,59,12,GPU0,npu,12,"LN:-1,Add:-1,LN:-1,FFN_W1:0,FFN_W3:0,FFN_W1:1,FFN_W3:1,SwiGLU:0,SwiGLU:1,FFN_W2:0,FFN_W2:1,Add:-1",0.00032135900410334983,0.0002960383892059326,npu|decode|6|2ef4409498d14c672a4fbbfe6786cce6,6,sample_step,0.003856308049240198,0.003552460670471191,-2.5320614897417226e-05,0.9212077005028493,-0.00030384737876900693,0.9212077005028493
attn_on_pim_prefill-128xdecode_262_ops_trace.csv,decode,6,59,12,PIM0,pim,7,"Q:0,K:0,V:0,QK:0,Softmax:0,SV:0,O:0",2.5151697265579642e-05,2.1337e-05,pim|decode|6|61397802f1888ea563dd9b1ea38edd23,6,sample_step,0.0003018203671869557,0.000256044,-3.814697265579643e-06,0.8483324117136184,-4.577636718695573e-05,0.8483324117136184
attn_on_pim_prefill-128xdecode_262_ops_trace.csv,decode,6,59,12,PIM1,pim,7,"Q:1,K:1,V:1,QK:1,Softmax:1,SV:1,O:1",2.5151697265579642e-05,2.1337e-05,pim|decode|6|9c4e6c099d863efd94751a80c7e404c5,6,sample_step,0.0003018203671869557,0.000256044,-3.814697265579643e-06,0.8483324117136184,-4.577636718695573e-05,0.8483324117136184
attn_on_pim_prefill-128xdecode_262_ops_trace.csv,decode,6,59,13,GPU0,npu,12,"LN:-1,Add:-1,LN:-1,FFN_W1:0,FFN_W3:0,FFN_W1:1,FFN_W3:1,SwiGLU:0,SwiGLU:1,FFN_W2:0,FFN_W2:1,Add:-1",0.00032135900410334983,0.0002960383892059326,npu|decode|6|2ef4409498d14c672a4fbbfe6786cce6,6,sample_step,0.003856308049240198,0.003552460670471191,-2.5320614897417226e-05,0.9212077005028493,-0.00030384737876900693,0.9212077005028493
attn_on_pim_prefill-128xdecode_262_ops_trace.csv,decode,6,59,13,PIM0,pim,7,"Q:0,K:0,V:0,QK:0,Softmax:0,SV:0,O:0",2.5151697265579642e-05,2.1337e-05,pim|decode|6|61397802f1888ea563dd9b1ea38edd23,6,sample_step,0.0003018203671869557,0.000256044,-3.814697265579643e-06,0.8483324117136184,-4.577636718695573e-05,0.8483324117136184
attn_on_pim_prefill-128xdecode_262_ops_trace.csv,decode,6,59,13,PIM1,pim,7,"Q:1,K:1,V:1,QK:1,Softmax:1,SV:1,O:1",2.5151697265579642e-05,2.1337e-05,pim|decode|6|9c4e6c099d863efd94751a80c7e404c5,6,sample_step,0.0003018203671869557,0.000256044,-3.814697265579643e-06,0.8483324117136184,-4.577636718695573e-05,0.8483324117136184
attn_on_pim_prefill-128xdecode_262_ops_trace.csv,decode,6,59,14,GPU0,npu,12,"LN:-1,Add:-1,LN:-1,FFN_W1:0,FFN_W3:0,FFN_W1:1,FFN_W3:1,SwiGLU:0,SwiGLU:1,FFN_W2:0,FFN_W2:1,Add:-1",0.00032135900410334983,0.0002960383892059326,npu|decode|6|2ef4409498d14c672a4fbbfe6786cce6,6,sample_step,0.003856308049240198,0.003552460670471191,-2.5320614897417226e-05,0.9212077005028493,-0.00030384737876900693,0.9212077005028493
attn_on_pim_prefill-128xdecode_262_ops_trace.csv,decode,6,59,14,PIM0,pim,7,"Q:0,K:0,V:0,QK:0,Softmax:0,SV:0,O:0",2.5151697265579642e-05,2.1337e-05,pim|decode|6|61397802f1888ea563dd9b1ea38edd23,6,sample_step,0.0003018203671869557,0.000256044,-3.814697265579643e-06,0.8483324117136184,-4.577636718695573e-05,0.8483324117136184
attn_on_pim_prefill-128xdecode_262_ops_trace.csv,decode,6,59,14,PIM1,pim,7,"Q:1,K:1,V:1,QK:1,Softmax:1,SV:1,O:1",2.5151697265579642e-05,2.1337e-05,pim|decode|6|9c4e6c099d863efd94751a80c7e404c5,6,sample_step,0.0003018203671869557,0.000256044,-3.814697265579643e-06,0.8483324117136184,-4.577636718695573e-05,0.8483324117136184
attn_on_pim_prefill-128xdecode_262_ops_trace.csv,decode,6,59,15,GPU0,npu,12,"LN:-1,Add:-1,LN:-1,FFN_W1:0,FFN_W3:0,FFN_W1:1,FFN_W3:1,SwiGLU:0,SwiGLU:1,FFN_W2:0,FFN_W2:1,Add:-1",0.00032135900410334983,0.0002960383892059326,npu|decode|6|2ef4409498d14c672a4fbbfe6786cce6,6,sample_step,0.003856308049240198,0.003552460670471191,-2.5320614897417226e-05,0.9212077005028493,-0.00030384737876900693,0.9212077005028493
attn_on_pim_prefill-128xdecode_262_ops_trace.csv,decode,6,59,15,PIM0,pim,7,"Q:0,K:0,V:0,QK:0,Softmax:0,SV:0,O:0",2.5151697265579642e-05,2.1337e-05,pim|decode|6|61397802f1888ea563dd9b1ea38edd23,6,sample_step,0.0003018203671869557,0.000256044,-3.814697265579643e-06,0.8483324117136184,-4.577636718695573e-05,0.8483324117136184
attn_on_pim_prefill-128xdecode_262_ops_trace.csv,decode,6,59,15,PIM1,pim,7,"Q:1,K:1,V:1,QK:1,Softmax:1,SV:1,O:1",2.5151697265579642e-05,2.1337e-05,pim|decode|6|9c4e6c099d863efd94751a80c7e404c5,6,sample_step,0.0003018203671869557,0.000256044,-3.814697265579643e-06,0.8483324117136184,-4.577636718695573e-05,0.8483324117136184
attn_on_pim_prefill-128xdecode_262_ops_trace.csv,decode,6,59,16,GPU0,npu,12,"LN:-1,Add:-1,LN:-1,FFN_W1:0,FFN_W3:0,FFN_W1:1,FFN_W3:1,SwiGLU:0,SwiGLU:1,FFN_W2:0,FFN_W2:1,Add:-1",0.00032135900410334983,0.0002960383892059326,npu|decode|6|2ef4409498d14c672a4fbbfe6786cce6,6,sample_step,0.003856308049240198,0.003552460670471191,-2.5320614897417226e-05,0.9212077005028493,-0.00030384737876900693,0.9212077005028493
attn_on_pim_prefill-128xdecode_262_ops_trace.csv,decode,6,59,16,PIM0,pim,7,"Q:0,K:0,V:0,QK:0,Softmax:0,SV:0,O:0",2.5151697265579642e-05,2.1337e-05,pim|decode|6|61397802f1888ea563dd9b1ea38edd23,6,sample_step,0.0003018203671869557,0.000256044,-3.814697265579643e-06,0.8483324117136184,-4.577636718695573e-05,0.8483324117136184
attn_on_pim_prefill-128xdecode_262_ops_trace.csv,decode,6,59,16,PIM1,pim,7,"Q:1,K:1,V:1,QK:1,Softmax:1,SV:1,O:1",2.5151697265579642e-05,2.1337e-05,pim|decode|6|9c4e6c099d863efd94751a80c7e404c5,6,sample_step,0.0003018203671869557,0.000256044,-3.814697265579643e-06,0.8483324117136184,-4.577636718695573e-05,0.8483324117136184
attn_on_pim_prefill-128xdecode_262_ops_trace.csv,decode,6,59,17,GPU0,npu,12,"LN:-1,Add:-1,LN:-1,FFN_W1:0,FFN_W3:0,FFN_W1:1,FFN_W3:1,SwiGLU:0,SwiGLU:1,FFN_W2:0,FFN_W2:1,Add:-1",0.00032135900410334983,0.0002960383892059326,npu|decode|6|2ef4409498d14c672a4fbbfe6786cce6,6,sample_step,0.003856308049240198,0.003552460670471191,-2.5320614897417226e-05,0.9212077005028493,-0.00030384737876900693,0.9212077005028493
attn_on_pim_prefill-128xdecode_262_ops_trace.csv,decode,6,59,17,PIM0,pim,7,"Q:0,K:0,V:0,QK:0,Softmax:0,SV:0,O:0",2.5151697265579642e-05,2.1337e-05,pim|decode|6|61397802f1888ea563dd9b1ea38edd23,6,sample_step,0.0003018203671869557,0.000256044,-3.814697265579643e-06,0.8483324117136184,-4.577636718695573e-05,0.8483324117136184
attn_on_pim_prefill-128xdecode_262_ops_trace.csv,decode,6,59,17,PIM1,pim,7,"Q:1,K:1,V:1,QK:1,Softmax:1,SV:1,O:1",2.5151697265579642e-05,2.1337e-05,pim|decode|6|9c4e6c099d863efd94751a80c7e404c5,6,sample_step,0.0003018203671869557,0.000256044,-3.814697265579643e-06,0.8483324117136184,-4.577636718695573e-05,0.8483324117136184
attn_on_pim_prefill-128xdecode_262_ops_trace.csv,decode,6,59,18,GPU0,npu,12,"LN:-1,Add:-1,LN:-1,FFN_W1:0,FFN_W3:0,FFN_W1:1,FFN_W3:1,SwiGLU:0,SwiGLU:1,FFN_W2:0,FFN_W2:1,Add:-1",0.00032135900410334983,0.0002960383892059326,npu|decode|6|2ef4409498d14c672a4fbbfe6786cce6,6,sample_step,0.003856308049240198,0.003552460670471191,-2.5320614897417226e-05,0.9212077005028493,-0.00030384737876900693,0.9212077005028493
attn_on_pim_prefill-128xdecode_262_ops_trace.csv,decode,6,59,18,PIM0,pim,7,"Q:0,K:0,V:0,QK:0,Softmax:0,SV:0,O:0",2.5151697265579642e-05,2.1337e-05,pim|decode|6|61397802f1888ea563dd9b1ea38edd23,6,sample_step,0.0003018203671869557,0.000256044,-3.814697265579643e-06,0.8483324117136184,-4.577636718695573e-05,0.8483324117136184
attn_on_pim_prefill-128xdecode_262_ops_trace.csv,decode,6,59,18,PIM1,pim,7,"Q:1,K:1,V:1,QK:1,Softmax:1,SV:1,O:1",2.5151697265579642e-05,2.1337e-05,pim|decode|6|9c4e6c099d863efd94751a80c7e404c5,6,sample_step,0.0003018203671869557,0.000256044,-3.814697265579643e-06,0.8483324117136184,-4.577636718695573e-05,0.8483324117136184
attn_on_pim_prefill-128xdecode_262_ops_trace.csv,decode,6,59,19,GPU0,npu,12,"LN:-1,Add:-1,LN:-1,FFN_W1:0,FFN_W3:0,FFN_W1:1,FFN_W3:1,SwiGLU:0,SwiGLU:1,FFN_W2:0,FFN_W2:1,Add:-1",0.00032135900410334983,0.0002960383892059326,npu|decode|6|2ef4409498d14c672a4fbbfe6786cce6,6,sample_step,0.003856308049240198,0.003552460670471191,-2.5320614897417226e-05,0.9212077005028493,-0.00030384737876900693,0.9212077005028493
attn_on_pim_prefill-128xdecode_262_ops_trace.csv,decode,6,59,19,PIM0,pim,7,"Q:0,K:0,V:0,QK:0,Softmax:0,SV:0,O:0",2.5151697265579642e-05,2.1337e-05,pim|decode|6|61397802f1888ea563dd9b1ea38edd23,6,sample_step,0.0003018203671869557,0.000256044,-3.814697265579643e-06,0.8483324117136184,-4.577636718695573e-05,0.8483324117136184
attn_on_pim_prefill-128xdecode_262_ops_trace.csv,decode,6,59,19,PIM1,pim,7,"Q:1,K:1,V:1,QK:1,Softmax:1,SV:1,O:1",2.5151697265579642e-05,2.1337e-05,pim|decode|6|9c4e6c099d863efd94751a80c7e404c5,6,sample_step,0.0003018203671869557,0.000256044,-3.814697265579643e-06,0.8483324117136184,-4.577636718695573e-05,0.8483324117136184
attn_on_pim_prefill-128xdecode_262_ops_trace.csv,decode,6,59,20,GPU0,npu,12,"LN:-1,Add:-1,LN:-1,FFN_W1:0,FFN_W3:0,FFN_W1:1,FFN_W3:1,SwiGLU:0,SwiGLU:1,FFN_W2:0,FFN_W2:1,Add:-1",0.00032135900410334983,0.0002960383892059326,npu|decode|6|2ef4409498d14c672a4fbbfe6786cce6,6,sample_step,0.003856308049240198,0.003552460670471191,-2.5320614897417226e-05,0.9212077005028493,-0.00030384737876900693,0.9212077005028493
attn_on_pim_prefill-128xdecode_262_ops_trace.csv,decode,6,59,20,PIM0,pim,7,"Q:0,K:0,V:0,QK:0,Softmax:0,SV:0,O:0",2.5151697265579642e-05,2.1337e-05,pim|decode|6|61397802f1888ea563dd9b1ea38edd23,6,sample_step,0.0003018203671869557,0.000256044,-3.814697265579643e-06,0.8483324117136184,-4.577636718695573e-05,0.8483324117136184
attn_on_pim_prefill-128xdecode_262_ops_trace.csv,decode,6,59,20,PIM1,pim,7,"Q:1,K:1,V:1,QK:1,Softmax:1,SV:1,O:1",2.5151697265579642e-05,2.1337e-05,pim|decode|6|9c4e6c099d863efd94751a80c7e404c5,6,sample_step,0.0003018203671869557,0.000256044,-3.814697265579643e-06,0.8483324117136184,-4.577636718695573e-05,0.8483324117136184
attn_on_pim_prefill-128xdecode_262_ops_trace.csv,decode,6,59,21,GPU0,npu,12,"LN:-1,Add:-1,LN:-1,FFN_W1:0,FFN_W3:0,FFN_W1:1,FFN_W3:1,SwiGLU:0,SwiGLU:1,FFN_W2:0,FFN_W2:1,Add:-1",0.00032135900410334983,0.0002960383892059326,npu|decode|6|2ef4409498d14c672a4fbbfe6786cce6,6,sample_step,0.003856308049240198,0.003552460670471191,-2.5320614897417226e-05,0.9212077005028493,-0.00030384737876900693,0.9212077005028493
attn_on_pim_prefill-128xdecode_262_ops_trace.csv,decode,6,59,21,PIM0,pim,7,"Q:0,K:0,V:0,QK:0,Softmax:0,SV:0,O:0",2.5151697265579642e-05,2.1337e-05,pim|decode|6|61397802f1888ea563dd9b1ea38edd23,6,sample_step,0.0003018203671869557,0.000256044,-3.814697265579643e-06,0.8483324117136184,-4.577636718695573e-05,0.8483324117136184
attn_on_pim_prefill-128xdecode_262_ops_trace.csv,decode,6,59,21,PIM1,pim,7,"Q:1,K:1,V:1,QK:1,Softmax:1,SV:1,O:1",2.5151697265579642e-05,2.1337e-05,pim|decode|6|9c4e6c099d863efd94751a80c7e404c5,6,sample_step,0.0003018203671869557,0.000256044,-3.814697265579643e-06,0.8483324117136184,-4.577636718695573e-05,0.8483324117136184
attn_on_pim_prefill-128xdecode_262_ops_trace.csv,decode,6,59,22,GPU0,npu,12,"LN:-1,Add:-1,LN:-1,FFN_W1:0,FFN_W3:0,FFN_W1:1,FFN_W3:1,SwiGLU:0,SwiGLU:1,FFN_W2:0,FFN_W2:1,Add:-1",0.00032135900410334983,0.0002960383892059326,npu|decode|6|2ef4409498d14c672a4fbbfe6786cce6,6,sample_step,0.003856308049240198,0.003552460670471191,-2.5320614897417226e-05,0.9212077005028493,-0.00030384737876900693,0.9212077005028493
attn_on_pim_prefill-128xdecode_262_ops_trace.csv,decode,6,59,22,PIM0,pim,7,"Q:0,K:0,V:0,QK:0,Softmax:0,SV:0,O:0",2.5151697265579642e-05,2.1337e-05,pim|decode|6|61397802f1888ea563dd9b1ea38edd23,6,sample_step,0.0003018203671869557,0.000256044,-3.814697265579643e-06,0.8483324117136184,-4.577636718695573e-05,0.8483324117136184
attn_on_pim_prefill-128xdecode_262_ops_trace.csv,decode,6,59,22,PIM1,pim,7,"Q:1,K:1,V:1,QK:1,Softmax:1,SV:1,O:1",2.5151697265579642e-05,2.1337e-05,pim|decode|6|9c4e6c099d863efd94751a80c7e404c5,6,sample_step,0.0003018203671869557,0.000256044,-3.814697265579643e-06,0.8483324117136184,-4.577636718695573e-05,0.8483324117136184
attn_on_pim_prefill-128xdecode_262_ops_trace.csv,decode,6,59,23,GPU0,npu,12,"LN:-1,Add:-1,LN:-1,FFN_W1:0,FFN_W3:0,FFN_W1:1,FFN_W3:1,SwiGLU:0,SwiGLU:1,FFN_W2:0,FFN_W2:1,Add:-1",0.00032135900410334983,0.0002960383892059326,npu|decode|6|2ef4409498d14c672a4fbbfe6786cce6,6,sample_step,0.003856308049240198,0.003552460670471191,-2.5320614897417226e-05,0.9212077005028493,-0.00030384737876900693,0.9212077005028493
attn_on_pim_prefill-128xdecode_262_ops_trace.csv,decode,6,59,23,PIM0,pim,7,"Q:0,K:0,V:0,QK:0,Softmax:0,SV:0,O:0",2.5151697265579642e-05,2.1337e-05,pim|decode|6|61397802f1888ea563dd9b1ea38edd23,6,sample_step,0.0003018203671869557,0.000256044,-3.814697265579643e-06,0.8483324117136184,-4.577636718695573e-05,0.8483324117136184
attn_on_pim_prefill-128xdecode_262_ops_trace.csv,decode,6,59,23,PIM1,pim,7,"Q:1,K:1,V:1,QK:1,Softmax:1,SV:1,O:1",2.5151697265579642e-05,2.1337e-05,pim|decode|6|9c4e6c099d863efd94751a80c7e404c5,6,sample_step,0.0003018203671869557,0.000256044,-3.814697265579643e-06,0.8483324117136184,-4.577636718695573e-05,0.8483324117136184
attn_on_pim_prefill-128xdecode_262_ops_trace.csv,decode,6,59,24,GPU0,npu,12,"LN:-1,Add:-1,LN:-1,FFN_W1:0,FFN_W3:0,FFN_W1:1,FFN_W3:1,SwiGLU:0,SwiGLU:1,FFN_W2:0,FFN_W2:1,Add:-1",0.00032135900410334983,0.0002960383892059326,npu|decode|6|2ef4409498d14c672a4fbbfe6786cce6,6,sample_step,0.003856308049240198,0.003552460670471191,-2.5320614897417226e-05,0.9212077005028493,-0.00030384737876900693,0.9212077005028493
attn_on_pim_prefill-128xdecode_262_ops_trace.csv,decode,6,59,24,PIM0,pim,7,"Q:0,K:0,V:0,QK:0,Softmax:0,SV:0,O:0",2.5151697265579642e-05,2.1337e-05,pim|decode|6|61397802f1888ea563dd9b1ea38edd23,6,sample_step,0.0003018203671869557,0.000256044,-3.814697265579643e-06,0.8483324117136184,-4.577636718695573e-05,0.8483324117136184
attn_on_pim_prefill-128xdecode_262_ops_trace.csv,decode,6,59,24,PIM1,pim,7,"Q:1,K:1,V:1,QK:1,Softmax:1,SV:1,O:1",2.5151697265579642e-05,2.1337e-05,pim|decode|6|9c4e6c099d863efd94751a80c7e404c5,6,sample_step,0.0003018203671869557,0.000256044,-3.814697265579643e-06,0.8483324117136184,-4.577636718695573e-05,0.8483324117136184
attn_on_pim_prefill-128xdecode_262_ops_trace.csv,decode,6,59,25,GPU0,npu,12,"LN:-1,Add:-1,LN:-1,FFN_W1:0,FFN_W3:0,FFN_W1:1,FFN_W3:1,SwiGLU:0,SwiGLU:1,FFN_W2:0,FFN_W2:1,Add:-1",0.00032135900410334983,0.0002960383892059326,npu|decode|6|2ef4409498d14c672a4fbbfe6786cce6,6,sample_step,0.003856308049240198,0.003552460670471191,-2.5320614897417226e-05,0.9212077005028493,-0.00030384737876900693,0.9212077005028493
attn_on_pim_prefill-128xdecode_262_ops_trace.csv,decode,6,59,25,PIM0,pim,7,"Q:0,K:0,V:0,QK:0,Softmax:0,SV:0,O:0",2.5151697265579642e-05,2.1337e-05,pim|decode|6|61397802f1888ea563dd9b1ea38edd23,6,sample_step,0.0003018203671869557,0.000256044,-3.814697265579643e-06,0.8483324117136184,-4.577636718695573e-05,0.8483324117136184
attn_on_pim_prefill-128xdecode_262_ops_trace.csv,decode,6,59,25,PIM1,pim,7,"Q:1,K:1,V:1,QK:1,Softmax:1,SV:1,O:1",2.5151697265579642e-05,2.1337e-05,pim|decode|6|9c4e6c099d863efd94751a80c7e404c5,6,sample_step,0.0003018203671869557,0.000256044,-3.814697265579643e-06,0.8483324117136184,-4.577636718695573e-05,0.8483324117136184
attn_on_pim_prefill-128xdecode_262_ops_trace.csv,decode,6,59,26,GPU0,npu,12,"LN:-1,Add:-1,LN:-1,FFN_W1:0,FFN_W3:0,FFN_W1:1,FFN_W3:1,SwiGLU:0,SwiGLU:1,FFN_W2:0,FFN_W2:1,Add:-1",0.00032135900410334983,0.0002960383892059326,npu|decode|6|2ef4409498d14c672a4fbbfe6786cce6,6,sample_step,0.003856308049240198,0.003552460670471191,-2.5320614897417226e-05,0.9212077005028493,-0.00030384737876900693,0.9212077005028493
attn_on_pim_prefill-128xdecode_262_ops_trace.csv,decode,6,59,26,PIM0,pim,7,"Q:0,K:0,V:0,QK:0,Softmax:0,SV:0,O:0",2.5151697265579642e-05,2.1337e-05,pim|decode|6|61397802f1888ea563dd9b1ea38edd23,6,sample_step,0.0003018203671869557,0.000256044,-3.814697265579643e-06,0.8483324117136184,-4.577636718695573e-05,0.8483324117136184
attn_on_pim_prefill-128xdecode_262_ops_trace.csv,decode,6,59,26,PIM1,pim,7,"Q:1,K:1,V:1,QK:1,Softmax:1,SV:1,O:1",2.5151697265579642e-05,2.1337e-05,pim|decode|6|9c4e6c099d863efd94751a80c7e404c5,6,sample_step,0.0003018203671869557,0.000256044,-3.814697265579643e-06,0.8483324117136184,-4.577636718695573e-05,0.8483324117136184
attn_on_pim_prefill-128xdecode_262_ops_trace.csv,decode,6,59,27,GPU0,npu,12,"LN:-1,Add:-1,LN:-1,FFN_W1:0,FFN_W3:0,FFN_W1:1,FFN_W3:1,SwiGLU:0,SwiGLU:1,FFN_W2:0,FFN_W2:1,Add:-1",0.00032135900410334983,0.0002960383892059326,npu|decode|6|2ef4409498d14c672a4fbbfe6786cce6,6,sample_step,0.003856308049240198,0.003552460670471191,-2.5320614897417226e-05,0.9212077005028493,-0.00030384737876900693,0.9212077005028493
attn_on_pim_prefill-128xdecode_262_ops_trace.csv,decode,6,59,27,PIM0,pim,7,"Q:0,K:0,V:0,QK:0,Softmax:0,SV:0,O:0",2.5151697265579642e-05,2.1337e-05,pim|decode|6|61397802f1888ea563dd9b1ea38edd23,6,sample_step,0.0003018203671869557,0.000256044,-3.814697265579643e-06,0.8483324117136184,-4.577636718695573e-05,0.8483324117136184
attn_on_pim_prefill-128xdecode_262_ops_trace.csv,decode,6,59,27,PIM1,pim,7,"Q:1,K:1,V:1,QK:1,Softmax:1,SV:1,O:1",2.5151697265579642e-05,2.1337e-05,pim|decode|6|9c4e6c099d863efd94751a80c7e404c5,6,sample_step,0.0003018203671869557,0.000256044,-3.814697265579643e-06,0.8483324117136184,-4.577636718695573e-05,0.8483324117136184
attn_on_pim_prefill-128xdecode_262_ops_trace.csv,decode,6,59,28,GPU0,npu,12,"LN:-1,Add:-1,LN:-1,FFN_W1:0,FFN_W3:0,FFN_W1:1,FFN_W3:1,SwiGLU:0,SwiGLU:1,FFN_W2:0,FFN_W2:1,Add:-1",0.00032135900410334983,0.0002960383892059326,npu|decode|6|2ef4409498d14c672a4fbbfe6786cce6,6,sample_step,0.003856308049240198,0.003552460670471191,-2.5320614897417226e-05,0.9212077005028493,-0.00030384737876900693,0.9212077005028493
attn_on_pim_prefill-128xdecode_262_ops_trace.csv,decode,6,59,28,PIM0,pim,7,"Q:0,K:0,V:0,QK:0,Softmax:0,SV:0,O:0",2.5151697265579642e-05,2.1337e-05,pim|decode|6|61397802f1888ea563dd9b1ea38edd23,6,sample_step,0.0003018203671869557,0.000256044,-3.814697265579643e-06,0.8483324117136184,-4.577636718695573e-05,0.8483324117136184
attn_on_pim_prefill-128xdecode_262_ops_trace.csv,decode,6,59,28,PIM1,pim,7,"Q:1,K:1,V:1,QK:1,Softmax:1,SV:1,O:1",2.5151697265579642e-05,2.1337e-05,pim|decode|6|9c4e6c099d863efd94751a80c7e404c5,6,sample_step,0.0003018203671869557,0.000256044,-3.814697265579643e-06,0.8483324117136184,-4.577636718695573e-05,0.8483324117136184
attn_on_pim_prefill-128xdecode_262_ops_trace.csv,decode,6,59,29,GPU0,npu,12,"LN:-1,Add:-1,LN:-1,FFN_W1:0,FFN_W3:0,FFN_W1:1,FFN_W3:1,SwiGLU:0,SwiGLU:1,FFN_W2:0,FFN_W2:1,Add:-1",0.00032135900410334983,0.0002960383892059326,npu|decode|6|2ef4409498d14c672a4fbbfe6786cce6,6,sample_step,0.003856308049240198,0.003552460670471191,-2.5320614897417226e-05,0.9212077005028493,-0.00030384737876900693,0.9212077005028493
attn_on_pim_prefill-128xdecode_262_ops_trace.csv,decode,6,59,29,PIM0,pim,7,"Q:0,K:0,V:0,QK:0,Softmax:0,SV:0,O:0",2.5151697265579642e-05,2.1337e-05,pim|decode|6|61397802f1888ea563dd9b1ea38edd23,6,sample_step,0.0003018203671869557,0.000256044,-3.814697265579643e-06,0.8483324117136184,-4.577636718695573e-05,0.8483324117136184
attn_on_pim_prefill-128xdecode_262_ops_trace.csv,decode,6,59,29,PIM1,pim,7,"Q:1,K:1,V:1,QK:1,Softmax:1,SV:1,O:1",2.5151697265579642e-05,2.1337e-05,pim|decode|6|9c4e6c099d863efd94751a80c7e404c5,6,sample_step,0.0003018203671869557,0.000256044,-3.814697265579643e-06,0.8483324117136184,-4.577636718695573e-05,0.8483324117136184
attn_on_pim_prefill-128xdecode_262_ops_trace.csv,decode,6,59,30,GPU0,npu,12,"LN:-1,Add:-1,LN:-1,FFN_W1:0,FFN_W3:0,FFN_W1:1,FFN_W3:1,SwiGLU:0,SwiGLU:1,FFN_W2:0,FFN_W2:1,Add:-1",0.00032135900410334983,0.0002960383892059326,npu|decode|6|2ef4409498d14c672a4fbbfe6786cce6,6,sample_step,0.003856308049240198,0.003552460670471191,-2.5320614897417226e-05,0.9212077005028493,-0.00030384737876900693,0.9212077005028493
attn_on_pim_prefill-128xdecode_262_ops_trace.csv,decode,6,59,30,PIM0,pim,7,"Q:0,K:0,V:0,QK:0,Softmax:0,SV:0,O:0",2.5151697265579642e-05,2.1337e-05,pim|decode|6|61397802f1888ea563dd9b1ea38edd23,6,sample_step,0.0003018203671869557,0.000256044,-3.814697265579643e-06,0.8483324117136184,-4.577636718695573e-05,0.8483324117136184
attn_on_pim_prefill-128xdecode_262_ops_trace.csv,decode,6,59,30,PIM1,pim,7,"Q:1,K:1,V:1,QK:1,Softmax:1,SV:1,O:1",2.5151697265579642e-05,2.1337e-05,pim|decode|6|9c4e6c099d863efd94751a80c7e404c5,6,sample_step,0.0003018203671869557,0.000256044,-3.814697265579643e-06,0.8483324117136184,-4.577636718695573e-05,0.8483324117136184
attn_on_pim_prefill-128xdecode_262_ops_trace.csv,decode,6,59,31,GPU0,npu,12,"LN:-1,Add:-1,LN:-1,FFN_W1:0,FFN_W3:0,FFN_W1:1,FFN_W3:1,SwiGLU:0,SwiGLU:1,FFN_W2:0,FFN_W2:1,Add:-1",0.00032135900410334983,0.0002960383892059326,npu|decode|6|2ef4409498d14c672a4fbbfe6786cce6,6,sample_step,0.003856308049240198,0.003552460670471191,-2.5320614897417226e-05,0.9212077005028493,-0.00030384737876900693,0.9212077005028493
attn_on_pim_prefill-128xdecode_262_ops_trace.csv,decode,6,59,31,PIM0,pim,7,"Q:0,K:0,V:0,QK:0,Softmax:0,SV:0,O:0",2.5151697265579642e-05,2.1337e-05,pim|decode|6|61397802f1888ea563dd9b1ea38edd23,6,sample_step,0.0003018203671869557,0.000256044,-3.814697265579643e-06,0.8483324117136184,-4.577636718695573e-05,0.8483324117136184
attn_on_pim_prefill-128xdecode_262_ops_trace.csv,decode,6,59,31,PIM1,pim,7,"Q:1,K:1,V:1,QK:1,Softmax:1,SV:1,O:1",2.5151697265579642e-05,2.1337e-05,pim|decode|6|9c4e6c099d863efd94751a80c7e404c5,6,sample_step,0.0003018203671869557,0.000256044,-3.814697265579643e-06,0.8483324117136184,-4.577636718695573e-05,0.8483324117136184
attn_on_pim_prefill-128xdecode_262_ops_trace.csv,decode,7,71,0,GPU0,npu,12,"LN:-1,Add:-1,LN:-1,FFN_W1:0,FFN_W3:0,FFN_W1:1,FFN_W3:1,SwiGLU:0,SwiGLU:1,FFN_W2:0,FFN_W2:1,Add:-1",0.00032135900410334983,0.0002959359884262085,npu|decode|7|2ef4409498d14c672a4fbbfe6786cce6,7,sample_step,0.003856308049240198,0.003551231861114502,-2.5423015677141338e-05,0.9208890513334886,-0.00030507618812569606,0.9208890513334886
attn_on_pim_prefill-128xdecode_262_ops_trace.csv,decode,7,71,0,PIM0,pim,7,"Q:0,K:0,V:0,QK:0,Softmax:0,SV:0,O:0",2.522169726559831e-05,2.1407e-05,pim|decode|7|61397802f1888ea563dd9b1ea38edd23,7,sample_step,0.0003026603671871797,0.000256884,-3.8146972655983083e-06,0.8487533481419806,-4.577636718717973e-05,0.8487533481419804
attn_on_pim_prefill-128xdecode_262_ops_trace.csv,decode,7,71,0,PIM1,pim,7,"Q:1,K:1,V:1,QK:1,Softmax:1,SV:1,O:1",2.522169726559831e-05,2.1407e-05,pim|decode|7|9c4e6c099d863efd94751a80c7e404c5,7,sample_step,0.0003026603671871797,0.000256884,-3.8146972655983083e-06,0.8487533481419806,-4.577636718717973e-05,0.8487533481419804
attn_on_pim_prefill-128xdecode_262_ops_trace.csv,decode,7,71,1,GPU0,npu,12,"LN:-1,Add:-1,LN:-1,FFN_W1:0,FFN_W3:0,FFN_W1:1,FFN_W3:1,SwiGLU:0,SwiGLU:1,FFN_W2:0,FFN_W2:1,Add:-1",0.00032135900410334983,0.0002959359884262085,npu|decode|7|2ef4409498d14c672a4fbbfe6786cce6,7,sample_step,0.003856308049240198,0.003551231861114502,-2.5423015677141338e-05,0.9208890513334886,-0.00030507618812569606,0.9208890513334886
attn_on_pim_prefill-128xdecode_262_ops_trace.csv,decode,7,71,1,PIM0,pim,7,"Q:0,K:0,V:0,QK:0,Softmax:0,SV:0,O:0",2.522169726559831e-05,2.1407e-05,pim|decode|7|61397802f1888ea563dd9b1ea38edd23,7,sample_step,0.0003026603671871797,0.000256884,-3.8146972655983083e-06,0.8487533481419806,-4.577636718717973e-05,0.8487533481419804
attn_on_pim_prefill-128xdecode_262_ops_trace.csv,decode,7,71,1,PIM1,pim,7,"Q:1,K:1,V:1,QK:1,Softmax:1,SV:1,O:1",2.522169726559831e-05,2.1407e-05,pim|decode|7|9c4e6c099d863efd94751a80c7e404c5,7,sample_step,0.0003026603671871797,0.000256884,-3.8146972655983083e-06,0.8487533481419806,-4.577636718717973e-05,0.8487533481419804
attn_on_pim_prefill-128xdecode_262_ops_trace.csv,decode,7,71,2,GPU0,npu,12,"LN:-1,Add:-1,LN:-1,FFN_W1:0,FFN_W3:0,FFN_W1:1,FFN_W3:1,SwiGLU:0,SwiGLU:1,FFN_W2:0,FFN_W2:1,Add:-1",0.00032135900410334983,0.0002959359884262085,npu|decode|7|2ef4409498d14c672a4fbbfe6786cce6,7,sample_step,0.003856308049240198,0.003551231861114502,-2.5423015677141338e-05,0.9208890513334886,-0.00030507618812569606,0.9208890513334886
attn_on_pim_prefill-128xdecode_262_ops_trace.csv,decode,7,71,2,PIM0,pim,7,"Q:0,K:0,V:0,QK:0,Softmax:0,SV:0,O:0",2.522169726559831e-05,2.1407e-05,pim|decode|7|61397802f1888ea563dd9b1ea38edd23,7,sample_step,0.0003026603671871797,0.000256884,-3.8146972655983083e-06,0.8487533481419806,-4.577636718717973e-05,0.8487533481419804
attn_on_pim_prefill-128xdecode_262_ops_trace.csv,decode,7,71,2,PIM1,pim,7,"Q:1,K:1,V:1,QK:1,Softmax:1,SV:1,O:1",2.522169726559831e-05,2.1407e-05,pim|decode|7|9c4e6c099d863efd94751a80c7e404c5,7,sample_step,0.0003026603671871797,0.000256884,-3.8146972655983083e-06,0.8487533481419806,-4.577636718717973e-05,0.8487533481419804
attn_on_pim_prefill-128xdecode_262_ops_trace.csv,decode,7,71,3,GPU0,npu,12,"LN:-1,Add:-1,LN:-1,FFN_W1:0,FFN_W3:0,FFN_W1:1,FFN_W3:1,SwiGLU:0,SwiGLU:1,FFN_W2:0,FFN_W2:1,Add:-1",0.00032135900410334983,0.0002959359884262085,npu|decode|7|2ef4409498d14c672a4fbbfe6786cce6,7,sample_step,0.003856308049240198,0.003551231861114502,-2.5423015677141338e-05,0.9208890513334886,-0.00030507618812569606,0.9208890513334886
attn_on_pim_prefill-128xdecode_262_ops_trace.csv,decode,7,71,3,PIM0,pim,7,"Q:0,K:0,V:0,QK:0,Softmax:0,SV:0,O:0",2.522169726559831e-05,2.1407e-05,pim|decode|7|61397802f1888ea563dd9b1ea38edd23,7,sample_step,0.0003026603671871797,0.000256884,-3.8146972655983083e-06,0.8487533481419806,-4.577636718717973e-05,0.8487533481419804
attn_on_pim_prefill-128xdecode_262_ops_trace.csv,decode,7,71,3,PIM1,pim,7,"Q:1,K:1,V:1,QK:1,Softmax:1,SV:1,O:1",2.522169726559831e-05,2.1407e-05,pim|decode|7|9c4e6c099d863efd94751a80c7e404c5,7,sample_step,0.0003026603671871797,0.000256884,-3.8146972655983083e-06,0.8487533481419806,-4.577636718717973e-05,0.8487533481419804
attn_on_pim_prefill-128xdecode_262_ops_trace.csv,decode,7,71,4,GPU0,npu,12,"LN:-1,Add:-1,LN:-1,FFN_W1:0,FFN_W3:0,FFN_W1:1,FFN_W3:1,SwiGLU:0,SwiGLU:1,FFN_W2:0,FFN_W2:1,Add:-1",0.00032135900410334983,0.0002959359884262085,npu|decode|7|2ef4409498d14c672a4fbbfe6786cce6,7,sample_step,0.003856308049240198,0.003551231861114502,-2.5423015677141338e-05,0.9208890513334886,-0.00030507618812569606,0.9208890513334886
attn_on_pim_prefill-128xdecode_262_ops_trace.csv,decode,7,71,4,PIM0,pim,7,"Q:0,K:0,V:0,QK:0,Softmax:0,SV:0,O:0",2.522169726559831e-05,2.1407e-05,pim|decode|7|61397802f1888ea563dd9b1ea38edd23,7,sample_step,0.0003026603671871797,0.000256884,-3.8146972655983083e-06,0.8487533481419806,-4.577636718717973e-05,0.8487533481419804
attn_on_pim_prefill-128xdecode_262_ops_trace.csv,decode,7,71,4,PIM1,pim,7,"Q:1,K:1,V:1,QK:1,Softmax:1,SV:1,O:1",2.522169726559831e-05,2.1407e-05,pim|decode|7|9c4e6c099d863efd94751a80c7e404c5,7,sample_step,0.0003026603671871797,0.000256884,-3.8146972655983083e-06,0.8487533481419806,-4.577636718717973e-05,0.8487533481419804
attn_on_pim_prefill-128xdecode_262_ops_trace.csv,decode,7,71,5,GPU0,npu,12,"LN:-1,Add:-1,LN:-1,FFN_W1:0,FFN_W3:0,FFN_W1:1,FFN_W3:1,SwiGLU:0,SwiGLU:1,FFN_W2:0,FFN_W2:1,Add:-1",0.00032135900410334983,0.0002959359884262085,npu|decode|7|2ef4409498d14c672a4fbbfe6786cce6,7,sample_step,0.003856308049240198,0.003551231861114502,-2.5423015677141338e-05,0.9208890513334886,-0.00030507618812569606,0.9208890513334886
attn_on_pim_prefill-128xdecode_262_ops_trace.csv,decode,7,71,5,PIM0,pim,7,"Q:0,K:0,V:0,QK:0,Softmax:0,SV:0,O:0",2.522169726559831e-05,2.1407e-05,pim|decode|7|61397802f1888ea563dd9b1ea38edd23,7,sample_step,0.0003026603671871797,0.000256884,-3.8146972655983083e-06,0.8487533481419806,-4.577636718717973e-05,0.8487533481419804
attn_on_pim_prefill-128xdecode_262_ops_trace.csv,decode,7,71,5,PIM1,pim,7,"Q:1,K:1,V:1,QK:1,Softmax:1,SV:1,O:1",2.522169726559831e-05,2.1407e-05,pim|decode|7|9c4e6c099d863efd94751a80c7e404c5,7,sample_step,0.0003026603671871797,0.000256884,-3.8146972655983083e-06,0.8487533481419806,-4.577636718717973e-05,0.8487533481419804
attn_on_pim_prefill-128xdecode_262_ops_trace.csv,decode,7,71,6,GPU0,npu,12,"LN:-1,Add:-1,LN:-1,FFN_W1:0,FFN_W3:0,FFN_W1:1,FFN_W3:1,SwiGLU:0,SwiGLU:1,FFN_W2:0,FFN_W2:1,Add:-1",0.00032135900410334983,0.0002959359884262085,npu|decode|7|2ef4409498d14c672a4fbbfe6786cce6,7,sample_step,0.003856308049240198,0.003551231861114502,-2.5423015677141338e-05,0.9208890513334886,-0.00030507618812569606,0.9208890513334886
attn_on_pim_prefill-128xdecode_262_ops_trace.csv,decode,7,71,6,PIM0,pim,7,"Q:0,K:0,V:0,QK:0,Softmax:0,SV:0,O:0",2.522169726559831e-05,2.1407e-05,pim|decode|7|61397802f1888ea563dd9b1ea38edd23,7,sample_step,0.0003026603671871797,0.000256884,-3.8146972655983083e-06,0.8487533481419806,-4.577636718717973e-05,0.8487533481419804
attn_on_pim_prefill-128xdecode_262_ops_trace.csv,decode,7,71,6,PIM1,pim,7,"Q:1,K:1,V:1,QK:1,Softmax:1,SV:1,O:1",2.522169726559831e-05,2.1407e-05,pim|decode|7|9c4e6c099d863efd94751a80c7e404c5,7,sample_step,0.0003026603671871797,0.000256884,-3.8146972655983083e-06,0.8487533481419806,-4.577636718717973e-05,0.8487533481419804
attn_on_pim_prefill-128xdecode_262_ops_trace.csv,decode,7,71,7,GPU0,npu,12,"LN:-1,Add:-1,LN:-1,FFN_W1:0,FFN_W3:0,FFN_W1:1,FFN_W3:1,SwiGLU:0,SwiGLU:1,FFN_W2:0,FFN_W2:1,Add:-1",0.00032135900410334983,0.0002959359884262085,npu|decode|7|2ef4409498d14c672a4fbbfe6786cce6,7,sample_step,0.003856308049240198,0.003551231861114502,-2.5423015677141338e-05,0.9208890513334886,-0.00030507618812569606,0.9208890513334886
attn_on_pim_prefill-128xdecode_262_ops_trace.csv,decode,7,71,7,PIM0,pim,7,"Q:0,K:0,V:0,QK:0,Softmax:0,SV:0,O:0",2.522169726559831e-05,2.1407e-05,pim|decode|7|61397802f1888ea563dd9b1ea38edd23,7,sample_step,0.0003026603671871797,0.000256884,-3.8146972655983083e-06,0.8487533481419806,-4.577636718717973e-05,0.8487533481419804
attn_on_pim_prefill-128xdecode_262_ops_trace.csv,decode,7,71,7,PIM1,pim,7,"Q:1,K:1,V:1,QK:1,Softmax:1,SV:1,O:1",2.522169726559831e-05,2.1407e-05,pim|decode|7|9c4e6c099d863efd94751a80c7e404c5,7,sample_step,0.0003026603671871797,0.000256884,-3.8146972655983083e-06,0.8487533481419806,-4.577636718717973e-05,0.8487533481419804
attn_on_pim_prefill-128xdecode_262_ops_trace.csv,decode,7,71,8,GPU0,npu,12,"LN:-1,Add:-1,LN:-1,FFN_W1:0,FFN_W3:0,FFN_W1:1,FFN_W3:1,SwiGLU:0,SwiGLU:1,FFN_W2:0,FFN_W2:1,Add:-1",0.00032135900410334983,0.0002959359884262085,npu|decode|7|2ef4409498d14c672a4fbbfe6786cce6,7,sample_step,0.003856308049240198,0.003551231861114502,-2.5423015677141338e-05,0.9208890513334886,-0.00030507618812569606,0.9208890513334886
attn_on_pim_prefill-128xdecode_262_ops_trace.csv,decode,7,71,8,PIM0,pim,7,"Q:0,K:0,V:0,QK:0,Softmax:0,SV:0,O:0",2.522169726559831e-05,2.1407e-05,pim|decode|7|61397802f1888ea563dd9b1ea38edd23,7,sample_step,0.0003026603671871797,0.000256884,-3.8146972655983083e-06,0.8487533481419806,-4.577636718717973e-05,0.8487533481419804
attn_on_pim_prefill-128xdecode_262_ops_trace.csv,decode,7,71,8,PIM1,pim,7,"Q:1,K:1,V:1,QK:1,Softmax:1,SV:1,O:1",2.522169726559831e-05,2.1407e-05,pim|decode|7|9c4e6c099d863efd94751a80c7e404c5,7,sample_step,0.0003026603671871797,0.000256884,-3.8146972655983083e-06,0.8487533481419806,-4.577636718717973e-05,0.8487533481419804
attn_on_pim_prefill-128xdecode_262_ops_trace.csv,decode,7,71,9,GPU0,npu,12,"LN:-1,Add:-1,LN:-1,FFN_W1:0,FFN_W3:0,FFN_W1:1,FFN_W3:1,SwiGLU:0,SwiGLU:1,FFN_W2:0,FFN_W2:1,Add:-1",0.00032135900410334983,0.0002959359884262085,npu|decode|7|2ef4409498d14c672a4fbbfe6786cce6,7,sample_step,0.003856308049240198,0.003551231861114502,-2.5423015677141338e-05,0.9208890513334886,-0.00030507618812569606,0.9208890513334886
attn_on_pim_prefill-128xdecode_262_ops_trace.csv,decode,7,71,9,PIM0,pim,7,"Q:0,K:0,V:0,QK:0,Softmax:0,SV:0,O:0",2.522169726559831e-05,2.1407e-05,pim|decode|7|61397802f1888ea563dd9b1ea38edd23,7,sample_step,0.0003026603671871797,0.000256884,-3.8146972655983083e-06,0.8487533481419806,-4.577636718717973e-05,0.8487533481419804
attn_on_pim_prefill-128xdecode_262_ops_trace.csv,decode,7,71,9,PIM1,pim,7,"Q:1,K:1,V:1,QK:1,Softmax:1,SV:1,O:1",2.522169726559831e-05,2.1407e-05,pim|decode|7|9c4e6c099d863efd94751a80c7e404c5,7,sample_step,0.0003026603671871797,0.000256884,-3.8146972655983083e-06,0.8487533481419806,-4.577636718717973e-05,0.8487533481419804
attn_on_pim_prefill-128xdecode_262_ops_trace.csv,decode,7,71,10,GPU0,npu,12,"LN:-1,Add:-1,LN:-1,FFN_W1:0,FFN_W3:0,FFN_W1:1,FFN_W3:1,SwiGLU:0,SwiGLU:1,FFN_W2:0,FFN_W2:1,Add:-1",0.00032135900410334983,0.0002959359884262085,npu|decode|7|2ef4409498d14c672a4fbbfe6786cce6,7,sample_step,0.003856308049240198,0.003551231861114502,-2.5423015677141338e-05,0.9208890513334886,-0.00030507618812569606,0.9208890513334886
attn_on_pim_prefill-128xdecode_262_ops_trace.csv,decode,7,71,10,PIM0,pim,7,"Q:0,K:0,V:0,QK:0,Softmax:0,SV:0,O:0",2.522169726559831e-05,2.1407e-05,pim|decode|7|61397802f1888ea563dd9b1ea38edd23,7,sample_step,0.0003026603671871797,0.000256884,-3.8146972655983083e-06,0.8487533481419806,-4.577636718717973e-05,0.8487533481419804
attn_on_pim_prefill-128xdecode_262_ops_trace.csv,decode,7,71,10,PIM1,pim,7,"Q:1,K:1,V:1,QK:1,Softmax:1,SV:1,O:1",2.522169726559831e-05,2.1407e-05,pim|decode|7|9c4e6c099d863efd94751a80c7e404c5,7,sample_step,0.0003026603671871797,0.000256884,-3.8146972655983083e-06,0.8487533481419806,-4.577636718717973e-05,0.8487533481419804
attn_on_pim_prefill-128xdecode_262_ops_trace.csv,decode,7,71,11,GPU0,npu,12,"LN:-1,Add:-1,LN:-1,FFN_W1:0,FFN_W3:0,FFN_W1:1,FFN_W3:1,SwiGLU:0,SwiGLU:1,FFN_W2:0,FFN_W2:1,Add:-1",0.00032135900410334983,0.0002959359884262085,npu|decode|7|2ef4409498d14c672a4fbbfe6786cce6,7,sample_step,0.003856308049240198,0.003551231861114502,-2.5423015677141338e-05,0.9208890513334886,-0.00030507618812569606,0.9208890513334886
attn_on_pim_prefill-128xdecode_262_ops_trace.csv,decode,7,71,11,PIM0,pim,7,"Q:0,K:0,V:0,QK:0,Softmax:0,SV:0,O:0",2.522169726559831e-05,2.1407e-05,pim|decode|7|61397802f1888ea563dd9b1ea38edd23,7,sample_step,0.0003026603671871797,0.000256884,-3.8146972655983083e-06,0.8487533481419806,-4.577636718717973e-05,0.8487533481419804
attn_on_pim_prefill-128xdecode_262_ops_trace.csv,decode,7,71,11,PIM1,pim,7,"Q:1,K:1,V:1,QK:1,Softmax:1,SV:1,O:1",2.522169726559831e-05,2.1407e-05,pim|decode|7|9c4e6c099d863efd94751a80c7e404c5,7,sample_step,0.0003026603671871797,0.000256884,-3.8146972655983083e-06,0.8487533481419806,-4.577636718717973e-05,0.8487533481419804
attn_on_pim_prefill-128xdecode_262_ops_trace.csv,decode,7,71,12,GPU0,npu,12,"LN:-1,Add:-1,LN:-1,FFN_W1:0,FFN_W3:0,FFN_W1:1,FFN_W3:1,SwiGLU:0,SwiGLU:1,FFN_W2:0,FFN_W2:1,Add:-1",0.00032135900410334983,0.0002959359884262085,npu|decode|7|2ef4409498d14c672a4fbbfe6786cce6,7,sample_step,0.003856308049240198,0.003551231861114502,-2.5423015677141338e-05,0.9208890513334886,-0.00030507618812569606,0.9208890513334886
attn_on_pim_prefill-128xdecode_262_ops_trace.csv,decode,7,71,12,PIM0,pim,7,"Q:0,K:0,V:0,QK:0,Softmax:0,SV:0,O:0",2.522169726559831e-05,2.1407e-05,pim|decode|7|61397802f1888ea563dd9b1ea38edd23,7,sample_step,0.0003026603671871797,0.000256884,-3.8146972655983083e-06,0.8487533481419806,-4.577636718717973e-05,0.8487533481419804
attn_on_pim_prefill-128xdecode_262_ops_trace.csv,decode,7,71,12,PIM1,pim,7,"Q:1,K:1,V:1,QK:1,Softmax:1,SV:1,O:1",2.522169726559831e-05,2.1407e-05,pim|decode|7|9c4e6c099d863efd94751a80c7e404c5,7,sample_step,0.0003026603671871797,0.000256884,-3.8146972655983083e-06,0.8487533481419806,-4.577636718717973e-05,0.8487533481419804
attn_on_pim_prefill-128xdecode_262_ops_trace.csv,decode,7,71,13,GPU0,npu,12,"LN:-1,Add:-1,LN:-1,FFN_W1:0,FFN_W3:0,FFN_W1:1,FFN_W3:1,SwiGLU:0,SwiGLU:1,FFN_W2:0,FFN_W2:1,Add:-1",0.00032135900410334983,0.0002959359884262085,npu|decode|7|2ef4409498d14c672a4fbbfe6786cce6,7,sample_step,0.003856308049240198,0.003551231861114502,-2.5423015677141338e-05,0.9208890513334886,-0.00030507618812569606,0.9208890513334886
attn_on_pim_prefill-128xdecode_262_ops_trace.csv,decode,7,71,13,PIM0,pim,7,"Q:0,K:0,V:0,QK:0,Softmax:0,SV:0,O:0",2.522169726559831e-05,2.1407e-05,pim|decode|7|61397802f1888ea563dd9b1ea38edd23,7,sample_step,0.0003026603671871797,0.000256884,-3.8146972655983083e-06,0.8487533481419806,-4.577636718717973e-05,0.8487533481419804
attn_on_pim_prefill-128xdecode_262_ops_trace.csv,decode,7,71,13,PIM1,pim,7,"Q:1,K:1,V:1,QK:1,Softmax:1,SV:1,O:1",2.522169726559831e-05,2.1407e-05,pim|decode|7|9c4e6c099d863efd94751a80c7e404c5,7,sample_step,0.0003026603671871797,0.000256884,-3.8146972655983083e-06,0.8487533481419806,-4.577636718717973e-05,0.8487533481419804
attn_on_pim_prefill-128xdecode_262_ops_trace.csv,decode,7,71,14,GPU0,npu,12,"LN:-1,Add:-1,LN:-1,FFN_W1:0,FFN_W3:0,FFN_W1:1,FFN_W3:1,SwiGLU:0,SwiGLU:1,FFN_W2:0,FFN_W2:1,Add:-1",0.00032135900410334983,0.0002959359884262085,npu|decode|7|2ef4409498d14c672a4fbbfe6786cce6,7,sample_step,0.003856308049240198,0.003551231861114502,-2.5423015677141338e-05,0.9208890513334886,-0.00030507618812569606,0.9208890513334886
attn_on_pim_prefill-128xdecode_262_ops_trace.csv,decode,7,71,14,PIM0,pim,7,"Q:0,K:0,V:0,QK:0,Softmax:0,SV:0,O:0",2.522169726559831e-05,2.1407e-05,pim|decode|7|61397802f1888ea563dd9b1ea38edd23,7,sample_step,0.0003026603671871797,0.000256884,-3.8146972655983083e-06,0.8487533481419806,-4.577636718717973e-05,0.8487533481419804
attn_on_pim_prefill-128xdecode_262_ops_trace.csv,decode,7,71,14,PIM1,pim,7,"Q:1,K:1,V:1,QK:1,Softmax:1,SV:1,O:1",2.522169726559831e-05,2.1407e-05,pim|decode|7|9c4e6c099d863efd94751a80c7e404c5,7,sample_step,0.0003026603671871797,0.000256884,-3.8146972655983083e-06,0.8487533481419806,-4.577636718717973e-05,0.8487533481419804
attn_on_pim_prefill-128xdecode_262_ops_trace.csv,decode,7,71,15,GPU0,npu,12,"LN:-1,Add:-1,LN:-1,FFN_W1:0,FFN_W3:0,FFN_W1:1,FFN_W3:1,SwiGLU:0,SwiGLU:1,FFN_W2:0,FFN_W2:1,Add:-1",0.00032135900410334983,0.0002959359884262085,npu|decode|7|2ef4409498d14c672a4fbbfe6786cce6,7,sample_step,0.003856308049240198,0.003551231861114502,-2.5423015677141338e-05,0.9208890513334886,-0.00030507618812569606,0.9208890513334886
attn_on_pim_prefill-128xdecode_262_ops_trace.csv,decode,7,71,15,PIM0,pim,7,"Q:0,K:0,V:0,QK:0,Softmax:0,SV:0,O:0",2.522169726559831e-05,2.1407e-05,pim|decode|7|61397802f1888ea563dd9b1ea38edd23,7,sample_step,0.0003026603671871797,0.000256884,-3.8146972655983083e-06,0.8487533481419806,-4.577636718717973e-05,0.8487533481419804
attn_on_pim_prefill-128xdecode_262_ops_trace.csv,decode,7,71,15,PIM1,pim,7,"Q:1,K:1,V:1,QK:1,Softmax:1,SV:1,O:1",2.522169726559831e-05,2.1407e-05,pim|decode|7|9c4e6c099d863efd94751a80c7e404c5,7,sample_step,0.0003026603671871797,0.000256884,-3.8146972655983083e-06,0.8487533481419806,-4.577636718717973e-05,0.8487533481419804
attn_on_pim_prefill-128xdecode_262_ops_trace.csv,decode,7,71,16,GPU0,npu,12,"LN:-1,Add:-1,LN:-1,FFN_W1:0,FFN_W3:0,FFN_W1:1,FFN_W3:1,SwiGLU:0,SwiGLU:1,FFN_W2:0,FFN_W2:1,Add:-1",0.00032135900410334983,0.0002959359884262085,npu|decode|7|2ef4409498d14c672a4fbbfe6786cce6,7,sample_step,0.003856308049240198,0.003551231861114502,-2.5423015677141338e-05,0.9208890513334886,-0.00030507618812569606,0.9208890513334886
attn_on_pim_prefill-128xdecode_262_ops_trace.csv,decode,7,71,16,PIM0,pim,7,"Q:0,K:0,V:0,QK:0,Softmax:0,SV:0,O:0",2.522169726559831e-05,2.1407e-05,pim|decode|7|61397802f1888ea563dd9b1ea38edd23,7,sample_step,0.0003026603671871797,0.000256884,-3.8146972655983083e-06,0.8487533481419806,-4.577636718717973e-05,0.8487533481419804
attn_on_pim_prefill-128xdecode_262_ops_trace.csv,decode,7,71,16,PIM1,pim,7,"Q:1,K:1,V:1,QK:1,Softmax:1,SV:1,O:1",2.522169726559831e-05,2.1407e-05,pim|decode|7|9c4e6c099d863efd94751a80c7e404c5,7,sample_step,0.0003026603671871797,0.000256884,-3.8146972655983083e-06,0.8487533481419806,-4.577636718717973e-05,0.8487533481419804
attn_on_pim_prefill-128xdecode_262_ops_trace.csv,decode,7,71,17,GPU0,npu,12,"LN:-1,Add:-1,LN:-1,FFN_W1:0,FFN_W3:0,FFN_W1:1,FFN_W3:1,SwiGLU:0,SwiGLU:1,FFN_W2:0,FFN_W2:1,Add:-1",0.00032135900410334983,0.0002959359884262085,npu|decode|7|2ef4409498d14c672a4fbbfe6786cce6,7,sample_step,0.003856308049240198,0.003551231861114502,-2.5423015677141338e-05,0.9208890513334886,-0.00030507618812569606,0.9208890513334886
attn_on_pim_prefill-128xdecode_262_ops_trace.csv,decode,7,71,17,PIM0,pim,7,"Q:0,K:0,V:0,QK:0,Softmax:0,SV:0,O:0",2.522169726559831e-05,2.1407e-05,pim|decode|7|61397802f1888ea563dd9b1ea38edd23,7,sample_step,0.0003026603671871797,0.000256884,-3.8146972655983083e-06,0.8487533481419806,-4.577636718717973e-05,0.8487533481419804
attn_on_pim_prefill-128xdecode_262_ops_trace.csv,decode,7,71,17,PIM1,pim,7,"Q:1,K:1,V:1,QK:1,Softmax:1,SV:1,O:1",2.522169726559831e-05,2.1407e-05,pim|decode|7|9c4e6c099d863efd94751a80c7e404c5,7,sample_step,0.0003026603671871797,0.000256884,-3.8146972655983083e-06,0.8487533481419806,-4.577636718717973e-05,0.8487533481419804
attn_on_pim_prefill-128xdecode_262_ops_trace.csv,decode,7,71,18,GPU0,npu,12,"LN:-1,Add:-1,LN:-1,FFN_W1:0,FFN_W3:0,FFN_W1:1,FFN_W3:1,SwiGLU:0,SwiGLU:1,FFN_W2:0,FFN_W2:1,Add:-1",0.00032135900410334983,0.0002959359884262085,npu|decode|7|2ef4409498d14c672a4fbbfe6786cce6,7,sample_step,0.003856308049240198,0.003551231861114502,-2.5423015677141338e-05,0.9208890513334886,-0.00030507618812569606,0.9208890513334886
attn_on_pim_prefill-128xdecode_262_ops_trace.csv,decode,7,71,18,PIM0,pim,7,"Q:0,K:0,V:0,QK:0,Softmax:0,SV:0,O:0",2.522169726559831e-05,2.1407e-05,pim|decode|7|61397802f1888ea563dd9b1ea38edd23,7,sample_step,0.0003026603671871797,0.000256884,-3.8146972655983083e-06,0.8487533481419806,-4.577636718717973e-05,0.8487533481419804
attn_on_pim_prefill-128xdecode_262_ops_trace.csv,decode,7,71,18,PIM1,pim,7,"Q:1,K:1,V:1,QK:1,Softmax:1,SV:1,O:1",2.522169726559831e-05,2.1407e-05,pim|decode|7|9c4e6c099d863efd94751a80c7e404c5,7,sample_step,0.0003026603671871797,0.000256884,-3.8146972655983083e-06,0.8487533481419806,-4.577636718717973e-05,0.8487533481419804
attn_on_pim_prefill-128xdecode_262_ops_trace.csv,decode,7,71,19,GPU0,npu,12,"LN:-1,Add:-1,LN:-1,FFN_W1:0,FFN_W3:0,FFN_W1:1,FFN_W3:1,SwiGLU:0,SwiGLU:1,FFN_W2:0,FFN_W2:1,Add:-1",0.00032135900410334983,0.0002959359884262085,npu|decode|7|2ef4409498d14c672a4fbbfe6786cce6,7,sample_step,0.003856308049240198,0.003551231861114502,-2.5423015677141338e-05,0.9208890513334886,-0.00030507618812569606,0.9208890513334886
attn_on_pim_prefill-128xdecode_262_ops_trace.csv,decode,7,71,19,PIM0,pim,7,"Q:0,K:0,V:0,QK:0,Softmax:0,SV:0,O:0",2.522169726559831e-05,2.1407e-05,pim|decode|7|61397802f1888ea563dd9b1ea38edd23,7,sample_step,0.0003026603671871797,0.000256884,-3.8146972655983083e-06,0.8487533481419806,-4.577636718717973e-05,0.8487533481419804
attn_on_pim_prefill-128xdecode_262_ops_trace.csv,decode,7,71,19,PIM1,pim,7,"Q:1,K:1,V:1,QK:1,Softmax:1,SV:1,O:1",2.522169726559831e-05,2.1407e-05,pim|decode|7|9c4e6c099d863efd94751a80c7e404c5,7,sample_step,0.0003026603671871797,0.000256884,-3.8146972655983083e-06,0.8487533481419806,-4.577636718717973e-05,0.8487533481419804
attn_on_pim_prefill-128xdecode_262_ops_trace.csv,decode,7,71,20,GPU0,npu,12,"LN:-1,Add:-1,LN:-1,FFN_W1:0,FFN_W3:0,FFN_W1:1,FFN_W3:1,SwiGLU:0,SwiGLU:1,FFN_W2:0,FFN_W2:1,Add:-1",0.00032135900410334983,0.0002959359884262085,npu|decode|7|2ef4409498d14c672a4fbbfe6786cce6,7,sample_step,0.003856308049240198,0.003551231861114502,-2.5423015677141338e-05,0.9208890513334886,-0.00030507618812569606,0.9208890513334886
attn_on_pim_prefill-128xdecode_262_ops_trace.csv,decode,7,71,20,PIM0,pim,7,"Q:0,K:0,V:0,QK:0,Softmax:0,SV:0,O:0",2.522169726559831e-05,2.1407e-05,pim|decode|7|61397802f1888ea563dd9b1ea38edd23,7,sample_step,0.0003026603671871797,0.000256884,-3.8146972655983083e-06,0.8487533481419806,-4.577636718717973e-05,0.8487533481419804
attn_on_pim_prefill-128xdecode_262_ops_trace.csv,decode,7,71,20,PIM1,pim,7,"Q:1,K:1,V:1,QK:1,Softmax:1,SV:1,O:1",2.522169726559831e-05,2.1407e-05,pim|decode|7|9c4e6c099d863efd94751a80c7e404c5,7,sample_step,0.0003026603671871797,0.000256884,-3.8146972655983083e-06,0.8487533481419806,-4.577636718717973e-05,0.8487533481419804
attn_on_pim_prefill-128xdecode_262_ops_trace.csv,decode,7,71,21,GPU0,npu,12,"LN:-1,Add:-1,LN:-1,FFN_W1:0,FFN_W3:0,FFN_W1:1,FFN_W3:1,SwiGLU:0,SwiGLU:1,FFN_W2:0,FFN_W2:1,Add:-1",0.00032135900410334983,0.0002959359884262085,npu|decode|7|2ef4409498d14c672a4fbbfe6786cce6,7,sample_step,0.003856308049240198,0.003551231861114502,-2.5423015677141338e-05,0.9208890513334886,-0.00030507618812569606,0.9208890513334886
attn_on_pim_prefill-128xdecode_262_ops_trace.csv,decode,7,71,21,PIM0,pim,7,"Q:0,K:0,V:0,QK:0,Softmax:0,SV:0,O:0",2.522169726559831e-05,2.1407e-05,pim|decode|7|61397802f1888ea563dd9b1ea38edd23,7,sample_step,0.0003026603671871797,0.000256884,-3.8146972655983083e-06,0.8487533481419806,-4.577636718717973e-05,0.8487533481419804
attn_on_pim_prefill-128xdecode_262_ops_trace.csv,decode,7,71,21,PIM1,pim,7,"Q:1,K:1,V:1,QK:1,Softmax:1,SV:1,O:1",2.522169726559831e-05,2.1407e-05,pim|decode|7|9c4e6c099d863efd94751a80c7e404c5,7,sample_step,0.0003026603671871797,0.000256884,-3.8146972655983083e-06,0.8487533481419806,-4.577636718717973e-05,0.8487533481419804
attn_on_pim_prefill-128xdecode_262_ops_trace.csv,decode,7,71,22,GPU0,npu,12,"LN:-1,Add:-1,LN:-1,FFN_W1:0,FFN_W3:0,FFN_W1:1,FFN_W3:1,SwiGLU:0,SwiGLU:1,FFN_W2:0,FFN_W2:1,Add:-1",0.00032135900410334983,0.0002959359884262085,npu|decode|7|2ef4409498d14c672a4fbbfe6786cce6,7,sample_step,0.003856308049240198,0.003551231861114502,-2.5423015677141338e-05,0.9208890513334886,-0.00030507618812569606,0.9208890513334886
attn_on_pim_prefill-128xdecode_262_ops_trace.csv,decode,7,71,22,PIM0,pim,7,"Q:0,K:0,V:0,QK:0,Softmax:0,SV:0,O:0",2.522169726559831e-05,2.1407e-05,pim|decode|7|61397802f1888ea563dd9b1ea38edd23,7,sample_step,0.0003026603671871797,0.000256884,-3.8146972655983083e-06,0.8487533481419806,-4.577636718717973e-05,0.8487533481419804
attn_on_pim_prefill-128xdecode_262_ops_trace.csv,decode,7,71,22,PIM1,pim,7,"Q:1,K:1,V:1,QK:1,Softmax:1,SV:1,O:1",2.522169726559831e-05,2.1407e-05,pim|decode|7|9c4e6c099d863efd94751a80c7e404c5,7,sample_step,0.0003026603671871797,0.000256884,-3.8146972655983083e-06,0.8487533481419806,-4.577636718717973e-05,0.8487533481419804
attn_on_pim_prefill-128xdecode_262_ops_trace.csv,decode,7,71,23,GPU0,npu,12,"LN:-1,Add:-1,LN:-1,FFN_W1:0,FFN_W3:0,FFN_W1:1,FFN_W3:1,SwiGLU:0,SwiGLU:1,FFN_W2:0,FFN_W2:1,Add:-1",0.00032135900410334983,0.0002959359884262085,npu|decode|7|2ef4409498d14c672a4fbbfe6786cce6,7,sample_step,0.003856308049240198,0.003551231861114502,-2.5423015677141338e-05,0.9208890513334886,-0.00030507618812569606,0.9208890513334886
attn_on_pim_prefill-128xdecode_262_ops_trace.csv,decode,7,71,23,PIM0,pim,7,"Q:0,K:0,V:0,QK:0,Softmax:0,SV:0,O:0",2.522169726559831e-05,2.1407e-05,pim|decode|7|61397802f1888ea563dd9b1ea38edd23,7,sample_step,0.0003026603671871797,0.000256884,-3.8146972655983083e-06,0.8487533481419806,-4.577636718717973e-05,0.8487533481419804
attn_on_pim_prefill-128xdecode_262_ops_trace.csv,decode,7,71,23,PIM1,pim,7,"Q:1,K:1,V:1,QK:1,Softmax:1,SV:1,O:1",2.522169726559831e-05,2.1407e-05,pim|decode|7|9c4e6c099d863efd94751a80c7e404c5,7,sample_step,0.0003026603671871797,0.000256884,-3.8146972655983083e-06,0.8487533481419806,-4.577636718717973e-05,0.8487533481419804
attn_on_pim_prefill-128xdecode_262_ops_trace.csv,decode,7,71,24,GPU0,npu,12,"LN:-1,Add:-1,LN:-1,FFN_W1:0,FFN_W3:0,FFN_W1:1,FFN_W3:1,SwiGLU:0,SwiGLU:1,FFN_W2:0,FFN_W2:1,Add:-1",0.00032135900410334983,0.0002959359884262085,npu|decode|7|2ef4409498d14c672a4fbbfe6786cce6,7,sample_step,0.003856308049240198,0.003551231861114502,-2.5423015677141338e-05,0.9208890513334886,-0.00030507618812569606,0.9208890513334886
attn_on_pim_prefill-128xdecode_262_ops_trace.csv,decode,7,71,24,PIM0,pim,7,"Q:0,K:0,V:0,QK:0,Softmax:0,SV:0,O:0",2.522169726559831e-05,2.1407e-05,pim|decode|7|61397802f1888ea563dd9b1ea38edd23,7,sample_step,0.0003026603671871797,0.000256884,-3.8146972655983083e-06,0.8487533481419806,-4.577636718717973e-05,0.8487533481419804
attn_on_pim_prefill-128xdecode_262_ops_trace.csv,decode,7,71,24,PIM1,pim,7,"Q:1,K:1,V:1,QK:1,Softmax:1,SV:1,O:1",2.522169726559831e-05,2.1407e-05,pim|decode|7|9c4e6c099d863efd94751a80c7e404c5,7,sample_step,0.0003026603671871797,0.000256884,-3.8146972655983083e-06,0.8487533481419806,-4.577636718717973e-05,0.8487533481419804
attn_on_pim_prefill-128xdecode_262_ops_trace.csv,decode,7,71,25,GPU0,npu,12,"LN:-1,Add:-1,LN:-1,FFN_W1:0,FFN_W3:0,FFN_W1:1,FFN_W3:1,SwiGLU:0,SwiGLU:1,FFN_W2:0,FFN_W2:1,Add:-1",0.00032135900410334983,0.0002959359884262085,npu|decode|7|2ef4409498d14c672a4fbbfe6786cce6,7,sample_step,0.003856308049240198,0.003551231861114502,-2.5423015677141338e-05,0.9208890513334886,-0.00030507618812569606,0.9208890513334886
attn_on_pim_prefill-128xdecode_262_ops_trace.csv,decode,7,71,25,PIM0,pim,7,"Q:0,K:0,V:0,QK:0,Softmax:0,SV:0,O:0",2.522169726559831e-05,2.1407e-05,pim|decode|7|61397802f1888ea563dd9b1ea38edd23,7,sample_step,0.0003026603671871797,0.000256884,-3.8146972655983083e-06,0.8487533481419806,-4.577636718717973e-05,0.8487533481419804
attn_on_pim_prefill-128xdecode_262_ops_trace.csv,decode,7,71,25,PIM1,pim,7,"Q:1,K:1,V:1,QK:1,Softmax:1,SV:1,O:1",2.522169726559831e-05,2.1407e-05,pim|decode|7|9c4e6c099d863efd94751a80c7e404c5,7,sample_step,0.0003026603671871797,0.000256884,-3.8146972655983083e-06,0.8487533481419806,-4.577636718717973e-05,0.8487533481419804
attn_on_pim_prefill-128xdecode_262_ops_trace.csv,decode,7,71,26,GPU0,npu,12,"LN:-1,Add:-1,LN:-1,FFN_W1:0,FFN_W3:0,FFN_W1:1,FFN_W3:1,SwiGLU:0,SwiGLU:1,FFN_W2:0,FFN_W2:1,Add:-1",0.00032135900410334983,0.0002959359884262085,npu|decode|7|2ef4409498d14c672a4fbbfe6786cce6,7,sample_step,0.003856308049240198,0.003551231861114502,-2.5423015677141338e-05,0.9208890513334886,-0.00030507618812569606,0.9208890513334886
attn_on_pim_prefill-128xdecode_262_ops_trace.csv,decode,7,71,26,PIM0,pim,7,"Q:0,K:0,V:0,QK:0,Softmax:0,SV:0,O:0",2.522169726559831e-05,2.1407e-05,pim|decode|7|61397802f1888ea563dd9b1ea38edd23,7,sample_step,0.0003026603671871797,0.000256884,-3.8146972655983083e-06,0.8487533481419806,-4.577636718717973e-05,0.8487533481419804
attn_on_pim_prefill-128xdecode_262_ops_trace.csv,decode,7,71,26,PIM1,pim,7,"Q:1,K:1,V:1,QK:1,Softmax:1,SV:1,O:1",2.522169726559831e-05,2.1407e-05,pim|decode|7|9c4e6c099d863efd94751a80c7e404c5,7,sample_step,0.0003026603671871797,0.000256884,-3.8146972655983083e-06,0.8487533481419806,-4.577636718717973e-05,0.8487533481419804
attn_on_pim_prefill-128xdecode_262_ops_trace.csv,decode,7,71,27,GPU0,npu,12,"LN:-1,Add:-1,LN:-1,FFN_W1:0,FFN_W3:0,FFN_W1:1,FFN_W3:1,SwiGLU:0,SwiGLU:1,FFN_W2:0,FFN_W2:1,Add:-1",0.00032135900410334983,0.0002959359884262085,npu|decode|7|2ef4409498d14c672a4fbbfe6786cce6,7,sample_step,0.003856308049240198,0.003551231861114502,-2.5423015677141338e-05,0.9208890513334886,-0.00030507618812569606,0.9208890513334886
attn_on_pim_prefill-128xdecode_262_ops_trace.csv,decode,7,71,27,PIM0,pim,7,"Q:0,K:0,V:0,QK:0,Softmax:0,SV:0,O:0",2.522169726559831e-05,2.1407e-05,pim|decode|7|61397802f1888ea563dd9b1ea38edd23,7,sample_step,0.0003026603671871797,0.000256884,-3.8146972655983083e-06,0.8487533481419806,-4.577636718717973e-05,0.8487533481419804
attn_on_pim_prefill-128xdecode_262_ops_trace.csv,decode,7,71,27,PIM1,pim,7,"Q:1,K:1,V:1,QK:1,Softmax:1,SV:1,O:1",2.522169726559831e-05,2.1407e-05,pim|decode|7|9c4e6c099d863efd94751a80c7e404c5,7,sample_step,0.0003026603671871797,0.000256884,-3.8146972655983083e-06,0.8487533481419806,-4.577636718717973e-05,0.8487533481419804
attn_on_pim_prefill-128xdecode_262_ops_trace.csv,decode,7,71,28,GPU0,npu,12,"LN:-1,Add:-1,LN:-1,FFN_W1:0,FFN_W3:0,FFN_W1:1,FFN_W3:1,SwiGLU:0,SwiGLU:1,FFN_W2:0,FFN_W2:1,Add:-1",0.00032135900410334983,0.0002959359884262085,npu|decode|7|2ef4409498d14c672a4fbbfe6786cce6,7,sample_step,0.003856308049240198,0.003551231861114502,-2.5423015677141338e-05,0.9208890513334886,-0.00030507618812569606,0.9208890513334886
attn_on_pim_prefill-128xdecode_262_ops_trace.csv,decode,7,71,28,PIM0,pim,7,"Q:0,K:0,V:0,QK:0,Softmax:0,SV:0,O:0",2.522169726559831e-05,2.1407e-05,pim|decode|7|61397802f1888ea563dd9b1ea38edd23,7,sample_step,0.0003026603671871797,0.000256884,-3.8146972655983083e-06,0.8487533481419806,-4.577636718717973e-05,0.8487533481419804
attn_on_pim_prefill-128xdecode_262_ops_trace.csv,decode,7,71,28,PIM1,pim,7,"Q:1,K:1,V:1,QK:1,Softmax:1,SV:1,O:1",2.522169726559831e-05,2.1407e-05,pim|decode|7|9c4e6c099d863efd94751a80c7e404c5,7,sample_step,0.0003026603671871797,0.000256884,-3.8146972655983083e-06,0.8487533481419806,-4.577636718717973e-05,0.8487533481419804
attn_on_pim_prefill-128xdecode_262_ops_trace.csv,decode,7,71,29,GPU0,npu,12,"LN:-1,Add:-1,LN:-1,FFN_W1:0,FFN_W3:0,FFN_W1:1,FFN_W3:1,SwiGLU:0,SwiGLU:1,FFN_W2:0,FFN_W2:1,Add:-1",0.00032135900410334983,0.0002959359884262085,npu|decode|7|2ef4409498d14c672a4fbbfe6786cce6,7,sample_step,0.003856308049240198,0.003551231861114502,-2.5423015677141338e-05,0.9208890513334886,-0.00030507618812569606,0.9208890513334886
attn_on_pim_prefill-128xdecode_262_ops_trace.csv,decode,7,71,29,PIM0,pim,7,"Q:0,K:0,V:0,QK:0,Softmax:0,SV:0,O:0",2.522169726559831e-05,2.1407e-05,pim|decode|7|61397802f1888ea563dd9b1ea38edd23,7,sample_step,0.0003026603671871797,0.000256884,-3.8146972655983083e-06,0.8487533481419806,-4.577636718717973e-05,0.8487533481419804
attn_on_pim_prefill-128xdecode_262_ops_trace.csv,decode,7,71,29,PIM1,pim,7,"Q:1,K:1,V:1,QK:1,Softmax:1,SV:1,O:1",2.522169726559831e-05,2.1407e-05,pim|decode|7|9c4e6c099d863efd94751a80c7e404c5,7,sample_step,0.0003026603671871797,0.000256884,-3.8146972655983083e-06,0.8487533481419806,-4.577636718717973e-05,0.8487533481419804
attn_on_pim_prefill-128xdecode_262_ops_trace.csv,decode,7,71,30,GPU0,npu,12,"LN:-1,Add:-1,LN:-1,FFN_W1:0,FFN_W3:0,FFN_W1:1,FFN_W3:1,SwiGLU:0,SwiGLU:1,FFN_W2:0,FFN_W2:1,Add:-1",0.00032135900410334983,0.0002959359884262085,npu|decode|7|2ef4409498d14c672a4fbbfe6786cce6,7,sample_step,0.003856308049240198,0.003551231861114502,-2.5423015677141338e-05,0.9208890513334886,-0.00030507618812569606,0.9208890513334886
attn_on_pim_prefill-128xdecode_262_ops_trace.csv,decode,7,71,30,PIM0,pim,7,"Q:0,K:0,V:0,QK:0,Softmax:0,SV:0,O:0",2.522169726559831e-05,2.1407e-05,pim|decode|7|61397802f1888ea563dd9b1ea38edd23,7,sample_step,0.0003026603671871797,0.000256884,-3.8146972655983083e-06,0.8487533481419806,-4.577636718717973e-05,0.8487533481419804
attn_on_pim_prefill-128xdecode_262_ops_trace.csv,decode,7,71,30,PIM1,pim,7,"Q:1,K:1,V:1,QK:1,Softmax:1,SV:1,O:1",2.522169726559831e-05,2.1407e-05,pim|decode|7|9c4e6c099d863efd94751a80c7e404c5,7,sample_step,0.0003026603671871797,0.000256884,-3.8146972655983083e-06,0.8487533481419806,-4.577636718717973e-05,0.8487533481419804
attn_on_pim_prefill-128xdecode_262_ops_trace.csv,decode,7,71,31,GPU0,npu,12,"LN:-1,Add:-1,LN:-1,FFN_W1:0,FFN_W3:0,FFN_W1:1,FFN_W3:1,SwiGLU:0,SwiGLU:1,FFN_W2:0,FFN_W2:1,Add:-1",0.00032135900410334983,0.0002959359884262085,npu|decode|7|2ef4409498d14c672a4fbbfe6786cce6,7,sample_step,0.003856308049240198,0.003551231861114502,-2.5423015677141338e-05,0.9208890513334886,-0.00030507618812569606,0.9208890513334886
attn_on_pim_prefill-128xdecode_262_ops_trace.csv,decode,7,71,31,PIM0,pim,7,"Q:0,K:0,V:0,QK:0,Softmax:0,SV:0,O:0",2.522169726559831e-05,2.1407e-05,pim|decode|7|61397802f1888ea563dd9b1ea38edd23,7,sample_step,0.0003026603671871797,0.000256884,-3.8146972655983083e-06,0.8487533481419806,-4.577636718717973e-05,0.8487533481419804
attn_on_pim_prefill-128xdecode_262_ops_trace.csv,decode,7,71,31,PIM1,pim,7,"Q:1,K:1,V:1,QK:1,Softmax:1,SV:1,O:1",2.522169726559831e-05,2.1407e-05,pim|decode|7|9c4e6c099d863efd94751a80c7e404c5,7,sample_step,0.0003026603671871797,0.000256884,-3.8146972655983083e-06,0.8487533481419806,-4.577636718717973e-05,0.8487533481419804
attn_on_pim_prefill-128xdecode_262_ops_trace.csv,decode,8,83,0,GPU0,npu,12,"LN:-1,Add:-1,LN:-1,FFN_W1:0,FFN_W3:0,FFN_W1:1,FFN_W3:1,SwiGLU:0,SwiGLU:1,FFN_W2:0,FFN_W2:1,Add:-1",0.00032135900410334983,0.00029562880992889406,npu|decode|8|2ef4409498d14c672a4fbbfe6786cce6,8,sample_step,0.003856308049240198,0.0035475457191467288,-2.573019417445577e-05,0.9199331780161327,-0.00030876233009346924,0.9199331780161327
attn_on_pim_prefill-128xdecode_262_ops_trace.csv,decode,8,83,0,PIM0,pim,7,"Q:0,K:0,V:0,QK:0,Softmax:0,SV:0,O:0",2.529169726539493e-05,2.1477e-05,pim|decode|8|61397802f1888ea563dd9b1ea38edd23,8,sample_step,0.00030350036718473916,0.00025772400000000003,-3.814697265394929e-06,0.8491719545206504,-4.577636718473913e-05,0.8491719545206504
attn_on_pim_prefill-128xdecode_262_ops_trace.csv,decode,8,83,0,PIM1,pim,7,"Q:1,K:1,V:1,QK:1,Softmax:1,SV:1,O:1",2.529169726539493e-05,2.1477e-05,pim|decode|8|9c4e6c099d863efd94751a80c7e404c5,8,sample_step,0.00030350036718473916,0.00025772400000000003,-3.814697265394929e-06,0.8491719545206504,-4.577636718473913e-05,0.8491719545206504
attn_on_pim_prefill-128xdecode_262_ops_trace.csv,decode,8,83,1,GPU0,npu,12,"LN:-1,Add:-1,LN:-1,FFN_W1:0,FFN_W3:0,FFN_W1:1,FFN_W3:1,SwiGLU:0,SwiGLU:1,FFN_W2:0,FFN_W2:1,Add:-1",0.00032135900410334983,0.00029562880992889406,npu|decode|8|2ef4409498d14c672a4fbbfe6786cce6,8,sample_step,0.003856308049240198,0.0035475457191467288,-2.573019417445577e-05,0.9199331780161327,-0.00030876233009346924,0.9199331780161327
attn_on_pim_prefill-128xdecode_262_ops_trace.csv,decode,8,83,1,PIM0,pim,7,"Q:0,K:0,V:0,QK:0,Softmax:0,SV:0,O:0",2.529169726539493e-05,2.1477e-05,pim|decode|8|61397802f1888ea563dd9b1ea38edd23,8,sample_step,0.00030350036718473916,0.00025772400000000003,-3.814697265394929e-06,0.8491719545206504,-4.577636718473913e-05,0.8491719545206504
attn_on_pim_prefill-128xdecode_262_ops_trace.csv,decode,8,83,1,PIM1,pim,7,"Q:1,K:1,V:1,QK:1,Softmax:1,SV:1,O:1",2.529169726539493e-05,2.1477e-05,pim|decode|8|9c4e6c099d863efd94751a80c7e404c5,8,sample_step,0.00030350036718473916,0.00025772400000000003,-3.814697265394929e-06,0.8491719545206504,-4.577636718473913e-05,0.8491719545206504
attn_on_pim_prefill-128xdecode_262_ops_trace.csv,decode,8,83,2,GPU0,npu,12,"LN:-1,Add:-1,LN:-1,FFN_W1:0,FFN_W3:0,FFN_W1:1,FFN_W3:1,SwiGLU:0,SwiGLU:1,FFN_W2:0,FFN_W2:1,Add:-1",0.00032135900410334983,0.00029562880992889406,npu|decode|8|2ef4409498d14c672a4fbbfe6786cce6,8,sample_step,0.003856308049240198,0.0035475457191467288,-2.573019417445577e-05,0.9199331780161327,-0.00030876233009346924,0.9199331780161327
attn_on_pim_prefill-128xdecode_262_ops_trace.csv,decode,8,83,2,PIM0,pim,7,"Q:0,K:0,V:0,QK:0,Softmax:0,SV:0,O:0",2.529169726539493e-05,2.1477e-05,pim|decode|8|61397802f1888ea563dd9b1ea38edd23,8,sample_step,0.00030350036718473916,0.00025772400000000003,-3.814697265394929e-06,0.8491719545206504,-4.577636718473913e-05,0.8491719545206504
attn_on_pim_prefill-128xdecode_262_ops_trace.csv,decode,8,83,2,PIM1,pim,7,"Q:1,K:1,V:1,QK:1,Softmax:1,SV:1,O:1",2.529169726539493e-05,2.1477e-05,pim|decode|8|9c4e6c099d863efd94751a80c7e404c5,8,sample_step,0.00030350036718473916,0.00025772400000000003,-3.814697265394929e-06,0.8491719545206504,-4.577636718473913e-05,0.8491719545206504
attn_on_pim_prefill-128xdecode_262_ops_trace.csv,decode,8,83,3,GPU0,npu,12,"LN:-1,Add:-1,LN:-1,FFN_W1:0,FFN_W3:0,FFN_W1:1,FFN_W3:1,SwiGLU:0,SwiGLU:1,FFN_W2:0,FFN_W2:1,Add:-1",0.00032135900410334983,0.00029562880992889406,npu|decode|8|2ef4409498d14c672a4fbbfe6786cce6,8,sample_step,0.003856308049240198,0.0035475457191467288,-2.573019417445577e-05,0.9199331780161327,-0.00030876233009346924,0.9199331780161327
attn_on_pim_prefill-128xdecode_262_ops_trace.csv,decode,8,83,3,PIM0,pim,7,"Q:0,K:0,V:0,QK:0,Softmax:0,SV:0,O:0",2.529169726539493e-05,2.1477e-05,pim|decode|8|61397802f1888ea563dd9b1ea38edd23,8,sample_step,0.00030350036718473916,0.00025772400000000003,-3.814697265394929e-06,0.8491719545206504,-4.577636718473913e-05,0.8491719545206504
attn_on_pim_prefill-128xdecode_262_ops_trace.csv,decode,8,83,3,PIM1,pim,7,"Q:1,K:1,V:1,QK:1,Softmax:1,SV:1,O:1",2.529169726539493e-05,2.1477e-05,pim|decode|8|9c4e6c099d863efd94751a80c7e404c5,8,sample_step,0.00030350036718473916,0.00025772400000000003,-3.814697265394929e-06,0.8491719545206504,-4.577636718473913e-05,0.8491719545206504
attn_on_pim_prefill-128xdecode_262_ops_trace.csv,decode,8,83,4,GPU0,npu,12,"LN:-1,Add:-1,LN:-1,FFN_W1:0,FFN_W3:0,FFN_W1:1,FFN_W3:1,SwiGLU:0,SwiGLU:1,FFN_W2:0,FFN_W2:1,Add:-1",0.00032135900410334983,0.00029562880992889406,npu|decode|8|2ef4409498d14c672a4fbbfe6786cce6,8,sample_step,0.003856308049240198,0.0035475457191467288,-2.573019417445577e-05,0.9199331780161327,-0.00030876233009346924,0.9199331780161327
attn_on_pim_prefill-128xdecode_262_ops_trace.csv,decode,8,83,4,PIM0,pim,7,"Q:0,K:0,V:0,QK:0,Softmax:0,SV:0,O:0",2.529169726539493e-05,2.1477e-05,pim|decode|8|61397802f1888ea563dd9b1ea38edd23,8,sample_step,0.00030350036718473916,0.00025772400000000003,-3.814697265394929e-06,0.8491719545206504,-4.577636718473913e-05,0.8491719545206504
attn_on_pim_prefill-128xdecode_262_ops_trace.csv,decode,8,83,4,PIM1,pim,7,"Q:1,K:1,V:1,QK:1,Softmax:1,SV:1,O:1",2.529169726539493e-05,2.1477e-05,pim|decode|8|9c4e6c099d863efd94751a80c7e404c5,8,sample_step,0.00030350036718473916,0.00025772400000000003,-3.814697265394929e-06,0.8491719545206504,-4.577636718473913e-05,0.8491719545206504
attn_on_pim_prefill-128xdecode_262_ops_trace.csv,decode,8,83,5,GPU0,npu,12,"LN:-1,Add:-1,LN:-1,FFN_W1:0,FFN_W3:0,FFN_W1:1,FFN_W3:1,SwiGLU:0,SwiGLU:1,FFN_W2:0,FFN_W2:1,Add:-1",0.00032135900410334983,0.00029562880992889406,npu|decode|8|2ef4409498d14c672a4fbbfe6786cce6,8,sample_step,0.003856308049240198,0.0035475457191467288,-2.573019417445577e-05,0.9199331780161327,-0.00030876233009346924,0.9199331780161327
attn_on_pim_prefill-128xdecode_262_ops_trace.csv,decode,8,83,5,PIM0,pim,7,"Q:0,K:0,V:0,QK:0,Softmax:0,SV:0,O:0",2.529169726539493e-05,2.1477e-05,pim|decode|8|61397802f1888ea563dd9b1ea38edd23,8,sample_step,0.00030350036718473916,0.00025772400000000003,-3.814697265394929e-06,0.8491719545206504,-4.577636718473913e-05,0.8491719545206504
attn_on_pim_prefill-128xdecode_262_ops_trace.csv,decode,8,83,5,PIM1,pim,7,"Q:1,K:1,V:1,QK:1,Softmax:1,SV:1,O:1",2.529169726539493e-05,2.1477e-05,pim|decode|8|9c4e6c099d863efd94751a80c7e404c5,8,sample_step,0.00030350036718473916,0.00025772400000000003,-3.814697265394929e-06,0.8491719545206504,-4.577636718473913e-05,0.8491719545206504
attn_on_pim_prefill-128xdecode_262_ops_trace.csv,decode,8,83,6,GPU0,npu,12,"LN:-1,Add:-1,LN:-1,FFN_W1:0,FFN_W3:0,FFN_W1:1,FFN_W3:1,SwiGLU:0,SwiGLU:1,FFN_W2:0,FFN_W2:1,Add:-1",0.00032135900410334983,0.00029562880992889406,npu|decode|8|2ef4409498d14c672a4fbbfe6786cce6,8,sample_step,0.003856308049240198,0.0035475457191467288,-2.573019417445577e-05,0.9199331780161327,-0.00030876233009346924,0.9199331780161327
attn_on_pim_prefill-128xdecode_262_ops_trace.csv,decode,8,83,6,PIM0,pim,7,"Q:0,K:0,V:0,QK:0,Softmax:0,SV:0,O:0",2.529169726539493e-05,2.1477e-05,pim|decode|8|61397802f1888ea563dd9b1ea38edd23,8,sample_step,0.00030350036718473916,0.00025772400000000003,-3.814697265394929e-06,0.8491719545206504,-4.577636718473913e-05,0.8491719545206504
attn_on_pim_prefill-128xdecode_262_ops_trace.csv,decode,8,83,6,PIM1,pim,7,"Q:1,K:1,V:1,QK:1,Softmax:1,SV:1,O:1",2.529169726539493e-05,2.1477e-05,pim|decode|8|9c4e6c099d863efd94751a80c7e404c5,8,sample_step,0.00030350036718473916,0.00025772400000000003,-3.814697265394929e-06,0.8491719545206504,-4.577636718473913e-05,0.8491719545206504
attn_on_pim_prefill-128xdecode_262_ops_trace.csv,decode,8,83,7,GPU0,npu,12,"LN:-1,Add:-1,LN:-1,FFN_W1:0,FFN_W3:0,FFN_W1:1,FFN_W3:1,SwiGLU:0,SwiGLU:1,FFN_W2:0,FFN_W2:1,Add:-1",0.00032135900410334983,0.00029562880992889406,npu|decode|8|2ef4409498d14c672a4fbbfe6786cce6,8,sample_step,0.003856308049240198,0.0035475457191467288,-2.573019417445577e-05,0.9199331780161327,-0.00030876233009346924,0.9199331780161327
attn_on_pim_prefill-128xdecode_262_ops_trace.csv,decode,8,83,7,PIM0,pim,7,"Q:0,K:0,V:0,QK:0,Softmax:0,SV:0,O:0",2.529169726539493e-05,2.1477e-05,pim|decode|8|61397802f1888ea563dd9b1ea38edd23,8,sample_step,0.00030350036718473916,0.00025772400000000003,-3.814697265394929e-06,0.8491719545206504,-4.577636718473913e-05,0.8491719545206504
attn_on_pim_prefill-128xdecode_262_ops_trace.csv,decode,8,83,7,PIM1,pim,7,"Q:1,K:1,V:1,QK:1,Softmax:1,SV:1,O:1",2.529169726539493e-05,2.1477e-05,pim|decode|8|9c4e6c099d863efd94751a80c7e404c5,8,sample_step,0.00030350036718473916,0.00025772400000000003,-3.814697265394929e-06,0.8491719545206504,-4.577636718473913e-05,0.8491719545206504
attn_on_pim_prefill-128xdecode_262_ops_trace.csv,decode,8,83,8,GPU0,npu,12,"LN:-1,Add:-1,LN:-1,FFN_W1:0,FFN_W3:0,FFN_W1:1,FFN_W3:1,SwiGLU:0,SwiGLU:1,FFN_W2:0,FFN_W2:1,Add:-1",0.00032135900410334983,0.00029562880992889406,npu|decode|8|2ef4409498d14c672a4fbbfe6786cce6,8,sample_step,0.003856308049240198,0.0035475457191467288,-2.573019417445577e-05,0.9199331780161327,-0.00030876233009346924,0.9199331780161327
attn_on_pim_prefill-128xdecode_262_ops_trace.csv,decode,8,83,8,PIM0,pim,7,"Q:0,K:0,V:0,QK:0,Softmax:0,SV:0,O:0",2.529169726539493e-05,2.1477e-05,pim|decode|8|61397802f1888ea563dd9b1ea38edd23,8,sample_step,0.00030350036718473916,0.00025772400000000003,-3.814697265394929e-06,0.8491719545206504,-4.577636718473913e-05,0.8491719545206504
attn_on_pim_prefill-128xdecode_262_ops_trace.csv,decode,8,83,8,PIM1,pim,7,"Q:1,K:1,V:1,QK:1,Softmax:1,SV:1,O:1",2.529169726539493e-05,2.1477e-05,pim|decode|8|9c4e6c099d863efd94751a80c7e404c5,8,sample_step,0.00030350036718473916,0.00025772400000000003,-3.814697265394929e-06,0.8491719545206504,-4.577636718473913e-05,0.8491719545206504
attn_on_pim_prefill-128xdecode_262_ops_trace.csv,decode,8,83,9,GPU0,npu,12,"LN:-1,Add:-1,LN:-1,FFN_W1:0,FFN_W3:0,FFN_W1:1,FFN_W3:1,SwiGLU:0,SwiGLU:1,FFN_W2:0,FFN_W2:1,Add:-1",0.00032135900410334983,0.00029562880992889406,npu|decode|8|2ef4409498d14c672a4fbbfe6786cce6,8,sample_step,0.003856308049240198,0.0035475457191467288,-2.573019417445577e-05,0.9199331780161327,-0.00030876233009346924,0.9199331780161327
attn_on_pim_prefill-128xdecode_262_ops_trace.csv,decode,8,83,9,PIM0,pim,7,"Q:0,K:0,V:0,QK:0,Softmax:0,SV:0,O:0",2.529169726539493e-05,2.1477e-05,pim|decode|8|61397802f1888ea563dd9b1ea38edd23,8,sample_step,0.00030350036718473916,0.00025772400000000003,-3.814697265394929e-06,0.8491719545206504,-4.577636718473913e-05,0.8491719545206504
attn_on_pim_prefill-128xdecode_262_ops_trace.csv,decode,8,83,9,PIM1,pim,7,"Q:1,K:1,V:1,QK:1,Softmax:1,SV:1,O:1",2.529169726539493e-05,2.1477e-05,pim|decode|8|9c4e6c099d863efd94751a80c7e404c5,8,sample_step,0.00030350036718473916,0.00025772400000000003,-3.814697265394929e-06,0.8491719545206504,-4.577636718473913e-05,0.8491719545206504
attn_on_pim_prefill-128xdecode_262_ops_trace.csv,decode,8,83,10,GPU0,npu,12,"LN:-1,Add:-1,LN:-1,FFN_W1:0,FFN_W3:0,FFN_W1:1,FFN_W3:1,SwiGLU:0,SwiGLU:1,FFN_W2:0,FFN_W2:1,Add:-1",0.00032135900410334983,0.00029562880992889406,npu|decode|8|2ef4409498d14c672a4fbbfe6786cce6,8,sample_step,0.003856308049240198,0.0035475457191467288,-2.573019417445577e-05,0.9199331780161327,-0.00030876233009346924,0.9199331780161327
attn_on_pim_prefill-128xdecode_262_ops_trace.csv,decode,8,83,10,PIM0,pim,7,"Q:0,K:0,V:0,QK:0,Softmax:0,SV:0,O:0",2.529169726539493e-05,2.1477e-05,pim|decode|8|61397802f1888ea563dd9b1ea38edd23,8,sample_step,0.00030350036718473916,0.00025772400000000003,-3.814697265394929e-06,0.8491719545206504,-4.577636718473913e-05,0.8491719545206504
attn_on_pim_prefill-128xdecode_262_ops_trace.csv,decode,8,83,10,PIM1,pim,7,"Q:1,K:1,V:1,QK:1,Softmax:1,SV:1,O:1",2.529169726539493e-05,2.1477e-05,pim|decode|8|9c4e6c099d863efd94751a80c7e404c5,8,sample_step,0.00030350036718473916,0.00025772400000000003,-3.814697265394929e-06,0.8491719545206504,-4.577636718473913e-05,0.8491719545206504
attn_on_pim_prefill-128xdecode_262_ops_trace.csv,decode,8,83,11,GPU0,npu,12,"LN:-1,Add:-1,LN:-1,FFN_W1:0,FFN_W3:0,FFN_W1:1,FFN_W3:1,SwiGLU:0,SwiGLU:1,FFN_W2:0,FFN_W2:1,Add:-1",0.00032135900410334983,0.00029562880992889406,npu|decode|8|2ef4409498d14c672a4fbbfe6786cce6,8,sample_step,0.003856308049240198,0.0035475457191467288,-2.573019417445577e-05,0.9199331780161327,-0.00030876233009346924,0.9199331780161327
attn_on_pim_prefill-128xdecode_262_ops_trace.csv,decode,8,83,11,PIM0,pim,7,"Q:0,K:0,V:0,QK:0,Softmax:0,SV:0,O:0",2.529169726539493e-05,2.1477e-05,pim|decode|8|61397802f1888ea563dd9b1ea38edd23,8,sample_step,0.00030350036718473916,0.00025772400000000003,-3.814697265394929e-06,0.8491719545206504,-4.577636718473913e-05,0.8491719545206504
attn_on_pim_prefill-128xdecode_262_ops_trace.csv,decode,8,83,11,PIM1,pim,7,"Q:1,K:1,V:1,QK:1,Softmax:1,SV:1,O:1",2.529169726539493e-05,2.1477e-05,pim|decode|8|9c4e6c099d863efd94751a80c7e404c5,8,sample_step,0.00030350036718473916,0.00025772400000000003,-3.814697265394929e-06,0.8491719545206504,-4.577636718473913e-05,0.8491719545206504
attn_on_pim_prefill-128xdecode_262_ops_trace.csv,decode,8,83,12,GPU0,npu,12,"LN:-1,Add:-1,LN:-1,FFN_W1:0,FFN_W3:0,FFN_W1:1,FFN_W3:1,SwiGLU:0,SwiGLU:1,FFN_W2:0,FFN_W2:1,Add:-1",0.00032135900410334983,0.00029562880992889406,npu|decode|8|2ef4409498d14c672a4fbbfe6786cce6,8,sample_step,0.003856308049240198,0.0035475457191467288,-2.573019417445577e-05,0.9199331780161327,-0.00030876233009346924,0.9199331780161327
attn_on_pim_prefill-128xdecode_262_ops_trace.csv,decode,8,83,12,PIM0,pim,7,"Q:0,K:0,V:0,QK:0,Softmax:0,SV:0,O:0",2.529169726539493e-05,2.1477e-05,pim|decode|8|61397802f1888ea563dd9b1ea38edd23,8,sample_step,0.00030350036718473916,0.00025772400000000003,-3.814697265394929e-06,0.8491719545206504,-4.577636718473913e-05,0.8491719545206504
attn_on_pim_prefill-128xdecode_262_ops_trace.csv,decode,8,83,12,PIM1,pim,7,"Q:1,K:1,V:1,QK:1,Softmax:1,SV:1,O:1",2.529169726539493e-05,2.1477e-05,pim|decode|8|9c4e6c099d863efd94751a80c7e404c5,8,sample_step,0.00030350036718473916,0.00025772400000000003,-3.814697265394929e-06,0.8491719545206504,-4.577636718473913e-05,0.8491719545206504
attn_on_pim_prefill-128xdecode_262_ops_trace.csv,decode,8,83,13,GPU0,npu,12,"LN:-1,Add:-1,LN:-1,FFN_W1:0,FFN_W3:0,FFN_W1:1,FFN_W3:1,SwiGLU:0,SwiGLU:1,FFN_W2:0,FFN_W2:1,Add:-1",0.00032135900410334983,0.00029562880992889406,npu|decode|8|2ef4409498d14c672a4fbbfe6786cce6,8,sample_step,0.003856308049240198,0.0035475457191467288,-2.573019417445577e-05,0.9199331780161327,-0.00030876233009346924,0.9199331780161327
attn_on_pim_prefill-128xdecode_262_ops_trace.csv,decode,8,83,13,PIM0,pim,7,"Q:0,K:0,V:0,QK:0,Softmax:0,SV:0,O:0",2.529169726539493e-05,2.1477e-05,pim|decode|8|61397802f1888ea563dd9b1ea38edd23,8,sample_step,0.00030350036718473916,0.00025772400000000003,-3.814697265394929e-06,0.8491719545206504,-4.577636718473913e-05,0.8491719545206504
attn_on_pim_prefill-128xdecode_262_ops_trace.csv,decode,8,83,13,PIM1,pim,7,"Q:1,K:1,V:1,QK:1,Softmax:1,SV:1,O:1",2.529169726539493e-05,2.1477e-05,pim|decode|8|9c4e6c099d863efd94751a80c7e404c5,8,sample_step,0.00030350036718473916,0.00025772400000000003,-3.814697265394929e-06,0.8491719545206504,-4.577636718473913e-05,0.8491719545206504
attn_on_pim_prefill-128xdecode_262_ops_trace.csv,decode,8,83,14,GPU0,npu,12,"LN:-1,Add:-1,LN:-1,FFN_W1:0,FFN_W3:0,FFN_W1:1,FFN_W3:1,SwiGLU:0,SwiGLU:1,FFN_W2:0,FFN_W2:1,Add:-1",0.00032135900410334983,0.00029562880992889406,npu|decode|8|2ef4409498d14c672a4fbbfe6786cce6,8,sample_step,0.003856308049240198,0.0035475457191467288,-2.573019417445577e-05,0.9199331780161327,-0.00030876233009346924,0.9199331780161327
attn_on_pim_prefill-128xdecode_262_ops_trace.csv,decode,8,83,14,PIM0,pim,7,"Q:0,K:0,V:0,QK:0,Softmax:0,SV:0,O:0",2.529169726539493e-05,2.1477e-05,pim|decode|8|61397802f1888ea563dd9b1ea38edd23,8,sample_step,0.00030350036718473916,0.00025772400000000003,-3.814697265394929e-06,0.8491719545206504,-4.577636718473913e-05,0.8491719545206504
attn_on_pim_prefill-128xdecode_262_ops_trace.csv,decode,8,83,14,PIM1,pim,7,"Q:1,K:1,V:1,QK:1,Softmax:1,SV:1,O:1",2.529169726539493e-05,2.1477e-05,pim|decode|8|9c4e6c099d863efd94751a80c7e404c5,8,sample_step,0.00030350036718473916,0.00025772400000000003,-3.814697265394929e-06,0.8491719545206504,-4.577636718473913e-05,0.8491719545206504
attn_on_pim_prefill-128xdecode_262_ops_trace.csv,decode,8,83,15,GPU0,npu,12,"LN:-1,Add:-1,LN:-1,FFN_W1:0,FFN_W3:0,FFN_W1:1,FFN_W3:1,SwiGLU:0,SwiGLU:1,FFN_W2:0,FFN_W2:1,Add:-1",0.00032135900410334983,0.00029562880992889406,npu|decode|8|2ef4409498d14c672a4fbbfe6786cce6,8,sample_step,0.003856308049240198,0.0035475457191467288,-2.573019417445577e-05,0.9199331780161327,-0.00030876233009346924,0.9199331780161327
attn_on_pim_prefill-128xdecode_262_ops_trace.csv,decode,8,83,15,PIM0,pim,7,"Q:0,K:0,V:0,QK:0,Softmax:0,SV:0,O:0",2.529169726539493e-05,2.1477e-05,pim|decode|8|61397802f1888ea563dd9b1ea38edd23,8,sample_step,0.00030350036718473916,0.00025772400000000003,-3.814697265394929e-06,0.8491719545206504,-4.577636718473913e-05,0.8491719545206504
attn_on_pim_prefill-128xdecode_262_ops_trace.csv,decode,8,83,15,PIM1,pim,7,"Q:1,K:1,V:1,QK:1,Softmax:1,SV:1,O:1",2.529169726539493e-05,2.1477e-05,pim|decode|8|9c4e6c099d863efd94751a80c7e404c5,8,sample_step,0.00030350036718473916,0.00025772400000000003,-3.814697265394929e-06,0.8491719545206504,-4.577636718473913e-05,0.8491719545206504
attn_on_pim_prefill-128xdecode_262_ops_trace.csv,decode,8,83,16,GPU0,npu,12,"LN:-1,Add:-1,LN:-1,FFN_W1:0,FFN_W3:0,FFN_W1:1,FFN_W3:1,SwiGLU:0,SwiGLU:1,FFN_W2:0,FFN_W2:1,Add:-1",0.00032135900410334983,0.00029562880992889406,npu|decode|8|2ef4409498d14c672a4fbbfe6786cce6,8,sample_step,0.003856308049240198,0.0035475457191467288,-2.573019417445577e-05,0.9199331780161327,-0.00030876233009346924,0.9199331780161327
attn_on_pim_prefill-128xdecode_262_ops_trace.csv,decode,8,83,16,PIM0,pim,7,"Q:0,K:0,V:0,QK:0,Softmax:0,SV:0,O:0",2.529169726539493e-05,2.1477e-05,pim|decode|8|61397802f1888ea563dd9b1ea38edd23,8,sample_step,0.00030350036718473916,0.00025772400000000003,-3.814697265394929e-06,0.8491719545206504,-4.577636718473913e-05,0.8491719545206504
attn_on_pim_prefill-128xdecode_262_ops_trace.csv,decode,8,83,16,PIM1,pim,7,"Q:1,K:1,V:1,QK:1,Softmax:1,SV:1,O:1",2.529169726539493e-05,2.1477e-05,pim|decode|8|9c4e6c099d863efd94751a80c7e404c5,8,sample_step,0.00030350036718473916,0.00025772400000000003,-3.814697265394929e-06,0.8491719545206504,-4.577636718473913e-05,0.8491719545206504
attn_on_pim_prefill-128xdecode_262_ops_trace.csv,decode,8,83,17,GPU0,npu,12,"LN:-1,Add:-1,LN:-1,FFN_W1:0,FFN_W3:0,FFN_W1:1,FFN_W3:1,SwiGLU:0,SwiGLU:1,FFN_W2:0,FFN_W2:1,Add:-1",0.00032135900410334983,0.00029562880992889406,npu|decode|8|2ef4409498d14c672a4fbbfe6786cce6,8,sample_step,0.003856308049240198,0.0035475457191467288,-2.573019417445577e-05,0.9199331780161327,-0.00030876233009346924,0.9199331780161327
attn_on_pim_prefill-128xdecode_262_ops_trace.csv,decode,8,83,17,PIM0,pim,7,"Q:0,K:0,V:0,QK:0,Softmax:0,SV:0,O:0",2.529169726539493e-05,2.1477e-05,pim|decode|8|61397802f1888ea563dd9b1ea38edd23,8,sample_step,0.00030350036718473916,0.00025772400000000003,-3.814697265394929e-06,0.8491719545206504,-4.577636718473913e-05,0.8491719545206504
attn_on_pim_prefill-128xdecode_262_ops_trace.csv,decode,8,83,17,PIM1,pim,7,"Q:1,K:1,V:1,QK:1,Softmax:1,SV:1,O:1",2.529169726539493e-05,2.1477e-05,pim|decode|8|9c4e6c099d863efd94751a80c7e404c5,8,sample_step,0.00030350036718473916,0.00025772400000000003,-3.814697265394929e-06,0.8491719545206504,-4.577636718473913e-05,0.8491719545206504
attn_on_pim_prefill-128xdecode_262_ops_trace.csv,decode,8,83,18,GPU0,npu,12,"LN:-1,Add:-1,LN:-1,FFN_W1:0,FFN_W3:0,FFN_W1:1,FFN_W3:1,SwiGLU:0,SwiGLU:1,FFN_W2:0,FFN_W2:1,Add:-1",0.00032135900410334983,0.00029562880992889406,npu|decode|8|2ef4409498d14c672a4fbbfe6786cce6,8,sample_step,0.003856308049240198,0.0035475457191467288,-2.573019417445577e-05,0.9199331780161327,-0.00030876233009346924,0.9199331780161327
attn_on_pim_prefill-128xdecode_262_ops_trace.csv,decode,8,83,18,PIM0,pim,7,"Q:0,K:0,V:0,QK:0,Softmax:0,SV:0,O:0",2.529169726539493e-05,2.1477e-05,pim|decode|8|61397802f1888ea563dd9b1ea38edd23,8,sample_step,0.00030350036718473916,0.00025772400000000003,-3.814697265394929e-06,0.8491719545206504,-4.577636718473913e-05,0.8491719545206504
attn_on_pim_prefill-128xdecode_262_ops_trace.csv,decode,8,83,18,PIM1,pim,7,"Q:1,K:1,V:1,QK:1,Softmax:1,SV:1,O:1",2.529169726539493e-05,2.1477e-05,pim|decode|8|9c4e6c099d863efd94751a80c7e404c5,8,sample_step,0.00030350036718473916,0.00025772400000000003,-3.814697265394929e-06,0.8491719545206504,-4.577636718473913e-05,0.8491719545206504
attn_on_pim_prefill-128xdecode_262_ops_trace.csv,decode,8,83,19,GPU0,npu,12,"LN:-1,Add:-1,LN:-1,FFN_W1:0,FFN_W3:0,FFN_W1:1,FFN_W3:1,SwiGLU:0,SwiGLU:1,FFN_W2:0,FFN_W2:1,Add:-1",0.00032135900410334983,0.00029562880992889406,npu|decode|8|2ef4409498d14c672a4fbbfe6786cce6,8,sample_step,0.003856308049240198,0.0035475457191467288,-2.573019417445577e-05,0.9199331780161327,-0.00030876233009346924,0.9199331780161327
attn_on_pim_prefill-128xdecode_262_ops_trace.csv,decode,8,83,19,PIM0,pim,7,"Q:0,K:0,V:0,QK:0,Softmax:0,SV:0,O:0",2.529169726539493e-05,2.1477e-05,pim|decode|8|61397802f1888ea563dd9b1ea38edd23,8,sample_step,0.00030350036718473916,0.00025772400000000003,-3.814697265394929e-06,0.8491719545206504,-4.577636718473913e-05,0.8491719545206504
attn_on_pim_prefill-128xdecode_262_ops_trace.csv,decode,8,83,19,PIM1,pim,7,"Q:1,K:1,V:1,QK:1,Softmax:1,SV:1,O:1",2.529169726539493e-05,2.1477e-05,pim|decode|8|9c4e6c099d863efd94751a80c7e404c5,8,sample_step,0.00030350036718473916,0.00025772400000000003,-3.814697265394929e-06,0.8491719545206504,-4.577636718473913e-05,0.8491719545206504
attn_on_pim_prefill-128xdecode_262_ops_trace.csv,decode,8,83,20,GPU0,npu,12,"LN:-1,Add:-1,LN:-1,FFN_W1:0,FFN_W3:0,FFN_W1:1,FFN_W3:1,SwiGLU:0,SwiGLU:1,FFN_W2:0,FFN_W2:1,Add:-1",0.00032135900410334983,0.00029562880992889406,npu|decode|8|2ef4409498d14c672a4fbbfe6786cce6,8,sample_step,0.003856308049240198,0.0035475457191467288,-2.573019417445577e-05,0.9199331780161327,-0.00030876233009346924,0.9199331780161327
attn_on_pim_prefill-128xdecode_262_ops_trace.csv,decode,8,83,20,PIM0,pim,7,"Q:0,K:0,V:0,QK:0,Softmax:0,SV:0,O:0",2.529169726539493e-05,2.1477e-05,pim|decode|8|61397802f1888ea563dd9b1ea38edd23,8,sample_step,0.00030350036718473916,0.00025772400000000003,-3.814697265394929e-06,0.8491719545206504,-4.577636718473913e-05,0.8491719545206504
attn_on_pim_prefill-128xdecode_262_ops_trace.csv,decode,8,83,20,PIM1,pim,7,"Q:1,K:1,V:1,QK:1,Softmax:1,SV:1,O:1",2.529169726539493e-05,2.1477e-05,pim|decode|8|9c4e6c099d863efd94751a80c7e404c5,8,sample_step,0.00030350036718473916,0.00025772400000000003,-3.814697265394929e-06,0.8491719545206504,-4.577636718473913e-05,0.8491719545206504
attn_on_pim_prefill-128xdecode_262_ops_trace.csv,decode,8,83,21,GPU0,npu,12,"LN:-1,Add:-1,LN:-1,FFN_W1:0,FFN_W3:0,FFN_W1:1,FFN_W3:1,SwiGLU:0,SwiGLU:1,FFN_W2:0,FFN_W2:1,Add:-1",0.00032135900410334983,0.00029562880992889406,npu|decode|8|2ef4409498d14c672a4fbbfe6786cce6,8,sample_step,0.003856308049240198,0.0035475457191467288,-2.573019417445577e-05,0.9199331780161327,-0.00030876233009346924,0.9199331780161327
attn_on_pim_prefill-128xdecode_262_ops_trace.csv,decode,8,83,21,PIM0,pim,7,"Q:0,K:0,V:0,QK:0,Softmax:0,SV:0,O:0",2.529169726539493e-05,2.1477e-05,pim|decode|8|61397802f1888ea563dd9b1ea38edd23,8,sample_step,0.00030350036718473916,0.00025772400000000003,-3.814697265394929e-06,0.8491719545206504,-4.577636718473913e-05,0.8491719545206504
attn_on_pim_prefill-128xdecode_262_ops_trace.csv,decode,8,83,21,PIM1,pim,7,"Q:1,K:1,V:1,QK:1,Softmax:1,SV:1,O:1",2.529169726539493e-05,2.1477e-05,pim|decode|8|9c4e6c099d863efd94751a80c7e404c5,8,sample_step,0.00030350036718473916,0.00025772400000000003,-3.814697265394929e-06,0.8491719545206504,-4.577636718473913e-05,0.8491719545206504
attn_on_pim_prefill-128xdecode_262_ops_trace.csv,decode,8,83,22,GPU0,npu,12,"LN:-1,Add:-1,LN:-1,FFN_W1:0,FFN_W3:0,FFN_W1:1,FFN_W3:1,SwiGLU:0,SwiGLU:1,FFN_W2:0,FFN_W2:1,Add:-1",0.00032135900410334983,0.00029562880992889406,npu|decode|8|2ef4409498d14c672a4fbbfe6786cce6,8,sample_step,0.003856308049240198,0.0035475457191467288,-2.573019417445577e-05,0.9199331780161327,-0.00030876233009346924,0.9199331780161327
attn_on_pim_prefill-128xdecode_262_ops_trace.csv,decode,8,83,22,PIM0,pim,7,"Q:0,K:0,V:0,QK:0,Softmax:0,SV:0,O:0",2.529169726539493e-05,2.1477e-05,pim|decode|8|61397802f1888ea563dd9b1ea38edd23,8,sample_step,0.00030350036718473916,0.00025772400000000003,-3.814697265394929e-06,0.8491719545206504,-4.577636718473913e-05,0.8491719545206504
attn_on_pim_prefill-128xdecode_262_ops_trace.csv,decode,8,83,22,PIM1,pim,7,"Q:1,K:1,V:1,QK:1,Softmax:1,SV:1,O:1",2.529169726539493e-05,2.1477e-05,pim|decode|8|9c4e6c099d863efd94751a80c7e404c5,8,sample_step,0.00030350036718473916,0.00025772400000000003,-3.814697265394929e-06,0.8491719545206504,-4.577636718473913e-05,0.8491719545206504
attn_on_pim_prefill-128xdecode_262_ops_trace.csv,decode,8,83,23,GPU0,npu,12,"LN:-1,Add:-1,LN:-1,FFN_W1:0,FFN_W3:0,FFN_W1:1,FFN_W3:1,SwiGLU:0,SwiGLU:1,FFN_W2:0,FFN_W2:1,Add:-1",0.00032135900410334983,0.00029562880992889406,npu|decode|8|2ef4409498d14c672a4fbbfe6786cce6,8,sample_step,0.003856308049240198,0.0035475457191467288,-2.573019417445577e-05,0.9199331780161327,-0.00030876233009346924,0.9199331780161327
attn_on_pim_prefill-128xdecode_262_ops_trace.csv,decode,8,83,23,PIM0,pim,7,"Q:0,K:0,V:0,QK:0,Softmax:0,SV:0,O:0",2.529169726539493e-05,2.1477e-05,pim|decode|8|61397802f1888ea563dd9b1ea38edd23,8,sample_step,0.00030350036718473916,0.00025772400000000003,-3.814697265394929e-06,0.8491719545206504,-4.577636718473913e-05,0.8491719545206504
attn_on_pim_prefill-128xdecode_262_ops_trace.csv,decode,8,83,23,PIM1,pim,7,"Q:1,K:1,V:1,QK:1,Softmax:1,SV:1,O:1",2.529169726539493e-05,2.1477e-05,pim|decode|8|9c4e6c099d863efd94751a80c7e404c5,8,sample_step,0.00030350036718473916,0.00025772400000000003,-3.814697265394929e-06,0.8491719545206504,-4.577636718473913e-05,0.8491719545206504
attn_on_pim_prefill-128xdecode_262_ops_trace.csv,decode,8,83,24,GPU0,npu,12,"LN:-1,Add:-1,LN:-1,FFN_W1:0,FFN_W3:0,FFN_W1:1,FFN_W3:1,SwiGLU:0,SwiGLU:1,FFN_W2:0,FFN_W2:1,Add:-1",0.00032135900410334983,0.00029562880992889406,npu|decode|8|2ef4409498d14c672a4fbbfe6786cce6,8,sample_step,0.003856308049240198,0.0035475457191467288,-2.573019417445577e-05,0.9199331780161327,-0.00030876233009346924,0.9199331780161327
attn_on_pim_prefill-128xdecode_262_ops_trace.csv,decode,8,83,24,PIM0,pim,7,"Q:0,K:0,V:0,QK:0,Softmax:0,SV:0,O:0",2.529169726539493e-05,2.1477e-05,pim|decode|8|61397802f1888ea563dd9b1ea38edd23,8,sample_step,0.00030350036718473916,0.00025772400000000003,-3.814697265394929e-06,0.8491719545206504,-4.577636718473913e-05,0.8491719545206504
attn_on_pim_prefill-128xdecode_262_ops_trace.csv,decode,8,83,24,PIM1,pim,7,"Q:1,K:1,V:1,QK:1,Softmax:1,SV:1,O:1",2.529169726539493e-05,2.1477e-05,pim|decode|8|9c4e6c099d863efd94751a80c7e404c5,8,sample_step,0.00030350036718473916,0.00025772400000000003,-3.814697265394929e-06,0.8491719545206504,-4.577636718473913e-05,0.8491719545206504
attn_on_pim_prefill-128xdecode_262_ops_trace.csv,decode,8,83,25,GPU0,npu,12,"LN:-1,Add:-1,LN:-1,FFN_W1:0,FFN_W3:0,FFN_W1:1,FFN_W3:1,SwiGLU:0,SwiGLU:1,FFN_W2:0,FFN_W2:1,Add:-1",0.00032135900410334983,0.00029562880992889406,npu|decode|8|2ef4409498d14c672a4fbbfe6786cce6,8,sample_step,0.003856308049240198,0.0035475457191467288,-2.573019417445577e-05,0.9199331780161327,-0.00030876233009346924,0.9199331780161327
attn_on_pim_prefill-128xdecode_262_ops_trace.csv,decode,8,83,25,PIM0,pim,7,"Q:0,K:0,V:0,QK:0,Softmax:0,SV:0,O:0",2.529169726539493e-05,2.1477e-05,pim|decode|8|61397802f1888ea563dd9b1ea38edd23,8,sample_step,0.00030350036718473916,0.00025772400000000003,-3.814697265394929e-06,0.8491719545206504,-4.577636718473913e-05,0.8491719545206504
attn_on_pim_prefill-128xdecode_262_ops_trace.csv,decode,8,83,25,PIM1,pim,7,"Q:1,K:1,V:1,QK:1,Softmax:1,SV:1,O:1",2.529169726539493e-05,2.1477e-05,pim|decode|8|9c4e6c099d863efd94751a80c7e404c5,8,sample_step,0.00030350036718473916,0.00025772400000000003,-3.814697265394929e-06,0.8491719545206504,-4.577636718473913e-05,0.8491719545206504
attn_on_pim_prefill-128xdecode_262_ops_trace.csv,decode,8,83,26,GPU0,npu,12,"LN:-1,Add:-1,LN:-1,FFN_W1:0,FFN_W3:0,FFN_W1:1,FFN_W3:1,SwiGLU:0,SwiGLU:1,FFN_W2:0,FFN_W2:1,Add:-1",0.00032135900410334983,0.00029562880992889406,npu|decode|8|2ef4409498d14c672a4fbbfe6786cce6,8,sample_step,0.003856308049240198,0.0035475457191467288,-2.573019417445577e-05,0.9199331780161327,-0.00030876233009346924,0.9199331780161327
attn_on_pim_prefill-128xdecode_262_ops_trace.csv,decode,8,83,26,PIM0,pim,7,"Q:0,K:0,V:0,QK:0,Softmax:0,SV:0,O:0",2.529169726539493e-05,2.1477e-05,pim|decode|8|61397802f1888ea563dd9b1ea38edd23,8,sample_step,0.00030350036718473916,0.00025772400000000003,-3.814697265394929e-06,0.8491719545206504,-4.577636718473913e-05,0.8491719545206504
attn_on_pim_prefill-128xdecode_262_ops_trace.csv,decode,8,83,26,PIM1,pim,7,"Q:1,K:1,V:1,QK:1,Softmax:1,SV:1,O:1",2.529169726539493e-05,2.1477e-05,pim|decode|8|9c4e6c099d863efd94751a80c7e404c5,8,sample_step,0.00030350036718473916,0.00025772400000000003,-3.814697265394929e-06,0.8491719545206504,-4.577636718473913e-05,0.8491719545206504
attn_on_pim_prefill-128xdecode_262_ops_trace.csv,decode,8,83,27,GPU0,npu,12,"LN:-1,Add:-1,LN:-1,FFN_W1:0,FFN_W3:0,FFN_W1:1,FFN_W3:1,SwiGLU:0,SwiGLU:1,FFN_W2:0,FFN_W2:1,Add:-1",0.00032135900410334983,0.00029562880992889406,npu|decode|8|2ef4409498d14c672a4fbbfe6786cce6,8,sample_step,0.003856308049240198,0.0035475457191467288,-2.573019417445577e-05,0.9199331780161327,-0.00030876233009346924,0.9199331780161327
attn_on_pim_prefill-128xdecode_262_ops_trace.csv,decode,8,83,27,PIM0,pim,7,"Q:0,K:0,V:0,QK:0,Softmax:0,SV:0,O:0",2.529169726539493e-05,2.1477e-05,pim|decode|8|61397802f1888ea563dd9b1ea38edd23,8,sample_step,0.00030350036718473916,0.00025772400000000003,-3.814697265394929e-06,0.8491719545206504,-4.577636718473913e-05,0.8491719545206504
attn_on_pim_prefill-128xdecode_262_ops_trace.csv,decode,8,83,27,PIM1,pim,7,"Q:1,K:1,V:1,QK:1,Softmax:1,SV:1,O:1",2.529169726539493e-05,2.1477e-05,pim|decode|8|9c4e6c099d863efd94751a80c7e404c5,8,sample_step,0.00030350036718473916,0.00025772400000000003,-3.814697265394929e-06,0.8491719545206504,-4.577636718473913e-05,0.8491719545206504
attn_on_pim_prefill-128xdecode_262_ops_trace.csv,decode,8,83,28,GPU0,npu,12,"LN:-1,Add:-1,LN:-1,FFN_W1:0,FFN_W3:0,FFN_W1:1,FFN_W3:1,SwiGLU:0,SwiGLU:1,FFN_W2:0,FFN_W2:1,Add:-1",0.00032135900410334983,0.00029562880992889406,npu|decode|8|2ef4409498d14c672a4fbbfe6786cce6,8,sample_step,0.003856308049240198,0.0035475457191467288,-2.573019417445577e-05,0.9199331780161327,-0.00030876233009346924,0.9199331780161327
attn_on_pim_prefill-128xdecode_262_ops_trace.csv,decode,8,83,28,PIM0,pim,7,"Q:0,K:0,V:0,QK:0,Softmax:0,SV:0,O:0",2.529169726539493e-05,2.1477e-05,pim|decode|8|61397802f1888ea563dd9b1ea38edd23,8,sample_step,0.00030350036718473916,0.00025772400000000003,-3.814697265394929e-06,0.8491719545206504,-4.577636718473913e-05,0.8491719545206504
attn_on_pim_prefill-128xdecode_262_ops_trace.csv,decode,8,83,28,PIM1,pim,7,"Q:1,K:1,V:1,QK:1,Softmax:1,SV:1,O:1",2.529169726539493e-05,2.1477e-05,pim|decode|8|9c4e6c099d863efd94751a80c7e404c5,8,sample_step,0.00030350036718473916,0.00025772400000000003,-3.814697265394929e-06,0.8491719545206504,-4.577636718473913e-05,0.8491719545206504
attn_on_pim_prefill-128xdecode_262_ops_trace.csv,decode,8,83,29,GPU0,npu,12,"LN:-1,Add:-1,LN:-1,FFN_W1:0,FFN_W3:0,FFN_W1:1,FFN_W3:1,SwiGLU:0,SwiGLU:1,FFN_W2:0,FFN_W2:1,Add:-1",0.00032135900410334983,0.00029562880992889406,npu|decode|8|2ef4409498d14c672a4fbbfe6786cce6,8,sample_step,0.003856308049240198,0.0035475457191467288,-2.573019417445577e-05,0.9199331780161327,-0.00030876233009346924,0.9199331780161327
attn_on_pim_prefill-128xdecode_262_ops_trace.csv,decode,8,83,29,PIM0,pim,7,"Q:0,K:0,V:0,QK:0,Softmax:0,SV:0,O:0",2.529169726539493e-05,2.1477e-05,pim|decode|8|61397802f1888ea563dd9b1ea38edd23,8,sample_step,0.00030350036718473916,0.00025772400000000003,-3.814697265394929e-06,0.8491719545206504,-4.577636718473913e-05,0.8491719545206504
attn_on_pim_prefill-128xdecode_262_ops_trace.csv,decode,8,83,29,PIM1,pim,7,"Q:1,K:1,V:1,QK:1,Softmax:1,SV:1,O:1",2.529169726539493e-05,2.1477e-05,pim|decode|8|9c4e6c099d863efd94751a80c7e404c5,8,sample_step,0.00030350036718473916,0.00025772400000000003,-3.814697265394929e-06,0.8491719545206504,-4.577636718473913e-05,0.8491719545206504
attn_on_pim_prefill-128xdecode_262_ops_trace.csv,decode,8,83,30,GPU0,npu,12,"LN:-1,Add:-1,LN:-1,FFN_W1:0,FFN_W3:0,FFN_W1:1,FFN_W3:1,SwiGLU:0,SwiGLU:1,FFN_W2:0,FFN_W2:1,Add:-1",0.00032135900410334983,0.00029562880992889406,npu|decode|8|2ef4409498d14c672a4fbbfe6786cce6,8,sample_step,0.003856308049240198,0.0035475457191467288,-2.573019417445577e-05,0.9199331780161327,-0.00030876233009346924,0.9199331780161327
attn_on_pim_prefill-128xdecode_262_ops_trace.csv,decode,8,83,30,PIM0,pim,7,"Q:0,K:0,V:0,QK:0,Softmax:0,SV:0,O:0",2.529169726539493e-05,2.1477e-05,pim|decode|8|61397802f1888ea563dd9b1ea38edd23,8,sample_step,0.00030350036718473916,0.00025772400000000003,-3.814697265394929e-06,0.8491719545206504,-4.577636718473913e-05,0.8491719545206504
attn_on_pim_prefill-128xdecode_262_ops_trace.csv,decode,8,83,30,PIM1,pim,7,"Q:1,K:1,V:1,QK:1,Softmax:1,SV:1,O:1",2.529169726539493e-05,2.1477e-05,pim|decode|8|9c4e6c099d863efd94751a80c7e404c5,8,sample_step,0.00030350036718473916,0.00025772400000000003,-3.814697265394929e-06,0.8491719545206504,-4.577636718473913e-05,0.8491719545206504
attn_on_pim_prefill-128xdecode_262_ops_trace.csv,decode,8,83,31,GPU0,npu,12,"LN:-1,Add:-1,LN:-1,FFN_W1:0,FFN_W3:0,FFN_W1:1,FFN_W3:1,SwiGLU:0,SwiGLU:1,FFN_W2:0,FFN_W2:1,Add:-1",0.00032135900410334983,0.00029562880992889406,npu|decode|8|2ef4409498d14c672a4fbbfe6786cce6,8,sample_step,0.003856308049240198,0.0035475457191467288,-2.573019417445577e-05,0.9199331780161327,-0.00030876233009346924,0.9199331780161327
attn_on_pim_prefill-128xdecode_262_ops_trace.csv,decode,8,83,31,PIM0,pim,7,"Q:0,K:0,V:0,QK:0,Softmax:0,SV:0,O:0",2.529169726539493e-05,2.1477e-05,pim|decode|8|61397802f1888ea563dd9b1ea38edd23,8,sample_step,0.00030350036718473916,0.00025772400000000003,-3.814697265394929e-06,0.8491719545206504,-4.577636718473913e-05,0.8491719545206504
attn_on_pim_prefill-128xdecode_262_ops_trace.csv,decode,8,83,31,PIM1,pim,7,"Q:1,K:1,V:1,QK:1,Softmax:1,SV:1,O:1",2.529169726539493e-05,2.1477e-05,pim|decode|8|9c4e6c099d863efd94751a80c7e404c5,8,sample_step,0.00030350036718473916,0.00025772400000000003,-3.814697265394929e-06,0.8491719545206504,-4.577636718473913e-05,0.8491719545206504
attn_on_pim_prefill-128xdecode_262_ops_trace.csv,decode,9,95,0,GPU0,npu,12,"LN:-1,Add:-1,LN:-1,FFN_W1:0,FFN_W3:0,FFN_W1:1,FFN_W3:1,SwiGLU:0,SwiGLU:1,FFN_W2:0,FFN_W2:1,Add:-1",0.00032135900410334983,0.0002959359884262085,npu|decode|9|2ef4409498d14c672a4fbbfe6786cce6,9,sample_step,0.003856308049240198,0.003551231861114502,-2.5423015677141338e-05,0.9208890513334886,-0.00030507618812569606,0.9208890513334886
attn_on_pim_prefill-128xdecode_262_ops_trace.csv,decode,9,95,0,PIM0,pim,7,"Q:0,K:0,V:0,QK:0,Softmax:0,SV:0,O:0",2.529169726539493e-05,2.1477e-05,pim|decode|9|61397802f1888ea563dd9b1ea38edd23,9,sample_step,0.00030350036718473916,0.00025772400000000003,-3.814697265394929e-06,0.8491719545206504,-4.577636718473913e-05,0.8491719545206504
attn_on_pim_prefill-128xdecode_262_ops_trace.csv,decode,9,95,0,PIM1,pim,7,"Q:1,K:1,V:1,QK:1,Softmax:1,SV:1,O:1",2.529169726539493e-05,2.1477e-05,pim|decode|9|9c4e6c099d863efd94751a80c7e404c5,9,sample_step,0.00030350036718473916,0.00025772400000000003,-3.814697265394929e-06,0.8491719545206504,-4.577636718473913e-05,0.8491719545206504
attn_on_pim_prefill-128xdecode_262_ops_trace.csv,decode,9,95,1,GPU0,npu,12,"LN:-1,Add:-1,LN:-1,FFN_W1:0,FFN_W3:0,FFN_W1:1,FFN_W3:1,SwiGLU:0,SwiGLU:1,FFN_W2:0,FFN_W2:1,Add:-1",0.00032135900410334983,0.0002959359884262085,npu|decode|9|2ef4409498d14c672a4fbbfe6786cce6,9,sample_step,0.003856308049240198,0.003551231861114502,-2.5423015677141338e-05,0.9208890513334886,-0.00030507618812569606,0.9208890513334886
attn_on_pim_prefill-128xdecode_262_ops_trace.csv,decode,9,95,1,PIM0,pim,7,"Q:0,K:0,V:0,QK:0,Softmax:0,SV:0,O:0",2.529169726539493e-05,2.1477e-05,pim|decode|9|61397802f1888ea563dd9b1ea38edd23,9,sample_step,0.00030350036718473916,0.00025772400000000003,-3.814697265394929e-06,0.8491719545206504,-4.577636718473913e-05,0.8491719545206504
attn_on_pim_prefill-128xdecode_262_ops_trace.csv,decode,9,95,1,PIM1,pim,7,"Q:1,K:1,V:1,QK:1,Softmax:1,SV:1,O:1",2.529169726539493e-05,2.1477e-05,pim|decode|9|9c4e6c099d863efd94751a80c7e404c5,9,sample_step,0.00030350036718473916,0.00025772400000000003,-3.814697265394929e-06,0.8491719545206504,-4.577636718473913e-05,0.8491719545206504
attn_on_pim_prefill-128xdecode_262_ops_trace.csv,decode,9,95,2,GPU0,npu,12,"LN:-1,Add:-1,LN:-1,FFN_W1:0,FFN_W3:0,FFN_W1:1,FFN_W3:1,SwiGLU:0,SwiGLU:1,FFN_W2:0,FFN_W2:1,Add:-1",0.00032135900410334983,0.0002959359884262085,npu|decode|9|2ef4409498d14c672a4fbbfe6786cce6,9,sample_step,0.003856308049240198,0.003551231861114502,-2.5423015677141338e-05,0.9208890513334886,-0.00030507618812569606,0.9208890513334886
attn_on_pim_prefill-128xdecode_262_ops_trace.csv,decode,9,95,2,PIM0,pim,7,"Q:0,K:0,V:0,QK:0,Softmax:0,SV:0,O:0",2.529169726539493e-05,2.1477e-05,pim|decode|9|61397802f1888ea563dd9b1ea38edd23,9,sample_step,0.00030350036718473916,0.00025772400000000003,-3.814697265394929e-06,0.8491719545206504,-4.577636718473913e-05,0.8491719545206504
attn_on_pim_prefill-128xdecode_262_ops_trace.csv,decode,9,95,2,PIM1,pim,7,"Q:1,K:1,V:1,QK:1,Softmax:1,SV:1,O:1",2.529169726539493e-05,2.1477e-05,pim|decode|9|9c4e6c099d863efd94751a80c7e404c5,9,sample_step,0.00030350036718473916,0.00025772400000000003,-3.814697265394929e-06,0.8491719545206504,-4.577636718473913e-05,0.8491719545206504
attn_on_pim_prefill-128xdecode_262_ops_trace.csv,decode,9,95,3,GPU0,npu,12,"LN:-1,Add:-1,LN:-1,FFN_W1:0,FFN_W3:0,FFN_W1:1,FFN_W3:1,SwiGLU:0,SwiGLU:1,FFN_W2:0,FFN_W2:1,Add:-1",0.00032135900410334983,0.0002959359884262085,npu|decode|9|2ef4409498d14c672a4fbbfe6786cce6,9,sample_step,0.003856308049240198,0.003551231861114502,-2.5423015677141338e-05,0.9208890513334886,-0.00030507618812569606,0.9208890513334886
attn_on_pim_prefill-128xdecode_262_ops_trace.csv,decode,9,95,3,PIM0,pim,7,"Q:0,K:0,V:0,QK:0,Softmax:0,SV:0,O:0",2.529169726539493e-05,2.1477e-05,pim|decode|9|61397802f1888ea563dd9b1ea38edd23,9,sample_step,0.00030350036718473916,0.00025772400000000003,-3.814697265394929e-06,0.8491719545206504,-4.577636718473913e-05,0.8491719545206504
attn_on_pim_prefill-128xdecode_262_ops_trace.csv,decode,9,95,3,PIM1,pim,7,"Q:1,K:1,V:1,QK:1,Softmax:1,SV:1,O:1",2.529169726539493e-05,2.1477e-05,pim|decode|9|9c4e6c099d863efd94751a80c7e404c5,9,sample_step,0.00030350036718473916,0.00025772400000000003,-3.814697265394929e-06,0.8491719545206504,-4.577636718473913e-05,0.8491719545206504
attn_on_pim_prefill-128xdecode_262_ops_trace.csv,decode,9,95,4,GPU0,npu,12,"LN:-1,Add:-1,LN:-1,FFN_W1:0,FFN_W3:0,FFN_W1:1,FFN_W3:1,SwiGLU:0,SwiGLU:1,FFN_W2:0,FFN_W2:1,Add:-1",0.00032135900410334983,0.0002959359884262085,npu|decode|9|2ef4409498d14c672a4fbbfe6786cce6,9,sample_step,0.003856308049240198,0.003551231861114502,-2.5423015677141338e-05,0.9208890513334886,-0.00030507618812569606,0.9208890513334886
attn_on_pim_prefill-128xdecode_262_ops_trace.csv,decode,9,95,4,PIM0,pim,7,"Q:0,K:0,V:0,QK:0,Softmax:0,SV:0,O:0",2.529169726539493e-05,2.1477e-05,pim|decode|9|61397802f1888ea563dd9b1ea38edd23,9,sample_step,0.00030350036718473916,0.00025772400000000003,-3.814697265394929e-06,0.8491719545206504,-4.577636718473913e-05,0.8491719545206504
attn_on_pim_prefill-128xdecode_262_ops_trace.csv,decode,9,95,4,PIM1,pim,7,"Q:1,K:1,V:1,QK:1,Softmax:1,SV:1,O:1",2.529169726539493e-05,2.1477e-05,pim|decode|9|9c4e6c099d863efd94751a80c7e404c5,9,sample_step,0.00030350036718473916,0.00025772400000000003,-3.814697265394929e-06,0.8491719545206504,-4.577636718473913e-05,0.8491719545206504
attn_on_pim_prefill-128xdecode_262_ops_trace.csv,decode,9,95,5,GPU0,npu,12,"LN:-1,Add:-1,LN:-1,FFN_W1:0,FFN_W3:0,FFN_W1:1,FFN_W3:1,SwiGLU:0,SwiGLU:1,FFN_W2:0,FFN_W2:1,Add:-1",0.00032135900410334983,0.0002959359884262085,npu|decode|9|2ef4409498d14c672a4fbbfe6786cce6,9,sample_step,0.003856308049240198,0.003551231861114502,-2.5423015677141338e-05,0.9208890513334886,-0.00030507618812569606,0.9208890513334886
attn_on_pim_prefill-128xdecode_262_ops_trace.csv,decode,9,95,5,PIM0,pim,7,"Q:0,K:0,V:0,QK:0,Softmax:0,SV:0,O:0",2.529169726539493e-05,2.1477e-05,pim|decode|9|61397802f1888ea563dd9b1ea38edd23,9,sample_step,0.00030350036718473916,0.00025772400000000003,-3.814697265394929e-06,0.8491719545206504,-4.577636718473913e-05,0.8491719545206504
attn_on_pim_prefill-128xdecode_262_ops_trace.csv,decode,9,95,5,PIM1,pim,7,"Q:1,K:1,V:1,QK:1,Softmax:1,SV:1,O:1",2.529169726539493e-05,2.1477e-05,pim|decode|9|9c4e6c099d863efd94751a80c7e404c5,9,sample_step,0.00030350036718473916,0.00025772400000000003,-3.814697265394929e-06,0.8491719545206504,-4.577636718473913e-05,0.8491719545206504
attn_on_pim_prefill-128xdecode_262_ops_trace.csv,decode,9,95,6,GPU0,npu,12,"LN:-1,Add:-1,LN:-1,FFN_W1:0,FFN_W3:0,FFN_W1:1,FFN_W3:1,SwiGLU:0,SwiGLU:1,FFN_W2:0,FFN_W2:1,Add:-1",0.00032135900410334983,0.0002959359884262085,npu|decode|9|2ef4409498d14c672a4fbbfe6786cce6,9,sample_step,0.003856308049240198,0.003551231861114502,-2.5423015677141338e-05,0.9208890513334886,-0.00030507618812569606,0.9208890513334886
attn_on_pim_prefill-128xdecode_262_ops_trace.csv,decode,9,95,6,PIM0,pim,7,"Q:0,K:0,V:0,QK:0,Softmax:0,SV:0,O:0",2.529169726539493e-05,2.1477e-05,pim|decode|9|61397802f1888ea563dd9b1ea38edd23,9,sample_step,0.00030350036718473916,0.00025772400000000003,-3.814697265394929e-06,0.8491719545206504,-4.577636718473913e-05,0.8491719545206504
attn_on_pim_prefill-128xdecode_262_ops_trace.csv,decode,9,95,6,PIM1,pim,7,"Q:1,K:1,V:1,QK:1,Softmax:1,SV:1,O:1",2.529169726539493e-05,2.1477e-05,pim|decode|9|9c4e6c099d863efd94751a80c7e404c5,9,sample_step,0.00030350036718473916,0.00025772400000000003,-3.814697265394929e-06,0.8491719545206504,-4.577636718473913e-05,0.8491719545206504
attn_on_pim_prefill-128xdecode_262_ops_trace.csv,decode,9,95,7,GPU0,npu,12,"LN:-1,Add:-1,LN:-1,FFN_W1:0,FFN_W3:0,FFN_W1:1,FFN_W3:1,SwiGLU:0,SwiGLU:1,FFN_W2:0,FFN_W2:1,Add:-1",0.00032135900410334983,0.0002959359884262085,npu|decode|9|2ef4409498d14c672a4fbbfe6786cce6,9,sample_step,0.003856308049240198,0.003551231861114502,-2.5423015677141338e-05,0.9208890513334886,-0.00030507618812569606,0.9208890513334886
attn_on_pim_prefill-128xdecode_262_ops_trace.csv,decode,9,95,7,PIM0,pim,7,"Q:0,K:0,V:0,QK:0,Softmax:0,SV:0,O:0",2.529169726539493e-05,2.1477e-05,pim|decode|9|61397802f1888ea563dd9b1ea38edd23,9,sample_step,0.00030350036718473916,0.00025772400000000003,-3.814697265394929e-06,0.8491719545206504,-4.577636718473913e-05,0.8491719545206504
attn_on_pim_prefill-128xdecode_262_ops_trace.csv,decode,9,95,7,PIM1,pim,7,"Q:1,K:1,V:1,QK:1,Softmax:1,SV:1,O:1",2.529169726539493e-05,2.1477e-05,pim|decode|9|9c4e6c099d863efd94751a80c7e404c5,9,sample_step,0.00030350036718473916,0.00025772400000000003,-3.814697265394929e-06,0.8491719545206504,-4.577636718473913e-05,0.8491719545206504
attn_on_pim_prefill-128xdecode_262_ops_trace.csv,decode,9,95,8,GPU0,npu,12,"LN:-1,Add:-1,LN:-1,FFN_W1:0,FFN_W3:0,FFN_W1:1,FFN_W3:1,SwiGLU:0,SwiGLU:1,FFN_W2:0,FFN_W2:1,Add:-1",0.00032135900410334983,0.0002959359884262085,npu|decode|9|2ef4409498d14c672a4fbbfe6786cce6,9,sample_step,0.003856308049240198,0.003551231861114502,-2.5423015677141338e-05,0.9208890513334886,-0.00030507618812569606,0.9208890513334886
attn_on_pim_prefill-128xdecode_262_ops_trace.csv,decode,9,95,8,PIM0,pim,7,"Q:0,K:0,V:0,QK:0,Softmax:0,SV:0,O:0",2.529169726539493e-05,2.1477e-05,pim|decode|9|61397802f1888ea563dd9b1ea38edd23,9,sample_step,0.00030350036718473916,0.00025772400000000003,-3.814697265394929e-06,0.8491719545206504,-4.577636718473913e-05,0.8491719545206504
attn_on_pim_prefill-128xdecode_262_ops_trace.csv,decode,9,95,8,PIM1,pim,7,"Q:1,K:1,V:1,QK:1,Softmax:1,SV:1,O:1",2.529169726539493e-05,2.1477e-05,pim|decode|9|9c4e6c099d863efd94751a80c7e404c5,9,sample_step,0.00030350036718473916,0.00025772400000000003,-3.814697265394929e-06,0.8491719545206504,-4.577636718473913e-05,0.8491719545206504
attn_on_pim_prefill-128xdecode_262_ops_trace.csv,decode,9,95,9,GPU0,npu,12,"LN:-1,Add:-1,LN:-1,FFN_W1:0,FFN_W3:0,FFN_W1:1,FFN_W3:1,SwiGLU:0,SwiGLU:1,FFN_W2:0,FFN_W2:1,Add:-1",0.00032135900410334983,0.0002959359884262085,npu|decode|9|2ef4409498d14c672a4fbbfe6786cce6,9,sample_step,0.003856308049240198,0.003551231861114502,-2.5423015677141338e-05,0.9208890513334886,-0.00030507618812569606,0.9208890513334886
attn_on_pim_prefill-128xdecode_262_ops_trace.csv,decode,9,95,9,PIM0,pim,7,"Q:0,K:0,V:0,QK:0,Softmax:0,SV:0,O:0",2.529169726539493e-05,2.1477e-05,pim|decode|9|61397802f1888ea563dd9b1ea38edd23,9,sample_step,0.00030350036718473916,0.00025772400000000003,-3.814697265394929e-06,0.8491719545206504,-4.577636718473913e-05,0.8491719545206504
attn_on_pim_prefill-128xdecode_262_ops_trace.csv,decode,9,95,9,PIM1,pim,7,"Q:1,K:1,V:1,QK:1,Softmax:1,SV:1,O:1",2.529169726539493e-05,2.1477e-05,pim|decode|9|9c4e6c099d863efd94751a80c7e404c5,9,sample_step,0.00030350036718473916,0.00025772400000000003,-3.814697265394929e-06,0.8491719545206504,-4.577636718473913e-05,0.8491719545206504
attn_on_pim_prefill-128xdecode_262_ops_trace.csv,decode,9,95,10,GPU0,npu,12,"LN:-1,Add:-1,LN:-1,FFN_W1:0,FFN_W3:0,FFN_W1:1,FFN_W3:1,SwiGLU:0,SwiGLU:1,FFN_W2:0,FFN_W2:1,Add:-1",0.00032135900410334983,0.0002959359884262085,npu|decode|9|2ef4409498d14c672a4fbbfe6786cce6,9,sample_step,0.003856308049240198,0.003551231861114502,-2.5423015677141338e-05,0.9208890513334886,-0.00030507618812569606,0.9208890513334886
attn_on_pim_prefill-128xdecode_262_ops_trace.csv,decode,9,95,10,PIM0,pim,7,"Q:0,K:0,V:0,QK:0,Softmax:0,SV:0,O:0",2.529169726539493e-05,2.1477e-05,pim|decode|9|61397802f1888ea563dd9b1ea38edd23,9,sample_step,0.00030350036718473916,0.00025772400000000003,-3.814697265394929e-06,0.8491719545206504,-4.577636718473913e-05,0.8491719545206504
attn_on_pim_prefill-128xdecode_262_ops_trace.csv,decode,9,95,10,PIM1,pim,7,"Q:1,K:1,V:1,QK:1,Softmax:1,SV:1,O:1",2.529169726539493e-05,2.1477e-05,pim|decode|9|9c4e6c099d863efd94751a80c7e404c5,9,sample_step,0.00030350036718473916,0.00025772400000000003,-3.814697265394929e-06,0.8491719545206504,-4.577636718473913e-05,0.8491719545206504
attn_on_pim_prefill-128xdecode_262_ops_trace.csv,decode,9,95,11,GPU0,npu,12,"LN:-1,Add:-1,LN:-1,FFN_W1:0,FFN_W3:0,FFN_W1:1,FFN_W3:1,SwiGLU:0,SwiGLU:1,FFN_W2:0,FFN_W2:1,Add:-1",0.00032135900410334983,0.0002959359884262085,npu|decode|9|2ef4409498d14c672a4fbbfe6786cce6,9,sample_step,0.003856308049240198,0.003551231861114502,-2.5423015677141338e-05,0.9208890513334886,-0.00030507618812569606,0.9208890513334886
attn_on_pim_prefill-128xdecode_262_ops_trace.csv,decode,9,95,11,PIM0,pim,7,"Q:0,K:0,V:0,QK:0,Softmax:0,SV:0,O:0",2.529169726539493e-05,2.1477e-05,pim|decode|9|61397802f1888ea563dd9b1ea38edd23,9,sample_step,0.00030350036718473916,0.00025772400000000003,-3.814697265394929e-06,0.8491719545206504,-4.577636718473913e-05,0.8491719545206504
attn_on_pim_prefill-128xdecode_262_ops_trace.csv,decode,9,95,11,PIM1,pim,7,"Q:1,K:1,V:1,QK:1,Softmax:1,SV:1,O:1",2.529169726539493e-05,2.1477e-05,pim|decode|9|9c4e6c099d863efd94751a80c7e404c5,9,sample_step,0.00030350036718473916,0.00025772400000000003,-3.814697265394929e-06,0.8491719545206504,-4.577636718473913e-05,0.8491719545206504
attn_on_pim_prefill-128xdecode_262_ops_trace.csv,decode,9,95,12,GPU0,npu,12,"LN:-1,Add:-1,LN:-1,FFN_W1:0,FFN_W3:0,FFN_W1:1,FFN_W3:1,SwiGLU:0,SwiGLU:1,FFN_W2:0,FFN_W2:1,Add:-1",0.00032135900410334983,0.0002959359884262085,npu|decode|9|2ef4409498d14c672a4fbbfe6786cce6,9,sample_step,0.003856308049240198,0.003551231861114502,-2.5423015677141338e-05,0.9208890513334886,-0.00030507618812569606,0.9208890513334886
attn_on_pim_prefill-128xdecode_262_ops_trace.csv,decode,9,95,12,PIM0,pim,7,"Q:0,K:0,V:0,QK:0,Softmax:0,SV:0,O:0",2.529169726539493e-05,2.1477e-05,pim|decode|9|61397802f1888ea563dd9b1ea38edd23,9,sample_step,0.00030350036718473916,0.00025772400000000003,-3.814697265394929e-06,0.8491719545206504,-4.577636718473913e-05,0.8491719545206504
attn_on_pim_prefill-128xdecode_262_ops_trace.csv,decode,9,95,12,PIM1,pim,7,"Q:1,K:1,V:1,QK:1,Softmax:1,SV:1,O:1",2.529169726539493e-05,2.1477e-05,pim|decode|9|9c4e6c099d863efd94751a80c7e404c5,9,sample_step,0.00030350036718473916,0.00025772400000000003,-3.814697265394929e-06,0.8491719545206504,-4.577636718473913e-05,0.8491719545206504
attn_on_pim_prefill-128xdecode_262_ops_trace.csv,decode,9,95,13,GPU0,npu,12,"LN:-1,Add:-1,LN:-1,FFN_W1:0,FFN_W3:0,FFN_W1:1,FFN_W3:1,SwiGLU:0,SwiGLU:1,FFN_W2:0,FFN_W2:1,Add:-1",0.00032135900410334983,0.0002959359884262085,npu|decode|9|2ef4409498d14c672a4fbbfe6786cce6,9,sample_step,0.003856308049240198,0.003551231861114502,-2.5423015677141338e-05,0.9208890513334886,-0.00030507618812569606,0.9208890513334886
attn_on_pim_prefill-128xdecode_262_ops_trace.csv,decode,9,95,13,PIM0,pim,7,"Q:0,K:0,V:0,QK:0,Softmax:0,SV:0,O:0",2.529169726539493e-05,2.1477e-05,pim|decode|9|61397802f1888ea563dd9b1ea38edd23,9,sample_step,0.00030350036718473916,0.00025772400000000003,-3.814697265394929e-06,0.8491719545206504,-4.577636718473913e-05,0.8491719545206504
attn_on_pim_prefill-128xdecode_262_ops_trace.csv,decode,9,95,13,PIM1,pim,7,"Q:1,K:1,V:1,QK:1,Softmax:1,SV:1,O:1",2.529169726539493e-05,2.1477e-05,pim|decode|9|9c4e6c099d863efd94751a80c7e404c5,9,sample_step,0.00030350036718473916,0.00025772400000000003,-3.814697265394929e-06,0.8491719545206504,-4.577636718473913e-05,0.8491719545206504
attn_on_pim_prefill-128xdecode_262_ops_trace.csv,decode,9,95,14,GPU0,npu,12,"LN:-1,Add:-1,LN:-1,FFN_W1:0,FFN_W3:0,FFN_W1:1,FFN_W3:1,SwiGLU:0,SwiGLU:1,FFN_W2:0,FFN_W2:1,Add:-1",0.00032135900410334983,0.0002959359884262085,npu|decode|9|2ef4409498d14c672a4fbbfe6786cce6,9,sample_step,0.003856308049240198,0.003551231861114502,-2.5423015677141338e-05,0.9208890513334886,-0.00030507618812569606,0.9208890513334886
attn_on_pim_prefill-128xdecode_262_ops_trace.csv,decode,9,95,14,PIM0,pim,7,"Q:0,K:0,V:0,QK:0,Softmax:0,SV:0,O:0",2.529169726539493e-05,2.1477e-05,pim|decode|9|61397802f1888ea563dd9b1ea38edd23,9,sample_step,0.00030350036718473916,0.00025772400000000003,-3.814697265394929e-06,0.8491719545206504,-4.577636718473913e-05,0.8491719545206504
attn_on_pim_prefill-128xdecode_262_ops_trace.csv,decode,9,95,14,PIM1,pim,7,"Q:1,K:1,V:1,QK:1,Softmax:1,SV:1,O:1",2.529169726539493e-05,2.1477e-05,pim|decode|9|9c4e6c099d863efd94751a80c7e404c5,9,sample_step,0.00030350036718473916,0.00025772400000000003,-3.814697265394929e-06,0.8491719545206504,-4.577636718473913e-05,0.8491719545206504
attn_on_pim_prefill-128xdecode_262_ops_trace.csv,decode,9,95,15,GPU0,npu,12,"LN:-1,Add:-1,LN:-1,FFN_W1:0,FFN_W3:0,FFN_W1:1,FFN_W3:1,SwiGLU:0,SwiGLU:1,FFN_W2:0,FFN_W2:1,Add:-1",0.00032135900410334983,0.0002959359884262085,npu|decode|9|2ef4409498d14c672a4fbbfe6786cce6,9,sample_step,0.003856308049240198,0.003551231861114502,-2.5423015677141338e-05,0.9208890513334886,-0.00030507618812569606,0.9208890513334886
attn_on_pim_prefill-128xdecode_262_ops_trace.csv,decode,9,95,15,PIM0,pim,7,"Q:0,K:0,V:0,QK:0,Softmax:0,SV:0,O:0",2.529169726539493e-05,2.1477e-05,pim|decode|9|61397802f1888ea563dd9b1ea38edd23,9,sample_step,0.00030350036718473916,0.00025772400000000003,-3.814697265394929e-06,0.8491719545206504,-4.577636718473913e-05,0.8491719545206504
attn_on_pim_prefill-128xdecode_262_ops_trace.csv,decode,9,95,15,PIM1,pim,7,"Q:1,K:1,V:1,QK:1,Softmax:1,SV:1,O:1",2.529169726539493e-05,2.1477e-05,pim|decode|9|9c4e6c099d863efd94751a80c7e404c5,9,sample_step,0.00030350036718473916,0.00025772400000000003,-3.814697265394929e-06,0.8491719545206504,-4.577636718473913e-05,0.8491719545206504
attn_on_pim_prefill-128xdecode_262_ops_trace.csv,decode,9,95,16,GPU0,npu,12,"LN:-1,Add:-1,LN:-1,FFN_W1:0,FFN_W3:0,FFN_W1:1,FFN_W3:1,SwiGLU:0,SwiGLU:1,FFN_W2:0,FFN_W2:1,Add:-1",0.00032135900410334983,0.0002959359884262085,npu|decode|9|2ef4409498d14c672a4fbbfe6786cce6,9,sample_step,0.003856308049240198,0.003551231861114502,-2.5423015677141338e-05,0.9208890513334886,-0.00030507618812569606,0.9208890513334886
attn_on_pim_prefill-128xdecode_262_ops_trace.csv,decode,9,95,16,PIM0,pim,7,"Q:0,K:0,V:0,QK:0,Softmax:0,SV:0,O:0",2.529169726539493e-05,2.1477e-05,pim|decode|9|61397802f1888ea563dd9b1ea38edd23,9,sample_step,0.00030350036718473916,0.00025772400000000003,-3.814697265394929e-06,0.8491719545206504,-4.577636718473913e-05,0.8491719545206504
attn_on_pim_prefill-128xdecode_262_ops_trace.csv,decode,9,95,16,PIM1,pim,7,"Q:1,K:1,V:1,QK:1,Softmax:1,SV:1,O:1",2.529169726539493e-05,2.1477e-05,pim|decode|9|9c4e6c099d863efd94751a80c7e404c5,9,sample_step,0.00030350036718473916,0.00025772400000000003,-3.814697265394929e-06,0.8491719545206504,-4.577636718473913e-05,0.8491719545206504
attn_on_pim_prefill-128xdecode_262_ops_trace.csv,decode,9,95,17,GPU0,npu,12,"LN:-1,Add:-1,LN:-1,FFN_W1:0,FFN_W3:0,FFN_W1:1,FFN_W3:1,SwiGLU:0,SwiGLU:1,FFN_W2:0,FFN_W2:1,Add:-1",0.00032135900410334983,0.0002959359884262085,npu|decode|9|2ef4409498d14c672a4fbbfe6786cce6,9,sample_step,0.003856308049240198,0.003551231861114502,-2.5423015677141338e-05,0.9208890513334886,-0.00030507618812569606,0.9208890513334886
attn_on_pim_prefill-128xdecode_262_ops_trace.csv,decode,9,95,17,PIM0,pim,7,"Q:0,K:0,V:0,QK:0,Softmax:0,SV:0,O:0",2.529169726539493e-05,2.1477e-05,pim|decode|9|61397802f1888ea563dd9b1ea38edd23,9,sample_step,0.00030350036718473916,0.00025772400000000003,-3.814697265394929e-06,0.8491719545206504,-4.577636718473913e-05,0.8491719545206504
attn_on_pim_prefill-128xdecode_262_ops_trace.csv,decode,9,95,17,PIM1,pim,7,"Q:1,K:1,V:1,QK:1,Softmax:1,SV:1,O:1",2.529169726539493e-05,2.1477e-05,pim|decode|9|9c4e6c099d863efd94751a80c7e404c5,9,sample_step,0.00030350036718473916,0.00025772400000000003,-3.814697265394929e-06,0.8491719545206504,-4.577636718473913e-05,0.8491719545206504
attn_on_pim_prefill-128xdecode_262_ops_trace.csv,decode,9,95,18,GPU0,npu,12,"LN:-1,Add:-1,LN:-1,FFN_W1:0,FFN_W3:0,FFN_W1:1,FFN_W3:1,SwiGLU:0,SwiGLU:1,FFN_W2:0,FFN_W2:1,Add:-1",0.00032135900410334983,0.0002959359884262085,npu|decode|9|2ef4409498d14c672a4fbbfe6786cce6,9,sample_step,0.003856308049240198,0.003551231861114502,-2.5423015677141338e-05,0.9208890513334886,-0.00030507618812569606,0.9208890513334886
attn_on_pim_prefill-128xdecode_262_ops_trace.csv,decode,9,95,18,PIM0,pim,7,"Q:0,K:0,V:0,QK:0,Softmax:0,SV:0,O:0",2.529169726539493e-05,2.1477e-05,pim|decode|9|61397802f1888ea563dd9b1ea38edd23,9,sample_step,0.00030350036718473916,0.00025772400000000003,-3.814697265394929e-06,0.8491719545206504,-4.577636718473913e-05,0.8491719545206504
attn_on_pim_prefill-128xdecode_262_ops_trace.csv,decode,9,95,18,PIM1,pim,7,"Q:1,K:1,V:1,QK:1,Softmax:1,SV:1,O:1",2.529169726539493e-05,2.1477e-05,pim|decode|9|9c4e6c099d863efd94751a80c7e404c5,9,sample_step,0.00030350036718473916,0.00025772400000000003,-3.814697265394929e-06,0.8491719545206504,-4.577636718473913e-05,0.8491719545206504
attn_on_pim_prefill-128xdecode_262_ops_trace.csv,decode,9,95,19,GPU0,npu,12,"LN:-1,Add:-1,LN:-1,FFN_W1:0,FFN_W3:0,FFN_W1:1,FFN_W3:1,SwiGLU:0,SwiGLU:1,FFN_W2:0,FFN_W2:1,Add:-1",0.00032135900410334983,0.0002959359884262085,npu|decode|9|2ef4409498d14c672a4fbbfe6786cce6,9,sample_step,0.003856308049240198,0.003551231861114502,-2.5423015677141338e-05,0.9208890513334886,-0.00030507618812569606,0.9208890513334886
attn_on_pim_prefill-128xdecode_262_ops_trace.csv,decode,9,95,19,PIM0,pim,7,"Q:0,K:0,V:0,QK:0,Softmax:0,SV:0,O:0",2.529169726539493e-05,2.1477e-05,pim|decode|9|61397802f1888ea563dd9b1ea38edd23,9,sample_step,0.00030350036718473916,0.00025772400000000003,-3.814697265394929e-06,0.8491719545206504,-4.577636718473913e-05,0.8491719545206504
attn_on_pim_prefill-128xdecode_262_ops_trace.csv,decode,9,95,19,PIM1,pim,7,"Q:1,K:1,V:1,QK:1,Softmax:1,SV:1,O:1",2.529169726539493e-05,2.1477e-05,pim|decode|9|9c4e6c099d863efd94751a80c7e404c5,9,sample_step,0.00030350036718473916,0.00025772400000000003,-3.814697265394929e-06,0.8491719545206504,-4.577636718473913e-05,0.8491719545206504
attn_on_pim_prefill-128xdecode_262_ops_trace.csv,decode,9,95,20,GPU0,npu,12,"LN:-1,Add:-1,LN:-1,FFN_W1:0,FFN_W3:0,FFN_W1:1,FFN_W3:1,SwiGLU:0,SwiGLU:1,FFN_W2:0,FFN_W2:1,Add:-1",0.00032135900410334983,0.0002959359884262085,npu|decode|9|2ef4409498d14c672a4fbbfe6786cce6,9,sample_step,0.003856308049240198,0.003551231861114502,-2.5423015677141338e-05,0.9208890513334886,-0.00030507618812569606,0.9208890513334886
attn_on_pim_prefill-128xdecode_262_ops_trace.csv,decode,9,95,20,PIM0,pim,7,"Q:0,K:0,V:0,QK:0,Softmax:0,SV:0,O:0",2.529169726539493e-05,2.1477e-05,pim|decode|9|61397802f1888ea563dd9b1ea38edd23,9,sample_step,0.00030350036718473916,0.00025772400000000003,-3.814697265394929e-06,0.8491719545206504,-4.577636718473913e-05,0.8491719545206504
attn_on_pim_prefill-128xdecode_262_ops_trace.csv,decode,9,95,20,PIM1,pim,7,"Q:1,K:1,V:1,QK:1,Softmax:1,SV:1,O:1",2.529169726539493e-05,2.1477e-05,pim|decode|9|9c4e6c099d863efd94751a80c7e404c5,9,sample_step,0.00030350036718473916,0.00025772400000000003,-3.814697265394929e-06,0.8491719545206504,-4.577636718473913e-05,0.8491719545206504
attn_on_pim_prefill-128xdecode_262_ops_trace.csv,decode,9,95,21,GPU0,npu,12,"LN:-1,Add:-1,LN:-1,FFN_W1:0,FFN_W3:0,FFN_W1:1,FFN_W3:1,SwiGLU:0,SwiGLU:1,FFN_W2:0,FFN_W2:1,Add:-1",0.00032135900410334983,0.0002959359884262085,npu|decode|9|2ef4409498d14c672a4fbbfe6786cce6,9,sample_step,0.003856308049240198,0.003551231861114502,-2.5423015677141338e-05,0.9208890513334886,-0.00030507618812569606,0.9208890513334886
attn_on_pim_prefill-128xdecode_262_ops_trace.csv,decode,9,95,21,PIM0,pim,7,"Q:0,K:0,V:0,QK:0,Softmax:0,SV:0,O:0",2.529169726539493e-05,2.1477e-05,pim|decode|9|61397802f1888ea563dd9b1ea38edd23,9,sample_step,0.00030350036718473916,0.00025772400000000003,-3.814697265394929e-06,0.8491719545206504,-4.577636718473913e-05,0.8491719545206504
attn_on_pim_prefill-128xdecode_262_ops_trace.csv,decode,9,95,21,PIM1,pim,7,"Q:1,K:1,V:1,QK:1,Softmax:1,SV:1,O:1",2.529169726539493e-05,2.1477e-05,pim|decode|9|9c4e6c099d863efd94751a80c7e404c5,9,sample_step,0.00030350036718473916,0.00025772400000000003,-3.814697265394929e-06,0.8491719545206504,-4.577636718473913e-05,0.8491719545206504
attn_on_pim_prefill-128xdecode_262_ops_trace.csv,decode,9,95,22,GPU0,npu,12,"LN:-1,Add:-1,LN:-1,FFN_W1:0,FFN_W3:0,FFN_W1:1,FFN_W3:1,SwiGLU:0,SwiGLU:1,FFN_W2:0,FFN_W2:1,Add:-1",0.00032135900410334983,0.0002959359884262085,npu|decode|9|2ef4409498d14c672a4fbbfe6786cce6,9,sample_step,0.003856308049240198,0.003551231861114502,-2.5423015677141338e-05,0.9208890513334886,-0.00030507618812569606,0.9208890513334886
attn_on_pim_prefill-128xdecode_262_ops_trace.csv,decode,9,95,22,PIM0,pim,7,"Q:0,K:0,V:0,QK:0,Softmax:0,SV:0,O:0",2.529169726539493e-05,2.1477e-05,pim|decode|9|61397802f1888ea563dd9b1ea38edd23,9,sample_step,0.00030350036718473916,0.00025772400000000003,-3.814697265394929e-06,0.8491719545206504,-4.577636718473913e-05,0.8491719545206504
attn_on_pim_prefill-128xdecode_262_ops_trace.csv,decode,9,95,22,PIM1,pim,7,"Q:1,K:1,V:1,QK:1,Softmax:1,SV:1,O:1",2.529169726539493e-05,2.1477e-05,pim|decode|9|9c4e6c099d863efd94751a80c7e404c5,9,sample_step,0.00030350036718473916,0.00025772400000000003,-3.814697265394929e-06,0.8491719545206504,-4.577636718473913e-05,0.8491719545206504
attn_on_pim_prefill-128xdecode_262_ops_trace.csv,decode,9,95,23,GPU0,npu,12,"LN:-1,Add:-1,LN:-1,FFN_W1:0,FFN_W3:0,FFN_W1:1,FFN_W3:1,SwiGLU:0,SwiGLU:1,FFN_W2:0,FFN_W2:1,Add:-1",0.00032135900410334983,0.0002959359884262085,npu|decode|9|2ef4409498d14c672a4fbbfe6786cce6,9,sample_step,0.003856308049240198,0.003551231861114502,-2.5423015677141338e-05,0.9208890513334886,-0.00030507618812569606,0.9208890513334886
attn_on_pim_prefill-128xdecode_262_ops_trace.csv,decode,9,95,23,PIM0,pim,7,"Q:0,K:0,V:0,QK:0,Softmax:0,SV:0,O:0",2.529169726539493e-05,2.1477e-05,pim|decode|9|61397802f1888ea563dd9b1ea38edd23,9,sample_step,0.00030350036718473916,0.00025772400000000003,-3.814697265394929e-06,0.8491719545206504,-4.577636718473913e-05,0.8491719545206504
attn_on_pim_prefill-128xdecode_262_ops_trace.csv,decode,9,95,23,PIM1,pim,7,"Q:1,K:1,V:1,QK:1,Softmax:1,SV:1,O:1",2.529169726539493e-05,2.1477e-05,pim|decode|9|9c4e6c099d863efd94751a80c7e404c5,9,sample_step,0.00030350036718473916,0.00025772400000000003,-3.814697265394929e-06,0.8491719545206504,-4.577636718473913e-05,0.8491719545206504
attn_on_pim_prefill-128xdecode_262_ops_trace.csv,decode,9,95,24,GPU0,npu,12,"LN:-1,Add:-1,LN:-1,FFN_W1:0,FFN_W3:0,FFN_W1:1,FFN_W3:1,SwiGLU:0,SwiGLU:1,FFN_W2:0,FFN_W2:1,Add:-1",0.00032135900410334983,0.0002959359884262085,npu|decode|9|2ef4409498d14c672a4fbbfe6786cce6,9,sample_step,0.003856308049240198,0.003551231861114502,-2.5423015677141338e-05,0.9208890513334886,-0.00030507618812569606,0.9208890513334886
attn_on_pim_prefill-128xdecode_262_ops_trace.csv,decode,9,95,24,PIM0,pim,7,"Q:0,K:0,V:0,QK:0,Softmax:0,SV:0,O:0",2.529169726539493e-05,2.1477e-05,pim|decode|9|61397802f1888ea563dd9b1ea38edd23,9,sample_step,0.00030350036718473916,0.00025772400000000003,-3.814697265394929e-06,0.8491719545206504,-4.577636718473913e-05,0.8491719545206504
attn_on_pim_prefill-128xdecode_262_ops_trace.csv,decode,9,95,24,PIM1,pim,7,"Q:1,K:1,V:1,QK:1,Softmax:1,SV:1,O:1",2.529169726539493e-05,2.1477e-05,pim|decode|9|9c4e6c099d863efd94751a80c7e404c5,9,sample_step,0.00030350036718473916,0.00025772400000000003,-3.814697265394929e-06,0.8491719545206504,-4.577636718473913e-05,0.8491719545206504
attn_on_pim_prefill-128xdecode_262_ops_trace.csv,decode,9,95,25,GPU0,npu,12,"LN:-1,Add:-1,LN:-1,FFN_W1:0,FFN_W3:0,FFN_W1:1,FFN_W3:1,SwiGLU:0,SwiGLU:1,FFN_W2:0,FFN_W2:1,Add:-1",0.00032135900410334983,0.0002959359884262085,npu|decode|9|2ef4409498d14c672a4fbbfe6786cce6,9,sample_step,0.003856308049240198,0.003551231861114502,-2.5423015677141338e-05,0.9208890513334886,-0.00030507618812569606,0.9208890513334886
attn_on_pim_prefill-128xdecode_262_ops_trace.csv,decode,9,95,25,PIM0,pim,7,"Q:0,K:0,V:0,QK:0,Softmax:0,SV:0,O:0",2.529169726539493e-05,2.1477e-05,pim|decode|9|61397802f1888ea563dd9b1ea38edd23,9,sample_step,0.00030350036718473916,0.00025772400000000003,-3.814697265394929e-06,0.8491719545206504,-4.577636718473913e-05,0.8491719545206504
attn_on_pim_prefill-128xdecode_262_ops_trace.csv,decode,9,95,25,PIM1,pim,7,"Q:1,K:1,V:1,QK:1,Softmax:1,SV:1,O:1",2.529169726539493e-05,2.1477e-05,pim|decode|9|9c4e6c099d863efd94751a80c7e404c5,9,sample_step,0.00030350036718473916,0.00025772400000000003,-3.814697265394929e-06,0.8491719545206504,-4.577636718473913e-05,0.8491719545206504
attn_on_pim_prefill-128xdecode_262_ops_trace.csv,decode,9,95,26,GPU0,npu,12,"LN:-1,Add:-1,LN:-1,FFN_W1:0,FFN_W3:0,FFN_W1:1,FFN_W3:1,SwiGLU:0,SwiGLU:1,FFN_W2:0,FFN_W2:1,Add:-1",0.00032135900410334983,0.0002959359884262085,npu|decode|9|2ef4409498d14c672a4fbbfe6786cce6,9,sample_step,0.003856308049240198,0.003551231861114502,-2.5423015677141338e-05,0.9208890513334886,-0.00030507618812569606,0.9208890513334886
attn_on_pim_prefill-128xdecode_262_ops_trace.csv,decode,9,95,26,PIM0,pim,7,"Q:0,K:0,V:0,QK:0,Softmax:0,SV:0,O:0",2.529169726539493e-05,2.1477e-05,pim|decode|9|61397802f1888ea563dd9b1ea38edd23,9,sample_step,0.00030350036718473916,0.00025772400000000003,-3.814697265394929e-06,0.8491719545206504,-4.577636718473913e-05,0.8491719545206504
attn_on_pim_prefill-128xdecode_262_ops_trace.csv,decode,9,95,26,PIM1,pim,7,"Q:1,K:1,V:1,QK:1,Softmax:1,SV:1,O:1",2.529169726539493e-05,2.1477e-05,pim|decode|9|9c4e6c099d863efd94751a80c7e404c5,9,sample_step,0.00030350036718473916,0.00025772400000000003,-3.814697265394929e-06,0.8491719545206504,-4.577636718473913e-05,0.8491719545206504
attn_on_pim_prefill-128xdecode_262_ops_trace.csv,decode,9,95,27,GPU0,npu,12,"LN:-1,Add:-1,LN:-1,FFN_W1:0,FFN_W3:0,FFN_W1:1,FFN_W3:1,SwiGLU:0,SwiGLU:1,FFN_W2:0,FFN_W2:1,Add:-1",0.00032135900410334983,0.0002959359884262085,npu|decode|9|2ef4409498d14c672a4fbbfe6786cce6,9,sample_step,0.003856308049240198,0.003551231861114502,-2.5423015677141338e-05,0.9208890513334886,-0.00030507618812569606,0.9208890513334886
attn_on_pim_prefill-128xdecode_262_ops_trace.csv,decode,9,95,27,PIM0,pim,7,"Q:0,K:0,V:0,QK:0,Softmax:0,SV:0,O:0",2.529169726539493e-05,2.1477e-05,pim|decode|9|61397802f1888ea563dd9b1ea38edd23,9,sample_step,0.00030350036718473916,0.00025772400000000003,-3.814697265394929e-06,0.8491719545206504,-4.577636718473913e-05,0.8491719545206504
attn_on_pim_prefill-128xdecode_262_ops_trace.csv,decode,9,95,27,PIM1,pim,7,"Q:1,K:1,V:1,QK:1,Softmax:1,SV:1,O:1",2.529169726539493e-05,2.1477e-05,pim|decode|9|9c4e6c099d863efd94751a80c7e404c5,9,sample_step,0.00030350036718473916,0.00025772400000000003,-3.814697265394929e-06,0.8491719545206504,-4.577636718473913e-05,0.8491719545206504
attn_on_pim_prefill-128xdecode_262_ops_trace.csv,decode,9,95,28,GPU0,npu,12,"LN:-1,Add:-1,LN:-1,FFN_W1:0,FFN_W3:0,FFN_W1:1,FFN_W3:1,SwiGLU:0,SwiGLU:1,FFN_W2:0,FFN_W2:1,Add:-1",0.00032135900410334983,0.0002959359884262085,npu|decode|9|2ef4409498d14c672a4fbbfe6786cce6,9,sample_step,0.003856308049240198,0.003551231861114502,-2.5423015677141338e-05,0.9208890513334886,-0.00030507618812569606,0.9208890513334886
attn_on_pim_prefill-128xdecode_262_ops_trace.csv,decode,9,95,28,PIM0,pim,7,"Q:0,K:0,V:0,QK:0,Softmax:0,SV:0,O:0",2.529169726539493e-05,2.1477e-05,pim|decode|9|61397802f1888ea563dd9b1ea38edd23,9,sample_step,0.00030350036718473916,0.00025772400000000003,-3.814697265394929e-06,0.8491719545206504,-4.577636718473913e-05,0.8491719545206504
attn_on_pim_prefill-128xdecode_262_ops_trace.csv,decode,9,95,28,PIM1,pim,7,"Q:1,K:1,V:1,QK:1,Softmax:1,SV:1,O:1",2.529169726539493e-05,2.1477e-05,pim|decode|9|9c4e6c099d863efd94751a80c7e404c5,9,sample_step,0.00030350036718473916,0.00025772400000000003,-3.814697265394929e-06,0.8491719545206504,-4.577636718473913e-05,0.8491719545206504
attn_on_pim_prefill-128xdecode_262_ops_trace.csv,decode,9,95,29,GPU0,npu,12,"LN:-1,Add:-1,LN:-1,FFN_W1:0,FFN_W3:0,FFN_W1:1,FFN_W3:1,SwiGLU:0,SwiGLU:1,FFN_W2:0,FFN_W2:1,Add:-1",0.00032135900410334983,0.0002959359884262085,npu|decode|9|2ef4409498d14c672a4fbbfe6786cce6,9,sample_step,0.003856308049240198,0.003551231861114502,-2.5423015677141338e-05,0.9208890513334886,-0.00030507618812569606,0.9208890513334886
attn_on_pim_prefill-128xdecode_262_ops_trace.csv,decode,9,95,29,PIM0,pim,7,"Q:0,K:0,V:0,QK:0,Softmax:0,SV:0,O:0",2.529169726539493e-05,2.1477e-05,pim|decode|9|61397802f1888ea563dd9b1ea38edd23,9,sample_step,0.00030350036718473916,0.00025772400000000003,-3.814697265394929e-06,0.8491719545206504,-4.577636718473913e-05,0.8491719545206504
attn_on_pim_prefill-128xdecode_262_ops_trace.csv,decode,9,95,29,PIM1,pim,7,"Q:1,K:1,V:1,QK:1,Softmax:1,SV:1,O:1",2.529169726539493e-05,2.1477e-05,pim|decode|9|9c4e6c099d863efd94751a80c7e404c5,9,sample_step,0.00030350036718473916,0.00025772400000000003,-3.814697265394929e-06,0.8491719545206504,-4.577636718473913e-05,0.8491719545206504
attn_on_pim_prefill-128xdecode_262_ops_trace.csv,decode,9,95,30,GPU0,npu,12,"LN:-1,Add:-1,LN:-1,FFN_W1:0,FFN_W3:0,FFN_W1:1,FFN_W3:1,SwiGLU:0,SwiGLU:1,FFN_W2:0,FFN_W2:1,Add:-1",0.00032135900410334983,0.0002959359884262085,npu|decode|9|2ef4409498d14c672a4fbbfe6786cce6,9,sample_step,0.003856308049240198,0.003551231861114502,-2.5423015677141338e-05,0.9208890513334886,-0.00030507618812569606,0.9208890513334886
attn_on_pim_prefill-128xdecode_262_ops_trace.csv,decode,9,95,30,PIM0,pim,7,"Q:0,K:0,V:0,QK:0,Softmax:0,SV:0,O:0",2.529169726539493e-05,2.1477e-05,pim|decode|9|61397802f1888ea563dd9b1ea38edd23,9,sample_step,0.00030350036718473916,0.00025772400000000003,-3.814697265394929e-06,0.8491719545206504,-4.577636718473913e-05,0.8491719545206504
attn_on_pim_prefill-128xdecode_262_ops_trace.csv,decode,9,95,30,PIM1,pim,7,"Q:1,K:1,V:1,QK:1,Softmax:1,SV:1,O:1",2.529169726539493e-05,2.1477e-05,pim|decode|9|9c4e6c099d863efd94751a80c7e404c5,9,sample_step,0.00030350036718473916,0.00025772400000000003,-3.814697265394929e-06,0.8491719545206504,-4.577636718473913e-05,0.8491719545206504
attn_on_pim_prefill-128xdecode_262_ops_trace.csv,decode,9,95,31,GPU0,npu,12,"LN:-1,Add:-1,LN:-1,FFN_W1:0,FFN_W3:0,FFN_W1:1,FFN_W3:1,SwiGLU:0,SwiGLU:1,FFN_W2:0,FFN_W2:1,Add:-1",0.00032135900410334983,0.0002959359884262085,npu|decode|9|2ef4409498d14c672a4fbbfe6786cce6,9,sample_step,0.003856308049240198,0.003551231861114502,-2.5423015677141338e-05,0.9208890513334886,-0.00030507618812569606,0.9208890513334886
attn_on_pim_prefill-128xdecode_262_ops_trace.csv,decode,9,95,31,PIM0,pim,7,"Q:0,K:0,V:0,QK:0,Softmax:0,SV:0,O:0",2.529169726539493e-05,2.1477e-05,pim|decode|9|61397802f1888ea563dd9b1ea38edd23,9,sample_step,0.00030350036718473916,0.00025772400000000003,-3.814697265394929e-06,0.8491719545206504,-4.577636718473913e-05,0.8491719545206504
attn_on_pim_prefill-128xdecode_262_ops_trace.csv,decode,9,95,31,PIM1,pim,7,"Q:1,K:1,V:1,QK:1,Softmax:1,SV:1,O:1",2.529169726539493e-05,2.1477e-05,pim|decode|9|9c4e6c099d863efd94751a80c7e404c5,9,sample_step,0.00030350036718473916,0.00025772400000000003,-3.814697265394929e-06,0.8491719545206504,-4.577636718473913e-05,0.8491719545206504
attn_on_pim_prefill-128xdecode_262_ops_trace.csv,decode,10,107,0,GPU0,npu,12,"LN:-1,Add:-1,LN:-1,FFN_W1:0,FFN_W3:0,FFN_W1:1,FFN_W3:1,SwiGLU:0,SwiGLU:1,FFN_W2:0,FFN_W2:1,Add:-1",0.00032135900410334983,0.00037201919555664067,npu|decode|10|2ef4409498d14c672a4fbbfe6786cce6,10,sample_step,0.003856308049240198,0.004464230346679688,5.0660191453290836e-05,1.157643603591074,0.00060792229743949,1.157643603591074
attn_on_pim_prefill-128xdecode_262_ops_trace.csv,decode,10,107,0,PIM0,pim,7,"Q:0,K:0,V:0,QK:0,Softmax:0,SV:0,O:0",2.5361697265413596e-05,2.1547e-05,pim|decode|10|61397802f1888ea563dd9b1ea38edd23,10,sample_step,0.00030434036718496316,0.00025856399999999997,-3.8146972654135975e-06,0.8495882501280465,-4.5776367184963184e-05,0.8495882501280464
attn_on_pim_prefill-128xdecode_262_ops_trace.csv,decode,10,107,0,PIM1,pim,7,"Q:1,K:1,V:1,QK:1,Softmax:1,SV:1,O:1",2.5361697265413596e-05,2.1547e-05,pim|decode|10|9c4e6c099d863efd94751a80c7e404c5,10,sample_step,0.00030434036718496316,0.00025856399999999997,-3.8146972654135975e-06,0.8495882501280465,-4.5776367184963184e-05,0.8495882501280464
attn_on_pim_prefill-128xdecode_262_ops_trace.csv,decode,10,107,1,GPU0,npu,12,"LN:-1,Add:-1,LN:-1,FFN_W1:0,FFN_W3:0,FFN_W1:1,FFN_W3:1,SwiGLU:0,SwiGLU:1,FFN_W2:0,FFN_W2:1,Add:-1",0.00032135900410334983,0.00037201919555664067,npu|decode|10|2ef4409498d14c672a4fbbfe6786cce6,10,sample_step,0.003856308049240198,0.004464230346679688,5.0660191453290836e-05,1.157643603591074,0.00060792229743949,1.157643603591074
attn_on_pim_prefill-128xdecode_262_ops_trace.csv,decode,10,107,1,PIM0,pim,7,"Q:0,K:0,V:0,QK:0,Softmax:0,SV:0,O:0",2.5361697265413596e-05,2.1547e-05,pim|decode|10|61397802f1888ea563dd9b1ea38edd23,10,sample_step,0.00030434036718496316,0.00025856399999999997,-3.8146972654135975e-06,0.8495882501280465,-4.5776367184963184e-05,0.8495882501280464
attn_on_pim_prefill-128xdecode_262_ops_trace.csv,decode,10,107,1,PIM1,pim,7,"Q:1,K:1,V:1,QK:1,Softmax:1,SV:1,O:1",2.5361697265413596e-05,2.1547e-05,pim|decode|10|9c4e6c099d863efd94751a80c7e404c5,10,sample_step,0.00030434036718496316,0.00025856399999999997,-3.8146972654135975e-06,0.8495882501280465,-4.5776367184963184e-05,0.8495882501280464
attn_on_pim_prefill-128xdecode_262_ops_trace.csv,decode,10,107,2,GPU0,npu,12,"LN:-1,Add:-1,LN:-1,FFN_W1:0,FFN_W3:0,FFN_W1:1,FFN_W3:1,SwiGLU:0,SwiGLU:1,FFN_W2:0,FFN_W2:1,Add:-1",0.00032135900410334983,0.00037201919555664067,npu|decode|10|2ef4409498d14c672a4fbbfe6786cce6,10,sample_step,0.003856308049240198,0.004464230346679688,5.0660191453290836e-05,1.157643603591074,0.00060792229743949,1.157643603591074
attn_on_pim_prefill-128xdecode_262_ops_trace.csv,decode,10,107,2,PIM0,pim,7,"Q:0,K:0,V:0,QK:0,Softmax:0,SV:0,O:0",2.5361697265413596e-05,2.1547e-05,pim|decode|10|61397802f1888ea563dd9b1ea38edd23,10,sample_step,0.00030434036718496316,0.00025856399999999997,-3.8146972654135975e-06,0.8495882501280465,-4.5776367184963184e-05,0.8495882501280464
attn_on_pim_prefill-128xdecode_262_ops_trace.csv,decode,10,107,2,PIM1,pim,7,"Q:1,K:1,V:1,QK:1,Softmax:1,SV:1,O:1",2.5361697265413596e-05,2.1547e-05,pim|decode|10|9c4e6c099d863efd94751a80c7e404c5,10,sample_step,0.00030434036718496316,0.00025856399999999997,-3.8146972654135975e-06,0.8495882501280465,-4.5776367184963184e-05,0.8495882501280464
attn_on_pim_prefill-128xdecode_262_ops_trace.csv,decode,10,107,3,GPU0,npu,12,"LN:-1,Add:-1,LN:-1,FFN_W1:0,FFN_W3:0,FFN_W1:1,FFN_W3:1,SwiGLU:0,SwiGLU:1,FFN_W2:0,FFN_W2:1,Add:-1",0.00032135900410334983,0.00037201919555664067,npu|decode|10|2ef4409498d14c672a4fbbfe6786cce6,10,sample_step,0.003856308049240198,0.004464230346679688,5.0660191453290836e-05,1.157643603591074,0.00060792229743949,1.157643603591074
attn_on_pim_prefill-128xdecode_262_ops_trace.csv,decode,10,107,3,PIM0,pim,7,"Q:0,K:0,V:0,QK:0,Softmax:0,SV:0,O:0",2.5361697265413596e-05,2.1547e-05,pim|decode|10|61397802f1888ea563dd9b1ea38edd23,10,sample_step,0.00030434036718496316,0.00025856399999999997,-3.8146972654135975e-06,0.8495882501280465,-4.5776367184963184e-05,0.8495882501280464
attn_on_pim_prefill-128xdecode_262_ops_trace.csv,decode,10,107,3,PIM1,pim,7,"Q:1,K:1,V:1,QK:1,Softmax:1,SV:1,O:1",2.5361697265413596e-05,2.1547e-05,pim|decode|10|9c4e6c099d863efd94751a80c7e404c5,10,sample_step,0.00030434036718496316,0.00025856399999999997,-3.8146972654135975e-06,0.8495882501280465,-4.5776367184963184e-05,0.8495882501280464
attn_on_pim_prefill-128xdecode_262_ops_trace.csv,decode,10,107,4,GPU0,npu,12,"LN:-1,Add:-1,LN:-1,FFN_W1:0,FFN_W3:0,FFN_W1:1,FFN_W3:1,SwiGLU:0,SwiGLU:1,FFN_W2:0,FFN_W2:1,Add:-1",0.00032135900410334983,0.00037201919555664067,npu|decode|10|2ef4409498d14c672a4fbbfe6786cce6,10,sample_step,0.003856308049240198,0.004464230346679688,5.0660191453290836e-05,1.157643603591074,0.00060792229743949,1.157643603591074
attn_on_pim_prefill-128xdecode_262_ops_trace.csv,decode,10,107,4,PIM0,pim,7,"Q:0,K:0,V:0,QK:0,Softmax:0,SV:0,O:0",2.5361697265413596e-05,2.1547e-05,pim|decode|10|61397802f1888ea563dd9b1ea38edd23,10,sample_step,0.00030434036718496316,0.00025856399999999997,-3.8146972654135975e-06,0.8495882501280465,-4.5776367184963184e-05,0.8495882501280464
attn_on_pim_prefill-128xdecode_262_ops_trace.csv,decode,10,107,4,PIM1,pim,7,"Q:1,K:1,V:1,QK:1,Softmax:1,SV:1,O:1",2.5361697265413596e-05,2.1547e-05,pim|decode|10|9c4e6c099d863efd94751a80c7e404c5,10,sample_step,0.00030434036718496316,0.00025856399999999997,-3.8146972654135975e-06,0.8495882501280465,-4.5776367184963184e-05,0.8495882501280464
attn_on_pim_prefill-128xdecode_262_ops_trace.csv,decode,10,107,5,GPU0,npu,12,"LN:-1,Add:-1,LN:-1,FFN_W1:0,FFN_W3:0,FFN_W1:1,FFN_W3:1,SwiGLU:0,SwiGLU:1,FFN_W2:0,FFN_W2:1,Add:-1",0.00032135900410334983,0.00037201919555664067,npu|decode|10|2ef4409498d14c672a4fbbfe6786cce6,10,sample_step,0.003856308049240198,0.004464230346679688,5.0660191453290836e-05,1.157643603591074,0.00060792229743949,1.157643603591074
attn_on_pim_prefill-128xdecode_262_ops_trace.csv,decode,10,107,5,PIM0,pim,7,"Q:0,K:0,V:0,QK:0,Softmax:0,SV:0,O:0",2.5361697265413596e-05,2.1547e-05,pim|decode|10|61397802f1888ea563dd9b1ea38edd23,10,sample_step,0.00030434036718496316,0.00025856399999999997,-3.8146972654135975e-06,0.8495882501280465,-4.5776367184963184e-05,0.8495882501280464
attn_on_pim_prefill-128xdecode_262_ops_trace.csv,decode,10,107,5,PIM1,pim,7,"Q:1,K:1,V:1,QK:1,Softmax:1,SV:1,O:1",2.5361697265413596e-05,2.1547e-05,pim|decode|10|9c4e6c099d863efd94751a80c7e404c5,10,sample_step,0.00030434036718496316,0.00025856399999999997,-3.8146972654135975e-06,0.8495882501280465,-4.5776367184963184e-05,0.8495882501280464
attn_on_pim_prefill-128xdecode_262_ops_trace.csv,decode,10,107,6,GPU0,npu,12,"LN:-1,Add:-1,LN:-1,FFN_W1:0,FFN_W3:0,FFN_W1:1,FFN_W3:1,SwiGLU:0,SwiGLU:1,FFN_W2:0,FFN_W2:1,Add:-1",0.00032135900410334983,0.00037201919555664067,npu|decode|10|2ef4409498d14c672a4fbbfe6786cce6,10,sample_step,0.003856308049240198,0.004464230346679688,5.0660191453290836e-05,1.157643603591074,0.00060792229743949,1.157643603591074
attn_on_pim_prefill-128xdecode_262_ops_trace.csv,decode,10,107,6,PIM0,pim,7,"Q:0,K:0,V:0,QK:0,Softmax:0,SV:0,O:0",2.5361697265413596e-05,2.1547e-05,pim|decode|10|61397802f1888ea563dd9b1ea38edd23,10,sample_step,0.00030434036718496316,0.00025856399999999997,-3.8146972654135975e-06,0.8495882501280465,-4.5776367184963184e-05,0.8495882501280464
attn_on_pim_prefill-128xdecode_262_ops_trace.csv,decode,10,107,6,PIM1,pim,7,"Q:1,K:1,V:1,QK:1,Softmax:1,SV:1,O:1",2.5361697265413596e-05,2.1547e-05,pim|decode|10|9c4e6c099d863efd94751a80c7e404c5,10,sample_step,0.00030434036718496316,0.00025856399999999997,-3.8146972654135975e-06,0.8495882501280465,-4.5776367184963184e-05,0.8495882501280464
attn_on_pim_prefill-128xdecode_262_ops_trace.csv,decode,10,107,7,GPU0,npu,12,"LN:-1,Add:-1,LN:-1,FFN_W1:0,FFN_W3:0,FFN_W1:1,FFN_W3:1,SwiGLU:0,SwiGLU:1,FFN_W2:0,FFN_W2:1,Add:-1",0.00032135900410334983,0.00037201919555664067,npu|decode|10|2ef4409498d14c672a4fbbfe6786cce6,10,sample_step,0.003856308049240198,0.004464230346679688,5.0660191453290836e-05,1.157643603591074,0.00060792229743949,1.157643603591074
attn_on_pim_prefill-128xdecode_262_ops_trace.csv,decode,10,107,7,PIM0,pim,7,"Q:0,K:0,V:0,QK:0,Softmax:0,SV:0,O:0",2.5361697265413596e-05,2.1547e-05,pim|decode|10|61397802f1888ea563dd9b1ea38edd23,10,sample_step,0.00030434036718496316,0.00025856399999999997,-3.8146972654135975e-06,0.8495882501280465,-4.5776367184963184e-05,0.8495882501280464
attn_on_pim_prefill-128xdecode_262_ops_trace.csv,decode,10,107,7,PIM1,pim,7,"Q:1,K:1,V:1,QK:1,Softmax:1,SV:1,O:1",2.5361697265413596e-05,2.1547e-05,pim|decode|10|9c4e6c099d863efd94751a80c7e404c5,10,sample_step,0.00030434036718496316,0.00025856399999999997,-3.8146972654135975e-06,0.8495882501280465,-4.5776367184963184e-05,0.8495882501280464
attn_on_pim_prefill-128xdecode_262_ops_trace.csv,decode,10,107,8,GPU0,npu,12,"LN:-1,Add:-1,LN:-1,FFN_W1:0,FFN_W3:0,FFN_W1:1,FFN_W3:1,SwiGLU:0,SwiGLU:1,FFN_W2:0,FFN_W2:1,Add:-1",0.00032135900410334983,0.00037201919555664067,npu|decode|10|2ef4409498d14c672a4fbbfe6786cce6,10,sample_step,0.003856308049240198,0.004464230346679688,5.0660191453290836e-05,1.157643603591074,0.00060792229743949,1.157643603591074
attn_on_pim_prefill-128xdecode_262_ops_trace.csv,decode,10,107,8,PIM0,pim,7,"Q:0,K:0,V:0,QK:0,Softmax:0,SV:0,O:0",2.5361697265413596e-05,2.1547e-05,pim|decode|10|61397802f1888ea563dd9b1ea38edd23,10,sample_step,0.00030434036718496316,0.00025856399999999997,-3.8146972654135975e-06,0.8495882501280465,-4.5776367184963184e-05,0.8495882501280464
attn_on_pim_prefill-128xdecode_262_ops_trace.csv,decode,10,107,8,PIM1,pim,7,"Q:1,K:1,V:1,QK:1,Softmax:1,SV:1,O:1",2.5361697265413596e-05,2.1547e-05,pim|decode|10|9c4e6c099d863efd94751a80c7e404c5,10,sample_step,0.00030434036718496316,0.00025856399999999997,-3.8146972654135975e-06,0.8495882501280465,-4.5776367184963184e-05,0.8495882501280464
attn_on_pim_prefill-128xdecode_262_ops_trace.csv,decode,10,107,9,GPU0,npu,12,"LN:-1,Add:-1,LN:-1,FFN_W1:0,FFN_W3:0,FFN_W1:1,FFN_W3:1,SwiGLU:0,SwiGLU:1,FFN_W2:0,FFN_W2:1,Add:-1",0.00032135900410334983,0.00037201919555664067,npu|decode|10|2ef4409498d14c672a4fbbfe6786cce6,10,sample_step,0.003856308049240198,0.004464230346679688,5.0660191453290836e-05,1.157643603591074,0.00060792229743949,1.157643603591074
attn_on_pim_prefill-128xdecode_262_ops_trace.csv,decode,10,107,9,PIM0,pim,7,"Q:0,K:0,V:0,QK:0,Softmax:0,SV:0,O:0",2.5361697265413596e-05,2.1547e-05,pim|decode|10|61397802f1888ea563dd9b1ea38edd23,10,sample_step,0.00030434036718496316,0.00025856399999999997,-3.8146972654135975e-06,0.8495882501280465,-4.5776367184963184e-05,0.8495882501280464
attn_on_pim_prefill-128xdecode_262_ops_trace.csv,decode,10,107,9,PIM1,pim,7,"Q:1,K:1,V:1,QK:1,Softmax:1,SV:1,O:1",2.5361697265413596e-05,2.1547e-05,pim|decode|10|9c4e6c099d863efd94751a80c7e404c5,10,sample_step,0.00030434036718496316,0.00025856399999999997,-3.8146972654135975e-06,0.8495882501280465,-4.5776367184963184e-05,0.8495882501280464
attn_on_pim_prefill-128xdecode_262_ops_trace.csv,decode,10,107,10,GPU0,npu,12,"LN:-1,Add:-1,LN:-1,FFN_W1:0,FFN_W3:0,FFN_W1:1,FFN_W3:1,SwiGLU:0,SwiGLU:1,FFN_W2:0,FFN_W2:1,Add:-1",0.00032135900410334983,0.00037201919555664067,npu|decode|10|2ef4409498d14c672a4fbbfe6786cce6,10,sample_step,0.003856308049240198,0.004464230346679688,5.0660191453290836e-05,1.157643603591074,0.00060792229743949,1.157643603591074
attn_on_pim_prefill-128xdecode_262_ops_trace.csv,decode,10,107,10,PIM0,pim,7,"Q:0,K:0,V:0,QK:0,Softmax:0,SV:0,O:0",2.5361697265413596e-05,2.1547e-05,pim|decode|10|61397802f1888ea563dd9b1ea38edd23,10,sample_step,0.00030434036718496316,0.00025856399999999997,-3.8146972654135975e-06,0.8495882501280465,-4.5776367184963184e-05,0.8495882501280464
attn_on_pim_prefill-128xdecode_262_ops_trace.csv,decode,10,107,10,PIM1,pim,7,"Q:1,K:1,V:1,QK:1,Softmax:1,SV:1,O:1",2.5361697265413596e-05,2.1547e-05,pim|decode|10|9c4e6c099d863efd94751a80c7e404c5,10,sample_step,0.00030434036718496316,0.00025856399999999997,-3.8146972654135975e-06,0.8495882501280465,-4.5776367184963184e-05,0.8495882501280464
attn_on_pim_prefill-128xdecode_262_ops_trace.csv,decode,10,107,11,GPU0,npu,12,"LN:-1,Add:-1,LN:-1,FFN_W1:0,FFN_W3:0,FFN_W1:1,FFN_W3:1,SwiGLU:0,SwiGLU:1,FFN_W2:0,FFN_W2:1,Add:-1",0.00032135900410334983,0.00037201919555664067,npu|decode|10|2ef4409498d14c672a4fbbfe6786cce6,10,sample_step,0.003856308049240198,0.004464230346679688,5.0660191453290836e-05,1.157643603591074,0.00060792229743949,1.157643603591074
attn_on_pim_prefill-128xdecode_262_ops_trace.csv,decode,10,107,11,PIM0,pim,7,"Q:0,K:0,V:0,QK:0,Softmax:0,SV:0,O:0",2.5361697265413596e-05,2.1547e-05,pim|decode|10|61397802f1888ea563dd9b1ea38edd23,10,sample_step,0.00030434036718496316,0.00025856399999999997,-3.8146972654135975e-06,0.8495882501280465,-4.5776367184963184e-05,0.8495882501280464
attn_on_pim_prefill-128xdecode_262_ops_trace.csv,decode,10,107,11,PIM1,pim,7,"Q:1,K:1,V:1,QK:1,Softmax:1,SV:1,O:1",2.5361697265413596e-05,2.1547e-05,pim|decode|10|9c4e6c099d863efd94751a80c7e404c5,10,sample_step,0.00030434036718496316,0.00025856399999999997,-3.8146972654135975e-06,0.8495882501280465,-4.5776367184963184e-05,0.8495882501280464
attn_on_pim_prefill-128xdecode_262_ops_trace.csv,decode,10,107,12,GPU0,npu,12,"LN:-1,Add:-1,LN:-1,FFN_W1:0,FFN_W3:0,FFN_W1:1,FFN_W3:1,SwiGLU:0,SwiGLU:1,FFN_W2:0,FFN_W2:1,Add:-1",0.00032135900410334983,0.00037201919555664067,npu|decode|10|2ef4409498d14c672a4fbbfe6786cce6,10,sample_step,0.003856308049240198,0.004464230346679688,5.0660191453290836e-05,1.157643603591074,0.00060792229743949,1.157643603591074
attn_on_pim_prefill-128xdecode_262_ops_trace.csv,decode,10,107,12,PIM0,pim,7,"Q:0,K:0,V:0,QK:0,Softmax:0,SV:0,O:0",2.5361697265413596e-05,2.1547e-05,pim|decode|10|61397802f1888ea563dd9b1ea38edd23,10,sample_step,0.00030434036718496316,0.00025856399999999997,-3.8146972654135975e-06,0.8495882501280465,-4.5776367184963184e-05,0.8495882501280464
attn_on_pim_prefill-128xdecode_262_ops_trace.csv,decode,10,107,12,PIM1,pim,7,"Q:1,K:1,V:1,QK:1,Softmax:1,SV:1,O:1",2.5361697265413596e-05,2.1547e-05,pim|decode|10|9c4e6c099d863efd94751a80c7e404c5,10,sample_step,0.00030434036718496316,0.00025856399999999997,-3.8146972654135975e-06,0.8495882501280465,-4.5776367184963184e-05,0.8495882501280464
attn_on_pim_prefill-128xdecode_262_ops_trace.csv,decode,10,107,13,GPU0,npu,12,"LN:-1,Add:-1,LN:-1,FFN_W1:0,FFN_W3:0,FFN_W1:1,FFN_W3:1,SwiGLU:0,SwiGLU:1,FFN_W2:0,FFN_W2:1,Add:-1",0.00032135900410334983,0.00037201919555664067,npu|decode|10|2ef4409498d14c672a4fbbfe6786cce6,10,sample_step,0.003856308049240198,0.004464230346679688,5.0660191453290836e-05,1.157643603591074,0.00060792229743949,1.157643603591074
attn_on_pim_prefill-128xdecode_262_ops_trace.csv,decode,10,107,13,PIM0,pim,7,"Q:0,K:0,V:0,QK:0,Softmax:0,SV:0,O:0",2.5361697265413596e-05,2.1547e-05,pim|decode|10|61397802f1888ea563dd9b1ea38edd23,10,sample_step,0.00030434036718496316,0.00025856399999999997,-3.8146972654135975e-06,0.8495882501280465,-4.5776367184963184e-05,0.8495882501280464
attn_on_pim_prefill-128xdecode_262_ops_trace.csv,decode,10,107,13,PIM1,pim,7,"Q:1,K:1,V:1,QK:1,Softmax:1,SV:1,O:1",2.5361697265413596e-05,2.1547e-05,pim|decode|10|9c4e6c099d863efd94751a80c7e404c5,10,sample_step,0.00030434036718496316,0.00025856399999999997,-3.8146972654135975e-06,0.8495882501280465,-4.5776367184963184e-05,0.8495882501280464
attn_on_pim_prefill-128xdecode_262_ops_trace.csv,decode,10,107,14,GPU0,npu,12,"LN:-1,Add:-1,LN:-1,FFN_W1:0,FFN_W3:0,FFN_W1:1,FFN_W3:1,SwiGLU:0,SwiGLU:1,FFN_W2:0,FFN_W2:1,Add:-1",0.00032135900410334983,0.00037201919555664067,npu|decode|10|2ef4409498d14c672a4fbbfe6786cce6,10,sample_step,0.003856308049240198,0.004464230346679688,5.0660191453290836e-05,1.157643603591074,0.00060792229743949,1.157643603591074
attn_on_pim_prefill-128xdecode_262_ops_trace.csv,decode,10,107,14,PIM0,pim,7,"Q:0,K:0,V:0,QK:0,Softmax:0,SV:0,O:0",2.5361697265413596e-05,2.1547e-05,pim|decode|10|61397802f1888ea563dd9b1ea38edd23,10,sample_step,0.00030434036718496316,0.00025856399999999997,-3.8146972654135975e-06,0.8495882501280465,-4.5776367184963184e-05,0.8495882501280464
attn_on_pim_prefill-128xdecode_262_ops_trace.csv,decode,10,107,14,PIM1,pim,7,"Q:1,K:1,V:1,QK:1,Softmax:1,SV:1,O:1",2.5361697265413596e-05,2.1547e-05,pim|decode|10|9c4e6c099d863efd94751a80c7e404c5,10,sample_step,0.00030434036718496316,0.00025856399999999997,-3.8146972654135975e-06,0.8495882501280465,-4.5776367184963184e-05,0.8495882501280464
attn_on_pim_prefill-128xdecode_262_ops_trace.csv,decode,10,107,15,GPU0,npu,12,"LN:-1,Add:-1,LN:-1,FFN_W1:0,FFN_W3:0,FFN_W1:1,FFN_W3:1,SwiGLU:0,SwiGLU:1,FFN_W2:0,FFN_W2:1,Add:-1",0.00032135900410334983,0.00037201919555664067,npu|decode|10|2ef4409498d14c672a4fbbfe6786cce6,10,sample_step,0.003856308049240198,0.004464230346679688,5.0660191453290836e-05,1.157643603591074,0.00060792229743949,1.157643603591074
attn_on_pim_prefill-128xdecode_262_ops_trace.csv,decode,10,107,15,PIM0,pim,7,"Q:0,K:0,V:0,QK:0,Softmax:0,SV:0,O:0",2.5361697265413596e-05,2.1547e-05,pim|decode|10|61397802f1888ea563dd9b1ea38edd23,10,sample_step,0.00030434036718496316,0.00025856399999999997,-3.8146972654135975e-06,0.8495882501280465,-4.5776367184963184e-05,0.8495882501280464
attn_on_pim_prefill-128xdecode_262_ops_trace.csv,decode,10,107,15,PIM1,pim,7,"Q:1,K:1,V:1,QK:1,Softmax:1,SV:1,O:1",2.5361697265413596e-05,2.1547e-05,pim|decode|10|9c4e6c099d863efd94751a80c7e404c5,10,sample_step,0.00030434036718496316,0.00025856399999999997,-3.8146972654135975e-06,0.8495882501280465,-4.5776367184963184e-05,0.8495882501280464
attn_on_pim_prefill-128xdecode_262_ops_trace.csv,decode,10,107,16,GPU0,npu,12,"LN:-1,Add:-1,LN:-1,FFN_W1:0,FFN_W3:0,FFN_W1:1,FFN_W3:1,SwiGLU:0,SwiGLU:1,FFN_W2:0,FFN_W2:1,Add:-1",0.00032135900410334983,0.00037201919555664067,npu|decode|10|2ef4409498d14c672a4fbbfe6786cce6,10,sample_step,0.003856308049240198,0.004464230346679688,5.0660191453290836e-05,1.157643603591074,0.00060792229743949,1.157643603591074
attn_on_pim_prefill-128xdecode_262_ops_trace.csv,decode,10,107,16,PIM0,pim,7,"Q:0,K:0,V:0,QK:0,Softmax:0,SV:0,O:0",2.5361697265413596e-05,2.1547e-05,pim|decode|10|61397802f1888ea563dd9b1ea38edd23,10,sample_step,0.00030434036718496316,0.00025856399999999997,-3.8146972654135975e-06,0.8495882501280465,-4.5776367184963184e-05,0.8495882501280464
attn_on_pim_prefill-128xdecode_262_ops_trace.csv,decode,10,107,16,PIM1,pim,7,"Q:1,K:1,V:1,QK:1,Softmax:1,SV:1,O:1",2.5361697265413596e-05,2.1547e-05,pim|decode|10|9c4e6c099d863efd94751a80c7e404c5,10,sample_step,0.00030434036718496316,0.00025856399999999997,-3.8146972654135975e-06,0.8495882501280465,-4.5776367184963184e-05,0.8495882501280464
attn_on_pim_prefill-128xdecode_262_ops_trace.csv,decode,10,107,17,GPU0,npu,12,"LN:-1,Add:-1,LN:-1,FFN_W1:0,FFN_W3:0,FFN_W1:1,FFN_W3:1,SwiGLU:0,SwiGLU:1,FFN_W2:0,FFN_W2:1,Add:-1",0.00032135900410334983,0.00037201919555664067,npu|decode|10|2ef4409498d14c672a4fbbfe6786cce6,10,sample_step,0.003856308049240198,0.004464230346679688,5.0660191453290836e-05,1.157643603591074,0.00060792229743949,1.157643603591074
attn_on_pim_prefill-128xdecode_262_ops_trace.csv,decode,10,107,17,PIM0,pim,7,"Q:0,K:0,V:0,QK:0,Softmax:0,SV:0,O:0",2.5361697265413596e-05,2.1547e-05,pim|decode|10|61397802f1888ea563dd9b1ea38edd23,10,sample_step,0.00030434036718496316,0.00025856399999999997,-3.8146972654135975e-06,0.8495882501280465,-4.5776367184963184e-05,0.8495882501280464
attn_on_pim_prefill-128xdecode_262_ops_trace.csv,decode,10,107,17,PIM1,pim,7,"Q:1,K:1,V:1,QK:1,Softmax:1,SV:1,O:1",2.5361697265413596e-05,2.1547e-05,pim|decode|10|9c4e6c099d863efd94751a80c7e404c5,10,sample_step,0.00030434036718496316,0.00025856399999999997,-3.8146972654135975e-06,0.8495882501280465,-4.5776367184963184e-05,0.8495882501280464
attn_on_pim_prefill-128xdecode_262_ops_trace.csv,decode,10,107,18,GPU0,npu,12,"LN:-1,Add:-1,LN:-1,FFN_W1:0,FFN_W3:0,FFN_W1:1,FFN_W3:1,SwiGLU:0,SwiGLU:1,FFN_W2:0,FFN_W2:1,Add:-1",0.00032135900410334983,0.00037201919555664067,npu|decode|10|2ef4409498d14c672a4fbbfe6786cce6,10,sample_step,0.003856308049240198,0.004464230346679688,5.0660191453290836e-05,1.157643603591074,0.00060792229743949,1.157643603591074
attn_on_pim_prefill-128xdecode_262_ops_trace.csv,decode,10,107,18,PIM0,pim,7,"Q:0,K:0,V:0,QK:0,Softmax:0,SV:0,O:0",2.5361697265413596e-05,2.1547e-05,pim|decode|10|61397802f1888ea563dd9b1ea38edd23,10,sample_step,0.00030434036718496316,0.00025856399999999997,-3.8146972654135975e-06,0.8495882501280465,-4.5776367184963184e-05,0.8495882501280464
attn_on_pim_prefill-128xdecode_262_ops_trace.csv,decode,10,107,18,PIM1,pim,7,"Q:1,K:1,V:1,QK:1,Softmax:1,SV:1,O:1",2.5361697265413596e-05,2.1547e-05,pim|decode|10|9c4e6c099d863efd94751a80c7e404c5,10,sample_step,0.00030434036718496316,0.00025856399999999997,-3.8146972654135975e-06,0.8495882501280465,-4.5776367184963184e-05,0.8495882501280464
attn_on_pim_prefill-128xdecode_262_ops_trace.csv,decode,10,107,19,GPU0,npu,12,"LN:-1,Add:-1,LN:-1,FFN_W1:0,FFN_W3:0,FFN_W1:1,FFN_W3:1,SwiGLU:0,SwiGLU:1,FFN_W2:0,FFN_W2:1,Add:-1",0.00032135900410334983,0.00037201919555664067,npu|decode|10|2ef4409498d14c672a4fbbfe6786cce6,10,sample_step,0.003856308049240198,0.004464230346679688,5.0660191453290836e-05,1.157643603591074,0.00060792229743949,1.157643603591074
attn_on_pim_prefill-128xdecode_262_ops_trace.csv,decode,10,107,19,PIM0,pim,7,"Q:0,K:0,V:0,QK:0,Softmax:0,SV:0,O:0",2.5361697265413596e-05,2.1547e-05,pim|decode|10|61397802f1888ea563dd9b1ea38edd23,10,sample_step,0.00030434036718496316,0.00025856399999999997,-3.8146972654135975e-06,0.8495882501280465,-4.5776367184963184e-05,0.8495882501280464
attn_on_pim_prefill-128xdecode_262_ops_trace.csv,decode,10,107,19,PIM1,pim,7,"Q:1,K:1,V:1,QK:1,Softmax:1,SV:1,O:1",2.5361697265413596e-05,2.1547e-05,pim|decode|10|9c4e6c099d863efd94751a80c7e404c5,10,sample_step,0.00030434036718496316,0.00025856399999999997,-3.8146972654135975e-06,0.8495882501280465,-4.5776367184963184e-05,0.8495882501280464
attn_on_pim_prefill-128xdecode_262_ops_trace.csv,decode,10,107,20,GPU0,npu,12,"LN:-1,Add:-1,LN:-1,FFN_W1:0,FFN_W3:0,FFN_W1:1,FFN_W3:1,SwiGLU:0,SwiGLU:1,FFN_W2:0,FFN_W2:1,Add:-1",0.00032135900410334983,0.00037201919555664067,npu|decode|10|2ef4409498d14c672a4fbbfe6786cce6,10,sample_step,0.003856308049240198,0.004464230346679688,5.0660191453290836e-05,1.157643603591074,0.00060792229743949,1.157643603591074
attn_on_pim_prefill-128xdecode_262_ops_trace.csv,decode,10,107,20,PIM0,pim,7,"Q:0,K:0,V:0,QK:0,Softmax:0,SV:0,O:0",2.5361697265413596e-05,2.1547e-05,pim|decode|10|61397802f1888ea563dd9b1ea38edd23,10,sample_step,0.00030434036718496316,0.00025856399999999997,-3.8146972654135975e-06,0.8495882501280465,-4.5776367184963184e-05,0.8495882501280464
attn_on_pim_prefill-128xdecode_262_ops_trace.csv,decode,10,107,20,PIM1,pim,7,"Q:1,K:1,V:1,QK:1,Softmax:1,SV:1,O:1",2.5361697265413596e-05,2.1547e-05,pim|decode|10|9c4e6c099d863efd94751a80c7e404c5,10,sample_step,0.00030434036718496316,0.00025856399999999997,-3.8146972654135975e-06,0.8495882501280465,-4.5776367184963184e-05,0.8495882501280464
attn_on_pim_prefill-128xdecode_262_ops_trace.csv,decode,10,107,21,GPU0,npu,12,"LN:-1,Add:-1,LN:-1,FFN_W1:0,FFN_W3:0,FFN_W1:1,FFN_W3:1,SwiGLU:0,SwiGLU:1,FFN_W2:0,FFN_W2:1,Add:-1",0.00032135900410334983,0.00037201919555664067,npu|decode|10|2ef4409498d14c672a4fbbfe6786cce6,10,sample_step,0.003856308049240198,0.004464230346679688,5.0660191453290836e-05,1.157643603591074,0.00060792229743949,1.157643603591074
attn_on_pim_prefill-128xdecode_262_ops_trace.csv,decode,10,107,21,PIM0,pim,7,"Q:0,K:0,V:0,QK:0,Softmax:0,SV:0,O:0",2.5361697265413596e-05,2.1547e-05,pim|decode|10|61397802f1888ea563dd9b1ea38edd23,10,sample_step,0.00030434036718496316,0.00025856399999999997,-3.8146972654135975e-06,0.8495882501280465,-4.5776367184963184e-05,0.8495882501280464
attn_on_pim_prefill-128xdecode_262_ops_trace.csv,decode,10,107,21,PIM1,pim,7,"Q:1,K:1,V:1,QK:1,Softmax:1,SV:1,O:1",2.5361697265413596e-05,2.1547e-05,pim|decode|10|9c4e6c099d863efd94751a80c7e404c5,10,sample_step,0.00030434036718496316,0.00025856399999999997,-3.8146972654135975e-06,0.8495882501280465,-4.5776367184963184e-05,0.8495882501280464
attn_on_pim_prefill-128xdecode_262_ops_trace.csv,decode,10,107,22,GPU0,npu,12,"LN:-1,Add:-1,LN:-1,FFN_W1:0,FFN_W3:0,FFN_W1:1,FFN_W3:1,SwiGLU:0,SwiGLU:1,FFN_W2:0,FFN_W2:1,Add:-1",0.00032135900410334983,0.00037201919555664067,npu|decode|10|2ef4409498d14c672a4fbbfe6786cce6,10,sample_step,0.003856308049240198,0.004464230346679688,5.0660191453290836e-05,1.157643603591074,0.00060792229743949,1.157643603591074
attn_on_pim_prefill-128xdecode_262_ops_trace.csv,decode,10,107,22,PIM0,pim,7,"Q:0,K:0,V:0,QK:0,Softmax:0,SV:0,O:0",2.5361697265413596e-05,2.1547e-05,pim|decode|10|61397802f1888ea563dd9b1ea38edd23,10,sample_step,0.00030434036718496316,0.00025856399999999997,-3.8146972654135975e-06,0.8495882501280465,-4.5776367184963184e-05,0.8495882501280464
attn_on_pim_prefill-128xdecode_262_ops_trace.csv,decode,10,107,22,PIM1,pim,7,"Q:1,K:1,V:1,QK:1,Softmax:1,SV:1,O:1",2.5361697265413596e-05,2.1547e-05,pim|decode|10|9c4e6c099d863efd94751a80c7e404c5,10,sample_step,0.00030434036718496316,0.00025856399999999997,-3.8146972654135975e-06,0.8495882501280465,-4.5776367184963184e-05,0.8495882501280464
attn_on_pim_prefill-128xdecode_262_ops_trace.csv,decode,10,107,23,GPU0,npu,12,"LN:-1,Add:-1,LN:-1,FFN_W1:0,FFN_W3:0,FFN_W1:1,FFN_W3:1,SwiGLU:0,SwiGLU:1,FFN_W2:0,FFN_W2:1,Add:-1",0.00032135900410334983,0.00037201919555664067,npu|decode|10|2ef4409498d14c672a4fbbfe6786cce6,10,sample_step,0.003856308049240198,0.004464230346679688,5.0660191453290836e-05,1.157643603591074,0.00060792229743949,1.157643603591074
attn_on_pim_prefill-128xdecode_262_ops_trace.csv,decode,10,107,23,PIM0,pim,7,"Q:0,K:0,V:0,QK:0,Softmax:0,SV:0,O:0",2.5361697265413596e-05,2.1547e-05,pim|decode|10|61397802f1888ea563dd9b1ea38edd23,10,sample_step,0.00030434036718496316,0.00025856399999999997,-3.8146972654135975e-06,0.8495882501280465,-4.5776367184963184e-05,0.8495882501280464
attn_on_pim_prefill-128xdecode_262_ops_trace.csv,decode,10,107,23,PIM1,pim,7,"Q:1,K:1,V:1,QK:1,Softmax:1,SV:1,O:1",2.5361697265413596e-05,2.1547e-05,pim|decode|10|9c4e6c099d863efd94751a80c7e404c5,10,sample_step,0.00030434036718496316,0.00025856399999999997,-3.8146972654135975e-06,0.8495882501280465,-4.5776367184963184e-05,0.8495882501280464
attn_on_pim_prefill-128xdecode_262_ops_trace.csv,decode,10,107,24,GPU0,npu,12,"LN:-1,Add:-1,LN:-1,FFN_W1:0,FFN_W3:0,FFN_W1:1,FFN_W3:1,SwiGLU:0,SwiGLU:1,FFN_W2:0,FFN_W2:1,Add:-1",0.00032135900410334983,0.00037201919555664067,npu|decode|10|2ef4409498d14c672a4fbbfe6786cce6,10,sample_step,0.003856308049240198,0.004464230346679688,5.0660191453290836e-05,1.157643603591074,0.00060792229743949,1.157643603591074
attn_on_pim_prefill-128xdecode_262_ops_trace.csv,decode,10,107,24,PIM0,pim,7,"Q:0,K:0,V:0,QK:0,Softmax:0,SV:0,O:0",2.5361697265413596e-05,2.1547e-05,pim|decode|10|61397802f1888ea563dd9b1ea38edd23,10,sample_step,0.00030434036718496316,0.00025856399999999997,-3.8146972654135975e-06,0.8495882501280465,-4.5776367184963184e-05,0.8495882501280464
attn_on_pim_prefill-128xdecode_262_ops_trace.csv,decode,10,107,24,PIM1,pim,7,"Q:1,K:1,V:1,QK:1,Softmax:1,SV:1,O:1",2.5361697265413596e-05,2.1547e-05,pim|decode|10|9c4e6c099d863efd94751a80c7e404c5,10,sample_step,0.00030434036718496316,0.00025856399999999997,-3.8146972654135975e-06,0.8495882501280465,-4.5776367184963184e-05,0.8495882501280464
attn_on_pim_prefill-128xdecode_262_ops_trace.csv,decode,10,107,25,GPU0,npu,12,"LN:-1,Add:-1,LN:-1,FFN_W1:0,FFN_W3:0,FFN_W1:1,FFN_W3:1,SwiGLU:0,SwiGLU:1,FFN_W2:0,FFN_W2:1,Add:-1",0.00032135900410334983,0.00037201919555664067,npu|decode|10|2ef4409498d14c672a4fbbfe6786cce6,10,sample_step,0.003856308049240198,0.004464230346679688,5.0660191453290836e-05,1.157643603591074,0.00060792229743949,1.157643603591074
attn_on_pim_prefill-128xdecode_262_ops_trace.csv,decode,10,107,25,PIM0,pim,7,"Q:0,K:0,V:0,QK:0,Softmax:0,SV:0,O:0",2.5361697265413596e-05,2.1547e-05,pim|decode|10|61397802f1888ea563dd9b1ea38edd23,10,sample_step,0.00030434036718496316,0.00025856399999999997,-3.8146972654135975e-06,0.8495882501280465,-4.5776367184963184e-05,0.8495882501280464
attn_on_pim_prefill-128xdecode_262_ops_trace.csv,decode,10,107,25,PIM1,pim,7,"Q:1,K:1,V:1,QK:1,Softmax:1,SV:1,O:1",2.5361697265413596e-05,2.1547e-05,pim|decode|10|9c4e6c099d863efd94751a80c7e404c5,10,sample_step,0.00030434036718496316,0.00025856399999999997,-3.8146972654135975e-06,0.8495882501280465,-4.5776367184963184e-05,0.8495882501280464
attn_on_pim_prefill-128xdecode_262_ops_trace.csv,decode,10,107,26,GPU0,npu,12,"LN:-1,Add:-1,LN:-1,FFN_W1:0,FFN_W3:0,FFN_W1:1,FFN_W3:1,SwiGLU:0,SwiGLU:1,FFN_W2:0,FFN_W2:1,Add:-1",0.00032135900410334983,0.00037201919555664067,npu|decode|10|2ef4409498d14c672a4fbbfe6786cce6,10,sample_step,0.003856308049240198,0.004464230346679688,5.0660191453290836e-05,1.157643603591074,0.00060792229743949,1.157643603591074
attn_on_pim_prefill-128xdecode_262_ops_trace.csv,decode,10,107,26,PIM0,pim,7,"Q:0,K:0,V:0,QK:0,Softmax:0,SV:0,O:0",2.5361697265413596e-05,2.1547e-05,pim|decode|10|61397802f1888ea563dd9b1ea38edd23,10,sample_step,0.00030434036718496316,0.00025856399999999997,-3.8146972654135975e-06,0.8495882501280465,-4.5776367184963184e-05,0.8495882501280464
attn_on_pim_prefill-128xdecode_262_ops_trace.csv,decode,10,107,26,PIM1,pim,7,"Q:1,K:1,V:1,QK:1,Softmax:1,SV:1,O:1",2.5361697265413596e-05,2.1547e-05,pim|decode|10|9c4e6c099d863efd94751a80c7e404c5,10,sample_step,0.00030434036718496316,0.00025856399999999997,-3.8146972654135975e-06,0.8495882501280465,-4.5776367184963184e-05,0.8495882501280464
attn_on_pim_prefill-128xdecode_262_ops_trace.csv,decode,10,107,27,GPU0,npu,12,"LN:-1,Add:-1,LN:-1,FFN_W1:0,FFN_W3:0,FFN_W1:1,FFN_W3:1,SwiGLU:0,SwiGLU:1,FFN_W2:0,FFN_W2:1,Add:-1",0.00032135900410334983,0.00037201919555664067,npu|decode|10|2ef4409498d14c672a4fbbfe6786cce6,10,sample_step,0.003856308049240198,0.004464230346679688,5.0660191453290836e-05,1.157643603591074,0.00060792229743949,1.157643603591074
attn_on_pim_prefill-128xdecode_262_ops_trace.csv,decode,10,107,27,PIM0,pim,7,"Q:0,K:0,V:0,QK:0,Softmax:0,SV:0,O:0",2.5361697265413596e-05,2.1547e-05,pim|decode|10|61397802f1888ea563dd9b1ea38edd23,10,sample_step,0.00030434036718496316,0.00025856399999999997,-3.8146972654135975e-06,0.8495882501280465,-4.5776367184963184e-05,0.8495882501280464
attn_on_pim_prefill-128xdecode_262_ops_trace.csv,decode,10,107,27,PIM1,pim,7,"Q:1,K:1,V:1,QK:1,Softmax:1,SV:1,O:1",2.5361697265413596e-05,2.1547e-05,pim|decode|10|9c4e6c099d863efd94751a80c7e404c5,10,sample_step,0.00030434036718496316,0.00025856399999999997,-3.8146972654135975e-06,0.8495882501280465,-4.5776367184963184e-05,0.8495882501280464
attn_on_pim_prefill-128xdecode_262_ops_trace.csv,decode,10,107,28,GPU0,npu,12,"LN:-1,Add:-1,LN:-1,FFN_W1:0,FFN_W3:0,FFN_W1:1,FFN_W3:1,SwiGLU:0,SwiGLU:1,FFN_W2:0,FFN_W2:1,Add:-1",0.00032135900410334983,0.00037201919555664067,npu|decode|10|2ef4409498d14c672a4fbbfe6786cce6,10,sample_step,0.003856308049240198,0.004464230346679688,5.0660191453290836e-05,1.157643603591074,0.00060792229743949,1.157643603591074
attn_on_pim_prefill-128xdecode_262_ops_trace.csv,decode,10,107,28,PIM0,pim,7,"Q:0,K:0,V:0,QK:0,Softmax:0,SV:0,O:0",2.5361697265413596e-05,2.1547e-05,pim|decode|10|61397802f1888ea563dd9b1ea38edd23,10,sample_step,0.00030434036718496316,0.00025856399999999997,-3.8146972654135975e-06,0.8495882501280465,-4.5776367184963184e-05,0.8495882501280464
attn_on_pim_prefill-128xdecode_262_ops_trace.csv,decode,10,107,28,PIM1,pim,7,"Q:1,K:1,V:1,QK:1,Softmax:1,SV:1,O:1",2.5361697265413596e-05,2.1547e-05,pim|decode|10|9c4e6c099d863efd94751a80c7e404c5,10,sample_step,0.00030434036718496316,0.00025856399999999997,-3.8146972654135975e-06,0.8495882501280465,-4.5776367184963184e-05,0.8495882501280464
attn_on_pim_prefill-128xdecode_262_ops_trace.csv,decode,10,107,29,GPU0,npu,12,"LN:-1,Add:-1,LN:-1,FFN_W1:0,FFN_W3:0,FFN_W1:1,FFN_W3:1,SwiGLU:0,SwiGLU:1,FFN_W2:0,FFN_W2:1,Add:-1",0.00032135900410334983,0.00037201919555664067,npu|decode|10|2ef4409498d14c672a4fbbfe6786cce6,10,sample_step,0.003856308049240198,0.004464230346679688,5.0660191453290836e-05,1.157643603591074,0.00060792229743949,1.157643603591074
attn_on_pim_prefill-128xdecode_262_ops_trace.csv,decode,10,107,29,PIM0,pim,7,"Q:0,K:0,V:0,QK:0,Softmax:0,SV:0,O:0",2.5361697265413596e-05,2.1547e-05,pim|decode|10|61397802f1888ea563dd9b1ea38edd23,10,sample_step,0.00030434036718496316,0.00025856399999999997,-3.8146972654135975e-06,0.8495882501280465,-4.5776367184963184e-05,0.8495882501280464
attn_on_pim_prefill-128xdecode_262_ops_trace.csv,decode,10,107,29,PIM1,pim,7,"Q:1,K:1,V:1,QK:1,Softmax:1,SV:1,O:1",2.5361697265413596e-05,2.1547e-05,pim|decode|10|9c4e6c099d863efd94751a80c7e404c5,10,sample_step,0.00030434036718496316,0.00025856399999999997,-3.8146972654135975e-06,0.8495882501280465,-4.5776367184963184e-05,0.8495882501280464
attn_on_pim_prefill-128xdecode_262_ops_trace.csv,decode,10,107,30,GPU0,npu,12,"LN:-1,Add:-1,LN:-1,FFN_W1:0,FFN_W3:0,FFN_W1:1,FFN_W3:1,SwiGLU:0,SwiGLU:1,FFN_W2:0,FFN_W2:1,Add:-1",0.00032135900410334983,0.00037201919555664067,npu|decode|10|2ef4409498d14c672a4fbbfe6786cce6,10,sample_step,0.003856308049240198,0.004464230346679688,5.0660191453290836e-05,1.157643603591074,0.00060792229743949,1.157643603591074
attn_on_pim_prefill-128xdecode_262_ops_trace.csv,decode,10,107,30,PIM0,pim,7,"Q:0,K:0,V:0,QK:0,Softmax:0,SV:0,O:0",2.5361697265413596e-05,2.1547e-05,pim|decode|10|61397802f1888ea563dd9b1ea38edd23,10,sample_step,0.00030434036718496316,0.00025856399999999997,-3.8146972654135975e-06,0.8495882501280465,-4.5776367184963184e-05,0.8495882501280464
attn_on_pim_prefill-128xdecode_262_ops_trace.csv,decode,10,107,30,PIM1,pim,7,"Q:1,K:1,V:1,QK:1,Softmax:1,SV:1,O:1",2.5361697265413596e-05,2.1547e-05,pim|decode|10|9c4e6c099d863efd94751a80c7e404c5,10,sample_step,0.00030434036718496316,0.00025856399999999997,-3.8146972654135975e-06,0.8495882501280465,-4.5776367184963184e-05,0.8495882501280464
attn_on_pim_prefill-128xdecode_262_ops_trace.csv,decode,10,107,31,GPU0,npu,12,"LN:-1,Add:-1,LN:-1,FFN_W1:0,FFN_W3:0,FFN_W1:1,FFN_W3:1,SwiGLU:0,SwiGLU:1,FFN_W2:0,FFN_W2:1,Add:-1",0.00032135900410334983,0.00037201919555664067,npu|decode|10|2ef4409498d14c672a4fbbfe6786cce6,10,sample_step,0.003856308049240198,0.004464230346679688,5.0660191453290836e-05,1.157643603591074,0.00060792229743949,1.157643603591074
attn_on_pim_prefill-128xdecode_262_ops_trace.csv,decode,10,107,31,PIM0,pim,7,"Q:0,K:0,V:0,QK:0,Softmax:0,SV:0,O:0",2.5361697265413596e-05,2.1547e-05,pim|decode|10|61397802f1888ea563dd9b1ea38edd23,10,sample_step,0.00030434036718496316,0.00025856399999999997,-3.8146972654135975e-06,0.8495882501280465,-4.5776367184963184e-05,0.8495882501280464
attn_on_pim_prefill-128xdecode_262_ops_trace.csv,decode,10,107,31,PIM1,pim,7,"Q:1,K:1,V:1,QK:1,Softmax:1,SV:1,O:1",2.5361697265413596e-05,2.1547e-05,pim|decode|10|9c4e6c099d863efd94751a80c7e404c5,10,sample_step,0.00030434036718496316,0.00025856399999999997,-3.8146972654135975e-06,0.8495882501280465,-4.5776367184963184e-05,0.8495882501280464
attn_on_pim_prefill-128xdecode_262_ops_trace.csv,decode,11,119,0,GPU0,npu,12,"LN:-1,Add:-1,LN:-1,FFN_W1:0,FFN_W3:0,FFN_W1:1,FFN_W3:1,SwiGLU:0,SwiGLU:1,FFN_W2:0,FFN_W2:1,Add:-1",0.00032135900410334983,0.0003719167947769165,npu|decode|11|2ef4409498d14c672a4fbbfe6786cce6,11,sample_step,0.003856308049240198,0.004463001537322998,5.055779067356667e-05,1.1573249544217132,0.0006066934880828,1.1573249544217132
attn_on_pim_prefill-128xdecode_262_ops_trace.csv,decode,11,119,0,PIM0,pim,7,"Q:0,K:0,V:0,QK:0,Softmax:0,SV:0,O:0",2.5431697265654307e-05,2.1617e-05,pim|decode|11|61397802f1888ea563dd9b1ea38edd23,11,sample_step,0.0003051803671878517,0.00025940399999999997,-3.814697265654307e-06,0.8500022540451485,-4.5776367187851715e-05,0.8500022540451484
attn_on_pim_prefill-128xdecode_262_ops_trace.csv,decode,11,119,0,PIM1,pim,7,"Q:1,K:1,V:1,QK:1,Softmax:1,SV:1,O:1",2.5431697265654307e-05,2.1617e-05,pim|decode|11|9c4e6c099d863efd94751a80c7e404c5,11,sample_step,0.0003051803671878517,0.00025940399999999997,-3.814697265654307e-06,0.8500022540451485,-4.5776367187851715e-05,0.8500022540451484
attn_on_pim_prefill-128xdecode_262_ops_trace.csv,decode,11,119,1,GPU0,npu,12,"LN:-1,Add:-1,LN:-1,FFN_W1:0,FFN_W3:0,FFN_W1:1,FFN_W3:1,SwiGLU:0,SwiGLU:1,FFN_W2:0,FFN_W2:1,Add:-1",0.00032135900410334983,0.0003719167947769165,npu|decode|11|2ef4409498d14c672a4fbbfe6786cce6,11,sample_step,0.003856308049240198,0.004463001537322998,5.055779067356667e-05,1.1573249544217132,0.0006066934880828,1.1573249544217132
attn_on_pim_prefill-128xdecode_262_ops_trace.csv,decode,11,119,1,PIM0,pim,7,"Q:0,K:0,V:0,QK:0,Softmax:0,SV:0,O:0",2.5431697265654307e-05,2.1617e-05,pim|decode|11|61397802f1888ea563dd9b1ea38edd23,11,sample_step,0.0003051803671878517,0.00025940399999999997,-3.814697265654307e-06,0.8500022540451485,-4.5776367187851715e-05,0.8500022540451484
attn_on_pim_prefill-128xdecode_262_ops_trace.csv,decode,11,119,1,PIM1,pim,7,"Q:1,K:1,V:1,QK:1,Softmax:1,SV:1,O:1",2.5431697265654307e-05,2.1617e-05,pim|decode|11|9c4e6c099d863efd94751a80c7e404c5,11,sample_step,0.0003051803671878517,0.00025940399999999997,-3.814697265654307e-06,0.8500022540451485,-4.5776367187851715e-05,0.8500022540451484
attn_on_pim_prefill-128xdecode_262_ops_trace.csv,decode,11,119,2,GPU0,npu,12,"LN:-1,Add:-1,LN:-1,FFN_W1:0,FFN_W3:0,FFN_W1:1,FFN_W3:1,SwiGLU:0,SwiGLU:1,FFN_W2:0,FFN_W2:1,Add:-1",0.00032135900410334983,0.0003719167947769165,npu|decode|11|2ef4409498d14c672a4fbbfe6786cce6,11,sample_step,0.003856308049240198,0.004463001537322998,5.055779067356667e-05,1.1573249544217132,0.0006066934880828,1.1573249544217132
attn_on_pim_prefill-128xdecode_262_ops_trace.csv,decode,11,119,2,PIM0,pim,7,"Q:0,K:0,V:0,QK:0,Softmax:0,SV:0,O:0",2.5431697265654307e-05,2.1617e-05,pim|decode|11|61397802f1888ea563dd9b1ea38edd23,11,sample_step,0.0003051803671878517,0.00025940399999999997,-3.814697265654307e-06,0.8500022540451485,-4.5776367187851715e-05,0.8500022540451484
attn_on_pim_prefill-128xdecode_262_ops_trace.csv,decode,11,119,2,PIM1,pim,7,"Q:1,K:1,V:1,QK:1,Softmax:1,SV:1,O:1",2.5431697265654307e-05,2.1617e-05,pim|decode|11|9c4e6c099d863efd94751a80c7e404c5,11,sample_step,0.0003051803671878517,0.00025940399999999997,-3.814697265654307e-06,0.8500022540451485,-4.5776367187851715e-05,0.8500022540451484
attn_on_pim_prefill-128xdecode_262_ops_trace.csv,decode,11,119,3,GPU0,npu,12,"LN:-1,Add:-1,LN:-1,FFN_W1:0,FFN_W3:0,FFN_W1:1,FFN_W3:1,SwiGLU:0,SwiGLU:1,FFN_W2:0,FFN_W2:1,Add:-1",0.00032135900410334983,0.0003719167947769165,npu|decode|11|2ef4409498d14c672a4fbbfe6786cce6,11,sample_step,0.003856308049240198,0.004463001537322998,5.055779067356667e-05,1.1573249544217132,0.0006066934880828,1.1573249544217132
attn_on_pim_prefill-128xdecode_262_ops_trace.csv,decode,11,119,3,PIM0,pim,7,"Q:0,K:0,V:0,QK:0,Softmax:0,SV:0,O:0",2.5431697265654307e-05,2.1617e-05,pim|decode|11|61397802f1888ea563dd9b1ea38edd23,11,sample_step,0.0003051803671878517,0.00025940399999999997,-3.814697265654307e-06,0.8500022540451485,-4.5776367187851715e-05,0.8500022540451484
attn_on_pim_prefill-128xdecode_262_ops_trace.csv,decode,11,119,3,PIM1,pim,7,"Q:1,K:1,V:1,QK:1,Softmax:1,SV:1,O:1",2.5431697265654307e-05,2.1617e-05,pim|decode|11|9c4e6c099d863efd94751a80c7e404c5,11,sample_step,0.0003051803671878517,0.00025940399999999997,-3.814697265654307e-06,0.8500022540451485,-4.5776367187851715e-05,0.8500022540451484
attn_on_pim_prefill-128xdecode_262_ops_trace.csv,decode,11,119,4,GPU0,npu,12,"LN:-1,Add:-1,LN:-1,FFN_W1:0,FFN_W3:0,FFN_W1:1,FFN_W3:1,SwiGLU:0,SwiGLU:1,FFN_W2:0,FFN_W2:1,Add:-1",0.00032135900410334983,0.0003719167947769165,npu|decode|11|2ef4409498d14c672a4fbbfe6786cce6,11,sample_step,0.003856308049240198,0.004463001537322998,5.055779067356667e-05,1.1573249544217132,0.0006066934880828,1.1573249544217132
attn_on_pim_prefill-128xdecode_262_ops_trace.csv,decode,11,119,4,PIM0,pim,7,"Q:0,K:0,V:0,QK:0,Softmax:0,SV:0,O:0",2.5431697265654307e-05,2.1617e-05,pim|decode|11|61397802f1888ea563dd9b1ea38edd23,11,sample_step,0.0003051803671878517,0.00025940399999999997,-3.814697265654307e-06,0.8500022540451485,-4.5776367187851715e-05,0.8500022540451484
attn_on_pim_prefill-128xdecode_262_ops_trace.csv,decode,11,119,4,PIM1,pim,7,"Q:1,K:1,V:1,QK:1,Softmax:1,SV:1,O:1",2.5431697265654307e-05,2.1617e-05,pim|decode|11|9c4e6c099d863efd94751a80c7e404c5,11,sample_step,0.0003051803671878517,0.00025940399999999997,-3.814697265654307e-06,0.8500022540451485,-4.5776367187851715e-05,0.8500022540451484
attn_on_pim_prefill-128xdecode_262_ops_trace.csv,decode,11,119,5,GPU0,npu,12,"LN:-1,Add:-1,LN:-1,FFN_W1:0,FFN_W3:0,FFN_W1:1,FFN_W3:1,SwiGLU:0,SwiGLU:1,FFN_W2:0,FFN_W2:1,Add:-1",0.00032135900410334983,0.0003719167947769165,npu|decode|11|2ef4409498d14c672a4fbbfe6786cce6,11,sample_step,0.003856308049240198,0.004463001537322998,5.055779067356667e-05,1.1573249544217132,0.0006066934880828,1.1573249544217132
attn_on_pim_prefill-128xdecode_262_ops_trace.csv,decode,11,119,5,PIM0,pim,7,"Q:0,K:0,V:0,QK:0,Softmax:0,SV:0,O:0",2.5431697265654307e-05,2.1617e-05,pim|decode|11|61397802f1888ea563dd9b1ea38edd23,11,sample_step,0.0003051803671878517,0.00025940399999999997,-3.814697265654307e-06,0.8500022540451485,-4.5776367187851715e-05,0.8500022540451484
attn_on_pim_prefill-128xdecode_262_ops_trace.csv,decode,11,119,5,PIM1,pim,7,"Q:1,K:1,V:1,QK:1,Softmax:1,SV:1,O:1",2.5431697265654307e-05,2.1617e-05,pim|decode|11|9c4e6c099d863efd94751a80c7e404c5,11,sample_step,0.0003051803671878517,0.00025940399999999997,-3.814697265654307e-06,0.8500022540451485,-4.5776367187851715e-05,0.8500022540451484
attn_on_pim_prefill-128xdecode_262_ops_trace.csv,decode,11,119,6,GPU0,npu,12,"LN:-1,Add:-1,LN:-1,FFN_W1:0,FFN_W3:0,FFN_W1:1,FFN_W3:1,SwiGLU:0,SwiGLU:1,FFN_W2:0,FFN_W2:1,Add:-1",0.00032135900410334983,0.0003719167947769165,npu|decode|11|2ef4409498d14c672a4fbbfe6786cce6,11,sample_step,0.003856308049240198,0.004463001537322998,5.055779067356667e-05,1.1573249544217132,0.0006066934880828,1.1573249544217132
attn_on_pim_prefill-128xdecode_262_ops_trace.csv,decode,11,119,6,PIM0,pim,7,"Q:0,K:0,V:0,QK:0,Softmax:0,SV:0,O:0",2.5431697265654307e-05,2.1617e-05,pim|decode|11|61397802f1888ea563dd9b1ea38edd23,11,sample_step,0.0003051803671878517,0.00025940399999999997,-3.814697265654307e-06,0.8500022540451485,-4.5776367187851715e-05,0.8500022540451484
attn_on_pim_prefill-128xdecode_262_ops_trace.csv,decode,11,119,6,PIM1,pim,7,"Q:1,K:1,V:1,QK:1,Softmax:1,SV:1,O:1",2.5431697265654307e-05,2.1617e-05,pim|decode|11|9c4e6c099d863efd94751a80c7e404c5,11,sample_step,0.0003051803671878517,0.00025940399999999997,-3.814697265654307e-06,0.8500022540451485,-4.5776367187851715e-05,0.8500022540451484
attn_on_pim_prefill-128xdecode_262_ops_trace.csv,decode,11,119,7,GPU0,npu,12,"LN:-1,Add:-1,LN:-1,FFN_W1:0,FFN_W3:0,FFN_W1:1,FFN_W3:1,SwiGLU:0,SwiGLU:1,FFN_W2:0,FFN_W2:1,Add:-1",0.00032135900410334983,0.0003719167947769165,npu|decode|11|2ef4409498d14c672a4fbbfe6786cce6,11,sample_step,0.003856308049240198,0.004463001537322998,5.055779067356667e-05,1.1573249544217132,0.0006066934880828,1.1573249544217132
attn_on_pim_prefill-128xdecode_262_ops_trace.csv,decode,11,119,7,PIM0,pim,7,"Q:0,K:0,V:0,QK:0,Softmax:0,SV:0,O:0",2.5431697265654307e-05,2.1617e-05,pim|decode|11|61397802f1888ea563dd9b1ea38edd23,11,sample_step,0.0003051803671878517,0.00025940399999999997,-3.814697265654307e-06,0.8500022540451485,-4.5776367187851715e-05,0.8500022540451484
attn_on_pim_prefill-128xdecode_262_ops_trace.csv,decode,11,119,7,PIM1,pim,7,"Q:1,K:1,V:1,QK:1,Softmax:1,SV:1,O:1",2.5431697265654307e-05,2.1617e-05,pim|decode|11|9c4e6c099d863efd94751a80c7e404c5,11,sample_step,0.0003051803671878517,0.00025940399999999997,-3.814697265654307e-06,0.8500022540451485,-4.5776367187851715e-05,0.8500022540451484
attn_on_pim_prefill-128xdecode_262_ops_trace.csv,decode,11,119,8,GPU0,npu,12,"LN:-1,Add:-1,LN:-1,FFN_W1:0,FFN_W3:0,FFN_W1:1,FFN_W3:1,SwiGLU:0,SwiGLU:1,FFN_W2:0,FFN_W2:1,Add:-1",0.00032135900410334983,0.0003719167947769165,npu|decode|11|2ef4409498d14c672a4fbbfe6786cce6,11,sample_step,0.003856308049240198,0.004463001537322998,5.055779067356667e-05,1.1573249544217132,0.0006066934880828,1.1573249544217132
attn_on_pim_prefill-128xdecode_262_ops_trace.csv,decode,11,119,8,PIM0,pim,7,"Q:0,K:0,V:0,QK:0,Softmax:0,SV:0,O:0",2.5431697265654307e-05,2.1617e-05,pim|decode|11|61397802f1888ea563dd9b1ea38edd23,11,sample_step,0.0003051803671878517,0.00025940399999999997,-3.814697265654307e-06,0.8500022540451485,-4.5776367187851715e-05,0.8500022540451484
attn_on_pim_prefill-128xdecode_262_ops_trace.csv,decode,11,119,8,PIM1,pim,7,"Q:1,K:1,V:1,QK:1,Softmax:1,SV:1,O:1",2.5431697265654307e-05,2.1617e-05,pim|decode|11|9c4e6c099d863efd94751a80c7e404c5,11,sample_step,0.0003051803671878517,0.00025940399999999997,-3.814697265654307e-06,0.8500022540451485,-4.5776367187851715e-05,0.8500022540451484
attn_on_pim_prefill-128xdecode_262_ops_trace.csv,decode,11,119,9,GPU0,npu,12,"LN:-1,Add:-1,LN:-1,FFN_W1:0,FFN_W3:0,FFN_W1:1,FFN_W3:1,SwiGLU:0,SwiGLU:1,FFN_W2:0,FFN_W2:1,Add:-1",0.00032135900410334983,0.0003719167947769165,npu|decode|11|2ef4409498d14c672a4fbbfe6786cce6,11,sample_step,0.003856308049240198,0.004463001537322998,5.055779067356667e-05,1.1573249544217132,0.0006066934880828,1.1573249544217132
attn_on_pim_prefill-128xdecode_262_ops_trace.csv,decode,11,119,9,PIM0,pim,7,"Q:0,K:0,V:0,QK:0,Softmax:0,SV:0,O:0",2.5431697265654307e-05,2.1617e-05,pim|decode|11|61397802f1888ea563dd9b1ea38edd23,11,sample_step,0.0003051803671878517,0.00025940399999999997,-3.814697265654307e-06,0.8500022540451485,-4.5776367187851715e-05,0.8500022540451484
attn_on_pim_prefill-128xdecode_262_ops_trace.csv,decode,11,119,9,PIM1,pim,7,"Q:1,K:1,V:1,QK:1,Softmax:1,SV:1,O:1",2.5431697265654307e-05,2.1617e-05,pim|decode|11|9c4e6c099d863efd94751a80c7e404c5,11,sample_step,0.0003051803671878517,0.00025940399999999997,-3.814697265654307e-06,0.8500022540451485,-4.5776367187851715e-05,0.8500022540451484
attn_on_pim_prefill-128xdecode_262_ops_trace.csv,decode,11,119,10,GPU0,npu,12,"LN:-1,Add:-1,LN:-1,FFN_W1:0,FFN_W3:0,FFN_W1:1,FFN_W3:1,SwiGLU:0,SwiGLU:1,FFN_W2:0,FFN_W2:1,Add:-1",0.00032135900410334983,0.0003719167947769165,npu|decode|11|2ef4409498d14c672a4fbbfe6786cce6,11,sample_step,0.003856308049240198,0.004463001537322998,5.055779067356667e-05,1.1573249544217132,0.0006066934880828,1.1573249544217132
attn_on_pim_prefill-128xdecode_262_ops_trace.csv,decode,11,119,10,PIM0,pim,7,"Q:0,K:0,V:0,QK:0,Softmax:0,SV:0,O:0",2.5431697265654307e-05,2.1617e-05,pim|decode|11|61397802f1888ea563dd9b1ea38edd23,11,sample_step,0.0003051803671878517,0.00025940399999999997,-3.814697265654307e-06,0.8500022540451485,-4.5776367187851715e-05,0.8500022540451484
attn_on_pim_prefill-128xdecode_262_ops_trace.csv,decode,11,119,10,PIM1,pim,7,"Q:1,K:1,V:1,QK:1,Softmax:1,SV:1,O:1",2.5431697265654307e-05,2.1617e-05,pim|decode|11|9c4e6c099d863efd94751a80c7e404c5,11,sample_step,0.0003051803671878517,0.00025940399999999997,-3.814697265654307e-06,0.8500022540451485,-4.5776367187851715e-05,0.8500022540451484
attn_on_pim_prefill-128xdecode_262_ops_trace.csv,decode,11,119,11,GPU0,npu,12,"LN:-1,Add:-1,LN:-1,FFN_W1:0,FFN_W3:0,FFN_W1:1,FFN_W3:1,SwiGLU:0,SwiGLU:1,FFN_W2:0,FFN_W2:1,Add:-1",0.00032135900410334983,0.0003719167947769165,npu|decode|11|2ef4409498d14c672a4fbbfe6786cce6,11,sample_step,0.003856308049240198,0.004463001537322998,5.055779067356667e-05,1.1573249544217132,0.0006066934880828,1.1573249544217132
attn_on_pim_prefill-128xdecode_262_ops_trace.csv,decode,11,119,11,PIM0,pim,7,"Q:0,K:0,V:0,QK:0,Softmax:0,SV:0,O:0",2.5431697265654307e-05,2.1617e-05,pim|decode|11|61397802f1888ea563dd9b1ea38edd23,11,sample_step,0.0003051803671878517,0.00025940399999999997,-3.814697265654307e-06,0.8500022540451485,-4.5776367187851715e-05,0.8500022540451484
attn_on_pim_prefill-128xdecode_262_ops_trace.csv,decode,11,119,11,PIM1,pim,7,"Q:1,K:1,V:1,QK:1,Softmax:1,SV:1,O:1",2.5431697265654307e-05,2.1617e-05,pim|decode|11|9c4e6c099d863efd94751a80c7e404c5,11,sample_step,0.0003051803671878517,0.00025940399999999997,-3.814697265654307e-06,0.8500022540451485,-4.5776367187851715e-05,0.8500022540451484
attn_on_pim_prefill-128xdecode_262_ops_trace.csv,decode,11,119,12,GPU0,npu,12,"LN:-1,Add:-1,LN:-1,FFN_W1:0,FFN_W3:0,FFN_W1:1,FFN_W3:1,SwiGLU:0,SwiGLU:1,FFN_W2:0,FFN_W2:1,Add:-1",0.00032135900410334983,0.0003719167947769165,npu|decode|11|2ef4409498d14c672a4fbbfe6786cce6,11,sample_step,0.003856308049240198,0.004463001537322998,5.055779067356667e-05,1.1573249544217132,0.0006066934880828,1.1573249544217132
attn_on_pim_prefill-128xdecode_262_ops_trace.csv,decode,11,119,12,PIM0,pim,7,"Q:0,K:0,V:0,QK:0,Softmax:0,SV:0,O:0",2.5431697265654307e-05,2.1617e-05,pim|decode|11|61397802f1888ea563dd9b1ea38edd23,11,sample_step,0.0003051803671878517,0.00025940399999999997,-3.814697265654307e-06,0.8500022540451485,-4.5776367187851715e-05,0.8500022540451484
attn_on_pim_prefill-128xdecode_262_ops_trace.csv,decode,11,119,12,PIM1,pim,7,"Q:1,K:1,V:1,QK:1,Softmax:1,SV:1,O:1",2.5431697265654307e-05,2.1617e-05,pim|decode|11|9c4e6c099d863efd94751a80c7e404c5,11,sample_step,0.0003051803671878517,0.00025940399999999997,-3.814697265654307e-06,0.8500022540451485,-4.5776367187851715e-05,0.8500022540451484
attn_on_pim_prefill-128xdecode_262_ops_trace.csv,decode,11,119,13,GPU0,npu,12,"LN:-1,Add:-1,LN:-1,FFN_W1:0,FFN_W3:0,FFN_W1:1,FFN_W3:1,SwiGLU:0,SwiGLU:1,FFN_W2:0,FFN_W2:1,Add:-1",0.00032135900410334983,0.0003719167947769165,npu|decode|11|2ef4409498d14c672a4fbbfe6786cce6,11,sample_step,0.003856308049240198,0.004463001537322998,5.055779067356667e-05,1.1573249544217132,0.0006066934880828,1.1573249544217132
attn_on_pim_prefill-128xdecode_262_ops_trace.csv,decode,11,119,13,PIM0,pim,7,"Q:0,K:0,V:0,QK:0,Softmax:0,SV:0,O:0",2.5431697265654307e-05,2.1617e-05,pim|decode|11|61397802f1888ea563dd9b1ea38edd23,11,sample_step,0.0003051803671878517,0.00025940399999999997,-3.814697265654307e-06,0.8500022540451485,-4.5776367187851715e-05,0.8500022540451484
attn_on_pim_prefill-128xdecode_262_ops_trace.csv,decode,11,119,13,PIM1,pim,7,"Q:1,K:1,V:1,QK:1,Softmax:1,SV:1,O:1",2.5431697265654307e-05,2.1617e-05,pim|decode|11|9c4e6c099d863efd94751a80c7e404c5,11,sample_step,0.0003051803671878517,0.00025940399999999997,-3.814697265654307e-06,0.8500022540451485,-4.5776367187851715e-05,0.8500022540451484
attn_on_pim_prefill-128xdecode_262_ops_trace.csv,decode,11,119,14,GPU0,npu,12,"LN:-1,Add:-1,LN:-1,FFN_W1:0,FFN_W3:0,FFN_W1:1,FFN_W3:1,SwiGLU:0,SwiGLU:1,FFN_W2:0,FFN_W2:1,Add:-1",0.00032135900410334983,0.0003719167947769165,npu|decode|11|2ef4409498d14c672a4fbbfe6786cce6,11,sample_step,0.003856308049240198,0.004463001537322998,5.055779067356667e-05,1.1573249544217132,0.0006066934880828,1.1573249544217132
attn_on_pim_prefill-128xdecode_262_ops_trace.csv,decode,11,119,14,PIM0,pim,7,"Q:0,K:0,V:0,QK:0,Softmax:0,SV:0,O:0",2.5431697265654307e-05,2.1617e-05,pim|decode|11|61397802f1888ea563dd9b1ea38edd23,11,sample_step,0.0003051803671878517,0.00025940399999999997,-3.814697265654307e-06,0.8500022540451485,-4.5776367187851715e-05,0.8500022540451484
attn_on_pim_prefill-128xdecode_262_ops_trace.csv,decode,11,119,14,PIM1,pim,7,"Q:1,K:1,V:1,QK:1,Softmax:1,SV:1,O:1",2.5431697265654307e-05,2.1617e-05,pim|decode|11|9c4e6c099d863efd94751a80c7e404c5,11,sample_step,0.0003051803671878517,0.00025940399999999997,-3.814697265654307e-06,0.8500022540451485,-4.5776367187851715e-05,0.8500022540451484
attn_on_pim_prefill-128xdecode_262_ops_trace.csv,decode,11,119,15,GPU0,npu,12,"LN:-1,Add:-1,LN:-1,FFN_W1:0,FFN_W3:0,FFN_W1:1,FFN_W3:1,SwiGLU:0,SwiGLU:1,FFN_W2:0,FFN_W2:1,Add:-1",0.00032135900410334983,0.0003719167947769165,npu|decode|11|2ef4409498d14c672a4fbbfe6786cce6,11,sample_step,0.003856308049240198,0.004463001537322998,5.055779067356667e-05,1.1573249544217132,0.0006066934880828,1.1573249544217132
attn_on_pim_prefill-128xdecode_262_ops_trace.csv,decode,11,119,15,PIM0,pim,7,"Q:0,K:0,V:0,QK:0,Softmax:0,SV:0,O:0",2.5431697265654307e-05,2.1617e-05,pim|decode|11|61397802f1888ea563dd9b1ea38edd23,11,sample_step,0.0003051803671878517,0.00025940399999999997,-3.814697265654307e-06,0.8500022540451485,-4.5776367187851715e-05,0.8500022540451484
attn_on_pim_prefill-128xdecode_262_ops_trace.csv,decode,11,119,15,PIM1,pim,7,"Q:1,K:1,V:1,QK:1,Softmax:1,SV:1,O:1",2.5431697265654307e-05,2.1617e-05,pim|decode|11|9c4e6c099d863efd94751a80c7e404c5,11,sample_step,0.0003051803671878517,0.00025940399999999997,-3.814697265654307e-06,0.8500022540451485,-4.5776367187851715e-05,0.8500022540451484
attn_on_pim_prefill-128xdecode_262_ops_trace.csv,decode,11,119,16,GPU0,npu,12,"LN:-1,Add:-1,LN:-1,FFN_W1:0,FFN_W3:0,FFN_W1:1,FFN_W3:1,SwiGLU:0,SwiGLU:1,FFN_W2:0,FFN_W2:1,Add:-1",0.00032135900410334983,0.0003719167947769165,npu|decode|11|2ef4409498d14c672a4fbbfe6786cce6,11,sample_step,0.003856308049240198,0.004463001537322998,5.055779067356667e-05,1.1573249544217132,0.0006066934880828,1.1573249544217132
attn_on_pim_prefill-128xdecode_262_ops_trace.csv,decode,11,119,16,PIM0,pim,7,"Q:0,K:0,V:0,QK:0,Softmax:0,SV:0,O:0",2.5431697265654307e-05,2.1617e-05,pim|decode|11|61397802f1888ea563dd9b1ea38edd23,11,sample_step,0.0003051803671878517,0.00025940399999999997,-3.814697265654307e-06,0.8500022540451485,-4.5776367187851715e-05,0.8500022540451484
attn_on_pim_prefill-128xdecode_262_ops_trace.csv,decode,11,119,16,PIM1,pim,7,"Q:1,K:1,V:1,QK:1,Softmax:1,SV:1,O:1",2.5431697265654307e-05,2.1617e-05,pim|decode|11|9c4e6c099d863efd94751a80c7e404c5,11,sample_step,0.0003051803671878517,0.00025940399999999997,-3.814697265654307e-06,0.8500022540451485,-4.5776367187851715e-05,0.8500022540451484
attn_on_pim_prefill-128xdecode_262_ops_trace.csv,decode,11,119,17,GPU0,npu,12,"LN:-1,Add:-1,LN:-1,FFN_W1:0,FFN_W3:0,FFN_W1:1,FFN_W3:1,SwiGLU:0,SwiGLU:1,FFN_W2:0,FFN_W2:1,Add:-1",0.00032135900410334983,0.0003719167947769165,npu|decode|11|2ef4409498d14c672a4fbbfe6786cce6,11,sample_step,0.003856308049240198,0.004463001537322998,5.055779067356667e-05,1.1573249544217132,0.0006066934880828,1.1573249544217132
attn_on_pim_prefill-128xdecode_262_ops_trace.csv,decode,11,119,17,PIM0,pim,7,"Q:0,K:0,V:0,QK:0,Softmax:0,SV:0,O:0",2.5431697265654307e-05,2.1617e-05,pim|decode|11|61397802f1888ea563dd9b1ea38edd23,11,sample_step,0.0003051803671878517,0.00025940399999999997,-3.814697265654307e-06,0.8500022540451485,-4.5776367187851715e-05,0.8500022540451484
attn_on_pim_prefill-128xdecode_262_ops_trace.csv,decode,11,119,17,PIM1,pim,7,"Q:1,K:1,V:1,QK:1,Softmax:1,SV:1,O:1",2.5431697265654307e-05,2.1617e-05,pim|decode|11|9c4e6c099d863efd94751a80c7e404c5,11,sample_step,0.0003051803671878517,0.00025940399999999997,-3.814697265654307e-06,0.8500022540451485,-4.5776367187851715e-05,0.8500022540451484
attn_on_pim_prefill-128xdecode_262_ops_trace.csv,decode,11,119,18,GPU0,npu,12,"LN:-1,Add:-1,LN:-1,FFN_W1:0,FFN_W3:0,FFN_W1:1,FFN_W3:1,SwiGLU:0,SwiGLU:1,FFN_W2:0,FFN_W2:1,Add:-1",0.00032135900410334983,0.0003719167947769165,npu|decode|11|2ef4409498d14c672a4fbbfe6786cce6,11,sample_step,0.003856308049240198,0.004463001537322998,5.055779067356667e-05,1.1573249544217132,0.0006066934880828,1.1573249544217132
attn_on_pim_prefill-128xdecode_262_ops_trace.csv,decode,11,119,18,PIM0,pim,7,"Q:0,K:0,V:0,QK:0,Softmax:0,SV:0,O:0",2.5431697265654307e-05,2.1617e-05,pim|decode|11|61397802f1888ea563dd9b1ea38edd23,11,sample_step,0.0003051803671878517,0.00025940399999999997,-3.814697265654307e-06,0.8500022540451485,-4.5776367187851715e-05,0.8500022540451484
attn_on_pim_prefill-128xdecode_262_ops_trace.csv,decode,11,119,18,PIM1,pim,7,"Q:1,K:1,V:1,QK:1,Softmax:1,SV:1,O:1",2.5431697265654307e-05,2.1617e-05,pim|decode|11|9c4e6c099d863efd94751a80c7e404c5,11,sample_step,0.0003051803671878517,0.00025940399999999997,-3.814697265654307e-06,0.8500022540451485,-4.5776367187851715e-05,0.8500022540451484
attn_on_pim_prefill-128xdecode_262_ops_trace.csv,decode,11,119,19,GPU0,npu,12,"LN:-1,Add:-1,LN:-1,FFN_W1:0,FFN_W3:0,FFN_W1:1,FFN_W3:1,SwiGLU:0,SwiGLU:1,FFN_W2:0,FFN_W2:1,Add:-1",0.00032135900410334983,0.0003719167947769165,npu|decode|11|2ef4409498d14c672a4fbbfe6786cce6,11,sample_step,0.003856308049240198,0.004463001537322998,5.055779067356667e-05,1.1573249544217132,0.0006066934880828,1.1573249544217132
attn_on_pim_prefill-128xdecode_262_ops_trace.csv,decode,11,119,19,PIM0,pim,7,"Q:0,K:0,V:0,QK:0,Softmax:0,SV:0,O:0",2.5431697265654307e-05,2.1617e-05,pim|decode|11|61397802f1888ea563dd9b1ea38edd23,11,sample_step,0.0003051803671878517,0.00025940399999999997,-3.814697265654307e-06,0.8500022540451485,-4.5776367187851715e-05,0.8500022540451484
attn_on_pim_prefill-128xdecode_262_ops_trace.csv,decode,11,119,19,PIM1,pim,7,"Q:1,K:1,V:1,QK:1,Softmax:1,SV:1,O:1",2.5431697265654307e-05,2.1617e-05,pim|decode|11|9c4e6c099d863efd94751a80c7e404c5,11,sample_step,0.0003051803671878517,0.00025940399999999997,-3.814697265654307e-06,0.8500022540451485,-4.5776367187851715e-05,0.8500022540451484
attn_on_pim_prefill-128xdecode_262_ops_trace.csv,decode,11,119,20,GPU0,npu,12,"LN:-1,Add:-1,LN:-1,FFN_W1:0,FFN_W3:0,FFN_W1:1,FFN_W3:1,SwiGLU:0,SwiGLU:1,FFN_W2:0,FFN_W2:1,Add:-1",0.00032135900410334983,0.0003719167947769165,npu|decode|11|2ef4409498d14c672a4fbbfe6786cce6,11,sample_step,0.003856308049240198,0.004463001537322998,5.055779067356667e-05,1.1573249544217132,0.0006066934880828,1.1573249544217132
attn_on_pim_prefill-128xdecode_262_ops_trace.csv,decode,11,119,20,PIM0,pim,7,"Q:0,K:0,V:0,QK:0,Softmax:0,SV:0,O:0",2.5431697265654307e-05,2.1617e-05,pim|decode|11|61397802f1888ea563dd9b1ea38edd23,11,sample_step,0.0003051803671878517,0.00025940399999999997,-3.814697265654307e-06,0.8500022540451485,-4.5776367187851715e-05,0.8500022540451484
attn_on_pim_prefill-128xdecode_262_ops_trace.csv,decode,11,119,20,PIM1,pim,7,"Q:1,K:1,V:1,QK:1,Softmax:1,SV:1,O:1",2.5431697265654307e-05,2.1617e-05,pim|decode|11|9c4e6c099d863efd94751a80c7e404c5,11,sample_step,0.0003051803671878517,0.00025940399999999997,-3.814697265654307e-06,0.8500022540451485,-4.5776367187851715e-05,0.8500022540451484
attn_on_pim_prefill-128xdecode_262_ops_trace.csv,decode,11,119,21,GPU0,npu,12,"LN:-1,Add:-1,LN:-1,FFN_W1:0,FFN_W3:0,FFN_W1:1,FFN_W3:1,SwiGLU:0,SwiGLU:1,FFN_W2:0,FFN_W2:1,Add:-1",0.00032135900410334983,0.0003719167947769165,npu|decode|11|2ef4409498d14c672a4fbbfe6786cce6,11,sample_step,0.003856308049240198,0.004463001537322998,5.055779067356667e-05,1.1573249544217132,0.0006066934880828,1.1573249544217132
attn_on_pim_prefill-128xdecode_262_ops_trace.csv,decode,11,119,21,PIM0,pim,7,"Q:0,K:0,V:0,QK:0,Softmax:0,SV:0,O:0",2.5431697265654307e-05,2.1617e-05,pim|decode|11|61397802f1888ea563dd9b1ea38edd23,11,sample_step,0.0003051803671878517,0.00025940399999999997,-3.814697265654307e-06,0.8500022540451485,-4.5776367187851715e-05,0.8500022540451484
attn_on_pim_prefill-128xdecode_262_ops_trace.csv,decode,11,119,21,PIM1,pim,7,"Q:1,K:1,V:1,QK:1,Softmax:1,SV:1,O:1",2.5431697265654307e-05,2.1617e-05,pim|decode|11|9c4e6c099d863efd94751a80c7e404c5,11,sample_step,0.0003051803671878517,0.00025940399999999997,-3.814697265654307e-06,0.8500022540451485,-4.5776367187851715e-05,0.8500022540451484
attn_on_pim_prefill-128xdecode_262_ops_trace.csv,decode,11,119,22,GPU0,npu,12,"LN:-1,Add:-1,LN:-1,FFN_W1:0,FFN_W3:0,FFN_W1:1,FFN_W3:1,SwiGLU:0,SwiGLU:1,FFN_W2:0,FFN_W2:1,Add:-1",0.00032135900410334983,0.0003719167947769165,npu|decode|11|2ef4409498d14c672a4fbbfe6786cce6,11,sample_step,0.003856308049240198,0.004463001537322998,5.055779067356667e-05,1.1573249544217132,0.0006066934880828,1.1573249544217132
attn_on_pim_prefill-128xdecode_262_ops_trace.csv,decode,11,119,22,PIM0,pim,7,"Q:0,K:0,V:0,QK:0,Softmax:0,SV:0,O:0",2.5431697265654307e-05,2.1617e-05,pim|decode|11|61397802f1888ea563dd9b1ea38edd23,11,sample_step,0.0003051803671878517,0.00025940399999999997,-3.814697265654307e-06,0.8500022540451485,-4.5776367187851715e-05,0.8500022540451484
attn_on_pim_prefill-128xdecode_262_ops_trace.csv,decode,11,119,22,PIM1,pim,7,"Q:1,K:1,V:1,QK:1,Softmax:1,SV:1,O:1",2.5431697265654307e-05,2.1617e-05,pim|decode|11|9c4e6c099d863efd94751a80c7e404c5,11,sample_step,0.0003051803671878517,0.00025940399999999997,-3.814697265654307e-06,0.8500022540451485,-4.5776367187851715e-05,0.8500022540451484
attn_on_pim_prefill-128xdecode_262_ops_trace.csv,decode,11,119,23,GPU0,npu,12,"LN:-1,Add:-1,LN:-1,FFN_W1:0,FFN_W3:0,FFN_W1:1,FFN_W3:1,SwiGLU:0,SwiGLU:1,FFN_W2:0,FFN_W2:1,Add:-1",0.00032135900410334983,0.0003719167947769165,npu|decode|11|2ef4409498d14c672a4fbbfe6786cce6,11,sample_step,0.003856308049240198,0.004463001537322998,5.055779067356667e-05,1.1573249544217132,0.0006066934880828,1.1573249544217132
attn_on_pim_prefill-128xdecode_262_ops_trace.csv,decode,11,119,23,PIM0,pim,7,"Q:0,K:0,V:0,QK:0,Softmax:0,SV:0,O:0",2.5431697265654307e-05,2.1617e-05,pim|decode|11|61397802f1888ea563dd9b1ea38edd23,11,sample_step,0.0003051803671878517,0.00025940399999999997,-3.814697265654307e-06,0.8500022540451485,-4.5776367187851715e-05,0.8500022540451484
attn_on_pim_prefill-128xdecode_262_ops_trace.csv,decode,11,119,23,PIM1,pim,7,"Q:1,K:1,V:1,QK:1,Softmax:1,SV:1,O:1",2.5431697265654307e-05,2.1617e-05,pim|decode|11|9c4e6c099d863efd94751a80c7e404c5,11,sample_step,0.0003051803671878517,0.00025940399999999997,-3.814697265654307e-06,0.8500022540451485,-4.5776367187851715e-05,0.8500022540451484
attn_on_pim_prefill-128xdecode_262_ops_trace.csv,decode,11,119,24,GPU0,npu,12,"LN:-1,Add:-1,LN:-1,FFN_W1:0,FFN_W3:0,FFN_W1:1,FFN_W3:1,SwiGLU:0,SwiGLU:1,FFN_W2:0,FFN_W2:1,Add:-1",0.00032135900410334983,0.0003719167947769165,npu|decode|11|2ef4409498d14c672a4fbbfe6786cce6,11,sample_step,0.003856308049240198,0.004463001537322998,5.055779067356667e-05,1.1573249544217132,0.0006066934880828,1.1573249544217132
attn_on_pim_prefill-128xdecode_262_ops_trace.csv,decode,11,119,24,PIM0,pim,7,"Q:0,K:0,V:0,QK:0,Softmax:0,SV:0,O:0",2.5431697265654307e-05,2.1617e-05,pim|decode|11|61397802f1888ea563dd9b1ea38edd23,11,sample_step,0.0003051803671878517,0.00025940399999999997,-3.814697265654307e-06,0.8500022540451485,-4.5776367187851715e-05,0.8500022540451484
attn_on_pim_prefill-128xdecode_262_ops_trace.csv,decode,11,119,24,PIM1,pim,7,"Q:1,K:1,V:1,QK:1,Softmax:1,SV:1,O:1",2.5431697265654307e-05,2.1617e-05,pim|decode|11|9c4e6c099d863efd94751a80c7e404c5,11,sample_step,0.0003051803671878517,0.00025940399999999997,-3.814697265654307e-06,0.8500022540451485,-4.5776367187851715e-05,0.8500022540451484
attn_on_pim_prefill-128xdecode_262_ops_trace.csv,decode,11,119,25,GPU0,npu,12,"LN:-1,Add:-1,LN:-1,FFN_W1:0,FFN_W3:0,FFN_W1:1,FFN_W3:1,SwiGLU:0,SwiGLU:1,FFN_W2:0,FFN_W2:1,Add:-1",0.00032135900410334983,0.0003719167947769165,npu|decode|11|2ef4409498d14c672a4fbbfe6786cce6,11,sample_step,0.003856308049240198,0.004463001537322998,5.055779067356667e-05,1.1573249544217132,0.0006066934880828,1.1573249544217132
attn_on_pim_prefill-128xdecode_262_ops_trace.csv,decode,11,119,25,PIM0,pim,7,"Q:0,K:0,V:0,QK:0,Softmax:0,SV:0,O:0",2.5431697265654307e-05,2.1617e-05,pim|decode|11|61397802f1888ea563dd9b1ea38edd23,11,sample_step,0.0003051803671878517,0.00025940399999999997,-3.814697265654307e-06,0.8500022540451485,-4.5776367187851715e-05,0.8500022540451484
attn_on_pim_prefill-128xdecode_262_ops_trace.csv,decode,11,119,25,PIM1,pim,7,"Q:1,K:1,V:1,QK:1,Softmax:1,SV:1,O:1",2.5431697265654307e-05,2.1617e-05,pim|decode|11|9c4e6c099d863efd94751a80c7e404c5,11,sample_step,0.0003051803671878517,0.00025940399999999997,-3.814697265654307e-06,0.8500022540451485,-4.5776367187851715e-05,0.8500022540451484
attn_on_pim_prefill-128xdecode_262_ops_trace.csv,decode,11,119,26,GPU0,npu,12,"LN:-1,Add:-1,LN:-1,FFN_W1:0,FFN_W3:0,FFN_W1:1,FFN_W3:1,SwiGLU:0,SwiGLU:1,FFN_W2:0,FFN_W2:1,Add:-1",0.00032135900410334983,0.0003719167947769165,npu|decode|11|2ef4409498d14c672a4fbbfe6786cce6,11,sample_step,0.003856308049240198,0.004463001537322998,5.055779067356667e-05,1.1573249544217132,0.0006066934880828,1.1573249544217132
attn_on_pim_prefill-128xdecode_262_ops_trace.csv,decode,11,119,26,PIM0,pim,7,"Q:0,K:0,V:0,QK:0,Softmax:0,SV:0,O:0",2.5431697265654307e-05,2.1617e-05,pim|decode|11|61397802f1888ea563dd9b1ea38edd23,11,sample_step,0.0003051803671878517,0.00025940399999999997,-3.814697265654307e-06,0.8500022540451485,-4.5776367187851715e-05,0.8500022540451484
attn_on_pim_prefill-128xdecode_262_ops_trace.csv,decode,11,119,26,PIM1,pim,7,"Q:1,K:1,V:1,QK:1,Softmax:1,SV:1,O:1",2.5431697265654307e-05,2.1617e-05,pim|decode|11|9c4e6c099d863efd94751a80c7e404c5,11,sample_step,0.0003051803671878517,0.00025940399999999997,-3.814697265654307e-06,0.8500022540451485,-4.5776367187851715e-05,0.8500022540451484
attn_on_pim_prefill-128xdecode_262_ops_trace.csv,decode,11,119,27,GPU0,npu,12,"LN:-1,Add:-1,LN:-1,FFN_W1:0,FFN_W3:0,FFN_W1:1,FFN_W3:1,SwiGLU:0,SwiGLU:1,FFN_W2:0,FFN_W2:1,Add:-1",0.00032135900410334983,0.0003719167947769165,npu|decode|11|2ef4409498d14c672a4fbbfe6786cce6,11,sample_step,0.003856308049240198,0.004463001537322998,5.055779067356667e-05,1.1573249544217132,0.0006066934880828,1.1573249544217132
attn_on_pim_prefill-128xdecode_262_ops_trace.csv,decode,11,119,27,PIM0,pim,7,"Q:0,K:0,V:0,QK:0,Softmax:0,SV:0,O:0",2.5431697265654307e-05,2.1617e-05,pim|decode|11|61397802f1888ea563dd9b1ea38edd23,11,sample_step,0.0003051803671878517,0.00025940399999999997,-3.814697265654307e-06,0.8500022540451485,-4.5776367187851715e-05,0.8500022540451484
attn_on_pim_prefill-128xdecode_262_ops_trace.csv,decode,11,119,27,PIM1,pim,7,"Q:1,K:1,V:1,QK:1,Softmax:1,SV:1,O:1",2.5431697265654307e-05,2.1617e-05,pim|decode|11|9c4e6c099d863efd94751a80c7e404c5,11,sample_step,0.0003051803671878517,0.00025940399999999997,-3.814697265654307e-06,0.8500022540451485,-4.5776367187851715e-05,0.8500022540451484
attn_on_pim_prefill-128xdecode_262_ops_trace.csv,decode,11,119,28,GPU0,npu,12,"LN:-1,Add:-1,LN:-1,FFN_W1:0,FFN_W3:0,FFN_W1:1,FFN_W3:1,SwiGLU:0,SwiGLU:1,FFN_W2:0,FFN_W2:1,Add:-1",0.00032135900410334983,0.0003719167947769165,npu|decode|11|2ef4409498d14c672a4fbbfe6786cce6,11,sample_step,0.003856308049240198,0.004463001537322998,5.055779067356667e-05,1.1573249544217132,0.0006066934880828,1.1573249544217132
attn_on_pim_prefill-128xdecode_262_ops_trace.csv,decode,11,119,28,PIM0,pim,7,"Q:0,K:0,V:0,QK:0,Softmax:0,SV:0,O:0",2.5431697265654307e-05,2.1617e-05,pim|decode|11|61397802f1888ea563dd9b1ea38edd23,11,sample_step,0.0003051803671878517,0.00025940399999999997,-3.814697265654307e-06,0.8500022540451485,-4.5776367187851715e-05,0.8500022540451484
attn_on_pim_prefill-128xdecode_262_ops_trace.csv,decode,11,119,28,PIM1,pim,7,"Q:1,K:1,V:1,QK:1,Softmax:1,SV:1,O:1",2.5431697265654307e-05,2.1617e-05,pim|decode|11|9c4e6c099d863efd94751a80c7e404c5,11,sample_step,0.0003051803671878517,0.00025940399999999997,-3.814697265654307e-06,0.8500022540451485,-4.5776367187851715e-05,0.8500022540451484
attn_on_pim_prefill-128xdecode_262_ops_trace.csv,decode,11,119,29,GPU0,npu,12,"LN:-1,Add:-1,LN:-1,FFN_W1:0,FFN_W3:0,FFN_W1:1,FFN_W3:1,SwiGLU:0,SwiGLU:1,FFN_W2:0,FFN_W2:1,Add:-1",0.00032135900410334983,0.0003719167947769165,npu|decode|11|2ef4409498d14c672a4fbbfe6786cce6,11,sample_step,0.003856308049240198,0.004463001537322998,5.055779067356667e-05,1.1573249544217132,0.0006066934880828,1.1573249544217132
attn_on_pim_prefill-128xdecode_262_ops_trace.csv,decode,11,119,29,PIM0,pim,7,"Q:0,K:0,V:0,QK:0,Softmax:0,SV:0,O:0",2.5431697265654307e-05,2.1617e-05,pim|decode|11|61397802f1888ea563dd9b1ea38edd23,11,sample_step,0.0003051803671878517,0.00025940399999999997,-3.814697265654307e-06,0.8500022540451485,-4.5776367187851715e-05,0.8500022540451484
attn_on_pim_prefill-128xdecode_262_ops_trace.csv,decode,11,119,29,PIM1,pim,7,"Q:1,K:1,V:1,QK:1,Softmax:1,SV:1,O:1",2.5431697265654307e-05,2.1617e-05,pim|decode|11|9c4e6c099d863efd94751a80c7e404c5,11,sample_step,0.0003051803671878517,0.00025940399999999997,-3.814697265654307e-06,0.8500022540451485,-4.5776367187851715e-05,0.8500022540451484
attn_on_pim_prefill-128xdecode_262_ops_trace.csv,decode,11,119,30,GPU0,npu,12,"LN:-1,Add:-1,LN:-1,FFN_W1:0,FFN_W3:0,FFN_W1:1,FFN_W3:1,SwiGLU:0,SwiGLU:1,FFN_W2:0,FFN_W2:1,Add:-1",0.00032135900410334983,0.0003719167947769165,npu|decode|11|2ef4409498d14c672a4fbbfe6786cce6,11,sample_step,0.003856308049240198,0.004463001537322998,5.055779067356667e-05,1.1573249544217132,0.0006066934880828,1.1573249544217132
attn_on_pim_prefill-128xdecode_262_ops_trace.csv,decode,11,119,30,PIM0,pim,7,"Q:0,K:0,V:0,QK:0,Softmax:0,SV:0,O:0",2.5431697265654307e-05,2.1617e-05,pim|decode|11|61397802f1888ea563dd9b1ea38edd23,11,sample_step,0.0003051803671878517,0.00025940399999999997,-3.814697265654307e-06,0.8500022540451485,-4.5776367187851715e-05,0.8500022540451484
attn_on_pim_prefill-128xdecode_262_ops_trace.csv,decode,11,119,30,PIM1,pim,7,"Q:1,K:1,V:1,QK:1,Softmax:1,SV:1,O:1",2.5431697265654307e-05,2.1617e-05,pim|decode|11|9c4e6c099d863efd94751a80c7e404c5,11,sample_step,0.0003051803671878517,0.00025940399999999997,-3.814697265654307e-06,0.8500022540451485,-4.5776367187851715e-05,0.8500022540451484
attn_on_pim_prefill-128xdecode_262_ops_trace.csv,decode,11,119,31,GPU0,npu,12,"LN:-1,Add:-1,LN:-1,FFN_W1:0,FFN_W3:0,FFN_W1:1,FFN_W3:1,SwiGLU:0,SwiGLU:1,FFN_W2:0,FFN_W2:1,Add:-1",0.00032135900410334983,0.0003719167947769165,npu|decode|11|2ef4409498d14c672a4fbbfe6786cce6,11,sample_step,0.003856308049240198,0.004463001537322998,5.055779067356667e-05,1.1573249544217132,0.0006066934880828,1.1573249544217132
attn_on_pim_prefill-128xdecode_262_ops_trace.csv,decode,11,119,31,PIM0,pim,7,"Q:0,K:0,V:0,QK:0,Softmax:0,SV:0,O:0",2.5431697265654307e-05,2.1617e-05,pim|decode|11|61397802f1888ea563dd9b1ea38edd23,11,sample_step,0.0003051803671878517,0.00025940399999999997,-3.814697265654307e-06,0.8500022540451485,-4.5776367187851715e-05,0.8500022540451484
attn_on_pim_prefill-128xdecode_262_ops_trace.csv,decode,11,119,31,PIM1,pim,7,"Q:1,K:1,V:1,QK:1,Softmax:1,SV:1,O:1",2.5431697265654307e-05,2.1617e-05,pim|decode|11|9c4e6c099d863efd94751a80c7e404c5,11,sample_step,0.0003051803671878517,0.00025940399999999997,-3.814697265654307e-06,0.8500022540451485,-4.5776367187851715e-05,0.8500022540451484
attn_on_pim_prefill-128xdecode_262_ops_trace.csv,decode,12,131,0,GPU0,npu,12,"LN:-1,Add:-1,LN:-1,FFN_W1:0,FFN_W3:0,FFN_W1:1,FFN_W3:1,SwiGLU:0,SwiGLU:1,FFN_W2:0,FFN_W2:1,Add:-1",0.00032135900410246165,0.00037160959243774417,npu|decode|12|2ef4409498d14c672a4fbbfe6786cce6,12,sample_step,0.00385630804922954,0.00445931510925293,5.025058833528251e-05,1.156369006916827,0.0006030070600233899,1.156369006916827
attn_on_pim_prefill-128xdecode_262_ops_trace.csv,decode,12,131,0,PIM0,pim,7,"Q:0,K:0,V:0,QK:0,Softmax:0,SV:0,O:0",2.550169726545093e-05,2.1687e-05,pim|decode|12|61397802f1888ea563dd9b1ea38edd23,12,sample_step,0.00030602036718541115,0.000260244,-3.814697265450928e-06,0.8504139851656468,-4.577636718541112e-05,0.8504139851656468
attn_on_pim_prefill-128xdecode_262_ops_trace.csv,decode,12,131,0,PIM1,pim,7,"Q:1,K:1,V:1,QK:1,Softmax:1,SV:1,O:1",2.550169726545093e-05,2.1687e-05,pim|decode|12|9c4e6c099d863efd94751a80c7e404c5,12,sample_step,0.00030602036718541115,0.000260244,-3.814697265450928e-06,0.8504139851656468,-4.577636718541112e-05,0.8504139851656468
attn_on_pim_prefill-128xdecode_262_ops_trace.csv,decode,12,131,1,GPU0,npu,12,"LN:-1,Add:-1,LN:-1,FFN_W1:0,FFN_W3:0,FFN_W1:1,FFN_W3:1,SwiGLU:0,SwiGLU:1,FFN_W2:0,FFN_W2:1,Add:-1",0.00032135900410246165,0.00037160959243774417,npu|decode|12|2ef4409498d14c672a4fbbfe6786cce6,12,sample_step,0.00385630804922954,0.00445931510925293,5.025058833528251e-05,1.156369006916827,0.0006030070600233899,1.156369006916827
attn_on_pim_prefill-128xdecode_262_ops_trace.csv,decode,12,131,1,PIM0,pim,7,"Q:0,K:0,V:0,QK:0,Softmax:0,SV:0,O:0",2.550169726545093e-05,2.1687e-05,pim|decode|12|61397802f1888ea563dd9b1ea38edd23,12,sample_step,0.00030602036718541115,0.000260244,-3.814697265450928e-06,0.8504139851656468,-4.577636718541112e-05,0.8504139851656468
attn_on_pim_prefill-128xdecode_262_ops_trace.csv,decode,12,131,1,PIM1,pim,7,"Q:1,K:1,V:1,QK:1,Softmax:1,SV:1,O:1",2.550169726545093e-05,2.1687e-05,pim|decode|12|9c4e6c099d863efd94751a80c7e404c5,12,sample_step,0.00030602036718541115,0.000260244,-3.814697265450928e-06,0.8504139851656468,-4.577636718541112e-05,0.8504139851656468
attn_on_pim_prefill-128xdecode_262_ops_trace.csv,decode,12,131,2,GPU0,npu,12,"LN:-1,Add:-1,LN:-1,FFN_W1:0,FFN_W3:0,FFN_W1:1,FFN_W3:1,SwiGLU:0,SwiGLU:1,FFN_W2:0,FFN_W2:1,Add:-1",0.00032135900410246165,0.00037160959243774417,npu|decode|12|2ef4409498d14c672a4fbbfe6786cce6,12,sample_step,0.00385630804922954,0.00445931510925293,5.025058833528251e-05,1.156369006916827,0.0006030070600233899,1.156369006916827
attn_on_pim_prefill-128xdecode_262_ops_trace.csv,decode,12,131,2,PIM0,pim,7,"Q:0,K:0,V:0,QK:0,Softmax:0,SV:0,O:0",2.550169726545093e-05,2.1687e-05,pim|decode|12|61397802f1888ea563dd9b1ea38edd23,12,sample_step,0.00030602036718541115,0.000260244,-3.814697265450928e-06,0.8504139851656468,-4.577636718541112e-05,0.8504139851656468
attn_on_pim_prefill-128xdecode_262_ops_trace.csv,decode,12,131,2,PIM1,pim,7,"Q:1,K:1,V:1,QK:1,Softmax:1,SV:1,O:1",2.550169726545093e-05,2.1687e-05,pim|decode|12|9c4e6c099d863efd94751a80c7e404c5,12,sample_step,0.00030602036718541115,0.000260244,-3.814697265450928e-06,0.8504139851656468,-4.577636718541112e-05,0.8504139851656468
attn_on_pim_prefill-128xdecode_262_ops_trace.csv,decode,12,131,3,GPU0,npu,12,"LN:-1,Add:-1,LN:-1,FFN_W1:0,FFN_W3:0,FFN_W1:1,FFN_W3:1,SwiGLU:0,SwiGLU:1,FFN_W2:0,FFN_W2:1,Add:-1",0.00032135900410246165,0.00037160959243774417,npu|decode|12|2ef4409498d14c672a4fbbfe6786cce6,12,sample_step,0.00385630804922954,0.00445931510925293,5.025058833528251e-05,1.156369006916827,0.0006030070600233899,1.156369006916827
attn_on_pim_prefill-128xdecode_262_ops_trace.csv,decode,12,131,3,PIM0,pim,7,"Q:0,K:0,V:0,QK:0,Softmax:0,SV:0,O:0",2.550169726545093e-05,2.1687e-05,pim|decode|12|61397802f1888ea563dd9b1ea38edd23,12,sample_step,0.00030602036718541115,0.000260244,-3.814697265450928e-06,0.8504139851656468,-4.577636718541112e-05,0.8504139851656468
attn_on_pim_prefill-128xdecode_262_ops_trace.csv,decode,12,131,3,PIM1,pim,7,"Q:1,K:1,V:1,QK:1,Softmax:1,SV:1,O:1",2.550169726545093e-05,2.1687e-05,pim|decode|12|9c4e6c099d863efd94751a80c7e404c5,12,sample_step,0.00030602036718541115,0.000260244,-3.814697265450928e-06,0.8504139851656468,-4.577636718541112e-05,0.8504139851656468
attn_on_pim_prefill-128xdecode_262_ops_trace.csv,decode,12,131,4,GPU0,npu,12,"LN:-1,Add:-1,LN:-1,FFN_W1:0,FFN_W3:0,FFN_W1:1,FFN_W3:1,SwiGLU:0,SwiGLU:1,FFN_W2:0,FFN_W2:1,Add:-1",0.00032135900410246165,0.00037160959243774417,npu|decode|12|2ef4409498d14c672a4fbbfe6786cce6,12,sample_step,0.00385630804922954,0.00445931510925293,5.025058833528251e-05,1.156369006916827,0.0006030070600233899,1.156369006916827
attn_on_pim_prefill-128xdecode_262_ops_trace.csv,decode,12,131,4,PIM0,pim,7,"Q:0,K:0,V:0,QK:0,Softmax:0,SV:0,O:0",2.550169726545093e-05,2.1687e-05,pim|decode|12|61397802f1888ea563dd9b1ea38edd23,12,sample_step,0.00030602036718541115,0.000260244,-3.814697265450928e-06,0.8504139851656468,-4.577636718541112e-05,0.8504139851656468
attn_on_pim_prefill-128xdecode_262_ops_trace.csv,decode,12,131,4,PIM1,pim,7,"Q:1,K:1,V:1,QK:1,Softmax:1,SV:1,O:1",2.550169726545093e-05,2.1687e-05,pim|decode|12|9c4e6c099d863efd94751a80c7e404c5,12,sample_step,0.00030602036718541115,0.000260244,-3.814697265450928e-06,0.8504139851656468,-4.577636718541112e-05,0.8504139851656468
attn_on_pim_prefill-128xdecode_262_ops_trace.csv,decode,12,131,5,GPU0,npu,12,"LN:-1,Add:-1,LN:-1,FFN_W1:0,FFN_W3:0,FFN_W1:1,FFN_W3:1,SwiGLU:0,SwiGLU:1,FFN_W2:0,FFN_W2:1,Add:-1",0.00032135900410246165,0.00037160959243774417,npu|decode|12|2ef4409498d14c672a4fbbfe6786cce6,12,sample_step,0.00385630804922954,0.00445931510925293,5.025058833528251e-05,1.156369006916827,0.0006030070600233899,1.156369006916827
attn_on_pim_prefill-128xdecode_262_ops_trace.csv,decode,12,131,5,PIM0,pim,7,"Q:0,K:0,V:0,QK:0,Softmax:0,SV:0,O:0",2.550169726545093e-05,2.1687e-05,pim|decode|12|61397802f1888ea563dd9b1ea38edd23,12,sample_step,0.00030602036718541115,0.000260244,-3.814697265450928e-06,0.8504139851656468,-4.577636718541112e-05,0.8504139851656468
attn_on_pim_prefill-128xdecode_262_ops_trace.csv,decode,12,131,5,PIM1,pim,7,"Q:1,K:1,V:1,QK:1,Softmax:1,SV:1,O:1",2.550169726545093e-05,2.1687e-05,pim|decode|12|9c4e6c099d863efd94751a80c7e404c5,12,sample_step,0.00030602036718541115,0.000260244,-3.814697265450928e-06,0.8504139851656468,-4.577636718541112e-05,0.8504139851656468
attn_on_pim_prefill-128xdecode_262_ops_trace.csv,decode,12,131,6,GPU0,npu,12,"LN:-1,Add:-1,LN:-1,FFN_W1:0,FFN_W3:0,FFN_W1:1,FFN_W3:1,SwiGLU:0,SwiGLU:1,FFN_W2:0,FFN_W2:1,Add:-1",0.00032135900410246165,0.00037160959243774417,npu|decode|12|2ef4409498d14c672a4fbbfe6786cce6,12,sample_step,0.00385630804922954,0.00445931510925293,5.025058833528251e-05,1.156369006916827,0.0006030070600233899,1.156369006916827
attn_on_pim_prefill-128xdecode_262_ops_trace.csv,decode,12,131,6,PIM0,pim,7,"Q:0,K:0,V:0,QK:0,Softmax:0,SV:0,O:0",2.550169726545093e-05,2.1687e-05,pim|decode|12|61397802f1888ea563dd9b1ea38edd23,12,sample_step,0.00030602036718541115,0.000260244,-3.814697265450928e-06,0.8504139851656468,-4.577636718541112e-05,0.8504139851656468
attn_on_pim_prefill-128xdecode_262_ops_trace.csv,decode,12,131,6,PIM1,pim,7,"Q:1,K:1,V:1,QK:1,Softmax:1,SV:1,O:1",2.550169726545093e-05,2.1687e-05,pim|decode|12|9c4e6c099d863efd94751a80c7e404c5,12,sample_step,0.00030602036718541115,0.000260244,-3.814697265450928e-06,0.8504139851656468,-4.577636718541112e-05,0.8504139851656468
attn_on_pim_prefill-128xdecode_262_ops_trace.csv,decode,12,131,7,GPU0,npu,12,"LN:-1,Add:-1,LN:-1,FFN_W1:0,FFN_W3:0,FFN_W1:1,FFN_W3:1,SwiGLU:0,SwiGLU:1,FFN_W2:0,FFN_W2:1,Add:-1",0.00032135900410246165,0.00037160959243774417,npu|decode|12|2ef4409498d14c672a4fbbfe6786cce6,12,sample_step,0.00385630804922954,0.00445931510925293,5.025058833528251e-05,1.156369006916827,0.0006030070600233899,1.156369006916827
attn_on_pim_prefill-128xdecode_262_ops_trace.csv,decode,12,131,7,PIM0,pim,7,"Q:0,K:0,V:0,QK:0,Softmax:0,SV:0,O:0",2.550169726545093e-05,2.1687e-05,pim|decode|12|61397802f1888ea563dd9b1ea38edd23,12,sample_step,0.00030602036718541115,0.000260244,-3.814697265450928e-06,0.8504139851656468,-4.577636718541112e-05,0.8504139851656468
attn_on_pim_prefill-128xdecode_262_ops_trace.csv,decode,12,131,7,PIM1,pim,7,"Q:1,K:1,V:1,QK:1,Softmax:1,SV:1,O:1",2.550169726545093e-05,2.1687e-05,pim|decode|12|9c4e6c099d863efd94751a80c7e404c5,12,sample_step,0.00030602036718541115,0.000260244,-3.814697265450928e-06,0.8504139851656468,-4.577636718541112e-05,0.8504139851656468
attn_on_pim_prefill-128xdecode_262_ops_trace.csv,decode,12,131,8,GPU0,npu,12,"LN:-1,Add:-1,LN:-1,FFN_W1:0,FFN_W3:0,FFN_W1:1,FFN_W3:1,SwiGLU:0,SwiGLU:1,FFN_W2:0,FFN_W2:1,Add:-1",0.00032135900410246165,0.00037160959243774417,npu|decode|12|2ef4409498d14c672a4fbbfe6786cce6,12,sample_step,0.00385630804922954,0.00445931510925293,5.025058833528251e-05,1.156369006916827,0.0006030070600233899,1.156369006916827
attn_on_pim_prefill-128xdecode_262_ops_trace.csv,decode,12,131,8,PIM0,pim,7,"Q:0,K:0,V:0,QK:0,Softmax:0,SV:0,O:0",2.550169726545093e-05,2.1687e-05,pim|decode|12|61397802f1888ea563dd9b1ea38edd23,12,sample_step,0.00030602036718541115,0.000260244,-3.814697265450928e-06,0.8504139851656468,-4.577636718541112e-05,0.8504139851656468
attn_on_pim_prefill-128xdecode_262_ops_trace.csv,decode,12,131,8,PIM1,pim,7,"Q:1,K:1,V:1,QK:1,Softmax:1,SV:1,O:1",2.550169726545093e-05,2.1687e-05,pim|decode|12|9c4e6c099d863efd94751a80c7e404c5,12,sample_step,0.00030602036718541115,0.000260244,-3.814697265450928e-06,0.8504139851656468,-4.577636718541112e-05,0.8504139851656468
attn_on_pim_prefill-128xdecode_262_ops_trace.csv,decode,12,131,9,GPU0,npu,12,"LN:-1,Add:-1,LN:-1,FFN_W1:0,FFN_W3:0,FFN_W1:1,FFN_W3:1,SwiGLU:0,SwiGLU:1,FFN_W2:0,FFN_W2:1,Add:-1",0.00032135900410246165,0.00037160959243774417,npu|decode|12|2ef4409498d14c672a4fbbfe6786cce6,12,sample_step,0.00385630804922954,0.00445931510925293,5.025058833528251e-05,1.156369006916827,0.0006030070600233899,1.156369006916827
attn_on_pim_prefill-128xdecode_262_ops_trace.csv,decode,12,131,9,PIM0,pim,7,"Q:0,K:0,V:0,QK:0,Softmax:0,SV:0,O:0",2.550169726545093e-05,2.1687e-05,pim|decode|12|61397802f1888ea563dd9b1ea38edd23,12,sample_step,0.00030602036718541115,0.000260244,-3.814697265450928e-06,0.8504139851656468,-4.577636718541112e-05,0.8504139851656468
attn_on_pim_prefill-128xdecode_262_ops_trace.csv,decode,12,131,9,PIM1,pim,7,"Q:1,K:1,V:1,QK:1,Softmax:1,SV:1,O:1",2.550169726545093e-05,2.1687e-05,pim|decode|12|9c4e6c099d863efd94751a80c7e404c5,12,sample_step,0.00030602036718541115,0.000260244,-3.814697265450928e-06,0.8504139851656468,-4.577636718541112e-05,0.8504139851656468
attn_on_pim_prefill-128xdecode_262_ops_trace.csv,decode,12,131,10,GPU0,npu,12,"LN:-1,Add:-1,LN:-1,FFN_W1:0,FFN_W3:0,FFN_W1:1,FFN_W3:1,SwiGLU:0,SwiGLU:1,FFN_W2:0,FFN_W2:1,Add:-1",0.00032135900410246165,0.00037160959243774417,npu|decode|12|2ef4409498d14c672a4fbbfe6786cce6,12,sample_step,0.00385630804922954,0.00445931510925293,5.025058833528251e-05,1.156369006916827,0.0006030070600233899,1.156369006916827
attn_on_pim_prefill-128xdecode_262_ops_trace.csv,decode,12,131,10,PIM0,pim,7,"Q:0,K:0,V:0,QK:0,Softmax:0,SV:0,O:0",2.550169726545093e-05,2.1687e-05,pim|decode|12|61397802f1888ea563dd9b1ea38edd23,12,sample_step,0.00030602036718541115,0.000260244,-3.814697265450928e-06,0.8504139851656468,-4.577636718541112e-05,0.8504139851656468
attn_on_pim_prefill-128xdecode_262_ops_trace.csv,decode,12,131,10,PIM1,pim,7,"Q:1,K:1,V:1,QK:1,Softmax:1,SV:1,O:1",2.550169726545093e-05,2.1687e-05,pim|decode|12|9c4e6c099d863efd94751a80c7e404c5,12,sample_step,0.00030602036718541115,0.000260244,-3.814697265450928e-06,0.8504139851656468,-4.577636718541112e-05,0.8504139851656468
attn_on_pim_prefill-128xdecode_262_ops_trace.csv,decode,12,131,11,GPU0,npu,12,"LN:-1,Add:-1,LN:-1,FFN_W1:0,FFN_W3:0,FFN_W1:1,FFN_W3:1,SwiGLU:0,SwiGLU:1,FFN_W2:0,FFN_W2:1,Add:-1",0.00032135900410246165,0.00037160959243774417,npu|decode|12|2ef4409498d14c672a4fbbfe6786cce6,12,sample_step,0.00385630804922954,0.00445931510925293,5.025058833528251e-05,1.156369006916827,0.0006030070600233899,1.156369006916827
attn_on_pim_prefill-128xdecode_262_ops_trace.csv,decode,12,131,11,PIM0,pim,7,"Q:0,K:0,V:0,QK:0,Softmax:0,SV:0,O:0",2.550169726545093e-05,2.1687e-05,pim|decode|12|61397802f1888ea563dd9b1ea38edd23,12,sample_step,0.00030602036718541115,0.000260244,-3.814697265450928e-06,0.8504139851656468,-4.577636718541112e-05,0.8504139851656468
attn_on_pim_prefill-128xdecode_262_ops_trace.csv,decode,12,131,11,PIM1,pim,7,"Q:1,K:1,V:1,QK:1,Softmax:1,SV:1,O:1",2.550169726545093e-05,2.1687e-05,pim|decode|12|9c4e6c099d863efd94751a80c7e404c5,12,sample_step,0.00030602036718541115,0.000260244,-3.814697265450928e-06,0.8504139851656468,-4.577636718541112e-05,0.8504139851656468
attn_on_pim_prefill-128xdecode_262_ops_trace.csv,decode,12,131,12,GPU0,npu,12,"LN:-1,Add:-1,LN:-1,FFN_W1:0,FFN_W3:0,FFN_W1:1,FFN_W3:1,SwiGLU:0,SwiGLU:1,FFN_W2:0,FFN_W2:1,Add:-1",0.00032135900410246165,0.00037160959243774417,npu|decode|12|2ef4409498d14c672a4fbbfe6786cce6,12,sample_step,0.00385630804922954,0.00445931510925293,5.025058833528251e-05,1.156369006916827,0.0006030070600233899,1.156369006916827
attn_on_pim_prefill-128xdecode_262_ops_trace.csv,decode,12,131,12,PIM0,pim,7,"Q:0,K:0,V:0,QK:0,Softmax:0,SV:0,O:0",2.550169726545093e-05,2.1687e-05,pim|decode|12|61397802f1888ea563dd9b1ea38edd23,12,sample_step,0.00030602036718541115,0.000260244,-3.814697265450928e-06,0.8504139851656468,-4.577636718541112e-05,0.8504139851656468
attn_on_pim_prefill-128xdecode_262_ops_trace.csv,decode,12,131,12,PIM1,pim,7,"Q:1,K:1,V:1,QK:1,Softmax:1,SV:1,O:1",2.550169726545093e-05,2.1687e-05,pim|decode|12|9c4e6c099d863efd94751a80c7e404c5,12,sample_step,0.00030602036718541115,0.000260244,-3.814697265450928e-06,0.8504139851656468,-4.577636718541112e-05,0.8504139851656468
attn_on_pim_prefill-128xdecode_262_ops_trace.csv,decode,12,131,13,GPU0,npu,12,"LN:-1,Add:-1,LN:-1,FFN_W1:0,FFN_W3:0,FFN_W1:1,FFN_W3:1,SwiGLU:0,SwiGLU:1,FFN_W2:0,FFN_W2:1,Add:-1",0.00032135900410246165,0.00037160959243774417,npu|decode|12|2ef4409498d14c672a4fbbfe6786cce6,12,sample_step,0.00385630804922954,0.00445931510925293,5.025058833528251e-05,1.156369006916827,0.0006030070600233899,1.156369006916827
attn_on_pim_prefill-128xdecode_262_ops_trace.csv,decode,12,131,13,PIM0,pim,7,"Q:0,K:0,V:0,QK:0,Softmax:0,SV:0,O:0",2.550169726545093e-05,2.1687e-05,pim|decode|12|61397802f1888ea563dd9b1ea38edd23,12,sample_step,0.00030602036718541115,0.000260244,-3.814697265450928e-06,0.8504139851656468,-4.577636718541112e-05,0.8504139851656468
attn_on_pim_prefill-128xdecode_262_ops_trace.csv,decode,12,131,13,PIM1,pim,7,"Q:1,K:1,V:1,QK:1,Softmax:1,SV:1,O:1",2.550169726545093e-05,2.1687e-05,pim|decode|12|9c4e6c099d863efd94751a80c7e404c5,12,sample_step,0.00030602036718541115,0.000260244,-3.814697265450928e-06,0.8504139851656468,-4.577636718541112e-05,0.8504139851656468
attn_on_pim_prefill-128xdecode_262_ops_trace.csv,decode,12,131,14,GPU0,npu,12,"LN:-1,Add:-1,LN:-1,FFN_W1:0,FFN_W3:0,FFN_W1:1,FFN_W3:1,SwiGLU:0,SwiGLU:1,FFN_W2:0,FFN_W2:1,Add:-1",0.00032135900410246165,0.00037160959243774417,npu|decode|12|2ef4409498d14c672a4fbbfe6786cce6,12,sample_step,0.00385630804922954,0.00445931510925293,5.025058833528251e-05,1.156369006916827,0.0006030070600233899,1.156369006916827
attn_on_pim_prefill-128xdecode_262_ops_trace.csv,decode,12,131,14,PIM0,pim,7,"Q:0,K:0,V:0,QK:0,Softmax:0,SV:0,O:0",2.550169726545093e-05,2.1687e-05,pim|decode|12|61397802f1888ea563dd9b1ea38edd23,12,sample_step,0.00030602036718541115,0.000260244,-3.814697265450928e-06,0.8504139851656468,-4.577636718541112e-05,0.8504139851656468
attn_on_pim_prefill-128xdecode_262_ops_trace.csv,decode,12,131,14,PIM1,pim,7,"Q:1,K:1,V:1,QK:1,Softmax:1,SV:1,O:1",2.550169726545093e-05,2.1687e-05,pim|decode|12|9c4e6c099d863efd94751a80c7e404c5,12,sample_step,0.00030602036718541115,0.000260244,-3.814697265450928e-06,0.8504139851656468,-4.577636718541112e-05,0.8504139851656468
attn_on_pim_prefill-128xdecode_262_ops_trace.csv,decode,12,131,15,GPU0,npu,12,"LN:-1,Add:-1,LN:-1,FFN_W1:0,FFN_W3:0,FFN_W1:1,FFN_W3:1,SwiGLU:0,SwiGLU:1,FFN_W2:0,FFN_W2:1,Add:-1",0.00032135900410246165,0.00037160959243774417,npu|decode|12|2ef4409498d14c672a4fbbfe6786cce6,12,sample_step,0.00385630804922954,0.00445931510925293,5.025058833528251e-05,1.156369006916827,0.0006030070600233899,1.156369006916827
attn_on_pim_prefill-128xdecode_262_ops_trace.csv,decode,12,131,15,PIM0,pim,7,"Q:0,K:0,V:0,QK:0,Softmax:0,SV:0,O:0",2.550169726545093e-05,2.1687e-05,pim|decode|12|61397802f1888ea563dd9b1ea38edd23,12,sample_step,0.00030602036718541115,0.000260244,-3.814697265450928e-06,0.8504139851656468,-4.577636718541112e-05,0.8504139851656468
attn_on_pim_prefill-128xdecode_262_ops_trace.csv,decode,12,131,15,PIM1,pim,7,"Q:1,K:1,V:1,QK:1,Softmax:1,SV:1,O:1",2.550169726545093e-05,2.1687e-05,pim|decode|12|9c4e6c099d863efd94751a80c7e404c5,12,sample_step,0.00030602036718541115,0.000260244,-3.814697265450928e-06,0.8504139851656468,-4.577636718541112e-05,0.8504139851656468
attn_on_pim_prefill-128xdecode_262_ops_trace.csv,decode,12,131,16,GPU0,npu,12,"LN:-1,Add:-1,LN:-1,FFN_W1:0,FFN_W3:0,FFN_W1:1,FFN_W3:1,SwiGLU:0,SwiGLU:1,FFN_W2:0,FFN_W2:1,Add:-1",0.00032135900410246165,0.00037160959243774417,npu|decode|12|2ef4409498d14c672a4fbbfe6786cce6,12,sample_step,0.00385630804922954,0.00445931510925293,5.025058833528251e-05,1.156369006916827,0.0006030070600233899,1.156369006916827
attn_on_pim_prefill-128xdecode_262_ops_trace.csv,decode,12,131,16,PIM0,pim,7,"Q:0,K:0,V:0,QK:0,Softmax:0,SV:0,O:0",2.550169726545093e-05,2.1687e-05,pim|decode|12|61397802f1888ea563dd9b1ea38edd23,12,sample_step,0.00030602036718541115,0.000260244,-3.814697265450928e-06,0.8504139851656468,-4.577636718541112e-05,0.8504139851656468
attn_on_pim_prefill-128xdecode_262_ops_trace.csv,decode,12,131,16,PIM1,pim,7,"Q:1,K:1,V:1,QK:1,Softmax:1,SV:1,O:1",2.550169726545093e-05,2.1687e-05,pim|decode|12|9c4e6c099d863efd94751a80c7e404c5,12,sample_step,0.00030602036718541115,0.000260244,-3.814697265450928e-06,0.8504139851656468,-4.577636718541112e-05,0.8504139851656468
attn_on_pim_prefill-128xdecode_262_ops_trace.csv,decode,12,131,17,GPU0,npu,12,"LN:-1,Add:-1,LN:-1,FFN_W1:0,FFN_W3:0,FFN_W1:1,FFN_W3:1,SwiGLU:0,SwiGLU:1,FFN_W2:0,FFN_W2:1,Add:-1",0.00032135900410246165,0.00037160959243774417,npu|decode|12|2ef4409498d14c672a4fbbfe6786cce6,12,sample_step,0.00385630804922954,0.00445931510925293,5.025058833528251e-05,1.156369006916827,0.0006030070600233899,1.156369006916827
attn_on_pim_prefill-128xdecode_262_ops_trace.csv,decode,12,131,17,PIM0,pim,7,"Q:0,K:0,V:0,QK:0,Softmax:0,SV:0,O:0",2.550169726545093e-05,2.1687e-05,pim|decode|12|61397802f1888ea563dd9b1ea38edd23,12,sample_step,0.00030602036718541115,0.000260244,-3.814697265450928e-06,0.8504139851656468,-4.577636718541112e-05,0.8504139851656468
attn_on_pim_prefill-128xdecode_262_ops_trace.csv,decode,12,131,17,PIM1,pim,7,"Q:1,K:1,V:1,QK:1,Softmax:1,SV:1,O:1",2.550169726545093e-05,2.1687e-05,pim|decode|12|9c4e6c099d863efd94751a80c7e404c5,12,sample_step,0.00030602036718541115,0.000260244,-3.814697265450928e-06,0.8504139851656468,-4.577636718541112e-05,0.8504139851656468
attn_on_pim_prefill-128xdecode_262_ops_trace.csv,decode,12,131,18,GPU0,npu,12,"LN:-1,Add:-1,LN:-1,FFN_W1:0,FFN_W3:0,FFN_W1:1,FFN_W3:1,SwiGLU:0,SwiGLU:1,FFN_W2:0,FFN_W2:1,Add:-1",0.00032135900410246165,0.00037160959243774417,npu|decode|12|2ef4409498d14c672a4fbbfe6786cce6,12,sample_step,0.00385630804922954,0.00445931510925293,5.025058833528251e-05,1.156369006916827,0.0006030070600233899,1.156369006916827
attn_on_pim_prefill-128xdecode_262_ops_trace.csv,decode,12,131,18,PIM0,pim,7,"Q:0,K:0,V:0,QK:0,Softmax:0,SV:0,O:0",2.550169726545093e-05,2.1687e-05,pim|decode|12|61397802f1888ea563dd9b1ea38edd23,12,sample_step,0.00030602036718541115,0.000260244,-3.814697265450928e-06,0.8504139851656468,-4.577636718541112e-05,0.8504139851656468
attn_on_pim_prefill-128xdecode_262_ops_trace.csv,decode,12,131,18,PIM1,pim,7,"Q:1,K:1,V:1,QK:1,Softmax:1,SV:1,O:1",2.550169726545093e-05,2.1687e-05,pim|decode|12|9c4e6c099d863efd94751a80c7e404c5,12,sample_step,0.00030602036718541115,0.000260244,-3.814697265450928e-06,0.8504139851656468,-4.577636718541112e-05,0.8504139851656468
attn_on_pim_prefill-128xdecode_262_ops_trace.csv,decode,12,131,19,GPU0,npu,12,"LN:-1,Add:-1,LN:-1,FFN_W1:0,FFN_W3:0,FFN_W1:1,FFN_W3:1,SwiGLU:0,SwiGLU:1,FFN_W2:0,FFN_W2:1,Add:-1",0.00032135900410246165,0.00037160959243774417,npu|decode|12|2ef4409498d14c672a4fbbfe6786cce6,12,sample_step,0.00385630804922954,0.00445931510925293,5.025058833528251e-05,1.156369006916827,0.0006030070600233899,1.156369006916827
attn_on_pim_prefill-128xdecode_262_ops_trace.csv,decode,12,131,19,PIM0,pim,7,"Q:0,K:0,V:0,QK:0,Softmax:0,SV:0,O:0",2.550169726545093e-05,2.1687e-05,pim|decode|12|61397802f1888ea563dd9b1ea38edd23,12,sample_step,0.00030602036718541115,0.000260244,-3.814697265450928e-06,0.8504139851656468,-4.577636718541112e-05,0.8504139851656468
attn_on_pim_prefill-128xdecode_262_ops_trace.csv,decode,12,131,19,PIM1,pim,7,"Q:1,K:1,V:1,QK:1,Softmax:1,SV:1,O:1",2.550169726545093e-05,2.1687e-05,pim|decode|12|9c4e6c099d863efd94751a80c7e404c5,12,sample_step,0.00030602036718541115,0.000260244,-3.814697265450928e-06,0.8504139851656468,-4.577636718541112e-05,0.8504139851656468
attn_on_pim_prefill-128xdecode_262_ops_trace.csv,decode,12,131,20,GPU0,npu,12,"LN:-1,Add:-1,LN:-1,FFN_W1:0,FFN_W3:0,FFN_W1:1,FFN_W3:1,SwiGLU:0,SwiGLU:1,FFN_W2:0,FFN_W2:1,Add:-1",0.00032135900410246165,0.00037160959243774417,npu|decode|12|2ef4409498d14c672a4fbbfe6786cce6,12,sample_step,0.00385630804922954,0.00445931510925293,5.025058833528251e-05,1.156369006916827,0.0006030070600233899,1.156369006916827
attn_on_pim_prefill-128xdecode_262_ops_trace.csv,decode,12,131,20,PIM0,pim,7,"Q:0,K:0,V:0,QK:0,Softmax:0,SV:0,O:0",2.550169726545093e-05,2.1687e-05,pim|decode|12|61397802f1888ea563dd9b1ea38edd23,12,sample_step,0.00030602036718541115,0.000260244,-3.814697265450928e-06,0.8504139851656468,-4.577636718541112e-05,0.8504139851656468
attn_on_pim_prefill-128xdecode_262_ops_trace.csv,decode,12,131,20,PIM1,pim,7,"Q:1,K:1,V:1,QK:1,Softmax:1,SV:1,O:1",2.550169726545093e-05,2.1687e-05,pim|decode|12|9c4e6c099d863efd94751a80c7e404c5,12,sample_step,0.00030602036718541115,0.000260244,-3.814697265450928e-06,0.8504139851656468,-4.577636718541112e-05,0.8504139851656468
attn_on_pim_prefill-128xdecode_262_ops_trace.csv,decode,12,131,21,GPU0,npu,12,"LN:-1,Add:-1,LN:-1,FFN_W1:0,FFN_W3:0,FFN_W1:1,FFN_W3:1,SwiGLU:0,SwiGLU:1,FFN_W2:0,FFN_W2:1,Add:-1",0.00032135900410246165,0.00037160959243774417,npu|decode|12|2ef4409498d14c672a4fbbfe6786cce6,12,sample_step,0.00385630804922954,0.00445931510925293,5.025058833528251e-05,1.156369006916827,0.0006030070600233899,1.156369006916827
attn_on_pim_prefill-128xdecode_262_ops_trace.csv,decode,12,131,21,PIM0,pim,7,"Q:0,K:0,V:0,QK:0,Softmax:0,SV:0,O:0",2.550169726545093e-05,2.1687e-05,pim|decode|12|61397802f1888ea563dd9b1ea38edd23,12,sample_step,0.00030602036718541115,0.000260244,-3.814697265450928e-06,0.8504139851656468,-4.577636718541112e-05,0.8504139851656468
attn_on_pim_prefill-128xdecode_262_ops_trace.csv,decode,12,131,21,PIM1,pim,7,"Q:1,K:1,V:1,QK:1,Softmax:1,SV:1,O:1",2.550169726545093e-05,2.1687e-05,pim|decode|12|9c4e6c099d863efd94751a80c7e404c5,12,sample_step,0.00030602036718541115,0.000260244,-3.814697265450928e-06,0.8504139851656468,-4.577636718541112e-05,0.8504139851656468
attn_on_pim_prefill-128xdecode_262_ops_trace.csv,decode,12,131,22,GPU0,npu,12,"LN:-1,Add:-1,LN:-1,FFN_W1:0,FFN_W3:0,FFN_W1:1,FFN_W3:1,SwiGLU:0,SwiGLU:1,FFN_W2:0,FFN_W2:1,Add:-1",0.00032135900410246165,0.00037160959243774417,npu|decode|12|2ef4409498d14c672a4fbbfe6786cce6,12,sample_step,0.00385630804922954,0.00445931510925293,5.025058833528251e-05,1.156369006916827,0.0006030070600233899,1.156369006916827
attn_on_pim_prefill-128xdecode_262_ops_trace.csv,decode,12,131,22,PIM0,pim,7,"Q:0,K:0,V:0,QK:0,Softmax:0,SV:0,O:0",2.550169726545093e-05,2.1687e-05,pim|decode|12|61397802f1888ea563dd9b1ea38edd23,12,sample_step,0.00030602036718541115,0.000260244,-3.814697265450928e-06,0.8504139851656468,-4.577636718541112e-05,0.8504139851656468
attn_on_pim_prefill-128xdecode_262_ops_trace.csv,decode,12,131,22,PIM1,pim,7,"Q:1,K:1,V:1,QK:1,Softmax:1,SV:1,O:1",2.550169726545093e-05,2.1687e-05,pim|decode|12|9c4e6c099d863efd94751a80c7e404c5,12,sample_step,0.00030602036718541115,0.000260244,-3.814697265450928e-06,0.8504139851656468,-4.577636718541112e-05,0.8504139851656468
attn_on_pim_prefill-128xdecode_262_ops_trace.csv,decode,12,131,23,GPU0,npu,12,"LN:-1,Add:-1,LN:-1,FFN_W1:0,FFN_W3:0,FFN_W1:1,FFN_W3:1,SwiGLU:0,SwiGLU:1,FFN_W2:0,FFN_W2:1,Add:-1",0.00032135900410246165,0.00037160959243774417,npu|decode|12|2ef4409498d14c672a4fbbfe6786cce6,12,sample_step,0.00385630804922954,0.00445931510925293,5.025058833528251e-05,1.156369006916827,0.0006030070600233899,1.156369006916827
attn_on_pim_prefill-128xdecode_262_ops_trace.csv,decode,12,131,23,PIM0,pim,7,"Q:0,K:0,V:0,QK:0,Softmax:0,SV:0,O:0",2.550169726545093e-05,2.1687e-05,pim|decode|12|61397802f1888ea563dd9b1ea38edd23,12,sample_step,0.00030602036718541115,0.000260244,-3.814697265450928e-06,0.8504139851656468,-4.577636718541112e-05,0.8504139851656468
attn_on_pim_prefill-128xdecode_262_ops_trace.csv,decode,12,131,23,PIM1,pim,7,"Q:1,K:1,V:1,QK:1,Softmax:1,SV:1,O:1",2.550169726545093e-05,2.1687e-05,pim|decode|12|9c4e6c099d863efd94751a80c7e404c5,12,sample_step,0.00030602036718541115,0.000260244,-3.814697265450928e-06,0.8504139851656468,-4.577636718541112e-05,0.8504139851656468
attn_on_pim_prefill-128xdecode_262_ops_trace.csv,decode,12,131,24,GPU0,npu,12,"LN:-1,Add:-1,LN:-1,FFN_W1:0,FFN_W3:0,FFN_W1:1,FFN_W3:1,SwiGLU:0,SwiGLU:1,FFN_W2:0,FFN_W2:1,Add:-1",0.00032135900410246165,0.00037160959243774417,npu|decode|12|2ef4409498d14c672a4fbbfe6786cce6,12,sample_step,0.00385630804922954,0.00445931510925293,5.025058833528251e-05,1.156369006916827,0.0006030070600233899,1.156369006916827
attn_on_pim_prefill-128xdecode_262_ops_trace.csv,decode,12,131,24,PIM0,pim,7,"Q:0,K:0,V:0,QK:0,Softmax:0,SV:0,O:0",2.550169726545093e-05,2.1687e-05,pim|decode|12|61397802f1888ea563dd9b1ea38edd23,12,sample_step,0.00030602036718541115,0.000260244,-3.814697265450928e-06,0.8504139851656468,-4.577636718541112e-05,0.8504139851656468
attn_on_pim_prefill-128xdecode_262_ops_trace.csv,decode,12,131,24,PIM1,pim,7,"Q:1,K:1,V:1,QK:1,Softmax:1,SV:1,O:1",2.550169726545093e-05,2.1687e-05,pim|decode|12|9c4e6c099d863efd94751a80c7e404c5,12,sample_step,0.00030602036718541115,0.000260244,-3.814697265450928e-06,0.8504139851656468,-4.577636718541112e-05,0.8504139851656468
attn_on_pim_prefill-128xdecode_262_ops_trace.csv,decode,12,131,25,GPU0,npu,12,"LN:-1,Add:-1,LN:-1,FFN_W1:0,FFN_W3:0,FFN_W1:1,FFN_W3:1,SwiGLU:0,SwiGLU:1,FFN_W2:0,FFN_W2:1,Add:-1",0.00032135900410246165,0.00037160959243774417,npu|decode|12|2ef4409498d14c672a4fbbfe6786cce6,12,sample_step,0.00385630804922954,0.00445931510925293,5.025058833528251e-05,1.156369006916827,0.0006030070600233899,1.156369006916827
attn_on_pim_prefill-128xdecode_262_ops_trace.csv,decode,12,131,25,PIM0,pim,7,"Q:0,K:0,V:0,QK:0,Softmax:0,SV:0,O:0",2.550169726545093e-05,2.1687e-05,pim|decode|12|61397802f1888ea563dd9b1ea38edd23,12,sample_step,0.00030602036718541115,0.000260244,-3.814697265450928e-06,0.8504139851656468,-4.577636718541112e-05,0.8504139851656468
attn_on_pim_prefill-128xdecode_262_ops_trace.csv,decode,12,131,25,PIM1,pim,7,"Q:1,K:1,V:1,QK:1,Softmax:1,SV:1,O:1",2.550169726545093e-05,2.1687e-05,pim|decode|12|9c4e6c099d863efd94751a80c7e404c5,12,sample_step,0.00030602036718541115,0.000260244,-3.814697265450928e-06,0.8504139851656468,-4.577636718541112e-05,0.8504139851656468
attn_on_pim_prefill-128xdecode_262_ops_trace.csv,decode,12,131,26,GPU0,npu,12,"LN:-1,Add:-1,LN:-1,FFN_W1:0,FFN_W3:0,FFN_W1:1,FFN_W3:1,SwiGLU:0,SwiGLU:1,FFN_W2:0,FFN_W2:1,Add:-1",0.00032135900410246165,0.00037160959243774417,npu|decode|12|2ef4409498d14c672a4fbbfe6786cce6,12,sample_step,0.00385630804922954,0.00445931510925293,5.025058833528251e-05,1.156369006916827,0.0006030070600233899,1.156369006916827
attn_on_pim_prefill-128xdecode_262_ops_trace.csv,decode,12,131,26,PIM0,pim,7,"Q:0,K:0,V:0,QK:0,Softmax:0,SV:0,O:0",2.550169726545093e-05,2.1687e-05,pim|decode|12|61397802f1888ea563dd9b1ea38edd23,12,sample_step,0.00030602036718541115,0.000260244,-3.814697265450928e-06,0.8504139851656468,-4.577636718541112e-05,0.8504139851656468
attn_on_pim_prefill-128xdecode_262_ops_trace.csv,decode,12,131,26,PIM1,pim,7,"Q:1,K:1,V:1,QK:1,Softmax:1,SV:1,O:1",2.550169726545093e-05,2.1687e-05,pim|decode|12|9c4e6c099d863efd94751a80c7e404c5,12,sample_step,0.00030602036718541115,0.000260244,-3.814697265450928e-06,0.8504139851656468,-4.577636718541112e-05,0.8504139851656468
attn_on_pim_prefill-128xdecode_262_ops_trace.csv,decode,12,131,27,GPU0,npu,12,"LN:-1,Add:-1,LN:-1,FFN_W1:0,FFN_W3:0,FFN_W1:1,FFN_W3:1,SwiGLU:0,SwiGLU:1,FFN_W2:0,FFN_W2:1,Add:-1",0.00032135900410246165,0.00037160959243774417,npu|decode|12|2ef4409498d14c672a4fbbfe6786cce6,12,sample_step,0.00385630804922954,0.00445931510925293,5.025058833528251e-05,1.156369006916827,0.0006030070600233899,1.156369006916827
attn_on_pim_prefill-128xdecode_262_ops_trace.csv,decode,12,131,27,PIM0,pim,7,"Q:0,K:0,V:0,QK:0,Softmax:0,SV:0,O:0",2.550169726545093e-05,2.1687e-05,pim|decode|12|61397802f1888ea563dd9b1ea38edd23,12,sample_step,0.00030602036718541115,0.000260244,-3.814697265450928e-06,0.8504139851656468,-4.577636718541112e-05,0.8504139851656468
attn_on_pim_prefill-128xdecode_262_ops_trace.csv,decode,12,131,27,PIM1,pim,7,"Q:1,K:1,V:1,QK:1,Softmax:1,SV:1,O:1",2.550169726545093e-05,2.1687e-05,pim|decode|12|9c4e6c099d863efd94751a80c7e404c5,12,sample_step,0.00030602036718541115,0.000260244,-3.814697265450928e-06,0.8504139851656468,-4.577636718541112e-05,0.8504139851656468
attn_on_pim_prefill-128xdecode_262_ops_trace.csv,decode,12,131,28,GPU0,npu,12,"LN:-1,Add:-1,LN:-1,FFN_W1:0,FFN_W3:0,FFN_W1:1,FFN_W3:1,SwiGLU:0,SwiGLU:1,FFN_W2:0,FFN_W2:1,Add:-1",0.00032135900410246165,0.00037160959243774417,npu|decode|12|2ef4409498d14c672a4fbbfe6786cce6,12,sample_step,0.00385630804922954,0.00445931510925293,5.025058833528251e-05,1.156369006916827,0.0006030070600233899,1.156369006916827
attn_on_pim_prefill-128xdecode_262_ops_trace.csv,decode,12,131,28,PIM0,pim,7,"Q:0,K:0,V:0,QK:0,Softmax:0,SV:0,O:0",2.550169726545093e-05,2.1687e-05,pim|decode|12|61397802f1888ea563dd9b1ea38edd23,12,sample_step,0.00030602036718541115,0.000260244,-3.814697265450928e-06,0.8504139851656468,-4.577636718541112e-05,0.8504139851656468
attn_on_pim_prefill-128xdecode_262_ops_trace.csv,decode,12,131,28,PIM1,pim,7,"Q:1,K:1,V:1,QK:1,Softmax:1,SV:1,O:1",2.550169726545093e-05,2.1687e-05,pim|decode|12|9c4e6c099d863efd94751a80c7e404c5,12,sample_step,0.00030602036718541115,0.000260244,-3.814697265450928e-06,0.8504139851656468,-4.577636718541112e-05,0.8504139851656468
attn_on_pim_prefill-128xdecode_262_ops_trace.csv,decode,12,131,29,GPU0,npu,12,"LN:-1,Add:-1,LN:-1,FFN_W1:0,FFN_W3:0,FFN_W1:1,FFN_W3:1,SwiGLU:0,SwiGLU:1,FFN_W2:0,FFN_W2:1,Add:-1",0.00032135900410246165,0.00037160959243774417,npu|decode|12|2ef4409498d14c672a4fbbfe6786cce6,12,sample_step,0.00385630804922954,0.00445931510925293,5.025058833528251e-05,1.156369006916827,0.0006030070600233899,1.156369006916827
attn_on_pim_prefill-128xdecode_262_ops_trace.csv,decode,12,131,29,PIM0,pim,7,"Q:0,K:0,V:0,QK:0,Softmax:0,SV:0,O:0",2.550169726545093e-05,2.1687e-05,pim|decode|12|61397802f1888ea563dd9b1ea38edd23,12,sample_step,0.00030602036718541115,0.000260244,-3.814697265450928e-06,0.8504139851656468,-4.577636718541112e-05,0.8504139851656468
attn_on_pim_prefill-128xdecode_262_ops_trace.csv,decode,12,131,29,PIM1,pim,7,"Q:1,K:1,V:1,QK:1,Softmax:1,SV:1,O:1",2.550169726545093e-05,2.1687e-05,pim|decode|12|9c4e6c099d863efd94751a80c7e404c5,12,sample_step,0.00030602036718541115,0.000260244,-3.814697265450928e-06,0.8504139851656468,-4.577636718541112e-05,0.8504139851656468
attn_on_pim_prefill-128xdecode_262_ops_trace.csv,decode,12,131,30,GPU0,npu,12,"LN:-1,Add:-1,LN:-1,FFN_W1:0,FFN_W3:0,FFN_W1:1,FFN_W3:1,SwiGLU:0,SwiGLU:1,FFN_W2:0,FFN_W2:1,Add:-1",0.00032135900410246165,0.00037160959243774417,npu|decode|12|2ef4409498d14c672a4fbbfe6786cce6,12,sample_step,0.00385630804922954,0.00445931510925293,5.025058833528251e-05,1.156369006916827,0.0006030070600233899,1.156369006916827
attn_on_pim_prefill-128xdecode_262_ops_trace.csv,decode,12,131,30,PIM0,pim,7,"Q:0,K:0,V:0,QK:0,Softmax:0,SV:0,O:0",2.550169726545093e-05,2.1687e-05,pim|decode|12|61397802f1888ea563dd9b1ea38edd23,12,sample_step,0.00030602036718541115,0.000260244,-3.814697265450928e-06,0.8504139851656468,-4.577636718541112e-05,0.8504139851656468
attn_on_pim_prefill-128xdecode_262_ops_trace.csv,decode,12,131,30,PIM1,pim,7,"Q:1,K:1,V:1,QK:1,Softmax:1,SV:1,O:1",2.550169726545093e-05,2.1687e-05,pim|decode|12|9c4e6c099d863efd94751a80c7e404c5,12,sample_step,0.00030602036718541115,0.000260244,-3.814697265450928e-06,0.8504139851656468,-4.577636718541112e-05,0.8504139851656468
attn_on_pim_prefill-128xdecode_262_ops_trace.csv,decode,12,131,31,GPU0,npu,12,"LN:-1,Add:-1,LN:-1,FFN_W1:0,FFN_W3:0,FFN_W1:1,FFN_W3:1,SwiGLU:0,SwiGLU:1,FFN_W2:0,FFN_W2:1,Add:-1",0.00032135900410246165,0.00037160959243774417,npu|decode|12|2ef4409498d14c672a4fbbfe6786cce6,12,sample_step,0.00385630804922954,0.00445931510925293,5.025058833528251e-05,1.156369006916827,0.0006030070600233899,1.156369006916827
attn_on_pim_prefill-128xdecode_262_ops_trace.csv,decode,12,131,31,PIM0,pim,7,"Q:0,K:0,V:0,QK:0,Softmax:0,SV:0,O:0",2.550169726545093e-05,2.1687e-05,pim|decode|12|61397802f1888ea563dd9b1ea38edd23,12,sample_step,0.00030602036718541115,0.000260244,-3.814697265450928e-06,0.8504139851656468,-4.577636718541112e-05,0.8504139851656468
attn_on_pim_prefill-128xdecode_262_ops_trace.csv,decode,12,131,31,PIM1,pim,7,"Q:1,K:1,V:1,QK:1,Softmax:1,SV:1,O:1",2.550169726545093e-05,2.1687e-05,pim|decode|12|9c4e6c099d863efd94751a80c7e404c5,12,sample_step,0.00030602036718541115,0.000260244,-3.814697265450928e-06,0.8504139851656468,-4.577636718541112e-05,0.8504139851656468
attn_on_pim_prefill-128xdecode_262_ops_trace.csv,decode,13,143,0,GPU0,npu,12,"LN:-1,Add:-1,LN:-1,FFN_W1:0,FFN_W3:0,FFN_W1:1,FFN_W3:1,SwiGLU:0,SwiGLU:1,FFN_W2:0,FFN_W2:1,Add:-1",0.00032135900410246165,0.00037365760803222657,npu|decode|13|2ef4409498d14c672a4fbbfe6786cce6,13,sample_step,0.00385630804922954,0.004483891296386719,5.2298603929764914e-05,1.1627419903040592,0.0006275832471571794,1.1627419903040592
attn_on_pim_prefill-128xdecode_262_ops_trace.csv,decode,13,143,0,PIM0,pim,7,"Q:0,K:0,V:0,QK:0,Softmax:0,SV:0,O:0",2.550169726545093e-05,2.1687e-05,pim|decode|13|61397802f1888ea563dd9b1ea38edd23,13,sample_step,0.00030602036718541115,0.000260244,-3.814697265450928e-06,0.8504139851656468,-4.577636718541112e-05,0.8504139851656468
attn_on_pim_prefill-128xdecode_262_ops_trace.csv,decode,13,143,0,PIM1,pim,7,"Q:1,K:1,V:1,QK:1,Softmax:1,SV:1,O:1",2.550169726545093e-05,2.1687e-05,pim|decode|13|9c4e6c099d863efd94751a80c7e404c5,13,sample_step,0.00030602036718541115,0.000260244,-3.814697265450928e-06,0.8504139851656468,-4.577636718541112e-05,0.8504139851656468
attn_on_pim_prefill-128xdecode_262_ops_trace.csv,decode,13,143,1,GPU0,npu,12,"LN:-1,Add:-1,LN:-1,FFN_W1:0,FFN_W3:0,FFN_W1:1,FFN_W3:1,SwiGLU:0,SwiGLU:1,FFN_W2:0,FFN_W2:1,Add:-1",0.00032135900410246165,0.00037365760803222657,npu|decode|13|2ef4409498d14c672a4fbbfe6786cce6,13,sample_step,0.00385630804922954,0.004483891296386719,5.2298603929764914e-05,1.1627419903040592,0.0006275832471571794,1.1627419903040592
attn_on_pim_prefill-128xdecode_262_ops_trace.csv,decode,13,143,1,PIM0,pim,7,"Q:0,K:0,V:0,QK:0,Softmax:0,SV:0,O:0",2.550169726545093e-05,2.1687e-05,pim|decode|13|61397802f1888ea563dd9b1ea38edd23,13,sample_step,0.00030602036718541115,0.000260244,-3.814697265450928e-06,0.8504139851656468,-4.577636718541112e-05,0.8504139851656468
attn_on_pim_prefill-128xdecode_262_ops_trace.csv,decode,13,143,1,PIM1,pim,7,"Q:1,K:1,V:1,QK:1,Softmax:1,SV:1,O:1",2.550169726545093e-05,2.1687e-05,pim|decode|13|9c4e6c099d863efd94751a80c7e404c5,13,sample_step,0.00030602036718541115,0.000260244,-3.814697265450928e-06,0.8504139851656468,-4.577636718541112e-05,0.8504139851656468
attn_on_pim_prefill-128xdecode_262_ops_trace.csv,decode,13,143,2,GPU0,npu,12,"LN:-1,Add:-1,LN:-1,FFN_W1:0,FFN_W3:0,FFN_W1:1,FFN_W3:1,SwiGLU:0,SwiGLU:1,FFN_W2:0,FFN_W2:1,Add:-1",0.00032135900410246165,0.00037365760803222657,npu|decode|13|2ef4409498d14c672a4fbbfe6786cce6,13,sample_step,0.00385630804922954,0.004483891296386719,5.2298603929764914e-05,1.1627419903040592,0.0006275832471571794,1.1627419903040592
attn_on_pim_prefill-128xdecode_262_ops_trace.csv,decode,13,143,2,PIM0,pim,7,"Q:0,K:0,V:0,QK:0,Softmax:0,SV:0,O:0",2.550169726545093e-05,2.1687e-05,pim|decode|13|61397802f1888ea563dd9b1ea38edd23,13,sample_step,0.00030602036718541115,0.000260244,-3.814697265450928e-06,0.8504139851656468,-4.577636718541112e-05,0.8504139851656468
attn_on_pim_prefill-128xdecode_262_ops_trace.csv,decode,13,143,2,PIM1,pim,7,"Q:1,K:1,V:1,QK:1,Softmax:1,SV:1,O:1",2.550169726545093e-05,2.1687e-05,pim|decode|13|9c4e6c099d863efd94751a80c7e404c5,13,sample_step,0.00030602036718541115,0.000260244,-3.814697265450928e-06,0.8504139851656468,-4.577636718541112e-05,0.8504139851656468
attn_on_pim_prefill-128xdecode_262_ops_trace.csv,decode,13,143,3,GPU0,npu,12,"LN:-1,Add:-1,LN:-1,FFN_W1:0,FFN_W3:0,FFN_W1:1,FFN_W3:1,SwiGLU:0,SwiGLU:1,FFN_W2:0,FFN_W2:1,Add:-1",0.00032135900410246165,0.00037365760803222657,npu|decode|13|2ef4409498d14c672a4fbbfe6786cce6,13,sample_step,0.00385630804922954,0.004483891296386719,5.2298603929764914e-05,1.1627419903040592,0.0006275832471571794,1.1627419903040592
attn_on_pim_prefill-128xdecode_262_ops_trace.csv,decode,13,143,3,PIM0,pim,7,"Q:0,K:0,V:0,QK:0,Softmax:0,SV:0,O:0",2.550169726545093e-05,2.1687e-05,pim|decode|13|61397802f1888ea563dd9b1ea38edd23,13,sample_step,0.00030602036718541115,0.000260244,-3.814697265450928e-06,0.8504139851656468,-4.577636718541112e-05,0.8504139851656468
attn_on_pim_prefill-128xdecode_262_ops_trace.csv,decode,13,143,3,PIM1,pim,7,"Q:1,K:1,V:1,QK:1,Softmax:1,SV:1,O:1",2.550169726545093e-05,2.1687e-05,pim|decode|13|9c4e6c099d863efd94751a80c7e404c5,13,sample_step,0.00030602036718541115,0.000260244,-3.814697265450928e-06,0.8504139851656468,-4.577636718541112e-05,0.8504139851656468
attn_on_pim_prefill-128xdecode_262_ops_trace.csv,decode,13,143,4,GPU0,npu,12,"LN:-1,Add:-1,LN:-1,FFN_W1:0,FFN_W3:0,FFN_W1:1,FFN_W3:1,SwiGLU:0,SwiGLU:1,FFN_W2:0,FFN_W2:1,Add:-1",0.00032135900410246165,0.00037365760803222657,npu|decode|13|2ef4409498d14c672a4fbbfe6786cce6,13,sample_step,0.00385630804922954,0.004483891296386719,5.2298603929764914e-05,1.1627419903040592,0.0006275832471571794,1.1627419903040592
attn_on_pim_prefill-128xdecode_262_ops_trace.csv,decode,13,143,4,PIM0,pim,7,"Q:0,K:0,V:0,QK:0,Softmax:0,SV:0,O:0",2.550169726545093e-05,2.1687e-05,pim|decode|13|61397802f1888ea563dd9b1ea38edd23,13,sample_step,0.00030602036718541115,0.000260244,-3.814697265450928e-06,0.8504139851656468,-4.577636718541112e-05,0.8504139851656468
attn_on_pim_prefill-128xdecode_262_ops_trace.csv,decode,13,143,4,PIM1,pim,7,"Q:1,K:1,V:1,QK:1,Softmax:1,SV:1,O:1",2.550169726545093e-05,2.1687e-05,pim|decode|13|9c4e6c099d863efd94751a80c7e404c5,13,sample_step,0.00030602036718541115,0.000260244,-3.814697265450928e-06,0.8504139851656468,-4.577636718541112e-05,0.8504139851656468
attn_on_pim_prefill-128xdecode_262_ops_trace.csv,decode,13,143,5,GPU0,npu,12,"LN:-1,Add:-1,LN:-1,FFN_W1:0,FFN_W3:0,FFN_W1:1,FFN_W3:1,SwiGLU:0,SwiGLU:1,FFN_W2:0,FFN_W2:1,Add:-1",0.00032135900410246165,0.00037365760803222657,npu|decode|13|2ef4409498d14c672a4fbbfe6786cce6,13,sample_step,0.00385630804922954,0.004483891296386719,5.2298603929764914e-05,1.1627419903040592,0.0006275832471571794,1.1627419903040592
attn_on_pim_prefill-128xdecode_262_ops_trace.csv,decode,13,143,5,PIM0,pim,7,"Q:0,K:0,V:0,QK:0,Softmax:0,SV:0,O:0",2.550169726545093e-05,2.1687e-05,pim|decode|13|61397802f1888ea563dd9b1ea38edd23,13,sample_step,0.00030602036718541115,0.000260244,-3.814697265450928e-06,0.8504139851656468,-4.577636718541112e-05,0.8504139851656468
attn_on_pim_prefill-128xdecode_262_ops_trace.csv,decode,13,143,5,PIM1,pim,7,"Q:1,K:1,V:1,QK:1,Softmax:1,SV:1,O:1",2.550169726545093e-05,2.1687e-05,pim|decode|13|9c4e6c099d863efd94751a80c7e404c5,13,sample_step,0.00030602036718541115,0.000260244,-3.814697265450928e-06,0.8504139851656468,-4.577636718541112e-05,0.8504139851656468
attn_on_pim_prefill-128xdecode_262_ops_trace.csv,decode,13,143,6,GPU0,npu,12,"LN:-1,Add:-1,LN:-1,FFN_W1:0,FFN_W3:0,FFN_W1:1,FFN_W3:1,SwiGLU:0,SwiGLU:1,FFN_W2:0,FFN_W2:1,Add:-1",0.00032135900410246165,0.00037365760803222657,npu|decode|13|2ef4409498d14c672a4fbbfe6786cce6,13,sample_step,0.00385630804922954,0.004483891296386719,5.2298603929764914e-05,1.1627419903040592,0.0006275832471571794,1.1627419903040592
attn_on_pim_prefill-128xdecode_262_ops_trace.csv,decode,13,143,6,PIM0,pim,7,"Q:0,K:0,V:0,QK:0,Softmax:0,SV:0,O:0",2.550169726545093e-05,2.1687e-05,pim|decode|13|61397802f1888ea563dd9b1ea38edd23,13,sample_step,0.00030602036718541115,0.000260244,-3.814697265450928e-06,0.8504139851656468,-4.577636718541112e-05,0.8504139851656468
attn_on_pim_prefill-128xdecode_262_ops_trace.csv,decode,13,143,6,PIM1,pim,7,"Q:1,K:1,V:1,QK:1,Softmax:1,SV:1,O:1",2.550169726545093e-05,2.1687e-05,pim|decode|13|9c4e6c099d863efd94751a80c7e404c5,13,sample_step,0.00030602036718541115,0.000260244,-3.814697265450928e-06,0.8504139851656468,-4.577636718541112e-05,0.8504139851656468
attn_on_pim_prefill-128xdecode_262_ops_trace.csv,decode,13,143,7,GPU0,npu,12,"LN:-1,Add:-1,LN:-1,FFN_W1:0,FFN_W3:0,FFN_W1:1,FFN_W3:1,SwiGLU:0,SwiGLU:1,FFN_W2:0,FFN_W2:1,Add:-1",0.00032135900410246165,0.00037365760803222657,npu|decode|13|2ef4409498d14c672a4fbbfe6786cce6,13,sample_step,0.00385630804922954,0.004483891296386719,5.2298603929764914e-05,1.1627419903040592,0.0006275832471571794,1.1627419903040592
attn_on_pim_prefill-128xdecode_262_ops_trace.csv,decode,13,143,7,PIM0,pim,7,"Q:0,K:0,V:0,QK:0,Softmax:0,SV:0,O:0",2.550169726545093e-05,2.1687e-05,pim|decode|13|61397802f1888ea563dd9b1ea38edd23,13,sample_step,0.00030602036718541115,0.000260244,-3.814697265450928e-06,0.8504139851656468,-4.577636718541112e-05,0.8504139851656468
attn_on_pim_prefill-128xdecode_262_ops_trace.csv,decode,13,143,7,PIM1,pim,7,"Q:1,K:1,V:1,QK:1,Softmax:1,SV:1,O:1",2.550169726545093e-05,2.1687e-05,pim|decode|13|9c4e6c099d863efd94751a80c7e404c5,13,sample_step,0.00030602036718541115,0.000260244,-3.814697265450928e-06,0.8504139851656468,-4.577636718541112e-05,0.8504139851656468
attn_on_pim_prefill-128xdecode_262_ops_trace.csv,decode,13,143,8,GPU0,npu,12,"LN:-1,Add:-1,LN:-1,FFN_W1:0,FFN_W3:0,FFN_W1:1,FFN_W3:1,SwiGLU:0,SwiGLU:1,FFN_W2:0,FFN_W2:1,Add:-1",0.00032135900410246165,0.00037365760803222657,npu|decode|13|2ef4409498d14c672a4fbbfe6786cce6,13,sample_step,0.00385630804922954,0.004483891296386719,5.2298603929764914e-05,1.1627419903040592,0.0006275832471571794,1.1627419903040592
attn_on_pim_prefill-128xdecode_262_ops_trace.csv,decode,13,143,8,PIM0,pim,7,"Q:0,K:0,V:0,QK:0,Softmax:0,SV:0,O:0",2.550169726545093e-05,2.1687e-05,pim|decode|13|61397802f1888ea563dd9b1ea38edd23,13,sample_step,0.00030602036718541115,0.000260244,-3.814697265450928e-06,0.8504139851656468,-4.577636718541112e-05,0.8504139851656468
attn_on_pim_prefill-128xdecode_262_ops_trace.csv,decode,13,143,8,PIM1,pim,7,"Q:1,K:1,V:1,QK:1,Softmax:1,SV:1,O:1",2.550169726545093e-05,2.1687e-05,pim|decode|13|9c4e6c099d863efd94751a80c7e404c5,13,sample_step,0.00030602036718541115,0.000260244,-3.814697265450928e-06,0.8504139851656468,-4.577636718541112e-05,0.8504139851656468
attn_on_pim_prefill-128xdecode_262_ops_trace.csv,decode,13,143,9,GPU0,npu,12,"LN:-1,Add:-1,LN:-1,FFN_W1:0,FFN_W3:0,FFN_W1:1,FFN_W3:1,SwiGLU:0,SwiGLU:1,FFN_W2:0,FFN_W2:1,Add:-1",0.00032135900410246165,0.00037365760803222657,npu|decode|13|2ef4409498d14c672a4fbbfe6786cce6,13,sample_step,0.00385630804922954,0.004483891296386719,5.2298603929764914e-05,1.1627419903040592,0.0006275832471571794,1.1627419903040592
attn_on_pim_prefill-128xdecode_262_ops_trace.csv,decode,13,143,9,PIM0,pim,7,"Q:0,K:0,V:0,QK:0,Softmax:0,SV:0,O:0",2.550169726545093e-05,2.1687e-05,pim|decode|13|61397802f1888ea563dd9b1ea38edd23,13,sample_step,0.00030602036718541115,0.000260244,-3.814697265450928e-06,0.8504139851656468,-4.577636718541112e-05,0.8504139851656468
attn_on_pim_prefill-128xdecode_262_ops_trace.csv,decode,13,143,9,PIM1,pim,7,"Q:1,K:1,V:1,QK:1,Softmax:1,SV:1,O:1",2.550169726545093e-05,2.1687e-05,pim|decode|13|9c4e6c099d863efd94751a80c7e404c5,13,sample_step,0.00030602036718541115,0.000260244,-3.814697265450928e-06,0.8504139851656468,-4.577636718541112e-05,0.8504139851656468
attn_on_pim_prefill-128xdecode_262_ops_trace.csv,decode,13,143,10,GPU0,npu,12,"LN:-1,Add:-1,LN:-1,FFN_W1:0,FFN_W3:0,FFN_W1:1,FFN_W3:1,SwiGLU:0,SwiGLU:1,FFN_W2:0,FFN_W2:1,Add:-1",0.00032135900410246165,0.00037365760803222657,npu|decode|13|2ef4409498d14c672a4fbbfe6786cce6,13,sample_step,0.00385630804922954,0.004483891296386719,5.2298603929764914e-05,1.1627419903040592,0.0006275832471571794,1.1627419903040592
attn_on_pim_prefill-128xdecode_262_ops_trace.csv,decode,13,143,10,PIM0,pim,7,"Q:0,K:0,V:0,QK:0,Softmax:0,SV:0,O:0",2.550169726545093e-05,2.1687e-05,pim|decode|13|61397802f1888ea563dd9b1ea38edd23,13,sample_step,0.00030602036718541115,0.000260244,-3.814697265450928e-06,0.8504139851656468,-4.577636718541112e-05,0.8504139851656468
attn_on_pim_prefill-128xdecode_262_ops_trace.csv,decode,13,143,10,PIM1,pim,7,"Q:1,K:1,V:1,QK:1,Softmax:1,SV:1,O:1",2.550169726545093e-05,2.1687e-05,pim|decode|13|9c4e6c099d863efd94751a80c7e404c5,13,sample_step,0.00030602036718541115,0.000260244,-3.814697265450928e-06,0.8504139851656468,-4.577636718541112e-05,0.8504139851656468
attn_on_pim_prefill-128xdecode_262_ops_trace.csv,decode,13,143,11,GPU0,npu,12,"LN:-1,Add:-1,LN:-1,FFN_W1:0,FFN_W3:0,FFN_W1:1,FFN_W3:1,SwiGLU:0,SwiGLU:1,FFN_W2:0,FFN_W2:1,Add:-1",0.00032135900410246165,0.00037365760803222657,npu|decode|13|2ef4409498d14c672a4fbbfe6786cce6,13,sample_step,0.00385630804922954,0.004483891296386719,5.2298603929764914e-05,1.1627419903040592,0.0006275832471571794,1.1627419903040592
attn_on_pim_prefill-128xdecode_262_ops_trace.csv,decode,13,143,11,PIM0,pim,7,"Q:0,K:0,V:0,QK:0,Softmax:0,SV:0,O:0",2.550169726545093e-05,2.1687e-05,pim|decode|13|61397802f1888ea563dd9b1ea38edd23,13,sample_step,0.00030602036718541115,0.000260244,-3.814697265450928e-06,0.8504139851656468,-4.577636718541112e-05,0.8504139851656468
attn_on_pim_prefill-128xdecode_262_ops_trace.csv,decode,13,143,11,PIM1,pim,7,"Q:1,K:1,V:1,QK:1,Softmax:1,SV:1,O:1",2.550169726545093e-05,2.1687e-05,pim|decode|13|9c4e6c099d863efd94751a80c7e404c5,13,sample_step,0.00030602036718541115,0.000260244,-3.814697265450928e-06,0.8504139851656468,-4.577636718541112e-05,0.8504139851656468
attn_on_pim_prefill-128xdecode_262_ops_trace.csv,decode,13,143,12,GPU0,npu,12,"LN:-1,Add:-1,LN:-1,FFN_W1:0,FFN_W3:0,FFN_W1:1,FFN_W3:1,SwiGLU:0,SwiGLU:1,FFN_W2:0,FFN_W2:1,Add:-1",0.00032135900410246165,0.00037365760803222657,npu|decode|13|2ef4409498d14c672a4fbbfe6786cce6,13,sample_step,0.00385630804922954,0.004483891296386719,5.2298603929764914e-05,1.1627419903040592,0.0006275832471571794,1.1627419903040592
attn_on_pim_prefill-128xdecode_262_ops_trace.csv,decode,13,143,12,PIM0,pim,7,"Q:0,K:0,V:0,QK:0,Softmax:0,SV:0,O:0",2.550169726545093e-05,2.1687e-05,pim|decode|13|61397802f1888ea563dd9b1ea38edd23,13,sample_step,0.00030602036718541115,0.000260244,-3.814697265450928e-06,0.8504139851656468,-4.577636718541112e-05,0.8504139851656468
attn_on_pim_prefill-128xdecode_262_ops_trace.csv,decode,13,143,12,PIM1,pim,7,"Q:1,K:1,V:1,QK:1,Softmax:1,SV:1,O:1",2.550169726545093e-05,2.1687e-05,pim|decode|13|9c4e6c099d863efd94751a80c7e404c5,13,sample_step,0.00030602036718541115,0.000260244,-3.814697265450928e-06,0.8504139851656468,-4.577636718541112e-05,0.8504139851656468
attn_on_pim_prefill-128xdecode_262_ops_trace.csv,decode,13,143,13,GPU0,npu,12,"LN:-1,Add:-1,LN:-1,FFN_W1:0,FFN_W3:0,FFN_W1:1,FFN_W3:1,SwiGLU:0,SwiGLU:1,FFN_W2:0,FFN_W2:1,Add:-1",0.00032135900410246165,0.00037365760803222657,npu|decode|13|2ef4409498d14c672a4fbbfe6786cce6,13,sample_step,0.00385630804922954,0.004483891296386719,5.2298603929764914e-05,1.1627419903040592,0.0006275832471571794,1.1627419903040592
attn_on_pim_prefill-128xdecode_262_ops_trace.csv,decode,13,143,13,PIM0,pim,7,"Q:0,K:0,V:0,QK:0,Softmax:0,SV:0,O:0",2.550169726545093e-05,2.1687e-05,pim|decode|13|61397802f1888ea563dd9b1ea38edd23,13,sample_step,0.00030602036718541115,0.000260244,-3.814697265450928e-06,0.8504139851656468,-4.577636718541112e-05,0.8504139851656468
attn_on_pim_prefill-128xdecode_262_ops_trace.csv,decode,13,143,13,PIM1,pim,7,"Q:1,K:1,V:1,QK:1,Softmax:1,SV:1,O:1",2.550169726545093e-05,2.1687e-05,pim|decode|13|9c4e6c099d863efd94751a80c7e404c5,13,sample_step,0.00030602036718541115,0.000260244,-3.814697265450928e-06,0.8504139851656468,-4.577636718541112e-05,0.8504139851656468
attn_on_pim_prefill-128xdecode_262_ops_trace.csv,decode,13,143,14,GPU0,npu,12,"LN:-1,Add:-1,LN:-1,FFN_W1:0,FFN_W3:0,FFN_W1:1,FFN_W3:1,SwiGLU:0,SwiGLU:1,FFN_W2:0,FFN_W2:1,Add:-1",0.00032135900410246165,0.00037365760803222657,npu|decode|13|2ef4409498d14c672a4fbbfe6786cce6,13,sample_step,0.00385630804922954,0.004483891296386719,5.2298603929764914e-05,1.1627419903040592,0.0006275832471571794,1.1627419903040592
attn_on_pim_prefill-128xdecode_262_ops_trace.csv,decode,13,143,14,PIM0,pim,7,"Q:0,K:0,V:0,QK:0,Softmax:0,SV:0,O:0",2.550169726545093e-05,2.1687e-05,pim|decode|13|61397802f1888ea563dd9b1ea38edd23,13,sample_step,0.00030602036718541115,0.000260244,-3.814697265450928e-06,0.8504139851656468,-4.577636718541112e-05,0.8504139851656468
attn_on_pim_prefill-128xdecode_262_ops_trace.csv,decode,13,143,14,PIM1,pim,7,"Q:1,K:1,V:1,QK:1,Softmax:1,SV:1,O:1",2.550169726545093e-05,2.1687e-05,pim|decode|13|9c4e6c099d863efd94751a80c7e404c5,13,sample_step,0.00030602036718541115,0.000260244,-3.814697265450928e-06,0.8504139851656468,-4.577636718541112e-05,0.8504139851656468
attn_on_pim_prefill-128xdecode_262_ops_trace.csv,decode,13,143,15,GPU0,npu,12,"LN:-1,Add:-1,LN:-1,FFN_W1:0,FFN_W3:0,FFN_W1:1,FFN_W3:1,SwiGLU:0,SwiGLU:1,FFN_W2:0,FFN_W2:1,Add:-1",0.00032135900410246165,0.00037365760803222657,npu|decode|13|2ef4409498d14c672a4fbbfe6786cce6,13,sample_step,0.00385630804922954,0.004483891296386719,5.2298603929764914e-05,1.1627419903040592,0.0006275832471571794,1.1627419903040592
attn_on_pim_prefill-128xdecode_262_ops_trace.csv,decode,13,143,15,PIM0,pim,7,"Q:0,K:0,V:0,QK:0,Softmax:0,SV:0,O:0",2.550169726545093e-05,2.1687e-05,pim|decode|13|61397802f1888ea563dd9b1ea38edd23,13,sample_step,0.00030602036718541115,0.000260244,-3.814697265450928e-06,0.8504139851656468,-4.577636718541112e-05,0.8504139851656468
attn_on_pim_prefill-128xdecode_262_ops_trace.csv,decode,13,143,15,PIM1,pim,7,"Q:1,K:1,V:1,QK:1,Softmax:1,SV:1,O:1",2.550169726545093e-05,2.1687e-05,pim|decode|13|9c4e6c099d863efd94751a80c7e404c5,13,sample_step,0.00030602036718541115,0.000260244,-3.814697265450928e-06,0.8504139851656468,-4.577636718541112e-05,0.8504139851656468
attn_on_pim_prefill-128xdecode_262_ops_trace.csv,decode,13,143,16,GPU0,npu,12,"LN:-1,Add:-1,LN:-1,FFN_W1:0,FFN_W3:0,FFN_W1:1,FFN_W3:1,SwiGLU:0,SwiGLU:1,FFN_W2:0,FFN_W2:1,Add:-1",0.00032135900410246165,0.00037365760803222657,npu|decode|13|2ef4409498d14c672a4fbbfe6786cce6,13,sample_step,0.00385630804922954,0.004483891296386719,5.2298603929764914e-05,1.1627419903040592,0.0006275832471571794,1.1627419903040592
attn_on_pim_prefill-128xdecode_262_ops_trace.csv,decode,13,143,16,PIM0,pim,7,"Q:0,K:0,V:0,QK:0,Softmax:0,SV:0,O:0",2.550169726545093e-05,2.1687e-05,pim|decode|13|61397802f1888ea563dd9b1ea38edd23,13,sample_step,0.00030602036718541115,0.000260244,-3.814697265450928e-06,0.8504139851656468,-4.577636718541112e-05,0.8504139851656468
attn_on_pim_prefill-128xdecode_262_ops_trace.csv,decode,13,143,16,PIM1,pim,7,"Q:1,K:1,V:1,QK:1,Softmax:1,SV:1,O:1",2.550169726545093e-05,2.1687e-05,pim|decode|13|9c4e6c099d863efd94751a80c7e404c5,13,sample_step,0.00030602036718541115,0.000260244,-3.814697265450928e-06,0.8504139851656468,-4.577636718541112e-05,0.8504139851656468
attn_on_pim_prefill-128xdecode_262_ops_trace.csv,decode,13,143,17,GPU0,npu,12,"LN:-1,Add:-1,LN:-1,FFN_W1:0,FFN_W3:0,FFN_W1:1,FFN_W3:1,SwiGLU:0,SwiGLU:1,FFN_W2:0,FFN_W2:1,Add:-1",0.00032135900410246165,0.00037365760803222657,npu|decode|13|2ef4409498d14c672a4fbbfe6786cce6,13,sample_step,0.00385630804922954,0.004483891296386719,5.2298603929764914e-05,1.1627419903040592,0.0006275832471571794,1.1627419903040592
attn_on_pim_prefill-128xdecode_262_ops_trace.csv,decode,13,143,17,PIM0,pim,7,"Q:0,K:0,V:0,QK:0,Softmax:0,SV:0,O:0",2.550169726545093e-05,2.1687e-05,pim|decode|13|61397802f1888ea563dd9b1ea38edd23,13,sample_step,0.00030602036718541115,0.000260244,-3.814697265450928e-06,0.8504139851656468,-4.577636718541112e-05,0.8504139851656468
attn_on_pim_prefill-128xdecode_262_ops_trace.csv,decode,13,143,17,PIM1,pim,7,"Q:1,K:1,V:1,QK:1,Softmax:1,SV:1,O:1",2.550169726545093e-05,2.1687e-05,pim|decode|13|9c4e6c099d863efd94751a80c7e404c5,13,sample_step,0.00030602036718541115,0.000260244,-3.814697265450928e-06,0.8504139851656468,-4.577636718541112e-05,0.8504139851656468
attn_on_pim_prefill-128xdecode_262_ops_trace.csv,decode,13,143,18,GPU0,npu,12,"LN:-1,Add:-1,LN:-1,FFN_W1:0,FFN_W3:0,FFN_W1:1,FFN_W3:1,SwiGLU:0,SwiGLU:1,FFN_W2:0,FFN_W2:1,Add:-1",0.00032135900410246165,0.00037365760803222657,npu|decode|13|2ef4409498d14c672a4fbbfe6786cce6,13,sample_step,0.00385630804922954,0.004483891296386719,5.2298603929764914e-05,1.1627419903040592,0.0006275832471571794,1.1627419903040592
attn_on_pim_prefill-128xdecode_262_ops_trace.csv,decode,13,143,18,PIM0,pim,7,"Q:0,K:0,V:0,QK:0,Softmax:0,SV:0,O:0",2.550169726545093e-05,2.1687e-05,pim|decode|13|61397802f1888ea563dd9b1ea38edd23,13,sample_step,0.00030602036718541115,0.000260244,-3.814697265450928e-06,0.8504139851656468,-4.577636718541112e-05,0.8504139851656468
attn_on_pim_prefill-128xdecode_262_ops_trace.csv,decode,13,143,18,PIM1,pim,7,"Q:1,K:1,V:1,QK:1,Softmax:1,SV:1,O:1",2.550169726545093e-05,2.1687e-05,pim|decode|13|9c4e6c099d863efd94751a80c7e404c5,13,sample_step,0.00030602036718541115,0.000260244,-3.814697265450928e-06,0.8504139851656468,-4.577636718541112e-05,0.8504139851656468
attn_on_pim_prefill-128xdecode_262_ops_trace.csv,decode,13,143,19,GPU0,npu,12,"LN:-1,Add:-1,LN:-1,FFN_W1:0,FFN_W3:0,FFN_W1:1,FFN_W3:1,SwiGLU:0,SwiGLU:1,FFN_W2:0,FFN_W2:1,Add:-1",0.00032135900410246165,0.00037365760803222657,npu|decode|13|2ef4409498d14c672a4fbbfe6786cce6,13,sample_step,0.00385630804922954,0.004483891296386719,5.2298603929764914e-05,1.1627419903040592,0.0006275832471571794,1.1627419903040592
attn_on_pim_prefill-128xdecode_262_ops_trace.csv,decode,13,143,19,PIM0,pim,7,"Q:0,K:0,V:0,QK:0,Softmax:0,SV:0,O:0",2.550169726545093e-05,2.1687e-05,pim|decode|13|61397802f1888ea563dd9b1ea38edd23,13,sample_step,0.00030602036718541115,0.000260244,-3.814697265450928e-06,0.8504139851656468,-4.577636718541112e-05,0.8504139851656468
attn_on_pim_prefill-128xdecode_262_ops_trace.csv,decode,13,143,19,PIM1,pim,7,"Q:1,K:1,V:1,QK:1,Softmax:1,SV:1,O:1",2.550169726545093e-05,2.1687e-05,pim|decode|13|9c4e6c099d863efd94751a80c7e404c5,13,sample_step,0.00030602036718541115,0.000260244,-3.814697265450928e-06,0.8504139851656468,-4.577636718541112e-05,0.8504139851656468
attn_on_pim_prefill-128xdecode_262_ops_trace.csv,decode,13,143,20,GPU0,npu,12,"LN:-1,Add:-1,LN:-1,FFN_W1:0,FFN_W3:0,FFN_W1:1,FFN_W3:1,SwiGLU:0,SwiGLU:1,FFN_W2:0,FFN_W2:1,Add:-1",0.00032135900410246165,0.00037365760803222657,npu|decode|13|2ef4409498d14c672a4fbbfe6786cce6,13,sample_step,0.00385630804922954,0.004483891296386719,5.2298603929764914e-05,1.1627419903040592,0.0006275832471571794,1.1627419903040592
attn_on_pim_prefill-128xdecode_262_ops_trace.csv,decode,13,143,20,PIM0,pim,7,"Q:0,K:0,V:0,QK:0,Softmax:0,SV:0,O:0",2.550169726545093e-05,2.1687e-05,pim|decode|13|61397802f1888ea563dd9b1ea38edd23,13,sample_step,0.00030602036718541115,0.000260244,-3.814697265450928e-06,0.8504139851656468,-4.577636718541112e-05,0.8504139851656468
attn_on_pim_prefill-128xdecode_262_ops_trace.csv,decode,13,143,20,PIM1,pim,7,"Q:1,K:1,V:1,QK:1,Softmax:1,SV:1,O:1",2.550169726545093e-05,2.1687e-05,pim|decode|13|9c4e6c099d863efd94751a80c7e404c5,13,sample_step,0.00030602036718541115,0.000260244,-3.814697265450928e-06,0.8504139851656468,-4.577636718541112e-05,0.8504139851656468
attn_on_pim_prefill-128xdecode_262_ops_trace.csv,decode,13,143,21,GPU0,npu,12,"LN:-1,Add:-1,LN:-1,FFN_W1:0,FFN_W3:0,FFN_W1:1,FFN_W3:1,SwiGLU:0,SwiGLU:1,FFN_W2:0,FFN_W2:1,Add:-1",0.00032135900410246165,0.00037365760803222657,npu|decode|13|2ef4409498d14c672a4fbbfe6786cce6,13,sample_step,0.00385630804922954,0.004483891296386719,5.2298603929764914e-05,1.1627419903040592,0.0006275832471571794,1.1627419903040592
attn_on_pim_prefill-128xdecode_262_ops_trace.csv,decode,13,143,21,PIM0,pim,7,"Q:0,K:0,V:0,QK:0,Softmax:0,SV:0,O:0",2.550169726545093e-05,2.1687e-05,pim|decode|13|61397802f1888ea563dd9b1ea38edd23,13,sample_step,0.00030602036718541115,0.000260244,-3.814697265450928e-06,0.8504139851656468,-4.577636718541112e-05,0.8504139851656468
attn_on_pim_prefill-128xdecode_262_ops_trace.csv,decode,13,143,21,PIM1,pim,7,"Q:1,K:1,V:1,QK:1,Softmax:1,SV:1,O:1",2.550169726545093e-05,2.1687e-05,pim|decode|13|9c4e6c099d863efd94751a80c7e404c5,13,sample_step,0.00030602036718541115,0.000260244,-3.814697265450928e-06,0.8504139851656468,-4.577636718541112e-05,0.8504139851656468
attn_on_pim_prefill-128xdecode_262_ops_trace.csv,decode,13,143,22,GPU0,npu,12,"LN:-1,Add:-1,LN:-1,FFN_W1:0,FFN_W3:0,FFN_W1:1,FFN_W3:1,SwiGLU:0,SwiGLU:1,FFN_W2:0,FFN_W2:1,Add:-1",0.00032135900410246165,0.00037365760803222657,npu|decode|13|2ef4409498d14c672a4fbbfe6786cce6,13,sample_step,0.00385630804922954,0.004483891296386719,5.2298603929764914e-05,1.1627419903040592,0.0006275832471571794,1.1627419903040592
attn_on_pim_prefill-128xdecode_262_ops_trace.csv,decode,13,143,22,PIM0,pim,7,"Q:0,K:0,V:0,QK:0,Softmax:0,SV:0,O:0",2.550169726545093e-05,2.1687e-05,pim|decode|13|61397802f1888ea563dd9b1ea38edd23,13,sample_step,0.00030602036718541115,0.000260244,-3.814697265450928e-06,0.8504139851656468,-4.577636718541112e-05,0.8504139851656468
attn_on_pim_prefill-128xdecode_262_ops_trace.csv,decode,13,143,22,PIM1,pim,7,"Q:1,K:1,V:1,QK:1,Softmax:1,SV:1,O:1",2.550169726545093e-05,2.1687e-05,pim|decode|13|9c4e6c099d863efd94751a80c7e404c5,13,sample_step,0.00030602036718541115,0.000260244,-3.814697265450928e-06,0.8504139851656468,-4.577636718541112e-05,0.8504139851656468
attn_on_pim_prefill-128xdecode_262_ops_trace.csv,decode,13,143,23,GPU0,npu,12,"LN:-1,Add:-1,LN:-1,FFN_W1:0,FFN_W3:0,FFN_W1:1,FFN_W3:1,SwiGLU:0,SwiGLU:1,FFN_W2:0,FFN_W2:1,Add:-1",0.00032135900410246165,0.00037365760803222657,npu|decode|13|2ef4409498d14c672a4fbbfe6786cce6,13,sample_step,0.00385630804922954,0.004483891296386719,5.2298603929764914e-05,1.1627419903040592,0.0006275832471571794,1.1627419903040592
attn_on_pim_prefill-128xdecode_262_ops_trace.csv,decode,13,143,23,PIM0,pim,7,"Q:0,K:0,V:0,QK:0,Softmax:0,SV:0,O:0",2.550169726545093e-05,2.1687e-05,pim|decode|13|61397802f1888ea563dd9b1ea38edd23,13,sample_step,0.00030602036718541115,0.000260244,-3.814697265450928e-06,0.8504139851656468,-4.577636718541112e-05,0.8504139851656468
attn_on_pim_prefill-128xdecode_262_ops_trace.csv,decode,13,143,23,PIM1,pim,7,"Q:1,K:1,V:1,QK:1,Softmax:1,SV:1,O:1",2.550169726545093e-05,2.1687e-05,pim|decode|13|9c4e6c099d863efd94751a80c7e404c5,13,sample_step,0.00030602036718541115,0.000260244,-3.814697265450928e-06,0.8504139851656468,-4.577636718541112e-05,0.8504139851656468
attn_on_pim_prefill-128xdecode_262_ops_trace.csv,decode,13,143,24,GPU0,npu,12,"LN:-1,Add:-1,LN:-1,FFN_W1:0,FFN_W3:0,FFN_W1:1,FFN_W3:1,SwiGLU:0,SwiGLU:1,FFN_W2:0,FFN_W2:1,Add:-1",0.00032135900410246165,0.00037365760803222657,npu|decode|13|2ef4409498d14c672a4fbbfe6786cce6,13,sample_step,0.00385630804922954,0.004483891296386719,5.2298603929764914e-05,1.1627419903040592,0.0006275832471571794,1.1627419903040592
attn_on_pim_prefill-128xdecode_262_ops_trace.csv,decode,13,143,24,PIM0,pim,7,"Q:0,K:0,V:0,QK:0,Softmax:0,SV:0,O:0",2.550169726545093e-05,2.1687e-05,pim|decode|13|61397802f1888ea563dd9b1ea38edd23,13,sample_step,0.00030602036718541115,0.000260244,-3.814697265450928e-06,0.8504139851656468,-4.577636718541112e-05,0.8504139851656468
attn_on_pim_prefill-128xdecode_262_ops_trace.csv,decode,13,143,24,PIM1,pim,7,"Q:1,K:1,V:1,QK:1,Softmax:1,SV:1,O:1",2.550169726545093e-05,2.1687e-05,pim|decode|13|9c4e6c099d863efd94751a80c7e404c5,13,sample_step,0.00030602036718541115,0.000260244,-3.814697265450928e-06,0.8504139851656468,-4.577636718541112e-05,0.8504139851656468
attn_on_pim_prefill-128xdecode_262_ops_trace.csv,decode,13,143,25,GPU0,npu,12,"LN:-1,Add:-1,LN:-1,FFN_W1:0,FFN_W3:0,FFN_W1:1,FFN_W3:1,SwiGLU:0,SwiGLU:1,FFN_W2:0,FFN_W2:1,Add:-1",0.00032135900410246165,0.00037365760803222657,npu|decode|13|2ef4409498d14c672a4fbbfe6786cce6,13,sample_step,0.00385630804922954,0.004483891296386719,5.2298603929764914e-05,1.1627419903040592,0.0006275832471571794,1.1627419903040592
attn_on_pim_prefill-128xdecode_262_ops_trace.csv,decode,13,143,25,PIM0,pim,7,"Q:0,K:0,V:0,QK:0,Softmax:0,SV:0,O:0",2.550169726545093e-05,2.1687e-05,pim|decode|13|61397802f1888ea563dd9b1ea38edd23,13,sample_step,0.00030602036718541115,0.000260244,-3.814697265450928e-06,0.8504139851656468,-4.577636718541112e-05,0.8504139851656468
attn_on_pim_prefill-128xdecode_262_ops_trace.csv,decode,13,143,25,PIM1,pim,7,"Q:1,K:1,V:1,QK:1,Softmax:1,SV:1,O:1",2.550169726545093e-05,2.1687e-05,pim|decode|13|9c4e6c099d863efd94751a80c7e404c5,13,sample_step,0.00030602036718541115,0.000260244,-3.814697265450928e-06,0.8504139851656468,-4.577636718541112e-05,0.8504139851656468
attn_on_pim_prefill-128xdecode_262_ops_trace.csv,decode,13,143,26,GPU0,npu,12,"LN:-1,Add:-1,LN:-1,FFN_W1:0,FFN_W3:0,FFN_W1:1,FFN_W3:1,SwiGLU:0,SwiGLU:1,FFN_W2:0,FFN_W2:1,Add:-1",0.00032135900410246165,0.00037365760803222657,npu|decode|13|2ef4409498d14c672a4fbbfe6786cce6,13,sample_step,0.00385630804922954,0.004483891296386719,5.2298603929764914e-05,1.1627419903040592,0.0006275832471571794,1.1627419903040592
attn_on_pim_prefill-128xdecode_262_ops_trace.csv,decode,13,143,26,PIM0,pim,7,"Q:0,K:0,V:0,QK:0,Softmax:0,SV:0,O:0",2.550169726545093e-05,2.1687e-05,pim|decode|13|61397802f1888ea563dd9b1ea38edd23,13,sample_step,0.00030602036718541115,0.000260244,-3.814697265450928e-06,0.8504139851656468,-4.577636718541112e-05,0.8504139851656468
attn_on_pim_prefill-128xdecode_262_ops_trace.csv,decode,13,143,26,PIM1,pim,7,"Q:1,K:1,V:1,QK:1,Softmax:1,SV:1,O:1",2.550169726545093e-05,2.1687e-05,pim|decode|13|9c4e6c099d863efd94751a80c7e404c5,13,sample_step,0.00030602036718541115,0.000260244,-3.814697265450928e-06,0.8504139851656468,-4.577636718541112e-05,0.8504139851656468
attn_on_pim_prefill-128xdecode_262_ops_trace.csv,decode,13,143,27,GPU0,npu,12,"LN:-1,Add:-1,LN:-1,FFN_W1:0,FFN_W3:0,FFN_W1:1,FFN_W3:1,SwiGLU:0,SwiGLU:1,FFN_W2:0,FFN_W2:1,Add:-1",0.00032135900410246165,0.00037365760803222657,npu|decode|13|2ef4409498d14c672a4fbbfe6786cce6,13,sample_step,0.00385630804922954,0.004483891296386719,5.2298603929764914e-05,1.1627419903040592,0.0006275832471571794,1.1627419903040592
attn_on_pim_prefill-128xdecode_262_ops_trace.csv,decode,13,143,27,PIM0,pim,7,"Q:0,K:0,V:0,QK:0,Softmax:0,SV:0,O:0",2.550169726545093e-05,2.1687e-05,pim|decode|13|61397802f1888ea563dd9b1ea38edd23,13,sample_step,0.00030602036718541115,0.000260244,-3.814697265450928e-06,0.8504139851656468,-4.577636718541112e-05,0.8504139851656468
attn_on_pim_prefill-128xdecode_262_ops_trace.csv,decode,13,143,27,PIM1,pim,7,"Q:1,K:1,V:1,QK:1,Softmax:1,SV:1,O:1",2.550169726545093e-05,2.1687e-05,pim|decode|13|9c4e6c099d863efd94751a80c7e404c5,13,sample_step,0.00030602036718541115,0.000260244,-3.814697265450928e-06,0.8504139851656468,-4.577636718541112e-05,0.8504139851656468
attn_on_pim_prefill-128xdecode_262_ops_trace.csv,decode,13,143,28,GPU0,npu,12,"LN:-1,Add:-1,LN:-1,FFN_W1:0,FFN_W3:0,FFN_W1:1,FFN_W3:1,SwiGLU:0,SwiGLU:1,FFN_W2:0,FFN_W2:1,Add:-1",0.00032135900410246165,0.00037365760803222657,npu|decode|13|2ef4409498d14c672a4fbbfe6786cce6,13,sample_step,0.00385630804922954,0.004483891296386719,5.2298603929764914e-05,1.1627419903040592,0.0006275832471571794,1.1627419903040592
attn_on_pim_prefill-128xdecode_262_ops_trace.csv,decode,13,143,28,PIM0,pim,7,"Q:0,K:0,V:0,QK:0,Softmax:0,SV:0,O:0",2.550169726545093e-05,2.1687e-05,pim|decode|13|61397802f1888ea563dd9b1ea38edd23,13,sample_step,0.00030602036718541115,0.000260244,-3.814697265450928e-06,0.8504139851656468,-4.577636718541112e-05,0.8504139851656468
attn_on_pim_prefill-128xdecode_262_ops_trace.csv,decode,13,143,28,PIM1,pim,7,"Q:1,K:1,V:1,QK:1,Softmax:1,SV:1,O:1",2.550169726545093e-05,2.1687e-05,pim|decode|13|9c4e6c099d863efd94751a80c7e404c5,13,sample_step,0.00030602036718541115,0.000260244,-3.814697265450928e-06,0.8504139851656468,-4.577636718541112e-05,0.8504139851656468
attn_on_pim_prefill-128xdecode_262_ops_trace.csv,decode,13,143,29,GPU0,npu,12,"LN:-1,Add:-1,LN:-1,FFN_W1:0,FFN_W3:0,FFN_W1:1,FFN_W3:1,SwiGLU:0,SwiGLU:1,FFN_W2:0,FFN_W2:1,Add:-1",0.00032135900410246165,0.00037365760803222657,npu|decode|13|2ef4409498d14c672a4fbbfe6786cce6,13,sample_step,0.00385630804922954,0.004483891296386719,5.2298603929764914e-05,1.1627419903040592,0.0006275832471571794,1.1627419903040592
attn_on_pim_prefill-128xdecode_262_ops_trace.csv,decode,13,143,29,PIM0,pim,7,"Q:0,K:0,V:0,QK:0,Softmax:0,SV:0,O:0",2.550169726545093e-05,2.1687e-05,pim|decode|13|61397802f1888ea563dd9b1ea38edd23,13,sample_step,0.00030602036718541115,0.000260244,-3.814697265450928e-06,0.8504139851656468,-4.577636718541112e-05,0.8504139851656468
attn_on_pim_prefill-128xdecode_262_ops_trace.csv,decode,13,143,29,PIM1,pim,7,"Q:1,K:1,V:1,QK:1,Softmax:1,SV:1,O:1",2.550169726545093e-05,2.1687e-05,pim|decode|13|9c4e6c099d863efd94751a80c7e404c5,13,sample_step,0.00030602036718541115,0.000260244,-3.814697265450928e-06,0.8504139851656468,-4.577636718541112e-05,0.8504139851656468
attn_on_pim_prefill-128xdecode_262_ops_trace.csv,decode,13,143,30,GPU0,npu,12,"LN:-1,Add:-1,LN:-1,FFN_W1:0,FFN_W3:0,FFN_W1:1,FFN_W3:1,SwiGLU:0,SwiGLU:1,FFN_W2:0,FFN_W2:1,Add:-1",0.00032135900410246165,0.00037365760803222657,npu|decode|13|2ef4409498d14c672a4fbbfe6786cce6,13,sample_step,0.00385630804922954,0.004483891296386719,5.2298603929764914e-05,1.1627419903040592,0.0006275832471571794,1.1627419903040592
attn_on_pim_prefill-128xdecode_262_ops_trace.csv,decode,13,143,30,PIM0,pim,7,"Q:0,K:0,V:0,QK:0,Softmax:0,SV:0,O:0",2.550169726545093e-05,2.1687e-05,pim|decode|13|61397802f1888ea563dd9b1ea38edd23,13,sample_step,0.00030602036718541115,0.000260244,-3.814697265450928e-06,0.8504139851656468,-4.577636718541112e-05,0.8504139851656468
attn_on_pim_prefill-128xdecode_262_ops_trace.csv,decode,13,143,30,PIM1,pim,7,"Q:1,K:1,V:1,QK:1,Softmax:1,SV:1,O:1",2.550169726545093e-05,2.1687e-05,pim|decode|13|9c4e6c099d863efd94751a80c7e404c5,13,sample_step,0.00030602036718541115,0.000260244,-3.814697265450928e-06,0.8504139851656468,-4.577636718541112e-05,0.8504139851656468
attn_on_pim_prefill-128xdecode_262_ops_trace.csv,decode,13,143,31,GPU0,npu,12,"LN:-1,Add:-1,LN:-1,FFN_W1:0,FFN_W3:0,FFN_W1:1,FFN_W3:1,SwiGLU:0,SwiGLU:1,FFN_W2:0,FFN_W2:1,Add:-1",0.00032135900410246165,0.00037365760803222657,npu|decode|13|2ef4409498d14c672a4fbbfe6786cce6,13,sample_step,0.00385630804922954,0.004483891296386719,5.2298603929764914e-05,1.1627419903040592,0.0006275832471571794,1.1627419903040592
attn_on_pim_prefill-128xdecode_262_ops_trace.csv,decode,13,143,31,PIM0,pim,7,"Q:0,K:0,V:0,QK:0,Softmax:0,SV:0,O:0",2.550169726545093e-05,2.1687e-05,pim|decode|13|61397802f1888ea563dd9b1ea38edd23,13,sample_step,0.00030602036718541115,0.000260244,-3.814697265450928e-06,0.8504139851656468,-4.577636718541112e-05,0.8504139851656468
attn_on_pim_prefill-128xdecode_262_ops_trace.csv,decode,13,143,31,PIM1,pim,7,"Q:1,K:1,V:1,QK:1,Softmax:1,SV:1,O:1",2.550169726545093e-05,2.1687e-05,pim|decode|13|9c4e6c099d863efd94751a80c7e404c5,13,sample_step,0.00030602036718541115,0.000260244,-3.814697265450928e-06,0.8504139851656468,-4.577636718541112e-05,0.8504139851656468
attn_on_pim_prefill-128xdecode_262_ops_trace.csv,decode,14,155,0,GPU0,npu,12,"LN:-1,Add:-1,LN:-1,FFN_W1:0,FFN_W3:0,FFN_W1:1,FFN_W3:1,SwiGLU:0,SwiGLU:1,FFN_W2:0,FFN_W2:1,Add:-1",0.00032135900410246165,0.00037119998931884766,npu|decode|14|2ef4409498d14c672a4fbbfe6786cce6,14,sample_step,0.00385630804922954,0.0044543998718261715,4.984098521638601e-05,1.1550944102393808,0.0005980918225966317,1.1550944102393805
attn_on_pim_prefill-128xdecode_262_ops_trace.csv,decode,14,155,0,PIM0,pim,7,"Q:0,K:0,V:0,QK:0,Softmax:0,SV:0,O:0",2.5571697265469595e-05,2.1757e-05,pim|decode|14|61397802f1888ea563dd9b1ea38edd23,14,sample_step,0.00030686036718563514,0.00026108399999999997,-3.8146972654695966e-06,0.8508234621320688,-4.577636718563517e-05,0.8508234621320688
attn_on_pim_prefill-128xdecode_262_ops_trace.csv,decode,14,155,0,PIM1,pim,7,"Q:1,K:1,V:1,QK:1,Softmax:1,SV:1,O:1",2.5571697265469595e-05,2.1757e-05,pim|decode|14|9c4e6c099d863efd94751a80c7e404c5,14,sample_step,0.00030686036718563514,0.00026108399999999997,-3.8146972654695966e-06,0.8508234621320688,-4.577636718563517e-05,0.8508234621320688
attn_on_pim_prefill-128xdecode_262_ops_trace.csv,decode,14,155,1,GPU0,npu,12,"LN:-1,Add:-1,LN:-1,FFN_W1:0,FFN_W3:0,FFN_W1:1,FFN_W3:1,SwiGLU:0,SwiGLU:1,FFN_W2:0,FFN_W2:1,Add:-1",0.00032135900410246165,0.00037119998931884766,npu|decode|14|2ef4409498d14c672a4fbbfe6786cce6,14,sample_step,0.00385630804922954,0.0044543998718261715,4.984098521638601e-05,1.1550944102393808,0.0005980918225966317,1.1550944102393805
attn_on_pim_prefill-128xdecode_262_ops_trace.csv,decode,14,155,1,PIM0,pim,7,"Q:0,K:0,V:0,QK:0,Softmax:0,SV:0,O:0",2.5571697265469595e-05,2.1757e-05,pim|decode|14|61397802f1888ea563dd9b1ea38edd23,14,sample_step,0.00030686036718563514,0.00026108399999999997,-3.8146972654695966e-06,0.8508234621320688,-4.577636718563517e-05,0.8508234621320688
attn_on_pim_prefill-128xdecode_262_ops_trace.csv,decode,14,155,1,PIM1,pim,7,"Q:1,K:1,V:1,QK:1,Softmax:1,SV:1,O:1",2.5571697265469595e-05,2.1757e-05,pim|decode|14|9c4e6c099d863efd94751a80c7e404c5,14,sample_step,0.00030686036718563514,0.00026108399999999997,-3.8146972654695966e-06,0.8508234621320688,-4.577636718563517e-05,0.8508234621320688
attn_on_pim_prefill-128xdecode_262_ops_trace.csv,decode,14,155,2,GPU0,npu,12,"LN:-1,Add:-1,LN:-1,FFN_W1:0,FFN_W3:0,FFN_W1:1,FFN_W3:1,SwiGLU:0,SwiGLU:1,FFN_W2:0,FFN_W2:1,Add:-1",0.00032135900410246165,0.00037119998931884766,npu|decode|14|2ef4409498d14c672a4fbbfe6786cce6,14,sample_step,0.00385630804922954,0.0044543998718261715,4.984098521638601e-05,1.1550944102393808,0.0005980918225966317,1.1550944102393805
attn_on_pim_prefill-128xdecode_262_ops_trace.csv,decode,14,155,2,PIM0,pim,7,"Q:0,K:0,V:0,QK:0,Softmax:0,SV:0,O:0",2.5571697265469595e-05,2.1757e-05,pim|decode|14|61397802f1888ea563dd9b1ea38edd23,14,sample_step,0.00030686036718563514,0.00026108399999999997,-3.8146972654695966e-06,0.8508234621320688,-4.577636718563517e-05,0.8508234621320688
attn_on_pim_prefill-128xdecode_262_ops_trace.csv,decode,14,155,2,PIM1,pim,7,"Q:1,K:1,V:1,QK:1,Softmax:1,SV:1,O:1",2.5571697265469595e-05,2.1757e-05,pim|decode|14|9c4e6c099d863efd94751a80c7e404c5,14,sample_step,0.00030686036718563514,0.00026108399999999997,-3.8146972654695966e-06,0.8508234621320688,-4.577636718563517e-05,0.8508234621320688
attn_on_pim_prefill-128xdecode_262_ops_trace.csv,decode,14,155,3,GPU0,npu,12,"LN:-1,Add:-1,LN:-1,FFN_W1:0,FFN_W3:0,FFN_W1:1,FFN_W3:1,SwiGLU:0,SwiGLU:1,FFN_W2:0,FFN_W2:1,Add:-1",0.00032135900410246165,0.00037119998931884766,npu|decode|14|2ef4409498d14c672a4fbbfe6786cce6,14,sample_step,0.00385630804922954,0.0044543998718261715,4.984098521638601e-05,1.1550944102393808,0.0005980918225966317,1.1550944102393805
attn_on_pim_prefill-128xdecode_262_ops_trace.csv,decode,14,155,3,PIM0,pim,7,"Q:0,K:0,V:0,QK:0,Softmax:0,SV:0,O:0",2.5571697265469595e-05,2.1757e-05,pim|decode|14|61397802f1888ea563dd9b1ea38edd23,14,sample_step,0.00030686036718563514,0.00026108399999999997,-3.8146972654695966e-06,0.8508234621320688,-4.577636718563517e-05,0.8508234621320688
attn_on_pim_prefill-128xdecode_262_ops_trace.csv,decode,14,155,3,PIM1,pim,7,"Q:1,K:1,V:1,QK:1,Softmax:1,SV:1,O:1",2.5571697265469595e-05,2.1757e-05,pim|decode|14|9c4e6c099d863efd94751a80c7e404c5,14,sample_step,0.00030686036718563514,0.00026108399999999997,-3.8146972654695966e-06,0.8508234621320688,-4.577636718563517e-05,0.8508234621320688
attn_on_pim_prefill-128xdecode_262_ops_trace.csv,decode,14,155,4,GPU0,npu,12,"LN:-1,Add:-1,LN:-1,FFN_W1:0,FFN_W3:0,FFN_W1:1,FFN_W3:1,SwiGLU:0,SwiGLU:1,FFN_W2:0,FFN_W2:1,Add:-1",0.00032135900410246165,0.00037119998931884766,npu|decode|14|2ef4409498d14c672a4fbbfe6786cce6,14,sample_step,0.00385630804922954,0.0044543998718261715,4.984098521638601e-05,1.1550944102393808,0.0005980918225966317,1.1550944102393805
attn_on_pim_prefill-128xdecode_262_ops_trace.csv,decode,14,155,4,PIM0,pim,7,"Q:0,K:0,V:0,QK:0,Softmax:0,SV:0,O:0",2.5571697265469595e-05,2.1757e-05,pim|decode|14|61397802f1888ea563dd9b1ea38edd23,14,sample_step,0.00030686036718563514,0.00026108399999999997,-3.8146972654695966e-06,0.8508234621320688,-4.577636718563517e-05,0.8508234621320688
attn_on_pim_prefill-128xdecode_262_ops_trace.csv,decode,14,155,4,PIM1,pim,7,"Q:1,K:1,V:1,QK:1,Softmax:1,SV:1,O:1",2.5571697265469595e-05,2.1757e-05,pim|decode|14|9c4e6c099d863efd94751a80c7e404c5,14,sample_step,0.00030686036718563514,0.00026108399999999997,-3.8146972654695966e-06,0.8508234621320688,-4.577636718563517e-05,0.8508234621320688
attn_on_pim_prefill-128xdecode_262_ops_trace.csv,decode,14,155,5,GPU0,npu,12,"LN:-1,Add:-1,LN:-1,FFN_W1:0,FFN_W3:0,FFN_W1:1,FFN_W3:1,SwiGLU:0,SwiGLU:1,FFN_W2:0,FFN_W2:1,Add:-1",0.00032135900410246165,0.00037119998931884766,npu|decode|14|2ef4409498d14c672a4fbbfe6786cce6,14,sample_step,0.00385630804922954,0.0044543998718261715,4.984098521638601e-05,1.1550944102393808,0.0005980918225966317,1.1550944102393805
attn_on_pim_prefill-128xdecode_262_ops_trace.csv,decode,14,155,5,PIM0,pim,7,"Q:0,K:0,V:0,QK:0,Softmax:0,SV:0,O:0",2.5571697265469595e-05,2.1757e-05,pim|decode|14|61397802f1888ea563dd9b1ea38edd23,14,sample_step,0.00030686036718563514,0.00026108399999999997,-3.8146972654695966e-06,0.8508234621320688,-4.577636718563517e-05,0.8508234621320688
attn_on_pim_prefill-128xdecode_262_ops_trace.csv,decode,14,155,5,PIM1,pim,7,"Q:1,K:1,V:1,QK:1,Softmax:1,SV:1,O:1",2.5571697265469595e-05,2.1757e-05,pim|decode|14|9c4e6c099d863efd94751a80c7e404c5,14,sample_step,0.00030686036718563514,0.00026108399999999997,-3.8146972654695966e-06,0.8508234621320688,-4.577636718563517e-05,0.8508234621320688
attn_on_pim_prefill-128xdecode_262_ops_trace.csv,decode,14,155,6,GPU0,npu,12,"LN:-1,Add:-1,LN:-1,FFN_W1:0,FFN_W3:0,FFN_W1:1,FFN_W3:1,SwiGLU:0,SwiGLU:1,FFN_W2:0,FFN_W2:1,Add:-1",0.00032135900410246165,0.00037119998931884766,npu|decode|14|2ef4409498d14c672a4fbbfe6786cce6,14,sample_step,0.00385630804922954,0.0044543998718261715,4.984098521638601e-05,1.1550944102393808,0.0005980918225966317,1.1550944102393805
attn_on_pim_prefill-128xdecode_262_ops_trace.csv,decode,14,155,6,PIM0,pim,7,"Q:0,K:0,V:0,QK:0,Softmax:0,SV:0,O:0",2.5571697265469595e-05,2.1757e-05,pim|decode|14|61397802f1888ea563dd9b1ea38edd23,14,sample_step,0.00030686036718563514,0.00026108399999999997,-3.8146972654695966e-06,0.8508234621320688,-4.577636718563517e-05,0.8508234621320688
attn_on_pim_prefill-128xdecode_262_ops_trace.csv,decode,14,155,6,PIM1,pim,7,"Q:1,K:1,V:1,QK:1,Softmax:1,SV:1,O:1",2.5571697265469595e-05,2.1757e-05,pim|decode|14|9c4e6c099d863efd94751a80c7e404c5,14,sample_step,0.00030686036718563514,0.00026108399999999997,-3.8146972654695966e-06,0.8508234621320688,-4.577636718563517e-05,0.8508234621320688
attn_on_pim_prefill-128xdecode_262_ops_trace.csv,decode,14,155,7,GPU0,npu,12,"LN:-1,Add:-1,LN:-1,FFN_W1:0,FFN_W3:0,FFN_W1:1,FFN_W3:1,SwiGLU:0,SwiGLU:1,FFN_W2:0,FFN_W2:1,Add:-1",0.00032135900410246165,0.00037119998931884766,npu|decode|14|2ef4409498d14c672a4fbbfe6786cce6,14,sample_step,0.00385630804922954,0.0044543998718261715,4.984098521638601e-05,1.1550944102393808,0.0005980918225966317,1.1550944102393805
attn_on_pim_prefill-128xdecode_262_ops_trace.csv,decode,14,155,7,PIM0,pim,7,"Q:0,K:0,V:0,QK:0,Softmax:0,SV:0,O:0",2.5571697265469595e-05,2.1757e-05,pim|decode|14|61397802f1888ea563dd9b1ea38edd23,14,sample_step,0.00030686036718563514,0.00026108399999999997,-3.8146972654695966e-06,0.8508234621320688,-4.577636718563517e-05,0.8508234621320688
attn_on_pim_prefill-128xdecode_262_ops_trace.csv,decode,14,155,7,PIM1,pim,7,"Q:1,K:1,V:1,QK:1,Softmax:1,SV:1,O:1",2.5571697265469595e-05,2.1757e-05,pim|decode|14|9c4e6c099d863efd94751a80c7e404c5,14,sample_step,0.00030686036718563514,0.00026108399999999997,-3.8146972654695966e-06,0.8508234621320688,-4.577636718563517e-05,0.8508234621320688
attn_on_pim_prefill-128xdecode_262_ops_trace.csv,decode,14,155,8,GPU0,npu,12,"LN:-1,Add:-1,LN:-1,FFN_W1:0,FFN_W3:0,FFN_W1:1,FFN_W3:1,SwiGLU:0,SwiGLU:1,FFN_W2:0,FFN_W2:1,Add:-1",0.00032135900410246165,0.00037119998931884766,npu|decode|14|2ef4409498d14c672a4fbbfe6786cce6,14,sample_step,0.00385630804922954,0.0044543998718261715,4.984098521638601e-05,1.1550944102393808,0.0005980918225966317,1.1550944102393805
attn_on_pim_prefill-128xdecode_262_ops_trace.csv,decode,14,155,8,PIM0,pim,7,"Q:0,K:0,V:0,QK:0,Softmax:0,SV:0,O:0",2.5571697265469595e-05,2.1757e-05,pim|decode|14|61397802f1888ea563dd9b1ea38edd23,14,sample_step,0.00030686036718563514,0.00026108399999999997,-3.8146972654695966e-06,0.8508234621320688,-4.577636718563517e-05,0.8508234621320688
attn_on_pim_prefill-128xdecode_262_ops_trace.csv,decode,14,155,8,PIM1,pim,7,"Q:1,K:1,V:1,QK:1,Softmax:1,SV:1,O:1",2.5571697265469595e-05,2.1757e-05,pim|decode|14|9c4e6c099d863efd94751a80c7e404c5,14,sample_step,0.00030686036718563514,0.00026108399999999997,-3.8146972654695966e-06,0.8508234621320688,-4.577636718563517e-05,0.8508234621320688
attn_on_pim_prefill-128xdecode_262_ops_trace.csv,decode,14,155,9,GPU0,npu,12,"LN:-1,Add:-1,LN:-1,FFN_W1:0,FFN_W3:0,FFN_W1:1,FFN_W3:1,SwiGLU:0,SwiGLU:1,FFN_W2:0,FFN_W2:1,Add:-1",0.00032135900410246165,0.00037119998931884766,npu|decode|14|2ef4409498d14c672a4fbbfe6786cce6,14,sample_step,0.00385630804922954,0.0044543998718261715,4.984098521638601e-05,1.1550944102393808,0.0005980918225966317,1.1550944102393805
attn_on_pim_prefill-128xdecode_262_ops_trace.csv,decode,14,155,9,PIM0,pim,7,"Q:0,K:0,V:0,QK:0,Softmax:0,SV:0,O:0",2.5571697265469595e-05,2.1757e-05,pim|decode|14|61397802f1888ea563dd9b1ea38edd23,14,sample_step,0.00030686036718563514,0.00026108399999999997,-3.8146972654695966e-06,0.8508234621320688,-4.577636718563517e-05,0.8508234621320688
attn_on_pim_prefill-128xdecode_262_ops_trace.csv,decode,14,155,9,PIM1,pim,7,"Q:1,K:1,V:1,QK:1,Softmax:1,SV:1,O:1",2.5571697265469595e-05,2.1757e-05,pim|decode|14|9c4e6c099d863efd94751a80c7e404c5,14,sample_step,0.00030686036718563514,0.00026108399999999997,-3.8146972654695966e-06,0.8508234621320688,-4.577636718563517e-05,0.8508234621320688
attn_on_pim_prefill-128xdecode_262_ops_trace.csv,decode,14,155,10,GPU0,npu,12,"LN:-1,Add:-1,LN:-1,FFN_W1:0,FFN_W3:0,FFN_W1:1,FFN_W3:1,SwiGLU:0,SwiGLU:1,FFN_W2:0,FFN_W2:1,Add:-1",0.00032135900410246165,0.00037119998931884766,npu|decode|14|2ef4409498d14c672a4fbbfe6786cce6,14,sample_step,0.00385630804922954,0.0044543998718261715,4.984098521638601e-05,1.1550944102393808,0.0005980918225966317,1.1550944102393805
attn_on_pim_prefill-128xdecode_262_ops_trace.csv,decode,14,155,10,PIM0,pim,7,"Q:0,K:0,V:0,QK:0,Softmax:0,SV:0,O:0",2.5571697265469595e-05,2.1757e-05,pim|decode|14|61397802f1888ea563dd9b1ea38edd23,14,sample_step,0.00030686036718563514,0.00026108399999999997,-3.8146972654695966e-06,0.8508234621320688,-4.577636718563517e-05,0.8508234621320688
attn_on_pim_prefill-128xdecode_262_ops_trace.csv,decode,14,155,10,PIM1,pim,7,"Q:1,K:1,V:1,QK:1,Softmax:1,SV:1,O:1",2.5571697265469595e-05,2.1757e-05,pim|decode|14|9c4e6c099d863efd94751a80c7e404c5,14,sample_step,0.00030686036718563514,0.00026108399999999997,-3.8146972654695966e-06,0.8508234621320688,-4.577636718563517e-05,0.8508234621320688
attn_on_pim_prefill-128xdecode_262_ops_trace.csv,decode,14,155,11,GPU0,npu,12,"LN:-1,Add:-1,LN:-1,FFN_W1:0,FFN_W3:0,FFN_W1:1,FFN_W3:1,SwiGLU:0,SwiGLU:1,FFN_W2:0,FFN_W2:1,Add:-1",0.00032135900410246165,0.00037119998931884766,npu|decode|14|2ef4409498d14c672a4fbbfe6786cce6,14,sample_step,0.00385630804922954,0.0044543998718261715,4.984098521638601e-05,1.1550944102393808,0.0005980918225966317,1.1550944102393805
attn_on_pim_prefill-128xdecode_262_ops_trace.csv,decode,14,155,11,PIM0,pim,7,"Q:0,K:0,V:0,QK:0,Softmax:0,SV:0,O:0",2.5571697265469595e-05,2.1757e-05,pim|decode|14|61397802f1888ea563dd9b1ea38edd23,14,sample_step,0.00030686036718563514,0.00026108399999999997,-3.8146972654695966e-06,0.8508234621320688,-4.577636718563517e-05,0.8508234621320688
attn_on_pim_prefill-128xdecode_262_ops_trace.csv,decode,14,155,11,PIM1,pim,7,"Q:1,K:1,V:1,QK:1,Softmax:1,SV:1,O:1",2.5571697265469595e-05,2.1757e-05,pim|decode|14|9c4e6c099d863efd94751a80c7e404c5,14,sample_step,0.00030686036718563514,0.00026108399999999997,-3.8146972654695966e-06,0.8508234621320688,-4.577636718563517e-05,0.8508234621320688
attn_on_pim_prefill-128xdecode_262_ops_trace.csv,decode,14,155,12,GPU0,npu,12,"LN:-1,Add:-1,LN:-1,FFN_W1:0,FFN_W3:0,FFN_W1:1,FFN_W3:1,SwiGLU:0,SwiGLU:1,FFN_W2:0,FFN_W2:1,Add:-1",0.00032135900410246165,0.00037119998931884766,npu|decode|14|2ef4409498d14c672a4fbbfe6786cce6,14,sample_step,0.00385630804922954,0.0044543998718261715,4.984098521638601e-05,1.1550944102393808,0.0005980918225966317,1.1550944102393805
attn_on_pim_prefill-128xdecode_262_ops_trace.csv,decode,14,155,12,PIM0,pim,7,"Q:0,K:0,V:0,QK:0,Softmax:0,SV:0,O:0",2.5571697265469595e-05,2.1757e-05,pim|decode|14|61397802f1888ea563dd9b1ea38edd23,14,sample_step,0.00030686036718563514,0.00026108399999999997,-3.8146972654695966e-06,0.8508234621320688,-4.577636718563517e-05,0.8508234621320688
attn_on_pim_prefill-128xdecode_262_ops_trace.csv,decode,14,155,12,PIM1,pim,7,"Q:1,K:1,V:1,QK:1,Softmax:1,SV:1,O:1",2.5571697265469595e-05,2.1757e-05,pim|decode|14|9c4e6c099d863efd94751a80c7e404c5,14,sample_step,0.00030686036718563514,0.00026108399999999997,-3.8146972654695966e-06,0.8508234621320688,-4.577636718563517e-05,0.8508234621320688
attn_on_pim_prefill-128xdecode_262_ops_trace.csv,decode,14,155,13,GPU0,npu,12,"LN:-1,Add:-1,LN:-1,FFN_W1:0,FFN_W3:0,FFN_W1:1,FFN_W3:1,SwiGLU:0,SwiGLU:1,FFN_W2:0,FFN_W2:1,Add:-1",0.00032135900410246165,0.00037119998931884766,npu|decode|14|2ef4409498d14c672a4fbbfe6786cce6,14,sample_step,0.00385630804922954,0.0044543998718261715,4.984098521638601e-05,1.1550944102393808,0.0005980918225966317,1.1550944102393805
attn_on_pim_prefill-128xdecode_262_ops_trace.csv,decode,14,155,13,PIM0,pim,7,"Q:0,K:0,V:0,QK:0,Softmax:0,SV:0,O:0",2.5571697265469595e-05,2.1757e-05,pim|decode|14|61397802f1888ea563dd9b1ea38edd23,14,sample_step,0.00030686036718563514,0.00026108399999999997,-3.8146972654695966e-06,0.8508234621320688,-4.577636718563517e-05,0.8508234621320688
attn_on_pim_prefill-128xdecode_262_ops_trace.csv,decode,14,155,13,PIM1,pim,7,"Q:1,K:1,V:1,QK:1,Softmax:1,SV:1,O:1",2.5571697265469595e-05,2.1757e-05,pim|decode|14|9c4e6c099d863efd94751a80c7e404c5,14,sample_step,0.00030686036718563514,0.00026108399999999997,-3.8146972654695966e-06,0.8508234621320688,-4.577636718563517e-05,0.8508234621320688
attn_on_pim_prefill-128xdecode_262_ops_trace.csv,decode,14,155,14,GPU0,npu,12,"LN:-1,Add:-1,LN:-1,FFN_W1:0,FFN_W3:0,FFN_W1:1,FFN_W3:1,SwiGLU:0,SwiGLU:1,FFN_W2:0,FFN_W2:1,Add:-1",0.00032135900410246165,0.00037119998931884766,npu|decode|14|2ef4409498d14c672a4fbbfe6786cce6,14,sample_step,0.00385630804922954,0.0044543998718261715,4.984098521638601e-05,1.1550944102393808,0.0005980918225966317,1.1550944102393805
attn_on_pim_prefill-128xdecode_262_ops_trace.csv,decode,14,155,14,PIM0,pim,7,"Q:0,K:0,V:0,QK:0,Softmax:0,SV:0,O:0",2.5571697265469595e-05,2.1757e-05,pim|decode|14|61397802f1888ea563dd9b1ea38edd23,14,sample_step,0.00030686036718563514,0.00026108399999999997,-3.8146972654695966e-06,0.8508234621320688,-4.577636718563517e-05,0.8508234621320688
attn_on_pim_prefill-128xdecode_262_ops_trace.csv,decode,14,155,14,PIM1,pim,7,"Q:1,K:1,V:1,QK:1,Softmax:1,SV:1,O:1",2.5571697265469595e-05,2.1757e-05,pim|decode|14|9c4e6c099d863efd94751a80c7e404c5,14,sample_step,0.00030686036718563514,0.00026108399999999997,-3.8146972654695966e-06,0.8508234621320688,-4.577636718563517e-05,0.8508234621320688
attn_on_pim_prefill-128xdecode_262_ops_trace.csv,decode,14,155,15,GPU0,npu,12,"LN:-1,Add:-1,LN:-1,FFN_W1:0,FFN_W3:0,FFN_W1:1,FFN_W3:1,SwiGLU:0,SwiGLU:1,FFN_W2:0,FFN_W2:1,Add:-1",0.00032135900410246165,0.00037119998931884766,npu|decode|14|2ef4409498d14c672a4fbbfe6786cce6,14,sample_step,0.00385630804922954,0.0044543998718261715,4.984098521638601e-05,1.1550944102393808,0.0005980918225966317,1.1550944102393805
attn_on_pim_prefill-128xdecode_262_ops_trace.csv,decode,14,155,15,PIM0,pim,7,"Q:0,K:0,V:0,QK:0,Softmax:0,SV:0,O:0",2.5571697265469595e-05,2.1757e-05,pim|decode|14|61397802f1888ea563dd9b1ea38edd23,14,sample_step,0.00030686036718563514,0.00026108399999999997,-3.8146972654695966e-06,0.8508234621320688,-4.577636718563517e-05,0.8508234621320688
attn_on_pim_prefill-128xdecode_262_ops_trace.csv,decode,14,155,15,PIM1,pim,7,"Q:1,K:1,V:1,QK:1,Softmax:1,SV:1,O:1",2.5571697265469595e-05,2.1757e-05,pim|decode|14|9c4e6c099d863efd94751a80c7e404c5,14,sample_step,0.00030686036718563514,0.00026108399999999997,-3.8146972654695966e-06,0.8508234621320688,-4.577636718563517e-05,0.8508234621320688
attn_on_pim_prefill-128xdecode_262_ops_trace.csv,decode,14,155,16,GPU0,npu,12,"LN:-1,Add:-1,LN:-1,FFN_W1:0,FFN_W3:0,FFN_W1:1,FFN_W3:1,SwiGLU:0,SwiGLU:1,FFN_W2:0,FFN_W2:1,Add:-1",0.00032135900410246165,0.00037119998931884766,npu|decode|14|2ef4409498d14c672a4fbbfe6786cce6,14,sample_step,0.00385630804922954,0.0044543998718261715,4.984098521638601e-05,1.1550944102393808,0.0005980918225966317,1.1550944102393805
attn_on_pim_prefill-128xdecode_262_ops_trace.csv,decode,14,155,16,PIM0,pim,7,"Q:0,K:0,V:0,QK:0,Softmax:0,SV:0,O:0",2.5571697265469595e-05,2.1757e-05,pim|decode|14|61397802f1888ea563dd9b1ea38edd23,14,sample_step,0.00030686036718563514,0.00026108399999999997,-3.8146972654695966e-06,0.8508234621320688,-4.577636718563517e-05,0.8508234621320688
attn_on_pim_prefill-128xdecode_262_ops_trace.csv,decode,14,155,16,PIM1,pim,7,"Q:1,K:1,V:1,QK:1,Softmax:1,SV:1,O:1",2.5571697265469595e-05,2.1757e-05,pim|decode|14|9c4e6c099d863efd94751a80c7e404c5,14,sample_step,0.00030686036718563514,0.00026108399999999997,-3.8146972654695966e-06,0.8508234621320688,-4.577636718563517e-05,0.8508234621320688
attn_on_pim_prefill-128xdecode_262_ops_trace.csv,decode,14,155,17,GPU0,npu,12,"LN:-1,Add:-1,LN:-1,FFN_W1:0,FFN_W3:0,FFN_W1:1,FFN_W3:1,SwiGLU:0,SwiGLU:1,FFN_W2:0,FFN_W2:1,Add:-1",0.00032135900410246165,0.00037119998931884766,npu|decode|14|2ef4409498d14c672a4fbbfe6786cce6,14,sample_step,0.00385630804922954,0.0044543998718261715,4.984098521638601e-05,1.1550944102393808,0.0005980918225966317,1.1550944102393805
attn_on_pim_prefill-128xdecode_262_ops_trace.csv,decode,14,155,17,PIM0,pim,7,"Q:0,K:0,V:0,QK:0,Softmax:0,SV:0,O:0",2.5571697265469595e-05,2.1757e-05,pim|decode|14|61397802f1888ea563dd9b1ea38edd23,14,sample_step,0.00030686036718563514,0.00026108399999999997,-3.8146972654695966e-06,0.8508234621320688,-4.577636718563517e-05,0.8508234621320688
attn_on_pim_prefill-128xdecode_262_ops_trace.csv,decode,14,155,17,PIM1,pim,7,"Q:1,K:1,V:1,QK:1,Softmax:1,SV:1,O:1",2.5571697265469595e-05,2.1757e-05,pim|decode|14|9c4e6c099d863efd94751a80c7e404c5,14,sample_step,0.00030686036718563514,0.00026108399999999997,-3.8146972654695966e-06,0.8508234621320688,-4.577636718563517e-05,0.8508234621320688
attn_on_pim_prefill-128xdecode_262_ops_trace.csv,decode,14,155,18,GPU0,npu,12,"LN:-1,Add:-1,LN:-1,FFN_W1:0,FFN_W3:0,FFN_W1:1,FFN_W3:1,SwiGLU:0,SwiGLU:1,FFN_W2:0,FFN_W2:1,Add:-1",0.00032135900410246165,0.00037119998931884766,npu|decode|14|2ef4409498d14c672a4fbbfe6786cce6,14,sample_step,0.00385630804922954,0.0044543998718261715,4.984098521638601e-05,1.1550944102393808,0.0005980918225966317,1.1550944102393805
attn_on_pim_prefill-128xdecode_262_ops_trace.csv,decode,14,155,18,PIM0,pim,7,"Q:0,K:0,V:0,QK:0,Softmax:0,SV:0,O:0",2.5571697265469595e-05,2.1757e-05,pim|decode|14|61397802f1888ea563dd9b1ea38edd23,14,sample_step,0.00030686036718563514,0.00026108399999999997,-3.8146972654695966e-06,0.8508234621320688,-4.577636718563517e-05,0.8508234621320688
attn_on_pim_prefill-128xdecode_262_ops_trace.csv,decode,14,155,18,PIM1,pim,7,"Q:1,K:1,V:1,QK:1,Softmax:1,SV:1,O:1",2.5571697265469595e-05,2.1757e-05,pim|decode|14|9c4e6c099d863efd94751a80c7e404c5,14,sample_step,0.00030686036718563514,0.00026108399999999997,-3.8146972654695966e-06,0.8508234621320688,-4.577636718563517e-05,0.8508234621320688
attn_on_pim_prefill-128xdecode_262_ops_trace.csv,decode,14,155,19,GPU0,npu,12,"LN:-1,Add:-1,LN:-1,FFN_W1:0,FFN_W3:0,FFN_W1:1,FFN_W3:1,SwiGLU:0,SwiGLU:1,FFN_W2:0,FFN_W2:1,Add:-1",0.00032135900410246165,0.00037119998931884766,npu|decode|14|2ef4409498d14c672a4fbbfe6786cce6,14,sample_step,0.00385630804922954,0.0044543998718261715,4.984098521638601e-05,1.1550944102393808,0.0005980918225966317,1.1550944102393805
attn_on_pim_prefill-128xdecode_262_ops_trace.csv,decode,14,155,19,PIM0,pim,7,"Q:0,K:0,V:0,QK:0,Softmax:0,SV:0,O:0",2.5571697265469595e-05,2.1757e-05,pim|decode|14|61397802f1888ea563dd9b1ea38edd23,14,sample_step,0.00030686036718563514,0.00026108399999999997,-3.8146972654695966e-06,0.8508234621320688,-4.577636718563517e-05,0.8508234621320688
attn_on_pim_prefill-128xdecode_262_ops_trace.csv,decode,14,155,19,PIM1,pim,7,"Q:1,K:1,V:1,QK:1,Softmax:1,SV:1,O:1",2.5571697265469595e-05,2.1757e-05,pim|decode|14|9c4e6c099d863efd94751a80c7e404c5,14,sample_step,0.00030686036718563514,0.00026108399999999997,-3.8146972654695966e-06,0.8508234621320688,-4.577636718563517e-05,0.8508234621320688
attn_on_pim_prefill-128xdecode_262_ops_trace.csv,decode,14,155,20,GPU0,npu,12,"LN:-1,Add:-1,LN:-1,FFN_W1:0,FFN_W3:0,FFN_W1:1,FFN_W3:1,SwiGLU:0,SwiGLU:1,FFN_W2:0,FFN_W2:1,Add:-1",0.00032135900410246165,0.00037119998931884766,npu|decode|14|2ef4409498d14c672a4fbbfe6786cce6,14,sample_step,0.00385630804922954,0.0044543998718261715,4.984098521638601e-05,1.1550944102393808,0.0005980918225966317,1.1550944102393805
attn_on_pim_prefill-128xdecode_262_ops_trace.csv,decode,14,155,20,PIM0,pim,7,"Q:0,K:0,V:0,QK:0,Softmax:0,SV:0,O:0",2.5571697265469595e-05,2.1757e-05,pim|decode|14|61397802f1888ea563dd9b1ea38edd23,14,sample_step,0.00030686036718563514,0.00026108399999999997,-3.8146972654695966e-06,0.8508234621320688,-4.577636718563517e-05,0.8508234621320688
attn_on_pim_prefill-128xdecode_262_ops_trace.csv,decode,14,155,20,PIM1,pim,7,"Q:1,K:1,V:1,QK:1,Softmax:1,SV:1,O:1",2.5571697265469595e-05,2.1757e-05,pim|decode|14|9c4e6c099d863efd94751a80c7e404c5,14,sample_step,0.00030686036718563514,0.00026108399999999997,-3.8146972654695966e-06,0.8508234621320688,-4.577636718563517e-05,0.8508234621320688
attn_on_pim_prefill-128xdecode_262_ops_trace.csv,decode,14,155,21,GPU0,npu,12,"LN:-1,Add:-1,LN:-1,FFN_W1:0,FFN_W3:0,FFN_W1:1,FFN_W3:1,SwiGLU:0,SwiGLU:1,FFN_W2:0,FFN_W2:1,Add:-1",0.00032135900410246165,0.00037119998931884766,npu|decode|14|2ef4409498d14c672a4fbbfe6786cce6,14,sample_step,0.00385630804922954,0.0044543998718261715,4.984098521638601e-05,1.1550944102393808,0.0005980918225966317,1.1550944102393805
attn_on_pim_prefill-128xdecode_262_ops_trace.csv,decode,14,155,21,PIM0,pim,7,"Q:0,K:0,V:0,QK:0,Softmax:0,SV:0,O:0",2.5571697265469595e-05,2.1757e-05,pim|decode|14|61397802f1888ea563dd9b1ea38edd23,14,sample_step,0.00030686036718563514,0.00026108399999999997,-3.8146972654695966e-06,0.8508234621320688,-4.577636718563517e-05,0.8508234621320688
attn_on_pim_prefill-128xdecode_262_ops_trace.csv,decode,14,155,21,PIM1,pim,7,"Q:1,K:1,V:1,QK:1,Softmax:1,SV:1,O:1",2.5571697265469595e-05,2.1757e-05,pim|decode|14|9c4e6c099d863efd94751a80c7e404c5,14,sample_step,0.00030686036718563514,0.00026108399999999997,-3.8146972654695966e-06,0.8508234621320688,-4.577636718563517e-05,0.8508234621320688
attn_on_pim_prefill-128xdecode_262_ops_trace.csv,decode,14,155,22,GPU0,npu,12,"LN:-1,Add:-1,LN:-1,FFN_W1:0,FFN_W3:0,FFN_W1:1,FFN_W3:1,SwiGLU:0,SwiGLU:1,FFN_W2:0,FFN_W2:1,Add:-1",0.00032135900410246165,0.00037119998931884766,npu|decode|14|2ef4409498d14c672a4fbbfe6786cce6,14,sample_step,0.00385630804922954,0.0044543998718261715,4.984098521638601e-05,1.1550944102393808,0.0005980918225966317,1.1550944102393805
attn_on_pim_prefill-128xdecode_262_ops_trace.csv,decode,14,155,22,PIM0,pim,7,"Q:0,K:0,V:0,QK:0,Softmax:0,SV:0,O:0",2.5571697265469595e-05,2.1757e-05,pim|decode|14|61397802f1888ea563dd9b1ea38edd23,14,sample_step,0.00030686036718563514,0.00026108399999999997,-3.8146972654695966e-06,0.8508234621320688,-4.577636718563517e-05,0.8508234621320688
attn_on_pim_prefill-128xdecode_262_ops_trace.csv,decode,14,155,22,PIM1,pim,7,"Q:1,K:1,V:1,QK:1,Softmax:1,SV:1,O:1",2.5571697265469595e-05,2.1757e-05,pim|decode|14|9c4e6c099d863efd94751a80c7e404c5,14,sample_step,0.00030686036718563514,0.00026108399999999997,-3.8146972654695966e-06,0.8508234621320688,-4.577636718563517e-05,0.8508234621320688
attn_on_pim_prefill-128xdecode_262_ops_trace.csv,decode,14,155,23,GPU0,npu,12,"LN:-1,Add:-1,LN:-1,FFN_W1:0,FFN_W3:0,FFN_W1:1,FFN_W3:1,SwiGLU:0,SwiGLU:1,FFN_W2:0,FFN_W2:1,Add:-1",0.00032135900410246165,0.00037119998931884766,npu|decode|14|2ef4409498d14c672a4fbbfe6786cce6,14,sample_step,0.00385630804922954,0.0044543998718261715,4.984098521638601e-05,1.1550944102393808,0.0005980918225966317,1.1550944102393805
attn_on_pim_prefill-128xdecode_262_ops_trace.csv,decode,14,155,23,PIM0,pim,7,"Q:0,K:0,V:0,QK:0,Softmax:0,SV:0,O:0",2.5571697265469595e-05,2.1757e-05,pim|decode|14|61397802f1888ea563dd9b1ea38edd23,14,sample_step,0.00030686036718563514,0.00026108399999999997,-3.8146972654695966e-06,0.8508234621320688,-4.577636718563517e-05,0.8508234621320688
attn_on_pim_prefill-128xdecode_262_ops_trace.csv,decode,14,155,23,PIM1,pim,7,"Q:1,K:1,V:1,QK:1,Softmax:1,SV:1,O:1",2.5571697265469595e-05,2.1757e-05,pim|decode|14|9c4e6c099d863efd94751a80c7e404c5,14,sample_step,0.00030686036718563514,0.00026108399999999997,-3.8146972654695966e-06,0.8508234621320688,-4.577636718563517e-05,0.8508234621320688
attn_on_pim_prefill-128xdecode_262_ops_trace.csv,decode,14,155,24,GPU0,npu,12,"LN:-1,Add:-1,LN:-1,FFN_W1:0,FFN_W3:0,FFN_W1:1,FFN_W3:1,SwiGLU:0,SwiGLU:1,FFN_W2:0,FFN_W2:1,Add:-1",0.00032135900410246165,0.00037119998931884766,npu|decode|14|2ef4409498d14c672a4fbbfe6786cce6,14,sample_step,0.00385630804922954,0.0044543998718261715,4.984098521638601e-05,1.1550944102393808,0.0005980918225966317,1.1550944102393805
attn_on_pim_prefill-128xdecode_262_ops_trace.csv,decode,14,155,24,PIM0,pim,7,"Q:0,K:0,V:0,QK:0,Softmax:0,SV:0,O:0",2.5571697265469595e-05,2.1757e-05,pim|decode|14|61397802f1888ea563dd9b1ea38edd23,14,sample_step,0.00030686036718563514,0.00026108399999999997,-3.8146972654695966e-06,0.8508234621320688,-4.577636718563517e-05,0.8508234621320688
attn_on_pim_prefill-128xdecode_262_ops_trace.csv,decode,14,155,24,PIM1,pim,7,"Q:1,K:1,V:1,QK:1,Softmax:1,SV:1,O:1",2.5571697265469595e-05,2.1757e-05,pim|decode|14|9c4e6c099d863efd94751a80c7e404c5,14,sample_step,0.00030686036718563514,0.00026108399999999997,-3.8146972654695966e-06,0.8508234621320688,-4.577636718563517e-05,0.8508234621320688
attn_on_pim_prefill-128xdecode_262_ops_trace.csv,decode,14,155,25,GPU0,npu,12,"LN:-1,Add:-1,LN:-1,FFN_W1:0,FFN_W3:0,FFN_W1:1,FFN_W3:1,SwiGLU:0,SwiGLU:1,FFN_W2:0,FFN_W2:1,Add:-1",0.00032135900410246165,0.00037119998931884766,npu|decode|14|2ef4409498d14c672a4fbbfe6786cce6,14,sample_step,0.00385630804922954,0.0044543998718261715,4.984098521638601e-05,1.1550944102393808,0.0005980918225966317,1.1550944102393805
attn_on_pim_prefill-128xdecode_262_ops_trace.csv,decode,14,155,25,PIM0,pim,7,"Q:0,K:0,V:0,QK:0,Softmax:0,SV:0,O:0",2.5571697265469595e-05,2.1757e-05,pim|decode|14|61397802f1888ea563dd9b1ea38edd23,14,sample_step,0.00030686036718563514,0.00026108399999999997,-3.8146972654695966e-06,0.8508234621320688,-4.577636718563517e-05,0.8508234621320688
attn_on_pim_prefill-128xdecode_262_ops_trace.csv,decode,14,155,25,PIM1,pim,7,"Q:1,K:1,V:1,QK:1,Softmax:1,SV:1,O:1",2.5571697265469595e-05,2.1757e-05,pim|decode|14|9c4e6c099d863efd94751a80c7e404c5,14,sample_step,0.00030686036718563514,0.00026108399999999997,-3.8146972654695966e-06,0.8508234621320688,-4.577636718563517e-05,0.8508234621320688
attn_on_pim_prefill-128xdecode_262_ops_trace.csv,decode,14,155,26,GPU0,npu,12,"LN:-1,Add:-1,LN:-1,FFN_W1:0,FFN_W3:0,FFN_W1:1,FFN_W3:1,SwiGLU:0,SwiGLU:1,FFN_W2:0,FFN_W2:1,Add:-1",0.00032135900410246165,0.00037119998931884766,npu|decode|14|2ef4409498d14c672a4fbbfe6786cce6,14,sample_step,0.00385630804922954,0.0044543998718261715,4.984098521638601e-05,1.1550944102393808,0.0005980918225966317,1.1550944102393805
attn_on_pim_prefill-128xdecode_262_ops_trace.csv,decode,14,155,26,PIM0,pim,7,"Q:0,K:0,V:0,QK:0,Softmax:0,SV:0,O:0",2.5571697265469595e-05,2.1757e-05,pim|decode|14|61397802f1888ea563dd9b1ea38edd23,14,sample_step,0.00030686036718563514,0.00026108399999999997,-3.8146972654695966e-06,0.8508234621320688,-4.577636718563517e-05,0.8508234621320688
attn_on_pim_prefill-128xdecode_262_ops_trace.csv,decode,14,155,26,PIM1,pim,7,"Q:1,K:1,V:1,QK:1,Softmax:1,SV:1,O:1",2.5571697265469595e-05,2.1757e-05,pim|decode|14|9c4e6c099d863efd94751a80c7e404c5,14,sample_step,0.00030686036718563514,0.00026108399999999997,-3.8146972654695966e-06,0.8508234621320688,-4.577636718563517e-05,0.8508234621320688
attn_on_pim_prefill-128xdecode_262_ops_trace.csv,decode,14,155,27,GPU0,npu,12,"LN:-1,Add:-1,LN:-1,FFN_W1:0,FFN_W3:0,FFN_W1:1,FFN_W3:1,SwiGLU:0,SwiGLU:1,FFN_W2:0,FFN_W2:1,Add:-1",0.00032135900410246165,0.00037119998931884766,npu|decode|14|2ef4409498d14c672a4fbbfe6786cce6,14,sample_step,0.00385630804922954,0.0044543998718261715,4.984098521638601e-05,1.1550944102393808,0.0005980918225966317,1.1550944102393805
attn_on_pim_prefill-128xdecode_262_ops_trace.csv,decode,14,155,27,PIM0,pim,7,"Q:0,K:0,V:0,QK:0,Softmax:0,SV:0,O:0",2.5571697265469595e-05,2.1757e-05,pim|decode|14|61397802f1888ea563dd9b1ea38edd23,14,sample_step,0.00030686036718563514,0.00026108399999999997,-3.8146972654695966e-06,0.8508234621320688,-4.577636718563517e-05,0.8508234621320688
attn_on_pim_prefill-128xdecode_262_ops_trace.csv,decode,14,155,27,PIM1,pim,7,"Q:1,K:1,V:1,QK:1,Softmax:1,SV:1,O:1",2.5571697265469595e-05,2.1757e-05,pim|decode|14|9c4e6c099d863efd94751a80c7e404c5,14,sample_step,0.00030686036718563514,0.00026108399999999997,-3.8146972654695966e-06,0.8508234621320688,-4.577636718563517e-05,0.8508234621320688
attn_on_pim_prefill-128xdecode_262_ops_trace.csv,decode,14,155,28,GPU0,npu,12,"LN:-1,Add:-1,LN:-1,FFN_W1:0,FFN_W3:0,FFN_W1:1,FFN_W3:1,SwiGLU:0,SwiGLU:1,FFN_W2:0,FFN_W2:1,Add:-1",0.00032135900410246165,0.00037119998931884766,npu|decode|14|2ef4409498d14c672a4fbbfe6786cce6,14,sample_step,0.00385630804922954,0.0044543998718261715,4.984098521638601e-05,1.1550944102393808,0.0005980918225966317,1.1550944102393805
attn_on_pim_prefill-128xdecode_262_ops_trace.csv,decode,14,155,28,PIM0,pim,7,"Q:0,K:0,V:0,QK:0,Softmax:0,SV:0,O:0",2.5571697265469595e-05,2.1757e-05,pim|decode|14|61397802f1888ea563dd9b1ea38edd23,14,sample_step,0.00030686036718563514,0.00026108399999999997,-3.8146972654695966e-06,0.8508234621320688,-4.577636718563517e-05,0.8508234621320688
attn_on_pim_prefill-128xdecode_262_ops_trace.csv,decode,14,155,28,PIM1,pim,7,"Q:1,K:1,V:1,QK:1,Softmax:1,SV:1,O:1",2.5571697265469595e-05,2.1757e-05,pim|decode|14|9c4e6c099d863efd94751a80c7e404c5,14,sample_step,0.00030686036718563514,0.00026108399999999997,-3.8146972654695966e-06,0.8508234621320688,-4.577636718563517e-05,0.8508234621320688
attn_on_pim_prefill-128xdecode_262_ops_trace.csv,decode,14,155,29,GPU0,npu,12,"LN:-1,Add:-1,LN:-1,FFN_W1:0,FFN_W3:0,FFN_W1:1,FFN_W3:1,SwiGLU:0,SwiGLU:1,FFN_W2:0,FFN_W2:1,Add:-1",0.00032135900410246165,0.00037119998931884766,npu|decode|14|2ef4409498d14c672a4fbbfe6786cce6,14,sample_step,0.00385630804922954,0.0044543998718261715,4.984098521638601e-05,1.1550944102393808,0.0005980918225966317,1.1550944102393805
attn_on_pim_prefill-128xdecode_262_ops_trace.csv,decode,14,155,29,PIM0,pim,7,"Q:0,K:0,V:0,QK:0,Softmax:0,SV:0,O:0",2.5571697265469595e-05,2.1757e-05,pim|decode|14|61397802f1888ea563dd9b1ea38edd23,14,sample_step,0.00030686036718563514,0.00026108399999999997,-3.8146972654695966e-06,0.8508234621320688,-4.577636718563517e-05,0.8508234621320688
attn_on_pim_prefill-128xdecode_262_ops_trace.csv,decode,14,155,29,PIM1,pim,7,"Q:1,K:1,V:1,QK:1,Softmax:1,SV:1,O:1",2.5571697265469595e-05,2.1757e-05,pim|decode|14|9c4e6c099d863efd94751a80c7e404c5,14,sample_step,0.00030686036718563514,0.00026108399999999997,-3.8146972654695966e-06,0.8508234621320688,-4.577636718563517e-05,0.8508234621320688
attn_on_pim_prefill-128xdecode_262_ops_trace.csv,decode,14,155,30,GPU0,npu,12,"LN:-1,Add:-1,LN:-1,FFN_W1:0,FFN_W3:0,FFN_W1:1,FFN_W3:1,SwiGLU:0,SwiGLU:1,FFN_W2:0,FFN_W2:1,Add:-1",0.00032135900410246165,0.00037119998931884766,npu|decode|14|2ef4409498d14c672a4fbbfe6786cce6,14,sample_step,0.00385630804922954,0.0044543998718261715,4.984098521638601e-05,1.1550944102393808,0.0005980918225966317,1.1550944102393805
attn_on_pim_prefill-128xdecode_262_ops_trace.csv,decode,14,155,30,PIM0,pim,7,"Q:0,K:0,V:0,QK:0,Softmax:0,SV:0,O:0",2.5571697265469595e-05,2.1757e-05,pim|decode|14|61397802f1888ea563dd9b1ea38edd23,14,sample_step,0.00030686036718563514,0.00026108399999999997,-3.8146972654695966e-06,0.8508234621320688,-4.577636718563517e-05,0.8508234621320688
attn_on_pim_prefill-128xdecode_262_ops_trace.csv,decode,14,155,30,PIM1,pim,7,"Q:1,K:1,V:1,QK:1,Softmax:1,SV:1,O:1",2.5571697265469595e-05,2.1757e-05,pim|decode|14|9c4e6c099d863efd94751a80c7e404c5,14,sample_step,0.00030686036718563514,0.00026108399999999997,-3.8146972654695966e-06,0.8508234621320688,-4.577636718563517e-05,0.8508234621320688
attn_on_pim_prefill-128xdecode_262_ops_trace.csv,decode,14,155,31,GPU0,npu,12,"LN:-1,Add:-1,LN:-1,FFN_W1:0,FFN_W3:0,FFN_W1:1,FFN_W3:1,SwiGLU:0,SwiGLU:1,FFN_W2:0,FFN_W2:1,Add:-1",0.00032135900410246165,0.00037119998931884766,npu|decode|14|2ef4409498d14c672a4fbbfe6786cce6,14,sample_step,0.00385630804922954,0.0044543998718261715,4.984098521638601e-05,1.1550944102393808,0.0005980918225966317,1.1550944102393805
attn_on_pim_prefill-128xdecode_262_ops_trace.csv,decode,14,155,31,PIM0,pim,7,"Q:0,K:0,V:0,QK:0,Softmax:0,SV:0,O:0",2.5571697265469595e-05,2.1757e-05,pim|decode|14|61397802f1888ea563dd9b1ea38edd23,14,sample_step,0.00030686036718563514,0.00026108399999999997,-3.8146972654695966e-06,0.8508234621320688,-4.577636718563517e-05,0.8508234621320688
attn_on_pim_prefill-128xdecode_262_ops_trace.csv,decode,14,155,31,PIM1,pim,7,"Q:1,K:1,V:1,QK:1,Softmax:1,SV:1,O:1",2.5571697265469595e-05,2.1757e-05,pim|decode|14|9c4e6c099d863efd94751a80c7e404c5,14,sample_step,0.00030686036718563514,0.00026108399999999997,-3.8146972654695966e-06,0.8508234621320688,-4.577636718563517e-05,0.8508234621320688
attn_on_pim_prefill-128xdecode_262_ops_trace.csv,decode,15,167,0,GPU0,npu,12,"LN:-1,Add:-1,LN:-1,FFN_W1:0,FFN_W3:0,FFN_W1:1,FFN_W3:1,SwiGLU:0,SwiGLU:1,FFN_W2:0,FFN_W2:1,Add:-1",0.00032135900410246165,0.0003718143939971924,npu|decode|15|2ef4409498d14c672a4fbbfe6786cce6,15,sample_step,0.00385630804922954,0.004461772727966309,5.0455389894730736e-05,1.1570063052555504,0.000605464678736769,1.1570063052555504
attn_on_pim_prefill-128xdecode_262_ops_trace.csv,decode,15,167,0,PIM0,pim,7,"Q:0,K:0,V:0,QK:0,Softmax:0,SV:0,O:0",2.564169726548826e-05,2.1827e-05,pim|decode|15|61397802f1888ea563dd9b1ea38edd23,15,sample_step,0.00030770036718585914,0.00026192399999999997,-3.8146972654882618e-06,0.8512307034128139,-4.577636718585917e-05,0.8512307034128138
attn_on_pim_prefill-128xdecode_262_ops_trace.csv,decode,15,167,0,PIM1,pim,7,"Q:1,K:1,V:1,QK:1,Softmax:1,SV:1,O:1",2.564169726548826e-05,2.1827e-05,pim|decode|15|9c4e6c099d863efd94751a80c7e404c5,15,sample_step,0.00030770036718585914,0.00026192399999999997,-3.8146972654882618e-06,0.8512307034128139,-4.577636718585917e-05,0.8512307034128138
attn_on_pim_prefill-128xdecode_262_ops_trace.csv,decode,15,167,1,GPU0,npu,12,"LN:-1,Add:-1,LN:-1,FFN_W1:0,FFN_W3:0,FFN_W1:1,FFN_W3:1,SwiGLU:0,SwiGLU:1,FFN_W2:0,FFN_W2:1,Add:-1",0.00032135900410246165,0.0003718143939971924,npu|decode|15|2ef4409498d14c672a4fbbfe6786cce6,15,sample_step,0.00385630804922954,0.004461772727966309,5.0455389894730736e-05,1.1570063052555504,0.000605464678736769,1.1570063052555504
attn_on_pim_prefill-128xdecode_262_ops_trace.csv,decode,15,167,1,PIM0,pim,7,"Q:0,K:0,V:0,QK:0,Softmax:0,SV:0,O:0",2.564169726548826e-05,2.1827e-05,pim|decode|15|61397802f1888ea563dd9b1ea38edd23,15,sample_step,0.00030770036718585914,0.00026192399999999997,-3.8146972654882618e-06,0.8512307034128139,-4.577636718585917e-05,0.8512307034128138
attn_on_pim_prefill-128xdecode_262_ops_trace.csv,decode,15,167,1,PIM1,pim,7,"Q:1,K:1,V:1,QK:1,Softmax:1,SV:1,O:1",2.564169726548826e-05,2.1827e-05,pim|decode|15|9c4e6c099d863efd94751a80c7e404c5,15,sample_step,0.00030770036718585914,0.00026192399999999997,-3.8146972654882618e-06,0.8512307034128139,-4.577636718585917e-05,0.8512307034128138
attn_on_pim_prefill-128xdecode_262_ops_trace.csv,decode,15,167,2,GPU0,npu,12,"LN:-1,Add:-1,LN:-1,FFN_W1:0,FFN_W3:0,FFN_W1:1,FFN_W3:1,SwiGLU:0,SwiGLU:1,FFN_W2:0,FFN_W2:1,Add:-1",0.00032135900410246165,0.0003718143939971924,npu|decode|15|2ef4409498d14c672a4fbbfe6786cce6,15,sample_step,0.00385630804922954,0.004461772727966309,5.0455389894730736e-05,1.1570063052555504,0.000605464678736769,1.1570063052555504
attn_on_pim_prefill-128xdecode_262_ops_trace.csv,decode,15,167,2,PIM0,pim,7,"Q:0,K:0,V:0,QK:0,Softmax:0,SV:0,O:0",2.564169726548826e-05,2.1827e-05,pim|decode|15|61397802f1888ea563dd9b1ea38edd23,15,sample_step,0.00030770036718585914,0.00026192399999999997,-3.8146972654882618e-06,0.8512307034128139,-4.577636718585917e-05,0.8512307034128138
attn_on_pim_prefill-128xdecode_262_ops_trace.csv,decode,15,167,2,PIM1,pim,7,"Q:1,K:1,V:1,QK:1,Softmax:1,SV:1,O:1",2.564169726548826e-05,2.1827e-05,pim|decode|15|9c4e6c099d863efd94751a80c7e404c5,15,sample_step,0.00030770036718585914,0.00026192399999999997,-3.8146972654882618e-06,0.8512307034128139,-4.577636718585917e-05,0.8512307034128138
attn_on_pim_prefill-128xdecode_262_ops_trace.csv,decode,15,167,3,GPU0,npu,12,"LN:-1,Add:-1,LN:-1,FFN_W1:0,FFN_W3:0,FFN_W1:1,FFN_W3:1,SwiGLU:0,SwiGLU:1,FFN_W2:0,FFN_W2:1,Add:-1",0.00032135900410246165,0.0003718143939971924,npu|decode|15|2ef4409498d14c672a4fbbfe6786cce6,15,sample_step,0.00385630804922954,0.004461772727966309,5.0455389894730736e-05,1.1570063052555504,0.000605464678736769,1.1570063052555504
attn_on_pim_prefill-128xdecode_262_ops_trace.csv,decode,15,167,3,PIM0,pim,7,"Q:0,K:0,V:0,QK:0,Softmax:0,SV:0,O:0",2.564169726548826e-05,2.1827e-05,pim|decode|15|61397802f1888ea563dd9b1ea38edd23,15,sample_step,0.00030770036718585914,0.00026192399999999997,-3.8146972654882618e-06,0.8512307034128139,-4.577636718585917e-05,0.8512307034128138
attn_on_pim_prefill-128xdecode_262_ops_trace.csv,decode,15,167,3,PIM1,pim,7,"Q:1,K:1,V:1,QK:1,Softmax:1,SV:1,O:1",2.564169726548826e-05,2.1827e-05,pim|decode|15|9c4e6c099d863efd94751a80c7e404c5,15,sample_step,0.00030770036718585914,0.00026192399999999997,-3.8146972654882618e-06,0.8512307034128139,-4.577636718585917e-05,0.8512307034128138
attn_on_pim_prefill-128xdecode_262_ops_trace.csv,decode,15,167,4,GPU0,npu,12,"LN:-1,Add:-1,LN:-1,FFN_W1:0,FFN_W3:0,FFN_W1:1,FFN_W3:1,SwiGLU:0,SwiGLU:1,FFN_W2:0,FFN_W2:1,Add:-1",0.00032135900410246165,0.0003718143939971924,npu|decode|15|2ef4409498d14c672a4fbbfe6786cce6,15,sample_step,0.00385630804922954,0.004461772727966309,5.0455389894730736e-05,1.1570063052555504,0.000605464678736769,1.1570063052555504
attn_on_pim_prefill-128xdecode_262_ops_trace.csv,decode,15,167,4,PIM0,pim,7,"Q:0,K:0,V:0,QK:0,Softmax:0,SV:0,O:0",2.564169726548826e-05,2.1827e-05,pim|decode|15|61397802f1888ea563dd9b1ea38edd23,15,sample_step,0.00030770036718585914,0.00026192399999999997,-3.8146972654882618e-06,0.8512307034128139,-4.577636718585917e-05,0.8512307034128138
attn_on_pim_prefill-128xdecode_262_ops_trace.csv,decode,15,167,4,PIM1,pim,7,"Q:1,K:1,V:1,QK:1,Softmax:1,SV:1,O:1",2.564169726548826e-05,2.1827e-05,pim|decode|15|9c4e6c099d863efd94751a80c7e404c5,15,sample_step,0.00030770036718585914,0.00026192399999999997,-3.8146972654882618e-06,0.8512307034128139,-4.577636718585917e-05,0.8512307034128138
attn_on_pim_prefill-128xdecode_262_ops_trace.csv,decode,15,167,5,GPU0,npu,12,"LN:-1,Add:-1,LN:-1,FFN_W1:0,FFN_W3:0,FFN_W1:1,FFN_W3:1,SwiGLU:0,SwiGLU:1,FFN_W2:0,FFN_W2:1,Add:-1",0.00032135900410246165,0.0003718143939971924,npu|decode|15|2ef4409498d14c672a4fbbfe6786cce6,15,sample_step,0.00385630804922954,0.004461772727966309,5.0455389894730736e-05,1.1570063052555504,0.000605464678736769,1.1570063052555504
attn_on_pim_prefill-128xdecode_262_ops_trace.csv,decode,15,167,5,PIM0,pim,7,"Q:0,K:0,V:0,QK:0,Softmax:0,SV:0,O:0",2.564169726548826e-05,2.1827e-05,pim|decode|15|61397802f1888ea563dd9b1ea38edd23,15,sample_step,0.00030770036718585914,0.00026192399999999997,-3.8146972654882618e-06,0.8512307034128139,-4.577636718585917e-05,0.8512307034128138
attn_on_pim_prefill-128xdecode_262_ops_trace.csv,decode,15,167,5,PIM1,pim,7,"Q:1,K:1,V:1,QK:1,Softmax:1,SV:1,O:1",2.564169726548826e-05,2.1827e-05,pim|decode|15|9c4e6c099d863efd94751a80c7e404c5,15,sample_step,0.00030770036718585914,0.00026192399999999997,-3.8146972654882618e-06,0.8512307034128139,-4.577636718585917e-05,0.8512307034128138
attn_on_pim_prefill-128xdecode_262_ops_trace.csv,decode,15,167,6,GPU0,npu,12,"LN:-1,Add:-1,LN:-1,FFN_W1:0,FFN_W3:0,FFN_W1:1,FFN_W3:1,SwiGLU:0,SwiGLU:1,FFN_W2:0,FFN_W2:1,Add:-1",0.00032135900410246165,0.0003718143939971924,npu|decode|15|2ef4409498d14c672a4fbbfe6786cce6,15,sample_step,0.00385630804922954,0.004461772727966309,5.0455389894730736e-05,1.1570063052555504,0.000605464678736769,1.1570063052555504
attn_on_pim_prefill-128xdecode_262_ops_trace.csv,decode,15,167,6,PIM0,pim,7,"Q:0,K:0,V:0,QK:0,Softmax:0,SV:0,O:0",2.564169726548826e-05,2.1827e-05,pim|decode|15|61397802f1888ea563dd9b1ea38edd23,15,sample_step,0.00030770036718585914,0.00026192399999999997,-3.8146972654882618e-06,0.8512307034128139,-4.577636718585917e-05,0.8512307034128138
attn_on_pim_prefill-128xdecode_262_ops_trace.csv,decode,15,167,6,PIM1,pim,7,"Q:1,K:1,V:1,QK:1,Softmax:1,SV:1,O:1",2.564169726548826e-05,2.1827e-05,pim|decode|15|9c4e6c099d863efd94751a80c7e404c5,15,sample_step,0.00030770036718585914,0.00026192399999999997,-3.8146972654882618e-06,0.8512307034128139,-4.577636718585917e-05,0.8512307034128138
attn_on_pim_prefill-128xdecode_262_ops_trace.csv,decode,15,167,7,GPU0,npu,12,"LN:-1,Add:-1,LN:-1,FFN_W1:0,FFN_W3:0,FFN_W1:1,FFN_W3:1,SwiGLU:0,SwiGLU:1,FFN_W2:0,FFN_W2:1,Add:-1",0.00032135900410246165,0.0003718143939971924,npu|decode|15|2ef4409498d14c672a4fbbfe6786cce6,15,sample_step,0.00385630804922954,0.004461772727966309,5.0455389894730736e-05,1.1570063052555504,0.000605464678736769,1.1570063052555504
attn_on_pim_prefill-128xdecode_262_ops_trace.csv,decode,15,167,7,PIM0,pim,7,"Q:0,K:0,V:0,QK:0,Softmax:0,SV:0,O:0",2.564169726548826e-05,2.1827e-05,pim|decode|15|61397802f1888ea563dd9b1ea38edd23,15,sample_step,0.00030770036718585914,0.00026192399999999997,-3.8146972654882618e-06,0.8512307034128139,-4.577636718585917e-05,0.8512307034128138
attn_on_pim_prefill-128xdecode_262_ops_trace.csv,decode,15,167,7,PIM1,pim,7,"Q:1,K:1,V:1,QK:1,Softmax:1,SV:1,O:1",2.564169726548826e-05,2.1827e-05,pim|decode|15|9c4e6c099d863efd94751a80c7e404c5,15,sample_step,0.00030770036718585914,0.00026192399999999997,-3.8146972654882618e-06,0.8512307034128139,-4.577636718585917e-05,0.8512307034128138
attn_on_pim_prefill-128xdecode_262_ops_trace.csv,decode,15,167,8,GPU0,npu,12,"LN:-1,Add:-1,LN:-1,FFN_W1:0,FFN_W3:0,FFN_W1:1,FFN_W3:1,SwiGLU:0,SwiGLU:1,FFN_W2:0,FFN_W2:1,Add:-1",0.00032135900410246165,0.0003718143939971924,npu|decode|15|2ef4409498d14c672a4fbbfe6786cce6,15,sample_step,0.00385630804922954,0.004461772727966309,5.0455389894730736e-05,1.1570063052555504,0.000605464678736769,1.1570063052555504
attn_on_pim_prefill-128xdecode_262_ops_trace.csv,decode,15,167,8,PIM0,pim,7,"Q:0,K:0,V:0,QK:0,Softmax:0,SV:0,O:0",2.564169726548826e-05,2.1827e-05,pim|decode|15|61397802f1888ea563dd9b1ea38edd23,15,sample_step,0.00030770036718585914,0.00026192399999999997,-3.8146972654882618e-06,0.8512307034128139,-4.577636718585917e-05,0.8512307034128138
attn_on_pim_prefill-128xdecode_262_ops_trace.csv,decode,15,167,8,PIM1,pim,7,"Q:1,K:1,V:1,QK:1,Softmax:1,SV:1,O:1",2.564169726548826e-05,2.1827e-05,pim|decode|15|9c4e6c099d863efd94751a80c7e404c5,15,sample_step,0.00030770036718585914,0.00026192399999999997,-3.8146972654882618e-06,0.8512307034128139,-4.577636718585917e-05,0.8512307034128138
attn_on_pim_prefill-128xdecode_262_ops_trace.csv,decode,15,167,9,GPU0,npu,12,"LN:-1,Add:-1,LN:-1,FFN_W1:0,FFN_W3:0,FFN_W1:1,FFN_W3:1,SwiGLU:0,SwiGLU:1,FFN_W2:0,FFN_W2:1,Add:-1",0.00032135900410246165,0.0003718143939971924,npu|decode|15|2ef4409498d14c672a4fbbfe6786cce6,15,sample_step,0.00385630804922954,0.004461772727966309,5.0455389894730736e-05,1.1570063052555504,0.000605464678736769,1.1570063052555504
attn_on_pim_prefill-128xdecode_262_ops_trace.csv,decode,15,167,9,PIM0,pim,7,"Q:0,K:0,V:0,QK:0,Softmax:0,SV:0,O:0",2.564169726548826e-05,2.1827e-05,pim|decode|15|61397802f1888ea563dd9b1ea38edd23,15,sample_step,0.00030770036718585914,0.00026192399999999997,-3.8146972654882618e-06,0.8512307034128139,-4.577636718585917e-05,0.8512307034128138
attn_on_pim_prefill-128xdecode_262_ops_trace.csv,decode,15,167,9,PIM1,pim,7,"Q:1,K:1,V:1,QK:1,Softmax:1,SV:1,O:1",2.564169726548826e-05,2.1827e-05,pim|decode|15|9c4e6c099d863efd94751a80c7e404c5,15,sample_step,0.00030770036718585914,0.00026192399999999997,-3.8146972654882618e-06,0.8512307034128139,-4.577636718585917e-05,0.8512307034128138
attn_on_pim_prefill-128xdecode_262_ops_trace.csv,decode,15,167,10,GPU0,npu,12,"LN:-1,Add:-1,LN:-1,FFN_W1:0,FFN_W3:0,FFN_W1:1,FFN_W3:1,SwiGLU:0,SwiGLU:1,FFN_W2:0,FFN_W2:1,Add:-1",0.00032135900410246165,0.0003718143939971924,npu|decode|15|2ef4409498d14c672a4fbbfe6786cce6,15,sample_step,0.00385630804922954,0.004461772727966309,5.0455389894730736e-05,1.1570063052555504,0.000605464678736769,1.1570063052555504
attn_on_pim_prefill-128xdecode_262_ops_trace.csv,decode,15,167,10,PIM0,pim,7,"Q:0,K:0,V:0,QK:0,Softmax:0,SV:0,O:0",2.564169726548826e-05,2.1827e-05,pim|decode|15|61397802f1888ea563dd9b1ea38edd23,15,sample_step,0.00030770036718585914,0.00026192399999999997,-3.8146972654882618e-06,0.8512307034128139,-4.577636718585917e-05,0.8512307034128138
attn_on_pim_prefill-128xdecode_262_ops_trace.csv,decode,15,167,10,PIM1,pim,7,"Q:1,K:1,V:1,QK:1,Softmax:1,SV:1,O:1",2.564169726548826e-05,2.1827e-05,pim|decode|15|9c4e6c099d863efd94751a80c7e404c5,15,sample_step,0.00030770036718585914,0.00026192399999999997,-3.8146972654882618e-06,0.8512307034128139,-4.577636718585917e-05,0.8512307034128138
attn_on_pim_prefill-128xdecode_262_ops_trace.csv,decode,15,167,11,GPU0,npu,12,"LN:-1,Add:-1,LN:-1,FFN_W1:0,FFN_W3:0,FFN_W1:1,FFN_W3:1,SwiGLU:0,SwiGLU:1,FFN_W2:0,FFN_W2:1,Add:-1",0.00032135900410246165,0.0003718143939971924,npu|decode|15|2ef4409498d14c672a4fbbfe6786cce6,15,sample_step,0.00385630804922954,0.004461772727966309,5.0455389894730736e-05,1.1570063052555504,0.000605464678736769,1.1570063052555504
attn_on_pim_prefill-128xdecode_262_ops_trace.csv,decode,15,167,11,PIM0,pim,7,"Q:0,K:0,V:0,QK:0,Softmax:0,SV:0,O:0",2.564169726548826e-05,2.1827e-05,pim|decode|15|61397802f1888ea563dd9b1ea38edd23,15,sample_step,0.00030770036718585914,0.00026192399999999997,-3.8146972654882618e-06,0.8512307034128139,-4.577636718585917e-05,0.8512307034128138
attn_on_pim_prefill-128xdecode_262_ops_trace.csv,decode,15,167,11,PIM1,pim,7,"Q:1,K:1,V:1,QK:1,Softmax:1,SV:1,O:1",2.564169726548826e-05,2.1827e-05,pim|decode|15|9c4e6c099d863efd94751a80c7e404c5,15,sample_step,0.00030770036718585914,0.00026192399999999997,-3.8146972654882618e-06,0.8512307034128139,-4.577636718585917e-05,0.8512307034128138
attn_on_pim_prefill-128xdecode_262_ops_trace.csv,decode,15,167,12,GPU0,npu,12,"LN:-1,Add:-1,LN:-1,FFN_W1:0,FFN_W3:0,FFN_W1:1,FFN_W3:1,SwiGLU:0,SwiGLU:1,FFN_W2:0,FFN_W2:1,Add:-1",0.00032135900410246165,0.0003718143939971924,npu|decode|15|2ef4409498d14c672a4fbbfe6786cce6,15,sample_step,0.00385630804922954,0.004461772727966309,5.0455389894730736e-05,1.1570063052555504,0.000605464678736769,1.1570063052555504
attn_on_pim_prefill-128xdecode_262_ops_trace.csv,decode,15,167,12,PIM0,pim,7,"Q:0,K:0,V:0,QK:0,Softmax:0,SV:0,O:0",2.564169726548826e-05,2.1827e-05,pim|decode|15|61397802f1888ea563dd9b1ea38edd23,15,sample_step,0.00030770036718585914,0.00026192399999999997,-3.8146972654882618e-06,0.8512307034128139,-4.577636718585917e-05,0.8512307034128138
attn_on_pim_prefill-128xdecode_262_ops_trace.csv,decode,15,167,12,PIM1,pim,7,"Q:1,K:1,V:1,QK:1,Softmax:1,SV:1,O:1",2.564169726548826e-05,2.1827e-05,pim|decode|15|9c4e6c099d863efd94751a80c7e404c5,15,sample_step,0.00030770036718585914,0.00026192399999999997,-3.8146972654882618e-06,0.8512307034128139,-4.577636718585917e-05,0.8512307034128138
attn_on_pim_prefill-128xdecode_262_ops_trace.csv,decode,15,167,13,GPU0,npu,12,"LN:-1,Add:-1,LN:-1,FFN_W1:0,FFN_W3:0,FFN_W1:1,FFN_W3:1,SwiGLU:0,SwiGLU:1,FFN_W2:0,FFN_W2:1,Add:-1",0.00032135900410246165,0.0003718143939971924,npu|decode|15|2ef4409498d14c672a4fbbfe6786cce6,15,sample_step,0.00385630804922954,0.004461772727966309,5.0455389894730736e-05,1.1570063052555504,0.000605464678736769,1.1570063052555504
attn_on_pim_prefill-128xdecode_262_ops_trace.csv,decode,15,167,13,PIM0,pim,7,"Q:0,K:0,V:0,QK:0,Softmax:0,SV:0,O:0",2.564169726548826e-05,2.1827e-05,pim|decode|15|61397802f1888ea563dd9b1ea38edd23,15,sample_step,0.00030770036718585914,0.00026192399999999997,-3.8146972654882618e-06,0.8512307034128139,-4.577636718585917e-05,0.8512307034128138
attn_on_pim_prefill-128xdecode_262_ops_trace.csv,decode,15,167,13,PIM1,pim,7,"Q:1,K:1,V:1,QK:1,Softmax:1,SV:1,O:1",2.564169726548826e-05,2.1827e-05,pim|decode|15|9c4e6c099d863efd94751a80c7e404c5,15,sample_step,0.00030770036718585914,0.00026192399999999997,-3.8146972654882618e-06,0.8512307034128139,-4.577636718585917e-05,0.8512307034128138
attn_on_pim_prefill-128xdecode_262_ops_trace.csv,decode,15,167,14,GPU0,npu,12,"LN:-1,Add:-1,LN:-1,FFN_W1:0,FFN_W3:0,FFN_W1:1,FFN_W3:1,SwiGLU:0,SwiGLU:1,FFN_W2:0,FFN_W2:1,Add:-1",0.00032135900410246165,0.0003718143939971924,npu|decode|15|2ef4409498d14c672a4fbbfe6786cce6,15,sample_step,0.00385630804922954,0.004461772727966309,5.0455389894730736e-05,1.1570063052555504,0.000605464678736769,1.1570063052555504
attn_on_pim_prefill-128xdecode_262_ops_trace.csv,decode,15,167,14,PIM0,pim,7,"Q:0,K:0,V:0,QK:0,Softmax:0,SV:0,O:0",2.564169726548826e-05,2.1827e-05,pim|decode|15|61397802f1888ea563dd9b1ea38edd23,15,sample_step,0.00030770036718585914,0.00026192399999999997,-3.8146972654882618e-06,0.8512307034128139,-4.577636718585917e-05,0.8512307034128138
attn_on_pim_prefill-128xdecode_262_ops_trace.csv,decode,15,167,14,PIM1,pim,7,"Q:1,K:1,V:1,QK:1,Softmax:1,SV:1,O:1",2.564169726548826e-05,2.1827e-05,pim|decode|15|9c4e6c099d863efd94751a80c7e404c5,15,sample_step,0.00030770036718585914,0.00026192399999999997,-3.8146972654882618e-06,0.8512307034128139,-4.577636718585917e-05,0.8512307034128138
attn_on_pim_prefill-128xdecode_262_ops_trace.csv,decode,15,167,15,GPU0,npu,12,"LN:-1,Add:-1,LN:-1,FFN_W1:0,FFN_W3:0,FFN_W1:1,FFN_W3:1,SwiGLU:0,SwiGLU:1,FFN_W2:0,FFN_W2:1,Add:-1",0.00032135900410246165,0.0003718143939971924,npu|decode|15|2ef4409498d14c672a4fbbfe6786cce6,15,sample_step,0.00385630804922954,0.004461772727966309,5.0455389894730736e-05,1.1570063052555504,0.000605464678736769,1.1570063052555504
attn_on_pim_prefill-128xdecode_262_ops_trace.csv,decode,15,167,15,PIM0,pim,7,"Q:0,K:0,V:0,QK:0,Softmax:0,SV:0,O:0",2.564169726548826e-05,2.1827e-05,pim|decode|15|61397802f1888ea563dd9b1ea38edd23,15,sample_step,0.00030770036718585914,0.00026192399999999997,-3.8146972654882618e-06,0.8512307034128139,-4.577636718585917e-05,0.8512307034128138
attn_on_pim_prefill-128xdecode_262_ops_trace.csv,decode,15,167,15,PIM1,pim,7,"Q:1,K:1,V:1,QK:1,Softmax:1,SV:1,O:1",2.564169726548826e-05,2.1827e-05,pim|decode|15|9c4e6c099d863efd94751a80c7e404c5,15,sample_step,0.00030770036718585914,0.00026192399999999997,-3.8146972654882618e-06,0.8512307034128139,-4.577636718585917e-05,0.8512307034128138
attn_on_pim_prefill-128xdecode_262_ops_trace.csv,decode,15,167,16,GPU0,npu,12,"LN:-1,Add:-1,LN:-1,FFN_W1:0,FFN_W3:0,FFN_W1:1,FFN_W3:1,SwiGLU:0,SwiGLU:1,FFN_W2:0,FFN_W2:1,Add:-1",0.00032135900410246165,0.0003718143939971924,npu|decode|15|2ef4409498d14c672a4fbbfe6786cce6,15,sample_step,0.00385630804922954,0.004461772727966309,5.0455389894730736e-05,1.1570063052555504,0.000605464678736769,1.1570063052555504
attn_on_pim_prefill-128xdecode_262_ops_trace.csv,decode,15,167,16,PIM0,pim,7,"Q:0,K:0,V:0,QK:0,Softmax:0,SV:0,O:0",2.564169726548826e-05,2.1827e-05,pim|decode|15|61397802f1888ea563dd9b1ea38edd23,15,sample_step,0.00030770036718585914,0.00026192399999999997,-3.8146972654882618e-06,0.8512307034128139,-4.577636718585917e-05,0.8512307034128138
attn_on_pim_prefill-128xdecode_262_ops_trace.csv,decode,15,167,16,PIM1,pim,7,"Q:1,K:1,V:1,QK:1,Softmax:1,SV:1,O:1",2.564169726548826e-05,2.1827e-05,pim|decode|15|9c4e6c099d863efd94751a80c7e404c5,15,sample_step,0.00030770036718585914,0.00026192399999999997,-3.8146972654882618e-06,0.8512307034128139,-4.577636718585917e-05,0.8512307034128138
attn_on_pim_prefill-128xdecode_262_ops_trace.csv,decode,15,167,17,GPU0,npu,12,"LN:-1,Add:-1,LN:-1,FFN_W1:0,FFN_W3:0,FFN_W1:1,FFN_W3:1,SwiGLU:0,SwiGLU:1,FFN_W2:0,FFN_W2:1,Add:-1",0.00032135900410246165,0.0003718143939971924,npu|decode|15|2ef4409498d14c672a4fbbfe6786cce6,15,sample_step,0.00385630804922954,0.004461772727966309,5.0455389894730736e-05,1.1570063052555504,0.000605464678736769,1.1570063052555504
attn_on_pim_prefill-128xdecode_262_ops_trace.csv,decode,15,167,17,PIM0,pim,7,"Q:0,K:0,V:0,QK:0,Softmax:0,SV:0,O:0",2.564169726548826e-05,2.1827e-05,pim|decode|15|61397802f1888ea563dd9b1ea38edd23,15,sample_step,0.00030770036718585914,0.00026192399999999997,-3.8146972654882618e-06,0.8512307034128139,-4.577636718585917e-05,0.8512307034128138
attn_on_pim_prefill-128xdecode_262_ops_trace.csv,decode,15,167,17,PIM1,pim,7,"Q:1,K:1,V:1,QK:1,Softmax:1,SV:1,O:1",2.564169726548826e-05,2.1827e-05,pim|decode|15|9c4e6c099d863efd94751a80c7e404c5,15,sample_step,0.00030770036718585914,0.00026192399999999997,-3.8146972654882618e-06,0.8512307034128139,-4.577636718585917e-05,0.8512307034128138
attn_on_pim_prefill-128xdecode_262_ops_trace.csv,decode,15,167,18,GPU0,npu,12,"LN:-1,Add:-1,LN:-1,FFN_W1:0,FFN_W3:0,FFN_W1:1,FFN_W3:1,SwiGLU:0,SwiGLU:1,FFN_W2:0,FFN_W2:1,Add:-1",0.00032135900410246165,0.0003718143939971924,npu|decode|15|2ef4409498d14c672a4fbbfe6786cce6,15,sample_step,0.00385630804922954,0.004461772727966309,5.0455389894730736e-05,1.1570063052555504,0.000605464678736769,1.1570063052555504
attn_on_pim_prefill-128xdecode_262_ops_trace.csv,decode,15,167,18,PIM0,pim,7,"Q:0,K:0,V:0,QK:0,Softmax:0,SV:0,O:0",2.564169726548826e-05,2.1827e-05,pim|decode|15|61397802f1888ea563dd9b1ea38edd23,15,sample_step,0.00030770036718585914,0.00026192399999999997,-3.8146972654882618e-06,0.8512307034128139,-4.577636718585917e-05,0.8512307034128138
attn_on_pim_prefill-128xdecode_262_ops_trace.csv,decode,15,167,18,PIM1,pim,7,"Q:1,K:1,V:1,QK:1,Softmax:1,SV:1,O:1",2.564169726548826e-05,2.1827e-05,pim|decode|15|9c4e6c099d863efd94751a80c7e404c5,15,sample_step,0.00030770036718585914,0.00026192399999999997,-3.8146972654882618e-06,0.8512307034128139,-4.577636718585917e-05,0.8512307034128138
attn_on_pim_prefill-128xdecode_262_ops_trace.csv,decode,15,167,19,GPU0,npu,12,"LN:-1,Add:-1,LN:-1,FFN_W1:0,FFN_W3:0,FFN_W1:1,FFN_W3:1,SwiGLU:0,SwiGLU:1,FFN_W2:0,FFN_W2:1,Add:-1",0.00032135900410246165,0.0003718143939971924,npu|decode|15|2ef4409498d14c672a4fbbfe6786cce6,15,sample_step,0.00385630804922954,0.004461772727966309,5.0455389894730736e-05,1.1570063052555504,0.000605464678736769,1.1570063052555504
attn_on_pim_prefill-128xdecode_262_ops_trace.csv,decode,15,167,19,PIM0,pim,7,"Q:0,K:0,V:0,QK:0,Softmax:0,SV:0,O:0",2.564169726548826e-05,2.1827e-05,pim|decode|15|61397802f1888ea563dd9b1ea38edd23,15,sample_step,0.00030770036718585914,0.00026192399999999997,-3.8146972654882618e-06,0.8512307034128139,-4.577636718585917e-05,0.8512307034128138
attn_on_pim_prefill-128xdecode_262_ops_trace.csv,decode,15,167,19,PIM1,pim,7,"Q:1,K:1,V:1,QK:1,Softmax:1,SV:1,O:1",2.564169726548826e-05,2.1827e-05,pim|decode|15|9c4e6c099d863efd94751a80c7e404c5,15,sample_step,0.00030770036718585914,0.00026192399999999997,-3.8146972654882618e-06,0.8512307034128139,-4.577636718585917e-05,0.8512307034128138
attn_on_pim_prefill-128xdecode_262_ops_trace.csv,decode,15,167,20,GPU0,npu,12,"LN:-1,Add:-1,LN:-1,FFN_W1:0,FFN_W3:0,FFN_W1:1,FFN_W3:1,SwiGLU:0,SwiGLU:1,FFN_W2:0,FFN_W2:1,Add:-1",0.00032135900410246165,0.0003718143939971924,npu|decode|15|2ef4409498d14c672a4fbbfe6786cce6,15,sample_step,0.00385630804922954,0.004461772727966309,5.0455389894730736e-05,1.1570063052555504,0.000605464678736769,1.1570063052555504
attn_on_pim_prefill-128xdecode_262_ops_trace.csv,decode,15,167,20,PIM0,pim,7,"Q:0,K:0,V:0,QK:0,Softmax:0,SV:0,O:0",2.564169726548826e-05,2.1827e-05,pim|decode|15|61397802f1888ea563dd9b1ea38edd23,15,sample_step,0.00030770036718585914,0.00026192399999999997,-3.8146972654882618e-06,0.8512307034128139,-4.577636718585917e-05,0.8512307034128138
attn_on_pim_prefill-128xdecode_262_ops_trace.csv,decode,15,167,20,PIM1,pim,7,"Q:1,K:1,V:1,QK:1,Softmax:1,SV:1,O:1",2.564169726548826e-05,2.1827e-05,pim|decode|15|9c4e6c099d863efd94751a80c7e404c5,15,sample_step,0.00030770036718585914,0.00026192399999999997,-3.8146972654882618e-06,0.8512307034128139,-4.577636718585917e-05,0.8512307034128138
attn_on_pim_prefill-128xdecode_262_ops_trace.csv,decode,15,167,21,GPU0,npu,12,"LN:-1,Add:-1,LN:-1,FFN_W1:0,FFN_W3:0,FFN_W1:1,FFN_W3:1,SwiGLU:0,SwiGLU:1,FFN_W2:0,FFN_W2:1,Add:-1",0.00032135900410246165,0.0003718143939971924,npu|decode|15|2ef4409498d14c672a4fbbfe6786cce6,15,sample_step,0.00385630804922954,0.004461772727966309,5.0455389894730736e-05,1.1570063052555504,0.000605464678736769,1.1570063052555504
attn_on_pim_prefill-128xdecode_262_ops_trace.csv,decode,15,167,21,PIM0,pim,7,"Q:0,K:0,V:0,QK:0,Softmax:0,SV:0,O:0",2.564169726548826e-05,2.1827e-05,pim|decode|15|61397802f1888ea563dd9b1ea38edd23,15,sample_step,0.00030770036718585914,0.00026192399999999997,-3.8146972654882618e-06,0.8512307034128139,-4.577636718585917e-05,0.8512307034128138
attn_on_pim_prefill-128xdecode_262_ops_trace.csv,decode,15,167,21,PIM1,pim,7,"Q:1,K:1,V:1,QK:1,Softmax:1,SV:1,O:1",2.564169726548826e-05,2.1827e-05,pim|decode|15|9c4e6c099d863efd94751a80c7e404c5,15,sample_step,0.00030770036718585914,0.00026192399999999997,-3.8146972654882618e-06,0.8512307034128139,-4.577636718585917e-05,0.8512307034128138
attn_on_pim_prefill-128xdecode_262_ops_trace.csv,decode,15,167,22,GPU0,npu,12,"LN:-1,Add:-1,LN:-1,FFN_W1:0,FFN_W3:0,FFN_W1:1,FFN_W3:1,SwiGLU:0,SwiGLU:1,FFN_W2:0,FFN_W2:1,Add:-1",0.00032135900410246165,0.0003718143939971924,npu|decode|15|2ef4409498d14c672a4fbbfe6786cce6,15,sample_step,0.00385630804922954,0.004461772727966309,5.0455389894730736e-05,1.1570063052555504,0.000605464678736769,1.1570063052555504
attn_on_pim_prefill-128xdecode_262_ops_trace.csv,decode,15,167,22,PIM0,pim,7,"Q:0,K:0,V:0,QK:0,Softmax:0,SV:0,O:0",2.564169726548826e-05,2.1827e-05,pim|decode|15|61397802f1888ea563dd9b1ea38edd23,15,sample_step,0.00030770036718585914,0.00026192399999999997,-3.8146972654882618e-06,0.8512307034128139,-4.577636718585917e-05,0.8512307034128138
attn_on_pim_prefill-128xdecode_262_ops_trace.csv,decode,15,167,22,PIM1,pim,7,"Q:1,K:1,V:1,QK:1,Softmax:1,SV:1,O:1",2.564169726548826e-05,2.1827e-05,pim|decode|15|9c4e6c099d863efd94751a80c7e404c5,15,sample_step,0.00030770036718585914,0.00026192399999999997,-3.8146972654882618e-06,0.8512307034128139,-4.577636718585917e-05,0.8512307034128138
attn_on_pim_prefill-128xdecode_262_ops_trace.csv,decode,15,167,23,GPU0,npu,12,"LN:-1,Add:-1,LN:-1,FFN_W1:0,FFN_W3:0,FFN_W1:1,FFN_W3:1,SwiGLU:0,SwiGLU:1,FFN_W2:0,FFN_W2:1,Add:-1",0.00032135900410246165,0.0003718143939971924,npu|decode|15|2ef4409498d14c672a4fbbfe6786cce6,15,sample_step,0.00385630804922954,0.004461772727966309,5.0455389894730736e-05,1.1570063052555504,0.000605464678736769,1.1570063052555504
attn_on_pim_prefill-128xdecode_262_ops_trace.csv,decode,15,167,23,PIM0,pim,7,"Q:0,K:0,V:0,QK:0,Softmax:0,SV:0,O:0",2.564169726548826e-05,2.1827e-05,pim|decode|15|61397802f1888ea563dd9b1ea38edd23,15,sample_step,0.00030770036718585914,0.00026192399999999997,-3.8146972654882618e-06,0.8512307034128139,-4.577636718585917e-05,0.8512307034128138
attn_on_pim_prefill-128xdecode_262_ops_trace.csv,decode,15,167,23,PIM1,pim,7,"Q:1,K:1,V:1,QK:1,Softmax:1,SV:1,O:1",2.564169726548826e-05,2.1827e-05,pim|decode|15|9c4e6c099d863efd94751a80c7e404c5,15,sample_step,0.00030770036718585914,0.00026192399999999997,-3.8146972654882618e-06,0.8512307034128139,-4.577636718585917e-05,0.8512307034128138
attn_on_pim_prefill-128xdecode_262_ops_trace.csv,decode,15,167,24,GPU0,npu,12,"LN:-1,Add:-1,LN:-1,FFN_W1:0,FFN_W3:0,FFN_W1:1,FFN_W3:1,SwiGLU:0,SwiGLU:1,FFN_W2:0,FFN_W2:1,Add:-1",0.00032135900410246165,0.0003718143939971924,npu|decode|15|2ef4409498d14c672a4fbbfe6786cce6,15,sample_step,0.00385630804922954,0.004461772727966309,5.0455389894730736e-05,1.1570063052555504,0.000605464678736769,1.1570063052555504
attn_on_pim_prefill-128xdecode_262_ops_trace.csv,decode,15,167,24,PIM0,pim,7,"Q:0,K:0,V:0,QK:0,Softmax:0,SV:0,O:0",2.564169726548826e-05,2.1827e-05,pim|decode|15|61397802f1888ea563dd9b1ea38edd23,15,sample_step,0.00030770036718585914,0.00026192399999999997,-3.8146972654882618e-06,0.8512307034128139,-4.577636718585917e-05,0.8512307034128138
attn_on_pim_prefill-128xdecode_262_ops_trace.csv,decode,15,167,24,PIM1,pim,7,"Q:1,K:1,V:1,QK:1,Softmax:1,SV:1,O:1",2.564169726548826e-05,2.1827e-05,pim|decode|15|9c4e6c099d863efd94751a80c7e404c5,15,sample_step,0.00030770036718585914,0.00026192399999999997,-3.8146972654882618e-06,0.8512307034128139,-4.577636718585917e-05,0.8512307034128138
attn_on_pim_prefill-128xdecode_262_ops_trace.csv,decode,15,167,25,GPU0,npu,12,"LN:-1,Add:-1,LN:-1,FFN_W1:0,FFN_W3:0,FFN_W1:1,FFN_W3:1,SwiGLU:0,SwiGLU:1,FFN_W2:0,FFN_W2:1,Add:-1",0.00032135900410246165,0.0003718143939971924,npu|decode|15|2ef4409498d14c672a4fbbfe6786cce6,15,sample_step,0.00385630804922954,0.004461772727966309,5.0455389894730736e-05,1.1570063052555504,0.000605464678736769,1.1570063052555504
attn_on_pim_prefill-128xdecode_262_ops_trace.csv,decode,15,167,25,PIM0,pim,7,"Q:0,K:0,V:0,QK:0,Softmax:0,SV:0,O:0",2.564169726548826e-05,2.1827e-05,pim|decode|15|61397802f1888ea563dd9b1ea38edd23,15,sample_step,0.00030770036718585914,0.00026192399999999997,-3.8146972654882618e-06,0.8512307034128139,-4.577636718585917e-05,0.8512307034128138
attn_on_pim_prefill-128xdecode_262_ops_trace.csv,decode,15,167,25,PIM1,pim,7,"Q:1,K:1,V:1,QK:1,Softmax:1,SV:1,O:1",2.564169726548826e-05,2.1827e-05,pim|decode|15|9c4e6c099d863efd94751a80c7e404c5,15,sample_step,0.00030770036718585914,0.00026192399999999997,-3.8146972654882618e-06,0.8512307034128139,-4.577636718585917e-05,0.8512307034128138
attn_on_pim_prefill-128xdecode_262_ops_trace.csv,decode,15,167,26,GPU0,npu,12,"LN:-1,Add:-1,LN:-1,FFN_W1:0,FFN_W3:0,FFN_W1:1,FFN_W3:1,SwiGLU:0,SwiGLU:1,FFN_W2:0,FFN_W2:1,Add:-1",0.00032135900410246165,0.0003718143939971924,npu|decode|15|2ef4409498d14c672a4fbbfe6786cce6,15,sample_step,0.00385630804922954,0.004461772727966309,5.0455389894730736e-05,1.1570063052555504,0.000605464678736769,1.1570063052555504
attn_on_pim_prefill-128xdecode_262_ops_trace.csv,decode,15,167,26,PIM0,pim,7,"Q:0,K:0,V:0,QK:0,Softmax:0,SV:0,O:0",2.564169726548826e-05,2.1827e-05,pim|decode|15|61397802f1888ea563dd9b1ea38edd23,15,sample_step,0.00030770036718585914,0.00026192399999999997,-3.8146972654882618e-06,0.8512307034128139,-4.577636718585917e-05,0.8512307034128138
attn_on_pim_prefill-128xdecode_262_ops_trace.csv,decode,15,167,26,PIM1,pim,7,"Q:1,K:1,V:1,QK:1,Softmax:1,SV:1,O:1",2.564169726548826e-05,2.1827e-05,pim|decode|15|9c4e6c099d863efd94751a80c7e404c5,15,sample_step,0.00030770036718585914,0.00026192399999999997,-3.8146972654882618e-06,0.8512307034128139,-4.577636718585917e-05,0.8512307034128138
attn_on_pim_prefill-128xdecode_262_ops_trace.csv,decode,15,167,27,GPU0,npu,12,"LN:-1,Add:-1,LN:-1,FFN_W1:0,FFN_W3:0,FFN_W1:1,FFN_W3:1,SwiGLU:0,SwiGLU:1,FFN_W2:0,FFN_W2:1,Add:-1",0.00032135900410246165,0.0003718143939971924,npu|decode|15|2ef4409498d14c672a4fbbfe6786cce6,15,sample_step,0.00385630804922954,0.004461772727966309,5.0455389894730736e-05,1.1570063052555504,0.000605464678736769,1.1570063052555504
attn_on_pim_prefill-128xdecode_262_ops_trace.csv,decode,15,167,27,PIM0,pim,7,"Q:0,K:0,V:0,QK:0,Softmax:0,SV:0,O:0",2.564169726548826e-05,2.1827e-05,pim|decode|15|61397802f1888ea563dd9b1ea38edd23,15,sample_step,0.00030770036718585914,0.00026192399999999997,-3.8146972654882618e-06,0.8512307034128139,-4.577636718585917e-05,0.8512307034128138
attn_on_pim_prefill-128xdecode_262_ops_trace.csv,decode,15,167,27,PIM1,pim,7,"Q:1,K:1,V:1,QK:1,Softmax:1,SV:1,O:1",2.564169726548826e-05,2.1827e-05,pim|decode|15|9c4e6c099d863efd94751a80c7e404c5,15,sample_step,0.00030770036718585914,0.00026192399999999997,-3.8146972654882618e-06,0.8512307034128139,-4.577636718585917e-05,0.8512307034128138
attn_on_pim_prefill-128xdecode_262_ops_trace.csv,decode,15,167,28,GPU0,npu,12,"LN:-1,Add:-1,LN:-1,FFN_W1:0,FFN_W3:0,FFN_W1:1,FFN_W3:1,SwiGLU:0,SwiGLU:1,FFN_W2:0,FFN_W2:1,Add:-1",0.00032135900410246165,0.0003718143939971924,npu|decode|15|2ef4409498d14c672a4fbbfe6786cce6,15,sample_step,0.00385630804922954,0.004461772727966309,5.0455389894730736e-05,1.1570063052555504,0.000605464678736769,1.1570063052555504
attn_on_pim_prefill-128xdecode_262_ops_trace.csv,decode,15,167,28,PIM0,pim,7,"Q:0,K:0,V:0,QK:0,Softmax:0,SV:0,O:0",2.564169726548826e-05,2.1827e-05,pim|decode|15|61397802f1888ea563dd9b1ea38edd23,15,sample_step,0.00030770036718585914,0.00026192399999999997,-3.8146972654882618e-06,0.8512307034128139,-4.577636718585917e-05,0.8512307034128138
attn_on_pim_prefill-128xdecode_262_ops_trace.csv,decode,15,167,28,PIM1,pim,7,"Q:1,K:1,V:1,QK:1,Softmax:1,SV:1,O:1",2.564169726548826e-05,2.1827e-05,pim|decode|15|9c4e6c099d863efd94751a80c7e404c5,15,sample_step,0.00030770036718585914,0.00026192399999999997,-3.8146972654882618e-06,0.8512307034128139,-4.577636718585917e-05,0.8512307034128138
attn_on_pim_prefill-128xdecode_262_ops_trace.csv,decode,15,167,29,GPU0,npu,12,"LN:-1,Add:-1,LN:-1,FFN_W1:0,FFN_W3:0,FFN_W1:1,FFN_W3:1,SwiGLU:0,SwiGLU:1,FFN_W2:0,FFN_W2:1,Add:-1",0.00032135900410246165,0.0003718143939971924,npu|decode|15|2ef4409498d14c672a4fbbfe6786cce6,15,sample_step,0.00385630804922954,0.004461772727966309,5.0455389894730736e-05,1.1570063052555504,0.000605464678736769,1.1570063052555504
attn_on_pim_prefill-128xdecode_262_ops_trace.csv,decode,15,167,29,PIM0,pim,7,"Q:0,K:0,V:0,QK:0,Softmax:0,SV:0,O:0",2.564169726548826e-05,2.1827e-05,pim|decode|15|61397802f1888ea563dd9b1ea38edd23,15,sample_step,0.00030770036718585914,0.00026192399999999997,-3.8146972654882618e-06,0.8512307034128139,-4.577636718585917e-05,0.8512307034128138
attn_on_pim_prefill-128xdecode_262_ops_trace.csv,decode,15,167,29,PIM1,pim,7,"Q:1,K:1,V:1,QK:1,Softmax:1,SV:1,O:1",2.564169726548826e-05,2.1827e-05,pim|decode|15|9c4e6c099d863efd94751a80c7e404c5,15,sample_step,0.00030770036718585914,0.00026192399999999997,-3.8146972654882618e-06,0.8512307034128139,-4.577636718585917e-05,0.8512307034128138
attn_on_pim_prefill-128xdecode_262_ops_trace.csv,decode,15,167,30,GPU0,npu,12,"LN:-1,Add:-1,LN:-1,FFN_W1:0,FFN_W3:0,FFN_W1:1,FFN_W3:1,SwiGLU:0,SwiGLU:1,FFN_W2:0,FFN_W2:1,Add:-1",0.00032135900410246165,0.0003718143939971924,npu|decode|15|2ef4409498d14c672a4fbbfe6786cce6,15,sample_step,0.00385630804922954,0.004461772727966309,5.0455389894730736e-05,1.1570063052555504,0.000605464678736769,1.1570063052555504
attn_on_pim_prefill-128xdecode_262_ops_trace.csv,decode,15,167,30,PIM0,pim,7,"Q:0,K:0,V:0,QK:0,Softmax:0,SV:0,O:0",2.564169726548826e-05,2.1827e-05,pim|decode|15|61397802f1888ea563dd9b1ea38edd23,15,sample_step,0.00030770036718585914,0.00026192399999999997,-3.8146972654882618e-06,0.8512307034128139,-4.577636718585917e-05,0.8512307034128138
attn_on_pim_prefill-128xdecode_262_ops_trace.csv,decode,15,167,30,PIM1,pim,7,"Q:1,K:1,V:1,QK:1,Softmax:1,SV:1,O:1",2.564169726548826e-05,2.1827e-05,pim|decode|15|9c4e6c099d863efd94751a80c7e404c5,15,sample_step,0.00030770036718585914,0.00026192399999999997,-3.8146972654882618e-06,0.8512307034128139,-4.577636718585917e-05,0.8512307034128138
attn_on_pim_prefill-128xdecode_262_ops_trace.csv,decode,15,167,31,GPU0,npu,12,"LN:-1,Add:-1,LN:-1,FFN_W1:0,FFN_W3:0,FFN_W1:1,FFN_W3:1,SwiGLU:0,SwiGLU:1,FFN_W2:0,FFN_W2:1,Add:-1",0.00032135900410246165,0.0003718143939971924,npu|decode|15|2ef4409498d14c672a4fbbfe6786cce6,15,sample_step,0.00385630804922954,0.004461772727966309,5.0455389894730736e-05,1.1570063052555504,0.000605464678736769,1.1570063052555504
attn_on_pim_prefill-128xdecode_262_ops_trace.csv,decode,15,167,31,PIM0,pim,7,"Q:0,K:0,V:0,QK:0,Softmax:0,SV:0,O:0",2.564169726548826e-05,2.1827e-05,pim|decode|15|61397802f1888ea563dd9b1ea38edd23,15,sample_step,0.00030770036718585914,0.00026192399999999997,-3.8146972654882618e-06,0.8512307034128139,-4.577636718585917e-05,0.8512307034128138
attn_on_pim_prefill-128xdecode_262_ops_trace.csv,decode,15,167,31,PIM1,pim,7,"Q:1,K:1,V:1,QK:1,Softmax:1,SV:1,O:1",2.564169726548826e-05,2.1827e-05,pim|decode|15|9c4e6c099d863efd94751a80c7e404c5,15,sample_step,0.00030770036718585914,0.00026192399999999997,-3.8146972654882618e-06,0.8512307034128139,-4.577636718585917e-05,0.8512307034128138
attn_on_pim_prefill-128xdecode_262_ops_trace.csv,decode,16,179,0,GPU0,npu,12,"LN:-1,Add:-1,LN:-1,FFN_W1:0,FFN_W3:0,FFN_W1:1,FFN_W3:1,SwiGLU:0,SwiGLU:1,FFN_W2:0,FFN_W2:1,Add:-1",0.00032135900410246165,0.0003717119932174683,npu|decode|16|2ef4409498d14c672a4fbbfe6786cce6,16,sample_step,0.00385630804922954,0.00446054391860962,5.0352989115006624e-05,1.1566876560861887,0.0006042358693800799,1.1566876560861887
attn_on_pim_prefill-128xdecode_262_ops_trace.csv,decode,16,179,0,PIM0,pim,7,"Q:0,K:0,V:0,QK:0,Softmax:0,SV:0,O:0",2.5711697265506928e-05,2.1897e-05,pim|decode|16|61397802f1888ea563dd9b1ea38edd23,16,sample_step,0.00030854036718608313,0.000262764,-3.814697265506927e-06,0.8516357272678196,-4.577636718608311e-05,0.8516357272678197
attn_on_pim_prefill-128xdecode_262_ops_trace.csv,decode,16,179,0,PIM1,pim,7,"Q:1,K:1,V:1,QK:1,Softmax:1,SV:1,O:1",2.5711697265506928e-05,2.1897e-05,pim|decode|16|9c4e6c099d863efd94751a80c7e404c5,16,sample_step,0.00030854036718608313,0.000262764,-3.814697265506927e-06,0.8516357272678196,-4.577636718608311e-05,0.8516357272678197
attn_on_pim_prefill-128xdecode_262_ops_trace.csv,decode,16,179,1,GPU0,npu,12,"LN:-1,Add:-1,LN:-1,FFN_W1:0,FFN_W3:0,FFN_W1:1,FFN_W3:1,SwiGLU:0,SwiGLU:1,FFN_W2:0,FFN_W2:1,Add:-1",0.00032135900410246165,0.0003717119932174683,npu|decode|16|2ef4409498d14c672a4fbbfe6786cce6,16,sample_step,0.00385630804922954,0.00446054391860962,5.0352989115006624e-05,1.1566876560861887,0.0006042358693800799,1.1566876560861887
attn_on_pim_prefill-128xdecode_262_ops_trace.csv,decode,16,179,1,PIM0,pim,7,"Q:0,K:0,V:0,QK:0,Softmax:0,SV:0,O:0",2.5711697265506928e-05,2.1897e-05,pim|decode|16|61397802f1888ea563dd9b1ea38edd23,16,sample_step,0.00030854036718608313,0.000262764,-3.814697265506927e-06,0.8516357272678196,-4.577636718608311e-05,0.8516357272678197
attn_on_pim_prefill-128xdecode_262_ops_trace.csv,decode,16,179,1,PIM1,pim,7,"Q:1,K:1,V:1,QK:1,Softmax:1,SV:1,O:1",2.5711697265506928e-05,2.1897e-05,pim|decode|16|9c4e6c099d863efd94751a80c7e404c5,16,sample_step,0.00030854036718608313,0.000262764,-3.814697265506927e-06,0.8516357272678196,-4.577636718608311e-05,0.8516357272678197
attn_on_pim_prefill-128xdecode_262_ops_trace.csv,decode,16,179,2,GPU0,npu,12,"LN:-1,Add:-1,LN:-1,FFN_W1:0,FFN_W3:0,FFN_W1:1,FFN_W3:1,SwiGLU:0,SwiGLU:1,FFN_W2:0,FFN_W2:1,Add:-1",0.00032135900410246165,0.0003717119932174683,npu|decode|16|2ef4409498d14c672a4fbbfe6786cce6,16,sample_step,0.00385630804922954,0.00446054391860962,5.0352989115006624e-05,1.1566876560861887,0.0006042358693800799,1.1566876560861887
attn_on_pim_prefill-128xdecode_262_ops_trace.csv,decode,16,179,2,PIM0,pim,7,"Q:0,K:0,V:0,QK:0,Softmax:0,SV:0,O:0",2.5711697265506928e-05,2.1897e-05,pim|decode|16|61397802f1888ea563dd9b1ea38edd23,16,sample_step,0.00030854036718608313,0.000262764,-3.814697265506927e-06,0.8516357272678196,-4.577636718608311e-05,0.8516357272678197
attn_on_pim_prefill-128xdecode_262_ops_trace.csv,decode,16,179,2,PIM1,pim,7,"Q:1,K:1,V:1,QK:1,Softmax:1,SV:1,O:1",2.5711697265506928e-05,2.1897e-05,pim|decode|16|9c4e6c099d863efd94751a80c7e404c5,16,sample_step,0.00030854036718608313,0.000262764,-3.814697265506927e-06,0.8516357272678196,-4.577636718608311e-05,0.8516357272678197
attn_on_pim_prefill-128xdecode_262_ops_trace.csv,decode,16,179,3,GPU0,npu,12,"LN:-1,Add:-1,LN:-1,FFN_W1:0,FFN_W3:0,FFN_W1:1,FFN_W3:1,SwiGLU:0,SwiGLU:1,FFN_W2:0,FFN_W2:1,Add:-1",0.00032135900410246165,0.0003717119932174683,npu|decode|16|2ef4409498d14c672a4fbbfe6786cce6,16,sample_step,0.00385630804922954,0.00446054391860962,5.0352989115006624e-05,1.1566876560861887,0.0006042358693800799,1.1566876560861887
attn_on_pim_prefill-128xdecode_262_ops_trace.csv,decode,16,179,3,PIM0,pim,7,"Q:0,K:0,V:0,QK:0,Softmax:0,SV:0,O:0",2.5711697265506928e-05,2.1897e-05,pim|decode|16|61397802f1888ea563dd9b1ea38edd23,16,sample_step,0.00030854036718608313,0.000262764,-3.814697265506927e-06,0.8516357272678196,-4.577636718608311e-05,0.8516357272678197
attn_on_pim_prefill-128xdecode_262_ops_trace.csv,decode,16,179,3,PIM1,pim,7,"Q:1,K:1,V:1,QK:1,Softmax:1,SV:1,O:1",2.5711697265506928e-05,2.1897e-05,pim|decode|16|9c4e6c099d863efd94751a80c7e404c5,16,sample_step,0.00030854036718608313,0.000262764,-3.814697265506927e-06,0.8516357272678196,-4.577636718608311e-05,0.8516357272678197
attn_on_pim_prefill-128xdecode_262_ops_trace.csv,decode,16,179,4,GPU0,npu,12,"LN:-1,Add:-1,LN:-1,FFN_W1:0,FFN_W3:0,FFN_W1:1,FFN_W3:1,SwiGLU:0,SwiGLU:1,FFN_W2:0,FFN_W2:1,Add:-1",0.00032135900410246165,0.0003717119932174683,npu|decode|16|2ef4409498d14c672a4fbbfe6786cce6,16,sample_step,0.00385630804922954,0.00446054391860962,5.0352989115006624e-05,1.1566876560861887,0.0006042358693800799,1.1566876560861887
attn_on_pim_prefill-128xdecode_262_ops_trace.csv,decode,16,179,4,PIM0,pim,7,"Q:0,K:0,V:0,QK:0,Softmax:0,SV:0,O:0",2.5711697265506928e-05,2.1897e-05,pim|decode|16|61397802f1888ea563dd9b1ea38edd23,16,sample_step,0.00030854036718608313,0.000262764,-3.814697265506927e-06,0.8516357272678196,-4.577636718608311e-05,0.8516357272678197
attn_on_pim_prefill-128xdecode_262_ops_trace.csv,decode,16,179,4,PIM1,pim,7,"Q:1,K:1,V:1,QK:1,Softmax:1,SV:1,O:1",2.5711697265506928e-05,2.1897e-05,pim|decode|16|9c4e6c099d863efd94751a80c7e404c5,16,sample_step,0.00030854036718608313,0.000262764,-3.814697265506927e-06,0.8516357272678196,-4.577636718608311e-05,0.8516357272678197
attn_on_pim_prefill-128xdecode_262_ops_trace.csv,decode,16,179,5,GPU0,npu,12,"LN:-1,Add:-1,LN:-1,FFN_W1:0,FFN_W3:0,FFN_W1:1,FFN_W3:1,SwiGLU:0,SwiGLU:1,FFN_W2:0,FFN_W2:1,Add:-1",0.00032135900410246165,0.0003717119932174683,npu|decode|16|2ef4409498d14c672a4fbbfe6786cce6,16,sample_step,0.00385630804922954,0.00446054391860962,5.0352989115006624e-05,1.1566876560861887,0.0006042358693800799,1.1566876560861887
attn_on_pim_prefill-128xdecode_262_ops_trace.csv,decode,16,179,5,PIM0,pim,7,"Q:0,K:0,V:0,QK:0,Softmax:0,SV:0,O:0",2.5711697265506928e-05,2.1897e-05,pim|decode|16|61397802f1888ea563dd9b1ea38edd23,16,sample_step,0.00030854036718608313,0.000262764,-3.814697265506927e-06,0.8516357272678196,-4.577636718608311e-05,0.8516357272678197
attn_on_pim_prefill-128xdecode_262_ops_trace.csv,decode,16,179,5,PIM1,pim,7,"Q:1,K:1,V:1,QK:1,Softmax:1,SV:1,O:1",2.5711697265506928e-05,2.1897e-05,pim|decode|16|9c4e6c099d863efd94751a80c7e404c5,16,sample_step,0.00030854036718608313,0.000262764,-3.814697265506927e-06,0.8516357272678196,-4.577636718608311e-05,0.8516357272678197
attn_on_pim_prefill-128xdecode_262_ops_trace.csv,decode,16,179,6,GPU0,npu,12,"LN:-1,Add:-1,LN:-1,FFN_W1:0,FFN_W3:0,FFN_W1:1,FFN_W3:1,SwiGLU:0,SwiGLU:1,FFN_W2:0,FFN_W2:1,Add:-1",0.00032135900410246165,0.0003717119932174683,npu|decode|16|2ef4409498d14c672a4fbbfe6786cce6,16,sample_step,0.00385630804922954,0.00446054391860962,5.0352989115006624e-05,1.1566876560861887,0.0006042358693800799,1.1566876560861887
attn_on_pim_prefill-128xdecode_262_ops_trace.csv,decode,16,179,6,PIM0,pim,7,"Q:0,K:0,V:0,QK:0,Softmax:0,SV:0,O:0",2.5711697265506928e-05,2.1897e-05,pim|decode|16|61397802f1888ea563dd9b1ea38edd23,16,sample_step,0.00030854036718608313,0.000262764,-3.814697265506927e-06,0.8516357272678196,-4.577636718608311e-05,0.8516357272678197
attn_on_pim_prefill-128xdecode_262_ops_trace.csv,decode,16,179,6,PIM1,pim,7,"Q:1,K:1,V:1,QK:1,Softmax:1,SV:1,O:1",2.5711697265506928e-05,2.1897e-05,pim|decode|16|9c4e6c099d863efd94751a80c7e404c5,16,sample_step,0.00030854036718608313,0.000262764,-3.814697265506927e-06,0.8516357272678196,-4.577636718608311e-05,0.8516357272678197
attn_on_pim_prefill-128xdecode_262_ops_trace.csv,decode,16,179,7,GPU0,npu,12,"LN:-1,Add:-1,LN:-1,FFN_W1:0,FFN_W3:0,FFN_W1:1,FFN_W3:1,SwiGLU:0,SwiGLU:1,FFN_W2:0,FFN_W2:1,Add:-1",0.00032135900410246165,0.0003717119932174683,npu|decode|16|2ef4409498d14c672a4fbbfe6786cce6,16,sample_step,0.00385630804922954,0.00446054391860962,5.0352989115006624e-05,1.1566876560861887,0.0006042358693800799,1.1566876560861887
attn_on_pim_prefill-128xdecode_262_ops_trace.csv,decode,16,179,7,PIM0,pim,7,"Q:0,K:0,V:0,QK:0,Softmax:0,SV:0,O:0",2.5711697265506928e-05,2.1897e-05,pim|decode|16|61397802f1888ea563dd9b1ea38edd23,16,sample_step,0.00030854036718608313,0.000262764,-3.814697265506927e-06,0.8516357272678196,-4.577636718608311e-05,0.8516357272678197
attn_on_pim_prefill-128xdecode_262_ops_trace.csv,decode,16,179,7,PIM1,pim,7,"Q:1,K:1,V:1,QK:1,Softmax:1,SV:1,O:1",2.5711697265506928e-05,2.1897e-05,pim|decode|16|9c4e6c099d863efd94751a80c7e404c5,16,sample_step,0.00030854036718608313,0.000262764,-3.814697265506927e-06,0.8516357272678196,-4.577636718608311e-05,0.8516357272678197
attn_on_pim_prefill-128xdecode_262_ops_trace.csv,decode,16,179,8,GPU0,npu,12,"LN:-1,Add:-1,LN:-1,FFN_W1:0,FFN_W3:0,FFN_W1:1,FFN_W3:1,SwiGLU:0,SwiGLU:1,FFN_W2:0,FFN_W2:1,Add:-1",0.00032135900410246165,0.0003717119932174683,npu|decode|16|2ef4409498d14c672a4fbbfe6786cce6,16,sample_step,0.00385630804922954,0.00446054391860962,5.0352989115006624e-05,1.1566876560861887,0.0006042358693800799,1.1566876560861887
attn_on_pim_prefill-128xdecode_262_ops_trace.csv,decode,16,179,8,PIM0,pim,7,"Q:0,K:0,V:0,QK:0,Softmax:0,SV:0,O:0",2.5711697265506928e-05,2.1897e-05,pim|decode|16|61397802f1888ea563dd9b1ea38edd23,16,sample_step,0.00030854036718608313,0.000262764,-3.814697265506927e-06,0.8516357272678196,-4.577636718608311e-05,0.8516357272678197
attn_on_pim_prefill-128xdecode_262_ops_trace.csv,decode,16,179,8,PIM1,pim,7,"Q:1,K:1,V:1,QK:1,Softmax:1,SV:1,O:1",2.5711697265506928e-05,2.1897e-05,pim|decode|16|9c4e6c099d863efd94751a80c7e404c5,16,sample_step,0.00030854036718608313,0.000262764,-3.814697265506927e-06,0.8516357272678196,-4.577636718608311e-05,0.8516357272678197
attn_on_pim_prefill-128xdecode_262_ops_trace.csv,decode,16,179,9,GPU0,npu,12,"LN:-1,Add:-1,LN:-1,FFN_W1:0,FFN_W3:0,FFN_W1:1,FFN_W3:1,SwiGLU:0,SwiGLU:1,FFN_W2:0,FFN_W2:1,Add:-1",0.00032135900410246165,0.0003717119932174683,npu|decode|16|2ef4409498d14c672a4fbbfe6786cce6,16,sample_step,0.00385630804922954,0.00446054391860962,5.0352989115006624e-05,1.1566876560861887,0.0006042358693800799,1.1566876560861887
attn_on_pim_prefill-128xdecode_262_ops_trace.csv,decode,16,179,9,PIM0,pim,7,"Q:0,K:0,V:0,QK:0,Softmax:0,SV:0,O:0",2.5711697265506928e-05,2.1897e-05,pim|decode|16|61397802f1888ea563dd9b1ea38edd23,16,sample_step,0.00030854036718608313,0.000262764,-3.814697265506927e-06,0.8516357272678196,-4.577636718608311e-05,0.8516357272678197
attn_on_pim_prefill-128xdecode_262_ops_trace.csv,decode,16,179,9,PIM1,pim,7,"Q:1,K:1,V:1,QK:1,Softmax:1,SV:1,O:1",2.5711697265506928e-05,2.1897e-05,pim|decode|16|9c4e6c099d863efd94751a80c7e404c5,16,sample_step,0.00030854036718608313,0.000262764,-3.814697265506927e-06,0.8516357272678196,-4.577636718608311e-05,0.8516357272678197
attn_on_pim_prefill-128xdecode_262_ops_trace.csv,decode,16,179,10,GPU0,npu,12,"LN:-1,Add:-1,LN:-1,FFN_W1:0,FFN_W3:0,FFN_W1:1,FFN_W3:1,SwiGLU:0,SwiGLU:1,FFN_W2:0,FFN_W2:1,Add:-1",0.00032135900410246165,0.0003717119932174683,npu|decode|16|2ef4409498d14c672a4fbbfe6786cce6,16,sample_step,0.00385630804922954,0.00446054391860962,5.0352989115006624e-05,1.1566876560861887,0.0006042358693800799,1.1566876560861887
attn_on_pim_prefill-128xdecode_262_ops_trace.csv,decode,16,179,10,PIM0,pim,7,"Q:0,K:0,V:0,QK:0,Softmax:0,SV:0,O:0",2.5711697265506928e-05,2.1897e-05,pim|decode|16|61397802f1888ea563dd9b1ea38edd23,16,sample_step,0.00030854036718608313,0.000262764,-3.814697265506927e-06,0.8516357272678196,-4.577636718608311e-05,0.8516357272678197
attn_on_pim_prefill-128xdecode_262_ops_trace.csv,decode,16,179,10,PIM1,pim,7,"Q:1,K:1,V:1,QK:1,Softmax:1,SV:1,O:1",2.5711697265506928e-05,2.1897e-05,pim|decode|16|9c4e6c099d863efd94751a80c7e404c5,16,sample_step,0.00030854036718608313,0.000262764,-3.814697265506927e-06,0.8516357272678196,-4.577636718608311e-05,0.8516357272678197
attn_on_pim_prefill-128xdecode_262_ops_trace.csv,decode,16,179,11,GPU0,npu,12,"LN:-1,Add:-1,LN:-1,FFN_W1:0,FFN_W3:0,FFN_W1:1,FFN_W3:1,SwiGLU:0,SwiGLU:1,FFN_W2:0,FFN_W2:1,Add:-1",0.00032135900410246165,0.0003717119932174683,npu|decode|16|2ef4409498d14c672a4fbbfe6786cce6,16,sample_step,0.00385630804922954,0.00446054391860962,5.0352989115006624e-05,1.1566876560861887,0.0006042358693800799,1.1566876560861887
attn_on_pim_prefill-128xdecode_262_ops_trace.csv,decode,16,179,11,PIM0,pim,7,"Q:0,K:0,V:0,QK:0,Softmax:0,SV:0,O:0",2.5711697265506928e-05,2.1897e-05,pim|decode|16|61397802f1888ea563dd9b1ea38edd23,16,sample_step,0.00030854036718608313,0.000262764,-3.814697265506927e-06,0.8516357272678196,-4.577636718608311e-05,0.8516357272678197
attn_on_pim_prefill-128xdecode_262_ops_trace.csv,decode,16,179,11,PIM1,pim,7,"Q:1,K:1,V:1,QK:1,Softmax:1,SV:1,O:1",2.5711697265506928e-05,2.1897e-05,pim|decode|16|9c4e6c099d863efd94751a80c7e404c5,16,sample_step,0.00030854036718608313,0.000262764,-3.814697265506927e-06,0.8516357272678196,-4.577636718608311e-05,0.8516357272678197
attn_on_pim_prefill-128xdecode_262_ops_trace.csv,decode,16,179,12,GPU0,npu,12,"LN:-1,Add:-1,LN:-1,FFN_W1:0,FFN_W3:0,FFN_W1:1,FFN_W3:1,SwiGLU:0,SwiGLU:1,FFN_W2:0,FFN_W2:1,Add:-1",0.00032135900410246165,0.0003717119932174683,npu|decode|16|2ef4409498d14c672a4fbbfe6786cce6,16,sample_step,0.00385630804922954,0.00446054391860962,5.0352989115006624e-05,1.1566876560861887,0.0006042358693800799,1.1566876560861887
attn_on_pim_prefill-128xdecode_262_ops_trace.csv,decode,16,179,12,PIM0,pim,7,"Q:0,K:0,V:0,QK:0,Softmax:0,SV:0,O:0",2.5711697265506928e-05,2.1897e-05,pim|decode|16|61397802f1888ea563dd9b1ea38edd23,16,sample_step,0.00030854036718608313,0.000262764,-3.814697265506927e-06,0.8516357272678196,-4.577636718608311e-05,0.8516357272678197
attn_on_pim_prefill-128xdecode_262_ops_trace.csv,decode,16,179,12,PIM1,pim,7,"Q:1,K:1,V:1,QK:1,Softmax:1,SV:1,O:1",2.5711697265506928e-05,2.1897e-05,pim|decode|16|9c4e6c099d863efd94751a80c7e404c5,16,sample_step,0.00030854036718608313,0.000262764,-3.814697265506927e-06,0.8516357272678196,-4.577636718608311e-05,0.8516357272678197
attn_on_pim_prefill-128xdecode_262_ops_trace.csv,decode,16,179,13,GPU0,npu,12,"LN:-1,Add:-1,LN:-1,FFN_W1:0,FFN_W3:0,FFN_W1:1,FFN_W3:1,SwiGLU:0,SwiGLU:1,FFN_W2:0,FFN_W2:1,Add:-1",0.00032135900410246165,0.0003717119932174683,npu|decode|16|2ef4409498d14c672a4fbbfe6786cce6,16,sample_step,0.00385630804922954,0.00446054391860962,5.0352989115006624e-05,1.1566876560861887,0.0006042358693800799,1.1566876560861887
attn_on_pim_prefill-128xdecode_262_ops_trace.csv,decode,16,179,13,PIM0,pim,7,"Q:0,K:0,V:0,QK:0,Softmax:0,SV:0,O:0",2.5711697265506928e-05,2.1897e-05,pim|decode|16|61397802f1888ea563dd9b1ea38edd23,16,sample_step,0.00030854036718608313,0.000262764,-3.814697265506927e-06,0.8516357272678196,-4.577636718608311e-05,0.8516357272678197
attn_on_pim_prefill-128xdecode_262_ops_trace.csv,decode,16,179,13,PIM1,pim,7,"Q:1,K:1,V:1,QK:1,Softmax:1,SV:1,O:1",2.5711697265506928e-05,2.1897e-05,pim|decode|16|9c4e6c099d863efd94751a80c7e404c5,16,sample_step,0.00030854036718608313,0.000262764,-3.814697265506927e-06,0.8516357272678196,-4.577636718608311e-05,0.8516357272678197
attn_on_pim_prefill-128xdecode_262_ops_trace.csv,decode,16,179,14,GPU0,npu,12,"LN:-1,Add:-1,LN:-1,FFN_W1:0,FFN_W3:0,FFN_W1:1,FFN_W3:1,SwiGLU:0,SwiGLU:1,FFN_W2:0,FFN_W2:1,Add:-1",0.00032135900410246165,0.0003717119932174683,npu|decode|16|2ef4409498d14c672a4fbbfe6786cce6,16,sample_step,0.00385630804922954,0.00446054391860962,5.0352989115006624e-05,1.1566876560861887,0.0006042358693800799,1.1566876560861887
attn_on_pim_prefill-128xdecode_262_ops_trace.csv,decode,16,179,14,PIM0,pim,7,"Q:0,K:0,V:0,QK:0,Softmax:0,SV:0,O:0",2.5711697265506928e-05,2.1897e-05,pim|decode|16|61397802f1888ea563dd9b1ea38edd23,16,sample_step,0.00030854036718608313,0.000262764,-3.814697265506927e-06,0.8516357272678196,-4.577636718608311e-05,0.8516357272678197
attn_on_pim_prefill-128xdecode_262_ops_trace.csv,decode,16,179,14,PIM1,pim,7,"Q:1,K:1,V:1,QK:1,Softmax:1,SV:1,O:1",2.5711697265506928e-05,2.1897e-05,pim|decode|16|9c4e6c099d863efd94751a80c7e404c5,16,sample_step,0.00030854036718608313,0.000262764,-3.814697265506927e-06,0.8516357272678196,-4.577636718608311e-05,0.8516357272678197
attn_on_pim_prefill-128xdecode_262_ops_trace.csv,decode,16,179,15,GPU0,npu,12,"LN:-1,Add:-1,LN:-1,FFN_W1:0,FFN_W3:0,FFN_W1:1,FFN_W3:1,SwiGLU:0,SwiGLU:1,FFN_W2:0,FFN_W2:1,Add:-1",0.00032135900410246165,0.0003717119932174683,npu|decode|16|2ef4409498d14c672a4fbbfe6786cce6,16,sample_step,0.00385630804922954,0.00446054391860962,5.0352989115006624e-05,1.1566876560861887,0.0006042358693800799,1.1566876560861887
attn_on_pim_prefill-128xdecode_262_ops_trace.csv,decode,16,179,15,PIM0,pim,7,"Q:0,K:0,V:0,QK:0,Softmax:0,SV:0,O:0",2.5711697265506928e-05,2.1897e-05,pim|decode|16|61397802f1888ea563dd9b1ea38edd23,16,sample_step,0.00030854036718608313,0.000262764,-3.814697265506927e-06,0.8516357272678196,-4.577636718608311e-05,0.8516357272678197
attn_on_pim_prefill-128xdecode_262_ops_trace.csv,decode,16,179,15,PIM1,pim,7,"Q:1,K:1,V:1,QK:1,Softmax:1,SV:1,O:1",2.5711697265506928e-05,2.1897e-05,pim|decode|16|9c4e6c099d863efd94751a80c7e404c5,16,sample_step,0.00030854036718608313,0.000262764,-3.814697265506927e-06,0.8516357272678196,-4.577636718608311e-05,0.8516357272678197
attn_on_pim_prefill-128xdecode_262_ops_trace.csv,decode,16,179,16,GPU0,npu,12,"LN:-1,Add:-1,LN:-1,FFN_W1:0,FFN_W3:0,FFN_W1:1,FFN_W3:1,SwiGLU:0,SwiGLU:1,FFN_W2:0,FFN_W2:1,Add:-1",0.00032135900410246165,0.0003717119932174683,npu|decode|16|2ef4409498d14c672a4fbbfe6786cce6,16,sample_step,0.00385630804922954,0.00446054391860962,5.0352989115006624e-05,1.1566876560861887,0.0006042358693800799,1.1566876560861887
attn_on_pim_prefill-128xdecode_262_ops_trace.csv,decode,16,179,16,PIM0,pim,7,"Q:0,K:0,V:0,QK:0,Softmax:0,SV:0,O:0",2.5711697265506928e-05,2.1897e-05,pim|decode|16|61397802f1888ea563dd9b1ea38edd23,16,sample_step,0.00030854036718608313,0.000262764,-3.814697265506927e-06,0.8516357272678196,-4.577636718608311e-05,0.8516357272678197
attn_on_pim_prefill-128xdecode_262_ops_trace.csv,decode,16,179,16,PIM1,pim,7,"Q:1,K:1,V:1,QK:1,Softmax:1,SV:1,O:1",2.5711697265506928e-05,2.1897e-05,pim|decode|16|9c4e6c099d863efd94751a80c7e404c5,16,sample_step,0.00030854036718608313,0.000262764,-3.814697265506927e-06,0.8516357272678196,-4.577636718608311e-05,0.8516357272678197
attn_on_pim_prefill-128xdecode_262_ops_trace.csv,decode,16,179,17,GPU0,npu,12,"LN:-1,Add:-1,LN:-1,FFN_W1:0,FFN_W3:0,FFN_W1:1,FFN_W3:1,SwiGLU:0,SwiGLU:1,FFN_W2:0,FFN_W2:1,Add:-1",0.00032135900410246165,0.0003717119932174683,npu|decode|16|2ef4409498d14c672a4fbbfe6786cce6,16,sample_step,0.00385630804922954,0.00446054391860962,5.0352989115006624e-05,1.1566876560861887,0.0006042358693800799,1.1566876560861887
attn_on_pim_prefill-128xdecode_262_ops_trace.csv,decode,16,179,17,PIM0,pim,7,"Q:0,K:0,V:0,QK:0,Softmax:0,SV:0,O:0",2.5711697265506928e-05,2.1897e-05,pim|decode|16|61397802f1888ea563dd9b1ea38edd23,16,sample_step,0.00030854036718608313,0.000262764,-3.814697265506927e-06,0.8516357272678196,-4.577636718608311e-05,0.8516357272678197
attn_on_pim_prefill-128xdecode_262_ops_trace.csv,decode,16,179,17,PIM1,pim,7,"Q:1,K:1,V:1,QK:1,Softmax:1,SV:1,O:1",2.5711697265506928e-05,2.1897e-05,pim|decode|16|9c4e6c099d863efd94751a80c7e404c5,16,sample_step,0.00030854036718608313,0.000262764,-3.814697265506927e-06,0.8516357272678196,-4.577636718608311e-05,0.8516357272678197
attn_on_pim_prefill-128xdecode_262_ops_trace.csv,decode,16,179,18,GPU0,npu,12,"LN:-1,Add:-1,LN:-1,FFN_W1:0,FFN_W3:0,FFN_W1:1,FFN_W3:1,SwiGLU:0,SwiGLU:1,FFN_W2:0,FFN_W2:1,Add:-1",0.00032135900410246165,0.0003717119932174683,npu|decode|16|2ef4409498d14c672a4fbbfe6786cce6,16,sample_step,0.00385630804922954,0.00446054391860962,5.0352989115006624e-05,1.1566876560861887,0.0006042358693800799,1.1566876560861887
attn_on_pim_prefill-128xdecode_262_ops_trace.csv,decode,16,179,18,PIM0,pim,7,"Q:0,K:0,V:0,QK:0,Softmax:0,SV:0,O:0",2.5711697265506928e-05,2.1897e-05,pim|decode|16|61397802f1888ea563dd9b1ea38edd23,16,sample_step,0.00030854036718608313,0.000262764,-3.814697265506927e-06,0.8516357272678196,-4.577636718608311e-05,0.8516357272678197
attn_on_pim_prefill-128xdecode_262_ops_trace.csv,decode,16,179,18,PIM1,pim,7,"Q:1,K:1,V:1,QK:1,Softmax:1,SV:1,O:1",2.5711697265506928e-05,2.1897e-05,pim|decode|16|9c4e6c099d863efd94751a80c7e404c5,16,sample_step,0.00030854036718608313,0.000262764,-3.814697265506927e-06,0.8516357272678196,-4.577636718608311e-05,0.8516357272678197
attn_on_pim_prefill-128xdecode_262_ops_trace.csv,decode,16,179,19,GPU0,npu,12,"LN:-1,Add:-1,LN:-1,FFN_W1:0,FFN_W3:0,FFN_W1:1,FFN_W3:1,SwiGLU:0,SwiGLU:1,FFN_W2:0,FFN_W2:1,Add:-1",0.00032135900410246165,0.0003717119932174683,npu|decode|16|2ef4409498d14c672a4fbbfe6786cce6,16,sample_step,0.00385630804922954,0.00446054391860962,5.0352989115006624e-05,1.1566876560861887,0.0006042358693800799,1.1566876560861887
attn_on_pim_prefill-128xdecode_262_ops_trace.csv,decode,16,179,19,PIM0,pim,7,"Q:0,K:0,V:0,QK:0,Softmax:0,SV:0,O:0",2.5711697265506928e-05,2.1897e-05,pim|decode|16|61397802f1888ea563dd9b1ea38edd23,16,sample_step,0.00030854036718608313,0.000262764,-3.814697265506927e-06,0.8516357272678196,-4.577636718608311e-05,0.8516357272678197
attn_on_pim_prefill-128xdecode_262_ops_trace.csv,decode,16,179,19,PIM1,pim,7,"Q:1,K:1,V:1,QK:1,Softmax:1,SV:1,O:1",2.5711697265506928e-05,2.1897e-05,pim|decode|16|9c4e6c099d863efd94751a80c7e404c5,16,sample_step,0.00030854036718608313,0.000262764,-3.814697265506927e-06,0.8516357272678196,-4.577636718608311e-05,0.8516357272678197
attn_on_pim_prefill-128xdecode_262_ops_trace.csv,decode,16,179,20,GPU0,npu,12,"LN:-1,Add:-1,LN:-1,FFN_W1:0,FFN_W3:0,FFN_W1:1,FFN_W3:1,SwiGLU:0,SwiGLU:1,FFN_W2:0,FFN_W2:1,Add:-1",0.00032135900410246165,0.0003717119932174683,npu|decode|16|2ef4409498d14c672a4fbbfe6786cce6,16,sample_step,0.00385630804922954,0.00446054391860962,5.0352989115006624e-05,1.1566876560861887,0.0006042358693800799,1.1566876560861887
attn_on_pim_prefill-128xdecode_262_ops_trace.csv,decode,16,179,20,PIM0,pim,7,"Q:0,K:0,V:0,QK:0,Softmax:0,SV:0,O:0",2.5711697265506928e-05,2.1897e-05,pim|decode|16|61397802f1888ea563dd9b1ea38edd23,16,sample_step,0.00030854036718608313,0.000262764,-3.814697265506927e-06,0.8516357272678196,-4.577636718608311e-05,0.8516357272678197
attn_on_pim_prefill-128xdecode_262_ops_trace.csv,decode,16,179,20,PIM1,pim,7,"Q:1,K:1,V:1,QK:1,Softmax:1,SV:1,O:1",2.5711697265506928e-05,2.1897e-05,pim|decode|16|9c4e6c099d863efd94751a80c7e404c5,16,sample_step,0.00030854036718608313,0.000262764,-3.814697265506927e-06,0.8516357272678196,-4.577636718608311e-05,0.8516357272678197
attn_on_pim_prefill-128xdecode_262_ops_trace.csv,decode,16,179,21,GPU0,npu,12,"LN:-1,Add:-1,LN:-1,FFN_W1:0,FFN_W3:0,FFN_W1:1,FFN_W3:1,SwiGLU:0,SwiGLU:1,FFN_W2:0,FFN_W2:1,Add:-1",0.00032135900410246165,0.0003717119932174683,npu|decode|16|2ef4409498d14c672a4fbbfe6786cce6,16,sample_step,0.00385630804922954,0.00446054391860962,5.0352989115006624e-05,1.1566876560861887,0.0006042358693800799,1.1566876560861887
attn_on_pim_prefill-128xdecode_262_ops_trace.csv,decode,16,179,21,PIM0,pim,7,"Q:0,K:0,V:0,QK:0,Softmax:0,SV:0,O:0",2.5711697265506928e-05,2.1897e-05,pim|decode|16|61397802f1888ea563dd9b1ea38edd23,16,sample_step,0.00030854036718608313,0.000262764,-3.814697265506927e-06,0.8516357272678196,-4.577636718608311e-05,0.8516357272678197
attn_on_pim_prefill-128xdecode_262_ops_trace.csv,decode,16,179,21,PIM1,pim,7,"Q:1,K:1,V:1,QK:1,Softmax:1,SV:1,O:1",2.5711697265506928e-05,2.1897e-05,pim|decode|16|9c4e6c099d863efd94751a80c7e404c5,16,sample_step,0.00030854036718608313,0.000262764,-3.814697265506927e-06,0.8516357272678196,-4.577636718608311e-05,0.8516357272678197
attn_on_pim_prefill-128xdecode_262_ops_trace.csv,decode,16,179,22,GPU0,npu,12,"LN:-1,Add:-1,LN:-1,FFN_W1:0,FFN_W3:0,FFN_W1:1,FFN_W3:1,SwiGLU:0,SwiGLU:1,FFN_W2:0,FFN_W2:1,Add:-1",0.00032135900410246165,0.0003717119932174683,npu|decode|16|2ef4409498d14c672a4fbbfe6786cce6,16,sample_step,0.00385630804922954,0.00446054391860962,5.0352989115006624e-05,1.1566876560861887,0.0006042358693800799,1.1566876560861887
attn_on_pim_prefill-128xdecode_262_ops_trace.csv,decode,16,179,22,PIM0,pim,7,"Q:0,K:0,V:0,QK:0,Softmax:0,SV:0,O:0",2.5711697265506928e-05,2.1897e-05,pim|decode|16|61397802f1888ea563dd9b1ea38edd23,16,sample_step,0.00030854036718608313,0.000262764,-3.814697265506927e-06,0.8516357272678196,-4.577636718608311e-05,0.8516357272678197
attn_on_pim_prefill-128xdecode_262_ops_trace.csv,decode,16,179,22,PIM1,pim,7,"Q:1,K:1,V:1,QK:1,Softmax:1,SV:1,O:1",2.5711697265506928e-05,2.1897e-05,pim|decode|16|9c4e6c099d863efd94751a80c7e404c5,16,sample_step,0.00030854036718608313,0.000262764,-3.814697265506927e-06,0.8516357272678196,-4.577636718608311e-05,0.8516357272678197
attn_on_pim_prefill-128xdecode_262_ops_trace.csv,decode,16,179,23,GPU0,npu,12,"LN:-1,Add:-1,LN:-1,FFN_W1:0,FFN_W3:0,FFN_W1:1,FFN_W3:1,SwiGLU:0,SwiGLU:1,FFN_W2:0,FFN_W2:1,Add:-1",0.00032135900410246165,0.0003717119932174683,npu|decode|16|2ef4409498d14c672a4fbbfe6786cce6,16,sample_step,0.00385630804922954,0.00446054391860962,5.0352989115006624e-05,1.1566876560861887,0.0006042358693800799,1.1566876560861887
attn_on_pim_prefill-128xdecode_262_ops_trace.csv,decode,16,179,23,PIM0,pim,7,"Q:0,K:0,V:0,QK:0,Softmax:0,SV:0,O:0",2.5711697265506928e-05,2.1897e-05,pim|decode|16|61397802f1888ea563dd9b1ea38edd23,16,sample_step,0.00030854036718608313,0.000262764,-3.814697265506927e-06,0.8516357272678196,-4.577636718608311e-05,0.8516357272678197
attn_on_pim_prefill-128xdecode_262_ops_trace.csv,decode,16,179,23,PIM1,pim,7,"Q:1,K:1,V:1,QK:1,Softmax:1,SV:1,O:1",2.5711697265506928e-05,2.1897e-05,pim|decode|16|9c4e6c099d863efd94751a80c7e404c5,16,sample_step,0.00030854036718608313,0.000262764,-3.814697265506927e-06,0.8516357272678196,-4.577636718608311e-05,0.8516357272678197
attn_on_pim_prefill-128xdecode_262_ops_trace.csv,decode,16,179,24,GPU0,npu,12,"LN:-1,Add:-1,LN:-1,FFN_W1:0,FFN_W3:0,FFN_W1:1,FFN_W3:1,SwiGLU:0,SwiGLU:1,FFN_W2:0,FFN_W2:1,Add:-1",0.00032135900410246165,0.0003717119932174683,npu|decode|16|2ef4409498d14c672a4fbbfe6786cce6,16,sample_step,0.00385630804922954,0.00446054391860962,5.0352989115006624e-05,1.1566876560861887,0.0006042358693800799,1.1566876560861887
attn_on_pim_prefill-128xdecode_262_ops_trace.csv,decode,16,179,24,PIM0,pim,7,"Q:0,K:0,V:0,QK:0,Softmax:0,SV:0,O:0",2.5711697265506928e-05,2.1897e-05,pim|decode|16|61397802f1888ea563dd9b1ea38edd23,16,sample_step,0.00030854036718608313,0.000262764,-3.814697265506927e-06,0.8516357272678196,-4.577636718608311e-05,0.8516357272678197
attn_on_pim_prefill-128xdecode_262_ops_trace.csv,decode,16,179,24,PIM1,pim,7,"Q:1,K:1,V:1,QK:1,Softmax:1,SV:1,O:1",2.5711697265506928e-05,2.1897e-05,pim|decode|16|9c4e6c099d863efd94751a80c7e404c5,16,sample_step,0.00030854036718608313,0.000262764,-3.814697265506927e-06,0.8516357272678196,-4.577636718608311e-05,0.8516357272678197
attn_on_pim_prefill-128xdecode_262_ops_trace.csv,decode,16,179,25,GPU0,npu,12,"LN:-1,Add:-1,LN:-1,FFN_W1:0,FFN_W3:0,FFN_W1:1,FFN_W3:1,SwiGLU:0,SwiGLU:1,FFN_W2:0,FFN_W2:1,Add:-1",0.00032135900410246165,0.0003717119932174683,npu|decode|16|2ef4409498d14c672a4fbbfe6786cce6,16,sample_step,0.00385630804922954,0.00446054391860962,5.0352989115006624e-05,1.1566876560861887,0.0006042358693800799,1.1566876560861887
attn_on_pim_prefill-128xdecode_262_ops_trace.csv,decode,16,179,25,PIM0,pim,7,"Q:0,K:0,V:0,QK:0,Softmax:0,SV:0,O:0",2.5711697265506928e-05,2.1897e-05,pim|decode|16|61397802f1888ea563dd9b1ea38edd23,16,sample_step,0.00030854036718608313,0.000262764,-3.814697265506927e-06,0.8516357272678196,-4.577636718608311e-05,0.8516357272678197
attn_on_pim_prefill-128xdecode_262_ops_trace.csv,decode,16,179,25,PIM1,pim,7,"Q:1,K:1,V:1,QK:1,Softmax:1,SV:1,O:1",2.5711697265506928e-05,2.1897e-05,pim|decode|16|9c4e6c099d863efd94751a80c7e404c5,16,sample_step,0.00030854036718608313,0.000262764,-3.814697265506927e-06,0.8516357272678196,-4.577636718608311e-05,0.8516357272678197
attn_on_pim_prefill-128xdecode_262_ops_trace.csv,decode,16,179,26,GPU0,npu,12,"LN:-1,Add:-1,LN:-1,FFN_W1:0,FFN_W3:0,FFN_W1:1,FFN_W3:1,SwiGLU:0,SwiGLU:1,FFN_W2:0,FFN_W2:1,Add:-1",0.00032135900410246165,0.0003717119932174683,npu|decode|16|2ef4409498d14c672a4fbbfe6786cce6,16,sample_step,0.00385630804922954,0.00446054391860962,5.0352989115006624e-05,1.1566876560861887,0.0006042358693800799,1.1566876560861887
attn_on_pim_prefill-128xdecode_262_ops_trace.csv,decode,16,179,26,PIM0,pim,7,"Q:0,K:0,V:0,QK:0,Softmax:0,SV:0,O:0",2.5711697265506928e-05,2.1897e-05,pim|decode|16|61397802f1888ea563dd9b1ea38edd23,16,sample_step,0.00030854036718608313,0.000262764,-3.814697265506927e-06,0.8516357272678196,-4.577636718608311e-05,0.8516357272678197
attn_on_pim_prefill-128xdecode_262_ops_trace.csv,decode,16,179,26,PIM1,pim,7,"Q:1,K:1,V:1,QK:1,Softmax:1,SV:1,O:1",2.5711697265506928e-05,2.1897e-05,pim|decode|16|9c4e6c099d863efd94751a80c7e404c5,16,sample_step,0.00030854036718608313,0.000262764,-3.814697265506927e-06,0.8516357272678196,-4.577636718608311e-05,0.8516357272678197
attn_on_pim_prefill-128xdecode_262_ops_trace.csv,decode,16,179,27,GPU0,npu,12,"LN:-1,Add:-1,LN:-1,FFN_W1:0,FFN_W3:0,FFN_W1:1,FFN_W3:1,SwiGLU:0,SwiGLU:1,FFN_W2:0,FFN_W2:1,Add:-1",0.00032135900410246165,0.0003717119932174683,npu|decode|16|2ef4409498d14c672a4fbbfe6786cce6,16,sample_step,0.00385630804922954,0.00446054391860962,5.0352989115006624e-05,1.1566876560861887,0.0006042358693800799,1.1566876560861887
attn_on_pim_prefill-128xdecode_262_ops_trace.csv,decode,16,179,27,PIM0,pim,7,"Q:0,K:0,V:0,QK:0,Softmax:0,SV:0,O:0",2.5711697265506928e-05,2.1897e-05,pim|decode|16|61397802f1888ea563dd9b1ea38edd23,16,sample_step,0.00030854036718608313,0.000262764,-3.814697265506927e-06,0.8516357272678196,-4.577636718608311e-05,0.8516357272678197
attn_on_pim_prefill-128xdecode_262_ops_trace.csv,decode,16,179,27,PIM1,pim,7,"Q:1,K:1,V:1,QK:1,Softmax:1,SV:1,O:1",2.5711697265506928e-05,2.1897e-05,pim|decode|16|9c4e6c099d863efd94751a80c7e404c5,16,sample_step,0.00030854036718608313,0.000262764,-3.814697265506927e-06,0.8516357272678196,-4.577636718608311e-05,0.8516357272678197
attn_on_pim_prefill-128xdecode_262_ops_trace.csv,decode,16,179,28,GPU0,npu,12,"LN:-1,Add:-1,LN:-1,FFN_W1:0,FFN_W3:0,FFN_W1:1,FFN_W3:1,SwiGLU:0,SwiGLU:1,FFN_W2:0,FFN_W2:1,Add:-1",0.00032135900410246165,0.0003717119932174683,npu|decode|16|2ef4409498d14c672a4fbbfe6786cce6,16,sample_step,0.00385630804922954,0.00446054391860962,5.0352989115006624e-05,1.1566876560861887,0.0006042358693800799,1.1566876560861887
attn_on_pim_prefill-128xdecode_262_ops_trace.csv,decode,16,179,28,PIM0,pim,7,"Q:0,K:0,V:0,QK:0,Softmax:0,SV:0,O:0",2.5711697265506928e-05,2.1897e-05,pim|decode|16|61397802f1888ea563dd9b1ea38edd23,16,sample_step,0.00030854036718608313,0.000262764,-3.814697265506927e-06,0.8516357272678196,-4.577636718608311e-05,0.8516357272678197
attn_on_pim_prefill-128xdecode_262_ops_trace.csv,decode,16,179,28,PIM1,pim,7,"Q:1,K:1,V:1,QK:1,Softmax:1,SV:1,O:1",2.5711697265506928e-05,2.1897e-05,pim|decode|16|9c4e6c099d863efd94751a80c7e404c5,16,sample_step,0.00030854036718608313,0.000262764,-3.814697265506927e-06,0.8516357272678196,-4.577636718608311e-05,0.8516357272678197
attn_on_pim_prefill-128xdecode_262_ops_trace.csv,decode,16,179,29,GPU0,npu,12,"LN:-1,Add:-1,LN:-1,FFN_W1:0,FFN_W3:0,FFN_W1:1,FFN_W3:1,SwiGLU:0,SwiGLU:1,FFN_W2:0,FFN_W2:1,Add:-1",0.00032135900410246165,0.0003717119932174683,npu|decode|16|2ef4409498d14c672a4fbbfe6786cce6,16,sample_step,0.00385630804922954,0.00446054391860962,5.0352989115006624e-05,1.1566876560861887,0.0006042358693800799,1.1566876560861887
attn_on_pim_prefill-128xdecode_262_ops_trace.csv,decode,16,179,29,PIM0,pim,7,"Q:0,K:0,V:0,QK:0,Softmax:0,SV:0,O:0",2.5711697265506928e-05,2.1897e-05,pim|decode|16|61397802f1888ea563dd9b1ea38edd23,16,sample_step,0.00030854036718608313,0.000262764,-3.814697265506927e-06,0.8516357272678196,-4.577636718608311e-05,0.8516357272678197
attn_on_pim_prefill-128xdecode_262_ops_trace.csv,decode,16,179,29,PIM1,pim,7,"Q:1,K:1,V:1,QK:1,Softmax:1,SV:1,O:1",2.5711697265506928e-05,2.1897e-05,pim|decode|16|9c4e6c099d863efd94751a80c7e404c5,16,sample_step,0.00030854036718608313,0.000262764,-3.814697265506927e-06,0.8516357272678196,-4.577636718608311e-05,0.8516357272678197
attn_on_pim_prefill-128xdecode_262_ops_trace.csv,decode,16,179,30,GPU0,npu,12,"LN:-1,Add:-1,LN:-1,FFN_W1:0,FFN_W3:0,FFN_W1:1,FFN_W3:1,SwiGLU:0,SwiGLU:1,FFN_W2:0,FFN_W2:1,Add:-1",0.00032135900410246165,0.0003717119932174683,npu|decode|16|2ef4409498d14c672a4fbbfe6786cce6,16,sample_step,0.00385630804922954,0.00446054391860962,5.0352989115006624e-05,1.1566876560861887,0.0006042358693800799,1.1566876560861887
attn_on_pim_prefill-128xdecode_262_ops_trace.csv,decode,16,179,30,PIM0,pim,7,"Q:0,K:0,V:0,QK:0,Softmax:0,SV:0,O:0",2.5711697265506928e-05,2.1897e-05,pim|decode|16|61397802f1888ea563dd9b1ea38edd23,16,sample_step,0.00030854036718608313,0.000262764,-3.814697265506927e-06,0.8516357272678196,-4.577636718608311e-05,0.8516357272678197
attn_on_pim_prefill-128xdecode_262_ops_trace.csv,decode,16,179,30,PIM1,pim,7,"Q:1,K:1,V:1,QK:1,Softmax:1,SV:1,O:1",2.5711697265506928e-05,2.1897e-05,pim|decode|16|9c4e6c099d863efd94751a80c7e404c5,16,sample_step,0.00030854036718608313,0.000262764,-3.814697265506927e-06,0.8516357272678196,-4.577636718608311e-05,0.8516357272678197
attn_on_pim_prefill-128xdecode_262_ops_trace.csv,decode,16,179,31,GPU0,npu,12,"LN:-1,Add:-1,LN:-1,FFN_W1:0,FFN_W3:0,FFN_W1:1,FFN_W3:1,SwiGLU:0,SwiGLU:1,FFN_W2:0,FFN_W2:1,Add:-1",0.00032135900410246165,0.0003717119932174683,npu|decode|16|2ef4409498d14c672a4fbbfe6786cce6,16,sample_step,0.00385630804922954,0.00446054391860962,5.0352989115006624e-05,1.1566876560861887,0.0006042358693800799,1.1566876560861887
attn_on_pim_prefill-128xdecode_262_ops_trace.csv,decode,16,179,31,PIM0,pim,7,"Q:0,K:0,V:0,QK:0,Softmax:0,SV:0,O:0",2.5711697265506928e-05,2.1897e-05,pim|decode|16|61397802f1888ea563dd9b1ea38edd23,16,sample_step,0.00030854036718608313,0.000262764,-3.814697265506927e-06,0.8516357272678196,-4.577636718608311e-05,0.8516357272678197
attn_on_pim_prefill-128xdecode_262_ops_trace.csv,decode,16,179,31,PIM1,pim,7,"Q:1,K:1,V:1,QK:1,Softmax:1,SV:1,O:1",2.5711697265506928e-05,2.1897e-05,pim|decode|16|9c4e6c099d863efd94751a80c7e404c5,16,sample_step,0.00030854036718608313,0.000262764,-3.814697265506927e-06,0.8516357272678196,-4.577636718608311e-05,0.8516357272678197
attn_on_pim_prefill-128xdecode_262_ops_trace.csv,decode,17,191,0,GPU0,npu,12,"LN:-1,Add:-1,LN:-1,FFN_W1:0,FFN_W3:0,FFN_W1:1,FFN_W3:1,SwiGLU:0,SwiGLU:1,FFN_W2:0,FFN_W2:1,Add:-1",0.00032135900410246165,0.00037160959243774417,npu|decode|17|2ef4409498d14c672a4fbbfe6786cce6,17,sample_step,0.00385630804922954,0.00445931510925293,5.025058833528251e-05,1.156369006916827,0.0006030070600233899,1.156369006916827
attn_on_pim_prefill-128xdecode_262_ops_trace.csv,decode,17,191,0,PIM0,pim,7,"Q:0,K:0,V:0,QK:0,Softmax:0,SV:0,O:0",2.5711697265506928e-05,2.1897e-05,pim|decode|17|61397802f1888ea563dd9b1ea38edd23,17,sample_step,0.00030854036718608313,0.000262764,-3.814697265506927e-06,0.8516357272678196,-4.577636718608311e-05,0.8516357272678197
attn_on_pim_prefill-128xdecode_262_ops_trace.csv,decode,17,191,0,PIM1,pim,7,"Q:1,K:1,V:1,QK:1,Softmax:1,SV:1,O:1",2.5711697265506928e-05,2.1897e-05,pim|decode|17|9c4e6c099d863efd94751a80c7e404c5,17,sample_step,0.00030854036718608313,0.000262764,-3.814697265506927e-06,0.8516357272678196,-4.577636718608311e-05,0.8516357272678197
attn_on_pim_prefill-128xdecode_262_ops_trace.csv,decode,17,191,1,GPU0,npu,12,"LN:-1,Add:-1,LN:-1,FFN_W1:0,FFN_W3:0,FFN_W1:1,FFN_W3:1,SwiGLU:0,SwiGLU:1,FFN_W2:0,FFN_W2:1,Add:-1",0.00032135900410246165,0.00037160959243774417,npu|decode|17|2ef4409498d14c672a4fbbfe6786cce6,17,sample_step,0.00385630804922954,0.00445931510925293,5.025058833528251e-05,1.156369006916827,0.0006030070600233899,1.156369006916827
attn_on_pim_prefill-128xdecode_262_ops_trace.csv,decode,17,191,1,PIM0,pim,7,"Q:0,K:0,V:0,QK:0,Softmax:0,SV:0,O:0",2.5711697265506928e-05,2.1897e-05,pim|decode|17|61397802f1888ea563dd9b1ea38edd23,17,sample_step,0.00030854036718608313,0.000262764,-3.814697265506927e-06,0.8516357272678196,-4.577636718608311e-05,0.8516357272678197
attn_on_pim_prefill-128xdecode_262_ops_trace.csv,decode,17,191,1,PIM1,pim,7,"Q:1,K:1,V:1,QK:1,Softmax:1,SV:1,O:1",2.5711697265506928e-05,2.1897e-05,pim|decode|17|9c4e6c099d863efd94751a80c7e404c5,17,sample_step,0.00030854036718608313,0.000262764,-3.814697265506927e-06,0.8516357272678196,-4.577636718608311e-05,0.8516357272678197
attn_on_pim_prefill-128xdecode_262_ops_trace.csv,decode,17,191,2,GPU0,npu,12,"LN:-1,Add:-1,LN:-1,FFN_W1:0,FFN_W3:0,FFN_W1:1,FFN_W3:1,SwiGLU:0,SwiGLU:1,FFN_W2:0,FFN_W2:1,Add:-1",0.00032135900410246165,0.00037160959243774417,npu|decode|17|2ef4409498d14c672a4fbbfe6786cce6,17,sample_step,0.00385630804922954,0.00445931510925293,5.025058833528251e-05,1.156369006916827,0.0006030070600233899,1.156369006916827
attn_on_pim_prefill-128xdecode_262_ops_trace.csv,decode,17,191,2,PIM0,pim,7,"Q:0,K:0,V:0,QK:0,Softmax:0,SV:0,O:0",2.5711697265506928e-05,2.1897e-05,pim|decode|17|61397802f1888ea563dd9b1ea38edd23,17,sample_step,0.00030854036718608313,0.000262764,-3.814697265506927e-06,0.8516357272678196,-4.577636718608311e-05,0.8516357272678197
attn_on_pim_prefill-128xdecode_262_ops_trace.csv,decode,17,191,2,PIM1,pim,7,"Q:1,K:1,V:1,QK:1,Softmax:1,SV:1,O:1",2.5711697265506928e-05,2.1897e-05,pim|decode|17|9c4e6c099d863efd94751a80c7e404c5,17,sample_step,0.00030854036718608313,0.000262764,-3.814697265506927e-06,0.8516357272678196,-4.577636718608311e-05,0.8516357272678197
attn_on_pim_prefill-128xdecode_262_ops_trace.csv,decode,17,191,3,GPU0,npu,12,"LN:-1,Add:-1,LN:-1,FFN_W1:0,FFN_W3:0,FFN_W1:1,FFN_W3:1,SwiGLU:0,SwiGLU:1,FFN_W2:0,FFN_W2:1,Add:-1",0.00032135900410246165,0.00037160959243774417,npu|decode|17|2ef4409498d14c672a4fbbfe6786cce6,17,sample_step,0.00385630804922954,0.00445931510925293,5.025058833528251e-05,1.156369006916827,0.0006030070600233899,1.156369006916827
attn_on_pim_prefill-128xdecode_262_ops_trace.csv,decode,17,191,3,PIM0,pim,7,"Q:0,K:0,V:0,QK:0,Softmax:0,SV:0,O:0",2.5711697265506928e-05,2.1897e-05,pim|decode|17|61397802f1888ea563dd9b1ea38edd23,17,sample_step,0.00030854036718608313,0.000262764,-3.814697265506927e-06,0.8516357272678196,-4.577636718608311e-05,0.8516357272678197
attn_on_pim_prefill-128xdecode_262_ops_trace.csv,decode,17,191,3,PIM1,pim,7,"Q:1,K:1,V:1,QK:1,Softmax:1,SV:1,O:1",2.5711697265506928e-05,2.1897e-05,pim|decode|17|9c4e6c099d863efd94751a80c7e404c5,17,sample_step,0.00030854036718608313,0.000262764,-3.814697265506927e-06,0.8516357272678196,-4.577636718608311e-05,0.8516357272678197
attn_on_pim_prefill-128xdecode_262_ops_trace.csv,decode,17,191,4,GPU0,npu,12,"LN:-1,Add:-1,LN:-1,FFN_W1:0,FFN_W3:0,FFN_W1:1,FFN_W3:1,SwiGLU:0,SwiGLU:1,FFN_W2:0,FFN_W2:1,Add:-1",0.00032135900410246165,0.00037160959243774417,npu|decode|17|2ef4409498d14c672a4fbbfe6786cce6,17,sample_step,0.00385630804922954,0.00445931510925293,5.025058833528251e-05,1.156369006916827,0.0006030070600233899,1.156369006916827
attn_on_pim_prefill-128xdecode_262_ops_trace.csv,decode,17,191,4,PIM0,pim,7,"Q:0,K:0,V:0,QK:0,Softmax:0,SV:0,O:0",2.5711697265506928e-05,2.1897e-05,pim|decode|17|61397802f1888ea563dd9b1ea38edd23,17,sample_step,0.00030854036718608313,0.000262764,-3.814697265506927e-06,0.8516357272678196,-4.577636718608311e-05,0.8516357272678197
attn_on_pim_prefill-128xdecode_262_ops_trace.csv,decode,17,191,4,PIM1,pim,7,"Q:1,K:1,V:1,QK:1,Softmax:1,SV:1,O:1",2.5711697265506928e-05,2.1897e-05,pim|decode|17|9c4e6c099d863efd94751a80c7e404c5,17,sample_step,0.00030854036718608313,0.000262764,-3.814697265506927e-06,0.8516357272678196,-4.577636718608311e-05,0.8516357272678197
attn_on_pim_prefill-128xdecode_262_ops_trace.csv,decode,17,191,5,GPU0,npu,12,"LN:-1,Add:-1,LN:-1,FFN_W1:0,FFN_W3:0,FFN_W1:1,FFN_W3:1,SwiGLU:0,SwiGLU:1,FFN_W2:0,FFN_W2:1,Add:-1",0.00032135900410246165,0.00037160959243774417,npu|decode|17|2ef4409498d14c672a4fbbfe6786cce6,17,sample_step,0.00385630804922954,0.00445931510925293,5.025058833528251e-05,1.156369006916827,0.0006030070600233899,1.156369006916827
attn_on_pim_prefill-128xdecode_262_ops_trace.csv,decode,17,191,5,PIM0,pim,7,"Q:0,K:0,V:0,QK:0,Softmax:0,SV:0,O:0",2.5711697265506928e-05,2.1897e-05,pim|decode|17|61397802f1888ea563dd9b1ea38edd23,17,sample_step,0.00030854036718608313,0.000262764,-3.814697265506927e-06,0.8516357272678196,-4.577636718608311e-05,0.8516357272678197
attn_on_pim_prefill-128xdecode_262_ops_trace.csv,decode,17,191,5,PIM1,pim,7,"Q:1,K:1,V:1,QK:1,Softmax:1,SV:1,O:1",2.5711697265506928e-05,2.1897e-05,pim|decode|17|9c4e6c099d863efd94751a80c7e404c5,17,sample_step,0.00030854036718608313,0.000262764,-3.814697265506927e-06,0.8516357272678196,-4.577636718608311e-05,0.8516357272678197
attn_on_pim_prefill-128xdecode_262_ops_trace.csv,decode,17,191,6,GPU0,npu,12,"LN:-1,Add:-1,LN:-1,FFN_W1:0,FFN_W3:0,FFN_W1:1,FFN_W3:1,SwiGLU:0,SwiGLU:1,FFN_W2:0,FFN_W2:1,Add:-1",0.00032135900410246165,0.00037160959243774417,npu|decode|17|2ef4409498d14c672a4fbbfe6786cce6,17,sample_step,0.00385630804922954,0.00445931510925293,5.025058833528251e-05,1.156369006916827,0.0006030070600233899,1.156369006916827
attn_on_pim_prefill-128xdecode_262_ops_trace.csv,decode,17,191,6,PIM0,pim,7,"Q:0,K:0,V:0,QK:0,Softmax:0,SV:0,O:0",2.5711697265506928e-05,2.1897e-05,pim|decode|17|61397802f1888ea563dd9b1ea38edd23,17,sample_step,0.00030854036718608313,0.000262764,-3.814697265506927e-06,0.8516357272678196,-4.577636718608311e-05,0.8516357272678197
attn_on_pim_prefill-128xdecode_262_ops_trace.csv,decode,17,191,6,PIM1,pim,7,"Q:1,K:1,V:1,QK:1,Softmax:1,SV:1,O:1",2.5711697265506928e-05,2.1897e-05,pim|decode|17|9c4e6c099d863efd94751a80c7e404c5,17,sample_step,0.00030854036718608313,0.000262764,-3.814697265506927e-06,0.8516357272678196,-4.577636718608311e-05,0.8516357272678197
attn_on_pim_prefill-128xdecode_262_ops_trace.csv,decode,17,191,7,GPU0,npu,12,"LN:-1,Add:-1,LN:-1,FFN_W1:0,FFN_W3:0,FFN_W1:1,FFN_W3:1,SwiGLU:0,SwiGLU:1,FFN_W2:0,FFN_W2:1,Add:-1",0.00032135900410246165,0.00037160959243774417,npu|decode|17|2ef4409498d14c672a4fbbfe6786cce6,17,sample_step,0.00385630804922954,0.00445931510925293,5.025058833528251e-05,1.156369006916827,0.0006030070600233899,1.156369006916827
attn_on_pim_prefill-128xdecode_262_ops_trace.csv,decode,17,191,7,PIM0,pim,7,"Q:0,K:0,V:0,QK:0,Softmax:0,SV:0,O:0",2.5711697265506928e-05,2.1897e-05,pim|decode|17|61397802f1888ea563dd9b1ea38edd23,17,sample_step,0.00030854036718608313,0.000262764,-3.814697265506927e-06,0.8516357272678196,-4.577636718608311e-05,0.8516357272678197
attn_on_pim_prefill-128xdecode_262_ops_trace.csv,decode,17,191,7,PIM1,pim,7,"Q:1,K:1,V:1,QK:1,Softmax:1,SV:1,O:1",2.5711697265506928e-05,2.1897e-05,pim|decode|17|9c4e6c099d863efd94751a80c7e404c5,17,sample_step,0.00030854036718608313,0.000262764,-3.814697265506927e-06,0.8516357272678196,-4.577636718608311e-05,0.8516357272678197
attn_on_pim_prefill-128xdecode_262_ops_trace.csv,decode,17,191,8,GPU0,npu,12,"LN:-1,Add:-1,LN:-1,FFN_W1:0,FFN_W3:0,FFN_W1:1,FFN_W3:1,SwiGLU:0,SwiGLU:1,FFN_W2:0,FFN_W2:1,Add:-1",0.00032135900410246165,0.00037160959243774417,npu|decode|17|2ef4409498d14c672a4fbbfe6786cce6,17,sample_step,0.00385630804922954,0.00445931510925293,5.025058833528251e-05,1.156369006916827,0.0006030070600233899,1.156369006916827
attn_on_pim_prefill-128xdecode_262_ops_trace.csv,decode,17,191,8,PIM0,pim,7,"Q:0,K:0,V:0,QK:0,Softmax:0,SV:0,O:0",2.5711697265506928e-05,2.1897e-05,pim|decode|17|61397802f1888ea563dd9b1ea38edd23,17,sample_step,0.00030854036718608313,0.000262764,-3.814697265506927e-06,0.8516357272678196,-4.577636718608311e-05,0.8516357272678197
attn_on_pim_prefill-128xdecode_262_ops_trace.csv,decode,17,191,8,PIM1,pim,7,"Q:1,K:1,V:1,QK:1,Softmax:1,SV:1,O:1",2.5711697265506928e-05,2.1897e-05,pim|decode|17|9c4e6c099d863efd94751a80c7e404c5,17,sample_step,0.00030854036718608313,0.000262764,-3.814697265506927e-06,0.8516357272678196,-4.577636718608311e-05,0.8516357272678197
attn_on_pim_prefill-128xdecode_262_ops_trace.csv,decode,17,191,9,GPU0,npu,12,"LN:-1,Add:-1,LN:-1,FFN_W1:0,FFN_W3:0,FFN_W1:1,FFN_W3:1,SwiGLU:0,SwiGLU:1,FFN_W2:0,FFN_W2:1,Add:-1",0.00032135900410246165,0.00037160959243774417,npu|decode|17|2ef4409498d14c672a4fbbfe6786cce6,17,sample_step,0.00385630804922954,0.00445931510925293,5.025058833528251e-05,1.156369006916827,0.0006030070600233899,1.156369006916827
attn_on_pim_prefill-128xdecode_262_ops_trace.csv,decode,17,191,9,PIM0,pim,7,"Q:0,K:0,V:0,QK:0,Softmax:0,SV:0,O:0",2.5711697265506928e-05,2.1897e-05,pim|decode|17|61397802f1888ea563dd9b1ea38edd23,17,sample_step,0.00030854036718608313,0.000262764,-3.814697265506927e-06,0.8516357272678196,-4.577636718608311e-05,0.8516357272678197
attn_on_pim_prefill-128xdecode_262_ops_trace.csv,decode,17,191,9,PIM1,pim,7,"Q:1,K:1,V:1,QK:1,Softmax:1,SV:1,O:1",2.5711697265506928e-05,2.1897e-05,pim|decode|17|9c4e6c099d863efd94751a80c7e404c5,17,sample_step,0.00030854036718608313,0.000262764,-3.814697265506927e-06,0.8516357272678196,-4.577636718608311e-05,0.8516357272678197
attn_on_pim_prefill-128xdecode_262_ops_trace.csv,decode,17,191,10,GPU0,npu,12,"LN:-1,Add:-1,LN:-1,FFN_W1:0,FFN_W3:0,FFN_W1:1,FFN_W3:1,SwiGLU:0,SwiGLU:1,FFN_W2:0,FFN_W2:1,Add:-1",0.00032135900410246165,0.00037160959243774417,npu|decode|17|2ef4409498d14c672a4fbbfe6786cce6,17,sample_step,0.00385630804922954,0.00445931510925293,5.025058833528251e-05,1.156369006916827,0.0006030070600233899,1.156369006916827
attn_on_pim_prefill-128xdecode_262_ops_trace.csv,decode,17,191,10,PIM0,pim,7,"Q:0,K:0,V:0,QK:0,Softmax:0,SV:0,O:0",2.5711697265506928e-05,2.1897e-05,pim|decode|17|61397802f1888ea563dd9b1ea38edd23,17,sample_step,0.00030854036718608313,0.000262764,-3.814697265506927e-06,0.8516357272678196,-4.577636718608311e-05,0.8516357272678197
attn_on_pim_prefill-128xdecode_262_ops_trace.csv,decode,17,191,10,PIM1,pim,7,"Q:1,K:1,V:1,QK:1,Softmax:1,SV:1,O:1",2.5711697265506928e-05,2.1897e-05,pim|decode|17|9c4e6c099d863efd94751a80c7e404c5,17,sample_step,0.00030854036718608313,0.000262764,-3.814697265506927e-06,0.8516357272678196,-4.577636718608311e-05,0.8516357272678197
attn_on_pim_prefill-128xdecode_262_ops_trace.csv,decode,17,191,11,GPU0,npu,12,"LN:-1,Add:-1,LN:-1,FFN_W1:0,FFN_W3:0,FFN_W1:1,FFN_W3:1,SwiGLU:0,SwiGLU:1,FFN_W2:0,FFN_W2:1,Add:-1",0.00032135900410246165,0.00037160959243774417,npu|decode|17|2ef4409498d14c672a4fbbfe6786cce6,17,sample_step,0.00385630804922954,0.00445931510925293,5.025058833528251e-05,1.156369006916827,0.0006030070600233899,1.156369006916827
attn_on_pim_prefill-128xdecode_262_ops_trace.csv,decode,17,191,11,PIM0,pim,7,"Q:0,K:0,V:0,QK:0,Softmax:0,SV:0,O:0",2.5711697265506928e-05,2.1897e-05,pim|decode|17|61397802f1888ea563dd9b1ea38edd23,17,sample_step,0.00030854036718608313,0.000262764,-3.814697265506927e-06,0.8516357272678196,-4.577636718608311e-05,0.8516357272678197
attn_on_pim_prefill-128xdecode_262_ops_trace.csv,decode,17,191,11,PIM1,pim,7,"Q:1,K:1,V:1,QK:1,Softmax:1,SV:1,O:1",2.5711697265506928e-05,2.1897e-05,pim|decode|17|9c4e6c099d863efd94751a80c7e404c5,17,sample_step,0.00030854036718608313,0.000262764,-3.814697265506927e-06,0.8516357272678196,-4.577636718608311e-05,0.8516357272678197
attn_on_pim_prefill-128xdecode_262_ops_trace.csv,decode,17,191,12,GPU0,npu,12,"LN:-1,Add:-1,LN:-1,FFN_W1:0,FFN_W3:0,FFN_W1:1,FFN_W3:1,SwiGLU:0,SwiGLU:1,FFN_W2:0,FFN_W2:1,Add:-1",0.00032135900410246165,0.00037160959243774417,npu|decode|17|2ef4409498d14c672a4fbbfe6786cce6,17,sample_step,0.00385630804922954,0.00445931510925293,5.025058833528251e-05,1.156369006916827,0.0006030070600233899,1.156369006916827
attn_on_pim_prefill-128xdecode_262_ops_trace.csv,decode,17,191,12,PIM0,pim,7,"Q:0,K:0,V:0,QK:0,Softmax:0,SV:0,O:0",2.5711697265506928e-05,2.1897e-05,pim|decode|17|61397802f1888ea563dd9b1ea38edd23,17,sample_step,0.00030854036718608313,0.000262764,-3.814697265506927e-06,0.8516357272678196,-4.577636718608311e-05,0.8516357272678197
attn_on_pim_prefill-128xdecode_262_ops_trace.csv,decode,17,191,12,PIM1,pim,7,"Q:1,K:1,V:1,QK:1,Softmax:1,SV:1,O:1",2.5711697265506928e-05,2.1897e-05,pim|decode|17|9c4e6c099d863efd94751a80c7e404c5,17,sample_step,0.00030854036718608313,0.000262764,-3.814697265506927e-06,0.8516357272678196,-4.577636718608311e-05,0.8516357272678197
attn_on_pim_prefill-128xdecode_262_ops_trace.csv,decode,17,191,13,GPU0,npu,12,"LN:-1,Add:-1,LN:-1,FFN_W1:0,FFN_W3:0,FFN_W1:1,FFN_W3:1,SwiGLU:0,SwiGLU:1,FFN_W2:0,FFN_W2:1,Add:-1",0.00032135900410246165,0.00037160959243774417,npu|decode|17|2ef4409498d14c672a4fbbfe6786cce6,17,sample_step,0.00385630804922954,0.00445931510925293,5.025058833528251e-05,1.156369006916827,0.0006030070600233899,1.156369006916827
attn_on_pim_prefill-128xdecode_262_ops_trace.csv,decode,17,191,13,PIM0,pim,7,"Q:0,K:0,V:0,QK:0,Softmax:0,SV:0,O:0",2.5711697265506928e-05,2.1897e-05,pim|decode|17|61397802f1888ea563dd9b1ea38edd23,17,sample_step,0.00030854036718608313,0.000262764,-3.814697265506927e-06,0.8516357272678196,-4.577636718608311e-05,0.8516357272678197
attn_on_pim_prefill-128xdecode_262_ops_trace.csv,decode,17,191,13,PIM1,pim,7,"Q:1,K:1,V:1,QK:1,Softmax:1,SV:1,O:1",2.5711697265506928e-05,2.1897e-05,pim|decode|17|9c4e6c099d863efd94751a80c7e404c5,17,sample_step,0.00030854036718608313,0.000262764,-3.814697265506927e-06,0.8516357272678196,-4.577636718608311e-05,0.8516357272678197
attn_on_pim_prefill-128xdecode_262_ops_trace.csv,decode,17,191,14,GPU0,npu,12,"LN:-1,Add:-1,LN:-1,FFN_W1:0,FFN_W3:0,FFN_W1:1,FFN_W3:1,SwiGLU:0,SwiGLU:1,FFN_W2:0,FFN_W2:1,Add:-1",0.00032135900410246165,0.00037160959243774417,npu|decode|17|2ef4409498d14c672a4fbbfe6786cce6,17,sample_step,0.00385630804922954,0.00445931510925293,5.025058833528251e-05,1.156369006916827,0.0006030070600233899,1.156369006916827
attn_on_pim_prefill-128xdecode_262_ops_trace.csv,decode,17,191,14,PIM0,pim,7,"Q:0,K:0,V:0,QK:0,Softmax:0,SV:0,O:0",2.5711697265506928e-05,2.1897e-05,pim|decode|17|61397802f1888ea563dd9b1ea38edd23,17,sample_step,0.00030854036718608313,0.000262764,-3.814697265506927e-06,0.8516357272678196,-4.577636718608311e-05,0.8516357272678197
attn_on_pim_prefill-128xdecode_262_ops_trace.csv,decode,17,191,14,PIM1,pim,7,"Q:1,K:1,V:1,QK:1,Softmax:1,SV:1,O:1",2.5711697265506928e-05,2.1897e-05,pim|decode|17|9c4e6c099d863efd94751a80c7e404c5,17,sample_step,0.00030854036718608313,0.000262764,-3.814697265506927e-06,0.8516357272678196,-4.577636718608311e-05,0.8516357272678197
attn_on_pim_prefill-128xdecode_262_ops_trace.csv,decode,17,191,15,GPU0,npu,12,"LN:-1,Add:-1,LN:-1,FFN_W1:0,FFN_W3:0,FFN_W1:1,FFN_W3:1,SwiGLU:0,SwiGLU:1,FFN_W2:0,FFN_W2:1,Add:-1",0.00032135900410246165,0.00037160959243774417,npu|decode|17|2ef4409498d14c672a4fbbfe6786cce6,17,sample_step,0.00385630804922954,0.00445931510925293,5.025058833528251e-05,1.156369006916827,0.0006030070600233899,1.156369006916827
attn_on_pim_prefill-128xdecode_262_ops_trace.csv,decode,17,191,15,PIM0,pim,7,"Q:0,K:0,V:0,QK:0,Softmax:0,SV:0,O:0",2.5711697265506928e-05,2.1897e-05,pim|decode|17|61397802f1888ea563dd9b1ea38edd23,17,sample_step,0.00030854036718608313,0.000262764,-3.814697265506927e-06,0.8516357272678196,-4.577636718608311e-05,0.8516357272678197
attn_on_pim_prefill-128xdecode_262_ops_trace.csv,decode,17,191,15,PIM1,pim,7,"Q:1,K:1,V:1,QK:1,Softmax:1,SV:1,O:1",2.5711697265506928e-05,2.1897e-05,pim|decode|17|9c4e6c099d863efd94751a80c7e404c5,17,sample_step,0.00030854036718608313,0.000262764,-3.814697265506927e-06,0.8516357272678196,-4.577636718608311e-05,0.8516357272678197
attn_on_pim_prefill-128xdecode_262_ops_trace.csv,decode,17,191,16,GPU0,npu,12,"LN:-1,Add:-1,LN:-1,FFN_W1:0,FFN_W3:0,FFN_W1:1,FFN_W3:1,SwiGLU:0,SwiGLU:1,FFN_W2:0,FFN_W2:1,Add:-1",0.00032135900410246165,0.00037160959243774417,npu|decode|17|2ef4409498d14c672a4fbbfe6786cce6,17,sample_step,0.00385630804922954,0.00445931510925293,5.025058833528251e-05,1.156369006916827,0.0006030070600233899,1.156369006916827
attn_on_pim_prefill-128xdecode_262_ops_trace.csv,decode,17,191,16,PIM0,pim,7,"Q:0,K:0,V:0,QK:0,Softmax:0,SV:0,O:0",2.5711697265506928e-05,2.1897e-05,pim|decode|17|61397802f1888ea563dd9b1ea38edd23,17,sample_step,0.00030854036718608313,0.000262764,-3.814697265506927e-06,0.8516357272678196,-4.577636718608311e-05,0.8516357272678197
attn_on_pim_prefill-128xdecode_262_ops_trace.csv,decode,17,191,16,PIM1,pim,7,"Q:1,K:1,V:1,QK:1,Softmax:1,SV:1,O:1",2.5711697265506928e-05,2.1897e-05,pim|decode|17|9c4e6c099d863efd94751a80c7e404c5,17,sample_step,0.00030854036718608313,0.000262764,-3.814697265506927e-06,0.8516357272678196,-4.577636718608311e-05,0.8516357272678197
attn_on_pim_prefill-128xdecode_262_ops_trace.csv,decode,17,191,17,GPU0,npu,12,"LN:-1,Add:-1,LN:-1,FFN_W1:0,FFN_W3:0,FFN_W1:1,FFN_W3:1,SwiGLU:0,SwiGLU:1,FFN_W2:0,FFN_W2:1,Add:-1",0.00032135900410246165,0.00037160959243774417,npu|decode|17|2ef4409498d14c672a4fbbfe6786cce6,17,sample_step,0.00385630804922954,0.00445931510925293,5.025058833528251e-05,1.156369006916827,0.0006030070600233899,1.156369006916827
attn_on_pim_prefill-128xdecode_262_ops_trace.csv,decode,17,191,17,PIM0,pim,7,"Q:0,K:0,V:0,QK:0,Softmax:0,SV:0,O:0",2.5711697265506928e-05,2.1897e-05,pim|decode|17|61397802f1888ea563dd9b1ea38edd23,17,sample_step,0.00030854036718608313,0.000262764,-3.814697265506927e-06,0.8516357272678196,-4.577636718608311e-05,0.8516357272678197
attn_on_pim_prefill-128xdecode_262_ops_trace.csv,decode,17,191,17,PIM1,pim,7,"Q:1,K:1,V:1,QK:1,Softmax:1,SV:1,O:1",2.5711697265506928e-05,2.1897e-05,pim|decode|17|9c4e6c099d863efd94751a80c7e404c5,17,sample_step,0.00030854036718608313,0.000262764,-3.814697265506927e-06,0.8516357272678196,-4.577636718608311e-05,0.8516357272678197
attn_on_pim_prefill-128xdecode_262_ops_trace.csv,decode,17,191,18,GPU0,npu,12,"LN:-1,Add:-1,LN:-1,FFN_W1:0,FFN_W3:0,FFN_W1:1,FFN_W3:1,SwiGLU:0,SwiGLU:1,FFN_W2:0,FFN_W2:1,Add:-1",0.00032135900410246165,0.00037160959243774417,npu|decode|17|2ef4409498d14c672a4fbbfe6786cce6,17,sample_step,0.00385630804922954,0.00445931510925293,5.025058833528251e-05,1.156369006916827,0.0006030070600233899,1.156369006916827
attn_on_pim_prefill-128xdecode_262_ops_trace.csv,decode,17,191,18,PIM0,pim,7,"Q:0,K:0,V:0,QK:0,Softmax:0,SV:0,O:0",2.5711697265506928e-05,2.1897e-05,pim|decode|17|61397802f1888ea563dd9b1ea38edd23,17,sample_step,0.00030854036718608313,0.000262764,-3.814697265506927e-06,0.8516357272678196,-4.577636718608311e-05,0.8516357272678197
attn_on_pim_prefill-128xdecode_262_ops_trace.csv,decode,17,191,18,PIM1,pim,7,"Q:1,K:1,V:1,QK:1,Softmax:1,SV:1,O:1",2.5711697265506928e-05,2.1897e-05,pim|decode|17|9c4e6c099d863efd94751a80c7e404c5,17,sample_step,0.00030854036718608313,0.000262764,-3.814697265506927e-06,0.8516357272678196,-4.577636718608311e-05,0.8516357272678197
attn_on_pim_prefill-128xdecode_262_ops_trace.csv,decode,17,191,19,GPU0,npu,12,"LN:-1,Add:-1,LN:-1,FFN_W1:0,FFN_W3:0,FFN_W1:1,FFN_W3:1,SwiGLU:0,SwiGLU:1,FFN_W2:0,FFN_W2:1,Add:-1",0.00032135900410246165,0.00037160959243774417,npu|decode|17|2ef4409498d14c672a4fbbfe6786cce6,17,sample_step,0.00385630804922954,0.00445931510925293,5.025058833528251e-05,1.156369006916827,0.0006030070600233899,1.156369006916827
attn_on_pim_prefill-128xdecode_262_ops_trace.csv,decode,17,191,19,PIM0,pim,7,"Q:0,K:0,V:0,QK:0,Softmax:0,SV:0,O:0",2.5711697265506928e-05,2.1897e-05,pim|decode|17|61397802f1888ea563dd9b1ea38edd23,17,sample_step,0.00030854036718608313,0.000262764,-3.814697265506927e-06,0.8516357272678196,-4.577636718608311e-05,0.8516357272678197
attn_on_pim_prefill-128xdecode_262_ops_trace.csv,decode,17,191,19,PIM1,pim,7,"Q:1,K:1,V:1,QK:1,Softmax:1,SV:1,O:1",2.5711697265506928e-05,2.1897e-05,pim|decode|17|9c4e6c099d863efd94751a80c7e404c5,17,sample_step,0.00030854036718608313,0.000262764,-3.814697265506927e-06,0.8516357272678196,-4.577636718608311e-05,0.8516357272678197
attn_on_pim_prefill-128xdecode_262_ops_trace.csv,decode,17,191,20,GPU0,npu,12,"LN:-1,Add:-1,LN:-1,FFN_W1:0,FFN_W3:0,FFN_W1:1,FFN_W3:1,SwiGLU:0,SwiGLU:1,FFN_W2:0,FFN_W2:1,Add:-1",0.00032135900410246165,0.00037160959243774417,npu|decode|17|2ef4409498d14c672a4fbbfe6786cce6,17,sample_step,0.00385630804922954,0.00445931510925293,5.025058833528251e-05,1.156369006916827,0.0006030070600233899,1.156369006916827
attn_on_pim_prefill-128xdecode_262_ops_trace.csv,decode,17,191,20,PIM0,pim,7,"Q:0,K:0,V:0,QK:0,Softmax:0,SV:0,O:0",2.5711697265506928e-05,2.1897e-05,pim|decode|17|61397802f1888ea563dd9b1ea38edd23,17,sample_step,0.00030854036718608313,0.000262764,-3.814697265506927e-06,0.8516357272678196,-4.577636718608311e-05,0.8516357272678197
attn_on_pim_prefill-128xdecode_262_ops_trace.csv,decode,17,191,20,PIM1,pim,7,"Q:1,K:1,V:1,QK:1,Softmax:1,SV:1,O:1",2.5711697265506928e-05,2.1897e-05,pim|decode|17|9c4e6c099d863efd94751a80c7e404c5,17,sample_step,0.00030854036718608313,0.000262764,-3.814697265506927e-06,0.8516357272678196,-4.577636718608311e-05,0.8516357272678197
attn_on_pim_prefill-128xdecode_262_ops_trace.csv,decode,17,191,21,GPU0,npu,12,"LN:-1,Add:-1,LN:-1,FFN_W1:0,FFN_W3:0,FFN_W1:1,FFN_W3:1,SwiGLU:0,SwiGLU:1,FFN_W2:0,FFN_W2:1,Add:-1",0.00032135900410246165,0.00037160959243774417,npu|decode|17|2ef4409498d14c672a4fbbfe6786cce6,17,sample_step,0.00385630804922954,0.00445931510925293,5.025058833528251e-05,1.156369006916827,0.0006030070600233899,1.156369006916827
attn_on_pim_prefill-128xdecode_262_ops_trace.csv,decode,17,191,21,PIM0,pim,7,"Q:0,K:0,V:0,QK:0,Softmax:0,SV:0,O:0",2.5711697265506928e-05,2.1897e-05,pim|decode|17|61397802f1888ea563dd9b1ea38edd23,17,sample_step,0.00030854036718608313,0.000262764,-3.814697265506927e-06,0.8516357272678196,-4.577636718608311e-05,0.8516357272678197
attn_on_pim_prefill-128xdecode_262_ops_trace.csv,decode,17,191,21,PIM1,pim,7,"Q:1,K:1,V:1,QK:1,Softmax:1,SV:1,O:1",2.5711697265506928e-05,2.1897e-05,pim|decode|17|9c4e6c099d863efd94751a80c7e404c5,17,sample_step,0.00030854036718608313,0.000262764,-3.814697265506927e-06,0.8516357272678196,-4.577636718608311e-05,0.8516357272678197
attn_on_pim_prefill-128xdecode_262_ops_trace.csv,decode,17,191,22,GPU0,npu,12,"LN:-1,Add:-1,LN:-1,FFN_W1:0,FFN_W3:0,FFN_W1:1,FFN_W3:1,SwiGLU:0,SwiGLU:1,FFN_W2:0,FFN_W2:1,Add:-1",0.00032135900410246165,0.00037160959243774417,npu|decode|17|2ef4409498d14c672a4fbbfe6786cce6,17,sample_step,0.00385630804922954,0.00445931510925293,5.025058833528251e-05,1.156369006916827,0.0006030070600233899,1.156369006916827
attn_on_pim_prefill-128xdecode_262_ops_trace.csv,decode,17,191,22,PIM0,pim,7,"Q:0,K:0,V:0,QK:0,Softmax:0,SV:0,O:0",2.5711697265506928e-05,2.1897e-05,pim|decode|17|61397802f1888ea563dd9b1ea38edd23,17,sample_step,0.00030854036718608313,0.000262764,-3.814697265506927e-06,0.8516357272678196,-4.577636718608311e-05,0.8516357272678197
attn_on_pim_prefill-128xdecode_262_ops_trace.csv,decode,17,191,22,PIM1,pim,7,"Q:1,K:1,V:1,QK:1,Softmax:1,SV:1,O:1",2.5711697265506928e-05,2.1897e-05,pim|decode|17|9c4e6c099d863efd94751a80c7e404c5,17,sample_step,0.00030854036718608313,0.000262764,-3.814697265506927e-06,0.8516357272678196,-4.577636718608311e-05,0.8516357272678197
attn_on_pim_prefill-128xdecode_262_ops_trace.csv,decode,17,191,23,GPU0,npu,12,"LN:-1,Add:-1,LN:-1,FFN_W1:0,FFN_W3:0,FFN_W1:1,FFN_W3:1,SwiGLU:0,SwiGLU:1,FFN_W2:0,FFN_W2:1,Add:-1",0.00032135900410246165,0.00037160959243774417,npu|decode|17|2ef4409498d14c672a4fbbfe6786cce6,17,sample_step,0.00385630804922954,0.00445931510925293,5.025058833528251e-05,1.156369006916827,0.0006030070600233899,1.156369006916827
attn_on_pim_prefill-128xdecode_262_ops_trace.csv,decode,17,191,23,PIM0,pim,7,"Q:0,K:0,V:0,QK:0,Softmax:0,SV:0,O:0",2.5711697265506928e-05,2.1897e-05,pim|decode|17|61397802f1888ea563dd9b1ea38edd23,17,sample_step,0.00030854036718608313,0.000262764,-3.814697265506927e-06,0.8516357272678196,-4.577636718608311e-05,0.8516357272678197
attn_on_pim_prefill-128xdecode_262_ops_trace.csv,decode,17,191,23,PIM1,pim,7,"Q:1,K:1,V:1,QK:1,Softmax:1,SV:1,O:1",2.5711697265506928e-05,2.1897e-05,pim|decode|17|9c4e6c099d863efd94751a80c7e404c5,17,sample_step,0.00030854036718608313,0.000262764,-3.814697265506927e-06,0.8516357272678196,-4.577636718608311e-05,0.8516357272678197
attn_on_pim_prefill-128xdecode_262_ops_trace.csv,decode,17,191,24,GPU0,npu,12,"LN:-1,Add:-1,LN:-1,FFN_W1:0,FFN_W3:0,FFN_W1:1,FFN_W3:1,SwiGLU:0,SwiGLU:1,FFN_W2:0,FFN_W2:1,Add:-1",0.00032135900410246165,0.00037160959243774417,npu|decode|17|2ef4409498d14c672a4fbbfe6786cce6,17,sample_step,0.00385630804922954,0.00445931510925293,5.025058833528251e-05,1.156369006916827,0.0006030070600233899,1.156369006916827
attn_on_pim_prefill-128xdecode_262_ops_trace.csv,decode,17,191,24,PIM0,pim,7,"Q:0,K:0,V:0,QK:0,Softmax:0,SV:0,O:0",2.5711697265506928e-05,2.1897e-05,pim|decode|17|61397802f1888ea563dd9b1ea38edd23,17,sample_step,0.00030854036718608313,0.000262764,-3.814697265506927e-06,0.8516357272678196,-4.577636718608311e-05,0.8516357272678197
attn_on_pim_prefill-128xdecode_262_ops_trace.csv,decode,17,191,24,PIM1,pim,7,"Q:1,K:1,V:1,QK:1,Softmax:1,SV:1,O:1",2.5711697265506928e-05,2.1897e-05,pim|decode|17|9c4e6c099d863efd94751a80c7e404c5,17,sample_step,0.00030854036718608313,0.000262764,-3.814697265506927e-06,0.8516357272678196,-4.577636718608311e-05,0.8516357272678197
attn_on_pim_prefill-128xdecode_262_ops_trace.csv,decode,17,191,25,GPU0,npu,12,"LN:-1,Add:-1,LN:-1,FFN_W1:0,FFN_W3:0,FFN_W1:1,FFN_W3:1,SwiGLU:0,SwiGLU:1,FFN_W2:0,FFN_W2:1,Add:-1",0.00032135900410246165,0.00037160959243774417,npu|decode|17|2ef4409498d14c672a4fbbfe6786cce6,17,sample_step,0.00385630804922954,0.00445931510925293,5.025058833528251e-05,1.156369006916827,0.0006030070600233899,1.156369006916827
attn_on_pim_prefill-128xdecode_262_ops_trace.csv,decode,17,191,25,PIM0,pim,7,"Q:0,K:0,V:0,QK:0,Softmax:0,SV:0,O:0",2.5711697265506928e-05,2.1897e-05,pim|decode|17|61397802f1888ea563dd9b1ea38edd23,17,sample_step,0.00030854036718608313,0.000262764,-3.814697265506927e-06,0.8516357272678196,-4.577636718608311e-05,0.8516357272678197
attn_on_pim_prefill-128xdecode_262_ops_trace.csv,decode,17,191,25,PIM1,pim,7,"Q:1,K:1,V:1,QK:1,Softmax:1,SV:1,O:1",2.5711697265506928e-05,2.1897e-05,pim|decode|17|9c4e6c099d863efd94751a80c7e404c5,17,sample_step,0.00030854036718608313,0.000262764,-3.814697265506927e-06,0.8516357272678196,-4.577636718608311e-05,0.8516357272678197
attn_on_pim_prefill-128xdecode_262_ops_trace.csv,decode,17,191,26,GPU0,npu,12,"LN:-1,Add:-1,LN:-1,FFN_W1:0,FFN_W3:0,FFN_W1:1,FFN_W3:1,SwiGLU:0,SwiGLU:1,FFN_W2:0,FFN_W2:1,Add:-1",0.00032135900410246165,0.00037160959243774417,npu|decode|17|2ef4409498d14c672a4fbbfe6786cce6,17,sample_step,0.00385630804922954,0.00445931510925293,5.025058833528251e-05,1.156369006916827,0.0006030070600233899,1.156369006916827
attn_on_pim_prefill-128xdecode_262_ops_trace.csv,decode,17,191,26,PIM0,pim,7,"Q:0,K:0,V:0,QK:0,Softmax:0,SV:0,O:0",2.5711697265506928e-05,2.1897e-05,pim|decode|17|61397802f1888ea563dd9b1ea38edd23,17,sample_step,0.00030854036718608313,0.000262764,-3.814697265506927e-06,0.8516357272678196,-4.577636718608311e-05,0.8516357272678197
attn_on_pim_prefill-128xdecode_262_ops_trace.csv,decode,17,191,26,PIM1,pim,7,"Q:1,K:1,V:1,QK:1,Softmax:1,SV:1,O:1",2.5711697265506928e-05,2.1897e-05,pim|decode|17|9c4e6c099d863efd94751a80c7e404c5,17,sample_step,0.00030854036718608313,0.000262764,-3.814697265506927e-06,0.8516357272678196,-4.577636718608311e-05,0.8516357272678197
attn_on_pim_prefill-128xdecode_262_ops_trace.csv,decode,17,191,27,GPU0,npu,12,"LN:-1,Add:-1,LN:-1,FFN_W1:0,FFN_W3:0,FFN_W1:1,FFN_W3:1,SwiGLU:0,SwiGLU:1,FFN_W2:0,FFN_W2:1,Add:-1",0.00032135900410246165,0.00037160959243774417,npu|decode|17|2ef4409498d14c672a4fbbfe6786cce6,17,sample_step,0.00385630804922954,0.00445931510925293,5.025058833528251e-05,1.156369006916827,0.0006030070600233899,1.156369006916827
attn_on_pim_prefill-128xdecode_262_ops_trace.csv,decode,17,191,27,PIM0,pim,7,"Q:0,K:0,V:0,QK:0,Softmax:0,SV:0,O:0",2.5711697265506928e-05,2.1897e-05,pim|decode|17|61397802f1888ea563dd9b1ea38edd23,17,sample_step,0.00030854036718608313,0.000262764,-3.814697265506927e-06,0.8516357272678196,-4.577636718608311e-05,0.8516357272678197
attn_on_pim_prefill-128xdecode_262_ops_trace.csv,decode,17,191,27,PIM1,pim,7,"Q:1,K:1,V:1,QK:1,Softmax:1,SV:1,O:1",2.5711697265506928e-05,2.1897e-05,pim|decode|17|9c4e6c099d863efd94751a80c7e404c5,17,sample_step,0.00030854036718608313,0.000262764,-3.814697265506927e-06,0.8516357272678196,-4.577636718608311e-05,0.8516357272678197
attn_on_pim_prefill-128xdecode_262_ops_trace.csv,decode,17,191,28,GPU0,npu,12,"LN:-1,Add:-1,LN:-1,FFN_W1:0,FFN_W3:0,FFN_W1:1,FFN_W3:1,SwiGLU:0,SwiGLU:1,FFN_W2:0,FFN_W2:1,Add:-1",0.00032135900410246165,0.00037160959243774417,npu|decode|17|2ef4409498d14c672a4fbbfe6786cce6,17,sample_step,0.00385630804922954,0.00445931510925293,5.025058833528251e-05,1.156369006916827,0.0006030070600233899,1.156369006916827
attn_on_pim_prefill-128xdecode_262_ops_trace.csv,decode,17,191,28,PIM0,pim,7,"Q:0,K:0,V:0,QK:0,Softmax:0,SV:0,O:0",2.5711697265506928e-05,2.1897e-05,pim|decode|17|61397802f1888ea563dd9b1ea38edd23,17,sample_step,0.00030854036718608313,0.000262764,-3.814697265506927e-06,0.8516357272678196,-4.577636718608311e-05,0.8516357272678197
attn_on_pim_prefill-128xdecode_262_ops_trace.csv,decode,17,191,28,PIM1,pim,7,"Q:1,K:1,V:1,QK:1,Softmax:1,SV:1,O:1",2.5711697265506928e-05,2.1897e-05,pim|decode|17|9c4e6c099d863efd94751a80c7e404c5,17,sample_step,0.00030854036718608313,0.000262764,-3.814697265506927e-06,0.8516357272678196,-4.577636718608311e-05,0.8516357272678197
attn_on_pim_prefill-128xdecode_262_ops_trace.csv,decode,17,191,29,GPU0,npu,12,"LN:-1,Add:-1,LN:-1,FFN_W1:0,FFN_W3:0,FFN_W1:1,FFN_W3:1,SwiGLU:0,SwiGLU:1,FFN_W2:0,FFN_W2:1,Add:-1",0.00032135900410246165,0.00037160959243774417,npu|decode|17|2ef4409498d14c672a4fbbfe6786cce6,17,sample_step,0.00385630804922954,0.00445931510925293,5.025058833528251e-05,1.156369006916827,0.0006030070600233899,1.156369006916827
attn_on_pim_prefill-128xdecode_262_ops_trace.csv,decode,17,191,29,PIM0,pim,7,"Q:0,K:0,V:0,QK:0,Softmax:0,SV:0,O:0",2.5711697265506928e-05,2.1897e-05,pim|decode|17|61397802f1888ea563dd9b1ea38edd23,17,sample_step,0.00030854036718608313,0.000262764,-3.814697265506927e-06,0.8516357272678196,-4.577636718608311e-05,0.8516357272678197
attn_on_pim_prefill-128xdecode_262_ops_trace.csv,decode,17,191,29,PIM1,pim,7,"Q:1,K:1,V:1,QK:1,Softmax:1,SV:1,O:1",2.5711697265506928e-05,2.1897e-05,pim|decode|17|9c4e6c099d863efd94751a80c7e404c5,17,sample_step,0.00030854036718608313,0.000262764,-3.814697265506927e-06,0.8516357272678196,-4.577636718608311e-05,0.8516357272678197
attn_on_pim_prefill-128xdecode_262_ops_trace.csv,decode,17,191,30,GPU0,npu,12,"LN:-1,Add:-1,LN:-1,FFN_W1:0,FFN_W3:0,FFN_W1:1,FFN_W3:1,SwiGLU:0,SwiGLU:1,FFN_W2:0,FFN_W2:1,Add:-1",0.00032135900410246165,0.00037160959243774417,npu|decode|17|2ef4409498d14c672a4fbbfe6786cce6,17,sample_step,0.00385630804922954,0.00445931510925293,5.025058833528251e-05,1.156369006916827,0.0006030070600233899,1.156369006916827
attn_on_pim_prefill-128xdecode_262_ops_trace.csv,decode,17,191,30,PIM0,pim,7,"Q:0,K:0,V:0,QK:0,Softmax:0,SV:0,O:0",2.5711697265506928e-05,2.1897e-05,pim|decode|17|61397802f1888ea563dd9b1ea38edd23,17,sample_step,0.00030854036718608313,0.000262764,-3.814697265506927e-06,0.8516357272678196,-4.577636718608311e-05,0.8516357272678197
attn_on_pim_prefill-128xdecode_262_ops_trace.csv,decode,17,191,30,PIM1,pim,7,"Q:1,K:1,V:1,QK:1,Softmax:1,SV:1,O:1",2.5711697265506928e-05,2.1897e-05,pim|decode|17|9c4e6c099d863efd94751a80c7e404c5,17,sample_step,0.00030854036718608313,0.000262764,-3.814697265506927e-06,0.8516357272678196,-4.577636718608311e-05,0.8516357272678197
attn_on_pim_prefill-128xdecode_262_ops_trace.csv,decode,17,191,31,GPU0,npu,12,"LN:-1,Add:-1,LN:-1,FFN_W1:0,FFN_W3:0,FFN_W1:1,FFN_W3:1,SwiGLU:0,SwiGLU:1,FFN_W2:0,FFN_W2:1,Add:-1",0.00032135900410246165,0.00037160959243774417,npu|decode|17|2ef4409498d14c672a4fbbfe6786cce6,17,sample_step,0.00385630804922954,0.00445931510925293,5.025058833528251e-05,1.156369006916827,0.0006030070600233899,1.156369006916827
attn_on_pim_prefill-128xdecode_262_ops_trace.csv,decode,17,191,31,PIM0,pim,7,"Q:0,K:0,V:0,QK:0,Softmax:0,SV:0,O:0",2.5711697265506928e-05,2.1897e-05,pim|decode|17|61397802f1888ea563dd9b1ea38edd23,17,sample_step,0.00030854036718608313,0.000262764,-3.814697265506927e-06,0.8516357272678196,-4.577636718608311e-05,0.8516357272678197
attn_on_pim_prefill-128xdecode_262_ops_trace.csv,decode,17,191,31,PIM1,pim,7,"Q:1,K:1,V:1,QK:1,Softmax:1,SV:1,O:1",2.5711697265506928e-05,2.1897e-05,pim|decode|17|9c4e6c099d863efd94751a80c7e404c5,17,sample_step,0.00030854036718608313,0.000262764,-3.814697265506927e-06,0.8516357272678196,-4.577636718608311e-05,0.8516357272678197
attn_on_pim_prefill-128xdecode_262_ops_trace.csv,decode,18,203,0,GPU0,npu,12,"LN:-1,Add:-1,LN:-1,FFN_W1:0,FFN_W3:0,FFN_W1:1,FFN_W3:1,SwiGLU:0,SwiGLU:1,FFN_W2:0,FFN_W2:1,Add:-1",0.00032135900410246165,0.0003709952116012573,npu|decode|18|2ef4409498d14c672a4fbbfe6786cce6,18,sample_step,0.00385630804922954,0.004451942539215088,4.9636207498795636e-05,1.1544571860913837,0.0005956344899855481,1.1544571860913837
attn_on_pim_prefill-128xdecode_262_ops_trace.csv,decode,18,203,0,PIM0,pim,7,"Q:0,K:0,V:0,QK:0,Softmax:0,SV:0,O:0",2.5781697265525594e-05,2.1966999999999998e-05,pim|decode|18|61397802f1888ea563dd9b1ea38edd23,18,sample_step,0.0003093803671863071,0.00026360399999999997,-3.8146972655255956e-06,0.852038551758713,-4.577636718630716e-05,0.852038551758713
attn_on_pim_prefill-128xdecode_262_ops_trace.csv,decode,18,203,0,PIM1,pim,7,"Q:1,K:1,V:1,QK:1,Softmax:1,SV:1,O:1",2.5781697265525594e-05,2.1966999999999998e-05,pim|decode|18|9c4e6c099d863efd94751a80c7e404c5,18,sample_step,0.0003093803671863071,0.00026360399999999997,-3.8146972655255956e-06,0.852038551758713,-4.577636718630716e-05,0.852038551758713
attn_on_pim_prefill-128xdecode_262_ops_trace.csv,decode,18,203,1,GPU0,npu,12,"LN:-1,Add:-1,LN:-1,FFN_W1:0,FFN_W3:0,FFN_W1:1,FFN_W3:1,SwiGLU:0,SwiGLU:1,FFN_W2:0,FFN_W2:1,Add:-1",0.00032135900410246165,0.0003709952116012573,npu|decode|18|2ef4409498d14c672a4fbbfe6786cce6,18,sample_step,0.00385630804922954,0.004451942539215088,4.9636207498795636e-05,1.1544571860913837,0.0005956344899855481,1.1544571860913837
attn_on_pim_prefill-128xdecode_262_ops_trace.csv,decode,18,203,1,PIM0,pim,7,"Q:0,K:0,V:0,QK:0,Softmax:0,SV:0,O:0",2.5781697265525594e-05,2.1966999999999998e-05,pim|decode|18|61397802f1888ea563dd9b1ea38edd23,18,sample_step,0.0003093803671863071,0.00026360399999999997,-3.8146972655255956e-06,0.852038551758713,-4.577636718630716e-05,0.852038551758713
attn_on_pim_prefill-128xdecode_262_ops_trace.csv,decode,18,203,1,PIM1,pim,7,"Q:1,K:1,V:1,QK:1,Softmax:1,SV:1,O:1",2.5781697265525594e-05,2.1966999999999998e-05,pim|decode|18|9c4e6c099d863efd94751a80c7e404c5,18,sample_step,0.0003093803671863071,0.00026360399999999997,-3.8146972655255956e-06,0.852038551758713,-4.577636718630716e-05,0.852038551758713
attn_on_pim_prefill-128xdecode_262_ops_trace.csv,decode,18,203,2,GPU0,npu,12,"LN:-1,Add:-1,LN:-1,FFN_W1:0,FFN_W3:0,FFN_W1:1,FFN_W3:1,SwiGLU:0,SwiGLU:1,FFN_W2:0,FFN_W2:1,Add:-1",0.00032135900410246165,0.0003709952116012573,npu|decode|18|2ef4409498d14c672a4fbbfe6786cce6,18,sample_step,0.00385630804922954,0.004451942539215088,4.9636207498795636e-05,1.1544571860913837,0.0005956344899855481,1.1544571860913837
attn_on_pim_prefill-128xdecode_262_ops_trace.csv,decode,18,203,2,PIM0,pim,7,"Q:0,K:0,V:0,QK:0,Softmax:0,SV:0,O:0",2.5781697265525594e-05,2.1966999999999998e-05,pim|decode|18|61397802f1888ea563dd9b1ea38edd23,18,sample_step,0.0003093803671863071,0.00026360399999999997,-3.8146972655255956e-06,0.852038551758713,-4.577636718630716e-05,0.852038551758713
attn_on_pim_prefill-128xdecode_262_ops_trace.csv,decode,18,203,2,PIM1,pim,7,"Q:1,K:1,V:1,QK:1,Softmax:1,SV:1,O:1",2.5781697265525594e-05,2.1966999999999998e-05,pim|decode|18|9c4e6c099d863efd94751a80c7e404c5,18,sample_step,0.0003093803671863071,0.00026360399999999997,-3.8146972655255956e-06,0.852038551758713,-4.577636718630716e-05,0.852038551758713
attn_on_pim_prefill-128xdecode_262_ops_trace.csv,decode,18,203,3,GPU0,npu,12,"LN:-1,Add:-1,LN:-1,FFN_W1:0,FFN_W3:0,FFN_W1:1,FFN_W3:1,SwiGLU:0,SwiGLU:1,FFN_W2:0,FFN_W2:1,Add:-1",0.00032135900410246165,0.0003709952116012573,npu|decode|18|2ef4409498d14c672a4fbbfe6786cce6,18,sample_step,0.00385630804922954,0.004451942539215088,4.9636207498795636e-05,1.1544571860913837,0.0005956344899855481,1.1544571860913837
attn_on_pim_prefill-128xdecode_262_ops_trace.csv,decode,18,203,3,PIM0,pim,7,"Q:0,K:0,V:0,QK:0,Softmax:0,SV:0,O:0",2.5781697265525594e-05,2.1966999999999998e-05,pim|decode|18|61397802f1888ea563dd9b1ea38edd23,18,sample_step,0.0003093803671863071,0.00026360399999999997,-3.8146972655255956e-06,0.852038551758713,-4.577636718630716e-05,0.852038551758713
attn_on_pim_prefill-128xdecode_262_ops_trace.csv,decode,18,203,3,PIM1,pim,7,"Q:1,K:1,V:1,QK:1,Softmax:1,SV:1,O:1",2.5781697265525594e-05,2.1966999999999998e-05,pim|decode|18|9c4e6c099d863efd94751a80c7e404c5,18,sample_step,0.0003093803671863071,0.00026360399999999997,-3.8146972655255956e-06,0.852038551758713,-4.577636718630716e-05,0.852038551758713
attn_on_pim_prefill-128xdecode_262_ops_trace.csv,decode,18,203,4,GPU0,npu,12,"LN:-1,Add:-1,LN:-1,FFN_W1:0,FFN_W3:0,FFN_W1:1,FFN_W3:1,SwiGLU:0,SwiGLU:1,FFN_W2:0,FFN_W2:1,Add:-1",0.00032135900410246165,0.0003709952116012573,npu|decode|18|2ef4409498d14c672a4fbbfe6786cce6,18,sample_step,0.00385630804922954,0.004451942539215088,4.9636207498795636e-05,1.1544571860913837,0.0005956344899855481,1.1544571860913837
attn_on_pim_prefill-128xdecode_262_ops_trace.csv,decode,18,203,4,PIM0,pim,7,"Q:0,K:0,V:0,QK:0,Softmax:0,SV:0,O:0",2.5781697265525594e-05,2.1966999999999998e-05,pim|decode|18|61397802f1888ea563dd9b1ea38edd23,18,sample_step,0.0003093803671863071,0.00026360399999999997,-3.8146972655255956e-06,0.852038551758713,-4.577636718630716e-05,0.852038551758713
attn_on_pim_prefill-128xdecode_262_ops_trace.csv,decode,18,203,4,PIM1,pim,7,"Q:1,K:1,V:1,QK:1,Softmax:1,SV:1,O:1",2.5781697265525594e-05,2.1966999999999998e-05,pim|decode|18|9c4e6c099d863efd94751a80c7e404c5,18,sample_step,0.0003093803671863071,0.00026360399999999997,-3.8146972655255956e-06,0.852038551758713,-4.577636718630716e-05,0.852038551758713
attn_on_pim_prefill-128xdecode_262_ops_trace.csv,decode,18,203,5,GPU0,npu,12,"LN:-1,Add:-1,LN:-1,FFN_W1:0,FFN_W3:0,FFN_W1:1,FFN_W3:1,SwiGLU:0,SwiGLU:1,FFN_W2:0,FFN_W2:1,Add:-1",0.00032135900410246165,0.0003709952116012573,npu|decode|18|2ef4409498d14c672a4fbbfe6786cce6,18,sample_step,0.00385630804922954,0.004451942539215088,4.9636207498795636e-05,1.1544571860913837,0.0005956344899855481,1.1544571860913837
attn_on_pim_prefill-128xdecode_262_ops_trace.csv,decode,18,203,5,PIM0,pim,7,"Q:0,K:0,V:0,QK:0,Softmax:0,SV:0,O:0",2.5781697265525594e-05,2.1966999999999998e-05,pim|decode|18|61397802f1888ea563dd9b1ea38edd23,18,sample_step,0.0003093803671863071,0.00026360399999999997,-3.8146972655255956e-06,0.852038551758713,-4.577636718630716e-05,0.852038551758713
attn_on_pim_prefill-128xdecode_262_ops_trace.csv,decode,18,203,5,PIM1,pim,7,"Q:1,K:1,V:1,QK:1,Softmax:1,SV:1,O:1",2.5781697265525594e-05,2.1966999999999998e-05,pim|decode|18|9c4e6c099d863efd94751a80c7e404c5,18,sample_step,0.0003093803671863071,0.00026360399999999997,-3.8146972655255956e-06,0.852038551758713,-4.577636718630716e-05,0.852038551758713
attn_on_pim_prefill-128xdecode_262_ops_trace.csv,decode,18,203,6,GPU0,npu,12,"LN:-1,Add:-1,LN:-1,FFN_W1:0,FFN_W3:0,FFN_W1:1,FFN_W3:1,SwiGLU:0,SwiGLU:1,FFN_W2:0,FFN_W2:1,Add:-1",0.00032135900410246165,0.0003709952116012573,npu|decode|18|2ef4409498d14c672a4fbbfe6786cce6,18,sample_step,0.00385630804922954,0.004451942539215088,4.9636207498795636e-05,1.1544571860913837,0.0005956344899855481,1.1544571860913837
attn_on_pim_prefill-128xdecode_262_ops_trace.csv,decode,18,203,6,PIM0,pim,7,"Q:0,K:0,V:0,QK:0,Softmax:0,SV:0,O:0",2.5781697265525594e-05,2.1966999999999998e-05,pim|decode|18|61397802f1888ea563dd9b1ea38edd23,18,sample_step,0.0003093803671863071,0.00026360399999999997,-3.8146972655255956e-06,0.852038551758713,-4.577636718630716e-05,0.852038551758713
attn_on_pim_prefill-128xdecode_262_ops_trace.csv,decode,18,203,6,PIM1,pim,7,"Q:1,K:1,V:1,QK:1,Softmax:1,SV:1,O:1",2.5781697265525594e-05,2.1966999999999998e-05,pim|decode|18|9c4e6c099d863efd94751a80c7e404c5,18,sample_step,0.0003093803671863071,0.00026360399999999997,-3.8146972655255956e-06,0.852038551758713,-4.577636718630716e-05,0.852038551758713
attn_on_pim_prefill-128xdecode_262_ops_trace.csv,decode,18,203,7,GPU0,npu,12,"LN:-1,Add:-1,LN:-1,FFN_W1:0,FFN_W3:0,FFN_W1:1,FFN_W3:1,SwiGLU:0,SwiGLU:1,FFN_W2:0,FFN_W2:1,Add:-1",0.00032135900410246165,0.0003709952116012573,npu|decode|18|2ef4409498d14c672a4fbbfe6786cce6,18,sample_step,0.00385630804922954,0.004451942539215088,4.9636207498795636e-05,1.1544571860913837,0.0005956344899855481,1.1544571860913837
attn_on_pim_prefill-128xdecode_262_ops_trace.csv,decode,18,203,7,PIM0,pim,7,"Q:0,K:0,V:0,QK:0,Softmax:0,SV:0,O:0",2.5781697265525594e-05,2.1966999999999998e-05,pim|decode|18|61397802f1888ea563dd9b1ea38edd23,18,sample_step,0.0003093803671863071,0.00026360399999999997,-3.8146972655255956e-06,0.852038551758713,-4.577636718630716e-05,0.852038551758713
attn_on_pim_prefill-128xdecode_262_ops_trace.csv,decode,18,203,7,PIM1,pim,7,"Q:1,K:1,V:1,QK:1,Softmax:1,SV:1,O:1",2.5781697265525594e-05,2.1966999999999998e-05,pim|decode|18|9c4e6c099d863efd94751a80c7e404c5,18,sample_step,0.0003093803671863071,0.00026360399999999997,-3.8146972655255956e-06,0.852038551758713,-4.577636718630716e-05,0.852038551758713
attn_on_pim_prefill-128xdecode_262_ops_trace.csv,decode,18,203,8,GPU0,npu,12,"LN:-1,Add:-1,LN:-1,FFN_W1:0,FFN_W3:0,FFN_W1:1,FFN_W3:1,SwiGLU:0,SwiGLU:1,FFN_W2:0,FFN_W2:1,Add:-1",0.00032135900410246165,0.0003709952116012573,npu|decode|18|2ef4409498d14c672a4fbbfe6786cce6,18,sample_step,0.00385630804922954,0.004451942539215088,4.9636207498795636e-05,1.1544571860913837,0.0005956344899855481,1.1544571860913837
attn_on_pim_prefill-128xdecode_262_ops_trace.csv,decode,18,203,8,PIM0,pim,7,"Q:0,K:0,V:0,QK:0,Softmax:0,SV:0,O:0",2.5781697265525594e-05,2.1966999999999998e-05,pim|decode|18|61397802f1888ea563dd9b1ea38edd23,18,sample_step,0.0003093803671863071,0.00026360399999999997,-3.8146972655255956e-06,0.852038551758713,-4.577636718630716e-05,0.852038551758713
attn_on_pim_prefill-128xdecode_262_ops_trace.csv,decode,18,203,8,PIM1,pim,7,"Q:1,K:1,V:1,QK:1,Softmax:1,SV:1,O:1",2.5781697265525594e-05,2.1966999999999998e-05,pim|decode|18|9c4e6c099d863efd94751a80c7e404c5,18,sample_step,0.0003093803671863071,0.00026360399999999997,-3.8146972655255956e-06,0.852038551758713,-4.577636718630716e-05,0.852038551758713
attn_on_pim_prefill-128xdecode_262_ops_trace.csv,decode,18,203,9,GPU0,npu,12,"LN:-1,Add:-1,LN:-1,FFN_W1:0,FFN_W3:0,FFN_W1:1,FFN_W3:1,SwiGLU:0,SwiGLU:1,FFN_W2:0,FFN_W2:1,Add:-1",0.00032135900410246165,0.0003709952116012573,npu|decode|18|2ef4409498d14c672a4fbbfe6786cce6,18,sample_step,0.00385630804922954,0.004451942539215088,4.9636207498795636e-05,1.1544571860913837,0.0005956344899855481,1.1544571860913837
attn_on_pim_prefill-128xdecode_262_ops_trace.csv,decode,18,203,9,PIM0,pim,7,"Q:0,K:0,V:0,QK:0,Softmax:0,SV:0,O:0",2.5781697265525594e-05,2.1966999999999998e-05,pim|decode|18|61397802f1888ea563dd9b1ea38edd23,18,sample_step,0.0003093803671863071,0.00026360399999999997,-3.8146972655255956e-06,0.852038551758713,-4.577636718630716e-05,0.852038551758713
attn_on_pim_prefill-128xdecode_262_ops_trace.csv,decode,18,203,9,PIM1,pim,7,"Q:1,K:1,V:1,QK:1,Softmax:1,SV:1,O:1",2.5781697265525594e-05,2.1966999999999998e-05,pim|decode|18|9c4e6c099d863efd94751a80c7e404c5,18,sample_step,0.0003093803671863071,0.00026360399999999997,-3.8146972655255956e-06,0.852038551758713,-4.577636718630716e-05,0.852038551758713
attn_on_pim_prefill-128xdecode_262_ops_trace.csv,decode,18,203,10,GPU0,npu,12,"LN:-1,Add:-1,LN:-1,FFN_W1:0,FFN_W3:0,FFN_W1:1,FFN_W3:1,SwiGLU:0,SwiGLU:1,FFN_W2:0,FFN_W2:1,Add:-1",0.00032135900410246165,0.0003709952116012573,npu|decode|18|2ef4409498d14c672a4fbbfe6786cce6,18,sample_step,0.00385630804922954,0.004451942539215088,4.9636207498795636e-05,1.1544571860913837,0.0005956344899855481,1.1544571860913837
attn_on_pim_prefill-128xdecode_262_ops_trace.csv,decode,18,203,10,PIM0,pim,7,"Q:0,K:0,V:0,QK:0,Softmax:0,SV:0,O:0",2.5781697265525594e-05,2.1966999999999998e-05,pim|decode|18|61397802f1888ea563dd9b1ea38edd23,18,sample_step,0.0003093803671863071,0.00026360399999999997,-3.8146972655255956e-06,0.852038551758713,-4.577636718630716e-05,0.852038551758713
attn_on_pim_prefill-128xdecode_262_ops_trace.csv,decode,18,203,10,PIM1,pim,7,"Q:1,K:1,V:1,QK:1,Softmax:1,SV:1,O:1",2.5781697265525594e-05,2.1966999999999998e-05,pim|decode|18|9c4e6c099d863efd94751a80c7e404c5,18,sample_step,0.0003093803671863071,0.00026360399999999997,-3.8146972655255956e-06,0.852038551758713,-4.577636718630716e-05,0.852038551758713
attn_on_pim_prefill-128xdecode_262_ops_trace.csv,decode,18,203,11,GPU0,npu,12,"LN:-1,Add:-1,LN:-1,FFN_W1:0,FFN_W3:0,FFN_W1:1,FFN_W3:1,SwiGLU:0,SwiGLU:1,FFN_W2:0,FFN_W2:1,Add:-1",0.00032135900410246165,0.0003709952116012573,npu|decode|18|2ef4409498d14c672a4fbbfe6786cce6,18,sample_step,0.00385630804922954,0.004451942539215088,4.9636207498795636e-05,1.1544571860913837,0.0005956344899855481,1.1544571860913837
attn_on_pim_prefill-128xdecode_262_ops_trace.csv,decode,18,203,11,PIM0,pim,7,"Q:0,K:0,V:0,QK:0,Softmax:0,SV:0,O:0",2.5781697265525594e-05,2.1966999999999998e-05,pim|decode|18|61397802f1888ea563dd9b1ea38edd23,18,sample_step,0.0003093803671863071,0.00026360399999999997,-3.8146972655255956e-06,0.852038551758713,-4.577636718630716e-05,0.852038551758713
attn_on_pim_prefill-128xdecode_262_ops_trace.csv,decode,18,203,11,PIM1,pim,7,"Q:1,K:1,V:1,QK:1,Softmax:1,SV:1,O:1",2.5781697265525594e-05,2.1966999999999998e-05,pim|decode|18|9c4e6c099d863efd94751a80c7e404c5,18,sample_step,0.0003093803671863071,0.00026360399999999997,-3.8146972655255956e-06,0.852038551758713,-4.577636718630716e-05,0.852038551758713
attn_on_pim_prefill-128xdecode_262_ops_trace.csv,decode,18,203,12,GPU0,npu,12,"LN:-1,Add:-1,LN:-1,FFN_W1:0,FFN_W3:0,FFN_W1:1,FFN_W3:1,SwiGLU:0,SwiGLU:1,FFN_W2:0,FFN_W2:1,Add:-1",0.00032135900410246165,0.0003709952116012573,npu|decode|18|2ef4409498d14c672a4fbbfe6786cce6,18,sample_step,0.00385630804922954,0.004451942539215088,4.9636207498795636e-05,1.1544571860913837,0.0005956344899855481,1.1544571860913837
attn_on_pim_prefill-128xdecode_262_ops_trace.csv,decode,18,203,12,PIM0,pim,7,"Q:0,K:0,V:0,QK:0,Softmax:0,SV:0,O:0",2.5781697265525594e-05,2.1966999999999998e-05,pim|decode|18|61397802f1888ea563dd9b1ea38edd23,18,sample_step,0.0003093803671863071,0.00026360399999999997,-3.8146972655255956e-06,0.852038551758713,-4.577636718630716e-05,0.852038551758713
attn_on_pim_prefill-128xdecode_262_ops_trace.csv,decode,18,203,12,PIM1,pim,7,"Q:1,K:1,V:1,QK:1,Softmax:1,SV:1,O:1",2.5781697265525594e-05,2.1966999999999998e-05,pim|decode|18|9c4e6c099d863efd94751a80c7e404c5,18,sample_step,0.0003093803671863071,0.00026360399999999997,-3.8146972655255956e-06,0.852038551758713,-4.577636718630716e-05,0.852038551758713
attn_on_pim_prefill-128xdecode_262_ops_trace.csv,decode,18,203,13,GPU0,npu,12,"LN:-1,Add:-1,LN:-1,FFN_W1:0,FFN_W3:0,FFN_W1:1,FFN_W3:1,SwiGLU:0,SwiGLU:1,FFN_W2:0,FFN_W2:1,Add:-1",0.00032135900410246165,0.0003709952116012573,npu|decode|18|2ef4409498d14c672a4fbbfe6786cce6,18,sample_step,0.00385630804922954,0.004451942539215088,4.9636207498795636e-05,1.1544571860913837,0.0005956344899855481,1.1544571860913837
attn_on_pim_prefill-128xdecode_262_ops_trace.csv,decode,18,203,13,PIM0,pim,7,"Q:0,K:0,V:0,QK:0,Softmax:0,SV:0,O:0",2.5781697265525594e-05,2.1966999999999998e-05,pim|decode|18|61397802f1888ea563dd9b1ea38edd23,18,sample_step,0.0003093803671863071,0.00026360399999999997,-3.8146972655255956e-06,0.852038551758713,-4.577636718630716e-05,0.852038551758713
attn_on_pim_prefill-128xdecode_262_ops_trace.csv,decode,18,203,13,PIM1,pim,7,"Q:1,K:1,V:1,QK:1,Softmax:1,SV:1,O:1",2.5781697265525594e-05,2.1966999999999998e-05,pim|decode|18|9c4e6c099d863efd94751a80c7e404c5,18,sample_step,0.0003093803671863071,0.00026360399999999997,-3.8146972655255956e-06,0.852038551758713,-4.577636718630716e-05,0.852038551758713
attn_on_pim_prefill-128xdecode_262_ops_trace.csv,decode,18,203,14,GPU0,npu,12,"LN:-1,Add:-1,LN:-1,FFN_W1:0,FFN_W3:0,FFN_W1:1,FFN_W3:1,SwiGLU:0,SwiGLU:1,FFN_W2:0,FFN_W2:1,Add:-1",0.00032135900410246165,0.0003709952116012573,npu|decode|18|2ef4409498d14c672a4fbbfe6786cce6,18,sample_step,0.00385630804922954,0.004451942539215088,4.9636207498795636e-05,1.1544571860913837,0.0005956344899855481,1.1544571860913837
attn_on_pim_prefill-128xdecode_262_ops_trace.csv,decode,18,203,14,PIM0,pim,7,"Q:0,K:0,V:0,QK:0,Softmax:0,SV:0,O:0",2.5781697265525594e-05,2.1966999999999998e-05,pim|decode|18|61397802f1888ea563dd9b1ea38edd23,18,sample_step,0.0003093803671863071,0.00026360399999999997,-3.8146972655255956e-06,0.852038551758713,-4.577636718630716e-05,0.852038551758713
attn_on_pim_prefill-128xdecode_262_ops_trace.csv,decode,18,203,14,PIM1,pim,7,"Q:1,K:1,V:1,QK:1,Softmax:1,SV:1,O:1",2.5781697265525594e-05,2.1966999999999998e-05,pim|decode|18|9c4e6c099d863efd94751a80c7e404c5,18,sample_step,0.0003093803671863071,0.00026360399999999997,-3.8146972655255956e-06,0.852038551758713,-4.577636718630716e-05,0.852038551758713
attn_on_pim_prefill-128xdecode_262_ops_trace.csv,decode,18,203,15,GPU0,npu,12,"LN:-1,Add:-1,LN:-1,FFN_W1:0,FFN_W3:0,FFN_W1:1,FFN_W3:1,SwiGLU:0,SwiGLU:1,FFN_W2:0,FFN_W2:1,Add:-1",0.00032135900410246165,0.0003709952116012573,npu|decode|18|2ef4409498d14c672a4fbbfe6786cce6,18,sample_step,0.00385630804922954,0.004451942539215088,4.9636207498795636e-05,1.1544571860913837,0.0005956344899855481,1.1544571860913837
attn_on_pim_prefill-128xdecode_262_ops_trace.csv,decode,18,203,15,PIM0,pim,7,"Q:0,K:0,V:0,QK:0,Softmax:0,SV:0,O:0",2.5781697265525594e-05,2.1966999999999998e-05,pim|decode|18|61397802f1888ea563dd9b1ea38edd23,18,sample_step,0.0003093803671863071,0.00026360399999999997,-3.8146972655255956e-06,0.852038551758713,-4.577636718630716e-05,0.852038551758713
attn_on_pim_prefill-128xdecode_262_ops_trace.csv,decode,18,203,15,PIM1,pim,7,"Q:1,K:1,V:1,QK:1,Softmax:1,SV:1,O:1",2.5781697265525594e-05,2.1966999999999998e-05,pim|decode|18|9c4e6c099d863efd94751a80c7e404c5,18,sample_step,0.0003093803671863071,0.00026360399999999997,-3.8146972655255956e-06,0.852038551758713,-4.577636718630716e-05,0.852038551758713
attn_on_pim_prefill-128xdecode_262_ops_trace.csv,decode,18,203,16,GPU0,npu,12,"LN:-1,Add:-1,LN:-1,FFN_W1:0,FFN_W3:0,FFN_W1:1,FFN_W3:1,SwiGLU:0,SwiGLU:1,FFN_W2:0,FFN_W2:1,Add:-1",0.00032135900410246165,0.0003709952116012573,npu|decode|18|2ef4409498d14c672a4fbbfe6786cce6,18,sample_step,0.00385630804922954,0.004451942539215088,4.9636207498795636e-05,1.1544571860913837,0.0005956344899855481,1.1544571860913837
attn_on_pim_prefill-128xdecode_262_ops_trace.csv,decode,18,203,16,PIM0,pim,7,"Q:0,K:0,V:0,QK:0,Softmax:0,SV:0,O:0",2.5781697265525594e-05,2.1966999999999998e-05,pim|decode|18|61397802f1888ea563dd9b1ea38edd23,18,sample_step,0.0003093803671863071,0.00026360399999999997,-3.8146972655255956e-06,0.852038551758713,-4.577636718630716e-05,0.852038551758713
attn_on_pim_prefill-128xdecode_262_ops_trace.csv,decode,18,203,16,PIM1,pim,7,"Q:1,K:1,V:1,QK:1,Softmax:1,SV:1,O:1",2.5781697265525594e-05,2.1966999999999998e-05,pim|decode|18|9c4e6c099d863efd94751a80c7e404c5,18,sample_step,0.0003093803671863071,0.00026360399999999997,-3.8146972655255956e-06,0.852038551758713,-4.577636718630716e-05,0.852038551758713
attn_on_pim_prefill-128xdecode_262_ops_trace.csv,decode,18,203,17,GPU0,npu,12,"LN:-1,Add:-1,LN:-1,FFN_W1:0,FFN_W3:0,FFN_W1:1,FFN_W3:1,SwiGLU:0,SwiGLU:1,FFN_W2:0,FFN_W2:1,Add:-1",0.00032135900410246165,0.0003709952116012573,npu|decode|18|2ef4409498d14c672a4fbbfe6786cce6,18,sample_step,0.00385630804922954,0.004451942539215088,4.9636207498795636e-05,1.1544571860913837,0.0005956344899855481,1.1544571860913837
attn_on_pim_prefill-128xdecode_262_ops_trace.csv,decode,18,203,17,PIM0,pim,7,"Q:0,K:0,V:0,QK:0,Softmax:0,SV:0,O:0",2.5781697265525594e-05,2.1966999999999998e-05,pim|decode|18|61397802f1888ea563dd9b1ea38edd23,18,sample_step,0.0003093803671863071,0.00026360399999999997,-3.8146972655255956e-06,0.852038551758713,-4.577636718630716e-05,0.852038551758713
attn_on_pim_prefill-128xdecode_262_ops_trace.csv,decode,18,203,17,PIM1,pim,7,"Q:1,K:1,V:1,QK:1,Softmax:1,SV:1,O:1",2.5781697265525594e-05,2.1966999999999998e-05,pim|decode|18|9c4e6c099d863efd94751a80c7e404c5,18,sample_step,0.0003093803671863071,0.00026360399999999997,-3.8146972655255956e-06,0.852038551758713,-4.577636718630716e-05,0.852038551758713
attn_on_pim_prefill-128xdecode_262_ops_trace.csv,decode,18,203,18,GPU0,npu,12,"LN:-1,Add:-1,LN:-1,FFN_W1:0,FFN_W3:0,FFN_W1:1,FFN_W3:1,SwiGLU:0,SwiGLU:1,FFN_W2:0,FFN_W2:1,Add:-1",0.00032135900410246165,0.0003709952116012573,npu|decode|18|2ef4409498d14c672a4fbbfe6786cce6,18,sample_step,0.00385630804922954,0.004451942539215088,4.9636207498795636e-05,1.1544571860913837,0.0005956344899855481,1.1544571860913837
attn_on_pim_prefill-128xdecode_262_ops_trace.csv,decode,18,203,18,PIM0,pim,7,"Q:0,K:0,V:0,QK:0,Softmax:0,SV:0,O:0",2.5781697265525594e-05,2.1966999999999998e-05,pim|decode|18|61397802f1888ea563dd9b1ea38edd23,18,sample_step,0.0003093803671863071,0.00026360399999999997,-3.8146972655255956e-06,0.852038551758713,-4.577636718630716e-05,0.852038551758713
attn_on_pim_prefill-128xdecode_262_ops_trace.csv,decode,18,203,18,PIM1,pim,7,"Q:1,K:1,V:1,QK:1,Softmax:1,SV:1,O:1",2.5781697265525594e-05,2.1966999999999998e-05,pim|decode|18|9c4e6c099d863efd94751a80c7e404c5,18,sample_step,0.0003093803671863071,0.00026360399999999997,-3.8146972655255956e-06,0.852038551758713,-4.577636718630716e-05,0.852038551758713
attn_on_pim_prefill-128xdecode_262_ops_trace.csv,decode,18,203,19,GPU0,npu,12,"LN:-1,Add:-1,LN:-1,FFN_W1:0,FFN_W3:0,FFN_W1:1,FFN_W3:1,SwiGLU:0,SwiGLU:1,FFN_W2:0,FFN_W2:1,Add:-1",0.00032135900410246165,0.0003709952116012573,npu|decode|18|2ef4409498d14c672a4fbbfe6786cce6,18,sample_step,0.00385630804922954,0.004451942539215088,4.9636207498795636e-05,1.1544571860913837,0.0005956344899855481,1.1544571860913837
attn_on_pim_prefill-128xdecode_262_ops_trace.csv,decode,18,203,19,PIM0,pim,7,"Q:0,K:0,V:0,QK:0,Softmax:0,SV:0,O:0",2.5781697265525594e-05,2.1966999999999998e-05,pim|decode|18|61397802f1888ea563dd9b1ea38edd23,18,sample_step,0.0003093803671863071,0.00026360399999999997,-3.8146972655255956e-06,0.852038551758713,-4.577636718630716e-05,0.852038551758713
attn_on_pim_prefill-128xdecode_262_ops_trace.csv,decode,18,203,19,PIM1,pim,7,"Q:1,K:1,V:1,QK:1,Softmax:1,SV:1,O:1",2.5781697265525594e-05,2.1966999999999998e-05,pim|decode|18|9c4e6c099d863efd94751a80c7e404c5,18,sample_step,0.0003093803671863071,0.00026360399999999997,-3.8146972655255956e-06,0.852038551758713,-4.577636718630716e-05,0.852038551758713
attn_on_pim_prefill-128xdecode_262_ops_trace.csv,decode,18,203,20,GPU0,npu,12,"LN:-1,Add:-1,LN:-1,FFN_W1:0,FFN_W3:0,FFN_W1:1,FFN_W3:1,SwiGLU:0,SwiGLU:1,FFN_W2:0,FFN_W2:1,Add:-1",0.00032135900410246165,0.0003709952116012573,npu|decode|18|2ef4409498d14c672a4fbbfe6786cce6,18,sample_step,0.00385630804922954,0.004451942539215088,4.9636207498795636e-05,1.1544571860913837,0.0005956344899855481,1.1544571860913837
attn_on_pim_prefill-128xdecode_262_ops_trace.csv,decode,18,203,20,PIM0,pim,7,"Q:0,K:0,V:0,QK:0,Softmax:0,SV:0,O:0",2.5781697265525594e-05,2.1966999999999998e-05,pim|decode|18|61397802f1888ea563dd9b1ea38edd23,18,sample_step,0.0003093803671863071,0.00026360399999999997,-3.8146972655255956e-06,0.852038551758713,-4.577636718630716e-05,0.852038551758713
attn_on_pim_prefill-128xdecode_262_ops_trace.csv,decode,18,203,20,PIM1,pim,7,"Q:1,K:1,V:1,QK:1,Softmax:1,SV:1,O:1",2.5781697265525594e-05,2.1966999999999998e-05,pim|decode|18|9c4e6c099d863efd94751a80c7e404c5,18,sample_step,0.0003093803671863071,0.00026360399999999997,-3.8146972655255956e-06,0.852038551758713,-4.577636718630716e-05,0.852038551758713
attn_on_pim_prefill-128xdecode_262_ops_trace.csv,decode,18,203,21,GPU0,npu,12,"LN:-1,Add:-1,LN:-1,FFN_W1:0,FFN_W3:0,FFN_W1:1,FFN_W3:1,SwiGLU:0,SwiGLU:1,FFN_W2:0,FFN_W2:1,Add:-1",0.00032135900410246165,0.0003709952116012573,npu|decode|18|2ef4409498d14c672a4fbbfe6786cce6,18,sample_step,0.00385630804922954,0.004451942539215088,4.9636207498795636e-05,1.1544571860913837,0.0005956344899855481,1.1544571860913837
attn_on_pim_prefill-128xdecode_262_ops_trace.csv,decode,18,203,21,PIM0,pim,7,"Q:0,K:0,V:0,QK:0,Softmax:0,SV:0,O:0",2.5781697265525594e-05,2.1966999999999998e-05,pim|decode|18|61397802f1888ea563dd9b1ea38edd23,18,sample_step,0.0003093803671863071,0.00026360399999999997,-3.8146972655255956e-06,0.852038551758713,-4.577636718630716e-05,0.852038551758713
attn_on_pim_prefill-128xdecode_262_ops_trace.csv,decode,18,203,21,PIM1,pim,7,"Q:1,K:1,V:1,QK:1,Softmax:1,SV:1,O:1",2.5781697265525594e-05,2.1966999999999998e-05,pim|decode|18|9c4e6c099d863efd94751a80c7e404c5,18,sample_step,0.0003093803671863071,0.00026360399999999997,-3.8146972655255956e-06,0.852038551758713,-4.577636718630716e-05,0.852038551758713
attn_on_pim_prefill-128xdecode_262_ops_trace.csv,decode,18,203,22,GPU0,npu,12,"LN:-1,Add:-1,LN:-1,FFN_W1:0,FFN_W3:0,FFN_W1:1,FFN_W3:1,SwiGLU:0,SwiGLU:1,FFN_W2:0,FFN_W2:1,Add:-1",0.00032135900410246165,0.0003709952116012573,npu|decode|18|2ef4409498d14c672a4fbbfe6786cce6,18,sample_step,0.00385630804922954,0.004451942539215088,4.9636207498795636e-05,1.1544571860913837,0.0005956344899855481,1.1544571860913837
attn_on_pim_prefill-128xdecode_262_ops_trace.csv,decode,18,203,22,PIM0,pim,7,"Q:0,K:0,V:0,QK:0,Softmax:0,SV:0,O:0",2.5781697265525594e-05,2.1966999999999998e-05,pim|decode|18|61397802f1888ea563dd9b1ea38edd23,18,sample_step,0.0003093803671863071,0.00026360399999999997,-3.8146972655255956e-06,0.852038551758713,-4.577636718630716e-05,0.852038551758713
attn_on_pim_prefill-128xdecode_262_ops_trace.csv,decode,18,203,22,PIM1,pim,7,"Q:1,K:1,V:1,QK:1,Softmax:1,SV:1,O:1",2.5781697265525594e-05,2.1966999999999998e-05,pim|decode|18|9c4e6c099d863efd94751a80c7e404c5,18,sample_step,0.0003093803671863071,0.00026360399999999997,-3.8146972655255956e-06,0.852038551758713,-4.577636718630716e-05,0.852038551758713
attn_on_pim_prefill-128xdecode_262_ops_trace.csv,decode,18,203,23,GPU0,npu,12,"LN:-1,Add:-1,LN:-1,FFN_W1:0,FFN_W3:0,FFN_W1:1,FFN_W3:1,SwiGLU:0,SwiGLU:1,FFN_W2:0,FFN_W2:1,Add:-1",0.00032135900410246165,0.0003709952116012573,npu|decode|18|2ef4409498d14c672a4fbbfe6786cce6,18,sample_step,0.00385630804922954,0.004451942539215088,4.9636207498795636e-05,1.1544571860913837,0.0005956344899855481,1.1544571860913837
attn_on_pim_prefill-128xdecode_262_ops_trace.csv,decode,18,203,23,PIM0,pim,7,"Q:0,K:0,V:0,QK:0,Softmax:0,SV:0,O:0",2.5781697265525594e-05,2.1966999999999998e-05,pim|decode|18|61397802f1888ea563dd9b1ea38edd23,18,sample_step,0.0003093803671863071,0.00026360399999999997,-3.8146972655255956e-06,0.852038551758713,-4.577636718630716e-05,0.852038551758713
attn_on_pim_prefill-128xdecode_262_ops_trace.csv,decode,18,203,23,PIM1,pim,7,"Q:1,K:1,V:1,QK:1,Softmax:1,SV:1,O:1",2.5781697265525594e-05,2.1966999999999998e-05,pim|decode|18|9c4e6c099d863efd94751a80c7e404c5,18,sample_step,0.0003093803671863071,0.00026360399999999997,-3.8146972655255956e-06,0.852038551758713,-4.577636718630716e-05,0.852038551758713
attn_on_pim_prefill-128xdecode_262_ops_trace.csv,decode,18,203,24,GPU0,npu,12,"LN:-1,Add:-1,LN:-1,FFN_W1:0,FFN_W3:0,FFN_W1:1,FFN_W3:1,SwiGLU:0,SwiGLU:1,FFN_W2:0,FFN_W2:1,Add:-1",0.00032135900410246165,0.0003709952116012573,npu|decode|18|2ef4409498d14c672a4fbbfe6786cce6,18,sample_step,0.00385630804922954,0.004451942539215088,4.9636207498795636e-05,1.1544571860913837,0.0005956344899855481,1.1544571860913837
attn_on_pim_prefill-128xdecode_262_ops_trace.csv,decode,18,203,24,PIM0,pim,7,"Q:0,K:0,V:0,QK:0,Softmax:0,SV:0,O:0",2.5781697265525594e-05,2.1966999999999998e-05,pim|decode|18|61397802f1888ea563dd9b1ea38edd23,18,sample_step,0.0003093803671863071,0.00026360399999999997,-3.8146972655255956e-06,0.852038551758713,-4.577636718630716e-05,0.852038551758713
attn_on_pim_prefill-128xdecode_262_ops_trace.csv,decode,18,203,24,PIM1,pim,7,"Q:1,K:1,V:1,QK:1,Softmax:1,SV:1,O:1",2.5781697265525594e-05,2.1966999999999998e-05,pim|decode|18|9c4e6c099d863efd94751a80c7e404c5,18,sample_step,0.0003093803671863071,0.00026360399999999997,-3.8146972655255956e-06,0.852038551758713,-4.577636718630716e-05,0.852038551758713
attn_on_pim_prefill-128xdecode_262_ops_trace.csv,decode,18,203,25,GPU0,npu,12,"LN:-1,Add:-1,LN:-1,FFN_W1:0,FFN_W3:0,FFN_W1:1,FFN_W3:1,SwiGLU:0,SwiGLU:1,FFN_W2:0,FFN_W2:1,Add:-1",0.00032135900410246165,0.0003709952116012573,npu|decode|18|2ef4409498d14c672a4fbbfe6786cce6,18,sample_step,0.00385630804922954,0.004451942539215088,4.9636207498795636e-05,1.1544571860913837,0.0005956344899855481,1.1544571860913837
attn_on_pim_prefill-128xdecode_262_ops_trace.csv,decode,18,203,25,PIM0,pim,7,"Q:0,K:0,V:0,QK:0,Softmax:0,SV:0,O:0",2.5781697265525594e-05,2.1966999999999998e-05,pim|decode|18|61397802f1888ea563dd9b1ea38edd23,18,sample_step,0.0003093803671863071,0.00026360399999999997,-3.8146972655255956e-06,0.852038551758713,-4.577636718630716e-05,0.852038551758713
attn_on_pim_prefill-128xdecode_262_ops_trace.csv,decode,18,203,25,PIM1,pim,7,"Q:1,K:1,V:1,QK:1,Softmax:1,SV:1,O:1",2.5781697265525594e-05,2.1966999999999998e-05,pim|decode|18|9c4e6c099d863efd94751a80c7e404c5,18,sample_step,0.0003093803671863071,0.00026360399999999997,-3.8146972655255956e-06,0.852038551758713,-4.577636718630716e-05,0.852038551758713
attn_on_pim_prefill-128xdecode_262_ops_trace.csv,decode,18,203,26,GPU0,npu,12,"LN:-1,Add:-1,LN:-1,FFN_W1:0,FFN_W3:0,FFN_W1:1,FFN_W3:1,SwiGLU:0,SwiGLU:1,FFN_W2:0,FFN_W2:1,Add:-1",0.00032135900410246165,0.0003709952116012573,npu|decode|18|2ef4409498d14c672a4fbbfe6786cce6,18,sample_step,0.00385630804922954,0.004451942539215088,4.9636207498795636e-05,1.1544571860913837,0.0005956344899855481,1.1544571860913837
attn_on_pim_prefill-128xdecode_262_ops_trace.csv,decode,18,203,26,PIM0,pim,7,"Q:0,K:0,V:0,QK:0,Softmax:0,SV:0,O:0",2.5781697265525594e-05,2.1966999999999998e-05,pim|decode|18|61397802f1888ea563dd9b1ea38edd23,18,sample_step,0.0003093803671863071,0.00026360399999999997,-3.8146972655255956e-06,0.852038551758713,-4.577636718630716e-05,0.852038551758713
attn_on_pim_prefill-128xdecode_262_ops_trace.csv,decode,18,203,26,PIM1,pim,7,"Q:1,K:1,V:1,QK:1,Softmax:1,SV:1,O:1",2.5781697265525594e-05,2.1966999999999998e-05,pim|decode|18|9c4e6c099d863efd94751a80c7e404c5,18,sample_step,0.0003093803671863071,0.00026360399999999997,-3.8146972655255956e-06,0.852038551758713,-4.577636718630716e-05,0.852038551758713
attn_on_pim_prefill-128xdecode_262_ops_trace.csv,decode,18,203,27,GPU0,npu,12,"LN:-1,Add:-1,LN:-1,FFN_W1:0,FFN_W3:0,FFN_W1:1,FFN_W3:1,SwiGLU:0,SwiGLU:1,FFN_W2:0,FFN_W2:1,Add:-1",0.00032135900410246165,0.0003709952116012573,npu|decode|18|2ef4409498d14c672a4fbbfe6786cce6,18,sample_step,0.00385630804922954,0.004451942539215088,4.9636207498795636e-05,1.1544571860913837,0.0005956344899855481,1.1544571860913837
attn_on_pim_prefill-128xdecode_262_ops_trace.csv,decode,18,203,27,PIM0,pim,7,"Q:0,K:0,V:0,QK:0,Softmax:0,SV:0,O:0",2.5781697265525594e-05,2.1966999999999998e-05,pim|decode|18|61397802f1888ea563dd9b1ea38edd23,18,sample_step,0.0003093803671863071,0.00026360399999999997,-3.8146972655255956e-06,0.852038551758713,-4.577636718630716e-05,0.852038551758713
attn_on_pim_prefill-128xdecode_262_ops_trace.csv,decode,18,203,27,PIM1,pim,7,"Q:1,K:1,V:1,QK:1,Softmax:1,SV:1,O:1",2.5781697265525594e-05,2.1966999999999998e-05,pim|decode|18|9c4e6c099d863efd94751a80c7e404c5,18,sample_step,0.0003093803671863071,0.00026360399999999997,-3.8146972655255956e-06,0.852038551758713,-4.577636718630716e-05,0.852038551758713
attn_on_pim_prefill-128xdecode_262_ops_trace.csv,decode,18,203,28,GPU0,npu,12,"LN:-1,Add:-1,LN:-1,FFN_W1:0,FFN_W3:0,FFN_W1:1,FFN_W3:1,SwiGLU:0,SwiGLU:1,FFN_W2:0,FFN_W2:1,Add:-1",0.00032135900410246165,0.0003709952116012573,npu|decode|18|2ef4409498d14c672a4fbbfe6786cce6,18,sample_step,0.00385630804922954,0.004451942539215088,4.9636207498795636e-05,1.1544571860913837,0.0005956344899855481,1.1544571860913837
attn_on_pim_prefill-128xdecode_262_ops_trace.csv,decode,18,203,28,PIM0,pim,7,"Q:0,K:0,V:0,QK:0,Softmax:0,SV:0,O:0",2.5781697265525594e-05,2.1966999999999998e-05,pim|decode|18|61397802f1888ea563dd9b1ea38edd23,18,sample_step,0.0003093803671863071,0.00026360399999999997,-3.8146972655255956e-06,0.852038551758713,-4.577636718630716e-05,0.852038551758713
attn_on_pim_prefill-128xdecode_262_ops_trace.csv,decode,18,203,28,PIM1,pim,7,"Q:1,K:1,V:1,QK:1,Softmax:1,SV:1,O:1",2.5781697265525594e-05,2.1966999999999998e-05,pim|decode|18|9c4e6c099d863efd94751a80c7e404c5,18,sample_step,0.0003093803671863071,0.00026360399999999997,-3.8146972655255956e-06,0.852038551758713,-4.577636718630716e-05,0.852038551758713
attn_on_pim_prefill-128xdecode_262_ops_trace.csv,decode,18,203,29,GPU0,npu,12,"LN:-1,Add:-1,LN:-1,FFN_W1:0,FFN_W3:0,FFN_W1:1,FFN_W3:1,SwiGLU:0,SwiGLU:1,FFN_W2:0,FFN_W2:1,Add:-1",0.00032135900410246165,0.0003709952116012573,npu|decode|18|2ef4409498d14c672a4fbbfe6786cce6,18,sample_step,0.00385630804922954,0.004451942539215088,4.9636207498795636e-05,1.1544571860913837,0.0005956344899855481,1.1544571860913837
attn_on_pim_prefill-128xdecode_262_ops_trace.csv,decode,18,203,29,PIM0,pim,7,"Q:0,K:0,V:0,QK:0,Softmax:0,SV:0,O:0",2.5781697265525594e-05,2.1966999999999998e-05,pim|decode|18|61397802f1888ea563dd9b1ea38edd23,18,sample_step,0.0003093803671863071,0.00026360399999999997,-3.8146972655255956e-06,0.852038551758713,-4.577636718630716e-05,0.852038551758713
attn_on_pim_prefill-128xdecode_262_ops_trace.csv,decode,18,203,29,PIM1,pim,7,"Q:1,K:1,V:1,QK:1,Softmax:1,SV:1,O:1",2.5781697265525594e-05,2.1966999999999998e-05,pim|decode|18|9c4e6c099d863efd94751a80c7e404c5,18,sample_step,0.0003093803671863071,0.00026360399999999997,-3.8146972655255956e-06,0.852038551758713,-4.577636718630716e-05,0.852038551758713
attn_on_pim_prefill-128xdecode_262_ops_trace.csv,decode,18,203,30,GPU0,npu,12,"LN:-1,Add:-1,LN:-1,FFN_W1:0,FFN_W3:0,FFN_W1:1,FFN_W3:1,SwiGLU:0,SwiGLU:1,FFN_W2:0,FFN_W2:1,Add:-1",0.00032135900410246165,0.0003709952116012573,npu|decode|18|2ef4409498d14c672a4fbbfe6786cce6,18,sample_step,0.00385630804922954,0.004451942539215088,4.9636207498795636e-05,1.1544571860913837,0.0005956344899855481,1.1544571860913837
attn_on_pim_prefill-128xdecode_262_ops_trace.csv,decode,18,203,30,PIM0,pim,7,"Q:0,K:0,V:0,QK:0,Softmax:0,SV:0,O:0",2.5781697265525594e-05,2.1966999999999998e-05,pim|decode|18|61397802f1888ea563dd9b1ea38edd23,18,sample_step,0.0003093803671863071,0.00026360399999999997,-3.8146972655255956e-06,0.852038551758713,-4.577636718630716e-05,0.852038551758713
attn_on_pim_prefill-128xdecode_262_ops_trace.csv,decode,18,203,30,PIM1,pim,7,"Q:1,K:1,V:1,QK:1,Softmax:1,SV:1,O:1",2.5781697265525594e-05,2.1966999999999998e-05,pim|decode|18|9c4e6c099d863efd94751a80c7e404c5,18,sample_step,0.0003093803671863071,0.00026360399999999997,-3.8146972655255956e-06,0.852038551758713,-4.577636718630716e-05,0.852038551758713
attn_on_pim_prefill-128xdecode_262_ops_trace.csv,decode,18,203,31,GPU0,npu,12,"LN:-1,Add:-1,LN:-1,FFN_W1:0,FFN_W3:0,FFN_W1:1,FFN_W3:1,SwiGLU:0,SwiGLU:1,FFN_W2:0,FFN_W2:1,Add:-1",0.00032135900410246165,0.0003709952116012573,npu|decode|18|2ef4409498d14c672a4fbbfe6786cce6,18,sample_step,0.00385630804922954,0.004451942539215088,4.9636207498795636e-05,1.1544571860913837,0.0005956344899855481,1.1544571860913837
attn_on_pim_prefill-128xdecode_262_ops_trace.csv,decode,18,203,31,PIM0,pim,7,"Q:0,K:0,V:0,QK:0,Softmax:0,SV:0,O:0",2.5781697265525594e-05,2.1966999999999998e-05,pim|decode|18|61397802f1888ea563dd9b1ea38edd23,18,sample_step,0.0003093803671863071,0.00026360399999999997,-3.8146972655255956e-06,0.852038551758713,-4.577636718630716e-05,0.852038551758713
attn_on_pim_prefill-128xdecode_262_ops_trace.csv,decode,18,203,31,PIM1,pim,7,"Q:1,K:1,V:1,QK:1,Softmax:1,SV:1,O:1",2.5781697265525594e-05,2.1966999999999998e-05,pim|decode|18|9c4e6c099d863efd94751a80c7e404c5,18,sample_step,0.0003093803671863071,0.00026360399999999997,-3.8146972655255956e-06,0.852038551758713,-4.577636718630716e-05,0.852038551758713
attn_on_pim_prefill-128xdecode_262_ops_trace.csv,decode,19,215,0,GPU0,npu,12,"LN:-1,Add:-1,LN:-1,FFN_W1:0,FFN_W3:0,FFN_W1:1,FFN_W3:1,SwiGLU:0,SwiGLU:1,FFN_W2:0,FFN_W2:1,Add:-1",0.00032135900410246165,0.0003708928108215332,npu|decode|19|2ef4409498d14c672a4fbbfe6786cce6,19,sample_step,0.00385630804922954,0.004450713729858398,4.9533806719071524e-05,1.154138536922022,0.0005944056806288581,1.154138536922022
attn_on_pim_prefill-128xdecode_262_ops_trace.csv,decode,19,215,0,PIM0,pim,7,"Q:0,K:0,V:0,QK:0,Softmax:0,SV:0,O:0",2.585169726554426e-05,2.2037000000000003e-05,pim|decode|19|61397802f1888ea563dd9b1ea38edd23,19,sample_step,0.0003102203671865311,0.000264444,-3.8146972655442574e-06,0.8524391947514961,-4.57763671865311e-05,0.8524391947514961
attn_on_pim_prefill-128xdecode_262_ops_trace.csv,decode,19,215,0,PIM1,pim,7,"Q:1,K:1,V:1,QK:1,Softmax:1,SV:1,O:1",2.585169726554426e-05,2.2037000000000003e-05,pim|decode|19|9c4e6c099d863efd94751a80c7e404c5,19,sample_step,0.0003102203671865311,0.000264444,-3.8146972655442574e-06,0.8524391947514961,-4.57763671865311e-05,0.8524391947514961
attn_on_pim_prefill-128xdecode_262_ops_trace.csv,decode,19,215,1,GPU0,npu,12,"LN:-1,Add:-1,LN:-1,FFN_W1:0,FFN_W3:0,FFN_W1:1,FFN_W3:1,SwiGLU:0,SwiGLU:1,FFN_W2:0,FFN_W2:1,Add:-1",0.00032135900410246165,0.0003708928108215332,npu|decode|19|2ef4409498d14c672a4fbbfe6786cce6,19,sample_step,0.00385630804922954,0.004450713729858398,4.9533806719071524e-05,1.154138536922022,0.0005944056806288581,1.154138536922022
attn_on_pim_prefill-128xdecode_262_ops_trace.csv,decode,19,215,1,PIM0,pim,7,"Q:0,K:0,V:0,QK:0,Softmax:0,SV:0,O:0",2.585169726554426e-05,2.2037000000000003e-05,pim|decode|19|61397802f1888ea563dd9b1ea38edd23,19,sample_step,0.0003102203671865311,0.000264444,-3.8146972655442574e-06,0.8524391947514961,-4.57763671865311e-05,0.8524391947514961
attn_on_pim_prefill-128xdecode_262_ops_trace.csv,decode,19,215,1,PIM1,pim,7,"Q:1,K:1,V:1,QK:1,Softmax:1,SV:1,O:1",2.585169726554426e-05,2.2037000000000003e-05,pim|decode|19|9c4e6c099d863efd94751a80c7e404c5,19,sample_step,0.0003102203671865311,0.000264444,-3.8146972655442574e-06,0.8524391947514961,-4.57763671865311e-05,0.8524391947514961
attn_on_pim_prefill-128xdecode_262_ops_trace.csv,decode,19,215,2,GPU0,npu,12,"LN:-1,Add:-1,LN:-1,FFN_W1:0,FFN_W3:0,FFN_W1:1,FFN_W3:1,SwiGLU:0,SwiGLU:1,FFN_W2:0,FFN_W2:1,Add:-1",0.00032135900410246165,0.0003708928108215332,npu|decode|19|2ef4409498d14c672a4fbbfe6786cce6,19,sample_step,0.00385630804922954,0.004450713729858398,4.9533806719071524e-05,1.154138536922022,0.0005944056806288581,1.154138536922022
attn_on_pim_prefill-128xdecode_262_ops_trace.csv,decode,19,215,2,PIM0,pim,7,"Q:0,K:0,V:0,QK:0,Softmax:0,SV:0,O:0",2.585169726554426e-05,2.2037000000000003e-05,pim|decode|19|61397802f1888ea563dd9b1ea38edd23,19,sample_step,0.0003102203671865311,0.000264444,-3.8146972655442574e-06,0.8524391947514961,-4.57763671865311e-05,0.8524391947514961
attn_on_pim_prefill-128xdecode_262_ops_trace.csv,decode,19,215,2,PIM1,pim,7,"Q:1,K:1,V:1,QK:1,Softmax:1,SV:1,O:1",2.585169726554426e-05,2.2037000000000003e-05,pim|decode|19|9c4e6c099d863efd94751a80c7e404c5,19,sample_step,0.0003102203671865311,0.000264444,-3.8146972655442574e-06,0.8524391947514961,-4.57763671865311e-05,0.8524391947514961
attn_on_pim_prefill-128xdecode_262_ops_trace.csv,decode,19,215,3,GPU0,npu,12,"LN:-1,Add:-1,LN:-1,FFN_W1:0,FFN_W3:0,FFN_W1:1,FFN_W3:1,SwiGLU:0,SwiGLU:1,FFN_W2:0,FFN_W2:1,Add:-1",0.00032135900410246165,0.0003708928108215332,npu|decode|19|2ef4409498d14c672a4fbbfe6786cce6,19,sample_step,0.00385630804922954,0.004450713729858398,4.9533806719071524e-05,1.154138536922022,0.0005944056806288581,1.154138536922022
attn_on_pim_prefill-128xdecode_262_ops_trace.csv,decode,19,215,3,PIM0,pim,7,"Q:0,K:0,V:0,QK:0,Softmax:0,SV:0,O:0",2.585169726554426e-05,2.2037000000000003e-05,pim|decode|19|61397802f1888ea563dd9b1ea38edd23,19,sample_step,0.0003102203671865311,0.000264444,-3.8146972655442574e-06,0.8524391947514961,-4.57763671865311e-05,0.8524391947514961
attn_on_pim_prefill-128xdecode_262_ops_trace.csv,decode,19,215,3,PIM1,pim,7,"Q:1,K:1,V:1,QK:1,Softmax:1,SV:1,O:1",2.585169726554426e-05,2.2037000000000003e-05,pim|decode|19|9c4e6c099d863efd94751a80c7e404c5,19,sample_step,0.0003102203671865311,0.000264444,-3.8146972655442574e-06,0.8524391947514961,-4.57763671865311e-05,0.8524391947514961
attn_on_pim_prefill-128xdecode_262_ops_trace.csv,decode,19,215,4,GPU0,npu,12,"LN:-1,Add:-1,LN:-1,FFN_W1:0,FFN_W3:0,FFN_W1:1,FFN_W3:1,SwiGLU:0,SwiGLU:1,FFN_W2:0,FFN_W2:1,Add:-1",0.00032135900410246165,0.0003708928108215332,npu|decode|19|2ef4409498d14c672a4fbbfe6786cce6,19,sample_step,0.00385630804922954,0.004450713729858398,4.9533806719071524e-05,1.154138536922022,0.0005944056806288581,1.154138536922022
attn_on_pim_prefill-128xdecode_262_ops_trace.csv,decode,19,215,4,PIM0,pim,7,"Q:0,K:0,V:0,QK:0,Softmax:0,SV:0,O:0",2.585169726554426e-05,2.2037000000000003e-05,pim|decode|19|61397802f1888ea563dd9b1ea38edd23,19,sample_step,0.0003102203671865311,0.000264444,-3.8146972655442574e-06,0.8524391947514961,-4.57763671865311e-05,0.8524391947514961
attn_on_pim_prefill-128xdecode_262_ops_trace.csv,decode,19,215,4,PIM1,pim,7,"Q:1,K:1,V:1,QK:1,Softmax:1,SV:1,O:1",2.585169726554426e-05,2.2037000000000003e-05,pim|decode|19|9c4e6c099d863efd94751a80c7e404c5,19,sample_step,0.0003102203671865311,0.000264444,-3.8146972655442574e-06,0.8524391947514961,-4.57763671865311e-05,0.8524391947514961
attn_on_pim_prefill-128xdecode_262_ops_trace.csv,decode,19,215,5,GPU0,npu,12,"LN:-1,Add:-1,LN:-1,FFN_W1:0,FFN_W3:0,FFN_W1:1,FFN_W3:1,SwiGLU:0,SwiGLU:1,FFN_W2:0,FFN_W2:1,Add:-1",0.00032135900410246165,0.0003708928108215332,npu|decode|19|2ef4409498d14c672a4fbbfe6786cce6,19,sample_step,0.00385630804922954,0.004450713729858398,4.9533806719071524e-05,1.154138536922022,0.0005944056806288581,1.154138536922022
attn_on_pim_prefill-128xdecode_262_ops_trace.csv,decode,19,215,5,PIM0,pim,7,"Q:0,K:0,V:0,QK:0,Softmax:0,SV:0,O:0",2.585169726554426e-05,2.2037000000000003e-05,pim|decode|19|61397802f1888ea563dd9b1ea38edd23,19,sample_step,0.0003102203671865311,0.000264444,-3.8146972655442574e-06,0.8524391947514961,-4.57763671865311e-05,0.8524391947514961
attn_on_pim_prefill-128xdecode_262_ops_trace.csv,decode,19,215,5,PIM1,pim,7,"Q:1,K:1,V:1,QK:1,Softmax:1,SV:1,O:1",2.585169726554426e-05,2.2037000000000003e-05,pim|decode|19|9c4e6c099d863efd94751a80c7e404c5,19,sample_step,0.0003102203671865311,0.000264444,-3.8146972655442574e-06,0.8524391947514961,-4.57763671865311e-05,0.8524391947514961
attn_on_pim_prefill-128xdecode_262_ops_trace.csv,decode,19,215,6,GPU0,npu,12,"LN:-1,Add:-1,LN:-1,FFN_W1:0,FFN_W3:0,FFN_W1:1,FFN_W3:1,SwiGLU:0,SwiGLU:1,FFN_W2:0,FFN_W2:1,Add:-1",0.00032135900410246165,0.0003708928108215332,npu|decode|19|2ef4409498d14c672a4fbbfe6786cce6,19,sample_step,0.00385630804922954,0.004450713729858398,4.9533806719071524e-05,1.154138536922022,0.0005944056806288581,1.154138536922022
attn_on_pim_prefill-128xdecode_262_ops_trace.csv,decode,19,215,6,PIM0,pim,7,"Q:0,K:0,V:0,QK:0,Softmax:0,SV:0,O:0",2.585169726554426e-05,2.2037000000000003e-05,pim|decode|19|61397802f1888ea563dd9b1ea38edd23,19,sample_step,0.0003102203671865311,0.000264444,-3.8146972655442574e-06,0.8524391947514961,-4.57763671865311e-05,0.8524391947514961
attn_on_pim_prefill-128xdecode_262_ops_trace.csv,decode,19,215,6,PIM1,pim,7,"Q:1,K:1,V:1,QK:1,Softmax:1,SV:1,O:1",2.585169726554426e-05,2.2037000000000003e-05,pim|decode|19|9c4e6c099d863efd94751a80c7e404c5,19,sample_step,0.0003102203671865311,0.000264444,-3.8146972655442574e-06,0.8524391947514961,-4.57763671865311e-05,0.8524391947514961
attn_on_pim_prefill-128xdecode_262_ops_trace.csv,decode,19,215,7,GPU0,npu,12,"LN:-1,Add:-1,LN:-1,FFN_W1:0,FFN_W3:0,FFN_W1:1,FFN_W3:1,SwiGLU:0,SwiGLU:1,FFN_W2:0,FFN_W2:1,Add:-1",0.00032135900410246165,0.0003708928108215332,npu|decode|19|2ef4409498d14c672a4fbbfe6786cce6,19,sample_step,0.00385630804922954,0.004450713729858398,4.9533806719071524e-05,1.154138536922022,0.0005944056806288581,1.154138536922022
attn_on_pim_prefill-128xdecode_262_ops_trace.csv,decode,19,215,7,PIM0,pim,7,"Q:0,K:0,V:0,QK:0,Softmax:0,SV:0,O:0",2.585169726554426e-05,2.2037000000000003e-05,pim|decode|19|61397802f1888ea563dd9b1ea38edd23,19,sample_step,0.0003102203671865311,0.000264444,-3.8146972655442574e-06,0.8524391947514961,-4.57763671865311e-05,0.8524391947514961
attn_on_pim_prefill-128xdecode_262_ops_trace.csv,decode,19,215,7,PIM1,pim,7,"Q:1,K:1,V:1,QK:1,Softmax:1,SV:1,O:1",2.585169726554426e-05,2.2037000000000003e-05,pim|decode|19|9c4e6c099d863efd94751a80c7e404c5,19,sample_step,0.0003102203671865311,0.000264444,-3.8146972655442574e-06,0.8524391947514961,-4.57763671865311e-05,0.8524391947514961
attn_on_pim_prefill-128xdecode_262_ops_trace.csv,decode,19,215,8,GPU0,npu,12,"LN:-1,Add:-1,LN:-1,FFN_W1:0,FFN_W3:0,FFN_W1:1,FFN_W3:1,SwiGLU:0,SwiGLU:1,FFN_W2:0,FFN_W2:1,Add:-1",0.00032135900410246165,0.0003708928108215332,npu|decode|19|2ef4409498d14c672a4fbbfe6786cce6,19,sample_step,0.00385630804922954,0.004450713729858398,4.9533806719071524e-05,1.154138536922022,0.0005944056806288581,1.154138536922022
attn_on_pim_prefill-128xdecode_262_ops_trace.csv,decode,19,215,8,PIM0,pim,7,"Q:0,K:0,V:0,QK:0,Softmax:0,SV:0,O:0",2.585169726554426e-05,2.2037000000000003e-05,pim|decode|19|61397802f1888ea563dd9b1ea38edd23,19,sample_step,0.0003102203671865311,0.000264444,-3.8146972655442574e-06,0.8524391947514961,-4.57763671865311e-05,0.8524391947514961
attn_on_pim_prefill-128xdecode_262_ops_trace.csv,decode,19,215,8,PIM1,pim,7,"Q:1,K:1,V:1,QK:1,Softmax:1,SV:1,O:1",2.585169726554426e-05,2.2037000000000003e-05,pim|decode|19|9c4e6c099d863efd94751a80c7e404c5,19,sample_step,0.0003102203671865311,0.000264444,-3.8146972655442574e-06,0.8524391947514961,-4.57763671865311e-05,0.8524391947514961
attn_on_pim_prefill-128xdecode_262_ops_trace.csv,decode,19,215,9,GPU0,npu,12,"LN:-1,Add:-1,LN:-1,FFN_W1:0,FFN_W3:0,FFN_W1:1,FFN_W3:1,SwiGLU:0,SwiGLU:1,FFN_W2:0,FFN_W2:1,Add:-1",0.00032135900410246165,0.0003708928108215332,npu|decode|19|2ef4409498d14c672a4fbbfe6786cce6,19,sample_step,0.00385630804922954,0.004450713729858398,4.9533806719071524e-05,1.154138536922022,0.0005944056806288581,1.154138536922022
attn_on_pim_prefill-128xdecode_262_ops_trace.csv,decode,19,215,9,PIM0,pim,7,"Q:0,K:0,V:0,QK:0,Softmax:0,SV:0,O:0",2.585169726554426e-05,2.2037000000000003e-05,pim|decode|19|61397802f1888ea563dd9b1ea38edd23,19,sample_step,0.0003102203671865311,0.000264444,-3.8146972655442574e-06,0.8524391947514961,-4.57763671865311e-05,0.8524391947514961
attn_on_pim_prefill-128xdecode_262_ops_trace.csv,decode,19,215,9,PIM1,pim,7,"Q:1,K:1,V:1,QK:1,Softmax:1,SV:1,O:1",2.585169726554426e-05,2.2037000000000003e-05,pim|decode|19|9c4e6c099d863efd94751a80c7e404c5,19,sample_step,0.0003102203671865311,0.000264444,-3.8146972655442574e-06,0.8524391947514961,-4.57763671865311e-05,0.8524391947514961
attn_on_pim_prefill-128xdecode_262_ops_trace.csv,decode,19,215,10,GPU0,npu,12,"LN:-1,Add:-1,LN:-1,FFN_W1:0,FFN_W3:0,FFN_W1:1,FFN_W3:1,SwiGLU:0,SwiGLU:1,FFN_W2:0,FFN_W2:1,Add:-1",0.00032135900410246165,0.0003708928108215332,npu|decode|19|2ef4409498d14c672a4fbbfe6786cce6,19,sample_step,0.00385630804922954,0.004450713729858398,4.9533806719071524e-05,1.154138536922022,0.0005944056806288581,1.154138536922022
attn_on_pim_prefill-128xdecode_262_ops_trace.csv,decode,19,215,10,PIM0,pim,7,"Q:0,K:0,V:0,QK:0,Softmax:0,SV:0,O:0",2.585169726554426e-05,2.2037000000000003e-05,pim|decode|19|61397802f1888ea563dd9b1ea38edd23,19,sample_step,0.0003102203671865311,0.000264444,-3.8146972655442574e-06,0.8524391947514961,-4.57763671865311e-05,0.8524391947514961
attn_on_pim_prefill-128xdecode_262_ops_trace.csv,decode,19,215,10,PIM1,pim,7,"Q:1,K:1,V:1,QK:1,Softmax:1,SV:1,O:1",2.585169726554426e-05,2.2037000000000003e-05,pim|decode|19|9c4e6c099d863efd94751a80c7e404c5,19,sample_step,0.0003102203671865311,0.000264444,-3.8146972655442574e-06,0.8524391947514961,-4.57763671865311e-05,0.8524391947514961
attn_on_pim_prefill-128xdecode_262_ops_trace.csv,decode,19,215,11,GPU0,npu,12,"LN:-1,Add:-1,LN:-1,FFN_W1:0,FFN_W3:0,FFN_W1:1,FFN_W3:1,SwiGLU:0,SwiGLU:1,FFN_W2:0,FFN_W2:1,Add:-1",0.00032135900410246165,0.0003708928108215332,npu|decode|19|2ef4409498d14c672a4fbbfe6786cce6,19,sample_step,0.00385630804922954,0.004450713729858398,4.9533806719071524e-05,1.154138536922022,0.0005944056806288581,1.154138536922022
attn_on_pim_prefill-128xdecode_262_ops_trace.csv,decode,19,215,11,PIM0,pim,7,"Q:0,K:0,V:0,QK:0,Softmax:0,SV:0,O:0",2.585169726554426e-05,2.2037000000000003e-05,pim|decode|19|61397802f1888ea563dd9b1ea38edd23,19,sample_step,0.0003102203671865311,0.000264444,-3.8146972655442574e-06,0.8524391947514961,-4.57763671865311e-05,0.8524391947514961
attn_on_pim_prefill-128xdecode_262_ops_trace.csv,decode,19,215,11,PIM1,pim,7,"Q:1,K:1,V:1,QK:1,Softmax:1,SV:1,O:1",2.585169726554426e-05,2.2037000000000003e-05,pim|decode|19|9c4e6c099d863efd94751a80c7e404c5,19,sample_step,0.0003102203671865311,0.000264444,-3.8146972655442574e-06,0.8524391947514961,-4.57763671865311e-05,0.8524391947514961
attn_on_pim_prefill-128xdecode_262_ops_trace.csv,decode,19,215,12,GPU0,npu,12,"LN:-1,Add:-1,LN:-1,FFN_W1:0,FFN_W3:0,FFN_W1:1,FFN_W3:1,SwiGLU:0,SwiGLU:1,FFN_W2:0,FFN_W2:1,Add:-1",0.00032135900410246165,0.0003708928108215332,npu|decode|19|2ef4409498d14c672a4fbbfe6786cce6,19,sample_step,0.00385630804922954,0.004450713729858398,4.9533806719071524e-05,1.154138536922022,0.0005944056806288581,1.154138536922022
attn_on_pim_prefill-128xdecode_262_ops_trace.csv,decode,19,215,12,PIM0,pim,7,"Q:0,K:0,V:0,QK:0,Softmax:0,SV:0,O:0",2.585169726554426e-05,2.2037000000000003e-05,pim|decode|19|61397802f1888ea563dd9b1ea38edd23,19,sample_step,0.0003102203671865311,0.000264444,-3.8146972655442574e-06,0.8524391947514961,-4.57763671865311e-05,0.8524391947514961
attn_on_pim_prefill-128xdecode_262_ops_trace.csv,decode,19,215,12,PIM1,pim,7,"Q:1,K:1,V:1,QK:1,Softmax:1,SV:1,O:1",2.585169726554426e-05,2.2037000000000003e-05,pim|decode|19|9c4e6c099d863efd94751a80c7e404c5,19,sample_step,0.0003102203671865311,0.000264444,-3.8146972655442574e-06,0.8524391947514961,-4.57763671865311e-05,0.8524391947514961
attn_on_pim_prefill-128xdecode_262_ops_trace.csv,decode,19,215,13,GPU0,npu,12,"LN:-1,Add:-1,LN:-1,FFN_W1:0,FFN_W3:0,FFN_W1:1,FFN_W3:1,SwiGLU:0,SwiGLU:1,FFN_W2:0,FFN_W2:1,Add:-1",0.00032135900410246165,0.0003708928108215332,npu|decode|19|2ef4409498d14c672a4fbbfe6786cce6,19,sample_step,0.00385630804922954,0.004450713729858398,4.9533806719071524e-05,1.154138536922022,0.0005944056806288581,1.154138536922022
attn_on_pim_prefill-128xdecode_262_ops_trace.csv,decode,19,215,13,PIM0,pim,7,"Q:0,K:0,V:0,QK:0,Softmax:0,SV:0,O:0",2.585169726554426e-05,2.2037000000000003e-05,pim|decode|19|61397802f1888ea563dd9b1ea38edd23,19,sample_step,0.0003102203671865311,0.000264444,-3.8146972655442574e-06,0.8524391947514961,-4.57763671865311e-05,0.8524391947514961
attn_on_pim_prefill-128xdecode_262_ops_trace.csv,decode,19,215,13,PIM1,pim,7,"Q:1,K:1,V:1,QK:1,Softmax:1,SV:1,O:1",2.585169726554426e-05,2.2037000000000003e-05,pim|decode|19|9c4e6c099d863efd94751a80c7e404c5,19,sample_step,0.0003102203671865311,0.000264444,-3.8146972655442574e-06,0.8524391947514961,-4.57763671865311e-05,0.8524391947514961
attn_on_pim_prefill-128xdecode_262_ops_trace.csv,decode,19,215,14,GPU0,npu,12,"LN:-1,Add:-1,LN:-1,FFN_W1:0,FFN_W3:0,FFN_W1:1,FFN_W3:1,SwiGLU:0,SwiGLU:1,FFN_W2:0,FFN_W2:1,Add:-1",0.00032135900410246165,0.0003708928108215332,npu|decode|19|2ef4409498d14c672a4fbbfe6786cce6,19,sample_step,0.00385630804922954,0.004450713729858398,4.9533806719071524e-05,1.154138536922022,0.0005944056806288581,1.154138536922022
attn_on_pim_prefill-128xdecode_262_ops_trace.csv,decode,19,215,14,PIM0,pim,7,"Q:0,K:0,V:0,QK:0,Softmax:0,SV:0,O:0",2.585169726554426e-05,2.2037000000000003e-05,pim|decode|19|61397802f1888ea563dd9b1ea38edd23,19,sample_step,0.0003102203671865311,0.000264444,-3.8146972655442574e-06,0.8524391947514961,-4.57763671865311e-05,0.8524391947514961
attn_on_pim_prefill-128xdecode_262_ops_trace.csv,decode,19,215,14,PIM1,pim,7,"Q:1,K:1,V:1,QK:1,Softmax:1,SV:1,O:1",2.585169726554426e-05,2.2037000000000003e-05,pim|decode|19|9c4e6c099d863efd94751a80c7e404c5,19,sample_step,0.0003102203671865311,0.000264444,-3.8146972655442574e-06,0.8524391947514961,-4.57763671865311e-05,0.8524391947514961
attn_on_pim_prefill-128xdecode_262_ops_trace.csv,decode,19,215,15,GPU0,npu,12,"LN:-1,Add:-1,LN:-1,FFN_W1:0,FFN_W3:0,FFN_W1:1,FFN_W3:1,SwiGLU:0,SwiGLU:1,FFN_W2:0,FFN_W2:1,Add:-1",0.00032135900410246165,0.0003708928108215332,npu|decode|19|2ef4409498d14c672a4fbbfe6786cce6,19,sample_step,0.00385630804922954,0.004450713729858398,4.9533806719071524e-05,1.154138536922022,0.0005944056806288581,1.154138536922022
attn_on_pim_prefill-128xdecode_262_ops_trace.csv,decode,19,215,15,PIM0,pim,7,"Q:0,K:0,V:0,QK:0,Softmax:0,SV:0,O:0",2.585169726554426e-05,2.2037000000000003e-05,pim|decode|19|61397802f1888ea563dd9b1ea38edd23,19,sample_step,0.0003102203671865311,0.000264444,-3.8146972655442574e-06,0.8524391947514961,-4.57763671865311e-05,0.8524391947514961
attn_on_pim_prefill-128xdecode_262_ops_trace.csv,decode,19,215,15,PIM1,pim,7,"Q:1,K:1,V:1,QK:1,Softmax:1,SV:1,O:1",2.585169726554426e-05,2.2037000000000003e-05,pim|decode|19|9c4e6c099d863efd94751a80c7e404c5,19,sample_step,0.0003102203671865311,0.000264444,-3.8146972655442574e-06,0.8524391947514961,-4.57763671865311e-05,0.8524391947514961
attn_on_pim_prefill-128xdecode_262_ops_trace.csv,decode,19,215,16,GPU0,npu,12,"LN:-1,Add:-1,LN:-1,FFN_W1:0,FFN_W3:0,FFN_W1:1,FFN_W3:1,SwiGLU:0,SwiGLU:1,FFN_W2:0,FFN_W2:1,Add:-1",0.00032135900410246165,0.0003708928108215332,npu|decode|19|2ef4409498d14c672a4fbbfe6786cce6,19,sample_step,0.00385630804922954,0.004450713729858398,4.9533806719071524e-05,1.154138536922022,0.0005944056806288581,1.154138536922022
attn_on_pim_prefill-128xdecode_262_ops_trace.csv,decode,19,215,16,PIM0,pim,7,"Q:0,K:0,V:0,QK:0,Softmax:0,SV:0,O:0",2.585169726554426e-05,2.2037000000000003e-05,pim|decode|19|61397802f1888ea563dd9b1ea38edd23,19,sample_step,0.0003102203671865311,0.000264444,-3.8146972655442574e-06,0.8524391947514961,-4.57763671865311e-05,0.8524391947514961
attn_on_pim_prefill-128xdecode_262_ops_trace.csv,decode,19,215,16,PIM1,pim,7,"Q:1,K:1,V:1,QK:1,Softmax:1,SV:1,O:1",2.585169726554426e-05,2.2037000000000003e-05,pim|decode|19|9c4e6c099d863efd94751a80c7e404c5,19,sample_step,0.0003102203671865311,0.000264444,-3.8146972655442574e-06,0.8524391947514961,-4.57763671865311e-05,0.8524391947514961
attn_on_pim_prefill-128xdecode_262_ops_trace.csv,decode,19,215,17,GPU0,npu,12,"LN:-1,Add:-1,LN:-1,FFN_W1:0,FFN_W3:0,FFN_W1:1,FFN_W3:1,SwiGLU:0,SwiGLU:1,FFN_W2:0,FFN_W2:1,Add:-1",0.00032135900410246165,0.0003708928108215332,npu|decode|19|2ef4409498d14c672a4fbbfe6786cce6,19,sample_step,0.00385630804922954,0.004450713729858398,4.9533806719071524e-05,1.154138536922022,0.0005944056806288581,1.154138536922022
attn_on_pim_prefill-128xdecode_262_ops_trace.csv,decode,19,215,17,PIM0,pim,7,"Q:0,K:0,V:0,QK:0,Softmax:0,SV:0,O:0",2.585169726554426e-05,2.2037000000000003e-05,pim|decode|19|61397802f1888ea563dd9b1ea38edd23,19,sample_step,0.0003102203671865311,0.000264444,-3.8146972655442574e-06,0.8524391947514961,-4.57763671865311e-05,0.8524391947514961
attn_on_pim_prefill-128xdecode_262_ops_trace.csv,decode,19,215,17,PIM1,pim,7,"Q:1,K:1,V:1,QK:1,Softmax:1,SV:1,O:1",2.585169726554426e-05,2.2037000000000003e-05,pim|decode|19|9c4e6c099d863efd94751a80c7e404c5,19,sample_step,0.0003102203671865311,0.000264444,-3.8146972655442574e-06,0.8524391947514961,-4.57763671865311e-05,0.8524391947514961
attn_on_pim_prefill-128xdecode_262_ops_trace.csv,decode,19,215,18,GPU0,npu,12,"LN:-1,Add:-1,LN:-1,FFN_W1:0,FFN_W3:0,FFN_W1:1,FFN_W3:1,SwiGLU:0,SwiGLU:1,FFN_W2:0,FFN_W2:1,Add:-1",0.00032135900410246165,0.0003708928108215332,npu|decode|19|2ef4409498d14c672a4fbbfe6786cce6,19,sample_step,0.00385630804922954,0.004450713729858398,4.9533806719071524e-05,1.154138536922022,0.0005944056806288581,1.154138536922022
attn_on_pim_prefill-128xdecode_262_ops_trace.csv,decode,19,215,18,PIM0,pim,7,"Q:0,K:0,V:0,QK:0,Softmax:0,SV:0,O:0",2.585169726554426e-05,2.2037000000000003e-05,pim|decode|19|61397802f1888ea563dd9b1ea38edd23,19,sample_step,0.0003102203671865311,0.000264444,-3.8146972655442574e-06,0.8524391947514961,-4.57763671865311e-05,0.8524391947514961
attn_on_pim_prefill-128xdecode_262_ops_trace.csv,decode,19,215,18,PIM1,pim,7,"Q:1,K:1,V:1,QK:1,Softmax:1,SV:1,O:1",2.585169726554426e-05,2.2037000000000003e-05,pim|decode|19|9c4e6c099d863efd94751a80c7e404c5,19,sample_step,0.0003102203671865311,0.000264444,-3.8146972655442574e-06,0.8524391947514961,-4.57763671865311e-05,0.8524391947514961
attn_on_pim_prefill-128xdecode_262_ops_trace.csv,decode,19,215,19,GPU0,npu,12,"LN:-1,Add:-1,LN:-1,FFN_W1:0,FFN_W3:0,FFN_W1:1,FFN_W3:1,SwiGLU:0,SwiGLU:1,FFN_W2:0,FFN_W2:1,Add:-1",0.00032135900410246165,0.0003708928108215332,npu|decode|19|2ef4409498d14c672a4fbbfe6786cce6,19,sample_step,0.00385630804922954,0.004450713729858398,4.9533806719071524e-05,1.154138536922022,0.0005944056806288581,1.154138536922022
attn_on_pim_prefill-128xdecode_262_ops_trace.csv,decode,19,215,19,PIM0,pim,7,"Q:0,K:0,V:0,QK:0,Softmax:0,SV:0,O:0",2.585169726554426e-05,2.2037000000000003e-05,pim|decode|19|61397802f1888ea563dd9b1ea38edd23,19,sample_step,0.0003102203671865311,0.000264444,-3.8146972655442574e-06,0.8524391947514961,-4.57763671865311e-05,0.8524391947514961
attn_on_pim_prefill-128xdecode_262_ops_trace.csv,decode,19,215,19,PIM1,pim,7,"Q:1,K:1,V:1,QK:1,Softmax:1,SV:1,O:1",2.585169726554426e-05,2.2037000000000003e-05,pim|decode|19|9c4e6c099d863efd94751a80c7e404c5,19,sample_step,0.0003102203671865311,0.000264444,-3.8146972655442574e-06,0.8524391947514961,-4.57763671865311e-05,0.8524391947514961
attn_on_pim_prefill-128xdecode_262_ops_trace.csv,decode,19,215,20,GPU0,npu,12,"LN:-1,Add:-1,LN:-1,FFN_W1:0,FFN_W3:0,FFN_W1:1,FFN_W3:1,SwiGLU:0,SwiGLU:1,FFN_W2:0,FFN_W2:1,Add:-1",0.00032135900410246165,0.0003708928108215332,npu|decode|19|2ef4409498d14c672a4fbbfe6786cce6,19,sample_step,0.00385630804922954,0.004450713729858398,4.9533806719071524e-05,1.154138536922022,0.0005944056806288581,1.154138536922022
attn_on_pim_prefill-128xdecode_262_ops_trace.csv,decode,19,215,20,PIM0,pim,7,"Q:0,K:0,V:0,QK:0,Softmax:0,SV:0,O:0",2.585169726554426e-05,2.2037000000000003e-05,pim|decode|19|61397802f1888ea563dd9b1ea38edd23,19,sample_step,0.0003102203671865311,0.000264444,-3.8146972655442574e-06,0.8524391947514961,-4.57763671865311e-05,0.8524391947514961
attn_on_pim_prefill-128xdecode_262_ops_trace.csv,decode,19,215,20,PIM1,pim,7,"Q:1,K:1,V:1,QK:1,Softmax:1,SV:1,O:1",2.585169726554426e-05,2.2037000000000003e-05,pim|decode|19|9c4e6c099d863efd94751a80c7e404c5,19,sample_step,0.0003102203671865311,0.000264444,-3.8146972655442574e-06,0.8524391947514961,-4.57763671865311e-05,0.8524391947514961
attn_on_pim_prefill-128xdecode_262_ops_trace.csv,decode,19,215,21,GPU0,npu,12,"LN:-1,Add:-1,LN:-1,FFN_W1:0,FFN_W3:0,FFN_W1:1,FFN_W3:1,SwiGLU:0,SwiGLU:1,FFN_W2:0,FFN_W2:1,Add:-1",0.00032135900410246165,0.0003708928108215332,npu|decode|19|2ef4409498d14c672a4fbbfe6786cce6,19,sample_step,0.00385630804922954,0.004450713729858398,4.9533806719071524e-05,1.154138536922022,0.0005944056806288581,1.154138536922022
attn_on_pim_prefill-128xdecode_262_ops_trace.csv,decode,19,215,21,PIM0,pim,7,"Q:0,K:0,V:0,QK:0,Softmax:0,SV:0,O:0",2.585169726554426e-05,2.2037000000000003e-05,pim|decode|19|61397802f1888ea563dd9b1ea38edd23,19,sample_step,0.0003102203671865311,0.000264444,-3.8146972655442574e-06,0.8524391947514961,-4.57763671865311e-05,0.8524391947514961
attn_on_pim_prefill-128xdecode_262_ops_trace.csv,decode,19,215,21,PIM1,pim,7,"Q:1,K:1,V:1,QK:1,Softmax:1,SV:1,O:1",2.585169726554426e-05,2.2037000000000003e-05,pim|decode|19|9c4e6c099d863efd94751a80c7e404c5,19,sample_step,0.0003102203671865311,0.000264444,-3.8146972655442574e-06,0.8524391947514961,-4.57763671865311e-05,0.8524391947514961
attn_on_pim_prefill-128xdecode_262_ops_trace.csv,decode,19,215,22,GPU0,npu,12,"LN:-1,Add:-1,LN:-1,FFN_W1:0,FFN_W3:0,FFN_W1:1,FFN_W3:1,SwiGLU:0,SwiGLU:1,FFN_W2:0,FFN_W2:1,Add:-1",0.00032135900410246165,0.0003708928108215332,npu|decode|19|2ef4409498d14c672a4fbbfe6786cce6,19,sample_step,0.00385630804922954,0.004450713729858398,4.9533806719071524e-05,1.154138536922022,0.0005944056806288581,1.154138536922022
attn_on_pim_prefill-128xdecode_262_ops_trace.csv,decode,19,215,22,PIM0,pim,7,"Q:0,K:0,V:0,QK:0,Softmax:0,SV:0,O:0",2.585169726554426e-05,2.2037000000000003e-05,pim|decode|19|61397802f1888ea563dd9b1ea38edd23,19,sample_step,0.0003102203671865311,0.000264444,-3.8146972655442574e-06,0.8524391947514961,-4.57763671865311e-05,0.8524391947514961
attn_on_pim_prefill-128xdecode_262_ops_trace.csv,decode,19,215,22,PIM1,pim,7,"Q:1,K:1,V:1,QK:1,Softmax:1,SV:1,O:1",2.585169726554426e-05,2.2037000000000003e-05,pim|decode|19|9c4e6c099d863efd94751a80c7e404c5,19,sample_step,0.0003102203671865311,0.000264444,-3.8146972655442574e-06,0.8524391947514961,-4.57763671865311e-05,0.8524391947514961
attn_on_pim_prefill-128xdecode_262_ops_trace.csv,decode,19,215,23,GPU0,npu,12,"LN:-1,Add:-1,LN:-1,FFN_W1:0,FFN_W3:0,FFN_W1:1,FFN_W3:1,SwiGLU:0,SwiGLU:1,FFN_W2:0,FFN_W2:1,Add:-1",0.00032135900410246165,0.0003708928108215332,npu|decode|19|2ef4409498d14c672a4fbbfe6786cce6,19,sample_step,0.00385630804922954,0.004450713729858398,4.9533806719071524e-05,1.154138536922022,0.0005944056806288581,1.154138536922022
attn_on_pim_prefill-128xdecode_262_ops_trace.csv,decode,19,215,23,PIM0,pim,7,"Q:0,K:0,V:0,QK:0,Softmax:0,SV:0,O:0",2.585169726554426e-05,2.2037000000000003e-05,pim|decode|19|61397802f1888ea563dd9b1ea38edd23,19,sample_step,0.0003102203671865311,0.000264444,-3.8146972655442574e-06,0.8524391947514961,-4.57763671865311e-05,0.8524391947514961
attn_on_pim_prefill-128xdecode_262_ops_trace.csv,decode,19,215,23,PIM1,pim,7,"Q:1,K:1,V:1,QK:1,Softmax:1,SV:1,O:1",2.585169726554426e-05,2.2037000000000003e-05,pim|decode|19|9c4e6c099d863efd94751a80c7e404c5,19,sample_step,0.0003102203671865311,0.000264444,-3.8146972655442574e-06,0.8524391947514961,-4.57763671865311e-05,0.8524391947514961
attn_on_pim_prefill-128xdecode_262_ops_trace.csv,decode,19,215,24,GPU0,npu,12,"LN:-1,Add:-1,LN:-1,FFN_W1:0,FFN_W3:0,FFN_W1:1,FFN_W3:1,SwiGLU:0,SwiGLU:1,FFN_W2:0,FFN_W2:1,Add:-1",0.00032135900410246165,0.0003708928108215332,npu|decode|19|2ef4409498d14c672a4fbbfe6786cce6,19,sample_step,0.00385630804922954,0.004450713729858398,4.9533806719071524e-05,1.154138536922022,0.0005944056806288581,1.154138536922022
attn_on_pim_prefill-128xdecode_262_ops_trace.csv,decode,19,215,24,PIM0,pim,7,"Q:0,K:0,V:0,QK:0,Softmax:0,SV:0,O:0",2.585169726554426e-05,2.2037000000000003e-05,pim|decode|19|61397802f1888ea563dd9b1ea38edd23,19,sample_step,0.0003102203671865311,0.000264444,-3.8146972655442574e-06,0.8524391947514961,-4.57763671865311e-05,0.8524391947514961
attn_on_pim_prefill-128xdecode_262_ops_trace.csv,decode,19,215,24,PIM1,pim,7,"Q:1,K:1,V:1,QK:1,Softmax:1,SV:1,O:1",2.585169726554426e-05,2.2037000000000003e-05,pim|decode|19|9c4e6c099d863efd94751a80c7e404c5,19,sample_step,0.0003102203671865311,0.000264444,-3.8146972655442574e-06,0.8524391947514961,-4.57763671865311e-05,0.8524391947514961
attn_on_pim_prefill-128xdecode_262_ops_trace.csv,decode,19,215,25,GPU0,npu,12,"LN:-1,Add:-1,LN:-1,FFN_W1:0,FFN_W3:0,FFN_W1:1,FFN_W3:1,SwiGLU:0,SwiGLU:1,FFN_W2:0,FFN_W2:1,Add:-1",0.00032135900410246165,0.0003708928108215332,npu|decode|19|2ef4409498d14c672a4fbbfe6786cce6,19,sample_step,0.00385630804922954,0.004450713729858398,4.9533806719071524e-05,1.154138536922022,0.0005944056806288581,1.154138536922022
attn_on_pim_prefill-128xdecode_262_ops_trace.csv,decode,19,215,25,PIM0,pim,7,"Q:0,K:0,V:0,QK:0,Softmax:0,SV:0,O:0",2.585169726554426e-05,2.2037000000000003e-05,pim|decode|19|61397802f1888ea563dd9b1ea38edd23,19,sample_step,0.0003102203671865311,0.000264444,-3.8146972655442574e-06,0.8524391947514961,-4.57763671865311e-05,0.8524391947514961
attn_on_pim_prefill-128xdecode_262_ops_trace.csv,decode,19,215,25,PIM1,pim,7,"Q:1,K:1,V:1,QK:1,Softmax:1,SV:1,O:1",2.585169726554426e-05,2.2037000000000003e-05,pim|decode|19|9c4e6c099d863efd94751a80c7e404c5,19,sample_step,0.0003102203671865311,0.000264444,-3.8146972655442574e-06,0.8524391947514961,-4.57763671865311e-05,0.8524391947514961
attn_on_pim_prefill-128xdecode_262_ops_trace.csv,decode,19,215,26,GPU0,npu,12,"LN:-1,Add:-1,LN:-1,FFN_W1:0,FFN_W3:0,FFN_W1:1,FFN_W3:1,SwiGLU:0,SwiGLU:1,FFN_W2:0,FFN_W2:1,Add:-1",0.00032135900410246165,0.0003708928108215332,npu|decode|19|2ef4409498d14c672a4fbbfe6786cce6,19,sample_step,0.00385630804922954,0.004450713729858398,4.9533806719071524e-05,1.154138536922022,0.0005944056806288581,1.154138536922022
attn_on_pim_prefill-128xdecode_262_ops_trace.csv,decode,19,215,26,PIM0,pim,7,"Q:0,K:0,V:0,QK:0,Softmax:0,SV:0,O:0",2.585169726554426e-05,2.2037000000000003e-05,pim|decode|19|61397802f1888ea563dd9b1ea38edd23,19,sample_step,0.0003102203671865311,0.000264444,-3.8146972655442574e-06,0.8524391947514961,-4.57763671865311e-05,0.8524391947514961
attn_on_pim_prefill-128xdecode_262_ops_trace.csv,decode,19,215,26,PIM1,pim,7,"Q:1,K:1,V:1,QK:1,Softmax:1,SV:1,O:1",2.585169726554426e-05,2.2037000000000003e-05,pim|decode|19|9c4e6c099d863efd94751a80c7e404c5,19,sample_step,0.0003102203671865311,0.000264444,-3.8146972655442574e-06,0.8524391947514961,-4.57763671865311e-05,0.8524391947514961
attn_on_pim_prefill-128xdecode_262_ops_trace.csv,decode,19,215,27,GPU0,npu,12,"LN:-1,Add:-1,LN:-1,FFN_W1:0,FFN_W3:0,FFN_W1:1,FFN_W3:1,SwiGLU:0,SwiGLU:1,FFN_W2:0,FFN_W2:1,Add:-1",0.00032135900410246165,0.0003708928108215332,npu|decode|19|2ef4409498d14c672a4fbbfe6786cce6,19,sample_step,0.00385630804922954,0.004450713729858398,4.9533806719071524e-05,1.154138536922022,0.0005944056806288581,1.154138536922022
attn_on_pim_prefill-128xdecode_262_ops_trace.csv,decode,19,215,27,PIM0,pim,7,"Q:0,K:0,V:0,QK:0,Softmax:0,SV:0,O:0",2.585169726554426e-05,2.2037000000000003e-05,pim|decode|19|61397802f1888ea563dd9b1ea38edd23,19,sample_step,0.0003102203671865311,0.000264444,-3.8146972655442574e-06,0.8524391947514961,-4.57763671865311e-05,0.8524391947514961
attn_on_pim_prefill-128xdecode_262_ops_trace.csv,decode,19,215,27,PIM1,pim,7,"Q:1,K:1,V:1,QK:1,Softmax:1,SV:1,O:1",2.585169726554426e-05,2.2037000000000003e-05,pim|decode|19|9c4e6c099d863efd94751a80c7e404c5,19,sample_step,0.0003102203671865311,0.000264444,-3.8146972655442574e-06,0.8524391947514961,-4.57763671865311e-05,0.8524391947514961
attn_on_pim_prefill-128xdecode_262_ops_trace.csv,decode,19,215,28,GPU0,npu,12,"LN:-1,Add:-1,LN:-1,FFN_W1:0,FFN_W3:0,FFN_W1:1,FFN_W3:1,SwiGLU:0,SwiGLU:1,FFN_W2:0,FFN_W2:1,Add:-1",0.00032135900410246165,0.0003708928108215332,npu|decode|19|2ef4409498d14c672a4fbbfe6786cce6,19,sample_step,0.00385630804922954,0.004450713729858398,4.9533806719071524e-05,1.154138536922022,0.0005944056806288581,1.154138536922022
attn_on_pim_prefill-128xdecode_262_ops_trace.csv,decode,19,215,28,PIM0,pim,7,"Q:0,K:0,V:0,QK:0,Softmax:0,SV:0,O:0",2.585169726554426e-05,2.2037000000000003e-05,pim|decode|19|61397802f1888ea563dd9b1ea38edd23,19,sample_step,0.0003102203671865311,0.000264444,-3.8146972655442574e-06,0.8524391947514961,-4.57763671865311e-05,0.8524391947514961
attn_on_pim_prefill-128xdecode_262_ops_trace.csv,decode,19,215,28,PIM1,pim,7,"Q:1,K:1,V:1,QK:1,Softmax:1,SV:1,O:1",2.585169726554426e-05,2.2037000000000003e-05,pim|decode|19|9c4e6c099d863efd94751a80c7e404c5,19,sample_step,0.0003102203671865311,0.000264444,-3.8146972655442574e-06,0.8524391947514961,-4.57763671865311e-05,0.8524391947514961
attn_on_pim_prefill-128xdecode_262_ops_trace.csv,decode,19,215,29,GPU0,npu,12,"LN:-1,Add:-1,LN:-1,FFN_W1:0,FFN_W3:0,FFN_W1:1,FFN_W3:1,SwiGLU:0,SwiGLU:1,FFN_W2:0,FFN_W2:1,Add:-1",0.00032135900410246165,0.0003708928108215332,npu|decode|19|2ef4409498d14c672a4fbbfe6786cce6,19,sample_step,0.00385630804922954,0.004450713729858398,4.9533806719071524e-05,1.154138536922022,0.0005944056806288581,1.154138536922022
attn_on_pim_prefill-128xdecode_262_ops_trace.csv,decode,19,215,29,PIM0,pim,7,"Q:0,K:0,V:0,QK:0,Softmax:0,SV:0,O:0",2.585169726554426e-05,2.2037000000000003e-05,pim|decode|19|61397802f1888ea563dd9b1ea38edd23,19,sample_step,0.0003102203671865311,0.000264444,-3.8146972655442574e-06,0.8524391947514961,-4.57763671865311e-05,0.8524391947514961
attn_on_pim_prefill-128xdecode_262_ops_trace.csv,decode,19,215,29,PIM1,pim,7,"Q:1,K:1,V:1,QK:1,Softmax:1,SV:1,O:1",2.585169726554426e-05,2.2037000000000003e-05,pim|decode|19|9c4e6c099d863efd94751a80c7e404c5,19,sample_step,0.0003102203671865311,0.000264444,-3.8146972655442574e-06,0.8524391947514961,-4.57763671865311e-05,0.8524391947514961
attn_on_pim_prefill-128xdecode_262_ops_trace.csv,decode,19,215,30,GPU0,npu,12,"LN:-1,Add:-1,LN:-1,FFN_W1:0,FFN_W3:0,FFN_W1:1,FFN_W3:1,SwiGLU:0,SwiGLU:1,FFN_W2:0,FFN_W2:1,Add:-1",0.00032135900410246165,0.0003708928108215332,npu|decode|19|2ef4409498d14c672a4fbbfe6786cce6,19,sample_step,0.00385630804922954,0.004450713729858398,4.9533806719071524e-05,1.154138536922022,0.0005944056806288581,1.154138536922022
attn_on_pim_prefill-128xdecode_262_ops_trace.csv,decode,19,215,30,PIM0,pim,7,"Q:0,K:0,V:0,QK:0,Softmax:0,SV:0,O:0",2.585169726554426e-05,2.2037000000000003e-05,pim|decode|19|61397802f1888ea563dd9b1ea38edd23,19,sample_step,0.0003102203671865311,0.000264444,-3.8146972655442574e-06,0.8524391947514961,-4.57763671865311e-05,0.8524391947514961
attn_on_pim_prefill-128xdecode_262_ops_trace.csv,decode,19,215,30,PIM1,pim,7,"Q:1,K:1,V:1,QK:1,Softmax:1,SV:1,O:1",2.585169726554426e-05,2.2037000000000003e-05,pim|decode|19|9c4e6c099d863efd94751a80c7e404c5,19,sample_step,0.0003102203671865311,0.000264444,-3.8146972655442574e-06,0.8524391947514961,-4.57763671865311e-05,0.8524391947514961
attn_on_pim_prefill-128xdecode_262_ops_trace.csv,decode,19,215,31,GPU0,npu,12,"LN:-1,Add:-1,LN:-1,FFN_W1:0,FFN_W3:0,FFN_W1:1,FFN_W3:1,SwiGLU:0,SwiGLU:1,FFN_W2:0,FFN_W2:1,Add:-1",0.00032135900410246165,0.0003708928108215332,npu|decode|19|2ef4409498d14c672a4fbbfe6786cce6,19,sample_step,0.00385630804922954,0.004450713729858398,4.9533806719071524e-05,1.154138536922022,0.0005944056806288581,1.154138536922022
attn_on_pim_prefill-128xdecode_262_ops_trace.csv,decode,19,215,31,PIM0,pim,7,"Q:0,K:0,V:0,QK:0,Softmax:0,SV:0,O:0",2.585169726554426e-05,2.2037000000000003e-05,pim|decode|19|61397802f1888ea563dd9b1ea38edd23,19,sample_step,0.0003102203671865311,0.000264444,-3.8146972655442574e-06,0.8524391947514961,-4.57763671865311e-05,0.8524391947514961
attn_on_pim_prefill-128xdecode_262_ops_trace.csv,decode,19,215,31,PIM1,pim,7,"Q:1,K:1,V:1,QK:1,Softmax:1,SV:1,O:1",2.585169726554426e-05,2.2037000000000003e-05,pim|decode|19|9c4e6c099d863efd94751a80c7e404c5,19,sample_step,0.0003102203671865311,0.000264444,-3.8146972655442574e-06,0.8524391947514961,-4.57763671865311e-05,0.8524391947514961
attn_on_pim_prefill-128xdecode_262_ops_trace.csv,decode,20,227,0,GPU0,npu,12,"LN:-1,Add:-1,LN:-1,FFN_W1:0,FFN_W3:0,FFN_W1:1,FFN_W3:1,SwiGLU:0,SwiGLU:1,FFN_W2:0,FFN_W2:1,Add:-1",0.00032135900410246165,0.0003718143939971924,npu|decode|20|2ef4409498d14c672a4fbbfe6786cce6,20,sample_step,0.00385630804922954,0.004461772727966309,5.0455389894730736e-05,1.1570063052555504,0.000605464678736769,1.1570063052555504
attn_on_pim_prefill-128xdecode_262_ops_trace.csv,decode,20,227,0,PIM0,pim,7,"Q:0,K:0,V:0,QK:0,Softmax:0,SV:0,O:0",2.5921697265118837e-05,2.2107e-05,pim|decode|20|61397802f1888ea563dd9b1ea38edd23,20,sample_step,0.00031106036718142605,0.000265284,-3.814697265118837e-06,0.8528376739337964,-4.577636718142603e-05,0.8528376739337964
attn_on_pim_prefill-128xdecode_262_ops_trace.csv,decode,20,227,0,PIM1,pim,7,"Q:1,K:1,V:1,QK:1,Softmax:1,SV:1,O:1",2.5921697265118837e-05,2.2107e-05,pim|decode|20|9c4e6c099d863efd94751a80c7e404c5,20,sample_step,0.00031106036718142605,0.000265284,-3.814697265118837e-06,0.8528376739337964,-4.577636718142603e-05,0.8528376739337964
attn_on_pim_prefill-128xdecode_262_ops_trace.csv,decode,20,227,1,GPU0,npu,12,"LN:-1,Add:-1,LN:-1,FFN_W1:0,FFN_W3:0,FFN_W1:1,FFN_W3:1,SwiGLU:0,SwiGLU:1,FFN_W2:0,FFN_W2:1,Add:-1",0.00032135900410246165,0.0003718143939971924,npu|decode|20|2ef4409498d14c672a4fbbfe6786cce6,20,sample_step,0.00385630804922954,0.004461772727966309,5.0455389894730736e-05,1.1570063052555504,0.000605464678736769,1.1570063052555504
attn_on_pim_prefill-128xdecode_262_ops_trace.csv,decode,20,227,1,PIM0,pim,7,"Q:0,K:0,V:0,QK:0,Softmax:0,SV:0,O:0",2.5921697265118837e-05,2.2107e-05,pim|decode|20|61397802f1888ea563dd9b1ea38edd23,20,sample_step,0.00031106036718142605,0.000265284,-3.814697265118837e-06,0.8528376739337964,-4.577636718142603e-05,0.8528376739337964
attn_on_pim_prefill-128xdecode_262_ops_trace.csv,decode,20,227,1,PIM1,pim,7,"Q:1,K:1,V:1,QK:1,Softmax:1,SV:1,O:1",2.5921697265118837e-05,2.2107e-05,pim|decode|20|9c4e6c099d863efd94751a80c7e404c5,20,sample_step,0.00031106036718142605,0.000265284,-3.814697265118837e-06,0.8528376739337964,-4.577636718142603e-05,0.8528376739337964
attn_on_pim_prefill-128xdecode_262_ops_trace.csv,decode,20,227,2,GPU0,npu,12,"LN:-1,Add:-1,LN:-1,FFN_W1:0,FFN_W3:0,FFN_W1:1,FFN_W3:1,SwiGLU:0,SwiGLU:1,FFN_W2:0,FFN_W2:1,Add:-1",0.00032135900410246165,0.0003718143939971924,npu|decode|20|2ef4409498d14c672a4fbbfe6786cce6,20,sample_step,0.00385630804922954,0.004461772727966309,5.0455389894730736e-05,1.1570063052555504,0.000605464678736769,1.1570063052555504
attn_on_pim_prefill-128xdecode_262_ops_trace.csv,decode,20,227,2,PIM0,pim,7,"Q:0,K:0,V:0,QK:0,Softmax:0,SV:0,O:0",2.5921697265118837e-05,2.2107e-05,pim|decode|20|61397802f1888ea563dd9b1ea38edd23,20,sample_step,0.00031106036718142605,0.000265284,-3.814697265118837e-06,0.8528376739337964,-4.577636718142603e-05,0.8528376739337964
attn_on_pim_prefill-128xdecode_262_ops_trace.csv,decode,20,227,2,PIM1,pim,7,"Q:1,K:1,V:1,QK:1,Softmax:1,SV:1,O:1",2.5921697265118837e-05,2.2107e-05,pim|decode|20|9c4e6c099d863efd94751a80c7e404c5,20,sample_step,0.00031106036718142605,0.000265284,-3.814697265118837e-06,0.8528376739337964,-4.577636718142603e-05,0.8528376739337964
attn_on_pim_prefill-128xdecode_262_ops_trace.csv,decode,20,227,3,GPU0,npu,12,"LN:-1,Add:-1,LN:-1,FFN_W1:0,FFN_W3:0,FFN_W1:1,FFN_W3:1,SwiGLU:0,SwiGLU:1,FFN_W2:0,FFN_W2:1,Add:-1",0.00032135900410246165,0.0003718143939971924,npu|decode|20|2ef4409498d14c672a4fbbfe6786cce6,20,sample_step,0.00385630804922954,0.004461772727966309,5.0455389894730736e-05,1.1570063052555504,0.000605464678736769,1.1570063052555504
attn_on_pim_prefill-128xdecode_262_ops_trace.csv,decode,20,227,3,PIM0,pim,7,"Q:0,K:0,V:0,QK:0,Softmax:0,SV:0,O:0",2.5921697265118837e-05,2.2107e-05,pim|decode|20|61397802f1888ea563dd9b1ea38edd23,20,sample_step,0.00031106036718142605,0.000265284,-3.814697265118837e-06,0.8528376739337964,-4.577636718142603e-05,0.8528376739337964
attn_on_pim_prefill-128xdecode_262_ops_trace.csv,decode,20,227,3,PIM1,pim,7,"Q:1,K:1,V:1,QK:1,Softmax:1,SV:1,O:1",2.5921697265118837e-05,2.2107e-05,pim|decode|20|9c4e6c099d863efd94751a80c7e404c5,20,sample_step,0.00031106036718142605,0.000265284,-3.814697265118837e-06,0.8528376739337964,-4.577636718142603e-05,0.8528376739337964
attn_on_pim_prefill-128xdecode_262_ops_trace.csv,decode,20,227,4,GPU0,npu,12,"LN:-1,Add:-1,LN:-1,FFN_W1:0,FFN_W3:0,FFN_W1:1,FFN_W3:1,SwiGLU:0,SwiGLU:1,FFN_W2:0,FFN_W2:1,Add:-1",0.00032135900410246165,0.0003718143939971924,npu|decode|20|2ef4409498d14c672a4fbbfe6786cce6,20,sample_step,0.00385630804922954,0.004461772727966309,5.0455389894730736e-05,1.1570063052555504,0.000605464678736769,1.1570063052555504
attn_on_pim_prefill-128xdecode_262_ops_trace.csv,decode,20,227,4,PIM0,pim,7,"Q:0,K:0,V:0,QK:0,Softmax:0,SV:0,O:0",2.5921697265118837e-05,2.2107e-05,pim|decode|20|61397802f1888ea563dd9b1ea38edd23,20,sample_step,0.00031106036718142605,0.000265284,-3.814697265118837e-06,0.8528376739337964,-4.577636718142603e-05,0.8528376739337964
attn_on_pim_prefill-128xdecode_262_ops_trace.csv,decode,20,227,4,PIM1,pim,7,"Q:1,K:1,V:1,QK:1,Softmax:1,SV:1,O:1",2.5921697265118837e-05,2.2107e-05,pim|decode|20|9c4e6c099d863efd94751a80c7e404c5,20,sample_step,0.00031106036718142605,0.000265284,-3.814697265118837e-06,0.8528376739337964,-4.577636718142603e-05,0.8528376739337964
attn_on_pim_prefill-128xdecode_262_ops_trace.csv,decode,20,227,5,GPU0,npu,12,"LN:-1,Add:-1,LN:-1,FFN_W1:0,FFN_W3:0,FFN_W1:1,FFN_W3:1,SwiGLU:0,SwiGLU:1,FFN_W2:0,FFN_W2:1,Add:-1",0.00032135900410246165,0.0003718143939971924,npu|decode|20|2ef4409498d14c672a4fbbfe6786cce6,20,sample_step,0.00385630804922954,0.004461772727966309,5.0455389894730736e-05,1.1570063052555504,0.000605464678736769,1.1570063052555504
attn_on_pim_prefill-128xdecode_262_ops_trace.csv,decode,20,227,5,PIM0,pim,7,"Q:0,K:0,V:0,QK:0,Softmax:0,SV:0,O:0",2.5921697265118837e-05,2.2107e-05,pim|decode|20|61397802f1888ea563dd9b1ea38edd23,20,sample_step,0.00031106036718142605,0.000265284,-3.814697265118837e-06,0.8528376739337964,-4.577636718142603e-05,0.8528376739337964
attn_on_pim_prefill-128xdecode_262_ops_trace.csv,decode,20,227,5,PIM1,pim,7,"Q:1,K:1,V:1,QK:1,Softmax:1,SV:1,O:1",2.5921697265118837e-05,2.2107e-05,pim|decode|20|9c4e6c099d863efd94751a80c7e404c5,20,sample_step,0.00031106036718142605,0.000265284,-3.814697265118837e-06,0.8528376739337964,-4.577636718142603e-05,0.8528376739337964
attn_on_pim_prefill-128xdecode_262_ops_trace.csv,decode,20,227,6,GPU0,npu,12,"LN:-1,Add:-1,LN:-1,FFN_W1:0,FFN_W3:0,FFN_W1:1,FFN_W3:1,SwiGLU:0,SwiGLU:1,FFN_W2:0,FFN_W2:1,Add:-1",0.00032135900410246165,0.0003718143939971924,npu|decode|20|2ef4409498d14c672a4fbbfe6786cce6,20,sample_step,0.00385630804922954,0.004461772727966309,5.0455389894730736e-05,1.1570063052555504,0.000605464678736769,1.1570063052555504
attn_on_pim_prefill-128xdecode_262_ops_trace.csv,decode,20,227,6,PIM0,pim,7,"Q:0,K:0,V:0,QK:0,Softmax:0,SV:0,O:0",2.5921697265118837e-05,2.2107e-05,pim|decode|20|61397802f1888ea563dd9b1ea38edd23,20,sample_step,0.00031106036718142605,0.000265284,-3.814697265118837e-06,0.8528376739337964,-4.577636718142603e-05,0.8528376739337964
attn_on_pim_prefill-128xdecode_262_ops_trace.csv,decode,20,227,6,PIM1,pim,7,"Q:1,K:1,V:1,QK:1,Softmax:1,SV:1,O:1",2.5921697265118837e-05,2.2107e-05,pim|decode|20|9c4e6c099d863efd94751a80c7e404c5,20,sample_step,0.00031106036718142605,0.000265284,-3.814697265118837e-06,0.8528376739337964,-4.577636718142603e-05,0.8528376739337964
attn_on_pim_prefill-128xdecode_262_ops_trace.csv,decode,20,227,7,GPU0,npu,12,"LN:-1,Add:-1,LN:-1,FFN_W1:0,FFN_W3:0,FFN_W1:1,FFN_W3:1,SwiGLU:0,SwiGLU:1,FFN_W2:0,FFN_W2:1,Add:-1",0.00032135900410246165,0.0003718143939971924,npu|decode|20|2ef4409498d14c672a4fbbfe6786cce6,20,sample_step,0.00385630804922954,0.004461772727966309,5.0455389894730736e-05,1.1570063052555504,0.000605464678736769,1.1570063052555504
attn_on_pim_prefill-128xdecode_262_ops_trace.csv,decode,20,227,7,PIM0,pim,7,"Q:0,K:0,V:0,QK:0,Softmax:0,SV:0,O:0",2.5921697265118837e-05,2.2107e-05,pim|decode|20|61397802f1888ea563dd9b1ea38edd23,20,sample_step,0.00031106036718142605,0.000265284,-3.814697265118837e-06,0.8528376739337964,-4.577636718142603e-05,0.8528376739337964
attn_on_pim_prefill-128xdecode_262_ops_trace.csv,decode,20,227,7,PIM1,pim,7,"Q:1,K:1,V:1,QK:1,Softmax:1,SV:1,O:1",2.5921697265118837e-05,2.2107e-05,pim|decode|20|9c4e6c099d863efd94751a80c7e404c5,20,sample_step,0.00031106036718142605,0.000265284,-3.814697265118837e-06,0.8528376739337964,-4.577636718142603e-05,0.8528376739337964
attn_on_pim_prefill-128xdecode_262_ops_trace.csv,decode,20,227,8,GPU0,npu,12,"LN:-1,Add:-1,LN:-1,FFN_W1:0,FFN_W3:0,FFN_W1:1,FFN_W3:1,SwiGLU:0,SwiGLU:1,FFN_W2:0,FFN_W2:1,Add:-1",0.00032135900410246165,0.0003718143939971924,npu|decode|20|2ef4409498d14c672a4fbbfe6786cce6,20,sample_step,0.00385630804922954,0.004461772727966309,5.0455389894730736e-05,1.1570063052555504,0.000605464678736769,1.1570063052555504
attn_on_pim_prefill-128xdecode_262_ops_trace.csv,decode,20,227,8,PIM0,pim,7,"Q:0,K:0,V:0,QK:0,Softmax:0,SV:0,O:0",2.5921697265118837e-05,2.2107e-05,pim|decode|20|61397802f1888ea563dd9b1ea38edd23,20,sample_step,0.00031106036718142605,0.000265284,-3.814697265118837e-06,0.8528376739337964,-4.577636718142603e-05,0.8528376739337964
attn_on_pim_prefill-128xdecode_262_ops_trace.csv,decode,20,227,8,PIM1,pim,7,"Q:1,K:1,V:1,QK:1,Softmax:1,SV:1,O:1",2.5921697265118837e-05,2.2107e-05,pim|decode|20|9c4e6c099d863efd94751a80c7e404c5,20,sample_step,0.00031106036718142605,0.000265284,-3.814697265118837e-06,0.8528376739337964,-4.577636718142603e-05,0.8528376739337964
attn_on_pim_prefill-128xdecode_262_ops_trace.csv,decode,20,227,9,GPU0,npu,12,"LN:-1,Add:-1,LN:-1,FFN_W1:0,FFN_W3:0,FFN_W1:1,FFN_W3:1,SwiGLU:0,SwiGLU:1,FFN_W2:0,FFN_W2:1,Add:-1",0.00032135900410246165,0.0003718143939971924,npu|decode|20|2ef4409498d14c672a4fbbfe6786cce6,20,sample_step,0.00385630804922954,0.004461772727966309,5.0455389894730736e-05,1.1570063052555504,0.000605464678736769,1.1570063052555504
attn_on_pim_prefill-128xdecode_262_ops_trace.csv,decode,20,227,9,PIM0,pim,7,"Q:0,K:0,V:0,QK:0,Softmax:0,SV:0,O:0",2.5921697265118837e-05,2.2107e-05,pim|decode|20|61397802f1888ea563dd9b1ea38edd23,20,sample_step,0.00031106036718142605,0.000265284,-3.814697265118837e-06,0.8528376739337964,-4.577636718142603e-05,0.8528376739337964
attn_on_pim_prefill-128xdecode_262_ops_trace.csv,decode,20,227,9,PIM1,pim,7,"Q:1,K:1,V:1,QK:1,Softmax:1,SV:1,O:1",2.5921697265118837e-05,2.2107e-05,pim|decode|20|9c4e6c099d863efd94751a80c7e404c5,20,sample_step,0.00031106036718142605,0.000265284,-3.814697265118837e-06,0.8528376739337964,-4.577636718142603e-05,0.8528376739337964
attn_on_pim_prefill-128xdecode_262_ops_trace.csv,decode,20,227,10,GPU0,npu,12,"LN:-1,Add:-1,LN:-1,FFN_W1:0,FFN_W3:0,FFN_W1:1,FFN_W3:1,SwiGLU:0,SwiGLU:1,FFN_W2:0,FFN_W2:1,Add:-1",0.00032135900410246165,0.0003718143939971924,npu|decode|20|2ef4409498d14c672a4fbbfe6786cce6,20,sample_step,0.00385630804922954,0.004461772727966309,5.0455389894730736e-05,1.1570063052555504,0.000605464678736769,1.1570063052555504
attn_on_pim_prefill-128xdecode_262_ops_trace.csv,decode,20,227,10,PIM0,pim,7,"Q:0,K:0,V:0,QK:0,Softmax:0,SV:0,O:0",2.5921697265118837e-05,2.2107e-05,pim|decode|20|61397802f1888ea563dd9b1ea38edd23,20,sample_step,0.00031106036718142605,0.000265284,-3.814697265118837e-06,0.8528376739337964,-4.577636718142603e-05,0.8528376739337964
attn_on_pim_prefill-128xdecode_262_ops_trace.csv,decode,20,227,10,PIM1,pim,7,"Q:1,K:1,V:1,QK:1,Softmax:1,SV:1,O:1",2.5921697265118837e-05,2.2107e-05,pim|decode|20|9c4e6c099d863efd94751a80c7e404c5,20,sample_step,0.00031106036718142605,0.000265284,-3.814697265118837e-06,0.8528376739337964,-4.577636718142603e-05,0.8528376739337964
attn_on_pim_prefill-128xdecode_262_ops_trace.csv,decode,20,227,11,GPU0,npu,12,"LN:-1,Add:-1,LN:-1,FFN_W1:0,FFN_W3:0,FFN_W1:1,FFN_W3:1,SwiGLU:0,SwiGLU:1,FFN_W2:0,FFN_W2:1,Add:-1",0.00032135900410246165,0.0003718143939971924,npu|decode|20|2ef4409498d14c672a4fbbfe6786cce6,20,sample_step,0.00385630804922954,0.004461772727966309,5.0455389894730736e-05,1.1570063052555504,0.000605464678736769,1.1570063052555504
attn_on_pim_prefill-128xdecode_262_ops_trace.csv,decode,20,227,11,PIM0,pim,7,"Q:0,K:0,V:0,QK:0,Softmax:0,SV:0,O:0",2.5921697265118837e-05,2.2107e-05,pim|decode|20|61397802f1888ea563dd9b1ea38edd23,20,sample_step,0.00031106036718142605,0.000265284,-3.814697265118837e-06,0.8528376739337964,-4.577636718142603e-05,0.8528376739337964
attn_on_pim_prefill-128xdecode_262_ops_trace.csv,decode,20,227,11,PIM1,pim,7,"Q:1,K:1,V:1,QK:1,Softmax:1,SV:1,O:1",2.5921697265118837e-05,2.2107e-05,pim|decode|20|9c4e6c099d863efd94751a80c7e404c5,20,sample_step,0.00031106036718142605,0.000265284,-3.814697265118837e-06,0.8528376739337964,-4.577636718142603e-05,0.8528376739337964
attn_on_pim_prefill-128xdecode_262_ops_trace.csv,decode,20,227,12,GPU0,npu,12,"LN:-1,Add:-1,LN:-1,FFN_W1:0,FFN_W3:0,FFN_W1:1,FFN_W3:1,SwiGLU:0,SwiGLU:1,FFN_W2:0,FFN_W2:1,Add:-1",0.00032135900410246165,0.0003718143939971924,npu|decode|20|2ef4409498d14c672a4fbbfe6786cce6,20,sample_step,0.00385630804922954,0.004461772727966309,5.0455389894730736e-05,1.1570063052555504,0.000605464678736769,1.1570063052555504
attn_on_pim_prefill-128xdecode_262_ops_trace.csv,decode,20,227,12,PIM0,pim,7,"Q:0,K:0,V:0,QK:0,Softmax:0,SV:0,O:0",2.5921697265118837e-05,2.2107e-05,pim|decode|20|61397802f1888ea563dd9b1ea38edd23,20,sample_step,0.00031106036718142605,0.000265284,-3.814697265118837e-06,0.8528376739337964,-4.577636718142603e-05,0.8528376739337964
attn_on_pim_prefill-128xdecode_262_ops_trace.csv,decode,20,227,12,PIM1,pim,7,"Q:1,K:1,V:1,QK:1,Softmax:1,SV:1,O:1",2.5921697265118837e-05,2.2107e-05,pim|decode|20|9c4e6c099d863efd94751a80c7e404c5,20,sample_step,0.00031106036718142605,0.000265284,-3.814697265118837e-06,0.8528376739337964,-4.577636718142603e-05,0.8528376739337964
attn_on_pim_prefill-128xdecode_262_ops_trace.csv,decode,20,227,13,GPU0,npu,12,"LN:-1,Add:-1,LN:-1,FFN_W1:0,FFN_W3:0,FFN_W1:1,FFN_W3:1,SwiGLU:0,SwiGLU:1,FFN_W2:0,FFN_W2:1,Add:-1",0.00032135900410246165,0.0003718143939971924,npu|decode|20|2ef4409498d14c672a4fbbfe6786cce6,20,sample_step,0.00385630804922954,0.004461772727966309,5.0455389894730736e-05,1.1570063052555504,0.000605464678736769,1.1570063052555504
attn_on_pim_prefill-128xdecode_262_ops_trace.csv,decode,20,227,13,PIM0,pim,7,"Q:0,K:0,V:0,QK:0,Softmax:0,SV:0,O:0",2.5921697265118837e-05,2.2107e-05,pim|decode|20|61397802f1888ea563dd9b1ea38edd23,20,sample_step,0.00031106036718142605,0.000265284,-3.814697265118837e-06,0.8528376739337964,-4.577636718142603e-05,0.8528376739337964
attn_on_pim_prefill-128xdecode_262_ops_trace.csv,decode,20,227,13,PIM1,pim,7,"Q:1,K:1,V:1,QK:1,Softmax:1,SV:1,O:1",2.5921697265118837e-05,2.2107e-05,pim|decode|20|9c4e6c099d863efd94751a80c7e404c5,20,sample_step,0.00031106036718142605,0.000265284,-3.814697265118837e-06,0.8528376739337964,-4.577636718142603e-05,0.8528376739337964
attn_on_pim_prefill-128xdecode_262_ops_trace.csv,decode,20,227,14,GPU0,npu,12,"LN:-1,Add:-1,LN:-1,FFN_W1:0,FFN_W3:0,FFN_W1:1,FFN_W3:1,SwiGLU:0,SwiGLU:1,FFN_W2:0,FFN_W2:1,Add:-1",0.00032135900410246165,0.0003718143939971924,npu|decode|20|2ef4409498d14c672a4fbbfe6786cce6,20,sample_step,0.00385630804922954,0.004461772727966309,5.0455389894730736e-05,1.1570063052555504,0.000605464678736769,1.1570063052555504
attn_on_pim_prefill-128xdecode_262_ops_trace.csv,decode,20,227,14,PIM0,pim,7,"Q:0,K:0,V:0,QK:0,Softmax:0,SV:0,O:0",2.5921697265118837e-05,2.2107e-05,pim|decode|20|61397802f1888ea563dd9b1ea38edd23,20,sample_step,0.00031106036718142605,0.000265284,-3.814697265118837e-06,0.8528376739337964,-4.577636718142603e-05,0.8528376739337964
attn_on_pim_prefill-128xdecode_262_ops_trace.csv,decode,20,227,14,PIM1,pim,7,"Q:1,K:1,V:1,QK:1,Softmax:1,SV:1,O:1",2.5921697265118837e-05,2.2107e-05,pim|decode|20|9c4e6c099d863efd94751a80c7e404c5,20,sample_step,0.00031106036718142605,0.000265284,-3.814697265118837e-06,0.8528376739337964,-4.577636718142603e-05,0.8528376739337964
attn_on_pim_prefill-128xdecode_262_ops_trace.csv,decode,20,227,15,GPU0,npu,12,"LN:-1,Add:-1,LN:-1,FFN_W1:0,FFN_W3:0,FFN_W1:1,FFN_W3:1,SwiGLU:0,SwiGLU:1,FFN_W2:0,FFN_W2:1,Add:-1",0.00032135900410246165,0.0003718143939971924,npu|decode|20|2ef4409498d14c672a4fbbfe6786cce6,20,sample_step,0.00385630804922954,0.004461772727966309,5.0455389894730736e-05,1.1570063052555504,0.000605464678736769,1.1570063052555504
attn_on_pim_prefill-128xdecode_262_ops_trace.csv,decode,20,227,15,PIM0,pim,7,"Q:0,K:0,V:0,QK:0,Softmax:0,SV:0,O:0",2.5921697265118837e-05,2.2107e-05,pim|decode|20|61397802f1888ea563dd9b1ea38edd23,20,sample_step,0.00031106036718142605,0.000265284,-3.814697265118837e-06,0.8528376739337964,-4.577636718142603e-05,0.8528376739337964
attn_on_pim_prefill-128xdecode_262_ops_trace.csv,decode,20,227,15,PIM1,pim,7,"Q:1,K:1,V:1,QK:1,Softmax:1,SV:1,O:1",2.5921697265118837e-05,2.2107e-05,pim|decode|20|9c4e6c099d863efd94751a80c7e404c5,20,sample_step,0.00031106036718142605,0.000265284,-3.814697265118837e-06,0.8528376739337964,-4.577636718142603e-05,0.8528376739337964
attn_on_pim_prefill-128xdecode_262_ops_trace.csv,decode,20,227,16,GPU0,npu,12,"LN:-1,Add:-1,LN:-1,FFN_W1:0,FFN_W3:0,FFN_W1:1,FFN_W3:1,SwiGLU:0,SwiGLU:1,FFN_W2:0,FFN_W2:1,Add:-1",0.00032135900410246165,0.0003718143939971924,npu|decode|20|2ef4409498d14c672a4fbbfe6786cce6,20,sample_step,0.00385630804922954,0.004461772727966309,5.0455389894730736e-05,1.1570063052555504,0.000605464678736769,1.1570063052555504
attn_on_pim_prefill-128xdecode_262_ops_trace.csv,decode,20,227,16,PIM0,pim,7,"Q:0,K:0,V:0,QK:0,Softmax:0,SV:0,O:0",2.5921697265118837e-05,2.2107e-05,pim|decode|20|61397802f1888ea563dd9b1ea38edd23,20,sample_step,0.00031106036718142605,0.000265284,-3.814697265118837e-06,0.8528376739337964,-4.577636718142603e-05,0.8528376739337964
attn_on_pim_prefill-128xdecode_262_ops_trace.csv,decode,20,227,16,PIM1,pim,7,"Q:1,K:1,V:1,QK:1,Softmax:1,SV:1,O:1",2.5921697265118837e-05,2.2107e-05,pim|decode|20|9c4e6c099d863efd94751a80c7e404c5,20,sample_step,0.00031106036718142605,0.000265284,-3.814697265118837e-06,0.8528376739337964,-4.577636718142603e-05,0.8528376739337964
attn_on_pim_prefill-128xdecode_262_ops_trace.csv,decode,20,227,17,GPU0,npu,12,"LN:-1,Add:-1,LN:-1,FFN_W1:0,FFN_W3:0,FFN_W1:1,FFN_W3:1,SwiGLU:0,SwiGLU:1,FFN_W2:0,FFN_W2:1,Add:-1",0.00032135900410246165,0.0003718143939971924,npu|decode|20|2ef4409498d14c672a4fbbfe6786cce6,20,sample_step,0.00385630804922954,0.004461772727966309,5.0455389894730736e-05,1.1570063052555504,0.000605464678736769,1.1570063052555504
attn_on_pim_prefill-128xdecode_262_ops_trace.csv,decode,20,227,17,PIM0,pim,7,"Q:0,K:0,V:0,QK:0,Softmax:0,SV:0,O:0",2.5921697265118837e-05,2.2107e-05,pim|decode|20|61397802f1888ea563dd9b1ea38edd23,20,sample_step,0.00031106036718142605,0.000265284,-3.814697265118837e-06,0.8528376739337964,-4.577636718142603e-05,0.8528376739337964
attn_on_pim_prefill-128xdecode_262_ops_trace.csv,decode,20,227,17,PIM1,pim,7,"Q:1,K:1,V:1,QK:1,Softmax:1,SV:1,O:1",2.5921697265118837e-05,2.2107e-05,pim|decode|20|9c4e6c099d863efd94751a80c7e404c5,20,sample_step,0.00031106036718142605,0.000265284,-3.814697265118837e-06,0.8528376739337964,-4.577636718142603e-05,0.8528376739337964
attn_on_pim_prefill-128xdecode_262_ops_trace.csv,decode,20,227,18,GPU0,npu,12,"LN:-1,Add:-1,LN:-1,FFN_W1:0,FFN_W3:0,FFN_W1:1,FFN_W3:1,SwiGLU:0,SwiGLU:1,FFN_W2:0,FFN_W2:1,Add:-1",0.00032135900410246165,0.0003718143939971924,npu|decode|20|2ef4409498d14c672a4fbbfe6786cce6,20,sample_step,0.00385630804922954,0.004461772727966309,5.0455389894730736e-05,1.1570063052555504,0.000605464678736769,1.1570063052555504
attn_on_pim_prefill-128xdecode_262_ops_trace.csv,decode,20,227,18,PIM0,pim,7,"Q:0,K:0,V:0,QK:0,Softmax:0,SV:0,O:0",2.5921697265118837e-05,2.2107e-05,pim|decode|20|61397802f1888ea563dd9b1ea38edd23,20,sample_step,0.00031106036718142605,0.000265284,-3.814697265118837e-06,0.8528376739337964,-4.577636718142603e-05,0.8528376739337964
attn_on_pim_prefill-128xdecode_262_ops_trace.csv,decode,20,227,18,PIM1,pim,7,"Q:1,K:1,V:1,QK:1,Softmax:1,SV:1,O:1",2.5921697265118837e-05,2.2107e-05,pim|decode|20|9c4e6c099d863efd94751a80c7e404c5,20,sample_step,0.00031106036718142605,0.000265284,-3.814697265118837e-06,0.8528376739337964,-4.577636718142603e-05,0.8528376739337964
attn_on_pim_prefill-128xdecode_262_ops_trace.csv,decode,20,227,19,GPU0,npu,12,"LN:-1,Add:-1,LN:-1,FFN_W1:0,FFN_W3:0,FFN_W1:1,FFN_W3:1,SwiGLU:0,SwiGLU:1,FFN_W2:0,FFN_W2:1,Add:-1",0.00032135900410246165,0.0003718143939971924,npu|decode|20|2ef4409498d14c672a4fbbfe6786cce6,20,sample_step,0.00385630804922954,0.004461772727966309,5.0455389894730736e-05,1.1570063052555504,0.000605464678736769,1.1570063052555504
attn_on_pim_prefill-128xdecode_262_ops_trace.csv,decode,20,227,19,PIM0,pim,7,"Q:0,K:0,V:0,QK:0,Softmax:0,SV:0,O:0",2.5921697265118837e-05,2.2107e-05,pim|decode|20|61397802f1888ea563dd9b1ea38edd23,20,sample_step,0.00031106036718142605,0.000265284,-3.814697265118837e-06,0.8528376739337964,-4.577636718142603e-05,0.8528376739337964
attn_on_pim_prefill-128xdecode_262_ops_trace.csv,decode,20,227,19,PIM1,pim,7,"Q:1,K:1,V:1,QK:1,Softmax:1,SV:1,O:1",2.5921697265118837e-05,2.2107e-05,pim|decode|20|9c4e6c099d863efd94751a80c7e404c5,20,sample_step,0.00031106036718142605,0.000265284,-3.814697265118837e-06,0.8528376739337964,-4.577636718142603e-05,0.8528376739337964
attn_on_pim_prefill-128xdecode_262_ops_trace.csv,decode,20,227,20,GPU0,npu,12,"LN:-1,Add:-1,LN:-1,FFN_W1:0,FFN_W3:0,FFN_W1:1,FFN_W3:1,SwiGLU:0,SwiGLU:1,FFN_W2:0,FFN_W2:1,Add:-1",0.00032135900410246165,0.0003718143939971924,npu|decode|20|2ef4409498d14c672a4fbbfe6786cce6,20,sample_step,0.00385630804922954,0.004461772727966309,5.0455389894730736e-05,1.1570063052555504,0.000605464678736769,1.1570063052555504
attn_on_pim_prefill-128xdecode_262_ops_trace.csv,decode,20,227,20,PIM0,pim,7,"Q:0,K:0,V:0,QK:0,Softmax:0,SV:0,O:0",2.5921697265118837e-05,2.2107e-05,pim|decode|20|61397802f1888ea563dd9b1ea38edd23,20,sample_step,0.00031106036718142605,0.000265284,-3.814697265118837e-06,0.8528376739337964,-4.577636718142603e-05,0.8528376739337964
attn_on_pim_prefill-128xdecode_262_ops_trace.csv,decode,20,227,20,PIM1,pim,7,"Q:1,K:1,V:1,QK:1,Softmax:1,SV:1,O:1",2.5921697265118837e-05,2.2107e-05,pim|decode|20|9c4e6c099d863efd94751a80c7e404c5,20,sample_step,0.00031106036718142605,0.000265284,-3.814697265118837e-06,0.8528376739337964,-4.577636718142603e-05,0.8528376739337964
attn_on_pim_prefill-128xdecode_262_ops_trace.csv,decode,20,227,21,GPU0,npu,12,"LN:-1,Add:-1,LN:-1,FFN_W1:0,FFN_W3:0,FFN_W1:1,FFN_W3:1,SwiGLU:0,SwiGLU:1,FFN_W2:0,FFN_W2:1,Add:-1",0.00032135900410246165,0.0003718143939971924,npu|decode|20|2ef4409498d14c672a4fbbfe6786cce6,20,sample_step,0.00385630804922954,0.004461772727966309,5.0455389894730736e-05,1.1570063052555504,0.000605464678736769,1.1570063052555504
attn_on_pim_prefill-128xdecode_262_ops_trace.csv,decode,20,227,21,PIM0,pim,7,"Q:0,K:0,V:0,QK:0,Softmax:0,SV:0,O:0",2.5921697265118837e-05,2.2107e-05,pim|decode|20|61397802f1888ea563dd9b1ea38edd23,20,sample_step,0.00031106036718142605,0.000265284,-3.814697265118837e-06,0.8528376739337964,-4.577636718142603e-05,0.8528376739337964
attn_on_pim_prefill-128xdecode_262_ops_trace.csv,decode,20,227,21,PIM1,pim,7,"Q:1,K:1,V:1,QK:1,Softmax:1,SV:1,O:1",2.5921697265118837e-05,2.2107e-05,pim|decode|20|9c4e6c099d863efd94751a80c7e404c5,20,sample_step,0.00031106036718142605,0.000265284,-3.814697265118837e-06,0.8528376739337964,-4.577636718142603e-05,0.8528376739337964
attn_on_pim_prefill-128xdecode_262_ops_trace.csv,decode,20,227,22,GPU0,npu,12,"LN:-1,Add:-1,LN:-1,FFN_W1:0,FFN_W3:0,FFN_W1:1,FFN_W3:1,SwiGLU:0,SwiGLU:1,FFN_W2:0,FFN_W2:1,Add:-1",0.00032135900410246165,0.0003718143939971924,npu|decode|20|2ef4409498d14c672a4fbbfe6786cce6,20,sample_step,0.00385630804922954,0.004461772727966309,5.0455389894730736e-05,1.1570063052555504,0.000605464678736769,1.1570063052555504
attn_on_pim_prefill-128xdecode_262_ops_trace.csv,decode,20,227,22,PIM0,pim,7,"Q:0,K:0,V:0,QK:0,Softmax:0,SV:0,O:0",2.5921697265118837e-05,2.2107e-05,pim|decode|20|61397802f1888ea563dd9b1ea38edd23,20,sample_step,0.00031106036718142605,0.000265284,-3.814697265118837e-06,0.8528376739337964,-4.577636718142603e-05,0.8528376739337964
attn_on_pim_prefill-128xdecode_262_ops_trace.csv,decode,20,227,22,PIM1,pim,7,"Q:1,K:1,V:1,QK:1,Softmax:1,SV:1,O:1",2.5921697265118837e-05,2.2107e-05,pim|decode|20|9c4e6c099d863efd94751a80c7e404c5,20,sample_step,0.00031106036718142605,0.000265284,-3.814697265118837e-06,0.8528376739337964,-4.577636718142603e-05,0.8528376739337964
attn_on_pim_prefill-128xdecode_262_ops_trace.csv,decode,20,227,23,GPU0,npu,12,"LN:-1,Add:-1,LN:-1,FFN_W1:0,FFN_W3:0,FFN_W1:1,FFN_W3:1,SwiGLU:0,SwiGLU:1,FFN_W2:0,FFN_W2:1,Add:-1",0.00032135900410246165,0.0003718143939971924,npu|decode|20|2ef4409498d14c672a4fbbfe6786cce6,20,sample_step,0.00385630804922954,0.004461772727966309,5.0455389894730736e-05,1.1570063052555504,0.000605464678736769,1.1570063052555504
attn_on_pim_prefill-128xdecode_262_ops_trace.csv,decode,20,227,23,PIM0,pim,7,"Q:0,K:0,V:0,QK:0,Softmax:0,SV:0,O:0",2.5921697265118837e-05,2.2107e-05,pim|decode|20|61397802f1888ea563dd9b1ea38edd23,20,sample_step,0.00031106036718142605,0.000265284,-3.814697265118837e-06,0.8528376739337964,-4.577636718142603e-05,0.8528376739337964
attn_on_pim_prefill-128xdecode_262_ops_trace.csv,decode,20,227,23,PIM1,pim,7,"Q:1,K:1,V:1,QK:1,Softmax:1,SV:1,O:1",2.5921697265118837e-05,2.2107e-05,pim|decode|20|9c4e6c099d863efd94751a80c7e404c5,20,sample_step,0.00031106036718142605,0.000265284,-3.814697265118837e-06,0.8528376739337964,-4.577636718142603e-05,0.8528376739337964
attn_on_pim_prefill-128xdecode_262_ops_trace.csv,decode,20,227,24,GPU0,npu,12,"LN:-1,Add:-1,LN:-1,FFN_W1:0,FFN_W3:0,FFN_W1:1,FFN_W3:1,SwiGLU:0,SwiGLU:1,FFN_W2:0,FFN_W2:1,Add:-1",0.00032135900410246165,0.0003718143939971924,npu|decode|20|2ef4409498d14c672a4fbbfe6786cce6,20,sample_step,0.00385630804922954,0.004461772727966309,5.0455389894730736e-05,1.1570063052555504,0.000605464678736769,1.1570063052555504
attn_on_pim_prefill-128xdecode_262_ops_trace.csv,decode,20,227,24,PIM0,pim,7,"Q:0,K:0,V:0,QK:0,Softmax:0,SV:0,O:0",2.5921697265118837e-05,2.2107e-05,pim|decode|20|61397802f1888ea563dd9b1ea38edd23,20,sample_step,0.00031106036718142605,0.000265284,-3.814697265118837e-06,0.8528376739337964,-4.577636718142603e-05,0.8528376739337964
attn_on_pim_prefill-128xdecode_262_ops_trace.csv,decode,20,227,24,PIM1,pim,7,"Q:1,K:1,V:1,QK:1,Softmax:1,SV:1,O:1",2.5921697265118837e-05,2.2107e-05,pim|decode|20|9c4e6c099d863efd94751a80c7e404c5,20,sample_step,0.00031106036718142605,0.000265284,-3.814697265118837e-06,0.8528376739337964,-4.577636718142603e-05,0.8528376739337964
attn_on_pim_prefill-128xdecode_262_ops_trace.csv,decode,20,227,25,GPU0,npu,12,"LN:-1,Add:-1,LN:-1,FFN_W1:0,FFN_W3:0,FFN_W1:1,FFN_W3:1,SwiGLU:0,SwiGLU:1,FFN_W2:0,FFN_W2:1,Add:-1",0.00032135900410246165,0.0003718143939971924,npu|decode|20|2ef4409498d14c672a4fbbfe6786cce6,20,sample_step,0.00385630804922954,0.004461772727966309,5.0455389894730736e-05,1.1570063052555504,0.000605464678736769,1.1570063052555504
attn_on_pim_prefill-128xdecode_262_ops_trace.csv,decode,20,227,25,PIM0,pim,7,"Q:0,K:0,V:0,QK:0,Softmax:0,SV:0,O:0",2.5921697265118837e-05,2.2107e-05,pim|decode|20|61397802f1888ea563dd9b1ea38edd23,20,sample_step,0.00031106036718142605,0.000265284,-3.814697265118837e-06,0.8528376739337964,-4.577636718142603e-05,0.8528376739337964
attn_on_pim_prefill-128xdecode_262_ops_trace.csv,decode,20,227,25,PIM1,pim,7,"Q:1,K:1,V:1,QK:1,Softmax:1,SV:1,O:1",2.5921697265118837e-05,2.2107e-05,pim|decode|20|9c4e6c099d863efd94751a80c7e404c5,20,sample_step,0.00031106036718142605,0.000265284,-3.814697265118837e-06,0.8528376739337964,-4.577636718142603e-05,0.8528376739337964
attn_on_pim_prefill-128xdecode_262_ops_trace.csv,decode,20,227,26,GPU0,npu,12,"LN:-1,Add:-1,LN:-1,FFN_W1:0,FFN_W3:0,FFN_W1:1,FFN_W3:1,SwiGLU:0,SwiGLU:1,FFN_W2:0,FFN_W2:1,Add:-1",0.00032135900410246165,0.0003718143939971924,npu|decode|20|2ef4409498d14c672a4fbbfe6786cce6,20,sample_step,0.00385630804922954,0.004461772727966309,5.0455389894730736e-05,1.1570063052555504,0.000605464678736769,1.1570063052555504
attn_on_pim_prefill-128xdecode_262_ops_trace.csv,decode,20,227,26,PIM0,pim,7,"Q:0,K:0,V:0,QK:0,Softmax:0,SV:0,O:0",2.5921697265118837e-05,2.2107e-05,pim|decode|20|61397802f1888ea563dd9b1ea38edd23,20,sample_step,0.00031106036718142605,0.000265284,-3.814697265118837e-06,0.8528376739337964,-4.577636718142603e-05,0.8528376739337964
attn_on_pim_prefill-128xdecode_262_ops_trace.csv,decode,20,227,26,PIM1,pim,7,"Q:1,K:1,V:1,QK:1,Softmax:1,SV:1,O:1",2.5921697265118837e-05,2.2107e-05,pim|decode|20|9c4e6c099d863efd94751a80c7e404c5,20,sample_step,0.00031106036718142605,0.000265284,-3.814697265118837e-06,0.8528376739337964,-4.577636718142603e-05,0.8528376739337964
attn_on_pim_prefill-128xdecode_262_ops_trace.csv,decode,20,227,27,GPU0,npu,12,"LN:-1,Add:-1,LN:-1,FFN_W1:0,FFN_W3:0,FFN_W1:1,FFN_W3:1,SwiGLU:0,SwiGLU:1,FFN_W2:0,FFN_W2:1,Add:-1",0.00032135900410246165,0.0003718143939971924,npu|decode|20|2ef4409498d14c672a4fbbfe6786cce6,20,sample_step,0.00385630804922954,0.004461772727966309,5.0455389894730736e-05,1.1570063052555504,0.000605464678736769,1.1570063052555504
attn_on_pim_prefill-128xdecode_262_ops_trace.csv,decode,20,227,27,PIM0,pim,7,"Q:0,K:0,V:0,QK:0,Softmax:0,SV:0,O:0",2.5921697265118837e-05,2.2107e-05,pim|decode|20|61397802f1888ea563dd9b1ea38edd23,20,sample_step,0.00031106036718142605,0.000265284,-3.814697265118837e-06,0.8528376739337964,-4.577636718142603e-05,0.8528376739337964
attn_on_pim_prefill-128xdecode_262_ops_trace.csv,decode,20,227,27,PIM1,pim,7,"Q:1,K:1,V:1,QK:1,Softmax:1,SV:1,O:1",2.5921697265118837e-05,2.2107e-05,pim|decode|20|9c4e6c099d863efd94751a80c7e404c5,20,sample_step,0.00031106036718142605,0.000265284,-3.814697265118837e-06,0.8528376739337964,-4.577636718142603e-05,0.8528376739337964
attn_on_pim_prefill-128xdecode_262_ops_trace.csv,decode,20,227,28,GPU0,npu,12,"LN:-1,Add:-1,LN:-1,FFN_W1:0,FFN_W3:0,FFN_W1:1,FFN_W3:1,SwiGLU:0,SwiGLU:1,FFN_W2:0,FFN_W2:1,Add:-1",0.00032135900410246165,0.0003718143939971924,npu|decode|20|2ef4409498d14c672a4fbbfe6786cce6,20,sample_step,0.00385630804922954,0.004461772727966309,5.0455389894730736e-05,1.1570063052555504,0.000605464678736769,1.1570063052555504
attn_on_pim_prefill-128xdecode_262_ops_trace.csv,decode,20,227,28,PIM0,pim,7,"Q:0,K:0,V:0,QK:0,Softmax:0,SV:0,O:0",2.5921697265118837e-05,2.2107e-05,pim|decode|20|61397802f1888ea563dd9b1ea38edd23,20,sample_step,0.00031106036718142605,0.000265284,-3.814697265118837e-06,0.8528376739337964,-4.577636718142603e-05,0.8528376739337964
attn_on_pim_prefill-128xdecode_262_ops_trace.csv,decode,20,227,28,PIM1,pim,7,"Q:1,K:1,V:1,QK:1,Softmax:1,SV:1,O:1",2.5921697265118837e-05,2.2107e-05,pim|decode|20|9c4e6c099d863efd94751a80c7e404c5,20,sample_step,0.00031106036718142605,0.000265284,-3.814697265118837e-06,0.8528376739337964,-4.577636718142603e-05,0.8528376739337964
attn_on_pim_prefill-128xdecode_262_ops_trace.csv,decode,20,227,29,GPU0,npu,12,"LN:-1,Add:-1,LN:-1,FFN_W1:0,FFN_W3:0,FFN_W1:1,FFN_W3:1,SwiGLU:0,SwiGLU:1,FFN_W2:0,FFN_W2:1,Add:-1",0.00032135900410246165,0.0003718143939971924,npu|decode|20|2ef4409498d14c672a4fbbfe6786cce6,20,sample_step,0.00385630804922954,0.004461772727966309,5.0455389894730736e-05,1.1570063052555504,0.000605464678736769,1.1570063052555504
attn_on_pim_prefill-128xdecode_262_ops_trace.csv,decode,20,227,29,PIM0,pim,7,"Q:0,K:0,V:0,QK:0,Softmax:0,SV:0,O:0",2.5921697265118837e-05,2.2107e-05,pim|decode|20|61397802f1888ea563dd9b1ea38edd23,20,sample_step,0.00031106036718142605,0.000265284,-3.814697265118837e-06,0.8528376739337964,-4.577636718142603e-05,0.8528376739337964
attn_on_pim_prefill-128xdecode_262_ops_trace.csv,decode,20,227,29,PIM1,pim,7,"Q:1,K:1,V:1,QK:1,Softmax:1,SV:1,O:1",2.5921697265118837e-05,2.2107e-05,pim|decode|20|9c4e6c099d863efd94751a80c7e404c5,20,sample_step,0.00031106036718142605,0.000265284,-3.814697265118837e-06,0.8528376739337964,-4.577636718142603e-05,0.8528376739337964
attn_on_pim_prefill-128xdecode_262_ops_trace.csv,decode,20,227,30,GPU0,npu,12,"LN:-1,Add:-1,LN:-1,FFN_W1:0,FFN_W3:0,FFN_W1:1,FFN_W3:1,SwiGLU:0,SwiGLU:1,FFN_W2:0,FFN_W2:1,Add:-1",0.00032135900410246165,0.0003718143939971924,npu|decode|20|2ef4409498d14c672a4fbbfe6786cce6,20,sample_step,0.00385630804922954,0.004461772727966309,5.0455389894730736e-05,1.1570063052555504,0.000605464678736769,1.1570063052555504
attn_on_pim_prefill-128xdecode_262_ops_trace.csv,decode,20,227,30,PIM0,pim,7,"Q:0,K:0,V:0,QK:0,Softmax:0,SV:0,O:0",2.5921697265118837e-05,2.2107e-05,pim|decode|20|61397802f1888ea563dd9b1ea38edd23,20,sample_step,0.00031106036718142605,0.000265284,-3.814697265118837e-06,0.8528376739337964,-4.577636718142603e-05,0.8528376739337964
attn_on_pim_prefill-128xdecode_262_ops_trace.csv,decode,20,227,30,PIM1,pim,7,"Q:1,K:1,V:1,QK:1,Softmax:1,SV:1,O:1",2.5921697265118837e-05,2.2107e-05,pim|decode|20|9c4e6c099d863efd94751a80c7e404c5,20,sample_step,0.00031106036718142605,0.000265284,-3.814697265118837e-06,0.8528376739337964,-4.577636718142603e-05,0.8528376739337964
attn_on_pim_prefill-128xdecode_262_ops_trace.csv,decode,20,227,31,GPU0,npu,12,"LN:-1,Add:-1,LN:-1,FFN_W1:0,FFN_W3:0,FFN_W1:1,FFN_W3:1,SwiGLU:0,SwiGLU:1,FFN_W2:0,FFN_W2:1,Add:-1",0.00032135900410246165,0.0003718143939971924,npu|decode|20|2ef4409498d14c672a4fbbfe6786cce6,20,sample_step,0.00385630804922954,0.004461772727966309,5.0455389894730736e-05,1.1570063052555504,0.000605464678736769,1.1570063052555504
attn_on_pim_prefill-128xdecode_262_ops_trace.csv,decode,20,227,31,PIM0,pim,7,"Q:0,K:0,V:0,QK:0,Softmax:0,SV:0,O:0",2.5921697265118837e-05,2.2107e-05,pim|decode|20|61397802f1888ea563dd9b1ea38edd23,20,sample_step,0.00031106036718142605,0.000265284,-3.814697265118837e-06,0.8528376739337964,-4.577636718142603e-05,0.8528376739337964
attn_on_pim_prefill-128xdecode_262_ops_trace.csv,decode,20,227,31,PIM1,pim,7,"Q:1,K:1,V:1,QK:1,Softmax:1,SV:1,O:1",2.5921697265118837e-05,2.2107e-05,pim|decode|20|9c4e6c099d863efd94751a80c7e404c5,20,sample_step,0.00031106036718142605,0.000265284,-3.814697265118837e-06,0.8528376739337964,-4.577636718142603e-05,0.8528376739337964
attn_on_pim_prefill-128xdecode_262_ops_trace.csv,decode,21,239,0,GPU0,npu,12,"LN:-1,Add:-1,LN:-1,FFN_W1:0,FFN_W3:0,FFN_W1:1,FFN_W3:1,SwiGLU:0,SwiGLU:1,FFN_W2:0,FFN_W2:1,Add:-1",0.00032135900410246165,0.0003718143939971924,npu|decode|21|2ef4409498d14c672a4fbbfe6786cce6,21,sample_step,0.00385630804922954,0.004461772727966309,5.0455389894730736e-05,1.1570063052555504,0.000605464678736769,1.1570063052555504
attn_on_pim_prefill-128xdecode_262_ops_trace.csv,decode,21,239,0,PIM0,pim,7,"Q:0,K:0,V:0,QK:0,Softmax:0,SV:0,O:0",2.5921697265118837e-05,2.2107e-05,pim|decode|21|61397802f1888ea563dd9b1ea38edd23,21,sample_step,0.00031106036718142605,0.000265284,-3.814697265118837e-06,0.8528376739337964,-4.577636718142603e-05,0.8528376739337964
attn_on_pim_prefill-128xdecode_262_ops_trace.csv,decode,21,239,0,PIM1,pim,7,"Q:1,K:1,V:1,QK:1,Softmax:1,SV:1,O:1",2.5921697265118837e-05,2.2107e-05,pim|decode|21|9c4e6c099d863efd94751a80c7e404c5,21,sample_step,0.00031106036718142605,0.000265284,-3.814697265118837e-06,0.8528376739337964,-4.577636718142603e-05,0.8528376739337964
attn_on_pim_prefill-128xdecode_262_ops_trace.csv,decode,21,239,1,GPU0,npu,12,"LN:-1,Add:-1,LN:-1,FFN_W1:0,FFN_W3:0,FFN_W1:1,FFN_W3:1,SwiGLU:0,SwiGLU:1,FFN_W2:0,FFN_W2:1,Add:-1",0.00032135900410246165,0.0003718143939971924,npu|decode|21|2ef4409498d14c672a4fbbfe6786cce6,21,sample_step,0.00385630804922954,0.004461772727966309,5.0455389894730736e-05,1.1570063052555504,0.000605464678736769,1.1570063052555504
attn_on_pim_prefill-128xdecode_262_ops_trace.csv,decode,21,239,1,PIM0,pim,7,"Q:0,K:0,V:0,QK:0,Softmax:0,SV:0,O:0",2.5921697265118837e-05,2.2107e-05,pim|decode|21|61397802f1888ea563dd9b1ea38edd23,21,sample_step,0.00031106036718142605,0.000265284,-3.814697265118837e-06,0.8528376739337964,-4.577636718142603e-05,0.8528376739337964
attn_on_pim_prefill-128xdecode_262_ops_trace.csv,decode,21,239,1,PIM1,pim,7,"Q:1,K:1,V:1,QK:1,Softmax:1,SV:1,O:1",2.5921697265118837e-05,2.2107e-05,pim|decode|21|9c4e6c099d863efd94751a80c7e404c5,21,sample_step,0.00031106036718142605,0.000265284,-3.814697265118837e-06,0.8528376739337964,-4.577636718142603e-05,0.8528376739337964
attn_on_pim_prefill-128xdecode_262_ops_trace.csv,decode,21,239,2,GPU0,npu,12,"LN:-1,Add:-1,LN:-1,FFN_W1:0,FFN_W3:0,FFN_W1:1,FFN_W3:1,SwiGLU:0,SwiGLU:1,FFN_W2:0,FFN_W2:1,Add:-1",0.00032135900410246165,0.0003718143939971924,npu|decode|21|2ef4409498d14c672a4fbbfe6786cce6,21,sample_step,0.00385630804922954,0.004461772727966309,5.0455389894730736e-05,1.1570063052555504,0.000605464678736769,1.1570063052555504
attn_on_pim_prefill-128xdecode_262_ops_trace.csv,decode,21,239,2,PIM0,pim,7,"Q:0,K:0,V:0,QK:0,Softmax:0,SV:0,O:0",2.5921697265118837e-05,2.2107e-05,pim|decode|21|61397802f1888ea563dd9b1ea38edd23,21,sample_step,0.00031106036718142605,0.000265284,-3.814697265118837e-06,0.8528376739337964,-4.577636718142603e-05,0.8528376739337964
attn_on_pim_prefill-128xdecode_262_ops_trace.csv,decode,21,239,2,PIM1,pim,7,"Q:1,K:1,V:1,QK:1,Softmax:1,SV:1,O:1",2.5921697265118837e-05,2.2107e-05,pim|decode|21|9c4e6c099d863efd94751a80c7e404c5,21,sample_step,0.00031106036718142605,0.000265284,-3.814697265118837e-06,0.8528376739337964,-4.577636718142603e-05,0.8528376739337964
attn_on_pim_prefill-128xdecode_262_ops_trace.csv,decode,21,239,3,GPU0,npu,12,"LN:-1,Add:-1,LN:-1,FFN_W1:0,FFN_W3:0,FFN_W1:1,FFN_W3:1,SwiGLU:0,SwiGLU:1,FFN_W2:0,FFN_W2:1,Add:-1",0.00032135900410246165,0.0003718143939971924,npu|decode|21|2ef4409498d14c672a4fbbfe6786cce6,21,sample_step,0.00385630804922954,0.004461772727966309,5.0455389894730736e-05,1.1570063052555504,0.000605464678736769,1.1570063052555504
attn_on_pim_prefill-128xdecode_262_ops_trace.csv,decode,21,239,3,PIM0,pim,7,"Q:0,K:0,V:0,QK:0,Softmax:0,SV:0,O:0",2.5921697265118837e-05,2.2107e-05,pim|decode|21|61397802f1888ea563dd9b1ea38edd23,21,sample_step,0.00031106036718142605,0.000265284,-3.814697265118837e-06,0.8528376739337964,-4.577636718142603e-05,0.8528376739337964
attn_on_pim_prefill-128xdecode_262_ops_trace.csv,decode,21,239,3,PIM1,pim,7,"Q:1,K:1,V:1,QK:1,Softmax:1,SV:1,O:1",2.5921697265118837e-05,2.2107e-05,pim|decode|21|9c4e6c099d863efd94751a80c7e404c5,21,sample_step,0.00031106036718142605,0.000265284,-3.814697265118837e-06,0.8528376739337964,-4.577636718142603e-05,0.8528376739337964
attn_on_pim_prefill-128xdecode_262_ops_trace.csv,decode,21,239,4,GPU0,npu,12,"LN:-1,Add:-1,LN:-1,FFN_W1:0,FFN_W3:0,FFN_W1:1,FFN_W3:1,SwiGLU:0,SwiGLU:1,FFN_W2:0,FFN_W2:1,Add:-1",0.00032135900410246165,0.0003718143939971924,npu|decode|21|2ef4409498d14c672a4fbbfe6786cce6,21,sample_step,0.00385630804922954,0.004461772727966309,5.0455389894730736e-05,1.1570063052555504,0.000605464678736769,1.1570063052555504
attn_on_pim_prefill-128xdecode_262_ops_trace.csv,decode,21,239,4,PIM0,pim,7,"Q:0,K:0,V:0,QK:0,Softmax:0,SV:0,O:0",2.5921697265118837e-05,2.2107e-05,pim|decode|21|61397802f1888ea563dd9b1ea38edd23,21,sample_step,0.00031106036718142605,0.000265284,-3.814697265118837e-06,0.8528376739337964,-4.577636718142603e-05,0.8528376739337964
attn_on_pim_prefill-128xdecode_262_ops_trace.csv,decode,21,239,4,PIM1,pim,7,"Q:1,K:1,V:1,QK:1,Softmax:1,SV:1,O:1",2.5921697265118837e-05,2.2107e-05,pim|decode|21|9c4e6c099d863efd94751a80c7e404c5,21,sample_step,0.00031106036718142605,0.000265284,-3.814697265118837e-06,0.8528376739337964,-4.577636718142603e-05,0.8528376739337964
attn_on_pim_prefill-128xdecode_262_ops_trace.csv,decode,21,239,5,GPU0,npu,12,"LN:-1,Add:-1,LN:-1,FFN_W1:0,FFN_W3:0,FFN_W1:1,FFN_W3:1,SwiGLU:0,SwiGLU:1,FFN_W2:0,FFN_W2:1,Add:-1",0.00032135900410246165,0.0003718143939971924,npu|decode|21|2ef4409498d14c672a4fbbfe6786cce6,21,sample_step,0.00385630804922954,0.004461772727966309,5.0455389894730736e-05,1.1570063052555504,0.000605464678736769,1.1570063052555504
attn_on_pim_prefill-128xdecode_262_ops_trace.csv,decode,21,239,5,PIM0,pim,7,"Q:0,K:0,V:0,QK:0,Softmax:0,SV:0,O:0",2.5921697265118837e-05,2.2107e-05,pim|decode|21|61397802f1888ea563dd9b1ea38edd23,21,sample_step,0.00031106036718142605,0.000265284,-3.814697265118837e-06,0.8528376739337964,-4.577636718142603e-05,0.8528376739337964
attn_on_pim_prefill-128xdecode_262_ops_trace.csv,decode,21,239,5,PIM1,pim,7,"Q:1,K:1,V:1,QK:1,Softmax:1,SV:1,O:1",2.5921697265118837e-05,2.2107e-05,pim|decode|21|9c4e6c099d863efd94751a80c7e404c5,21,sample_step,0.00031106036718142605,0.000265284,-3.814697265118837e-06,0.8528376739337964,-4.577636718142603e-05,0.8528376739337964
attn_on_pim_prefill-128xdecode_262_ops_trace.csv,decode,21,239,6,GPU0,npu,12,"LN:-1,Add:-1,LN:-1,FFN_W1:0,FFN_W3:0,FFN_W1:1,FFN_W3:1,SwiGLU:0,SwiGLU:1,FFN_W2:0,FFN_W2:1,Add:-1",0.00032135900410246165,0.0003718143939971924,npu|decode|21|2ef4409498d14c672a4fbbfe6786cce6,21,sample_step,0.00385630804922954,0.004461772727966309,5.0455389894730736e-05,1.1570063052555504,0.000605464678736769,1.1570063052555504
attn_on_pim_prefill-128xdecode_262_ops_trace.csv,decode,21,239,6,PIM0,pim,7,"Q:0,K:0,V:0,QK:0,Softmax:0,SV:0,O:0",2.5921697265118837e-05,2.2107e-05,pim|decode|21|61397802f1888ea563dd9b1ea38edd23,21,sample_step,0.00031106036718142605,0.000265284,-3.814697265118837e-06,0.8528376739337964,-4.577636718142603e-05,0.8528376739337964
attn_on_pim_prefill-128xdecode_262_ops_trace.csv,decode,21,239,6,PIM1,pim,7,"Q:1,K:1,V:1,QK:1,Softmax:1,SV:1,O:1",2.5921697265118837e-05,2.2107e-05,pim|decode|21|9c4e6c099d863efd94751a80c7e404c5,21,sample_step,0.00031106036718142605,0.000265284,-3.814697265118837e-06,0.8528376739337964,-4.577636718142603e-05,0.8528376739337964
attn_on_pim_prefill-128xdecode_262_ops_trace.csv,decode,21,239,7,GPU0,npu,12,"LN:-1,Add:-1,LN:-1,FFN_W1:0,FFN_W3:0,FFN_W1:1,FFN_W3:1,SwiGLU:0,SwiGLU:1,FFN_W2:0,FFN_W2:1,Add:-1",0.00032135900410246165,0.0003718143939971924,npu|decode|21|2ef4409498d14c672a4fbbfe6786cce6,21,sample_step,0.00385630804922954,0.004461772727966309,5.0455389894730736e-05,1.1570063052555504,0.000605464678736769,1.1570063052555504
attn_on_pim_prefill-128xdecode_262_ops_trace.csv,decode,21,239,7,PIM0,pim,7,"Q:0,K:0,V:0,QK:0,Softmax:0,SV:0,O:0",2.5921697265118837e-05,2.2107e-05,pim|decode|21|61397802f1888ea563dd9b1ea38edd23,21,sample_step,0.00031106036718142605,0.000265284,-3.814697265118837e-06,0.8528376739337964,-4.577636718142603e-05,0.8528376739337964
attn_on_pim_prefill-128xdecode_262_ops_trace.csv,decode,21,239,7,PIM1,pim,7,"Q:1,K:1,V:1,QK:1,Softmax:1,SV:1,O:1",2.5921697265118837e-05,2.2107e-05,pim|decode|21|9c4e6c099d863efd94751a80c7e404c5,21,sample_step,0.00031106036718142605,0.000265284,-3.814697265118837e-06,0.8528376739337964,-4.577636718142603e-05,0.8528376739337964
attn_on_pim_prefill-128xdecode_262_ops_trace.csv,decode,21,239,8,GPU0,npu,12,"LN:-1,Add:-1,LN:-1,FFN_W1:0,FFN_W3:0,FFN_W1:1,FFN_W3:1,SwiGLU:0,SwiGLU:1,FFN_W2:0,FFN_W2:1,Add:-1",0.00032135900410246165,0.0003718143939971924,npu|decode|21|2ef4409498d14c672a4fbbfe6786cce6,21,sample_step,0.00385630804922954,0.004461772727966309,5.0455389894730736e-05,1.1570063052555504,0.000605464678736769,1.1570063052555504
attn_on_pim_prefill-128xdecode_262_ops_trace.csv,decode,21,239,8,PIM0,pim,7,"Q:0,K:0,V:0,QK:0,Softmax:0,SV:0,O:0",2.5921697265118837e-05,2.2107e-05,pim|decode|21|61397802f1888ea563dd9b1ea38edd23,21,sample_step,0.00031106036718142605,0.000265284,-3.814697265118837e-06,0.8528376739337964,-4.577636718142603e-05,0.8528376739337964
attn_on_pim_prefill-128xdecode_262_ops_trace.csv,decode,21,239,8,PIM1,pim,7,"Q:1,K:1,V:1,QK:1,Softmax:1,SV:1,O:1",2.5921697265118837e-05,2.2107e-05,pim|decode|21|9c4e6c099d863efd94751a80c7e404c5,21,sample_step,0.00031106036718142605,0.000265284,-3.814697265118837e-06,0.8528376739337964,-4.577636718142603e-05,0.8528376739337964
attn_on_pim_prefill-128xdecode_262_ops_trace.csv,decode,21,239,9,GPU0,npu,12,"LN:-1,Add:-1,LN:-1,FFN_W1:0,FFN_W3:0,FFN_W1:1,FFN_W3:1,SwiGLU:0,SwiGLU:1,FFN_W2:0,FFN_W2:1,Add:-1",0.00032135900410246165,0.0003718143939971924,npu|decode|21|2ef4409498d14c672a4fbbfe6786cce6,21,sample_step,0.00385630804922954,0.004461772727966309,5.0455389894730736e-05,1.1570063052555504,0.000605464678736769,1.1570063052555504
attn_on_pim_prefill-128xdecode_262_ops_trace.csv,decode,21,239,9,PIM0,pim,7,"Q:0,K:0,V:0,QK:0,Softmax:0,SV:0,O:0",2.5921697265118837e-05,2.2107e-05,pim|decode|21|61397802f1888ea563dd9b1ea38edd23,21,sample_step,0.00031106036718142605,0.000265284,-3.814697265118837e-06,0.8528376739337964,-4.577636718142603e-05,0.8528376739337964
attn_on_pim_prefill-128xdecode_262_ops_trace.csv,decode,21,239,9,PIM1,pim,7,"Q:1,K:1,V:1,QK:1,Softmax:1,SV:1,O:1",2.5921697265118837e-05,2.2107e-05,pim|decode|21|9c4e6c099d863efd94751a80c7e404c5,21,sample_step,0.00031106036718142605,0.000265284,-3.814697265118837e-06,0.8528376739337964,-4.577636718142603e-05,0.8528376739337964
attn_on_pim_prefill-128xdecode_262_ops_trace.csv,decode,21,239,10,GPU0,npu,12,"LN:-1,Add:-1,LN:-1,FFN_W1:0,FFN_W3:0,FFN_W1:1,FFN_W3:1,SwiGLU:0,SwiGLU:1,FFN_W2:0,FFN_W2:1,Add:-1",0.00032135900410246165,0.0003718143939971924,npu|decode|21|2ef4409498d14c672a4fbbfe6786cce6,21,sample_step,0.00385630804922954,0.004461772727966309,5.0455389894730736e-05,1.1570063052555504,0.000605464678736769,1.1570063052555504
attn_on_pim_prefill-128xdecode_262_ops_trace.csv,decode,21,239,10,PIM0,pim,7,"Q:0,K:0,V:0,QK:0,Softmax:0,SV:0,O:0",2.5921697265118837e-05,2.2107e-05,pim|decode|21|61397802f1888ea563dd9b1ea38edd23,21,sample_step,0.00031106036718142605,0.000265284,-3.814697265118837e-06,0.8528376739337964,-4.577636718142603e-05,0.8528376739337964
attn_on_pim_prefill-128xdecode_262_ops_trace.csv,decode,21,239,10,PIM1,pim,7,"Q:1,K:1,V:1,QK:1,Softmax:1,SV:1,O:1",2.5921697265118837e-05,2.2107e-05,pim|decode|21|9c4e6c099d863efd94751a80c7e404c5,21,sample_step,0.00031106036718142605,0.000265284,-3.814697265118837e-06,0.8528376739337964,-4.577636718142603e-05,0.8528376739337964
attn_on_pim_prefill-128xdecode_262_ops_trace.csv,decode,21,239,11,GPU0,npu,12,"LN:-1,Add:-1,LN:-1,FFN_W1:0,FFN_W3:0,FFN_W1:1,FFN_W3:1,SwiGLU:0,SwiGLU:1,FFN_W2:0,FFN_W2:1,Add:-1",0.00032135900410246165,0.0003718143939971924,npu|decode|21|2ef4409498d14c672a4fbbfe6786cce6,21,sample_step,0.00385630804922954,0.004461772727966309,5.0455389894730736e-05,1.1570063052555504,0.000605464678736769,1.1570063052555504
attn_on_pim_prefill-128xdecode_262_ops_trace.csv,decode,21,239,11,PIM0,pim,7,"Q:0,K:0,V:0,QK:0,Softmax:0,SV:0,O:0",2.5921697265118837e-05,2.2107e-05,pim|decode|21|61397802f1888ea563dd9b1ea38edd23,21,sample_step,0.00031106036718142605,0.000265284,-3.814697265118837e-06,0.8528376739337964,-4.577636718142603e-05,0.8528376739337964
attn_on_pim_prefill-128xdecode_262_ops_trace.csv,decode,21,239,11,PIM1,pim,7,"Q:1,K:1,V:1,QK:1,Softmax:1,SV:1,O:1",2.5921697265118837e-05,2.2107e-05,pim|decode|21|9c4e6c099d863efd94751a80c7e404c5,21,sample_step,0.00031106036718142605,0.000265284,-3.814697265118837e-06,0.8528376739337964,-4.577636718142603e-05,0.8528376739337964
attn_on_pim_prefill-128xdecode_262_ops_trace.csv,decode,21,239,12,GPU0,npu,12,"LN:-1,Add:-1,LN:-1,FFN_W1:0,FFN_W3:0,FFN_W1:1,FFN_W3:1,SwiGLU:0,SwiGLU:1,FFN_W2:0,FFN_W2:1,Add:-1",0.00032135900410246165,0.0003718143939971924,npu|decode|21|2ef4409498d14c672a4fbbfe6786cce6,21,sample_step,0.00385630804922954,0.004461772727966309,5.0455389894730736e-05,1.1570063052555504,0.000605464678736769,1.1570063052555504
attn_on_pim_prefill-128xdecode_262_ops_trace.csv,decode,21,239,12,PIM0,pim,7,"Q:0,K:0,V:0,QK:0,Softmax:0,SV:0,O:0",2.5921697265118837e-05,2.2107e-05,pim|decode|21|61397802f1888ea563dd9b1ea38edd23,21,sample_step,0.00031106036718142605,0.000265284,-3.814697265118837e-06,0.8528376739337964,-4.577636718142603e-05,0.8528376739337964
attn_on_pim_prefill-128xdecode_262_ops_trace.csv,decode,21,239,12,PIM1,pim,7,"Q:1,K:1,V:1,QK:1,Softmax:1,SV:1,O:1",2.5921697265118837e-05,2.2107e-05,pim|decode|21|9c4e6c099d863efd94751a80c7e404c5,21,sample_step,0.00031106036718142605,0.000265284,-3.814697265118837e-06,0.8528376739337964,-4.577636718142603e-05,0.8528376739337964
attn_on_pim_prefill-128xdecode_262_ops_trace.csv,decode,21,239,13,GPU0,npu,12,"LN:-1,Add:-1,LN:-1,FFN_W1:0,FFN_W3:0,FFN_W1:1,FFN_W3:1,SwiGLU:0,SwiGLU:1,FFN_W2:0,FFN_W2:1,Add:-1",0.00032135900410246165,0.0003718143939971924,npu|decode|21|2ef4409498d14c672a4fbbfe6786cce6,21,sample_step,0.00385630804922954,0.004461772727966309,5.0455389894730736e-05,1.1570063052555504,0.000605464678736769,1.1570063052555504
attn_on_pim_prefill-128xdecode_262_ops_trace.csv,decode,21,239,13,PIM0,pim,7,"Q:0,K:0,V:0,QK:0,Softmax:0,SV:0,O:0",2.5921697265118837e-05,2.2107e-05,pim|decode|21|61397802f1888ea563dd9b1ea38edd23,21,sample_step,0.00031106036718142605,0.000265284,-3.814697265118837e-06,0.8528376739337964,-4.577636718142603e-05,0.8528376739337964
attn_on_pim_prefill-128xdecode_262_ops_trace.csv,decode,21,239,13,PIM1,pim,7,"Q:1,K:1,V:1,QK:1,Softmax:1,SV:1,O:1",2.5921697265118837e-05,2.2107e-05,pim|decode|21|9c4e6c099d863efd94751a80c7e404c5,21,sample_step,0.00031106036718142605,0.000265284,-3.814697265118837e-06,0.8528376739337964,-4.577636718142603e-05,0.8528376739337964
attn_on_pim_prefill-128xdecode_262_ops_trace.csv,decode,21,239,14,GPU0,npu,12,"LN:-1,Add:-1,LN:-1,FFN_W1:0,FFN_W3:0,FFN_W1:1,FFN_W3:1,SwiGLU:0,SwiGLU:1,FFN_W2:0,FFN_W2:1,Add:-1",0.00032135900410246165,0.0003718143939971924,npu|decode|21|2ef4409498d14c672a4fbbfe6786cce6,21,sample_step,0.00385630804922954,0.004461772727966309,5.0455389894730736e-05,1.1570063052555504,0.000605464678736769,1.1570063052555504
attn_on_pim_prefill-128xdecode_262_ops_trace.csv,decode,21,239,14,PIM0,pim,7,"Q:0,K:0,V:0,QK:0,Softmax:0,SV:0,O:0",2.5921697265118837e-05,2.2107e-05,pim|decode|21|61397802f1888ea563dd9b1ea38edd23,21,sample_step,0.00031106036718142605,0.000265284,-3.814697265118837e-06,0.8528376739337964,-4.577636718142603e-05,0.8528376739337964
attn_on_pim_prefill-128xdecode_262_ops_trace.csv,decode,21,239,14,PIM1,pim,7,"Q:1,K:1,V:1,QK:1,Softmax:1,SV:1,O:1",2.5921697265118837e-05,2.2107e-05,pim|decode|21|9c4e6c099d863efd94751a80c7e404c5,21,sample_step,0.00031106036718142605,0.000265284,-3.814697265118837e-06,0.8528376739337964,-4.577636718142603e-05,0.8528376739337964
attn_on_pim_prefill-128xdecode_262_ops_trace.csv,decode,21,239,15,GPU0,npu,12,"LN:-1,Add:-1,LN:-1,FFN_W1:0,FFN_W3:0,FFN_W1:1,FFN_W3:1,SwiGLU:0,SwiGLU:1,FFN_W2:0,FFN_W2:1,Add:-1",0.00032135900410246165,0.0003718143939971924,npu|decode|21|2ef4409498d14c672a4fbbfe6786cce6,21,sample_step,0.00385630804922954,0.004461772727966309,5.0455389894730736e-05,1.1570063052555504,0.000605464678736769,1.1570063052555504
attn_on_pim_prefill-128xdecode_262_ops_trace.csv,decode,21,239,15,PIM0,pim,7,"Q:0,K:0,V:0,QK:0,Softmax:0,SV:0,O:0",2.5921697265118837e-05,2.2107e-05,pim|decode|21|61397802f1888ea563dd9b1ea38edd23,21,sample_step,0.00031106036718142605,0.000265284,-3.814697265118837e-06,0.8528376739337964,-4.577636718142603e-05,0.8528376739337964
attn_on_pim_prefill-128xdecode_262_ops_trace.csv,decode,21,239,15,PIM1,pim,7,"Q:1,K:1,V:1,QK:1,Softmax:1,SV:1,O:1",2.5921697265118837e-05,2.2107e-05,pim|decode|21|9c4e6c099d863efd94751a80c7e404c5,21,sample_step,0.00031106036718142605,0.000265284,-3.814697265118837e-06,0.8528376739337964,-4.577636718142603e-05,0.8528376739337964
attn_on_pim_prefill-128xdecode_262_ops_trace.csv,decode,21,239,16,GPU0,npu,12,"LN:-1,Add:-1,LN:-1,FFN_W1:0,FFN_W3:0,FFN_W1:1,FFN_W3:1,SwiGLU:0,SwiGLU:1,FFN_W2:0,FFN_W2:1,Add:-1",0.00032135900410246165,0.0003718143939971924,npu|decode|21|2ef4409498d14c672a4fbbfe6786cce6,21,sample_step,0.00385630804922954,0.004461772727966309,5.0455389894730736e-05,1.1570063052555504,0.000605464678736769,1.1570063052555504
attn_on_pim_prefill-128xdecode_262_ops_trace.csv,decode,21,239,16,PIM0,pim,7,"Q:0,K:0,V:0,QK:0,Softmax:0,SV:0,O:0",2.5921697265118837e-05,2.2107e-05,pim|decode|21|61397802f1888ea563dd9b1ea38edd23,21,sample_step,0.00031106036718142605,0.000265284,-3.814697265118837e-06,0.8528376739337964,-4.577636718142603e-05,0.8528376739337964
attn_on_pim_prefill-128xdecode_262_ops_trace.csv,decode,21,239,16,PIM1,pim,7,"Q:1,K:1,V:1,QK:1,Softmax:1,SV:1,O:1",2.5921697265118837e-05,2.2107e-05,pim|decode|21|9c4e6c099d863efd94751a80c7e404c5,21,sample_step,0.00031106036718142605,0.000265284,-3.814697265118837e-06,0.8528376739337964,-4.577636718142603e-05,0.8528376739337964
attn_on_pim_prefill-128xdecode_262_ops_trace.csv,decode,21,239,17,GPU0,npu,12,"LN:-1,Add:-1,LN:-1,FFN_W1:0,FFN_W3:0,FFN_W1:1,FFN_W3:1,SwiGLU:0,SwiGLU:1,FFN_W2:0,FFN_W2:1,Add:-1",0.00032135900410246165,0.0003718143939971924,npu|decode|21|2ef4409498d14c672a4fbbfe6786cce6,21,sample_step,0.00385630804922954,0.004461772727966309,5.0455389894730736e-05,1.1570063052555504,0.000605464678736769,1.1570063052555504
attn_on_pim_prefill-128xdecode_262_ops_trace.csv,decode,21,239,17,PIM0,pim,7,"Q:0,K:0,V:0,QK:0,Softmax:0,SV:0,O:0",2.5921697265118837e-05,2.2107e-05,pim|decode|21|61397802f1888ea563dd9b1ea38edd23,21,sample_step,0.00031106036718142605,0.000265284,-3.814697265118837e-06,0.8528376739337964,-4.577636718142603e-05,0.8528376739337964
attn_on_pim_prefill-128xdecode_262_ops_trace.csv,decode,21,239,17,PIM1,pim,7,"Q:1,K:1,V:1,QK:1,Softmax:1,SV:1,O:1",2.5921697265118837e-05,2.2107e-05,pim|decode|21|9c4e6c099d863efd94751a80c7e404c5,21,sample_step,0.00031106036718142605,0.000265284,-3.814697265118837e-06,0.8528376739337964,-4.577636718142603e-05,0.8528376739337964
attn_on_pim_prefill-128xdecode_262_ops_trace.csv,decode,21,239,18,GPU0,npu,12,"LN:-1,Add:-1,LN:-1,FFN_W1:0,FFN_W3:0,FFN_W1:1,FFN_W3:1,SwiGLU:0,SwiGLU:1,FFN_W2:0,FFN_W2:1,Add:-1",0.00032135900410246165,0.0003718143939971924,npu|decode|21|2ef4409498d14c672a4fbbfe6786cce6,21,sample_step,0.00385630804922954,0.004461772727966309,5.0455389894730736e-05,1.1570063052555504,0.000605464678736769,1.1570063052555504
attn_on_pim_prefill-128xdecode_262_ops_trace.csv,decode,21,239,18,PIM0,pim,7,"Q:0,K:0,V:0,QK:0,Softmax:0,SV:0,O:0",2.5921697265118837e-05,2.2107e-05,pim|decode|21|61397802f1888ea563dd9b1ea38edd23,21,sample_step,0.00031106036718142605,0.000265284,-3.814697265118837e-06,0.8528376739337964,-4.577636718142603e-05,0.8528376739337964
attn_on_pim_prefill-128xdecode_262_ops_trace.csv,decode,21,239,18,PIM1,pim,7,"Q:1,K:1,V:1,QK:1,Softmax:1,SV:1,O:1",2.5921697265118837e-05,2.2107e-05,pim|decode|21|9c4e6c099d863efd94751a80c7e404c5,21,sample_step,0.00031106036718142605,0.000265284,-3.814697265118837e-06,0.8528376739337964,-4.577636718142603e-05,0.8528376739337964
attn_on_pim_prefill-128xdecode_262_ops_trace.csv,decode,21,239,19,GPU0,npu,12,"LN:-1,Add:-1,LN:-1,FFN_W1:0,FFN_W3:0,FFN_W1:1,FFN_W3:1,SwiGLU:0,SwiGLU:1,FFN_W2:0,FFN_W2:1,Add:-1",0.00032135900410246165,0.0003718143939971924,npu|decode|21|2ef4409498d14c672a4fbbfe6786cce6,21,sample_step,0.00385630804922954,0.004461772727966309,5.0455389894730736e-05,1.1570063052555504,0.000605464678736769,1.1570063052555504
attn_on_pim_prefill-128xdecode_262_ops_trace.csv,decode,21,239,19,PIM0,pim,7,"Q:0,K:0,V:0,QK:0,Softmax:0,SV:0,O:0",2.5921697265118837e-05,2.2107e-05,pim|decode|21|61397802f1888ea563dd9b1ea38edd23,21,sample_step,0.00031106036718142605,0.000265284,-3.814697265118837e-06,0.8528376739337964,-4.577636718142603e-05,0.8528376739337964
attn_on_pim_prefill-128xdecode_262_ops_trace.csv,decode,21,239,19,PIM1,pim,7,"Q:1,K:1,V:1,QK:1,Softmax:1,SV:1,O:1",2.5921697265118837e-05,2.2107e-05,pim|decode|21|9c4e6c099d863efd94751a80c7e404c5,21,sample_step,0.00031106036718142605,0.000265284,-3.814697265118837e-06,0.8528376739337964,-4.577636718142603e-05,0.8528376739337964
attn_on_pim_prefill-128xdecode_262_ops_trace.csv,decode,21,239,20,GPU0,npu,12,"LN:-1,Add:-1,LN:-1,FFN_W1:0,FFN_W3:0,FFN_W1:1,FFN_W3:1,SwiGLU:0,SwiGLU:1,FFN_W2:0,FFN_W2:1,Add:-1",0.00032135900410246165,0.0003718143939971924,npu|decode|21|2ef4409498d14c672a4fbbfe6786cce6,21,sample_step,0.00385630804922954,0.004461772727966309,5.0455389894730736e-05,1.1570063052555504,0.000605464678736769,1.1570063052555504
attn_on_pim_prefill-128xdecode_262_ops_trace.csv,decode,21,239,20,PIM0,pim,7,"Q:0,K:0,V:0,QK:0,Softmax:0,SV:0,O:0",2.5921697265118837e-05,2.2107e-05,pim|decode|21|61397802f1888ea563dd9b1ea38edd23,21,sample_step,0.00031106036718142605,0.000265284,-3.814697265118837e-06,0.8528376739337964,-4.577636718142603e-05,0.8528376739337964
attn_on_pim_prefill-128xdecode_262_ops_trace.csv,decode,21,239,20,PIM1,pim,7,"Q:1,K:1,V:1,QK:1,Softmax:1,SV:1,O:1",2.5921697265118837e-05,2.2107e-05,pim|decode|21|9c4e6c099d863efd94751a80c7e404c5,21,sample_step,0.00031106036718142605,0.000265284,-3.814697265118837e-06,0.8528376739337964,-4.577636718142603e-05,0.8528376739337964
attn_on_pim_prefill-128xdecode_262_ops_trace.csv,decode,21,239,21,GPU0,npu,12,"LN:-1,Add:-1,LN:-1,FFN_W1:0,FFN_W3:0,FFN_W1:1,FFN_W3:1,SwiGLU:0,SwiGLU:1,FFN_W2:0,FFN_W2:1,Add:-1",0.00032135900410246165,0.0003718143939971924,npu|decode|21|2ef4409498d14c672a4fbbfe6786cce6,21,sample_step,0.00385630804922954,0.004461772727966309,5.0455389894730736e-05,1.1570063052555504,0.000605464678736769,1.1570063052555504
attn_on_pim_prefill-128xdecode_262_ops_trace.csv,decode,21,239,21,PIM0,pim,7,"Q:0,K:0,V:0,QK:0,Softmax:0,SV:0,O:0",2.5921697265118837e-05,2.2107e-05,pim|decode|21|61397802f1888ea563dd9b1ea38edd23,21,sample_step,0.00031106036718142605,0.000265284,-3.814697265118837e-06,0.8528376739337964,-4.577636718142603e-05,0.8528376739337964
attn_on_pim_prefill-128xdecode_262_ops_trace.csv,decode,21,239,21,PIM1,pim,7,"Q:1,K:1,V:1,QK:1,Softmax:1,SV:1,O:1",2.5921697265118837e-05,2.2107e-05,pim|decode|21|9c4e6c099d863efd94751a80c7e404c5,21,sample_step,0.00031106036718142605,0.000265284,-3.814697265118837e-06,0.8528376739337964,-4.577636718142603e-05,0.8528376739337964
attn_on_pim_prefill-128xdecode_262_ops_trace.csv,decode,21,239,22,GPU0,npu,12,"LN:-1,Add:-1,LN:-1,FFN_W1:0,FFN_W3:0,FFN_W1:1,FFN_W3:1,SwiGLU:0,SwiGLU:1,FFN_W2:0,FFN_W2:1,Add:-1",0.00032135900410246165,0.0003718143939971924,npu|decode|21|2ef4409498d14c672a4fbbfe6786cce6,21,sample_step,0.00385630804922954,0.004461772727966309,5.0455389894730736e-05,1.1570063052555504,0.000605464678736769,1.1570063052555504
attn_on_pim_prefill-128xdecode_262_ops_trace.csv,decode,21,239,22,PIM0,pim,7,"Q:0,K:0,V:0,QK:0,Softmax:0,SV:0,O:0",2.5921697265118837e-05,2.2107e-05,pim|decode|21|61397802f1888ea563dd9b1ea38edd23,21,sample_step,0.00031106036718142605,0.000265284,-3.814697265118837e-06,0.8528376739337964,-4.577636718142603e-05,0.8528376739337964
attn_on_pim_prefill-128xdecode_262_ops_trace.csv,decode,21,239,22,PIM1,pim,7,"Q:1,K:1,V:1,QK:1,Softmax:1,SV:1,O:1",2.5921697265118837e-05,2.2107e-05,pim|decode|21|9c4e6c099d863efd94751a80c7e404c5,21,sample_step,0.00031106036718142605,0.000265284,-3.814697265118837e-06,0.8528376739337964,-4.577636718142603e-05,0.8528376739337964
attn_on_pim_prefill-128xdecode_262_ops_trace.csv,decode,21,239,23,GPU0,npu,12,"LN:-1,Add:-1,LN:-1,FFN_W1:0,FFN_W3:0,FFN_W1:1,FFN_W3:1,SwiGLU:0,SwiGLU:1,FFN_W2:0,FFN_W2:1,Add:-1",0.00032135900410246165,0.0003718143939971924,npu|decode|21|2ef4409498d14c672a4fbbfe6786cce6,21,sample_step,0.00385630804922954,0.004461772727966309,5.0455389894730736e-05,1.1570063052555504,0.000605464678736769,1.1570063052555504
attn_on_pim_prefill-128xdecode_262_ops_trace.csv,decode,21,239,23,PIM0,pim,7,"Q:0,K:0,V:0,QK:0,Softmax:0,SV:0,O:0",2.5921697265118837e-05,2.2107e-05,pim|decode|21|61397802f1888ea563dd9b1ea38edd23,21,sample_step,0.00031106036718142605,0.000265284,-3.814697265118837e-06,0.8528376739337964,-4.577636718142603e-05,0.8528376739337964
attn_on_pim_prefill-128xdecode_262_ops_trace.csv,decode,21,239,23,PIM1,pim,7,"Q:1,K:1,V:1,QK:1,Softmax:1,SV:1,O:1",2.5921697265118837e-05,2.2107e-05,pim|decode|21|9c4e6c099d863efd94751a80c7e404c5,21,sample_step,0.00031106036718142605,0.000265284,-3.814697265118837e-06,0.8528376739337964,-4.577636718142603e-05,0.8528376739337964
attn_on_pim_prefill-128xdecode_262_ops_trace.csv,decode,21,239,24,GPU0,npu,12,"LN:-1,Add:-1,LN:-1,FFN_W1:0,FFN_W3:0,FFN_W1:1,FFN_W3:1,SwiGLU:0,SwiGLU:1,FFN_W2:0,FFN_W2:1,Add:-1",0.00032135900410246165,0.0003718143939971924,npu|decode|21|2ef4409498d14c672a4fbbfe6786cce6,21,sample_step,0.00385630804922954,0.004461772727966309,5.0455389894730736e-05,1.1570063052555504,0.000605464678736769,1.1570063052555504
attn_on_pim_prefill-128xdecode_262_ops_trace.csv,decode,21,239,24,PIM0,pim,7,"Q:0,K:0,V:0,QK:0,Softmax:0,SV:0,O:0",2.5921697265118837e-05,2.2107e-05,pim|decode|21|61397802f1888ea563dd9b1ea38edd23,21,sample_step,0.00031106036718142605,0.000265284,-3.814697265118837e-06,0.8528376739337964,-4.577636718142603e-05,0.8528376739337964
attn_on_pim_prefill-128xdecode_262_ops_trace.csv,decode,21,239,24,PIM1,pim,7,"Q:1,K:1,V:1,QK:1,Softmax:1,SV:1,O:1",2.5921697265118837e-05,2.2107e-05,pim|decode|21|9c4e6c099d863efd94751a80c7e404c5,21,sample_step,0.00031106036718142605,0.000265284,-3.814697265118837e-06,0.8528376739337964,-4.577636718142603e-05,0.8528376739337964
attn_on_pim_prefill-128xdecode_262_ops_trace.csv,decode,21,239,25,GPU0,npu,12,"LN:-1,Add:-1,LN:-1,FFN_W1:0,FFN_W3:0,FFN_W1:1,FFN_W3:1,SwiGLU:0,SwiGLU:1,FFN_W2:0,FFN_W2:1,Add:-1",0.00032135900410246165,0.0003718143939971924,npu|decode|21|2ef4409498d14c672a4fbbfe6786cce6,21,sample_step,0.00385630804922954,0.004461772727966309,5.0455389894730736e-05,1.1570063052555504,0.000605464678736769,1.1570063052555504
attn_on_pim_prefill-128xdecode_262_ops_trace.csv,decode,21,239,25,PIM0,pim,7,"Q:0,K:0,V:0,QK:0,Softmax:0,SV:0,O:0",2.5921697265118837e-05,2.2107e-05,pim|decode|21|61397802f1888ea563dd9b1ea38edd23,21,sample_step,0.00031106036718142605,0.000265284,-3.814697265118837e-06,0.8528376739337964,-4.577636718142603e-05,0.8528376739337964
attn_on_pim_prefill-128xdecode_262_ops_trace.csv,decode,21,239,25,PIM1,pim,7,"Q:1,K:1,V:1,QK:1,Softmax:1,SV:1,O:1",2.5921697265118837e-05,2.2107e-05,pim|decode|21|9c4e6c099d863efd94751a80c7e404c5,21,sample_step,0.00031106036718142605,0.000265284,-3.814697265118837e-06,0.8528376739337964,-4.577636718142603e-05,0.8528376739337964
attn_on_pim_prefill-128xdecode_262_ops_trace.csv,decode,21,239,26,GPU0,npu,12,"LN:-1,Add:-1,LN:-1,FFN_W1:0,FFN_W3:0,FFN_W1:1,FFN_W3:1,SwiGLU:0,SwiGLU:1,FFN_W2:0,FFN_W2:1,Add:-1",0.00032135900410246165,0.0003718143939971924,npu|decode|21|2ef4409498d14c672a4fbbfe6786cce6,21,sample_step,0.00385630804922954,0.004461772727966309,5.0455389894730736e-05,1.1570063052555504,0.000605464678736769,1.1570063052555504
attn_on_pim_prefill-128xdecode_262_ops_trace.csv,decode,21,239,26,PIM0,pim,7,"Q:0,K:0,V:0,QK:0,Softmax:0,SV:0,O:0",2.5921697265118837e-05,2.2107e-05,pim|decode|21|61397802f1888ea563dd9b1ea38edd23,21,sample_step,0.00031106036718142605,0.000265284,-3.814697265118837e-06,0.8528376739337964,-4.577636718142603e-05,0.8528376739337964
attn_on_pim_prefill-128xdecode_262_ops_trace.csv,decode,21,239,26,PIM1,pim,7,"Q:1,K:1,V:1,QK:1,Softmax:1,SV:1,O:1",2.5921697265118837e-05,2.2107e-05,pim|decode|21|9c4e6c099d863efd94751a80c7e404c5,21,sample_step,0.00031106036718142605,0.000265284,-3.814697265118837e-06,0.8528376739337964,-4.577636718142603e-05,0.8528376739337964
attn_on_pim_prefill-128xdecode_262_ops_trace.csv,decode,21,239,27,GPU0,npu,12,"LN:-1,Add:-1,LN:-1,FFN_W1:0,FFN_W3:0,FFN_W1:1,FFN_W3:1,SwiGLU:0,SwiGLU:1,FFN_W2:0,FFN_W2:1,Add:-1",0.00032135900410246165,0.0003718143939971924,npu|decode|21|2ef4409498d14c672a4fbbfe6786cce6,21,sample_step,0.00385630804922954,0.004461772727966309,5.0455389894730736e-05,1.1570063052555504,0.000605464678736769,1.1570063052555504
attn_on_pim_prefill-128xdecode_262_ops_trace.csv,decode,21,239,27,PIM0,pim,7,"Q:0,K:0,V:0,QK:0,Softmax:0,SV:0,O:0",2.5921697265118837e-05,2.2107e-05,pim|decode|21|61397802f1888ea563dd9b1ea38edd23,21,sample_step,0.00031106036718142605,0.000265284,-3.814697265118837e-06,0.8528376739337964,-4.577636718142603e-05,0.8528376739337964
attn_on_pim_prefill-128xdecode_262_ops_trace.csv,decode,21,239,27,PIM1,pim,7,"Q:1,K:1,V:1,QK:1,Softmax:1,SV:1,O:1",2.5921697265118837e-05,2.2107e-05,pim|decode|21|9c4e6c099d863efd94751a80c7e404c5,21,sample_step,0.00031106036718142605,0.000265284,-3.814697265118837e-06,0.8528376739337964,-4.577636718142603e-05,0.8528376739337964
attn_on_pim_prefill-128xdecode_262_ops_trace.csv,decode,21,239,28,GPU0,npu,12,"LN:-1,Add:-1,LN:-1,FFN_W1:0,FFN_W3:0,FFN_W1:1,FFN_W3:1,SwiGLU:0,SwiGLU:1,FFN_W2:0,FFN_W2:1,Add:-1",0.00032135900410246165,0.0003718143939971924,npu|decode|21|2ef4409498d14c672a4fbbfe6786cce6,21,sample_step,0.00385630804922954,0.004461772727966309,5.0455389894730736e-05,1.1570063052555504,0.000605464678736769,1.1570063052555504
attn_on_pim_prefill-128xdecode_262_ops_trace.csv,decode,21,239,28,PIM0,pim,7,"Q:0,K:0,V:0,QK:0,Softmax:0,SV:0,O:0",2.5921697265118837e-05,2.2107e-05,pim|decode|21|61397802f1888ea563dd9b1ea38edd23,21,sample_step,0.00031106036718142605,0.000265284,-3.814697265118837e-06,0.8528376739337964,-4.577636718142603e-05,0.8528376739337964
attn_on_pim_prefill-128xdecode_262_ops_trace.csv,decode,21,239,28,PIM1,pim,7,"Q:1,K:1,V:1,QK:1,Softmax:1,SV:1,O:1",2.5921697265118837e-05,2.2107e-05,pim|decode|21|9c4e6c099d863efd94751a80c7e404c5,21,sample_step,0.00031106036718142605,0.000265284,-3.814697265118837e-06,0.8528376739337964,-4.577636718142603e-05,0.8528376739337964
attn_on_pim_prefill-128xdecode_262_ops_trace.csv,decode,21,239,29,GPU0,npu,12,"LN:-1,Add:-1,LN:-1,FFN_W1:0,FFN_W3:0,FFN_W1:1,FFN_W3:1,SwiGLU:0,SwiGLU:1,FFN_W2:0,FFN_W2:1,Add:-1",0.00032135900410246165,0.0003718143939971924,npu|decode|21|2ef4409498d14c672a4fbbfe6786cce6,21,sample_step,0.00385630804922954,0.004461772727966309,5.0455389894730736e-05,1.1570063052555504,0.000605464678736769,1.1570063052555504
attn_on_pim_prefill-128xdecode_262_ops_trace.csv,decode,21,239,29,PIM0,pim,7,"Q:0,K:0,V:0,QK:0,Softmax:0,SV:0,O:0",2.5921697265118837e-05,2.2107e-05,pim|decode|21|61397802f1888ea563dd9b1ea38edd23,21,sample_step,0.00031106036718142605,0.000265284,-3.814697265118837e-06,0.8528376739337964,-4.577636718142603e-05,0.8528376739337964
attn_on_pim_prefill-128xdecode_262_ops_trace.csv,decode,21,239,29,PIM1,pim,7,"Q:1,K:1,V:1,QK:1,Softmax:1,SV:1,O:1",2.5921697265118837e-05,2.2107e-05,pim|decode|21|9c4e6c099d863efd94751a80c7e404c5,21,sample_step,0.00031106036718142605,0.000265284,-3.814697265118837e-06,0.8528376739337964,-4.577636718142603e-05,0.8528376739337964
attn_on_pim_prefill-128xdecode_262_ops_trace.csv,decode,21,239,30,GPU0,npu,12,"LN:-1,Add:-1,LN:-1,FFN_W1:0,FFN_W3:0,FFN_W1:1,FFN_W3:1,SwiGLU:0,SwiGLU:1,FFN_W2:0,FFN_W2:1,Add:-1",0.00032135900410246165,0.0003718143939971924,npu|decode|21|2ef4409498d14c672a4fbbfe6786cce6,21,sample_step,0.00385630804922954,0.004461772727966309,5.0455389894730736e-05,1.1570063052555504,0.000605464678736769,1.1570063052555504
attn_on_pim_prefill-128xdecode_262_ops_trace.csv,decode,21,239,30,PIM0,pim,7,"Q:0,K:0,V:0,QK:0,Softmax:0,SV:0,O:0",2.5921697265118837e-05,2.2107e-05,pim|decode|21|61397802f1888ea563dd9b1ea38edd23,21,sample_step,0.00031106036718142605,0.000265284,-3.814697265118837e-06,0.8528376739337964,-4.577636718142603e-05,0.8528376739337964
attn_on_pim_prefill-128xdecode_262_ops_trace.csv,decode,21,239,30,PIM1,pim,7,"Q:1,K:1,V:1,QK:1,Softmax:1,SV:1,O:1",2.5921697265118837e-05,2.2107e-05,pim|decode|21|9c4e6c099d863efd94751a80c7e404c5,21,sample_step,0.00031106036718142605,0.000265284,-3.814697265118837e-06,0.8528376739337964,-4.577636718142603e-05,0.8528376739337964
attn_on_pim_prefill-128xdecode_262_ops_trace.csv,decode,21,239,31,GPU0,npu,12,"LN:-1,Add:-1,LN:-1,FFN_W1:0,FFN_W3:0,FFN_W1:1,FFN_W3:1,SwiGLU:0,SwiGLU:1,FFN_W2:0,FFN_W2:1,Add:-1",0.00032135900410246165,0.0003718143939971924,npu|decode|21|2ef4409498d14c672a4fbbfe6786cce6,21,sample_step,0.00385630804922954,0.004461772727966309,5.0455389894730736e-05,1.1570063052555504,0.000605464678736769,1.1570063052555504
attn_on_pim_prefill-128xdecode_262_ops_trace.csv,decode,21,239,31,PIM0,pim,7,"Q:0,K:0,V:0,QK:0,Softmax:0,SV:0,O:0",2.5921697265118837e-05,2.2107e-05,pim|decode|21|61397802f1888ea563dd9b1ea38edd23,21,sample_step,0.00031106036718142605,0.000265284,-3.814697265118837e-06,0.8528376739337964,-4.577636718142603e-05,0.8528376739337964
attn_on_pim_prefill-128xdecode_262_ops_trace.csv,decode,21,239,31,PIM1,pim,7,"Q:1,K:1,V:1,QK:1,Softmax:1,SV:1,O:1",2.5921697265118837e-05,2.2107e-05,pim|decode|21|9c4e6c099d863efd94751a80c7e404c5,21,sample_step,0.00031106036718142605,0.000265284,-3.814697265118837e-06,0.8528376739337964,-4.577636718142603e-05,0.8528376739337964
attn_on_pim_prefill-128xdecode_262_ops_trace.csv,decode,22,251,0,GPU0,npu,12,"LN:-1,Add:-1,LN:-1,FFN_W1:0,FFN_W3:0,FFN_W1:1,FFN_W3:1,SwiGLU:0,SwiGLU:1,FFN_W2:0,FFN_W2:1,Add:-1",0.00032135900410246165,0.000372326397895813,npu|decode|22|2ef4409498d14c672a4fbbfe6786cce6,22,sample_step,0.0032135900410246165,0.00372326397895813,5.096739379335135e-05,1.1585995511023583,0.0005096739379335134,1.1585995511023583
attn_on_pim_prefill-128xdecode_262_ops_trace.csv,decode,22,251,0,PIM0,pim,7,"Q:0,K:0,V:0,QK:0,Softmax:0,SV:0,O:0",2.5991697265581593e-05,2.2176999999999998e-05,pim|decode|22|61397802f1888ea563dd9b1ea38edd23,22,sample_step,0.0002599169726558159,0.00022176999999999999,-3.8146972655815946e-06,0.8532340067444135,-3.814697265581594e-05,0.8532340067444135
attn_on_pim_prefill-128xdecode_262_ops_trace.csv,decode,22,251,0,PIM1,pim,7,"Q:1,K:1,V:1,QK:1,Softmax:1,SV:1,O:1",2.5991697265581593e-05,2.2176999999999998e-05,pim|decode|22|9c4e6c099d863efd94751a80c7e404c5,22,sample_step,0.0002599169726558159,0.00022176999999999999,-3.8146972655815946e-06,0.8532340067444135,-3.814697265581594e-05,0.8532340067444135
attn_on_pim_prefill-128xdecode_262_ops_trace.csv,decode,22,251,1,GPU0,npu,12,"LN:-1,Add:-1,LN:-1,FFN_W1:0,FFN_W3:0,FFN_W1:1,FFN_W3:1,SwiGLU:0,SwiGLU:1,FFN_W2:0,FFN_W2:1,Add:-1",0.00032135900410246165,0.000372326397895813,npu|decode|22|2ef4409498d14c672a4fbbfe6786cce6,22,sample_step,0.0032135900410246165,0.00372326397895813,5.096739379335135e-05,1.1585995511023583,0.0005096739379335134,1.1585995511023583
attn_on_pim_prefill-128xdecode_262_ops_trace.csv,decode,22,251,1,PIM0,pim,7,"Q:0,K:0,V:0,QK:0,Softmax:0,SV:0,O:0",2.5991697265581593e-05,2.2176999999999998e-05,pim|decode|22|61397802f1888ea563dd9b1ea38edd23,22,sample_step,0.0002599169726558159,0.00022176999999999999,-3.8146972655815946e-06,0.8532340067444135,-3.814697265581594e-05,0.8532340067444135
attn_on_pim_prefill-128xdecode_262_ops_trace.csv,decode,22,251,1,PIM1,pim,7,"Q:1,K:1,V:1,QK:1,Softmax:1,SV:1,O:1",2.5991697265581593e-05,2.2176999999999998e-05,pim|decode|22|9c4e6c099d863efd94751a80c7e404c5,22,sample_step,0.0002599169726558159,0.00022176999999999999,-3.8146972655815946e-06,0.8532340067444135,-3.814697265581594e-05,0.8532340067444135
attn_on_pim_prefill-128xdecode_262_ops_trace.csv,decode,22,251,2,GPU0,npu,12,"LN:-1,Add:-1,LN:-1,FFN_W1:0,FFN_W3:0,FFN_W1:1,FFN_W3:1,SwiGLU:0,SwiGLU:1,FFN_W2:0,FFN_W2:1,Add:-1",0.00032135900410246165,0.000372326397895813,npu|decode|22|2ef4409498d14c672a4fbbfe6786cce6,22,sample_step,0.0032135900410246165,0.00372326397895813,5.096739379335135e-05,1.1585995511023583,0.0005096739379335134,1.1585995511023583
attn_on_pim_prefill-128xdecode_262_ops_trace.csv,decode,22,251,2,PIM0,pim,7,"Q:0,K:0,V:0,QK:0,Softmax:0,SV:0,O:0",2.5991697265581593e-05,2.2176999999999998e-05,pim|decode|22|61397802f1888ea563dd9b1ea38edd23,22,sample_step,0.0002599169726558159,0.00022176999999999999,-3.8146972655815946e-06,0.8532340067444135,-3.814697265581594e-05,0.8532340067444135
attn_on_pim_prefill-128xdecode_262_ops_trace.csv,decode,22,251,2,PIM1,pim,7,"Q:1,K:1,V:1,QK:1,Softmax:1,SV:1,O:1",2.5991697265581593e-05,2.2176999999999998e-05,pim|decode|22|9c4e6c099d863efd94751a80c7e404c5,22,sample_step,0.0002599169726558159,0.00022176999999999999,-3.8146972655815946e-06,0.8532340067444135,-3.814697265581594e-05,0.8532340067444135
attn_on_pim_prefill-128xdecode_262_ops_trace.csv,decode,22,251,3,GPU0,npu,12,"LN:-1,Add:-1,LN:-1,FFN_W1:0,FFN_W3:0,FFN_W1:1,FFN_W3:1,SwiGLU:0,SwiGLU:1,FFN_W2:0,FFN_W2:1,Add:-1",0.00032135900410246165,0.000372326397895813,npu|decode|22|2ef4409498d14c672a4fbbfe6786cce6,22,sample_step,0.0032135900410246165,0.00372326397895813,5.096739379335135e-05,1.1585995511023583,0.0005096739379335134,1.1585995511023583
attn_on_pim_prefill-128xdecode_262_ops_trace.csv,decode,22,251,3,PIM0,pim,7,"Q:0,K:0,V:0,QK:0,Softmax:0,SV:0,O:0",2.5991697265581593e-05,2.2176999999999998e-05,pim|decode|22|61397802f1888ea563dd9b1ea38edd23,22,sample_step,0.0002599169726558159,0.00022176999999999999,-3.8146972655815946e-06,0.8532340067444135,-3.814697265581594e-05,0.8532340067444135
attn_on_pim_prefill-128xdecode_262_ops_trace.csv,decode,22,251,3,PIM1,pim,7,"Q:1,K:1,V:1,QK:1,Softmax:1,SV:1,O:1",2.5991697265581593e-05,2.2176999999999998e-05,pim|decode|22|9c4e6c099d863efd94751a80c7e404c5,22,sample_step,0.0002599169726558159,0.00022176999999999999,-3.8146972655815946e-06,0.8532340067444135,-3.814697265581594e-05,0.8532340067444135
attn_on_pim_prefill-128xdecode_262_ops_trace.csv,decode,22,251,4,GPU0,npu,12,"LN:-1,Add:-1,LN:-1,FFN_W1:0,FFN_W3:0,FFN_W1:1,FFN_W3:1,SwiGLU:0,SwiGLU:1,FFN_W2:0,FFN_W2:1,Add:-1",0.00032135900410246165,0.000372326397895813,npu|decode|22|2ef4409498d14c672a4fbbfe6786cce6,22,sample_step,0.0032135900410246165,0.00372326397895813,5.096739379335135e-05,1.1585995511023583,0.0005096739379335134,1.1585995511023583
attn_on_pim_prefill-128xdecode_262_ops_trace.csv,decode,22,251,4,PIM0,pim,7,"Q:0,K:0,V:0,QK:0,Softmax:0,SV:0,O:0",2.5991697265581593e-05,2.2176999999999998e-05,pim|decode|22|61397802f1888ea563dd9b1ea38edd23,22,sample_step,0.0002599169726558159,0.00022176999999999999,-3.8146972655815946e-06,0.8532340067444135,-3.814697265581594e-05,0.8532340067444135
attn_on_pim_prefill-128xdecode_262_ops_trace.csv,decode,22,251,4,PIM1,pim,7,"Q:1,K:1,V:1,QK:1,Softmax:1,SV:1,O:1",2.5991697265581593e-05,2.2176999999999998e-05,pim|decode|22|9c4e6c099d863efd94751a80c7e404c5,22,sample_step,0.0002599169726558159,0.00022176999999999999,-3.8146972655815946e-06,0.8532340067444135,-3.814697265581594e-05,0.8532340067444135
attn_on_pim_prefill-128xdecode_262_ops_trace.csv,decode,22,251,5,GPU0,npu,12,"LN:-1,Add:-1,LN:-1,FFN_W1:0,FFN_W3:0,FFN_W1:1,FFN_W3:1,SwiGLU:0,SwiGLU:1,FFN_W2:0,FFN_W2:1,Add:-1",0.00032135900410246165,0.000372326397895813,npu|decode|22|2ef4409498d14c672a4fbbfe6786cce6,22,sample_step,0.0032135900410246165,0.00372326397895813,5.096739379335135e-05,1.1585995511023583,0.0005096739379335134,1.1585995511023583
attn_on_pim_prefill-128xdecode_262_ops_trace.csv,decode,22,251,5,PIM0,pim,7,"Q:0,K:0,V:0,QK:0,Softmax:0,SV:0,O:0",2.5991697265581593e-05,2.2176999999999998e-05,pim|decode|22|61397802f1888ea563dd9b1ea38edd23,22,sample_step,0.0002599169726558159,0.00022176999999999999,-3.8146972655815946e-06,0.8532340067444135,-3.814697265581594e-05,0.8532340067444135
attn_on_pim_prefill-128xdecode_262_ops_trace.csv,decode,22,251,5,PIM1,pim,7,"Q:1,K:1,V:1,QK:1,Softmax:1,SV:1,O:1",2.5991697265581593e-05,2.2176999999999998e-05,pim|decode|22|9c4e6c099d863efd94751a80c7e404c5,22,sample_step,0.0002599169726558159,0.00022176999999999999,-3.8146972655815946e-06,0.8532340067444135,-3.814697265581594e-05,0.8532340067444135
attn_on_pim_prefill-128xdecode_262_ops_trace.csv,decode,22,251,6,GPU0,npu,12,"LN:-1,Add:-1,LN:-1,FFN_W1:0,FFN_W3:0,FFN_W1:1,FFN_W3:1,SwiGLU:0,SwiGLU:1,FFN_W2:0,FFN_W2:1,Add:-1",0.00032135900410246165,0.000372326397895813,npu|decode|22|2ef4409498d14c672a4fbbfe6786cce6,22,sample_step,0.0032135900410246165,0.00372326397895813,5.096739379335135e-05,1.1585995511023583,0.0005096739379335134,1.1585995511023583
attn_on_pim_prefill-128xdecode_262_ops_trace.csv,decode,22,251,6,PIM0,pim,7,"Q:0,K:0,V:0,QK:0,Softmax:0,SV:0,O:0",2.5991697265581593e-05,2.2176999999999998e-05,pim|decode|22|61397802f1888ea563dd9b1ea38edd23,22,sample_step,0.0002599169726558159,0.00022176999999999999,-3.8146972655815946e-06,0.8532340067444135,-3.814697265581594e-05,0.8532340067444135
attn_on_pim_prefill-128xdecode_262_ops_trace.csv,decode,22,251,6,PIM1,pim,7,"Q:1,K:1,V:1,QK:1,Softmax:1,SV:1,O:1",2.5991697265581593e-05,2.2176999999999998e-05,pim|decode|22|9c4e6c099d863efd94751a80c7e404c5,22,sample_step,0.0002599169726558159,0.00022176999999999999,-3.8146972655815946e-06,0.8532340067444135,-3.814697265581594e-05,0.8532340067444135
attn_on_pim_prefill-128xdecode_262_ops_trace.csv,decode,22,251,7,GPU0,npu,12,"LN:-1,Add:-1,LN:-1,FFN_W1:0,FFN_W3:0,FFN_W1:1,FFN_W3:1,SwiGLU:0,SwiGLU:1,FFN_W2:0,FFN_W2:1,Add:-1",0.00032135900410246165,0.000372326397895813,npu|decode|22|2ef4409498d14c672a4fbbfe6786cce6,22,sample_step,0.0032135900410246165,0.00372326397895813,5.096739379335135e-05,1.1585995511023583,0.0005096739379335134,1.1585995511023583
attn_on_pim_prefill-128xdecode_262_ops_trace.csv,decode,22,251,7,PIM0,pim,7,"Q:0,K:0,V:0,QK:0,Softmax:0,SV:0,O:0",2.5991697265581593e-05,2.2176999999999998e-05,pim|decode|22|61397802f1888ea563dd9b1ea38edd23,22,sample_step,0.0002599169726558159,0.00022176999999999999,-3.8146972655815946e-06,0.8532340067444135,-3.814697265581594e-05,0.8532340067444135
attn_on_pim_prefill-128xdecode_262_ops_trace.csv,decode,22,251,7,PIM1,pim,7,"Q:1,K:1,V:1,QK:1,Softmax:1,SV:1,O:1",2.5991697265581593e-05,2.2176999999999998e-05,pim|decode|22|9c4e6c099d863efd94751a80c7e404c5,22,sample_step,0.0002599169726558159,0.00022176999999999999,-3.8146972655815946e-06,0.8532340067444135,-3.814697265581594e-05,0.8532340067444135
attn_on_pim_prefill-128xdecode_262_ops_trace.csv,decode,22,251,8,GPU0,npu,12,"LN:-1,Add:-1,LN:-1,FFN_W1:0,FFN_W3:0,FFN_W1:1,FFN_W3:1,SwiGLU:0,SwiGLU:1,FFN_W2:0,FFN_W2:1,Add:-1",0.00032135900410246165,0.000372326397895813,npu|decode|22|2ef4409498d14c672a4fbbfe6786cce6,22,sample_step,0.0032135900410246165,0.00372326397895813,5.096739379335135e-05,1.1585995511023583,0.0005096739379335134,1.1585995511023583
attn_on_pim_prefill-128xdecode_262_ops_trace.csv,decode,22,251,8,PIM0,pim,7,"Q:0,K:0,V:0,QK:0,Softmax:0,SV:0,O:0",2.5991697265581593e-05,2.2176999999999998e-05,pim|decode|22|61397802f1888ea563dd9b1ea38edd23,22,sample_step,0.0002599169726558159,0.00022176999999999999,-3.8146972655815946e-06,0.8532340067444135,-3.814697265581594e-05,0.8532340067444135
attn_on_pim_prefill-128xdecode_262_ops_trace.csv,decode,22,251,8,PIM1,pim,7,"Q:1,K:1,V:1,QK:1,Softmax:1,SV:1,O:1",2.5991697265581593e-05,2.2176999999999998e-05,pim|decode|22|9c4e6c099d863efd94751a80c7e404c5,22,sample_step,0.0002599169726558159,0.00022176999999999999,-3.8146972655815946e-06,0.8532340067444135,-3.814697265581594e-05,0.8532340067444135
attn_on_pim_prefill-128xdecode_262_ops_trace.csv,decode,22,251,9,GPU0,npu,12,"LN:-1,Add:-1,LN:-1,FFN_W1:0,FFN_W3:0,FFN_W1:1,FFN_W3:1,SwiGLU:0,SwiGLU:1,FFN_W2:0,FFN_W2:1,Add:-1",0.00032135900410246165,0.000372326397895813,npu|decode|22|2ef4409498d14c672a4fbbfe6786cce6,22,sample_step,0.0032135900410246165,0.00372326397895813,5.096739379335135e-05,1.1585995511023583,0.0005096739379335134,1.1585995511023583
attn_on_pim_prefill-128xdecode_262_ops_trace.csv,decode,22,251,9,PIM0,pim,7,"Q:0,K:0,V:0,QK:0,Softmax:0,SV:0,O:0",2.5991697265581593e-05,2.2176999999999998e-05,pim|decode|22|61397802f1888ea563dd9b1ea38edd23,22,sample_step,0.0002599169726558159,0.00022176999999999999,-3.8146972655815946e-06,0.8532340067444135,-3.814697265581594e-05,0.8532340067444135
attn_on_pim_prefill-128xdecode_262_ops_trace.csv,decode,22,251,9,PIM1,pim,7,"Q:1,K:1,V:1,QK:1,Softmax:1,SV:1,O:1",2.5991697265581593e-05,2.2176999999999998e-05,pim|decode|22|9c4e6c099d863efd94751a80c7e404c5,22,sample_step,0.0002599169726558159,0.00022176999999999999,-3.8146972655815946e-06,0.8532340067444135,-3.814697265581594e-05,0.8532340067444135
attn_on_pim_prefill-128xdecode_262_ops_trace.csv,decode,22,251,10,GPU0,npu,12,"LN:-1,Add:-1,LN:-1,FFN_W1:0,FFN_W3:0,FFN_W1:1,FFN_W3:1,SwiGLU:0,SwiGLU:1,FFN_W2:0,FFN_W2:1,Add:-1",0.00032135900410246165,0.000372326397895813,npu|decode|22|2ef4409498d14c672a4fbbfe6786cce6,22,sample_step,0.0032135900410246165,0.00372326397895813,5.096739379335135e-05,1.1585995511023583,0.0005096739379335134,1.1585995511023583
attn_on_pim_prefill-128xdecode_262_ops_trace.csv,decode,22,251,10,PIM0,pim,7,"Q:0,K:0,V:0,QK:0,Softmax:0,SV:0,O:0",2.5991697265581593e-05,2.2176999999999998e-05,pim|decode|22|61397802f1888ea563dd9b1ea38edd23,22,sample_step,0.0002599169726558159,0.00022176999999999999,-3.8146972655815946e-06,0.8532340067444135,-3.814697265581594e-05,0.8532340067444135
attn_on_pim_prefill-128xdecode_262_ops_trace.csv,decode,22,251,10,PIM1,pim,7,"Q:1,K:1,V:1,QK:1,Softmax:1,SV:1,O:1",2.5991697265581593e-05,2.2176999999999998e-05,pim|decode|22|9c4e6c099d863efd94751a80c7e404c5,22,sample_step,0.0002599169726558159,0.00022176999999999999,-3.8146972655815946e-06,0.8532340067444135,-3.814697265581594e-05,0.8532340067444135
attn_on_pim_prefill-128xdecode_262_ops_trace.csv,decode,22,251,11,GPU0,npu,12,"LN:-1,Add:-1,LN:-1,FFN_W1:0,FFN_W3:0,FFN_W1:1,FFN_W3:1,SwiGLU:0,SwiGLU:1,FFN_W2:0,FFN_W2:1,Add:-1",0.00032135900410246165,0.000372326397895813,npu|decode|22|2ef4409498d14c672a4fbbfe6786cce6,22,sample_step,0.0032135900410246165,0.00372326397895813,5.096739379335135e-05,1.1585995511023583,0.0005096739379335134,1.1585995511023583
attn_on_pim_prefill-128xdecode_262_ops_trace.csv,decode,22,251,11,PIM0,pim,7,"Q:0,K:0,V:0,QK:0,Softmax:0,SV:0,O:0",2.5991697265581593e-05,2.2176999999999998e-05,pim|decode|22|61397802f1888ea563dd9b1ea38edd23,22,sample_step,0.0002599169726558159,0.00022176999999999999,-3.8146972655815946e-06,0.8532340067444135,-3.814697265581594e-05,0.8532340067444135
attn_on_pim_prefill-128xdecode_262_ops_trace.csv,decode,22,251,11,PIM1,pim,7,"Q:1,K:1,V:1,QK:1,Softmax:1,SV:1,O:1",2.5991697265581593e-05,2.2176999999999998e-05,pim|decode|22|9c4e6c099d863efd94751a80c7e404c5,22,sample_step,0.0002599169726558159,0.00022176999999999999,-3.8146972655815946e-06,0.8532340067444135,-3.814697265581594e-05,0.8532340067444135
attn_on_pim_prefill-128xdecode_262_ops_trace.csv,decode,22,251,12,GPU0,npu,12,"LN:-1,Add:-1,LN:-1,FFN_W1:0,FFN_W3:0,FFN_W1:1,FFN_W3:1,SwiGLU:0,SwiGLU:1,FFN_W2:0,FFN_W2:1,Add:-1",0.00032135900410246165,0.000372326397895813,npu|decode|22|2ef4409498d14c672a4fbbfe6786cce6,22,sample_step,0.0032135900410246165,0.00372326397895813,5.096739379335135e-05,1.1585995511023583,0.0005096739379335134,1.1585995511023583
attn_on_pim_prefill-128xdecode_262_ops_trace.csv,decode,22,251,12,PIM0,pim,7,"Q:0,K:0,V:0,QK:0,Softmax:0,SV:0,O:0",2.5991697265581593e-05,2.2176999999999998e-05,pim|decode|22|61397802f1888ea563dd9b1ea38edd23,22,sample_step,0.0002599169726558159,0.00022176999999999999,-3.8146972655815946e-06,0.8532340067444135,-3.814697265581594e-05,0.8532340067444135
attn_on_pim_prefill-128xdecode_262_ops_trace.csv,decode,22,251,12,PIM1,pim,7,"Q:1,K:1,V:1,QK:1,Softmax:1,SV:1,O:1",2.5991697265581593e-05,2.2176999999999998e-05,pim|decode|22|9c4e6c099d863efd94751a80c7e404c5,22,sample_step,0.0002599169726558159,0.00022176999999999999,-3.8146972655815946e-06,0.8532340067444135,-3.814697265581594e-05,0.8532340067444135
attn_on_pim_prefill-128xdecode_262_ops_trace.csv,decode,22,251,13,GPU0,npu,12,"LN:-1,Add:-1,LN:-1,FFN_W1:0,FFN_W3:0,FFN_W1:1,FFN_W3:1,SwiGLU:0,SwiGLU:1,FFN_W2:0,FFN_W2:1,Add:-1",0.00032135900410246165,0.000372326397895813,npu|decode|22|2ef4409498d14c672a4fbbfe6786cce6,22,sample_step,0.0032135900410246165,0.00372326397895813,5.096739379335135e-05,1.1585995511023583,0.0005096739379335134,1.1585995511023583
attn_on_pim_prefill-128xdecode_262_ops_trace.csv,decode,22,251,13,PIM0,pim,7,"Q:0,K:0,V:0,QK:0,Softmax:0,SV:0,O:0",2.5991697265581593e-05,2.2176999999999998e-05,pim|decode|22|61397802f1888ea563dd9b1ea38edd23,22,sample_step,0.0002599169726558159,0.00022176999999999999,-3.8146972655815946e-06,0.8532340067444135,-3.814697265581594e-05,0.8532340067444135
attn_on_pim_prefill-128xdecode_262_ops_trace.csv,decode,22,251,13,PIM1,pim,7,"Q:1,K:1,V:1,QK:1,Softmax:1,SV:1,O:1",2.5991697265581593e-05,2.2176999999999998e-05,pim|decode|22|9c4e6c099d863efd94751a80c7e404c5,22,sample_step,0.0002599169726558159,0.00022176999999999999,-3.8146972655815946e-06,0.8532340067444135,-3.814697265581594e-05,0.8532340067444135
attn_on_pim_prefill-128xdecode_262_ops_trace.csv,decode,22,251,14,GPU0,npu,12,"LN:-1,Add:-1,LN:-1,FFN_W1:0,FFN_W3:0,FFN_W1:1,FFN_W3:1,SwiGLU:0,SwiGLU:1,FFN_W2:0,FFN_W2:1,Add:-1",0.00032135900410246165,0.000372326397895813,npu|decode|22|2ef4409498d14c672a4fbbfe6786cce6,22,sample_step,0.0032135900410246165,0.00372326397895813,5.096739379335135e-05,1.1585995511023583,0.0005096739379335134,1.1585995511023583
attn_on_pim_prefill-128xdecode_262_ops_trace.csv,decode,22,251,14,PIM0,pim,7,"Q:0,K:0,V:0,QK:0,Softmax:0,SV:0,O:0",2.5991697265581593e-05,2.2176999999999998e-05,pim|decode|22|61397802f1888ea563dd9b1ea38edd23,22,sample_step,0.0002599169726558159,0.00022176999999999999,-3.8146972655815946e-06,0.8532340067444135,-3.814697265581594e-05,0.8532340067444135
attn_on_pim_prefill-128xdecode_262_ops_trace.csv,decode,22,251,14,PIM1,pim,7,"Q:1,K:1,V:1,QK:1,Softmax:1,SV:1,O:1",2.5991697265581593e-05,2.2176999999999998e-05,pim|decode|22|9c4e6c099d863efd94751a80c7e404c5,22,sample_step,0.0002599169726558159,0.00022176999999999999,-3.8146972655815946e-06,0.8532340067444135,-3.814697265581594e-05,0.8532340067444135
attn_on_pim_prefill-128xdecode_262_ops_trace.csv,decode,22,251,15,GPU0,npu,12,"LN:-1,Add:-1,LN:-1,FFN_W1:0,FFN_W3:0,FFN_W1:1,FFN_W3:1,SwiGLU:0,SwiGLU:1,FFN_W2:0,FFN_W2:1,Add:-1",0.00032135900410246165,0.000372326397895813,npu|decode|22|2ef4409498d14c672a4fbbfe6786cce6,22,sample_step,0.0032135900410246165,0.00372326397895813,5.096739379335135e-05,1.1585995511023583,0.0005096739379335134,1.1585995511023583
attn_on_pim_prefill-128xdecode_262_ops_trace.csv,decode,22,251,15,PIM0,pim,7,"Q:0,K:0,V:0,QK:0,Softmax:0,SV:0,O:0",2.5991697265581593e-05,2.2176999999999998e-05,pim|decode|22|61397802f1888ea563dd9b1ea38edd23,22,sample_step,0.0002599169726558159,0.00022176999999999999,-3.8146972655815946e-06,0.8532340067444135,-3.814697265581594e-05,0.8532340067444135
attn_on_pim_prefill-128xdecode_262_ops_trace.csv,decode,22,251,15,PIM1,pim,7,"Q:1,K:1,V:1,QK:1,Softmax:1,SV:1,O:1",2.5991697265581593e-05,2.2176999999999998e-05,pim|decode|22|9c4e6c099d863efd94751a80c7e404c5,22,sample_step,0.0002599169726558159,0.00022176999999999999,-3.8146972655815946e-06,0.8532340067444135,-3.814697265581594e-05,0.8532340067444135
attn_on_pim_prefill-128xdecode_262_ops_trace.csv,decode,22,251,16,GPU0,npu,12,"LN:-1,Add:-1,LN:-1,FFN_W1:0,FFN_W3:0,FFN_W1:1,FFN_W3:1,SwiGLU:0,SwiGLU:1,FFN_W2:0,FFN_W2:1,Add:-1",0.00032135900410246165,0.000372326397895813,npu|decode|22|2ef4409498d14c672a4fbbfe6786cce6,22,sample_step,0.0032135900410246165,0.00372326397895813,5.096739379335135e-05,1.1585995511023583,0.0005096739379335134,1.1585995511023583
attn_on_pim_prefill-128xdecode_262_ops_trace.csv,decode,22,251,16,PIM0,pim,7,"Q:0,K:0,V:0,QK:0,Softmax:0,SV:0,O:0",2.5991697265581593e-05,2.2176999999999998e-05,pim|decode|22|61397802f1888ea563dd9b1ea38edd23,22,sample_step,0.0002599169726558159,0.00022176999999999999,-3.8146972655815946e-06,0.8532340067444135,-3.814697265581594e-05,0.8532340067444135
attn_on_pim_prefill-128xdecode_262_ops_trace.csv,decode,22,251,16,PIM1,pim,7,"Q:1,K:1,V:1,QK:1,Softmax:1,SV:1,O:1",2.5991697265581593e-05,2.2176999999999998e-05,pim|decode|22|9c4e6c099d863efd94751a80c7e404c5,22,sample_step,0.0002599169726558159,0.00022176999999999999,-3.8146972655815946e-06,0.8532340067444135,-3.814697265581594e-05,0.8532340067444135
attn_on_pim_prefill-128xdecode_262_ops_trace.csv,decode,22,251,17,GPU0,npu,12,"LN:-1,Add:-1,LN:-1,FFN_W1:0,FFN_W3:0,FFN_W1:1,FFN_W3:1,SwiGLU:0,SwiGLU:1,FFN_W2:0,FFN_W2:1,Add:-1",0.00032135900410246165,0.000372326397895813,npu|decode|22|2ef4409498d14c672a4fbbfe6786cce6,22,sample_step,0.0032135900410246165,0.00372326397895813,5.096739379335135e-05,1.1585995511023583,0.0005096739379335134,1.1585995511023583
attn_on_pim_prefill-128xdecode_262_ops_trace.csv,decode,22,251,17,PIM0,pim,7,"Q:0,K:0,V:0,QK:0,Softmax:0,SV:0,O:0",2.5991697265581593e-05,2.2176999999999998e-05,pim|decode|22|61397802f1888ea563dd9b1ea38edd23,22,sample_step,0.0002599169726558159,0.00022176999999999999,-3.8146972655815946e-06,0.8532340067444135,-3.814697265581594e-05,0.8532340067444135
attn_on_pim_prefill-128xdecode_262_ops_trace.csv,decode,22,251,17,PIM1,pim,7,"Q:1,K:1,V:1,QK:1,Softmax:1,SV:1,O:1",2.5991697265581593e-05,2.2176999999999998e-05,pim|decode|22|9c4e6c099d863efd94751a80c7e404c5,22,sample_step,0.0002599169726558159,0.00022176999999999999,-3.8146972655815946e-06,0.8532340067444135,-3.814697265581594e-05,0.8532340067444135
attn_on_pim_prefill-128xdecode_262_ops_trace.csv,decode,22,251,18,GPU0,npu,12,"LN:-1,Add:-1,LN:-1,FFN_W1:0,FFN_W3:0,FFN_W1:1,FFN_W3:1,SwiGLU:0,SwiGLU:1,FFN_W2:0,FFN_W2:1,Add:-1",0.00032135900410246165,0.000372326397895813,npu|decode|22|2ef4409498d14c672a4fbbfe6786cce6,22,sample_step,0.0032135900410246165,0.00372326397895813,5.096739379335135e-05,1.1585995511023583,0.0005096739379335134,1.1585995511023583
attn_on_pim_prefill-128xdecode_262_ops_trace.csv,decode,22,251,18,PIM0,pim,7,"Q:0,K:0,V:0,QK:0,Softmax:0,SV:0,O:0",2.5991697265581593e-05,2.2176999999999998e-05,pim|decode|22|61397802f1888ea563dd9b1ea38edd23,22,sample_step,0.0002599169726558159,0.00022176999999999999,-3.8146972655815946e-06,0.8532340067444135,-3.814697265581594e-05,0.8532340067444135
attn_on_pim_prefill-128xdecode_262_ops_trace.csv,decode,22,251,18,PIM1,pim,7,"Q:1,K:1,V:1,QK:1,Softmax:1,SV:1,O:1",2.5991697265581593e-05,2.2176999999999998e-05,pim|decode|22|9c4e6c099d863efd94751a80c7e404c5,22,sample_step,0.0002599169726558159,0.00022176999999999999,-3.8146972655815946e-06,0.8532340067444135,-3.814697265581594e-05,0.8532340067444135
attn_on_pim_prefill-128xdecode_262_ops_trace.csv,decode,22,251,19,GPU0,npu,12,"LN:-1,Add:-1,LN:-1,FFN_W1:0,FFN_W3:0,FFN_W1:1,FFN_W3:1,SwiGLU:0,SwiGLU:1,FFN_W2:0,FFN_W2:1,Add:-1",0.00032135900410246165,0.000372326397895813,npu|decode|22|2ef4409498d14c672a4fbbfe6786cce6,22,sample_step,0.0032135900410246165,0.00372326397895813,5.096739379335135e-05,1.1585995511023583,0.0005096739379335134,1.1585995511023583
attn_on_pim_prefill-128xdecode_262_ops_trace.csv,decode,22,251,19,PIM0,pim,7,"Q:0,K:0,V:0,QK:0,Softmax:0,SV:0,O:0",2.5991697265581593e-05,2.2176999999999998e-05,pim|decode|22|61397802f1888ea563dd9b1ea38edd23,22,sample_step,0.0002599169726558159,0.00022176999999999999,-3.8146972655815946e-06,0.8532340067444135,-3.814697265581594e-05,0.8532340067444135
attn_on_pim_prefill-128xdecode_262_ops_trace.csv,decode,22,251,19,PIM1,pim,7,"Q:1,K:1,V:1,QK:1,Softmax:1,SV:1,O:1",2.5991697265581593e-05,2.2176999999999998e-05,pim|decode|22|9c4e6c099d863efd94751a80c7e404c5,22,sample_step,0.0002599169726558159,0.00022176999999999999,-3.8146972655815946e-06,0.8532340067444135,-3.814697265581594e-05,0.8532340067444135
attn_on_pim_prefill-128xdecode_262_ops_trace.csv,decode,22,251,20,GPU0,npu,12,"LN:-1,Add:-1,LN:-1,FFN_W1:0,FFN_W3:0,FFN_W1:1,FFN_W3:1,SwiGLU:0,SwiGLU:1,FFN_W2:0,FFN_W2:1,Add:-1",0.00032135900410246165,0.000372326397895813,npu|decode|22|2ef4409498d14c672a4fbbfe6786cce6,22,sample_step,0.0032135900410246165,0.00372326397895813,5.096739379335135e-05,1.1585995511023583,0.0005096739379335134,1.1585995511023583
attn_on_pim_prefill-128xdecode_262_ops_trace.csv,decode,22,251,20,PIM0,pim,7,"Q:0,K:0,V:0,QK:0,Softmax:0,SV:0,O:0",2.5991697265581593e-05,2.2176999999999998e-05,pim|decode|22|61397802f1888ea563dd9b1ea38edd23,22,sample_step,0.0002599169726558159,0.00022176999999999999,-3.8146972655815946e-06,0.8532340067444135,-3.814697265581594e-05,0.8532340067444135
attn_on_pim_prefill-128xdecode_262_ops_trace.csv,decode,22,251,20,PIM1,pim,7,"Q:1,K:1,V:1,QK:1,Softmax:1,SV:1,O:1",2.5991697265581593e-05,2.2176999999999998e-05,pim|decode|22|9c4e6c099d863efd94751a80c7e404c5,22,sample_step,0.0002599169726558159,0.00022176999999999999,-3.8146972655815946e-06,0.8532340067444135,-3.814697265581594e-05,0.8532340067444135
attn_on_pim_prefill-128xdecode_262_ops_trace.csv,decode,22,251,21,GPU0,npu,12,"LN:-1,Add:-1,LN:-1,FFN_W1:0,FFN_W3:0,FFN_W1:1,FFN_W3:1,SwiGLU:0,SwiGLU:1,FFN_W2:0,FFN_W2:1,Add:-1",0.00032135900410246165,0.000372326397895813,npu|decode|22|2ef4409498d14c672a4fbbfe6786cce6,22,sample_step,0.0032135900410246165,0.00372326397895813,5.096739379335135e-05,1.1585995511023583,0.0005096739379335134,1.1585995511023583
attn_on_pim_prefill-128xdecode_262_ops_trace.csv,decode,22,251,21,PIM0,pim,7,"Q:0,K:0,V:0,QK:0,Softmax:0,SV:0,O:0",2.5991697265581593e-05,2.2176999999999998e-05,pim|decode|22|61397802f1888ea563dd9b1ea38edd23,22,sample_step,0.0002599169726558159,0.00022176999999999999,-3.8146972655815946e-06,0.8532340067444135,-3.814697265581594e-05,0.8532340067444135
attn_on_pim_prefill-128xdecode_262_ops_trace.csv,decode,22,251,21,PIM1,pim,7,"Q:1,K:1,V:1,QK:1,Softmax:1,SV:1,O:1",2.5991697265581593e-05,2.2176999999999998e-05,pim|decode|22|9c4e6c099d863efd94751a80c7e404c5,22,sample_step,0.0002599169726558159,0.00022176999999999999,-3.8146972655815946e-06,0.8532340067444135,-3.814697265581594e-05,0.8532340067444135
attn_on_pim_prefill-128xdecode_262_ops_trace.csv,decode,22,251,22,GPU0,npu,12,"LN:-1,Add:-1,LN:-1,FFN_W1:0,FFN_W3:0,FFN_W1:1,FFN_W3:1,SwiGLU:0,SwiGLU:1,FFN_W2:0,FFN_W2:1,Add:-1",0.00032135900410246165,0.000372326397895813,npu|decode|22|2ef4409498d14c672a4fbbfe6786cce6,22,sample_step,0.0032135900410246165,0.00372326397895813,5.096739379335135e-05,1.1585995511023583,0.0005096739379335134,1.1585995511023583
attn_on_pim_prefill-128xdecode_262_ops_trace.csv,decode,22,251,22,PIM0,pim,7,"Q:0,K:0,V:0,QK:0,Softmax:0,SV:0,O:0",2.5991697265581593e-05,2.2176999999999998e-05,pim|decode|22|61397802f1888ea563dd9b1ea38edd23,22,sample_step,0.0002599169726558159,0.00022176999999999999,-3.8146972655815946e-06,0.8532340067444135,-3.814697265581594e-05,0.8532340067444135
attn_on_pim_prefill-128xdecode_262_ops_trace.csv,decode,22,251,22,PIM1,pim,7,"Q:1,K:1,V:1,QK:1,Softmax:1,SV:1,O:1",2.5991697265581593e-05,2.2176999999999998e-05,pim|decode|22|9c4e6c099d863efd94751a80c7e404c5,22,sample_step,0.0002599169726558159,0.00022176999999999999,-3.8146972655815946e-06,0.8532340067444135,-3.814697265581594e-05,0.8532340067444135
attn_on_pim_prefill-128xdecode_262_ops_trace.csv,decode,22,251,23,GPU0,npu,12,"LN:-1,Add:-1,LN:-1,FFN_W1:0,FFN_W3:0,FFN_W1:1,FFN_W3:1,SwiGLU:0,SwiGLU:1,FFN_W2:0,FFN_W2:1,Add:-1",0.00032135900410246165,0.000372326397895813,npu|decode|22|2ef4409498d14c672a4fbbfe6786cce6,22,sample_step,0.0032135900410246165,0.00372326397895813,5.096739379335135e-05,1.1585995511023583,0.0005096739379335134,1.1585995511023583
attn_on_pim_prefill-128xdecode_262_ops_trace.csv,decode,22,251,23,PIM0,pim,7,"Q:0,K:0,V:0,QK:0,Softmax:0,SV:0,O:0",2.5991697265581593e-05,2.2176999999999998e-05,pim|decode|22|61397802f1888ea563dd9b1ea38edd23,22,sample_step,0.0002599169726558159,0.00022176999999999999,-3.8146972655815946e-06,0.8532340067444135,-3.814697265581594e-05,0.8532340067444135
attn_on_pim_prefill-128xdecode_262_ops_trace.csv,decode,22,251,23,PIM1,pim,7,"Q:1,K:1,V:1,QK:1,Softmax:1,SV:1,O:1",2.5991697265581593e-05,2.2176999999999998e-05,pim|decode|22|9c4e6c099d863efd94751a80c7e404c5,22,sample_step,0.0002599169726558159,0.00022176999999999999,-3.8146972655815946e-06,0.8532340067444135,-3.814697265581594e-05,0.8532340067444135
attn_on_pim_prefill-128xdecode_262_ops_trace.csv,decode,22,251,24,GPU0,npu,12,"LN:-1,Add:-1,LN:-1,FFN_W1:0,FFN_W3:0,FFN_W1:1,FFN_W3:1,SwiGLU:0,SwiGLU:1,FFN_W2:0,FFN_W2:1,Add:-1",0.00032135900410246165,0.000372326397895813,npu|decode|22|2ef4409498d14c672a4fbbfe6786cce6,22,sample_step,0.0032135900410246165,0.00372326397895813,5.096739379335135e-05,1.1585995511023583,0.0005096739379335134,1.1585995511023583
attn_on_pim_prefill-128xdecode_262_ops_trace.csv,decode,22,251,24,PIM0,pim,7,"Q:0,K:0,V:0,QK:0,Softmax:0,SV:0,O:0",2.5991697265581593e-05,2.2176999999999998e-05,pim|decode|22|61397802f1888ea563dd9b1ea38edd23,22,sample_step,0.0002599169726558159,0.00022176999999999999,-3.8146972655815946e-06,0.8532340067444135,-3.814697265581594e-05,0.8532340067444135
attn_on_pim_prefill-128xdecode_262_ops_trace.csv,decode,22,251,24,PIM1,pim,7,"Q:1,K:1,V:1,QK:1,Softmax:1,SV:1,O:1",2.5991697265581593e-05,2.2176999999999998e-05,pim|decode|22|9c4e6c099d863efd94751a80c7e404c5,22,sample_step,0.0002599169726558159,0.00022176999999999999,-3.8146972655815946e-06,0.8532340067444135,-3.814697265581594e-05,0.8532340067444135
attn_on_pim_prefill-128xdecode_262_ops_trace.csv,decode,22,251,25,GPU0,npu,12,"LN:-1,Add:-1,LN:-1,FFN_W1:0,FFN_W3:0,FFN_W1:1,FFN_W3:1,SwiGLU:0,SwiGLU:1,FFN_W2:0,FFN_W2:1,Add:-1",0.00032135900410246165,0.000372326397895813,npu|decode|22|2ef4409498d14c672a4fbbfe6786cce6,22,sample_step,0.0032135900410246165,0.00372326397895813,5.096739379335135e-05,1.1585995511023583,0.0005096739379335134,1.1585995511023583
attn_on_pim_prefill-128xdecode_262_ops_trace.csv,decode,22,251,25,PIM0,pim,7,"Q:0,K:0,V:0,QK:0,Softmax:0,SV:0,O:0",2.5991697265581593e-05,2.2176999999999998e-05,pim|decode|22|61397802f1888ea563dd9b1ea38edd23,22,sample_step,0.0002599169726558159,0.00022176999999999999,-3.8146972655815946e-06,0.8532340067444135,-3.814697265581594e-05,0.8532340067444135
attn_on_pim_prefill-128xdecode_262_ops_trace.csv,decode,22,251,25,PIM1,pim,7,"Q:1,K:1,V:1,QK:1,Softmax:1,SV:1,O:1",2.5991697265581593e-05,2.2176999999999998e-05,pim|decode|22|9c4e6c099d863efd94751a80c7e404c5,22,sample_step,0.0002599169726558159,0.00022176999999999999,-3.8146972655815946e-06,0.8532340067444135,-3.814697265581594e-05,0.8532340067444135
attn_on_pim_prefill-128xdecode_262_ops_trace.csv,decode,22,251,26,GPU0,npu,12,"LN:-1,Add:-1,LN:-1,FFN_W1:0,FFN_W3:0,FFN_W1:1,FFN_W3:1,SwiGLU:0,SwiGLU:1,FFN_W2:0,FFN_W2:1,Add:-1",0.00032135900410246165,0.000372326397895813,npu|decode|22|2ef4409498d14c672a4fbbfe6786cce6,22,sample_step,0.0032135900410246165,0.00372326397895813,5.096739379335135e-05,1.1585995511023583,0.0005096739379335134,1.1585995511023583
attn_on_pim_prefill-128xdecode_262_ops_trace.csv,decode,22,251,26,PIM0,pim,7,"Q:0,K:0,V:0,QK:0,Softmax:0,SV:0,O:0",2.5991697265581593e-05,2.2176999999999998e-05,pim|decode|22|61397802f1888ea563dd9b1ea38edd23,22,sample_step,0.0002599169726558159,0.00022176999999999999,-3.8146972655815946e-06,0.8532340067444135,-3.814697265581594e-05,0.8532340067444135
attn_on_pim_prefill-128xdecode_262_ops_trace.csv,decode,22,251,26,PIM1,pim,7,"Q:1,K:1,V:1,QK:1,Softmax:1,SV:1,O:1",2.5991697265581593e-05,2.2176999999999998e-05,pim|decode|22|9c4e6c099d863efd94751a80c7e404c5,22,sample_step,0.0002599169726558159,0.00022176999999999999,-3.8146972655815946e-06,0.8532340067444135,-3.814697265581594e-05,0.8532340067444135
attn_on_pim_prefill-128xdecode_262_ops_trace.csv,decode,22,251,27,GPU0,npu,12,"LN:-1,Add:-1,LN:-1,FFN_W1:0,FFN_W3:0,FFN_W1:1,FFN_W3:1,SwiGLU:0,SwiGLU:1,FFN_W2:0,FFN_W2:1,Add:-1",0.00032135900410246165,0.000372326397895813,npu|decode|22|2ef4409498d14c672a4fbbfe6786cce6,22,sample_step,0.0032135900410246165,0.00372326397895813,5.096739379335135e-05,1.1585995511023583,0.0005096739379335134,1.1585995511023583
attn_on_pim_prefill-128xdecode_262_ops_trace.csv,decode,22,251,27,PIM0,pim,7,"Q:0,K:0,V:0,QK:0,Softmax:0,SV:0,O:0",2.5991697265581593e-05,2.2176999999999998e-05,pim|decode|22|61397802f1888ea563dd9b1ea38edd23,22,sample_step,0.0002599169726558159,0.00022176999999999999,-3.8146972655815946e-06,0.8532340067444135,-3.814697265581594e-05,0.8532340067444135
attn_on_pim_prefill-128xdecode_262_ops_trace.csv,decode,22,251,27,PIM1,pim,7,"Q:1,K:1,V:1,QK:1,Softmax:1,SV:1,O:1",2.5991697265581593e-05,2.2176999999999998e-05,pim|decode|22|9c4e6c099d863efd94751a80c7e404c5,22,sample_step,0.0002599169726558159,0.00022176999999999999,-3.8146972655815946e-06,0.8532340067444135,-3.814697265581594e-05,0.8532340067444135
attn_on_pim_prefill-128xdecode_262_ops_trace.csv,decode,22,251,28,GPU0,npu,12,"LN:-1,Add:-1,LN:-1,FFN_W1:0,FFN_W3:0,FFN_W1:1,FFN_W3:1,SwiGLU:0,SwiGLU:1,FFN_W2:0,FFN_W2:1,Add:-1",0.00032135900410246165,0.000372326397895813,npu|decode|22|2ef4409498d14c672a4fbbfe6786cce6,22,sample_step,0.0032135900410246165,0.00372326397895813,5.096739379335135e-05,1.1585995511023583,0.0005096739379335134,1.1585995511023583
attn_on_pim_prefill-128xdecode_262_ops_trace.csv,decode,22,251,28,PIM0,pim,7,"Q:0,K:0,V:0,QK:0,Softmax:0,SV:0,O:0",2.5991697265581593e-05,2.2176999999999998e-05,pim|decode|22|61397802f1888ea563dd9b1ea38edd23,22,sample_step,0.0002599169726558159,0.00022176999999999999,-3.8146972655815946e-06,0.8532340067444135,-3.814697265581594e-05,0.8532340067444135
attn_on_pim_prefill-128xdecode_262_ops_trace.csv,decode,22,251,28,PIM1,pim,7,"Q:1,K:1,V:1,QK:1,Softmax:1,SV:1,O:1",2.5991697265581593e-05,2.2176999999999998e-05,pim|decode|22|9c4e6c099d863efd94751a80c7e404c5,22,sample_step,0.0002599169726558159,0.00022176999999999999,-3.8146972655815946e-06,0.8532340067444135,-3.814697265581594e-05,0.8532340067444135
attn_on_pim_prefill-128xdecode_262_ops_trace.csv,decode,22,251,29,GPU0,npu,12,"LN:-1,Add:-1,LN:-1,FFN_W1:0,FFN_W3:0,FFN_W1:1,FFN_W3:1,SwiGLU:0,SwiGLU:1,FFN_W2:0,FFN_W2:1,Add:-1",0.00032135900410246165,0.000372326397895813,npu|decode|22|2ef4409498d14c672a4fbbfe6786cce6,22,sample_step,0.0032135900410246165,0.00372326397895813,5.096739379335135e-05,1.1585995511023583,0.0005096739379335134,1.1585995511023583
attn_on_pim_prefill-128xdecode_262_ops_trace.csv,decode,22,251,29,PIM0,pim,7,"Q:0,K:0,V:0,QK:0,Softmax:0,SV:0,O:0",2.5991697265581593e-05,2.2176999999999998e-05,pim|decode|22|61397802f1888ea563dd9b1ea38edd23,22,sample_step,0.0002599169726558159,0.00022176999999999999,-3.8146972655815946e-06,0.8532340067444135,-3.814697265581594e-05,0.8532340067444135
attn_on_pim_prefill-128xdecode_262_ops_trace.csv,decode,22,251,29,PIM1,pim,7,"Q:1,K:1,V:1,QK:1,Softmax:1,SV:1,O:1",2.5991697265581593e-05,2.2176999999999998e-05,pim|decode|22|9c4e6c099d863efd94751a80c7e404c5,22,sample_step,0.0002599169726558159,0.00022176999999999999,-3.8146972655815946e-06,0.8532340067444135,-3.814697265581594e-05,0.8532340067444135
attn_on_pim_prefill-128xdecode_262_ops_trace.csv,decode,22,251,30,GPU0,npu,12,"LN:-1,Add:-1,LN:-1,FFN_W1:0,FFN_W3:0,FFN_W1:1,FFN_W3:1,SwiGLU:0,SwiGLU:1,FFN_W2:0,FFN_W2:1,Add:-1",0.00032135900410246165,0.000372326397895813,npu|decode|22|2ef4409498d14c672a4fbbfe6786cce6,22,sample_step,0.0032135900410246165,0.00372326397895813,5.096739379335135e-05,1.1585995511023583,0.0005096739379335134,1.1585995511023583
attn_on_pim_prefill-128xdecode_262_ops_trace.csv,decode,22,251,30,PIM0,pim,7,"Q:0,K:0,V:0,QK:0,Softmax:0,SV:0,O:0",2.5991697265581593e-05,2.2176999999999998e-05,pim|decode|22|61397802f1888ea563dd9b1ea38edd23,22,sample_step,0.0002599169726558159,0.00022176999999999999,-3.8146972655815946e-06,0.8532340067444135,-3.814697265581594e-05,0.8532340067444135
attn_on_pim_prefill-128xdecode_262_ops_trace.csv,decode,22,251,30,PIM1,pim,7,"Q:1,K:1,V:1,QK:1,Softmax:1,SV:1,O:1",2.5991697265581593e-05,2.2176999999999998e-05,pim|decode|22|9c4e6c099d863efd94751a80c7e404c5,22,sample_step,0.0002599169726558159,0.00022176999999999999,-3.8146972655815946e-06,0.8532340067444135,-3.814697265581594e-05,0.8532340067444135
attn_on_pim_prefill-128xdecode_262_ops_trace.csv,decode,22,251,31,GPU0,npu,12,"LN:-1,Add:-1,LN:-1,FFN_W1:0,FFN_W3:0,FFN_W1:1,FFN_W3:1,SwiGLU:0,SwiGLU:1,FFN_W2:0,FFN_W2:1,Add:-1",0.00032135900410246165,0.000372326397895813,npu|decode|22|2ef4409498d14c672a4fbbfe6786cce6,22,sample_step,0.0032135900410246165,0.00372326397895813,5.096739379335135e-05,1.1585995511023583,0.0005096739379335134,1.1585995511023583
attn_on_pim_prefill-128xdecode_262_ops_trace.csv,decode,22,251,31,PIM0,pim,7,"Q:0,K:0,V:0,QK:0,Softmax:0,SV:0,O:0",2.5991697265581593e-05,2.2176999999999998e-05,pim|decode|22|61397802f1888ea563dd9b1ea38edd23,22,sample_step,0.0002599169726558159,0.00022176999999999999,-3.8146972655815946e-06,0.8532340067444135,-3.814697265581594e-05,0.8532340067444135
attn_on_pim_prefill-128xdecode_262_ops_trace.csv,decode,22,251,31,PIM1,pim,7,"Q:1,K:1,V:1,QK:1,Softmax:1,SV:1,O:1",2.5991697265581593e-05,2.2176999999999998e-05,pim|decode|22|9c4e6c099d863efd94751a80c7e404c5,22,sample_step,0.0002599169726558159,0.00022176999999999999,-3.8146972655815946e-06,0.8532340067444135,-3.814697265581594e-05,0.8532340067444135
