schedule,phase,sample_step,token_index,layer,device,device_type,n_ops,ops_repr,schedule_sum_s,measured_s,measured_key,measured_step,measured_mode,schedule_sum_scaled_s,measured_scaled_s,delta_s,ratio,delta_scaled_s,ratio_scaled
facil_prefill-128xdecode_67_ops_trace.csv,prefill,-1,-1,0,GPU0,npu,26,"LN:-1,Q:0,K:0,V:0,Q:1,K:1,V:1,QK:0,QK:1,Softmax:0,Softmax:1,SV:0,SV:1,O:0,O:1,Add:-1,LN:-1,FFN_W1:0,FFN_W3:0,FFN_W1:1,FFN_W3:1,SwiGLU:0,SwiGLU:1,FFN_W2:0,FFN_W2:1,Add:-1",0.016921388121783853,0.0010010623931884766,npu|prefill|-1|7f370cc7d97df3530a56c775d62964d4,-1,sample_step,0.016921388121783853,0.0010010623931884766,-0.015920325728595378,0.05915959057163595,-0.015920325728595378,0.05915959057163595
facil_prefill-128xdecode_67_ops_trace.csv,prefill,-1,-1,1,GPU0,npu,26,"LN:-1,Q:0,K:0,V:0,Q:1,K:1,V:1,QK:0,QK:1,Softmax:0,Softmax:1,SV:0,SV:1,O:0,O:1,Add:-1,LN:-1,FFN_W1:0,FFN_W3:0,FFN_W1:1,FFN_W3:1,SwiGLU:0,SwiGLU:1,FFN_W2:0,FFN_W2:1,Add:-1",0.016921388121783856,0.0010010623931884766,npu|prefill|-1|7f370cc7d97df3530a56c775d62964d4,-1,sample_step,0.016921388121783856,0.0010010623931884766,-0.01592032572859538,0.05915959057163594,-0.01592032572859538,0.05915959057163594
facil_prefill-128xdecode_67_ops_trace.csv,prefill,-1,-1,2,GPU0,npu,26,"LN:-1,Q:0,K:0,V:0,Q:1,K:1,V:1,QK:0,QK:1,Softmax:0,Softmax:1,SV:0,SV:1,O:0,O:1,Add:-1,LN:-1,FFN_W1:0,FFN_W3:0,FFN_W1:1,FFN_W3:1,SwiGLU:0,SwiGLU:1,FFN_W2:0,FFN_W2:1,Add:-1",0.016921388121783842,0.0010010623931884766,npu|prefill|-1|7f370cc7d97df3530a56c775d62964d4,-1,sample_step,0.016921388121783842,0.0010010623931884766,-0.015920325728595367,0.05915959057163599,-0.015920325728595367,0.05915959057163599
facil_prefill-128xdecode_67_ops_trace.csv,prefill,-1,-1,3,GPU0,npu,26,"LN:-1,Q:0,K:0,V:0,Q:1,K:1,V:1,QK:0,QK:1,Softmax:0,Softmax:1,SV:0,SV:1,O:0,O:1,Add:-1,LN:-1,FFN_W1:0,FFN_W3:0,FFN_W1:1,FFN_W3:1,SwiGLU:0,SwiGLU:1,FFN_W2:0,FFN_W2:1,Add:-1",0.016921388121783863,0.0010010623931884766,npu|prefill|-1|7f370cc7d97df3530a56c775d62964d4,-1,sample_step,0.016921388121783863,0.0010010623931884766,-0.015920325728595388,0.05915959057163592,-0.015920325728595388,0.05915959057163592
facil_prefill-128xdecode_67_ops_trace.csv,prefill,-1,-1,4,GPU0,npu,26,"LN:-1,Q:0,K:0,V:0,Q:1,K:1,V:1,QK:0,QK:1,Softmax:0,Softmax:1,SV:0,SV:1,O:0,O:1,Add:-1,LN:-1,FFN_W1:0,FFN_W3:0,FFN_W1:1,FFN_W3:1,SwiGLU:0,SwiGLU:1,FFN_W2:0,FFN_W2:1,Add:-1",0.016921388121783898,0.0010010623931884766,npu|prefill|-1|7f370cc7d97df3530a56c775d62964d4,-1,sample_step,0.016921388121783898,0.0010010623931884766,-0.015920325728595423,0.05915959057163579,-0.015920325728595423,0.05915959057163579
facil_prefill-128xdecode_67_ops_trace.csv,prefill,-1,-1,5,GPU0,npu,26,"LN:-1,Q:0,K:0,V:0,Q:1,K:1,V:1,QK:0,QK:1,Softmax:0,Softmax:1,SV:0,SV:1,O:0,O:1,Add:-1,LN:-1,FFN_W1:0,FFN_W3:0,FFN_W1:1,FFN_W3:1,SwiGLU:0,SwiGLU:1,FFN_W2:0,FFN_W2:1,Add:-1",0.016921388121783898,0.0010010623931884766,npu|prefill|-1|7f370cc7d97df3530a56c775d62964d4,-1,sample_step,0.016921388121783898,0.0010010623931884766,-0.015920325728595423,0.05915959057163579,-0.015920325728595423,0.05915959057163579
facil_prefill-128xdecode_67_ops_trace.csv,prefill,-1,-1,6,GPU0,npu,26,"LN:-1,Q:0,K:0,V:0,Q:1,K:1,V:1,QK:0,QK:1,Softmax:0,Softmax:1,SV:0,SV:1,O:0,O:1,Add:-1,LN:-1,FFN_W1:0,FFN_W3:0,FFN_W1:1,FFN_W3:1,SwiGLU:0,SwiGLU:1,FFN_W2:0,FFN_W2:1,Add:-1",0.016921388121783898,0.0010010623931884766,npu|prefill|-1|7f370cc7d97df3530a56c775d62964d4,-1,sample_step,0.016921388121783898,0.0010010623931884766,-0.015920325728595423,0.05915959057163579,-0.015920325728595423,0.05915959057163579
facil_prefill-128xdecode_67_ops_trace.csv,prefill,-1,-1,7,GPU0,npu,26,"LN:-1,Q:0,K:0,V:0,Q:1,K:1,V:1,QK:0,QK:1,Softmax:0,Softmax:1,SV:0,SV:1,O:0,O:1,Add:-1,LN:-1,FFN_W1:0,FFN_W3:0,FFN_W1:1,FFN_W3:1,SwiGLU:0,SwiGLU:1,FFN_W2:0,FFN_W2:1,Add:-1",0.01692138812178387,0.0010010623931884766,npu|prefill|-1|7f370cc7d97df3530a56c775d62964d4,-1,sample_step,0.01692138812178387,0.0010010623931884766,-0.015920325728595395,0.05915959057163589,-0.015920325728595395,0.05915959057163589
facil_prefill-128xdecode_67_ops_trace.csv,prefill,-1,-1,8,GPU0,npu,26,"LN:-1,Q:0,K:0,V:0,Q:1,K:1,V:1,QK:0,QK:1,Softmax:0,Softmax:1,SV:0,SV:1,O:0,O:1,Add:-1,LN:-1,FFN_W1:0,FFN_W3:0,FFN_W1:1,FFN_W3:1,SwiGLU:0,SwiGLU:1,FFN_W2:0,FFN_W2:1,Add:-1",0.01692138812178387,0.0010010623931884766,npu|prefill|-1|7f370cc7d97df3530a56c775d62964d4,-1,sample_step,0.01692138812178387,0.0010010623931884766,-0.015920325728595395,0.05915959057163589,-0.015920325728595395,0.05915959057163589
facil_prefill-128xdecode_67_ops_trace.csv,prefill,-1,-1,9,GPU0,npu,26,"LN:-1,Q:0,K:0,V:0,Q:1,K:1,V:1,QK:0,QK:1,Softmax:0,Softmax:1,SV:0,SV:1,O:0,O:1,Add:-1,LN:-1,FFN_W1:0,FFN_W3:0,FFN_W1:1,FFN_W3:1,SwiGLU:0,SwiGLU:1,FFN_W2:0,FFN_W2:1,Add:-1",0.01692138812178387,0.0010010623931884766,npu|prefill|-1|7f370cc7d97df3530a56c775d62964d4,-1,sample_step,0.01692138812178387,0.0010010623931884766,-0.015920325728595395,0.05915959057163589,-0.015920325728595395,0.05915959057163589
facil_prefill-128xdecode_67_ops_trace.csv,prefill,-1,-1,10,GPU0,npu,26,"LN:-1,Q:0,K:0,V:0,Q:1,K:1,V:1,QK:0,QK:1,Softmax:0,Softmax:1,SV:0,SV:1,O:0,O:1,Add:-1,LN:-1,FFN_W1:0,FFN_W3:0,FFN_W1:1,FFN_W3:1,SwiGLU:0,SwiGLU:1,FFN_W2:0,FFN_W2:1,Add:-1",0.01692138812178387,0.0010010623931884766,npu|prefill|-1|7f370cc7d97df3530a56c775d62964d4,-1,sample_step,0.01692138812178387,0.0010010623931884766,-0.015920325728595395,0.05915959057163589,-0.015920325728595395,0.05915959057163589
facil_prefill-128xdecode_67_ops_trace.csv,prefill,-1,-1,11,GPU0,npu,26,"LN:-1,Q:0,K:0,V:0,Q:1,K:1,V:1,QK:0,QK:1,Softmax:0,Softmax:1,SV:0,SV:1,O:0,O:1,Add:-1,LN:-1,FFN_W1:0,FFN_W3:0,FFN_W1:1,FFN_W3:1,SwiGLU:0,SwiGLU:1,FFN_W2:0,FFN_W2:1,Add:-1",0.01692138812178387,0.0010010623931884766,npu|prefill|-1|7f370cc7d97df3530a56c775d62964d4,-1,sample_step,0.01692138812178387,0.0010010623931884766,-0.015920325728595395,0.05915959057163589,-0.015920325728595395,0.05915959057163589
facil_prefill-128xdecode_67_ops_trace.csv,prefill,-1,-1,12,GPU0,npu,26,"LN:-1,Q:0,K:0,V:0,Q:1,K:1,V:1,QK:0,QK:1,Softmax:0,Softmax:1,SV:0,SV:1,O:0,O:1,Add:-1,LN:-1,FFN_W1:0,FFN_W3:0,FFN_W1:1,FFN_W3:1,SwiGLU:0,SwiGLU:1,FFN_W2:0,FFN_W2:1,Add:-1",0.01692138812178387,0.0010010623931884766,npu|prefill|-1|7f370cc7d97df3530a56c775d62964d4,-1,sample_step,0.01692138812178387,0.0010010623931884766,-0.015920325728595395,0.05915959057163589,-0.015920325728595395,0.05915959057163589
facil_prefill-128xdecode_67_ops_trace.csv,prefill,-1,-1,13,GPU0,npu,26,"LN:-1,Q:0,K:0,V:0,Q:1,K:1,V:1,QK:0,QK:1,Softmax:0,Softmax:1,SV:0,SV:1,O:0,O:1,Add:-1,LN:-1,FFN_W1:0,FFN_W3:0,FFN_W1:1,FFN_W3:1,SwiGLU:0,SwiGLU:1,FFN_W2:0,FFN_W2:1,Add:-1",0.01692138812178387,0.0010010623931884766,npu|prefill|-1|7f370cc7d97df3530a56c775d62964d4,-1,sample_step,0.01692138812178387,0.0010010623931884766,-0.015920325728595395,0.05915959057163589,-0.015920325728595395,0.05915959057163589
facil_prefill-128xdecode_67_ops_trace.csv,prefill,-1,-1,14,GPU0,npu,26,"LN:-1,Q:0,K:0,V:0,Q:1,K:1,V:1,QK:0,QK:1,Softmax:0,Softmax:1,SV:0,SV:1,O:0,O:1,Add:-1,LN:-1,FFN_W1:0,FFN_W3:0,FFN_W1:1,FFN_W3:1,SwiGLU:0,SwiGLU:1,FFN_W2:0,FFN_W2:1,Add:-1",0.016921388121783926,0.0010010623931884766,npu|prefill|-1|7f370cc7d97df3530a56c775d62964d4,-1,sample_step,0.016921388121783926,0.0010010623931884766,-0.01592032572859545,0.059159590571635695,-0.01592032572859545,0.059159590571635695
facil_prefill-128xdecode_67_ops_trace.csv,prefill,-1,-1,15,GPU0,npu,26,"LN:-1,Q:0,K:0,V:0,Q:1,K:1,V:1,QK:0,QK:1,Softmax:0,Softmax:1,SV:0,SV:1,O:0,O:1,Add:-1,LN:-1,FFN_W1:0,FFN_W3:0,FFN_W1:1,FFN_W3:1,SwiGLU:0,SwiGLU:1,FFN_W2:0,FFN_W2:1,Add:-1",0.01692138812178376,0.0010010623931884766,npu|prefill|-1|7f370cc7d97df3530a56c775d62964d4,-1,sample_step,0.01692138812178376,0.0010010623931884766,-0.015920325728595284,0.05915959057163628,-0.015920325728595284,0.05915959057163628
facil_prefill-128xdecode_67_ops_trace.csv,prefill,-1,-1,16,GPU0,npu,26,"LN:-1,Q:0,K:0,V:0,Q:1,K:1,V:1,QK:0,QK:1,Softmax:0,Softmax:1,SV:0,SV:1,O:0,O:1,Add:-1,LN:-1,FFN_W1:0,FFN_W3:0,FFN_W1:1,FFN_W3:1,SwiGLU:0,SwiGLU:1,FFN_W2:0,FFN_W2:1,Add:-1",0.01692138812178376,0.0010010623931884766,npu|prefill|-1|7f370cc7d97df3530a56c775d62964d4,-1,sample_step,0.01692138812178376,0.0010010623931884766,-0.015920325728595284,0.05915959057163628,-0.015920325728595284,0.05915959057163628
facil_prefill-128xdecode_67_ops_trace.csv,prefill,-1,-1,17,GPU0,npu,26,"LN:-1,Q:0,K:0,V:0,Q:1,K:1,V:1,QK:0,QK:1,Softmax:0,Softmax:1,SV:0,SV:1,O:0,O:1,Add:-1,LN:-1,FFN_W1:0,FFN_W3:0,FFN_W1:1,FFN_W3:1,SwiGLU:0,SwiGLU:1,FFN_W2:0,FFN_W2:1,Add:-1",0.01692138812178376,0.0010010623931884766,npu|prefill|-1|7f370cc7d97df3530a56c775d62964d4,-1,sample_step,0.01692138812178376,0.0010010623931884766,-0.015920325728595284,0.05915959057163628,-0.015920325728595284,0.05915959057163628
facil_prefill-128xdecode_67_ops_trace.csv,prefill,-1,-1,18,GPU0,npu,26,"LN:-1,Q:0,K:0,V:0,Q:1,K:1,V:1,QK:0,QK:1,Softmax:0,Softmax:1,SV:0,SV:1,O:0,O:1,Add:-1,LN:-1,FFN_W1:0,FFN_W3:0,FFN_W1:1,FFN_W3:1,SwiGLU:0,SwiGLU:1,FFN_W2:0,FFN_W2:1,Add:-1",0.01692138812178376,0.0010010623931884766,npu|prefill|-1|7f370cc7d97df3530a56c775d62964d4,-1,sample_step,0.01692138812178376,0.0010010623931884766,-0.015920325728595284,0.05915959057163628,-0.015920325728595284,0.05915959057163628
facil_prefill-128xdecode_67_ops_trace.csv,prefill,-1,-1,19,GPU0,npu,26,"LN:-1,Q:0,K:0,V:0,Q:1,K:1,V:1,QK:0,QK:1,Softmax:0,Softmax:1,SV:0,SV:1,O:0,O:1,Add:-1,LN:-1,FFN_W1:0,FFN_W3:0,FFN_W1:1,FFN_W3:1,SwiGLU:0,SwiGLU:1,FFN_W2:0,FFN_W2:1,Add:-1",0.01692138812178376,0.0010010623931884766,npu|prefill|-1|7f370cc7d97df3530a56c775d62964d4,-1,sample_step,0.01692138812178376,0.0010010623931884766,-0.015920325728595284,0.05915959057163628,-0.015920325728595284,0.05915959057163628
facil_prefill-128xdecode_67_ops_trace.csv,prefill,-1,-1,20,GPU0,npu,26,"LN:-1,Q:0,K:0,V:0,Q:1,K:1,V:1,QK:0,QK:1,Softmax:0,Softmax:1,SV:0,SV:1,O:0,O:1,Add:-1,LN:-1,FFN_W1:0,FFN_W3:0,FFN_W1:1,FFN_W3:1,SwiGLU:0,SwiGLU:1,FFN_W2:0,FFN_W2:1,Add:-1",0.01692138812178376,0.0010010623931884766,npu|prefill|-1|7f370cc7d97df3530a56c775d62964d4,-1,sample_step,0.01692138812178376,0.0010010623931884766,-0.015920325728595284,0.05915959057163628,-0.015920325728595284,0.05915959057163628
facil_prefill-128xdecode_67_ops_trace.csv,prefill,-1,-1,21,GPU0,npu,26,"LN:-1,Q:0,K:0,V:0,Q:1,K:1,V:1,QK:0,QK:1,Softmax:0,Softmax:1,SV:0,SV:1,O:0,O:1,Add:-1,LN:-1,FFN_W1:0,FFN_W3:0,FFN_W1:1,FFN_W3:1,SwiGLU:0,SwiGLU:1,FFN_W2:0,FFN_W2:1,Add:-1",0.01692138812178376,0.0010010623931884766,npu|prefill|-1|7f370cc7d97df3530a56c775d62964d4,-1,sample_step,0.01692138812178376,0.0010010623931884766,-0.015920325728595284,0.05915959057163628,-0.015920325728595284,0.05915959057163628
facil_prefill-128xdecode_67_ops_trace.csv,prefill,-1,-1,22,GPU0,npu,26,"LN:-1,Q:0,K:0,V:0,Q:1,K:1,V:1,QK:0,QK:1,Softmax:0,Softmax:1,SV:0,SV:1,O:0,O:1,Add:-1,LN:-1,FFN_W1:0,FFN_W3:0,FFN_W1:1,FFN_W3:1,SwiGLU:0,SwiGLU:1,FFN_W2:0,FFN_W2:1,Add:-1",0.01692138812178376,0.0010010623931884766,npu|prefill|-1|7f370cc7d97df3530a56c775d62964d4,-1,sample_step,0.01692138812178376,0.0010010623931884766,-0.015920325728595284,0.05915959057163628,-0.015920325728595284,0.05915959057163628
facil_prefill-128xdecode_67_ops_trace.csv,prefill,-1,-1,23,GPU0,npu,26,"LN:-1,Q:0,K:0,V:0,Q:1,K:1,V:1,QK:0,QK:1,Softmax:0,Softmax:1,SV:0,SV:1,O:0,O:1,Add:-1,LN:-1,FFN_W1:0,FFN_W3:0,FFN_W1:1,FFN_W3:1,SwiGLU:0,SwiGLU:1,FFN_W2:0,FFN_W2:1,Add:-1",0.01692138812178376,0.0010010623931884766,npu|prefill|-1|7f370cc7d97df3530a56c775d62964d4,-1,sample_step,0.01692138812178376,0.0010010623931884766,-0.015920325728595284,0.05915959057163628,-0.015920325728595284,0.05915959057163628
facil_prefill-128xdecode_67_ops_trace.csv,prefill,-1,-1,24,GPU0,npu,26,"LN:-1,Q:0,K:0,V:0,Q:1,K:1,V:1,QK:0,QK:1,Softmax:0,Softmax:1,SV:0,SV:1,O:0,O:1,Add:-1,LN:-1,FFN_W1:0,FFN_W3:0,FFN_W1:1,FFN_W3:1,SwiGLU:0,SwiGLU:1,FFN_W2:0,FFN_W2:1,Add:-1",0.01692138812178376,0.0010010623931884766,npu|prefill|-1|7f370cc7d97df3530a56c775d62964d4,-1,sample_step,0.01692138812178376,0.0010010623931884766,-0.015920325728595284,0.05915959057163628,-0.015920325728595284,0.05915959057163628
facil_prefill-128xdecode_67_ops_trace.csv,prefill,-1,-1,25,GPU0,npu,26,"LN:-1,Q:0,K:0,V:0,Q:1,K:1,V:1,QK:0,QK:1,Softmax:0,Softmax:1,SV:0,SV:1,O:0,O:1,Add:-1,LN:-1,FFN_W1:0,FFN_W3:0,FFN_W1:1,FFN_W3:1,SwiGLU:0,SwiGLU:1,FFN_W2:0,FFN_W2:1,Add:-1",0.01692138812178376,0.0010010623931884766,npu|prefill|-1|7f370cc7d97df3530a56c775d62964d4,-1,sample_step,0.01692138812178376,0.0010010623931884766,-0.015920325728595284,0.05915959057163628,-0.015920325728595284,0.05915959057163628
facil_prefill-128xdecode_67_ops_trace.csv,prefill,-1,-1,26,GPU0,npu,26,"LN:-1,Q:0,K:0,V:0,Q:1,K:1,V:1,QK:0,QK:1,Softmax:0,Softmax:1,SV:0,SV:1,O:0,O:1,Add:-1,LN:-1,FFN_W1:0,FFN_W3:0,FFN_W1:1,FFN_W3:1,SwiGLU:0,SwiGLU:1,FFN_W2:0,FFN_W2:1,Add:-1",0.01692138812178376,0.0010010623931884766,npu|prefill|-1|7f370cc7d97df3530a56c775d62964d4,-1,sample_step,0.01692138812178376,0.0010010623931884766,-0.015920325728595284,0.05915959057163628,-0.015920325728595284,0.05915959057163628
facil_prefill-128xdecode_67_ops_trace.csv,prefill,-1,-1,27,GPU0,npu,26,"LN:-1,Q:0,K:0,V:0,Q:1,K:1,V:1,QK:0,QK:1,Softmax:0,Softmax:1,SV:0,SV:1,O:0,O:1,Add:-1,LN:-1,FFN_W1:0,FFN_W3:0,FFN_W1:1,FFN_W3:1,SwiGLU:0,SwiGLU:1,FFN_W2:0,FFN_W2:1,Add:-1",0.01692138812178376,0.0010010623931884766,npu|prefill|-1|7f370cc7d97df3530a56c775d62964d4,-1,sample_step,0.01692138812178376,0.0010010623931884766,-0.015920325728595284,0.05915959057163628,-0.015920325728595284,0.05915959057163628
facil_prefill-128xdecode_67_ops_trace.csv,prefill,-1,-1,28,GPU0,npu,26,"LN:-1,Q:0,K:0,V:0,Q:1,K:1,V:1,QK:0,QK:1,Softmax:0,Softmax:1,SV:0,SV:1,O:0,O:1,Add:-1,LN:-1,FFN_W1:0,FFN_W3:0,FFN_W1:1,FFN_W3:1,SwiGLU:0,SwiGLU:1,FFN_W2:0,FFN_W2:1,Add:-1",0.01692138812178376,0.0010010623931884766,npu|prefill|-1|7f370cc7d97df3530a56c775d62964d4,-1,sample_step,0.01692138812178376,0.0010010623931884766,-0.015920325728595284,0.05915959057163628,-0.015920325728595284,0.05915959057163628
facil_prefill-128xdecode_67_ops_trace.csv,prefill,-1,-1,29,GPU0,npu,26,"LN:-1,Q:0,K:0,V:0,Q:1,K:1,V:1,QK:0,QK:1,Softmax:0,Softmax:1,SV:0,SV:1,O:0,O:1,Add:-1,LN:-1,FFN_W1:0,FFN_W3:0,FFN_W1:1,FFN_W3:1,SwiGLU:0,SwiGLU:1,FFN_W2:0,FFN_W2:1,Add:-1",0.016921388121783548,0.0010010623931884766,npu|prefill|-1|7f370cc7d97df3530a56c775d62964d4,-1,sample_step,0.016921388121783548,0.0010010623931884766,-0.015920325728595072,0.05915959057163702,-0.015920325728595072,0.05915959057163702
facil_prefill-128xdecode_67_ops_trace.csv,prefill,-1,-1,30,GPU0,npu,26,"LN:-1,Q:0,K:0,V:0,Q:1,K:1,V:1,QK:0,QK:1,Softmax:0,Softmax:1,SV:0,SV:1,O:0,O:1,Add:-1,LN:-1,FFN_W1:0,FFN_W3:0,FFN_W1:1,FFN_W3:1,SwiGLU:0,SwiGLU:1,FFN_W2:0,FFN_W2:1,Add:-1",0.01692138812178467,0.0010010623931884766,npu|prefill|-1|7f370cc7d97df3530a56c775d62964d4,-1,sample_step,0.01692138812178467,0.0010010623931884766,-0.015920325728596196,0.05915959057163309,-0.015920325728596196,0.05915959057163309
facil_prefill-128xdecode_67_ops_trace.csv,prefill,-1,-1,31,GPU0,npu,26,"LN:-1,Q:0,K:0,V:0,Q:1,K:1,V:1,QK:0,QK:1,Softmax:0,Softmax:1,SV:0,SV:1,O:0,O:1,Add:-1,LN:-1,FFN_W1:0,FFN_W3:0,FFN_W1:1,FFN_W3:1,SwiGLU:0,SwiGLU:1,FFN_W2:0,FFN_W2:1,Add:-1",0.01692138812178467,0.0010010623931884766,npu|prefill|-1|7f370cc7d97df3530a56c775d62964d4,-1,sample_step,0.01692138812178467,0.0010010623931884766,-0.015920325728596196,0.05915959057163309,-0.015920325728596196,0.05915959057163309
facil_prefill-128xdecode_67_ops_trace.csv,decode,0,0,0,GPU0,npu,8,"LN:-1,Add:-1,LN:-1,FFN_W3:0,FFN_W3:1,SwiGLU:0,SwiGLU:1,Add:-1",0.0001712978600718618,0.0002062335968017578,npu|decode|0|ff6dcf33668f3ebc9cf61e7eb43c6a84,0,sample_step,0.0001712978600718618,0.0002062335968017578,3.493573672989602e-05,1.2039473039256883,3.493573672989602e-05,1.2039473039256883
facil_prefill-128xdecode_67_ops_trace.csv,decode,0,0,0,PIM0,pim,9,"Q:0,K:0,V:0,QK:0,Softmax:0,SV:0,O:0,FFN_W1:0,FFN_W2:0",0.007558210013671773,4.4301e-05,pim|decode|0|d9f2c5d5d25b036a5f39277c4750a787,0,sample_step,0.007558210013671773,4.4301e-05,-0.007513909013671773,0.005861308420891391,-0.007513909013671773,0.005861308420891391
facil_prefill-128xdecode_67_ops_trace.csv,decode,0,0,0,PIM1,pim,9,"Q:1,K:1,V:1,QK:1,Softmax:1,SV:1,O:1,FFN_W1:1,FFN_W2:1",0.007558210013671773,4.4301e-05,pim|decode|0|73f0b93ba2927d0614be9f9ec9b9774c,0,sample_step,0.007558210013671773,4.4301e-05,-0.007513909013671773,0.005861308420891391,-0.007513909013671773,0.005861308420891391
facil_prefill-128xdecode_67_ops_trace.csv,decode,0,0,1,GPU0,npu,8,"LN:-1,Add:-1,LN:-1,FFN_W3:0,FFN_W3:1,SwiGLU:0,SwiGLU:1,Add:-1",0.0001712978600718618,0.0002062335968017578,npu|decode|0|ff6dcf33668f3ebc9cf61e7eb43c6a84,0,sample_step,0.0001712978600718618,0.0002062335968017578,3.493573672989602e-05,1.2039473039256883,3.493573672989602e-05,1.2039473039256883
facil_prefill-128xdecode_67_ops_trace.csv,decode,0,0,1,PIM0,pim,9,"Q:0,K:0,V:0,QK:0,Softmax:0,SV:0,O:0,FFN_W1:0,FFN_W2:0",0.007558210013671773,4.4301e-05,pim|decode|0|d9f2c5d5d25b036a5f39277c4750a787,0,sample_step,0.007558210013671773,4.4301e-05,-0.007513909013671773,0.005861308420891391,-0.007513909013671773,0.005861308420891391
facil_prefill-128xdecode_67_ops_trace.csv,decode,0,0,1,PIM1,pim,9,"Q:1,K:1,V:1,QK:1,Softmax:1,SV:1,O:1,FFN_W1:1,FFN_W2:1",0.007558210013671773,4.4301e-05,pim|decode|0|73f0b93ba2927d0614be9f9ec9b9774c,0,sample_step,0.007558210013671773,4.4301e-05,-0.007513909013671773,0.005861308420891391,-0.007513909013671773,0.005861308420891391
facil_prefill-128xdecode_67_ops_trace.csv,decode,0,0,2,GPU0,npu,8,"LN:-1,Add:-1,LN:-1,FFN_W3:0,FFN_W3:1,SwiGLU:0,SwiGLU:1,Add:-1",0.0001712978600718618,0.0002062335968017578,npu|decode|0|ff6dcf33668f3ebc9cf61e7eb43c6a84,0,sample_step,0.0001712978600718618,0.0002062335968017578,3.493573672989602e-05,1.2039473039256883,3.493573672989602e-05,1.2039473039256883
facil_prefill-128xdecode_67_ops_trace.csv,decode,0,0,2,PIM0,pim,9,"Q:0,K:0,V:0,QK:0,Softmax:0,SV:0,O:0,FFN_W1:0,FFN_W2:0",0.007558210013671773,4.4301e-05,pim|decode|0|d9f2c5d5d25b036a5f39277c4750a787,0,sample_step,0.007558210013671773,4.4301e-05,-0.007513909013671773,0.005861308420891391,-0.007513909013671773,0.005861308420891391
facil_prefill-128xdecode_67_ops_trace.csv,decode,0,0,2,PIM1,pim,9,"Q:1,K:1,V:1,QK:1,Softmax:1,SV:1,O:1,FFN_W1:1,FFN_W2:1",0.007558210013671773,4.4301e-05,pim|decode|0|73f0b93ba2927d0614be9f9ec9b9774c,0,sample_step,0.007558210013671773,4.4301e-05,-0.007513909013671773,0.005861308420891391,-0.007513909013671773,0.005861308420891391
facil_prefill-128xdecode_67_ops_trace.csv,decode,0,0,3,GPU0,npu,8,"LN:-1,Add:-1,LN:-1,FFN_W3:0,FFN_W3:1,SwiGLU:0,SwiGLU:1,Add:-1",0.0001712978600718618,0.0002062335968017578,npu|decode|0|ff6dcf33668f3ebc9cf61e7eb43c6a84,0,sample_step,0.0001712978600718618,0.0002062335968017578,3.493573672989602e-05,1.2039473039256883,3.493573672989602e-05,1.2039473039256883
facil_prefill-128xdecode_67_ops_trace.csv,decode,0,0,3,PIM0,pim,9,"Q:0,K:0,V:0,QK:0,Softmax:0,SV:0,O:0,FFN_W1:0,FFN_W2:0",0.007558210013671773,4.4301e-05,pim|decode|0|d9f2c5d5d25b036a5f39277c4750a787,0,sample_step,0.007558210013671773,4.4301e-05,-0.007513909013671773,0.005861308420891391,-0.007513909013671773,0.005861308420891391
facil_prefill-128xdecode_67_ops_trace.csv,decode,0,0,3,PIM1,pim,9,"Q:1,K:1,V:1,QK:1,Softmax:1,SV:1,O:1,FFN_W1:1,FFN_W2:1",0.007558210013671773,4.4301e-05,pim|decode|0|73f0b93ba2927d0614be9f9ec9b9774c,0,sample_step,0.007558210013671773,4.4301e-05,-0.007513909013671773,0.005861308420891391,-0.007513909013671773,0.005861308420891391
facil_prefill-128xdecode_67_ops_trace.csv,decode,0,0,4,GPU0,npu,8,"LN:-1,Add:-1,LN:-1,FFN_W3:0,FFN_W3:1,SwiGLU:0,SwiGLU:1,Add:-1",0.0001712978600718618,0.0002062335968017578,npu|decode|0|ff6dcf33668f3ebc9cf61e7eb43c6a84,0,sample_step,0.0001712978600718618,0.0002062335968017578,3.493573672989602e-05,1.2039473039256883,3.493573672989602e-05,1.2039473039256883
facil_prefill-128xdecode_67_ops_trace.csv,decode,0,0,4,PIM0,pim,9,"Q:0,K:0,V:0,QK:0,Softmax:0,SV:0,O:0,FFN_W1:0,FFN_W2:0",0.007558210013671773,4.4301e-05,pim|decode|0|d9f2c5d5d25b036a5f39277c4750a787,0,sample_step,0.007558210013671773,4.4301e-05,-0.007513909013671773,0.005861308420891391,-0.007513909013671773,0.005861308420891391
facil_prefill-128xdecode_67_ops_trace.csv,decode,0,0,4,PIM1,pim,9,"Q:1,K:1,V:1,QK:1,Softmax:1,SV:1,O:1,FFN_W1:1,FFN_W2:1",0.007558210013671773,4.4301e-05,pim|decode|0|73f0b93ba2927d0614be9f9ec9b9774c,0,sample_step,0.007558210013671773,4.4301e-05,-0.007513909013671773,0.005861308420891391,-0.007513909013671773,0.005861308420891391
facil_prefill-128xdecode_67_ops_trace.csv,decode,0,0,5,GPU0,npu,8,"LN:-1,Add:-1,LN:-1,FFN_W3:0,FFN_W3:1,SwiGLU:0,SwiGLU:1,Add:-1",0.0001712978600718618,0.0002062335968017578,npu|decode|0|ff6dcf33668f3ebc9cf61e7eb43c6a84,0,sample_step,0.0001712978600718618,0.0002062335968017578,3.493573672989602e-05,1.2039473039256883,3.493573672989602e-05,1.2039473039256883
facil_prefill-128xdecode_67_ops_trace.csv,decode,0,0,5,PIM0,pim,9,"Q:0,K:0,V:0,QK:0,Softmax:0,SV:0,O:0,FFN_W1:0,FFN_W2:0",0.007558210013671773,4.4301e-05,pim|decode|0|d9f2c5d5d25b036a5f39277c4750a787,0,sample_step,0.007558210013671773,4.4301e-05,-0.007513909013671773,0.005861308420891391,-0.007513909013671773,0.005861308420891391
facil_prefill-128xdecode_67_ops_trace.csv,decode,0,0,5,PIM1,pim,9,"Q:1,K:1,V:1,QK:1,Softmax:1,SV:1,O:1,FFN_W1:1,FFN_W2:1",0.007558210013671773,4.4301e-05,pim|decode|0|73f0b93ba2927d0614be9f9ec9b9774c,0,sample_step,0.007558210013671773,4.4301e-05,-0.007513909013671773,0.005861308420891391,-0.007513909013671773,0.005861308420891391
facil_prefill-128xdecode_67_ops_trace.csv,decode,0,0,6,GPU0,npu,8,"LN:-1,Add:-1,LN:-1,FFN_W3:0,FFN_W3:1,SwiGLU:0,SwiGLU:1,Add:-1",0.0001712978600718618,0.0002062335968017578,npu|decode|0|ff6dcf33668f3ebc9cf61e7eb43c6a84,0,sample_step,0.0001712978600718618,0.0002062335968017578,3.493573672989602e-05,1.2039473039256883,3.493573672989602e-05,1.2039473039256883
facil_prefill-128xdecode_67_ops_trace.csv,decode,0,0,6,PIM0,pim,9,"Q:0,K:0,V:0,QK:0,Softmax:0,SV:0,O:0,FFN_W1:0,FFN_W2:0",0.007558210013671773,4.4301e-05,pim|decode|0|d9f2c5d5d25b036a5f39277c4750a787,0,sample_step,0.007558210013671773,4.4301e-05,-0.007513909013671773,0.005861308420891391,-0.007513909013671773,0.005861308420891391
facil_prefill-128xdecode_67_ops_trace.csv,decode,0,0,6,PIM1,pim,9,"Q:1,K:1,V:1,QK:1,Softmax:1,SV:1,O:1,FFN_W1:1,FFN_W2:1",0.007558210013671773,4.4301e-05,pim|decode|0|73f0b93ba2927d0614be9f9ec9b9774c,0,sample_step,0.007558210013671773,4.4301e-05,-0.007513909013671773,0.005861308420891391,-0.007513909013671773,0.005861308420891391
facil_prefill-128xdecode_67_ops_trace.csv,decode,0,0,7,GPU0,npu,8,"LN:-1,Add:-1,LN:-1,FFN_W3:0,FFN_W3:1,SwiGLU:0,SwiGLU:1,Add:-1",0.0001712978600718618,0.0002062335968017578,npu|decode|0|ff6dcf33668f3ebc9cf61e7eb43c6a84,0,sample_step,0.0001712978600718618,0.0002062335968017578,3.493573672989602e-05,1.2039473039256883,3.493573672989602e-05,1.2039473039256883
facil_prefill-128xdecode_67_ops_trace.csv,decode,0,0,7,PIM0,pim,9,"Q:0,K:0,V:0,QK:0,Softmax:0,SV:0,O:0,FFN_W1:0,FFN_W2:0",0.007558210013671773,4.4301e-05,pim|decode|0|d9f2c5d5d25b036a5f39277c4750a787,0,sample_step,0.007558210013671773,4.4301e-05,-0.007513909013671773,0.005861308420891391,-0.007513909013671773,0.005861308420891391
facil_prefill-128xdecode_67_ops_trace.csv,decode,0,0,7,PIM1,pim,9,"Q:1,K:1,V:1,QK:1,Softmax:1,SV:1,O:1,FFN_W1:1,FFN_W2:1",0.007558210013671773,4.4301e-05,pim|decode|0|73f0b93ba2927d0614be9f9ec9b9774c,0,sample_step,0.007558210013671773,4.4301e-05,-0.007513909013671773,0.005861308420891391,-0.007513909013671773,0.005861308420891391
facil_prefill-128xdecode_67_ops_trace.csv,decode,0,0,8,GPU0,npu,8,"LN:-1,Add:-1,LN:-1,FFN_W3:0,FFN_W3:1,SwiGLU:0,SwiGLU:1,Add:-1",0.0001712978600718618,0.0002062335968017578,npu|decode|0|ff6dcf33668f3ebc9cf61e7eb43c6a84,0,sample_step,0.0001712978600718618,0.0002062335968017578,3.493573672989602e-05,1.2039473039256883,3.493573672989602e-05,1.2039473039256883
facil_prefill-128xdecode_67_ops_trace.csv,decode,0,0,8,PIM0,pim,9,"Q:0,K:0,V:0,QK:0,Softmax:0,SV:0,O:0,FFN_W1:0,FFN_W2:0",0.007558210013671773,4.4301e-05,pim|decode|0|d9f2c5d5d25b036a5f39277c4750a787,0,sample_step,0.007558210013671773,4.4301e-05,-0.007513909013671773,0.005861308420891391,-0.007513909013671773,0.005861308420891391
facil_prefill-128xdecode_67_ops_trace.csv,decode,0,0,8,PIM1,pim,9,"Q:1,K:1,V:1,QK:1,Softmax:1,SV:1,O:1,FFN_W1:1,FFN_W2:1",0.007558210013671773,4.4301e-05,pim|decode|0|73f0b93ba2927d0614be9f9ec9b9774c,0,sample_step,0.007558210013671773,4.4301e-05,-0.007513909013671773,0.005861308420891391,-0.007513909013671773,0.005861308420891391
facil_prefill-128xdecode_67_ops_trace.csv,decode,0,0,9,GPU0,npu,8,"LN:-1,Add:-1,LN:-1,FFN_W3:0,FFN_W3:1,SwiGLU:0,SwiGLU:1,Add:-1",0.0001712978600718618,0.0002062335968017578,npu|decode|0|ff6dcf33668f3ebc9cf61e7eb43c6a84,0,sample_step,0.0001712978600718618,0.0002062335968017578,3.493573672989602e-05,1.2039473039256883,3.493573672989602e-05,1.2039473039256883
facil_prefill-128xdecode_67_ops_trace.csv,decode,0,0,9,PIM0,pim,9,"Q:0,K:0,V:0,QK:0,Softmax:0,SV:0,O:0,FFN_W1:0,FFN_W2:0",0.007558210013671773,4.4301e-05,pim|decode|0|d9f2c5d5d25b036a5f39277c4750a787,0,sample_step,0.007558210013671773,4.4301e-05,-0.007513909013671773,0.005861308420891391,-0.007513909013671773,0.005861308420891391
facil_prefill-128xdecode_67_ops_trace.csv,decode,0,0,9,PIM1,pim,9,"Q:1,K:1,V:1,QK:1,Softmax:1,SV:1,O:1,FFN_W1:1,FFN_W2:1",0.007558210013671773,4.4301e-05,pim|decode|0|73f0b93ba2927d0614be9f9ec9b9774c,0,sample_step,0.007558210013671773,4.4301e-05,-0.007513909013671773,0.005861308420891391,-0.007513909013671773,0.005861308420891391
facil_prefill-128xdecode_67_ops_trace.csv,decode,0,0,10,GPU0,npu,8,"LN:-1,Add:-1,LN:-1,FFN_W3:0,FFN_W3:1,SwiGLU:0,SwiGLU:1,Add:-1",0.0001712978600718618,0.0002062335968017578,npu|decode|0|ff6dcf33668f3ebc9cf61e7eb43c6a84,0,sample_step,0.0001712978600718618,0.0002062335968017578,3.493573672989602e-05,1.2039473039256883,3.493573672989602e-05,1.2039473039256883
facil_prefill-128xdecode_67_ops_trace.csv,decode,0,0,10,PIM0,pim,9,"Q:0,K:0,V:0,QK:0,Softmax:0,SV:0,O:0,FFN_W1:0,FFN_W2:0",0.007558210013671773,4.4301e-05,pim|decode|0|d9f2c5d5d25b036a5f39277c4750a787,0,sample_step,0.007558210013671773,4.4301e-05,-0.007513909013671773,0.005861308420891391,-0.007513909013671773,0.005861308420891391
facil_prefill-128xdecode_67_ops_trace.csv,decode,0,0,10,PIM1,pim,9,"Q:1,K:1,V:1,QK:1,Softmax:1,SV:1,O:1,FFN_W1:1,FFN_W2:1",0.007558210013671773,4.4301e-05,pim|decode|0|73f0b93ba2927d0614be9f9ec9b9774c,0,sample_step,0.007558210013671773,4.4301e-05,-0.007513909013671773,0.005861308420891391,-0.007513909013671773,0.005861308420891391
facil_prefill-128xdecode_67_ops_trace.csv,decode,0,0,11,GPU0,npu,8,"LN:-1,Add:-1,LN:-1,FFN_W3:0,FFN_W3:1,SwiGLU:0,SwiGLU:1,Add:-1",0.0001712978600718618,0.0002062335968017578,npu|decode|0|ff6dcf33668f3ebc9cf61e7eb43c6a84,0,sample_step,0.0001712978600718618,0.0002062335968017578,3.493573672989602e-05,1.2039473039256883,3.493573672989602e-05,1.2039473039256883
facil_prefill-128xdecode_67_ops_trace.csv,decode,0,0,11,PIM0,pim,9,"Q:0,K:0,V:0,QK:0,Softmax:0,SV:0,O:0,FFN_W1:0,FFN_W2:0",0.007558210013671773,4.4301e-05,pim|decode|0|d9f2c5d5d25b036a5f39277c4750a787,0,sample_step,0.007558210013671773,4.4301e-05,-0.007513909013671773,0.005861308420891391,-0.007513909013671773,0.005861308420891391
facil_prefill-128xdecode_67_ops_trace.csv,decode,0,0,11,PIM1,pim,9,"Q:1,K:1,V:1,QK:1,Softmax:1,SV:1,O:1,FFN_W1:1,FFN_W2:1",0.007558210013671773,4.4301e-05,pim|decode|0|73f0b93ba2927d0614be9f9ec9b9774c,0,sample_step,0.007558210013671773,4.4301e-05,-0.007513909013671773,0.005861308420891391,-0.007513909013671773,0.005861308420891391
facil_prefill-128xdecode_67_ops_trace.csv,decode,0,0,12,GPU0,npu,8,"LN:-1,Add:-1,LN:-1,FFN_W3:0,FFN_W3:1,SwiGLU:0,SwiGLU:1,Add:-1",0.0001712978600718618,0.0002062335968017578,npu|decode|0|ff6dcf33668f3ebc9cf61e7eb43c6a84,0,sample_step,0.0001712978600718618,0.0002062335968017578,3.493573672989602e-05,1.2039473039256883,3.493573672989602e-05,1.2039473039256883
facil_prefill-128xdecode_67_ops_trace.csv,decode,0,0,12,PIM0,pim,9,"Q:0,K:0,V:0,QK:0,Softmax:0,SV:0,O:0,FFN_W1:0,FFN_W2:0",0.007558210013671773,4.4301e-05,pim|decode|0|d9f2c5d5d25b036a5f39277c4750a787,0,sample_step,0.007558210013671773,4.4301e-05,-0.007513909013671773,0.005861308420891391,-0.007513909013671773,0.005861308420891391
facil_prefill-128xdecode_67_ops_trace.csv,decode,0,0,12,PIM1,pim,9,"Q:1,K:1,V:1,QK:1,Softmax:1,SV:1,O:1,FFN_W1:1,FFN_W2:1",0.007558210013671773,4.4301e-05,pim|decode|0|73f0b93ba2927d0614be9f9ec9b9774c,0,sample_step,0.007558210013671773,4.4301e-05,-0.007513909013671773,0.005861308420891391,-0.007513909013671773,0.005861308420891391
facil_prefill-128xdecode_67_ops_trace.csv,decode,0,0,13,GPU0,npu,8,"LN:-1,Add:-1,LN:-1,FFN_W3:0,FFN_W3:1,SwiGLU:0,SwiGLU:1,Add:-1",0.0001712978600718618,0.0002062335968017578,npu|decode|0|ff6dcf33668f3ebc9cf61e7eb43c6a84,0,sample_step,0.0001712978600718618,0.0002062335968017578,3.493573672989602e-05,1.2039473039256883,3.493573672989602e-05,1.2039473039256883
facil_prefill-128xdecode_67_ops_trace.csv,decode,0,0,13,PIM0,pim,9,"Q:0,K:0,V:0,QK:0,Softmax:0,SV:0,O:0,FFN_W1:0,FFN_W2:0",0.007558210013671773,4.4301e-05,pim|decode|0|d9f2c5d5d25b036a5f39277c4750a787,0,sample_step,0.007558210013671773,4.4301e-05,-0.007513909013671773,0.005861308420891391,-0.007513909013671773,0.005861308420891391
facil_prefill-128xdecode_67_ops_trace.csv,decode,0,0,13,PIM1,pim,9,"Q:1,K:1,V:1,QK:1,Softmax:1,SV:1,O:1,FFN_W1:1,FFN_W2:1",0.007558210013671773,4.4301e-05,pim|decode|0|73f0b93ba2927d0614be9f9ec9b9774c,0,sample_step,0.007558210013671773,4.4301e-05,-0.007513909013671773,0.005861308420891391,-0.007513909013671773,0.005861308420891391
facil_prefill-128xdecode_67_ops_trace.csv,decode,0,0,14,GPU0,npu,8,"LN:-1,Add:-1,LN:-1,FFN_W3:0,FFN_W3:1,SwiGLU:0,SwiGLU:1,Add:-1",0.0001712978600718618,0.0002062335968017578,npu|decode|0|ff6dcf33668f3ebc9cf61e7eb43c6a84,0,sample_step,0.0001712978600718618,0.0002062335968017578,3.493573672989602e-05,1.2039473039256883,3.493573672989602e-05,1.2039473039256883
facil_prefill-128xdecode_67_ops_trace.csv,decode,0,0,14,PIM0,pim,9,"Q:0,K:0,V:0,QK:0,Softmax:0,SV:0,O:0,FFN_W1:0,FFN_W2:0",0.007558210013671773,4.4301e-05,pim|decode|0|d9f2c5d5d25b036a5f39277c4750a787,0,sample_step,0.007558210013671773,4.4301e-05,-0.007513909013671773,0.005861308420891391,-0.007513909013671773,0.005861308420891391
facil_prefill-128xdecode_67_ops_trace.csv,decode,0,0,14,PIM1,pim,9,"Q:1,K:1,V:1,QK:1,Softmax:1,SV:1,O:1,FFN_W1:1,FFN_W2:1",0.007558210013671773,4.4301e-05,pim|decode|0|73f0b93ba2927d0614be9f9ec9b9774c,0,sample_step,0.007558210013671773,4.4301e-05,-0.007513909013671773,0.005861308420891391,-0.007513909013671773,0.005861308420891391
facil_prefill-128xdecode_67_ops_trace.csv,decode,0,0,15,GPU0,npu,8,"LN:-1,Add:-1,LN:-1,FFN_W3:0,FFN_W3:1,SwiGLU:0,SwiGLU:1,Add:-1",0.0001712978600718618,0.0002062335968017578,npu|decode|0|ff6dcf33668f3ebc9cf61e7eb43c6a84,0,sample_step,0.0001712978600718618,0.0002062335968017578,3.493573672989602e-05,1.2039473039256883,3.493573672989602e-05,1.2039473039256883
facil_prefill-128xdecode_67_ops_trace.csv,decode,0,0,15,PIM0,pim,9,"Q:0,K:0,V:0,QK:0,Softmax:0,SV:0,O:0,FFN_W1:0,FFN_W2:0",0.007558210013671773,4.4301e-05,pim|decode|0|d9f2c5d5d25b036a5f39277c4750a787,0,sample_step,0.007558210013671773,4.4301e-05,-0.007513909013671773,0.005861308420891391,-0.007513909013671773,0.005861308420891391
facil_prefill-128xdecode_67_ops_trace.csv,decode,0,0,15,PIM1,pim,9,"Q:1,K:1,V:1,QK:1,Softmax:1,SV:1,O:1,FFN_W1:1,FFN_W2:1",0.007558210013671773,4.4301e-05,pim|decode|0|73f0b93ba2927d0614be9f9ec9b9774c,0,sample_step,0.007558210013671773,4.4301e-05,-0.007513909013671773,0.005861308420891391,-0.007513909013671773,0.005861308420891391
facil_prefill-128xdecode_67_ops_trace.csv,decode,0,0,16,GPU0,npu,8,"LN:-1,Add:-1,LN:-1,FFN_W3:0,FFN_W3:1,SwiGLU:0,SwiGLU:1,Add:-1",0.0001712978600718618,0.0002062335968017578,npu|decode|0|ff6dcf33668f3ebc9cf61e7eb43c6a84,0,sample_step,0.0001712978600718618,0.0002062335968017578,3.493573672989602e-05,1.2039473039256883,3.493573672989602e-05,1.2039473039256883
facil_prefill-128xdecode_67_ops_trace.csv,decode,0,0,16,PIM0,pim,9,"Q:0,K:0,V:0,QK:0,Softmax:0,SV:0,O:0,FFN_W1:0,FFN_W2:0",0.007558210013671773,4.4301e-05,pim|decode|0|d9f2c5d5d25b036a5f39277c4750a787,0,sample_step,0.007558210013671773,4.4301e-05,-0.007513909013671773,0.005861308420891391,-0.007513909013671773,0.005861308420891391
facil_prefill-128xdecode_67_ops_trace.csv,decode,0,0,16,PIM1,pim,9,"Q:1,K:1,V:1,QK:1,Softmax:1,SV:1,O:1,FFN_W1:1,FFN_W2:1",0.007558210013671773,4.4301e-05,pim|decode|0|73f0b93ba2927d0614be9f9ec9b9774c,0,sample_step,0.007558210013671773,4.4301e-05,-0.007513909013671773,0.005861308420891391,-0.007513909013671773,0.005861308420891391
facil_prefill-128xdecode_67_ops_trace.csv,decode,0,0,17,GPU0,npu,8,"LN:-1,Add:-1,LN:-1,FFN_W3:0,FFN_W3:1,SwiGLU:0,SwiGLU:1,Add:-1",0.0001712978600718618,0.0002062335968017578,npu|decode|0|ff6dcf33668f3ebc9cf61e7eb43c6a84,0,sample_step,0.0001712978600718618,0.0002062335968017578,3.493573672989602e-05,1.2039473039256883,3.493573672989602e-05,1.2039473039256883
facil_prefill-128xdecode_67_ops_trace.csv,decode,0,0,17,PIM0,pim,9,"Q:0,K:0,V:0,QK:0,Softmax:0,SV:0,O:0,FFN_W1:0,FFN_W2:0",0.007558210013671773,4.4301e-05,pim|decode|0|d9f2c5d5d25b036a5f39277c4750a787,0,sample_step,0.007558210013671773,4.4301e-05,-0.007513909013671773,0.005861308420891391,-0.007513909013671773,0.005861308420891391
facil_prefill-128xdecode_67_ops_trace.csv,decode,0,0,17,PIM1,pim,9,"Q:1,K:1,V:1,QK:1,Softmax:1,SV:1,O:1,FFN_W1:1,FFN_W2:1",0.007558210013671773,4.4301e-05,pim|decode|0|73f0b93ba2927d0614be9f9ec9b9774c,0,sample_step,0.007558210013671773,4.4301e-05,-0.007513909013671773,0.005861308420891391,-0.007513909013671773,0.005861308420891391
facil_prefill-128xdecode_67_ops_trace.csv,decode,0,0,18,GPU0,npu,8,"LN:-1,Add:-1,LN:-1,FFN_W3:0,FFN_W3:1,SwiGLU:0,SwiGLU:1,Add:-1",0.0001712978600718618,0.0002062335968017578,npu|decode|0|ff6dcf33668f3ebc9cf61e7eb43c6a84,0,sample_step,0.0001712978600718618,0.0002062335968017578,3.493573672989602e-05,1.2039473039256883,3.493573672989602e-05,1.2039473039256883
facil_prefill-128xdecode_67_ops_trace.csv,decode,0,0,18,PIM0,pim,9,"Q:0,K:0,V:0,QK:0,Softmax:0,SV:0,O:0,FFN_W1:0,FFN_W2:0",0.007558210013671773,4.4301e-05,pim|decode|0|d9f2c5d5d25b036a5f39277c4750a787,0,sample_step,0.007558210013671773,4.4301e-05,-0.007513909013671773,0.005861308420891391,-0.007513909013671773,0.005861308420891391
facil_prefill-128xdecode_67_ops_trace.csv,decode,0,0,18,PIM1,pim,9,"Q:1,K:1,V:1,QK:1,Softmax:1,SV:1,O:1,FFN_W1:1,FFN_W2:1",0.007558210013671773,4.4301e-05,pim|decode|0|73f0b93ba2927d0614be9f9ec9b9774c,0,sample_step,0.007558210013671773,4.4301e-05,-0.007513909013671773,0.005861308420891391,-0.007513909013671773,0.005861308420891391
facil_prefill-128xdecode_67_ops_trace.csv,decode,0,0,19,GPU0,npu,8,"LN:-1,Add:-1,LN:-1,FFN_W3:0,FFN_W3:1,SwiGLU:0,SwiGLU:1,Add:-1",0.0001712978600718618,0.0002062335968017578,npu|decode|0|ff6dcf33668f3ebc9cf61e7eb43c6a84,0,sample_step,0.0001712978600718618,0.0002062335968017578,3.493573672989602e-05,1.2039473039256883,3.493573672989602e-05,1.2039473039256883
facil_prefill-128xdecode_67_ops_trace.csv,decode,0,0,19,PIM0,pim,9,"Q:0,K:0,V:0,QK:0,Softmax:0,SV:0,O:0,FFN_W1:0,FFN_W2:0",0.007558210013671773,4.4301e-05,pim|decode|0|d9f2c5d5d25b036a5f39277c4750a787,0,sample_step,0.007558210013671773,4.4301e-05,-0.007513909013671773,0.005861308420891391,-0.007513909013671773,0.005861308420891391
facil_prefill-128xdecode_67_ops_trace.csv,decode,0,0,19,PIM1,pim,9,"Q:1,K:1,V:1,QK:1,Softmax:1,SV:1,O:1,FFN_W1:1,FFN_W2:1",0.007558210013671773,4.4301e-05,pim|decode|0|73f0b93ba2927d0614be9f9ec9b9774c,0,sample_step,0.007558210013671773,4.4301e-05,-0.007513909013671773,0.005861308420891391,-0.007513909013671773,0.005861308420891391
facil_prefill-128xdecode_67_ops_trace.csv,decode,0,0,20,GPU0,npu,8,"LN:-1,Add:-1,LN:-1,FFN_W3:0,FFN_W3:1,SwiGLU:0,SwiGLU:1,Add:-1",0.0001712978600718618,0.0002062335968017578,npu|decode|0|ff6dcf33668f3ebc9cf61e7eb43c6a84,0,sample_step,0.0001712978600718618,0.0002062335968017578,3.493573672989602e-05,1.2039473039256883,3.493573672989602e-05,1.2039473039256883
facil_prefill-128xdecode_67_ops_trace.csv,decode,0,0,20,PIM0,pim,9,"Q:0,K:0,V:0,QK:0,Softmax:0,SV:0,O:0,FFN_W1:0,FFN_W2:0",0.007558210013671773,4.4301e-05,pim|decode|0|d9f2c5d5d25b036a5f39277c4750a787,0,sample_step,0.007558210013671773,4.4301e-05,-0.007513909013671773,0.005861308420891391,-0.007513909013671773,0.005861308420891391
facil_prefill-128xdecode_67_ops_trace.csv,decode,0,0,20,PIM1,pim,9,"Q:1,K:1,V:1,QK:1,Softmax:1,SV:1,O:1,FFN_W1:1,FFN_W2:1",0.007558210013671773,4.4301e-05,pim|decode|0|73f0b93ba2927d0614be9f9ec9b9774c,0,sample_step,0.007558210013671773,4.4301e-05,-0.007513909013671773,0.005861308420891391,-0.007513909013671773,0.005861308420891391
facil_prefill-128xdecode_67_ops_trace.csv,decode,0,0,21,GPU0,npu,8,"LN:-1,Add:-1,LN:-1,FFN_W3:0,FFN_W3:1,SwiGLU:0,SwiGLU:1,Add:-1",0.0001712978600718618,0.0002062335968017578,npu|decode|0|ff6dcf33668f3ebc9cf61e7eb43c6a84,0,sample_step,0.0001712978600718618,0.0002062335968017578,3.493573672989602e-05,1.2039473039256883,3.493573672989602e-05,1.2039473039256883
facil_prefill-128xdecode_67_ops_trace.csv,decode,0,0,21,PIM0,pim,9,"Q:0,K:0,V:0,QK:0,Softmax:0,SV:0,O:0,FFN_W1:0,FFN_W2:0",0.007558210013671773,4.4301e-05,pim|decode|0|d9f2c5d5d25b036a5f39277c4750a787,0,sample_step,0.007558210013671773,4.4301e-05,-0.007513909013671773,0.005861308420891391,-0.007513909013671773,0.005861308420891391
facil_prefill-128xdecode_67_ops_trace.csv,decode,0,0,21,PIM1,pim,9,"Q:1,K:1,V:1,QK:1,Softmax:1,SV:1,O:1,FFN_W1:1,FFN_W2:1",0.007558210013671773,4.4301e-05,pim|decode|0|73f0b93ba2927d0614be9f9ec9b9774c,0,sample_step,0.007558210013671773,4.4301e-05,-0.007513909013671773,0.005861308420891391,-0.007513909013671773,0.005861308420891391
facil_prefill-128xdecode_67_ops_trace.csv,decode,0,0,22,GPU0,npu,8,"LN:-1,Add:-1,LN:-1,FFN_W3:0,FFN_W3:1,SwiGLU:0,SwiGLU:1,Add:-1",0.0001712978600718618,0.0002062335968017578,npu|decode|0|ff6dcf33668f3ebc9cf61e7eb43c6a84,0,sample_step,0.0001712978600718618,0.0002062335968017578,3.493573672989602e-05,1.2039473039256883,3.493573672989602e-05,1.2039473039256883
facil_prefill-128xdecode_67_ops_trace.csv,decode,0,0,22,PIM0,pim,9,"Q:0,K:0,V:0,QK:0,Softmax:0,SV:0,O:0,FFN_W1:0,FFN_W2:0",0.007558210013671773,4.4301e-05,pim|decode|0|d9f2c5d5d25b036a5f39277c4750a787,0,sample_step,0.007558210013671773,4.4301e-05,-0.007513909013671773,0.005861308420891391,-0.007513909013671773,0.005861308420891391
facil_prefill-128xdecode_67_ops_trace.csv,decode,0,0,22,PIM1,pim,9,"Q:1,K:1,V:1,QK:1,Softmax:1,SV:1,O:1,FFN_W1:1,FFN_W2:1",0.007558210013671773,4.4301e-05,pim|decode|0|73f0b93ba2927d0614be9f9ec9b9774c,0,sample_step,0.007558210013671773,4.4301e-05,-0.007513909013671773,0.005861308420891391,-0.007513909013671773,0.005861308420891391
facil_prefill-128xdecode_67_ops_trace.csv,decode,0,0,23,GPU0,npu,8,"LN:-1,Add:-1,LN:-1,FFN_W3:0,FFN_W3:1,SwiGLU:0,SwiGLU:1,Add:-1",0.0001712978600718618,0.0002062335968017578,npu|decode|0|ff6dcf33668f3ebc9cf61e7eb43c6a84,0,sample_step,0.0001712978600718618,0.0002062335968017578,3.493573672989602e-05,1.2039473039256883,3.493573672989602e-05,1.2039473039256883
facil_prefill-128xdecode_67_ops_trace.csv,decode,0,0,23,PIM0,pim,9,"Q:0,K:0,V:0,QK:0,Softmax:0,SV:0,O:0,FFN_W1:0,FFN_W2:0",0.007558210013671773,4.4301e-05,pim|decode|0|d9f2c5d5d25b036a5f39277c4750a787,0,sample_step,0.007558210013671773,4.4301e-05,-0.007513909013671773,0.005861308420891391,-0.007513909013671773,0.005861308420891391
facil_prefill-128xdecode_67_ops_trace.csv,decode,0,0,23,PIM1,pim,9,"Q:1,K:1,V:1,QK:1,Softmax:1,SV:1,O:1,FFN_W1:1,FFN_W2:1",0.007558210013671773,4.4301e-05,pim|decode|0|73f0b93ba2927d0614be9f9ec9b9774c,0,sample_step,0.007558210013671773,4.4301e-05,-0.007513909013671773,0.005861308420891391,-0.007513909013671773,0.005861308420891391
facil_prefill-128xdecode_67_ops_trace.csv,decode,0,0,24,GPU0,npu,8,"LN:-1,Add:-1,LN:-1,FFN_W3:0,FFN_W3:1,SwiGLU:0,SwiGLU:1,Add:-1",0.0001712978600718618,0.0002062335968017578,npu|decode|0|ff6dcf33668f3ebc9cf61e7eb43c6a84,0,sample_step,0.0001712978600718618,0.0002062335968017578,3.493573672989602e-05,1.2039473039256883,3.493573672989602e-05,1.2039473039256883
facil_prefill-128xdecode_67_ops_trace.csv,decode,0,0,24,PIM0,pim,9,"Q:0,K:0,V:0,QK:0,Softmax:0,SV:0,O:0,FFN_W1:0,FFN_W2:0",0.007558210013671773,4.4301e-05,pim|decode|0|d9f2c5d5d25b036a5f39277c4750a787,0,sample_step,0.007558210013671773,4.4301e-05,-0.007513909013671773,0.005861308420891391,-0.007513909013671773,0.005861308420891391
facil_prefill-128xdecode_67_ops_trace.csv,decode,0,0,24,PIM1,pim,9,"Q:1,K:1,V:1,QK:1,Softmax:1,SV:1,O:1,FFN_W1:1,FFN_W2:1",0.007558210013671773,4.4301e-05,pim|decode|0|73f0b93ba2927d0614be9f9ec9b9774c,0,sample_step,0.007558210013671773,4.4301e-05,-0.007513909013671773,0.005861308420891391,-0.007513909013671773,0.005861308420891391
facil_prefill-128xdecode_67_ops_trace.csv,decode,0,0,25,GPU0,npu,8,"LN:-1,Add:-1,LN:-1,FFN_W3:0,FFN_W3:1,SwiGLU:0,SwiGLU:1,Add:-1",0.0001712978600718618,0.0002062335968017578,npu|decode|0|ff6dcf33668f3ebc9cf61e7eb43c6a84,0,sample_step,0.0001712978600718618,0.0002062335968017578,3.493573672989602e-05,1.2039473039256883,3.493573672989602e-05,1.2039473039256883
facil_prefill-128xdecode_67_ops_trace.csv,decode,0,0,25,PIM0,pim,9,"Q:0,K:0,V:0,QK:0,Softmax:0,SV:0,O:0,FFN_W1:0,FFN_W2:0",0.007558210013671773,4.4301e-05,pim|decode|0|d9f2c5d5d25b036a5f39277c4750a787,0,sample_step,0.007558210013671773,4.4301e-05,-0.007513909013671773,0.005861308420891391,-0.007513909013671773,0.005861308420891391
facil_prefill-128xdecode_67_ops_trace.csv,decode,0,0,25,PIM1,pim,9,"Q:1,K:1,V:1,QK:1,Softmax:1,SV:1,O:1,FFN_W1:1,FFN_W2:1",0.007558210013671773,4.4301e-05,pim|decode|0|73f0b93ba2927d0614be9f9ec9b9774c,0,sample_step,0.007558210013671773,4.4301e-05,-0.007513909013671773,0.005861308420891391,-0.007513909013671773,0.005861308420891391
facil_prefill-128xdecode_67_ops_trace.csv,decode,0,0,26,GPU0,npu,8,"LN:-1,Add:-1,LN:-1,FFN_W3:0,FFN_W3:1,SwiGLU:0,SwiGLU:1,Add:-1",0.0001712978600718618,0.0002062335968017578,npu|decode|0|ff6dcf33668f3ebc9cf61e7eb43c6a84,0,sample_step,0.0001712978600718618,0.0002062335968017578,3.493573672989602e-05,1.2039473039256883,3.493573672989602e-05,1.2039473039256883
facil_prefill-128xdecode_67_ops_trace.csv,decode,0,0,26,PIM0,pim,9,"Q:0,K:0,V:0,QK:0,Softmax:0,SV:0,O:0,FFN_W1:0,FFN_W2:0",0.007558210013671773,4.4301e-05,pim|decode|0|d9f2c5d5d25b036a5f39277c4750a787,0,sample_step,0.007558210013671773,4.4301e-05,-0.007513909013671773,0.005861308420891391,-0.007513909013671773,0.005861308420891391
facil_prefill-128xdecode_67_ops_trace.csv,decode,0,0,26,PIM1,pim,9,"Q:1,K:1,V:1,QK:1,Softmax:1,SV:1,O:1,FFN_W1:1,FFN_W2:1",0.007558210013671773,4.4301e-05,pim|decode|0|73f0b93ba2927d0614be9f9ec9b9774c,0,sample_step,0.007558210013671773,4.4301e-05,-0.007513909013671773,0.005861308420891391,-0.007513909013671773,0.005861308420891391
facil_prefill-128xdecode_67_ops_trace.csv,decode,0,0,27,GPU0,npu,8,"LN:-1,Add:-1,LN:-1,FFN_W3:0,FFN_W3:1,SwiGLU:0,SwiGLU:1,Add:-1",0.0001712978600718618,0.0002062335968017578,npu|decode|0|ff6dcf33668f3ebc9cf61e7eb43c6a84,0,sample_step,0.0001712978600718618,0.0002062335968017578,3.493573672989602e-05,1.2039473039256883,3.493573672989602e-05,1.2039473039256883
facil_prefill-128xdecode_67_ops_trace.csv,decode,0,0,27,PIM0,pim,9,"Q:0,K:0,V:0,QK:0,Softmax:0,SV:0,O:0,FFN_W1:0,FFN_W2:0",0.007558210013671773,4.4301e-05,pim|decode|0|d9f2c5d5d25b036a5f39277c4750a787,0,sample_step,0.007558210013671773,4.4301e-05,-0.007513909013671773,0.005861308420891391,-0.007513909013671773,0.005861308420891391
facil_prefill-128xdecode_67_ops_trace.csv,decode,0,0,27,PIM1,pim,9,"Q:1,K:1,V:1,QK:1,Softmax:1,SV:1,O:1,FFN_W1:1,FFN_W2:1",0.007558210013671773,4.4301e-05,pim|decode|0|73f0b93ba2927d0614be9f9ec9b9774c,0,sample_step,0.007558210013671773,4.4301e-05,-0.007513909013671773,0.005861308420891391,-0.007513909013671773,0.005861308420891391
facil_prefill-128xdecode_67_ops_trace.csv,decode,0,0,28,GPU0,npu,8,"LN:-1,Add:-1,LN:-1,FFN_W3:0,FFN_W3:1,SwiGLU:0,SwiGLU:1,Add:-1",0.0001712978600718618,0.0002062335968017578,npu|decode|0|ff6dcf33668f3ebc9cf61e7eb43c6a84,0,sample_step,0.0001712978600718618,0.0002062335968017578,3.493573672989602e-05,1.2039473039256883,3.493573672989602e-05,1.2039473039256883
facil_prefill-128xdecode_67_ops_trace.csv,decode,0,0,28,PIM0,pim,9,"Q:0,K:0,V:0,QK:0,Softmax:0,SV:0,O:0,FFN_W1:0,FFN_W2:0",0.007558210013671773,4.4301e-05,pim|decode|0|d9f2c5d5d25b036a5f39277c4750a787,0,sample_step,0.007558210013671773,4.4301e-05,-0.007513909013671773,0.005861308420891391,-0.007513909013671773,0.005861308420891391
facil_prefill-128xdecode_67_ops_trace.csv,decode,0,0,28,PIM1,pim,9,"Q:1,K:1,V:1,QK:1,Softmax:1,SV:1,O:1,FFN_W1:1,FFN_W2:1",0.007558210013671773,4.4301e-05,pim|decode|0|73f0b93ba2927d0614be9f9ec9b9774c,0,sample_step,0.007558210013671773,4.4301e-05,-0.007513909013671773,0.005861308420891391,-0.007513909013671773,0.005861308420891391
facil_prefill-128xdecode_67_ops_trace.csv,decode,0,0,29,GPU0,npu,8,"LN:-1,Add:-1,LN:-1,FFN_W3:0,FFN_W3:1,SwiGLU:0,SwiGLU:1,Add:-1",0.0001712978600718618,0.0002062335968017578,npu|decode|0|ff6dcf33668f3ebc9cf61e7eb43c6a84,0,sample_step,0.0001712978600718618,0.0002062335968017578,3.493573672989602e-05,1.2039473039256883,3.493573672989602e-05,1.2039473039256883
facil_prefill-128xdecode_67_ops_trace.csv,decode,0,0,29,PIM0,pim,9,"Q:0,K:0,V:0,QK:0,Softmax:0,SV:0,O:0,FFN_W1:0,FFN_W2:0",0.007558210013671773,4.4301e-05,pim|decode|0|d9f2c5d5d25b036a5f39277c4750a787,0,sample_step,0.007558210013671773,4.4301e-05,-0.007513909013671773,0.005861308420891391,-0.007513909013671773,0.005861308420891391
facil_prefill-128xdecode_67_ops_trace.csv,decode,0,0,29,PIM1,pim,9,"Q:1,K:1,V:1,QK:1,Softmax:1,SV:1,O:1,FFN_W1:1,FFN_W2:1",0.007558210013671773,4.4301e-05,pim|decode|0|73f0b93ba2927d0614be9f9ec9b9774c,0,sample_step,0.007558210013671773,4.4301e-05,-0.007513909013671773,0.005861308420891391,-0.007513909013671773,0.005861308420891391
facil_prefill-128xdecode_67_ops_trace.csv,decode,0,0,30,GPU0,npu,8,"LN:-1,Add:-1,LN:-1,FFN_W3:0,FFN_W3:1,SwiGLU:0,SwiGLU:1,Add:-1",0.0001712978600718618,0.0002062335968017578,npu|decode|0|ff6dcf33668f3ebc9cf61e7eb43c6a84,0,sample_step,0.0001712978600718618,0.0002062335968017578,3.493573672989602e-05,1.2039473039256883,3.493573672989602e-05,1.2039473039256883
facil_prefill-128xdecode_67_ops_trace.csv,decode,0,0,30,PIM0,pim,9,"Q:0,K:0,V:0,QK:0,Softmax:0,SV:0,O:0,FFN_W1:0,FFN_W2:0",0.007558210013671773,4.4301e-05,pim|decode|0|d9f2c5d5d25b036a5f39277c4750a787,0,sample_step,0.007558210013671773,4.4301e-05,-0.007513909013671773,0.005861308420891391,-0.007513909013671773,0.005861308420891391
facil_prefill-128xdecode_67_ops_trace.csv,decode,0,0,30,PIM1,pim,9,"Q:1,K:1,V:1,QK:1,Softmax:1,SV:1,O:1,FFN_W1:1,FFN_W2:1",0.007558210013671773,4.4301e-05,pim|decode|0|73f0b93ba2927d0614be9f9ec9b9774c,0,sample_step,0.007558210013671773,4.4301e-05,-0.007513909013671773,0.005861308420891391,-0.007513909013671773,0.005861308420891391
facil_prefill-128xdecode_67_ops_trace.csv,decode,0,0,31,GPU0,npu,8,"LN:-1,Add:-1,LN:-1,FFN_W3:0,FFN_W3:1,SwiGLU:0,SwiGLU:1,Add:-1",0.0001712978600718618,0.0002062335968017578,npu|decode|0|ff6dcf33668f3ebc9cf61e7eb43c6a84,0,sample_step,0.0001712978600718618,0.0002062335968017578,3.493573672989602e-05,1.2039473039256883,3.493573672989602e-05,1.2039473039256883
facil_prefill-128xdecode_67_ops_trace.csv,decode,0,0,31,PIM0,pim,9,"Q:0,K:0,V:0,QK:0,Softmax:0,SV:0,O:0,FFN_W1:0,FFN_W2:0",0.007558210013671773,4.4301e-05,pim|decode|0|d9f2c5d5d25b036a5f39277c4750a787,0,sample_step,0.007558210013671773,4.4301e-05,-0.007513909013671773,0.005861308420891391,-0.007513909013671773,0.005861308420891391
facil_prefill-128xdecode_67_ops_trace.csv,decode,0,0,31,PIM1,pim,9,"Q:1,K:1,V:1,QK:1,Softmax:1,SV:1,O:1,FFN_W1:1,FFN_W2:1",0.007558210013671773,4.4301e-05,pim|decode|0|73f0b93ba2927d0614be9f9ec9b9774c,0,sample_step,0.007558210013671773,4.4301e-05,-0.007513909013671773,0.005861308420891391,-0.007513909013671773,0.005861308420891391
facil_prefill-128xdecode_67_ops_trace.csv,decode,1,1,0,GPU0,npu,8,"LN:-1,Add:-1,LN:-1,FFN_W3:0,FFN_W3:1,SwiGLU:0,SwiGLU:1,Add:-1",0.0001712978600718618,0.00020213758945465088,npu|decode|1|ff6dcf33668f3ebc9cf61e7eb43c6a84,1,sample_step,0.0018842764607904796,0.0022235134840011598,3.083972938278909e-05,1.1800356955413887,0.00033923702321068017,1.1800356955413887
facil_prefill-128xdecode_67_ops_trace.csv,decode,1,1,0,PIM0,pim,9,"Q:0,K:0,V:0,QK:0,Softmax:0,SV:0,O:0,FFN_W1:0,FFN_W2:0",5.3241696716388454e-05,4.4301e-05,pim|decode|1|d9f2c5d5d25b036a5f39277c4750a787,1,sample_step,0.000585658663880273,0.00048731100000000004,-8.940696716388452e-06,0.8320734073518661,-9.834766388027295e-05,0.8320734073518662
facil_prefill-128xdecode_67_ops_trace.csv,decode,1,1,0,PIM1,pim,9,"Q:1,K:1,V:1,QK:1,Softmax:1,SV:1,O:1,FFN_W1:1,FFN_W2:1",5.3241696716388454e-05,4.4301e-05,pim|decode|1|73f0b93ba2927d0614be9f9ec9b9774c,1,sample_step,0.000585658663880273,0.00048731100000000004,-8.940696716388452e-06,0.8320734073518661,-9.834766388027295e-05,0.8320734073518662
facil_prefill-128xdecode_67_ops_trace.csv,decode,1,1,1,GPU0,npu,8,"LN:-1,Add:-1,LN:-1,FFN_W3:0,FFN_W3:1,SwiGLU:0,SwiGLU:1,Add:-1",0.0001712978600718618,0.00020213758945465088,npu|decode|1|ff6dcf33668f3ebc9cf61e7eb43c6a84,1,sample_step,0.0018842764607904796,0.0022235134840011598,3.083972938278909e-05,1.1800356955413887,0.00033923702321068017,1.1800356955413887
facil_prefill-128xdecode_67_ops_trace.csv,decode,1,1,1,PIM0,pim,9,"Q:0,K:0,V:0,QK:0,Softmax:0,SV:0,O:0,FFN_W1:0,FFN_W2:0",5.3241696716388454e-05,4.4301e-05,pim|decode|1|d9f2c5d5d25b036a5f39277c4750a787,1,sample_step,0.000585658663880273,0.00048731100000000004,-8.940696716388452e-06,0.8320734073518661,-9.834766388027295e-05,0.8320734073518662
facil_prefill-128xdecode_67_ops_trace.csv,decode,1,1,1,PIM1,pim,9,"Q:1,K:1,V:1,QK:1,Softmax:1,SV:1,O:1,FFN_W1:1,FFN_W2:1",5.3241696716388454e-05,4.4301e-05,pim|decode|1|73f0b93ba2927d0614be9f9ec9b9774c,1,sample_step,0.000585658663880273,0.00048731100000000004,-8.940696716388452e-06,0.8320734073518661,-9.834766388027295e-05,0.8320734073518662
facil_prefill-128xdecode_67_ops_trace.csv,decode,1,1,2,GPU0,npu,8,"LN:-1,Add:-1,LN:-1,FFN_W3:0,FFN_W3:1,SwiGLU:0,SwiGLU:1,Add:-1",0.0001712978600718618,0.00020213758945465088,npu|decode|1|ff6dcf33668f3ebc9cf61e7eb43c6a84,1,sample_step,0.0018842764607904796,0.0022235134840011598,3.083972938278909e-05,1.1800356955413887,0.00033923702321068017,1.1800356955413887
facil_prefill-128xdecode_67_ops_trace.csv,decode,1,1,2,PIM0,pim,9,"Q:0,K:0,V:0,QK:0,Softmax:0,SV:0,O:0,FFN_W1:0,FFN_W2:0",5.3241696716388454e-05,4.4301e-05,pim|decode|1|d9f2c5d5d25b036a5f39277c4750a787,1,sample_step,0.000585658663880273,0.00048731100000000004,-8.940696716388452e-06,0.8320734073518661,-9.834766388027295e-05,0.8320734073518662
facil_prefill-128xdecode_67_ops_trace.csv,decode,1,1,2,PIM1,pim,9,"Q:1,K:1,V:1,QK:1,Softmax:1,SV:1,O:1,FFN_W1:1,FFN_W2:1",5.3241696716388454e-05,4.4301e-05,pim|decode|1|73f0b93ba2927d0614be9f9ec9b9774c,1,sample_step,0.000585658663880273,0.00048731100000000004,-8.940696716388452e-06,0.8320734073518661,-9.834766388027295e-05,0.8320734073518662
facil_prefill-128xdecode_67_ops_trace.csv,decode,1,1,3,GPU0,npu,8,"LN:-1,Add:-1,LN:-1,FFN_W3:0,FFN_W3:1,SwiGLU:0,SwiGLU:1,Add:-1",0.0001712978600718618,0.00020213758945465088,npu|decode|1|ff6dcf33668f3ebc9cf61e7eb43c6a84,1,sample_step,0.0018842764607904796,0.0022235134840011598,3.083972938278909e-05,1.1800356955413887,0.00033923702321068017,1.1800356955413887
facil_prefill-128xdecode_67_ops_trace.csv,decode,1,1,3,PIM0,pim,9,"Q:0,K:0,V:0,QK:0,Softmax:0,SV:0,O:0,FFN_W1:0,FFN_W2:0",5.3241696716388454e-05,4.4301e-05,pim|decode|1|d9f2c5d5d25b036a5f39277c4750a787,1,sample_step,0.000585658663880273,0.00048731100000000004,-8.940696716388452e-06,0.8320734073518661,-9.834766388027295e-05,0.8320734073518662
facil_prefill-128xdecode_67_ops_trace.csv,decode,1,1,3,PIM1,pim,9,"Q:1,K:1,V:1,QK:1,Softmax:1,SV:1,O:1,FFN_W1:1,FFN_W2:1",5.3241696716388454e-05,4.4301e-05,pim|decode|1|73f0b93ba2927d0614be9f9ec9b9774c,1,sample_step,0.000585658663880273,0.00048731100000000004,-8.940696716388452e-06,0.8320734073518661,-9.834766388027295e-05,0.8320734073518662
facil_prefill-128xdecode_67_ops_trace.csv,decode,1,1,4,GPU0,npu,8,"LN:-1,Add:-1,LN:-1,FFN_W3:0,FFN_W3:1,SwiGLU:0,SwiGLU:1,Add:-1",0.0001712978600718618,0.00020213758945465088,npu|decode|1|ff6dcf33668f3ebc9cf61e7eb43c6a84,1,sample_step,0.0018842764607904796,0.0022235134840011598,3.083972938278909e-05,1.1800356955413887,0.00033923702321068017,1.1800356955413887
facil_prefill-128xdecode_67_ops_trace.csv,decode,1,1,4,PIM0,pim,9,"Q:0,K:0,V:0,QK:0,Softmax:0,SV:0,O:0,FFN_W1:0,FFN_W2:0",5.3241696716388454e-05,4.4301e-05,pim|decode|1|d9f2c5d5d25b036a5f39277c4750a787,1,sample_step,0.000585658663880273,0.00048731100000000004,-8.940696716388452e-06,0.8320734073518661,-9.834766388027295e-05,0.8320734073518662
facil_prefill-128xdecode_67_ops_trace.csv,decode,1,1,4,PIM1,pim,9,"Q:1,K:1,V:1,QK:1,Softmax:1,SV:1,O:1,FFN_W1:1,FFN_W2:1",5.3241696716388454e-05,4.4301e-05,pim|decode|1|73f0b93ba2927d0614be9f9ec9b9774c,1,sample_step,0.000585658663880273,0.00048731100000000004,-8.940696716388452e-06,0.8320734073518661,-9.834766388027295e-05,0.8320734073518662
facil_prefill-128xdecode_67_ops_trace.csv,decode,1,1,5,GPU0,npu,8,"LN:-1,Add:-1,LN:-1,FFN_W3:0,FFN_W3:1,SwiGLU:0,SwiGLU:1,Add:-1",0.0001712978600718618,0.00020213758945465088,npu|decode|1|ff6dcf33668f3ebc9cf61e7eb43c6a84,1,sample_step,0.0018842764607904796,0.0022235134840011598,3.083972938278909e-05,1.1800356955413887,0.00033923702321068017,1.1800356955413887
facil_prefill-128xdecode_67_ops_trace.csv,decode,1,1,5,PIM0,pim,9,"Q:0,K:0,V:0,QK:0,Softmax:0,SV:0,O:0,FFN_W1:0,FFN_W2:0",5.3241696716388454e-05,4.4301e-05,pim|decode|1|d9f2c5d5d25b036a5f39277c4750a787,1,sample_step,0.000585658663880273,0.00048731100000000004,-8.940696716388452e-06,0.8320734073518661,-9.834766388027295e-05,0.8320734073518662
facil_prefill-128xdecode_67_ops_trace.csv,decode,1,1,5,PIM1,pim,9,"Q:1,K:1,V:1,QK:1,Softmax:1,SV:1,O:1,FFN_W1:1,FFN_W2:1",5.3241696716388454e-05,4.4301e-05,pim|decode|1|73f0b93ba2927d0614be9f9ec9b9774c,1,sample_step,0.000585658663880273,0.00048731100000000004,-8.940696716388452e-06,0.8320734073518661,-9.834766388027295e-05,0.8320734073518662
facil_prefill-128xdecode_67_ops_trace.csv,decode,1,1,6,GPU0,npu,8,"LN:-1,Add:-1,LN:-1,FFN_W3:0,FFN_W3:1,SwiGLU:0,SwiGLU:1,Add:-1",0.0001712978600718618,0.00020213758945465088,npu|decode|1|ff6dcf33668f3ebc9cf61e7eb43c6a84,1,sample_step,0.0018842764607904796,0.0022235134840011598,3.083972938278909e-05,1.1800356955413887,0.00033923702321068017,1.1800356955413887
facil_prefill-128xdecode_67_ops_trace.csv,decode,1,1,6,PIM0,pim,9,"Q:0,K:0,V:0,QK:0,Softmax:0,SV:0,O:0,FFN_W1:0,FFN_W2:0",5.3241696716388454e-05,4.4301e-05,pim|decode|1|d9f2c5d5d25b036a5f39277c4750a787,1,sample_step,0.000585658663880273,0.00048731100000000004,-8.940696716388452e-06,0.8320734073518661,-9.834766388027295e-05,0.8320734073518662
facil_prefill-128xdecode_67_ops_trace.csv,decode,1,1,6,PIM1,pim,9,"Q:1,K:1,V:1,QK:1,Softmax:1,SV:1,O:1,FFN_W1:1,FFN_W2:1",5.3241696716388454e-05,4.4301e-05,pim|decode|1|73f0b93ba2927d0614be9f9ec9b9774c,1,sample_step,0.000585658663880273,0.00048731100000000004,-8.940696716388452e-06,0.8320734073518661,-9.834766388027295e-05,0.8320734073518662
facil_prefill-128xdecode_67_ops_trace.csv,decode,1,1,7,GPU0,npu,8,"LN:-1,Add:-1,LN:-1,FFN_W3:0,FFN_W3:1,SwiGLU:0,SwiGLU:1,Add:-1",0.0001712978600718618,0.00020213758945465088,npu|decode|1|ff6dcf33668f3ebc9cf61e7eb43c6a84,1,sample_step,0.0018842764607904796,0.0022235134840011598,3.083972938278909e-05,1.1800356955413887,0.00033923702321068017,1.1800356955413887
facil_prefill-128xdecode_67_ops_trace.csv,decode,1,1,7,PIM0,pim,9,"Q:0,K:0,V:0,QK:0,Softmax:0,SV:0,O:0,FFN_W1:0,FFN_W2:0",5.3241696716388454e-05,4.4301e-05,pim|decode|1|d9f2c5d5d25b036a5f39277c4750a787,1,sample_step,0.000585658663880273,0.00048731100000000004,-8.940696716388452e-06,0.8320734073518661,-9.834766388027295e-05,0.8320734073518662
facil_prefill-128xdecode_67_ops_trace.csv,decode,1,1,7,PIM1,pim,9,"Q:1,K:1,V:1,QK:1,Softmax:1,SV:1,O:1,FFN_W1:1,FFN_W2:1",5.3241696716388454e-05,4.4301e-05,pim|decode|1|73f0b93ba2927d0614be9f9ec9b9774c,1,sample_step,0.000585658663880273,0.00048731100000000004,-8.940696716388452e-06,0.8320734073518661,-9.834766388027295e-05,0.8320734073518662
facil_prefill-128xdecode_67_ops_trace.csv,decode,1,1,8,GPU0,npu,8,"LN:-1,Add:-1,LN:-1,FFN_W3:0,FFN_W3:1,SwiGLU:0,SwiGLU:1,Add:-1",0.0001712978600718618,0.00020213758945465088,npu|decode|1|ff6dcf33668f3ebc9cf61e7eb43c6a84,1,sample_step,0.0018842764607904796,0.0022235134840011598,3.083972938278909e-05,1.1800356955413887,0.00033923702321068017,1.1800356955413887
facil_prefill-128xdecode_67_ops_trace.csv,decode,1,1,8,PIM0,pim,9,"Q:0,K:0,V:0,QK:0,Softmax:0,SV:0,O:0,FFN_W1:0,FFN_W2:0",5.3241696716388454e-05,4.4301e-05,pim|decode|1|d9f2c5d5d25b036a5f39277c4750a787,1,sample_step,0.000585658663880273,0.00048731100000000004,-8.940696716388452e-06,0.8320734073518661,-9.834766388027295e-05,0.8320734073518662
facil_prefill-128xdecode_67_ops_trace.csv,decode,1,1,8,PIM1,pim,9,"Q:1,K:1,V:1,QK:1,Softmax:1,SV:1,O:1,FFN_W1:1,FFN_W2:1",5.3241696716388454e-05,4.4301e-05,pim|decode|1|73f0b93ba2927d0614be9f9ec9b9774c,1,sample_step,0.000585658663880273,0.00048731100000000004,-8.940696716388452e-06,0.8320734073518661,-9.834766388027295e-05,0.8320734073518662
facil_prefill-128xdecode_67_ops_trace.csv,decode,1,1,9,GPU0,npu,8,"LN:-1,Add:-1,LN:-1,FFN_W3:0,FFN_W3:1,SwiGLU:0,SwiGLU:1,Add:-1",0.0001712978600718618,0.00020213758945465088,npu|decode|1|ff6dcf33668f3ebc9cf61e7eb43c6a84,1,sample_step,0.0018842764607904796,0.0022235134840011598,3.083972938278909e-05,1.1800356955413887,0.00033923702321068017,1.1800356955413887
facil_prefill-128xdecode_67_ops_trace.csv,decode,1,1,9,PIM0,pim,9,"Q:0,K:0,V:0,QK:0,Softmax:0,SV:0,O:0,FFN_W1:0,FFN_W2:0",5.3241696716388454e-05,4.4301e-05,pim|decode|1|d9f2c5d5d25b036a5f39277c4750a787,1,sample_step,0.000585658663880273,0.00048731100000000004,-8.940696716388452e-06,0.8320734073518661,-9.834766388027295e-05,0.8320734073518662
facil_prefill-128xdecode_67_ops_trace.csv,decode,1,1,9,PIM1,pim,9,"Q:1,K:1,V:1,QK:1,Softmax:1,SV:1,O:1,FFN_W1:1,FFN_W2:1",5.3241696716388454e-05,4.4301e-05,pim|decode|1|73f0b93ba2927d0614be9f9ec9b9774c,1,sample_step,0.000585658663880273,0.00048731100000000004,-8.940696716388452e-06,0.8320734073518661,-9.834766388027295e-05,0.8320734073518662
facil_prefill-128xdecode_67_ops_trace.csv,decode,1,1,10,GPU0,npu,8,"LN:-1,Add:-1,LN:-1,FFN_W3:0,FFN_W3:1,SwiGLU:0,SwiGLU:1,Add:-1",0.0001712978600718618,0.00020213758945465088,npu|decode|1|ff6dcf33668f3ebc9cf61e7eb43c6a84,1,sample_step,0.0018842764607904796,0.0022235134840011598,3.083972938278909e-05,1.1800356955413887,0.00033923702321068017,1.1800356955413887
facil_prefill-128xdecode_67_ops_trace.csv,decode,1,1,10,PIM0,pim,9,"Q:0,K:0,V:0,QK:0,Softmax:0,SV:0,O:0,FFN_W1:0,FFN_W2:0",5.3241696716388454e-05,4.4301e-05,pim|decode|1|d9f2c5d5d25b036a5f39277c4750a787,1,sample_step,0.000585658663880273,0.00048731100000000004,-8.940696716388452e-06,0.8320734073518661,-9.834766388027295e-05,0.8320734073518662
facil_prefill-128xdecode_67_ops_trace.csv,decode,1,1,10,PIM1,pim,9,"Q:1,K:1,V:1,QK:1,Softmax:1,SV:1,O:1,FFN_W1:1,FFN_W2:1",5.3241696716388454e-05,4.4301e-05,pim|decode|1|73f0b93ba2927d0614be9f9ec9b9774c,1,sample_step,0.000585658663880273,0.00048731100000000004,-8.940696716388452e-06,0.8320734073518661,-9.834766388027295e-05,0.8320734073518662
facil_prefill-128xdecode_67_ops_trace.csv,decode,1,1,11,GPU0,npu,8,"LN:-1,Add:-1,LN:-1,FFN_W3:0,FFN_W3:1,SwiGLU:0,SwiGLU:1,Add:-1",0.0001712978600718618,0.00020213758945465088,npu|decode|1|ff6dcf33668f3ebc9cf61e7eb43c6a84,1,sample_step,0.0018842764607904796,0.0022235134840011598,3.083972938278909e-05,1.1800356955413887,0.00033923702321068017,1.1800356955413887
facil_prefill-128xdecode_67_ops_trace.csv,decode,1,1,11,PIM0,pim,9,"Q:0,K:0,V:0,QK:0,Softmax:0,SV:0,O:0,FFN_W1:0,FFN_W2:0",5.3241696716388454e-05,4.4301e-05,pim|decode|1|d9f2c5d5d25b036a5f39277c4750a787,1,sample_step,0.000585658663880273,0.00048731100000000004,-8.940696716388452e-06,0.8320734073518661,-9.834766388027295e-05,0.8320734073518662
facil_prefill-128xdecode_67_ops_trace.csv,decode,1,1,11,PIM1,pim,9,"Q:1,K:1,V:1,QK:1,Softmax:1,SV:1,O:1,FFN_W1:1,FFN_W2:1",5.3241696716388454e-05,4.4301e-05,pim|decode|1|73f0b93ba2927d0614be9f9ec9b9774c,1,sample_step,0.000585658663880273,0.00048731100000000004,-8.940696716388452e-06,0.8320734073518661,-9.834766388027295e-05,0.8320734073518662
facil_prefill-128xdecode_67_ops_trace.csv,decode,1,1,12,GPU0,npu,8,"LN:-1,Add:-1,LN:-1,FFN_W3:0,FFN_W3:1,SwiGLU:0,SwiGLU:1,Add:-1",0.0001712978600718618,0.00020213758945465088,npu|decode|1|ff6dcf33668f3ebc9cf61e7eb43c6a84,1,sample_step,0.0018842764607904796,0.0022235134840011598,3.083972938278909e-05,1.1800356955413887,0.00033923702321068017,1.1800356955413887
facil_prefill-128xdecode_67_ops_trace.csv,decode,1,1,12,PIM0,pim,9,"Q:0,K:0,V:0,QK:0,Softmax:0,SV:0,O:0,FFN_W1:0,FFN_W2:0",5.3241696716388454e-05,4.4301e-05,pim|decode|1|d9f2c5d5d25b036a5f39277c4750a787,1,sample_step,0.000585658663880273,0.00048731100000000004,-8.940696716388452e-06,0.8320734073518661,-9.834766388027295e-05,0.8320734073518662
facil_prefill-128xdecode_67_ops_trace.csv,decode,1,1,12,PIM1,pim,9,"Q:1,K:1,V:1,QK:1,Softmax:1,SV:1,O:1,FFN_W1:1,FFN_W2:1",5.3241696716388454e-05,4.4301e-05,pim|decode|1|73f0b93ba2927d0614be9f9ec9b9774c,1,sample_step,0.000585658663880273,0.00048731100000000004,-8.940696716388452e-06,0.8320734073518661,-9.834766388027295e-05,0.8320734073518662
facil_prefill-128xdecode_67_ops_trace.csv,decode,1,1,13,GPU0,npu,8,"LN:-1,Add:-1,LN:-1,FFN_W3:0,FFN_W3:1,SwiGLU:0,SwiGLU:1,Add:-1",0.0001712978600718618,0.00020213758945465088,npu|decode|1|ff6dcf33668f3ebc9cf61e7eb43c6a84,1,sample_step,0.0018842764607904796,0.0022235134840011598,3.083972938278909e-05,1.1800356955413887,0.00033923702321068017,1.1800356955413887
facil_prefill-128xdecode_67_ops_trace.csv,decode,1,1,13,PIM0,pim,9,"Q:0,K:0,V:0,QK:0,Softmax:0,SV:0,O:0,FFN_W1:0,FFN_W2:0",5.3241696716388454e-05,4.4301e-05,pim|decode|1|d9f2c5d5d25b036a5f39277c4750a787,1,sample_step,0.000585658663880273,0.00048731100000000004,-8.940696716388452e-06,0.8320734073518661,-9.834766388027295e-05,0.8320734073518662
facil_prefill-128xdecode_67_ops_trace.csv,decode,1,1,13,PIM1,pim,9,"Q:1,K:1,V:1,QK:1,Softmax:1,SV:1,O:1,FFN_W1:1,FFN_W2:1",5.3241696716388454e-05,4.4301e-05,pim|decode|1|73f0b93ba2927d0614be9f9ec9b9774c,1,sample_step,0.000585658663880273,0.00048731100000000004,-8.940696716388452e-06,0.8320734073518661,-9.834766388027295e-05,0.8320734073518662
facil_prefill-128xdecode_67_ops_trace.csv,decode,1,1,14,GPU0,npu,8,"LN:-1,Add:-1,LN:-1,FFN_W3:0,FFN_W3:1,SwiGLU:0,SwiGLU:1,Add:-1",0.0001712978600718618,0.00020213758945465088,npu|decode|1|ff6dcf33668f3ebc9cf61e7eb43c6a84,1,sample_step,0.0018842764607904796,0.0022235134840011598,3.083972938278909e-05,1.1800356955413887,0.00033923702321068017,1.1800356955413887
facil_prefill-128xdecode_67_ops_trace.csv,decode,1,1,14,PIM0,pim,9,"Q:0,K:0,V:0,QK:0,Softmax:0,SV:0,O:0,FFN_W1:0,FFN_W2:0",5.3241696716388454e-05,4.4301e-05,pim|decode|1|d9f2c5d5d25b036a5f39277c4750a787,1,sample_step,0.000585658663880273,0.00048731100000000004,-8.940696716388452e-06,0.8320734073518661,-9.834766388027295e-05,0.8320734073518662
facil_prefill-128xdecode_67_ops_trace.csv,decode,1,1,14,PIM1,pim,9,"Q:1,K:1,V:1,QK:1,Softmax:1,SV:1,O:1,FFN_W1:1,FFN_W2:1",5.3241696716388454e-05,4.4301e-05,pim|decode|1|73f0b93ba2927d0614be9f9ec9b9774c,1,sample_step,0.000585658663880273,0.00048731100000000004,-8.940696716388452e-06,0.8320734073518661,-9.834766388027295e-05,0.8320734073518662
facil_prefill-128xdecode_67_ops_trace.csv,decode,1,1,15,GPU0,npu,8,"LN:-1,Add:-1,LN:-1,FFN_W3:0,FFN_W3:1,SwiGLU:0,SwiGLU:1,Add:-1",0.0001712978600718618,0.00020213758945465088,npu|decode|1|ff6dcf33668f3ebc9cf61e7eb43c6a84,1,sample_step,0.0018842764607904796,0.0022235134840011598,3.083972938278909e-05,1.1800356955413887,0.00033923702321068017,1.1800356955413887
facil_prefill-128xdecode_67_ops_trace.csv,decode,1,1,15,PIM0,pim,9,"Q:0,K:0,V:0,QK:0,Softmax:0,SV:0,O:0,FFN_W1:0,FFN_W2:0",5.3241696716388454e-05,4.4301e-05,pim|decode|1|d9f2c5d5d25b036a5f39277c4750a787,1,sample_step,0.000585658663880273,0.00048731100000000004,-8.940696716388452e-06,0.8320734073518661,-9.834766388027295e-05,0.8320734073518662
facil_prefill-128xdecode_67_ops_trace.csv,decode,1,1,15,PIM1,pim,9,"Q:1,K:1,V:1,QK:1,Softmax:1,SV:1,O:1,FFN_W1:1,FFN_W2:1",5.3241696716388454e-05,4.4301e-05,pim|decode|1|73f0b93ba2927d0614be9f9ec9b9774c,1,sample_step,0.000585658663880273,0.00048731100000000004,-8.940696716388452e-06,0.8320734073518661,-9.834766388027295e-05,0.8320734073518662
facil_prefill-128xdecode_67_ops_trace.csv,decode,1,1,16,GPU0,npu,8,"LN:-1,Add:-1,LN:-1,FFN_W3:0,FFN_W3:1,SwiGLU:0,SwiGLU:1,Add:-1",0.0001712978600718618,0.00020213758945465088,npu|decode|1|ff6dcf33668f3ebc9cf61e7eb43c6a84,1,sample_step,0.0018842764607904796,0.0022235134840011598,3.083972938278909e-05,1.1800356955413887,0.00033923702321068017,1.1800356955413887
facil_prefill-128xdecode_67_ops_trace.csv,decode,1,1,16,PIM0,pim,9,"Q:0,K:0,V:0,QK:0,Softmax:0,SV:0,O:0,FFN_W1:0,FFN_W2:0",5.3241696716388454e-05,4.4301e-05,pim|decode|1|d9f2c5d5d25b036a5f39277c4750a787,1,sample_step,0.000585658663880273,0.00048731100000000004,-8.940696716388452e-06,0.8320734073518661,-9.834766388027295e-05,0.8320734073518662
facil_prefill-128xdecode_67_ops_trace.csv,decode,1,1,16,PIM1,pim,9,"Q:1,K:1,V:1,QK:1,Softmax:1,SV:1,O:1,FFN_W1:1,FFN_W2:1",5.3241696716388454e-05,4.4301e-05,pim|decode|1|73f0b93ba2927d0614be9f9ec9b9774c,1,sample_step,0.000585658663880273,0.00048731100000000004,-8.940696716388452e-06,0.8320734073518661,-9.834766388027295e-05,0.8320734073518662
facil_prefill-128xdecode_67_ops_trace.csv,decode,1,1,17,GPU0,npu,8,"LN:-1,Add:-1,LN:-1,FFN_W3:0,FFN_W3:1,SwiGLU:0,SwiGLU:1,Add:-1",0.0001712978600718618,0.00020213758945465088,npu|decode|1|ff6dcf33668f3ebc9cf61e7eb43c6a84,1,sample_step,0.0018842764607904796,0.0022235134840011598,3.083972938278909e-05,1.1800356955413887,0.00033923702321068017,1.1800356955413887
facil_prefill-128xdecode_67_ops_trace.csv,decode,1,1,17,PIM0,pim,9,"Q:0,K:0,V:0,QK:0,Softmax:0,SV:0,O:0,FFN_W1:0,FFN_W2:0",5.3241696716388454e-05,4.4301e-05,pim|decode|1|d9f2c5d5d25b036a5f39277c4750a787,1,sample_step,0.000585658663880273,0.00048731100000000004,-8.940696716388452e-06,0.8320734073518661,-9.834766388027295e-05,0.8320734073518662
facil_prefill-128xdecode_67_ops_trace.csv,decode,1,1,17,PIM1,pim,9,"Q:1,K:1,V:1,QK:1,Softmax:1,SV:1,O:1,FFN_W1:1,FFN_W2:1",5.3241696716388454e-05,4.4301e-05,pim|decode|1|73f0b93ba2927d0614be9f9ec9b9774c,1,sample_step,0.000585658663880273,0.00048731100000000004,-8.940696716388452e-06,0.8320734073518661,-9.834766388027295e-05,0.8320734073518662
facil_prefill-128xdecode_67_ops_trace.csv,decode,1,1,18,GPU0,npu,8,"LN:-1,Add:-1,LN:-1,FFN_W3:0,FFN_W3:1,SwiGLU:0,SwiGLU:1,Add:-1",0.0001712978600718618,0.00020213758945465088,npu|decode|1|ff6dcf33668f3ebc9cf61e7eb43c6a84,1,sample_step,0.0018842764607904796,0.0022235134840011598,3.083972938278909e-05,1.1800356955413887,0.00033923702321068017,1.1800356955413887
facil_prefill-128xdecode_67_ops_trace.csv,decode,1,1,18,PIM0,pim,9,"Q:0,K:0,V:0,QK:0,Softmax:0,SV:0,O:0,FFN_W1:0,FFN_W2:0",5.3241696716388454e-05,4.4301e-05,pim|decode|1|d9f2c5d5d25b036a5f39277c4750a787,1,sample_step,0.000585658663880273,0.00048731100000000004,-8.940696716388452e-06,0.8320734073518661,-9.834766388027295e-05,0.8320734073518662
facil_prefill-128xdecode_67_ops_trace.csv,decode,1,1,18,PIM1,pim,9,"Q:1,K:1,V:1,QK:1,Softmax:1,SV:1,O:1,FFN_W1:1,FFN_W2:1",5.3241696716388454e-05,4.4301e-05,pim|decode|1|73f0b93ba2927d0614be9f9ec9b9774c,1,sample_step,0.000585658663880273,0.00048731100000000004,-8.940696716388452e-06,0.8320734073518661,-9.834766388027295e-05,0.8320734073518662
facil_prefill-128xdecode_67_ops_trace.csv,decode,1,1,19,GPU0,npu,8,"LN:-1,Add:-1,LN:-1,FFN_W3:0,FFN_W3:1,SwiGLU:0,SwiGLU:1,Add:-1",0.0001712978600718618,0.00020213758945465088,npu|decode|1|ff6dcf33668f3ebc9cf61e7eb43c6a84,1,sample_step,0.0018842764607904796,0.0022235134840011598,3.083972938278909e-05,1.1800356955413887,0.00033923702321068017,1.1800356955413887
facil_prefill-128xdecode_67_ops_trace.csv,decode,1,1,19,PIM0,pim,9,"Q:0,K:0,V:0,QK:0,Softmax:0,SV:0,O:0,FFN_W1:0,FFN_W2:0",5.3241696716388454e-05,4.4301e-05,pim|decode|1|d9f2c5d5d25b036a5f39277c4750a787,1,sample_step,0.000585658663880273,0.00048731100000000004,-8.940696716388452e-06,0.8320734073518661,-9.834766388027295e-05,0.8320734073518662
facil_prefill-128xdecode_67_ops_trace.csv,decode,1,1,19,PIM1,pim,9,"Q:1,K:1,V:1,QK:1,Softmax:1,SV:1,O:1,FFN_W1:1,FFN_W2:1",5.3241696716388454e-05,4.4301e-05,pim|decode|1|73f0b93ba2927d0614be9f9ec9b9774c,1,sample_step,0.000585658663880273,0.00048731100000000004,-8.940696716388452e-06,0.8320734073518661,-9.834766388027295e-05,0.8320734073518662
facil_prefill-128xdecode_67_ops_trace.csv,decode,1,1,20,GPU0,npu,8,"LN:-1,Add:-1,LN:-1,FFN_W3:0,FFN_W3:1,SwiGLU:0,SwiGLU:1,Add:-1",0.0001712978600718618,0.00020213758945465088,npu|decode|1|ff6dcf33668f3ebc9cf61e7eb43c6a84,1,sample_step,0.0018842764607904796,0.0022235134840011598,3.083972938278909e-05,1.1800356955413887,0.00033923702321068017,1.1800356955413887
facil_prefill-128xdecode_67_ops_trace.csv,decode,1,1,20,PIM0,pim,9,"Q:0,K:0,V:0,QK:0,Softmax:0,SV:0,O:0,FFN_W1:0,FFN_W2:0",5.3241696716388454e-05,4.4301e-05,pim|decode|1|d9f2c5d5d25b036a5f39277c4750a787,1,sample_step,0.000585658663880273,0.00048731100000000004,-8.940696716388452e-06,0.8320734073518661,-9.834766388027295e-05,0.8320734073518662
facil_prefill-128xdecode_67_ops_trace.csv,decode,1,1,20,PIM1,pim,9,"Q:1,K:1,V:1,QK:1,Softmax:1,SV:1,O:1,FFN_W1:1,FFN_W2:1",5.3241696716388454e-05,4.4301e-05,pim|decode|1|73f0b93ba2927d0614be9f9ec9b9774c,1,sample_step,0.000585658663880273,0.00048731100000000004,-8.940696716388452e-06,0.8320734073518661,-9.834766388027295e-05,0.8320734073518662
facil_prefill-128xdecode_67_ops_trace.csv,decode,1,1,21,GPU0,npu,8,"LN:-1,Add:-1,LN:-1,FFN_W3:0,FFN_W3:1,SwiGLU:0,SwiGLU:1,Add:-1",0.0001712978600718618,0.00020213758945465088,npu|decode|1|ff6dcf33668f3ebc9cf61e7eb43c6a84,1,sample_step,0.0018842764607904796,0.0022235134840011598,3.083972938278909e-05,1.1800356955413887,0.00033923702321068017,1.1800356955413887
facil_prefill-128xdecode_67_ops_trace.csv,decode,1,1,21,PIM0,pim,9,"Q:0,K:0,V:0,QK:0,Softmax:0,SV:0,O:0,FFN_W1:0,FFN_W2:0",5.3241696716388454e-05,4.4301e-05,pim|decode|1|d9f2c5d5d25b036a5f39277c4750a787,1,sample_step,0.000585658663880273,0.00048731100000000004,-8.940696716388452e-06,0.8320734073518661,-9.834766388027295e-05,0.8320734073518662
facil_prefill-128xdecode_67_ops_trace.csv,decode,1,1,21,PIM1,pim,9,"Q:1,K:1,V:1,QK:1,Softmax:1,SV:1,O:1,FFN_W1:1,FFN_W2:1",5.3241696716388454e-05,4.4301e-05,pim|decode|1|73f0b93ba2927d0614be9f9ec9b9774c,1,sample_step,0.000585658663880273,0.00048731100000000004,-8.940696716388452e-06,0.8320734073518661,-9.834766388027295e-05,0.8320734073518662
facil_prefill-128xdecode_67_ops_trace.csv,decode,1,1,22,GPU0,npu,8,"LN:-1,Add:-1,LN:-1,FFN_W3:0,FFN_W3:1,SwiGLU:0,SwiGLU:1,Add:-1",0.0001712978600718618,0.00020213758945465088,npu|decode|1|ff6dcf33668f3ebc9cf61e7eb43c6a84,1,sample_step,0.0018842764607904796,0.0022235134840011598,3.083972938278909e-05,1.1800356955413887,0.00033923702321068017,1.1800356955413887
facil_prefill-128xdecode_67_ops_trace.csv,decode,1,1,22,PIM0,pim,9,"Q:0,K:0,V:0,QK:0,Softmax:0,SV:0,O:0,FFN_W1:0,FFN_W2:0",5.3241696716388454e-05,4.4301e-05,pim|decode|1|d9f2c5d5d25b036a5f39277c4750a787,1,sample_step,0.000585658663880273,0.00048731100000000004,-8.940696716388452e-06,0.8320734073518661,-9.834766388027295e-05,0.8320734073518662
facil_prefill-128xdecode_67_ops_trace.csv,decode,1,1,22,PIM1,pim,9,"Q:1,K:1,V:1,QK:1,Softmax:1,SV:1,O:1,FFN_W1:1,FFN_W2:1",5.3241696716388454e-05,4.4301e-05,pim|decode|1|73f0b93ba2927d0614be9f9ec9b9774c,1,sample_step,0.000585658663880273,0.00048731100000000004,-8.940696716388452e-06,0.8320734073518661,-9.834766388027295e-05,0.8320734073518662
facil_prefill-128xdecode_67_ops_trace.csv,decode,1,1,23,GPU0,npu,8,"LN:-1,Add:-1,LN:-1,FFN_W3:0,FFN_W3:1,SwiGLU:0,SwiGLU:1,Add:-1",0.0001712978600718618,0.00020213758945465088,npu|decode|1|ff6dcf33668f3ebc9cf61e7eb43c6a84,1,sample_step,0.0018842764607904796,0.0022235134840011598,3.083972938278909e-05,1.1800356955413887,0.00033923702321068017,1.1800356955413887
facil_prefill-128xdecode_67_ops_trace.csv,decode,1,1,23,PIM0,pim,9,"Q:0,K:0,V:0,QK:0,Softmax:0,SV:0,O:0,FFN_W1:0,FFN_W2:0",5.3241696716388454e-05,4.4301e-05,pim|decode|1|d9f2c5d5d25b036a5f39277c4750a787,1,sample_step,0.000585658663880273,0.00048731100000000004,-8.940696716388452e-06,0.8320734073518661,-9.834766388027295e-05,0.8320734073518662
facil_prefill-128xdecode_67_ops_trace.csv,decode,1,1,23,PIM1,pim,9,"Q:1,K:1,V:1,QK:1,Softmax:1,SV:1,O:1,FFN_W1:1,FFN_W2:1",5.3241696716388454e-05,4.4301e-05,pim|decode|1|73f0b93ba2927d0614be9f9ec9b9774c,1,sample_step,0.000585658663880273,0.00048731100000000004,-8.940696716388452e-06,0.8320734073518661,-9.834766388027295e-05,0.8320734073518662
facil_prefill-128xdecode_67_ops_trace.csv,decode,1,1,24,GPU0,npu,8,"LN:-1,Add:-1,LN:-1,FFN_W3:0,FFN_W3:1,SwiGLU:0,SwiGLU:1,Add:-1",0.0001712978600718618,0.00020213758945465088,npu|decode|1|ff6dcf33668f3ebc9cf61e7eb43c6a84,1,sample_step,0.0018842764607904796,0.0022235134840011598,3.083972938278909e-05,1.1800356955413887,0.00033923702321068017,1.1800356955413887
facil_prefill-128xdecode_67_ops_trace.csv,decode,1,1,24,PIM0,pim,9,"Q:0,K:0,V:0,QK:0,Softmax:0,SV:0,O:0,FFN_W1:0,FFN_W2:0",5.3241696716388454e-05,4.4301e-05,pim|decode|1|d9f2c5d5d25b036a5f39277c4750a787,1,sample_step,0.000585658663880273,0.00048731100000000004,-8.940696716388452e-06,0.8320734073518661,-9.834766388027295e-05,0.8320734073518662
facil_prefill-128xdecode_67_ops_trace.csv,decode,1,1,24,PIM1,pim,9,"Q:1,K:1,V:1,QK:1,Softmax:1,SV:1,O:1,FFN_W1:1,FFN_W2:1",5.3241696716388454e-05,4.4301e-05,pim|decode|1|73f0b93ba2927d0614be9f9ec9b9774c,1,sample_step,0.000585658663880273,0.00048731100000000004,-8.940696716388452e-06,0.8320734073518661,-9.834766388027295e-05,0.8320734073518662
facil_prefill-128xdecode_67_ops_trace.csv,decode,1,1,25,GPU0,npu,8,"LN:-1,Add:-1,LN:-1,FFN_W3:0,FFN_W3:1,SwiGLU:0,SwiGLU:1,Add:-1",0.0001712978600718618,0.00020213758945465088,npu|decode|1|ff6dcf33668f3ebc9cf61e7eb43c6a84,1,sample_step,0.0018842764607904796,0.0022235134840011598,3.083972938278909e-05,1.1800356955413887,0.00033923702321068017,1.1800356955413887
facil_prefill-128xdecode_67_ops_trace.csv,decode,1,1,25,PIM0,pim,9,"Q:0,K:0,V:0,QK:0,Softmax:0,SV:0,O:0,FFN_W1:0,FFN_W2:0",5.3241696716388454e-05,4.4301e-05,pim|decode|1|d9f2c5d5d25b036a5f39277c4750a787,1,sample_step,0.000585658663880273,0.00048731100000000004,-8.940696716388452e-06,0.8320734073518661,-9.834766388027295e-05,0.8320734073518662
facil_prefill-128xdecode_67_ops_trace.csv,decode,1,1,25,PIM1,pim,9,"Q:1,K:1,V:1,QK:1,Softmax:1,SV:1,O:1,FFN_W1:1,FFN_W2:1",5.3241696716388454e-05,4.4301e-05,pim|decode|1|73f0b93ba2927d0614be9f9ec9b9774c,1,sample_step,0.000585658663880273,0.00048731100000000004,-8.940696716388452e-06,0.8320734073518661,-9.834766388027295e-05,0.8320734073518662
facil_prefill-128xdecode_67_ops_trace.csv,decode,1,1,26,GPU0,npu,8,"LN:-1,Add:-1,LN:-1,FFN_W3:0,FFN_W3:1,SwiGLU:0,SwiGLU:1,Add:-1",0.0001712978600718618,0.00020213758945465088,npu|decode|1|ff6dcf33668f3ebc9cf61e7eb43c6a84,1,sample_step,0.0018842764607904796,0.0022235134840011598,3.083972938278909e-05,1.1800356955413887,0.00033923702321068017,1.1800356955413887
facil_prefill-128xdecode_67_ops_trace.csv,decode,1,1,26,PIM0,pim,9,"Q:0,K:0,V:0,QK:0,Softmax:0,SV:0,O:0,FFN_W1:0,FFN_W2:0",5.3241696716388454e-05,4.4301e-05,pim|decode|1|d9f2c5d5d25b036a5f39277c4750a787,1,sample_step,0.000585658663880273,0.00048731100000000004,-8.940696716388452e-06,0.8320734073518661,-9.834766388027295e-05,0.8320734073518662
facil_prefill-128xdecode_67_ops_trace.csv,decode,1,1,26,PIM1,pim,9,"Q:1,K:1,V:1,QK:1,Softmax:1,SV:1,O:1,FFN_W1:1,FFN_W2:1",5.3241696716388454e-05,4.4301e-05,pim|decode|1|73f0b93ba2927d0614be9f9ec9b9774c,1,sample_step,0.000585658663880273,0.00048731100000000004,-8.940696716388452e-06,0.8320734073518661,-9.834766388027295e-05,0.8320734073518662
facil_prefill-128xdecode_67_ops_trace.csv,decode,1,1,27,GPU0,npu,8,"LN:-1,Add:-1,LN:-1,FFN_W3:0,FFN_W3:1,SwiGLU:0,SwiGLU:1,Add:-1",0.0001712978600718618,0.00020213758945465088,npu|decode|1|ff6dcf33668f3ebc9cf61e7eb43c6a84,1,sample_step,0.0018842764607904796,0.0022235134840011598,3.083972938278909e-05,1.1800356955413887,0.00033923702321068017,1.1800356955413887
facil_prefill-128xdecode_67_ops_trace.csv,decode,1,1,27,PIM0,pim,9,"Q:0,K:0,V:0,QK:0,Softmax:0,SV:0,O:0,FFN_W1:0,FFN_W2:0",5.3241696716388454e-05,4.4301e-05,pim|decode|1|d9f2c5d5d25b036a5f39277c4750a787,1,sample_step,0.000585658663880273,0.00048731100000000004,-8.940696716388452e-06,0.8320734073518661,-9.834766388027295e-05,0.8320734073518662
facil_prefill-128xdecode_67_ops_trace.csv,decode,1,1,27,PIM1,pim,9,"Q:1,K:1,V:1,QK:1,Softmax:1,SV:1,O:1,FFN_W1:1,FFN_W2:1",5.3241696716388454e-05,4.4301e-05,pim|decode|1|73f0b93ba2927d0614be9f9ec9b9774c,1,sample_step,0.000585658663880273,0.00048731100000000004,-8.940696716388452e-06,0.8320734073518661,-9.834766388027295e-05,0.8320734073518662
facil_prefill-128xdecode_67_ops_trace.csv,decode,1,1,28,GPU0,npu,8,"LN:-1,Add:-1,LN:-1,FFN_W3:0,FFN_W3:1,SwiGLU:0,SwiGLU:1,Add:-1",0.0001712978600718618,0.00020213758945465088,npu|decode|1|ff6dcf33668f3ebc9cf61e7eb43c6a84,1,sample_step,0.0018842764607904796,0.0022235134840011598,3.083972938278909e-05,1.1800356955413887,0.00033923702321068017,1.1800356955413887
facil_prefill-128xdecode_67_ops_trace.csv,decode,1,1,28,PIM0,pim,9,"Q:0,K:0,V:0,QK:0,Softmax:0,SV:0,O:0,FFN_W1:0,FFN_W2:0",5.3241696716388454e-05,4.4301e-05,pim|decode|1|d9f2c5d5d25b036a5f39277c4750a787,1,sample_step,0.000585658663880273,0.00048731100000000004,-8.940696716388452e-06,0.8320734073518661,-9.834766388027295e-05,0.8320734073518662
facil_prefill-128xdecode_67_ops_trace.csv,decode,1,1,28,PIM1,pim,9,"Q:1,K:1,V:1,QK:1,Softmax:1,SV:1,O:1,FFN_W1:1,FFN_W2:1",5.3241696716388454e-05,4.4301e-05,pim|decode|1|73f0b93ba2927d0614be9f9ec9b9774c,1,sample_step,0.000585658663880273,0.00048731100000000004,-8.940696716388452e-06,0.8320734073518661,-9.834766388027295e-05,0.8320734073518662
facil_prefill-128xdecode_67_ops_trace.csv,decode,1,1,29,GPU0,npu,8,"LN:-1,Add:-1,LN:-1,FFN_W3:0,FFN_W3:1,SwiGLU:0,SwiGLU:1,Add:-1",0.0001712978600718618,0.00020213758945465088,npu|decode|1|ff6dcf33668f3ebc9cf61e7eb43c6a84,1,sample_step,0.0018842764607904796,0.0022235134840011598,3.083972938278909e-05,1.1800356955413887,0.00033923702321068017,1.1800356955413887
facil_prefill-128xdecode_67_ops_trace.csv,decode,1,1,29,PIM0,pim,9,"Q:0,K:0,V:0,QK:0,Softmax:0,SV:0,O:0,FFN_W1:0,FFN_W2:0",5.3241696716388454e-05,4.4301e-05,pim|decode|1|d9f2c5d5d25b036a5f39277c4750a787,1,sample_step,0.000585658663880273,0.00048731100000000004,-8.940696716388452e-06,0.8320734073518661,-9.834766388027295e-05,0.8320734073518662
facil_prefill-128xdecode_67_ops_trace.csv,decode,1,1,29,PIM1,pim,9,"Q:1,K:1,V:1,QK:1,Softmax:1,SV:1,O:1,FFN_W1:1,FFN_W2:1",5.3241696716388454e-05,4.4301e-05,pim|decode|1|73f0b93ba2927d0614be9f9ec9b9774c,1,sample_step,0.000585658663880273,0.00048731100000000004,-8.940696716388452e-06,0.8320734073518661,-9.834766388027295e-05,0.8320734073518662
facil_prefill-128xdecode_67_ops_trace.csv,decode,1,1,30,GPU0,npu,8,"LN:-1,Add:-1,LN:-1,FFN_W3:0,FFN_W3:1,SwiGLU:0,SwiGLU:1,Add:-1",0.0001712978600718618,0.00020213758945465088,npu|decode|1|ff6dcf33668f3ebc9cf61e7eb43c6a84,1,sample_step,0.0018842764607904796,0.0022235134840011598,3.083972938278909e-05,1.1800356955413887,0.00033923702321068017,1.1800356955413887
facil_prefill-128xdecode_67_ops_trace.csv,decode,1,1,30,PIM0,pim,9,"Q:0,K:0,V:0,QK:0,Softmax:0,SV:0,O:0,FFN_W1:0,FFN_W2:0",5.3241696716388454e-05,4.4301e-05,pim|decode|1|d9f2c5d5d25b036a5f39277c4750a787,1,sample_step,0.000585658663880273,0.00048731100000000004,-8.940696716388452e-06,0.8320734073518661,-9.834766388027295e-05,0.8320734073518662
facil_prefill-128xdecode_67_ops_trace.csv,decode,1,1,30,PIM1,pim,9,"Q:1,K:1,V:1,QK:1,Softmax:1,SV:1,O:1,FFN_W1:1,FFN_W2:1",5.3241696716388454e-05,4.4301e-05,pim|decode|1|73f0b93ba2927d0614be9f9ec9b9774c,1,sample_step,0.000585658663880273,0.00048731100000000004,-8.940696716388452e-06,0.8320734073518661,-9.834766388027295e-05,0.8320734073518662
facil_prefill-128xdecode_67_ops_trace.csv,decode,1,1,31,GPU0,npu,8,"LN:-1,Add:-1,LN:-1,FFN_W3:0,FFN_W3:1,SwiGLU:0,SwiGLU:1,Add:-1",0.0001712978600718618,0.00020213758945465088,npu|decode|1|ff6dcf33668f3ebc9cf61e7eb43c6a84,1,sample_step,0.0018842764607904796,0.0022235134840011598,3.083972938278909e-05,1.1800356955413887,0.00033923702321068017,1.1800356955413887
facil_prefill-128xdecode_67_ops_trace.csv,decode,1,1,31,PIM0,pim,9,"Q:0,K:0,V:0,QK:0,Softmax:0,SV:0,O:0,FFN_W1:0,FFN_W2:0",5.3241696716388454e-05,4.4301e-05,pim|decode|1|d9f2c5d5d25b036a5f39277c4750a787,1,sample_step,0.000585658663880273,0.00048731100000000004,-8.940696716388452e-06,0.8320734073518661,-9.834766388027295e-05,0.8320734073518662
facil_prefill-128xdecode_67_ops_trace.csv,decode,1,1,31,PIM1,pim,9,"Q:1,K:1,V:1,QK:1,Softmax:1,SV:1,O:1,FFN_W1:1,FFN_W2:1",5.3241696716388454e-05,4.4301e-05,pim|decode|1|73f0b93ba2927d0614be9f9ec9b9774c,1,sample_step,0.000585658663880273,0.00048731100000000004,-8.940696716388452e-06,0.8320734073518661,-9.834766388027295e-05,0.8320734073518662
facil_prefill-128xdecode_67_ops_trace.csv,decode,2,11,0,GPU0,npu,8,"LN:-1,Add:-1,LN:-1,FFN_W3:0,FFN_W3:1,SwiGLU:0,SwiGLU:1,Add:-1",0.0001712978600718618,0.0002001919984817505,npu|decode|2|ff6dcf33668f3ebc9cf61e7eb43c6a84,2,sample_step,0.0020555743208623416,0.002402303981781006,2.8894138409888705e-05,1.1686777546302518,0.00034672966091866446,1.1686777546302518
facil_prefill-128xdecode_67_ops_trace.csv,decode,2,11,0,PIM0,pim,9,"Q:0,K:0,V:0,QK:0,Softmax:0,SV:0,O:0,FFN_W1:0,FFN_W2:0",5.3241696716388454e-05,4.4301e-05,pim|decode|2|d9f2c5d5d25b036a5f39277c4750a787,2,sample_step,0.0006389003605966614,0.000531612,-8.940696716388452e-06,0.8320734073518661,-0.00010728836059666145,0.8320734073518661
facil_prefill-128xdecode_67_ops_trace.csv,decode,2,11,0,PIM1,pim,9,"Q:1,K:1,V:1,QK:1,Softmax:1,SV:1,O:1,FFN_W1:1,FFN_W2:1",5.3241696716388454e-05,4.4301e-05,pim|decode|2|73f0b93ba2927d0614be9f9ec9b9774c,2,sample_step,0.0006389003605966614,0.000531612,-8.940696716388452e-06,0.8320734073518661,-0.00010728836059666145,0.8320734073518661
facil_prefill-128xdecode_67_ops_trace.csv,decode,2,11,1,GPU0,npu,8,"LN:-1,Add:-1,LN:-1,FFN_W3:0,FFN_W3:1,SwiGLU:0,SwiGLU:1,Add:-1",0.0001712978600718618,0.0002001919984817505,npu|decode|2|ff6dcf33668f3ebc9cf61e7eb43c6a84,2,sample_step,0.0020555743208623416,0.002402303981781006,2.8894138409888705e-05,1.1686777546302518,0.00034672966091866446,1.1686777546302518
facil_prefill-128xdecode_67_ops_trace.csv,decode,2,11,1,PIM0,pim,9,"Q:0,K:0,V:0,QK:0,Softmax:0,SV:0,O:0,FFN_W1:0,FFN_W2:0",5.3241696716388454e-05,4.4301e-05,pim|decode|2|d9f2c5d5d25b036a5f39277c4750a787,2,sample_step,0.0006389003605966614,0.000531612,-8.940696716388452e-06,0.8320734073518661,-0.00010728836059666145,0.8320734073518661
facil_prefill-128xdecode_67_ops_trace.csv,decode,2,11,1,PIM1,pim,9,"Q:1,K:1,V:1,QK:1,Softmax:1,SV:1,O:1,FFN_W1:1,FFN_W2:1",5.3241696716388454e-05,4.4301e-05,pim|decode|2|73f0b93ba2927d0614be9f9ec9b9774c,2,sample_step,0.0006389003605966614,0.000531612,-8.940696716388452e-06,0.8320734073518661,-0.00010728836059666145,0.8320734073518661
facil_prefill-128xdecode_67_ops_trace.csv,decode,2,11,2,GPU0,npu,8,"LN:-1,Add:-1,LN:-1,FFN_W3:0,FFN_W3:1,SwiGLU:0,SwiGLU:1,Add:-1",0.0001712978600718618,0.0002001919984817505,npu|decode|2|ff6dcf33668f3ebc9cf61e7eb43c6a84,2,sample_step,0.0020555743208623416,0.002402303981781006,2.8894138409888705e-05,1.1686777546302518,0.00034672966091866446,1.1686777546302518
facil_prefill-128xdecode_67_ops_trace.csv,decode,2,11,2,PIM0,pim,9,"Q:0,K:0,V:0,QK:0,Softmax:0,SV:0,O:0,FFN_W1:0,FFN_W2:0",5.3241696716388454e-05,4.4301e-05,pim|decode|2|d9f2c5d5d25b036a5f39277c4750a787,2,sample_step,0.0006389003605966614,0.000531612,-8.940696716388452e-06,0.8320734073518661,-0.00010728836059666145,0.8320734073518661
facil_prefill-128xdecode_67_ops_trace.csv,decode,2,11,2,PIM1,pim,9,"Q:1,K:1,V:1,QK:1,Softmax:1,SV:1,O:1,FFN_W1:1,FFN_W2:1",5.3241696716388454e-05,4.4301e-05,pim|decode|2|73f0b93ba2927d0614be9f9ec9b9774c,2,sample_step,0.0006389003605966614,0.000531612,-8.940696716388452e-06,0.8320734073518661,-0.00010728836059666145,0.8320734073518661
facil_prefill-128xdecode_67_ops_trace.csv,decode,2,11,3,GPU0,npu,8,"LN:-1,Add:-1,LN:-1,FFN_W3:0,FFN_W3:1,SwiGLU:0,SwiGLU:1,Add:-1",0.0001712978600718618,0.0002001919984817505,npu|decode|2|ff6dcf33668f3ebc9cf61e7eb43c6a84,2,sample_step,0.0020555743208623416,0.002402303981781006,2.8894138409888705e-05,1.1686777546302518,0.00034672966091866446,1.1686777546302518
facil_prefill-128xdecode_67_ops_trace.csv,decode,2,11,3,PIM0,pim,9,"Q:0,K:0,V:0,QK:0,Softmax:0,SV:0,O:0,FFN_W1:0,FFN_W2:0",5.3241696716388454e-05,4.4301e-05,pim|decode|2|d9f2c5d5d25b036a5f39277c4750a787,2,sample_step,0.0006389003605966614,0.000531612,-8.940696716388452e-06,0.8320734073518661,-0.00010728836059666145,0.8320734073518661
facil_prefill-128xdecode_67_ops_trace.csv,decode,2,11,3,PIM1,pim,9,"Q:1,K:1,V:1,QK:1,Softmax:1,SV:1,O:1,FFN_W1:1,FFN_W2:1",5.3241696716388454e-05,4.4301e-05,pim|decode|2|73f0b93ba2927d0614be9f9ec9b9774c,2,sample_step,0.0006389003605966614,0.000531612,-8.940696716388452e-06,0.8320734073518661,-0.00010728836059666145,0.8320734073518661
facil_prefill-128xdecode_67_ops_trace.csv,decode,2,11,4,GPU0,npu,8,"LN:-1,Add:-1,LN:-1,FFN_W3:0,FFN_W3:1,SwiGLU:0,SwiGLU:1,Add:-1",0.0001712978600718618,0.0002001919984817505,npu|decode|2|ff6dcf33668f3ebc9cf61e7eb43c6a84,2,sample_step,0.0020555743208623416,0.002402303981781006,2.8894138409888705e-05,1.1686777546302518,0.00034672966091866446,1.1686777546302518
facil_prefill-128xdecode_67_ops_trace.csv,decode,2,11,4,PIM0,pim,9,"Q:0,K:0,V:0,QK:0,Softmax:0,SV:0,O:0,FFN_W1:0,FFN_W2:0",5.3241696716388454e-05,4.4301e-05,pim|decode|2|d9f2c5d5d25b036a5f39277c4750a787,2,sample_step,0.0006389003605966614,0.000531612,-8.940696716388452e-06,0.8320734073518661,-0.00010728836059666145,0.8320734073518661
facil_prefill-128xdecode_67_ops_trace.csv,decode,2,11,4,PIM1,pim,9,"Q:1,K:1,V:1,QK:1,Softmax:1,SV:1,O:1,FFN_W1:1,FFN_W2:1",5.3241696716388454e-05,4.4301e-05,pim|decode|2|73f0b93ba2927d0614be9f9ec9b9774c,2,sample_step,0.0006389003605966614,0.000531612,-8.940696716388452e-06,0.8320734073518661,-0.00010728836059666145,0.8320734073518661
facil_prefill-128xdecode_67_ops_trace.csv,decode,2,11,5,GPU0,npu,8,"LN:-1,Add:-1,LN:-1,FFN_W3:0,FFN_W3:1,SwiGLU:0,SwiGLU:1,Add:-1",0.0001712978600718618,0.0002001919984817505,npu|decode|2|ff6dcf33668f3ebc9cf61e7eb43c6a84,2,sample_step,0.0020555743208623416,0.002402303981781006,2.8894138409888705e-05,1.1686777546302518,0.00034672966091866446,1.1686777546302518
facil_prefill-128xdecode_67_ops_trace.csv,decode,2,11,5,PIM0,pim,9,"Q:0,K:0,V:0,QK:0,Softmax:0,SV:0,O:0,FFN_W1:0,FFN_W2:0",5.3241696716388454e-05,4.4301e-05,pim|decode|2|d9f2c5d5d25b036a5f39277c4750a787,2,sample_step,0.0006389003605966614,0.000531612,-8.940696716388452e-06,0.8320734073518661,-0.00010728836059666145,0.8320734073518661
facil_prefill-128xdecode_67_ops_trace.csv,decode,2,11,5,PIM1,pim,9,"Q:1,K:1,V:1,QK:1,Softmax:1,SV:1,O:1,FFN_W1:1,FFN_W2:1",5.3241696716388454e-05,4.4301e-05,pim|decode|2|73f0b93ba2927d0614be9f9ec9b9774c,2,sample_step,0.0006389003605966614,0.000531612,-8.940696716388452e-06,0.8320734073518661,-0.00010728836059666145,0.8320734073518661
facil_prefill-128xdecode_67_ops_trace.csv,decode,2,11,6,GPU0,npu,8,"LN:-1,Add:-1,LN:-1,FFN_W3:0,FFN_W3:1,SwiGLU:0,SwiGLU:1,Add:-1",0.0001712978600718618,0.0002001919984817505,npu|decode|2|ff6dcf33668f3ebc9cf61e7eb43c6a84,2,sample_step,0.0020555743208623416,0.002402303981781006,2.8894138409888705e-05,1.1686777546302518,0.00034672966091866446,1.1686777546302518
facil_prefill-128xdecode_67_ops_trace.csv,decode,2,11,6,PIM0,pim,9,"Q:0,K:0,V:0,QK:0,Softmax:0,SV:0,O:0,FFN_W1:0,FFN_W2:0",5.3241696716388454e-05,4.4301e-05,pim|decode|2|d9f2c5d5d25b036a5f39277c4750a787,2,sample_step,0.0006389003605966614,0.000531612,-8.940696716388452e-06,0.8320734073518661,-0.00010728836059666145,0.8320734073518661
facil_prefill-128xdecode_67_ops_trace.csv,decode,2,11,6,PIM1,pim,9,"Q:1,K:1,V:1,QK:1,Softmax:1,SV:1,O:1,FFN_W1:1,FFN_W2:1",5.3241696716388454e-05,4.4301e-05,pim|decode|2|73f0b93ba2927d0614be9f9ec9b9774c,2,sample_step,0.0006389003605966614,0.000531612,-8.940696716388452e-06,0.8320734073518661,-0.00010728836059666145,0.8320734073518661
facil_prefill-128xdecode_67_ops_trace.csv,decode,2,11,7,GPU0,npu,8,"LN:-1,Add:-1,LN:-1,FFN_W3:0,FFN_W3:1,SwiGLU:0,SwiGLU:1,Add:-1",0.0001712978600718618,0.0002001919984817505,npu|decode|2|ff6dcf33668f3ebc9cf61e7eb43c6a84,2,sample_step,0.0020555743208623416,0.002402303981781006,2.8894138409888705e-05,1.1686777546302518,0.00034672966091866446,1.1686777546302518
facil_prefill-128xdecode_67_ops_trace.csv,decode,2,11,7,PIM0,pim,9,"Q:0,K:0,V:0,QK:0,Softmax:0,SV:0,O:0,FFN_W1:0,FFN_W2:0",5.3241696716388454e-05,4.4301e-05,pim|decode|2|d9f2c5d5d25b036a5f39277c4750a787,2,sample_step,0.0006389003605966614,0.000531612,-8.940696716388452e-06,0.8320734073518661,-0.00010728836059666145,0.8320734073518661
facil_prefill-128xdecode_67_ops_trace.csv,decode,2,11,7,PIM1,pim,9,"Q:1,K:1,V:1,QK:1,Softmax:1,SV:1,O:1,FFN_W1:1,FFN_W2:1",5.3241696716388454e-05,4.4301e-05,pim|decode|2|73f0b93ba2927d0614be9f9ec9b9774c,2,sample_step,0.0006389003605966614,0.000531612,-8.940696716388452e-06,0.8320734073518661,-0.00010728836059666145,0.8320734073518661
facil_prefill-128xdecode_67_ops_trace.csv,decode,2,11,8,GPU0,npu,8,"LN:-1,Add:-1,LN:-1,FFN_W3:0,FFN_W3:1,SwiGLU:0,SwiGLU:1,Add:-1",0.0001712978600718618,0.0002001919984817505,npu|decode|2|ff6dcf33668f3ebc9cf61e7eb43c6a84,2,sample_step,0.0020555743208623416,0.002402303981781006,2.8894138409888705e-05,1.1686777546302518,0.00034672966091866446,1.1686777546302518
facil_prefill-128xdecode_67_ops_trace.csv,decode,2,11,8,PIM0,pim,9,"Q:0,K:0,V:0,QK:0,Softmax:0,SV:0,O:0,FFN_W1:0,FFN_W2:0",5.3241696716388454e-05,4.4301e-05,pim|decode|2|d9f2c5d5d25b036a5f39277c4750a787,2,sample_step,0.0006389003605966614,0.000531612,-8.940696716388452e-06,0.8320734073518661,-0.00010728836059666145,0.8320734073518661
facil_prefill-128xdecode_67_ops_trace.csv,decode,2,11,8,PIM1,pim,9,"Q:1,K:1,V:1,QK:1,Softmax:1,SV:1,O:1,FFN_W1:1,FFN_W2:1",5.3241696716388454e-05,4.4301e-05,pim|decode|2|73f0b93ba2927d0614be9f9ec9b9774c,2,sample_step,0.0006389003605966614,0.000531612,-8.940696716388452e-06,0.8320734073518661,-0.00010728836059666145,0.8320734073518661
facil_prefill-128xdecode_67_ops_trace.csv,decode,2,11,9,GPU0,npu,8,"LN:-1,Add:-1,LN:-1,FFN_W3:0,FFN_W3:1,SwiGLU:0,SwiGLU:1,Add:-1",0.0001712978600718618,0.0002001919984817505,npu|decode|2|ff6dcf33668f3ebc9cf61e7eb43c6a84,2,sample_step,0.0020555743208623416,0.002402303981781006,2.8894138409888705e-05,1.1686777546302518,0.00034672966091866446,1.1686777546302518
facil_prefill-128xdecode_67_ops_trace.csv,decode,2,11,9,PIM0,pim,9,"Q:0,K:0,V:0,QK:0,Softmax:0,SV:0,O:0,FFN_W1:0,FFN_W2:0",5.3241696716388454e-05,4.4301e-05,pim|decode|2|d9f2c5d5d25b036a5f39277c4750a787,2,sample_step,0.0006389003605966614,0.000531612,-8.940696716388452e-06,0.8320734073518661,-0.00010728836059666145,0.8320734073518661
facil_prefill-128xdecode_67_ops_trace.csv,decode,2,11,9,PIM1,pim,9,"Q:1,K:1,V:1,QK:1,Softmax:1,SV:1,O:1,FFN_W1:1,FFN_W2:1",5.3241696716388454e-05,4.4301e-05,pim|decode|2|73f0b93ba2927d0614be9f9ec9b9774c,2,sample_step,0.0006389003605966614,0.000531612,-8.940696716388452e-06,0.8320734073518661,-0.00010728836059666145,0.8320734073518661
facil_prefill-128xdecode_67_ops_trace.csv,decode,2,11,10,GPU0,npu,8,"LN:-1,Add:-1,LN:-1,FFN_W3:0,FFN_W3:1,SwiGLU:0,SwiGLU:1,Add:-1",0.0001712978600718618,0.0002001919984817505,npu|decode|2|ff6dcf33668f3ebc9cf61e7eb43c6a84,2,sample_step,0.0020555743208623416,0.002402303981781006,2.8894138409888705e-05,1.1686777546302518,0.00034672966091866446,1.1686777546302518
facil_prefill-128xdecode_67_ops_trace.csv,decode,2,11,10,PIM0,pim,9,"Q:0,K:0,V:0,QK:0,Softmax:0,SV:0,O:0,FFN_W1:0,FFN_W2:0",5.3241696716388454e-05,4.4301e-05,pim|decode|2|d9f2c5d5d25b036a5f39277c4750a787,2,sample_step,0.0006389003605966614,0.000531612,-8.940696716388452e-06,0.8320734073518661,-0.00010728836059666145,0.8320734073518661
facil_prefill-128xdecode_67_ops_trace.csv,decode,2,11,10,PIM1,pim,9,"Q:1,K:1,V:1,QK:1,Softmax:1,SV:1,O:1,FFN_W1:1,FFN_W2:1",5.3241696716388454e-05,4.4301e-05,pim|decode|2|73f0b93ba2927d0614be9f9ec9b9774c,2,sample_step,0.0006389003605966614,0.000531612,-8.940696716388452e-06,0.8320734073518661,-0.00010728836059666145,0.8320734073518661
facil_prefill-128xdecode_67_ops_trace.csv,decode,2,11,11,GPU0,npu,8,"LN:-1,Add:-1,LN:-1,FFN_W3:0,FFN_W3:1,SwiGLU:0,SwiGLU:1,Add:-1",0.0001712978600718618,0.0002001919984817505,npu|decode|2|ff6dcf33668f3ebc9cf61e7eb43c6a84,2,sample_step,0.0020555743208623416,0.002402303981781006,2.8894138409888705e-05,1.1686777546302518,0.00034672966091866446,1.1686777546302518
facil_prefill-128xdecode_67_ops_trace.csv,decode,2,11,11,PIM0,pim,9,"Q:0,K:0,V:0,QK:0,Softmax:0,SV:0,O:0,FFN_W1:0,FFN_W2:0",5.3241696716388454e-05,4.4301e-05,pim|decode|2|d9f2c5d5d25b036a5f39277c4750a787,2,sample_step,0.0006389003605966614,0.000531612,-8.940696716388452e-06,0.8320734073518661,-0.00010728836059666145,0.8320734073518661
facil_prefill-128xdecode_67_ops_trace.csv,decode,2,11,11,PIM1,pim,9,"Q:1,K:1,V:1,QK:1,Softmax:1,SV:1,O:1,FFN_W1:1,FFN_W2:1",5.3241696716388454e-05,4.4301e-05,pim|decode|2|73f0b93ba2927d0614be9f9ec9b9774c,2,sample_step,0.0006389003605966614,0.000531612,-8.940696716388452e-06,0.8320734073518661,-0.00010728836059666145,0.8320734073518661
facil_prefill-128xdecode_67_ops_trace.csv,decode,2,11,12,GPU0,npu,8,"LN:-1,Add:-1,LN:-1,FFN_W3:0,FFN_W3:1,SwiGLU:0,SwiGLU:1,Add:-1",0.0001712978600718618,0.0002001919984817505,npu|decode|2|ff6dcf33668f3ebc9cf61e7eb43c6a84,2,sample_step,0.0020555743208623416,0.002402303981781006,2.8894138409888705e-05,1.1686777546302518,0.00034672966091866446,1.1686777546302518
facil_prefill-128xdecode_67_ops_trace.csv,decode,2,11,12,PIM0,pim,9,"Q:0,K:0,V:0,QK:0,Softmax:0,SV:0,O:0,FFN_W1:0,FFN_W2:0",5.3241696716388454e-05,4.4301e-05,pim|decode|2|d9f2c5d5d25b036a5f39277c4750a787,2,sample_step,0.0006389003605966614,0.000531612,-8.940696716388452e-06,0.8320734073518661,-0.00010728836059666145,0.8320734073518661
facil_prefill-128xdecode_67_ops_trace.csv,decode,2,11,12,PIM1,pim,9,"Q:1,K:1,V:1,QK:1,Softmax:1,SV:1,O:1,FFN_W1:1,FFN_W2:1",5.3241696716388454e-05,4.4301e-05,pim|decode|2|73f0b93ba2927d0614be9f9ec9b9774c,2,sample_step,0.0006389003605966614,0.000531612,-8.940696716388452e-06,0.8320734073518661,-0.00010728836059666145,0.8320734073518661
facil_prefill-128xdecode_67_ops_trace.csv,decode,2,11,13,GPU0,npu,8,"LN:-1,Add:-1,LN:-1,FFN_W3:0,FFN_W3:1,SwiGLU:0,SwiGLU:1,Add:-1",0.0001712978600718618,0.0002001919984817505,npu|decode|2|ff6dcf33668f3ebc9cf61e7eb43c6a84,2,sample_step,0.0020555743208623416,0.002402303981781006,2.8894138409888705e-05,1.1686777546302518,0.00034672966091866446,1.1686777546302518
facil_prefill-128xdecode_67_ops_trace.csv,decode,2,11,13,PIM0,pim,9,"Q:0,K:0,V:0,QK:0,Softmax:0,SV:0,O:0,FFN_W1:0,FFN_W2:0",5.3241696716388454e-05,4.4301e-05,pim|decode|2|d9f2c5d5d25b036a5f39277c4750a787,2,sample_step,0.0006389003605966614,0.000531612,-8.940696716388452e-06,0.8320734073518661,-0.00010728836059666145,0.8320734073518661
facil_prefill-128xdecode_67_ops_trace.csv,decode,2,11,13,PIM1,pim,9,"Q:1,K:1,V:1,QK:1,Softmax:1,SV:1,O:1,FFN_W1:1,FFN_W2:1",5.3241696716388454e-05,4.4301e-05,pim|decode|2|73f0b93ba2927d0614be9f9ec9b9774c,2,sample_step,0.0006389003605966614,0.000531612,-8.940696716388452e-06,0.8320734073518661,-0.00010728836059666145,0.8320734073518661
facil_prefill-128xdecode_67_ops_trace.csv,decode,2,11,14,GPU0,npu,8,"LN:-1,Add:-1,LN:-1,FFN_W3:0,FFN_W3:1,SwiGLU:0,SwiGLU:1,Add:-1",0.0001712978600718618,0.0002001919984817505,npu|decode|2|ff6dcf33668f3ebc9cf61e7eb43c6a84,2,sample_step,0.0020555743208623416,0.002402303981781006,2.8894138409888705e-05,1.1686777546302518,0.00034672966091866446,1.1686777546302518
facil_prefill-128xdecode_67_ops_trace.csv,decode,2,11,14,PIM0,pim,9,"Q:0,K:0,V:0,QK:0,Softmax:0,SV:0,O:0,FFN_W1:0,FFN_W2:0",5.3241696716388454e-05,4.4301e-05,pim|decode|2|d9f2c5d5d25b036a5f39277c4750a787,2,sample_step,0.0006389003605966614,0.000531612,-8.940696716388452e-06,0.8320734073518661,-0.00010728836059666145,0.8320734073518661
facil_prefill-128xdecode_67_ops_trace.csv,decode,2,11,14,PIM1,pim,9,"Q:1,K:1,V:1,QK:1,Softmax:1,SV:1,O:1,FFN_W1:1,FFN_W2:1",5.3241696716388454e-05,4.4301e-05,pim|decode|2|73f0b93ba2927d0614be9f9ec9b9774c,2,sample_step,0.0006389003605966614,0.000531612,-8.940696716388452e-06,0.8320734073518661,-0.00010728836059666145,0.8320734073518661
facil_prefill-128xdecode_67_ops_trace.csv,decode,2,11,15,GPU0,npu,8,"LN:-1,Add:-1,LN:-1,FFN_W3:0,FFN_W3:1,SwiGLU:0,SwiGLU:1,Add:-1",0.0001712978600718618,0.0002001919984817505,npu|decode|2|ff6dcf33668f3ebc9cf61e7eb43c6a84,2,sample_step,0.0020555743208623416,0.002402303981781006,2.8894138409888705e-05,1.1686777546302518,0.00034672966091866446,1.1686777546302518
facil_prefill-128xdecode_67_ops_trace.csv,decode,2,11,15,PIM0,pim,9,"Q:0,K:0,V:0,QK:0,Softmax:0,SV:0,O:0,FFN_W1:0,FFN_W2:0",5.3241696716388454e-05,4.4301e-05,pim|decode|2|d9f2c5d5d25b036a5f39277c4750a787,2,sample_step,0.0006389003605966614,0.000531612,-8.940696716388452e-06,0.8320734073518661,-0.00010728836059666145,0.8320734073518661
facil_prefill-128xdecode_67_ops_trace.csv,decode,2,11,15,PIM1,pim,9,"Q:1,K:1,V:1,QK:1,Softmax:1,SV:1,O:1,FFN_W1:1,FFN_W2:1",5.3241696716388454e-05,4.4301e-05,pim|decode|2|73f0b93ba2927d0614be9f9ec9b9774c,2,sample_step,0.0006389003605966614,0.000531612,-8.940696716388452e-06,0.8320734073518661,-0.00010728836059666145,0.8320734073518661
facil_prefill-128xdecode_67_ops_trace.csv,decode,2,11,16,GPU0,npu,8,"LN:-1,Add:-1,LN:-1,FFN_W3:0,FFN_W3:1,SwiGLU:0,SwiGLU:1,Add:-1",0.0001712978600718618,0.0002001919984817505,npu|decode|2|ff6dcf33668f3ebc9cf61e7eb43c6a84,2,sample_step,0.0020555743208623416,0.002402303981781006,2.8894138409888705e-05,1.1686777546302518,0.00034672966091866446,1.1686777546302518
facil_prefill-128xdecode_67_ops_trace.csv,decode,2,11,16,PIM0,pim,9,"Q:0,K:0,V:0,QK:0,Softmax:0,SV:0,O:0,FFN_W1:0,FFN_W2:0",5.3241696716388454e-05,4.4301e-05,pim|decode|2|d9f2c5d5d25b036a5f39277c4750a787,2,sample_step,0.0006389003605966614,0.000531612,-8.940696716388452e-06,0.8320734073518661,-0.00010728836059666145,0.8320734073518661
facil_prefill-128xdecode_67_ops_trace.csv,decode,2,11,16,PIM1,pim,9,"Q:1,K:1,V:1,QK:1,Softmax:1,SV:1,O:1,FFN_W1:1,FFN_W2:1",5.3241696716388454e-05,4.4301e-05,pim|decode|2|73f0b93ba2927d0614be9f9ec9b9774c,2,sample_step,0.0006389003605966614,0.000531612,-8.940696716388452e-06,0.8320734073518661,-0.00010728836059666145,0.8320734073518661
facil_prefill-128xdecode_67_ops_trace.csv,decode,2,11,17,GPU0,npu,8,"LN:-1,Add:-1,LN:-1,FFN_W3:0,FFN_W3:1,SwiGLU:0,SwiGLU:1,Add:-1",0.0001712978600718618,0.0002001919984817505,npu|decode|2|ff6dcf33668f3ebc9cf61e7eb43c6a84,2,sample_step,0.0020555743208623416,0.002402303981781006,2.8894138409888705e-05,1.1686777546302518,0.00034672966091866446,1.1686777546302518
facil_prefill-128xdecode_67_ops_trace.csv,decode,2,11,17,PIM0,pim,9,"Q:0,K:0,V:0,QK:0,Softmax:0,SV:0,O:0,FFN_W1:0,FFN_W2:0",5.3241696716388454e-05,4.4301e-05,pim|decode|2|d9f2c5d5d25b036a5f39277c4750a787,2,sample_step,0.0006389003605966614,0.000531612,-8.940696716388452e-06,0.8320734073518661,-0.00010728836059666145,0.8320734073518661
facil_prefill-128xdecode_67_ops_trace.csv,decode,2,11,17,PIM1,pim,9,"Q:1,K:1,V:1,QK:1,Softmax:1,SV:1,O:1,FFN_W1:1,FFN_W2:1",5.3241696716388454e-05,4.4301e-05,pim|decode|2|73f0b93ba2927d0614be9f9ec9b9774c,2,sample_step,0.0006389003605966614,0.000531612,-8.940696716388452e-06,0.8320734073518661,-0.00010728836059666145,0.8320734073518661
facil_prefill-128xdecode_67_ops_trace.csv,decode,2,11,18,GPU0,npu,8,"LN:-1,Add:-1,LN:-1,FFN_W3:0,FFN_W3:1,SwiGLU:0,SwiGLU:1,Add:-1",0.0001712978600718618,0.0002001919984817505,npu|decode|2|ff6dcf33668f3ebc9cf61e7eb43c6a84,2,sample_step,0.0020555743208623416,0.002402303981781006,2.8894138409888705e-05,1.1686777546302518,0.00034672966091866446,1.1686777546302518
facil_prefill-128xdecode_67_ops_trace.csv,decode,2,11,18,PIM0,pim,9,"Q:0,K:0,V:0,QK:0,Softmax:0,SV:0,O:0,FFN_W1:0,FFN_W2:0",5.3241696716388454e-05,4.4301e-05,pim|decode|2|d9f2c5d5d25b036a5f39277c4750a787,2,sample_step,0.0006389003605966614,0.000531612,-8.940696716388452e-06,0.8320734073518661,-0.00010728836059666145,0.8320734073518661
facil_prefill-128xdecode_67_ops_trace.csv,decode,2,11,18,PIM1,pim,9,"Q:1,K:1,V:1,QK:1,Softmax:1,SV:1,O:1,FFN_W1:1,FFN_W2:1",5.3241696716388454e-05,4.4301e-05,pim|decode|2|73f0b93ba2927d0614be9f9ec9b9774c,2,sample_step,0.0006389003605966614,0.000531612,-8.940696716388452e-06,0.8320734073518661,-0.00010728836059666145,0.8320734073518661
facil_prefill-128xdecode_67_ops_trace.csv,decode,2,11,19,GPU0,npu,8,"LN:-1,Add:-1,LN:-1,FFN_W3:0,FFN_W3:1,SwiGLU:0,SwiGLU:1,Add:-1",0.0001712978600718618,0.0002001919984817505,npu|decode|2|ff6dcf33668f3ebc9cf61e7eb43c6a84,2,sample_step,0.0020555743208623416,0.002402303981781006,2.8894138409888705e-05,1.1686777546302518,0.00034672966091866446,1.1686777546302518
facil_prefill-128xdecode_67_ops_trace.csv,decode,2,11,19,PIM0,pim,9,"Q:0,K:0,V:0,QK:0,Softmax:0,SV:0,O:0,FFN_W1:0,FFN_W2:0",5.3241696716388454e-05,4.4301e-05,pim|decode|2|d9f2c5d5d25b036a5f39277c4750a787,2,sample_step,0.0006389003605966614,0.000531612,-8.940696716388452e-06,0.8320734073518661,-0.00010728836059666145,0.8320734073518661
facil_prefill-128xdecode_67_ops_trace.csv,decode,2,11,19,PIM1,pim,9,"Q:1,K:1,V:1,QK:1,Softmax:1,SV:1,O:1,FFN_W1:1,FFN_W2:1",5.3241696716388454e-05,4.4301e-05,pim|decode|2|73f0b93ba2927d0614be9f9ec9b9774c,2,sample_step,0.0006389003605966614,0.000531612,-8.940696716388452e-06,0.8320734073518661,-0.00010728836059666145,0.8320734073518661
facil_prefill-128xdecode_67_ops_trace.csv,decode,2,11,20,GPU0,npu,8,"LN:-1,Add:-1,LN:-1,FFN_W3:0,FFN_W3:1,SwiGLU:0,SwiGLU:1,Add:-1",0.0001712978600718618,0.0002001919984817505,npu|decode|2|ff6dcf33668f3ebc9cf61e7eb43c6a84,2,sample_step,0.0020555743208623416,0.002402303981781006,2.8894138409888705e-05,1.1686777546302518,0.00034672966091866446,1.1686777546302518
facil_prefill-128xdecode_67_ops_trace.csv,decode,2,11,20,PIM0,pim,9,"Q:0,K:0,V:0,QK:0,Softmax:0,SV:0,O:0,FFN_W1:0,FFN_W2:0",5.3241696716388454e-05,4.4301e-05,pim|decode|2|d9f2c5d5d25b036a5f39277c4750a787,2,sample_step,0.0006389003605966614,0.000531612,-8.940696716388452e-06,0.8320734073518661,-0.00010728836059666145,0.8320734073518661
facil_prefill-128xdecode_67_ops_trace.csv,decode,2,11,20,PIM1,pim,9,"Q:1,K:1,V:1,QK:1,Softmax:1,SV:1,O:1,FFN_W1:1,FFN_W2:1",5.3241696716388454e-05,4.4301e-05,pim|decode|2|73f0b93ba2927d0614be9f9ec9b9774c,2,sample_step,0.0006389003605966614,0.000531612,-8.940696716388452e-06,0.8320734073518661,-0.00010728836059666145,0.8320734073518661
facil_prefill-128xdecode_67_ops_trace.csv,decode,2,11,21,GPU0,npu,8,"LN:-1,Add:-1,LN:-1,FFN_W3:0,FFN_W3:1,SwiGLU:0,SwiGLU:1,Add:-1",0.0001712978600718618,0.0002001919984817505,npu|decode|2|ff6dcf33668f3ebc9cf61e7eb43c6a84,2,sample_step,0.0020555743208623416,0.002402303981781006,2.8894138409888705e-05,1.1686777546302518,0.00034672966091866446,1.1686777546302518
facil_prefill-128xdecode_67_ops_trace.csv,decode,2,11,21,PIM0,pim,9,"Q:0,K:0,V:0,QK:0,Softmax:0,SV:0,O:0,FFN_W1:0,FFN_W2:0",5.3241696716388454e-05,4.4301e-05,pim|decode|2|d9f2c5d5d25b036a5f39277c4750a787,2,sample_step,0.0006389003605966614,0.000531612,-8.940696716388452e-06,0.8320734073518661,-0.00010728836059666145,0.8320734073518661
facil_prefill-128xdecode_67_ops_trace.csv,decode,2,11,21,PIM1,pim,9,"Q:1,K:1,V:1,QK:1,Softmax:1,SV:1,O:1,FFN_W1:1,FFN_W2:1",5.3241696716388454e-05,4.4301e-05,pim|decode|2|73f0b93ba2927d0614be9f9ec9b9774c,2,sample_step,0.0006389003605966614,0.000531612,-8.940696716388452e-06,0.8320734073518661,-0.00010728836059666145,0.8320734073518661
facil_prefill-128xdecode_67_ops_trace.csv,decode,2,11,22,GPU0,npu,8,"LN:-1,Add:-1,LN:-1,FFN_W3:0,FFN_W3:1,SwiGLU:0,SwiGLU:1,Add:-1",0.0001712978600718618,0.0002001919984817505,npu|decode|2|ff6dcf33668f3ebc9cf61e7eb43c6a84,2,sample_step,0.0020555743208623416,0.002402303981781006,2.8894138409888705e-05,1.1686777546302518,0.00034672966091866446,1.1686777546302518
facil_prefill-128xdecode_67_ops_trace.csv,decode,2,11,22,PIM0,pim,9,"Q:0,K:0,V:0,QK:0,Softmax:0,SV:0,O:0,FFN_W1:0,FFN_W2:0",5.3241696716388454e-05,4.4301e-05,pim|decode|2|d9f2c5d5d25b036a5f39277c4750a787,2,sample_step,0.0006389003605966614,0.000531612,-8.940696716388452e-06,0.8320734073518661,-0.00010728836059666145,0.8320734073518661
facil_prefill-128xdecode_67_ops_trace.csv,decode,2,11,22,PIM1,pim,9,"Q:1,K:1,V:1,QK:1,Softmax:1,SV:1,O:1,FFN_W1:1,FFN_W2:1",5.3241696716388454e-05,4.4301e-05,pim|decode|2|73f0b93ba2927d0614be9f9ec9b9774c,2,sample_step,0.0006389003605966614,0.000531612,-8.940696716388452e-06,0.8320734073518661,-0.00010728836059666145,0.8320734073518661
facil_prefill-128xdecode_67_ops_trace.csv,decode,2,11,23,GPU0,npu,8,"LN:-1,Add:-1,LN:-1,FFN_W3:0,FFN_W3:1,SwiGLU:0,SwiGLU:1,Add:-1",0.0001712978600718618,0.0002001919984817505,npu|decode|2|ff6dcf33668f3ebc9cf61e7eb43c6a84,2,sample_step,0.0020555743208623416,0.002402303981781006,2.8894138409888705e-05,1.1686777546302518,0.00034672966091866446,1.1686777546302518
facil_prefill-128xdecode_67_ops_trace.csv,decode,2,11,23,PIM0,pim,9,"Q:0,K:0,V:0,QK:0,Softmax:0,SV:0,O:0,FFN_W1:0,FFN_W2:0",5.3241696716388454e-05,4.4301e-05,pim|decode|2|d9f2c5d5d25b036a5f39277c4750a787,2,sample_step,0.0006389003605966614,0.000531612,-8.940696716388452e-06,0.8320734073518661,-0.00010728836059666145,0.8320734073518661
facil_prefill-128xdecode_67_ops_trace.csv,decode,2,11,23,PIM1,pim,9,"Q:1,K:1,V:1,QK:1,Softmax:1,SV:1,O:1,FFN_W1:1,FFN_W2:1",5.3241696716388454e-05,4.4301e-05,pim|decode|2|73f0b93ba2927d0614be9f9ec9b9774c,2,sample_step,0.0006389003605966614,0.000531612,-8.940696716388452e-06,0.8320734073518661,-0.00010728836059666145,0.8320734073518661
facil_prefill-128xdecode_67_ops_trace.csv,decode,2,11,24,GPU0,npu,8,"LN:-1,Add:-1,LN:-1,FFN_W3:0,FFN_W3:1,SwiGLU:0,SwiGLU:1,Add:-1",0.0001712978600718618,0.0002001919984817505,npu|decode|2|ff6dcf33668f3ebc9cf61e7eb43c6a84,2,sample_step,0.0020555743208623416,0.002402303981781006,2.8894138409888705e-05,1.1686777546302518,0.00034672966091866446,1.1686777546302518
facil_prefill-128xdecode_67_ops_trace.csv,decode,2,11,24,PIM0,pim,9,"Q:0,K:0,V:0,QK:0,Softmax:0,SV:0,O:0,FFN_W1:0,FFN_W2:0",5.3241696716388454e-05,4.4301e-05,pim|decode|2|d9f2c5d5d25b036a5f39277c4750a787,2,sample_step,0.0006389003605966614,0.000531612,-8.940696716388452e-06,0.8320734073518661,-0.00010728836059666145,0.8320734073518661
facil_prefill-128xdecode_67_ops_trace.csv,decode,2,11,24,PIM1,pim,9,"Q:1,K:1,V:1,QK:1,Softmax:1,SV:1,O:1,FFN_W1:1,FFN_W2:1",5.3241696716388454e-05,4.4301e-05,pim|decode|2|73f0b93ba2927d0614be9f9ec9b9774c,2,sample_step,0.0006389003605966614,0.000531612,-8.940696716388452e-06,0.8320734073518661,-0.00010728836059666145,0.8320734073518661
facil_prefill-128xdecode_67_ops_trace.csv,decode,2,11,25,GPU0,npu,8,"LN:-1,Add:-1,LN:-1,FFN_W3:0,FFN_W3:1,SwiGLU:0,SwiGLU:1,Add:-1",0.0001712978600718618,0.0002001919984817505,npu|decode|2|ff6dcf33668f3ebc9cf61e7eb43c6a84,2,sample_step,0.0020555743208623416,0.002402303981781006,2.8894138409888705e-05,1.1686777546302518,0.00034672966091866446,1.1686777546302518
facil_prefill-128xdecode_67_ops_trace.csv,decode,2,11,25,PIM0,pim,9,"Q:0,K:0,V:0,QK:0,Softmax:0,SV:0,O:0,FFN_W1:0,FFN_W2:0",5.3241696716388454e-05,4.4301e-05,pim|decode|2|d9f2c5d5d25b036a5f39277c4750a787,2,sample_step,0.0006389003605966614,0.000531612,-8.940696716388452e-06,0.8320734073518661,-0.00010728836059666145,0.8320734073518661
facil_prefill-128xdecode_67_ops_trace.csv,decode,2,11,25,PIM1,pim,9,"Q:1,K:1,V:1,QK:1,Softmax:1,SV:1,O:1,FFN_W1:1,FFN_W2:1",5.3241696716388454e-05,4.4301e-05,pim|decode|2|73f0b93ba2927d0614be9f9ec9b9774c,2,sample_step,0.0006389003605966614,0.000531612,-8.940696716388452e-06,0.8320734073518661,-0.00010728836059666145,0.8320734073518661
facil_prefill-128xdecode_67_ops_trace.csv,decode,2,11,26,GPU0,npu,8,"LN:-1,Add:-1,LN:-1,FFN_W3:0,FFN_W3:1,SwiGLU:0,SwiGLU:1,Add:-1",0.0001712978600718618,0.0002001919984817505,npu|decode|2|ff6dcf33668f3ebc9cf61e7eb43c6a84,2,sample_step,0.0020555743208623416,0.002402303981781006,2.8894138409888705e-05,1.1686777546302518,0.00034672966091866446,1.1686777546302518
facil_prefill-128xdecode_67_ops_trace.csv,decode,2,11,26,PIM0,pim,9,"Q:0,K:0,V:0,QK:0,Softmax:0,SV:0,O:0,FFN_W1:0,FFN_W2:0",5.3241696716388454e-05,4.4301e-05,pim|decode|2|d9f2c5d5d25b036a5f39277c4750a787,2,sample_step,0.0006389003605966614,0.000531612,-8.940696716388452e-06,0.8320734073518661,-0.00010728836059666145,0.8320734073518661
facil_prefill-128xdecode_67_ops_trace.csv,decode,2,11,26,PIM1,pim,9,"Q:1,K:1,V:1,QK:1,Softmax:1,SV:1,O:1,FFN_W1:1,FFN_W2:1",5.3241696716388454e-05,4.4301e-05,pim|decode|2|73f0b93ba2927d0614be9f9ec9b9774c,2,sample_step,0.0006389003605966614,0.000531612,-8.940696716388452e-06,0.8320734073518661,-0.00010728836059666145,0.8320734073518661
facil_prefill-128xdecode_67_ops_trace.csv,decode,2,11,27,GPU0,npu,8,"LN:-1,Add:-1,LN:-1,FFN_W3:0,FFN_W3:1,SwiGLU:0,SwiGLU:1,Add:-1",0.0001712978600718618,0.0002001919984817505,npu|decode|2|ff6dcf33668f3ebc9cf61e7eb43c6a84,2,sample_step,0.0020555743208623416,0.002402303981781006,2.8894138409888705e-05,1.1686777546302518,0.00034672966091866446,1.1686777546302518
facil_prefill-128xdecode_67_ops_trace.csv,decode,2,11,27,PIM0,pim,9,"Q:0,K:0,V:0,QK:0,Softmax:0,SV:0,O:0,FFN_W1:0,FFN_W2:0",5.3241696716388454e-05,4.4301e-05,pim|decode|2|d9f2c5d5d25b036a5f39277c4750a787,2,sample_step,0.0006389003605966614,0.000531612,-8.940696716388452e-06,0.8320734073518661,-0.00010728836059666145,0.8320734073518661
facil_prefill-128xdecode_67_ops_trace.csv,decode,2,11,27,PIM1,pim,9,"Q:1,K:1,V:1,QK:1,Softmax:1,SV:1,O:1,FFN_W1:1,FFN_W2:1",5.3241696716388454e-05,4.4301e-05,pim|decode|2|73f0b93ba2927d0614be9f9ec9b9774c,2,sample_step,0.0006389003605966614,0.000531612,-8.940696716388452e-06,0.8320734073518661,-0.00010728836059666145,0.8320734073518661
facil_prefill-128xdecode_67_ops_trace.csv,decode,2,11,28,GPU0,npu,8,"LN:-1,Add:-1,LN:-1,FFN_W3:0,FFN_W3:1,SwiGLU:0,SwiGLU:1,Add:-1",0.0001712978600718618,0.0002001919984817505,npu|decode|2|ff6dcf33668f3ebc9cf61e7eb43c6a84,2,sample_step,0.0020555743208623416,0.002402303981781006,2.8894138409888705e-05,1.1686777546302518,0.00034672966091866446,1.1686777546302518
facil_prefill-128xdecode_67_ops_trace.csv,decode,2,11,28,PIM0,pim,9,"Q:0,K:0,V:0,QK:0,Softmax:0,SV:0,O:0,FFN_W1:0,FFN_W2:0",5.3241696716388454e-05,4.4301e-05,pim|decode|2|d9f2c5d5d25b036a5f39277c4750a787,2,sample_step,0.0006389003605966614,0.000531612,-8.940696716388452e-06,0.8320734073518661,-0.00010728836059666145,0.8320734073518661
facil_prefill-128xdecode_67_ops_trace.csv,decode,2,11,28,PIM1,pim,9,"Q:1,K:1,V:1,QK:1,Softmax:1,SV:1,O:1,FFN_W1:1,FFN_W2:1",5.3241696716388454e-05,4.4301e-05,pim|decode|2|73f0b93ba2927d0614be9f9ec9b9774c,2,sample_step,0.0006389003605966614,0.000531612,-8.940696716388452e-06,0.8320734073518661,-0.00010728836059666145,0.8320734073518661
facil_prefill-128xdecode_67_ops_trace.csv,decode,2,11,29,GPU0,npu,8,"LN:-1,Add:-1,LN:-1,FFN_W3:0,FFN_W3:1,SwiGLU:0,SwiGLU:1,Add:-1",0.0001712978600718618,0.0002001919984817505,npu|decode|2|ff6dcf33668f3ebc9cf61e7eb43c6a84,2,sample_step,0.0020555743208623416,0.002402303981781006,2.8894138409888705e-05,1.1686777546302518,0.00034672966091866446,1.1686777546302518
facil_prefill-128xdecode_67_ops_trace.csv,decode,2,11,29,PIM0,pim,9,"Q:0,K:0,V:0,QK:0,Softmax:0,SV:0,O:0,FFN_W1:0,FFN_W2:0",5.3241696716388454e-05,4.4301e-05,pim|decode|2|d9f2c5d5d25b036a5f39277c4750a787,2,sample_step,0.0006389003605966614,0.000531612,-8.940696716388452e-06,0.8320734073518661,-0.00010728836059666145,0.8320734073518661
facil_prefill-128xdecode_67_ops_trace.csv,decode,2,11,29,PIM1,pim,9,"Q:1,K:1,V:1,QK:1,Softmax:1,SV:1,O:1,FFN_W1:1,FFN_W2:1",5.3241696716388454e-05,4.4301e-05,pim|decode|2|73f0b93ba2927d0614be9f9ec9b9774c,2,sample_step,0.0006389003605966614,0.000531612,-8.940696716388452e-06,0.8320734073518661,-0.00010728836059666145,0.8320734073518661
facil_prefill-128xdecode_67_ops_trace.csv,decode,2,11,30,GPU0,npu,8,"LN:-1,Add:-1,LN:-1,FFN_W3:0,FFN_W3:1,SwiGLU:0,SwiGLU:1,Add:-1",0.0001712978600718618,0.0002001919984817505,npu|decode|2|ff6dcf33668f3ebc9cf61e7eb43c6a84,2,sample_step,0.0020555743208623416,0.002402303981781006,2.8894138409888705e-05,1.1686777546302518,0.00034672966091866446,1.1686777546302518
facil_prefill-128xdecode_67_ops_trace.csv,decode,2,11,30,PIM0,pim,9,"Q:0,K:0,V:0,QK:0,Softmax:0,SV:0,O:0,FFN_W1:0,FFN_W2:0",5.3241696716388454e-05,4.4301e-05,pim|decode|2|d9f2c5d5d25b036a5f39277c4750a787,2,sample_step,0.0006389003605966614,0.000531612,-8.940696716388452e-06,0.8320734073518661,-0.00010728836059666145,0.8320734073518661
facil_prefill-128xdecode_67_ops_trace.csv,decode,2,11,30,PIM1,pim,9,"Q:1,K:1,V:1,QK:1,Softmax:1,SV:1,O:1,FFN_W1:1,FFN_W2:1",5.3241696716388454e-05,4.4301e-05,pim|decode|2|73f0b93ba2927d0614be9f9ec9b9774c,2,sample_step,0.0006389003605966614,0.000531612,-8.940696716388452e-06,0.8320734073518661,-0.00010728836059666145,0.8320734073518661
facil_prefill-128xdecode_67_ops_trace.csv,decode,2,11,31,GPU0,npu,8,"LN:-1,Add:-1,LN:-1,FFN_W3:0,FFN_W3:1,SwiGLU:0,SwiGLU:1,Add:-1",0.0001712978600718618,0.0002001919984817505,npu|decode|2|ff6dcf33668f3ebc9cf61e7eb43c6a84,2,sample_step,0.0020555743208623416,0.002402303981781006,2.8894138409888705e-05,1.1686777546302518,0.00034672966091866446,1.1686777546302518
facil_prefill-128xdecode_67_ops_trace.csv,decode,2,11,31,PIM0,pim,9,"Q:0,K:0,V:0,QK:0,Softmax:0,SV:0,O:0,FFN_W1:0,FFN_W2:0",5.3241696716388454e-05,4.4301e-05,pim|decode|2|d9f2c5d5d25b036a5f39277c4750a787,2,sample_step,0.0006389003605966614,0.000531612,-8.940696716388452e-06,0.8320734073518661,-0.00010728836059666145,0.8320734073518661
facil_prefill-128xdecode_67_ops_trace.csv,decode,2,11,31,PIM1,pim,9,"Q:1,K:1,V:1,QK:1,Softmax:1,SV:1,O:1,FFN_W1:1,FFN_W2:1",5.3241696716388454e-05,4.4301e-05,pim|decode|2|73f0b93ba2927d0614be9f9ec9b9774c,2,sample_step,0.0006389003605966614,0.000531612,-8.940696716388452e-06,0.8320734073518661,-0.00010728836059666145,0.8320734073518661
facil_prefill-128xdecode_67_ops_trace.csv,decode,3,23,0,GPU0,npu,8,"LN:-1,Add:-1,LN:-1,FFN_W3:0,FFN_W3:1,SwiGLU:0,SwiGLU:1,Add:-1",0.0001712978600718618,0.00019927040338516236,npu|decode|3|ff6dcf33668f3ebc9cf61e7eb43c6a84,3,sample_step,0.0020555743208623416,0.002391244840621948,2.7972543313300568e-05,1.1632976810192825,0.0003356705197596066,1.1632976810192823
facil_prefill-128xdecode_67_ops_trace.csv,decode,3,23,0,PIM0,pim,9,"Q:0,K:0,V:0,QK:0,Softmax:0,SV:0,O:0,FFN_W1:0,FFN_W2:0",5.331169671651814e-05,4.4371e-05,pim|decode|3|d9f2c5d5d25b036a5f39277c4750a787,3,sample_step,0.0006397403605982177,0.000532452,-8.940696716518143e-06,0.8322939004537826,-0.00010728836059821772,0.8322939004537826
facil_prefill-128xdecode_67_ops_trace.csv,decode,3,23,0,PIM1,pim,9,"Q:1,K:1,V:1,QK:1,Softmax:1,SV:1,O:1,FFN_W1:1,FFN_W2:1",5.331169671651814e-05,4.4371e-05,pim|decode|3|73f0b93ba2927d0614be9f9ec9b9774c,3,sample_step,0.0006397403605982177,0.000532452,-8.940696716518143e-06,0.8322939004537826,-0.00010728836059821772,0.8322939004537826
facil_prefill-128xdecode_67_ops_trace.csv,decode,3,23,1,GPU0,npu,8,"LN:-1,Add:-1,LN:-1,FFN_W3:0,FFN_W3:1,SwiGLU:0,SwiGLU:1,Add:-1",0.0001712978600718618,0.00019927040338516236,npu|decode|3|ff6dcf33668f3ebc9cf61e7eb43c6a84,3,sample_step,0.0020555743208623416,0.002391244840621948,2.7972543313300568e-05,1.1632976810192825,0.0003356705197596066,1.1632976810192823
facil_prefill-128xdecode_67_ops_trace.csv,decode,3,23,1,PIM0,pim,9,"Q:0,K:0,V:0,QK:0,Softmax:0,SV:0,O:0,FFN_W1:0,FFN_W2:0",5.331169671651814e-05,4.4371e-05,pim|decode|3|d9f2c5d5d25b036a5f39277c4750a787,3,sample_step,0.0006397403605982177,0.000532452,-8.940696716518143e-06,0.8322939004537826,-0.00010728836059821772,0.8322939004537826
facil_prefill-128xdecode_67_ops_trace.csv,decode,3,23,1,PIM1,pim,9,"Q:1,K:1,V:1,QK:1,Softmax:1,SV:1,O:1,FFN_W1:1,FFN_W2:1",5.331169671651814e-05,4.4371e-05,pim|decode|3|73f0b93ba2927d0614be9f9ec9b9774c,3,sample_step,0.0006397403605982177,0.000532452,-8.940696716518143e-06,0.8322939004537826,-0.00010728836059821772,0.8322939004537826
facil_prefill-128xdecode_67_ops_trace.csv,decode,3,23,2,GPU0,npu,8,"LN:-1,Add:-1,LN:-1,FFN_W3:0,FFN_W3:1,SwiGLU:0,SwiGLU:1,Add:-1",0.0001712978600718618,0.00019927040338516236,npu|decode|3|ff6dcf33668f3ebc9cf61e7eb43c6a84,3,sample_step,0.0020555743208623416,0.002391244840621948,2.7972543313300568e-05,1.1632976810192825,0.0003356705197596066,1.1632976810192823
facil_prefill-128xdecode_67_ops_trace.csv,decode,3,23,2,PIM0,pim,9,"Q:0,K:0,V:0,QK:0,Softmax:0,SV:0,O:0,FFN_W1:0,FFN_W2:0",5.331169671651814e-05,4.4371e-05,pim|decode|3|d9f2c5d5d25b036a5f39277c4750a787,3,sample_step,0.0006397403605982177,0.000532452,-8.940696716518143e-06,0.8322939004537826,-0.00010728836059821772,0.8322939004537826
facil_prefill-128xdecode_67_ops_trace.csv,decode,3,23,2,PIM1,pim,9,"Q:1,K:1,V:1,QK:1,Softmax:1,SV:1,O:1,FFN_W1:1,FFN_W2:1",5.331169671651814e-05,4.4371e-05,pim|decode|3|73f0b93ba2927d0614be9f9ec9b9774c,3,sample_step,0.0006397403605982177,0.000532452,-8.940696716518143e-06,0.8322939004537826,-0.00010728836059821772,0.8322939004537826
facil_prefill-128xdecode_67_ops_trace.csv,decode,3,23,3,GPU0,npu,8,"LN:-1,Add:-1,LN:-1,FFN_W3:0,FFN_W3:1,SwiGLU:0,SwiGLU:1,Add:-1",0.0001712978600718618,0.00019927040338516236,npu|decode|3|ff6dcf33668f3ebc9cf61e7eb43c6a84,3,sample_step,0.0020555743208623416,0.002391244840621948,2.7972543313300568e-05,1.1632976810192825,0.0003356705197596066,1.1632976810192823
facil_prefill-128xdecode_67_ops_trace.csv,decode,3,23,3,PIM0,pim,9,"Q:0,K:0,V:0,QK:0,Softmax:0,SV:0,O:0,FFN_W1:0,FFN_W2:0",5.331169671651814e-05,4.4371e-05,pim|decode|3|d9f2c5d5d25b036a5f39277c4750a787,3,sample_step,0.0006397403605982177,0.000532452,-8.940696716518143e-06,0.8322939004537826,-0.00010728836059821772,0.8322939004537826
facil_prefill-128xdecode_67_ops_trace.csv,decode,3,23,3,PIM1,pim,9,"Q:1,K:1,V:1,QK:1,Softmax:1,SV:1,O:1,FFN_W1:1,FFN_W2:1",5.331169671651814e-05,4.4371e-05,pim|decode|3|73f0b93ba2927d0614be9f9ec9b9774c,3,sample_step,0.0006397403605982177,0.000532452,-8.940696716518143e-06,0.8322939004537826,-0.00010728836059821772,0.8322939004537826
facil_prefill-128xdecode_67_ops_trace.csv,decode,3,23,4,GPU0,npu,8,"LN:-1,Add:-1,LN:-1,FFN_W3:0,FFN_W3:1,SwiGLU:0,SwiGLU:1,Add:-1",0.0001712978600718618,0.00019927040338516236,npu|decode|3|ff6dcf33668f3ebc9cf61e7eb43c6a84,3,sample_step,0.0020555743208623416,0.002391244840621948,2.7972543313300568e-05,1.1632976810192825,0.0003356705197596066,1.1632976810192823
facil_prefill-128xdecode_67_ops_trace.csv,decode,3,23,4,PIM0,pim,9,"Q:0,K:0,V:0,QK:0,Softmax:0,SV:0,O:0,FFN_W1:0,FFN_W2:0",5.331169671651814e-05,4.4371e-05,pim|decode|3|d9f2c5d5d25b036a5f39277c4750a787,3,sample_step,0.0006397403605982177,0.000532452,-8.940696716518143e-06,0.8322939004537826,-0.00010728836059821772,0.8322939004537826
facil_prefill-128xdecode_67_ops_trace.csv,decode,3,23,4,PIM1,pim,9,"Q:1,K:1,V:1,QK:1,Softmax:1,SV:1,O:1,FFN_W1:1,FFN_W2:1",5.331169671651814e-05,4.4371e-05,pim|decode|3|73f0b93ba2927d0614be9f9ec9b9774c,3,sample_step,0.0006397403605982177,0.000532452,-8.940696716518143e-06,0.8322939004537826,-0.00010728836059821772,0.8322939004537826
facil_prefill-128xdecode_67_ops_trace.csv,decode,3,23,5,GPU0,npu,8,"LN:-1,Add:-1,LN:-1,FFN_W3:0,FFN_W3:1,SwiGLU:0,SwiGLU:1,Add:-1",0.0001712978600718618,0.00019927040338516236,npu|decode|3|ff6dcf33668f3ebc9cf61e7eb43c6a84,3,sample_step,0.0020555743208623416,0.002391244840621948,2.7972543313300568e-05,1.1632976810192825,0.0003356705197596066,1.1632976810192823
facil_prefill-128xdecode_67_ops_trace.csv,decode,3,23,5,PIM0,pim,9,"Q:0,K:0,V:0,QK:0,Softmax:0,SV:0,O:0,FFN_W1:0,FFN_W2:0",5.331169671651814e-05,4.4371e-05,pim|decode|3|d9f2c5d5d25b036a5f39277c4750a787,3,sample_step,0.0006397403605982177,0.000532452,-8.940696716518143e-06,0.8322939004537826,-0.00010728836059821772,0.8322939004537826
facil_prefill-128xdecode_67_ops_trace.csv,decode,3,23,5,PIM1,pim,9,"Q:1,K:1,V:1,QK:1,Softmax:1,SV:1,O:1,FFN_W1:1,FFN_W2:1",5.331169671651814e-05,4.4371e-05,pim|decode|3|73f0b93ba2927d0614be9f9ec9b9774c,3,sample_step,0.0006397403605982177,0.000532452,-8.940696716518143e-06,0.8322939004537826,-0.00010728836059821772,0.8322939004537826
facil_prefill-128xdecode_67_ops_trace.csv,decode,3,23,6,GPU0,npu,8,"LN:-1,Add:-1,LN:-1,FFN_W3:0,FFN_W3:1,SwiGLU:0,SwiGLU:1,Add:-1",0.0001712978600718618,0.00019927040338516236,npu|decode|3|ff6dcf33668f3ebc9cf61e7eb43c6a84,3,sample_step,0.0020555743208623416,0.002391244840621948,2.7972543313300568e-05,1.1632976810192825,0.0003356705197596066,1.1632976810192823
facil_prefill-128xdecode_67_ops_trace.csv,decode,3,23,6,PIM0,pim,9,"Q:0,K:0,V:0,QK:0,Softmax:0,SV:0,O:0,FFN_W1:0,FFN_W2:0",5.331169671651814e-05,4.4371e-05,pim|decode|3|d9f2c5d5d25b036a5f39277c4750a787,3,sample_step,0.0006397403605982177,0.000532452,-8.940696716518143e-06,0.8322939004537826,-0.00010728836059821772,0.8322939004537826
facil_prefill-128xdecode_67_ops_trace.csv,decode,3,23,6,PIM1,pim,9,"Q:1,K:1,V:1,QK:1,Softmax:1,SV:1,O:1,FFN_W1:1,FFN_W2:1",5.331169671651814e-05,4.4371e-05,pim|decode|3|73f0b93ba2927d0614be9f9ec9b9774c,3,sample_step,0.0006397403605982177,0.000532452,-8.940696716518143e-06,0.8322939004537826,-0.00010728836059821772,0.8322939004537826
facil_prefill-128xdecode_67_ops_trace.csv,decode,3,23,7,GPU0,npu,8,"LN:-1,Add:-1,LN:-1,FFN_W3:0,FFN_W3:1,SwiGLU:0,SwiGLU:1,Add:-1",0.0001712978600718618,0.00019927040338516236,npu|decode|3|ff6dcf33668f3ebc9cf61e7eb43c6a84,3,sample_step,0.0020555743208623416,0.002391244840621948,2.7972543313300568e-05,1.1632976810192825,0.0003356705197596066,1.1632976810192823
facil_prefill-128xdecode_67_ops_trace.csv,decode,3,23,7,PIM0,pim,9,"Q:0,K:0,V:0,QK:0,Softmax:0,SV:0,O:0,FFN_W1:0,FFN_W2:0",5.331169671651814e-05,4.4371e-05,pim|decode|3|d9f2c5d5d25b036a5f39277c4750a787,3,sample_step,0.0006397403605982177,0.000532452,-8.940696716518143e-06,0.8322939004537826,-0.00010728836059821772,0.8322939004537826
facil_prefill-128xdecode_67_ops_trace.csv,decode,3,23,7,PIM1,pim,9,"Q:1,K:1,V:1,QK:1,Softmax:1,SV:1,O:1,FFN_W1:1,FFN_W2:1",5.331169671651814e-05,4.4371e-05,pim|decode|3|73f0b93ba2927d0614be9f9ec9b9774c,3,sample_step,0.0006397403605982177,0.000532452,-8.940696716518143e-06,0.8322939004537826,-0.00010728836059821772,0.8322939004537826
facil_prefill-128xdecode_67_ops_trace.csv,decode,3,23,8,GPU0,npu,8,"LN:-1,Add:-1,LN:-1,FFN_W3:0,FFN_W3:1,SwiGLU:0,SwiGLU:1,Add:-1",0.0001712978600718618,0.00019927040338516236,npu|decode|3|ff6dcf33668f3ebc9cf61e7eb43c6a84,3,sample_step,0.0020555743208623416,0.002391244840621948,2.7972543313300568e-05,1.1632976810192825,0.0003356705197596066,1.1632976810192823
facil_prefill-128xdecode_67_ops_trace.csv,decode,3,23,8,PIM0,pim,9,"Q:0,K:0,V:0,QK:0,Softmax:0,SV:0,O:0,FFN_W1:0,FFN_W2:0",5.331169671651814e-05,4.4371e-05,pim|decode|3|d9f2c5d5d25b036a5f39277c4750a787,3,sample_step,0.0006397403605982177,0.000532452,-8.940696716518143e-06,0.8322939004537826,-0.00010728836059821772,0.8322939004537826
facil_prefill-128xdecode_67_ops_trace.csv,decode,3,23,8,PIM1,pim,9,"Q:1,K:1,V:1,QK:1,Softmax:1,SV:1,O:1,FFN_W1:1,FFN_W2:1",5.331169671651814e-05,4.4371e-05,pim|decode|3|73f0b93ba2927d0614be9f9ec9b9774c,3,sample_step,0.0006397403605982177,0.000532452,-8.940696716518143e-06,0.8322939004537826,-0.00010728836059821772,0.8322939004537826
facil_prefill-128xdecode_67_ops_trace.csv,decode,3,23,9,GPU0,npu,8,"LN:-1,Add:-1,LN:-1,FFN_W3:0,FFN_W3:1,SwiGLU:0,SwiGLU:1,Add:-1",0.0001712978600718618,0.00019927040338516236,npu|decode|3|ff6dcf33668f3ebc9cf61e7eb43c6a84,3,sample_step,0.0020555743208623416,0.002391244840621948,2.7972543313300568e-05,1.1632976810192825,0.0003356705197596066,1.1632976810192823
facil_prefill-128xdecode_67_ops_trace.csv,decode,3,23,9,PIM0,pim,9,"Q:0,K:0,V:0,QK:0,Softmax:0,SV:0,O:0,FFN_W1:0,FFN_W2:0",5.331169671651814e-05,4.4371e-05,pim|decode|3|d9f2c5d5d25b036a5f39277c4750a787,3,sample_step,0.0006397403605982177,0.000532452,-8.940696716518143e-06,0.8322939004537826,-0.00010728836059821772,0.8322939004537826
facil_prefill-128xdecode_67_ops_trace.csv,decode,3,23,9,PIM1,pim,9,"Q:1,K:1,V:1,QK:1,Softmax:1,SV:1,O:1,FFN_W1:1,FFN_W2:1",5.331169671651814e-05,4.4371e-05,pim|decode|3|73f0b93ba2927d0614be9f9ec9b9774c,3,sample_step,0.0006397403605982177,0.000532452,-8.940696716518143e-06,0.8322939004537826,-0.00010728836059821772,0.8322939004537826
facil_prefill-128xdecode_67_ops_trace.csv,decode,3,23,10,GPU0,npu,8,"LN:-1,Add:-1,LN:-1,FFN_W3:0,FFN_W3:1,SwiGLU:0,SwiGLU:1,Add:-1",0.0001712978600718618,0.00019927040338516236,npu|decode|3|ff6dcf33668f3ebc9cf61e7eb43c6a84,3,sample_step,0.0020555743208623416,0.002391244840621948,2.7972543313300568e-05,1.1632976810192825,0.0003356705197596066,1.1632976810192823
facil_prefill-128xdecode_67_ops_trace.csv,decode,3,23,10,PIM0,pim,9,"Q:0,K:0,V:0,QK:0,Softmax:0,SV:0,O:0,FFN_W1:0,FFN_W2:0",5.331169671651814e-05,4.4371e-05,pim|decode|3|d9f2c5d5d25b036a5f39277c4750a787,3,sample_step,0.0006397403605982177,0.000532452,-8.940696716518143e-06,0.8322939004537826,-0.00010728836059821772,0.8322939004537826
facil_prefill-128xdecode_67_ops_trace.csv,decode,3,23,10,PIM1,pim,9,"Q:1,K:1,V:1,QK:1,Softmax:1,SV:1,O:1,FFN_W1:1,FFN_W2:1",5.331169671651814e-05,4.4371e-05,pim|decode|3|73f0b93ba2927d0614be9f9ec9b9774c,3,sample_step,0.0006397403605982177,0.000532452,-8.940696716518143e-06,0.8322939004537826,-0.00010728836059821772,0.8322939004537826
facil_prefill-128xdecode_67_ops_trace.csv,decode,3,23,11,GPU0,npu,8,"LN:-1,Add:-1,LN:-1,FFN_W3:0,FFN_W3:1,SwiGLU:0,SwiGLU:1,Add:-1",0.0001712978600718618,0.00019927040338516236,npu|decode|3|ff6dcf33668f3ebc9cf61e7eb43c6a84,3,sample_step,0.0020555743208623416,0.002391244840621948,2.7972543313300568e-05,1.1632976810192825,0.0003356705197596066,1.1632976810192823
facil_prefill-128xdecode_67_ops_trace.csv,decode,3,23,11,PIM0,pim,9,"Q:0,K:0,V:0,QK:0,Softmax:0,SV:0,O:0,FFN_W1:0,FFN_W2:0",5.331169671651814e-05,4.4371e-05,pim|decode|3|d9f2c5d5d25b036a5f39277c4750a787,3,sample_step,0.0006397403605982177,0.000532452,-8.940696716518143e-06,0.8322939004537826,-0.00010728836059821772,0.8322939004537826
facil_prefill-128xdecode_67_ops_trace.csv,decode,3,23,11,PIM1,pim,9,"Q:1,K:1,V:1,QK:1,Softmax:1,SV:1,O:1,FFN_W1:1,FFN_W2:1",5.331169671651814e-05,4.4371e-05,pim|decode|3|73f0b93ba2927d0614be9f9ec9b9774c,3,sample_step,0.0006397403605982177,0.000532452,-8.940696716518143e-06,0.8322939004537826,-0.00010728836059821772,0.8322939004537826
facil_prefill-128xdecode_67_ops_trace.csv,decode,3,23,12,GPU0,npu,8,"LN:-1,Add:-1,LN:-1,FFN_W3:0,FFN_W3:1,SwiGLU:0,SwiGLU:1,Add:-1",0.0001712978600718618,0.00019927040338516236,npu|decode|3|ff6dcf33668f3ebc9cf61e7eb43c6a84,3,sample_step,0.0020555743208623416,0.002391244840621948,2.7972543313300568e-05,1.1632976810192825,0.0003356705197596066,1.1632976810192823
facil_prefill-128xdecode_67_ops_trace.csv,decode,3,23,12,PIM0,pim,9,"Q:0,K:0,V:0,QK:0,Softmax:0,SV:0,O:0,FFN_W1:0,FFN_W2:0",5.331169671651814e-05,4.4371e-05,pim|decode|3|d9f2c5d5d25b036a5f39277c4750a787,3,sample_step,0.0006397403605982177,0.000532452,-8.940696716518143e-06,0.8322939004537826,-0.00010728836059821772,0.8322939004537826
facil_prefill-128xdecode_67_ops_trace.csv,decode,3,23,12,PIM1,pim,9,"Q:1,K:1,V:1,QK:1,Softmax:1,SV:1,O:1,FFN_W1:1,FFN_W2:1",5.331169671651814e-05,4.4371e-05,pim|decode|3|73f0b93ba2927d0614be9f9ec9b9774c,3,sample_step,0.0006397403605982177,0.000532452,-8.940696716518143e-06,0.8322939004537826,-0.00010728836059821772,0.8322939004537826
facil_prefill-128xdecode_67_ops_trace.csv,decode,3,23,13,GPU0,npu,8,"LN:-1,Add:-1,LN:-1,FFN_W3:0,FFN_W3:1,SwiGLU:0,SwiGLU:1,Add:-1",0.0001712978600718618,0.00019927040338516236,npu|decode|3|ff6dcf33668f3ebc9cf61e7eb43c6a84,3,sample_step,0.0020555743208623416,0.002391244840621948,2.7972543313300568e-05,1.1632976810192825,0.0003356705197596066,1.1632976810192823
facil_prefill-128xdecode_67_ops_trace.csv,decode,3,23,13,PIM0,pim,9,"Q:0,K:0,V:0,QK:0,Softmax:0,SV:0,O:0,FFN_W1:0,FFN_W2:0",5.331169671651814e-05,4.4371e-05,pim|decode|3|d9f2c5d5d25b036a5f39277c4750a787,3,sample_step,0.0006397403605982177,0.000532452,-8.940696716518143e-06,0.8322939004537826,-0.00010728836059821772,0.8322939004537826
facil_prefill-128xdecode_67_ops_trace.csv,decode,3,23,13,PIM1,pim,9,"Q:1,K:1,V:1,QK:1,Softmax:1,SV:1,O:1,FFN_W1:1,FFN_W2:1",5.331169671651814e-05,4.4371e-05,pim|decode|3|73f0b93ba2927d0614be9f9ec9b9774c,3,sample_step,0.0006397403605982177,0.000532452,-8.940696716518143e-06,0.8322939004537826,-0.00010728836059821772,0.8322939004537826
facil_prefill-128xdecode_67_ops_trace.csv,decode,3,23,14,GPU0,npu,8,"LN:-1,Add:-1,LN:-1,FFN_W3:0,FFN_W3:1,SwiGLU:0,SwiGLU:1,Add:-1",0.0001712978600718618,0.00019927040338516236,npu|decode|3|ff6dcf33668f3ebc9cf61e7eb43c6a84,3,sample_step,0.0020555743208623416,0.002391244840621948,2.7972543313300568e-05,1.1632976810192825,0.0003356705197596066,1.1632976810192823
facil_prefill-128xdecode_67_ops_trace.csv,decode,3,23,14,PIM0,pim,9,"Q:0,K:0,V:0,QK:0,Softmax:0,SV:0,O:0,FFN_W1:0,FFN_W2:0",5.331169671651814e-05,4.4371e-05,pim|decode|3|d9f2c5d5d25b036a5f39277c4750a787,3,sample_step,0.0006397403605982177,0.000532452,-8.940696716518143e-06,0.8322939004537826,-0.00010728836059821772,0.8322939004537826
facil_prefill-128xdecode_67_ops_trace.csv,decode,3,23,14,PIM1,pim,9,"Q:1,K:1,V:1,QK:1,Softmax:1,SV:1,O:1,FFN_W1:1,FFN_W2:1",5.331169671651814e-05,4.4371e-05,pim|decode|3|73f0b93ba2927d0614be9f9ec9b9774c,3,sample_step,0.0006397403605982177,0.000532452,-8.940696716518143e-06,0.8322939004537826,-0.00010728836059821772,0.8322939004537826
facil_prefill-128xdecode_67_ops_trace.csv,decode,3,23,15,GPU0,npu,8,"LN:-1,Add:-1,LN:-1,FFN_W3:0,FFN_W3:1,SwiGLU:0,SwiGLU:1,Add:-1",0.0001712978600718618,0.00019927040338516236,npu|decode|3|ff6dcf33668f3ebc9cf61e7eb43c6a84,3,sample_step,0.0020555743208623416,0.002391244840621948,2.7972543313300568e-05,1.1632976810192825,0.0003356705197596066,1.1632976810192823
facil_prefill-128xdecode_67_ops_trace.csv,decode,3,23,15,PIM0,pim,9,"Q:0,K:0,V:0,QK:0,Softmax:0,SV:0,O:0,FFN_W1:0,FFN_W2:0",5.331169671651814e-05,4.4371e-05,pim|decode|3|d9f2c5d5d25b036a5f39277c4750a787,3,sample_step,0.0006397403605982177,0.000532452,-8.940696716518143e-06,0.8322939004537826,-0.00010728836059821772,0.8322939004537826
facil_prefill-128xdecode_67_ops_trace.csv,decode,3,23,15,PIM1,pim,9,"Q:1,K:1,V:1,QK:1,Softmax:1,SV:1,O:1,FFN_W1:1,FFN_W2:1",5.331169671651814e-05,4.4371e-05,pim|decode|3|73f0b93ba2927d0614be9f9ec9b9774c,3,sample_step,0.0006397403605982177,0.000532452,-8.940696716518143e-06,0.8322939004537826,-0.00010728836059821772,0.8322939004537826
facil_prefill-128xdecode_67_ops_trace.csv,decode,3,23,16,GPU0,npu,8,"LN:-1,Add:-1,LN:-1,FFN_W3:0,FFN_W3:1,SwiGLU:0,SwiGLU:1,Add:-1",0.0001712978600718618,0.00019927040338516236,npu|decode|3|ff6dcf33668f3ebc9cf61e7eb43c6a84,3,sample_step,0.0020555743208623416,0.002391244840621948,2.7972543313300568e-05,1.1632976810192825,0.0003356705197596066,1.1632976810192823
facil_prefill-128xdecode_67_ops_trace.csv,decode,3,23,16,PIM0,pim,9,"Q:0,K:0,V:0,QK:0,Softmax:0,SV:0,O:0,FFN_W1:0,FFN_W2:0",5.331169671651814e-05,4.4371e-05,pim|decode|3|d9f2c5d5d25b036a5f39277c4750a787,3,sample_step,0.0006397403605982177,0.000532452,-8.940696716518143e-06,0.8322939004537826,-0.00010728836059821772,0.8322939004537826
facil_prefill-128xdecode_67_ops_trace.csv,decode,3,23,16,PIM1,pim,9,"Q:1,K:1,V:1,QK:1,Softmax:1,SV:1,O:1,FFN_W1:1,FFN_W2:1",5.331169671651814e-05,4.4371e-05,pim|decode|3|73f0b93ba2927d0614be9f9ec9b9774c,3,sample_step,0.0006397403605982177,0.000532452,-8.940696716518143e-06,0.8322939004537826,-0.00010728836059821772,0.8322939004537826
facil_prefill-128xdecode_67_ops_trace.csv,decode,3,23,17,GPU0,npu,8,"LN:-1,Add:-1,LN:-1,FFN_W3:0,FFN_W3:1,SwiGLU:0,SwiGLU:1,Add:-1",0.0001712978600718618,0.00019927040338516236,npu|decode|3|ff6dcf33668f3ebc9cf61e7eb43c6a84,3,sample_step,0.0020555743208623416,0.002391244840621948,2.7972543313300568e-05,1.1632976810192825,0.0003356705197596066,1.1632976810192823
facil_prefill-128xdecode_67_ops_trace.csv,decode,3,23,17,PIM0,pim,9,"Q:0,K:0,V:0,QK:0,Softmax:0,SV:0,O:0,FFN_W1:0,FFN_W2:0",5.331169671651814e-05,4.4371e-05,pim|decode|3|d9f2c5d5d25b036a5f39277c4750a787,3,sample_step,0.0006397403605982177,0.000532452,-8.940696716518143e-06,0.8322939004537826,-0.00010728836059821772,0.8322939004537826
facil_prefill-128xdecode_67_ops_trace.csv,decode,3,23,17,PIM1,pim,9,"Q:1,K:1,V:1,QK:1,Softmax:1,SV:1,O:1,FFN_W1:1,FFN_W2:1",5.331169671651814e-05,4.4371e-05,pim|decode|3|73f0b93ba2927d0614be9f9ec9b9774c,3,sample_step,0.0006397403605982177,0.000532452,-8.940696716518143e-06,0.8322939004537826,-0.00010728836059821772,0.8322939004537826
facil_prefill-128xdecode_67_ops_trace.csv,decode,3,23,18,GPU0,npu,8,"LN:-1,Add:-1,LN:-1,FFN_W3:0,FFN_W3:1,SwiGLU:0,SwiGLU:1,Add:-1",0.0001712978600718618,0.00019927040338516236,npu|decode|3|ff6dcf33668f3ebc9cf61e7eb43c6a84,3,sample_step,0.0020555743208623416,0.002391244840621948,2.7972543313300568e-05,1.1632976810192825,0.0003356705197596066,1.1632976810192823
facil_prefill-128xdecode_67_ops_trace.csv,decode,3,23,18,PIM0,pim,9,"Q:0,K:0,V:0,QK:0,Softmax:0,SV:0,O:0,FFN_W1:0,FFN_W2:0",5.331169671651814e-05,4.4371e-05,pim|decode|3|d9f2c5d5d25b036a5f39277c4750a787,3,sample_step,0.0006397403605982177,0.000532452,-8.940696716518143e-06,0.8322939004537826,-0.00010728836059821772,0.8322939004537826
facil_prefill-128xdecode_67_ops_trace.csv,decode,3,23,18,PIM1,pim,9,"Q:1,K:1,V:1,QK:1,Softmax:1,SV:1,O:1,FFN_W1:1,FFN_W2:1",5.331169671651814e-05,4.4371e-05,pim|decode|3|73f0b93ba2927d0614be9f9ec9b9774c,3,sample_step,0.0006397403605982177,0.000532452,-8.940696716518143e-06,0.8322939004537826,-0.00010728836059821772,0.8322939004537826
facil_prefill-128xdecode_67_ops_trace.csv,decode,3,23,19,GPU0,npu,8,"LN:-1,Add:-1,LN:-1,FFN_W3:0,FFN_W3:1,SwiGLU:0,SwiGLU:1,Add:-1",0.0001712978600718618,0.00019927040338516236,npu|decode|3|ff6dcf33668f3ebc9cf61e7eb43c6a84,3,sample_step,0.0020555743208623416,0.002391244840621948,2.7972543313300568e-05,1.1632976810192825,0.0003356705197596066,1.1632976810192823
facil_prefill-128xdecode_67_ops_trace.csv,decode,3,23,19,PIM0,pim,9,"Q:0,K:0,V:0,QK:0,Softmax:0,SV:0,O:0,FFN_W1:0,FFN_W2:0",5.331169671651814e-05,4.4371e-05,pim|decode|3|d9f2c5d5d25b036a5f39277c4750a787,3,sample_step,0.0006397403605982177,0.000532452,-8.940696716518143e-06,0.8322939004537826,-0.00010728836059821772,0.8322939004537826
facil_prefill-128xdecode_67_ops_trace.csv,decode,3,23,19,PIM1,pim,9,"Q:1,K:1,V:1,QK:1,Softmax:1,SV:1,O:1,FFN_W1:1,FFN_W2:1",5.331169671651814e-05,4.4371e-05,pim|decode|3|73f0b93ba2927d0614be9f9ec9b9774c,3,sample_step,0.0006397403605982177,0.000532452,-8.940696716518143e-06,0.8322939004537826,-0.00010728836059821772,0.8322939004537826
facil_prefill-128xdecode_67_ops_trace.csv,decode,3,23,20,GPU0,npu,8,"LN:-1,Add:-1,LN:-1,FFN_W3:0,FFN_W3:1,SwiGLU:0,SwiGLU:1,Add:-1",0.0001712978600718618,0.00019927040338516236,npu|decode|3|ff6dcf33668f3ebc9cf61e7eb43c6a84,3,sample_step,0.0020555743208623416,0.002391244840621948,2.7972543313300568e-05,1.1632976810192825,0.0003356705197596066,1.1632976810192823
facil_prefill-128xdecode_67_ops_trace.csv,decode,3,23,20,PIM0,pim,9,"Q:0,K:0,V:0,QK:0,Softmax:0,SV:0,O:0,FFN_W1:0,FFN_W2:0",5.331169671651814e-05,4.4371e-05,pim|decode|3|d9f2c5d5d25b036a5f39277c4750a787,3,sample_step,0.0006397403605982177,0.000532452,-8.940696716518143e-06,0.8322939004537826,-0.00010728836059821772,0.8322939004537826
facil_prefill-128xdecode_67_ops_trace.csv,decode,3,23,20,PIM1,pim,9,"Q:1,K:1,V:1,QK:1,Softmax:1,SV:1,O:1,FFN_W1:1,FFN_W2:1",5.331169671651814e-05,4.4371e-05,pim|decode|3|73f0b93ba2927d0614be9f9ec9b9774c,3,sample_step,0.0006397403605982177,0.000532452,-8.940696716518143e-06,0.8322939004537826,-0.00010728836059821772,0.8322939004537826
facil_prefill-128xdecode_67_ops_trace.csv,decode,3,23,21,GPU0,npu,8,"LN:-1,Add:-1,LN:-1,FFN_W3:0,FFN_W3:1,SwiGLU:0,SwiGLU:1,Add:-1",0.0001712978600718618,0.00019927040338516236,npu|decode|3|ff6dcf33668f3ebc9cf61e7eb43c6a84,3,sample_step,0.0020555743208623416,0.002391244840621948,2.7972543313300568e-05,1.1632976810192825,0.0003356705197596066,1.1632976810192823
facil_prefill-128xdecode_67_ops_trace.csv,decode,3,23,21,PIM0,pim,9,"Q:0,K:0,V:0,QK:0,Softmax:0,SV:0,O:0,FFN_W1:0,FFN_W2:0",5.331169671651814e-05,4.4371e-05,pim|decode|3|d9f2c5d5d25b036a5f39277c4750a787,3,sample_step,0.0006397403605982177,0.000532452,-8.940696716518143e-06,0.8322939004537826,-0.00010728836059821772,0.8322939004537826
facil_prefill-128xdecode_67_ops_trace.csv,decode,3,23,21,PIM1,pim,9,"Q:1,K:1,V:1,QK:1,Softmax:1,SV:1,O:1,FFN_W1:1,FFN_W2:1",5.331169671651814e-05,4.4371e-05,pim|decode|3|73f0b93ba2927d0614be9f9ec9b9774c,3,sample_step,0.0006397403605982177,0.000532452,-8.940696716518143e-06,0.8322939004537826,-0.00010728836059821772,0.8322939004537826
facil_prefill-128xdecode_67_ops_trace.csv,decode,3,23,22,GPU0,npu,8,"LN:-1,Add:-1,LN:-1,FFN_W3:0,FFN_W3:1,SwiGLU:0,SwiGLU:1,Add:-1",0.0001712978600718618,0.00019927040338516236,npu|decode|3|ff6dcf33668f3ebc9cf61e7eb43c6a84,3,sample_step,0.0020555743208623416,0.002391244840621948,2.7972543313300568e-05,1.1632976810192825,0.0003356705197596066,1.1632976810192823
facil_prefill-128xdecode_67_ops_trace.csv,decode,3,23,22,PIM0,pim,9,"Q:0,K:0,V:0,QK:0,Softmax:0,SV:0,O:0,FFN_W1:0,FFN_W2:0",5.331169671651814e-05,4.4371e-05,pim|decode|3|d9f2c5d5d25b036a5f39277c4750a787,3,sample_step,0.0006397403605982177,0.000532452,-8.940696716518143e-06,0.8322939004537826,-0.00010728836059821772,0.8322939004537826
facil_prefill-128xdecode_67_ops_trace.csv,decode,3,23,22,PIM1,pim,9,"Q:1,K:1,V:1,QK:1,Softmax:1,SV:1,O:1,FFN_W1:1,FFN_W2:1",5.331169671651814e-05,4.4371e-05,pim|decode|3|73f0b93ba2927d0614be9f9ec9b9774c,3,sample_step,0.0006397403605982177,0.000532452,-8.940696716518143e-06,0.8322939004537826,-0.00010728836059821772,0.8322939004537826
facil_prefill-128xdecode_67_ops_trace.csv,decode,3,23,23,GPU0,npu,8,"LN:-1,Add:-1,LN:-1,FFN_W3:0,FFN_W3:1,SwiGLU:0,SwiGLU:1,Add:-1",0.0001712978600718618,0.00019927040338516236,npu|decode|3|ff6dcf33668f3ebc9cf61e7eb43c6a84,3,sample_step,0.0020555743208623416,0.002391244840621948,2.7972543313300568e-05,1.1632976810192825,0.0003356705197596066,1.1632976810192823
facil_prefill-128xdecode_67_ops_trace.csv,decode,3,23,23,PIM0,pim,9,"Q:0,K:0,V:0,QK:0,Softmax:0,SV:0,O:0,FFN_W1:0,FFN_W2:0",5.331169671651814e-05,4.4371e-05,pim|decode|3|d9f2c5d5d25b036a5f39277c4750a787,3,sample_step,0.0006397403605982177,0.000532452,-8.940696716518143e-06,0.8322939004537826,-0.00010728836059821772,0.8322939004537826
facil_prefill-128xdecode_67_ops_trace.csv,decode,3,23,23,PIM1,pim,9,"Q:1,K:1,V:1,QK:1,Softmax:1,SV:1,O:1,FFN_W1:1,FFN_W2:1",5.331169671651814e-05,4.4371e-05,pim|decode|3|73f0b93ba2927d0614be9f9ec9b9774c,3,sample_step,0.0006397403605982177,0.000532452,-8.940696716518143e-06,0.8322939004537826,-0.00010728836059821772,0.8322939004537826
facil_prefill-128xdecode_67_ops_trace.csv,decode,3,23,24,GPU0,npu,8,"LN:-1,Add:-1,LN:-1,FFN_W3:0,FFN_W3:1,SwiGLU:0,SwiGLU:1,Add:-1",0.0001712978600718618,0.00019927040338516236,npu|decode|3|ff6dcf33668f3ebc9cf61e7eb43c6a84,3,sample_step,0.0020555743208623416,0.002391244840621948,2.7972543313300568e-05,1.1632976810192825,0.0003356705197596066,1.1632976810192823
facil_prefill-128xdecode_67_ops_trace.csv,decode,3,23,24,PIM0,pim,9,"Q:0,K:0,V:0,QK:0,Softmax:0,SV:0,O:0,FFN_W1:0,FFN_W2:0",5.331169671651814e-05,4.4371e-05,pim|decode|3|d9f2c5d5d25b036a5f39277c4750a787,3,sample_step,0.0006397403605982177,0.000532452,-8.940696716518143e-06,0.8322939004537826,-0.00010728836059821772,0.8322939004537826
facil_prefill-128xdecode_67_ops_trace.csv,decode,3,23,24,PIM1,pim,9,"Q:1,K:1,V:1,QK:1,Softmax:1,SV:1,O:1,FFN_W1:1,FFN_W2:1",5.331169671651814e-05,4.4371e-05,pim|decode|3|73f0b93ba2927d0614be9f9ec9b9774c,3,sample_step,0.0006397403605982177,0.000532452,-8.940696716518143e-06,0.8322939004537826,-0.00010728836059821772,0.8322939004537826
facil_prefill-128xdecode_67_ops_trace.csv,decode,3,23,25,GPU0,npu,8,"LN:-1,Add:-1,LN:-1,FFN_W3:0,FFN_W3:1,SwiGLU:0,SwiGLU:1,Add:-1",0.0001712978600718618,0.00019927040338516236,npu|decode|3|ff6dcf33668f3ebc9cf61e7eb43c6a84,3,sample_step,0.0020555743208623416,0.002391244840621948,2.7972543313300568e-05,1.1632976810192825,0.0003356705197596066,1.1632976810192823
facil_prefill-128xdecode_67_ops_trace.csv,decode,3,23,25,PIM0,pim,9,"Q:0,K:0,V:0,QK:0,Softmax:0,SV:0,O:0,FFN_W1:0,FFN_W2:0",5.331169671651814e-05,4.4371e-05,pim|decode|3|d9f2c5d5d25b036a5f39277c4750a787,3,sample_step,0.0006397403605982177,0.000532452,-8.940696716518143e-06,0.8322939004537826,-0.00010728836059821772,0.8322939004537826
facil_prefill-128xdecode_67_ops_trace.csv,decode,3,23,25,PIM1,pim,9,"Q:1,K:1,V:1,QK:1,Softmax:1,SV:1,O:1,FFN_W1:1,FFN_W2:1",5.331169671651814e-05,4.4371e-05,pim|decode|3|73f0b93ba2927d0614be9f9ec9b9774c,3,sample_step,0.0006397403605982177,0.000532452,-8.940696716518143e-06,0.8322939004537826,-0.00010728836059821772,0.8322939004537826
facil_prefill-128xdecode_67_ops_trace.csv,decode,3,23,26,GPU0,npu,8,"LN:-1,Add:-1,LN:-1,FFN_W3:0,FFN_W3:1,SwiGLU:0,SwiGLU:1,Add:-1",0.0001712978600718618,0.00019927040338516236,npu|decode|3|ff6dcf33668f3ebc9cf61e7eb43c6a84,3,sample_step,0.0020555743208623416,0.002391244840621948,2.7972543313300568e-05,1.1632976810192825,0.0003356705197596066,1.1632976810192823
facil_prefill-128xdecode_67_ops_trace.csv,decode,3,23,26,PIM0,pim,9,"Q:0,K:0,V:0,QK:0,Softmax:0,SV:0,O:0,FFN_W1:0,FFN_W2:0",5.331169671651814e-05,4.4371e-05,pim|decode|3|d9f2c5d5d25b036a5f39277c4750a787,3,sample_step,0.0006397403605982177,0.000532452,-8.940696716518143e-06,0.8322939004537826,-0.00010728836059821772,0.8322939004537826
facil_prefill-128xdecode_67_ops_trace.csv,decode,3,23,26,PIM1,pim,9,"Q:1,K:1,V:1,QK:1,Softmax:1,SV:1,O:1,FFN_W1:1,FFN_W2:1",5.331169671651814e-05,4.4371e-05,pim|decode|3|73f0b93ba2927d0614be9f9ec9b9774c,3,sample_step,0.0006397403605982177,0.000532452,-8.940696716518143e-06,0.8322939004537826,-0.00010728836059821772,0.8322939004537826
facil_prefill-128xdecode_67_ops_trace.csv,decode,3,23,27,GPU0,npu,8,"LN:-1,Add:-1,LN:-1,FFN_W3:0,FFN_W3:1,SwiGLU:0,SwiGLU:1,Add:-1",0.0001712978600718618,0.00019927040338516236,npu|decode|3|ff6dcf33668f3ebc9cf61e7eb43c6a84,3,sample_step,0.0020555743208623416,0.002391244840621948,2.7972543313300568e-05,1.1632976810192825,0.0003356705197596066,1.1632976810192823
facil_prefill-128xdecode_67_ops_trace.csv,decode,3,23,27,PIM0,pim,9,"Q:0,K:0,V:0,QK:0,Softmax:0,SV:0,O:0,FFN_W1:0,FFN_W2:0",5.331169671651814e-05,4.4371e-05,pim|decode|3|d9f2c5d5d25b036a5f39277c4750a787,3,sample_step,0.0006397403605982177,0.000532452,-8.940696716518143e-06,0.8322939004537826,-0.00010728836059821772,0.8322939004537826
facil_prefill-128xdecode_67_ops_trace.csv,decode,3,23,27,PIM1,pim,9,"Q:1,K:1,V:1,QK:1,Softmax:1,SV:1,O:1,FFN_W1:1,FFN_W2:1",5.331169671651814e-05,4.4371e-05,pim|decode|3|73f0b93ba2927d0614be9f9ec9b9774c,3,sample_step,0.0006397403605982177,0.000532452,-8.940696716518143e-06,0.8322939004537826,-0.00010728836059821772,0.8322939004537826
facil_prefill-128xdecode_67_ops_trace.csv,decode,3,23,28,GPU0,npu,8,"LN:-1,Add:-1,LN:-1,FFN_W3:0,FFN_W3:1,SwiGLU:0,SwiGLU:1,Add:-1",0.0001712978600718618,0.00019927040338516236,npu|decode|3|ff6dcf33668f3ebc9cf61e7eb43c6a84,3,sample_step,0.0020555743208623416,0.002391244840621948,2.7972543313300568e-05,1.1632976810192825,0.0003356705197596066,1.1632976810192823
facil_prefill-128xdecode_67_ops_trace.csv,decode,3,23,28,PIM0,pim,9,"Q:0,K:0,V:0,QK:0,Softmax:0,SV:0,O:0,FFN_W1:0,FFN_W2:0",5.331169671651814e-05,4.4371e-05,pim|decode|3|d9f2c5d5d25b036a5f39277c4750a787,3,sample_step,0.0006397403605982177,0.000532452,-8.940696716518143e-06,0.8322939004537826,-0.00010728836059821772,0.8322939004537826
facil_prefill-128xdecode_67_ops_trace.csv,decode,3,23,28,PIM1,pim,9,"Q:1,K:1,V:1,QK:1,Softmax:1,SV:1,O:1,FFN_W1:1,FFN_W2:1",5.331169671651814e-05,4.4371e-05,pim|decode|3|73f0b93ba2927d0614be9f9ec9b9774c,3,sample_step,0.0006397403605982177,0.000532452,-8.940696716518143e-06,0.8322939004537826,-0.00010728836059821772,0.8322939004537826
facil_prefill-128xdecode_67_ops_trace.csv,decode,3,23,29,GPU0,npu,8,"LN:-1,Add:-1,LN:-1,FFN_W3:0,FFN_W3:1,SwiGLU:0,SwiGLU:1,Add:-1",0.0001712978600718618,0.00019927040338516236,npu|decode|3|ff6dcf33668f3ebc9cf61e7eb43c6a84,3,sample_step,0.0020555743208623416,0.002391244840621948,2.7972543313300568e-05,1.1632976810192825,0.0003356705197596066,1.1632976810192823
facil_prefill-128xdecode_67_ops_trace.csv,decode,3,23,29,PIM0,pim,9,"Q:0,K:0,V:0,QK:0,Softmax:0,SV:0,O:0,FFN_W1:0,FFN_W2:0",5.331169671651814e-05,4.4371e-05,pim|decode|3|d9f2c5d5d25b036a5f39277c4750a787,3,sample_step,0.0006397403605982177,0.000532452,-8.940696716518143e-06,0.8322939004537826,-0.00010728836059821772,0.8322939004537826
facil_prefill-128xdecode_67_ops_trace.csv,decode,3,23,29,PIM1,pim,9,"Q:1,K:1,V:1,QK:1,Softmax:1,SV:1,O:1,FFN_W1:1,FFN_W2:1",5.331169671651814e-05,4.4371e-05,pim|decode|3|73f0b93ba2927d0614be9f9ec9b9774c,3,sample_step,0.0006397403605982177,0.000532452,-8.940696716518143e-06,0.8322939004537826,-0.00010728836059821772,0.8322939004537826
facil_prefill-128xdecode_67_ops_trace.csv,decode,3,23,30,GPU0,npu,8,"LN:-1,Add:-1,LN:-1,FFN_W3:0,FFN_W3:1,SwiGLU:0,SwiGLU:1,Add:-1",0.0001712978600718618,0.00019927040338516236,npu|decode|3|ff6dcf33668f3ebc9cf61e7eb43c6a84,3,sample_step,0.0020555743208623416,0.002391244840621948,2.7972543313300568e-05,1.1632976810192825,0.0003356705197596066,1.1632976810192823
facil_prefill-128xdecode_67_ops_trace.csv,decode,3,23,30,PIM0,pim,9,"Q:0,K:0,V:0,QK:0,Softmax:0,SV:0,O:0,FFN_W1:0,FFN_W2:0",5.331169671651814e-05,4.4371e-05,pim|decode|3|d9f2c5d5d25b036a5f39277c4750a787,3,sample_step,0.0006397403605982177,0.000532452,-8.940696716518143e-06,0.8322939004537826,-0.00010728836059821772,0.8322939004537826
facil_prefill-128xdecode_67_ops_trace.csv,decode,3,23,30,PIM1,pim,9,"Q:1,K:1,V:1,QK:1,Softmax:1,SV:1,O:1,FFN_W1:1,FFN_W2:1",5.331169671651814e-05,4.4371e-05,pim|decode|3|73f0b93ba2927d0614be9f9ec9b9774c,3,sample_step,0.0006397403605982177,0.000532452,-8.940696716518143e-06,0.8322939004537826,-0.00010728836059821772,0.8322939004537826
facil_prefill-128xdecode_67_ops_trace.csv,decode,3,23,31,GPU0,npu,8,"LN:-1,Add:-1,LN:-1,FFN_W3:0,FFN_W3:1,SwiGLU:0,SwiGLU:1,Add:-1",0.0001712978600718618,0.00019927040338516236,npu|decode|3|ff6dcf33668f3ebc9cf61e7eb43c6a84,3,sample_step,0.0020555743208623416,0.002391244840621948,2.7972543313300568e-05,1.1632976810192825,0.0003356705197596066,1.1632976810192823
facil_prefill-128xdecode_67_ops_trace.csv,decode,3,23,31,PIM0,pim,9,"Q:0,K:0,V:0,QK:0,Softmax:0,SV:0,O:0,FFN_W1:0,FFN_W2:0",5.331169671651814e-05,4.4371e-05,pim|decode|3|d9f2c5d5d25b036a5f39277c4750a787,3,sample_step,0.0006397403605982177,0.000532452,-8.940696716518143e-06,0.8322939004537826,-0.00010728836059821772,0.8322939004537826
facil_prefill-128xdecode_67_ops_trace.csv,decode,3,23,31,PIM1,pim,9,"Q:1,K:1,V:1,QK:1,Softmax:1,SV:1,O:1,FFN_W1:1,FFN_W2:1",5.331169671651814e-05,4.4371e-05,pim|decode|3|73f0b93ba2927d0614be9f9ec9b9774c,3,sample_step,0.0006397403605982177,0.000532452,-8.940696716518143e-06,0.8322939004537826,-0.00010728836059821772,0.8322939004537826
facil_prefill-128xdecode_67_ops_trace.csv,decode,4,35,0,GPU0,npu,8,"LN:-1,Add:-1,LN:-1,FFN_W3:0,FFN_W3:1,SwiGLU:0,SwiGLU:1,Add:-1",0.00017129786007163972,0.00019927040338516236,npu|decode|4|ff6dcf33668f3ebc9cf61e7eb43c6a84,4,sample_step,0.0020555743208596766,0.002391244840621948,2.797254331352264e-05,1.1632976810207907,0.00033567051976227157,1.1632976810207905
facil_prefill-128xdecode_67_ops_trace.csv,decode,4,35,0,PIM0,pim,9,"Q:0,K:0,V:0,QK:0,Softmax:0,SV:0,O:0,FFN_W1:0,FFN_W2:0",5.3381696715870675e-05,4.4441000000000004e-05,pim|decode|4|d9f2c5d5d25b036a5f39277c4750a787,4,sample_step,0.0006405803605904481,0.0005332920000000001,-8.940696715870671e-06,0.8325138152978088,-0.000107288360590448,0.8325138152978089
facil_prefill-128xdecode_67_ops_trace.csv,decode,4,35,0,PIM1,pim,9,"Q:1,K:1,V:1,QK:1,Softmax:1,SV:1,O:1,FFN_W1:1,FFN_W2:1",5.3381696715870675e-05,4.4441000000000004e-05,pim|decode|4|73f0b93ba2927d0614be9f9ec9b9774c,4,sample_step,0.0006405803605904481,0.0005332920000000001,-8.940696715870671e-06,0.8325138152978088,-0.000107288360590448,0.8325138152978089
facil_prefill-128xdecode_67_ops_trace.csv,decode,4,35,1,GPU0,npu,8,"LN:-1,Add:-1,LN:-1,FFN_W3:0,FFN_W3:1,SwiGLU:0,SwiGLU:1,Add:-1",0.00017129786007163972,0.00019927040338516236,npu|decode|4|ff6dcf33668f3ebc9cf61e7eb43c6a84,4,sample_step,0.0020555743208596766,0.002391244840621948,2.797254331352264e-05,1.1632976810207907,0.00033567051976227157,1.1632976810207905
facil_prefill-128xdecode_67_ops_trace.csv,decode,4,35,1,PIM0,pim,9,"Q:0,K:0,V:0,QK:0,Softmax:0,SV:0,O:0,FFN_W1:0,FFN_W2:0",5.3381696715870675e-05,4.4441000000000004e-05,pim|decode|4|d9f2c5d5d25b036a5f39277c4750a787,4,sample_step,0.0006405803605904481,0.0005332920000000001,-8.940696715870671e-06,0.8325138152978088,-0.000107288360590448,0.8325138152978089
facil_prefill-128xdecode_67_ops_trace.csv,decode,4,35,1,PIM1,pim,9,"Q:1,K:1,V:1,QK:1,Softmax:1,SV:1,O:1,FFN_W1:1,FFN_W2:1",5.3381696715870675e-05,4.4441000000000004e-05,pim|decode|4|73f0b93ba2927d0614be9f9ec9b9774c,4,sample_step,0.0006405803605904481,0.0005332920000000001,-8.940696715870671e-06,0.8325138152978088,-0.000107288360590448,0.8325138152978089
facil_prefill-128xdecode_67_ops_trace.csv,decode,4,35,2,GPU0,npu,8,"LN:-1,Add:-1,LN:-1,FFN_W3:0,FFN_W3:1,SwiGLU:0,SwiGLU:1,Add:-1",0.00017129786007163972,0.00019927040338516236,npu|decode|4|ff6dcf33668f3ebc9cf61e7eb43c6a84,4,sample_step,0.0020555743208596766,0.002391244840621948,2.797254331352264e-05,1.1632976810207907,0.00033567051976227157,1.1632976810207905
facil_prefill-128xdecode_67_ops_trace.csv,decode,4,35,2,PIM0,pim,9,"Q:0,K:0,V:0,QK:0,Softmax:0,SV:0,O:0,FFN_W1:0,FFN_W2:0",5.3381696715870675e-05,4.4441000000000004e-05,pim|decode|4|d9f2c5d5d25b036a5f39277c4750a787,4,sample_step,0.0006405803605904481,0.0005332920000000001,-8.940696715870671e-06,0.8325138152978088,-0.000107288360590448,0.8325138152978089
facil_prefill-128xdecode_67_ops_trace.csv,decode,4,35,2,PIM1,pim,9,"Q:1,K:1,V:1,QK:1,Softmax:1,SV:1,O:1,FFN_W1:1,FFN_W2:1",5.3381696715870675e-05,4.4441000000000004e-05,pim|decode|4|73f0b93ba2927d0614be9f9ec9b9774c,4,sample_step,0.0006405803605904481,0.0005332920000000001,-8.940696715870671e-06,0.8325138152978088,-0.000107288360590448,0.8325138152978089
facil_prefill-128xdecode_67_ops_trace.csv,decode,4,35,3,GPU0,npu,8,"LN:-1,Add:-1,LN:-1,FFN_W3:0,FFN_W3:1,SwiGLU:0,SwiGLU:1,Add:-1",0.00017129786007163972,0.00019927040338516236,npu|decode|4|ff6dcf33668f3ebc9cf61e7eb43c6a84,4,sample_step,0.0020555743208596766,0.002391244840621948,2.797254331352264e-05,1.1632976810207907,0.00033567051976227157,1.1632976810207905
facil_prefill-128xdecode_67_ops_trace.csv,decode,4,35,3,PIM0,pim,9,"Q:0,K:0,V:0,QK:0,Softmax:0,SV:0,O:0,FFN_W1:0,FFN_W2:0",5.3381696715870675e-05,4.4441000000000004e-05,pim|decode|4|d9f2c5d5d25b036a5f39277c4750a787,4,sample_step,0.0006405803605904481,0.0005332920000000001,-8.940696715870671e-06,0.8325138152978088,-0.000107288360590448,0.8325138152978089
facil_prefill-128xdecode_67_ops_trace.csv,decode,4,35,3,PIM1,pim,9,"Q:1,K:1,V:1,QK:1,Softmax:1,SV:1,O:1,FFN_W1:1,FFN_W2:1",5.3381696715870675e-05,4.4441000000000004e-05,pim|decode|4|73f0b93ba2927d0614be9f9ec9b9774c,4,sample_step,0.0006405803605904481,0.0005332920000000001,-8.940696715870671e-06,0.8325138152978088,-0.000107288360590448,0.8325138152978089
facil_prefill-128xdecode_67_ops_trace.csv,decode,4,35,4,GPU0,npu,8,"LN:-1,Add:-1,LN:-1,FFN_W3:0,FFN_W3:1,SwiGLU:0,SwiGLU:1,Add:-1",0.00017129786007163972,0.00019927040338516236,npu|decode|4|ff6dcf33668f3ebc9cf61e7eb43c6a84,4,sample_step,0.0020555743208596766,0.002391244840621948,2.797254331352264e-05,1.1632976810207907,0.00033567051976227157,1.1632976810207905
facil_prefill-128xdecode_67_ops_trace.csv,decode,4,35,4,PIM0,pim,9,"Q:0,K:0,V:0,QK:0,Softmax:0,SV:0,O:0,FFN_W1:0,FFN_W2:0",5.3381696715870675e-05,4.4441000000000004e-05,pim|decode|4|d9f2c5d5d25b036a5f39277c4750a787,4,sample_step,0.0006405803605904481,0.0005332920000000001,-8.940696715870671e-06,0.8325138152978088,-0.000107288360590448,0.8325138152978089
facil_prefill-128xdecode_67_ops_trace.csv,decode,4,35,4,PIM1,pim,9,"Q:1,K:1,V:1,QK:1,Softmax:1,SV:1,O:1,FFN_W1:1,FFN_W2:1",5.3381696715870675e-05,4.4441000000000004e-05,pim|decode|4|73f0b93ba2927d0614be9f9ec9b9774c,4,sample_step,0.0006405803605904481,0.0005332920000000001,-8.940696715870671e-06,0.8325138152978088,-0.000107288360590448,0.8325138152978089
facil_prefill-128xdecode_67_ops_trace.csv,decode,4,35,5,GPU0,npu,8,"LN:-1,Add:-1,LN:-1,FFN_W3:0,FFN_W3:1,SwiGLU:0,SwiGLU:1,Add:-1",0.00017129786007163972,0.00019927040338516236,npu|decode|4|ff6dcf33668f3ebc9cf61e7eb43c6a84,4,sample_step,0.0020555743208596766,0.002391244840621948,2.797254331352264e-05,1.1632976810207907,0.00033567051976227157,1.1632976810207905
facil_prefill-128xdecode_67_ops_trace.csv,decode,4,35,5,PIM0,pim,9,"Q:0,K:0,V:0,QK:0,Softmax:0,SV:0,O:0,FFN_W1:0,FFN_W2:0",5.3381696715870675e-05,4.4441000000000004e-05,pim|decode|4|d9f2c5d5d25b036a5f39277c4750a787,4,sample_step,0.0006405803605904481,0.0005332920000000001,-8.940696715870671e-06,0.8325138152978088,-0.000107288360590448,0.8325138152978089
facil_prefill-128xdecode_67_ops_trace.csv,decode,4,35,5,PIM1,pim,9,"Q:1,K:1,V:1,QK:1,Softmax:1,SV:1,O:1,FFN_W1:1,FFN_W2:1",5.3381696715870675e-05,4.4441000000000004e-05,pim|decode|4|73f0b93ba2927d0614be9f9ec9b9774c,4,sample_step,0.0006405803605904481,0.0005332920000000001,-8.940696715870671e-06,0.8325138152978088,-0.000107288360590448,0.8325138152978089
facil_prefill-128xdecode_67_ops_trace.csv,decode,4,35,6,GPU0,npu,8,"LN:-1,Add:-1,LN:-1,FFN_W3:0,FFN_W3:1,SwiGLU:0,SwiGLU:1,Add:-1",0.00017129786007163972,0.00019927040338516236,npu|decode|4|ff6dcf33668f3ebc9cf61e7eb43c6a84,4,sample_step,0.0020555743208596766,0.002391244840621948,2.797254331352264e-05,1.1632976810207907,0.00033567051976227157,1.1632976810207905
facil_prefill-128xdecode_67_ops_trace.csv,decode,4,35,6,PIM0,pim,9,"Q:0,K:0,V:0,QK:0,Softmax:0,SV:0,O:0,FFN_W1:0,FFN_W2:0",5.3381696715870675e-05,4.4441000000000004e-05,pim|decode|4|d9f2c5d5d25b036a5f39277c4750a787,4,sample_step,0.0006405803605904481,0.0005332920000000001,-8.940696715870671e-06,0.8325138152978088,-0.000107288360590448,0.8325138152978089
facil_prefill-128xdecode_67_ops_trace.csv,decode,4,35,6,PIM1,pim,9,"Q:1,K:1,V:1,QK:1,Softmax:1,SV:1,O:1,FFN_W1:1,FFN_W2:1",5.3381696715870675e-05,4.4441000000000004e-05,pim|decode|4|73f0b93ba2927d0614be9f9ec9b9774c,4,sample_step,0.0006405803605904481,0.0005332920000000001,-8.940696715870671e-06,0.8325138152978088,-0.000107288360590448,0.8325138152978089
facil_prefill-128xdecode_67_ops_trace.csv,decode,4,35,7,GPU0,npu,8,"LN:-1,Add:-1,LN:-1,FFN_W3:0,FFN_W3:1,SwiGLU:0,SwiGLU:1,Add:-1",0.00017129786007163972,0.00019927040338516236,npu|decode|4|ff6dcf33668f3ebc9cf61e7eb43c6a84,4,sample_step,0.0020555743208596766,0.002391244840621948,2.797254331352264e-05,1.1632976810207907,0.00033567051976227157,1.1632976810207905
facil_prefill-128xdecode_67_ops_trace.csv,decode,4,35,7,PIM0,pim,9,"Q:0,K:0,V:0,QK:0,Softmax:0,SV:0,O:0,FFN_W1:0,FFN_W2:0",5.3381696715870675e-05,4.4441000000000004e-05,pim|decode|4|d9f2c5d5d25b036a5f39277c4750a787,4,sample_step,0.0006405803605904481,0.0005332920000000001,-8.940696715870671e-06,0.8325138152978088,-0.000107288360590448,0.8325138152978089
facil_prefill-128xdecode_67_ops_trace.csv,decode,4,35,7,PIM1,pim,9,"Q:1,K:1,V:1,QK:1,Softmax:1,SV:1,O:1,FFN_W1:1,FFN_W2:1",5.3381696715870675e-05,4.4441000000000004e-05,pim|decode|4|73f0b93ba2927d0614be9f9ec9b9774c,4,sample_step,0.0006405803605904481,0.0005332920000000001,-8.940696715870671e-06,0.8325138152978088,-0.000107288360590448,0.8325138152978089
facil_prefill-128xdecode_67_ops_trace.csv,decode,4,35,8,GPU0,npu,8,"LN:-1,Add:-1,LN:-1,FFN_W3:0,FFN_W3:1,SwiGLU:0,SwiGLU:1,Add:-1",0.00017129786007163972,0.00019927040338516236,npu|decode|4|ff6dcf33668f3ebc9cf61e7eb43c6a84,4,sample_step,0.0020555743208596766,0.002391244840621948,2.797254331352264e-05,1.1632976810207907,0.00033567051976227157,1.1632976810207905
facil_prefill-128xdecode_67_ops_trace.csv,decode,4,35,8,PIM0,pim,9,"Q:0,K:0,V:0,QK:0,Softmax:0,SV:0,O:0,FFN_W1:0,FFN_W2:0",5.3381696715870675e-05,4.4441000000000004e-05,pim|decode|4|d9f2c5d5d25b036a5f39277c4750a787,4,sample_step,0.0006405803605904481,0.0005332920000000001,-8.940696715870671e-06,0.8325138152978088,-0.000107288360590448,0.8325138152978089
facil_prefill-128xdecode_67_ops_trace.csv,decode,4,35,8,PIM1,pim,9,"Q:1,K:1,V:1,QK:1,Softmax:1,SV:1,O:1,FFN_W1:1,FFN_W2:1",5.3381696715870675e-05,4.4441000000000004e-05,pim|decode|4|73f0b93ba2927d0614be9f9ec9b9774c,4,sample_step,0.0006405803605904481,0.0005332920000000001,-8.940696715870671e-06,0.8325138152978088,-0.000107288360590448,0.8325138152978089
facil_prefill-128xdecode_67_ops_trace.csv,decode,4,35,9,GPU0,npu,8,"LN:-1,Add:-1,LN:-1,FFN_W3:0,FFN_W3:1,SwiGLU:0,SwiGLU:1,Add:-1",0.00017129786007163972,0.00019927040338516236,npu|decode|4|ff6dcf33668f3ebc9cf61e7eb43c6a84,4,sample_step,0.0020555743208596766,0.002391244840621948,2.797254331352264e-05,1.1632976810207907,0.00033567051976227157,1.1632976810207905
facil_prefill-128xdecode_67_ops_trace.csv,decode,4,35,9,PIM0,pim,9,"Q:0,K:0,V:0,QK:0,Softmax:0,SV:0,O:0,FFN_W1:0,FFN_W2:0",5.3381696715870675e-05,4.4441000000000004e-05,pim|decode|4|d9f2c5d5d25b036a5f39277c4750a787,4,sample_step,0.0006405803605904481,0.0005332920000000001,-8.940696715870671e-06,0.8325138152978088,-0.000107288360590448,0.8325138152978089
facil_prefill-128xdecode_67_ops_trace.csv,decode,4,35,9,PIM1,pim,9,"Q:1,K:1,V:1,QK:1,Softmax:1,SV:1,O:1,FFN_W1:1,FFN_W2:1",5.3381696715870675e-05,4.4441000000000004e-05,pim|decode|4|73f0b93ba2927d0614be9f9ec9b9774c,4,sample_step,0.0006405803605904481,0.0005332920000000001,-8.940696715870671e-06,0.8325138152978088,-0.000107288360590448,0.8325138152978089
facil_prefill-128xdecode_67_ops_trace.csv,decode,4,35,10,GPU0,npu,8,"LN:-1,Add:-1,LN:-1,FFN_W3:0,FFN_W3:1,SwiGLU:0,SwiGLU:1,Add:-1",0.00017129786007163972,0.00019927040338516236,npu|decode|4|ff6dcf33668f3ebc9cf61e7eb43c6a84,4,sample_step,0.0020555743208596766,0.002391244840621948,2.797254331352264e-05,1.1632976810207907,0.00033567051976227157,1.1632976810207905
facil_prefill-128xdecode_67_ops_trace.csv,decode,4,35,10,PIM0,pim,9,"Q:0,K:0,V:0,QK:0,Softmax:0,SV:0,O:0,FFN_W1:0,FFN_W2:0",5.3381696715870675e-05,4.4441000000000004e-05,pim|decode|4|d9f2c5d5d25b036a5f39277c4750a787,4,sample_step,0.0006405803605904481,0.0005332920000000001,-8.940696715870671e-06,0.8325138152978088,-0.000107288360590448,0.8325138152978089
facil_prefill-128xdecode_67_ops_trace.csv,decode,4,35,10,PIM1,pim,9,"Q:1,K:1,V:1,QK:1,Softmax:1,SV:1,O:1,FFN_W1:1,FFN_W2:1",5.3381696715870675e-05,4.4441000000000004e-05,pim|decode|4|73f0b93ba2927d0614be9f9ec9b9774c,4,sample_step,0.0006405803605904481,0.0005332920000000001,-8.940696715870671e-06,0.8325138152978088,-0.000107288360590448,0.8325138152978089
facil_prefill-128xdecode_67_ops_trace.csv,decode,4,35,11,GPU0,npu,8,"LN:-1,Add:-1,LN:-1,FFN_W3:0,FFN_W3:1,SwiGLU:0,SwiGLU:1,Add:-1",0.00017129786007163972,0.00019927040338516236,npu|decode|4|ff6dcf33668f3ebc9cf61e7eb43c6a84,4,sample_step,0.0020555743208596766,0.002391244840621948,2.797254331352264e-05,1.1632976810207907,0.00033567051976227157,1.1632976810207905
facil_prefill-128xdecode_67_ops_trace.csv,decode,4,35,11,PIM0,pim,9,"Q:0,K:0,V:0,QK:0,Softmax:0,SV:0,O:0,FFN_W1:0,FFN_W2:0",5.3381696715870675e-05,4.4441000000000004e-05,pim|decode|4|d9f2c5d5d25b036a5f39277c4750a787,4,sample_step,0.0006405803605904481,0.0005332920000000001,-8.940696715870671e-06,0.8325138152978088,-0.000107288360590448,0.8325138152978089
facil_prefill-128xdecode_67_ops_trace.csv,decode,4,35,11,PIM1,pim,9,"Q:1,K:1,V:1,QK:1,Softmax:1,SV:1,O:1,FFN_W1:1,FFN_W2:1",5.3381696715870675e-05,4.4441000000000004e-05,pim|decode|4|73f0b93ba2927d0614be9f9ec9b9774c,4,sample_step,0.0006405803605904481,0.0005332920000000001,-8.940696715870671e-06,0.8325138152978088,-0.000107288360590448,0.8325138152978089
facil_prefill-128xdecode_67_ops_trace.csv,decode,4,35,12,GPU0,npu,8,"LN:-1,Add:-1,LN:-1,FFN_W3:0,FFN_W3:1,SwiGLU:0,SwiGLU:1,Add:-1",0.00017129786007163972,0.00019927040338516236,npu|decode|4|ff6dcf33668f3ebc9cf61e7eb43c6a84,4,sample_step,0.0020555743208596766,0.002391244840621948,2.797254331352264e-05,1.1632976810207907,0.00033567051976227157,1.1632976810207905
facil_prefill-128xdecode_67_ops_trace.csv,decode,4,35,12,PIM0,pim,9,"Q:0,K:0,V:0,QK:0,Softmax:0,SV:0,O:0,FFN_W1:0,FFN_W2:0",5.3381696715870675e-05,4.4441000000000004e-05,pim|decode|4|d9f2c5d5d25b036a5f39277c4750a787,4,sample_step,0.0006405803605904481,0.0005332920000000001,-8.940696715870671e-06,0.8325138152978088,-0.000107288360590448,0.8325138152978089
facil_prefill-128xdecode_67_ops_trace.csv,decode,4,35,12,PIM1,pim,9,"Q:1,K:1,V:1,QK:1,Softmax:1,SV:1,O:1,FFN_W1:1,FFN_W2:1",5.3381696715870675e-05,4.4441000000000004e-05,pim|decode|4|73f0b93ba2927d0614be9f9ec9b9774c,4,sample_step,0.0006405803605904481,0.0005332920000000001,-8.940696715870671e-06,0.8325138152978088,-0.000107288360590448,0.8325138152978089
facil_prefill-128xdecode_67_ops_trace.csv,decode,4,35,13,GPU0,npu,8,"LN:-1,Add:-1,LN:-1,FFN_W3:0,FFN_W3:1,SwiGLU:0,SwiGLU:1,Add:-1",0.00017129786007163972,0.00019927040338516236,npu|decode|4|ff6dcf33668f3ebc9cf61e7eb43c6a84,4,sample_step,0.0020555743208596766,0.002391244840621948,2.797254331352264e-05,1.1632976810207907,0.00033567051976227157,1.1632976810207905
facil_prefill-128xdecode_67_ops_trace.csv,decode,4,35,13,PIM0,pim,9,"Q:0,K:0,V:0,QK:0,Softmax:0,SV:0,O:0,FFN_W1:0,FFN_W2:0",5.3381696715870675e-05,4.4441000000000004e-05,pim|decode|4|d9f2c5d5d25b036a5f39277c4750a787,4,sample_step,0.0006405803605904481,0.0005332920000000001,-8.940696715870671e-06,0.8325138152978088,-0.000107288360590448,0.8325138152978089
facil_prefill-128xdecode_67_ops_trace.csv,decode,4,35,13,PIM1,pim,9,"Q:1,K:1,V:1,QK:1,Softmax:1,SV:1,O:1,FFN_W1:1,FFN_W2:1",5.3381696715870675e-05,4.4441000000000004e-05,pim|decode|4|73f0b93ba2927d0614be9f9ec9b9774c,4,sample_step,0.0006405803605904481,0.0005332920000000001,-8.940696715870671e-06,0.8325138152978088,-0.000107288360590448,0.8325138152978089
facil_prefill-128xdecode_67_ops_trace.csv,decode,4,35,14,GPU0,npu,8,"LN:-1,Add:-1,LN:-1,FFN_W3:0,FFN_W3:1,SwiGLU:0,SwiGLU:1,Add:-1",0.00017129786007163972,0.00019927040338516236,npu|decode|4|ff6dcf33668f3ebc9cf61e7eb43c6a84,4,sample_step,0.0020555743208596766,0.002391244840621948,2.797254331352264e-05,1.1632976810207907,0.00033567051976227157,1.1632976810207905
facil_prefill-128xdecode_67_ops_trace.csv,decode,4,35,14,PIM0,pim,9,"Q:0,K:0,V:0,QK:0,Softmax:0,SV:0,O:0,FFN_W1:0,FFN_W2:0",5.3381696715870675e-05,4.4441000000000004e-05,pim|decode|4|d9f2c5d5d25b036a5f39277c4750a787,4,sample_step,0.0006405803605904481,0.0005332920000000001,-8.940696715870671e-06,0.8325138152978088,-0.000107288360590448,0.8325138152978089
facil_prefill-128xdecode_67_ops_trace.csv,decode,4,35,14,PIM1,pim,9,"Q:1,K:1,V:1,QK:1,Softmax:1,SV:1,O:1,FFN_W1:1,FFN_W2:1",5.3381696715870675e-05,4.4441000000000004e-05,pim|decode|4|73f0b93ba2927d0614be9f9ec9b9774c,4,sample_step,0.0006405803605904481,0.0005332920000000001,-8.940696715870671e-06,0.8325138152978088,-0.000107288360590448,0.8325138152978089
facil_prefill-128xdecode_67_ops_trace.csv,decode,4,35,15,GPU0,npu,8,"LN:-1,Add:-1,LN:-1,FFN_W3:0,FFN_W3:1,SwiGLU:0,SwiGLU:1,Add:-1",0.00017129786007163972,0.00019927040338516236,npu|decode|4|ff6dcf33668f3ebc9cf61e7eb43c6a84,4,sample_step,0.0020555743208596766,0.002391244840621948,2.797254331352264e-05,1.1632976810207907,0.00033567051976227157,1.1632976810207905
facil_prefill-128xdecode_67_ops_trace.csv,decode,4,35,15,PIM0,pim,9,"Q:0,K:0,V:0,QK:0,Softmax:0,SV:0,O:0,FFN_W1:0,FFN_W2:0",5.3381696715870675e-05,4.4441000000000004e-05,pim|decode|4|d9f2c5d5d25b036a5f39277c4750a787,4,sample_step,0.0006405803605904481,0.0005332920000000001,-8.940696715870671e-06,0.8325138152978088,-0.000107288360590448,0.8325138152978089
facil_prefill-128xdecode_67_ops_trace.csv,decode,4,35,15,PIM1,pim,9,"Q:1,K:1,V:1,QK:1,Softmax:1,SV:1,O:1,FFN_W1:1,FFN_W2:1",5.3381696715870675e-05,4.4441000000000004e-05,pim|decode|4|73f0b93ba2927d0614be9f9ec9b9774c,4,sample_step,0.0006405803605904481,0.0005332920000000001,-8.940696715870671e-06,0.8325138152978088,-0.000107288360590448,0.8325138152978089
facil_prefill-128xdecode_67_ops_trace.csv,decode,4,35,16,GPU0,npu,8,"LN:-1,Add:-1,LN:-1,FFN_W3:0,FFN_W3:1,SwiGLU:0,SwiGLU:1,Add:-1",0.00017129786007163972,0.00019927040338516236,npu|decode|4|ff6dcf33668f3ebc9cf61e7eb43c6a84,4,sample_step,0.0020555743208596766,0.002391244840621948,2.797254331352264e-05,1.1632976810207907,0.00033567051976227157,1.1632976810207905
facil_prefill-128xdecode_67_ops_trace.csv,decode,4,35,16,PIM0,pim,9,"Q:0,K:0,V:0,QK:0,Softmax:0,SV:0,O:0,FFN_W1:0,FFN_W2:0",5.3381696715870675e-05,4.4441000000000004e-05,pim|decode|4|d9f2c5d5d25b036a5f39277c4750a787,4,sample_step,0.0006405803605904481,0.0005332920000000001,-8.940696715870671e-06,0.8325138152978088,-0.000107288360590448,0.8325138152978089
facil_prefill-128xdecode_67_ops_trace.csv,decode,4,35,16,PIM1,pim,9,"Q:1,K:1,V:1,QK:1,Softmax:1,SV:1,O:1,FFN_W1:1,FFN_W2:1",5.3381696715870675e-05,4.4441000000000004e-05,pim|decode|4|73f0b93ba2927d0614be9f9ec9b9774c,4,sample_step,0.0006405803605904481,0.0005332920000000001,-8.940696715870671e-06,0.8325138152978088,-0.000107288360590448,0.8325138152978089
facil_prefill-128xdecode_67_ops_trace.csv,decode,4,35,17,GPU0,npu,8,"LN:-1,Add:-1,LN:-1,FFN_W3:0,FFN_W3:1,SwiGLU:0,SwiGLU:1,Add:-1",0.00017129786007163972,0.00019927040338516236,npu|decode|4|ff6dcf33668f3ebc9cf61e7eb43c6a84,4,sample_step,0.0020555743208596766,0.002391244840621948,2.797254331352264e-05,1.1632976810207907,0.00033567051976227157,1.1632976810207905
facil_prefill-128xdecode_67_ops_trace.csv,decode,4,35,17,PIM0,pim,9,"Q:0,K:0,V:0,QK:0,Softmax:0,SV:0,O:0,FFN_W1:0,FFN_W2:0",5.3381696715870675e-05,4.4441000000000004e-05,pim|decode|4|d9f2c5d5d25b036a5f39277c4750a787,4,sample_step,0.0006405803605904481,0.0005332920000000001,-8.940696715870671e-06,0.8325138152978088,-0.000107288360590448,0.8325138152978089
facil_prefill-128xdecode_67_ops_trace.csv,decode,4,35,17,PIM1,pim,9,"Q:1,K:1,V:1,QK:1,Softmax:1,SV:1,O:1,FFN_W1:1,FFN_W2:1",5.3381696715870675e-05,4.4441000000000004e-05,pim|decode|4|73f0b93ba2927d0614be9f9ec9b9774c,4,sample_step,0.0006405803605904481,0.0005332920000000001,-8.940696715870671e-06,0.8325138152978088,-0.000107288360590448,0.8325138152978089
facil_prefill-128xdecode_67_ops_trace.csv,decode,4,35,18,GPU0,npu,8,"LN:-1,Add:-1,LN:-1,FFN_W3:0,FFN_W3:1,SwiGLU:0,SwiGLU:1,Add:-1",0.00017129786007163972,0.00019927040338516236,npu|decode|4|ff6dcf33668f3ebc9cf61e7eb43c6a84,4,sample_step,0.0020555743208596766,0.002391244840621948,2.797254331352264e-05,1.1632976810207907,0.00033567051976227157,1.1632976810207905
facil_prefill-128xdecode_67_ops_trace.csv,decode,4,35,18,PIM0,pim,9,"Q:0,K:0,V:0,QK:0,Softmax:0,SV:0,O:0,FFN_W1:0,FFN_W2:0",5.3381696715870675e-05,4.4441000000000004e-05,pim|decode|4|d9f2c5d5d25b036a5f39277c4750a787,4,sample_step,0.0006405803605904481,0.0005332920000000001,-8.940696715870671e-06,0.8325138152978088,-0.000107288360590448,0.8325138152978089
facil_prefill-128xdecode_67_ops_trace.csv,decode,4,35,18,PIM1,pim,9,"Q:1,K:1,V:1,QK:1,Softmax:1,SV:1,O:1,FFN_W1:1,FFN_W2:1",5.3381696715870675e-05,4.4441000000000004e-05,pim|decode|4|73f0b93ba2927d0614be9f9ec9b9774c,4,sample_step,0.0006405803605904481,0.0005332920000000001,-8.940696715870671e-06,0.8325138152978088,-0.000107288360590448,0.8325138152978089
facil_prefill-128xdecode_67_ops_trace.csv,decode,4,35,19,GPU0,npu,8,"LN:-1,Add:-1,LN:-1,FFN_W3:0,FFN_W3:1,SwiGLU:0,SwiGLU:1,Add:-1",0.00017129786007163972,0.00019927040338516236,npu|decode|4|ff6dcf33668f3ebc9cf61e7eb43c6a84,4,sample_step,0.0020555743208596766,0.002391244840621948,2.797254331352264e-05,1.1632976810207907,0.00033567051976227157,1.1632976810207905
facil_prefill-128xdecode_67_ops_trace.csv,decode,4,35,19,PIM0,pim,9,"Q:0,K:0,V:0,QK:0,Softmax:0,SV:0,O:0,FFN_W1:0,FFN_W2:0",5.3381696715870675e-05,4.4441000000000004e-05,pim|decode|4|d9f2c5d5d25b036a5f39277c4750a787,4,sample_step,0.0006405803605904481,0.0005332920000000001,-8.940696715870671e-06,0.8325138152978088,-0.000107288360590448,0.8325138152978089
facil_prefill-128xdecode_67_ops_trace.csv,decode,4,35,19,PIM1,pim,9,"Q:1,K:1,V:1,QK:1,Softmax:1,SV:1,O:1,FFN_W1:1,FFN_W2:1",5.3381696715870675e-05,4.4441000000000004e-05,pim|decode|4|73f0b93ba2927d0614be9f9ec9b9774c,4,sample_step,0.0006405803605904481,0.0005332920000000001,-8.940696715870671e-06,0.8325138152978088,-0.000107288360590448,0.8325138152978089
facil_prefill-128xdecode_67_ops_trace.csv,decode,4,35,20,GPU0,npu,8,"LN:-1,Add:-1,LN:-1,FFN_W3:0,FFN_W3:1,SwiGLU:0,SwiGLU:1,Add:-1",0.00017129786007163972,0.00019927040338516236,npu|decode|4|ff6dcf33668f3ebc9cf61e7eb43c6a84,4,sample_step,0.0020555743208596766,0.002391244840621948,2.797254331352264e-05,1.1632976810207907,0.00033567051976227157,1.1632976810207905
facil_prefill-128xdecode_67_ops_trace.csv,decode,4,35,20,PIM0,pim,9,"Q:0,K:0,V:0,QK:0,Softmax:0,SV:0,O:0,FFN_W1:0,FFN_W2:0",5.3381696715870675e-05,4.4441000000000004e-05,pim|decode|4|d9f2c5d5d25b036a5f39277c4750a787,4,sample_step,0.0006405803605904481,0.0005332920000000001,-8.940696715870671e-06,0.8325138152978088,-0.000107288360590448,0.8325138152978089
facil_prefill-128xdecode_67_ops_trace.csv,decode,4,35,20,PIM1,pim,9,"Q:1,K:1,V:1,QK:1,Softmax:1,SV:1,O:1,FFN_W1:1,FFN_W2:1",5.3381696715870675e-05,4.4441000000000004e-05,pim|decode|4|73f0b93ba2927d0614be9f9ec9b9774c,4,sample_step,0.0006405803605904481,0.0005332920000000001,-8.940696715870671e-06,0.8325138152978088,-0.000107288360590448,0.8325138152978089
facil_prefill-128xdecode_67_ops_trace.csv,decode,4,35,21,GPU0,npu,8,"LN:-1,Add:-1,LN:-1,FFN_W3:0,FFN_W3:1,SwiGLU:0,SwiGLU:1,Add:-1",0.00017129786007163972,0.00019927040338516236,npu|decode|4|ff6dcf33668f3ebc9cf61e7eb43c6a84,4,sample_step,0.0020555743208596766,0.002391244840621948,2.797254331352264e-05,1.1632976810207907,0.00033567051976227157,1.1632976810207905
facil_prefill-128xdecode_67_ops_trace.csv,decode,4,35,21,PIM0,pim,9,"Q:0,K:0,V:0,QK:0,Softmax:0,SV:0,O:0,FFN_W1:0,FFN_W2:0",5.3381696715870675e-05,4.4441000000000004e-05,pim|decode|4|d9f2c5d5d25b036a5f39277c4750a787,4,sample_step,0.0006405803605904481,0.0005332920000000001,-8.940696715870671e-06,0.8325138152978088,-0.000107288360590448,0.8325138152978089
facil_prefill-128xdecode_67_ops_trace.csv,decode,4,35,21,PIM1,pim,9,"Q:1,K:1,V:1,QK:1,Softmax:1,SV:1,O:1,FFN_W1:1,FFN_W2:1",5.3381696715870675e-05,4.4441000000000004e-05,pim|decode|4|73f0b93ba2927d0614be9f9ec9b9774c,4,sample_step,0.0006405803605904481,0.0005332920000000001,-8.940696715870671e-06,0.8325138152978088,-0.000107288360590448,0.8325138152978089
facil_prefill-128xdecode_67_ops_trace.csv,decode,4,35,22,GPU0,npu,8,"LN:-1,Add:-1,LN:-1,FFN_W3:0,FFN_W3:1,SwiGLU:0,SwiGLU:1,Add:-1",0.00017129786007163972,0.00019927040338516236,npu|decode|4|ff6dcf33668f3ebc9cf61e7eb43c6a84,4,sample_step,0.0020555743208596766,0.002391244840621948,2.797254331352264e-05,1.1632976810207907,0.00033567051976227157,1.1632976810207905
facil_prefill-128xdecode_67_ops_trace.csv,decode,4,35,22,PIM0,pim,9,"Q:0,K:0,V:0,QK:0,Softmax:0,SV:0,O:0,FFN_W1:0,FFN_W2:0",5.3381696715870675e-05,4.4441000000000004e-05,pim|decode|4|d9f2c5d5d25b036a5f39277c4750a787,4,sample_step,0.0006405803605904481,0.0005332920000000001,-8.940696715870671e-06,0.8325138152978088,-0.000107288360590448,0.8325138152978089
facil_prefill-128xdecode_67_ops_trace.csv,decode,4,35,22,PIM1,pim,9,"Q:1,K:1,V:1,QK:1,Softmax:1,SV:1,O:1,FFN_W1:1,FFN_W2:1",5.3381696715870675e-05,4.4441000000000004e-05,pim|decode|4|73f0b93ba2927d0614be9f9ec9b9774c,4,sample_step,0.0006405803605904481,0.0005332920000000001,-8.940696715870671e-06,0.8325138152978088,-0.000107288360590448,0.8325138152978089
facil_prefill-128xdecode_67_ops_trace.csv,decode,4,35,23,GPU0,npu,8,"LN:-1,Add:-1,LN:-1,FFN_W3:0,FFN_W3:1,SwiGLU:0,SwiGLU:1,Add:-1",0.00017129786007163972,0.00019927040338516236,npu|decode|4|ff6dcf33668f3ebc9cf61e7eb43c6a84,4,sample_step,0.0020555743208596766,0.002391244840621948,2.797254331352264e-05,1.1632976810207907,0.00033567051976227157,1.1632976810207905
facil_prefill-128xdecode_67_ops_trace.csv,decode,4,35,23,PIM0,pim,9,"Q:0,K:0,V:0,QK:0,Softmax:0,SV:0,O:0,FFN_W1:0,FFN_W2:0",5.3381696715870675e-05,4.4441000000000004e-05,pim|decode|4|d9f2c5d5d25b036a5f39277c4750a787,4,sample_step,0.0006405803605904481,0.0005332920000000001,-8.940696715870671e-06,0.8325138152978088,-0.000107288360590448,0.8325138152978089
facil_prefill-128xdecode_67_ops_trace.csv,decode,4,35,23,PIM1,pim,9,"Q:1,K:1,V:1,QK:1,Softmax:1,SV:1,O:1,FFN_W1:1,FFN_W2:1",5.3381696715870675e-05,4.4441000000000004e-05,pim|decode|4|73f0b93ba2927d0614be9f9ec9b9774c,4,sample_step,0.0006405803605904481,0.0005332920000000001,-8.940696715870671e-06,0.8325138152978088,-0.000107288360590448,0.8325138152978089
facil_prefill-128xdecode_67_ops_trace.csv,decode,4,35,24,GPU0,npu,8,"LN:-1,Add:-1,LN:-1,FFN_W3:0,FFN_W3:1,SwiGLU:0,SwiGLU:1,Add:-1",0.00017129786007163972,0.00019927040338516236,npu|decode|4|ff6dcf33668f3ebc9cf61e7eb43c6a84,4,sample_step,0.0020555743208596766,0.002391244840621948,2.797254331352264e-05,1.1632976810207907,0.00033567051976227157,1.1632976810207905
facil_prefill-128xdecode_67_ops_trace.csv,decode,4,35,24,PIM0,pim,9,"Q:0,K:0,V:0,QK:0,Softmax:0,SV:0,O:0,FFN_W1:0,FFN_W2:0",5.3381696715870675e-05,4.4441000000000004e-05,pim|decode|4|d9f2c5d5d25b036a5f39277c4750a787,4,sample_step,0.0006405803605904481,0.0005332920000000001,-8.940696715870671e-06,0.8325138152978088,-0.000107288360590448,0.8325138152978089
facil_prefill-128xdecode_67_ops_trace.csv,decode,4,35,24,PIM1,pim,9,"Q:1,K:1,V:1,QK:1,Softmax:1,SV:1,O:1,FFN_W1:1,FFN_W2:1",5.3381696715870675e-05,4.4441000000000004e-05,pim|decode|4|73f0b93ba2927d0614be9f9ec9b9774c,4,sample_step,0.0006405803605904481,0.0005332920000000001,-8.940696715870671e-06,0.8325138152978088,-0.000107288360590448,0.8325138152978089
facil_prefill-128xdecode_67_ops_trace.csv,decode,4,35,25,GPU0,npu,8,"LN:-1,Add:-1,LN:-1,FFN_W3:0,FFN_W3:1,SwiGLU:0,SwiGLU:1,Add:-1",0.00017129786007163972,0.00019927040338516236,npu|decode|4|ff6dcf33668f3ebc9cf61e7eb43c6a84,4,sample_step,0.0020555743208596766,0.002391244840621948,2.797254331352264e-05,1.1632976810207907,0.00033567051976227157,1.1632976810207905
facil_prefill-128xdecode_67_ops_trace.csv,decode,4,35,25,PIM0,pim,9,"Q:0,K:0,V:0,QK:0,Softmax:0,SV:0,O:0,FFN_W1:0,FFN_W2:0",5.3381696715870675e-05,4.4441000000000004e-05,pim|decode|4|d9f2c5d5d25b036a5f39277c4750a787,4,sample_step,0.0006405803605904481,0.0005332920000000001,-8.940696715870671e-06,0.8325138152978088,-0.000107288360590448,0.8325138152978089
facil_prefill-128xdecode_67_ops_trace.csv,decode,4,35,25,PIM1,pim,9,"Q:1,K:1,V:1,QK:1,Softmax:1,SV:1,O:1,FFN_W1:1,FFN_W2:1",5.3381696715870675e-05,4.4441000000000004e-05,pim|decode|4|73f0b93ba2927d0614be9f9ec9b9774c,4,sample_step,0.0006405803605904481,0.0005332920000000001,-8.940696715870671e-06,0.8325138152978088,-0.000107288360590448,0.8325138152978089
facil_prefill-128xdecode_67_ops_trace.csv,decode,4,35,26,GPU0,npu,8,"LN:-1,Add:-1,LN:-1,FFN_W3:0,FFN_W3:1,SwiGLU:0,SwiGLU:1,Add:-1",0.00017129786007163972,0.00019927040338516236,npu|decode|4|ff6dcf33668f3ebc9cf61e7eb43c6a84,4,sample_step,0.0020555743208596766,0.002391244840621948,2.797254331352264e-05,1.1632976810207907,0.00033567051976227157,1.1632976810207905
facil_prefill-128xdecode_67_ops_trace.csv,decode,4,35,26,PIM0,pim,9,"Q:0,K:0,V:0,QK:0,Softmax:0,SV:0,O:0,FFN_W1:0,FFN_W2:0",5.3381696715870675e-05,4.4441000000000004e-05,pim|decode|4|d9f2c5d5d25b036a5f39277c4750a787,4,sample_step,0.0006405803605904481,0.0005332920000000001,-8.940696715870671e-06,0.8325138152978088,-0.000107288360590448,0.8325138152978089
facil_prefill-128xdecode_67_ops_trace.csv,decode,4,35,26,PIM1,pim,9,"Q:1,K:1,V:1,QK:1,Softmax:1,SV:1,O:1,FFN_W1:1,FFN_W2:1",5.3381696715870675e-05,4.4441000000000004e-05,pim|decode|4|73f0b93ba2927d0614be9f9ec9b9774c,4,sample_step,0.0006405803605904481,0.0005332920000000001,-8.940696715870671e-06,0.8325138152978088,-0.000107288360590448,0.8325138152978089
facil_prefill-128xdecode_67_ops_trace.csv,decode,4,35,27,GPU0,npu,8,"LN:-1,Add:-1,LN:-1,FFN_W3:0,FFN_W3:1,SwiGLU:0,SwiGLU:1,Add:-1",0.00017129786007163972,0.00019927040338516236,npu|decode|4|ff6dcf33668f3ebc9cf61e7eb43c6a84,4,sample_step,0.0020555743208596766,0.002391244840621948,2.797254331352264e-05,1.1632976810207907,0.00033567051976227157,1.1632976810207905
facil_prefill-128xdecode_67_ops_trace.csv,decode,4,35,27,PIM0,pim,9,"Q:0,K:0,V:0,QK:0,Softmax:0,SV:0,O:0,FFN_W1:0,FFN_W2:0",5.3381696715870675e-05,4.4441000000000004e-05,pim|decode|4|d9f2c5d5d25b036a5f39277c4750a787,4,sample_step,0.0006405803605904481,0.0005332920000000001,-8.940696715870671e-06,0.8325138152978088,-0.000107288360590448,0.8325138152978089
facil_prefill-128xdecode_67_ops_trace.csv,decode,4,35,27,PIM1,pim,9,"Q:1,K:1,V:1,QK:1,Softmax:1,SV:1,O:1,FFN_W1:1,FFN_W2:1",5.3381696715870675e-05,4.4441000000000004e-05,pim|decode|4|73f0b93ba2927d0614be9f9ec9b9774c,4,sample_step,0.0006405803605904481,0.0005332920000000001,-8.940696715870671e-06,0.8325138152978088,-0.000107288360590448,0.8325138152978089
facil_prefill-128xdecode_67_ops_trace.csv,decode,4,35,28,GPU0,npu,8,"LN:-1,Add:-1,LN:-1,FFN_W3:0,FFN_W3:1,SwiGLU:0,SwiGLU:1,Add:-1",0.00017129786007163972,0.00019927040338516236,npu|decode|4|ff6dcf33668f3ebc9cf61e7eb43c6a84,4,sample_step,0.0020555743208596766,0.002391244840621948,2.797254331352264e-05,1.1632976810207907,0.00033567051976227157,1.1632976810207905
facil_prefill-128xdecode_67_ops_trace.csv,decode,4,35,28,PIM0,pim,9,"Q:0,K:0,V:0,QK:0,Softmax:0,SV:0,O:0,FFN_W1:0,FFN_W2:0",5.3381696715870675e-05,4.4441000000000004e-05,pim|decode|4|d9f2c5d5d25b036a5f39277c4750a787,4,sample_step,0.0006405803605904481,0.0005332920000000001,-8.940696715870671e-06,0.8325138152978088,-0.000107288360590448,0.8325138152978089
facil_prefill-128xdecode_67_ops_trace.csv,decode,4,35,28,PIM1,pim,9,"Q:1,K:1,V:1,QK:1,Softmax:1,SV:1,O:1,FFN_W1:1,FFN_W2:1",5.3381696715870675e-05,4.4441000000000004e-05,pim|decode|4|73f0b93ba2927d0614be9f9ec9b9774c,4,sample_step,0.0006405803605904481,0.0005332920000000001,-8.940696715870671e-06,0.8325138152978088,-0.000107288360590448,0.8325138152978089
facil_prefill-128xdecode_67_ops_trace.csv,decode,4,35,29,GPU0,npu,8,"LN:-1,Add:-1,LN:-1,FFN_W3:0,FFN_W3:1,SwiGLU:0,SwiGLU:1,Add:-1",0.00017129786007163972,0.00019927040338516236,npu|decode|4|ff6dcf33668f3ebc9cf61e7eb43c6a84,4,sample_step,0.0020555743208596766,0.002391244840621948,2.797254331352264e-05,1.1632976810207907,0.00033567051976227157,1.1632976810207905
facil_prefill-128xdecode_67_ops_trace.csv,decode,4,35,29,PIM0,pim,9,"Q:0,K:0,V:0,QK:0,Softmax:0,SV:0,O:0,FFN_W1:0,FFN_W2:0",5.3381696715870675e-05,4.4441000000000004e-05,pim|decode|4|d9f2c5d5d25b036a5f39277c4750a787,4,sample_step,0.0006405803605904481,0.0005332920000000001,-8.940696715870671e-06,0.8325138152978088,-0.000107288360590448,0.8325138152978089
facil_prefill-128xdecode_67_ops_trace.csv,decode,4,35,29,PIM1,pim,9,"Q:1,K:1,V:1,QK:1,Softmax:1,SV:1,O:1,FFN_W1:1,FFN_W2:1",5.3381696715870675e-05,4.4441000000000004e-05,pim|decode|4|73f0b93ba2927d0614be9f9ec9b9774c,4,sample_step,0.0006405803605904481,0.0005332920000000001,-8.940696715870671e-06,0.8325138152978088,-0.000107288360590448,0.8325138152978089
facil_prefill-128xdecode_67_ops_trace.csv,decode,4,35,30,GPU0,npu,8,"LN:-1,Add:-1,LN:-1,FFN_W3:0,FFN_W3:1,SwiGLU:0,SwiGLU:1,Add:-1",0.00017129786007163972,0.00019927040338516236,npu|decode|4|ff6dcf33668f3ebc9cf61e7eb43c6a84,4,sample_step,0.0020555743208596766,0.002391244840621948,2.797254331352264e-05,1.1632976810207907,0.00033567051976227157,1.1632976810207905
facil_prefill-128xdecode_67_ops_trace.csv,decode,4,35,30,PIM0,pim,9,"Q:0,K:0,V:0,QK:0,Softmax:0,SV:0,O:0,FFN_W1:0,FFN_W2:0",5.3381696715870675e-05,4.4441000000000004e-05,pim|decode|4|d9f2c5d5d25b036a5f39277c4750a787,4,sample_step,0.0006405803605904481,0.0005332920000000001,-8.940696715870671e-06,0.8325138152978088,-0.000107288360590448,0.8325138152978089
facil_prefill-128xdecode_67_ops_trace.csv,decode,4,35,30,PIM1,pim,9,"Q:1,K:1,V:1,QK:1,Softmax:1,SV:1,O:1,FFN_W1:1,FFN_W2:1",5.3381696715870675e-05,4.4441000000000004e-05,pim|decode|4|73f0b93ba2927d0614be9f9ec9b9774c,4,sample_step,0.0006405803605904481,0.0005332920000000001,-8.940696715870671e-06,0.8325138152978088,-0.000107288360590448,0.8325138152978089
facil_prefill-128xdecode_67_ops_trace.csv,decode,4,35,31,GPU0,npu,8,"LN:-1,Add:-1,LN:-1,FFN_W3:0,FFN_W3:1,SwiGLU:0,SwiGLU:1,Add:-1",0.00017129786007163972,0.00019927040338516236,npu|decode|4|ff6dcf33668f3ebc9cf61e7eb43c6a84,4,sample_step,0.0020555743208596766,0.002391244840621948,2.797254331352264e-05,1.1632976810207907,0.00033567051976227157,1.1632976810207905
facil_prefill-128xdecode_67_ops_trace.csv,decode,4,35,31,PIM0,pim,9,"Q:0,K:0,V:0,QK:0,Softmax:0,SV:0,O:0,FFN_W1:0,FFN_W2:0",5.3381696715870675e-05,4.4441000000000004e-05,pim|decode|4|d9f2c5d5d25b036a5f39277c4750a787,4,sample_step,0.0006405803605904481,0.0005332920000000001,-8.940696715870671e-06,0.8325138152978088,-0.000107288360590448,0.8325138152978089
facil_prefill-128xdecode_67_ops_trace.csv,decode,4,35,31,PIM1,pim,9,"Q:1,K:1,V:1,QK:1,Softmax:1,SV:1,O:1,FFN_W1:1,FFN_W2:1",5.3381696715870675e-05,4.4441000000000004e-05,pim|decode|4|73f0b93ba2927d0614be9f9ec9b9774c,4,sample_step,0.0006405803605904481,0.0005332920000000001,-8.940696715870671e-06,0.8325138152978088,-0.000107288360590448,0.8325138152978089
facil_prefill-128xdecode_67_ops_trace.csv,decode,5,47,0,GPU0,npu,8,"LN:-1,Add:-1,LN:-1,FFN_W3:0,FFN_W3:1,SwiGLU:0,SwiGLU:1,Add:-1",0.00017129786007163972,0.0002017280101776123,npu|decode|5|ff6dcf33668f3ebc9cf61e7eb43c6a84,5,sample_step,0.0020555743208596766,0.0024207361221313477,3.0430150105972592e-05,1.1776446599697519,0.0003651618012716711,1.1776446599697519
facil_prefill-128xdecode_67_ops_trace.csv,decode,5,47,0,PIM0,pim,9,"Q:0,K:0,V:0,QK:0,Softmax:0,SV:0,O:0,FFN_W1:0,FFN_W2:0",5.3381696715870675e-05,4.4441000000000004e-05,pim|decode|5|d9f2c5d5d25b036a5f39277c4750a787,5,sample_step,0.0006405803605904481,0.0005332920000000001,-8.940696715870671e-06,0.8325138152978088,-0.000107288360590448,0.8325138152978089
facil_prefill-128xdecode_67_ops_trace.csv,decode,5,47,0,PIM1,pim,9,"Q:1,K:1,V:1,QK:1,Softmax:1,SV:1,O:1,FFN_W1:1,FFN_W2:1",5.3381696715870675e-05,4.4441000000000004e-05,pim|decode|5|73f0b93ba2927d0614be9f9ec9b9774c,5,sample_step,0.0006405803605904481,0.0005332920000000001,-8.940696715870671e-06,0.8325138152978088,-0.000107288360590448,0.8325138152978089
facil_prefill-128xdecode_67_ops_trace.csv,decode,5,47,1,GPU0,npu,8,"LN:-1,Add:-1,LN:-1,FFN_W3:0,FFN_W3:1,SwiGLU:0,SwiGLU:1,Add:-1",0.00017129786007163972,0.0002017280101776123,npu|decode|5|ff6dcf33668f3ebc9cf61e7eb43c6a84,5,sample_step,0.0020555743208596766,0.0024207361221313477,3.0430150105972592e-05,1.1776446599697519,0.0003651618012716711,1.1776446599697519
facil_prefill-128xdecode_67_ops_trace.csv,decode,5,47,1,PIM0,pim,9,"Q:0,K:0,V:0,QK:0,Softmax:0,SV:0,O:0,FFN_W1:0,FFN_W2:0",5.3381696715870675e-05,4.4441000000000004e-05,pim|decode|5|d9f2c5d5d25b036a5f39277c4750a787,5,sample_step,0.0006405803605904481,0.0005332920000000001,-8.940696715870671e-06,0.8325138152978088,-0.000107288360590448,0.8325138152978089
facil_prefill-128xdecode_67_ops_trace.csv,decode,5,47,1,PIM1,pim,9,"Q:1,K:1,V:1,QK:1,Softmax:1,SV:1,O:1,FFN_W1:1,FFN_W2:1",5.3381696715870675e-05,4.4441000000000004e-05,pim|decode|5|73f0b93ba2927d0614be9f9ec9b9774c,5,sample_step,0.0006405803605904481,0.0005332920000000001,-8.940696715870671e-06,0.8325138152978088,-0.000107288360590448,0.8325138152978089
facil_prefill-128xdecode_67_ops_trace.csv,decode,5,47,2,GPU0,npu,8,"LN:-1,Add:-1,LN:-1,FFN_W3:0,FFN_W3:1,SwiGLU:0,SwiGLU:1,Add:-1",0.00017129786007163972,0.0002017280101776123,npu|decode|5|ff6dcf33668f3ebc9cf61e7eb43c6a84,5,sample_step,0.0020555743208596766,0.0024207361221313477,3.0430150105972592e-05,1.1776446599697519,0.0003651618012716711,1.1776446599697519
facil_prefill-128xdecode_67_ops_trace.csv,decode,5,47,2,PIM0,pim,9,"Q:0,K:0,V:0,QK:0,Softmax:0,SV:0,O:0,FFN_W1:0,FFN_W2:0",5.3381696715870675e-05,4.4441000000000004e-05,pim|decode|5|d9f2c5d5d25b036a5f39277c4750a787,5,sample_step,0.0006405803605904481,0.0005332920000000001,-8.940696715870671e-06,0.8325138152978088,-0.000107288360590448,0.8325138152978089
facil_prefill-128xdecode_67_ops_trace.csv,decode,5,47,2,PIM1,pim,9,"Q:1,K:1,V:1,QK:1,Softmax:1,SV:1,O:1,FFN_W1:1,FFN_W2:1",5.3381696715870675e-05,4.4441000000000004e-05,pim|decode|5|73f0b93ba2927d0614be9f9ec9b9774c,5,sample_step,0.0006405803605904481,0.0005332920000000001,-8.940696715870671e-06,0.8325138152978088,-0.000107288360590448,0.8325138152978089
facil_prefill-128xdecode_67_ops_trace.csv,decode,5,47,3,GPU0,npu,8,"LN:-1,Add:-1,LN:-1,FFN_W3:0,FFN_W3:1,SwiGLU:0,SwiGLU:1,Add:-1",0.00017129786007163972,0.0002017280101776123,npu|decode|5|ff6dcf33668f3ebc9cf61e7eb43c6a84,5,sample_step,0.0020555743208596766,0.0024207361221313477,3.0430150105972592e-05,1.1776446599697519,0.0003651618012716711,1.1776446599697519
facil_prefill-128xdecode_67_ops_trace.csv,decode,5,47,3,PIM0,pim,9,"Q:0,K:0,V:0,QK:0,Softmax:0,SV:0,O:0,FFN_W1:0,FFN_W2:0",5.3381696715870675e-05,4.4441000000000004e-05,pim|decode|5|d9f2c5d5d25b036a5f39277c4750a787,5,sample_step,0.0006405803605904481,0.0005332920000000001,-8.940696715870671e-06,0.8325138152978088,-0.000107288360590448,0.8325138152978089
facil_prefill-128xdecode_67_ops_trace.csv,decode,5,47,3,PIM1,pim,9,"Q:1,K:1,V:1,QK:1,Softmax:1,SV:1,O:1,FFN_W1:1,FFN_W2:1",5.3381696715870675e-05,4.4441000000000004e-05,pim|decode|5|73f0b93ba2927d0614be9f9ec9b9774c,5,sample_step,0.0006405803605904481,0.0005332920000000001,-8.940696715870671e-06,0.8325138152978088,-0.000107288360590448,0.8325138152978089
facil_prefill-128xdecode_67_ops_trace.csv,decode,5,47,4,GPU0,npu,8,"LN:-1,Add:-1,LN:-1,FFN_W3:0,FFN_W3:1,SwiGLU:0,SwiGLU:1,Add:-1",0.00017129786007163972,0.0002017280101776123,npu|decode|5|ff6dcf33668f3ebc9cf61e7eb43c6a84,5,sample_step,0.0020555743208596766,0.0024207361221313477,3.0430150105972592e-05,1.1776446599697519,0.0003651618012716711,1.1776446599697519
facil_prefill-128xdecode_67_ops_trace.csv,decode,5,47,4,PIM0,pim,9,"Q:0,K:0,V:0,QK:0,Softmax:0,SV:0,O:0,FFN_W1:0,FFN_W2:0",5.3381696715870675e-05,4.4441000000000004e-05,pim|decode|5|d9f2c5d5d25b036a5f39277c4750a787,5,sample_step,0.0006405803605904481,0.0005332920000000001,-8.940696715870671e-06,0.8325138152978088,-0.000107288360590448,0.8325138152978089
facil_prefill-128xdecode_67_ops_trace.csv,decode,5,47,4,PIM1,pim,9,"Q:1,K:1,V:1,QK:1,Softmax:1,SV:1,O:1,FFN_W1:1,FFN_W2:1",5.3381696715870675e-05,4.4441000000000004e-05,pim|decode|5|73f0b93ba2927d0614be9f9ec9b9774c,5,sample_step,0.0006405803605904481,0.0005332920000000001,-8.940696715870671e-06,0.8325138152978088,-0.000107288360590448,0.8325138152978089
facil_prefill-128xdecode_67_ops_trace.csv,decode,5,47,5,GPU0,npu,8,"LN:-1,Add:-1,LN:-1,FFN_W3:0,FFN_W3:1,SwiGLU:0,SwiGLU:1,Add:-1",0.00017129786007163972,0.0002017280101776123,npu|decode|5|ff6dcf33668f3ebc9cf61e7eb43c6a84,5,sample_step,0.0020555743208596766,0.0024207361221313477,3.0430150105972592e-05,1.1776446599697519,0.0003651618012716711,1.1776446599697519
facil_prefill-128xdecode_67_ops_trace.csv,decode,5,47,5,PIM0,pim,9,"Q:0,K:0,V:0,QK:0,Softmax:0,SV:0,O:0,FFN_W1:0,FFN_W2:0",5.3381696715870675e-05,4.4441000000000004e-05,pim|decode|5|d9f2c5d5d25b036a5f39277c4750a787,5,sample_step,0.0006405803605904481,0.0005332920000000001,-8.940696715870671e-06,0.8325138152978088,-0.000107288360590448,0.8325138152978089
facil_prefill-128xdecode_67_ops_trace.csv,decode,5,47,5,PIM1,pim,9,"Q:1,K:1,V:1,QK:1,Softmax:1,SV:1,O:1,FFN_W1:1,FFN_W2:1",5.3381696715870675e-05,4.4441000000000004e-05,pim|decode|5|73f0b93ba2927d0614be9f9ec9b9774c,5,sample_step,0.0006405803605904481,0.0005332920000000001,-8.940696715870671e-06,0.8325138152978088,-0.000107288360590448,0.8325138152978089
facil_prefill-128xdecode_67_ops_trace.csv,decode,5,47,6,GPU0,npu,8,"LN:-1,Add:-1,LN:-1,FFN_W3:0,FFN_W3:1,SwiGLU:0,SwiGLU:1,Add:-1",0.00017129786007163972,0.0002017280101776123,npu|decode|5|ff6dcf33668f3ebc9cf61e7eb43c6a84,5,sample_step,0.0020555743208596766,0.0024207361221313477,3.0430150105972592e-05,1.1776446599697519,0.0003651618012716711,1.1776446599697519
facil_prefill-128xdecode_67_ops_trace.csv,decode,5,47,6,PIM0,pim,9,"Q:0,K:0,V:0,QK:0,Softmax:0,SV:0,O:0,FFN_W1:0,FFN_W2:0",5.3381696715870675e-05,4.4441000000000004e-05,pim|decode|5|d9f2c5d5d25b036a5f39277c4750a787,5,sample_step,0.0006405803605904481,0.0005332920000000001,-8.940696715870671e-06,0.8325138152978088,-0.000107288360590448,0.8325138152978089
facil_prefill-128xdecode_67_ops_trace.csv,decode,5,47,6,PIM1,pim,9,"Q:1,K:1,V:1,QK:1,Softmax:1,SV:1,O:1,FFN_W1:1,FFN_W2:1",5.3381696715870675e-05,4.4441000000000004e-05,pim|decode|5|73f0b93ba2927d0614be9f9ec9b9774c,5,sample_step,0.0006405803605904481,0.0005332920000000001,-8.940696715870671e-06,0.8325138152978088,-0.000107288360590448,0.8325138152978089
facil_prefill-128xdecode_67_ops_trace.csv,decode,5,47,7,GPU0,npu,8,"LN:-1,Add:-1,LN:-1,FFN_W3:0,FFN_W3:1,SwiGLU:0,SwiGLU:1,Add:-1",0.00017129786007163972,0.0002017280101776123,npu|decode|5|ff6dcf33668f3ebc9cf61e7eb43c6a84,5,sample_step,0.0020555743208596766,0.0024207361221313477,3.0430150105972592e-05,1.1776446599697519,0.0003651618012716711,1.1776446599697519
facil_prefill-128xdecode_67_ops_trace.csv,decode,5,47,7,PIM0,pim,9,"Q:0,K:0,V:0,QK:0,Softmax:0,SV:0,O:0,FFN_W1:0,FFN_W2:0",5.3381696715870675e-05,4.4441000000000004e-05,pim|decode|5|d9f2c5d5d25b036a5f39277c4750a787,5,sample_step,0.0006405803605904481,0.0005332920000000001,-8.940696715870671e-06,0.8325138152978088,-0.000107288360590448,0.8325138152978089
facil_prefill-128xdecode_67_ops_trace.csv,decode,5,47,7,PIM1,pim,9,"Q:1,K:1,V:1,QK:1,Softmax:1,SV:1,O:1,FFN_W1:1,FFN_W2:1",5.3381696715870675e-05,4.4441000000000004e-05,pim|decode|5|73f0b93ba2927d0614be9f9ec9b9774c,5,sample_step,0.0006405803605904481,0.0005332920000000001,-8.940696715870671e-06,0.8325138152978088,-0.000107288360590448,0.8325138152978089
facil_prefill-128xdecode_67_ops_trace.csv,decode,5,47,8,GPU0,npu,8,"LN:-1,Add:-1,LN:-1,FFN_W3:0,FFN_W3:1,SwiGLU:0,SwiGLU:1,Add:-1",0.00017129786007163972,0.0002017280101776123,npu|decode|5|ff6dcf33668f3ebc9cf61e7eb43c6a84,5,sample_step,0.0020555743208596766,0.0024207361221313477,3.0430150105972592e-05,1.1776446599697519,0.0003651618012716711,1.1776446599697519
facil_prefill-128xdecode_67_ops_trace.csv,decode,5,47,8,PIM0,pim,9,"Q:0,K:0,V:0,QK:0,Softmax:0,SV:0,O:0,FFN_W1:0,FFN_W2:0",5.3381696715870675e-05,4.4441000000000004e-05,pim|decode|5|d9f2c5d5d25b036a5f39277c4750a787,5,sample_step,0.0006405803605904481,0.0005332920000000001,-8.940696715870671e-06,0.8325138152978088,-0.000107288360590448,0.8325138152978089
facil_prefill-128xdecode_67_ops_trace.csv,decode,5,47,8,PIM1,pim,9,"Q:1,K:1,V:1,QK:1,Softmax:1,SV:1,O:1,FFN_W1:1,FFN_W2:1",5.3381696715870675e-05,4.4441000000000004e-05,pim|decode|5|73f0b93ba2927d0614be9f9ec9b9774c,5,sample_step,0.0006405803605904481,0.0005332920000000001,-8.940696715870671e-06,0.8325138152978088,-0.000107288360590448,0.8325138152978089
facil_prefill-128xdecode_67_ops_trace.csv,decode,5,47,9,GPU0,npu,8,"LN:-1,Add:-1,LN:-1,FFN_W3:0,FFN_W3:1,SwiGLU:0,SwiGLU:1,Add:-1",0.00017129786007163972,0.0002017280101776123,npu|decode|5|ff6dcf33668f3ebc9cf61e7eb43c6a84,5,sample_step,0.0020555743208596766,0.0024207361221313477,3.0430150105972592e-05,1.1776446599697519,0.0003651618012716711,1.1776446599697519
facil_prefill-128xdecode_67_ops_trace.csv,decode,5,47,9,PIM0,pim,9,"Q:0,K:0,V:0,QK:0,Softmax:0,SV:0,O:0,FFN_W1:0,FFN_W2:0",5.3381696715870675e-05,4.4441000000000004e-05,pim|decode|5|d9f2c5d5d25b036a5f39277c4750a787,5,sample_step,0.0006405803605904481,0.0005332920000000001,-8.940696715870671e-06,0.8325138152978088,-0.000107288360590448,0.8325138152978089
facil_prefill-128xdecode_67_ops_trace.csv,decode,5,47,9,PIM1,pim,9,"Q:1,K:1,V:1,QK:1,Softmax:1,SV:1,O:1,FFN_W1:1,FFN_W2:1",5.3381696715870675e-05,4.4441000000000004e-05,pim|decode|5|73f0b93ba2927d0614be9f9ec9b9774c,5,sample_step,0.0006405803605904481,0.0005332920000000001,-8.940696715870671e-06,0.8325138152978088,-0.000107288360590448,0.8325138152978089
facil_prefill-128xdecode_67_ops_trace.csv,decode,5,47,10,GPU0,npu,8,"LN:-1,Add:-1,LN:-1,FFN_W3:0,FFN_W3:1,SwiGLU:0,SwiGLU:1,Add:-1",0.00017129786007163972,0.0002017280101776123,npu|decode|5|ff6dcf33668f3ebc9cf61e7eb43c6a84,5,sample_step,0.0020555743208596766,0.0024207361221313477,3.0430150105972592e-05,1.1776446599697519,0.0003651618012716711,1.1776446599697519
facil_prefill-128xdecode_67_ops_trace.csv,decode,5,47,10,PIM0,pim,9,"Q:0,K:0,V:0,QK:0,Softmax:0,SV:0,O:0,FFN_W1:0,FFN_W2:0",5.3381696715870675e-05,4.4441000000000004e-05,pim|decode|5|d9f2c5d5d25b036a5f39277c4750a787,5,sample_step,0.0006405803605904481,0.0005332920000000001,-8.940696715870671e-06,0.8325138152978088,-0.000107288360590448,0.8325138152978089
facil_prefill-128xdecode_67_ops_trace.csv,decode,5,47,10,PIM1,pim,9,"Q:1,K:1,V:1,QK:1,Softmax:1,SV:1,O:1,FFN_W1:1,FFN_W2:1",5.3381696715870675e-05,4.4441000000000004e-05,pim|decode|5|73f0b93ba2927d0614be9f9ec9b9774c,5,sample_step,0.0006405803605904481,0.0005332920000000001,-8.940696715870671e-06,0.8325138152978088,-0.000107288360590448,0.8325138152978089
facil_prefill-128xdecode_67_ops_trace.csv,decode,5,47,11,GPU0,npu,8,"LN:-1,Add:-1,LN:-1,FFN_W3:0,FFN_W3:1,SwiGLU:0,SwiGLU:1,Add:-1",0.00017129786007163972,0.0002017280101776123,npu|decode|5|ff6dcf33668f3ebc9cf61e7eb43c6a84,5,sample_step,0.0020555743208596766,0.0024207361221313477,3.0430150105972592e-05,1.1776446599697519,0.0003651618012716711,1.1776446599697519
facil_prefill-128xdecode_67_ops_trace.csv,decode,5,47,11,PIM0,pim,9,"Q:0,K:0,V:0,QK:0,Softmax:0,SV:0,O:0,FFN_W1:0,FFN_W2:0",5.3381696715870675e-05,4.4441000000000004e-05,pim|decode|5|d9f2c5d5d25b036a5f39277c4750a787,5,sample_step,0.0006405803605904481,0.0005332920000000001,-8.940696715870671e-06,0.8325138152978088,-0.000107288360590448,0.8325138152978089
facil_prefill-128xdecode_67_ops_trace.csv,decode,5,47,11,PIM1,pim,9,"Q:1,K:1,V:1,QK:1,Softmax:1,SV:1,O:1,FFN_W1:1,FFN_W2:1",5.3381696715870675e-05,4.4441000000000004e-05,pim|decode|5|73f0b93ba2927d0614be9f9ec9b9774c,5,sample_step,0.0006405803605904481,0.0005332920000000001,-8.940696715870671e-06,0.8325138152978088,-0.000107288360590448,0.8325138152978089
facil_prefill-128xdecode_67_ops_trace.csv,decode,5,47,12,GPU0,npu,8,"LN:-1,Add:-1,LN:-1,FFN_W3:0,FFN_W3:1,SwiGLU:0,SwiGLU:1,Add:-1",0.00017129786007163972,0.0002017280101776123,npu|decode|5|ff6dcf33668f3ebc9cf61e7eb43c6a84,5,sample_step,0.0020555743208596766,0.0024207361221313477,3.0430150105972592e-05,1.1776446599697519,0.0003651618012716711,1.1776446599697519
facil_prefill-128xdecode_67_ops_trace.csv,decode,5,47,12,PIM0,pim,9,"Q:0,K:0,V:0,QK:0,Softmax:0,SV:0,O:0,FFN_W1:0,FFN_W2:0",5.3381696715870675e-05,4.4441000000000004e-05,pim|decode|5|d9f2c5d5d25b036a5f39277c4750a787,5,sample_step,0.0006405803605904481,0.0005332920000000001,-8.940696715870671e-06,0.8325138152978088,-0.000107288360590448,0.8325138152978089
facil_prefill-128xdecode_67_ops_trace.csv,decode,5,47,12,PIM1,pim,9,"Q:1,K:1,V:1,QK:1,Softmax:1,SV:1,O:1,FFN_W1:1,FFN_W2:1",5.3381696715870675e-05,4.4441000000000004e-05,pim|decode|5|73f0b93ba2927d0614be9f9ec9b9774c,5,sample_step,0.0006405803605904481,0.0005332920000000001,-8.940696715870671e-06,0.8325138152978088,-0.000107288360590448,0.8325138152978089
facil_prefill-128xdecode_67_ops_trace.csv,decode,5,47,13,GPU0,npu,8,"LN:-1,Add:-1,LN:-1,FFN_W3:0,FFN_W3:1,SwiGLU:0,SwiGLU:1,Add:-1",0.00017129786007163972,0.0002017280101776123,npu|decode|5|ff6dcf33668f3ebc9cf61e7eb43c6a84,5,sample_step,0.0020555743208596766,0.0024207361221313477,3.0430150105972592e-05,1.1776446599697519,0.0003651618012716711,1.1776446599697519
facil_prefill-128xdecode_67_ops_trace.csv,decode,5,47,13,PIM0,pim,9,"Q:0,K:0,V:0,QK:0,Softmax:0,SV:0,O:0,FFN_W1:0,FFN_W2:0",5.3381696715870675e-05,4.4441000000000004e-05,pim|decode|5|d9f2c5d5d25b036a5f39277c4750a787,5,sample_step,0.0006405803605904481,0.0005332920000000001,-8.940696715870671e-06,0.8325138152978088,-0.000107288360590448,0.8325138152978089
facil_prefill-128xdecode_67_ops_trace.csv,decode,5,47,13,PIM1,pim,9,"Q:1,K:1,V:1,QK:1,Softmax:1,SV:1,O:1,FFN_W1:1,FFN_W2:1",5.3381696715870675e-05,4.4441000000000004e-05,pim|decode|5|73f0b93ba2927d0614be9f9ec9b9774c,5,sample_step,0.0006405803605904481,0.0005332920000000001,-8.940696715870671e-06,0.8325138152978088,-0.000107288360590448,0.8325138152978089
facil_prefill-128xdecode_67_ops_trace.csv,decode,5,47,14,GPU0,npu,8,"LN:-1,Add:-1,LN:-1,FFN_W3:0,FFN_W3:1,SwiGLU:0,SwiGLU:1,Add:-1",0.00017129786007163972,0.0002017280101776123,npu|decode|5|ff6dcf33668f3ebc9cf61e7eb43c6a84,5,sample_step,0.0020555743208596766,0.0024207361221313477,3.0430150105972592e-05,1.1776446599697519,0.0003651618012716711,1.1776446599697519
facil_prefill-128xdecode_67_ops_trace.csv,decode,5,47,14,PIM0,pim,9,"Q:0,K:0,V:0,QK:0,Softmax:0,SV:0,O:0,FFN_W1:0,FFN_W2:0",5.3381696715870675e-05,4.4441000000000004e-05,pim|decode|5|d9f2c5d5d25b036a5f39277c4750a787,5,sample_step,0.0006405803605904481,0.0005332920000000001,-8.940696715870671e-06,0.8325138152978088,-0.000107288360590448,0.8325138152978089
facil_prefill-128xdecode_67_ops_trace.csv,decode,5,47,14,PIM1,pim,9,"Q:1,K:1,V:1,QK:1,Softmax:1,SV:1,O:1,FFN_W1:1,FFN_W2:1",5.3381696715870675e-05,4.4441000000000004e-05,pim|decode|5|73f0b93ba2927d0614be9f9ec9b9774c,5,sample_step,0.0006405803605904481,0.0005332920000000001,-8.940696715870671e-06,0.8325138152978088,-0.000107288360590448,0.8325138152978089
facil_prefill-128xdecode_67_ops_trace.csv,decode,5,47,15,GPU0,npu,8,"LN:-1,Add:-1,LN:-1,FFN_W3:0,FFN_W3:1,SwiGLU:0,SwiGLU:1,Add:-1",0.00017129786007163972,0.0002017280101776123,npu|decode|5|ff6dcf33668f3ebc9cf61e7eb43c6a84,5,sample_step,0.0020555743208596766,0.0024207361221313477,3.0430150105972592e-05,1.1776446599697519,0.0003651618012716711,1.1776446599697519
facil_prefill-128xdecode_67_ops_trace.csv,decode,5,47,15,PIM0,pim,9,"Q:0,K:0,V:0,QK:0,Softmax:0,SV:0,O:0,FFN_W1:0,FFN_W2:0",5.3381696715870675e-05,4.4441000000000004e-05,pim|decode|5|d9f2c5d5d25b036a5f39277c4750a787,5,sample_step,0.0006405803605904481,0.0005332920000000001,-8.940696715870671e-06,0.8325138152978088,-0.000107288360590448,0.8325138152978089
facil_prefill-128xdecode_67_ops_trace.csv,decode,5,47,15,PIM1,pim,9,"Q:1,K:1,V:1,QK:1,Softmax:1,SV:1,O:1,FFN_W1:1,FFN_W2:1",5.3381696715870675e-05,4.4441000000000004e-05,pim|decode|5|73f0b93ba2927d0614be9f9ec9b9774c,5,sample_step,0.0006405803605904481,0.0005332920000000001,-8.940696715870671e-06,0.8325138152978088,-0.000107288360590448,0.8325138152978089
facil_prefill-128xdecode_67_ops_trace.csv,decode,5,47,16,GPU0,npu,8,"LN:-1,Add:-1,LN:-1,FFN_W3:0,FFN_W3:1,SwiGLU:0,SwiGLU:1,Add:-1",0.00017129786007163972,0.0002017280101776123,npu|decode|5|ff6dcf33668f3ebc9cf61e7eb43c6a84,5,sample_step,0.0020555743208596766,0.0024207361221313477,3.0430150105972592e-05,1.1776446599697519,0.0003651618012716711,1.1776446599697519
facil_prefill-128xdecode_67_ops_trace.csv,decode,5,47,16,PIM0,pim,9,"Q:0,K:0,V:0,QK:0,Softmax:0,SV:0,O:0,FFN_W1:0,FFN_W2:0",5.3381696715870675e-05,4.4441000000000004e-05,pim|decode|5|d9f2c5d5d25b036a5f39277c4750a787,5,sample_step,0.0006405803605904481,0.0005332920000000001,-8.940696715870671e-06,0.8325138152978088,-0.000107288360590448,0.8325138152978089
facil_prefill-128xdecode_67_ops_trace.csv,decode,5,47,16,PIM1,pim,9,"Q:1,K:1,V:1,QK:1,Softmax:1,SV:1,O:1,FFN_W1:1,FFN_W2:1",5.3381696715870675e-05,4.4441000000000004e-05,pim|decode|5|73f0b93ba2927d0614be9f9ec9b9774c,5,sample_step,0.0006405803605904481,0.0005332920000000001,-8.940696715870671e-06,0.8325138152978088,-0.000107288360590448,0.8325138152978089
facil_prefill-128xdecode_67_ops_trace.csv,decode,5,47,17,GPU0,npu,8,"LN:-1,Add:-1,LN:-1,FFN_W3:0,FFN_W3:1,SwiGLU:0,SwiGLU:1,Add:-1",0.00017129786007163972,0.0002017280101776123,npu|decode|5|ff6dcf33668f3ebc9cf61e7eb43c6a84,5,sample_step,0.0020555743208596766,0.0024207361221313477,3.0430150105972592e-05,1.1776446599697519,0.0003651618012716711,1.1776446599697519
facil_prefill-128xdecode_67_ops_trace.csv,decode,5,47,17,PIM0,pim,9,"Q:0,K:0,V:0,QK:0,Softmax:0,SV:0,O:0,FFN_W1:0,FFN_W2:0",5.3381696715870675e-05,4.4441000000000004e-05,pim|decode|5|d9f2c5d5d25b036a5f39277c4750a787,5,sample_step,0.0006405803605904481,0.0005332920000000001,-8.940696715870671e-06,0.8325138152978088,-0.000107288360590448,0.8325138152978089
facil_prefill-128xdecode_67_ops_trace.csv,decode,5,47,17,PIM1,pim,9,"Q:1,K:1,V:1,QK:1,Softmax:1,SV:1,O:1,FFN_W1:1,FFN_W2:1",5.3381696715870675e-05,4.4441000000000004e-05,pim|decode|5|73f0b93ba2927d0614be9f9ec9b9774c,5,sample_step,0.0006405803605904481,0.0005332920000000001,-8.940696715870671e-06,0.8325138152978088,-0.000107288360590448,0.8325138152978089
facil_prefill-128xdecode_67_ops_trace.csv,decode,5,47,18,GPU0,npu,8,"LN:-1,Add:-1,LN:-1,FFN_W3:0,FFN_W3:1,SwiGLU:0,SwiGLU:1,Add:-1",0.00017129786007163972,0.0002017280101776123,npu|decode|5|ff6dcf33668f3ebc9cf61e7eb43c6a84,5,sample_step,0.0020555743208596766,0.0024207361221313477,3.0430150105972592e-05,1.1776446599697519,0.0003651618012716711,1.1776446599697519
facil_prefill-128xdecode_67_ops_trace.csv,decode,5,47,18,PIM0,pim,9,"Q:0,K:0,V:0,QK:0,Softmax:0,SV:0,O:0,FFN_W1:0,FFN_W2:0",5.3381696715870675e-05,4.4441000000000004e-05,pim|decode|5|d9f2c5d5d25b036a5f39277c4750a787,5,sample_step,0.0006405803605904481,0.0005332920000000001,-8.940696715870671e-06,0.8325138152978088,-0.000107288360590448,0.8325138152978089
facil_prefill-128xdecode_67_ops_trace.csv,decode,5,47,18,PIM1,pim,9,"Q:1,K:1,V:1,QK:1,Softmax:1,SV:1,O:1,FFN_W1:1,FFN_W2:1",5.3381696715870675e-05,4.4441000000000004e-05,pim|decode|5|73f0b93ba2927d0614be9f9ec9b9774c,5,sample_step,0.0006405803605904481,0.0005332920000000001,-8.940696715870671e-06,0.8325138152978088,-0.000107288360590448,0.8325138152978089
facil_prefill-128xdecode_67_ops_trace.csv,decode,5,47,19,GPU0,npu,8,"LN:-1,Add:-1,LN:-1,FFN_W3:0,FFN_W3:1,SwiGLU:0,SwiGLU:1,Add:-1",0.00017129786007163972,0.0002017280101776123,npu|decode|5|ff6dcf33668f3ebc9cf61e7eb43c6a84,5,sample_step,0.0020555743208596766,0.0024207361221313477,3.0430150105972592e-05,1.1776446599697519,0.0003651618012716711,1.1776446599697519
facil_prefill-128xdecode_67_ops_trace.csv,decode,5,47,19,PIM0,pim,9,"Q:0,K:0,V:0,QK:0,Softmax:0,SV:0,O:0,FFN_W1:0,FFN_W2:0",5.3381696715870675e-05,4.4441000000000004e-05,pim|decode|5|d9f2c5d5d25b036a5f39277c4750a787,5,sample_step,0.0006405803605904481,0.0005332920000000001,-8.940696715870671e-06,0.8325138152978088,-0.000107288360590448,0.8325138152978089
facil_prefill-128xdecode_67_ops_trace.csv,decode,5,47,19,PIM1,pim,9,"Q:1,K:1,V:1,QK:1,Softmax:1,SV:1,O:1,FFN_W1:1,FFN_W2:1",5.3381696715870675e-05,4.4441000000000004e-05,pim|decode|5|73f0b93ba2927d0614be9f9ec9b9774c,5,sample_step,0.0006405803605904481,0.0005332920000000001,-8.940696715870671e-06,0.8325138152978088,-0.000107288360590448,0.8325138152978089
facil_prefill-128xdecode_67_ops_trace.csv,decode,5,47,20,GPU0,npu,8,"LN:-1,Add:-1,LN:-1,FFN_W3:0,FFN_W3:1,SwiGLU:0,SwiGLU:1,Add:-1",0.00017129786007163972,0.0002017280101776123,npu|decode|5|ff6dcf33668f3ebc9cf61e7eb43c6a84,5,sample_step,0.0020555743208596766,0.0024207361221313477,3.0430150105972592e-05,1.1776446599697519,0.0003651618012716711,1.1776446599697519
facil_prefill-128xdecode_67_ops_trace.csv,decode,5,47,20,PIM0,pim,9,"Q:0,K:0,V:0,QK:0,Softmax:0,SV:0,O:0,FFN_W1:0,FFN_W2:0",5.3381696715870675e-05,4.4441000000000004e-05,pim|decode|5|d9f2c5d5d25b036a5f39277c4750a787,5,sample_step,0.0006405803605904481,0.0005332920000000001,-8.940696715870671e-06,0.8325138152978088,-0.000107288360590448,0.8325138152978089
facil_prefill-128xdecode_67_ops_trace.csv,decode,5,47,20,PIM1,pim,9,"Q:1,K:1,V:1,QK:1,Softmax:1,SV:1,O:1,FFN_W1:1,FFN_W2:1",5.3381696715870675e-05,4.4441000000000004e-05,pim|decode|5|73f0b93ba2927d0614be9f9ec9b9774c,5,sample_step,0.0006405803605904481,0.0005332920000000001,-8.940696715870671e-06,0.8325138152978088,-0.000107288360590448,0.8325138152978089
facil_prefill-128xdecode_67_ops_trace.csv,decode,5,47,21,GPU0,npu,8,"LN:-1,Add:-1,LN:-1,FFN_W3:0,FFN_W3:1,SwiGLU:0,SwiGLU:1,Add:-1",0.00017129786007163972,0.0002017280101776123,npu|decode|5|ff6dcf33668f3ebc9cf61e7eb43c6a84,5,sample_step,0.0020555743208596766,0.0024207361221313477,3.0430150105972592e-05,1.1776446599697519,0.0003651618012716711,1.1776446599697519
facil_prefill-128xdecode_67_ops_trace.csv,decode,5,47,21,PIM0,pim,9,"Q:0,K:0,V:0,QK:0,Softmax:0,SV:0,O:0,FFN_W1:0,FFN_W2:0",5.3381696715870675e-05,4.4441000000000004e-05,pim|decode|5|d9f2c5d5d25b036a5f39277c4750a787,5,sample_step,0.0006405803605904481,0.0005332920000000001,-8.940696715870671e-06,0.8325138152978088,-0.000107288360590448,0.8325138152978089
facil_prefill-128xdecode_67_ops_trace.csv,decode,5,47,21,PIM1,pim,9,"Q:1,K:1,V:1,QK:1,Softmax:1,SV:1,O:1,FFN_W1:1,FFN_W2:1",5.3381696715870675e-05,4.4441000000000004e-05,pim|decode|5|73f0b93ba2927d0614be9f9ec9b9774c,5,sample_step,0.0006405803605904481,0.0005332920000000001,-8.940696715870671e-06,0.8325138152978088,-0.000107288360590448,0.8325138152978089
facil_prefill-128xdecode_67_ops_trace.csv,decode,5,47,22,GPU0,npu,8,"LN:-1,Add:-1,LN:-1,FFN_W3:0,FFN_W3:1,SwiGLU:0,SwiGLU:1,Add:-1",0.00017129786007163972,0.0002017280101776123,npu|decode|5|ff6dcf33668f3ebc9cf61e7eb43c6a84,5,sample_step,0.0020555743208596766,0.0024207361221313477,3.0430150105972592e-05,1.1776446599697519,0.0003651618012716711,1.1776446599697519
facil_prefill-128xdecode_67_ops_trace.csv,decode,5,47,22,PIM0,pim,9,"Q:0,K:0,V:0,QK:0,Softmax:0,SV:0,O:0,FFN_W1:0,FFN_W2:0",5.3381696715870675e-05,4.4441000000000004e-05,pim|decode|5|d9f2c5d5d25b036a5f39277c4750a787,5,sample_step,0.0006405803605904481,0.0005332920000000001,-8.940696715870671e-06,0.8325138152978088,-0.000107288360590448,0.8325138152978089
facil_prefill-128xdecode_67_ops_trace.csv,decode,5,47,22,PIM1,pim,9,"Q:1,K:1,V:1,QK:1,Softmax:1,SV:1,O:1,FFN_W1:1,FFN_W2:1",5.3381696715870675e-05,4.4441000000000004e-05,pim|decode|5|73f0b93ba2927d0614be9f9ec9b9774c,5,sample_step,0.0006405803605904481,0.0005332920000000001,-8.940696715870671e-06,0.8325138152978088,-0.000107288360590448,0.8325138152978089
facil_prefill-128xdecode_67_ops_trace.csv,decode,5,47,23,GPU0,npu,8,"LN:-1,Add:-1,LN:-1,FFN_W3:0,FFN_W3:1,SwiGLU:0,SwiGLU:1,Add:-1",0.00017129786007163972,0.0002017280101776123,npu|decode|5|ff6dcf33668f3ebc9cf61e7eb43c6a84,5,sample_step,0.0020555743208596766,0.0024207361221313477,3.0430150105972592e-05,1.1776446599697519,0.0003651618012716711,1.1776446599697519
facil_prefill-128xdecode_67_ops_trace.csv,decode,5,47,23,PIM0,pim,9,"Q:0,K:0,V:0,QK:0,Softmax:0,SV:0,O:0,FFN_W1:0,FFN_W2:0",5.3381696715870675e-05,4.4441000000000004e-05,pim|decode|5|d9f2c5d5d25b036a5f39277c4750a787,5,sample_step,0.0006405803605904481,0.0005332920000000001,-8.940696715870671e-06,0.8325138152978088,-0.000107288360590448,0.8325138152978089
facil_prefill-128xdecode_67_ops_trace.csv,decode,5,47,23,PIM1,pim,9,"Q:1,K:1,V:1,QK:1,Softmax:1,SV:1,O:1,FFN_W1:1,FFN_W2:1",5.3381696715870675e-05,4.4441000000000004e-05,pim|decode|5|73f0b93ba2927d0614be9f9ec9b9774c,5,sample_step,0.0006405803605904481,0.0005332920000000001,-8.940696715870671e-06,0.8325138152978088,-0.000107288360590448,0.8325138152978089
facil_prefill-128xdecode_67_ops_trace.csv,decode,5,47,24,GPU0,npu,8,"LN:-1,Add:-1,LN:-1,FFN_W3:0,FFN_W3:1,SwiGLU:0,SwiGLU:1,Add:-1",0.00017129786007163972,0.0002017280101776123,npu|decode|5|ff6dcf33668f3ebc9cf61e7eb43c6a84,5,sample_step,0.0020555743208596766,0.0024207361221313477,3.0430150105972592e-05,1.1776446599697519,0.0003651618012716711,1.1776446599697519
facil_prefill-128xdecode_67_ops_trace.csv,decode,5,47,24,PIM0,pim,9,"Q:0,K:0,V:0,QK:0,Softmax:0,SV:0,O:0,FFN_W1:0,FFN_W2:0",5.3381696715870675e-05,4.4441000000000004e-05,pim|decode|5|d9f2c5d5d25b036a5f39277c4750a787,5,sample_step,0.0006405803605904481,0.0005332920000000001,-8.940696715870671e-06,0.8325138152978088,-0.000107288360590448,0.8325138152978089
facil_prefill-128xdecode_67_ops_trace.csv,decode,5,47,24,PIM1,pim,9,"Q:1,K:1,V:1,QK:1,Softmax:1,SV:1,O:1,FFN_W1:1,FFN_W2:1",5.3381696715870675e-05,4.4441000000000004e-05,pim|decode|5|73f0b93ba2927d0614be9f9ec9b9774c,5,sample_step,0.0006405803605904481,0.0005332920000000001,-8.940696715870671e-06,0.8325138152978088,-0.000107288360590448,0.8325138152978089
facil_prefill-128xdecode_67_ops_trace.csv,decode,5,47,25,GPU0,npu,8,"LN:-1,Add:-1,LN:-1,FFN_W3:0,FFN_W3:1,SwiGLU:0,SwiGLU:1,Add:-1",0.00017129786007163972,0.0002017280101776123,npu|decode|5|ff6dcf33668f3ebc9cf61e7eb43c6a84,5,sample_step,0.0020555743208596766,0.0024207361221313477,3.0430150105972592e-05,1.1776446599697519,0.0003651618012716711,1.1776446599697519
facil_prefill-128xdecode_67_ops_trace.csv,decode,5,47,25,PIM0,pim,9,"Q:0,K:0,V:0,QK:0,Softmax:0,SV:0,O:0,FFN_W1:0,FFN_W2:0",5.3381696715870675e-05,4.4441000000000004e-05,pim|decode|5|d9f2c5d5d25b036a5f39277c4750a787,5,sample_step,0.0006405803605904481,0.0005332920000000001,-8.940696715870671e-06,0.8325138152978088,-0.000107288360590448,0.8325138152978089
facil_prefill-128xdecode_67_ops_trace.csv,decode,5,47,25,PIM1,pim,9,"Q:1,K:1,V:1,QK:1,Softmax:1,SV:1,O:1,FFN_W1:1,FFN_W2:1",5.3381696715870675e-05,4.4441000000000004e-05,pim|decode|5|73f0b93ba2927d0614be9f9ec9b9774c,5,sample_step,0.0006405803605904481,0.0005332920000000001,-8.940696715870671e-06,0.8325138152978088,-0.000107288360590448,0.8325138152978089
facil_prefill-128xdecode_67_ops_trace.csv,decode,5,47,26,GPU0,npu,8,"LN:-1,Add:-1,LN:-1,FFN_W3:0,FFN_W3:1,SwiGLU:0,SwiGLU:1,Add:-1",0.00017129786007163972,0.0002017280101776123,npu|decode|5|ff6dcf33668f3ebc9cf61e7eb43c6a84,5,sample_step,0.0020555743208596766,0.0024207361221313477,3.0430150105972592e-05,1.1776446599697519,0.0003651618012716711,1.1776446599697519
facil_prefill-128xdecode_67_ops_trace.csv,decode,5,47,26,PIM0,pim,9,"Q:0,K:0,V:0,QK:0,Softmax:0,SV:0,O:0,FFN_W1:0,FFN_W2:0",5.3381696715870675e-05,4.4441000000000004e-05,pim|decode|5|d9f2c5d5d25b036a5f39277c4750a787,5,sample_step,0.0006405803605904481,0.0005332920000000001,-8.940696715870671e-06,0.8325138152978088,-0.000107288360590448,0.8325138152978089
facil_prefill-128xdecode_67_ops_trace.csv,decode,5,47,26,PIM1,pim,9,"Q:1,K:1,V:1,QK:1,Softmax:1,SV:1,O:1,FFN_W1:1,FFN_W2:1",5.3381696715870675e-05,4.4441000000000004e-05,pim|decode|5|73f0b93ba2927d0614be9f9ec9b9774c,5,sample_step,0.0006405803605904481,0.0005332920000000001,-8.940696715870671e-06,0.8325138152978088,-0.000107288360590448,0.8325138152978089
facil_prefill-128xdecode_67_ops_trace.csv,decode,5,47,27,GPU0,npu,8,"LN:-1,Add:-1,LN:-1,FFN_W3:0,FFN_W3:1,SwiGLU:0,SwiGLU:1,Add:-1",0.00017129786007163972,0.0002017280101776123,npu|decode|5|ff6dcf33668f3ebc9cf61e7eb43c6a84,5,sample_step,0.0020555743208596766,0.0024207361221313477,3.0430150105972592e-05,1.1776446599697519,0.0003651618012716711,1.1776446599697519
facil_prefill-128xdecode_67_ops_trace.csv,decode,5,47,27,PIM0,pim,9,"Q:0,K:0,V:0,QK:0,Softmax:0,SV:0,O:0,FFN_W1:0,FFN_W2:0",5.3381696715870675e-05,4.4441000000000004e-05,pim|decode|5|d9f2c5d5d25b036a5f39277c4750a787,5,sample_step,0.0006405803605904481,0.0005332920000000001,-8.940696715870671e-06,0.8325138152978088,-0.000107288360590448,0.8325138152978089
facil_prefill-128xdecode_67_ops_trace.csv,decode,5,47,27,PIM1,pim,9,"Q:1,K:1,V:1,QK:1,Softmax:1,SV:1,O:1,FFN_W1:1,FFN_W2:1",5.3381696715870675e-05,4.4441000000000004e-05,pim|decode|5|73f0b93ba2927d0614be9f9ec9b9774c,5,sample_step,0.0006405803605904481,0.0005332920000000001,-8.940696715870671e-06,0.8325138152978088,-0.000107288360590448,0.8325138152978089
facil_prefill-128xdecode_67_ops_trace.csv,decode,5,47,28,GPU0,npu,8,"LN:-1,Add:-1,LN:-1,FFN_W3:0,FFN_W3:1,SwiGLU:0,SwiGLU:1,Add:-1",0.00017129786007163972,0.0002017280101776123,npu|decode|5|ff6dcf33668f3ebc9cf61e7eb43c6a84,5,sample_step,0.0020555743208596766,0.0024207361221313477,3.0430150105972592e-05,1.1776446599697519,0.0003651618012716711,1.1776446599697519
facil_prefill-128xdecode_67_ops_trace.csv,decode,5,47,28,PIM0,pim,9,"Q:0,K:0,V:0,QK:0,Softmax:0,SV:0,O:0,FFN_W1:0,FFN_W2:0",5.3381696715870675e-05,4.4441000000000004e-05,pim|decode|5|d9f2c5d5d25b036a5f39277c4750a787,5,sample_step,0.0006405803605904481,0.0005332920000000001,-8.940696715870671e-06,0.8325138152978088,-0.000107288360590448,0.8325138152978089
facil_prefill-128xdecode_67_ops_trace.csv,decode,5,47,28,PIM1,pim,9,"Q:1,K:1,V:1,QK:1,Softmax:1,SV:1,O:1,FFN_W1:1,FFN_W2:1",5.3381696715870675e-05,4.4441000000000004e-05,pim|decode|5|73f0b93ba2927d0614be9f9ec9b9774c,5,sample_step,0.0006405803605904481,0.0005332920000000001,-8.940696715870671e-06,0.8325138152978088,-0.000107288360590448,0.8325138152978089
facil_prefill-128xdecode_67_ops_trace.csv,decode,5,47,29,GPU0,npu,8,"LN:-1,Add:-1,LN:-1,FFN_W3:0,FFN_W3:1,SwiGLU:0,SwiGLU:1,Add:-1",0.00017129786007163972,0.0002017280101776123,npu|decode|5|ff6dcf33668f3ebc9cf61e7eb43c6a84,5,sample_step,0.0020555743208596766,0.0024207361221313477,3.0430150105972592e-05,1.1776446599697519,0.0003651618012716711,1.1776446599697519
facil_prefill-128xdecode_67_ops_trace.csv,decode,5,47,29,PIM0,pim,9,"Q:0,K:0,V:0,QK:0,Softmax:0,SV:0,O:0,FFN_W1:0,FFN_W2:0",5.3381696715870675e-05,4.4441000000000004e-05,pim|decode|5|d9f2c5d5d25b036a5f39277c4750a787,5,sample_step,0.0006405803605904481,0.0005332920000000001,-8.940696715870671e-06,0.8325138152978088,-0.000107288360590448,0.8325138152978089
facil_prefill-128xdecode_67_ops_trace.csv,decode,5,47,29,PIM1,pim,9,"Q:1,K:1,V:1,QK:1,Softmax:1,SV:1,O:1,FFN_W1:1,FFN_W2:1",5.3381696715870675e-05,4.4441000000000004e-05,pim|decode|5|73f0b93ba2927d0614be9f9ec9b9774c,5,sample_step,0.0006405803605904481,0.0005332920000000001,-8.940696715870671e-06,0.8325138152978088,-0.000107288360590448,0.8325138152978089
facil_prefill-128xdecode_67_ops_trace.csv,decode,5,47,30,GPU0,npu,8,"LN:-1,Add:-1,LN:-1,FFN_W3:0,FFN_W3:1,SwiGLU:0,SwiGLU:1,Add:-1",0.00017129786007163972,0.0002017280101776123,npu|decode|5|ff6dcf33668f3ebc9cf61e7eb43c6a84,5,sample_step,0.0020555743208596766,0.0024207361221313477,3.0430150105972592e-05,1.1776446599697519,0.0003651618012716711,1.1776446599697519
facil_prefill-128xdecode_67_ops_trace.csv,decode,5,47,30,PIM0,pim,9,"Q:0,K:0,V:0,QK:0,Softmax:0,SV:0,O:0,FFN_W1:0,FFN_W2:0",5.3381696715870675e-05,4.4441000000000004e-05,pim|decode|5|d9f2c5d5d25b036a5f39277c4750a787,5,sample_step,0.0006405803605904481,0.0005332920000000001,-8.940696715870671e-06,0.8325138152978088,-0.000107288360590448,0.8325138152978089
facil_prefill-128xdecode_67_ops_trace.csv,decode,5,47,30,PIM1,pim,9,"Q:1,K:1,V:1,QK:1,Softmax:1,SV:1,O:1,FFN_W1:1,FFN_W2:1",5.3381696715870675e-05,4.4441000000000004e-05,pim|decode|5|73f0b93ba2927d0614be9f9ec9b9774c,5,sample_step,0.0006405803605904481,0.0005332920000000001,-8.940696715870671e-06,0.8325138152978088,-0.000107288360590448,0.8325138152978089
facil_prefill-128xdecode_67_ops_trace.csv,decode,5,47,31,GPU0,npu,8,"LN:-1,Add:-1,LN:-1,FFN_W3:0,FFN_W3:1,SwiGLU:0,SwiGLU:1,Add:-1",0.00017129786007163972,0.0002017280101776123,npu|decode|5|ff6dcf33668f3ebc9cf61e7eb43c6a84,5,sample_step,0.0020555743208596766,0.0024207361221313477,3.0430150105972592e-05,1.1776446599697519,0.0003651618012716711,1.1776446599697519
facil_prefill-128xdecode_67_ops_trace.csv,decode,5,47,31,PIM0,pim,9,"Q:0,K:0,V:0,QK:0,Softmax:0,SV:0,O:0,FFN_W1:0,FFN_W2:0",5.3381696715870675e-05,4.4441000000000004e-05,pim|decode|5|d9f2c5d5d25b036a5f39277c4750a787,5,sample_step,0.0006405803605904481,0.0005332920000000001,-8.940696715870671e-06,0.8325138152978088,-0.000107288360590448,0.8325138152978089
facil_prefill-128xdecode_67_ops_trace.csv,decode,5,47,31,PIM1,pim,9,"Q:1,K:1,V:1,QK:1,Softmax:1,SV:1,O:1,FFN_W1:1,FFN_W2:1",5.3381696715870675e-05,4.4441000000000004e-05,pim|decode|5|73f0b93ba2927d0614be9f9ec9b9774c,5,sample_step,0.0006405803605904481,0.0005332920000000001,-8.940696715870671e-06,0.8325138152978088,-0.000107288360590448,0.8325138152978089
facil_prefill-128xdecode_67_ops_trace.csv,decode,6,59,0,GPU0,npu,8,"LN:-1,Add:-1,LN:-1,FFN_W3:0,FFN_W3:1,SwiGLU:0,SwiGLU:1,Add:-1",0.00017129786007163972,0.00019845119714736938,npu|decode|6|ff6dcf33668f3ebc9cf61e7eb43c6a84,6,sample_step,0.001199085020501478,0.0013891583800315858,2.7153337075729663e-05,1.1585153315071985,0.00019007335953010775,1.1585153315071985
facil_prefill-128xdecode_67_ops_trace.csv,decode,6,59,0,PIM0,pim,9,"Q:0,K:0,V:0,QK:0,Softmax:0,SV:0,O:0,FFN_W1:0,FFN_W2:0",5.3451696716111385e-05,4.4511e-05,pim|decode|6|d9f2c5d5d25b036a5f39277c4750a787,6,sample_step,0.0003741618770127797,0.000311577,-8.940696716111384e-06,0.8327331541298579,-6.25848770127797e-05,0.8327331541298578
facil_prefill-128xdecode_67_ops_trace.csv,decode,6,59,0,PIM1,pim,9,"Q:1,K:1,V:1,QK:1,Softmax:1,SV:1,O:1,FFN_W1:1,FFN_W2:1",5.3451696716111385e-05,4.4511e-05,pim|decode|6|73f0b93ba2927d0614be9f9ec9b9774c,6,sample_step,0.0003741618770127797,0.000311577,-8.940696716111384e-06,0.8327331541298579,-6.25848770127797e-05,0.8327331541298578
facil_prefill-128xdecode_67_ops_trace.csv,decode,6,59,1,GPU0,npu,8,"LN:-1,Add:-1,LN:-1,FFN_W3:0,FFN_W3:1,SwiGLU:0,SwiGLU:1,Add:-1",0.00017129786007163972,0.00019845119714736938,npu|decode|6|ff6dcf33668f3ebc9cf61e7eb43c6a84,6,sample_step,0.001199085020501478,0.0013891583800315858,2.7153337075729663e-05,1.1585153315071985,0.00019007335953010775,1.1585153315071985
facil_prefill-128xdecode_67_ops_trace.csv,decode,6,59,1,PIM0,pim,9,"Q:0,K:0,V:0,QK:0,Softmax:0,SV:0,O:0,FFN_W1:0,FFN_W2:0",5.3451696716111385e-05,4.4511e-05,pim|decode|6|d9f2c5d5d25b036a5f39277c4750a787,6,sample_step,0.0003741618770127797,0.000311577,-8.940696716111384e-06,0.8327331541298579,-6.25848770127797e-05,0.8327331541298578
facil_prefill-128xdecode_67_ops_trace.csv,decode,6,59,1,PIM1,pim,9,"Q:1,K:1,V:1,QK:1,Softmax:1,SV:1,O:1,FFN_W1:1,FFN_W2:1",5.3451696716111385e-05,4.4511e-05,pim|decode|6|73f0b93ba2927d0614be9f9ec9b9774c,6,sample_step,0.0003741618770127797,0.000311577,-8.940696716111384e-06,0.8327331541298579,-6.25848770127797e-05,0.8327331541298578
facil_prefill-128xdecode_67_ops_trace.csv,decode,6,59,2,GPU0,npu,8,"LN:-1,Add:-1,LN:-1,FFN_W3:0,FFN_W3:1,SwiGLU:0,SwiGLU:1,Add:-1",0.00017129786007163972,0.00019845119714736938,npu|decode|6|ff6dcf33668f3ebc9cf61e7eb43c6a84,6,sample_step,0.001199085020501478,0.0013891583800315858,2.7153337075729663e-05,1.1585153315071985,0.00019007335953010775,1.1585153315071985
facil_prefill-128xdecode_67_ops_trace.csv,decode,6,59,2,PIM0,pim,9,"Q:0,K:0,V:0,QK:0,Softmax:0,SV:0,O:0,FFN_W1:0,FFN_W2:0",5.3451696716111385e-05,4.4511e-05,pim|decode|6|d9f2c5d5d25b036a5f39277c4750a787,6,sample_step,0.0003741618770127797,0.000311577,-8.940696716111384e-06,0.8327331541298579,-6.25848770127797e-05,0.8327331541298578
facil_prefill-128xdecode_67_ops_trace.csv,decode,6,59,2,PIM1,pim,9,"Q:1,K:1,V:1,QK:1,Softmax:1,SV:1,O:1,FFN_W1:1,FFN_W2:1",5.3451696716111385e-05,4.4511e-05,pim|decode|6|73f0b93ba2927d0614be9f9ec9b9774c,6,sample_step,0.0003741618770127797,0.000311577,-8.940696716111384e-06,0.8327331541298579,-6.25848770127797e-05,0.8327331541298578
facil_prefill-128xdecode_67_ops_trace.csv,decode,6,59,3,GPU0,npu,8,"LN:-1,Add:-1,LN:-1,FFN_W3:0,FFN_W3:1,SwiGLU:0,SwiGLU:1,Add:-1",0.00017129786007163972,0.00019845119714736938,npu|decode|6|ff6dcf33668f3ebc9cf61e7eb43c6a84,6,sample_step,0.001199085020501478,0.0013891583800315858,2.7153337075729663e-05,1.1585153315071985,0.00019007335953010775,1.1585153315071985
facil_prefill-128xdecode_67_ops_trace.csv,decode,6,59,3,PIM0,pim,9,"Q:0,K:0,V:0,QK:0,Softmax:0,SV:0,O:0,FFN_W1:0,FFN_W2:0",5.3451696716111385e-05,4.4511e-05,pim|decode|6|d9f2c5d5d25b036a5f39277c4750a787,6,sample_step,0.0003741618770127797,0.000311577,-8.940696716111384e-06,0.8327331541298579,-6.25848770127797e-05,0.8327331541298578
facil_prefill-128xdecode_67_ops_trace.csv,decode,6,59,3,PIM1,pim,9,"Q:1,K:1,V:1,QK:1,Softmax:1,SV:1,O:1,FFN_W1:1,FFN_W2:1",5.3451696716111385e-05,4.4511e-05,pim|decode|6|73f0b93ba2927d0614be9f9ec9b9774c,6,sample_step,0.0003741618770127797,0.000311577,-8.940696716111384e-06,0.8327331541298579,-6.25848770127797e-05,0.8327331541298578
facil_prefill-128xdecode_67_ops_trace.csv,decode,6,59,4,GPU0,npu,8,"LN:-1,Add:-1,LN:-1,FFN_W3:0,FFN_W3:1,SwiGLU:0,SwiGLU:1,Add:-1",0.00017129786007163972,0.00019845119714736938,npu|decode|6|ff6dcf33668f3ebc9cf61e7eb43c6a84,6,sample_step,0.001199085020501478,0.0013891583800315858,2.7153337075729663e-05,1.1585153315071985,0.00019007335953010775,1.1585153315071985
facil_prefill-128xdecode_67_ops_trace.csv,decode,6,59,4,PIM0,pim,9,"Q:0,K:0,V:0,QK:0,Softmax:0,SV:0,O:0,FFN_W1:0,FFN_W2:0",5.3451696716111385e-05,4.4511e-05,pim|decode|6|d9f2c5d5d25b036a5f39277c4750a787,6,sample_step,0.0003741618770127797,0.000311577,-8.940696716111384e-06,0.8327331541298579,-6.25848770127797e-05,0.8327331541298578
facil_prefill-128xdecode_67_ops_trace.csv,decode,6,59,4,PIM1,pim,9,"Q:1,K:1,V:1,QK:1,Softmax:1,SV:1,O:1,FFN_W1:1,FFN_W2:1",5.3451696716111385e-05,4.4511e-05,pim|decode|6|73f0b93ba2927d0614be9f9ec9b9774c,6,sample_step,0.0003741618770127797,0.000311577,-8.940696716111384e-06,0.8327331541298579,-6.25848770127797e-05,0.8327331541298578
facil_prefill-128xdecode_67_ops_trace.csv,decode,6,59,5,GPU0,npu,8,"LN:-1,Add:-1,LN:-1,FFN_W3:0,FFN_W3:1,SwiGLU:0,SwiGLU:1,Add:-1",0.00017129786007163972,0.00019845119714736938,npu|decode|6|ff6dcf33668f3ebc9cf61e7eb43c6a84,6,sample_step,0.001199085020501478,0.0013891583800315858,2.7153337075729663e-05,1.1585153315071985,0.00019007335953010775,1.1585153315071985
facil_prefill-128xdecode_67_ops_trace.csv,decode,6,59,5,PIM0,pim,9,"Q:0,K:0,V:0,QK:0,Softmax:0,SV:0,O:0,FFN_W1:0,FFN_W2:0",5.3451696716111385e-05,4.4511e-05,pim|decode|6|d9f2c5d5d25b036a5f39277c4750a787,6,sample_step,0.0003741618770127797,0.000311577,-8.940696716111384e-06,0.8327331541298579,-6.25848770127797e-05,0.8327331541298578
facil_prefill-128xdecode_67_ops_trace.csv,decode,6,59,5,PIM1,pim,9,"Q:1,K:1,V:1,QK:1,Softmax:1,SV:1,O:1,FFN_W1:1,FFN_W2:1",5.3451696716111385e-05,4.4511e-05,pim|decode|6|73f0b93ba2927d0614be9f9ec9b9774c,6,sample_step,0.0003741618770127797,0.000311577,-8.940696716111384e-06,0.8327331541298579,-6.25848770127797e-05,0.8327331541298578
facil_prefill-128xdecode_67_ops_trace.csv,decode,6,59,6,GPU0,npu,8,"LN:-1,Add:-1,LN:-1,FFN_W3:0,FFN_W3:1,SwiGLU:0,SwiGLU:1,Add:-1",0.00017129786007163972,0.00019845119714736938,npu|decode|6|ff6dcf33668f3ebc9cf61e7eb43c6a84,6,sample_step,0.001199085020501478,0.0013891583800315858,2.7153337075729663e-05,1.1585153315071985,0.00019007335953010775,1.1585153315071985
facil_prefill-128xdecode_67_ops_trace.csv,decode,6,59,6,PIM0,pim,9,"Q:0,K:0,V:0,QK:0,Softmax:0,SV:0,O:0,FFN_W1:0,FFN_W2:0",5.3451696716111385e-05,4.4511e-05,pim|decode|6|d9f2c5d5d25b036a5f39277c4750a787,6,sample_step,0.0003741618770127797,0.000311577,-8.940696716111384e-06,0.8327331541298579,-6.25848770127797e-05,0.8327331541298578
facil_prefill-128xdecode_67_ops_trace.csv,decode,6,59,6,PIM1,pim,9,"Q:1,K:1,V:1,QK:1,Softmax:1,SV:1,O:1,FFN_W1:1,FFN_W2:1",5.3451696716111385e-05,4.4511e-05,pim|decode|6|73f0b93ba2927d0614be9f9ec9b9774c,6,sample_step,0.0003741618770127797,0.000311577,-8.940696716111384e-06,0.8327331541298579,-6.25848770127797e-05,0.8327331541298578
facil_prefill-128xdecode_67_ops_trace.csv,decode,6,59,7,GPU0,npu,8,"LN:-1,Add:-1,LN:-1,FFN_W3:0,FFN_W3:1,SwiGLU:0,SwiGLU:1,Add:-1",0.00017129786007163972,0.00019845119714736938,npu|decode|6|ff6dcf33668f3ebc9cf61e7eb43c6a84,6,sample_step,0.001199085020501478,0.0013891583800315858,2.7153337075729663e-05,1.1585153315071985,0.00019007335953010775,1.1585153315071985
facil_prefill-128xdecode_67_ops_trace.csv,decode,6,59,7,PIM0,pim,9,"Q:0,K:0,V:0,QK:0,Softmax:0,SV:0,O:0,FFN_W1:0,FFN_W2:0",5.3451696716111385e-05,4.4511e-05,pim|decode|6|d9f2c5d5d25b036a5f39277c4750a787,6,sample_step,0.0003741618770127797,0.000311577,-8.940696716111384e-06,0.8327331541298579,-6.25848770127797e-05,0.8327331541298578
facil_prefill-128xdecode_67_ops_trace.csv,decode,6,59,7,PIM1,pim,9,"Q:1,K:1,V:1,QK:1,Softmax:1,SV:1,O:1,FFN_W1:1,FFN_W2:1",5.3451696716111385e-05,4.4511e-05,pim|decode|6|73f0b93ba2927d0614be9f9ec9b9774c,6,sample_step,0.0003741618770127797,0.000311577,-8.940696716111384e-06,0.8327331541298579,-6.25848770127797e-05,0.8327331541298578
facil_prefill-128xdecode_67_ops_trace.csv,decode,6,59,8,GPU0,npu,8,"LN:-1,Add:-1,LN:-1,FFN_W3:0,FFN_W3:1,SwiGLU:0,SwiGLU:1,Add:-1",0.00017129786007163972,0.00019845119714736938,npu|decode|6|ff6dcf33668f3ebc9cf61e7eb43c6a84,6,sample_step,0.001199085020501478,0.0013891583800315858,2.7153337075729663e-05,1.1585153315071985,0.00019007335953010775,1.1585153315071985
facil_prefill-128xdecode_67_ops_trace.csv,decode,6,59,8,PIM0,pim,9,"Q:0,K:0,V:0,QK:0,Softmax:0,SV:0,O:0,FFN_W1:0,FFN_W2:0",5.3451696716111385e-05,4.4511e-05,pim|decode|6|d9f2c5d5d25b036a5f39277c4750a787,6,sample_step,0.0003741618770127797,0.000311577,-8.940696716111384e-06,0.8327331541298579,-6.25848770127797e-05,0.8327331541298578
facil_prefill-128xdecode_67_ops_trace.csv,decode,6,59,8,PIM1,pim,9,"Q:1,K:1,V:1,QK:1,Softmax:1,SV:1,O:1,FFN_W1:1,FFN_W2:1",5.3451696716111385e-05,4.4511e-05,pim|decode|6|73f0b93ba2927d0614be9f9ec9b9774c,6,sample_step,0.0003741618770127797,0.000311577,-8.940696716111384e-06,0.8327331541298579,-6.25848770127797e-05,0.8327331541298578
facil_prefill-128xdecode_67_ops_trace.csv,decode,6,59,9,GPU0,npu,8,"LN:-1,Add:-1,LN:-1,FFN_W3:0,FFN_W3:1,SwiGLU:0,SwiGLU:1,Add:-1",0.00017129786007163972,0.00019845119714736938,npu|decode|6|ff6dcf33668f3ebc9cf61e7eb43c6a84,6,sample_step,0.001199085020501478,0.0013891583800315858,2.7153337075729663e-05,1.1585153315071985,0.00019007335953010775,1.1585153315071985
facil_prefill-128xdecode_67_ops_trace.csv,decode,6,59,9,PIM0,pim,9,"Q:0,K:0,V:0,QK:0,Softmax:0,SV:0,O:0,FFN_W1:0,FFN_W2:0",5.3451696716111385e-05,4.4511e-05,pim|decode|6|d9f2c5d5d25b036a5f39277c4750a787,6,sample_step,0.0003741618770127797,0.000311577,-8.940696716111384e-06,0.8327331541298579,-6.25848770127797e-05,0.8327331541298578
facil_prefill-128xdecode_67_ops_trace.csv,decode,6,59,9,PIM1,pim,9,"Q:1,K:1,V:1,QK:1,Softmax:1,SV:1,O:1,FFN_W1:1,FFN_W2:1",5.3451696716111385e-05,4.4511e-05,pim|decode|6|73f0b93ba2927d0614be9f9ec9b9774c,6,sample_step,0.0003741618770127797,0.000311577,-8.940696716111384e-06,0.8327331541298579,-6.25848770127797e-05,0.8327331541298578
facil_prefill-128xdecode_67_ops_trace.csv,decode,6,59,10,GPU0,npu,8,"LN:-1,Add:-1,LN:-1,FFN_W3:0,FFN_W3:1,SwiGLU:0,SwiGLU:1,Add:-1",0.00017129786007163972,0.00019845119714736938,npu|decode|6|ff6dcf33668f3ebc9cf61e7eb43c6a84,6,sample_step,0.001199085020501478,0.0013891583800315858,2.7153337075729663e-05,1.1585153315071985,0.00019007335953010775,1.1585153315071985
facil_prefill-128xdecode_67_ops_trace.csv,decode,6,59,10,PIM0,pim,9,"Q:0,K:0,V:0,QK:0,Softmax:0,SV:0,O:0,FFN_W1:0,FFN_W2:0",5.3451696716111385e-05,4.4511e-05,pim|decode|6|d9f2c5d5d25b036a5f39277c4750a787,6,sample_step,0.0003741618770127797,0.000311577,-8.940696716111384e-06,0.8327331541298579,-6.25848770127797e-05,0.8327331541298578
facil_prefill-128xdecode_67_ops_trace.csv,decode,6,59,10,PIM1,pim,9,"Q:1,K:1,V:1,QK:1,Softmax:1,SV:1,O:1,FFN_W1:1,FFN_W2:1",5.3451696716111385e-05,4.4511e-05,pim|decode|6|73f0b93ba2927d0614be9f9ec9b9774c,6,sample_step,0.0003741618770127797,0.000311577,-8.940696716111384e-06,0.8327331541298579,-6.25848770127797e-05,0.8327331541298578
facil_prefill-128xdecode_67_ops_trace.csv,decode,6,59,11,GPU0,npu,8,"LN:-1,Add:-1,LN:-1,FFN_W3:0,FFN_W3:1,SwiGLU:0,SwiGLU:1,Add:-1",0.00017129786007163972,0.00019845119714736938,npu|decode|6|ff6dcf33668f3ebc9cf61e7eb43c6a84,6,sample_step,0.001199085020501478,0.0013891583800315858,2.7153337075729663e-05,1.1585153315071985,0.00019007335953010775,1.1585153315071985
facil_prefill-128xdecode_67_ops_trace.csv,decode,6,59,11,PIM0,pim,9,"Q:0,K:0,V:0,QK:0,Softmax:0,SV:0,O:0,FFN_W1:0,FFN_W2:0",5.3451696716111385e-05,4.4511e-05,pim|decode|6|d9f2c5d5d25b036a5f39277c4750a787,6,sample_step,0.0003741618770127797,0.000311577,-8.940696716111384e-06,0.8327331541298579,-6.25848770127797e-05,0.8327331541298578
facil_prefill-128xdecode_67_ops_trace.csv,decode,6,59,11,PIM1,pim,9,"Q:1,K:1,V:1,QK:1,Softmax:1,SV:1,O:1,FFN_W1:1,FFN_W2:1",5.3451696716111385e-05,4.4511e-05,pim|decode|6|73f0b93ba2927d0614be9f9ec9b9774c,6,sample_step,0.0003741618770127797,0.000311577,-8.940696716111384e-06,0.8327331541298579,-6.25848770127797e-05,0.8327331541298578
facil_prefill-128xdecode_67_ops_trace.csv,decode,6,59,12,GPU0,npu,8,"LN:-1,Add:-1,LN:-1,FFN_W3:0,FFN_W3:1,SwiGLU:0,SwiGLU:1,Add:-1",0.00017129786007163972,0.00019845119714736938,npu|decode|6|ff6dcf33668f3ebc9cf61e7eb43c6a84,6,sample_step,0.001199085020501478,0.0013891583800315858,2.7153337075729663e-05,1.1585153315071985,0.00019007335953010775,1.1585153315071985
facil_prefill-128xdecode_67_ops_trace.csv,decode,6,59,12,PIM0,pim,9,"Q:0,K:0,V:0,QK:0,Softmax:0,SV:0,O:0,FFN_W1:0,FFN_W2:0",5.3451696716111385e-05,4.4511e-05,pim|decode|6|d9f2c5d5d25b036a5f39277c4750a787,6,sample_step,0.0003741618770127797,0.000311577,-8.940696716111384e-06,0.8327331541298579,-6.25848770127797e-05,0.8327331541298578
facil_prefill-128xdecode_67_ops_trace.csv,decode,6,59,12,PIM1,pim,9,"Q:1,K:1,V:1,QK:1,Softmax:1,SV:1,O:1,FFN_W1:1,FFN_W2:1",5.3451696716111385e-05,4.4511e-05,pim|decode|6|73f0b93ba2927d0614be9f9ec9b9774c,6,sample_step,0.0003741618770127797,0.000311577,-8.940696716111384e-06,0.8327331541298579,-6.25848770127797e-05,0.8327331541298578
facil_prefill-128xdecode_67_ops_trace.csv,decode,6,59,13,GPU0,npu,8,"LN:-1,Add:-1,LN:-1,FFN_W3:0,FFN_W3:1,SwiGLU:0,SwiGLU:1,Add:-1",0.00017129786007163972,0.00019845119714736938,npu|decode|6|ff6dcf33668f3ebc9cf61e7eb43c6a84,6,sample_step,0.001199085020501478,0.0013891583800315858,2.7153337075729663e-05,1.1585153315071985,0.00019007335953010775,1.1585153315071985
facil_prefill-128xdecode_67_ops_trace.csv,decode,6,59,13,PIM0,pim,9,"Q:0,K:0,V:0,QK:0,Softmax:0,SV:0,O:0,FFN_W1:0,FFN_W2:0",5.3451696716111385e-05,4.4511e-05,pim|decode|6|d9f2c5d5d25b036a5f39277c4750a787,6,sample_step,0.0003741618770127797,0.000311577,-8.940696716111384e-06,0.8327331541298579,-6.25848770127797e-05,0.8327331541298578
facil_prefill-128xdecode_67_ops_trace.csv,decode,6,59,13,PIM1,pim,9,"Q:1,K:1,V:1,QK:1,Softmax:1,SV:1,O:1,FFN_W1:1,FFN_W2:1",5.3451696716111385e-05,4.4511e-05,pim|decode|6|73f0b93ba2927d0614be9f9ec9b9774c,6,sample_step,0.0003741618770127797,0.000311577,-8.940696716111384e-06,0.8327331541298579,-6.25848770127797e-05,0.8327331541298578
facil_prefill-128xdecode_67_ops_trace.csv,decode,6,59,14,GPU0,npu,8,"LN:-1,Add:-1,LN:-1,FFN_W3:0,FFN_W3:1,SwiGLU:0,SwiGLU:1,Add:-1",0.00017129786007163972,0.00019845119714736938,npu|decode|6|ff6dcf33668f3ebc9cf61e7eb43c6a84,6,sample_step,0.001199085020501478,0.0013891583800315858,2.7153337075729663e-05,1.1585153315071985,0.00019007335953010775,1.1585153315071985
facil_prefill-128xdecode_67_ops_trace.csv,decode,6,59,14,PIM0,pim,9,"Q:0,K:0,V:0,QK:0,Softmax:0,SV:0,O:0,FFN_W1:0,FFN_W2:0",5.3451696716111385e-05,4.4511e-05,pim|decode|6|d9f2c5d5d25b036a5f39277c4750a787,6,sample_step,0.0003741618770127797,0.000311577,-8.940696716111384e-06,0.8327331541298579,-6.25848770127797e-05,0.8327331541298578
facil_prefill-128xdecode_67_ops_trace.csv,decode,6,59,14,PIM1,pim,9,"Q:1,K:1,V:1,QK:1,Softmax:1,SV:1,O:1,FFN_W1:1,FFN_W2:1",5.3451696716111385e-05,4.4511e-05,pim|decode|6|73f0b93ba2927d0614be9f9ec9b9774c,6,sample_step,0.0003741618770127797,0.000311577,-8.940696716111384e-06,0.8327331541298579,-6.25848770127797e-05,0.8327331541298578
facil_prefill-128xdecode_67_ops_trace.csv,decode,6,59,15,GPU0,npu,8,"LN:-1,Add:-1,LN:-1,FFN_W3:0,FFN_W3:1,SwiGLU:0,SwiGLU:1,Add:-1",0.00017129786007163972,0.00019845119714736938,npu|decode|6|ff6dcf33668f3ebc9cf61e7eb43c6a84,6,sample_step,0.001199085020501478,0.0013891583800315858,2.7153337075729663e-05,1.1585153315071985,0.00019007335953010775,1.1585153315071985
facil_prefill-128xdecode_67_ops_trace.csv,decode,6,59,15,PIM0,pim,9,"Q:0,K:0,V:0,QK:0,Softmax:0,SV:0,O:0,FFN_W1:0,FFN_W2:0",5.3451696716111385e-05,4.4511e-05,pim|decode|6|d9f2c5d5d25b036a5f39277c4750a787,6,sample_step,0.0003741618770127797,0.000311577,-8.940696716111384e-06,0.8327331541298579,-6.25848770127797e-05,0.8327331541298578
facil_prefill-128xdecode_67_ops_trace.csv,decode,6,59,15,PIM1,pim,9,"Q:1,K:1,V:1,QK:1,Softmax:1,SV:1,O:1,FFN_W1:1,FFN_W2:1",5.3451696716111385e-05,4.4511e-05,pim|decode|6|73f0b93ba2927d0614be9f9ec9b9774c,6,sample_step,0.0003741618770127797,0.000311577,-8.940696716111384e-06,0.8327331541298579,-6.25848770127797e-05,0.8327331541298578
facil_prefill-128xdecode_67_ops_trace.csv,decode,6,59,16,GPU0,npu,8,"LN:-1,Add:-1,LN:-1,FFN_W3:0,FFN_W3:1,SwiGLU:0,SwiGLU:1,Add:-1",0.00017129786007163972,0.00019845119714736938,npu|decode|6|ff6dcf33668f3ebc9cf61e7eb43c6a84,6,sample_step,0.001199085020501478,0.0013891583800315858,2.7153337075729663e-05,1.1585153315071985,0.00019007335953010775,1.1585153315071985
facil_prefill-128xdecode_67_ops_trace.csv,decode,6,59,16,PIM0,pim,9,"Q:0,K:0,V:0,QK:0,Softmax:0,SV:0,O:0,FFN_W1:0,FFN_W2:0",5.3451696716111385e-05,4.4511e-05,pim|decode|6|d9f2c5d5d25b036a5f39277c4750a787,6,sample_step,0.0003741618770127797,0.000311577,-8.940696716111384e-06,0.8327331541298579,-6.25848770127797e-05,0.8327331541298578
facil_prefill-128xdecode_67_ops_trace.csv,decode,6,59,16,PIM1,pim,9,"Q:1,K:1,V:1,QK:1,Softmax:1,SV:1,O:1,FFN_W1:1,FFN_W2:1",5.3451696716111385e-05,4.4511e-05,pim|decode|6|73f0b93ba2927d0614be9f9ec9b9774c,6,sample_step,0.0003741618770127797,0.000311577,-8.940696716111384e-06,0.8327331541298579,-6.25848770127797e-05,0.8327331541298578
facil_prefill-128xdecode_67_ops_trace.csv,decode,6,59,17,GPU0,npu,8,"LN:-1,Add:-1,LN:-1,FFN_W3:0,FFN_W3:1,SwiGLU:0,SwiGLU:1,Add:-1",0.00017129786007163972,0.00019845119714736938,npu|decode|6|ff6dcf33668f3ebc9cf61e7eb43c6a84,6,sample_step,0.001199085020501478,0.0013891583800315858,2.7153337075729663e-05,1.1585153315071985,0.00019007335953010775,1.1585153315071985
facil_prefill-128xdecode_67_ops_trace.csv,decode,6,59,17,PIM0,pim,9,"Q:0,K:0,V:0,QK:0,Softmax:0,SV:0,O:0,FFN_W1:0,FFN_W2:0",5.3451696716111385e-05,4.4511e-05,pim|decode|6|d9f2c5d5d25b036a5f39277c4750a787,6,sample_step,0.0003741618770127797,0.000311577,-8.940696716111384e-06,0.8327331541298579,-6.25848770127797e-05,0.8327331541298578
facil_prefill-128xdecode_67_ops_trace.csv,decode,6,59,17,PIM1,pim,9,"Q:1,K:1,V:1,QK:1,Softmax:1,SV:1,O:1,FFN_W1:1,FFN_W2:1",5.3451696716111385e-05,4.4511e-05,pim|decode|6|73f0b93ba2927d0614be9f9ec9b9774c,6,sample_step,0.0003741618770127797,0.000311577,-8.940696716111384e-06,0.8327331541298579,-6.25848770127797e-05,0.8327331541298578
facil_prefill-128xdecode_67_ops_trace.csv,decode,6,59,18,GPU0,npu,8,"LN:-1,Add:-1,LN:-1,FFN_W3:0,FFN_W3:1,SwiGLU:0,SwiGLU:1,Add:-1",0.00017129786007163972,0.00019845119714736938,npu|decode|6|ff6dcf33668f3ebc9cf61e7eb43c6a84,6,sample_step,0.001199085020501478,0.0013891583800315858,2.7153337075729663e-05,1.1585153315071985,0.00019007335953010775,1.1585153315071985
facil_prefill-128xdecode_67_ops_trace.csv,decode,6,59,18,PIM0,pim,9,"Q:0,K:0,V:0,QK:0,Softmax:0,SV:0,O:0,FFN_W1:0,FFN_W2:0",5.3451696716111385e-05,4.4511e-05,pim|decode|6|d9f2c5d5d25b036a5f39277c4750a787,6,sample_step,0.0003741618770127797,0.000311577,-8.940696716111384e-06,0.8327331541298579,-6.25848770127797e-05,0.8327331541298578
facil_prefill-128xdecode_67_ops_trace.csv,decode,6,59,18,PIM1,pim,9,"Q:1,K:1,V:1,QK:1,Softmax:1,SV:1,O:1,FFN_W1:1,FFN_W2:1",5.3451696716111385e-05,4.4511e-05,pim|decode|6|73f0b93ba2927d0614be9f9ec9b9774c,6,sample_step,0.0003741618770127797,0.000311577,-8.940696716111384e-06,0.8327331541298579,-6.25848770127797e-05,0.8327331541298578
facil_prefill-128xdecode_67_ops_trace.csv,decode,6,59,19,GPU0,npu,8,"LN:-1,Add:-1,LN:-1,FFN_W3:0,FFN_W3:1,SwiGLU:0,SwiGLU:1,Add:-1",0.00017129786007163972,0.00019845119714736938,npu|decode|6|ff6dcf33668f3ebc9cf61e7eb43c6a84,6,sample_step,0.001199085020501478,0.0013891583800315858,2.7153337075729663e-05,1.1585153315071985,0.00019007335953010775,1.1585153315071985
facil_prefill-128xdecode_67_ops_trace.csv,decode,6,59,19,PIM0,pim,9,"Q:0,K:0,V:0,QK:0,Softmax:0,SV:0,O:0,FFN_W1:0,FFN_W2:0",5.3451696716111385e-05,4.4511e-05,pim|decode|6|d9f2c5d5d25b036a5f39277c4750a787,6,sample_step,0.0003741618770127797,0.000311577,-8.940696716111384e-06,0.8327331541298579,-6.25848770127797e-05,0.8327331541298578
facil_prefill-128xdecode_67_ops_trace.csv,decode,6,59,19,PIM1,pim,9,"Q:1,K:1,V:1,QK:1,Softmax:1,SV:1,O:1,FFN_W1:1,FFN_W2:1",5.3451696716111385e-05,4.4511e-05,pim|decode|6|73f0b93ba2927d0614be9f9ec9b9774c,6,sample_step,0.0003741618770127797,0.000311577,-8.940696716111384e-06,0.8327331541298579,-6.25848770127797e-05,0.8327331541298578
facil_prefill-128xdecode_67_ops_trace.csv,decode,6,59,20,GPU0,npu,8,"LN:-1,Add:-1,LN:-1,FFN_W3:0,FFN_W3:1,SwiGLU:0,SwiGLU:1,Add:-1",0.00017129786007163972,0.00019845119714736938,npu|decode|6|ff6dcf33668f3ebc9cf61e7eb43c6a84,6,sample_step,0.001199085020501478,0.0013891583800315858,2.7153337075729663e-05,1.1585153315071985,0.00019007335953010775,1.1585153315071985
facil_prefill-128xdecode_67_ops_trace.csv,decode,6,59,20,PIM0,pim,9,"Q:0,K:0,V:0,QK:0,Softmax:0,SV:0,O:0,FFN_W1:0,FFN_W2:0",5.3451696716111385e-05,4.4511e-05,pim|decode|6|d9f2c5d5d25b036a5f39277c4750a787,6,sample_step,0.0003741618770127797,0.000311577,-8.940696716111384e-06,0.8327331541298579,-6.25848770127797e-05,0.8327331541298578
facil_prefill-128xdecode_67_ops_trace.csv,decode,6,59,20,PIM1,pim,9,"Q:1,K:1,V:1,QK:1,Softmax:1,SV:1,O:1,FFN_W1:1,FFN_W2:1",5.3451696716111385e-05,4.4511e-05,pim|decode|6|73f0b93ba2927d0614be9f9ec9b9774c,6,sample_step,0.0003741618770127797,0.000311577,-8.940696716111384e-06,0.8327331541298579,-6.25848770127797e-05,0.8327331541298578
facil_prefill-128xdecode_67_ops_trace.csv,decode,6,59,21,GPU0,npu,8,"LN:-1,Add:-1,LN:-1,FFN_W3:0,FFN_W3:1,SwiGLU:0,SwiGLU:1,Add:-1",0.00017129786007163972,0.00019845119714736938,npu|decode|6|ff6dcf33668f3ebc9cf61e7eb43c6a84,6,sample_step,0.001199085020501478,0.0013891583800315858,2.7153337075729663e-05,1.1585153315071985,0.00019007335953010775,1.1585153315071985
facil_prefill-128xdecode_67_ops_trace.csv,decode,6,59,21,PIM0,pim,9,"Q:0,K:0,V:0,QK:0,Softmax:0,SV:0,O:0,FFN_W1:0,FFN_W2:0",5.3451696716111385e-05,4.4511e-05,pim|decode|6|d9f2c5d5d25b036a5f39277c4750a787,6,sample_step,0.0003741618770127797,0.000311577,-8.940696716111384e-06,0.8327331541298579,-6.25848770127797e-05,0.8327331541298578
facil_prefill-128xdecode_67_ops_trace.csv,decode,6,59,21,PIM1,pim,9,"Q:1,K:1,V:1,QK:1,Softmax:1,SV:1,O:1,FFN_W1:1,FFN_W2:1",5.3451696716111385e-05,4.4511e-05,pim|decode|6|73f0b93ba2927d0614be9f9ec9b9774c,6,sample_step,0.0003741618770127797,0.000311577,-8.940696716111384e-06,0.8327331541298579,-6.25848770127797e-05,0.8327331541298578
facil_prefill-128xdecode_67_ops_trace.csv,decode,6,59,22,GPU0,npu,8,"LN:-1,Add:-1,LN:-1,FFN_W3:0,FFN_W3:1,SwiGLU:0,SwiGLU:1,Add:-1",0.00017129786007163972,0.00019845119714736938,npu|decode|6|ff6dcf33668f3ebc9cf61e7eb43c6a84,6,sample_step,0.001199085020501478,0.0013891583800315858,2.7153337075729663e-05,1.1585153315071985,0.00019007335953010775,1.1585153315071985
facil_prefill-128xdecode_67_ops_trace.csv,decode,6,59,22,PIM0,pim,9,"Q:0,K:0,V:0,QK:0,Softmax:0,SV:0,O:0,FFN_W1:0,FFN_W2:0",5.3451696716111385e-05,4.4511e-05,pim|decode|6|d9f2c5d5d25b036a5f39277c4750a787,6,sample_step,0.0003741618770127797,0.000311577,-8.940696716111384e-06,0.8327331541298579,-6.25848770127797e-05,0.8327331541298578
facil_prefill-128xdecode_67_ops_trace.csv,decode,6,59,22,PIM1,pim,9,"Q:1,K:1,V:1,QK:1,Softmax:1,SV:1,O:1,FFN_W1:1,FFN_W2:1",5.3451696716111385e-05,4.4511e-05,pim|decode|6|73f0b93ba2927d0614be9f9ec9b9774c,6,sample_step,0.0003741618770127797,0.000311577,-8.940696716111384e-06,0.8327331541298579,-6.25848770127797e-05,0.8327331541298578
facil_prefill-128xdecode_67_ops_trace.csv,decode,6,59,23,GPU0,npu,8,"LN:-1,Add:-1,LN:-1,FFN_W3:0,FFN_W3:1,SwiGLU:0,SwiGLU:1,Add:-1",0.00017129786007163972,0.00019845119714736938,npu|decode|6|ff6dcf33668f3ebc9cf61e7eb43c6a84,6,sample_step,0.001199085020501478,0.0013891583800315858,2.7153337075729663e-05,1.1585153315071985,0.00019007335953010775,1.1585153315071985
facil_prefill-128xdecode_67_ops_trace.csv,decode,6,59,23,PIM0,pim,9,"Q:0,K:0,V:0,QK:0,Softmax:0,SV:0,O:0,FFN_W1:0,FFN_W2:0",5.3451696716111385e-05,4.4511e-05,pim|decode|6|d9f2c5d5d25b036a5f39277c4750a787,6,sample_step,0.0003741618770127797,0.000311577,-8.940696716111384e-06,0.8327331541298579,-6.25848770127797e-05,0.8327331541298578
facil_prefill-128xdecode_67_ops_trace.csv,decode,6,59,23,PIM1,pim,9,"Q:1,K:1,V:1,QK:1,Softmax:1,SV:1,O:1,FFN_W1:1,FFN_W2:1",5.3451696716111385e-05,4.4511e-05,pim|decode|6|73f0b93ba2927d0614be9f9ec9b9774c,6,sample_step,0.0003741618770127797,0.000311577,-8.940696716111384e-06,0.8327331541298579,-6.25848770127797e-05,0.8327331541298578
facil_prefill-128xdecode_67_ops_trace.csv,decode,6,59,24,GPU0,npu,8,"LN:-1,Add:-1,LN:-1,FFN_W3:0,FFN_W3:1,SwiGLU:0,SwiGLU:1,Add:-1",0.00017129786007163972,0.00019845119714736938,npu|decode|6|ff6dcf33668f3ebc9cf61e7eb43c6a84,6,sample_step,0.001199085020501478,0.0013891583800315858,2.7153337075729663e-05,1.1585153315071985,0.00019007335953010775,1.1585153315071985
facil_prefill-128xdecode_67_ops_trace.csv,decode,6,59,24,PIM0,pim,9,"Q:0,K:0,V:0,QK:0,Softmax:0,SV:0,O:0,FFN_W1:0,FFN_W2:0",5.3451696716111385e-05,4.4511e-05,pim|decode|6|d9f2c5d5d25b036a5f39277c4750a787,6,sample_step,0.0003741618770127797,0.000311577,-8.940696716111384e-06,0.8327331541298579,-6.25848770127797e-05,0.8327331541298578
facil_prefill-128xdecode_67_ops_trace.csv,decode,6,59,24,PIM1,pim,9,"Q:1,K:1,V:1,QK:1,Softmax:1,SV:1,O:1,FFN_W1:1,FFN_W2:1",5.3451696716111385e-05,4.4511e-05,pim|decode|6|73f0b93ba2927d0614be9f9ec9b9774c,6,sample_step,0.0003741618770127797,0.000311577,-8.940696716111384e-06,0.8327331541298579,-6.25848770127797e-05,0.8327331541298578
facil_prefill-128xdecode_67_ops_trace.csv,decode,6,59,25,GPU0,npu,8,"LN:-1,Add:-1,LN:-1,FFN_W3:0,FFN_W3:1,SwiGLU:0,SwiGLU:1,Add:-1",0.00017129786007163972,0.00019845119714736938,npu|decode|6|ff6dcf33668f3ebc9cf61e7eb43c6a84,6,sample_step,0.001199085020501478,0.0013891583800315858,2.7153337075729663e-05,1.1585153315071985,0.00019007335953010775,1.1585153315071985
facil_prefill-128xdecode_67_ops_trace.csv,decode,6,59,25,PIM0,pim,9,"Q:0,K:0,V:0,QK:0,Softmax:0,SV:0,O:0,FFN_W1:0,FFN_W2:0",5.3451696716111385e-05,4.4511e-05,pim|decode|6|d9f2c5d5d25b036a5f39277c4750a787,6,sample_step,0.0003741618770127797,0.000311577,-8.940696716111384e-06,0.8327331541298579,-6.25848770127797e-05,0.8327331541298578
facil_prefill-128xdecode_67_ops_trace.csv,decode,6,59,25,PIM1,pim,9,"Q:1,K:1,V:1,QK:1,Softmax:1,SV:1,O:1,FFN_W1:1,FFN_W2:1",5.3451696716111385e-05,4.4511e-05,pim|decode|6|73f0b93ba2927d0614be9f9ec9b9774c,6,sample_step,0.0003741618770127797,0.000311577,-8.940696716111384e-06,0.8327331541298579,-6.25848770127797e-05,0.8327331541298578
facil_prefill-128xdecode_67_ops_trace.csv,decode,6,59,26,GPU0,npu,8,"LN:-1,Add:-1,LN:-1,FFN_W3:0,FFN_W3:1,SwiGLU:0,SwiGLU:1,Add:-1",0.00017129786007163972,0.00019845119714736938,npu|decode|6|ff6dcf33668f3ebc9cf61e7eb43c6a84,6,sample_step,0.001199085020501478,0.0013891583800315858,2.7153337075729663e-05,1.1585153315071985,0.00019007335953010775,1.1585153315071985
facil_prefill-128xdecode_67_ops_trace.csv,decode,6,59,26,PIM0,pim,9,"Q:0,K:0,V:0,QK:0,Softmax:0,SV:0,O:0,FFN_W1:0,FFN_W2:0",5.3451696716111385e-05,4.4511e-05,pim|decode|6|d9f2c5d5d25b036a5f39277c4750a787,6,sample_step,0.0003741618770127797,0.000311577,-8.940696716111384e-06,0.8327331541298579,-6.25848770127797e-05,0.8327331541298578
facil_prefill-128xdecode_67_ops_trace.csv,decode,6,59,26,PIM1,pim,9,"Q:1,K:1,V:1,QK:1,Softmax:1,SV:1,O:1,FFN_W1:1,FFN_W2:1",5.3451696716111385e-05,4.4511e-05,pim|decode|6|73f0b93ba2927d0614be9f9ec9b9774c,6,sample_step,0.0003741618770127797,0.000311577,-8.940696716111384e-06,0.8327331541298579,-6.25848770127797e-05,0.8327331541298578
facil_prefill-128xdecode_67_ops_trace.csv,decode,6,59,27,GPU0,npu,8,"LN:-1,Add:-1,LN:-1,FFN_W3:0,FFN_W3:1,SwiGLU:0,SwiGLU:1,Add:-1",0.00017129786007163972,0.00019845119714736938,npu|decode|6|ff6dcf33668f3ebc9cf61e7eb43c6a84,6,sample_step,0.001199085020501478,0.0013891583800315858,2.7153337075729663e-05,1.1585153315071985,0.00019007335953010775,1.1585153315071985
facil_prefill-128xdecode_67_ops_trace.csv,decode,6,59,27,PIM0,pim,9,"Q:0,K:0,V:0,QK:0,Softmax:0,SV:0,O:0,FFN_W1:0,FFN_W2:0",5.3451696716111385e-05,4.4511e-05,pim|decode|6|d9f2c5d5d25b036a5f39277c4750a787,6,sample_step,0.0003741618770127797,0.000311577,-8.940696716111384e-06,0.8327331541298579,-6.25848770127797e-05,0.8327331541298578
facil_prefill-128xdecode_67_ops_trace.csv,decode,6,59,27,PIM1,pim,9,"Q:1,K:1,V:1,QK:1,Softmax:1,SV:1,O:1,FFN_W1:1,FFN_W2:1",5.3451696716111385e-05,4.4511e-05,pim|decode|6|73f0b93ba2927d0614be9f9ec9b9774c,6,sample_step,0.0003741618770127797,0.000311577,-8.940696716111384e-06,0.8327331541298579,-6.25848770127797e-05,0.8327331541298578
facil_prefill-128xdecode_67_ops_trace.csv,decode,6,59,28,GPU0,npu,8,"LN:-1,Add:-1,LN:-1,FFN_W3:0,FFN_W3:1,SwiGLU:0,SwiGLU:1,Add:-1",0.00017129786007163972,0.00019845119714736938,npu|decode|6|ff6dcf33668f3ebc9cf61e7eb43c6a84,6,sample_step,0.001199085020501478,0.0013891583800315858,2.7153337075729663e-05,1.1585153315071985,0.00019007335953010775,1.1585153315071985
facil_prefill-128xdecode_67_ops_trace.csv,decode,6,59,28,PIM0,pim,9,"Q:0,K:0,V:0,QK:0,Softmax:0,SV:0,O:0,FFN_W1:0,FFN_W2:0",5.3451696716111385e-05,4.4511e-05,pim|decode|6|d9f2c5d5d25b036a5f39277c4750a787,6,sample_step,0.0003741618770127797,0.000311577,-8.940696716111384e-06,0.8327331541298579,-6.25848770127797e-05,0.8327331541298578
facil_prefill-128xdecode_67_ops_trace.csv,decode,6,59,28,PIM1,pim,9,"Q:1,K:1,V:1,QK:1,Softmax:1,SV:1,O:1,FFN_W1:1,FFN_W2:1",5.3451696716111385e-05,4.4511e-05,pim|decode|6|73f0b93ba2927d0614be9f9ec9b9774c,6,sample_step,0.0003741618770127797,0.000311577,-8.940696716111384e-06,0.8327331541298579,-6.25848770127797e-05,0.8327331541298578
facil_prefill-128xdecode_67_ops_trace.csv,decode,6,59,29,GPU0,npu,8,"LN:-1,Add:-1,LN:-1,FFN_W3:0,FFN_W3:1,SwiGLU:0,SwiGLU:1,Add:-1",0.00017129786007163972,0.00019845119714736938,npu|decode|6|ff6dcf33668f3ebc9cf61e7eb43c6a84,6,sample_step,0.001199085020501478,0.0013891583800315858,2.7153337075729663e-05,1.1585153315071985,0.00019007335953010775,1.1585153315071985
facil_prefill-128xdecode_67_ops_trace.csv,decode,6,59,29,PIM0,pim,9,"Q:0,K:0,V:0,QK:0,Softmax:0,SV:0,O:0,FFN_W1:0,FFN_W2:0",5.3451696716111385e-05,4.4511e-05,pim|decode|6|d9f2c5d5d25b036a5f39277c4750a787,6,sample_step,0.0003741618770127797,0.000311577,-8.940696716111384e-06,0.8327331541298579,-6.25848770127797e-05,0.8327331541298578
facil_prefill-128xdecode_67_ops_trace.csv,decode,6,59,29,PIM1,pim,9,"Q:1,K:1,V:1,QK:1,Softmax:1,SV:1,O:1,FFN_W1:1,FFN_W2:1",5.3451696716111385e-05,4.4511e-05,pim|decode|6|73f0b93ba2927d0614be9f9ec9b9774c,6,sample_step,0.0003741618770127797,0.000311577,-8.940696716111384e-06,0.8327331541298579,-6.25848770127797e-05,0.8327331541298578
facil_prefill-128xdecode_67_ops_trace.csv,decode,6,59,30,GPU0,npu,8,"LN:-1,Add:-1,LN:-1,FFN_W3:0,FFN_W3:1,SwiGLU:0,SwiGLU:1,Add:-1",0.00017129786007163972,0.00019845119714736938,npu|decode|6|ff6dcf33668f3ebc9cf61e7eb43c6a84,6,sample_step,0.001199085020501478,0.0013891583800315858,2.7153337075729663e-05,1.1585153315071985,0.00019007335953010775,1.1585153315071985
facil_prefill-128xdecode_67_ops_trace.csv,decode,6,59,30,PIM0,pim,9,"Q:0,K:0,V:0,QK:0,Softmax:0,SV:0,O:0,FFN_W1:0,FFN_W2:0",5.3451696716111385e-05,4.4511e-05,pim|decode|6|d9f2c5d5d25b036a5f39277c4750a787,6,sample_step,0.0003741618770127797,0.000311577,-8.940696716111384e-06,0.8327331541298579,-6.25848770127797e-05,0.8327331541298578
facil_prefill-128xdecode_67_ops_trace.csv,decode,6,59,30,PIM1,pim,9,"Q:1,K:1,V:1,QK:1,Softmax:1,SV:1,O:1,FFN_W1:1,FFN_W2:1",5.3451696716111385e-05,4.4511e-05,pim|decode|6|73f0b93ba2927d0614be9f9ec9b9774c,6,sample_step,0.0003741618770127797,0.000311577,-8.940696716111384e-06,0.8327331541298579,-6.25848770127797e-05,0.8327331541298578
facil_prefill-128xdecode_67_ops_trace.csv,decode,6,59,31,GPU0,npu,8,"LN:-1,Add:-1,LN:-1,FFN_W3:0,FFN_W3:1,SwiGLU:0,SwiGLU:1,Add:-1",0.00017129786007163972,0.00019845119714736938,npu|decode|6|ff6dcf33668f3ebc9cf61e7eb43c6a84,6,sample_step,0.001199085020501478,0.0013891583800315858,2.7153337075729663e-05,1.1585153315071985,0.00019007335953010775,1.1585153315071985
facil_prefill-128xdecode_67_ops_trace.csv,decode,6,59,31,PIM0,pim,9,"Q:0,K:0,V:0,QK:0,Softmax:0,SV:0,O:0,FFN_W1:0,FFN_W2:0",5.3451696716111385e-05,4.4511e-05,pim|decode|6|d9f2c5d5d25b036a5f39277c4750a787,6,sample_step,0.0003741618770127797,0.000311577,-8.940696716111384e-06,0.8327331541298579,-6.25848770127797e-05,0.8327331541298578
facil_prefill-128xdecode_67_ops_trace.csv,decode,6,59,31,PIM1,pim,9,"Q:1,K:1,V:1,QK:1,Softmax:1,SV:1,O:1,FFN_W1:1,FFN_W2:1",5.3451696716111385e-05,4.4511e-05,pim|decode|6|73f0b93ba2927d0614be9f9ec9b9774c,6,sample_step,0.0003741618770127797,0.000311577,-8.940696716111384e-06,0.8327331541298579,-6.25848770127797e-05,0.8327331541298578
