[run-gpu] tasks=25 warmup=3 iters=10 device=cuda dtype=bf16 segment_scope=layer
[run-gpu] extra weight_load_s=0.400513s (will be added in merge)
[run-gpu] GPU[0] NVIDIA A100-PCIE-40GB; SM=108, CC=8.0
[run-gpu] nvidia-smi -L: GPU 0: NVIDIA A100-PCIE-40GB (UUID: GPU-6d440a5b-63f1-384a-e57b-cc3200e8df52)
[run-gpu] nvidia-smi query: NVIDIA A100-PCIE-40GB, GPU-6d440a5b-63f1-384a-e57b-cc3200e8df52, 560.35.03, 40960
[run-gpu][debug] torch_default_dtype=torch.float32
[run-gpu][debug] torch.backends.cuda.matmul.allow_tf32=False
[run-gpu][debug] cudnn.enabled=True benchmark=False deterministic=False allow_tf32=True
[run-gpu][debug] nvidia-smi snapshot: 0, 0, 0, 4, 40960, 29, 35.59, 250.00
========================================================================================
[gpu-debug] segment_key=npu|decode|0|2a5538c8f9df4db4add3d84eaac8c78a
[gpu-debug] sig: device_type=npu phase=decode step=0 (count_hint=1)
[gpu-debug] ops_repr: LN:-1,Q:0,K:0,Q:1,K:1,QK:0,QK:1,Softmax:0,Softmax:1,O:0,Add:-1,FFN_W3:0,FFN_W3:1,SwiGLU:0,Add:-1
[gpu-debug] cfg: device=cuda dtype=torch.bfloat16 dim=4096 ffn_dim=11008 n_heads=32 shards=2
[gpu-debug] op plan (with inferred tensor shapes):
  - op#00  op=LN       shard=-1  x=[1x4096] + w=[4096]  ->  y=[1x4096]  (T=1, K=263)
  - op#01  op=Q        shard=0   x=[1x4096] + w=[2048x4096]  ->  y=[1x2048]  (T=1, K=263)
  - op#02  op=K        shard=0   x=[1x4096] + w=[2048x4096]  ->  y=[1x2048]  (T=1, K=263)
  - op#03  op=Q        shard=1   x=[1x4096] + w=[2048x4096]  ->  y=[1x2048]  (T=1, K=263)
  - op#04  op=K        shard=1   x=[1x4096] + w=[2048x4096]  ->  y=[1x2048]  (T=1, K=263)
  - op#05  op=QK       shard=0   q=[16x1x128] + k=[16x128x263]  ->  y=[16x1x263]  (T=1, K=263)
  - op#06  op=QK       shard=1   q=[16x1x128] + k=[16x128x263]  ->  y=[16x1x263]  (T=1, K=263)
  - op#07  op=Softmax  shard=0   scores=[16x1x263]  ->  y=[16x1x263]  (T=1, K=263)
  - op#08  op=Softmax  shard=1   scores=[16x1x263]  ->  y=[16x1x263]  (T=1, K=263)
  - op#09  op=O        shard=0   x=[1x2048] + w=[4096x2048]  ->  y=[1x4096]  (T=1, K=263)
  - op#10  op=Add      shard=-1  a=[1x4096] + b=[1x4096]  ->  y=[1x4096]  (T=1, K=263)
  - op#11  op=FFN_W3   shard=0   x=[1x4096] + w=[5504x4096]  ->  y=[1x5504]  (T=1, K=263)
  - op#12  op=FFN_W3   shard=1   x=[1x4096] + w=[5504x4096]  ->  y=[1x5504]  (T=1, K=263)
  - op#13  op=SwiGLU   shard=0   a=[1x5504] + b=[1x5504]  ->  y=[1x5504]  (T=1, K=263)
  - op#14  op=Add      shard=-1  a=[1x4096] + b=[1x4096]  ->  y=[1x4096]  (T=1, K=263)
[gpu-debug] per-op timing breakdown (avg over iters):
  idx  op       sh  io                                                    time   est_flops    TFLOPs       bytes      GB/s
  ------------------------------------------------------------------------------------------------------------------------
    0  LN       -1  x[1x4096]+w[4096]->y[1x4096]                        0.072ms    20.480 K      0.00   24.00 KiB      0.34
    1  Q         0  x[1x4096]+w[2048x4096]->y[1x2048]                   0.050ms    16.777 M      0.34   16.01 MiB    336.67
    2  K         0  x[1x4096]+w[2048x4096]->y[1x2048]                   0.033ms    16.777 M      0.52   16.01 MiB    515.60
    3  Q         1  x[1x4096]+w[2048x4096]->y[1x2048]                   0.032ms    16.777 M      0.53   16.01 MiB    525.51
    4  K         1  x[1x4096]+w[2048x4096]->y[1x2048]                   0.032ms    16.777 M      0.53   16.01 MiB    528.90
    5  QK        0  q[16x1x128]+k[16x128x263]->y[16x1x263]              0.020ms     1.077 M      0.05    1.04 MiB     54.58
    6  QK        1  q[16x1x128]+k[16x128x263]->y[16x1x263]              0.043ms     1.077 M      0.03    1.04 MiB     25.40
    7  Softmax   0  scores[16x1x263]->y[16x1x263]                       0.019ms    21.040 K      0.00   16.44 KiB      0.87
    8  Softmax   1  scores[16x1x263]->y[16x1x263]                       0.016ms    21.040 K      0.00   16.44 KiB      1.07
    9  O         0  x[1x2048]+w[4096x2048]->y[1x4096]                   0.039ms    16.777 M      0.43   16.01 MiB    430.34
   10  Add      -1  a[1x4096]+b[1x4096]->y[1x4096]                      0.012ms     4.096 K      0.00   24.00 KiB      2.09
   11  FFN_W3    0  x[1x4096]+w[5504x4096]->y[1x5504]                   0.057ms    45.089 M      0.79   43.02 MiB    793.71
   12  FFN_W3    1  x[1x4096]+w[5504x4096]->y[1x5504]                   0.047ms    45.089 M      0.96   43.02 MiB    963.91
   13  SwiGLU    0  a[1x5504]+b[1x5504]->y[1x5504]                      0.014ms    33.024 K      0.00   32.25 KiB      2.29
   14  Add      -1  a[1x4096]+b[1x4096]->y[1x4096]                      0.009ms     4.096 K      0.00   24.00 KiB      2.79
[gpu-debug] segment avg latency (cuda_events): 0.326 ms
[gpu-debug] sum(per-op)               : 0.494 ms (ratio=1.517)
[gpu-debug] NOTE: sum(per-op) may differ from segment latency due to Python overhead, event/launch overhead, and allocator/cache effects.
[gpu-debug] cuda mem before warmup: alloc=0 B reserved=0 B
[gpu-debug] cuda mem after warmup : alloc=177.19 MiB reserved=190.00 MiB
[gpu-debug] cuda mem peak (this segment): max_alloc=177.22 MiB max_reserved=190.00 MiB
========================================================================================
[gpu-debug] segment_key=npu|decode|0|671eabfb3c980b3de830460630434eeb
[gpu-debug] sig: device_type=npu phase=decode step=0 (count_hint=31)
[gpu-debug] ops_repr: Q:0,K:0,Q:1,K:1,QK:0,QK:1,Softmax:0,Softmax:1,O:0,Add:-1,FFN_W3:0,FFN_W3:1,SwiGLU:0,Add:-1
[gpu-debug] cfg: device=cuda dtype=torch.bfloat16 dim=4096 ffn_dim=11008 n_heads=32 shards=2
[gpu-debug] op plan (with inferred tensor shapes):
  - op#00  op=Q        shard=0   x=[1x4096] + w=[2048x4096]  ->  y=[1x2048]  (T=1, K=263)
  - op#01  op=K        shard=0   x=[1x4096] + w=[2048x4096]  ->  y=[1x2048]  (T=1, K=263)
  - op#02  op=Q        shard=1   x=[1x4096] + w=[2048x4096]  ->  y=[1x2048]  (T=1, K=263)
  - op#03  op=K        shard=1   x=[1x4096] + w=[2048x4096]  ->  y=[1x2048]  (T=1, K=263)
  - op#04  op=QK       shard=0   q=[16x1x128] + k=[16x128x263]  ->  y=[16x1x263]  (T=1, K=263)
  - op#05  op=QK       shard=1   q=[16x1x128] + k=[16x128x263]  ->  y=[16x1x263]  (T=1, K=263)
  - op#06  op=Softmax  shard=0   scores=[16x1x263]  ->  y=[16x1x263]  (T=1, K=263)
  - op#07  op=Softmax  shard=1   scores=[16x1x263]  ->  y=[16x1x263]  (T=1, K=263)
  - op#08  op=O        shard=0   x=[1x2048] + w=[4096x2048]  ->  y=[1x4096]  (T=1, K=263)
  - op#09  op=Add      shard=-1  a=[1x4096] + b=[1x4096]  ->  y=[1x4096]  (T=1, K=263)
  - op#10  op=FFN_W3   shard=0   x=[1x4096] + w=[5504x4096]  ->  y=[1x5504]  (T=1, K=263)
  - op#11  op=FFN_W3   shard=1   x=[1x4096] + w=[5504x4096]  ->  y=[1x5504]  (T=1, K=263)
  - op#12  op=SwiGLU   shard=0   a=[1x5504] + b=[1x5504]  ->  y=[1x5504]  (T=1, K=263)
  - op#13  op=Add      shard=-1  a=[1x4096] + b=[1x4096]  ->  y=[1x4096]  (T=1, K=263)
[gpu-debug] per-op timing breakdown (avg over iters):
  idx  op       sh  io                                                    time   est_flops    TFLOPs       bytes      GB/s
  ------------------------------------------------------------------------------------------------------------------------
    0  Q         0  x[1x4096]+w[2048x4096]->y[1x2048]                   0.046ms    16.777 M      0.36   16.01 MiB    364.36
    1  K         0  x[1x4096]+w[2048x4096]->y[1x2048]                   0.032ms    16.777 M      0.52   16.01 MiB    520.51
    2  Q         1  x[1x4096]+w[2048x4096]->y[1x2048]                   0.032ms    16.777 M      0.52   16.01 MiB    520.51
    3  K         1  x[1x4096]+w[2048x4096]->y[1x2048]                   0.032ms    16.777 M      0.52   16.01 MiB    522.17
    4  QK        0  q[16x1x128]+k[16x128x263]->y[16x1x263]              0.019ms     1.077 M      0.06    1.04 MiB     56.91
    5  QK        1  q[16x1x128]+k[16x128x263]->y[16x1x263]              0.040ms     1.077 M      0.03    1.04 MiB     27.08
    6  Softmax   0  scores[16x1x263]->y[16x1x263]                       0.020ms    21.040 K      0.00   16.44 KiB      0.85
    7  Softmax   1  scores[16x1x263]->y[16x1x263]                       0.016ms    21.040 K      0.00   16.44 KiB      1.07
    8  O         0  x[1x2048]+w[4096x2048]->y[1x4096]                   0.040ms    16.777 M      0.42   16.01 MiB    422.58
    9  Add      -1  a[1x4096]+b[1x4096]->y[1x4096]                      0.012ms     4.096 K      0.00   24.00 KiB      1.98
   10  FFN_W3    0  x[1x4096]+w[5504x4096]->y[1x5504]                   0.057ms    45.089 M      0.79   43.02 MiB    788.03
   11  FFN_W3    1  x[1x4096]+w[5504x4096]->y[1x5504]                   0.047ms    45.089 M      0.97   43.02 MiB    966.03
   12  SwiGLU    0  a[1x5504]+b[1x5504]->y[1x5504]                      0.015ms    33.024 K      0.00   32.25 KiB      2.26
   13  Add      -1  a[1x4096]+b[1x4096]->y[1x4096]                      0.009ms     4.096 K      0.00   24.00 KiB      2.73
[gpu-debug] segment avg latency (cuda_events): 0.283 ms
[gpu-debug] sum(per-op)               : 0.417 ms (ratio=1.473)
[gpu-debug] NOTE: sum(per-op) may differ from segment latency due to Python overhead, event/launch overhead, and allocator/cache effects.
[gpu-debug] cuda mem before warmup: alloc=177.19 MiB reserved=190.00 MiB
[gpu-debug] cuda mem after warmup : alloc=177.19 MiB reserved=190.00 MiB
[gpu-debug] cuda mem peak (this segment): max_alloc=177.22 MiB max_reserved=190.00 MiB
========================================================================================
[gpu-debug] segment_key=npu|decode|10|640d8d104afb310d48bef041f7a6f0e0
[gpu-debug] sig: device_type=npu phase=decode step=10 (count_hint=31)
[gpu-debug] ops_repr: Q:0,K:0,Q:1,K:1,QK:0,QK:1,Softmax:0,Softmax:1,O:0,Add:-1,FFN_W3:0,FFN_W2:1,Add:-1
[gpu-debug] cfg: device=cuda dtype=torch.bfloat16 dim=4096 ffn_dim=11008 n_heads=32 shards=2
[gpu-debug] op plan (with inferred tensor shapes):
  - op#00  op=Q        shard=0   x=[1x4096] + w=[2048x4096]  ->  y=[1x2048]  (T=1, K=370)
  - op#01  op=K        shard=0   x=[1x4096] + w=[2048x4096]  ->  y=[1x2048]  (T=1, K=370)
  - op#02  op=Q        shard=1   x=[1x4096] + w=[2048x4096]  ->  y=[1x2048]  (T=1, K=370)
  - op#03  op=K        shard=1   x=[1x4096] + w=[2048x4096]  ->  y=[1x2048]  (T=1, K=370)
  - op#04  op=QK       shard=0   q=[16x1x128] + k=[16x128x370]  ->  y=[16x1x370]  (T=1, K=370)
  - op#05  op=QK       shard=1   q=[16x1x128] + k=[16x128x370]  ->  y=[16x1x370]  (T=1, K=370)
  - op#06  op=Softmax  shard=0   scores=[16x1x370]  ->  y=[16x1x370]  (T=1, K=370)
  - op#07  op=Softmax  shard=1   scores=[16x1x370]  ->  y=[16x1x370]  (T=1, K=370)
  - op#08  op=O        shard=0   x=[1x2048] + w=[4096x2048]  ->  y=[1x4096]  (T=1, K=370)
  - op#09  op=Add      shard=-1  a=[1x4096] + b=[1x4096]  ->  y=[1x4096]  (T=1, K=370)
  - op#10  op=FFN_W3   shard=0   x=[1x4096] + w=[5504x4096]  ->  y=[1x5504]  (T=1, K=370)
  - op#11  op=FFN_W2   shard=1   x=[1x5504] + w=[4096x5504]  ->  y=[1x4096]  (T=1, K=370)
  - op#12  op=Add      shard=-1  a=[1x4096] + b=[1x4096]  ->  y=[1x4096]  (T=1, K=370)
[gpu-debug] per-op timing breakdown (avg over iters):
  idx  op       sh  io                                                    time   est_flops    TFLOPs       bytes      GB/s
  ------------------------------------------------------------------------------------------------------------------------
    0  Q         0  x[1x4096]+w[2048x4096]->y[1x2048]                   0.045ms    16.777 M      0.37   16.01 MiB    374.34
    1  K         0  x[1x4096]+w[2048x4096]->y[1x2048]                   0.033ms    16.777 M      0.51   16.01 MiB    513.98
    2  Q         1  x[1x4096]+w[2048x4096]->y[1x2048]                   0.032ms    16.777 M      0.53   16.01 MiB    530.61
    3  K         1  x[1x4096]+w[2048x4096]->y[1x2048]                   0.032ms    16.777 M      0.53   16.01 MiB    527.20
    4  QK        0  q[16x1x128]+k[16x128x370]->y[16x1x370]              0.020ms     1.516 M      0.08    1.46 MiB     78.30
    5  QK        1  q[16x1x128]+k[16x128x370]->y[16x1x370]              0.038ms     1.516 M      0.04    1.46 MiB     40.10
    6  Softmax   0  scores[16x1x370]->y[16x1x370]                       0.019ms    29.600 K      0.00   23.12 KiB      1.28
    7  Softmax   1  scores[16x1x370]->y[16x1x370]                       0.015ms    29.600 K      0.00   23.12 KiB      1.57
    8  O         0  x[1x2048]+w[4096x2048]->y[1x4096]                   0.039ms    16.777 M      0.44   16.01 MiB    436.06
    9  Add      -1  a[1x4096]+b[1x4096]->y[1x4096]                      0.011ms     4.096 K      0.00   24.00 KiB      2.16
   10  FFN_W3    0  x[1x4096]+w[5504x4096]->y[1x5504]                   0.057ms    45.089 M      0.79   43.02 MiB    788.03
   11  FFN_W2    1  x[1x5504]+w[4096x5504]->y[1x4096]                   0.050ms    45.089 M      0.90   43.02 MiB    902.68
   12  Add      -1  a[1x4096]+b[1x4096]->y[1x4096]                      0.009ms     4.096 K      0.00   24.00 KiB      2.73
[gpu-debug] segment avg latency (cuda_events): 0.279 ms
[gpu-debug] sum(per-op)               : 0.398 ms (ratio=1.429)
[gpu-debug] NOTE: sum(per-op) may differ from segment latency due to Python overhead, event/launch overhead, and allocator/cache effects.
[gpu-debug] cuda mem before warmup: alloc=177.19 MiB reserved=190.00 MiB
[gpu-debug] cuda mem after warmup : alloc=222.65 MiB reserved=234.00 MiB
[gpu-debug] cuda mem peak (this segment): max_alloc=222.68 MiB max_reserved=234.00 MiB
========================================================================================
[gpu-debug] segment_key=npu|decode|10|b9bb60d957286896489e50322b6f73a4
[gpu-debug] sig: device_type=npu phase=decode step=10 (count_hint=1)
[gpu-debug] ops_repr: LN:-1,Q:0,K:0,Q:1,K:1,QK:0,QK:1,Softmax:0,Softmax:1,O:0,Add:-1,FFN_W3:0,FFN_W2:1,Add:-1
[gpu-debug] cfg: device=cuda dtype=torch.bfloat16 dim=4096 ffn_dim=11008 n_heads=32 shards=2
[gpu-debug] op plan (with inferred tensor shapes):
  - op#00  op=LN       shard=-1  x=[1x4096] + w=[4096]  ->  y=[1x4096]  (T=1, K=370)
  - op#01  op=Q        shard=0   x=[1x4096] + w=[2048x4096]  ->  y=[1x2048]  (T=1, K=370)
  - op#02  op=K        shard=0   x=[1x4096] + w=[2048x4096]  ->  y=[1x2048]  (T=1, K=370)
  - op#03  op=Q        shard=1   x=[1x4096] + w=[2048x4096]  ->  y=[1x2048]  (T=1, K=370)
  - op#04  op=K        shard=1   x=[1x4096] + w=[2048x4096]  ->  y=[1x2048]  (T=1, K=370)
  - op#05  op=QK       shard=0   q=[16x1x128] + k=[16x128x370]  ->  y=[16x1x370]  (T=1, K=370)
  - op#06  op=QK       shard=1   q=[16x1x128] + k=[16x128x370]  ->  y=[16x1x370]  (T=1, K=370)
  - op#07  op=Softmax  shard=0   scores=[16x1x370]  ->  y=[16x1x370]  (T=1, K=370)
  - op#08  op=Softmax  shard=1   scores=[16x1x370]  ->  y=[16x1x370]  (T=1, K=370)
  - op#09  op=O        shard=0   x=[1x2048] + w=[4096x2048]  ->  y=[1x4096]  (T=1, K=370)
  - op#10  op=Add      shard=-1  a=[1x4096] + b=[1x4096]  ->  y=[1x4096]  (T=1, K=370)
  - op#11  op=FFN_W3   shard=0   x=[1x4096] + w=[5504x4096]  ->  y=[1x5504]  (T=1, K=370)
  - op#12  op=FFN_W2   shard=1   x=[1x5504] + w=[4096x5504]  ->  y=[1x4096]  (T=1, K=370)
  - op#13  op=Add      shard=-1  a=[1x4096] + b=[1x4096]  ->  y=[1x4096]  (T=1, K=370)
[gpu-debug] per-op timing breakdown (avg over iters):
  idx  op       sh  io                                                    time   est_flops    TFLOPs       bytes      GB/s
  ------------------------------------------------------------------------------------------------------------------------
    0  LN       -1  x[1x4096]+w[4096]->y[1x4096]                        0.072ms    20.480 K      0.00   24.00 KiB      0.34
    1  Q         0  x[1x4096]+w[2048x4096]->y[1x2048]                   0.049ms    16.777 M      0.34   16.01 MiB    345.18
    2  K         0  x[1x4096]+w[2048x4096]->y[1x2048]                   0.032ms    16.777 M      0.53   16.01 MiB    527.20
    3  Q         1  x[1x4096]+w[2048x4096]->y[1x2048]                   0.032ms    16.777 M      0.53   16.01 MiB    525.51
    4  K         1  x[1x4096]+w[2048x4096]->y[1x2048]                   0.032ms    16.777 M      0.52   16.01 MiB    523.83
    5  QK        0  q[16x1x128]+k[16x128x370]->y[16x1x370]              0.020ms     1.516 M      0.07    1.46 MiB     74.78
    6  QK        1  q[16x1x128]+k[16x128x370]->y[16x1x370]              0.041ms     1.516 M      0.04    1.46 MiB     37.58
    7  Softmax   0  scores[16x1x370]->y[16x1x370]                       0.019ms    29.600 K      0.00   23.12 KiB      1.22
    8  Softmax   1  scores[16x1x370]->y[16x1x370]                       0.015ms    29.600 K      0.00   23.12 KiB      1.53
    9  O         0  x[1x2048]+w[4096x2048]->y[1x4096]                   0.040ms    16.777 M      0.42   16.01 MiB    423.67
   10  Add      -1  a[1x4096]+b[1x4096]->y[1x4096]                      0.012ms     4.096 K      0.00   24.00 KiB      1.98
   11  FFN_W3    0  x[1x4096]+w[5504x4096]->y[1x5504]                   0.058ms    45.089 M      0.78   43.02 MiB    779.66
   12  FFN_W2    1  x[1x5504]+w[4096x5504]->y[1x4096]                   0.050ms    45.089 M      0.91   43.02 MiB    910.14
   13  Add      -1  a[1x4096]+b[1x4096]->y[1x4096]                      0.009ms     4.096 K      0.00   24.00 KiB      2.76
[gpu-debug] segment avg latency (cuda_events): 0.317 ms
[gpu-debug] sum(per-op)               : 0.481 ms (ratio=1.515)
[gpu-debug] NOTE: sum(per-op) may differ from segment latency due to Python overhead, event/launch overhead, and allocator/cache effects.
[gpu-debug] cuda mem before warmup: alloc=222.65 MiB reserved=234.00 MiB
[gpu-debug] cuda mem after warmup : alloc=222.65 MiB reserved=234.00 MiB
[gpu-debug] cuda mem peak (this segment): max_alloc=222.68 MiB max_reserved=234.00 MiB
========================================================================================
[gpu-debug] segment_key=npu|decode|11|640d8d104afb310d48bef041f7a6f0e0
[gpu-debug] sig: device_type=npu phase=decode step=11 (count_hint=31)
[gpu-debug] ops_repr: Q:0,K:0,Q:1,K:1,QK:0,QK:1,Softmax:0,Softmax:1,O:0,Add:-1,FFN_W3:0,FFN_W2:1,Add:-1
[gpu-debug] cfg: device=cuda dtype=torch.bfloat16 dim=4096 ffn_dim=11008 n_heads=32 shards=2
[gpu-debug] op plan (with inferred tensor shapes):
  - op#00  op=Q        shard=0   x=[1x4096] + w=[2048x4096]  ->  y=[1x2048]  (T=1, K=382)
  - op#01  op=K        shard=0   x=[1x4096] + w=[2048x4096]  ->  y=[1x2048]  (T=1, K=382)
  - op#02  op=Q        shard=1   x=[1x4096] + w=[2048x4096]  ->  y=[1x2048]  (T=1, K=382)
  - op#03  op=K        shard=1   x=[1x4096] + w=[2048x4096]  ->  y=[1x2048]  (T=1, K=382)
  - op#04  op=QK       shard=0   q=[16x1x128] + k=[16x128x382]  ->  y=[16x1x382]  (T=1, K=382)
  - op#05  op=QK       shard=1   q=[16x1x128] + k=[16x128x382]  ->  y=[16x1x382]  (T=1, K=382)
  - op#06  op=Softmax  shard=0   scores=[16x1x382]  ->  y=[16x1x382]  (T=1, K=382)
  - op#07  op=Softmax  shard=1   scores=[16x1x382]  ->  y=[16x1x382]  (T=1, K=382)
  - op#08  op=O        shard=0   x=[1x2048] + w=[4096x2048]  ->  y=[1x4096]  (T=1, K=382)
  - op#09  op=Add      shard=-1  a=[1x4096] + b=[1x4096]  ->  y=[1x4096]  (T=1, K=382)
  - op#10  op=FFN_W3   shard=0   x=[1x4096] + w=[5504x4096]  ->  y=[1x5504]  (T=1, K=382)
  - op#11  op=FFN_W2   shard=1   x=[1x5504] + w=[4096x5504]  ->  y=[1x4096]  (T=1, K=382)
  - op#12  op=Add      shard=-1  a=[1x4096] + b=[1x4096]  ->  y=[1x4096]  (T=1, K=382)
[gpu-debug] per-op timing breakdown (avg over iters):
  idx  op       sh  io                                                    time   est_flops    TFLOPs       bytes      GB/s
  ------------------------------------------------------------------------------------------------------------------------
    0  Q         0  x[1x4096]+w[2048x4096]->y[1x2048]                   0.044ms    16.777 M      0.38   16.01 MiB    378.66
    1  K         0  x[1x4096]+w[2048x4096]->y[1x2048]                   0.032ms    16.777 M      0.53   16.01 MiB    525.51
    2  Q         1  x[1x4096]+w[2048x4096]->y[1x2048]                   0.032ms    16.777 M      0.52   16.01 MiB    518.86
    3  K         1  x[1x4096]+w[2048x4096]->y[1x2048]                   0.032ms    16.777 M      0.52   16.01 MiB    522.17
    4  QK        0  q[16x1x128]+k[16x128x382]->y[16x1x382]              0.020ms     1.565 M      0.08    1.51 MiB     79.18
    5  QK        1  q[16x1x128]+k[16x128x382]->y[16x1x382]              0.041ms     1.565 M      0.04    1.51 MiB     38.79
    6  Softmax   0  scores[16x1x382]->y[16x1x382]                       0.018ms    30.560 K      0.00   23.88 KiB      1.33
    7  Softmax   1  scores[16x1x382]->y[16x1x382]                       0.015ms    30.560 K      0.00   23.88 KiB      1.60
    8  O         0  x[1x2048]+w[4096x2048]->y[1x4096]                   0.039ms    16.777 M      0.43   16.01 MiB    428.09
    9  Add      -1  a[1x4096]+b[1x4096]->y[1x4096]                      0.011ms     4.096 K      0.00   24.00 KiB      2.20
   10  FFN_W3    0  x[1x4096]+w[5504x4096]->y[1x5504]                   0.058ms    45.089 M      0.78   43.02 MiB    779.66
   11  FFN_W2    1  x[1x5504]+w[4096x5504]->y[1x4096]                   0.050ms    45.089 M      0.91   43.02 MiB    910.14
   12  Add      -1  a[1x4096]+b[1x4096]->y[1x4096]                      0.009ms     4.096 K      0.00   24.00 KiB      2.76
[gpu-debug] segment avg latency (cuda_events): 0.278 ms
[gpu-debug] sum(per-op)               : 0.402 ms (ratio=1.446)
[gpu-debug] NOTE: sum(per-op) may differ from segment latency due to Python overhead, event/launch overhead, and allocator/cache effects.
[gpu-debug] cuda mem before warmup: alloc=222.65 MiB reserved=234.00 MiB
[gpu-debug] cuda mem after warmup : alloc=224.16 MiB reserved=234.00 MiB
[gpu-debug] cuda mem peak (this segment): max_alloc=224.18 MiB max_reserved=234.00 MiB
========================================================================================
[gpu-debug] segment_key=npu|decode|11|b9bb60d957286896489e50322b6f73a4
[gpu-debug] sig: device_type=npu phase=decode step=11 (count_hint=1)
[gpu-debug] ops_repr: LN:-1,Q:0,K:0,Q:1,K:1,QK:0,QK:1,Softmax:0,Softmax:1,O:0,Add:-1,FFN_W3:0,FFN_W2:1,Add:-1
[gpu-debug] cfg: device=cuda dtype=torch.bfloat16 dim=4096 ffn_dim=11008 n_heads=32 shards=2
[gpu-debug] op plan (with inferred tensor shapes):
  - op#00  op=LN       shard=-1  x=[1x4096] + w=[4096]  ->  y=[1x4096]  (T=1, K=382)
  - op#01  op=Q        shard=0   x=[1x4096] + w=[2048x4096]  ->  y=[1x2048]  (T=1, K=382)
  - op#02  op=K        shard=0   x=[1x4096] + w=[2048x4096]  ->  y=[1x2048]  (T=1, K=382)
  - op#03  op=Q        shard=1   x=[1x4096] + w=[2048x4096]  ->  y=[1x2048]  (T=1, K=382)
  - op#04  op=K        shard=1   x=[1x4096] + w=[2048x4096]  ->  y=[1x2048]  (T=1, K=382)
  - op#05  op=QK       shard=0   q=[16x1x128] + k=[16x128x382]  ->  y=[16x1x382]  (T=1, K=382)
  - op#06  op=QK       shard=1   q=[16x1x128] + k=[16x128x382]  ->  y=[16x1x382]  (T=1, K=382)
  - op#07  op=Softmax  shard=0   scores=[16x1x382]  ->  y=[16x1x382]  (T=1, K=382)
  - op#08  op=Softmax  shard=1   scores=[16x1x382]  ->  y=[16x1x382]  (T=1, K=382)
  - op#09  op=O        shard=0   x=[1x2048] + w=[4096x2048]  ->  y=[1x4096]  (T=1, K=382)
  - op#10  op=Add      shard=-1  a=[1x4096] + b=[1x4096]  ->  y=[1x4096]  (T=1, K=382)
  - op#11  op=FFN_W3   shard=0   x=[1x4096] + w=[5504x4096]  ->  y=[1x5504]  (T=1, K=382)
  - op#12  op=FFN_W2   shard=1   x=[1x5504] + w=[4096x5504]  ->  y=[1x4096]  (T=1, K=382)
  - op#13  op=Add      shard=-1  a=[1x4096] + b=[1x4096]  ->  y=[1x4096]  (T=1, K=382)
[gpu-debug] per-op timing breakdown (avg over iters):
  idx  op       sh  io                                                    time   est_flops    TFLOPs       bytes      GB/s
  ------------------------------------------------------------------------------------------------------------------------
    0  LN       -1  x[1x4096]+w[4096]->y[1x4096]                        0.072ms    20.480 K      0.00   24.00 KiB      0.34
    1  Q         0  x[1x4096]+w[2048x4096]->y[1x2048]                   0.048ms    16.777 M      0.35   16.01 MiB    349.59
    2  K         0  x[1x4096]+w[2048x4096]->y[1x2048]                   0.032ms    16.777 M      0.52   16.01 MiB    517.22
    3  Q         1  x[1x4096]+w[2048x4096]->y[1x2048]                   0.032ms    16.777 M      0.53   16.01 MiB    530.61
    4  K         1  x[1x4096]+w[2048x4096]->y[1x2048]                   0.032ms    16.777 M      0.53   16.01 MiB    525.51
    5  QK        0  q[16x1x128]+k[16x128x382]->y[16x1x382]              0.021ms     1.565 M      0.08    1.51 MiB     76.43
    6  QK        1  q[16x1x128]+k[16x128x382]->y[16x1x382]              0.041ms     1.565 M      0.04    1.51 MiB     38.79
    7  Softmax   0  scores[16x1x382]->y[16x1x382]                       0.019ms    30.560 K      0.00   23.88 KiB      1.29
    8  Softmax   1  scores[16x1x382]->y[16x1x382]                       0.015ms    30.560 K      0.00   23.88 KiB      1.61
    9  O         0  x[1x2048]+w[4096x2048]->y[1x4096]                   0.039ms    16.777 M      0.43   16.01 MiB    429.21
   10  Add      -1  a[1x4096]+b[1x4096]->y[1x4096]                      0.012ms     4.096 K      0.00   24.00 KiB      2.03
   11  FFN_W3    0  x[1x4096]+w[5504x4096]->y[1x5504]                   0.058ms    45.089 M      0.77   43.02 MiB    774.18
   12  FFN_W2    1  x[1x5504]+w[4096x5504]->y[1x4096]                   0.050ms    45.089 M      0.91   43.02 MiB    908.26
   13  Add      -1  a[1x4096]+b[1x4096]->y[1x4096]                      0.009ms     4.096 K      0.00   24.00 KiB      2.70
[gpu-debug] segment avg latency (cuda_events): 0.316 ms
[gpu-debug] sum(per-op)               : 0.480 ms (ratio=1.517)
[gpu-debug] NOTE: sum(per-op) may differ from segment latency due to Python overhead, event/launch overhead, and allocator/cache effects.
[gpu-debug] cuda mem before warmup: alloc=224.16 MiB reserved=234.00 MiB
[gpu-debug] cuda mem after warmup : alloc=224.16 MiB reserved=234.00 MiB
[gpu-debug] cuda mem peak (this segment): max_alloc=224.18 MiB max_reserved=234.00 MiB
========================================================================================
[gpu-debug] segment_key=npu|decode|1|306225b6c1ce23ab6c915712037d7ab7
[gpu-debug] sig: device_type=npu phase=decode step=1 (count_hint=1)
[gpu-debug] ops_repr: LN:-1,Q:0,K:0,Q:1,K:1,QK:0,QK:1,Softmax:0,Softmax:1,O:0,Add:-1,FFN_W3:0,SwiGLU:1,Add:-1
[gpu-debug] cfg: device=cuda dtype=torch.bfloat16 dim=4096 ffn_dim=11008 n_heads=32 shards=2
[gpu-debug] op plan (with inferred tensor shapes):
  - op#00  op=LN       shard=-1  x=[1x4096] + w=[4096]  ->  y=[1x4096]  (T=1, K=264)
  - op#01  op=Q        shard=0   x=[1x4096] + w=[2048x4096]  ->  y=[1x2048]  (T=1, K=264)
  - op#02  op=K        shard=0   x=[1x4096] + w=[2048x4096]  ->  y=[1x2048]  (T=1, K=264)
  - op#03  op=Q        shard=1   x=[1x4096] + w=[2048x4096]  ->  y=[1x2048]  (T=1, K=264)
  - op#04  op=K        shard=1   x=[1x4096] + w=[2048x4096]  ->  y=[1x2048]  (T=1, K=264)
  - op#05  op=QK       shard=0   q=[16x1x128] + k=[16x128x264]  ->  y=[16x1x264]  (T=1, K=264)
  - op#06  op=QK       shard=1   q=[16x1x128] + k=[16x128x264]  ->  y=[16x1x264]  (T=1, K=264)
  - op#07  op=Softmax  shard=0   scores=[16x1x264]  ->  y=[16x1x264]  (T=1, K=264)
  - op#08  op=Softmax  shard=1   scores=[16x1x264]  ->  y=[16x1x264]  (T=1, K=264)
  - op#09  op=O        shard=0   x=[1x2048] + w=[4096x2048]  ->  y=[1x4096]  (T=1, K=264)
  - op#10  op=Add      shard=-1  a=[1x4096] + b=[1x4096]  ->  y=[1x4096]  (T=1, K=264)
  - op#11  op=FFN_W3   shard=0   x=[1x4096] + w=[5504x4096]  ->  y=[1x5504]  (T=1, K=264)
  - op#12  op=SwiGLU   shard=1   a=[1x5504] + b=[1x5504]  ->  y=[1x5504]  (T=1, K=264)
  - op#13  op=Add      shard=-1  a=[1x4096] + b=[1x4096]  ->  y=[1x4096]  (T=1, K=264)
[gpu-debug] per-op timing breakdown (avg over iters):
  idx  op       sh  io                                                    time   est_flops    TFLOPs       bytes      GB/s
  ------------------------------------------------------------------------------------------------------------------------
    0  LN       -1  x[1x4096]+w[4096]->y[1x4096]                        0.071ms    20.480 K      0.00   24.00 KiB      0.34
    1  Q         0  x[1x4096]+w[2048x4096]->y[1x2048]                   0.049ms    16.777 M      0.34   16.01 MiB    343.01
    2  K         0  x[1x4096]+w[2048x4096]->y[1x2048]                   0.032ms    16.777 M      0.53   16.01 MiB    527.20
    3  Q         1  x[1x4096]+w[2048x4096]->y[1x2048]                   0.032ms    16.777 M      0.52   16.01 MiB    520.51
    4  K         1  x[1x4096]+w[2048x4096]->y[1x2048]                   0.032ms    16.777 M      0.52   16.01 MiB    523.83
    5  QK        0  q[16x1x128]+k[16x128x264]->y[16x1x264]              0.023ms     1.081 M      0.05    1.04 MiB     47.27
    6  QK        1  q[16x1x128]+k[16x128x264]->y[16x1x264]              0.044ms     1.081 M      0.02    1.04 MiB     24.61
    7  Softmax   0  scores[16x1x264]->y[16x1x264]                       0.020ms    21.120 K      0.00   16.50 KiB      0.86
    8  Softmax   1  scores[16x1x264]->y[16x1x264]                       0.015ms    21.120 K      0.00   16.50 KiB      1.10
    9  O         0  x[1x2048]+w[4096x2048]->y[1x4096]                   0.041ms    16.777 M      0.41   16.01 MiB    413.00
   10  Add      -1  a[1x4096]+b[1x4096]->y[1x4096]                      0.012ms     4.096 K      0.00   24.00 KiB      2.07
   11  FFN_W3    0  x[1x4096]+w[5504x4096]->y[1x5504]                   0.058ms    45.089 M      0.78   43.02 MiB    776.91
   12  SwiGLU    1  a[1x5504]+b[1x5504]->y[1x5504]                      0.014ms    33.024 K      0.00   32.25 KiB      2.29
   13  Add      -1  a[1x4096]+b[1x4096]->y[1x4096]                      0.009ms     4.096 K      0.00   24.00 KiB      2.64
[gpu-debug] segment avg latency (cuda_events): 0.282 ms
[gpu-debug] sum(per-op)               : 0.453 ms (ratio=1.606)
[gpu-debug] NOTE: sum(per-op) may differ from segment latency due to Python overhead, event/launch overhead, and allocator/cache effects.
[gpu-debug] cuda mem before warmup: alloc=224.16 MiB reserved=234.00 MiB
[gpu-debug] cuda mem after warmup : alloc=225.20 MiB reserved=234.00 MiB
[gpu-debug] cuda mem peak (this segment): max_alloc=225.22 MiB max_reserved=234.00 MiB
========================================================================================
[gpu-debug] segment_key=npu|decode|1|d06fca3464dd4b0d50891de375916443
[gpu-debug] sig: device_type=npu phase=decode step=1 (count_hint=31)
[gpu-debug] ops_repr: Q:0,K:0,Q:1,K:1,QK:0,QK:1,Softmax:0,Softmax:1,O:0,Add:-1,FFN_W3:0,SwiGLU:1,Add:-1
[gpu-debug] cfg: device=cuda dtype=torch.bfloat16 dim=4096 ffn_dim=11008 n_heads=32 shards=2
[gpu-debug] op plan (with inferred tensor shapes):
  - op#00  op=Q        shard=0   x=[1x4096] + w=[2048x4096]  ->  y=[1x2048]  (T=1, K=264)
  - op#01  op=K        shard=0   x=[1x4096] + w=[2048x4096]  ->  y=[1x2048]  (T=1, K=264)
  - op#02  op=Q        shard=1   x=[1x4096] + w=[2048x4096]  ->  y=[1x2048]  (T=1, K=264)
  - op#03  op=K        shard=1   x=[1x4096] + w=[2048x4096]  ->  y=[1x2048]  (T=1, K=264)
  - op#04  op=QK       shard=0   q=[16x1x128] + k=[16x128x264]  ->  y=[16x1x264]  (T=1, K=264)
  - op#05  op=QK       shard=1   q=[16x1x128] + k=[16x128x264]  ->  y=[16x1x264]  (T=1, K=264)
  - op#06  op=Softmax  shard=0   scores=[16x1x264]  ->  y=[16x1x264]  (T=1, K=264)
  - op#07  op=Softmax  shard=1   scores=[16x1x264]  ->  y=[16x1x264]  (T=1, K=264)
  - op#08  op=O        shard=0   x=[1x2048] + w=[4096x2048]  ->  y=[1x4096]  (T=1, K=264)
  - op#09  op=Add      shard=-1  a=[1x4096] + b=[1x4096]  ->  y=[1x4096]  (T=1, K=264)
  - op#10  op=FFN_W3   shard=0   x=[1x4096] + w=[5504x4096]  ->  y=[1x5504]  (T=1, K=264)
  - op#11  op=SwiGLU   shard=1   a=[1x5504] + b=[1x5504]  ->  y=[1x5504]  (T=1, K=264)
  - op#12  op=Add      shard=-1  a=[1x4096] + b=[1x4096]  ->  y=[1x4096]  (T=1, K=264)
[gpu-debug] per-op timing breakdown (avg over iters):
  idx  op       sh  io                                                    time   est_flops    TFLOPs       bytes      GB/s
  ------------------------------------------------------------------------------------------------------------------------
    0  Q         0  x[1x4096]+w[2048x4096]->y[1x2048]                   0.046ms    16.777 M      0.36   16.01 MiB    362.74
    1  K         0  x[1x4096]+w[2048x4096]->y[1x2048]                   0.033ms    16.777 M      0.52   16.01 MiB    515.60
    2  Q         1  x[1x4096]+w[2048x4096]->y[1x2048]                   0.032ms    16.777 M      0.53   16.01 MiB    528.90
    3  K         1  x[1x4096]+w[2048x4096]->y[1x2048]                   0.032ms    16.777 M      0.53   16.01 MiB    527.20
    4  QK        0  q[16x1x128]+k[16x128x264]->y[16x1x264]              0.021ms     1.081 M      0.05    1.04 MiB     51.61
    5  QK        1  q[16x1x128]+k[16x128x264]->y[16x1x264]              0.043ms     1.081 M      0.03    1.04 MiB     25.50
    6  Softmax   0  scores[16x1x264]->y[16x1x264]                       0.019ms    21.120 K      0.00   16.50 KiB      0.90
    7  Softmax   1  scores[16x1x264]->y[16x1x264]                       0.016ms    21.120 K      0.00   16.50 KiB      1.09
    8  O         0  x[1x2048]+w[4096x2048]->y[1x4096]                   0.039ms    16.777 M      0.43   16.01 MiB    428.09
    9  Add      -1  a[1x4096]+b[1x4096]->y[1x4096]                      0.012ms     4.096 K      0.00   24.00 KiB      2.05
   10  FFN_W3    0  x[1x4096]+w[5504x4096]->y[1x5504]                   0.057ms    45.089 M      0.79   43.02 MiB    788.03
   11  SwiGLU    1  a[1x5504]+b[1x5504]->y[1x5504]                      0.014ms    33.024 K      0.00   32.25 KiB      2.30
   12  Add      -1  a[1x4096]+b[1x4096]->y[1x4096]                      0.008ms     4.096 K      0.00   24.00 KiB      2.89
[gpu-debug] segment avg latency (cuda_events): 0.246 ms
[gpu-debug] sum(per-op)               : 0.372 ms (ratio=1.516)
[gpu-debug] NOTE: sum(per-op) may differ from segment latency due to Python overhead, event/launch overhead, and allocator/cache effects.
[gpu-debug] cuda mem before warmup: alloc=225.20 MiB reserved=234.00 MiB
[gpu-debug] cuda mem after warmup : alloc=225.20 MiB reserved=234.00 MiB
[gpu-debug] cuda mem peak (this segment): max_alloc=225.22 MiB max_reserved=234.00 MiB
========================================================================================
[gpu-debug] segment_key=npu|decode|2|640d8d104afb310d48bef041f7a6f0e0
[gpu-debug] sig: device_type=npu phase=decode step=2 (count_hint=31)
[gpu-debug] ops_repr: Q:0,K:0,Q:1,K:1,QK:0,QK:1,Softmax:0,Softmax:1,O:0,Add:-1,FFN_W3:0,FFN_W2:1,Add:-1
[gpu-debug] cfg: device=cuda dtype=torch.bfloat16 dim=4096 ffn_dim=11008 n_heads=32 shards=2
[gpu-debug] op plan (with inferred tensor shapes):
  - op#00  op=Q        shard=0   x=[1x4096] + w=[2048x4096]  ->  y=[1x2048]  (T=1, K=274)
  - op#01  op=K        shard=0   x=[1x4096] + w=[2048x4096]  ->  y=[1x2048]  (T=1, K=274)
  - op#02  op=Q        shard=1   x=[1x4096] + w=[2048x4096]  ->  y=[1x2048]  (T=1, K=274)
  - op#03  op=K        shard=1   x=[1x4096] + w=[2048x4096]  ->  y=[1x2048]  (T=1, K=274)
  - op#04  op=QK       shard=0   q=[16x1x128] + k=[16x128x274]  ->  y=[16x1x274]  (T=1, K=274)
  - op#05  op=QK       shard=1   q=[16x1x128] + k=[16x128x274]  ->  y=[16x1x274]  (T=1, K=274)
  - op#06  op=Softmax  shard=0   scores=[16x1x274]  ->  y=[16x1x274]  (T=1, K=274)
  - op#07  op=Softmax  shard=1   scores=[16x1x274]  ->  y=[16x1x274]  (T=1, K=274)
  - op#08  op=O        shard=0   x=[1x2048] + w=[4096x2048]  ->  y=[1x4096]  (T=1, K=274)
  - op#09  op=Add      shard=-1  a=[1x4096] + b=[1x4096]  ->  y=[1x4096]  (T=1, K=274)
  - op#10  op=FFN_W3   shard=0   x=[1x4096] + w=[5504x4096]  ->  y=[1x5504]  (T=1, K=274)
  - op#11  op=FFN_W2   shard=1   x=[1x5504] + w=[4096x5504]  ->  y=[1x4096]  (T=1, K=274)
  - op#12  op=Add      shard=-1  a=[1x4096] + b=[1x4096]  ->  y=[1x4096]  (T=1, K=274)
[gpu-debug] per-op timing breakdown (avg over iters):
  idx  op       sh  io                                                    time   est_flops    TFLOPs       bytes      GB/s
  ------------------------------------------------------------------------------------------------------------------------
    0  Q         0  x[1x4096]+w[2048x4096]->y[1x2048]                   0.044ms    16.777 M      0.38   16.01 MiB    377.79
    1  K         0  x[1x4096]+w[2048x4096]->y[1x2048]                   0.032ms    16.777 M      0.52   16.01 MiB    520.51
    2  Q         1  x[1x4096]+w[2048x4096]->y[1x2048]                   0.032ms    16.777 M      0.52   16.01 MiB    522.17
    3  K         1  x[1x4096]+w[2048x4096]->y[1x2048]                   0.032ms    16.777 M      0.53   16.01 MiB    528.90
    4  QK        0  q[16x1x128]+k[16x128x274]->y[16x1x274]              0.020ms     1.122 M      0.06    1.08 MiB     57.74
    5  QK        1  q[16x1x128]+k[16x128x274]->y[16x1x274]              0.040ms     1.122 M      0.03    1.08 MiB     28.06
    6  Softmax   0  scores[16x1x274]->y[16x1x274]                       0.019ms    21.920 K      0.00   17.12 KiB      0.92
    7  Softmax   1  scores[16x1x274]->y[16x1x274]                       0.016ms    21.920 K      0.00   17.12 KiB      1.11
    8  O         0  x[1x2048]+w[4096x2048]->y[1x4096]                   0.040ms    16.777 M      0.42   16.01 MiB    421.49
    9  Add      -1  a[1x4096]+b[1x4096]->y[1x4096]                      0.011ms     4.096 K      0.00   24.00 KiB      2.24
   10  FFN_W3    0  x[1x4096]+w[5504x4096]->y[1x5504]                   0.058ms    45.089 M      0.78   43.02 MiB    783.82
   11  FFN_W2    1  x[1x5504]+w[4096x5504]->y[1x4096]                   0.050ms    45.089 M      0.91   43.02 MiB    908.26
   12  Add      -1  a[1x4096]+b[1x4096]->y[1x4096]                      0.009ms     4.096 K      0.00   24.00 KiB      2.73
[gpu-debug] segment avg latency (cuda_events): 0.276 ms
[gpu-debug] sum(per-op)               : 0.403 ms (ratio=1.459)
[gpu-debug] NOTE: sum(per-op) may differ from segment latency due to Python overhead, event/launch overhead, and allocator/cache effects.
[gpu-debug] cuda mem before warmup: alloc=225.20 MiB reserved=234.00 MiB
[gpu-debug] cuda mem after warmup : alloc=226.27 MiB reserved=234.00 MiB
[gpu-debug] cuda mem peak (this segment): max_alloc=226.29 MiB max_reserved=234.00 MiB
========================================================================================
[gpu-debug] segment_key=npu|decode|2|b9bb60d957286896489e50322b6f73a4
[gpu-debug] sig: device_type=npu phase=decode step=2 (count_hint=1)
[gpu-debug] ops_repr: LN:-1,Q:0,K:0,Q:1,K:1,QK:0,QK:1,Softmax:0,Softmax:1,O:0,Add:-1,FFN_W3:0,FFN_W2:1,Add:-1
[gpu-debug] cfg: device=cuda dtype=torch.bfloat16 dim=4096 ffn_dim=11008 n_heads=32 shards=2
[gpu-debug] op plan (with inferred tensor shapes):
  - op#00  op=LN       shard=-1  x=[1x4096] + w=[4096]  ->  y=[1x4096]  (T=1, K=274)
  - op#01  op=Q        shard=0   x=[1x4096] + w=[2048x4096]  ->  y=[1x2048]  (T=1, K=274)
  - op#02  op=K        shard=0   x=[1x4096] + w=[2048x4096]  ->  y=[1x2048]  (T=1, K=274)
  - op#03  op=Q        shard=1   x=[1x4096] + w=[2048x4096]  ->  y=[1x2048]  (T=1, K=274)
  - op#04  op=K        shard=1   x=[1x4096] + w=[2048x4096]  ->  y=[1x2048]  (T=1, K=274)
  - op#05  op=QK       shard=0   q=[16x1x128] + k=[16x128x274]  ->  y=[16x1x274]  (T=1, K=274)
  - op#06  op=QK       shard=1   q=[16x1x128] + k=[16x128x274]  ->  y=[16x1x274]  (T=1, K=274)
  - op#07  op=Softmax  shard=0   scores=[16x1x274]  ->  y=[16x1x274]  (T=1, K=274)
  - op#08  op=Softmax  shard=1   scores=[16x1x274]  ->  y=[16x1x274]  (T=1, K=274)
  - op#09  op=O        shard=0   x=[1x2048] + w=[4096x2048]  ->  y=[1x4096]  (T=1, K=274)
  - op#10  op=Add      shard=-1  a=[1x4096] + b=[1x4096]  ->  y=[1x4096]  (T=1, K=274)
  - op#11  op=FFN_W3   shard=0   x=[1x4096] + w=[5504x4096]  ->  y=[1x5504]  (T=1, K=274)
  - op#12  op=FFN_W2   shard=1   x=[1x5504] + w=[4096x5504]  ->  y=[1x4096]  (T=1, K=274)
  - op#13  op=Add      shard=-1  a=[1x4096] + b=[1x4096]  ->  y=[1x4096]  (T=1, K=274)
[gpu-debug] per-op timing breakdown (avg over iters):
  idx  op       sh  io                                                    time   est_flops    TFLOPs       bytes      GB/s
  ------------------------------------------------------------------------------------------------------------------------
    0  LN       -1  x[1x4096]+w[4096]->y[1x4096]                        0.072ms    20.480 K      0.00   24.00 KiB      0.34
    1  Q         0  x[1x4096]+w[2048x4096]->y[1x2048]                   0.049ms    16.777 M      0.35   16.01 MiB    345.91
    2  K         0  x[1x4096]+w[2048x4096]->y[1x2048]                   0.031ms    16.777 M      0.53   16.01 MiB    534.07
    3  Q         1  x[1x4096]+w[2048x4096]->y[1x2048]                   0.032ms    16.777 M      0.52   16.01 MiB    523.83
    4  K         1  x[1x4096]+w[2048x4096]->y[1x2048]                   0.032ms    16.777 M      0.52   16.01 MiB    522.17
    5  QK        0  q[16x1x128]+k[16x128x274]->y[16x1x274]              0.021ms     1.122 M      0.05    1.08 MiB     53.30
    6  QK        1  q[16x1x128]+k[16x128x274]->y[16x1x274]              0.041ms     1.122 M      0.03    1.08 MiB     27.71
    7  Softmax   0  scores[16x1x274]->y[16x1x274]                       0.019ms    21.920 K      0.00   17.12 KiB      0.91
    8  Softmax   1  scores[16x1x274]->y[16x1x274]                       0.016ms    21.920 K      0.00   17.12 KiB      1.10
    9  O         0  x[1x2048]+w[4096x2048]->y[1x4096]                   0.039ms    16.777 M      0.43   16.01 MiB    429.21
   10  Add      -1  a[1x4096]+b[1x4096]->y[1x4096]                      0.011ms     4.096 K      0.00   24.00 KiB      2.18
   11  FFN_W3    0  x[1x4096]+w[5504x4096]->y[1x5504]                   0.058ms    45.089 M      0.77   43.02 MiB    774.18
   12  FFN_W2    1  x[1x5504]+w[4096x5504]->y[1x4096]                   0.050ms    45.089 M      0.91   43.02 MiB    910.14
   13  Add      -1  a[1x4096]+b[1x4096]->y[1x4096]                      0.009ms     4.096 K      0.00   24.00 KiB      2.61
[gpu-debug] segment avg latency (cuda_events): 0.315 ms
[gpu-debug] sum(per-op)               : 0.482 ms (ratio=1.531)
[gpu-debug] NOTE: sum(per-op) may differ from segment latency due to Python overhead, event/launch overhead, and allocator/cache effects.
[gpu-debug] cuda mem before warmup: alloc=226.27 MiB reserved=234.00 MiB
[gpu-debug] cuda mem after warmup : alloc=226.27 MiB reserved=234.00 MiB
[gpu-debug] cuda mem peak (this segment): max_alloc=226.29 MiB max_reserved=234.00 MiB
========================================================================================
[gpu-debug] segment_key=npu|decode|3|640d8d104afb310d48bef041f7a6f0e0
[gpu-debug] sig: device_type=npu phase=decode step=3 (count_hint=31)
[gpu-debug] ops_repr: Q:0,K:0,Q:1,K:1,QK:0,QK:1,Softmax:0,Softmax:1,O:0,Add:-1,FFN_W3:0,FFN_W2:1,Add:-1
[gpu-debug] cfg: device=cuda dtype=torch.bfloat16 dim=4096 ffn_dim=11008 n_heads=32 shards=2
[gpu-debug] op plan (with inferred tensor shapes):
  - op#00  op=Q        shard=0   x=[1x4096] + w=[2048x4096]  ->  y=[1x2048]  (T=1, K=286)
  - op#01  op=K        shard=0   x=[1x4096] + w=[2048x4096]  ->  y=[1x2048]  (T=1, K=286)
  - op#02  op=Q        shard=1   x=[1x4096] + w=[2048x4096]  ->  y=[1x2048]  (T=1, K=286)
  - op#03  op=K        shard=1   x=[1x4096] + w=[2048x4096]  ->  y=[1x2048]  (T=1, K=286)
  - op#04  op=QK       shard=0   q=[16x1x128] + k=[16x128x286]  ->  y=[16x1x286]  (T=1, K=286)
  - op#05  op=QK       shard=1   q=[16x1x128] + k=[16x128x286]  ->  y=[16x1x286]  (T=1, K=286)
  - op#06  op=Softmax  shard=0   scores=[16x1x286]  ->  y=[16x1x286]  (T=1, K=286)
  - op#07  op=Softmax  shard=1   scores=[16x1x286]  ->  y=[16x1x286]  (T=1, K=286)
  - op#08  op=O        shard=0   x=[1x2048] + w=[4096x2048]  ->  y=[1x4096]  (T=1, K=286)
  - op#09  op=Add      shard=-1  a=[1x4096] + b=[1x4096]  ->  y=[1x4096]  (T=1, K=286)
  - op#10  op=FFN_W3   shard=0   x=[1x4096] + w=[5504x4096]  ->  y=[1x5504]  (T=1, K=286)
  - op#11  op=FFN_W2   shard=1   x=[1x5504] + w=[4096x5504]  ->  y=[1x4096]  (T=1, K=286)
  - op#12  op=Add      shard=-1  a=[1x4096] + b=[1x4096]  ->  y=[1x4096]  (T=1, K=286)
[gpu-debug] per-op timing breakdown (avg over iters):
  idx  op       sh  io                                                    time   est_flops    TFLOPs       bytes      GB/s
  ------------------------------------------------------------------------------------------------------------------------
    0  Q         0  x[1x4096]+w[2048x4096]->y[1x2048]                   0.045ms    16.777 M      0.37   16.01 MiB    375.19
    1  K         0  x[1x4096]+w[2048x4096]->y[1x2048]                   0.032ms    16.777 M      0.52   16.01 MiB    523.83
    2  Q         1  x[1x4096]+w[2048x4096]->y[1x2048]                   0.032ms    16.777 M      0.53   16.01 MiB    525.51
    3  K         1  x[1x4096]+w[2048x4096]->y[1x2048]                   0.032ms    16.777 M      0.53   16.01 MiB    525.51
    4  QK        0  q[16x1x128]+k[16x128x286]->y[16x1x286]              0.019ms     1.171 M      0.06    1.13 MiB     61.54
    5  QK        1  q[16x1x128]+k[16x128x286]->y[16x1x286]              0.040ms     1.171 M      0.03    1.13 MiB     29.82
    6  Softmax   0  scores[16x1x286]->y[16x1x286]                       0.019ms    22.880 K      0.00   17.88 KiB      0.98
    7  Softmax   1  scores[16x1x286]->y[16x1x286]                       0.015ms    22.880 K      0.00   17.88 KiB      1.21
    8  O         0  x[1x2048]+w[4096x2048]->y[1x4096]                   0.039ms    16.777 M      0.43   16.01 MiB    430.34
    9  Add      -1  a[1x4096]+b[1x4096]->y[1x4096]                      0.011ms     4.096 K      0.00   24.00 KiB      2.20
   10  FFN_W3    0  x[1x4096]+w[5504x4096]->y[1x5504]                   0.057ms    45.089 M      0.79   43.02 MiB    792.28
   11  FFN_W2    1  x[1x5504]+w[4096x5504]->y[1x4096]                   0.049ms    45.089 M      0.91   43.02 MiB    913.92
   12  Add      -1  a[1x4096]+b[1x4096]->y[1x4096]                      0.009ms     4.096 K      0.00   24.00 KiB      2.82
[gpu-debug] segment avg latency (cuda_events): 0.275 ms
[gpu-debug] sum(per-op)               : 0.399 ms (ratio=1.452)
[gpu-debug] NOTE: sum(per-op) may differ from segment latency due to Python overhead, event/launch overhead, and allocator/cache effects.
[gpu-debug] cuda mem before warmup: alloc=226.27 MiB reserved=234.00 MiB
[gpu-debug] cuda mem after warmup : alloc=227.40 MiB reserved=234.00 MiB
[gpu-debug] cuda mem peak (this segment): max_alloc=227.42 MiB max_reserved=234.00 MiB
========================================================================================
[gpu-debug] segment_key=npu|decode|3|b9bb60d957286896489e50322b6f73a4
[gpu-debug] sig: device_type=npu phase=decode step=3 (count_hint=1)
[gpu-debug] ops_repr: LN:-1,Q:0,K:0,Q:1,K:1,QK:0,QK:1,Softmax:0,Softmax:1,O:0,Add:-1,FFN_W3:0,FFN_W2:1,Add:-1
[gpu-debug] cfg: device=cuda dtype=torch.bfloat16 dim=4096 ffn_dim=11008 n_heads=32 shards=2
[gpu-debug] op plan (with inferred tensor shapes):
  - op#00  op=LN       shard=-1  x=[1x4096] + w=[4096]  ->  y=[1x4096]  (T=1, K=286)
  - op#01  op=Q        shard=0   x=[1x4096] + w=[2048x4096]  ->  y=[1x2048]  (T=1, K=286)
  - op#02  op=K        shard=0   x=[1x4096] + w=[2048x4096]  ->  y=[1x2048]  (T=1, K=286)
  - op#03  op=Q        shard=1   x=[1x4096] + w=[2048x4096]  ->  y=[1x2048]  (T=1, K=286)
  - op#04  op=K        shard=1   x=[1x4096] + w=[2048x4096]  ->  y=[1x2048]  (T=1, K=286)
  - op#05  op=QK       shard=0   q=[16x1x128] + k=[16x128x286]  ->  y=[16x1x286]  (T=1, K=286)
  - op#06  op=QK       shard=1   q=[16x1x128] + k=[16x128x286]  ->  y=[16x1x286]  (T=1, K=286)
  - op#07  op=Softmax  shard=0   scores=[16x1x286]  ->  y=[16x1x286]  (T=1, K=286)
  - op#08  op=Softmax  shard=1   scores=[16x1x286]  ->  y=[16x1x286]  (T=1, K=286)
  - op#09  op=O        shard=0   x=[1x2048] + w=[4096x2048]  ->  y=[1x4096]  (T=1, K=286)
  - op#10  op=Add      shard=-1  a=[1x4096] + b=[1x4096]  ->  y=[1x4096]  (T=1, K=286)
  - op#11  op=FFN_W3   shard=0   x=[1x4096] + w=[5504x4096]  ->  y=[1x5504]  (T=1, K=286)
  - op#12  op=FFN_W2   shard=1   x=[1x5504] + w=[4096x5504]  ->  y=[1x4096]  (T=1, K=286)
  - op#13  op=Add      shard=-1  a=[1x4096] + b=[1x4096]  ->  y=[1x4096]  (T=1, K=286)
[gpu-debug] per-op timing breakdown (avg over iters):
  idx  op       sh  io                                                    time   est_flops    TFLOPs       bytes      GB/s
  ------------------------------------------------------------------------------------------------------------------------
    0  LN       -1  x[1x4096]+w[4096]->y[1x4096]                        0.071ms    20.480 K      0.00   24.00 KiB      0.35
    1  Q         0  x[1x4096]+w[2048x4096]->y[1x2048]                   0.048ms    16.777 M      0.35   16.01 MiB    347.37
    2  K         0  x[1x4096]+w[2048x4096]->y[1x2048]                   0.032ms    16.777 M      0.52   16.01 MiB    520.51
    3  Q         1  x[1x4096]+w[2048x4096]->y[1x2048]                   0.032ms    16.777 M      0.53   16.01 MiB    530.61
    4  K         1  x[1x4096]+w[2048x4096]->y[1x2048]                   0.032ms    16.777 M      0.53   16.01 MiB    527.20
    5  QK        0  q[16x1x128]+k[16x128x286]->y[16x1x286]              0.019ms     1.171 M      0.06    1.13 MiB     60.89
    6  QK        1  q[16x1x128]+k[16x128x286]->y[16x1x286]              0.042ms     1.171 M      0.03    1.13 MiB     28.50
    7  Softmax   0  scores[16x1x286]->y[16x1x286]                       0.019ms    22.880 K      0.00   17.88 KiB      0.94
    8  Softmax   1  scores[16x1x286]->y[16x1x286]                       0.015ms    22.880 K      0.00   17.88 KiB      1.20
    9  O         0  x[1x2048]+w[4096x2048]->y[1x4096]                   0.039ms    16.777 M      0.43   16.01 MiB    430.34
   10  Add      -1  a[1x4096]+b[1x4096]->y[1x4096]                      0.011ms     4.096 K      0.00   24.00 KiB      2.22
   11  FFN_W3    0  x[1x4096]+w[5504x4096]->y[1x5504]                   0.059ms    45.089 M      0.77   43.02 MiB    770.12
   12  FFN_W2    1  x[1x5504]+w[4096x5504]->y[1x4096]                   0.050ms    45.089 M      0.91   43.02 MiB    908.26
   13  Add      -1  a[1x4096]+b[1x4096]->y[1x4096]                      0.009ms     4.096 K      0.00   24.00 KiB      2.86
[gpu-debug] segment avg latency (cuda_events): 0.312 ms
[gpu-debug] sum(per-op)               : 0.478 ms (ratio=1.532)
[gpu-debug] NOTE: sum(per-op) may differ from segment latency due to Python overhead, event/launch overhead, and allocator/cache effects.
[gpu-debug] cuda mem before warmup: alloc=227.40 MiB reserved=234.00 MiB
[gpu-debug] cuda mem after warmup : alloc=227.40 MiB reserved=234.00 MiB
[gpu-debug] cuda mem peak (this segment): max_alloc=227.42 MiB max_reserved=234.00 MiB
========================================================================================
[gpu-debug] segment_key=npu|decode|4|640d8d104afb310d48bef041f7a6f0e0
[gpu-debug] sig: device_type=npu phase=decode step=4 (count_hint=31)
[gpu-debug] ops_repr: Q:0,K:0,Q:1,K:1,QK:0,QK:1,Softmax:0,Softmax:1,O:0,Add:-1,FFN_W3:0,FFN_W2:1,Add:-1
[gpu-debug] cfg: device=cuda dtype=torch.bfloat16 dim=4096 ffn_dim=11008 n_heads=32 shards=2
[gpu-debug] op plan (with inferred tensor shapes):
  - op#00  op=Q        shard=0   x=[1x4096] + w=[2048x4096]  ->  y=[1x2048]  (T=1, K=298)
  - op#01  op=K        shard=0   x=[1x4096] + w=[2048x4096]  ->  y=[1x2048]  (T=1, K=298)
  - op#02  op=Q        shard=1   x=[1x4096] + w=[2048x4096]  ->  y=[1x2048]  (T=1, K=298)
  - op#03  op=K        shard=1   x=[1x4096] + w=[2048x4096]  ->  y=[1x2048]  (T=1, K=298)
  - op#04  op=QK       shard=0   q=[16x1x128] + k=[16x128x298]  ->  y=[16x1x298]  (T=1, K=298)
  - op#05  op=QK       shard=1   q=[16x1x128] + k=[16x128x298]  ->  y=[16x1x298]  (T=1, K=298)
  - op#06  op=Softmax  shard=0   scores=[16x1x298]  ->  y=[16x1x298]  (T=1, K=298)
  - op#07  op=Softmax  shard=1   scores=[16x1x298]  ->  y=[16x1x298]  (T=1, K=298)
  - op#08  op=O        shard=0   x=[1x2048] + w=[4096x2048]  ->  y=[1x4096]  (T=1, K=298)
  - op#09  op=Add      shard=-1  a=[1x4096] + b=[1x4096]  ->  y=[1x4096]  (T=1, K=298)
  - op#10  op=FFN_W3   shard=0   x=[1x4096] + w=[5504x4096]  ->  y=[1x5504]  (T=1, K=298)
  - op#11  op=FFN_W2   shard=1   x=[1x5504] + w=[4096x5504]  ->  y=[1x4096]  (T=1, K=298)
  - op#12  op=Add      shard=-1  a=[1x4096] + b=[1x4096]  ->  y=[1x4096]  (T=1, K=298)
[gpu-debug] per-op timing breakdown (avg over iters):
  idx  op       sh  io                                                    time   est_flops    TFLOPs       bytes      GB/s
  ------------------------------------------------------------------------------------------------------------------------
    0  Q         0  x[1x4096]+w[2048x4096]->y[1x2048]                   0.045ms    16.777 M      0.38   16.01 MiB    376.92
    1  K         0  x[1x4096]+w[2048x4096]->y[1x2048]                   0.032ms    16.777 M      0.52   16.01 MiB    523.83
    2  Q         1  x[1x4096]+w[2048x4096]->y[1x2048]                   0.032ms    16.777 M      0.52   16.01 MiB    522.17
    3  K         1  x[1x4096]+w[2048x4096]->y[1x2048]                   0.032ms    16.777 M      0.53   16.01 MiB    527.20
    4  QK        0  q[16x1x128]+k[16x128x298]->y[16x1x298]              0.019ms     1.221 M      0.06    1.18 MiB     63.77
    5  QK        1  q[16x1x128]+k[16x128x298]->y[16x1x298]              0.041ms     1.221 M      0.03    1.18 MiB     30.21
    6  Softmax   0  scores[16x1x298]->y[16x1x298]                       0.019ms    23.840 K      0.00   18.62 KiB      1.00
    7  Softmax   1  scores[16x1x298]->y[16x1x298]                       0.016ms    23.840 K      0.00   18.62 KiB      1.20
    8  O         0  x[1x2048]+w[4096x2048]->y[1x4096]                   0.039ms    16.777 M      0.43   16.01 MiB    431.47
    9  Add      -1  a[1x4096]+b[1x4096]->y[1x4096]                      0.011ms     4.096 K      0.00   24.00 KiB      2.18
   10  FFN_W3    0  x[1x4096]+w[5504x4096]->y[1x5504]                   0.057ms    45.089 M      0.79   43.02 MiB    788.03
   11  FFN_W2    1  x[1x5504]+w[4096x5504]->y[1x4096]                   0.050ms    45.089 M      0.91   43.02 MiB    906.39
   12  Add      -1  a[1x4096]+b[1x4096]->y[1x4096]                      0.009ms     4.096 K      0.00   24.00 KiB      2.70
[gpu-debug] segment avg latency (cuda_events): 0.277 ms
[gpu-debug] sum(per-op)               : 0.402 ms (ratio=1.451)
[gpu-debug] NOTE: sum(per-op) may differ from segment latency due to Python overhead, event/launch overhead, and allocator/cache effects.
[gpu-debug] cuda mem before warmup: alloc=227.40 MiB reserved=234.00 MiB
[gpu-debug] cuda mem after warmup : alloc=228.57 MiB reserved=234.00 MiB
[gpu-debug] cuda mem peak (this segment): max_alloc=228.59 MiB max_reserved=234.00 MiB
========================================================================================
[gpu-debug] segment_key=npu|decode|4|b9bb60d957286896489e50322b6f73a4
[gpu-debug] sig: device_type=npu phase=decode step=4 (count_hint=1)
[gpu-debug] ops_repr: LN:-1,Q:0,K:0,Q:1,K:1,QK:0,QK:1,Softmax:0,Softmax:1,O:0,Add:-1,FFN_W3:0,FFN_W2:1,Add:-1
[gpu-debug] cfg: device=cuda dtype=torch.bfloat16 dim=4096 ffn_dim=11008 n_heads=32 shards=2
[gpu-debug] op plan (with inferred tensor shapes):
  - op#00  op=LN       shard=-1  x=[1x4096] + w=[4096]  ->  y=[1x4096]  (T=1, K=298)
  - op#01  op=Q        shard=0   x=[1x4096] + w=[2048x4096]  ->  y=[1x2048]  (T=1, K=298)
  - op#02  op=K        shard=0   x=[1x4096] + w=[2048x4096]  ->  y=[1x2048]  (T=1, K=298)
  - op#03  op=Q        shard=1   x=[1x4096] + w=[2048x4096]  ->  y=[1x2048]  (T=1, K=298)
  - op#04  op=K        shard=1   x=[1x4096] + w=[2048x4096]  ->  y=[1x2048]  (T=1, K=298)
  - op#05  op=QK       shard=0   q=[16x1x128] + k=[16x128x298]  ->  y=[16x1x298]  (T=1, K=298)
  - op#06  op=QK       shard=1   q=[16x1x128] + k=[16x128x298]  ->  y=[16x1x298]  (T=1, K=298)
  - op#07  op=Softmax  shard=0   scores=[16x1x298]  ->  y=[16x1x298]  (T=1, K=298)
  - op#08  op=Softmax  shard=1   scores=[16x1x298]  ->  y=[16x1x298]  (T=1, K=298)
  - op#09  op=O        shard=0   x=[1x2048] + w=[4096x2048]  ->  y=[1x4096]  (T=1, K=298)
  - op#10  op=Add      shard=-1  a=[1x4096] + b=[1x4096]  ->  y=[1x4096]  (T=1, K=298)
  - op#11  op=FFN_W3   shard=0   x=[1x4096] + w=[5504x4096]  ->  y=[1x5504]  (T=1, K=298)
  - op#12  op=FFN_W2   shard=1   x=[1x5504] + w=[4096x5504]  ->  y=[1x4096]  (T=1, K=298)
  - op#13  op=Add      shard=-1  a=[1x4096] + b=[1x4096]  ->  y=[1x4096]  (T=1, K=298)
[gpu-debug] per-op timing breakdown (avg over iters):
  idx  op       sh  io                                                    time   est_flops    TFLOPs       bytes      GB/s
  ------------------------------------------------------------------------------------------------------------------------
    0  LN       -1  x[1x4096]+w[4096]->y[1x4096]                        0.072ms    20.480 K      0.00   24.00 KiB      0.34
    1  Q         0  x[1x4096]+w[2048x4096]->y[1x2048]                   0.048ms    16.777 M      0.35   16.01 MiB    348.85
    2  K         0  x[1x4096]+w[2048x4096]->y[1x2048]                   0.033ms    16.777 M      0.52   16.01 MiB    515.60
    3  Q         1  x[1x4096]+w[2048x4096]->y[1x2048]                   0.032ms    16.777 M      0.53   16.01 MiB    527.20
    4  K         1  x[1x4096]+w[2048x4096]->y[1x2048]                   0.032ms    16.777 M      0.52   16.01 MiB    518.86
    5  QK        0  q[16x1x128]+k[16x128x298]->y[16x1x298]              0.020ms     1.221 M      0.06    1.18 MiB     61.18
    6  QK        1  q[16x1x128]+k[16x128x298]->y[16x1x298]              0.041ms     1.221 M      0.03    1.18 MiB     30.06
    7  Softmax   0  scores[16x1x298]->y[16x1x298]                       0.019ms    23.840 K      0.00   18.62 KiB      1.00
    8  Softmax   1  scores[16x1x298]->y[16x1x298]                       0.016ms    23.840 K      0.00   18.62 KiB      1.20
    9  O         0  x[1x2048]+w[4096x2048]->y[1x4096]                   0.039ms    16.777 M      0.43   16.01 MiB    426.98
   10  Add      -1  a[1x4096]+b[1x4096]->y[1x4096]                      0.012ms     4.096 K      0.00   24.00 KiB      2.11
   11  FFN_W3    0  x[1x4096]+w[5504x4096]->y[1x5504]                   0.058ms    45.089 M      0.78   43.02 MiB    781.04
   12  FFN_W2    1  x[1x5504]+w[4096x5504]->y[1x4096]                   0.050ms    45.089 M      0.90   43.02 MiB    904.53
   13  Add      -1  a[1x4096]+b[1x4096]->y[1x4096]                      0.009ms     4.096 K      0.00   24.00 KiB      2.73
[gpu-debug] segment avg latency (cuda_events): 0.315 ms
[gpu-debug] sum(per-op)               : 0.481 ms (ratio=1.527)
[gpu-debug] NOTE: sum(per-op) may differ from segment latency due to Python overhead, event/launch overhead, and allocator/cache effects.
[gpu-debug] cuda mem before warmup: alloc=228.57 MiB reserved=234.00 MiB
[gpu-debug] cuda mem after warmup : alloc=228.57 MiB reserved=234.00 MiB
[gpu-debug] cuda mem peak (this segment): max_alloc=228.59 MiB max_reserved=234.00 MiB
========================================================================================
[gpu-debug] segment_key=npu|decode|5|640d8d104afb310d48bef041f7a6f0e0
[gpu-debug] sig: device_type=npu phase=decode step=5 (count_hint=31)
[gpu-debug] ops_repr: Q:0,K:0,Q:1,K:1,QK:0,QK:1,Softmax:0,Softmax:1,O:0,Add:-1,FFN_W3:0,FFN_W2:1,Add:-1
[gpu-debug] cfg: device=cuda dtype=torch.bfloat16 dim=4096 ffn_dim=11008 n_heads=32 shards=2
[gpu-debug] op plan (with inferred tensor shapes):
  - op#00  op=Q        shard=0   x=[1x4096] + w=[2048x4096]  ->  y=[1x2048]  (T=1, K=310)
  - op#01  op=K        shard=0   x=[1x4096] + w=[2048x4096]  ->  y=[1x2048]  (T=1, K=310)
  - op#02  op=Q        shard=1   x=[1x4096] + w=[2048x4096]  ->  y=[1x2048]  (T=1, K=310)
  - op#03  op=K        shard=1   x=[1x4096] + w=[2048x4096]  ->  y=[1x2048]  (T=1, K=310)
  - op#04  op=QK       shard=0   q=[16x1x128] + k=[16x128x310]  ->  y=[16x1x310]  (T=1, K=310)
  - op#05  op=QK       shard=1   q=[16x1x128] + k=[16x128x310]  ->  y=[16x1x310]  (T=1, K=310)
  - op#06  op=Softmax  shard=0   scores=[16x1x310]  ->  y=[16x1x310]  (T=1, K=310)
  - op#07  op=Softmax  shard=1   scores=[16x1x310]  ->  y=[16x1x310]  (T=1, K=310)
  - op#08  op=O        shard=0   x=[1x2048] + w=[4096x2048]  ->  y=[1x4096]  (T=1, K=310)
  - op#09  op=Add      shard=-1  a=[1x4096] + b=[1x4096]  ->  y=[1x4096]  (T=1, K=310)
  - op#10  op=FFN_W3   shard=0   x=[1x4096] + w=[5504x4096]  ->  y=[1x5504]  (T=1, K=310)
  - op#11  op=FFN_W2   shard=1   x=[1x5504] + w=[4096x5504]  ->  y=[1x4096]  (T=1, K=310)
  - op#12  op=Add      shard=-1  a=[1x4096] + b=[1x4096]  ->  y=[1x4096]  (T=1, K=310)
[gpu-debug] per-op timing breakdown (avg over iters):
  idx  op       sh  io                                                    time   est_flops    TFLOPs       bytes      GB/s
  ------------------------------------------------------------------------------------------------------------------------
    0  Q         0  x[1x4096]+w[2048x4096]->y[1x2048]                   0.045ms    16.777 M      0.37   16.01 MiB    370.11
    1  K         0  x[1x4096]+w[2048x4096]->y[1x2048]                   0.032ms    16.777 M      0.53   16.01 MiB    525.51
    2  Q         1  x[1x4096]+w[2048x4096]->y[1x2048]                   0.032ms    16.777 M      0.52   16.01 MiB    522.17
    3  K         1  x[1x4096]+w[2048x4096]->y[1x2048]                   0.032ms    16.777 M      0.52   16.01 MiB    523.83
    4  QK        0  q[16x1x128]+k[16x128x310]->y[16x1x310]              0.020ms     1.270 M      0.06    1.22 MiB     64.96
    5  QK        1  q[16x1x128]+k[16x128x310]->y[16x1x310]              0.040ms     1.270 M      0.03    1.22 MiB     32.48
    6  Softmax   0  scores[16x1x310]->y[16x1x310]                       0.018ms    24.800 K      0.00   19.38 KiB      1.08
    7  Softmax   1  scores[16x1x310]->y[16x1x310]                       0.015ms    24.800 K      0.00   19.38 KiB      1.30
    8  O         0  x[1x2048]+w[4096x2048]->y[1x4096]                   0.039ms    16.777 M      0.43   16.01 MiB    434.91
    9  Add      -1  a[1x4096]+b[1x4096]->y[1x4096]                      0.011ms     4.096 K      0.00   24.00 KiB      2.18
   10  FFN_W3    0  x[1x4096]+w[5504x4096]->y[1x5504]                   0.057ms    45.089 M      0.79   43.02 MiB    786.62
   11  FFN_W2    1  x[1x5504]+w[4096x5504]->y[1x4096]                   0.049ms    45.089 M      0.91   43.02 MiB    912.02
   12  Add      -1  a[1x4096]+b[1x4096]->y[1x4096]                      0.009ms     4.096 K      0.00   24.00 KiB      2.73
[gpu-debug] segment avg latency (cuda_events): 0.277 ms
[gpu-debug] sum(per-op)               : 0.400 ms (ratio=1.443)
[gpu-debug] NOTE: sum(per-op) may differ from segment latency due to Python overhead, event/launch overhead, and allocator/cache effects.
[gpu-debug] cuda mem before warmup: alloc=228.57 MiB reserved=234.00 MiB
[gpu-debug] cuda mem after warmup : alloc=229.79 MiB reserved=234.00 MiB
[gpu-debug] cuda mem peak (this segment): max_alloc=229.81 MiB max_reserved=234.00 MiB
========================================================================================
[gpu-debug] segment_key=npu|decode|5|b9bb60d957286896489e50322b6f73a4
[gpu-debug] sig: device_type=npu phase=decode step=5 (count_hint=1)
[gpu-debug] ops_repr: LN:-1,Q:0,K:0,Q:1,K:1,QK:0,QK:1,Softmax:0,Softmax:1,O:0,Add:-1,FFN_W3:0,FFN_W2:1,Add:-1
[gpu-debug] cfg: device=cuda dtype=torch.bfloat16 dim=4096 ffn_dim=11008 n_heads=32 shards=2
[gpu-debug] op plan (with inferred tensor shapes):
  - op#00  op=LN       shard=-1  x=[1x4096] + w=[4096]  ->  y=[1x4096]  (T=1, K=310)
  - op#01  op=Q        shard=0   x=[1x4096] + w=[2048x4096]  ->  y=[1x2048]  (T=1, K=310)
  - op#02  op=K        shard=0   x=[1x4096] + w=[2048x4096]  ->  y=[1x2048]  (T=1, K=310)
  - op#03  op=Q        shard=1   x=[1x4096] + w=[2048x4096]  ->  y=[1x2048]  (T=1, K=310)
  - op#04  op=K        shard=1   x=[1x4096] + w=[2048x4096]  ->  y=[1x2048]  (T=1, K=310)
  - op#05  op=QK       shard=0   q=[16x1x128] + k=[16x128x310]  ->  y=[16x1x310]  (T=1, K=310)
  - op#06  op=QK       shard=1   q=[16x1x128] + k=[16x128x310]  ->  y=[16x1x310]  (T=1, K=310)
  - op#07  op=Softmax  shard=0   scores=[16x1x310]  ->  y=[16x1x310]  (T=1, K=310)
  - op#08  op=Softmax  shard=1   scores=[16x1x310]  ->  y=[16x1x310]  (T=1, K=310)
  - op#09  op=O        shard=0   x=[1x2048] + w=[4096x2048]  ->  y=[1x4096]  (T=1, K=310)
  - op#10  op=Add      shard=-1  a=[1x4096] + b=[1x4096]  ->  y=[1x4096]  (T=1, K=310)
  - op#11  op=FFN_W3   shard=0   x=[1x4096] + w=[5504x4096]  ->  y=[1x5504]  (T=1, K=310)
  - op#12  op=FFN_W2   shard=1   x=[1x5504] + w=[4096x5504]  ->  y=[1x4096]  (T=1, K=310)
  - op#13  op=Add      shard=-1  a=[1x4096] + b=[1x4096]  ->  y=[1x4096]  (T=1, K=310)
[gpu-debug] per-op timing breakdown (avg over iters):
  idx  op       sh  io                                                    time   est_flops    TFLOPs       bytes      GB/s
  ------------------------------------------------------------------------------------------------------------------------
    0  LN       -1  x[1x4096]+w[4096]->y[1x4096]                        0.071ms    20.480 K      0.00   24.00 KiB      0.35
    1  Q         0  x[1x4096]+w[2048x4096]->y[1x2048]                   0.049ms    16.777 M      0.34   16.01 MiB    343.73
    2  K         0  x[1x4096]+w[2048x4096]->y[1x2048]                   0.032ms    16.777 M      0.53   16.01 MiB    525.51
    3  Q         1  x[1x4096]+w[2048x4096]->y[1x2048]                   0.032ms    16.777 M      0.52   16.01 MiB    523.83
    4  K         1  x[1x4096]+w[2048x4096]->y[1x2048]                   0.032ms    16.777 M      0.52   16.01 MiB    523.83
    5  QK        0  q[16x1x128]+k[16x128x310]->y[16x1x310]              0.019ms     1.270 M      0.07    1.22 MiB     65.98
    6  QK        1  q[16x1x128]+k[16x128x310]->y[16x1x310]              0.041ms     1.270 M      0.03    1.22 MiB     31.42
    7  Softmax   0  scores[16x1x310]->y[16x1x310]                       0.019ms    24.800 K      0.00   19.38 KiB      1.03
    8  Softmax   1  scores[16x1x310]->y[16x1x310]                       0.015ms    24.800 K      0.00   19.38 KiB      1.28
    9  O         0  x[1x2048]+w[4096x2048]->y[1x4096]                   0.039ms    16.777 M      0.43   16.01 MiB    428.09
   10  Add      -1  a[1x4096]+b[1x4096]->y[1x4096]                      0.012ms     4.096 K      0.00   24.00 KiB      2.09
   11  FFN_W3    0  x[1x4096]+w[5504x4096]->y[1x5504]                   0.058ms    45.089 M      0.78   43.02 MiB    782.43
   12  FFN_W2    1  x[1x5504]+w[4096x5504]->y[1x4096]                   0.049ms    45.089 M      0.91   43.02 MiB    912.02
   13  Add      -1  a[1x4096]+b[1x4096]->y[1x4096]                      0.009ms     4.096 K      0.00   24.00 KiB      2.73
[gpu-debug] segment avg latency (cuda_events): 0.314 ms
[gpu-debug] sum(per-op)               : 0.478 ms (ratio=1.521)
[gpu-debug] NOTE: sum(per-op) may differ from segment latency due to Python overhead, event/launch overhead, and allocator/cache effects.
[gpu-debug] cuda mem before warmup: alloc=229.79 MiB reserved=234.00 MiB
[gpu-debug] cuda mem after warmup : alloc=229.79 MiB reserved=234.00 MiB
[gpu-debug] cuda mem peak (this segment): max_alloc=229.81 MiB max_reserved=234.00 MiB
========================================================================================
[gpu-debug] segment_key=npu|decode|6|640d8d104afb310d48bef041f7a6f0e0
[gpu-debug] sig: device_type=npu phase=decode step=6 (count_hint=31)
[gpu-debug] ops_repr: Q:0,K:0,Q:1,K:1,QK:0,QK:1,Softmax:0,Softmax:1,O:0,Add:-1,FFN_W3:0,FFN_W2:1,Add:-1
[gpu-debug] cfg: device=cuda dtype=torch.bfloat16 dim=4096 ffn_dim=11008 n_heads=32 shards=2
[gpu-debug] op plan (with inferred tensor shapes):
  - op#00  op=Q        shard=0   x=[1x4096] + w=[2048x4096]  ->  y=[1x2048]  (T=1, K=322)
  - op#01  op=K        shard=0   x=[1x4096] + w=[2048x4096]  ->  y=[1x2048]  (T=1, K=322)
  - op#02  op=Q        shard=1   x=[1x4096] + w=[2048x4096]  ->  y=[1x2048]  (T=1, K=322)
  - op#03  op=K        shard=1   x=[1x4096] + w=[2048x4096]  ->  y=[1x2048]  (T=1, K=322)
  - op#04  op=QK       shard=0   q=[16x1x128] + k=[16x128x322]  ->  y=[16x1x322]  (T=1, K=322)
  - op#05  op=QK       shard=1   q=[16x1x128] + k=[16x128x322]  ->  y=[16x1x322]  (T=1, K=322)
  - op#06  op=Softmax  shard=0   scores=[16x1x322]  ->  y=[16x1x322]  (T=1, K=322)
  - op#07  op=Softmax  shard=1   scores=[16x1x322]  ->  y=[16x1x322]  (T=1, K=322)
  - op#08  op=O        shard=0   x=[1x2048] + w=[4096x2048]  ->  y=[1x4096]  (T=1, K=322)
  - op#09  op=Add      shard=-1  a=[1x4096] + b=[1x4096]  ->  y=[1x4096]  (T=1, K=322)
  - op#10  op=FFN_W3   shard=0   x=[1x4096] + w=[5504x4096]  ->  y=[1x5504]  (T=1, K=322)
  - op#11  op=FFN_W2   shard=1   x=[1x5504] + w=[4096x5504]  ->  y=[1x4096]  (T=1, K=322)
  - op#12  op=Add      shard=-1  a=[1x4096] + b=[1x4096]  ->  y=[1x4096]  (T=1, K=322)
[gpu-debug] per-op timing breakdown (avg over iters):
  idx  op       sh  io                                                    time   est_flops    TFLOPs       bytes      GB/s
  ------------------------------------------------------------------------------------------------------------------------
    0  Q         0  x[1x4096]+w[2048x4096]->y[1x2048]                   0.045ms    16.777 M      0.38   16.01 MiB    376.92
    1  K         0  x[1x4096]+w[2048x4096]->y[1x2048]                   0.032ms    16.777 M      0.52   16.01 MiB    518.86
    2  Q         1  x[1x4096]+w[2048x4096]->y[1x2048]                   0.032ms    16.777 M      0.52   16.01 MiB    520.51
    3  K         1  x[1x4096]+w[2048x4096]->y[1x2048]                   0.032ms    16.777 M      0.52   16.01 MiB    523.83
    4  QK        0  q[16x1x128]+k[16x128x322]->y[16x1x322]              0.019ms     1.319 M      0.07    1.27 MiB     68.89
    5  QK        1  q[16x1x128]+k[16x128x322]->y[16x1x322]              0.040ms     1.319 M      0.03    1.27 MiB     33.05
    6  Softmax   0  scores[16x1x322]->y[16x1x322]                       0.019ms    25.760 K      0.00   20.12 KiB      1.10
    7  Softmax   1  scores[16x1x322]->y[16x1x322]                       0.016ms    25.760 K      0.00   20.12 KiB      1.32
    8  O         0  x[1x2048]+w[4096x2048]->y[1x4096]                   0.039ms    16.777 M      0.43   16.01 MiB    429.21
    9  Add      -1  a[1x4096]+b[1x4096]->y[1x4096]                      0.011ms     4.096 K      0.00   24.00 KiB      2.18
   10  FFN_W3    0  x[1x4096]+w[5504x4096]->y[1x5504]                   0.058ms    45.089 M      0.78   43.02 MiB    783.82
   11  FFN_W2    1  x[1x5504]+w[4096x5504]->y[1x4096]                   0.050ms    45.089 M      0.91   43.02 MiB    908.26
   12  Add      -1  a[1x4096]+b[1x4096]->y[1x4096]                      0.009ms     4.096 K      0.00   24.00 KiB      2.79
[gpu-debug] segment avg latency (cuda_events): 0.277 ms
[gpu-debug] sum(per-op)               : 0.402 ms (ratio=1.449)
[gpu-debug] NOTE: sum(per-op) may differ from segment latency due to Python overhead, event/launch overhead, and allocator/cache effects.
[gpu-debug] cuda mem before warmup: alloc=229.79 MiB reserved=234.00 MiB
[gpu-debug] cuda mem after warmup : alloc=231.06 MiB reserved=234.00 MiB
[gpu-debug] cuda mem peak (this segment): max_alloc=231.08 MiB max_reserved=234.00 MiB
========================================================================================
[gpu-debug] segment_key=npu|decode|6|b9bb60d957286896489e50322b6f73a4
[gpu-debug] sig: device_type=npu phase=decode step=6 (count_hint=1)
[gpu-debug] ops_repr: LN:-1,Q:0,K:0,Q:1,K:1,QK:0,QK:1,Softmax:0,Softmax:1,O:0,Add:-1,FFN_W3:0,FFN_W2:1,Add:-1
[gpu-debug] cfg: device=cuda dtype=torch.bfloat16 dim=4096 ffn_dim=11008 n_heads=32 shards=2
[gpu-debug] op plan (with inferred tensor shapes):
  - op#00  op=LN       shard=-1  x=[1x4096] + w=[4096]  ->  y=[1x4096]  (T=1, K=322)
  - op#01  op=Q        shard=0   x=[1x4096] + w=[2048x4096]  ->  y=[1x2048]  (T=1, K=322)
  - op#02  op=K        shard=0   x=[1x4096] + w=[2048x4096]  ->  y=[1x2048]  (T=1, K=322)
  - op#03  op=Q        shard=1   x=[1x4096] + w=[2048x4096]  ->  y=[1x2048]  (T=1, K=322)
  - op#04  op=K        shard=1   x=[1x4096] + w=[2048x4096]  ->  y=[1x2048]  (T=1, K=322)
  - op#05  op=QK       shard=0   q=[16x1x128] + k=[16x128x322]  ->  y=[16x1x322]  (T=1, K=322)
  - op#06  op=QK       shard=1   q=[16x1x128] + k=[16x128x322]  ->  y=[16x1x322]  (T=1, K=322)
  - op#07  op=Softmax  shard=0   scores=[16x1x322]  ->  y=[16x1x322]  (T=1, K=322)
  - op#08  op=Softmax  shard=1   scores=[16x1x322]  ->  y=[16x1x322]  (T=1, K=322)
  - op#09  op=O        shard=0   x=[1x2048] + w=[4096x2048]  ->  y=[1x4096]  (T=1, K=322)
  - op#10  op=Add      shard=-1  a=[1x4096] + b=[1x4096]  ->  y=[1x4096]  (T=1, K=322)
  - op#11  op=FFN_W3   shard=0   x=[1x4096] + w=[5504x4096]  ->  y=[1x5504]  (T=1, K=322)
  - op#12  op=FFN_W2   shard=1   x=[1x5504] + w=[4096x5504]  ->  y=[1x4096]  (T=1, K=322)
  - op#13  op=Add      shard=-1  a=[1x4096] + b=[1x4096]  ->  y=[1x4096]  (T=1, K=322)
[gpu-debug] per-op timing breakdown (avg over iters):
  idx  op       sh  io                                                    time   est_flops    TFLOPs       bytes      GB/s
  ------------------------------------------------------------------------------------------------------------------------
    0  LN       -1  x[1x4096]+w[4096]->y[1x4096]                        0.071ms    20.480 K      0.00   24.00 KiB      0.34
    1  Q         0  x[1x4096]+w[2048x4096]->y[1x2048]                   0.049ms    16.777 M      0.34   16.01 MiB    345.18
    2  K         0  x[1x4096]+w[2048x4096]->y[1x2048]                   0.032ms    16.777 M      0.53   16.01 MiB    528.90
    3  Q         1  x[1x4096]+w[2048x4096]->y[1x2048]                   0.032ms    16.777 M      0.53   16.01 MiB    525.51
    4  K         1  x[1x4096]+w[2048x4096]->y[1x2048]                   0.032ms    16.777 M      0.53   16.01 MiB    532.34
    5  QK        0  q[16x1x128]+k[16x128x322]->y[16x1x322]              0.021ms     1.319 M      0.06    1.27 MiB     64.46
    6  QK        1  q[16x1x128]+k[16x128x322]->y[16x1x322]              0.041ms     1.319 M      0.03    1.27 MiB     32.31
    7  Softmax   0  scores[16x1x322]->y[16x1x322]                       0.019ms    25.760 K      0.00   20.12 KiB      1.09
    8  Softmax   1  scores[16x1x322]->y[16x1x322]                       0.015ms    25.760 K      0.00   20.12 KiB      1.33
    9  O         0  x[1x2048]+w[4096x2048]->y[1x4096]                   0.040ms    16.777 M      0.42   16.01 MiB    423.67
   10  Add      -1  a[1x4096]+b[1x4096]->y[1x4096]                      0.011ms     4.096 K      0.00   24.00 KiB      2.14
   11  FFN_W3    0  x[1x4096]+w[5504x4096]->y[1x5504]                   0.059ms    45.089 M      0.77   43.02 MiB    768.77
   12  FFN_W2    1  x[1x5504]+w[4096x5504]->y[1x4096]                   0.049ms    45.089 M      0.91   43.02 MiB    912.02
   13  Add      -1  a[1x4096]+b[1x4096]->y[1x4096]                      0.009ms     4.096 K      0.00   24.00 KiB      2.73
[gpu-debug] segment avg latency (cuda_events): 0.314 ms
[gpu-debug] sum(per-op)               : 0.480 ms (ratio=1.526)
[gpu-debug] NOTE: sum(per-op) may differ from segment latency due to Python overhead, event/launch overhead, and allocator/cache effects.
[gpu-debug] cuda mem before warmup: alloc=231.06 MiB reserved=234.00 MiB
[gpu-debug] cuda mem after warmup : alloc=231.06 MiB reserved=234.00 MiB
[gpu-debug] cuda mem peak (this segment): max_alloc=231.08 MiB max_reserved=234.00 MiB
========================================================================================
[gpu-debug] segment_key=npu|decode|7|640d8d104afb310d48bef041f7a6f0e0
[gpu-debug] sig: device_type=npu phase=decode step=7 (count_hint=31)
[gpu-debug] ops_repr: Q:0,K:0,Q:1,K:1,QK:0,QK:1,Softmax:0,Softmax:1,O:0,Add:-1,FFN_W3:0,FFN_W2:1,Add:-1
[gpu-debug] cfg: device=cuda dtype=torch.bfloat16 dim=4096 ffn_dim=11008 n_heads=32 shards=2
[gpu-debug] op plan (with inferred tensor shapes):
  - op#00  op=Q        shard=0   x=[1x4096] + w=[2048x4096]  ->  y=[1x2048]  (T=1, K=334)
  - op#01  op=K        shard=0   x=[1x4096] + w=[2048x4096]  ->  y=[1x2048]  (T=1, K=334)
  - op#02  op=Q        shard=1   x=[1x4096] + w=[2048x4096]  ->  y=[1x2048]  (T=1, K=334)
  - op#03  op=K        shard=1   x=[1x4096] + w=[2048x4096]  ->  y=[1x2048]  (T=1, K=334)
  - op#04  op=QK       shard=0   q=[16x1x128] + k=[16x128x334]  ->  y=[16x1x334]  (T=1, K=334)
  - op#05  op=QK       shard=1   q=[16x1x128] + k=[16x128x334]  ->  y=[16x1x334]  (T=1, K=334)
  - op#06  op=Softmax  shard=0   scores=[16x1x334]  ->  y=[16x1x334]  (T=1, K=334)
  - op#07  op=Softmax  shard=1   scores=[16x1x334]  ->  y=[16x1x334]  (T=1, K=334)
  - op#08  op=O        shard=0   x=[1x2048] + w=[4096x2048]  ->  y=[1x4096]  (T=1, K=334)
  - op#09  op=Add      shard=-1  a=[1x4096] + b=[1x4096]  ->  y=[1x4096]  (T=1, K=334)
  - op#10  op=FFN_W3   shard=0   x=[1x4096] + w=[5504x4096]  ->  y=[1x5504]  (T=1, K=334)
  - op#11  op=FFN_W2   shard=1   x=[1x5504] + w=[4096x5504]  ->  y=[1x4096]  (T=1, K=334)
  - op#12  op=Add      shard=-1  a=[1x4096] + b=[1x4096]  ->  y=[1x4096]  (T=1, K=334)
[gpu-debug] per-op timing breakdown (avg over iters):
  idx  op       sh  io                                                    time   est_flops    TFLOPs       bytes      GB/s
  ------------------------------------------------------------------------------------------------------------------------
    0  Q         0  x[1x4096]+w[2048x4096]->y[1x2048]                   0.045ms    16.777 M      0.38   16.01 MiB    376.92
    1  K         0  x[1x4096]+w[2048x4096]->y[1x2048]                   0.032ms    16.777 M      0.52   16.01 MiB    518.86
    2  Q         1  x[1x4096]+w[2048x4096]->y[1x2048]                   0.032ms    16.777 M      0.53   16.01 MiB    525.51
    3  K         1  x[1x4096]+w[2048x4096]->y[1x2048]                   0.032ms    16.777 M      0.53   16.01 MiB    528.90
    4  QK        0  q[16x1x128]+k[16x128x334]->y[16x1x334]              0.019ms     1.368 M      0.07    1.32 MiB     71.45
    5  QK        1  q[16x1x128]+k[16x128x334]->y[16x1x334]              0.039ms     1.368 M      0.04    1.32 MiB     35.82
    6  Softmax   0  scores[16x1x334]->y[16x1x334]                       0.020ms    26.720 K      0.00   20.88 KiB      1.07
    7  Softmax   1  scores[16x1x334]->y[16x1x334]                       0.016ms    26.720 K      0.00   20.88 KiB      1.32
    8  O         0  x[1x2048]+w[4096x2048]->y[1x4096]                   0.040ms    16.777 M      0.42   16.01 MiB    424.77
    9  Add      -1  a[1x4096]+b[1x4096]->y[1x4096]                      0.012ms     4.096 K      0.00   24.00 KiB      2.07
   10  FFN_W3    0  x[1x4096]+w[5504x4096]->y[1x5504]                   0.057ms    45.089 M      0.79   43.02 MiB    786.62
   11  FFN_W2    1  x[1x5504]+w[4096x5504]->y[1x4096]                   0.049ms    45.089 M      0.92   43.02 MiB    915.82
   12  Add      -1  a[1x4096]+b[1x4096]->y[1x4096]                      0.009ms     4.096 K      0.00   24.00 KiB      2.79
[gpu-debug] segment avg latency (cuda_events): 0.276 ms
[gpu-debug] sum(per-op)               : 0.402 ms (ratio=1.452)
[gpu-debug] NOTE: sum(per-op) may differ from segment latency due to Python overhead, event/launch overhead, and allocator/cache effects.
[gpu-debug] cuda mem before warmup: alloc=231.06 MiB reserved=234.00 MiB
[gpu-debug] cuda mem after warmup : alloc=232.38 MiB reserved=254.00 MiB
[gpu-debug] cuda mem peak (this segment): max_alloc=232.40 MiB max_reserved=254.00 MiB
========================================================================================
[gpu-debug] segment_key=npu|decode|7|b9bb60d957286896489e50322b6f73a4
[gpu-debug] sig: device_type=npu phase=decode step=7 (count_hint=1)
[gpu-debug] ops_repr: LN:-1,Q:0,K:0,Q:1,K:1,QK:0,QK:1,Softmax:0,Softmax:1,O:0,Add:-1,FFN_W3:0,FFN_W2:1,Add:-1
[gpu-debug] cfg: device=cuda dtype=torch.bfloat16 dim=4096 ffn_dim=11008 n_heads=32 shards=2
[gpu-debug] op plan (with inferred tensor shapes):
  - op#00  op=LN       shard=-1  x=[1x4096] + w=[4096]  ->  y=[1x4096]  (T=1, K=334)
  - op#01  op=Q        shard=0   x=[1x4096] + w=[2048x4096]  ->  y=[1x2048]  (T=1, K=334)
  - op#02  op=K        shard=0   x=[1x4096] + w=[2048x4096]  ->  y=[1x2048]  (T=1, K=334)
  - op#03  op=Q        shard=1   x=[1x4096] + w=[2048x4096]  ->  y=[1x2048]  (T=1, K=334)
  - op#04  op=K        shard=1   x=[1x4096] + w=[2048x4096]  ->  y=[1x2048]  (T=1, K=334)
  - op#05  op=QK       shard=0   q=[16x1x128] + k=[16x128x334]  ->  y=[16x1x334]  (T=1, K=334)
  - op#06  op=QK       shard=1   q=[16x1x128] + k=[16x128x334]  ->  y=[16x1x334]  (T=1, K=334)
  - op#07  op=Softmax  shard=0   scores=[16x1x334]  ->  y=[16x1x334]  (T=1, K=334)
  - op#08  op=Softmax  shard=1   scores=[16x1x334]  ->  y=[16x1x334]  (T=1, K=334)
  - op#09  op=O        shard=0   x=[1x2048] + w=[4096x2048]  ->  y=[1x4096]  (T=1, K=334)
  - op#10  op=Add      shard=-1  a=[1x4096] + b=[1x4096]  ->  y=[1x4096]  (T=1, K=334)
  - op#11  op=FFN_W3   shard=0   x=[1x4096] + w=[5504x4096]  ->  y=[1x5504]  (T=1, K=334)
  - op#12  op=FFN_W2   shard=1   x=[1x5504] + w=[4096x5504]  ->  y=[1x4096]  (T=1, K=334)
  - op#13  op=Add      shard=-1  a=[1x4096] + b=[1x4096]  ->  y=[1x4096]  (T=1, K=334)
[gpu-debug] per-op timing breakdown (avg over iters):
  idx  op       sh  io                                                    time   est_flops    TFLOPs       bytes      GB/s
  ------------------------------------------------------------------------------------------------------------------------
    0  LN       -1  x[1x4096]+w[4096]->y[1x4096]                        0.072ms    20.480 K      0.00   24.00 KiB      0.34
    1  Q         0  x[1x4096]+w[2048x4096]->y[1x2048]                   0.048ms    16.777 M      0.35   16.01 MiB    349.59
    2  K         0  x[1x4096]+w[2048x4096]->y[1x2048]                   0.033ms    16.777 M      0.51   16.01 MiB    510.78
    3  Q         1  x[1x4096]+w[2048x4096]->y[1x2048]                   0.032ms    16.777 M      0.53   16.01 MiB    525.51
    4  K         1  x[1x4096]+w[2048x4096]->y[1x2048]                   0.032ms    16.777 M      0.52   16.01 MiB    520.51
    5  QK        0  q[16x1x128]+k[16x128x334]->y[16x1x334]              0.019ms     1.368 M      0.07    1.32 MiB     71.83
    6  QK        1  q[16x1x128]+k[16x128x334]->y[16x1x334]              0.041ms     1.368 M      0.03    1.32 MiB     33.68
    7  Softmax   0  scores[16x1x334]->y[16x1x334]                       0.019ms    26.720 K      0.00   20.88 KiB      1.10
    8  Softmax   1  scores[16x1x334]->y[16x1x334]                       0.015ms    26.720 K      0.00   20.88 KiB      1.39
    9  O         0  x[1x2048]+w[4096x2048]->y[1x4096]                   0.039ms    16.777 M      0.43   16.01 MiB    431.47
   10  Add      -1  a[1x4096]+b[1x4096]->y[1x4096]                      0.011ms     4.096 K      0.00   24.00 KiB      2.16
   11  FFN_W3    0  x[1x4096]+w[5504x4096]->y[1x5504]                   0.058ms    45.089 M      0.78   43.02 MiB    782.43
   12  FFN_W2    1  x[1x5504]+w[4096x5504]->y[1x4096]                   0.049ms    45.089 M      0.91   43.02 MiB    912.02
   13  Add      -1  a[1x4096]+b[1x4096]->y[1x4096]                      0.009ms     4.096 K      0.00   24.00 KiB      2.86
[gpu-debug] segment avg latency (cuda_events): 0.314 ms
[gpu-debug] sum(per-op)               : 0.478 ms (ratio=1.522)
[gpu-debug] NOTE: sum(per-op) may differ from segment latency due to Python overhead, event/launch overhead, and allocator/cache effects.
[gpu-debug] cuda mem before warmup: alloc=232.38 MiB reserved=254.00 MiB
[gpu-debug] cuda mem after warmup : alloc=232.38 MiB reserved=254.00 MiB
[gpu-debug] cuda mem peak (this segment): max_alloc=232.40 MiB max_reserved=254.00 MiB
  progress 20/25
========================================================================================
[gpu-debug] segment_key=npu|decode|8|640d8d104afb310d48bef041f7a6f0e0
[gpu-debug] sig: device_type=npu phase=decode step=8 (count_hint=31)
[gpu-debug] ops_repr: Q:0,K:0,Q:1,K:1,QK:0,QK:1,Softmax:0,Softmax:1,O:0,Add:-1,FFN_W3:0,FFN_W2:1,Add:-1
[gpu-debug] cfg: device=cuda dtype=torch.bfloat16 dim=4096 ffn_dim=11008 n_heads=32 shards=2
[gpu-debug] op plan (with inferred tensor shapes):
  - op#00  op=Q        shard=0   x=[1x4096] + w=[2048x4096]  ->  y=[1x2048]  (T=1, K=346)
  - op#01  op=K        shard=0   x=[1x4096] + w=[2048x4096]  ->  y=[1x2048]  (T=1, K=346)
  - op#02  op=Q        shard=1   x=[1x4096] + w=[2048x4096]  ->  y=[1x2048]  (T=1, K=346)
  - op#03  op=K        shard=1   x=[1x4096] + w=[2048x4096]  ->  y=[1x2048]  (T=1, K=346)
  - op#04  op=QK       shard=0   q=[16x1x128] + k=[16x128x346]  ->  y=[16x1x346]  (T=1, K=346)
  - op#05  op=QK       shard=1   q=[16x1x128] + k=[16x128x346]  ->  y=[16x1x346]  (T=1, K=346)
  - op#06  op=Softmax  shard=0   scores=[16x1x346]  ->  y=[16x1x346]  (T=1, K=346)
  - op#07  op=Softmax  shard=1   scores=[16x1x346]  ->  y=[16x1x346]  (T=1, K=346)
  - op#08  op=O        shard=0   x=[1x2048] + w=[4096x2048]  ->  y=[1x4096]  (T=1, K=346)
  - op#09  op=Add      shard=-1  a=[1x4096] + b=[1x4096]  ->  y=[1x4096]  (T=1, K=346)
  - op#10  op=FFN_W3   shard=0   x=[1x4096] + w=[5504x4096]  ->  y=[1x5504]  (T=1, K=346)
  - op#11  op=FFN_W2   shard=1   x=[1x5504] + w=[4096x5504]  ->  y=[1x4096]  (T=1, K=346)
  - op#12  op=Add      shard=-1  a=[1x4096] + b=[1x4096]  ->  y=[1x4096]  (T=1, K=346)
[gpu-debug] per-op timing breakdown (avg over iters):
  idx  op       sh  io                                                    time   est_flops    TFLOPs       bytes      GB/s
  ------------------------------------------------------------------------------------------------------------------------
    0  Q         0  x[1x4096]+w[2048x4096]->y[1x2048]                   0.045ms    16.777 M      0.37   16.01 MiB    370.11
    1  K         0  x[1x4096]+w[2048x4096]->y[1x2048]                   0.032ms    16.777 M      0.52   16.01 MiB    518.86
    2  Q         1  x[1x4096]+w[2048x4096]->y[1x2048]                   0.032ms    16.777 M      0.53   16.01 MiB    527.20
    3  K         1  x[1x4096]+w[2048x4096]->y[1x2048]                   0.032ms    16.777 M      0.52   16.01 MiB    520.51
    4  QK        0  q[16x1x128]+k[16x128x346]->y[16x1x346]              0.020ms     1.417 M      0.07    1.37 MiB     72.48
    5  QK        1  q[16x1x128]+k[16x128x346]->y[16x1x346]              0.039ms     1.417 M      0.04    1.37 MiB     36.91
    6  Softmax   0  scores[16x1x346]->y[16x1x346]                       0.018ms    27.680 K      0.00   21.62 KiB      1.20
    7  Softmax   1  scores[16x1x346]->y[16x1x346]                       0.015ms    27.680 K      0.00   21.62 KiB      1.44
    8  O         0  x[1x2048]+w[4096x2048]->y[1x4096]                   0.038ms    16.777 M      0.44   16.01 MiB    437.23
    9  Add      -1  a[1x4096]+b[1x4096]->y[1x4096]                      0.011ms     4.096 K      0.00   24.00 KiB      2.18
   10  FFN_W3    0  x[1x4096]+w[5504x4096]->y[1x5504]                   0.058ms    45.089 M      0.78   43.02 MiB    781.04
   11  FFN_W2    1  x[1x5504]+w[4096x5504]->y[1x4096]                   0.049ms    45.089 M      0.92   43.02 MiB    917.72
   12  Add      -1  a[1x4096]+b[1x4096]->y[1x4096]                      0.009ms     4.096 K      0.00   24.00 KiB      2.73
[gpu-debug] segment avg latency (cuda_events): 0.277 ms
[gpu-debug] sum(per-op)               : 0.400 ms (ratio=1.444)
[gpu-debug] NOTE: sum(per-op) may differ from segment latency due to Python overhead, event/launch overhead, and allocator/cache effects.
[gpu-debug] cuda mem before warmup: alloc=232.38 MiB reserved=254.00 MiB
[gpu-debug] cuda mem after warmup : alloc=233.74 MiB reserved=254.00 MiB
[gpu-debug] cuda mem peak (this segment): max_alloc=233.76 MiB max_reserved=254.00 MiB
========================================================================================
[gpu-debug] segment_key=npu|decode|8|b9bb60d957286896489e50322b6f73a4
[gpu-debug] sig: device_type=npu phase=decode step=8 (count_hint=1)
[gpu-debug] ops_repr: LN:-1,Q:0,K:0,Q:1,K:1,QK:0,QK:1,Softmax:0,Softmax:1,O:0,Add:-1,FFN_W3:0,FFN_W2:1,Add:-1
[gpu-debug] cfg: device=cuda dtype=torch.bfloat16 dim=4096 ffn_dim=11008 n_heads=32 shards=2
[gpu-debug] op plan (with inferred tensor shapes):
  - op#00  op=LN       shard=-1  x=[1x4096] + w=[4096]  ->  y=[1x4096]  (T=1, K=346)
  - op#01  op=Q        shard=0   x=[1x4096] + w=[2048x4096]  ->  y=[1x2048]  (T=1, K=346)
  - op#02  op=K        shard=0   x=[1x4096] + w=[2048x4096]  ->  y=[1x2048]  (T=1, K=346)
  - op#03  op=Q        shard=1   x=[1x4096] + w=[2048x4096]  ->  y=[1x2048]  (T=1, K=346)
  - op#04  op=K        shard=1   x=[1x4096] + w=[2048x4096]  ->  y=[1x2048]  (T=1, K=346)
  - op#05  op=QK       shard=0   q=[16x1x128] + k=[16x128x346]  ->  y=[16x1x346]  (T=1, K=346)
  - op#06  op=QK       shard=1   q=[16x1x128] + k=[16x128x346]  ->  y=[16x1x346]  (T=1, K=346)
  - op#07  op=Softmax  shard=0   scores=[16x1x346]  ->  y=[16x1x346]  (T=1, K=346)
  - op#08  op=Softmax  shard=1   scores=[16x1x346]  ->  y=[16x1x346]  (T=1, K=346)
  - op#09  op=O        shard=0   x=[1x2048] + w=[4096x2048]  ->  y=[1x4096]  (T=1, K=346)
  - op#10  op=Add      shard=-1  a=[1x4096] + b=[1x4096]  ->  y=[1x4096]  (T=1, K=346)
  - op#11  op=FFN_W3   shard=0   x=[1x4096] + w=[5504x4096]  ->  y=[1x5504]  (T=1, K=346)
  - op#12  op=FFN_W2   shard=1   x=[1x5504] + w=[4096x5504]  ->  y=[1x4096]  (T=1, K=346)
  - op#13  op=Add      shard=-1  a=[1x4096] + b=[1x4096]  ->  y=[1x4096]  (T=1, K=346)
[gpu-debug] per-op timing breakdown (avg over iters):
  idx  op       sh  io                                                    time   est_flops    TFLOPs       bytes      GB/s
  ------------------------------------------------------------------------------------------------------------------------
    0  LN       -1  x[1x4096]+w[4096]->y[1x4096]                        0.071ms    20.480 K      0.00   24.00 KiB      0.35
    1  Q         0  x[1x4096]+w[2048x4096]->y[1x2048]                   0.049ms    16.777 M      0.34   16.01 MiB    343.73
    2  K         0  x[1x4096]+w[2048x4096]->y[1x2048]                   0.032ms    16.777 M      0.52   16.01 MiB    520.51
    3  Q         1  x[1x4096]+w[2048x4096]->y[1x2048]                   0.032ms    16.777 M      0.53   16.01 MiB    527.20
    4  K         1  x[1x4096]+w[2048x4096]->y[1x2048]                   0.032ms    16.777 M      0.52   16.01 MiB    518.86
    5  QK        0  q[16x1x128]+k[16x128x346]->y[16x1x346]              0.020ms     1.417 M      0.07    1.37 MiB     72.85
    6  QK        1  q[16x1x128]+k[16x128x346]->y[16x1x346]              0.041ms     1.417 M      0.03    1.37 MiB     35.06
    7  Softmax   0  scores[16x1x346]->y[16x1x346]                       0.019ms    27.680 K      0.00   21.62 KiB      1.16
    8  Softmax   1  scores[16x1x346]->y[16x1x346]                       0.015ms    27.680 K      0.00   21.62 KiB      1.46
    9  O         0  x[1x2048]+w[4096x2048]->y[1x4096]                   0.039ms    16.777 M      0.43   16.01 MiB    430.34
   10  Add      -1  a[1x4096]+b[1x4096]->y[1x4096]                      0.012ms     4.096 K      0.00   24.00 KiB      2.11
   11  FFN_W3    0  x[1x4096]+w[5504x4096]->y[1x5504]                   0.058ms    45.089 M      0.78   43.02 MiB    783.82
   12  FFN_W2    1  x[1x5504]+w[4096x5504]->y[1x4096]                   0.050ms    45.089 M      0.91   43.02 MiB    906.39
   13  Add      -1  a[1x4096]+b[1x4096]->y[1x4096]                      0.009ms     4.096 K      0.00   24.00 KiB      2.67
[gpu-debug] segment avg latency (cuda_events): 0.314 ms
[gpu-debug] sum(per-op)               : 0.478 ms (ratio=1.521)
[gpu-debug] NOTE: sum(per-op) may differ from segment latency due to Python overhead, event/launch overhead, and allocator/cache effects.
[gpu-debug] cuda mem before warmup: alloc=233.74 MiB reserved=254.00 MiB
[gpu-debug] cuda mem after warmup : alloc=233.74 MiB reserved=254.00 MiB
[gpu-debug] cuda mem peak (this segment): max_alloc=233.76 MiB max_reserved=254.00 MiB
========================================================================================
[gpu-debug] segment_key=npu|decode|9|640d8d104afb310d48bef041f7a6f0e0
[gpu-debug] sig: device_type=npu phase=decode step=9 (count_hint=31)
[gpu-debug] ops_repr: Q:0,K:0,Q:1,K:1,QK:0,QK:1,Softmax:0,Softmax:1,O:0,Add:-1,FFN_W3:0,FFN_W2:1,Add:-1
[gpu-debug] cfg: device=cuda dtype=torch.bfloat16 dim=4096 ffn_dim=11008 n_heads=32 shards=2
[gpu-debug] op plan (with inferred tensor shapes):
  - op#00  op=Q        shard=0   x=[1x4096] + w=[2048x4096]  ->  y=[1x2048]  (T=1, K=358)
  - op#01  op=K        shard=0   x=[1x4096] + w=[2048x4096]  ->  y=[1x2048]  (T=1, K=358)
  - op#02  op=Q        shard=1   x=[1x4096] + w=[2048x4096]  ->  y=[1x2048]  (T=1, K=358)
  - op#03  op=K        shard=1   x=[1x4096] + w=[2048x4096]  ->  y=[1x2048]  (T=1, K=358)
  - op#04  op=QK       shard=0   q=[16x1x128] + k=[16x128x358]  ->  y=[16x1x358]  (T=1, K=358)
  - op#05  op=QK       shard=1   q=[16x1x128] + k=[16x128x358]  ->  y=[16x1x358]  (T=1, K=358)
  - op#06  op=Softmax  shard=0   scores=[16x1x358]  ->  y=[16x1x358]  (T=1, K=358)
  - op#07  op=Softmax  shard=1   scores=[16x1x358]  ->  y=[16x1x358]  (T=1, K=358)
  - op#08  op=O        shard=0   x=[1x2048] + w=[4096x2048]  ->  y=[1x4096]  (T=1, K=358)
  - op#09  op=Add      shard=-1  a=[1x4096] + b=[1x4096]  ->  y=[1x4096]  (T=1, K=358)
  - op#10  op=FFN_W3   shard=0   x=[1x4096] + w=[5504x4096]  ->  y=[1x5504]  (T=1, K=358)
  - op#11  op=FFN_W2   shard=1   x=[1x5504] + w=[4096x5504]  ->  y=[1x4096]  (T=1, K=358)
  - op#12  op=Add      shard=-1  a=[1x4096] + b=[1x4096]  ->  y=[1x4096]  (T=1, K=358)
[gpu-debug] per-op timing breakdown (avg over iters):
  idx  op       sh  io                                                    time   est_flops    TFLOPs       bytes      GB/s
  ------------------------------------------------------------------------------------------------------------------------
    0  Q         0  x[1x4096]+w[2048x4096]->y[1x2048]                   0.043ms    16.777 M      0.39   16.01 MiB    393.19
    1  K         0  x[1x4096]+w[2048x4096]->y[1x2048]                   0.031ms    16.777 M      0.55   16.01 MiB    548.36
    2  Q         1  x[1x4096]+w[2048x4096]->y[1x2048]                   0.030ms    16.777 M      0.55   16.01 MiB    552.05
    3  K         1  x[1x4096]+w[2048x4096]->y[1x2048]                   0.030ms    16.777 M      0.56   16.01 MiB    557.69
    4  QK        0  q[16x1x128]+k[16x128x358]->y[16x1x358]              0.027ms     1.466 M      0.05    1.41 MiB     55.24
    5  QK        1  q[16x1x128]+k[16x128x358]->y[16x1x358]              0.040ms     1.466 M      0.04    1.41 MiB     36.92
    6  Softmax   0  scores[16x1x358]->y[16x1x358]                       0.019ms    28.640 K      0.00   22.38 KiB      1.21
    7  Softmax   1  scores[16x1x358]->y[16x1x358]                       0.016ms    28.640 K      0.00   22.38 KiB      1.46
    8  O         0  x[1x2048]+w[4096x2048]->y[1x4096]                   0.037ms    16.777 M      0.45   16.01 MiB    451.68
    9  Add      -1  a[1x4096]+b[1x4096]->y[1x4096]                      0.013ms     4.096 K      0.00   24.00 KiB      1.85
   10  FFN_W3    0  x[1x4096]+w[5504x4096]->y[1x5504]                   0.056ms    45.089 M      0.81   43.02 MiB    812.74
   11  FFN_W2    1  x[1x5504]+w[4096x5504]->y[1x4096]                   0.047ms    45.089 M      0.96   43.02 MiB    959.71
   12  Add      -1  a[1x4096]+b[1x4096]->y[1x4096]                      0.008ms     4.096 K      0.00   24.00 KiB      3.16
[gpu-debug] segment avg latency (cuda_events): 0.280 ms
[gpu-debug] sum(per-op)               : 0.396 ms (ratio=1.415)
[gpu-debug] NOTE: sum(per-op) may differ from segment latency due to Python overhead, event/launch overhead, and allocator/cache effects.
[gpu-debug] cuda mem before warmup: alloc=233.74 MiB reserved=254.00 MiB
[gpu-debug] cuda mem after warmup : alloc=235.15 MiB reserved=254.00 MiB
[gpu-debug] cuda mem peak (this segment): max_alloc=235.17 MiB max_reserved=254.00 MiB
========================================================================================
[gpu-debug] segment_key=npu|decode|9|b9bb60d957286896489e50322b6f73a4
[gpu-debug] sig: device_type=npu phase=decode step=9 (count_hint=1)
[gpu-debug] ops_repr: LN:-1,Q:0,K:0,Q:1,K:1,QK:0,QK:1,Softmax:0,Softmax:1,O:0,Add:-1,FFN_W3:0,FFN_W2:1,Add:-1
[gpu-debug] cfg: device=cuda dtype=torch.bfloat16 dim=4096 ffn_dim=11008 n_heads=32 shards=2
[gpu-debug] op plan (with inferred tensor shapes):
  - op#00  op=LN       shard=-1  x=[1x4096] + w=[4096]  ->  y=[1x4096]  (T=1, K=358)
  - op#01  op=Q        shard=0   x=[1x4096] + w=[2048x4096]  ->  y=[1x2048]  (T=1, K=358)
  - op#02  op=K        shard=0   x=[1x4096] + w=[2048x4096]  ->  y=[1x2048]  (T=1, K=358)
  - op#03  op=Q        shard=1   x=[1x4096] + w=[2048x4096]  ->  y=[1x2048]  (T=1, K=358)
  - op#04  op=K        shard=1   x=[1x4096] + w=[2048x4096]  ->  y=[1x2048]  (T=1, K=358)
  - op#05  op=QK       shard=0   q=[16x1x128] + k=[16x128x358]  ->  y=[16x1x358]  (T=1, K=358)
  - op#06  op=QK       shard=1   q=[16x1x128] + k=[16x128x358]  ->  y=[16x1x358]  (T=1, K=358)
  - op#07  op=Softmax  shard=0   scores=[16x1x358]  ->  y=[16x1x358]  (T=1, K=358)
  - op#08  op=Softmax  shard=1   scores=[16x1x358]  ->  y=[16x1x358]  (T=1, K=358)
  - op#09  op=O        shard=0   x=[1x2048] + w=[4096x2048]  ->  y=[1x4096]  (T=1, K=358)
  - op#10  op=Add      shard=-1  a=[1x4096] + b=[1x4096]  ->  y=[1x4096]  (T=1, K=358)
  - op#11  op=FFN_W3   shard=0   x=[1x4096] + w=[5504x4096]  ->  y=[1x5504]  (T=1, K=358)
  - op#12  op=FFN_W2   shard=1   x=[1x5504] + w=[4096x5504]  ->  y=[1x4096]  (T=1, K=358)
  - op#13  op=Add      shard=-1  a=[1x4096] + b=[1x4096]  ->  y=[1x4096]  (T=1, K=358)
[gpu-debug] per-op timing breakdown (avg over iters):
  idx  op       sh  io                                                    time   est_flops    TFLOPs       bytes      GB/s
  ------------------------------------------------------------------------------------------------------------------------
    0  LN       -1  x[1x4096]+w[4096]->y[1x4096]                        0.072ms    20.480 K      0.00   24.00 KiB      0.34
    1  Q         0  x[1x4096]+w[2048x4096]->y[1x2048]                   0.040ms    16.777 M      0.42   16.01 MiB    421.49
    2  K         0  x[1x4096]+w[2048x4096]->y[1x2048]                   0.029ms    16.777 M      0.57   16.01 MiB    575.30
    3  Q         1  x[1x4096]+w[2048x4096]->y[1x2048]                   0.027ms    16.777 M      0.62   16.01 MiB    618.72
    4  K         1  x[1x4096]+w[2048x4096]->y[1x2048]                   0.027ms    16.777 M      0.63   16.01 MiB    628.20
    5  QK        0  q[16x1x128]+k[16x128x358]->y[16x1x358]              0.043ms     1.466 M      0.03    1.41 MiB     34.38
    6  QK        1  q[16x1x128]+k[16x128x358]->y[16x1x358]              0.041ms     1.466 M      0.04    1.41 MiB     35.82
    7  Softmax   0  scores[16x1x358]->y[16x1x358]                       0.018ms    28.640 K      0.00   22.38 KiB      1.24
    8  Softmax   1  scores[16x1x358]->y[16x1x358]                       0.015ms    28.640 K      0.00   22.38 KiB      1.55
    9  O         0  x[1x2048]+w[4096x2048]->y[1x4096]                   0.034ms    16.777 M      0.49   16.01 MiB    492.37
   10  Add      -1  a[1x4096]+b[1x4096]->y[1x4096]                      0.016ms     4.096 K      0.00   24.00 KiB      1.50
   11  FFN_W3    0  x[1x4096]+w[5504x4096]->y[1x5504]                   0.053ms    45.089 M      0.85   43.02 MiB    848.76
   12  FFN_W2    1  x[1x5504]+w[4096x5504]->y[1x4096]                   0.042ms    45.089 M      1.06   43.02 MiB   1064.03
   13  Add      -1  a[1x4096]+b[1x4096]->y[1x4096]                      0.006ms     4.096 K      0.00   24.00 KiB      4.29
[gpu-debug] segment avg latency (cuda_events): 0.253 ms
[gpu-debug] sum(per-op)               : 0.464 ms (ratio=1.832)
[gpu-debug] NOTE: sum(per-op) may differ from segment latency due to Python overhead, event/launch overhead, and allocator/cache effects.
[gpu-debug] cuda mem before warmup: alloc=235.15 MiB reserved=254.00 MiB
[gpu-debug] cuda mem after warmup : alloc=235.15 MiB reserved=254.00 MiB
[gpu-debug] cuda mem peak (this segment): max_alloc=235.17 MiB max_reserved=254.00 MiB
========================================================================================
[gpu-debug] segment_key=npu|prefill|-1|7f370cc7d97df3530a56c775d62964d4
[gpu-debug] sig: device_type=npu phase=prefill step=-1 (count_hint=32)
[gpu-debug] ops_repr: LN:-1,Q:0,K:0,V:0,Q:1,K:1,V:1,QK:0,QK:1,Softmax:0,Softmax:1,SV:0,SV:1,O:0,O:1,Add:-1,LN:-1,FFN_W1:0,FFN_W3:0,FFN_W1:1,FFN_W3:1,SwiGLU:0,SwiGLU:1,FFN_W2:0,FFN_W2:1,Add:-1
[gpu-debug] cfg: device=cuda dtype=torch.bfloat16 dim=4096 ffn_dim=11008 n_heads=32 shards=2
[gpu-debug] op plan (with inferred tensor shapes):
  - op#00  op=LN       shard=-1  x=[262x4096] + w=[4096]  ->  y=[262x4096]  (T=262, K=262)
  - op#01  op=Q        shard=0   x=[262x4096] + w=[2048x4096]  ->  y=[262x2048]  (T=262, K=262)
  - op#02  op=K        shard=0   x=[262x4096] + w=[2048x4096]  ->  y=[262x2048]  (T=262, K=262)
  - op#03  op=V        shard=0   x=[262x4096] + w=[2048x4096]  ->  y=[262x2048]  (T=262, K=262)
  - op#04  op=Q        shard=1   x=[262x4096] + w=[2048x4096]  ->  y=[262x2048]  (T=262, K=262)
  - op#05  op=K        shard=1   x=[262x4096] + w=[2048x4096]  ->  y=[262x2048]  (T=262, K=262)
  - op#06  op=V        shard=1   x=[262x4096] + w=[2048x4096]  ->  y=[262x2048]  (T=262, K=262)
  - op#07  op=QK       shard=0   q=[16x262x128] + k=[16x128x262]  ->  y=[16x262x262]  (T=262, K=262)
  - op#08  op=QK       shard=1   q=[16x262x128] + k=[16x128x262]  ->  y=[16x262x262]  (T=262, K=262)
  - op#09  op=Softmax  shard=0   scores=[16x262x262]  ->  y=[16x262x262]  (T=262, K=262)
  - op#10  op=Softmax  shard=1   scores=[16x262x262]  ->  y=[16x262x262]  (T=262, K=262)
  - op#11  op=SV       shard=0   p=[16x262x262] + v=[16x262x128]  ->  y=[16x262x128]  (T=262, K=262)
  - op#12  op=SV       shard=1   p=[16x262x262] + v=[16x262x128]  ->  y=[16x262x128]  (T=262, K=262)
  - op#13  op=O        shard=0   x=[262x2048] + w=[4096x2048]  ->  y=[262x4096]  (T=262, K=262)
  - op#14  op=O        shard=1   x=[262x2048] + w=[4096x2048]  ->  y=[262x4096]  (T=262, K=262)
  - op#15  op=Add      shard=-1  a=[262x4096] + b=[262x4096]  ->  y=[262x4096]  (T=262, K=262)
  - op#16  op=LN       shard=-1  x=[262x4096] + w=[4096]  ->  y=[262x4096]  (T=262, K=262)
  - op#17  op=FFN_W1   shard=0   x=[262x4096] + w=[5504x4096]  ->  y=[262x5504]  (T=262, K=262)
  - op#18  op=FFN_W3   shard=0   x=[262x4096] + w=[5504x4096]  ->  y=[262x5504]  (T=262, K=262)
  - op#19  op=FFN_W1   shard=1   x=[262x4096] + w=[5504x4096]  ->  y=[262x5504]  (T=262, K=262)
  - op#20  op=FFN_W3   shard=1   x=[262x4096] + w=[5504x4096]  ->  y=[262x5504]  (T=262, K=262)
  - op#21  op=SwiGLU   shard=0   a=[262x5504] + b=[262x5504]  ->  y=[262x5504]  (T=262, K=262)
  - op#22  op=SwiGLU   shard=1   a=[262x5504] + b=[262x5504]  ->  y=[262x5504]  (T=262, K=262)
  - op#23  op=FFN_W2   shard=0   x=[262x5504] + w=[4096x5504]  ->  y=[262x4096]  (T=262, K=262)
  - op#24  op=FFN_W2   shard=1   x=[262x5504] + w=[4096x5504]  ->  y=[262x4096]  (T=262, K=262)
  - op#25  op=Add      shard=-1  a=[262x4096] + b=[262x4096]  ->  y=[262x4096]  (T=262, K=262)
[gpu-debug] per-op timing breakdown (avg over iters):
  idx  op       sh  io                                                    time   est_flops    TFLOPs       bytes      GB/s
  ------------------------------------------------------------------------------------------------------------------------
    0  LN       -1  x[262x4096]+w[4096]->y[262x4096]                    0.070ms     5.366 M      0.08    4.10 MiB     61.49
    1  Q         0  x[262x4096]+w[2048x4096]->y[262x2048]               0.056ms     4.396 G     78.48   19.07 MiB    357.00
    2  K         0  x[262x4096]+w[2048x4096]->y[262x2048]               0.038ms     4.396 G    116.02   19.07 MiB    527.78
    3  V         0  x[262x4096]+w[2048x4096]->y[262x2048]               0.038ms     4.396 G    116.65   19.07 MiB    530.65
    4  Q         1  x[262x4096]+w[2048x4096]->y[262x2048]               0.039ms     4.396 G    114.17   19.07 MiB    519.36
    5  K         1  x[262x4096]+w[2048x4096]->y[262x2048]               0.038ms     4.396 G    115.08   19.07 MiB    523.54
    6  V         1  x[262x4096]+w[2048x4096]->y[262x2048]               0.037ms     4.396 G    117.28   19.07 MiB    533.55
    7  QK        0  q[16x262x128]+k[16x128x262]->y[16x262x262]          0.022ms   281.166 M     12.95    4.14 MiB    200.05
    8  QK        1  q[16x262x128]+k[16x128x262]->y[16x262x262]          0.021ms   281.166 M     13.39    4.14 MiB    206.88
    9  Softmax   0  scores[16x262x262]->y[16x262x262]                   0.015ms     5.492 M      0.37    4.19 MiB    295.88
   10  Softmax   1  scores[16x262x262]->y[16x262x262]                   0.016ms     5.492 M      0.35    4.19 MiB    278.59
   11  SV        0  p[16x262x262]+v[16x262x128]->y[16x262x128]          0.033ms   281.166 M      8.63    4.14 MiB    133.37
   12  SV        1  p[16x262x262]+v[16x262x128]->y[16x262x128]          0.030ms   281.166 M      9.44    4.14 MiB    145.74
   13  O         0  x[262x2048]+w[4096x2048]->y[262x4096]               0.051ms     4.396 G     85.68   19.07 MiB    389.78
   14  O         1  x[262x2048]+w[4096x2048]->y[262x4096]               0.035ms     4.396 G    125.88   19.07 MiB    572.67
   15  Add      -1  a[262x4096]+b[262x4096]->y[262x4096]                0.008ms     1.073 M      0.14    6.14 MiB    827.37
   16  LN       -1  x[262x4096]+w[4096]->y[262x4096]                    0.062ms     5.366 M      0.09    4.10 MiB     69.88
   17  FFN_W1    0  x[262x4096]+w[5504x4096]->y[262x5504]               0.113ms    11.813 G    104.12   47.80 MiB    441.74
   18  FFN_W3    0  x[262x4096]+w[5504x4096]->y[262x5504]               0.095ms    11.813 G    124.45   47.80 MiB    527.99
   19  FFN_W1    1  x[262x4096]+w[5504x4096]->y[262x5504]               0.095ms    11.813 G    124.85   47.80 MiB    529.70
   20  FFN_W3    1  x[262x4096]+w[5504x4096]->y[262x5504]               0.094ms    11.813 G    125.12   47.80 MiB    530.85
   21  SwiGLU    0  a[262x5504]+b[262x5504]->y[262x5504]                0.015ms     8.652 M      0.59    8.25 MiB    586.77
   22  SwiGLU    1  a[262x5504]+b[262x5504]->y[262x5504]                0.013ms     8.652 M      0.67    8.25 MiB    665.31
   23  FFN_W2    0  x[262x5504]+w[4096x5504]->y[262x4096]               0.078ms    11.813 G    150.61   47.80 MiB    638.96
   24  FFN_W2    1  x[262x5504]+w[4096x5504]->y[262x4096]               0.077ms    11.813 G    152.60   47.80 MiB    647.41
   25  Add      -1  a[262x4096]+b[262x4096]->y[262x4096]                0.008ms     1.073 M      0.14    6.14 MiB    849.73
[gpu-debug] segment avg latency (cuda_events): 0.987 ms
[gpu-debug] sum(per-op)               : 1.196 ms (ratio=1.212)
[gpu-debug] NOTE: sum(per-op) may differ from segment latency due to Python overhead, event/launch overhead, and allocator/cache effects.
[gpu-debug] cuda mem before warmup: alloc=235.15 MiB reserved=254.00 MiB
[gpu-debug] cuda mem after warmup : alloc=425.15 MiB reserved=434.00 MiB
[gpu-debug] cuda mem peak (this segment): max_alloc=430.65 MiB max_reserved=434.00 MiB
  progress 25/25
