================================================================================
[run-pim][debug] Using cost_model_pim_backend._get_pim_latency_via_trace
[run-pim][debug] shard_policy='fine' shards=2
[run-pim][debug] model: dim=4096 ffn_dim=11008 n_heads=32 n_kv_heads=auto->n_heads
[run-pim][debug] lengths: prefill_len=128 decode_stride=12 decode_context_lens_len=109
[run-pim][debug] pim_config=/lustre/home/2501111916/workspace/XPUPIM_0226_gpupim_parameter/TriForm/algorithms/aim_simulator/PIM_AiM.json (from pim_hw_json_path)
[run-pim][debug] ramulator_config=/lustre/home/2501111916/workspace/XPUPIM_0226_gpupim_parameter/TriForm/algorithms/aim_simulator/example.yaml
[run-pim][debug] ramulator_bin=/lustre/home/2501111916/workspace/XPUPIM_0226_gpupim_parameter/TriForm/algorithms/ramulator2 (exported as env RAMULATOR2_BIN)
[run-pim][debug] ramulator_timeout_s=3000
[run-pim][debug] cache_enabled=False
[run-pim][debug] schedule cfg.pim_freq_ghz=1.0
[run-pim][debug] cost_model config.PIM_FREQ_GHZ=1.0
================================================================================
========================================================================================
[pim-debug] segment_key=pim|decode|0|016e8acce089f109420138ec5b8e8adb
[pim-debug] sig: device_type=pim phase=decode step=0 (count_hint=32)
[pim-debug] ops_repr: V:1,SV:1,LN:-1,FFN_W1:1,SwiGLU:1,FFN_W2:0
[pim-debug] cfg: shard_policy='fine' shards=2 dim=4096 ffn_dim=11008 n_heads=32 n_kv_heads=auto->n_heads
[pim-debug] pim_config=/lustre/home/2501111916/workspace/XPUPIM_0226_gpupim_parameter/TriForm/algorithms/aim_simulator/PIM_AiM.json
[pim-debug] ramulator_config=/lustre/home/2501111916/workspace/XPUPIM_0226_gpupim_parameter/TriForm/algorithms/aim_simulator/example.yaml
[pim-debug] cost_model config.PIM_FREQ_GHZ=1.0
[pim-debug] op plan (logical shapes inferred from schedule cfg):
  - op#00  op=V        shard=1   x=[1x4096] + w=[2048x4096]  ->  y=[1x2048]  (T=1, K=129)
  - op#01  op=SV       shard=1   p=[16x1x129] + v=[16x129x128]  ->  y=[16x1x128]  (T=1, K=129)
  - op#02  op=LN       shard=-1  x=[1x4096] + w=[4096]  ->  y=[1x4096]  (T=1, K=129)
  - op#03  op=FFN_W1   shard=1   x=[1x4096] + w=[5504x4096]  ->  y=[1x5504]  (T=1, K=129)
  - op#04  op=SwiGLU   shard=1   a=[1x5504] + b=[1x5504]  ->  y=[1x5504]  (T=1, K=129)
  - op#05  op=FFN_W2   shard=0   x=[1x5504] + w=[4096x5504]  ->  y=[1x4096]  (T=1, K=129)
[pim-debug] NOTE: CENT(AiM) trace backend internally uses x shape (1,1,dim) and handles prefill by repeating ops;
           the table below shows the *effective parameters* passed into cost_model_pim_backend for each op.
[pim-debug] op#00 op=V        norm=v_proj     sh=1  dim=4096  heads=16  hd=128 q_dim=2048  kv_heads=16  kv_dim=2048  o_dim=2048  ffn_dim=5504   seqlen=129    qlen=1   cache=N lat=    0.004ms cycles≈4428
[pim-debug] op#01 op=SV       norm=output     sh=1  dim=4096  heads=16  hd=128 q_dim=2048  kv_heads=16  kv_dim=2048  o_dim=2048  ffn_dim=5504   seqlen=129    qlen=1   cache=N lat=    0.001ms cycles≈1426
[pim-debug] op#02 op=LN       norm=rmsnorm    sh=-1 dim=4096  heads=32  hd=128 q_dim=4096  kv_heads=32  kv_dim=4096  o_dim=4096  ffn_dim=11008  seqlen=129    qlen=1   cache=N lat=    0.001ms cycles≈1314
[pim-debug] op#03 op=FFN_W1   norm=ffn_gate   sh=1  dim=4096  heads=16  hd=128 q_dim=2048  kv_heads=16  kv_dim=2048  o_dim=2048  ffn_dim=5504   seqlen=129    qlen=1   cache=N lat=    0.012ms cycles≈11708
[pim-debug] op#04 op=SwiGLU   norm=silu       sh=1  dim=4096  heads=16  hd=128 q_dim=2048  kv_heads=16  kv_dim=2048  o_dim=2048  ffn_dim=5504   seqlen=129    qlen=1   cache=N lat=    0.001ms cycles≈503
[pim-debug] op#05 op=FFN_W2   norm=ffn_down   sh=0  dim=4096  heads=16  hd=128 q_dim=2048  kv_heads=16  kv_dim=2048  o_dim=2048  ffn_dim=5504   seqlen=129    qlen=1   cache=N lat=    0.011ms cycles≈11466
[pim-debug] segment total latency: 0.031 ms
========================================================================================
[pim-debug] segment_key=pim|decode|0|731d391a82ee0cb7f0755396c849b1dc
[pim-debug] sig: device_type=pim phase=decode step=0 (count_hint=31)
[pim-debug] ops_repr: LN:-1,V:0,SV:0,O:1,FFN_W1:0,FFN_W2:1
[pim-debug] cfg: shard_policy='fine' shards=2 dim=4096 ffn_dim=11008 n_heads=32 n_kv_heads=auto->n_heads
[pim-debug] pim_config=/lustre/home/2501111916/workspace/XPUPIM_0226_gpupim_parameter/TriForm/algorithms/aim_simulator/PIM_AiM.json
[pim-debug] ramulator_config=/lustre/home/2501111916/workspace/XPUPIM_0226_gpupim_parameter/TriForm/algorithms/aim_simulator/example.yaml
[pim-debug] cost_model config.PIM_FREQ_GHZ=1.0
[pim-debug] op plan (logical shapes inferred from schedule cfg):
  - op#00  op=LN       shard=-1  x=[1x4096] + w=[4096]  ->  y=[1x4096]  (T=1, K=129)
  - op#01  op=V        shard=0   x=[1x4096] + w=[2048x4096]  ->  y=[1x2048]  (T=1, K=129)
  - op#02  op=SV       shard=0   p=[16x1x129] + v=[16x129x128]  ->  y=[16x1x128]  (T=1, K=129)
  - op#03  op=O        shard=1   x=[1x2048] + w=[4096x2048]  ->  y=[1x4096]  (T=1, K=129)
  - op#04  op=FFN_W1   shard=0   x=[1x4096] + w=[5504x4096]  ->  y=[1x5504]  (T=1, K=129)
  - op#05  op=FFN_W2   shard=1   x=[1x5504] + w=[4096x5504]  ->  y=[1x4096]  (T=1, K=129)
[pim-debug] NOTE: CENT(AiM) trace backend internally uses x shape (1,1,dim) and handles prefill by repeating ops;
           the table below shows the *effective parameters* passed into cost_model_pim_backend for each op.
[pim-debug] op#00 op=LN       norm=rmsnorm    sh=-1 dim=4096  heads=32  hd=128 q_dim=4096  kv_heads=32  kv_dim=4096  o_dim=4096  ffn_dim=11008  seqlen=129    qlen=1   cache=N lat=    0.001ms cycles≈1314
[pim-debug] op#01 op=V        norm=v_proj     sh=0  dim=4096  heads=16  hd=128 q_dim=2048  kv_heads=16  kv_dim=2048  o_dim=2048  ffn_dim=5504   seqlen=129    qlen=1   cache=N lat=    0.004ms cycles≈4428
[pim-debug] op#02 op=SV       norm=output     sh=0  dim=4096  heads=16  hd=128 q_dim=2048  kv_heads=16  kv_dim=2048  o_dim=2048  ffn_dim=5504   seqlen=129    qlen=1   cache=N lat=    0.001ms cycles≈1426
[pim-debug] op#03 op=O        norm=wo_proj    sh=1  dim=4096  heads=16  hd=128 q_dim=2048  kv_heads=16  kv_dim=2048  o_dim=2048  ffn_dim=5504   seqlen=129    qlen=1   cache=N lat=    0.004ms cycles≈4062
[pim-debug] op#04 op=FFN_W1   norm=ffn_gate   sh=0  dim=4096  heads=16  hd=128 q_dim=2048  kv_heads=16  kv_dim=2048  o_dim=2048  ffn_dim=5504   seqlen=129    qlen=1   cache=N lat=    0.012ms cycles≈11708
[pim-debug] op#05 op=FFN_W2   norm=ffn_down   sh=1  dim=4096  heads=16  hd=128 q_dim=2048  kv_heads=16  kv_dim=2048  o_dim=2048  ffn_dim=5504   seqlen=129    qlen=1   cache=N lat=    0.011ms cycles≈11466
[pim-debug] segment total latency: 0.034 ms
========================================================================================
[pim-debug] segment_key=pim|decode|0|ebea3d96ba5f955b87a93b12b17bba6f
[pim-debug] sig: device_type=pim phase=decode step=0 (count_hint=1)
[pim-debug] ops_repr: V:0,SV:0,O:1,FFN_W1:0,FFN_W2:1
[pim-debug] cfg: shard_policy='fine' shards=2 dim=4096 ffn_dim=11008 n_heads=32 n_kv_heads=auto->n_heads
[pim-debug] pim_config=/lustre/home/2501111916/workspace/XPUPIM_0226_gpupim_parameter/TriForm/algorithms/aim_simulator/PIM_AiM.json
[pim-debug] ramulator_config=/lustre/home/2501111916/workspace/XPUPIM_0226_gpupim_parameter/TriForm/algorithms/aim_simulator/example.yaml
[pim-debug] cost_model config.PIM_FREQ_GHZ=1.0
[pim-debug] op plan (logical shapes inferred from schedule cfg):
  - op#00  op=V        shard=0   x=[1x4096] + w=[2048x4096]  ->  y=[1x2048]  (T=1, K=129)
  - op#01  op=SV       shard=0   p=[16x1x129] + v=[16x129x128]  ->  y=[16x1x128]  (T=1, K=129)
  - op#02  op=O        shard=1   x=[1x2048] + w=[4096x2048]  ->  y=[1x4096]  (T=1, K=129)
  - op#03  op=FFN_W1   shard=0   x=[1x4096] + w=[5504x4096]  ->  y=[1x5504]  (T=1, K=129)
  - op#04  op=FFN_W2   shard=1   x=[1x5504] + w=[4096x5504]  ->  y=[1x4096]  (T=1, K=129)
[pim-debug] NOTE: CENT(AiM) trace backend internally uses x shape (1,1,dim) and handles prefill by repeating ops;
           the table below shows the *effective parameters* passed into cost_model_pim_backend for each op.
[pim-debug] op#00 op=V        norm=v_proj     sh=0  dim=4096  heads=16  hd=128 q_dim=2048  kv_heads=16  kv_dim=2048  o_dim=2048  ffn_dim=5504   seqlen=129    qlen=1   cache=N lat=    0.004ms cycles≈4428
[pim-debug] op#01 op=SV       norm=output     sh=0  dim=4096  heads=16  hd=128 q_dim=2048  kv_heads=16  kv_dim=2048  o_dim=2048  ffn_dim=5504   seqlen=129    qlen=1   cache=N lat=    0.001ms cycles≈1426
[pim-debug] op#02 op=O        norm=wo_proj    sh=1  dim=4096  heads=16  hd=128 q_dim=2048  kv_heads=16  kv_dim=2048  o_dim=2048  ffn_dim=5504   seqlen=129    qlen=1   cache=N lat=    0.004ms cycles≈4062
[pim-debug] op#03 op=FFN_W1   norm=ffn_gate   sh=0  dim=4096  heads=16  hd=128 q_dim=2048  kv_heads=16  kv_dim=2048  o_dim=2048  ffn_dim=5504   seqlen=129    qlen=1   cache=N lat=    0.012ms cycles≈11708
[pim-debug] op#04 op=FFN_W2   norm=ffn_down   sh=1  dim=4096  heads=16  hd=128 q_dim=2048  kv_heads=16  kv_dim=2048  o_dim=2048  ffn_dim=5504   seqlen=129    qlen=1   cache=N lat=    0.011ms cycles≈11466
[pim-debug] segment total latency: 0.033 ms
========================================================================================
[pim-debug] segment_key=pim|decode|100|18ae37754a97d1f42b25b2cff77caf3f
[pim-debug] sig: device_type=pim phase=decode step=100 (count_hint=32)
[pim-debug] ops_repr: V:1,SV:1,LN:-1,FFN_W1:1,FFN_W3:1,SwiGLU:1,FFN_W2:0
[pim-debug] cfg: shard_policy='fine' shards=2 dim=4096 ffn_dim=11008 n_heads=32 n_kv_heads=auto->n_heads
[pim-debug] pim_config=/lustre/home/2501111916/workspace/XPUPIM_0226_gpupim_parameter/TriForm/algorithms/aim_simulator/PIM_AiM.json
[pim-debug] ramulator_config=/lustre/home/2501111916/workspace/XPUPIM_0226_gpupim_parameter/TriForm/algorithms/aim_simulator/example.yaml
[pim-debug] cost_model config.PIM_FREQ_GHZ=1.0
[pim-debug] op plan (logical shapes inferred from schedule cfg):
  - op#00  op=V        shard=1   x=[1x4096] + w=[2048x4096]  ->  y=[1x2048]  (T=1, K=1316)
  - op#01  op=SV       shard=1   p=[16x1x1316] + v=[16x1316x128]  ->  y=[16x1x128]  (T=1, K=1316)
  - op#02  op=LN       shard=-1  x=[1x4096] + w=[4096]  ->  y=[1x4096]  (T=1, K=1316)
  - op#03  op=FFN_W1   shard=1   x=[1x4096] + w=[5504x4096]  ->  y=[1x5504]  (T=1, K=1316)
  - op#04  op=FFN_W3   shard=1   x=[1x4096] + w=[5504x4096]  ->  y=[1x5504]  (T=1, K=1316)
  - op#05  op=SwiGLU   shard=1   a=[1x5504] + b=[1x5504]  ->  y=[1x5504]  (T=1, K=1316)
  - op#06  op=FFN_W2   shard=0   x=[1x5504] + w=[4096x5504]  ->  y=[1x4096]  (T=1, K=1316)
[pim-debug] NOTE: CENT(AiM) trace backend internally uses x shape (1,1,dim) and handles prefill by repeating ops;
           the table below shows the *effective parameters* passed into cost_model_pim_backend for each op.
[pim-debug] op#00 op=V        norm=v_proj     sh=1  dim=4096  heads=16  hd=128 q_dim=2048  kv_heads=16  kv_dim=2048  o_dim=2048  ffn_dim=5504   seqlen=1316   qlen=1   cache=N lat=    0.004ms cycles≈4428
[pim-debug] op#01 op=SV       norm=output     sh=1  dim=4096  heads=16  hd=128 q_dim=2048  kv_heads=16  kv_dim=2048  o_dim=2048  ffn_dim=5504   seqlen=1316   qlen=1   cache=N lat=    0.004ms cycles≈4022
[pim-debug] op#02 op=LN       norm=rmsnorm    sh=-1 dim=4096  heads=32  hd=128 q_dim=4096  kv_heads=32  kv_dim=4096  o_dim=4096  ffn_dim=11008  seqlen=1316   qlen=1   cache=N lat=    0.001ms cycles≈1314
[pim-debug] op#03 op=FFN_W1   norm=ffn_gate   sh=1  dim=4096  heads=16  hd=128 q_dim=2048  kv_heads=16  kv_dim=2048  o_dim=2048  ffn_dim=5504   seqlen=1316   qlen=1   cache=N lat=    0.012ms cycles≈11708
[pim-debug] op#04 op=FFN_W3   norm=ffn_up     sh=1  dim=4096  heads=16  hd=128 q_dim=2048  kv_heads=16  kv_dim=2048  o_dim=2048  ffn_dim=5504   seqlen=1316   qlen=1   cache=N lat=    0.011ms cycles≈10896
[pim-debug] op#05 op=SwiGLU   norm=silu       sh=1  dim=4096  heads=16  hd=128 q_dim=2048  kv_heads=16  kv_dim=2048  o_dim=2048  ffn_dim=5504   seqlen=1316   qlen=1   cache=N lat=    0.001ms cycles≈503
[pim-debug] op#06 op=FFN_W2   norm=ffn_down   sh=0  dim=4096  heads=16  hd=128 q_dim=2048  kv_heads=16  kv_dim=2048  o_dim=2048  ffn_dim=5504   seqlen=1316   qlen=1   cache=N lat=    0.011ms cycles≈11466
[pim-debug] segment total latency: 0.044 ms
========================================================================================
[pim-debug] segment_key=pim|decode|100|fa8b04eaba988353d76eadc6a01ae0d4
[pim-debug] sig: device_type=pim phase=decode step=100 (count_hint=31)
[pim-debug] ops_repr: LN:-1,V:0,SV:0,O:1,FFN_W1:0,SwiGLU:0
[pim-debug] cfg: shard_policy='fine' shards=2 dim=4096 ffn_dim=11008 n_heads=32 n_kv_heads=auto->n_heads
[pim-debug] pim_config=/lustre/home/2501111916/workspace/XPUPIM_0226_gpupim_parameter/TriForm/algorithms/aim_simulator/PIM_AiM.json
[pim-debug] ramulator_config=/lustre/home/2501111916/workspace/XPUPIM_0226_gpupim_parameter/TriForm/algorithms/aim_simulator/example.yaml
[pim-debug] cost_model config.PIM_FREQ_GHZ=1.0
[pim-debug] op plan (logical shapes inferred from schedule cfg):
  - op#00  op=LN       shard=-1  x=[1x4096] + w=[4096]  ->  y=[1x4096]  (T=1, K=1316)
  - op#01  op=V        shard=0   x=[1x4096] + w=[2048x4096]  ->  y=[1x2048]  (T=1, K=1316)
  - op#02  op=SV       shard=0   p=[16x1x1316] + v=[16x1316x128]  ->  y=[16x1x128]  (T=1, K=1316)
  - op#03  op=O        shard=1   x=[1x2048] + w=[4096x2048]  ->  y=[1x4096]  (T=1, K=1316)
  - op#04  op=FFN_W1   shard=0   x=[1x4096] + w=[5504x4096]  ->  y=[1x5504]  (T=1, K=1316)
  - op#05  op=SwiGLU   shard=0   a=[1x5504] + b=[1x5504]  ->  y=[1x5504]  (T=1, K=1316)
[pim-debug] NOTE: CENT(AiM) trace backend internally uses x shape (1,1,dim) and handles prefill by repeating ops;
           the table below shows the *effective parameters* passed into cost_model_pim_backend for each op.
[pim-debug] op#00 op=LN       norm=rmsnorm    sh=-1 dim=4096  heads=32  hd=128 q_dim=4096  kv_heads=32  kv_dim=4096  o_dim=4096  ffn_dim=11008  seqlen=1316   qlen=1   cache=N lat=    0.001ms cycles≈1314
[pim-debug] op#01 op=V        norm=v_proj     sh=0  dim=4096  heads=16  hd=128 q_dim=2048  kv_heads=16  kv_dim=2048  o_dim=2048  ffn_dim=5504   seqlen=1316   qlen=1   cache=N lat=    0.004ms cycles≈4428
[pim-debug] op#02 op=SV       norm=output     sh=0  dim=4096  heads=16  hd=128 q_dim=2048  kv_heads=16  kv_dim=2048  o_dim=2048  ffn_dim=5504   seqlen=1316   qlen=1   cache=N lat=    0.004ms cycles≈4022
[pim-debug] op#03 op=O        norm=wo_proj    sh=1  dim=4096  heads=16  hd=128 q_dim=2048  kv_heads=16  kv_dim=2048  o_dim=2048  ffn_dim=5504   seqlen=1316   qlen=1   cache=N lat=    0.004ms cycles≈4062
[pim-debug] op#04 op=FFN_W1   norm=ffn_gate   sh=0  dim=4096  heads=16  hd=128 q_dim=2048  kv_heads=16  kv_dim=2048  o_dim=2048  ffn_dim=5504   seqlen=1316   qlen=1   cache=N lat=    0.012ms cycles≈11708
[pim-debug] op#05 op=SwiGLU   norm=silu       sh=0  dim=4096  heads=16  hd=128 q_dim=2048  kv_heads=16  kv_dim=2048  o_dim=2048  ffn_dim=5504   seqlen=1316   qlen=1   cache=N lat=    0.001ms cycles≈503
[pim-debug] segment total latency: 0.026 ms
========================================================================================
[pim-debug] segment_key=pim|decode|100|fdf6362e664a0dcb3b710140facc51d5
[pim-debug] sig: device_type=pim phase=decode step=100 (count_hint=1)
[pim-debug] ops_repr: V:0,SV:0,O:1,FFN_W1:0,SwiGLU:0
[pim-debug] cfg: shard_policy='fine' shards=2 dim=4096 ffn_dim=11008 n_heads=32 n_kv_heads=auto->n_heads
[pim-debug] pim_config=/lustre/home/2501111916/workspace/XPUPIM_0226_gpupim_parameter/TriForm/algorithms/aim_simulator/PIM_AiM.json
[pim-debug] ramulator_config=/lustre/home/2501111916/workspace/XPUPIM_0226_gpupim_parameter/TriForm/algorithms/aim_simulator/example.yaml
[pim-debug] cost_model config.PIM_FREQ_GHZ=1.0
[pim-debug] op plan (logical shapes inferred from schedule cfg):
  - op#00  op=V        shard=0   x=[1x4096] + w=[2048x4096]  ->  y=[1x2048]  (T=1, K=1316)
  - op#01  op=SV       shard=0   p=[16x1x1316] + v=[16x1316x128]  ->  y=[16x1x128]  (T=1, K=1316)
  - op#02  op=O        shard=1   x=[1x2048] + w=[4096x2048]  ->  y=[1x4096]  (T=1, K=1316)
  - op#03  op=FFN_W1   shard=0   x=[1x4096] + w=[5504x4096]  ->  y=[1x5504]  (T=1, K=1316)
  - op#04  op=SwiGLU   shard=0   a=[1x5504] + b=[1x5504]  ->  y=[1x5504]  (T=1, K=1316)
[pim-debug] NOTE: CENT(AiM) trace backend internally uses x shape (1,1,dim) and handles prefill by repeating ops;
           the table below shows the *effective parameters* passed into cost_model_pim_backend for each op.
[pim-debug] op#00 op=V        norm=v_proj     sh=0  dim=4096  heads=16  hd=128 q_dim=2048  kv_heads=16  kv_dim=2048  o_dim=2048  ffn_dim=5504   seqlen=1316   qlen=1   cache=N lat=    0.004ms cycles≈4428
[pim-debug] op#01 op=SV       norm=output     sh=0  dim=4096  heads=16  hd=128 q_dim=2048  kv_heads=16  kv_dim=2048  o_dim=2048  ffn_dim=5504   seqlen=1316   qlen=1   cache=N lat=    0.004ms cycles≈4022
[pim-debug] op#02 op=O        norm=wo_proj    sh=1  dim=4096  heads=16  hd=128 q_dim=2048  kv_heads=16  kv_dim=2048  o_dim=2048  ffn_dim=5504   seqlen=1316   qlen=1   cache=N lat=    0.004ms cycles≈4062
[pim-debug] op#03 op=FFN_W1   norm=ffn_gate   sh=0  dim=4096  heads=16  hd=128 q_dim=2048  kv_heads=16  kv_dim=2048  o_dim=2048  ffn_dim=5504   seqlen=1316   qlen=1   cache=N lat=    0.012ms cycles≈11708
[pim-debug] op#04 op=SwiGLU   norm=silu       sh=0  dim=4096  heads=16  hd=128 q_dim=2048  kv_heads=16  kv_dim=2048  o_dim=2048  ffn_dim=5504   seqlen=1316   qlen=1   cache=N lat=    0.001ms cycles≈503
[pim-debug] segment total latency: 0.025 ms
========================================================================================
[pim-debug] segment_key=pim|decode|101|18ae37754a97d1f42b25b2cff77caf3f
[pim-debug] sig: device_type=pim phase=decode step=101 (count_hint=32)
[pim-debug] ops_repr: V:1,SV:1,LN:-1,FFN_W1:1,FFN_W3:1,SwiGLU:1,FFN_W2:0
[pim-debug] cfg: shard_policy='fine' shards=2 dim=4096 ffn_dim=11008 n_heads=32 n_kv_heads=auto->n_heads
[pim-debug] pim_config=/lustre/home/2501111916/workspace/XPUPIM_0226_gpupim_parameter/TriForm/algorithms/aim_simulator/PIM_AiM.json
[pim-debug] ramulator_config=/lustre/home/2501111916/workspace/XPUPIM_0226_gpupim_parameter/TriForm/algorithms/aim_simulator/example.yaml
[pim-debug] cost_model config.PIM_FREQ_GHZ=1.0
[pim-debug] op plan (logical shapes inferred from schedule cfg):
  - op#00  op=V        shard=1   x=[1x4096] + w=[2048x4096]  ->  y=[1x2048]  (T=1, K=1328)
  - op#01  op=SV       shard=1   p=[16x1x1328] + v=[16x1328x128]  ->  y=[16x1x128]  (T=1, K=1328)
  - op#02  op=LN       shard=-1  x=[1x4096] + w=[4096]  ->  y=[1x4096]  (T=1, K=1328)
  - op#03  op=FFN_W1   shard=1   x=[1x4096] + w=[5504x4096]  ->  y=[1x5504]  (T=1, K=1328)
  - op#04  op=FFN_W3   shard=1   x=[1x4096] + w=[5504x4096]  ->  y=[1x5504]  (T=1, K=1328)
  - op#05  op=SwiGLU   shard=1   a=[1x5504] + b=[1x5504]  ->  y=[1x5504]  (T=1, K=1328)
  - op#06  op=FFN_W2   shard=0   x=[1x5504] + w=[4096x5504]  ->  y=[1x4096]  (T=1, K=1328)
[pim-debug] NOTE: CENT(AiM) trace backend internally uses x shape (1,1,dim) and handles prefill by repeating ops;
           the table below shows the *effective parameters* passed into cost_model_pim_backend for each op.
[pim-debug] op#00 op=V        norm=v_proj     sh=1  dim=4096  heads=16  hd=128 q_dim=2048  kv_heads=16  kv_dim=2048  o_dim=2048  ffn_dim=5504   seqlen=1328   qlen=1   cache=N lat=    0.004ms cycles≈4428
[pim-debug] op#01 op=SV       norm=output     sh=1  dim=4096  heads=16  hd=128 q_dim=2048  kv_heads=16  kv_dim=2048  o_dim=2048  ffn_dim=5504   seqlen=1328   qlen=1   cache=N lat=    0.004ms cycles≈4022
[pim-debug] op#02 op=LN       norm=rmsnorm    sh=-1 dim=4096  heads=32  hd=128 q_dim=4096  kv_heads=32  kv_dim=4096  o_dim=4096  ffn_dim=11008  seqlen=1328   qlen=1   cache=N lat=    0.001ms cycles≈1314
[pim-debug] op#03 op=FFN_W1   norm=ffn_gate   sh=1  dim=4096  heads=16  hd=128 q_dim=2048  kv_heads=16  kv_dim=2048  o_dim=2048  ffn_dim=5504   seqlen=1328   qlen=1   cache=N lat=    0.012ms cycles≈11708
[pim-debug] op#04 op=FFN_W3   norm=ffn_up     sh=1  dim=4096  heads=16  hd=128 q_dim=2048  kv_heads=16  kv_dim=2048  o_dim=2048  ffn_dim=5504   seqlen=1328   qlen=1   cache=N lat=    0.011ms cycles≈10896
[pim-debug] op#05 op=SwiGLU   norm=silu       sh=1  dim=4096  heads=16  hd=128 q_dim=2048  kv_heads=16  kv_dim=2048  o_dim=2048  ffn_dim=5504   seqlen=1328   qlen=1   cache=N lat=    0.001ms cycles≈503
[pim-debug] op#06 op=FFN_W2   norm=ffn_down   sh=0  dim=4096  heads=16  hd=128 q_dim=2048  kv_heads=16  kv_dim=2048  o_dim=2048  ffn_dim=5504   seqlen=1328   qlen=1   cache=N lat=    0.011ms cycles≈11466
[pim-debug] segment total latency: 0.044 ms
========================================================================================
[pim-debug] segment_key=pim|decode|101|fa8b04eaba988353d76eadc6a01ae0d4
[pim-debug] sig: device_type=pim phase=decode step=101 (count_hint=31)
[pim-debug] ops_repr: LN:-1,V:0,SV:0,O:1,FFN_W1:0,SwiGLU:0
[pim-debug] cfg: shard_policy='fine' shards=2 dim=4096 ffn_dim=11008 n_heads=32 n_kv_heads=auto->n_heads
[pim-debug] pim_config=/lustre/home/2501111916/workspace/XPUPIM_0226_gpupim_parameter/TriForm/algorithms/aim_simulator/PIM_AiM.json
[pim-debug] ramulator_config=/lustre/home/2501111916/workspace/XPUPIM_0226_gpupim_parameter/TriForm/algorithms/aim_simulator/example.yaml
[pim-debug] cost_model config.PIM_FREQ_GHZ=1.0
[pim-debug] op plan (logical shapes inferred from schedule cfg):
  - op#00  op=LN       shard=-1  x=[1x4096] + w=[4096]  ->  y=[1x4096]  (T=1, K=1328)
  - op#01  op=V        shard=0   x=[1x4096] + w=[2048x4096]  ->  y=[1x2048]  (T=1, K=1328)
  - op#02  op=SV       shard=0   p=[16x1x1328] + v=[16x1328x128]  ->  y=[16x1x128]  (T=1, K=1328)
  - op#03  op=O        shard=1   x=[1x2048] + w=[4096x2048]  ->  y=[1x4096]  (T=1, K=1328)
  - op#04  op=FFN_W1   shard=0   x=[1x4096] + w=[5504x4096]  ->  y=[1x5504]  (T=1, K=1328)
  - op#05  op=SwiGLU   shard=0   a=[1x5504] + b=[1x5504]  ->  y=[1x5504]  (T=1, K=1328)
[pim-debug] NOTE: CENT(AiM) trace backend internally uses x shape (1,1,dim) and handles prefill by repeating ops;
           the table below shows the *effective parameters* passed into cost_model_pim_backend for each op.
[pim-debug] op#00 op=LN       norm=rmsnorm    sh=-1 dim=4096  heads=32  hd=128 q_dim=4096  kv_heads=32  kv_dim=4096  o_dim=4096  ffn_dim=11008  seqlen=1328   qlen=1   cache=N lat=    0.001ms cycles≈1314
[pim-debug] op#01 op=V        norm=v_proj     sh=0  dim=4096  heads=16  hd=128 q_dim=2048  kv_heads=16  kv_dim=2048  o_dim=2048  ffn_dim=5504   seqlen=1328   qlen=1   cache=N lat=    0.004ms cycles≈4428
[pim-debug] op#02 op=SV       norm=output     sh=0  dim=4096  heads=16  hd=128 q_dim=2048  kv_heads=16  kv_dim=2048  o_dim=2048  ffn_dim=5504   seqlen=1328   qlen=1   cache=N lat=    0.004ms cycles≈4022
[pim-debug] op#03 op=O        norm=wo_proj    sh=1  dim=4096  heads=16  hd=128 q_dim=2048  kv_heads=16  kv_dim=2048  o_dim=2048  ffn_dim=5504   seqlen=1328   qlen=1   cache=N lat=    0.004ms cycles≈4062
[pim-debug] op#04 op=FFN_W1   norm=ffn_gate   sh=0  dim=4096  heads=16  hd=128 q_dim=2048  kv_heads=16  kv_dim=2048  o_dim=2048  ffn_dim=5504   seqlen=1328   qlen=1   cache=N lat=    0.012ms cycles≈11708
[pim-debug] op#05 op=SwiGLU   norm=silu       sh=0  dim=4096  heads=16  hd=128 q_dim=2048  kv_heads=16  kv_dim=2048  o_dim=2048  ffn_dim=5504   seqlen=1328   qlen=1   cache=N lat=    0.001ms cycles≈503
[pim-debug] segment total latency: 0.026 ms
========================================================================================
[pim-debug] segment_key=pim|decode|101|fdf6362e664a0dcb3b710140facc51d5
[pim-debug] sig: device_type=pim phase=decode step=101 (count_hint=1)
[pim-debug] ops_repr: V:0,SV:0,O:1,FFN_W1:0,SwiGLU:0
[pim-debug] cfg: shard_policy='fine' shards=2 dim=4096 ffn_dim=11008 n_heads=32 n_kv_heads=auto->n_heads
[pim-debug] pim_config=/lustre/home/2501111916/workspace/XPUPIM_0226_gpupim_parameter/TriForm/algorithms/aim_simulator/PIM_AiM.json
[pim-debug] ramulator_config=/lustre/home/2501111916/workspace/XPUPIM_0226_gpupim_parameter/TriForm/algorithms/aim_simulator/example.yaml
[pim-debug] cost_model config.PIM_FREQ_GHZ=1.0
[pim-debug] op plan (logical shapes inferred from schedule cfg):
  - op#00  op=V        shard=0   x=[1x4096] + w=[2048x4096]  ->  y=[1x2048]  (T=1, K=1328)
  - op#01  op=SV       shard=0   p=[16x1x1328] + v=[16x1328x128]  ->  y=[16x1x128]  (T=1, K=1328)
  - op#02  op=O        shard=1   x=[1x2048] + w=[4096x2048]  ->  y=[1x4096]  (T=1, K=1328)
  - op#03  op=FFN_W1   shard=0   x=[1x4096] + w=[5504x4096]  ->  y=[1x5504]  (T=1, K=1328)
  - op#04  op=SwiGLU   shard=0   a=[1x5504] + b=[1x5504]  ->  y=[1x5504]  (T=1, K=1328)
[pim-debug] NOTE: CENT(AiM) trace backend internally uses x shape (1,1,dim) and handles prefill by repeating ops;
           the table below shows the *effective parameters* passed into cost_model_pim_backend for each op.
[pim-debug] op#00 op=V        norm=v_proj     sh=0  dim=4096  heads=16  hd=128 q_dim=2048  kv_heads=16  kv_dim=2048  o_dim=2048  ffn_dim=5504   seqlen=1328   qlen=1   cache=N lat=    0.004ms cycles≈4428
[pim-debug] op#01 op=SV       norm=output     sh=0  dim=4096  heads=16  hd=128 q_dim=2048  kv_heads=16  kv_dim=2048  o_dim=2048  ffn_dim=5504   seqlen=1328   qlen=1   cache=N lat=    0.004ms cycles≈4022
[pim-debug] op#02 op=O        norm=wo_proj    sh=1  dim=4096  heads=16  hd=128 q_dim=2048  kv_heads=16  kv_dim=2048  o_dim=2048  ffn_dim=5504   seqlen=1328   qlen=1   cache=N lat=    0.004ms cycles≈4062
[pim-debug] op#03 op=FFN_W1   norm=ffn_gate   sh=0  dim=4096  heads=16  hd=128 q_dim=2048  kv_heads=16  kv_dim=2048  o_dim=2048  ffn_dim=5504   seqlen=1328   qlen=1   cache=N lat=    0.012ms cycles≈11708
[pim-debug] op#04 op=SwiGLU   norm=silu       sh=0  dim=4096  heads=16  hd=128 q_dim=2048  kv_heads=16  kv_dim=2048  o_dim=2048  ffn_dim=5504   seqlen=1328   qlen=1   cache=N lat=    0.001ms cycles≈503
[pim-debug] segment total latency: 0.025 ms
========================================================================================
[pim-debug] segment_key=pim|decode|102|18ae37754a97d1f42b25b2cff77caf3f
[pim-debug] sig: device_type=pim phase=decode step=102 (count_hint=32)
[pim-debug] ops_repr: V:1,SV:1,LN:-1,FFN_W1:1,FFN_W3:1,SwiGLU:1,FFN_W2:0
[pim-debug] cfg: shard_policy='fine' shards=2 dim=4096 ffn_dim=11008 n_heads=32 n_kv_heads=auto->n_heads
[pim-debug] pim_config=/lustre/home/2501111916/workspace/XPUPIM_0226_gpupim_parameter/TriForm/algorithms/aim_simulator/PIM_AiM.json
[pim-debug] ramulator_config=/lustre/home/2501111916/workspace/XPUPIM_0226_gpupim_parameter/TriForm/algorithms/aim_simulator/example.yaml
[pim-debug] cost_model config.PIM_FREQ_GHZ=1.0
[pim-debug] op plan (logical shapes inferred from schedule cfg):
  - op#00  op=V        shard=1   x=[1x4096] + w=[2048x4096]  ->  y=[1x2048]  (T=1, K=1340)
  - op#01  op=SV       shard=1   p=[16x1x1340] + v=[16x1340x128]  ->  y=[16x1x128]  (T=1, K=1340)
  - op#02  op=LN       shard=-1  x=[1x4096] + w=[4096]  ->  y=[1x4096]  (T=1, K=1340)
  - op#03  op=FFN_W1   shard=1   x=[1x4096] + w=[5504x4096]  ->  y=[1x5504]  (T=1, K=1340)
  - op#04  op=FFN_W3   shard=1   x=[1x4096] + w=[5504x4096]  ->  y=[1x5504]  (T=1, K=1340)
  - op#05  op=SwiGLU   shard=1   a=[1x5504] + b=[1x5504]  ->  y=[1x5504]  (T=1, K=1340)
  - op#06  op=FFN_W2   shard=0   x=[1x5504] + w=[4096x5504]  ->  y=[1x4096]  (T=1, K=1340)
[pim-debug] NOTE: CENT(AiM) trace backend internally uses x shape (1,1,dim) and handles prefill by repeating ops;
           the table below shows the *effective parameters* passed into cost_model_pim_backend for each op.
[pim-debug] op#00 op=V        norm=v_proj     sh=1  dim=4096  heads=16  hd=128 q_dim=2048  kv_heads=16  kv_dim=2048  o_dim=2048  ffn_dim=5504   seqlen=1340   qlen=1   cache=N lat=    0.004ms cycles≈4428
[pim-debug] op#01 op=SV       norm=output     sh=1  dim=4096  heads=16  hd=128 q_dim=2048  kv_heads=16  kv_dim=2048  o_dim=2048  ffn_dim=5504   seqlen=1340   qlen=1   cache=N lat=    0.004ms cycles≈4040
[pim-debug] op#02 op=LN       norm=rmsnorm    sh=-1 dim=4096  heads=32  hd=128 q_dim=4096  kv_heads=32  kv_dim=4096  o_dim=4096  ffn_dim=11008  seqlen=1340   qlen=1   cache=N lat=    0.001ms cycles≈1314
[pim-debug] op#03 op=FFN_W1   norm=ffn_gate   sh=1  dim=4096  heads=16  hd=128 q_dim=2048  kv_heads=16  kv_dim=2048  o_dim=2048  ffn_dim=5504   seqlen=1340   qlen=1   cache=N lat=    0.012ms cycles≈11708
[pim-debug] op#04 op=FFN_W3   norm=ffn_up     sh=1  dim=4096  heads=16  hd=128 q_dim=2048  kv_heads=16  kv_dim=2048  o_dim=2048  ffn_dim=5504   seqlen=1340   qlen=1   cache=N lat=    0.011ms cycles≈10896
[pim-debug] op#05 op=SwiGLU   norm=silu       sh=1  dim=4096  heads=16  hd=128 q_dim=2048  kv_heads=16  kv_dim=2048  o_dim=2048  ffn_dim=5504   seqlen=1340   qlen=1   cache=N lat=    0.001ms cycles≈503
[pim-debug] op#06 op=FFN_W2   norm=ffn_down   sh=0  dim=4096  heads=16  hd=128 q_dim=2048  kv_heads=16  kv_dim=2048  o_dim=2048  ffn_dim=5504   seqlen=1340   qlen=1   cache=N lat=    0.011ms cycles≈11466
[pim-debug] segment total latency: 0.044 ms
========================================================================================
[pim-debug] segment_key=pim|decode|102|fa8b04eaba988353d76eadc6a01ae0d4
[pim-debug] sig: device_type=pim phase=decode step=102 (count_hint=31)
[pim-debug] ops_repr: LN:-1,V:0,SV:0,O:1,FFN_W1:0,SwiGLU:0
[pim-debug] cfg: shard_policy='fine' shards=2 dim=4096 ffn_dim=11008 n_heads=32 n_kv_heads=auto->n_heads
[pim-debug] pim_config=/lustre/home/2501111916/workspace/XPUPIM_0226_gpupim_parameter/TriForm/algorithms/aim_simulator/PIM_AiM.json
[pim-debug] ramulator_config=/lustre/home/2501111916/workspace/XPUPIM_0226_gpupim_parameter/TriForm/algorithms/aim_simulator/example.yaml
[pim-debug] cost_model config.PIM_FREQ_GHZ=1.0
[pim-debug] op plan (logical shapes inferred from schedule cfg):
  - op#00  op=LN       shard=-1  x=[1x4096] + w=[4096]  ->  y=[1x4096]  (T=1, K=1340)
  - op#01  op=V        shard=0   x=[1x4096] + w=[2048x4096]  ->  y=[1x2048]  (T=1, K=1340)
  - op#02  op=SV       shard=0   p=[16x1x1340] + v=[16x1340x128]  ->  y=[16x1x128]  (T=1, K=1340)
  - op#03  op=O        shard=1   x=[1x2048] + w=[4096x2048]  ->  y=[1x4096]  (T=1, K=1340)
  - op#04  op=FFN_W1   shard=0   x=[1x4096] + w=[5504x4096]  ->  y=[1x5504]  (T=1, K=1340)
  - op#05  op=SwiGLU   shard=0   a=[1x5504] + b=[1x5504]  ->  y=[1x5504]  (T=1, K=1340)
[pim-debug] NOTE: CENT(AiM) trace backend internally uses x shape (1,1,dim) and handles prefill by repeating ops;
           the table below shows the *effective parameters* passed into cost_model_pim_backend for each op.
[pim-debug] op#00 op=LN       norm=rmsnorm    sh=-1 dim=4096  heads=32  hd=128 q_dim=4096  kv_heads=32  kv_dim=4096  o_dim=4096  ffn_dim=11008  seqlen=1340   qlen=1   cache=N lat=    0.001ms cycles≈1314
[pim-debug] op#01 op=V        norm=v_proj     sh=0  dim=4096  heads=16  hd=128 q_dim=2048  kv_heads=16  kv_dim=2048  o_dim=2048  ffn_dim=5504   seqlen=1340   qlen=1   cache=N lat=    0.004ms cycles≈4428
[pim-debug] op#02 op=SV       norm=output     sh=0  dim=4096  heads=16  hd=128 q_dim=2048  kv_heads=16  kv_dim=2048  o_dim=2048  ffn_dim=5504   seqlen=1340   qlen=1   cache=N lat=    0.004ms cycles≈4040
[pim-debug] op#03 op=O        norm=wo_proj    sh=1  dim=4096  heads=16  hd=128 q_dim=2048  kv_heads=16  kv_dim=2048  o_dim=2048  ffn_dim=5504   seqlen=1340   qlen=1   cache=N lat=    0.004ms cycles≈4062
[pim-debug] op#04 op=FFN_W1   norm=ffn_gate   sh=0  dim=4096  heads=16  hd=128 q_dim=2048  kv_heads=16  kv_dim=2048  o_dim=2048  ffn_dim=5504   seqlen=1340   qlen=1   cache=N lat=    0.012ms cycles≈11708
[pim-debug] op#05 op=SwiGLU   norm=silu       sh=0  dim=4096  heads=16  hd=128 q_dim=2048  kv_heads=16  kv_dim=2048  o_dim=2048  ffn_dim=5504   seqlen=1340   qlen=1   cache=N lat=    0.001ms cycles≈503
[pim-debug] segment total latency: 0.026 ms
========================================================================================
[pim-debug] segment_key=pim|decode|102|fdf6362e664a0dcb3b710140facc51d5
[pim-debug] sig: device_type=pim phase=decode step=102 (count_hint=1)
[pim-debug] ops_repr: V:0,SV:0,O:1,FFN_W1:0,SwiGLU:0
[pim-debug] cfg: shard_policy='fine' shards=2 dim=4096 ffn_dim=11008 n_heads=32 n_kv_heads=auto->n_heads
[pim-debug] pim_config=/lustre/home/2501111916/workspace/XPUPIM_0226_gpupim_parameter/TriForm/algorithms/aim_simulator/PIM_AiM.json
[pim-debug] ramulator_config=/lustre/home/2501111916/workspace/XPUPIM_0226_gpupim_parameter/TriForm/algorithms/aim_simulator/example.yaml
[pim-debug] cost_model config.PIM_FREQ_GHZ=1.0
[pim-debug] op plan (logical shapes inferred from schedule cfg):
  - op#00  op=V        shard=0   x=[1x4096] + w=[2048x4096]  ->  y=[1x2048]  (T=1, K=1340)
  - op#01  op=SV       shard=0   p=[16x1x1340] + v=[16x1340x128]  ->  y=[16x1x128]  (T=1, K=1340)
  - op#02  op=O        shard=1   x=[1x2048] + w=[4096x2048]  ->  y=[1x4096]  (T=1, K=1340)
  - op#03  op=FFN_W1   shard=0   x=[1x4096] + w=[5504x4096]  ->  y=[1x5504]  (T=1, K=1340)
  - op#04  op=SwiGLU   shard=0   a=[1x5504] + b=[1x5504]  ->  y=[1x5504]  (T=1, K=1340)
[pim-debug] NOTE: CENT(AiM) trace backend internally uses x shape (1,1,dim) and handles prefill by repeating ops;
           the table below shows the *effective parameters* passed into cost_model_pim_backend for each op.
[pim-debug] op#00 op=V        norm=v_proj     sh=0  dim=4096  heads=16  hd=128 q_dim=2048  kv_heads=16  kv_dim=2048  o_dim=2048  ffn_dim=5504   seqlen=1340   qlen=1   cache=N lat=    0.004ms cycles≈4428
[pim-debug] op#01 op=SV       norm=output     sh=0  dim=4096  heads=16  hd=128 q_dim=2048  kv_heads=16  kv_dim=2048  o_dim=2048  ffn_dim=5504   seqlen=1340   qlen=1   cache=N lat=    0.004ms cycles≈4040
[pim-debug] op#02 op=O        norm=wo_proj    sh=1  dim=4096  heads=16  hd=128 q_dim=2048  kv_heads=16  kv_dim=2048  o_dim=2048  ffn_dim=5504   seqlen=1340   qlen=1   cache=N lat=    0.004ms cycles≈4062
[pim-debug] op#03 op=FFN_W1   norm=ffn_gate   sh=0  dim=4096  heads=16  hd=128 q_dim=2048  kv_heads=16  kv_dim=2048  o_dim=2048  ffn_dim=5504   seqlen=1340   qlen=1   cache=N lat=    0.012ms cycles≈11708
[pim-debug] op#04 op=SwiGLU   norm=silu       sh=0  dim=4096  heads=16  hd=128 q_dim=2048  kv_heads=16  kv_dim=2048  o_dim=2048  ffn_dim=5504   seqlen=1340   qlen=1   cache=N lat=    0.001ms cycles≈503
[pim-debug] segment total latency: 0.025 ms
========================================================================================
[pim-debug] segment_key=pim|decode|103|18ae37754a97d1f42b25b2cff77caf3f
[pim-debug] sig: device_type=pim phase=decode step=103 (count_hint=32)
[pim-debug] ops_repr: V:1,SV:1,LN:-1,FFN_W1:1,FFN_W3:1,SwiGLU:1,FFN_W2:0
[pim-debug] cfg: shard_policy='fine' shards=2 dim=4096 ffn_dim=11008 n_heads=32 n_kv_heads=auto->n_heads
[pim-debug] pim_config=/lustre/home/2501111916/workspace/XPUPIM_0226_gpupim_parameter/TriForm/algorithms/aim_simulator/PIM_AiM.json
[pim-debug] ramulator_config=/lustre/home/2501111916/workspace/XPUPIM_0226_gpupim_parameter/TriForm/algorithms/aim_simulator/example.yaml
[pim-debug] cost_model config.PIM_FREQ_GHZ=1.0
[pim-debug] op plan (logical shapes inferred from schedule cfg):
  - op#00  op=V        shard=1   x=[1x4096] + w=[2048x4096]  ->  y=[1x2048]  (T=1, K=1352)
  - op#01  op=SV       shard=1   p=[16x1x1352] + v=[16x1352x128]  ->  y=[16x1x128]  (T=1, K=1352)
  - op#02  op=LN       shard=-1  x=[1x4096] + w=[4096]  ->  y=[1x4096]  (T=1, K=1352)
  - op#03  op=FFN_W1   shard=1   x=[1x4096] + w=[5504x4096]  ->  y=[1x5504]  (T=1, K=1352)
  - op#04  op=FFN_W3   shard=1   x=[1x4096] + w=[5504x4096]  ->  y=[1x5504]  (T=1, K=1352)
  - op#05  op=SwiGLU   shard=1   a=[1x5504] + b=[1x5504]  ->  y=[1x5504]  (T=1, K=1352)
  - op#06  op=FFN_W2   shard=0   x=[1x5504] + w=[4096x5504]  ->  y=[1x4096]  (T=1, K=1352)
[pim-debug] NOTE: CENT(AiM) trace backend internally uses x shape (1,1,dim) and handles prefill by repeating ops;
           the table below shows the *effective parameters* passed into cost_model_pim_backend for each op.
[pim-debug] op#00 op=V        norm=v_proj     sh=1  dim=4096  heads=16  hd=128 q_dim=2048  kv_heads=16  kv_dim=2048  o_dim=2048  ffn_dim=5504   seqlen=1352   qlen=1   cache=N lat=    0.004ms cycles≈4428
[pim-debug] op#01 op=SV       norm=output     sh=1  dim=4096  heads=16  hd=128 q_dim=2048  kv_heads=16  kv_dim=2048  o_dim=2048  ffn_dim=5504   seqlen=1352   qlen=1   cache=N lat=    0.004ms cycles≈4058
[pim-debug] op#02 op=LN       norm=rmsnorm    sh=-1 dim=4096  heads=32  hd=128 q_dim=4096  kv_heads=32  kv_dim=4096  o_dim=4096  ffn_dim=11008  seqlen=1352   qlen=1   cache=N lat=    0.001ms cycles≈1314
[pim-debug] op#03 op=FFN_W1   norm=ffn_gate   sh=1  dim=4096  heads=16  hd=128 q_dim=2048  kv_heads=16  kv_dim=2048  o_dim=2048  ffn_dim=5504   seqlen=1352   qlen=1   cache=N lat=    0.012ms cycles≈11708
[pim-debug] op#04 op=FFN_W3   norm=ffn_up     sh=1  dim=4096  heads=16  hd=128 q_dim=2048  kv_heads=16  kv_dim=2048  o_dim=2048  ffn_dim=5504   seqlen=1352   qlen=1   cache=N lat=    0.011ms cycles≈10896
[pim-debug] op#05 op=SwiGLU   norm=silu       sh=1  dim=4096  heads=16  hd=128 q_dim=2048  kv_heads=16  kv_dim=2048  o_dim=2048  ffn_dim=5504   seqlen=1352   qlen=1   cache=N lat=    0.001ms cycles≈503
[pim-debug] op#06 op=FFN_W2   norm=ffn_down   sh=0  dim=4096  heads=16  hd=128 q_dim=2048  kv_heads=16  kv_dim=2048  o_dim=2048  ffn_dim=5504   seqlen=1352   qlen=1   cache=N lat=    0.011ms cycles≈11466
[pim-debug] segment total latency: 0.044 ms
========================================================================================
[pim-debug] segment_key=pim|decode|103|fa8b04eaba988353d76eadc6a01ae0d4
[pim-debug] sig: device_type=pim phase=decode step=103 (count_hint=31)
[pim-debug] ops_repr: LN:-1,V:0,SV:0,O:1,FFN_W1:0,SwiGLU:0
[pim-debug] cfg: shard_policy='fine' shards=2 dim=4096 ffn_dim=11008 n_heads=32 n_kv_heads=auto->n_heads
[pim-debug] pim_config=/lustre/home/2501111916/workspace/XPUPIM_0226_gpupim_parameter/TriForm/algorithms/aim_simulator/PIM_AiM.json
[pim-debug] ramulator_config=/lustre/home/2501111916/workspace/XPUPIM_0226_gpupim_parameter/TriForm/algorithms/aim_simulator/example.yaml
[pim-debug] cost_model config.PIM_FREQ_GHZ=1.0
[pim-debug] op plan (logical shapes inferred from schedule cfg):
  - op#00  op=LN       shard=-1  x=[1x4096] + w=[4096]  ->  y=[1x4096]  (T=1, K=1352)
  - op#01  op=V        shard=0   x=[1x4096] + w=[2048x4096]  ->  y=[1x2048]  (T=1, K=1352)
  - op#02  op=SV       shard=0   p=[16x1x1352] + v=[16x1352x128]  ->  y=[16x1x128]  (T=1, K=1352)
  - op#03  op=O        shard=1   x=[1x2048] + w=[4096x2048]  ->  y=[1x4096]  (T=1, K=1352)
  - op#04  op=FFN_W1   shard=0   x=[1x4096] + w=[5504x4096]  ->  y=[1x5504]  (T=1, K=1352)
  - op#05  op=SwiGLU   shard=0   a=[1x5504] + b=[1x5504]  ->  y=[1x5504]  (T=1, K=1352)
[pim-debug] NOTE: CENT(AiM) trace backend internally uses x shape (1,1,dim) and handles prefill by repeating ops;
           the table below shows the *effective parameters* passed into cost_model_pim_backend for each op.
[pim-debug] op#00 op=LN       norm=rmsnorm    sh=-1 dim=4096  heads=32  hd=128 q_dim=4096  kv_heads=32  kv_dim=4096  o_dim=4096  ffn_dim=11008  seqlen=1352   qlen=1   cache=N lat=    0.001ms cycles≈1314
[pim-debug] op#01 op=V        norm=v_proj     sh=0  dim=4096  heads=16  hd=128 q_dim=2048  kv_heads=16  kv_dim=2048  o_dim=2048  ffn_dim=5504   seqlen=1352   qlen=1   cache=N lat=    0.004ms cycles≈4428
[pim-debug] op#02 op=SV       norm=output     sh=0  dim=4096  heads=16  hd=128 q_dim=2048  kv_heads=16  kv_dim=2048  o_dim=2048  ffn_dim=5504   seqlen=1352   qlen=1   cache=N lat=    0.004ms cycles≈4058
[pim-debug] op#03 op=O        norm=wo_proj    sh=1  dim=4096  heads=16  hd=128 q_dim=2048  kv_heads=16  kv_dim=2048  o_dim=2048  ffn_dim=5504   seqlen=1352   qlen=1   cache=N lat=    0.004ms cycles≈4062
[pim-debug] op#04 op=FFN_W1   norm=ffn_gate   sh=0  dim=4096  heads=16  hd=128 q_dim=2048  kv_heads=16  kv_dim=2048  o_dim=2048  ffn_dim=5504   seqlen=1352   qlen=1   cache=N lat=    0.012ms cycles≈11708
[pim-debug] op#05 op=SwiGLU   norm=silu       sh=0  dim=4096  heads=16  hd=128 q_dim=2048  kv_heads=16  kv_dim=2048  o_dim=2048  ffn_dim=5504   seqlen=1352   qlen=1   cache=N lat=    0.001ms cycles≈503
[pim-debug] segment total latency: 0.026 ms
========================================================================================
[pim-debug] segment_key=pim|decode|103|fdf6362e664a0dcb3b710140facc51d5
[pim-debug] sig: device_type=pim phase=decode step=103 (count_hint=1)
[pim-debug] ops_repr: V:0,SV:0,O:1,FFN_W1:0,SwiGLU:0
[pim-debug] cfg: shard_policy='fine' shards=2 dim=4096 ffn_dim=11008 n_heads=32 n_kv_heads=auto->n_heads
[pim-debug] pim_config=/lustre/home/2501111916/workspace/XPUPIM_0226_gpupim_parameter/TriForm/algorithms/aim_simulator/PIM_AiM.json
[pim-debug] ramulator_config=/lustre/home/2501111916/workspace/XPUPIM_0226_gpupim_parameter/TriForm/algorithms/aim_simulator/example.yaml
[pim-debug] cost_model config.PIM_FREQ_GHZ=1.0
[pim-debug] op plan (logical shapes inferred from schedule cfg):
  - op#00  op=V        shard=0   x=[1x4096] + w=[2048x4096]  ->  y=[1x2048]  (T=1, K=1352)
  - op#01  op=SV       shard=0   p=[16x1x1352] + v=[16x1352x128]  ->  y=[16x1x128]  (T=1, K=1352)
  - op#02  op=O        shard=1   x=[1x2048] + w=[4096x2048]  ->  y=[1x4096]  (T=1, K=1352)
  - op#03  op=FFN_W1   shard=0   x=[1x4096] + w=[5504x4096]  ->  y=[1x5504]  (T=1, K=1352)
  - op#04  op=SwiGLU   shard=0   a=[1x5504] + b=[1x5504]  ->  y=[1x5504]  (T=1, K=1352)
[pim-debug] NOTE: CENT(AiM) trace backend internally uses x shape (1,1,dim) and handles prefill by repeating ops;
           the table below shows the *effective parameters* passed into cost_model_pim_backend for each op.
[pim-debug] op#00 op=V        norm=v_proj     sh=0  dim=4096  heads=16  hd=128 q_dim=2048  kv_heads=16  kv_dim=2048  o_dim=2048  ffn_dim=5504   seqlen=1352   qlen=1   cache=N lat=    0.004ms cycles≈4428
[pim-debug] op#01 op=SV       norm=output     sh=0  dim=4096  heads=16  hd=128 q_dim=2048  kv_heads=16  kv_dim=2048  o_dim=2048  ffn_dim=5504   seqlen=1352   qlen=1   cache=N lat=    0.004ms cycles≈4058
[pim-debug] op#02 op=O        norm=wo_proj    sh=1  dim=4096  heads=16  hd=128 q_dim=2048  kv_heads=16  kv_dim=2048  o_dim=2048  ffn_dim=5504   seqlen=1352   qlen=1   cache=N lat=    0.004ms cycles≈4062
[pim-debug] op#03 op=FFN_W1   norm=ffn_gate   sh=0  dim=4096  heads=16  hd=128 q_dim=2048  kv_heads=16  kv_dim=2048  o_dim=2048  ffn_dim=5504   seqlen=1352   qlen=1   cache=N lat=    0.012ms cycles≈11708
[pim-debug] op#04 op=SwiGLU   norm=silu       sh=0  dim=4096  heads=16  hd=128 q_dim=2048  kv_heads=16  kv_dim=2048  o_dim=2048  ffn_dim=5504   seqlen=1352   qlen=1   cache=N lat=    0.001ms cycles≈503
[pim-debug] segment total latency: 0.025 ms
========================================================================================
[pim-debug] segment_key=pim|decode|104|18ae37754a97d1f42b25b2cff77caf3f
[pim-debug] sig: device_type=pim phase=decode step=104 (count_hint=32)
[pim-debug] ops_repr: V:1,SV:1,LN:-1,FFN_W1:1,FFN_W3:1,SwiGLU:1,FFN_W2:0
[pim-debug] cfg: shard_policy='fine' shards=2 dim=4096 ffn_dim=11008 n_heads=32 n_kv_heads=auto->n_heads
[pim-debug] pim_config=/lustre/home/2501111916/workspace/XPUPIM_0226_gpupim_parameter/TriForm/algorithms/aim_simulator/PIM_AiM.json
[pim-debug] ramulator_config=/lustre/home/2501111916/workspace/XPUPIM_0226_gpupim_parameter/TriForm/algorithms/aim_simulator/example.yaml
[pim-debug] cost_model config.PIM_FREQ_GHZ=1.0
[pim-debug] op plan (logical shapes inferred from schedule cfg):
  - op#00  op=V        shard=1   x=[1x4096] + w=[2048x4096]  ->  y=[1x2048]  (T=1, K=1364)
  - op#01  op=SV       shard=1   p=[16x1x1364] + v=[16x1364x128]  ->  y=[16x1x128]  (T=1, K=1364)
  - op#02  op=LN       shard=-1  x=[1x4096] + w=[4096]  ->  y=[1x4096]  (T=1, K=1364)
  - op#03  op=FFN_W1   shard=1   x=[1x4096] + w=[5504x4096]  ->  y=[1x5504]  (T=1, K=1364)
  - op#04  op=FFN_W3   shard=1   x=[1x4096] + w=[5504x4096]  ->  y=[1x5504]  (T=1, K=1364)
  - op#05  op=SwiGLU   shard=1   a=[1x5504] + b=[1x5504]  ->  y=[1x5504]  (T=1, K=1364)
  - op#06  op=FFN_W2   shard=0   x=[1x5504] + w=[4096x5504]  ->  y=[1x4096]  (T=1, K=1364)
[pim-debug] NOTE: CENT(AiM) trace backend internally uses x shape (1,1,dim) and handles prefill by repeating ops;
           the table below shows the *effective parameters* passed into cost_model_pim_backend for each op.
[pim-debug] op#00 op=V        norm=v_proj     sh=1  dim=4096  heads=16  hd=128 q_dim=2048  kv_heads=16  kv_dim=2048  o_dim=2048  ffn_dim=5504   seqlen=1364   qlen=1   cache=N lat=    0.004ms cycles≈4428
[pim-debug] op#01 op=SV       norm=output     sh=1  dim=4096  heads=16  hd=128 q_dim=2048  kv_heads=16  kv_dim=2048  o_dim=2048  ffn_dim=5504   seqlen=1364   qlen=1   cache=N lat=    0.004ms cycles≈4076
[pim-debug] op#02 op=LN       norm=rmsnorm    sh=-1 dim=4096  heads=32  hd=128 q_dim=4096  kv_heads=32  kv_dim=4096  o_dim=4096  ffn_dim=11008  seqlen=1364   qlen=1   cache=N lat=    0.001ms cycles≈1314
[pim-debug] op#03 op=FFN_W1   norm=ffn_gate   sh=1  dim=4096  heads=16  hd=128 q_dim=2048  kv_heads=16  kv_dim=2048  o_dim=2048  ffn_dim=5504   seqlen=1364   qlen=1   cache=N lat=    0.012ms cycles≈11708
[pim-debug] op#04 op=FFN_W3   norm=ffn_up     sh=1  dim=4096  heads=16  hd=128 q_dim=2048  kv_heads=16  kv_dim=2048  o_dim=2048  ffn_dim=5504   seqlen=1364   qlen=1   cache=N lat=    0.011ms cycles≈10896
[pim-debug] op#05 op=SwiGLU   norm=silu       sh=1  dim=4096  heads=16  hd=128 q_dim=2048  kv_heads=16  kv_dim=2048  o_dim=2048  ffn_dim=5504   seqlen=1364   qlen=1   cache=N lat=    0.001ms cycles≈503
[pim-debug] op#06 op=FFN_W2   norm=ffn_down   sh=0  dim=4096  heads=16  hd=128 q_dim=2048  kv_heads=16  kv_dim=2048  o_dim=2048  ffn_dim=5504   seqlen=1364   qlen=1   cache=N lat=    0.011ms cycles≈11466
[pim-debug] segment total latency: 0.044 ms
========================================================================================
[pim-debug] segment_key=pim|decode|104|fa8b04eaba988353d76eadc6a01ae0d4
[pim-debug] sig: device_type=pim phase=decode step=104 (count_hint=31)
[pim-debug] ops_repr: LN:-1,V:0,SV:0,O:1,FFN_W1:0,SwiGLU:0
[pim-debug] cfg: shard_policy='fine' shards=2 dim=4096 ffn_dim=11008 n_heads=32 n_kv_heads=auto->n_heads
[pim-debug] pim_config=/lustre/home/2501111916/workspace/XPUPIM_0226_gpupim_parameter/TriForm/algorithms/aim_simulator/PIM_AiM.json
[pim-debug] ramulator_config=/lustre/home/2501111916/workspace/XPUPIM_0226_gpupim_parameter/TriForm/algorithms/aim_simulator/example.yaml
[pim-debug] cost_model config.PIM_FREQ_GHZ=1.0
[pim-debug] op plan (logical shapes inferred from schedule cfg):
  - op#00  op=LN       shard=-1  x=[1x4096] + w=[4096]  ->  y=[1x4096]  (T=1, K=1364)
  - op#01  op=V        shard=0   x=[1x4096] + w=[2048x4096]  ->  y=[1x2048]  (T=1, K=1364)
  - op#02  op=SV       shard=0   p=[16x1x1364] + v=[16x1364x128]  ->  y=[16x1x128]  (T=1, K=1364)
  - op#03  op=O        shard=1   x=[1x2048] + w=[4096x2048]  ->  y=[1x4096]  (T=1, K=1364)
  - op#04  op=FFN_W1   shard=0   x=[1x4096] + w=[5504x4096]  ->  y=[1x5504]  (T=1, K=1364)
  - op#05  op=SwiGLU   shard=0   a=[1x5504] + b=[1x5504]  ->  y=[1x5504]  (T=1, K=1364)
[pim-debug] NOTE: CENT(AiM) trace backend internally uses x shape (1,1,dim) and handles prefill by repeating ops;
           the table below shows the *effective parameters* passed into cost_model_pim_backend for each op.
[pim-debug] op#00 op=LN       norm=rmsnorm    sh=-1 dim=4096  heads=32  hd=128 q_dim=4096  kv_heads=32  kv_dim=4096  o_dim=4096  ffn_dim=11008  seqlen=1364   qlen=1   cache=N lat=    0.001ms cycles≈1314
[pim-debug] op#01 op=V        norm=v_proj     sh=0  dim=4096  heads=16  hd=128 q_dim=2048  kv_heads=16  kv_dim=2048  o_dim=2048  ffn_dim=5504   seqlen=1364   qlen=1   cache=N lat=    0.004ms cycles≈4428
[pim-debug] op#02 op=SV       norm=output     sh=0  dim=4096  heads=16  hd=128 q_dim=2048  kv_heads=16  kv_dim=2048  o_dim=2048  ffn_dim=5504   seqlen=1364   qlen=1   cache=N lat=    0.004ms cycles≈4076
[pim-debug] op#03 op=O        norm=wo_proj    sh=1  dim=4096  heads=16  hd=128 q_dim=2048  kv_heads=16  kv_dim=2048  o_dim=2048  ffn_dim=5504   seqlen=1364   qlen=1   cache=N lat=    0.004ms cycles≈4062
[pim-debug] op#04 op=FFN_W1   norm=ffn_gate   sh=0  dim=4096  heads=16  hd=128 q_dim=2048  kv_heads=16  kv_dim=2048  o_dim=2048  ffn_dim=5504   seqlen=1364   qlen=1   cache=N lat=    0.012ms cycles≈11708
[pim-debug] op#05 op=SwiGLU   norm=silu       sh=0  dim=4096  heads=16  hd=128 q_dim=2048  kv_heads=16  kv_dim=2048  o_dim=2048  ffn_dim=5504   seqlen=1364   qlen=1   cache=N lat=    0.001ms cycles≈503
[pim-debug] segment total latency: 0.026 ms
========================================================================================
[pim-debug] segment_key=pim|decode|104|fdf6362e664a0dcb3b710140facc51d5
[pim-debug] sig: device_type=pim phase=decode step=104 (count_hint=1)
[pim-debug] ops_repr: V:0,SV:0,O:1,FFN_W1:0,SwiGLU:0
[pim-debug] cfg: shard_policy='fine' shards=2 dim=4096 ffn_dim=11008 n_heads=32 n_kv_heads=auto->n_heads
[pim-debug] pim_config=/lustre/home/2501111916/workspace/XPUPIM_0226_gpupim_parameter/TriForm/algorithms/aim_simulator/PIM_AiM.json
[pim-debug] ramulator_config=/lustre/home/2501111916/workspace/XPUPIM_0226_gpupim_parameter/TriForm/algorithms/aim_simulator/example.yaml
[pim-debug] cost_model config.PIM_FREQ_GHZ=1.0
[pim-debug] op plan (logical shapes inferred from schedule cfg):
  - op#00  op=V        shard=0   x=[1x4096] + w=[2048x4096]  ->  y=[1x2048]  (T=1, K=1364)
  - op#01  op=SV       shard=0   p=[16x1x1364] + v=[16x1364x128]  ->  y=[16x1x128]  (T=1, K=1364)
  - op#02  op=O        shard=1   x=[1x2048] + w=[4096x2048]  ->  y=[1x4096]  (T=1, K=1364)
  - op#03  op=FFN_W1   shard=0   x=[1x4096] + w=[5504x4096]  ->  y=[1x5504]  (T=1, K=1364)
  - op#04  op=SwiGLU   shard=0   a=[1x5504] + b=[1x5504]  ->  y=[1x5504]  (T=1, K=1364)
[pim-debug] NOTE: CENT(AiM) trace backend internally uses x shape (1,1,dim) and handles prefill by repeating ops;
           the table below shows the *effective parameters* passed into cost_model_pim_backend for each op.
[pim-debug] op#00 op=V        norm=v_proj     sh=0  dim=4096  heads=16  hd=128 q_dim=2048  kv_heads=16  kv_dim=2048  o_dim=2048  ffn_dim=5504   seqlen=1364   qlen=1   cache=N lat=    0.004ms cycles≈4428
[pim-debug] op#01 op=SV       norm=output     sh=0  dim=4096  heads=16  hd=128 q_dim=2048  kv_heads=16  kv_dim=2048  o_dim=2048  ffn_dim=5504   seqlen=1364   qlen=1   cache=N lat=    0.004ms cycles≈4076
[pim-debug] op#02 op=O        norm=wo_proj    sh=1  dim=4096  heads=16  hd=128 q_dim=2048  kv_heads=16  kv_dim=2048  o_dim=2048  ffn_dim=5504   seqlen=1364   qlen=1   cache=N lat=    0.004ms cycles≈4062
[pim-debug] op#03 op=FFN_W1   norm=ffn_gate   sh=0  dim=4096  heads=16  hd=128 q_dim=2048  kv_heads=16  kv_dim=2048  o_dim=2048  ffn_dim=5504   seqlen=1364   qlen=1   cache=N lat=    0.012ms cycles≈11708
[pim-debug] op#04 op=SwiGLU   norm=silu       sh=0  dim=4096  heads=16  hd=128 q_dim=2048  kv_heads=16  kv_dim=2048  o_dim=2048  ffn_dim=5504   seqlen=1364   qlen=1   cache=N lat=    0.001ms cycles≈503
[pim-debug] segment total latency: 0.025 ms
========================================================================================
[pim-debug] segment_key=pim|decode|105|18ae37754a97d1f42b25b2cff77caf3f
[pim-debug] sig: device_type=pim phase=decode step=105 (count_hint=32)
[pim-debug] ops_repr: V:1,SV:1,LN:-1,FFN_W1:1,FFN_W3:1,SwiGLU:1,FFN_W2:0
[pim-debug] cfg: shard_policy='fine' shards=2 dim=4096 ffn_dim=11008 n_heads=32 n_kv_heads=auto->n_heads
[pim-debug] pim_config=/lustre/home/2501111916/workspace/XPUPIM_0226_gpupim_parameter/TriForm/algorithms/aim_simulator/PIM_AiM.json
[pim-debug] ramulator_config=/lustre/home/2501111916/workspace/XPUPIM_0226_gpupim_parameter/TriForm/algorithms/aim_simulator/example.yaml
[pim-debug] cost_model config.PIM_FREQ_GHZ=1.0
[pim-debug] op plan (logical shapes inferred from schedule cfg):
  - op#00  op=V        shard=1   x=[1x4096] + w=[2048x4096]  ->  y=[1x2048]  (T=1, K=1376)
  - op#01  op=SV       shard=1   p=[16x1x1376] + v=[16x1376x128]  ->  y=[16x1x128]  (T=1, K=1376)
  - op#02  op=LN       shard=-1  x=[1x4096] + w=[4096]  ->  y=[1x4096]  (T=1, K=1376)
  - op#03  op=FFN_W1   shard=1   x=[1x4096] + w=[5504x4096]  ->  y=[1x5504]  (T=1, K=1376)
  - op#04  op=FFN_W3   shard=1   x=[1x4096] + w=[5504x4096]  ->  y=[1x5504]  (T=1, K=1376)
  - op#05  op=SwiGLU   shard=1   a=[1x5504] + b=[1x5504]  ->  y=[1x5504]  (T=1, K=1376)
  - op#06  op=FFN_W2   shard=0   x=[1x5504] + w=[4096x5504]  ->  y=[1x4096]  (T=1, K=1376)
[pim-debug] NOTE: CENT(AiM) trace backend internally uses x shape (1,1,dim) and handles prefill by repeating ops;
           the table below shows the *effective parameters* passed into cost_model_pim_backend for each op.
[pim-debug] op#00 op=V        norm=v_proj     sh=1  dim=4096  heads=16  hd=128 q_dim=2048  kv_heads=16  kv_dim=2048  o_dim=2048  ffn_dim=5504   seqlen=1376   qlen=1   cache=N lat=    0.004ms cycles≈4428
[pim-debug] op#01 op=SV       norm=output     sh=1  dim=4096  heads=16  hd=128 q_dim=2048  kv_heads=16  kv_dim=2048  o_dim=2048  ffn_dim=5504   seqlen=1376   qlen=1   cache=N lat=    0.004ms cycles≈4076
[pim-debug] op#02 op=LN       norm=rmsnorm    sh=-1 dim=4096  heads=32  hd=128 q_dim=4096  kv_heads=32  kv_dim=4096  o_dim=4096  ffn_dim=11008  seqlen=1376   qlen=1   cache=N lat=    0.001ms cycles≈1314
[pim-debug] op#03 op=FFN_W1   norm=ffn_gate   sh=1  dim=4096  heads=16  hd=128 q_dim=2048  kv_heads=16  kv_dim=2048  o_dim=2048  ffn_dim=5504   seqlen=1376   qlen=1   cache=N lat=    0.012ms cycles≈11708
[pim-debug] op#04 op=FFN_W3   norm=ffn_up     sh=1  dim=4096  heads=16  hd=128 q_dim=2048  kv_heads=16  kv_dim=2048  o_dim=2048  ffn_dim=5504   seqlen=1376   qlen=1   cache=N lat=    0.011ms cycles≈10896
[pim-debug] op#05 op=SwiGLU   norm=silu       sh=1  dim=4096  heads=16  hd=128 q_dim=2048  kv_heads=16  kv_dim=2048  o_dim=2048  ffn_dim=5504   seqlen=1376   qlen=1   cache=N lat=    0.001ms cycles≈503
[pim-debug] op#06 op=FFN_W2   norm=ffn_down   sh=0  dim=4096  heads=16  hd=128 q_dim=2048  kv_heads=16  kv_dim=2048  o_dim=2048  ffn_dim=5504   seqlen=1376   qlen=1   cache=N lat=    0.011ms cycles≈11466
[pim-debug] segment total latency: 0.044 ms
========================================================================================
[pim-debug] segment_key=pim|decode|105|fa8b04eaba988353d76eadc6a01ae0d4
[pim-debug] sig: device_type=pim phase=decode step=105 (count_hint=31)
[pim-debug] ops_repr: LN:-1,V:0,SV:0,O:1,FFN_W1:0,SwiGLU:0
[pim-debug] cfg: shard_policy='fine' shards=2 dim=4096 ffn_dim=11008 n_heads=32 n_kv_heads=auto->n_heads
[pim-debug] pim_config=/lustre/home/2501111916/workspace/XPUPIM_0226_gpupim_parameter/TriForm/algorithms/aim_simulator/PIM_AiM.json
[pim-debug] ramulator_config=/lustre/home/2501111916/workspace/XPUPIM_0226_gpupim_parameter/TriForm/algorithms/aim_simulator/example.yaml
[pim-debug] cost_model config.PIM_FREQ_GHZ=1.0
[pim-debug] op plan (logical shapes inferred from schedule cfg):
  - op#00  op=LN       shard=-1  x=[1x4096] + w=[4096]  ->  y=[1x4096]  (T=1, K=1376)
  - op#01  op=V        shard=0   x=[1x4096] + w=[2048x4096]  ->  y=[1x2048]  (T=1, K=1376)
  - op#02  op=SV       shard=0   p=[16x1x1376] + v=[16x1376x128]  ->  y=[16x1x128]  (T=1, K=1376)
  - op#03  op=O        shard=1   x=[1x2048] + w=[4096x2048]  ->  y=[1x4096]  (T=1, K=1376)
  - op#04  op=FFN_W1   shard=0   x=[1x4096] + w=[5504x4096]  ->  y=[1x5504]  (T=1, K=1376)
  - op#05  op=SwiGLU   shard=0   a=[1x5504] + b=[1x5504]  ->  y=[1x5504]  (T=1, K=1376)
[pim-debug] NOTE: CENT(AiM) trace backend internally uses x shape (1,1,dim) and handles prefill by repeating ops;
           the table below shows the *effective parameters* passed into cost_model_pim_backend for each op.
[pim-debug] op#00 op=LN       norm=rmsnorm    sh=-1 dim=4096  heads=32  hd=128 q_dim=4096  kv_heads=32  kv_dim=4096  o_dim=4096  ffn_dim=11008  seqlen=1376   qlen=1   cache=N lat=    0.001ms cycles≈1314
[pim-debug] op#01 op=V        norm=v_proj     sh=0  dim=4096  heads=16  hd=128 q_dim=2048  kv_heads=16  kv_dim=2048  o_dim=2048  ffn_dim=5504   seqlen=1376   qlen=1   cache=N lat=    0.004ms cycles≈4428
[pim-debug] op#02 op=SV       norm=output     sh=0  dim=4096  heads=16  hd=128 q_dim=2048  kv_heads=16  kv_dim=2048  o_dim=2048  ffn_dim=5504   seqlen=1376   qlen=1   cache=N lat=    0.004ms cycles≈4076
[pim-debug] op#03 op=O        norm=wo_proj    sh=1  dim=4096  heads=16  hd=128 q_dim=2048  kv_heads=16  kv_dim=2048  o_dim=2048  ffn_dim=5504   seqlen=1376   qlen=1   cache=N lat=    0.004ms cycles≈4062
[pim-debug] op#04 op=FFN_W1   norm=ffn_gate   sh=0  dim=4096  heads=16  hd=128 q_dim=2048  kv_heads=16  kv_dim=2048  o_dim=2048  ffn_dim=5504   seqlen=1376   qlen=1   cache=N lat=    0.012ms cycles≈11708
[pim-debug] op#05 op=SwiGLU   norm=silu       sh=0  dim=4096  heads=16  hd=128 q_dim=2048  kv_heads=16  kv_dim=2048  o_dim=2048  ffn_dim=5504   seqlen=1376   qlen=1   cache=N lat=    0.001ms cycles≈503
[pim-debug] segment total latency: 0.026 ms
========================================================================================
[pim-debug] segment_key=pim|decode|105|fdf6362e664a0dcb3b710140facc51d5
[pim-debug] sig: device_type=pim phase=decode step=105 (count_hint=1)
[pim-debug] ops_repr: V:0,SV:0,O:1,FFN_W1:0,SwiGLU:0
[pim-debug] cfg: shard_policy='fine' shards=2 dim=4096 ffn_dim=11008 n_heads=32 n_kv_heads=auto->n_heads
[pim-debug] pim_config=/lustre/home/2501111916/workspace/XPUPIM_0226_gpupim_parameter/TriForm/algorithms/aim_simulator/PIM_AiM.json
[pim-debug] ramulator_config=/lustre/home/2501111916/workspace/XPUPIM_0226_gpupim_parameter/TriForm/algorithms/aim_simulator/example.yaml
[pim-debug] cost_model config.PIM_FREQ_GHZ=1.0
[pim-debug] op plan (logical shapes inferred from schedule cfg):
  - op#00  op=V        shard=0   x=[1x4096] + w=[2048x4096]  ->  y=[1x2048]  (T=1, K=1376)
  - op#01  op=SV       shard=0   p=[16x1x1376] + v=[16x1376x128]  ->  y=[16x1x128]  (T=1, K=1376)
  - op#02  op=O        shard=1   x=[1x2048] + w=[4096x2048]  ->  y=[1x4096]  (T=1, K=1376)
  - op#03  op=FFN_W1   shard=0   x=[1x4096] + w=[5504x4096]  ->  y=[1x5504]  (T=1, K=1376)
  - op#04  op=SwiGLU   shard=0   a=[1x5504] + b=[1x5504]  ->  y=[1x5504]  (T=1, K=1376)
[pim-debug] NOTE: CENT(AiM) trace backend internally uses x shape (1,1,dim) and handles prefill by repeating ops;
           the table below shows the *effective parameters* passed into cost_model_pim_backend for each op.
[pim-debug] op#00 op=V        norm=v_proj     sh=0  dim=4096  heads=16  hd=128 q_dim=2048  kv_heads=16  kv_dim=2048  o_dim=2048  ffn_dim=5504   seqlen=1376   qlen=1   cache=N lat=    0.004ms cycles≈4428
[pim-debug] op#01 op=SV       norm=output     sh=0  dim=4096  heads=16  hd=128 q_dim=2048  kv_heads=16  kv_dim=2048  o_dim=2048  ffn_dim=5504   seqlen=1376   qlen=1   cache=N lat=    0.004ms cycles≈4076
[pim-debug] op#02 op=O        norm=wo_proj    sh=1  dim=4096  heads=16  hd=128 q_dim=2048  kv_heads=16  kv_dim=2048  o_dim=2048  ffn_dim=5504   seqlen=1376   qlen=1   cache=N lat=    0.004ms cycles≈4062
[pim-debug] op#03 op=FFN_W1   norm=ffn_gate   sh=0  dim=4096  heads=16  hd=128 q_dim=2048  kv_heads=16  kv_dim=2048  o_dim=2048  ffn_dim=5504   seqlen=1376   qlen=1   cache=N lat=    0.012ms cycles≈11708
[pim-debug] op#04 op=SwiGLU   norm=silu       sh=0  dim=4096  heads=16  hd=128 q_dim=2048  kv_heads=16  kv_dim=2048  o_dim=2048  ffn_dim=5504   seqlen=1376   qlen=1   cache=N lat=    0.001ms cycles≈503
[pim-debug] segment total latency: 0.025 ms
========================================================================================
[pim-debug] segment_key=pim|decode|106|18ae37754a97d1f42b25b2cff77caf3f
[pim-debug] sig: device_type=pim phase=decode step=106 (count_hint=32)
[pim-debug] ops_repr: V:1,SV:1,LN:-1,FFN_W1:1,FFN_W3:1,SwiGLU:1,FFN_W2:0
[pim-debug] cfg: shard_policy='fine' shards=2 dim=4096 ffn_dim=11008 n_heads=32 n_kv_heads=auto->n_heads
[pim-debug] pim_config=/lustre/home/2501111916/workspace/XPUPIM_0226_gpupim_parameter/TriForm/algorithms/aim_simulator/PIM_AiM.json
[pim-debug] ramulator_config=/lustre/home/2501111916/workspace/XPUPIM_0226_gpupim_parameter/TriForm/algorithms/aim_simulator/example.yaml
[pim-debug] cost_model config.PIM_FREQ_GHZ=1.0
[pim-debug] op plan (logical shapes inferred from schedule cfg):
  - op#00  op=V        shard=1   x=[1x4096] + w=[2048x4096]  ->  y=[1x2048]  (T=1, K=1388)
  - op#01  op=SV       shard=1   p=[16x1x1388] + v=[16x1388x128]  ->  y=[16x1x128]  (T=1, K=1388)
  - op#02  op=LN       shard=-1  x=[1x4096] + w=[4096]  ->  y=[1x4096]  (T=1, K=1388)
  - op#03  op=FFN_W1   shard=1   x=[1x4096] + w=[5504x4096]  ->  y=[1x5504]  (T=1, K=1388)
  - op#04  op=FFN_W3   shard=1   x=[1x4096] + w=[5504x4096]  ->  y=[1x5504]  (T=1, K=1388)
  - op#05  op=SwiGLU   shard=1   a=[1x5504] + b=[1x5504]  ->  y=[1x5504]  (T=1, K=1388)
  - op#06  op=FFN_W2   shard=0   x=[1x5504] + w=[4096x5504]  ->  y=[1x4096]  (T=1, K=1388)
[pim-debug] NOTE: CENT(AiM) trace backend internally uses x shape (1,1,dim) and handles prefill by repeating ops;
           the table below shows the *effective parameters* passed into cost_model_pim_backend for each op.
[pim-debug] op#00 op=V        norm=v_proj     sh=1  dim=4096  heads=16  hd=128 q_dim=2048  kv_heads=16  kv_dim=2048  o_dim=2048  ffn_dim=5504   seqlen=1388   qlen=1   cache=N lat=    0.004ms cycles≈4428
[pim-debug] op#01 op=SV       norm=output     sh=1  dim=4096  heads=16  hd=128 q_dim=2048  kv_heads=16  kv_dim=2048  o_dim=2048  ffn_dim=5504   seqlen=1388   qlen=1   cache=N lat=    0.004ms cycles≈4094
[pim-debug] op#02 op=LN       norm=rmsnorm    sh=-1 dim=4096  heads=32  hd=128 q_dim=4096  kv_heads=32  kv_dim=4096  o_dim=4096  ffn_dim=11008  seqlen=1388   qlen=1   cache=N lat=    0.001ms cycles≈1314
[pim-debug] op#03 op=FFN_W1   norm=ffn_gate   sh=1  dim=4096  heads=16  hd=128 q_dim=2048  kv_heads=16  kv_dim=2048  o_dim=2048  ffn_dim=5504   seqlen=1388   qlen=1   cache=N lat=    0.012ms cycles≈11708
[pim-debug] op#04 op=FFN_W3   norm=ffn_up     sh=1  dim=4096  heads=16  hd=128 q_dim=2048  kv_heads=16  kv_dim=2048  o_dim=2048  ffn_dim=5504   seqlen=1388   qlen=1   cache=N lat=    0.011ms cycles≈10896
[pim-debug] op#05 op=SwiGLU   norm=silu       sh=1  dim=4096  heads=16  hd=128 q_dim=2048  kv_heads=16  kv_dim=2048  o_dim=2048  ffn_dim=5504   seqlen=1388   qlen=1   cache=N lat=    0.001ms cycles≈503
[pim-debug] op#06 op=FFN_W2   norm=ffn_down   sh=0  dim=4096  heads=16  hd=128 q_dim=2048  kv_heads=16  kv_dim=2048  o_dim=2048  ffn_dim=5504   seqlen=1388   qlen=1   cache=N lat=    0.011ms cycles≈11466
[pim-debug] segment total latency: 0.044 ms
========================================================================================
[pim-debug] segment_key=pim|decode|106|fa8b04eaba988353d76eadc6a01ae0d4
[pim-debug] sig: device_type=pim phase=decode step=106 (count_hint=31)
[pim-debug] ops_repr: LN:-1,V:0,SV:0,O:1,FFN_W1:0,SwiGLU:0
[pim-debug] cfg: shard_policy='fine' shards=2 dim=4096 ffn_dim=11008 n_heads=32 n_kv_heads=auto->n_heads
[pim-debug] pim_config=/lustre/home/2501111916/workspace/XPUPIM_0226_gpupim_parameter/TriForm/algorithms/aim_simulator/PIM_AiM.json
[pim-debug] ramulator_config=/lustre/home/2501111916/workspace/XPUPIM_0226_gpupim_parameter/TriForm/algorithms/aim_simulator/example.yaml
[pim-debug] cost_model config.PIM_FREQ_GHZ=1.0
[pim-debug] op plan (logical shapes inferred from schedule cfg):
  - op#00  op=LN       shard=-1  x=[1x4096] + w=[4096]  ->  y=[1x4096]  (T=1, K=1388)
  - op#01  op=V        shard=0   x=[1x4096] + w=[2048x4096]  ->  y=[1x2048]  (T=1, K=1388)
  - op#02  op=SV       shard=0   p=[16x1x1388] + v=[16x1388x128]  ->  y=[16x1x128]  (T=1, K=1388)
  - op#03  op=O        shard=1   x=[1x2048] + w=[4096x2048]  ->  y=[1x4096]  (T=1, K=1388)
  - op#04  op=FFN_W1   shard=0   x=[1x4096] + w=[5504x4096]  ->  y=[1x5504]  (T=1, K=1388)
  - op#05  op=SwiGLU   shard=0   a=[1x5504] + b=[1x5504]  ->  y=[1x5504]  (T=1, K=1388)
[pim-debug] NOTE: CENT(AiM) trace backend internally uses x shape (1,1,dim) and handles prefill by repeating ops;
           the table below shows the *effective parameters* passed into cost_model_pim_backend for each op.
[pim-debug] op#00 op=LN       norm=rmsnorm    sh=-1 dim=4096  heads=32  hd=128 q_dim=4096  kv_heads=32  kv_dim=4096  o_dim=4096  ffn_dim=11008  seqlen=1388   qlen=1   cache=N lat=    0.001ms cycles≈1314
[pim-debug] op#01 op=V        norm=v_proj     sh=0  dim=4096  heads=16  hd=128 q_dim=2048  kv_heads=16  kv_dim=2048  o_dim=2048  ffn_dim=5504   seqlen=1388   qlen=1   cache=N lat=    0.004ms cycles≈4428
[pim-debug] op#02 op=SV       norm=output     sh=0  dim=4096  heads=16  hd=128 q_dim=2048  kv_heads=16  kv_dim=2048  o_dim=2048  ffn_dim=5504   seqlen=1388   qlen=1   cache=N lat=    0.004ms cycles≈4094
[pim-debug] op#03 op=O        norm=wo_proj    sh=1  dim=4096  heads=16  hd=128 q_dim=2048  kv_heads=16  kv_dim=2048  o_dim=2048  ffn_dim=5504   seqlen=1388   qlen=1   cache=N lat=    0.004ms cycles≈4062
[pim-debug] op#04 op=FFN_W1   norm=ffn_gate   sh=0  dim=4096  heads=16  hd=128 q_dim=2048  kv_heads=16  kv_dim=2048  o_dim=2048  ffn_dim=5504   seqlen=1388   qlen=1   cache=N lat=    0.012ms cycles≈11708
[pim-debug] op#05 op=SwiGLU   norm=silu       sh=0  dim=4096  heads=16  hd=128 q_dim=2048  kv_heads=16  kv_dim=2048  o_dim=2048  ffn_dim=5504   seqlen=1388   qlen=1   cache=N lat=    0.001ms cycles≈503
[pim-debug] segment total latency: 0.026 ms
========================================================================================
[pim-debug] segment_key=pim|decode|106|fdf6362e664a0dcb3b710140facc51d5
[pim-debug] sig: device_type=pim phase=decode step=106 (count_hint=1)
[pim-debug] ops_repr: V:0,SV:0,O:1,FFN_W1:0,SwiGLU:0
[pim-debug] cfg: shard_policy='fine' shards=2 dim=4096 ffn_dim=11008 n_heads=32 n_kv_heads=auto->n_heads
[pim-debug] pim_config=/lustre/home/2501111916/workspace/XPUPIM_0226_gpupim_parameter/TriForm/algorithms/aim_simulator/PIM_AiM.json
[pim-debug] ramulator_config=/lustre/home/2501111916/workspace/XPUPIM_0226_gpupim_parameter/TriForm/algorithms/aim_simulator/example.yaml
[pim-debug] cost_model config.PIM_FREQ_GHZ=1.0
[pim-debug] op plan (logical shapes inferred from schedule cfg):
  - op#00  op=V        shard=0   x=[1x4096] + w=[2048x4096]  ->  y=[1x2048]  (T=1, K=1388)
  - op#01  op=SV       shard=0   p=[16x1x1388] + v=[16x1388x128]  ->  y=[16x1x128]  (T=1, K=1388)
  - op#02  op=O        shard=1   x=[1x2048] + w=[4096x2048]  ->  y=[1x4096]  (T=1, K=1388)
  - op#03  op=FFN_W1   shard=0   x=[1x4096] + w=[5504x4096]  ->  y=[1x5504]  (T=1, K=1388)
  - op#04  op=SwiGLU   shard=0   a=[1x5504] + b=[1x5504]  ->  y=[1x5504]  (T=1, K=1388)
[pim-debug] NOTE: CENT(AiM) trace backend internally uses x shape (1,1,dim) and handles prefill by repeating ops;
           the table below shows the *effective parameters* passed into cost_model_pim_backend for each op.
[pim-debug] op#00 op=V        norm=v_proj     sh=0  dim=4096  heads=16  hd=128 q_dim=2048  kv_heads=16  kv_dim=2048  o_dim=2048  ffn_dim=5504   seqlen=1388   qlen=1   cache=N lat=    0.004ms cycles≈4428
[pim-debug] op#01 op=SV       norm=output     sh=0  dim=4096  heads=16  hd=128 q_dim=2048  kv_heads=16  kv_dim=2048  o_dim=2048  ffn_dim=5504   seqlen=1388   qlen=1   cache=N lat=    0.004ms cycles≈4094
[pim-debug] op#02 op=O        norm=wo_proj    sh=1  dim=4096  heads=16  hd=128 q_dim=2048  kv_heads=16  kv_dim=2048  o_dim=2048  ffn_dim=5504   seqlen=1388   qlen=1   cache=N lat=    0.004ms cycles≈4062
[pim-debug] op#03 op=FFN_W1   norm=ffn_gate   sh=0  dim=4096  heads=16  hd=128 q_dim=2048  kv_heads=16  kv_dim=2048  o_dim=2048  ffn_dim=5504   seqlen=1388   qlen=1   cache=N lat=    0.012ms cycles≈11708
[pim-debug] op#04 op=SwiGLU   norm=silu       sh=0  dim=4096  heads=16  hd=128 q_dim=2048  kv_heads=16  kv_dim=2048  o_dim=2048  ffn_dim=5504   seqlen=1388   qlen=1   cache=N lat=    0.001ms cycles≈503
[pim-debug] segment total latency: 0.025 ms
========================================================================================
[pim-debug] segment_key=pim|decode|107|18ae37754a97d1f42b25b2cff77caf3f
[pim-debug] sig: device_type=pim phase=decode step=107 (count_hint=32)
[pim-debug] ops_repr: V:1,SV:1,LN:-1,FFN_W1:1,FFN_W3:1,SwiGLU:1,FFN_W2:0
[pim-debug] cfg: shard_policy='fine' shards=2 dim=4096 ffn_dim=11008 n_heads=32 n_kv_heads=auto->n_heads
[pim-debug] pim_config=/lustre/home/2501111916/workspace/XPUPIM_0226_gpupim_parameter/TriForm/algorithms/aim_simulator/PIM_AiM.json
[pim-debug] ramulator_config=/lustre/home/2501111916/workspace/XPUPIM_0226_gpupim_parameter/TriForm/algorithms/aim_simulator/example.yaml
[pim-debug] cost_model config.PIM_FREQ_GHZ=1.0
[pim-debug] op plan (logical shapes inferred from schedule cfg):
  - op#00  op=V        shard=1   x=[1x4096] + w=[2048x4096]  ->  y=[1x2048]  (T=1, K=1400)
  - op#01  op=SV       shard=1   p=[16x1x1400] + v=[16x1400x128]  ->  y=[16x1x128]  (T=1, K=1400)
  - op#02  op=LN       shard=-1  x=[1x4096] + w=[4096]  ->  y=[1x4096]  (T=1, K=1400)
  - op#03  op=FFN_W1   shard=1   x=[1x4096] + w=[5504x4096]  ->  y=[1x5504]  (T=1, K=1400)
  - op#04  op=FFN_W3   shard=1   x=[1x4096] + w=[5504x4096]  ->  y=[1x5504]  (T=1, K=1400)
  - op#05  op=SwiGLU   shard=1   a=[1x5504] + b=[1x5504]  ->  y=[1x5504]  (T=1, K=1400)
  - op#06  op=FFN_W2   shard=0   x=[1x5504] + w=[4096x5504]  ->  y=[1x4096]  (T=1, K=1400)
[pim-debug] NOTE: CENT(AiM) trace backend internally uses x shape (1,1,dim) and handles prefill by repeating ops;
           the table below shows the *effective parameters* passed into cost_model_pim_backend for each op.
[pim-debug] op#00 op=V        norm=v_proj     sh=1  dim=4096  heads=16  hd=128 q_dim=2048  kv_heads=16  kv_dim=2048  o_dim=2048  ffn_dim=5504   seqlen=1400   qlen=1   cache=N lat=    0.004ms cycles≈4428
[pim-debug] op#01 op=SV       norm=output     sh=1  dim=4096  heads=16  hd=128 q_dim=2048  kv_heads=16  kv_dim=2048  o_dim=2048  ffn_dim=5504   seqlen=1400   qlen=1   cache=N lat=    0.004ms cycles≈4112
[pim-debug] op#02 op=LN       norm=rmsnorm    sh=-1 dim=4096  heads=32  hd=128 q_dim=4096  kv_heads=32  kv_dim=4096  o_dim=4096  ffn_dim=11008  seqlen=1400   qlen=1   cache=N lat=    0.001ms cycles≈1314
[pim-debug] op#03 op=FFN_W1   norm=ffn_gate   sh=1  dim=4096  heads=16  hd=128 q_dim=2048  kv_heads=16  kv_dim=2048  o_dim=2048  ffn_dim=5504   seqlen=1400   qlen=1   cache=N lat=    0.012ms cycles≈11708
[pim-debug] op#04 op=FFN_W3   norm=ffn_up     sh=1  dim=4096  heads=16  hd=128 q_dim=2048  kv_heads=16  kv_dim=2048  o_dim=2048  ffn_dim=5504   seqlen=1400   qlen=1   cache=N lat=    0.011ms cycles≈10896
[pim-debug] op#05 op=SwiGLU   norm=silu       sh=1  dim=4096  heads=16  hd=128 q_dim=2048  kv_heads=16  kv_dim=2048  o_dim=2048  ffn_dim=5504   seqlen=1400   qlen=1   cache=N lat=    0.001ms cycles≈503
[pim-debug] op#06 op=FFN_W2   norm=ffn_down   sh=0  dim=4096  heads=16  hd=128 q_dim=2048  kv_heads=16  kv_dim=2048  o_dim=2048  ffn_dim=5504   seqlen=1400   qlen=1   cache=N lat=    0.011ms cycles≈11466
[pim-debug] segment total latency: 0.044 ms
========================================================================================
[pim-debug] segment_key=pim|decode|107|fa8b04eaba988353d76eadc6a01ae0d4
[pim-debug] sig: device_type=pim phase=decode step=107 (count_hint=31)
[pim-debug] ops_repr: LN:-1,V:0,SV:0,O:1,FFN_W1:0,SwiGLU:0
[pim-debug] cfg: shard_policy='fine' shards=2 dim=4096 ffn_dim=11008 n_heads=32 n_kv_heads=auto->n_heads
[pim-debug] pim_config=/lustre/home/2501111916/workspace/XPUPIM_0226_gpupim_parameter/TriForm/algorithms/aim_simulator/PIM_AiM.json
[pim-debug] ramulator_config=/lustre/home/2501111916/workspace/XPUPIM_0226_gpupim_parameter/TriForm/algorithms/aim_simulator/example.yaml
[pim-debug] cost_model config.PIM_FREQ_GHZ=1.0
[pim-debug] op plan (logical shapes inferred from schedule cfg):
  - op#00  op=LN       shard=-1  x=[1x4096] + w=[4096]  ->  y=[1x4096]  (T=1, K=1400)
  - op#01  op=V        shard=0   x=[1x4096] + w=[2048x4096]  ->  y=[1x2048]  (T=1, K=1400)
  - op#02  op=SV       shard=0   p=[16x1x1400] + v=[16x1400x128]  ->  y=[16x1x128]  (T=1, K=1400)
  - op#03  op=O        shard=1   x=[1x2048] + w=[4096x2048]  ->  y=[1x4096]  (T=1, K=1400)
  - op#04  op=FFN_W1   shard=0   x=[1x4096] + w=[5504x4096]  ->  y=[1x5504]  (T=1, K=1400)
  - op#05  op=SwiGLU   shard=0   a=[1x5504] + b=[1x5504]  ->  y=[1x5504]  (T=1, K=1400)
[pim-debug] NOTE: CENT(AiM) trace backend internally uses x shape (1,1,dim) and handles prefill by repeating ops;
           the table below shows the *effective parameters* passed into cost_model_pim_backend for each op.
[pim-debug] op#00 op=LN       norm=rmsnorm    sh=-1 dim=4096  heads=32  hd=128 q_dim=4096  kv_heads=32  kv_dim=4096  o_dim=4096  ffn_dim=11008  seqlen=1400   qlen=1   cache=N lat=    0.001ms cycles≈1314
[pim-debug] op#01 op=V        norm=v_proj     sh=0  dim=4096  heads=16  hd=128 q_dim=2048  kv_heads=16  kv_dim=2048  o_dim=2048  ffn_dim=5504   seqlen=1400   qlen=1   cache=N lat=    0.004ms cycles≈4428
[pim-debug] op#02 op=SV       norm=output     sh=0  dim=4096  heads=16  hd=128 q_dim=2048  kv_heads=16  kv_dim=2048  o_dim=2048  ffn_dim=5504   seqlen=1400   qlen=1   cache=N lat=    0.004ms cycles≈4112
[pim-debug] op#03 op=O        norm=wo_proj    sh=1  dim=4096  heads=16  hd=128 q_dim=2048  kv_heads=16  kv_dim=2048  o_dim=2048  ffn_dim=5504   seqlen=1400   qlen=1   cache=N lat=    0.004ms cycles≈4062
[pim-debug] op#04 op=FFN_W1   norm=ffn_gate   sh=0  dim=4096  heads=16  hd=128 q_dim=2048  kv_heads=16  kv_dim=2048  o_dim=2048  ffn_dim=5504   seqlen=1400   qlen=1   cache=N lat=    0.012ms cycles≈11708
[pim-debug] op#05 op=SwiGLU   norm=silu       sh=0  dim=4096  heads=16  hd=128 q_dim=2048  kv_heads=16  kv_dim=2048  o_dim=2048  ffn_dim=5504   seqlen=1400   qlen=1   cache=N lat=    0.001ms cycles≈503
[pim-debug] segment total latency: 0.026 ms
========================================================================================
[pim-debug] segment_key=pim|decode|107|fdf6362e664a0dcb3b710140facc51d5
[pim-debug] sig: device_type=pim phase=decode step=107 (count_hint=1)
[pim-debug] ops_repr: V:0,SV:0,O:1,FFN_W1:0,SwiGLU:0
[pim-debug] cfg: shard_policy='fine' shards=2 dim=4096 ffn_dim=11008 n_heads=32 n_kv_heads=auto->n_heads
[pim-debug] pim_config=/lustre/home/2501111916/workspace/XPUPIM_0226_gpupim_parameter/TriForm/algorithms/aim_simulator/PIM_AiM.json
[pim-debug] ramulator_config=/lustre/home/2501111916/workspace/XPUPIM_0226_gpupim_parameter/TriForm/algorithms/aim_simulator/example.yaml
[pim-debug] cost_model config.PIM_FREQ_GHZ=1.0
[pim-debug] op plan (logical shapes inferred from schedule cfg):
  - op#00  op=V        shard=0   x=[1x4096] + w=[2048x4096]  ->  y=[1x2048]  (T=1, K=1400)
  - op#01  op=SV       shard=0   p=[16x1x1400] + v=[16x1400x128]  ->  y=[16x1x128]  (T=1, K=1400)
  - op#02  op=O        shard=1   x=[1x2048] + w=[4096x2048]  ->  y=[1x4096]  (T=1, K=1400)
  - op#03  op=FFN_W1   shard=0   x=[1x4096] + w=[5504x4096]  ->  y=[1x5504]  (T=1, K=1400)
  - op#04  op=SwiGLU   shard=0   a=[1x5504] + b=[1x5504]  ->  y=[1x5504]  (T=1, K=1400)
[pim-debug] NOTE: CENT(AiM) trace backend internally uses x shape (1,1,dim) and handles prefill by repeating ops;
           the table below shows the *effective parameters* passed into cost_model_pim_backend for each op.
[pim-debug] op#00 op=V        norm=v_proj     sh=0  dim=4096  heads=16  hd=128 q_dim=2048  kv_heads=16  kv_dim=2048  o_dim=2048  ffn_dim=5504   seqlen=1400   qlen=1   cache=N lat=    0.004ms cycles≈4428
[pim-debug] op#01 op=SV       norm=output     sh=0  dim=4096  heads=16  hd=128 q_dim=2048  kv_heads=16  kv_dim=2048  o_dim=2048  ffn_dim=5504   seqlen=1400   qlen=1   cache=N lat=    0.004ms cycles≈4112
[pim-debug] op#02 op=O        norm=wo_proj    sh=1  dim=4096  heads=16  hd=128 q_dim=2048  kv_heads=16  kv_dim=2048  o_dim=2048  ffn_dim=5504   seqlen=1400   qlen=1   cache=N lat=    0.004ms cycles≈4062
[pim-debug] op#03 op=FFN_W1   norm=ffn_gate   sh=0  dim=4096  heads=16  hd=128 q_dim=2048  kv_heads=16  kv_dim=2048  o_dim=2048  ffn_dim=5504   seqlen=1400   qlen=1   cache=N lat=    0.012ms cycles≈11708
[pim-debug] op#04 op=SwiGLU   norm=silu       sh=0  dim=4096  heads=16  hd=128 q_dim=2048  kv_heads=16  kv_dim=2048  o_dim=2048  ffn_dim=5504   seqlen=1400   qlen=1   cache=N lat=    0.001ms cycles≈503
[pim-debug] segment total latency: 0.025 ms
========================================================================================
[pim-debug] segment_key=pim|decode|108|18ae37754a97d1f42b25b2cff77caf3f
[pim-debug] sig: device_type=pim phase=decode step=108 (count_hint=32)
[pim-debug] ops_repr: V:1,SV:1,LN:-1,FFN_W1:1,FFN_W3:1,SwiGLU:1,FFN_W2:0
[pim-debug] cfg: shard_policy='fine' shards=2 dim=4096 ffn_dim=11008 n_heads=32 n_kv_heads=auto->n_heads
[pim-debug] pim_config=/lustre/home/2501111916/workspace/XPUPIM_0226_gpupim_parameter/TriForm/algorithms/aim_simulator/PIM_AiM.json
[pim-debug] ramulator_config=/lustre/home/2501111916/workspace/XPUPIM_0226_gpupim_parameter/TriForm/algorithms/aim_simulator/example.yaml
[pim-debug] cost_model config.PIM_FREQ_GHZ=1.0
[pim-debug] op plan (logical shapes inferred from schedule cfg):
  - op#00  op=V        shard=1   x=[1x4096] + w=[2048x4096]  ->  y=[1x2048]  (T=1, K=1412)
  - op#01  op=SV       shard=1   p=[16x1x1412] + v=[16x1412x128]  ->  y=[16x1x128]  (T=1, K=1412)
  - op#02  op=LN       shard=-1  x=[1x4096] + w=[4096]  ->  y=[1x4096]  (T=1, K=1412)
  - op#03  op=FFN_W1   shard=1   x=[1x4096] + w=[5504x4096]  ->  y=[1x5504]  (T=1, K=1412)
  - op#04  op=FFN_W3   shard=1   x=[1x4096] + w=[5504x4096]  ->  y=[1x5504]  (T=1, K=1412)
  - op#05  op=SwiGLU   shard=1   a=[1x5504] + b=[1x5504]  ->  y=[1x5504]  (T=1, K=1412)
  - op#06  op=FFN_W2   shard=0   x=[1x5504] + w=[4096x5504]  ->  y=[1x4096]  (T=1, K=1412)
[pim-debug] NOTE: CENT(AiM) trace backend internally uses x shape (1,1,dim) and handles prefill by repeating ops;
           the table below shows the *effective parameters* passed into cost_model_pim_backend for each op.
[pim-debug] op#00 op=V        norm=v_proj     sh=1  dim=4096  heads=16  hd=128 q_dim=2048  kv_heads=16  kv_dim=2048  o_dim=2048  ffn_dim=5504   seqlen=1412   qlen=1   cache=N lat=    0.004ms cycles≈4428
[pim-debug] op#01 op=SV       norm=output     sh=1  dim=4096  heads=16  hd=128 q_dim=2048  kv_heads=16  kv_dim=2048  o_dim=2048  ffn_dim=5504   seqlen=1412   qlen=1   cache=N lat=    0.004ms cycles≈4130
[pim-debug] op#02 op=LN       norm=rmsnorm    sh=-1 dim=4096  heads=32  hd=128 q_dim=4096  kv_heads=32  kv_dim=4096  o_dim=4096  ffn_dim=11008  seqlen=1412   qlen=1   cache=N lat=    0.001ms cycles≈1314
[pim-debug] op#03 op=FFN_W1   norm=ffn_gate   sh=1  dim=4096  heads=16  hd=128 q_dim=2048  kv_heads=16  kv_dim=2048  o_dim=2048  ffn_dim=5504   seqlen=1412   qlen=1   cache=N lat=    0.012ms cycles≈11708
[pim-debug] op#04 op=FFN_W3   norm=ffn_up     sh=1  dim=4096  heads=16  hd=128 q_dim=2048  kv_heads=16  kv_dim=2048  o_dim=2048  ffn_dim=5504   seqlen=1412   qlen=1   cache=N lat=    0.011ms cycles≈10896
[pim-debug] op#05 op=SwiGLU   norm=silu       sh=1  dim=4096  heads=16  hd=128 q_dim=2048  kv_heads=16  kv_dim=2048  o_dim=2048  ffn_dim=5504   seqlen=1412   qlen=1   cache=N lat=    0.001ms cycles≈503
[pim-debug] op#06 op=FFN_W2   norm=ffn_down   sh=0  dim=4096  heads=16  hd=128 q_dim=2048  kv_heads=16  kv_dim=2048  o_dim=2048  ffn_dim=5504   seqlen=1412   qlen=1   cache=N lat=    0.011ms cycles≈11466
[pim-debug] segment total latency: 0.044 ms
========================================================================================
[pim-debug] segment_key=pim|decode|108|fa8b04eaba988353d76eadc6a01ae0d4
[pim-debug] sig: device_type=pim phase=decode step=108 (count_hint=31)
[pim-debug] ops_repr: LN:-1,V:0,SV:0,O:1,FFN_W1:0,SwiGLU:0
[pim-debug] cfg: shard_policy='fine' shards=2 dim=4096 ffn_dim=11008 n_heads=32 n_kv_heads=auto->n_heads
[pim-debug] pim_config=/lustre/home/2501111916/workspace/XPUPIM_0226_gpupim_parameter/TriForm/algorithms/aim_simulator/PIM_AiM.json
[pim-debug] ramulator_config=/lustre/home/2501111916/workspace/XPUPIM_0226_gpupim_parameter/TriForm/algorithms/aim_simulator/example.yaml
[pim-debug] cost_model config.PIM_FREQ_GHZ=1.0
[pim-debug] op plan (logical shapes inferred from schedule cfg):
  - op#00  op=LN       shard=-1  x=[1x4096] + w=[4096]  ->  y=[1x4096]  (T=1, K=1412)
  - op#01  op=V        shard=0   x=[1x4096] + w=[2048x4096]  ->  y=[1x2048]  (T=1, K=1412)
  - op#02  op=SV       shard=0   p=[16x1x1412] + v=[16x1412x128]  ->  y=[16x1x128]  (T=1, K=1412)
  - op#03  op=O        shard=1   x=[1x2048] + w=[4096x2048]  ->  y=[1x4096]  (T=1, K=1412)
  - op#04  op=FFN_W1   shard=0   x=[1x4096] + w=[5504x4096]  ->  y=[1x5504]  (T=1, K=1412)
  - op#05  op=SwiGLU   shard=0   a=[1x5504] + b=[1x5504]  ->  y=[1x5504]  (T=1, K=1412)
[pim-debug] NOTE: CENT(AiM) trace backend internally uses x shape (1,1,dim) and handles prefill by repeating ops;
           the table below shows the *effective parameters* passed into cost_model_pim_backend for each op.
[pim-debug] op#00 op=LN       norm=rmsnorm    sh=-1 dim=4096  heads=32  hd=128 q_dim=4096  kv_heads=32  kv_dim=4096  o_dim=4096  ffn_dim=11008  seqlen=1412   qlen=1   cache=N lat=    0.001ms cycles≈1314
[pim-debug] op#01 op=V        norm=v_proj     sh=0  dim=4096  heads=16  hd=128 q_dim=2048  kv_heads=16  kv_dim=2048  o_dim=2048  ffn_dim=5504   seqlen=1412   qlen=1   cache=N lat=    0.004ms cycles≈4428
[pim-debug] op#02 op=SV       norm=output     sh=0  dim=4096  heads=16  hd=128 q_dim=2048  kv_heads=16  kv_dim=2048  o_dim=2048  ffn_dim=5504   seqlen=1412   qlen=1   cache=N lat=    0.004ms cycles≈4130
[pim-debug] op#03 op=O        norm=wo_proj    sh=1  dim=4096  heads=16  hd=128 q_dim=2048  kv_heads=16  kv_dim=2048  o_dim=2048  ffn_dim=5504   seqlen=1412   qlen=1   cache=N lat=    0.004ms cycles≈4062
[pim-debug] op#04 op=FFN_W1   norm=ffn_gate   sh=0  dim=4096  heads=16  hd=128 q_dim=2048  kv_heads=16  kv_dim=2048  o_dim=2048  ffn_dim=5504   seqlen=1412   qlen=1   cache=N lat=    0.012ms cycles≈11708
[pim-debug] op#05 op=SwiGLU   norm=silu       sh=0  dim=4096  heads=16  hd=128 q_dim=2048  kv_heads=16  kv_dim=2048  o_dim=2048  ffn_dim=5504   seqlen=1412   qlen=1   cache=N lat=    0.001ms cycles≈503
[pim-debug] segment total latency: 0.026 ms
========================================================================================
[pim-debug] segment_key=pim|decode|108|fdf6362e664a0dcb3b710140facc51d5
[pim-debug] sig: device_type=pim phase=decode step=108 (count_hint=1)
[pim-debug] ops_repr: V:0,SV:0,O:1,FFN_W1:0,SwiGLU:0
[pim-debug] cfg: shard_policy='fine' shards=2 dim=4096 ffn_dim=11008 n_heads=32 n_kv_heads=auto->n_heads
[pim-debug] pim_config=/lustre/home/2501111916/workspace/XPUPIM_0226_gpupim_parameter/TriForm/algorithms/aim_simulator/PIM_AiM.json
[pim-debug] ramulator_config=/lustre/home/2501111916/workspace/XPUPIM_0226_gpupim_parameter/TriForm/algorithms/aim_simulator/example.yaml
[pim-debug] cost_model config.PIM_FREQ_GHZ=1.0
[pim-debug] op plan (logical shapes inferred from schedule cfg):
  - op#00  op=V        shard=0   x=[1x4096] + w=[2048x4096]  ->  y=[1x2048]  (T=1, K=1412)
  - op#01  op=SV       shard=0   p=[16x1x1412] + v=[16x1412x128]  ->  y=[16x1x128]  (T=1, K=1412)
  - op#02  op=O        shard=1   x=[1x2048] + w=[4096x2048]  ->  y=[1x4096]  (T=1, K=1412)
  - op#03  op=FFN_W1   shard=0   x=[1x4096] + w=[5504x4096]  ->  y=[1x5504]  (T=1, K=1412)
  - op#04  op=SwiGLU   shard=0   a=[1x5504] + b=[1x5504]  ->  y=[1x5504]  (T=1, K=1412)
[pim-debug] NOTE: CENT(AiM) trace backend internally uses x shape (1,1,dim) and handles prefill by repeating ops;
           the table below shows the *effective parameters* passed into cost_model_pim_backend for each op.
[pim-debug] op#00 op=V        norm=v_proj     sh=0  dim=4096  heads=16  hd=128 q_dim=2048  kv_heads=16  kv_dim=2048  o_dim=2048  ffn_dim=5504   seqlen=1412   qlen=1   cache=N lat=    0.004ms cycles≈4428
[pim-debug] op#01 op=SV       norm=output     sh=0  dim=4096  heads=16  hd=128 q_dim=2048  kv_heads=16  kv_dim=2048  o_dim=2048  ffn_dim=5504   seqlen=1412   qlen=1   cache=N lat=    0.004ms cycles≈4130
[pim-debug] op#02 op=O        norm=wo_proj    sh=1  dim=4096  heads=16  hd=128 q_dim=2048  kv_heads=16  kv_dim=2048  o_dim=2048  ffn_dim=5504   seqlen=1412   qlen=1   cache=N lat=    0.004ms cycles≈4062
[pim-debug] op#03 op=FFN_W1   norm=ffn_gate   sh=0  dim=4096  heads=16  hd=128 q_dim=2048  kv_heads=16  kv_dim=2048  o_dim=2048  ffn_dim=5504   seqlen=1412   qlen=1   cache=N lat=    0.012ms cycles≈11708
[pim-debug] op#04 op=SwiGLU   norm=silu       sh=0  dim=4096  heads=16  hd=128 q_dim=2048  kv_heads=16  kv_dim=2048  o_dim=2048  ffn_dim=5504   seqlen=1412   qlen=1   cache=N lat=    0.001ms cycles≈503
[pim-debug] segment total latency: 0.025 ms
========================================================================================
[pim-debug] segment_key=pim|decode|10|18ae37754a97d1f42b25b2cff77caf3f
[pim-debug] sig: device_type=pim phase=decode step=10 (count_hint=32)
[pim-debug] ops_repr: V:1,SV:1,LN:-1,FFN_W1:1,FFN_W3:1,SwiGLU:1,FFN_W2:0
[pim-debug] cfg: shard_policy='fine' shards=2 dim=4096 ffn_dim=11008 n_heads=32 n_kv_heads=auto->n_heads
[pim-debug] pim_config=/lustre/home/2501111916/workspace/XPUPIM_0226_gpupim_parameter/TriForm/algorithms/aim_simulator/PIM_AiM.json
[pim-debug] ramulator_config=/lustre/home/2501111916/workspace/XPUPIM_0226_gpupim_parameter/TriForm/algorithms/aim_simulator/example.yaml
[pim-debug] cost_model config.PIM_FREQ_GHZ=1.0
[pim-debug] op plan (logical shapes inferred from schedule cfg):
  - op#00  op=V        shard=1   x=[1x4096] + w=[2048x4096]  ->  y=[1x2048]  (T=1, K=236)
  - op#01  op=SV       shard=1   p=[16x1x236] + v=[16x236x128]  ->  y=[16x1x128]  (T=1, K=236)
  - op#02  op=LN       shard=-1  x=[1x4096] + w=[4096]  ->  y=[1x4096]  (T=1, K=236)
  - op#03  op=FFN_W1   shard=1   x=[1x4096] + w=[5504x4096]  ->  y=[1x5504]  (T=1, K=236)
  - op#04  op=FFN_W3   shard=1   x=[1x4096] + w=[5504x4096]  ->  y=[1x5504]  (T=1, K=236)
  - op#05  op=SwiGLU   shard=1   a=[1x5504] + b=[1x5504]  ->  y=[1x5504]  (T=1, K=236)
  - op#06  op=FFN_W2   shard=0   x=[1x5504] + w=[4096x5504]  ->  y=[1x4096]  (T=1, K=236)
[pim-debug] NOTE: CENT(AiM) trace backend internally uses x shape (1,1,dim) and handles prefill by repeating ops;
           the table below shows the *effective parameters* passed into cost_model_pim_backend for each op.
[pim-debug] op#00 op=V        norm=v_proj     sh=1  dim=4096  heads=16  hd=128 q_dim=2048  kv_heads=16  kv_dim=2048  o_dim=2048  ffn_dim=5504   seqlen=236    qlen=1   cache=N lat=    0.004ms cycles≈4428
[pim-debug] op#01 op=SV       norm=output     sh=1  dim=4096  heads=16  hd=128 q_dim=2048  kv_heads=16  kv_dim=2048  o_dim=2048  ffn_dim=5504   seqlen=236    qlen=1   cache=N lat=    0.002ms cycles≈1534
[pim-debug] op#02 op=LN       norm=rmsnorm    sh=-1 dim=4096  heads=32  hd=128 q_dim=4096  kv_heads=32  kv_dim=4096  o_dim=4096  ffn_dim=11008  seqlen=236    qlen=1   cache=N lat=    0.001ms cycles≈1314
[pim-debug] op#03 op=FFN_W1   norm=ffn_gate   sh=1  dim=4096  heads=16  hd=128 q_dim=2048  kv_heads=16  kv_dim=2048  o_dim=2048  ffn_dim=5504   seqlen=236    qlen=1   cache=N lat=    0.012ms cycles≈11708
[pim-debug] op#04 op=FFN_W3   norm=ffn_up     sh=1  dim=4096  heads=16  hd=128 q_dim=2048  kv_heads=16  kv_dim=2048  o_dim=2048  ffn_dim=5504   seqlen=236    qlen=1   cache=N lat=    0.011ms cycles≈10896
[pim-debug] op#05 op=SwiGLU   norm=silu       sh=1  dim=4096  heads=16  hd=128 q_dim=2048  kv_heads=16  kv_dim=2048  o_dim=2048  ffn_dim=5504   seqlen=236    qlen=1   cache=N lat=    0.001ms cycles≈503
[pim-debug] op#06 op=FFN_W2   norm=ffn_down   sh=0  dim=4096  heads=16  hd=128 q_dim=2048  kv_heads=16  kv_dim=2048  o_dim=2048  ffn_dim=5504   seqlen=236    qlen=1   cache=N lat=    0.011ms cycles≈11466
[pim-debug] segment total latency: 0.042 ms
========================================================================================
[pim-debug] segment_key=pim|decode|10|fa8b04eaba988353d76eadc6a01ae0d4
[pim-debug] sig: device_type=pim phase=decode step=10 (count_hint=31)
[pim-debug] ops_repr: LN:-1,V:0,SV:0,O:1,FFN_W1:0,SwiGLU:0
[pim-debug] cfg: shard_policy='fine' shards=2 dim=4096 ffn_dim=11008 n_heads=32 n_kv_heads=auto->n_heads
[pim-debug] pim_config=/lustre/home/2501111916/workspace/XPUPIM_0226_gpupim_parameter/TriForm/algorithms/aim_simulator/PIM_AiM.json
[pim-debug] ramulator_config=/lustre/home/2501111916/workspace/XPUPIM_0226_gpupim_parameter/TriForm/algorithms/aim_simulator/example.yaml
[pim-debug] cost_model config.PIM_FREQ_GHZ=1.0
[pim-debug] op plan (logical shapes inferred from schedule cfg):
  - op#00  op=LN       shard=-1  x=[1x4096] + w=[4096]  ->  y=[1x4096]  (T=1, K=236)
  - op#01  op=V        shard=0   x=[1x4096] + w=[2048x4096]  ->  y=[1x2048]  (T=1, K=236)
  - op#02  op=SV       shard=0   p=[16x1x236] + v=[16x236x128]  ->  y=[16x1x128]  (T=1, K=236)
  - op#03  op=O        shard=1   x=[1x2048] + w=[4096x2048]  ->  y=[1x4096]  (T=1, K=236)
  - op#04  op=FFN_W1   shard=0   x=[1x4096] + w=[5504x4096]  ->  y=[1x5504]  (T=1, K=236)
  - op#05  op=SwiGLU   shard=0   a=[1x5504] + b=[1x5504]  ->  y=[1x5504]  (T=1, K=236)
[pim-debug] NOTE: CENT(AiM) trace backend internally uses x shape (1,1,dim) and handles prefill by repeating ops;
           the table below shows the *effective parameters* passed into cost_model_pim_backend for each op.
[pim-debug] op#00 op=LN       norm=rmsnorm    sh=-1 dim=4096  heads=32  hd=128 q_dim=4096  kv_heads=32  kv_dim=4096  o_dim=4096  ffn_dim=11008  seqlen=236    qlen=1   cache=N lat=    0.001ms cycles≈1314
[pim-debug] op#01 op=V        norm=v_proj     sh=0  dim=4096  heads=16  hd=128 q_dim=2048  kv_heads=16  kv_dim=2048  o_dim=2048  ffn_dim=5504   seqlen=236    qlen=1   cache=N lat=    0.004ms cycles≈4428
[pim-debug] op#02 op=SV       norm=output     sh=0  dim=4096  heads=16  hd=128 q_dim=2048  kv_heads=16  kv_dim=2048  o_dim=2048  ffn_dim=5504   seqlen=236    qlen=1   cache=N lat=    0.002ms cycles≈1534
[pim-debug] op#03 op=O        norm=wo_proj    sh=1  dim=4096  heads=16  hd=128 q_dim=2048  kv_heads=16  kv_dim=2048  o_dim=2048  ffn_dim=5504   seqlen=236    qlen=1   cache=N lat=    0.004ms cycles≈4062
[pim-debug] op#04 op=FFN_W1   norm=ffn_gate   sh=0  dim=4096  heads=16  hd=128 q_dim=2048  kv_heads=16  kv_dim=2048  o_dim=2048  ffn_dim=5504   seqlen=236    qlen=1   cache=N lat=    0.012ms cycles≈11708
[pim-debug] op#05 op=SwiGLU   norm=silu       sh=0  dim=4096  heads=16  hd=128 q_dim=2048  kv_heads=16  kv_dim=2048  o_dim=2048  ffn_dim=5504   seqlen=236    qlen=1   cache=N lat=    0.001ms cycles≈503
[pim-debug] segment total latency: 0.024 ms
========================================================================================
[pim-debug] segment_key=pim|decode|10|fdf6362e664a0dcb3b710140facc51d5
[pim-debug] sig: device_type=pim phase=decode step=10 (count_hint=1)
[pim-debug] ops_repr: V:0,SV:0,O:1,FFN_W1:0,SwiGLU:0
[pim-debug] cfg: shard_policy='fine' shards=2 dim=4096 ffn_dim=11008 n_heads=32 n_kv_heads=auto->n_heads
[pim-debug] pim_config=/lustre/home/2501111916/workspace/XPUPIM_0226_gpupim_parameter/TriForm/algorithms/aim_simulator/PIM_AiM.json
[pim-debug] ramulator_config=/lustre/home/2501111916/workspace/XPUPIM_0226_gpupim_parameter/TriForm/algorithms/aim_simulator/example.yaml
[pim-debug] cost_model config.PIM_FREQ_GHZ=1.0
[pim-debug] op plan (logical shapes inferred from schedule cfg):
  - op#00  op=V        shard=0   x=[1x4096] + w=[2048x4096]  ->  y=[1x2048]  (T=1, K=236)
  - op#01  op=SV       shard=0   p=[16x1x236] + v=[16x236x128]  ->  y=[16x1x128]  (T=1, K=236)
  - op#02  op=O        shard=1   x=[1x2048] + w=[4096x2048]  ->  y=[1x4096]  (T=1, K=236)
  - op#03  op=FFN_W1   shard=0   x=[1x4096] + w=[5504x4096]  ->  y=[1x5504]  (T=1, K=236)
  - op#04  op=SwiGLU   shard=0   a=[1x5504] + b=[1x5504]  ->  y=[1x5504]  (T=1, K=236)
[pim-debug] NOTE: CENT(AiM) trace backend internally uses x shape (1,1,dim) and handles prefill by repeating ops;
           the table below shows the *effective parameters* passed into cost_model_pim_backend for each op.
[pim-debug] op#00 op=V        norm=v_proj     sh=0  dim=4096  heads=16  hd=128 q_dim=2048  kv_heads=16  kv_dim=2048  o_dim=2048  ffn_dim=5504   seqlen=236    qlen=1   cache=N lat=    0.004ms cycles≈4428
[pim-debug] op#01 op=SV       norm=output     sh=0  dim=4096  heads=16  hd=128 q_dim=2048  kv_heads=16  kv_dim=2048  o_dim=2048  ffn_dim=5504   seqlen=236    qlen=1   cache=N lat=    0.002ms cycles≈1534
[pim-debug] op#02 op=O        norm=wo_proj    sh=1  dim=4096  heads=16  hd=128 q_dim=2048  kv_heads=16  kv_dim=2048  o_dim=2048  ffn_dim=5504   seqlen=236    qlen=1   cache=N lat=    0.004ms cycles≈4062
[pim-debug] op#03 op=FFN_W1   norm=ffn_gate   sh=0  dim=4096  heads=16  hd=128 q_dim=2048  kv_heads=16  kv_dim=2048  o_dim=2048  ffn_dim=5504   seqlen=236    qlen=1   cache=N lat=    0.012ms cycles≈11708
[pim-debug] op#04 op=SwiGLU   norm=silu       sh=0  dim=4096  heads=16  hd=128 q_dim=2048  kv_heads=16  kv_dim=2048  o_dim=2048  ffn_dim=5504   seqlen=236    qlen=1   cache=N lat=    0.001ms cycles≈503
[pim-debug] segment total latency: 0.022 ms
========================================================================================
[pim-debug] segment_key=pim|decode|11|18ae37754a97d1f42b25b2cff77caf3f
[pim-debug] sig: device_type=pim phase=decode step=11 (count_hint=32)
[pim-debug] ops_repr: V:1,SV:1,LN:-1,FFN_W1:1,FFN_W3:1,SwiGLU:1,FFN_W2:0
[pim-debug] cfg: shard_policy='fine' shards=2 dim=4096 ffn_dim=11008 n_heads=32 n_kv_heads=auto->n_heads
[pim-debug] pim_config=/lustre/home/2501111916/workspace/XPUPIM_0226_gpupim_parameter/TriForm/algorithms/aim_simulator/PIM_AiM.json
[pim-debug] ramulator_config=/lustre/home/2501111916/workspace/XPUPIM_0226_gpupim_parameter/TriForm/algorithms/aim_simulator/example.yaml
[pim-debug] cost_model config.PIM_FREQ_GHZ=1.0
[pim-debug] op plan (logical shapes inferred from schedule cfg):
  - op#00  op=V        shard=1   x=[1x4096] + w=[2048x4096]  ->  y=[1x2048]  (T=1, K=248)
  - op#01  op=SV       shard=1   p=[16x1x248] + v=[16x248x128]  ->  y=[16x1x128]  (T=1, K=248)
  - op#02  op=LN       shard=-1  x=[1x4096] + w=[4096]  ->  y=[1x4096]  (T=1, K=248)
  - op#03  op=FFN_W1   shard=1   x=[1x4096] + w=[5504x4096]  ->  y=[1x5504]  (T=1, K=248)
  - op#04  op=FFN_W3   shard=1   x=[1x4096] + w=[5504x4096]  ->  y=[1x5504]  (T=1, K=248)
  - op#05  op=SwiGLU   shard=1   a=[1x5504] + b=[1x5504]  ->  y=[1x5504]  (T=1, K=248)
  - op#06  op=FFN_W2   shard=0   x=[1x5504] + w=[4096x5504]  ->  y=[1x4096]  (T=1, K=248)
[pim-debug] NOTE: CENT(AiM) trace backend internally uses x shape (1,1,dim) and handles prefill by repeating ops;
           the table below shows the *effective parameters* passed into cost_model_pim_backend for each op.
[pim-debug] op#00 op=V        norm=v_proj     sh=1  dim=4096  heads=16  hd=128 q_dim=2048  kv_heads=16  kv_dim=2048  o_dim=2048  ffn_dim=5504   seqlen=248    qlen=1   cache=N lat=    0.004ms cycles≈4428
[pim-debug] op#01 op=SV       norm=output     sh=1  dim=4096  heads=16  hd=128 q_dim=2048  kv_heads=16  kv_dim=2048  o_dim=2048  ffn_dim=5504   seqlen=248    qlen=1   cache=N lat=    0.002ms cycles≈1552
[pim-debug] op#02 op=LN       norm=rmsnorm    sh=-1 dim=4096  heads=32  hd=128 q_dim=4096  kv_heads=32  kv_dim=4096  o_dim=4096  ffn_dim=11008  seqlen=248    qlen=1   cache=N lat=    0.001ms cycles≈1314
[pim-debug] op#03 op=FFN_W1   norm=ffn_gate   sh=1  dim=4096  heads=16  hd=128 q_dim=2048  kv_heads=16  kv_dim=2048  o_dim=2048  ffn_dim=5504   seqlen=248    qlen=1   cache=N lat=    0.012ms cycles≈11708
[pim-debug] op#04 op=FFN_W3   norm=ffn_up     sh=1  dim=4096  heads=16  hd=128 q_dim=2048  kv_heads=16  kv_dim=2048  o_dim=2048  ffn_dim=5504   seqlen=248    qlen=1   cache=N lat=    0.011ms cycles≈10896
[pim-debug] op#05 op=SwiGLU   norm=silu       sh=1  dim=4096  heads=16  hd=128 q_dim=2048  kv_heads=16  kv_dim=2048  o_dim=2048  ffn_dim=5504   seqlen=248    qlen=1   cache=N lat=    0.001ms cycles≈503
[pim-debug] op#06 op=FFN_W2   norm=ffn_down   sh=0  dim=4096  heads=16  hd=128 q_dim=2048  kv_heads=16  kv_dim=2048  o_dim=2048  ffn_dim=5504   seqlen=248    qlen=1   cache=N lat=    0.011ms cycles≈11466
[pim-debug] segment total latency: 0.042 ms
========================================================================================
[pim-debug] segment_key=pim|decode|11|fa8b04eaba988353d76eadc6a01ae0d4
[pim-debug] sig: device_type=pim phase=decode step=11 (count_hint=31)
[pim-debug] ops_repr: LN:-1,V:0,SV:0,O:1,FFN_W1:0,SwiGLU:0
[pim-debug] cfg: shard_policy='fine' shards=2 dim=4096 ffn_dim=11008 n_heads=32 n_kv_heads=auto->n_heads
[pim-debug] pim_config=/lustre/home/2501111916/workspace/XPUPIM_0226_gpupim_parameter/TriForm/algorithms/aim_simulator/PIM_AiM.json
[pim-debug] ramulator_config=/lustre/home/2501111916/workspace/XPUPIM_0226_gpupim_parameter/TriForm/algorithms/aim_simulator/example.yaml
[pim-debug] cost_model config.PIM_FREQ_GHZ=1.0
[pim-debug] op plan (logical shapes inferred from schedule cfg):
  - op#00  op=LN       shard=-1  x=[1x4096] + w=[4096]  ->  y=[1x4096]  (T=1, K=248)
  - op#01  op=V        shard=0   x=[1x4096] + w=[2048x4096]  ->  y=[1x2048]  (T=1, K=248)
  - op#02  op=SV       shard=0   p=[16x1x248] + v=[16x248x128]  ->  y=[16x1x128]  (T=1, K=248)
  - op#03  op=O        shard=1   x=[1x2048] + w=[4096x2048]  ->  y=[1x4096]  (T=1, K=248)
  - op#04  op=FFN_W1   shard=0   x=[1x4096] + w=[5504x4096]  ->  y=[1x5504]  (T=1, K=248)
  - op#05  op=SwiGLU   shard=0   a=[1x5504] + b=[1x5504]  ->  y=[1x5504]  (T=1, K=248)
[pim-debug] NOTE: CENT(AiM) trace backend internally uses x shape (1,1,dim) and handles prefill by repeating ops;
           the table below shows the *effective parameters* passed into cost_model_pim_backend for each op.
[pim-debug] op#00 op=LN       norm=rmsnorm    sh=-1 dim=4096  heads=32  hd=128 q_dim=4096  kv_heads=32  kv_dim=4096  o_dim=4096  ffn_dim=11008  seqlen=248    qlen=1   cache=N lat=    0.001ms cycles≈1314
[pim-debug] op#01 op=V        norm=v_proj     sh=0  dim=4096  heads=16  hd=128 q_dim=2048  kv_heads=16  kv_dim=2048  o_dim=2048  ffn_dim=5504   seqlen=248    qlen=1   cache=N lat=    0.004ms cycles≈4428
[pim-debug] op#02 op=SV       norm=output     sh=0  dim=4096  heads=16  hd=128 q_dim=2048  kv_heads=16  kv_dim=2048  o_dim=2048  ffn_dim=5504   seqlen=248    qlen=1   cache=N lat=    0.002ms cycles≈1552
[pim-debug] op#03 op=O        norm=wo_proj    sh=1  dim=4096  heads=16  hd=128 q_dim=2048  kv_heads=16  kv_dim=2048  o_dim=2048  ffn_dim=5504   seqlen=248    qlen=1   cache=N lat=    0.004ms cycles≈4062
[pim-debug] op#04 op=FFN_W1   norm=ffn_gate   sh=0  dim=4096  heads=16  hd=128 q_dim=2048  kv_heads=16  kv_dim=2048  o_dim=2048  ffn_dim=5504   seqlen=248    qlen=1   cache=N lat=    0.012ms cycles≈11708
[pim-debug] op#05 op=SwiGLU   norm=silu       sh=0  dim=4096  heads=16  hd=128 q_dim=2048  kv_heads=16  kv_dim=2048  o_dim=2048  ffn_dim=5504   seqlen=248    qlen=1   cache=N lat=    0.001ms cycles≈503
[pim-debug] segment total latency: 0.024 ms
========================================================================================
[pim-debug] segment_key=pim|decode|11|fdf6362e664a0dcb3b710140facc51d5
[pim-debug] sig: device_type=pim phase=decode step=11 (count_hint=1)
[pim-debug] ops_repr: V:0,SV:0,O:1,FFN_W1:0,SwiGLU:0
[pim-debug] cfg: shard_policy='fine' shards=2 dim=4096 ffn_dim=11008 n_heads=32 n_kv_heads=auto->n_heads
[pim-debug] pim_config=/lustre/home/2501111916/workspace/XPUPIM_0226_gpupim_parameter/TriForm/algorithms/aim_simulator/PIM_AiM.json
[pim-debug] ramulator_config=/lustre/home/2501111916/workspace/XPUPIM_0226_gpupim_parameter/TriForm/algorithms/aim_simulator/example.yaml
[pim-debug] cost_model config.PIM_FREQ_GHZ=1.0
[pim-debug] op plan (logical shapes inferred from schedule cfg):
  - op#00  op=V        shard=0   x=[1x4096] + w=[2048x4096]  ->  y=[1x2048]  (T=1, K=248)
  - op#01  op=SV       shard=0   p=[16x1x248] + v=[16x248x128]  ->  y=[16x1x128]  (T=1, K=248)
  - op#02  op=O        shard=1   x=[1x2048] + w=[4096x2048]  ->  y=[1x4096]  (T=1, K=248)
  - op#03  op=FFN_W1   shard=0   x=[1x4096] + w=[5504x4096]  ->  y=[1x5504]  (T=1, K=248)
  - op#04  op=SwiGLU   shard=0   a=[1x5504] + b=[1x5504]  ->  y=[1x5504]  (T=1, K=248)
[pim-debug] NOTE: CENT(AiM) trace backend internally uses x shape (1,1,dim) and handles prefill by repeating ops;
           the table below shows the *effective parameters* passed into cost_model_pim_backend for each op.
[pim-debug] op#00 op=V        norm=v_proj     sh=0  dim=4096  heads=16  hd=128 q_dim=2048  kv_heads=16  kv_dim=2048  o_dim=2048  ffn_dim=5504   seqlen=248    qlen=1   cache=N lat=    0.004ms cycles≈4428
[pim-debug] op#01 op=SV       norm=output     sh=0  dim=4096  heads=16  hd=128 q_dim=2048  kv_heads=16  kv_dim=2048  o_dim=2048  ffn_dim=5504   seqlen=248    qlen=1   cache=N lat=    0.002ms cycles≈1552
[pim-debug] op#02 op=O        norm=wo_proj    sh=1  dim=4096  heads=16  hd=128 q_dim=2048  kv_heads=16  kv_dim=2048  o_dim=2048  ffn_dim=5504   seqlen=248    qlen=1   cache=N lat=    0.004ms cycles≈4062
[pim-debug] op#03 op=FFN_W1   norm=ffn_gate   sh=0  dim=4096  heads=16  hd=128 q_dim=2048  kv_heads=16  kv_dim=2048  o_dim=2048  ffn_dim=5504   seqlen=248    qlen=1   cache=N lat=    0.012ms cycles≈11708
[pim-debug] op#04 op=SwiGLU   norm=silu       sh=0  dim=4096  heads=16  hd=128 q_dim=2048  kv_heads=16  kv_dim=2048  o_dim=2048  ffn_dim=5504   seqlen=248    qlen=1   cache=N lat=    0.001ms cycles≈503
[pim-debug] segment total latency: 0.022 ms
========================================================================================
[pim-debug] segment_key=pim|decode|12|18ae37754a97d1f42b25b2cff77caf3f
[pim-debug] sig: device_type=pim phase=decode step=12 (count_hint=32)
[pim-debug] ops_repr: V:1,SV:1,LN:-1,FFN_W1:1,FFN_W3:1,SwiGLU:1,FFN_W2:0
[pim-debug] cfg: shard_policy='fine' shards=2 dim=4096 ffn_dim=11008 n_heads=32 n_kv_heads=auto->n_heads
[pim-debug] pim_config=/lustre/home/2501111916/workspace/XPUPIM_0226_gpupim_parameter/TriForm/algorithms/aim_simulator/PIM_AiM.json
[pim-debug] ramulator_config=/lustre/home/2501111916/workspace/XPUPIM_0226_gpupim_parameter/TriForm/algorithms/aim_simulator/example.yaml
[pim-debug] cost_model config.PIM_FREQ_GHZ=1.0
[pim-debug] op plan (logical shapes inferred from schedule cfg):
  - op#00  op=V        shard=1   x=[1x4096] + w=[2048x4096]  ->  y=[1x2048]  (T=1, K=260)
  - op#01  op=SV       shard=1   p=[16x1x260] + v=[16x260x128]  ->  y=[16x1x128]  (T=1, K=260)
  - op#02  op=LN       shard=-1  x=[1x4096] + w=[4096]  ->  y=[1x4096]  (T=1, K=260)
  - op#03  op=FFN_W1   shard=1   x=[1x4096] + w=[5504x4096]  ->  y=[1x5504]  (T=1, K=260)
  - op#04  op=FFN_W3   shard=1   x=[1x4096] + w=[5504x4096]  ->  y=[1x5504]  (T=1, K=260)
  - op#05  op=SwiGLU   shard=1   a=[1x5504] + b=[1x5504]  ->  y=[1x5504]  (T=1, K=260)
  - op#06  op=FFN_W2   shard=0   x=[1x5504] + w=[4096x5504]  ->  y=[1x4096]  (T=1, K=260)
[pim-debug] NOTE: CENT(AiM) trace backend internally uses x shape (1,1,dim) and handles prefill by repeating ops;
           the table below shows the *effective parameters* passed into cost_model_pim_backend for each op.
[pim-debug] op#00 op=V        norm=v_proj     sh=1  dim=4096  heads=16  hd=128 q_dim=2048  kv_heads=16  kv_dim=2048  o_dim=2048  ffn_dim=5504   seqlen=260    qlen=1   cache=N lat=    0.004ms cycles≈4428
[pim-debug] op#01 op=SV       norm=output     sh=1  dim=4096  heads=16  hd=128 q_dim=2048  kv_heads=16  kv_dim=2048  o_dim=2048  ffn_dim=5504   seqlen=260    qlen=1   cache=N lat=    0.002ms cycles≈1570
[pim-debug] op#02 op=LN       norm=rmsnorm    sh=-1 dim=4096  heads=32  hd=128 q_dim=4096  kv_heads=32  kv_dim=4096  o_dim=4096  ffn_dim=11008  seqlen=260    qlen=1   cache=N lat=    0.001ms cycles≈1314
[pim-debug] op#03 op=FFN_W1   norm=ffn_gate   sh=1  dim=4096  heads=16  hd=128 q_dim=2048  kv_heads=16  kv_dim=2048  o_dim=2048  ffn_dim=5504   seqlen=260    qlen=1   cache=N lat=    0.012ms cycles≈11708
[pim-debug] op#04 op=FFN_W3   norm=ffn_up     sh=1  dim=4096  heads=16  hd=128 q_dim=2048  kv_heads=16  kv_dim=2048  o_dim=2048  ffn_dim=5504   seqlen=260    qlen=1   cache=N lat=    0.011ms cycles≈10896
[pim-debug] op#05 op=SwiGLU   norm=silu       sh=1  dim=4096  heads=16  hd=128 q_dim=2048  kv_heads=16  kv_dim=2048  o_dim=2048  ffn_dim=5504   seqlen=260    qlen=1   cache=N lat=    0.001ms cycles≈503
[pim-debug] op#06 op=FFN_W2   norm=ffn_down   sh=0  dim=4096  heads=16  hd=128 q_dim=2048  kv_heads=16  kv_dim=2048  o_dim=2048  ffn_dim=5504   seqlen=260    qlen=1   cache=N lat=    0.011ms cycles≈11466
[pim-debug] segment total latency: 0.042 ms
========================================================================================
[pim-debug] segment_key=pim|decode|12|fa8b04eaba988353d76eadc6a01ae0d4
[pim-debug] sig: device_type=pim phase=decode step=12 (count_hint=31)
[pim-debug] ops_repr: LN:-1,V:0,SV:0,O:1,FFN_W1:0,SwiGLU:0
[pim-debug] cfg: shard_policy='fine' shards=2 dim=4096 ffn_dim=11008 n_heads=32 n_kv_heads=auto->n_heads
[pim-debug] pim_config=/lustre/home/2501111916/workspace/XPUPIM_0226_gpupim_parameter/TriForm/algorithms/aim_simulator/PIM_AiM.json
[pim-debug] ramulator_config=/lustre/home/2501111916/workspace/XPUPIM_0226_gpupim_parameter/TriForm/algorithms/aim_simulator/example.yaml
[pim-debug] cost_model config.PIM_FREQ_GHZ=1.0
[pim-debug] op plan (logical shapes inferred from schedule cfg):
  - op#00  op=LN       shard=-1  x=[1x4096] + w=[4096]  ->  y=[1x4096]  (T=1, K=260)
  - op#01  op=V        shard=0   x=[1x4096] + w=[2048x4096]  ->  y=[1x2048]  (T=1, K=260)
  - op#02  op=SV       shard=0   p=[16x1x260] + v=[16x260x128]  ->  y=[16x1x128]  (T=1, K=260)
  - op#03  op=O        shard=1   x=[1x2048] + w=[4096x2048]  ->  y=[1x4096]  (T=1, K=260)
  - op#04  op=FFN_W1   shard=0   x=[1x4096] + w=[5504x4096]  ->  y=[1x5504]  (T=1, K=260)
  - op#05  op=SwiGLU   shard=0   a=[1x5504] + b=[1x5504]  ->  y=[1x5504]  (T=1, K=260)
[pim-debug] NOTE: CENT(AiM) trace backend internally uses x shape (1,1,dim) and handles prefill by repeating ops;
           the table below shows the *effective parameters* passed into cost_model_pim_backend for each op.
[pim-debug] op#00 op=LN       norm=rmsnorm    sh=-1 dim=4096  heads=32  hd=128 q_dim=4096  kv_heads=32  kv_dim=4096  o_dim=4096  ffn_dim=11008  seqlen=260    qlen=1   cache=N lat=    0.001ms cycles≈1314
[pim-debug] op#01 op=V        norm=v_proj     sh=0  dim=4096  heads=16  hd=128 q_dim=2048  kv_heads=16  kv_dim=2048  o_dim=2048  ffn_dim=5504   seqlen=260    qlen=1   cache=N lat=    0.004ms cycles≈4428
[pim-debug] op#02 op=SV       norm=output     sh=0  dim=4096  heads=16  hd=128 q_dim=2048  kv_heads=16  kv_dim=2048  o_dim=2048  ffn_dim=5504   seqlen=260    qlen=1   cache=N lat=    0.002ms cycles≈1570
[pim-debug] op#03 op=O        norm=wo_proj    sh=1  dim=4096  heads=16  hd=128 q_dim=2048  kv_heads=16  kv_dim=2048  o_dim=2048  ffn_dim=5504   seqlen=260    qlen=1   cache=N lat=    0.004ms cycles≈4062
[pim-debug] op#04 op=FFN_W1   norm=ffn_gate   sh=0  dim=4096  heads=16  hd=128 q_dim=2048  kv_heads=16  kv_dim=2048  o_dim=2048  ffn_dim=5504   seqlen=260    qlen=1   cache=N lat=    0.012ms cycles≈11708
[pim-debug] op#05 op=SwiGLU   norm=silu       sh=0  dim=4096  heads=16  hd=128 q_dim=2048  kv_heads=16  kv_dim=2048  o_dim=2048  ffn_dim=5504   seqlen=260    qlen=1   cache=N lat=    0.001ms cycles≈503
[pim-debug] segment total latency: 0.024 ms
========================================================================================
[pim-debug] segment_key=pim|decode|12|fdf6362e664a0dcb3b710140facc51d5
[pim-debug] sig: device_type=pim phase=decode step=12 (count_hint=1)
[pim-debug] ops_repr: V:0,SV:0,O:1,FFN_W1:0,SwiGLU:0
[pim-debug] cfg: shard_policy='fine' shards=2 dim=4096 ffn_dim=11008 n_heads=32 n_kv_heads=auto->n_heads
[pim-debug] pim_config=/lustre/home/2501111916/workspace/XPUPIM_0226_gpupim_parameter/TriForm/algorithms/aim_simulator/PIM_AiM.json
[pim-debug] ramulator_config=/lustre/home/2501111916/workspace/XPUPIM_0226_gpupim_parameter/TriForm/algorithms/aim_simulator/example.yaml
[pim-debug] cost_model config.PIM_FREQ_GHZ=1.0
[pim-debug] op plan (logical shapes inferred from schedule cfg):
  - op#00  op=V        shard=0   x=[1x4096] + w=[2048x4096]  ->  y=[1x2048]  (T=1, K=260)
  - op#01  op=SV       shard=0   p=[16x1x260] + v=[16x260x128]  ->  y=[16x1x128]  (T=1, K=260)
  - op#02  op=O        shard=1   x=[1x2048] + w=[4096x2048]  ->  y=[1x4096]  (T=1, K=260)
  - op#03  op=FFN_W1   shard=0   x=[1x4096] + w=[5504x4096]  ->  y=[1x5504]  (T=1, K=260)
  - op#04  op=SwiGLU   shard=0   a=[1x5504] + b=[1x5504]  ->  y=[1x5504]  (T=1, K=260)
[pim-debug] NOTE: CENT(AiM) trace backend internally uses x shape (1,1,dim) and handles prefill by repeating ops;
           the table below shows the *effective parameters* passed into cost_model_pim_backend for each op.
[pim-debug] op#00 op=V        norm=v_proj     sh=0  dim=4096  heads=16  hd=128 q_dim=2048  kv_heads=16  kv_dim=2048  o_dim=2048  ffn_dim=5504   seqlen=260    qlen=1   cache=N lat=    0.004ms cycles≈4428
[pim-debug] op#01 op=SV       norm=output     sh=0  dim=4096  heads=16  hd=128 q_dim=2048  kv_heads=16  kv_dim=2048  o_dim=2048  ffn_dim=5504   seqlen=260    qlen=1   cache=N lat=    0.002ms cycles≈1570
[pim-debug] op#02 op=O        norm=wo_proj    sh=1  dim=4096  heads=16  hd=128 q_dim=2048  kv_heads=16  kv_dim=2048  o_dim=2048  ffn_dim=5504   seqlen=260    qlen=1   cache=N lat=    0.004ms cycles≈4062
[pim-debug] op#03 op=FFN_W1   norm=ffn_gate   sh=0  dim=4096  heads=16  hd=128 q_dim=2048  kv_heads=16  kv_dim=2048  o_dim=2048  ffn_dim=5504   seqlen=260    qlen=1   cache=N lat=    0.012ms cycles≈11708
[pim-debug] op#04 op=SwiGLU   norm=silu       sh=0  dim=4096  heads=16  hd=128 q_dim=2048  kv_heads=16  kv_dim=2048  o_dim=2048  ffn_dim=5504   seqlen=260    qlen=1   cache=N lat=    0.001ms cycles≈503
[pim-debug] segment total latency: 0.022 ms
========================================================================================
[pim-debug] segment_key=pim|decode|13|18ae37754a97d1f42b25b2cff77caf3f
[pim-debug] sig: device_type=pim phase=decode step=13 (count_hint=32)
[pim-debug] ops_repr: V:1,SV:1,LN:-1,FFN_W1:1,FFN_W3:1,SwiGLU:1,FFN_W2:0
[pim-debug] cfg: shard_policy='fine' shards=2 dim=4096 ffn_dim=11008 n_heads=32 n_kv_heads=auto->n_heads
[pim-debug] pim_config=/lustre/home/2501111916/workspace/XPUPIM_0226_gpupim_parameter/TriForm/algorithms/aim_simulator/PIM_AiM.json
[pim-debug] ramulator_config=/lustre/home/2501111916/workspace/XPUPIM_0226_gpupim_parameter/TriForm/algorithms/aim_simulator/example.yaml
[pim-debug] cost_model config.PIM_FREQ_GHZ=1.0
[pim-debug] op plan (logical shapes inferred from schedule cfg):
  - op#00  op=V        shard=1   x=[1x4096] + w=[2048x4096]  ->  y=[1x2048]  (T=1, K=272)
  - op#01  op=SV       shard=1   p=[16x1x272] + v=[16x272x128]  ->  y=[16x1x128]  (T=1, K=272)
  - op#02  op=LN       shard=-1  x=[1x4096] + w=[4096]  ->  y=[1x4096]  (T=1, K=272)
  - op#03  op=FFN_W1   shard=1   x=[1x4096] + w=[5504x4096]  ->  y=[1x5504]  (T=1, K=272)
  - op#04  op=FFN_W3   shard=1   x=[1x4096] + w=[5504x4096]  ->  y=[1x5504]  (T=1, K=272)
  - op#05  op=SwiGLU   shard=1   a=[1x5504] + b=[1x5504]  ->  y=[1x5504]  (T=1, K=272)
  - op#06  op=FFN_W2   shard=0   x=[1x5504] + w=[4096x5504]  ->  y=[1x4096]  (T=1, K=272)
[pim-debug] NOTE: CENT(AiM) trace backend internally uses x shape (1,1,dim) and handles prefill by repeating ops;
           the table below shows the *effective parameters* passed into cost_model_pim_backend for each op.
[pim-debug] op#00 op=V        norm=v_proj     sh=1  dim=4096  heads=16  hd=128 q_dim=2048  kv_heads=16  kv_dim=2048  o_dim=2048  ffn_dim=5504   seqlen=272    qlen=1   cache=N lat=    0.004ms cycles≈4428
[pim-debug] op#01 op=SV       norm=output     sh=1  dim=4096  heads=16  hd=128 q_dim=2048  kv_heads=16  kv_dim=2048  o_dim=2048  ffn_dim=5504   seqlen=272    qlen=1   cache=N lat=    0.002ms cycles≈1570
[pim-debug] op#02 op=LN       norm=rmsnorm    sh=-1 dim=4096  heads=32  hd=128 q_dim=4096  kv_heads=32  kv_dim=4096  o_dim=4096  ffn_dim=11008  seqlen=272    qlen=1   cache=N lat=    0.001ms cycles≈1314
[pim-debug] op#03 op=FFN_W1   norm=ffn_gate   sh=1  dim=4096  heads=16  hd=128 q_dim=2048  kv_heads=16  kv_dim=2048  o_dim=2048  ffn_dim=5504   seqlen=272    qlen=1   cache=N lat=    0.012ms cycles≈11708
[pim-debug] op#04 op=FFN_W3   norm=ffn_up     sh=1  dim=4096  heads=16  hd=128 q_dim=2048  kv_heads=16  kv_dim=2048  o_dim=2048  ffn_dim=5504   seqlen=272    qlen=1   cache=N lat=    0.011ms cycles≈10896
[pim-debug] op#05 op=SwiGLU   norm=silu       sh=1  dim=4096  heads=16  hd=128 q_dim=2048  kv_heads=16  kv_dim=2048  o_dim=2048  ffn_dim=5504   seqlen=272    qlen=1   cache=N lat=    0.001ms cycles≈503
[pim-debug] op#06 op=FFN_W2   norm=ffn_down   sh=0  dim=4096  heads=16  hd=128 q_dim=2048  kv_heads=16  kv_dim=2048  o_dim=2048  ffn_dim=5504   seqlen=272    qlen=1   cache=N lat=    0.011ms cycles≈11466
[pim-debug] segment total latency: 0.042 ms
========================================================================================
[pim-debug] segment_key=pim|decode|13|fa8b04eaba988353d76eadc6a01ae0d4
[pim-debug] sig: device_type=pim phase=decode step=13 (count_hint=31)
[pim-debug] ops_repr: LN:-1,V:0,SV:0,O:1,FFN_W1:0,SwiGLU:0
[pim-debug] cfg: shard_policy='fine' shards=2 dim=4096 ffn_dim=11008 n_heads=32 n_kv_heads=auto->n_heads
[pim-debug] pim_config=/lustre/home/2501111916/workspace/XPUPIM_0226_gpupim_parameter/TriForm/algorithms/aim_simulator/PIM_AiM.json
[pim-debug] ramulator_config=/lustre/home/2501111916/workspace/XPUPIM_0226_gpupim_parameter/TriForm/algorithms/aim_simulator/example.yaml
[pim-debug] cost_model config.PIM_FREQ_GHZ=1.0
[pim-debug] op plan (logical shapes inferred from schedule cfg):
  - op#00  op=LN       shard=-1  x=[1x4096] + w=[4096]  ->  y=[1x4096]  (T=1, K=272)
  - op#01  op=V        shard=0   x=[1x4096] + w=[2048x4096]  ->  y=[1x2048]  (T=1, K=272)
  - op#02  op=SV       shard=0   p=[16x1x272] + v=[16x272x128]  ->  y=[16x1x128]  (T=1, K=272)
  - op#03  op=O        shard=1   x=[1x2048] + w=[4096x2048]  ->  y=[1x4096]  (T=1, K=272)
  - op#04  op=FFN_W1   shard=0   x=[1x4096] + w=[5504x4096]  ->  y=[1x5504]  (T=1, K=272)
  - op#05  op=SwiGLU   shard=0   a=[1x5504] + b=[1x5504]  ->  y=[1x5504]  (T=1, K=272)
[pim-debug] NOTE: CENT(AiM) trace backend internally uses x shape (1,1,dim) and handles prefill by repeating ops;
           the table below shows the *effective parameters* passed into cost_model_pim_backend for each op.
[pim-debug] op#00 op=LN       norm=rmsnorm    sh=-1 dim=4096  heads=32  hd=128 q_dim=4096  kv_heads=32  kv_dim=4096  o_dim=4096  ffn_dim=11008  seqlen=272    qlen=1   cache=N lat=    0.001ms cycles≈1314
[pim-debug] op#01 op=V        norm=v_proj     sh=0  dim=4096  heads=16  hd=128 q_dim=2048  kv_heads=16  kv_dim=2048  o_dim=2048  ffn_dim=5504   seqlen=272    qlen=1   cache=N lat=    0.004ms cycles≈4428
[pim-debug] op#02 op=SV       norm=output     sh=0  dim=4096  heads=16  hd=128 q_dim=2048  kv_heads=16  kv_dim=2048  o_dim=2048  ffn_dim=5504   seqlen=272    qlen=1   cache=N lat=    0.002ms cycles≈1570
[pim-debug] op#03 op=O        norm=wo_proj    sh=1  dim=4096  heads=16  hd=128 q_dim=2048  kv_heads=16  kv_dim=2048  o_dim=2048  ffn_dim=5504   seqlen=272    qlen=1   cache=N lat=    0.004ms cycles≈4062
[pim-debug] op#04 op=FFN_W1   norm=ffn_gate   sh=0  dim=4096  heads=16  hd=128 q_dim=2048  kv_heads=16  kv_dim=2048  o_dim=2048  ffn_dim=5504   seqlen=272    qlen=1   cache=N lat=    0.012ms cycles≈11708
[pim-debug] op#05 op=SwiGLU   norm=silu       sh=0  dim=4096  heads=16  hd=128 q_dim=2048  kv_heads=16  kv_dim=2048  o_dim=2048  ffn_dim=5504   seqlen=272    qlen=1   cache=N lat=    0.001ms cycles≈503
[pim-debug] segment total latency: 0.024 ms
========================================================================================
[pim-debug] segment_key=pim|decode|13|fdf6362e664a0dcb3b710140facc51d5
[pim-debug] sig: device_type=pim phase=decode step=13 (count_hint=1)
[pim-debug] ops_repr: V:0,SV:0,O:1,FFN_W1:0,SwiGLU:0
[pim-debug] cfg: shard_policy='fine' shards=2 dim=4096 ffn_dim=11008 n_heads=32 n_kv_heads=auto->n_heads
[pim-debug] pim_config=/lustre/home/2501111916/workspace/XPUPIM_0226_gpupim_parameter/TriForm/algorithms/aim_simulator/PIM_AiM.json
[pim-debug] ramulator_config=/lustre/home/2501111916/workspace/XPUPIM_0226_gpupim_parameter/TriForm/algorithms/aim_simulator/example.yaml
[pim-debug] cost_model config.PIM_FREQ_GHZ=1.0
[pim-debug] op plan (logical shapes inferred from schedule cfg):
  - op#00  op=V        shard=0   x=[1x4096] + w=[2048x4096]  ->  y=[1x2048]  (T=1, K=272)
  - op#01  op=SV       shard=0   p=[16x1x272] + v=[16x272x128]  ->  y=[16x1x128]  (T=1, K=272)
  - op#02  op=O        shard=1   x=[1x2048] + w=[4096x2048]  ->  y=[1x4096]  (T=1, K=272)
  - op#03  op=FFN_W1   shard=0   x=[1x4096] + w=[5504x4096]  ->  y=[1x5504]  (T=1, K=272)
  - op#04  op=SwiGLU   shard=0   a=[1x5504] + b=[1x5504]  ->  y=[1x5504]  (T=1, K=272)
[pim-debug] NOTE: CENT(AiM) trace backend internally uses x shape (1,1,dim) and handles prefill by repeating ops;
           the table below shows the *effective parameters* passed into cost_model_pim_backend for each op.
[pim-debug] op#00 op=V        norm=v_proj     sh=0  dim=4096  heads=16  hd=128 q_dim=2048  kv_heads=16  kv_dim=2048  o_dim=2048  ffn_dim=5504   seqlen=272    qlen=1   cache=N lat=    0.004ms cycles≈4428
[pim-debug] op#01 op=SV       norm=output     sh=0  dim=4096  heads=16  hd=128 q_dim=2048  kv_heads=16  kv_dim=2048  o_dim=2048  ffn_dim=5504   seqlen=272    qlen=1   cache=N lat=    0.002ms cycles≈1570
[pim-debug] op#02 op=O        norm=wo_proj    sh=1  dim=4096  heads=16  hd=128 q_dim=2048  kv_heads=16  kv_dim=2048  o_dim=2048  ffn_dim=5504   seqlen=272    qlen=1   cache=N lat=    0.004ms cycles≈4062
[pim-debug] op#03 op=FFN_W1   norm=ffn_gate   sh=0  dim=4096  heads=16  hd=128 q_dim=2048  kv_heads=16  kv_dim=2048  o_dim=2048  ffn_dim=5504   seqlen=272    qlen=1   cache=N lat=    0.012ms cycles≈11708
[pim-debug] op#04 op=SwiGLU   norm=silu       sh=0  dim=4096  heads=16  hd=128 q_dim=2048  kv_heads=16  kv_dim=2048  o_dim=2048  ffn_dim=5504   seqlen=272    qlen=1   cache=N lat=    0.001ms cycles≈503
[pim-debug] segment total latency: 0.022 ms
========================================================================================
[pim-debug] segment_key=pim|decode|14|18ae37754a97d1f42b25b2cff77caf3f
[pim-debug] sig: device_type=pim phase=decode step=14 (count_hint=32)
[pim-debug] ops_repr: V:1,SV:1,LN:-1,FFN_W1:1,FFN_W3:1,SwiGLU:1,FFN_W2:0
[pim-debug] cfg: shard_policy='fine' shards=2 dim=4096 ffn_dim=11008 n_heads=32 n_kv_heads=auto->n_heads
[pim-debug] pim_config=/lustre/home/2501111916/workspace/XPUPIM_0226_gpupim_parameter/TriForm/algorithms/aim_simulator/PIM_AiM.json
[pim-debug] ramulator_config=/lustre/home/2501111916/workspace/XPUPIM_0226_gpupim_parameter/TriForm/algorithms/aim_simulator/example.yaml
[pim-debug] cost_model config.PIM_FREQ_GHZ=1.0
[pim-debug] op plan (logical shapes inferred from schedule cfg):
  - op#00  op=V        shard=1   x=[1x4096] + w=[2048x4096]  ->  y=[1x2048]  (T=1, K=284)
  - op#01  op=SV       shard=1   p=[16x1x284] + v=[16x284x128]  ->  y=[16x1x128]  (T=1, K=284)
  - op#02  op=LN       shard=-1  x=[1x4096] + w=[4096]  ->  y=[1x4096]  (T=1, K=284)
  - op#03  op=FFN_W1   shard=1   x=[1x4096] + w=[5504x4096]  ->  y=[1x5504]  (T=1, K=284)
  - op#04  op=FFN_W3   shard=1   x=[1x4096] + w=[5504x4096]  ->  y=[1x5504]  (T=1, K=284)
  - op#05  op=SwiGLU   shard=1   a=[1x5504] + b=[1x5504]  ->  y=[1x5504]  (T=1, K=284)
  - op#06  op=FFN_W2   shard=0   x=[1x5504] + w=[4096x5504]  ->  y=[1x4096]  (T=1, K=284)
[pim-debug] NOTE: CENT(AiM) trace backend internally uses x shape (1,1,dim) and handles prefill by repeating ops;
           the table below shows the *effective parameters* passed into cost_model_pim_backend for each op.
[pim-debug] op#00 op=V        norm=v_proj     sh=1  dim=4096  heads=16  hd=128 q_dim=2048  kv_heads=16  kv_dim=2048  o_dim=2048  ffn_dim=5504   seqlen=284    qlen=1   cache=N lat=    0.004ms cycles≈4428
[pim-debug] op#01 op=SV       norm=output     sh=1  dim=4096  heads=16  hd=128 q_dim=2048  kv_heads=16  kv_dim=2048  o_dim=2048  ffn_dim=5504   seqlen=284    qlen=1   cache=N lat=    0.002ms cycles≈1588
[pim-debug] op#02 op=LN       norm=rmsnorm    sh=-1 dim=4096  heads=32  hd=128 q_dim=4096  kv_heads=32  kv_dim=4096  o_dim=4096  ffn_dim=11008  seqlen=284    qlen=1   cache=N lat=    0.001ms cycles≈1314
[pim-debug] op#03 op=FFN_W1   norm=ffn_gate   sh=1  dim=4096  heads=16  hd=128 q_dim=2048  kv_heads=16  kv_dim=2048  o_dim=2048  ffn_dim=5504   seqlen=284    qlen=1   cache=N lat=    0.012ms cycles≈11708
[pim-debug] op#04 op=FFN_W3   norm=ffn_up     sh=1  dim=4096  heads=16  hd=128 q_dim=2048  kv_heads=16  kv_dim=2048  o_dim=2048  ffn_dim=5504   seqlen=284    qlen=1   cache=N lat=    0.011ms cycles≈10896
[pim-debug] op#05 op=SwiGLU   norm=silu       sh=1  dim=4096  heads=16  hd=128 q_dim=2048  kv_heads=16  kv_dim=2048  o_dim=2048  ffn_dim=5504   seqlen=284    qlen=1   cache=N lat=    0.001ms cycles≈503
[pim-debug] op#06 op=FFN_W2   norm=ffn_down   sh=0  dim=4096  heads=16  hd=128 q_dim=2048  kv_heads=16  kv_dim=2048  o_dim=2048  ffn_dim=5504   seqlen=284    qlen=1   cache=N lat=    0.011ms cycles≈11466
[pim-debug] segment total latency: 0.042 ms
========================================================================================
[pim-debug] segment_key=pim|decode|14|fa8b04eaba988353d76eadc6a01ae0d4
[pim-debug] sig: device_type=pim phase=decode step=14 (count_hint=31)
[pim-debug] ops_repr: LN:-1,V:0,SV:0,O:1,FFN_W1:0,SwiGLU:0
[pim-debug] cfg: shard_policy='fine' shards=2 dim=4096 ffn_dim=11008 n_heads=32 n_kv_heads=auto->n_heads
[pim-debug] pim_config=/lustre/home/2501111916/workspace/XPUPIM_0226_gpupim_parameter/TriForm/algorithms/aim_simulator/PIM_AiM.json
[pim-debug] ramulator_config=/lustre/home/2501111916/workspace/XPUPIM_0226_gpupim_parameter/TriForm/algorithms/aim_simulator/example.yaml
[pim-debug] cost_model config.PIM_FREQ_GHZ=1.0
[pim-debug] op plan (logical shapes inferred from schedule cfg):
  - op#00  op=LN       shard=-1  x=[1x4096] + w=[4096]  ->  y=[1x4096]  (T=1, K=284)
  - op#01  op=V        shard=0   x=[1x4096] + w=[2048x4096]  ->  y=[1x2048]  (T=1, K=284)
  - op#02  op=SV       shard=0   p=[16x1x284] + v=[16x284x128]  ->  y=[16x1x128]  (T=1, K=284)
  - op#03  op=O        shard=1   x=[1x2048] + w=[4096x2048]  ->  y=[1x4096]  (T=1, K=284)
  - op#04  op=FFN_W1   shard=0   x=[1x4096] + w=[5504x4096]  ->  y=[1x5504]  (T=1, K=284)
  - op#05  op=SwiGLU   shard=0   a=[1x5504] + b=[1x5504]  ->  y=[1x5504]  (T=1, K=284)
[pim-debug] NOTE: CENT(AiM) trace backend internally uses x shape (1,1,dim) and handles prefill by repeating ops;
           the table below shows the *effective parameters* passed into cost_model_pim_backend for each op.
[pim-debug] op#00 op=LN       norm=rmsnorm    sh=-1 dim=4096  heads=32  hd=128 q_dim=4096  kv_heads=32  kv_dim=4096  o_dim=4096  ffn_dim=11008  seqlen=284    qlen=1   cache=N lat=    0.001ms cycles≈1314
[pim-debug] op#01 op=V        norm=v_proj     sh=0  dim=4096  heads=16  hd=128 q_dim=2048  kv_heads=16  kv_dim=2048  o_dim=2048  ffn_dim=5504   seqlen=284    qlen=1   cache=N lat=    0.004ms cycles≈4428
[pim-debug] op#02 op=SV       norm=output     sh=0  dim=4096  heads=16  hd=128 q_dim=2048  kv_heads=16  kv_dim=2048  o_dim=2048  ffn_dim=5504   seqlen=284    qlen=1   cache=N lat=    0.002ms cycles≈1588
[pim-debug] op#03 op=O        norm=wo_proj    sh=1  dim=4096  heads=16  hd=128 q_dim=2048  kv_heads=16  kv_dim=2048  o_dim=2048  ffn_dim=5504   seqlen=284    qlen=1   cache=N lat=    0.004ms cycles≈4062
[pim-debug] op#04 op=FFN_W1   norm=ffn_gate   sh=0  dim=4096  heads=16  hd=128 q_dim=2048  kv_heads=16  kv_dim=2048  o_dim=2048  ffn_dim=5504   seqlen=284    qlen=1   cache=N lat=    0.012ms cycles≈11708
[pim-debug] op#05 op=SwiGLU   norm=silu       sh=0  dim=4096  heads=16  hd=128 q_dim=2048  kv_heads=16  kv_dim=2048  o_dim=2048  ffn_dim=5504   seqlen=284    qlen=1   cache=N lat=    0.001ms cycles≈503
[pim-debug] segment total latency: 0.024 ms
========================================================================================
[pim-debug] segment_key=pim|decode|14|fdf6362e664a0dcb3b710140facc51d5
[pim-debug] sig: device_type=pim phase=decode step=14 (count_hint=1)
[pim-debug] ops_repr: V:0,SV:0,O:1,FFN_W1:0,SwiGLU:0
[pim-debug] cfg: shard_policy='fine' shards=2 dim=4096 ffn_dim=11008 n_heads=32 n_kv_heads=auto->n_heads
[pim-debug] pim_config=/lustre/home/2501111916/workspace/XPUPIM_0226_gpupim_parameter/TriForm/algorithms/aim_simulator/PIM_AiM.json
[pim-debug] ramulator_config=/lustre/home/2501111916/workspace/XPUPIM_0226_gpupim_parameter/TriForm/algorithms/aim_simulator/example.yaml
[pim-debug] cost_model config.PIM_FREQ_GHZ=1.0
[pim-debug] op plan (logical shapes inferred from schedule cfg):
  - op#00  op=V        shard=0   x=[1x4096] + w=[2048x4096]  ->  y=[1x2048]  (T=1, K=284)
  - op#01  op=SV       shard=0   p=[16x1x284] + v=[16x284x128]  ->  y=[16x1x128]  (T=1, K=284)
  - op#02  op=O        shard=1   x=[1x2048] + w=[4096x2048]  ->  y=[1x4096]  (T=1, K=284)
  - op#03  op=FFN_W1   shard=0   x=[1x4096] + w=[5504x4096]  ->  y=[1x5504]  (T=1, K=284)
  - op#04  op=SwiGLU   shard=0   a=[1x5504] + b=[1x5504]  ->  y=[1x5504]  (T=1, K=284)
[pim-debug] NOTE: CENT(AiM) trace backend internally uses x shape (1,1,dim) and handles prefill by repeating ops;
           the table below shows the *effective parameters* passed into cost_model_pim_backend for each op.
[pim-debug] op#00 op=V        norm=v_proj     sh=0  dim=4096  heads=16  hd=128 q_dim=2048  kv_heads=16  kv_dim=2048  o_dim=2048  ffn_dim=5504   seqlen=284    qlen=1   cache=N lat=    0.004ms cycles≈4428
[pim-debug] op#01 op=SV       norm=output     sh=0  dim=4096  heads=16  hd=128 q_dim=2048  kv_heads=16  kv_dim=2048  o_dim=2048  ffn_dim=5504   seqlen=284    qlen=1   cache=N lat=    0.002ms cycles≈1588
[pim-debug] op#02 op=O        norm=wo_proj    sh=1  dim=4096  heads=16  hd=128 q_dim=2048  kv_heads=16  kv_dim=2048  o_dim=2048  ffn_dim=5504   seqlen=284    qlen=1   cache=N lat=    0.004ms cycles≈4062
[pim-debug] op#03 op=FFN_W1   norm=ffn_gate   sh=0  dim=4096  heads=16  hd=128 q_dim=2048  kv_heads=16  kv_dim=2048  o_dim=2048  ffn_dim=5504   seqlen=284    qlen=1   cache=N lat=    0.012ms cycles≈11708
[pim-debug] op#04 op=SwiGLU   norm=silu       sh=0  dim=4096  heads=16  hd=128 q_dim=2048  kv_heads=16  kv_dim=2048  o_dim=2048  ffn_dim=5504   seqlen=284    qlen=1   cache=N lat=    0.001ms cycles≈503
[pim-debug] segment total latency: 0.022 ms
========================================================================================
[pim-debug] segment_key=pim|decode|15|18ae37754a97d1f42b25b2cff77caf3f
[pim-debug] sig: device_type=pim phase=decode step=15 (count_hint=32)
[pim-debug] ops_repr: V:1,SV:1,LN:-1,FFN_W1:1,FFN_W3:1,SwiGLU:1,FFN_W2:0
[pim-debug] cfg: shard_policy='fine' shards=2 dim=4096 ffn_dim=11008 n_heads=32 n_kv_heads=auto->n_heads
[pim-debug] pim_config=/lustre/home/2501111916/workspace/XPUPIM_0226_gpupim_parameter/TriForm/algorithms/aim_simulator/PIM_AiM.json
[pim-debug] ramulator_config=/lustre/home/2501111916/workspace/XPUPIM_0226_gpupim_parameter/TriForm/algorithms/aim_simulator/example.yaml
[pim-debug] cost_model config.PIM_FREQ_GHZ=1.0
[pim-debug] op plan (logical shapes inferred from schedule cfg):
  - op#00  op=V        shard=1   x=[1x4096] + w=[2048x4096]  ->  y=[1x2048]  (T=1, K=296)
  - op#01  op=SV       shard=1   p=[16x1x296] + v=[16x296x128]  ->  y=[16x1x128]  (T=1, K=296)
  - op#02  op=LN       shard=-1  x=[1x4096] + w=[4096]  ->  y=[1x4096]  (T=1, K=296)
  - op#03  op=FFN_W1   shard=1   x=[1x4096] + w=[5504x4096]  ->  y=[1x5504]  (T=1, K=296)
  - op#04  op=FFN_W3   shard=1   x=[1x4096] + w=[5504x4096]  ->  y=[1x5504]  (T=1, K=296)
  - op#05  op=SwiGLU   shard=1   a=[1x5504] + b=[1x5504]  ->  y=[1x5504]  (T=1, K=296)
  - op#06  op=FFN_W2   shard=0   x=[1x5504] + w=[4096x5504]  ->  y=[1x4096]  (T=1, K=296)
[pim-debug] NOTE: CENT(AiM) trace backend internally uses x shape (1,1,dim) and handles prefill by repeating ops;
           the table below shows the *effective parameters* passed into cost_model_pim_backend for each op.
[pim-debug] op#00 op=V        norm=v_proj     sh=1  dim=4096  heads=16  hd=128 q_dim=2048  kv_heads=16  kv_dim=2048  o_dim=2048  ffn_dim=5504   seqlen=296    qlen=1   cache=N lat=    0.004ms cycles≈4428
[pim-debug] op#01 op=SV       norm=output     sh=1  dim=4096  heads=16  hd=128 q_dim=2048  kv_heads=16  kv_dim=2048  o_dim=2048  ffn_dim=5504   seqlen=296    qlen=1   cache=N lat=    0.002ms cycles≈1606
[pim-debug] op#02 op=LN       norm=rmsnorm    sh=-1 dim=4096  heads=32  hd=128 q_dim=4096  kv_heads=32  kv_dim=4096  o_dim=4096  ffn_dim=11008  seqlen=296    qlen=1   cache=N lat=    0.001ms cycles≈1314
[pim-debug] op#03 op=FFN_W1   norm=ffn_gate   sh=1  dim=4096  heads=16  hd=128 q_dim=2048  kv_heads=16  kv_dim=2048  o_dim=2048  ffn_dim=5504   seqlen=296    qlen=1   cache=N lat=    0.012ms cycles≈11708
[pim-debug] op#04 op=FFN_W3   norm=ffn_up     sh=1  dim=4096  heads=16  hd=128 q_dim=2048  kv_heads=16  kv_dim=2048  o_dim=2048  ffn_dim=5504   seqlen=296    qlen=1   cache=N lat=    0.011ms cycles≈10896
[pim-debug] op#05 op=SwiGLU   norm=silu       sh=1  dim=4096  heads=16  hd=128 q_dim=2048  kv_heads=16  kv_dim=2048  o_dim=2048  ffn_dim=5504   seqlen=296    qlen=1   cache=N lat=    0.001ms cycles≈503
[pim-debug] op#06 op=FFN_W2   norm=ffn_down   sh=0  dim=4096  heads=16  hd=128 q_dim=2048  kv_heads=16  kv_dim=2048  o_dim=2048  ffn_dim=5504   seqlen=296    qlen=1   cache=N lat=    0.011ms cycles≈11466
[pim-debug] segment total latency: 0.042 ms
========================================================================================
[pim-debug] segment_key=pim|decode|15|fa8b04eaba988353d76eadc6a01ae0d4
[pim-debug] sig: device_type=pim phase=decode step=15 (count_hint=31)
[pim-debug] ops_repr: LN:-1,V:0,SV:0,O:1,FFN_W1:0,SwiGLU:0
[pim-debug] cfg: shard_policy='fine' shards=2 dim=4096 ffn_dim=11008 n_heads=32 n_kv_heads=auto->n_heads
[pim-debug] pim_config=/lustre/home/2501111916/workspace/XPUPIM_0226_gpupim_parameter/TriForm/algorithms/aim_simulator/PIM_AiM.json
[pim-debug] ramulator_config=/lustre/home/2501111916/workspace/XPUPIM_0226_gpupim_parameter/TriForm/algorithms/aim_simulator/example.yaml
[pim-debug] cost_model config.PIM_FREQ_GHZ=1.0
[pim-debug] op plan (logical shapes inferred from schedule cfg):
  - op#00  op=LN       shard=-1  x=[1x4096] + w=[4096]  ->  y=[1x4096]  (T=1, K=296)
  - op#01  op=V        shard=0   x=[1x4096] + w=[2048x4096]  ->  y=[1x2048]  (T=1, K=296)
  - op#02  op=SV       shard=0   p=[16x1x296] + v=[16x296x128]  ->  y=[16x1x128]  (T=1, K=296)
  - op#03  op=O        shard=1   x=[1x2048] + w=[4096x2048]  ->  y=[1x4096]  (T=1, K=296)
  - op#04  op=FFN_W1   shard=0   x=[1x4096] + w=[5504x4096]  ->  y=[1x5504]  (T=1, K=296)
  - op#05  op=SwiGLU   shard=0   a=[1x5504] + b=[1x5504]  ->  y=[1x5504]  (T=1, K=296)
[pim-debug] NOTE: CENT(AiM) trace backend internally uses x shape (1,1,dim) and handles prefill by repeating ops;
           the table below shows the *effective parameters* passed into cost_model_pim_backend for each op.
[pim-debug] op#00 op=LN       norm=rmsnorm    sh=-1 dim=4096  heads=32  hd=128 q_dim=4096  kv_heads=32  kv_dim=4096  o_dim=4096  ffn_dim=11008  seqlen=296    qlen=1   cache=N lat=    0.001ms cycles≈1314
[pim-debug] op#01 op=V        norm=v_proj     sh=0  dim=4096  heads=16  hd=128 q_dim=2048  kv_heads=16  kv_dim=2048  o_dim=2048  ffn_dim=5504   seqlen=296    qlen=1   cache=N lat=    0.004ms cycles≈4428
[pim-debug] op#02 op=SV       norm=output     sh=0  dim=4096  heads=16  hd=128 q_dim=2048  kv_heads=16  kv_dim=2048  o_dim=2048  ffn_dim=5504   seqlen=296    qlen=1   cache=N lat=    0.002ms cycles≈1606
[pim-debug] op#03 op=O        norm=wo_proj    sh=1  dim=4096  heads=16  hd=128 q_dim=2048  kv_heads=16  kv_dim=2048  o_dim=2048  ffn_dim=5504   seqlen=296    qlen=1   cache=N lat=    0.004ms cycles≈4062
[pim-debug] op#04 op=FFN_W1   norm=ffn_gate   sh=0  dim=4096  heads=16  hd=128 q_dim=2048  kv_heads=16  kv_dim=2048  o_dim=2048  ffn_dim=5504   seqlen=296    qlen=1   cache=N lat=    0.012ms cycles≈11708
[pim-debug] op#05 op=SwiGLU   norm=silu       sh=0  dim=4096  heads=16  hd=128 q_dim=2048  kv_heads=16  kv_dim=2048  o_dim=2048  ffn_dim=5504   seqlen=296    qlen=1   cache=N lat=    0.001ms cycles≈503
[pim-debug] segment total latency: 0.024 ms
========================================================================================
[pim-debug] segment_key=pim|decode|15|fdf6362e664a0dcb3b710140facc51d5
[pim-debug] sig: device_type=pim phase=decode step=15 (count_hint=1)
[pim-debug] ops_repr: V:0,SV:0,O:1,FFN_W1:0,SwiGLU:0
[pim-debug] cfg: shard_policy='fine' shards=2 dim=4096 ffn_dim=11008 n_heads=32 n_kv_heads=auto->n_heads
[pim-debug] pim_config=/lustre/home/2501111916/workspace/XPUPIM_0226_gpupim_parameter/TriForm/algorithms/aim_simulator/PIM_AiM.json
[pim-debug] ramulator_config=/lustre/home/2501111916/workspace/XPUPIM_0226_gpupim_parameter/TriForm/algorithms/aim_simulator/example.yaml
[pim-debug] cost_model config.PIM_FREQ_GHZ=1.0
[pim-debug] op plan (logical shapes inferred from schedule cfg):
  - op#00  op=V        shard=0   x=[1x4096] + w=[2048x4096]  ->  y=[1x2048]  (T=1, K=296)
  - op#01  op=SV       shard=0   p=[16x1x296] + v=[16x296x128]  ->  y=[16x1x128]  (T=1, K=296)
  - op#02  op=O        shard=1   x=[1x2048] + w=[4096x2048]  ->  y=[1x4096]  (T=1, K=296)
  - op#03  op=FFN_W1   shard=0   x=[1x4096] + w=[5504x4096]  ->  y=[1x5504]  (T=1, K=296)
  - op#04  op=SwiGLU   shard=0   a=[1x5504] + b=[1x5504]  ->  y=[1x5504]  (T=1, K=296)
[pim-debug] NOTE: CENT(AiM) trace backend internally uses x shape (1,1,dim) and handles prefill by repeating ops;
           the table below shows the *effective parameters* passed into cost_model_pim_backend for each op.
[pim-debug] op#00 op=V        norm=v_proj     sh=0  dim=4096  heads=16  hd=128 q_dim=2048  kv_heads=16  kv_dim=2048  o_dim=2048  ffn_dim=5504   seqlen=296    qlen=1   cache=N lat=    0.004ms cycles≈4428
[pim-debug] op#01 op=SV       norm=output     sh=0  dim=4096  heads=16  hd=128 q_dim=2048  kv_heads=16  kv_dim=2048  o_dim=2048  ffn_dim=5504   seqlen=296    qlen=1   cache=N lat=    0.002ms cycles≈1606
[pim-debug] op#02 op=O        norm=wo_proj    sh=1  dim=4096  heads=16  hd=128 q_dim=2048  kv_heads=16  kv_dim=2048  o_dim=2048  ffn_dim=5504   seqlen=296    qlen=1   cache=N lat=    0.004ms cycles≈4062
[pim-debug] op#03 op=FFN_W1   norm=ffn_gate   sh=0  dim=4096  heads=16  hd=128 q_dim=2048  kv_heads=16  kv_dim=2048  o_dim=2048  ffn_dim=5504   seqlen=296    qlen=1   cache=N lat=    0.012ms cycles≈11708
[pim-debug] op#04 op=SwiGLU   norm=silu       sh=0  dim=4096  heads=16  hd=128 q_dim=2048  kv_heads=16  kv_dim=2048  o_dim=2048  ffn_dim=5504   seqlen=296    qlen=1   cache=N lat=    0.001ms cycles≈503
[pim-debug] segment total latency: 0.022 ms
========================================================================================
[pim-debug] segment_key=pim|decode|16|18ae37754a97d1f42b25b2cff77caf3f
[pim-debug] sig: device_type=pim phase=decode step=16 (count_hint=32)
[pim-debug] ops_repr: V:1,SV:1,LN:-1,FFN_W1:1,FFN_W3:1,SwiGLU:1,FFN_W2:0
[pim-debug] cfg: shard_policy='fine' shards=2 dim=4096 ffn_dim=11008 n_heads=32 n_kv_heads=auto->n_heads
[pim-debug] pim_config=/lustre/home/2501111916/workspace/XPUPIM_0226_gpupim_parameter/TriForm/algorithms/aim_simulator/PIM_AiM.json
[pim-debug] ramulator_config=/lustre/home/2501111916/workspace/XPUPIM_0226_gpupim_parameter/TriForm/algorithms/aim_simulator/example.yaml
[pim-debug] cost_model config.PIM_FREQ_GHZ=1.0
[pim-debug] op plan (logical shapes inferred from schedule cfg):
  - op#00  op=V        shard=1   x=[1x4096] + w=[2048x4096]  ->  y=[1x2048]  (T=1, K=308)
  - op#01  op=SV       shard=1   p=[16x1x308] + v=[16x308x128]  ->  y=[16x1x128]  (T=1, K=308)
  - op#02  op=LN       shard=-1  x=[1x4096] + w=[4096]  ->  y=[1x4096]  (T=1, K=308)
  - op#03  op=FFN_W1   shard=1   x=[1x4096] + w=[5504x4096]  ->  y=[1x5504]  (T=1, K=308)
  - op#04  op=FFN_W3   shard=1   x=[1x4096] + w=[5504x4096]  ->  y=[1x5504]  (T=1, K=308)
  - op#05  op=SwiGLU   shard=1   a=[1x5504] + b=[1x5504]  ->  y=[1x5504]  (T=1, K=308)
  - op#06  op=FFN_W2   shard=0   x=[1x5504] + w=[4096x5504]  ->  y=[1x4096]  (T=1, K=308)
[pim-debug] NOTE: CENT(AiM) trace backend internally uses x shape (1,1,dim) and handles prefill by repeating ops;
           the table below shows the *effective parameters* passed into cost_model_pim_backend for each op.
[pim-debug] op#00 op=V        norm=v_proj     sh=1  dim=4096  heads=16  hd=128 q_dim=2048  kv_heads=16  kv_dim=2048  o_dim=2048  ffn_dim=5504   seqlen=308    qlen=1   cache=N lat=    0.004ms cycles≈4428
[pim-debug] op#01 op=SV       norm=output     sh=1  dim=4096  heads=16  hd=128 q_dim=2048  kv_heads=16  kv_dim=2048  o_dim=2048  ffn_dim=5504   seqlen=308    qlen=1   cache=N lat=    0.002ms cycles≈1624
[pim-debug] op#02 op=LN       norm=rmsnorm    sh=-1 dim=4096  heads=32  hd=128 q_dim=4096  kv_heads=32  kv_dim=4096  o_dim=4096  ffn_dim=11008  seqlen=308    qlen=1   cache=N lat=    0.001ms cycles≈1314
[pim-debug] op#03 op=FFN_W1   norm=ffn_gate   sh=1  dim=4096  heads=16  hd=128 q_dim=2048  kv_heads=16  kv_dim=2048  o_dim=2048  ffn_dim=5504   seqlen=308    qlen=1   cache=N lat=    0.012ms cycles≈11708
[pim-debug] op#04 op=FFN_W3   norm=ffn_up     sh=1  dim=4096  heads=16  hd=128 q_dim=2048  kv_heads=16  kv_dim=2048  o_dim=2048  ffn_dim=5504   seqlen=308    qlen=1   cache=N lat=    0.011ms cycles≈10896
[pim-debug] op#05 op=SwiGLU   norm=silu       sh=1  dim=4096  heads=16  hd=128 q_dim=2048  kv_heads=16  kv_dim=2048  o_dim=2048  ffn_dim=5504   seqlen=308    qlen=1   cache=N lat=    0.001ms cycles≈503
[pim-debug] op#06 op=FFN_W2   norm=ffn_down   sh=0  dim=4096  heads=16  hd=128 q_dim=2048  kv_heads=16  kv_dim=2048  o_dim=2048  ffn_dim=5504   seqlen=308    qlen=1   cache=N lat=    0.011ms cycles≈11466
[pim-debug] segment total latency: 0.042 ms
========================================================================================
[pim-debug] segment_key=pim|decode|16|fa8b04eaba988353d76eadc6a01ae0d4
[pim-debug] sig: device_type=pim phase=decode step=16 (count_hint=31)
[pim-debug] ops_repr: LN:-1,V:0,SV:0,O:1,FFN_W1:0,SwiGLU:0
[pim-debug] cfg: shard_policy='fine' shards=2 dim=4096 ffn_dim=11008 n_heads=32 n_kv_heads=auto->n_heads
[pim-debug] pim_config=/lustre/home/2501111916/workspace/XPUPIM_0226_gpupim_parameter/TriForm/algorithms/aim_simulator/PIM_AiM.json
[pim-debug] ramulator_config=/lustre/home/2501111916/workspace/XPUPIM_0226_gpupim_parameter/TriForm/algorithms/aim_simulator/example.yaml
[pim-debug] cost_model config.PIM_FREQ_GHZ=1.0
[pim-debug] op plan (logical shapes inferred from schedule cfg):
  - op#00  op=LN       shard=-1  x=[1x4096] + w=[4096]  ->  y=[1x4096]  (T=1, K=308)
  - op#01  op=V        shard=0   x=[1x4096] + w=[2048x4096]  ->  y=[1x2048]  (T=1, K=308)
  - op#02  op=SV       shard=0   p=[16x1x308] + v=[16x308x128]  ->  y=[16x1x128]  (T=1, K=308)
  - op#03  op=O        shard=1   x=[1x2048] + w=[4096x2048]  ->  y=[1x4096]  (T=1, K=308)
  - op#04  op=FFN_W1   shard=0   x=[1x4096] + w=[5504x4096]  ->  y=[1x5504]  (T=1, K=308)
  - op#05  op=SwiGLU   shard=0   a=[1x5504] + b=[1x5504]  ->  y=[1x5504]  (T=1, K=308)
[pim-debug] NOTE: CENT(AiM) trace backend internally uses x shape (1,1,dim) and handles prefill by repeating ops;
           the table below shows the *effective parameters* passed into cost_model_pim_backend for each op.
[pim-debug] op#00 op=LN       norm=rmsnorm    sh=-1 dim=4096  heads=32  hd=128 q_dim=4096  kv_heads=32  kv_dim=4096  o_dim=4096  ffn_dim=11008  seqlen=308    qlen=1   cache=N lat=    0.001ms cycles≈1314
[pim-debug] op#01 op=V        norm=v_proj     sh=0  dim=4096  heads=16  hd=128 q_dim=2048  kv_heads=16  kv_dim=2048  o_dim=2048  ffn_dim=5504   seqlen=308    qlen=1   cache=N lat=    0.004ms cycles≈4428
[pim-debug] op#02 op=SV       norm=output     sh=0  dim=4096  heads=16  hd=128 q_dim=2048  kv_heads=16  kv_dim=2048  o_dim=2048  ffn_dim=5504   seqlen=308    qlen=1   cache=N lat=    0.002ms cycles≈1624
[pim-debug] op#03 op=O        norm=wo_proj    sh=1  dim=4096  heads=16  hd=128 q_dim=2048  kv_heads=16  kv_dim=2048  o_dim=2048  ffn_dim=5504   seqlen=308    qlen=1   cache=N lat=    0.004ms cycles≈4062
[pim-debug] op#04 op=FFN_W1   norm=ffn_gate   sh=0  dim=4096  heads=16  hd=128 q_dim=2048  kv_heads=16  kv_dim=2048  o_dim=2048  ffn_dim=5504   seqlen=308    qlen=1   cache=N lat=    0.012ms cycles≈11708
[pim-debug] op#05 op=SwiGLU   norm=silu       sh=0  dim=4096  heads=16  hd=128 q_dim=2048  kv_heads=16  kv_dim=2048  o_dim=2048  ffn_dim=5504   seqlen=308    qlen=1   cache=N lat=    0.001ms cycles≈503
[pim-debug] segment total latency: 0.024 ms
========================================================================================
[pim-debug] segment_key=pim|decode|16|fdf6362e664a0dcb3b710140facc51d5
[pim-debug] sig: device_type=pim phase=decode step=16 (count_hint=1)
[pim-debug] ops_repr: V:0,SV:0,O:1,FFN_W1:0,SwiGLU:0
[pim-debug] cfg: shard_policy='fine' shards=2 dim=4096 ffn_dim=11008 n_heads=32 n_kv_heads=auto->n_heads
[pim-debug] pim_config=/lustre/home/2501111916/workspace/XPUPIM_0226_gpupim_parameter/TriForm/algorithms/aim_simulator/PIM_AiM.json
[pim-debug] ramulator_config=/lustre/home/2501111916/workspace/XPUPIM_0226_gpupim_parameter/TriForm/algorithms/aim_simulator/example.yaml
[pim-debug] cost_model config.PIM_FREQ_GHZ=1.0
[pim-debug] op plan (logical shapes inferred from schedule cfg):
  - op#00  op=V        shard=0   x=[1x4096] + w=[2048x4096]  ->  y=[1x2048]  (T=1, K=308)
  - op#01  op=SV       shard=0   p=[16x1x308] + v=[16x308x128]  ->  y=[16x1x128]  (T=1, K=308)
  - op#02  op=O        shard=1   x=[1x2048] + w=[4096x2048]  ->  y=[1x4096]  (T=1, K=308)
  - op#03  op=FFN_W1   shard=0   x=[1x4096] + w=[5504x4096]  ->  y=[1x5504]  (T=1, K=308)
  - op#04  op=SwiGLU   shard=0   a=[1x5504] + b=[1x5504]  ->  y=[1x5504]  (T=1, K=308)
[pim-debug] NOTE: CENT(AiM) trace backend internally uses x shape (1,1,dim) and handles prefill by repeating ops;
           the table below shows the *effective parameters* passed into cost_model_pim_backend for each op.
[pim-debug] op#00 op=V        norm=v_proj     sh=0  dim=4096  heads=16  hd=128 q_dim=2048  kv_heads=16  kv_dim=2048  o_dim=2048  ffn_dim=5504   seqlen=308    qlen=1   cache=N lat=    0.004ms cycles≈4428
[pim-debug] op#01 op=SV       norm=output     sh=0  dim=4096  heads=16  hd=128 q_dim=2048  kv_heads=16  kv_dim=2048  o_dim=2048  ffn_dim=5504   seqlen=308    qlen=1   cache=N lat=    0.002ms cycles≈1624
[pim-debug] op#02 op=O        norm=wo_proj    sh=1  dim=4096  heads=16  hd=128 q_dim=2048  kv_heads=16  kv_dim=2048  o_dim=2048  ffn_dim=5504   seqlen=308    qlen=1   cache=N lat=    0.004ms cycles≈4062
[pim-debug] op#03 op=FFN_W1   norm=ffn_gate   sh=0  dim=4096  heads=16  hd=128 q_dim=2048  kv_heads=16  kv_dim=2048  o_dim=2048  ffn_dim=5504   seqlen=308    qlen=1   cache=N lat=    0.012ms cycles≈11708
[pim-debug] op#04 op=SwiGLU   norm=silu       sh=0  dim=4096  heads=16  hd=128 q_dim=2048  kv_heads=16  kv_dim=2048  o_dim=2048  ffn_dim=5504   seqlen=308    qlen=1   cache=N lat=    0.001ms cycles≈503
[pim-debug] segment total latency: 0.022 ms
========================================================================================
[pim-debug] segment_key=pim|decode|17|18ae37754a97d1f42b25b2cff77caf3f
[pim-debug] sig: device_type=pim phase=decode step=17 (count_hint=32)
[pim-debug] ops_repr: V:1,SV:1,LN:-1,FFN_W1:1,FFN_W3:1,SwiGLU:1,FFN_W2:0
[pim-debug] cfg: shard_policy='fine' shards=2 dim=4096 ffn_dim=11008 n_heads=32 n_kv_heads=auto->n_heads
[pim-debug] pim_config=/lustre/home/2501111916/workspace/XPUPIM_0226_gpupim_parameter/TriForm/algorithms/aim_simulator/PIM_AiM.json
[pim-debug] ramulator_config=/lustre/home/2501111916/workspace/XPUPIM_0226_gpupim_parameter/TriForm/algorithms/aim_simulator/example.yaml
[pim-debug] cost_model config.PIM_FREQ_GHZ=1.0
[pim-debug] op plan (logical shapes inferred from schedule cfg):
  - op#00  op=V        shard=1   x=[1x4096] + w=[2048x4096]  ->  y=[1x2048]  (T=1, K=320)
  - op#01  op=SV       shard=1   p=[16x1x320] + v=[16x320x128]  ->  y=[16x1x128]  (T=1, K=320)
  - op#02  op=LN       shard=-1  x=[1x4096] + w=[4096]  ->  y=[1x4096]  (T=1, K=320)
  - op#03  op=FFN_W1   shard=1   x=[1x4096] + w=[5504x4096]  ->  y=[1x5504]  (T=1, K=320)
  - op#04  op=FFN_W3   shard=1   x=[1x4096] + w=[5504x4096]  ->  y=[1x5504]  (T=1, K=320)
  - op#05  op=SwiGLU   shard=1   a=[1x5504] + b=[1x5504]  ->  y=[1x5504]  (T=1, K=320)
  - op#06  op=FFN_W2   shard=0   x=[1x5504] + w=[4096x5504]  ->  y=[1x4096]  (T=1, K=320)
[pim-debug] NOTE: CENT(AiM) trace backend internally uses x shape (1,1,dim) and handles prefill by repeating ops;
           the table below shows the *effective parameters* passed into cost_model_pim_backend for each op.
[pim-debug] op#00 op=V        norm=v_proj     sh=1  dim=4096  heads=16  hd=128 q_dim=2048  kv_heads=16  kv_dim=2048  o_dim=2048  ffn_dim=5504   seqlen=320    qlen=1   cache=N lat=    0.004ms cycles≈4428
[pim-debug] op#01 op=SV       norm=output     sh=1  dim=4096  heads=16  hd=128 q_dim=2048  kv_heads=16  kv_dim=2048  o_dim=2048  ffn_dim=5504   seqlen=320    qlen=1   cache=N lat=    0.002ms cycles≈1624
[pim-debug] op#02 op=LN       norm=rmsnorm    sh=-1 dim=4096  heads=32  hd=128 q_dim=4096  kv_heads=32  kv_dim=4096  o_dim=4096  ffn_dim=11008  seqlen=320    qlen=1   cache=N lat=    0.001ms cycles≈1314
[pim-debug] op#03 op=FFN_W1   norm=ffn_gate   sh=1  dim=4096  heads=16  hd=128 q_dim=2048  kv_heads=16  kv_dim=2048  o_dim=2048  ffn_dim=5504   seqlen=320    qlen=1   cache=N lat=    0.012ms cycles≈11708
[pim-debug] op#04 op=FFN_W3   norm=ffn_up     sh=1  dim=4096  heads=16  hd=128 q_dim=2048  kv_heads=16  kv_dim=2048  o_dim=2048  ffn_dim=5504   seqlen=320    qlen=1   cache=N lat=    0.011ms cycles≈10896
[pim-debug] op#05 op=SwiGLU   norm=silu       sh=1  dim=4096  heads=16  hd=128 q_dim=2048  kv_heads=16  kv_dim=2048  o_dim=2048  ffn_dim=5504   seqlen=320    qlen=1   cache=N lat=    0.001ms cycles≈503
[pim-debug] op#06 op=FFN_W2   norm=ffn_down   sh=0  dim=4096  heads=16  hd=128 q_dim=2048  kv_heads=16  kv_dim=2048  o_dim=2048  ffn_dim=5504   seqlen=320    qlen=1   cache=N lat=    0.011ms cycles≈11466
[pim-debug] segment total latency: 0.042 ms
========================================================================================
[pim-debug] segment_key=pim|decode|17|fa8b04eaba988353d76eadc6a01ae0d4
[pim-debug] sig: device_type=pim phase=decode step=17 (count_hint=31)
[pim-debug] ops_repr: LN:-1,V:0,SV:0,O:1,FFN_W1:0,SwiGLU:0
[pim-debug] cfg: shard_policy='fine' shards=2 dim=4096 ffn_dim=11008 n_heads=32 n_kv_heads=auto->n_heads
[pim-debug] pim_config=/lustre/home/2501111916/workspace/XPUPIM_0226_gpupim_parameter/TriForm/algorithms/aim_simulator/PIM_AiM.json
[pim-debug] ramulator_config=/lustre/home/2501111916/workspace/XPUPIM_0226_gpupim_parameter/TriForm/algorithms/aim_simulator/example.yaml
[pim-debug] cost_model config.PIM_FREQ_GHZ=1.0
[pim-debug] op plan (logical shapes inferred from schedule cfg):
  - op#00  op=LN       shard=-1  x=[1x4096] + w=[4096]  ->  y=[1x4096]  (T=1, K=320)
  - op#01  op=V        shard=0   x=[1x4096] + w=[2048x4096]  ->  y=[1x2048]  (T=1, K=320)
  - op#02  op=SV       shard=0   p=[16x1x320] + v=[16x320x128]  ->  y=[16x1x128]  (T=1, K=320)
  - op#03  op=O        shard=1   x=[1x2048] + w=[4096x2048]  ->  y=[1x4096]  (T=1, K=320)
  - op#04  op=FFN_W1   shard=0   x=[1x4096] + w=[5504x4096]  ->  y=[1x5504]  (T=1, K=320)
  - op#05  op=SwiGLU   shard=0   a=[1x5504] + b=[1x5504]  ->  y=[1x5504]  (T=1, K=320)
[pim-debug] NOTE: CENT(AiM) trace backend internally uses x shape (1,1,dim) and handles prefill by repeating ops;
           the table below shows the *effective parameters* passed into cost_model_pim_backend for each op.
[pim-debug] op#00 op=LN       norm=rmsnorm    sh=-1 dim=4096  heads=32  hd=128 q_dim=4096  kv_heads=32  kv_dim=4096  o_dim=4096  ffn_dim=11008  seqlen=320    qlen=1   cache=N lat=    0.001ms cycles≈1314
[pim-debug] op#01 op=V        norm=v_proj     sh=0  dim=4096  heads=16  hd=128 q_dim=2048  kv_heads=16  kv_dim=2048  o_dim=2048  ffn_dim=5504   seqlen=320    qlen=1   cache=N lat=    0.004ms cycles≈4428
[pim-debug] op#02 op=SV       norm=output     sh=0  dim=4096  heads=16  hd=128 q_dim=2048  kv_heads=16  kv_dim=2048  o_dim=2048  ffn_dim=5504   seqlen=320    qlen=1   cache=N lat=    0.002ms cycles≈1624
[pim-debug] op#03 op=O        norm=wo_proj    sh=1  dim=4096  heads=16  hd=128 q_dim=2048  kv_heads=16  kv_dim=2048  o_dim=2048  ffn_dim=5504   seqlen=320    qlen=1   cache=N lat=    0.004ms cycles≈4062
[pim-debug] op#04 op=FFN_W1   norm=ffn_gate   sh=0  dim=4096  heads=16  hd=128 q_dim=2048  kv_heads=16  kv_dim=2048  o_dim=2048  ffn_dim=5504   seqlen=320    qlen=1   cache=N lat=    0.012ms cycles≈11708
[pim-debug] op#05 op=SwiGLU   norm=silu       sh=0  dim=4096  heads=16  hd=128 q_dim=2048  kv_heads=16  kv_dim=2048  o_dim=2048  ffn_dim=5504   seqlen=320    qlen=1   cache=N lat=    0.001ms cycles≈503
[pim-debug] segment total latency: 0.024 ms
========================================================================================
[pim-debug] segment_key=pim|decode|17|fdf6362e664a0dcb3b710140facc51d5
[pim-debug] sig: device_type=pim phase=decode step=17 (count_hint=1)
[pim-debug] ops_repr: V:0,SV:0,O:1,FFN_W1:0,SwiGLU:0
[pim-debug] cfg: shard_policy='fine' shards=2 dim=4096 ffn_dim=11008 n_heads=32 n_kv_heads=auto->n_heads
[pim-debug] pim_config=/lustre/home/2501111916/workspace/XPUPIM_0226_gpupim_parameter/TriForm/algorithms/aim_simulator/PIM_AiM.json
[pim-debug] ramulator_config=/lustre/home/2501111916/workspace/XPUPIM_0226_gpupim_parameter/TriForm/algorithms/aim_simulator/example.yaml
[pim-debug] cost_model config.PIM_FREQ_GHZ=1.0
[pim-debug] op plan (logical shapes inferred from schedule cfg):
  - op#00  op=V        shard=0   x=[1x4096] + w=[2048x4096]  ->  y=[1x2048]  (T=1, K=320)
  - op#01  op=SV       shard=0   p=[16x1x320] + v=[16x320x128]  ->  y=[16x1x128]  (T=1, K=320)
  - op#02  op=O        shard=1   x=[1x2048] + w=[4096x2048]  ->  y=[1x4096]  (T=1, K=320)
  - op#03  op=FFN_W1   shard=0   x=[1x4096] + w=[5504x4096]  ->  y=[1x5504]  (T=1, K=320)
  - op#04  op=SwiGLU   shard=0   a=[1x5504] + b=[1x5504]  ->  y=[1x5504]  (T=1, K=320)
[pim-debug] NOTE: CENT(AiM) trace backend internally uses x shape (1,1,dim) and handles prefill by repeating ops;
           the table below shows the *effective parameters* passed into cost_model_pim_backend for each op.
[pim-debug] op#00 op=V        norm=v_proj     sh=0  dim=4096  heads=16  hd=128 q_dim=2048  kv_heads=16  kv_dim=2048  o_dim=2048  ffn_dim=5504   seqlen=320    qlen=1   cache=N lat=    0.004ms cycles≈4428
[pim-debug] op#01 op=SV       norm=output     sh=0  dim=4096  heads=16  hd=128 q_dim=2048  kv_heads=16  kv_dim=2048  o_dim=2048  ffn_dim=5504   seqlen=320    qlen=1   cache=N lat=    0.002ms cycles≈1624
[pim-debug] op#02 op=O        norm=wo_proj    sh=1  dim=4096  heads=16  hd=128 q_dim=2048  kv_heads=16  kv_dim=2048  o_dim=2048  ffn_dim=5504   seqlen=320    qlen=1   cache=N lat=    0.004ms cycles≈4062
[pim-debug] op#03 op=FFN_W1   norm=ffn_gate   sh=0  dim=4096  heads=16  hd=128 q_dim=2048  kv_heads=16  kv_dim=2048  o_dim=2048  ffn_dim=5504   seqlen=320    qlen=1   cache=N lat=    0.012ms cycles≈11708
[pim-debug] op#04 op=SwiGLU   norm=silu       sh=0  dim=4096  heads=16  hd=128 q_dim=2048  kv_heads=16  kv_dim=2048  o_dim=2048  ffn_dim=5504   seqlen=320    qlen=1   cache=N lat=    0.001ms cycles≈503
[pim-debug] segment total latency: 0.022 ms
========================================================================================
[pim-debug] segment_key=pim|decode|18|18ae37754a97d1f42b25b2cff77caf3f
[pim-debug] sig: device_type=pim phase=decode step=18 (count_hint=32)
[pim-debug] ops_repr: V:1,SV:1,LN:-1,FFN_W1:1,FFN_W3:1,SwiGLU:1,FFN_W2:0
[pim-debug] cfg: shard_policy='fine' shards=2 dim=4096 ffn_dim=11008 n_heads=32 n_kv_heads=auto->n_heads
[pim-debug] pim_config=/lustre/home/2501111916/workspace/XPUPIM_0226_gpupim_parameter/TriForm/algorithms/aim_simulator/PIM_AiM.json
[pim-debug] ramulator_config=/lustre/home/2501111916/workspace/XPUPIM_0226_gpupim_parameter/TriForm/algorithms/aim_simulator/example.yaml
[pim-debug] cost_model config.PIM_FREQ_GHZ=1.0
[pim-debug] op plan (logical shapes inferred from schedule cfg):
  - op#00  op=V        shard=1   x=[1x4096] + w=[2048x4096]  ->  y=[1x2048]  (T=1, K=332)
  - op#01  op=SV       shard=1   p=[16x1x332] + v=[16x332x128]  ->  y=[16x1x128]  (T=1, K=332)
  - op#02  op=LN       shard=-1  x=[1x4096] + w=[4096]  ->  y=[1x4096]  (T=1, K=332)
  - op#03  op=FFN_W1   shard=1   x=[1x4096] + w=[5504x4096]  ->  y=[1x5504]  (T=1, K=332)
  - op#04  op=FFN_W3   shard=1   x=[1x4096] + w=[5504x4096]  ->  y=[1x5504]  (T=1, K=332)
  - op#05  op=SwiGLU   shard=1   a=[1x5504] + b=[1x5504]  ->  y=[1x5504]  (T=1, K=332)
  - op#06  op=FFN_W2   shard=0   x=[1x5504] + w=[4096x5504]  ->  y=[1x4096]  (T=1, K=332)
[pim-debug] NOTE: CENT(AiM) trace backend internally uses x shape (1,1,dim) and handles prefill by repeating ops;
           the table below shows the *effective parameters* passed into cost_model_pim_backend for each op.
[pim-debug] op#00 op=V        norm=v_proj     sh=1  dim=4096  heads=16  hd=128 q_dim=2048  kv_heads=16  kv_dim=2048  o_dim=2048  ffn_dim=5504   seqlen=332    qlen=1   cache=N lat=    0.004ms cycles≈4428
[pim-debug] op#01 op=SV       norm=output     sh=1  dim=4096  heads=16  hd=128 q_dim=2048  kv_heads=16  kv_dim=2048  o_dim=2048  ffn_dim=5504   seqlen=332    qlen=1   cache=N lat=    0.002ms cycles≈1642
[pim-debug] op#02 op=LN       norm=rmsnorm    sh=-1 dim=4096  heads=32  hd=128 q_dim=4096  kv_heads=32  kv_dim=4096  o_dim=4096  ffn_dim=11008  seqlen=332    qlen=1   cache=N lat=    0.001ms cycles≈1314
[pim-debug] op#03 op=FFN_W1   norm=ffn_gate   sh=1  dim=4096  heads=16  hd=128 q_dim=2048  kv_heads=16  kv_dim=2048  o_dim=2048  ffn_dim=5504   seqlen=332    qlen=1   cache=N lat=    0.012ms cycles≈11708
[pim-debug] op#04 op=FFN_W3   norm=ffn_up     sh=1  dim=4096  heads=16  hd=128 q_dim=2048  kv_heads=16  kv_dim=2048  o_dim=2048  ffn_dim=5504   seqlen=332    qlen=1   cache=N lat=    0.011ms cycles≈10896
[pim-debug] op#05 op=SwiGLU   norm=silu       sh=1  dim=4096  heads=16  hd=128 q_dim=2048  kv_heads=16  kv_dim=2048  o_dim=2048  ffn_dim=5504   seqlen=332    qlen=1   cache=N lat=    0.001ms cycles≈503
[pim-debug] op#06 op=FFN_W2   norm=ffn_down   sh=0  dim=4096  heads=16  hd=128 q_dim=2048  kv_heads=16  kv_dim=2048  o_dim=2048  ffn_dim=5504   seqlen=332    qlen=1   cache=N lat=    0.011ms cycles≈11466
[pim-debug] segment total latency: 0.042 ms
========================================================================================
[pim-debug] segment_key=pim|decode|18|fa8b04eaba988353d76eadc6a01ae0d4
[pim-debug] sig: device_type=pim phase=decode step=18 (count_hint=31)
[pim-debug] ops_repr: LN:-1,V:0,SV:0,O:1,FFN_W1:0,SwiGLU:0
[pim-debug] cfg: shard_policy='fine' shards=2 dim=4096 ffn_dim=11008 n_heads=32 n_kv_heads=auto->n_heads
[pim-debug] pim_config=/lustre/home/2501111916/workspace/XPUPIM_0226_gpupim_parameter/TriForm/algorithms/aim_simulator/PIM_AiM.json
[pim-debug] ramulator_config=/lustre/home/2501111916/workspace/XPUPIM_0226_gpupim_parameter/TriForm/algorithms/aim_simulator/example.yaml
[pim-debug] cost_model config.PIM_FREQ_GHZ=1.0
[pim-debug] op plan (logical shapes inferred from schedule cfg):
  - op#00  op=LN       shard=-1  x=[1x4096] + w=[4096]  ->  y=[1x4096]  (T=1, K=332)
  - op#01  op=V        shard=0   x=[1x4096] + w=[2048x4096]  ->  y=[1x2048]  (T=1, K=332)
  - op#02  op=SV       shard=0   p=[16x1x332] + v=[16x332x128]  ->  y=[16x1x128]  (T=1, K=332)
  - op#03  op=O        shard=1   x=[1x2048] + w=[4096x2048]  ->  y=[1x4096]  (T=1, K=332)
  - op#04  op=FFN_W1   shard=0   x=[1x4096] + w=[5504x4096]  ->  y=[1x5504]  (T=1, K=332)
  - op#05  op=SwiGLU   shard=0   a=[1x5504] + b=[1x5504]  ->  y=[1x5504]  (T=1, K=332)
[pim-debug] NOTE: CENT(AiM) trace backend internally uses x shape (1,1,dim) and handles prefill by repeating ops;
           the table below shows the *effective parameters* passed into cost_model_pim_backend for each op.
[pim-debug] op#00 op=LN       norm=rmsnorm    sh=-1 dim=4096  heads=32  hd=128 q_dim=4096  kv_heads=32  kv_dim=4096  o_dim=4096  ffn_dim=11008  seqlen=332    qlen=1   cache=N lat=    0.001ms cycles≈1314
[pim-debug] op#01 op=V        norm=v_proj     sh=0  dim=4096  heads=16  hd=128 q_dim=2048  kv_heads=16  kv_dim=2048  o_dim=2048  ffn_dim=5504   seqlen=332    qlen=1   cache=N lat=    0.004ms cycles≈4428
[pim-debug] op#02 op=SV       norm=output     sh=0  dim=4096  heads=16  hd=128 q_dim=2048  kv_heads=16  kv_dim=2048  o_dim=2048  ffn_dim=5504   seqlen=332    qlen=1   cache=N lat=    0.002ms cycles≈1642
[pim-debug] op#03 op=O        norm=wo_proj    sh=1  dim=4096  heads=16  hd=128 q_dim=2048  kv_heads=16  kv_dim=2048  o_dim=2048  ffn_dim=5504   seqlen=332    qlen=1   cache=N lat=    0.004ms cycles≈4062
[pim-debug] op#04 op=FFN_W1   norm=ffn_gate   sh=0  dim=4096  heads=16  hd=128 q_dim=2048  kv_heads=16  kv_dim=2048  o_dim=2048  ffn_dim=5504   seqlen=332    qlen=1   cache=N lat=    0.012ms cycles≈11708
[pim-debug] op#05 op=SwiGLU   norm=silu       sh=0  dim=4096  heads=16  hd=128 q_dim=2048  kv_heads=16  kv_dim=2048  o_dim=2048  ffn_dim=5504   seqlen=332    qlen=1   cache=N lat=    0.001ms cycles≈503
[pim-debug] segment total latency: 0.024 ms
========================================================================================
[pim-debug] segment_key=pim|decode|18|fdf6362e664a0dcb3b710140facc51d5
[pim-debug] sig: device_type=pim phase=decode step=18 (count_hint=1)
[pim-debug] ops_repr: V:0,SV:0,O:1,FFN_W1:0,SwiGLU:0
[pim-debug] cfg: shard_policy='fine' shards=2 dim=4096 ffn_dim=11008 n_heads=32 n_kv_heads=auto->n_heads
[pim-debug] pim_config=/lustre/home/2501111916/workspace/XPUPIM_0226_gpupim_parameter/TriForm/algorithms/aim_simulator/PIM_AiM.json
[pim-debug] ramulator_config=/lustre/home/2501111916/workspace/XPUPIM_0226_gpupim_parameter/TriForm/algorithms/aim_simulator/example.yaml
[pim-debug] cost_model config.PIM_FREQ_GHZ=1.0
[pim-debug] op plan (logical shapes inferred from schedule cfg):
  - op#00  op=V        shard=0   x=[1x4096] + w=[2048x4096]  ->  y=[1x2048]  (T=1, K=332)
  - op#01  op=SV       shard=0   p=[16x1x332] + v=[16x332x128]  ->  y=[16x1x128]  (T=1, K=332)
  - op#02  op=O        shard=1   x=[1x2048] + w=[4096x2048]  ->  y=[1x4096]  (T=1, K=332)
  - op#03  op=FFN_W1   shard=0   x=[1x4096] + w=[5504x4096]  ->  y=[1x5504]  (T=1, K=332)
  - op#04  op=SwiGLU   shard=0   a=[1x5504] + b=[1x5504]  ->  y=[1x5504]  (T=1, K=332)
[pim-debug] NOTE: CENT(AiM) trace backend internally uses x shape (1,1,dim) and handles prefill by repeating ops;
           the table below shows the *effective parameters* passed into cost_model_pim_backend for each op.
[pim-debug] op#00 op=V        norm=v_proj     sh=0  dim=4096  heads=16  hd=128 q_dim=2048  kv_heads=16  kv_dim=2048  o_dim=2048  ffn_dim=5504   seqlen=332    qlen=1   cache=N lat=    0.004ms cycles≈4428
[pim-debug] op#01 op=SV       norm=output     sh=0  dim=4096  heads=16  hd=128 q_dim=2048  kv_heads=16  kv_dim=2048  o_dim=2048  ffn_dim=5504   seqlen=332    qlen=1   cache=N lat=    0.002ms cycles≈1642
[pim-debug] op#02 op=O        norm=wo_proj    sh=1  dim=4096  heads=16  hd=128 q_dim=2048  kv_heads=16  kv_dim=2048  o_dim=2048  ffn_dim=5504   seqlen=332    qlen=1   cache=N lat=    0.004ms cycles≈4062
[pim-debug] op#03 op=FFN_W1   norm=ffn_gate   sh=0  dim=4096  heads=16  hd=128 q_dim=2048  kv_heads=16  kv_dim=2048  o_dim=2048  ffn_dim=5504   seqlen=332    qlen=1   cache=N lat=    0.012ms cycles≈11708
[pim-debug] op#04 op=SwiGLU   norm=silu       sh=0  dim=4096  heads=16  hd=128 q_dim=2048  kv_heads=16  kv_dim=2048  o_dim=2048  ffn_dim=5504   seqlen=332    qlen=1   cache=N lat=    0.001ms cycles≈503
[pim-debug] segment total latency: 0.022 ms
========================================================================================
[pim-debug] segment_key=pim|decode|19|18ae37754a97d1f42b25b2cff77caf3f
[pim-debug] sig: device_type=pim phase=decode step=19 (count_hint=32)
[pim-debug] ops_repr: V:1,SV:1,LN:-1,FFN_W1:1,FFN_W3:1,SwiGLU:1,FFN_W2:0
[pim-debug] cfg: shard_policy='fine' shards=2 dim=4096 ffn_dim=11008 n_heads=32 n_kv_heads=auto->n_heads
[pim-debug] pim_config=/lustre/home/2501111916/workspace/XPUPIM_0226_gpupim_parameter/TriForm/algorithms/aim_simulator/PIM_AiM.json
[pim-debug] ramulator_config=/lustre/home/2501111916/workspace/XPUPIM_0226_gpupim_parameter/TriForm/algorithms/aim_simulator/example.yaml
[pim-debug] cost_model config.PIM_FREQ_GHZ=1.0
[pim-debug] op plan (logical shapes inferred from schedule cfg):
  - op#00  op=V        shard=1   x=[1x4096] + w=[2048x4096]  ->  y=[1x2048]  (T=1, K=344)
  - op#01  op=SV       shard=1   p=[16x1x344] + v=[16x344x128]  ->  y=[16x1x128]  (T=1, K=344)
  - op#02  op=LN       shard=-1  x=[1x4096] + w=[4096]  ->  y=[1x4096]  (T=1, K=344)
  - op#03  op=FFN_W1   shard=1   x=[1x4096] + w=[5504x4096]  ->  y=[1x5504]  (T=1, K=344)
  - op#04  op=FFN_W3   shard=1   x=[1x4096] + w=[5504x4096]  ->  y=[1x5504]  (T=1, K=344)
  - op#05  op=SwiGLU   shard=1   a=[1x5504] + b=[1x5504]  ->  y=[1x5504]  (T=1, K=344)
  - op#06  op=FFN_W2   shard=0   x=[1x5504] + w=[4096x5504]  ->  y=[1x4096]  (T=1, K=344)
[pim-debug] NOTE: CENT(AiM) trace backend internally uses x shape (1,1,dim) and handles prefill by repeating ops;
           the table below shows the *effective parameters* passed into cost_model_pim_backend for each op.
[pim-debug] op#00 op=V        norm=v_proj     sh=1  dim=4096  heads=16  hd=128 q_dim=2048  kv_heads=16  kv_dim=2048  o_dim=2048  ffn_dim=5504   seqlen=344    qlen=1   cache=N lat=    0.004ms cycles≈4428
[pim-debug] op#01 op=SV       norm=output     sh=1  dim=4096  heads=16  hd=128 q_dim=2048  kv_heads=16  kv_dim=2048  o_dim=2048  ffn_dim=5504   seqlen=344    qlen=1   cache=N lat=    0.002ms cycles≈1660
[pim-debug] op#02 op=LN       norm=rmsnorm    sh=-1 dim=4096  heads=32  hd=128 q_dim=4096  kv_heads=32  kv_dim=4096  o_dim=4096  ffn_dim=11008  seqlen=344    qlen=1   cache=N lat=    0.001ms cycles≈1314
[pim-debug] op#03 op=FFN_W1   norm=ffn_gate   sh=1  dim=4096  heads=16  hd=128 q_dim=2048  kv_heads=16  kv_dim=2048  o_dim=2048  ffn_dim=5504   seqlen=344    qlen=1   cache=N lat=    0.012ms cycles≈11708
[pim-debug] op#04 op=FFN_W3   norm=ffn_up     sh=1  dim=4096  heads=16  hd=128 q_dim=2048  kv_heads=16  kv_dim=2048  o_dim=2048  ffn_dim=5504   seqlen=344    qlen=1   cache=N lat=    0.011ms cycles≈10896
[pim-debug] op#05 op=SwiGLU   norm=silu       sh=1  dim=4096  heads=16  hd=128 q_dim=2048  kv_heads=16  kv_dim=2048  o_dim=2048  ffn_dim=5504   seqlen=344    qlen=1   cache=N lat=    0.001ms cycles≈503
[pim-debug] op#06 op=FFN_W2   norm=ffn_down   sh=0  dim=4096  heads=16  hd=128 q_dim=2048  kv_heads=16  kv_dim=2048  o_dim=2048  ffn_dim=5504   seqlen=344    qlen=1   cache=N lat=    0.011ms cycles≈11466
[pim-debug] segment total latency: 0.042 ms
========================================================================================
[pim-debug] segment_key=pim|decode|19|fa8b04eaba988353d76eadc6a01ae0d4
[pim-debug] sig: device_type=pim phase=decode step=19 (count_hint=31)
[pim-debug] ops_repr: LN:-1,V:0,SV:0,O:1,FFN_W1:0,SwiGLU:0
[pim-debug] cfg: shard_policy='fine' shards=2 dim=4096 ffn_dim=11008 n_heads=32 n_kv_heads=auto->n_heads
[pim-debug] pim_config=/lustre/home/2501111916/workspace/XPUPIM_0226_gpupim_parameter/TriForm/algorithms/aim_simulator/PIM_AiM.json
[pim-debug] ramulator_config=/lustre/home/2501111916/workspace/XPUPIM_0226_gpupim_parameter/TriForm/algorithms/aim_simulator/example.yaml
[pim-debug] cost_model config.PIM_FREQ_GHZ=1.0
[pim-debug] op plan (logical shapes inferred from schedule cfg):
  - op#00  op=LN       shard=-1  x=[1x4096] + w=[4096]  ->  y=[1x4096]  (T=1, K=344)
  - op#01  op=V        shard=0   x=[1x4096] + w=[2048x4096]  ->  y=[1x2048]  (T=1, K=344)
  - op#02  op=SV       shard=0   p=[16x1x344] + v=[16x344x128]  ->  y=[16x1x128]  (T=1, K=344)
  - op#03  op=O        shard=1   x=[1x2048] + w=[4096x2048]  ->  y=[1x4096]  (T=1, K=344)
  - op#04  op=FFN_W1   shard=0   x=[1x4096] + w=[5504x4096]  ->  y=[1x5504]  (T=1, K=344)
  - op#05  op=SwiGLU   shard=0   a=[1x5504] + b=[1x5504]  ->  y=[1x5504]  (T=1, K=344)
[pim-debug] NOTE: CENT(AiM) trace backend internally uses x shape (1,1,dim) and handles prefill by repeating ops;
           the table below shows the *effective parameters* passed into cost_model_pim_backend for each op.
[pim-debug] op#00 op=LN       norm=rmsnorm    sh=-1 dim=4096  heads=32  hd=128 q_dim=4096  kv_heads=32  kv_dim=4096  o_dim=4096  ffn_dim=11008  seqlen=344    qlen=1   cache=N lat=    0.001ms cycles≈1314
[pim-debug] op#01 op=V        norm=v_proj     sh=0  dim=4096  heads=16  hd=128 q_dim=2048  kv_heads=16  kv_dim=2048  o_dim=2048  ffn_dim=5504   seqlen=344    qlen=1   cache=N lat=    0.004ms cycles≈4428
[pim-debug] op#02 op=SV       norm=output     sh=0  dim=4096  heads=16  hd=128 q_dim=2048  kv_heads=16  kv_dim=2048  o_dim=2048  ffn_dim=5504   seqlen=344    qlen=1   cache=N lat=    0.002ms cycles≈1660
[pim-debug] op#03 op=O        norm=wo_proj    sh=1  dim=4096  heads=16  hd=128 q_dim=2048  kv_heads=16  kv_dim=2048  o_dim=2048  ffn_dim=5504   seqlen=344    qlen=1   cache=N lat=    0.004ms cycles≈4062
[pim-debug] op#04 op=FFN_W1   norm=ffn_gate   sh=0  dim=4096  heads=16  hd=128 q_dim=2048  kv_heads=16  kv_dim=2048  o_dim=2048  ffn_dim=5504   seqlen=344    qlen=1   cache=N lat=    0.012ms cycles≈11708
[pim-debug] op#05 op=SwiGLU   norm=silu       sh=0  dim=4096  heads=16  hd=128 q_dim=2048  kv_heads=16  kv_dim=2048  o_dim=2048  ffn_dim=5504   seqlen=344    qlen=1   cache=N lat=    0.001ms cycles≈503
[pim-debug] segment total latency: 0.024 ms
========================================================================================
[pim-debug] segment_key=pim|decode|19|fdf6362e664a0dcb3b710140facc51d5
[pim-debug] sig: device_type=pim phase=decode step=19 (count_hint=1)
[pim-debug] ops_repr: V:0,SV:0,O:1,FFN_W1:0,SwiGLU:0
[pim-debug] cfg: shard_policy='fine' shards=2 dim=4096 ffn_dim=11008 n_heads=32 n_kv_heads=auto->n_heads
[pim-debug] pim_config=/lustre/home/2501111916/workspace/XPUPIM_0226_gpupim_parameter/TriForm/algorithms/aim_simulator/PIM_AiM.json
[pim-debug] ramulator_config=/lustre/home/2501111916/workspace/XPUPIM_0226_gpupim_parameter/TriForm/algorithms/aim_simulator/example.yaml
[pim-debug] cost_model config.PIM_FREQ_GHZ=1.0
[pim-debug] op plan (logical shapes inferred from schedule cfg):
  - op#00  op=V        shard=0   x=[1x4096] + w=[2048x4096]  ->  y=[1x2048]  (T=1, K=344)
  - op#01  op=SV       shard=0   p=[16x1x344] + v=[16x344x128]  ->  y=[16x1x128]  (T=1, K=344)
  - op#02  op=O        shard=1   x=[1x2048] + w=[4096x2048]  ->  y=[1x4096]  (T=1, K=344)
  - op#03  op=FFN_W1   shard=0   x=[1x4096] + w=[5504x4096]  ->  y=[1x5504]  (T=1, K=344)
  - op#04  op=SwiGLU   shard=0   a=[1x5504] + b=[1x5504]  ->  y=[1x5504]  (T=1, K=344)
[pim-debug] NOTE: CENT(AiM) trace backend internally uses x shape (1,1,dim) and handles prefill by repeating ops;
           the table below shows the *effective parameters* passed into cost_model_pim_backend for each op.
[pim-debug] op#00 op=V        norm=v_proj     sh=0  dim=4096  heads=16  hd=128 q_dim=2048  kv_heads=16  kv_dim=2048  o_dim=2048  ffn_dim=5504   seqlen=344    qlen=1   cache=N lat=    0.004ms cycles≈4428
[pim-debug] op#01 op=SV       norm=output     sh=0  dim=4096  heads=16  hd=128 q_dim=2048  kv_heads=16  kv_dim=2048  o_dim=2048  ffn_dim=5504   seqlen=344    qlen=1   cache=N lat=    0.002ms cycles≈1660
[pim-debug] op#02 op=O        norm=wo_proj    sh=1  dim=4096  heads=16  hd=128 q_dim=2048  kv_heads=16  kv_dim=2048  o_dim=2048  ffn_dim=5504   seqlen=344    qlen=1   cache=N lat=    0.004ms cycles≈4062
[pim-debug] op#03 op=FFN_W1   norm=ffn_gate   sh=0  dim=4096  heads=16  hd=128 q_dim=2048  kv_heads=16  kv_dim=2048  o_dim=2048  ffn_dim=5504   seqlen=344    qlen=1   cache=N lat=    0.012ms cycles≈11708
[pim-debug] op#04 op=SwiGLU   norm=silu       sh=0  dim=4096  heads=16  hd=128 q_dim=2048  kv_heads=16  kv_dim=2048  o_dim=2048  ffn_dim=5504   seqlen=344    qlen=1   cache=N lat=    0.001ms cycles≈503
[pim-debug] segment total latency: 0.022 ms
========================================================================================
[pim-debug] segment_key=pim|decode|1|1502125d04624fb8165867e186fd2343
[pim-debug] sig: device_type=pim phase=decode step=1 (count_hint=31)
[pim-debug] ops_repr: LN:-1,V:0,SV:0,O:1,FFN_W1:0,SwiGLU:0,FFN_W2:0
[pim-debug] cfg: shard_policy='fine' shards=2 dim=4096 ffn_dim=11008 n_heads=32 n_kv_heads=auto->n_heads
[pim-debug] pim_config=/lustre/home/2501111916/workspace/XPUPIM_0226_gpupim_parameter/TriForm/algorithms/aim_simulator/PIM_AiM.json
[pim-debug] ramulator_config=/lustre/home/2501111916/workspace/XPUPIM_0226_gpupim_parameter/TriForm/algorithms/aim_simulator/example.yaml
[pim-debug] cost_model config.PIM_FREQ_GHZ=1.0
[pim-debug] op plan (logical shapes inferred from schedule cfg):
  - op#00  op=LN       shard=-1  x=[1x4096] + w=[4096]  ->  y=[1x4096]  (T=1, K=130)
  - op#01  op=V        shard=0   x=[1x4096] + w=[2048x4096]  ->  y=[1x2048]  (T=1, K=130)
  - op#02  op=SV       shard=0   p=[16x1x130] + v=[16x130x128]  ->  y=[16x1x128]  (T=1, K=130)
  - op#03  op=O        shard=1   x=[1x2048] + w=[4096x2048]  ->  y=[1x4096]  (T=1, K=130)
  - op#04  op=FFN_W1   shard=0   x=[1x4096] + w=[5504x4096]  ->  y=[1x5504]  (T=1, K=130)
  - op#05  op=SwiGLU   shard=0   a=[1x5504] + b=[1x5504]  ->  y=[1x5504]  (T=1, K=130)
  - op#06  op=FFN_W2   shard=0   x=[1x5504] + w=[4096x5504]  ->  y=[1x4096]  (T=1, K=130)
[pim-debug] NOTE: CENT(AiM) trace backend internally uses x shape (1,1,dim) and handles prefill by repeating ops;
           the table below shows the *effective parameters* passed into cost_model_pim_backend for each op.
[pim-debug] op#00 op=LN       norm=rmsnorm    sh=-1 dim=4096  heads=32  hd=128 q_dim=4096  kv_heads=32  kv_dim=4096  o_dim=4096  ffn_dim=11008  seqlen=130    qlen=1   cache=N lat=    0.001ms cycles≈1314
[pim-debug] op#01 op=V        norm=v_proj     sh=0  dim=4096  heads=16  hd=128 q_dim=2048  kv_heads=16  kv_dim=2048  o_dim=2048  ffn_dim=5504   seqlen=130    qlen=1   cache=N lat=    0.004ms cycles≈4428
[pim-debug] op#02 op=SV       norm=output     sh=0  dim=4096  heads=16  hd=128 q_dim=2048  kv_heads=16  kv_dim=2048  o_dim=2048  ffn_dim=5504   seqlen=130    qlen=1   cache=N lat=    0.001ms cycles≈1426
[pim-debug] op#03 op=O        norm=wo_proj    sh=1  dim=4096  heads=16  hd=128 q_dim=2048  kv_heads=16  kv_dim=2048  o_dim=2048  ffn_dim=5504   seqlen=130    qlen=1   cache=N lat=    0.004ms cycles≈4062
[pim-debug] op#04 op=FFN_W1   norm=ffn_gate   sh=0  dim=4096  heads=16  hd=128 q_dim=2048  kv_heads=16  kv_dim=2048  o_dim=2048  ffn_dim=5504   seqlen=130    qlen=1   cache=N lat=    0.012ms cycles≈11708
[pim-debug] op#05 op=SwiGLU   norm=silu       sh=0  dim=4096  heads=16  hd=128 q_dim=2048  kv_heads=16  kv_dim=2048  o_dim=2048  ffn_dim=5504   seqlen=130    qlen=1   cache=N lat=    0.001ms cycles≈503
[pim-debug] op#06 op=FFN_W2   norm=ffn_down   sh=0  dim=4096  heads=16  hd=128 q_dim=2048  kv_heads=16  kv_dim=2048  o_dim=2048  ffn_dim=5504   seqlen=130    qlen=1   cache=N lat=    0.011ms cycles≈11466
[pim-debug] segment total latency: 0.035 ms
========================================================================================
[pim-debug] segment_key=pim|decode|1|601079d3546ffc6a45c796ec2462301f
[pim-debug] sig: device_type=pim phase=decode step=1 (count_hint=32)
[pim-debug] ops_repr: V:1,SV:1,LN:-1,FFN_W1:1,FFN_W3:1,FFN_W2:1
[pim-debug] cfg: shard_policy='fine' shards=2 dim=4096 ffn_dim=11008 n_heads=32 n_kv_heads=auto->n_heads
[pim-debug] pim_config=/lustre/home/2501111916/workspace/XPUPIM_0226_gpupim_parameter/TriForm/algorithms/aim_simulator/PIM_AiM.json
[pim-debug] ramulator_config=/lustre/home/2501111916/workspace/XPUPIM_0226_gpupim_parameter/TriForm/algorithms/aim_simulator/example.yaml
[pim-debug] cost_model config.PIM_FREQ_GHZ=1.0
[pim-debug] op plan (logical shapes inferred from schedule cfg):
  - op#00  op=V        shard=1   x=[1x4096] + w=[2048x4096]  ->  y=[1x2048]  (T=1, K=130)
  - op#01  op=SV       shard=1   p=[16x1x130] + v=[16x130x128]  ->  y=[16x1x128]  (T=1, K=130)
  - op#02  op=LN       shard=-1  x=[1x4096] + w=[4096]  ->  y=[1x4096]  (T=1, K=130)
  - op#03  op=FFN_W1   shard=1   x=[1x4096] + w=[5504x4096]  ->  y=[1x5504]  (T=1, K=130)
  - op#04  op=FFN_W3   shard=1   x=[1x4096] + w=[5504x4096]  ->  y=[1x5504]  (T=1, K=130)
  - op#05  op=FFN_W2   shard=1   x=[1x5504] + w=[4096x5504]  ->  y=[1x4096]  (T=1, K=130)
[pim-debug] NOTE: CENT(AiM) trace backend internally uses x shape (1,1,dim) and handles prefill by repeating ops;
           the table below shows the *effective parameters* passed into cost_model_pim_backend for each op.
[pim-debug] op#00 op=V        norm=v_proj     sh=1  dim=4096  heads=16  hd=128 q_dim=2048  kv_heads=16  kv_dim=2048  o_dim=2048  ffn_dim=5504   seqlen=130    qlen=1   cache=N lat=    0.004ms cycles≈4428
[pim-debug] op#01 op=SV       norm=output     sh=1  dim=4096  heads=16  hd=128 q_dim=2048  kv_heads=16  kv_dim=2048  o_dim=2048  ffn_dim=5504   seqlen=130    qlen=1   cache=N lat=    0.001ms cycles≈1426
[pim-debug] op#02 op=LN       norm=rmsnorm    sh=-1 dim=4096  heads=32  hd=128 q_dim=4096  kv_heads=32  kv_dim=4096  o_dim=4096  ffn_dim=11008  seqlen=130    qlen=1   cache=N lat=    0.001ms cycles≈1314
[pim-debug] op#03 op=FFN_W1   norm=ffn_gate   sh=1  dim=4096  heads=16  hd=128 q_dim=2048  kv_heads=16  kv_dim=2048  o_dim=2048  ffn_dim=5504   seqlen=130    qlen=1   cache=N lat=    0.012ms cycles≈11708
[pim-debug] op#04 op=FFN_W3   norm=ffn_up     sh=1  dim=4096  heads=16  hd=128 q_dim=2048  kv_heads=16  kv_dim=2048  o_dim=2048  ffn_dim=5504   seqlen=130    qlen=1   cache=N lat=    0.011ms cycles≈10896
[pim-debug] op#05 op=FFN_W2   norm=ffn_down   sh=1  dim=4096  heads=16  hd=128 q_dim=2048  kv_heads=16  kv_dim=2048  o_dim=2048  ffn_dim=5504   seqlen=130    qlen=1   cache=N lat=    0.011ms cycles≈11466
[pim-debug] segment total latency: 0.041 ms
========================================================================================
[pim-debug] segment_key=pim|decode|1|d9632a30244b8b212b0b66667b02cbca
[pim-debug] sig: device_type=pim phase=decode step=1 (count_hint=1)
[pim-debug] ops_repr: V:0,SV:0,O:1,FFN_W1:0,SwiGLU:0,FFN_W2:0
[pim-debug] cfg: shard_policy='fine' shards=2 dim=4096 ffn_dim=11008 n_heads=32 n_kv_heads=auto->n_heads
[pim-debug] pim_config=/lustre/home/2501111916/workspace/XPUPIM_0226_gpupim_parameter/TriForm/algorithms/aim_simulator/PIM_AiM.json
[pim-debug] ramulator_config=/lustre/home/2501111916/workspace/XPUPIM_0226_gpupim_parameter/TriForm/algorithms/aim_simulator/example.yaml
[pim-debug] cost_model config.PIM_FREQ_GHZ=1.0
[pim-debug] op plan (logical shapes inferred from schedule cfg):
  - op#00  op=V        shard=0   x=[1x4096] + w=[2048x4096]  ->  y=[1x2048]  (T=1, K=130)
  - op#01  op=SV       shard=0   p=[16x1x130] + v=[16x130x128]  ->  y=[16x1x128]  (T=1, K=130)
  - op#02  op=O        shard=1   x=[1x2048] + w=[4096x2048]  ->  y=[1x4096]  (T=1, K=130)
  - op#03  op=FFN_W1   shard=0   x=[1x4096] + w=[5504x4096]  ->  y=[1x5504]  (T=1, K=130)
  - op#04  op=SwiGLU   shard=0   a=[1x5504] + b=[1x5504]  ->  y=[1x5504]  (T=1, K=130)
  - op#05  op=FFN_W2   shard=0   x=[1x5504] + w=[4096x5504]  ->  y=[1x4096]  (T=1, K=130)
[pim-debug] NOTE: CENT(AiM) trace backend internally uses x shape (1,1,dim) and handles prefill by repeating ops;
           the table below shows the *effective parameters* passed into cost_model_pim_backend for each op.
[pim-debug] op#00 op=V        norm=v_proj     sh=0  dim=4096  heads=16  hd=128 q_dim=2048  kv_heads=16  kv_dim=2048  o_dim=2048  ffn_dim=5504   seqlen=130    qlen=1   cache=N lat=    0.004ms cycles≈4428
[pim-debug] op#01 op=SV       norm=output     sh=0  dim=4096  heads=16  hd=128 q_dim=2048  kv_heads=16  kv_dim=2048  o_dim=2048  ffn_dim=5504   seqlen=130    qlen=1   cache=N lat=    0.001ms cycles≈1426
[pim-debug] op#02 op=O        norm=wo_proj    sh=1  dim=4096  heads=16  hd=128 q_dim=2048  kv_heads=16  kv_dim=2048  o_dim=2048  ffn_dim=5504   seqlen=130    qlen=1   cache=N lat=    0.004ms cycles≈4062
[pim-debug] op#03 op=FFN_W1   norm=ffn_gate   sh=0  dim=4096  heads=16  hd=128 q_dim=2048  kv_heads=16  kv_dim=2048  o_dim=2048  ffn_dim=5504   seqlen=130    qlen=1   cache=N lat=    0.012ms cycles≈11708
[pim-debug] op#04 op=SwiGLU   norm=silu       sh=0  dim=4096  heads=16  hd=128 q_dim=2048  kv_heads=16  kv_dim=2048  o_dim=2048  ffn_dim=5504   seqlen=130    qlen=1   cache=N lat=    0.001ms cycles≈503
[pim-debug] op#05 op=FFN_W2   norm=ffn_down   sh=0  dim=4096  heads=16  hd=128 q_dim=2048  kv_heads=16  kv_dim=2048  o_dim=2048  ffn_dim=5504   seqlen=130    qlen=1   cache=N lat=    0.011ms cycles≈11466
[pim-debug] segment total latency: 0.034 ms
========================================================================================
[pim-debug] segment_key=pim|decode|20|18ae37754a97d1f42b25b2cff77caf3f
[pim-debug] sig: device_type=pim phase=decode step=20 (count_hint=32)
[pim-debug] ops_repr: V:1,SV:1,LN:-1,FFN_W1:1,FFN_W3:1,SwiGLU:1,FFN_W2:0
[pim-debug] cfg: shard_policy='fine' shards=2 dim=4096 ffn_dim=11008 n_heads=32 n_kv_heads=auto->n_heads
[pim-debug] pim_config=/lustre/home/2501111916/workspace/XPUPIM_0226_gpupim_parameter/TriForm/algorithms/aim_simulator/PIM_AiM.json
[pim-debug] ramulator_config=/lustre/home/2501111916/workspace/XPUPIM_0226_gpupim_parameter/TriForm/algorithms/aim_simulator/example.yaml
[pim-debug] cost_model config.PIM_FREQ_GHZ=1.0
[pim-debug] op plan (logical shapes inferred from schedule cfg):
  - op#00  op=V        shard=1   x=[1x4096] + w=[2048x4096]  ->  y=[1x2048]  (T=1, K=356)
  - op#01  op=SV       shard=1   p=[16x1x356] + v=[16x356x128]  ->  y=[16x1x128]  (T=1, K=356)
  - op#02  op=LN       shard=-1  x=[1x4096] + w=[4096]  ->  y=[1x4096]  (T=1, K=356)
  - op#03  op=FFN_W1   shard=1   x=[1x4096] + w=[5504x4096]  ->  y=[1x5504]  (T=1, K=356)
  - op#04  op=FFN_W3   shard=1   x=[1x4096] + w=[5504x4096]  ->  y=[1x5504]  (T=1, K=356)
  - op#05  op=SwiGLU   shard=1   a=[1x5504] + b=[1x5504]  ->  y=[1x5504]  (T=1, K=356)
  - op#06  op=FFN_W2   shard=0   x=[1x5504] + w=[4096x5504]  ->  y=[1x4096]  (T=1, K=356)
[pim-debug] NOTE: CENT(AiM) trace backend internally uses x shape (1,1,dim) and handles prefill by repeating ops;
           the table below shows the *effective parameters* passed into cost_model_pim_backend for each op.
[pim-debug] op#00 op=V        norm=v_proj     sh=1  dim=4096  heads=16  hd=128 q_dim=2048  kv_heads=16  kv_dim=2048  o_dim=2048  ffn_dim=5504   seqlen=356    qlen=1   cache=N lat=    0.004ms cycles≈4428
[pim-debug] op#01 op=SV       norm=output     sh=1  dim=4096  heads=16  hd=128 q_dim=2048  kv_heads=16  kv_dim=2048  o_dim=2048  ffn_dim=5504   seqlen=356    qlen=1   cache=N lat=    0.002ms cycles≈1678
[pim-debug] op#02 op=LN       norm=rmsnorm    sh=-1 dim=4096  heads=32  hd=128 q_dim=4096  kv_heads=32  kv_dim=4096  o_dim=4096  ffn_dim=11008  seqlen=356    qlen=1   cache=N lat=    0.001ms cycles≈1314
[pim-debug] op#03 op=FFN_W1   norm=ffn_gate   sh=1  dim=4096  heads=16  hd=128 q_dim=2048  kv_heads=16  kv_dim=2048  o_dim=2048  ffn_dim=5504   seqlen=356    qlen=1   cache=N lat=    0.012ms cycles≈11708
[pim-debug] op#04 op=FFN_W3   norm=ffn_up     sh=1  dim=4096  heads=16  hd=128 q_dim=2048  kv_heads=16  kv_dim=2048  o_dim=2048  ffn_dim=5504   seqlen=356    qlen=1   cache=N lat=    0.011ms cycles≈10896
[pim-debug] op#05 op=SwiGLU   norm=silu       sh=1  dim=4096  heads=16  hd=128 q_dim=2048  kv_heads=16  kv_dim=2048  o_dim=2048  ffn_dim=5504   seqlen=356    qlen=1   cache=N lat=    0.001ms cycles≈503
[pim-debug] op#06 op=FFN_W2   norm=ffn_down   sh=0  dim=4096  heads=16  hd=128 q_dim=2048  kv_heads=16  kv_dim=2048  o_dim=2048  ffn_dim=5504   seqlen=356    qlen=1   cache=N lat=    0.011ms cycles≈11466
[pim-debug] segment total latency: 0.042 ms
========================================================================================
[pim-debug] segment_key=pim|decode|20|fa8b04eaba988353d76eadc6a01ae0d4
[pim-debug] sig: device_type=pim phase=decode step=20 (count_hint=31)
[pim-debug] ops_repr: LN:-1,V:0,SV:0,O:1,FFN_W1:0,SwiGLU:0
[pim-debug] cfg: shard_policy='fine' shards=2 dim=4096 ffn_dim=11008 n_heads=32 n_kv_heads=auto->n_heads
[pim-debug] pim_config=/lustre/home/2501111916/workspace/XPUPIM_0226_gpupim_parameter/TriForm/algorithms/aim_simulator/PIM_AiM.json
[pim-debug] ramulator_config=/lustre/home/2501111916/workspace/XPUPIM_0226_gpupim_parameter/TriForm/algorithms/aim_simulator/example.yaml
[pim-debug] cost_model config.PIM_FREQ_GHZ=1.0
[pim-debug] op plan (logical shapes inferred from schedule cfg):
  - op#00  op=LN       shard=-1  x=[1x4096] + w=[4096]  ->  y=[1x4096]  (T=1, K=356)
  - op#01  op=V        shard=0   x=[1x4096] + w=[2048x4096]  ->  y=[1x2048]  (T=1, K=356)
  - op#02  op=SV       shard=0   p=[16x1x356] + v=[16x356x128]  ->  y=[16x1x128]  (T=1, K=356)
  - op#03  op=O        shard=1   x=[1x2048] + w=[4096x2048]  ->  y=[1x4096]  (T=1, K=356)
  - op#04  op=FFN_W1   shard=0   x=[1x4096] + w=[5504x4096]  ->  y=[1x5504]  (T=1, K=356)
  - op#05  op=SwiGLU   shard=0   a=[1x5504] + b=[1x5504]  ->  y=[1x5504]  (T=1, K=356)
[pim-debug] NOTE: CENT(AiM) trace backend internally uses x shape (1,1,dim) and handles prefill by repeating ops;
           the table below shows the *effective parameters* passed into cost_model_pim_backend for each op.
[pim-debug] op#00 op=LN       norm=rmsnorm    sh=-1 dim=4096  heads=32  hd=128 q_dim=4096  kv_heads=32  kv_dim=4096  o_dim=4096  ffn_dim=11008  seqlen=356    qlen=1   cache=N lat=    0.001ms cycles≈1314
[pim-debug] op#01 op=V        norm=v_proj     sh=0  dim=4096  heads=16  hd=128 q_dim=2048  kv_heads=16  kv_dim=2048  o_dim=2048  ffn_dim=5504   seqlen=356    qlen=1   cache=N lat=    0.004ms cycles≈4428
[pim-debug] op#02 op=SV       norm=output     sh=0  dim=4096  heads=16  hd=128 q_dim=2048  kv_heads=16  kv_dim=2048  o_dim=2048  ffn_dim=5504   seqlen=356    qlen=1   cache=N lat=    0.002ms cycles≈1678
[pim-debug] op#03 op=O        norm=wo_proj    sh=1  dim=4096  heads=16  hd=128 q_dim=2048  kv_heads=16  kv_dim=2048  o_dim=2048  ffn_dim=5504   seqlen=356    qlen=1   cache=N lat=    0.004ms cycles≈4062
[pim-debug] op#04 op=FFN_W1   norm=ffn_gate   sh=0  dim=4096  heads=16  hd=128 q_dim=2048  kv_heads=16  kv_dim=2048  o_dim=2048  ffn_dim=5504   seqlen=356    qlen=1   cache=N lat=    0.012ms cycles≈11708
[pim-debug] op#05 op=SwiGLU   norm=silu       sh=0  dim=4096  heads=16  hd=128 q_dim=2048  kv_heads=16  kv_dim=2048  o_dim=2048  ffn_dim=5504   seqlen=356    qlen=1   cache=N lat=    0.001ms cycles≈503
[pim-debug] segment total latency: 0.024 ms
========================================================================================
[pim-debug] segment_key=pim|decode|20|fdf6362e664a0dcb3b710140facc51d5
[pim-debug] sig: device_type=pim phase=decode step=20 (count_hint=1)
[pim-debug] ops_repr: V:0,SV:0,O:1,FFN_W1:0,SwiGLU:0
[pim-debug] cfg: shard_policy='fine' shards=2 dim=4096 ffn_dim=11008 n_heads=32 n_kv_heads=auto->n_heads
[pim-debug] pim_config=/lustre/home/2501111916/workspace/XPUPIM_0226_gpupim_parameter/TriForm/algorithms/aim_simulator/PIM_AiM.json
[pim-debug] ramulator_config=/lustre/home/2501111916/workspace/XPUPIM_0226_gpupim_parameter/TriForm/algorithms/aim_simulator/example.yaml
[pim-debug] cost_model config.PIM_FREQ_GHZ=1.0
[pim-debug] op plan (logical shapes inferred from schedule cfg):
  - op#00  op=V        shard=0   x=[1x4096] + w=[2048x4096]  ->  y=[1x2048]  (T=1, K=356)
  - op#01  op=SV       shard=0   p=[16x1x356] + v=[16x356x128]  ->  y=[16x1x128]  (T=1, K=356)
  - op#02  op=O        shard=1   x=[1x2048] + w=[4096x2048]  ->  y=[1x4096]  (T=1, K=356)
  - op#03  op=FFN_W1   shard=0   x=[1x4096] + w=[5504x4096]  ->  y=[1x5504]  (T=1, K=356)
  - op#04  op=SwiGLU   shard=0   a=[1x5504] + b=[1x5504]  ->  y=[1x5504]  (T=1, K=356)
[pim-debug] NOTE: CENT(AiM) trace backend internally uses x shape (1,1,dim) and handles prefill by repeating ops;
           the table below shows the *effective parameters* passed into cost_model_pim_backend for each op.
[pim-debug] op#00 op=V        norm=v_proj     sh=0  dim=4096  heads=16  hd=128 q_dim=2048  kv_heads=16  kv_dim=2048  o_dim=2048  ffn_dim=5504   seqlen=356    qlen=1   cache=N lat=    0.004ms cycles≈4428
[pim-debug] op#01 op=SV       norm=output     sh=0  dim=4096  heads=16  hd=128 q_dim=2048  kv_heads=16  kv_dim=2048  o_dim=2048  ffn_dim=5504   seqlen=356    qlen=1   cache=N lat=    0.002ms cycles≈1678
[pim-debug] op#02 op=O        norm=wo_proj    sh=1  dim=4096  heads=16  hd=128 q_dim=2048  kv_heads=16  kv_dim=2048  o_dim=2048  ffn_dim=5504   seqlen=356    qlen=1   cache=N lat=    0.004ms cycles≈4062
[pim-debug] op#03 op=FFN_W1   norm=ffn_gate   sh=0  dim=4096  heads=16  hd=128 q_dim=2048  kv_heads=16  kv_dim=2048  o_dim=2048  ffn_dim=5504   seqlen=356    qlen=1   cache=N lat=    0.012ms cycles≈11708
[pim-debug] op#04 op=SwiGLU   norm=silu       sh=0  dim=4096  heads=16  hd=128 q_dim=2048  kv_heads=16  kv_dim=2048  o_dim=2048  ffn_dim=5504   seqlen=356    qlen=1   cache=N lat=    0.001ms cycles≈503
[pim-debug] segment total latency: 0.022 ms
========================================================================================
[pim-debug] segment_key=pim|decode|21|18ae37754a97d1f42b25b2cff77caf3f
[pim-debug] sig: device_type=pim phase=decode step=21 (count_hint=32)
[pim-debug] ops_repr: V:1,SV:1,LN:-1,FFN_W1:1,FFN_W3:1,SwiGLU:1,FFN_W2:0
[pim-debug] cfg: shard_policy='fine' shards=2 dim=4096 ffn_dim=11008 n_heads=32 n_kv_heads=auto->n_heads
[pim-debug] pim_config=/lustre/home/2501111916/workspace/XPUPIM_0226_gpupim_parameter/TriForm/algorithms/aim_simulator/PIM_AiM.json
[pim-debug] ramulator_config=/lustre/home/2501111916/workspace/XPUPIM_0226_gpupim_parameter/TriForm/algorithms/aim_simulator/example.yaml
[pim-debug] cost_model config.PIM_FREQ_GHZ=1.0
[pim-debug] op plan (logical shapes inferred from schedule cfg):
  - op#00  op=V        shard=1   x=[1x4096] + w=[2048x4096]  ->  y=[1x2048]  (T=1, K=368)
  - op#01  op=SV       shard=1   p=[16x1x368] + v=[16x368x128]  ->  y=[16x1x128]  (T=1, K=368)
  - op#02  op=LN       shard=-1  x=[1x4096] + w=[4096]  ->  y=[1x4096]  (T=1, K=368)
  - op#03  op=FFN_W1   shard=1   x=[1x4096] + w=[5504x4096]  ->  y=[1x5504]  (T=1, K=368)
  - op#04  op=FFN_W3   shard=1   x=[1x4096] + w=[5504x4096]  ->  y=[1x5504]  (T=1, K=368)
  - op#05  op=SwiGLU   shard=1   a=[1x5504] + b=[1x5504]  ->  y=[1x5504]  (T=1, K=368)
  - op#06  op=FFN_W2   shard=0   x=[1x5504] + w=[4096x5504]  ->  y=[1x4096]  (T=1, K=368)
[pim-debug] NOTE: CENT(AiM) trace backend internally uses x shape (1,1,dim) and handles prefill by repeating ops;
           the table below shows the *effective parameters* passed into cost_model_pim_backend for each op.
[pim-debug] op#00 op=V        norm=v_proj     sh=1  dim=4096  heads=16  hd=128 q_dim=2048  kv_heads=16  kv_dim=2048  o_dim=2048  ffn_dim=5504   seqlen=368    qlen=1   cache=N lat=    0.004ms cycles≈4428
[pim-debug] op#01 op=SV       norm=output     sh=1  dim=4096  heads=16  hd=128 q_dim=2048  kv_heads=16  kv_dim=2048  o_dim=2048  ffn_dim=5504   seqlen=368    qlen=1   cache=N lat=    0.002ms cycles≈1678
[pim-debug] op#02 op=LN       norm=rmsnorm    sh=-1 dim=4096  heads=32  hd=128 q_dim=4096  kv_heads=32  kv_dim=4096  o_dim=4096  ffn_dim=11008  seqlen=368    qlen=1   cache=N lat=    0.001ms cycles≈1314
[pim-debug] op#03 op=FFN_W1   norm=ffn_gate   sh=1  dim=4096  heads=16  hd=128 q_dim=2048  kv_heads=16  kv_dim=2048  o_dim=2048  ffn_dim=5504   seqlen=368    qlen=1   cache=N lat=    0.012ms cycles≈11708
[pim-debug] op#04 op=FFN_W3   norm=ffn_up     sh=1  dim=4096  heads=16  hd=128 q_dim=2048  kv_heads=16  kv_dim=2048  o_dim=2048  ffn_dim=5504   seqlen=368    qlen=1   cache=N lat=    0.011ms cycles≈10896
[pim-debug] op#05 op=SwiGLU   norm=silu       sh=1  dim=4096  heads=16  hd=128 q_dim=2048  kv_heads=16  kv_dim=2048  o_dim=2048  ffn_dim=5504   seqlen=368    qlen=1   cache=N lat=    0.001ms cycles≈503
[pim-debug] op#06 op=FFN_W2   norm=ffn_down   sh=0  dim=4096  heads=16  hd=128 q_dim=2048  kv_heads=16  kv_dim=2048  o_dim=2048  ffn_dim=5504   seqlen=368    qlen=1   cache=N lat=    0.011ms cycles≈11466
[pim-debug] segment total latency: 0.042 ms
========================================================================================
[pim-debug] segment_key=pim|decode|21|fa8b04eaba988353d76eadc6a01ae0d4
[pim-debug] sig: device_type=pim phase=decode step=21 (count_hint=31)
[pim-debug] ops_repr: LN:-1,V:0,SV:0,O:1,FFN_W1:0,SwiGLU:0
[pim-debug] cfg: shard_policy='fine' shards=2 dim=4096 ffn_dim=11008 n_heads=32 n_kv_heads=auto->n_heads
[pim-debug] pim_config=/lustre/home/2501111916/workspace/XPUPIM_0226_gpupim_parameter/TriForm/algorithms/aim_simulator/PIM_AiM.json
[pim-debug] ramulator_config=/lustre/home/2501111916/workspace/XPUPIM_0226_gpupim_parameter/TriForm/algorithms/aim_simulator/example.yaml
[pim-debug] cost_model config.PIM_FREQ_GHZ=1.0
[pim-debug] op plan (logical shapes inferred from schedule cfg):
  - op#00  op=LN       shard=-1  x=[1x4096] + w=[4096]  ->  y=[1x4096]  (T=1, K=368)
  - op#01  op=V        shard=0   x=[1x4096] + w=[2048x4096]  ->  y=[1x2048]  (T=1, K=368)
  - op#02  op=SV       shard=0   p=[16x1x368] + v=[16x368x128]  ->  y=[16x1x128]  (T=1, K=368)
  - op#03  op=O        shard=1   x=[1x2048] + w=[4096x2048]  ->  y=[1x4096]  (T=1, K=368)
  - op#04  op=FFN_W1   shard=0   x=[1x4096] + w=[5504x4096]  ->  y=[1x5504]  (T=1, K=368)
  - op#05  op=SwiGLU   shard=0   a=[1x5504] + b=[1x5504]  ->  y=[1x5504]  (T=1, K=368)
[pim-debug] NOTE: CENT(AiM) trace backend internally uses x shape (1,1,dim) and handles prefill by repeating ops;
           the table below shows the *effective parameters* passed into cost_model_pim_backend for each op.
[pim-debug] op#00 op=LN       norm=rmsnorm    sh=-1 dim=4096  heads=32  hd=128 q_dim=4096  kv_heads=32  kv_dim=4096  o_dim=4096  ffn_dim=11008  seqlen=368    qlen=1   cache=N lat=    0.001ms cycles≈1314
[pim-debug] op#01 op=V        norm=v_proj     sh=0  dim=4096  heads=16  hd=128 q_dim=2048  kv_heads=16  kv_dim=2048  o_dim=2048  ffn_dim=5504   seqlen=368    qlen=1   cache=N lat=    0.004ms cycles≈4428
[pim-debug] op#02 op=SV       norm=output     sh=0  dim=4096  heads=16  hd=128 q_dim=2048  kv_heads=16  kv_dim=2048  o_dim=2048  ffn_dim=5504   seqlen=368    qlen=1   cache=N lat=    0.002ms cycles≈1678
[pim-debug] op#03 op=O        norm=wo_proj    sh=1  dim=4096  heads=16  hd=128 q_dim=2048  kv_heads=16  kv_dim=2048  o_dim=2048  ffn_dim=5504   seqlen=368    qlen=1   cache=N lat=    0.004ms cycles≈4062
[pim-debug] op#04 op=FFN_W1   norm=ffn_gate   sh=0  dim=4096  heads=16  hd=128 q_dim=2048  kv_heads=16  kv_dim=2048  o_dim=2048  ffn_dim=5504   seqlen=368    qlen=1   cache=N lat=    0.012ms cycles≈11708
[pim-debug] op#05 op=SwiGLU   norm=silu       sh=0  dim=4096  heads=16  hd=128 q_dim=2048  kv_heads=16  kv_dim=2048  o_dim=2048  ffn_dim=5504   seqlen=368    qlen=1   cache=N lat=    0.001ms cycles≈503
[pim-debug] segment total latency: 0.024 ms
========================================================================================
[pim-debug] segment_key=pim|decode|21|fdf6362e664a0dcb3b710140facc51d5
[pim-debug] sig: device_type=pim phase=decode step=21 (count_hint=1)
[pim-debug] ops_repr: V:0,SV:0,O:1,FFN_W1:0,SwiGLU:0
[pim-debug] cfg: shard_policy='fine' shards=2 dim=4096 ffn_dim=11008 n_heads=32 n_kv_heads=auto->n_heads
[pim-debug] pim_config=/lustre/home/2501111916/workspace/XPUPIM_0226_gpupim_parameter/TriForm/algorithms/aim_simulator/PIM_AiM.json
[pim-debug] ramulator_config=/lustre/home/2501111916/workspace/XPUPIM_0226_gpupim_parameter/TriForm/algorithms/aim_simulator/example.yaml
[pim-debug] cost_model config.PIM_FREQ_GHZ=1.0
[pim-debug] op plan (logical shapes inferred from schedule cfg):
  - op#00  op=V        shard=0   x=[1x4096] + w=[2048x4096]  ->  y=[1x2048]  (T=1, K=368)
  - op#01  op=SV       shard=0   p=[16x1x368] + v=[16x368x128]  ->  y=[16x1x128]  (T=1, K=368)
  - op#02  op=O        shard=1   x=[1x2048] + w=[4096x2048]  ->  y=[1x4096]  (T=1, K=368)
  - op#03  op=FFN_W1   shard=0   x=[1x4096] + w=[5504x4096]  ->  y=[1x5504]  (T=1, K=368)
  - op#04  op=SwiGLU   shard=0   a=[1x5504] + b=[1x5504]  ->  y=[1x5504]  (T=1, K=368)
[pim-debug] NOTE: CENT(AiM) trace backend internally uses x shape (1,1,dim) and handles prefill by repeating ops;
           the table below shows the *effective parameters* passed into cost_model_pim_backend for each op.
[pim-debug] op#00 op=V        norm=v_proj     sh=0  dim=4096  heads=16  hd=128 q_dim=2048  kv_heads=16  kv_dim=2048  o_dim=2048  ffn_dim=5504   seqlen=368    qlen=1   cache=N lat=    0.004ms cycles≈4428
[pim-debug] op#01 op=SV       norm=output     sh=0  dim=4096  heads=16  hd=128 q_dim=2048  kv_heads=16  kv_dim=2048  o_dim=2048  ffn_dim=5504   seqlen=368    qlen=1   cache=N lat=    0.002ms cycles≈1678
[pim-debug] op#02 op=O        norm=wo_proj    sh=1  dim=4096  heads=16  hd=128 q_dim=2048  kv_heads=16  kv_dim=2048  o_dim=2048  ffn_dim=5504   seqlen=368    qlen=1   cache=N lat=    0.004ms cycles≈4062
[pim-debug] op#03 op=FFN_W1   norm=ffn_gate   sh=0  dim=4096  heads=16  hd=128 q_dim=2048  kv_heads=16  kv_dim=2048  o_dim=2048  ffn_dim=5504   seqlen=368    qlen=1   cache=N lat=    0.012ms cycles≈11708
[pim-debug] op#04 op=SwiGLU   norm=silu       sh=0  dim=4096  heads=16  hd=128 q_dim=2048  kv_heads=16  kv_dim=2048  o_dim=2048  ffn_dim=5504   seqlen=368    qlen=1   cache=N lat=    0.001ms cycles≈503
[pim-debug] segment total latency: 0.022 ms
========================================================================================
[pim-debug] segment_key=pim|decode|22|18ae37754a97d1f42b25b2cff77caf3f
[pim-debug] sig: device_type=pim phase=decode step=22 (count_hint=32)
[pim-debug] ops_repr: V:1,SV:1,LN:-1,FFN_W1:1,FFN_W3:1,SwiGLU:1,FFN_W2:0
[pim-debug] cfg: shard_policy='fine' shards=2 dim=4096 ffn_dim=11008 n_heads=32 n_kv_heads=auto->n_heads
[pim-debug] pim_config=/lustre/home/2501111916/workspace/XPUPIM_0226_gpupim_parameter/TriForm/algorithms/aim_simulator/PIM_AiM.json
[pim-debug] ramulator_config=/lustre/home/2501111916/workspace/XPUPIM_0226_gpupim_parameter/TriForm/algorithms/aim_simulator/example.yaml
[pim-debug] cost_model config.PIM_FREQ_GHZ=1.0
[pim-debug] op plan (logical shapes inferred from schedule cfg):
  - op#00  op=V        shard=1   x=[1x4096] + w=[2048x4096]  ->  y=[1x2048]  (T=1, K=380)
  - op#01  op=SV       shard=1   p=[16x1x380] + v=[16x380x128]  ->  y=[16x1x128]  (T=1, K=380)
  - op#02  op=LN       shard=-1  x=[1x4096] + w=[4096]  ->  y=[1x4096]  (T=1, K=380)
  - op#03  op=FFN_W1   shard=1   x=[1x4096] + w=[5504x4096]  ->  y=[1x5504]  (T=1, K=380)
  - op#04  op=FFN_W3   shard=1   x=[1x4096] + w=[5504x4096]  ->  y=[1x5504]  (T=1, K=380)
  - op#05  op=SwiGLU   shard=1   a=[1x5504] + b=[1x5504]  ->  y=[1x5504]  (T=1, K=380)
  - op#06  op=FFN_W2   shard=0   x=[1x5504] + w=[4096x5504]  ->  y=[1x4096]  (T=1, K=380)
[pim-debug] NOTE: CENT(AiM) trace backend internally uses x shape (1,1,dim) and handles prefill by repeating ops;
           the table below shows the *effective parameters* passed into cost_model_pim_backend for each op.
[pim-debug] op#00 op=V        norm=v_proj     sh=1  dim=4096  heads=16  hd=128 q_dim=2048  kv_heads=16  kv_dim=2048  o_dim=2048  ffn_dim=5504   seqlen=380    qlen=1   cache=N lat=    0.004ms cycles≈4428
[pim-debug] op#01 op=SV       norm=output     sh=1  dim=4096  heads=16  hd=128 q_dim=2048  kv_heads=16  kv_dim=2048  o_dim=2048  ffn_dim=5504   seqlen=380    qlen=1   cache=N lat=    0.002ms cycles≈1696
[pim-debug] op#02 op=LN       norm=rmsnorm    sh=-1 dim=4096  heads=32  hd=128 q_dim=4096  kv_heads=32  kv_dim=4096  o_dim=4096  ffn_dim=11008  seqlen=380    qlen=1   cache=N lat=    0.001ms cycles≈1314
[pim-debug] op#03 op=FFN_W1   norm=ffn_gate   sh=1  dim=4096  heads=16  hd=128 q_dim=2048  kv_heads=16  kv_dim=2048  o_dim=2048  ffn_dim=5504   seqlen=380    qlen=1   cache=N lat=    0.012ms cycles≈11708
[pim-debug] op#04 op=FFN_W3   norm=ffn_up     sh=1  dim=4096  heads=16  hd=128 q_dim=2048  kv_heads=16  kv_dim=2048  o_dim=2048  ffn_dim=5504   seqlen=380    qlen=1   cache=N lat=    0.011ms cycles≈10896
[pim-debug] op#05 op=SwiGLU   norm=silu       sh=1  dim=4096  heads=16  hd=128 q_dim=2048  kv_heads=16  kv_dim=2048  o_dim=2048  ffn_dim=5504   seqlen=380    qlen=1   cache=N lat=    0.001ms cycles≈503
[pim-debug] op#06 op=FFN_W2   norm=ffn_down   sh=0  dim=4096  heads=16  hd=128 q_dim=2048  kv_heads=16  kv_dim=2048  o_dim=2048  ffn_dim=5504   seqlen=380    qlen=1   cache=N lat=    0.011ms cycles≈11466
[pim-debug] segment total latency: 0.042 ms
========================================================================================
[pim-debug] segment_key=pim|decode|22|fa8b04eaba988353d76eadc6a01ae0d4
[pim-debug] sig: device_type=pim phase=decode step=22 (count_hint=31)
[pim-debug] ops_repr: LN:-1,V:0,SV:0,O:1,FFN_W1:0,SwiGLU:0
[pim-debug] cfg: shard_policy='fine' shards=2 dim=4096 ffn_dim=11008 n_heads=32 n_kv_heads=auto->n_heads
[pim-debug] pim_config=/lustre/home/2501111916/workspace/XPUPIM_0226_gpupim_parameter/TriForm/algorithms/aim_simulator/PIM_AiM.json
[pim-debug] ramulator_config=/lustre/home/2501111916/workspace/XPUPIM_0226_gpupim_parameter/TriForm/algorithms/aim_simulator/example.yaml
[pim-debug] cost_model config.PIM_FREQ_GHZ=1.0
[pim-debug] op plan (logical shapes inferred from schedule cfg):
  - op#00  op=LN       shard=-1  x=[1x4096] + w=[4096]  ->  y=[1x4096]  (T=1, K=380)
  - op#01  op=V        shard=0   x=[1x4096] + w=[2048x4096]  ->  y=[1x2048]  (T=1, K=380)
  - op#02  op=SV       shard=0   p=[16x1x380] + v=[16x380x128]  ->  y=[16x1x128]  (T=1, K=380)
  - op#03  op=O        shard=1   x=[1x2048] + w=[4096x2048]  ->  y=[1x4096]  (T=1, K=380)
  - op#04  op=FFN_W1   shard=0   x=[1x4096] + w=[5504x4096]  ->  y=[1x5504]  (T=1, K=380)
  - op#05  op=SwiGLU   shard=0   a=[1x5504] + b=[1x5504]  ->  y=[1x5504]  (T=1, K=380)
[pim-debug] NOTE: CENT(AiM) trace backend internally uses x shape (1,1,dim) and handles prefill by repeating ops;
           the table below shows the *effective parameters* passed into cost_model_pim_backend for each op.
[pim-debug] op#00 op=LN       norm=rmsnorm    sh=-1 dim=4096  heads=32  hd=128 q_dim=4096  kv_heads=32  kv_dim=4096  o_dim=4096  ffn_dim=11008  seqlen=380    qlen=1   cache=N lat=    0.001ms cycles≈1314
[pim-debug] op#01 op=V        norm=v_proj     sh=0  dim=4096  heads=16  hd=128 q_dim=2048  kv_heads=16  kv_dim=2048  o_dim=2048  ffn_dim=5504   seqlen=380    qlen=1   cache=N lat=    0.004ms cycles≈4428
[pim-debug] op#02 op=SV       norm=output     sh=0  dim=4096  heads=16  hd=128 q_dim=2048  kv_heads=16  kv_dim=2048  o_dim=2048  ffn_dim=5504   seqlen=380    qlen=1   cache=N lat=    0.002ms cycles≈1696
[pim-debug] op#03 op=O        norm=wo_proj    sh=1  dim=4096  heads=16  hd=128 q_dim=2048  kv_heads=16  kv_dim=2048  o_dim=2048  ffn_dim=5504   seqlen=380    qlen=1   cache=N lat=    0.004ms cycles≈4062
[pim-debug] op#04 op=FFN_W1   norm=ffn_gate   sh=0  dim=4096  heads=16  hd=128 q_dim=2048  kv_heads=16  kv_dim=2048  o_dim=2048  ffn_dim=5504   seqlen=380    qlen=1   cache=N lat=    0.012ms cycles≈11708
[pim-debug] op#05 op=SwiGLU   norm=silu       sh=0  dim=4096  heads=16  hd=128 q_dim=2048  kv_heads=16  kv_dim=2048  o_dim=2048  ffn_dim=5504   seqlen=380    qlen=1   cache=N lat=    0.001ms cycles≈503
[pim-debug] segment total latency: 0.024 ms
========================================================================================
[pim-debug] segment_key=pim|decode|22|fdf6362e664a0dcb3b710140facc51d5
[pim-debug] sig: device_type=pim phase=decode step=22 (count_hint=1)
[pim-debug] ops_repr: V:0,SV:0,O:1,FFN_W1:0,SwiGLU:0
[pim-debug] cfg: shard_policy='fine' shards=2 dim=4096 ffn_dim=11008 n_heads=32 n_kv_heads=auto->n_heads
[pim-debug] pim_config=/lustre/home/2501111916/workspace/XPUPIM_0226_gpupim_parameter/TriForm/algorithms/aim_simulator/PIM_AiM.json
[pim-debug] ramulator_config=/lustre/home/2501111916/workspace/XPUPIM_0226_gpupim_parameter/TriForm/algorithms/aim_simulator/example.yaml
[pim-debug] cost_model config.PIM_FREQ_GHZ=1.0
[pim-debug] op plan (logical shapes inferred from schedule cfg):
  - op#00  op=V        shard=0   x=[1x4096] + w=[2048x4096]  ->  y=[1x2048]  (T=1, K=380)
  - op#01  op=SV       shard=0   p=[16x1x380] + v=[16x380x128]  ->  y=[16x1x128]  (T=1, K=380)
  - op#02  op=O        shard=1   x=[1x2048] + w=[4096x2048]  ->  y=[1x4096]  (T=1, K=380)
  - op#03  op=FFN_W1   shard=0   x=[1x4096] + w=[5504x4096]  ->  y=[1x5504]  (T=1, K=380)
  - op#04  op=SwiGLU   shard=0   a=[1x5504] + b=[1x5504]  ->  y=[1x5504]  (T=1, K=380)
[pim-debug] NOTE: CENT(AiM) trace backend internally uses x shape (1,1,dim) and handles prefill by repeating ops;
           the table below shows the *effective parameters* passed into cost_model_pim_backend for each op.
[pim-debug] op#00 op=V        norm=v_proj     sh=0  dim=4096  heads=16  hd=128 q_dim=2048  kv_heads=16  kv_dim=2048  o_dim=2048  ffn_dim=5504   seqlen=380    qlen=1   cache=N lat=    0.004ms cycles≈4428
[pim-debug] op#01 op=SV       norm=output     sh=0  dim=4096  heads=16  hd=128 q_dim=2048  kv_heads=16  kv_dim=2048  o_dim=2048  ffn_dim=5504   seqlen=380    qlen=1   cache=N lat=    0.002ms cycles≈1696
[pim-debug] op#02 op=O        norm=wo_proj    sh=1  dim=4096  heads=16  hd=128 q_dim=2048  kv_heads=16  kv_dim=2048  o_dim=2048  ffn_dim=5504   seqlen=380    qlen=1   cache=N lat=    0.004ms cycles≈4062
[pim-debug] op#03 op=FFN_W1   norm=ffn_gate   sh=0  dim=4096  heads=16  hd=128 q_dim=2048  kv_heads=16  kv_dim=2048  o_dim=2048  ffn_dim=5504   seqlen=380    qlen=1   cache=N lat=    0.012ms cycles≈11708
[pim-debug] op#04 op=SwiGLU   norm=silu       sh=0  dim=4096  heads=16  hd=128 q_dim=2048  kv_heads=16  kv_dim=2048  o_dim=2048  ffn_dim=5504   seqlen=380    qlen=1   cache=N lat=    0.001ms cycles≈503
[pim-debug] segment total latency: 0.022 ms
========================================================================================
[pim-debug] segment_key=pim|decode|23|18ae37754a97d1f42b25b2cff77caf3f
[pim-debug] sig: device_type=pim phase=decode step=23 (count_hint=32)
[pim-debug] ops_repr: V:1,SV:1,LN:-1,FFN_W1:1,FFN_W3:1,SwiGLU:1,FFN_W2:0
[pim-debug] cfg: shard_policy='fine' shards=2 dim=4096 ffn_dim=11008 n_heads=32 n_kv_heads=auto->n_heads
[pim-debug] pim_config=/lustre/home/2501111916/workspace/XPUPIM_0226_gpupim_parameter/TriForm/algorithms/aim_simulator/PIM_AiM.json
[pim-debug] ramulator_config=/lustre/home/2501111916/workspace/XPUPIM_0226_gpupim_parameter/TriForm/algorithms/aim_simulator/example.yaml
[pim-debug] cost_model config.PIM_FREQ_GHZ=1.0
[pim-debug] op plan (logical shapes inferred from schedule cfg):
  - op#00  op=V        shard=1   x=[1x4096] + w=[2048x4096]  ->  y=[1x2048]  (T=1, K=392)
  - op#01  op=SV       shard=1   p=[16x1x392] + v=[16x392x128]  ->  y=[16x1x128]  (T=1, K=392)
  - op#02  op=LN       shard=-1  x=[1x4096] + w=[4096]  ->  y=[1x4096]  (T=1, K=392)
  - op#03  op=FFN_W1   shard=1   x=[1x4096] + w=[5504x4096]  ->  y=[1x5504]  (T=1, K=392)
  - op#04  op=FFN_W3   shard=1   x=[1x4096] + w=[5504x4096]  ->  y=[1x5504]  (T=1, K=392)
  - op#05  op=SwiGLU   shard=1   a=[1x5504] + b=[1x5504]  ->  y=[1x5504]  (T=1, K=392)
  - op#06  op=FFN_W2   shard=0   x=[1x5504] + w=[4096x5504]  ->  y=[1x4096]  (T=1, K=392)
[pim-debug] NOTE: CENT(AiM) trace backend internally uses x shape (1,1,dim) and handles prefill by repeating ops;
           the table below shows the *effective parameters* passed into cost_model_pim_backend for each op.
[pim-debug] op#00 op=V        norm=v_proj     sh=1  dim=4096  heads=16  hd=128 q_dim=2048  kv_heads=16  kv_dim=2048  o_dim=2048  ffn_dim=5504   seqlen=392    qlen=1   cache=N lat=    0.004ms cycles≈4428
[pim-debug] op#01 op=SV       norm=output     sh=1  dim=4096  heads=16  hd=128 q_dim=2048  kv_heads=16  kv_dim=2048  o_dim=2048  ffn_dim=5504   seqlen=392    qlen=1   cache=N lat=    0.002ms cycles≈1714
[pim-debug] op#02 op=LN       norm=rmsnorm    sh=-1 dim=4096  heads=32  hd=128 q_dim=4096  kv_heads=32  kv_dim=4096  o_dim=4096  ffn_dim=11008  seqlen=392    qlen=1   cache=N lat=    0.001ms cycles≈1314
[pim-debug] op#03 op=FFN_W1   norm=ffn_gate   sh=1  dim=4096  heads=16  hd=128 q_dim=2048  kv_heads=16  kv_dim=2048  o_dim=2048  ffn_dim=5504   seqlen=392    qlen=1   cache=N lat=    0.012ms cycles≈11708
[pim-debug] op#04 op=FFN_W3   norm=ffn_up     sh=1  dim=4096  heads=16  hd=128 q_dim=2048  kv_heads=16  kv_dim=2048  o_dim=2048  ffn_dim=5504   seqlen=392    qlen=1   cache=N lat=    0.011ms cycles≈10896
[pim-debug] op#05 op=SwiGLU   norm=silu       sh=1  dim=4096  heads=16  hd=128 q_dim=2048  kv_heads=16  kv_dim=2048  o_dim=2048  ffn_dim=5504   seqlen=392    qlen=1   cache=N lat=    0.001ms cycles≈503
[pim-debug] op#06 op=FFN_W2   norm=ffn_down   sh=0  dim=4096  heads=16  hd=128 q_dim=2048  kv_heads=16  kv_dim=2048  o_dim=2048  ffn_dim=5504   seqlen=392    qlen=1   cache=N lat=    0.011ms cycles≈11466
[pim-debug] segment total latency: 0.042 ms
========================================================================================
[pim-debug] segment_key=pim|decode|23|fa8b04eaba988353d76eadc6a01ae0d4
[pim-debug] sig: device_type=pim phase=decode step=23 (count_hint=31)
[pim-debug] ops_repr: LN:-1,V:0,SV:0,O:1,FFN_W1:0,SwiGLU:0
[pim-debug] cfg: shard_policy='fine' shards=2 dim=4096 ffn_dim=11008 n_heads=32 n_kv_heads=auto->n_heads
[pim-debug] pim_config=/lustre/home/2501111916/workspace/XPUPIM_0226_gpupim_parameter/TriForm/algorithms/aim_simulator/PIM_AiM.json
[pim-debug] ramulator_config=/lustre/home/2501111916/workspace/XPUPIM_0226_gpupim_parameter/TriForm/algorithms/aim_simulator/example.yaml
[pim-debug] cost_model config.PIM_FREQ_GHZ=1.0
[pim-debug] op plan (logical shapes inferred from schedule cfg):
  - op#00  op=LN       shard=-1  x=[1x4096] + w=[4096]  ->  y=[1x4096]  (T=1, K=392)
  - op#01  op=V        shard=0   x=[1x4096] + w=[2048x4096]  ->  y=[1x2048]  (T=1, K=392)
  - op#02  op=SV       shard=0   p=[16x1x392] + v=[16x392x128]  ->  y=[16x1x128]  (T=1, K=392)
  - op#03  op=O        shard=1   x=[1x2048] + w=[4096x2048]  ->  y=[1x4096]  (T=1, K=392)
  - op#04  op=FFN_W1   shard=0   x=[1x4096] + w=[5504x4096]  ->  y=[1x5504]  (T=1, K=392)
  - op#05  op=SwiGLU   shard=0   a=[1x5504] + b=[1x5504]  ->  y=[1x5504]  (T=1, K=392)
[pim-debug] NOTE: CENT(AiM) trace backend internally uses x shape (1,1,dim) and handles prefill by repeating ops;
           the table below shows the *effective parameters* passed into cost_model_pim_backend for each op.
[pim-debug] op#00 op=LN       norm=rmsnorm    sh=-1 dim=4096  heads=32  hd=128 q_dim=4096  kv_heads=32  kv_dim=4096  o_dim=4096  ffn_dim=11008  seqlen=392    qlen=1   cache=N lat=    0.001ms cycles≈1314
[pim-debug] op#01 op=V        norm=v_proj     sh=0  dim=4096  heads=16  hd=128 q_dim=2048  kv_heads=16  kv_dim=2048  o_dim=2048  ffn_dim=5504   seqlen=392    qlen=1   cache=N lat=    0.004ms cycles≈4428
[pim-debug] op#02 op=SV       norm=output     sh=0  dim=4096  heads=16  hd=128 q_dim=2048  kv_heads=16  kv_dim=2048  o_dim=2048  ffn_dim=5504   seqlen=392    qlen=1   cache=N lat=    0.002ms cycles≈1714
[pim-debug] op#03 op=O        norm=wo_proj    sh=1  dim=4096  heads=16  hd=128 q_dim=2048  kv_heads=16  kv_dim=2048  o_dim=2048  ffn_dim=5504   seqlen=392    qlen=1   cache=N lat=    0.004ms cycles≈4062
[pim-debug] op#04 op=FFN_W1   norm=ffn_gate   sh=0  dim=4096  heads=16  hd=128 q_dim=2048  kv_heads=16  kv_dim=2048  o_dim=2048  ffn_dim=5504   seqlen=392    qlen=1   cache=N lat=    0.012ms cycles≈11708
[pim-debug] op#05 op=SwiGLU   norm=silu       sh=0  dim=4096  heads=16  hd=128 q_dim=2048  kv_heads=16  kv_dim=2048  o_dim=2048  ffn_dim=5504   seqlen=392    qlen=1   cache=N lat=    0.001ms cycles≈503
[pim-debug] segment total latency: 0.024 ms
========================================================================================
[pim-debug] segment_key=pim|decode|23|fdf6362e664a0dcb3b710140facc51d5
[pim-debug] sig: device_type=pim phase=decode step=23 (count_hint=1)
[pim-debug] ops_repr: V:0,SV:0,O:1,FFN_W1:0,SwiGLU:0
[pim-debug] cfg: shard_policy='fine' shards=2 dim=4096 ffn_dim=11008 n_heads=32 n_kv_heads=auto->n_heads
[pim-debug] pim_config=/lustre/home/2501111916/workspace/XPUPIM_0226_gpupim_parameter/TriForm/algorithms/aim_simulator/PIM_AiM.json
[pim-debug] ramulator_config=/lustre/home/2501111916/workspace/XPUPIM_0226_gpupim_parameter/TriForm/algorithms/aim_simulator/example.yaml
[pim-debug] cost_model config.PIM_FREQ_GHZ=1.0
[pim-debug] op plan (logical shapes inferred from schedule cfg):
  - op#00  op=V        shard=0   x=[1x4096] + w=[2048x4096]  ->  y=[1x2048]  (T=1, K=392)
  - op#01  op=SV       shard=0   p=[16x1x392] + v=[16x392x128]  ->  y=[16x1x128]  (T=1, K=392)
  - op#02  op=O        shard=1   x=[1x2048] + w=[4096x2048]  ->  y=[1x4096]  (T=1, K=392)
  - op#03  op=FFN_W1   shard=0   x=[1x4096] + w=[5504x4096]  ->  y=[1x5504]  (T=1, K=392)
  - op#04  op=SwiGLU   shard=0   a=[1x5504] + b=[1x5504]  ->  y=[1x5504]  (T=1, K=392)
[pim-debug] NOTE: CENT(AiM) trace backend internally uses x shape (1,1,dim) and handles prefill by repeating ops;
           the table below shows the *effective parameters* passed into cost_model_pim_backend for each op.
[pim-debug] op#00 op=V        norm=v_proj     sh=0  dim=4096  heads=16  hd=128 q_dim=2048  kv_heads=16  kv_dim=2048  o_dim=2048  ffn_dim=5504   seqlen=392    qlen=1   cache=N lat=    0.004ms cycles≈4428
[pim-debug] op#01 op=SV       norm=output     sh=0  dim=4096  heads=16  hd=128 q_dim=2048  kv_heads=16  kv_dim=2048  o_dim=2048  ffn_dim=5504   seqlen=392    qlen=1   cache=N lat=    0.002ms cycles≈1714
[pim-debug] op#02 op=O        norm=wo_proj    sh=1  dim=4096  heads=16  hd=128 q_dim=2048  kv_heads=16  kv_dim=2048  o_dim=2048  ffn_dim=5504   seqlen=392    qlen=1   cache=N lat=    0.004ms cycles≈4062
[pim-debug] op#03 op=FFN_W1   norm=ffn_gate   sh=0  dim=4096  heads=16  hd=128 q_dim=2048  kv_heads=16  kv_dim=2048  o_dim=2048  ffn_dim=5504   seqlen=392    qlen=1   cache=N lat=    0.012ms cycles≈11708
[pim-debug] op#04 op=SwiGLU   norm=silu       sh=0  dim=4096  heads=16  hd=128 q_dim=2048  kv_heads=16  kv_dim=2048  o_dim=2048  ffn_dim=5504   seqlen=392    qlen=1   cache=N lat=    0.001ms cycles≈503
[pim-debug] segment total latency: 0.022 ms
========================================================================================
[pim-debug] segment_key=pim|decode|24|18ae37754a97d1f42b25b2cff77caf3f
[pim-debug] sig: device_type=pim phase=decode step=24 (count_hint=32)
[pim-debug] ops_repr: V:1,SV:1,LN:-1,FFN_W1:1,FFN_W3:1,SwiGLU:1,FFN_W2:0
[pim-debug] cfg: shard_policy='fine' shards=2 dim=4096 ffn_dim=11008 n_heads=32 n_kv_heads=auto->n_heads
[pim-debug] pim_config=/lustre/home/2501111916/workspace/XPUPIM_0226_gpupim_parameter/TriForm/algorithms/aim_simulator/PIM_AiM.json
[pim-debug] ramulator_config=/lustre/home/2501111916/workspace/XPUPIM_0226_gpupim_parameter/TriForm/algorithms/aim_simulator/example.yaml
[pim-debug] cost_model config.PIM_FREQ_GHZ=1.0
[pim-debug] op plan (logical shapes inferred from schedule cfg):
  - op#00  op=V        shard=1   x=[1x4096] + w=[2048x4096]  ->  y=[1x2048]  (T=1, K=404)
  - op#01  op=SV       shard=1   p=[16x1x404] + v=[16x404x128]  ->  y=[16x1x128]  (T=1, K=404)
  - op#02  op=LN       shard=-1  x=[1x4096] + w=[4096]  ->  y=[1x4096]  (T=1, K=404)
  - op#03  op=FFN_W1   shard=1   x=[1x4096] + w=[5504x4096]  ->  y=[1x5504]  (T=1, K=404)
  - op#04  op=FFN_W3   shard=1   x=[1x4096] + w=[5504x4096]  ->  y=[1x5504]  (T=1, K=404)
  - op#05  op=SwiGLU   shard=1   a=[1x5504] + b=[1x5504]  ->  y=[1x5504]  (T=1, K=404)
  - op#06  op=FFN_W2   shard=0   x=[1x5504] + w=[4096x5504]  ->  y=[1x4096]  (T=1, K=404)
[pim-debug] NOTE: CENT(AiM) trace backend internally uses x shape (1,1,dim) and handles prefill by repeating ops;
           the table below shows the *effective parameters* passed into cost_model_pim_backend for each op.
[pim-debug] op#00 op=V        norm=v_proj     sh=1  dim=4096  heads=16  hd=128 q_dim=2048  kv_heads=16  kv_dim=2048  o_dim=2048  ffn_dim=5504   seqlen=404    qlen=1   cache=N lat=    0.004ms cycles≈4428
[pim-debug] op#01 op=SV       norm=output     sh=1  dim=4096  heads=16  hd=128 q_dim=2048  kv_heads=16  kv_dim=2048  o_dim=2048  ffn_dim=5504   seqlen=404    qlen=1   cache=N lat=    0.002ms cycles≈1732
[pim-debug] op#02 op=LN       norm=rmsnorm    sh=-1 dim=4096  heads=32  hd=128 q_dim=4096  kv_heads=32  kv_dim=4096  o_dim=4096  ffn_dim=11008  seqlen=404    qlen=1   cache=N lat=    0.001ms cycles≈1314
[pim-debug] op#03 op=FFN_W1   norm=ffn_gate   sh=1  dim=4096  heads=16  hd=128 q_dim=2048  kv_heads=16  kv_dim=2048  o_dim=2048  ffn_dim=5504   seqlen=404    qlen=1   cache=N lat=    0.012ms cycles≈11708
[pim-debug] op#04 op=FFN_W3   norm=ffn_up     sh=1  dim=4096  heads=16  hd=128 q_dim=2048  kv_heads=16  kv_dim=2048  o_dim=2048  ffn_dim=5504   seqlen=404    qlen=1   cache=N lat=    0.011ms cycles≈10896
[pim-debug] op#05 op=SwiGLU   norm=silu       sh=1  dim=4096  heads=16  hd=128 q_dim=2048  kv_heads=16  kv_dim=2048  o_dim=2048  ffn_dim=5504   seqlen=404    qlen=1   cache=N lat=    0.001ms cycles≈503
[pim-debug] op#06 op=FFN_W2   norm=ffn_down   sh=0  dim=4096  heads=16  hd=128 q_dim=2048  kv_heads=16  kv_dim=2048  o_dim=2048  ffn_dim=5504   seqlen=404    qlen=1   cache=N lat=    0.011ms cycles≈11466
[pim-debug] segment total latency: 0.042 ms
========================================================================================
[pim-debug] segment_key=pim|decode|24|fa8b04eaba988353d76eadc6a01ae0d4
[pim-debug] sig: device_type=pim phase=decode step=24 (count_hint=31)
[pim-debug] ops_repr: LN:-1,V:0,SV:0,O:1,FFN_W1:0,SwiGLU:0
[pim-debug] cfg: shard_policy='fine' shards=2 dim=4096 ffn_dim=11008 n_heads=32 n_kv_heads=auto->n_heads
[pim-debug] pim_config=/lustre/home/2501111916/workspace/XPUPIM_0226_gpupim_parameter/TriForm/algorithms/aim_simulator/PIM_AiM.json
[pim-debug] ramulator_config=/lustre/home/2501111916/workspace/XPUPIM_0226_gpupim_parameter/TriForm/algorithms/aim_simulator/example.yaml
[pim-debug] cost_model config.PIM_FREQ_GHZ=1.0
[pim-debug] op plan (logical shapes inferred from schedule cfg):
  - op#00  op=LN       shard=-1  x=[1x4096] + w=[4096]  ->  y=[1x4096]  (T=1, K=404)
  - op#01  op=V        shard=0   x=[1x4096] + w=[2048x4096]  ->  y=[1x2048]  (T=1, K=404)
  - op#02  op=SV       shard=0   p=[16x1x404] + v=[16x404x128]  ->  y=[16x1x128]  (T=1, K=404)
  - op#03  op=O        shard=1   x=[1x2048] + w=[4096x2048]  ->  y=[1x4096]  (T=1, K=404)
  - op#04  op=FFN_W1   shard=0   x=[1x4096] + w=[5504x4096]  ->  y=[1x5504]  (T=1, K=404)
  - op#05  op=SwiGLU   shard=0   a=[1x5504] + b=[1x5504]  ->  y=[1x5504]  (T=1, K=404)
[pim-debug] NOTE: CENT(AiM) trace backend internally uses x shape (1,1,dim) and handles prefill by repeating ops;
           the table below shows the *effective parameters* passed into cost_model_pim_backend for each op.
[pim-debug] op#00 op=LN       norm=rmsnorm    sh=-1 dim=4096  heads=32  hd=128 q_dim=4096  kv_heads=32  kv_dim=4096  o_dim=4096  ffn_dim=11008  seqlen=404    qlen=1   cache=N lat=    0.001ms cycles≈1314
[pim-debug] op#01 op=V        norm=v_proj     sh=0  dim=4096  heads=16  hd=128 q_dim=2048  kv_heads=16  kv_dim=2048  o_dim=2048  ffn_dim=5504   seqlen=404    qlen=1   cache=N lat=    0.004ms cycles≈4428
[pim-debug] op#02 op=SV       norm=output     sh=0  dim=4096  heads=16  hd=128 q_dim=2048  kv_heads=16  kv_dim=2048  o_dim=2048  ffn_dim=5504   seqlen=404    qlen=1   cache=N lat=    0.002ms cycles≈1732
[pim-debug] op#03 op=O        norm=wo_proj    sh=1  dim=4096  heads=16  hd=128 q_dim=2048  kv_heads=16  kv_dim=2048  o_dim=2048  ffn_dim=5504   seqlen=404    qlen=1   cache=N lat=    0.004ms cycles≈4062
[pim-debug] op#04 op=FFN_W1   norm=ffn_gate   sh=0  dim=4096  heads=16  hd=128 q_dim=2048  kv_heads=16  kv_dim=2048  o_dim=2048  ffn_dim=5504   seqlen=404    qlen=1   cache=N lat=    0.012ms cycles≈11708
[pim-debug] op#05 op=SwiGLU   norm=silu       sh=0  dim=4096  heads=16  hd=128 q_dim=2048  kv_heads=16  kv_dim=2048  o_dim=2048  ffn_dim=5504   seqlen=404    qlen=1   cache=N lat=    0.001ms cycles≈503
[pim-debug] segment total latency: 0.024 ms
========================================================================================
[pim-debug] segment_key=pim|decode|24|fdf6362e664a0dcb3b710140facc51d5
[pim-debug] sig: device_type=pim phase=decode step=24 (count_hint=1)
[pim-debug] ops_repr: V:0,SV:0,O:1,FFN_W1:0,SwiGLU:0
[pim-debug] cfg: shard_policy='fine' shards=2 dim=4096 ffn_dim=11008 n_heads=32 n_kv_heads=auto->n_heads
[pim-debug] pim_config=/lustre/home/2501111916/workspace/XPUPIM_0226_gpupim_parameter/TriForm/algorithms/aim_simulator/PIM_AiM.json
[pim-debug] ramulator_config=/lustre/home/2501111916/workspace/XPUPIM_0226_gpupim_parameter/TriForm/algorithms/aim_simulator/example.yaml
[pim-debug] cost_model config.PIM_FREQ_GHZ=1.0
[pim-debug] op plan (logical shapes inferred from schedule cfg):
  - op#00  op=V        shard=0   x=[1x4096] + w=[2048x4096]  ->  y=[1x2048]  (T=1, K=404)
  - op#01  op=SV       shard=0   p=[16x1x404] + v=[16x404x128]  ->  y=[16x1x128]  (T=1, K=404)
  - op#02  op=O        shard=1   x=[1x2048] + w=[4096x2048]  ->  y=[1x4096]  (T=1, K=404)
  - op#03  op=FFN_W1   shard=0   x=[1x4096] + w=[5504x4096]  ->  y=[1x5504]  (T=1, K=404)
  - op#04  op=SwiGLU   shard=0   a=[1x5504] + b=[1x5504]  ->  y=[1x5504]  (T=1, K=404)
[pim-debug] NOTE: CENT(AiM) trace backend internally uses x shape (1,1,dim) and handles prefill by repeating ops;
           the table below shows the *effective parameters* passed into cost_model_pim_backend for each op.
[pim-debug] op#00 op=V        norm=v_proj     sh=0  dim=4096  heads=16  hd=128 q_dim=2048  kv_heads=16  kv_dim=2048  o_dim=2048  ffn_dim=5504   seqlen=404    qlen=1   cache=N lat=    0.004ms cycles≈4428
[pim-debug] op#01 op=SV       norm=output     sh=0  dim=4096  heads=16  hd=128 q_dim=2048  kv_heads=16  kv_dim=2048  o_dim=2048  ffn_dim=5504   seqlen=404    qlen=1   cache=N lat=    0.002ms cycles≈1732
[pim-debug] op#02 op=O        norm=wo_proj    sh=1  dim=4096  heads=16  hd=128 q_dim=2048  kv_heads=16  kv_dim=2048  o_dim=2048  ffn_dim=5504   seqlen=404    qlen=1   cache=N lat=    0.004ms cycles≈4062
[pim-debug] op#03 op=FFN_W1   norm=ffn_gate   sh=0  dim=4096  heads=16  hd=128 q_dim=2048  kv_heads=16  kv_dim=2048  o_dim=2048  ffn_dim=5504   seqlen=404    qlen=1   cache=N lat=    0.012ms cycles≈11708
[pim-debug] op#04 op=SwiGLU   norm=silu       sh=0  dim=4096  heads=16  hd=128 q_dim=2048  kv_heads=16  kv_dim=2048  o_dim=2048  ffn_dim=5504   seqlen=404    qlen=1   cache=N lat=    0.001ms cycles≈503
[pim-debug] segment total latency: 0.022 ms
========================================================================================
[pim-debug] segment_key=pim|decode|25|18ae37754a97d1f42b25b2cff77caf3f
[pim-debug] sig: device_type=pim phase=decode step=25 (count_hint=32)
[pim-debug] ops_repr: V:1,SV:1,LN:-1,FFN_W1:1,FFN_W3:1,SwiGLU:1,FFN_W2:0
[pim-debug] cfg: shard_policy='fine' shards=2 dim=4096 ffn_dim=11008 n_heads=32 n_kv_heads=auto->n_heads
[pim-debug] pim_config=/lustre/home/2501111916/workspace/XPUPIM_0226_gpupim_parameter/TriForm/algorithms/aim_simulator/PIM_AiM.json
[pim-debug] ramulator_config=/lustre/home/2501111916/workspace/XPUPIM_0226_gpupim_parameter/TriForm/algorithms/aim_simulator/example.yaml
[pim-debug] cost_model config.PIM_FREQ_GHZ=1.0
[pim-debug] op plan (logical shapes inferred from schedule cfg):
  - op#00  op=V        shard=1   x=[1x4096] + w=[2048x4096]  ->  y=[1x2048]  (T=1, K=416)
  - op#01  op=SV       shard=1   p=[16x1x416] + v=[16x416x128]  ->  y=[16x1x128]  (T=1, K=416)
  - op#02  op=LN       shard=-1  x=[1x4096] + w=[4096]  ->  y=[1x4096]  (T=1, K=416)
  - op#03  op=FFN_W1   shard=1   x=[1x4096] + w=[5504x4096]  ->  y=[1x5504]  (T=1, K=416)
  - op#04  op=FFN_W3   shard=1   x=[1x4096] + w=[5504x4096]  ->  y=[1x5504]  (T=1, K=416)
  - op#05  op=SwiGLU   shard=1   a=[1x5504] + b=[1x5504]  ->  y=[1x5504]  (T=1, K=416)
  - op#06  op=FFN_W2   shard=0   x=[1x5504] + w=[4096x5504]  ->  y=[1x4096]  (T=1, K=416)
[pim-debug] NOTE: CENT(AiM) trace backend internally uses x shape (1,1,dim) and handles prefill by repeating ops;
           the table below shows the *effective parameters* passed into cost_model_pim_backend for each op.
[pim-debug] op#00 op=V        norm=v_proj     sh=1  dim=4096  heads=16  hd=128 q_dim=2048  kv_heads=16  kv_dim=2048  o_dim=2048  ffn_dim=5504   seqlen=416    qlen=1   cache=N lat=    0.004ms cycles≈4428
[pim-debug] op#01 op=SV       norm=output     sh=1  dim=4096  heads=16  hd=128 q_dim=2048  kv_heads=16  kv_dim=2048  o_dim=2048  ffn_dim=5504   seqlen=416    qlen=1   cache=N lat=    0.002ms cycles≈1732
[pim-debug] op#02 op=LN       norm=rmsnorm    sh=-1 dim=4096  heads=32  hd=128 q_dim=4096  kv_heads=32  kv_dim=4096  o_dim=4096  ffn_dim=11008  seqlen=416    qlen=1   cache=N lat=    0.001ms cycles≈1314
[pim-debug] op#03 op=FFN_W1   norm=ffn_gate   sh=1  dim=4096  heads=16  hd=128 q_dim=2048  kv_heads=16  kv_dim=2048  o_dim=2048  ffn_dim=5504   seqlen=416    qlen=1   cache=N lat=    0.012ms cycles≈11708
[pim-debug] op#04 op=FFN_W3   norm=ffn_up     sh=1  dim=4096  heads=16  hd=128 q_dim=2048  kv_heads=16  kv_dim=2048  o_dim=2048  ffn_dim=5504   seqlen=416    qlen=1   cache=N lat=    0.011ms cycles≈10896
[pim-debug] op#05 op=SwiGLU   norm=silu       sh=1  dim=4096  heads=16  hd=128 q_dim=2048  kv_heads=16  kv_dim=2048  o_dim=2048  ffn_dim=5504   seqlen=416    qlen=1   cache=N lat=    0.001ms cycles≈503
[pim-debug] op#06 op=FFN_W2   norm=ffn_down   sh=0  dim=4096  heads=16  hd=128 q_dim=2048  kv_heads=16  kv_dim=2048  o_dim=2048  ffn_dim=5504   seqlen=416    qlen=1   cache=N lat=    0.011ms cycles≈11466
[pim-debug] segment total latency: 0.042 ms
========================================================================================
[pim-debug] segment_key=pim|decode|25|fa8b04eaba988353d76eadc6a01ae0d4
[pim-debug] sig: device_type=pim phase=decode step=25 (count_hint=31)
[pim-debug] ops_repr: LN:-1,V:0,SV:0,O:1,FFN_W1:0,SwiGLU:0
[pim-debug] cfg: shard_policy='fine' shards=2 dim=4096 ffn_dim=11008 n_heads=32 n_kv_heads=auto->n_heads
[pim-debug] pim_config=/lustre/home/2501111916/workspace/XPUPIM_0226_gpupim_parameter/TriForm/algorithms/aim_simulator/PIM_AiM.json
[pim-debug] ramulator_config=/lustre/home/2501111916/workspace/XPUPIM_0226_gpupim_parameter/TriForm/algorithms/aim_simulator/example.yaml
[pim-debug] cost_model config.PIM_FREQ_GHZ=1.0
[pim-debug] op plan (logical shapes inferred from schedule cfg):
  - op#00  op=LN       shard=-1  x=[1x4096] + w=[4096]  ->  y=[1x4096]  (T=1, K=416)
  - op#01  op=V        shard=0   x=[1x4096] + w=[2048x4096]  ->  y=[1x2048]  (T=1, K=416)
  - op#02  op=SV       shard=0   p=[16x1x416] + v=[16x416x128]  ->  y=[16x1x128]  (T=1, K=416)
  - op#03  op=O        shard=1   x=[1x2048] + w=[4096x2048]  ->  y=[1x4096]  (T=1, K=416)
  - op#04  op=FFN_W1   shard=0   x=[1x4096] + w=[5504x4096]  ->  y=[1x5504]  (T=1, K=416)
  - op#05  op=SwiGLU   shard=0   a=[1x5504] + b=[1x5504]  ->  y=[1x5504]  (T=1, K=416)
[pim-debug] NOTE: CENT(AiM) trace backend internally uses x shape (1,1,dim) and handles prefill by repeating ops;
           the table below shows the *effective parameters* passed into cost_model_pim_backend for each op.
[pim-debug] op#00 op=LN       norm=rmsnorm    sh=-1 dim=4096  heads=32  hd=128 q_dim=4096  kv_heads=32  kv_dim=4096  o_dim=4096  ffn_dim=11008  seqlen=416    qlen=1   cache=N lat=    0.001ms cycles≈1314
[pim-debug] op#01 op=V        norm=v_proj     sh=0  dim=4096  heads=16  hd=128 q_dim=2048  kv_heads=16  kv_dim=2048  o_dim=2048  ffn_dim=5504   seqlen=416    qlen=1   cache=N lat=    0.004ms cycles≈4428
[pim-debug] op#02 op=SV       norm=output     sh=0  dim=4096  heads=16  hd=128 q_dim=2048  kv_heads=16  kv_dim=2048  o_dim=2048  ffn_dim=5504   seqlen=416    qlen=1   cache=N lat=    0.002ms cycles≈1732
[pim-debug] op#03 op=O        norm=wo_proj    sh=1  dim=4096  heads=16  hd=128 q_dim=2048  kv_heads=16  kv_dim=2048  o_dim=2048  ffn_dim=5504   seqlen=416    qlen=1   cache=N lat=    0.004ms cycles≈4062
[pim-debug] op#04 op=FFN_W1   norm=ffn_gate   sh=0  dim=4096  heads=16  hd=128 q_dim=2048  kv_heads=16  kv_dim=2048  o_dim=2048  ffn_dim=5504   seqlen=416    qlen=1   cache=N lat=    0.012ms cycles≈11708
[pim-debug] op#05 op=SwiGLU   norm=silu       sh=0  dim=4096  heads=16  hd=128 q_dim=2048  kv_heads=16  kv_dim=2048  o_dim=2048  ffn_dim=5504   seqlen=416    qlen=1   cache=N lat=    0.001ms cycles≈503
[pim-debug] segment total latency: 0.024 ms
========================================================================================
[pim-debug] segment_key=pim|decode|25|fdf6362e664a0dcb3b710140facc51d5
[pim-debug] sig: device_type=pim phase=decode step=25 (count_hint=1)
[pim-debug] ops_repr: V:0,SV:0,O:1,FFN_W1:0,SwiGLU:0
[pim-debug] cfg: shard_policy='fine' shards=2 dim=4096 ffn_dim=11008 n_heads=32 n_kv_heads=auto->n_heads
[pim-debug] pim_config=/lustre/home/2501111916/workspace/XPUPIM_0226_gpupim_parameter/TriForm/algorithms/aim_simulator/PIM_AiM.json
[pim-debug] ramulator_config=/lustre/home/2501111916/workspace/XPUPIM_0226_gpupim_parameter/TriForm/algorithms/aim_simulator/example.yaml
[pim-debug] cost_model config.PIM_FREQ_GHZ=1.0
[pim-debug] op plan (logical shapes inferred from schedule cfg):
  - op#00  op=V        shard=0   x=[1x4096] + w=[2048x4096]  ->  y=[1x2048]  (T=1, K=416)
  - op#01  op=SV       shard=0   p=[16x1x416] + v=[16x416x128]  ->  y=[16x1x128]  (T=1, K=416)
  - op#02  op=O        shard=1   x=[1x2048] + w=[4096x2048]  ->  y=[1x4096]  (T=1, K=416)
  - op#03  op=FFN_W1   shard=0   x=[1x4096] + w=[5504x4096]  ->  y=[1x5504]  (T=1, K=416)
  - op#04  op=SwiGLU   shard=0   a=[1x5504] + b=[1x5504]  ->  y=[1x5504]  (T=1, K=416)
[pim-debug] NOTE: CENT(AiM) trace backend internally uses x shape (1,1,dim) and handles prefill by repeating ops;
           the table below shows the *effective parameters* passed into cost_model_pim_backend for each op.
[pim-debug] op#00 op=V        norm=v_proj     sh=0  dim=4096  heads=16  hd=128 q_dim=2048  kv_heads=16  kv_dim=2048  o_dim=2048  ffn_dim=5504   seqlen=416    qlen=1   cache=N lat=    0.004ms cycles≈4428
[pim-debug] op#01 op=SV       norm=output     sh=0  dim=4096  heads=16  hd=128 q_dim=2048  kv_heads=16  kv_dim=2048  o_dim=2048  ffn_dim=5504   seqlen=416    qlen=1   cache=N lat=    0.002ms cycles≈1732
[pim-debug] op#02 op=O        norm=wo_proj    sh=1  dim=4096  heads=16  hd=128 q_dim=2048  kv_heads=16  kv_dim=2048  o_dim=2048  ffn_dim=5504   seqlen=416    qlen=1   cache=N lat=    0.004ms cycles≈4062
[pim-debug] op#03 op=FFN_W1   norm=ffn_gate   sh=0  dim=4096  heads=16  hd=128 q_dim=2048  kv_heads=16  kv_dim=2048  o_dim=2048  ffn_dim=5504   seqlen=416    qlen=1   cache=N lat=    0.012ms cycles≈11708
[pim-debug] op#04 op=SwiGLU   norm=silu       sh=0  dim=4096  heads=16  hd=128 q_dim=2048  kv_heads=16  kv_dim=2048  o_dim=2048  ffn_dim=5504   seqlen=416    qlen=1   cache=N lat=    0.001ms cycles≈503
[pim-debug] segment total latency: 0.022 ms
========================================================================================
[pim-debug] segment_key=pim|decode|26|18ae37754a97d1f42b25b2cff77caf3f
[pim-debug] sig: device_type=pim phase=decode step=26 (count_hint=32)
[pim-debug] ops_repr: V:1,SV:1,LN:-1,FFN_W1:1,FFN_W3:1,SwiGLU:1,FFN_W2:0
[pim-debug] cfg: shard_policy='fine' shards=2 dim=4096 ffn_dim=11008 n_heads=32 n_kv_heads=auto->n_heads
[pim-debug] pim_config=/lustre/home/2501111916/workspace/XPUPIM_0226_gpupim_parameter/TriForm/algorithms/aim_simulator/PIM_AiM.json
[pim-debug] ramulator_config=/lustre/home/2501111916/workspace/XPUPIM_0226_gpupim_parameter/TriForm/algorithms/aim_simulator/example.yaml
[pim-debug] cost_model config.PIM_FREQ_GHZ=1.0
[pim-debug] op plan (logical shapes inferred from schedule cfg):
  - op#00  op=V        shard=1   x=[1x4096] + w=[2048x4096]  ->  y=[1x2048]  (T=1, K=428)
  - op#01  op=SV       shard=1   p=[16x1x428] + v=[16x428x128]  ->  y=[16x1x128]  (T=1, K=428)
  - op#02  op=LN       shard=-1  x=[1x4096] + w=[4096]  ->  y=[1x4096]  (T=1, K=428)
  - op#03  op=FFN_W1   shard=1   x=[1x4096] + w=[5504x4096]  ->  y=[1x5504]  (T=1, K=428)
  - op#04  op=FFN_W3   shard=1   x=[1x4096] + w=[5504x4096]  ->  y=[1x5504]  (T=1, K=428)
  - op#05  op=SwiGLU   shard=1   a=[1x5504] + b=[1x5504]  ->  y=[1x5504]  (T=1, K=428)
  - op#06  op=FFN_W2   shard=0   x=[1x5504] + w=[4096x5504]  ->  y=[1x4096]  (T=1, K=428)
[pim-debug] NOTE: CENT(AiM) trace backend internally uses x shape (1,1,dim) and handles prefill by repeating ops;
           the table below shows the *effective parameters* passed into cost_model_pim_backend for each op.
[pim-debug] op#00 op=V        norm=v_proj     sh=1  dim=4096  heads=16  hd=128 q_dim=2048  kv_heads=16  kv_dim=2048  o_dim=2048  ffn_dim=5504   seqlen=428    qlen=1   cache=N lat=    0.004ms cycles≈4428
[pim-debug] op#01 op=SV       norm=output     sh=1  dim=4096  heads=16  hd=128 q_dim=2048  kv_heads=16  kv_dim=2048  o_dim=2048  ffn_dim=5504   seqlen=428    qlen=1   cache=N lat=    0.002ms cycles≈1750
[pim-debug] op#02 op=LN       norm=rmsnorm    sh=-1 dim=4096  heads=32  hd=128 q_dim=4096  kv_heads=32  kv_dim=4096  o_dim=4096  ffn_dim=11008  seqlen=428    qlen=1   cache=N lat=    0.001ms cycles≈1314
[pim-debug] op#03 op=FFN_W1   norm=ffn_gate   sh=1  dim=4096  heads=16  hd=128 q_dim=2048  kv_heads=16  kv_dim=2048  o_dim=2048  ffn_dim=5504   seqlen=428    qlen=1   cache=N lat=    0.012ms cycles≈11708
[pim-debug] op#04 op=FFN_W3   norm=ffn_up     sh=1  dim=4096  heads=16  hd=128 q_dim=2048  kv_heads=16  kv_dim=2048  o_dim=2048  ffn_dim=5504   seqlen=428    qlen=1   cache=N lat=    0.011ms cycles≈10896
[pim-debug] op#05 op=SwiGLU   norm=silu       sh=1  dim=4096  heads=16  hd=128 q_dim=2048  kv_heads=16  kv_dim=2048  o_dim=2048  ffn_dim=5504   seqlen=428    qlen=1   cache=N lat=    0.001ms cycles≈503
[pim-debug] op#06 op=FFN_W2   norm=ffn_down   sh=0  dim=4096  heads=16  hd=128 q_dim=2048  kv_heads=16  kv_dim=2048  o_dim=2048  ffn_dim=5504   seqlen=428    qlen=1   cache=N lat=    0.011ms cycles≈11466
[pim-debug] segment total latency: 0.042 ms
========================================================================================
[pim-debug] segment_key=pim|decode|26|fa8b04eaba988353d76eadc6a01ae0d4
[pim-debug] sig: device_type=pim phase=decode step=26 (count_hint=31)
[pim-debug] ops_repr: LN:-1,V:0,SV:0,O:1,FFN_W1:0,SwiGLU:0
[pim-debug] cfg: shard_policy='fine' shards=2 dim=4096 ffn_dim=11008 n_heads=32 n_kv_heads=auto->n_heads
[pim-debug] pim_config=/lustre/home/2501111916/workspace/XPUPIM_0226_gpupim_parameter/TriForm/algorithms/aim_simulator/PIM_AiM.json
[pim-debug] ramulator_config=/lustre/home/2501111916/workspace/XPUPIM_0226_gpupim_parameter/TriForm/algorithms/aim_simulator/example.yaml
[pim-debug] cost_model config.PIM_FREQ_GHZ=1.0
[pim-debug] op plan (logical shapes inferred from schedule cfg):
  - op#00  op=LN       shard=-1  x=[1x4096] + w=[4096]  ->  y=[1x4096]  (T=1, K=428)
  - op#01  op=V        shard=0   x=[1x4096] + w=[2048x4096]  ->  y=[1x2048]  (T=1, K=428)
  - op#02  op=SV       shard=0   p=[16x1x428] + v=[16x428x128]  ->  y=[16x1x128]  (T=1, K=428)
  - op#03  op=O        shard=1   x=[1x2048] + w=[4096x2048]  ->  y=[1x4096]  (T=1, K=428)
  - op#04  op=FFN_W1   shard=0   x=[1x4096] + w=[5504x4096]  ->  y=[1x5504]  (T=1, K=428)
  - op#05  op=SwiGLU   shard=0   a=[1x5504] + b=[1x5504]  ->  y=[1x5504]  (T=1, K=428)
[pim-debug] NOTE: CENT(AiM) trace backend internally uses x shape (1,1,dim) and handles prefill by repeating ops;
           the table below shows the *effective parameters* passed into cost_model_pim_backend for each op.
[pim-debug] op#00 op=LN       norm=rmsnorm    sh=-1 dim=4096  heads=32  hd=128 q_dim=4096  kv_heads=32  kv_dim=4096  o_dim=4096  ffn_dim=11008  seqlen=428    qlen=1   cache=N lat=    0.001ms cycles≈1314
[pim-debug] op#01 op=V        norm=v_proj     sh=0  dim=4096  heads=16  hd=128 q_dim=2048  kv_heads=16  kv_dim=2048  o_dim=2048  ffn_dim=5504   seqlen=428    qlen=1   cache=N lat=    0.004ms cycles≈4428
[pim-debug] op#02 op=SV       norm=output     sh=0  dim=4096  heads=16  hd=128 q_dim=2048  kv_heads=16  kv_dim=2048  o_dim=2048  ffn_dim=5504   seqlen=428    qlen=1   cache=N lat=    0.002ms cycles≈1750
[pim-debug] op#03 op=O        norm=wo_proj    sh=1  dim=4096  heads=16  hd=128 q_dim=2048  kv_heads=16  kv_dim=2048  o_dim=2048  ffn_dim=5504   seqlen=428    qlen=1   cache=N lat=    0.004ms cycles≈4062
[pim-debug] op#04 op=FFN_W1   norm=ffn_gate   sh=0  dim=4096  heads=16  hd=128 q_dim=2048  kv_heads=16  kv_dim=2048  o_dim=2048  ffn_dim=5504   seqlen=428    qlen=1   cache=N lat=    0.012ms cycles≈11708
[pim-debug] op#05 op=SwiGLU   norm=silu       sh=0  dim=4096  heads=16  hd=128 q_dim=2048  kv_heads=16  kv_dim=2048  o_dim=2048  ffn_dim=5504   seqlen=428    qlen=1   cache=N lat=    0.001ms cycles≈503
[pim-debug] segment total latency: 0.024 ms
========================================================================================
[pim-debug] segment_key=pim|decode|26|fdf6362e664a0dcb3b710140facc51d5
[pim-debug] sig: device_type=pim phase=decode step=26 (count_hint=1)
[pim-debug] ops_repr: V:0,SV:0,O:1,FFN_W1:0,SwiGLU:0
[pim-debug] cfg: shard_policy='fine' shards=2 dim=4096 ffn_dim=11008 n_heads=32 n_kv_heads=auto->n_heads
[pim-debug] pim_config=/lustre/home/2501111916/workspace/XPUPIM_0226_gpupim_parameter/TriForm/algorithms/aim_simulator/PIM_AiM.json
[pim-debug] ramulator_config=/lustre/home/2501111916/workspace/XPUPIM_0226_gpupim_parameter/TriForm/algorithms/aim_simulator/example.yaml
[pim-debug] cost_model config.PIM_FREQ_GHZ=1.0
[pim-debug] op plan (logical shapes inferred from schedule cfg):
  - op#00  op=V        shard=0   x=[1x4096] + w=[2048x4096]  ->  y=[1x2048]  (T=1, K=428)
  - op#01  op=SV       shard=0   p=[16x1x428] + v=[16x428x128]  ->  y=[16x1x128]  (T=1, K=428)
  - op#02  op=O        shard=1   x=[1x2048] + w=[4096x2048]  ->  y=[1x4096]  (T=1, K=428)
  - op#03  op=FFN_W1   shard=0   x=[1x4096] + w=[5504x4096]  ->  y=[1x5504]  (T=1, K=428)
  - op#04  op=SwiGLU   shard=0   a=[1x5504] + b=[1x5504]  ->  y=[1x5504]  (T=1, K=428)
[pim-debug] NOTE: CENT(AiM) trace backend internally uses x shape (1,1,dim) and handles prefill by repeating ops;
           the table below shows the *effective parameters* passed into cost_model_pim_backend for each op.
[pim-debug] op#00 op=V        norm=v_proj     sh=0  dim=4096  heads=16  hd=128 q_dim=2048  kv_heads=16  kv_dim=2048  o_dim=2048  ffn_dim=5504   seqlen=428    qlen=1   cache=N lat=    0.004ms cycles≈4428
[pim-debug] op#01 op=SV       norm=output     sh=0  dim=4096  heads=16  hd=128 q_dim=2048  kv_heads=16  kv_dim=2048  o_dim=2048  ffn_dim=5504   seqlen=428    qlen=1   cache=N lat=    0.002ms cycles≈1750
[pim-debug] op#02 op=O        norm=wo_proj    sh=1  dim=4096  heads=16  hd=128 q_dim=2048  kv_heads=16  kv_dim=2048  o_dim=2048  ffn_dim=5504   seqlen=428    qlen=1   cache=N lat=    0.004ms cycles≈4062
[pim-debug] op#03 op=FFN_W1   norm=ffn_gate   sh=0  dim=4096  heads=16  hd=128 q_dim=2048  kv_heads=16  kv_dim=2048  o_dim=2048  ffn_dim=5504   seqlen=428    qlen=1   cache=N lat=    0.012ms cycles≈11708
[pim-debug] op#04 op=SwiGLU   norm=silu       sh=0  dim=4096  heads=16  hd=128 q_dim=2048  kv_heads=16  kv_dim=2048  o_dim=2048  ffn_dim=5504   seqlen=428    qlen=1   cache=N lat=    0.001ms cycles≈503
[pim-debug] segment total latency: 0.022 ms
========================================================================================
[pim-debug] segment_key=pim|decode|27|18ae37754a97d1f42b25b2cff77caf3f
[pim-debug] sig: device_type=pim phase=decode step=27 (count_hint=32)
[pim-debug] ops_repr: V:1,SV:1,LN:-1,FFN_W1:1,FFN_W3:1,SwiGLU:1,FFN_W2:0
[pim-debug] cfg: shard_policy='fine' shards=2 dim=4096 ffn_dim=11008 n_heads=32 n_kv_heads=auto->n_heads
[pim-debug] pim_config=/lustre/home/2501111916/workspace/XPUPIM_0226_gpupim_parameter/TriForm/algorithms/aim_simulator/PIM_AiM.json
[pim-debug] ramulator_config=/lustre/home/2501111916/workspace/XPUPIM_0226_gpupim_parameter/TriForm/algorithms/aim_simulator/example.yaml
[pim-debug] cost_model config.PIM_FREQ_GHZ=1.0
[pim-debug] op plan (logical shapes inferred from schedule cfg):
  - op#00  op=V        shard=1   x=[1x4096] + w=[2048x4096]  ->  y=[1x2048]  (T=1, K=440)
  - op#01  op=SV       shard=1   p=[16x1x440] + v=[16x440x128]  ->  y=[16x1x128]  (T=1, K=440)
  - op#02  op=LN       shard=-1  x=[1x4096] + w=[4096]  ->  y=[1x4096]  (T=1, K=440)
  - op#03  op=FFN_W1   shard=1   x=[1x4096] + w=[5504x4096]  ->  y=[1x5504]  (T=1, K=440)
  - op#04  op=FFN_W3   shard=1   x=[1x4096] + w=[5504x4096]  ->  y=[1x5504]  (T=1, K=440)
  - op#05  op=SwiGLU   shard=1   a=[1x5504] + b=[1x5504]  ->  y=[1x5504]  (T=1, K=440)
  - op#06  op=FFN_W2   shard=0   x=[1x5504] + w=[4096x5504]  ->  y=[1x4096]  (T=1, K=440)
[pim-debug] NOTE: CENT(AiM) trace backend internally uses x shape (1,1,dim) and handles prefill by repeating ops;
           the table below shows the *effective parameters* passed into cost_model_pim_backend for each op.
[pim-debug] op#00 op=V        norm=v_proj     sh=1  dim=4096  heads=16  hd=128 q_dim=2048  kv_heads=16  kv_dim=2048  o_dim=2048  ffn_dim=5504   seqlen=440    qlen=1   cache=N lat=    0.004ms cycles≈4428
[pim-debug] op#01 op=SV       norm=output     sh=1  dim=4096  heads=16  hd=128 q_dim=2048  kv_heads=16  kv_dim=2048  o_dim=2048  ffn_dim=5504   seqlen=440    qlen=1   cache=N lat=    0.002ms cycles≈1768
[pim-debug] op#02 op=LN       norm=rmsnorm    sh=-1 dim=4096  heads=32  hd=128 q_dim=4096  kv_heads=32  kv_dim=4096  o_dim=4096  ffn_dim=11008  seqlen=440    qlen=1   cache=N lat=    0.001ms cycles≈1314
[pim-debug] op#03 op=FFN_W1   norm=ffn_gate   sh=1  dim=4096  heads=16  hd=128 q_dim=2048  kv_heads=16  kv_dim=2048  o_dim=2048  ffn_dim=5504   seqlen=440    qlen=1   cache=N lat=    0.012ms cycles≈11708
[pim-debug] op#04 op=FFN_W3   norm=ffn_up     sh=1  dim=4096  heads=16  hd=128 q_dim=2048  kv_heads=16  kv_dim=2048  o_dim=2048  ffn_dim=5504   seqlen=440    qlen=1   cache=N lat=    0.011ms cycles≈10896
[pim-debug] op#05 op=SwiGLU   norm=silu       sh=1  dim=4096  heads=16  hd=128 q_dim=2048  kv_heads=16  kv_dim=2048  o_dim=2048  ffn_dim=5504   seqlen=440    qlen=1   cache=N lat=    0.001ms cycles≈503
[pim-debug] op#06 op=FFN_W2   norm=ffn_down   sh=0  dim=4096  heads=16  hd=128 q_dim=2048  kv_heads=16  kv_dim=2048  o_dim=2048  ffn_dim=5504   seqlen=440    qlen=1   cache=N lat=    0.011ms cycles≈11466
[pim-debug] segment total latency: 0.042 ms
========================================================================================
[pim-debug] segment_key=pim|decode|27|fa8b04eaba988353d76eadc6a01ae0d4
[pim-debug] sig: device_type=pim phase=decode step=27 (count_hint=31)
[pim-debug] ops_repr: LN:-1,V:0,SV:0,O:1,FFN_W1:0,SwiGLU:0
[pim-debug] cfg: shard_policy='fine' shards=2 dim=4096 ffn_dim=11008 n_heads=32 n_kv_heads=auto->n_heads
[pim-debug] pim_config=/lustre/home/2501111916/workspace/XPUPIM_0226_gpupim_parameter/TriForm/algorithms/aim_simulator/PIM_AiM.json
[pim-debug] ramulator_config=/lustre/home/2501111916/workspace/XPUPIM_0226_gpupim_parameter/TriForm/algorithms/aim_simulator/example.yaml
[pim-debug] cost_model config.PIM_FREQ_GHZ=1.0
[pim-debug] op plan (logical shapes inferred from schedule cfg):
  - op#00  op=LN       shard=-1  x=[1x4096] + w=[4096]  ->  y=[1x4096]  (T=1, K=440)
  - op#01  op=V        shard=0   x=[1x4096] + w=[2048x4096]  ->  y=[1x2048]  (T=1, K=440)
  - op#02  op=SV       shard=0   p=[16x1x440] + v=[16x440x128]  ->  y=[16x1x128]  (T=1, K=440)
  - op#03  op=O        shard=1   x=[1x2048] + w=[4096x2048]  ->  y=[1x4096]  (T=1, K=440)
  - op#04  op=FFN_W1   shard=0   x=[1x4096] + w=[5504x4096]  ->  y=[1x5504]  (T=1, K=440)
  - op#05  op=SwiGLU   shard=0   a=[1x5504] + b=[1x5504]  ->  y=[1x5504]  (T=1, K=440)
[pim-debug] NOTE: CENT(AiM) trace backend internally uses x shape (1,1,dim) and handles prefill by repeating ops;
           the table below shows the *effective parameters* passed into cost_model_pim_backend for each op.
[pim-debug] op#00 op=LN       norm=rmsnorm    sh=-1 dim=4096  heads=32  hd=128 q_dim=4096  kv_heads=32  kv_dim=4096  o_dim=4096  ffn_dim=11008  seqlen=440    qlen=1   cache=N lat=    0.001ms cycles≈1314
[pim-debug] op#01 op=V        norm=v_proj     sh=0  dim=4096  heads=16  hd=128 q_dim=2048  kv_heads=16  kv_dim=2048  o_dim=2048  ffn_dim=5504   seqlen=440    qlen=1   cache=N lat=    0.004ms cycles≈4428
[pim-debug] op#02 op=SV       norm=output     sh=0  dim=4096  heads=16  hd=128 q_dim=2048  kv_heads=16  kv_dim=2048  o_dim=2048  ffn_dim=5504   seqlen=440    qlen=1   cache=N lat=    0.002ms cycles≈1768
[pim-debug] op#03 op=O        norm=wo_proj    sh=1  dim=4096  heads=16  hd=128 q_dim=2048  kv_heads=16  kv_dim=2048  o_dim=2048  ffn_dim=5504   seqlen=440    qlen=1   cache=N lat=    0.004ms cycles≈4062
[pim-debug] op#04 op=FFN_W1   norm=ffn_gate   sh=0  dim=4096  heads=16  hd=128 q_dim=2048  kv_heads=16  kv_dim=2048  o_dim=2048  ffn_dim=5504   seqlen=440    qlen=1   cache=N lat=    0.012ms cycles≈11708
[pim-debug] op#05 op=SwiGLU   norm=silu       sh=0  dim=4096  heads=16  hd=128 q_dim=2048  kv_heads=16  kv_dim=2048  o_dim=2048  ffn_dim=5504   seqlen=440    qlen=1   cache=N lat=    0.001ms cycles≈503
[pim-debug] segment total latency: 0.024 ms
========================================================================================
[pim-debug] segment_key=pim|decode|27|fdf6362e664a0dcb3b710140facc51d5
[pim-debug] sig: device_type=pim phase=decode step=27 (count_hint=1)
[pim-debug] ops_repr: V:0,SV:0,O:1,FFN_W1:0,SwiGLU:0
[pim-debug] cfg: shard_policy='fine' shards=2 dim=4096 ffn_dim=11008 n_heads=32 n_kv_heads=auto->n_heads
[pim-debug] pim_config=/lustre/home/2501111916/workspace/XPUPIM_0226_gpupim_parameter/TriForm/algorithms/aim_simulator/PIM_AiM.json
[pim-debug] ramulator_config=/lustre/home/2501111916/workspace/XPUPIM_0226_gpupim_parameter/TriForm/algorithms/aim_simulator/example.yaml
[pim-debug] cost_model config.PIM_FREQ_GHZ=1.0
[pim-debug] op plan (logical shapes inferred from schedule cfg):
  - op#00  op=V        shard=0   x=[1x4096] + w=[2048x4096]  ->  y=[1x2048]  (T=1, K=440)
  - op#01  op=SV       shard=0   p=[16x1x440] + v=[16x440x128]  ->  y=[16x1x128]  (T=1, K=440)
  - op#02  op=O        shard=1   x=[1x2048] + w=[4096x2048]  ->  y=[1x4096]  (T=1, K=440)
  - op#03  op=FFN_W1   shard=0   x=[1x4096] + w=[5504x4096]  ->  y=[1x5504]  (T=1, K=440)
  - op#04  op=SwiGLU   shard=0   a=[1x5504] + b=[1x5504]  ->  y=[1x5504]  (T=1, K=440)
[pim-debug] NOTE: CENT(AiM) trace backend internally uses x shape (1,1,dim) and handles prefill by repeating ops;
           the table below shows the *effective parameters* passed into cost_model_pim_backend for each op.
[pim-debug] op#00 op=V        norm=v_proj     sh=0  dim=4096  heads=16  hd=128 q_dim=2048  kv_heads=16  kv_dim=2048  o_dim=2048  ffn_dim=5504   seqlen=440    qlen=1   cache=N lat=    0.004ms cycles≈4428
[pim-debug] op#01 op=SV       norm=output     sh=0  dim=4096  heads=16  hd=128 q_dim=2048  kv_heads=16  kv_dim=2048  o_dim=2048  ffn_dim=5504   seqlen=440    qlen=1   cache=N lat=    0.002ms cycles≈1768
[pim-debug] op#02 op=O        norm=wo_proj    sh=1  dim=4096  heads=16  hd=128 q_dim=2048  kv_heads=16  kv_dim=2048  o_dim=2048  ffn_dim=5504   seqlen=440    qlen=1   cache=N lat=    0.004ms cycles≈4062
[pim-debug] op#03 op=FFN_W1   norm=ffn_gate   sh=0  dim=4096  heads=16  hd=128 q_dim=2048  kv_heads=16  kv_dim=2048  o_dim=2048  ffn_dim=5504   seqlen=440    qlen=1   cache=N lat=    0.012ms cycles≈11708
[pim-debug] op#04 op=SwiGLU   norm=silu       sh=0  dim=4096  heads=16  hd=128 q_dim=2048  kv_heads=16  kv_dim=2048  o_dim=2048  ffn_dim=5504   seqlen=440    qlen=1   cache=N lat=    0.001ms cycles≈503
[pim-debug] segment total latency: 0.022 ms
========================================================================================
[pim-debug] segment_key=pim|decode|28|18ae37754a97d1f42b25b2cff77caf3f
[pim-debug] sig: device_type=pim phase=decode step=28 (count_hint=32)
[pim-debug] ops_repr: V:1,SV:1,LN:-1,FFN_W1:1,FFN_W3:1,SwiGLU:1,FFN_W2:0
[pim-debug] cfg: shard_policy='fine' shards=2 dim=4096 ffn_dim=11008 n_heads=32 n_kv_heads=auto->n_heads
[pim-debug] pim_config=/lustre/home/2501111916/workspace/XPUPIM_0226_gpupim_parameter/TriForm/algorithms/aim_simulator/PIM_AiM.json
[pim-debug] ramulator_config=/lustre/home/2501111916/workspace/XPUPIM_0226_gpupim_parameter/TriForm/algorithms/aim_simulator/example.yaml
[pim-debug] cost_model config.PIM_FREQ_GHZ=1.0
[pim-debug] op plan (logical shapes inferred from schedule cfg):
  - op#00  op=V        shard=1   x=[1x4096] + w=[2048x4096]  ->  y=[1x2048]  (T=1, K=452)
  - op#01  op=SV       shard=1   p=[16x1x452] + v=[16x452x128]  ->  y=[16x1x128]  (T=1, K=452)
  - op#02  op=LN       shard=-1  x=[1x4096] + w=[4096]  ->  y=[1x4096]  (T=1, K=452)
  - op#03  op=FFN_W1   shard=1   x=[1x4096] + w=[5504x4096]  ->  y=[1x5504]  (T=1, K=452)
  - op#04  op=FFN_W3   shard=1   x=[1x4096] + w=[5504x4096]  ->  y=[1x5504]  (T=1, K=452)
  - op#05  op=SwiGLU   shard=1   a=[1x5504] + b=[1x5504]  ->  y=[1x5504]  (T=1, K=452)
  - op#06  op=FFN_W2   shard=0   x=[1x5504] + w=[4096x5504]  ->  y=[1x4096]  (T=1, K=452)
[pim-debug] NOTE: CENT(AiM) trace backend internally uses x shape (1,1,dim) and handles prefill by repeating ops;
           the table below shows the *effective parameters* passed into cost_model_pim_backend for each op.
[pim-debug] op#00 op=V        norm=v_proj     sh=1  dim=4096  heads=16  hd=128 q_dim=2048  kv_heads=16  kv_dim=2048  o_dim=2048  ffn_dim=5504   seqlen=452    qlen=1   cache=N lat=    0.004ms cycles≈4428
[pim-debug] op#01 op=SV       norm=output     sh=1  dim=4096  heads=16  hd=128 q_dim=2048  kv_heads=16  kv_dim=2048  o_dim=2048  ffn_dim=5504   seqlen=452    qlen=1   cache=N lat=    0.002ms cycles≈1786
[pim-debug] op#02 op=LN       norm=rmsnorm    sh=-1 dim=4096  heads=32  hd=128 q_dim=4096  kv_heads=32  kv_dim=4096  o_dim=4096  ffn_dim=11008  seqlen=452    qlen=1   cache=N lat=    0.001ms cycles≈1314
[pim-debug] op#03 op=FFN_W1   norm=ffn_gate   sh=1  dim=4096  heads=16  hd=128 q_dim=2048  kv_heads=16  kv_dim=2048  o_dim=2048  ffn_dim=5504   seqlen=452    qlen=1   cache=N lat=    0.012ms cycles≈11708
[pim-debug] op#04 op=FFN_W3   norm=ffn_up     sh=1  dim=4096  heads=16  hd=128 q_dim=2048  kv_heads=16  kv_dim=2048  o_dim=2048  ffn_dim=5504   seqlen=452    qlen=1   cache=N lat=    0.011ms cycles≈10896
[pim-debug] op#05 op=SwiGLU   norm=silu       sh=1  dim=4096  heads=16  hd=128 q_dim=2048  kv_heads=16  kv_dim=2048  o_dim=2048  ffn_dim=5504   seqlen=452    qlen=1   cache=N lat=    0.001ms cycles≈503
[pim-debug] op#06 op=FFN_W2   norm=ffn_down   sh=0  dim=4096  heads=16  hd=128 q_dim=2048  kv_heads=16  kv_dim=2048  o_dim=2048  ffn_dim=5504   seqlen=452    qlen=1   cache=N lat=    0.011ms cycles≈11466
[pim-debug] segment total latency: 0.042 ms
========================================================================================
[pim-debug] segment_key=pim|decode|28|fa8b04eaba988353d76eadc6a01ae0d4
[pim-debug] sig: device_type=pim phase=decode step=28 (count_hint=31)
[pim-debug] ops_repr: LN:-1,V:0,SV:0,O:1,FFN_W1:0,SwiGLU:0
[pim-debug] cfg: shard_policy='fine' shards=2 dim=4096 ffn_dim=11008 n_heads=32 n_kv_heads=auto->n_heads
[pim-debug] pim_config=/lustre/home/2501111916/workspace/XPUPIM_0226_gpupim_parameter/TriForm/algorithms/aim_simulator/PIM_AiM.json
[pim-debug] ramulator_config=/lustre/home/2501111916/workspace/XPUPIM_0226_gpupim_parameter/TriForm/algorithms/aim_simulator/example.yaml
[pim-debug] cost_model config.PIM_FREQ_GHZ=1.0
[pim-debug] op plan (logical shapes inferred from schedule cfg):
  - op#00  op=LN       shard=-1  x=[1x4096] + w=[4096]  ->  y=[1x4096]  (T=1, K=452)
  - op#01  op=V        shard=0   x=[1x4096] + w=[2048x4096]  ->  y=[1x2048]  (T=1, K=452)
  - op#02  op=SV       shard=0   p=[16x1x452] + v=[16x452x128]  ->  y=[16x1x128]  (T=1, K=452)
  - op#03  op=O        shard=1   x=[1x2048] + w=[4096x2048]  ->  y=[1x4096]  (T=1, K=452)
  - op#04  op=FFN_W1   shard=0   x=[1x4096] + w=[5504x4096]  ->  y=[1x5504]  (T=1, K=452)
  - op#05  op=SwiGLU   shard=0   a=[1x5504] + b=[1x5504]  ->  y=[1x5504]  (T=1, K=452)
[pim-debug] NOTE: CENT(AiM) trace backend internally uses x shape (1,1,dim) and handles prefill by repeating ops;
           the table below shows the *effective parameters* passed into cost_model_pim_backend for each op.
[pim-debug] op#00 op=LN       norm=rmsnorm    sh=-1 dim=4096  heads=32  hd=128 q_dim=4096  kv_heads=32  kv_dim=4096  o_dim=4096  ffn_dim=11008  seqlen=452    qlen=1   cache=N lat=    0.001ms cycles≈1314
[pim-debug] op#01 op=V        norm=v_proj     sh=0  dim=4096  heads=16  hd=128 q_dim=2048  kv_heads=16  kv_dim=2048  o_dim=2048  ffn_dim=5504   seqlen=452    qlen=1   cache=N lat=    0.004ms cycles≈4428
[pim-debug] op#02 op=SV       norm=output     sh=0  dim=4096  heads=16  hd=128 q_dim=2048  kv_heads=16  kv_dim=2048  o_dim=2048  ffn_dim=5504   seqlen=452    qlen=1   cache=N lat=    0.002ms cycles≈1786
[pim-debug] op#03 op=O        norm=wo_proj    sh=1  dim=4096  heads=16  hd=128 q_dim=2048  kv_heads=16  kv_dim=2048  o_dim=2048  ffn_dim=5504   seqlen=452    qlen=1   cache=N lat=    0.004ms cycles≈4062
[pim-debug] op#04 op=FFN_W1   norm=ffn_gate   sh=0  dim=4096  heads=16  hd=128 q_dim=2048  kv_heads=16  kv_dim=2048  o_dim=2048  ffn_dim=5504   seqlen=452    qlen=1   cache=N lat=    0.012ms cycles≈11708
[pim-debug] op#05 op=SwiGLU   norm=silu       sh=0  dim=4096  heads=16  hd=128 q_dim=2048  kv_heads=16  kv_dim=2048  o_dim=2048  ffn_dim=5504   seqlen=452    qlen=1   cache=N lat=    0.001ms cycles≈503
[pim-debug] segment total latency: 0.024 ms
========================================================================================
[pim-debug] segment_key=pim|decode|28|fdf6362e664a0dcb3b710140facc51d5
[pim-debug] sig: device_type=pim phase=decode step=28 (count_hint=1)
[pim-debug] ops_repr: V:0,SV:0,O:1,FFN_W1:0,SwiGLU:0
[pim-debug] cfg: shard_policy='fine' shards=2 dim=4096 ffn_dim=11008 n_heads=32 n_kv_heads=auto->n_heads
[pim-debug] pim_config=/lustre/home/2501111916/workspace/XPUPIM_0226_gpupim_parameter/TriForm/algorithms/aim_simulator/PIM_AiM.json
[pim-debug] ramulator_config=/lustre/home/2501111916/workspace/XPUPIM_0226_gpupim_parameter/TriForm/algorithms/aim_simulator/example.yaml
[pim-debug] cost_model config.PIM_FREQ_GHZ=1.0
[pim-debug] op plan (logical shapes inferred from schedule cfg):
  - op#00  op=V        shard=0   x=[1x4096] + w=[2048x4096]  ->  y=[1x2048]  (T=1, K=452)
  - op#01  op=SV       shard=0   p=[16x1x452] + v=[16x452x128]  ->  y=[16x1x128]  (T=1, K=452)
  - op#02  op=O        shard=1   x=[1x2048] + w=[4096x2048]  ->  y=[1x4096]  (T=1, K=452)
  - op#03  op=FFN_W1   shard=0   x=[1x4096] + w=[5504x4096]  ->  y=[1x5504]  (T=1, K=452)
  - op#04  op=SwiGLU   shard=0   a=[1x5504] + b=[1x5504]  ->  y=[1x5504]  (T=1, K=452)
[pim-debug] NOTE: CENT(AiM) trace backend internally uses x shape (1,1,dim) and handles prefill by repeating ops;
           the table below shows the *effective parameters* passed into cost_model_pim_backend for each op.
[pim-debug] op#00 op=V        norm=v_proj     sh=0  dim=4096  heads=16  hd=128 q_dim=2048  kv_heads=16  kv_dim=2048  o_dim=2048  ffn_dim=5504   seqlen=452    qlen=1   cache=N lat=    0.004ms cycles≈4428
[pim-debug] op#01 op=SV       norm=output     sh=0  dim=4096  heads=16  hd=128 q_dim=2048  kv_heads=16  kv_dim=2048  o_dim=2048  ffn_dim=5504   seqlen=452    qlen=1   cache=N lat=    0.002ms cycles≈1786
[pim-debug] op#02 op=O        norm=wo_proj    sh=1  dim=4096  heads=16  hd=128 q_dim=2048  kv_heads=16  kv_dim=2048  o_dim=2048  ffn_dim=5504   seqlen=452    qlen=1   cache=N lat=    0.004ms cycles≈4062
[pim-debug] op#03 op=FFN_W1   norm=ffn_gate   sh=0  dim=4096  heads=16  hd=128 q_dim=2048  kv_heads=16  kv_dim=2048  o_dim=2048  ffn_dim=5504   seqlen=452    qlen=1   cache=N lat=    0.012ms cycles≈11708
[pim-debug] op#04 op=SwiGLU   norm=silu       sh=0  dim=4096  heads=16  hd=128 q_dim=2048  kv_heads=16  kv_dim=2048  o_dim=2048  ffn_dim=5504   seqlen=452    qlen=1   cache=N lat=    0.001ms cycles≈503
[pim-debug] segment total latency: 0.022 ms
========================================================================================
[pim-debug] segment_key=pim|decode|29|18ae37754a97d1f42b25b2cff77caf3f
[pim-debug] sig: device_type=pim phase=decode step=29 (count_hint=32)
[pim-debug] ops_repr: V:1,SV:1,LN:-1,FFN_W1:1,FFN_W3:1,SwiGLU:1,FFN_W2:0
[pim-debug] cfg: shard_policy='fine' shards=2 dim=4096 ffn_dim=11008 n_heads=32 n_kv_heads=auto->n_heads
[pim-debug] pim_config=/lustre/home/2501111916/workspace/XPUPIM_0226_gpupim_parameter/TriForm/algorithms/aim_simulator/PIM_AiM.json
[pim-debug] ramulator_config=/lustre/home/2501111916/workspace/XPUPIM_0226_gpupim_parameter/TriForm/algorithms/aim_simulator/example.yaml
[pim-debug] cost_model config.PIM_FREQ_GHZ=1.0
[pim-debug] op plan (logical shapes inferred from schedule cfg):
  - op#00  op=V        shard=1   x=[1x4096] + w=[2048x4096]  ->  y=[1x2048]  (T=1, K=464)
  - op#01  op=SV       shard=1   p=[16x1x464] + v=[16x464x128]  ->  y=[16x1x128]  (T=1, K=464)
  - op#02  op=LN       shard=-1  x=[1x4096] + w=[4096]  ->  y=[1x4096]  (T=1, K=464)
  - op#03  op=FFN_W1   shard=1   x=[1x4096] + w=[5504x4096]  ->  y=[1x5504]  (T=1, K=464)
  - op#04  op=FFN_W3   shard=1   x=[1x4096] + w=[5504x4096]  ->  y=[1x5504]  (T=1, K=464)
  - op#05  op=SwiGLU   shard=1   a=[1x5504] + b=[1x5504]  ->  y=[1x5504]  (T=1, K=464)
  - op#06  op=FFN_W2   shard=0   x=[1x5504] + w=[4096x5504]  ->  y=[1x4096]  (T=1, K=464)
[pim-debug] NOTE: CENT(AiM) trace backend internally uses x shape (1,1,dim) and handles prefill by repeating ops;
           the table below shows the *effective parameters* passed into cost_model_pim_backend for each op.
[pim-debug] op#00 op=V        norm=v_proj     sh=1  dim=4096  heads=16  hd=128 q_dim=2048  kv_heads=16  kv_dim=2048  o_dim=2048  ffn_dim=5504   seqlen=464    qlen=1   cache=N lat=    0.004ms cycles≈4428
[pim-debug] op#01 op=SV       norm=output     sh=1  dim=4096  heads=16  hd=128 q_dim=2048  kv_heads=16  kv_dim=2048  o_dim=2048  ffn_dim=5504   seqlen=464    qlen=1   cache=N lat=    0.002ms cycles≈1786
[pim-debug] op#02 op=LN       norm=rmsnorm    sh=-1 dim=4096  heads=32  hd=128 q_dim=4096  kv_heads=32  kv_dim=4096  o_dim=4096  ffn_dim=11008  seqlen=464    qlen=1   cache=N lat=    0.001ms cycles≈1314
[pim-debug] op#03 op=FFN_W1   norm=ffn_gate   sh=1  dim=4096  heads=16  hd=128 q_dim=2048  kv_heads=16  kv_dim=2048  o_dim=2048  ffn_dim=5504   seqlen=464    qlen=1   cache=N lat=    0.012ms cycles≈11708
[pim-debug] op#04 op=FFN_W3   norm=ffn_up     sh=1  dim=4096  heads=16  hd=128 q_dim=2048  kv_heads=16  kv_dim=2048  o_dim=2048  ffn_dim=5504   seqlen=464    qlen=1   cache=N lat=    0.011ms cycles≈10896
[pim-debug] op#05 op=SwiGLU   norm=silu       sh=1  dim=4096  heads=16  hd=128 q_dim=2048  kv_heads=16  kv_dim=2048  o_dim=2048  ffn_dim=5504   seqlen=464    qlen=1   cache=N lat=    0.001ms cycles≈503
[pim-debug] op#06 op=FFN_W2   norm=ffn_down   sh=0  dim=4096  heads=16  hd=128 q_dim=2048  kv_heads=16  kv_dim=2048  o_dim=2048  ffn_dim=5504   seqlen=464    qlen=1   cache=N lat=    0.011ms cycles≈11466
[pim-debug] segment total latency: 0.042 ms
========================================================================================
[pim-debug] segment_key=pim|decode|29|fa8b04eaba988353d76eadc6a01ae0d4
[pim-debug] sig: device_type=pim phase=decode step=29 (count_hint=31)
[pim-debug] ops_repr: LN:-1,V:0,SV:0,O:1,FFN_W1:0,SwiGLU:0
[pim-debug] cfg: shard_policy='fine' shards=2 dim=4096 ffn_dim=11008 n_heads=32 n_kv_heads=auto->n_heads
[pim-debug] pim_config=/lustre/home/2501111916/workspace/XPUPIM_0226_gpupim_parameter/TriForm/algorithms/aim_simulator/PIM_AiM.json
[pim-debug] ramulator_config=/lustre/home/2501111916/workspace/XPUPIM_0226_gpupim_parameter/TriForm/algorithms/aim_simulator/example.yaml
[pim-debug] cost_model config.PIM_FREQ_GHZ=1.0
[pim-debug] op plan (logical shapes inferred from schedule cfg):
  - op#00  op=LN       shard=-1  x=[1x4096] + w=[4096]  ->  y=[1x4096]  (T=1, K=464)
  - op#01  op=V        shard=0   x=[1x4096] + w=[2048x4096]  ->  y=[1x2048]  (T=1, K=464)
  - op#02  op=SV       shard=0   p=[16x1x464] + v=[16x464x128]  ->  y=[16x1x128]  (T=1, K=464)
  - op#03  op=O        shard=1   x=[1x2048] + w=[4096x2048]  ->  y=[1x4096]  (T=1, K=464)
  - op#04  op=FFN_W1   shard=0   x=[1x4096] + w=[5504x4096]  ->  y=[1x5504]  (T=1, K=464)
  - op#05  op=SwiGLU   shard=0   a=[1x5504] + b=[1x5504]  ->  y=[1x5504]  (T=1, K=464)
[pim-debug] NOTE: CENT(AiM) trace backend internally uses x shape (1,1,dim) and handles prefill by repeating ops;
           the table below shows the *effective parameters* passed into cost_model_pim_backend for each op.
[pim-debug] op#00 op=LN       norm=rmsnorm    sh=-1 dim=4096  heads=32  hd=128 q_dim=4096  kv_heads=32  kv_dim=4096  o_dim=4096  ffn_dim=11008  seqlen=464    qlen=1   cache=N lat=    0.001ms cycles≈1314
[pim-debug] op#01 op=V        norm=v_proj     sh=0  dim=4096  heads=16  hd=128 q_dim=2048  kv_heads=16  kv_dim=2048  o_dim=2048  ffn_dim=5504   seqlen=464    qlen=1   cache=N lat=    0.004ms cycles≈4428
[pim-debug] op#02 op=SV       norm=output     sh=0  dim=4096  heads=16  hd=128 q_dim=2048  kv_heads=16  kv_dim=2048  o_dim=2048  ffn_dim=5504   seqlen=464    qlen=1   cache=N lat=    0.002ms cycles≈1786
[pim-debug] op#03 op=O        norm=wo_proj    sh=1  dim=4096  heads=16  hd=128 q_dim=2048  kv_heads=16  kv_dim=2048  o_dim=2048  ffn_dim=5504   seqlen=464    qlen=1   cache=N lat=    0.004ms cycles≈4062
[pim-debug] op#04 op=FFN_W1   norm=ffn_gate   sh=0  dim=4096  heads=16  hd=128 q_dim=2048  kv_heads=16  kv_dim=2048  o_dim=2048  ffn_dim=5504   seqlen=464    qlen=1   cache=N lat=    0.012ms cycles≈11708
[pim-debug] op#05 op=SwiGLU   norm=silu       sh=0  dim=4096  heads=16  hd=128 q_dim=2048  kv_heads=16  kv_dim=2048  o_dim=2048  ffn_dim=5504   seqlen=464    qlen=1   cache=N lat=    0.001ms cycles≈503
[pim-debug] segment total latency: 0.024 ms
========================================================================================
[pim-debug] segment_key=pim|decode|29|fdf6362e664a0dcb3b710140facc51d5
[pim-debug] sig: device_type=pim phase=decode step=29 (count_hint=1)
[pim-debug] ops_repr: V:0,SV:0,O:1,FFN_W1:0,SwiGLU:0
[pim-debug] cfg: shard_policy='fine' shards=2 dim=4096 ffn_dim=11008 n_heads=32 n_kv_heads=auto->n_heads
[pim-debug] pim_config=/lustre/home/2501111916/workspace/XPUPIM_0226_gpupim_parameter/TriForm/algorithms/aim_simulator/PIM_AiM.json
[pim-debug] ramulator_config=/lustre/home/2501111916/workspace/XPUPIM_0226_gpupim_parameter/TriForm/algorithms/aim_simulator/example.yaml
[pim-debug] cost_model config.PIM_FREQ_GHZ=1.0
[pim-debug] op plan (logical shapes inferred from schedule cfg):
  - op#00  op=V        shard=0   x=[1x4096] + w=[2048x4096]  ->  y=[1x2048]  (T=1, K=464)
  - op#01  op=SV       shard=0   p=[16x1x464] + v=[16x464x128]  ->  y=[16x1x128]  (T=1, K=464)
  - op#02  op=O        shard=1   x=[1x2048] + w=[4096x2048]  ->  y=[1x4096]  (T=1, K=464)
  - op#03  op=FFN_W1   shard=0   x=[1x4096] + w=[5504x4096]  ->  y=[1x5504]  (T=1, K=464)
  - op#04  op=SwiGLU   shard=0   a=[1x5504] + b=[1x5504]  ->  y=[1x5504]  (T=1, K=464)
[pim-debug] NOTE: CENT(AiM) trace backend internally uses x shape (1,1,dim) and handles prefill by repeating ops;
           the table below shows the *effective parameters* passed into cost_model_pim_backend for each op.
[pim-debug] op#00 op=V        norm=v_proj     sh=0  dim=4096  heads=16  hd=128 q_dim=2048  kv_heads=16  kv_dim=2048  o_dim=2048  ffn_dim=5504   seqlen=464    qlen=1   cache=N lat=    0.004ms cycles≈4428
[pim-debug] op#01 op=SV       norm=output     sh=0  dim=4096  heads=16  hd=128 q_dim=2048  kv_heads=16  kv_dim=2048  o_dim=2048  ffn_dim=5504   seqlen=464    qlen=1   cache=N lat=    0.002ms cycles≈1786
[pim-debug] op#02 op=O        norm=wo_proj    sh=1  dim=4096  heads=16  hd=128 q_dim=2048  kv_heads=16  kv_dim=2048  o_dim=2048  ffn_dim=5504   seqlen=464    qlen=1   cache=N lat=    0.004ms cycles≈4062
[pim-debug] op#03 op=FFN_W1   norm=ffn_gate   sh=0  dim=4096  heads=16  hd=128 q_dim=2048  kv_heads=16  kv_dim=2048  o_dim=2048  ffn_dim=5504   seqlen=464    qlen=1   cache=N lat=    0.012ms cycles≈11708
[pim-debug] op#04 op=SwiGLU   norm=silu       sh=0  dim=4096  heads=16  hd=128 q_dim=2048  kv_heads=16  kv_dim=2048  o_dim=2048  ffn_dim=5504   seqlen=464    qlen=1   cache=N lat=    0.001ms cycles≈503
[pim-debug] segment total latency: 0.022 ms
========================================================================================
[pim-debug] segment_key=pim|decode|2|18ae37754a97d1f42b25b2cff77caf3f
[pim-debug] sig: device_type=pim phase=decode step=2 (count_hint=32)
[pim-debug] ops_repr: V:1,SV:1,LN:-1,FFN_W1:1,FFN_W3:1,SwiGLU:1,FFN_W2:0
[pim-debug] cfg: shard_policy='fine' shards=2 dim=4096 ffn_dim=11008 n_heads=32 n_kv_heads=auto->n_heads
[pim-debug] pim_config=/lustre/home/2501111916/workspace/XPUPIM_0226_gpupim_parameter/TriForm/algorithms/aim_simulator/PIM_AiM.json
[pim-debug] ramulator_config=/lustre/home/2501111916/workspace/XPUPIM_0226_gpupim_parameter/TriForm/algorithms/aim_simulator/example.yaml
[pim-debug] cost_model config.PIM_FREQ_GHZ=1.0
[pim-debug] op plan (logical shapes inferred from schedule cfg):
  - op#00  op=V        shard=1   x=[1x4096] + w=[2048x4096]  ->  y=[1x2048]  (T=1, K=140)
  - op#01  op=SV       shard=1   p=[16x1x140] + v=[16x140x128]  ->  y=[16x1x128]  (T=1, K=140)
  - op#02  op=LN       shard=-1  x=[1x4096] + w=[4096]  ->  y=[1x4096]  (T=1, K=140)
  - op#03  op=FFN_W1   shard=1   x=[1x4096] + w=[5504x4096]  ->  y=[1x5504]  (T=1, K=140)
  - op#04  op=FFN_W3   shard=1   x=[1x4096] + w=[5504x4096]  ->  y=[1x5504]  (T=1, K=140)
  - op#05  op=SwiGLU   shard=1   a=[1x5504] + b=[1x5504]  ->  y=[1x5504]  (T=1, K=140)
  - op#06  op=FFN_W2   shard=0   x=[1x5504] + w=[4096x5504]  ->  y=[1x4096]  (T=1, K=140)
[pim-debug] NOTE: CENT(AiM) trace backend internally uses x shape (1,1,dim) and handles prefill by repeating ops;
           the table below shows the *effective parameters* passed into cost_model_pim_backend for each op.
[pim-debug] op#00 op=V        norm=v_proj     sh=1  dim=4096  heads=16  hd=128 q_dim=2048  kv_heads=16  kv_dim=2048  o_dim=2048  ffn_dim=5504   seqlen=140    qlen=1   cache=N lat=    0.004ms cycles≈4428
[pim-debug] op#01 op=SV       norm=output     sh=1  dim=4096  heads=16  hd=128 q_dim=2048  kv_heads=16  kv_dim=2048  o_dim=2048  ffn_dim=5504   seqlen=140    qlen=1   cache=N lat=    0.001ms cycles≈1426
[pim-debug] op#02 op=LN       norm=rmsnorm    sh=-1 dim=4096  heads=32  hd=128 q_dim=4096  kv_heads=32  kv_dim=4096  o_dim=4096  ffn_dim=11008  seqlen=140    qlen=1   cache=N lat=    0.001ms cycles≈1314
[pim-debug] op#03 op=FFN_W1   norm=ffn_gate   sh=1  dim=4096  heads=16  hd=128 q_dim=2048  kv_heads=16  kv_dim=2048  o_dim=2048  ffn_dim=5504   seqlen=140    qlen=1   cache=N lat=    0.012ms cycles≈11708
[pim-debug] op#04 op=FFN_W3   norm=ffn_up     sh=1  dim=4096  heads=16  hd=128 q_dim=2048  kv_heads=16  kv_dim=2048  o_dim=2048  ffn_dim=5504   seqlen=140    qlen=1   cache=N lat=    0.011ms cycles≈10896
[pim-debug] op#05 op=SwiGLU   norm=silu       sh=1  dim=4096  heads=16  hd=128 q_dim=2048  kv_heads=16  kv_dim=2048  o_dim=2048  ffn_dim=5504   seqlen=140    qlen=1   cache=N lat=    0.001ms cycles≈503
[pim-debug] op#06 op=FFN_W2   norm=ffn_down   sh=0  dim=4096  heads=16  hd=128 q_dim=2048  kv_heads=16  kv_dim=2048  o_dim=2048  ffn_dim=5504   seqlen=140    qlen=1   cache=N lat=    0.011ms cycles≈11466
[pim-debug] segment total latency: 0.042 ms
========================================================================================
[pim-debug] segment_key=pim|decode|2|fa8b04eaba988353d76eadc6a01ae0d4
[pim-debug] sig: device_type=pim phase=decode step=2 (count_hint=31)
[pim-debug] ops_repr: LN:-1,V:0,SV:0,O:1,FFN_W1:0,SwiGLU:0
[pim-debug] cfg: shard_policy='fine' shards=2 dim=4096 ffn_dim=11008 n_heads=32 n_kv_heads=auto->n_heads
[pim-debug] pim_config=/lustre/home/2501111916/workspace/XPUPIM_0226_gpupim_parameter/TriForm/algorithms/aim_simulator/PIM_AiM.json
[pim-debug] ramulator_config=/lustre/home/2501111916/workspace/XPUPIM_0226_gpupim_parameter/TriForm/algorithms/aim_simulator/example.yaml
[pim-debug] cost_model config.PIM_FREQ_GHZ=1.0
[pim-debug] op plan (logical shapes inferred from schedule cfg):
  - op#00  op=LN       shard=-1  x=[1x4096] + w=[4096]  ->  y=[1x4096]  (T=1, K=140)
  - op#01  op=V        shard=0   x=[1x4096] + w=[2048x4096]  ->  y=[1x2048]  (T=1, K=140)
  - op#02  op=SV       shard=0   p=[16x1x140] + v=[16x140x128]  ->  y=[16x1x128]  (T=1, K=140)
  - op#03  op=O        shard=1   x=[1x2048] + w=[4096x2048]  ->  y=[1x4096]  (T=1, K=140)
  - op#04  op=FFN_W1   shard=0   x=[1x4096] + w=[5504x4096]  ->  y=[1x5504]  (T=1, K=140)
  - op#05  op=SwiGLU   shard=0   a=[1x5504] + b=[1x5504]  ->  y=[1x5504]  (T=1, K=140)
[pim-debug] NOTE: CENT(AiM) trace backend internally uses x shape (1,1,dim) and handles prefill by repeating ops;
           the table below shows the *effective parameters* passed into cost_model_pim_backend for each op.
[pim-debug] op#00 op=LN       norm=rmsnorm    sh=-1 dim=4096  heads=32  hd=128 q_dim=4096  kv_heads=32  kv_dim=4096  o_dim=4096  ffn_dim=11008  seqlen=140    qlen=1   cache=N lat=    0.001ms cycles≈1314
[pim-debug] op#01 op=V        norm=v_proj     sh=0  dim=4096  heads=16  hd=128 q_dim=2048  kv_heads=16  kv_dim=2048  o_dim=2048  ffn_dim=5504   seqlen=140    qlen=1   cache=N lat=    0.004ms cycles≈4428
[pim-debug] op#02 op=SV       norm=output     sh=0  dim=4096  heads=16  hd=128 q_dim=2048  kv_heads=16  kv_dim=2048  o_dim=2048  ffn_dim=5504   seqlen=140    qlen=1   cache=N lat=    0.001ms cycles≈1426
[pim-debug] op#03 op=O        norm=wo_proj    sh=1  dim=4096  heads=16  hd=128 q_dim=2048  kv_heads=16  kv_dim=2048  o_dim=2048  ffn_dim=5504   seqlen=140    qlen=1   cache=N lat=    0.004ms cycles≈4062
[pim-debug] op#04 op=FFN_W1   norm=ffn_gate   sh=0  dim=4096  heads=16  hd=128 q_dim=2048  kv_heads=16  kv_dim=2048  o_dim=2048  ffn_dim=5504   seqlen=140    qlen=1   cache=N lat=    0.012ms cycles≈11708
[pim-debug] op#05 op=SwiGLU   norm=silu       sh=0  dim=4096  heads=16  hd=128 q_dim=2048  kv_heads=16  kv_dim=2048  o_dim=2048  ffn_dim=5504   seqlen=140    qlen=1   cache=N lat=    0.001ms cycles≈503
[pim-debug] segment total latency: 0.023 ms
========================================================================================
[pim-debug] segment_key=pim|decode|2|fdf6362e664a0dcb3b710140facc51d5
[pim-debug] sig: device_type=pim phase=decode step=2 (count_hint=1)
[pim-debug] ops_repr: V:0,SV:0,O:1,FFN_W1:0,SwiGLU:0
[pim-debug] cfg: shard_policy='fine' shards=2 dim=4096 ffn_dim=11008 n_heads=32 n_kv_heads=auto->n_heads
[pim-debug] pim_config=/lustre/home/2501111916/workspace/XPUPIM_0226_gpupim_parameter/TriForm/algorithms/aim_simulator/PIM_AiM.json
[pim-debug] ramulator_config=/lustre/home/2501111916/workspace/XPUPIM_0226_gpupim_parameter/TriForm/algorithms/aim_simulator/example.yaml
[pim-debug] cost_model config.PIM_FREQ_GHZ=1.0
[pim-debug] op plan (logical shapes inferred from schedule cfg):
  - op#00  op=V        shard=0   x=[1x4096] + w=[2048x4096]  ->  y=[1x2048]  (T=1, K=140)
  - op#01  op=SV       shard=0   p=[16x1x140] + v=[16x140x128]  ->  y=[16x1x128]  (T=1, K=140)
  - op#02  op=O        shard=1   x=[1x2048] + w=[4096x2048]  ->  y=[1x4096]  (T=1, K=140)
  - op#03  op=FFN_W1   shard=0   x=[1x4096] + w=[5504x4096]  ->  y=[1x5504]  (T=1, K=140)
  - op#04  op=SwiGLU   shard=0   a=[1x5504] + b=[1x5504]  ->  y=[1x5504]  (T=1, K=140)
[pim-debug] NOTE: CENT(AiM) trace backend internally uses x shape (1,1,dim) and handles prefill by repeating ops;
           the table below shows the *effective parameters* passed into cost_model_pim_backend for each op.
[pim-debug] op#00 op=V        norm=v_proj     sh=0  dim=4096  heads=16  hd=128 q_dim=2048  kv_heads=16  kv_dim=2048  o_dim=2048  ffn_dim=5504   seqlen=140    qlen=1   cache=N lat=    0.004ms cycles≈4428
[pim-debug] op#01 op=SV       norm=output     sh=0  dim=4096  heads=16  hd=128 q_dim=2048  kv_heads=16  kv_dim=2048  o_dim=2048  ffn_dim=5504   seqlen=140    qlen=1   cache=N lat=    0.001ms cycles≈1426
[pim-debug] op#02 op=O        norm=wo_proj    sh=1  dim=4096  heads=16  hd=128 q_dim=2048  kv_heads=16  kv_dim=2048  o_dim=2048  ffn_dim=5504   seqlen=140    qlen=1   cache=N lat=    0.004ms cycles≈4062
[pim-debug] op#03 op=FFN_W1   norm=ffn_gate   sh=0  dim=4096  heads=16  hd=128 q_dim=2048  kv_heads=16  kv_dim=2048  o_dim=2048  ffn_dim=5504   seqlen=140    qlen=1   cache=N lat=    0.012ms cycles≈11708
[pim-debug] op#04 op=SwiGLU   norm=silu       sh=0  dim=4096  heads=16  hd=128 q_dim=2048  kv_heads=16  kv_dim=2048  o_dim=2048  ffn_dim=5504   seqlen=140    qlen=1   cache=N lat=    0.001ms cycles≈503
[pim-debug] segment total latency: 0.022 ms
========================================================================================
[pim-debug] segment_key=pim|decode|30|18ae37754a97d1f42b25b2cff77caf3f
[pim-debug] sig: device_type=pim phase=decode step=30 (count_hint=32)
[pim-debug] ops_repr: V:1,SV:1,LN:-1,FFN_W1:1,FFN_W3:1,SwiGLU:1,FFN_W2:0
[pim-debug] cfg: shard_policy='fine' shards=2 dim=4096 ffn_dim=11008 n_heads=32 n_kv_heads=auto->n_heads
[pim-debug] pim_config=/lustre/home/2501111916/workspace/XPUPIM_0226_gpupim_parameter/TriForm/algorithms/aim_simulator/PIM_AiM.json
[pim-debug] ramulator_config=/lustre/home/2501111916/workspace/XPUPIM_0226_gpupim_parameter/TriForm/algorithms/aim_simulator/example.yaml
[pim-debug] cost_model config.PIM_FREQ_GHZ=1.0
[pim-debug] op plan (logical shapes inferred from schedule cfg):
  - op#00  op=V        shard=1   x=[1x4096] + w=[2048x4096]  ->  y=[1x2048]  (T=1, K=476)
  - op#01  op=SV       shard=1   p=[16x1x476] + v=[16x476x128]  ->  y=[16x1x128]  (T=1, K=476)
  - op#02  op=LN       shard=-1  x=[1x4096] + w=[4096]  ->  y=[1x4096]  (T=1, K=476)
  - op#03  op=FFN_W1   shard=1   x=[1x4096] + w=[5504x4096]  ->  y=[1x5504]  (T=1, K=476)
  - op#04  op=FFN_W3   shard=1   x=[1x4096] + w=[5504x4096]  ->  y=[1x5504]  (T=1, K=476)
  - op#05  op=SwiGLU   shard=1   a=[1x5504] + b=[1x5504]  ->  y=[1x5504]  (T=1, K=476)
  - op#06  op=FFN_W2   shard=0   x=[1x5504] + w=[4096x5504]  ->  y=[1x4096]  (T=1, K=476)
[pim-debug] NOTE: CENT(AiM) trace backend internally uses x shape (1,1,dim) and handles prefill by repeating ops;
           the table below shows the *effective parameters* passed into cost_model_pim_backend for each op.
[pim-debug] op#00 op=V        norm=v_proj     sh=1  dim=4096  heads=16  hd=128 q_dim=2048  kv_heads=16  kv_dim=2048  o_dim=2048  ffn_dim=5504   seqlen=476    qlen=1   cache=N lat=    0.004ms cycles≈4428
[pim-debug] op#01 op=SV       norm=output     sh=1  dim=4096  heads=16  hd=128 q_dim=2048  kv_heads=16  kv_dim=2048  o_dim=2048  ffn_dim=5504   seqlen=476    qlen=1   cache=N lat=    0.002ms cycles≈1804
[pim-debug] op#02 op=LN       norm=rmsnorm    sh=-1 dim=4096  heads=32  hd=128 q_dim=4096  kv_heads=32  kv_dim=4096  o_dim=4096  ffn_dim=11008  seqlen=476    qlen=1   cache=N lat=    0.001ms cycles≈1314
[pim-debug] op#03 op=FFN_W1   norm=ffn_gate   sh=1  dim=4096  heads=16  hd=128 q_dim=2048  kv_heads=16  kv_dim=2048  o_dim=2048  ffn_dim=5504   seqlen=476    qlen=1   cache=N lat=    0.012ms cycles≈11708
[pim-debug] op#04 op=FFN_W3   norm=ffn_up     sh=1  dim=4096  heads=16  hd=128 q_dim=2048  kv_heads=16  kv_dim=2048  o_dim=2048  ffn_dim=5504   seqlen=476    qlen=1   cache=N lat=    0.011ms cycles≈10896
[pim-debug] op#05 op=SwiGLU   norm=silu       sh=1  dim=4096  heads=16  hd=128 q_dim=2048  kv_heads=16  kv_dim=2048  o_dim=2048  ffn_dim=5504   seqlen=476    qlen=1   cache=N lat=    0.001ms cycles≈503
[pim-debug] op#06 op=FFN_W2   norm=ffn_down   sh=0  dim=4096  heads=16  hd=128 q_dim=2048  kv_heads=16  kv_dim=2048  o_dim=2048  ffn_dim=5504   seqlen=476    qlen=1   cache=N lat=    0.011ms cycles≈11466
[pim-debug] segment total latency: 0.042 ms
========================================================================================
[pim-debug] segment_key=pim|decode|30|fa8b04eaba988353d76eadc6a01ae0d4
[pim-debug] sig: device_type=pim phase=decode step=30 (count_hint=31)
[pim-debug] ops_repr: LN:-1,V:0,SV:0,O:1,FFN_W1:0,SwiGLU:0
[pim-debug] cfg: shard_policy='fine' shards=2 dim=4096 ffn_dim=11008 n_heads=32 n_kv_heads=auto->n_heads
[pim-debug] pim_config=/lustre/home/2501111916/workspace/XPUPIM_0226_gpupim_parameter/TriForm/algorithms/aim_simulator/PIM_AiM.json
[pim-debug] ramulator_config=/lustre/home/2501111916/workspace/XPUPIM_0226_gpupim_parameter/TriForm/algorithms/aim_simulator/example.yaml
[pim-debug] cost_model config.PIM_FREQ_GHZ=1.0
[pim-debug] op plan (logical shapes inferred from schedule cfg):
  - op#00  op=LN       shard=-1  x=[1x4096] + w=[4096]  ->  y=[1x4096]  (T=1, K=476)
  - op#01  op=V        shard=0   x=[1x4096] + w=[2048x4096]  ->  y=[1x2048]  (T=1, K=476)
  - op#02  op=SV       shard=0   p=[16x1x476] + v=[16x476x128]  ->  y=[16x1x128]  (T=1, K=476)
  - op#03  op=O        shard=1   x=[1x2048] + w=[4096x2048]  ->  y=[1x4096]  (T=1, K=476)
  - op#04  op=FFN_W1   shard=0   x=[1x4096] + w=[5504x4096]  ->  y=[1x5504]  (T=1, K=476)
  - op#05  op=SwiGLU   shard=0   a=[1x5504] + b=[1x5504]  ->  y=[1x5504]  (T=1, K=476)
[pim-debug] NOTE: CENT(AiM) trace backend internally uses x shape (1,1,dim) and handles prefill by repeating ops;
           the table below shows the *effective parameters* passed into cost_model_pim_backend for each op.
[pim-debug] op#00 op=LN       norm=rmsnorm    sh=-1 dim=4096  heads=32  hd=128 q_dim=4096  kv_heads=32  kv_dim=4096  o_dim=4096  ffn_dim=11008  seqlen=476    qlen=1   cache=N lat=    0.001ms cycles≈1314
[pim-debug] op#01 op=V        norm=v_proj     sh=0  dim=4096  heads=16  hd=128 q_dim=2048  kv_heads=16  kv_dim=2048  o_dim=2048  ffn_dim=5504   seqlen=476    qlen=1   cache=N lat=    0.004ms cycles≈4428
[pim-debug] op#02 op=SV       norm=output     sh=0  dim=4096  heads=16  hd=128 q_dim=2048  kv_heads=16  kv_dim=2048  o_dim=2048  ffn_dim=5504   seqlen=476    qlen=1   cache=N lat=    0.002ms cycles≈1804
[pim-debug] op#03 op=O        norm=wo_proj    sh=1  dim=4096  heads=16  hd=128 q_dim=2048  kv_heads=16  kv_dim=2048  o_dim=2048  ffn_dim=5504   seqlen=476    qlen=1   cache=N lat=    0.004ms cycles≈4062
[pim-debug] op#04 op=FFN_W1   norm=ffn_gate   sh=0  dim=4096  heads=16  hd=128 q_dim=2048  kv_heads=16  kv_dim=2048  o_dim=2048  ffn_dim=5504   seqlen=476    qlen=1   cache=N lat=    0.012ms cycles≈11708
[pim-debug] op#05 op=SwiGLU   norm=silu       sh=0  dim=4096  heads=16  hd=128 q_dim=2048  kv_heads=16  kv_dim=2048  o_dim=2048  ffn_dim=5504   seqlen=476    qlen=1   cache=N lat=    0.001ms cycles≈503
[pim-debug] segment total latency: 0.024 ms
========================================================================================
[pim-debug] segment_key=pim|decode|30|fdf6362e664a0dcb3b710140facc51d5
[pim-debug] sig: device_type=pim phase=decode step=30 (count_hint=1)
[pim-debug] ops_repr: V:0,SV:0,O:1,FFN_W1:0,SwiGLU:0
[pim-debug] cfg: shard_policy='fine' shards=2 dim=4096 ffn_dim=11008 n_heads=32 n_kv_heads=auto->n_heads
[pim-debug] pim_config=/lustre/home/2501111916/workspace/XPUPIM_0226_gpupim_parameter/TriForm/algorithms/aim_simulator/PIM_AiM.json
[pim-debug] ramulator_config=/lustre/home/2501111916/workspace/XPUPIM_0226_gpupim_parameter/TriForm/algorithms/aim_simulator/example.yaml
[pim-debug] cost_model config.PIM_FREQ_GHZ=1.0
[pim-debug] op plan (logical shapes inferred from schedule cfg):
  - op#00  op=V        shard=0   x=[1x4096] + w=[2048x4096]  ->  y=[1x2048]  (T=1, K=476)
  - op#01  op=SV       shard=0   p=[16x1x476] + v=[16x476x128]  ->  y=[16x1x128]  (T=1, K=476)
  - op#02  op=O        shard=1   x=[1x2048] + w=[4096x2048]  ->  y=[1x4096]  (T=1, K=476)
  - op#03  op=FFN_W1   shard=0   x=[1x4096] + w=[5504x4096]  ->  y=[1x5504]  (T=1, K=476)
  - op#04  op=SwiGLU   shard=0   a=[1x5504] + b=[1x5504]  ->  y=[1x5504]  (T=1, K=476)
[pim-debug] NOTE: CENT(AiM) trace backend internally uses x shape (1,1,dim) and handles prefill by repeating ops;
           the table below shows the *effective parameters* passed into cost_model_pim_backend for each op.
[pim-debug] op#00 op=V        norm=v_proj     sh=0  dim=4096  heads=16  hd=128 q_dim=2048  kv_heads=16  kv_dim=2048  o_dim=2048  ffn_dim=5504   seqlen=476    qlen=1   cache=N lat=    0.004ms cycles≈4428
[pim-debug] op#01 op=SV       norm=output     sh=0  dim=4096  heads=16  hd=128 q_dim=2048  kv_heads=16  kv_dim=2048  o_dim=2048  ffn_dim=5504   seqlen=476    qlen=1   cache=N lat=    0.002ms cycles≈1804
[pim-debug] op#02 op=O        norm=wo_proj    sh=1  dim=4096  heads=16  hd=128 q_dim=2048  kv_heads=16  kv_dim=2048  o_dim=2048  ffn_dim=5504   seqlen=476    qlen=1   cache=N lat=    0.004ms cycles≈4062
[pim-debug] op#03 op=FFN_W1   norm=ffn_gate   sh=0  dim=4096  heads=16  hd=128 q_dim=2048  kv_heads=16  kv_dim=2048  o_dim=2048  ffn_dim=5504   seqlen=476    qlen=1   cache=N lat=    0.012ms cycles≈11708
[pim-debug] op#04 op=SwiGLU   norm=silu       sh=0  dim=4096  heads=16  hd=128 q_dim=2048  kv_heads=16  kv_dim=2048  o_dim=2048  ffn_dim=5504   seqlen=476    qlen=1   cache=N lat=    0.001ms cycles≈503
[pim-debug] segment total latency: 0.023 ms
========================================================================================
[pim-debug] segment_key=pim|decode|31|18ae37754a97d1f42b25b2cff77caf3f
[pim-debug] sig: device_type=pim phase=decode step=31 (count_hint=32)
[pim-debug] ops_repr: V:1,SV:1,LN:-1,FFN_W1:1,FFN_W3:1,SwiGLU:1,FFN_W2:0
[pim-debug] cfg: shard_policy='fine' shards=2 dim=4096 ffn_dim=11008 n_heads=32 n_kv_heads=auto->n_heads
[pim-debug] pim_config=/lustre/home/2501111916/workspace/XPUPIM_0226_gpupim_parameter/TriForm/algorithms/aim_simulator/PIM_AiM.json
[pim-debug] ramulator_config=/lustre/home/2501111916/workspace/XPUPIM_0226_gpupim_parameter/TriForm/algorithms/aim_simulator/example.yaml
[pim-debug] cost_model config.PIM_FREQ_GHZ=1.0
[pim-debug] op plan (logical shapes inferred from schedule cfg):
  - op#00  op=V        shard=1   x=[1x4096] + w=[2048x4096]  ->  y=[1x2048]  (T=1, K=488)
  - op#01  op=SV       shard=1   p=[16x1x488] + v=[16x488x128]  ->  y=[16x1x128]  (T=1, K=488)
  - op#02  op=LN       shard=-1  x=[1x4096] + w=[4096]  ->  y=[1x4096]  (T=1, K=488)
  - op#03  op=FFN_W1   shard=1   x=[1x4096] + w=[5504x4096]  ->  y=[1x5504]  (T=1, K=488)
  - op#04  op=FFN_W3   shard=1   x=[1x4096] + w=[5504x4096]  ->  y=[1x5504]  (T=1, K=488)
  - op#05  op=SwiGLU   shard=1   a=[1x5504] + b=[1x5504]  ->  y=[1x5504]  (T=1, K=488)
  - op#06  op=FFN_W2   shard=0   x=[1x5504] + w=[4096x5504]  ->  y=[1x4096]  (T=1, K=488)
[pim-debug] NOTE: CENT(AiM) trace backend internally uses x shape (1,1,dim) and handles prefill by repeating ops;
           the table below shows the *effective parameters* passed into cost_model_pim_backend for each op.
[pim-debug] op#00 op=V        norm=v_proj     sh=1  dim=4096  heads=16  hd=128 q_dim=2048  kv_heads=16  kv_dim=2048  o_dim=2048  ffn_dim=5504   seqlen=488    qlen=1   cache=N lat=    0.004ms cycles≈4428
[pim-debug] op#01 op=SV       norm=output     sh=1  dim=4096  heads=16  hd=128 q_dim=2048  kv_heads=16  kv_dim=2048  o_dim=2048  ffn_dim=5504   seqlen=488    qlen=1   cache=N lat=    0.002ms cycles≈1822
[pim-debug] op#02 op=LN       norm=rmsnorm    sh=-1 dim=4096  heads=32  hd=128 q_dim=4096  kv_heads=32  kv_dim=4096  o_dim=4096  ffn_dim=11008  seqlen=488    qlen=1   cache=N lat=    0.001ms cycles≈1314
[pim-debug] op#03 op=FFN_W1   norm=ffn_gate   sh=1  dim=4096  heads=16  hd=128 q_dim=2048  kv_heads=16  kv_dim=2048  o_dim=2048  ffn_dim=5504   seqlen=488    qlen=1   cache=N lat=    0.012ms cycles≈11708
[pim-debug] op#04 op=FFN_W3   norm=ffn_up     sh=1  dim=4096  heads=16  hd=128 q_dim=2048  kv_heads=16  kv_dim=2048  o_dim=2048  ffn_dim=5504   seqlen=488    qlen=1   cache=N lat=    0.011ms cycles≈10896
[pim-debug] op#05 op=SwiGLU   norm=silu       sh=1  dim=4096  heads=16  hd=128 q_dim=2048  kv_heads=16  kv_dim=2048  o_dim=2048  ffn_dim=5504   seqlen=488    qlen=1   cache=N lat=    0.001ms cycles≈503
[pim-debug] op#06 op=FFN_W2   norm=ffn_down   sh=0  dim=4096  heads=16  hd=128 q_dim=2048  kv_heads=16  kv_dim=2048  o_dim=2048  ffn_dim=5504   seqlen=488    qlen=1   cache=N lat=    0.011ms cycles≈11466
[pim-debug] segment total latency: 0.042 ms
========================================================================================
[pim-debug] segment_key=pim|decode|31|fa8b04eaba988353d76eadc6a01ae0d4
[pim-debug] sig: device_type=pim phase=decode step=31 (count_hint=31)
[pim-debug] ops_repr: LN:-1,V:0,SV:0,O:1,FFN_W1:0,SwiGLU:0
[pim-debug] cfg: shard_policy='fine' shards=2 dim=4096 ffn_dim=11008 n_heads=32 n_kv_heads=auto->n_heads
[pim-debug] pim_config=/lustre/home/2501111916/workspace/XPUPIM_0226_gpupim_parameter/TriForm/algorithms/aim_simulator/PIM_AiM.json
[pim-debug] ramulator_config=/lustre/home/2501111916/workspace/XPUPIM_0226_gpupim_parameter/TriForm/algorithms/aim_simulator/example.yaml
[pim-debug] cost_model config.PIM_FREQ_GHZ=1.0
[pim-debug] op plan (logical shapes inferred from schedule cfg):
  - op#00  op=LN       shard=-1  x=[1x4096] + w=[4096]  ->  y=[1x4096]  (T=1, K=488)
  - op#01  op=V        shard=0   x=[1x4096] + w=[2048x4096]  ->  y=[1x2048]  (T=1, K=488)
  - op#02  op=SV       shard=0   p=[16x1x488] + v=[16x488x128]  ->  y=[16x1x128]  (T=1, K=488)
  - op#03  op=O        shard=1   x=[1x2048] + w=[4096x2048]  ->  y=[1x4096]  (T=1, K=488)
  - op#04  op=FFN_W1   shard=0   x=[1x4096] + w=[5504x4096]  ->  y=[1x5504]  (T=1, K=488)
  - op#05  op=SwiGLU   shard=0   a=[1x5504] + b=[1x5504]  ->  y=[1x5504]  (T=1, K=488)
[pim-debug] NOTE: CENT(AiM) trace backend internally uses x shape (1,1,dim) and handles prefill by repeating ops;
           the table below shows the *effective parameters* passed into cost_model_pim_backend for each op.
[pim-debug] op#00 op=LN       norm=rmsnorm    sh=-1 dim=4096  heads=32  hd=128 q_dim=4096  kv_heads=32  kv_dim=4096  o_dim=4096  ffn_dim=11008  seqlen=488    qlen=1   cache=N lat=    0.001ms cycles≈1314
[pim-debug] op#01 op=V        norm=v_proj     sh=0  dim=4096  heads=16  hd=128 q_dim=2048  kv_heads=16  kv_dim=2048  o_dim=2048  ffn_dim=5504   seqlen=488    qlen=1   cache=N lat=    0.004ms cycles≈4428
[pim-debug] op#02 op=SV       norm=output     sh=0  dim=4096  heads=16  hd=128 q_dim=2048  kv_heads=16  kv_dim=2048  o_dim=2048  ffn_dim=5504   seqlen=488    qlen=1   cache=N lat=    0.002ms cycles≈1822
[pim-debug] op#03 op=O        norm=wo_proj    sh=1  dim=4096  heads=16  hd=128 q_dim=2048  kv_heads=16  kv_dim=2048  o_dim=2048  ffn_dim=5504   seqlen=488    qlen=1   cache=N lat=    0.004ms cycles≈4062
[pim-debug] op#04 op=FFN_W1   norm=ffn_gate   sh=0  dim=4096  heads=16  hd=128 q_dim=2048  kv_heads=16  kv_dim=2048  o_dim=2048  ffn_dim=5504   seqlen=488    qlen=1   cache=N lat=    0.012ms cycles≈11708
[pim-debug] op#05 op=SwiGLU   norm=silu       sh=0  dim=4096  heads=16  hd=128 q_dim=2048  kv_heads=16  kv_dim=2048  o_dim=2048  ffn_dim=5504   seqlen=488    qlen=1   cache=N lat=    0.001ms cycles≈503
[pim-debug] segment total latency: 0.024 ms
========================================================================================
[pim-debug] segment_key=pim|decode|31|fdf6362e664a0dcb3b710140facc51d5
[pim-debug] sig: device_type=pim phase=decode step=31 (count_hint=1)
[pim-debug] ops_repr: V:0,SV:0,O:1,FFN_W1:0,SwiGLU:0
[pim-debug] cfg: shard_policy='fine' shards=2 dim=4096 ffn_dim=11008 n_heads=32 n_kv_heads=auto->n_heads
[pim-debug] pim_config=/lustre/home/2501111916/workspace/XPUPIM_0226_gpupim_parameter/TriForm/algorithms/aim_simulator/PIM_AiM.json
[pim-debug] ramulator_config=/lustre/home/2501111916/workspace/XPUPIM_0226_gpupim_parameter/TriForm/algorithms/aim_simulator/example.yaml
[pim-debug] cost_model config.PIM_FREQ_GHZ=1.0
[pim-debug] op plan (logical shapes inferred from schedule cfg):
  - op#00  op=V        shard=0   x=[1x4096] + w=[2048x4096]  ->  y=[1x2048]  (T=1, K=488)
  - op#01  op=SV       shard=0   p=[16x1x488] + v=[16x488x128]  ->  y=[16x1x128]  (T=1, K=488)
  - op#02  op=O        shard=1   x=[1x2048] + w=[4096x2048]  ->  y=[1x4096]  (T=1, K=488)
  - op#03  op=FFN_W1   shard=0   x=[1x4096] + w=[5504x4096]  ->  y=[1x5504]  (T=1, K=488)
  - op#04  op=SwiGLU   shard=0   a=[1x5504] + b=[1x5504]  ->  y=[1x5504]  (T=1, K=488)
[pim-debug] NOTE: CENT(AiM) trace backend internally uses x shape (1,1,dim) and handles prefill by repeating ops;
           the table below shows the *effective parameters* passed into cost_model_pim_backend for each op.
[pim-debug] op#00 op=V        norm=v_proj     sh=0  dim=4096  heads=16  hd=128 q_dim=2048  kv_heads=16  kv_dim=2048  o_dim=2048  ffn_dim=5504   seqlen=488    qlen=1   cache=N lat=    0.004ms cycles≈4428
[pim-debug] op#01 op=SV       norm=output     sh=0  dim=4096  heads=16  hd=128 q_dim=2048  kv_heads=16  kv_dim=2048  o_dim=2048  ffn_dim=5504   seqlen=488    qlen=1   cache=N lat=    0.002ms cycles≈1822
[pim-debug] op#02 op=O        norm=wo_proj    sh=1  dim=4096  heads=16  hd=128 q_dim=2048  kv_heads=16  kv_dim=2048  o_dim=2048  ffn_dim=5504   seqlen=488    qlen=1   cache=N lat=    0.004ms cycles≈4062
[pim-debug] op#03 op=FFN_W1   norm=ffn_gate   sh=0  dim=4096  heads=16  hd=128 q_dim=2048  kv_heads=16  kv_dim=2048  o_dim=2048  ffn_dim=5504   seqlen=488    qlen=1   cache=N lat=    0.012ms cycles≈11708
[pim-debug] op#04 op=SwiGLU   norm=silu       sh=0  dim=4096  heads=16  hd=128 q_dim=2048  kv_heads=16  kv_dim=2048  o_dim=2048  ffn_dim=5504   seqlen=488    qlen=1   cache=N lat=    0.001ms cycles≈503
[pim-debug] segment total latency: 0.023 ms
========================================================================================
[pim-debug] segment_key=pim|decode|32|18ae37754a97d1f42b25b2cff77caf3f
[pim-debug] sig: device_type=pim phase=decode step=32 (count_hint=32)
[pim-debug] ops_repr: V:1,SV:1,LN:-1,FFN_W1:1,FFN_W3:1,SwiGLU:1,FFN_W2:0
[pim-debug] cfg: shard_policy='fine' shards=2 dim=4096 ffn_dim=11008 n_heads=32 n_kv_heads=auto->n_heads
[pim-debug] pim_config=/lustre/home/2501111916/workspace/XPUPIM_0226_gpupim_parameter/TriForm/algorithms/aim_simulator/PIM_AiM.json
[pim-debug] ramulator_config=/lustre/home/2501111916/workspace/XPUPIM_0226_gpupim_parameter/TriForm/algorithms/aim_simulator/example.yaml
[pim-debug] cost_model config.PIM_FREQ_GHZ=1.0
[pim-debug] op plan (logical shapes inferred from schedule cfg):
  - op#00  op=V        shard=1   x=[1x4096] + w=[2048x4096]  ->  y=[1x2048]  (T=1, K=500)
  - op#01  op=SV       shard=1   p=[16x1x500] + v=[16x500x128]  ->  y=[16x1x128]  (T=1, K=500)
  - op#02  op=LN       shard=-1  x=[1x4096] + w=[4096]  ->  y=[1x4096]  (T=1, K=500)
  - op#03  op=FFN_W1   shard=1   x=[1x4096] + w=[5504x4096]  ->  y=[1x5504]  (T=1, K=500)
  - op#04  op=FFN_W3   shard=1   x=[1x4096] + w=[5504x4096]  ->  y=[1x5504]  (T=1, K=500)
  - op#05  op=SwiGLU   shard=1   a=[1x5504] + b=[1x5504]  ->  y=[1x5504]  (T=1, K=500)
  - op#06  op=FFN_W2   shard=0   x=[1x5504] + w=[4096x5504]  ->  y=[1x4096]  (T=1, K=500)
[pim-debug] NOTE: CENT(AiM) trace backend internally uses x shape (1,1,dim) and handles prefill by repeating ops;
           the table below shows the *effective parameters* passed into cost_model_pim_backend for each op.
[pim-debug] op#00 op=V        norm=v_proj     sh=1  dim=4096  heads=16  hd=128 q_dim=2048  kv_heads=16  kv_dim=2048  o_dim=2048  ffn_dim=5504   seqlen=500    qlen=1   cache=N lat=    0.004ms cycles≈4428
[pim-debug] op#01 op=SV       norm=output     sh=1  dim=4096  heads=16  hd=128 q_dim=2048  kv_heads=16  kv_dim=2048  o_dim=2048  ffn_dim=5504   seqlen=500    qlen=1   cache=N lat=    0.002ms cycles≈1840
[pim-debug] op#02 op=LN       norm=rmsnorm    sh=-1 dim=4096  heads=32  hd=128 q_dim=4096  kv_heads=32  kv_dim=4096  o_dim=4096  ffn_dim=11008  seqlen=500    qlen=1   cache=N lat=    0.001ms cycles≈1314
[pim-debug] op#03 op=FFN_W1   norm=ffn_gate   sh=1  dim=4096  heads=16  hd=128 q_dim=2048  kv_heads=16  kv_dim=2048  o_dim=2048  ffn_dim=5504   seqlen=500    qlen=1   cache=N lat=    0.012ms cycles≈11708
[pim-debug] op#04 op=FFN_W3   norm=ffn_up     sh=1  dim=4096  heads=16  hd=128 q_dim=2048  kv_heads=16  kv_dim=2048  o_dim=2048  ffn_dim=5504   seqlen=500    qlen=1   cache=N lat=    0.011ms cycles≈10896
[pim-debug] op#05 op=SwiGLU   norm=silu       sh=1  dim=4096  heads=16  hd=128 q_dim=2048  kv_heads=16  kv_dim=2048  o_dim=2048  ffn_dim=5504   seqlen=500    qlen=1   cache=N lat=    0.001ms cycles≈503
[pim-debug] op#06 op=FFN_W2   norm=ffn_down   sh=0  dim=4096  heads=16  hd=128 q_dim=2048  kv_heads=16  kv_dim=2048  o_dim=2048  ffn_dim=5504   seqlen=500    qlen=1   cache=N lat=    0.011ms cycles≈11466
[pim-debug] segment total latency: 0.042 ms
========================================================================================
[pim-debug] segment_key=pim|decode|32|fa8b04eaba988353d76eadc6a01ae0d4
[pim-debug] sig: device_type=pim phase=decode step=32 (count_hint=31)
[pim-debug] ops_repr: LN:-1,V:0,SV:0,O:1,FFN_W1:0,SwiGLU:0
[pim-debug] cfg: shard_policy='fine' shards=2 dim=4096 ffn_dim=11008 n_heads=32 n_kv_heads=auto->n_heads
[pim-debug] pim_config=/lustre/home/2501111916/workspace/XPUPIM_0226_gpupim_parameter/TriForm/algorithms/aim_simulator/PIM_AiM.json
[pim-debug] ramulator_config=/lustre/home/2501111916/workspace/XPUPIM_0226_gpupim_parameter/TriForm/algorithms/aim_simulator/example.yaml
[pim-debug] cost_model config.PIM_FREQ_GHZ=1.0
[pim-debug] op plan (logical shapes inferred from schedule cfg):
  - op#00  op=LN       shard=-1  x=[1x4096] + w=[4096]  ->  y=[1x4096]  (T=1, K=500)
  - op#01  op=V        shard=0   x=[1x4096] + w=[2048x4096]  ->  y=[1x2048]  (T=1, K=500)
  - op#02  op=SV       shard=0   p=[16x1x500] + v=[16x500x128]  ->  y=[16x1x128]  (T=1, K=500)
  - op#03  op=O        shard=1   x=[1x2048] + w=[4096x2048]  ->  y=[1x4096]  (T=1, K=500)
  - op#04  op=FFN_W1   shard=0   x=[1x4096] + w=[5504x4096]  ->  y=[1x5504]  (T=1, K=500)
  - op#05  op=SwiGLU   shard=0   a=[1x5504] + b=[1x5504]  ->  y=[1x5504]  (T=1, K=500)
[pim-debug] NOTE: CENT(AiM) trace backend internally uses x shape (1,1,dim) and handles prefill by repeating ops;
           the table below shows the *effective parameters* passed into cost_model_pim_backend for each op.
[pim-debug] op#00 op=LN       norm=rmsnorm    sh=-1 dim=4096  heads=32  hd=128 q_dim=4096  kv_heads=32  kv_dim=4096  o_dim=4096  ffn_dim=11008  seqlen=500    qlen=1   cache=N lat=    0.001ms cycles≈1314
[pim-debug] op#01 op=V        norm=v_proj     sh=0  dim=4096  heads=16  hd=128 q_dim=2048  kv_heads=16  kv_dim=2048  o_dim=2048  ffn_dim=5504   seqlen=500    qlen=1   cache=N lat=    0.004ms cycles≈4428
[pim-debug] op#02 op=SV       norm=output     sh=0  dim=4096  heads=16  hd=128 q_dim=2048  kv_heads=16  kv_dim=2048  o_dim=2048  ffn_dim=5504   seqlen=500    qlen=1   cache=N lat=    0.002ms cycles≈1840
[pim-debug] op#03 op=O        norm=wo_proj    sh=1  dim=4096  heads=16  hd=128 q_dim=2048  kv_heads=16  kv_dim=2048  o_dim=2048  ffn_dim=5504   seqlen=500    qlen=1   cache=N lat=    0.004ms cycles≈4062
[pim-debug] op#04 op=FFN_W1   norm=ffn_gate   sh=0  dim=4096  heads=16  hd=128 q_dim=2048  kv_heads=16  kv_dim=2048  o_dim=2048  ffn_dim=5504   seqlen=500    qlen=1   cache=N lat=    0.012ms cycles≈11708
[pim-debug] op#05 op=SwiGLU   norm=silu       sh=0  dim=4096  heads=16  hd=128 q_dim=2048  kv_heads=16  kv_dim=2048  o_dim=2048  ffn_dim=5504   seqlen=500    qlen=1   cache=N lat=    0.001ms cycles≈503
[pim-debug] segment total latency: 0.024 ms
========================================================================================
[pim-debug] segment_key=pim|decode|32|fdf6362e664a0dcb3b710140facc51d5
[pim-debug] sig: device_type=pim phase=decode step=32 (count_hint=1)
[pim-debug] ops_repr: V:0,SV:0,O:1,FFN_W1:0,SwiGLU:0
[pim-debug] cfg: shard_policy='fine' shards=2 dim=4096 ffn_dim=11008 n_heads=32 n_kv_heads=auto->n_heads
[pim-debug] pim_config=/lustre/home/2501111916/workspace/XPUPIM_0226_gpupim_parameter/TriForm/algorithms/aim_simulator/PIM_AiM.json
[pim-debug] ramulator_config=/lustre/home/2501111916/workspace/XPUPIM_0226_gpupim_parameter/TriForm/algorithms/aim_simulator/example.yaml
[pim-debug] cost_model config.PIM_FREQ_GHZ=1.0
[pim-debug] op plan (logical shapes inferred from schedule cfg):
  - op#00  op=V        shard=0   x=[1x4096] + w=[2048x4096]  ->  y=[1x2048]  (T=1, K=500)
  - op#01  op=SV       shard=0   p=[16x1x500] + v=[16x500x128]  ->  y=[16x1x128]  (T=1, K=500)
  - op#02  op=O        shard=1   x=[1x2048] + w=[4096x2048]  ->  y=[1x4096]  (T=1, K=500)
  - op#03  op=FFN_W1   shard=0   x=[1x4096] + w=[5504x4096]  ->  y=[1x5504]  (T=1, K=500)
  - op#04  op=SwiGLU   shard=0   a=[1x5504] + b=[1x5504]  ->  y=[1x5504]  (T=1, K=500)
[pim-debug] NOTE: CENT(AiM) trace backend internally uses x shape (1,1,dim) and handles prefill by repeating ops;
           the table below shows the *effective parameters* passed into cost_model_pim_backend for each op.
[pim-debug] op#00 op=V        norm=v_proj     sh=0  dim=4096  heads=16  hd=128 q_dim=2048  kv_heads=16  kv_dim=2048  o_dim=2048  ffn_dim=5504   seqlen=500    qlen=1   cache=N lat=    0.004ms cycles≈4428
[pim-debug] op#01 op=SV       norm=output     sh=0  dim=4096  heads=16  hd=128 q_dim=2048  kv_heads=16  kv_dim=2048  o_dim=2048  ffn_dim=5504   seqlen=500    qlen=1   cache=N lat=    0.002ms cycles≈1840
[pim-debug] op#02 op=O        norm=wo_proj    sh=1  dim=4096  heads=16  hd=128 q_dim=2048  kv_heads=16  kv_dim=2048  o_dim=2048  ffn_dim=5504   seqlen=500    qlen=1   cache=N lat=    0.004ms cycles≈4062
[pim-debug] op#03 op=FFN_W1   norm=ffn_gate   sh=0  dim=4096  heads=16  hd=128 q_dim=2048  kv_heads=16  kv_dim=2048  o_dim=2048  ffn_dim=5504   seqlen=500    qlen=1   cache=N lat=    0.012ms cycles≈11708
[pim-debug] op#04 op=SwiGLU   norm=silu       sh=0  dim=4096  heads=16  hd=128 q_dim=2048  kv_heads=16  kv_dim=2048  o_dim=2048  ffn_dim=5504   seqlen=500    qlen=1   cache=N lat=    0.001ms cycles≈503
[pim-debug] segment total latency: 0.023 ms
========================================================================================
[pim-debug] segment_key=pim|decode|33|18ae37754a97d1f42b25b2cff77caf3f
[pim-debug] sig: device_type=pim phase=decode step=33 (count_hint=32)
[pim-debug] ops_repr: V:1,SV:1,LN:-1,FFN_W1:1,FFN_W3:1,SwiGLU:1,FFN_W2:0
[pim-debug] cfg: shard_policy='fine' shards=2 dim=4096 ffn_dim=11008 n_heads=32 n_kv_heads=auto->n_heads
[pim-debug] pim_config=/lustre/home/2501111916/workspace/XPUPIM_0226_gpupim_parameter/TriForm/algorithms/aim_simulator/PIM_AiM.json
[pim-debug] ramulator_config=/lustre/home/2501111916/workspace/XPUPIM_0226_gpupim_parameter/TriForm/algorithms/aim_simulator/example.yaml
[pim-debug] cost_model config.PIM_FREQ_GHZ=1.0
[pim-debug] op plan (logical shapes inferred from schedule cfg):
  - op#00  op=V        shard=1   x=[1x4096] + w=[2048x4096]  ->  y=[1x2048]  (T=1, K=512)
  - op#01  op=SV       shard=1   p=[16x1x512] + v=[16x512x128]  ->  y=[16x1x128]  (T=1, K=512)
  - op#02  op=LN       shard=-1  x=[1x4096] + w=[4096]  ->  y=[1x4096]  (T=1, K=512)
  - op#03  op=FFN_W1   shard=1   x=[1x4096] + w=[5504x4096]  ->  y=[1x5504]  (T=1, K=512)
  - op#04  op=FFN_W3   shard=1   x=[1x4096] + w=[5504x4096]  ->  y=[1x5504]  (T=1, K=512)
  - op#05  op=SwiGLU   shard=1   a=[1x5504] + b=[1x5504]  ->  y=[1x5504]  (T=1, K=512)
  - op#06  op=FFN_W2   shard=0   x=[1x5504] + w=[4096x5504]  ->  y=[1x4096]  (T=1, K=512)
[pim-debug] NOTE: CENT(AiM) trace backend internally uses x shape (1,1,dim) and handles prefill by repeating ops;
           the table below shows the *effective parameters* passed into cost_model_pim_backend for each op.
[pim-debug] op#00 op=V        norm=v_proj     sh=1  dim=4096  heads=16  hd=128 q_dim=2048  kv_heads=16  kv_dim=2048  o_dim=2048  ffn_dim=5504   seqlen=512    qlen=1   cache=N lat=    0.004ms cycles≈4428
[pim-debug] op#01 op=SV       norm=output     sh=1  dim=4096  heads=16  hd=128 q_dim=2048  kv_heads=16  kv_dim=2048  o_dim=2048  ffn_dim=5504   seqlen=512    qlen=1   cache=N lat=    0.002ms cycles≈1840
[pim-debug] op#02 op=LN       norm=rmsnorm    sh=-1 dim=4096  heads=32  hd=128 q_dim=4096  kv_heads=32  kv_dim=4096  o_dim=4096  ffn_dim=11008  seqlen=512    qlen=1   cache=N lat=    0.001ms cycles≈1314
[pim-debug] op#03 op=FFN_W1   norm=ffn_gate   sh=1  dim=4096  heads=16  hd=128 q_dim=2048  kv_heads=16  kv_dim=2048  o_dim=2048  ffn_dim=5504   seqlen=512    qlen=1   cache=N lat=    0.012ms cycles≈11708
[pim-debug] op#04 op=FFN_W3   norm=ffn_up     sh=1  dim=4096  heads=16  hd=128 q_dim=2048  kv_heads=16  kv_dim=2048  o_dim=2048  ffn_dim=5504   seqlen=512    qlen=1   cache=N lat=    0.011ms cycles≈10896
[pim-debug] op#05 op=SwiGLU   norm=silu       sh=1  dim=4096  heads=16  hd=128 q_dim=2048  kv_heads=16  kv_dim=2048  o_dim=2048  ffn_dim=5504   seqlen=512    qlen=1   cache=N lat=    0.001ms cycles≈503
[pim-debug] op#06 op=FFN_W2   norm=ffn_down   sh=0  dim=4096  heads=16  hd=128 q_dim=2048  kv_heads=16  kv_dim=2048  o_dim=2048  ffn_dim=5504   seqlen=512    qlen=1   cache=N lat=    0.011ms cycles≈11466
[pim-debug] segment total latency: 0.042 ms
========================================================================================
[pim-debug] segment_key=pim|decode|33|fa8b04eaba988353d76eadc6a01ae0d4
[pim-debug] sig: device_type=pim phase=decode step=33 (count_hint=31)
[pim-debug] ops_repr: LN:-1,V:0,SV:0,O:1,FFN_W1:0,SwiGLU:0
[pim-debug] cfg: shard_policy='fine' shards=2 dim=4096 ffn_dim=11008 n_heads=32 n_kv_heads=auto->n_heads
[pim-debug] pim_config=/lustre/home/2501111916/workspace/XPUPIM_0226_gpupim_parameter/TriForm/algorithms/aim_simulator/PIM_AiM.json
[pim-debug] ramulator_config=/lustre/home/2501111916/workspace/XPUPIM_0226_gpupim_parameter/TriForm/algorithms/aim_simulator/example.yaml
[pim-debug] cost_model config.PIM_FREQ_GHZ=1.0
[pim-debug] op plan (logical shapes inferred from schedule cfg):
  - op#00  op=LN       shard=-1  x=[1x4096] + w=[4096]  ->  y=[1x4096]  (T=1, K=512)
  - op#01  op=V        shard=0   x=[1x4096] + w=[2048x4096]  ->  y=[1x2048]  (T=1, K=512)
  - op#02  op=SV       shard=0   p=[16x1x512] + v=[16x512x128]  ->  y=[16x1x128]  (T=1, K=512)
  - op#03  op=O        shard=1   x=[1x2048] + w=[4096x2048]  ->  y=[1x4096]  (T=1, K=512)
  - op#04  op=FFN_W1   shard=0   x=[1x4096] + w=[5504x4096]  ->  y=[1x5504]  (T=1, K=512)
  - op#05  op=SwiGLU   shard=0   a=[1x5504] + b=[1x5504]  ->  y=[1x5504]  (T=1, K=512)
[pim-debug] NOTE: CENT(AiM) trace backend internally uses x shape (1,1,dim) and handles prefill by repeating ops;
           the table below shows the *effective parameters* passed into cost_model_pim_backend for each op.
[pim-debug] op#00 op=LN       norm=rmsnorm    sh=-1 dim=4096  heads=32  hd=128 q_dim=4096  kv_heads=32  kv_dim=4096  o_dim=4096  ffn_dim=11008  seqlen=512    qlen=1   cache=N lat=    0.001ms cycles≈1314
[pim-debug] op#01 op=V        norm=v_proj     sh=0  dim=4096  heads=16  hd=128 q_dim=2048  kv_heads=16  kv_dim=2048  o_dim=2048  ffn_dim=5504   seqlen=512    qlen=1   cache=N lat=    0.004ms cycles≈4428
[pim-debug] op#02 op=SV       norm=output     sh=0  dim=4096  heads=16  hd=128 q_dim=2048  kv_heads=16  kv_dim=2048  o_dim=2048  ffn_dim=5504   seqlen=512    qlen=1   cache=N lat=    0.002ms cycles≈1840
[pim-debug] op#03 op=O        norm=wo_proj    sh=1  dim=4096  heads=16  hd=128 q_dim=2048  kv_heads=16  kv_dim=2048  o_dim=2048  ffn_dim=5504   seqlen=512    qlen=1   cache=N lat=    0.004ms cycles≈4062
[pim-debug] op#04 op=FFN_W1   norm=ffn_gate   sh=0  dim=4096  heads=16  hd=128 q_dim=2048  kv_heads=16  kv_dim=2048  o_dim=2048  ffn_dim=5504   seqlen=512    qlen=1   cache=N lat=    0.012ms cycles≈11708
[pim-debug] op#05 op=SwiGLU   norm=silu       sh=0  dim=4096  heads=16  hd=128 q_dim=2048  kv_heads=16  kv_dim=2048  o_dim=2048  ffn_dim=5504   seqlen=512    qlen=1   cache=N lat=    0.001ms cycles≈503
[pim-debug] segment total latency: 0.024 ms
========================================================================================
[pim-debug] segment_key=pim|decode|33|fdf6362e664a0dcb3b710140facc51d5
[pim-debug] sig: device_type=pim phase=decode step=33 (count_hint=1)
[pim-debug] ops_repr: V:0,SV:0,O:1,FFN_W1:0,SwiGLU:0
[pim-debug] cfg: shard_policy='fine' shards=2 dim=4096 ffn_dim=11008 n_heads=32 n_kv_heads=auto->n_heads
[pim-debug] pim_config=/lustre/home/2501111916/workspace/XPUPIM_0226_gpupim_parameter/TriForm/algorithms/aim_simulator/PIM_AiM.json
[pim-debug] ramulator_config=/lustre/home/2501111916/workspace/XPUPIM_0226_gpupim_parameter/TriForm/algorithms/aim_simulator/example.yaml
[pim-debug] cost_model config.PIM_FREQ_GHZ=1.0
[pim-debug] op plan (logical shapes inferred from schedule cfg):
  - op#00  op=V        shard=0   x=[1x4096] + w=[2048x4096]  ->  y=[1x2048]  (T=1, K=512)
  - op#01  op=SV       shard=0   p=[16x1x512] + v=[16x512x128]  ->  y=[16x1x128]  (T=1, K=512)
  - op#02  op=O        shard=1   x=[1x2048] + w=[4096x2048]  ->  y=[1x4096]  (T=1, K=512)
  - op#03  op=FFN_W1   shard=0   x=[1x4096] + w=[5504x4096]  ->  y=[1x5504]  (T=1, K=512)
  - op#04  op=SwiGLU   shard=0   a=[1x5504] + b=[1x5504]  ->  y=[1x5504]  (T=1, K=512)
[pim-debug] NOTE: CENT(AiM) trace backend internally uses x shape (1,1,dim) and handles prefill by repeating ops;
           the table below shows the *effective parameters* passed into cost_model_pim_backend for each op.
[pim-debug] op#00 op=V        norm=v_proj     sh=0  dim=4096  heads=16  hd=128 q_dim=2048  kv_heads=16  kv_dim=2048  o_dim=2048  ffn_dim=5504   seqlen=512    qlen=1   cache=N lat=    0.004ms cycles≈4428
[pim-debug] op#01 op=SV       norm=output     sh=0  dim=4096  heads=16  hd=128 q_dim=2048  kv_heads=16  kv_dim=2048  o_dim=2048  ffn_dim=5504   seqlen=512    qlen=1   cache=N lat=    0.002ms cycles≈1840
[pim-debug] op#02 op=O        norm=wo_proj    sh=1  dim=4096  heads=16  hd=128 q_dim=2048  kv_heads=16  kv_dim=2048  o_dim=2048  ffn_dim=5504   seqlen=512    qlen=1   cache=N lat=    0.004ms cycles≈4062
[pim-debug] op#03 op=FFN_W1   norm=ffn_gate   sh=0  dim=4096  heads=16  hd=128 q_dim=2048  kv_heads=16  kv_dim=2048  o_dim=2048  ffn_dim=5504   seqlen=512    qlen=1   cache=N lat=    0.012ms cycles≈11708
[pim-debug] op#04 op=SwiGLU   norm=silu       sh=0  dim=4096  heads=16  hd=128 q_dim=2048  kv_heads=16  kv_dim=2048  o_dim=2048  ffn_dim=5504   seqlen=512    qlen=1   cache=N lat=    0.001ms cycles≈503
[pim-debug] segment total latency: 0.023 ms
========================================================================================
[pim-debug] segment_key=pim|decode|34|18ae37754a97d1f42b25b2cff77caf3f
[pim-debug] sig: device_type=pim phase=decode step=34 (count_hint=32)
[pim-debug] ops_repr: V:1,SV:1,LN:-1,FFN_W1:1,FFN_W3:1,SwiGLU:1,FFN_W2:0
[pim-debug] cfg: shard_policy='fine' shards=2 dim=4096 ffn_dim=11008 n_heads=32 n_kv_heads=auto->n_heads
[pim-debug] pim_config=/lustre/home/2501111916/workspace/XPUPIM_0226_gpupim_parameter/TriForm/algorithms/aim_simulator/PIM_AiM.json
[pim-debug] ramulator_config=/lustre/home/2501111916/workspace/XPUPIM_0226_gpupim_parameter/TriForm/algorithms/aim_simulator/example.yaml
[pim-debug] cost_model config.PIM_FREQ_GHZ=1.0
[pim-debug] op plan (logical shapes inferred from schedule cfg):
  - op#00  op=V        shard=1   x=[1x4096] + w=[2048x4096]  ->  y=[1x2048]  (T=1, K=524)
  - op#01  op=SV       shard=1   p=[16x1x524] + v=[16x524x128]  ->  y=[16x1x128]  (T=1, K=524)
  - op#02  op=LN       shard=-1  x=[1x4096] + w=[4096]  ->  y=[1x4096]  (T=1, K=524)
  - op#03  op=FFN_W1   shard=1   x=[1x4096] + w=[5504x4096]  ->  y=[1x5504]  (T=1, K=524)
  - op#04  op=FFN_W3   shard=1   x=[1x4096] + w=[5504x4096]  ->  y=[1x5504]  (T=1, K=524)
  - op#05  op=SwiGLU   shard=1   a=[1x5504] + b=[1x5504]  ->  y=[1x5504]  (T=1, K=524)
  - op#06  op=FFN_W2   shard=0   x=[1x5504] + w=[4096x5504]  ->  y=[1x4096]  (T=1, K=524)
[pim-debug] NOTE: CENT(AiM) trace backend internally uses x shape (1,1,dim) and handles prefill by repeating ops;
           the table below shows the *effective parameters* passed into cost_model_pim_backend for each op.
[pim-debug] op#00 op=V        norm=v_proj     sh=1  dim=4096  heads=16  hd=128 q_dim=2048  kv_heads=16  kv_dim=2048  o_dim=2048  ffn_dim=5504   seqlen=524    qlen=1   cache=N lat=    0.004ms cycles≈4428
[pim-debug] op#01 op=SV       norm=output     sh=1  dim=4096  heads=16  hd=128 q_dim=2048  kv_heads=16  kv_dim=2048  o_dim=2048  ffn_dim=5504   seqlen=524    qlen=1   cache=N lat=    0.002ms cycles≈1858
[pim-debug] op#02 op=LN       norm=rmsnorm    sh=-1 dim=4096  heads=32  hd=128 q_dim=4096  kv_heads=32  kv_dim=4096  o_dim=4096  ffn_dim=11008  seqlen=524    qlen=1   cache=N lat=    0.001ms cycles≈1314
[pim-debug] op#03 op=FFN_W1   norm=ffn_gate   sh=1  dim=4096  heads=16  hd=128 q_dim=2048  kv_heads=16  kv_dim=2048  o_dim=2048  ffn_dim=5504   seqlen=524    qlen=1   cache=N lat=    0.012ms cycles≈11708
[pim-debug] op#04 op=FFN_W3   norm=ffn_up     sh=1  dim=4096  heads=16  hd=128 q_dim=2048  kv_heads=16  kv_dim=2048  o_dim=2048  ffn_dim=5504   seqlen=524    qlen=1   cache=N lat=    0.011ms cycles≈10896
[pim-debug] op#05 op=SwiGLU   norm=silu       sh=1  dim=4096  heads=16  hd=128 q_dim=2048  kv_heads=16  kv_dim=2048  o_dim=2048  ffn_dim=5504   seqlen=524    qlen=1   cache=N lat=    0.001ms cycles≈503
[pim-debug] op#06 op=FFN_W2   norm=ffn_down   sh=0  dim=4096  heads=16  hd=128 q_dim=2048  kv_heads=16  kv_dim=2048  o_dim=2048  ffn_dim=5504   seqlen=524    qlen=1   cache=N lat=    0.011ms cycles≈11466
[pim-debug] segment total latency: 0.042 ms
========================================================================================
[pim-debug] segment_key=pim|decode|34|fa8b04eaba988353d76eadc6a01ae0d4
[pim-debug] sig: device_type=pim phase=decode step=34 (count_hint=31)
[pim-debug] ops_repr: LN:-1,V:0,SV:0,O:1,FFN_W1:0,SwiGLU:0
[pim-debug] cfg: shard_policy='fine' shards=2 dim=4096 ffn_dim=11008 n_heads=32 n_kv_heads=auto->n_heads
[pim-debug] pim_config=/lustre/home/2501111916/workspace/XPUPIM_0226_gpupim_parameter/TriForm/algorithms/aim_simulator/PIM_AiM.json
[pim-debug] ramulator_config=/lustre/home/2501111916/workspace/XPUPIM_0226_gpupim_parameter/TriForm/algorithms/aim_simulator/example.yaml
[pim-debug] cost_model config.PIM_FREQ_GHZ=1.0
[pim-debug] op plan (logical shapes inferred from schedule cfg):
  - op#00  op=LN       shard=-1  x=[1x4096] + w=[4096]  ->  y=[1x4096]  (T=1, K=524)
  - op#01  op=V        shard=0   x=[1x4096] + w=[2048x4096]  ->  y=[1x2048]  (T=1, K=524)
  - op#02  op=SV       shard=0   p=[16x1x524] + v=[16x524x128]  ->  y=[16x1x128]  (T=1, K=524)
  - op#03  op=O        shard=1   x=[1x2048] + w=[4096x2048]  ->  y=[1x4096]  (T=1, K=524)
  - op#04  op=FFN_W1   shard=0   x=[1x4096] + w=[5504x4096]  ->  y=[1x5504]  (T=1, K=524)
  - op#05  op=SwiGLU   shard=0   a=[1x5504] + b=[1x5504]  ->  y=[1x5504]  (T=1, K=524)
[pim-debug] NOTE: CENT(AiM) trace backend internally uses x shape (1,1,dim) and handles prefill by repeating ops;
           the table below shows the *effective parameters* passed into cost_model_pim_backend for each op.
[pim-debug] op#00 op=LN       norm=rmsnorm    sh=-1 dim=4096  heads=32  hd=128 q_dim=4096  kv_heads=32  kv_dim=4096  o_dim=4096  ffn_dim=11008  seqlen=524    qlen=1   cache=N lat=    0.001ms cycles≈1314
[pim-debug] op#01 op=V        norm=v_proj     sh=0  dim=4096  heads=16  hd=128 q_dim=2048  kv_heads=16  kv_dim=2048  o_dim=2048  ffn_dim=5504   seqlen=524    qlen=1   cache=N lat=    0.004ms cycles≈4428
[pim-debug] op#02 op=SV       norm=output     sh=0  dim=4096  heads=16  hd=128 q_dim=2048  kv_heads=16  kv_dim=2048  o_dim=2048  ffn_dim=5504   seqlen=524    qlen=1   cache=N lat=    0.002ms cycles≈1858
[pim-debug] op#03 op=O        norm=wo_proj    sh=1  dim=4096  heads=16  hd=128 q_dim=2048  kv_heads=16  kv_dim=2048  o_dim=2048  ffn_dim=5504   seqlen=524    qlen=1   cache=N lat=    0.004ms cycles≈4062
[pim-debug] op#04 op=FFN_W1   norm=ffn_gate   sh=0  dim=4096  heads=16  hd=128 q_dim=2048  kv_heads=16  kv_dim=2048  o_dim=2048  ffn_dim=5504   seqlen=524    qlen=1   cache=N lat=    0.012ms cycles≈11708
[pim-debug] op#05 op=SwiGLU   norm=silu       sh=0  dim=4096  heads=16  hd=128 q_dim=2048  kv_heads=16  kv_dim=2048  o_dim=2048  ffn_dim=5504   seqlen=524    qlen=1   cache=N lat=    0.001ms cycles≈503
[pim-debug] segment total latency: 0.024 ms
========================================================================================
[pim-debug] segment_key=pim|decode|34|fdf6362e664a0dcb3b710140facc51d5
[pim-debug] sig: device_type=pim phase=decode step=34 (count_hint=1)
[pim-debug] ops_repr: V:0,SV:0,O:1,FFN_W1:0,SwiGLU:0
[pim-debug] cfg: shard_policy='fine' shards=2 dim=4096 ffn_dim=11008 n_heads=32 n_kv_heads=auto->n_heads
[pim-debug] pim_config=/lustre/home/2501111916/workspace/XPUPIM_0226_gpupim_parameter/TriForm/algorithms/aim_simulator/PIM_AiM.json
[pim-debug] ramulator_config=/lustre/home/2501111916/workspace/XPUPIM_0226_gpupim_parameter/TriForm/algorithms/aim_simulator/example.yaml
[pim-debug] cost_model config.PIM_FREQ_GHZ=1.0
[pim-debug] op plan (logical shapes inferred from schedule cfg):
  - op#00  op=V        shard=0   x=[1x4096] + w=[2048x4096]  ->  y=[1x2048]  (T=1, K=524)
  - op#01  op=SV       shard=0   p=[16x1x524] + v=[16x524x128]  ->  y=[16x1x128]  (T=1, K=524)
  - op#02  op=O        shard=1   x=[1x2048] + w=[4096x2048]  ->  y=[1x4096]  (T=1, K=524)
  - op#03  op=FFN_W1   shard=0   x=[1x4096] + w=[5504x4096]  ->  y=[1x5504]  (T=1, K=524)
  - op#04  op=SwiGLU   shard=0   a=[1x5504] + b=[1x5504]  ->  y=[1x5504]  (T=1, K=524)
[pim-debug] NOTE: CENT(AiM) trace backend internally uses x shape (1,1,dim) and handles prefill by repeating ops;
           the table below shows the *effective parameters* passed into cost_model_pim_backend for each op.
[pim-debug] op#00 op=V        norm=v_proj     sh=0  dim=4096  heads=16  hd=128 q_dim=2048  kv_heads=16  kv_dim=2048  o_dim=2048  ffn_dim=5504   seqlen=524    qlen=1   cache=N lat=    0.004ms cycles≈4428
[pim-debug] op#01 op=SV       norm=output     sh=0  dim=4096  heads=16  hd=128 q_dim=2048  kv_heads=16  kv_dim=2048  o_dim=2048  ffn_dim=5504   seqlen=524    qlen=1   cache=N lat=    0.002ms cycles≈1858
[pim-debug] op#02 op=O        norm=wo_proj    sh=1  dim=4096  heads=16  hd=128 q_dim=2048  kv_heads=16  kv_dim=2048  o_dim=2048  ffn_dim=5504   seqlen=524    qlen=1   cache=N lat=    0.004ms cycles≈4062
[pim-debug] op#03 op=FFN_W1   norm=ffn_gate   sh=0  dim=4096  heads=16  hd=128 q_dim=2048  kv_heads=16  kv_dim=2048  o_dim=2048  ffn_dim=5504   seqlen=524    qlen=1   cache=N lat=    0.012ms cycles≈11708
[pim-debug] op#04 op=SwiGLU   norm=silu       sh=0  dim=4096  heads=16  hd=128 q_dim=2048  kv_heads=16  kv_dim=2048  o_dim=2048  ffn_dim=5504   seqlen=524    qlen=1   cache=N lat=    0.001ms cycles≈503
[pim-debug] segment total latency: 0.023 ms
========================================================================================
[pim-debug] segment_key=pim|decode|35|18ae37754a97d1f42b25b2cff77caf3f
[pim-debug] sig: device_type=pim phase=decode step=35 (count_hint=32)
[pim-debug] ops_repr: V:1,SV:1,LN:-1,FFN_W1:1,FFN_W3:1,SwiGLU:1,FFN_W2:0
[pim-debug] cfg: shard_policy='fine' shards=2 dim=4096 ffn_dim=11008 n_heads=32 n_kv_heads=auto->n_heads
[pim-debug] pim_config=/lustre/home/2501111916/workspace/XPUPIM_0226_gpupim_parameter/TriForm/algorithms/aim_simulator/PIM_AiM.json
[pim-debug] ramulator_config=/lustre/home/2501111916/workspace/XPUPIM_0226_gpupim_parameter/TriForm/algorithms/aim_simulator/example.yaml
[pim-debug] cost_model config.PIM_FREQ_GHZ=1.0
[pim-debug] op plan (logical shapes inferred from schedule cfg):
  - op#00  op=V        shard=1   x=[1x4096] + w=[2048x4096]  ->  y=[1x2048]  (T=1, K=536)
  - op#01  op=SV       shard=1   p=[16x1x536] + v=[16x536x128]  ->  y=[16x1x128]  (T=1, K=536)
  - op#02  op=LN       shard=-1  x=[1x4096] + w=[4096]  ->  y=[1x4096]  (T=1, K=536)
  - op#03  op=FFN_W1   shard=1   x=[1x4096] + w=[5504x4096]  ->  y=[1x5504]  (T=1, K=536)
  - op#04  op=FFN_W3   shard=1   x=[1x4096] + w=[5504x4096]  ->  y=[1x5504]  (T=1, K=536)
  - op#05  op=SwiGLU   shard=1   a=[1x5504] + b=[1x5504]  ->  y=[1x5504]  (T=1, K=536)
  - op#06  op=FFN_W2   shard=0   x=[1x5504] + w=[4096x5504]  ->  y=[1x4096]  (T=1, K=536)
[pim-debug] NOTE: CENT(AiM) trace backend internally uses x shape (1,1,dim) and handles prefill by repeating ops;
           the table below shows the *effective parameters* passed into cost_model_pim_backend for each op.
[pim-debug] op#00 op=V        norm=v_proj     sh=1  dim=4096  heads=16  hd=128 q_dim=2048  kv_heads=16  kv_dim=2048  o_dim=2048  ffn_dim=5504   seqlen=536    qlen=1   cache=N lat=    0.004ms cycles≈4428
[pim-debug] op#01 op=SV       norm=output     sh=1  dim=4096  heads=16  hd=128 q_dim=2048  kv_heads=16  kv_dim=2048  o_dim=2048  ffn_dim=5504   seqlen=536    qlen=1   cache=N lat=    0.002ms cycles≈1876
[pim-debug] op#02 op=LN       norm=rmsnorm    sh=-1 dim=4096  heads=32  hd=128 q_dim=4096  kv_heads=32  kv_dim=4096  o_dim=4096  ffn_dim=11008  seqlen=536    qlen=1   cache=N lat=    0.001ms cycles≈1314
[pim-debug] op#03 op=FFN_W1   norm=ffn_gate   sh=1  dim=4096  heads=16  hd=128 q_dim=2048  kv_heads=16  kv_dim=2048  o_dim=2048  ffn_dim=5504   seqlen=536    qlen=1   cache=N lat=    0.012ms cycles≈11708
[pim-debug] op#04 op=FFN_W3   norm=ffn_up     sh=1  dim=4096  heads=16  hd=128 q_dim=2048  kv_heads=16  kv_dim=2048  o_dim=2048  ffn_dim=5504   seqlen=536    qlen=1   cache=N lat=    0.011ms cycles≈10896
[pim-debug] op#05 op=SwiGLU   norm=silu       sh=1  dim=4096  heads=16  hd=128 q_dim=2048  kv_heads=16  kv_dim=2048  o_dim=2048  ffn_dim=5504   seqlen=536    qlen=1   cache=N lat=    0.001ms cycles≈503
[pim-debug] op#06 op=FFN_W2   norm=ffn_down   sh=0  dim=4096  heads=16  hd=128 q_dim=2048  kv_heads=16  kv_dim=2048  o_dim=2048  ffn_dim=5504   seqlen=536    qlen=1   cache=N lat=    0.011ms cycles≈11466
[pim-debug] segment total latency: 0.042 ms
========================================================================================
[pim-debug] segment_key=pim|decode|35|fa8b04eaba988353d76eadc6a01ae0d4
[pim-debug] sig: device_type=pim phase=decode step=35 (count_hint=31)
[pim-debug] ops_repr: LN:-1,V:0,SV:0,O:1,FFN_W1:0,SwiGLU:0
[pim-debug] cfg: shard_policy='fine' shards=2 dim=4096 ffn_dim=11008 n_heads=32 n_kv_heads=auto->n_heads
[pim-debug] pim_config=/lustre/home/2501111916/workspace/XPUPIM_0226_gpupim_parameter/TriForm/algorithms/aim_simulator/PIM_AiM.json
[pim-debug] ramulator_config=/lustre/home/2501111916/workspace/XPUPIM_0226_gpupim_parameter/TriForm/algorithms/aim_simulator/example.yaml
[pim-debug] cost_model config.PIM_FREQ_GHZ=1.0
[pim-debug] op plan (logical shapes inferred from schedule cfg):
  - op#00  op=LN       shard=-1  x=[1x4096] + w=[4096]  ->  y=[1x4096]  (T=1, K=536)
  - op#01  op=V        shard=0   x=[1x4096] + w=[2048x4096]  ->  y=[1x2048]  (T=1, K=536)
  - op#02  op=SV       shard=0   p=[16x1x536] + v=[16x536x128]  ->  y=[16x1x128]  (T=1, K=536)
  - op#03  op=O        shard=1   x=[1x2048] + w=[4096x2048]  ->  y=[1x4096]  (T=1, K=536)
  - op#04  op=FFN_W1   shard=0   x=[1x4096] + w=[5504x4096]  ->  y=[1x5504]  (T=1, K=536)
  - op#05  op=SwiGLU   shard=0   a=[1x5504] + b=[1x5504]  ->  y=[1x5504]  (T=1, K=536)
[pim-debug] NOTE: CENT(AiM) trace backend internally uses x shape (1,1,dim) and handles prefill by repeating ops;
           the table below shows the *effective parameters* passed into cost_model_pim_backend for each op.
[pim-debug] op#00 op=LN       norm=rmsnorm    sh=-1 dim=4096  heads=32  hd=128 q_dim=4096  kv_heads=32  kv_dim=4096  o_dim=4096  ffn_dim=11008  seqlen=536    qlen=1   cache=N lat=    0.001ms cycles≈1314
[pim-debug] op#01 op=V        norm=v_proj     sh=0  dim=4096  heads=16  hd=128 q_dim=2048  kv_heads=16  kv_dim=2048  o_dim=2048  ffn_dim=5504   seqlen=536    qlen=1   cache=N lat=    0.004ms cycles≈4428
[pim-debug] op#02 op=SV       norm=output     sh=0  dim=4096  heads=16  hd=128 q_dim=2048  kv_heads=16  kv_dim=2048  o_dim=2048  ffn_dim=5504   seqlen=536    qlen=1   cache=N lat=    0.002ms cycles≈1876
[pim-debug] op#03 op=O        norm=wo_proj    sh=1  dim=4096  heads=16  hd=128 q_dim=2048  kv_heads=16  kv_dim=2048  o_dim=2048  ffn_dim=5504   seqlen=536    qlen=1   cache=N lat=    0.004ms cycles≈4062
[pim-debug] op#04 op=FFN_W1   norm=ffn_gate   sh=0  dim=4096  heads=16  hd=128 q_dim=2048  kv_heads=16  kv_dim=2048  o_dim=2048  ffn_dim=5504   seqlen=536    qlen=1   cache=N lat=    0.012ms cycles≈11708
[pim-debug] op#05 op=SwiGLU   norm=silu       sh=0  dim=4096  heads=16  hd=128 q_dim=2048  kv_heads=16  kv_dim=2048  o_dim=2048  ffn_dim=5504   seqlen=536    qlen=1   cache=N lat=    0.001ms cycles≈503
[pim-debug] segment total latency: 0.024 ms
========================================================================================
[pim-debug] segment_key=pim|decode|35|fdf6362e664a0dcb3b710140facc51d5
[pim-debug] sig: device_type=pim phase=decode step=35 (count_hint=1)
[pim-debug] ops_repr: V:0,SV:0,O:1,FFN_W1:0,SwiGLU:0
[pim-debug] cfg: shard_policy='fine' shards=2 dim=4096 ffn_dim=11008 n_heads=32 n_kv_heads=auto->n_heads
[pim-debug] pim_config=/lustre/home/2501111916/workspace/XPUPIM_0226_gpupim_parameter/TriForm/algorithms/aim_simulator/PIM_AiM.json
[pim-debug] ramulator_config=/lustre/home/2501111916/workspace/XPUPIM_0226_gpupim_parameter/TriForm/algorithms/aim_simulator/example.yaml
[pim-debug] cost_model config.PIM_FREQ_GHZ=1.0
[pim-debug] op plan (logical shapes inferred from schedule cfg):
  - op#00  op=V        shard=0   x=[1x4096] + w=[2048x4096]  ->  y=[1x2048]  (T=1, K=536)
  - op#01  op=SV       shard=0   p=[16x1x536] + v=[16x536x128]  ->  y=[16x1x128]  (T=1, K=536)
  - op#02  op=O        shard=1   x=[1x2048] + w=[4096x2048]  ->  y=[1x4096]  (T=1, K=536)
  - op#03  op=FFN_W1   shard=0   x=[1x4096] + w=[5504x4096]  ->  y=[1x5504]  (T=1, K=536)
  - op#04  op=SwiGLU   shard=0   a=[1x5504] + b=[1x5504]  ->  y=[1x5504]  (T=1, K=536)
[pim-debug] NOTE: CENT(AiM) trace backend internally uses x shape (1,1,dim) and handles prefill by repeating ops;
           the table below shows the *effective parameters* passed into cost_model_pim_backend for each op.
[pim-debug] op#00 op=V        norm=v_proj     sh=0  dim=4096  heads=16  hd=128 q_dim=2048  kv_heads=16  kv_dim=2048  o_dim=2048  ffn_dim=5504   seqlen=536    qlen=1   cache=N lat=    0.004ms cycles≈4428
[pim-debug] op#01 op=SV       norm=output     sh=0  dim=4096  heads=16  hd=128 q_dim=2048  kv_heads=16  kv_dim=2048  o_dim=2048  ffn_dim=5504   seqlen=536    qlen=1   cache=N lat=    0.002ms cycles≈1876
[pim-debug] op#02 op=O        norm=wo_proj    sh=1  dim=4096  heads=16  hd=128 q_dim=2048  kv_heads=16  kv_dim=2048  o_dim=2048  ffn_dim=5504   seqlen=536    qlen=1   cache=N lat=    0.004ms cycles≈4062
[pim-debug] op#03 op=FFN_W1   norm=ffn_gate   sh=0  dim=4096  heads=16  hd=128 q_dim=2048  kv_heads=16  kv_dim=2048  o_dim=2048  ffn_dim=5504   seqlen=536    qlen=1   cache=N lat=    0.012ms cycles≈11708
[pim-debug] op#04 op=SwiGLU   norm=silu       sh=0  dim=4096  heads=16  hd=128 q_dim=2048  kv_heads=16  kv_dim=2048  o_dim=2048  ffn_dim=5504   seqlen=536    qlen=1   cache=N lat=    0.001ms cycles≈503
[pim-debug] segment total latency: 0.023 ms
========================================================================================
[pim-debug] segment_key=pim|decode|36|18ae37754a97d1f42b25b2cff77caf3f
[pim-debug] sig: device_type=pim phase=decode step=36 (count_hint=32)
[pim-debug] ops_repr: V:1,SV:1,LN:-1,FFN_W1:1,FFN_W3:1,SwiGLU:1,FFN_W2:0
[pim-debug] cfg: shard_policy='fine' shards=2 dim=4096 ffn_dim=11008 n_heads=32 n_kv_heads=auto->n_heads
[pim-debug] pim_config=/lustre/home/2501111916/workspace/XPUPIM_0226_gpupim_parameter/TriForm/algorithms/aim_simulator/PIM_AiM.json
[pim-debug] ramulator_config=/lustre/home/2501111916/workspace/XPUPIM_0226_gpupim_parameter/TriForm/algorithms/aim_simulator/example.yaml
[pim-debug] cost_model config.PIM_FREQ_GHZ=1.0
[pim-debug] op plan (logical shapes inferred from schedule cfg):
  - op#00  op=V        shard=1   x=[1x4096] + w=[2048x4096]  ->  y=[1x2048]  (T=1, K=548)
  - op#01  op=SV       shard=1   p=[16x1x548] + v=[16x548x128]  ->  y=[16x1x128]  (T=1, K=548)
  - op#02  op=LN       shard=-1  x=[1x4096] + w=[4096]  ->  y=[1x4096]  (T=1, K=548)
  - op#03  op=FFN_W1   shard=1   x=[1x4096] + w=[5504x4096]  ->  y=[1x5504]  (T=1, K=548)
  - op#04  op=FFN_W3   shard=1   x=[1x4096] + w=[5504x4096]  ->  y=[1x5504]  (T=1, K=548)
  - op#05  op=SwiGLU   shard=1   a=[1x5504] + b=[1x5504]  ->  y=[1x5504]  (T=1, K=548)
  - op#06  op=FFN_W2   shard=0   x=[1x5504] + w=[4096x5504]  ->  y=[1x4096]  (T=1, K=548)
[pim-debug] NOTE: CENT(AiM) trace backend internally uses x shape (1,1,dim) and handles prefill by repeating ops;
           the table below shows the *effective parameters* passed into cost_model_pim_backend for each op.
[pim-debug] op#00 op=V        norm=v_proj     sh=1  dim=4096  heads=16  hd=128 q_dim=2048  kv_heads=16  kv_dim=2048  o_dim=2048  ffn_dim=5504   seqlen=548    qlen=1   cache=N lat=    0.004ms cycles≈4428
[pim-debug] op#01 op=SV       norm=output     sh=1  dim=4096  heads=16  hd=128 q_dim=2048  kv_heads=16  kv_dim=2048  o_dim=2048  ffn_dim=5504   seqlen=548    qlen=1   cache=N lat=    0.002ms cycles≈1894
[pim-debug] op#02 op=LN       norm=rmsnorm    sh=-1 dim=4096  heads=32  hd=128 q_dim=4096  kv_heads=32  kv_dim=4096  o_dim=4096  ffn_dim=11008  seqlen=548    qlen=1   cache=N lat=    0.001ms cycles≈1314
[pim-debug] op#03 op=FFN_W1   norm=ffn_gate   sh=1  dim=4096  heads=16  hd=128 q_dim=2048  kv_heads=16  kv_dim=2048  o_dim=2048  ffn_dim=5504   seqlen=548    qlen=1   cache=N lat=    0.012ms cycles≈11708
[pim-debug] op#04 op=FFN_W3   norm=ffn_up     sh=1  dim=4096  heads=16  hd=128 q_dim=2048  kv_heads=16  kv_dim=2048  o_dim=2048  ffn_dim=5504   seqlen=548    qlen=1   cache=N lat=    0.011ms cycles≈10896
[pim-debug] op#05 op=SwiGLU   norm=silu       sh=1  dim=4096  heads=16  hd=128 q_dim=2048  kv_heads=16  kv_dim=2048  o_dim=2048  ffn_dim=5504   seqlen=548    qlen=1   cache=N lat=    0.001ms cycles≈503
[pim-debug] op#06 op=FFN_W2   norm=ffn_down   sh=0  dim=4096  heads=16  hd=128 q_dim=2048  kv_heads=16  kv_dim=2048  o_dim=2048  ffn_dim=5504   seqlen=548    qlen=1   cache=N lat=    0.011ms cycles≈11466
[pim-debug] segment total latency: 0.042 ms
========================================================================================
[pim-debug] segment_key=pim|decode|36|fa8b04eaba988353d76eadc6a01ae0d4
[pim-debug] sig: device_type=pim phase=decode step=36 (count_hint=31)
[pim-debug] ops_repr: LN:-1,V:0,SV:0,O:1,FFN_W1:0,SwiGLU:0
[pim-debug] cfg: shard_policy='fine' shards=2 dim=4096 ffn_dim=11008 n_heads=32 n_kv_heads=auto->n_heads
[pim-debug] pim_config=/lustre/home/2501111916/workspace/XPUPIM_0226_gpupim_parameter/TriForm/algorithms/aim_simulator/PIM_AiM.json
[pim-debug] ramulator_config=/lustre/home/2501111916/workspace/XPUPIM_0226_gpupim_parameter/TriForm/algorithms/aim_simulator/example.yaml
[pim-debug] cost_model config.PIM_FREQ_GHZ=1.0
[pim-debug] op plan (logical shapes inferred from schedule cfg):
  - op#00  op=LN       shard=-1  x=[1x4096] + w=[4096]  ->  y=[1x4096]  (T=1, K=548)
  - op#01  op=V        shard=0   x=[1x4096] + w=[2048x4096]  ->  y=[1x2048]  (T=1, K=548)
  - op#02  op=SV       shard=0   p=[16x1x548] + v=[16x548x128]  ->  y=[16x1x128]  (T=1, K=548)
  - op#03  op=O        shard=1   x=[1x2048] + w=[4096x2048]  ->  y=[1x4096]  (T=1, K=548)
  - op#04  op=FFN_W1   shard=0   x=[1x4096] + w=[5504x4096]  ->  y=[1x5504]  (T=1, K=548)
  - op#05  op=SwiGLU   shard=0   a=[1x5504] + b=[1x5504]  ->  y=[1x5504]  (T=1, K=548)
[pim-debug] NOTE: CENT(AiM) trace backend internally uses x shape (1,1,dim) and handles prefill by repeating ops;
           the table below shows the *effective parameters* passed into cost_model_pim_backend for each op.
[pim-debug] op#00 op=LN       norm=rmsnorm    sh=-1 dim=4096  heads=32  hd=128 q_dim=4096  kv_heads=32  kv_dim=4096  o_dim=4096  ffn_dim=11008  seqlen=548    qlen=1   cache=N lat=    0.001ms cycles≈1314
[pim-debug] op#01 op=V        norm=v_proj     sh=0  dim=4096  heads=16  hd=128 q_dim=2048  kv_heads=16  kv_dim=2048  o_dim=2048  ffn_dim=5504   seqlen=548    qlen=1   cache=N lat=    0.004ms cycles≈4428
[pim-debug] op#02 op=SV       norm=output     sh=0  dim=4096  heads=16  hd=128 q_dim=2048  kv_heads=16  kv_dim=2048  o_dim=2048  ffn_dim=5504   seqlen=548    qlen=1   cache=N lat=    0.002ms cycles≈1894
[pim-debug] op#03 op=O        norm=wo_proj    sh=1  dim=4096  heads=16  hd=128 q_dim=2048  kv_heads=16  kv_dim=2048  o_dim=2048  ffn_dim=5504   seqlen=548    qlen=1   cache=N lat=    0.004ms cycles≈4062
[pim-debug] op#04 op=FFN_W1   norm=ffn_gate   sh=0  dim=4096  heads=16  hd=128 q_dim=2048  kv_heads=16  kv_dim=2048  o_dim=2048  ffn_dim=5504   seqlen=548    qlen=1   cache=N lat=    0.012ms cycles≈11708
[pim-debug] op#05 op=SwiGLU   norm=silu       sh=0  dim=4096  heads=16  hd=128 q_dim=2048  kv_heads=16  kv_dim=2048  o_dim=2048  ffn_dim=5504   seqlen=548    qlen=1   cache=N lat=    0.001ms cycles≈503
[pim-debug] segment total latency: 0.024 ms
========================================================================================
[pim-debug] segment_key=pim|decode|36|fdf6362e664a0dcb3b710140facc51d5
[pim-debug] sig: device_type=pim phase=decode step=36 (count_hint=1)
[pim-debug] ops_repr: V:0,SV:0,O:1,FFN_W1:0,SwiGLU:0
[pim-debug] cfg: shard_policy='fine' shards=2 dim=4096 ffn_dim=11008 n_heads=32 n_kv_heads=auto->n_heads
[pim-debug] pim_config=/lustre/home/2501111916/workspace/XPUPIM_0226_gpupim_parameter/TriForm/algorithms/aim_simulator/PIM_AiM.json
[pim-debug] ramulator_config=/lustre/home/2501111916/workspace/XPUPIM_0226_gpupim_parameter/TriForm/algorithms/aim_simulator/example.yaml
[pim-debug] cost_model config.PIM_FREQ_GHZ=1.0
[pim-debug] op plan (logical shapes inferred from schedule cfg):
  - op#00  op=V        shard=0   x=[1x4096] + w=[2048x4096]  ->  y=[1x2048]  (T=1, K=548)
  - op#01  op=SV       shard=0   p=[16x1x548] + v=[16x548x128]  ->  y=[16x1x128]  (T=1, K=548)
  - op#02  op=O        shard=1   x=[1x2048] + w=[4096x2048]  ->  y=[1x4096]  (T=1, K=548)
  - op#03  op=FFN_W1   shard=0   x=[1x4096] + w=[5504x4096]  ->  y=[1x5504]  (T=1, K=548)
  - op#04  op=SwiGLU   shard=0   a=[1x5504] + b=[1x5504]  ->  y=[1x5504]  (T=1, K=548)
[pim-debug] NOTE: CENT(AiM) trace backend internally uses x shape (1,1,dim) and handles prefill by repeating ops;
           the table below shows the *effective parameters* passed into cost_model_pim_backend for each op.
[pim-debug] op#00 op=V        norm=v_proj     sh=0  dim=4096  heads=16  hd=128 q_dim=2048  kv_heads=16  kv_dim=2048  o_dim=2048  ffn_dim=5504   seqlen=548    qlen=1   cache=N lat=    0.004ms cycles≈4428
[pim-debug] op#01 op=SV       norm=output     sh=0  dim=4096  heads=16  hd=128 q_dim=2048  kv_heads=16  kv_dim=2048  o_dim=2048  ffn_dim=5504   seqlen=548    qlen=1   cache=N lat=    0.002ms cycles≈1894
[pim-debug] op#02 op=O        norm=wo_proj    sh=1  dim=4096  heads=16  hd=128 q_dim=2048  kv_heads=16  kv_dim=2048  o_dim=2048  ffn_dim=5504   seqlen=548    qlen=1   cache=N lat=    0.004ms cycles≈4062
[pim-debug] op#03 op=FFN_W1   norm=ffn_gate   sh=0  dim=4096  heads=16  hd=128 q_dim=2048  kv_heads=16  kv_dim=2048  o_dim=2048  ffn_dim=5504   seqlen=548    qlen=1   cache=N lat=    0.012ms cycles≈11708
[pim-debug] op#04 op=SwiGLU   norm=silu       sh=0  dim=4096  heads=16  hd=128 q_dim=2048  kv_heads=16  kv_dim=2048  o_dim=2048  ffn_dim=5504   seqlen=548    qlen=1   cache=N lat=    0.001ms cycles≈503
[pim-debug] segment total latency: 0.023 ms
========================================================================================
[pim-debug] segment_key=pim|decode|37|18ae37754a97d1f42b25b2cff77caf3f
[pim-debug] sig: device_type=pim phase=decode step=37 (count_hint=32)
[pim-debug] ops_repr: V:1,SV:1,LN:-1,FFN_W1:1,FFN_W3:1,SwiGLU:1,FFN_W2:0
[pim-debug] cfg: shard_policy='fine' shards=2 dim=4096 ffn_dim=11008 n_heads=32 n_kv_heads=auto->n_heads
[pim-debug] pim_config=/lustre/home/2501111916/workspace/XPUPIM_0226_gpupim_parameter/TriForm/algorithms/aim_simulator/PIM_AiM.json
[pim-debug] ramulator_config=/lustre/home/2501111916/workspace/XPUPIM_0226_gpupim_parameter/TriForm/algorithms/aim_simulator/example.yaml
[pim-debug] cost_model config.PIM_FREQ_GHZ=1.0
[pim-debug] op plan (logical shapes inferred from schedule cfg):
  - op#00  op=V        shard=1   x=[1x4096] + w=[2048x4096]  ->  y=[1x2048]  (T=1, K=560)
  - op#01  op=SV       shard=1   p=[16x1x560] + v=[16x560x128]  ->  y=[16x1x128]  (T=1, K=560)
  - op#02  op=LN       shard=-1  x=[1x4096] + w=[4096]  ->  y=[1x4096]  (T=1, K=560)
  - op#03  op=FFN_W1   shard=1   x=[1x4096] + w=[5504x4096]  ->  y=[1x5504]  (T=1, K=560)
  - op#04  op=FFN_W3   shard=1   x=[1x4096] + w=[5504x4096]  ->  y=[1x5504]  (T=1, K=560)
  - op#05  op=SwiGLU   shard=1   a=[1x5504] + b=[1x5504]  ->  y=[1x5504]  (T=1, K=560)
  - op#06  op=FFN_W2   shard=0   x=[1x5504] + w=[4096x5504]  ->  y=[1x4096]  (T=1, K=560)
[pim-debug] NOTE: CENT(AiM) trace backend internally uses x shape (1,1,dim) and handles prefill by repeating ops;
           the table below shows the *effective parameters* passed into cost_model_pim_backend for each op.
[pim-debug] op#00 op=V        norm=v_proj     sh=1  dim=4096  heads=16  hd=128 q_dim=2048  kv_heads=16  kv_dim=2048  o_dim=2048  ffn_dim=5504   seqlen=560    qlen=1   cache=N lat=    0.004ms cycles≈4428
[pim-debug] op#01 op=SV       norm=output     sh=1  dim=4096  heads=16  hd=128 q_dim=2048  kv_heads=16  kv_dim=2048  o_dim=2048  ffn_dim=5504   seqlen=560    qlen=1   cache=N lat=    0.002ms cycles≈1894
[pim-debug] op#02 op=LN       norm=rmsnorm    sh=-1 dim=4096  heads=32  hd=128 q_dim=4096  kv_heads=32  kv_dim=4096  o_dim=4096  ffn_dim=11008  seqlen=560    qlen=1   cache=N lat=    0.001ms cycles≈1314
[pim-debug] op#03 op=FFN_W1   norm=ffn_gate   sh=1  dim=4096  heads=16  hd=128 q_dim=2048  kv_heads=16  kv_dim=2048  o_dim=2048  ffn_dim=5504   seqlen=560    qlen=1   cache=N lat=    0.012ms cycles≈11708
[pim-debug] op#04 op=FFN_W3   norm=ffn_up     sh=1  dim=4096  heads=16  hd=128 q_dim=2048  kv_heads=16  kv_dim=2048  o_dim=2048  ffn_dim=5504   seqlen=560    qlen=1   cache=N lat=    0.011ms cycles≈10896
[pim-debug] op#05 op=SwiGLU   norm=silu       sh=1  dim=4096  heads=16  hd=128 q_dim=2048  kv_heads=16  kv_dim=2048  o_dim=2048  ffn_dim=5504   seqlen=560    qlen=1   cache=N lat=    0.001ms cycles≈503
[pim-debug] op#06 op=FFN_W2   norm=ffn_down   sh=0  dim=4096  heads=16  hd=128 q_dim=2048  kv_heads=16  kv_dim=2048  o_dim=2048  ffn_dim=5504   seqlen=560    qlen=1   cache=N lat=    0.011ms cycles≈11466
[pim-debug] segment total latency: 0.042 ms
========================================================================================
[pim-debug] segment_key=pim|decode|37|fa8b04eaba988353d76eadc6a01ae0d4
[pim-debug] sig: device_type=pim phase=decode step=37 (count_hint=31)
[pim-debug] ops_repr: LN:-1,V:0,SV:0,O:1,FFN_W1:0,SwiGLU:0
[pim-debug] cfg: shard_policy='fine' shards=2 dim=4096 ffn_dim=11008 n_heads=32 n_kv_heads=auto->n_heads
[pim-debug] pim_config=/lustre/home/2501111916/workspace/XPUPIM_0226_gpupim_parameter/TriForm/algorithms/aim_simulator/PIM_AiM.json
[pim-debug] ramulator_config=/lustre/home/2501111916/workspace/XPUPIM_0226_gpupim_parameter/TriForm/algorithms/aim_simulator/example.yaml
[pim-debug] cost_model config.PIM_FREQ_GHZ=1.0
[pim-debug] op plan (logical shapes inferred from schedule cfg):
  - op#00  op=LN       shard=-1  x=[1x4096] + w=[4096]  ->  y=[1x4096]  (T=1, K=560)
  - op#01  op=V        shard=0   x=[1x4096] + w=[2048x4096]  ->  y=[1x2048]  (T=1, K=560)
  - op#02  op=SV       shard=0   p=[16x1x560] + v=[16x560x128]  ->  y=[16x1x128]  (T=1, K=560)
  - op#03  op=O        shard=1   x=[1x2048] + w=[4096x2048]  ->  y=[1x4096]  (T=1, K=560)
  - op#04  op=FFN_W1   shard=0   x=[1x4096] + w=[5504x4096]  ->  y=[1x5504]  (T=1, K=560)
  - op#05  op=SwiGLU   shard=0   a=[1x5504] + b=[1x5504]  ->  y=[1x5504]  (T=1, K=560)
[pim-debug] NOTE: CENT(AiM) trace backend internally uses x shape (1,1,dim) and handles prefill by repeating ops;
           the table below shows the *effective parameters* passed into cost_model_pim_backend for each op.
[pim-debug] op#00 op=LN       norm=rmsnorm    sh=-1 dim=4096  heads=32  hd=128 q_dim=4096  kv_heads=32  kv_dim=4096  o_dim=4096  ffn_dim=11008  seqlen=560    qlen=1   cache=N lat=    0.001ms cycles≈1314
[pim-debug] op#01 op=V        norm=v_proj     sh=0  dim=4096  heads=16  hd=128 q_dim=2048  kv_heads=16  kv_dim=2048  o_dim=2048  ffn_dim=5504   seqlen=560    qlen=1   cache=N lat=    0.004ms cycles≈4428
[pim-debug] op#02 op=SV       norm=output     sh=0  dim=4096  heads=16  hd=128 q_dim=2048  kv_heads=16  kv_dim=2048  o_dim=2048  ffn_dim=5504   seqlen=560    qlen=1   cache=N lat=    0.002ms cycles≈1894
[pim-debug] op#03 op=O        norm=wo_proj    sh=1  dim=4096  heads=16  hd=128 q_dim=2048  kv_heads=16  kv_dim=2048  o_dim=2048  ffn_dim=5504   seqlen=560    qlen=1   cache=N lat=    0.004ms cycles≈4062
[pim-debug] op#04 op=FFN_W1   norm=ffn_gate   sh=0  dim=4096  heads=16  hd=128 q_dim=2048  kv_heads=16  kv_dim=2048  o_dim=2048  ffn_dim=5504   seqlen=560    qlen=1   cache=N lat=    0.012ms cycles≈11708
[pim-debug] op#05 op=SwiGLU   norm=silu       sh=0  dim=4096  heads=16  hd=128 q_dim=2048  kv_heads=16  kv_dim=2048  o_dim=2048  ffn_dim=5504   seqlen=560    qlen=1   cache=N lat=    0.001ms cycles≈503
[pim-debug] segment total latency: 0.024 ms
========================================================================================
[pim-debug] segment_key=pim|decode|37|fdf6362e664a0dcb3b710140facc51d5
[pim-debug] sig: device_type=pim phase=decode step=37 (count_hint=1)
[pim-debug] ops_repr: V:0,SV:0,O:1,FFN_W1:0,SwiGLU:0
[pim-debug] cfg: shard_policy='fine' shards=2 dim=4096 ffn_dim=11008 n_heads=32 n_kv_heads=auto->n_heads
[pim-debug] pim_config=/lustre/home/2501111916/workspace/XPUPIM_0226_gpupim_parameter/TriForm/algorithms/aim_simulator/PIM_AiM.json
[pim-debug] ramulator_config=/lustre/home/2501111916/workspace/XPUPIM_0226_gpupim_parameter/TriForm/algorithms/aim_simulator/example.yaml
[pim-debug] cost_model config.PIM_FREQ_GHZ=1.0
[pim-debug] op plan (logical shapes inferred from schedule cfg):
  - op#00  op=V        shard=0   x=[1x4096] + w=[2048x4096]  ->  y=[1x2048]  (T=1, K=560)
  - op#01  op=SV       shard=0   p=[16x1x560] + v=[16x560x128]  ->  y=[16x1x128]  (T=1, K=560)
  - op#02  op=O        shard=1   x=[1x2048] + w=[4096x2048]  ->  y=[1x4096]  (T=1, K=560)
  - op#03  op=FFN_W1   shard=0   x=[1x4096] + w=[5504x4096]  ->  y=[1x5504]  (T=1, K=560)
  - op#04  op=SwiGLU   shard=0   a=[1x5504] + b=[1x5504]  ->  y=[1x5504]  (T=1, K=560)
[pim-debug] NOTE: CENT(AiM) trace backend internally uses x shape (1,1,dim) and handles prefill by repeating ops;
           the table below shows the *effective parameters* passed into cost_model_pim_backend for each op.
[pim-debug] op#00 op=V        norm=v_proj     sh=0  dim=4096  heads=16  hd=128 q_dim=2048  kv_heads=16  kv_dim=2048  o_dim=2048  ffn_dim=5504   seqlen=560    qlen=1   cache=N lat=    0.004ms cycles≈4428
[pim-debug] op#01 op=SV       norm=output     sh=0  dim=4096  heads=16  hd=128 q_dim=2048  kv_heads=16  kv_dim=2048  o_dim=2048  ffn_dim=5504   seqlen=560    qlen=1   cache=N lat=    0.002ms cycles≈1894
[pim-debug] op#02 op=O        norm=wo_proj    sh=1  dim=4096  heads=16  hd=128 q_dim=2048  kv_heads=16  kv_dim=2048  o_dim=2048  ffn_dim=5504   seqlen=560    qlen=1   cache=N lat=    0.004ms cycles≈4062
[pim-debug] op#03 op=FFN_W1   norm=ffn_gate   sh=0  dim=4096  heads=16  hd=128 q_dim=2048  kv_heads=16  kv_dim=2048  o_dim=2048  ffn_dim=5504   seqlen=560    qlen=1   cache=N lat=    0.012ms cycles≈11708
[pim-debug] op#04 op=SwiGLU   norm=silu       sh=0  dim=4096  heads=16  hd=128 q_dim=2048  kv_heads=16  kv_dim=2048  o_dim=2048  ffn_dim=5504   seqlen=560    qlen=1   cache=N lat=    0.001ms cycles≈503
[pim-debug] segment total latency: 0.023 ms
========================================================================================
[pim-debug] segment_key=pim|decode|38|18ae37754a97d1f42b25b2cff77caf3f
[pim-debug] sig: device_type=pim phase=decode step=38 (count_hint=32)
[pim-debug] ops_repr: V:1,SV:1,LN:-1,FFN_W1:1,FFN_W3:1,SwiGLU:1,FFN_W2:0
[pim-debug] cfg: shard_policy='fine' shards=2 dim=4096 ffn_dim=11008 n_heads=32 n_kv_heads=auto->n_heads
[pim-debug] pim_config=/lustre/home/2501111916/workspace/XPUPIM_0226_gpupim_parameter/TriForm/algorithms/aim_simulator/PIM_AiM.json
[pim-debug] ramulator_config=/lustre/home/2501111916/workspace/XPUPIM_0226_gpupim_parameter/TriForm/algorithms/aim_simulator/example.yaml
[pim-debug] cost_model config.PIM_FREQ_GHZ=1.0
[pim-debug] op plan (logical shapes inferred from schedule cfg):
  - op#00  op=V        shard=1   x=[1x4096] + w=[2048x4096]  ->  y=[1x2048]  (T=1, K=572)
  - op#01  op=SV       shard=1   p=[16x1x572] + v=[16x572x128]  ->  y=[16x1x128]  (T=1, K=572)
  - op#02  op=LN       shard=-1  x=[1x4096] + w=[4096]  ->  y=[1x4096]  (T=1, K=572)
  - op#03  op=FFN_W1   shard=1   x=[1x4096] + w=[5504x4096]  ->  y=[1x5504]  (T=1, K=572)
  - op#04  op=FFN_W3   shard=1   x=[1x4096] + w=[5504x4096]  ->  y=[1x5504]  (T=1, K=572)
  - op#05  op=SwiGLU   shard=1   a=[1x5504] + b=[1x5504]  ->  y=[1x5504]  (T=1, K=572)
  - op#06  op=FFN_W2   shard=0   x=[1x5504] + w=[4096x5504]  ->  y=[1x4096]  (T=1, K=572)
[pim-debug] NOTE: CENT(AiM) trace backend internally uses x shape (1,1,dim) and handles prefill by repeating ops;
           the table below shows the *effective parameters* passed into cost_model_pim_backend for each op.
[pim-debug] op#00 op=V        norm=v_proj     sh=1  dim=4096  heads=16  hd=128 q_dim=2048  kv_heads=16  kv_dim=2048  o_dim=2048  ffn_dim=5504   seqlen=572    qlen=1   cache=N lat=    0.004ms cycles≈4428
[pim-debug] op#01 op=SV       norm=output     sh=1  dim=4096  heads=16  hd=128 q_dim=2048  kv_heads=16  kv_dim=2048  o_dim=2048  ffn_dim=5504   seqlen=572    qlen=1   cache=N lat=    0.002ms cycles≈1912
[pim-debug] op#02 op=LN       norm=rmsnorm    sh=-1 dim=4096  heads=32  hd=128 q_dim=4096  kv_heads=32  kv_dim=4096  o_dim=4096  ffn_dim=11008  seqlen=572    qlen=1   cache=N lat=    0.001ms cycles≈1314
[pim-debug] op#03 op=FFN_W1   norm=ffn_gate   sh=1  dim=4096  heads=16  hd=128 q_dim=2048  kv_heads=16  kv_dim=2048  o_dim=2048  ffn_dim=5504   seqlen=572    qlen=1   cache=N lat=    0.012ms cycles≈11708
[pim-debug] op#04 op=FFN_W3   norm=ffn_up     sh=1  dim=4096  heads=16  hd=128 q_dim=2048  kv_heads=16  kv_dim=2048  o_dim=2048  ffn_dim=5504   seqlen=572    qlen=1   cache=N lat=    0.011ms cycles≈10896
[pim-debug] op#05 op=SwiGLU   norm=silu       sh=1  dim=4096  heads=16  hd=128 q_dim=2048  kv_heads=16  kv_dim=2048  o_dim=2048  ffn_dim=5504   seqlen=572    qlen=1   cache=N lat=    0.001ms cycles≈503
[pim-debug] op#06 op=FFN_W2   norm=ffn_down   sh=0  dim=4096  heads=16  hd=128 q_dim=2048  kv_heads=16  kv_dim=2048  o_dim=2048  ffn_dim=5504   seqlen=572    qlen=1   cache=N lat=    0.011ms cycles≈11466
[pim-debug] segment total latency: 0.042 ms
========================================================================================
[pim-debug] segment_key=pim|decode|38|fa8b04eaba988353d76eadc6a01ae0d4
[pim-debug] sig: device_type=pim phase=decode step=38 (count_hint=31)
[pim-debug] ops_repr: LN:-1,V:0,SV:0,O:1,FFN_W1:0,SwiGLU:0
[pim-debug] cfg: shard_policy='fine' shards=2 dim=4096 ffn_dim=11008 n_heads=32 n_kv_heads=auto->n_heads
[pim-debug] pim_config=/lustre/home/2501111916/workspace/XPUPIM_0226_gpupim_parameter/TriForm/algorithms/aim_simulator/PIM_AiM.json
[pim-debug] ramulator_config=/lustre/home/2501111916/workspace/XPUPIM_0226_gpupim_parameter/TriForm/algorithms/aim_simulator/example.yaml
[pim-debug] cost_model config.PIM_FREQ_GHZ=1.0
[pim-debug] op plan (logical shapes inferred from schedule cfg):
  - op#00  op=LN       shard=-1  x=[1x4096] + w=[4096]  ->  y=[1x4096]  (T=1, K=572)
  - op#01  op=V        shard=0   x=[1x4096] + w=[2048x4096]  ->  y=[1x2048]  (T=1, K=572)
  - op#02  op=SV       shard=0   p=[16x1x572] + v=[16x572x128]  ->  y=[16x1x128]  (T=1, K=572)
  - op#03  op=O        shard=1   x=[1x2048] + w=[4096x2048]  ->  y=[1x4096]  (T=1, K=572)
  - op#04  op=FFN_W1   shard=0   x=[1x4096] + w=[5504x4096]  ->  y=[1x5504]  (T=1, K=572)
  - op#05  op=SwiGLU   shard=0   a=[1x5504] + b=[1x5504]  ->  y=[1x5504]  (T=1, K=572)
[pim-debug] NOTE: CENT(AiM) trace backend internally uses x shape (1,1,dim) and handles prefill by repeating ops;
           the table below shows the *effective parameters* passed into cost_model_pim_backend for each op.
[pim-debug] op#00 op=LN       norm=rmsnorm    sh=-1 dim=4096  heads=32  hd=128 q_dim=4096  kv_heads=32  kv_dim=4096  o_dim=4096  ffn_dim=11008  seqlen=572    qlen=1   cache=N lat=    0.001ms cycles≈1314
[pim-debug] op#01 op=V        norm=v_proj     sh=0  dim=4096  heads=16  hd=128 q_dim=2048  kv_heads=16  kv_dim=2048  o_dim=2048  ffn_dim=5504   seqlen=572    qlen=1   cache=N lat=    0.004ms cycles≈4428
[pim-debug] op#02 op=SV       norm=output     sh=0  dim=4096  heads=16  hd=128 q_dim=2048  kv_heads=16  kv_dim=2048  o_dim=2048  ffn_dim=5504   seqlen=572    qlen=1   cache=N lat=    0.002ms cycles≈1912
[pim-debug] op#03 op=O        norm=wo_proj    sh=1  dim=4096  heads=16  hd=128 q_dim=2048  kv_heads=16  kv_dim=2048  o_dim=2048  ffn_dim=5504   seqlen=572    qlen=1   cache=N lat=    0.004ms cycles≈4062
[pim-debug] op#04 op=FFN_W1   norm=ffn_gate   sh=0  dim=4096  heads=16  hd=128 q_dim=2048  kv_heads=16  kv_dim=2048  o_dim=2048  ffn_dim=5504   seqlen=572    qlen=1   cache=N lat=    0.012ms cycles≈11708
[pim-debug] op#05 op=SwiGLU   norm=silu       sh=0  dim=4096  heads=16  hd=128 q_dim=2048  kv_heads=16  kv_dim=2048  o_dim=2048  ffn_dim=5504   seqlen=572    qlen=1   cache=N lat=    0.001ms cycles≈503
[pim-debug] segment total latency: 0.024 ms
========================================================================================
[pim-debug] segment_key=pim|decode|38|fdf6362e664a0dcb3b710140facc51d5
[pim-debug] sig: device_type=pim phase=decode step=38 (count_hint=1)
[pim-debug] ops_repr: V:0,SV:0,O:1,FFN_W1:0,SwiGLU:0
[pim-debug] cfg: shard_policy='fine' shards=2 dim=4096 ffn_dim=11008 n_heads=32 n_kv_heads=auto->n_heads
[pim-debug] pim_config=/lustre/home/2501111916/workspace/XPUPIM_0226_gpupim_parameter/TriForm/algorithms/aim_simulator/PIM_AiM.json
[pim-debug] ramulator_config=/lustre/home/2501111916/workspace/XPUPIM_0226_gpupim_parameter/TriForm/algorithms/aim_simulator/example.yaml
[pim-debug] cost_model config.PIM_FREQ_GHZ=1.0
[pim-debug] op plan (logical shapes inferred from schedule cfg):
  - op#00  op=V        shard=0   x=[1x4096] + w=[2048x4096]  ->  y=[1x2048]  (T=1, K=572)
  - op#01  op=SV       shard=0   p=[16x1x572] + v=[16x572x128]  ->  y=[16x1x128]  (T=1, K=572)
  - op#02  op=O        shard=1   x=[1x2048] + w=[4096x2048]  ->  y=[1x4096]  (T=1, K=572)
  - op#03  op=FFN_W1   shard=0   x=[1x4096] + w=[5504x4096]  ->  y=[1x5504]  (T=1, K=572)
  - op#04  op=SwiGLU   shard=0   a=[1x5504] + b=[1x5504]  ->  y=[1x5504]  (T=1, K=572)
[pim-debug] NOTE: CENT(AiM) trace backend internally uses x shape (1,1,dim) and handles prefill by repeating ops;
           the table below shows the *effective parameters* passed into cost_model_pim_backend for each op.
[pim-debug] op#00 op=V        norm=v_proj     sh=0  dim=4096  heads=16  hd=128 q_dim=2048  kv_heads=16  kv_dim=2048  o_dim=2048  ffn_dim=5504   seqlen=572    qlen=1   cache=N lat=    0.004ms cycles≈4428
[pim-debug] op#01 op=SV       norm=output     sh=0  dim=4096  heads=16  hd=128 q_dim=2048  kv_heads=16  kv_dim=2048  o_dim=2048  ffn_dim=5504   seqlen=572    qlen=1   cache=N lat=    0.002ms cycles≈1912
[pim-debug] op#02 op=O        norm=wo_proj    sh=1  dim=4096  heads=16  hd=128 q_dim=2048  kv_heads=16  kv_dim=2048  o_dim=2048  ffn_dim=5504   seqlen=572    qlen=1   cache=N lat=    0.004ms cycles≈4062
[pim-debug] op#03 op=FFN_W1   norm=ffn_gate   sh=0  dim=4096  heads=16  hd=128 q_dim=2048  kv_heads=16  kv_dim=2048  o_dim=2048  ffn_dim=5504   seqlen=572    qlen=1   cache=N lat=    0.012ms cycles≈11708
[pim-debug] op#04 op=SwiGLU   norm=silu       sh=0  dim=4096  heads=16  hd=128 q_dim=2048  kv_heads=16  kv_dim=2048  o_dim=2048  ffn_dim=5504   seqlen=572    qlen=1   cache=N lat=    0.001ms cycles≈503
[pim-debug] segment total latency: 0.023 ms
========================================================================================
[pim-debug] segment_key=pim|decode|39|18ae37754a97d1f42b25b2cff77caf3f
[pim-debug] sig: device_type=pim phase=decode step=39 (count_hint=32)
[pim-debug] ops_repr: V:1,SV:1,LN:-1,FFN_W1:1,FFN_W3:1,SwiGLU:1,FFN_W2:0
[pim-debug] cfg: shard_policy='fine' shards=2 dim=4096 ffn_dim=11008 n_heads=32 n_kv_heads=auto->n_heads
[pim-debug] pim_config=/lustre/home/2501111916/workspace/XPUPIM_0226_gpupim_parameter/TriForm/algorithms/aim_simulator/PIM_AiM.json
[pim-debug] ramulator_config=/lustre/home/2501111916/workspace/XPUPIM_0226_gpupim_parameter/TriForm/algorithms/aim_simulator/example.yaml
[pim-debug] cost_model config.PIM_FREQ_GHZ=1.0
[pim-debug] op plan (logical shapes inferred from schedule cfg):
  - op#00  op=V        shard=1   x=[1x4096] + w=[2048x4096]  ->  y=[1x2048]  (T=1, K=584)
  - op#01  op=SV       shard=1   p=[16x1x584] + v=[16x584x128]  ->  y=[16x1x128]  (T=1, K=584)
  - op#02  op=LN       shard=-1  x=[1x4096] + w=[4096]  ->  y=[1x4096]  (T=1, K=584)
  - op#03  op=FFN_W1   shard=1   x=[1x4096] + w=[5504x4096]  ->  y=[1x5504]  (T=1, K=584)
  - op#04  op=FFN_W3   shard=1   x=[1x4096] + w=[5504x4096]  ->  y=[1x5504]  (T=1, K=584)
  - op#05  op=SwiGLU   shard=1   a=[1x5504] + b=[1x5504]  ->  y=[1x5504]  (T=1, K=584)
  - op#06  op=FFN_W2   shard=0   x=[1x5504] + w=[4096x5504]  ->  y=[1x4096]  (T=1, K=584)
[pim-debug] NOTE: CENT(AiM) trace backend internally uses x shape (1,1,dim) and handles prefill by repeating ops;
           the table below shows the *effective parameters* passed into cost_model_pim_backend for each op.
[pim-debug] op#00 op=V        norm=v_proj     sh=1  dim=4096  heads=16  hd=128 q_dim=2048  kv_heads=16  kv_dim=2048  o_dim=2048  ffn_dim=5504   seqlen=584    qlen=1   cache=N lat=    0.004ms cycles≈4428
[pim-debug] op#01 op=SV       norm=output     sh=1  dim=4096  heads=16  hd=128 q_dim=2048  kv_heads=16  kv_dim=2048  o_dim=2048  ffn_dim=5504   seqlen=584    qlen=1   cache=N lat=    0.002ms cycles≈1930
[pim-debug] op#02 op=LN       norm=rmsnorm    sh=-1 dim=4096  heads=32  hd=128 q_dim=4096  kv_heads=32  kv_dim=4096  o_dim=4096  ffn_dim=11008  seqlen=584    qlen=1   cache=N lat=    0.001ms cycles≈1314
[pim-debug] op#03 op=FFN_W1   norm=ffn_gate   sh=1  dim=4096  heads=16  hd=128 q_dim=2048  kv_heads=16  kv_dim=2048  o_dim=2048  ffn_dim=5504   seqlen=584    qlen=1   cache=N lat=    0.012ms cycles≈11708
[pim-debug] op#04 op=FFN_W3   norm=ffn_up     sh=1  dim=4096  heads=16  hd=128 q_dim=2048  kv_heads=16  kv_dim=2048  o_dim=2048  ffn_dim=5504   seqlen=584    qlen=1   cache=N lat=    0.011ms cycles≈10896
[pim-debug] op#05 op=SwiGLU   norm=silu       sh=1  dim=4096  heads=16  hd=128 q_dim=2048  kv_heads=16  kv_dim=2048  o_dim=2048  ffn_dim=5504   seqlen=584    qlen=1   cache=N lat=    0.001ms cycles≈503
[pim-debug] op#06 op=FFN_W2   norm=ffn_down   sh=0  dim=4096  heads=16  hd=128 q_dim=2048  kv_heads=16  kv_dim=2048  o_dim=2048  ffn_dim=5504   seqlen=584    qlen=1   cache=N lat=    0.011ms cycles≈11466
[pim-debug] segment total latency: 0.042 ms
========================================================================================
[pim-debug] segment_key=pim|decode|39|fa8b04eaba988353d76eadc6a01ae0d4
[pim-debug] sig: device_type=pim phase=decode step=39 (count_hint=31)
[pim-debug] ops_repr: LN:-1,V:0,SV:0,O:1,FFN_W1:0,SwiGLU:0
[pim-debug] cfg: shard_policy='fine' shards=2 dim=4096 ffn_dim=11008 n_heads=32 n_kv_heads=auto->n_heads
[pim-debug] pim_config=/lustre/home/2501111916/workspace/XPUPIM_0226_gpupim_parameter/TriForm/algorithms/aim_simulator/PIM_AiM.json
[pim-debug] ramulator_config=/lustre/home/2501111916/workspace/XPUPIM_0226_gpupim_parameter/TriForm/algorithms/aim_simulator/example.yaml
[pim-debug] cost_model config.PIM_FREQ_GHZ=1.0
[pim-debug] op plan (logical shapes inferred from schedule cfg):
  - op#00  op=LN       shard=-1  x=[1x4096] + w=[4096]  ->  y=[1x4096]  (T=1, K=584)
  - op#01  op=V        shard=0   x=[1x4096] + w=[2048x4096]  ->  y=[1x2048]  (T=1, K=584)
  - op#02  op=SV       shard=0   p=[16x1x584] + v=[16x584x128]  ->  y=[16x1x128]  (T=1, K=584)
  - op#03  op=O        shard=1   x=[1x2048] + w=[4096x2048]  ->  y=[1x4096]  (T=1, K=584)
  - op#04  op=FFN_W1   shard=0   x=[1x4096] + w=[5504x4096]  ->  y=[1x5504]  (T=1, K=584)
  - op#05  op=SwiGLU   shard=0   a=[1x5504] + b=[1x5504]  ->  y=[1x5504]  (T=1, K=584)
[pim-debug] NOTE: CENT(AiM) trace backend internally uses x shape (1,1,dim) and handles prefill by repeating ops;
           the table below shows the *effective parameters* passed into cost_model_pim_backend for each op.
[pim-debug] op#00 op=LN       norm=rmsnorm    sh=-1 dim=4096  heads=32  hd=128 q_dim=4096  kv_heads=32  kv_dim=4096  o_dim=4096  ffn_dim=11008  seqlen=584    qlen=1   cache=N lat=    0.001ms cycles≈1314
[pim-debug] op#01 op=V        norm=v_proj     sh=0  dim=4096  heads=16  hd=128 q_dim=2048  kv_heads=16  kv_dim=2048  o_dim=2048  ffn_dim=5504   seqlen=584    qlen=1   cache=N lat=    0.004ms cycles≈4428
[pim-debug] op#02 op=SV       norm=output     sh=0  dim=4096  heads=16  hd=128 q_dim=2048  kv_heads=16  kv_dim=2048  o_dim=2048  ffn_dim=5504   seqlen=584    qlen=1   cache=N lat=    0.002ms cycles≈1930
[pim-debug] op#03 op=O        norm=wo_proj    sh=1  dim=4096  heads=16  hd=128 q_dim=2048  kv_heads=16  kv_dim=2048  o_dim=2048  ffn_dim=5504   seqlen=584    qlen=1   cache=N lat=    0.004ms cycles≈4062
[pim-debug] op#04 op=FFN_W1   norm=ffn_gate   sh=0  dim=4096  heads=16  hd=128 q_dim=2048  kv_heads=16  kv_dim=2048  o_dim=2048  ffn_dim=5504   seqlen=584    qlen=1   cache=N lat=    0.012ms cycles≈11708
[pim-debug] op#05 op=SwiGLU   norm=silu       sh=0  dim=4096  heads=16  hd=128 q_dim=2048  kv_heads=16  kv_dim=2048  o_dim=2048  ffn_dim=5504   seqlen=584    qlen=1   cache=N lat=    0.001ms cycles≈503
[pim-debug] segment total latency: 0.024 ms
========================================================================================
[pim-debug] segment_key=pim|decode|39|fdf6362e664a0dcb3b710140facc51d5
[pim-debug] sig: device_type=pim phase=decode step=39 (count_hint=1)
[pim-debug] ops_repr: V:0,SV:0,O:1,FFN_W1:0,SwiGLU:0
[pim-debug] cfg: shard_policy='fine' shards=2 dim=4096 ffn_dim=11008 n_heads=32 n_kv_heads=auto->n_heads
[pim-debug] pim_config=/lustre/home/2501111916/workspace/XPUPIM_0226_gpupim_parameter/TriForm/algorithms/aim_simulator/PIM_AiM.json
[pim-debug] ramulator_config=/lustre/home/2501111916/workspace/XPUPIM_0226_gpupim_parameter/TriForm/algorithms/aim_simulator/example.yaml
[pim-debug] cost_model config.PIM_FREQ_GHZ=1.0
[pim-debug] op plan (logical shapes inferred from schedule cfg):
  - op#00  op=V        shard=0   x=[1x4096] + w=[2048x4096]  ->  y=[1x2048]  (T=1, K=584)
  - op#01  op=SV       shard=0   p=[16x1x584] + v=[16x584x128]  ->  y=[16x1x128]  (T=1, K=584)
  - op#02  op=O        shard=1   x=[1x2048] + w=[4096x2048]  ->  y=[1x4096]  (T=1, K=584)
  - op#03  op=FFN_W1   shard=0   x=[1x4096] + w=[5504x4096]  ->  y=[1x5504]  (T=1, K=584)
  - op#04  op=SwiGLU   shard=0   a=[1x5504] + b=[1x5504]  ->  y=[1x5504]  (T=1, K=584)
[pim-debug] NOTE: CENT(AiM) trace backend internally uses x shape (1,1,dim) and handles prefill by repeating ops;
           the table below shows the *effective parameters* passed into cost_model_pim_backend for each op.
[pim-debug] op#00 op=V        norm=v_proj     sh=0  dim=4096  heads=16  hd=128 q_dim=2048  kv_heads=16  kv_dim=2048  o_dim=2048  ffn_dim=5504   seqlen=584    qlen=1   cache=N lat=    0.004ms cycles≈4428
[pim-debug] op#01 op=SV       norm=output     sh=0  dim=4096  heads=16  hd=128 q_dim=2048  kv_heads=16  kv_dim=2048  o_dim=2048  ffn_dim=5504   seqlen=584    qlen=1   cache=N lat=    0.002ms cycles≈1930
[pim-debug] op#02 op=O        norm=wo_proj    sh=1  dim=4096  heads=16  hd=128 q_dim=2048  kv_heads=16  kv_dim=2048  o_dim=2048  ffn_dim=5504   seqlen=584    qlen=1   cache=N lat=    0.004ms cycles≈4062
[pim-debug] op#03 op=FFN_W1   norm=ffn_gate   sh=0  dim=4096  heads=16  hd=128 q_dim=2048  kv_heads=16  kv_dim=2048  o_dim=2048  ffn_dim=5504   seqlen=584    qlen=1   cache=N lat=    0.012ms cycles≈11708
[pim-debug] op#04 op=SwiGLU   norm=silu       sh=0  dim=4096  heads=16  hd=128 q_dim=2048  kv_heads=16  kv_dim=2048  o_dim=2048  ffn_dim=5504   seqlen=584    qlen=1   cache=N lat=    0.001ms cycles≈503
[pim-debug] segment total latency: 0.023 ms
========================================================================================
[pim-debug] segment_key=pim|decode|3|18ae37754a97d1f42b25b2cff77caf3f
[pim-debug] sig: device_type=pim phase=decode step=3 (count_hint=32)
[pim-debug] ops_repr: V:1,SV:1,LN:-1,FFN_W1:1,FFN_W3:1,SwiGLU:1,FFN_W2:0
[pim-debug] cfg: shard_policy='fine' shards=2 dim=4096 ffn_dim=11008 n_heads=32 n_kv_heads=auto->n_heads
[pim-debug] pim_config=/lustre/home/2501111916/workspace/XPUPIM_0226_gpupim_parameter/TriForm/algorithms/aim_simulator/PIM_AiM.json
[pim-debug] ramulator_config=/lustre/home/2501111916/workspace/XPUPIM_0226_gpupim_parameter/TriForm/algorithms/aim_simulator/example.yaml
[pim-debug] cost_model config.PIM_FREQ_GHZ=1.0
[pim-debug] op plan (logical shapes inferred from schedule cfg):
  - op#00  op=V        shard=1   x=[1x4096] + w=[2048x4096]  ->  y=[1x2048]  (T=1, K=152)
  - op#01  op=SV       shard=1   p=[16x1x152] + v=[16x152x128]  ->  y=[16x1x128]  (T=1, K=152)
  - op#02  op=LN       shard=-1  x=[1x4096] + w=[4096]  ->  y=[1x4096]  (T=1, K=152)
  - op#03  op=FFN_W1   shard=1   x=[1x4096] + w=[5504x4096]  ->  y=[1x5504]  (T=1, K=152)
  - op#04  op=FFN_W3   shard=1   x=[1x4096] + w=[5504x4096]  ->  y=[1x5504]  (T=1, K=152)
  - op#05  op=SwiGLU   shard=1   a=[1x5504] + b=[1x5504]  ->  y=[1x5504]  (T=1, K=152)
  - op#06  op=FFN_W2   shard=0   x=[1x5504] + w=[4096x5504]  ->  y=[1x4096]  (T=1, K=152)
[pim-debug] NOTE: CENT(AiM) trace backend internally uses x shape (1,1,dim) and handles prefill by repeating ops;
           the table below shows the *effective parameters* passed into cost_model_pim_backend for each op.
[pim-debug] op#00 op=V        norm=v_proj     sh=1  dim=4096  heads=16  hd=128 q_dim=2048  kv_heads=16  kv_dim=2048  o_dim=2048  ffn_dim=5504   seqlen=152    qlen=1   cache=N lat=    0.004ms cycles≈4428
[pim-debug] op#01 op=SV       norm=output     sh=1  dim=4096  heads=16  hd=128 q_dim=2048  kv_heads=16  kv_dim=2048  o_dim=2048  ffn_dim=5504   seqlen=152    qlen=1   cache=N lat=    0.001ms cycles≈1444
[pim-debug] op#02 op=LN       norm=rmsnorm    sh=-1 dim=4096  heads=32  hd=128 q_dim=4096  kv_heads=32  kv_dim=4096  o_dim=4096  ffn_dim=11008  seqlen=152    qlen=1   cache=N lat=    0.001ms cycles≈1314
[pim-debug] op#03 op=FFN_W1   norm=ffn_gate   sh=1  dim=4096  heads=16  hd=128 q_dim=2048  kv_heads=16  kv_dim=2048  o_dim=2048  ffn_dim=5504   seqlen=152    qlen=1   cache=N lat=    0.012ms cycles≈11708
[pim-debug] op#04 op=FFN_W3   norm=ffn_up     sh=1  dim=4096  heads=16  hd=128 q_dim=2048  kv_heads=16  kv_dim=2048  o_dim=2048  ffn_dim=5504   seqlen=152    qlen=1   cache=N lat=    0.011ms cycles≈10896
[pim-debug] op#05 op=SwiGLU   norm=silu       sh=1  dim=4096  heads=16  hd=128 q_dim=2048  kv_heads=16  kv_dim=2048  o_dim=2048  ffn_dim=5504   seqlen=152    qlen=1   cache=N lat=    0.001ms cycles≈503
[pim-debug] op#06 op=FFN_W2   norm=ffn_down   sh=0  dim=4096  heads=16  hd=128 q_dim=2048  kv_heads=16  kv_dim=2048  o_dim=2048  ffn_dim=5504   seqlen=152    qlen=1   cache=N lat=    0.011ms cycles≈11466
[pim-debug] segment total latency: 0.042 ms
========================================================================================
[pim-debug] segment_key=pim|decode|3|fa8b04eaba988353d76eadc6a01ae0d4
[pim-debug] sig: device_type=pim phase=decode step=3 (count_hint=31)
[pim-debug] ops_repr: LN:-1,V:0,SV:0,O:1,FFN_W1:0,SwiGLU:0
[pim-debug] cfg: shard_policy='fine' shards=2 dim=4096 ffn_dim=11008 n_heads=32 n_kv_heads=auto->n_heads
[pim-debug] pim_config=/lustre/home/2501111916/workspace/XPUPIM_0226_gpupim_parameter/TriForm/algorithms/aim_simulator/PIM_AiM.json
[pim-debug] ramulator_config=/lustre/home/2501111916/workspace/XPUPIM_0226_gpupim_parameter/TriForm/algorithms/aim_simulator/example.yaml
[pim-debug] cost_model config.PIM_FREQ_GHZ=1.0
[pim-debug] op plan (logical shapes inferred from schedule cfg):
  - op#00  op=LN       shard=-1  x=[1x4096] + w=[4096]  ->  y=[1x4096]  (T=1, K=152)
  - op#01  op=V        shard=0   x=[1x4096] + w=[2048x4096]  ->  y=[1x2048]  (T=1, K=152)
  - op#02  op=SV       shard=0   p=[16x1x152] + v=[16x152x128]  ->  y=[16x1x128]  (T=1, K=152)
  - op#03  op=O        shard=1   x=[1x2048] + w=[4096x2048]  ->  y=[1x4096]  (T=1, K=152)
  - op#04  op=FFN_W1   shard=0   x=[1x4096] + w=[5504x4096]  ->  y=[1x5504]  (T=1, K=152)
  - op#05  op=SwiGLU   shard=0   a=[1x5504] + b=[1x5504]  ->  y=[1x5504]  (T=1, K=152)
[pim-debug] NOTE: CENT(AiM) trace backend internally uses x shape (1,1,dim) and handles prefill by repeating ops;
           the table below shows the *effective parameters* passed into cost_model_pim_backend for each op.
[pim-debug] op#00 op=LN       norm=rmsnorm    sh=-1 dim=4096  heads=32  hd=128 q_dim=4096  kv_heads=32  kv_dim=4096  o_dim=4096  ffn_dim=11008  seqlen=152    qlen=1   cache=N lat=    0.001ms cycles≈1314
[pim-debug] op#01 op=V        norm=v_proj     sh=0  dim=4096  heads=16  hd=128 q_dim=2048  kv_heads=16  kv_dim=2048  o_dim=2048  ffn_dim=5504   seqlen=152    qlen=1   cache=N lat=    0.004ms cycles≈4428
[pim-debug] op#02 op=SV       norm=output     sh=0  dim=4096  heads=16  hd=128 q_dim=2048  kv_heads=16  kv_dim=2048  o_dim=2048  ffn_dim=5504   seqlen=152    qlen=1   cache=N lat=    0.001ms cycles≈1444
[pim-debug] op#03 op=O        norm=wo_proj    sh=1  dim=4096  heads=16  hd=128 q_dim=2048  kv_heads=16  kv_dim=2048  o_dim=2048  ffn_dim=5504   seqlen=152    qlen=1   cache=N lat=    0.004ms cycles≈4062
[pim-debug] op#04 op=FFN_W1   norm=ffn_gate   sh=0  dim=4096  heads=16  hd=128 q_dim=2048  kv_heads=16  kv_dim=2048  o_dim=2048  ffn_dim=5504   seqlen=152    qlen=1   cache=N lat=    0.012ms cycles≈11708
[pim-debug] op#05 op=SwiGLU   norm=silu       sh=0  dim=4096  heads=16  hd=128 q_dim=2048  kv_heads=16  kv_dim=2048  o_dim=2048  ffn_dim=5504   seqlen=152    qlen=1   cache=N lat=    0.001ms cycles≈503
[pim-debug] segment total latency: 0.023 ms
========================================================================================
[pim-debug] segment_key=pim|decode|3|fdf6362e664a0dcb3b710140facc51d5
[pim-debug] sig: device_type=pim phase=decode step=3 (count_hint=1)
[pim-debug] ops_repr: V:0,SV:0,O:1,FFN_W1:0,SwiGLU:0
[pim-debug] cfg: shard_policy='fine' shards=2 dim=4096 ffn_dim=11008 n_heads=32 n_kv_heads=auto->n_heads
[pim-debug] pim_config=/lustre/home/2501111916/workspace/XPUPIM_0226_gpupim_parameter/TriForm/algorithms/aim_simulator/PIM_AiM.json
[pim-debug] ramulator_config=/lustre/home/2501111916/workspace/XPUPIM_0226_gpupim_parameter/TriForm/algorithms/aim_simulator/example.yaml
[pim-debug] cost_model config.PIM_FREQ_GHZ=1.0
[pim-debug] op plan (logical shapes inferred from schedule cfg):
  - op#00  op=V        shard=0   x=[1x4096] + w=[2048x4096]  ->  y=[1x2048]  (T=1, K=152)
  - op#01  op=SV       shard=0   p=[16x1x152] + v=[16x152x128]  ->  y=[16x1x128]  (T=1, K=152)
  - op#02  op=O        shard=1   x=[1x2048] + w=[4096x2048]  ->  y=[1x4096]  (T=1, K=152)
  - op#03  op=FFN_W1   shard=0   x=[1x4096] + w=[5504x4096]  ->  y=[1x5504]  (T=1, K=152)
  - op#04  op=SwiGLU   shard=0   a=[1x5504] + b=[1x5504]  ->  y=[1x5504]  (T=1, K=152)
[pim-debug] NOTE: CENT(AiM) trace backend internally uses x shape (1,1,dim) and handles prefill by repeating ops;
           the table below shows the *effective parameters* passed into cost_model_pim_backend for each op.
[pim-debug] op#00 op=V        norm=v_proj     sh=0  dim=4096  heads=16  hd=128 q_dim=2048  kv_heads=16  kv_dim=2048  o_dim=2048  ffn_dim=5504   seqlen=152    qlen=1   cache=N lat=    0.004ms cycles≈4428
[pim-debug] op#01 op=SV       norm=output     sh=0  dim=4096  heads=16  hd=128 q_dim=2048  kv_heads=16  kv_dim=2048  o_dim=2048  ffn_dim=5504   seqlen=152    qlen=1   cache=N lat=    0.001ms cycles≈1444
[pim-debug] op#02 op=O        norm=wo_proj    sh=1  dim=4096  heads=16  hd=128 q_dim=2048  kv_heads=16  kv_dim=2048  o_dim=2048  ffn_dim=5504   seqlen=152    qlen=1   cache=N lat=    0.004ms cycles≈4062
[pim-debug] op#03 op=FFN_W1   norm=ffn_gate   sh=0  dim=4096  heads=16  hd=128 q_dim=2048  kv_heads=16  kv_dim=2048  o_dim=2048  ffn_dim=5504   seqlen=152    qlen=1   cache=N lat=    0.012ms cycles≈11708
[pim-debug] op#04 op=SwiGLU   norm=silu       sh=0  dim=4096  heads=16  hd=128 q_dim=2048  kv_heads=16  kv_dim=2048  o_dim=2048  ffn_dim=5504   seqlen=152    qlen=1   cache=N lat=    0.001ms cycles≈503
[pim-debug] segment total latency: 0.022 ms
========================================================================================
[pim-debug] segment_key=pim|decode|40|18ae37754a97d1f42b25b2cff77caf3f
[pim-debug] sig: device_type=pim phase=decode step=40 (count_hint=32)
[pim-debug] ops_repr: V:1,SV:1,LN:-1,FFN_W1:1,FFN_W3:1,SwiGLU:1,FFN_W2:0
[pim-debug] cfg: shard_policy='fine' shards=2 dim=4096 ffn_dim=11008 n_heads=32 n_kv_heads=auto->n_heads
[pim-debug] pim_config=/lustre/home/2501111916/workspace/XPUPIM_0226_gpupim_parameter/TriForm/algorithms/aim_simulator/PIM_AiM.json
[pim-debug] ramulator_config=/lustre/home/2501111916/workspace/XPUPIM_0226_gpupim_parameter/TriForm/algorithms/aim_simulator/example.yaml
[pim-debug] cost_model config.PIM_FREQ_GHZ=1.0
[pim-debug] op plan (logical shapes inferred from schedule cfg):
  - op#00  op=V        shard=1   x=[1x4096] + w=[2048x4096]  ->  y=[1x2048]  (T=1, K=596)
  - op#01  op=SV       shard=1   p=[16x1x596] + v=[16x596x128]  ->  y=[16x1x128]  (T=1, K=596)
  - op#02  op=LN       shard=-1  x=[1x4096] + w=[4096]  ->  y=[1x4096]  (T=1, K=596)
  - op#03  op=FFN_W1   shard=1   x=[1x4096] + w=[5504x4096]  ->  y=[1x5504]  (T=1, K=596)
  - op#04  op=FFN_W3   shard=1   x=[1x4096] + w=[5504x4096]  ->  y=[1x5504]  (T=1, K=596)
  - op#05  op=SwiGLU   shard=1   a=[1x5504] + b=[1x5504]  ->  y=[1x5504]  (T=1, K=596)
  - op#06  op=FFN_W2   shard=0   x=[1x5504] + w=[4096x5504]  ->  y=[1x4096]  (T=1, K=596)
[pim-debug] NOTE: CENT(AiM) trace backend internally uses x shape (1,1,dim) and handles prefill by repeating ops;
           the table below shows the *effective parameters* passed into cost_model_pim_backend for each op.
[pim-debug] op#00 op=V        norm=v_proj     sh=1  dim=4096  heads=16  hd=128 q_dim=2048  kv_heads=16  kv_dim=2048  o_dim=2048  ffn_dim=5504   seqlen=596    qlen=1   cache=N lat=    0.004ms cycles≈4428
[pim-debug] op#01 op=SV       norm=output     sh=1  dim=4096  heads=16  hd=128 q_dim=2048  kv_heads=16  kv_dim=2048  o_dim=2048  ffn_dim=5504   seqlen=596    qlen=1   cache=N lat=    0.002ms cycles≈1948
[pim-debug] op#02 op=LN       norm=rmsnorm    sh=-1 dim=4096  heads=32  hd=128 q_dim=4096  kv_heads=32  kv_dim=4096  o_dim=4096  ffn_dim=11008  seqlen=596    qlen=1   cache=N lat=    0.001ms cycles≈1314
[pim-debug] op#03 op=FFN_W1   norm=ffn_gate   sh=1  dim=4096  heads=16  hd=128 q_dim=2048  kv_heads=16  kv_dim=2048  o_dim=2048  ffn_dim=5504   seqlen=596    qlen=1   cache=N lat=    0.012ms cycles≈11708
[pim-debug] op#04 op=FFN_W3   norm=ffn_up     sh=1  dim=4096  heads=16  hd=128 q_dim=2048  kv_heads=16  kv_dim=2048  o_dim=2048  ffn_dim=5504   seqlen=596    qlen=1   cache=N lat=    0.011ms cycles≈10896
[pim-debug] op#05 op=SwiGLU   norm=silu       sh=1  dim=4096  heads=16  hd=128 q_dim=2048  kv_heads=16  kv_dim=2048  o_dim=2048  ffn_dim=5504   seqlen=596    qlen=1   cache=N lat=    0.001ms cycles≈503
[pim-debug] op#06 op=FFN_W2   norm=ffn_down   sh=0  dim=4096  heads=16  hd=128 q_dim=2048  kv_heads=16  kv_dim=2048  o_dim=2048  ffn_dim=5504   seqlen=596    qlen=1   cache=N lat=    0.011ms cycles≈11466
[pim-debug] segment total latency: 0.042 ms
========================================================================================
[pim-debug] segment_key=pim|decode|40|fa8b04eaba988353d76eadc6a01ae0d4
[pim-debug] sig: device_type=pim phase=decode step=40 (count_hint=31)
[pim-debug] ops_repr: LN:-1,V:0,SV:0,O:1,FFN_W1:0,SwiGLU:0
[pim-debug] cfg: shard_policy='fine' shards=2 dim=4096 ffn_dim=11008 n_heads=32 n_kv_heads=auto->n_heads
[pim-debug] pim_config=/lustre/home/2501111916/workspace/XPUPIM_0226_gpupim_parameter/TriForm/algorithms/aim_simulator/PIM_AiM.json
[pim-debug] ramulator_config=/lustre/home/2501111916/workspace/XPUPIM_0226_gpupim_parameter/TriForm/algorithms/aim_simulator/example.yaml
[pim-debug] cost_model config.PIM_FREQ_GHZ=1.0
[pim-debug] op plan (logical shapes inferred from schedule cfg):
  - op#00  op=LN       shard=-1  x=[1x4096] + w=[4096]  ->  y=[1x4096]  (T=1, K=596)
  - op#01  op=V        shard=0   x=[1x4096] + w=[2048x4096]  ->  y=[1x2048]  (T=1, K=596)
  - op#02  op=SV       shard=0   p=[16x1x596] + v=[16x596x128]  ->  y=[16x1x128]  (T=1, K=596)
  - op#03  op=O        shard=1   x=[1x2048] + w=[4096x2048]  ->  y=[1x4096]  (T=1, K=596)
  - op#04  op=FFN_W1   shard=0   x=[1x4096] + w=[5504x4096]  ->  y=[1x5504]  (T=1, K=596)
  - op#05  op=SwiGLU   shard=0   a=[1x5504] + b=[1x5504]  ->  y=[1x5504]  (T=1, K=596)
[pim-debug] NOTE: CENT(AiM) trace backend internally uses x shape (1,1,dim) and handles prefill by repeating ops;
           the table below shows the *effective parameters* passed into cost_model_pim_backend for each op.
[pim-debug] op#00 op=LN       norm=rmsnorm    sh=-1 dim=4096  heads=32  hd=128 q_dim=4096  kv_heads=32  kv_dim=4096  o_dim=4096  ffn_dim=11008  seqlen=596    qlen=1   cache=N lat=    0.001ms cycles≈1314
[pim-debug] op#01 op=V        norm=v_proj     sh=0  dim=4096  heads=16  hd=128 q_dim=2048  kv_heads=16  kv_dim=2048  o_dim=2048  ffn_dim=5504   seqlen=596    qlen=1   cache=N lat=    0.004ms cycles≈4428
[pim-debug] op#02 op=SV       norm=output     sh=0  dim=4096  heads=16  hd=128 q_dim=2048  kv_heads=16  kv_dim=2048  o_dim=2048  ffn_dim=5504   seqlen=596    qlen=1   cache=N lat=    0.002ms cycles≈1948
[pim-debug] op#03 op=O        norm=wo_proj    sh=1  dim=4096  heads=16  hd=128 q_dim=2048  kv_heads=16  kv_dim=2048  o_dim=2048  ffn_dim=5504   seqlen=596    qlen=1   cache=N lat=    0.004ms cycles≈4062
[pim-debug] op#04 op=FFN_W1   norm=ffn_gate   sh=0  dim=4096  heads=16  hd=128 q_dim=2048  kv_heads=16  kv_dim=2048  o_dim=2048  ffn_dim=5504   seqlen=596    qlen=1   cache=N lat=    0.012ms cycles≈11708
[pim-debug] op#05 op=SwiGLU   norm=silu       sh=0  dim=4096  heads=16  hd=128 q_dim=2048  kv_heads=16  kv_dim=2048  o_dim=2048  ffn_dim=5504   seqlen=596    qlen=1   cache=N lat=    0.001ms cycles≈503
[pim-debug] segment total latency: 0.024 ms
========================================================================================
[pim-debug] segment_key=pim|decode|40|fdf6362e664a0dcb3b710140facc51d5
[pim-debug] sig: device_type=pim phase=decode step=40 (count_hint=1)
[pim-debug] ops_repr: V:0,SV:0,O:1,FFN_W1:0,SwiGLU:0
[pim-debug] cfg: shard_policy='fine' shards=2 dim=4096 ffn_dim=11008 n_heads=32 n_kv_heads=auto->n_heads
[pim-debug] pim_config=/lustre/home/2501111916/workspace/XPUPIM_0226_gpupim_parameter/TriForm/algorithms/aim_simulator/PIM_AiM.json
[pim-debug] ramulator_config=/lustre/home/2501111916/workspace/XPUPIM_0226_gpupim_parameter/TriForm/algorithms/aim_simulator/example.yaml
[pim-debug] cost_model config.PIM_FREQ_GHZ=1.0
[pim-debug] op plan (logical shapes inferred from schedule cfg):
  - op#00  op=V        shard=0   x=[1x4096] + w=[2048x4096]  ->  y=[1x2048]  (T=1, K=596)
  - op#01  op=SV       shard=0   p=[16x1x596] + v=[16x596x128]  ->  y=[16x1x128]  (T=1, K=596)
  - op#02  op=O        shard=1   x=[1x2048] + w=[4096x2048]  ->  y=[1x4096]  (T=1, K=596)
  - op#03  op=FFN_W1   shard=0   x=[1x4096] + w=[5504x4096]  ->  y=[1x5504]  (T=1, K=596)
  - op#04  op=SwiGLU   shard=0   a=[1x5504] + b=[1x5504]  ->  y=[1x5504]  (T=1, K=596)
[pim-debug] NOTE: CENT(AiM) trace backend internally uses x shape (1,1,dim) and handles prefill by repeating ops;
           the table below shows the *effective parameters* passed into cost_model_pim_backend for each op.
[pim-debug] op#00 op=V        norm=v_proj     sh=0  dim=4096  heads=16  hd=128 q_dim=2048  kv_heads=16  kv_dim=2048  o_dim=2048  ffn_dim=5504   seqlen=596    qlen=1   cache=N lat=    0.004ms cycles≈4428
[pim-debug] op#01 op=SV       norm=output     sh=0  dim=4096  heads=16  hd=128 q_dim=2048  kv_heads=16  kv_dim=2048  o_dim=2048  ffn_dim=5504   seqlen=596    qlen=1   cache=N lat=    0.002ms cycles≈1948
[pim-debug] op#02 op=O        norm=wo_proj    sh=1  dim=4096  heads=16  hd=128 q_dim=2048  kv_heads=16  kv_dim=2048  o_dim=2048  ffn_dim=5504   seqlen=596    qlen=1   cache=N lat=    0.004ms cycles≈4062
[pim-debug] op#03 op=FFN_W1   norm=ffn_gate   sh=0  dim=4096  heads=16  hd=128 q_dim=2048  kv_heads=16  kv_dim=2048  o_dim=2048  ffn_dim=5504   seqlen=596    qlen=1   cache=N lat=    0.012ms cycles≈11708
[pim-debug] op#04 op=SwiGLU   norm=silu       sh=0  dim=4096  heads=16  hd=128 q_dim=2048  kv_heads=16  kv_dim=2048  o_dim=2048  ffn_dim=5504   seqlen=596    qlen=1   cache=N lat=    0.001ms cycles≈503
[pim-debug] segment total latency: 0.023 ms
========================================================================================
[pim-debug] segment_key=pim|decode|41|18ae37754a97d1f42b25b2cff77caf3f
[pim-debug] sig: device_type=pim phase=decode step=41 (count_hint=32)
[pim-debug] ops_repr: V:1,SV:1,LN:-1,FFN_W1:1,FFN_W3:1,SwiGLU:1,FFN_W2:0
[pim-debug] cfg: shard_policy='fine' shards=2 dim=4096 ffn_dim=11008 n_heads=32 n_kv_heads=auto->n_heads
[pim-debug] pim_config=/lustre/home/2501111916/workspace/XPUPIM_0226_gpupim_parameter/TriForm/algorithms/aim_simulator/PIM_AiM.json
[pim-debug] ramulator_config=/lustre/home/2501111916/workspace/XPUPIM_0226_gpupim_parameter/TriForm/algorithms/aim_simulator/example.yaml
[pim-debug] cost_model config.PIM_FREQ_GHZ=1.0
[pim-debug] op plan (logical shapes inferred from schedule cfg):
  - op#00  op=V        shard=1   x=[1x4096] + w=[2048x4096]  ->  y=[1x2048]  (T=1, K=608)
  - op#01  op=SV       shard=1   p=[16x1x608] + v=[16x608x128]  ->  y=[16x1x128]  (T=1, K=608)
  - op#02  op=LN       shard=-1  x=[1x4096] + w=[4096]  ->  y=[1x4096]  (T=1, K=608)
  - op#03  op=FFN_W1   shard=1   x=[1x4096] + w=[5504x4096]  ->  y=[1x5504]  (T=1, K=608)
  - op#04  op=FFN_W3   shard=1   x=[1x4096] + w=[5504x4096]  ->  y=[1x5504]  (T=1, K=608)
  - op#05  op=SwiGLU   shard=1   a=[1x5504] + b=[1x5504]  ->  y=[1x5504]  (T=1, K=608)
  - op#06  op=FFN_W2   shard=0   x=[1x5504] + w=[4096x5504]  ->  y=[1x4096]  (T=1, K=608)
[pim-debug] NOTE: CENT(AiM) trace backend internally uses x shape (1,1,dim) and handles prefill by repeating ops;
           the table below shows the *effective parameters* passed into cost_model_pim_backend for each op.
[pim-debug] op#00 op=V        norm=v_proj     sh=1  dim=4096  heads=16  hd=128 q_dim=2048  kv_heads=16  kv_dim=2048  o_dim=2048  ffn_dim=5504   seqlen=608    qlen=1   cache=N lat=    0.004ms cycles≈4428
[pim-debug] op#01 op=SV       norm=output     sh=1  dim=4096  heads=16  hd=128 q_dim=2048  kv_heads=16  kv_dim=2048  o_dim=2048  ffn_dim=5504   seqlen=608    qlen=1   cache=N lat=    0.002ms cycles≈1948
[pim-debug] op#02 op=LN       norm=rmsnorm    sh=-1 dim=4096  heads=32  hd=128 q_dim=4096  kv_heads=32  kv_dim=4096  o_dim=4096  ffn_dim=11008  seqlen=608    qlen=1   cache=N lat=    0.001ms cycles≈1314
[pim-debug] op#03 op=FFN_W1   norm=ffn_gate   sh=1  dim=4096  heads=16  hd=128 q_dim=2048  kv_heads=16  kv_dim=2048  o_dim=2048  ffn_dim=5504   seqlen=608    qlen=1   cache=N lat=    0.012ms cycles≈11708
[pim-debug] op#04 op=FFN_W3   norm=ffn_up     sh=1  dim=4096  heads=16  hd=128 q_dim=2048  kv_heads=16  kv_dim=2048  o_dim=2048  ffn_dim=5504   seqlen=608    qlen=1   cache=N lat=    0.011ms cycles≈10896
[pim-debug] op#05 op=SwiGLU   norm=silu       sh=1  dim=4096  heads=16  hd=128 q_dim=2048  kv_heads=16  kv_dim=2048  o_dim=2048  ffn_dim=5504   seqlen=608    qlen=1   cache=N lat=    0.001ms cycles≈503
[pim-debug] op#06 op=FFN_W2   norm=ffn_down   sh=0  dim=4096  heads=16  hd=128 q_dim=2048  kv_heads=16  kv_dim=2048  o_dim=2048  ffn_dim=5504   seqlen=608    qlen=1   cache=N lat=    0.011ms cycles≈11466
[pim-debug] segment total latency: 0.042 ms
========================================================================================
[pim-debug] segment_key=pim|decode|41|fa8b04eaba988353d76eadc6a01ae0d4
[pim-debug] sig: device_type=pim phase=decode step=41 (count_hint=31)
[pim-debug] ops_repr: LN:-1,V:0,SV:0,O:1,FFN_W1:0,SwiGLU:0
[pim-debug] cfg: shard_policy='fine' shards=2 dim=4096 ffn_dim=11008 n_heads=32 n_kv_heads=auto->n_heads
[pim-debug] pim_config=/lustre/home/2501111916/workspace/XPUPIM_0226_gpupim_parameter/TriForm/algorithms/aim_simulator/PIM_AiM.json
[pim-debug] ramulator_config=/lustre/home/2501111916/workspace/XPUPIM_0226_gpupim_parameter/TriForm/algorithms/aim_simulator/example.yaml
[pim-debug] cost_model config.PIM_FREQ_GHZ=1.0
[pim-debug] op plan (logical shapes inferred from schedule cfg):
  - op#00  op=LN       shard=-1  x=[1x4096] + w=[4096]  ->  y=[1x4096]  (T=1, K=608)
  - op#01  op=V        shard=0   x=[1x4096] + w=[2048x4096]  ->  y=[1x2048]  (T=1, K=608)
  - op#02  op=SV       shard=0   p=[16x1x608] + v=[16x608x128]  ->  y=[16x1x128]  (T=1, K=608)
  - op#03  op=O        shard=1   x=[1x2048] + w=[4096x2048]  ->  y=[1x4096]  (T=1, K=608)
  - op#04  op=FFN_W1   shard=0   x=[1x4096] + w=[5504x4096]  ->  y=[1x5504]  (T=1, K=608)
  - op#05  op=SwiGLU   shard=0   a=[1x5504] + b=[1x5504]  ->  y=[1x5504]  (T=1, K=608)
[pim-debug] NOTE: CENT(AiM) trace backend internally uses x shape (1,1,dim) and handles prefill by repeating ops;
           the table below shows the *effective parameters* passed into cost_model_pim_backend for each op.
[pim-debug] op#00 op=LN       norm=rmsnorm    sh=-1 dim=4096  heads=32  hd=128 q_dim=4096  kv_heads=32  kv_dim=4096  o_dim=4096  ffn_dim=11008  seqlen=608    qlen=1   cache=N lat=    0.001ms cycles≈1314
[pim-debug] op#01 op=V        norm=v_proj     sh=0  dim=4096  heads=16  hd=128 q_dim=2048  kv_heads=16  kv_dim=2048  o_dim=2048  ffn_dim=5504   seqlen=608    qlen=1   cache=N lat=    0.004ms cycles≈4428
[pim-debug] op#02 op=SV       norm=output     sh=0  dim=4096  heads=16  hd=128 q_dim=2048  kv_heads=16  kv_dim=2048  o_dim=2048  ffn_dim=5504   seqlen=608    qlen=1   cache=N lat=    0.002ms cycles≈1948
[pim-debug] op#03 op=O        norm=wo_proj    sh=1  dim=4096  heads=16  hd=128 q_dim=2048  kv_heads=16  kv_dim=2048  o_dim=2048  ffn_dim=5504   seqlen=608    qlen=1   cache=N lat=    0.004ms cycles≈4062
[pim-debug] op#04 op=FFN_W1   norm=ffn_gate   sh=0  dim=4096  heads=16  hd=128 q_dim=2048  kv_heads=16  kv_dim=2048  o_dim=2048  ffn_dim=5504   seqlen=608    qlen=1   cache=N lat=    0.012ms cycles≈11708
[pim-debug] op#05 op=SwiGLU   norm=silu       sh=0  dim=4096  heads=16  hd=128 q_dim=2048  kv_heads=16  kv_dim=2048  o_dim=2048  ffn_dim=5504   seqlen=608    qlen=1   cache=N lat=    0.001ms cycles≈503
[pim-debug] segment total latency: 0.024 ms
========================================================================================
[pim-debug] segment_key=pim|decode|41|fdf6362e664a0dcb3b710140facc51d5
[pim-debug] sig: device_type=pim phase=decode step=41 (count_hint=1)
[pim-debug] ops_repr: V:0,SV:0,O:1,FFN_W1:0,SwiGLU:0
[pim-debug] cfg: shard_policy='fine' shards=2 dim=4096 ffn_dim=11008 n_heads=32 n_kv_heads=auto->n_heads
[pim-debug] pim_config=/lustre/home/2501111916/workspace/XPUPIM_0226_gpupim_parameter/TriForm/algorithms/aim_simulator/PIM_AiM.json
[pim-debug] ramulator_config=/lustre/home/2501111916/workspace/XPUPIM_0226_gpupim_parameter/TriForm/algorithms/aim_simulator/example.yaml
[pim-debug] cost_model config.PIM_FREQ_GHZ=1.0
[pim-debug] op plan (logical shapes inferred from schedule cfg):
  - op#00  op=V        shard=0   x=[1x4096] + w=[2048x4096]  ->  y=[1x2048]  (T=1, K=608)
  - op#01  op=SV       shard=0   p=[16x1x608] + v=[16x608x128]  ->  y=[16x1x128]  (T=1, K=608)
  - op#02  op=O        shard=1   x=[1x2048] + w=[4096x2048]  ->  y=[1x4096]  (T=1, K=608)
  - op#03  op=FFN_W1   shard=0   x=[1x4096] + w=[5504x4096]  ->  y=[1x5504]  (T=1, K=608)
  - op#04  op=SwiGLU   shard=0   a=[1x5504] + b=[1x5504]  ->  y=[1x5504]  (T=1, K=608)
[pim-debug] NOTE: CENT(AiM) trace backend internally uses x shape (1,1,dim) and handles prefill by repeating ops;
           the table below shows the *effective parameters* passed into cost_model_pim_backend for each op.
[pim-debug] op#00 op=V        norm=v_proj     sh=0  dim=4096  heads=16  hd=128 q_dim=2048  kv_heads=16  kv_dim=2048  o_dim=2048  ffn_dim=5504   seqlen=608    qlen=1   cache=N lat=    0.004ms cycles≈4428
[pim-debug] op#01 op=SV       norm=output     sh=0  dim=4096  heads=16  hd=128 q_dim=2048  kv_heads=16  kv_dim=2048  o_dim=2048  ffn_dim=5504   seqlen=608    qlen=1   cache=N lat=    0.002ms cycles≈1948
[pim-debug] op#02 op=O        norm=wo_proj    sh=1  dim=4096  heads=16  hd=128 q_dim=2048  kv_heads=16  kv_dim=2048  o_dim=2048  ffn_dim=5504   seqlen=608    qlen=1   cache=N lat=    0.004ms cycles≈4062
[pim-debug] op#03 op=FFN_W1   norm=ffn_gate   sh=0  dim=4096  heads=16  hd=128 q_dim=2048  kv_heads=16  kv_dim=2048  o_dim=2048  ffn_dim=5504   seqlen=608    qlen=1   cache=N lat=    0.012ms cycles≈11708
[pim-debug] op#04 op=SwiGLU   norm=silu       sh=0  dim=4096  heads=16  hd=128 q_dim=2048  kv_heads=16  kv_dim=2048  o_dim=2048  ffn_dim=5504   seqlen=608    qlen=1   cache=N lat=    0.001ms cycles≈503
[pim-debug] segment total latency: 0.023 ms
========================================================================================
[pim-debug] segment_key=pim|decode|42|18ae37754a97d1f42b25b2cff77caf3f
[pim-debug] sig: device_type=pim phase=decode step=42 (count_hint=32)
[pim-debug] ops_repr: V:1,SV:1,LN:-1,FFN_W1:1,FFN_W3:1,SwiGLU:1,FFN_W2:0
[pim-debug] cfg: shard_policy='fine' shards=2 dim=4096 ffn_dim=11008 n_heads=32 n_kv_heads=auto->n_heads
[pim-debug] pim_config=/lustre/home/2501111916/workspace/XPUPIM_0226_gpupim_parameter/TriForm/algorithms/aim_simulator/PIM_AiM.json
[pim-debug] ramulator_config=/lustre/home/2501111916/workspace/XPUPIM_0226_gpupim_parameter/TriForm/algorithms/aim_simulator/example.yaml
[pim-debug] cost_model config.PIM_FREQ_GHZ=1.0
[pim-debug] op plan (logical shapes inferred from schedule cfg):
  - op#00  op=V        shard=1   x=[1x4096] + w=[2048x4096]  ->  y=[1x2048]  (T=1, K=620)
  - op#01  op=SV       shard=1   p=[16x1x620] + v=[16x620x128]  ->  y=[16x1x128]  (T=1, K=620)
  - op#02  op=LN       shard=-1  x=[1x4096] + w=[4096]  ->  y=[1x4096]  (T=1, K=620)
  - op#03  op=FFN_W1   shard=1   x=[1x4096] + w=[5504x4096]  ->  y=[1x5504]  (T=1, K=620)
  - op#04  op=FFN_W3   shard=1   x=[1x4096] + w=[5504x4096]  ->  y=[1x5504]  (T=1, K=620)
  - op#05  op=SwiGLU   shard=1   a=[1x5504] + b=[1x5504]  ->  y=[1x5504]  (T=1, K=620)
  - op#06  op=FFN_W2   shard=0   x=[1x5504] + w=[4096x5504]  ->  y=[1x4096]  (T=1, K=620)
[pim-debug] NOTE: CENT(AiM) trace backend internally uses x shape (1,1,dim) and handles prefill by repeating ops;
           the table below shows the *effective parameters* passed into cost_model_pim_backend for each op.
[pim-debug] op#00 op=V        norm=v_proj     sh=1  dim=4096  heads=16  hd=128 q_dim=2048  kv_heads=16  kv_dim=2048  o_dim=2048  ffn_dim=5504   seqlen=620    qlen=1   cache=N lat=    0.004ms cycles≈4428
[pim-debug] op#01 op=SV       norm=output     sh=1  dim=4096  heads=16  hd=128 q_dim=2048  kv_heads=16  kv_dim=2048  o_dim=2048  ffn_dim=5504   seqlen=620    qlen=1   cache=N lat=    0.002ms cycles≈1966
[pim-debug] op#02 op=LN       norm=rmsnorm    sh=-1 dim=4096  heads=32  hd=128 q_dim=4096  kv_heads=32  kv_dim=4096  o_dim=4096  ffn_dim=11008  seqlen=620    qlen=1   cache=N lat=    0.001ms cycles≈1314
[pim-debug] op#03 op=FFN_W1   norm=ffn_gate   sh=1  dim=4096  heads=16  hd=128 q_dim=2048  kv_heads=16  kv_dim=2048  o_dim=2048  ffn_dim=5504   seqlen=620    qlen=1   cache=N lat=    0.012ms cycles≈11708
[pim-debug] op#04 op=FFN_W3   norm=ffn_up     sh=1  dim=4096  heads=16  hd=128 q_dim=2048  kv_heads=16  kv_dim=2048  o_dim=2048  ffn_dim=5504   seqlen=620    qlen=1   cache=N lat=    0.011ms cycles≈10896
[pim-debug] op#05 op=SwiGLU   norm=silu       sh=1  dim=4096  heads=16  hd=128 q_dim=2048  kv_heads=16  kv_dim=2048  o_dim=2048  ffn_dim=5504   seqlen=620    qlen=1   cache=N lat=    0.001ms cycles≈503
[pim-debug] op#06 op=FFN_W2   norm=ffn_down   sh=0  dim=4096  heads=16  hd=128 q_dim=2048  kv_heads=16  kv_dim=2048  o_dim=2048  ffn_dim=5504   seqlen=620    qlen=1   cache=N lat=    0.011ms cycles≈11466
[pim-debug] segment total latency: 0.042 ms
========================================================================================
[pim-debug] segment_key=pim|decode|42|fa8b04eaba988353d76eadc6a01ae0d4
[pim-debug] sig: device_type=pim phase=decode step=42 (count_hint=31)
[pim-debug] ops_repr: LN:-1,V:0,SV:0,O:1,FFN_W1:0,SwiGLU:0
[pim-debug] cfg: shard_policy='fine' shards=2 dim=4096 ffn_dim=11008 n_heads=32 n_kv_heads=auto->n_heads
[pim-debug] pim_config=/lustre/home/2501111916/workspace/XPUPIM_0226_gpupim_parameter/TriForm/algorithms/aim_simulator/PIM_AiM.json
[pim-debug] ramulator_config=/lustre/home/2501111916/workspace/XPUPIM_0226_gpupim_parameter/TriForm/algorithms/aim_simulator/example.yaml
[pim-debug] cost_model config.PIM_FREQ_GHZ=1.0
[pim-debug] op plan (logical shapes inferred from schedule cfg):
  - op#00  op=LN       shard=-1  x=[1x4096] + w=[4096]  ->  y=[1x4096]  (T=1, K=620)
  - op#01  op=V        shard=0   x=[1x4096] + w=[2048x4096]  ->  y=[1x2048]  (T=1, K=620)
  - op#02  op=SV       shard=0   p=[16x1x620] + v=[16x620x128]  ->  y=[16x1x128]  (T=1, K=620)
  - op#03  op=O        shard=1   x=[1x2048] + w=[4096x2048]  ->  y=[1x4096]  (T=1, K=620)
  - op#04  op=FFN_W1   shard=0   x=[1x4096] + w=[5504x4096]  ->  y=[1x5504]  (T=1, K=620)
  - op#05  op=SwiGLU   shard=0   a=[1x5504] + b=[1x5504]  ->  y=[1x5504]  (T=1, K=620)
[pim-debug] NOTE: CENT(AiM) trace backend internally uses x shape (1,1,dim) and handles prefill by repeating ops;
           the table below shows the *effective parameters* passed into cost_model_pim_backend for each op.
[pim-debug] op#00 op=LN       norm=rmsnorm    sh=-1 dim=4096  heads=32  hd=128 q_dim=4096  kv_heads=32  kv_dim=4096  o_dim=4096  ffn_dim=11008  seqlen=620    qlen=1   cache=N lat=    0.001ms cycles≈1314
[pim-debug] op#01 op=V        norm=v_proj     sh=0  dim=4096  heads=16  hd=128 q_dim=2048  kv_heads=16  kv_dim=2048  o_dim=2048  ffn_dim=5504   seqlen=620    qlen=1   cache=N lat=    0.004ms cycles≈4428
[pim-debug] op#02 op=SV       norm=output     sh=0  dim=4096  heads=16  hd=128 q_dim=2048  kv_heads=16  kv_dim=2048  o_dim=2048  ffn_dim=5504   seqlen=620    qlen=1   cache=N lat=    0.002ms cycles≈1966
[pim-debug] op#03 op=O        norm=wo_proj    sh=1  dim=4096  heads=16  hd=128 q_dim=2048  kv_heads=16  kv_dim=2048  o_dim=2048  ffn_dim=5504   seqlen=620    qlen=1   cache=N lat=    0.004ms cycles≈4062
[pim-debug] op#04 op=FFN_W1   norm=ffn_gate   sh=0  dim=4096  heads=16  hd=128 q_dim=2048  kv_heads=16  kv_dim=2048  o_dim=2048  ffn_dim=5504   seqlen=620    qlen=1   cache=N lat=    0.012ms cycles≈11708
[pim-debug] op#05 op=SwiGLU   norm=silu       sh=0  dim=4096  heads=16  hd=128 q_dim=2048  kv_heads=16  kv_dim=2048  o_dim=2048  ffn_dim=5504   seqlen=620    qlen=1   cache=N lat=    0.001ms cycles≈503
[pim-debug] segment total latency: 0.024 ms
========================================================================================
[pim-debug] segment_key=pim|decode|42|fdf6362e664a0dcb3b710140facc51d5
[pim-debug] sig: device_type=pim phase=decode step=42 (count_hint=1)
[pim-debug] ops_repr: V:0,SV:0,O:1,FFN_W1:0,SwiGLU:0
[pim-debug] cfg: shard_policy='fine' shards=2 dim=4096 ffn_dim=11008 n_heads=32 n_kv_heads=auto->n_heads
[pim-debug] pim_config=/lustre/home/2501111916/workspace/XPUPIM_0226_gpupim_parameter/TriForm/algorithms/aim_simulator/PIM_AiM.json
[pim-debug] ramulator_config=/lustre/home/2501111916/workspace/XPUPIM_0226_gpupim_parameter/TriForm/algorithms/aim_simulator/example.yaml
[pim-debug] cost_model config.PIM_FREQ_GHZ=1.0
[pim-debug] op plan (logical shapes inferred from schedule cfg):
  - op#00  op=V        shard=0   x=[1x4096] + w=[2048x4096]  ->  y=[1x2048]  (T=1, K=620)
  - op#01  op=SV       shard=0   p=[16x1x620] + v=[16x620x128]  ->  y=[16x1x128]  (T=1, K=620)
  - op#02  op=O        shard=1   x=[1x2048] + w=[4096x2048]  ->  y=[1x4096]  (T=1, K=620)
  - op#03  op=FFN_W1   shard=0   x=[1x4096] + w=[5504x4096]  ->  y=[1x5504]  (T=1, K=620)
  - op#04  op=SwiGLU   shard=0   a=[1x5504] + b=[1x5504]  ->  y=[1x5504]  (T=1, K=620)
[pim-debug] NOTE: CENT(AiM) trace backend internally uses x shape (1,1,dim) and handles prefill by repeating ops;
           the table below shows the *effective parameters* passed into cost_model_pim_backend for each op.
[pim-debug] op#00 op=V        norm=v_proj     sh=0  dim=4096  heads=16  hd=128 q_dim=2048  kv_heads=16  kv_dim=2048  o_dim=2048  ffn_dim=5504   seqlen=620    qlen=1   cache=N lat=    0.004ms cycles≈4428
[pim-debug] op#01 op=SV       norm=output     sh=0  dim=4096  heads=16  hd=128 q_dim=2048  kv_heads=16  kv_dim=2048  o_dim=2048  ffn_dim=5504   seqlen=620    qlen=1   cache=N lat=    0.002ms cycles≈1966
[pim-debug] op#02 op=O        norm=wo_proj    sh=1  dim=4096  heads=16  hd=128 q_dim=2048  kv_heads=16  kv_dim=2048  o_dim=2048  ffn_dim=5504   seqlen=620    qlen=1   cache=N lat=    0.004ms cycles≈4062
[pim-debug] op#03 op=FFN_W1   norm=ffn_gate   sh=0  dim=4096  heads=16  hd=128 q_dim=2048  kv_heads=16  kv_dim=2048  o_dim=2048  ffn_dim=5504   seqlen=620    qlen=1   cache=N lat=    0.012ms cycles≈11708
[pim-debug] op#04 op=SwiGLU   norm=silu       sh=0  dim=4096  heads=16  hd=128 q_dim=2048  kv_heads=16  kv_dim=2048  o_dim=2048  ffn_dim=5504   seqlen=620    qlen=1   cache=N lat=    0.001ms cycles≈503
[pim-debug] segment total latency: 0.023 ms
========================================================================================
[pim-debug] segment_key=pim|decode|43|18ae37754a97d1f42b25b2cff77caf3f
[pim-debug] sig: device_type=pim phase=decode step=43 (count_hint=32)
[pim-debug] ops_repr: V:1,SV:1,LN:-1,FFN_W1:1,FFN_W3:1,SwiGLU:1,FFN_W2:0
[pim-debug] cfg: shard_policy='fine' shards=2 dim=4096 ffn_dim=11008 n_heads=32 n_kv_heads=auto->n_heads
[pim-debug] pim_config=/lustre/home/2501111916/workspace/XPUPIM_0226_gpupim_parameter/TriForm/algorithms/aim_simulator/PIM_AiM.json
[pim-debug] ramulator_config=/lustre/home/2501111916/workspace/XPUPIM_0226_gpupim_parameter/TriForm/algorithms/aim_simulator/example.yaml
[pim-debug] cost_model config.PIM_FREQ_GHZ=1.0
[pim-debug] op plan (logical shapes inferred from schedule cfg):
  - op#00  op=V        shard=1   x=[1x4096] + w=[2048x4096]  ->  y=[1x2048]  (T=1, K=632)
  - op#01  op=SV       shard=1   p=[16x1x632] + v=[16x632x128]  ->  y=[16x1x128]  (T=1, K=632)
  - op#02  op=LN       shard=-1  x=[1x4096] + w=[4096]  ->  y=[1x4096]  (T=1, K=632)
  - op#03  op=FFN_W1   shard=1   x=[1x4096] + w=[5504x4096]  ->  y=[1x5504]  (T=1, K=632)
  - op#04  op=FFN_W3   shard=1   x=[1x4096] + w=[5504x4096]  ->  y=[1x5504]  (T=1, K=632)
  - op#05  op=SwiGLU   shard=1   a=[1x5504] + b=[1x5504]  ->  y=[1x5504]  (T=1, K=632)
  - op#06  op=FFN_W2   shard=0   x=[1x5504] + w=[4096x5504]  ->  y=[1x4096]  (T=1, K=632)
[pim-debug] NOTE: CENT(AiM) trace backend internally uses x shape (1,1,dim) and handles prefill by repeating ops;
           the table below shows the *effective parameters* passed into cost_model_pim_backend for each op.
[pim-debug] op#00 op=V        norm=v_proj     sh=1  dim=4096  heads=16  hd=128 q_dim=2048  kv_heads=16  kv_dim=2048  o_dim=2048  ffn_dim=5504   seqlen=632    qlen=1   cache=N lat=    0.004ms cycles≈4428
[pim-debug] op#01 op=SV       norm=output     sh=1  dim=4096  heads=16  hd=128 q_dim=2048  kv_heads=16  kv_dim=2048  o_dim=2048  ffn_dim=5504   seqlen=632    qlen=1   cache=N lat=    0.002ms cycles≈1984
[pim-debug] op#02 op=LN       norm=rmsnorm    sh=-1 dim=4096  heads=32  hd=128 q_dim=4096  kv_heads=32  kv_dim=4096  o_dim=4096  ffn_dim=11008  seqlen=632    qlen=1   cache=N lat=    0.001ms cycles≈1314
[pim-debug] op#03 op=FFN_W1   norm=ffn_gate   sh=1  dim=4096  heads=16  hd=128 q_dim=2048  kv_heads=16  kv_dim=2048  o_dim=2048  ffn_dim=5504   seqlen=632    qlen=1   cache=N lat=    0.012ms cycles≈11708
[pim-debug] op#04 op=FFN_W3   norm=ffn_up     sh=1  dim=4096  heads=16  hd=128 q_dim=2048  kv_heads=16  kv_dim=2048  o_dim=2048  ffn_dim=5504   seqlen=632    qlen=1   cache=N lat=    0.011ms cycles≈10896
[pim-debug] op#05 op=SwiGLU   norm=silu       sh=1  dim=4096  heads=16  hd=128 q_dim=2048  kv_heads=16  kv_dim=2048  o_dim=2048  ffn_dim=5504   seqlen=632    qlen=1   cache=N lat=    0.001ms cycles≈503
[pim-debug] op#06 op=FFN_W2   norm=ffn_down   sh=0  dim=4096  heads=16  hd=128 q_dim=2048  kv_heads=16  kv_dim=2048  o_dim=2048  ffn_dim=5504   seqlen=632    qlen=1   cache=N lat=    0.011ms cycles≈11466
[pim-debug] segment total latency: 0.042 ms
========================================================================================
[pim-debug] segment_key=pim|decode|43|fa8b04eaba988353d76eadc6a01ae0d4
[pim-debug] sig: device_type=pim phase=decode step=43 (count_hint=31)
[pim-debug] ops_repr: LN:-1,V:0,SV:0,O:1,FFN_W1:0,SwiGLU:0
[pim-debug] cfg: shard_policy='fine' shards=2 dim=4096 ffn_dim=11008 n_heads=32 n_kv_heads=auto->n_heads
[pim-debug] pim_config=/lustre/home/2501111916/workspace/XPUPIM_0226_gpupim_parameter/TriForm/algorithms/aim_simulator/PIM_AiM.json
[pim-debug] ramulator_config=/lustre/home/2501111916/workspace/XPUPIM_0226_gpupim_parameter/TriForm/algorithms/aim_simulator/example.yaml
[pim-debug] cost_model config.PIM_FREQ_GHZ=1.0
[pim-debug] op plan (logical shapes inferred from schedule cfg):
  - op#00  op=LN       shard=-1  x=[1x4096] + w=[4096]  ->  y=[1x4096]  (T=1, K=632)
  - op#01  op=V        shard=0   x=[1x4096] + w=[2048x4096]  ->  y=[1x2048]  (T=1, K=632)
  - op#02  op=SV       shard=0   p=[16x1x632] + v=[16x632x128]  ->  y=[16x1x128]  (T=1, K=632)
  - op#03  op=O        shard=1   x=[1x2048] + w=[4096x2048]  ->  y=[1x4096]  (T=1, K=632)
  - op#04  op=FFN_W1   shard=0   x=[1x4096] + w=[5504x4096]  ->  y=[1x5504]  (T=1, K=632)
  - op#05  op=SwiGLU   shard=0   a=[1x5504] + b=[1x5504]  ->  y=[1x5504]  (T=1, K=632)
[pim-debug] NOTE: CENT(AiM) trace backend internally uses x shape (1,1,dim) and handles prefill by repeating ops;
           the table below shows the *effective parameters* passed into cost_model_pim_backend for each op.
[pim-debug] op#00 op=LN       norm=rmsnorm    sh=-1 dim=4096  heads=32  hd=128 q_dim=4096  kv_heads=32  kv_dim=4096  o_dim=4096  ffn_dim=11008  seqlen=632    qlen=1   cache=N lat=    0.001ms cycles≈1314
[pim-debug] op#01 op=V        norm=v_proj     sh=0  dim=4096  heads=16  hd=128 q_dim=2048  kv_heads=16  kv_dim=2048  o_dim=2048  ffn_dim=5504   seqlen=632    qlen=1   cache=N lat=    0.004ms cycles≈4428
[pim-debug] op#02 op=SV       norm=output     sh=0  dim=4096  heads=16  hd=128 q_dim=2048  kv_heads=16  kv_dim=2048  o_dim=2048  ffn_dim=5504   seqlen=632    qlen=1   cache=N lat=    0.002ms cycles≈1984
[pim-debug] op#03 op=O        norm=wo_proj    sh=1  dim=4096  heads=16  hd=128 q_dim=2048  kv_heads=16  kv_dim=2048  o_dim=2048  ffn_dim=5504   seqlen=632    qlen=1   cache=N lat=    0.004ms cycles≈4062
[pim-debug] op#04 op=FFN_W1   norm=ffn_gate   sh=0  dim=4096  heads=16  hd=128 q_dim=2048  kv_heads=16  kv_dim=2048  o_dim=2048  ffn_dim=5504   seqlen=632    qlen=1   cache=N lat=    0.012ms cycles≈11708
[pim-debug] op#05 op=SwiGLU   norm=silu       sh=0  dim=4096  heads=16  hd=128 q_dim=2048  kv_heads=16  kv_dim=2048  o_dim=2048  ffn_dim=5504   seqlen=632    qlen=1   cache=N lat=    0.001ms cycles≈503
[pim-debug] segment total latency: 0.024 ms
========================================================================================
[pim-debug] segment_key=pim|decode|43|fdf6362e664a0dcb3b710140facc51d5
[pim-debug] sig: device_type=pim phase=decode step=43 (count_hint=1)
[pim-debug] ops_repr: V:0,SV:0,O:1,FFN_W1:0,SwiGLU:0
[pim-debug] cfg: shard_policy='fine' shards=2 dim=4096 ffn_dim=11008 n_heads=32 n_kv_heads=auto->n_heads
[pim-debug] pim_config=/lustre/home/2501111916/workspace/XPUPIM_0226_gpupim_parameter/TriForm/algorithms/aim_simulator/PIM_AiM.json
[pim-debug] ramulator_config=/lustre/home/2501111916/workspace/XPUPIM_0226_gpupim_parameter/TriForm/algorithms/aim_simulator/example.yaml
[pim-debug] cost_model config.PIM_FREQ_GHZ=1.0
[pim-debug] op plan (logical shapes inferred from schedule cfg):
  - op#00  op=V        shard=0   x=[1x4096] + w=[2048x4096]  ->  y=[1x2048]  (T=1, K=632)
  - op#01  op=SV       shard=0   p=[16x1x632] + v=[16x632x128]  ->  y=[16x1x128]  (T=1, K=632)
  - op#02  op=O        shard=1   x=[1x2048] + w=[4096x2048]  ->  y=[1x4096]  (T=1, K=632)
  - op#03  op=FFN_W1   shard=0   x=[1x4096] + w=[5504x4096]  ->  y=[1x5504]  (T=1, K=632)
  - op#04  op=SwiGLU   shard=0   a=[1x5504] + b=[1x5504]  ->  y=[1x5504]  (T=1, K=632)
[pim-debug] NOTE: CENT(AiM) trace backend internally uses x shape (1,1,dim) and handles prefill by repeating ops;
           the table below shows the *effective parameters* passed into cost_model_pim_backend for each op.
[pim-debug] op#00 op=V        norm=v_proj     sh=0  dim=4096  heads=16  hd=128 q_dim=2048  kv_heads=16  kv_dim=2048  o_dim=2048  ffn_dim=5504   seqlen=632    qlen=1   cache=N lat=    0.004ms cycles≈4428
[pim-debug] op#01 op=SV       norm=output     sh=0  dim=4096  heads=16  hd=128 q_dim=2048  kv_heads=16  kv_dim=2048  o_dim=2048  ffn_dim=5504   seqlen=632    qlen=1   cache=N lat=    0.002ms cycles≈1984
[pim-debug] op#02 op=O        norm=wo_proj    sh=1  dim=4096  heads=16  hd=128 q_dim=2048  kv_heads=16  kv_dim=2048  o_dim=2048  ffn_dim=5504   seqlen=632    qlen=1   cache=N lat=    0.004ms cycles≈4062
[pim-debug] op#03 op=FFN_W1   norm=ffn_gate   sh=0  dim=4096  heads=16  hd=128 q_dim=2048  kv_heads=16  kv_dim=2048  o_dim=2048  ffn_dim=5504   seqlen=632    qlen=1   cache=N lat=    0.012ms cycles≈11708
[pim-debug] op#04 op=SwiGLU   norm=silu       sh=0  dim=4096  heads=16  hd=128 q_dim=2048  kv_heads=16  kv_dim=2048  o_dim=2048  ffn_dim=5504   seqlen=632    qlen=1   cache=N lat=    0.001ms cycles≈503
[pim-debug] segment total latency: 0.023 ms
========================================================================================
[pim-debug] segment_key=pim|decode|44|18ae37754a97d1f42b25b2cff77caf3f
[pim-debug] sig: device_type=pim phase=decode step=44 (count_hint=32)
[pim-debug] ops_repr: V:1,SV:1,LN:-1,FFN_W1:1,FFN_W3:1,SwiGLU:1,FFN_W2:0
[pim-debug] cfg: shard_policy='fine' shards=2 dim=4096 ffn_dim=11008 n_heads=32 n_kv_heads=auto->n_heads
[pim-debug] pim_config=/lustre/home/2501111916/workspace/XPUPIM_0226_gpupim_parameter/TriForm/algorithms/aim_simulator/PIM_AiM.json
[pim-debug] ramulator_config=/lustre/home/2501111916/workspace/XPUPIM_0226_gpupim_parameter/TriForm/algorithms/aim_simulator/example.yaml
[pim-debug] cost_model config.PIM_FREQ_GHZ=1.0
[pim-debug] op plan (logical shapes inferred from schedule cfg):
  - op#00  op=V        shard=1   x=[1x4096] + w=[2048x4096]  ->  y=[1x2048]  (T=1, K=644)
  - op#01  op=SV       shard=1   p=[16x1x644] + v=[16x644x128]  ->  y=[16x1x128]  (T=1, K=644)
  - op#02  op=LN       shard=-1  x=[1x4096] + w=[4096]  ->  y=[1x4096]  (T=1, K=644)
  - op#03  op=FFN_W1   shard=1   x=[1x4096] + w=[5504x4096]  ->  y=[1x5504]  (T=1, K=644)
  - op#04  op=FFN_W3   shard=1   x=[1x4096] + w=[5504x4096]  ->  y=[1x5504]  (T=1, K=644)
  - op#05  op=SwiGLU   shard=1   a=[1x5504] + b=[1x5504]  ->  y=[1x5504]  (T=1, K=644)
  - op#06  op=FFN_W2   shard=0   x=[1x5504] + w=[4096x5504]  ->  y=[1x4096]  (T=1, K=644)
[pim-debug] NOTE: CENT(AiM) trace backend internally uses x shape (1,1,dim) and handles prefill by repeating ops;
           the table below shows the *effective parameters* passed into cost_model_pim_backend for each op.
[pim-debug] op#00 op=V        norm=v_proj     sh=1  dim=4096  heads=16  hd=128 q_dim=2048  kv_heads=16  kv_dim=2048  o_dim=2048  ffn_dim=5504   seqlen=644    qlen=1   cache=N lat=    0.004ms cycles≈4428
[pim-debug] op#01 op=SV       norm=output     sh=1  dim=4096  heads=16  hd=128 q_dim=2048  kv_heads=16  kv_dim=2048  o_dim=2048  ffn_dim=5504   seqlen=644    qlen=1   cache=N lat=    0.002ms cycles≈2002
[pim-debug] op#02 op=LN       norm=rmsnorm    sh=-1 dim=4096  heads=32  hd=128 q_dim=4096  kv_heads=32  kv_dim=4096  o_dim=4096  ffn_dim=11008  seqlen=644    qlen=1   cache=N lat=    0.001ms cycles≈1314
[pim-debug] op#03 op=FFN_W1   norm=ffn_gate   sh=1  dim=4096  heads=16  hd=128 q_dim=2048  kv_heads=16  kv_dim=2048  o_dim=2048  ffn_dim=5504   seqlen=644    qlen=1   cache=N lat=    0.012ms cycles≈11708
[pim-debug] op#04 op=FFN_W3   norm=ffn_up     sh=1  dim=4096  heads=16  hd=128 q_dim=2048  kv_heads=16  kv_dim=2048  o_dim=2048  ffn_dim=5504   seqlen=644    qlen=1   cache=N lat=    0.011ms cycles≈10896
[pim-debug] op#05 op=SwiGLU   norm=silu       sh=1  dim=4096  heads=16  hd=128 q_dim=2048  kv_heads=16  kv_dim=2048  o_dim=2048  ffn_dim=5504   seqlen=644    qlen=1   cache=N lat=    0.001ms cycles≈503
[pim-debug] op#06 op=FFN_W2   norm=ffn_down   sh=0  dim=4096  heads=16  hd=128 q_dim=2048  kv_heads=16  kv_dim=2048  o_dim=2048  ffn_dim=5504   seqlen=644    qlen=1   cache=N lat=    0.011ms cycles≈11466
[pim-debug] segment total latency: 0.042 ms
========================================================================================
[pim-debug] segment_key=pim|decode|44|fa8b04eaba988353d76eadc6a01ae0d4
[pim-debug] sig: device_type=pim phase=decode step=44 (count_hint=31)
[pim-debug] ops_repr: LN:-1,V:0,SV:0,O:1,FFN_W1:0,SwiGLU:0
[pim-debug] cfg: shard_policy='fine' shards=2 dim=4096 ffn_dim=11008 n_heads=32 n_kv_heads=auto->n_heads
[pim-debug] pim_config=/lustre/home/2501111916/workspace/XPUPIM_0226_gpupim_parameter/TriForm/algorithms/aim_simulator/PIM_AiM.json
[pim-debug] ramulator_config=/lustre/home/2501111916/workspace/XPUPIM_0226_gpupim_parameter/TriForm/algorithms/aim_simulator/example.yaml
[pim-debug] cost_model config.PIM_FREQ_GHZ=1.0
[pim-debug] op plan (logical shapes inferred from schedule cfg):
  - op#00  op=LN       shard=-1  x=[1x4096] + w=[4096]  ->  y=[1x4096]  (T=1, K=644)
  - op#01  op=V        shard=0   x=[1x4096] + w=[2048x4096]  ->  y=[1x2048]  (T=1, K=644)
  - op#02  op=SV       shard=0   p=[16x1x644] + v=[16x644x128]  ->  y=[16x1x128]  (T=1, K=644)
  - op#03  op=O        shard=1   x=[1x2048] + w=[4096x2048]  ->  y=[1x4096]  (T=1, K=644)
  - op#04  op=FFN_W1   shard=0   x=[1x4096] + w=[5504x4096]  ->  y=[1x5504]  (T=1, K=644)
  - op#05  op=SwiGLU   shard=0   a=[1x5504] + b=[1x5504]  ->  y=[1x5504]  (T=1, K=644)
[pim-debug] NOTE: CENT(AiM) trace backend internally uses x shape (1,1,dim) and handles prefill by repeating ops;
           the table below shows the *effective parameters* passed into cost_model_pim_backend for each op.
[pim-debug] op#00 op=LN       norm=rmsnorm    sh=-1 dim=4096  heads=32  hd=128 q_dim=4096  kv_heads=32  kv_dim=4096  o_dim=4096  ffn_dim=11008  seqlen=644    qlen=1   cache=N lat=    0.001ms cycles≈1314
[pim-debug] op#01 op=V        norm=v_proj     sh=0  dim=4096  heads=16  hd=128 q_dim=2048  kv_heads=16  kv_dim=2048  o_dim=2048  ffn_dim=5504   seqlen=644    qlen=1   cache=N lat=    0.004ms cycles≈4428
[pim-debug] op#02 op=SV       norm=output     sh=0  dim=4096  heads=16  hd=128 q_dim=2048  kv_heads=16  kv_dim=2048  o_dim=2048  ffn_dim=5504   seqlen=644    qlen=1   cache=N lat=    0.002ms cycles≈2002
[pim-debug] op#03 op=O        norm=wo_proj    sh=1  dim=4096  heads=16  hd=128 q_dim=2048  kv_heads=16  kv_dim=2048  o_dim=2048  ffn_dim=5504   seqlen=644    qlen=1   cache=N lat=    0.004ms cycles≈4062
[pim-debug] op#04 op=FFN_W1   norm=ffn_gate   sh=0  dim=4096  heads=16  hd=128 q_dim=2048  kv_heads=16  kv_dim=2048  o_dim=2048  ffn_dim=5504   seqlen=644    qlen=1   cache=N lat=    0.012ms cycles≈11708
[pim-debug] op#05 op=SwiGLU   norm=silu       sh=0  dim=4096  heads=16  hd=128 q_dim=2048  kv_heads=16  kv_dim=2048  o_dim=2048  ffn_dim=5504   seqlen=644    qlen=1   cache=N lat=    0.001ms cycles≈503
[pim-debug] segment total latency: 0.024 ms
========================================================================================
[pim-debug] segment_key=pim|decode|44|fdf6362e664a0dcb3b710140facc51d5
[pim-debug] sig: device_type=pim phase=decode step=44 (count_hint=1)
[pim-debug] ops_repr: V:0,SV:0,O:1,FFN_W1:0,SwiGLU:0
[pim-debug] cfg: shard_policy='fine' shards=2 dim=4096 ffn_dim=11008 n_heads=32 n_kv_heads=auto->n_heads
[pim-debug] pim_config=/lustre/home/2501111916/workspace/XPUPIM_0226_gpupim_parameter/TriForm/algorithms/aim_simulator/PIM_AiM.json
[pim-debug] ramulator_config=/lustre/home/2501111916/workspace/XPUPIM_0226_gpupim_parameter/TriForm/algorithms/aim_simulator/example.yaml
[pim-debug] cost_model config.PIM_FREQ_GHZ=1.0
[pim-debug] op plan (logical shapes inferred from schedule cfg):
  - op#00  op=V        shard=0   x=[1x4096] + w=[2048x4096]  ->  y=[1x2048]  (T=1, K=644)
  - op#01  op=SV       shard=0   p=[16x1x644] + v=[16x644x128]  ->  y=[16x1x128]  (T=1, K=644)
  - op#02  op=O        shard=1   x=[1x2048] + w=[4096x2048]  ->  y=[1x4096]  (T=1, K=644)
  - op#03  op=FFN_W1   shard=0   x=[1x4096] + w=[5504x4096]  ->  y=[1x5504]  (T=1, K=644)
  - op#04  op=SwiGLU   shard=0   a=[1x5504] + b=[1x5504]  ->  y=[1x5504]  (T=1, K=644)
[pim-debug] NOTE: CENT(AiM) trace backend internally uses x shape (1,1,dim) and handles prefill by repeating ops;
           the table below shows the *effective parameters* passed into cost_model_pim_backend for each op.
[pim-debug] op#00 op=V        norm=v_proj     sh=0  dim=4096  heads=16  hd=128 q_dim=2048  kv_heads=16  kv_dim=2048  o_dim=2048  ffn_dim=5504   seqlen=644    qlen=1   cache=N lat=    0.004ms cycles≈4428
[pim-debug] op#01 op=SV       norm=output     sh=0  dim=4096  heads=16  hd=128 q_dim=2048  kv_heads=16  kv_dim=2048  o_dim=2048  ffn_dim=5504   seqlen=644    qlen=1   cache=N lat=    0.002ms cycles≈2002
[pim-debug] op#02 op=O        norm=wo_proj    sh=1  dim=4096  heads=16  hd=128 q_dim=2048  kv_heads=16  kv_dim=2048  o_dim=2048  ffn_dim=5504   seqlen=644    qlen=1   cache=N lat=    0.004ms cycles≈4062
[pim-debug] op#03 op=FFN_W1   norm=ffn_gate   sh=0  dim=4096  heads=16  hd=128 q_dim=2048  kv_heads=16  kv_dim=2048  o_dim=2048  ffn_dim=5504   seqlen=644    qlen=1   cache=N lat=    0.012ms cycles≈11708
[pim-debug] op#04 op=SwiGLU   norm=silu       sh=0  dim=4096  heads=16  hd=128 q_dim=2048  kv_heads=16  kv_dim=2048  o_dim=2048  ffn_dim=5504   seqlen=644    qlen=1   cache=N lat=    0.001ms cycles≈503
[pim-debug] segment total latency: 0.023 ms
========================================================================================
[pim-debug] segment_key=pim|decode|45|18ae37754a97d1f42b25b2cff77caf3f
[pim-debug] sig: device_type=pim phase=decode step=45 (count_hint=32)
[pim-debug] ops_repr: V:1,SV:1,LN:-1,FFN_W1:1,FFN_W3:1,SwiGLU:1,FFN_W2:0
[pim-debug] cfg: shard_policy='fine' shards=2 dim=4096 ffn_dim=11008 n_heads=32 n_kv_heads=auto->n_heads
[pim-debug] pim_config=/lustre/home/2501111916/workspace/XPUPIM_0226_gpupim_parameter/TriForm/algorithms/aim_simulator/PIM_AiM.json
[pim-debug] ramulator_config=/lustre/home/2501111916/workspace/XPUPIM_0226_gpupim_parameter/TriForm/algorithms/aim_simulator/example.yaml
[pim-debug] cost_model config.PIM_FREQ_GHZ=1.0
[pim-debug] op plan (logical shapes inferred from schedule cfg):
  - op#00  op=V        shard=1   x=[1x4096] + w=[2048x4096]  ->  y=[1x2048]  (T=1, K=656)
  - op#01  op=SV       shard=1   p=[16x1x656] + v=[16x656x128]  ->  y=[16x1x128]  (T=1, K=656)
  - op#02  op=LN       shard=-1  x=[1x4096] + w=[4096]  ->  y=[1x4096]  (T=1, K=656)
  - op#03  op=FFN_W1   shard=1   x=[1x4096] + w=[5504x4096]  ->  y=[1x5504]  (T=1, K=656)
  - op#04  op=FFN_W3   shard=1   x=[1x4096] + w=[5504x4096]  ->  y=[1x5504]  (T=1, K=656)
  - op#05  op=SwiGLU   shard=1   a=[1x5504] + b=[1x5504]  ->  y=[1x5504]  (T=1, K=656)
  - op#06  op=FFN_W2   shard=0   x=[1x5504] + w=[4096x5504]  ->  y=[1x4096]  (T=1, K=656)
[pim-debug] NOTE: CENT(AiM) trace backend internally uses x shape (1,1,dim) and handles prefill by repeating ops;
           the table below shows the *effective parameters* passed into cost_model_pim_backend for each op.
[pim-debug] op#00 op=V        norm=v_proj     sh=1  dim=4096  heads=16  hd=128 q_dim=2048  kv_heads=16  kv_dim=2048  o_dim=2048  ffn_dim=5504   seqlen=656    qlen=1   cache=N lat=    0.004ms cycles≈4428
[pim-debug] op#01 op=SV       norm=output     sh=1  dim=4096  heads=16  hd=128 q_dim=2048  kv_heads=16  kv_dim=2048  o_dim=2048  ffn_dim=5504   seqlen=656    qlen=1   cache=N lat=    0.002ms cycles≈2002
[pim-debug] op#02 op=LN       norm=rmsnorm    sh=-1 dim=4096  heads=32  hd=128 q_dim=4096  kv_heads=32  kv_dim=4096  o_dim=4096  ffn_dim=11008  seqlen=656    qlen=1   cache=N lat=    0.001ms cycles≈1314
[pim-debug] op#03 op=FFN_W1   norm=ffn_gate   sh=1  dim=4096  heads=16  hd=128 q_dim=2048  kv_heads=16  kv_dim=2048  o_dim=2048  ffn_dim=5504   seqlen=656    qlen=1   cache=N lat=    0.012ms cycles≈11708
[pim-debug] op#04 op=FFN_W3   norm=ffn_up     sh=1  dim=4096  heads=16  hd=128 q_dim=2048  kv_heads=16  kv_dim=2048  o_dim=2048  ffn_dim=5504   seqlen=656    qlen=1   cache=N lat=    0.011ms cycles≈10896
[pim-debug] op#05 op=SwiGLU   norm=silu       sh=1  dim=4096  heads=16  hd=128 q_dim=2048  kv_heads=16  kv_dim=2048  o_dim=2048  ffn_dim=5504   seqlen=656    qlen=1   cache=N lat=    0.001ms cycles≈503
[pim-debug] op#06 op=FFN_W2   norm=ffn_down   sh=0  dim=4096  heads=16  hd=128 q_dim=2048  kv_heads=16  kv_dim=2048  o_dim=2048  ffn_dim=5504   seqlen=656    qlen=1   cache=N lat=    0.011ms cycles≈11466
[pim-debug] segment total latency: 0.042 ms
========================================================================================
[pim-debug] segment_key=pim|decode|45|fa8b04eaba988353d76eadc6a01ae0d4
[pim-debug] sig: device_type=pim phase=decode step=45 (count_hint=31)
[pim-debug] ops_repr: LN:-1,V:0,SV:0,O:1,FFN_W1:0,SwiGLU:0
[pim-debug] cfg: shard_policy='fine' shards=2 dim=4096 ffn_dim=11008 n_heads=32 n_kv_heads=auto->n_heads
[pim-debug] pim_config=/lustre/home/2501111916/workspace/XPUPIM_0226_gpupim_parameter/TriForm/algorithms/aim_simulator/PIM_AiM.json
[pim-debug] ramulator_config=/lustre/home/2501111916/workspace/XPUPIM_0226_gpupim_parameter/TriForm/algorithms/aim_simulator/example.yaml
[pim-debug] cost_model config.PIM_FREQ_GHZ=1.0
[pim-debug] op plan (logical shapes inferred from schedule cfg):
  - op#00  op=LN       shard=-1  x=[1x4096] + w=[4096]  ->  y=[1x4096]  (T=1, K=656)
  - op#01  op=V        shard=0   x=[1x4096] + w=[2048x4096]  ->  y=[1x2048]  (T=1, K=656)
  - op#02  op=SV       shard=0   p=[16x1x656] + v=[16x656x128]  ->  y=[16x1x128]  (T=1, K=656)
  - op#03  op=O        shard=1   x=[1x2048] + w=[4096x2048]  ->  y=[1x4096]  (T=1, K=656)
  - op#04  op=FFN_W1   shard=0   x=[1x4096] + w=[5504x4096]  ->  y=[1x5504]  (T=1, K=656)
  - op#05  op=SwiGLU   shard=0   a=[1x5504] + b=[1x5504]  ->  y=[1x5504]  (T=1, K=656)
[pim-debug] NOTE: CENT(AiM) trace backend internally uses x shape (1,1,dim) and handles prefill by repeating ops;
           the table below shows the *effective parameters* passed into cost_model_pim_backend for each op.
[pim-debug] op#00 op=LN       norm=rmsnorm    sh=-1 dim=4096  heads=32  hd=128 q_dim=4096  kv_heads=32  kv_dim=4096  o_dim=4096  ffn_dim=11008  seqlen=656    qlen=1   cache=N lat=    0.001ms cycles≈1314
[pim-debug] op#01 op=V        norm=v_proj     sh=0  dim=4096  heads=16  hd=128 q_dim=2048  kv_heads=16  kv_dim=2048  o_dim=2048  ffn_dim=5504   seqlen=656    qlen=1   cache=N lat=    0.004ms cycles≈4428
[pim-debug] op#02 op=SV       norm=output     sh=0  dim=4096  heads=16  hd=128 q_dim=2048  kv_heads=16  kv_dim=2048  o_dim=2048  ffn_dim=5504   seqlen=656    qlen=1   cache=N lat=    0.002ms cycles≈2002
[pim-debug] op#03 op=O        norm=wo_proj    sh=1  dim=4096  heads=16  hd=128 q_dim=2048  kv_heads=16  kv_dim=2048  o_dim=2048  ffn_dim=5504   seqlen=656    qlen=1   cache=N lat=    0.004ms cycles≈4062
[pim-debug] op#04 op=FFN_W1   norm=ffn_gate   sh=0  dim=4096  heads=16  hd=128 q_dim=2048  kv_heads=16  kv_dim=2048  o_dim=2048  ffn_dim=5504   seqlen=656    qlen=1   cache=N lat=    0.012ms cycles≈11708
[pim-debug] op#05 op=SwiGLU   norm=silu       sh=0  dim=4096  heads=16  hd=128 q_dim=2048  kv_heads=16  kv_dim=2048  o_dim=2048  ffn_dim=5504   seqlen=656    qlen=1   cache=N lat=    0.001ms cycles≈503
[pim-debug] segment total latency: 0.024 ms
========================================================================================
[pim-debug] segment_key=pim|decode|45|fdf6362e664a0dcb3b710140facc51d5
[pim-debug] sig: device_type=pim phase=decode step=45 (count_hint=1)
[pim-debug] ops_repr: V:0,SV:0,O:1,FFN_W1:0,SwiGLU:0
[pim-debug] cfg: shard_policy='fine' shards=2 dim=4096 ffn_dim=11008 n_heads=32 n_kv_heads=auto->n_heads
[pim-debug] pim_config=/lustre/home/2501111916/workspace/XPUPIM_0226_gpupim_parameter/TriForm/algorithms/aim_simulator/PIM_AiM.json
[pim-debug] ramulator_config=/lustre/home/2501111916/workspace/XPUPIM_0226_gpupim_parameter/TriForm/algorithms/aim_simulator/example.yaml
[pim-debug] cost_model config.PIM_FREQ_GHZ=1.0
[pim-debug] op plan (logical shapes inferred from schedule cfg):
  - op#00  op=V        shard=0   x=[1x4096] + w=[2048x4096]  ->  y=[1x2048]  (T=1, K=656)
  - op#01  op=SV       shard=0   p=[16x1x656] + v=[16x656x128]  ->  y=[16x1x128]  (T=1, K=656)
  - op#02  op=O        shard=1   x=[1x2048] + w=[4096x2048]  ->  y=[1x4096]  (T=1, K=656)
  - op#03  op=FFN_W1   shard=0   x=[1x4096] + w=[5504x4096]  ->  y=[1x5504]  (T=1, K=656)
  - op#04  op=SwiGLU   shard=0   a=[1x5504] + b=[1x5504]  ->  y=[1x5504]  (T=1, K=656)
[pim-debug] NOTE: CENT(AiM) trace backend internally uses x shape (1,1,dim) and handles prefill by repeating ops;
           the table below shows the *effective parameters* passed into cost_model_pim_backend for each op.
[pim-debug] op#00 op=V        norm=v_proj     sh=0  dim=4096  heads=16  hd=128 q_dim=2048  kv_heads=16  kv_dim=2048  o_dim=2048  ffn_dim=5504   seqlen=656    qlen=1   cache=N lat=    0.004ms cycles≈4428
[pim-debug] op#01 op=SV       norm=output     sh=0  dim=4096  heads=16  hd=128 q_dim=2048  kv_heads=16  kv_dim=2048  o_dim=2048  ffn_dim=5504   seqlen=656    qlen=1   cache=N lat=    0.002ms cycles≈2002
[pim-debug] op#02 op=O        norm=wo_proj    sh=1  dim=4096  heads=16  hd=128 q_dim=2048  kv_heads=16  kv_dim=2048  o_dim=2048  ffn_dim=5504   seqlen=656    qlen=1   cache=N lat=    0.004ms cycles≈4062
[pim-debug] op#03 op=FFN_W1   norm=ffn_gate   sh=0  dim=4096  heads=16  hd=128 q_dim=2048  kv_heads=16  kv_dim=2048  o_dim=2048  ffn_dim=5504   seqlen=656    qlen=1   cache=N lat=    0.012ms cycles≈11708
[pim-debug] op#04 op=SwiGLU   norm=silu       sh=0  dim=4096  heads=16  hd=128 q_dim=2048  kv_heads=16  kv_dim=2048  o_dim=2048  ffn_dim=5504   seqlen=656    qlen=1   cache=N lat=    0.001ms cycles≈503
[pim-debug] segment total latency: 0.023 ms
========================================================================================
[pim-debug] segment_key=pim|decode|46|18ae37754a97d1f42b25b2cff77caf3f
[pim-debug] sig: device_type=pim phase=decode step=46 (count_hint=32)
[pim-debug] ops_repr: V:1,SV:1,LN:-1,FFN_W1:1,FFN_W3:1,SwiGLU:1,FFN_W2:0
[pim-debug] cfg: shard_policy='fine' shards=2 dim=4096 ffn_dim=11008 n_heads=32 n_kv_heads=auto->n_heads
[pim-debug] pim_config=/lustre/home/2501111916/workspace/XPUPIM_0226_gpupim_parameter/TriForm/algorithms/aim_simulator/PIM_AiM.json
[pim-debug] ramulator_config=/lustre/home/2501111916/workspace/XPUPIM_0226_gpupim_parameter/TriForm/algorithms/aim_simulator/example.yaml
[pim-debug] cost_model config.PIM_FREQ_GHZ=1.0
[pim-debug] op plan (logical shapes inferred from schedule cfg):
  - op#00  op=V        shard=1   x=[1x4096] + w=[2048x4096]  ->  y=[1x2048]  (T=1, K=668)
  - op#01  op=SV       shard=1   p=[16x1x668] + v=[16x668x128]  ->  y=[16x1x128]  (T=1, K=668)
  - op#02  op=LN       shard=-1  x=[1x4096] + w=[4096]  ->  y=[1x4096]  (T=1, K=668)
  - op#03  op=FFN_W1   shard=1   x=[1x4096] + w=[5504x4096]  ->  y=[1x5504]  (T=1, K=668)
  - op#04  op=FFN_W3   shard=1   x=[1x4096] + w=[5504x4096]  ->  y=[1x5504]  (T=1, K=668)
  - op#05  op=SwiGLU   shard=1   a=[1x5504] + b=[1x5504]  ->  y=[1x5504]  (T=1, K=668)
  - op#06  op=FFN_W2   shard=0   x=[1x5504] + w=[4096x5504]  ->  y=[1x4096]  (T=1, K=668)
[pim-debug] NOTE: CENT(AiM) trace backend internally uses x shape (1,1,dim) and handles prefill by repeating ops;
           the table below shows the *effective parameters* passed into cost_model_pim_backend for each op.
[pim-debug] op#00 op=V        norm=v_proj     sh=1  dim=4096  heads=16  hd=128 q_dim=2048  kv_heads=16  kv_dim=2048  o_dim=2048  ffn_dim=5504   seqlen=668    qlen=1   cache=N lat=    0.004ms cycles≈4428
[pim-debug] op#01 op=SV       norm=output     sh=1  dim=4096  heads=16  hd=128 q_dim=2048  kv_heads=16  kv_dim=2048  o_dim=2048  ffn_dim=5504   seqlen=668    qlen=1   cache=N lat=    0.002ms cycles≈2020
[pim-debug] op#02 op=LN       norm=rmsnorm    sh=-1 dim=4096  heads=32  hd=128 q_dim=4096  kv_heads=32  kv_dim=4096  o_dim=4096  ffn_dim=11008  seqlen=668    qlen=1   cache=N lat=    0.001ms cycles≈1314
[pim-debug] op#03 op=FFN_W1   norm=ffn_gate   sh=1  dim=4096  heads=16  hd=128 q_dim=2048  kv_heads=16  kv_dim=2048  o_dim=2048  ffn_dim=5504   seqlen=668    qlen=1   cache=N lat=    0.012ms cycles≈11708
[pim-debug] op#04 op=FFN_W3   norm=ffn_up     sh=1  dim=4096  heads=16  hd=128 q_dim=2048  kv_heads=16  kv_dim=2048  o_dim=2048  ffn_dim=5504   seqlen=668    qlen=1   cache=N lat=    0.011ms cycles≈10896
[pim-debug] op#05 op=SwiGLU   norm=silu       sh=1  dim=4096  heads=16  hd=128 q_dim=2048  kv_heads=16  kv_dim=2048  o_dim=2048  ffn_dim=5504   seqlen=668    qlen=1   cache=N lat=    0.001ms cycles≈503
[pim-debug] op#06 op=FFN_W2   norm=ffn_down   sh=0  dim=4096  heads=16  hd=128 q_dim=2048  kv_heads=16  kv_dim=2048  o_dim=2048  ffn_dim=5504   seqlen=668    qlen=1   cache=N lat=    0.011ms cycles≈11466
[pim-debug] segment total latency: 0.042 ms
========================================================================================
[pim-debug] segment_key=pim|decode|46|fa8b04eaba988353d76eadc6a01ae0d4
[pim-debug] sig: device_type=pim phase=decode step=46 (count_hint=31)
[pim-debug] ops_repr: LN:-1,V:0,SV:0,O:1,FFN_W1:0,SwiGLU:0
[pim-debug] cfg: shard_policy='fine' shards=2 dim=4096 ffn_dim=11008 n_heads=32 n_kv_heads=auto->n_heads
[pim-debug] pim_config=/lustre/home/2501111916/workspace/XPUPIM_0226_gpupim_parameter/TriForm/algorithms/aim_simulator/PIM_AiM.json
[pim-debug] ramulator_config=/lustre/home/2501111916/workspace/XPUPIM_0226_gpupim_parameter/TriForm/algorithms/aim_simulator/example.yaml
[pim-debug] cost_model config.PIM_FREQ_GHZ=1.0
[pim-debug] op plan (logical shapes inferred from schedule cfg):
  - op#00  op=LN       shard=-1  x=[1x4096] + w=[4096]  ->  y=[1x4096]  (T=1, K=668)
  - op#01  op=V        shard=0   x=[1x4096] + w=[2048x4096]  ->  y=[1x2048]  (T=1, K=668)
  - op#02  op=SV       shard=0   p=[16x1x668] + v=[16x668x128]  ->  y=[16x1x128]  (T=1, K=668)
  - op#03  op=O        shard=1   x=[1x2048] + w=[4096x2048]  ->  y=[1x4096]  (T=1, K=668)
  - op#04  op=FFN_W1   shard=0   x=[1x4096] + w=[5504x4096]  ->  y=[1x5504]  (T=1, K=668)
  - op#05  op=SwiGLU   shard=0   a=[1x5504] + b=[1x5504]  ->  y=[1x5504]  (T=1, K=668)
[pim-debug] NOTE: CENT(AiM) trace backend internally uses x shape (1,1,dim) and handles prefill by repeating ops;
           the table below shows the *effective parameters* passed into cost_model_pim_backend for each op.
[pim-debug] op#00 op=LN       norm=rmsnorm    sh=-1 dim=4096  heads=32  hd=128 q_dim=4096  kv_heads=32  kv_dim=4096  o_dim=4096  ffn_dim=11008  seqlen=668    qlen=1   cache=N lat=    0.001ms cycles≈1314
[pim-debug] op#01 op=V        norm=v_proj     sh=0  dim=4096  heads=16  hd=128 q_dim=2048  kv_heads=16  kv_dim=2048  o_dim=2048  ffn_dim=5504   seqlen=668    qlen=1   cache=N lat=    0.004ms cycles≈4428
[pim-debug] op#02 op=SV       norm=output     sh=0  dim=4096  heads=16  hd=128 q_dim=2048  kv_heads=16  kv_dim=2048  o_dim=2048  ffn_dim=5504   seqlen=668    qlen=1   cache=N lat=    0.002ms cycles≈2020
[pim-debug] op#03 op=O        norm=wo_proj    sh=1  dim=4096  heads=16  hd=128 q_dim=2048  kv_heads=16  kv_dim=2048  o_dim=2048  ffn_dim=5504   seqlen=668    qlen=1   cache=N lat=    0.004ms cycles≈4062
[pim-debug] op#04 op=FFN_W1   norm=ffn_gate   sh=0  dim=4096  heads=16  hd=128 q_dim=2048  kv_heads=16  kv_dim=2048  o_dim=2048  ffn_dim=5504   seqlen=668    qlen=1   cache=N lat=    0.012ms cycles≈11708
[pim-debug] op#05 op=SwiGLU   norm=silu       sh=0  dim=4096  heads=16  hd=128 q_dim=2048  kv_heads=16  kv_dim=2048  o_dim=2048  ffn_dim=5504   seqlen=668    qlen=1   cache=N lat=    0.001ms cycles≈503
[pim-debug] segment total latency: 0.024 ms
========================================================================================
[pim-debug] segment_key=pim|decode|46|fdf6362e664a0dcb3b710140facc51d5
[pim-debug] sig: device_type=pim phase=decode step=46 (count_hint=1)
[pim-debug] ops_repr: V:0,SV:0,O:1,FFN_W1:0,SwiGLU:0
[pim-debug] cfg: shard_policy='fine' shards=2 dim=4096 ffn_dim=11008 n_heads=32 n_kv_heads=auto->n_heads
[pim-debug] pim_config=/lustre/home/2501111916/workspace/XPUPIM_0226_gpupim_parameter/TriForm/algorithms/aim_simulator/PIM_AiM.json
[pim-debug] ramulator_config=/lustre/home/2501111916/workspace/XPUPIM_0226_gpupim_parameter/TriForm/algorithms/aim_simulator/example.yaml
[pim-debug] cost_model config.PIM_FREQ_GHZ=1.0
[pim-debug] op plan (logical shapes inferred from schedule cfg):
  - op#00  op=V        shard=0   x=[1x4096] + w=[2048x4096]  ->  y=[1x2048]  (T=1, K=668)
  - op#01  op=SV       shard=0   p=[16x1x668] + v=[16x668x128]  ->  y=[16x1x128]  (T=1, K=668)
  - op#02  op=O        shard=1   x=[1x2048] + w=[4096x2048]  ->  y=[1x4096]  (T=1, K=668)
  - op#03  op=FFN_W1   shard=0   x=[1x4096] + w=[5504x4096]  ->  y=[1x5504]  (T=1, K=668)
  - op#04  op=SwiGLU   shard=0   a=[1x5504] + b=[1x5504]  ->  y=[1x5504]  (T=1, K=668)
[pim-debug] NOTE: CENT(AiM) trace backend internally uses x shape (1,1,dim) and handles prefill by repeating ops;
           the table below shows the *effective parameters* passed into cost_model_pim_backend for each op.
[pim-debug] op#00 op=V        norm=v_proj     sh=0  dim=4096  heads=16  hd=128 q_dim=2048  kv_heads=16  kv_dim=2048  o_dim=2048  ffn_dim=5504   seqlen=668    qlen=1   cache=N lat=    0.004ms cycles≈4428
[pim-debug] op#01 op=SV       norm=output     sh=0  dim=4096  heads=16  hd=128 q_dim=2048  kv_heads=16  kv_dim=2048  o_dim=2048  ffn_dim=5504   seqlen=668    qlen=1   cache=N lat=    0.002ms cycles≈2020
[pim-debug] op#02 op=O        norm=wo_proj    sh=1  dim=4096  heads=16  hd=128 q_dim=2048  kv_heads=16  kv_dim=2048  o_dim=2048  ffn_dim=5504   seqlen=668    qlen=1   cache=N lat=    0.004ms cycles≈4062
[pim-debug] op#03 op=FFN_W1   norm=ffn_gate   sh=0  dim=4096  heads=16  hd=128 q_dim=2048  kv_heads=16  kv_dim=2048  o_dim=2048  ffn_dim=5504   seqlen=668    qlen=1   cache=N lat=    0.012ms cycles≈11708
[pim-debug] op#04 op=SwiGLU   norm=silu       sh=0  dim=4096  heads=16  hd=128 q_dim=2048  kv_heads=16  kv_dim=2048  o_dim=2048  ffn_dim=5504   seqlen=668    qlen=1   cache=N lat=    0.001ms cycles≈503
[pim-debug] segment total latency: 0.023 ms
========================================================================================
[pim-debug] segment_key=pim|decode|47|18ae37754a97d1f42b25b2cff77caf3f
[pim-debug] sig: device_type=pim phase=decode step=47 (count_hint=32)
[pim-debug] ops_repr: V:1,SV:1,LN:-1,FFN_W1:1,FFN_W3:1,SwiGLU:1,FFN_W2:0
[pim-debug] cfg: shard_policy='fine' shards=2 dim=4096 ffn_dim=11008 n_heads=32 n_kv_heads=auto->n_heads
[pim-debug] pim_config=/lustre/home/2501111916/workspace/XPUPIM_0226_gpupim_parameter/TriForm/algorithms/aim_simulator/PIM_AiM.json
[pim-debug] ramulator_config=/lustre/home/2501111916/workspace/XPUPIM_0226_gpupim_parameter/TriForm/algorithms/aim_simulator/example.yaml
[pim-debug] cost_model config.PIM_FREQ_GHZ=1.0
[pim-debug] op plan (logical shapes inferred from schedule cfg):
  - op#00  op=V        shard=1   x=[1x4096] + w=[2048x4096]  ->  y=[1x2048]  (T=1, K=680)
  - op#01  op=SV       shard=1   p=[16x1x680] + v=[16x680x128]  ->  y=[16x1x128]  (T=1, K=680)
  - op#02  op=LN       shard=-1  x=[1x4096] + w=[4096]  ->  y=[1x4096]  (T=1, K=680)
  - op#03  op=FFN_W1   shard=1   x=[1x4096] + w=[5504x4096]  ->  y=[1x5504]  (T=1, K=680)
  - op#04  op=FFN_W3   shard=1   x=[1x4096] + w=[5504x4096]  ->  y=[1x5504]  (T=1, K=680)
  - op#05  op=SwiGLU   shard=1   a=[1x5504] + b=[1x5504]  ->  y=[1x5504]  (T=1, K=680)
  - op#06  op=FFN_W2   shard=0   x=[1x5504] + w=[4096x5504]  ->  y=[1x4096]  (T=1, K=680)
[pim-debug] NOTE: CENT(AiM) trace backend internally uses x shape (1,1,dim) and handles prefill by repeating ops;
           the table below shows the *effective parameters* passed into cost_model_pim_backend for each op.
[pim-debug] op#00 op=V        norm=v_proj     sh=1  dim=4096  heads=16  hd=128 q_dim=2048  kv_heads=16  kv_dim=2048  o_dim=2048  ffn_dim=5504   seqlen=680    qlen=1   cache=N lat=    0.004ms cycles≈4428
[pim-debug] op#01 op=SV       norm=output     sh=1  dim=4096  heads=16  hd=128 q_dim=2048  kv_heads=16  kv_dim=2048  o_dim=2048  ffn_dim=5504   seqlen=680    qlen=1   cache=N lat=    0.002ms cycles≈2038
[pim-debug] op#02 op=LN       norm=rmsnorm    sh=-1 dim=4096  heads=32  hd=128 q_dim=4096  kv_heads=32  kv_dim=4096  o_dim=4096  ffn_dim=11008  seqlen=680    qlen=1   cache=N lat=    0.001ms cycles≈1314
[pim-debug] op#03 op=FFN_W1   norm=ffn_gate   sh=1  dim=4096  heads=16  hd=128 q_dim=2048  kv_heads=16  kv_dim=2048  o_dim=2048  ffn_dim=5504   seqlen=680    qlen=1   cache=N lat=    0.012ms cycles≈11708
[pim-debug] op#04 op=FFN_W3   norm=ffn_up     sh=1  dim=4096  heads=16  hd=128 q_dim=2048  kv_heads=16  kv_dim=2048  o_dim=2048  ffn_dim=5504   seqlen=680    qlen=1   cache=N lat=    0.011ms cycles≈10896
[pim-debug] op#05 op=SwiGLU   norm=silu       sh=1  dim=4096  heads=16  hd=128 q_dim=2048  kv_heads=16  kv_dim=2048  o_dim=2048  ffn_dim=5504   seqlen=680    qlen=1   cache=N lat=    0.001ms cycles≈503
[pim-debug] op#06 op=FFN_W2   norm=ffn_down   sh=0  dim=4096  heads=16  hd=128 q_dim=2048  kv_heads=16  kv_dim=2048  o_dim=2048  ffn_dim=5504   seqlen=680    qlen=1   cache=N lat=    0.011ms cycles≈11466
[pim-debug] segment total latency: 0.042 ms
========================================================================================
[pim-debug] segment_key=pim|decode|47|fa8b04eaba988353d76eadc6a01ae0d4
[pim-debug] sig: device_type=pim phase=decode step=47 (count_hint=31)
[pim-debug] ops_repr: LN:-1,V:0,SV:0,O:1,FFN_W1:0,SwiGLU:0
[pim-debug] cfg: shard_policy='fine' shards=2 dim=4096 ffn_dim=11008 n_heads=32 n_kv_heads=auto->n_heads
[pim-debug] pim_config=/lustre/home/2501111916/workspace/XPUPIM_0226_gpupim_parameter/TriForm/algorithms/aim_simulator/PIM_AiM.json
[pim-debug] ramulator_config=/lustre/home/2501111916/workspace/XPUPIM_0226_gpupim_parameter/TriForm/algorithms/aim_simulator/example.yaml
[pim-debug] cost_model config.PIM_FREQ_GHZ=1.0
[pim-debug] op plan (logical shapes inferred from schedule cfg):
  - op#00  op=LN       shard=-1  x=[1x4096] + w=[4096]  ->  y=[1x4096]  (T=1, K=680)
  - op#01  op=V        shard=0   x=[1x4096] + w=[2048x4096]  ->  y=[1x2048]  (T=1, K=680)
  - op#02  op=SV       shard=0   p=[16x1x680] + v=[16x680x128]  ->  y=[16x1x128]  (T=1, K=680)
  - op#03  op=O        shard=1   x=[1x2048] + w=[4096x2048]  ->  y=[1x4096]  (T=1, K=680)
  - op#04  op=FFN_W1   shard=0   x=[1x4096] + w=[5504x4096]  ->  y=[1x5504]  (T=1, K=680)
  - op#05  op=SwiGLU   shard=0   a=[1x5504] + b=[1x5504]  ->  y=[1x5504]  (T=1, K=680)
[pim-debug] NOTE: CENT(AiM) trace backend internally uses x shape (1,1,dim) and handles prefill by repeating ops;
           the table below shows the *effective parameters* passed into cost_model_pim_backend for each op.
[pim-debug] op#00 op=LN       norm=rmsnorm    sh=-1 dim=4096  heads=32  hd=128 q_dim=4096  kv_heads=32  kv_dim=4096  o_dim=4096  ffn_dim=11008  seqlen=680    qlen=1   cache=N lat=    0.001ms cycles≈1314
[pim-debug] op#01 op=V        norm=v_proj     sh=0  dim=4096  heads=16  hd=128 q_dim=2048  kv_heads=16  kv_dim=2048  o_dim=2048  ffn_dim=5504   seqlen=680    qlen=1   cache=N lat=    0.004ms cycles≈4428
[pim-debug] op#02 op=SV       norm=output     sh=0  dim=4096  heads=16  hd=128 q_dim=2048  kv_heads=16  kv_dim=2048  o_dim=2048  ffn_dim=5504   seqlen=680    qlen=1   cache=N lat=    0.002ms cycles≈2038
[pim-debug] op#03 op=O        norm=wo_proj    sh=1  dim=4096  heads=16  hd=128 q_dim=2048  kv_heads=16  kv_dim=2048  o_dim=2048  ffn_dim=5504   seqlen=680    qlen=1   cache=N lat=    0.004ms cycles≈4062
[pim-debug] op#04 op=FFN_W1   norm=ffn_gate   sh=0  dim=4096  heads=16  hd=128 q_dim=2048  kv_heads=16  kv_dim=2048  o_dim=2048  ffn_dim=5504   seqlen=680    qlen=1   cache=N lat=    0.012ms cycles≈11708
[pim-debug] op#05 op=SwiGLU   norm=silu       sh=0  dim=4096  heads=16  hd=128 q_dim=2048  kv_heads=16  kv_dim=2048  o_dim=2048  ffn_dim=5504   seqlen=680    qlen=1   cache=N lat=    0.001ms cycles≈503
[pim-debug] segment total latency: 0.024 ms
========================================================================================
[pim-debug] segment_key=pim|decode|47|fdf6362e664a0dcb3b710140facc51d5
[pim-debug] sig: device_type=pim phase=decode step=47 (count_hint=1)
[pim-debug] ops_repr: V:0,SV:0,O:1,FFN_W1:0,SwiGLU:0
[pim-debug] cfg: shard_policy='fine' shards=2 dim=4096 ffn_dim=11008 n_heads=32 n_kv_heads=auto->n_heads
[pim-debug] pim_config=/lustre/home/2501111916/workspace/XPUPIM_0226_gpupim_parameter/TriForm/algorithms/aim_simulator/PIM_AiM.json
[pim-debug] ramulator_config=/lustre/home/2501111916/workspace/XPUPIM_0226_gpupim_parameter/TriForm/algorithms/aim_simulator/example.yaml
[pim-debug] cost_model config.PIM_FREQ_GHZ=1.0
[pim-debug] op plan (logical shapes inferred from schedule cfg):
  - op#00  op=V        shard=0   x=[1x4096] + w=[2048x4096]  ->  y=[1x2048]  (T=1, K=680)
  - op#01  op=SV       shard=0   p=[16x1x680] + v=[16x680x128]  ->  y=[16x1x128]  (T=1, K=680)
  - op#02  op=O        shard=1   x=[1x2048] + w=[4096x2048]  ->  y=[1x4096]  (T=1, K=680)
  - op#03  op=FFN_W1   shard=0   x=[1x4096] + w=[5504x4096]  ->  y=[1x5504]  (T=1, K=680)
  - op#04  op=SwiGLU   shard=0   a=[1x5504] + b=[1x5504]  ->  y=[1x5504]  (T=1, K=680)
[pim-debug] NOTE: CENT(AiM) trace backend internally uses x shape (1,1,dim) and handles prefill by repeating ops;
           the table below shows the *effective parameters* passed into cost_model_pim_backend for each op.
[pim-debug] op#00 op=V        norm=v_proj     sh=0  dim=4096  heads=16  hd=128 q_dim=2048  kv_heads=16  kv_dim=2048  o_dim=2048  ffn_dim=5504   seqlen=680    qlen=1   cache=N lat=    0.004ms cycles≈4428
[pim-debug] op#01 op=SV       norm=output     sh=0  dim=4096  heads=16  hd=128 q_dim=2048  kv_heads=16  kv_dim=2048  o_dim=2048  ffn_dim=5504   seqlen=680    qlen=1   cache=N lat=    0.002ms cycles≈2038
[pim-debug] op#02 op=O        norm=wo_proj    sh=1  dim=4096  heads=16  hd=128 q_dim=2048  kv_heads=16  kv_dim=2048  o_dim=2048  ffn_dim=5504   seqlen=680    qlen=1   cache=N lat=    0.004ms cycles≈4062
[pim-debug] op#03 op=FFN_W1   norm=ffn_gate   sh=0  dim=4096  heads=16  hd=128 q_dim=2048  kv_heads=16  kv_dim=2048  o_dim=2048  ffn_dim=5504   seqlen=680    qlen=1   cache=N lat=    0.012ms cycles≈11708
[pim-debug] op#04 op=SwiGLU   norm=silu       sh=0  dim=4096  heads=16  hd=128 q_dim=2048  kv_heads=16  kv_dim=2048  o_dim=2048  ffn_dim=5504   seqlen=680    qlen=1   cache=N lat=    0.001ms cycles≈503
[pim-debug] segment total latency: 0.023 ms
========================================================================================
[pim-debug] segment_key=pim|decode|48|18ae37754a97d1f42b25b2cff77caf3f
[pim-debug] sig: device_type=pim phase=decode step=48 (count_hint=32)
[pim-debug] ops_repr: V:1,SV:1,LN:-1,FFN_W1:1,FFN_W3:1,SwiGLU:1,FFN_W2:0
[pim-debug] cfg: shard_policy='fine' shards=2 dim=4096 ffn_dim=11008 n_heads=32 n_kv_heads=auto->n_heads
[pim-debug] pim_config=/lustre/home/2501111916/workspace/XPUPIM_0226_gpupim_parameter/TriForm/algorithms/aim_simulator/PIM_AiM.json
[pim-debug] ramulator_config=/lustre/home/2501111916/workspace/XPUPIM_0226_gpupim_parameter/TriForm/algorithms/aim_simulator/example.yaml
[pim-debug] cost_model config.PIM_FREQ_GHZ=1.0
[pim-debug] op plan (logical shapes inferred from schedule cfg):
  - op#00  op=V        shard=1   x=[1x4096] + w=[2048x4096]  ->  y=[1x2048]  (T=1, K=692)
  - op#01  op=SV       shard=1   p=[16x1x692] + v=[16x692x128]  ->  y=[16x1x128]  (T=1, K=692)
  - op#02  op=LN       shard=-1  x=[1x4096] + w=[4096]  ->  y=[1x4096]  (T=1, K=692)
  - op#03  op=FFN_W1   shard=1   x=[1x4096] + w=[5504x4096]  ->  y=[1x5504]  (T=1, K=692)
  - op#04  op=FFN_W3   shard=1   x=[1x4096] + w=[5504x4096]  ->  y=[1x5504]  (T=1, K=692)
  - op#05  op=SwiGLU   shard=1   a=[1x5504] + b=[1x5504]  ->  y=[1x5504]  (T=1, K=692)
  - op#06  op=FFN_W2   shard=0   x=[1x5504] + w=[4096x5504]  ->  y=[1x4096]  (T=1, K=692)
[pim-debug] NOTE: CENT(AiM) trace backend internally uses x shape (1,1,dim) and handles prefill by repeating ops;
           the table below shows the *effective parameters* passed into cost_model_pim_backend for each op.
[pim-debug] op#00 op=V        norm=v_proj     sh=1  dim=4096  heads=16  hd=128 q_dim=2048  kv_heads=16  kv_dim=2048  o_dim=2048  ffn_dim=5504   seqlen=692    qlen=1   cache=N lat=    0.004ms cycles≈4428
[pim-debug] op#01 op=SV       norm=output     sh=1  dim=4096  heads=16  hd=128 q_dim=2048  kv_heads=16  kv_dim=2048  o_dim=2048  ffn_dim=5504   seqlen=692    qlen=1   cache=N lat=    0.002ms cycles≈2056
[pim-debug] op#02 op=LN       norm=rmsnorm    sh=-1 dim=4096  heads=32  hd=128 q_dim=4096  kv_heads=32  kv_dim=4096  o_dim=4096  ffn_dim=11008  seqlen=692    qlen=1   cache=N lat=    0.001ms cycles≈1314
[pim-debug] op#03 op=FFN_W1   norm=ffn_gate   sh=1  dim=4096  heads=16  hd=128 q_dim=2048  kv_heads=16  kv_dim=2048  o_dim=2048  ffn_dim=5504   seqlen=692    qlen=1   cache=N lat=    0.012ms cycles≈11708
[pim-debug] op#04 op=FFN_W3   norm=ffn_up     sh=1  dim=4096  heads=16  hd=128 q_dim=2048  kv_heads=16  kv_dim=2048  o_dim=2048  ffn_dim=5504   seqlen=692    qlen=1   cache=N lat=    0.011ms cycles≈10896
[pim-debug] op#05 op=SwiGLU   norm=silu       sh=1  dim=4096  heads=16  hd=128 q_dim=2048  kv_heads=16  kv_dim=2048  o_dim=2048  ffn_dim=5504   seqlen=692    qlen=1   cache=N lat=    0.001ms cycles≈503
[pim-debug] op#06 op=FFN_W2   norm=ffn_down   sh=0  dim=4096  heads=16  hd=128 q_dim=2048  kv_heads=16  kv_dim=2048  o_dim=2048  ffn_dim=5504   seqlen=692    qlen=1   cache=N lat=    0.011ms cycles≈11466
[pim-debug] segment total latency: 0.042 ms
========================================================================================
[pim-debug] segment_key=pim|decode|48|fa8b04eaba988353d76eadc6a01ae0d4
[pim-debug] sig: device_type=pim phase=decode step=48 (count_hint=31)
[pim-debug] ops_repr: LN:-1,V:0,SV:0,O:1,FFN_W1:0,SwiGLU:0
[pim-debug] cfg: shard_policy='fine' shards=2 dim=4096 ffn_dim=11008 n_heads=32 n_kv_heads=auto->n_heads
[pim-debug] pim_config=/lustre/home/2501111916/workspace/XPUPIM_0226_gpupim_parameter/TriForm/algorithms/aim_simulator/PIM_AiM.json
[pim-debug] ramulator_config=/lustre/home/2501111916/workspace/XPUPIM_0226_gpupim_parameter/TriForm/algorithms/aim_simulator/example.yaml
[pim-debug] cost_model config.PIM_FREQ_GHZ=1.0
[pim-debug] op plan (logical shapes inferred from schedule cfg):
  - op#00  op=LN       shard=-1  x=[1x4096] + w=[4096]  ->  y=[1x4096]  (T=1, K=692)
  - op#01  op=V        shard=0   x=[1x4096] + w=[2048x4096]  ->  y=[1x2048]  (T=1, K=692)
  - op#02  op=SV       shard=0   p=[16x1x692] + v=[16x692x128]  ->  y=[16x1x128]  (T=1, K=692)
  - op#03  op=O        shard=1   x=[1x2048] + w=[4096x2048]  ->  y=[1x4096]  (T=1, K=692)
  - op#04  op=FFN_W1   shard=0   x=[1x4096] + w=[5504x4096]  ->  y=[1x5504]  (T=1, K=692)
  - op#05  op=SwiGLU   shard=0   a=[1x5504] + b=[1x5504]  ->  y=[1x5504]  (T=1, K=692)
[pim-debug] NOTE: CENT(AiM) trace backend internally uses x shape (1,1,dim) and handles prefill by repeating ops;
           the table below shows the *effective parameters* passed into cost_model_pim_backend for each op.
[pim-debug] op#00 op=LN       norm=rmsnorm    sh=-1 dim=4096  heads=32  hd=128 q_dim=4096  kv_heads=32  kv_dim=4096  o_dim=4096  ffn_dim=11008  seqlen=692    qlen=1   cache=N lat=    0.001ms cycles≈1314
[pim-debug] op#01 op=V        norm=v_proj     sh=0  dim=4096  heads=16  hd=128 q_dim=2048  kv_heads=16  kv_dim=2048  o_dim=2048  ffn_dim=5504   seqlen=692    qlen=1   cache=N lat=    0.004ms cycles≈4428
[pim-debug] op#02 op=SV       norm=output     sh=0  dim=4096  heads=16  hd=128 q_dim=2048  kv_heads=16  kv_dim=2048  o_dim=2048  ffn_dim=5504   seqlen=692    qlen=1   cache=N lat=    0.002ms cycles≈2056
[pim-debug] op#03 op=O        norm=wo_proj    sh=1  dim=4096  heads=16  hd=128 q_dim=2048  kv_heads=16  kv_dim=2048  o_dim=2048  ffn_dim=5504   seqlen=692    qlen=1   cache=N lat=    0.004ms cycles≈4062
[pim-debug] op#04 op=FFN_W1   norm=ffn_gate   sh=0  dim=4096  heads=16  hd=128 q_dim=2048  kv_heads=16  kv_dim=2048  o_dim=2048  ffn_dim=5504   seqlen=692    qlen=1   cache=N lat=    0.012ms cycles≈11708
[pim-debug] op#05 op=SwiGLU   norm=silu       sh=0  dim=4096  heads=16  hd=128 q_dim=2048  kv_heads=16  kv_dim=2048  o_dim=2048  ffn_dim=5504   seqlen=692    qlen=1   cache=N lat=    0.001ms cycles≈503
[pim-debug] segment total latency: 0.024 ms
========================================================================================
[pim-debug] segment_key=pim|decode|48|fdf6362e664a0dcb3b710140facc51d5
[pim-debug] sig: device_type=pim phase=decode step=48 (count_hint=1)
[pim-debug] ops_repr: V:0,SV:0,O:1,FFN_W1:0,SwiGLU:0
[pim-debug] cfg: shard_policy='fine' shards=2 dim=4096 ffn_dim=11008 n_heads=32 n_kv_heads=auto->n_heads
[pim-debug] pim_config=/lustre/home/2501111916/workspace/XPUPIM_0226_gpupim_parameter/TriForm/algorithms/aim_simulator/PIM_AiM.json
[pim-debug] ramulator_config=/lustre/home/2501111916/workspace/XPUPIM_0226_gpupim_parameter/TriForm/algorithms/aim_simulator/example.yaml
[pim-debug] cost_model config.PIM_FREQ_GHZ=1.0
[pim-debug] op plan (logical shapes inferred from schedule cfg):
  - op#00  op=V        shard=0   x=[1x4096] + w=[2048x4096]  ->  y=[1x2048]  (T=1, K=692)
  - op#01  op=SV       shard=0   p=[16x1x692] + v=[16x692x128]  ->  y=[16x1x128]  (T=1, K=692)
  - op#02  op=O        shard=1   x=[1x2048] + w=[4096x2048]  ->  y=[1x4096]  (T=1, K=692)
  - op#03  op=FFN_W1   shard=0   x=[1x4096] + w=[5504x4096]  ->  y=[1x5504]  (T=1, K=692)
  - op#04  op=SwiGLU   shard=0   a=[1x5504] + b=[1x5504]  ->  y=[1x5504]  (T=1, K=692)
[pim-debug] NOTE: CENT(AiM) trace backend internally uses x shape (1,1,dim) and handles prefill by repeating ops;
           the table below shows the *effective parameters* passed into cost_model_pim_backend for each op.
[pim-debug] op#00 op=V        norm=v_proj     sh=0  dim=4096  heads=16  hd=128 q_dim=2048  kv_heads=16  kv_dim=2048  o_dim=2048  ffn_dim=5504   seqlen=692    qlen=1   cache=N lat=    0.004ms cycles≈4428
[pim-debug] op#01 op=SV       norm=output     sh=0  dim=4096  heads=16  hd=128 q_dim=2048  kv_heads=16  kv_dim=2048  o_dim=2048  ffn_dim=5504   seqlen=692    qlen=1   cache=N lat=    0.002ms cycles≈2056
[pim-debug] op#02 op=O        norm=wo_proj    sh=1  dim=4096  heads=16  hd=128 q_dim=2048  kv_heads=16  kv_dim=2048  o_dim=2048  ffn_dim=5504   seqlen=692    qlen=1   cache=N lat=    0.004ms cycles≈4062
[pim-debug] op#03 op=FFN_W1   norm=ffn_gate   sh=0  dim=4096  heads=16  hd=128 q_dim=2048  kv_heads=16  kv_dim=2048  o_dim=2048  ffn_dim=5504   seqlen=692    qlen=1   cache=N lat=    0.012ms cycles≈11708
[pim-debug] op#04 op=SwiGLU   norm=silu       sh=0  dim=4096  heads=16  hd=128 q_dim=2048  kv_heads=16  kv_dim=2048  o_dim=2048  ffn_dim=5504   seqlen=692    qlen=1   cache=N lat=    0.001ms cycles≈503
[pim-debug] segment total latency: 0.023 ms
========================================================================================
[pim-debug] segment_key=pim|decode|49|18ae37754a97d1f42b25b2cff77caf3f
[pim-debug] sig: device_type=pim phase=decode step=49 (count_hint=32)
[pim-debug] ops_repr: V:1,SV:1,LN:-1,FFN_W1:1,FFN_W3:1,SwiGLU:1,FFN_W2:0
[pim-debug] cfg: shard_policy='fine' shards=2 dim=4096 ffn_dim=11008 n_heads=32 n_kv_heads=auto->n_heads
[pim-debug] pim_config=/lustre/home/2501111916/workspace/XPUPIM_0226_gpupim_parameter/TriForm/algorithms/aim_simulator/PIM_AiM.json
[pim-debug] ramulator_config=/lustre/home/2501111916/workspace/XPUPIM_0226_gpupim_parameter/TriForm/algorithms/aim_simulator/example.yaml
[pim-debug] cost_model config.PIM_FREQ_GHZ=1.0
[pim-debug] op plan (logical shapes inferred from schedule cfg):
  - op#00  op=V        shard=1   x=[1x4096] + w=[2048x4096]  ->  y=[1x2048]  (T=1, K=704)
  - op#01  op=SV       shard=1   p=[16x1x704] + v=[16x704x128]  ->  y=[16x1x128]  (T=1, K=704)
  - op#02  op=LN       shard=-1  x=[1x4096] + w=[4096]  ->  y=[1x4096]  (T=1, K=704)
  - op#03  op=FFN_W1   shard=1   x=[1x4096] + w=[5504x4096]  ->  y=[1x5504]  (T=1, K=704)
  - op#04  op=FFN_W3   shard=1   x=[1x4096] + w=[5504x4096]  ->  y=[1x5504]  (T=1, K=704)
  - op#05  op=SwiGLU   shard=1   a=[1x5504] + b=[1x5504]  ->  y=[1x5504]  (T=1, K=704)
  - op#06  op=FFN_W2   shard=0   x=[1x5504] + w=[4096x5504]  ->  y=[1x4096]  (T=1, K=704)
[pim-debug] NOTE: CENT(AiM) trace backend internally uses x shape (1,1,dim) and handles prefill by repeating ops;
           the table below shows the *effective parameters* passed into cost_model_pim_backend for each op.
[pim-debug] op#00 op=V        norm=v_proj     sh=1  dim=4096  heads=16  hd=128 q_dim=2048  kv_heads=16  kv_dim=2048  o_dim=2048  ffn_dim=5504   seqlen=704    qlen=1   cache=N lat=    0.004ms cycles≈4428
[pim-debug] op#01 op=SV       norm=output     sh=1  dim=4096  heads=16  hd=128 q_dim=2048  kv_heads=16  kv_dim=2048  o_dim=2048  ffn_dim=5504   seqlen=704    qlen=1   cache=N lat=    0.002ms cycles≈2056
[pim-debug] op#02 op=LN       norm=rmsnorm    sh=-1 dim=4096  heads=32  hd=128 q_dim=4096  kv_heads=32  kv_dim=4096  o_dim=4096  ffn_dim=11008  seqlen=704    qlen=1   cache=N lat=    0.001ms cycles≈1314
[pim-debug] op#03 op=FFN_W1   norm=ffn_gate   sh=1  dim=4096  heads=16  hd=128 q_dim=2048  kv_heads=16  kv_dim=2048  o_dim=2048  ffn_dim=5504   seqlen=704    qlen=1   cache=N lat=    0.012ms cycles≈11708
[pim-debug] op#04 op=FFN_W3   norm=ffn_up     sh=1  dim=4096  heads=16  hd=128 q_dim=2048  kv_heads=16  kv_dim=2048  o_dim=2048  ffn_dim=5504   seqlen=704    qlen=1   cache=N lat=    0.011ms cycles≈10896
[pim-debug] op#05 op=SwiGLU   norm=silu       sh=1  dim=4096  heads=16  hd=128 q_dim=2048  kv_heads=16  kv_dim=2048  o_dim=2048  ffn_dim=5504   seqlen=704    qlen=1   cache=N lat=    0.001ms cycles≈503
[pim-debug] op#06 op=FFN_W2   norm=ffn_down   sh=0  dim=4096  heads=16  hd=128 q_dim=2048  kv_heads=16  kv_dim=2048  o_dim=2048  ffn_dim=5504   seqlen=704    qlen=1   cache=N lat=    0.011ms cycles≈11466
[pim-debug] segment total latency: 0.042 ms
========================================================================================
[pim-debug] segment_key=pim|decode|49|fa8b04eaba988353d76eadc6a01ae0d4
[pim-debug] sig: device_type=pim phase=decode step=49 (count_hint=31)
[pim-debug] ops_repr: LN:-1,V:0,SV:0,O:1,FFN_W1:0,SwiGLU:0
[pim-debug] cfg: shard_policy='fine' shards=2 dim=4096 ffn_dim=11008 n_heads=32 n_kv_heads=auto->n_heads
[pim-debug] pim_config=/lustre/home/2501111916/workspace/XPUPIM_0226_gpupim_parameter/TriForm/algorithms/aim_simulator/PIM_AiM.json
[pim-debug] ramulator_config=/lustre/home/2501111916/workspace/XPUPIM_0226_gpupim_parameter/TriForm/algorithms/aim_simulator/example.yaml
[pim-debug] cost_model config.PIM_FREQ_GHZ=1.0
[pim-debug] op plan (logical shapes inferred from schedule cfg):
  - op#00  op=LN       shard=-1  x=[1x4096] + w=[4096]  ->  y=[1x4096]  (T=1, K=704)
  - op#01  op=V        shard=0   x=[1x4096] + w=[2048x4096]  ->  y=[1x2048]  (T=1, K=704)
  - op#02  op=SV       shard=0   p=[16x1x704] + v=[16x704x128]  ->  y=[16x1x128]  (T=1, K=704)
  - op#03  op=O        shard=1   x=[1x2048] + w=[4096x2048]  ->  y=[1x4096]  (T=1, K=704)
  - op#04  op=FFN_W1   shard=0   x=[1x4096] + w=[5504x4096]  ->  y=[1x5504]  (T=1, K=704)
  - op#05  op=SwiGLU   shard=0   a=[1x5504] + b=[1x5504]  ->  y=[1x5504]  (T=1, K=704)
[pim-debug] NOTE: CENT(AiM) trace backend internally uses x shape (1,1,dim) and handles prefill by repeating ops;
           the table below shows the *effective parameters* passed into cost_model_pim_backend for each op.
[pim-debug] op#00 op=LN       norm=rmsnorm    sh=-1 dim=4096  heads=32  hd=128 q_dim=4096  kv_heads=32  kv_dim=4096  o_dim=4096  ffn_dim=11008  seqlen=704    qlen=1   cache=N lat=    0.001ms cycles≈1314
[pim-debug] op#01 op=V        norm=v_proj     sh=0  dim=4096  heads=16  hd=128 q_dim=2048  kv_heads=16  kv_dim=2048  o_dim=2048  ffn_dim=5504   seqlen=704    qlen=1   cache=N lat=    0.004ms cycles≈4428
[pim-debug] op#02 op=SV       norm=output     sh=0  dim=4096  heads=16  hd=128 q_dim=2048  kv_heads=16  kv_dim=2048  o_dim=2048  ffn_dim=5504   seqlen=704    qlen=1   cache=N lat=    0.002ms cycles≈2056
[pim-debug] op#03 op=O        norm=wo_proj    sh=1  dim=4096  heads=16  hd=128 q_dim=2048  kv_heads=16  kv_dim=2048  o_dim=2048  ffn_dim=5504   seqlen=704    qlen=1   cache=N lat=    0.004ms cycles≈4062
[pim-debug] op#04 op=FFN_W1   norm=ffn_gate   sh=0  dim=4096  heads=16  hd=128 q_dim=2048  kv_heads=16  kv_dim=2048  o_dim=2048  ffn_dim=5504   seqlen=704    qlen=1   cache=N lat=    0.012ms cycles≈11708
[pim-debug] op#05 op=SwiGLU   norm=silu       sh=0  dim=4096  heads=16  hd=128 q_dim=2048  kv_heads=16  kv_dim=2048  o_dim=2048  ffn_dim=5504   seqlen=704    qlen=1   cache=N lat=    0.001ms cycles≈503
[pim-debug] segment total latency: 0.024 ms
========================================================================================
[pim-debug] segment_key=pim|decode|49|fdf6362e664a0dcb3b710140facc51d5
[pim-debug] sig: device_type=pim phase=decode step=49 (count_hint=1)
[pim-debug] ops_repr: V:0,SV:0,O:1,FFN_W1:0,SwiGLU:0
[pim-debug] cfg: shard_policy='fine' shards=2 dim=4096 ffn_dim=11008 n_heads=32 n_kv_heads=auto->n_heads
[pim-debug] pim_config=/lustre/home/2501111916/workspace/XPUPIM_0226_gpupim_parameter/TriForm/algorithms/aim_simulator/PIM_AiM.json
[pim-debug] ramulator_config=/lustre/home/2501111916/workspace/XPUPIM_0226_gpupim_parameter/TriForm/algorithms/aim_simulator/example.yaml
[pim-debug] cost_model config.PIM_FREQ_GHZ=1.0
[pim-debug] op plan (logical shapes inferred from schedule cfg):
  - op#00  op=V        shard=0   x=[1x4096] + w=[2048x4096]  ->  y=[1x2048]  (T=1, K=704)
  - op#01  op=SV       shard=0   p=[16x1x704] + v=[16x704x128]  ->  y=[16x1x128]  (T=1, K=704)
  - op#02  op=O        shard=1   x=[1x2048] + w=[4096x2048]  ->  y=[1x4096]  (T=1, K=704)
  - op#03  op=FFN_W1   shard=0   x=[1x4096] + w=[5504x4096]  ->  y=[1x5504]  (T=1, K=704)
  - op#04  op=SwiGLU   shard=0   a=[1x5504] + b=[1x5504]  ->  y=[1x5504]  (T=1, K=704)
[pim-debug] NOTE: CENT(AiM) trace backend internally uses x shape (1,1,dim) and handles prefill by repeating ops;
           the table below shows the *effective parameters* passed into cost_model_pim_backend for each op.
[pim-debug] op#00 op=V        norm=v_proj     sh=0  dim=4096  heads=16  hd=128 q_dim=2048  kv_heads=16  kv_dim=2048  o_dim=2048  ffn_dim=5504   seqlen=704    qlen=1   cache=N lat=    0.004ms cycles≈4428
[pim-debug] op#01 op=SV       norm=output     sh=0  dim=4096  heads=16  hd=128 q_dim=2048  kv_heads=16  kv_dim=2048  o_dim=2048  ffn_dim=5504   seqlen=704    qlen=1   cache=N lat=    0.002ms cycles≈2056
[pim-debug] op#02 op=O        norm=wo_proj    sh=1  dim=4096  heads=16  hd=128 q_dim=2048  kv_heads=16  kv_dim=2048  o_dim=2048  ffn_dim=5504   seqlen=704    qlen=1   cache=N lat=    0.004ms cycles≈4062
[pim-debug] op#03 op=FFN_W1   norm=ffn_gate   sh=0  dim=4096  heads=16  hd=128 q_dim=2048  kv_heads=16  kv_dim=2048  o_dim=2048  ffn_dim=5504   seqlen=704    qlen=1   cache=N lat=    0.012ms cycles≈11708
[pim-debug] op#04 op=SwiGLU   norm=silu       sh=0  dim=4096  heads=16  hd=128 q_dim=2048  kv_heads=16  kv_dim=2048  o_dim=2048  ffn_dim=5504   seqlen=704    qlen=1   cache=N lat=    0.001ms cycles≈503
[pim-debug] segment total latency: 0.023 ms
========================================================================================
[pim-debug] segment_key=pim|decode|4|18ae37754a97d1f42b25b2cff77caf3f
[pim-debug] sig: device_type=pim phase=decode step=4 (count_hint=32)
[pim-debug] ops_repr: V:1,SV:1,LN:-1,FFN_W1:1,FFN_W3:1,SwiGLU:1,FFN_W2:0
[pim-debug] cfg: shard_policy='fine' shards=2 dim=4096 ffn_dim=11008 n_heads=32 n_kv_heads=auto->n_heads
[pim-debug] pim_config=/lustre/home/2501111916/workspace/XPUPIM_0226_gpupim_parameter/TriForm/algorithms/aim_simulator/PIM_AiM.json
[pim-debug] ramulator_config=/lustre/home/2501111916/workspace/XPUPIM_0226_gpupim_parameter/TriForm/algorithms/aim_simulator/example.yaml
[pim-debug] cost_model config.PIM_FREQ_GHZ=1.0
[pim-debug] op plan (logical shapes inferred from schedule cfg):
  - op#00  op=V        shard=1   x=[1x4096] + w=[2048x4096]  ->  y=[1x2048]  (T=1, K=164)
  - op#01  op=SV       shard=1   p=[16x1x164] + v=[16x164x128]  ->  y=[16x1x128]  (T=1, K=164)
  - op#02  op=LN       shard=-1  x=[1x4096] + w=[4096]  ->  y=[1x4096]  (T=1, K=164)
  - op#03  op=FFN_W1   shard=1   x=[1x4096] + w=[5504x4096]  ->  y=[1x5504]  (T=1, K=164)
  - op#04  op=FFN_W3   shard=1   x=[1x4096] + w=[5504x4096]  ->  y=[1x5504]  (T=1, K=164)
  - op#05  op=SwiGLU   shard=1   a=[1x5504] + b=[1x5504]  ->  y=[1x5504]  (T=1, K=164)
  - op#06  op=FFN_W2   shard=0   x=[1x5504] + w=[4096x5504]  ->  y=[1x4096]  (T=1, K=164)
[pim-debug] NOTE: CENT(AiM) trace backend internally uses x shape (1,1,dim) and handles prefill by repeating ops;
           the table below shows the *effective parameters* passed into cost_model_pim_backend for each op.
[pim-debug] op#00 op=V        norm=v_proj     sh=1  dim=4096  heads=16  hd=128 q_dim=2048  kv_heads=16  kv_dim=2048  o_dim=2048  ffn_dim=5504   seqlen=164    qlen=1   cache=N lat=    0.004ms cycles≈4428
[pim-debug] op#01 op=SV       norm=output     sh=1  dim=4096  heads=16  hd=128 q_dim=2048  kv_heads=16  kv_dim=2048  o_dim=2048  ffn_dim=5504   seqlen=164    qlen=1   cache=N lat=    0.001ms cycles≈1462
[pim-debug] op#02 op=LN       norm=rmsnorm    sh=-1 dim=4096  heads=32  hd=128 q_dim=4096  kv_heads=32  kv_dim=4096  o_dim=4096  ffn_dim=11008  seqlen=164    qlen=1   cache=N lat=    0.001ms cycles≈1314
[pim-debug] op#03 op=FFN_W1   norm=ffn_gate   sh=1  dim=4096  heads=16  hd=128 q_dim=2048  kv_heads=16  kv_dim=2048  o_dim=2048  ffn_dim=5504   seqlen=164    qlen=1   cache=N lat=    0.012ms cycles≈11708
[pim-debug] op#04 op=FFN_W3   norm=ffn_up     sh=1  dim=4096  heads=16  hd=128 q_dim=2048  kv_heads=16  kv_dim=2048  o_dim=2048  ffn_dim=5504   seqlen=164    qlen=1   cache=N lat=    0.011ms cycles≈10896
[pim-debug] op#05 op=SwiGLU   norm=silu       sh=1  dim=4096  heads=16  hd=128 q_dim=2048  kv_heads=16  kv_dim=2048  o_dim=2048  ffn_dim=5504   seqlen=164    qlen=1   cache=N lat=    0.001ms cycles≈503
[pim-debug] op#06 op=FFN_W2   norm=ffn_down   sh=0  dim=4096  heads=16  hd=128 q_dim=2048  kv_heads=16  kv_dim=2048  o_dim=2048  ffn_dim=5504   seqlen=164    qlen=1   cache=N lat=    0.011ms cycles≈11466
[pim-debug] segment total latency: 0.042 ms
========================================================================================
[pim-debug] segment_key=pim|decode|4|fa8b04eaba988353d76eadc6a01ae0d4
[pim-debug] sig: device_type=pim phase=decode step=4 (count_hint=31)
[pim-debug] ops_repr: LN:-1,V:0,SV:0,O:1,FFN_W1:0,SwiGLU:0
[pim-debug] cfg: shard_policy='fine' shards=2 dim=4096 ffn_dim=11008 n_heads=32 n_kv_heads=auto->n_heads
[pim-debug] pim_config=/lustre/home/2501111916/workspace/XPUPIM_0226_gpupim_parameter/TriForm/algorithms/aim_simulator/PIM_AiM.json
[pim-debug] ramulator_config=/lustre/home/2501111916/workspace/XPUPIM_0226_gpupim_parameter/TriForm/algorithms/aim_simulator/example.yaml
[pim-debug] cost_model config.PIM_FREQ_GHZ=1.0
[pim-debug] op plan (logical shapes inferred from schedule cfg):
  - op#00  op=LN       shard=-1  x=[1x4096] + w=[4096]  ->  y=[1x4096]  (T=1, K=164)
  - op#01  op=V        shard=0   x=[1x4096] + w=[2048x4096]  ->  y=[1x2048]  (T=1, K=164)
  - op#02  op=SV       shard=0   p=[16x1x164] + v=[16x164x128]  ->  y=[16x1x128]  (T=1, K=164)
  - op#03  op=O        shard=1   x=[1x2048] + w=[4096x2048]  ->  y=[1x4096]  (T=1, K=164)
  - op#04  op=FFN_W1   shard=0   x=[1x4096] + w=[5504x4096]  ->  y=[1x5504]  (T=1, K=164)
  - op#05  op=SwiGLU   shard=0   a=[1x5504] + b=[1x5504]  ->  y=[1x5504]  (T=1, K=164)
[pim-debug] NOTE: CENT(AiM) trace backend internally uses x shape (1,1,dim) and handles prefill by repeating ops;
           the table below shows the *effective parameters* passed into cost_model_pim_backend for each op.
[pim-debug] op#00 op=LN       norm=rmsnorm    sh=-1 dim=4096  heads=32  hd=128 q_dim=4096  kv_heads=32  kv_dim=4096  o_dim=4096  ffn_dim=11008  seqlen=164    qlen=1   cache=N lat=    0.001ms cycles≈1314
[pim-debug] op#01 op=V        norm=v_proj     sh=0  dim=4096  heads=16  hd=128 q_dim=2048  kv_heads=16  kv_dim=2048  o_dim=2048  ffn_dim=5504   seqlen=164    qlen=1   cache=N lat=    0.004ms cycles≈4428
[pim-debug] op#02 op=SV       norm=output     sh=0  dim=4096  heads=16  hd=128 q_dim=2048  kv_heads=16  kv_dim=2048  o_dim=2048  ffn_dim=5504   seqlen=164    qlen=1   cache=N lat=    0.001ms cycles≈1462
[pim-debug] op#03 op=O        norm=wo_proj    sh=1  dim=4096  heads=16  hd=128 q_dim=2048  kv_heads=16  kv_dim=2048  o_dim=2048  ffn_dim=5504   seqlen=164    qlen=1   cache=N lat=    0.004ms cycles≈4062
[pim-debug] op#04 op=FFN_W1   norm=ffn_gate   sh=0  dim=4096  heads=16  hd=128 q_dim=2048  kv_heads=16  kv_dim=2048  o_dim=2048  ffn_dim=5504   seqlen=164    qlen=1   cache=N lat=    0.012ms cycles≈11708
[pim-debug] op#05 op=SwiGLU   norm=silu       sh=0  dim=4096  heads=16  hd=128 q_dim=2048  kv_heads=16  kv_dim=2048  o_dim=2048  ffn_dim=5504   seqlen=164    qlen=1   cache=N lat=    0.001ms cycles≈503
[pim-debug] segment total latency: 0.023 ms
========================================================================================
[pim-debug] segment_key=pim|decode|4|fdf6362e664a0dcb3b710140facc51d5
[pim-debug] sig: device_type=pim phase=decode step=4 (count_hint=1)
[pim-debug] ops_repr: V:0,SV:0,O:1,FFN_W1:0,SwiGLU:0
[pim-debug] cfg: shard_policy='fine' shards=2 dim=4096 ffn_dim=11008 n_heads=32 n_kv_heads=auto->n_heads
[pim-debug] pim_config=/lustre/home/2501111916/workspace/XPUPIM_0226_gpupim_parameter/TriForm/algorithms/aim_simulator/PIM_AiM.json
[pim-debug] ramulator_config=/lustre/home/2501111916/workspace/XPUPIM_0226_gpupim_parameter/TriForm/algorithms/aim_simulator/example.yaml
[pim-debug] cost_model config.PIM_FREQ_GHZ=1.0
[pim-debug] op plan (logical shapes inferred from schedule cfg):
  - op#00  op=V        shard=0   x=[1x4096] + w=[2048x4096]  ->  y=[1x2048]  (T=1, K=164)
  - op#01  op=SV       shard=0   p=[16x1x164] + v=[16x164x128]  ->  y=[16x1x128]  (T=1, K=164)
  - op#02  op=O        shard=1   x=[1x2048] + w=[4096x2048]  ->  y=[1x4096]  (T=1, K=164)
  - op#03  op=FFN_W1   shard=0   x=[1x4096] + w=[5504x4096]  ->  y=[1x5504]  (T=1, K=164)
  - op#04  op=SwiGLU   shard=0   a=[1x5504] + b=[1x5504]  ->  y=[1x5504]  (T=1, K=164)
[pim-debug] NOTE: CENT(AiM) trace backend internally uses x shape (1,1,dim) and handles prefill by repeating ops;
           the table below shows the *effective parameters* passed into cost_model_pim_backend for each op.
[pim-debug] op#00 op=V        norm=v_proj     sh=0  dim=4096  heads=16  hd=128 q_dim=2048  kv_heads=16  kv_dim=2048  o_dim=2048  ffn_dim=5504   seqlen=164    qlen=1   cache=N lat=    0.004ms cycles≈4428
[pim-debug] op#01 op=SV       norm=output     sh=0  dim=4096  heads=16  hd=128 q_dim=2048  kv_heads=16  kv_dim=2048  o_dim=2048  ffn_dim=5504   seqlen=164    qlen=1   cache=N lat=    0.001ms cycles≈1462
[pim-debug] op#02 op=O        norm=wo_proj    sh=1  dim=4096  heads=16  hd=128 q_dim=2048  kv_heads=16  kv_dim=2048  o_dim=2048  ffn_dim=5504   seqlen=164    qlen=1   cache=N lat=    0.004ms cycles≈4062
[pim-debug] op#03 op=FFN_W1   norm=ffn_gate   sh=0  dim=4096  heads=16  hd=128 q_dim=2048  kv_heads=16  kv_dim=2048  o_dim=2048  ffn_dim=5504   seqlen=164    qlen=1   cache=N lat=    0.012ms cycles≈11708
[pim-debug] op#04 op=SwiGLU   norm=silu       sh=0  dim=4096  heads=16  hd=128 q_dim=2048  kv_heads=16  kv_dim=2048  o_dim=2048  ffn_dim=5504   seqlen=164    qlen=1   cache=N lat=    0.001ms cycles≈503
[pim-debug] segment total latency: 0.022 ms
========================================================================================
[pim-debug] segment_key=pim|decode|50|18ae37754a97d1f42b25b2cff77caf3f
[pim-debug] sig: device_type=pim phase=decode step=50 (count_hint=32)
[pim-debug] ops_repr: V:1,SV:1,LN:-1,FFN_W1:1,FFN_W3:1,SwiGLU:1,FFN_W2:0
[pim-debug] cfg: shard_policy='fine' shards=2 dim=4096 ffn_dim=11008 n_heads=32 n_kv_heads=auto->n_heads
[pim-debug] pim_config=/lustre/home/2501111916/workspace/XPUPIM_0226_gpupim_parameter/TriForm/algorithms/aim_simulator/PIM_AiM.json
[pim-debug] ramulator_config=/lustre/home/2501111916/workspace/XPUPIM_0226_gpupim_parameter/TriForm/algorithms/aim_simulator/example.yaml
[pim-debug] cost_model config.PIM_FREQ_GHZ=1.0
[pim-debug] op plan (logical shapes inferred from schedule cfg):
  - op#00  op=V        shard=1   x=[1x4096] + w=[2048x4096]  ->  y=[1x2048]  (T=1, K=716)
  - op#01  op=SV       shard=1   p=[16x1x716] + v=[16x716x128]  ->  y=[16x1x128]  (T=1, K=716)
  - op#02  op=LN       shard=-1  x=[1x4096] + w=[4096]  ->  y=[1x4096]  (T=1, K=716)
  - op#03  op=FFN_W1   shard=1   x=[1x4096] + w=[5504x4096]  ->  y=[1x5504]  (T=1, K=716)
  - op#04  op=FFN_W3   shard=1   x=[1x4096] + w=[5504x4096]  ->  y=[1x5504]  (T=1, K=716)
  - op#05  op=SwiGLU   shard=1   a=[1x5504] + b=[1x5504]  ->  y=[1x5504]  (T=1, K=716)
  - op#06  op=FFN_W2   shard=0   x=[1x5504] + w=[4096x5504]  ->  y=[1x4096]  (T=1, K=716)
[pim-debug] NOTE: CENT(AiM) trace backend internally uses x shape (1,1,dim) and handles prefill by repeating ops;
           the table below shows the *effective parameters* passed into cost_model_pim_backend for each op.
[pim-debug] op#00 op=V        norm=v_proj     sh=1  dim=4096  heads=16  hd=128 q_dim=2048  kv_heads=16  kv_dim=2048  o_dim=2048  ffn_dim=5504   seqlen=716    qlen=1   cache=N lat=    0.004ms cycles≈4428
[pim-debug] op#01 op=SV       norm=output     sh=1  dim=4096  heads=16  hd=128 q_dim=2048  kv_heads=16  kv_dim=2048  o_dim=2048  ffn_dim=5504   seqlen=716    qlen=1   cache=N lat=    0.002ms cycles≈2074
[pim-debug] op#02 op=LN       norm=rmsnorm    sh=-1 dim=4096  heads=32  hd=128 q_dim=4096  kv_heads=32  kv_dim=4096  o_dim=4096  ffn_dim=11008  seqlen=716    qlen=1   cache=N lat=    0.001ms cycles≈1314
[pim-debug] op#03 op=FFN_W1   norm=ffn_gate   sh=1  dim=4096  heads=16  hd=128 q_dim=2048  kv_heads=16  kv_dim=2048  o_dim=2048  ffn_dim=5504   seqlen=716    qlen=1   cache=N lat=    0.012ms cycles≈11708
[pim-debug] op#04 op=FFN_W3   norm=ffn_up     sh=1  dim=4096  heads=16  hd=128 q_dim=2048  kv_heads=16  kv_dim=2048  o_dim=2048  ffn_dim=5504   seqlen=716    qlen=1   cache=N lat=    0.011ms cycles≈10896
[pim-debug] op#05 op=SwiGLU   norm=silu       sh=1  dim=4096  heads=16  hd=128 q_dim=2048  kv_heads=16  kv_dim=2048  o_dim=2048  ffn_dim=5504   seqlen=716    qlen=1   cache=N lat=    0.001ms cycles≈503
[pim-debug] op#06 op=FFN_W2   norm=ffn_down   sh=0  dim=4096  heads=16  hd=128 q_dim=2048  kv_heads=16  kv_dim=2048  o_dim=2048  ffn_dim=5504   seqlen=716    qlen=1   cache=N lat=    0.011ms cycles≈11466
[pim-debug] segment total latency: 0.042 ms
========================================================================================
[pim-debug] segment_key=pim|decode|50|fa8b04eaba988353d76eadc6a01ae0d4
[pim-debug] sig: device_type=pim phase=decode step=50 (count_hint=31)
[pim-debug] ops_repr: LN:-1,V:0,SV:0,O:1,FFN_W1:0,SwiGLU:0
[pim-debug] cfg: shard_policy='fine' shards=2 dim=4096 ffn_dim=11008 n_heads=32 n_kv_heads=auto->n_heads
[pim-debug] pim_config=/lustre/home/2501111916/workspace/XPUPIM_0226_gpupim_parameter/TriForm/algorithms/aim_simulator/PIM_AiM.json
[pim-debug] ramulator_config=/lustre/home/2501111916/workspace/XPUPIM_0226_gpupim_parameter/TriForm/algorithms/aim_simulator/example.yaml
[pim-debug] cost_model config.PIM_FREQ_GHZ=1.0
[pim-debug] op plan (logical shapes inferred from schedule cfg):
  - op#00  op=LN       shard=-1  x=[1x4096] + w=[4096]  ->  y=[1x4096]  (T=1, K=716)
  - op#01  op=V        shard=0   x=[1x4096] + w=[2048x4096]  ->  y=[1x2048]  (T=1, K=716)
  - op#02  op=SV       shard=0   p=[16x1x716] + v=[16x716x128]  ->  y=[16x1x128]  (T=1, K=716)
  - op#03  op=O        shard=1   x=[1x2048] + w=[4096x2048]  ->  y=[1x4096]  (T=1, K=716)
  - op#04  op=FFN_W1   shard=0   x=[1x4096] + w=[5504x4096]  ->  y=[1x5504]  (T=1, K=716)
  - op#05  op=SwiGLU   shard=0   a=[1x5504] + b=[1x5504]  ->  y=[1x5504]  (T=1, K=716)
[pim-debug] NOTE: CENT(AiM) trace backend internally uses x shape (1,1,dim) and handles prefill by repeating ops;
           the table below shows the *effective parameters* passed into cost_model_pim_backend for each op.
[pim-debug] op#00 op=LN       norm=rmsnorm    sh=-1 dim=4096  heads=32  hd=128 q_dim=4096  kv_heads=32  kv_dim=4096  o_dim=4096  ffn_dim=11008  seqlen=716    qlen=1   cache=N lat=    0.001ms cycles≈1314
[pim-debug] op#01 op=V        norm=v_proj     sh=0  dim=4096  heads=16  hd=128 q_dim=2048  kv_heads=16  kv_dim=2048  o_dim=2048  ffn_dim=5504   seqlen=716    qlen=1   cache=N lat=    0.004ms cycles≈4428
[pim-debug] op#02 op=SV       norm=output     sh=0  dim=4096  heads=16  hd=128 q_dim=2048  kv_heads=16  kv_dim=2048  o_dim=2048  ffn_dim=5504   seqlen=716    qlen=1   cache=N lat=    0.002ms cycles≈2074
[pim-debug] op#03 op=O        norm=wo_proj    sh=1  dim=4096  heads=16  hd=128 q_dim=2048  kv_heads=16  kv_dim=2048  o_dim=2048  ffn_dim=5504   seqlen=716    qlen=1   cache=N lat=    0.004ms cycles≈4062
[pim-debug] op#04 op=FFN_W1   norm=ffn_gate   sh=0  dim=4096  heads=16  hd=128 q_dim=2048  kv_heads=16  kv_dim=2048  o_dim=2048  ffn_dim=5504   seqlen=716    qlen=1   cache=N lat=    0.012ms cycles≈11708
[pim-debug] op#05 op=SwiGLU   norm=silu       sh=0  dim=4096  heads=16  hd=128 q_dim=2048  kv_heads=16  kv_dim=2048  o_dim=2048  ffn_dim=5504   seqlen=716    qlen=1   cache=N lat=    0.001ms cycles≈503
[pim-debug] segment total latency: 0.024 ms
========================================================================================
[pim-debug] segment_key=pim|decode|50|fdf6362e664a0dcb3b710140facc51d5
[pim-debug] sig: device_type=pim phase=decode step=50 (count_hint=1)
[pim-debug] ops_repr: V:0,SV:0,O:1,FFN_W1:0,SwiGLU:0
[pim-debug] cfg: shard_policy='fine' shards=2 dim=4096 ffn_dim=11008 n_heads=32 n_kv_heads=auto->n_heads
[pim-debug] pim_config=/lustre/home/2501111916/workspace/XPUPIM_0226_gpupim_parameter/TriForm/algorithms/aim_simulator/PIM_AiM.json
[pim-debug] ramulator_config=/lustre/home/2501111916/workspace/XPUPIM_0226_gpupim_parameter/TriForm/algorithms/aim_simulator/example.yaml
[pim-debug] cost_model config.PIM_FREQ_GHZ=1.0
[pim-debug] op plan (logical shapes inferred from schedule cfg):
  - op#00  op=V        shard=0   x=[1x4096] + w=[2048x4096]  ->  y=[1x2048]  (T=1, K=716)
  - op#01  op=SV       shard=0   p=[16x1x716] + v=[16x716x128]  ->  y=[16x1x128]  (T=1, K=716)
  - op#02  op=O        shard=1   x=[1x2048] + w=[4096x2048]  ->  y=[1x4096]  (T=1, K=716)
  - op#03  op=FFN_W1   shard=0   x=[1x4096] + w=[5504x4096]  ->  y=[1x5504]  (T=1, K=716)
  - op#04  op=SwiGLU   shard=0   a=[1x5504] + b=[1x5504]  ->  y=[1x5504]  (T=1, K=716)
[pim-debug] NOTE: CENT(AiM) trace backend internally uses x shape (1,1,dim) and handles prefill by repeating ops;
           the table below shows the *effective parameters* passed into cost_model_pim_backend for each op.
[pim-debug] op#00 op=V        norm=v_proj     sh=0  dim=4096  heads=16  hd=128 q_dim=2048  kv_heads=16  kv_dim=2048  o_dim=2048  ffn_dim=5504   seqlen=716    qlen=1   cache=N lat=    0.004ms cycles≈4428
[pim-debug] op#01 op=SV       norm=output     sh=0  dim=4096  heads=16  hd=128 q_dim=2048  kv_heads=16  kv_dim=2048  o_dim=2048  ffn_dim=5504   seqlen=716    qlen=1   cache=N lat=    0.002ms cycles≈2074
[pim-debug] op#02 op=O        norm=wo_proj    sh=1  dim=4096  heads=16  hd=128 q_dim=2048  kv_heads=16  kv_dim=2048  o_dim=2048  ffn_dim=5504   seqlen=716    qlen=1   cache=N lat=    0.004ms cycles≈4062
[pim-debug] op#03 op=FFN_W1   norm=ffn_gate   sh=0  dim=4096  heads=16  hd=128 q_dim=2048  kv_heads=16  kv_dim=2048  o_dim=2048  ffn_dim=5504   seqlen=716    qlen=1   cache=N lat=    0.012ms cycles≈11708
[pim-debug] op#04 op=SwiGLU   norm=silu       sh=0  dim=4096  heads=16  hd=128 q_dim=2048  kv_heads=16  kv_dim=2048  o_dim=2048  ffn_dim=5504   seqlen=716    qlen=1   cache=N lat=    0.001ms cycles≈503
[pim-debug] segment total latency: 0.023 ms
========================================================================================
[pim-debug] segment_key=pim|decode|51|18ae37754a97d1f42b25b2cff77caf3f
[pim-debug] sig: device_type=pim phase=decode step=51 (count_hint=32)
[pim-debug] ops_repr: V:1,SV:1,LN:-1,FFN_W1:1,FFN_W3:1,SwiGLU:1,FFN_W2:0
[pim-debug] cfg: shard_policy='fine' shards=2 dim=4096 ffn_dim=11008 n_heads=32 n_kv_heads=auto->n_heads
[pim-debug] pim_config=/lustre/home/2501111916/workspace/XPUPIM_0226_gpupim_parameter/TriForm/algorithms/aim_simulator/PIM_AiM.json
[pim-debug] ramulator_config=/lustre/home/2501111916/workspace/XPUPIM_0226_gpupim_parameter/TriForm/algorithms/aim_simulator/example.yaml
[pim-debug] cost_model config.PIM_FREQ_GHZ=1.0
[pim-debug] op plan (logical shapes inferred from schedule cfg):
  - op#00  op=V        shard=1   x=[1x4096] + w=[2048x4096]  ->  y=[1x2048]  (T=1, K=728)
  - op#01  op=SV       shard=1   p=[16x1x728] + v=[16x728x128]  ->  y=[16x1x128]  (T=1, K=728)
  - op#02  op=LN       shard=-1  x=[1x4096] + w=[4096]  ->  y=[1x4096]  (T=1, K=728)
  - op#03  op=FFN_W1   shard=1   x=[1x4096] + w=[5504x4096]  ->  y=[1x5504]  (T=1, K=728)
  - op#04  op=FFN_W3   shard=1   x=[1x4096] + w=[5504x4096]  ->  y=[1x5504]  (T=1, K=728)
  - op#05  op=SwiGLU   shard=1   a=[1x5504] + b=[1x5504]  ->  y=[1x5504]  (T=1, K=728)
  - op#06  op=FFN_W2   shard=0   x=[1x5504] + w=[4096x5504]  ->  y=[1x4096]  (T=1, K=728)
[pim-debug] NOTE: CENT(AiM) trace backend internally uses x shape (1,1,dim) and handles prefill by repeating ops;
           the table below shows the *effective parameters* passed into cost_model_pim_backend for each op.
[pim-debug] op#00 op=V        norm=v_proj     sh=1  dim=4096  heads=16  hd=128 q_dim=2048  kv_heads=16  kv_dim=2048  o_dim=2048  ffn_dim=5504   seqlen=728    qlen=1   cache=N lat=    0.004ms cycles≈4428
[pim-debug] op#01 op=SV       norm=output     sh=1  dim=4096  heads=16  hd=128 q_dim=2048  kv_heads=16  kv_dim=2048  o_dim=2048  ffn_dim=5504   seqlen=728    qlen=1   cache=N lat=    0.002ms cycles≈2092
[pim-debug] op#02 op=LN       norm=rmsnorm    sh=-1 dim=4096  heads=32  hd=128 q_dim=4096  kv_heads=32  kv_dim=4096  o_dim=4096  ffn_dim=11008  seqlen=728    qlen=1   cache=N lat=    0.001ms cycles≈1314
[pim-debug] op#03 op=FFN_W1   norm=ffn_gate   sh=1  dim=4096  heads=16  hd=128 q_dim=2048  kv_heads=16  kv_dim=2048  o_dim=2048  ffn_dim=5504   seqlen=728    qlen=1   cache=N lat=    0.012ms cycles≈11708
[pim-debug] op#04 op=FFN_W3   norm=ffn_up     sh=1  dim=4096  heads=16  hd=128 q_dim=2048  kv_heads=16  kv_dim=2048  o_dim=2048  ffn_dim=5504   seqlen=728    qlen=1   cache=N lat=    0.011ms cycles≈10896
[pim-debug] op#05 op=SwiGLU   norm=silu       sh=1  dim=4096  heads=16  hd=128 q_dim=2048  kv_heads=16  kv_dim=2048  o_dim=2048  ffn_dim=5504   seqlen=728    qlen=1   cache=N lat=    0.001ms cycles≈503
[pim-debug] op#06 op=FFN_W2   norm=ffn_down   sh=0  dim=4096  heads=16  hd=128 q_dim=2048  kv_heads=16  kv_dim=2048  o_dim=2048  ffn_dim=5504   seqlen=728    qlen=1   cache=N lat=    0.011ms cycles≈11466
[pim-debug] segment total latency: 0.042 ms
========================================================================================
[pim-debug] segment_key=pim|decode|51|fa8b04eaba988353d76eadc6a01ae0d4
[pim-debug] sig: device_type=pim phase=decode step=51 (count_hint=31)
[pim-debug] ops_repr: LN:-1,V:0,SV:0,O:1,FFN_W1:0,SwiGLU:0
[pim-debug] cfg: shard_policy='fine' shards=2 dim=4096 ffn_dim=11008 n_heads=32 n_kv_heads=auto->n_heads
[pim-debug] pim_config=/lustre/home/2501111916/workspace/XPUPIM_0226_gpupim_parameter/TriForm/algorithms/aim_simulator/PIM_AiM.json
[pim-debug] ramulator_config=/lustre/home/2501111916/workspace/XPUPIM_0226_gpupim_parameter/TriForm/algorithms/aim_simulator/example.yaml
[pim-debug] cost_model config.PIM_FREQ_GHZ=1.0
[pim-debug] op plan (logical shapes inferred from schedule cfg):
  - op#00  op=LN       shard=-1  x=[1x4096] + w=[4096]  ->  y=[1x4096]  (T=1, K=728)
  - op#01  op=V        shard=0   x=[1x4096] + w=[2048x4096]  ->  y=[1x2048]  (T=1, K=728)
  - op#02  op=SV       shard=0   p=[16x1x728] + v=[16x728x128]  ->  y=[16x1x128]  (T=1, K=728)
  - op#03  op=O        shard=1   x=[1x2048] + w=[4096x2048]  ->  y=[1x4096]  (T=1, K=728)
  - op#04  op=FFN_W1   shard=0   x=[1x4096] + w=[5504x4096]  ->  y=[1x5504]  (T=1, K=728)
  - op#05  op=SwiGLU   shard=0   a=[1x5504] + b=[1x5504]  ->  y=[1x5504]  (T=1, K=728)
[pim-debug] NOTE: CENT(AiM) trace backend internally uses x shape (1,1,dim) and handles prefill by repeating ops;
           the table below shows the *effective parameters* passed into cost_model_pim_backend for each op.
[pim-debug] op#00 op=LN       norm=rmsnorm    sh=-1 dim=4096  heads=32  hd=128 q_dim=4096  kv_heads=32  kv_dim=4096  o_dim=4096  ffn_dim=11008  seqlen=728    qlen=1   cache=N lat=    0.001ms cycles≈1314
[pim-debug] op#01 op=V        norm=v_proj     sh=0  dim=4096  heads=16  hd=128 q_dim=2048  kv_heads=16  kv_dim=2048  o_dim=2048  ffn_dim=5504   seqlen=728    qlen=1   cache=N lat=    0.004ms cycles≈4428
[pim-debug] op#02 op=SV       norm=output     sh=0  dim=4096  heads=16  hd=128 q_dim=2048  kv_heads=16  kv_dim=2048  o_dim=2048  ffn_dim=5504   seqlen=728    qlen=1   cache=N lat=    0.002ms cycles≈2092
[pim-debug] op#03 op=O        norm=wo_proj    sh=1  dim=4096  heads=16  hd=128 q_dim=2048  kv_heads=16  kv_dim=2048  o_dim=2048  ffn_dim=5504   seqlen=728    qlen=1   cache=N lat=    0.004ms cycles≈4062
[pim-debug] op#04 op=FFN_W1   norm=ffn_gate   sh=0  dim=4096  heads=16  hd=128 q_dim=2048  kv_heads=16  kv_dim=2048  o_dim=2048  ffn_dim=5504   seqlen=728    qlen=1   cache=N lat=    0.012ms cycles≈11708
[pim-debug] op#05 op=SwiGLU   norm=silu       sh=0  dim=4096  heads=16  hd=128 q_dim=2048  kv_heads=16  kv_dim=2048  o_dim=2048  ffn_dim=5504   seqlen=728    qlen=1   cache=N lat=    0.001ms cycles≈503
[pim-debug] segment total latency: 0.024 ms
========================================================================================
[pim-debug] segment_key=pim|decode|51|fdf6362e664a0dcb3b710140facc51d5
[pim-debug] sig: device_type=pim phase=decode step=51 (count_hint=1)
[pim-debug] ops_repr: V:0,SV:0,O:1,FFN_W1:0,SwiGLU:0
[pim-debug] cfg: shard_policy='fine' shards=2 dim=4096 ffn_dim=11008 n_heads=32 n_kv_heads=auto->n_heads
[pim-debug] pim_config=/lustre/home/2501111916/workspace/XPUPIM_0226_gpupim_parameter/TriForm/algorithms/aim_simulator/PIM_AiM.json
[pim-debug] ramulator_config=/lustre/home/2501111916/workspace/XPUPIM_0226_gpupim_parameter/TriForm/algorithms/aim_simulator/example.yaml
[pim-debug] cost_model config.PIM_FREQ_GHZ=1.0
[pim-debug] op plan (logical shapes inferred from schedule cfg):
  - op#00  op=V        shard=0   x=[1x4096] + w=[2048x4096]  ->  y=[1x2048]  (T=1, K=728)
  - op#01  op=SV       shard=0   p=[16x1x728] + v=[16x728x128]  ->  y=[16x1x128]  (T=1, K=728)
  - op#02  op=O        shard=1   x=[1x2048] + w=[4096x2048]  ->  y=[1x4096]  (T=1, K=728)
  - op#03  op=FFN_W1   shard=0   x=[1x4096] + w=[5504x4096]  ->  y=[1x5504]  (T=1, K=728)
  - op#04  op=SwiGLU   shard=0   a=[1x5504] + b=[1x5504]  ->  y=[1x5504]  (T=1, K=728)
[pim-debug] NOTE: CENT(AiM) trace backend internally uses x shape (1,1,dim) and handles prefill by repeating ops;
           the table below shows the *effective parameters* passed into cost_model_pim_backend for each op.
[pim-debug] op#00 op=V        norm=v_proj     sh=0  dim=4096  heads=16  hd=128 q_dim=2048  kv_heads=16  kv_dim=2048  o_dim=2048  ffn_dim=5504   seqlen=728    qlen=1   cache=N lat=    0.004ms cycles≈4428
[pim-debug] op#01 op=SV       norm=output     sh=0  dim=4096  heads=16  hd=128 q_dim=2048  kv_heads=16  kv_dim=2048  o_dim=2048  ffn_dim=5504   seqlen=728    qlen=1   cache=N lat=    0.002ms cycles≈2092
[pim-debug] op#02 op=O        norm=wo_proj    sh=1  dim=4096  heads=16  hd=128 q_dim=2048  kv_heads=16  kv_dim=2048  o_dim=2048  ffn_dim=5504   seqlen=728    qlen=1   cache=N lat=    0.004ms cycles≈4062
[pim-debug] op#03 op=FFN_W1   norm=ffn_gate   sh=0  dim=4096  heads=16  hd=128 q_dim=2048  kv_heads=16  kv_dim=2048  o_dim=2048  ffn_dim=5504   seqlen=728    qlen=1   cache=N lat=    0.012ms cycles≈11708
[pim-debug] op#04 op=SwiGLU   norm=silu       sh=0  dim=4096  heads=16  hd=128 q_dim=2048  kv_heads=16  kv_dim=2048  o_dim=2048  ffn_dim=5504   seqlen=728    qlen=1   cache=N lat=    0.001ms cycles≈503
[pim-debug] segment total latency: 0.023 ms
========================================================================================
[pim-debug] segment_key=pim|decode|52|18ae37754a97d1f42b25b2cff77caf3f
[pim-debug] sig: device_type=pim phase=decode step=52 (count_hint=32)
[pim-debug] ops_repr: V:1,SV:1,LN:-1,FFN_W1:1,FFN_W3:1,SwiGLU:1,FFN_W2:0
[pim-debug] cfg: shard_policy='fine' shards=2 dim=4096 ffn_dim=11008 n_heads=32 n_kv_heads=auto->n_heads
[pim-debug] pim_config=/lustre/home/2501111916/workspace/XPUPIM_0226_gpupim_parameter/TriForm/algorithms/aim_simulator/PIM_AiM.json
[pim-debug] ramulator_config=/lustre/home/2501111916/workspace/XPUPIM_0226_gpupim_parameter/TriForm/algorithms/aim_simulator/example.yaml
[pim-debug] cost_model config.PIM_FREQ_GHZ=1.0
[pim-debug] op plan (logical shapes inferred from schedule cfg):
  - op#00  op=V        shard=1   x=[1x4096] + w=[2048x4096]  ->  y=[1x2048]  (T=1, K=740)
  - op#01  op=SV       shard=1   p=[16x1x740] + v=[16x740x128]  ->  y=[16x1x128]  (T=1, K=740)
  - op#02  op=LN       shard=-1  x=[1x4096] + w=[4096]  ->  y=[1x4096]  (T=1, K=740)
  - op#03  op=FFN_W1   shard=1   x=[1x4096] + w=[5504x4096]  ->  y=[1x5504]  (T=1, K=740)
  - op#04  op=FFN_W3   shard=1   x=[1x4096] + w=[5504x4096]  ->  y=[1x5504]  (T=1, K=740)
  - op#05  op=SwiGLU   shard=1   a=[1x5504] + b=[1x5504]  ->  y=[1x5504]  (T=1, K=740)
  - op#06  op=FFN_W2   shard=0   x=[1x5504] + w=[4096x5504]  ->  y=[1x4096]  (T=1, K=740)
[pim-debug] NOTE: CENT(AiM) trace backend internally uses x shape (1,1,dim) and handles prefill by repeating ops;
           the table below shows the *effective parameters* passed into cost_model_pim_backend for each op.
[pim-debug] op#00 op=V        norm=v_proj     sh=1  dim=4096  heads=16  hd=128 q_dim=2048  kv_heads=16  kv_dim=2048  o_dim=2048  ffn_dim=5504   seqlen=740    qlen=1   cache=N lat=    0.004ms cycles≈4428
[pim-debug] op#01 op=SV       norm=output     sh=1  dim=4096  heads=16  hd=128 q_dim=2048  kv_heads=16  kv_dim=2048  o_dim=2048  ffn_dim=5504   seqlen=740    qlen=1   cache=N lat=    0.002ms cycles≈2110
[pim-debug] op#02 op=LN       norm=rmsnorm    sh=-1 dim=4096  heads=32  hd=128 q_dim=4096  kv_heads=32  kv_dim=4096  o_dim=4096  ffn_dim=11008  seqlen=740    qlen=1   cache=N lat=    0.001ms cycles≈1314
[pim-debug] op#03 op=FFN_W1   norm=ffn_gate   sh=1  dim=4096  heads=16  hd=128 q_dim=2048  kv_heads=16  kv_dim=2048  o_dim=2048  ffn_dim=5504   seqlen=740    qlen=1   cache=N lat=    0.012ms cycles≈11708
[pim-debug] op#04 op=FFN_W3   norm=ffn_up     sh=1  dim=4096  heads=16  hd=128 q_dim=2048  kv_heads=16  kv_dim=2048  o_dim=2048  ffn_dim=5504   seqlen=740    qlen=1   cache=N lat=    0.011ms cycles≈10896
[pim-debug] op#05 op=SwiGLU   norm=silu       sh=1  dim=4096  heads=16  hd=128 q_dim=2048  kv_heads=16  kv_dim=2048  o_dim=2048  ffn_dim=5504   seqlen=740    qlen=1   cache=N lat=    0.001ms cycles≈503
[pim-debug] op#06 op=FFN_W2   norm=ffn_down   sh=0  dim=4096  heads=16  hd=128 q_dim=2048  kv_heads=16  kv_dim=2048  o_dim=2048  ffn_dim=5504   seqlen=740    qlen=1   cache=N lat=    0.011ms cycles≈11466
[pim-debug] segment total latency: 0.042 ms
========================================================================================
[pim-debug] segment_key=pim|decode|52|fa8b04eaba988353d76eadc6a01ae0d4
[pim-debug] sig: device_type=pim phase=decode step=52 (count_hint=31)
[pim-debug] ops_repr: LN:-1,V:0,SV:0,O:1,FFN_W1:0,SwiGLU:0
[pim-debug] cfg: shard_policy='fine' shards=2 dim=4096 ffn_dim=11008 n_heads=32 n_kv_heads=auto->n_heads
[pim-debug] pim_config=/lustre/home/2501111916/workspace/XPUPIM_0226_gpupim_parameter/TriForm/algorithms/aim_simulator/PIM_AiM.json
[pim-debug] ramulator_config=/lustre/home/2501111916/workspace/XPUPIM_0226_gpupim_parameter/TriForm/algorithms/aim_simulator/example.yaml
[pim-debug] cost_model config.PIM_FREQ_GHZ=1.0
[pim-debug] op plan (logical shapes inferred from schedule cfg):
  - op#00  op=LN       shard=-1  x=[1x4096] + w=[4096]  ->  y=[1x4096]  (T=1, K=740)
  - op#01  op=V        shard=0   x=[1x4096] + w=[2048x4096]  ->  y=[1x2048]  (T=1, K=740)
  - op#02  op=SV       shard=0   p=[16x1x740] + v=[16x740x128]  ->  y=[16x1x128]  (T=1, K=740)
  - op#03  op=O        shard=1   x=[1x2048] + w=[4096x2048]  ->  y=[1x4096]  (T=1, K=740)
  - op#04  op=FFN_W1   shard=0   x=[1x4096] + w=[5504x4096]  ->  y=[1x5504]  (T=1, K=740)
  - op#05  op=SwiGLU   shard=0   a=[1x5504] + b=[1x5504]  ->  y=[1x5504]  (T=1, K=740)
[pim-debug] NOTE: CENT(AiM) trace backend internally uses x shape (1,1,dim) and handles prefill by repeating ops;
           the table below shows the *effective parameters* passed into cost_model_pim_backend for each op.
[pim-debug] op#00 op=LN       norm=rmsnorm    sh=-1 dim=4096  heads=32  hd=128 q_dim=4096  kv_heads=32  kv_dim=4096  o_dim=4096  ffn_dim=11008  seqlen=740    qlen=1   cache=N lat=    0.001ms cycles≈1314
[pim-debug] op#01 op=V        norm=v_proj     sh=0  dim=4096  heads=16  hd=128 q_dim=2048  kv_heads=16  kv_dim=2048  o_dim=2048  ffn_dim=5504   seqlen=740    qlen=1   cache=N lat=    0.004ms cycles≈4428
[pim-debug] op#02 op=SV       norm=output     sh=0  dim=4096  heads=16  hd=128 q_dim=2048  kv_heads=16  kv_dim=2048  o_dim=2048  ffn_dim=5504   seqlen=740    qlen=1   cache=N lat=    0.002ms cycles≈2110
[pim-debug] op#03 op=O        norm=wo_proj    sh=1  dim=4096  heads=16  hd=128 q_dim=2048  kv_heads=16  kv_dim=2048  o_dim=2048  ffn_dim=5504   seqlen=740    qlen=1   cache=N lat=    0.004ms cycles≈4062
[pim-debug] op#04 op=FFN_W1   norm=ffn_gate   sh=0  dim=4096  heads=16  hd=128 q_dim=2048  kv_heads=16  kv_dim=2048  o_dim=2048  ffn_dim=5504   seqlen=740    qlen=1   cache=N lat=    0.012ms cycles≈11708
[pim-debug] op#05 op=SwiGLU   norm=silu       sh=0  dim=4096  heads=16  hd=128 q_dim=2048  kv_heads=16  kv_dim=2048  o_dim=2048  ffn_dim=5504   seqlen=740    qlen=1   cache=N lat=    0.001ms cycles≈503
[pim-debug] segment total latency: 0.024 ms
========================================================================================
[pim-debug] segment_key=pim|decode|52|fdf6362e664a0dcb3b710140facc51d5
[pim-debug] sig: device_type=pim phase=decode step=52 (count_hint=1)
[pim-debug] ops_repr: V:0,SV:0,O:1,FFN_W1:0,SwiGLU:0
[pim-debug] cfg: shard_policy='fine' shards=2 dim=4096 ffn_dim=11008 n_heads=32 n_kv_heads=auto->n_heads
[pim-debug] pim_config=/lustre/home/2501111916/workspace/XPUPIM_0226_gpupim_parameter/TriForm/algorithms/aim_simulator/PIM_AiM.json
[pim-debug] ramulator_config=/lustre/home/2501111916/workspace/XPUPIM_0226_gpupim_parameter/TriForm/algorithms/aim_simulator/example.yaml
[pim-debug] cost_model config.PIM_FREQ_GHZ=1.0
[pim-debug] op plan (logical shapes inferred from schedule cfg):
  - op#00  op=V        shard=0   x=[1x4096] + w=[2048x4096]  ->  y=[1x2048]  (T=1, K=740)
  - op#01  op=SV       shard=0   p=[16x1x740] + v=[16x740x128]  ->  y=[16x1x128]  (T=1, K=740)
  - op#02  op=O        shard=1   x=[1x2048] + w=[4096x2048]  ->  y=[1x4096]  (T=1, K=740)
  - op#03  op=FFN_W1   shard=0   x=[1x4096] + w=[5504x4096]  ->  y=[1x5504]  (T=1, K=740)
  - op#04  op=SwiGLU   shard=0   a=[1x5504] + b=[1x5504]  ->  y=[1x5504]  (T=1, K=740)
[pim-debug] NOTE: CENT(AiM) trace backend internally uses x shape (1,1,dim) and handles prefill by repeating ops;
           the table below shows the *effective parameters* passed into cost_model_pim_backend for each op.
[pim-debug] op#00 op=V        norm=v_proj     sh=0  dim=4096  heads=16  hd=128 q_dim=2048  kv_heads=16  kv_dim=2048  o_dim=2048  ffn_dim=5504   seqlen=740    qlen=1   cache=N lat=    0.004ms cycles≈4428
[pim-debug] op#01 op=SV       norm=output     sh=0  dim=4096  heads=16  hd=128 q_dim=2048  kv_heads=16  kv_dim=2048  o_dim=2048  ffn_dim=5504   seqlen=740    qlen=1   cache=N lat=    0.002ms cycles≈2110
[pim-debug] op#02 op=O        norm=wo_proj    sh=1  dim=4096  heads=16  hd=128 q_dim=2048  kv_heads=16  kv_dim=2048  o_dim=2048  ffn_dim=5504   seqlen=740    qlen=1   cache=N lat=    0.004ms cycles≈4062
[pim-debug] op#03 op=FFN_W1   norm=ffn_gate   sh=0  dim=4096  heads=16  hd=128 q_dim=2048  kv_heads=16  kv_dim=2048  o_dim=2048  ffn_dim=5504   seqlen=740    qlen=1   cache=N lat=    0.012ms cycles≈11708
[pim-debug] op#04 op=SwiGLU   norm=silu       sh=0  dim=4096  heads=16  hd=128 q_dim=2048  kv_heads=16  kv_dim=2048  o_dim=2048  ffn_dim=5504   seqlen=740    qlen=1   cache=N lat=    0.001ms cycles≈503
[pim-debug] segment total latency: 0.023 ms
========================================================================================
[pim-debug] segment_key=pim|decode|53|18ae37754a97d1f42b25b2cff77caf3f
[pim-debug] sig: device_type=pim phase=decode step=53 (count_hint=32)
[pim-debug] ops_repr: V:1,SV:1,LN:-1,FFN_W1:1,FFN_W3:1,SwiGLU:1,FFN_W2:0
[pim-debug] cfg: shard_policy='fine' shards=2 dim=4096 ffn_dim=11008 n_heads=32 n_kv_heads=auto->n_heads
[pim-debug] pim_config=/lustre/home/2501111916/workspace/XPUPIM_0226_gpupim_parameter/TriForm/algorithms/aim_simulator/PIM_AiM.json
[pim-debug] ramulator_config=/lustre/home/2501111916/workspace/XPUPIM_0226_gpupim_parameter/TriForm/algorithms/aim_simulator/example.yaml
[pim-debug] cost_model config.PIM_FREQ_GHZ=1.0
[pim-debug] op plan (logical shapes inferred from schedule cfg):
  - op#00  op=V        shard=1   x=[1x4096] + w=[2048x4096]  ->  y=[1x2048]  (T=1, K=752)
  - op#01  op=SV       shard=1   p=[16x1x752] + v=[16x752x128]  ->  y=[16x1x128]  (T=1, K=752)
  - op#02  op=LN       shard=-1  x=[1x4096] + w=[4096]  ->  y=[1x4096]  (T=1, K=752)
  - op#03  op=FFN_W1   shard=1   x=[1x4096] + w=[5504x4096]  ->  y=[1x5504]  (T=1, K=752)
  - op#04  op=FFN_W3   shard=1   x=[1x4096] + w=[5504x4096]  ->  y=[1x5504]  (T=1, K=752)
  - op#05  op=SwiGLU   shard=1   a=[1x5504] + b=[1x5504]  ->  y=[1x5504]  (T=1, K=752)
  - op#06  op=FFN_W2   shard=0   x=[1x5504] + w=[4096x5504]  ->  y=[1x4096]  (T=1, K=752)
[pim-debug] NOTE: CENT(AiM) trace backend internally uses x shape (1,1,dim) and handles prefill by repeating ops;
           the table below shows the *effective parameters* passed into cost_model_pim_backend for each op.
[pim-debug] op#00 op=V        norm=v_proj     sh=1  dim=4096  heads=16  hd=128 q_dim=2048  kv_heads=16  kv_dim=2048  o_dim=2048  ffn_dim=5504   seqlen=752    qlen=1   cache=N lat=    0.004ms cycles≈4428
[pim-debug] op#01 op=SV       norm=output     sh=1  dim=4096  heads=16  hd=128 q_dim=2048  kv_heads=16  kv_dim=2048  o_dim=2048  ffn_dim=5504   seqlen=752    qlen=1   cache=N lat=    0.002ms cycles≈2110
[pim-debug] op#02 op=LN       norm=rmsnorm    sh=-1 dim=4096  heads=32  hd=128 q_dim=4096  kv_heads=32  kv_dim=4096  o_dim=4096  ffn_dim=11008  seqlen=752    qlen=1   cache=N lat=    0.001ms cycles≈1314
[pim-debug] op#03 op=FFN_W1   norm=ffn_gate   sh=1  dim=4096  heads=16  hd=128 q_dim=2048  kv_heads=16  kv_dim=2048  o_dim=2048  ffn_dim=5504   seqlen=752    qlen=1   cache=N lat=    0.012ms cycles≈11708
[pim-debug] op#04 op=FFN_W3   norm=ffn_up     sh=1  dim=4096  heads=16  hd=128 q_dim=2048  kv_heads=16  kv_dim=2048  o_dim=2048  ffn_dim=5504   seqlen=752    qlen=1   cache=N lat=    0.011ms cycles≈10896
[pim-debug] op#05 op=SwiGLU   norm=silu       sh=1  dim=4096  heads=16  hd=128 q_dim=2048  kv_heads=16  kv_dim=2048  o_dim=2048  ffn_dim=5504   seqlen=752    qlen=1   cache=N lat=    0.001ms cycles≈503
[pim-debug] op#06 op=FFN_W2   norm=ffn_down   sh=0  dim=4096  heads=16  hd=128 q_dim=2048  kv_heads=16  kv_dim=2048  o_dim=2048  ffn_dim=5504   seqlen=752    qlen=1   cache=N lat=    0.011ms cycles≈11466
[pim-debug] segment total latency: 0.042 ms
========================================================================================
[pim-debug] segment_key=pim|decode|53|fa8b04eaba988353d76eadc6a01ae0d4
[pim-debug] sig: device_type=pim phase=decode step=53 (count_hint=31)
[pim-debug] ops_repr: LN:-1,V:0,SV:0,O:1,FFN_W1:0,SwiGLU:0
[pim-debug] cfg: shard_policy='fine' shards=2 dim=4096 ffn_dim=11008 n_heads=32 n_kv_heads=auto->n_heads
[pim-debug] pim_config=/lustre/home/2501111916/workspace/XPUPIM_0226_gpupim_parameter/TriForm/algorithms/aim_simulator/PIM_AiM.json
[pim-debug] ramulator_config=/lustre/home/2501111916/workspace/XPUPIM_0226_gpupim_parameter/TriForm/algorithms/aim_simulator/example.yaml
[pim-debug] cost_model config.PIM_FREQ_GHZ=1.0
[pim-debug] op plan (logical shapes inferred from schedule cfg):
  - op#00  op=LN       shard=-1  x=[1x4096] + w=[4096]  ->  y=[1x4096]  (T=1, K=752)
  - op#01  op=V        shard=0   x=[1x4096] + w=[2048x4096]  ->  y=[1x2048]  (T=1, K=752)
  - op#02  op=SV       shard=0   p=[16x1x752] + v=[16x752x128]  ->  y=[16x1x128]  (T=1, K=752)
  - op#03  op=O        shard=1   x=[1x2048] + w=[4096x2048]  ->  y=[1x4096]  (T=1, K=752)
  - op#04  op=FFN_W1   shard=0   x=[1x4096] + w=[5504x4096]  ->  y=[1x5504]  (T=1, K=752)
  - op#05  op=SwiGLU   shard=0   a=[1x5504] + b=[1x5504]  ->  y=[1x5504]  (T=1, K=752)
[pim-debug] NOTE: CENT(AiM) trace backend internally uses x shape (1,1,dim) and handles prefill by repeating ops;
           the table below shows the *effective parameters* passed into cost_model_pim_backend for each op.
[pim-debug] op#00 op=LN       norm=rmsnorm    sh=-1 dim=4096  heads=32  hd=128 q_dim=4096  kv_heads=32  kv_dim=4096  o_dim=4096  ffn_dim=11008  seqlen=752    qlen=1   cache=N lat=    0.001ms cycles≈1314
[pim-debug] op#01 op=V        norm=v_proj     sh=0  dim=4096  heads=16  hd=128 q_dim=2048  kv_heads=16  kv_dim=2048  o_dim=2048  ffn_dim=5504   seqlen=752    qlen=1   cache=N lat=    0.004ms cycles≈4428
[pim-debug] op#02 op=SV       norm=output     sh=0  dim=4096  heads=16  hd=128 q_dim=2048  kv_heads=16  kv_dim=2048  o_dim=2048  ffn_dim=5504   seqlen=752    qlen=1   cache=N lat=    0.002ms cycles≈2110
[pim-debug] op#03 op=O        norm=wo_proj    sh=1  dim=4096  heads=16  hd=128 q_dim=2048  kv_heads=16  kv_dim=2048  o_dim=2048  ffn_dim=5504   seqlen=752    qlen=1   cache=N lat=    0.004ms cycles≈4062
[pim-debug] op#04 op=FFN_W1   norm=ffn_gate   sh=0  dim=4096  heads=16  hd=128 q_dim=2048  kv_heads=16  kv_dim=2048  o_dim=2048  ffn_dim=5504   seqlen=752    qlen=1   cache=N lat=    0.012ms cycles≈11708
[pim-debug] op#05 op=SwiGLU   norm=silu       sh=0  dim=4096  heads=16  hd=128 q_dim=2048  kv_heads=16  kv_dim=2048  o_dim=2048  ffn_dim=5504   seqlen=752    qlen=1   cache=N lat=    0.001ms cycles≈503
[pim-debug] segment total latency: 0.024 ms
========================================================================================
[pim-debug] segment_key=pim|decode|53|fdf6362e664a0dcb3b710140facc51d5
[pim-debug] sig: device_type=pim phase=decode step=53 (count_hint=1)
[pim-debug] ops_repr: V:0,SV:0,O:1,FFN_W1:0,SwiGLU:0
[pim-debug] cfg: shard_policy='fine' shards=2 dim=4096 ffn_dim=11008 n_heads=32 n_kv_heads=auto->n_heads
[pim-debug] pim_config=/lustre/home/2501111916/workspace/XPUPIM_0226_gpupim_parameter/TriForm/algorithms/aim_simulator/PIM_AiM.json
[pim-debug] ramulator_config=/lustre/home/2501111916/workspace/XPUPIM_0226_gpupim_parameter/TriForm/algorithms/aim_simulator/example.yaml
[pim-debug] cost_model config.PIM_FREQ_GHZ=1.0
[pim-debug] op plan (logical shapes inferred from schedule cfg):
  - op#00  op=V        shard=0   x=[1x4096] + w=[2048x4096]  ->  y=[1x2048]  (T=1, K=752)
  - op#01  op=SV       shard=0   p=[16x1x752] + v=[16x752x128]  ->  y=[16x1x128]  (T=1, K=752)
  - op#02  op=O        shard=1   x=[1x2048] + w=[4096x2048]  ->  y=[1x4096]  (T=1, K=752)
  - op#03  op=FFN_W1   shard=0   x=[1x4096] + w=[5504x4096]  ->  y=[1x5504]  (T=1, K=752)
  - op#04  op=SwiGLU   shard=0   a=[1x5504] + b=[1x5504]  ->  y=[1x5504]  (T=1, K=752)
[pim-debug] NOTE: CENT(AiM) trace backend internally uses x shape (1,1,dim) and handles prefill by repeating ops;
           the table below shows the *effective parameters* passed into cost_model_pim_backend for each op.
[pim-debug] op#00 op=V        norm=v_proj     sh=0  dim=4096  heads=16  hd=128 q_dim=2048  kv_heads=16  kv_dim=2048  o_dim=2048  ffn_dim=5504   seqlen=752    qlen=1   cache=N lat=    0.004ms cycles≈4428
[pim-debug] op#01 op=SV       norm=output     sh=0  dim=4096  heads=16  hd=128 q_dim=2048  kv_heads=16  kv_dim=2048  o_dim=2048  ffn_dim=5504   seqlen=752    qlen=1   cache=N lat=    0.002ms cycles≈2110
[pim-debug] op#02 op=O        norm=wo_proj    sh=1  dim=4096  heads=16  hd=128 q_dim=2048  kv_heads=16  kv_dim=2048  o_dim=2048  ffn_dim=5504   seqlen=752    qlen=1   cache=N lat=    0.004ms cycles≈4062
[pim-debug] op#03 op=FFN_W1   norm=ffn_gate   sh=0  dim=4096  heads=16  hd=128 q_dim=2048  kv_heads=16  kv_dim=2048  o_dim=2048  ffn_dim=5504   seqlen=752    qlen=1   cache=N lat=    0.012ms cycles≈11708
[pim-debug] op#04 op=SwiGLU   norm=silu       sh=0  dim=4096  heads=16  hd=128 q_dim=2048  kv_heads=16  kv_dim=2048  o_dim=2048  ffn_dim=5504   seqlen=752    qlen=1   cache=N lat=    0.001ms cycles≈503
[pim-debug] segment total latency: 0.023 ms
========================================================================================
[pim-debug] segment_key=pim|decode|54|18ae37754a97d1f42b25b2cff77caf3f
[pim-debug] sig: device_type=pim phase=decode step=54 (count_hint=32)
[pim-debug] ops_repr: V:1,SV:1,LN:-1,FFN_W1:1,FFN_W3:1,SwiGLU:1,FFN_W2:0
[pim-debug] cfg: shard_policy='fine' shards=2 dim=4096 ffn_dim=11008 n_heads=32 n_kv_heads=auto->n_heads
[pim-debug] pim_config=/lustre/home/2501111916/workspace/XPUPIM_0226_gpupim_parameter/TriForm/algorithms/aim_simulator/PIM_AiM.json
[pim-debug] ramulator_config=/lustre/home/2501111916/workspace/XPUPIM_0226_gpupim_parameter/TriForm/algorithms/aim_simulator/example.yaml
[pim-debug] cost_model config.PIM_FREQ_GHZ=1.0
[pim-debug] op plan (logical shapes inferred from schedule cfg):
  - op#00  op=V        shard=1   x=[1x4096] + w=[2048x4096]  ->  y=[1x2048]  (T=1, K=764)
  - op#01  op=SV       shard=1   p=[16x1x764] + v=[16x764x128]  ->  y=[16x1x128]  (T=1, K=764)
  - op#02  op=LN       shard=-1  x=[1x4096] + w=[4096]  ->  y=[1x4096]  (T=1, K=764)
  - op#03  op=FFN_W1   shard=1   x=[1x4096] + w=[5504x4096]  ->  y=[1x5504]  (T=1, K=764)
  - op#04  op=FFN_W3   shard=1   x=[1x4096] + w=[5504x4096]  ->  y=[1x5504]  (T=1, K=764)
  - op#05  op=SwiGLU   shard=1   a=[1x5504] + b=[1x5504]  ->  y=[1x5504]  (T=1, K=764)
  - op#06  op=FFN_W2   shard=0   x=[1x5504] + w=[4096x5504]  ->  y=[1x4096]  (T=1, K=764)
[pim-debug] NOTE: CENT(AiM) trace backend internally uses x shape (1,1,dim) and handles prefill by repeating ops;
           the table below shows the *effective parameters* passed into cost_model_pim_backend for each op.
[pim-debug] op#00 op=V        norm=v_proj     sh=1  dim=4096  heads=16  hd=128 q_dim=2048  kv_heads=16  kv_dim=2048  o_dim=2048  ffn_dim=5504   seqlen=764    qlen=1   cache=N lat=    0.004ms cycles≈4428
[pim-debug] op#01 op=SV       norm=output     sh=1  dim=4096  heads=16  hd=128 q_dim=2048  kv_heads=16  kv_dim=2048  o_dim=2048  ffn_dim=5504   seqlen=764    qlen=1   cache=N lat=    0.002ms cycles≈2128
[pim-debug] op#02 op=LN       norm=rmsnorm    sh=-1 dim=4096  heads=32  hd=128 q_dim=4096  kv_heads=32  kv_dim=4096  o_dim=4096  ffn_dim=11008  seqlen=764    qlen=1   cache=N lat=    0.001ms cycles≈1314
[pim-debug] op#03 op=FFN_W1   norm=ffn_gate   sh=1  dim=4096  heads=16  hd=128 q_dim=2048  kv_heads=16  kv_dim=2048  o_dim=2048  ffn_dim=5504   seqlen=764    qlen=1   cache=N lat=    0.012ms cycles≈11708
[pim-debug] op#04 op=FFN_W3   norm=ffn_up     sh=1  dim=4096  heads=16  hd=128 q_dim=2048  kv_heads=16  kv_dim=2048  o_dim=2048  ffn_dim=5504   seqlen=764    qlen=1   cache=N lat=    0.011ms cycles≈10896
[pim-debug] op#05 op=SwiGLU   norm=silu       sh=1  dim=4096  heads=16  hd=128 q_dim=2048  kv_heads=16  kv_dim=2048  o_dim=2048  ffn_dim=5504   seqlen=764    qlen=1   cache=N lat=    0.001ms cycles≈503
[pim-debug] op#06 op=FFN_W2   norm=ffn_down   sh=0  dim=4096  heads=16  hd=128 q_dim=2048  kv_heads=16  kv_dim=2048  o_dim=2048  ffn_dim=5504   seqlen=764    qlen=1   cache=N lat=    0.011ms cycles≈11466
[pim-debug] segment total latency: 0.042 ms
========================================================================================
[pim-debug] segment_key=pim|decode|54|fa8b04eaba988353d76eadc6a01ae0d4
[pim-debug] sig: device_type=pim phase=decode step=54 (count_hint=31)
[pim-debug] ops_repr: LN:-1,V:0,SV:0,O:1,FFN_W1:0,SwiGLU:0
[pim-debug] cfg: shard_policy='fine' shards=2 dim=4096 ffn_dim=11008 n_heads=32 n_kv_heads=auto->n_heads
[pim-debug] pim_config=/lustre/home/2501111916/workspace/XPUPIM_0226_gpupim_parameter/TriForm/algorithms/aim_simulator/PIM_AiM.json
[pim-debug] ramulator_config=/lustre/home/2501111916/workspace/XPUPIM_0226_gpupim_parameter/TriForm/algorithms/aim_simulator/example.yaml
[pim-debug] cost_model config.PIM_FREQ_GHZ=1.0
[pim-debug] op plan (logical shapes inferred from schedule cfg):
  - op#00  op=LN       shard=-1  x=[1x4096] + w=[4096]  ->  y=[1x4096]  (T=1, K=764)
  - op#01  op=V        shard=0   x=[1x4096] + w=[2048x4096]  ->  y=[1x2048]  (T=1, K=764)
  - op#02  op=SV       shard=0   p=[16x1x764] + v=[16x764x128]  ->  y=[16x1x128]  (T=1, K=764)
  - op#03  op=O        shard=1   x=[1x2048] + w=[4096x2048]  ->  y=[1x4096]  (T=1, K=764)
  - op#04  op=FFN_W1   shard=0   x=[1x4096] + w=[5504x4096]  ->  y=[1x5504]  (T=1, K=764)
  - op#05  op=SwiGLU   shard=0   a=[1x5504] + b=[1x5504]  ->  y=[1x5504]  (T=1, K=764)
[pim-debug] NOTE: CENT(AiM) trace backend internally uses x shape (1,1,dim) and handles prefill by repeating ops;
           the table below shows the *effective parameters* passed into cost_model_pim_backend for each op.
[pim-debug] op#00 op=LN       norm=rmsnorm    sh=-1 dim=4096  heads=32  hd=128 q_dim=4096  kv_heads=32  kv_dim=4096  o_dim=4096  ffn_dim=11008  seqlen=764    qlen=1   cache=N lat=    0.001ms cycles≈1314
[pim-debug] op#01 op=V        norm=v_proj     sh=0  dim=4096  heads=16  hd=128 q_dim=2048  kv_heads=16  kv_dim=2048  o_dim=2048  ffn_dim=5504   seqlen=764    qlen=1   cache=N lat=    0.004ms cycles≈4428
[pim-debug] op#02 op=SV       norm=output     sh=0  dim=4096  heads=16  hd=128 q_dim=2048  kv_heads=16  kv_dim=2048  o_dim=2048  ffn_dim=5504   seqlen=764    qlen=1   cache=N lat=    0.002ms cycles≈2128
[pim-debug] op#03 op=O        norm=wo_proj    sh=1  dim=4096  heads=16  hd=128 q_dim=2048  kv_heads=16  kv_dim=2048  o_dim=2048  ffn_dim=5504   seqlen=764    qlen=1   cache=N lat=    0.004ms cycles≈4062
[pim-debug] op#04 op=FFN_W1   norm=ffn_gate   sh=0  dim=4096  heads=16  hd=128 q_dim=2048  kv_heads=16  kv_dim=2048  o_dim=2048  ffn_dim=5504   seqlen=764    qlen=1   cache=N lat=    0.012ms cycles≈11708
[pim-debug] op#05 op=SwiGLU   norm=silu       sh=0  dim=4096  heads=16  hd=128 q_dim=2048  kv_heads=16  kv_dim=2048  o_dim=2048  ffn_dim=5504   seqlen=764    qlen=1   cache=N lat=    0.001ms cycles≈503
[pim-debug] segment total latency: 0.024 ms
========================================================================================
[pim-debug] segment_key=pim|decode|54|fdf6362e664a0dcb3b710140facc51d5
[pim-debug] sig: device_type=pim phase=decode step=54 (count_hint=1)
[pim-debug] ops_repr: V:0,SV:0,O:1,FFN_W1:0,SwiGLU:0
[pim-debug] cfg: shard_policy='fine' shards=2 dim=4096 ffn_dim=11008 n_heads=32 n_kv_heads=auto->n_heads
[pim-debug] pim_config=/lustre/home/2501111916/workspace/XPUPIM_0226_gpupim_parameter/TriForm/algorithms/aim_simulator/PIM_AiM.json
[pim-debug] ramulator_config=/lustre/home/2501111916/workspace/XPUPIM_0226_gpupim_parameter/TriForm/algorithms/aim_simulator/example.yaml
[pim-debug] cost_model config.PIM_FREQ_GHZ=1.0
[pim-debug] op plan (logical shapes inferred from schedule cfg):
  - op#00  op=V        shard=0   x=[1x4096] + w=[2048x4096]  ->  y=[1x2048]  (T=1, K=764)
  - op#01  op=SV       shard=0   p=[16x1x764] + v=[16x764x128]  ->  y=[16x1x128]  (T=1, K=764)
  - op#02  op=O        shard=1   x=[1x2048] + w=[4096x2048]  ->  y=[1x4096]  (T=1, K=764)
  - op#03  op=FFN_W1   shard=0   x=[1x4096] + w=[5504x4096]  ->  y=[1x5504]  (T=1, K=764)
  - op#04  op=SwiGLU   shard=0   a=[1x5504] + b=[1x5504]  ->  y=[1x5504]  (T=1, K=764)
[pim-debug] NOTE: CENT(AiM) trace backend internally uses x shape (1,1,dim) and handles prefill by repeating ops;
           the table below shows the *effective parameters* passed into cost_model_pim_backend for each op.
[pim-debug] op#00 op=V        norm=v_proj     sh=0  dim=4096  heads=16  hd=128 q_dim=2048  kv_heads=16  kv_dim=2048  o_dim=2048  ffn_dim=5504   seqlen=764    qlen=1   cache=N lat=    0.004ms cycles≈4428
[pim-debug] op#01 op=SV       norm=output     sh=0  dim=4096  heads=16  hd=128 q_dim=2048  kv_heads=16  kv_dim=2048  o_dim=2048  ffn_dim=5504   seqlen=764    qlen=1   cache=N lat=    0.002ms cycles≈2128
[pim-debug] op#02 op=O        norm=wo_proj    sh=1  dim=4096  heads=16  hd=128 q_dim=2048  kv_heads=16  kv_dim=2048  o_dim=2048  ffn_dim=5504   seqlen=764    qlen=1   cache=N lat=    0.004ms cycles≈4062
[pim-debug] op#03 op=FFN_W1   norm=ffn_gate   sh=0  dim=4096  heads=16  hd=128 q_dim=2048  kv_heads=16  kv_dim=2048  o_dim=2048  ffn_dim=5504   seqlen=764    qlen=1   cache=N lat=    0.012ms cycles≈11708
[pim-debug] op#04 op=SwiGLU   norm=silu       sh=0  dim=4096  heads=16  hd=128 q_dim=2048  kv_heads=16  kv_dim=2048  o_dim=2048  ffn_dim=5504   seqlen=764    qlen=1   cache=N lat=    0.001ms cycles≈503
[pim-debug] segment total latency: 0.023 ms
========================================================================================
[pim-debug] segment_key=pim|decode|55|18ae37754a97d1f42b25b2cff77caf3f
[pim-debug] sig: device_type=pim phase=decode step=55 (count_hint=32)
[pim-debug] ops_repr: V:1,SV:1,LN:-1,FFN_W1:1,FFN_W3:1,SwiGLU:1,FFN_W2:0
[pim-debug] cfg: shard_policy='fine' shards=2 dim=4096 ffn_dim=11008 n_heads=32 n_kv_heads=auto->n_heads
[pim-debug] pim_config=/lustre/home/2501111916/workspace/XPUPIM_0226_gpupim_parameter/TriForm/algorithms/aim_simulator/PIM_AiM.json
[pim-debug] ramulator_config=/lustre/home/2501111916/workspace/XPUPIM_0226_gpupim_parameter/TriForm/algorithms/aim_simulator/example.yaml
[pim-debug] cost_model config.PIM_FREQ_GHZ=1.0
[pim-debug] op plan (logical shapes inferred from schedule cfg):
  - op#00  op=V        shard=1   x=[1x4096] + w=[2048x4096]  ->  y=[1x2048]  (T=1, K=776)
  - op#01  op=SV       shard=1   p=[16x1x776] + v=[16x776x128]  ->  y=[16x1x128]  (T=1, K=776)
  - op#02  op=LN       shard=-1  x=[1x4096] + w=[4096]  ->  y=[1x4096]  (T=1, K=776)
  - op#03  op=FFN_W1   shard=1   x=[1x4096] + w=[5504x4096]  ->  y=[1x5504]  (T=1, K=776)
  - op#04  op=FFN_W3   shard=1   x=[1x4096] + w=[5504x4096]  ->  y=[1x5504]  (T=1, K=776)
  - op#05  op=SwiGLU   shard=1   a=[1x5504] + b=[1x5504]  ->  y=[1x5504]  (T=1, K=776)
  - op#06  op=FFN_W2   shard=0   x=[1x5504] + w=[4096x5504]  ->  y=[1x4096]  (T=1, K=776)
[pim-debug] NOTE: CENT(AiM) trace backend internally uses x shape (1,1,dim) and handles prefill by repeating ops;
           the table below shows the *effective parameters* passed into cost_model_pim_backend for each op.
[pim-debug] op#00 op=V        norm=v_proj     sh=1  dim=4096  heads=16  hd=128 q_dim=2048  kv_heads=16  kv_dim=2048  o_dim=2048  ffn_dim=5504   seqlen=776    qlen=1   cache=N lat=    0.004ms cycles≈4428
[pim-debug] op#01 op=SV       norm=output     sh=1  dim=4096  heads=16  hd=128 q_dim=2048  kv_heads=16  kv_dim=2048  o_dim=2048  ffn_dim=5504   seqlen=776    qlen=1   cache=N lat=    0.002ms cycles≈2146
[pim-debug] op#02 op=LN       norm=rmsnorm    sh=-1 dim=4096  heads=32  hd=128 q_dim=4096  kv_heads=32  kv_dim=4096  o_dim=4096  ffn_dim=11008  seqlen=776    qlen=1   cache=N lat=    0.001ms cycles≈1314
[pim-debug] op#03 op=FFN_W1   norm=ffn_gate   sh=1  dim=4096  heads=16  hd=128 q_dim=2048  kv_heads=16  kv_dim=2048  o_dim=2048  ffn_dim=5504   seqlen=776    qlen=1   cache=N lat=    0.012ms cycles≈11708
[pim-debug] op#04 op=FFN_W3   norm=ffn_up     sh=1  dim=4096  heads=16  hd=128 q_dim=2048  kv_heads=16  kv_dim=2048  o_dim=2048  ffn_dim=5504   seqlen=776    qlen=1   cache=N lat=    0.011ms cycles≈10896
[pim-debug] op#05 op=SwiGLU   norm=silu       sh=1  dim=4096  heads=16  hd=128 q_dim=2048  kv_heads=16  kv_dim=2048  o_dim=2048  ffn_dim=5504   seqlen=776    qlen=1   cache=N lat=    0.001ms cycles≈503
[pim-debug] op#06 op=FFN_W2   norm=ffn_down   sh=0  dim=4096  heads=16  hd=128 q_dim=2048  kv_heads=16  kv_dim=2048  o_dim=2048  ffn_dim=5504   seqlen=776    qlen=1   cache=N lat=    0.011ms cycles≈11466
[pim-debug] segment total latency: 0.042 ms
========================================================================================
[pim-debug] segment_key=pim|decode|55|fa8b04eaba988353d76eadc6a01ae0d4
[pim-debug] sig: device_type=pim phase=decode step=55 (count_hint=31)
[pim-debug] ops_repr: LN:-1,V:0,SV:0,O:1,FFN_W1:0,SwiGLU:0
[pim-debug] cfg: shard_policy='fine' shards=2 dim=4096 ffn_dim=11008 n_heads=32 n_kv_heads=auto->n_heads
[pim-debug] pim_config=/lustre/home/2501111916/workspace/XPUPIM_0226_gpupim_parameter/TriForm/algorithms/aim_simulator/PIM_AiM.json
[pim-debug] ramulator_config=/lustre/home/2501111916/workspace/XPUPIM_0226_gpupim_parameter/TriForm/algorithms/aim_simulator/example.yaml
[pim-debug] cost_model config.PIM_FREQ_GHZ=1.0
[pim-debug] op plan (logical shapes inferred from schedule cfg):
  - op#00  op=LN       shard=-1  x=[1x4096] + w=[4096]  ->  y=[1x4096]  (T=1, K=776)
  - op#01  op=V        shard=0   x=[1x4096] + w=[2048x4096]  ->  y=[1x2048]  (T=1, K=776)
  - op#02  op=SV       shard=0   p=[16x1x776] + v=[16x776x128]  ->  y=[16x1x128]  (T=1, K=776)
  - op#03  op=O        shard=1   x=[1x2048] + w=[4096x2048]  ->  y=[1x4096]  (T=1, K=776)
  - op#04  op=FFN_W1   shard=0   x=[1x4096] + w=[5504x4096]  ->  y=[1x5504]  (T=1, K=776)
  - op#05  op=SwiGLU   shard=0   a=[1x5504] + b=[1x5504]  ->  y=[1x5504]  (T=1, K=776)
[pim-debug] NOTE: CENT(AiM) trace backend internally uses x shape (1,1,dim) and handles prefill by repeating ops;
           the table below shows the *effective parameters* passed into cost_model_pim_backend for each op.
[pim-debug] op#00 op=LN       norm=rmsnorm    sh=-1 dim=4096  heads=32  hd=128 q_dim=4096  kv_heads=32  kv_dim=4096  o_dim=4096  ffn_dim=11008  seqlen=776    qlen=1   cache=N lat=    0.001ms cycles≈1314
[pim-debug] op#01 op=V        norm=v_proj     sh=0  dim=4096  heads=16  hd=128 q_dim=2048  kv_heads=16  kv_dim=2048  o_dim=2048  ffn_dim=5504   seqlen=776    qlen=1   cache=N lat=    0.004ms cycles≈4428
[pim-debug] op#02 op=SV       norm=output     sh=0  dim=4096  heads=16  hd=128 q_dim=2048  kv_heads=16  kv_dim=2048  o_dim=2048  ffn_dim=5504   seqlen=776    qlen=1   cache=N lat=    0.002ms cycles≈2146
[pim-debug] op#03 op=O        norm=wo_proj    sh=1  dim=4096  heads=16  hd=128 q_dim=2048  kv_heads=16  kv_dim=2048  o_dim=2048  ffn_dim=5504   seqlen=776    qlen=1   cache=N lat=    0.004ms cycles≈4062
[pim-debug] op#04 op=FFN_W1   norm=ffn_gate   sh=0  dim=4096  heads=16  hd=128 q_dim=2048  kv_heads=16  kv_dim=2048  o_dim=2048  ffn_dim=5504   seqlen=776    qlen=1   cache=N lat=    0.012ms cycles≈11708
[pim-debug] op#05 op=SwiGLU   norm=silu       sh=0  dim=4096  heads=16  hd=128 q_dim=2048  kv_heads=16  kv_dim=2048  o_dim=2048  ffn_dim=5504   seqlen=776    qlen=1   cache=N lat=    0.001ms cycles≈503
[pim-debug] segment total latency: 0.024 ms
========================================================================================
[pim-debug] segment_key=pim|decode|55|fdf6362e664a0dcb3b710140facc51d5
[pim-debug] sig: device_type=pim phase=decode step=55 (count_hint=1)
[pim-debug] ops_repr: V:0,SV:0,O:1,FFN_W1:0,SwiGLU:0
[pim-debug] cfg: shard_policy='fine' shards=2 dim=4096 ffn_dim=11008 n_heads=32 n_kv_heads=auto->n_heads
[pim-debug] pim_config=/lustre/home/2501111916/workspace/XPUPIM_0226_gpupim_parameter/TriForm/algorithms/aim_simulator/PIM_AiM.json
[pim-debug] ramulator_config=/lustre/home/2501111916/workspace/XPUPIM_0226_gpupim_parameter/TriForm/algorithms/aim_simulator/example.yaml
[pim-debug] cost_model config.PIM_FREQ_GHZ=1.0
[pim-debug] op plan (logical shapes inferred from schedule cfg):
  - op#00  op=V        shard=0   x=[1x4096] + w=[2048x4096]  ->  y=[1x2048]  (T=1, K=776)
  - op#01  op=SV       shard=0   p=[16x1x776] + v=[16x776x128]  ->  y=[16x1x128]  (T=1, K=776)
  - op#02  op=O        shard=1   x=[1x2048] + w=[4096x2048]  ->  y=[1x4096]  (T=1, K=776)
  - op#03  op=FFN_W1   shard=0   x=[1x4096] + w=[5504x4096]  ->  y=[1x5504]  (T=1, K=776)
  - op#04  op=SwiGLU   shard=0   a=[1x5504] + b=[1x5504]  ->  y=[1x5504]  (T=1, K=776)
[pim-debug] NOTE: CENT(AiM) trace backend internally uses x shape (1,1,dim) and handles prefill by repeating ops;
           the table below shows the *effective parameters* passed into cost_model_pim_backend for each op.
[pim-debug] op#00 op=V        norm=v_proj     sh=0  dim=4096  heads=16  hd=128 q_dim=2048  kv_heads=16  kv_dim=2048  o_dim=2048  ffn_dim=5504   seqlen=776    qlen=1   cache=N lat=    0.004ms cycles≈4428
[pim-debug] op#01 op=SV       norm=output     sh=0  dim=4096  heads=16  hd=128 q_dim=2048  kv_heads=16  kv_dim=2048  o_dim=2048  ffn_dim=5504   seqlen=776    qlen=1   cache=N lat=    0.002ms cycles≈2146
[pim-debug] op#02 op=O        norm=wo_proj    sh=1  dim=4096  heads=16  hd=128 q_dim=2048  kv_heads=16  kv_dim=2048  o_dim=2048  ffn_dim=5504   seqlen=776    qlen=1   cache=N lat=    0.004ms cycles≈4062
[pim-debug] op#03 op=FFN_W1   norm=ffn_gate   sh=0  dim=4096  heads=16  hd=128 q_dim=2048  kv_heads=16  kv_dim=2048  o_dim=2048  ffn_dim=5504   seqlen=776    qlen=1   cache=N lat=    0.012ms cycles≈11708
[pim-debug] op#04 op=SwiGLU   norm=silu       sh=0  dim=4096  heads=16  hd=128 q_dim=2048  kv_heads=16  kv_dim=2048  o_dim=2048  ffn_dim=5504   seqlen=776    qlen=1   cache=N lat=    0.001ms cycles≈503
[pim-debug] segment total latency: 0.023 ms
========================================================================================
[pim-debug] segment_key=pim|decode|56|18ae37754a97d1f42b25b2cff77caf3f
[pim-debug] sig: device_type=pim phase=decode step=56 (count_hint=32)
[pim-debug] ops_repr: V:1,SV:1,LN:-1,FFN_W1:1,FFN_W3:1,SwiGLU:1,FFN_W2:0
[pim-debug] cfg: shard_policy='fine' shards=2 dim=4096 ffn_dim=11008 n_heads=32 n_kv_heads=auto->n_heads
[pim-debug] pim_config=/lustre/home/2501111916/workspace/XPUPIM_0226_gpupim_parameter/TriForm/algorithms/aim_simulator/PIM_AiM.json
[pim-debug] ramulator_config=/lustre/home/2501111916/workspace/XPUPIM_0226_gpupim_parameter/TriForm/algorithms/aim_simulator/example.yaml
[pim-debug] cost_model config.PIM_FREQ_GHZ=1.0
[pim-debug] op plan (logical shapes inferred from schedule cfg):
  - op#00  op=V        shard=1   x=[1x4096] + w=[2048x4096]  ->  y=[1x2048]  (T=1, K=788)
  - op#01  op=SV       shard=1   p=[16x1x788] + v=[16x788x128]  ->  y=[16x1x128]  (T=1, K=788)
  - op#02  op=LN       shard=-1  x=[1x4096] + w=[4096]  ->  y=[1x4096]  (T=1, K=788)
  - op#03  op=FFN_W1   shard=1   x=[1x4096] + w=[5504x4096]  ->  y=[1x5504]  (T=1, K=788)
  - op#04  op=FFN_W3   shard=1   x=[1x4096] + w=[5504x4096]  ->  y=[1x5504]  (T=1, K=788)
  - op#05  op=SwiGLU   shard=1   a=[1x5504] + b=[1x5504]  ->  y=[1x5504]  (T=1, K=788)
  - op#06  op=FFN_W2   shard=0   x=[1x5504] + w=[4096x5504]  ->  y=[1x4096]  (T=1, K=788)
[pim-debug] NOTE: CENT(AiM) trace backend internally uses x shape (1,1,dim) and handles prefill by repeating ops;
           the table below shows the *effective parameters* passed into cost_model_pim_backend for each op.
[pim-debug] op#00 op=V        norm=v_proj     sh=1  dim=4096  heads=16  hd=128 q_dim=2048  kv_heads=16  kv_dim=2048  o_dim=2048  ffn_dim=5504   seqlen=788    qlen=1   cache=N lat=    0.004ms cycles≈4428
[pim-debug] op#01 op=SV       norm=output     sh=1  dim=4096  heads=16  hd=128 q_dim=2048  kv_heads=16  kv_dim=2048  o_dim=2048  ffn_dim=5504   seqlen=788    qlen=1   cache=N lat=    0.002ms cycles≈2164
[pim-debug] op#02 op=LN       norm=rmsnorm    sh=-1 dim=4096  heads=32  hd=128 q_dim=4096  kv_heads=32  kv_dim=4096  o_dim=4096  ffn_dim=11008  seqlen=788    qlen=1   cache=N lat=    0.001ms cycles≈1314
[pim-debug] op#03 op=FFN_W1   norm=ffn_gate   sh=1  dim=4096  heads=16  hd=128 q_dim=2048  kv_heads=16  kv_dim=2048  o_dim=2048  ffn_dim=5504   seqlen=788    qlen=1   cache=N lat=    0.012ms cycles≈11708
[pim-debug] op#04 op=FFN_W3   norm=ffn_up     sh=1  dim=4096  heads=16  hd=128 q_dim=2048  kv_heads=16  kv_dim=2048  o_dim=2048  ffn_dim=5504   seqlen=788    qlen=1   cache=N lat=    0.011ms cycles≈10896
[pim-debug] op#05 op=SwiGLU   norm=silu       sh=1  dim=4096  heads=16  hd=128 q_dim=2048  kv_heads=16  kv_dim=2048  o_dim=2048  ffn_dim=5504   seqlen=788    qlen=1   cache=N lat=    0.001ms cycles≈503
[pim-debug] op#06 op=FFN_W2   norm=ffn_down   sh=0  dim=4096  heads=16  hd=128 q_dim=2048  kv_heads=16  kv_dim=2048  o_dim=2048  ffn_dim=5504   seqlen=788    qlen=1   cache=N lat=    0.011ms cycles≈11466
[pim-debug] segment total latency: 0.042 ms
========================================================================================
[pim-debug] segment_key=pim|decode|56|fa8b04eaba988353d76eadc6a01ae0d4
[pim-debug] sig: device_type=pim phase=decode step=56 (count_hint=31)
[pim-debug] ops_repr: LN:-1,V:0,SV:0,O:1,FFN_W1:0,SwiGLU:0
[pim-debug] cfg: shard_policy='fine' shards=2 dim=4096 ffn_dim=11008 n_heads=32 n_kv_heads=auto->n_heads
[pim-debug] pim_config=/lustre/home/2501111916/workspace/XPUPIM_0226_gpupim_parameter/TriForm/algorithms/aim_simulator/PIM_AiM.json
[pim-debug] ramulator_config=/lustre/home/2501111916/workspace/XPUPIM_0226_gpupim_parameter/TriForm/algorithms/aim_simulator/example.yaml
[pim-debug] cost_model config.PIM_FREQ_GHZ=1.0
[pim-debug] op plan (logical shapes inferred from schedule cfg):
  - op#00  op=LN       shard=-1  x=[1x4096] + w=[4096]  ->  y=[1x4096]  (T=1, K=788)
  - op#01  op=V        shard=0   x=[1x4096] + w=[2048x4096]  ->  y=[1x2048]  (T=1, K=788)
  - op#02  op=SV       shard=0   p=[16x1x788] + v=[16x788x128]  ->  y=[16x1x128]  (T=1, K=788)
  - op#03  op=O        shard=1   x=[1x2048] + w=[4096x2048]  ->  y=[1x4096]  (T=1, K=788)
  - op#04  op=FFN_W1   shard=0   x=[1x4096] + w=[5504x4096]  ->  y=[1x5504]  (T=1, K=788)
  - op#05  op=SwiGLU   shard=0   a=[1x5504] + b=[1x5504]  ->  y=[1x5504]  (T=1, K=788)
[pim-debug] NOTE: CENT(AiM) trace backend internally uses x shape (1,1,dim) and handles prefill by repeating ops;
           the table below shows the *effective parameters* passed into cost_model_pim_backend for each op.
[pim-debug] op#00 op=LN       norm=rmsnorm    sh=-1 dim=4096  heads=32  hd=128 q_dim=4096  kv_heads=32  kv_dim=4096  o_dim=4096  ffn_dim=11008  seqlen=788    qlen=1   cache=N lat=    0.001ms cycles≈1314
[pim-debug] op#01 op=V        norm=v_proj     sh=0  dim=4096  heads=16  hd=128 q_dim=2048  kv_heads=16  kv_dim=2048  o_dim=2048  ffn_dim=5504   seqlen=788    qlen=1   cache=N lat=    0.004ms cycles≈4428
[pim-debug] op#02 op=SV       norm=output     sh=0  dim=4096  heads=16  hd=128 q_dim=2048  kv_heads=16  kv_dim=2048  o_dim=2048  ffn_dim=5504   seqlen=788    qlen=1   cache=N lat=    0.002ms cycles≈2164
[pim-debug] op#03 op=O        norm=wo_proj    sh=1  dim=4096  heads=16  hd=128 q_dim=2048  kv_heads=16  kv_dim=2048  o_dim=2048  ffn_dim=5504   seqlen=788    qlen=1   cache=N lat=    0.004ms cycles≈4062
[pim-debug] op#04 op=FFN_W1   norm=ffn_gate   sh=0  dim=4096  heads=16  hd=128 q_dim=2048  kv_heads=16  kv_dim=2048  o_dim=2048  ffn_dim=5504   seqlen=788    qlen=1   cache=N lat=    0.012ms cycles≈11708
[pim-debug] op#05 op=SwiGLU   norm=silu       sh=0  dim=4096  heads=16  hd=128 q_dim=2048  kv_heads=16  kv_dim=2048  o_dim=2048  ffn_dim=5504   seqlen=788    qlen=1   cache=N lat=    0.001ms cycles≈503
[pim-debug] segment total latency: 0.024 ms
========================================================================================
[pim-debug] segment_key=pim|decode|56|fdf6362e664a0dcb3b710140facc51d5
[pim-debug] sig: device_type=pim phase=decode step=56 (count_hint=1)
[pim-debug] ops_repr: V:0,SV:0,O:1,FFN_W1:0,SwiGLU:0
[pim-debug] cfg: shard_policy='fine' shards=2 dim=4096 ffn_dim=11008 n_heads=32 n_kv_heads=auto->n_heads
[pim-debug] pim_config=/lustre/home/2501111916/workspace/XPUPIM_0226_gpupim_parameter/TriForm/algorithms/aim_simulator/PIM_AiM.json
[pim-debug] ramulator_config=/lustre/home/2501111916/workspace/XPUPIM_0226_gpupim_parameter/TriForm/algorithms/aim_simulator/example.yaml
[pim-debug] cost_model config.PIM_FREQ_GHZ=1.0
[pim-debug] op plan (logical shapes inferred from schedule cfg):
  - op#00  op=V        shard=0   x=[1x4096] + w=[2048x4096]  ->  y=[1x2048]  (T=1, K=788)
  - op#01  op=SV       shard=0   p=[16x1x788] + v=[16x788x128]  ->  y=[16x1x128]  (T=1, K=788)
  - op#02  op=O        shard=1   x=[1x2048] + w=[4096x2048]  ->  y=[1x4096]  (T=1, K=788)
  - op#03  op=FFN_W1   shard=0   x=[1x4096] + w=[5504x4096]  ->  y=[1x5504]  (T=1, K=788)
  - op#04  op=SwiGLU   shard=0   a=[1x5504] + b=[1x5504]  ->  y=[1x5504]  (T=1, K=788)
[pim-debug] NOTE: CENT(AiM) trace backend internally uses x shape (1,1,dim) and handles prefill by repeating ops;
           the table below shows the *effective parameters* passed into cost_model_pim_backend for each op.
[pim-debug] op#00 op=V        norm=v_proj     sh=0  dim=4096  heads=16  hd=128 q_dim=2048  kv_heads=16  kv_dim=2048  o_dim=2048  ffn_dim=5504   seqlen=788    qlen=1   cache=N lat=    0.004ms cycles≈4428
[pim-debug] op#01 op=SV       norm=output     sh=0  dim=4096  heads=16  hd=128 q_dim=2048  kv_heads=16  kv_dim=2048  o_dim=2048  ffn_dim=5504   seqlen=788    qlen=1   cache=N lat=    0.002ms cycles≈2164
[pim-debug] op#02 op=O        norm=wo_proj    sh=1  dim=4096  heads=16  hd=128 q_dim=2048  kv_heads=16  kv_dim=2048  o_dim=2048  ffn_dim=5504   seqlen=788    qlen=1   cache=N lat=    0.004ms cycles≈4062
[pim-debug] op#03 op=FFN_W1   norm=ffn_gate   sh=0  dim=4096  heads=16  hd=128 q_dim=2048  kv_heads=16  kv_dim=2048  o_dim=2048  ffn_dim=5504   seqlen=788    qlen=1   cache=N lat=    0.012ms cycles≈11708
[pim-debug] op#04 op=SwiGLU   norm=silu       sh=0  dim=4096  heads=16  hd=128 q_dim=2048  kv_heads=16  kv_dim=2048  o_dim=2048  ffn_dim=5504   seqlen=788    qlen=1   cache=N lat=    0.001ms cycles≈503
[pim-debug] segment total latency: 0.023 ms
========================================================================================
[pim-debug] segment_key=pim|decode|57|18ae37754a97d1f42b25b2cff77caf3f
[pim-debug] sig: device_type=pim phase=decode step=57 (count_hint=32)
[pim-debug] ops_repr: V:1,SV:1,LN:-1,FFN_W1:1,FFN_W3:1,SwiGLU:1,FFN_W2:0
[pim-debug] cfg: shard_policy='fine' shards=2 dim=4096 ffn_dim=11008 n_heads=32 n_kv_heads=auto->n_heads
[pim-debug] pim_config=/lustre/home/2501111916/workspace/XPUPIM_0226_gpupim_parameter/TriForm/algorithms/aim_simulator/PIM_AiM.json
[pim-debug] ramulator_config=/lustre/home/2501111916/workspace/XPUPIM_0226_gpupim_parameter/TriForm/algorithms/aim_simulator/example.yaml
[pim-debug] cost_model config.PIM_FREQ_GHZ=1.0
[pim-debug] op plan (logical shapes inferred from schedule cfg):
  - op#00  op=V        shard=1   x=[1x4096] + w=[2048x4096]  ->  y=[1x2048]  (T=1, K=800)
  - op#01  op=SV       shard=1   p=[16x1x800] + v=[16x800x128]  ->  y=[16x1x128]  (T=1, K=800)
  - op#02  op=LN       shard=-1  x=[1x4096] + w=[4096]  ->  y=[1x4096]  (T=1, K=800)
  - op#03  op=FFN_W1   shard=1   x=[1x4096] + w=[5504x4096]  ->  y=[1x5504]  (T=1, K=800)
  - op#04  op=FFN_W3   shard=1   x=[1x4096] + w=[5504x4096]  ->  y=[1x5504]  (T=1, K=800)
  - op#05  op=SwiGLU   shard=1   a=[1x5504] + b=[1x5504]  ->  y=[1x5504]  (T=1, K=800)
  - op#06  op=FFN_W2   shard=0   x=[1x5504] + w=[4096x5504]  ->  y=[1x4096]  (T=1, K=800)
[pim-debug] NOTE: CENT(AiM) trace backend internally uses x shape (1,1,dim) and handles prefill by repeating ops;
           the table below shows the *effective parameters* passed into cost_model_pim_backend for each op.
[pim-debug] op#00 op=V        norm=v_proj     sh=1  dim=4096  heads=16  hd=128 q_dim=2048  kv_heads=16  kv_dim=2048  o_dim=2048  ffn_dim=5504   seqlen=800    qlen=1   cache=N lat=    0.004ms cycles≈4428
[pim-debug] op#01 op=SV       norm=output     sh=1  dim=4096  heads=16  hd=128 q_dim=2048  kv_heads=16  kv_dim=2048  o_dim=2048  ffn_dim=5504   seqlen=800    qlen=1   cache=N lat=    0.002ms cycles≈2164
[pim-debug] op#02 op=LN       norm=rmsnorm    sh=-1 dim=4096  heads=32  hd=128 q_dim=4096  kv_heads=32  kv_dim=4096  o_dim=4096  ffn_dim=11008  seqlen=800    qlen=1   cache=N lat=    0.001ms cycles≈1314
[pim-debug] op#03 op=FFN_W1   norm=ffn_gate   sh=1  dim=4096  heads=16  hd=128 q_dim=2048  kv_heads=16  kv_dim=2048  o_dim=2048  ffn_dim=5504   seqlen=800    qlen=1   cache=N lat=    0.012ms cycles≈11708
[pim-debug] op#04 op=FFN_W3   norm=ffn_up     sh=1  dim=4096  heads=16  hd=128 q_dim=2048  kv_heads=16  kv_dim=2048  o_dim=2048  ffn_dim=5504   seqlen=800    qlen=1   cache=N lat=    0.011ms cycles≈10896
[pim-debug] op#05 op=SwiGLU   norm=silu       sh=1  dim=4096  heads=16  hd=128 q_dim=2048  kv_heads=16  kv_dim=2048  o_dim=2048  ffn_dim=5504   seqlen=800    qlen=1   cache=N lat=    0.001ms cycles≈503
[pim-debug] op#06 op=FFN_W2   norm=ffn_down   sh=0  dim=4096  heads=16  hd=128 q_dim=2048  kv_heads=16  kv_dim=2048  o_dim=2048  ffn_dim=5504   seqlen=800    qlen=1   cache=N lat=    0.011ms cycles≈11466
[pim-debug] segment total latency: 0.042 ms
========================================================================================
[pim-debug] segment_key=pim|decode|57|fa8b04eaba988353d76eadc6a01ae0d4
[pim-debug] sig: device_type=pim phase=decode step=57 (count_hint=31)
[pim-debug] ops_repr: LN:-1,V:0,SV:0,O:1,FFN_W1:0,SwiGLU:0
[pim-debug] cfg: shard_policy='fine' shards=2 dim=4096 ffn_dim=11008 n_heads=32 n_kv_heads=auto->n_heads
[pim-debug] pim_config=/lustre/home/2501111916/workspace/XPUPIM_0226_gpupim_parameter/TriForm/algorithms/aim_simulator/PIM_AiM.json
[pim-debug] ramulator_config=/lustre/home/2501111916/workspace/XPUPIM_0226_gpupim_parameter/TriForm/algorithms/aim_simulator/example.yaml
[pim-debug] cost_model config.PIM_FREQ_GHZ=1.0
[pim-debug] op plan (logical shapes inferred from schedule cfg):
  - op#00  op=LN       shard=-1  x=[1x4096] + w=[4096]  ->  y=[1x4096]  (T=1, K=800)
  - op#01  op=V        shard=0   x=[1x4096] + w=[2048x4096]  ->  y=[1x2048]  (T=1, K=800)
  - op#02  op=SV       shard=0   p=[16x1x800] + v=[16x800x128]  ->  y=[16x1x128]  (T=1, K=800)
  - op#03  op=O        shard=1   x=[1x2048] + w=[4096x2048]  ->  y=[1x4096]  (T=1, K=800)
  - op#04  op=FFN_W1   shard=0   x=[1x4096] + w=[5504x4096]  ->  y=[1x5504]  (T=1, K=800)
  - op#05  op=SwiGLU   shard=0   a=[1x5504] + b=[1x5504]  ->  y=[1x5504]  (T=1, K=800)
[pim-debug] NOTE: CENT(AiM) trace backend internally uses x shape (1,1,dim) and handles prefill by repeating ops;
           the table below shows the *effective parameters* passed into cost_model_pim_backend for each op.
[pim-debug] op#00 op=LN       norm=rmsnorm    sh=-1 dim=4096  heads=32  hd=128 q_dim=4096  kv_heads=32  kv_dim=4096  o_dim=4096  ffn_dim=11008  seqlen=800    qlen=1   cache=N lat=    0.001ms cycles≈1314
[pim-debug] op#01 op=V        norm=v_proj     sh=0  dim=4096  heads=16  hd=128 q_dim=2048  kv_heads=16  kv_dim=2048  o_dim=2048  ffn_dim=5504   seqlen=800    qlen=1   cache=N lat=    0.004ms cycles≈4428
[pim-debug] op#02 op=SV       norm=output     sh=0  dim=4096  heads=16  hd=128 q_dim=2048  kv_heads=16  kv_dim=2048  o_dim=2048  ffn_dim=5504   seqlen=800    qlen=1   cache=N lat=    0.002ms cycles≈2164
[pim-debug] op#03 op=O        norm=wo_proj    sh=1  dim=4096  heads=16  hd=128 q_dim=2048  kv_heads=16  kv_dim=2048  o_dim=2048  ffn_dim=5504   seqlen=800    qlen=1   cache=N lat=    0.004ms cycles≈4062
[pim-debug] op#04 op=FFN_W1   norm=ffn_gate   sh=0  dim=4096  heads=16  hd=128 q_dim=2048  kv_heads=16  kv_dim=2048  o_dim=2048  ffn_dim=5504   seqlen=800    qlen=1   cache=N lat=    0.012ms cycles≈11708
[pim-debug] op#05 op=SwiGLU   norm=silu       sh=0  dim=4096  heads=16  hd=128 q_dim=2048  kv_heads=16  kv_dim=2048  o_dim=2048  ffn_dim=5504   seqlen=800    qlen=1   cache=N lat=    0.001ms cycles≈503
[pim-debug] segment total latency: 0.024 ms
========================================================================================
[pim-debug] segment_key=pim|decode|57|fdf6362e664a0dcb3b710140facc51d5
[pim-debug] sig: device_type=pim phase=decode step=57 (count_hint=1)
[pim-debug] ops_repr: V:0,SV:0,O:1,FFN_W1:0,SwiGLU:0
[pim-debug] cfg: shard_policy='fine' shards=2 dim=4096 ffn_dim=11008 n_heads=32 n_kv_heads=auto->n_heads
[pim-debug] pim_config=/lustre/home/2501111916/workspace/XPUPIM_0226_gpupim_parameter/TriForm/algorithms/aim_simulator/PIM_AiM.json
[pim-debug] ramulator_config=/lustre/home/2501111916/workspace/XPUPIM_0226_gpupim_parameter/TriForm/algorithms/aim_simulator/example.yaml
[pim-debug] cost_model config.PIM_FREQ_GHZ=1.0
[pim-debug] op plan (logical shapes inferred from schedule cfg):
  - op#00  op=V        shard=0   x=[1x4096] + w=[2048x4096]  ->  y=[1x2048]  (T=1, K=800)
  - op#01  op=SV       shard=0   p=[16x1x800] + v=[16x800x128]  ->  y=[16x1x128]  (T=1, K=800)
  - op#02  op=O        shard=1   x=[1x2048] + w=[4096x2048]  ->  y=[1x4096]  (T=1, K=800)
  - op#03  op=FFN_W1   shard=0   x=[1x4096] + w=[5504x4096]  ->  y=[1x5504]  (T=1, K=800)
  - op#04  op=SwiGLU   shard=0   a=[1x5504] + b=[1x5504]  ->  y=[1x5504]  (T=1, K=800)
[pim-debug] NOTE: CENT(AiM) trace backend internally uses x shape (1,1,dim) and handles prefill by repeating ops;
           the table below shows the *effective parameters* passed into cost_model_pim_backend for each op.
[pim-debug] op#00 op=V        norm=v_proj     sh=0  dim=4096  heads=16  hd=128 q_dim=2048  kv_heads=16  kv_dim=2048  o_dim=2048  ffn_dim=5504   seqlen=800    qlen=1   cache=N lat=    0.004ms cycles≈4428
[pim-debug] op#01 op=SV       norm=output     sh=0  dim=4096  heads=16  hd=128 q_dim=2048  kv_heads=16  kv_dim=2048  o_dim=2048  ffn_dim=5504   seqlen=800    qlen=1   cache=N lat=    0.002ms cycles≈2164
[pim-debug] op#02 op=O        norm=wo_proj    sh=1  dim=4096  heads=16  hd=128 q_dim=2048  kv_heads=16  kv_dim=2048  o_dim=2048  ffn_dim=5504   seqlen=800    qlen=1   cache=N lat=    0.004ms cycles≈4062
[pim-debug] op#03 op=FFN_W1   norm=ffn_gate   sh=0  dim=4096  heads=16  hd=128 q_dim=2048  kv_heads=16  kv_dim=2048  o_dim=2048  ffn_dim=5504   seqlen=800    qlen=1   cache=N lat=    0.012ms cycles≈11708
[pim-debug] op#04 op=SwiGLU   norm=silu       sh=0  dim=4096  heads=16  hd=128 q_dim=2048  kv_heads=16  kv_dim=2048  o_dim=2048  ffn_dim=5504   seqlen=800    qlen=1   cache=N lat=    0.001ms cycles≈503
[pim-debug] segment total latency: 0.023 ms
========================================================================================
[pim-debug] segment_key=pim|decode|58|18ae37754a97d1f42b25b2cff77caf3f
[pim-debug] sig: device_type=pim phase=decode step=58 (count_hint=32)
[pim-debug] ops_repr: V:1,SV:1,LN:-1,FFN_W1:1,FFN_W3:1,SwiGLU:1,FFN_W2:0
[pim-debug] cfg: shard_policy='fine' shards=2 dim=4096 ffn_dim=11008 n_heads=32 n_kv_heads=auto->n_heads
[pim-debug] pim_config=/lustre/home/2501111916/workspace/XPUPIM_0226_gpupim_parameter/TriForm/algorithms/aim_simulator/PIM_AiM.json
[pim-debug] ramulator_config=/lustre/home/2501111916/workspace/XPUPIM_0226_gpupim_parameter/TriForm/algorithms/aim_simulator/example.yaml
[pim-debug] cost_model config.PIM_FREQ_GHZ=1.0
[pim-debug] op plan (logical shapes inferred from schedule cfg):
  - op#00  op=V        shard=1   x=[1x4096] + w=[2048x4096]  ->  y=[1x2048]  (T=1, K=812)
  - op#01  op=SV       shard=1   p=[16x1x812] + v=[16x812x128]  ->  y=[16x1x128]  (T=1, K=812)
  - op#02  op=LN       shard=-1  x=[1x4096] + w=[4096]  ->  y=[1x4096]  (T=1, K=812)
  - op#03  op=FFN_W1   shard=1   x=[1x4096] + w=[5504x4096]  ->  y=[1x5504]  (T=1, K=812)
  - op#04  op=FFN_W3   shard=1   x=[1x4096] + w=[5504x4096]  ->  y=[1x5504]  (T=1, K=812)
  - op#05  op=SwiGLU   shard=1   a=[1x5504] + b=[1x5504]  ->  y=[1x5504]  (T=1, K=812)
  - op#06  op=FFN_W2   shard=0   x=[1x5504] + w=[4096x5504]  ->  y=[1x4096]  (T=1, K=812)
[pim-debug] NOTE: CENT(AiM) trace backend internally uses x shape (1,1,dim) and handles prefill by repeating ops;
           the table below shows the *effective parameters* passed into cost_model_pim_backend for each op.
[pim-debug] op#00 op=V        norm=v_proj     sh=1  dim=4096  heads=16  hd=128 q_dim=2048  kv_heads=16  kv_dim=2048  o_dim=2048  ffn_dim=5504   seqlen=812    qlen=1   cache=N lat=    0.004ms cycles≈4428
[pim-debug] op#01 op=SV       norm=output     sh=1  dim=4096  heads=16  hd=128 q_dim=2048  kv_heads=16  kv_dim=2048  o_dim=2048  ffn_dim=5504   seqlen=812    qlen=1   cache=N lat=    0.002ms cycles≈2182
[pim-debug] op#02 op=LN       norm=rmsnorm    sh=-1 dim=4096  heads=32  hd=128 q_dim=4096  kv_heads=32  kv_dim=4096  o_dim=4096  ffn_dim=11008  seqlen=812    qlen=1   cache=N lat=    0.001ms cycles≈1314
[pim-debug] op#03 op=FFN_W1   norm=ffn_gate   sh=1  dim=4096  heads=16  hd=128 q_dim=2048  kv_heads=16  kv_dim=2048  o_dim=2048  ffn_dim=5504   seqlen=812    qlen=1   cache=N lat=    0.012ms cycles≈11708
[pim-debug] op#04 op=FFN_W3   norm=ffn_up     sh=1  dim=4096  heads=16  hd=128 q_dim=2048  kv_heads=16  kv_dim=2048  o_dim=2048  ffn_dim=5504   seqlen=812    qlen=1   cache=N lat=    0.011ms cycles≈10896
[pim-debug] op#05 op=SwiGLU   norm=silu       sh=1  dim=4096  heads=16  hd=128 q_dim=2048  kv_heads=16  kv_dim=2048  o_dim=2048  ffn_dim=5504   seqlen=812    qlen=1   cache=N lat=    0.001ms cycles≈503
[pim-debug] op#06 op=FFN_W2   norm=ffn_down   sh=0  dim=4096  heads=16  hd=128 q_dim=2048  kv_heads=16  kv_dim=2048  o_dim=2048  ffn_dim=5504   seqlen=812    qlen=1   cache=N lat=    0.011ms cycles≈11466
[pim-debug] segment total latency: 0.042 ms
========================================================================================
[pim-debug] segment_key=pim|decode|58|fa8b04eaba988353d76eadc6a01ae0d4
[pim-debug] sig: device_type=pim phase=decode step=58 (count_hint=31)
[pim-debug] ops_repr: LN:-1,V:0,SV:0,O:1,FFN_W1:0,SwiGLU:0
[pim-debug] cfg: shard_policy='fine' shards=2 dim=4096 ffn_dim=11008 n_heads=32 n_kv_heads=auto->n_heads
[pim-debug] pim_config=/lustre/home/2501111916/workspace/XPUPIM_0226_gpupim_parameter/TriForm/algorithms/aim_simulator/PIM_AiM.json
[pim-debug] ramulator_config=/lustre/home/2501111916/workspace/XPUPIM_0226_gpupim_parameter/TriForm/algorithms/aim_simulator/example.yaml
[pim-debug] cost_model config.PIM_FREQ_GHZ=1.0
[pim-debug] op plan (logical shapes inferred from schedule cfg):
  - op#00  op=LN       shard=-1  x=[1x4096] + w=[4096]  ->  y=[1x4096]  (T=1, K=812)
  - op#01  op=V        shard=0   x=[1x4096] + w=[2048x4096]  ->  y=[1x2048]  (T=1, K=812)
  - op#02  op=SV       shard=0   p=[16x1x812] + v=[16x812x128]  ->  y=[16x1x128]  (T=1, K=812)
  - op#03  op=O        shard=1   x=[1x2048] + w=[4096x2048]  ->  y=[1x4096]  (T=1, K=812)
  - op#04  op=FFN_W1   shard=0   x=[1x4096] + w=[5504x4096]  ->  y=[1x5504]  (T=1, K=812)
  - op#05  op=SwiGLU   shard=0   a=[1x5504] + b=[1x5504]  ->  y=[1x5504]  (T=1, K=812)
[pim-debug] NOTE: CENT(AiM) trace backend internally uses x shape (1,1,dim) and handles prefill by repeating ops;
           the table below shows the *effective parameters* passed into cost_model_pim_backend for each op.
[pim-debug] op#00 op=LN       norm=rmsnorm    sh=-1 dim=4096  heads=32  hd=128 q_dim=4096  kv_heads=32  kv_dim=4096  o_dim=4096  ffn_dim=11008  seqlen=812    qlen=1   cache=N lat=    0.001ms cycles≈1314
[pim-debug] op#01 op=V        norm=v_proj     sh=0  dim=4096  heads=16  hd=128 q_dim=2048  kv_heads=16  kv_dim=2048  o_dim=2048  ffn_dim=5504   seqlen=812    qlen=1   cache=N lat=    0.004ms cycles≈4428
[pim-debug] op#02 op=SV       norm=output     sh=0  dim=4096  heads=16  hd=128 q_dim=2048  kv_heads=16  kv_dim=2048  o_dim=2048  ffn_dim=5504   seqlen=812    qlen=1   cache=N lat=    0.002ms cycles≈2182
[pim-debug] op#03 op=O        norm=wo_proj    sh=1  dim=4096  heads=16  hd=128 q_dim=2048  kv_heads=16  kv_dim=2048  o_dim=2048  ffn_dim=5504   seqlen=812    qlen=1   cache=N lat=    0.004ms cycles≈4062
[pim-debug] op#04 op=FFN_W1   norm=ffn_gate   sh=0  dim=4096  heads=16  hd=128 q_dim=2048  kv_heads=16  kv_dim=2048  o_dim=2048  ffn_dim=5504   seqlen=812    qlen=1   cache=N lat=    0.012ms cycles≈11708
[pim-debug] op#05 op=SwiGLU   norm=silu       sh=0  dim=4096  heads=16  hd=128 q_dim=2048  kv_heads=16  kv_dim=2048  o_dim=2048  ffn_dim=5504   seqlen=812    qlen=1   cache=N lat=    0.001ms cycles≈503
[pim-debug] segment total latency: 0.024 ms
========================================================================================
[pim-debug] segment_key=pim|decode|58|fdf6362e664a0dcb3b710140facc51d5
[pim-debug] sig: device_type=pim phase=decode step=58 (count_hint=1)
[pim-debug] ops_repr: V:0,SV:0,O:1,FFN_W1:0,SwiGLU:0
[pim-debug] cfg: shard_policy='fine' shards=2 dim=4096 ffn_dim=11008 n_heads=32 n_kv_heads=auto->n_heads
[pim-debug] pim_config=/lustre/home/2501111916/workspace/XPUPIM_0226_gpupim_parameter/TriForm/algorithms/aim_simulator/PIM_AiM.json
[pim-debug] ramulator_config=/lustre/home/2501111916/workspace/XPUPIM_0226_gpupim_parameter/TriForm/algorithms/aim_simulator/example.yaml
[pim-debug] cost_model config.PIM_FREQ_GHZ=1.0
[pim-debug] op plan (logical shapes inferred from schedule cfg):
  - op#00  op=V        shard=0   x=[1x4096] + w=[2048x4096]  ->  y=[1x2048]  (T=1, K=812)
  - op#01  op=SV       shard=0   p=[16x1x812] + v=[16x812x128]  ->  y=[16x1x128]  (T=1, K=812)
  - op#02  op=O        shard=1   x=[1x2048] + w=[4096x2048]  ->  y=[1x4096]  (T=1, K=812)
  - op#03  op=FFN_W1   shard=0   x=[1x4096] + w=[5504x4096]  ->  y=[1x5504]  (T=1, K=812)
  - op#04  op=SwiGLU   shard=0   a=[1x5504] + b=[1x5504]  ->  y=[1x5504]  (T=1, K=812)
[pim-debug] NOTE: CENT(AiM) trace backend internally uses x shape (1,1,dim) and handles prefill by repeating ops;
           the table below shows the *effective parameters* passed into cost_model_pim_backend for each op.
[pim-debug] op#00 op=V        norm=v_proj     sh=0  dim=4096  heads=16  hd=128 q_dim=2048  kv_heads=16  kv_dim=2048  o_dim=2048  ffn_dim=5504   seqlen=812    qlen=1   cache=N lat=    0.004ms cycles≈4428
[pim-debug] op#01 op=SV       norm=output     sh=0  dim=4096  heads=16  hd=128 q_dim=2048  kv_heads=16  kv_dim=2048  o_dim=2048  ffn_dim=5504   seqlen=812    qlen=1   cache=N lat=    0.002ms cycles≈2182
[pim-debug] op#02 op=O        norm=wo_proj    sh=1  dim=4096  heads=16  hd=128 q_dim=2048  kv_heads=16  kv_dim=2048  o_dim=2048  ffn_dim=5504   seqlen=812    qlen=1   cache=N lat=    0.004ms cycles≈4062
[pim-debug] op#03 op=FFN_W1   norm=ffn_gate   sh=0  dim=4096  heads=16  hd=128 q_dim=2048  kv_heads=16  kv_dim=2048  o_dim=2048  ffn_dim=5504   seqlen=812    qlen=1   cache=N lat=    0.012ms cycles≈11708
[pim-debug] op#04 op=SwiGLU   norm=silu       sh=0  dim=4096  heads=16  hd=128 q_dim=2048  kv_heads=16  kv_dim=2048  o_dim=2048  ffn_dim=5504   seqlen=812    qlen=1   cache=N lat=    0.001ms cycles≈503
[pim-debug] segment total latency: 0.023 ms
========================================================================================
[pim-debug] segment_key=pim|decode|59|18ae37754a97d1f42b25b2cff77caf3f
[pim-debug] sig: device_type=pim phase=decode step=59 (count_hint=32)
[pim-debug] ops_repr: V:1,SV:1,LN:-1,FFN_W1:1,FFN_W3:1,SwiGLU:1,FFN_W2:0
[pim-debug] cfg: shard_policy='fine' shards=2 dim=4096 ffn_dim=11008 n_heads=32 n_kv_heads=auto->n_heads
[pim-debug] pim_config=/lustre/home/2501111916/workspace/XPUPIM_0226_gpupim_parameter/TriForm/algorithms/aim_simulator/PIM_AiM.json
[pim-debug] ramulator_config=/lustre/home/2501111916/workspace/XPUPIM_0226_gpupim_parameter/TriForm/algorithms/aim_simulator/example.yaml
[pim-debug] cost_model config.PIM_FREQ_GHZ=1.0
[pim-debug] op plan (logical shapes inferred from schedule cfg):
  - op#00  op=V        shard=1   x=[1x4096] + w=[2048x4096]  ->  y=[1x2048]  (T=1, K=824)
  - op#01  op=SV       shard=1   p=[16x1x824] + v=[16x824x128]  ->  y=[16x1x128]  (T=1, K=824)
  - op#02  op=LN       shard=-1  x=[1x4096] + w=[4096]  ->  y=[1x4096]  (T=1, K=824)
  - op#03  op=FFN_W1   shard=1   x=[1x4096] + w=[5504x4096]  ->  y=[1x5504]  (T=1, K=824)
  - op#04  op=FFN_W3   shard=1   x=[1x4096] + w=[5504x4096]  ->  y=[1x5504]  (T=1, K=824)
  - op#05  op=SwiGLU   shard=1   a=[1x5504] + b=[1x5504]  ->  y=[1x5504]  (T=1, K=824)
  - op#06  op=FFN_W2   shard=0   x=[1x5504] + w=[4096x5504]  ->  y=[1x4096]  (T=1, K=824)
[pim-debug] NOTE: CENT(AiM) trace backend internally uses x shape (1,1,dim) and handles prefill by repeating ops;
           the table below shows the *effective parameters* passed into cost_model_pim_backend for each op.
[pim-debug] op#00 op=V        norm=v_proj     sh=1  dim=4096  heads=16  hd=128 q_dim=2048  kv_heads=16  kv_dim=2048  o_dim=2048  ffn_dim=5504   seqlen=824    qlen=1   cache=N lat=    0.004ms cycles≈4428
[pim-debug] op#01 op=SV       norm=output     sh=1  dim=4096  heads=16  hd=128 q_dim=2048  kv_heads=16  kv_dim=2048  o_dim=2048  ffn_dim=5504   seqlen=824    qlen=1   cache=N lat=    0.002ms cycles≈2200
[pim-debug] op#02 op=LN       norm=rmsnorm    sh=-1 dim=4096  heads=32  hd=128 q_dim=4096  kv_heads=32  kv_dim=4096  o_dim=4096  ffn_dim=11008  seqlen=824    qlen=1   cache=N lat=    0.001ms cycles≈1314
[pim-debug] op#03 op=FFN_W1   norm=ffn_gate   sh=1  dim=4096  heads=16  hd=128 q_dim=2048  kv_heads=16  kv_dim=2048  o_dim=2048  ffn_dim=5504   seqlen=824    qlen=1   cache=N lat=    0.012ms cycles≈11708
[pim-debug] op#04 op=FFN_W3   norm=ffn_up     sh=1  dim=4096  heads=16  hd=128 q_dim=2048  kv_heads=16  kv_dim=2048  o_dim=2048  ffn_dim=5504   seqlen=824    qlen=1   cache=N lat=    0.011ms cycles≈10896
[pim-debug] op#05 op=SwiGLU   norm=silu       sh=1  dim=4096  heads=16  hd=128 q_dim=2048  kv_heads=16  kv_dim=2048  o_dim=2048  ffn_dim=5504   seqlen=824    qlen=1   cache=N lat=    0.001ms cycles≈503
[pim-debug] op#06 op=FFN_W2   norm=ffn_down   sh=0  dim=4096  heads=16  hd=128 q_dim=2048  kv_heads=16  kv_dim=2048  o_dim=2048  ffn_dim=5504   seqlen=824    qlen=1   cache=N lat=    0.011ms cycles≈11466
[pim-debug] segment total latency: 0.043 ms
========================================================================================
[pim-debug] segment_key=pim|decode|59|fa8b04eaba988353d76eadc6a01ae0d4
[pim-debug] sig: device_type=pim phase=decode step=59 (count_hint=31)
[pim-debug] ops_repr: LN:-1,V:0,SV:0,O:1,FFN_W1:0,SwiGLU:0
[pim-debug] cfg: shard_policy='fine' shards=2 dim=4096 ffn_dim=11008 n_heads=32 n_kv_heads=auto->n_heads
[pim-debug] pim_config=/lustre/home/2501111916/workspace/XPUPIM_0226_gpupim_parameter/TriForm/algorithms/aim_simulator/PIM_AiM.json
[pim-debug] ramulator_config=/lustre/home/2501111916/workspace/XPUPIM_0226_gpupim_parameter/TriForm/algorithms/aim_simulator/example.yaml
[pim-debug] cost_model config.PIM_FREQ_GHZ=1.0
[pim-debug] op plan (logical shapes inferred from schedule cfg):
  - op#00  op=LN       shard=-1  x=[1x4096] + w=[4096]  ->  y=[1x4096]  (T=1, K=824)
  - op#01  op=V        shard=0   x=[1x4096] + w=[2048x4096]  ->  y=[1x2048]  (T=1, K=824)
  - op#02  op=SV       shard=0   p=[16x1x824] + v=[16x824x128]  ->  y=[16x1x128]  (T=1, K=824)
  - op#03  op=O        shard=1   x=[1x2048] + w=[4096x2048]  ->  y=[1x4096]  (T=1, K=824)
  - op#04  op=FFN_W1   shard=0   x=[1x4096] + w=[5504x4096]  ->  y=[1x5504]  (T=1, K=824)
  - op#05  op=SwiGLU   shard=0   a=[1x5504] + b=[1x5504]  ->  y=[1x5504]  (T=1, K=824)
[pim-debug] NOTE: CENT(AiM) trace backend internally uses x shape (1,1,dim) and handles prefill by repeating ops;
           the table below shows the *effective parameters* passed into cost_model_pim_backend for each op.
[pim-debug] op#00 op=LN       norm=rmsnorm    sh=-1 dim=4096  heads=32  hd=128 q_dim=4096  kv_heads=32  kv_dim=4096  o_dim=4096  ffn_dim=11008  seqlen=824    qlen=1   cache=N lat=    0.001ms cycles≈1314
[pim-debug] op#01 op=V        norm=v_proj     sh=0  dim=4096  heads=16  hd=128 q_dim=2048  kv_heads=16  kv_dim=2048  o_dim=2048  ffn_dim=5504   seqlen=824    qlen=1   cache=N lat=    0.004ms cycles≈4428
[pim-debug] op#02 op=SV       norm=output     sh=0  dim=4096  heads=16  hd=128 q_dim=2048  kv_heads=16  kv_dim=2048  o_dim=2048  ffn_dim=5504   seqlen=824    qlen=1   cache=N lat=    0.002ms cycles≈2200
[pim-debug] op#03 op=O        norm=wo_proj    sh=1  dim=4096  heads=16  hd=128 q_dim=2048  kv_heads=16  kv_dim=2048  o_dim=2048  ffn_dim=5504   seqlen=824    qlen=1   cache=N lat=    0.004ms cycles≈4062
[pim-debug] op#04 op=FFN_W1   norm=ffn_gate   sh=0  dim=4096  heads=16  hd=128 q_dim=2048  kv_heads=16  kv_dim=2048  o_dim=2048  ffn_dim=5504   seqlen=824    qlen=1   cache=N lat=    0.012ms cycles≈11708
[pim-debug] op#05 op=SwiGLU   norm=silu       sh=0  dim=4096  heads=16  hd=128 q_dim=2048  kv_heads=16  kv_dim=2048  o_dim=2048  ffn_dim=5504   seqlen=824    qlen=1   cache=N lat=    0.001ms cycles≈503
[pim-debug] segment total latency: 0.024 ms
========================================================================================
[pim-debug] segment_key=pim|decode|59|fdf6362e664a0dcb3b710140facc51d5
[pim-debug] sig: device_type=pim phase=decode step=59 (count_hint=1)
[pim-debug] ops_repr: V:0,SV:0,O:1,FFN_W1:0,SwiGLU:0
[pim-debug] cfg: shard_policy='fine' shards=2 dim=4096 ffn_dim=11008 n_heads=32 n_kv_heads=auto->n_heads
[pim-debug] pim_config=/lustre/home/2501111916/workspace/XPUPIM_0226_gpupim_parameter/TriForm/algorithms/aim_simulator/PIM_AiM.json
[pim-debug] ramulator_config=/lustre/home/2501111916/workspace/XPUPIM_0226_gpupim_parameter/TriForm/algorithms/aim_simulator/example.yaml
[pim-debug] cost_model config.PIM_FREQ_GHZ=1.0
[pim-debug] op plan (logical shapes inferred from schedule cfg):
  - op#00  op=V        shard=0   x=[1x4096] + w=[2048x4096]  ->  y=[1x2048]  (T=1, K=824)
  - op#01  op=SV       shard=0   p=[16x1x824] + v=[16x824x128]  ->  y=[16x1x128]  (T=1, K=824)
  - op#02  op=O        shard=1   x=[1x2048] + w=[4096x2048]  ->  y=[1x4096]  (T=1, K=824)
  - op#03  op=FFN_W1   shard=0   x=[1x4096] + w=[5504x4096]  ->  y=[1x5504]  (T=1, K=824)
  - op#04  op=SwiGLU   shard=0   a=[1x5504] + b=[1x5504]  ->  y=[1x5504]  (T=1, K=824)
[pim-debug] NOTE: CENT(AiM) trace backend internally uses x shape (1,1,dim) and handles prefill by repeating ops;
           the table below shows the *effective parameters* passed into cost_model_pim_backend for each op.
[pim-debug] op#00 op=V        norm=v_proj     sh=0  dim=4096  heads=16  hd=128 q_dim=2048  kv_heads=16  kv_dim=2048  o_dim=2048  ffn_dim=5504   seqlen=824    qlen=1   cache=N lat=    0.004ms cycles≈4428
[pim-debug] op#01 op=SV       norm=output     sh=0  dim=4096  heads=16  hd=128 q_dim=2048  kv_heads=16  kv_dim=2048  o_dim=2048  ffn_dim=5504   seqlen=824    qlen=1   cache=N lat=    0.002ms cycles≈2200
[pim-debug] op#02 op=O        norm=wo_proj    sh=1  dim=4096  heads=16  hd=128 q_dim=2048  kv_heads=16  kv_dim=2048  o_dim=2048  ffn_dim=5504   seqlen=824    qlen=1   cache=N lat=    0.004ms cycles≈4062
[pim-debug] op#03 op=FFN_W1   norm=ffn_gate   sh=0  dim=4096  heads=16  hd=128 q_dim=2048  kv_heads=16  kv_dim=2048  o_dim=2048  ffn_dim=5504   seqlen=824    qlen=1   cache=N lat=    0.012ms cycles≈11708
[pim-debug] op#04 op=SwiGLU   norm=silu       sh=0  dim=4096  heads=16  hd=128 q_dim=2048  kv_heads=16  kv_dim=2048  o_dim=2048  ffn_dim=5504   seqlen=824    qlen=1   cache=N lat=    0.001ms cycles≈503
[pim-debug] segment total latency: 0.023 ms
========================================================================================
[pim-debug] segment_key=pim|decode|5|18ae37754a97d1f42b25b2cff77caf3f
[pim-debug] sig: device_type=pim phase=decode step=5 (count_hint=32)
[pim-debug] ops_repr: V:1,SV:1,LN:-1,FFN_W1:1,FFN_W3:1,SwiGLU:1,FFN_W2:0
[pim-debug] cfg: shard_policy='fine' shards=2 dim=4096 ffn_dim=11008 n_heads=32 n_kv_heads=auto->n_heads
[pim-debug] pim_config=/lustre/home/2501111916/workspace/XPUPIM_0226_gpupim_parameter/TriForm/algorithms/aim_simulator/PIM_AiM.json
[pim-debug] ramulator_config=/lustre/home/2501111916/workspace/XPUPIM_0226_gpupim_parameter/TriForm/algorithms/aim_simulator/example.yaml
[pim-debug] cost_model config.PIM_FREQ_GHZ=1.0
[pim-debug] op plan (logical shapes inferred from schedule cfg):
  - op#00  op=V        shard=1   x=[1x4096] + w=[2048x4096]  ->  y=[1x2048]  (T=1, K=176)
  - op#01  op=SV       shard=1   p=[16x1x176] + v=[16x176x128]  ->  y=[16x1x128]  (T=1, K=176)
  - op#02  op=LN       shard=-1  x=[1x4096] + w=[4096]  ->  y=[1x4096]  (T=1, K=176)
  - op#03  op=FFN_W1   shard=1   x=[1x4096] + w=[5504x4096]  ->  y=[1x5504]  (T=1, K=176)
  - op#04  op=FFN_W3   shard=1   x=[1x4096] + w=[5504x4096]  ->  y=[1x5504]  (T=1, K=176)
  - op#05  op=SwiGLU   shard=1   a=[1x5504] + b=[1x5504]  ->  y=[1x5504]  (T=1, K=176)
  - op#06  op=FFN_W2   shard=0   x=[1x5504] + w=[4096x5504]  ->  y=[1x4096]  (T=1, K=176)
[pim-debug] NOTE: CENT(AiM) trace backend internally uses x shape (1,1,dim) and handles prefill by repeating ops;
           the table below shows the *effective parameters* passed into cost_model_pim_backend for each op.
[pim-debug] op#00 op=V        norm=v_proj     sh=1  dim=4096  heads=16  hd=128 q_dim=2048  kv_heads=16  kv_dim=2048  o_dim=2048  ffn_dim=5504   seqlen=176    qlen=1   cache=N lat=    0.004ms cycles≈4428
[pim-debug] op#01 op=SV       norm=output     sh=1  dim=4096  heads=16  hd=128 q_dim=2048  kv_heads=16  kv_dim=2048  o_dim=2048  ffn_dim=5504   seqlen=176    qlen=1   cache=N lat=    0.001ms cycles≈1462
[pim-debug] op#02 op=LN       norm=rmsnorm    sh=-1 dim=4096  heads=32  hd=128 q_dim=4096  kv_heads=32  kv_dim=4096  o_dim=4096  ffn_dim=11008  seqlen=176    qlen=1   cache=N lat=    0.001ms cycles≈1314
[pim-debug] op#03 op=FFN_W1   norm=ffn_gate   sh=1  dim=4096  heads=16  hd=128 q_dim=2048  kv_heads=16  kv_dim=2048  o_dim=2048  ffn_dim=5504   seqlen=176    qlen=1   cache=N lat=    0.012ms cycles≈11708
[pim-debug] op#04 op=FFN_W3   norm=ffn_up     sh=1  dim=4096  heads=16  hd=128 q_dim=2048  kv_heads=16  kv_dim=2048  o_dim=2048  ffn_dim=5504   seqlen=176    qlen=1   cache=N lat=    0.011ms cycles≈10896
[pim-debug] op#05 op=SwiGLU   norm=silu       sh=1  dim=4096  heads=16  hd=128 q_dim=2048  kv_heads=16  kv_dim=2048  o_dim=2048  ffn_dim=5504   seqlen=176    qlen=1   cache=N lat=    0.001ms cycles≈503
[pim-debug] op#06 op=FFN_W2   norm=ffn_down   sh=0  dim=4096  heads=16  hd=128 q_dim=2048  kv_heads=16  kv_dim=2048  o_dim=2048  ffn_dim=5504   seqlen=176    qlen=1   cache=N lat=    0.011ms cycles≈11466
[pim-debug] segment total latency: 0.042 ms
========================================================================================
[pim-debug] segment_key=pim|decode|5|fa8b04eaba988353d76eadc6a01ae0d4
[pim-debug] sig: device_type=pim phase=decode step=5 (count_hint=31)
[pim-debug] ops_repr: LN:-1,V:0,SV:0,O:1,FFN_W1:0,SwiGLU:0
[pim-debug] cfg: shard_policy='fine' shards=2 dim=4096 ffn_dim=11008 n_heads=32 n_kv_heads=auto->n_heads
[pim-debug] pim_config=/lustre/home/2501111916/workspace/XPUPIM_0226_gpupim_parameter/TriForm/algorithms/aim_simulator/PIM_AiM.json
[pim-debug] ramulator_config=/lustre/home/2501111916/workspace/XPUPIM_0226_gpupim_parameter/TriForm/algorithms/aim_simulator/example.yaml
[pim-debug] cost_model config.PIM_FREQ_GHZ=1.0
[pim-debug] op plan (logical shapes inferred from schedule cfg):
  - op#00  op=LN       shard=-1  x=[1x4096] + w=[4096]  ->  y=[1x4096]  (T=1, K=176)
  - op#01  op=V        shard=0   x=[1x4096] + w=[2048x4096]  ->  y=[1x2048]  (T=1, K=176)
  - op#02  op=SV       shard=0   p=[16x1x176] + v=[16x176x128]  ->  y=[16x1x128]  (T=1, K=176)
  - op#03  op=O        shard=1   x=[1x2048] + w=[4096x2048]  ->  y=[1x4096]  (T=1, K=176)
  - op#04  op=FFN_W1   shard=0   x=[1x4096] + w=[5504x4096]  ->  y=[1x5504]  (T=1, K=176)
  - op#05  op=SwiGLU   shard=0   a=[1x5504] + b=[1x5504]  ->  y=[1x5504]  (T=1, K=176)
[pim-debug] NOTE: CENT(AiM) trace backend internally uses x shape (1,1,dim) and handles prefill by repeating ops;
           the table below shows the *effective parameters* passed into cost_model_pim_backend for each op.
[pim-debug] op#00 op=LN       norm=rmsnorm    sh=-1 dim=4096  heads=32  hd=128 q_dim=4096  kv_heads=32  kv_dim=4096  o_dim=4096  ffn_dim=11008  seqlen=176    qlen=1   cache=N lat=    0.001ms cycles≈1314
[pim-debug] op#01 op=V        norm=v_proj     sh=0  dim=4096  heads=16  hd=128 q_dim=2048  kv_heads=16  kv_dim=2048  o_dim=2048  ffn_dim=5504   seqlen=176    qlen=1   cache=N lat=    0.004ms cycles≈4428
[pim-debug] op#02 op=SV       norm=output     sh=0  dim=4096  heads=16  hd=128 q_dim=2048  kv_heads=16  kv_dim=2048  o_dim=2048  ffn_dim=5504   seqlen=176    qlen=1   cache=N lat=    0.001ms cycles≈1462
[pim-debug] op#03 op=O        norm=wo_proj    sh=1  dim=4096  heads=16  hd=128 q_dim=2048  kv_heads=16  kv_dim=2048  o_dim=2048  ffn_dim=5504   seqlen=176    qlen=1   cache=N lat=    0.004ms cycles≈4062
[pim-debug] op#04 op=FFN_W1   norm=ffn_gate   sh=0  dim=4096  heads=16  hd=128 q_dim=2048  kv_heads=16  kv_dim=2048  o_dim=2048  ffn_dim=5504   seqlen=176    qlen=1   cache=N lat=    0.012ms cycles≈11708
[pim-debug] op#05 op=SwiGLU   norm=silu       sh=0  dim=4096  heads=16  hd=128 q_dim=2048  kv_heads=16  kv_dim=2048  o_dim=2048  ffn_dim=5504   seqlen=176    qlen=1   cache=N lat=    0.001ms cycles≈503
[pim-debug] segment total latency: 0.023 ms
========================================================================================
[pim-debug] segment_key=pim|decode|5|fdf6362e664a0dcb3b710140facc51d5
[pim-debug] sig: device_type=pim phase=decode step=5 (count_hint=1)
[pim-debug] ops_repr: V:0,SV:0,O:1,FFN_W1:0,SwiGLU:0
[pim-debug] cfg: shard_policy='fine' shards=2 dim=4096 ffn_dim=11008 n_heads=32 n_kv_heads=auto->n_heads
[pim-debug] pim_config=/lustre/home/2501111916/workspace/XPUPIM_0226_gpupim_parameter/TriForm/algorithms/aim_simulator/PIM_AiM.json
[pim-debug] ramulator_config=/lustre/home/2501111916/workspace/XPUPIM_0226_gpupim_parameter/TriForm/algorithms/aim_simulator/example.yaml
[pim-debug] cost_model config.PIM_FREQ_GHZ=1.0
[pim-debug] op plan (logical shapes inferred from schedule cfg):
  - op#00  op=V        shard=0   x=[1x4096] + w=[2048x4096]  ->  y=[1x2048]  (T=1, K=176)
  - op#01  op=SV       shard=0   p=[16x1x176] + v=[16x176x128]  ->  y=[16x1x128]  (T=1, K=176)
  - op#02  op=O        shard=1   x=[1x2048] + w=[4096x2048]  ->  y=[1x4096]  (T=1, K=176)
  - op#03  op=FFN_W1   shard=0   x=[1x4096] + w=[5504x4096]  ->  y=[1x5504]  (T=1, K=176)
  - op#04  op=SwiGLU   shard=0   a=[1x5504] + b=[1x5504]  ->  y=[1x5504]  (T=1, K=176)
[pim-debug] NOTE: CENT(AiM) trace backend internally uses x shape (1,1,dim) and handles prefill by repeating ops;
           the table below shows the *effective parameters* passed into cost_model_pim_backend for each op.
[pim-debug] op#00 op=V        norm=v_proj     sh=0  dim=4096  heads=16  hd=128 q_dim=2048  kv_heads=16  kv_dim=2048  o_dim=2048  ffn_dim=5504   seqlen=176    qlen=1   cache=N lat=    0.004ms cycles≈4428
[pim-debug] op#01 op=SV       norm=output     sh=0  dim=4096  heads=16  hd=128 q_dim=2048  kv_heads=16  kv_dim=2048  o_dim=2048  ffn_dim=5504   seqlen=176    qlen=1   cache=N lat=    0.001ms cycles≈1462
[pim-debug] op#02 op=O        norm=wo_proj    sh=1  dim=4096  heads=16  hd=128 q_dim=2048  kv_heads=16  kv_dim=2048  o_dim=2048  ffn_dim=5504   seqlen=176    qlen=1   cache=N lat=    0.004ms cycles≈4062
[pim-debug] op#03 op=FFN_W1   norm=ffn_gate   sh=0  dim=4096  heads=16  hd=128 q_dim=2048  kv_heads=16  kv_dim=2048  o_dim=2048  ffn_dim=5504   seqlen=176    qlen=1   cache=N lat=    0.012ms cycles≈11708
[pim-debug] op#04 op=SwiGLU   norm=silu       sh=0  dim=4096  heads=16  hd=128 q_dim=2048  kv_heads=16  kv_dim=2048  o_dim=2048  ffn_dim=5504   seqlen=176    qlen=1   cache=N lat=    0.001ms cycles≈503
[pim-debug] segment total latency: 0.022 ms
========================================================================================
[pim-debug] segment_key=pim|decode|60|18ae37754a97d1f42b25b2cff77caf3f
[pim-debug] sig: device_type=pim phase=decode step=60 (count_hint=32)
[pim-debug] ops_repr: V:1,SV:1,LN:-1,FFN_W1:1,FFN_W3:1,SwiGLU:1,FFN_W2:0
[pim-debug] cfg: shard_policy='fine' shards=2 dim=4096 ffn_dim=11008 n_heads=32 n_kv_heads=auto->n_heads
[pim-debug] pim_config=/lustre/home/2501111916/workspace/XPUPIM_0226_gpupim_parameter/TriForm/algorithms/aim_simulator/PIM_AiM.json
[pim-debug] ramulator_config=/lustre/home/2501111916/workspace/XPUPIM_0226_gpupim_parameter/TriForm/algorithms/aim_simulator/example.yaml
[pim-debug] cost_model config.PIM_FREQ_GHZ=1.0
[pim-debug] op plan (logical shapes inferred from schedule cfg):
  - op#00  op=V        shard=1   x=[1x4096] + w=[2048x4096]  ->  y=[1x2048]  (T=1, K=836)
  - op#01  op=SV       shard=1   p=[16x1x836] + v=[16x836x128]  ->  y=[16x1x128]  (T=1, K=836)
  - op#02  op=LN       shard=-1  x=[1x4096] + w=[4096]  ->  y=[1x4096]  (T=1, K=836)
  - op#03  op=FFN_W1   shard=1   x=[1x4096] + w=[5504x4096]  ->  y=[1x5504]  (T=1, K=836)
  - op#04  op=FFN_W3   shard=1   x=[1x4096] + w=[5504x4096]  ->  y=[1x5504]  (T=1, K=836)
  - op#05  op=SwiGLU   shard=1   a=[1x5504] + b=[1x5504]  ->  y=[1x5504]  (T=1, K=836)
  - op#06  op=FFN_W2   shard=0   x=[1x5504] + w=[4096x5504]  ->  y=[1x4096]  (T=1, K=836)
[pim-debug] NOTE: CENT(AiM) trace backend internally uses x shape (1,1,dim) and handles prefill by repeating ops;
           the table below shows the *effective parameters* passed into cost_model_pim_backend for each op.
[pim-debug] op#00 op=V        norm=v_proj     sh=1  dim=4096  heads=16  hd=128 q_dim=2048  kv_heads=16  kv_dim=2048  o_dim=2048  ffn_dim=5504   seqlen=836    qlen=1   cache=N lat=    0.004ms cycles≈4428
[pim-debug] op#01 op=SV       norm=output     sh=1  dim=4096  heads=16  hd=128 q_dim=2048  kv_heads=16  kv_dim=2048  o_dim=2048  ffn_dim=5504   seqlen=836    qlen=1   cache=N lat=    0.002ms cycles≈2218
[pim-debug] op#02 op=LN       norm=rmsnorm    sh=-1 dim=4096  heads=32  hd=128 q_dim=4096  kv_heads=32  kv_dim=4096  o_dim=4096  ffn_dim=11008  seqlen=836    qlen=1   cache=N lat=    0.001ms cycles≈1314
[pim-debug] op#03 op=FFN_W1   norm=ffn_gate   sh=1  dim=4096  heads=16  hd=128 q_dim=2048  kv_heads=16  kv_dim=2048  o_dim=2048  ffn_dim=5504   seqlen=836    qlen=1   cache=N lat=    0.012ms cycles≈11708
[pim-debug] op#04 op=FFN_W3   norm=ffn_up     sh=1  dim=4096  heads=16  hd=128 q_dim=2048  kv_heads=16  kv_dim=2048  o_dim=2048  ffn_dim=5504   seqlen=836    qlen=1   cache=N lat=    0.011ms cycles≈10896
[pim-debug] op#05 op=SwiGLU   norm=silu       sh=1  dim=4096  heads=16  hd=128 q_dim=2048  kv_heads=16  kv_dim=2048  o_dim=2048  ffn_dim=5504   seqlen=836    qlen=1   cache=N lat=    0.001ms cycles≈503
[pim-debug] op#06 op=FFN_W2   norm=ffn_down   sh=0  dim=4096  heads=16  hd=128 q_dim=2048  kv_heads=16  kv_dim=2048  o_dim=2048  ffn_dim=5504   seqlen=836    qlen=1   cache=N lat=    0.011ms cycles≈11466
[pim-debug] segment total latency: 0.043 ms
========================================================================================
[pim-debug] segment_key=pim|decode|60|fa8b04eaba988353d76eadc6a01ae0d4
[pim-debug] sig: device_type=pim phase=decode step=60 (count_hint=31)
[pim-debug] ops_repr: LN:-1,V:0,SV:0,O:1,FFN_W1:0,SwiGLU:0
[pim-debug] cfg: shard_policy='fine' shards=2 dim=4096 ffn_dim=11008 n_heads=32 n_kv_heads=auto->n_heads
[pim-debug] pim_config=/lustre/home/2501111916/workspace/XPUPIM_0226_gpupim_parameter/TriForm/algorithms/aim_simulator/PIM_AiM.json
[pim-debug] ramulator_config=/lustre/home/2501111916/workspace/XPUPIM_0226_gpupim_parameter/TriForm/algorithms/aim_simulator/example.yaml
[pim-debug] cost_model config.PIM_FREQ_GHZ=1.0
[pim-debug] op plan (logical shapes inferred from schedule cfg):
  - op#00  op=LN       shard=-1  x=[1x4096] + w=[4096]  ->  y=[1x4096]  (T=1, K=836)
  - op#01  op=V        shard=0   x=[1x4096] + w=[2048x4096]  ->  y=[1x2048]  (T=1, K=836)
  - op#02  op=SV       shard=0   p=[16x1x836] + v=[16x836x128]  ->  y=[16x1x128]  (T=1, K=836)
  - op#03  op=O        shard=1   x=[1x2048] + w=[4096x2048]  ->  y=[1x4096]  (T=1, K=836)
  - op#04  op=FFN_W1   shard=0   x=[1x4096] + w=[5504x4096]  ->  y=[1x5504]  (T=1, K=836)
  - op#05  op=SwiGLU   shard=0   a=[1x5504] + b=[1x5504]  ->  y=[1x5504]  (T=1, K=836)
[pim-debug] NOTE: CENT(AiM) trace backend internally uses x shape (1,1,dim) and handles prefill by repeating ops;
           the table below shows the *effective parameters* passed into cost_model_pim_backend for each op.
[pim-debug] op#00 op=LN       norm=rmsnorm    sh=-1 dim=4096  heads=32  hd=128 q_dim=4096  kv_heads=32  kv_dim=4096  o_dim=4096  ffn_dim=11008  seqlen=836    qlen=1   cache=N lat=    0.001ms cycles≈1314
[pim-debug] op#01 op=V        norm=v_proj     sh=0  dim=4096  heads=16  hd=128 q_dim=2048  kv_heads=16  kv_dim=2048  o_dim=2048  ffn_dim=5504   seqlen=836    qlen=1   cache=N lat=    0.004ms cycles≈4428
[pim-debug] op#02 op=SV       norm=output     sh=0  dim=4096  heads=16  hd=128 q_dim=2048  kv_heads=16  kv_dim=2048  o_dim=2048  ffn_dim=5504   seqlen=836    qlen=1   cache=N lat=    0.002ms cycles≈2218
[pim-debug] op#03 op=O        norm=wo_proj    sh=1  dim=4096  heads=16  hd=128 q_dim=2048  kv_heads=16  kv_dim=2048  o_dim=2048  ffn_dim=5504   seqlen=836    qlen=1   cache=N lat=    0.004ms cycles≈4062
[pim-debug] op#04 op=FFN_W1   norm=ffn_gate   sh=0  dim=4096  heads=16  hd=128 q_dim=2048  kv_heads=16  kv_dim=2048  o_dim=2048  ffn_dim=5504   seqlen=836    qlen=1   cache=N lat=    0.012ms cycles≈11708
[pim-debug] op#05 op=SwiGLU   norm=silu       sh=0  dim=4096  heads=16  hd=128 q_dim=2048  kv_heads=16  kv_dim=2048  o_dim=2048  ffn_dim=5504   seqlen=836    qlen=1   cache=N lat=    0.001ms cycles≈503
[pim-debug] segment total latency: 0.024 ms
========================================================================================
[pim-debug] segment_key=pim|decode|60|fdf6362e664a0dcb3b710140facc51d5
[pim-debug] sig: device_type=pim phase=decode step=60 (count_hint=1)
[pim-debug] ops_repr: V:0,SV:0,O:1,FFN_W1:0,SwiGLU:0
[pim-debug] cfg: shard_policy='fine' shards=2 dim=4096 ffn_dim=11008 n_heads=32 n_kv_heads=auto->n_heads
[pim-debug] pim_config=/lustre/home/2501111916/workspace/XPUPIM_0226_gpupim_parameter/TriForm/algorithms/aim_simulator/PIM_AiM.json
[pim-debug] ramulator_config=/lustre/home/2501111916/workspace/XPUPIM_0226_gpupim_parameter/TriForm/algorithms/aim_simulator/example.yaml
[pim-debug] cost_model config.PIM_FREQ_GHZ=1.0
[pim-debug] op plan (logical shapes inferred from schedule cfg):
  - op#00  op=V        shard=0   x=[1x4096] + w=[2048x4096]  ->  y=[1x2048]  (T=1, K=836)
  - op#01  op=SV       shard=0   p=[16x1x836] + v=[16x836x128]  ->  y=[16x1x128]  (T=1, K=836)
  - op#02  op=O        shard=1   x=[1x2048] + w=[4096x2048]  ->  y=[1x4096]  (T=1, K=836)
  - op#03  op=FFN_W1   shard=0   x=[1x4096] + w=[5504x4096]  ->  y=[1x5504]  (T=1, K=836)
  - op#04  op=SwiGLU   shard=0   a=[1x5504] + b=[1x5504]  ->  y=[1x5504]  (T=1, K=836)
[pim-debug] NOTE: CENT(AiM) trace backend internally uses x shape (1,1,dim) and handles prefill by repeating ops;
           the table below shows the *effective parameters* passed into cost_model_pim_backend for each op.
[pim-debug] op#00 op=V        norm=v_proj     sh=0  dim=4096  heads=16  hd=128 q_dim=2048  kv_heads=16  kv_dim=2048  o_dim=2048  ffn_dim=5504   seqlen=836    qlen=1   cache=N lat=    0.004ms cycles≈4428
[pim-debug] op#01 op=SV       norm=output     sh=0  dim=4096  heads=16  hd=128 q_dim=2048  kv_heads=16  kv_dim=2048  o_dim=2048  ffn_dim=5504   seqlen=836    qlen=1   cache=N lat=    0.002ms cycles≈2218
[pim-debug] op#02 op=O        norm=wo_proj    sh=1  dim=4096  heads=16  hd=128 q_dim=2048  kv_heads=16  kv_dim=2048  o_dim=2048  ffn_dim=5504   seqlen=836    qlen=1   cache=N lat=    0.004ms cycles≈4062
[pim-debug] op#03 op=FFN_W1   norm=ffn_gate   sh=0  dim=4096  heads=16  hd=128 q_dim=2048  kv_heads=16  kv_dim=2048  o_dim=2048  ffn_dim=5504   seqlen=836    qlen=1   cache=N lat=    0.012ms cycles≈11708
[pim-debug] op#04 op=SwiGLU   norm=silu       sh=0  dim=4096  heads=16  hd=128 q_dim=2048  kv_heads=16  kv_dim=2048  o_dim=2048  ffn_dim=5504   seqlen=836    qlen=1   cache=N lat=    0.001ms cycles≈503
[pim-debug] segment total latency: 0.023 ms
========================================================================================
[pim-debug] segment_key=pim|decode|61|18ae37754a97d1f42b25b2cff77caf3f
[pim-debug] sig: device_type=pim phase=decode step=61 (count_hint=32)
[pim-debug] ops_repr: V:1,SV:1,LN:-1,FFN_W1:1,FFN_W3:1,SwiGLU:1,FFN_W2:0
[pim-debug] cfg: shard_policy='fine' shards=2 dim=4096 ffn_dim=11008 n_heads=32 n_kv_heads=auto->n_heads
[pim-debug] pim_config=/lustre/home/2501111916/workspace/XPUPIM_0226_gpupim_parameter/TriForm/algorithms/aim_simulator/PIM_AiM.json
[pim-debug] ramulator_config=/lustre/home/2501111916/workspace/XPUPIM_0226_gpupim_parameter/TriForm/algorithms/aim_simulator/example.yaml
[pim-debug] cost_model config.PIM_FREQ_GHZ=1.0
[pim-debug] op plan (logical shapes inferred from schedule cfg):
  - op#00  op=V        shard=1   x=[1x4096] + w=[2048x4096]  ->  y=[1x2048]  (T=1, K=848)
  - op#01  op=SV       shard=1   p=[16x1x848] + v=[16x848x128]  ->  y=[16x1x128]  (T=1, K=848)
  - op#02  op=LN       shard=-1  x=[1x4096] + w=[4096]  ->  y=[1x4096]  (T=1, K=848)
  - op#03  op=FFN_W1   shard=1   x=[1x4096] + w=[5504x4096]  ->  y=[1x5504]  (T=1, K=848)
  - op#04  op=FFN_W3   shard=1   x=[1x4096] + w=[5504x4096]  ->  y=[1x5504]  (T=1, K=848)
  - op#05  op=SwiGLU   shard=1   a=[1x5504] + b=[1x5504]  ->  y=[1x5504]  (T=1, K=848)
  - op#06  op=FFN_W2   shard=0   x=[1x5504] + w=[4096x5504]  ->  y=[1x4096]  (T=1, K=848)
[pim-debug] NOTE: CENT(AiM) trace backend internally uses x shape (1,1,dim) and handles prefill by repeating ops;
           the table below shows the *effective parameters* passed into cost_model_pim_backend for each op.
[pim-debug] op#00 op=V        norm=v_proj     sh=1  dim=4096  heads=16  hd=128 q_dim=2048  kv_heads=16  kv_dim=2048  o_dim=2048  ffn_dim=5504   seqlen=848    qlen=1   cache=N lat=    0.004ms cycles≈4428
[pim-debug] op#01 op=SV       norm=output     sh=1  dim=4096  heads=16  hd=128 q_dim=2048  kv_heads=16  kv_dim=2048  o_dim=2048  ffn_dim=5504   seqlen=848    qlen=1   cache=N lat=    0.002ms cycles≈2218
[pim-debug] op#02 op=LN       norm=rmsnorm    sh=-1 dim=4096  heads=32  hd=128 q_dim=4096  kv_heads=32  kv_dim=4096  o_dim=4096  ffn_dim=11008  seqlen=848    qlen=1   cache=N lat=    0.001ms cycles≈1314
[pim-debug] op#03 op=FFN_W1   norm=ffn_gate   sh=1  dim=4096  heads=16  hd=128 q_dim=2048  kv_heads=16  kv_dim=2048  o_dim=2048  ffn_dim=5504   seqlen=848    qlen=1   cache=N lat=    0.012ms cycles≈11708
[pim-debug] op#04 op=FFN_W3   norm=ffn_up     sh=1  dim=4096  heads=16  hd=128 q_dim=2048  kv_heads=16  kv_dim=2048  o_dim=2048  ffn_dim=5504   seqlen=848    qlen=1   cache=N lat=    0.011ms cycles≈10896
[pim-debug] op#05 op=SwiGLU   norm=silu       sh=1  dim=4096  heads=16  hd=128 q_dim=2048  kv_heads=16  kv_dim=2048  o_dim=2048  ffn_dim=5504   seqlen=848    qlen=1   cache=N lat=    0.001ms cycles≈503
[pim-debug] op#06 op=FFN_W2   norm=ffn_down   sh=0  dim=4096  heads=16  hd=128 q_dim=2048  kv_heads=16  kv_dim=2048  o_dim=2048  ffn_dim=5504   seqlen=848    qlen=1   cache=N lat=    0.011ms cycles≈11466
[pim-debug] segment total latency: 0.043 ms
========================================================================================
[pim-debug] segment_key=pim|decode|61|fa8b04eaba988353d76eadc6a01ae0d4
[pim-debug] sig: device_type=pim phase=decode step=61 (count_hint=31)
[pim-debug] ops_repr: LN:-1,V:0,SV:0,O:1,FFN_W1:0,SwiGLU:0
[pim-debug] cfg: shard_policy='fine' shards=2 dim=4096 ffn_dim=11008 n_heads=32 n_kv_heads=auto->n_heads
[pim-debug] pim_config=/lustre/home/2501111916/workspace/XPUPIM_0226_gpupim_parameter/TriForm/algorithms/aim_simulator/PIM_AiM.json
[pim-debug] ramulator_config=/lustre/home/2501111916/workspace/XPUPIM_0226_gpupim_parameter/TriForm/algorithms/aim_simulator/example.yaml
[pim-debug] cost_model config.PIM_FREQ_GHZ=1.0
[pim-debug] op plan (logical shapes inferred from schedule cfg):
  - op#00  op=LN       shard=-1  x=[1x4096] + w=[4096]  ->  y=[1x4096]  (T=1, K=848)
  - op#01  op=V        shard=0   x=[1x4096] + w=[2048x4096]  ->  y=[1x2048]  (T=1, K=848)
  - op#02  op=SV       shard=0   p=[16x1x848] + v=[16x848x128]  ->  y=[16x1x128]  (T=1, K=848)
  - op#03  op=O        shard=1   x=[1x2048] + w=[4096x2048]  ->  y=[1x4096]  (T=1, K=848)
  - op#04  op=FFN_W1   shard=0   x=[1x4096] + w=[5504x4096]  ->  y=[1x5504]  (T=1, K=848)
  - op#05  op=SwiGLU   shard=0   a=[1x5504] + b=[1x5504]  ->  y=[1x5504]  (T=1, K=848)
[pim-debug] NOTE: CENT(AiM) trace backend internally uses x shape (1,1,dim) and handles prefill by repeating ops;
           the table below shows the *effective parameters* passed into cost_model_pim_backend for each op.
[pim-debug] op#00 op=LN       norm=rmsnorm    sh=-1 dim=4096  heads=32  hd=128 q_dim=4096  kv_heads=32  kv_dim=4096  o_dim=4096  ffn_dim=11008  seqlen=848    qlen=1   cache=N lat=    0.001ms cycles≈1314
[pim-debug] op#01 op=V        norm=v_proj     sh=0  dim=4096  heads=16  hd=128 q_dim=2048  kv_heads=16  kv_dim=2048  o_dim=2048  ffn_dim=5504   seqlen=848    qlen=1   cache=N lat=    0.004ms cycles≈4428
[pim-debug] op#02 op=SV       norm=output     sh=0  dim=4096  heads=16  hd=128 q_dim=2048  kv_heads=16  kv_dim=2048  o_dim=2048  ffn_dim=5504   seqlen=848    qlen=1   cache=N lat=    0.002ms cycles≈2218
[pim-debug] op#03 op=O        norm=wo_proj    sh=1  dim=4096  heads=16  hd=128 q_dim=2048  kv_heads=16  kv_dim=2048  o_dim=2048  ffn_dim=5504   seqlen=848    qlen=1   cache=N lat=    0.004ms cycles≈4062
[pim-debug] op#04 op=FFN_W1   norm=ffn_gate   sh=0  dim=4096  heads=16  hd=128 q_dim=2048  kv_heads=16  kv_dim=2048  o_dim=2048  ffn_dim=5504   seqlen=848    qlen=1   cache=N lat=    0.012ms cycles≈11708
[pim-debug] op#05 op=SwiGLU   norm=silu       sh=0  dim=4096  heads=16  hd=128 q_dim=2048  kv_heads=16  kv_dim=2048  o_dim=2048  ffn_dim=5504   seqlen=848    qlen=1   cache=N lat=    0.001ms cycles≈503
[pim-debug] segment total latency: 0.024 ms
========================================================================================
[pim-debug] segment_key=pim|decode|61|fdf6362e664a0dcb3b710140facc51d5
[pim-debug] sig: device_type=pim phase=decode step=61 (count_hint=1)
[pim-debug] ops_repr: V:0,SV:0,O:1,FFN_W1:0,SwiGLU:0
[pim-debug] cfg: shard_policy='fine' shards=2 dim=4096 ffn_dim=11008 n_heads=32 n_kv_heads=auto->n_heads
[pim-debug] pim_config=/lustre/home/2501111916/workspace/XPUPIM_0226_gpupim_parameter/TriForm/algorithms/aim_simulator/PIM_AiM.json
[pim-debug] ramulator_config=/lustre/home/2501111916/workspace/XPUPIM_0226_gpupim_parameter/TriForm/algorithms/aim_simulator/example.yaml
[pim-debug] cost_model config.PIM_FREQ_GHZ=1.0
[pim-debug] op plan (logical shapes inferred from schedule cfg):
  - op#00  op=V        shard=0   x=[1x4096] + w=[2048x4096]  ->  y=[1x2048]  (T=1, K=848)
  - op#01  op=SV       shard=0   p=[16x1x848] + v=[16x848x128]  ->  y=[16x1x128]  (T=1, K=848)
  - op#02  op=O        shard=1   x=[1x2048] + w=[4096x2048]  ->  y=[1x4096]  (T=1, K=848)
  - op#03  op=FFN_W1   shard=0   x=[1x4096] + w=[5504x4096]  ->  y=[1x5504]  (T=1, K=848)
  - op#04  op=SwiGLU   shard=0   a=[1x5504] + b=[1x5504]  ->  y=[1x5504]  (T=1, K=848)
[pim-debug] NOTE: CENT(AiM) trace backend internally uses x shape (1,1,dim) and handles prefill by repeating ops;
           the table below shows the *effective parameters* passed into cost_model_pim_backend for each op.
[pim-debug] op#00 op=V        norm=v_proj     sh=0  dim=4096  heads=16  hd=128 q_dim=2048  kv_heads=16  kv_dim=2048  o_dim=2048  ffn_dim=5504   seqlen=848    qlen=1   cache=N lat=    0.004ms cycles≈4428
[pim-debug] op#01 op=SV       norm=output     sh=0  dim=4096  heads=16  hd=128 q_dim=2048  kv_heads=16  kv_dim=2048  o_dim=2048  ffn_dim=5504   seqlen=848    qlen=1   cache=N lat=    0.002ms cycles≈2218
[pim-debug] op#02 op=O        norm=wo_proj    sh=1  dim=4096  heads=16  hd=128 q_dim=2048  kv_heads=16  kv_dim=2048  o_dim=2048  ffn_dim=5504   seqlen=848    qlen=1   cache=N lat=    0.004ms cycles≈4062
[pim-debug] op#03 op=FFN_W1   norm=ffn_gate   sh=0  dim=4096  heads=16  hd=128 q_dim=2048  kv_heads=16  kv_dim=2048  o_dim=2048  ffn_dim=5504   seqlen=848    qlen=1   cache=N lat=    0.012ms cycles≈11708
[pim-debug] op#04 op=SwiGLU   norm=silu       sh=0  dim=4096  heads=16  hd=128 q_dim=2048  kv_heads=16  kv_dim=2048  o_dim=2048  ffn_dim=5504   seqlen=848    qlen=1   cache=N lat=    0.001ms cycles≈503
[pim-debug] segment total latency: 0.023 ms
========================================================================================
[pim-debug] segment_key=pim|decode|62|18ae37754a97d1f42b25b2cff77caf3f
[pim-debug] sig: device_type=pim phase=decode step=62 (count_hint=32)
[pim-debug] ops_repr: V:1,SV:1,LN:-1,FFN_W1:1,FFN_W3:1,SwiGLU:1,FFN_W2:0
[pim-debug] cfg: shard_policy='fine' shards=2 dim=4096 ffn_dim=11008 n_heads=32 n_kv_heads=auto->n_heads
[pim-debug] pim_config=/lustre/home/2501111916/workspace/XPUPIM_0226_gpupim_parameter/TriForm/algorithms/aim_simulator/PIM_AiM.json
[pim-debug] ramulator_config=/lustre/home/2501111916/workspace/XPUPIM_0226_gpupim_parameter/TriForm/algorithms/aim_simulator/example.yaml
[pim-debug] cost_model config.PIM_FREQ_GHZ=1.0
[pim-debug] op plan (logical shapes inferred from schedule cfg):
  - op#00  op=V        shard=1   x=[1x4096] + w=[2048x4096]  ->  y=[1x2048]  (T=1, K=860)
  - op#01  op=SV       shard=1   p=[16x1x860] + v=[16x860x128]  ->  y=[16x1x128]  (T=1, K=860)
  - op#02  op=LN       shard=-1  x=[1x4096] + w=[4096]  ->  y=[1x4096]  (T=1, K=860)
  - op#03  op=FFN_W1   shard=1   x=[1x4096] + w=[5504x4096]  ->  y=[1x5504]  (T=1, K=860)
  - op#04  op=FFN_W3   shard=1   x=[1x4096] + w=[5504x4096]  ->  y=[1x5504]  (T=1, K=860)
  - op#05  op=SwiGLU   shard=1   a=[1x5504] + b=[1x5504]  ->  y=[1x5504]  (T=1, K=860)
  - op#06  op=FFN_W2   shard=0   x=[1x5504] + w=[4096x5504]  ->  y=[1x4096]  (T=1, K=860)
[pim-debug] NOTE: CENT(AiM) trace backend internally uses x shape (1,1,dim) and handles prefill by repeating ops;
           the table below shows the *effective parameters* passed into cost_model_pim_backend for each op.
[pim-debug] op#00 op=V        norm=v_proj     sh=1  dim=4096  heads=16  hd=128 q_dim=2048  kv_heads=16  kv_dim=2048  o_dim=2048  ffn_dim=5504   seqlen=860    qlen=1   cache=N lat=    0.004ms cycles≈4428
[pim-debug] op#01 op=SV       norm=output     sh=1  dim=4096  heads=16  hd=128 q_dim=2048  kv_heads=16  kv_dim=2048  o_dim=2048  ffn_dim=5504   seqlen=860    qlen=1   cache=N lat=    0.002ms cycles≈2236
[pim-debug] op#02 op=LN       norm=rmsnorm    sh=-1 dim=4096  heads=32  hd=128 q_dim=4096  kv_heads=32  kv_dim=4096  o_dim=4096  ffn_dim=11008  seqlen=860    qlen=1   cache=N lat=    0.001ms cycles≈1314
[pim-debug] op#03 op=FFN_W1   norm=ffn_gate   sh=1  dim=4096  heads=16  hd=128 q_dim=2048  kv_heads=16  kv_dim=2048  o_dim=2048  ffn_dim=5504   seqlen=860    qlen=1   cache=N lat=    0.012ms cycles≈11708
[pim-debug] op#04 op=FFN_W3   norm=ffn_up     sh=1  dim=4096  heads=16  hd=128 q_dim=2048  kv_heads=16  kv_dim=2048  o_dim=2048  ffn_dim=5504   seqlen=860    qlen=1   cache=N lat=    0.011ms cycles≈10896
[pim-debug] op#05 op=SwiGLU   norm=silu       sh=1  dim=4096  heads=16  hd=128 q_dim=2048  kv_heads=16  kv_dim=2048  o_dim=2048  ffn_dim=5504   seqlen=860    qlen=1   cache=N lat=    0.001ms cycles≈503
[pim-debug] op#06 op=FFN_W2   norm=ffn_down   sh=0  dim=4096  heads=16  hd=128 q_dim=2048  kv_heads=16  kv_dim=2048  o_dim=2048  ffn_dim=5504   seqlen=860    qlen=1   cache=N lat=    0.011ms cycles≈11466
[pim-debug] segment total latency: 0.043 ms
========================================================================================
[pim-debug] segment_key=pim|decode|62|fa8b04eaba988353d76eadc6a01ae0d4
[pim-debug] sig: device_type=pim phase=decode step=62 (count_hint=31)
[pim-debug] ops_repr: LN:-1,V:0,SV:0,O:1,FFN_W1:0,SwiGLU:0
[pim-debug] cfg: shard_policy='fine' shards=2 dim=4096 ffn_dim=11008 n_heads=32 n_kv_heads=auto->n_heads
[pim-debug] pim_config=/lustre/home/2501111916/workspace/XPUPIM_0226_gpupim_parameter/TriForm/algorithms/aim_simulator/PIM_AiM.json
[pim-debug] ramulator_config=/lustre/home/2501111916/workspace/XPUPIM_0226_gpupim_parameter/TriForm/algorithms/aim_simulator/example.yaml
[pim-debug] cost_model config.PIM_FREQ_GHZ=1.0
[pim-debug] op plan (logical shapes inferred from schedule cfg):
  - op#00  op=LN       shard=-1  x=[1x4096] + w=[4096]  ->  y=[1x4096]  (T=1, K=860)
  - op#01  op=V        shard=0   x=[1x4096] + w=[2048x4096]  ->  y=[1x2048]  (T=1, K=860)
  - op#02  op=SV       shard=0   p=[16x1x860] + v=[16x860x128]  ->  y=[16x1x128]  (T=1, K=860)
  - op#03  op=O        shard=1   x=[1x2048] + w=[4096x2048]  ->  y=[1x4096]  (T=1, K=860)
  - op#04  op=FFN_W1   shard=0   x=[1x4096] + w=[5504x4096]  ->  y=[1x5504]  (T=1, K=860)
  - op#05  op=SwiGLU   shard=0   a=[1x5504] + b=[1x5504]  ->  y=[1x5504]  (T=1, K=860)
[pim-debug] NOTE: CENT(AiM) trace backend internally uses x shape (1,1,dim) and handles prefill by repeating ops;
           the table below shows the *effective parameters* passed into cost_model_pim_backend for each op.
[pim-debug] op#00 op=LN       norm=rmsnorm    sh=-1 dim=4096  heads=32  hd=128 q_dim=4096  kv_heads=32  kv_dim=4096  o_dim=4096  ffn_dim=11008  seqlen=860    qlen=1   cache=N lat=    0.001ms cycles≈1314
[pim-debug] op#01 op=V        norm=v_proj     sh=0  dim=4096  heads=16  hd=128 q_dim=2048  kv_heads=16  kv_dim=2048  o_dim=2048  ffn_dim=5504   seqlen=860    qlen=1   cache=N lat=    0.004ms cycles≈4428
[pim-debug] op#02 op=SV       norm=output     sh=0  dim=4096  heads=16  hd=128 q_dim=2048  kv_heads=16  kv_dim=2048  o_dim=2048  ffn_dim=5504   seqlen=860    qlen=1   cache=N lat=    0.002ms cycles≈2236
[pim-debug] op#03 op=O        norm=wo_proj    sh=1  dim=4096  heads=16  hd=128 q_dim=2048  kv_heads=16  kv_dim=2048  o_dim=2048  ffn_dim=5504   seqlen=860    qlen=1   cache=N lat=    0.004ms cycles≈4062
[pim-debug] op#04 op=FFN_W1   norm=ffn_gate   sh=0  dim=4096  heads=16  hd=128 q_dim=2048  kv_heads=16  kv_dim=2048  o_dim=2048  ffn_dim=5504   seqlen=860    qlen=1   cache=N lat=    0.012ms cycles≈11708
[pim-debug] op#05 op=SwiGLU   norm=silu       sh=0  dim=4096  heads=16  hd=128 q_dim=2048  kv_heads=16  kv_dim=2048  o_dim=2048  ffn_dim=5504   seqlen=860    qlen=1   cache=N lat=    0.001ms cycles≈503
[pim-debug] segment total latency: 0.024 ms
========================================================================================
[pim-debug] segment_key=pim|decode|62|fdf6362e664a0dcb3b710140facc51d5
[pim-debug] sig: device_type=pim phase=decode step=62 (count_hint=1)
[pim-debug] ops_repr: V:0,SV:0,O:1,FFN_W1:0,SwiGLU:0
[pim-debug] cfg: shard_policy='fine' shards=2 dim=4096 ffn_dim=11008 n_heads=32 n_kv_heads=auto->n_heads
[pim-debug] pim_config=/lustre/home/2501111916/workspace/XPUPIM_0226_gpupim_parameter/TriForm/algorithms/aim_simulator/PIM_AiM.json
[pim-debug] ramulator_config=/lustre/home/2501111916/workspace/XPUPIM_0226_gpupim_parameter/TriForm/algorithms/aim_simulator/example.yaml
[pim-debug] cost_model config.PIM_FREQ_GHZ=1.0
[pim-debug] op plan (logical shapes inferred from schedule cfg):
  - op#00  op=V        shard=0   x=[1x4096] + w=[2048x4096]  ->  y=[1x2048]  (T=1, K=860)
  - op#01  op=SV       shard=0   p=[16x1x860] + v=[16x860x128]  ->  y=[16x1x128]  (T=1, K=860)
  - op#02  op=O        shard=1   x=[1x2048] + w=[4096x2048]  ->  y=[1x4096]  (T=1, K=860)
  - op#03  op=FFN_W1   shard=0   x=[1x4096] + w=[5504x4096]  ->  y=[1x5504]  (T=1, K=860)
  - op#04  op=SwiGLU   shard=0   a=[1x5504] + b=[1x5504]  ->  y=[1x5504]  (T=1, K=860)
[pim-debug] NOTE: CENT(AiM) trace backend internally uses x shape (1,1,dim) and handles prefill by repeating ops;
           the table below shows the *effective parameters* passed into cost_model_pim_backend for each op.
[pim-debug] op#00 op=V        norm=v_proj     sh=0  dim=4096  heads=16  hd=128 q_dim=2048  kv_heads=16  kv_dim=2048  o_dim=2048  ffn_dim=5504   seqlen=860    qlen=1   cache=N lat=    0.004ms cycles≈4428
[pim-debug] op#01 op=SV       norm=output     sh=0  dim=4096  heads=16  hd=128 q_dim=2048  kv_heads=16  kv_dim=2048  o_dim=2048  ffn_dim=5504   seqlen=860    qlen=1   cache=N lat=    0.002ms cycles≈2236
[pim-debug] op#02 op=O        norm=wo_proj    sh=1  dim=4096  heads=16  hd=128 q_dim=2048  kv_heads=16  kv_dim=2048  o_dim=2048  ffn_dim=5504   seqlen=860    qlen=1   cache=N lat=    0.004ms cycles≈4062
[pim-debug] op#03 op=FFN_W1   norm=ffn_gate   sh=0  dim=4096  heads=16  hd=128 q_dim=2048  kv_heads=16  kv_dim=2048  o_dim=2048  ffn_dim=5504   seqlen=860    qlen=1   cache=N lat=    0.012ms cycles≈11708
[pim-debug] op#04 op=SwiGLU   norm=silu       sh=0  dim=4096  heads=16  hd=128 q_dim=2048  kv_heads=16  kv_dim=2048  o_dim=2048  ffn_dim=5504   seqlen=860    qlen=1   cache=N lat=    0.001ms cycles≈503
[pim-debug] segment total latency: 0.023 ms
========================================================================================
[pim-debug] segment_key=pim|decode|63|18ae37754a97d1f42b25b2cff77caf3f
[pim-debug] sig: device_type=pim phase=decode step=63 (count_hint=32)
[pim-debug] ops_repr: V:1,SV:1,LN:-1,FFN_W1:1,FFN_W3:1,SwiGLU:1,FFN_W2:0
[pim-debug] cfg: shard_policy='fine' shards=2 dim=4096 ffn_dim=11008 n_heads=32 n_kv_heads=auto->n_heads
[pim-debug] pim_config=/lustre/home/2501111916/workspace/XPUPIM_0226_gpupim_parameter/TriForm/algorithms/aim_simulator/PIM_AiM.json
[pim-debug] ramulator_config=/lustre/home/2501111916/workspace/XPUPIM_0226_gpupim_parameter/TriForm/algorithms/aim_simulator/example.yaml
[pim-debug] cost_model config.PIM_FREQ_GHZ=1.0
[pim-debug] op plan (logical shapes inferred from schedule cfg):
  - op#00  op=V        shard=1   x=[1x4096] + w=[2048x4096]  ->  y=[1x2048]  (T=1, K=872)
  - op#01  op=SV       shard=1   p=[16x1x872] + v=[16x872x128]  ->  y=[16x1x128]  (T=1, K=872)
  - op#02  op=LN       shard=-1  x=[1x4096] + w=[4096]  ->  y=[1x4096]  (T=1, K=872)
  - op#03  op=FFN_W1   shard=1   x=[1x4096] + w=[5504x4096]  ->  y=[1x5504]  (T=1, K=872)
  - op#04  op=FFN_W3   shard=1   x=[1x4096] + w=[5504x4096]  ->  y=[1x5504]  (T=1, K=872)
  - op#05  op=SwiGLU   shard=1   a=[1x5504] + b=[1x5504]  ->  y=[1x5504]  (T=1, K=872)
  - op#06  op=FFN_W2   shard=0   x=[1x5504] + w=[4096x5504]  ->  y=[1x4096]  (T=1, K=872)
[pim-debug] NOTE: CENT(AiM) trace backend internally uses x shape (1,1,dim) and handles prefill by repeating ops;
           the table below shows the *effective parameters* passed into cost_model_pim_backend for each op.
[pim-debug] op#00 op=V        norm=v_proj     sh=1  dim=4096  heads=16  hd=128 q_dim=2048  kv_heads=16  kv_dim=2048  o_dim=2048  ffn_dim=5504   seqlen=872    qlen=1   cache=N lat=    0.004ms cycles≈4428
[pim-debug] op#01 op=SV       norm=output     sh=1  dim=4096  heads=16  hd=128 q_dim=2048  kv_heads=16  kv_dim=2048  o_dim=2048  ffn_dim=5504   seqlen=872    qlen=1   cache=N lat=    0.002ms cycles≈2254
[pim-debug] op#02 op=LN       norm=rmsnorm    sh=-1 dim=4096  heads=32  hd=128 q_dim=4096  kv_heads=32  kv_dim=4096  o_dim=4096  ffn_dim=11008  seqlen=872    qlen=1   cache=N lat=    0.001ms cycles≈1314
[pim-debug] op#03 op=FFN_W1   norm=ffn_gate   sh=1  dim=4096  heads=16  hd=128 q_dim=2048  kv_heads=16  kv_dim=2048  o_dim=2048  ffn_dim=5504   seqlen=872    qlen=1   cache=N lat=    0.012ms cycles≈11708
[pim-debug] op#04 op=FFN_W3   norm=ffn_up     sh=1  dim=4096  heads=16  hd=128 q_dim=2048  kv_heads=16  kv_dim=2048  o_dim=2048  ffn_dim=5504   seqlen=872    qlen=1   cache=N lat=    0.011ms cycles≈10896
[pim-debug] op#05 op=SwiGLU   norm=silu       sh=1  dim=4096  heads=16  hd=128 q_dim=2048  kv_heads=16  kv_dim=2048  o_dim=2048  ffn_dim=5504   seqlen=872    qlen=1   cache=N lat=    0.001ms cycles≈503
[pim-debug] op#06 op=FFN_W2   norm=ffn_down   sh=0  dim=4096  heads=16  hd=128 q_dim=2048  kv_heads=16  kv_dim=2048  o_dim=2048  ffn_dim=5504   seqlen=872    qlen=1   cache=N lat=    0.011ms cycles≈11466
[pim-debug] segment total latency: 0.043 ms
========================================================================================
[pim-debug] segment_key=pim|decode|63|fa8b04eaba988353d76eadc6a01ae0d4
[pim-debug] sig: device_type=pim phase=decode step=63 (count_hint=31)
[pim-debug] ops_repr: LN:-1,V:0,SV:0,O:1,FFN_W1:0,SwiGLU:0
[pim-debug] cfg: shard_policy='fine' shards=2 dim=4096 ffn_dim=11008 n_heads=32 n_kv_heads=auto->n_heads
[pim-debug] pim_config=/lustre/home/2501111916/workspace/XPUPIM_0226_gpupim_parameter/TriForm/algorithms/aim_simulator/PIM_AiM.json
[pim-debug] ramulator_config=/lustre/home/2501111916/workspace/XPUPIM_0226_gpupim_parameter/TriForm/algorithms/aim_simulator/example.yaml
[pim-debug] cost_model config.PIM_FREQ_GHZ=1.0
[pim-debug] op plan (logical shapes inferred from schedule cfg):
  - op#00  op=LN       shard=-1  x=[1x4096] + w=[4096]  ->  y=[1x4096]  (T=1, K=872)
  - op#01  op=V        shard=0   x=[1x4096] + w=[2048x4096]  ->  y=[1x2048]  (T=1, K=872)
  - op#02  op=SV       shard=0   p=[16x1x872] + v=[16x872x128]  ->  y=[16x1x128]  (T=1, K=872)
  - op#03  op=O        shard=1   x=[1x2048] + w=[4096x2048]  ->  y=[1x4096]  (T=1, K=872)
  - op#04  op=FFN_W1   shard=0   x=[1x4096] + w=[5504x4096]  ->  y=[1x5504]  (T=1, K=872)
  - op#05  op=SwiGLU   shard=0   a=[1x5504] + b=[1x5504]  ->  y=[1x5504]  (T=1, K=872)
[pim-debug] NOTE: CENT(AiM) trace backend internally uses x shape (1,1,dim) and handles prefill by repeating ops;
           the table below shows the *effective parameters* passed into cost_model_pim_backend for each op.
[pim-debug] op#00 op=LN       norm=rmsnorm    sh=-1 dim=4096  heads=32  hd=128 q_dim=4096  kv_heads=32  kv_dim=4096  o_dim=4096  ffn_dim=11008  seqlen=872    qlen=1   cache=N lat=    0.001ms cycles≈1314
[pim-debug] op#01 op=V        norm=v_proj     sh=0  dim=4096  heads=16  hd=128 q_dim=2048  kv_heads=16  kv_dim=2048  o_dim=2048  ffn_dim=5504   seqlen=872    qlen=1   cache=N lat=    0.004ms cycles≈4428
[pim-debug] op#02 op=SV       norm=output     sh=0  dim=4096  heads=16  hd=128 q_dim=2048  kv_heads=16  kv_dim=2048  o_dim=2048  ffn_dim=5504   seqlen=872    qlen=1   cache=N lat=    0.002ms cycles≈2254
[pim-debug] op#03 op=O        norm=wo_proj    sh=1  dim=4096  heads=16  hd=128 q_dim=2048  kv_heads=16  kv_dim=2048  o_dim=2048  ffn_dim=5504   seqlen=872    qlen=1   cache=N lat=    0.004ms cycles≈4062
[pim-debug] op#04 op=FFN_W1   norm=ffn_gate   sh=0  dim=4096  heads=16  hd=128 q_dim=2048  kv_heads=16  kv_dim=2048  o_dim=2048  ffn_dim=5504   seqlen=872    qlen=1   cache=N lat=    0.012ms cycles≈11708
[pim-debug] op#05 op=SwiGLU   norm=silu       sh=0  dim=4096  heads=16  hd=128 q_dim=2048  kv_heads=16  kv_dim=2048  o_dim=2048  ffn_dim=5504   seqlen=872    qlen=1   cache=N lat=    0.001ms cycles≈503
[pim-debug] segment total latency: 0.024 ms
========================================================================================
[pim-debug] segment_key=pim|decode|63|fdf6362e664a0dcb3b710140facc51d5
[pim-debug] sig: device_type=pim phase=decode step=63 (count_hint=1)
[pim-debug] ops_repr: V:0,SV:0,O:1,FFN_W1:0,SwiGLU:0
[pim-debug] cfg: shard_policy='fine' shards=2 dim=4096 ffn_dim=11008 n_heads=32 n_kv_heads=auto->n_heads
[pim-debug] pim_config=/lustre/home/2501111916/workspace/XPUPIM_0226_gpupim_parameter/TriForm/algorithms/aim_simulator/PIM_AiM.json
[pim-debug] ramulator_config=/lustre/home/2501111916/workspace/XPUPIM_0226_gpupim_parameter/TriForm/algorithms/aim_simulator/example.yaml
[pim-debug] cost_model config.PIM_FREQ_GHZ=1.0
[pim-debug] op plan (logical shapes inferred from schedule cfg):
  - op#00  op=V        shard=0   x=[1x4096] + w=[2048x4096]  ->  y=[1x2048]  (T=1, K=872)
  - op#01  op=SV       shard=0   p=[16x1x872] + v=[16x872x128]  ->  y=[16x1x128]  (T=1, K=872)
  - op#02  op=O        shard=1   x=[1x2048] + w=[4096x2048]  ->  y=[1x4096]  (T=1, K=872)
  - op#03  op=FFN_W1   shard=0   x=[1x4096] + w=[5504x4096]  ->  y=[1x5504]  (T=1, K=872)
  - op#04  op=SwiGLU   shard=0   a=[1x5504] + b=[1x5504]  ->  y=[1x5504]  (T=1, K=872)
[pim-debug] NOTE: CENT(AiM) trace backend internally uses x shape (1,1,dim) and handles prefill by repeating ops;
           the table below shows the *effective parameters* passed into cost_model_pim_backend for each op.
[pim-debug] op#00 op=V        norm=v_proj     sh=0  dim=4096  heads=16  hd=128 q_dim=2048  kv_heads=16  kv_dim=2048  o_dim=2048  ffn_dim=5504   seqlen=872    qlen=1   cache=N lat=    0.004ms cycles≈4428
[pim-debug] op#01 op=SV       norm=output     sh=0  dim=4096  heads=16  hd=128 q_dim=2048  kv_heads=16  kv_dim=2048  o_dim=2048  ffn_dim=5504   seqlen=872    qlen=1   cache=N lat=    0.002ms cycles≈2254
[pim-debug] op#02 op=O        norm=wo_proj    sh=1  dim=4096  heads=16  hd=128 q_dim=2048  kv_heads=16  kv_dim=2048  o_dim=2048  ffn_dim=5504   seqlen=872    qlen=1   cache=N lat=    0.004ms cycles≈4062
[pim-debug] op#03 op=FFN_W1   norm=ffn_gate   sh=0  dim=4096  heads=16  hd=128 q_dim=2048  kv_heads=16  kv_dim=2048  o_dim=2048  ffn_dim=5504   seqlen=872    qlen=1   cache=N lat=    0.012ms cycles≈11708
[pim-debug] op#04 op=SwiGLU   norm=silu       sh=0  dim=4096  heads=16  hd=128 q_dim=2048  kv_heads=16  kv_dim=2048  o_dim=2048  ffn_dim=5504   seqlen=872    qlen=1   cache=N lat=    0.001ms cycles≈503
[pim-debug] segment total latency: 0.023 ms
========================================================================================
[pim-debug] segment_key=pim|decode|64|18ae37754a97d1f42b25b2cff77caf3f
[pim-debug] sig: device_type=pim phase=decode step=64 (count_hint=32)
[pim-debug] ops_repr: V:1,SV:1,LN:-1,FFN_W1:1,FFN_W3:1,SwiGLU:1,FFN_W2:0
[pim-debug] cfg: shard_policy='fine' shards=2 dim=4096 ffn_dim=11008 n_heads=32 n_kv_heads=auto->n_heads
[pim-debug] pim_config=/lustre/home/2501111916/workspace/XPUPIM_0226_gpupim_parameter/TriForm/algorithms/aim_simulator/PIM_AiM.json
[pim-debug] ramulator_config=/lustre/home/2501111916/workspace/XPUPIM_0226_gpupim_parameter/TriForm/algorithms/aim_simulator/example.yaml
[pim-debug] cost_model config.PIM_FREQ_GHZ=1.0
[pim-debug] op plan (logical shapes inferred from schedule cfg):
  - op#00  op=V        shard=1   x=[1x4096] + w=[2048x4096]  ->  y=[1x2048]  (T=1, K=884)
  - op#01  op=SV       shard=1   p=[16x1x884] + v=[16x884x128]  ->  y=[16x1x128]  (T=1, K=884)
  - op#02  op=LN       shard=-1  x=[1x4096] + w=[4096]  ->  y=[1x4096]  (T=1, K=884)
  - op#03  op=FFN_W1   shard=1   x=[1x4096] + w=[5504x4096]  ->  y=[1x5504]  (T=1, K=884)
  - op#04  op=FFN_W3   shard=1   x=[1x4096] + w=[5504x4096]  ->  y=[1x5504]  (T=1, K=884)
  - op#05  op=SwiGLU   shard=1   a=[1x5504] + b=[1x5504]  ->  y=[1x5504]  (T=1, K=884)
  - op#06  op=FFN_W2   shard=0   x=[1x5504] + w=[4096x5504]  ->  y=[1x4096]  (T=1, K=884)
[pim-debug] NOTE: CENT(AiM) trace backend internally uses x shape (1,1,dim) and handles prefill by repeating ops;
           the table below shows the *effective parameters* passed into cost_model_pim_backend for each op.
[pim-debug] op#00 op=V        norm=v_proj     sh=1  dim=4096  heads=16  hd=128 q_dim=2048  kv_heads=16  kv_dim=2048  o_dim=2048  ffn_dim=5504   seqlen=884    qlen=1   cache=N lat=    0.004ms cycles≈4428
[pim-debug] op#01 op=SV       norm=output     sh=1  dim=4096  heads=16  hd=128 q_dim=2048  kv_heads=16  kv_dim=2048  o_dim=2048  ffn_dim=5504   seqlen=884    qlen=1   cache=N lat=    0.002ms cycles≈2272
[pim-debug] op#02 op=LN       norm=rmsnorm    sh=-1 dim=4096  heads=32  hd=128 q_dim=4096  kv_heads=32  kv_dim=4096  o_dim=4096  ffn_dim=11008  seqlen=884    qlen=1   cache=N lat=    0.001ms cycles≈1314
[pim-debug] op#03 op=FFN_W1   norm=ffn_gate   sh=1  dim=4096  heads=16  hd=128 q_dim=2048  kv_heads=16  kv_dim=2048  o_dim=2048  ffn_dim=5504   seqlen=884    qlen=1   cache=N lat=    0.012ms cycles≈11708
[pim-debug] op#04 op=FFN_W3   norm=ffn_up     sh=1  dim=4096  heads=16  hd=128 q_dim=2048  kv_heads=16  kv_dim=2048  o_dim=2048  ffn_dim=5504   seqlen=884    qlen=1   cache=N lat=    0.011ms cycles≈10896
[pim-debug] op#05 op=SwiGLU   norm=silu       sh=1  dim=4096  heads=16  hd=128 q_dim=2048  kv_heads=16  kv_dim=2048  o_dim=2048  ffn_dim=5504   seqlen=884    qlen=1   cache=N lat=    0.001ms cycles≈503
[pim-debug] op#06 op=FFN_W2   norm=ffn_down   sh=0  dim=4096  heads=16  hd=128 q_dim=2048  kv_heads=16  kv_dim=2048  o_dim=2048  ffn_dim=5504   seqlen=884    qlen=1   cache=N lat=    0.011ms cycles≈11466
[pim-debug] segment total latency: 0.043 ms
========================================================================================
[pim-debug] segment_key=pim|decode|64|fa8b04eaba988353d76eadc6a01ae0d4
[pim-debug] sig: device_type=pim phase=decode step=64 (count_hint=31)
[pim-debug] ops_repr: LN:-1,V:0,SV:0,O:1,FFN_W1:0,SwiGLU:0
[pim-debug] cfg: shard_policy='fine' shards=2 dim=4096 ffn_dim=11008 n_heads=32 n_kv_heads=auto->n_heads
[pim-debug] pim_config=/lustre/home/2501111916/workspace/XPUPIM_0226_gpupim_parameter/TriForm/algorithms/aim_simulator/PIM_AiM.json
[pim-debug] ramulator_config=/lustre/home/2501111916/workspace/XPUPIM_0226_gpupim_parameter/TriForm/algorithms/aim_simulator/example.yaml
[pim-debug] cost_model config.PIM_FREQ_GHZ=1.0
[pim-debug] op plan (logical shapes inferred from schedule cfg):
  - op#00  op=LN       shard=-1  x=[1x4096] + w=[4096]  ->  y=[1x4096]  (T=1, K=884)
  - op#01  op=V        shard=0   x=[1x4096] + w=[2048x4096]  ->  y=[1x2048]  (T=1, K=884)
  - op#02  op=SV       shard=0   p=[16x1x884] + v=[16x884x128]  ->  y=[16x1x128]  (T=1, K=884)
  - op#03  op=O        shard=1   x=[1x2048] + w=[4096x2048]  ->  y=[1x4096]  (T=1, K=884)
  - op#04  op=FFN_W1   shard=0   x=[1x4096] + w=[5504x4096]  ->  y=[1x5504]  (T=1, K=884)
  - op#05  op=SwiGLU   shard=0   a=[1x5504] + b=[1x5504]  ->  y=[1x5504]  (T=1, K=884)
[pim-debug] NOTE: CENT(AiM) trace backend internally uses x shape (1,1,dim) and handles prefill by repeating ops;
           the table below shows the *effective parameters* passed into cost_model_pim_backend for each op.
[pim-debug] op#00 op=LN       norm=rmsnorm    sh=-1 dim=4096  heads=32  hd=128 q_dim=4096  kv_heads=32  kv_dim=4096  o_dim=4096  ffn_dim=11008  seqlen=884    qlen=1   cache=N lat=    0.001ms cycles≈1314
[pim-debug] op#01 op=V        norm=v_proj     sh=0  dim=4096  heads=16  hd=128 q_dim=2048  kv_heads=16  kv_dim=2048  o_dim=2048  ffn_dim=5504   seqlen=884    qlen=1   cache=N lat=    0.004ms cycles≈4428
[pim-debug] op#02 op=SV       norm=output     sh=0  dim=4096  heads=16  hd=128 q_dim=2048  kv_heads=16  kv_dim=2048  o_dim=2048  ffn_dim=5504   seqlen=884    qlen=1   cache=N lat=    0.002ms cycles≈2272
[pim-debug] op#03 op=O        norm=wo_proj    sh=1  dim=4096  heads=16  hd=128 q_dim=2048  kv_heads=16  kv_dim=2048  o_dim=2048  ffn_dim=5504   seqlen=884    qlen=1   cache=N lat=    0.004ms cycles≈4062
[pim-debug] op#04 op=FFN_W1   norm=ffn_gate   sh=0  dim=4096  heads=16  hd=128 q_dim=2048  kv_heads=16  kv_dim=2048  o_dim=2048  ffn_dim=5504   seqlen=884    qlen=1   cache=N lat=    0.012ms cycles≈11708
[pim-debug] op#05 op=SwiGLU   norm=silu       sh=0  dim=4096  heads=16  hd=128 q_dim=2048  kv_heads=16  kv_dim=2048  o_dim=2048  ffn_dim=5504   seqlen=884    qlen=1   cache=N lat=    0.001ms cycles≈503
[pim-debug] segment total latency: 0.024 ms
========================================================================================
[pim-debug] segment_key=pim|decode|64|fdf6362e664a0dcb3b710140facc51d5
[pim-debug] sig: device_type=pim phase=decode step=64 (count_hint=1)
[pim-debug] ops_repr: V:0,SV:0,O:1,FFN_W1:0,SwiGLU:0
[pim-debug] cfg: shard_policy='fine' shards=2 dim=4096 ffn_dim=11008 n_heads=32 n_kv_heads=auto->n_heads
[pim-debug] pim_config=/lustre/home/2501111916/workspace/XPUPIM_0226_gpupim_parameter/TriForm/algorithms/aim_simulator/PIM_AiM.json
[pim-debug] ramulator_config=/lustre/home/2501111916/workspace/XPUPIM_0226_gpupim_parameter/TriForm/algorithms/aim_simulator/example.yaml
[pim-debug] cost_model config.PIM_FREQ_GHZ=1.0
[pim-debug] op plan (logical shapes inferred from schedule cfg):
  - op#00  op=V        shard=0   x=[1x4096] + w=[2048x4096]  ->  y=[1x2048]  (T=1, K=884)
  - op#01  op=SV       shard=0   p=[16x1x884] + v=[16x884x128]  ->  y=[16x1x128]  (T=1, K=884)
  - op#02  op=O        shard=1   x=[1x2048] + w=[4096x2048]  ->  y=[1x4096]  (T=1, K=884)
  - op#03  op=FFN_W1   shard=0   x=[1x4096] + w=[5504x4096]  ->  y=[1x5504]  (T=1, K=884)
  - op#04  op=SwiGLU   shard=0   a=[1x5504] + b=[1x5504]  ->  y=[1x5504]  (T=1, K=884)
[pim-debug] NOTE: CENT(AiM) trace backend internally uses x shape (1,1,dim) and handles prefill by repeating ops;
           the table below shows the *effective parameters* passed into cost_model_pim_backend for each op.
[pim-debug] op#00 op=V        norm=v_proj     sh=0  dim=4096  heads=16  hd=128 q_dim=2048  kv_heads=16  kv_dim=2048  o_dim=2048  ffn_dim=5504   seqlen=884    qlen=1   cache=N lat=    0.004ms cycles≈4428
[pim-debug] op#01 op=SV       norm=output     sh=0  dim=4096  heads=16  hd=128 q_dim=2048  kv_heads=16  kv_dim=2048  o_dim=2048  ffn_dim=5504   seqlen=884    qlen=1   cache=N lat=    0.002ms cycles≈2272
[pim-debug] op#02 op=O        norm=wo_proj    sh=1  dim=4096  heads=16  hd=128 q_dim=2048  kv_heads=16  kv_dim=2048  o_dim=2048  ffn_dim=5504   seqlen=884    qlen=1   cache=N lat=    0.004ms cycles≈4062
[pim-debug] op#03 op=FFN_W1   norm=ffn_gate   sh=0  dim=4096  heads=16  hd=128 q_dim=2048  kv_heads=16  kv_dim=2048  o_dim=2048  ffn_dim=5504   seqlen=884    qlen=1   cache=N lat=    0.012ms cycles≈11708
[pim-debug] op#04 op=SwiGLU   norm=silu       sh=0  dim=4096  heads=16  hd=128 q_dim=2048  kv_heads=16  kv_dim=2048  o_dim=2048  ffn_dim=5504   seqlen=884    qlen=1   cache=N lat=    0.001ms cycles≈503
[pim-debug] segment total latency: 0.023 ms
========================================================================================
[pim-debug] segment_key=pim|decode|65|18ae37754a97d1f42b25b2cff77caf3f
[pim-debug] sig: device_type=pim phase=decode step=65 (count_hint=32)
[pim-debug] ops_repr: V:1,SV:1,LN:-1,FFN_W1:1,FFN_W3:1,SwiGLU:1,FFN_W2:0
[pim-debug] cfg: shard_policy='fine' shards=2 dim=4096 ffn_dim=11008 n_heads=32 n_kv_heads=auto->n_heads
[pim-debug] pim_config=/lustre/home/2501111916/workspace/XPUPIM_0226_gpupim_parameter/TriForm/algorithms/aim_simulator/PIM_AiM.json
[pim-debug] ramulator_config=/lustre/home/2501111916/workspace/XPUPIM_0226_gpupim_parameter/TriForm/algorithms/aim_simulator/example.yaml
[pim-debug] cost_model config.PIM_FREQ_GHZ=1.0
[pim-debug] op plan (logical shapes inferred from schedule cfg):
  - op#00  op=V        shard=1   x=[1x4096] + w=[2048x4096]  ->  y=[1x2048]  (T=1, K=896)
  - op#01  op=SV       shard=1   p=[16x1x896] + v=[16x896x128]  ->  y=[16x1x128]  (T=1, K=896)
  - op#02  op=LN       shard=-1  x=[1x4096] + w=[4096]  ->  y=[1x4096]  (T=1, K=896)
  - op#03  op=FFN_W1   shard=1   x=[1x4096] + w=[5504x4096]  ->  y=[1x5504]  (T=1, K=896)
  - op#04  op=FFN_W3   shard=1   x=[1x4096] + w=[5504x4096]  ->  y=[1x5504]  (T=1, K=896)
  - op#05  op=SwiGLU   shard=1   a=[1x5504] + b=[1x5504]  ->  y=[1x5504]  (T=1, K=896)
  - op#06  op=FFN_W2   shard=0   x=[1x5504] + w=[4096x5504]  ->  y=[1x4096]  (T=1, K=896)
[pim-debug] NOTE: CENT(AiM) trace backend internally uses x shape (1,1,dim) and handles prefill by repeating ops;
           the table below shows the *effective parameters* passed into cost_model_pim_backend for each op.
[pim-debug] op#00 op=V        norm=v_proj     sh=1  dim=4096  heads=16  hd=128 q_dim=2048  kv_heads=16  kv_dim=2048  o_dim=2048  ffn_dim=5504   seqlen=896    qlen=1   cache=N lat=    0.004ms cycles≈4428
[pim-debug] op#01 op=SV       norm=output     sh=1  dim=4096  heads=16  hd=128 q_dim=2048  kv_heads=16  kv_dim=2048  o_dim=2048  ffn_dim=5504   seqlen=896    qlen=1   cache=N lat=    0.002ms cycles≈2272
[pim-debug] op#02 op=LN       norm=rmsnorm    sh=-1 dim=4096  heads=32  hd=128 q_dim=4096  kv_heads=32  kv_dim=4096  o_dim=4096  ffn_dim=11008  seqlen=896    qlen=1   cache=N lat=    0.001ms cycles≈1314
[pim-debug] op#03 op=FFN_W1   norm=ffn_gate   sh=1  dim=4096  heads=16  hd=128 q_dim=2048  kv_heads=16  kv_dim=2048  o_dim=2048  ffn_dim=5504   seqlen=896    qlen=1   cache=N lat=    0.012ms cycles≈11708
[pim-debug] op#04 op=FFN_W3   norm=ffn_up     sh=1  dim=4096  heads=16  hd=128 q_dim=2048  kv_heads=16  kv_dim=2048  o_dim=2048  ffn_dim=5504   seqlen=896    qlen=1   cache=N lat=    0.011ms cycles≈10896
[pim-debug] op#05 op=SwiGLU   norm=silu       sh=1  dim=4096  heads=16  hd=128 q_dim=2048  kv_heads=16  kv_dim=2048  o_dim=2048  ffn_dim=5504   seqlen=896    qlen=1   cache=N lat=    0.001ms cycles≈503
[pim-debug] op#06 op=FFN_W2   norm=ffn_down   sh=0  dim=4096  heads=16  hd=128 q_dim=2048  kv_heads=16  kv_dim=2048  o_dim=2048  ffn_dim=5504   seqlen=896    qlen=1   cache=N lat=    0.011ms cycles≈11466
[pim-debug] segment total latency: 0.043 ms
========================================================================================
[pim-debug] segment_key=pim|decode|65|fa8b04eaba988353d76eadc6a01ae0d4
[pim-debug] sig: device_type=pim phase=decode step=65 (count_hint=31)
[pim-debug] ops_repr: LN:-1,V:0,SV:0,O:1,FFN_W1:0,SwiGLU:0
[pim-debug] cfg: shard_policy='fine' shards=2 dim=4096 ffn_dim=11008 n_heads=32 n_kv_heads=auto->n_heads
[pim-debug] pim_config=/lustre/home/2501111916/workspace/XPUPIM_0226_gpupim_parameter/TriForm/algorithms/aim_simulator/PIM_AiM.json
[pim-debug] ramulator_config=/lustre/home/2501111916/workspace/XPUPIM_0226_gpupim_parameter/TriForm/algorithms/aim_simulator/example.yaml
[pim-debug] cost_model config.PIM_FREQ_GHZ=1.0
[pim-debug] op plan (logical shapes inferred from schedule cfg):
  - op#00  op=LN       shard=-1  x=[1x4096] + w=[4096]  ->  y=[1x4096]  (T=1, K=896)
  - op#01  op=V        shard=0   x=[1x4096] + w=[2048x4096]  ->  y=[1x2048]  (T=1, K=896)
  - op#02  op=SV       shard=0   p=[16x1x896] + v=[16x896x128]  ->  y=[16x1x128]  (T=1, K=896)
  - op#03  op=O        shard=1   x=[1x2048] + w=[4096x2048]  ->  y=[1x4096]  (T=1, K=896)
  - op#04  op=FFN_W1   shard=0   x=[1x4096] + w=[5504x4096]  ->  y=[1x5504]  (T=1, K=896)
  - op#05  op=SwiGLU   shard=0   a=[1x5504] + b=[1x5504]  ->  y=[1x5504]  (T=1, K=896)
[pim-debug] NOTE: CENT(AiM) trace backend internally uses x shape (1,1,dim) and handles prefill by repeating ops;
           the table below shows the *effective parameters* passed into cost_model_pim_backend for each op.
[pim-debug] op#00 op=LN       norm=rmsnorm    sh=-1 dim=4096  heads=32  hd=128 q_dim=4096  kv_heads=32  kv_dim=4096  o_dim=4096  ffn_dim=11008  seqlen=896    qlen=1   cache=N lat=    0.001ms cycles≈1314
[pim-debug] op#01 op=V        norm=v_proj     sh=0  dim=4096  heads=16  hd=128 q_dim=2048  kv_heads=16  kv_dim=2048  o_dim=2048  ffn_dim=5504   seqlen=896    qlen=1   cache=N lat=    0.004ms cycles≈4428
[pim-debug] op#02 op=SV       norm=output     sh=0  dim=4096  heads=16  hd=128 q_dim=2048  kv_heads=16  kv_dim=2048  o_dim=2048  ffn_dim=5504   seqlen=896    qlen=1   cache=N lat=    0.002ms cycles≈2272
[pim-debug] op#03 op=O        norm=wo_proj    sh=1  dim=4096  heads=16  hd=128 q_dim=2048  kv_heads=16  kv_dim=2048  o_dim=2048  ffn_dim=5504   seqlen=896    qlen=1   cache=N lat=    0.004ms cycles≈4062
[pim-debug] op#04 op=FFN_W1   norm=ffn_gate   sh=0  dim=4096  heads=16  hd=128 q_dim=2048  kv_heads=16  kv_dim=2048  o_dim=2048  ffn_dim=5504   seqlen=896    qlen=1   cache=N lat=    0.012ms cycles≈11708
[pim-debug] op#05 op=SwiGLU   norm=silu       sh=0  dim=4096  heads=16  hd=128 q_dim=2048  kv_heads=16  kv_dim=2048  o_dim=2048  ffn_dim=5504   seqlen=896    qlen=1   cache=N lat=    0.001ms cycles≈503
[pim-debug] segment total latency: 0.024 ms
========================================================================================
[pim-debug] segment_key=pim|decode|65|fdf6362e664a0dcb3b710140facc51d5
[pim-debug] sig: device_type=pim phase=decode step=65 (count_hint=1)
[pim-debug] ops_repr: V:0,SV:0,O:1,FFN_W1:0,SwiGLU:0
[pim-debug] cfg: shard_policy='fine' shards=2 dim=4096 ffn_dim=11008 n_heads=32 n_kv_heads=auto->n_heads
[pim-debug] pim_config=/lustre/home/2501111916/workspace/XPUPIM_0226_gpupim_parameter/TriForm/algorithms/aim_simulator/PIM_AiM.json
[pim-debug] ramulator_config=/lustre/home/2501111916/workspace/XPUPIM_0226_gpupim_parameter/TriForm/algorithms/aim_simulator/example.yaml
[pim-debug] cost_model config.PIM_FREQ_GHZ=1.0
[pim-debug] op plan (logical shapes inferred from schedule cfg):
  - op#00  op=V        shard=0   x=[1x4096] + w=[2048x4096]  ->  y=[1x2048]  (T=1, K=896)
  - op#01  op=SV       shard=0   p=[16x1x896] + v=[16x896x128]  ->  y=[16x1x128]  (T=1, K=896)
  - op#02  op=O        shard=1   x=[1x2048] + w=[4096x2048]  ->  y=[1x4096]  (T=1, K=896)
  - op#03  op=FFN_W1   shard=0   x=[1x4096] + w=[5504x4096]  ->  y=[1x5504]  (T=1, K=896)
  - op#04  op=SwiGLU   shard=0   a=[1x5504] + b=[1x5504]  ->  y=[1x5504]  (T=1, K=896)
[pim-debug] NOTE: CENT(AiM) trace backend internally uses x shape (1,1,dim) and handles prefill by repeating ops;
           the table below shows the *effective parameters* passed into cost_model_pim_backend for each op.
[pim-debug] op#00 op=V        norm=v_proj     sh=0  dim=4096  heads=16  hd=128 q_dim=2048  kv_heads=16  kv_dim=2048  o_dim=2048  ffn_dim=5504   seqlen=896    qlen=1   cache=N lat=    0.004ms cycles≈4428
[pim-debug] op#01 op=SV       norm=output     sh=0  dim=4096  heads=16  hd=128 q_dim=2048  kv_heads=16  kv_dim=2048  o_dim=2048  ffn_dim=5504   seqlen=896    qlen=1   cache=N lat=    0.002ms cycles≈2272
[pim-debug] op#02 op=O        norm=wo_proj    sh=1  dim=4096  heads=16  hd=128 q_dim=2048  kv_heads=16  kv_dim=2048  o_dim=2048  ffn_dim=5504   seqlen=896    qlen=1   cache=N lat=    0.004ms cycles≈4062
[pim-debug] op#03 op=FFN_W1   norm=ffn_gate   sh=0  dim=4096  heads=16  hd=128 q_dim=2048  kv_heads=16  kv_dim=2048  o_dim=2048  ffn_dim=5504   seqlen=896    qlen=1   cache=N lat=    0.012ms cycles≈11708
[pim-debug] op#04 op=SwiGLU   norm=silu       sh=0  dim=4096  heads=16  hd=128 q_dim=2048  kv_heads=16  kv_dim=2048  o_dim=2048  ffn_dim=5504   seqlen=896    qlen=1   cache=N lat=    0.001ms cycles≈503
[pim-debug] segment total latency: 0.023 ms
========================================================================================
[pim-debug] segment_key=pim|decode|66|18ae37754a97d1f42b25b2cff77caf3f
[pim-debug] sig: device_type=pim phase=decode step=66 (count_hint=32)
[pim-debug] ops_repr: V:1,SV:1,LN:-1,FFN_W1:1,FFN_W3:1,SwiGLU:1,FFN_W2:0
[pim-debug] cfg: shard_policy='fine' shards=2 dim=4096 ffn_dim=11008 n_heads=32 n_kv_heads=auto->n_heads
[pim-debug] pim_config=/lustre/home/2501111916/workspace/XPUPIM_0226_gpupim_parameter/TriForm/algorithms/aim_simulator/PIM_AiM.json
[pim-debug] ramulator_config=/lustre/home/2501111916/workspace/XPUPIM_0226_gpupim_parameter/TriForm/algorithms/aim_simulator/example.yaml
[pim-debug] cost_model config.PIM_FREQ_GHZ=1.0
[pim-debug] op plan (logical shapes inferred from schedule cfg):
  - op#00  op=V        shard=1   x=[1x4096] + w=[2048x4096]  ->  y=[1x2048]  (T=1, K=908)
  - op#01  op=SV       shard=1   p=[16x1x908] + v=[16x908x128]  ->  y=[16x1x128]  (T=1, K=908)
  - op#02  op=LN       shard=-1  x=[1x4096] + w=[4096]  ->  y=[1x4096]  (T=1, K=908)
  - op#03  op=FFN_W1   shard=1   x=[1x4096] + w=[5504x4096]  ->  y=[1x5504]  (T=1, K=908)
  - op#04  op=FFN_W3   shard=1   x=[1x4096] + w=[5504x4096]  ->  y=[1x5504]  (T=1, K=908)
  - op#05  op=SwiGLU   shard=1   a=[1x5504] + b=[1x5504]  ->  y=[1x5504]  (T=1, K=908)
  - op#06  op=FFN_W2   shard=0   x=[1x5504] + w=[4096x5504]  ->  y=[1x4096]  (T=1, K=908)
[pim-debug] NOTE: CENT(AiM) trace backend internally uses x shape (1,1,dim) and handles prefill by repeating ops;
           the table below shows the *effective parameters* passed into cost_model_pim_backend for each op.
[pim-debug] op#00 op=V        norm=v_proj     sh=1  dim=4096  heads=16  hd=128 q_dim=2048  kv_heads=16  kv_dim=2048  o_dim=2048  ffn_dim=5504   seqlen=908    qlen=1   cache=N lat=    0.004ms cycles≈4428
[pim-debug] op#01 op=SV       norm=output     sh=1  dim=4096  heads=16  hd=128 q_dim=2048  kv_heads=16  kv_dim=2048  o_dim=2048  ffn_dim=5504   seqlen=908    qlen=1   cache=N lat=    0.002ms cycles≈2290
[pim-debug] op#02 op=LN       norm=rmsnorm    sh=-1 dim=4096  heads=32  hd=128 q_dim=4096  kv_heads=32  kv_dim=4096  o_dim=4096  ffn_dim=11008  seqlen=908    qlen=1   cache=N lat=    0.001ms cycles≈1314
[pim-debug] op#03 op=FFN_W1   norm=ffn_gate   sh=1  dim=4096  heads=16  hd=128 q_dim=2048  kv_heads=16  kv_dim=2048  o_dim=2048  ffn_dim=5504   seqlen=908    qlen=1   cache=N lat=    0.012ms cycles≈11708
[pim-debug] op#04 op=FFN_W3   norm=ffn_up     sh=1  dim=4096  heads=16  hd=128 q_dim=2048  kv_heads=16  kv_dim=2048  o_dim=2048  ffn_dim=5504   seqlen=908    qlen=1   cache=N lat=    0.011ms cycles≈10896
[pim-debug] op#05 op=SwiGLU   norm=silu       sh=1  dim=4096  heads=16  hd=128 q_dim=2048  kv_heads=16  kv_dim=2048  o_dim=2048  ffn_dim=5504   seqlen=908    qlen=1   cache=N lat=    0.001ms cycles≈503
[pim-debug] op#06 op=FFN_W2   norm=ffn_down   sh=0  dim=4096  heads=16  hd=128 q_dim=2048  kv_heads=16  kv_dim=2048  o_dim=2048  ffn_dim=5504   seqlen=908    qlen=1   cache=N lat=    0.011ms cycles≈11466
[pim-debug] segment total latency: 0.043 ms
========================================================================================
[pim-debug] segment_key=pim|decode|66|fa8b04eaba988353d76eadc6a01ae0d4
[pim-debug] sig: device_type=pim phase=decode step=66 (count_hint=31)
[pim-debug] ops_repr: LN:-1,V:0,SV:0,O:1,FFN_W1:0,SwiGLU:0
[pim-debug] cfg: shard_policy='fine' shards=2 dim=4096 ffn_dim=11008 n_heads=32 n_kv_heads=auto->n_heads
[pim-debug] pim_config=/lustre/home/2501111916/workspace/XPUPIM_0226_gpupim_parameter/TriForm/algorithms/aim_simulator/PIM_AiM.json
[pim-debug] ramulator_config=/lustre/home/2501111916/workspace/XPUPIM_0226_gpupim_parameter/TriForm/algorithms/aim_simulator/example.yaml
[pim-debug] cost_model config.PIM_FREQ_GHZ=1.0
[pim-debug] op plan (logical shapes inferred from schedule cfg):
  - op#00  op=LN       shard=-1  x=[1x4096] + w=[4096]  ->  y=[1x4096]  (T=1, K=908)
  - op#01  op=V        shard=0   x=[1x4096] + w=[2048x4096]  ->  y=[1x2048]  (T=1, K=908)
  - op#02  op=SV       shard=0   p=[16x1x908] + v=[16x908x128]  ->  y=[16x1x128]  (T=1, K=908)
  - op#03  op=O        shard=1   x=[1x2048] + w=[4096x2048]  ->  y=[1x4096]  (T=1, K=908)
  - op#04  op=FFN_W1   shard=0   x=[1x4096] + w=[5504x4096]  ->  y=[1x5504]  (T=1, K=908)
  - op#05  op=SwiGLU   shard=0   a=[1x5504] + b=[1x5504]  ->  y=[1x5504]  (T=1, K=908)
[pim-debug] NOTE: CENT(AiM) trace backend internally uses x shape (1,1,dim) and handles prefill by repeating ops;
           the table below shows the *effective parameters* passed into cost_model_pim_backend for each op.
[pim-debug] op#00 op=LN       norm=rmsnorm    sh=-1 dim=4096  heads=32  hd=128 q_dim=4096  kv_heads=32  kv_dim=4096  o_dim=4096  ffn_dim=11008  seqlen=908    qlen=1   cache=N lat=    0.001ms cycles≈1314
[pim-debug] op#01 op=V        norm=v_proj     sh=0  dim=4096  heads=16  hd=128 q_dim=2048  kv_heads=16  kv_dim=2048  o_dim=2048  ffn_dim=5504   seqlen=908    qlen=1   cache=N lat=    0.004ms cycles≈4428
[pim-debug] op#02 op=SV       norm=output     sh=0  dim=4096  heads=16  hd=128 q_dim=2048  kv_heads=16  kv_dim=2048  o_dim=2048  ffn_dim=5504   seqlen=908    qlen=1   cache=N lat=    0.002ms cycles≈2290
[pim-debug] op#03 op=O        norm=wo_proj    sh=1  dim=4096  heads=16  hd=128 q_dim=2048  kv_heads=16  kv_dim=2048  o_dim=2048  ffn_dim=5504   seqlen=908    qlen=1   cache=N lat=    0.004ms cycles≈4062
[pim-debug] op#04 op=FFN_W1   norm=ffn_gate   sh=0  dim=4096  heads=16  hd=128 q_dim=2048  kv_heads=16  kv_dim=2048  o_dim=2048  ffn_dim=5504   seqlen=908    qlen=1   cache=N lat=    0.012ms cycles≈11708
[pim-debug] op#05 op=SwiGLU   norm=silu       sh=0  dim=4096  heads=16  hd=128 q_dim=2048  kv_heads=16  kv_dim=2048  o_dim=2048  ffn_dim=5504   seqlen=908    qlen=1   cache=N lat=    0.001ms cycles≈503
[pim-debug] segment total latency: 0.024 ms
========================================================================================
[pim-debug] segment_key=pim|decode|66|fdf6362e664a0dcb3b710140facc51d5
[pim-debug] sig: device_type=pim phase=decode step=66 (count_hint=1)
[pim-debug] ops_repr: V:0,SV:0,O:1,FFN_W1:0,SwiGLU:0
[pim-debug] cfg: shard_policy='fine' shards=2 dim=4096 ffn_dim=11008 n_heads=32 n_kv_heads=auto->n_heads
[pim-debug] pim_config=/lustre/home/2501111916/workspace/XPUPIM_0226_gpupim_parameter/TriForm/algorithms/aim_simulator/PIM_AiM.json
[pim-debug] ramulator_config=/lustre/home/2501111916/workspace/XPUPIM_0226_gpupim_parameter/TriForm/algorithms/aim_simulator/example.yaml
[pim-debug] cost_model config.PIM_FREQ_GHZ=1.0
[pim-debug] op plan (logical shapes inferred from schedule cfg):
  - op#00  op=V        shard=0   x=[1x4096] + w=[2048x4096]  ->  y=[1x2048]  (T=1, K=908)
  - op#01  op=SV       shard=0   p=[16x1x908] + v=[16x908x128]  ->  y=[16x1x128]  (T=1, K=908)
  - op#02  op=O        shard=1   x=[1x2048] + w=[4096x2048]  ->  y=[1x4096]  (T=1, K=908)
  - op#03  op=FFN_W1   shard=0   x=[1x4096] + w=[5504x4096]  ->  y=[1x5504]  (T=1, K=908)
  - op#04  op=SwiGLU   shard=0   a=[1x5504] + b=[1x5504]  ->  y=[1x5504]  (T=1, K=908)
[pim-debug] NOTE: CENT(AiM) trace backend internally uses x shape (1,1,dim) and handles prefill by repeating ops;
           the table below shows the *effective parameters* passed into cost_model_pim_backend for each op.
[pim-debug] op#00 op=V        norm=v_proj     sh=0  dim=4096  heads=16  hd=128 q_dim=2048  kv_heads=16  kv_dim=2048  o_dim=2048  ffn_dim=5504   seqlen=908    qlen=1   cache=N lat=    0.004ms cycles≈4428
[pim-debug] op#01 op=SV       norm=output     sh=0  dim=4096  heads=16  hd=128 q_dim=2048  kv_heads=16  kv_dim=2048  o_dim=2048  ffn_dim=5504   seqlen=908    qlen=1   cache=N lat=    0.002ms cycles≈2290
[pim-debug] op#02 op=O        norm=wo_proj    sh=1  dim=4096  heads=16  hd=128 q_dim=2048  kv_heads=16  kv_dim=2048  o_dim=2048  ffn_dim=5504   seqlen=908    qlen=1   cache=N lat=    0.004ms cycles≈4062
[pim-debug] op#03 op=FFN_W1   norm=ffn_gate   sh=0  dim=4096  heads=16  hd=128 q_dim=2048  kv_heads=16  kv_dim=2048  o_dim=2048  ffn_dim=5504   seqlen=908    qlen=1   cache=N lat=    0.012ms cycles≈11708
[pim-debug] op#04 op=SwiGLU   norm=silu       sh=0  dim=4096  heads=16  hd=128 q_dim=2048  kv_heads=16  kv_dim=2048  o_dim=2048  ffn_dim=5504   seqlen=908    qlen=1   cache=N lat=    0.001ms cycles≈503
[pim-debug] segment total latency: 0.023 ms
========================================================================================
[pim-debug] segment_key=pim|decode|67|18ae37754a97d1f42b25b2cff77caf3f
[pim-debug] sig: device_type=pim phase=decode step=67 (count_hint=32)
[pim-debug] ops_repr: V:1,SV:1,LN:-1,FFN_W1:1,FFN_W3:1,SwiGLU:1,FFN_W2:0
[pim-debug] cfg: shard_policy='fine' shards=2 dim=4096 ffn_dim=11008 n_heads=32 n_kv_heads=auto->n_heads
[pim-debug] pim_config=/lustre/home/2501111916/workspace/XPUPIM_0226_gpupim_parameter/TriForm/algorithms/aim_simulator/PIM_AiM.json
[pim-debug] ramulator_config=/lustre/home/2501111916/workspace/XPUPIM_0226_gpupim_parameter/TriForm/algorithms/aim_simulator/example.yaml
[pim-debug] cost_model config.PIM_FREQ_GHZ=1.0
[pim-debug] op plan (logical shapes inferred from schedule cfg):
  - op#00  op=V        shard=1   x=[1x4096] + w=[2048x4096]  ->  y=[1x2048]  (T=1, K=920)
  - op#01  op=SV       shard=1   p=[16x1x920] + v=[16x920x128]  ->  y=[16x1x128]  (T=1, K=920)
  - op#02  op=LN       shard=-1  x=[1x4096] + w=[4096]  ->  y=[1x4096]  (T=1, K=920)
  - op#03  op=FFN_W1   shard=1   x=[1x4096] + w=[5504x4096]  ->  y=[1x5504]  (T=1, K=920)
  - op#04  op=FFN_W3   shard=1   x=[1x4096] + w=[5504x4096]  ->  y=[1x5504]  (T=1, K=920)
  - op#05  op=SwiGLU   shard=1   a=[1x5504] + b=[1x5504]  ->  y=[1x5504]  (T=1, K=920)
  - op#06  op=FFN_W2   shard=0   x=[1x5504] + w=[4096x5504]  ->  y=[1x4096]  (T=1, K=920)
[pim-debug] NOTE: CENT(AiM) trace backend internally uses x shape (1,1,dim) and handles prefill by repeating ops;
           the table below shows the *effective parameters* passed into cost_model_pim_backend for each op.
[pim-debug] op#00 op=V        norm=v_proj     sh=1  dim=4096  heads=16  hd=128 q_dim=2048  kv_heads=16  kv_dim=2048  o_dim=2048  ffn_dim=5504   seqlen=920    qlen=1   cache=N lat=    0.004ms cycles≈4428
[pim-debug] op#01 op=SV       norm=output     sh=1  dim=4096  heads=16  hd=128 q_dim=2048  kv_heads=16  kv_dim=2048  o_dim=2048  ffn_dim=5504   seqlen=920    qlen=1   cache=N lat=    0.002ms cycles≈2308
[pim-debug] op#02 op=LN       norm=rmsnorm    sh=-1 dim=4096  heads=32  hd=128 q_dim=4096  kv_heads=32  kv_dim=4096  o_dim=4096  ffn_dim=11008  seqlen=920    qlen=1   cache=N lat=    0.001ms cycles≈1314
[pim-debug] op#03 op=FFN_W1   norm=ffn_gate   sh=1  dim=4096  heads=16  hd=128 q_dim=2048  kv_heads=16  kv_dim=2048  o_dim=2048  ffn_dim=5504   seqlen=920    qlen=1   cache=N lat=    0.012ms cycles≈11708
[pim-debug] op#04 op=FFN_W3   norm=ffn_up     sh=1  dim=4096  heads=16  hd=128 q_dim=2048  kv_heads=16  kv_dim=2048  o_dim=2048  ffn_dim=5504   seqlen=920    qlen=1   cache=N lat=    0.011ms cycles≈10896
[pim-debug] op#05 op=SwiGLU   norm=silu       sh=1  dim=4096  heads=16  hd=128 q_dim=2048  kv_heads=16  kv_dim=2048  o_dim=2048  ffn_dim=5504   seqlen=920    qlen=1   cache=N lat=    0.001ms cycles≈503
[pim-debug] op#06 op=FFN_W2   norm=ffn_down   sh=0  dim=4096  heads=16  hd=128 q_dim=2048  kv_heads=16  kv_dim=2048  o_dim=2048  ffn_dim=5504   seqlen=920    qlen=1   cache=N lat=    0.011ms cycles≈11466
[pim-debug] segment total latency: 0.043 ms
========================================================================================
[pim-debug] segment_key=pim|decode|67|fa8b04eaba988353d76eadc6a01ae0d4
[pim-debug] sig: device_type=pim phase=decode step=67 (count_hint=31)
[pim-debug] ops_repr: LN:-1,V:0,SV:0,O:1,FFN_W1:0,SwiGLU:0
[pim-debug] cfg: shard_policy='fine' shards=2 dim=4096 ffn_dim=11008 n_heads=32 n_kv_heads=auto->n_heads
[pim-debug] pim_config=/lustre/home/2501111916/workspace/XPUPIM_0226_gpupim_parameter/TriForm/algorithms/aim_simulator/PIM_AiM.json
[pim-debug] ramulator_config=/lustre/home/2501111916/workspace/XPUPIM_0226_gpupim_parameter/TriForm/algorithms/aim_simulator/example.yaml
[pim-debug] cost_model config.PIM_FREQ_GHZ=1.0
[pim-debug] op plan (logical shapes inferred from schedule cfg):
  - op#00  op=LN       shard=-1  x=[1x4096] + w=[4096]  ->  y=[1x4096]  (T=1, K=920)
  - op#01  op=V        shard=0   x=[1x4096] + w=[2048x4096]  ->  y=[1x2048]  (T=1, K=920)
  - op#02  op=SV       shard=0   p=[16x1x920] + v=[16x920x128]  ->  y=[16x1x128]  (T=1, K=920)
  - op#03  op=O        shard=1   x=[1x2048] + w=[4096x2048]  ->  y=[1x4096]  (T=1, K=920)
  - op#04  op=FFN_W1   shard=0   x=[1x4096] + w=[5504x4096]  ->  y=[1x5504]  (T=1, K=920)
  - op#05  op=SwiGLU   shard=0   a=[1x5504] + b=[1x5504]  ->  y=[1x5504]  (T=1, K=920)
[pim-debug] NOTE: CENT(AiM) trace backend internally uses x shape (1,1,dim) and handles prefill by repeating ops;
           the table below shows the *effective parameters* passed into cost_model_pim_backend for each op.
[pim-debug] op#00 op=LN       norm=rmsnorm    sh=-1 dim=4096  heads=32  hd=128 q_dim=4096  kv_heads=32  kv_dim=4096  o_dim=4096  ffn_dim=11008  seqlen=920    qlen=1   cache=N lat=    0.001ms cycles≈1314
[pim-debug] op#01 op=V        norm=v_proj     sh=0  dim=4096  heads=16  hd=128 q_dim=2048  kv_heads=16  kv_dim=2048  o_dim=2048  ffn_dim=5504   seqlen=920    qlen=1   cache=N lat=    0.004ms cycles≈4428
[pim-debug] op#02 op=SV       norm=output     sh=0  dim=4096  heads=16  hd=128 q_dim=2048  kv_heads=16  kv_dim=2048  o_dim=2048  ffn_dim=5504   seqlen=920    qlen=1   cache=N lat=    0.002ms cycles≈2308
[pim-debug] op#03 op=O        norm=wo_proj    sh=1  dim=4096  heads=16  hd=128 q_dim=2048  kv_heads=16  kv_dim=2048  o_dim=2048  ffn_dim=5504   seqlen=920    qlen=1   cache=N lat=    0.004ms cycles≈4062
[pim-debug] op#04 op=FFN_W1   norm=ffn_gate   sh=0  dim=4096  heads=16  hd=128 q_dim=2048  kv_heads=16  kv_dim=2048  o_dim=2048  ffn_dim=5504   seqlen=920    qlen=1   cache=N lat=    0.012ms cycles≈11708
[pim-debug] op#05 op=SwiGLU   norm=silu       sh=0  dim=4096  heads=16  hd=128 q_dim=2048  kv_heads=16  kv_dim=2048  o_dim=2048  ffn_dim=5504   seqlen=920    qlen=1   cache=N lat=    0.001ms cycles≈503
[pim-debug] segment total latency: 0.024 ms
========================================================================================
[pim-debug] segment_key=pim|decode|67|fdf6362e664a0dcb3b710140facc51d5
[pim-debug] sig: device_type=pim phase=decode step=67 (count_hint=1)
[pim-debug] ops_repr: V:0,SV:0,O:1,FFN_W1:0,SwiGLU:0
[pim-debug] cfg: shard_policy='fine' shards=2 dim=4096 ffn_dim=11008 n_heads=32 n_kv_heads=auto->n_heads
[pim-debug] pim_config=/lustre/home/2501111916/workspace/XPUPIM_0226_gpupim_parameter/TriForm/algorithms/aim_simulator/PIM_AiM.json
[pim-debug] ramulator_config=/lustre/home/2501111916/workspace/XPUPIM_0226_gpupim_parameter/TriForm/algorithms/aim_simulator/example.yaml
[pim-debug] cost_model config.PIM_FREQ_GHZ=1.0
[pim-debug] op plan (logical shapes inferred from schedule cfg):
  - op#00  op=V        shard=0   x=[1x4096] + w=[2048x4096]  ->  y=[1x2048]  (T=1, K=920)
  - op#01  op=SV       shard=0   p=[16x1x920] + v=[16x920x128]  ->  y=[16x1x128]  (T=1, K=920)
  - op#02  op=O        shard=1   x=[1x2048] + w=[4096x2048]  ->  y=[1x4096]  (T=1, K=920)
  - op#03  op=FFN_W1   shard=0   x=[1x4096] + w=[5504x4096]  ->  y=[1x5504]  (T=1, K=920)
  - op#04  op=SwiGLU   shard=0   a=[1x5504] + b=[1x5504]  ->  y=[1x5504]  (T=1, K=920)
[pim-debug] NOTE: CENT(AiM) trace backend internally uses x shape (1,1,dim) and handles prefill by repeating ops;
           the table below shows the *effective parameters* passed into cost_model_pim_backend for each op.
[pim-debug] op#00 op=V        norm=v_proj     sh=0  dim=4096  heads=16  hd=128 q_dim=2048  kv_heads=16  kv_dim=2048  o_dim=2048  ffn_dim=5504   seqlen=920    qlen=1   cache=N lat=    0.004ms cycles≈4428
[pim-debug] op#01 op=SV       norm=output     sh=0  dim=4096  heads=16  hd=128 q_dim=2048  kv_heads=16  kv_dim=2048  o_dim=2048  ffn_dim=5504   seqlen=920    qlen=1   cache=N lat=    0.002ms cycles≈2308
[pim-debug] op#02 op=O        norm=wo_proj    sh=1  dim=4096  heads=16  hd=128 q_dim=2048  kv_heads=16  kv_dim=2048  o_dim=2048  ffn_dim=5504   seqlen=920    qlen=1   cache=N lat=    0.004ms cycles≈4062
[pim-debug] op#03 op=FFN_W1   norm=ffn_gate   sh=0  dim=4096  heads=16  hd=128 q_dim=2048  kv_heads=16  kv_dim=2048  o_dim=2048  ffn_dim=5504   seqlen=920    qlen=1   cache=N lat=    0.012ms cycles≈11708
[pim-debug] op#04 op=SwiGLU   norm=silu       sh=0  dim=4096  heads=16  hd=128 q_dim=2048  kv_heads=16  kv_dim=2048  o_dim=2048  ffn_dim=5504   seqlen=920    qlen=1   cache=N lat=    0.001ms cycles≈503
[pim-debug] segment total latency: 0.023 ms
========================================================================================
[pim-debug] segment_key=pim|decode|68|18ae37754a97d1f42b25b2cff77caf3f
[pim-debug] sig: device_type=pim phase=decode step=68 (count_hint=32)
[pim-debug] ops_repr: V:1,SV:1,LN:-1,FFN_W1:1,FFN_W3:1,SwiGLU:1,FFN_W2:0
[pim-debug] cfg: shard_policy='fine' shards=2 dim=4096 ffn_dim=11008 n_heads=32 n_kv_heads=auto->n_heads
[pim-debug] pim_config=/lustre/home/2501111916/workspace/XPUPIM_0226_gpupim_parameter/TriForm/algorithms/aim_simulator/PIM_AiM.json
[pim-debug] ramulator_config=/lustre/home/2501111916/workspace/XPUPIM_0226_gpupim_parameter/TriForm/algorithms/aim_simulator/example.yaml
[pim-debug] cost_model config.PIM_FREQ_GHZ=1.0
[pim-debug] op plan (logical shapes inferred from schedule cfg):
  - op#00  op=V        shard=1   x=[1x4096] + w=[2048x4096]  ->  y=[1x2048]  (T=1, K=932)
  - op#01  op=SV       shard=1   p=[16x1x932] + v=[16x932x128]  ->  y=[16x1x128]  (T=1, K=932)
  - op#02  op=LN       shard=-1  x=[1x4096] + w=[4096]  ->  y=[1x4096]  (T=1, K=932)
  - op#03  op=FFN_W1   shard=1   x=[1x4096] + w=[5504x4096]  ->  y=[1x5504]  (T=1, K=932)
  - op#04  op=FFN_W3   shard=1   x=[1x4096] + w=[5504x4096]  ->  y=[1x5504]  (T=1, K=932)
  - op#05  op=SwiGLU   shard=1   a=[1x5504] + b=[1x5504]  ->  y=[1x5504]  (T=1, K=932)
  - op#06  op=FFN_W2   shard=0   x=[1x5504] + w=[4096x5504]  ->  y=[1x4096]  (T=1, K=932)
[pim-debug] NOTE: CENT(AiM) trace backend internally uses x shape (1,1,dim) and handles prefill by repeating ops;
           the table below shows the *effective parameters* passed into cost_model_pim_backend for each op.
[pim-debug] op#00 op=V        norm=v_proj     sh=1  dim=4096  heads=16  hd=128 q_dim=2048  kv_heads=16  kv_dim=2048  o_dim=2048  ffn_dim=5504   seqlen=932    qlen=1   cache=N lat=    0.004ms cycles≈4428
[pim-debug] op#01 op=SV       norm=output     sh=1  dim=4096  heads=16  hd=128 q_dim=2048  kv_heads=16  kv_dim=2048  o_dim=2048  ffn_dim=5504   seqlen=932    qlen=1   cache=N lat=    0.002ms cycles≈2326
[pim-debug] op#02 op=LN       norm=rmsnorm    sh=-1 dim=4096  heads=32  hd=128 q_dim=4096  kv_heads=32  kv_dim=4096  o_dim=4096  ffn_dim=11008  seqlen=932    qlen=1   cache=N lat=    0.001ms cycles≈1314
[pim-debug] op#03 op=FFN_W1   norm=ffn_gate   sh=1  dim=4096  heads=16  hd=128 q_dim=2048  kv_heads=16  kv_dim=2048  o_dim=2048  ffn_dim=5504   seqlen=932    qlen=1   cache=N lat=    0.012ms cycles≈11708
[pim-debug] op#04 op=FFN_W3   norm=ffn_up     sh=1  dim=4096  heads=16  hd=128 q_dim=2048  kv_heads=16  kv_dim=2048  o_dim=2048  ffn_dim=5504   seqlen=932    qlen=1   cache=N lat=    0.011ms cycles≈10896
[pim-debug] op#05 op=SwiGLU   norm=silu       sh=1  dim=4096  heads=16  hd=128 q_dim=2048  kv_heads=16  kv_dim=2048  o_dim=2048  ffn_dim=5504   seqlen=932    qlen=1   cache=N lat=    0.001ms cycles≈503
[pim-debug] op#06 op=FFN_W2   norm=ffn_down   sh=0  dim=4096  heads=16  hd=128 q_dim=2048  kv_heads=16  kv_dim=2048  o_dim=2048  ffn_dim=5504   seqlen=932    qlen=1   cache=N lat=    0.011ms cycles≈11466
[pim-debug] segment total latency: 0.043 ms
========================================================================================
[pim-debug] segment_key=pim|decode|68|fa8b04eaba988353d76eadc6a01ae0d4
[pim-debug] sig: device_type=pim phase=decode step=68 (count_hint=31)
[pim-debug] ops_repr: LN:-1,V:0,SV:0,O:1,FFN_W1:0,SwiGLU:0
[pim-debug] cfg: shard_policy='fine' shards=2 dim=4096 ffn_dim=11008 n_heads=32 n_kv_heads=auto->n_heads
[pim-debug] pim_config=/lustre/home/2501111916/workspace/XPUPIM_0226_gpupim_parameter/TriForm/algorithms/aim_simulator/PIM_AiM.json
[pim-debug] ramulator_config=/lustre/home/2501111916/workspace/XPUPIM_0226_gpupim_parameter/TriForm/algorithms/aim_simulator/example.yaml
[pim-debug] cost_model config.PIM_FREQ_GHZ=1.0
[pim-debug] op plan (logical shapes inferred from schedule cfg):
  - op#00  op=LN       shard=-1  x=[1x4096] + w=[4096]  ->  y=[1x4096]  (T=1, K=932)
  - op#01  op=V        shard=0   x=[1x4096] + w=[2048x4096]  ->  y=[1x2048]  (T=1, K=932)
  - op#02  op=SV       shard=0   p=[16x1x932] + v=[16x932x128]  ->  y=[16x1x128]  (T=1, K=932)
  - op#03  op=O        shard=1   x=[1x2048] + w=[4096x2048]  ->  y=[1x4096]  (T=1, K=932)
  - op#04  op=FFN_W1   shard=0   x=[1x4096] + w=[5504x4096]  ->  y=[1x5504]  (T=1, K=932)
  - op#05  op=SwiGLU   shard=0   a=[1x5504] + b=[1x5504]  ->  y=[1x5504]  (T=1, K=932)
[pim-debug] NOTE: CENT(AiM) trace backend internally uses x shape (1,1,dim) and handles prefill by repeating ops;
           the table below shows the *effective parameters* passed into cost_model_pim_backend for each op.
[pim-debug] op#00 op=LN       norm=rmsnorm    sh=-1 dim=4096  heads=32  hd=128 q_dim=4096  kv_heads=32  kv_dim=4096  o_dim=4096  ffn_dim=11008  seqlen=932    qlen=1   cache=N lat=    0.001ms cycles≈1314
[pim-debug] op#01 op=V        norm=v_proj     sh=0  dim=4096  heads=16  hd=128 q_dim=2048  kv_heads=16  kv_dim=2048  o_dim=2048  ffn_dim=5504   seqlen=932    qlen=1   cache=N lat=    0.004ms cycles≈4428
[pim-debug] op#02 op=SV       norm=output     sh=0  dim=4096  heads=16  hd=128 q_dim=2048  kv_heads=16  kv_dim=2048  o_dim=2048  ffn_dim=5504   seqlen=932    qlen=1   cache=N lat=    0.002ms cycles≈2326
[pim-debug] op#03 op=O        norm=wo_proj    sh=1  dim=4096  heads=16  hd=128 q_dim=2048  kv_heads=16  kv_dim=2048  o_dim=2048  ffn_dim=5504   seqlen=932    qlen=1   cache=N lat=    0.004ms cycles≈4062
[pim-debug] op#04 op=FFN_W1   norm=ffn_gate   sh=0  dim=4096  heads=16  hd=128 q_dim=2048  kv_heads=16  kv_dim=2048  o_dim=2048  ffn_dim=5504   seqlen=932    qlen=1   cache=N lat=    0.012ms cycles≈11708
[pim-debug] op#05 op=SwiGLU   norm=silu       sh=0  dim=4096  heads=16  hd=128 q_dim=2048  kv_heads=16  kv_dim=2048  o_dim=2048  ffn_dim=5504   seqlen=932    qlen=1   cache=N lat=    0.001ms cycles≈503
[pim-debug] segment total latency: 0.024 ms
========================================================================================
[pim-debug] segment_key=pim|decode|68|fdf6362e664a0dcb3b710140facc51d5
[pim-debug] sig: device_type=pim phase=decode step=68 (count_hint=1)
[pim-debug] ops_repr: V:0,SV:0,O:1,FFN_W1:0,SwiGLU:0
[pim-debug] cfg: shard_policy='fine' shards=2 dim=4096 ffn_dim=11008 n_heads=32 n_kv_heads=auto->n_heads
[pim-debug] pim_config=/lustre/home/2501111916/workspace/XPUPIM_0226_gpupim_parameter/TriForm/algorithms/aim_simulator/PIM_AiM.json
[pim-debug] ramulator_config=/lustre/home/2501111916/workspace/XPUPIM_0226_gpupim_parameter/TriForm/algorithms/aim_simulator/example.yaml
[pim-debug] cost_model config.PIM_FREQ_GHZ=1.0
[pim-debug] op plan (logical shapes inferred from schedule cfg):
  - op#00  op=V        shard=0   x=[1x4096] + w=[2048x4096]  ->  y=[1x2048]  (T=1, K=932)
  - op#01  op=SV       shard=0   p=[16x1x932] + v=[16x932x128]  ->  y=[16x1x128]  (T=1, K=932)
  - op#02  op=O        shard=1   x=[1x2048] + w=[4096x2048]  ->  y=[1x4096]  (T=1, K=932)
  - op#03  op=FFN_W1   shard=0   x=[1x4096] + w=[5504x4096]  ->  y=[1x5504]  (T=1, K=932)
  - op#04  op=SwiGLU   shard=0   a=[1x5504] + b=[1x5504]  ->  y=[1x5504]  (T=1, K=932)
[pim-debug] NOTE: CENT(AiM) trace backend internally uses x shape (1,1,dim) and handles prefill by repeating ops;
           the table below shows the *effective parameters* passed into cost_model_pim_backend for each op.
[pim-debug] op#00 op=V        norm=v_proj     sh=0  dim=4096  heads=16  hd=128 q_dim=2048  kv_heads=16  kv_dim=2048  o_dim=2048  ffn_dim=5504   seqlen=932    qlen=1   cache=N lat=    0.004ms cycles≈4428
[pim-debug] op#01 op=SV       norm=output     sh=0  dim=4096  heads=16  hd=128 q_dim=2048  kv_heads=16  kv_dim=2048  o_dim=2048  ffn_dim=5504   seqlen=932    qlen=1   cache=N lat=    0.002ms cycles≈2326
[pim-debug] op#02 op=O        norm=wo_proj    sh=1  dim=4096  heads=16  hd=128 q_dim=2048  kv_heads=16  kv_dim=2048  o_dim=2048  ffn_dim=5504   seqlen=932    qlen=1   cache=N lat=    0.004ms cycles≈4062
[pim-debug] op#03 op=FFN_W1   norm=ffn_gate   sh=0  dim=4096  heads=16  hd=128 q_dim=2048  kv_heads=16  kv_dim=2048  o_dim=2048  ffn_dim=5504   seqlen=932    qlen=1   cache=N lat=    0.012ms cycles≈11708
[pim-debug] op#04 op=SwiGLU   norm=silu       sh=0  dim=4096  heads=16  hd=128 q_dim=2048  kv_heads=16  kv_dim=2048  o_dim=2048  ffn_dim=5504   seqlen=932    qlen=1   cache=N lat=    0.001ms cycles≈503
[pim-debug] segment total latency: 0.023 ms
========================================================================================
[pim-debug] segment_key=pim|decode|69|18ae37754a97d1f42b25b2cff77caf3f
[pim-debug] sig: device_type=pim phase=decode step=69 (count_hint=32)
[pim-debug] ops_repr: V:1,SV:1,LN:-1,FFN_W1:1,FFN_W3:1,SwiGLU:1,FFN_W2:0
[pim-debug] cfg: shard_policy='fine' shards=2 dim=4096 ffn_dim=11008 n_heads=32 n_kv_heads=auto->n_heads
[pim-debug] pim_config=/lustre/home/2501111916/workspace/XPUPIM_0226_gpupim_parameter/TriForm/algorithms/aim_simulator/PIM_AiM.json
[pim-debug] ramulator_config=/lustre/home/2501111916/workspace/XPUPIM_0226_gpupim_parameter/TriForm/algorithms/aim_simulator/example.yaml
[pim-debug] cost_model config.PIM_FREQ_GHZ=1.0
[pim-debug] op plan (logical shapes inferred from schedule cfg):
  - op#00  op=V        shard=1   x=[1x4096] + w=[2048x4096]  ->  y=[1x2048]  (T=1, K=944)
  - op#01  op=SV       shard=1   p=[16x1x944] + v=[16x944x128]  ->  y=[16x1x128]  (T=1, K=944)
  - op#02  op=LN       shard=-1  x=[1x4096] + w=[4096]  ->  y=[1x4096]  (T=1, K=944)
  - op#03  op=FFN_W1   shard=1   x=[1x4096] + w=[5504x4096]  ->  y=[1x5504]  (T=1, K=944)
  - op#04  op=FFN_W3   shard=1   x=[1x4096] + w=[5504x4096]  ->  y=[1x5504]  (T=1, K=944)
  - op#05  op=SwiGLU   shard=1   a=[1x5504] + b=[1x5504]  ->  y=[1x5504]  (T=1, K=944)
  - op#06  op=FFN_W2   shard=0   x=[1x5504] + w=[4096x5504]  ->  y=[1x4096]  (T=1, K=944)
[pim-debug] NOTE: CENT(AiM) trace backend internally uses x shape (1,1,dim) and handles prefill by repeating ops;
           the table below shows the *effective parameters* passed into cost_model_pim_backend for each op.
[pim-debug] op#00 op=V        norm=v_proj     sh=1  dim=4096  heads=16  hd=128 q_dim=2048  kv_heads=16  kv_dim=2048  o_dim=2048  ffn_dim=5504   seqlen=944    qlen=1   cache=N lat=    0.004ms cycles≈4428
[pim-debug] op#01 op=SV       norm=output     sh=1  dim=4096  heads=16  hd=128 q_dim=2048  kv_heads=16  kv_dim=2048  o_dim=2048  ffn_dim=5504   seqlen=944    qlen=1   cache=N lat=    0.002ms cycles≈2326
[pim-debug] op#02 op=LN       norm=rmsnorm    sh=-1 dim=4096  heads=32  hd=128 q_dim=4096  kv_heads=32  kv_dim=4096  o_dim=4096  ffn_dim=11008  seqlen=944    qlen=1   cache=N lat=    0.001ms cycles≈1314
[pim-debug] op#03 op=FFN_W1   norm=ffn_gate   sh=1  dim=4096  heads=16  hd=128 q_dim=2048  kv_heads=16  kv_dim=2048  o_dim=2048  ffn_dim=5504   seqlen=944    qlen=1   cache=N lat=    0.012ms cycles≈11708
[pim-debug] op#04 op=FFN_W3   norm=ffn_up     sh=1  dim=4096  heads=16  hd=128 q_dim=2048  kv_heads=16  kv_dim=2048  o_dim=2048  ffn_dim=5504   seqlen=944    qlen=1   cache=N lat=    0.011ms cycles≈10896
[pim-debug] op#05 op=SwiGLU   norm=silu       sh=1  dim=4096  heads=16  hd=128 q_dim=2048  kv_heads=16  kv_dim=2048  o_dim=2048  ffn_dim=5504   seqlen=944    qlen=1   cache=N lat=    0.001ms cycles≈503
[pim-debug] op#06 op=FFN_W2   norm=ffn_down   sh=0  dim=4096  heads=16  hd=128 q_dim=2048  kv_heads=16  kv_dim=2048  o_dim=2048  ffn_dim=5504   seqlen=944    qlen=1   cache=N lat=    0.011ms cycles≈11466
[pim-debug] segment total latency: 0.043 ms
========================================================================================
[pim-debug] segment_key=pim|decode|69|fa8b04eaba988353d76eadc6a01ae0d4
[pim-debug] sig: device_type=pim phase=decode step=69 (count_hint=31)
[pim-debug] ops_repr: LN:-1,V:0,SV:0,O:1,FFN_W1:0,SwiGLU:0
[pim-debug] cfg: shard_policy='fine' shards=2 dim=4096 ffn_dim=11008 n_heads=32 n_kv_heads=auto->n_heads
[pim-debug] pim_config=/lustre/home/2501111916/workspace/XPUPIM_0226_gpupim_parameter/TriForm/algorithms/aim_simulator/PIM_AiM.json
[pim-debug] ramulator_config=/lustre/home/2501111916/workspace/XPUPIM_0226_gpupim_parameter/TriForm/algorithms/aim_simulator/example.yaml
[pim-debug] cost_model config.PIM_FREQ_GHZ=1.0
[pim-debug] op plan (logical shapes inferred from schedule cfg):
  - op#00  op=LN       shard=-1  x=[1x4096] + w=[4096]  ->  y=[1x4096]  (T=1, K=944)
  - op#01  op=V        shard=0   x=[1x4096] + w=[2048x4096]  ->  y=[1x2048]  (T=1, K=944)
  - op#02  op=SV       shard=0   p=[16x1x944] + v=[16x944x128]  ->  y=[16x1x128]  (T=1, K=944)
  - op#03  op=O        shard=1   x=[1x2048] + w=[4096x2048]  ->  y=[1x4096]  (T=1, K=944)
  - op#04  op=FFN_W1   shard=0   x=[1x4096] + w=[5504x4096]  ->  y=[1x5504]  (T=1, K=944)
  - op#05  op=SwiGLU   shard=0   a=[1x5504] + b=[1x5504]  ->  y=[1x5504]  (T=1, K=944)
[pim-debug] NOTE: CENT(AiM) trace backend internally uses x shape (1,1,dim) and handles prefill by repeating ops;
           the table below shows the *effective parameters* passed into cost_model_pim_backend for each op.
[pim-debug] op#00 op=LN       norm=rmsnorm    sh=-1 dim=4096  heads=32  hd=128 q_dim=4096  kv_heads=32  kv_dim=4096  o_dim=4096  ffn_dim=11008  seqlen=944    qlen=1   cache=N lat=    0.001ms cycles≈1314
[pim-debug] op#01 op=V        norm=v_proj     sh=0  dim=4096  heads=16  hd=128 q_dim=2048  kv_heads=16  kv_dim=2048  o_dim=2048  ffn_dim=5504   seqlen=944    qlen=1   cache=N lat=    0.004ms cycles≈4428
[pim-debug] op#02 op=SV       norm=output     sh=0  dim=4096  heads=16  hd=128 q_dim=2048  kv_heads=16  kv_dim=2048  o_dim=2048  ffn_dim=5504   seqlen=944    qlen=1   cache=N lat=    0.002ms cycles≈2326
[pim-debug] op#03 op=O        norm=wo_proj    sh=1  dim=4096  heads=16  hd=128 q_dim=2048  kv_heads=16  kv_dim=2048  o_dim=2048  ffn_dim=5504   seqlen=944    qlen=1   cache=N lat=    0.004ms cycles≈4062
[pim-debug] op#04 op=FFN_W1   norm=ffn_gate   sh=0  dim=4096  heads=16  hd=128 q_dim=2048  kv_heads=16  kv_dim=2048  o_dim=2048  ffn_dim=5504   seqlen=944    qlen=1   cache=N lat=    0.012ms cycles≈11708
[pim-debug] op#05 op=SwiGLU   norm=silu       sh=0  dim=4096  heads=16  hd=128 q_dim=2048  kv_heads=16  kv_dim=2048  o_dim=2048  ffn_dim=5504   seqlen=944    qlen=1   cache=N lat=    0.001ms cycles≈503
[pim-debug] segment total latency: 0.024 ms
========================================================================================
[pim-debug] segment_key=pim|decode|69|fdf6362e664a0dcb3b710140facc51d5
[pim-debug] sig: device_type=pim phase=decode step=69 (count_hint=1)
[pim-debug] ops_repr: V:0,SV:0,O:1,FFN_W1:0,SwiGLU:0
[pim-debug] cfg: shard_policy='fine' shards=2 dim=4096 ffn_dim=11008 n_heads=32 n_kv_heads=auto->n_heads
[pim-debug] pim_config=/lustre/home/2501111916/workspace/XPUPIM_0226_gpupim_parameter/TriForm/algorithms/aim_simulator/PIM_AiM.json
[pim-debug] ramulator_config=/lustre/home/2501111916/workspace/XPUPIM_0226_gpupim_parameter/TriForm/algorithms/aim_simulator/example.yaml
[pim-debug] cost_model config.PIM_FREQ_GHZ=1.0
[pim-debug] op plan (logical shapes inferred from schedule cfg):
  - op#00  op=V        shard=0   x=[1x4096] + w=[2048x4096]  ->  y=[1x2048]  (T=1, K=944)
  - op#01  op=SV       shard=0   p=[16x1x944] + v=[16x944x128]  ->  y=[16x1x128]  (T=1, K=944)
  - op#02  op=O        shard=1   x=[1x2048] + w=[4096x2048]  ->  y=[1x4096]  (T=1, K=944)
  - op#03  op=FFN_W1   shard=0   x=[1x4096] + w=[5504x4096]  ->  y=[1x5504]  (T=1, K=944)
  - op#04  op=SwiGLU   shard=0   a=[1x5504] + b=[1x5504]  ->  y=[1x5504]  (T=1, K=944)
[pim-debug] NOTE: CENT(AiM) trace backend internally uses x shape (1,1,dim) and handles prefill by repeating ops;
           the table below shows the *effective parameters* passed into cost_model_pim_backend for each op.
[pim-debug] op#00 op=V        norm=v_proj     sh=0  dim=4096  heads=16  hd=128 q_dim=2048  kv_heads=16  kv_dim=2048  o_dim=2048  ffn_dim=5504   seqlen=944    qlen=1   cache=N lat=    0.004ms cycles≈4428
[pim-debug] op#01 op=SV       norm=output     sh=0  dim=4096  heads=16  hd=128 q_dim=2048  kv_heads=16  kv_dim=2048  o_dim=2048  ffn_dim=5504   seqlen=944    qlen=1   cache=N lat=    0.002ms cycles≈2326
[pim-debug] op#02 op=O        norm=wo_proj    sh=1  dim=4096  heads=16  hd=128 q_dim=2048  kv_heads=16  kv_dim=2048  o_dim=2048  ffn_dim=5504   seqlen=944    qlen=1   cache=N lat=    0.004ms cycles≈4062
[pim-debug] op#03 op=FFN_W1   norm=ffn_gate   sh=0  dim=4096  heads=16  hd=128 q_dim=2048  kv_heads=16  kv_dim=2048  o_dim=2048  ffn_dim=5504   seqlen=944    qlen=1   cache=N lat=    0.012ms cycles≈11708
[pim-debug] op#04 op=SwiGLU   norm=silu       sh=0  dim=4096  heads=16  hd=128 q_dim=2048  kv_heads=16  kv_dim=2048  o_dim=2048  ffn_dim=5504   seqlen=944    qlen=1   cache=N lat=    0.001ms cycles≈503
[pim-debug] segment total latency: 0.023 ms
========================================================================================
[pim-debug] segment_key=pim|decode|6|18ae37754a97d1f42b25b2cff77caf3f
[pim-debug] sig: device_type=pim phase=decode step=6 (count_hint=32)
[pim-debug] ops_repr: V:1,SV:1,LN:-1,FFN_W1:1,FFN_W3:1,SwiGLU:1,FFN_W2:0
[pim-debug] cfg: shard_policy='fine' shards=2 dim=4096 ffn_dim=11008 n_heads=32 n_kv_heads=auto->n_heads
[pim-debug] pim_config=/lustre/home/2501111916/workspace/XPUPIM_0226_gpupim_parameter/TriForm/algorithms/aim_simulator/PIM_AiM.json
[pim-debug] ramulator_config=/lustre/home/2501111916/workspace/XPUPIM_0226_gpupim_parameter/TriForm/algorithms/aim_simulator/example.yaml
[pim-debug] cost_model config.PIM_FREQ_GHZ=1.0
[pim-debug] op plan (logical shapes inferred from schedule cfg):
  - op#00  op=V        shard=1   x=[1x4096] + w=[2048x4096]  ->  y=[1x2048]  (T=1, K=188)
  - op#01  op=SV       shard=1   p=[16x1x188] + v=[16x188x128]  ->  y=[16x1x128]  (T=1, K=188)
  - op#02  op=LN       shard=-1  x=[1x4096] + w=[4096]  ->  y=[1x4096]  (T=1, K=188)
  - op#03  op=FFN_W1   shard=1   x=[1x4096] + w=[5504x4096]  ->  y=[1x5504]  (T=1, K=188)
  - op#04  op=FFN_W3   shard=1   x=[1x4096] + w=[5504x4096]  ->  y=[1x5504]  (T=1, K=188)
  - op#05  op=SwiGLU   shard=1   a=[1x5504] + b=[1x5504]  ->  y=[1x5504]  (T=1, K=188)
  - op#06  op=FFN_W2   shard=0   x=[1x5504] + w=[4096x5504]  ->  y=[1x4096]  (T=1, K=188)
[pim-debug] NOTE: CENT(AiM) trace backend internally uses x shape (1,1,dim) and handles prefill by repeating ops;
           the table below shows the *effective parameters* passed into cost_model_pim_backend for each op.
[pim-debug] op#00 op=V        norm=v_proj     sh=1  dim=4096  heads=16  hd=128 q_dim=2048  kv_heads=16  kv_dim=2048  o_dim=2048  ffn_dim=5504   seqlen=188    qlen=1   cache=N lat=    0.004ms cycles≈4428
[pim-debug] op#01 op=SV       norm=output     sh=1  dim=4096  heads=16  hd=128 q_dim=2048  kv_heads=16  kv_dim=2048  o_dim=2048  ffn_dim=5504   seqlen=188    qlen=1   cache=N lat=    0.001ms cycles≈1480
[pim-debug] op#02 op=LN       norm=rmsnorm    sh=-1 dim=4096  heads=32  hd=128 q_dim=4096  kv_heads=32  kv_dim=4096  o_dim=4096  ffn_dim=11008  seqlen=188    qlen=1   cache=N lat=    0.001ms cycles≈1314
[pim-debug] op#03 op=FFN_W1   norm=ffn_gate   sh=1  dim=4096  heads=16  hd=128 q_dim=2048  kv_heads=16  kv_dim=2048  o_dim=2048  ffn_dim=5504   seqlen=188    qlen=1   cache=N lat=    0.012ms cycles≈11708
[pim-debug] op#04 op=FFN_W3   norm=ffn_up     sh=1  dim=4096  heads=16  hd=128 q_dim=2048  kv_heads=16  kv_dim=2048  o_dim=2048  ffn_dim=5504   seqlen=188    qlen=1   cache=N lat=    0.011ms cycles≈10896
[pim-debug] op#05 op=SwiGLU   norm=silu       sh=1  dim=4096  heads=16  hd=128 q_dim=2048  kv_heads=16  kv_dim=2048  o_dim=2048  ffn_dim=5504   seqlen=188    qlen=1   cache=N lat=    0.001ms cycles≈503
[pim-debug] op#06 op=FFN_W2   norm=ffn_down   sh=0  dim=4096  heads=16  hd=128 q_dim=2048  kv_heads=16  kv_dim=2048  o_dim=2048  ffn_dim=5504   seqlen=188    qlen=1   cache=N lat=    0.011ms cycles≈11466
[pim-debug] segment total latency: 0.042 ms
========================================================================================
[pim-debug] segment_key=pim|decode|6|fa8b04eaba988353d76eadc6a01ae0d4
[pim-debug] sig: device_type=pim phase=decode step=6 (count_hint=31)
[pim-debug] ops_repr: LN:-1,V:0,SV:0,O:1,FFN_W1:0,SwiGLU:0
[pim-debug] cfg: shard_policy='fine' shards=2 dim=4096 ffn_dim=11008 n_heads=32 n_kv_heads=auto->n_heads
[pim-debug] pim_config=/lustre/home/2501111916/workspace/XPUPIM_0226_gpupim_parameter/TriForm/algorithms/aim_simulator/PIM_AiM.json
[pim-debug] ramulator_config=/lustre/home/2501111916/workspace/XPUPIM_0226_gpupim_parameter/TriForm/algorithms/aim_simulator/example.yaml
[pim-debug] cost_model config.PIM_FREQ_GHZ=1.0
[pim-debug] op plan (logical shapes inferred from schedule cfg):
  - op#00  op=LN       shard=-1  x=[1x4096] + w=[4096]  ->  y=[1x4096]  (T=1, K=188)
  - op#01  op=V        shard=0   x=[1x4096] + w=[2048x4096]  ->  y=[1x2048]  (T=1, K=188)
  - op#02  op=SV       shard=0   p=[16x1x188] + v=[16x188x128]  ->  y=[16x1x128]  (T=1, K=188)
  - op#03  op=O        shard=1   x=[1x2048] + w=[4096x2048]  ->  y=[1x4096]  (T=1, K=188)
  - op#04  op=FFN_W1   shard=0   x=[1x4096] + w=[5504x4096]  ->  y=[1x5504]  (T=1, K=188)
  - op#05  op=SwiGLU   shard=0   a=[1x5504] + b=[1x5504]  ->  y=[1x5504]  (T=1, K=188)
[pim-debug] NOTE: CENT(AiM) trace backend internally uses x shape (1,1,dim) and handles prefill by repeating ops;
           the table below shows the *effective parameters* passed into cost_model_pim_backend for each op.
[pim-debug] op#00 op=LN       norm=rmsnorm    sh=-1 dim=4096  heads=32  hd=128 q_dim=4096  kv_heads=32  kv_dim=4096  o_dim=4096  ffn_dim=11008  seqlen=188    qlen=1   cache=N lat=    0.001ms cycles≈1314
[pim-debug] op#01 op=V        norm=v_proj     sh=0  dim=4096  heads=16  hd=128 q_dim=2048  kv_heads=16  kv_dim=2048  o_dim=2048  ffn_dim=5504   seqlen=188    qlen=1   cache=N lat=    0.004ms cycles≈4428
[pim-debug] op#02 op=SV       norm=output     sh=0  dim=4096  heads=16  hd=128 q_dim=2048  kv_heads=16  kv_dim=2048  o_dim=2048  ffn_dim=5504   seqlen=188    qlen=1   cache=N lat=    0.001ms cycles≈1480
[pim-debug] op#03 op=O        norm=wo_proj    sh=1  dim=4096  heads=16  hd=128 q_dim=2048  kv_heads=16  kv_dim=2048  o_dim=2048  ffn_dim=5504   seqlen=188    qlen=1   cache=N lat=    0.004ms cycles≈4062
[pim-debug] op#04 op=FFN_W1   norm=ffn_gate   sh=0  dim=4096  heads=16  hd=128 q_dim=2048  kv_heads=16  kv_dim=2048  o_dim=2048  ffn_dim=5504   seqlen=188    qlen=1   cache=N lat=    0.012ms cycles≈11708
[pim-debug] op#05 op=SwiGLU   norm=silu       sh=0  dim=4096  heads=16  hd=128 q_dim=2048  kv_heads=16  kv_dim=2048  o_dim=2048  ffn_dim=5504   seqlen=188    qlen=1   cache=N lat=    0.001ms cycles≈503
[pim-debug] segment total latency: 0.023 ms
========================================================================================
[pim-debug] segment_key=pim|decode|6|fdf6362e664a0dcb3b710140facc51d5
[pim-debug] sig: device_type=pim phase=decode step=6 (count_hint=1)
[pim-debug] ops_repr: V:0,SV:0,O:1,FFN_W1:0,SwiGLU:0
[pim-debug] cfg: shard_policy='fine' shards=2 dim=4096 ffn_dim=11008 n_heads=32 n_kv_heads=auto->n_heads
[pim-debug] pim_config=/lustre/home/2501111916/workspace/XPUPIM_0226_gpupim_parameter/TriForm/algorithms/aim_simulator/PIM_AiM.json
[pim-debug] ramulator_config=/lustre/home/2501111916/workspace/XPUPIM_0226_gpupim_parameter/TriForm/algorithms/aim_simulator/example.yaml
[pim-debug] cost_model config.PIM_FREQ_GHZ=1.0
[pim-debug] op plan (logical shapes inferred from schedule cfg):
  - op#00  op=V        shard=0   x=[1x4096] + w=[2048x4096]  ->  y=[1x2048]  (T=1, K=188)
  - op#01  op=SV       shard=0   p=[16x1x188] + v=[16x188x128]  ->  y=[16x1x128]  (T=1, K=188)
  - op#02  op=O        shard=1   x=[1x2048] + w=[4096x2048]  ->  y=[1x4096]  (T=1, K=188)
  - op#03  op=FFN_W1   shard=0   x=[1x4096] + w=[5504x4096]  ->  y=[1x5504]  (T=1, K=188)
  - op#04  op=SwiGLU   shard=0   a=[1x5504] + b=[1x5504]  ->  y=[1x5504]  (T=1, K=188)
[pim-debug] NOTE: CENT(AiM) trace backend internally uses x shape (1,1,dim) and handles prefill by repeating ops;
           the table below shows the *effective parameters* passed into cost_model_pim_backend for each op.
[pim-debug] op#00 op=V        norm=v_proj     sh=0  dim=4096  heads=16  hd=128 q_dim=2048  kv_heads=16  kv_dim=2048  o_dim=2048  ffn_dim=5504   seqlen=188    qlen=1   cache=N lat=    0.004ms cycles≈4428
[pim-debug] op#01 op=SV       norm=output     sh=0  dim=4096  heads=16  hd=128 q_dim=2048  kv_heads=16  kv_dim=2048  o_dim=2048  ffn_dim=5504   seqlen=188    qlen=1   cache=N lat=    0.001ms cycles≈1480
[pim-debug] op#02 op=O        norm=wo_proj    sh=1  dim=4096  heads=16  hd=128 q_dim=2048  kv_heads=16  kv_dim=2048  o_dim=2048  ffn_dim=5504   seqlen=188    qlen=1   cache=N lat=    0.004ms cycles≈4062
[pim-debug] op#03 op=FFN_W1   norm=ffn_gate   sh=0  dim=4096  heads=16  hd=128 q_dim=2048  kv_heads=16  kv_dim=2048  o_dim=2048  ffn_dim=5504   seqlen=188    qlen=1   cache=N lat=    0.012ms cycles≈11708
[pim-debug] op#04 op=SwiGLU   norm=silu       sh=0  dim=4096  heads=16  hd=128 q_dim=2048  kv_heads=16  kv_dim=2048  o_dim=2048  ffn_dim=5504   seqlen=188    qlen=1   cache=N lat=    0.001ms cycles≈503
[pim-debug] segment total latency: 0.022 ms
========================================================================================
[pim-debug] segment_key=pim|decode|70|18ae37754a97d1f42b25b2cff77caf3f
[pim-debug] sig: device_type=pim phase=decode step=70 (count_hint=32)
[pim-debug] ops_repr: V:1,SV:1,LN:-1,FFN_W1:1,FFN_W3:1,SwiGLU:1,FFN_W2:0
[pim-debug] cfg: shard_policy='fine' shards=2 dim=4096 ffn_dim=11008 n_heads=32 n_kv_heads=auto->n_heads
[pim-debug] pim_config=/lustre/home/2501111916/workspace/XPUPIM_0226_gpupim_parameter/TriForm/algorithms/aim_simulator/PIM_AiM.json
[pim-debug] ramulator_config=/lustre/home/2501111916/workspace/XPUPIM_0226_gpupim_parameter/TriForm/algorithms/aim_simulator/example.yaml
[pim-debug] cost_model config.PIM_FREQ_GHZ=1.0
[pim-debug] op plan (logical shapes inferred from schedule cfg):
  - op#00  op=V        shard=1   x=[1x4096] + w=[2048x4096]  ->  y=[1x2048]  (T=1, K=956)
  - op#01  op=SV       shard=1   p=[16x1x956] + v=[16x956x128]  ->  y=[16x1x128]  (T=1, K=956)
  - op#02  op=LN       shard=-1  x=[1x4096] + w=[4096]  ->  y=[1x4096]  (T=1, K=956)
  - op#03  op=FFN_W1   shard=1   x=[1x4096] + w=[5504x4096]  ->  y=[1x5504]  (T=1, K=956)
  - op#04  op=FFN_W3   shard=1   x=[1x4096] + w=[5504x4096]  ->  y=[1x5504]  (T=1, K=956)
  - op#05  op=SwiGLU   shard=1   a=[1x5504] + b=[1x5504]  ->  y=[1x5504]  (T=1, K=956)
  - op#06  op=FFN_W2   shard=0   x=[1x5504] + w=[4096x5504]  ->  y=[1x4096]  (T=1, K=956)
[pim-debug] NOTE: CENT(AiM) trace backend internally uses x shape (1,1,dim) and handles prefill by repeating ops;
           the table below shows the *effective parameters* passed into cost_model_pim_backend for each op.
[pim-debug] op#00 op=V        norm=v_proj     sh=1  dim=4096  heads=16  hd=128 q_dim=2048  kv_heads=16  kv_dim=2048  o_dim=2048  ffn_dim=5504   seqlen=956    qlen=1   cache=N lat=    0.004ms cycles≈4428
[pim-debug] op#01 op=SV       norm=output     sh=1  dim=4096  heads=16  hd=128 q_dim=2048  kv_heads=16  kv_dim=2048  o_dim=2048  ffn_dim=5504   seqlen=956    qlen=1   cache=N lat=    0.002ms cycles≈2344
[pim-debug] op#02 op=LN       norm=rmsnorm    sh=-1 dim=4096  heads=32  hd=128 q_dim=4096  kv_heads=32  kv_dim=4096  o_dim=4096  ffn_dim=11008  seqlen=956    qlen=1   cache=N lat=    0.001ms cycles≈1314
[pim-debug] op#03 op=FFN_W1   norm=ffn_gate   sh=1  dim=4096  heads=16  hd=128 q_dim=2048  kv_heads=16  kv_dim=2048  o_dim=2048  ffn_dim=5504   seqlen=956    qlen=1   cache=N lat=    0.012ms cycles≈11708
[pim-debug] op#04 op=FFN_W3   norm=ffn_up     sh=1  dim=4096  heads=16  hd=128 q_dim=2048  kv_heads=16  kv_dim=2048  o_dim=2048  ffn_dim=5504   seqlen=956    qlen=1   cache=N lat=    0.011ms cycles≈10896
[pim-debug] op#05 op=SwiGLU   norm=silu       sh=1  dim=4096  heads=16  hd=128 q_dim=2048  kv_heads=16  kv_dim=2048  o_dim=2048  ffn_dim=5504   seqlen=956    qlen=1   cache=N lat=    0.001ms cycles≈503
[pim-debug] op#06 op=FFN_W2   norm=ffn_down   sh=0  dim=4096  heads=16  hd=128 q_dim=2048  kv_heads=16  kv_dim=2048  o_dim=2048  ffn_dim=5504   seqlen=956    qlen=1   cache=N lat=    0.011ms cycles≈11466
[pim-debug] segment total latency: 0.043 ms
========================================================================================
[pim-debug] segment_key=pim|decode|70|fa8b04eaba988353d76eadc6a01ae0d4
[pim-debug] sig: device_type=pim phase=decode step=70 (count_hint=31)
[pim-debug] ops_repr: LN:-1,V:0,SV:0,O:1,FFN_W1:0,SwiGLU:0
[pim-debug] cfg: shard_policy='fine' shards=2 dim=4096 ffn_dim=11008 n_heads=32 n_kv_heads=auto->n_heads
[pim-debug] pim_config=/lustre/home/2501111916/workspace/XPUPIM_0226_gpupim_parameter/TriForm/algorithms/aim_simulator/PIM_AiM.json
[pim-debug] ramulator_config=/lustre/home/2501111916/workspace/XPUPIM_0226_gpupim_parameter/TriForm/algorithms/aim_simulator/example.yaml
[pim-debug] cost_model config.PIM_FREQ_GHZ=1.0
[pim-debug] op plan (logical shapes inferred from schedule cfg):
  - op#00  op=LN       shard=-1  x=[1x4096] + w=[4096]  ->  y=[1x4096]  (T=1, K=956)
  - op#01  op=V        shard=0   x=[1x4096] + w=[2048x4096]  ->  y=[1x2048]  (T=1, K=956)
  - op#02  op=SV       shard=0   p=[16x1x956] + v=[16x956x128]  ->  y=[16x1x128]  (T=1, K=956)
  - op#03  op=O        shard=1   x=[1x2048] + w=[4096x2048]  ->  y=[1x4096]  (T=1, K=956)
  - op#04  op=FFN_W1   shard=0   x=[1x4096] + w=[5504x4096]  ->  y=[1x5504]  (T=1, K=956)
  - op#05  op=SwiGLU   shard=0   a=[1x5504] + b=[1x5504]  ->  y=[1x5504]  (T=1, K=956)
[pim-debug] NOTE: CENT(AiM) trace backend internally uses x shape (1,1,dim) and handles prefill by repeating ops;
           the table below shows the *effective parameters* passed into cost_model_pim_backend for each op.
[pim-debug] op#00 op=LN       norm=rmsnorm    sh=-1 dim=4096  heads=32  hd=128 q_dim=4096  kv_heads=32  kv_dim=4096  o_dim=4096  ffn_dim=11008  seqlen=956    qlen=1   cache=N lat=    0.001ms cycles≈1314
[pim-debug] op#01 op=V        norm=v_proj     sh=0  dim=4096  heads=16  hd=128 q_dim=2048  kv_heads=16  kv_dim=2048  o_dim=2048  ffn_dim=5504   seqlen=956    qlen=1   cache=N lat=    0.004ms cycles≈4428
[pim-debug] op#02 op=SV       norm=output     sh=0  dim=4096  heads=16  hd=128 q_dim=2048  kv_heads=16  kv_dim=2048  o_dim=2048  ffn_dim=5504   seqlen=956    qlen=1   cache=N lat=    0.002ms cycles≈2344
[pim-debug] op#03 op=O        norm=wo_proj    sh=1  dim=4096  heads=16  hd=128 q_dim=2048  kv_heads=16  kv_dim=2048  o_dim=2048  ffn_dim=5504   seqlen=956    qlen=1   cache=N lat=    0.004ms cycles≈4062
[pim-debug] op#04 op=FFN_W1   norm=ffn_gate   sh=0  dim=4096  heads=16  hd=128 q_dim=2048  kv_heads=16  kv_dim=2048  o_dim=2048  ffn_dim=5504   seqlen=956    qlen=1   cache=N lat=    0.012ms cycles≈11708
[pim-debug] op#05 op=SwiGLU   norm=silu       sh=0  dim=4096  heads=16  hd=128 q_dim=2048  kv_heads=16  kv_dim=2048  o_dim=2048  ffn_dim=5504   seqlen=956    qlen=1   cache=N lat=    0.001ms cycles≈503
[pim-debug] segment total latency: 0.024 ms
========================================================================================
[pim-debug] segment_key=pim|decode|70|fdf6362e664a0dcb3b710140facc51d5
[pim-debug] sig: device_type=pim phase=decode step=70 (count_hint=1)
[pim-debug] ops_repr: V:0,SV:0,O:1,FFN_W1:0,SwiGLU:0
[pim-debug] cfg: shard_policy='fine' shards=2 dim=4096 ffn_dim=11008 n_heads=32 n_kv_heads=auto->n_heads
[pim-debug] pim_config=/lustre/home/2501111916/workspace/XPUPIM_0226_gpupim_parameter/TriForm/algorithms/aim_simulator/PIM_AiM.json
[pim-debug] ramulator_config=/lustre/home/2501111916/workspace/XPUPIM_0226_gpupim_parameter/TriForm/algorithms/aim_simulator/example.yaml
[pim-debug] cost_model config.PIM_FREQ_GHZ=1.0
[pim-debug] op plan (logical shapes inferred from schedule cfg):
  - op#00  op=V        shard=0   x=[1x4096] + w=[2048x4096]  ->  y=[1x2048]  (T=1, K=956)
  - op#01  op=SV       shard=0   p=[16x1x956] + v=[16x956x128]  ->  y=[16x1x128]  (T=1, K=956)
  - op#02  op=O        shard=1   x=[1x2048] + w=[4096x2048]  ->  y=[1x4096]  (T=1, K=956)
  - op#03  op=FFN_W1   shard=0   x=[1x4096] + w=[5504x4096]  ->  y=[1x5504]  (T=1, K=956)
  - op#04  op=SwiGLU   shard=0   a=[1x5504] + b=[1x5504]  ->  y=[1x5504]  (T=1, K=956)
[pim-debug] NOTE: CENT(AiM) trace backend internally uses x shape (1,1,dim) and handles prefill by repeating ops;
           the table below shows the *effective parameters* passed into cost_model_pim_backend for each op.
[pim-debug] op#00 op=V        norm=v_proj     sh=0  dim=4096  heads=16  hd=128 q_dim=2048  kv_heads=16  kv_dim=2048  o_dim=2048  ffn_dim=5504   seqlen=956    qlen=1   cache=N lat=    0.004ms cycles≈4428
[pim-debug] op#01 op=SV       norm=output     sh=0  dim=4096  heads=16  hd=128 q_dim=2048  kv_heads=16  kv_dim=2048  o_dim=2048  ffn_dim=5504   seqlen=956    qlen=1   cache=N lat=    0.002ms cycles≈2344
[pim-debug] op#02 op=O        norm=wo_proj    sh=1  dim=4096  heads=16  hd=128 q_dim=2048  kv_heads=16  kv_dim=2048  o_dim=2048  ffn_dim=5504   seqlen=956    qlen=1   cache=N lat=    0.004ms cycles≈4062
[pim-debug] op#03 op=FFN_W1   norm=ffn_gate   sh=0  dim=4096  heads=16  hd=128 q_dim=2048  kv_heads=16  kv_dim=2048  o_dim=2048  ffn_dim=5504   seqlen=956    qlen=1   cache=N lat=    0.012ms cycles≈11708
[pim-debug] op#04 op=SwiGLU   norm=silu       sh=0  dim=4096  heads=16  hd=128 q_dim=2048  kv_heads=16  kv_dim=2048  o_dim=2048  ffn_dim=5504   seqlen=956    qlen=1   cache=N lat=    0.001ms cycles≈503
[pim-debug] segment total latency: 0.023 ms
========================================================================================
[pim-debug] segment_key=pim|decode|71|18ae37754a97d1f42b25b2cff77caf3f
[pim-debug] sig: device_type=pim phase=decode step=71 (count_hint=32)
[pim-debug] ops_repr: V:1,SV:1,LN:-1,FFN_W1:1,FFN_W3:1,SwiGLU:1,FFN_W2:0
[pim-debug] cfg: shard_policy='fine' shards=2 dim=4096 ffn_dim=11008 n_heads=32 n_kv_heads=auto->n_heads
[pim-debug] pim_config=/lustre/home/2501111916/workspace/XPUPIM_0226_gpupim_parameter/TriForm/algorithms/aim_simulator/PIM_AiM.json
[pim-debug] ramulator_config=/lustre/home/2501111916/workspace/XPUPIM_0226_gpupim_parameter/TriForm/algorithms/aim_simulator/example.yaml
[pim-debug] cost_model config.PIM_FREQ_GHZ=1.0
[pim-debug] op plan (logical shapes inferred from schedule cfg):
  - op#00  op=V        shard=1   x=[1x4096] + w=[2048x4096]  ->  y=[1x2048]  (T=1, K=968)
  - op#01  op=SV       shard=1   p=[16x1x968] + v=[16x968x128]  ->  y=[16x1x128]  (T=1, K=968)
  - op#02  op=LN       shard=-1  x=[1x4096] + w=[4096]  ->  y=[1x4096]  (T=1, K=968)
  - op#03  op=FFN_W1   shard=1   x=[1x4096] + w=[5504x4096]  ->  y=[1x5504]  (T=1, K=968)
  - op#04  op=FFN_W3   shard=1   x=[1x4096] + w=[5504x4096]  ->  y=[1x5504]  (T=1, K=968)
  - op#05  op=SwiGLU   shard=1   a=[1x5504] + b=[1x5504]  ->  y=[1x5504]  (T=1, K=968)
  - op#06  op=FFN_W2   shard=0   x=[1x5504] + w=[4096x5504]  ->  y=[1x4096]  (T=1, K=968)
[pim-debug] NOTE: CENT(AiM) trace backend internally uses x shape (1,1,dim) and handles prefill by repeating ops;
           the table below shows the *effective parameters* passed into cost_model_pim_backend for each op.
[pim-debug] op#00 op=V        norm=v_proj     sh=1  dim=4096  heads=16  hd=128 q_dim=2048  kv_heads=16  kv_dim=2048  o_dim=2048  ffn_dim=5504   seqlen=968    qlen=1   cache=N lat=    0.004ms cycles≈4428
[pim-debug] op#01 op=SV       norm=output     sh=1  dim=4096  heads=16  hd=128 q_dim=2048  kv_heads=16  kv_dim=2048  o_dim=2048  ffn_dim=5504   seqlen=968    qlen=1   cache=N lat=    0.002ms cycles≈2362
[pim-debug] op#02 op=LN       norm=rmsnorm    sh=-1 dim=4096  heads=32  hd=128 q_dim=4096  kv_heads=32  kv_dim=4096  o_dim=4096  ffn_dim=11008  seqlen=968    qlen=1   cache=N lat=    0.001ms cycles≈1314
[pim-debug] op#03 op=FFN_W1   norm=ffn_gate   sh=1  dim=4096  heads=16  hd=128 q_dim=2048  kv_heads=16  kv_dim=2048  o_dim=2048  ffn_dim=5504   seqlen=968    qlen=1   cache=N lat=    0.012ms cycles≈11708
[pim-debug] op#04 op=FFN_W3   norm=ffn_up     sh=1  dim=4096  heads=16  hd=128 q_dim=2048  kv_heads=16  kv_dim=2048  o_dim=2048  ffn_dim=5504   seqlen=968    qlen=1   cache=N lat=    0.011ms cycles≈10896
[pim-debug] op#05 op=SwiGLU   norm=silu       sh=1  dim=4096  heads=16  hd=128 q_dim=2048  kv_heads=16  kv_dim=2048  o_dim=2048  ffn_dim=5504   seqlen=968    qlen=1   cache=N lat=    0.001ms cycles≈503
[pim-debug] op#06 op=FFN_W2   norm=ffn_down   sh=0  dim=4096  heads=16  hd=128 q_dim=2048  kv_heads=16  kv_dim=2048  o_dim=2048  ffn_dim=5504   seqlen=968    qlen=1   cache=N lat=    0.011ms cycles≈11466
[pim-debug] segment total latency: 0.043 ms
========================================================================================
[pim-debug] segment_key=pim|decode|71|fa8b04eaba988353d76eadc6a01ae0d4
[pim-debug] sig: device_type=pim phase=decode step=71 (count_hint=31)
[pim-debug] ops_repr: LN:-1,V:0,SV:0,O:1,FFN_W1:0,SwiGLU:0
[pim-debug] cfg: shard_policy='fine' shards=2 dim=4096 ffn_dim=11008 n_heads=32 n_kv_heads=auto->n_heads
[pim-debug] pim_config=/lustre/home/2501111916/workspace/XPUPIM_0226_gpupim_parameter/TriForm/algorithms/aim_simulator/PIM_AiM.json
[pim-debug] ramulator_config=/lustre/home/2501111916/workspace/XPUPIM_0226_gpupim_parameter/TriForm/algorithms/aim_simulator/example.yaml
[pim-debug] cost_model config.PIM_FREQ_GHZ=1.0
[pim-debug] op plan (logical shapes inferred from schedule cfg):
  - op#00  op=LN       shard=-1  x=[1x4096] + w=[4096]  ->  y=[1x4096]  (T=1, K=968)
  - op#01  op=V        shard=0   x=[1x4096] + w=[2048x4096]  ->  y=[1x2048]  (T=1, K=968)
  - op#02  op=SV       shard=0   p=[16x1x968] + v=[16x968x128]  ->  y=[16x1x128]  (T=1, K=968)
  - op#03  op=O        shard=1   x=[1x2048] + w=[4096x2048]  ->  y=[1x4096]  (T=1, K=968)
  - op#04  op=FFN_W1   shard=0   x=[1x4096] + w=[5504x4096]  ->  y=[1x5504]  (T=1, K=968)
  - op#05  op=SwiGLU   shard=0   a=[1x5504] + b=[1x5504]  ->  y=[1x5504]  (T=1, K=968)
[pim-debug] NOTE: CENT(AiM) trace backend internally uses x shape (1,1,dim) and handles prefill by repeating ops;
           the table below shows the *effective parameters* passed into cost_model_pim_backend for each op.
[pim-debug] op#00 op=LN       norm=rmsnorm    sh=-1 dim=4096  heads=32  hd=128 q_dim=4096  kv_heads=32  kv_dim=4096  o_dim=4096  ffn_dim=11008  seqlen=968    qlen=1   cache=N lat=    0.001ms cycles≈1314
[pim-debug] op#01 op=V        norm=v_proj     sh=0  dim=4096  heads=16  hd=128 q_dim=2048  kv_heads=16  kv_dim=2048  o_dim=2048  ffn_dim=5504   seqlen=968    qlen=1   cache=N lat=    0.004ms cycles≈4428
[pim-debug] op#02 op=SV       norm=output     sh=0  dim=4096  heads=16  hd=128 q_dim=2048  kv_heads=16  kv_dim=2048  o_dim=2048  ffn_dim=5504   seqlen=968    qlen=1   cache=N lat=    0.002ms cycles≈2362
[pim-debug] op#03 op=O        norm=wo_proj    sh=1  dim=4096  heads=16  hd=128 q_dim=2048  kv_heads=16  kv_dim=2048  o_dim=2048  ffn_dim=5504   seqlen=968    qlen=1   cache=N lat=    0.004ms cycles≈4062
[pim-debug] op#04 op=FFN_W1   norm=ffn_gate   sh=0  dim=4096  heads=16  hd=128 q_dim=2048  kv_heads=16  kv_dim=2048  o_dim=2048  ffn_dim=5504   seqlen=968    qlen=1   cache=N lat=    0.012ms cycles≈11708
[pim-debug] op#05 op=SwiGLU   norm=silu       sh=0  dim=4096  heads=16  hd=128 q_dim=2048  kv_heads=16  kv_dim=2048  o_dim=2048  ffn_dim=5504   seqlen=968    qlen=1   cache=N lat=    0.001ms cycles≈503
[pim-debug] segment total latency: 0.024 ms
========================================================================================
[pim-debug] segment_key=pim|decode|71|fdf6362e664a0dcb3b710140facc51d5
[pim-debug] sig: device_type=pim phase=decode step=71 (count_hint=1)
[pim-debug] ops_repr: V:0,SV:0,O:1,FFN_W1:0,SwiGLU:0
[pim-debug] cfg: shard_policy='fine' shards=2 dim=4096 ffn_dim=11008 n_heads=32 n_kv_heads=auto->n_heads
[pim-debug] pim_config=/lustre/home/2501111916/workspace/XPUPIM_0226_gpupim_parameter/TriForm/algorithms/aim_simulator/PIM_AiM.json
[pim-debug] ramulator_config=/lustre/home/2501111916/workspace/XPUPIM_0226_gpupim_parameter/TriForm/algorithms/aim_simulator/example.yaml
[pim-debug] cost_model config.PIM_FREQ_GHZ=1.0
[pim-debug] op plan (logical shapes inferred from schedule cfg):
  - op#00  op=V        shard=0   x=[1x4096] + w=[2048x4096]  ->  y=[1x2048]  (T=1, K=968)
  - op#01  op=SV       shard=0   p=[16x1x968] + v=[16x968x128]  ->  y=[16x1x128]  (T=1, K=968)
  - op#02  op=O        shard=1   x=[1x2048] + w=[4096x2048]  ->  y=[1x4096]  (T=1, K=968)
  - op#03  op=FFN_W1   shard=0   x=[1x4096] + w=[5504x4096]  ->  y=[1x5504]  (T=1, K=968)
  - op#04  op=SwiGLU   shard=0   a=[1x5504] + b=[1x5504]  ->  y=[1x5504]  (T=1, K=968)
[pim-debug] NOTE: CENT(AiM) trace backend internally uses x shape (1,1,dim) and handles prefill by repeating ops;
           the table below shows the *effective parameters* passed into cost_model_pim_backend for each op.
[pim-debug] op#00 op=V        norm=v_proj     sh=0  dim=4096  heads=16  hd=128 q_dim=2048  kv_heads=16  kv_dim=2048  o_dim=2048  ffn_dim=5504   seqlen=968    qlen=1   cache=N lat=    0.004ms cycles≈4428
[pim-debug] op#01 op=SV       norm=output     sh=0  dim=4096  heads=16  hd=128 q_dim=2048  kv_heads=16  kv_dim=2048  o_dim=2048  ffn_dim=5504   seqlen=968    qlen=1   cache=N lat=    0.002ms cycles≈2362
[pim-debug] op#02 op=O        norm=wo_proj    sh=1  dim=4096  heads=16  hd=128 q_dim=2048  kv_heads=16  kv_dim=2048  o_dim=2048  ffn_dim=5504   seqlen=968    qlen=1   cache=N lat=    0.004ms cycles≈4062
[pim-debug] op#03 op=FFN_W1   norm=ffn_gate   sh=0  dim=4096  heads=16  hd=128 q_dim=2048  kv_heads=16  kv_dim=2048  o_dim=2048  ffn_dim=5504   seqlen=968    qlen=1   cache=N lat=    0.012ms cycles≈11708
[pim-debug] op#04 op=SwiGLU   norm=silu       sh=0  dim=4096  heads=16  hd=128 q_dim=2048  kv_heads=16  kv_dim=2048  o_dim=2048  ffn_dim=5504   seqlen=968    qlen=1   cache=N lat=    0.001ms cycles≈503
[pim-debug] segment total latency: 0.023 ms
========================================================================================
[pim-debug] segment_key=pim|decode|72|18ae37754a97d1f42b25b2cff77caf3f
[pim-debug] sig: device_type=pim phase=decode step=72 (count_hint=32)
[pim-debug] ops_repr: V:1,SV:1,LN:-1,FFN_W1:1,FFN_W3:1,SwiGLU:1,FFN_W2:0
[pim-debug] cfg: shard_policy='fine' shards=2 dim=4096 ffn_dim=11008 n_heads=32 n_kv_heads=auto->n_heads
[pim-debug] pim_config=/lustre/home/2501111916/workspace/XPUPIM_0226_gpupim_parameter/TriForm/algorithms/aim_simulator/PIM_AiM.json
[pim-debug] ramulator_config=/lustre/home/2501111916/workspace/XPUPIM_0226_gpupim_parameter/TriForm/algorithms/aim_simulator/example.yaml
[pim-debug] cost_model config.PIM_FREQ_GHZ=1.0
[pim-debug] op plan (logical shapes inferred from schedule cfg):
  - op#00  op=V        shard=1   x=[1x4096] + w=[2048x4096]  ->  y=[1x2048]  (T=1, K=980)
  - op#01  op=SV       shard=1   p=[16x1x980] + v=[16x980x128]  ->  y=[16x1x128]  (T=1, K=980)
  - op#02  op=LN       shard=-1  x=[1x4096] + w=[4096]  ->  y=[1x4096]  (T=1, K=980)
  - op#03  op=FFN_W1   shard=1   x=[1x4096] + w=[5504x4096]  ->  y=[1x5504]  (T=1, K=980)
  - op#04  op=FFN_W3   shard=1   x=[1x4096] + w=[5504x4096]  ->  y=[1x5504]  (T=1, K=980)
  - op#05  op=SwiGLU   shard=1   a=[1x5504] + b=[1x5504]  ->  y=[1x5504]  (T=1, K=980)
  - op#06  op=FFN_W2   shard=0   x=[1x5504] + w=[4096x5504]  ->  y=[1x4096]  (T=1, K=980)
[pim-debug] NOTE: CENT(AiM) trace backend internally uses x shape (1,1,dim) and handles prefill by repeating ops;
           the table below shows the *effective parameters* passed into cost_model_pim_backend for each op.
[pim-debug] op#00 op=V        norm=v_proj     sh=1  dim=4096  heads=16  hd=128 q_dim=2048  kv_heads=16  kv_dim=2048  o_dim=2048  ffn_dim=5504   seqlen=980    qlen=1   cache=N lat=    0.004ms cycles≈4428
[pim-debug] op#01 op=SV       norm=output     sh=1  dim=4096  heads=16  hd=128 q_dim=2048  kv_heads=16  kv_dim=2048  o_dim=2048  ffn_dim=5504   seqlen=980    qlen=1   cache=N lat=    0.002ms cycles≈2380
[pim-debug] op#02 op=LN       norm=rmsnorm    sh=-1 dim=4096  heads=32  hd=128 q_dim=4096  kv_heads=32  kv_dim=4096  o_dim=4096  ffn_dim=11008  seqlen=980    qlen=1   cache=N lat=    0.001ms cycles≈1314
[pim-debug] op#03 op=FFN_W1   norm=ffn_gate   sh=1  dim=4096  heads=16  hd=128 q_dim=2048  kv_heads=16  kv_dim=2048  o_dim=2048  ffn_dim=5504   seqlen=980    qlen=1   cache=N lat=    0.012ms cycles≈11708
[pim-debug] op#04 op=FFN_W3   norm=ffn_up     sh=1  dim=4096  heads=16  hd=128 q_dim=2048  kv_heads=16  kv_dim=2048  o_dim=2048  ffn_dim=5504   seqlen=980    qlen=1   cache=N lat=    0.011ms cycles≈10896
[pim-debug] op#05 op=SwiGLU   norm=silu       sh=1  dim=4096  heads=16  hd=128 q_dim=2048  kv_heads=16  kv_dim=2048  o_dim=2048  ffn_dim=5504   seqlen=980    qlen=1   cache=N lat=    0.001ms cycles≈503
[pim-debug] op#06 op=FFN_W2   norm=ffn_down   sh=0  dim=4096  heads=16  hd=128 q_dim=2048  kv_heads=16  kv_dim=2048  o_dim=2048  ffn_dim=5504   seqlen=980    qlen=1   cache=N lat=    0.011ms cycles≈11466
[pim-debug] segment total latency: 0.043 ms
========================================================================================
[pim-debug] segment_key=pim|decode|72|fa8b04eaba988353d76eadc6a01ae0d4
[pim-debug] sig: device_type=pim phase=decode step=72 (count_hint=31)
[pim-debug] ops_repr: LN:-1,V:0,SV:0,O:1,FFN_W1:0,SwiGLU:0
[pim-debug] cfg: shard_policy='fine' shards=2 dim=4096 ffn_dim=11008 n_heads=32 n_kv_heads=auto->n_heads
[pim-debug] pim_config=/lustre/home/2501111916/workspace/XPUPIM_0226_gpupim_parameter/TriForm/algorithms/aim_simulator/PIM_AiM.json
[pim-debug] ramulator_config=/lustre/home/2501111916/workspace/XPUPIM_0226_gpupim_parameter/TriForm/algorithms/aim_simulator/example.yaml
[pim-debug] cost_model config.PIM_FREQ_GHZ=1.0
[pim-debug] op plan (logical shapes inferred from schedule cfg):
  - op#00  op=LN       shard=-1  x=[1x4096] + w=[4096]  ->  y=[1x4096]  (T=1, K=980)
  - op#01  op=V        shard=0   x=[1x4096] + w=[2048x4096]  ->  y=[1x2048]  (T=1, K=980)
  - op#02  op=SV       shard=0   p=[16x1x980] + v=[16x980x128]  ->  y=[16x1x128]  (T=1, K=980)
  - op#03  op=O        shard=1   x=[1x2048] + w=[4096x2048]  ->  y=[1x4096]  (T=1, K=980)
  - op#04  op=FFN_W1   shard=0   x=[1x4096] + w=[5504x4096]  ->  y=[1x5504]  (T=1, K=980)
  - op#05  op=SwiGLU   shard=0   a=[1x5504] + b=[1x5504]  ->  y=[1x5504]  (T=1, K=980)
[pim-debug] NOTE: CENT(AiM) trace backend internally uses x shape (1,1,dim) and handles prefill by repeating ops;
           the table below shows the *effective parameters* passed into cost_model_pim_backend for each op.
[pim-debug] op#00 op=LN       norm=rmsnorm    sh=-1 dim=4096  heads=32  hd=128 q_dim=4096  kv_heads=32  kv_dim=4096  o_dim=4096  ffn_dim=11008  seqlen=980    qlen=1   cache=N lat=    0.001ms cycles≈1314
[pim-debug] op#01 op=V        norm=v_proj     sh=0  dim=4096  heads=16  hd=128 q_dim=2048  kv_heads=16  kv_dim=2048  o_dim=2048  ffn_dim=5504   seqlen=980    qlen=1   cache=N lat=    0.004ms cycles≈4428
[pim-debug] op#02 op=SV       norm=output     sh=0  dim=4096  heads=16  hd=128 q_dim=2048  kv_heads=16  kv_dim=2048  o_dim=2048  ffn_dim=5504   seqlen=980    qlen=1   cache=N lat=    0.002ms cycles≈2380
[pim-debug] op#03 op=O        norm=wo_proj    sh=1  dim=4096  heads=16  hd=128 q_dim=2048  kv_heads=16  kv_dim=2048  o_dim=2048  ffn_dim=5504   seqlen=980    qlen=1   cache=N lat=    0.004ms cycles≈4062
[pim-debug] op#04 op=FFN_W1   norm=ffn_gate   sh=0  dim=4096  heads=16  hd=128 q_dim=2048  kv_heads=16  kv_dim=2048  o_dim=2048  ffn_dim=5504   seqlen=980    qlen=1   cache=N lat=    0.012ms cycles≈11708
[pim-debug] op#05 op=SwiGLU   norm=silu       sh=0  dim=4096  heads=16  hd=128 q_dim=2048  kv_heads=16  kv_dim=2048  o_dim=2048  ffn_dim=5504   seqlen=980    qlen=1   cache=N lat=    0.001ms cycles≈503
[pim-debug] segment total latency: 0.024 ms
========================================================================================
[pim-debug] segment_key=pim|decode|72|fdf6362e664a0dcb3b710140facc51d5
[pim-debug] sig: device_type=pim phase=decode step=72 (count_hint=1)
[pim-debug] ops_repr: V:0,SV:0,O:1,FFN_W1:0,SwiGLU:0
[pim-debug] cfg: shard_policy='fine' shards=2 dim=4096 ffn_dim=11008 n_heads=32 n_kv_heads=auto->n_heads
[pim-debug] pim_config=/lustre/home/2501111916/workspace/XPUPIM_0226_gpupim_parameter/TriForm/algorithms/aim_simulator/PIM_AiM.json
[pim-debug] ramulator_config=/lustre/home/2501111916/workspace/XPUPIM_0226_gpupim_parameter/TriForm/algorithms/aim_simulator/example.yaml
[pim-debug] cost_model config.PIM_FREQ_GHZ=1.0
[pim-debug] op plan (logical shapes inferred from schedule cfg):
  - op#00  op=V        shard=0   x=[1x4096] + w=[2048x4096]  ->  y=[1x2048]  (T=1, K=980)
  - op#01  op=SV       shard=0   p=[16x1x980] + v=[16x980x128]  ->  y=[16x1x128]  (T=1, K=980)
  - op#02  op=O        shard=1   x=[1x2048] + w=[4096x2048]  ->  y=[1x4096]  (T=1, K=980)
  - op#03  op=FFN_W1   shard=0   x=[1x4096] + w=[5504x4096]  ->  y=[1x5504]  (T=1, K=980)
  - op#04  op=SwiGLU   shard=0   a=[1x5504] + b=[1x5504]  ->  y=[1x5504]  (T=1, K=980)
[pim-debug] NOTE: CENT(AiM) trace backend internally uses x shape (1,1,dim) and handles prefill by repeating ops;
           the table below shows the *effective parameters* passed into cost_model_pim_backend for each op.
[pim-debug] op#00 op=V        norm=v_proj     sh=0  dim=4096  heads=16  hd=128 q_dim=2048  kv_heads=16  kv_dim=2048  o_dim=2048  ffn_dim=5504   seqlen=980    qlen=1   cache=N lat=    0.004ms cycles≈4428
[pim-debug] op#01 op=SV       norm=output     sh=0  dim=4096  heads=16  hd=128 q_dim=2048  kv_heads=16  kv_dim=2048  o_dim=2048  ffn_dim=5504   seqlen=980    qlen=1   cache=N lat=    0.002ms cycles≈2380
[pim-debug] op#02 op=O        norm=wo_proj    sh=1  dim=4096  heads=16  hd=128 q_dim=2048  kv_heads=16  kv_dim=2048  o_dim=2048  ffn_dim=5504   seqlen=980    qlen=1   cache=N lat=    0.004ms cycles≈4062
[pim-debug] op#03 op=FFN_W1   norm=ffn_gate   sh=0  dim=4096  heads=16  hd=128 q_dim=2048  kv_heads=16  kv_dim=2048  o_dim=2048  ffn_dim=5504   seqlen=980    qlen=1   cache=N lat=    0.012ms cycles≈11708
[pim-debug] op#04 op=SwiGLU   norm=silu       sh=0  dim=4096  heads=16  hd=128 q_dim=2048  kv_heads=16  kv_dim=2048  o_dim=2048  ffn_dim=5504   seqlen=980    qlen=1   cache=N lat=    0.001ms cycles≈503
[pim-debug] segment total latency: 0.023 ms
========================================================================================
[pim-debug] segment_key=pim|decode|73|18ae37754a97d1f42b25b2cff77caf3f
[pim-debug] sig: device_type=pim phase=decode step=73 (count_hint=32)
[pim-debug] ops_repr: V:1,SV:1,LN:-1,FFN_W1:1,FFN_W3:1,SwiGLU:1,FFN_W2:0
[pim-debug] cfg: shard_policy='fine' shards=2 dim=4096 ffn_dim=11008 n_heads=32 n_kv_heads=auto->n_heads
[pim-debug] pim_config=/lustre/home/2501111916/workspace/XPUPIM_0226_gpupim_parameter/TriForm/algorithms/aim_simulator/PIM_AiM.json
[pim-debug] ramulator_config=/lustre/home/2501111916/workspace/XPUPIM_0226_gpupim_parameter/TriForm/algorithms/aim_simulator/example.yaml
[pim-debug] cost_model config.PIM_FREQ_GHZ=1.0
[pim-debug] op plan (logical shapes inferred from schedule cfg):
  - op#00  op=V        shard=1   x=[1x4096] + w=[2048x4096]  ->  y=[1x2048]  (T=1, K=992)
  - op#01  op=SV       shard=1   p=[16x1x992] + v=[16x992x128]  ->  y=[16x1x128]  (T=1, K=992)
  - op#02  op=LN       shard=-1  x=[1x4096] + w=[4096]  ->  y=[1x4096]  (T=1, K=992)
  - op#03  op=FFN_W1   shard=1   x=[1x4096] + w=[5504x4096]  ->  y=[1x5504]  (T=1, K=992)
  - op#04  op=FFN_W3   shard=1   x=[1x4096] + w=[5504x4096]  ->  y=[1x5504]  (T=1, K=992)
  - op#05  op=SwiGLU   shard=1   a=[1x5504] + b=[1x5504]  ->  y=[1x5504]  (T=1, K=992)
  - op#06  op=FFN_W2   shard=0   x=[1x5504] + w=[4096x5504]  ->  y=[1x4096]  (T=1, K=992)
[pim-debug] NOTE: CENT(AiM) trace backend internally uses x shape (1,1,dim) and handles prefill by repeating ops;
           the table below shows the *effective parameters* passed into cost_model_pim_backend for each op.
[pim-debug] op#00 op=V        norm=v_proj     sh=1  dim=4096  heads=16  hd=128 q_dim=2048  kv_heads=16  kv_dim=2048  o_dim=2048  ffn_dim=5504   seqlen=992    qlen=1   cache=N lat=    0.004ms cycles≈4428
[pim-debug] op#01 op=SV       norm=output     sh=1  dim=4096  heads=16  hd=128 q_dim=2048  kv_heads=16  kv_dim=2048  o_dim=2048  ffn_dim=5504   seqlen=992    qlen=1   cache=N lat=    0.002ms cycles≈2380
[pim-debug] op#02 op=LN       norm=rmsnorm    sh=-1 dim=4096  heads=32  hd=128 q_dim=4096  kv_heads=32  kv_dim=4096  o_dim=4096  ffn_dim=11008  seqlen=992    qlen=1   cache=N lat=    0.001ms cycles≈1314
[pim-debug] op#03 op=FFN_W1   norm=ffn_gate   sh=1  dim=4096  heads=16  hd=128 q_dim=2048  kv_heads=16  kv_dim=2048  o_dim=2048  ffn_dim=5504   seqlen=992    qlen=1   cache=N lat=    0.012ms cycles≈11708
[pim-debug] op#04 op=FFN_W3   norm=ffn_up     sh=1  dim=4096  heads=16  hd=128 q_dim=2048  kv_heads=16  kv_dim=2048  o_dim=2048  ffn_dim=5504   seqlen=992    qlen=1   cache=N lat=    0.011ms cycles≈10896
[pim-debug] op#05 op=SwiGLU   norm=silu       sh=1  dim=4096  heads=16  hd=128 q_dim=2048  kv_heads=16  kv_dim=2048  o_dim=2048  ffn_dim=5504   seqlen=992    qlen=1   cache=N lat=    0.001ms cycles≈503
[pim-debug] op#06 op=FFN_W2   norm=ffn_down   sh=0  dim=4096  heads=16  hd=128 q_dim=2048  kv_heads=16  kv_dim=2048  o_dim=2048  ffn_dim=5504   seqlen=992    qlen=1   cache=N lat=    0.011ms cycles≈11466
[pim-debug] segment total latency: 0.043 ms
========================================================================================
[pim-debug] segment_key=pim|decode|73|fa8b04eaba988353d76eadc6a01ae0d4
[pim-debug] sig: device_type=pim phase=decode step=73 (count_hint=31)
[pim-debug] ops_repr: LN:-1,V:0,SV:0,O:1,FFN_W1:0,SwiGLU:0
[pim-debug] cfg: shard_policy='fine' shards=2 dim=4096 ffn_dim=11008 n_heads=32 n_kv_heads=auto->n_heads
[pim-debug] pim_config=/lustre/home/2501111916/workspace/XPUPIM_0226_gpupim_parameter/TriForm/algorithms/aim_simulator/PIM_AiM.json
[pim-debug] ramulator_config=/lustre/home/2501111916/workspace/XPUPIM_0226_gpupim_parameter/TriForm/algorithms/aim_simulator/example.yaml
[pim-debug] cost_model config.PIM_FREQ_GHZ=1.0
[pim-debug] op plan (logical shapes inferred from schedule cfg):
  - op#00  op=LN       shard=-1  x=[1x4096] + w=[4096]  ->  y=[1x4096]  (T=1, K=992)
  - op#01  op=V        shard=0   x=[1x4096] + w=[2048x4096]  ->  y=[1x2048]  (T=1, K=992)
  - op#02  op=SV       shard=0   p=[16x1x992] + v=[16x992x128]  ->  y=[16x1x128]  (T=1, K=992)
  - op#03  op=O        shard=1   x=[1x2048] + w=[4096x2048]  ->  y=[1x4096]  (T=1, K=992)
  - op#04  op=FFN_W1   shard=0   x=[1x4096] + w=[5504x4096]  ->  y=[1x5504]  (T=1, K=992)
  - op#05  op=SwiGLU   shard=0   a=[1x5504] + b=[1x5504]  ->  y=[1x5504]  (T=1, K=992)
[pim-debug] NOTE: CENT(AiM) trace backend internally uses x shape (1,1,dim) and handles prefill by repeating ops;
           the table below shows the *effective parameters* passed into cost_model_pim_backend for each op.
[pim-debug] op#00 op=LN       norm=rmsnorm    sh=-1 dim=4096  heads=32  hd=128 q_dim=4096  kv_heads=32  kv_dim=4096  o_dim=4096  ffn_dim=11008  seqlen=992    qlen=1   cache=N lat=    0.001ms cycles≈1314
[pim-debug] op#01 op=V        norm=v_proj     sh=0  dim=4096  heads=16  hd=128 q_dim=2048  kv_heads=16  kv_dim=2048  o_dim=2048  ffn_dim=5504   seqlen=992    qlen=1   cache=N lat=    0.004ms cycles≈4428
[pim-debug] op#02 op=SV       norm=output     sh=0  dim=4096  heads=16  hd=128 q_dim=2048  kv_heads=16  kv_dim=2048  o_dim=2048  ffn_dim=5504   seqlen=992    qlen=1   cache=N lat=    0.002ms cycles≈2380
[pim-debug] op#03 op=O        norm=wo_proj    sh=1  dim=4096  heads=16  hd=128 q_dim=2048  kv_heads=16  kv_dim=2048  o_dim=2048  ffn_dim=5504   seqlen=992    qlen=1   cache=N lat=    0.004ms cycles≈4062
[pim-debug] op#04 op=FFN_W1   norm=ffn_gate   sh=0  dim=4096  heads=16  hd=128 q_dim=2048  kv_heads=16  kv_dim=2048  o_dim=2048  ffn_dim=5504   seqlen=992    qlen=1   cache=N lat=    0.012ms cycles≈11708
[pim-debug] op#05 op=SwiGLU   norm=silu       sh=0  dim=4096  heads=16  hd=128 q_dim=2048  kv_heads=16  kv_dim=2048  o_dim=2048  ffn_dim=5504   seqlen=992    qlen=1   cache=N lat=    0.001ms cycles≈503
[pim-debug] segment total latency: 0.024 ms
========================================================================================
[pim-debug] segment_key=pim|decode|73|fdf6362e664a0dcb3b710140facc51d5
[pim-debug] sig: device_type=pim phase=decode step=73 (count_hint=1)
[pim-debug] ops_repr: V:0,SV:0,O:1,FFN_W1:0,SwiGLU:0
[pim-debug] cfg: shard_policy='fine' shards=2 dim=4096 ffn_dim=11008 n_heads=32 n_kv_heads=auto->n_heads
[pim-debug] pim_config=/lustre/home/2501111916/workspace/XPUPIM_0226_gpupim_parameter/TriForm/algorithms/aim_simulator/PIM_AiM.json
[pim-debug] ramulator_config=/lustre/home/2501111916/workspace/XPUPIM_0226_gpupim_parameter/TriForm/algorithms/aim_simulator/example.yaml
[pim-debug] cost_model config.PIM_FREQ_GHZ=1.0
[pim-debug] op plan (logical shapes inferred from schedule cfg):
  - op#00  op=V        shard=0   x=[1x4096] + w=[2048x4096]  ->  y=[1x2048]  (T=1, K=992)
  - op#01  op=SV       shard=0   p=[16x1x992] + v=[16x992x128]  ->  y=[16x1x128]  (T=1, K=992)
  - op#02  op=O        shard=1   x=[1x2048] + w=[4096x2048]  ->  y=[1x4096]  (T=1, K=992)
  - op#03  op=FFN_W1   shard=0   x=[1x4096] + w=[5504x4096]  ->  y=[1x5504]  (T=1, K=992)
  - op#04  op=SwiGLU   shard=0   a=[1x5504] + b=[1x5504]  ->  y=[1x5504]  (T=1, K=992)
[pim-debug] NOTE: CENT(AiM) trace backend internally uses x shape (1,1,dim) and handles prefill by repeating ops;
           the table below shows the *effective parameters* passed into cost_model_pim_backend for each op.
[pim-debug] op#00 op=V        norm=v_proj     sh=0  dim=4096  heads=16  hd=128 q_dim=2048  kv_heads=16  kv_dim=2048  o_dim=2048  ffn_dim=5504   seqlen=992    qlen=1   cache=N lat=    0.004ms cycles≈4428
[pim-debug] op#01 op=SV       norm=output     sh=0  dim=4096  heads=16  hd=128 q_dim=2048  kv_heads=16  kv_dim=2048  o_dim=2048  ffn_dim=5504   seqlen=992    qlen=1   cache=N lat=    0.002ms cycles≈2380
[pim-debug] op#02 op=O        norm=wo_proj    sh=1  dim=4096  heads=16  hd=128 q_dim=2048  kv_heads=16  kv_dim=2048  o_dim=2048  ffn_dim=5504   seqlen=992    qlen=1   cache=N lat=    0.004ms cycles≈4062
[pim-debug] op#03 op=FFN_W1   norm=ffn_gate   sh=0  dim=4096  heads=16  hd=128 q_dim=2048  kv_heads=16  kv_dim=2048  o_dim=2048  ffn_dim=5504   seqlen=992    qlen=1   cache=N lat=    0.012ms cycles≈11708
[pim-debug] op#04 op=SwiGLU   norm=silu       sh=0  dim=4096  heads=16  hd=128 q_dim=2048  kv_heads=16  kv_dim=2048  o_dim=2048  ffn_dim=5504   seqlen=992    qlen=1   cache=N lat=    0.001ms cycles≈503
[pim-debug] segment total latency: 0.023 ms
========================================================================================
[pim-debug] segment_key=pim|decode|74|18ae37754a97d1f42b25b2cff77caf3f
[pim-debug] sig: device_type=pim phase=decode step=74 (count_hint=32)
[pim-debug] ops_repr: V:1,SV:1,LN:-1,FFN_W1:1,FFN_W3:1,SwiGLU:1,FFN_W2:0
[pim-debug] cfg: shard_policy='fine' shards=2 dim=4096 ffn_dim=11008 n_heads=32 n_kv_heads=auto->n_heads
[pim-debug] pim_config=/lustre/home/2501111916/workspace/XPUPIM_0226_gpupim_parameter/TriForm/algorithms/aim_simulator/PIM_AiM.json
[pim-debug] ramulator_config=/lustre/home/2501111916/workspace/XPUPIM_0226_gpupim_parameter/TriForm/algorithms/aim_simulator/example.yaml
[pim-debug] cost_model config.PIM_FREQ_GHZ=1.0
[pim-debug] op plan (logical shapes inferred from schedule cfg):
  - op#00  op=V        shard=1   x=[1x4096] + w=[2048x4096]  ->  y=[1x2048]  (T=1, K=1004)
  - op#01  op=SV       shard=1   p=[16x1x1004] + v=[16x1004x128]  ->  y=[16x1x128]  (T=1, K=1004)
  - op#02  op=LN       shard=-1  x=[1x4096] + w=[4096]  ->  y=[1x4096]  (T=1, K=1004)
  - op#03  op=FFN_W1   shard=1   x=[1x4096] + w=[5504x4096]  ->  y=[1x5504]  (T=1, K=1004)
  - op#04  op=FFN_W3   shard=1   x=[1x4096] + w=[5504x4096]  ->  y=[1x5504]  (T=1, K=1004)
  - op#05  op=SwiGLU   shard=1   a=[1x5504] + b=[1x5504]  ->  y=[1x5504]  (T=1, K=1004)
  - op#06  op=FFN_W2   shard=0   x=[1x5504] + w=[4096x5504]  ->  y=[1x4096]  (T=1, K=1004)
[pim-debug] NOTE: CENT(AiM) trace backend internally uses x shape (1,1,dim) and handles prefill by repeating ops;
           the table below shows the *effective parameters* passed into cost_model_pim_backend for each op.
