[run-gpu] tasks=202 warmup=3 iters=10 device=cuda dtype=bf16 segment_scope=layer
[run-gpu] GPU[0] NVIDIA A100-PCIE-40GB; SM=108, CC=8.0
[run-gpu] nvidia-smi -L: GPU 0: NVIDIA A100-PCIE-40GB (UUID: GPU-dcf9eaa8-029f-0dfe-2aa7-d495c596ffa7)
[run-gpu] nvidia-smi query: NVIDIA A100-PCIE-40GB, GPU-dcf9eaa8-029f-0dfe-2aa7-d495c596ffa7, 560.35.03, 40960
[run-gpu][debug] torch_default_dtype=torch.float32
[run-gpu][debug] torch.backends.cuda.matmul.allow_tf32=False
[run-gpu][debug] cudnn.enabled=True benchmark=False deterministic=False allow_tf32=True
[run-gpu][debug] nvidia-smi snapshot: 0, 0, 0, 4, 40960, 32, 34.63, 250.00
========================================================================================
[gpu-debug] segment_key=npu|decode|0|48322b0ab0207f84448cb08e6eac5594
[gpu-debug] sig: device_type=npu phase=decode step=0 (count_hint=32)
[gpu-debug] ops_repr: LN:-1,QK:0,QK:1,Softmax:0,Softmax:1,SV:0,SV:1,Add:-1,LN:-1,SwiGLU:0,SwiGLU:1,Add:-1
[gpu-debug] cfg: device=cuda dtype=torch.bfloat16 dim=4096 ffn_dim=11008 n_heads=32 shards=2
[gpu-debug] op plan (with inferred tensor shapes):
  - op#00  op=LN       shard=-1  x=[1x4096] + w=[4096]  ->  y=[1x4096]  (T=1, K=263)
  - op#01  op=QK       shard=0   q=[16x1x128] + k=[16x128x263]  ->  y=[16x1x263]  (T=1, K=263)
  - op#02  op=QK       shard=1   q=[16x1x128] + k=[16x128x263]  ->  y=[16x1x263]  (T=1, K=263)
  - op#03  op=Softmax  shard=0   scores=[16x1x263]  ->  y=[16x1x263]  (T=1, K=263)
  - op#04  op=Softmax  shard=1   scores=[16x1x263]  ->  y=[16x1x263]  (T=1, K=263)
  - op#05  op=SV       shard=0   p=[16x1x263] + v=[16x263x128]  ->  y=[16x1x128]  (T=1, K=263)
  - op#06  op=SV       shard=1   p=[16x1x263] + v=[16x263x128]  ->  y=[16x1x128]  (T=1, K=263)
  - op#07  op=Add      shard=-1  a=[1x4096] + b=[1x4096]  ->  y=[1x4096]  (T=1, K=263)
  - op#08  op=LN       shard=-1  x=[1x4096] + w=[4096]  ->  y=[1x4096]  (T=1, K=263)
  - op#09  op=SwiGLU   shard=0   a=[1x5504] + b=[1x5504]  ->  y=[1x5504]  (T=1, K=263)
  - op#10  op=SwiGLU   shard=1   a=[1x5504] + b=[1x5504]  ->  y=[1x5504]  (T=1, K=263)
  - op#11  op=Add      shard=-1  a=[1x4096] + b=[1x4096]  ->  y=[1x4096]  (T=1, K=263)
[gpu-debug] per-op timing breakdown (avg over iters):
  idx  op       sh  io                                                    time   est_flops    TFLOPs       bytes      GB/s
  ------------------------------------------------------------------------------------------------------------------------
    0  LN       -1  x[1x4096]+w[4096]->y[1x4096]                        0.066ms    20.480 K      0.00   24.00 KiB      0.37
    1  QK        0  q[16x1x128]+k[16x128x263]->y[16x1x263]              0.054ms     1.077 M      0.02    1.04 MiB     20.19
    2  QK        1  q[16x1x128]+k[16x128x263]->y[16x1x263]              0.042ms     1.077 M      0.03    1.04 MiB     25.64
    3  Softmax   0  scores[16x1x263]->y[16x1x263]                       0.019ms    21.040 K      0.00   16.44 KiB      0.87
    4  Softmax   1  scores[16x1x263]->y[16x1x263]                       0.016ms    21.040 K      0.00   16.44 KiB      1.07
    5  SV        0  p[16x1x263]+v[16x263x128]->y[16x1x128]              0.030ms     1.077 M      0.04    1.04 MiB     36.32
    6  SV        1  p[16x1x263]+v[16x263x128]->y[16x1x128]              0.027ms     1.077 M      0.04    1.04 MiB     39.86
    7  Add      -1  a[1x4096]+b[1x4096]->y[1x4096]                      0.018ms     4.096 K      0.00   24.00 KiB      1.34
    8  LN       -1  x[1x4096]+w[4096]->y[1x4096]                        0.065ms    20.480 K      0.00   24.00 KiB      0.38
    9  SwiGLU    0  a[1x5504]+b[1x5504]->y[1x5504]                      0.025ms    33.024 K      0.00   32.25 KiB      1.33
   10  SwiGLU    1  a[1x5504]+b[1x5504]->y[1x5504]                      0.022ms    33.024 K      0.00   32.25 KiB      1.51
   11  Add      -1  a[1x4096]+b[1x4096]->y[1x4096]                      0.016ms     4.096 K      0.00   24.00 KiB      1.58
[gpu-debug] segment avg latency (cuda_events): 0.267 ms
[gpu-debug] sum(per-op)               : 0.400 ms (ratio=1.497)
[gpu-debug] NOTE: sum(per-op) may differ from segment latency due to Python overhead, event/launch overhead, and allocator/cache effects.
[gpu-debug] cuda mem before warmup: alloc=0 B reserved=0 B
[gpu-debug] cuda mem after warmup : alloc=10.22 MiB reserved=22.00 MiB
[gpu-debug] cuda mem peak (this segment): max_alloc=10.24 MiB max_reserved=22.00 MiB
========================================================================================
[gpu-debug] segment_key=npu|decode|100|48322b0ab0207f84448cb08e6eac5594
[gpu-debug] sig: device_type=npu phase=decode step=100 (count_hint=32)
[gpu-debug] ops_repr: LN:-1,QK:0,QK:1,Softmax:0,Softmax:1,SV:0,SV:1,Add:-1,LN:-1,SwiGLU:0,SwiGLU:1,Add:-1
[gpu-debug] cfg: device=cuda dtype=torch.bfloat16 dim=4096 ffn_dim=11008 n_heads=32 shards=2
[gpu-debug] op plan (with inferred tensor shapes):
  - op#00  op=LN       shard=-1  x=[1x4096] + w=[4096]  ->  y=[1x4096]  (T=1, K=1450)
  - op#01  op=QK       shard=0   q=[16x1x128] + k=[16x128x1450]  ->  y=[16x1x1450]  (T=1, K=1450)
  - op#02  op=QK       shard=1   q=[16x1x128] + k=[16x128x1450]  ->  y=[16x1x1450]  (T=1, K=1450)
  - op#03  op=Softmax  shard=0   scores=[16x1x1450]  ->  y=[16x1x1450]  (T=1, K=1450)
  - op#04  op=Softmax  shard=1   scores=[16x1x1450]  ->  y=[16x1x1450]  (T=1, K=1450)
  - op#05  op=SV       shard=0   p=[16x1x1450] + v=[16x1450x128]  ->  y=[16x1x128]  (T=1, K=1450)
  - op#06  op=SV       shard=1   p=[16x1x1450] + v=[16x1450x128]  ->  y=[16x1x128]  (T=1, K=1450)
  - op#07  op=Add      shard=-1  a=[1x4096] + b=[1x4096]  ->  y=[1x4096]  (T=1, K=1450)
  - op#08  op=LN       shard=-1  x=[1x4096] + w=[4096]  ->  y=[1x4096]  (T=1, K=1450)
  - op#09  op=SwiGLU   shard=0   a=[1x5504] + b=[1x5504]  ->  y=[1x5504]  (T=1, K=1450)
  - op#10  op=SwiGLU   shard=1   a=[1x5504] + b=[1x5504]  ->  y=[1x5504]  (T=1, K=1450)
  - op#11  op=Add      shard=-1  a=[1x4096] + b=[1x4096]  ->  y=[1x4096]  (T=1, K=1450)
[gpu-debug] per-op timing breakdown (avg over iters):
  idx  op       sh  io                                                    time   est_flops    TFLOPs       bytes      GB/s
  ------------------------------------------------------------------------------------------------------------------------
    0  LN       -1  x[1x4096]+w[4096]->y[1x4096]                        0.063ms    20.480 K      0.00   24.00 KiB      0.39
    1  QK        0  q[16x1x128]+k[16x128x1450]->y[16x1x1450]            0.051ms     5.939 M      0.12    5.71 MiB    118.41
    2  QK        1  q[16x1x128]+k[16x128x1450]->y[16x1x1450]            0.046ms     5.939 M      0.13    5.71 MiB    129.98
    3  Softmax   0  scores[16x1x1450]->y[16x1x1450]                     0.025ms   116.000 K      0.00   90.62 KiB      3.64
    4  Softmax   1  scores[16x1x1450]->y[16x1x1450]                     0.019ms   116.000 K      0.01   90.62 KiB      4.79
    5  SV        0  p[16x1x1450]+v[16x1450x128]->y[16x1x128]            0.033ms     5.939 M      0.18    5.71 MiB    181.66
    6  SV        1  p[16x1x1450]+v[16x1450x128]->y[16x1x128]            0.031ms     5.939 M      0.19    5.71 MiB    191.78
    7  Add      -1  a[1x4096]+b[1x4096]->y[1x4096]                      0.012ms     4.096 K      0.00   24.00 KiB      2.05
    8  LN       -1  x[1x4096]+w[4096]->y[1x4096]                        0.065ms    20.480 K      0.00   24.00 KiB      0.38
    9  SwiGLU    0  a[1x5504]+b[1x5504]->y[1x5504]                      0.025ms    33.024 K      0.00   32.25 KiB      1.34
   10  SwiGLU    1  a[1x5504]+b[1x5504]->y[1x5504]                      0.021ms    33.024 K      0.00   32.25 KiB      1.54
   11  Add      -1  a[1x4096]+b[1x4096]->y[1x4096]                      0.016ms     4.096 K      0.00   24.00 KiB      1.58
[gpu-debug] segment avg latency (cuda_events): 0.259 ms
[gpu-debug] sum(per-op)               : 0.407 ms (ratio=1.575)
[gpu-debug] NOTE: sum(per-op) may differ from segment latency due to Python overhead, event/launch overhead, and allocator/cache effects.
[gpu-debug] cuda mem before warmup: alloc=10.22 MiB reserved=22.00 MiB
[gpu-debug] cuda mem after warmup : alloc=21.59 MiB reserved=42.00 MiB
[gpu-debug] cuda mem peak (this segment): max_alloc=21.68 MiB max_reserved=42.00 MiB
========================================================================================
[gpu-debug] segment_key=npu|decode|101|48322b0ab0207f84448cb08e6eac5594
[gpu-debug] sig: device_type=npu phase=decode step=101 (count_hint=32)
[gpu-debug] ops_repr: LN:-1,QK:0,QK:1,Softmax:0,Softmax:1,SV:0,SV:1,Add:-1,LN:-1,SwiGLU:0,SwiGLU:1,Add:-1
[gpu-debug] cfg: device=cuda dtype=torch.bfloat16 dim=4096 ffn_dim=11008 n_heads=32 shards=2
[gpu-debug] op plan (with inferred tensor shapes):
  - op#00  op=LN       shard=-1  x=[1x4096] + w=[4096]  ->  y=[1x4096]  (T=1, K=1462)
  - op#01  op=QK       shard=0   q=[16x1x128] + k=[16x128x1462]  ->  y=[16x1x1462]  (T=1, K=1462)
  - op#02  op=QK       shard=1   q=[16x1x128] + k=[16x128x1462]  ->  y=[16x1x1462]  (T=1, K=1462)
  - op#03  op=Softmax  shard=0   scores=[16x1x1462]  ->  y=[16x1x1462]  (T=1, K=1462)
  - op#04  op=Softmax  shard=1   scores=[16x1x1462]  ->  y=[16x1x1462]  (T=1, K=1462)
  - op#05  op=SV       shard=0   p=[16x1x1462] + v=[16x1462x128]  ->  y=[16x1x128]  (T=1, K=1462)
  - op#06  op=SV       shard=1   p=[16x1x1462] + v=[16x1462x128]  ->  y=[16x1x128]  (T=1, K=1462)
  - op#07  op=Add      shard=-1  a=[1x4096] + b=[1x4096]  ->  y=[1x4096]  (T=1, K=1462)
  - op#08  op=LN       shard=-1  x=[1x4096] + w=[4096]  ->  y=[1x4096]  (T=1, K=1462)
  - op#09  op=SwiGLU   shard=0   a=[1x5504] + b=[1x5504]  ->  y=[1x5504]  (T=1, K=1462)
  - op#10  op=SwiGLU   shard=1   a=[1x5504] + b=[1x5504]  ->  y=[1x5504]  (T=1, K=1462)
  - op#11  op=Add      shard=-1  a=[1x4096] + b=[1x4096]  ->  y=[1x4096]  (T=1, K=1462)
[gpu-debug] per-op timing breakdown (avg over iters):
  idx  op       sh  io                                                    time   est_flops    TFLOPs       bytes      GB/s
  ------------------------------------------------------------------------------------------------------------------------
    0  LN       -1  x[1x4096]+w[4096]->y[1x4096]                        0.066ms    20.480 K      0.00   24.00 KiB      0.37
    1  QK        0  q[16x1x128]+k[16x128x1462]->y[16x1x1462]            0.051ms     5.988 M      0.12    5.76 MiB    117.48
    2  QK        1  q[16x1x128]+k[16x128x1462]->y[16x1x1462]            0.042ms     5.988 M      0.14    5.76 MiB    143.85
    3  Softmax   0  scores[16x1x1462]->y[16x1x1462]                     0.026ms   116.960 K      0.00   91.38 KiB      3.66
    4  Softmax   1  scores[16x1x1462]->y[16x1x1462]                     0.019ms   116.960 K      0.01   91.38 KiB      4.86
    5  SV        0  p[16x1x1462]+v[16x1462x128]->y[16x1x128]            0.033ms     5.988 M      0.18    5.76 MiB    184.88
    6  SV        1  p[16x1x1462]+v[16x1462x128]->y[16x1x128]            0.032ms     5.988 M      0.19    5.76 MiB    190.86
    7  Add      -1  a[1x4096]+b[1x4096]->y[1x4096]                      0.011ms     4.096 K      0.00   24.00 KiB      2.14
    8  LN       -1  x[1x4096]+w[4096]->y[1x4096]                        0.064ms    20.480 K      0.00   24.00 KiB      0.38
    9  SwiGLU    0  a[1x5504]+b[1x5504]->y[1x5504]                      0.024ms    33.024 K      0.00   32.25 KiB      1.36
   10  SwiGLU    1  a[1x5504]+b[1x5504]->y[1x5504]                      0.021ms    33.024 K      0.00   32.25 KiB      1.54
   11  Add      -1  a[1x4096]+b[1x4096]->y[1x4096]                      0.016ms     4.096 K      0.00   24.00 KiB      1.56
[gpu-debug] segment avg latency (cuda_events): 0.257 ms
[gpu-debug] sum(per-op)               : 0.406 ms (ratio=1.577)
[gpu-debug] NOTE: sum(per-op) may differ from segment latency due to Python overhead, event/launch overhead, and allocator/cache effects.
[gpu-debug] cuda mem before warmup: alloc=21.59 MiB reserved=42.00 MiB
[gpu-debug] cuda mem after warmup : alloc=33.06 MiB reserved=42.00 MiB
[gpu-debug] cuda mem peak (this segment): max_alloc=33.15 MiB max_reserved=42.00 MiB
========================================================================================
[gpu-debug] segment_key=npu|decode|102|48322b0ab0207f84448cb08e6eac5594
[gpu-debug] sig: device_type=npu phase=decode step=102 (count_hint=32)
[gpu-debug] ops_repr: LN:-1,QK:0,QK:1,Softmax:0,Softmax:1,SV:0,SV:1,Add:-1,LN:-1,SwiGLU:0,SwiGLU:1,Add:-1
[gpu-debug] cfg: device=cuda dtype=torch.bfloat16 dim=4096 ffn_dim=11008 n_heads=32 shards=2
[gpu-debug] op plan (with inferred tensor shapes):
  - op#00  op=LN       shard=-1  x=[1x4096] + w=[4096]  ->  y=[1x4096]  (T=1, K=1474)
  - op#01  op=QK       shard=0   q=[16x1x128] + k=[16x128x1474]  ->  y=[16x1x1474]  (T=1, K=1474)
  - op#02  op=QK       shard=1   q=[16x1x128] + k=[16x128x1474]  ->  y=[16x1x1474]  (T=1, K=1474)
  - op#03  op=Softmax  shard=0   scores=[16x1x1474]  ->  y=[16x1x1474]  (T=1, K=1474)
  - op#04  op=Softmax  shard=1   scores=[16x1x1474]  ->  y=[16x1x1474]  (T=1, K=1474)
  - op#05  op=SV       shard=0   p=[16x1x1474] + v=[16x1474x128]  ->  y=[16x1x128]  (T=1, K=1474)
  - op#06  op=SV       shard=1   p=[16x1x1474] + v=[16x1474x128]  ->  y=[16x1x128]  (T=1, K=1474)
  - op#07  op=Add      shard=-1  a=[1x4096] + b=[1x4096]  ->  y=[1x4096]  (T=1, K=1474)
  - op#08  op=LN       shard=-1  x=[1x4096] + w=[4096]  ->  y=[1x4096]  (T=1, K=1474)
  - op#09  op=SwiGLU   shard=0   a=[1x5504] + b=[1x5504]  ->  y=[1x5504]  (T=1, K=1474)
  - op#10  op=SwiGLU   shard=1   a=[1x5504] + b=[1x5504]  ->  y=[1x5504]  (T=1, K=1474)
  - op#11  op=Add      shard=-1  a=[1x4096] + b=[1x4096]  ->  y=[1x4096]  (T=1, K=1474)
[gpu-debug] per-op timing breakdown (avg over iters):
  idx  op       sh  io                                                    time   est_flops    TFLOPs       bytes      GB/s
  ------------------------------------------------------------------------------------------------------------------------
    0  LN       -1  x[1x4096]+w[4096]->y[1x4096]                        0.063ms    20.480 K      0.00   24.00 KiB      0.39
    1  QK        0  q[16x1x128]+k[16x128x1474]->y[16x1x1474]            0.052ms     6.038 M      0.12    5.81 MiB    117.74
    2  QK        1  q[16x1x128]+k[16x128x1474]->y[16x1x1474]            0.042ms     6.038 M      0.15    5.81 MiB    146.45
    3  Softmax   0  scores[16x1x1474]->y[16x1x1474]                     0.026ms   117.920 K      0.00   92.12 KiB      3.66
    4  Softmax   1  scores[16x1x1474]->y[16x1x1474]                     0.020ms   117.920 K      0.01   92.12 KiB      4.80
    5  SV        0  p[16x1x1474]+v[16x1474x128]->y[16x1x128]            0.032ms     6.038 M      0.19    5.81 MiB    193.05
    6  SV        1  p[16x1x1474]+v[16x1474x128]->y[16x1x128]            0.034ms     6.038 M      0.18    5.81 MiB    180.18
    7  Add      -1  a[1x4096]+b[1x4096]->y[1x4096]                      0.012ms     4.096 K      0.00   24.00 KiB      1.98
    8  LN       -1  x[1x4096]+w[4096]->y[1x4096]                        0.064ms    20.480 K      0.00   24.00 KiB      0.38
    9  SwiGLU    0  a[1x5504]+b[1x5504]->y[1x5504]                      0.024ms    33.024 K      0.00   32.25 KiB      1.36
   10  SwiGLU    1  a[1x5504]+b[1x5504]->y[1x5504]                      0.022ms    33.024 K      0.00   32.25 KiB      1.53
   11  Add      -1  a[1x4096]+b[1x4096]->y[1x4096]                      0.016ms     4.096 K      0.00   24.00 KiB      1.54
[gpu-debug] segment avg latency (cuda_events): 0.257 ms
[gpu-debug] sum(per-op)               : 0.405 ms (ratio=1.579)
[gpu-debug] NOTE: sum(per-op) may differ from segment latency due to Python overhead, event/launch overhead, and allocator/cache effects.
[gpu-debug] cuda mem before warmup: alloc=33.06 MiB reserved=42.00 MiB
[gpu-debug] cuda mem after warmup : alloc=44.62 MiB reserved=62.00 MiB
[gpu-debug] cuda mem peak (this segment): max_alloc=44.71 MiB max_reserved=62.00 MiB
========================================================================================
[gpu-debug] segment_key=npu|decode|103|48322b0ab0207f84448cb08e6eac5594
[gpu-debug] sig: device_type=npu phase=decode step=103 (count_hint=32)
[gpu-debug] ops_repr: LN:-1,QK:0,QK:1,Softmax:0,Softmax:1,SV:0,SV:1,Add:-1,LN:-1,SwiGLU:0,SwiGLU:1,Add:-1
[gpu-debug] cfg: device=cuda dtype=torch.bfloat16 dim=4096 ffn_dim=11008 n_heads=32 shards=2
[gpu-debug] op plan (with inferred tensor shapes):
  - op#00  op=LN       shard=-1  x=[1x4096] + w=[4096]  ->  y=[1x4096]  (T=1, K=1486)
  - op#01  op=QK       shard=0   q=[16x1x128] + k=[16x128x1486]  ->  y=[16x1x1486]  (T=1, K=1486)
  - op#02  op=QK       shard=1   q=[16x1x128] + k=[16x128x1486]  ->  y=[16x1x1486]  (T=1, K=1486)
  - op#03  op=Softmax  shard=0   scores=[16x1x1486]  ->  y=[16x1x1486]  (T=1, K=1486)
  - op#04  op=Softmax  shard=1   scores=[16x1x1486]  ->  y=[16x1x1486]  (T=1, K=1486)
  - op#05  op=SV       shard=0   p=[16x1x1486] + v=[16x1486x128]  ->  y=[16x1x128]  (T=1, K=1486)
  - op#06  op=SV       shard=1   p=[16x1x1486] + v=[16x1486x128]  ->  y=[16x1x128]  (T=1, K=1486)
  - op#07  op=Add      shard=-1  a=[1x4096] + b=[1x4096]  ->  y=[1x4096]  (T=1, K=1486)
  - op#08  op=LN       shard=-1  x=[1x4096] + w=[4096]  ->  y=[1x4096]  (T=1, K=1486)
  - op#09  op=SwiGLU   shard=0   a=[1x5504] + b=[1x5504]  ->  y=[1x5504]  (T=1, K=1486)
  - op#10  op=SwiGLU   shard=1   a=[1x5504] + b=[1x5504]  ->  y=[1x5504]  (T=1, K=1486)
  - op#11  op=Add      shard=-1  a=[1x4096] + b=[1x4096]  ->  y=[1x4096]  (T=1, K=1486)
[gpu-debug] per-op timing breakdown (avg over iters):
  idx  op       sh  io                                                    time   est_flops    TFLOPs       bytes      GB/s
  ------------------------------------------------------------------------------------------------------------------------
    0  LN       -1  x[1x4096]+w[4096]->y[1x4096]                        0.063ms    20.480 K      0.00   24.00 KiB      0.39
    1  QK        0  q[16x1x128]+k[16x128x1486]->y[16x1x1486]            0.052ms     6.087 M      0.12    5.85 MiB    118.70
    2  QK        1  q[16x1x128]+k[16x128x1486]->y[16x1x1486]            0.042ms     6.087 M      0.14    5.85 MiB    145.14
    3  Softmax   0  scores[16x1x1486]->y[16x1x1486]                     0.026ms   118.880 K      0.00   92.88 KiB      3.72
    4  Softmax   1  scores[16x1x1486]->y[16x1x1486]                     0.019ms   118.880 K      0.01   92.88 KiB      4.94
    5  SV        0  p[16x1x1486]+v[16x1486x128]->y[16x1x128]            0.032ms     6.087 M      0.19    5.85 MiB    192.13
    6  SV        1  p[16x1x1486]+v[16x1486x128]->y[16x1x128]            0.031ms     6.087 M      0.20    5.85 MiB    197.84
    7  Add      -1  a[1x4096]+b[1x4096]->y[1x4096]                      0.012ms     4.096 K      0.00   24.00 KiB      2.09
    8  LN       -1  x[1x4096]+w[4096]->y[1x4096]                        0.063ms    20.480 K      0.00   24.00 KiB      0.39
    9  SwiGLU    0  a[1x5504]+b[1x5504]->y[1x5504]                      0.024ms    33.024 K      0.00   32.25 KiB      1.36
   10  SwiGLU    1  a[1x5504]+b[1x5504]->y[1x5504]                      0.024ms    33.024 K      0.00   32.25 KiB      1.36
   11  Add      -1  a[1x4096]+b[1x4096]->y[1x4096]                      0.016ms     4.096 K      0.00   24.00 KiB      1.54
[gpu-debug] segment avg latency (cuda_events): 0.256 ms
[gpu-debug] sum(per-op)               : 0.405 ms (ratio=1.581)
[gpu-debug] NOTE: sum(per-op) may differ from segment latency due to Python overhead, event/launch overhead, and allocator/cache effects.
[gpu-debug] cuda mem before warmup: alloc=44.62 MiB reserved=62.00 MiB
[gpu-debug] cuda mem after warmup : alloc=56.27 MiB reserved=82.00 MiB
[gpu-debug] cuda mem peak (this segment): max_alloc=56.36 MiB max_reserved=82.00 MiB
========================================================================================
[gpu-debug] segment_key=npu|decode|104|48322b0ab0207f84448cb08e6eac5594
[gpu-debug] sig: device_type=npu phase=decode step=104 (count_hint=32)
[gpu-debug] ops_repr: LN:-1,QK:0,QK:1,Softmax:0,Softmax:1,SV:0,SV:1,Add:-1,LN:-1,SwiGLU:0,SwiGLU:1,Add:-1
[gpu-debug] cfg: device=cuda dtype=torch.bfloat16 dim=4096 ffn_dim=11008 n_heads=32 shards=2
[gpu-debug] op plan (with inferred tensor shapes):
  - op#00  op=LN       shard=-1  x=[1x4096] + w=[4096]  ->  y=[1x4096]  (T=1, K=1498)
  - op#01  op=QK       shard=0   q=[16x1x128] + k=[16x128x1498]  ->  y=[16x1x1498]  (T=1, K=1498)
  - op#02  op=QK       shard=1   q=[16x1x128] + k=[16x128x1498]  ->  y=[16x1x1498]  (T=1, K=1498)
  - op#03  op=Softmax  shard=0   scores=[16x1x1498]  ->  y=[16x1x1498]  (T=1, K=1498)
  - op#04  op=Softmax  shard=1   scores=[16x1x1498]  ->  y=[16x1x1498]  (T=1, K=1498)
  - op#05  op=SV       shard=0   p=[16x1x1498] + v=[16x1498x128]  ->  y=[16x1x128]  (T=1, K=1498)
  - op#06  op=SV       shard=1   p=[16x1x1498] + v=[16x1498x128]  ->  y=[16x1x128]  (T=1, K=1498)
  - op#07  op=Add      shard=-1  a=[1x4096] + b=[1x4096]  ->  y=[1x4096]  (T=1, K=1498)
  - op#08  op=LN       shard=-1  x=[1x4096] + w=[4096]  ->  y=[1x4096]  (T=1, K=1498)
  - op#09  op=SwiGLU   shard=0   a=[1x5504] + b=[1x5504]  ->  y=[1x5504]  (T=1, K=1498)
  - op#10  op=SwiGLU   shard=1   a=[1x5504] + b=[1x5504]  ->  y=[1x5504]  (T=1, K=1498)
  - op#11  op=Add      shard=-1  a=[1x4096] + b=[1x4096]  ->  y=[1x4096]  (T=1, K=1498)
[gpu-debug] per-op timing breakdown (avg over iters):
  idx  op       sh  io                                                    time   est_flops    TFLOPs       bytes      GB/s
  ------------------------------------------------------------------------------------------------------------------------
    0  LN       -1  x[1x4096]+w[4096]->y[1x4096]                        0.063ms    20.480 K      0.00   24.00 KiB      0.39
    1  QK        0  q[16x1x128]+k[16x128x1498]->y[16x1x1498]            0.052ms     6.136 M      0.12    5.90 MiB    119.66
    2  QK        1  q[16x1x128]+k[16x128x1498]->y[16x1x1498]            0.042ms     6.136 M      0.15    5.90 MiB    147.75
    3  Softmax   0  scores[16x1x1498]->y[16x1x1498]                     0.026ms   119.840 K      0.00   93.62 KiB      3.73
    4  Softmax   1  scores[16x1x1498]->y[16x1x1498]                     0.019ms   119.840 K      0.01   93.62 KiB      4.95
    5  SV        0  p[16x1x1498]+v[16x1498x128]->y[16x1x128]            0.032ms     6.136 M      0.19    5.90 MiB    192.45
    6  SV        1  p[16x1x1498]+v[16x1498x128]->y[16x1x128]            0.030ms     6.136 M      0.20    5.90 MiB    203.46
    7  Add      -1  a[1x4096]+b[1x4096]->y[1x4096]                      0.013ms     4.096 K      0.00   24.00 KiB      1.95
    8  LN       -1  x[1x4096]+w[4096]->y[1x4096]                        0.066ms    20.480 K      0.00   24.00 KiB      0.37
    9  SwiGLU    0  a[1x5504]+b[1x5504]->y[1x5504]                      0.024ms    33.024 K      0.00   32.25 KiB      1.37
   10  SwiGLU    1  a[1x5504]+b[1x5504]->y[1x5504]                      0.021ms    33.024 K      0.00   32.25 KiB      1.55
   11  Add      -1  a[1x4096]+b[1x4096]->y[1x4096]                      0.016ms     4.096 K      0.00   24.00 KiB      1.56
[gpu-debug] segment avg latency (cuda_events): 0.256 ms
[gpu-debug] sum(per-op)               : 0.404 ms (ratio=1.579)
[gpu-debug] NOTE: sum(per-op) may differ from segment latency due to Python overhead, event/launch overhead, and allocator/cache effects.
[gpu-debug] cuda mem before warmup: alloc=56.27 MiB reserved=82.00 MiB
[gpu-debug] cuda mem after warmup : alloc=68.02 MiB reserved=82.00 MiB
[gpu-debug] cuda mem peak (this segment): max_alloc=68.11 MiB max_reserved=82.00 MiB
========================================================================================
[gpu-debug] segment_key=npu|decode|105|48322b0ab0207f84448cb08e6eac5594
[gpu-debug] sig: device_type=npu phase=decode step=105 (count_hint=32)
[gpu-debug] ops_repr: LN:-1,QK:0,QK:1,Softmax:0,Softmax:1,SV:0,SV:1,Add:-1,LN:-1,SwiGLU:0,SwiGLU:1,Add:-1
[gpu-debug] cfg: device=cuda dtype=torch.bfloat16 dim=4096 ffn_dim=11008 n_heads=32 shards=2
[gpu-debug] op plan (with inferred tensor shapes):
  - op#00  op=LN       shard=-1  x=[1x4096] + w=[4096]  ->  y=[1x4096]  (T=1, K=1510)
  - op#01  op=QK       shard=0   q=[16x1x128] + k=[16x128x1510]  ->  y=[16x1x1510]  (T=1, K=1510)
  - op#02  op=QK       shard=1   q=[16x1x128] + k=[16x128x1510]  ->  y=[16x1x1510]  (T=1, K=1510)
  - op#03  op=Softmax  shard=0   scores=[16x1x1510]  ->  y=[16x1x1510]  (T=1, K=1510)
  - op#04  op=Softmax  shard=1   scores=[16x1x1510]  ->  y=[16x1x1510]  (T=1, K=1510)
  - op#05  op=SV       shard=0   p=[16x1x1510] + v=[16x1510x128]  ->  y=[16x1x128]  (T=1, K=1510)
  - op#06  op=SV       shard=1   p=[16x1x1510] + v=[16x1510x128]  ->  y=[16x1x128]  (T=1, K=1510)
  - op#07  op=Add      shard=-1  a=[1x4096] + b=[1x4096]  ->  y=[1x4096]  (T=1, K=1510)
  - op#08  op=LN       shard=-1  x=[1x4096] + w=[4096]  ->  y=[1x4096]  (T=1, K=1510)
  - op#09  op=SwiGLU   shard=0   a=[1x5504] + b=[1x5504]  ->  y=[1x5504]  (T=1, K=1510)
  - op#10  op=SwiGLU   shard=1   a=[1x5504] + b=[1x5504]  ->  y=[1x5504]  (T=1, K=1510)
  - op#11  op=Add      shard=-1  a=[1x4096] + b=[1x4096]  ->  y=[1x4096]  (T=1, K=1510)
[gpu-debug] per-op timing breakdown (avg over iters):
  idx  op       sh  io                                                    time   est_flops    TFLOPs       bytes      GB/s
  ------------------------------------------------------------------------------------------------------------------------
    0  LN       -1  x[1x4096]+w[4096]->y[1x4096]                        0.065ms    20.480 K      0.00   24.00 KiB      0.38
    1  QK        0  q[16x1x128]+k[16x128x1510]->y[16x1x1510]            0.051ms     6.185 M      0.12    5.95 MiB    122.07
    2  QK        1  q[16x1x128]+k[16x128x1510]->y[16x1x1510]            0.042ms     6.185 M      0.15    5.95 MiB    150.03
    3  Softmax   0  scores[16x1x1510]->y[16x1x1510]                     0.026ms   120.800 K      0.00   94.38 KiB      3.75
    4  Softmax   1  scores[16x1x1510]->y[16x1x1510]                     0.020ms   120.800 K      0.01   94.38 KiB      4.89
    5  SV        0  p[16x1x1510]+v[16x1510x128]->y[16x1x128]            0.031ms     6.185 M      0.20    5.95 MiB    200.37
    6  SV        1  p[16x1x1510]+v[16x1510x128]->y[16x1x128]            0.031ms     6.185 M      0.20    5.95 MiB    202.37
    7  Add      -1  a[1x4096]+b[1x4096]->y[1x4096]                      0.012ms     4.096 K      0.00   24.00 KiB      2.11
    8  LN       -1  x[1x4096]+w[4096]->y[1x4096]                        0.064ms    20.480 K      0.00   24.00 KiB      0.38
    9  SwiGLU    0  a[1x5504]+b[1x5504]->y[1x5504]                      0.024ms    33.024 K      0.00   32.25 KiB      1.36
   10  SwiGLU    1  a[1x5504]+b[1x5504]->y[1x5504]                      0.021ms    33.024 K      0.00   32.25 KiB      1.54
   11  Add      -1  a[1x4096]+b[1x4096]->y[1x4096]                      0.016ms     4.096 K      0.00   24.00 KiB      1.56
[gpu-debug] segment avg latency (cuda_events): 0.256 ms
[gpu-debug] sum(per-op)               : 0.402 ms (ratio=1.571)
[gpu-debug] NOTE: sum(per-op) may differ from segment latency due to Python overhead, event/launch overhead, and allocator/cache effects.
[gpu-debug] cuda mem before warmup: alloc=68.02 MiB reserved=82.00 MiB
[gpu-debug] cuda mem after warmup : alloc=79.87 MiB reserved=102.00 MiB
[gpu-debug] cuda mem peak (this segment): max_alloc=79.96 MiB max_reserved=102.00 MiB
========================================================================================
[gpu-debug] segment_key=npu|decode|106|48322b0ab0207f84448cb08e6eac5594
[gpu-debug] sig: device_type=npu phase=decode step=106 (count_hint=32)
[gpu-debug] ops_repr: LN:-1,QK:0,QK:1,Softmax:0,Softmax:1,SV:0,SV:1,Add:-1,LN:-1,SwiGLU:0,SwiGLU:1,Add:-1
[gpu-debug] cfg: device=cuda dtype=torch.bfloat16 dim=4096 ffn_dim=11008 n_heads=32 shards=2
[gpu-debug] op plan (with inferred tensor shapes):
  - op#00  op=LN       shard=-1  x=[1x4096] + w=[4096]  ->  y=[1x4096]  (T=1, K=1522)
  - op#01  op=QK       shard=0   q=[16x1x128] + k=[16x128x1522]  ->  y=[16x1x1522]  (T=1, K=1522)
  - op#02  op=QK       shard=1   q=[16x1x128] + k=[16x128x1522]  ->  y=[16x1x1522]  (T=1, K=1522)
  - op#03  op=Softmax  shard=0   scores=[16x1x1522]  ->  y=[16x1x1522]  (T=1, K=1522)
  - op#04  op=Softmax  shard=1   scores=[16x1x1522]  ->  y=[16x1x1522]  (T=1, K=1522)
  - op#05  op=SV       shard=0   p=[16x1x1522] + v=[16x1522x128]  ->  y=[16x1x128]  (T=1, K=1522)
  - op#06  op=SV       shard=1   p=[16x1x1522] + v=[16x1522x128]  ->  y=[16x1x128]  (T=1, K=1522)
  - op#07  op=Add      shard=-1  a=[1x4096] + b=[1x4096]  ->  y=[1x4096]  (T=1, K=1522)
  - op#08  op=LN       shard=-1  x=[1x4096] + w=[4096]  ->  y=[1x4096]  (T=1, K=1522)
  - op#09  op=SwiGLU   shard=0   a=[1x5504] + b=[1x5504]  ->  y=[1x5504]  (T=1, K=1522)
  - op#10  op=SwiGLU   shard=1   a=[1x5504] + b=[1x5504]  ->  y=[1x5504]  (T=1, K=1522)
  - op#11  op=Add      shard=-1  a=[1x4096] + b=[1x4096]  ->  y=[1x4096]  (T=1, K=1522)
[gpu-debug] per-op timing breakdown (avg over iters):
  idx  op       sh  io                                                    time   est_flops    TFLOPs       bytes      GB/s
  ------------------------------------------------------------------------------------------------------------------------
    0  LN       -1  x[1x4096]+w[4096]->y[1x4096]                        0.064ms    20.480 K      0.00   24.00 KiB      0.38
    1  QK        0  q[16x1x128]+k[16x128x1522]->y[16x1x1522]            0.052ms     6.234 M      0.12    6.00 MiB    120.62
    2  QK        1  q[16x1x128]+k[16x128x1522]->y[16x1x1522]            0.042ms     6.234 M      0.15    6.00 MiB    150.48
    3  Softmax   0  scores[16x1x1522]->y[16x1x1522]                     0.026ms   121.760 K      0.00   95.12 KiB      3.79
    4  Softmax   1  scores[16x1x1522]->y[16x1x1522]                     0.020ms   121.760 K      0.01   95.12 KiB      4.98
    5  SV        0  p[16x1x1522]+v[16x1522x128]->y[16x1x128]            0.032ms     6.234 M      0.20    6.00 MiB    198.05
    6  SV        1  p[16x1x1522]+v[16x1522x128]->y[16x1x128]            0.031ms     6.234 M      0.20    6.00 MiB    203.97
    7  Add      -1  a[1x4096]+b[1x4096]->y[1x4096]                      0.012ms     4.096 K      0.00   24.00 KiB      2.12
    8  LN       -1  x[1x4096]+w[4096]->y[1x4096]                        0.064ms    20.480 K      0.00   24.00 KiB      0.38
    9  SwiGLU    0  a[1x5504]+b[1x5504]->y[1x5504]                      0.025ms    33.024 K      0.00   32.25 KiB      1.34
   10  SwiGLU    1  a[1x5504]+b[1x5504]->y[1x5504]                      0.021ms    33.024 K      0.00   32.25 KiB      1.56
   11  Add      -1  a[1x4096]+b[1x4096]->y[1x4096]                      0.016ms     4.096 K      0.00   24.00 KiB      1.58
[gpu-debug] segment avg latency (cuda_events): 0.257 ms
[gpu-debug] sum(per-op)               : 0.403 ms (ratio=1.569)
[gpu-debug] NOTE: sum(per-op) may differ from segment latency due to Python overhead, event/launch overhead, and allocator/cache effects.
[gpu-debug] cuda mem before warmup: alloc=79.87 MiB reserved=102.00 MiB
[gpu-debug] cuda mem after warmup : alloc=91.80 MiB reserved=122.00 MiB
[gpu-debug] cuda mem peak (this segment): max_alloc=91.90 MiB max_reserved=122.00 MiB
========================================================================================
[gpu-debug] segment_key=npu|decode|107|48322b0ab0207f84448cb08e6eac5594
[gpu-debug] sig: device_type=npu phase=decode step=107 (count_hint=32)
[gpu-debug] ops_repr: LN:-1,QK:0,QK:1,Softmax:0,Softmax:1,SV:0,SV:1,Add:-1,LN:-1,SwiGLU:0,SwiGLU:1,Add:-1
[gpu-debug] cfg: device=cuda dtype=torch.bfloat16 dim=4096 ffn_dim=11008 n_heads=32 shards=2
[gpu-debug] op plan (with inferred tensor shapes):
  - op#00  op=LN       shard=-1  x=[1x4096] + w=[4096]  ->  y=[1x4096]  (T=1, K=1534)
  - op#01  op=QK       shard=0   q=[16x1x128] + k=[16x128x1534]  ->  y=[16x1x1534]  (T=1, K=1534)
  - op#02  op=QK       shard=1   q=[16x1x128] + k=[16x128x1534]  ->  y=[16x1x1534]  (T=1, K=1534)
  - op#03  op=Softmax  shard=0   scores=[16x1x1534]  ->  y=[16x1x1534]  (T=1, K=1534)
  - op#04  op=Softmax  shard=1   scores=[16x1x1534]  ->  y=[16x1x1534]  (T=1, K=1534)
  - op#05  op=SV       shard=0   p=[16x1x1534] + v=[16x1534x128]  ->  y=[16x1x128]  (T=1, K=1534)
  - op#06  op=SV       shard=1   p=[16x1x1534] + v=[16x1534x128]  ->  y=[16x1x128]  (T=1, K=1534)
  - op#07  op=Add      shard=-1  a=[1x4096] + b=[1x4096]  ->  y=[1x4096]  (T=1, K=1534)
  - op#08  op=LN       shard=-1  x=[1x4096] + w=[4096]  ->  y=[1x4096]  (T=1, K=1534)
  - op#09  op=SwiGLU   shard=0   a=[1x5504] + b=[1x5504]  ->  y=[1x5504]  (T=1, K=1534)
  - op#10  op=SwiGLU   shard=1   a=[1x5504] + b=[1x5504]  ->  y=[1x5504]  (T=1, K=1534)
  - op#11  op=Add      shard=-1  a=[1x4096] + b=[1x4096]  ->  y=[1x4096]  (T=1, K=1534)
[gpu-debug] per-op timing breakdown (avg over iters):
  idx  op       sh  io                                                    time   est_flops    TFLOPs       bytes      GB/s
  ------------------------------------------------------------------------------------------------------------------------
    0  LN       -1  x[1x4096]+w[4096]->y[1x4096]                        0.063ms    20.480 K      0.00   24.00 KiB      0.39
    1  QK        0  q[16x1x128]+k[16x128x1534]->y[16x1x1534]            0.051ms     6.283 M      0.12    6.04 MiB    123.27
    2  QK        1  q[16x1x128]+k[16x128x1534]->y[16x1x1534]            0.042ms     6.283 M      0.15    6.04 MiB    152.41
    3  Softmax   0  scores[16x1x1534]->y[16x1x1534]                     0.026ms   122.720 K      0.00   95.88 KiB      3.79
    4  Softmax   1  scores[16x1x1534]->y[16x1x1534]                     0.020ms   122.720 K      0.01   95.88 KiB      4.99
    5  SV        0  p[16x1x1534]+v[16x1534x128]->y[16x1x128]            0.032ms     6.283 M      0.19    6.04 MiB    196.44
    6  SV        1  p[16x1x1534]+v[16x1534x128]->y[16x1x128]            0.031ms     6.283 M      0.20    6.04 MiB    204.90
    7  Add      -1  a[1x4096]+b[1x4096]->y[1x4096]                      0.010ms     4.096 K      0.00   24.00 KiB      2.40
    8  LN       -1  x[1x4096]+w[4096]->y[1x4096]                        0.064ms    20.480 K      0.00   24.00 KiB      0.38
    9  SwiGLU    0  a[1x5504]+b[1x5504]->y[1x5504]                      0.024ms    33.024 K      0.00   32.25 KiB      1.35
   10  SwiGLU    1  a[1x5504]+b[1x5504]->y[1x5504]                      0.022ms    33.024 K      0.00   32.25 KiB      1.50
   11  Add      -1  a[1x4096]+b[1x4096]->y[1x4096]                      0.016ms     4.096 K      0.00   24.00 KiB      1.49
[gpu-debug] segment avg latency (cuda_events): 0.254 ms
[gpu-debug] sum(per-op)               : 0.402 ms (ratio=1.582)
[gpu-debug] NOTE: sum(per-op) may differ from segment latency due to Python overhead, event/launch overhead, and allocator/cache effects.
[gpu-debug] cuda mem before warmup: alloc=91.80 MiB reserved=122.00 MiB
[gpu-debug] cuda mem after warmup : alloc=103.83 MiB reserved=122.00 MiB
[gpu-debug] cuda mem peak (this segment): max_alloc=103.93 MiB max_reserved=122.00 MiB
========================================================================================
[gpu-debug] segment_key=npu|decode|108|48322b0ab0207f84448cb08e6eac5594
[gpu-debug] sig: device_type=npu phase=decode step=108 (count_hint=32)
[gpu-debug] ops_repr: LN:-1,QK:0,QK:1,Softmax:0,Softmax:1,SV:0,SV:1,Add:-1,LN:-1,SwiGLU:0,SwiGLU:1,Add:-1
[gpu-debug] cfg: device=cuda dtype=torch.bfloat16 dim=4096 ffn_dim=11008 n_heads=32 shards=2
[gpu-debug] op plan (with inferred tensor shapes):
  - op#00  op=LN       shard=-1  x=[1x4096] + w=[4096]  ->  y=[1x4096]  (T=1, K=1546)
  - op#01  op=QK       shard=0   q=[16x1x128] + k=[16x128x1546]  ->  y=[16x1x1546]  (T=1, K=1546)
  - op#02  op=QK       shard=1   q=[16x1x128] + k=[16x128x1546]  ->  y=[16x1x1546]  (T=1, K=1546)
  - op#03  op=Softmax  shard=0   scores=[16x1x1546]  ->  y=[16x1x1546]  (T=1, K=1546)
  - op#04  op=Softmax  shard=1   scores=[16x1x1546]  ->  y=[16x1x1546]  (T=1, K=1546)
  - op#05  op=SV       shard=0   p=[16x1x1546] + v=[16x1546x128]  ->  y=[16x1x128]  (T=1, K=1546)
  - op#06  op=SV       shard=1   p=[16x1x1546] + v=[16x1546x128]  ->  y=[16x1x128]  (T=1, K=1546)
  - op#07  op=Add      shard=-1  a=[1x4096] + b=[1x4096]  ->  y=[1x4096]  (T=1, K=1546)
  - op#08  op=LN       shard=-1  x=[1x4096] + w=[4096]  ->  y=[1x4096]  (T=1, K=1546)
  - op#09  op=SwiGLU   shard=0   a=[1x5504] + b=[1x5504]  ->  y=[1x5504]  (T=1, K=1546)
  - op#10  op=SwiGLU   shard=1   a=[1x5504] + b=[1x5504]  ->  y=[1x5504]  (T=1, K=1546)
  - op#11  op=Add      shard=-1  a=[1x4096] + b=[1x4096]  ->  y=[1x4096]  (T=1, K=1546)
[gpu-debug] per-op timing breakdown (avg over iters):
  idx  op       sh  io                                                    time   est_flops    TFLOPs       bytes      GB/s
  ------------------------------------------------------------------------------------------------------------------------
    0  LN       -1  x[1x4096]+w[4096]->y[1x4096]                        0.063ms    20.480 K      0.00   24.00 KiB      0.39
    1  QK        0  q[16x1x128]+k[16x128x1546]->y[16x1x1546]            0.052ms     6.332 M      0.12    6.09 MiB    123.98
    2  QK        1  q[16x1x128]+k[16x128x1546]->y[16x1x1546]            0.042ms     6.332 M      0.15    6.09 MiB    152.85
    3  Softmax   0  scores[16x1x1546]->y[16x1x1546]                     0.026ms   123.680 K      0.00   96.62 KiB      3.79
    4  Softmax   1  scores[16x1x1546]->y[16x1x1546]                     0.020ms   123.680 K      0.01   96.62 KiB      4.96
    5  SV        0  p[16x1x1546]+v[16x1546x128]->y[16x1x128]            0.033ms     6.332 M      0.19    6.09 MiB    191.30
    6  SV        1  p[16x1x1546]+v[16x1546x128]->y[16x1x128]            0.030ms     6.332 M      0.21    6.09 MiB    209.98
    7  Add      -1  a[1x4096]+b[1x4096]->y[1x4096]                      0.009ms     4.096 K      0.00   24.00 KiB      2.67
    8  LN       -1  x[1x4096]+w[4096]->y[1x4096]                        0.067ms    20.480 K      0.00   24.00 KiB      0.36
    9  SwiGLU    0  a[1x5504]+b[1x5504]->y[1x5504]                      0.024ms    33.024 K      0.00   32.25 KiB      1.37
   10  SwiGLU    1  a[1x5504]+b[1x5504]->y[1x5504]                      0.021ms    33.024 K      0.00   32.25 KiB      1.56
   11  Add      -1  a[1x4096]+b[1x4096]->y[1x4096]                      0.016ms     4.096 K      0.00   24.00 KiB      1.58
[gpu-debug] segment avg latency (cuda_events): 0.255 ms
[gpu-debug] sum(per-op)               : 0.404 ms (ratio=1.584)
[gpu-debug] NOTE: sum(per-op) may differ from segment latency due to Python overhead, event/launch overhead, and allocator/cache effects.
[gpu-debug] cuda mem before warmup: alloc=103.83 MiB reserved=122.00 MiB
[gpu-debug] cuda mem after warmup : alloc=115.96 MiB reserved=142.00 MiB
[gpu-debug] cuda mem peak (this segment): max_alloc=116.05 MiB max_reserved=142.00 MiB
========================================================================================
[gpu-debug] segment_key=npu|decode|109|48322b0ab0207f84448cb08e6eac5594
[gpu-debug] sig: device_type=npu phase=decode step=109 (count_hint=32)
[gpu-debug] ops_repr: LN:-1,QK:0,QK:1,Softmax:0,Softmax:1,SV:0,SV:1,Add:-1,LN:-1,SwiGLU:0,SwiGLU:1,Add:-1
[gpu-debug] cfg: device=cuda dtype=torch.bfloat16 dim=4096 ffn_dim=11008 n_heads=32 shards=2
[gpu-debug] op plan (with inferred tensor shapes):
  - op#00  op=LN       shard=-1  x=[1x4096] + w=[4096]  ->  y=[1x4096]  (T=1, K=1558)
  - op#01  op=QK       shard=0   q=[16x1x128] + k=[16x128x1558]  ->  y=[16x1x1558]  (T=1, K=1558)
  - op#02  op=QK       shard=1   q=[16x1x128] + k=[16x128x1558]  ->  y=[16x1x1558]  (T=1, K=1558)
  - op#03  op=Softmax  shard=0   scores=[16x1x1558]  ->  y=[16x1x1558]  (T=1, K=1558)
  - op#04  op=Softmax  shard=1   scores=[16x1x1558]  ->  y=[16x1x1558]  (T=1, K=1558)
  - op#05  op=SV       shard=0   p=[16x1x1558] + v=[16x1558x128]  ->  y=[16x1x128]  (T=1, K=1558)
  - op#06  op=SV       shard=1   p=[16x1x1558] + v=[16x1558x128]  ->  y=[16x1x128]  (T=1, K=1558)
  - op#07  op=Add      shard=-1  a=[1x4096] + b=[1x4096]  ->  y=[1x4096]  (T=1, K=1558)
  - op#08  op=LN       shard=-1  x=[1x4096] + w=[4096]  ->  y=[1x4096]  (T=1, K=1558)
  - op#09  op=SwiGLU   shard=0   a=[1x5504] + b=[1x5504]  ->  y=[1x5504]  (T=1, K=1558)
  - op#10  op=SwiGLU   shard=1   a=[1x5504] + b=[1x5504]  ->  y=[1x5504]  (T=1, K=1558)
  - op#11  op=Add      shard=-1  a=[1x4096] + b=[1x4096]  ->  y=[1x4096]  (T=1, K=1558)
[gpu-debug] per-op timing breakdown (avg over iters):
  idx  op       sh  io                                                    time   est_flops    TFLOPs       bytes      GB/s
  ------------------------------------------------------------------------------------------------------------------------
    0  LN       -1  x[1x4096]+w[4096]->y[1x4096]                        0.062ms    20.480 K      0.00   24.00 KiB      0.39
    1  QK        0  q[16x1x128]+k[16x128x1558]->y[16x1x1558]            0.055ms     6.382 M      0.12    6.14 MiB    117.69
    2  QK        1  q[16x1x128]+k[16x128x1558]->y[16x1x1558]            0.042ms     6.382 M      0.15    6.14 MiB    154.41
    3  Softmax   0  scores[16x1x1558]->y[16x1x1558]                     0.026ms   124.640 K      0.00   97.38 KiB      3.82
    4  Softmax   1  scores[16x1x1558]->y[16x1x1558]                     0.020ms   124.640 K      0.01   97.38 KiB      4.97
    5  SV        0  p[16x1x1558]+v[16x1558x128]->y[16x1x128]            0.033ms     6.382 M      0.19    6.14 MiB    196.40
    6  SV        1  p[16x1x1558]+v[16x1558x128]->y[16x1x128]            0.031ms     6.382 M      0.21    6.14 MiB    207.42
    7  Add      -1  a[1x4096]+b[1x4096]->y[1x4096]                      0.010ms     4.096 K      0.00   24.00 KiB      2.50
    8  LN       -1  x[1x4096]+w[4096]->y[1x4096]                        0.065ms    20.480 K      0.00   24.00 KiB      0.38
    9  SwiGLU    0  a[1x5504]+b[1x5504]->y[1x5504]                      0.025ms    33.024 K      0.00   32.25 KiB      1.34
   10  SwiGLU    1  a[1x5504]+b[1x5504]->y[1x5504]                      0.022ms    33.024 K      0.00   32.25 KiB      1.51
   11  Add      -1  a[1x4096]+b[1x4096]->y[1x4096]                      0.016ms     4.096 K      0.00   24.00 KiB      1.57
[gpu-debug] segment avg latency (cuda_events): 0.257 ms
[gpu-debug] sum(per-op)               : 0.406 ms (ratio=1.581)
[gpu-debug] NOTE: sum(per-op) may differ from segment latency due to Python overhead, event/launch overhead, and allocator/cache effects.
[gpu-debug] cuda mem before warmup: alloc=115.96 MiB reserved=142.00 MiB
[gpu-debug] cuda mem after warmup : alloc=128.18 MiB reserved=162.00 MiB
[gpu-debug] cuda mem peak (this segment): max_alloc=128.28 MiB max_reserved=162.00 MiB
========================================================================================
[gpu-debug] segment_key=npu|decode|10|48322b0ab0207f84448cb08e6eac5594
[gpu-debug] sig: device_type=npu phase=decode step=10 (count_hint=32)
[gpu-debug] ops_repr: LN:-1,QK:0,QK:1,Softmax:0,Softmax:1,SV:0,SV:1,Add:-1,LN:-1,SwiGLU:0,SwiGLU:1,Add:-1
[gpu-debug] cfg: device=cuda dtype=torch.bfloat16 dim=4096 ffn_dim=11008 n_heads=32 shards=2
[gpu-debug] op plan (with inferred tensor shapes):
  - op#00  op=LN       shard=-1  x=[1x4096] + w=[4096]  ->  y=[1x4096]  (T=1, K=370)
  - op#01  op=QK       shard=0   q=[16x1x128] + k=[16x128x370]  ->  y=[16x1x370]  (T=1, K=370)
  - op#02  op=QK       shard=1   q=[16x1x128] + k=[16x128x370]  ->  y=[16x1x370]  (T=1, K=370)
  - op#03  op=Softmax  shard=0   scores=[16x1x370]  ->  y=[16x1x370]  (T=1, K=370)
  - op#04  op=Softmax  shard=1   scores=[16x1x370]  ->  y=[16x1x370]  (T=1, K=370)
  - op#05  op=SV       shard=0   p=[16x1x370] + v=[16x370x128]  ->  y=[16x1x128]  (T=1, K=370)
  - op#06  op=SV       shard=1   p=[16x1x370] + v=[16x370x128]  ->  y=[16x1x128]  (T=1, K=370)
  - op#07  op=Add      shard=-1  a=[1x4096] + b=[1x4096]  ->  y=[1x4096]  (T=1, K=370)
  - op#08  op=LN       shard=-1  x=[1x4096] + w=[4096]  ->  y=[1x4096]  (T=1, K=370)
  - op#09  op=SwiGLU   shard=0   a=[1x5504] + b=[1x5504]  ->  y=[1x5504]  (T=1, K=370)
  - op#10  op=SwiGLU   shard=1   a=[1x5504] + b=[1x5504]  ->  y=[1x5504]  (T=1, K=370)
  - op#11  op=Add      shard=-1  a=[1x4096] + b=[1x4096]  ->  y=[1x4096]  (T=1, K=370)
[gpu-debug] per-op timing breakdown (avg over iters):
  idx  op       sh  io                                                    time   est_flops    TFLOPs       bytes      GB/s
  ------------------------------------------------------------------------------------------------------------------------
    0  LN       -1  x[1x4096]+w[4096]->y[1x4096]                        0.065ms    20.480 K      0.00   24.00 KiB      0.38
    1  QK        0  q[16x1x128]+k[16x128x370]->y[16x1x370]              0.052ms     1.516 M      0.03    1.46 MiB     29.56
    2  QK        1  q[16x1x128]+k[16x128x370]->y[16x1x370]              0.042ms     1.516 M      0.04    1.46 MiB     36.66
    3  Softmax   0  scores[16x1x370]->y[16x1x370]                       0.019ms    29.600 K      0.00   23.12 KiB      1.26
    4  Softmax   1  scores[16x1x370]->y[16x1x370]                       0.015ms    29.600 K      0.00   23.12 KiB      1.54
    5  SV        0  p[16x1x370]+v[16x370x128]->y[16x1x128]              0.030ms     1.516 M      0.05    1.46 MiB     51.22
    6  SV        1  p[16x1x370]+v[16x370x128]->y[16x1x128]              0.027ms     1.516 M      0.06    1.46 MiB     56.22
    7  Add      -1  a[1x4096]+b[1x4096]->y[1x4096]                      0.018ms     4.096 K      0.00   24.00 KiB      1.36
    8  LN       -1  x[1x4096]+w[4096]->y[1x4096]                        0.064ms    20.480 K      0.00   24.00 KiB      0.38
    9  SwiGLU    0  a[1x5504]+b[1x5504]->y[1x5504]                      0.024ms    33.024 K      0.00   32.25 KiB      1.36
   10  SwiGLU    1  a[1x5504]+b[1x5504]->y[1x5504]                      0.021ms    33.024 K      0.00   32.25 KiB      1.57
   11  Add      -1  a[1x4096]+b[1x4096]->y[1x4096]                      0.016ms     4.096 K      0.00   24.00 KiB      1.57
[gpu-debug] segment avg latency (cuda_events): 0.258 ms
[gpu-debug] sum(per-op)               : 0.393 ms (ratio=1.523)
[gpu-debug] NOTE: sum(per-op) may differ from segment latency due to Python overhead, event/launch overhead, and allocator/cache effects.
[gpu-debug] cuda mem before warmup: alloc=128.18 MiB reserved=162.00 MiB
[gpu-debug] cuda mem after warmup : alloc=132.10 MiB reserved=162.00 MiB
[gpu-debug] cuda mem peak (this segment): max_alloc=132.12 MiB max_reserved=162.00 MiB
========================================================================================
[gpu-debug] segment_key=npu|decode|110|48322b0ab0207f84448cb08e6eac5594
[gpu-debug] sig: device_type=npu phase=decode step=110 (count_hint=32)
[gpu-debug] ops_repr: LN:-1,QK:0,QK:1,Softmax:0,Softmax:1,SV:0,SV:1,Add:-1,LN:-1,SwiGLU:0,SwiGLU:1,Add:-1
[gpu-debug] cfg: device=cuda dtype=torch.bfloat16 dim=4096 ffn_dim=11008 n_heads=32 shards=2
[gpu-debug] op plan (with inferred tensor shapes):
  - op#00  op=LN       shard=-1  x=[1x4096] + w=[4096]  ->  y=[1x4096]  (T=1, K=1570)
  - op#01  op=QK       shard=0   q=[16x1x128] + k=[16x128x1570]  ->  y=[16x1x1570]  (T=1, K=1570)
  - op#02  op=QK       shard=1   q=[16x1x128] + k=[16x128x1570]  ->  y=[16x1x1570]  (T=1, K=1570)
  - op#03  op=Softmax  shard=0   scores=[16x1x1570]  ->  y=[16x1x1570]  (T=1, K=1570)
  - op#04  op=Softmax  shard=1   scores=[16x1x1570]  ->  y=[16x1x1570]  (T=1, K=1570)
  - op#05  op=SV       shard=0   p=[16x1x1570] + v=[16x1570x128]  ->  y=[16x1x128]  (T=1, K=1570)
  - op#06  op=SV       shard=1   p=[16x1x1570] + v=[16x1570x128]  ->  y=[16x1x128]  (T=1, K=1570)
  - op#07  op=Add      shard=-1  a=[1x4096] + b=[1x4096]  ->  y=[1x4096]  (T=1, K=1570)
  - op#08  op=LN       shard=-1  x=[1x4096] + w=[4096]  ->  y=[1x4096]  (T=1, K=1570)
  - op#09  op=SwiGLU   shard=0   a=[1x5504] + b=[1x5504]  ->  y=[1x5504]  (T=1, K=1570)
  - op#10  op=SwiGLU   shard=1   a=[1x5504] + b=[1x5504]  ->  y=[1x5504]  (T=1, K=1570)
  - op#11  op=Add      shard=-1  a=[1x4096] + b=[1x4096]  ->  y=[1x4096]  (T=1, K=1570)
[gpu-debug] per-op timing breakdown (avg over iters):
  idx  op       sh  io                                                    time   est_flops    TFLOPs       bytes      GB/s
  ------------------------------------------------------------------------------------------------------------------------
    0  LN       -1  x[1x4096]+w[4096]->y[1x4096]                        0.064ms    20.480 K      0.00   24.00 KiB      0.39
    1  QK        0  q[16x1x128]+k[16x128x1570]->y[16x1x1570]            0.051ms     6.431 M      0.13    6.18 MiB    126.41
    2  QK        1  q[16x1x128]+k[16x128x1570]->y[16x1x1570]            0.042ms     6.431 M      0.15    6.18 MiB    154.09
    3  Softmax   0  scores[16x1x1570]->y[16x1x1570]                     0.026ms   125.600 K      0.00   98.12 KiB      3.83
    4  Softmax   1  scores[16x1x1570]->y[16x1x1570]                     0.020ms   125.600 K      0.01   98.12 KiB      5.03
    5  SV        0  p[16x1x1570]+v[16x1570x128]->y[16x1x128]            0.034ms     6.431 M      0.19    6.18 MiB    193.08
    6  SV        1  p[16x1x1570]+v[16x1570x128]->y[16x1x128]            0.031ms     6.431 M      0.21    6.18 MiB    211.81
    7  Add      -1  a[1x4096]+b[1x4096]->y[1x4096]                      0.010ms     4.096 K      0.00   24.00 KiB      2.55
    8  LN       -1  x[1x4096]+w[4096]->y[1x4096]                        0.064ms    20.480 K      0.00   24.00 KiB      0.38
    9  SwiGLU    0  a[1x5504]+b[1x5504]->y[1x5504]                      0.024ms    33.024 K      0.00   32.25 KiB      1.35
   10  SwiGLU    1  a[1x5504]+b[1x5504]->y[1x5504]                      0.022ms    33.024 K      0.00   32.25 KiB      1.52
   11  Add      -1  a[1x4096]+b[1x4096]->y[1x4096]                      0.015ms     4.096 K      0.00   24.00 KiB      1.59
[gpu-debug] segment avg latency (cuda_events): 0.256 ms
[gpu-debug] sum(per-op)               : 0.403 ms (ratio=1.576)
[gpu-debug] NOTE: sum(per-op) may differ from segment latency due to Python overhead, event/launch overhead, and allocator/cache effects.
[gpu-debug] cuda mem before warmup: alloc=132.10 MiB reserved=162.00 MiB
[gpu-debug] cuda mem after warmup : alloc=144.41 MiB reserved=162.00 MiB
[gpu-debug] cuda mem peak (this segment): max_alloc=144.51 MiB max_reserved=162.00 MiB
========================================================================================
[gpu-debug] segment_key=npu|decode|111|48322b0ab0207f84448cb08e6eac5594
[gpu-debug] sig: device_type=npu phase=decode step=111 (count_hint=32)
[gpu-debug] ops_repr: LN:-1,QK:0,QK:1,Softmax:0,Softmax:1,SV:0,SV:1,Add:-1,LN:-1,SwiGLU:0,SwiGLU:1,Add:-1
[gpu-debug] cfg: device=cuda dtype=torch.bfloat16 dim=4096 ffn_dim=11008 n_heads=32 shards=2
[gpu-debug] op plan (with inferred tensor shapes):
  - op#00  op=LN       shard=-1  x=[1x4096] + w=[4096]  ->  y=[1x4096]  (T=1, K=1582)
  - op#01  op=QK       shard=0   q=[16x1x128] + k=[16x128x1582]  ->  y=[16x1x1582]  (T=1, K=1582)
  - op#02  op=QK       shard=1   q=[16x1x128] + k=[16x128x1582]  ->  y=[16x1x1582]  (T=1, K=1582)
  - op#03  op=Softmax  shard=0   scores=[16x1x1582]  ->  y=[16x1x1582]  (T=1, K=1582)
  - op#04  op=Softmax  shard=1   scores=[16x1x1582]  ->  y=[16x1x1582]  (T=1, K=1582)
  - op#05  op=SV       shard=0   p=[16x1x1582] + v=[16x1582x128]  ->  y=[16x1x128]  (T=1, K=1582)
  - op#06  op=SV       shard=1   p=[16x1x1582] + v=[16x1582x128]  ->  y=[16x1x128]  (T=1, K=1582)
  - op#07  op=Add      shard=-1  a=[1x4096] + b=[1x4096]  ->  y=[1x4096]  (T=1, K=1582)
  - op#08  op=LN       shard=-1  x=[1x4096] + w=[4096]  ->  y=[1x4096]  (T=1, K=1582)
  - op#09  op=SwiGLU   shard=0   a=[1x5504] + b=[1x5504]  ->  y=[1x5504]  (T=1, K=1582)
  - op#10  op=SwiGLU   shard=1   a=[1x5504] + b=[1x5504]  ->  y=[1x5504]  (T=1, K=1582)
  - op#11  op=Add      shard=-1  a=[1x4096] + b=[1x4096]  ->  y=[1x4096]  (T=1, K=1582)
[gpu-debug] per-op timing breakdown (avg over iters):
  idx  op       sh  io                                                    time   est_flops    TFLOPs       bytes      GB/s
  ------------------------------------------------------------------------------------------------------------------------
    0  LN       -1  x[1x4096]+w[4096]->y[1x4096]                        0.063ms    20.480 K      0.00   24.00 KiB      0.39
    1  QK        0  q[16x1x128]+k[16x128x1582]->y[16x1x1582]            0.051ms     6.480 M      0.13    6.23 MiB    127.12
    2  QK        1  q[16x1x128]+k[16x128x1582]->y[16x1x1582]            0.042ms     6.480 M      0.16    6.23 MiB    156.41
    3  Softmax   0  scores[16x1x1582]->y[16x1x1582]                     0.026ms   126.560 K      0.00   98.88 KiB      3.88
    4  Softmax   1  scores[16x1x1582]->y[16x1x1582]                     0.020ms   126.560 K      0.01   98.88 KiB      5.07
    5  SV        0  p[16x1x1582]+v[16x1582x128]->y[16x1x128]            0.035ms     6.480 M      0.19    6.23 MiB    188.80
    6  SV        1  p[16x1x1582]+v[16x1582x128]->y[16x1x128]            0.034ms     6.480 M      0.19    6.23 MiB    194.56
    7  Add      -1  a[1x4096]+b[1x4096]->y[1x4096]                      0.009ms     4.096 K      0.00   24.00 KiB      2.64
    8  LN       -1  x[1x4096]+w[4096]->y[1x4096]                        0.064ms    20.480 K      0.00   24.00 KiB      0.38
    9  SwiGLU    0  a[1x5504]+b[1x5504]->y[1x5504]                      0.024ms    33.024 K      0.00   32.25 KiB      1.35
   10  SwiGLU    1  a[1x5504]+b[1x5504]->y[1x5504]                      0.022ms    33.024 K      0.00   32.25 KiB      1.53
   11  Add      -1  a[1x4096]+b[1x4096]->y[1x4096]                      0.015ms     4.096 K      0.00   24.00 KiB      1.59
[gpu-debug] segment avg latency (cuda_events): 0.256 ms
[gpu-debug] sum(per-op)               : 0.405 ms (ratio=1.582)
[gpu-debug] NOTE: sum(per-op) may differ from segment latency due to Python overhead, event/launch overhead, and allocator/cache effects.
[gpu-debug] cuda mem before warmup: alloc=144.41 MiB reserved=162.00 MiB
[gpu-debug] cuda mem after warmup : alloc=156.82 MiB reserved=182.00 MiB
[gpu-debug] cuda mem peak (this segment): max_alloc=156.92 MiB max_reserved=182.00 MiB
========================================================================================
[gpu-debug] segment_key=npu|decode|112|48322b0ab0207f84448cb08e6eac5594
[gpu-debug] sig: device_type=npu phase=decode step=112 (count_hint=32)
[gpu-debug] ops_repr: LN:-1,QK:0,QK:1,Softmax:0,Softmax:1,SV:0,SV:1,Add:-1,LN:-1,SwiGLU:0,SwiGLU:1,Add:-1
[gpu-debug] cfg: device=cuda dtype=torch.bfloat16 dim=4096 ffn_dim=11008 n_heads=32 shards=2
[gpu-debug] op plan (with inferred tensor shapes):
  - op#00  op=LN       shard=-1  x=[1x4096] + w=[4096]  ->  y=[1x4096]  (T=1, K=1594)
  - op#01  op=QK       shard=0   q=[16x1x128] + k=[16x128x1594]  ->  y=[16x1x1594]  (T=1, K=1594)
  - op#02  op=QK       shard=1   q=[16x1x128] + k=[16x128x1594]  ->  y=[16x1x1594]  (T=1, K=1594)
  - op#03  op=Softmax  shard=0   scores=[16x1x1594]  ->  y=[16x1x1594]  (T=1, K=1594)
  - op#04  op=Softmax  shard=1   scores=[16x1x1594]  ->  y=[16x1x1594]  (T=1, K=1594)
  - op#05  op=SV       shard=0   p=[16x1x1594] + v=[16x1594x128]  ->  y=[16x1x128]  (T=1, K=1594)
  - op#06  op=SV       shard=1   p=[16x1x1594] + v=[16x1594x128]  ->  y=[16x1x128]  (T=1, K=1594)
  - op#07  op=Add      shard=-1  a=[1x4096] + b=[1x4096]  ->  y=[1x4096]  (T=1, K=1594)
  - op#08  op=LN       shard=-1  x=[1x4096] + w=[4096]  ->  y=[1x4096]  (T=1, K=1594)
  - op#09  op=SwiGLU   shard=0   a=[1x5504] + b=[1x5504]  ->  y=[1x5504]  (T=1, K=1594)
  - op#10  op=SwiGLU   shard=1   a=[1x5504] + b=[1x5504]  ->  y=[1x5504]  (T=1, K=1594)
  - op#11  op=Add      shard=-1  a=[1x4096] + b=[1x4096]  ->  y=[1x4096]  (T=1, K=1594)
[gpu-debug] per-op timing breakdown (avg over iters):
  idx  op       sh  io                                                    time   est_flops    TFLOPs       bytes      GB/s
  ------------------------------------------------------------------------------------------------------------------------
    0  LN       -1  x[1x4096]+w[4096]->y[1x4096]                        0.063ms    20.480 K      0.00   24.00 KiB      0.39
    1  QK        0  q[16x1x128]+k[16x128x1594]->y[16x1x1594]            0.054ms     6.529 M      0.12    6.28 MiB    122.47
    2  QK        1  q[16x1x128]+k[16x128x1594]->y[16x1x1594]            0.042ms     6.529 M      0.16    6.28 MiB    157.98
    3  Softmax   0  scores[16x1x1594]->y[16x1x1594]                     0.026ms   127.520 K      0.00   99.62 KiB      3.92
    4  Softmax   1  scores[16x1x1594]->y[16x1x1594]                     0.020ms   127.520 K      0.01   99.62 KiB      5.11
    5  SV        0  p[16x1x1594]+v[16x1594x128]->y[16x1x128]            0.034ms     6.529 M      0.19    6.28 MiB    191.36
    6  SV        1  p[16x1x1594]+v[16x1594x128]->y[16x1x128]            0.031ms     6.529 M      0.21    6.28 MiB    210.81
    7  Add      -1  a[1x4096]+b[1x4096]->y[1x4096]                      0.008ms     4.096 K      0.00   24.00 KiB      2.89
    8  LN       -1  x[1x4096]+w[4096]->y[1x4096]                        0.065ms    20.480 K      0.00   24.00 KiB      0.38
    9  SwiGLU    0  a[1x5504]+b[1x5504]->y[1x5504]                      0.025ms    33.024 K      0.00   32.25 KiB      1.33
   10  SwiGLU    1  a[1x5504]+b[1x5504]->y[1x5504]                      0.022ms    33.024 K      0.00   32.25 KiB      1.54
   11  Add      -1  a[1x4096]+b[1x4096]->y[1x4096]                      0.015ms     4.096 K      0.00   24.00 KiB      1.59
[gpu-debug] segment avg latency (cuda_events): 0.255 ms
[gpu-debug] sum(per-op)               : 0.404 ms (ratio=1.587)
[gpu-debug] NOTE: sum(per-op) may differ from segment latency due to Python overhead, event/launch overhead, and allocator/cache effects.
[gpu-debug] cuda mem before warmup: alloc=156.82 MiB reserved=182.00 MiB
[gpu-debug] cuda mem after warmup : alloc=169.32 MiB reserved=202.00 MiB
[gpu-debug] cuda mem peak (this segment): max_alloc=169.42 MiB max_reserved=202.00 MiB
========================================================================================
[gpu-debug] segment_key=npu|decode|113|48322b0ab0207f84448cb08e6eac5594
[gpu-debug] sig: device_type=npu phase=decode step=113 (count_hint=32)
[gpu-debug] ops_repr: LN:-1,QK:0,QK:1,Softmax:0,Softmax:1,SV:0,SV:1,Add:-1,LN:-1,SwiGLU:0,SwiGLU:1,Add:-1
[gpu-debug] cfg: device=cuda dtype=torch.bfloat16 dim=4096 ffn_dim=11008 n_heads=32 shards=2
[gpu-debug] op plan (with inferred tensor shapes):
  - op#00  op=LN       shard=-1  x=[1x4096] + w=[4096]  ->  y=[1x4096]  (T=1, K=1606)
  - op#01  op=QK       shard=0   q=[16x1x128] + k=[16x128x1606]  ->  y=[16x1x1606]  (T=1, K=1606)
  - op#02  op=QK       shard=1   q=[16x1x128] + k=[16x128x1606]  ->  y=[16x1x1606]  (T=1, K=1606)
  - op#03  op=Softmax  shard=0   scores=[16x1x1606]  ->  y=[16x1x1606]  (T=1, K=1606)
  - op#04  op=Softmax  shard=1   scores=[16x1x1606]  ->  y=[16x1x1606]  (T=1, K=1606)
  - op#05  op=SV       shard=0   p=[16x1x1606] + v=[16x1606x128]  ->  y=[16x1x128]  (T=1, K=1606)
  - op#06  op=SV       shard=1   p=[16x1x1606] + v=[16x1606x128]  ->  y=[16x1x128]  (T=1, K=1606)
  - op#07  op=Add      shard=-1  a=[1x4096] + b=[1x4096]  ->  y=[1x4096]  (T=1, K=1606)
  - op#08  op=LN       shard=-1  x=[1x4096] + w=[4096]  ->  y=[1x4096]  (T=1, K=1606)
  - op#09  op=SwiGLU   shard=0   a=[1x5504] + b=[1x5504]  ->  y=[1x5504]  (T=1, K=1606)
  - op#10  op=SwiGLU   shard=1   a=[1x5504] + b=[1x5504]  ->  y=[1x5504]  (T=1, K=1606)
  - op#11  op=Add      shard=-1  a=[1x4096] + b=[1x4096]  ->  y=[1x4096]  (T=1, K=1606)
[gpu-debug] per-op timing breakdown (avg over iters):
  idx  op       sh  io                                                    time   est_flops    TFLOPs       bytes      GB/s
  ------------------------------------------------------------------------------------------------------------------------
    0  LN       -1  x[1x4096]+w[4096]->y[1x4096]                        0.064ms    20.480 K      0.00   24.00 KiB      0.39
    1  QK        0  q[16x1x128]+k[16x128x1606]->y[16x1x1606]            0.051ms     6.578 M      0.13    6.33 MiB    129.05
    2  QK        1  q[16x1x128]+k[16x128x1606]->y[16x1x1606]            0.042ms     6.578 M      0.16    6.33 MiB    158.78
    3  Softmax   0  scores[16x1x1606]->y[16x1x1606]                     0.026ms   128.480 K      0.00  100.38 KiB      3.92
    4  Softmax   1  scores[16x1x1606]->y[16x1x1606]                     0.020ms   128.480 K      0.01  100.38 KiB      5.07
    5  SV        0  p[16x1x1606]+v[16x1606x128]->y[16x1x128]            0.032ms     6.578 M      0.20    6.33 MiB    204.36
    6  SV        1  p[16x1x1606]+v[16x1606x128]->y[16x1x128]            0.031ms     6.578 M      0.21    6.33 MiB    216.66
    7  Add      -1  a[1x4096]+b[1x4096]->y[1x4096]                      0.010ms     4.096 K      0.00   24.00 KiB      2.50
    8  LN       -1  x[1x4096]+w[4096]->y[1x4096]                        0.063ms    20.480 K      0.00   24.00 KiB      0.39
    9  SwiGLU    0  a[1x5504]+b[1x5504]->y[1x5504]                      0.024ms    33.024 K      0.00   32.25 KiB      1.37
   10  SwiGLU    1  a[1x5504]+b[1x5504]->y[1x5504]                      0.022ms    33.024 K      0.00   32.25 KiB      1.54
   11  Add      -1  a[1x4096]+b[1x4096]->y[1x4096]                      0.015ms     4.096 K      0.00   24.00 KiB      1.59
[gpu-debug] segment avg latency (cuda_events): 0.254 ms
[gpu-debug] sum(per-op)               : 0.400 ms (ratio=1.575)
[gpu-debug] NOTE: sum(per-op) may differ from segment latency due to Python overhead, event/launch overhead, and allocator/cache effects.
[gpu-debug] cuda mem before warmup: alloc=169.32 MiB reserved=202.00 MiB
[gpu-debug] cuda mem after warmup : alloc=181.92 MiB reserved=202.00 MiB
[gpu-debug] cuda mem peak (this segment): max_alloc=182.02 MiB max_reserved=202.00 MiB
========================================================================================
[gpu-debug] segment_key=npu|decode|114|48322b0ab0207f84448cb08e6eac5594
[gpu-debug] sig: device_type=npu phase=decode step=114 (count_hint=32)
[gpu-debug] ops_repr: LN:-1,QK:0,QK:1,Softmax:0,Softmax:1,SV:0,SV:1,Add:-1,LN:-1,SwiGLU:0,SwiGLU:1,Add:-1
[gpu-debug] cfg: device=cuda dtype=torch.bfloat16 dim=4096 ffn_dim=11008 n_heads=32 shards=2
[gpu-debug] op plan (with inferred tensor shapes):
  - op#00  op=LN       shard=-1  x=[1x4096] + w=[4096]  ->  y=[1x4096]  (T=1, K=1618)
  - op#01  op=QK       shard=0   q=[16x1x128] + k=[16x128x1618]  ->  y=[16x1x1618]  (T=1, K=1618)
  - op#02  op=QK       shard=1   q=[16x1x128] + k=[16x128x1618]  ->  y=[16x1x1618]  (T=1, K=1618)
  - op#03  op=Softmax  shard=0   scores=[16x1x1618]  ->  y=[16x1x1618]  (T=1, K=1618)
  - op#04  op=Softmax  shard=1   scores=[16x1x1618]  ->  y=[16x1x1618]  (T=1, K=1618)
  - op#05  op=SV       shard=0   p=[16x1x1618] + v=[16x1618x128]  ->  y=[16x1x128]  (T=1, K=1618)
  - op#06  op=SV       shard=1   p=[16x1x1618] + v=[16x1618x128]  ->  y=[16x1x128]  (T=1, K=1618)
  - op#07  op=Add      shard=-1  a=[1x4096] + b=[1x4096]  ->  y=[1x4096]  (T=1, K=1618)
  - op#08  op=LN       shard=-1  x=[1x4096] + w=[4096]  ->  y=[1x4096]  (T=1, K=1618)
  - op#09  op=SwiGLU   shard=0   a=[1x5504] + b=[1x5504]  ->  y=[1x5504]  (T=1, K=1618)
  - op#10  op=SwiGLU   shard=1   a=[1x5504] + b=[1x5504]  ->  y=[1x5504]  (T=1, K=1618)
  - op#11  op=Add      shard=-1  a=[1x4096] + b=[1x4096]  ->  y=[1x4096]  (T=1, K=1618)
[gpu-debug] per-op timing breakdown (avg over iters):
  idx  op       sh  io                                                    time   est_flops    TFLOPs       bytes      GB/s
  ------------------------------------------------------------------------------------------------------------------------
    0  LN       -1  x[1x4096]+w[4096]->y[1x4096]                        0.062ms    20.480 K      0.00   24.00 KiB      0.39
    1  QK        0  q[16x1x128]+k[16x128x1618]->y[16x1x1618]            0.051ms     6.627 M      0.13    6.37 MiB    131.85
    2  QK        1  q[16x1x128]+k[16x128x1618]->y[16x1x1618]            0.042ms     6.627 M      0.16    6.37 MiB    160.75
    3  Softmax   0  scores[16x1x1618]->y[16x1x1618]                     0.026ms   129.440 K      0.00  101.12 KiB      4.00
    4  Softmax   1  scores[16x1x1618]->y[16x1x1618]                     0.020ms   129.440 K      0.01  101.12 KiB      5.11
    5  SV        0  p[16x1x1618]+v[16x1618x128]->y[16x1x128]            0.033ms     6.627 M      0.20    6.37 MiB    205.24
    6  SV        1  p[16x1x1618]+v[16x1618x128]->y[16x1x128]            0.031ms     6.627 M      0.21    6.37 MiB    215.40
    7  Add      -1  a[1x4096]+b[1x4096]->y[1x4096]                      0.010ms     4.096 K      0.00   24.00 KiB      2.50
    8  LN       -1  x[1x4096]+w[4096]->y[1x4096]                        0.066ms    20.480 K      0.00   24.00 KiB      0.37
    9  SwiGLU    0  a[1x5504]+b[1x5504]->y[1x5504]                      0.025ms    33.024 K      0.00   32.25 KiB      1.33
   10  SwiGLU    1  a[1x5504]+b[1x5504]->y[1x5504]                      0.022ms    33.024 K      0.00   32.25 KiB      1.52
   11  Add      -1  a[1x4096]+b[1x4096]->y[1x4096]                      0.016ms     4.096 K      0.00   24.00 KiB      1.57
[gpu-debug] segment avg latency (cuda_events): 0.255 ms
[gpu-debug] sum(per-op)               : 0.403 ms (ratio=1.581)
[gpu-debug] NOTE: sum(per-op) may differ from segment latency due to Python overhead, event/launch overhead, and allocator/cache effects.
[gpu-debug] cuda mem before warmup: alloc=181.92 MiB reserved=202.00 MiB
[gpu-debug] cuda mem after warmup : alloc=194.61 MiB reserved=222.00 MiB
[gpu-debug] cuda mem peak (this segment): max_alloc=194.71 MiB max_reserved=222.00 MiB
========================================================================================
[gpu-debug] segment_key=npu|decode|115|48322b0ab0207f84448cb08e6eac5594
[gpu-debug] sig: device_type=npu phase=decode step=115 (count_hint=32)
[gpu-debug] ops_repr: LN:-1,QK:0,QK:1,Softmax:0,Softmax:1,SV:0,SV:1,Add:-1,LN:-1,SwiGLU:0,SwiGLU:1,Add:-1
[gpu-debug] cfg: device=cuda dtype=torch.bfloat16 dim=4096 ffn_dim=11008 n_heads=32 shards=2
[gpu-debug] op plan (with inferred tensor shapes):
  - op#00  op=LN       shard=-1  x=[1x4096] + w=[4096]  ->  y=[1x4096]  (T=1, K=1630)
  - op#01  op=QK       shard=0   q=[16x1x128] + k=[16x128x1630]  ->  y=[16x1x1630]  (T=1, K=1630)
  - op#02  op=QK       shard=1   q=[16x1x128] + k=[16x128x1630]  ->  y=[16x1x1630]  (T=1, K=1630)
  - op#03  op=Softmax  shard=0   scores=[16x1x1630]  ->  y=[16x1x1630]  (T=1, K=1630)
  - op#04  op=Softmax  shard=1   scores=[16x1x1630]  ->  y=[16x1x1630]  (T=1, K=1630)
  - op#05  op=SV       shard=0   p=[16x1x1630] + v=[16x1630x128]  ->  y=[16x1x128]  (T=1, K=1630)
  - op#06  op=SV       shard=1   p=[16x1x1630] + v=[16x1630x128]  ->  y=[16x1x128]  (T=1, K=1630)
  - op#07  op=Add      shard=-1  a=[1x4096] + b=[1x4096]  ->  y=[1x4096]  (T=1, K=1630)
  - op#08  op=LN       shard=-1  x=[1x4096] + w=[4096]  ->  y=[1x4096]  (T=1, K=1630)
  - op#09  op=SwiGLU   shard=0   a=[1x5504] + b=[1x5504]  ->  y=[1x5504]  (T=1, K=1630)
  - op#10  op=SwiGLU   shard=1   a=[1x5504] + b=[1x5504]  ->  y=[1x5504]  (T=1, K=1630)
  - op#11  op=Add      shard=-1  a=[1x4096] + b=[1x4096]  ->  y=[1x4096]  (T=1, K=1630)
[gpu-debug] per-op timing breakdown (avg over iters):
  idx  op       sh  io                                                    time   est_flops    TFLOPs       bytes      GB/s
  ------------------------------------------------------------------------------------------------------------------------
    0  LN       -1  x[1x4096]+w[4096]->y[1x4096]                        0.063ms    20.480 K      0.00   24.00 KiB      0.39
    1  QK        0  q[16x1x128]+k[16x128x1630]->y[16x1x1630]            0.051ms     6.676 M      0.13    6.42 MiB    132.56
    2  QK        1  q[16x1x128]+k[16x128x1630]->y[16x1x1630]            0.045ms     6.676 M      0.15    6.42 MiB    150.46
    3  Softmax   0  scores[16x1x1630]->y[16x1x1630]                     0.027ms   130.400 K      0.00  101.88 KiB      3.93
    4  Softmax   1  scores[16x1x1630]->y[16x1x1630]                     0.020ms   130.400 K      0.01  101.88 KiB      5.15
    5  SV        0  p[16x1x1630]+v[16x1630x128]->y[16x1x128]            0.034ms     6.676 M      0.20    6.42 MiB    197.45
    6  SV        1  p[16x1x1630]+v[16x1630x128]->y[16x1x128]            0.031ms     6.676 M      0.21    6.42 MiB    214.17
    7  Add      -1  a[1x4096]+b[1x4096]->y[1x4096]                      0.009ms     4.096 K      0.00   24.00 KiB      2.82
    8  LN       -1  x[1x4096]+w[4096]->y[1x4096]                        0.064ms    20.480 K      0.00   24.00 KiB      0.39
    9  SwiGLU    0  a[1x5504]+b[1x5504]->y[1x5504]                      0.024ms    33.024 K      0.00   32.25 KiB      1.37
   10  SwiGLU    1  a[1x5504]+b[1x5504]->y[1x5504]                      0.021ms    33.024 K      0.00   32.25 KiB      1.54
   11  Add      -1  a[1x4096]+b[1x4096]->y[1x4096]                      0.016ms     4.096 K      0.00   24.00 KiB      1.57
[gpu-debug] segment avg latency (cuda_events): 0.257 ms
[gpu-debug] sum(per-op)               : 0.404 ms (ratio=1.572)
[gpu-debug] NOTE: sum(per-op) may differ from segment latency due to Python overhead, event/launch overhead, and allocator/cache effects.
[gpu-debug] cuda mem before warmup: alloc=194.61 MiB reserved=222.00 MiB
[gpu-debug] cuda mem after warmup : alloc=208.38 MiB reserved=242.00 MiB
[gpu-debug] cuda mem peak (this segment): max_alloc=208.48 MiB max_reserved=242.00 MiB
========================================================================================
[gpu-debug] segment_key=npu|decode|116|48322b0ab0207f84448cb08e6eac5594
[gpu-debug] sig: device_type=npu phase=decode step=116 (count_hint=32)
[gpu-debug] ops_repr: LN:-1,QK:0,QK:1,Softmax:0,Softmax:1,SV:0,SV:1,Add:-1,LN:-1,SwiGLU:0,SwiGLU:1,Add:-1
[gpu-debug] cfg: device=cuda dtype=torch.bfloat16 dim=4096 ffn_dim=11008 n_heads=32 shards=2
[gpu-debug] op plan (with inferred tensor shapes):
  - op#00  op=LN       shard=-1  x=[1x4096] + w=[4096]  ->  y=[1x4096]  (T=1, K=1642)
  - op#01  op=QK       shard=0   q=[16x1x128] + k=[16x128x1642]  ->  y=[16x1x1642]  (T=1, K=1642)
  - op#02  op=QK       shard=1   q=[16x1x128] + k=[16x128x1642]  ->  y=[16x1x1642]  (T=1, K=1642)
  - op#03  op=Softmax  shard=0   scores=[16x1x1642]  ->  y=[16x1x1642]  (T=1, K=1642)
  - op#04  op=Softmax  shard=1   scores=[16x1x1642]  ->  y=[16x1x1642]  (T=1, K=1642)
  - op#05  op=SV       shard=0   p=[16x1x1642] + v=[16x1642x128]  ->  y=[16x1x128]  (T=1, K=1642)
  - op#06  op=SV       shard=1   p=[16x1x1642] + v=[16x1642x128]  ->  y=[16x1x128]  (T=1, K=1642)
  - op#07  op=Add      shard=-1  a=[1x4096] + b=[1x4096]  ->  y=[1x4096]  (T=1, K=1642)
  - op#08  op=LN       shard=-1  x=[1x4096] + w=[4096]  ->  y=[1x4096]  (T=1, K=1642)
  - op#09  op=SwiGLU   shard=0   a=[1x5504] + b=[1x5504]  ->  y=[1x5504]  (T=1, K=1642)
  - op#10  op=SwiGLU   shard=1   a=[1x5504] + b=[1x5504]  ->  y=[1x5504]  (T=1, K=1642)
  - op#11  op=Add      shard=-1  a=[1x4096] + b=[1x4096]  ->  y=[1x4096]  (T=1, K=1642)
[gpu-debug] per-op timing breakdown (avg over iters):
  idx  op       sh  io                                                    time   est_flops    TFLOPs       bytes      GB/s
  ------------------------------------------------------------------------------------------------------------------------
    0  LN       -1  x[1x4096]+w[4096]->y[1x4096]                        0.062ms    20.480 K      0.00   24.00 KiB      0.39
    1  QK        0  q[16x1x128]+k[16x128x1642]->y[16x1x1642]            0.054ms     6.726 M      0.12    6.47 MiB    125.44
    2  QK        1  q[16x1x128]+k[16x128x1642]->y[16x1x1642]            0.042ms     6.726 M      0.16    6.47 MiB    161.94
    3  Softmax   0  scores[16x1x1642]->y[16x1x1642]                     0.027ms   131.360 K      0.00  102.62 KiB      3.93
    4  Softmax   1  scores[16x1x1642]->y[16x1x1642]                     0.021ms   131.360 K      0.01  102.62 KiB      5.08
    5  SV        0  p[16x1x1642]+v[16x1642x128]->y[16x1x128]            0.033ms     6.726 M      0.21    6.47 MiB    206.98
    6  SV        1  p[16x1x1642]+v[16x1642x128]->y[16x1x128]            0.031ms     6.726 M      0.21    6.47 MiB    216.45
    7  Add      -1  a[1x4096]+b[1x4096]->y[1x4096]                      0.008ms     4.096 K      0.00   24.00 KiB      2.89
    8  LN       -1  x[1x4096]+w[4096]->y[1x4096]                        0.064ms    20.480 K      0.00   24.00 KiB      0.38
    9  SwiGLU    0  a[1x5504]+b[1x5504]->y[1x5504]                      0.024ms    33.024 K      0.00   32.25 KiB      1.36
   10  SwiGLU    1  a[1x5504]+b[1x5504]->y[1x5504]                      0.022ms    33.024 K      0.00   32.25 KiB      1.51
   11  Add      -1  a[1x4096]+b[1x4096]->y[1x4096]                      0.016ms     4.096 K      0.00   24.00 KiB      1.58
[gpu-debug] segment avg latency (cuda_events): 0.256 ms
[gpu-debug] sum(per-op)               : 0.404 ms (ratio=1.579)
[gpu-debug] NOTE: sum(per-op) may differ from segment latency due to Python overhead, event/launch overhead, and allocator/cache effects.
[gpu-debug] cuda mem before warmup: alloc=208.38 MiB reserved=242.00 MiB
[gpu-debug] cuda mem after warmup : alloc=222.07 MiB reserved=242.00 MiB
[gpu-debug] cuda mem peak (this segment): max_alloc=222.17 MiB max_reserved=242.00 MiB
========================================================================================
[gpu-debug] segment_key=npu|decode|117|48322b0ab0207f84448cb08e6eac5594
[gpu-debug] sig: device_type=npu phase=decode step=117 (count_hint=32)
[gpu-debug] ops_repr: LN:-1,QK:0,QK:1,Softmax:0,Softmax:1,SV:0,SV:1,Add:-1,LN:-1,SwiGLU:0,SwiGLU:1,Add:-1
[gpu-debug] cfg: device=cuda dtype=torch.bfloat16 dim=4096 ffn_dim=11008 n_heads=32 shards=2
[gpu-debug] op plan (with inferred tensor shapes):
  - op#00  op=LN       shard=-1  x=[1x4096] + w=[4096]  ->  y=[1x4096]  (T=1, K=1654)
  - op#01  op=QK       shard=0   q=[16x1x128] + k=[16x128x1654]  ->  y=[16x1x1654]  (T=1, K=1654)
  - op#02  op=QK       shard=1   q=[16x1x128] + k=[16x128x1654]  ->  y=[16x1x1654]  (T=1, K=1654)
  - op#03  op=Softmax  shard=0   scores=[16x1x1654]  ->  y=[16x1x1654]  (T=1, K=1654)
  - op#04  op=Softmax  shard=1   scores=[16x1x1654]  ->  y=[16x1x1654]  (T=1, K=1654)
  - op#05  op=SV       shard=0   p=[16x1x1654] + v=[16x1654x128]  ->  y=[16x1x128]  (T=1, K=1654)
  - op#06  op=SV       shard=1   p=[16x1x1654] + v=[16x1654x128]  ->  y=[16x1x128]  (T=1, K=1654)
  - op#07  op=Add      shard=-1  a=[1x4096] + b=[1x4096]  ->  y=[1x4096]  (T=1, K=1654)
  - op#08  op=LN       shard=-1  x=[1x4096] + w=[4096]  ->  y=[1x4096]  (T=1, K=1654)
  - op#09  op=SwiGLU   shard=0   a=[1x5504] + b=[1x5504]  ->  y=[1x5504]  (T=1, K=1654)
  - op#10  op=SwiGLU   shard=1   a=[1x5504] + b=[1x5504]  ->  y=[1x5504]  (T=1, K=1654)
  - op#11  op=Add      shard=-1  a=[1x4096] + b=[1x4096]  ->  y=[1x4096]  (T=1, K=1654)
[gpu-debug] per-op timing breakdown (avg over iters):
  idx  op       sh  io                                                    time   est_flops    TFLOPs       bytes      GB/s
  ------------------------------------------------------------------------------------------------------------------------
    0  LN       -1  x[1x4096]+w[4096]->y[1x4096]                        0.063ms    20.480 K      0.00   24.00 KiB      0.39
    1  QK        0  q[16x1x128]+k[16x128x1654]->y[16x1x1654]            0.052ms     6.775 M      0.13    6.52 MiB    132.37
    2  QK        1  q[16x1x128]+k[16x128x1654]->y[16x1x1654]            0.042ms     6.775 M      0.16    6.52 MiB    164.33
    3  Softmax   0  scores[16x1x1654]->y[16x1x1654]                     0.022ms   132.320 K      0.01  103.38 KiB      4.72
    4  Softmax   1  scores[16x1x1654]->y[16x1x1654]                     0.018ms   132.320 K      0.01  103.38 KiB      5.74
    5  SV        0  p[16x1x1654]+v[16x1654x128]->y[16x1x128]            0.035ms     6.775 M      0.19    6.52 MiB    194.51
    6  SV        1  p[16x1x1654]+v[16x1654x128]->y[16x1x128]            0.031ms     6.775 M      0.22    6.52 MiB    218.03
    7  Add      -1  a[1x4096]+b[1x4096]->y[1x4096]                      0.015ms     4.096 K      0.00   24.00 KiB      1.68
    8  LN       -1  x[1x4096]+w[4096]->y[1x4096]                        0.066ms    20.480 K      0.00   24.00 KiB      0.37
    9  SwiGLU    0  a[1x5504]+b[1x5504]->y[1x5504]                      0.024ms    33.024 K      0.00   32.25 KiB      1.37
   10  SwiGLU    1  a[1x5504]+b[1x5504]->y[1x5504]                      0.021ms    33.024 K      0.00   32.25 KiB      1.56
   11  Add      -1  a[1x4096]+b[1x4096]->y[1x4096]                      0.016ms     4.096 K      0.00   24.00 KiB      1.55
[gpu-debug] segment avg latency (cuda_events): 0.257 ms
[gpu-debug] sum(per-op)               : 0.405 ms (ratio=1.577)
[gpu-debug] NOTE: sum(per-op) may differ from segment latency due to Python overhead, event/launch overhead, and allocator/cache effects.
[gpu-debug] cuda mem before warmup: alloc=222.07 MiB reserved=242.00 MiB
[gpu-debug] cuda mem after warmup : alloc=235.04 MiB reserved=262.00 MiB
[gpu-debug] cuda mem peak (this segment): max_alloc=235.14 MiB max_reserved=262.00 MiB
  progress 20/202
========================================================================================
[gpu-debug] segment_key=npu|decode|118|48322b0ab0207f84448cb08e6eac5594
[gpu-debug] sig: device_type=npu phase=decode step=118 (count_hint=32)
[gpu-debug] ops_repr: LN:-1,QK:0,QK:1,Softmax:0,Softmax:1,SV:0,SV:1,Add:-1,LN:-1,SwiGLU:0,SwiGLU:1,Add:-1
[gpu-debug] cfg: device=cuda dtype=torch.bfloat16 dim=4096 ffn_dim=11008 n_heads=32 shards=2
[gpu-debug] op plan (with inferred tensor shapes):
  - op#00  op=LN       shard=-1  x=[1x4096] + w=[4096]  ->  y=[1x4096]  (T=1, K=1666)
  - op#01  op=QK       shard=0   q=[16x1x128] + k=[16x128x1666]  ->  y=[16x1x1666]  (T=1, K=1666)
  - op#02  op=QK       shard=1   q=[16x1x128] + k=[16x128x1666]  ->  y=[16x1x1666]  (T=1, K=1666)
  - op#03  op=Softmax  shard=0   scores=[16x1x1666]  ->  y=[16x1x1666]  (T=1, K=1666)
  - op#04  op=Softmax  shard=1   scores=[16x1x1666]  ->  y=[16x1x1666]  (T=1, K=1666)
  - op#05  op=SV       shard=0   p=[16x1x1666] + v=[16x1666x128]  ->  y=[16x1x128]  (T=1, K=1666)
  - op#06  op=SV       shard=1   p=[16x1x1666] + v=[16x1666x128]  ->  y=[16x1x128]  (T=1, K=1666)
  - op#07  op=Add      shard=-1  a=[1x4096] + b=[1x4096]  ->  y=[1x4096]  (T=1, K=1666)
  - op#08  op=LN       shard=-1  x=[1x4096] + w=[4096]  ->  y=[1x4096]  (T=1, K=1666)
  - op#09  op=SwiGLU   shard=0   a=[1x5504] + b=[1x5504]  ->  y=[1x5504]  (T=1, K=1666)
  - op#10  op=SwiGLU   shard=1   a=[1x5504] + b=[1x5504]  ->  y=[1x5504]  (T=1, K=1666)
  - op#11  op=Add      shard=-1  a=[1x4096] + b=[1x4096]  ->  y=[1x4096]  (T=1, K=1666)
[gpu-debug] per-op timing breakdown (avg over iters):
  idx  op       sh  io                                                    time   est_flops    TFLOPs       bytes      GB/s
  ------------------------------------------------------------------------------------------------------------------------
    0  LN       -1  x[1x4096]+w[4096]->y[1x4096]                        0.062ms    20.480 K      0.00   24.00 KiB      0.39
    1  QK        0  q[16x1x128]+k[16x128x1666]->y[16x1x1666]            0.054ms     6.824 M      0.13    6.56 MiB    128.00
    2  QK        1  q[16x1x128]+k[16x128x1666]->y[16x1x1666]            0.042ms     6.824 M      0.16    6.56 MiB    162.32
    3  Softmax   0  scores[16x1x1666]->y[16x1x1666]                     0.022ms   133.280 K      0.01  104.12 KiB      4.78
    4  Softmax   1  scores[16x1x1666]->y[16x1x1666]                     0.019ms   133.280 K      0.01  104.12 KiB      5.66
    5  SV        0  p[16x1x1666]+v[16x1666x128]->y[16x1x128]            0.034ms     6.824 M      0.20    6.56 MiB    201.20
    6  SV        1  p[16x1x1666]+v[16x1666x128]->y[16x1x128]            0.031ms     6.824 M      0.22    6.56 MiB    218.89
    7  Add      -1  a[1x4096]+b[1x4096]->y[1x4096]                      0.015ms     4.096 K      0.00   24.00 KiB      1.63
    8  LN       -1  x[1x4096]+w[4096]->y[1x4096]                        0.065ms    20.480 K      0.00   24.00 KiB      0.38
    9  SwiGLU    0  a[1x5504]+b[1x5504]->y[1x5504]                      0.025ms    33.024 K      0.00   32.25 KiB      1.32
   10  SwiGLU    1  a[1x5504]+b[1x5504]->y[1x5504]                      0.022ms    33.024 K      0.00   32.25 KiB      1.52
   11  Add      -1  a[1x4096]+b[1x4096]->y[1x4096]                      0.016ms     4.096 K      0.00   24.00 KiB      1.53
[gpu-debug] segment avg latency (cuda_events): 0.257 ms
[gpu-debug] sum(per-op)               : 0.408 ms (ratio=1.585)
[gpu-debug] NOTE: sum(per-op) may differ from segment latency due to Python overhead, event/launch overhead, and allocator/cache effects.
[gpu-debug] cuda mem before warmup: alloc=235.04 MiB reserved=262.00 MiB
[gpu-debug] cuda mem after warmup : alloc=248.68 MiB reserved=282.00 MiB
[gpu-debug] cuda mem peak (this segment): max_alloc=248.78 MiB max_reserved=282.00 MiB
========================================================================================
[gpu-debug] segment_key=npu|decode|119|48322b0ab0207f84448cb08e6eac5594
[gpu-debug] sig: device_type=npu phase=decode step=119 (count_hint=32)
[gpu-debug] ops_repr: LN:-1,QK:0,QK:1,Softmax:0,Softmax:1,SV:0,SV:1,Add:-1,LN:-1,SwiGLU:0,SwiGLU:1,Add:-1
[gpu-debug] cfg: device=cuda dtype=torch.bfloat16 dim=4096 ffn_dim=11008 n_heads=32 shards=2
[gpu-debug] op plan (with inferred tensor shapes):
  - op#00  op=LN       shard=-1  x=[1x4096] + w=[4096]  ->  y=[1x4096]  (T=1, K=1678)
  - op#01  op=QK       shard=0   q=[16x1x128] + k=[16x128x1678]  ->  y=[16x1x1678]  (T=1, K=1678)
  - op#02  op=QK       shard=1   q=[16x1x128] + k=[16x128x1678]  ->  y=[16x1x1678]  (T=1, K=1678)
  - op#03  op=Softmax  shard=0   scores=[16x1x1678]  ->  y=[16x1x1678]  (T=1, K=1678)
  - op#04  op=Softmax  shard=1   scores=[16x1x1678]  ->  y=[16x1x1678]  (T=1, K=1678)
  - op#05  op=SV       shard=0   p=[16x1x1678] + v=[16x1678x128]  ->  y=[16x1x128]  (T=1, K=1678)
  - op#06  op=SV       shard=1   p=[16x1x1678] + v=[16x1678x128]  ->  y=[16x1x128]  (T=1, K=1678)
  - op#07  op=Add      shard=-1  a=[1x4096] + b=[1x4096]  ->  y=[1x4096]  (T=1, K=1678)
  - op#08  op=LN       shard=-1  x=[1x4096] + w=[4096]  ->  y=[1x4096]  (T=1, K=1678)
  - op#09  op=SwiGLU   shard=0   a=[1x5504] + b=[1x5504]  ->  y=[1x5504]  (T=1, K=1678)
  - op#10  op=SwiGLU   shard=1   a=[1x5504] + b=[1x5504]  ->  y=[1x5504]  (T=1, K=1678)
  - op#11  op=Add      shard=-1  a=[1x4096] + b=[1x4096]  ->  y=[1x4096]  (T=1, K=1678)
[gpu-debug] per-op timing breakdown (avg over iters):
  idx  op       sh  io                                                    time   est_flops    TFLOPs       bytes      GB/s
  ------------------------------------------------------------------------------------------------------------------------
    0  LN       -1  x[1x4096]+w[4096]->y[1x4096]                        0.063ms    20.480 K      0.00   24.00 KiB      0.39
    1  QK        0  q[16x1x128]+k[16x128x1678]->y[16x1x1678]            0.054ms     6.873 M      0.13    6.61 MiB    129.17
    2  QK        1  q[16x1x128]+k[16x128x1678]->y[16x1x1678]            0.042ms     6.873 M      0.16    6.61 MiB    163.88
    3  Softmax   0  scores[16x1x1678]->y[16x1x1678]                     0.023ms   134.240 K      0.01  104.88 KiB      4.75
    4  Softmax   1  scores[16x1x1678]->y[16x1x1678]                     0.019ms   134.240 K      0.01  104.88 KiB      5.67
    5  SV        0  p[16x1x1678]+v[16x1678x128]->y[16x1x128]            0.035ms     6.873 M      0.20    6.61 MiB    197.91
    6  SV        1  p[16x1x1678]+v[16x1678x128]->y[16x1x128]            0.031ms     6.873 M      0.22    6.61 MiB    221.92
    7  Add      -1  a[1x4096]+b[1x4096]->y[1x4096]                      0.015ms     4.096 K      0.00   24.00 KiB      1.61
    8  LN       -1  x[1x4096]+w[4096]->y[1x4096]                        0.064ms    20.480 K      0.00   24.00 KiB      0.38
    9  SwiGLU    0  a[1x5504]+b[1x5504]->y[1x5504]                      0.024ms    33.024 K      0.00   32.25 KiB      1.36
   10  SwiGLU    1  a[1x5504]+b[1x5504]->y[1x5504]                      0.022ms    33.024 K      0.00   32.25 KiB      1.52
   11  Add      -1  a[1x4096]+b[1x4096]->y[1x4096]                      0.016ms     4.096 K      0.00   24.00 KiB      1.58
[gpu-debug] segment avg latency (cuda_events): 0.257 ms
[gpu-debug] sum(per-op)               : 0.408 ms (ratio=1.586)
[gpu-debug] NOTE: sum(per-op) may differ from segment latency due to Python overhead, event/launch overhead, and allocator/cache effects.
[gpu-debug] cuda mem before warmup: alloc=248.68 MiB reserved=282.00 MiB
[gpu-debug] cuda mem after warmup : alloc=262.22 MiB reserved=282.00 MiB
[gpu-debug] cuda mem peak (this segment): max_alloc=262.32 MiB max_reserved=282.00 MiB
========================================================================================
[gpu-debug] segment_key=npu|decode|11|48322b0ab0207f84448cb08e6eac5594
[gpu-debug] sig: device_type=npu phase=decode step=11 (count_hint=32)
[gpu-debug] ops_repr: LN:-1,QK:0,QK:1,Softmax:0,Softmax:1,SV:0,SV:1,Add:-1,LN:-1,SwiGLU:0,SwiGLU:1,Add:-1
[gpu-debug] cfg: device=cuda dtype=torch.bfloat16 dim=4096 ffn_dim=11008 n_heads=32 shards=2
[gpu-debug] op plan (with inferred tensor shapes):
  - op#00  op=LN       shard=-1  x=[1x4096] + w=[4096]  ->  y=[1x4096]  (T=1, K=382)
  - op#01  op=QK       shard=0   q=[16x1x128] + k=[16x128x382]  ->  y=[16x1x382]  (T=1, K=382)
  - op#02  op=QK       shard=1   q=[16x1x128] + k=[16x128x382]  ->  y=[16x1x382]  (T=1, K=382)
  - op#03  op=Softmax  shard=0   scores=[16x1x382]  ->  y=[16x1x382]  (T=1, K=382)
  - op#04  op=Softmax  shard=1   scores=[16x1x382]  ->  y=[16x1x382]  (T=1, K=382)
  - op#05  op=SV       shard=0   p=[16x1x382] + v=[16x382x128]  ->  y=[16x1x128]  (T=1, K=382)
  - op#06  op=SV       shard=1   p=[16x1x382] + v=[16x382x128]  ->  y=[16x1x128]  (T=1, K=382)
  - op#07  op=Add      shard=-1  a=[1x4096] + b=[1x4096]  ->  y=[1x4096]  (T=1, K=382)
  - op#08  op=LN       shard=-1  x=[1x4096] + w=[4096]  ->  y=[1x4096]  (T=1, K=382)
  - op#09  op=SwiGLU   shard=0   a=[1x5504] + b=[1x5504]  ->  y=[1x5504]  (T=1, K=382)
  - op#10  op=SwiGLU   shard=1   a=[1x5504] + b=[1x5504]  ->  y=[1x5504]  (T=1, K=382)
  - op#11  op=Add      shard=-1  a=[1x4096] + b=[1x4096]  ->  y=[1x4096]  (T=1, K=382)
[gpu-debug] per-op timing breakdown (avg over iters):
  idx  op       sh  io                                                    time   est_flops    TFLOPs       bytes      GB/s
  ------------------------------------------------------------------------------------------------------------------------
    0  LN       -1  x[1x4096]+w[4096]->y[1x4096]                        0.066ms    20.480 K      0.00   24.00 KiB      0.37
    1  QK        0  q[16x1x128]+k[16x128x382]->y[16x1x382]              0.051ms     1.565 M      0.03    1.51 MiB     30.76
    2  QK        1  q[16x1x128]+k[16x128x382]->y[16x1x382]              0.042ms     1.565 M      0.04    1.51 MiB     38.03
    3  Softmax   0  scores[16x1x382]->y[16x1x382]                       0.018ms    30.560 K      0.00   23.88 KiB      1.36
    4  Softmax   1  scores[16x1x382]->y[16x1x382]                       0.015ms    30.560 K      0.00   23.88 KiB      1.65
    5  SV        0  p[16x1x382]+v[16x382x128]->y[16x1x128]              0.030ms     1.565 M      0.05    1.51 MiB     52.34
    6  SV        1  p[16x1x382]+v[16x382x128]->y[16x1x128]              0.027ms     1.565 M      0.06    1.51 MiB     57.83
    7  Add      -1  a[1x4096]+b[1x4096]->y[1x4096]                      0.018ms     4.096 K      0.00   24.00 KiB      1.35
    8  LN       -1  x[1x4096]+w[4096]->y[1x4096]                        0.064ms    20.480 K      0.00   24.00 KiB      0.38
    9  SwiGLU    0  a[1x5504]+b[1x5504]->y[1x5504]                      0.024ms    33.024 K      0.00   32.25 KiB      1.35
   10  SwiGLU    1  a[1x5504]+b[1x5504]->y[1x5504]                      0.022ms    33.024 K      0.00   32.25 KiB      1.53
   11  Add      -1  a[1x4096]+b[1x4096]->y[1x4096]                      0.016ms     4.096 K      0.00   24.00 KiB      1.55
[gpu-debug] segment avg latency (cuda_events): 0.257 ms
[gpu-debug] sum(per-op)               : 0.393 ms (ratio=1.531)
[gpu-debug] NOTE: sum(per-op) may differ from segment latency due to Python overhead, event/launch overhead, and allocator/cache effects.
[gpu-debug] cuda mem before warmup: alloc=262.22 MiB reserved=282.00 MiB
[gpu-debug] cuda mem after warmup : alloc=266.14 MiB reserved=282.00 MiB
[gpu-debug] cuda mem peak (this segment): max_alloc=266.16 MiB max_reserved=282.00 MiB
========================================================================================
[gpu-debug] segment_key=npu|decode|120|48322b0ab0207f84448cb08e6eac5594
[gpu-debug] sig: device_type=npu phase=decode step=120 (count_hint=32)
[gpu-debug] ops_repr: LN:-1,QK:0,QK:1,Softmax:0,Softmax:1,SV:0,SV:1,Add:-1,LN:-1,SwiGLU:0,SwiGLU:1,Add:-1
[gpu-debug] cfg: device=cuda dtype=torch.bfloat16 dim=4096 ffn_dim=11008 n_heads=32 shards=2
[gpu-debug] op plan (with inferred tensor shapes):
  - op#00  op=LN       shard=-1  x=[1x4096] + w=[4096]  ->  y=[1x4096]  (T=1, K=1690)
  - op#01  op=QK       shard=0   q=[16x1x128] + k=[16x128x1690]  ->  y=[16x1x1690]  (T=1, K=1690)
  - op#02  op=QK       shard=1   q=[16x1x128] + k=[16x128x1690]  ->  y=[16x1x1690]  (T=1, K=1690)
  - op#03  op=Softmax  shard=0   scores=[16x1x1690]  ->  y=[16x1x1690]  (T=1, K=1690)
  - op#04  op=Softmax  shard=1   scores=[16x1x1690]  ->  y=[16x1x1690]  (T=1, K=1690)
  - op#05  op=SV       shard=0   p=[16x1x1690] + v=[16x1690x128]  ->  y=[16x1x128]  (T=1, K=1690)
  - op#06  op=SV       shard=1   p=[16x1x1690] + v=[16x1690x128]  ->  y=[16x1x128]  (T=1, K=1690)
  - op#07  op=Add      shard=-1  a=[1x4096] + b=[1x4096]  ->  y=[1x4096]  (T=1, K=1690)
  - op#08  op=LN       shard=-1  x=[1x4096] + w=[4096]  ->  y=[1x4096]  (T=1, K=1690)
  - op#09  op=SwiGLU   shard=0   a=[1x5504] + b=[1x5504]  ->  y=[1x5504]  (T=1, K=1690)
  - op#10  op=SwiGLU   shard=1   a=[1x5504] + b=[1x5504]  ->  y=[1x5504]  (T=1, K=1690)
  - op#11  op=Add      shard=-1  a=[1x4096] + b=[1x4096]  ->  y=[1x4096]  (T=1, K=1690)
[gpu-debug] per-op timing breakdown (avg over iters):
  idx  op       sh  io                                                    time   est_flops    TFLOPs       bytes      GB/s
  ------------------------------------------------------------------------------------------------------------------------
    0  LN       -1  x[1x4096]+w[4096]->y[1x4096]                        0.062ms    20.480 K      0.00   24.00 KiB      0.40
    1  QK        0  q[16x1x128]+k[16x128x1690]->y[16x1x1690]            0.051ms     6.922 M      0.14    6.66 MiB    136.88
    2  QK        1  q[16x1x128]+k[16x128x1690]->y[16x1x1690]            0.042ms     6.922 M      0.17    6.66 MiB    167.49
    3  Softmax   0  scores[16x1x1690]->y[16x1x1690]                     0.022ms   135.200 K      0.01  105.62 KiB      4.85
    4  Softmax   1  scores[16x1x1690]->y[16x1x1690]                     0.019ms   135.200 K      0.01  105.62 KiB      5.84
    5  SV        0  p[16x1x1690]+v[16x1690x128]->y[16x1x128]            0.035ms     6.922 M      0.20    6.66 MiB    199.32
    6  SV        1  p[16x1x1690]+v[16x1690x128]->y[16x1x128]            0.031ms     6.922 M      0.22    6.66 MiB    225.72
    7  Add      -1  a[1x4096]+b[1x4096]->y[1x4096]                      0.016ms     4.096 K      0.00   24.00 KiB      1.51
    8  LN       -1  x[1x4096]+w[4096]->y[1x4096]                        0.065ms    20.480 K      0.00   24.00 KiB      0.38
    9  SwiGLU    0  a[1x5504]+b[1x5504]->y[1x5504]                      0.024ms    33.024 K      0.00   32.25 KiB      1.36
   10  SwiGLU    1  a[1x5504]+b[1x5504]->y[1x5504]                      0.022ms    33.024 K      0.00   32.25 KiB      1.54
   11  Add      -1  a[1x4096]+b[1x4096]->y[1x4096]                      0.015ms     4.096 K      0.00   24.00 KiB      1.59
[gpu-debug] segment avg latency (cuda_events): 0.258 ms
[gpu-debug] sum(per-op)               : 0.404 ms (ratio=1.566)
[gpu-debug] NOTE: sum(per-op) may differ from segment latency due to Python overhead, event/launch overhead, and allocator/cache effects.
[gpu-debug] cuda mem before warmup: alloc=266.14 MiB reserved=282.00 MiB
[gpu-debug] cuda mem after warmup : alloc=279.39 MiB reserved=302.00 MiB
[gpu-debug] cuda mem peak (this segment): max_alloc=279.50 MiB max_reserved=302.00 MiB
========================================================================================
[gpu-debug] segment_key=npu|decode|121|48322b0ab0207f84448cb08e6eac5594
[gpu-debug] sig: device_type=npu phase=decode step=121 (count_hint=32)
[gpu-debug] ops_repr: LN:-1,QK:0,QK:1,Softmax:0,Softmax:1,SV:0,SV:1,Add:-1,LN:-1,SwiGLU:0,SwiGLU:1,Add:-1
[gpu-debug] cfg: device=cuda dtype=torch.bfloat16 dim=4096 ffn_dim=11008 n_heads=32 shards=2
[gpu-debug] op plan (with inferred tensor shapes):
  - op#00  op=LN       shard=-1  x=[1x4096] + w=[4096]  ->  y=[1x4096]  (T=1, K=1702)
  - op#01  op=QK       shard=0   q=[16x1x128] + k=[16x128x1702]  ->  y=[16x1x1702]  (T=1, K=1702)
  - op#02  op=QK       shard=1   q=[16x1x128] + k=[16x128x1702]  ->  y=[16x1x1702]  (T=1, K=1702)
  - op#03  op=Softmax  shard=0   scores=[16x1x1702]  ->  y=[16x1x1702]  (T=1, K=1702)
  - op#04  op=Softmax  shard=1   scores=[16x1x1702]  ->  y=[16x1x1702]  (T=1, K=1702)
  - op#05  op=SV       shard=0   p=[16x1x1702] + v=[16x1702x128]  ->  y=[16x1x128]  (T=1, K=1702)
  - op#06  op=SV       shard=1   p=[16x1x1702] + v=[16x1702x128]  ->  y=[16x1x128]  (T=1, K=1702)
  - op#07  op=Add      shard=-1  a=[1x4096] + b=[1x4096]  ->  y=[1x4096]  (T=1, K=1702)
  - op#08  op=LN       shard=-1  x=[1x4096] + w=[4096]  ->  y=[1x4096]  (T=1, K=1702)
  - op#09  op=SwiGLU   shard=0   a=[1x5504] + b=[1x5504]  ->  y=[1x5504]  (T=1, K=1702)
  - op#10  op=SwiGLU   shard=1   a=[1x5504] + b=[1x5504]  ->  y=[1x5504]  (T=1, K=1702)
  - op#11  op=Add      shard=-1  a=[1x4096] + b=[1x4096]  ->  y=[1x4096]  (T=1, K=1702)
[gpu-debug] per-op timing breakdown (avg over iters):
  idx  op       sh  io                                                    time   est_flops    TFLOPs       bytes      GB/s
  ------------------------------------------------------------------------------------------------------------------------
    0  LN       -1  x[1x4096]+w[4096]->y[1x4096]                        0.064ms    20.480 K      0.00   24.00 KiB      0.38
    1  QK        0  q[16x1x128]+k[16x128x1702]->y[16x1x1702]            0.053ms     6.971 M      0.13    6.70 MiB    133.05
    2  QK        1  q[16x1x128]+k[16x128x1702]->y[16x1x1702]            0.042ms     6.971 M      0.17    6.70 MiB    168.26
    3  Softmax   0  scores[16x1x1702]->y[16x1x1702]                     0.023ms   136.160 K      0.01  106.38 KiB      4.81
    4  Softmax   1  scores[16x1x1702]->y[16x1x1702]                     0.019ms   136.160 K      0.01  106.38 KiB      5.72
    5  SV        0  p[16x1x1702]+v[16x1702x128]->y[16x1x128]            0.034ms     6.971 M      0.20    6.70 MiB    204.93
    6  SV        1  p[16x1x1702]+v[16x1702x128]->y[16x1x128]            0.031ms     6.971 M      0.22    6.70 MiB    224.35
    7  Add      -1  a[1x4096]+b[1x4096]->y[1x4096]                      0.015ms     4.096 K      0.00   24.00 KiB      1.64
    8  LN       -1  x[1x4096]+w[4096]->y[1x4096]                        0.065ms    20.480 K      0.00   24.00 KiB      0.38
    9  SwiGLU    0  a[1x5504]+b[1x5504]->y[1x5504]                      0.025ms    33.024 K      0.00   32.25 KiB      1.33
   10  SwiGLU    1  a[1x5504]+b[1x5504]->y[1x5504]                      0.022ms    33.024 K      0.00   32.25 KiB      1.54
   11  Add      -1  a[1x4096]+b[1x4096]->y[1x4096]                      0.016ms     4.096 K      0.00   24.00 KiB      1.58
[gpu-debug] segment avg latency (cuda_events): 0.257 ms
[gpu-debug] sum(per-op)               : 0.408 ms (ratio=1.587)
[gpu-debug] NOTE: sum(per-op) may differ from segment latency due to Python overhead, event/launch overhead, and allocator/cache effects.
[gpu-debug] cuda mem before warmup: alloc=279.39 MiB reserved=302.00 MiB
[gpu-debug] cuda mem after warmup : alloc=292.89 MiB reserved=322.00 MiB
[gpu-debug] cuda mem peak (this segment): max_alloc=293.00 MiB max_reserved=322.00 MiB
========================================================================================
[gpu-debug] segment_key=npu|decode|122|48322b0ab0207f84448cb08e6eac5594
[gpu-debug] sig: device_type=npu phase=decode step=122 (count_hint=32)
[gpu-debug] ops_repr: LN:-1,QK:0,QK:1,Softmax:0,Softmax:1,SV:0,SV:1,Add:-1,LN:-1,SwiGLU:0,SwiGLU:1,Add:-1
[gpu-debug] cfg: device=cuda dtype=torch.bfloat16 dim=4096 ffn_dim=11008 n_heads=32 shards=2
[gpu-debug] op plan (with inferred tensor shapes):
  - op#00  op=LN       shard=-1  x=[1x4096] + w=[4096]  ->  y=[1x4096]  (T=1, K=1714)
  - op#01  op=QK       shard=0   q=[16x1x128] + k=[16x128x1714]  ->  y=[16x1x1714]  (T=1, K=1714)
  - op#02  op=QK       shard=1   q=[16x1x128] + k=[16x128x1714]  ->  y=[16x1x1714]  (T=1, K=1714)
  - op#03  op=Softmax  shard=0   scores=[16x1x1714]  ->  y=[16x1x1714]  (T=1, K=1714)
  - op#04  op=Softmax  shard=1   scores=[16x1x1714]  ->  y=[16x1x1714]  (T=1, K=1714)
  - op#05  op=SV       shard=0   p=[16x1x1714] + v=[16x1714x128]  ->  y=[16x1x128]  (T=1, K=1714)
  - op#06  op=SV       shard=1   p=[16x1x1714] + v=[16x1714x128]  ->  y=[16x1x128]  (T=1, K=1714)
  - op#07  op=Add      shard=-1  a=[1x4096] + b=[1x4096]  ->  y=[1x4096]  (T=1, K=1714)
  - op#08  op=LN       shard=-1  x=[1x4096] + w=[4096]  ->  y=[1x4096]  (T=1, K=1714)
  - op#09  op=SwiGLU   shard=0   a=[1x5504] + b=[1x5504]  ->  y=[1x5504]  (T=1, K=1714)
  - op#10  op=SwiGLU   shard=1   a=[1x5504] + b=[1x5504]  ->  y=[1x5504]  (T=1, K=1714)
  - op#11  op=Add      shard=-1  a=[1x4096] + b=[1x4096]  ->  y=[1x4096]  (T=1, K=1714)
[gpu-debug] per-op timing breakdown (avg over iters):
  idx  op       sh  io                                                    time   est_flops    TFLOPs       bytes      GB/s
  ------------------------------------------------------------------------------------------------------------------------
    0  LN       -1  x[1x4096]+w[4096]->y[1x4096]                        0.063ms    20.480 K      0.00   24.00 KiB      0.39
    1  QK        0  q[16x1x128]+k[16x128x1714]->y[16x1x1714]            0.052ms     7.021 M      0.13    6.75 MiB    135.83
    2  QK        1  q[16x1x128]+k[16x128x1714]->y[16x1x1714]            0.042ms     7.021 M      0.17    6.75 MiB    166.99
    3  Softmax   0  scores[16x1x1714]->y[16x1x1714]                     0.023ms   137.120 K      0.01  107.12 KiB      4.80
    4  Softmax   1  scores[16x1x1714]->y[16x1x1714]                     0.019ms   137.120 K      0.01  107.12 KiB      5.82
    5  SV        0  p[16x1x1714]+v[16x1714x128]->y[16x1x128]            0.035ms     7.021 M      0.20    6.75 MiB    202.15
    6  SV        1  p[16x1x1714]+v[16x1714x128]->y[16x1x128]            0.031ms     7.021 M      0.23    6.75 MiB    229.69
    7  Add      -1  a[1x4096]+b[1x4096]->y[1x4096]                      0.014ms     4.096 K      0.00   24.00 KiB      1.73
    8  LN       -1  x[1x4096]+w[4096]->y[1x4096]                        0.064ms    20.480 K      0.00   24.00 KiB      0.39
    9  SwiGLU    0  a[1x5504]+b[1x5504]->y[1x5504]                      0.027ms    33.024 K      0.00   32.25 KiB      1.25
   10  SwiGLU    1  a[1x5504]+b[1x5504]->y[1x5504]                      0.022ms    33.024 K      0.00   32.25 KiB      1.54
   11  Add      -1  a[1x4096]+b[1x4096]->y[1x4096]                      0.016ms     4.096 K      0.00   24.00 KiB      1.58
[gpu-debug] segment avg latency (cuda_events): 0.259 ms
[gpu-debug] sum(per-op)               : 0.407 ms (ratio=1.572)
[gpu-debug] NOTE: sum(per-op) may differ from segment latency due to Python overhead, event/launch overhead, and allocator/cache effects.
[gpu-debug] cuda mem before warmup: alloc=292.89 MiB reserved=322.00 MiB
[gpu-debug] cuda mem after warmup : alloc=306.33 MiB reserved=342.00 MiB
[gpu-debug] cuda mem peak (this segment): max_alloc=306.44 MiB max_reserved=342.00 MiB
========================================================================================
[gpu-debug] segment_key=npu|decode|123|48322b0ab0207f84448cb08e6eac5594
[gpu-debug] sig: device_type=npu phase=decode step=123 (count_hint=32)
[gpu-debug] ops_repr: LN:-1,QK:0,QK:1,Softmax:0,Softmax:1,SV:0,SV:1,Add:-1,LN:-1,SwiGLU:0,SwiGLU:1,Add:-1
[gpu-debug] cfg: device=cuda dtype=torch.bfloat16 dim=4096 ffn_dim=11008 n_heads=32 shards=2
[gpu-debug] op plan (with inferred tensor shapes):
  - op#00  op=LN       shard=-1  x=[1x4096] + w=[4096]  ->  y=[1x4096]  (T=1, K=1726)
  - op#01  op=QK       shard=0   q=[16x1x128] + k=[16x128x1726]  ->  y=[16x1x1726]  (T=1, K=1726)
  - op#02  op=QK       shard=1   q=[16x1x128] + k=[16x128x1726]  ->  y=[16x1x1726]  (T=1, K=1726)
  - op#03  op=Softmax  shard=0   scores=[16x1x1726]  ->  y=[16x1x1726]  (T=1, K=1726)
  - op#04  op=Softmax  shard=1   scores=[16x1x1726]  ->  y=[16x1x1726]  (T=1, K=1726)
  - op#05  op=SV       shard=0   p=[16x1x1726] + v=[16x1726x128]  ->  y=[16x1x128]  (T=1, K=1726)
  - op#06  op=SV       shard=1   p=[16x1x1726] + v=[16x1726x128]  ->  y=[16x1x128]  (T=1, K=1726)
  - op#07  op=Add      shard=-1  a=[1x4096] + b=[1x4096]  ->  y=[1x4096]  (T=1, K=1726)
  - op#08  op=LN       shard=-1  x=[1x4096] + w=[4096]  ->  y=[1x4096]  (T=1, K=1726)
  - op#09  op=SwiGLU   shard=0   a=[1x5504] + b=[1x5504]  ->  y=[1x5504]  (T=1, K=1726)
  - op#10  op=SwiGLU   shard=1   a=[1x5504] + b=[1x5504]  ->  y=[1x5504]  (T=1, K=1726)
  - op#11  op=Add      shard=-1  a=[1x4096] + b=[1x4096]  ->  y=[1x4096]  (T=1, K=1726)
[gpu-debug] per-op timing breakdown (avg over iters):
  idx  op       sh  io                                                    time   est_flops    TFLOPs       bytes      GB/s
  ------------------------------------------------------------------------------------------------------------------------
    0  LN       -1  x[1x4096]+w[4096]->y[1x4096]                        0.063ms    20.480 K      0.00   24.00 KiB      0.39
    1  QK        0  q[16x1x128]+k[16x128x1726]->y[16x1x1726]            0.052ms     7.070 M      0.14    6.80 MiB    137.05
    2  QK        1  q[16x1x128]+k[16x128x1726]->y[16x1x1726]            0.043ms     7.070 M      0.17    6.80 MiB    166.95
    3  Softmax   0  scores[16x1x1726]->y[16x1x1726]                     0.023ms   138.080 K      0.01  107.88 KiB      4.88
    4  Softmax   1  scores[16x1x1726]->y[16x1x1726]                     0.019ms   138.080 K      0.01  107.88 KiB      5.83
    5  SV        0  p[16x1x1726]+v[16x1726x128]->y[16x1x128]            0.036ms     7.070 M      0.20    6.80 MiB    200.63
    6  SV        1  p[16x1x1726]+v[16x1726x128]->y[16x1x128]            0.031ms     7.070 M      0.23    6.80 MiB    228.26
    7  Add      -1  a[1x4096]+b[1x4096]->y[1x4096]                      0.013ms     4.096 K      0.00   24.00 KiB      1.86
    8  LN       -1  x[1x4096]+w[4096]->y[1x4096]                        0.064ms    20.480 K      0.00   24.00 KiB      0.38
    9  SwiGLU    0  a[1x5504]+b[1x5504]->y[1x5504]                      0.025ms    33.024 K      0.00   32.25 KiB      1.34
   10  SwiGLU    1  a[1x5504]+b[1x5504]->y[1x5504]                      0.022ms    33.024 K      0.00   32.25 KiB      1.51
   11  Add      -1  a[1x4096]+b[1x4096]->y[1x4096]                      0.016ms     4.096 K      0.00   24.00 KiB      1.57
[gpu-debug] segment avg latency (cuda_events): 0.257 ms
[gpu-debug] sum(per-op)               : 0.406 ms (ratio=1.580)
[gpu-debug] NOTE: sum(per-op) may differ from segment latency due to Python overhead, event/launch overhead, and allocator/cache effects.
[gpu-debug] cuda mem before warmup: alloc=306.33 MiB reserved=342.00 MiB
[gpu-debug] cuda mem after warmup : alloc=319.87 MiB reserved=362.00 MiB
[gpu-debug] cuda mem peak (this segment): max_alloc=319.98 MiB max_reserved=362.00 MiB
========================================================================================
[gpu-debug] segment_key=npu|decode|124|48322b0ab0207f84448cb08e6eac5594
[gpu-debug] sig: device_type=npu phase=decode step=124 (count_hint=32)
[gpu-debug] ops_repr: LN:-1,QK:0,QK:1,Softmax:0,Softmax:1,SV:0,SV:1,Add:-1,LN:-1,SwiGLU:0,SwiGLU:1,Add:-1
[gpu-debug] cfg: device=cuda dtype=torch.bfloat16 dim=4096 ffn_dim=11008 n_heads=32 shards=2
[gpu-debug] op plan (with inferred tensor shapes):
  - op#00  op=LN       shard=-1  x=[1x4096] + w=[4096]  ->  y=[1x4096]  (T=1, K=1738)
  - op#01  op=QK       shard=0   q=[16x1x128] + k=[16x128x1738]  ->  y=[16x1x1738]  (T=1, K=1738)
  - op#02  op=QK       shard=1   q=[16x1x128] + k=[16x128x1738]  ->  y=[16x1x1738]  (T=1, K=1738)
  - op#03  op=Softmax  shard=0   scores=[16x1x1738]  ->  y=[16x1x1738]  (T=1, K=1738)
  - op#04  op=Softmax  shard=1   scores=[16x1x1738]  ->  y=[16x1x1738]  (T=1, K=1738)
  - op#05  op=SV       shard=0   p=[16x1x1738] + v=[16x1738x128]  ->  y=[16x1x128]  (T=1, K=1738)
  - op#06  op=SV       shard=1   p=[16x1x1738] + v=[16x1738x128]  ->  y=[16x1x128]  (T=1, K=1738)
  - op#07  op=Add      shard=-1  a=[1x4096] + b=[1x4096]  ->  y=[1x4096]  (T=1, K=1738)
  - op#08  op=LN       shard=-1  x=[1x4096] + w=[4096]  ->  y=[1x4096]  (T=1, K=1738)
  - op#09  op=SwiGLU   shard=0   a=[1x5504] + b=[1x5504]  ->  y=[1x5504]  (T=1, K=1738)
  - op#10  op=SwiGLU   shard=1   a=[1x5504] + b=[1x5504]  ->  y=[1x5504]  (T=1, K=1738)
  - op#11  op=Add      shard=-1  a=[1x4096] + b=[1x4096]  ->  y=[1x4096]  (T=1, K=1738)
[gpu-debug] per-op timing breakdown (avg over iters):
  idx  op       sh  io                                                    time   est_flops    TFLOPs       bytes      GB/s
  ------------------------------------------------------------------------------------------------------------------------
    0  LN       -1  x[1x4096]+w[4096]->y[1x4096]                        0.063ms    20.480 K      0.00   24.00 KiB      0.39
    1  QK        0  q[16x1x128]+k[16x128x1738]->y[16x1x1738]            0.052ms     7.119 M      0.14    6.85 MiB    138.54
    2  QK        1  q[16x1x128]+k[16x128x1738]->y[16x1x1738]            0.042ms     7.119 M      0.17    6.85 MiB    170.98
    3  Softmax   0  scores[16x1x1738]->y[16x1x1738]                     0.023ms   139.040 K      0.01  108.62 KiB      4.92
    4  Softmax   1  scores[16x1x1738]->y[16x1x1738]                     0.019ms   139.040 K      0.01  108.62 KiB      5.90
    5  SV        0  p[16x1x1738]+v[16x1738x128]->y[16x1x128]            0.034ms     7.119 M      0.21    6.85 MiB    213.08
    6  SV        1  p[16x1x1738]+v[16x1738x128]->y[16x1x128]            0.031ms     7.119 M      0.23    6.85 MiB    228.35
    7  Add      -1  a[1x4096]+b[1x4096]->y[1x4096]                      0.015ms     4.096 K      0.00   24.00 KiB      1.63
    8  LN       -1  x[1x4096]+w[4096]->y[1x4096]                        0.067ms    20.480 K      0.00   24.00 KiB      0.37
    9  SwiGLU    0  a[1x5504]+b[1x5504]->y[1x5504]                      0.024ms    33.024 K      0.00   32.25 KiB      1.36
   10  SwiGLU    1  a[1x5504]+b[1x5504]->y[1x5504]                      0.022ms    33.024 K      0.00   32.25 KiB      1.53
   11  Add      -1  a[1x4096]+b[1x4096]->y[1x4096]                      0.016ms     4.096 K      0.00   24.00 KiB      1.56
[gpu-debug] segment avg latency (cuda_events): 0.257 ms
[gpu-debug] sum(per-op)               : 0.407 ms (ratio=1.584)
[gpu-debug] NOTE: sum(per-op) may differ from segment latency due to Python overhead, event/launch overhead, and allocator/cache effects.
[gpu-debug] cuda mem before warmup: alloc=319.87 MiB reserved=362.00 MiB
[gpu-debug] cuda mem after warmup : alloc=333.50 MiB reserved=382.00 MiB
[gpu-debug] cuda mem peak (this segment): max_alloc=333.61 MiB max_reserved=382.00 MiB
========================================================================================
[gpu-debug] segment_key=npu|decode|125|48322b0ab0207f84448cb08e6eac5594
[gpu-debug] sig: device_type=npu phase=decode step=125 (count_hint=32)
[gpu-debug] ops_repr: LN:-1,QK:0,QK:1,Softmax:0,Softmax:1,SV:0,SV:1,Add:-1,LN:-1,SwiGLU:0,SwiGLU:1,Add:-1
[gpu-debug] cfg: device=cuda dtype=torch.bfloat16 dim=4096 ffn_dim=11008 n_heads=32 shards=2
[gpu-debug] op plan (with inferred tensor shapes):
  - op#00  op=LN       shard=-1  x=[1x4096] + w=[4096]  ->  y=[1x4096]  (T=1, K=1750)
  - op#01  op=QK       shard=0   q=[16x1x128] + k=[16x128x1750]  ->  y=[16x1x1750]  (T=1, K=1750)
  - op#02  op=QK       shard=1   q=[16x1x128] + k=[16x128x1750]  ->  y=[16x1x1750]  (T=1, K=1750)
  - op#03  op=Softmax  shard=0   scores=[16x1x1750]  ->  y=[16x1x1750]  (T=1, K=1750)
  - op#04  op=Softmax  shard=1   scores=[16x1x1750]  ->  y=[16x1x1750]  (T=1, K=1750)
  - op#05  op=SV       shard=0   p=[16x1x1750] + v=[16x1750x128]  ->  y=[16x1x128]  (T=1, K=1750)
  - op#06  op=SV       shard=1   p=[16x1x1750] + v=[16x1750x128]  ->  y=[16x1x128]  (T=1, K=1750)
  - op#07  op=Add      shard=-1  a=[1x4096] + b=[1x4096]  ->  y=[1x4096]  (T=1, K=1750)
  - op#08  op=LN       shard=-1  x=[1x4096] + w=[4096]  ->  y=[1x4096]  (T=1, K=1750)
  - op#09  op=SwiGLU   shard=0   a=[1x5504] + b=[1x5504]  ->  y=[1x5504]  (T=1, K=1750)
  - op#10  op=SwiGLU   shard=1   a=[1x5504] + b=[1x5504]  ->  y=[1x5504]  (T=1, K=1750)
  - op#11  op=Add      shard=-1  a=[1x4096] + b=[1x4096]  ->  y=[1x4096]  (T=1, K=1750)
[gpu-debug] per-op timing breakdown (avg over iters):
  idx  op       sh  io                                                    time   est_flops    TFLOPs       bytes      GB/s
  ------------------------------------------------------------------------------------------------------------------------
    0  LN       -1  x[1x4096]+w[4096]->y[1x4096]                        0.062ms    20.480 K      0.00   24.00 KiB      0.40
    1  QK        0  q[16x1x128]+k[16x128x1750]->y[16x1x1750]            0.053ms     7.168 M      0.14    6.89 MiB    137.60
    2  QK        1  q[16x1x128]+k[16x128x1750]->y[16x1x1750]            0.043ms     7.168 M      0.17    6.89 MiB    168.87
    3  Softmax   0  scores[16x1x1750]->y[16x1x1750]                     0.023ms   140.000 K      0.01  109.38 KiB      4.93
    4  Softmax   1  scores[16x1x1750]->y[16x1x1750]                     0.019ms   140.000 K      0.01  109.38 KiB      5.98
    5  SV        0  p[16x1x1750]+v[16x1750x128]->y[16x1x128]            0.034ms     7.168 M      0.21    6.89 MiB    212.61
    6  SV        1  p[16x1x1750]+v[16x1750x128]->y[16x1x128]            0.031ms     7.168 M      0.23    6.89 MiB    230.68
    7  Add      -1  a[1x4096]+b[1x4096]->y[1x4096]                      0.015ms     4.096 K      0.00   24.00 KiB      1.67
    8  LN       -1  x[1x4096]+w[4096]->y[1x4096]                        0.063ms    20.480 K      0.00   24.00 KiB      0.39
    9  SwiGLU    0  a[1x5504]+b[1x5504]->y[1x5504]                      0.024ms    33.024 K      0.00   32.25 KiB      1.36
   10  SwiGLU    1  a[1x5504]+b[1x5504]->y[1x5504]                      0.021ms    33.024 K      0.00   32.25 KiB      1.54
   11  Add      -1  a[1x4096]+b[1x4096]->y[1x4096]                      0.016ms     4.096 K      0.00   24.00 KiB      1.55
[gpu-debug] segment avg latency (cuda_events): 0.257 ms
[gpu-debug] sum(per-op)               : 0.404 ms (ratio=1.573)
[gpu-debug] NOTE: sum(per-op) may differ from segment latency due to Python overhead, event/launch overhead, and allocator/cache effects.
[gpu-debug] cuda mem before warmup: alloc=333.50 MiB reserved=382.00 MiB
[gpu-debug] cuda mem after warmup : alloc=347.23 MiB reserved=402.00 MiB
[gpu-debug] cuda mem peak (this segment): max_alloc=347.34 MiB max_reserved=402.00 MiB
========================================================================================
[gpu-debug] segment_key=npu|decode|126|48322b0ab0207f84448cb08e6eac5594
[gpu-debug] sig: device_type=npu phase=decode step=126 (count_hint=32)
[gpu-debug] ops_repr: LN:-1,QK:0,QK:1,Softmax:0,Softmax:1,SV:0,SV:1,Add:-1,LN:-1,SwiGLU:0,SwiGLU:1,Add:-1
[gpu-debug] cfg: device=cuda dtype=torch.bfloat16 dim=4096 ffn_dim=11008 n_heads=32 shards=2
[gpu-debug] op plan (with inferred tensor shapes):
  - op#00  op=LN       shard=-1  x=[1x4096] + w=[4096]  ->  y=[1x4096]  (T=1, K=1762)
  - op#01  op=QK       shard=0   q=[16x1x128] + k=[16x128x1762]  ->  y=[16x1x1762]  (T=1, K=1762)
  - op#02  op=QK       shard=1   q=[16x1x128] + k=[16x128x1762]  ->  y=[16x1x1762]  (T=1, K=1762)
  - op#03  op=Softmax  shard=0   scores=[16x1x1762]  ->  y=[16x1x1762]  (T=1, K=1762)
  - op#04  op=Softmax  shard=1   scores=[16x1x1762]  ->  y=[16x1x1762]  (T=1, K=1762)
  - op#05  op=SV       shard=0   p=[16x1x1762] + v=[16x1762x128]  ->  y=[16x1x128]  (T=1, K=1762)
  - op#06  op=SV       shard=1   p=[16x1x1762] + v=[16x1762x128]  ->  y=[16x1x128]  (T=1, K=1762)
  - op#07  op=Add      shard=-1  a=[1x4096] + b=[1x4096]  ->  y=[1x4096]  (T=1, K=1762)
  - op#08  op=LN       shard=-1  x=[1x4096] + w=[4096]  ->  y=[1x4096]  (T=1, K=1762)
  - op#09  op=SwiGLU   shard=0   a=[1x5504] + b=[1x5504]  ->  y=[1x5504]  (T=1, K=1762)
  - op#10  op=SwiGLU   shard=1   a=[1x5504] + b=[1x5504]  ->  y=[1x5504]  (T=1, K=1762)
  - op#11  op=Add      shard=-1  a=[1x4096] + b=[1x4096]  ->  y=[1x4096]  (T=1, K=1762)
[gpu-debug] per-op timing breakdown (avg over iters):
  idx  op       sh  io                                                    time   est_flops    TFLOPs       bytes      GB/s
  ------------------------------------------------------------------------------------------------------------------------
    0  LN       -1  x[1x4096]+w[4096]->y[1x4096]                        0.063ms    20.480 K      0.00   24.00 KiB      0.39
    1  QK        0  q[16x1x128]+k[16x128x1762]->y[16x1x1762]            0.052ms     7.217 M      0.14    6.94 MiB    141.01
    2  QK        1  q[16x1x128]+k[16x128x1762]->y[16x1x1762]            0.042ms     7.217 M      0.17    6.94 MiB    172.92
    3  Softmax   0  scores[16x1x1762]->y[16x1x1762]                     0.023ms   140.960 K      0.01  110.12 KiB      4.87
    4  Softmax   1  scores[16x1x1762]->y[16x1x1762]                     0.019ms   140.960 K      0.01  110.12 KiB      6.08
    5  SV        0  p[16x1x1762]+v[16x1762x128]->y[16x1x128]            0.034ms     7.217 M      0.21    6.94 MiB    212.15
    6  SV        1  p[16x1x1762]+v[16x1762x128]->y[16x1x128]            0.032ms     7.217 M      0.23    6.94 MiB    230.75
    7  Add      -1  a[1x4096]+b[1x4096]->y[1x4096]                      0.015ms     4.096 K      0.00   24.00 KiB      1.66
    8  LN       -1  x[1x4096]+w[4096]->y[1x4096]                        0.068ms    20.480 K      0.00   24.00 KiB      0.36
    9  SwiGLU    0  a[1x5504]+b[1x5504]->y[1x5504]                      0.025ms    33.024 K      0.00   32.25 KiB      1.34
   10  SwiGLU    1  a[1x5504]+b[1x5504]->y[1x5504]                      0.021ms    33.024 K      0.00   32.25 KiB      1.57
   11  Add      -1  a[1x4096]+b[1x4096]->y[1x4096]                      0.016ms     4.096 K      0.00   24.00 KiB      1.57
[gpu-debug] segment avg latency (cuda_events): 0.257 ms
[gpu-debug] sum(per-op)               : 0.408 ms (ratio=1.588)
[gpu-debug] NOTE: sum(per-op) may differ from segment latency due to Python overhead, event/launch overhead, and allocator/cache effects.
[gpu-debug] cuda mem before warmup: alloc=347.23 MiB reserved=402.00 MiB
[gpu-debug] cuda mem after warmup : alloc=361.05 MiB reserved=422.00 MiB
[gpu-debug] cuda mem peak (this segment): max_alloc=361.16 MiB max_reserved=422.00 MiB
========================================================================================
[gpu-debug] segment_key=npu|decode|127|48322b0ab0207f84448cb08e6eac5594
[gpu-debug] sig: device_type=npu phase=decode step=127 (count_hint=32)
[gpu-debug] ops_repr: LN:-1,QK:0,QK:1,Softmax:0,Softmax:1,SV:0,SV:1,Add:-1,LN:-1,SwiGLU:0,SwiGLU:1,Add:-1
[gpu-debug] cfg: device=cuda dtype=torch.bfloat16 dim=4096 ffn_dim=11008 n_heads=32 shards=2
[gpu-debug] op plan (with inferred tensor shapes):
  - op#00  op=LN       shard=-1  x=[1x4096] + w=[4096]  ->  y=[1x4096]  (T=1, K=1774)
  - op#01  op=QK       shard=0   q=[16x1x128] + k=[16x128x1774]  ->  y=[16x1x1774]  (T=1, K=1774)
  - op#02  op=QK       shard=1   q=[16x1x128] + k=[16x128x1774]  ->  y=[16x1x1774]  (T=1, K=1774)
  - op#03  op=Softmax  shard=0   scores=[16x1x1774]  ->  y=[16x1x1774]  (T=1, K=1774)
  - op#04  op=Softmax  shard=1   scores=[16x1x1774]  ->  y=[16x1x1774]  (T=1, K=1774)
  - op#05  op=SV       shard=0   p=[16x1x1774] + v=[16x1774x128]  ->  y=[16x1x128]  (T=1, K=1774)
  - op#06  op=SV       shard=1   p=[16x1x1774] + v=[16x1774x128]  ->  y=[16x1x128]  (T=1, K=1774)
  - op#07  op=Add      shard=-1  a=[1x4096] + b=[1x4096]  ->  y=[1x4096]  (T=1, K=1774)
  - op#08  op=LN       shard=-1  x=[1x4096] + w=[4096]  ->  y=[1x4096]  (T=1, K=1774)
  - op#09  op=SwiGLU   shard=0   a=[1x5504] + b=[1x5504]  ->  y=[1x5504]  (T=1, K=1774)
  - op#10  op=SwiGLU   shard=1   a=[1x5504] + b=[1x5504]  ->  y=[1x5504]  (T=1, K=1774)
  - op#11  op=Add      shard=-1  a=[1x4096] + b=[1x4096]  ->  y=[1x4096]  (T=1, K=1774)
[gpu-debug] per-op timing breakdown (avg over iters):
  idx  op       sh  io                                                    time   est_flops    TFLOPs       bytes      GB/s
  ------------------------------------------------------------------------------------------------------------------------
    0  LN       -1  x[1x4096]+w[4096]->y[1x4096]                        0.062ms    20.480 K      0.00   24.00 KiB      0.39
    1  QK        0  q[16x1x128]+k[16x128x1774]->y[16x1x1774]            0.051ms     7.266 M      0.14    6.99 MiB    143.97
    2  QK        1  q[16x1x128]+k[16x128x1774]->y[16x1x1774]            0.043ms     7.266 M      0.17    6.99 MiB    170.77
    3  Softmax   0  scores[16x1x1774]->y[16x1x1774]                     0.024ms   141.920 K      0.01  110.88 KiB      4.78
    4  Softmax   1  scores[16x1x1774]->y[16x1x1774]                     0.019ms   141.920 K      0.01  110.88 KiB      5.99
    5  SV        0  p[16x1x1774]+v[16x1774x128]->y[16x1x128]            0.036ms     7.266 M      0.20    6.99 MiB    205.03
    6  SV        1  p[16x1x1774]+v[16x1774x128]->y[16x1x128]            0.032ms     7.266 M      0.23    6.99 MiB    229.34
    7  Add      -1  a[1x4096]+b[1x4096]->y[1x4096]                      0.014ms     4.096 K      0.00   24.00 KiB      1.76
    8  LN       -1  x[1x4096]+w[4096]->y[1x4096]                        0.064ms    20.480 K      0.00   24.00 KiB      0.38
    9  SwiGLU    0  a[1x5504]+b[1x5504]->y[1x5504]                      0.024ms    33.024 K      0.00   32.25 KiB      1.35
   10  SwiGLU    1  a[1x5504]+b[1x5504]->y[1x5504]                      0.021ms    33.024 K      0.00   32.25 KiB      1.54
   11  Add      -1  a[1x4096]+b[1x4096]->y[1x4096]                      0.016ms     4.096 K      0.00   24.00 KiB      1.57
[gpu-debug] segment avg latency (cuda_events): 0.256 ms
[gpu-debug] sum(per-op)               : 0.406 ms (ratio=1.586)
[gpu-debug] NOTE: sum(per-op) may differ from segment latency due to Python overhead, event/launch overhead, and allocator/cache effects.
[gpu-debug] cuda mem before warmup: alloc=361.05 MiB reserved=422.00 MiB
[gpu-debug] cuda mem after warmup : alloc=374.96 MiB reserved=442.00 MiB
[gpu-debug] cuda mem peak (this segment): max_alloc=375.07 MiB max_reserved=442.00 MiB
========================================================================================
[gpu-debug] segment_key=npu|decode|128|48322b0ab0207f84448cb08e6eac5594
[gpu-debug] sig: device_type=npu phase=decode step=128 (count_hint=32)
[gpu-debug] ops_repr: LN:-1,QK:0,QK:1,Softmax:0,Softmax:1,SV:0,SV:1,Add:-1,LN:-1,SwiGLU:0,SwiGLU:1,Add:-1
[gpu-debug] cfg: device=cuda dtype=torch.bfloat16 dim=4096 ffn_dim=11008 n_heads=32 shards=2
[gpu-debug] op plan (with inferred tensor shapes):
  - op#00  op=LN       shard=-1  x=[1x4096] + w=[4096]  ->  y=[1x4096]  (T=1, K=1786)
  - op#01  op=QK       shard=0   q=[16x1x128] + k=[16x128x1786]  ->  y=[16x1x1786]  (T=1, K=1786)
  - op#02  op=QK       shard=1   q=[16x1x128] + k=[16x128x1786]  ->  y=[16x1x1786]  (T=1, K=1786)
  - op#03  op=Softmax  shard=0   scores=[16x1x1786]  ->  y=[16x1x1786]  (T=1, K=1786)
  - op#04  op=Softmax  shard=1   scores=[16x1x1786]  ->  y=[16x1x1786]  (T=1, K=1786)
  - op#05  op=SV       shard=0   p=[16x1x1786] + v=[16x1786x128]  ->  y=[16x1x128]  (T=1, K=1786)
  - op#06  op=SV       shard=1   p=[16x1x1786] + v=[16x1786x128]  ->  y=[16x1x128]  (T=1, K=1786)
  - op#07  op=Add      shard=-1  a=[1x4096] + b=[1x4096]  ->  y=[1x4096]  (T=1, K=1786)
  - op#08  op=LN       shard=-1  x=[1x4096] + w=[4096]  ->  y=[1x4096]  (T=1, K=1786)
  - op#09  op=SwiGLU   shard=0   a=[1x5504] + b=[1x5504]  ->  y=[1x5504]  (T=1, K=1786)
  - op#10  op=SwiGLU   shard=1   a=[1x5504] + b=[1x5504]  ->  y=[1x5504]  (T=1, K=1786)
  - op#11  op=Add      shard=-1  a=[1x4096] + b=[1x4096]  ->  y=[1x4096]  (T=1, K=1786)
[gpu-debug] per-op timing breakdown (avg over iters):
  idx  op       sh  io                                                    time   est_flops    TFLOPs       bytes      GB/s
  ------------------------------------------------------------------------------------------------------------------------
    0  LN       -1  x[1x4096]+w[4096]->y[1x4096]                        0.063ms    20.480 K      0.00   24.00 KiB      0.39
    1  QK        0  q[16x1x128]+k[16x128x1786]->y[16x1x1786]            0.052ms     7.315 M      0.14    7.03 MiB    142.65
    2  QK        1  q[16x1x128]+k[16x128x1786]->y[16x1x1786]            0.042ms     7.315 M      0.17    7.03 MiB    174.85
    3  Softmax   0  scores[16x1x1786]->y[16x1x1786]                     0.023ms   142.880 K      0.01  111.62 KiB      4.94
    4  Softmax   1  scores[16x1x1786]->y[16x1x1786]                     0.019ms   142.880 K      0.01  111.62 KiB      6.17
    5  SV        0  p[16x1x1786]+v[16x1786x128]->y[16x1x128]            0.036ms     7.315 M      0.21    7.03 MiB    207.60
    6  SV        1  p[16x1x1786]+v[16x1786x128]->y[16x1x128]            0.032ms     7.315 M      0.23    7.03 MiB    233.89
    7  Add      -1  a[1x4096]+b[1x4096]->y[1x4096]                      0.014ms     4.096 K      0.00   24.00 KiB      1.82
    8  LN       -1  x[1x4096]+w[4096]->y[1x4096]                        0.064ms    20.480 K      0.00   24.00 KiB      0.39
    9  SwiGLU    0  a[1x5504]+b[1x5504]->y[1x5504]                      0.024ms    33.024 K      0.00   32.25 KiB      1.35
   10  SwiGLU    1  a[1x5504]+b[1x5504]->y[1x5504]                      0.024ms    33.024 K      0.00   32.25 KiB      1.38
   11  Add      -1  a[1x4096]+b[1x4096]->y[1x4096]                      0.016ms     4.096 K      0.00   24.00 KiB      1.55
[gpu-debug] segment avg latency (cuda_events): 0.255 ms
[gpu-debug] sum(per-op)               : 0.407 ms (ratio=1.593)
[gpu-debug] NOTE: sum(per-op) may differ from segment latency due to Python overhead, event/launch overhead, and allocator/cache effects.
[gpu-debug] cuda mem before warmup: alloc=374.96 MiB reserved=442.00 MiB
[gpu-debug] cuda mem after warmup : alloc=388.97 MiB reserved=462.00 MiB
[gpu-debug] cuda mem peak (this segment): max_alloc=389.08 MiB max_reserved=462.00 MiB
========================================================================================
[gpu-debug] segment_key=npu|decode|129|48322b0ab0207f84448cb08e6eac5594
[gpu-debug] sig: device_type=npu phase=decode step=129 (count_hint=32)
[gpu-debug] ops_repr: LN:-1,QK:0,QK:1,Softmax:0,Softmax:1,SV:0,SV:1,Add:-1,LN:-1,SwiGLU:0,SwiGLU:1,Add:-1
[gpu-debug] cfg: device=cuda dtype=torch.bfloat16 dim=4096 ffn_dim=11008 n_heads=32 shards=2
[gpu-debug] op plan (with inferred tensor shapes):
  - op#00  op=LN       shard=-1  x=[1x4096] + w=[4096]  ->  y=[1x4096]  (T=1, K=1798)
  - op#01  op=QK       shard=0   q=[16x1x128] + k=[16x128x1798]  ->  y=[16x1x1798]  (T=1, K=1798)
  - op#02  op=QK       shard=1   q=[16x1x128] + k=[16x128x1798]  ->  y=[16x1x1798]  (T=1, K=1798)
  - op#03  op=Softmax  shard=0   scores=[16x1x1798]  ->  y=[16x1x1798]  (T=1, K=1798)
  - op#04  op=Softmax  shard=1   scores=[16x1x1798]  ->  y=[16x1x1798]  (T=1, K=1798)
  - op#05  op=SV       shard=0   p=[16x1x1798] + v=[16x1798x128]  ->  y=[16x1x128]  (T=1, K=1798)
  - op#06  op=SV       shard=1   p=[16x1x1798] + v=[16x1798x128]  ->  y=[16x1x128]  (T=1, K=1798)
  - op#07  op=Add      shard=-1  a=[1x4096] + b=[1x4096]  ->  y=[1x4096]  (T=1, K=1798)
  - op#08  op=LN       shard=-1  x=[1x4096] + w=[4096]  ->  y=[1x4096]  (T=1, K=1798)
  - op#09  op=SwiGLU   shard=0   a=[1x5504] + b=[1x5504]  ->  y=[1x5504]  (T=1, K=1798)
  - op#10  op=SwiGLU   shard=1   a=[1x5504] + b=[1x5504]  ->  y=[1x5504]  (T=1, K=1798)
  - op#11  op=Add      shard=-1  a=[1x4096] + b=[1x4096]  ->  y=[1x4096]  (T=1, K=1798)
[gpu-debug] per-op timing breakdown (avg over iters):
  idx  op       sh  io                                                    time   est_flops    TFLOPs       bytes      GB/s
  ------------------------------------------------------------------------------------------------------------------------
    0  LN       -1  x[1x4096]+w[4096]->y[1x4096]                        0.062ms    20.480 K      0.00   24.00 KiB      0.39
    1  QK        0  q[16x1x128]+k[16x128x1798]->y[16x1x1798]            0.051ms     7.365 M      0.15    7.08 MiB    146.21
    2  QK        1  q[16x1x128]+k[16x128x1798]->y[16x1x1798]            0.041ms     7.365 M      0.18    7.08 MiB    179.07
    3  Softmax   0  scores[16x1x1798]->y[16x1x1798]                     0.024ms   143.840 K      0.01  112.38 KiB      4.80
    4  Softmax   1  scores[16x1x1798]->y[16x1x1798]                     0.019ms   143.840 K      0.01  112.38 KiB      6.01
    5  SV        0  p[16x1x1798]+v[16x1798x128]->y[16x1x128]            0.034ms     7.365 M      0.21    7.08 MiB    216.48
    6  SV        1  p[16x1x1798]+v[16x1798x128]->y[16x1x128]            0.032ms     7.365 M      0.23    7.08 MiB    230.96
    7  Add      -1  a[1x4096]+b[1x4096]->y[1x4096]                      0.015ms     4.096 K      0.00   24.00 KiB      1.61
    8  LN       -1  x[1x4096]+w[4096]->y[1x4096]                        0.065ms    20.480 K      0.00   24.00 KiB      0.38
    9  SwiGLU    0  a[1x5504]+b[1x5504]->y[1x5504]                      0.025ms    33.024 K      0.00   32.25 KiB      1.32
   10  SwiGLU    1  a[1x5504]+b[1x5504]->y[1x5504]                      0.022ms    33.024 K      0.00   32.25 KiB      1.53
   11  Add      -1  a[1x4096]+b[1x4096]->y[1x4096]                      0.016ms     4.096 K      0.00   24.00 KiB      1.57
[gpu-debug] segment avg latency (cuda_events): 0.256 ms
[gpu-debug] sum(per-op)               : 0.407 ms (ratio=1.586)
[gpu-debug] NOTE: sum(per-op) may differ from segment latency due to Python overhead, event/launch overhead, and allocator/cache effects.
[gpu-debug] cuda mem before warmup: alloc=388.97 MiB reserved=462.00 MiB
[gpu-debug] cuda mem after warmup : alloc=403.07 MiB reserved=482.00 MiB
[gpu-debug] cuda mem peak (this segment): max_alloc=403.18 MiB max_reserved=482.00 MiB
========================================================================================
[gpu-debug] segment_key=npu|decode|12|48322b0ab0207f84448cb08e6eac5594
[gpu-debug] sig: device_type=npu phase=decode step=12 (count_hint=32)
[gpu-debug] ops_repr: LN:-1,QK:0,QK:1,Softmax:0,Softmax:1,SV:0,SV:1,Add:-1,LN:-1,SwiGLU:0,SwiGLU:1,Add:-1
[gpu-debug] cfg: device=cuda dtype=torch.bfloat16 dim=4096 ffn_dim=11008 n_heads=32 shards=2
[gpu-debug] op plan (with inferred tensor shapes):
  - op#00  op=LN       shard=-1  x=[1x4096] + w=[4096]  ->  y=[1x4096]  (T=1, K=394)
  - op#01  op=QK       shard=0   q=[16x1x128] + k=[16x128x394]  ->  y=[16x1x394]  (T=1, K=394)
  - op#02  op=QK       shard=1   q=[16x1x128] + k=[16x128x394]  ->  y=[16x1x394]  (T=1, K=394)
  - op#03  op=Softmax  shard=0   scores=[16x1x394]  ->  y=[16x1x394]  (T=1, K=394)
  - op#04  op=Softmax  shard=1   scores=[16x1x394]  ->  y=[16x1x394]  (T=1, K=394)
  - op#05  op=SV       shard=0   p=[16x1x394] + v=[16x394x128]  ->  y=[16x1x128]  (T=1, K=394)
  - op#06  op=SV       shard=1   p=[16x1x394] + v=[16x394x128]  ->  y=[16x1x128]  (T=1, K=394)
  - op#07  op=Add      shard=-1  a=[1x4096] + b=[1x4096]  ->  y=[1x4096]  (T=1, K=394)
  - op#08  op=LN       shard=-1  x=[1x4096] + w=[4096]  ->  y=[1x4096]  (T=1, K=394)
  - op#09  op=SwiGLU   shard=0   a=[1x5504] + b=[1x5504]  ->  y=[1x5504]  (T=1, K=394)
  - op#10  op=SwiGLU   shard=1   a=[1x5504] + b=[1x5504]  ->  y=[1x5504]  (T=1, K=394)
  - op#11  op=Add      shard=-1  a=[1x4096] + b=[1x4096]  ->  y=[1x4096]  (T=1, K=394)
[gpu-debug] per-op timing breakdown (avg over iters):
  idx  op       sh  io                                                    time   est_flops    TFLOPs       bytes      GB/s
  ------------------------------------------------------------------------------------------------------------------------
    0  LN       -1  x[1x4096]+w[4096]->y[1x4096]                        0.062ms    20.480 K      0.00   24.00 KiB      0.40
    1  QK        0  q[16x1x128]+k[16x128x394]->y[16x1x394]              0.053ms     1.614 M      0.03    1.55 MiB     30.74
    2  QK        1  q[16x1x128]+k[16x128x394]->y[16x1x394]              0.043ms     1.614 M      0.04    1.55 MiB     38.09
    3  Softmax   0  scores[16x1x394]->y[16x1x394]                       0.018ms    31.520 K      0.00   24.62 KiB      1.41
    4  Softmax   1  scores[16x1x394]->y[16x1x394]                       0.015ms    31.520 K      0.00   24.62 KiB      1.71
    5  SV        0  p[16x1x394]+v[16x394x128]->y[16x1x128]              0.029ms     1.614 M      0.05    1.55 MiB     55.48
    6  SV        1  p[16x1x394]+v[16x394x128]->y[16x1x128]              0.027ms     1.614 M      0.06    1.55 MiB     61.48
    7  Add      -1  a[1x4096]+b[1x4096]->y[1x4096]                      0.018ms     4.096 K      0.00   24.00 KiB      1.40
    8  LN       -1  x[1x4096]+w[4096]->y[1x4096]                        0.064ms    20.480 K      0.00   24.00 KiB      0.39
    9  SwiGLU    0  a[1x5504]+b[1x5504]->y[1x5504]                      0.024ms    33.024 K      0.00   32.25 KiB      1.37
   10  SwiGLU    1  a[1x5504]+b[1x5504]->y[1x5504]                      0.022ms    33.024 K      0.00   32.25 KiB      1.53
   11  Add      -1  a[1x4096]+b[1x4096]->y[1x4096]                      0.015ms     4.096 K      0.00   24.00 KiB      1.59
[gpu-debug] segment avg latency (cuda_events): 0.256 ms
[gpu-debug] sum(per-op)               : 0.389 ms (ratio=1.518)
[gpu-debug] NOTE: sum(per-op) may differ from segment latency due to Python overhead, event/launch overhead, and allocator/cache effects.
[gpu-debug] cuda mem before warmup: alloc=403.07 MiB reserved=482.00 MiB
[gpu-debug] cuda mem after warmup : alloc=407.12 MiB reserved=482.00 MiB
[gpu-debug] cuda mem peak (this segment): max_alloc=407.14 MiB max_reserved=482.00 MiB
========================================================================================
[gpu-debug] segment_key=npu|decode|130|48322b0ab0207f84448cb08e6eac5594
[gpu-debug] sig: device_type=npu phase=decode step=130 (count_hint=32)
[gpu-debug] ops_repr: LN:-1,QK:0,QK:1,Softmax:0,Softmax:1,SV:0,SV:1,Add:-1,LN:-1,SwiGLU:0,SwiGLU:1,Add:-1
[gpu-debug] cfg: device=cuda dtype=torch.bfloat16 dim=4096 ffn_dim=11008 n_heads=32 shards=2
[gpu-debug] op plan (with inferred tensor shapes):
  - op#00  op=LN       shard=-1  x=[1x4096] + w=[4096]  ->  y=[1x4096]  (T=1, K=1810)
  - op#01  op=QK       shard=0   q=[16x1x128] + k=[16x128x1810]  ->  y=[16x1x1810]  (T=1, K=1810)
  - op#02  op=QK       shard=1   q=[16x1x128] + k=[16x128x1810]  ->  y=[16x1x1810]  (T=1, K=1810)
  - op#03  op=Softmax  shard=0   scores=[16x1x1810]  ->  y=[16x1x1810]  (T=1, K=1810)
  - op#04  op=Softmax  shard=1   scores=[16x1x1810]  ->  y=[16x1x1810]  (T=1, K=1810)
  - op#05  op=SV       shard=0   p=[16x1x1810] + v=[16x1810x128]  ->  y=[16x1x128]  (T=1, K=1810)
  - op#06  op=SV       shard=1   p=[16x1x1810] + v=[16x1810x128]  ->  y=[16x1x128]  (T=1, K=1810)
  - op#07  op=Add      shard=-1  a=[1x4096] + b=[1x4096]  ->  y=[1x4096]  (T=1, K=1810)
  - op#08  op=LN       shard=-1  x=[1x4096] + w=[4096]  ->  y=[1x4096]  (T=1, K=1810)
  - op#09  op=SwiGLU   shard=0   a=[1x5504] + b=[1x5504]  ->  y=[1x5504]  (T=1, K=1810)
  - op#10  op=SwiGLU   shard=1   a=[1x5504] + b=[1x5504]  ->  y=[1x5504]  (T=1, K=1810)
  - op#11  op=Add      shard=-1  a=[1x4096] + b=[1x4096]  ->  y=[1x4096]  (T=1, K=1810)
[gpu-debug] per-op timing breakdown (avg over iters):
  idx  op       sh  io                                                    time   est_flops    TFLOPs       bytes      GB/s
  ------------------------------------------------------------------------------------------------------------------------
    0  LN       -1  x[1x4096]+w[4096]->y[1x4096]                        0.063ms    20.480 K      0.00   24.00 KiB      0.39
    1  QK        0  q[16x1x128]+k[16x128x1810]->y[16x1x1810]            0.052ms     7.414 M      0.14    7.13 MiB    144.57
    2  QK        1  q[16x1x128]+k[16x128x1810]->y[16x1x1810]            0.042ms     7.414 M      0.18    7.13 MiB    179.82
    3  Softmax   0  scores[16x1x1810]->y[16x1x1810]                     0.023ms   144.800 K      0.01  113.12 KiB      5.12
    4  Softmax   1  scores[16x1x1810]->y[16x1x1810]                     0.019ms   144.800 K      0.01  113.12 KiB      6.08
    5  SV        0  p[16x1x1810]+v[16x1810x128]->y[16x1x128]            0.034ms     7.414 M      0.22    7.13 MiB    221.90
    6  SV        1  p[16x1x1810]+v[16x1810x128]->y[16x1x128]            0.032ms     7.414 M      0.23    7.13 MiB    236.26
    7  Add      -1  a[1x4096]+b[1x4096]->y[1x4096]                      0.015ms     4.096 K      0.00   24.00 KiB      1.62
    8  LN       -1  x[1x4096]+w[4096]->y[1x4096]                        0.064ms    20.480 K      0.00   24.00 KiB      0.39
    9  SwiGLU    0  a[1x5504]+b[1x5504]->y[1x5504]                      0.025ms    33.024 K      0.00   32.25 KiB      1.34
   10  SwiGLU    1  a[1x5504]+b[1x5504]->y[1x5504]                      0.024ms    33.024 K      0.00   32.25 KiB      1.37
   11  Add      -1  a[1x4096]+b[1x4096]->y[1x4096]                      0.016ms     4.096 K      0.00   24.00 KiB      1.57
[gpu-debug] segment avg latency (cuda_events): 0.259 ms
[gpu-debug] sum(per-op)               : 0.407 ms (ratio=1.571)
[gpu-debug] NOTE: sum(per-op) may differ from segment latency due to Python overhead, event/launch overhead, and allocator/cache effects.
[gpu-debug] cuda mem before warmup: alloc=407.12 MiB reserved=482.00 MiB
[gpu-debug] cuda mem after warmup : alloc=421.31 MiB reserved=502.00 MiB
[gpu-debug] cuda mem peak (this segment): max_alloc=421.42 MiB max_reserved=502.00 MiB
========================================================================================
[gpu-debug] segment_key=npu|decode|131|48322b0ab0207f84448cb08e6eac5594
[gpu-debug] sig: device_type=npu phase=decode step=131 (count_hint=32)
[gpu-debug] ops_repr: LN:-1,QK:0,QK:1,Softmax:0,Softmax:1,SV:0,SV:1,Add:-1,LN:-1,SwiGLU:0,SwiGLU:1,Add:-1
[gpu-debug] cfg: device=cuda dtype=torch.bfloat16 dim=4096 ffn_dim=11008 n_heads=32 shards=2
[gpu-debug] op plan (with inferred tensor shapes):
  - op#00  op=LN       shard=-1  x=[1x4096] + w=[4096]  ->  y=[1x4096]  (T=1, K=1822)
  - op#01  op=QK       shard=0   q=[16x1x128] + k=[16x128x1822]  ->  y=[16x1x1822]  (T=1, K=1822)
  - op#02  op=QK       shard=1   q=[16x1x128] + k=[16x128x1822]  ->  y=[16x1x1822]  (T=1, K=1822)
  - op#03  op=Softmax  shard=0   scores=[16x1x1822]  ->  y=[16x1x1822]  (T=1, K=1822)
  - op#04  op=Softmax  shard=1   scores=[16x1x1822]  ->  y=[16x1x1822]  (T=1, K=1822)
  - op#05  op=SV       shard=0   p=[16x1x1822] + v=[16x1822x128]  ->  y=[16x1x128]  (T=1, K=1822)
  - op#06  op=SV       shard=1   p=[16x1x1822] + v=[16x1822x128]  ->  y=[16x1x128]  (T=1, K=1822)
  - op#07  op=Add      shard=-1  a=[1x4096] + b=[1x4096]  ->  y=[1x4096]  (T=1, K=1822)
  - op#08  op=LN       shard=-1  x=[1x4096] + w=[4096]  ->  y=[1x4096]  (T=1, K=1822)
  - op#09  op=SwiGLU   shard=0   a=[1x5504] + b=[1x5504]  ->  y=[1x5504]  (T=1, K=1822)
  - op#10  op=SwiGLU   shard=1   a=[1x5504] + b=[1x5504]  ->  y=[1x5504]  (T=1, K=1822)
  - op#11  op=Add      shard=-1  a=[1x4096] + b=[1x4096]  ->  y=[1x4096]  (T=1, K=1822)
[gpu-debug] per-op timing breakdown (avg over iters):
  idx  op       sh  io                                                    time   est_flops    TFLOPs       bytes      GB/s
  ------------------------------------------------------------------------------------------------------------------------
    0  LN       -1  x[1x4096]+w[4096]->y[1x4096]                        0.063ms    20.480 K      0.00   24.00 KiB      0.39
    1  QK        0  q[16x1x128]+k[16x128x1822]->y[16x1x1822]            0.051ms     7.463 M      0.15    7.18 MiB    147.87
    2  QK        1  q[16x1x128]+k[16x128x1822]->y[16x1x1822]            0.044ms     7.463 M      0.17    7.18 MiB    172.92
    3  Softmax   0  scores[16x1x1822]->y[16x1x1822]                     0.024ms   145.760 K      0.01  113.88 KiB      4.89
    4  Softmax   1  scores[16x1x1822]->y[16x1x1822]                     0.019ms   145.760 K      0.01  113.88 KiB      6.22
    5  SV        0  p[16x1x1822]+v[16x1822x128]->y[16x1x128]            0.035ms     7.463 M      0.21    7.18 MiB    214.25
    6  SV        1  p[16x1x1822]+v[16x1822x128]->y[16x1x128]            0.031ms     7.463 M      0.24    7.18 MiB    240.16
    7  Add      -1  a[1x4096]+b[1x4096]->y[1x4096]                      0.014ms     4.096 K      0.00   24.00 KiB      1.74
    8  LN       -1  x[1x4096]+w[4096]->y[1x4096]                        0.064ms    20.480 K      0.00   24.00 KiB      0.38
    9  SwiGLU    0  a[1x5504]+b[1x5504]->y[1x5504]                      0.024ms    33.024 K      0.00   32.25 KiB      1.35
   10  SwiGLU    1  a[1x5504]+b[1x5504]->y[1x5504]                      0.021ms    33.024 K      0.00   32.25 KiB      1.55
   11  Add      -1  a[1x4096]+b[1x4096]->y[1x4096]                      0.015ms     4.096 K      0.00   24.00 KiB      1.59
[gpu-debug] segment avg latency (cuda_events): 0.257 ms
[gpu-debug] sum(per-op)               : 0.406 ms (ratio=1.581)
[gpu-debug] NOTE: sum(per-op) may differ from segment latency due to Python overhead, event/launch overhead, and allocator/cache effects.
[gpu-debug] cuda mem before warmup: alloc=421.31 MiB reserved=502.00 MiB
[gpu-debug] cuda mem after warmup : alloc=435.60 MiB reserved=522.00 MiB
[gpu-debug] cuda mem peak (this segment): max_alloc=435.71 MiB max_reserved=522.00 MiB
========================================================================================
[gpu-debug] segment_key=npu|decode|132|48322b0ab0207f84448cb08e6eac5594
[gpu-debug] sig: device_type=npu phase=decode step=132 (count_hint=32)
[gpu-debug] ops_repr: LN:-1,QK:0,QK:1,Softmax:0,Softmax:1,SV:0,SV:1,Add:-1,LN:-1,SwiGLU:0,SwiGLU:1,Add:-1
[gpu-debug] cfg: device=cuda dtype=torch.bfloat16 dim=4096 ffn_dim=11008 n_heads=32 shards=2
[gpu-debug] op plan (with inferred tensor shapes):
  - op#00  op=LN       shard=-1  x=[1x4096] + w=[4096]  ->  y=[1x4096]  (T=1, K=1834)
  - op#01  op=QK       shard=0   q=[16x1x128] + k=[16x128x1834]  ->  y=[16x1x1834]  (T=1, K=1834)
  - op#02  op=QK       shard=1   q=[16x1x128] + k=[16x128x1834]  ->  y=[16x1x1834]  (T=1, K=1834)
  - op#03  op=Softmax  shard=0   scores=[16x1x1834]  ->  y=[16x1x1834]  (T=1, K=1834)
  - op#04  op=Softmax  shard=1   scores=[16x1x1834]  ->  y=[16x1x1834]  (T=1, K=1834)
  - op#05  op=SV       shard=0   p=[16x1x1834] + v=[16x1834x128]  ->  y=[16x1x128]  (T=1, K=1834)
  - op#06  op=SV       shard=1   p=[16x1x1834] + v=[16x1834x128]  ->  y=[16x1x128]  (T=1, K=1834)
  - op#07  op=Add      shard=-1  a=[1x4096] + b=[1x4096]  ->  y=[1x4096]  (T=1, K=1834)
  - op#08  op=LN       shard=-1  x=[1x4096] + w=[4096]  ->  y=[1x4096]  (T=1, K=1834)
  - op#09  op=SwiGLU   shard=0   a=[1x5504] + b=[1x5504]  ->  y=[1x5504]  (T=1, K=1834)
  - op#10  op=SwiGLU   shard=1   a=[1x5504] + b=[1x5504]  ->  y=[1x5504]  (T=1, K=1834)
  - op#11  op=Add      shard=-1  a=[1x4096] + b=[1x4096]  ->  y=[1x4096]  (T=1, K=1834)
[gpu-debug] per-op timing breakdown (avg over iters):
  idx  op       sh  io                                                    time   est_flops    TFLOPs       bytes      GB/s
  ------------------------------------------------------------------------------------------------------------------------
    0  LN       -1  x[1x4096]+w[4096]->y[1x4096]                        0.063ms    20.480 K      0.00   24.00 KiB      0.39
    1  QK        0  q[16x1x128]+k[16x128x1834]->y[16x1x1834]            0.052ms     7.512 M      0.14    7.22 MiB    145.90
    2  QK        1  q[16x1x128]+k[16x128x1834]->y[16x1x1834]            0.042ms     7.512 M      0.18    7.22 MiB    182.20
    3  Softmax   0  scores[16x1x1834]->y[16x1x1834]                     0.023ms   146.720 K      0.01  114.62 KiB      5.16
    4  Softmax   1  scores[16x1x1834]->y[16x1x1834]                     0.019ms   146.720 K      0.01  114.62 KiB      6.10
    5  SV        0  p[16x1x1834]+v[16x1834x128]->y[16x1x128]            0.034ms     7.512 M      0.22    7.22 MiB    220.82
    6  SV        1  p[16x1x1834]+v[16x1834x128]->y[16x1x128]            0.032ms     7.512 M      0.24    7.22 MiB    240.17
    7  Add      -1  a[1x4096]+b[1x4096]->y[1x4096]                      0.013ms     4.096 K      0.00   24.00 KiB      1.83
    8  LN       -1  x[1x4096]+w[4096]->y[1x4096]                        0.064ms    20.480 K      0.00   24.00 KiB      0.38
    9  SwiGLU    0  a[1x5504]+b[1x5504]->y[1x5504]                      0.025ms    33.024 K      0.00   32.25 KiB      1.33
   10  SwiGLU    1  a[1x5504]+b[1x5504]->y[1x5504]                      0.023ms    33.024 K      0.00   32.25 KiB      1.42
   11  Add      -1  a[1x4096]+b[1x4096]->y[1x4096]                      0.017ms     4.096 K      0.00   24.00 KiB      1.45
[gpu-debug] segment avg latency (cuda_events): 0.255 ms
[gpu-debug] sum(per-op)               : 0.407 ms (ratio=1.595)
[gpu-debug] NOTE: sum(per-op) may differ from segment latency due to Python overhead, event/launch overhead, and allocator/cache effects.
[gpu-debug] cuda mem before warmup: alloc=435.60 MiB reserved=522.00 MiB
[gpu-debug] cuda mem after warmup : alloc=449.99 MiB reserved=542.00 MiB
[gpu-debug] cuda mem peak (this segment): max_alloc=450.10 MiB max_reserved=542.00 MiB
========================================================================================
[gpu-debug] segment_key=npu|decode|133|48322b0ab0207f84448cb08e6eac5594
[gpu-debug] sig: device_type=npu phase=decode step=133 (count_hint=32)
[gpu-debug] ops_repr: LN:-1,QK:0,QK:1,Softmax:0,Softmax:1,SV:0,SV:1,Add:-1,LN:-1,SwiGLU:0,SwiGLU:1,Add:-1
[gpu-debug] cfg: device=cuda dtype=torch.bfloat16 dim=4096 ffn_dim=11008 n_heads=32 shards=2
[gpu-debug] op plan (with inferred tensor shapes):
  - op#00  op=LN       shard=-1  x=[1x4096] + w=[4096]  ->  y=[1x4096]  (T=1, K=1846)
  - op#01  op=QK       shard=0   q=[16x1x128] + k=[16x128x1846]  ->  y=[16x1x1846]  (T=1, K=1846)
  - op#02  op=QK       shard=1   q=[16x1x128] + k=[16x128x1846]  ->  y=[16x1x1846]  (T=1, K=1846)
  - op#03  op=Softmax  shard=0   scores=[16x1x1846]  ->  y=[16x1x1846]  (T=1, K=1846)
  - op#04  op=Softmax  shard=1   scores=[16x1x1846]  ->  y=[16x1x1846]  (T=1, K=1846)
  - op#05  op=SV       shard=0   p=[16x1x1846] + v=[16x1846x128]  ->  y=[16x1x128]  (T=1, K=1846)
  - op#06  op=SV       shard=1   p=[16x1x1846] + v=[16x1846x128]  ->  y=[16x1x128]  (T=1, K=1846)
  - op#07  op=Add      shard=-1  a=[1x4096] + b=[1x4096]  ->  y=[1x4096]  (T=1, K=1846)
  - op#08  op=LN       shard=-1  x=[1x4096] + w=[4096]  ->  y=[1x4096]  (T=1, K=1846)
  - op#09  op=SwiGLU   shard=0   a=[1x5504] + b=[1x5504]  ->  y=[1x5504]  (T=1, K=1846)
  - op#10  op=SwiGLU   shard=1   a=[1x5504] + b=[1x5504]  ->  y=[1x5504]  (T=1, K=1846)
  - op#11  op=Add      shard=-1  a=[1x4096] + b=[1x4096]  ->  y=[1x4096]  (T=1, K=1846)
[gpu-debug] per-op timing breakdown (avg over iters):
  idx  op       sh  io                                                    time   est_flops    TFLOPs       bytes      GB/s
  ------------------------------------------------------------------------------------------------------------------------
    0  LN       -1  x[1x4096]+w[4096]->y[1x4096]                        0.063ms    20.480 K      0.00   24.00 KiB      0.39
    1  QK        0  q[16x1x128]+k[16x128x1846]->y[16x1x1846]            0.051ms     7.561 M      0.15    7.27 MiB    148.62
    2  QK        1  q[16x1x128]+k[16x128x1846]->y[16x1x1846]            0.042ms     7.561 M      0.18    7.27 MiB    182.49
    3  Softmax   0  scores[16x1x1846]->y[16x1x1846]                     0.024ms   147.680 K      0.01  115.38 KiB      4.93
    4  Softmax   1  scores[16x1x1846]->y[16x1x1846]                     0.020ms   147.680 K      0.01  115.38 KiB      6.04
    5  SV        0  p[16x1x1846]+v[16x1846x128]->y[16x1x128]            0.036ms     7.561 M      0.21    7.27 MiB    212.73
    6  SV        1  p[16x1x1846]+v[16x1846x128]->y[16x1x128]            0.032ms     7.561 M      0.24    7.27 MiB    239.41
    7  Add      -1  a[1x4096]+b[1x4096]->y[1x4096]                      0.014ms     4.096 K      0.00   24.00 KiB      1.79
    8  LN       -1  x[1x4096]+w[4096]->y[1x4096]                        0.065ms    20.480 K      0.00   24.00 KiB      0.38
    9  SwiGLU    0  a[1x5504]+b[1x5504]->y[1x5504]                      0.025ms    33.024 K      0.00   32.25 KiB      1.33
   10  SwiGLU    1  a[1x5504]+b[1x5504]->y[1x5504]                      0.021ms    33.024 K      0.00   32.25 KiB      1.54
   11  Add      -1  a[1x4096]+b[1x4096]->y[1x4096]                      0.015ms     4.096 K      0.00   24.00 KiB      1.61
[gpu-debug] segment avg latency (cuda_events): 0.255 ms
[gpu-debug] sum(per-op)               : 0.407 ms (ratio=1.592)
[gpu-debug] NOTE: sum(per-op) may differ from segment latency due to Python overhead, event/launch overhead, and allocator/cache effects.
[gpu-debug] cuda mem before warmup: alloc=449.99 MiB reserved=542.00 MiB
[gpu-debug] cuda mem after warmup : alloc=464.46 MiB reserved=562.00 MiB
[gpu-debug] cuda mem peak (this segment): max_alloc=464.58 MiB max_reserved=562.00 MiB
========================================================================================
[gpu-debug] segment_key=npu|decode|134|48322b0ab0207f84448cb08e6eac5594
[gpu-debug] sig: device_type=npu phase=decode step=134 (count_hint=32)
[gpu-debug] ops_repr: LN:-1,QK:0,QK:1,Softmax:0,Softmax:1,SV:0,SV:1,Add:-1,LN:-1,SwiGLU:0,SwiGLU:1,Add:-1
[gpu-debug] cfg: device=cuda dtype=torch.bfloat16 dim=4096 ffn_dim=11008 n_heads=32 shards=2
[gpu-debug] op plan (with inferred tensor shapes):
  - op#00  op=LN       shard=-1  x=[1x4096] + w=[4096]  ->  y=[1x4096]  (T=1, K=1858)
  - op#01  op=QK       shard=0   q=[16x1x128] + k=[16x128x1858]  ->  y=[16x1x1858]  (T=1, K=1858)
  - op#02  op=QK       shard=1   q=[16x1x128] + k=[16x128x1858]  ->  y=[16x1x1858]  (T=1, K=1858)
  - op#03  op=Softmax  shard=0   scores=[16x1x1858]  ->  y=[16x1x1858]  (T=1, K=1858)
  - op#04  op=Softmax  shard=1   scores=[16x1x1858]  ->  y=[16x1x1858]  (T=1, K=1858)
  - op#05  op=SV       shard=0   p=[16x1x1858] + v=[16x1858x128]  ->  y=[16x1x128]  (T=1, K=1858)
  - op#06  op=SV       shard=1   p=[16x1x1858] + v=[16x1858x128]  ->  y=[16x1x128]  (T=1, K=1858)
  - op#07  op=Add      shard=-1  a=[1x4096] + b=[1x4096]  ->  y=[1x4096]  (T=1, K=1858)
  - op#08  op=LN       shard=-1  x=[1x4096] + w=[4096]  ->  y=[1x4096]  (T=1, K=1858)
  - op#09  op=SwiGLU   shard=0   a=[1x5504] + b=[1x5504]  ->  y=[1x5504]  (T=1, K=1858)
  - op#10  op=SwiGLU   shard=1   a=[1x5504] + b=[1x5504]  ->  y=[1x5504]  (T=1, K=1858)
  - op#11  op=Add      shard=-1  a=[1x4096] + b=[1x4096]  ->  y=[1x4096]  (T=1, K=1858)
[gpu-debug] per-op timing breakdown (avg over iters):
  idx  op       sh  io                                                    time   est_flops    TFLOPs       bytes      GB/s
  ------------------------------------------------------------------------------------------------------------------------
    0  LN       -1  x[1x4096]+w[4096]->y[1x4096]                        0.063ms    20.480 K      0.00   24.00 KiB      0.39
    1  QK        0  q[16x1x128]+k[16x128x1858]->y[16x1x1858]            0.053ms     7.610 M      0.14    7.32 MiB    146.08
    2  QK        1  q[16x1x128]+k[16x128x1858]->y[16x1x1858]            0.042ms     7.610 M      0.18    7.32 MiB    181.45
    3  Softmax   0  scores[16x1x1858]->y[16x1x1858]                     0.023ms   148.640 K      0.01  116.12 KiB      5.09
    4  Softmax   1  scores[16x1x1858]->y[16x1x1858]                     0.019ms   148.640 K      0.01  116.12 KiB      6.35
    5  SV        0  p[16x1x1858]+v[16x1858x128]->y[16x1x128]            0.034ms     7.610 M      0.22    7.32 MiB    225.05
    6  SV        1  p[16x1x1858]+v[16x1858x128]->y[16x1x128]            0.031ms     7.610 M      0.24    7.32 MiB    246.52
    7  Add      -1  a[1x4096]+b[1x4096]->y[1x4096]                      0.014ms     4.096 K      0.00   24.00 KiB      1.71
    8  LN       -1  x[1x4096]+w[4096]->y[1x4096]                        0.065ms    20.480 K      0.00   24.00 KiB      0.38
    9  SwiGLU    0  a[1x5504]+b[1x5504]->y[1x5504]                      0.025ms    33.024 K      0.00   32.25 KiB      1.32
   10  SwiGLU    1  a[1x5504]+b[1x5504]->y[1x5504]                      0.022ms    33.024 K      0.00   32.25 KiB      1.51
   11  Add      -1  a[1x4096]+b[1x4096]->y[1x4096]                      0.018ms     4.096 K      0.00   24.00 KiB      1.38
[gpu-debug] segment avg latency (cuda_events): 0.256 ms
[gpu-debug] sum(per-op)               : 0.409 ms (ratio=1.598)
[gpu-debug] NOTE: sum(per-op) may differ from segment latency due to Python overhead, event/launch overhead, and allocator/cache effects.
[gpu-debug] cuda mem before warmup: alloc=464.46 MiB reserved=562.00 MiB
[gpu-debug] cuda mem after warmup : alloc=479.04 MiB reserved=582.00 MiB
[gpu-debug] cuda mem peak (this segment): max_alloc=479.15 MiB max_reserved=582.00 MiB
========================================================================================
[gpu-debug] segment_key=npu|decode|135|48322b0ab0207f84448cb08e6eac5594
[gpu-debug] sig: device_type=npu phase=decode step=135 (count_hint=32)
[gpu-debug] ops_repr: LN:-1,QK:0,QK:1,Softmax:0,Softmax:1,SV:0,SV:1,Add:-1,LN:-1,SwiGLU:0,SwiGLU:1,Add:-1
[gpu-debug] cfg: device=cuda dtype=torch.bfloat16 dim=4096 ffn_dim=11008 n_heads=32 shards=2
[gpu-debug] op plan (with inferred tensor shapes):
  - op#00  op=LN       shard=-1  x=[1x4096] + w=[4096]  ->  y=[1x4096]  (T=1, K=1870)
  - op#01  op=QK       shard=0   q=[16x1x128] + k=[16x128x1870]  ->  y=[16x1x1870]  (T=1, K=1870)
  - op#02  op=QK       shard=1   q=[16x1x128] + k=[16x128x1870]  ->  y=[16x1x1870]  (T=1, K=1870)
  - op#03  op=Softmax  shard=0   scores=[16x1x1870]  ->  y=[16x1x1870]  (T=1, K=1870)
  - op#04  op=Softmax  shard=1   scores=[16x1x1870]  ->  y=[16x1x1870]  (T=1, K=1870)
  - op#05  op=SV       shard=0   p=[16x1x1870] + v=[16x1870x128]  ->  y=[16x1x128]  (T=1, K=1870)
  - op#06  op=SV       shard=1   p=[16x1x1870] + v=[16x1870x128]  ->  y=[16x1x128]  (T=1, K=1870)
  - op#07  op=Add      shard=-1  a=[1x4096] + b=[1x4096]  ->  y=[1x4096]  (T=1, K=1870)
  - op#08  op=LN       shard=-1  x=[1x4096] + w=[4096]  ->  y=[1x4096]  (T=1, K=1870)
  - op#09  op=SwiGLU   shard=0   a=[1x5504] + b=[1x5504]  ->  y=[1x5504]  (T=1, K=1870)
  - op#10  op=SwiGLU   shard=1   a=[1x5504] + b=[1x5504]  ->  y=[1x5504]  (T=1, K=1870)
  - op#11  op=Add      shard=-1  a=[1x4096] + b=[1x4096]  ->  y=[1x4096]  (T=1, K=1870)
[gpu-debug] per-op timing breakdown (avg over iters):
  idx  op       sh  io                                                    time   est_flops    TFLOPs       bytes      GB/s
  ------------------------------------------------------------------------------------------------------------------------
    0  LN       -1  x[1x4096]+w[4096]->y[1x4096]                        0.064ms    20.480 K      0.00   24.00 KiB      0.38
    1  QK        0  q[16x1x128]+k[16x128x1870]->y[16x1x1870]            0.052ms     7.660 M      0.15    7.37 MiB    149.65
    2  QK        1  q[16x1x128]+k[16x128x1870]->y[16x1x1870]            0.042ms     7.660 M      0.18    7.37 MiB    182.18
    3  Softmax   0  scores[16x1x1870]->y[16x1x1870]                     0.022ms   149.600 K      0.01  116.88 KiB      5.51
    4  Softmax   1  scores[16x1x1870]->y[16x1x1870]                     0.018ms   149.600 K      0.01  116.88 KiB      6.64
    5  SV        0  p[16x1x1870]+v[16x1870x128]->y[16x1x128]            0.034ms     7.660 M      0.22    7.37 MiB    224.48
    6  SV        1  p[16x1x1870]+v[16x1870x128]->y[16x1x128]            0.032ms     7.660 M      0.24    7.37 MiB    243.30
    7  Add      -1  a[1x4096]+b[1x4096]->y[1x4096]                      0.017ms     4.096 K      0.00   24.00 KiB      1.47
    8  LN       -1  x[1x4096]+w[4096]->y[1x4096]                        0.065ms    20.480 K      0.00   24.00 KiB      0.38
    9  SwiGLU    0  a[1x5504]+b[1x5504]->y[1x5504]                      0.025ms    33.024 K      0.00   32.25 KiB      1.34
   10  SwiGLU    1  a[1x5504]+b[1x5504]->y[1x5504]                      0.022ms    33.024 K      0.00   32.25 KiB      1.53
   11  Add      -1  a[1x4096]+b[1x4096]->y[1x4096]                      0.016ms     4.096 K      0.00   24.00 KiB      1.56
[gpu-debug] segment avg latency (cuda_events): 0.259 ms
[gpu-debug] sum(per-op)               : 0.407 ms (ratio=1.571)
[gpu-debug] NOTE: sum(per-op) may differ from segment latency due to Python overhead, event/launch overhead, and allocator/cache effects.
[gpu-debug] cuda mem before warmup: alloc=479.04 MiB reserved=582.00 MiB
[gpu-debug] cuda mem after warmup : alloc=493.70 MiB reserved=604.00 MiB
[gpu-debug] cuda mem peak (this segment): max_alloc=493.82 MiB max_reserved=604.00 MiB
  progress 40/202
========================================================================================
[gpu-debug] segment_key=npu|decode|136|48322b0ab0207f84448cb08e6eac5594
[gpu-debug] sig: device_type=npu phase=decode step=136 (count_hint=32)
[gpu-debug] ops_repr: LN:-1,QK:0,QK:1,Softmax:0,Softmax:1,SV:0,SV:1,Add:-1,LN:-1,SwiGLU:0,SwiGLU:1,Add:-1
[gpu-debug] cfg: device=cuda dtype=torch.bfloat16 dim=4096 ffn_dim=11008 n_heads=32 shards=2
[gpu-debug] op plan (with inferred tensor shapes):
  - op#00  op=LN       shard=-1  x=[1x4096] + w=[4096]  ->  y=[1x4096]  (T=1, K=1882)
  - op#01  op=QK       shard=0   q=[16x1x128] + k=[16x128x1882]  ->  y=[16x1x1882]  (T=1, K=1882)
  - op#02  op=QK       shard=1   q=[16x1x128] + k=[16x128x1882]  ->  y=[16x1x1882]  (T=1, K=1882)
  - op#03  op=Softmax  shard=0   scores=[16x1x1882]  ->  y=[16x1x1882]  (T=1, K=1882)
  - op#04  op=Softmax  shard=1   scores=[16x1x1882]  ->  y=[16x1x1882]  (T=1, K=1882)
  - op#05  op=SV       shard=0   p=[16x1x1882] + v=[16x1882x128]  ->  y=[16x1x128]  (T=1, K=1882)
  - op#06  op=SV       shard=1   p=[16x1x1882] + v=[16x1882x128]  ->  y=[16x1x128]  (T=1, K=1882)
  - op#07  op=Add      shard=-1  a=[1x4096] + b=[1x4096]  ->  y=[1x4096]  (T=1, K=1882)
  - op#08  op=LN       shard=-1  x=[1x4096] + w=[4096]  ->  y=[1x4096]  (T=1, K=1882)
  - op#09  op=SwiGLU   shard=0   a=[1x5504] + b=[1x5504]  ->  y=[1x5504]  (T=1, K=1882)
  - op#10  op=SwiGLU   shard=1   a=[1x5504] + b=[1x5504]  ->  y=[1x5504]  (T=1, K=1882)
  - op#11  op=Add      shard=-1  a=[1x4096] + b=[1x4096]  ->  y=[1x4096]  (T=1, K=1882)
[gpu-debug] per-op timing breakdown (avg over iters):
  idx  op       sh  io                                                    time   est_flops    TFLOPs       bytes      GB/s
  ------------------------------------------------------------------------------------------------------------------------
    0  LN       -1  x[1x4096]+w[4096]->y[1x4096]                        0.063ms    20.480 K      0.00   24.00 KiB      0.39
    1  QK        0  q[16x1x128]+k[16x128x1882]->y[16x1x1882]            0.051ms     7.709 M      0.15    7.41 MiB    153.04
    2  QK        1  q[16x1x128]+k[16x128x1882]->y[16x1x1882]            0.042ms     7.709 M      0.18    7.41 MiB    183.80
    3  Softmax   0  scores[16x1x1882]->y[16x1x1882]                     0.022ms   150.560 K      0.01  117.62 KiB      5.45
    4  Softmax   1  scores[16x1x1882]->y[16x1x1882]                     0.019ms   150.560 K      0.01  117.62 KiB      6.22
    5  SV        0  p[16x1x1882]+v[16x1882x128]->y[16x1x128]            0.035ms     7.709 M      0.22    7.41 MiB    223.92
    6  SV        1  p[16x1x1882]+v[16x1882x128]->y[16x1x128]            0.031ms     7.709 M      0.25    7.41 MiB    247.26
    7  Add      -1  a[1x4096]+b[1x4096]->y[1x4096]                      0.017ms     4.096 K      0.00   24.00 KiB      1.46
    8  LN       -1  x[1x4096]+w[4096]->y[1x4096]                        0.065ms    20.480 K      0.00   24.00 KiB      0.38
    9  SwiGLU    0  a[1x5504]+b[1x5504]->y[1x5504]                      0.025ms    33.024 K      0.00   32.25 KiB      1.32
   10  SwiGLU    1  a[1x5504]+b[1x5504]->y[1x5504]                      0.022ms    33.024 K      0.00   32.25 KiB      1.53
   11  Add      -1  a[1x4096]+b[1x4096]->y[1x4096]                      0.016ms     4.096 K      0.00   24.00 KiB      1.55
[gpu-debug] segment avg latency (cuda_events): 0.259 ms
[gpu-debug] sum(per-op)               : 0.408 ms (ratio=1.577)
[gpu-debug] NOTE: sum(per-op) may differ from segment latency due to Python overhead, event/launch overhead, and allocator/cache effects.
[gpu-debug] cuda mem before warmup: alloc=493.70 MiB reserved=604.00 MiB
[gpu-debug] cuda mem after warmup : alloc=508.46 MiB reserved=624.00 MiB
[gpu-debug] cuda mem peak (this segment): max_alloc=508.58 MiB max_reserved=624.00 MiB
========================================================================================
[gpu-debug] segment_key=npu|decode|137|48322b0ab0207f84448cb08e6eac5594
[gpu-debug] sig: device_type=npu phase=decode step=137 (count_hint=32)
[gpu-debug] ops_repr: LN:-1,QK:0,QK:1,Softmax:0,Softmax:1,SV:0,SV:1,Add:-1,LN:-1,SwiGLU:0,SwiGLU:1,Add:-1
[gpu-debug] cfg: device=cuda dtype=torch.bfloat16 dim=4096 ffn_dim=11008 n_heads=32 shards=2
[gpu-debug] op plan (with inferred tensor shapes):
  - op#00  op=LN       shard=-1  x=[1x4096] + w=[4096]  ->  y=[1x4096]  (T=1, K=1894)
  - op#01  op=QK       shard=0   q=[16x1x128] + k=[16x128x1894]  ->  y=[16x1x1894]  (T=1, K=1894)
  - op#02  op=QK       shard=1   q=[16x1x128] + k=[16x128x1894]  ->  y=[16x1x1894]  (T=1, K=1894)
  - op#03  op=Softmax  shard=0   scores=[16x1x1894]  ->  y=[16x1x1894]  (T=1, K=1894)
  - op#04  op=Softmax  shard=1   scores=[16x1x1894]  ->  y=[16x1x1894]  (T=1, K=1894)
  - op#05  op=SV       shard=0   p=[16x1x1894] + v=[16x1894x128]  ->  y=[16x1x128]  (T=1, K=1894)
  - op#06  op=SV       shard=1   p=[16x1x1894] + v=[16x1894x128]  ->  y=[16x1x128]  (T=1, K=1894)
  - op#07  op=Add      shard=-1  a=[1x4096] + b=[1x4096]  ->  y=[1x4096]  (T=1, K=1894)
  - op#08  op=LN       shard=-1  x=[1x4096] + w=[4096]  ->  y=[1x4096]  (T=1, K=1894)
  - op#09  op=SwiGLU   shard=0   a=[1x5504] + b=[1x5504]  ->  y=[1x5504]  (T=1, K=1894)
  - op#10  op=SwiGLU   shard=1   a=[1x5504] + b=[1x5504]  ->  y=[1x5504]  (T=1, K=1894)
  - op#11  op=Add      shard=-1  a=[1x4096] + b=[1x4096]  ->  y=[1x4096]  (T=1, K=1894)
[gpu-debug] per-op timing breakdown (avg over iters):
  idx  op       sh  io                                                    time   est_flops    TFLOPs       bytes      GB/s
  ------------------------------------------------------------------------------------------------------------------------
    0  LN       -1  x[1x4096]+w[4096]->y[1x4096]                        0.063ms    20.480 K      0.00   24.00 KiB      0.39
    1  QK        0  q[16x1x128]+k[16x128x1894]->y[16x1x1894]            0.052ms     7.758 M      0.15    7.46 MiB    151.87
    2  QK        1  q[16x1x128]+k[16x128x1894]->y[16x1x1894]            0.042ms     7.758 M      0.18    7.46 MiB    185.87
    3  Softmax   0  scores[16x1x1894]->y[16x1x1894]                     0.022ms   151.520 K      0.01  118.38 KiB      5.56
    4  Softmax   1  scores[16x1x1894]->y[16x1x1894]                     0.019ms   151.520 K      0.01  118.38 KiB      6.54
    5  SV        0  p[16x1x1894]+v[16x1894x128]->y[16x1x128]            0.034ms     7.758 M      0.23    7.46 MiB    228.72
    6  SV        1  p[16x1x1894]+v[16x1894x128]->y[16x1x128]            0.032ms     7.758 M      0.25    7.46 MiB    247.22
    7  Add      -1  a[1x4096]+b[1x4096]->y[1x4096]                      0.016ms     4.096 K      0.00   24.00 KiB      1.53
    8  LN       -1  x[1x4096]+w[4096]->y[1x4096]                        0.064ms    20.480 K      0.00   24.00 KiB      0.39
    9  SwiGLU    0  a[1x5504]+b[1x5504]->y[1x5504]                      0.024ms    33.024 K      0.00   32.25 KiB      1.36
   10  SwiGLU    1  a[1x5504]+b[1x5504]->y[1x5504]                      0.023ms    33.024 K      0.00   32.25 KiB      1.43
   11  Add      -1  a[1x4096]+b[1x4096]->y[1x4096]                      0.016ms     4.096 K      0.00   24.00 KiB      1.53
[gpu-debug] segment avg latency (cuda_events): 0.258 ms
[gpu-debug] sum(per-op)               : 0.406 ms (ratio=1.578)
[gpu-debug] NOTE: sum(per-op) may differ from segment latency due to Python overhead, event/launch overhead, and allocator/cache effects.
[gpu-debug] cuda mem before warmup: alloc=508.46 MiB reserved=624.00 MiB
[gpu-debug] cuda mem after warmup : alloc=523.32 MiB reserved=644.00 MiB
[gpu-debug] cuda mem peak (this segment): max_alloc=523.44 MiB max_reserved=644.00 MiB
========================================================================================
[gpu-debug] segment_key=npu|decode|138|48322b0ab0207f84448cb08e6eac5594
[gpu-debug] sig: device_type=npu phase=decode step=138 (count_hint=32)
[gpu-debug] ops_repr: LN:-1,QK:0,QK:1,Softmax:0,Softmax:1,SV:0,SV:1,Add:-1,LN:-1,SwiGLU:0,SwiGLU:1,Add:-1
[gpu-debug] cfg: device=cuda dtype=torch.bfloat16 dim=4096 ffn_dim=11008 n_heads=32 shards=2
[gpu-debug] op plan (with inferred tensor shapes):
  - op#00  op=LN       shard=-1  x=[1x4096] + w=[4096]  ->  y=[1x4096]  (T=1, K=1906)
  - op#01  op=QK       shard=0   q=[16x1x128] + k=[16x128x1906]  ->  y=[16x1x1906]  (T=1, K=1906)
  - op#02  op=QK       shard=1   q=[16x1x128] + k=[16x128x1906]  ->  y=[16x1x1906]  (T=1, K=1906)
  - op#03  op=Softmax  shard=0   scores=[16x1x1906]  ->  y=[16x1x1906]  (T=1, K=1906)
  - op#04  op=Softmax  shard=1   scores=[16x1x1906]  ->  y=[16x1x1906]  (T=1, K=1906)
  - op#05  op=SV       shard=0   p=[16x1x1906] + v=[16x1906x128]  ->  y=[16x1x128]  (T=1, K=1906)
  - op#06  op=SV       shard=1   p=[16x1x1906] + v=[16x1906x128]  ->  y=[16x1x128]  (T=1, K=1906)
  - op#07  op=Add      shard=-1  a=[1x4096] + b=[1x4096]  ->  y=[1x4096]  (T=1, K=1906)
  - op#08  op=LN       shard=-1  x=[1x4096] + w=[4096]  ->  y=[1x4096]  (T=1, K=1906)
  - op#09  op=SwiGLU   shard=0   a=[1x5504] + b=[1x5504]  ->  y=[1x5504]  (T=1, K=1906)
  - op#10  op=SwiGLU   shard=1   a=[1x5504] + b=[1x5504]  ->  y=[1x5504]  (T=1, K=1906)
  - op#11  op=Add      shard=-1  a=[1x4096] + b=[1x4096]  ->  y=[1x4096]  (T=1, K=1906)
[gpu-debug] per-op timing breakdown (avg over iters):
  idx  op       sh  io                                                    time   est_flops    TFLOPs       bytes      GB/s
  ------------------------------------------------------------------------------------------------------------------------
    0  LN       -1  x[1x4096]+w[4096]->y[1x4096]                        0.063ms    20.480 K      0.00   24.00 KiB      0.39
    1  QK        0  q[16x1x128]+k[16x128x1906]->y[16x1x1906]            0.051ms     7.807 M      0.15    7.51 MiB    155.30
    2  QK        1  q[16x1x128]+k[16x128x1906]->y[16x1x1906]            0.042ms     7.807 M      0.18    7.51 MiB    185.24
    3  Softmax   0  scores[16x1x1906]->y[16x1x1906]                     0.022ms   152.480 K      0.01  119.12 KiB      5.62
    4  Softmax   1  scores[16x1x1906]->y[16x1x1906]                     0.019ms   152.480 K      0.01  119.12 KiB      6.51
    5  SV        0  p[16x1x1906]+v[16x1906x128]->y[16x1x128]            0.037ms     7.807 M      0.21    7.51 MiB    212.95
    6  SV        1  p[16x1x1906]+v[16x1906x128]->y[16x1x128]            0.032ms     7.807 M      0.25    7.51 MiB    247.19
    7  Add      -1  a[1x4096]+b[1x4096]->y[1x4096]                      0.017ms     4.096 K      0.00   24.00 KiB      1.48
    8  LN       -1  x[1x4096]+w[4096]->y[1x4096]                        0.065ms    20.480 K      0.00   24.00 KiB      0.38
    9  SwiGLU    0  a[1x5504]+b[1x5504]->y[1x5504]                      0.025ms    33.024 K      0.00   32.25 KiB      1.33
   10  SwiGLU    1  a[1x5504]+b[1x5504]->y[1x5504]                      0.022ms    33.024 K      0.00   32.25 KiB      1.54
   11  Add      -1  a[1x4096]+b[1x4096]->y[1x4096]                      0.016ms     4.096 K      0.00   24.00 KiB      1.56
[gpu-debug] segment avg latency (cuda_events): 0.258 ms
[gpu-debug] sum(per-op)               : 0.408 ms (ratio=1.582)
[gpu-debug] NOTE: sum(per-op) may differ from segment latency due to Python overhead, event/launch overhead, and allocator/cache effects.
[gpu-debug] cuda mem before warmup: alloc=523.32 MiB reserved=644.00 MiB
[gpu-debug] cuda mem after warmup : alloc=538.27 MiB reserved=664.00 MiB
[gpu-debug] cuda mem peak (this segment): max_alloc=538.39 MiB max_reserved=664.00 MiB
========================================================================================
[gpu-debug] segment_key=npu|decode|139|48322b0ab0207f84448cb08e6eac5594
[gpu-debug] sig: device_type=npu phase=decode step=139 (count_hint=32)
[gpu-debug] ops_repr: LN:-1,QK:0,QK:1,Softmax:0,Softmax:1,SV:0,SV:1,Add:-1,LN:-1,SwiGLU:0,SwiGLU:1,Add:-1
[gpu-debug] cfg: device=cuda dtype=torch.bfloat16 dim=4096 ffn_dim=11008 n_heads=32 shards=2
[gpu-debug] op plan (with inferred tensor shapes):
  - op#00  op=LN       shard=-1  x=[1x4096] + w=[4096]  ->  y=[1x4096]  (T=1, K=1918)
  - op#01  op=QK       shard=0   q=[16x1x128] + k=[16x128x1918]  ->  y=[16x1x1918]  (T=1, K=1918)
  - op#02  op=QK       shard=1   q=[16x1x128] + k=[16x128x1918]  ->  y=[16x1x1918]  (T=1, K=1918)
  - op#03  op=Softmax  shard=0   scores=[16x1x1918]  ->  y=[16x1x1918]  (T=1, K=1918)
  - op#04  op=Softmax  shard=1   scores=[16x1x1918]  ->  y=[16x1x1918]  (T=1, K=1918)
  - op#05  op=SV       shard=0   p=[16x1x1918] + v=[16x1918x128]  ->  y=[16x1x128]  (T=1, K=1918)
  - op#06  op=SV       shard=1   p=[16x1x1918] + v=[16x1918x128]  ->  y=[16x1x128]  (T=1, K=1918)
  - op#07  op=Add      shard=-1  a=[1x4096] + b=[1x4096]  ->  y=[1x4096]  (T=1, K=1918)
  - op#08  op=LN       shard=-1  x=[1x4096] + w=[4096]  ->  y=[1x4096]  (T=1, K=1918)
  - op#09  op=SwiGLU   shard=0   a=[1x5504] + b=[1x5504]  ->  y=[1x5504]  (T=1, K=1918)
  - op#10  op=SwiGLU   shard=1   a=[1x5504] + b=[1x5504]  ->  y=[1x5504]  (T=1, K=1918)
  - op#11  op=Add      shard=-1  a=[1x4096] + b=[1x4096]  ->  y=[1x4096]  (T=1, K=1918)
[gpu-debug] per-op timing breakdown (avg over iters):
  idx  op       sh  io                                                    time   est_flops    TFLOPs       bytes      GB/s
  ------------------------------------------------------------------------------------------------------------------------
    0  LN       -1  x[1x4096]+w[4096]->y[1x4096]                        0.063ms    20.480 K      0.00   24.00 KiB      0.39
    1  QK        0  q[16x1x128]+k[16x128x1918]->y[16x1x1918]            0.052ms     7.856 M      0.15    7.55 MiB    151.98
    2  QK        1  q[16x1x128]+k[16x128x1918]->y[16x1x1918]            0.043ms     7.856 M      0.18    7.55 MiB    185.07
    3  Softmax   0  scores[16x1x1918]->y[16x1x1918]                     0.022ms   153.440 K      0.01  119.88 KiB      5.58
    4  Softmax   1  scores[16x1x1918]->y[16x1x1918]                     0.019ms   153.440 K      0.01  119.88 KiB      6.59
    5  SV        0  p[16x1x1918]+v[16x1918x128]->y[16x1x128]            0.035ms     7.856 M      0.22    7.55 MiB    223.58
    6  SV        1  p[16x1x1918]+v[16x1918x128]->y[16x1x128]            0.032ms     7.856 M      0.25    7.55 MiB    250.35
    7  Add      -1  a[1x4096]+b[1x4096]->y[1x4096]                      0.015ms     4.096 K      0.00   24.00 KiB      1.67
    8  LN       -1  x[1x4096]+w[4096]->y[1x4096]                        0.064ms    20.480 K      0.00   24.00 KiB      0.38
    9  SwiGLU    0  a[1x5504]+b[1x5504]->y[1x5504]                      0.025ms    33.024 K      0.00   32.25 KiB      1.32
   10  SwiGLU    1  a[1x5504]+b[1x5504]->y[1x5504]                      0.023ms    33.024 K      0.00   32.25 KiB      1.46
   11  Add      -1  a[1x4096]+b[1x4096]->y[1x4096]                      0.016ms     4.096 K      0.00   24.00 KiB      1.56
[gpu-debug] segment avg latency (cuda_events): 0.257 ms
[gpu-debug] sum(per-op)               : 0.408 ms (ratio=1.590)
[gpu-debug] NOTE: sum(per-op) may differ from segment latency due to Python overhead, event/launch overhead, and allocator/cache effects.
[gpu-debug] cuda mem before warmup: alloc=538.27 MiB reserved=664.00 MiB
[gpu-debug] cuda mem after warmup : alloc=553.31 MiB reserved=684.00 MiB
[gpu-debug] cuda mem peak (this segment): max_alloc=553.43 MiB max_reserved=684.00 MiB
========================================================================================
[gpu-debug] segment_key=npu|decode|13|48322b0ab0207f84448cb08e6eac5594
[gpu-debug] sig: device_type=npu phase=decode step=13 (count_hint=32)
[gpu-debug] ops_repr: LN:-1,QK:0,QK:1,Softmax:0,Softmax:1,SV:0,SV:1,Add:-1,LN:-1,SwiGLU:0,SwiGLU:1,Add:-1
[gpu-debug] cfg: device=cuda dtype=torch.bfloat16 dim=4096 ffn_dim=11008 n_heads=32 shards=2
[gpu-debug] op plan (with inferred tensor shapes):
  - op#00  op=LN       shard=-1  x=[1x4096] + w=[4096]  ->  y=[1x4096]  (T=1, K=406)
  - op#01  op=QK       shard=0   q=[16x1x128] + k=[16x128x406]  ->  y=[16x1x406]  (T=1, K=406)
  - op#02  op=QK       shard=1   q=[16x1x128] + k=[16x128x406]  ->  y=[16x1x406]  (T=1, K=406)
  - op#03  op=Softmax  shard=0   scores=[16x1x406]  ->  y=[16x1x406]  (T=1, K=406)
  - op#04  op=Softmax  shard=1   scores=[16x1x406]  ->  y=[16x1x406]  (T=1, K=406)
  - op#05  op=SV       shard=0   p=[16x1x406] + v=[16x406x128]  ->  y=[16x1x128]  (T=1, K=406)
  - op#06  op=SV       shard=1   p=[16x1x406] + v=[16x406x128]  ->  y=[16x1x128]  (T=1, K=406)
  - op#07  op=Add      shard=-1  a=[1x4096] + b=[1x4096]  ->  y=[1x4096]  (T=1, K=406)
  - op#08  op=LN       shard=-1  x=[1x4096] + w=[4096]  ->  y=[1x4096]  (T=1, K=406)
  - op#09  op=SwiGLU   shard=0   a=[1x5504] + b=[1x5504]  ->  y=[1x5504]  (T=1, K=406)
  - op#10  op=SwiGLU   shard=1   a=[1x5504] + b=[1x5504]  ->  y=[1x5504]  (T=1, K=406)
  - op#11  op=Add      shard=-1  a=[1x4096] + b=[1x4096]  ->  y=[1x4096]  (T=1, K=406)
[gpu-debug] per-op timing breakdown (avg over iters):
  idx  op       sh  io                                                    time   est_flops    TFLOPs       bytes      GB/s
  ------------------------------------------------------------------------------------------------------------------------
    0  LN       -1  x[1x4096]+w[4096]->y[1x4096]                        0.064ms    20.480 K      0.00   24.00 KiB      0.38
    1  QK        0  q[16x1x128]+k[16x128x406]->y[16x1x406]              0.051ms     1.663 M      0.03    1.60 MiB     32.81
    2  QK        1  q[16x1x128]+k[16x128x406]->y[16x1x406]              0.042ms     1.663 M      0.04    1.60 MiB     40.02
    3  Softmax   0  scores[16x1x406]->y[16x1x406]                       0.018ms    32.480 K      0.00   25.38 KiB      1.45
    4  Softmax   1  scores[16x1x406]->y[16x1x406]                       0.015ms    32.480 K      0.00   25.38 KiB      1.74
    5  SV        0  p[16x1x406]+v[16x406x128]->y[16x1x128]              0.029ms     1.663 M      0.06    1.60 MiB     57.17
    6  SV        1  p[16x1x406]+v[16x406x128]->y[16x1x128]              0.027ms     1.663 M      0.06    1.60 MiB     63.35
    7  Add      -1  a[1x4096]+b[1x4096]->y[1x4096]                      0.018ms     4.096 K      0.00   24.00 KiB      1.38
    8  LN       -1  x[1x4096]+w[4096]->y[1x4096]                        0.064ms    20.480 K      0.00   24.00 KiB      0.38
    9  SwiGLU    0  a[1x5504]+b[1x5504]->y[1x5504]                      0.025ms    33.024 K      0.00   32.25 KiB      1.34
   10  SwiGLU    1  a[1x5504]+b[1x5504]->y[1x5504]                      0.023ms    33.024 K      0.00   32.25 KiB      1.41
   11  Add      -1  a[1x4096]+b[1x4096]->y[1x4096]                      0.016ms     4.096 K      0.00   24.00 KiB      1.51
[gpu-debug] segment avg latency (cuda_events): 0.256 ms
[gpu-debug] sum(per-op)               : 0.392 ms (ratio=1.528)
[gpu-debug] NOTE: sum(per-op) may differ from segment latency due to Python overhead, event/launch overhead, and allocator/cache effects.
[gpu-debug] cuda mem before warmup: alloc=553.31 MiB reserved=684.00 MiB
[gpu-debug] cuda mem after warmup : alloc=556.50 MiB reserved=684.00 MiB
[gpu-debug] cuda mem peak (this segment): max_alloc=556.52 MiB max_reserved=684.00 MiB
========================================================================================
[gpu-debug] segment_key=npu|decode|140|48322b0ab0207f84448cb08e6eac5594
[gpu-debug] sig: device_type=npu phase=decode step=140 (count_hint=32)
[gpu-debug] ops_repr: LN:-1,QK:0,QK:1,Softmax:0,Softmax:1,SV:0,SV:1,Add:-1,LN:-1,SwiGLU:0,SwiGLU:1,Add:-1
[gpu-debug] cfg: device=cuda dtype=torch.bfloat16 dim=4096 ffn_dim=11008 n_heads=32 shards=2
[gpu-debug] op plan (with inferred tensor shapes):
  - op#00  op=LN       shard=-1  x=[1x4096] + w=[4096]  ->  y=[1x4096]  (T=1, K=1930)
  - op#01  op=QK       shard=0   q=[16x1x128] + k=[16x128x1930]  ->  y=[16x1x1930]  (T=1, K=1930)
  - op#02  op=QK       shard=1   q=[16x1x128] + k=[16x128x1930]  ->  y=[16x1x1930]  (T=1, K=1930)
  - op#03  op=Softmax  shard=0   scores=[16x1x1930]  ->  y=[16x1x1930]  (T=1, K=1930)
  - op#04  op=Softmax  shard=1   scores=[16x1x1930]  ->  y=[16x1x1930]  (T=1, K=1930)
  - op#05  op=SV       shard=0   p=[16x1x1930] + v=[16x1930x128]  ->  y=[16x1x128]  (T=1, K=1930)
  - op#06  op=SV       shard=1   p=[16x1x1930] + v=[16x1930x128]  ->  y=[16x1x128]  (T=1, K=1930)
  - op#07  op=Add      shard=-1  a=[1x4096] + b=[1x4096]  ->  y=[1x4096]  (T=1, K=1930)
  - op#08  op=LN       shard=-1  x=[1x4096] + w=[4096]  ->  y=[1x4096]  (T=1, K=1930)
  - op#09  op=SwiGLU   shard=0   a=[1x5504] + b=[1x5504]  ->  y=[1x5504]  (T=1, K=1930)
  - op#10  op=SwiGLU   shard=1   a=[1x5504] + b=[1x5504]  ->  y=[1x5504]  (T=1, K=1930)
  - op#11  op=Add      shard=-1  a=[1x4096] + b=[1x4096]  ->  y=[1x4096]  (T=1, K=1930)
[gpu-debug] per-op timing breakdown (avg over iters):
  idx  op       sh  io                                                    time   est_flops    TFLOPs       bytes      GB/s
  ------------------------------------------------------------------------------------------------------------------------
    0  LN       -1  x[1x4096]+w[4096]->y[1x4096]                        0.063ms    20.480 K      0.00   24.00 KiB      0.39
    1  QK        0  q[16x1x128]+k[16x128x1930]->y[16x1x1930]            0.051ms     7.905 M      0.15    7.60 MiB    155.38
    2  QK        1  q[16x1x128]+k[16x128x1930]->y[16x1x1930]            0.045ms     7.905 M      0.17    7.60 MiB    175.72
    3  Softmax   0  scores[16x1x1930]->y[16x1x1930]                     0.022ms   154.400 K      0.01  120.62 KiB      5.53
    4  Softmax   1  scores[16x1x1930]->y[16x1x1930]                     0.019ms   154.400 K      0.01  120.62 KiB      6.66
    5  SV        0  p[16x1x1930]+v[16x1930x128]->y[16x1x128]            0.035ms     7.905 M      0.23    7.60 MiB    230.99
    6  SV        1  p[16x1x1930]+v[16x1930x128]->y[16x1x128]            0.032ms     7.905 M      0.25    7.60 MiB    252.74
    7  Add      -1  a[1x4096]+b[1x4096]->y[1x4096]                      0.017ms     4.096 K      0.00   24.00 KiB      1.47
    8  LN       -1  x[1x4096]+w[4096]->y[1x4096]                        0.065ms    20.480 K      0.00   24.00 KiB      0.38
    9  SwiGLU    0  a[1x5504]+b[1x5504]->y[1x5504]                      0.024ms    33.024 K      0.00   32.25 KiB      1.35
   10  SwiGLU    1  a[1x5504]+b[1x5504]->y[1x5504]                      0.022ms    33.024 K      0.00   32.25 KiB      1.52
   11  Add      -1  a[1x4096]+b[1x4096]->y[1x4096]                      0.016ms     4.096 K      0.00   24.00 KiB      1.57
[gpu-debug] segment avg latency (cuda_events): 0.259 ms
[gpu-debug] sum(per-op)               : 0.410 ms (ratio=1.586)
[gpu-debug] NOTE: sum(per-op) may differ from segment latency due to Python overhead, event/launch overhead, and allocator/cache effects.
[gpu-debug] cuda mem before warmup: alloc=556.50 MiB reserved=684.00 MiB
[gpu-debug] cuda mem after warmup : alloc=571.63 MiB reserved=704.00 MiB
[gpu-debug] cuda mem peak (this segment): max_alloc=571.75 MiB max_reserved=704.00 MiB
========================================================================================
[gpu-debug] segment_key=npu|decode|141|48322b0ab0207f84448cb08e6eac5594
[gpu-debug] sig: device_type=npu phase=decode step=141 (count_hint=32)
[gpu-debug] ops_repr: LN:-1,QK:0,QK:1,Softmax:0,Softmax:1,SV:0,SV:1,Add:-1,LN:-1,SwiGLU:0,SwiGLU:1,Add:-1
[gpu-debug] cfg: device=cuda dtype=torch.bfloat16 dim=4096 ffn_dim=11008 n_heads=32 shards=2
[gpu-debug] op plan (with inferred tensor shapes):
  - op#00  op=LN       shard=-1  x=[1x4096] + w=[4096]  ->  y=[1x4096]  (T=1, K=1942)
  - op#01  op=QK       shard=0   q=[16x1x128] + k=[16x128x1942]  ->  y=[16x1x1942]  (T=1, K=1942)
  - op#02  op=QK       shard=1   q=[16x1x128] + k=[16x128x1942]  ->  y=[16x1x1942]  (T=1, K=1942)
  - op#03  op=Softmax  shard=0   scores=[16x1x1942]  ->  y=[16x1x1942]  (T=1, K=1942)
  - op#04  op=Softmax  shard=1   scores=[16x1x1942]  ->  y=[16x1x1942]  (T=1, K=1942)
  - op#05  op=SV       shard=0   p=[16x1x1942] + v=[16x1942x128]  ->  y=[16x1x128]  (T=1, K=1942)
  - op#06  op=SV       shard=1   p=[16x1x1942] + v=[16x1942x128]  ->  y=[16x1x128]  (T=1, K=1942)
  - op#07  op=Add      shard=-1  a=[1x4096] + b=[1x4096]  ->  y=[1x4096]  (T=1, K=1942)
  - op#08  op=LN       shard=-1  x=[1x4096] + w=[4096]  ->  y=[1x4096]  (T=1, K=1942)
  - op#09  op=SwiGLU   shard=0   a=[1x5504] + b=[1x5504]  ->  y=[1x5504]  (T=1, K=1942)
  - op#10  op=SwiGLU   shard=1   a=[1x5504] + b=[1x5504]  ->  y=[1x5504]  (T=1, K=1942)
  - op#11  op=Add      shard=-1  a=[1x4096] + b=[1x4096]  ->  y=[1x4096]  (T=1, K=1942)
[gpu-debug] per-op timing breakdown (avg over iters):
  idx  op       sh  io                                                    time   est_flops    TFLOPs       bytes      GB/s
  ------------------------------------------------------------------------------------------------------------------------
    0  LN       -1  x[1x4096]+w[4096]->y[1x4096]                        0.063ms    20.480 K      0.00   24.00 KiB      0.39
    1  QK        0  q[16x1x128]+k[16x128x1942]->y[16x1x1942]            0.052ms     7.954 M      0.15    7.65 MiB    153.58
    2  QK        1  q[16x1x128]+k[16x128x1942]->y[16x1x1942]            0.042ms     7.954 M      0.19    7.65 MiB    190.58
    3  Softmax   0  scores[16x1x1942]->y[16x1x1942]                     0.022ms   155.360 K      0.01  121.38 KiB      5.67
    4  Softmax   1  scores[16x1x1942]->y[16x1x1942]                     0.018ms   155.360 K      0.01  121.38 KiB      6.74
    5  SV        0  p[16x1x1942]+v[16x1942x128]->y[16x1x128]            0.030ms     7.954 M      0.26    7.65 MiB    266.42
    6  SV        1  p[16x1x1942]+v[16x1942x128]->y[16x1x128]            0.029ms     7.954 M      0.27    7.65 MiB    276.77
    7  Add      -1  a[1x4096]+b[1x4096]->y[1x4096]                      0.018ms     4.096 K      0.00   24.00 KiB      1.35
    8  LN       -1  x[1x4096]+w[4096]->y[1x4096]                        0.066ms    20.480 K      0.00   24.00 KiB      0.37
    9  SwiGLU    0  a[1x5504]+b[1x5504]->y[1x5504]                      0.024ms    33.024 K      0.00   32.25 KiB      1.36
   10  SwiGLU    1  a[1x5504]+b[1x5504]->y[1x5504]                      0.021ms    33.024 K      0.00   32.25 KiB      1.55
   11  Add      -1  a[1x4096]+b[1x4096]->y[1x4096]                      0.016ms     4.096 K      0.00   24.00 KiB      1.56
[gpu-debug] segment avg latency (cuda_events): 0.260 ms
[gpu-debug] sum(per-op)               : 0.402 ms (ratio=1.549)
[gpu-debug] NOTE: sum(per-op) may differ from segment latency due to Python overhead, event/launch overhead, and allocator/cache effects.
[gpu-debug] cuda mem before warmup: alloc=571.63 MiB reserved=704.00 MiB
[gpu-debug] cuda mem after warmup : alloc=586.86 MiB reserved=724.00 MiB
[gpu-debug] cuda mem peak (this segment): max_alloc=586.98 MiB max_reserved=724.00 MiB
========================================================================================
[gpu-debug] segment_key=npu|decode|142|48322b0ab0207f84448cb08e6eac5594
[gpu-debug] sig: device_type=npu phase=decode step=142 (count_hint=32)
[gpu-debug] ops_repr: LN:-1,QK:0,QK:1,Softmax:0,Softmax:1,SV:0,SV:1,Add:-1,LN:-1,SwiGLU:0,SwiGLU:1,Add:-1
[gpu-debug] cfg: device=cuda dtype=torch.bfloat16 dim=4096 ffn_dim=11008 n_heads=32 shards=2
[gpu-debug] op plan (with inferred tensor shapes):
  - op#00  op=LN       shard=-1  x=[1x4096] + w=[4096]  ->  y=[1x4096]  (T=1, K=1954)
  - op#01  op=QK       shard=0   q=[16x1x128] + k=[16x128x1954]  ->  y=[16x1x1954]  (T=1, K=1954)
  - op#02  op=QK       shard=1   q=[16x1x128] + k=[16x128x1954]  ->  y=[16x1x1954]  (T=1, K=1954)
  - op#03  op=Softmax  shard=0   scores=[16x1x1954]  ->  y=[16x1x1954]  (T=1, K=1954)
  - op#04  op=Softmax  shard=1   scores=[16x1x1954]  ->  y=[16x1x1954]  (T=1, K=1954)
  - op#05  op=SV       shard=0   p=[16x1x1954] + v=[16x1954x128]  ->  y=[16x1x128]  (T=1, K=1954)
  - op#06  op=SV       shard=1   p=[16x1x1954] + v=[16x1954x128]  ->  y=[16x1x128]  (T=1, K=1954)
  - op#07  op=Add      shard=-1  a=[1x4096] + b=[1x4096]  ->  y=[1x4096]  (T=1, K=1954)
  - op#08  op=LN       shard=-1  x=[1x4096] + w=[4096]  ->  y=[1x4096]  (T=1, K=1954)
  - op#09  op=SwiGLU   shard=0   a=[1x5504] + b=[1x5504]  ->  y=[1x5504]  (T=1, K=1954)
  - op#10  op=SwiGLU   shard=1   a=[1x5504] + b=[1x5504]  ->  y=[1x5504]  (T=1, K=1954)
  - op#11  op=Add      shard=-1  a=[1x4096] + b=[1x4096]  ->  y=[1x4096]  (T=1, K=1954)
[gpu-debug] per-op timing breakdown (avg over iters):
  idx  op       sh  io                                                    time   est_flops    TFLOPs       bytes      GB/s
  ------------------------------------------------------------------------------------------------------------------------
    0  LN       -1  x[1x4096]+w[4096]->y[1x4096]                        0.064ms    20.480 K      0.00   24.00 KiB      0.38
    1  QK        0  q[16x1x128]+k[16x128x1954]->y[16x1x1954]            0.052ms     8.004 M      0.15    7.70 MiB    154.23
    2  QK        1  q[16x1x128]+k[16x128x1954]->y[16x1x1954]            0.042ms     8.004 M      0.19    7.70 MiB    189.91
    3  Softmax   0  scores[16x1x1954]->y[16x1x1954]                     0.022ms   156.320 K      0.01  122.12 KiB      5.65
    4  Softmax   1  scores[16x1x1954]->y[16x1x1954]                     0.019ms   156.320 K      0.01  122.12 KiB      6.57
    5  SV        0  p[16x1x1954]+v[16x1954x128]->y[16x1x128]            0.030ms     8.004 M      0.27    7.70 MiB    268.98
    6  SV        1  p[16x1x1954]+v[16x1954x128]->y[16x1x128]            0.028ms     8.004 M      0.29    7.70 MiB    288.68
    7  Add      -1  a[1x4096]+b[1x4096]->y[1x4096]                      0.018ms     4.096 K      0.00   24.00 KiB      1.35
    8  LN       -1  x[1x4096]+w[4096]->y[1x4096]                        0.065ms    20.480 K      0.00   24.00 KiB      0.38
    9  SwiGLU    0  a[1x5504]+b[1x5504]->y[1x5504]                      0.025ms    33.024 K      0.00   32.25 KiB      1.33
   10  SwiGLU    1  a[1x5504]+b[1x5504]->y[1x5504]                      0.022ms    33.024 K      0.00   32.25 KiB      1.48
   11  Add      -1  a[1x4096]+b[1x4096]->y[1x4096]                      0.017ms     4.096 K      0.00   24.00 KiB      1.41
[gpu-debug] segment avg latency (cuda_events): 0.259 ms
[gpu-debug] sum(per-op)               : 0.405 ms (ratio=1.561)
[gpu-debug] NOTE: sum(per-op) may differ from segment latency due to Python overhead, event/launch overhead, and allocator/cache effects.
[gpu-debug] cuda mem before warmup: alloc=586.86 MiB reserved=724.00 MiB
[gpu-debug] cuda mem after warmup : alloc=602.19 MiB reserved=744.00 MiB
[gpu-debug] cuda mem peak (this segment): max_alloc=602.31 MiB max_reserved=744.00 MiB
========================================================================================
[gpu-debug] segment_key=npu|decode|143|48322b0ab0207f84448cb08e6eac5594
[gpu-debug] sig: device_type=npu phase=decode step=143 (count_hint=32)
[gpu-debug] ops_repr: LN:-1,QK:0,QK:1,Softmax:0,Softmax:1,SV:0,SV:1,Add:-1,LN:-1,SwiGLU:0,SwiGLU:1,Add:-1
[gpu-debug] cfg: device=cuda dtype=torch.bfloat16 dim=4096 ffn_dim=11008 n_heads=32 shards=2
[gpu-debug] op plan (with inferred tensor shapes):
  - op#00  op=LN       shard=-1  x=[1x4096] + w=[4096]  ->  y=[1x4096]  (T=1, K=1966)
  - op#01  op=QK       shard=0   q=[16x1x128] + k=[16x128x1966]  ->  y=[16x1x1966]  (T=1, K=1966)
  - op#02  op=QK       shard=1   q=[16x1x128] + k=[16x128x1966]  ->  y=[16x1x1966]  (T=1, K=1966)
  - op#03  op=Softmax  shard=0   scores=[16x1x1966]  ->  y=[16x1x1966]  (T=1, K=1966)
  - op#04  op=Softmax  shard=1   scores=[16x1x1966]  ->  y=[16x1x1966]  (T=1, K=1966)
  - op#05  op=SV       shard=0   p=[16x1x1966] + v=[16x1966x128]  ->  y=[16x1x128]  (T=1, K=1966)
  - op#06  op=SV       shard=1   p=[16x1x1966] + v=[16x1966x128]  ->  y=[16x1x128]  (T=1, K=1966)
  - op#07  op=Add      shard=-1  a=[1x4096] + b=[1x4096]  ->  y=[1x4096]  (T=1, K=1966)
  - op#08  op=LN       shard=-1  x=[1x4096] + w=[4096]  ->  y=[1x4096]  (T=1, K=1966)
  - op#09  op=SwiGLU   shard=0   a=[1x5504] + b=[1x5504]  ->  y=[1x5504]  (T=1, K=1966)
  - op#10  op=SwiGLU   shard=1   a=[1x5504] + b=[1x5504]  ->  y=[1x5504]  (T=1, K=1966)
  - op#11  op=Add      shard=-1  a=[1x4096] + b=[1x4096]  ->  y=[1x4096]  (T=1, K=1966)
[gpu-debug] per-op timing breakdown (avg over iters):
  idx  op       sh  io                                                    time   est_flops    TFLOPs       bytes      GB/s
  ------------------------------------------------------------------------------------------------------------------------
    0  LN       -1  x[1x4096]+w[4096]->y[1x4096]                        0.063ms    20.480 K      0.00   24.00 KiB      0.39
    1  QK        0  q[16x1x128]+k[16x128x1966]->y[16x1x1966]            0.051ms     8.053 M      0.16    7.74 MiB    158.59
    2  QK        1  q[16x1x128]+k[16x128x1966]->y[16x1x1966]            0.042ms     8.053 M      0.19    7.74 MiB    195.31
    3  Softmax   0  scores[16x1x1966]->y[16x1x1966]                     0.022ms   157.280 K      0.01  122.88 KiB      5.69
    4  Softmax   1  scores[16x1x1966]->y[16x1x1966]                     0.019ms   157.280 K      0.01  122.88 KiB      6.68
    5  SV        0  p[16x1x1966]+v[16x1966x128]->y[16x1x128]            0.032ms     8.053 M      0.25    7.74 MiB    250.14
    6  SV        1  p[16x1x1966]+v[16x1966x128]->y[16x1x128]            0.028ms     8.053 M      0.28    7.74 MiB    285.23
    7  Add      -1  a[1x4096]+b[1x4096]->y[1x4096]                      0.018ms     4.096 K      0.00   24.00 KiB      1.33
    8  LN       -1  x[1x4096]+w[4096]->y[1x4096]                        0.065ms    20.480 K      0.00   24.00 KiB      0.38
    9  SwiGLU    0  a[1x5504]+b[1x5504]->y[1x5504]                      0.025ms    33.024 K      0.00   32.25 KiB      1.34
   10  SwiGLU    1  a[1x5504]+b[1x5504]->y[1x5504]                      0.021ms    33.024 K      0.00   32.25 KiB      1.56
   11  Add      -1  a[1x4096]+b[1x4096]->y[1x4096]                      0.016ms     4.096 K      0.00   24.00 KiB      1.56
[gpu-debug] segment avg latency (cuda_events): 0.261 ms
[gpu-debug] sum(per-op)               : 0.402 ms (ratio=1.545)
[gpu-debug] NOTE: sum(per-op) may differ from segment latency due to Python overhead, event/launch overhead, and allocator/cache effects.
[gpu-debug] cuda mem before warmup: alloc=602.19 MiB reserved=744.00 MiB
[gpu-debug] cuda mem after warmup : alloc=617.61 MiB reserved=764.00 MiB
[gpu-debug] cuda mem peak (this segment): max_alloc=617.73 MiB max_reserved=764.00 MiB
========================================================================================
[gpu-debug] segment_key=npu|decode|144|48322b0ab0207f84448cb08e6eac5594
[gpu-debug] sig: device_type=npu phase=decode step=144 (count_hint=32)
[gpu-debug] ops_repr: LN:-1,QK:0,QK:1,Softmax:0,Softmax:1,SV:0,SV:1,Add:-1,LN:-1,SwiGLU:0,SwiGLU:1,Add:-1
[gpu-debug] cfg: device=cuda dtype=torch.bfloat16 dim=4096 ffn_dim=11008 n_heads=32 shards=2
[gpu-debug] op plan (with inferred tensor shapes):
  - op#00  op=LN       shard=-1  x=[1x4096] + w=[4096]  ->  y=[1x4096]  (T=1, K=1978)
  - op#01  op=QK       shard=0   q=[16x1x128] + k=[16x128x1978]  ->  y=[16x1x1978]  (T=1, K=1978)
  - op#02  op=QK       shard=1   q=[16x1x128] + k=[16x128x1978]  ->  y=[16x1x1978]  (T=1, K=1978)
  - op#03  op=Softmax  shard=0   scores=[16x1x1978]  ->  y=[16x1x1978]  (T=1, K=1978)
  - op#04  op=Softmax  shard=1   scores=[16x1x1978]  ->  y=[16x1x1978]  (T=1, K=1978)
  - op#05  op=SV       shard=0   p=[16x1x1978] + v=[16x1978x128]  ->  y=[16x1x128]  (T=1, K=1978)
  - op#06  op=SV       shard=1   p=[16x1x1978] + v=[16x1978x128]  ->  y=[16x1x128]  (T=1, K=1978)
  - op#07  op=Add      shard=-1  a=[1x4096] + b=[1x4096]  ->  y=[1x4096]  (T=1, K=1978)
  - op#08  op=LN       shard=-1  x=[1x4096] + w=[4096]  ->  y=[1x4096]  (T=1, K=1978)
  - op#09  op=SwiGLU   shard=0   a=[1x5504] + b=[1x5504]  ->  y=[1x5504]  (T=1, K=1978)
  - op#10  op=SwiGLU   shard=1   a=[1x5504] + b=[1x5504]  ->  y=[1x5504]  (T=1, K=1978)
  - op#11  op=Add      shard=-1  a=[1x4096] + b=[1x4096]  ->  y=[1x4096]  (T=1, K=1978)
[gpu-debug] per-op timing breakdown (avg over iters):
  idx  op       sh  io                                                    time   est_flops    TFLOPs       bytes      GB/s
  ------------------------------------------------------------------------------------------------------------------------
    0  LN       -1  x[1x4096]+w[4096]->y[1x4096]                        0.063ms    20.480 K      0.00   24.00 KiB      0.39
    1  QK        0  q[16x1x128]+k[16x128x1978]->y[16x1x1978]            0.051ms     8.102 M      0.16    7.79 MiB    159.24
    2  QK        1  q[16x1x128]+k[16x128x1978]->y[16x1x1978]            0.042ms     8.102 M      0.19    7.79 MiB    194.11
    3  Softmax   0  scores[16x1x1978]->y[16x1x1978]                     0.022ms   158.240 K      0.01  123.62 KiB      5.78
    4  Softmax   1  scores[16x1x1978]->y[16x1x1978]                     0.019ms   158.240 K      0.01  123.62 KiB      6.68
    5  SV        0  p[16x1x1978]+v[16x1978x128]->y[16x1x128]            0.032ms     8.102 M      0.26    7.79 MiB    257.35
    6  SV        1  p[16x1x1978]+v[16x1978x128]->y[16x1x128]            0.029ms     8.102 M      0.28    7.79 MiB    285.94
    7  Add      -1  a[1x4096]+b[1x4096]->y[1x4096]                      0.018ms     4.096 K      0.00   24.00 KiB      1.36
    8  LN       -1  x[1x4096]+w[4096]->y[1x4096]                        0.065ms    20.480 K      0.00   24.00 KiB      0.38
    9  SwiGLU    0  a[1x5504]+b[1x5504]->y[1x5504]                      0.025ms    33.024 K      0.00   32.25 KiB      1.33
   10  SwiGLU    1  a[1x5504]+b[1x5504]->y[1x5504]                      0.022ms    33.024 K      0.00   32.25 KiB      1.54
   11  Add      -1  a[1x4096]+b[1x4096]->y[1x4096]                      0.016ms     4.096 K      0.00   24.00 KiB      1.57
[gpu-debug] segment avg latency (cuda_events): 0.274 ms
[gpu-debug] sum(per-op)               : 0.403 ms (ratio=1.473)
[gpu-debug] NOTE: sum(per-op) may differ from segment latency due to Python overhead, event/launch overhead, and allocator/cache effects.
[gpu-debug] cuda mem before warmup: alloc=617.61 MiB reserved=764.00 MiB
[gpu-debug] cuda mem after warmup : alloc=633.12 MiB reserved=784.00 MiB
[gpu-debug] cuda mem peak (this segment): max_alloc=633.24 MiB max_reserved=784.00 MiB
========================================================================================
[gpu-debug] segment_key=npu|decode|145|48322b0ab0207f84448cb08e6eac5594
[gpu-debug] sig: device_type=npu phase=decode step=145 (count_hint=32)
[gpu-debug] ops_repr: LN:-1,QK:0,QK:1,Softmax:0,Softmax:1,SV:0,SV:1,Add:-1,LN:-1,SwiGLU:0,SwiGLU:1,Add:-1
[gpu-debug] cfg: device=cuda dtype=torch.bfloat16 dim=4096 ffn_dim=11008 n_heads=32 shards=2
[gpu-debug] op plan (with inferred tensor shapes):
  - op#00  op=LN       shard=-1  x=[1x4096] + w=[4096]  ->  y=[1x4096]  (T=1, K=1990)
  - op#01  op=QK       shard=0   q=[16x1x128] + k=[16x128x1990]  ->  y=[16x1x1990]  (T=1, K=1990)
  - op#02  op=QK       shard=1   q=[16x1x128] + k=[16x128x1990]  ->  y=[16x1x1990]  (T=1, K=1990)
  - op#03  op=Softmax  shard=0   scores=[16x1x1990]  ->  y=[16x1x1990]  (T=1, K=1990)
  - op#04  op=Softmax  shard=1   scores=[16x1x1990]  ->  y=[16x1x1990]  (T=1, K=1990)
  - op#05  op=SV       shard=0   p=[16x1x1990] + v=[16x1990x128]  ->  y=[16x1x128]  (T=1, K=1990)
  - op#06  op=SV       shard=1   p=[16x1x1990] + v=[16x1990x128]  ->  y=[16x1x128]  (T=1, K=1990)
  - op#07  op=Add      shard=-1  a=[1x4096] + b=[1x4096]  ->  y=[1x4096]  (T=1, K=1990)
  - op#08  op=LN       shard=-1  x=[1x4096] + w=[4096]  ->  y=[1x4096]  (T=1, K=1990)
  - op#09  op=SwiGLU   shard=0   a=[1x5504] + b=[1x5504]  ->  y=[1x5504]  (T=1, K=1990)
  - op#10  op=SwiGLU   shard=1   a=[1x5504] + b=[1x5504]  ->  y=[1x5504]  (T=1, K=1990)
  - op#11  op=Add      shard=-1  a=[1x4096] + b=[1x4096]  ->  y=[1x4096]  (T=1, K=1990)
[gpu-debug] per-op timing breakdown (avg over iters):
  idx  op       sh  io                                                    time   est_flops    TFLOPs       bytes      GB/s
  ------------------------------------------------------------------------------------------------------------------------
    0  LN       -1  x[1x4096]+w[4096]->y[1x4096]                        0.066ms    20.480 K      0.00   24.00 KiB      0.37
    1  QK        0  q[16x1x128]+k[16x128x1990]->y[16x1x1990]            0.053ms     8.151 M      0.15    7.84 MiB    155.85
    2  QK        1  q[16x1x128]+k[16x128x1990]->y[16x1x1990]            0.042ms     8.151 M      0.20    7.84 MiB    196.72
    3  Softmax   0  scores[16x1x1990]->y[16x1x1990]                     0.023ms   159.200 K      0.01  124.38 KiB      5.65
    4  Softmax   1  scores[16x1x1990]->y[16x1x1990]                     0.019ms   159.200 K      0.01  124.38 KiB      6.72
    5  SV        0  p[16x1x1990]+v[16x1990x128]->y[16x1x128]            0.030ms     8.151 M      0.27    7.84 MiB    274.87
    6  SV        1  p[16x1x1990]+v[16x1990x128]->y[16x1x128]            0.028ms     8.151 M      0.29    7.84 MiB    296.17
    7  Add      -1  a[1x4096]+b[1x4096]->y[1x4096]                      0.018ms     4.096 K      0.00   24.00 KiB      1.37
    8  LN       -1  x[1x4096]+w[4096]->y[1x4096]                        0.064ms    20.480 K      0.00   24.00 KiB      0.38
    9  SwiGLU    0  a[1x5504]+b[1x5504]->y[1x5504]                      0.025ms    33.024 K      0.00   32.25 KiB      1.32
   10  SwiGLU    1  a[1x5504]+b[1x5504]->y[1x5504]                      0.021ms    33.024 K      0.00   32.25 KiB      1.54
   11  Add      -1  a[1x4096]+b[1x4096]->y[1x4096]                      0.015ms     4.096 K      0.00   24.00 KiB      1.59
[gpu-debug] segment avg latency (cuda_events): 0.258 ms
[gpu-debug] sum(per-op)               : 0.404 ms (ratio=1.565)
[gpu-debug] NOTE: sum(per-op) may differ from segment latency due to Python overhead, event/launch overhead, and allocator/cache effects.
[gpu-debug] cuda mem before warmup: alloc=633.12 MiB reserved=784.00 MiB
[gpu-debug] cuda mem after warmup : alloc=648.73 MiB reserved=804.00 MiB
[gpu-debug] cuda mem peak (this segment): max_alloc=648.85 MiB max_reserved=804.00 MiB
========================================================================================
[gpu-debug] segment_key=npu|decode|146|48322b0ab0207f84448cb08e6eac5594
[gpu-debug] sig: device_type=npu phase=decode step=146 (count_hint=32)
[gpu-debug] ops_repr: LN:-1,QK:0,QK:1,Softmax:0,Softmax:1,SV:0,SV:1,Add:-1,LN:-1,SwiGLU:0,SwiGLU:1,Add:-1
[gpu-debug] cfg: device=cuda dtype=torch.bfloat16 dim=4096 ffn_dim=11008 n_heads=32 shards=2
[gpu-debug] op plan (with inferred tensor shapes):
  - op#00  op=LN       shard=-1  x=[1x4096] + w=[4096]  ->  y=[1x4096]  (T=1, K=2002)
  - op#01  op=QK       shard=0   q=[16x1x128] + k=[16x128x2002]  ->  y=[16x1x2002]  (T=1, K=2002)
  - op#02  op=QK       shard=1   q=[16x1x128] + k=[16x128x2002]  ->  y=[16x1x2002]  (T=1, K=2002)
  - op#03  op=Softmax  shard=0   scores=[16x1x2002]  ->  y=[16x1x2002]  (T=1, K=2002)
  - op#04  op=Softmax  shard=1   scores=[16x1x2002]  ->  y=[16x1x2002]  (T=1, K=2002)
  - op#05  op=SV       shard=0   p=[16x1x2002] + v=[16x2002x128]  ->  y=[16x1x128]  (T=1, K=2002)
  - op#06  op=SV       shard=1   p=[16x1x2002] + v=[16x2002x128]  ->  y=[16x1x128]  (T=1, K=2002)
  - op#07  op=Add      shard=-1  a=[1x4096] + b=[1x4096]  ->  y=[1x4096]  (T=1, K=2002)
  - op#08  op=LN       shard=-1  x=[1x4096] + w=[4096]  ->  y=[1x4096]  (T=1, K=2002)
  - op#09  op=SwiGLU   shard=0   a=[1x5504] + b=[1x5504]  ->  y=[1x5504]  (T=1, K=2002)
  - op#10  op=SwiGLU   shard=1   a=[1x5504] + b=[1x5504]  ->  y=[1x5504]  (T=1, K=2002)
  - op#11  op=Add      shard=-1  a=[1x4096] + b=[1x4096]  ->  y=[1x4096]  (T=1, K=2002)
[gpu-debug] per-op timing breakdown (avg over iters):
  idx  op       sh  io                                                    time   est_flops    TFLOPs       bytes      GB/s
  ------------------------------------------------------------------------------------------------------------------------
    0  LN       -1  x[1x4096]+w[4096]->y[1x4096]                        0.064ms    20.480 K      0.00   24.00 KiB      0.39
    1  QK        0  q[16x1x128]+k[16x128x2002]->y[16x1x2002]            0.051ms     8.200 M      0.16    7.89 MiB    161.17
    2  QK        1  q[16x1x128]+k[16x128x2002]->y[16x1x2002]            0.044ms     8.200 M      0.19    7.89 MiB    186.91
    3  Softmax   0  scores[16x1x2002]->y[16x1x2002]                     0.022ms   160.160 K      0.01  125.12 KiB      5.74
    4  Softmax   1  scores[16x1x2002]->y[16x1x2002]                     0.019ms   160.160 K      0.01  125.12 KiB      6.76
    5  SV        0  p[16x1x2002]+v[16x2002x128]->y[16x1x128]            0.030ms     8.200 M      0.27    7.89 MiB    271.87
    6  SV        1  p[16x1x2002]+v[16x2002x128]->y[16x1x128]            0.028ms     8.200 M      0.29    7.89 MiB    294.69
    7  Add      -1  a[1x4096]+b[1x4096]->y[1x4096]                      0.018ms     4.096 K      0.00   24.00 KiB      1.36
    8  LN       -1  x[1x4096]+w[4096]->y[1x4096]                        0.065ms    20.480 K      0.00   24.00 KiB      0.38
    9  SwiGLU    0  a[1x5504]+b[1x5504]->y[1x5504]                      0.025ms    33.024 K      0.00   32.25 KiB      1.32
   10  SwiGLU    1  a[1x5504]+b[1x5504]->y[1x5504]                      0.022ms    33.024 K      0.00   32.25 KiB      1.53
   11  Add      -1  a[1x4096]+b[1x4096]->y[1x4096]                      0.015ms     4.096 K      0.00   24.00 KiB      1.59
[gpu-debug] segment avg latency (cuda_events): 0.259 ms
[gpu-debug] sum(per-op)               : 0.404 ms (ratio=1.558)
[gpu-debug] NOTE: sum(per-op) may differ from segment latency due to Python overhead, event/launch overhead, and allocator/cache effects.
[gpu-debug] cuda mem before warmup: alloc=648.73 MiB reserved=804.00 MiB
[gpu-debug] cuda mem after warmup : alloc=664.43 MiB reserved=824.00 MiB
[gpu-debug] cuda mem peak (this segment): max_alloc=664.56 MiB max_reserved=824.00 MiB
========================================================================================
[gpu-debug] segment_key=npu|decode|147|48322b0ab0207f84448cb08e6eac5594
[gpu-debug] sig: device_type=npu phase=decode step=147 (count_hint=32)
[gpu-debug] ops_repr: LN:-1,QK:0,QK:1,Softmax:0,Softmax:1,SV:0,SV:1,Add:-1,LN:-1,SwiGLU:0,SwiGLU:1,Add:-1
[gpu-debug] cfg: device=cuda dtype=torch.bfloat16 dim=4096 ffn_dim=11008 n_heads=32 shards=2
[gpu-debug] op plan (with inferred tensor shapes):
  - op#00  op=LN       shard=-1  x=[1x4096] + w=[4096]  ->  y=[1x4096]  (T=1, K=2014)
  - op#01  op=QK       shard=0   q=[16x1x128] + k=[16x128x2014]  ->  y=[16x1x2014]  (T=1, K=2014)
  - op#02  op=QK       shard=1   q=[16x1x128] + k=[16x128x2014]  ->  y=[16x1x2014]  (T=1, K=2014)
  - op#03  op=Softmax  shard=0   scores=[16x1x2014]  ->  y=[16x1x2014]  (T=1, K=2014)
  - op#04  op=Softmax  shard=1   scores=[16x1x2014]  ->  y=[16x1x2014]  (T=1, K=2014)
  - op#05  op=SV       shard=0   p=[16x1x2014] + v=[16x2014x128]  ->  y=[16x1x128]  (T=1, K=2014)
  - op#06  op=SV       shard=1   p=[16x1x2014] + v=[16x2014x128]  ->  y=[16x1x128]  (T=1, K=2014)
  - op#07  op=Add      shard=-1  a=[1x4096] + b=[1x4096]  ->  y=[1x4096]  (T=1, K=2014)
  - op#08  op=LN       shard=-1  x=[1x4096] + w=[4096]  ->  y=[1x4096]  (T=1, K=2014)
  - op#09  op=SwiGLU   shard=0   a=[1x5504] + b=[1x5504]  ->  y=[1x5504]  (T=1, K=2014)
  - op#10  op=SwiGLU   shard=1   a=[1x5504] + b=[1x5504]  ->  y=[1x5504]  (T=1, K=2014)
  - op#11  op=Add      shard=-1  a=[1x4096] + b=[1x4096]  ->  y=[1x4096]  (T=1, K=2014)
[gpu-debug] per-op timing breakdown (avg over iters):
  idx  op       sh  io                                                    time   est_flops    TFLOPs       bytes      GB/s
  ------------------------------------------------------------------------------------------------------------------------
    0  LN       -1  x[1x4096]+w[4096]->y[1x4096]                        0.064ms    20.480 K      0.00   24.00 KiB      0.38
    1  QK        0  q[16x1x128]+k[16x128x2014]->y[16x1x2014]            0.052ms     8.249 M      0.16    7.93 MiB    160.22
    2  QK        1  q[16x1x128]+k[16x128x2014]->y[16x1x2014]            0.042ms     8.249 M      0.20    7.93 MiB    197.64
    3  Softmax   0  scores[16x1x2014]->y[16x1x2014]                     0.022ms   161.120 K      0.01  125.88 KiB      5.83
    4  Softmax   1  scores[16x1x2014]->y[16x1x2014]                     0.019ms   161.120 K      0.01  125.88 KiB      6.84
    5  SV        0  p[16x1x2014]+v[16x2014x128]->y[16x1x128]            0.030ms     8.249 M      0.27    7.93 MiB    276.29
    6  SV        1  p[16x1x2014]+v[16x2014x128]->y[16x1x128]            0.028ms     8.249 M      0.29    7.93 MiB    296.46
    7  Add      -1  a[1x4096]+b[1x4096]->y[1x4096]                      0.018ms     4.096 K      0.00   24.00 KiB      1.36
    8  LN       -1  x[1x4096]+w[4096]->y[1x4096]                        0.067ms    20.480 K      0.00   24.00 KiB      0.37
    9  SwiGLU    0  a[1x5504]+b[1x5504]->y[1x5504]                      0.025ms    33.024 K      0.00   32.25 KiB      1.34
   10  SwiGLU    1  a[1x5504]+b[1x5504]->y[1x5504]                      0.022ms    33.024 K      0.00   32.25 KiB      1.51
   11  Add      -1  a[1x4096]+b[1x4096]->y[1x4096]                      0.016ms     4.096 K      0.00   24.00 KiB      1.57
[gpu-debug] segment avg latency (cuda_events): 0.258 ms
[gpu-debug] sum(per-op)               : 0.404 ms (ratio=1.565)
[gpu-debug] NOTE: sum(per-op) may differ from segment latency due to Python overhead, event/launch overhead, and allocator/cache effects.
[gpu-debug] cuda mem before warmup: alloc=664.43 MiB reserved=824.00 MiB
[gpu-debug] cuda mem after warmup : alloc=680.23 MiB reserved=844.00 MiB
[gpu-debug] cuda mem peak (this segment): max_alloc=680.35 MiB max_reserved=844.00 MiB
========================================================================================
[gpu-debug] segment_key=npu|decode|148|48322b0ab0207f84448cb08e6eac5594
[gpu-debug] sig: device_type=npu phase=decode step=148 (count_hint=32)
[gpu-debug] ops_repr: LN:-1,QK:0,QK:1,Softmax:0,Softmax:1,SV:0,SV:1,Add:-1,LN:-1,SwiGLU:0,SwiGLU:1,Add:-1
[gpu-debug] cfg: device=cuda dtype=torch.bfloat16 dim=4096 ffn_dim=11008 n_heads=32 shards=2
[gpu-debug] op plan (with inferred tensor shapes):
  - op#00  op=LN       shard=-1  x=[1x4096] + w=[4096]  ->  y=[1x4096]  (T=1, K=2026)
  - op#01  op=QK       shard=0   q=[16x1x128] + k=[16x128x2026]  ->  y=[16x1x2026]  (T=1, K=2026)
  - op#02  op=QK       shard=1   q=[16x1x128] + k=[16x128x2026]  ->  y=[16x1x2026]  (T=1, K=2026)
  - op#03  op=Softmax  shard=0   scores=[16x1x2026]  ->  y=[16x1x2026]  (T=1, K=2026)
  - op#04  op=Softmax  shard=1   scores=[16x1x2026]  ->  y=[16x1x2026]  (T=1, K=2026)
  - op#05  op=SV       shard=0   p=[16x1x2026] + v=[16x2026x128]  ->  y=[16x1x128]  (T=1, K=2026)
  - op#06  op=SV       shard=1   p=[16x1x2026] + v=[16x2026x128]  ->  y=[16x1x128]  (T=1, K=2026)
  - op#07  op=Add      shard=-1  a=[1x4096] + b=[1x4096]  ->  y=[1x4096]  (T=1, K=2026)
  - op#08  op=LN       shard=-1  x=[1x4096] + w=[4096]  ->  y=[1x4096]  (T=1, K=2026)
  - op#09  op=SwiGLU   shard=0   a=[1x5504] + b=[1x5504]  ->  y=[1x5504]  (T=1, K=2026)
  - op#10  op=SwiGLU   shard=1   a=[1x5504] + b=[1x5504]  ->  y=[1x5504]  (T=1, K=2026)
  - op#11  op=Add      shard=-1  a=[1x4096] + b=[1x4096]  ->  y=[1x4096]  (T=1, K=2026)
[gpu-debug] per-op timing breakdown (avg over iters):
  idx  op       sh  io                                                    time   est_flops    TFLOPs       bytes      GB/s
  ------------------------------------------------------------------------------------------------------------------------
    0  LN       -1  x[1x4096]+w[4096]->y[1x4096]                        0.063ms    20.480 K      0.00   24.00 KiB      0.39
    1  QK        0  q[16x1x128]+k[16x128x2026]->y[16x1x2026]            0.051ms     8.298 M      0.16    7.98 MiB    163.75
    2  QK        1  q[16x1x128]+k[16x128x2026]->y[16x1x2026]            0.044ms     8.298 M      0.19    7.98 MiB    189.15
    3  Softmax   0  scores[16x1x2026]->y[16x1x2026]                     0.022ms   162.080 K      0.01  126.62 KiB      5.89
    4  Softmax   1  scores[16x1x2026]->y[16x1x2026]                     0.019ms   162.080 K      0.01  126.62 KiB      6.77
    5  SV        0  p[16x1x2026]+v[16x2026x128]->y[16x1x128]            0.030ms     8.298 M      0.27    7.98 MiB    275.13
    6  SV        1  p[16x1x2026]+v[16x2026x128]->y[16x1x128]            0.028ms     8.298 M      0.30    7.98 MiB    299.32
    7  Add      -1  a[1x4096]+b[1x4096]->y[1x4096]                      0.018ms     4.096 K      0.00   24.00 KiB      1.33
    8  LN       -1  x[1x4096]+w[4096]->y[1x4096]                        0.065ms    20.480 K      0.00   24.00 KiB      0.38
    9  SwiGLU    0  a[1x5504]+b[1x5504]->y[1x5504]                      0.024ms    33.024 K      0.00   32.25 KiB      1.35
   10  SwiGLU    1  a[1x5504]+b[1x5504]->y[1x5504]                      0.022ms    33.024 K      0.00   32.25 KiB      1.53
   11  Add      -1  a[1x4096]+b[1x4096]->y[1x4096]                      0.016ms     4.096 K      0.00   24.00 KiB      1.58
[gpu-debug] segment avg latency (cuda_events): 0.258 ms
[gpu-debug] sum(per-op)               : 0.403 ms (ratio=1.561)
[gpu-debug] NOTE: sum(per-op) may differ from segment latency due to Python overhead, event/launch overhead, and allocator/cache effects.
[gpu-debug] cuda mem before warmup: alloc=680.23 MiB reserved=844.00 MiB
[gpu-debug] cuda mem after warmup : alloc=696.12 MiB reserved=864.00 MiB
[gpu-debug] cuda mem peak (this segment): max_alloc=696.24 MiB max_reserved=864.00 MiB
========================================================================================
[gpu-debug] segment_key=npu|decode|149|48322b0ab0207f84448cb08e6eac5594
[gpu-debug] sig: device_type=npu phase=decode step=149 (count_hint=32)
[gpu-debug] ops_repr: LN:-1,QK:0,QK:1,Softmax:0,Softmax:1,SV:0,SV:1,Add:-1,LN:-1,SwiGLU:0,SwiGLU:1,Add:-1
[gpu-debug] cfg: device=cuda dtype=torch.bfloat16 dim=4096 ffn_dim=11008 n_heads=32 shards=2
[gpu-debug] op plan (with inferred tensor shapes):
  - op#00  op=LN       shard=-1  x=[1x4096] + w=[4096]  ->  y=[1x4096]  (T=1, K=2038)
  - op#01  op=QK       shard=0   q=[16x1x128] + k=[16x128x2038]  ->  y=[16x1x2038]  (T=1, K=2038)
  - op#02  op=QK       shard=1   q=[16x1x128] + k=[16x128x2038]  ->  y=[16x1x2038]  (T=1, K=2038)
  - op#03  op=Softmax  shard=0   scores=[16x1x2038]  ->  y=[16x1x2038]  (T=1, K=2038)
  - op#04  op=Softmax  shard=1   scores=[16x1x2038]  ->  y=[16x1x2038]  (T=1, K=2038)
  - op#05  op=SV       shard=0   p=[16x1x2038] + v=[16x2038x128]  ->  y=[16x1x128]  (T=1, K=2038)
  - op#06  op=SV       shard=1   p=[16x1x2038] + v=[16x2038x128]  ->  y=[16x1x128]  (T=1, K=2038)
  - op#07  op=Add      shard=-1  a=[1x4096] + b=[1x4096]  ->  y=[1x4096]  (T=1, K=2038)
  - op#08  op=LN       shard=-1  x=[1x4096] + w=[4096]  ->  y=[1x4096]  (T=1, K=2038)
  - op#09  op=SwiGLU   shard=0   a=[1x5504] + b=[1x5504]  ->  y=[1x5504]  (T=1, K=2038)
  - op#10  op=SwiGLU   shard=1   a=[1x5504] + b=[1x5504]  ->  y=[1x5504]  (T=1, K=2038)
  - op#11  op=Add      shard=-1  a=[1x4096] + b=[1x4096]  ->  y=[1x4096]  (T=1, K=2038)
[gpu-debug] per-op timing breakdown (avg over iters):
  idx  op       sh  io                                                    time   est_flops    TFLOPs       bytes      GB/s
  ------------------------------------------------------------------------------------------------------------------------
    0  LN       -1  x[1x4096]+w[4096]->y[1x4096]                        0.063ms    20.480 K      0.00   24.00 KiB      0.39
    1  QK        0  q[16x1x128]+k[16x128x2038]->y[16x1x2038]            0.052ms     8.348 M      0.16    8.03 MiB    160.85
    2  QK        1  q[16x1x128]+k[16x128x2038]->y[16x1x2038]            0.042ms     8.348 M      0.20    8.03 MiB    198.54
    3  Softmax   0  scores[16x1x2038]->y[16x1x2038]                     0.022ms   163.040 K      0.01  127.38 KiB      5.87
    4  Softmax   1  scores[16x1x2038]->y[16x1x2038]                     0.019ms   163.040 K      0.01  127.38 KiB      6.92
    5  SV        0  p[16x1x2038]+v[16x2038x128]->y[16x1x128]            0.030ms     8.348 M      0.28    8.03 MiB    277.69
    6  SV        1  p[16x1x2038]+v[16x2038x128]->y[16x1x128]            0.028ms     8.348 M      0.30    8.03 MiB    301.09
    7  Add      -1  a[1x4096]+b[1x4096]->y[1x4096]                      0.018ms     4.096 K      0.00   24.00 KiB      1.36
    8  LN       -1  x[1x4096]+w[4096]->y[1x4096]                        0.064ms    20.480 K      0.00   24.00 KiB      0.38
    9  SwiGLU    0  a[1x5504]+b[1x5504]->y[1x5504]                      0.027ms    33.024 K      0.00   32.25 KiB      1.20
   10  SwiGLU    1  a[1x5504]+b[1x5504]->y[1x5504]                      0.022ms    33.024 K      0.00   32.25 KiB      1.52
   11  Add      -1  a[1x4096]+b[1x4096]->y[1x4096]                      0.016ms     4.096 K      0.00   24.00 KiB      1.55
[gpu-debug] segment avg latency (cuda_events): 0.257 ms
[gpu-debug] sum(per-op)               : 0.404 ms (ratio=1.570)
[gpu-debug] NOTE: sum(per-op) may differ from segment latency due to Python overhead, event/launch overhead, and allocator/cache effects.
[gpu-debug] cuda mem before warmup: alloc=696.12 MiB reserved=864.00 MiB
[gpu-debug] cuda mem after warmup : alloc=712.10 MiB reserved=884.00 MiB
[gpu-debug] cuda mem peak (this segment): max_alloc=712.23 MiB max_reserved=884.00 MiB
========================================================================================
[gpu-debug] segment_key=npu|decode|14|48322b0ab0207f84448cb08e6eac5594
[gpu-debug] sig: device_type=npu phase=decode step=14 (count_hint=32)
[gpu-debug] ops_repr: LN:-1,QK:0,QK:1,Softmax:0,Softmax:1,SV:0,SV:1,Add:-1,LN:-1,SwiGLU:0,SwiGLU:1,Add:-1
[gpu-debug] cfg: device=cuda dtype=torch.bfloat16 dim=4096 ffn_dim=11008 n_heads=32 shards=2
[gpu-debug] op plan (with inferred tensor shapes):
  - op#00  op=LN       shard=-1  x=[1x4096] + w=[4096]  ->  y=[1x4096]  (T=1, K=418)
  - op#01  op=QK       shard=0   q=[16x1x128] + k=[16x128x418]  ->  y=[16x1x418]  (T=1, K=418)
  - op#02  op=QK       shard=1   q=[16x1x128] + k=[16x128x418]  ->  y=[16x1x418]  (T=1, K=418)
  - op#03  op=Softmax  shard=0   scores=[16x1x418]  ->  y=[16x1x418]  (T=1, K=418)
  - op#04  op=Softmax  shard=1   scores=[16x1x418]  ->  y=[16x1x418]  (T=1, K=418)
  - op#05  op=SV       shard=0   p=[16x1x418] + v=[16x418x128]  ->  y=[16x1x128]  (T=1, K=418)
  - op#06  op=SV       shard=1   p=[16x1x418] + v=[16x418x128]  ->  y=[16x1x128]  (T=1, K=418)
  - op#07  op=Add      shard=-1  a=[1x4096] + b=[1x4096]  ->  y=[1x4096]  (T=1, K=418)
  - op#08  op=LN       shard=-1  x=[1x4096] + w=[4096]  ->  y=[1x4096]  (T=1, K=418)
  - op#09  op=SwiGLU   shard=0   a=[1x5504] + b=[1x5504]  ->  y=[1x5504]  (T=1, K=418)
  - op#10  op=SwiGLU   shard=1   a=[1x5504] + b=[1x5504]  ->  y=[1x5504]  (T=1, K=418)
  - op#11  op=Add      shard=-1  a=[1x4096] + b=[1x4096]  ->  y=[1x4096]  (T=1, K=418)
[gpu-debug] per-op timing breakdown (avg over iters):
  idx  op       sh  io                                                    time   est_flops    TFLOPs       bytes      GB/s
  ------------------------------------------------------------------------------------------------------------------------
    0  LN       -1  x[1x4096]+w[4096]->y[1x4096]                        0.063ms    20.480 K      0.00   24.00 KiB      0.39
    1  QK        0  q[16x1x128]+k[16x128x418]->y[16x1x418]              0.051ms     1.712 M      0.03    1.65 MiB     33.65
    2  QK        1  q[16x1x128]+k[16x128x418]->y[16x1x418]              0.043ms     1.712 M      0.04    1.65 MiB     40.60
    3  Softmax   0  scores[16x1x418]->y[16x1x418]                       0.018ms    33.440 K      0.00   26.12 KiB      1.48
    4  Softmax   1  scores[16x1x418]->y[16x1x418]                       0.015ms    33.440 K      0.00   26.12 KiB      1.83
    5  SV        0  p[16x1x418]+v[16x418x128]->y[16x1x128]              0.030ms     1.712 M      0.06    1.65 MiB     58.24
    6  SV        1  p[16x1x418]+v[16x418x128]->y[16x1x128]              0.026ms     1.712 M      0.06    1.65 MiB     65.47
    7  Add      -1  a[1x4096]+b[1x4096]->y[1x4096]                      0.018ms     4.096 K      0.00   24.00 KiB      1.37
    8  LN       -1  x[1x4096]+w[4096]->y[1x4096]                        0.068ms    20.480 K      0.00   24.00 KiB      0.36
    9  SwiGLU    0  a[1x5504]+b[1x5504]->y[1x5504]                      0.025ms    33.024 K      0.00   32.25 KiB      1.33
   10  SwiGLU    1  a[1x5504]+b[1x5504]->y[1x5504]                      0.022ms    33.024 K      0.00   32.25 KiB      1.50
   11  Add      -1  a[1x4096]+b[1x4096]->y[1x4096]                      0.016ms     4.096 K      0.00   24.00 KiB      1.52
[gpu-debug] segment avg latency (cuda_events): 0.257 ms
[gpu-debug] sum(per-op)               : 0.394 ms (ratio=1.536)
[gpu-debug] NOTE: sum(per-op) may differ from segment latency due to Python overhead, event/launch overhead, and allocator/cache effects.
[gpu-debug] cuda mem before warmup: alloc=712.10 MiB reserved=884.00 MiB
[gpu-debug] cuda mem after warmup : alloc=716.32 MiB reserved=884.00 MiB
[gpu-debug] cuda mem peak (this segment): max_alloc=716.35 MiB max_reserved=884.00 MiB
========================================================================================
[gpu-debug] segment_key=npu|decode|150|48322b0ab0207f84448cb08e6eac5594
[gpu-debug] sig: device_type=npu phase=decode step=150 (count_hint=32)
[gpu-debug] ops_repr: LN:-1,QK:0,QK:1,Softmax:0,Softmax:1,SV:0,SV:1,Add:-1,LN:-1,SwiGLU:0,SwiGLU:1,Add:-1
[gpu-debug] cfg: device=cuda dtype=torch.bfloat16 dim=4096 ffn_dim=11008 n_heads=32 shards=2
[gpu-debug] op plan (with inferred tensor shapes):
  - op#00  op=LN       shard=-1  x=[1x4096] + w=[4096]  ->  y=[1x4096]  (T=1, K=2050)
  - op#01  op=QK       shard=0   q=[16x1x128] + k=[16x128x2050]  ->  y=[16x1x2050]  (T=1, K=2050)
  - op#02  op=QK       shard=1   q=[16x1x128] + k=[16x128x2050]  ->  y=[16x1x2050]  (T=1, K=2050)
  - op#03  op=Softmax  shard=0   scores=[16x1x2050]  ->  y=[16x1x2050]  (T=1, K=2050)
  - op#04  op=Softmax  shard=1   scores=[16x1x2050]  ->  y=[16x1x2050]  (T=1, K=2050)
  - op#05  op=SV       shard=0   p=[16x1x2050] + v=[16x2050x128]  ->  y=[16x1x128]  (T=1, K=2050)
  - op#06  op=SV       shard=1   p=[16x1x2050] + v=[16x2050x128]  ->  y=[16x1x128]  (T=1, K=2050)
  - op#07  op=Add      shard=-1  a=[1x4096] + b=[1x4096]  ->  y=[1x4096]  (T=1, K=2050)
  - op#08  op=LN       shard=-1  x=[1x4096] + w=[4096]  ->  y=[1x4096]  (T=1, K=2050)
  - op#09  op=SwiGLU   shard=0   a=[1x5504] + b=[1x5504]  ->  y=[1x5504]  (T=1, K=2050)
  - op#10  op=SwiGLU   shard=1   a=[1x5504] + b=[1x5504]  ->  y=[1x5504]  (T=1, K=2050)
  - op#11  op=Add      shard=-1  a=[1x4096] + b=[1x4096]  ->  y=[1x4096]  (T=1, K=2050)
[gpu-debug] per-op timing breakdown (avg over iters):
  idx  op       sh  io                                                    time   est_flops    TFLOPs       bytes      GB/s
  ------------------------------------------------------------------------------------------------------------------------
    0  LN       -1  x[1x4096]+w[4096]->y[1x4096]                        0.066ms    20.480 K      0.00   24.00 KiB      0.37
    1  QK        0  q[16x1x128]+k[16x128x2050]->y[16x1x2050]            0.053ms     8.397 M      0.16    8.07 MiB    160.54
    2  QK        1  q[16x1x128]+k[16x128x2050]->y[16x1x2050]            0.042ms     8.397 M      0.20    8.07 MiB    200.20
    3  Softmax   0  scores[16x1x2050]->y[16x1x2050]                     0.018ms   164.000 K      0.01  128.12 KiB      7.32
    4  Softmax   1  scores[16x1x2050]->y[16x1x2050]                     0.015ms   164.000 K      0.01  128.12 KiB      8.96
    5  SV        0  p[16x1x2050]+v[16x2050x128]->y[16x1x128]            0.031ms     8.397 M      0.28    8.07 MiB    277.45
    6  SV        1  p[16x1x2050]+v[16x2050x128]->y[16x1x128]            0.027ms     8.397 M      0.31    8.07 MiB    309.67
    7  Add      -1  a[1x4096]+b[1x4096]->y[1x4096]                      0.018ms     4.096 K      0.00   24.00 KiB      1.36
    8  LN       -1  x[1x4096]+w[4096]->y[1x4096]                        0.065ms    20.480 K      0.00   24.00 KiB      0.38
    9  SwiGLU    0  a[1x5504]+b[1x5504]->y[1x5504]                      0.025ms    33.024 K      0.00   32.25 KiB      1.32
   10  SwiGLU    1  a[1x5504]+b[1x5504]->y[1x5504]                      0.022ms    33.024 K      0.00   32.25 KiB      1.51
   11  Add      -1  a[1x4096]+b[1x4096]->y[1x4096]                      0.016ms     4.096 K      0.00   24.00 KiB      1.54
[gpu-debug] segment avg latency (cuda_events): 0.257 ms
[gpu-debug] sum(per-op)               : 0.397 ms (ratio=1.547)
[gpu-debug] NOTE: sum(per-op) may differ from segment latency due to Python overhead, event/launch overhead, and allocator/cache effects.
[gpu-debug] cuda mem before warmup: alloc=716.32 MiB reserved=884.00 MiB
[gpu-debug] cuda mem after warmup : alloc=732.40 MiB reserved=904.00 MiB
[gpu-debug] cuda mem peak (this segment): max_alloc=732.52 MiB max_reserved=904.00 MiB
========================================================================================
[gpu-debug] segment_key=npu|decode|151|48322b0ab0207f84448cb08e6eac5594
[gpu-debug] sig: device_type=npu phase=decode step=151 (count_hint=32)
[gpu-debug] ops_repr: LN:-1,QK:0,QK:1,Softmax:0,Softmax:1,SV:0,SV:1,Add:-1,LN:-1,SwiGLU:0,SwiGLU:1,Add:-1
[gpu-debug] cfg: device=cuda dtype=torch.bfloat16 dim=4096 ffn_dim=11008 n_heads=32 shards=2
[gpu-debug] op plan (with inferred tensor shapes):
  - op#00  op=LN       shard=-1  x=[1x4096] + w=[4096]  ->  y=[1x4096]  (T=1, K=2062)
  - op#01  op=QK       shard=0   q=[16x1x128] + k=[16x128x2062]  ->  y=[16x1x2062]  (T=1, K=2062)
  - op#02  op=QK       shard=1   q=[16x1x128] + k=[16x128x2062]  ->  y=[16x1x2062]  (T=1, K=2062)
  - op#03  op=Softmax  shard=0   scores=[16x1x2062]  ->  y=[16x1x2062]  (T=1, K=2062)
  - op#04  op=Softmax  shard=1   scores=[16x1x2062]  ->  y=[16x1x2062]  (T=1, K=2062)
  - op#05  op=SV       shard=0   p=[16x1x2062] + v=[16x2062x128]  ->  y=[16x1x128]  (T=1, K=2062)
  - op#06  op=SV       shard=1   p=[16x1x2062] + v=[16x2062x128]  ->  y=[16x1x128]  (T=1, K=2062)
  - op#07  op=Add      shard=-1  a=[1x4096] + b=[1x4096]  ->  y=[1x4096]  (T=1, K=2062)
  - op#08  op=LN       shard=-1  x=[1x4096] + w=[4096]  ->  y=[1x4096]  (T=1, K=2062)
  - op#09  op=SwiGLU   shard=0   a=[1x5504] + b=[1x5504]  ->  y=[1x5504]  (T=1, K=2062)
  - op#10  op=SwiGLU   shard=1   a=[1x5504] + b=[1x5504]  ->  y=[1x5504]  (T=1, K=2062)
  - op#11  op=Add      shard=-1  a=[1x4096] + b=[1x4096]  ->  y=[1x4096]  (T=1, K=2062)
[gpu-debug] per-op timing breakdown (avg over iters):
  idx  op       sh  io                                                    time   est_flops    TFLOPs       bytes      GB/s
  ------------------------------------------------------------------------------------------------------------------------
    0  LN       -1  x[1x4096]+w[4096]->y[1x4096]                        0.063ms    20.480 K      0.00   24.00 KiB      0.39
    1  QK        0  q[16x1x128]+k[16x128x2062]->y[16x1x2062]            0.052ms     8.446 M      0.16    8.12 MiB    165.34
    2  QK        1  q[16x1x128]+k[16x128x2062]->y[16x1x2062]            0.042ms     8.446 M      0.20    8.12 MiB    201.86
    3  Softmax   0  scores[16x1x2062]->y[16x1x2062]                     0.020ms   164.960 K      0.01  128.88 KiB      6.54
    4  Softmax   1  scores[16x1x2062]->y[16x1x2062]                     0.015ms   164.960 K      0.01  128.88 KiB      9.01
    5  SV        0  p[16x1x2062]+v[16x2062x128]->y[16x1x128]            0.031ms     8.446 M      0.27    8.12 MiB    274.47
    6  SV        1  p[16x1x2062]+v[16x2062x128]->y[16x1x128]            0.027ms     8.446 M      0.31    8.12 MiB    312.65
    7  Add      -1  a[1x4096]+b[1x4096]->y[1x4096]                      0.018ms     4.096 K      0.00   24.00 KiB      1.33
    8  LN       -1  x[1x4096]+w[4096]->y[1x4096]                        0.065ms    20.480 K      0.00   24.00 KiB      0.38
    9  SwiGLU    0  a[1x5504]+b[1x5504]->y[1x5504]                      0.025ms    33.024 K      0.00   32.25 KiB      1.33
   10  SwiGLU    1  a[1x5504]+b[1x5504]->y[1x5504]                      0.022ms    33.024 K      0.00   32.25 KiB      1.51
   11  Add      -1  a[1x4096]+b[1x4096]->y[1x4096]                      0.016ms     4.096 K      0.00   24.00 KiB      1.54
[gpu-debug] segment avg latency (cuda_events): 0.258 ms
[gpu-debug] sum(per-op)               : 0.396 ms (ratio=1.533)
[gpu-debug] NOTE: sum(per-op) may differ from segment latency due to Python overhead, event/launch overhead, and allocator/cache effects.
[gpu-debug] cuda mem before warmup: alloc=732.40 MiB reserved=904.00 MiB
[gpu-debug] cuda mem after warmup : alloc=748.57 MiB reserved=924.00 MiB
[gpu-debug] cuda mem peak (this segment): max_alloc=748.70 MiB max_reserved=924.00 MiB
========================================================================================
[gpu-debug] segment_key=npu|decode|152|48322b0ab0207f84448cb08e6eac5594
[gpu-debug] sig: device_type=npu phase=decode step=152 (count_hint=32)
[gpu-debug] ops_repr: LN:-1,QK:0,QK:1,Softmax:0,Softmax:1,SV:0,SV:1,Add:-1,LN:-1,SwiGLU:0,SwiGLU:1,Add:-1
[gpu-debug] cfg: device=cuda dtype=torch.bfloat16 dim=4096 ffn_dim=11008 n_heads=32 shards=2
[gpu-debug] op plan (with inferred tensor shapes):
  - op#00  op=LN       shard=-1  x=[1x4096] + w=[4096]  ->  y=[1x4096]  (T=1, K=2074)
  - op#01  op=QK       shard=0   q=[16x1x128] + k=[16x128x2074]  ->  y=[16x1x2074]  (T=1, K=2074)
  - op#02  op=QK       shard=1   q=[16x1x128] + k=[16x128x2074]  ->  y=[16x1x2074]  (T=1, K=2074)
  - op#03  op=Softmax  shard=0   scores=[16x1x2074]  ->  y=[16x1x2074]  (T=1, K=2074)
  - op#04  op=Softmax  shard=1   scores=[16x1x2074]  ->  y=[16x1x2074]  (T=1, K=2074)
  - op#05  op=SV       shard=0   p=[16x1x2074] + v=[16x2074x128]  ->  y=[16x1x128]  (T=1, K=2074)
  - op#06  op=SV       shard=1   p=[16x1x2074] + v=[16x2074x128]  ->  y=[16x1x128]  (T=1, K=2074)
  - op#07  op=Add      shard=-1  a=[1x4096] + b=[1x4096]  ->  y=[1x4096]  (T=1, K=2074)
  - op#08  op=LN       shard=-1  x=[1x4096] + w=[4096]  ->  y=[1x4096]  (T=1, K=2074)
  - op#09  op=SwiGLU   shard=0   a=[1x5504] + b=[1x5504]  ->  y=[1x5504]  (T=1, K=2074)
  - op#10  op=SwiGLU   shard=1   a=[1x5504] + b=[1x5504]  ->  y=[1x5504]  (T=1, K=2074)
  - op#11  op=Add      shard=-1  a=[1x4096] + b=[1x4096]  ->  y=[1x4096]  (T=1, K=2074)
[gpu-debug] per-op timing breakdown (avg over iters):
  idx  op       sh  io                                                    time   est_flops    TFLOPs       bytes      GB/s
  ------------------------------------------------------------------------------------------------------------------------
    0  LN       -1  x[1x4096]+w[4096]->y[1x4096]                        0.066ms    20.480 K      0.00   24.00 KiB      0.37
    1  QK        0  q[16x1x128]+k[16x128x2074]->y[16x1x2074]            0.052ms     8.495 M      0.16    8.17 MiB    163.38
    2  QK        1  q[16x1x128]+k[16x128x2074]->y[16x1x2074]            0.042ms     8.495 M      0.20    8.17 MiB    203.52
    3  Softmax   0  scores[16x1x2074]->y[16x1x2074]                     0.018ms   165.920 K      0.01  129.62 KiB      7.28
    4  Softmax   1  scores[16x1x2074]->y[16x1x2074]                     0.014ms   165.920 K      0.01  129.62 KiB      9.19
    5  SV        0  p[16x1x2074]+v[16x2074x128]->y[16x1x128]            0.030ms     8.495 M      0.28    8.17 MiB    284.52
    6  SV        1  p[16x1x2074]+v[16x2074x128]->y[16x1x128]            0.027ms     8.495 M      0.31    8.17 MiB    313.29
    7  Add      -1  a[1x4096]+b[1x4096]->y[1x4096]                      0.018ms     4.096 K      0.00   24.00 KiB      1.36
    8  LN       -1  x[1x4096]+w[4096]->y[1x4096]                        0.064ms    20.480 K      0.00   24.00 KiB      0.38
    9  SwiGLU    0  a[1x5504]+b[1x5504]->y[1x5504]                      0.025ms    33.024 K      0.00   32.25 KiB      1.32
   10  SwiGLU    1  a[1x5504]+b[1x5504]->y[1x5504]                      0.021ms    33.024 K      0.00   32.25 KiB      1.54
   11  Add      -1  a[1x4096]+b[1x4096]->y[1x4096]                      0.016ms     4.096 K      0.00   24.00 KiB      1.57
[gpu-debug] segment avg latency (cuda_events): 0.257 ms
[gpu-debug] sum(per-op)               : 0.395 ms (ratio=1.535)
[gpu-debug] NOTE: sum(per-op) may differ from segment latency due to Python overhead, event/launch overhead, and allocator/cache effects.
[gpu-debug] cuda mem before warmup: alloc=748.57 MiB reserved=924.00 MiB
[gpu-debug] cuda mem after warmup : alloc=764.84 MiB reserved=944.00 MiB
[gpu-debug] cuda mem peak (this segment): max_alloc=764.96 MiB max_reserved=944.00 MiB
========================================================================================
[gpu-debug] segment_key=npu|decode|153|48322b0ab0207f84448cb08e6eac5594
[gpu-debug] sig: device_type=npu phase=decode step=153 (count_hint=32)
[gpu-debug] ops_repr: LN:-1,QK:0,QK:1,Softmax:0,Softmax:1,SV:0,SV:1,Add:-1,LN:-1,SwiGLU:0,SwiGLU:1,Add:-1
[gpu-debug] cfg: device=cuda dtype=torch.bfloat16 dim=4096 ffn_dim=11008 n_heads=32 shards=2
[gpu-debug] op plan (with inferred tensor shapes):
  - op#00  op=LN       shard=-1  x=[1x4096] + w=[4096]  ->  y=[1x4096]  (T=1, K=2086)
  - op#01  op=QK       shard=0   q=[16x1x128] + k=[16x128x2086]  ->  y=[16x1x2086]  (T=1, K=2086)
  - op#02  op=QK       shard=1   q=[16x1x128] + k=[16x128x2086]  ->  y=[16x1x2086]  (T=1, K=2086)
  - op#03  op=Softmax  shard=0   scores=[16x1x2086]  ->  y=[16x1x2086]  (T=1, K=2086)
  - op#04  op=Softmax  shard=1   scores=[16x1x2086]  ->  y=[16x1x2086]  (T=1, K=2086)
  - op#05  op=SV       shard=0   p=[16x1x2086] + v=[16x2086x128]  ->  y=[16x1x128]  (T=1, K=2086)
  - op#06  op=SV       shard=1   p=[16x1x2086] + v=[16x2086x128]  ->  y=[16x1x128]  (T=1, K=2086)
  - op#07  op=Add      shard=-1  a=[1x4096] + b=[1x4096]  ->  y=[1x4096]  (T=1, K=2086)
  - op#08  op=LN       shard=-1  x=[1x4096] + w=[4096]  ->  y=[1x4096]  (T=1, K=2086)
  - op#09  op=SwiGLU   shard=0   a=[1x5504] + b=[1x5504]  ->  y=[1x5504]  (T=1, K=2086)
  - op#10  op=SwiGLU   shard=1   a=[1x5504] + b=[1x5504]  ->  y=[1x5504]  (T=1, K=2086)
  - op#11  op=Add      shard=-1  a=[1x4096] + b=[1x4096]  ->  y=[1x4096]  (T=1, K=2086)
[gpu-debug] per-op timing breakdown (avg over iters):
  idx  op       sh  io                                                    time   est_flops    TFLOPs       bytes      GB/s
  ------------------------------------------------------------------------------------------------------------------------
    0  LN       -1  x[1x4096]+w[4096]->y[1x4096]                        0.063ms    20.480 K      0.00   24.00 KiB      0.39
    1  QK        0  q[16x1x128]+k[16x128x2086]->y[16x1x2086]            0.052ms     8.544 M      0.16    8.22 MiB    165.94
    2  QK        1  q[16x1x128]+k[16x128x2086]->y[16x1x2086]            0.042ms     8.544 M      0.20    8.22 MiB    203.71
    3  Softmax   0  scores[16x1x2086]->y[16x1x2086]                     0.018ms   166.880 K      0.01  130.38 KiB      7.37
    4  Softmax   1  scores[16x1x2086]->y[16x1x2086]                     0.015ms   166.880 K      0.01  130.38 KiB      9.12
    5  SV        0  p[16x1x2086]+v[16x2086x128]->y[16x1x128]            0.030ms     8.544 M      0.28    8.22 MiB    284.23
    6  SV        1  p[16x1x2086]+v[16x2086x128]->y[16x1x128]            0.030ms     8.544 M      0.29    8.22 MiB    288.12
    7  Add      -1  a[1x4096]+b[1x4096]->y[1x4096]                      0.018ms     4.096 K      0.00   24.00 KiB      1.33
    8  LN       -1  x[1x4096]+w[4096]->y[1x4096]                        0.065ms    20.480 K      0.00   24.00 KiB      0.38
    9  SwiGLU    0  a[1x5504]+b[1x5504]->y[1x5504]                      0.025ms    33.024 K      0.00   32.25 KiB      1.34
   10  SwiGLU    1  a[1x5504]+b[1x5504]->y[1x5504]                      0.021ms    33.024 K      0.00   32.25 KiB      1.54
   11  Add      -1  a[1x4096]+b[1x4096]->y[1x4096]                      0.016ms     4.096 K      0.00   24.00 KiB      1.56
[gpu-debug] segment avg latency (cuda_events): 0.257 ms
[gpu-debug] sum(per-op)               : 0.396 ms (ratio=1.540)
[gpu-debug] NOTE: sum(per-op) may differ from segment latency due to Python overhead, event/launch overhead, and allocator/cache effects.
[gpu-debug] cuda mem before warmup: alloc=764.84 MiB reserved=944.00 MiB
[gpu-debug] cuda mem after warmup : alloc=781.20 MiB reserved=964.00 MiB
[gpu-debug] cuda mem peak (this segment): max_alloc=781.33 MiB max_reserved=964.00 MiB
  progress 60/202
========================================================================================
[gpu-debug] segment_key=npu|decode|154|48322b0ab0207f84448cb08e6eac5594
[gpu-debug] sig: device_type=npu phase=decode step=154 (count_hint=32)
[gpu-debug] ops_repr: LN:-1,QK:0,QK:1,Softmax:0,Softmax:1,SV:0,SV:1,Add:-1,LN:-1,SwiGLU:0,SwiGLU:1,Add:-1
[gpu-debug] cfg: device=cuda dtype=torch.bfloat16 dim=4096 ffn_dim=11008 n_heads=32 shards=2
[gpu-debug] op plan (with inferred tensor shapes):
  - op#00  op=LN       shard=-1  x=[1x4096] + w=[4096]  ->  y=[1x4096]  (T=1, K=2098)
  - op#01  op=QK       shard=0   q=[16x1x128] + k=[16x128x2098]  ->  y=[16x1x2098]  (T=1, K=2098)
  - op#02  op=QK       shard=1   q=[16x1x128] + k=[16x128x2098]  ->  y=[16x1x2098]  (T=1, K=2098)
  - op#03  op=Softmax  shard=0   scores=[16x1x2098]  ->  y=[16x1x2098]  (T=1, K=2098)
  - op#04  op=Softmax  shard=1   scores=[16x1x2098]  ->  y=[16x1x2098]  (T=1, K=2098)
  - op#05  op=SV       shard=0   p=[16x1x2098] + v=[16x2098x128]  ->  y=[16x1x128]  (T=1, K=2098)
  - op#06  op=SV       shard=1   p=[16x1x2098] + v=[16x2098x128]  ->  y=[16x1x128]  (T=1, K=2098)
  - op#07  op=Add      shard=-1  a=[1x4096] + b=[1x4096]  ->  y=[1x4096]  (T=1, K=2098)
  - op#08  op=LN       shard=-1  x=[1x4096] + w=[4096]  ->  y=[1x4096]  (T=1, K=2098)
  - op#09  op=SwiGLU   shard=0   a=[1x5504] + b=[1x5504]  ->  y=[1x5504]  (T=1, K=2098)
  - op#10  op=SwiGLU   shard=1   a=[1x5504] + b=[1x5504]  ->  y=[1x5504]  (T=1, K=2098)
  - op#11  op=Add      shard=-1  a=[1x4096] + b=[1x4096]  ->  y=[1x4096]  (T=1, K=2098)
[gpu-debug] per-op timing breakdown (avg over iters):
  idx  op       sh  io                                                    time   est_flops    TFLOPs       bytes      GB/s
  ------------------------------------------------------------------------------------------------------------------------
    0  LN       -1  x[1x4096]+w[4096]->y[1x4096]                        0.064ms    20.480 K      0.00   24.00 KiB      0.38
    1  QK        0  q[16x1x128]+k[16x128x2098]->y[16x1x2098]            0.052ms     8.593 M      0.16    8.26 MiB    165.59
    2  QK        1  q[16x1x128]+k[16x128x2098]->y[16x1x2098]            0.042ms     8.593 M      0.20    8.26 MiB    205.88
    3  Softmax   0  scores[16x1x2098]->y[16x1x2098]                     0.018ms   167.840 K      0.01  131.12 KiB      7.54
    4  Softmax   1  scores[16x1x2098]->y[16x1x2098]                     0.015ms   167.840 K      0.01  131.12 KiB      9.17
    5  SV        0  p[16x1x2098]+v[16x2098x128]->y[16x1x128]            0.030ms     8.593 M      0.28    8.26 MiB    285.86
    6  SV        1  p[16x1x2098]+v[16x2098x128]->y[16x1x128]            0.027ms     8.593 M      0.32    8.26 MiB    318.10
    7  Add      -1  a[1x4096]+b[1x4096]->y[1x4096]                      0.018ms     4.096 K      0.00   24.00 KiB      1.34
    8  LN       -1  x[1x4096]+w[4096]->y[1x4096]                        0.065ms    20.480 K      0.00   24.00 KiB      0.38
    9  SwiGLU    0  a[1x5504]+b[1x5504]->y[1x5504]                      0.025ms    33.024 K      0.00   32.25 KiB      1.31
   10  SwiGLU    1  a[1x5504]+b[1x5504]->y[1x5504]                      0.022ms    33.024 K      0.00   32.25 KiB      1.52
   11  Add      -1  a[1x4096]+b[1x4096]->y[1x4096]                      0.016ms     4.096 K      0.00   24.00 KiB      1.57
[gpu-debug] segment avg latency (cuda_events): 0.257 ms
[gpu-debug] sum(per-op)               : 0.394 ms (ratio=1.532)
[gpu-debug] NOTE: sum(per-op) may differ from segment latency due to Python overhead, event/launch overhead, and allocator/cache effects.
[gpu-debug] cuda mem before warmup: alloc=781.20 MiB reserved=964.00 MiB
[gpu-debug] cuda mem after warmup : alloc=797.65 MiB reserved=984.00 MiB
[gpu-debug] cuda mem peak (this segment): max_alloc=797.78 MiB max_reserved=984.00 MiB
========================================================================================
[gpu-debug] segment_key=npu|decode|155|48322b0ab0207f84448cb08e6eac5594
[gpu-debug] sig: device_type=npu phase=decode step=155 (count_hint=32)
[gpu-debug] ops_repr: LN:-1,QK:0,QK:1,Softmax:0,Softmax:1,SV:0,SV:1,Add:-1,LN:-1,SwiGLU:0,SwiGLU:1,Add:-1
[gpu-debug] cfg: device=cuda dtype=torch.bfloat16 dim=4096 ffn_dim=11008 n_heads=32 shards=2
[gpu-debug] op plan (with inferred tensor shapes):
  - op#00  op=LN       shard=-1  x=[1x4096] + w=[4096]  ->  y=[1x4096]  (T=1, K=2110)
  - op#01  op=QK       shard=0   q=[16x1x128] + k=[16x128x2110]  ->  y=[16x1x2110]  (T=1, K=2110)
  - op#02  op=QK       shard=1   q=[16x1x128] + k=[16x128x2110]  ->  y=[16x1x2110]  (T=1, K=2110)
  - op#03  op=Softmax  shard=0   scores=[16x1x2110]  ->  y=[16x1x2110]  (T=1, K=2110)
  - op#04  op=Softmax  shard=1   scores=[16x1x2110]  ->  y=[16x1x2110]  (T=1, K=2110)
  - op#05  op=SV       shard=0   p=[16x1x2110] + v=[16x2110x128]  ->  y=[16x1x128]  (T=1, K=2110)
  - op#06  op=SV       shard=1   p=[16x1x2110] + v=[16x2110x128]  ->  y=[16x1x128]  (T=1, K=2110)
  - op#07  op=Add      shard=-1  a=[1x4096] + b=[1x4096]  ->  y=[1x4096]  (T=1, K=2110)
  - op#08  op=LN       shard=-1  x=[1x4096] + w=[4096]  ->  y=[1x4096]  (T=1, K=2110)
  - op#09  op=SwiGLU   shard=0   a=[1x5504] + b=[1x5504]  ->  y=[1x5504]  (T=1, K=2110)
  - op#10  op=SwiGLU   shard=1   a=[1x5504] + b=[1x5504]  ->  y=[1x5504]  (T=1, K=2110)
  - op#11  op=Add      shard=-1  a=[1x4096] + b=[1x4096]  ->  y=[1x4096]  (T=1, K=2110)
[gpu-debug] per-op timing breakdown (avg over iters):
  idx  op       sh  io                                                    time   est_flops    TFLOPs       bytes      GB/s
  ------------------------------------------------------------------------------------------------------------------------
    0  LN       -1  x[1x4096]+w[4096]->y[1x4096]                        0.063ms    20.480 K      0.00   24.00 KiB      0.39
    1  QK        0  q[16x1x128]+k[16x128x2110]->y[16x1x2110]            0.051ms     8.643 M      0.17    8.31 MiB    169.52
    2  QK        1  q[16x1x128]+k[16x128x2110]->y[16x1x2110]            0.044ms     8.643 M      0.20    8.31 MiB    199.76
    3  Softmax   0  scores[16x1x2110]->y[16x1x2110]                     0.019ms   168.800 K      0.01  131.88 KiB      7.29
    4  Softmax   1  scores[16x1x2110]->y[16x1x2110]                     0.015ms   168.800 K      0.01  131.88 KiB      9.16
    5  SV        0  p[16x1x2110]+v[16x2110x128]->y[16x1x128]            0.031ms     8.643 M      0.28    8.31 MiB    283.66
    6  SV        1  p[16x1x2110]+v[16x2110x128]->y[16x1x128]            0.027ms     8.643 M      0.32    8.31 MiB    321.13
    7  Add      -1  a[1x4096]+b[1x4096]->y[1x4096]                      0.018ms     4.096 K      0.00   24.00 KiB      1.35
    8  LN       -1  x[1x4096]+w[4096]->y[1x4096]                        0.065ms    20.480 K      0.00   24.00 KiB      0.38
    9  SwiGLU    0  a[1x5504]+b[1x5504]->y[1x5504]                      0.025ms    33.024 K      0.00   32.25 KiB      1.34
   10  SwiGLU    1  a[1x5504]+b[1x5504]->y[1x5504]                      0.022ms    33.024 K      0.00   32.25 KiB      1.54
   11  Add      -1  a[1x4096]+b[1x4096]->y[1x4096]                      0.016ms     4.096 K      0.00   24.00 KiB      1.52
[gpu-debug] segment avg latency (cuda_events): 0.257 ms
[gpu-debug] sum(per-op)               : 0.395 ms (ratio=1.536)
[gpu-debug] NOTE: sum(per-op) may differ from segment latency due to Python overhead, event/launch overhead, and allocator/cache effects.
[gpu-debug] cuda mem before warmup: alloc=797.65 MiB reserved=984.00 MiB
[gpu-debug] cuda mem after warmup : alloc=814.20 MiB reserved=1004.00 MiB
[gpu-debug] cuda mem peak (this segment): max_alloc=814.33 MiB max_reserved=1004.00 MiB
========================================================================================
[gpu-debug] segment_key=npu|decode|156|48322b0ab0207f84448cb08e6eac5594
[gpu-debug] sig: device_type=npu phase=decode step=156 (count_hint=32)
[gpu-debug] ops_repr: LN:-1,QK:0,QK:1,Softmax:0,Softmax:1,SV:0,SV:1,Add:-1,LN:-1,SwiGLU:0,SwiGLU:1,Add:-1
[gpu-debug] cfg: device=cuda dtype=torch.bfloat16 dim=4096 ffn_dim=11008 n_heads=32 shards=2
[gpu-debug] op plan (with inferred tensor shapes):
  - op#00  op=LN       shard=-1  x=[1x4096] + w=[4096]  ->  y=[1x4096]  (T=1, K=2122)
  - op#01  op=QK       shard=0   q=[16x1x128] + k=[16x128x2122]  ->  y=[16x1x2122]  (T=1, K=2122)
  - op#02  op=QK       shard=1   q=[16x1x128] + k=[16x128x2122]  ->  y=[16x1x2122]  (T=1, K=2122)
  - op#03  op=Softmax  shard=0   scores=[16x1x2122]  ->  y=[16x1x2122]  (T=1, K=2122)
  - op#04  op=Softmax  shard=1   scores=[16x1x2122]  ->  y=[16x1x2122]  (T=1, K=2122)
  - op#05  op=SV       shard=0   p=[16x1x2122] + v=[16x2122x128]  ->  y=[16x1x128]  (T=1, K=2122)
  - op#06  op=SV       shard=1   p=[16x1x2122] + v=[16x2122x128]  ->  y=[16x1x128]  (T=1, K=2122)
  - op#07  op=Add      shard=-1  a=[1x4096] + b=[1x4096]  ->  y=[1x4096]  (T=1, K=2122)
  - op#08  op=LN       shard=-1  x=[1x4096] + w=[4096]  ->  y=[1x4096]  (T=1, K=2122)
  - op#09  op=SwiGLU   shard=0   a=[1x5504] + b=[1x5504]  ->  y=[1x5504]  (T=1, K=2122)
  - op#10  op=SwiGLU   shard=1   a=[1x5504] + b=[1x5504]  ->  y=[1x5504]  (T=1, K=2122)
  - op#11  op=Add      shard=-1  a=[1x4096] + b=[1x4096]  ->  y=[1x4096]  (T=1, K=2122)
[gpu-debug] per-op timing breakdown (avg over iters):
  idx  op       sh  io                                                    time   est_flops    TFLOPs       bytes      GB/s
  ------------------------------------------------------------------------------------------------------------------------
    0  LN       -1  x[1x4096]+w[4096]->y[1x4096]                        0.063ms    20.480 K      0.00   24.00 KiB      0.39
    1  QK        0  q[16x1x128]+k[16x128x2122]->y[16x1x2122]            0.052ms     8.692 M      0.17    8.36 MiB    169.81
    2  QK        1  q[16x1x128]+k[16x128x2122]->y[16x1x2122]            0.042ms     8.692 M      0.21    8.36 MiB    210.28
    3  Softmax   0  scores[16x1x2122]->y[16x1x2122]                     0.018ms   169.760 K      0.01  132.62 KiB      7.67
    4  Softmax   1  scores[16x1x2122]->y[16x1x2122]                     0.015ms   169.760 K      0.01  132.62 KiB      9.27
    5  SV        0  p[16x1x2122]+v[16x2122x128]->y[16x1x128]            0.030ms     8.692 M      0.29    8.36 MiB    292.09
    6  SV        1  p[16x1x2122]+v[16x2122x128]->y[16x1x128]            0.027ms     8.692 M      0.32    8.36 MiB    320.54
    7  Add      -1  a[1x4096]+b[1x4096]->y[1x4096]                      0.018ms     4.096 K      0.00   24.00 KiB      1.35
    8  LN       -1  x[1x4096]+w[4096]->y[1x4096]                        0.064ms    20.480 K      0.00   24.00 KiB      0.38
    9  SwiGLU    0  a[1x5504]+b[1x5504]->y[1x5504]                      0.025ms    33.024 K      0.00   32.25 KiB      1.34
   10  SwiGLU    1  a[1x5504]+b[1x5504]->y[1x5504]                      0.022ms    33.024 K      0.00   32.25 KiB      1.51
   11  Add      -1  a[1x4096]+b[1x4096]->y[1x4096]                      0.017ms     4.096 K      0.00   24.00 KiB      1.46
[gpu-debug] segment avg latency (cuda_events): 0.259 ms
[gpu-debug] sum(per-op)               : 0.392 ms (ratio=1.516)
[gpu-debug] NOTE: sum(per-op) may differ from segment latency due to Python overhead, event/launch overhead, and allocator/cache effects.
[gpu-debug] cuda mem before warmup: alloc=814.20 MiB reserved=1004.00 MiB
[gpu-debug] cuda mem after warmup : alloc=830.85 MiB reserved=1.00 GiB
[gpu-debug] cuda mem peak (this segment): max_alloc=830.98 MiB max_reserved=1.00 GiB
========================================================================================
[gpu-debug] segment_key=npu|decode|157|48322b0ab0207f84448cb08e6eac5594
[gpu-debug] sig: device_type=npu phase=decode step=157 (count_hint=32)
[gpu-debug] ops_repr: LN:-1,QK:0,QK:1,Softmax:0,Softmax:1,SV:0,SV:1,Add:-1,LN:-1,SwiGLU:0,SwiGLU:1,Add:-1
[gpu-debug] cfg: device=cuda dtype=torch.bfloat16 dim=4096 ffn_dim=11008 n_heads=32 shards=2
[gpu-debug] op plan (with inferred tensor shapes):
  - op#00  op=LN       shard=-1  x=[1x4096] + w=[4096]  ->  y=[1x4096]  (T=1, K=2134)
  - op#01  op=QK       shard=0   q=[16x1x128] + k=[16x128x2134]  ->  y=[16x1x2134]  (T=1, K=2134)
  - op#02  op=QK       shard=1   q=[16x1x128] + k=[16x128x2134]  ->  y=[16x1x2134]  (T=1, K=2134)
  - op#03  op=Softmax  shard=0   scores=[16x1x2134]  ->  y=[16x1x2134]  (T=1, K=2134)
  - op#04  op=Softmax  shard=1   scores=[16x1x2134]  ->  y=[16x1x2134]  (T=1, K=2134)
  - op#05  op=SV       shard=0   p=[16x1x2134] + v=[16x2134x128]  ->  y=[16x1x128]  (T=1, K=2134)
  - op#06  op=SV       shard=1   p=[16x1x2134] + v=[16x2134x128]  ->  y=[16x1x128]  (T=1, K=2134)
  - op#07  op=Add      shard=-1  a=[1x4096] + b=[1x4096]  ->  y=[1x4096]  (T=1, K=2134)
  - op#08  op=LN       shard=-1  x=[1x4096] + w=[4096]  ->  y=[1x4096]  (T=1, K=2134)
  - op#09  op=SwiGLU   shard=0   a=[1x5504] + b=[1x5504]  ->  y=[1x5504]  (T=1, K=2134)
  - op#10  op=SwiGLU   shard=1   a=[1x5504] + b=[1x5504]  ->  y=[1x5504]  (T=1, K=2134)
  - op#11  op=Add      shard=-1  a=[1x4096] + b=[1x4096]  ->  y=[1x4096]  (T=1, K=2134)
[gpu-debug] per-op timing breakdown (avg over iters):
  idx  op       sh  io                                                    time   est_flops    TFLOPs       bytes      GB/s
  ------------------------------------------------------------------------------------------------------------------------
    0  LN       -1  x[1x4096]+w[4096]->y[1x4096]                        0.063ms    20.480 K      0.00   24.00 KiB      0.39
    1  QK        0  q[16x1x128]+k[16x128x2134]->y[16x1x2134]            0.051ms     8.741 M      0.17    8.40 MiB    172.13
    2  QK        1  q[16x1x128]+k[16x128x2134]->y[16x1x2134]            0.045ms     8.741 M      0.19    8.40 MiB    196.50
    3  Softmax   0  scores[16x1x2134]->y[16x1x2134]                     0.019ms   170.720 K      0.01  133.38 KiB      7.37
    4  Softmax   1  scores[16x1x2134]->y[16x1x2134]                     0.015ms   170.720 K      0.01  133.38 KiB      9.26
    5  SV        0  p[16x1x2134]+v[16x2134x128]->y[16x1x128]            0.031ms     8.741 M      0.28    8.40 MiB    284.05
    6  SV        1  p[16x1x2134]+v[16x2134x128]->y[16x1x128]            0.028ms     8.741 M      0.32    8.40 MiB    318.77
    7  Add      -1  a[1x4096]+b[1x4096]->y[1x4096]                      0.018ms     4.096 K      0.00   24.00 KiB      1.33
    8  LN       -1  x[1x4096]+w[4096]->y[1x4096]                        0.065ms    20.480 K      0.00   24.00 KiB      0.38
    9  SwiGLU    0  a[1x5504]+b[1x5504]->y[1x5504]                      0.025ms    33.024 K      0.00   32.25 KiB      1.33
   10  SwiGLU    1  a[1x5504]+b[1x5504]->y[1x5504]                      0.021ms    33.024 K      0.00   32.25 KiB      1.56
   11  Add      -1  a[1x4096]+b[1x4096]->y[1x4096]                      0.016ms     4.096 K      0.00   24.00 KiB      1.57
[gpu-debug] segment avg latency (cuda_events): 0.258 ms
[gpu-debug] sum(per-op)               : 0.396 ms (ratio=1.532)
[gpu-debug] NOTE: sum(per-op) may differ from segment latency due to Python overhead, event/launch overhead, and allocator/cache effects.
[gpu-debug] cuda mem before warmup: alloc=830.85 MiB reserved=1.00 GiB
[gpu-debug] cuda mem after warmup : alloc=847.58 MiB reserved=1.02 GiB
[gpu-debug] cuda mem peak (this segment): max_alloc=847.71 MiB max_reserved=1.02 GiB
========================================================================================
[gpu-debug] segment_key=npu|decode|158|48322b0ab0207f84448cb08e6eac5594
[gpu-debug] sig: device_type=npu phase=decode step=158 (count_hint=32)
[gpu-debug] ops_repr: LN:-1,QK:0,QK:1,Softmax:0,Softmax:1,SV:0,SV:1,Add:-1,LN:-1,SwiGLU:0,SwiGLU:1,Add:-1
[gpu-debug] cfg: device=cuda dtype=torch.bfloat16 dim=4096 ffn_dim=11008 n_heads=32 shards=2
[gpu-debug] op plan (with inferred tensor shapes):
  - op#00  op=LN       shard=-1  x=[1x4096] + w=[4096]  ->  y=[1x4096]  (T=1, K=2146)
  - op#01  op=QK       shard=0   q=[16x1x128] + k=[16x128x2146]  ->  y=[16x1x2146]  (T=1, K=2146)
  - op#02  op=QK       shard=1   q=[16x1x128] + k=[16x128x2146]  ->  y=[16x1x2146]  (T=1, K=2146)
  - op#03  op=Softmax  shard=0   scores=[16x1x2146]  ->  y=[16x1x2146]  (T=1, K=2146)
  - op#04  op=Softmax  shard=1   scores=[16x1x2146]  ->  y=[16x1x2146]  (T=1, K=2146)
  - op#05  op=SV       shard=0   p=[16x1x2146] + v=[16x2146x128]  ->  y=[16x1x128]  (T=1, K=2146)
  - op#06  op=SV       shard=1   p=[16x1x2146] + v=[16x2146x128]  ->  y=[16x1x128]  (T=1, K=2146)
  - op#07  op=Add      shard=-1  a=[1x4096] + b=[1x4096]  ->  y=[1x4096]  (T=1, K=2146)
  - op#08  op=LN       shard=-1  x=[1x4096] + w=[4096]  ->  y=[1x4096]  (T=1, K=2146)
  - op#09  op=SwiGLU   shard=0   a=[1x5504] + b=[1x5504]  ->  y=[1x5504]  (T=1, K=2146)
  - op#10  op=SwiGLU   shard=1   a=[1x5504] + b=[1x5504]  ->  y=[1x5504]  (T=1, K=2146)
  - op#11  op=Add      shard=-1  a=[1x4096] + b=[1x4096]  ->  y=[1x4096]  (T=1, K=2146)
[gpu-debug] per-op timing breakdown (avg over iters):
  idx  op       sh  io                                                    time   est_flops    TFLOPs       bytes      GB/s
  ------------------------------------------------------------------------------------------------------------------------
    0  LN       -1  x[1x4096]+w[4096]->y[1x4096]                        0.063ms    20.480 K      0.00   24.00 KiB      0.39
    1  QK        0  q[16x1x128]+k[16x128x2146]->y[16x1x2146]            0.052ms     8.790 M      0.17    8.45 MiB    171.05
    2  QK        1  q[16x1x128]+k[16x128x2146]->y[16x1x2146]            0.042ms     8.790 M      0.21    8.45 MiB    211.62
    3  Softmax   0  scores[16x1x2146]->y[16x1x2146]                     0.018ms   171.680 K      0.01  134.12 KiB      7.66
    4  Softmax   1  scores[16x1x2146]->y[16x1x2146]                     0.015ms   171.680 K      0.01  134.12 KiB      9.25
    5  SV        0  p[16x1x2146]+v[16x2146x128]->y[16x1x128]            0.030ms     8.790 M      0.29    8.45 MiB    291.42
    6  SV        1  p[16x1x2146]+v[16x2146x128]->y[16x1x128]            0.028ms     8.790 M      0.31    8.45 MiB    317.04
    7  Add      -1  a[1x4096]+b[1x4096]->y[1x4096]                      0.018ms     4.096 K      0.00   24.00 KiB      1.36
    8  LN       -1  x[1x4096]+w[4096]->y[1x4096]                        0.064ms    20.480 K      0.00   24.00 KiB      0.38
    9  SwiGLU    0  a[1x5504]+b[1x5504]->y[1x5504]                      0.028ms    33.024 K      0.00   32.25 KiB      1.19
   10  SwiGLU    1  a[1x5504]+b[1x5504]->y[1x5504]                      0.022ms    33.024 K      0.00   32.25 KiB      1.48
   11  Add      -1  a[1x4096]+b[1x4096]->y[1x4096]                      0.016ms     4.096 K      0.00   24.00 KiB      1.54
[gpu-debug] segment avg latency (cuda_events): 0.257 ms
[gpu-debug] sum(per-op)               : 0.397 ms (ratio=1.545)
[gpu-debug] NOTE: sum(per-op) may differ from segment latency due to Python overhead, event/launch overhead, and allocator/cache effects.
[gpu-debug] cuda mem before warmup: alloc=847.58 MiB reserved=1.02 GiB
[gpu-debug] cuda mem after warmup : alloc=864.41 MiB reserved=1.04 GiB
[gpu-debug] cuda mem peak (this segment): max_alloc=864.55 MiB max_reserved=1.04 GiB
========================================================================================
[gpu-debug] segment_key=npu|decode|159|48322b0ab0207f84448cb08e6eac5594
[gpu-debug] sig: device_type=npu phase=decode step=159 (count_hint=32)
[gpu-debug] ops_repr: LN:-1,QK:0,QK:1,Softmax:0,Softmax:1,SV:0,SV:1,Add:-1,LN:-1,SwiGLU:0,SwiGLU:1,Add:-1
[gpu-debug] cfg: device=cuda dtype=torch.bfloat16 dim=4096 ffn_dim=11008 n_heads=32 shards=2
[gpu-debug] op plan (with inferred tensor shapes):
  - op#00  op=LN       shard=-1  x=[1x4096] + w=[4096]  ->  y=[1x4096]  (T=1, K=2158)
  - op#01  op=QK       shard=0   q=[16x1x128] + k=[16x128x2158]  ->  y=[16x1x2158]  (T=1, K=2158)
  - op#02  op=QK       shard=1   q=[16x1x128] + k=[16x128x2158]  ->  y=[16x1x2158]  (T=1, K=2158)
  - op#03  op=Softmax  shard=0   scores=[16x1x2158]  ->  y=[16x1x2158]  (T=1, K=2158)
  - op#04  op=Softmax  shard=1   scores=[16x1x2158]  ->  y=[16x1x2158]  (T=1, K=2158)
  - op#05  op=SV       shard=0   p=[16x1x2158] + v=[16x2158x128]  ->  y=[16x1x128]  (T=1, K=2158)
  - op#06  op=SV       shard=1   p=[16x1x2158] + v=[16x2158x128]  ->  y=[16x1x128]  (T=1, K=2158)
  - op#07  op=Add      shard=-1  a=[1x4096] + b=[1x4096]  ->  y=[1x4096]  (T=1, K=2158)
  - op#08  op=LN       shard=-1  x=[1x4096] + w=[4096]  ->  y=[1x4096]  (T=1, K=2158)
  - op#09  op=SwiGLU   shard=0   a=[1x5504] + b=[1x5504]  ->  y=[1x5504]  (T=1, K=2158)
  - op#10  op=SwiGLU   shard=1   a=[1x5504] + b=[1x5504]  ->  y=[1x5504]  (T=1, K=2158)
  - op#11  op=Add      shard=-1  a=[1x4096] + b=[1x4096]  ->  y=[1x4096]  (T=1, K=2158)
[gpu-debug] per-op timing breakdown (avg over iters):
  idx  op       sh  io                                                    time   est_flops    TFLOPs       bytes      GB/s
  ------------------------------------------------------------------------------------------------------------------------
    0  LN       -1  x[1x4096]+w[4096]->y[1x4096]                        0.063ms    20.480 K      0.00   24.00 KiB      0.39
    1  QK        0  q[16x1x128]+k[16x128x2158]->y[16x1x2158]            0.053ms     8.839 M      0.17    8.50 MiB    169.33
    2  QK        1  q[16x1x128]+k[16x128x2158]->y[16x1x2158]            0.044ms     8.839 M      0.20    8.50 MiB    203.83
    3  Softmax   0  scores[16x1x2158]->y[16x1x2158]                     0.018ms   172.640 K      0.01  134.88 KiB      7.66
    4  Softmax   1  scores[16x1x2158]->y[16x1x2158]                     0.015ms   172.640 K      0.01  134.88 KiB      9.50
    5  SV        0  p[16x1x2158]+v[16x2158x128]->y[16x1x128]            0.031ms     8.839 M      0.29    8.50 MiB    288.19
    6  SV        1  p[16x1x2158]+v[16x2158x128]->y[16x1x128]            0.028ms     8.839 M      0.32    8.50 MiB    321.16
    7  Add      -1  a[1x4096]+b[1x4096]->y[1x4096]                      0.018ms     4.096 K      0.00   24.00 KiB      1.36
    8  LN       -1  x[1x4096]+w[4096]->y[1x4096]                        0.065ms    20.480 K      0.00   24.00 KiB      0.38
    9  SwiGLU    0  a[1x5504]+b[1x5504]->y[1x5504]                      0.025ms    33.024 K      0.00   32.25 KiB      1.32
   10  SwiGLU    1  a[1x5504]+b[1x5504]->y[1x5504]                      0.022ms    33.024 K      0.00   32.25 KiB      1.51
   11  Add      -1  a[1x4096]+b[1x4096]->y[1x4096]                      0.016ms     4.096 K      0.00   24.00 KiB      1.57
[gpu-debug] segment avg latency (cuda_events): 0.257 ms
[gpu-debug] sum(per-op)               : 0.396 ms (ratio=1.542)
[gpu-debug] NOTE: sum(per-op) may differ from segment latency due to Python overhead, event/launch overhead, and allocator/cache effects.
[gpu-debug] cuda mem before warmup: alloc=864.41 MiB reserved=1.04 GiB
[gpu-debug] cuda mem after warmup : alloc=881.34 MiB reserved=1.06 GiB
[gpu-debug] cuda mem peak (this segment): max_alloc=881.47 MiB max_reserved=1.06 GiB
========================================================================================
[gpu-debug] segment_key=npu|decode|15|48322b0ab0207f84448cb08e6eac5594
[gpu-debug] sig: device_type=npu phase=decode step=15 (count_hint=32)
[gpu-debug] ops_repr: LN:-1,QK:0,QK:1,Softmax:0,Softmax:1,SV:0,SV:1,Add:-1,LN:-1,SwiGLU:0,SwiGLU:1,Add:-1
[gpu-debug] cfg: device=cuda dtype=torch.bfloat16 dim=4096 ffn_dim=11008 n_heads=32 shards=2
[gpu-debug] op plan (with inferred tensor shapes):
  - op#00  op=LN       shard=-1  x=[1x4096] + w=[4096]  ->  y=[1x4096]  (T=1, K=430)
  - op#01  op=QK       shard=0   q=[16x1x128] + k=[16x128x430]  ->  y=[16x1x430]  (T=1, K=430)
  - op#02  op=QK       shard=1   q=[16x1x128] + k=[16x128x430]  ->  y=[16x1x430]  (T=1, K=430)
  - op#03  op=Softmax  shard=0   scores=[16x1x430]  ->  y=[16x1x430]  (T=1, K=430)
  - op#04  op=Softmax  shard=1   scores=[16x1x430]  ->  y=[16x1x430]  (T=1, K=430)
  - op#05  op=SV       shard=0   p=[16x1x430] + v=[16x430x128]  ->  y=[16x1x128]  (T=1, K=430)
  - op#06  op=SV       shard=1   p=[16x1x430] + v=[16x430x128]  ->  y=[16x1x128]  (T=1, K=430)
  - op#07  op=Add      shard=-1  a=[1x4096] + b=[1x4096]  ->  y=[1x4096]  (T=1, K=430)
  - op#08  op=LN       shard=-1  x=[1x4096] + w=[4096]  ->  y=[1x4096]  (T=1, K=430)
  - op#09  op=SwiGLU   shard=0   a=[1x5504] + b=[1x5504]  ->  y=[1x5504]  (T=1, K=430)
  - op#10  op=SwiGLU   shard=1   a=[1x5504] + b=[1x5504]  ->  y=[1x5504]  (T=1, K=430)
  - op#11  op=Add      shard=-1  a=[1x4096] + b=[1x4096]  ->  y=[1x4096]  (T=1, K=430)
[gpu-debug] per-op timing breakdown (avg over iters):
  idx  op       sh  io                                                    time   est_flops    TFLOPs       bytes      GB/s
  ------------------------------------------------------------------------------------------------------------------------
    0  LN       -1  x[1x4096]+w[4096]->y[1x4096]                        0.065ms    20.480 K      0.00   24.00 KiB      0.38
    1  QK        0  q[16x1x128]+k[16x128x430]->y[16x1x430]              0.051ms     1.761 M      0.03    1.70 MiB     34.61
    2  QK        1  q[16x1x128]+k[16x128x430]->y[16x1x430]              0.042ms     1.761 M      0.04    1.70 MiB     42.48
    3  Softmax   0  scores[16x1x430]->y[16x1x430]                       0.019ms    34.400 K      0.00   26.88 KiB      1.48
    4  Softmax   1  scores[16x1x430]->y[16x1x430]                       0.015ms    34.400 K      0.00   26.88 KiB      1.83
    5  SV        0  p[16x1x430]+v[16x430x128]->y[16x1x128]              0.030ms     1.761 M      0.06    1.70 MiB     60.12
    6  SV        1  p[16x1x430]+v[16x430x128]->y[16x1x128]              0.027ms     1.761 M      0.07    1.70 MiB     67.08
    7  Add      -1  a[1x4096]+b[1x4096]->y[1x4096]                      0.018ms     4.096 K      0.00   24.00 KiB      1.37
    8  LN       -1  x[1x4096]+w[4096]->y[1x4096]                        0.064ms    20.480 K      0.00   24.00 KiB      0.38
    9  SwiGLU    0  a[1x5504]+b[1x5504]->y[1x5504]                      0.025ms    33.024 K      0.00   32.25 KiB      1.34
   10  SwiGLU    1  a[1x5504]+b[1x5504]->y[1x5504]                      0.022ms    33.024 K      0.00   32.25 KiB      1.53
   11  Add      -1  a[1x4096]+b[1x4096]->y[1x4096]                      0.016ms     4.096 K      0.00   24.00 KiB      1.57
[gpu-debug] segment avg latency (cuda_events): 0.258 ms
[gpu-debug] sum(per-op)               : 0.392 ms (ratio=1.522)
[gpu-debug] NOTE: sum(per-op) may differ from segment latency due to Python overhead, event/launch overhead, and allocator/cache effects.
[gpu-debug] cuda mem before warmup: alloc=881.34 MiB reserved=1.06 GiB
[gpu-debug] cuda mem after warmup : alloc=885.52 MiB reserved=1.06 GiB
[gpu-debug] cuda mem peak (this segment): max_alloc=885.55 MiB max_reserved=1.06 GiB
========================================================================================
[gpu-debug] segment_key=npu|decode|160|48322b0ab0207f84448cb08e6eac5594
[gpu-debug] sig: device_type=npu phase=decode step=160 (count_hint=32)
[gpu-debug] ops_repr: LN:-1,QK:0,QK:1,Softmax:0,Softmax:1,SV:0,SV:1,Add:-1,LN:-1,SwiGLU:0,SwiGLU:1,Add:-1
[gpu-debug] cfg: device=cuda dtype=torch.bfloat16 dim=4096 ffn_dim=11008 n_heads=32 shards=2
[gpu-debug] op plan (with inferred tensor shapes):
  - op#00  op=LN       shard=-1  x=[1x4096] + w=[4096]  ->  y=[1x4096]  (T=1, K=2170)
  - op#01  op=QK       shard=0   q=[16x1x128] + k=[16x128x2170]  ->  y=[16x1x2170]  (T=1, K=2170)
  - op#02  op=QK       shard=1   q=[16x1x128] + k=[16x128x2170]  ->  y=[16x1x2170]  (T=1, K=2170)
  - op#03  op=Softmax  shard=0   scores=[16x1x2170]  ->  y=[16x1x2170]  (T=1, K=2170)
  - op#04  op=Softmax  shard=1   scores=[16x1x2170]  ->  y=[16x1x2170]  (T=1, K=2170)
  - op#05  op=SV       shard=0   p=[16x1x2170] + v=[16x2170x128]  ->  y=[16x1x128]  (T=1, K=2170)
  - op#06  op=SV       shard=1   p=[16x1x2170] + v=[16x2170x128]  ->  y=[16x1x128]  (T=1, K=2170)
  - op#07  op=Add      shard=-1  a=[1x4096] + b=[1x4096]  ->  y=[1x4096]  (T=1, K=2170)
  - op#08  op=LN       shard=-1  x=[1x4096] + w=[4096]  ->  y=[1x4096]  (T=1, K=2170)
  - op#09  op=SwiGLU   shard=0   a=[1x5504] + b=[1x5504]  ->  y=[1x5504]  (T=1, K=2170)
  - op#10  op=SwiGLU   shard=1   a=[1x5504] + b=[1x5504]  ->  y=[1x5504]  (T=1, K=2170)
  - op#11  op=Add      shard=-1  a=[1x4096] + b=[1x4096]  ->  y=[1x4096]  (T=1, K=2170)
[gpu-debug] per-op timing breakdown (avg over iters):
  idx  op       sh  io                                                    time   est_flops    TFLOPs       bytes      GB/s
  ------------------------------------------------------------------------------------------------------------------------
    0  LN       -1  x[1x4096]+w[4096]->y[1x4096]                        0.063ms    20.480 K      0.00   24.00 KiB      0.39
    1  QK        0  q[16x1x128]+k[16x128x2170]->y[16x1x2170]            0.053ms     8.888 M      0.17    8.55 MiB    169.61
    2  QK        1  q[16x1x128]+k[16x128x2170]->y[16x1x2170]            0.044ms     8.888 M      0.20    8.55 MiB    204.96
    3  Softmax   0  scores[16x1x2170]->y[16x1x2170]                     0.018ms   173.600 K      0.01  135.62 KiB      7.79
    4  Softmax   1  scores[16x1x2170]->y[16x1x2170]                     0.015ms   173.600 K      0.01  135.62 KiB      9.55
    5  SV        0  p[16x1x2170]+v[16x2170x128]->y[16x1x128]            0.030ms     8.888 M      0.29    8.55 MiB    294.67
    6  SV        1  p[16x1x2170]+v[16x2170x128]->y[16x1x128]            0.027ms     8.888 M      0.33    8.55 MiB    327.78
    7  Add      -1  a[1x4096]+b[1x4096]->y[1x4096]                      0.018ms     4.096 K      0.00   24.00 KiB      1.39
    8  LN       -1  x[1x4096]+w[4096]->y[1x4096]                        0.065ms    20.480 K      0.00   24.00 KiB      0.38
    9  SwiGLU    0  a[1x5504]+b[1x5504]->y[1x5504]                      0.025ms    33.024 K      0.00   32.25 KiB      1.33
   10  SwiGLU    1  a[1x5504]+b[1x5504]->y[1x5504]                      0.022ms    33.024 K      0.00   32.25 KiB      1.53
   11  Add      -1  a[1x4096]+b[1x4096]->y[1x4096]                      0.016ms     4.096 K      0.00   24.00 KiB      1.56
[gpu-debug] segment avg latency (cuda_events): 0.259 ms
[gpu-debug] sum(per-op)               : 0.394 ms (ratio=1.523)
[gpu-debug] NOTE: sum(per-op) may differ from segment latency due to Python overhead, event/launch overhead, and allocator/cache effects.
[gpu-debug] cuda mem before warmup: alloc=885.52 MiB reserved=1.06 GiB
[gpu-debug] cuda mem after warmup : alloc=902.54 MiB reserved=1.08 GiB
[gpu-debug] cuda mem peak (this segment): max_alloc=902.68 MiB max_reserved=1.08 GiB
========================================================================================
[gpu-debug] segment_key=npu|decode|161|48322b0ab0207f84448cb08e6eac5594
[gpu-debug] sig: device_type=npu phase=decode step=161 (count_hint=32)
[gpu-debug] ops_repr: LN:-1,QK:0,QK:1,Softmax:0,Softmax:1,SV:0,SV:1,Add:-1,LN:-1,SwiGLU:0,SwiGLU:1,Add:-1
[gpu-debug] cfg: device=cuda dtype=torch.bfloat16 dim=4096 ffn_dim=11008 n_heads=32 shards=2
[gpu-debug] op plan (with inferred tensor shapes):
  - op#00  op=LN       shard=-1  x=[1x4096] + w=[4096]  ->  y=[1x4096]  (T=1, K=2182)
  - op#01  op=QK       shard=0   q=[16x1x128] + k=[16x128x2182]  ->  y=[16x1x2182]  (T=1, K=2182)
  - op#02  op=QK       shard=1   q=[16x1x128] + k=[16x128x2182]  ->  y=[16x1x2182]  (T=1, K=2182)
  - op#03  op=Softmax  shard=0   scores=[16x1x2182]  ->  y=[16x1x2182]  (T=1, K=2182)
  - op#04  op=Softmax  shard=1   scores=[16x1x2182]  ->  y=[16x1x2182]  (T=1, K=2182)
  - op#05  op=SV       shard=0   p=[16x1x2182] + v=[16x2182x128]  ->  y=[16x1x128]  (T=1, K=2182)
  - op#06  op=SV       shard=1   p=[16x1x2182] + v=[16x2182x128]  ->  y=[16x1x128]  (T=1, K=2182)
  - op#07  op=Add      shard=-1  a=[1x4096] + b=[1x4096]  ->  y=[1x4096]  (T=1, K=2182)
  - op#08  op=LN       shard=-1  x=[1x4096] + w=[4096]  ->  y=[1x4096]  (T=1, K=2182)
  - op#09  op=SwiGLU   shard=0   a=[1x5504] + b=[1x5504]  ->  y=[1x5504]  (T=1, K=2182)
  - op#10  op=SwiGLU   shard=1   a=[1x5504] + b=[1x5504]  ->  y=[1x5504]  (T=1, K=2182)
  - op#11  op=Add      shard=-1  a=[1x4096] + b=[1x4096]  ->  y=[1x4096]  (T=1, K=2182)
[gpu-debug] per-op timing breakdown (avg over iters):
  idx  op       sh  io                                                    time   est_flops    TFLOPs       bytes      GB/s
  ------------------------------------------------------------------------------------------------------------------------
    0  LN       -1  x[1x4096]+w[4096]->y[1x4096]                        0.063ms    20.480 K      0.00   24.00 KiB      0.39
    1  QK        0  q[16x1x128]+k[16x128x2182]->y[16x1x2182]            0.052ms     8.937 M      0.17    8.59 MiB    173.92
    2  QK        1  q[16x1x128]+k[16x128x2182]->y[16x1x2182]            0.042ms     8.937 M      0.21    8.59 MiB    215.69
    3  Softmax   0  scores[16x1x2182]->y[16x1x2182]                     0.018ms   174.560 K      0.01  136.38 KiB      7.70
    4  Softmax   1  scores[16x1x2182]->y[16x1x2182]                     0.015ms   174.560 K      0.01  136.38 KiB      9.60
    5  SV        0  p[16x1x2182]+v[16x2182x128]->y[16x1x128]            0.031ms     8.937 M      0.29    8.59 MiB    292.37
    6  SV        1  p[16x1x2182]+v[16x2182x128]->y[16x1x128]            0.028ms     8.937 M      0.31    8.59 MiB    316.55
    7  Add      -1  a[1x4096]+b[1x4096]->y[1x4096]                      0.018ms     4.096 K      0.00   24.00 KiB      1.37
    8  LN       -1  x[1x4096]+w[4096]->y[1x4096]                        0.067ms    20.480 K      0.00   24.00 KiB      0.36
    9  SwiGLU    0  a[1x5504]+b[1x5504]->y[1x5504]                      0.025ms    33.024 K      0.00   32.25 KiB      1.32
   10  SwiGLU    1  a[1x5504]+b[1x5504]->y[1x5504]                      0.022ms    33.024 K      0.00   32.25 KiB      1.53
   11  Add      -1  a[1x4096]+b[1x4096]->y[1x4096]                      0.016ms     4.096 K      0.00   24.00 KiB      1.55
[gpu-debug] segment avg latency (cuda_events): 0.258 ms
[gpu-debug] sum(per-op)               : 0.396 ms (ratio=1.536)
[gpu-debug] NOTE: sum(per-op) may differ from segment latency due to Python overhead, event/launch overhead, and allocator/cache effects.
[gpu-debug] cuda mem before warmup: alloc=902.54 MiB reserved=1.08 GiB
[gpu-debug] cuda mem after warmup : alloc=919.66 MiB reserved=1.10 GiB
[gpu-debug] cuda mem peak (this segment): max_alloc=919.79 MiB max_reserved=1.10 GiB
========================================================================================
[gpu-debug] segment_key=npu|decode|162|48322b0ab0207f84448cb08e6eac5594
[gpu-debug] sig: device_type=npu phase=decode step=162 (count_hint=32)
[gpu-debug] ops_repr: LN:-1,QK:0,QK:1,Softmax:0,Softmax:1,SV:0,SV:1,Add:-1,LN:-1,SwiGLU:0,SwiGLU:1,Add:-1
[gpu-debug] cfg: device=cuda dtype=torch.bfloat16 dim=4096 ffn_dim=11008 n_heads=32 shards=2
[gpu-debug] op plan (with inferred tensor shapes):
  - op#00  op=LN       shard=-1  x=[1x4096] + w=[4096]  ->  y=[1x4096]  (T=1, K=2194)
  - op#01  op=QK       shard=0   q=[16x1x128] + k=[16x128x2194]  ->  y=[16x1x2194]  (T=1, K=2194)
  - op#02  op=QK       shard=1   q=[16x1x128] + k=[16x128x2194]  ->  y=[16x1x2194]  (T=1, K=2194)
  - op#03  op=Softmax  shard=0   scores=[16x1x2194]  ->  y=[16x1x2194]  (T=1, K=2194)
  - op#04  op=Softmax  shard=1   scores=[16x1x2194]  ->  y=[16x1x2194]  (T=1, K=2194)
  - op#05  op=SV       shard=0   p=[16x1x2194] + v=[16x2194x128]  ->  y=[16x1x128]  (T=1, K=2194)
  - op#06  op=SV       shard=1   p=[16x1x2194] + v=[16x2194x128]  ->  y=[16x1x128]  (T=1, K=2194)
  - op#07  op=Add      shard=-1  a=[1x4096] + b=[1x4096]  ->  y=[1x4096]  (T=1, K=2194)
  - op#08  op=LN       shard=-1  x=[1x4096] + w=[4096]  ->  y=[1x4096]  (T=1, K=2194)
  - op#09  op=SwiGLU   shard=0   a=[1x5504] + b=[1x5504]  ->  y=[1x5504]  (T=1, K=2194)
  - op#10  op=SwiGLU   shard=1   a=[1x5504] + b=[1x5504]  ->  y=[1x5504]  (T=1, K=2194)
  - op#11  op=Add      shard=-1  a=[1x4096] + b=[1x4096]  ->  y=[1x4096]  (T=1, K=2194)
[gpu-debug] per-op timing breakdown (avg over iters):
  idx  op       sh  io                                                    time   est_flops    TFLOPs       bytes      GB/s
  ------------------------------------------------------------------------------------------------------------------------
    0  LN       -1  x[1x4096]+w[4096]->y[1x4096]                        0.066ms    20.480 K      0.00   24.00 KiB      0.37
    1  QK        0  q[16x1x128]+k[16x128x2194]->y[16x1x2194]            0.053ms     8.987 M      0.17    8.64 MiB    171.82
    2  QK        1  q[16x1x128]+k[16x128x2194]->y[16x1x2194]            0.042ms     8.987 M      0.21    8.64 MiB    214.77
    3  Softmax   0  scores[16x1x2194]->y[16x1x2194]                     0.018ms   175.520 K      0.01  137.12 KiB      7.84
    4  Softmax   1  scores[16x1x2194]->y[16x1x2194]                     0.014ms   175.520 K      0.01  137.12 KiB      9.73
    5  SV        0  p[16x1x2194]+v[16x2194x128]->y[16x1x128]            0.031ms     8.987 M      0.29    8.64 MiB    292.03
    6  SV        1  p[16x1x2194]+v[16x2194x128]->y[16x1x128]            0.028ms     8.987 M      0.32    8.64 MiB    321.77
    7  Add      -1  a[1x4096]+b[1x4096]->y[1x4096]                      0.018ms     4.096 K      0.00   24.00 KiB      1.36
    8  LN       -1  x[1x4096]+w[4096]->y[1x4096]                        0.065ms    20.480 K      0.00   24.00 KiB      0.38
    9  SwiGLU    0  a[1x5504]+b[1x5504]->y[1x5504]                      0.024ms    33.024 K      0.00   32.25 KiB      1.36
   10  SwiGLU    1  a[1x5504]+b[1x5504]->y[1x5504]                      0.021ms    33.024 K      0.00   32.25 KiB      1.55
   11  Add      -1  a[1x4096]+b[1x4096]->y[1x4096]                      0.016ms     4.096 K      0.00   24.00 KiB      1.56
[gpu-debug] segment avg latency (cuda_events): 0.258 ms
[gpu-debug] sum(per-op)               : 0.397 ms (ratio=1.536)
[gpu-debug] NOTE: sum(per-op) may differ from segment latency due to Python overhead, event/launch overhead, and allocator/cache effects.
[gpu-debug] cuda mem before warmup: alloc=919.66 MiB reserved=1.10 GiB
[gpu-debug] cuda mem after warmup : alloc=936.87 MiB reserved=1.12 GiB
[gpu-debug] cuda mem peak (this segment): max_alloc=937.00 MiB max_reserved=1.12 GiB
========================================================================================
[gpu-debug] segment_key=npu|decode|163|48322b0ab0207f84448cb08e6eac5594
[gpu-debug] sig: device_type=npu phase=decode step=163 (count_hint=32)
[gpu-debug] ops_repr: LN:-1,QK:0,QK:1,Softmax:0,Softmax:1,SV:0,SV:1,Add:-1,LN:-1,SwiGLU:0,SwiGLU:1,Add:-1
[gpu-debug] cfg: device=cuda dtype=torch.bfloat16 dim=4096 ffn_dim=11008 n_heads=32 shards=2
[gpu-debug] op plan (with inferred tensor shapes):
  - op#00  op=LN       shard=-1  x=[1x4096] + w=[4096]  ->  y=[1x4096]  (T=1, K=2206)
  - op#01  op=QK       shard=0   q=[16x1x128] + k=[16x128x2206]  ->  y=[16x1x2206]  (T=1, K=2206)
  - op#02  op=QK       shard=1   q=[16x1x128] + k=[16x128x2206]  ->  y=[16x1x2206]  (T=1, K=2206)
  - op#03  op=Softmax  shard=0   scores=[16x1x2206]  ->  y=[16x1x2206]  (T=1, K=2206)
  - op#04  op=Softmax  shard=1   scores=[16x1x2206]  ->  y=[16x1x2206]  (T=1, K=2206)
  - op#05  op=SV       shard=0   p=[16x1x2206] + v=[16x2206x128]  ->  y=[16x1x128]  (T=1, K=2206)
  - op#06  op=SV       shard=1   p=[16x1x2206] + v=[16x2206x128]  ->  y=[16x1x128]  (T=1, K=2206)
  - op#07  op=Add      shard=-1  a=[1x4096] + b=[1x4096]  ->  y=[1x4096]  (T=1, K=2206)
  - op#08  op=LN       shard=-1  x=[1x4096] + w=[4096]  ->  y=[1x4096]  (T=1, K=2206)
  - op#09  op=SwiGLU   shard=0   a=[1x5504] + b=[1x5504]  ->  y=[1x5504]  (T=1, K=2206)
  - op#10  op=SwiGLU   shard=1   a=[1x5504] + b=[1x5504]  ->  y=[1x5504]  (T=1, K=2206)
  - op#11  op=Add      shard=-1  a=[1x4096] + b=[1x4096]  ->  y=[1x4096]  (T=1, K=2206)
[gpu-debug] per-op timing breakdown (avg over iters):
  idx  op       sh  io                                                    time   est_flops    TFLOPs       bytes      GB/s
  ------------------------------------------------------------------------------------------------------------------------
    0  LN       -1  x[1x4096]+w[4096]->y[1x4096]                        0.063ms    20.480 K      0.00   24.00 KiB      0.39
    1  QK        0  q[16x1x128]+k[16x128x2206]->y[16x1x2206]            0.052ms     9.036 M      0.17    8.69 MiB    174.11
    2  QK        1  q[16x1x128]+k[16x128x2206]->y[16x1x2206]            0.042ms     9.036 M      0.21    8.69 MiB    215.95
    3  Softmax   0  scores[16x1x2206]->y[16x1x2206]                     0.018ms   176.480 K      0.01  137.88 KiB      7.75
    4  Softmax   1  scores[16x1x2206]->y[16x1x2206]                     0.015ms   176.480 K      0.01  137.88 KiB      9.64
    5  SV        0  p[16x1x2206]+v[16x2206x128]->y[16x1x128]            0.032ms     9.036 M      0.28    8.69 MiB    281.55
    6  SV        1  p[16x1x2206]+v[16x2206x128]->y[16x1x128]            0.029ms     9.036 M      0.31    8.69 MiB    314.38
    7  Add      -1  a[1x4096]+b[1x4096]->y[1x4096]                      0.018ms     4.096 K      0.00   24.00 KiB      1.33
    8  LN       -1  x[1x4096]+w[4096]->y[1x4096]                        0.065ms    20.480 K      0.00   24.00 KiB      0.38
    9  SwiGLU    0  a[1x5504]+b[1x5504]->y[1x5504]                      0.025ms    33.024 K      0.00   32.25 KiB      1.34
   10  SwiGLU    1  a[1x5504]+b[1x5504]->y[1x5504]                      0.022ms    33.024 K      0.00   32.25 KiB      1.49
   11  Add      -1  a[1x4096]+b[1x4096]->y[1x4096]                      0.016ms     4.096 K      0.00   24.00 KiB      1.54
[gpu-debug] segment avg latency (cuda_events): 0.259 ms
[gpu-debug] sum(per-op)               : 0.398 ms (ratio=1.536)
[gpu-debug] NOTE: sum(per-op) may differ from segment latency due to Python overhead, event/launch overhead, and allocator/cache effects.
[gpu-debug] cuda mem before warmup: alloc=936.87 MiB reserved=1.12 GiB
[gpu-debug] cuda mem after warmup : alloc=954.17 MiB reserved=1.14 GiB
[gpu-debug] cuda mem peak (this segment): max_alloc=954.30 MiB max_reserved=1.14 GiB
========================================================================================
[gpu-debug] segment_key=npu|decode|164|48322b0ab0207f84448cb08e6eac5594
[gpu-debug] sig: device_type=npu phase=decode step=164 (count_hint=32)
[gpu-debug] ops_repr: LN:-1,QK:0,QK:1,Softmax:0,Softmax:1,SV:0,SV:1,Add:-1,LN:-1,SwiGLU:0,SwiGLU:1,Add:-1
[gpu-debug] cfg: device=cuda dtype=torch.bfloat16 dim=4096 ffn_dim=11008 n_heads=32 shards=2
[gpu-debug] op plan (with inferred tensor shapes):
  - op#00  op=LN       shard=-1  x=[1x4096] + w=[4096]  ->  y=[1x4096]  (T=1, K=2218)
  - op#01  op=QK       shard=0   q=[16x1x128] + k=[16x128x2218]  ->  y=[16x1x2218]  (T=1, K=2218)
  - op#02  op=QK       shard=1   q=[16x1x128] + k=[16x128x2218]  ->  y=[16x1x2218]  (T=1, K=2218)
  - op#03  op=Softmax  shard=0   scores=[16x1x2218]  ->  y=[16x1x2218]  (T=1, K=2218)
  - op#04  op=Softmax  shard=1   scores=[16x1x2218]  ->  y=[16x1x2218]  (T=1, K=2218)
  - op#05  op=SV       shard=0   p=[16x1x2218] + v=[16x2218x128]  ->  y=[16x1x128]  (T=1, K=2218)
  - op#06  op=SV       shard=1   p=[16x1x2218] + v=[16x2218x128]  ->  y=[16x1x128]  (T=1, K=2218)
  - op#07  op=Add      shard=-1  a=[1x4096] + b=[1x4096]  ->  y=[1x4096]  (T=1, K=2218)
  - op#08  op=LN       shard=-1  x=[1x4096] + w=[4096]  ->  y=[1x4096]  (T=1, K=2218)
  - op#09  op=SwiGLU   shard=0   a=[1x5504] + b=[1x5504]  ->  y=[1x5504]  (T=1, K=2218)
  - op#10  op=SwiGLU   shard=1   a=[1x5504] + b=[1x5504]  ->  y=[1x5504]  (T=1, K=2218)
  - op#11  op=Add      shard=-1  a=[1x4096] + b=[1x4096]  ->  y=[1x4096]  (T=1, K=2218)
[gpu-debug] per-op timing breakdown (avg over iters):
  idx  op       sh  io                                                    time   est_flops    TFLOPs       bytes      GB/s
  ------------------------------------------------------------------------------------------------------------------------
    0  LN       -1  x[1x4096]+w[4096]->y[1x4096]                        0.063ms    20.480 K      0.00   24.00 KiB      0.39
    1  QK        0  q[16x1x128]+k[16x128x2218]->y[16x1x2218]            0.052ms     9.085 M      0.17    8.74 MiB    174.71
    2  QK        1  q[16x1x128]+k[16x128x2218]->y[16x1x2218]            0.042ms     9.085 M      0.22    8.74 MiB    218.18
    3  Softmax   0  scores[16x1x2218]->y[16x1x2218]                     0.018ms   177.440 K      0.01  138.62 KiB      7.92
    4  Softmax   1  scores[16x1x2218]->y[16x1x2218]                     0.015ms   177.440 K      0.01  138.62 KiB      9.63
    5  SV        0  p[16x1x2218]+v[16x2218x128]->y[16x1x128]            0.031ms     9.085 M      0.29    8.74 MiB    293.29
    6  SV        1  p[16x1x2218]+v[16x2218x128]->y[16x1x128]            0.029ms     9.085 M      0.32    8.74 MiB    319.48
    7  Add      -1  a[1x4096]+b[1x4096]->y[1x4096]                      0.018ms     4.096 K      0.00   24.00 KiB      1.36
    8  LN       -1  x[1x4096]+w[4096]->y[1x4096]                        0.065ms    20.480 K      0.00   24.00 KiB      0.38
    9  SwiGLU    0  a[1x5504]+b[1x5504]->y[1x5504]                      0.024ms    33.024 K      0.00   32.25 KiB      1.35
   10  SwiGLU    1  a[1x5504]+b[1x5504]->y[1x5504]                      0.023ms    33.024 K      0.00   32.25 KiB      1.43
   11  Add      -1  a[1x4096]+b[1x4096]->y[1x4096]                      0.017ms     4.096 K      0.00   24.00 KiB      1.47
[gpu-debug] segment avg latency (cuda_events): 0.258 ms
[gpu-debug] sum(per-op)               : 0.398 ms (ratio=1.542)
[gpu-debug] NOTE: sum(per-op) may differ from segment latency due to Python overhead, event/launch overhead, and allocator/cache effects.
[gpu-debug] cuda mem before warmup: alloc=954.17 MiB reserved=1.14 GiB
[gpu-debug] cuda mem after warmup : alloc=971.56 MiB reserved=1.16 GiB
[gpu-debug] cuda mem peak (this segment): max_alloc=971.70 MiB max_reserved=1.16 GiB
========================================================================================
[gpu-debug] segment_key=npu|decode|165|48322b0ab0207f84448cb08e6eac5594
[gpu-debug] sig: device_type=npu phase=decode step=165 (count_hint=32)
[gpu-debug] ops_repr: LN:-1,QK:0,QK:1,Softmax:0,Softmax:1,SV:0,SV:1,Add:-1,LN:-1,SwiGLU:0,SwiGLU:1,Add:-1
[gpu-debug] cfg: device=cuda dtype=torch.bfloat16 dim=4096 ffn_dim=11008 n_heads=32 shards=2
[gpu-debug] op plan (with inferred tensor shapes):
  - op#00  op=LN       shard=-1  x=[1x4096] + w=[4096]  ->  y=[1x4096]  (T=1, K=2230)
  - op#01  op=QK       shard=0   q=[16x1x128] + k=[16x128x2230]  ->  y=[16x1x2230]  (T=1, K=2230)
  - op#02  op=QK       shard=1   q=[16x1x128] + k=[16x128x2230]  ->  y=[16x1x2230]  (T=1, K=2230)
  - op#03  op=Softmax  shard=0   scores=[16x1x2230]  ->  y=[16x1x2230]  (T=1, K=2230)
  - op#04  op=Softmax  shard=1   scores=[16x1x2230]  ->  y=[16x1x2230]  (T=1, K=2230)
  - op#05  op=SV       shard=0   p=[16x1x2230] + v=[16x2230x128]  ->  y=[16x1x128]  (T=1, K=2230)
  - op#06  op=SV       shard=1   p=[16x1x2230] + v=[16x2230x128]  ->  y=[16x1x128]  (T=1, K=2230)
  - op#07  op=Add      shard=-1  a=[1x4096] + b=[1x4096]  ->  y=[1x4096]  (T=1, K=2230)
  - op#08  op=LN       shard=-1  x=[1x4096] + w=[4096]  ->  y=[1x4096]  (T=1, K=2230)
  - op#09  op=SwiGLU   shard=0   a=[1x5504] + b=[1x5504]  ->  y=[1x5504]  (T=1, K=2230)
  - op#10  op=SwiGLU   shard=1   a=[1x5504] + b=[1x5504]  ->  y=[1x5504]  (T=1, K=2230)
  - op#11  op=Add      shard=-1  a=[1x4096] + b=[1x4096]  ->  y=[1x4096]  (T=1, K=2230)
[gpu-debug] per-op timing breakdown (avg over iters):
  idx  op       sh  io                                                    time   est_flops    TFLOPs       bytes      GB/s
  ------------------------------------------------------------------------------------------------------------------------
    0  LN       -1  x[1x4096]+w[4096]->y[1x4096]                        0.063ms    20.480 K      0.00   24.00 KiB      0.39
    1  QK        0  q[16x1x128]+k[16x128x2230]->y[16x1x2230]            0.052ms     9.134 M      0.18    8.78 MiB    177.39
    2  QK        1  q[16x1x128]+k[16x128x2230]->y[16x1x2230]            0.042ms     9.134 M      0.22    8.78 MiB    219.36
    3  Softmax   0  scores[16x1x2230]->y[16x1x2230]                     0.019ms   178.400 K      0.01  139.38 KiB      7.37
    4  Softmax   1  scores[16x1x2230]->y[16x1x2230]                     0.015ms   178.400 K      0.01  139.38 KiB      9.75
    5  SV        0  p[16x1x2230]+v[16x2230x128]->y[16x1x128]            0.032ms     9.134 M      0.28    8.78 MiB    287.34
    6  SV        1  p[16x1x2230]+v[16x2230x128]->y[16x1x128]            0.028ms     9.134 M      0.32    8.78 MiB    325.86
    7  Add      -1  a[1x4096]+b[1x4096]->y[1x4096]                      0.018ms     4.096 K      0.00   24.00 KiB      1.37
    8  LN       -1  x[1x4096]+w[4096]->y[1x4096]                        0.065ms    20.480 K      0.00   24.00 KiB      0.38
    9  SwiGLU    0  a[1x5504]+b[1x5504]->y[1x5504]                      0.025ms    33.024 K      0.00   32.25 KiB      1.33
   10  SwiGLU    1  a[1x5504]+b[1x5504]->y[1x5504]                      0.022ms    33.024 K      0.00   32.25 KiB      1.52
   11  Add      -1  a[1x4096]+b[1x4096]->y[1x4096]                      0.016ms     4.096 K      0.00   24.00 KiB      1.57
[gpu-debug] segment avg latency (cuda_events): 0.258 ms
[gpu-debug] sum(per-op)               : 0.397 ms (ratio=1.541)
[gpu-debug] NOTE: sum(per-op) may differ from segment latency due to Python overhead, event/launch overhead, and allocator/cache effects.
[gpu-debug] cuda mem before warmup: alloc=971.56 MiB reserved=1.16 GiB
[gpu-debug] cuda mem after warmup : alloc=989.05 MiB reserved=1.18 GiB
[gpu-debug] cuda mem peak (this segment): max_alloc=989.19 MiB max_reserved=1.18 GiB
========================================================================================
[gpu-debug] segment_key=npu|decode|166|48322b0ab0207f84448cb08e6eac5594
[gpu-debug] sig: device_type=npu phase=decode step=166 (count_hint=32)
[gpu-debug] ops_repr: LN:-1,QK:0,QK:1,Softmax:0,Softmax:1,SV:0,SV:1,Add:-1,LN:-1,SwiGLU:0,SwiGLU:1,Add:-1
[gpu-debug] cfg: device=cuda dtype=torch.bfloat16 dim=4096 ffn_dim=11008 n_heads=32 shards=2
[gpu-debug] op plan (with inferred tensor shapes):
  - op#00  op=LN       shard=-1  x=[1x4096] + w=[4096]  ->  y=[1x4096]  (T=1, K=2242)
  - op#01  op=QK       shard=0   q=[16x1x128] + k=[16x128x2242]  ->  y=[16x1x2242]  (T=1, K=2242)
  - op#02  op=QK       shard=1   q=[16x1x128] + k=[16x128x2242]  ->  y=[16x1x2242]  (T=1, K=2242)
  - op#03  op=Softmax  shard=0   scores=[16x1x2242]  ->  y=[16x1x2242]  (T=1, K=2242)
  - op#04  op=Softmax  shard=1   scores=[16x1x2242]  ->  y=[16x1x2242]  (T=1, K=2242)
  - op#05  op=SV       shard=0   p=[16x1x2242] + v=[16x2242x128]  ->  y=[16x1x128]  (T=1, K=2242)
  - op#06  op=SV       shard=1   p=[16x1x2242] + v=[16x2242x128]  ->  y=[16x1x128]  (T=1, K=2242)
  - op#07  op=Add      shard=-1  a=[1x4096] + b=[1x4096]  ->  y=[1x4096]  (T=1, K=2242)
  - op#08  op=LN       shard=-1  x=[1x4096] + w=[4096]  ->  y=[1x4096]  (T=1, K=2242)
  - op#09  op=SwiGLU   shard=0   a=[1x5504] + b=[1x5504]  ->  y=[1x5504]  (T=1, K=2242)
  - op#10  op=SwiGLU   shard=1   a=[1x5504] + b=[1x5504]  ->  y=[1x5504]  (T=1, K=2242)
  - op#11  op=Add      shard=-1  a=[1x4096] + b=[1x4096]  ->  y=[1x4096]  (T=1, K=2242)
[gpu-debug] per-op timing breakdown (avg over iters):
  idx  op       sh  io                                                    time   est_flops    TFLOPs       bytes      GB/s
  ------------------------------------------------------------------------------------------------------------------------
    0  LN       -1  x[1x4096]+w[4096]->y[1x4096]                        0.063ms    20.480 K      0.00   24.00 KiB      0.39
    1  QK        0  q[16x1x128]+k[16x128x2242]->y[16x1x2242]            0.051ms     9.183 M      0.18    8.83 MiB    180.48
    2  QK        1  q[16x1x128]+k[16x128x2242]->y[16x1x2242]            0.042ms     9.183 M      0.22    8.83 MiB    221.08
    3  Softmax   0  scores[16x1x2242]->y[16x1x2242]                     0.018ms   179.360 K      0.01  140.12 KiB      8.15
    4  Softmax   1  scores[16x1x2242]->y[16x1x2242]                     0.016ms   179.360 K      0.01  140.12 KiB      8.76
    5  SV        0  p[16x1x2242]+v[16x2242x128]->y[16x1x128]            0.032ms     9.183 M      0.29    8.83 MiB    291.68
    6  SV        1  p[16x1x2242]+v[16x2242x128]->y[16x1x128]            0.028ms     9.183 M      0.32    8.83 MiB    326.43
    7  Add      -1  a[1x4096]+b[1x4096]->y[1x4096]                      0.018ms     4.096 K      0.00   24.00 KiB      1.35
    8  LN       -1  x[1x4096]+w[4096]->y[1x4096]                        0.065ms    20.480 K      0.00   24.00 KiB      0.38
    9  SwiGLU    0  a[1x5504]+b[1x5504]->y[1x5504]                      0.025ms    33.024 K      0.00   32.25 KiB      1.34
   10  SwiGLU    1  a[1x5504]+b[1x5504]->y[1x5504]                      0.022ms    33.024 K      0.00   32.25 KiB      1.54
   11  Add      -1  a[1x4096]+b[1x4096]->y[1x4096]                      0.016ms     4.096 K      0.00   24.00 KiB      1.57
[gpu-debug] segment avg latency (cuda_events): 0.259 ms
[gpu-debug] sum(per-op)               : 0.395 ms (ratio=1.527)
[gpu-debug] NOTE: sum(per-op) may differ from segment latency due to Python overhead, event/launch overhead, and allocator/cache effects.
[gpu-debug] cuda mem before warmup: alloc=989.05 MiB reserved=1.18 GiB
[gpu-debug] cuda mem after warmup : alloc=1006.64 MiB reserved=1.20 GiB
[gpu-debug] cuda mem peak (this segment): max_alloc=1006.78 MiB max_reserved=1.20 GiB
========================================================================================
[gpu-debug] segment_key=npu|decode|167|48322b0ab0207f84448cb08e6eac5594
[gpu-debug] sig: device_type=npu phase=decode step=167 (count_hint=32)
[gpu-debug] ops_repr: LN:-1,QK:0,QK:1,Softmax:0,Softmax:1,SV:0,SV:1,Add:-1,LN:-1,SwiGLU:0,SwiGLU:1,Add:-1
[gpu-debug] cfg: device=cuda dtype=torch.bfloat16 dim=4096 ffn_dim=11008 n_heads=32 shards=2
[gpu-debug] op plan (with inferred tensor shapes):
  - op#00  op=LN       shard=-1  x=[1x4096] + w=[4096]  ->  y=[1x4096]  (T=1, K=2254)
  - op#01  op=QK       shard=0   q=[16x1x128] + k=[16x128x2254]  ->  y=[16x1x2254]  (T=1, K=2254)
  - op#02  op=QK       shard=1   q=[16x1x128] + k=[16x128x2254]  ->  y=[16x1x2254]  (T=1, K=2254)
  - op#03  op=Softmax  shard=0   scores=[16x1x2254]  ->  y=[16x1x2254]  (T=1, K=2254)
  - op#04  op=Softmax  shard=1   scores=[16x1x2254]  ->  y=[16x1x2254]  (T=1, K=2254)
  - op#05  op=SV       shard=0   p=[16x1x2254] + v=[16x2254x128]  ->  y=[16x1x128]  (T=1, K=2254)
  - op#06  op=SV       shard=1   p=[16x1x2254] + v=[16x2254x128]  ->  y=[16x1x128]  (T=1, K=2254)
  - op#07  op=Add      shard=-1  a=[1x4096] + b=[1x4096]  ->  y=[1x4096]  (T=1, K=2254)
  - op#08  op=LN       shard=-1  x=[1x4096] + w=[4096]  ->  y=[1x4096]  (T=1, K=2254)
  - op#09  op=SwiGLU   shard=0   a=[1x5504] + b=[1x5504]  ->  y=[1x5504]  (T=1, K=2254)
  - op#10  op=SwiGLU   shard=1   a=[1x5504] + b=[1x5504]  ->  y=[1x5504]  (T=1, K=2254)
  - op#11  op=Add      shard=-1  a=[1x4096] + b=[1x4096]  ->  y=[1x4096]  (T=1, K=2254)
[gpu-debug] per-op timing breakdown (avg over iters):
  idx  op       sh  io                                                    time   est_flops    TFLOPs       bytes      GB/s
  ------------------------------------------------------------------------------------------------------------------------
    0  LN       -1  x[1x4096]+w[4096]->y[1x4096]                        0.064ms    20.480 K      0.00   24.00 KiB      0.39
    1  QK        0  q[16x1x128]+k[16x128x2254]->y[16x1x2254]            0.052ms     9.232 M      0.18    8.88 MiB    177.90
    2  QK        1  q[16x1x128]+k[16x128x2254]->y[16x1x2254]            0.042ms     9.232 M      0.22    8.88 MiB    219.58
    3  Softmax   0  scores[16x1x2254]->y[16x1x2254]                     0.018ms   180.320 K      0.01  140.88 KiB      8.00
    4  Softmax   1  scores[16x1x2254]->y[16x1x2254]                     0.015ms   180.320 K      0.01  140.88 KiB      9.65
    5  SV        0  p[16x1x2254]+v[16x2254x128]->y[16x1x128]            0.031ms     9.232 M      0.30    8.88 MiB    301.01
    6  SV        1  p[16x1x2254]+v[16x2254x128]->y[16x1x128]            0.029ms     9.232 M      0.32    8.88 MiB    321.22
    7  Add      -1  a[1x4096]+b[1x4096]->y[1x4096]                      0.018ms     4.096 K      0.00   24.00 KiB      1.35
    8  LN       -1  x[1x4096]+w[4096]->y[1x4096]                        0.065ms    20.480 K      0.00   24.00 KiB      0.38
    9  SwiGLU    0  a[1x5504]+b[1x5504]->y[1x5504]                      0.025ms    33.024 K      0.00   32.25 KiB      1.30
   10  SwiGLU    1  a[1x5504]+b[1x5504]->y[1x5504]                      0.023ms    33.024 K      0.00   32.25 KiB      1.41
   11  Add      -1  a[1x4096]+b[1x4096]->y[1x4096]                      0.017ms     4.096 K      0.00   24.00 KiB      1.43
[gpu-debug] segment avg latency (cuda_events): 0.259 ms
[gpu-debug] sum(per-op)               : 0.400 ms (ratio=1.544)
[gpu-debug] NOTE: sum(per-op) may differ from segment latency due to Python overhead, event/launch overhead, and allocator/cache effects.
[gpu-debug] cuda mem before warmup: alloc=1006.64 MiB reserved=1.20 GiB
[gpu-debug] cuda mem after warmup : alloc=1.00 GiB reserved=1.22 GiB
[gpu-debug] cuda mem peak (this segment): max_alloc=1.00 GiB max_reserved=1.22 GiB
========================================================================================
[gpu-debug] segment_key=npu|decode|168|48322b0ab0207f84448cb08e6eac5594
[gpu-debug] sig: device_type=npu phase=decode step=168 (count_hint=32)
[gpu-debug] ops_repr: LN:-1,QK:0,QK:1,Softmax:0,Softmax:1,SV:0,SV:1,Add:-1,LN:-1,SwiGLU:0,SwiGLU:1,Add:-1
[gpu-debug] cfg: device=cuda dtype=torch.bfloat16 dim=4096 ffn_dim=11008 n_heads=32 shards=2
[gpu-debug] op plan (with inferred tensor shapes):
  - op#00  op=LN       shard=-1  x=[1x4096] + w=[4096]  ->  y=[1x4096]  (T=1, K=2266)
  - op#01  op=QK       shard=0   q=[16x1x128] + k=[16x128x2266]  ->  y=[16x1x2266]  (T=1, K=2266)
  - op#02  op=QK       shard=1   q=[16x1x128] + k=[16x128x2266]  ->  y=[16x1x2266]  (T=1, K=2266)
  - op#03  op=Softmax  shard=0   scores=[16x1x2266]  ->  y=[16x1x2266]  (T=1, K=2266)
  - op#04  op=Softmax  shard=1   scores=[16x1x2266]  ->  y=[16x1x2266]  (T=1, K=2266)
  - op#05  op=SV       shard=0   p=[16x1x2266] + v=[16x2266x128]  ->  y=[16x1x128]  (T=1, K=2266)
  - op#06  op=SV       shard=1   p=[16x1x2266] + v=[16x2266x128]  ->  y=[16x1x128]  (T=1, K=2266)
  - op#07  op=Add      shard=-1  a=[1x4096] + b=[1x4096]  ->  y=[1x4096]  (T=1, K=2266)
  - op#08  op=LN       shard=-1  x=[1x4096] + w=[4096]  ->  y=[1x4096]  (T=1, K=2266)
  - op#09  op=SwiGLU   shard=0   a=[1x5504] + b=[1x5504]  ->  y=[1x5504]  (T=1, K=2266)
  - op#10  op=SwiGLU   shard=1   a=[1x5504] + b=[1x5504]  ->  y=[1x5504]  (T=1, K=2266)
  - op#11  op=Add      shard=-1  a=[1x4096] + b=[1x4096]  ->  y=[1x4096]  (T=1, K=2266)
[gpu-debug] per-op timing breakdown (avg over iters):
  idx  op       sh  io                                                    time   est_flops    TFLOPs       bytes      GB/s
  ------------------------------------------------------------------------------------------------------------------------
    0  LN       -1  x[1x4096]+w[4096]->y[1x4096]                        0.063ms    20.480 K      0.00   24.00 KiB      0.39
    1  QK        0  q[16x1x128]+k[16x128x2266]->y[16x1x2266]            0.052ms     9.282 M      0.18    8.92 MiB    181.69
    2  QK        1  q[16x1x128]+k[16x128x2266]->y[16x1x2266]            0.045ms     9.282 M      0.20    8.92 MiB    205.83
    3  Softmax   0  scores[16x1x2266]->y[16x1x2266]                     0.018ms   181.280 K      0.01  141.62 KiB      8.23
    4  Softmax   1  scores[16x1x2266]->y[16x1x2266]                     0.015ms   181.280 K      0.01  141.62 KiB      9.90
    5  SV        0  p[16x1x2266]+v[16x2266x128]->y[16x1x128]            0.031ms     9.282 M      0.30    8.92 MiB    301.61
    6  SV        1  p[16x1x2266]+v[16x2266x128]->y[16x1x128]            0.029ms     9.282 M      0.32    8.92 MiB    326.39
    7  Add      -1  a[1x4096]+b[1x4096]->y[1x4096]                      0.018ms     4.096 K      0.00   24.00 KiB      1.36
    8  LN       -1  x[1x4096]+w[4096]->y[1x4096]                        0.065ms    20.480 K      0.00   24.00 KiB      0.38
    9  SwiGLU    0  a[1x5504]+b[1x5504]->y[1x5504]                      0.025ms    33.024 K      0.00   32.25 KiB      1.34
   10  SwiGLU    1  a[1x5504]+b[1x5504]->y[1x5504]                      0.021ms    33.024 K      0.00   32.25 KiB      1.55
   11  Add      -1  a[1x4096]+b[1x4096]->y[1x4096]                      0.016ms     4.096 K      0.00   24.00 KiB      1.57
[gpu-debug] segment avg latency (cuda_events): 0.259 ms
[gpu-debug] sum(per-op)               : 0.396 ms (ratio=1.532)
[gpu-debug] NOTE: sum(per-op) may differ from segment latency due to Python overhead, event/launch overhead, and allocator/cache effects.
[gpu-debug] cuda mem before warmup: alloc=1.00 GiB reserved=1.22 GiB
[gpu-debug] cuda mem after warmup : alloc=1.02 GiB reserved=1.24 GiB
[gpu-debug] cuda mem peak (this segment): max_alloc=1.02 GiB max_reserved=1.24 GiB
========================================================================================
[gpu-debug] segment_key=npu|decode|169|48322b0ab0207f84448cb08e6eac5594
[gpu-debug] sig: device_type=npu phase=decode step=169 (count_hint=32)
[gpu-debug] ops_repr: LN:-1,QK:0,QK:1,Softmax:0,Softmax:1,SV:0,SV:1,Add:-1,LN:-1,SwiGLU:0,SwiGLU:1,Add:-1
[gpu-debug] cfg: device=cuda dtype=torch.bfloat16 dim=4096 ffn_dim=11008 n_heads=32 shards=2
[gpu-debug] op plan (with inferred tensor shapes):
  - op#00  op=LN       shard=-1  x=[1x4096] + w=[4096]  ->  y=[1x4096]  (T=1, K=2278)
  - op#01  op=QK       shard=0   q=[16x1x128] + k=[16x128x2278]  ->  y=[16x1x2278]  (T=1, K=2278)
  - op#02  op=QK       shard=1   q=[16x1x128] + k=[16x128x2278]  ->  y=[16x1x2278]  (T=1, K=2278)
  - op#03  op=Softmax  shard=0   scores=[16x1x2278]  ->  y=[16x1x2278]  (T=1, K=2278)
  - op#04  op=Softmax  shard=1   scores=[16x1x2278]  ->  y=[16x1x2278]  (T=1, K=2278)
  - op#05  op=SV       shard=0   p=[16x1x2278] + v=[16x2278x128]  ->  y=[16x1x128]  (T=1, K=2278)
  - op#06  op=SV       shard=1   p=[16x1x2278] + v=[16x2278x128]  ->  y=[16x1x128]  (T=1, K=2278)
  - op#07  op=Add      shard=-1  a=[1x4096] + b=[1x4096]  ->  y=[1x4096]  (T=1, K=2278)
  - op#08  op=LN       shard=-1  x=[1x4096] + w=[4096]  ->  y=[1x4096]  (T=1, K=2278)
  - op#09  op=SwiGLU   shard=0   a=[1x5504] + b=[1x5504]  ->  y=[1x5504]  (T=1, K=2278)
  - op#10  op=SwiGLU   shard=1   a=[1x5504] + b=[1x5504]  ->  y=[1x5504]  (T=1, K=2278)
  - op#11  op=Add      shard=-1  a=[1x4096] + b=[1x4096]  ->  y=[1x4096]  (T=1, K=2278)
[gpu-debug] per-op timing breakdown (avg over iters):
  idx  op       sh  io                                                    time   est_flops    TFLOPs       bytes      GB/s
  ------------------------------------------------------------------------------------------------------------------------
    0  LN       -1  x[1x4096]+w[4096]->y[1x4096]                        0.063ms    20.480 K      0.00   24.00 KiB      0.39
    1  QK        0  q[16x1x128]+k[16x128x2278]->y[16x1x2278]            0.052ms     9.331 M      0.18    8.97 MiB    179.44
    2  QK        1  q[16x1x128]+k[16x128x2278]->y[16x1x2278]            0.042ms     9.331 M      0.22    8.97 MiB    224.08
    3  Softmax   0  scores[16x1x2278]->y[16x1x2278]                     0.018ms   182.240 K      0.01  142.38 KiB      8.14
    4  Softmax   1  scores[16x1x2278]->y[16x1x2278]                     0.015ms   182.240 K      0.01  142.38 KiB      9.96
    5  SV        0  p[16x1x2278]+v[16x2278x128]->y[16x1x128]            0.031ms     9.331 M      0.30    8.97 MiB    299.26
    6  SV        1  p[16x1x2278]+v[16x2278x128]->y[16x1x128]            0.029ms     9.331 M      0.32    8.97 MiB    319.00
    7  Add      -1  a[1x4096]+b[1x4096]->y[1x4096]                      0.019ms     4.096 K      0.00   24.00 KiB      1.33
    8  LN       -1  x[1x4096]+w[4096]->y[1x4096]                        0.064ms    20.480 K      0.00   24.00 KiB      0.38
    9  SwiGLU    0  a[1x5504]+b[1x5504]->y[1x5504]                      0.025ms    33.024 K      0.00   32.25 KiB      1.33
   10  SwiGLU    1  a[1x5504]+b[1x5504]->y[1x5504]                      0.024ms    33.024 K      0.00   32.25 KiB      1.40
   11  Add      -1  a[1x4096]+b[1x4096]->y[1x4096]                      0.016ms     4.096 K      0.00   24.00 KiB      1.58
[gpu-debug] segment avg latency (cuda_events): 0.259 ms
[gpu-debug] sum(per-op)               : 0.398 ms (ratio=1.538)
[gpu-debug] NOTE: sum(per-op) may differ from segment latency due to Python overhead, event/launch overhead, and allocator/cache effects.
[gpu-debug] cuda mem before warmup: alloc=1.02 GiB reserved=1.24 GiB
[gpu-debug] cuda mem after warmup : alloc=1.04 GiB reserved=1.26 GiB
[gpu-debug] cuda mem peak (this segment): max_alloc=1.04 GiB max_reserved=1.26 GiB
========================================================================================
[gpu-debug] segment_key=npu|decode|16|48322b0ab0207f84448cb08e6eac5594
[gpu-debug] sig: device_type=npu phase=decode step=16 (count_hint=32)
[gpu-debug] ops_repr: LN:-1,QK:0,QK:1,Softmax:0,Softmax:1,SV:0,SV:1,Add:-1,LN:-1,SwiGLU:0,SwiGLU:1,Add:-1
[gpu-debug] cfg: device=cuda dtype=torch.bfloat16 dim=4096 ffn_dim=11008 n_heads=32 shards=2
[gpu-debug] op plan (with inferred tensor shapes):
  - op#00  op=LN       shard=-1  x=[1x4096] + w=[4096]  ->  y=[1x4096]  (T=1, K=442)
  - op#01  op=QK       shard=0   q=[16x1x128] + k=[16x128x442]  ->  y=[16x1x442]  (T=1, K=442)
  - op#02  op=QK       shard=1   q=[16x1x128] + k=[16x128x442]  ->  y=[16x1x442]  (T=1, K=442)
  - op#03  op=Softmax  shard=0   scores=[16x1x442]  ->  y=[16x1x442]  (T=1, K=442)
  - op#04  op=Softmax  shard=1   scores=[16x1x442]  ->  y=[16x1x442]  (T=1, K=442)
  - op#05  op=SV       shard=0   p=[16x1x442] + v=[16x442x128]  ->  y=[16x1x128]  (T=1, K=442)
  - op#06  op=SV       shard=1   p=[16x1x442] + v=[16x442x128]  ->  y=[16x1x128]  (T=1, K=442)
  - op#07  op=Add      shard=-1  a=[1x4096] + b=[1x4096]  ->  y=[1x4096]  (T=1, K=442)
  - op#08  op=LN       shard=-1  x=[1x4096] + w=[4096]  ->  y=[1x4096]  (T=1, K=442)
  - op#09  op=SwiGLU   shard=0   a=[1x5504] + b=[1x5504]  ->  y=[1x5504]  (T=1, K=442)
  - op#10  op=SwiGLU   shard=1   a=[1x5504] + b=[1x5504]  ->  y=[1x5504]  (T=1, K=442)
  - op#11  op=Add      shard=-1  a=[1x4096] + b=[1x4096]  ->  y=[1x4096]  (T=1, K=442)
[gpu-debug] per-op timing breakdown (avg over iters):
  idx  op       sh  io                                                    time   est_flops    TFLOPs       bytes      GB/s
  ------------------------------------------------------------------------------------------------------------------------
    0  LN       -1  x[1x4096]+w[4096]->y[1x4096]                        0.063ms    20.480 K      0.00   24.00 KiB      0.39
    1  QK        0  q[16x1x128]+k[16x128x442]->y[16x1x442]              0.052ms     1.810 M      0.04    1.74 MiB     35.50
    2  QK        1  q[16x1x128]+k[16x128x442]->y[16x1x442]              0.042ms     1.810 M      0.04    1.74 MiB     43.77
    3  Softmax   0  scores[16x1x442]->y[16x1x442]                       0.018ms    35.360 K      0.00   27.62 KiB      1.56
    4  Softmax   1  scores[16x1x442]->y[16x1x442]                       0.015ms    35.360 K      0.00   27.62 KiB      1.95
    5  SV        0  p[16x1x442]+v[16x442x128]->y[16x1x128]              0.030ms     1.810 M      0.06    1.74 MiB     61.58
    6  SV        1  p[16x1x442]+v[16x442x128]->y[16x1x128]              0.029ms     1.810 M      0.06    1.74 MiB     63.10
    7  Add      -1  a[1x4096]+b[1x4096]->y[1x4096]                      0.018ms     4.096 K      0.00   24.00 KiB      1.36
    8  LN       -1  x[1x4096]+w[4096]->y[1x4096]                        0.065ms    20.480 K      0.00   24.00 KiB      0.38
    9  SwiGLU    0  a[1x5504]+b[1x5504]->y[1x5504]                      0.025ms    33.024 K      0.00   32.25 KiB      1.34
   10  SwiGLU    1  a[1x5504]+b[1x5504]->y[1x5504]                      0.022ms    33.024 K      0.00   32.25 KiB      1.53
   11  Add      -1  a[1x4096]+b[1x4096]->y[1x4096]                      0.016ms     4.096 K      0.00   24.00 KiB      1.58
[gpu-debug] segment avg latency (cuda_events): 0.258 ms
[gpu-debug] sum(per-op)               : 0.392 ms (ratio=1.519)
[gpu-debug] NOTE: sum(per-op) may differ from segment latency due to Python overhead, event/launch overhead, and allocator/cache effects.
[gpu-debug] cuda mem before warmup: alloc=1.04 GiB reserved=1.26 GiB
[gpu-debug] cuda mem after warmup : alloc=1.04 GiB reserved=1.26 GiB
[gpu-debug] cuda mem peak (this segment): max_alloc=1.04 GiB max_reserved=1.26 GiB
========================================================================================
[gpu-debug] segment_key=npu|decode|170|48322b0ab0207f84448cb08e6eac5594
[gpu-debug] sig: device_type=npu phase=decode step=170 (count_hint=32)
[gpu-debug] ops_repr: LN:-1,QK:0,QK:1,Softmax:0,Softmax:1,SV:0,SV:1,Add:-1,LN:-1,SwiGLU:0,SwiGLU:1,Add:-1
[gpu-debug] cfg: device=cuda dtype=torch.bfloat16 dim=4096 ffn_dim=11008 n_heads=32 shards=2
[gpu-debug] op plan (with inferred tensor shapes):
  - op#00  op=LN       shard=-1  x=[1x4096] + w=[4096]  ->  y=[1x4096]  (T=1, K=2290)
  - op#01  op=QK       shard=0   q=[16x1x128] + k=[16x128x2290]  ->  y=[16x1x2290]  (T=1, K=2290)
  - op#02  op=QK       shard=1   q=[16x1x128] + k=[16x128x2290]  ->  y=[16x1x2290]  (T=1, K=2290)
  - op#03  op=Softmax  shard=0   scores=[16x1x2290]  ->  y=[16x1x2290]  (T=1, K=2290)
  - op#04  op=Softmax  shard=1   scores=[16x1x2290]  ->  y=[16x1x2290]  (T=1, K=2290)
  - op#05  op=SV       shard=0   p=[16x1x2290] + v=[16x2290x128]  ->  y=[16x1x128]  (T=1, K=2290)
  - op#06  op=SV       shard=1   p=[16x1x2290] + v=[16x2290x128]  ->  y=[16x1x128]  (T=1, K=2290)
  - op#07  op=Add      shard=-1  a=[1x4096] + b=[1x4096]  ->  y=[1x4096]  (T=1, K=2290)
  - op#08  op=LN       shard=-1  x=[1x4096] + w=[4096]  ->  y=[1x4096]  (T=1, K=2290)
  - op#09  op=SwiGLU   shard=0   a=[1x5504] + b=[1x5504]  ->  y=[1x5504]  (T=1, K=2290)
  - op#10  op=SwiGLU   shard=1   a=[1x5504] + b=[1x5504]  ->  y=[1x5504]  (T=1, K=2290)
  - op#11  op=Add      shard=-1  a=[1x4096] + b=[1x4096]  ->  y=[1x4096]  (T=1, K=2290)
[gpu-debug] per-op timing breakdown (avg over iters):
  idx  op       sh  io                                                    time   est_flops    TFLOPs       bytes      GB/s
  ------------------------------------------------------------------------------------------------------------------------
    0  LN       -1  x[1x4096]+w[4096]->y[1x4096]                        0.066ms    20.480 K      0.00   24.00 KiB      0.37
    1  QK        0  q[16x1x128]+k[16x128x2290]->y[16x1x2290]            0.052ms     9.380 M      0.18    9.02 MiB    183.25
    2  QK        1  q[16x1x128]+k[16x128x2290]->y[16x1x2290]            0.042ms     9.380 M      0.22    9.02 MiB    223.62
    3  Softmax   0  scores[16x1x2290]->y[16x1x2290]                     0.018ms   183.200 K      0.01  143.12 KiB      8.13
    4  Softmax   1  scores[16x1x2290]->y[16x1x2290]                     0.014ms   183.200 K      0.01  143.12 KiB     10.15
    5  SV        0  p[16x1x2290]+v[16x2290x128]->y[16x1x128]            0.031ms     9.380 M      0.30    9.02 MiB    300.83
    6  SV        1  p[16x1x2290]+v[16x2290x128]->y[16x1x128]            0.029ms     9.380 M      0.32    9.02 MiB    322.92
    7  Add      -1  a[1x4096]+b[1x4096]->y[1x4096]                      0.018ms     4.096 K      0.00   24.00 KiB      1.37
    8  LN       -1  x[1x4096]+w[4096]->y[1x4096]                        0.065ms    20.480 K      0.00   24.00 KiB      0.38
    9  SwiGLU    0  a[1x5504]+b[1x5504]->y[1x5504]                      0.025ms    33.024 K      0.00   32.25 KiB      1.33
   10  SwiGLU    1  a[1x5504]+b[1x5504]->y[1x5504]                      0.022ms    33.024 K      0.00   32.25 KiB      1.53
   11  Add      -1  a[1x4096]+b[1x4096]->y[1x4096]                      0.016ms     4.096 K      0.00   24.00 KiB      1.56
[gpu-debug] segment avg latency (cuda_events): 0.259 ms
[gpu-debug] sum(per-op)               : 0.398 ms (ratio=1.537)
[gpu-debug] NOTE: sum(per-op) may differ from segment latency due to Python overhead, event/launch overhead, and allocator/cache effects.
[gpu-debug] cuda mem before warmup: alloc=1.04 GiB reserved=1.26 GiB
[gpu-debug] cuda mem after warmup : alloc=1.06 GiB reserved=1.28 GiB
[gpu-debug] cuda mem peak (this segment): max_alloc=1.06 GiB max_reserved=1.28 GiB
========================================================================================
[gpu-debug] segment_key=npu|decode|171|48322b0ab0207f84448cb08e6eac5594
[gpu-debug] sig: device_type=npu phase=decode step=171 (count_hint=32)
[gpu-debug] ops_repr: LN:-1,QK:0,QK:1,Softmax:0,Softmax:1,SV:0,SV:1,Add:-1,LN:-1,SwiGLU:0,SwiGLU:1,Add:-1
[gpu-debug] cfg: device=cuda dtype=torch.bfloat16 dim=4096 ffn_dim=11008 n_heads=32 shards=2
[gpu-debug] op plan (with inferred tensor shapes):
  - op#00  op=LN       shard=-1  x=[1x4096] + w=[4096]  ->  y=[1x4096]  (T=1, K=2302)
  - op#01  op=QK       shard=0   q=[16x1x128] + k=[16x128x2302]  ->  y=[16x1x2302]  (T=1, K=2302)
  - op#02  op=QK       shard=1   q=[16x1x128] + k=[16x128x2302]  ->  y=[16x1x2302]  (T=1, K=2302)
  - op#03  op=Softmax  shard=0   scores=[16x1x2302]  ->  y=[16x1x2302]  (T=1, K=2302)
  - op#04  op=Softmax  shard=1   scores=[16x1x2302]  ->  y=[16x1x2302]  (T=1, K=2302)
  - op#05  op=SV       shard=0   p=[16x1x2302] + v=[16x2302x128]  ->  y=[16x1x128]  (T=1, K=2302)
  - op#06  op=SV       shard=1   p=[16x1x2302] + v=[16x2302x128]  ->  y=[16x1x128]  (T=1, K=2302)
  - op#07  op=Add      shard=-1  a=[1x4096] + b=[1x4096]  ->  y=[1x4096]  (T=1, K=2302)
  - op#08  op=LN       shard=-1  x=[1x4096] + w=[4096]  ->  y=[1x4096]  (T=1, K=2302)
  - op#09  op=SwiGLU   shard=0   a=[1x5504] + b=[1x5504]  ->  y=[1x5504]  (T=1, K=2302)
  - op#10  op=SwiGLU   shard=1   a=[1x5504] + b=[1x5504]  ->  y=[1x5504]  (T=1, K=2302)
  - op#11  op=Add      shard=-1  a=[1x4096] + b=[1x4096]  ->  y=[1x4096]  (T=1, K=2302)
[gpu-debug] per-op timing breakdown (avg over iters):
  idx  op       sh  io                                                    time   est_flops    TFLOPs       bytes      GB/s
  ------------------------------------------------------------------------------------------------------------------------
    0  LN       -1  x[1x4096]+w[4096]->y[1x4096]                        0.063ms    20.480 K      0.00   24.00 KiB      0.39
    1  QK        0  q[16x1x128]+k[16x128x2302]->y[16x1x2302]            0.051ms     9.429 M      0.18    9.07 MiB    184.94
    2  QK        1  q[16x1x128]+k[16x128x2302]->y[16x1x2302]            0.043ms     9.429 M      0.22    9.07 MiB    222.10
    3  Softmax   0  scores[16x1x2302]->y[16x1x2302]                     0.018ms   184.160 K      0.01  143.88 KiB      8.36
    4  Softmax   1  scores[16x1x2302]->y[16x1x2302]                     0.014ms   184.160 K      0.01  143.88 KiB     10.28
    5  SV        0  p[16x1x2302]+v[16x2302x128]->y[16x1x128]            0.032ms     9.429 M      0.30    9.07 MiB    301.43
    6  SV        1  p[16x1x2302]+v[16x2302x128]->y[16x1x128]            0.028ms     9.429 M      0.33    9.07 MiB    337.60
    7  Add      -1  a[1x4096]+b[1x4096]->y[1x4096]                      0.018ms     4.096 K      0.00   24.00 KiB      1.36
    8  LN       -1  x[1x4096]+w[4096]->y[1x4096]                        0.065ms    20.480 K      0.00   24.00 KiB      0.38
    9  SwiGLU    0  a[1x5504]+b[1x5504]->y[1x5504]                      0.024ms    33.024 K      0.00   32.25 KiB      1.35
   10  SwiGLU    1  a[1x5504]+b[1x5504]->y[1x5504]                      0.022ms    33.024 K      0.00   32.25 KiB      1.54
   11  Add      -1  a[1x4096]+b[1x4096]->y[1x4096]                      0.016ms     4.096 K      0.00   24.00 KiB      1.53
[gpu-debug] segment avg latency (cuda_events): 0.258 ms
[gpu-debug] sum(per-op)               : 0.394 ms (ratio=1.527)
[gpu-debug] NOTE: sum(per-op) may differ from segment latency due to Python overhead, event/launch overhead, and allocator/cache effects.
[gpu-debug] cuda mem before warmup: alloc=1.06 GiB reserved=1.28 GiB
[gpu-debug] cuda mem after warmup : alloc=1.07 GiB reserved=1.29 GiB
[gpu-debug] cuda mem peak (this segment): max_alloc=1.07 GiB max_reserved=1.29 GiB
  progress 80/202
========================================================================================
[gpu-debug] segment_key=npu|decode|172|48322b0ab0207f84448cb08e6eac5594
[gpu-debug] sig: device_type=npu phase=decode step=172 (count_hint=32)
[gpu-debug] ops_repr: LN:-1,QK:0,QK:1,Softmax:0,Softmax:1,SV:0,SV:1,Add:-1,LN:-1,SwiGLU:0,SwiGLU:1,Add:-1
[gpu-debug] cfg: device=cuda dtype=torch.bfloat16 dim=4096 ffn_dim=11008 n_heads=32 shards=2
[gpu-debug] op plan (with inferred tensor shapes):
  - op#00  op=LN       shard=-1  x=[1x4096] + w=[4096]  ->  y=[1x4096]  (T=1, K=2314)
  - op#01  op=QK       shard=0   q=[16x1x128] + k=[16x128x2314]  ->  y=[16x1x2314]  (T=1, K=2314)
  - op#02  op=QK       shard=1   q=[16x1x128] + k=[16x128x2314]  ->  y=[16x1x2314]  (T=1, K=2314)
  - op#03  op=Softmax  shard=0   scores=[16x1x2314]  ->  y=[16x1x2314]  (T=1, K=2314)
  - op#04  op=Softmax  shard=1   scores=[16x1x2314]  ->  y=[16x1x2314]  (T=1, K=2314)
  - op#05  op=SV       shard=0   p=[16x1x2314] + v=[16x2314x128]  ->  y=[16x1x128]  (T=1, K=2314)
  - op#06  op=SV       shard=1   p=[16x1x2314] + v=[16x2314x128]  ->  y=[16x1x128]  (T=1, K=2314)
  - op#07  op=Add      shard=-1  a=[1x4096] + b=[1x4096]  ->  y=[1x4096]  (T=1, K=2314)
  - op#08  op=LN       shard=-1  x=[1x4096] + w=[4096]  ->  y=[1x4096]  (T=1, K=2314)
  - op#09  op=SwiGLU   shard=0   a=[1x5504] + b=[1x5504]  ->  y=[1x5504]  (T=1, K=2314)
  - op#10  op=SwiGLU   shard=1   a=[1x5504] + b=[1x5504]  ->  y=[1x5504]  (T=1, K=2314)
  - op#11  op=Add      shard=-1  a=[1x4096] + b=[1x4096]  ->  y=[1x4096]  (T=1, K=2314)
[gpu-debug] per-op timing breakdown (avg over iters):
  idx  op       sh  io                                                    time   est_flops    TFLOPs       bytes      GB/s
  ------------------------------------------------------------------------------------------------------------------------
    0  LN       -1  x[1x4096]+w[4096]->y[1x4096]                        0.063ms    20.480 K      0.00   24.00 KiB      0.39
    1  QK        0  q[16x1x128]+k[16x128x2314]->y[16x1x2314]            0.052ms     9.478 M      0.18    9.11 MiB    183.71
    2  QK        1  q[16x1x128]+k[16x128x2314]->y[16x1x2314]            0.042ms     9.478 M      0.22    9.11 MiB    226.51
    3  Softmax   0  scores[16x1x2314]->y[16x1x2314]                     0.018ms   185.120 K      0.01  144.62 KiB      8.17
    4  Softmax   1  scores[16x1x2314]->y[16x1x2314]                     0.015ms   185.120 K      0.01  144.62 KiB     10.11
    5  SV        0  p[16x1x2314]+v[16x2314x128]->y[16x1x128]            0.030ms     9.478 M      0.31    9.11 MiB    314.22
    6  SV        1  p[16x1x2314]+v[16x2314x128]->y[16x1x128]            0.028ms     9.478 M      0.34    9.11 MiB    340.60
    7  Add      -1  a[1x4096]+b[1x4096]->y[1x4096]                      0.018ms     4.096 K      0.00   24.00 KiB      1.35
    8  LN       -1  x[1x4096]+w[4096]->y[1x4096]                        0.068ms    20.480 K      0.00   24.00 KiB      0.36
    9  SwiGLU    0  a[1x5504]+b[1x5504]->y[1x5504]                      0.025ms    33.024 K      0.00   32.25 KiB      1.33
   10  SwiGLU    1  a[1x5504]+b[1x5504]->y[1x5504]                      0.022ms    33.024 K      0.00   32.25 KiB      1.52
   11  Add      -1  a[1x4096]+b[1x4096]->y[1x4096]                      0.016ms     4.096 K      0.00   24.00 KiB      1.53
[gpu-debug] segment avg latency (cuda_events): 0.259 ms
[gpu-debug] sum(per-op)               : 0.398 ms (ratio=1.536)
[gpu-debug] NOTE: sum(per-op) may differ from segment latency due to Python overhead, event/launch overhead, and allocator/cache effects.
[gpu-debug] cuda mem before warmup: alloc=1.07 GiB reserved=1.29 GiB
[gpu-debug] cuda mem after warmup : alloc=1.09 GiB reserved=1.31 GiB
[gpu-debug] cuda mem peak (this segment): max_alloc=1.09 GiB max_reserved=1.31 GiB
========================================================================================
[gpu-debug] segment_key=npu|decode|173|48322b0ab0207f84448cb08e6eac5594
[gpu-debug] sig: device_type=npu phase=decode step=173 (count_hint=32)
[gpu-debug] ops_repr: LN:-1,QK:0,QK:1,Softmax:0,Softmax:1,SV:0,SV:1,Add:-1,LN:-1,SwiGLU:0,SwiGLU:1,Add:-1
[gpu-debug] cfg: device=cuda dtype=torch.bfloat16 dim=4096 ffn_dim=11008 n_heads=32 shards=2
[gpu-debug] op plan (with inferred tensor shapes):
  - op#00  op=LN       shard=-1  x=[1x4096] + w=[4096]  ->  y=[1x4096]  (T=1, K=2326)
  - op#01  op=QK       shard=0   q=[16x1x128] + k=[16x128x2326]  ->  y=[16x1x2326]  (T=1, K=2326)
  - op#02  op=QK       shard=1   q=[16x1x128] + k=[16x128x2326]  ->  y=[16x1x2326]  (T=1, K=2326)
  - op#03  op=Softmax  shard=0   scores=[16x1x2326]  ->  y=[16x1x2326]  (T=1, K=2326)
  - op#04  op=Softmax  shard=1   scores=[16x1x2326]  ->  y=[16x1x2326]  (T=1, K=2326)
  - op#05  op=SV       shard=0   p=[16x1x2326] + v=[16x2326x128]  ->  y=[16x1x128]  (T=1, K=2326)
  - op#06  op=SV       shard=1   p=[16x1x2326] + v=[16x2326x128]  ->  y=[16x1x128]  (T=1, K=2326)
  - op#07  op=Add      shard=-1  a=[1x4096] + b=[1x4096]  ->  y=[1x4096]  (T=1, K=2326)
  - op#08  op=LN       shard=-1  x=[1x4096] + w=[4096]  ->  y=[1x4096]  (T=1, K=2326)
  - op#09  op=SwiGLU   shard=0   a=[1x5504] + b=[1x5504]  ->  y=[1x5504]  (T=1, K=2326)
  - op#10  op=SwiGLU   shard=1   a=[1x5504] + b=[1x5504]  ->  y=[1x5504]  (T=1, K=2326)
  - op#11  op=Add      shard=-1  a=[1x4096] + b=[1x4096]  ->  y=[1x4096]  (T=1, K=2326)
[gpu-debug] per-op timing breakdown (avg over iters):
  idx  op       sh  io                                                    time   est_flops    TFLOPs       bytes      GB/s
  ------------------------------------------------------------------------------------------------------------------------
    0  LN       -1  x[1x4096]+w[4096]->y[1x4096]                        0.065ms    20.480 K      0.00   24.00 KiB      0.38
    1  QK        0  q[16x1x128]+k[16x128x2326]->y[16x1x2326]            0.053ms     9.527 M      0.18    9.16 MiB    180.40
    2  QK        1  q[16x1x128]+k[16x128x2326]->y[16x1x2326]            0.043ms     9.527 M      0.22    9.16 MiB    224.96
    3  Softmax   0  scores[16x1x2326]->y[16x1x2326]                     0.018ms   186.080 K      0.01  145.38 KiB      8.31
    4  Softmax   1  scores[16x1x2326]->y[16x1x2326]                     0.015ms   186.080 K      0.01  145.38 KiB     10.03
    5  SV        0  p[16x1x2326]+v[16x2326x128]->y[16x1x128]            0.031ms     9.527 M      0.31    9.16 MiB    310.62
    6  SV        1  p[16x1x2326]+v[16x2326x128]->y[16x1x128]            0.028ms     9.527 M      0.34    9.16 MiB    341.12
    7  Add      -1  a[1x4096]+b[1x4096]->y[1x4096]                      0.018ms     4.096 K      0.00   24.00 KiB      1.35
    8  LN       -1  x[1x4096]+w[4096]->y[1x4096]                        0.065ms    20.480 K      0.00   24.00 KiB      0.38
    9  SwiGLU    0  a[1x5504]+b[1x5504]->y[1x5504]                      0.025ms    33.024 K      0.00   32.25 KiB      1.34
   10  SwiGLU    1  a[1x5504]+b[1x5504]->y[1x5504]                      0.022ms    33.024 K      0.00   32.25 KiB      1.54
   11  Add      -1  a[1x4096]+b[1x4096]->y[1x4096]                      0.016ms     4.096 K      0.00   24.00 KiB      1.58
[gpu-debug] segment avg latency (cuda_events): 0.259 ms
[gpu-debug] sum(per-op)               : 0.397 ms (ratio=1.533)
[gpu-debug] NOTE: sum(per-op) may differ from segment latency due to Python overhead, event/launch overhead, and allocator/cache effects.
[gpu-debug] cuda mem before warmup: alloc=1.09 GiB reserved=1.31 GiB
[gpu-debug] cuda mem after warmup : alloc=1.11 GiB reserved=1.33 GiB
[gpu-debug] cuda mem peak (this segment): max_alloc=1.11 GiB max_reserved=1.33 GiB
========================================================================================
[gpu-debug] segment_key=npu|decode|174|48322b0ab0207f84448cb08e6eac5594
[gpu-debug] sig: device_type=npu phase=decode step=174 (count_hint=32)
[gpu-debug] ops_repr: LN:-1,QK:0,QK:1,Softmax:0,Softmax:1,SV:0,SV:1,Add:-1,LN:-1,SwiGLU:0,SwiGLU:1,Add:-1
[gpu-debug] cfg: device=cuda dtype=torch.bfloat16 dim=4096 ffn_dim=11008 n_heads=32 shards=2
[gpu-debug] op plan (with inferred tensor shapes):
  - op#00  op=LN       shard=-1  x=[1x4096] + w=[4096]  ->  y=[1x4096]  (T=1, K=2338)
  - op#01  op=QK       shard=0   q=[16x1x128] + k=[16x128x2338]  ->  y=[16x1x2338]  (T=1, K=2338)
  - op#02  op=QK       shard=1   q=[16x1x128] + k=[16x128x2338]  ->  y=[16x1x2338]  (T=1, K=2338)
  - op#03  op=Softmax  shard=0   scores=[16x1x2338]  ->  y=[16x1x2338]  (T=1, K=2338)
  - op#04  op=Softmax  shard=1   scores=[16x1x2338]  ->  y=[16x1x2338]  (T=1, K=2338)
  - op#05  op=SV       shard=0   p=[16x1x2338] + v=[16x2338x128]  ->  y=[16x1x128]  (T=1, K=2338)
  - op#06  op=SV       shard=1   p=[16x1x2338] + v=[16x2338x128]  ->  y=[16x1x128]  (T=1, K=2338)
  - op#07  op=Add      shard=-1  a=[1x4096] + b=[1x4096]  ->  y=[1x4096]  (T=1, K=2338)
  - op#08  op=LN       shard=-1  x=[1x4096] + w=[4096]  ->  y=[1x4096]  (T=1, K=2338)
  - op#09  op=SwiGLU   shard=0   a=[1x5504] + b=[1x5504]  ->  y=[1x5504]  (T=1, K=2338)
  - op#10  op=SwiGLU   shard=1   a=[1x5504] + b=[1x5504]  ->  y=[1x5504]  (T=1, K=2338)
  - op#11  op=Add      shard=-1  a=[1x4096] + b=[1x4096]  ->  y=[1x4096]  (T=1, K=2338)
[gpu-debug] per-op timing breakdown (avg over iters):
  idx  op       sh  io                                                    time   est_flops    TFLOPs       bytes      GB/s
  ------------------------------------------------------------------------------------------------------------------------
    0  LN       -1  x[1x4096]+w[4096]->y[1x4096]                        0.063ms    20.480 K      0.00   24.00 KiB      0.39
    1  QK        0  q[16x1x128]+k[16x128x2338]->y[16x1x2338]            0.052ms     9.576 M      0.19    9.21 MiB    187.08
    2  QK        1  q[16x1x128]+k[16x128x2338]->y[16x1x2338]            0.042ms     9.576 M      0.23    9.21 MiB    230.54
    3  Softmax   0  scores[16x1x2338]->y[16x1x2338]                     0.018ms   187.040 K      0.01  146.12 KiB      8.26
    4  Softmax   1  scores[16x1x2338]->y[16x1x2338]                     0.014ms   187.040 K      0.01  146.12 KiB     10.51
    5  SV        0  p[16x1x2338]+v[16x2338x128]->y[16x1x128]            0.031ms     9.576 M      0.31    9.21 MiB    308.14
    6  SV        1  p[16x1x2338]+v[16x2338x128]->y[16x1x128]            0.030ms     9.576 M      0.32    9.21 MiB    319.63
    7  Add      -1  a[1x4096]+b[1x4096]->y[1x4096]                      0.019ms     4.096 K      0.00   24.00 KiB      1.32
    8  LN       -1  x[1x4096]+w[4096]->y[1x4096]                        0.065ms    20.480 K      0.00   24.00 KiB      0.38
    9  SwiGLU    0  a[1x5504]+b[1x5504]->y[1x5504]                      0.024ms    33.024 K      0.00   32.25 KiB      1.35
   10  SwiGLU    1  a[1x5504]+b[1x5504]->y[1x5504]                      0.022ms    33.024 K      0.00   32.25 KiB      1.53
   11  Add      -1  a[1x4096]+b[1x4096]->y[1x4096]                      0.016ms     4.096 K      0.00   24.00 KiB      1.52
[gpu-debug] segment avg latency (cuda_events): 0.257 ms
[gpu-debug] sum(per-op)               : 0.396 ms (ratio=1.539)
[gpu-debug] NOTE: sum(per-op) may differ from segment latency due to Python overhead, event/launch overhead, and allocator/cache effects.
[gpu-debug] cuda mem before warmup: alloc=1.11 GiB reserved=1.33 GiB
[gpu-debug] cuda mem after warmup : alloc=1.13 GiB reserved=1.35 GiB
[gpu-debug] cuda mem peak (this segment): max_alloc=1.13 GiB max_reserved=1.35 GiB
========================================================================================
[gpu-debug] segment_key=npu|decode|175|48322b0ab0207f84448cb08e6eac5594
[gpu-debug] sig: device_type=npu phase=decode step=175 (count_hint=32)
[gpu-debug] ops_repr: LN:-1,QK:0,QK:1,Softmax:0,Softmax:1,SV:0,SV:1,Add:-1,LN:-1,SwiGLU:0,SwiGLU:1,Add:-1
[gpu-debug] cfg: device=cuda dtype=torch.bfloat16 dim=4096 ffn_dim=11008 n_heads=32 shards=2
[gpu-debug] op plan (with inferred tensor shapes):
  - op#00  op=LN       shard=-1  x=[1x4096] + w=[4096]  ->  y=[1x4096]  (T=1, K=2350)
  - op#01  op=QK       shard=0   q=[16x1x128] + k=[16x128x2350]  ->  y=[16x1x2350]  (T=1, K=2350)
  - op#02  op=QK       shard=1   q=[16x1x128] + k=[16x128x2350]  ->  y=[16x1x2350]  (T=1, K=2350)
  - op#03  op=Softmax  shard=0   scores=[16x1x2350]  ->  y=[16x1x2350]  (T=1, K=2350)
  - op#04  op=Softmax  shard=1   scores=[16x1x2350]  ->  y=[16x1x2350]  (T=1, K=2350)
  - op#05  op=SV       shard=0   p=[16x1x2350] + v=[16x2350x128]  ->  y=[16x1x128]  (T=1, K=2350)
  - op#06  op=SV       shard=1   p=[16x1x2350] + v=[16x2350x128]  ->  y=[16x1x128]  (T=1, K=2350)
  - op#07  op=Add      shard=-1  a=[1x4096] + b=[1x4096]  ->  y=[1x4096]  (T=1, K=2350)
  - op#08  op=LN       shard=-1  x=[1x4096] + w=[4096]  ->  y=[1x4096]  (T=1, K=2350)
  - op#09  op=SwiGLU   shard=0   a=[1x5504] + b=[1x5504]  ->  y=[1x5504]  (T=1, K=2350)
  - op#10  op=SwiGLU   shard=1   a=[1x5504] + b=[1x5504]  ->  y=[1x5504]  (T=1, K=2350)
  - op#11  op=Add      shard=-1  a=[1x4096] + b=[1x4096]  ->  y=[1x4096]  (T=1, K=2350)
[gpu-debug] per-op timing breakdown (avg over iters):
  idx  op       sh  io                                                    time   est_flops    TFLOPs       bytes      GB/s
  ------------------------------------------------------------------------------------------------------------------------
    0  LN       -1  x[1x4096]+w[4096]->y[1x4096]                        0.064ms    20.480 K      0.00   24.00 KiB      0.39
    1  QK        0  q[16x1x128]+k[16x128x2350]->y[16x1x2350]            0.052ms     9.626 M      0.18    9.26 MiB    186.20
    2  QK        1  q[16x1x128]+k[16x128x2350]->y[16x1x2350]            0.043ms     9.626 M      0.22    9.26 MiB    226.19
    3  Softmax   0  scores[16x1x2350]->y[16x1x2350]                     0.018ms   188.000 K      0.01  146.88 KiB      8.25
    4  Softmax   1  scores[16x1x2350]->y[16x1x2350]                     0.014ms   188.000 K      0.01  146.88 KiB     10.49
    5  SV        0  p[16x1x2350]+v[16x2350x128]->y[16x1x128]            0.031ms     9.626 M      0.31    9.26 MiB    312.79
    6  SV        1  p[16x1x2350]+v[16x2350x128]->y[16x1x128]            0.029ms     9.626 M      0.33    9.26 MiB    337.28
    7  Add      -1  a[1x4096]+b[1x4096]->y[1x4096]                      0.018ms     4.096 K      0.00   24.00 KiB      1.33
    8  LN       -1  x[1x4096]+w[4096]->y[1x4096]                        0.064ms    20.480 K      0.00   24.00 KiB      0.38
    9  SwiGLU    0  a[1x5504]+b[1x5504]->y[1x5504]                      0.025ms    33.024 K      0.00   32.25 KiB      1.34
   10  SwiGLU    1  a[1x5504]+b[1x5504]->y[1x5504]                      0.021ms    33.024 K      0.00   32.25 KiB      1.55
   11  Add      -1  a[1x4096]+b[1x4096]->y[1x4096]                      0.017ms     4.096 K      0.00   24.00 KiB      1.41
[gpu-debug] segment avg latency (cuda_events): 0.258 ms
[gpu-debug] sum(per-op)               : 0.397 ms (ratio=1.537)
[gpu-debug] NOTE: sum(per-op) may differ from segment latency due to Python overhead, event/launch overhead, and allocator/cache effects.
[gpu-debug] cuda mem before warmup: alloc=1.13 GiB reserved=1.35 GiB
[gpu-debug] cuda mem after warmup : alloc=1.15 GiB reserved=1.37 GiB
[gpu-debug] cuda mem peak (this segment): max_alloc=1.15 GiB max_reserved=1.37 GiB
========================================================================================
[gpu-debug] segment_key=npu|decode|176|48322b0ab0207f84448cb08e6eac5594
[gpu-debug] sig: device_type=npu phase=decode step=176 (count_hint=32)
[gpu-debug] ops_repr: LN:-1,QK:0,QK:1,Softmax:0,Softmax:1,SV:0,SV:1,Add:-1,LN:-1,SwiGLU:0,SwiGLU:1,Add:-1
[gpu-debug] cfg: device=cuda dtype=torch.bfloat16 dim=4096 ffn_dim=11008 n_heads=32 shards=2
[gpu-debug] op plan (with inferred tensor shapes):
  - op#00  op=LN       shard=-1  x=[1x4096] + w=[4096]  ->  y=[1x4096]  (T=1, K=2362)
  - op#01  op=QK       shard=0   q=[16x1x128] + k=[16x128x2362]  ->  y=[16x1x2362]  (T=1, K=2362)
  - op#02  op=QK       shard=1   q=[16x1x128] + k=[16x128x2362]  ->  y=[16x1x2362]  (T=1, K=2362)
  - op#03  op=Softmax  shard=0   scores=[16x1x2362]  ->  y=[16x1x2362]  (T=1, K=2362)
  - op#04  op=Softmax  shard=1   scores=[16x1x2362]  ->  y=[16x1x2362]  (T=1, K=2362)
  - op#05  op=SV       shard=0   p=[16x1x2362] + v=[16x2362x128]  ->  y=[16x1x128]  (T=1, K=2362)
  - op#06  op=SV       shard=1   p=[16x1x2362] + v=[16x2362x128]  ->  y=[16x1x128]  (T=1, K=2362)
  - op#07  op=Add      shard=-1  a=[1x4096] + b=[1x4096]  ->  y=[1x4096]  (T=1, K=2362)
  - op#08  op=LN       shard=-1  x=[1x4096] + w=[4096]  ->  y=[1x4096]  (T=1, K=2362)
  - op#09  op=SwiGLU   shard=0   a=[1x5504] + b=[1x5504]  ->  y=[1x5504]  (T=1, K=2362)
  - op#10  op=SwiGLU   shard=1   a=[1x5504] + b=[1x5504]  ->  y=[1x5504]  (T=1, K=2362)
  - op#11  op=Add      shard=-1  a=[1x4096] + b=[1x4096]  ->  y=[1x4096]  (T=1, K=2362)
[gpu-debug] per-op timing breakdown (avg over iters):
  idx  op       sh  io                                                    time   est_flops    TFLOPs       bytes      GB/s
  ------------------------------------------------------------------------------------------------------------------------
    0  LN       -1  x[1x4096]+w[4096]->y[1x4096]                        0.063ms    20.480 K      0.00   24.00 KiB      0.39
    1  QK        0  q[16x1x128]+k[16x128x2362]->y[16x1x2362]            0.051ms     9.675 M      0.19    9.30 MiB    190.14
    2  QK        1  q[16x1x128]+k[16x128x2362]->y[16x1x2362]            0.046ms     9.675 M      0.21    9.30 MiB    214.06
    3  Softmax   0  scores[16x1x2362]->y[16x1x2362]                     0.018ms   188.960 K      0.01  147.62 KiB      8.34
    4  Softmax   1  scores[16x1x2362]->y[16x1x2362]                     0.015ms   188.960 K      0.01  147.62 KiB     10.25
    5  SV        0  p[16x1x2362]+v[16x2362x128]->y[16x1x128]            0.031ms     9.675 M      0.31    9.30 MiB    314.38
    6  SV        1  p[16x1x2362]+v[16x2362x128]->y[16x1x128]            0.029ms     9.675 M      0.33    9.30 MiB    336.60
    7  Add      -1  a[1x4096]+b[1x4096]->y[1x4096]                      0.018ms     4.096 K      0.00   24.00 KiB      1.35
    8  LN       -1  x[1x4096]+w[4096]->y[1x4096]                        0.065ms    20.480 K      0.00   24.00 KiB      0.38
    9  SwiGLU    0  a[1x5504]+b[1x5504]->y[1x5504]                      0.025ms    33.024 K      0.00   32.25 KiB      1.33
   10  SwiGLU    1  a[1x5504]+b[1x5504]->y[1x5504]                      0.022ms    33.024 K      0.00   32.25 KiB      1.51
   11  Add      -1  a[1x4096]+b[1x4096]->y[1x4096]                      0.016ms     4.096 K      0.00   24.00 KiB      1.49
[gpu-debug] segment avg latency (cuda_events): 0.259 ms
[gpu-debug] sum(per-op)               : 0.399 ms (ratio=1.543)
[gpu-debug] NOTE: sum(per-op) may differ from segment latency due to Python overhead, event/launch overhead, and allocator/cache effects.
[gpu-debug] cuda mem before warmup: alloc=1.15 GiB reserved=1.37 GiB
[gpu-debug] cuda mem after warmup : alloc=1.16 GiB reserved=1.39 GiB
[gpu-debug] cuda mem peak (this segment): max_alloc=1.16 GiB max_reserved=1.39 GiB
========================================================================================
[gpu-debug] segment_key=npu|decode|177|48322b0ab0207f84448cb08e6eac5594
[gpu-debug] sig: device_type=npu phase=decode step=177 (count_hint=32)
[gpu-debug] ops_repr: LN:-1,QK:0,QK:1,Softmax:0,Softmax:1,SV:0,SV:1,Add:-1,LN:-1,SwiGLU:0,SwiGLU:1,Add:-1
[gpu-debug] cfg: device=cuda dtype=torch.bfloat16 dim=4096 ffn_dim=11008 n_heads=32 shards=2
[gpu-debug] op plan (with inferred tensor shapes):
  - op#00  op=LN       shard=-1  x=[1x4096] + w=[4096]  ->  y=[1x4096]  (T=1, K=2374)
  - op#01  op=QK       shard=0   q=[16x1x128] + k=[16x128x2374]  ->  y=[16x1x2374]  (T=1, K=2374)
  - op#02  op=QK       shard=1   q=[16x1x128] + k=[16x128x2374]  ->  y=[16x1x2374]  (T=1, K=2374)
  - op#03  op=Softmax  shard=0   scores=[16x1x2374]  ->  y=[16x1x2374]  (T=1, K=2374)
  - op#04  op=Softmax  shard=1   scores=[16x1x2374]  ->  y=[16x1x2374]  (T=1, K=2374)
  - op#05  op=SV       shard=0   p=[16x1x2374] + v=[16x2374x128]  ->  y=[16x1x128]  (T=1, K=2374)
  - op#06  op=SV       shard=1   p=[16x1x2374] + v=[16x2374x128]  ->  y=[16x1x128]  (T=1, K=2374)
  - op#07  op=Add      shard=-1  a=[1x4096] + b=[1x4096]  ->  y=[1x4096]  (T=1, K=2374)
  - op#08  op=LN       shard=-1  x=[1x4096] + w=[4096]  ->  y=[1x4096]  (T=1, K=2374)
  - op#09  op=SwiGLU   shard=0   a=[1x5504] + b=[1x5504]  ->  y=[1x5504]  (T=1, K=2374)
  - op#10  op=SwiGLU   shard=1   a=[1x5504] + b=[1x5504]  ->  y=[1x5504]  (T=1, K=2374)
  - op#11  op=Add      shard=-1  a=[1x4096] + b=[1x4096]  ->  y=[1x4096]  (T=1, K=2374)
[gpu-debug] per-op timing breakdown (avg over iters):
  idx  op       sh  io                                                    time   est_flops    TFLOPs       bytes      GB/s
  ------------------------------------------------------------------------------------------------------------------------
    0  LN       -1  x[1x4096]+w[4096]->y[1x4096]                        0.063ms    20.480 K      0.00   24.00 KiB      0.39
    1  QK        0  q[16x1x128]+k[16x128x2374]->y[16x1x2374]            0.053ms     9.724 M      0.18    9.35 MiB    186.27
    2  QK        1  q[16x1x128]+k[16x128x2374]->y[16x1x2374]            0.042ms     9.724 M      0.23    9.35 MiB    232.38
    3  Softmax   0  scores[16x1x2374]->y[16x1x2374]                     0.018ms   189.920 K      0.01  148.38 KiB      8.53
    4  Softmax   1  scores[16x1x2374]->y[16x1x2374]                     0.015ms   189.920 K      0.01  148.38 KiB     10.30
    5  SV        0  p[16x1x2374]+v[16x2374x128]->y[16x1x128]            0.031ms     9.724 M      0.31    9.35 MiB    315.98
    6  SV        1  p[16x1x2374]+v[16x2374x128]->y[16x1x128]            0.028ms     9.724 M      0.34    9.35 MiB    346.89
    7  Add      -1  a[1x4096]+b[1x4096]->y[1x4096]                      0.021ms     4.096 K      0.00   24.00 KiB      1.19
    8  LN       -1  x[1x4096]+w[4096]->y[1x4096]                        0.065ms    20.480 K      0.00   24.00 KiB      0.38
    9  SwiGLU    0  a[1x5504]+b[1x5504]->y[1x5504]                      0.025ms    33.024 K      0.00   32.25 KiB      1.34
   10  SwiGLU    1  a[1x5504]+b[1x5504]->y[1x5504]                      0.021ms    33.024 K      0.00   32.25 KiB      1.56
   11  Add      -1  a[1x4096]+b[1x4096]->y[1x4096]                      0.016ms     4.096 K      0.00   24.00 KiB      1.57
[gpu-debug] segment avg latency (cuda_events): 0.259 ms
[gpu-debug] sum(per-op)               : 0.396 ms (ratio=1.531)
[gpu-debug] NOTE: sum(per-op) may differ from segment latency due to Python overhead, event/launch overhead, and allocator/cache effects.
[gpu-debug] cuda mem before warmup: alloc=1.16 GiB reserved=1.39 GiB
[gpu-debug] cuda mem after warmup : alloc=1.18 GiB reserved=1.41 GiB
[gpu-debug] cuda mem peak (this segment): max_alloc=1.18 GiB max_reserved=1.41 GiB
========================================================================================
[gpu-debug] segment_key=npu|decode|178|48322b0ab0207f84448cb08e6eac5594
[gpu-debug] sig: device_type=npu phase=decode step=178 (count_hint=32)
[gpu-debug] ops_repr: LN:-1,QK:0,QK:1,Softmax:0,Softmax:1,SV:0,SV:1,Add:-1,LN:-1,SwiGLU:0,SwiGLU:1,Add:-1
[gpu-debug] cfg: device=cuda dtype=torch.bfloat16 dim=4096 ffn_dim=11008 n_heads=32 shards=2
[gpu-debug] op plan (with inferred tensor shapes):
  - op#00  op=LN       shard=-1  x=[1x4096] + w=[4096]  ->  y=[1x4096]  (T=1, K=2386)
  - op#01  op=QK       shard=0   q=[16x1x128] + k=[16x128x2386]  ->  y=[16x1x2386]  (T=1, K=2386)
  - op#02  op=QK       shard=1   q=[16x1x128] + k=[16x128x2386]  ->  y=[16x1x2386]  (T=1, K=2386)
  - op#03  op=Softmax  shard=0   scores=[16x1x2386]  ->  y=[16x1x2386]  (T=1, K=2386)
  - op#04  op=Softmax  shard=1   scores=[16x1x2386]  ->  y=[16x1x2386]  (T=1, K=2386)
  - op#05  op=SV       shard=0   p=[16x1x2386] + v=[16x2386x128]  ->  y=[16x1x128]  (T=1, K=2386)
  - op#06  op=SV       shard=1   p=[16x1x2386] + v=[16x2386x128]  ->  y=[16x1x128]  (T=1, K=2386)
  - op#07  op=Add      shard=-1  a=[1x4096] + b=[1x4096]  ->  y=[1x4096]  (T=1, K=2386)
  - op#08  op=LN       shard=-1  x=[1x4096] + w=[4096]  ->  y=[1x4096]  (T=1, K=2386)
  - op#09  op=SwiGLU   shard=0   a=[1x5504] + b=[1x5504]  ->  y=[1x5504]  (T=1, K=2386)
  - op#10  op=SwiGLU   shard=1   a=[1x5504] + b=[1x5504]  ->  y=[1x5504]  (T=1, K=2386)
  - op#11  op=Add      shard=-1  a=[1x4096] + b=[1x4096]  ->  y=[1x4096]  (T=1, K=2386)
[gpu-debug] per-op timing breakdown (avg over iters):
  idx  op       sh  io                                                    time   est_flops    TFLOPs       bytes      GB/s
  ------------------------------------------------------------------------------------------------------------------------
    0  LN       -1  x[1x4096]+w[4096]->y[1x4096]                        0.066ms    20.480 K      0.00   24.00 KiB      0.37
    1  QK        0  q[16x1x128]+k[16x128x2386]->y[16x1x2386]            0.052ms     9.773 M      0.19    9.40 MiB    189.42
    2  QK        1  q[16x1x128]+k[16x128x2386]->y[16x1x2386]            0.042ms     9.773 M      0.23    9.40 MiB    235.27
    3  Softmax   0  scores[16x1x2386]->y[16x1x2386]                     0.018ms   190.880 K      0.01  149.12 KiB      8.52
    4  Softmax   1  scores[16x1x2386]->y[16x1x2386]                     0.015ms   190.880 K      0.01  149.12 KiB     10.50
    5  SV        0  p[16x1x2386]+v[16x2386x128]->y[16x1x128]            0.032ms     9.773 M      0.31    9.40 MiB    312.42
    6  SV        1  p[16x1x2386]+v[16x2386x128]->y[16x1x128]            0.030ms     9.773 M      0.33    9.40 MiB    330.67
    7  Add      -1  a[1x4096]+b[1x4096]->y[1x4096]                      0.018ms     4.096 K      0.00   24.00 KiB      1.34
    8  LN       -1  x[1x4096]+w[4096]->y[1x4096]                        0.064ms    20.480 K      0.00   24.00 KiB      0.38
    9  SwiGLU    0  a[1x5504]+b[1x5504]->y[1x5504]                      0.025ms    33.024 K      0.00   32.25 KiB      1.34
   10  SwiGLU    1  a[1x5504]+b[1x5504]->y[1x5504]                      0.022ms    33.024 K      0.00   32.25 KiB      1.52
   11  Add      -1  a[1x4096]+b[1x4096]->y[1x4096]                      0.016ms     4.096 K      0.00   24.00 KiB      1.56
[gpu-debug] segment avg latency (cuda_events): 0.259 ms
[gpu-debug] sum(per-op)               : 0.398 ms (ratio=1.538)
[gpu-debug] NOTE: sum(per-op) may differ from segment latency due to Python overhead, event/launch overhead, and allocator/cache effects.
[gpu-debug] cuda mem before warmup: alloc=1.18 GiB reserved=1.41 GiB
[gpu-debug] cuda mem after warmup : alloc=1.20 GiB reserved=1.43 GiB
[gpu-debug] cuda mem peak (this segment): max_alloc=1.20 GiB max_reserved=1.43 GiB
========================================================================================
[gpu-debug] segment_key=npu|decode|179|48322b0ab0207f84448cb08e6eac5594
[gpu-debug] sig: device_type=npu phase=decode step=179 (count_hint=32)
[gpu-debug] ops_repr: LN:-1,QK:0,QK:1,Softmax:0,Softmax:1,SV:0,SV:1,Add:-1,LN:-1,SwiGLU:0,SwiGLU:1,Add:-1
[gpu-debug] cfg: device=cuda dtype=torch.bfloat16 dim=4096 ffn_dim=11008 n_heads=32 shards=2
[gpu-debug] op plan (with inferred tensor shapes):
  - op#00  op=LN       shard=-1  x=[1x4096] + w=[4096]  ->  y=[1x4096]  (T=1, K=2398)
  - op#01  op=QK       shard=0   q=[16x1x128] + k=[16x128x2398]  ->  y=[16x1x2398]  (T=1, K=2398)
  - op#02  op=QK       shard=1   q=[16x1x128] + k=[16x128x2398]  ->  y=[16x1x2398]  (T=1, K=2398)
  - op#03  op=Softmax  shard=0   scores=[16x1x2398]  ->  y=[16x1x2398]  (T=1, K=2398)
  - op#04  op=Softmax  shard=1   scores=[16x1x2398]  ->  y=[16x1x2398]  (T=1, K=2398)
  - op#05  op=SV       shard=0   p=[16x1x2398] + v=[16x2398x128]  ->  y=[16x1x128]  (T=1, K=2398)
  - op#06  op=SV       shard=1   p=[16x1x2398] + v=[16x2398x128]  ->  y=[16x1x128]  (T=1, K=2398)
  - op#07  op=Add      shard=-1  a=[1x4096] + b=[1x4096]  ->  y=[1x4096]  (T=1, K=2398)
  - op#08  op=LN       shard=-1  x=[1x4096] + w=[4096]  ->  y=[1x4096]  (T=1, K=2398)
  - op#09  op=SwiGLU   shard=0   a=[1x5504] + b=[1x5504]  ->  y=[1x5504]  (T=1, K=2398)
  - op#10  op=SwiGLU   shard=1   a=[1x5504] + b=[1x5504]  ->  y=[1x5504]  (T=1, K=2398)
  - op#11  op=Add      shard=-1  a=[1x4096] + b=[1x4096]  ->  y=[1x4096]  (T=1, K=2398)
[gpu-debug] per-op timing breakdown (avg over iters):
  idx  op       sh  io                                                    time   est_flops    TFLOPs       bytes      GB/s
  ------------------------------------------------------------------------------------------------------------------------
    0  LN       -1  x[1x4096]+w[4096]->y[1x4096]                        0.063ms    20.480 K      0.00   24.00 KiB      0.39
    1  QK        0  q[16x1x128]+k[16x128x2398]->y[16x1x2398]            0.052ms     9.822 M      0.19    9.44 MiB    190.75
    2  QK        1  q[16x1x128]+k[16x128x2398]->y[16x1x2398]            0.042ms     9.822 M      0.23    9.44 MiB    234.73
    3  Softmax   0  scores[16x1x2398]->y[16x1x2398]                     0.018ms   191.840 K      0.01  149.88 KiB      8.56
    4  Softmax   1  scores[16x1x2398]->y[16x1x2398]                     0.015ms   191.840 K      0.01  149.88 KiB     10.41
    5  SV        0  p[16x1x2398]+v[16x2398x128]->y[16x1x128]            0.031ms     9.822 M      0.31    9.44 MiB    317.08
    6  SV        1  p[16x1x2398]+v[16x2398x128]->y[16x1x128]            0.030ms     9.822 M      0.32    9.44 MiB    325.62
    7  Add      -1  a[1x4096]+b[1x4096]->y[1x4096]                      0.019ms     4.096 K      0.00   24.00 KiB      1.32
    8  LN       -1  x[1x4096]+w[4096]->y[1x4096]                        0.065ms    20.480 K      0.00   24.00 KiB      0.38
    9  SwiGLU    0  a[1x5504]+b[1x5504]->y[1x5504]                      0.025ms    33.024 K      0.00   32.25 KiB      1.33
   10  SwiGLU    1  a[1x5504]+b[1x5504]->y[1x5504]                      0.022ms    33.024 K      0.00   32.25 KiB      1.52
   11  Add      -1  a[1x4096]+b[1x4096]->y[1x4096]                      0.016ms     4.096 K      0.00   24.00 KiB      1.53
[gpu-debug] segment avg latency (cuda_events): 0.258 ms
[gpu-debug] sum(per-op)               : 0.398 ms (ratio=1.544)
[gpu-debug] NOTE: sum(per-op) may differ from segment latency due to Python overhead, event/launch overhead, and allocator/cache effects.
[gpu-debug] cuda mem before warmup: alloc=1.20 GiB reserved=1.43 GiB
[gpu-debug] cuda mem after warmup : alloc=1.22 GiB reserved=1.45 GiB
[gpu-debug] cuda mem peak (this segment): max_alloc=1.22 GiB max_reserved=1.45 GiB
========================================================================================
[gpu-debug] segment_key=npu|decode|17|48322b0ab0207f84448cb08e6eac5594
[gpu-debug] sig: device_type=npu phase=decode step=17 (count_hint=32)
[gpu-debug] ops_repr: LN:-1,QK:0,QK:1,Softmax:0,Softmax:1,SV:0,SV:1,Add:-1,LN:-1,SwiGLU:0,SwiGLU:1,Add:-1
[gpu-debug] cfg: device=cuda dtype=torch.bfloat16 dim=4096 ffn_dim=11008 n_heads=32 shards=2
[gpu-debug] op plan (with inferred tensor shapes):
  - op#00  op=LN       shard=-1  x=[1x4096] + w=[4096]  ->  y=[1x4096]  (T=1, K=454)
  - op#01  op=QK       shard=0   q=[16x1x128] + k=[16x128x454]  ->  y=[16x1x454]  (T=1, K=454)
  - op#02  op=QK       shard=1   q=[16x1x128] + k=[16x128x454]  ->  y=[16x1x454]  (T=1, K=454)
  - op#03  op=Softmax  shard=0   scores=[16x1x454]  ->  y=[16x1x454]  (T=1, K=454)
  - op#04  op=Softmax  shard=1   scores=[16x1x454]  ->  y=[16x1x454]  (T=1, K=454)
  - op#05  op=SV       shard=0   p=[16x1x454] + v=[16x454x128]  ->  y=[16x1x128]  (T=1, K=454)
  - op#06  op=SV       shard=1   p=[16x1x454] + v=[16x454x128]  ->  y=[16x1x128]  (T=1, K=454)
  - op#07  op=Add      shard=-1  a=[1x4096] + b=[1x4096]  ->  y=[1x4096]  (T=1, K=454)
  - op#08  op=LN       shard=-1  x=[1x4096] + w=[4096]  ->  y=[1x4096]  (T=1, K=454)
  - op#09  op=SwiGLU   shard=0   a=[1x5504] + b=[1x5504]  ->  y=[1x5504]  (T=1, K=454)
  - op#10  op=SwiGLU   shard=1   a=[1x5504] + b=[1x5504]  ->  y=[1x5504]  (T=1, K=454)
  - op#11  op=Add      shard=-1  a=[1x4096] + b=[1x4096]  ->  y=[1x4096]  (T=1, K=454)
[gpu-debug] per-op timing breakdown (avg over iters):
  idx  op       sh  io                                                    time   est_flops    TFLOPs       bytes      GB/s
  ------------------------------------------------------------------------------------------------------------------------
    0  LN       -1  x[1x4096]+w[4096]->y[1x4096]                        0.063ms    20.480 K      0.00   24.00 KiB      0.39
    1  QK        0  q[16x1x128]+k[16x128x454]->y[16x1x454]              0.051ms     1.860 M      0.04    1.79 MiB     36.91
    2  QK        1  q[16x1x128]+k[16x128x454]->y[16x1x454]              0.041ms     1.860 M      0.05    1.79 MiB     45.51
    3  Softmax   0  scores[16x1x454]->y[16x1x454]                       0.020ms    36.320 K      0.00   28.38 KiB      1.42
    4  Softmax   1  scores[16x1x454]->y[16x1x454]                       0.015ms    36.320 K      0.00   28.38 KiB      1.88
    5  SV        0  p[16x1x454]+v[16x454x128]->y[16x1x128]              0.030ms     1.860 M      0.06    1.79 MiB     61.97
    6  SV        1  p[16x1x454]+v[16x454x128]->y[16x1x128]              0.027ms     1.860 M      0.07    1.79 MiB     70.82
    7  Add      -1  a[1x4096]+b[1x4096]->y[1x4096]                      0.018ms     4.096 K      0.00   24.00 KiB      1.36
    8  LN       -1  x[1x4096]+w[4096]->y[1x4096]                        0.065ms    20.480 K      0.00   24.00 KiB      0.38
    9  SwiGLU    0  a[1x5504]+b[1x5504]->y[1x5504]                      0.024ms    33.024 K      0.00   32.25 KiB      1.35
   10  SwiGLU    1  a[1x5504]+b[1x5504]->y[1x5504]                      0.022ms    33.024 K      0.00   32.25 KiB      1.54
   11  Add      -1  a[1x4096]+b[1x4096]->y[1x4096]                      0.016ms     4.096 K      0.00   24.00 KiB      1.57
[gpu-debug] segment avg latency (cuda_events): 0.258 ms
[gpu-debug] sum(per-op)               : 0.393 ms (ratio=1.523)
[gpu-debug] NOTE: sum(per-op) may differ from segment latency due to Python overhead, event/launch overhead, and allocator/cache effects.
[gpu-debug] cuda mem before warmup: alloc=1.22 GiB reserved=1.45 GiB
[gpu-debug] cuda mem after warmup : alloc=1.22 GiB reserved=1.45 GiB
[gpu-debug] cuda mem peak (this segment): max_alloc=1.22 GiB max_reserved=1.45 GiB
========================================================================================
[gpu-debug] segment_key=npu|decode|180|48322b0ab0207f84448cb08e6eac5594
[gpu-debug] sig: device_type=npu phase=decode step=180 (count_hint=32)
[gpu-debug] ops_repr: LN:-1,QK:0,QK:1,Softmax:0,Softmax:1,SV:0,SV:1,Add:-1,LN:-1,SwiGLU:0,SwiGLU:1,Add:-1
[gpu-debug] cfg: device=cuda dtype=torch.bfloat16 dim=4096 ffn_dim=11008 n_heads=32 shards=2
[gpu-debug] op plan (with inferred tensor shapes):
  - op#00  op=LN       shard=-1  x=[1x4096] + w=[4096]  ->  y=[1x4096]  (T=1, K=2410)
  - op#01  op=QK       shard=0   q=[16x1x128] + k=[16x128x2410]  ->  y=[16x1x2410]  (T=1, K=2410)
  - op#02  op=QK       shard=1   q=[16x1x128] + k=[16x128x2410]  ->  y=[16x1x2410]  (T=1, K=2410)
  - op#03  op=Softmax  shard=0   scores=[16x1x2410]  ->  y=[16x1x2410]  (T=1, K=2410)
  - op#04  op=Softmax  shard=1   scores=[16x1x2410]  ->  y=[16x1x2410]  (T=1, K=2410)
  - op#05  op=SV       shard=0   p=[16x1x2410] + v=[16x2410x128]  ->  y=[16x1x128]  (T=1, K=2410)
  - op#06  op=SV       shard=1   p=[16x1x2410] + v=[16x2410x128]  ->  y=[16x1x128]  (T=1, K=2410)
  - op#07  op=Add      shard=-1  a=[1x4096] + b=[1x4096]  ->  y=[1x4096]  (T=1, K=2410)
  - op#08  op=LN       shard=-1  x=[1x4096] + w=[4096]  ->  y=[1x4096]  (T=1, K=2410)
  - op#09  op=SwiGLU   shard=0   a=[1x5504] + b=[1x5504]  ->  y=[1x5504]  (T=1, K=2410)
  - op#10  op=SwiGLU   shard=1   a=[1x5504] + b=[1x5504]  ->  y=[1x5504]  (T=1, K=2410)
  - op#11  op=Add      shard=-1  a=[1x4096] + b=[1x4096]  ->  y=[1x4096]  (T=1, K=2410)
[gpu-debug] per-op timing breakdown (avg over iters):
  idx  op       sh  io                                                    time   est_flops    TFLOPs       bytes      GB/s
  ------------------------------------------------------------------------------------------------------------------------
    0  LN       -1  x[1x4096]+w[4096]->y[1x4096]                        0.064ms    20.480 K      0.00   24.00 KiB      0.39
    1  QK        0  q[16x1x128]+k[16x128x2410]->y[16x1x2410]            0.052ms     9.871 M      0.19    9.49 MiB    193.23
    2  QK        1  q[16x1x128]+k[16x128x2410]->y[16x1x2410]            0.042ms     9.871 M      0.24    9.49 MiB    237.64
    3  Softmax   0  scores[16x1x2410]->y[16x1x2410]                     0.018ms   192.800 K      0.01  150.62 KiB      8.61
    4  Softmax   1  scores[16x1x2410]->y[16x1x2410]                     0.014ms   192.800 K      0.01  150.62 KiB     10.68
    5  SV        0  p[16x1x2410]+v[16x2410x128]->y[16x1x128]            0.032ms     9.871 M      0.31    9.49 MiB    309.53
    6  SV        1  p[16x1x2410]+v[16x2410x128]->y[16x1x128]            0.030ms     9.871 M      0.33    9.49 MiB    334.00
    7  Add      -1  a[1x4096]+b[1x4096]->y[1x4096]                      0.018ms     4.096 K      0.00   24.00 KiB      1.35
    8  LN       -1  x[1x4096]+w[4096]->y[1x4096]                        0.065ms    20.480 K      0.00   24.00 KiB      0.38
    9  SwiGLU    0  a[1x5504]+b[1x5504]->y[1x5504]                      0.024ms    33.024 K      0.00   32.25 KiB      1.36
   10  SwiGLU    1  a[1x5504]+b[1x5504]->y[1x5504]                      0.024ms    33.024 K      0.00   32.25 KiB      1.37
   11  Add      -1  a[1x4096]+b[1x4096]->y[1x4096]                      0.016ms     4.096 K      0.00   24.00 KiB      1.56
[gpu-debug] segment avg latency (cuda_events): 0.257 ms
[gpu-debug] sum(per-op)               : 0.399 ms (ratio=1.554)
[gpu-debug] NOTE: sum(per-op) may differ from segment latency due to Python overhead, event/launch overhead, and allocator/cache effects.
[gpu-debug] cuda mem before warmup: alloc=1.22 GiB reserved=1.45 GiB
[gpu-debug] cuda mem after warmup : alloc=1.24 GiB reserved=1.47 GiB
[gpu-debug] cuda mem peak (this segment): max_alloc=1.24 GiB max_reserved=1.47 GiB
========================================================================================
[gpu-debug] segment_key=npu|decode|181|48322b0ab0207f84448cb08e6eac5594
[gpu-debug] sig: device_type=npu phase=decode step=181 (count_hint=32)
[gpu-debug] ops_repr: LN:-1,QK:0,QK:1,Softmax:0,Softmax:1,SV:0,SV:1,Add:-1,LN:-1,SwiGLU:0,SwiGLU:1,Add:-1
[gpu-debug] cfg: device=cuda dtype=torch.bfloat16 dim=4096 ffn_dim=11008 n_heads=32 shards=2
[gpu-debug] op plan (with inferred tensor shapes):
  - op#00  op=LN       shard=-1  x=[1x4096] + w=[4096]  ->  y=[1x4096]  (T=1, K=2422)
  - op#01  op=QK       shard=0   q=[16x1x128] + k=[16x128x2422]  ->  y=[16x1x2422]  (T=1, K=2422)
  - op#02  op=QK       shard=1   q=[16x1x128] + k=[16x128x2422]  ->  y=[16x1x2422]  (T=1, K=2422)
  - op#03  op=Softmax  shard=0   scores=[16x1x2422]  ->  y=[16x1x2422]  (T=1, K=2422)
  - op#04  op=Softmax  shard=1   scores=[16x1x2422]  ->  y=[16x1x2422]  (T=1, K=2422)
  - op#05  op=SV       shard=0   p=[16x1x2422] + v=[16x2422x128]  ->  y=[16x1x128]  (T=1, K=2422)
  - op#06  op=SV       shard=1   p=[16x1x2422] + v=[16x2422x128]  ->  y=[16x1x128]  (T=1, K=2422)
  - op#07  op=Add      shard=-1  a=[1x4096] + b=[1x4096]  ->  y=[1x4096]  (T=1, K=2422)
  - op#08  op=LN       shard=-1  x=[1x4096] + w=[4096]  ->  y=[1x4096]  (T=1, K=2422)
  - op#09  op=SwiGLU   shard=0   a=[1x5504] + b=[1x5504]  ->  y=[1x5504]  (T=1, K=2422)
  - op#10  op=SwiGLU   shard=1   a=[1x5504] + b=[1x5504]  ->  y=[1x5504]  (T=1, K=2422)
  - op#11  op=Add      shard=-1  a=[1x4096] + b=[1x4096]  ->  y=[1x4096]  (T=1, K=2422)
[gpu-debug] per-op timing breakdown (avg over iters):
  idx  op       sh  io                                                    time   est_flops    TFLOPs       bytes      GB/s
  ------------------------------------------------------------------------------------------------------------------------
    0  LN       -1  x[1x4096]+w[4096]->y[1x4096]                        0.063ms    20.480 K      0.00   24.00 KiB      0.39
    1  QK        0  q[16x1x128]+k[16x128x2422]->y[16x1x2422]            0.051ms     9.921 M      0.19    9.54 MiB    194.58
    2  QK        1  q[16x1x128]+k[16x128x2422]->y[16x1x2422]            0.044ms     9.921 M      0.22    9.54 MiB    225.06
    3  Softmax   0  scores[16x1x2422]->y[16x1x2422]                     0.019ms   193.760 K      0.01  151.38 KiB      8.32
    4  Softmax   1  scores[16x1x2422]->y[16x1x2422]                     0.015ms   193.760 K      0.01  151.38 KiB     10.66
    5  SV        0  p[16x1x2422]+v[16x2422x128]->y[16x1x128]            0.032ms     9.921 M      0.31    9.54 MiB    316.11
    6  SV        1  p[16x1x2422]+v[16x2422x128]->y[16x1x128]            0.029ms     9.921 M      0.34    9.54 MiB    343.93
    7  Add      -1  a[1x4096]+b[1x4096]->y[1x4096]                      0.018ms     4.096 K      0.00   24.00 KiB      1.36
    8  LN       -1  x[1x4096]+w[4096]->y[1x4096]                        0.065ms    20.480 K      0.00   24.00 KiB      0.38
    9  SwiGLU    0  a[1x5504]+b[1x5504]->y[1x5504]                      0.025ms    33.024 K      0.00   32.25 KiB      1.33
   10  SwiGLU    1  a[1x5504]+b[1x5504]->y[1x5504]                      0.022ms    33.024 K      0.00   32.25 KiB      1.54
   11  Add      -1  a[1x4096]+b[1x4096]->y[1x4096]                      0.016ms     4.096 K      0.00   24.00 KiB      1.54
[gpu-debug] segment avg latency (cuda_events): 0.261 ms
[gpu-debug] sum(per-op)               : 0.398 ms (ratio=1.529)
[gpu-debug] NOTE: sum(per-op) may differ from segment latency due to Python overhead, event/launch overhead, and allocator/cache effects.
[gpu-debug] cuda mem before warmup: alloc=1.24 GiB reserved=1.47 GiB
[gpu-debug] cuda mem after warmup : alloc=1.26 GiB reserved=1.49 GiB
[gpu-debug] cuda mem peak (this segment): max_alloc=1.26 GiB max_reserved=1.49 GiB
========================================================================================
[gpu-debug] segment_key=npu|decode|182|48322b0ab0207f84448cb08e6eac5594
[gpu-debug] sig: device_type=npu phase=decode step=182 (count_hint=32)
[gpu-debug] ops_repr: LN:-1,QK:0,QK:1,Softmax:0,Softmax:1,SV:0,SV:1,Add:-1,LN:-1,SwiGLU:0,SwiGLU:1,Add:-1
[gpu-debug] cfg: device=cuda dtype=torch.bfloat16 dim=4096 ffn_dim=11008 n_heads=32 shards=2
[gpu-debug] op plan (with inferred tensor shapes):
  - op#00  op=LN       shard=-1  x=[1x4096] + w=[4096]  ->  y=[1x4096]  (T=1, K=2434)
  - op#01  op=QK       shard=0   q=[16x1x128] + k=[16x128x2434]  ->  y=[16x1x2434]  (T=1, K=2434)
  - op#02  op=QK       shard=1   q=[16x1x128] + k=[16x128x2434]  ->  y=[16x1x2434]  (T=1, K=2434)
  - op#03  op=Softmax  shard=0   scores=[16x1x2434]  ->  y=[16x1x2434]  (T=1, K=2434)
  - op#04  op=Softmax  shard=1   scores=[16x1x2434]  ->  y=[16x1x2434]  (T=1, K=2434)
  - op#05  op=SV       shard=0   p=[16x1x2434] + v=[16x2434x128]  ->  y=[16x1x128]  (T=1, K=2434)
  - op#06  op=SV       shard=1   p=[16x1x2434] + v=[16x2434x128]  ->  y=[16x1x128]  (T=1, K=2434)
  - op#07  op=Add      shard=-1  a=[1x4096] + b=[1x4096]  ->  y=[1x4096]  (T=1, K=2434)
  - op#08  op=LN       shard=-1  x=[1x4096] + w=[4096]  ->  y=[1x4096]  (T=1, K=2434)
  - op#09  op=SwiGLU   shard=0   a=[1x5504] + b=[1x5504]  ->  y=[1x5504]  (T=1, K=2434)
  - op#10  op=SwiGLU   shard=1   a=[1x5504] + b=[1x5504]  ->  y=[1x5504]  (T=1, K=2434)
  - op#11  op=Add      shard=-1  a=[1x4096] + b=[1x4096]  ->  y=[1x4096]  (T=1, K=2434)
[gpu-debug] per-op timing breakdown (avg over iters):
  idx  op       sh  io                                                    time   est_flops    TFLOPs       bytes      GB/s
  ------------------------------------------------------------------------------------------------------------------------
    0  LN       -1  x[1x4096]+w[4096]->y[1x4096]                        0.063ms    20.480 K      0.00   24.00 KiB      0.39
    1  QK        0  q[16x1x128]+k[16x128x2434]->y[16x1x2434]            0.053ms     9.970 M      0.19    9.59 MiB    190.97
    2  QK        1  q[16x1x128]+k[16x128x2434]->y[16x1x2434]            0.042ms     9.970 M      0.24    9.59 MiB    238.25
    3  Softmax   0  scores[16x1x2434]->y[16x1x2434]                     0.018ms   194.720 K      0.01  152.12 KiB      8.69
    4  Softmax   1  scores[16x1x2434]->y[16x1x2434]                     0.014ms   194.720 K      0.01  152.12 KiB     10.87
    5  SV        0  p[16x1x2434]+v[16x2434x128]->y[16x1x128]            0.032ms     9.970 M      0.31    9.59 MiB    311.62
    6  SV        1  p[16x1x2434]+v[16x2434x128]->y[16x1x128]            0.030ms     9.970 M      0.33    9.59 MiB    336.17
    7  Add      -1  a[1x4096]+b[1x4096]->y[1x4096]                      0.018ms     4.096 K      0.00   24.00 KiB      1.36
    8  LN       -1  x[1x4096]+w[4096]->y[1x4096]                        0.065ms    20.480 K      0.00   24.00 KiB      0.38
    9  SwiGLU    0  a[1x5504]+b[1x5504]->y[1x5504]                      0.027ms    33.024 K      0.00   32.25 KiB      1.24
   10  SwiGLU    1  a[1x5504]+b[1x5504]->y[1x5504]                      0.022ms    33.024 K      0.00   32.25 KiB      1.50
   11  Add      -1  a[1x4096]+b[1x4096]->y[1x4096]                      0.016ms     4.096 K      0.00   24.00 KiB      1.56
[gpu-debug] segment avg latency (cuda_events): 0.258 ms
[gpu-debug] sum(per-op)               : 0.400 ms (ratio=1.554)
[gpu-debug] NOTE: sum(per-op) may differ from segment latency due to Python overhead, event/launch overhead, and allocator/cache effects.
[gpu-debug] cuda mem before warmup: alloc=1.26 GiB reserved=1.49 GiB
[gpu-debug] cuda mem after warmup : alloc=1.28 GiB reserved=1.51 GiB
[gpu-debug] cuda mem peak (this segment): max_alloc=1.28 GiB max_reserved=1.51 GiB
========================================================================================
[gpu-debug] segment_key=npu|decode|183|48322b0ab0207f84448cb08e6eac5594
[gpu-debug] sig: device_type=npu phase=decode step=183 (count_hint=32)
[gpu-debug] ops_repr: LN:-1,QK:0,QK:1,Softmax:0,Softmax:1,SV:0,SV:1,Add:-1,LN:-1,SwiGLU:0,SwiGLU:1,Add:-1
[gpu-debug] cfg: device=cuda dtype=torch.bfloat16 dim=4096 ffn_dim=11008 n_heads=32 shards=2
[gpu-debug] op plan (with inferred tensor shapes):
  - op#00  op=LN       shard=-1  x=[1x4096] + w=[4096]  ->  y=[1x4096]  (T=1, K=2446)
  - op#01  op=QK       shard=0   q=[16x1x128] + k=[16x128x2446]  ->  y=[16x1x2446]  (T=1, K=2446)
  - op#02  op=QK       shard=1   q=[16x1x128] + k=[16x128x2446]  ->  y=[16x1x2446]  (T=1, K=2446)
  - op#03  op=Softmax  shard=0   scores=[16x1x2446]  ->  y=[16x1x2446]  (T=1, K=2446)
  - op#04  op=Softmax  shard=1   scores=[16x1x2446]  ->  y=[16x1x2446]  (T=1, K=2446)
  - op#05  op=SV       shard=0   p=[16x1x2446] + v=[16x2446x128]  ->  y=[16x1x128]  (T=1, K=2446)
  - op#06  op=SV       shard=1   p=[16x1x2446] + v=[16x2446x128]  ->  y=[16x1x128]  (T=1, K=2446)
  - op#07  op=Add      shard=-1  a=[1x4096] + b=[1x4096]  ->  y=[1x4096]  (T=1, K=2446)
  - op#08  op=LN       shard=-1  x=[1x4096] + w=[4096]  ->  y=[1x4096]  (T=1, K=2446)
  - op#09  op=SwiGLU   shard=0   a=[1x5504] + b=[1x5504]  ->  y=[1x5504]  (T=1, K=2446)
  - op#10  op=SwiGLU   shard=1   a=[1x5504] + b=[1x5504]  ->  y=[1x5504]  (T=1, K=2446)
  - op#11  op=Add      shard=-1  a=[1x4096] + b=[1x4096]  ->  y=[1x4096]  (T=1, K=2446)
[gpu-debug] per-op timing breakdown (avg over iters):
  idx  op       sh  io                                                    time   est_flops    TFLOPs       bytes      GB/s
  ------------------------------------------------------------------------------------------------------------------------
    0  LN       -1  x[1x4096]+w[4096]->y[1x4096]                        0.063ms    20.480 K      0.00   24.00 KiB      0.39
    1  QK        0  q[16x1x128]+k[16x128x2446]->y[16x1x2446]            0.054ms    10.019 M      0.19    9.63 MiB    188.25
    2  QK        1  q[16x1x128]+k[16x128x2446]->y[16x1x2446]            0.043ms    10.019 M      0.23    9.63 MiB    234.31
    3  Softmax   0  scores[16x1x2446]->y[16x1x2446]                     0.018ms   195.680 K      0.01  152.88 KiB      8.69
    4  Softmax   1  scores[16x1x2446]->y[16x1x2446]                     0.015ms   195.680 K      0.01  152.88 KiB     10.62
    5  SV        0  p[16x1x2446]+v[16x2446x128]->y[16x1x128]            0.032ms    10.019 M      0.31    9.63 MiB    317.18
    6  SV        1  p[16x1x2446]+v[16x2446x128]->y[16x1x128]            0.029ms    10.019 M      0.34    9.63 MiB    342.52
    7  Add      -1  a[1x4096]+b[1x4096]->y[1x4096]                      0.018ms     4.096 K      0.00   24.00 KiB      1.36
    8  LN       -1  x[1x4096]+w[4096]->y[1x4096]                        0.065ms    20.480 K      0.00   24.00 KiB      0.38
    9  SwiGLU    0  a[1x5504]+b[1x5504]->y[1x5504]                      0.025ms    33.024 K      0.00   32.25 KiB      1.34
   10  SwiGLU    1  a[1x5504]+b[1x5504]->y[1x5504]                      0.022ms    33.024 K      0.00   32.25 KiB      1.54
   11  Add      -1  a[1x4096]+b[1x4096]->y[1x4096]                      0.016ms     4.096 K      0.00   24.00 KiB      1.57
[gpu-debug] segment avg latency (cuda_events): 0.258 ms
[gpu-debug] sum(per-op)               : 0.399 ms (ratio=1.547)
[gpu-debug] NOTE: sum(per-op) may differ from segment latency due to Python overhead, event/launch overhead, and allocator/cache effects.
[gpu-debug] cuda mem before warmup: alloc=1.28 GiB reserved=1.51 GiB
[gpu-debug] cuda mem after warmup : alloc=1.30 GiB reserved=1.53 GiB
[gpu-debug] cuda mem peak (this segment): max_alloc=1.30 GiB max_reserved=1.53 GiB
========================================================================================
[gpu-debug] segment_key=npu|decode|184|48322b0ab0207f84448cb08e6eac5594
[gpu-debug] sig: device_type=npu phase=decode step=184 (count_hint=32)
[gpu-debug] ops_repr: LN:-1,QK:0,QK:1,Softmax:0,Softmax:1,SV:0,SV:1,Add:-1,LN:-1,SwiGLU:0,SwiGLU:1,Add:-1
[gpu-debug] cfg: device=cuda dtype=torch.bfloat16 dim=4096 ffn_dim=11008 n_heads=32 shards=2
[gpu-debug] op plan (with inferred tensor shapes):
  - op#00  op=LN       shard=-1  x=[1x4096] + w=[4096]  ->  y=[1x4096]  (T=1, K=2458)
  - op#01  op=QK       shard=0   q=[16x1x128] + k=[16x128x2458]  ->  y=[16x1x2458]  (T=1, K=2458)
  - op#02  op=QK       shard=1   q=[16x1x128] + k=[16x128x2458]  ->  y=[16x1x2458]  (T=1, K=2458)
  - op#03  op=Softmax  shard=0   scores=[16x1x2458]  ->  y=[16x1x2458]  (T=1, K=2458)
  - op#04  op=Softmax  shard=1   scores=[16x1x2458]  ->  y=[16x1x2458]  (T=1, K=2458)
  - op#05  op=SV       shard=0   p=[16x1x2458] + v=[16x2458x128]  ->  y=[16x1x128]  (T=1, K=2458)
  - op#06  op=SV       shard=1   p=[16x1x2458] + v=[16x2458x128]  ->  y=[16x1x128]  (T=1, K=2458)
  - op#07  op=Add      shard=-1  a=[1x4096] + b=[1x4096]  ->  y=[1x4096]  (T=1, K=2458)
  - op#08  op=LN       shard=-1  x=[1x4096] + w=[4096]  ->  y=[1x4096]  (T=1, K=2458)
  - op#09  op=SwiGLU   shard=0   a=[1x5504] + b=[1x5504]  ->  y=[1x5504]  (T=1, K=2458)
  - op#10  op=SwiGLU   shard=1   a=[1x5504] + b=[1x5504]  ->  y=[1x5504]  (T=1, K=2458)
  - op#11  op=Add      shard=-1  a=[1x4096] + b=[1x4096]  ->  y=[1x4096]  (T=1, K=2458)
[gpu-debug] per-op timing breakdown (avg over iters):
  idx  op       sh  io                                                    time   est_flops    TFLOPs       bytes      GB/s
  ------------------------------------------------------------------------------------------------------------------------
    0  LN       -1  x[1x4096]+w[4096]->y[1x4096]                        0.063ms    20.480 K      0.00   24.00 KiB      0.39
    1  QK        0  q[16x1x128]+k[16x128x2458]->y[16x1x2458]            0.052ms    10.068 M      0.19    9.68 MiB    194.37
    2  QK        1  q[16x1x128]+k[16x128x2458]->y[16x1x2458]            0.042ms    10.068 M      0.24    9.68 MiB    241.78
    3  Softmax   0  scores[16x1x2458]->y[16x1x2458]                     0.018ms   196.640 K      0.01  153.62 KiB      8.78
    4  Softmax   1  scores[16x1x2458]->y[16x1x2458]                     0.015ms   196.640 K      0.01  153.62 KiB     10.74
    5  SV        0  p[16x1x2458]+v[16x2458x128]->y[16x1x128]            0.032ms    10.068 M      0.31    9.68 MiB    314.69
    6  SV        1  p[16x1x2458]+v[16x2458x128]->y[16x1x128]            0.030ms    10.068 M      0.34    9.68 MiB    341.82
    7  Add      -1  a[1x4096]+b[1x4096]->y[1x4096]                      0.018ms     4.096 K      0.00   24.00 KiB      1.35
    8  LN       -1  x[1x4096]+w[4096]->y[1x4096]                        0.068ms    20.480 K      0.00   24.00 KiB      0.36
    9  SwiGLU    0  a[1x5504]+b[1x5504]->y[1x5504]                      0.025ms    33.024 K      0.00   32.25 KiB      1.34
   10  SwiGLU    1  a[1x5504]+b[1x5504]->y[1x5504]                      0.022ms    33.024 K      0.00   32.25 KiB      1.53
   11  Add      -1  a[1x4096]+b[1x4096]->y[1x4096]                      0.016ms     4.096 K      0.00   24.00 KiB      1.55
[gpu-debug] segment avg latency (cuda_events): 0.258 ms
[gpu-debug] sum(per-op)               : 0.401 ms (ratio=1.555)
[gpu-debug] NOTE: sum(per-op) may differ from segment latency due to Python overhead, event/launch overhead, and allocator/cache effects.
[gpu-debug] cuda mem before warmup: alloc=1.30 GiB reserved=1.53 GiB
[gpu-debug] cuda mem after warmup : alloc=1.32 GiB reserved=1.55 GiB
[gpu-debug] cuda mem peak (this segment): max_alloc=1.32 GiB max_reserved=1.55 GiB
========================================================================================
[gpu-debug] segment_key=npu|decode|185|48322b0ab0207f84448cb08e6eac5594
[gpu-debug] sig: device_type=npu phase=decode step=185 (count_hint=32)
[gpu-debug] ops_repr: LN:-1,QK:0,QK:1,Softmax:0,Softmax:1,SV:0,SV:1,Add:-1,LN:-1,SwiGLU:0,SwiGLU:1,Add:-1
[gpu-debug] cfg: device=cuda dtype=torch.bfloat16 dim=4096 ffn_dim=11008 n_heads=32 shards=2
[gpu-debug] op plan (with inferred tensor shapes):
  - op#00  op=LN       shard=-1  x=[1x4096] + w=[4096]  ->  y=[1x4096]  (T=1, K=2470)
  - op#01  op=QK       shard=0   q=[16x1x128] + k=[16x128x2470]  ->  y=[16x1x2470]  (T=1, K=2470)
  - op#02  op=QK       shard=1   q=[16x1x128] + k=[16x128x2470]  ->  y=[16x1x2470]  (T=1, K=2470)
  - op#03  op=Softmax  shard=0   scores=[16x1x2470]  ->  y=[16x1x2470]  (T=1, K=2470)
  - op#04  op=Softmax  shard=1   scores=[16x1x2470]  ->  y=[16x1x2470]  (T=1, K=2470)
  - op#05  op=SV       shard=0   p=[16x1x2470] + v=[16x2470x128]  ->  y=[16x1x128]  (T=1, K=2470)
  - op#06  op=SV       shard=1   p=[16x1x2470] + v=[16x2470x128]  ->  y=[16x1x128]  (T=1, K=2470)
  - op#07  op=Add      shard=-1  a=[1x4096] + b=[1x4096]  ->  y=[1x4096]  (T=1, K=2470)
  - op#08  op=LN       shard=-1  x=[1x4096] + w=[4096]  ->  y=[1x4096]  (T=1, K=2470)
  - op#09  op=SwiGLU   shard=0   a=[1x5504] + b=[1x5504]  ->  y=[1x5504]  (T=1, K=2470)
  - op#10  op=SwiGLU   shard=1   a=[1x5504] + b=[1x5504]  ->  y=[1x5504]  (T=1, K=2470)
  - op#11  op=Add      shard=-1  a=[1x4096] + b=[1x4096]  ->  y=[1x4096]  (T=1, K=2470)
[gpu-debug] per-op timing breakdown (avg over iters):
  idx  op       sh  io                                                    time   est_flops    TFLOPs       bytes      GB/s
  ------------------------------------------------------------------------------------------------------------------------
    0  LN       -1  x[1x4096]+w[4096]->y[1x4096]                        0.065ms    20.480 K      0.00   24.00 KiB      0.38
    1  QK        0  q[16x1x128]+k[16x128x2470]->y[16x1x2470]            0.053ms    10.117 M      0.19    9.73 MiB    193.05
    2  QK        1  q[16x1x128]+k[16x128x2470]->y[16x1x2470]            0.042ms    10.117 M      0.24    9.73 MiB    245.35
    3  Softmax   0  scores[16x1x2470]->y[16x1x2470]                     0.018ms   197.600 K      0.01  154.38 KiB      8.87
    4  Softmax   1  scores[16x1x2470]->y[16x1x2470]                     0.015ms   197.600 K      0.01  154.38 KiB     10.72
    5  SV        0  p[16x1x2470]+v[16x2470x128]->y[16x1x128]            0.033ms    10.117 M      0.31    9.73 MiB    313.24
    6  SV        1  p[16x1x2470]+v[16x2470x128]->y[16x1x128]            0.030ms    10.117 M      0.33    9.73 MiB    335.39
    7  Add      -1  a[1x4096]+b[1x4096]->y[1x4096]                      0.018ms     4.096 K      0.00   24.00 KiB      1.36
    8  LN       -1  x[1x4096]+w[4096]->y[1x4096]                        0.064ms    20.480 K      0.00   24.00 KiB      0.38
    9  SwiGLU    0  a[1x5504]+b[1x5504]->y[1x5504]                      0.025ms    33.024 K      0.00   32.25 KiB      1.34
   10  SwiGLU    1  a[1x5504]+b[1x5504]->y[1x5504]                      0.022ms    33.024 K      0.00   32.25 KiB      1.53
   11  Add      -1  a[1x4096]+b[1x4096]->y[1x4096]                      0.016ms     4.096 K      0.00   24.00 KiB      1.54
[gpu-debug] segment avg latency (cuda_events): 0.257 ms
[gpu-debug] sum(per-op)               : 0.400 ms (ratio=1.558)
[gpu-debug] NOTE: sum(per-op) may differ from segment latency due to Python overhead, event/launch overhead, and allocator/cache effects.
[gpu-debug] cuda mem before warmup: alloc=1.32 GiB reserved=1.55 GiB
[gpu-debug] cuda mem after warmup : alloc=1.34 GiB reserved=1.57 GiB
[gpu-debug] cuda mem peak (this segment): max_alloc=1.34 GiB max_reserved=1.57 GiB
========================================================================================
[gpu-debug] segment_key=npu|decode|186|48322b0ab0207f84448cb08e6eac5594
[gpu-debug] sig: device_type=npu phase=decode step=186 (count_hint=32)
[gpu-debug] ops_repr: LN:-1,QK:0,QK:1,Softmax:0,Softmax:1,SV:0,SV:1,Add:-1,LN:-1,SwiGLU:0,SwiGLU:1,Add:-1
[gpu-debug] cfg: device=cuda dtype=torch.bfloat16 dim=4096 ffn_dim=11008 n_heads=32 shards=2
[gpu-debug] op plan (with inferred tensor shapes):
  - op#00  op=LN       shard=-1  x=[1x4096] + w=[4096]  ->  y=[1x4096]  (T=1, K=2482)
  - op#01  op=QK       shard=0   q=[16x1x128] + k=[16x128x2482]  ->  y=[16x1x2482]  (T=1, K=2482)
  - op#02  op=QK       shard=1   q=[16x1x128] + k=[16x128x2482]  ->  y=[16x1x2482]  (T=1, K=2482)
  - op#03  op=Softmax  shard=0   scores=[16x1x2482]  ->  y=[16x1x2482]  (T=1, K=2482)
  - op#04  op=Softmax  shard=1   scores=[16x1x2482]  ->  y=[16x1x2482]  (T=1, K=2482)
  - op#05  op=SV       shard=0   p=[16x1x2482] + v=[16x2482x128]  ->  y=[16x1x128]  (T=1, K=2482)
  - op#06  op=SV       shard=1   p=[16x1x2482] + v=[16x2482x128]  ->  y=[16x1x128]  (T=1, K=2482)
  - op#07  op=Add      shard=-1  a=[1x4096] + b=[1x4096]  ->  y=[1x4096]  (T=1, K=2482)
  - op#08  op=LN       shard=-1  x=[1x4096] + w=[4096]  ->  y=[1x4096]  (T=1, K=2482)
  - op#09  op=SwiGLU   shard=0   a=[1x5504] + b=[1x5504]  ->  y=[1x5504]  (T=1, K=2482)
  - op#10  op=SwiGLU   shard=1   a=[1x5504] + b=[1x5504]  ->  y=[1x5504]  (T=1, K=2482)
  - op#11  op=Add      shard=-1  a=[1x4096] + b=[1x4096]  ->  y=[1x4096]  (T=1, K=2482)
[gpu-debug] per-op timing breakdown (avg over iters):
  idx  op       sh  io                                                    time   est_flops    TFLOPs       bytes      GB/s
  ------------------------------------------------------------------------------------------------------------------------
    0  LN       -1  x[1x4096]+w[4096]->y[1x4096]                        0.066ms    20.480 K      0.00   24.00 KiB      0.38
    1  QK        0  q[16x1x128]+k[16x128x2482]->y[16x1x2482]            0.052ms    10.166 M      0.19    9.77 MiB    196.27
    2  QK        1  q[16x1x128]+k[16x128x2482]->y[16x1x2482]            0.043ms    10.166 M      0.23    9.77 MiB    236.07
    3  Softmax   0  scores[16x1x2482]->y[16x1x2482]                     0.018ms   198.560 K      0.01  155.12 KiB      8.81
    4  Softmax   1  scores[16x1x2482]->y[16x1x2482]                     0.015ms   198.560 K      0.01  155.12 KiB     10.55
    5  SV        0  p[16x1x2482]+v[16x2482x128]->y[16x1x128]            0.034ms    10.166 M      0.30    9.77 MiB    304.24
    6  SV        1  p[16x1x2482]+v[16x2482x128]->y[16x1x128]            0.031ms    10.166 M      0.32    9.77 MiB    326.04
    7  Add      -1  a[1x4096]+b[1x4096]->y[1x4096]                      0.018ms     4.096 K      0.00   24.00 KiB      1.33
    8  LN       -1  x[1x4096]+w[4096]->y[1x4096]                        0.065ms    20.480 K      0.00   24.00 KiB      0.38
    9  SwiGLU    0  a[1x5504]+b[1x5504]->y[1x5504]                      0.025ms    33.024 K      0.00   32.25 KiB      1.34
   10  SwiGLU    1  a[1x5504]+b[1x5504]->y[1x5504]                      0.022ms    33.024 K      0.00   32.25 KiB      1.50
   11  Add      -1  a[1x4096]+b[1x4096]->y[1x4096]                      0.016ms     4.096 K      0.00   24.00 KiB      1.54
[gpu-debug] segment avg latency (cuda_events): 0.265 ms
[gpu-debug] sum(per-op)               : 0.406 ms (ratio=1.529)
[gpu-debug] NOTE: sum(per-op) may differ from segment latency due to Python overhead, event/launch overhead, and allocator/cache effects.
[gpu-debug] cuda mem before warmup: alloc=1.34 GiB reserved=1.57 GiB
[gpu-debug] cuda mem after warmup : alloc=1.36 GiB reserved=1.59 GiB
[gpu-debug] cuda mem peak (this segment): max_alloc=1.36 GiB max_reserved=1.59 GiB
========================================================================================
[gpu-debug] segment_key=npu|decode|187|48322b0ab0207f84448cb08e6eac5594
[gpu-debug] sig: device_type=npu phase=decode step=187 (count_hint=32)
[gpu-debug] ops_repr: LN:-1,QK:0,QK:1,Softmax:0,Softmax:1,SV:0,SV:1,Add:-1,LN:-1,SwiGLU:0,SwiGLU:1,Add:-1
[gpu-debug] cfg: device=cuda dtype=torch.bfloat16 dim=4096 ffn_dim=11008 n_heads=32 shards=2
[gpu-debug] op plan (with inferred tensor shapes):
  - op#00  op=LN       shard=-1  x=[1x4096] + w=[4096]  ->  y=[1x4096]  (T=1, K=2494)
  - op#01  op=QK       shard=0   q=[16x1x128] + k=[16x128x2494]  ->  y=[16x1x2494]  (T=1, K=2494)
  - op#02  op=QK       shard=1   q=[16x1x128] + k=[16x128x2494]  ->  y=[16x1x2494]  (T=1, K=2494)
  - op#03  op=Softmax  shard=0   scores=[16x1x2494]  ->  y=[16x1x2494]  (T=1, K=2494)
  - op#04  op=Softmax  shard=1   scores=[16x1x2494]  ->  y=[16x1x2494]  (T=1, K=2494)
  - op#05  op=SV       shard=0   p=[16x1x2494] + v=[16x2494x128]  ->  y=[16x1x128]  (T=1, K=2494)
  - op#06  op=SV       shard=1   p=[16x1x2494] + v=[16x2494x128]  ->  y=[16x1x128]  (T=1, K=2494)
  - op#07  op=Add      shard=-1  a=[1x4096] + b=[1x4096]  ->  y=[1x4096]  (T=1, K=2494)
  - op#08  op=LN       shard=-1  x=[1x4096] + w=[4096]  ->  y=[1x4096]  (T=1, K=2494)
  - op#09  op=SwiGLU   shard=0   a=[1x5504] + b=[1x5504]  ->  y=[1x5504]  (T=1, K=2494)
  - op#10  op=SwiGLU   shard=1   a=[1x5504] + b=[1x5504]  ->  y=[1x5504]  (T=1, K=2494)
  - op#11  op=Add      shard=-1  a=[1x4096] + b=[1x4096]  ->  y=[1x4096]  (T=1, K=2494)
[gpu-debug] per-op timing breakdown (avg over iters):
  idx  op       sh  io                                                    time   est_flops    TFLOPs       bytes      GB/s
  ------------------------------------------------------------------------------------------------------------------------
    0  LN       -1  x[1x4096]+w[4096]->y[1x4096]                        0.062ms    20.480 K      0.00   24.00 KiB      0.39
    1  QK        0  q[16x1x128]+k[16x128x2494]->y[16x1x2494]            0.050ms    10.215 M      0.20    9.82 MiB    204.43
    2  QK        1  q[16x1x128]+k[16x128x2494]->y[16x1x2494]            0.042ms    10.215 M      0.25    9.82 MiB    247.12
    3  Softmax   0  scores[16x1x2494]->y[16x1x2494]                     0.018ms   199.520 K      0.01  155.88 KiB      8.76
    4  Softmax   1  scores[16x1x2494]->y[16x1x2494]                     0.015ms   199.520 K      0.01  155.88 KiB     10.39
    5  SV        0  p[16x1x2494]+v[16x2494x128]->y[16x1x128]            0.033ms    10.215 M      0.31    9.82 MiB    314.31
    6  SV        1  p[16x1x2494]+v[16x2494x128]->y[16x1x128]            0.030ms    10.215 M      0.34    9.82 MiB    344.45
    7  Add      -1  a[1x4096]+b[1x4096]->y[1x4096]                      0.018ms     4.096 K      0.00   24.00 KiB      1.33
    8  LN       -1  x[1x4096]+w[4096]->y[1x4096]                        0.065ms    20.480 K      0.00   24.00 KiB      0.38
    9  SwiGLU    0  a[1x5504]+b[1x5504]->y[1x5504]                      0.025ms    33.024 K      0.00   32.25 KiB      1.33
   10  SwiGLU    1  a[1x5504]+b[1x5504]->y[1x5504]                      0.022ms    33.024 K      0.00   32.25 KiB      1.54
   11  Add      -1  a[1x4096]+b[1x4096]->y[1x4096]                      0.016ms     4.096 K      0.00   24.00 KiB      1.55
[gpu-debug] segment avg latency (cuda_events): 0.257 ms
[gpu-debug] sum(per-op)               : 0.396 ms (ratio=1.543)
[gpu-debug] NOTE: sum(per-op) may differ from segment latency due to Python overhead, event/launch overhead, and allocator/cache effects.
[gpu-debug] cuda mem before warmup: alloc=1.36 GiB reserved=1.59 GiB
[gpu-debug] cuda mem after warmup : alloc=1.38 GiB reserved=1.61 GiB
[gpu-debug] cuda mem peak (this segment): max_alloc=1.38 GiB max_reserved=1.61 GiB
========================================================================================
[gpu-debug] segment_key=npu|decode|188|48322b0ab0207f84448cb08e6eac5594
[gpu-debug] sig: device_type=npu phase=decode step=188 (count_hint=32)
[gpu-debug] ops_repr: LN:-1,QK:0,QK:1,Softmax:0,Softmax:1,SV:0,SV:1,Add:-1,LN:-1,SwiGLU:0,SwiGLU:1,Add:-1
[gpu-debug] cfg: device=cuda dtype=torch.bfloat16 dim=4096 ffn_dim=11008 n_heads=32 shards=2
[gpu-debug] op plan (with inferred tensor shapes):
  - op#00  op=LN       shard=-1  x=[1x4096] + w=[4096]  ->  y=[1x4096]  (T=1, K=2506)
  - op#01  op=QK       shard=0   q=[16x1x128] + k=[16x128x2506]  ->  y=[16x1x2506]  (T=1, K=2506)
  - op#02  op=QK       shard=1   q=[16x1x128] + k=[16x128x2506]  ->  y=[16x1x2506]  (T=1, K=2506)
  - op#03  op=Softmax  shard=0   scores=[16x1x2506]  ->  y=[16x1x2506]  (T=1, K=2506)
  - op#04  op=Softmax  shard=1   scores=[16x1x2506]  ->  y=[16x1x2506]  (T=1, K=2506)
  - op#05  op=SV       shard=0   p=[16x1x2506] + v=[16x2506x128]  ->  y=[16x1x128]  (T=1, K=2506)
  - op#06  op=SV       shard=1   p=[16x1x2506] + v=[16x2506x128]  ->  y=[16x1x128]  (T=1, K=2506)
  - op#07  op=Add      shard=-1  a=[1x4096] + b=[1x4096]  ->  y=[1x4096]  (T=1, K=2506)
  - op#08  op=LN       shard=-1  x=[1x4096] + w=[4096]  ->  y=[1x4096]  (T=1, K=2506)
  - op#09  op=SwiGLU   shard=0   a=[1x5504] + b=[1x5504]  ->  y=[1x5504]  (T=1, K=2506)
  - op#10  op=SwiGLU   shard=1   a=[1x5504] + b=[1x5504]  ->  y=[1x5504]  (T=1, K=2506)
  - op#11  op=Add      shard=-1  a=[1x4096] + b=[1x4096]  ->  y=[1x4096]  (T=1, K=2506)
[gpu-debug] per-op timing breakdown (avg over iters):
  idx  op       sh  io                                                    time   est_flops    TFLOPs       bytes      GB/s
  ------------------------------------------------------------------------------------------------------------------------
    0  LN       -1  x[1x4096]+w[4096]->y[1x4096]                        0.063ms    20.480 K      0.00   24.00 KiB      0.39
    1  QK        0  q[16x1x128]+k[16x128x2506]->y[16x1x2506]            0.052ms    10.265 M      0.20    9.87 MiB    197.39
    2  QK        1  q[16x1x128]+k[16x128x2506]->y[16x1x2506]            0.042ms    10.265 M      0.24    9.87 MiB    245.30
    3  Softmax   0  scores[16x1x2506]->y[16x1x2506]                     0.018ms   200.480 K      0.01  156.62 KiB      8.90
    4  Softmax   1  scores[16x1x2506]->y[16x1x2506]                     0.015ms   200.480 K      0.01  156.62 KiB     10.95
    5  SV        0  p[16x1x2506]+v[16x2506x128]->y[16x1x128]            0.033ms    10.265 M      0.31    9.87 MiB    313.86
    6  SV        1  p[16x1x2506]+v[16x2506x128]->y[16x1x128]            0.031ms    10.265 M      0.34    9.87 MiB    339.14
    7  Add      -1  a[1x4096]+b[1x4096]->y[1x4096]                      0.018ms     4.096 K      0.00   24.00 KiB      1.37
    8  LN       -1  x[1x4096]+w[4096]->y[1x4096]                        0.065ms    20.480 K      0.00   24.00 KiB      0.38
    9  SwiGLU    0  a[1x5504]+b[1x5504]->y[1x5504]                      0.027ms    33.024 K      0.00   32.25 KiB      1.22
   10  SwiGLU    1  a[1x5504]+b[1x5504]->y[1x5504]                      0.022ms    33.024 K      0.00   32.25 KiB      1.51
   11  Add      -1  a[1x4096]+b[1x4096]->y[1x4096]                      0.016ms     4.096 K      0.00   24.00 KiB      1.51
[gpu-debug] segment avg latency (cuda_events): 0.258 ms
[gpu-debug] sum(per-op)               : 0.402 ms (ratio=1.557)
[gpu-debug] NOTE: sum(per-op) may differ from segment latency due to Python overhead, event/launch overhead, and allocator/cache effects.
[gpu-debug] cuda mem before warmup: alloc=1.38 GiB reserved=1.61 GiB
[gpu-debug] cuda mem after warmup : alloc=1.40 GiB reserved=1.63 GiB
[gpu-debug] cuda mem peak (this segment): max_alloc=1.40 GiB max_reserved=1.63 GiB
========================================================================================
[gpu-debug] segment_key=npu|decode|189|48322b0ab0207f84448cb08e6eac5594
[gpu-debug] sig: device_type=npu phase=decode step=189 (count_hint=32)
[gpu-debug] ops_repr: LN:-1,QK:0,QK:1,Softmax:0,Softmax:1,SV:0,SV:1,Add:-1,LN:-1,SwiGLU:0,SwiGLU:1,Add:-1
[gpu-debug] cfg: device=cuda dtype=torch.bfloat16 dim=4096 ffn_dim=11008 n_heads=32 shards=2
[gpu-debug] op plan (with inferred tensor shapes):
  - op#00  op=LN       shard=-1  x=[1x4096] + w=[4096]  ->  y=[1x4096]  (T=1, K=2518)
  - op#01  op=QK       shard=0   q=[16x1x128] + k=[16x128x2518]  ->  y=[16x1x2518]  (T=1, K=2518)
  - op#02  op=QK       shard=1   q=[16x1x128] + k=[16x128x2518]  ->  y=[16x1x2518]  (T=1, K=2518)
  - op#03  op=Softmax  shard=0   scores=[16x1x2518]  ->  y=[16x1x2518]  (T=1, K=2518)
  - op#04  op=Softmax  shard=1   scores=[16x1x2518]  ->  y=[16x1x2518]  (T=1, K=2518)
  - op#05  op=SV       shard=0   p=[16x1x2518] + v=[16x2518x128]  ->  y=[16x1x128]  (T=1, K=2518)
  - op#06  op=SV       shard=1   p=[16x1x2518] + v=[16x2518x128]  ->  y=[16x1x128]  (T=1, K=2518)
  - op#07  op=Add      shard=-1  a=[1x4096] + b=[1x4096]  ->  y=[1x4096]  (T=1, K=2518)
  - op#08  op=LN       shard=-1  x=[1x4096] + w=[4096]  ->  y=[1x4096]  (T=1, K=2518)
  - op#09  op=SwiGLU   shard=0   a=[1x5504] + b=[1x5504]  ->  y=[1x5504]  (T=1, K=2518)
  - op#10  op=SwiGLU   shard=1   a=[1x5504] + b=[1x5504]  ->  y=[1x5504]  (T=1, K=2518)
  - op#11  op=Add      shard=-1  a=[1x4096] + b=[1x4096]  ->  y=[1x4096]  (T=1, K=2518)
[gpu-debug] per-op timing breakdown (avg over iters):
  idx  op       sh  io                                                    time   est_flops    TFLOPs       bytes      GB/s
  ------------------------------------------------------------------------------------------------------------------------
    0  LN       -1  x[1x4096]+w[4096]->y[1x4096]                        0.063ms    20.480 K      0.00   24.00 KiB      0.39
    1  QK        0  q[16x1x128]+k[16x128x2518]->y[16x1x2518]            0.053ms    10.314 M      0.20    9.92 MiB    197.18
    2  QK        1  q[16x1x128]+k[16x128x2518]->y[16x1x2518]            0.043ms    10.314 M      0.24    9.92 MiB    241.78
    3  Softmax   0  scores[16x1x2518]->y[16x1x2518]                     0.018ms   201.440 K      0.01  157.38 KiB      9.04
    4  Softmax   1  scores[16x1x2518]->y[16x1x2518]                     0.015ms   201.440 K      0.01  157.38 KiB     11.01
    5  SV        0  p[16x1x2518]+v[16x2518x128]->y[16x1x128]            0.033ms    10.314 M      0.31    9.92 MiB    310.54
    6  SV        1  p[16x1x2518]+v[16x2518x128]->y[16x1x128]            0.031ms    10.314 M      0.33    9.92 MiB    335.14
    7  Add      -1  a[1x4096]+b[1x4096]->y[1x4096]                      0.017ms     4.096 K      0.00   24.00 KiB      1.41
    8  LN       -1  x[1x4096]+w[4096]->y[1x4096]                        0.065ms    20.480 K      0.00   24.00 KiB      0.38
    9  SwiGLU    0  a[1x5504]+b[1x5504]->y[1x5504]                      0.025ms    33.024 K      0.00   32.25 KiB      1.33
   10  SwiGLU    1  a[1x5504]+b[1x5504]->y[1x5504]                      0.022ms    33.024 K      0.00   32.25 KiB      1.52
   11  Add      -1  a[1x4096]+b[1x4096]->y[1x4096]                      0.016ms     4.096 K      0.00   24.00 KiB      1.56
[gpu-debug] segment avg latency (cuda_events): 0.258 ms
[gpu-debug] sum(per-op)               : 0.400 ms (ratio=1.551)
[gpu-debug] NOTE: sum(per-op) may differ from segment latency due to Python overhead, event/launch overhead, and allocator/cache effects.
[gpu-debug] cuda mem before warmup: alloc=1.40 GiB reserved=1.63 GiB
[gpu-debug] cuda mem after warmup : alloc=1.42 GiB reserved=1.65 GiB
[gpu-debug] cuda mem peak (this segment): max_alloc=1.42 GiB max_reserved=1.65 GiB
========================================================================================
[gpu-debug] segment_key=npu|decode|18|48322b0ab0207f84448cb08e6eac5594
[gpu-debug] sig: device_type=npu phase=decode step=18 (count_hint=32)
[gpu-debug] ops_repr: LN:-1,QK:0,QK:1,Softmax:0,Softmax:1,SV:0,SV:1,Add:-1,LN:-1,SwiGLU:0,SwiGLU:1,Add:-1
[gpu-debug] cfg: device=cuda dtype=torch.bfloat16 dim=4096 ffn_dim=11008 n_heads=32 shards=2
[gpu-debug] op plan (with inferred tensor shapes):
  - op#00  op=LN       shard=-1  x=[1x4096] + w=[4096]  ->  y=[1x4096]  (T=1, K=466)
  - op#01  op=QK       shard=0   q=[16x1x128] + k=[16x128x466]  ->  y=[16x1x466]  (T=1, K=466)
  - op#02  op=QK       shard=1   q=[16x1x128] + k=[16x128x466]  ->  y=[16x1x466]  (T=1, K=466)
  - op#03  op=Softmax  shard=0   scores=[16x1x466]  ->  y=[16x1x466]  (T=1, K=466)
  - op#04  op=Softmax  shard=1   scores=[16x1x466]  ->  y=[16x1x466]  (T=1, K=466)
  - op#05  op=SV       shard=0   p=[16x1x466] + v=[16x466x128]  ->  y=[16x1x128]  (T=1, K=466)
  - op#06  op=SV       shard=1   p=[16x1x466] + v=[16x466x128]  ->  y=[16x1x128]  (T=1, K=466)
  - op#07  op=Add      shard=-1  a=[1x4096] + b=[1x4096]  ->  y=[1x4096]  (T=1, K=466)
  - op#08  op=LN       shard=-1  x=[1x4096] + w=[4096]  ->  y=[1x4096]  (T=1, K=466)
  - op#09  op=SwiGLU   shard=0   a=[1x5504] + b=[1x5504]  ->  y=[1x5504]  (T=1, K=466)
  - op#10  op=SwiGLU   shard=1   a=[1x5504] + b=[1x5504]  ->  y=[1x5504]  (T=1, K=466)
  - op#11  op=Add      shard=-1  a=[1x4096] + b=[1x4096]  ->  y=[1x4096]  (T=1, K=466)
[gpu-debug] per-op timing breakdown (avg over iters):
  idx  op       sh  io                                                    time   est_flops    TFLOPs       bytes      GB/s
  ------------------------------------------------------------------------------------------------------------------------
    0  LN       -1  x[1x4096]+w[4096]->y[1x4096]                        0.066ms    20.480 K      0.00   24.00 KiB      0.37
    1  QK        0  q[16x1x128]+k[16x128x466]->y[16x1x466]              0.052ms     1.909 M      0.04    1.84 MiB     36.84
    2  QK        1  q[16x1x128]+k[16x128x466]->y[16x1x466]              0.042ms     1.909 M      0.05    1.84 MiB     46.25
    3  Softmax   0  scores[16x1x466]->y[16x1x466]                       0.018ms    37.280 K      0.00   29.12 KiB      1.65
    4  Softmax   1  scores[16x1x466]->y[16x1x466]                       0.015ms    37.280 K      0.00   29.12 KiB      2.01
    5  SV        0  p[16x1x466]+v[16x466x128]->y[16x1x128]              0.030ms     1.909 M      0.06    1.84 MiB     64.92
    6  SV        1  p[16x1x466]+v[16x466x128]->y[16x1x128]              0.027ms     1.909 M      0.07    1.84 MiB     72.69
    7  Add      -1  a[1x4096]+b[1x4096]->y[1x4096]                      0.018ms     4.096 K      0.00   24.00 KiB      1.34
    8  LN       -1  x[1x4096]+w[4096]->y[1x4096]                        0.065ms    20.480 K      0.00   24.00 KiB      0.38
    9  SwiGLU    0  a[1x5504]+b[1x5504]->y[1x5504]                      0.025ms    33.024 K      0.00   32.25 KiB      1.33
   10  SwiGLU    1  a[1x5504]+b[1x5504]->y[1x5504]                      0.022ms    33.024 K      0.00   32.25 KiB      1.53
   11  Add      -1  a[1x4096]+b[1x4096]->y[1x4096]                      0.016ms     4.096 K      0.00   24.00 KiB      1.56
[gpu-debug] segment avg latency (cuda_events): 0.257 ms
[gpu-debug] sum(per-op)               : 0.394 ms (ratio=1.535)
[gpu-debug] NOTE: sum(per-op) may differ from segment latency due to Python overhead, event/launch overhead, and allocator/cache effects.
[gpu-debug] cuda mem before warmup: alloc=1.42 GiB reserved=1.65 GiB
[gpu-debug] cuda mem after warmup : alloc=1.42 GiB reserved=1.65 GiB
[gpu-debug] cuda mem peak (this segment): max_alloc=1.42 GiB max_reserved=1.65 GiB
  progress 100/202
========================================================================================
[gpu-debug] segment_key=npu|decode|190|48322b0ab0207f84448cb08e6eac5594
[gpu-debug] sig: device_type=npu phase=decode step=190 (count_hint=32)
[gpu-debug] ops_repr: LN:-1,QK:0,QK:1,Softmax:0,Softmax:1,SV:0,SV:1,Add:-1,LN:-1,SwiGLU:0,SwiGLU:1,Add:-1
[gpu-debug] cfg: device=cuda dtype=torch.bfloat16 dim=4096 ffn_dim=11008 n_heads=32 shards=2
[gpu-debug] op plan (with inferred tensor shapes):
  - op#00  op=LN       shard=-1  x=[1x4096] + w=[4096]  ->  y=[1x4096]  (T=1, K=2530)
  - op#01  op=QK       shard=0   q=[16x1x128] + k=[16x128x2530]  ->  y=[16x1x2530]  (T=1, K=2530)
  - op#02  op=QK       shard=1   q=[16x1x128] + k=[16x128x2530]  ->  y=[16x1x2530]  (T=1, K=2530)
  - op#03  op=Softmax  shard=0   scores=[16x1x2530]  ->  y=[16x1x2530]  (T=1, K=2530)
  - op#04  op=Softmax  shard=1   scores=[16x1x2530]  ->  y=[16x1x2530]  (T=1, K=2530)
  - op#05  op=SV       shard=0   p=[16x1x2530] + v=[16x2530x128]  ->  y=[16x1x128]  (T=1, K=2530)
  - op#06  op=SV       shard=1   p=[16x1x2530] + v=[16x2530x128]  ->  y=[16x1x128]  (T=1, K=2530)
  - op#07  op=Add      shard=-1  a=[1x4096] + b=[1x4096]  ->  y=[1x4096]  (T=1, K=2530)
  - op#08  op=LN       shard=-1  x=[1x4096] + w=[4096]  ->  y=[1x4096]  (T=1, K=2530)
  - op#09  op=SwiGLU   shard=0   a=[1x5504] + b=[1x5504]  ->  y=[1x5504]  (T=1, K=2530)
  - op#10  op=SwiGLU   shard=1   a=[1x5504] + b=[1x5504]  ->  y=[1x5504]  (T=1, K=2530)
  - op#11  op=Add      shard=-1  a=[1x4096] + b=[1x4096]  ->  y=[1x4096]  (T=1, K=2530)
[gpu-debug] per-op timing breakdown (avg over iters):
  idx  op       sh  io                                                    time   est_flops    TFLOPs       bytes      GB/s
  ------------------------------------------------------------------------------------------------------------------------
    0  LN       -1  x[1x4096]+w[4096]->y[1x4096]                        0.063ms    20.480 K      0.00   24.00 KiB      0.39
    1  QK        0  q[16x1x128]+k[16x128x2530]->y[16x1x2530]            0.052ms    10.363 M      0.20    9.96 MiB    202.44
    2  QK        1  q[16x1x128]+k[16x128x2530]->y[16x1x2530]            0.042ms    10.363 M      0.25    9.96 MiB    248.25
    3  Softmax   0  scores[16x1x2530]->y[16x1x2530]                     0.018ms   202.400 K      0.01  158.12 KiB      9.09
    4  Softmax   1  scores[16x1x2530]->y[16x1x2530]                     0.015ms   202.400 K      0.01  158.12 KiB     10.98
    5  SV        0  p[16x1x2530]+v[16x2530x128]->y[16x1x128]            0.033ms    10.363 M      0.31    9.96 MiB    315.88
    6  SV        1  p[16x1x2530]+v[16x2530x128]->y[16x1x128]            0.031ms    10.363 M      0.33    9.96 MiB    335.63
    7  Add      -1  a[1x4096]+b[1x4096]->y[1x4096]                      0.018ms     4.096 K      0.00   24.00 KiB      1.37
    8  LN       -1  x[1x4096]+w[4096]->y[1x4096]                        0.068ms    20.480 K      0.00   24.00 KiB      0.36
    9  SwiGLU    0  a[1x5504]+b[1x5504]->y[1x5504]                      0.025ms    33.024 K      0.00   32.25 KiB      1.31
   10  SwiGLU    1  a[1x5504]+b[1x5504]->y[1x5504]                      0.022ms    33.024 K      0.00   32.25 KiB      1.53
   11  Add      -1  a[1x4096]+b[1x4096]->y[1x4096]                      0.016ms     4.096 K      0.00   24.00 KiB      1.55
[gpu-debug] segment avg latency (cuda_events): 0.259 ms
[gpu-debug] sum(per-op)               : 0.402 ms (ratio=1.553)
[gpu-debug] NOTE: sum(per-op) may differ from segment latency due to Python overhead, event/launch overhead, and allocator/cache effects.
[gpu-debug] cuda mem before warmup: alloc=1.42 GiB reserved=1.65 GiB
[gpu-debug] cuda mem after warmup : alloc=1.44 GiB reserved=1.67 GiB
[gpu-debug] cuda mem peak (this segment): max_alloc=1.44 GiB max_reserved=1.67 GiB
========================================================================================
[gpu-debug] segment_key=npu|decode|191|48322b0ab0207f84448cb08e6eac5594
[gpu-debug] sig: device_type=npu phase=decode step=191 (count_hint=32)
[gpu-debug] ops_repr: LN:-1,QK:0,QK:1,Softmax:0,Softmax:1,SV:0,SV:1,Add:-1,LN:-1,SwiGLU:0,SwiGLU:1,Add:-1
[gpu-debug] cfg: device=cuda dtype=torch.bfloat16 dim=4096 ffn_dim=11008 n_heads=32 shards=2
[gpu-debug] op plan (with inferred tensor shapes):
  - op#00  op=LN       shard=-1  x=[1x4096] + w=[4096]  ->  y=[1x4096]  (T=1, K=2542)
  - op#01  op=QK       shard=0   q=[16x1x128] + k=[16x128x2542]  ->  y=[16x1x2542]  (T=1, K=2542)
  - op#02  op=QK       shard=1   q=[16x1x128] + k=[16x128x2542]  ->  y=[16x1x2542]  (T=1, K=2542)
  - op#03  op=Softmax  shard=0   scores=[16x1x2542]  ->  y=[16x1x2542]  (T=1, K=2542)
  - op#04  op=Softmax  shard=1   scores=[16x1x2542]  ->  y=[16x1x2542]  (T=1, K=2542)
  - op#05  op=SV       shard=0   p=[16x1x2542] + v=[16x2542x128]  ->  y=[16x1x128]  (T=1, K=2542)
  - op#06  op=SV       shard=1   p=[16x1x2542] + v=[16x2542x128]  ->  y=[16x1x128]  (T=1, K=2542)
  - op#07  op=Add      shard=-1  a=[1x4096] + b=[1x4096]  ->  y=[1x4096]  (T=1, K=2542)
  - op#08  op=LN       shard=-1  x=[1x4096] + w=[4096]  ->  y=[1x4096]  (T=1, K=2542)
  - op#09  op=SwiGLU   shard=0   a=[1x5504] + b=[1x5504]  ->  y=[1x5504]  (T=1, K=2542)
  - op#10  op=SwiGLU   shard=1   a=[1x5504] + b=[1x5504]  ->  y=[1x5504]  (T=1, K=2542)
  - op#11  op=Add      shard=-1  a=[1x4096] + b=[1x4096]  ->  y=[1x4096]  (T=1, K=2542)
[gpu-debug] per-op timing breakdown (avg over iters):
  idx  op       sh  io                                                    time   est_flops    TFLOPs       bytes      GB/s
  ------------------------------------------------------------------------------------------------------------------------
    0  LN       -1  x[1x4096]+w[4096]->y[1x4096]                        0.066ms    20.480 K      0.00   24.00 KiB      0.37
    1  QK        0  q[16x1x128]+k[16x128x2542]->y[16x1x2542]            0.052ms    10.412 M      0.20   10.01 MiB    200.22
    2  QK        1  q[16x1x128]+k[16x128x2542]->y[16x1x2542]            0.042ms    10.412 M      0.25   10.01 MiB    252.50
    3  Softmax   0  scores[16x1x2542]->y[16x1x2542]                     0.018ms   203.360 K      0.01  158.88 KiB      9.08
    4  Softmax   1  scores[16x1x2542]->y[16x1x2542]                     0.015ms   203.360 K      0.01  158.88 KiB     11.19
    5  SV        0  p[16x1x2542]+v[16x2542x128]->y[16x1x128]            0.033ms    10.412 M      0.31   10.01 MiB    317.38
    6  SV        1  p[16x1x2542]+v[16x2542x128]->y[16x1x128]            0.031ms    10.412 M      0.34   10.01 MiB    344.01
    7  Add      -1  a[1x4096]+b[1x4096]->y[1x4096]                      0.018ms     4.096 K      0.00   24.00 KiB      1.37
    8  LN       -1  x[1x4096]+w[4096]->y[1x4096]                        0.065ms    20.480 K      0.00   24.00 KiB      0.38
    9  SwiGLU    0  a[1x5504]+b[1x5504]->y[1x5504]                      0.025ms    33.024 K      0.00   32.25 KiB      1.34
   10  SwiGLU    1  a[1x5504]+b[1x5504]->y[1x5504]                      0.021ms    33.024 K      0.00   32.25 KiB      1.56
   11  Add      -1  a[1x4096]+b[1x4096]->y[1x4096]                      0.016ms     4.096 K      0.00   24.00 KiB      1.55
[gpu-debug] segment avg latency (cuda_events): 0.258 ms
[gpu-debug] sum(per-op)               : 0.400 ms (ratio=1.548)
[gpu-debug] NOTE: sum(per-op) may differ from segment latency due to Python overhead, event/launch overhead, and allocator/cache effects.
[gpu-debug] cuda mem before warmup: alloc=1.44 GiB reserved=1.67 GiB
[gpu-debug] cuda mem after warmup : alloc=1.46 GiB reserved=1.69 GiB
[gpu-debug] cuda mem peak (this segment): max_alloc=1.46 GiB max_reserved=1.69 GiB
========================================================================================
[gpu-debug] segment_key=npu|decode|192|48322b0ab0207f84448cb08e6eac5594
[gpu-debug] sig: device_type=npu phase=decode step=192 (count_hint=32)
[gpu-debug] ops_repr: LN:-1,QK:0,QK:1,Softmax:0,Softmax:1,SV:0,SV:1,Add:-1,LN:-1,SwiGLU:0,SwiGLU:1,Add:-1
[gpu-debug] cfg: device=cuda dtype=torch.bfloat16 dim=4096 ffn_dim=11008 n_heads=32 shards=2
[gpu-debug] op plan (with inferred tensor shapes):
  - op#00  op=LN       shard=-1  x=[1x4096] + w=[4096]  ->  y=[1x4096]  (T=1, K=2554)
  - op#01  op=QK       shard=0   q=[16x1x128] + k=[16x128x2554]  ->  y=[16x1x2554]  (T=1, K=2554)
  - op#02  op=QK       shard=1   q=[16x1x128] + k=[16x128x2554]  ->  y=[16x1x2554]  (T=1, K=2554)
  - op#03  op=Softmax  shard=0   scores=[16x1x2554]  ->  y=[16x1x2554]  (T=1, K=2554)
  - op#04  op=Softmax  shard=1   scores=[16x1x2554]  ->  y=[16x1x2554]  (T=1, K=2554)
  - op#05  op=SV       shard=0   p=[16x1x2554] + v=[16x2554x128]  ->  y=[16x1x128]  (T=1, K=2554)
  - op#06  op=SV       shard=1   p=[16x1x2554] + v=[16x2554x128]  ->  y=[16x1x128]  (T=1, K=2554)
  - op#07  op=Add      shard=-1  a=[1x4096] + b=[1x4096]  ->  y=[1x4096]  (T=1, K=2554)
  - op#08  op=LN       shard=-1  x=[1x4096] + w=[4096]  ->  y=[1x4096]  (T=1, K=2554)
  - op#09  op=SwiGLU   shard=0   a=[1x5504] + b=[1x5504]  ->  y=[1x5504]  (T=1, K=2554)
  - op#10  op=SwiGLU   shard=1   a=[1x5504] + b=[1x5504]  ->  y=[1x5504]  (T=1, K=2554)
  - op#11  op=Add      shard=-1  a=[1x4096] + b=[1x4096]  ->  y=[1x4096]  (T=1, K=2554)
[gpu-debug] per-op timing breakdown (avg over iters):
  idx  op       sh  io                                                    time   est_flops    TFLOPs       bytes      GB/s
  ------------------------------------------------------------------------------------------------------------------------
    0  LN       -1  x[1x4096]+w[4096]->y[1x4096]                        0.064ms    20.480 K      0.00   24.00 KiB      0.38
    1  QK        0  q[16x1x128]+k[16x128x2554]->y[16x1x2554]            0.054ms    10.461 M      0.19   10.06 MiB    196.56
    2  QK        1  q[16x1x128]+k[16x128x2554]->y[16x1x2554]            0.043ms    10.461 M      0.24   10.06 MiB    244.07
    3  Softmax   0  scores[16x1x2554]->y[16x1x2554]                     0.018ms   204.320 K      0.01  159.62 KiB      8.92
    4  Softmax   1  scores[16x1x2554]->y[16x1x2554]                     0.015ms   204.320 K      0.01  159.62 KiB     11.24
    5  SV        0  p[16x1x2554]+v[16x2554x128]->y[16x1x128]            0.033ms    10.461 M      0.32   10.06 MiB    319.87
    6  SV        1  p[16x1x2554]+v[16x2554x128]->y[16x1x128]            0.031ms    10.461 M      0.34   10.06 MiB    342.19
    7  Add      -1  a[1x4096]+b[1x4096]->y[1x4096]                      0.018ms     4.096 K      0.00   24.00 KiB      1.37
    8  LN       -1  x[1x4096]+w[4096]->y[1x4096]                        0.066ms    20.480 K      0.00   24.00 KiB      0.37
    9  SwiGLU    0  a[1x5504]+b[1x5504]->y[1x5504]                      0.025ms    33.024 K      0.00   32.25 KiB      1.32
   10  SwiGLU    1  a[1x5504]+b[1x5504]->y[1x5504]                      0.022ms    33.024 K      0.00   32.25 KiB      1.51
   11  Add      -1  a[1x4096]+b[1x4096]->y[1x4096]                      0.016ms     4.096 K      0.00   24.00 KiB      1.56
[gpu-debug] segment avg latency (cuda_events): 0.259 ms
[gpu-debug] sum(per-op)               : 0.404 ms (ratio=1.561)
[gpu-debug] NOTE: sum(per-op) may differ from segment latency due to Python overhead, event/launch overhead, and allocator/cache effects.
[gpu-debug] cuda mem before warmup: alloc=1.46 GiB reserved=1.69 GiB
[gpu-debug] cuda mem after warmup : alloc=1.48 GiB reserved=1.71 GiB
[gpu-debug] cuda mem peak (this segment): max_alloc=1.48 GiB max_reserved=1.71 GiB
========================================================================================
[gpu-debug] segment_key=npu|decode|193|48322b0ab0207f84448cb08e6eac5594
[gpu-debug] sig: device_type=npu phase=decode step=193 (count_hint=32)
[gpu-debug] ops_repr: LN:-1,QK:0,QK:1,Softmax:0,Softmax:1,SV:0,SV:1,Add:-1,LN:-1,SwiGLU:0,SwiGLU:1,Add:-1
[gpu-debug] cfg: device=cuda dtype=torch.bfloat16 dim=4096 ffn_dim=11008 n_heads=32 shards=2
[gpu-debug] op plan (with inferred tensor shapes):
  - op#00  op=LN       shard=-1  x=[1x4096] + w=[4096]  ->  y=[1x4096]  (T=1, K=2566)
  - op#01  op=QK       shard=0   q=[16x1x128] + k=[16x128x2566]  ->  y=[16x1x2566]  (T=1, K=2566)
  - op#02  op=QK       shard=1   q=[16x1x128] + k=[16x128x2566]  ->  y=[16x1x2566]  (T=1, K=2566)
  - op#03  op=Softmax  shard=0   scores=[16x1x2566]  ->  y=[16x1x2566]  (T=1, K=2566)
  - op#04  op=Softmax  shard=1   scores=[16x1x2566]  ->  y=[16x1x2566]  (T=1, K=2566)
  - op#05  op=SV       shard=0   p=[16x1x2566] + v=[16x2566x128]  ->  y=[16x1x128]  (T=1, K=2566)
  - op#06  op=SV       shard=1   p=[16x1x2566] + v=[16x2566x128]  ->  y=[16x1x128]  (T=1, K=2566)
  - op#07  op=Add      shard=-1  a=[1x4096] + b=[1x4096]  ->  y=[1x4096]  (T=1, K=2566)
  - op#08  op=LN       shard=-1  x=[1x4096] + w=[4096]  ->  y=[1x4096]  (T=1, K=2566)
  - op#09  op=SwiGLU   shard=0   a=[1x5504] + b=[1x5504]  ->  y=[1x5504]  (T=1, K=2566)
  - op#10  op=SwiGLU   shard=1   a=[1x5504] + b=[1x5504]  ->  y=[1x5504]  (T=1, K=2566)
  - op#11  op=Add      shard=-1  a=[1x4096] + b=[1x4096]  ->  y=[1x4096]  (T=1, K=2566)
[gpu-debug] per-op timing breakdown (avg over iters):
  idx  op       sh  io                                                    time   est_flops    TFLOPs       bytes      GB/s
  ------------------------------------------------------------------------------------------------------------------------
    0  LN       -1  x[1x4096]+w[4096]->y[1x4096]                        0.063ms    20.480 K      0.00   24.00 KiB      0.39
    1  QK        0  q[16x1x128]+k[16x128x2566]->y[16x1x2566]            0.052ms    10.510 M      0.20   10.11 MiB    202.51
    2  QK        1  q[16x1x128]+k[16x128x2566]->y[16x1x2566]            0.043ms    10.510 M      0.25   10.11 MiB    247.56
    3  Softmax   0  scores[16x1x2566]->y[16x1x2566]                     0.018ms   205.280 K      0.01  160.38 KiB      8.91
    4  Softmax   1  scores[16x1x2566]->y[16x1x2566]                     0.015ms   205.280 K      0.01  160.38 KiB     11.14
    5  SV        0  p[16x1x2566]+v[16x2566x128]->y[16x1x128]            0.033ms    10.510 M      0.32   10.11 MiB    320.38
    6  SV        1  p[16x1x2566]+v[16x2566x128]->y[16x1x128]            0.030ms    10.510 M      0.35   10.11 MiB    350.79
    7  Add      -1  a[1x4096]+b[1x4096]->y[1x4096]                      0.018ms     4.096 K      0.00   24.00 KiB      1.34
    8  LN       -1  x[1x4096]+w[4096]->y[1x4096]                        0.065ms    20.480 K      0.00   24.00 KiB      0.38
    9  SwiGLU    0  a[1x5504]+b[1x5504]->y[1x5504]                      0.025ms    33.024 K      0.00   32.25 KiB      1.34
   10  SwiGLU    1  a[1x5504]+b[1x5504]->y[1x5504]                      0.021ms    33.024 K      0.00   32.25 KiB      1.55
   11  Add      -1  a[1x4096]+b[1x4096]->y[1x4096]                      0.016ms     4.096 K      0.00   24.00 KiB      1.56
[gpu-debug] segment avg latency (cuda_events): 0.258 ms
[gpu-debug] sum(per-op)               : 0.400 ms (ratio=1.548)
[gpu-debug] NOTE: sum(per-op) may differ from segment latency due to Python overhead, event/launch overhead, and allocator/cache effects.
[gpu-debug] cuda mem before warmup: alloc=1.48 GiB reserved=1.71 GiB
[gpu-debug] cuda mem after warmup : alloc=1.50 GiB reserved=1.72 GiB
[gpu-debug] cuda mem peak (this segment): max_alloc=1.50 GiB max_reserved=1.72 GiB
========================================================================================
[gpu-debug] segment_key=npu|decode|194|48322b0ab0207f84448cb08e6eac5594
[gpu-debug] sig: device_type=npu phase=decode step=194 (count_hint=32)
[gpu-debug] ops_repr: LN:-1,QK:0,QK:1,Softmax:0,Softmax:1,SV:0,SV:1,Add:-1,LN:-1,SwiGLU:0,SwiGLU:1,Add:-1
[gpu-debug] cfg: device=cuda dtype=torch.bfloat16 dim=4096 ffn_dim=11008 n_heads=32 shards=2
[gpu-debug] op plan (with inferred tensor shapes):
  - op#00  op=LN       shard=-1  x=[1x4096] + w=[4096]  ->  y=[1x4096]  (T=1, K=2578)
  - op#01  op=QK       shard=0   q=[16x1x128] + k=[16x128x2578]  ->  y=[16x1x2578]  (T=1, K=2578)
  - op#02  op=QK       shard=1   q=[16x1x128] + k=[16x128x2578]  ->  y=[16x1x2578]  (T=1, K=2578)
  - op#03  op=Softmax  shard=0   scores=[16x1x2578]  ->  y=[16x1x2578]  (T=1, K=2578)
  - op#04  op=Softmax  shard=1   scores=[16x1x2578]  ->  y=[16x1x2578]  (T=1, K=2578)
  - op#05  op=SV       shard=0   p=[16x1x2578] + v=[16x2578x128]  ->  y=[16x1x128]  (T=1, K=2578)
  - op#06  op=SV       shard=1   p=[16x1x2578] + v=[16x2578x128]  ->  y=[16x1x128]  (T=1, K=2578)
  - op#07  op=Add      shard=-1  a=[1x4096] + b=[1x4096]  ->  y=[1x4096]  (T=1, K=2578)
  - op#08  op=LN       shard=-1  x=[1x4096] + w=[4096]  ->  y=[1x4096]  (T=1, K=2578)
  - op#09  op=SwiGLU   shard=0   a=[1x5504] + b=[1x5504]  ->  y=[1x5504]  (T=1, K=2578)
  - op#10  op=SwiGLU   shard=1   a=[1x5504] + b=[1x5504]  ->  y=[1x5504]  (T=1, K=2578)
  - op#11  op=Add      shard=-1  a=[1x4096] + b=[1x4096]  ->  y=[1x4096]  (T=1, K=2578)
[gpu-debug] per-op timing breakdown (avg over iters):
  idx  op       sh  io                                                    time   est_flops    TFLOPs       bytes      GB/s
  ------------------------------------------------------------------------------------------------------------------------
    0  LN       -1  x[1x4096]+w[4096]->y[1x4096]                        0.064ms    20.480 K      0.00   24.00 KiB      0.39
    1  QK        0  q[16x1x128]+k[16x128x2578]->y[16x1x2578]            0.052ms    10.559 M      0.20   10.15 MiB    203.06
    2  QK        1  q[16x1x128]+k[16x128x2578]->y[16x1x2578]            0.042ms    10.559 M      0.25   10.15 MiB    253.57
    3  Softmax   0  scores[16x1x2578]->y[16x1x2578]                     0.018ms   206.240 K      0.01  161.12 KiB      9.00
    4  Softmax   1  scores[16x1x2578]->y[16x1x2578]                     0.015ms   206.240 K      0.01  161.12 KiB     11.35
    5  SV        0  p[16x1x2578]+v[16x2578x128]->y[16x1x128]            0.033ms    10.559 M      0.32   10.15 MiB    326.94
    6  SV        1  p[16x1x2578]+v[16x2578x128]->y[16x1x128]            0.030ms    10.559 M      0.35   10.15 MiB    350.05
    7  Add      -1  a[1x4096]+b[1x4096]->y[1x4096]                      0.018ms     4.096 K      0.00   24.00 KiB      1.36
    8  LN       -1  x[1x4096]+w[4096]->y[1x4096]                        0.068ms    20.480 K      0.00   24.00 KiB      0.36
    9  SwiGLU    0  a[1x5504]+b[1x5504]->y[1x5504]                      0.025ms    33.024 K      0.00   32.25 KiB      1.33
   10  SwiGLU    1  a[1x5504]+b[1x5504]->y[1x5504]                      0.022ms    33.024 K      0.00   32.25 KiB      1.53
   11  Add      -1  a[1x4096]+b[1x4096]->y[1x4096]                      0.016ms     4.096 K      0.00   24.00 KiB      1.54
[gpu-debug] segment avg latency (cuda_events): 0.263 ms
[gpu-debug] sum(per-op)               : 0.403 ms (ratio=1.531)
[gpu-debug] NOTE: sum(per-op) may differ from segment latency due to Python overhead, event/launch overhead, and allocator/cache effects.
[gpu-debug] cuda mem before warmup: alloc=1.50 GiB reserved=1.72 GiB
[gpu-debug] cuda mem after warmup : alloc=1.52 GiB reserved=1.74 GiB
[gpu-debug] cuda mem peak (this segment): max_alloc=1.52 GiB max_reserved=1.74 GiB
========================================================================================
[gpu-debug] segment_key=npu|decode|195|48322b0ab0207f84448cb08e6eac5594
[gpu-debug] sig: device_type=npu phase=decode step=195 (count_hint=32)
[gpu-debug] ops_repr: LN:-1,QK:0,QK:1,Softmax:0,Softmax:1,SV:0,SV:1,Add:-1,LN:-1,SwiGLU:0,SwiGLU:1,Add:-1
[gpu-debug] cfg: device=cuda dtype=torch.bfloat16 dim=4096 ffn_dim=11008 n_heads=32 shards=2
[gpu-debug] op plan (with inferred tensor shapes):
  - op#00  op=LN       shard=-1  x=[1x4096] + w=[4096]  ->  y=[1x4096]  (T=1, K=2590)
  - op#01  op=QK       shard=0   q=[16x1x128] + k=[16x128x2590]  ->  y=[16x1x2590]  (T=1, K=2590)
  - op#02  op=QK       shard=1   q=[16x1x128] + k=[16x128x2590]  ->  y=[16x1x2590]  (T=1, K=2590)
  - op#03  op=Softmax  shard=0   scores=[16x1x2590]  ->  y=[16x1x2590]  (T=1, K=2590)
  - op#04  op=Softmax  shard=1   scores=[16x1x2590]  ->  y=[16x1x2590]  (T=1, K=2590)
  - op#05  op=SV       shard=0   p=[16x1x2590] + v=[16x2590x128]  ->  y=[16x1x128]  (T=1, K=2590)
  - op#06  op=SV       shard=1   p=[16x1x2590] + v=[16x2590x128]  ->  y=[16x1x128]  (T=1, K=2590)
  - op#07  op=Add      shard=-1  a=[1x4096] + b=[1x4096]  ->  y=[1x4096]  (T=1, K=2590)
  - op#08  op=LN       shard=-1  x=[1x4096] + w=[4096]  ->  y=[1x4096]  (T=1, K=2590)
  - op#09  op=SwiGLU   shard=0   a=[1x5504] + b=[1x5504]  ->  y=[1x5504]  (T=1, K=2590)
  - op#10  op=SwiGLU   shard=1   a=[1x5504] + b=[1x5504]  ->  y=[1x5504]  (T=1, K=2590)
  - op#11  op=Add      shard=-1  a=[1x4096] + b=[1x4096]  ->  y=[1x4096]  (T=1, K=2590)
[gpu-debug] per-op timing breakdown (avg over iters):
  idx  op       sh  io                                                    time   est_flops    TFLOPs       bytes      GB/s
  ------------------------------------------------------------------------------------------------------------------------
    0  LN       -1  x[1x4096]+w[4096]->y[1x4096]                        0.064ms    20.480 K      0.00   24.00 KiB      0.38
    1  QK        0  q[16x1x128]+k[16x128x2590]->y[16x1x2590]            0.053ms    10.609 M      0.20   10.20 MiB    203.61
    2  QK        1  q[16x1x128]+k[16x128x2590]->y[16x1x2590]            0.042ms    10.609 M      0.25   10.20 MiB    252.90
    3  Softmax   0  scores[16x1x2590]->y[16x1x2590]                     0.018ms   207.200 K      0.01  161.88 KiB      9.30
    4  Softmax   1  scores[16x1x2590]->y[16x1x2590]                     0.014ms   207.200 K      0.01  161.88 KiB     11.56
    5  SV        0  p[16x1x2590]+v[16x2590x128]->y[16x1x128]            0.032ms    10.609 M      0.33   10.20 MiB    333.70
    6  SV        1  p[16x1x2590]+v[16x2590x128]->y[16x1x128]            0.029ms    10.609 M      0.36   10.20 MiB    362.67
    7  Add      -1  a[1x4096]+b[1x4096]->y[1x4096]                      0.018ms     4.096 K      0.00   24.00 KiB      1.36
    8  LN       -1  x[1x4096]+w[4096]->y[1x4096]                        0.065ms    20.480 K      0.00   24.00 KiB      0.38
    9  SwiGLU    0  a[1x5504]+b[1x5504]->y[1x5504]                      0.024ms    33.024 K      0.00   32.25 KiB      1.36
   10  SwiGLU    1  a[1x5504]+b[1x5504]->y[1x5504]                      0.025ms    33.024 K      0.00   32.25 KiB      1.34
   11  Add      -1  a[1x4096]+b[1x4096]->y[1x4096]                      0.016ms     4.096 K      0.00   24.00 KiB      1.52
[gpu-debug] segment avg latency (cuda_events): 0.259 ms
[gpu-debug] sum(per-op)               : 0.400 ms (ratio=1.549)
[gpu-debug] NOTE: sum(per-op) may differ from segment latency due to Python overhead, event/launch overhead, and allocator/cache effects.
[gpu-debug] cuda mem before warmup: alloc=1.52 GiB reserved=1.74 GiB
[gpu-debug] cuda mem after warmup : alloc=1.54 GiB reserved=1.77 GiB
[gpu-debug] cuda mem peak (this segment): max_alloc=1.54 GiB max_reserved=1.77 GiB
========================================================================================
[gpu-debug] segment_key=npu|decode|196|48322b0ab0207f84448cb08e6eac5594
[gpu-debug] sig: device_type=npu phase=decode step=196 (count_hint=32)
[gpu-debug] ops_repr: LN:-1,QK:0,QK:1,Softmax:0,Softmax:1,SV:0,SV:1,Add:-1,LN:-1,SwiGLU:0,SwiGLU:1,Add:-1
[gpu-debug] cfg: device=cuda dtype=torch.bfloat16 dim=4096 ffn_dim=11008 n_heads=32 shards=2
[gpu-debug] op plan (with inferred tensor shapes):
  - op#00  op=LN       shard=-1  x=[1x4096] + w=[4096]  ->  y=[1x4096]  (T=1, K=2602)
  - op#01  op=QK       shard=0   q=[16x1x128] + k=[16x128x2602]  ->  y=[16x1x2602]  (T=1, K=2602)
  - op#02  op=QK       shard=1   q=[16x1x128] + k=[16x128x2602]  ->  y=[16x1x2602]  (T=1, K=2602)
  - op#03  op=Softmax  shard=0   scores=[16x1x2602]  ->  y=[16x1x2602]  (T=1, K=2602)
  - op#04  op=Softmax  shard=1   scores=[16x1x2602]  ->  y=[16x1x2602]  (T=1, K=2602)
  - op#05  op=SV       shard=0   p=[16x1x2602] + v=[16x2602x128]  ->  y=[16x1x128]  (T=1, K=2602)
  - op#06  op=SV       shard=1   p=[16x1x2602] + v=[16x2602x128]  ->  y=[16x1x128]  (T=1, K=2602)
  - op#07  op=Add      shard=-1  a=[1x4096] + b=[1x4096]  ->  y=[1x4096]  (T=1, K=2602)
  - op#08  op=LN       shard=-1  x=[1x4096] + w=[4096]  ->  y=[1x4096]  (T=1, K=2602)
  - op#09  op=SwiGLU   shard=0   a=[1x5504] + b=[1x5504]  ->  y=[1x5504]  (T=1, K=2602)
  - op#10  op=SwiGLU   shard=1   a=[1x5504] + b=[1x5504]  ->  y=[1x5504]  (T=1, K=2602)
  - op#11  op=Add      shard=-1  a=[1x4096] + b=[1x4096]  ->  y=[1x4096]  (T=1, K=2602)
[gpu-debug] per-op timing breakdown (avg over iters):
  idx  op       sh  io                                                    time   est_flops    TFLOPs       bytes      GB/s
  ------------------------------------------------------------------------------------------------------------------------
    0  LN       -1  x[1x4096]+w[4096]->y[1x4096]                        0.063ms    20.480 K      0.00   24.00 KiB      0.39
    1  QK        0  q[16x1x128]+k[16x128x2602]->y[16x1x2602]            0.054ms    10.658 M      0.20   10.25 MiB    197.24
    2  QK        1  q[16x1x128]+k[16x128x2602]->y[16x1x2602]            0.043ms    10.658 M      0.25   10.25 MiB    250.44
    3  Softmax   0  scores[16x1x2602]->y[16x1x2602]                     0.018ms   208.160 K      0.01  162.62 KiB      9.14
    4  Softmax   1  scores[16x1x2602]->y[16x1x2602]                     0.015ms   208.160 K      0.01  162.62 KiB     11.37
    5  SV        0  p[16x1x2602]+v[16x2602x128]->y[16x1x128]            0.032ms    10.658 M      0.33   10.25 MiB    334.18
    6  SV        1  p[16x1x2602]+v[16x2602x128]->y[16x1x128]            0.030ms    10.658 M      0.36   10.25 MiB    359.36
    7  Add      -1  a[1x4096]+b[1x4096]->y[1x4096]                      0.018ms     4.096 K      0.00   24.00 KiB      1.37
    8  LN       -1  x[1x4096]+w[4096]->y[1x4096]                        0.066ms    20.480 K      0.00   24.00 KiB      0.38
    9  SwiGLU    0  a[1x5504]+b[1x5504]->y[1x5504]                      0.025ms    33.024 K      0.00   32.25 KiB      1.31
   10  SwiGLU    1  a[1x5504]+b[1x5504]->y[1x5504]                      0.022ms    33.024 K      0.00   32.25 KiB      1.50
   11  Add      -1  a[1x4096]+b[1x4096]->y[1x4096]                      0.016ms     4.096 K      0.00   24.00 KiB      1.54
[gpu-debug] segment avg latency (cuda_events): 0.258 ms
[gpu-debug] sum(per-op)               : 0.402 ms (ratio=1.558)
[gpu-debug] NOTE: sum(per-op) may differ from segment latency due to Python overhead, event/launch overhead, and allocator/cache effects.
[gpu-debug] cuda mem before warmup: alloc=1.54 GiB reserved=1.77 GiB
[gpu-debug] cuda mem after warmup : alloc=1.56 GiB reserved=1.79 GiB
[gpu-debug] cuda mem peak (this segment): max_alloc=1.56 GiB max_reserved=1.79 GiB
========================================================================================
[gpu-debug] segment_key=npu|decode|197|48322b0ab0207f84448cb08e6eac5594
[gpu-debug] sig: device_type=npu phase=decode step=197 (count_hint=32)
[gpu-debug] ops_repr: LN:-1,QK:0,QK:1,Softmax:0,Softmax:1,SV:0,SV:1,Add:-1,LN:-1,SwiGLU:0,SwiGLU:1,Add:-1
[gpu-debug] cfg: device=cuda dtype=torch.bfloat16 dim=4096 ffn_dim=11008 n_heads=32 shards=2
[gpu-debug] op plan (with inferred tensor shapes):
  - op#00  op=LN       shard=-1  x=[1x4096] + w=[4096]  ->  y=[1x4096]  (T=1, K=2614)
  - op#01  op=QK       shard=0   q=[16x1x128] + k=[16x128x2614]  ->  y=[16x1x2614]  (T=1, K=2614)
  - op#02  op=QK       shard=1   q=[16x1x128] + k=[16x128x2614]  ->  y=[16x1x2614]  (T=1, K=2614)
  - op#03  op=Softmax  shard=0   scores=[16x1x2614]  ->  y=[16x1x2614]  (T=1, K=2614)
  - op#04  op=Softmax  shard=1   scores=[16x1x2614]  ->  y=[16x1x2614]  (T=1, K=2614)
  - op#05  op=SV       shard=0   p=[16x1x2614] + v=[16x2614x128]  ->  y=[16x1x128]  (T=1, K=2614)
  - op#06  op=SV       shard=1   p=[16x1x2614] + v=[16x2614x128]  ->  y=[16x1x128]  (T=1, K=2614)
  - op#07  op=Add      shard=-1  a=[1x4096] + b=[1x4096]  ->  y=[1x4096]  (T=1, K=2614)
  - op#08  op=LN       shard=-1  x=[1x4096] + w=[4096]  ->  y=[1x4096]  (T=1, K=2614)
  - op#09  op=SwiGLU   shard=0   a=[1x5504] + b=[1x5504]  ->  y=[1x5504]  (T=1, K=2614)
  - op#10  op=SwiGLU   shard=1   a=[1x5504] + b=[1x5504]  ->  y=[1x5504]  (T=1, K=2614)
  - op#11  op=Add      shard=-1  a=[1x4096] + b=[1x4096]  ->  y=[1x4096]  (T=1, K=2614)
[gpu-debug] per-op timing breakdown (avg over iters):
  idx  op       sh  io                                                    time   est_flops    TFLOPs       bytes      GB/s
  ------------------------------------------------------------------------------------------------------------------------
    0  LN       -1  x[1x4096]+w[4096]->y[1x4096]                        0.063ms    20.480 K      0.00   24.00 KiB      0.39
    1  QK        0  q[16x1x128]+k[16x128x2614]->y[16x1x2614]            0.052ms    10.707 M      0.21   10.29 MiB    207.11
    2  QK        1  q[16x1x128]+k[16x128x2614]->y[16x1x2614]            0.044ms    10.707 M      0.24   10.29 MiB    245.73
    3  Softmax   0  scores[16x1x2614]->y[16x1x2614]                     0.019ms   209.120 K      0.01  163.38 KiB      9.03
    4  Softmax   1  scores[16x1x2614]->y[16x1x2614]                     0.015ms   209.120 K      0.01  163.38 KiB     11.11
    5  SV        0  p[16x1x2614]+v[16x2614x128]->y[16x1x128]            0.033ms    10.707 M      0.32   10.29 MiB    327.38
    6  SV        1  p[16x1x2614]+v[16x2614x128]->y[16x1x128]            0.030ms    10.707 M      0.35   10.29 MiB    357.35
    7  Add      -1  a[1x4096]+b[1x4096]->y[1x4096]                      0.018ms     4.096 K      0.00   24.00 KiB      1.33
    8  LN       -1  x[1x4096]+w[4096]->y[1x4096]                        0.065ms    20.480 K      0.00   24.00 KiB      0.38
    9  SwiGLU    0  a[1x5504]+b[1x5504]->y[1x5504]                      0.025ms    33.024 K      0.00   32.25 KiB      1.33
   10  SwiGLU    1  a[1x5504]+b[1x5504]->y[1x5504]                      0.022ms    33.024 K      0.00   32.25 KiB      1.54
   11  Add      -1  a[1x4096]+b[1x4096]->y[1x4096]                      0.016ms     4.096 K      0.00   24.00 KiB      1.53
[gpu-debug] segment avg latency (cuda_events): 0.259 ms
[gpu-debug] sum(per-op)               : 0.402 ms (ratio=1.556)
[gpu-debug] NOTE: sum(per-op) may differ from segment latency due to Python overhead, event/launch overhead, and allocator/cache effects.
[gpu-debug] cuda mem before warmup: alloc=1.56 GiB reserved=1.79 GiB
[gpu-debug] cuda mem after warmup : alloc=1.58 GiB reserved=1.81 GiB
[gpu-debug] cuda mem peak (this segment): max_alloc=1.58 GiB max_reserved=1.81 GiB
========================================================================================
[gpu-debug] segment_key=npu|decode|198|48322b0ab0207f84448cb08e6eac5594
[gpu-debug] sig: device_type=npu phase=decode step=198 (count_hint=32)
[gpu-debug] ops_repr: LN:-1,QK:0,QK:1,Softmax:0,Softmax:1,SV:0,SV:1,Add:-1,LN:-1,SwiGLU:0,SwiGLU:1,Add:-1
[gpu-debug] cfg: device=cuda dtype=torch.bfloat16 dim=4096 ffn_dim=11008 n_heads=32 shards=2
[gpu-debug] op plan (with inferred tensor shapes):
  - op#00  op=LN       shard=-1  x=[1x4096] + w=[4096]  ->  y=[1x4096]  (T=1, K=2626)
  - op#01  op=QK       shard=0   q=[16x1x128] + k=[16x128x2626]  ->  y=[16x1x2626]  (T=1, K=2626)
  - op#02  op=QK       shard=1   q=[16x1x128] + k=[16x128x2626]  ->  y=[16x1x2626]  (T=1, K=2626)
  - op#03  op=Softmax  shard=0   scores=[16x1x2626]  ->  y=[16x1x2626]  (T=1, K=2626)
  - op#04  op=Softmax  shard=1   scores=[16x1x2626]  ->  y=[16x1x2626]  (T=1, K=2626)
  - op#05  op=SV       shard=0   p=[16x1x2626] + v=[16x2626x128]  ->  y=[16x1x128]  (T=1, K=2626)
  - op#06  op=SV       shard=1   p=[16x1x2626] + v=[16x2626x128]  ->  y=[16x1x128]  (T=1, K=2626)
  - op#07  op=Add      shard=-1  a=[1x4096] + b=[1x4096]  ->  y=[1x4096]  (T=1, K=2626)
  - op#08  op=LN       shard=-1  x=[1x4096] + w=[4096]  ->  y=[1x4096]  (T=1, K=2626)
  - op#09  op=SwiGLU   shard=0   a=[1x5504] + b=[1x5504]  ->  y=[1x5504]  (T=1, K=2626)
  - op#10  op=SwiGLU   shard=1   a=[1x5504] + b=[1x5504]  ->  y=[1x5504]  (T=1, K=2626)
  - op#11  op=Add      shard=-1  a=[1x4096] + b=[1x4096]  ->  y=[1x4096]  (T=1, K=2626)
[gpu-debug] per-op timing breakdown (avg over iters):
  idx  op       sh  io                                                    time   est_flops    TFLOPs       bytes      GB/s
  ------------------------------------------------------------------------------------------------------------------------
    0  LN       -1  x[1x4096]+w[4096]->y[1x4096]                        0.063ms    20.480 K      0.00   24.00 KiB      0.39
    1  QK        0  q[16x1x128]+k[16x128x2626]->y[16x1x2626]            0.051ms    10.756 M      0.21   10.34 MiB    210.96
    2  QK        1  q[16x1x128]+k[16x128x2626]->y[16x1x2626]            0.043ms    10.756 M      0.25   10.34 MiB    250.36
    3  Softmax   0  scores[16x1x2626]->y[16x1x2626]                     0.018ms   210.080 K      0.01  164.12 KiB      9.43
    4  Softmax   1  scores[16x1x2626]->y[16x1x2626]                     0.015ms   210.080 K      0.01  164.12 KiB     11.48
    5  SV        0  p[16x1x2626]+v[16x2626x128]->y[16x1x128]            0.033ms    10.756 M      0.33   10.34 MiB    333.02
    6  SV        1  p[16x1x2626]+v[16x2626x128]->y[16x1x128]            0.031ms    10.756 M      0.35   10.34 MiB    353.00
    7  Add      -1  a[1x4096]+b[1x4096]->y[1x4096]                      0.019ms     4.096 K      0.00   24.00 KiB      1.30
    8  LN       -1  x[1x4096]+w[4096]->y[1x4096]                        0.066ms    20.480 K      0.00   24.00 KiB      0.37
    9  SwiGLU    0  a[1x5504]+b[1x5504]->y[1x5504]                      0.025ms    33.024 K      0.00   32.25 KiB      1.32
   10  SwiGLU    1  a[1x5504]+b[1x5504]->y[1x5504]                      0.022ms    33.024 K      0.00   32.25 KiB      1.51
   11  Add      -1  a[1x4096]+b[1x4096]->y[1x4096]                      0.016ms     4.096 K      0.00   24.00 KiB      1.55
[gpu-debug] segment avg latency (cuda_events): 0.258 ms
[gpu-debug] sum(per-op)               : 0.400 ms (ratio=1.554)
[gpu-debug] NOTE: sum(per-op) may differ from segment latency due to Python overhead, event/launch overhead, and allocator/cache effects.
[gpu-debug] cuda mem before warmup: alloc=1.58 GiB reserved=1.81 GiB
[gpu-debug] cuda mem after warmup : alloc=1.60 GiB reserved=1.84 GiB
[gpu-debug] cuda mem peak (this segment): max_alloc=1.60 GiB max_reserved=1.84 GiB
========================================================================================
[gpu-debug] segment_key=npu|decode|199|48322b0ab0207f84448cb08e6eac5594
[gpu-debug] sig: device_type=npu phase=decode step=199 (count_hint=32)
[gpu-debug] ops_repr: LN:-1,QK:0,QK:1,Softmax:0,Softmax:1,SV:0,SV:1,Add:-1,LN:-1,SwiGLU:0,SwiGLU:1,Add:-1
[gpu-debug] cfg: device=cuda dtype=torch.bfloat16 dim=4096 ffn_dim=11008 n_heads=32 shards=2
[gpu-debug] op plan (with inferred tensor shapes):
  - op#00  op=LN       shard=-1  x=[1x4096] + w=[4096]  ->  y=[1x4096]  (T=1, K=2638)
  - op#01  op=QK       shard=0   q=[16x1x128] + k=[16x128x2638]  ->  y=[16x1x2638]  (T=1, K=2638)
  - op#02  op=QK       shard=1   q=[16x1x128] + k=[16x128x2638]  ->  y=[16x1x2638]  (T=1, K=2638)
  - op#03  op=Softmax  shard=0   scores=[16x1x2638]  ->  y=[16x1x2638]  (T=1, K=2638)
  - op#04  op=Softmax  shard=1   scores=[16x1x2638]  ->  y=[16x1x2638]  (T=1, K=2638)
  - op#05  op=SV       shard=0   p=[16x1x2638] + v=[16x2638x128]  ->  y=[16x1x128]  (T=1, K=2638)
  - op#06  op=SV       shard=1   p=[16x1x2638] + v=[16x2638x128]  ->  y=[16x1x128]  (T=1, K=2638)
  - op#07  op=Add      shard=-1  a=[1x4096] + b=[1x4096]  ->  y=[1x4096]  (T=1, K=2638)
  - op#08  op=LN       shard=-1  x=[1x4096] + w=[4096]  ->  y=[1x4096]  (T=1, K=2638)
  - op#09  op=SwiGLU   shard=0   a=[1x5504] + b=[1x5504]  ->  y=[1x5504]  (T=1, K=2638)
  - op#10  op=SwiGLU   shard=1   a=[1x5504] + b=[1x5504]  ->  y=[1x5504]  (T=1, K=2638)
  - op#11  op=Add      shard=-1  a=[1x4096] + b=[1x4096]  ->  y=[1x4096]  (T=1, K=2638)
[gpu-debug] per-op timing breakdown (avg over iters):
  idx  op       sh  io                                                    time   est_flops    TFLOPs       bytes      GB/s
  ------------------------------------------------------------------------------------------------------------------------
    0  LN       -1  x[1x4096]+w[4096]->y[1x4096]                        0.064ms    20.480 K      0.00   24.00 KiB      0.38
    1  QK        0  q[16x1x128]+k[16x128x2638]->y[16x1x2638]            0.053ms    10.805 M      0.20   10.39 MiB    206.17
    2  QK        1  q[16x1x128]+k[16x128x2638]->y[16x1x2638]            0.042ms    10.805 M      0.25   10.39 MiB    256.97
    3  Softmax   0  scores[16x1x2638]->y[16x1x2638]                     0.018ms   211.040 K      0.01  164.88 KiB      9.31
    4  Softmax   1  scores[16x1x2638]->y[16x1x2638]                     0.015ms   211.040 K      0.01  164.88 KiB     11.45
    5  SV        0  p[16x1x2638]+v[16x2638x128]->y[16x1x128]            0.033ms    10.805 M      0.32   10.39 MiB    327.34
    6  SV        1  p[16x1x2638]+v[16x2638x128]->y[16x1x128]            0.030ms    10.805 M      0.36   10.39 MiB    360.63
    7  Add      -1  a[1x4096]+b[1x4096]->y[1x4096]                      0.018ms     4.096 K      0.00   24.00 KiB      1.36
    8  LN       -1  x[1x4096]+w[4096]->y[1x4096]                        0.066ms    20.480 K      0.00   24.00 KiB      0.37
    9  SwiGLU    0  a[1x5504]+b[1x5504]->y[1x5504]                      0.026ms    33.024 K      0.00   32.25 KiB      1.28
   10  SwiGLU    1  a[1x5504]+b[1x5504]->y[1x5504]                      0.022ms    33.024 K      0.00   32.25 KiB      1.52
   11  Add      -1  a[1x4096]+b[1x4096]->y[1x4096]                      0.016ms     4.096 K      0.00   24.00 KiB      1.56
[gpu-debug] segment avg latency (cuda_events): 0.259 ms
[gpu-debug] sum(per-op)               : 0.403 ms (ratio=1.557)
[gpu-debug] NOTE: sum(per-op) may differ from segment latency due to Python overhead, event/launch overhead, and allocator/cache effects.
[gpu-debug] cuda mem before warmup: alloc=1.60 GiB reserved=1.84 GiB
[gpu-debug] cuda mem after warmup : alloc=1.62 GiB reserved=1.86 GiB
[gpu-debug] cuda mem peak (this segment): max_alloc=1.62 GiB max_reserved=1.86 GiB
========================================================================================
[gpu-debug] segment_key=npu|decode|19|48322b0ab0207f84448cb08e6eac5594
[gpu-debug] sig: device_type=npu phase=decode step=19 (count_hint=32)
[gpu-debug] ops_repr: LN:-1,QK:0,QK:1,Softmax:0,Softmax:1,SV:0,SV:1,Add:-1,LN:-1,SwiGLU:0,SwiGLU:1,Add:-1
[gpu-debug] cfg: device=cuda dtype=torch.bfloat16 dim=4096 ffn_dim=11008 n_heads=32 shards=2
[gpu-debug] op plan (with inferred tensor shapes):
  - op#00  op=LN       shard=-1  x=[1x4096] + w=[4096]  ->  y=[1x4096]  (T=1, K=478)
  - op#01  op=QK       shard=0   q=[16x1x128] + k=[16x128x478]  ->  y=[16x1x478]  (T=1, K=478)
  - op#02  op=QK       shard=1   q=[16x1x128] + k=[16x128x478]  ->  y=[16x1x478]  (T=1, K=478)
  - op#03  op=Softmax  shard=0   scores=[16x1x478]  ->  y=[16x1x478]  (T=1, K=478)
  - op#04  op=Softmax  shard=1   scores=[16x1x478]  ->  y=[16x1x478]  (T=1, K=478)
  - op#05  op=SV       shard=0   p=[16x1x478] + v=[16x478x128]  ->  y=[16x1x128]  (T=1, K=478)
  - op#06  op=SV       shard=1   p=[16x1x478] + v=[16x478x128]  ->  y=[16x1x128]  (T=1, K=478)
  - op#07  op=Add      shard=-1  a=[1x4096] + b=[1x4096]  ->  y=[1x4096]  (T=1, K=478)
  - op#08  op=LN       shard=-1  x=[1x4096] + w=[4096]  ->  y=[1x4096]  (T=1, K=478)
  - op#09  op=SwiGLU   shard=0   a=[1x5504] + b=[1x5504]  ->  y=[1x5504]  (T=1, K=478)
  - op#10  op=SwiGLU   shard=1   a=[1x5504] + b=[1x5504]  ->  y=[1x5504]  (T=1, K=478)
  - op#11  op=Add      shard=-1  a=[1x4096] + b=[1x4096]  ->  y=[1x4096]  (T=1, K=478)
[gpu-debug] per-op timing breakdown (avg over iters):
  idx  op       sh  io                                                    time   est_flops    TFLOPs       bytes      GB/s
  ------------------------------------------------------------------------------------------------------------------------
    0  LN       -1  x[1x4096]+w[4096]->y[1x4096]                        0.063ms    20.480 K      0.00   24.00 KiB      0.39
    1  QK        0  q[16x1x128]+k[16x128x478]->y[16x1x478]              0.050ms     1.958 M      0.04    1.89 MiB     39.17
    2  QK        1  q[16x1x128]+k[16x128x478]->y[16x1x478]              0.041ms     1.958 M      0.05    1.89 MiB     47.80
    3  Softmax   0  scores[16x1x478]->y[16x1x478]                       0.018ms    38.240 K      0.00   29.88 KiB      1.67
    4  Softmax   1  scores[16x1x478]->y[16x1x478]                       0.015ms    38.240 K      0.00   29.88 KiB      2.07
    5  SV        0  p[16x1x478]+v[16x478x128]->y[16x1x128]              0.032ms     1.958 M      0.06    1.89 MiB     62.09
    6  SV        1  p[16x1x478]+v[16x478x128]->y[16x1x128]              0.028ms     1.958 M      0.07    1.89 MiB     70.99
    7  Add      -1  a[1x4096]+b[1x4096]->y[1x4096]                      0.018ms     4.096 K      0.00   24.00 KiB      1.36
    8  LN       -1  x[1x4096]+w[4096]->y[1x4096]                        0.065ms    20.480 K      0.00   24.00 KiB      0.38
    9  SwiGLU    0  a[1x5504]+b[1x5504]->y[1x5504]                      0.025ms    33.024 K      0.00   32.25 KiB      1.33
   10  SwiGLU    1  a[1x5504]+b[1x5504]->y[1x5504]                      0.022ms    33.024 K      0.00   32.25 KiB      1.51
   11  Add      -1  a[1x4096]+b[1x4096]->y[1x4096]                      0.016ms     4.096 K      0.00   24.00 KiB      1.56
[gpu-debug] segment avg latency (cuda_events): 0.258 ms
[gpu-debug] sum(per-op)               : 0.393 ms (ratio=1.524)
[gpu-debug] NOTE: sum(per-op) may differ from segment latency due to Python overhead, event/launch overhead, and allocator/cache effects.
[gpu-debug] cuda mem before warmup: alloc=1.62 GiB reserved=1.86 GiB
[gpu-debug] cuda mem after warmup : alloc=1.62 GiB reserved=1.86 GiB
[gpu-debug] cuda mem peak (this segment): max_alloc=1.62 GiB max_reserved=1.86 GiB
========================================================================================
[gpu-debug] segment_key=npu|decode|1|48322b0ab0207f84448cb08e6eac5594
[gpu-debug] sig: device_type=npu phase=decode step=1 (count_hint=32)
[gpu-debug] ops_repr: LN:-1,QK:0,QK:1,Softmax:0,Softmax:1,SV:0,SV:1,Add:-1,LN:-1,SwiGLU:0,SwiGLU:1,Add:-1
[gpu-debug] cfg: device=cuda dtype=torch.bfloat16 dim=4096 ffn_dim=11008 n_heads=32 shards=2
[gpu-debug] op plan (with inferred tensor shapes):
  - op#00  op=LN       shard=-1  x=[1x4096] + w=[4096]  ->  y=[1x4096]  (T=1, K=264)
  - op#01  op=QK       shard=0   q=[16x1x128] + k=[16x128x264]  ->  y=[16x1x264]  (T=1, K=264)
  - op#02  op=QK       shard=1   q=[16x1x128] + k=[16x128x264]  ->  y=[16x1x264]  (T=1, K=264)
  - op#03  op=Softmax  shard=0   scores=[16x1x264]  ->  y=[16x1x264]  (T=1, K=264)
  - op#04  op=Softmax  shard=1   scores=[16x1x264]  ->  y=[16x1x264]  (T=1, K=264)
  - op#05  op=SV       shard=0   p=[16x1x264] + v=[16x264x128]  ->  y=[16x1x128]  (T=1, K=264)
  - op#06  op=SV       shard=1   p=[16x1x264] + v=[16x264x128]  ->  y=[16x1x128]  (T=1, K=264)
  - op#07  op=Add      shard=-1  a=[1x4096] + b=[1x4096]  ->  y=[1x4096]  (T=1, K=264)
  - op#08  op=LN       shard=-1  x=[1x4096] + w=[4096]  ->  y=[1x4096]  (T=1, K=264)
  - op#09  op=SwiGLU   shard=0   a=[1x5504] + b=[1x5504]  ->  y=[1x5504]  (T=1, K=264)
  - op#10  op=SwiGLU   shard=1   a=[1x5504] + b=[1x5504]  ->  y=[1x5504]  (T=1, K=264)
  - op#11  op=Add      shard=-1  a=[1x4096] + b=[1x4096]  ->  y=[1x4096]  (T=1, K=264)
[gpu-debug] per-op timing breakdown (avg over iters):
  idx  op       sh  io                                                    time   est_flops    TFLOPs       bytes      GB/s
  ------------------------------------------------------------------------------------------------------------------------
    0  LN       -1  x[1x4096]+w[4096]->y[1x4096]                        0.064ms    20.480 K      0.00   24.00 KiB      0.39
    1  QK        0  q[16x1x128]+k[16x128x264]->y[16x1x264]              0.055ms     1.081 M      0.02    1.04 MiB     19.93
    2  QK        1  q[16x1x128]+k[16x128x264]->y[16x1x264]              0.044ms     1.081 M      0.02    1.04 MiB     24.61
    3  Softmax   0  scores[16x1x264]->y[16x1x264]                       0.019ms    21.120 K      0.00   16.50 KiB      0.91
    4  Softmax   1  scores[16x1x264]->y[16x1x264]                       0.015ms    21.120 K      0.00   16.50 KiB      1.15
    5  SV        0  p[16x1x264]+v[16x264x128]->y[16x1x128]              0.031ms     1.081 M      0.03    1.04 MiB     34.80
    6  SV        1  p[16x1x264]+v[16x264x128]->y[16x1x128]              0.027ms     1.081 M      0.04    1.04 MiB     40.16
    7  Add      -1  a[1x4096]+b[1x4096]->y[1x4096]                      0.018ms     4.096 K      0.00   24.00 KiB      1.37
    8  LN       -1  x[1x4096]+w[4096]->y[1x4096]                        0.065ms    20.480 K      0.00   24.00 KiB      0.38
    9  SwiGLU    0  a[1x5504]+b[1x5504]->y[1x5504]                      0.025ms    33.024 K      0.00   32.25 KiB      1.34
   10  SwiGLU    1  a[1x5504]+b[1x5504]->y[1x5504]                      0.023ms    33.024 K      0.00   32.25 KiB      1.47
   11  Add      -1  a[1x4096]+b[1x4096]->y[1x4096]                      0.017ms     4.096 K      0.00   24.00 KiB      1.47
[gpu-debug] segment avg latency (cuda_events): 0.265 ms
[gpu-debug] sum(per-op)               : 0.402 ms (ratio=1.517)
[gpu-debug] NOTE: sum(per-op) may differ from segment latency due to Python overhead, event/launch overhead, and allocator/cache effects.
[gpu-debug] cuda mem before warmup: alloc=1.62 GiB reserved=1.86 GiB
[gpu-debug] cuda mem after warmup : alloc=1.62 GiB reserved=1.86 GiB
[gpu-debug] cuda mem peak (this segment): max_alloc=1.62 GiB max_reserved=1.86 GiB
========================================================================================
[gpu-debug] segment_key=npu|decode|200|48322b0ab0207f84448cb08e6eac5594
[gpu-debug] sig: device_type=npu phase=decode step=200 (count_hint=32)
[gpu-debug] ops_repr: LN:-1,QK:0,QK:1,Softmax:0,Softmax:1,SV:0,SV:1,Add:-1,LN:-1,SwiGLU:0,SwiGLU:1,Add:-1
[gpu-debug] cfg: device=cuda dtype=torch.bfloat16 dim=4096 ffn_dim=11008 n_heads=32 shards=2
[gpu-debug] op plan (with inferred tensor shapes):
  - op#00  op=LN       shard=-1  x=[1x4096] + w=[4096]  ->  y=[1x4096]  (T=1, K=2650)
  - op#01  op=QK       shard=0   q=[16x1x128] + k=[16x128x2650]  ->  y=[16x1x2650]  (T=1, K=2650)
  - op#02  op=QK       shard=1   q=[16x1x128] + k=[16x128x2650]  ->  y=[16x1x2650]  (T=1, K=2650)
  - op#03  op=Softmax  shard=0   scores=[16x1x2650]  ->  y=[16x1x2650]  (T=1, K=2650)
  - op#04  op=Softmax  shard=1   scores=[16x1x2650]  ->  y=[16x1x2650]  (T=1, K=2650)
  - op#05  op=SV       shard=0   p=[16x1x2650] + v=[16x2650x128]  ->  y=[16x1x128]  (T=1, K=2650)
  - op#06  op=SV       shard=1   p=[16x1x2650] + v=[16x2650x128]  ->  y=[16x1x128]  (T=1, K=2650)
  - op#07  op=Add      shard=-1  a=[1x4096] + b=[1x4096]  ->  y=[1x4096]  (T=1, K=2650)
  - op#08  op=LN       shard=-1  x=[1x4096] + w=[4096]  ->  y=[1x4096]  (T=1, K=2650)
  - op#09  op=SwiGLU   shard=0   a=[1x5504] + b=[1x5504]  ->  y=[1x5504]  (T=1, K=2650)
  - op#10  op=SwiGLU   shard=1   a=[1x5504] + b=[1x5504]  ->  y=[1x5504]  (T=1, K=2650)
  - op#11  op=Add      shard=-1  a=[1x4096] + b=[1x4096]  ->  y=[1x4096]  (T=1, K=2650)
[gpu-debug] per-op timing breakdown (avg over iters):
  idx  op       sh  io                                                    time   est_flops    TFLOPs       bytes      GB/s
  ------------------------------------------------------------------------------------------------------------------------
    0  LN       -1  x[1x4096]+w[4096]->y[1x4096]                        0.067ms    20.480 K      0.00   24.00 KiB      0.37
    1  QK        0  q[16x1x128]+k[16x128x2650]->y[16x1x2650]            0.052ms    10.854 M      0.21   10.44 MiB    208.73
    2  QK        1  q[16x1x128]+k[16x128x2650]->y[16x1x2650]            0.042ms    10.854 M      0.26   10.44 MiB    260.65
    3  Softmax   0  scores[16x1x2650]->y[16x1x2650]                     0.018ms   212.000 K      0.01  165.62 KiB      9.41
    4  Softmax   1  scores[16x1x2650]->y[16x1x2650]                     0.015ms   212.000 K      0.01  165.62 KiB     11.58
    5  SV        0  p[16x1x2650]+v[16x2650x128]->y[16x1x128]            0.033ms    10.854 M      0.33   10.44 MiB    333.96
    6  SV        1  p[16x1x2650]+v[16x2650x128]->y[16x1x128]            0.031ms    10.854 M      0.36   10.44 MiB    358.62
    7  Add      -1  a[1x4096]+b[1x4096]->y[1x4096]                      0.018ms     4.096 K      0.00   24.00 KiB      1.37
    8  LN       -1  x[1x4096]+w[4096]->y[1x4096]                        0.064ms    20.480 K      0.00   24.00 KiB      0.38
    9  SwiGLU    0  a[1x5504]+b[1x5504]->y[1x5504]                      0.025ms    33.024 K      0.00   32.25 KiB      1.31
   10  SwiGLU    1  a[1x5504]+b[1x5504]->y[1x5504]                      0.022ms    33.024 K      0.00   32.25 KiB      1.54
   11  Add      -1  a[1x4096]+b[1x4096]->y[1x4096]                      0.016ms     4.096 K      0.00   24.00 KiB      1.57
[gpu-debug] segment avg latency (cuda_events): 0.257 ms
[gpu-debug] sum(per-op)               : 0.402 ms (ratio=1.561)
[gpu-debug] NOTE: sum(per-op) may differ from segment latency due to Python overhead, event/launch overhead, and allocator/cache effects.
[gpu-debug] cuda mem before warmup: alloc=1.62 GiB reserved=1.86 GiB
[gpu-debug] cuda mem after warmup : alloc=1.64 GiB reserved=1.88 GiB
[gpu-debug] cuda mem peak (this segment): max_alloc=1.64 GiB max_reserved=1.88 GiB
========================================================================================
[gpu-debug] segment_key=npu|decode|20|48322b0ab0207f84448cb08e6eac5594
[gpu-debug] sig: device_type=npu phase=decode step=20 (count_hint=32)
[gpu-debug] ops_repr: LN:-1,QK:0,QK:1,Softmax:0,Softmax:1,SV:0,SV:1,Add:-1,LN:-1,SwiGLU:0,SwiGLU:1,Add:-1
[gpu-debug] cfg: device=cuda dtype=torch.bfloat16 dim=4096 ffn_dim=11008 n_heads=32 shards=2
[gpu-debug] op plan (with inferred tensor shapes):
  - op#00  op=LN       shard=-1  x=[1x4096] + w=[4096]  ->  y=[1x4096]  (T=1, K=490)
  - op#01  op=QK       shard=0   q=[16x1x128] + k=[16x128x490]  ->  y=[16x1x490]  (T=1, K=490)
  - op#02  op=QK       shard=1   q=[16x1x128] + k=[16x128x490]  ->  y=[16x1x490]  (T=1, K=490)
  - op#03  op=Softmax  shard=0   scores=[16x1x490]  ->  y=[16x1x490]  (T=1, K=490)
  - op#04  op=Softmax  shard=1   scores=[16x1x490]  ->  y=[16x1x490]  (T=1, K=490)
  - op#05  op=SV       shard=0   p=[16x1x490] + v=[16x490x128]  ->  y=[16x1x128]  (T=1, K=490)
  - op#06  op=SV       shard=1   p=[16x1x490] + v=[16x490x128]  ->  y=[16x1x128]  (T=1, K=490)
  - op#07  op=Add      shard=-1  a=[1x4096] + b=[1x4096]  ->  y=[1x4096]  (T=1, K=490)
  - op#08  op=LN       shard=-1  x=[1x4096] + w=[4096]  ->  y=[1x4096]  (T=1, K=490)
  - op#09  op=SwiGLU   shard=0   a=[1x5504] + b=[1x5504]  ->  y=[1x5504]  (T=1, K=490)
  - op#10  op=SwiGLU   shard=1   a=[1x5504] + b=[1x5504]  ->  y=[1x5504]  (T=1, K=490)
  - op#11  op=Add      shard=-1  a=[1x4096] + b=[1x4096]  ->  y=[1x4096]  (T=1, K=490)
[gpu-debug] per-op timing breakdown (avg over iters):
  idx  op       sh  io                                                    time   est_flops    TFLOPs       bytes      GB/s
  ------------------------------------------------------------------------------------------------------------------------
    0  LN       -1  x[1x4096]+w[4096]->y[1x4096]                        0.063ms    20.480 K      0.00   24.00 KiB      0.39
    1  QK        0  q[16x1x128]+k[16x128x490]->y[16x1x490]              0.052ms     2.007 M      0.04    1.93 MiB     39.35
    2  QK        1  q[16x1x128]+k[16x128x490]->y[16x1x490]              0.042ms     2.007 M      0.05    1.93 MiB     48.28
    3  Softmax   0  scores[16x1x490]->y[16x1x490]                       0.018ms    39.200 K      0.00   30.62 KiB      1.72
    4  Softmax   1  scores[16x1x490]->y[16x1x490]                       0.015ms    39.200 K      0.00   30.62 KiB      2.13
    5  SV        0  p[16x1x490]+v[16x490x128]->y[16x1x128]              0.030ms     2.007 M      0.07    1.93 MiB     68.02
    6  SV        1  p[16x1x490]+v[16x490x128]->y[16x1x128]              0.026ms     2.007 M      0.08    1.93 MiB     77.02
    7  Add      -1  a[1x4096]+b[1x4096]->y[1x4096]                      0.018ms     4.096 K      0.00   24.00 KiB      1.36
    8  LN       -1  x[1x4096]+w[4096]->y[1x4096]                        0.064ms    20.480 K      0.00   24.00 KiB      0.38
    9  SwiGLU    0  a[1x5504]+b[1x5504]->y[1x5504]                      0.028ms    33.024 K      0.00   32.25 KiB      1.19
   10  SwiGLU    1  a[1x5504]+b[1x5504]->y[1x5504]                      0.022ms    33.024 K      0.00   32.25 KiB      1.51
   11  Add      -1  a[1x4096]+b[1x4096]->y[1x4096]                      0.016ms     4.096 K      0.00   24.00 KiB      1.56
[gpu-debug] segment avg latency (cuda_events): 0.258 ms
[gpu-debug] sum(per-op)               : 0.394 ms (ratio=1.525)
[gpu-debug] NOTE: sum(per-op) may differ from segment latency due to Python overhead, event/launch overhead, and allocator/cache effects.
[gpu-debug] cuda mem before warmup: alloc=1.64 GiB reserved=1.88 GiB
[gpu-debug] cuda mem after warmup : alloc=1.65 GiB reserved=1.88 GiB
[gpu-debug] cuda mem peak (this segment): max_alloc=1.65 GiB max_reserved=1.88 GiB
========================================================================================
[gpu-debug] segment_key=npu|decode|21|48322b0ab0207f84448cb08e6eac5594
[gpu-debug] sig: device_type=npu phase=decode step=21 (count_hint=32)
[gpu-debug] ops_repr: LN:-1,QK:0,QK:1,Softmax:0,Softmax:1,SV:0,SV:1,Add:-1,LN:-1,SwiGLU:0,SwiGLU:1,Add:-1
[gpu-debug] cfg: device=cuda dtype=torch.bfloat16 dim=4096 ffn_dim=11008 n_heads=32 shards=2
[gpu-debug] op plan (with inferred tensor shapes):
  - op#00  op=LN       shard=-1  x=[1x4096] + w=[4096]  ->  y=[1x4096]  (T=1, K=502)
  - op#01  op=QK       shard=0   q=[16x1x128] + k=[16x128x502]  ->  y=[16x1x502]  (T=1, K=502)
  - op#02  op=QK       shard=1   q=[16x1x128] + k=[16x128x502]  ->  y=[16x1x502]  (T=1, K=502)
  - op#03  op=Softmax  shard=0   scores=[16x1x502]  ->  y=[16x1x502]  (T=1, K=502)
  - op#04  op=Softmax  shard=1   scores=[16x1x502]  ->  y=[16x1x502]  (T=1, K=502)
  - op#05  op=SV       shard=0   p=[16x1x502] + v=[16x502x128]  ->  y=[16x1x128]  (T=1, K=502)
  - op#06  op=SV       shard=1   p=[16x1x502] + v=[16x502x128]  ->  y=[16x1x128]  (T=1, K=502)
  - op#07  op=Add      shard=-1  a=[1x4096] + b=[1x4096]  ->  y=[1x4096]  (T=1, K=502)
  - op#08  op=LN       shard=-1  x=[1x4096] + w=[4096]  ->  y=[1x4096]  (T=1, K=502)
  - op#09  op=SwiGLU   shard=0   a=[1x5504] + b=[1x5504]  ->  y=[1x5504]  (T=1, K=502)
  - op#10  op=SwiGLU   shard=1   a=[1x5504] + b=[1x5504]  ->  y=[1x5504]  (T=1, K=502)
  - op#11  op=Add      shard=-1  a=[1x4096] + b=[1x4096]  ->  y=[1x4096]  (T=1, K=502)
[gpu-debug] per-op timing breakdown (avg over iters):
  idx  op       sh  io                                                    time   est_flops    TFLOPs       bytes      GB/s
  ------------------------------------------------------------------------------------------------------------------------
    0  LN       -1  x[1x4096]+w[4096]->y[1x4096]                        0.062ms    20.480 K      0.00   24.00 KiB      0.39
    1  QK        0  q[16x1x128]+k[16x128x502]->y[16x1x502]              0.052ms     2.056 M      0.04    1.98 MiB     40.23
    2  QK        1  q[16x1x128]+k[16x128x502]->y[16x1x502]              0.042ms     2.056 M      0.05    1.98 MiB     49.46
    3  Softmax   0  scores[16x1x502]->y[16x1x502]                       0.018ms    40.160 K      0.00   31.38 KiB      1.75
    4  Softmax   1  scores[16x1x502]->y[16x1x502]                       0.015ms    40.160 K      0.00   31.38 KiB      2.19
    5  SV        0  p[16x1x502]+v[16x502x128]->y[16x1x128]              0.029ms     2.056 M      0.07    1.98 MiB     70.65
    6  SV        1  p[16x1x502]+v[16x502x128]->y[16x1x128]              0.027ms     2.056 M      0.08    1.98 MiB     78.29
    7  Add      -1  a[1x4096]+b[1x4096]->y[1x4096]                      0.018ms     4.096 K      0.00   24.00 KiB      1.38
    8  LN       -1  x[1x4096]+w[4096]->y[1x4096]                        0.068ms    20.480 K      0.00   24.00 KiB      0.36
    9  SwiGLU    0  a[1x5504]+b[1x5504]->y[1x5504]                      0.025ms    33.024 K      0.00   32.25 KiB      1.30
   10  SwiGLU    1  a[1x5504]+b[1x5504]->y[1x5504]                      0.022ms    33.024 K      0.00   32.25 KiB      1.52
   11  Add      -1  a[1x4096]+b[1x4096]->y[1x4096]                      0.016ms     4.096 K      0.00   24.00 KiB      1.55
[gpu-debug] segment avg latency (cuda_events): 0.260 ms
[gpu-debug] sum(per-op)               : 0.394 ms (ratio=1.515)
[gpu-debug] NOTE: sum(per-op) may differ from segment latency due to Python overhead, event/launch overhead, and allocator/cache effects.
[gpu-debug] cuda mem before warmup: alloc=1.65 GiB reserved=1.88 GiB
[gpu-debug] cuda mem after warmup : alloc=1.65 GiB reserved=1.88 GiB
[gpu-debug] cuda mem peak (this segment): max_alloc=1.65 GiB max_reserved=1.88 GiB
========================================================================================
[gpu-debug] segment_key=npu|decode|22|48322b0ab0207f84448cb08e6eac5594
[gpu-debug] sig: device_type=npu phase=decode step=22 (count_hint=32)
[gpu-debug] ops_repr: LN:-1,QK:0,QK:1,Softmax:0,Softmax:1,SV:0,SV:1,Add:-1,LN:-1,SwiGLU:0,SwiGLU:1,Add:-1
[gpu-debug] cfg: device=cuda dtype=torch.bfloat16 dim=4096 ffn_dim=11008 n_heads=32 shards=2
[gpu-debug] op plan (with inferred tensor shapes):
  - op#00  op=LN       shard=-1  x=[1x4096] + w=[4096]  ->  y=[1x4096]  (T=1, K=514)
  - op#01  op=QK       shard=0   q=[16x1x128] + k=[16x128x514]  ->  y=[16x1x514]  (T=1, K=514)
  - op#02  op=QK       shard=1   q=[16x1x128] + k=[16x128x514]  ->  y=[16x1x514]  (T=1, K=514)
  - op#03  op=Softmax  shard=0   scores=[16x1x514]  ->  y=[16x1x514]  (T=1, K=514)
  - op#04  op=Softmax  shard=1   scores=[16x1x514]  ->  y=[16x1x514]  (T=1, K=514)
  - op#05  op=SV       shard=0   p=[16x1x514] + v=[16x514x128]  ->  y=[16x1x128]  (T=1, K=514)
  - op#06  op=SV       shard=1   p=[16x1x514] + v=[16x514x128]  ->  y=[16x1x128]  (T=1, K=514)
  - op#07  op=Add      shard=-1  a=[1x4096] + b=[1x4096]  ->  y=[1x4096]  (T=1, K=514)
  - op#08  op=LN       shard=-1  x=[1x4096] + w=[4096]  ->  y=[1x4096]  (T=1, K=514)
  - op#09  op=SwiGLU   shard=0   a=[1x5504] + b=[1x5504]  ->  y=[1x5504]  (T=1, K=514)
  - op#10  op=SwiGLU   shard=1   a=[1x5504] + b=[1x5504]  ->  y=[1x5504]  (T=1, K=514)
  - op#11  op=Add      shard=-1  a=[1x4096] + b=[1x4096]  ->  y=[1x4096]  (T=1, K=514)
[gpu-debug] per-op timing breakdown (avg over iters):
  idx  op       sh  io                                                    time   est_flops    TFLOPs       bytes      GB/s
  ------------------------------------------------------------------------------------------------------------------------
    0  LN       -1  x[1x4096]+w[4096]->y[1x4096]                        0.062ms    20.480 K      0.00   24.00 KiB      0.39
    1  QK        0  q[16x1x128]+k[16x128x514]->y[16x1x514]              0.051ms     2.105 M      0.04    2.03 MiB     41.69
    2  QK        1  q[16x1x128]+k[16x128x514]->y[16x1x514]              0.046ms     2.105 M      0.05    2.03 MiB     46.65
    3  Softmax   0  scores[16x1x514]->y[16x1x514]                       0.018ms    41.120 K      0.00   32.12 KiB      1.80
    4  Softmax   1  scores[16x1x514]->y[16x1x514]                       0.015ms    41.120 K      0.00   32.12 KiB      2.14
    5  SV        0  p[16x1x514]+v[16x514x128]->y[16x1x128]              0.030ms     2.105 M      0.07    2.03 MiB     70.37
    6  SV        1  p[16x1x514]+v[16x514x128]->y[16x1x128]              0.026ms     2.105 M      0.08    2.03 MiB     81.10
    7  Add      -1  a[1x4096]+b[1x4096]->y[1x4096]                      0.018ms     4.096 K      0.00   24.00 KiB      1.37
    8  LN       -1  x[1x4096]+w[4096]->y[1x4096]                        0.065ms    20.480 K      0.00   24.00 KiB      0.38
    9  SwiGLU    0  a[1x5504]+b[1x5504]->y[1x5504]                      0.025ms    33.024 K      0.00   32.25 KiB      1.30
   10  SwiGLU    1  a[1x5504]+b[1x5504]->y[1x5504]                      0.022ms    33.024 K      0.00   32.25 KiB      1.51
   11  Add      -1  a[1x4096]+b[1x4096]->y[1x4096]                      0.016ms     4.096 K      0.00   24.00 KiB      1.55
[gpu-debug] segment avg latency (cuda_events): 0.258 ms
[gpu-debug] sum(per-op)               : 0.395 ms (ratio=1.528)
[gpu-debug] NOTE: sum(per-op) may differ from segment latency due to Python overhead, event/launch overhead, and allocator/cache effects.
[gpu-debug] cuda mem before warmup: alloc=1.65 GiB reserved=1.88 GiB
[gpu-debug] cuda mem after warmup : alloc=1.66 GiB reserved=1.88 GiB
[gpu-debug] cuda mem peak (this segment): max_alloc=1.66 GiB max_reserved=1.88 GiB
========================================================================================
[gpu-debug] segment_key=npu|decode|23|48322b0ab0207f84448cb08e6eac5594
[gpu-debug] sig: device_type=npu phase=decode step=23 (count_hint=32)
[gpu-debug] ops_repr: LN:-1,QK:0,QK:1,Softmax:0,Softmax:1,SV:0,SV:1,Add:-1,LN:-1,SwiGLU:0,SwiGLU:1,Add:-1
[gpu-debug] cfg: device=cuda dtype=torch.bfloat16 dim=4096 ffn_dim=11008 n_heads=32 shards=2
[gpu-debug] op plan (with inferred tensor shapes):
  - op#00  op=LN       shard=-1  x=[1x4096] + w=[4096]  ->  y=[1x4096]  (T=1, K=526)
  - op#01  op=QK       shard=0   q=[16x1x128] + k=[16x128x526]  ->  y=[16x1x526]  (T=1, K=526)
  - op#02  op=QK       shard=1   q=[16x1x128] + k=[16x128x526]  ->  y=[16x1x526]  (T=1, K=526)
  - op#03  op=Softmax  shard=0   scores=[16x1x526]  ->  y=[16x1x526]  (T=1, K=526)
  - op#04  op=Softmax  shard=1   scores=[16x1x526]  ->  y=[16x1x526]  (T=1, K=526)
  - op#05  op=SV       shard=0   p=[16x1x526] + v=[16x526x128]  ->  y=[16x1x128]  (T=1, K=526)
  - op#06  op=SV       shard=1   p=[16x1x526] + v=[16x526x128]  ->  y=[16x1x128]  (T=1, K=526)
  - op#07  op=Add      shard=-1  a=[1x4096] + b=[1x4096]  ->  y=[1x4096]  (T=1, K=526)
  - op#08  op=LN       shard=-1  x=[1x4096] + w=[4096]  ->  y=[1x4096]  (T=1, K=526)
  - op#09  op=SwiGLU   shard=0   a=[1x5504] + b=[1x5504]  ->  y=[1x5504]  (T=1, K=526)
  - op#10  op=SwiGLU   shard=1   a=[1x5504] + b=[1x5504]  ->  y=[1x5504]  (T=1, K=526)
  - op#11  op=Add      shard=-1  a=[1x4096] + b=[1x4096]  ->  y=[1x4096]  (T=1, K=526)
[gpu-debug] per-op timing breakdown (avg over iters):
  idx  op       sh  io                                                    time   est_flops    TFLOPs       bytes      GB/s
  ------------------------------------------------------------------------------------------------------------------------
    0  LN       -1  x[1x4096]+w[4096]->y[1x4096]                        0.064ms    20.480 K      0.00   24.00 KiB      0.38
    1  QK        0  q[16x1x128]+k[16x128x526]->y[16x1x526]              0.053ms     2.154 M      0.04    2.07 MiB     41.41
    2  QK        1  q[16x1x128]+k[16x128x526]->y[16x1x526]              0.042ms     2.154 M      0.05    2.07 MiB     51.69
    3  Softmax   0  scores[16x1x526]->y[16x1x526]                       0.018ms    42.080 K      0.00   32.88 KiB      1.85
    4  Softmax   1  scores[16x1x526]->y[16x1x526]                       0.015ms    42.080 K      0.00   32.88 KiB      2.19
    5  SV        0  p[16x1x526]+v[16x526x128]->y[16x1x128]              0.030ms     2.154 M      0.07    2.07 MiB     73.51
    6  SV        1  p[16x1x526]+v[16x526x128]->y[16x1x128]              0.027ms     2.154 M      0.08    2.07 MiB     80.78
    7  Add      -1  a[1x4096]+b[1x4096]->y[1x4096]                      0.018ms     4.096 K      0.00   24.00 KiB      1.35
    8  LN       -1  x[1x4096]+w[4096]->y[1x4096]                        0.064ms    20.480 K      0.00   24.00 KiB      0.38
    9  SwiGLU    0  a[1x5504]+b[1x5504]->y[1x5504]                      0.025ms    33.024 K      0.00   32.25 KiB      1.33
   10  SwiGLU    1  a[1x5504]+b[1x5504]->y[1x5504]                      0.022ms    33.024 K      0.00   32.25 KiB      1.53
   11  Add      -1  a[1x4096]+b[1x4096]->y[1x4096]                      0.016ms     4.096 K      0.00   24.00 KiB      1.58
[gpu-debug] segment avg latency (cuda_events): 0.257 ms
[gpu-debug] sum(per-op)               : 0.393 ms (ratio=1.529)
[gpu-debug] NOTE: sum(per-op) may differ from segment latency due to Python overhead, event/launch overhead, and allocator/cache effects.
[gpu-debug] cuda mem before warmup: alloc=1.66 GiB reserved=1.88 GiB
[gpu-debug] cuda mem after warmup : alloc=1.66 GiB reserved=1.88 GiB
[gpu-debug] cuda mem peak (this segment): max_alloc=1.66 GiB max_reserved=1.88 GiB
========================================================================================
[gpu-debug] segment_key=npu|decode|24|48322b0ab0207f84448cb08e6eac5594
[gpu-debug] sig: device_type=npu phase=decode step=24 (count_hint=32)
[gpu-debug] ops_repr: LN:-1,QK:0,QK:1,Softmax:0,Softmax:1,SV:0,SV:1,Add:-1,LN:-1,SwiGLU:0,SwiGLU:1,Add:-1
[gpu-debug] cfg: device=cuda dtype=torch.bfloat16 dim=4096 ffn_dim=11008 n_heads=32 shards=2
[gpu-debug] op plan (with inferred tensor shapes):
  - op#00  op=LN       shard=-1  x=[1x4096] + w=[4096]  ->  y=[1x4096]  (T=1, K=538)
  - op#01  op=QK       shard=0   q=[16x1x128] + k=[16x128x538]  ->  y=[16x1x538]  (T=1, K=538)
  - op#02  op=QK       shard=1   q=[16x1x128] + k=[16x128x538]  ->  y=[16x1x538]  (T=1, K=538)
  - op#03  op=Softmax  shard=0   scores=[16x1x538]  ->  y=[16x1x538]  (T=1, K=538)
  - op#04  op=Softmax  shard=1   scores=[16x1x538]  ->  y=[16x1x538]  (T=1, K=538)
  - op#05  op=SV       shard=0   p=[16x1x538] + v=[16x538x128]  ->  y=[16x1x128]  (T=1, K=538)
  - op#06  op=SV       shard=1   p=[16x1x538] + v=[16x538x128]  ->  y=[16x1x128]  (T=1, K=538)
  - op#07  op=Add      shard=-1  a=[1x4096] + b=[1x4096]  ->  y=[1x4096]  (T=1, K=538)
  - op#08  op=LN       shard=-1  x=[1x4096] + w=[4096]  ->  y=[1x4096]  (T=1, K=538)
  - op#09  op=SwiGLU   shard=0   a=[1x5504] + b=[1x5504]  ->  y=[1x5504]  (T=1, K=538)
  - op#10  op=SwiGLU   shard=1   a=[1x5504] + b=[1x5504]  ->  y=[1x5504]  (T=1, K=538)
  - op#11  op=Add      shard=-1  a=[1x4096] + b=[1x4096]  ->  y=[1x4096]  (T=1, K=538)
[gpu-debug] per-op timing breakdown (avg over iters):
  idx  op       sh  io                                                    time   est_flops    TFLOPs       bytes      GB/s
  ------------------------------------------------------------------------------------------------------------------------
    0  LN       -1  x[1x4096]+w[4096]->y[1x4096]                        0.068ms    20.480 K      0.00   24.00 KiB      0.36
    1  QK        0  q[16x1x128]+k[16x128x538]->y[16x1x538]              0.055ms     2.204 M      0.04    2.12 MiB     40.77
    2  QK        1  q[16x1x128]+k[16x128x538]->y[16x1x538]              0.042ms     2.204 M      0.05    2.12 MiB     53.13
    3  Softmax   0  scores[16x1x538]->y[16x1x538]                       0.018ms    43.040 K      0.00   33.62 KiB      1.88
    4  Softmax   1  scores[16x1x538]->y[16x1x538]                       0.015ms    43.040 K      0.00   33.62 KiB      2.24
    5  SV        0  p[16x1x538]+v[16x538x128]->y[16x1x128]              0.030ms     2.204 M      0.07    2.12 MiB     74.16
    6  SV        1  p[16x1x538]+v[16x538x128]->y[16x1x128]              0.027ms     2.204 M      0.08    2.12 MiB     83.25
    7  Add      -1  a[1x4096]+b[1x4096]->y[1x4096]                      0.018ms     4.096 K      0.00   24.00 KiB      1.34
    8  LN       -1  x[1x4096]+w[4096]->y[1x4096]                        0.065ms    20.480 K      0.00   24.00 KiB      0.38
    9  SwiGLU    0  a[1x5504]+b[1x5504]->y[1x5504]                      0.025ms    33.024 K      0.00   32.25 KiB      1.32
   10  SwiGLU    1  a[1x5504]+b[1x5504]->y[1x5504]                      0.022ms    33.024 K      0.00   32.25 KiB      1.51
   11  Add      -1  a[1x4096]+b[1x4096]->y[1x4096]                      0.016ms     4.096 K      0.00   24.00 KiB      1.53
[gpu-debug] segment avg latency (cuda_events): 0.258 ms
[gpu-debug] sum(per-op)               : 0.401 ms (ratio=1.555)
[gpu-debug] NOTE: sum(per-op) may differ from segment latency due to Python overhead, event/launch overhead, and allocator/cache effects.
[gpu-debug] cuda mem before warmup: alloc=1.66 GiB reserved=1.88 GiB
[gpu-debug] cuda mem after warmup : alloc=1.67 GiB reserved=1.88 GiB
[gpu-debug] cuda mem peak (this segment): max_alloc=1.67 GiB max_reserved=1.88 GiB
========================================================================================
[gpu-debug] segment_key=npu|decode|25|48322b0ab0207f84448cb08e6eac5594
[gpu-debug] sig: device_type=npu phase=decode step=25 (count_hint=32)
[gpu-debug] ops_repr: LN:-1,QK:0,QK:1,Softmax:0,Softmax:1,SV:0,SV:1,Add:-1,LN:-1,SwiGLU:0,SwiGLU:1,Add:-1
[gpu-debug] cfg: device=cuda dtype=torch.bfloat16 dim=4096 ffn_dim=11008 n_heads=32 shards=2
[gpu-debug] op plan (with inferred tensor shapes):
  - op#00  op=LN       shard=-1  x=[1x4096] + w=[4096]  ->  y=[1x4096]  (T=1, K=550)
  - op#01  op=QK       shard=0   q=[16x1x128] + k=[16x128x550]  ->  y=[16x1x550]  (T=1, K=550)
  - op#02  op=QK       shard=1   q=[16x1x128] + k=[16x128x550]  ->  y=[16x1x550]  (T=1, K=550)
  - op#03  op=Softmax  shard=0   scores=[16x1x550]  ->  y=[16x1x550]  (T=1, K=550)
  - op#04  op=Softmax  shard=1   scores=[16x1x550]  ->  y=[16x1x550]  (T=1, K=550)
  - op#05  op=SV       shard=0   p=[16x1x550] + v=[16x550x128]  ->  y=[16x1x128]  (T=1, K=550)
  - op#06  op=SV       shard=1   p=[16x1x550] + v=[16x550x128]  ->  y=[16x1x128]  (T=1, K=550)
  - op#07  op=Add      shard=-1  a=[1x4096] + b=[1x4096]  ->  y=[1x4096]  (T=1, K=550)
  - op#08  op=LN       shard=-1  x=[1x4096] + w=[4096]  ->  y=[1x4096]  (T=1, K=550)
  - op#09  op=SwiGLU   shard=0   a=[1x5504] + b=[1x5504]  ->  y=[1x5504]  (T=1, K=550)
  - op#10  op=SwiGLU   shard=1   a=[1x5504] + b=[1x5504]  ->  y=[1x5504]  (T=1, K=550)
  - op#11  op=Add      shard=-1  a=[1x4096] + b=[1x4096]  ->  y=[1x4096]  (T=1, K=550)
[gpu-debug] per-op timing breakdown (avg over iters):
  idx  op       sh  io                                                    time   est_flops    TFLOPs       bytes      GB/s
  ------------------------------------------------------------------------------------------------------------------------
    0  LN       -1  x[1x4096]+w[4096]->y[1x4096]                        0.063ms    20.480 K      0.00   24.00 KiB      0.39
    1  QK        0  q[16x1x128]+k[16x128x550]->y[16x1x550]              0.051ms     2.253 M      0.04    2.17 MiB     44.51
    2  QK        1  q[16x1x128]+k[16x128x550]->y[16x1x550]              0.042ms     2.253 M      0.05    2.17 MiB     54.31
    3  Softmax   0  scores[16x1x550]->y[16x1x550]                       0.019ms    44.000 K      0.00   34.38 KiB      1.90
    4  Softmax   1  scores[16x1x550]->y[16x1x550]                       0.015ms    44.000 K      0.00   34.38 KiB      2.32
    5  SV        0  p[16x1x550]+v[16x550x128]->y[16x1x128]              0.030ms     2.253 M      0.08    2.17 MiB     75.81
    6  SV        1  p[16x1x550]+v[16x550x128]->y[16x1x128]              0.028ms     2.253 M      0.08    2.17 MiB     80.19
    7  Add      -1  a[1x4096]+b[1x4096]->y[1x4096]                      0.018ms     4.096 K      0.00   24.00 KiB      1.35
    8  LN       -1  x[1x4096]+w[4096]->y[1x4096]                        0.065ms    20.480 K      0.00   24.00 KiB      0.38
    9  SwiGLU    0  a[1x5504]+b[1x5504]->y[1x5504]                      0.025ms    33.024 K      0.00   32.25 KiB      1.32
   10  SwiGLU    1  a[1x5504]+b[1x5504]->y[1x5504]                      0.022ms    33.024 K      0.00   32.25 KiB      1.53
   11  Add      -1  a[1x4096]+b[1x4096]->y[1x4096]                      0.016ms     4.096 K      0.00   24.00 KiB      1.55
[gpu-debug] segment avg latency (cuda_events): 0.263 ms
[gpu-debug] sum(per-op)               : 0.394 ms (ratio=1.500)
[gpu-debug] NOTE: sum(per-op) may differ from segment latency due to Python overhead, event/launch overhead, and allocator/cache effects.
[gpu-debug] cuda mem before warmup: alloc=1.67 GiB reserved=1.88 GiB
[gpu-debug] cuda mem after warmup : alloc=1.67 GiB reserved=1.88 GiB
[gpu-debug] cuda mem peak (this segment): max_alloc=1.67 GiB max_reserved=1.88 GiB
========================================================================================
[gpu-debug] segment_key=npu|decode|26|48322b0ab0207f84448cb08e6eac5594
[gpu-debug] sig: device_type=npu phase=decode step=26 (count_hint=32)
[gpu-debug] ops_repr: LN:-1,QK:0,QK:1,Softmax:0,Softmax:1,SV:0,SV:1,Add:-1,LN:-1,SwiGLU:0,SwiGLU:1,Add:-1
[gpu-debug] cfg: device=cuda dtype=torch.bfloat16 dim=4096 ffn_dim=11008 n_heads=32 shards=2
[gpu-debug] op plan (with inferred tensor shapes):
  - op#00  op=LN       shard=-1  x=[1x4096] + w=[4096]  ->  y=[1x4096]  (T=1, K=562)
  - op#01  op=QK       shard=0   q=[16x1x128] + k=[16x128x562]  ->  y=[16x1x562]  (T=1, K=562)
  - op#02  op=QK       shard=1   q=[16x1x128] + k=[16x128x562]  ->  y=[16x1x562]  (T=1, K=562)
  - op#03  op=Softmax  shard=0   scores=[16x1x562]  ->  y=[16x1x562]  (T=1, K=562)
  - op#04  op=Softmax  shard=1   scores=[16x1x562]  ->  y=[16x1x562]  (T=1, K=562)
  - op#05  op=SV       shard=0   p=[16x1x562] + v=[16x562x128]  ->  y=[16x1x128]  (T=1, K=562)
  - op#06  op=SV       shard=1   p=[16x1x562] + v=[16x562x128]  ->  y=[16x1x128]  (T=1, K=562)
  - op#07  op=Add      shard=-1  a=[1x4096] + b=[1x4096]  ->  y=[1x4096]  (T=1, K=562)
  - op#08  op=LN       shard=-1  x=[1x4096] + w=[4096]  ->  y=[1x4096]  (T=1, K=562)
  - op#09  op=SwiGLU   shard=0   a=[1x5504] + b=[1x5504]  ->  y=[1x5504]  (T=1, K=562)
  - op#10  op=SwiGLU   shard=1   a=[1x5504] + b=[1x5504]  ->  y=[1x5504]  (T=1, K=562)
  - op#11  op=Add      shard=-1  a=[1x4096] + b=[1x4096]  ->  y=[1x4096]  (T=1, K=562)
[gpu-debug] per-op timing breakdown (avg over iters):
  idx  op       sh  io                                                    time   est_flops    TFLOPs       bytes      GB/s
  ------------------------------------------------------------------------------------------------------------------------
    0  LN       -1  x[1x4096]+w[4096]->y[1x4096]                        0.063ms    20.480 K      0.00   24.00 KiB      0.39
    1  QK        0  q[16x1x128]+k[16x128x562]->y[16x1x562]              0.051ms     2.302 M      0.05    2.22 MiB     45.67
    2  QK        1  q[16x1x128]+k[16x128x562]->y[16x1x562]              0.045ms     2.302 M      0.05    2.22 MiB     51.82
    3  Softmax   0  scores[16x1x562]->y[16x1x562]                       0.018ms    44.960 K      0.00   35.12 KiB      2.00
    4  Softmax   1  scores[16x1x562]->y[16x1x562]                       0.015ms    44.960 K      0.00   35.12 KiB      2.34
    5  SV        0  p[16x1x562]+v[16x562x128]->y[16x1x128]              0.030ms     2.302 M      0.08    2.22 MiB     77.46
    6  SV        1  p[16x1x562]+v[16x562x128]->y[16x1x128]              0.027ms     2.302 M      0.09    2.22 MiB     86.30
    7  Add      -1  a[1x4096]+b[1x4096]->y[1x4096]                      0.018ms     4.096 K      0.00   24.00 KiB      1.39
    8  LN       -1  x[1x4096]+w[4096]->y[1x4096]                        0.064ms    20.480 K      0.00   24.00 KiB      0.38
    9  SwiGLU    0  a[1x5504]+b[1x5504]->y[1x5504]                      0.025ms    33.024 K      0.00   32.25 KiB      1.34
   10  SwiGLU    1  a[1x5504]+b[1x5504]->y[1x5504]                      0.022ms    33.024 K      0.00   32.25 KiB      1.49
   11  Add      -1  a[1x4096]+b[1x4096]->y[1x4096]                      0.016ms     4.096 K      0.00   24.00 KiB      1.55
[gpu-debug] segment avg latency (cuda_events): 0.258 ms
[gpu-debug] sum(per-op)               : 0.394 ms (ratio=1.524)
[gpu-debug] NOTE: sum(per-op) may differ from segment latency due to Python overhead, event/launch overhead, and allocator/cache effects.
[gpu-debug] cuda mem before warmup: alloc=1.67 GiB reserved=1.88 GiB
[gpu-debug] cuda mem after warmup : alloc=1.68 GiB reserved=1.88 GiB
[gpu-debug] cuda mem peak (this segment): max_alloc=1.68 GiB max_reserved=1.88 GiB
  progress 120/202
========================================================================================
[gpu-debug] segment_key=npu|decode|27|48322b0ab0207f84448cb08e6eac5594
[gpu-debug] sig: device_type=npu phase=decode step=27 (count_hint=32)
[gpu-debug] ops_repr: LN:-1,QK:0,QK:1,Softmax:0,Softmax:1,SV:0,SV:1,Add:-1,LN:-1,SwiGLU:0,SwiGLU:1,Add:-1
[gpu-debug] cfg: device=cuda dtype=torch.bfloat16 dim=4096 ffn_dim=11008 n_heads=32 shards=2
[gpu-debug] op plan (with inferred tensor shapes):
  - op#00  op=LN       shard=-1  x=[1x4096] + w=[4096]  ->  y=[1x4096]  (T=1, K=574)
  - op#01  op=QK       shard=0   q=[16x1x128] + k=[16x128x574]  ->  y=[16x1x574]  (T=1, K=574)
  - op#02  op=QK       shard=1   q=[16x1x128] + k=[16x128x574]  ->  y=[16x1x574]  (T=1, K=574)
  - op#03  op=Softmax  shard=0   scores=[16x1x574]  ->  y=[16x1x574]  (T=1, K=574)
  - op#04  op=Softmax  shard=1   scores=[16x1x574]  ->  y=[16x1x574]  (T=1, K=574)
  - op#05  op=SV       shard=0   p=[16x1x574] + v=[16x574x128]  ->  y=[16x1x128]  (T=1, K=574)
  - op#06  op=SV       shard=1   p=[16x1x574] + v=[16x574x128]  ->  y=[16x1x128]  (T=1, K=574)
  - op#07  op=Add      shard=-1  a=[1x4096] + b=[1x4096]  ->  y=[1x4096]  (T=1, K=574)
  - op#08  op=LN       shard=-1  x=[1x4096] + w=[4096]  ->  y=[1x4096]  (T=1, K=574)
  - op#09  op=SwiGLU   shard=0   a=[1x5504] + b=[1x5504]  ->  y=[1x5504]  (T=1, K=574)
  - op#10  op=SwiGLU   shard=1   a=[1x5504] + b=[1x5504]  ->  y=[1x5504]  (T=1, K=574)
  - op#11  op=Add      shard=-1  a=[1x4096] + b=[1x4096]  ->  y=[1x4096]  (T=1, K=574)
[gpu-debug] per-op timing breakdown (avg over iters):
  idx  op       sh  io                                                    time   est_flops    TFLOPs       bytes      GB/s
  ------------------------------------------------------------------------------------------------------------------------
    0  LN       -1  x[1x4096]+w[4096]->y[1x4096]                        0.062ms    20.480 K      0.00   24.00 KiB      0.39
    1  QK        0  q[16x1x128]+k[16x128x574]->y[16x1x574]              0.054ms     2.351 M      0.04    2.26 MiB     43.90
    2  QK        1  q[16x1x128]+k[16x128x574]->y[16x1x574]              0.042ms     2.351 M      0.06    2.26 MiB     56.54
    3  Softmax   0  scores[16x1x574]->y[16x1x574]                       0.018ms    45.920 K      0.00   35.88 KiB      1.99
    4  Softmax   1  scores[16x1x574]->y[16x1x574]                       0.015ms    45.920 K      0.00   35.88 KiB      2.42
    5  SV        0  p[16x1x574]+v[16x574x128]->y[16x1x128]              0.030ms     2.351 M      0.08    2.26 MiB     78.84
    6  SV        1  p[16x1x574]+v[16x574x128]->y[16x1x128]              0.027ms     2.351 M      0.09    2.26 MiB     89.50
    7  Add      -1  a[1x4096]+b[1x4096]->y[1x4096]                      0.018ms     4.096 K      0.00   24.00 KiB      1.39
    8  LN       -1  x[1x4096]+w[4096]->y[1x4096]                        0.065ms    20.480 K      0.00   24.00 KiB      0.38
    9  SwiGLU    0  a[1x5504]+b[1x5504]->y[1x5504]                      0.025ms    33.024 K      0.00   32.25 KiB      1.34
   10  SwiGLU    1  a[1x5504]+b[1x5504]->y[1x5504]                      0.022ms    33.024 K      0.00   32.25 KiB      1.52
   11  Add      -1  a[1x4096]+b[1x4096]->y[1x4096]                      0.015ms     4.096 K      0.00   24.00 KiB      1.59
[gpu-debug] segment avg latency (cuda_events): 0.258 ms
[gpu-debug] sum(per-op)               : 0.393 ms (ratio=1.522)
[gpu-debug] NOTE: sum(per-op) may differ from segment latency due to Python overhead, event/launch overhead, and allocator/cache effects.
[gpu-debug] cuda mem before warmup: alloc=1.68 GiB reserved=1.88 GiB
[gpu-debug] cuda mem after warmup : alloc=1.68 GiB reserved=1.88 GiB
[gpu-debug] cuda mem peak (this segment): max_alloc=1.68 GiB max_reserved=1.88 GiB
========================================================================================
[gpu-debug] segment_key=npu|decode|28|48322b0ab0207f84448cb08e6eac5594
[gpu-debug] sig: device_type=npu phase=decode step=28 (count_hint=32)
[gpu-debug] ops_repr: LN:-1,QK:0,QK:1,Softmax:0,Softmax:1,SV:0,SV:1,Add:-1,LN:-1,SwiGLU:0,SwiGLU:1,Add:-1
[gpu-debug] cfg: device=cuda dtype=torch.bfloat16 dim=4096 ffn_dim=11008 n_heads=32 shards=2
[gpu-debug] op plan (with inferred tensor shapes):
  - op#00  op=LN       shard=-1  x=[1x4096] + w=[4096]  ->  y=[1x4096]  (T=1, K=586)
  - op#01  op=QK       shard=0   q=[16x1x128] + k=[16x128x586]  ->  y=[16x1x586]  (T=1, K=586)
  - op#02  op=QK       shard=1   q=[16x1x128] + k=[16x128x586]  ->  y=[16x1x586]  (T=1, K=586)
  - op#03  op=Softmax  shard=0   scores=[16x1x586]  ->  y=[16x1x586]  (T=1, K=586)
  - op#04  op=Softmax  shard=1   scores=[16x1x586]  ->  y=[16x1x586]  (T=1, K=586)
  - op#05  op=SV       shard=0   p=[16x1x586] + v=[16x586x128]  ->  y=[16x1x128]  (T=1, K=586)
  - op#06  op=SV       shard=1   p=[16x1x586] + v=[16x586x128]  ->  y=[16x1x128]  (T=1, K=586)
  - op#07  op=Add      shard=-1  a=[1x4096] + b=[1x4096]  ->  y=[1x4096]  (T=1, K=586)
  - op#08  op=LN       shard=-1  x=[1x4096] + w=[4096]  ->  y=[1x4096]  (T=1, K=586)
  - op#09  op=SwiGLU   shard=0   a=[1x5504] + b=[1x5504]  ->  y=[1x5504]  (T=1, K=586)
  - op#10  op=SwiGLU   shard=1   a=[1x5504] + b=[1x5504]  ->  y=[1x5504]  (T=1, K=586)
  - op#11  op=Add      shard=-1  a=[1x4096] + b=[1x4096]  ->  y=[1x4096]  (T=1, K=586)
[gpu-debug] per-op timing breakdown (avg over iters):
  idx  op       sh  io                                                    time   est_flops    TFLOPs       bytes      GB/s
  ------------------------------------------------------------------------------------------------------------------------
    0  LN       -1  x[1x4096]+w[4096]->y[1x4096]                        0.065ms    20.480 K      0.00   24.00 KiB      0.38
    1  QK        0  q[16x1x128]+k[16x128x586]->y[16x1x586]              0.051ms     2.400 M      0.05    2.31 MiB     47.23
    2  QK        1  q[16x1x128]+k[16x128x586]->y[16x1x586]              0.042ms     2.400 M      0.06    2.31 MiB     57.86
    3  Softmax   0  scores[16x1x586]->y[16x1x586]                       0.018ms    46.880 K      0.00   36.62 KiB      2.05
    4  Softmax   1  scores[16x1x586]->y[16x1x586]                       0.015ms    46.880 K      0.00   36.62 KiB      2.43
    5  SV        0  p[16x1x586]+v[16x586x128]->y[16x1x128]              0.029ms     2.400 M      0.08    2.31 MiB     82.74
    6  SV        1  p[16x1x586]+v[16x586x128]->y[16x1x128]              0.027ms     2.400 M      0.09    2.31 MiB     90.66
    7  Add      -1  a[1x4096]+b[1x4096]->y[1x4096]                      0.018ms     4.096 K      0.00   24.00 KiB      1.36
    8  LN       -1  x[1x4096]+w[4096]->y[1x4096]                        0.064ms    20.480 K      0.00   24.00 KiB      0.38
    9  SwiGLU    0  a[1x5504]+b[1x5504]->y[1x5504]                      0.025ms    33.024 K      0.00   32.25 KiB      1.34
   10  SwiGLU    1  a[1x5504]+b[1x5504]->y[1x5504]                      0.022ms    33.024 K      0.00   32.25 KiB      1.54
   11  Add      -1  a[1x4096]+b[1x4096]->y[1x4096]                      0.016ms     4.096 K      0.00   24.00 KiB      1.56
[gpu-debug] segment avg latency (cuda_events): 0.257 ms
[gpu-debug] sum(per-op)               : 0.392 ms (ratio=1.524)
[gpu-debug] NOTE: sum(per-op) may differ from segment latency due to Python overhead, event/launch overhead, and allocator/cache effects.
[gpu-debug] cuda mem before warmup: alloc=1.68 GiB reserved=1.88 GiB
[gpu-debug] cuda mem after warmup : alloc=1.69 GiB reserved=1.88 GiB
[gpu-debug] cuda mem peak (this segment): max_alloc=1.69 GiB max_reserved=1.88 GiB
========================================================================================
[gpu-debug] segment_key=npu|decode|29|48322b0ab0207f84448cb08e6eac5594
[gpu-debug] sig: device_type=npu phase=decode step=29 (count_hint=32)
[gpu-debug] ops_repr: LN:-1,QK:0,QK:1,Softmax:0,Softmax:1,SV:0,SV:1,Add:-1,LN:-1,SwiGLU:0,SwiGLU:1,Add:-1
[gpu-debug] cfg: device=cuda dtype=torch.bfloat16 dim=4096 ffn_dim=11008 n_heads=32 shards=2
[gpu-debug] op plan (with inferred tensor shapes):
  - op#00  op=LN       shard=-1  x=[1x4096] + w=[4096]  ->  y=[1x4096]  (T=1, K=598)
  - op#01  op=QK       shard=0   q=[16x1x128] + k=[16x128x598]  ->  y=[16x1x598]  (T=1, K=598)
  - op#02  op=QK       shard=1   q=[16x1x128] + k=[16x128x598]  ->  y=[16x1x598]  (T=1, K=598)
  - op#03  op=Softmax  shard=0   scores=[16x1x598]  ->  y=[16x1x598]  (T=1, K=598)
  - op#04  op=Softmax  shard=1   scores=[16x1x598]  ->  y=[16x1x598]  (T=1, K=598)
  - op#05  op=SV       shard=0   p=[16x1x598] + v=[16x598x128]  ->  y=[16x1x128]  (T=1, K=598)
  - op#06  op=SV       shard=1   p=[16x1x598] + v=[16x598x128]  ->  y=[16x1x128]  (T=1, K=598)
  - op#07  op=Add      shard=-1  a=[1x4096] + b=[1x4096]  ->  y=[1x4096]  (T=1, K=598)
  - op#08  op=LN       shard=-1  x=[1x4096] + w=[4096]  ->  y=[1x4096]  (T=1, K=598)
  - op#09  op=SwiGLU   shard=0   a=[1x5504] + b=[1x5504]  ->  y=[1x5504]  (T=1, K=598)
  - op#10  op=SwiGLU   shard=1   a=[1x5504] + b=[1x5504]  ->  y=[1x5504]  (T=1, K=598)
  - op#11  op=Add      shard=-1  a=[1x4096] + b=[1x4096]  ->  y=[1x4096]  (T=1, K=598)
[gpu-debug] per-op timing breakdown (avg over iters):
  idx  op       sh  io                                                    time   est_flops    TFLOPs       bytes      GB/s
  ------------------------------------------------------------------------------------------------------------------------
    0  LN       -1  x[1x4096]+w[4096]->y[1x4096]                        0.063ms    20.480 K      0.00   24.00 KiB      0.39
    1  QK        0  q[16x1x128]+k[16x128x598]->y[16x1x598]              0.052ms     2.449 M      0.05    2.36 MiB     47.44
    2  QK        1  q[16x1x128]+k[16x128x598]->y[16x1x598]              0.042ms     2.449 M      0.06    2.36 MiB     58.89
    3  Softmax   0  scores[16x1x598]->y[16x1x598]                       0.018ms    47.840 K      0.00   37.38 KiB      2.08
    4  Softmax   1  scores[16x1x598]->y[16x1x598]                       0.015ms    47.840 K      0.00   37.38 KiB      2.51
    5  SV        0  p[16x1x598]+v[16x598x128]->y[16x1x128]              0.030ms     2.449 M      0.08    2.36 MiB     82.69
    6  SV        1  p[16x1x598]+v[16x598x128]->y[16x1x128]              0.027ms     2.449 M      0.09    2.36 MiB     92.16
    7  Add      -1  a[1x4096]+b[1x4096]->y[1x4096]                      0.018ms     4.096 K      0.00   24.00 KiB      1.38
    8  LN       -1  x[1x4096]+w[4096]->y[1x4096]                        0.065ms    20.480 K      0.00   24.00 KiB      0.38
    9  SwiGLU    0  a[1x5504]+b[1x5504]->y[1x5504]                      0.026ms    33.024 K      0.00   32.25 KiB      1.28
   10  SwiGLU    1  a[1x5504]+b[1x5504]->y[1x5504]                      0.023ms    33.024 K      0.00   32.25 KiB      1.41
   11  Add      -1  a[1x4096]+b[1x4096]->y[1x4096]                      0.016ms     4.096 K      0.00   24.00 KiB      1.55
[gpu-debug] segment avg latency (cuda_events): 0.258 ms
[gpu-debug] sum(per-op)               : 0.395 ms (ratio=1.533)
[gpu-debug] NOTE: sum(per-op) may differ from segment latency due to Python overhead, event/launch overhead, and allocator/cache effects.
[gpu-debug] cuda mem before warmup: alloc=1.69 GiB reserved=1.88 GiB
[gpu-debug] cuda mem after warmup : alloc=1.69 GiB reserved=1.88 GiB
[gpu-debug] cuda mem peak (this segment): max_alloc=1.69 GiB max_reserved=1.88 GiB
========================================================================================
[gpu-debug] segment_key=npu|decode|2|48322b0ab0207f84448cb08e6eac5594
[gpu-debug] sig: device_type=npu phase=decode step=2 (count_hint=32)
[gpu-debug] ops_repr: LN:-1,QK:0,QK:1,Softmax:0,Softmax:1,SV:0,SV:1,Add:-1,LN:-1,SwiGLU:0,SwiGLU:1,Add:-1
[gpu-debug] cfg: device=cuda dtype=torch.bfloat16 dim=4096 ffn_dim=11008 n_heads=32 shards=2
[gpu-debug] op plan (with inferred tensor shapes):
  - op#00  op=LN       shard=-1  x=[1x4096] + w=[4096]  ->  y=[1x4096]  (T=1, K=274)
  - op#01  op=QK       shard=0   q=[16x1x128] + k=[16x128x274]  ->  y=[16x1x274]  (T=1, K=274)
  - op#02  op=QK       shard=1   q=[16x1x128] + k=[16x128x274]  ->  y=[16x1x274]  (T=1, K=274)
  - op#03  op=Softmax  shard=0   scores=[16x1x274]  ->  y=[16x1x274]  (T=1, K=274)
  - op#04  op=Softmax  shard=1   scores=[16x1x274]  ->  y=[16x1x274]  (T=1, K=274)
  - op#05  op=SV       shard=0   p=[16x1x274] + v=[16x274x128]  ->  y=[16x1x128]  (T=1, K=274)
  - op#06  op=SV       shard=1   p=[16x1x274] + v=[16x274x128]  ->  y=[16x1x128]  (T=1, K=274)
  - op#07  op=Add      shard=-1  a=[1x4096] + b=[1x4096]  ->  y=[1x4096]  (T=1, K=274)
  - op#08  op=LN       shard=-1  x=[1x4096] + w=[4096]  ->  y=[1x4096]  (T=1, K=274)
  - op#09  op=SwiGLU   shard=0   a=[1x5504] + b=[1x5504]  ->  y=[1x5504]  (T=1, K=274)
  - op#10  op=SwiGLU   shard=1   a=[1x5504] + b=[1x5504]  ->  y=[1x5504]  (T=1, K=274)
  - op#11  op=Add      shard=-1  a=[1x4096] + b=[1x4096]  ->  y=[1x4096]  (T=1, K=274)
[gpu-debug] per-op timing breakdown (avg over iters):
  idx  op       sh  io                                                    time   est_flops    TFLOPs       bytes      GB/s
  ------------------------------------------------------------------------------------------------------------------------
    0  LN       -1  x[1x4096]+w[4096]->y[1x4096]                        0.063ms    20.480 K      0.00   24.00 KiB      0.39
    1  QK        0  q[16x1x128]+k[16x128x274]->y[16x1x274]              0.052ms     1.122 M      0.02    1.08 MiB     21.82
    2  QK        1  q[16x1x128]+k[16x128x274]->y[16x1x274]              0.042ms     1.122 M      0.03    1.08 MiB     26.84
    3  Softmax   0  scores[16x1x274]->y[16x1x274]                       0.018ms    21.920 K      0.00   17.12 KiB      0.96
    4  Softmax   1  scores[16x1x274]->y[16x1x274]                       0.015ms    21.920 K      0.00   17.12 KiB      1.17
    5  SV        0  p[16x1x274]+v[16x274x128]->y[16x1x128]              0.030ms     1.122 M      0.04    1.08 MiB     38.36
    6  SV        1  p[16x1x274]+v[16x274x128]->y[16x1x128]              0.026ms     1.122 M      0.04    1.08 MiB     43.13
    7  Add      -1  a[1x4096]+b[1x4096]->y[1x4096]                      0.018ms     4.096 K      0.00   24.00 KiB      1.38
    8  LN       -1  x[1x4096]+w[4096]->y[1x4096]                        0.067ms    20.480 K      0.00   24.00 KiB      0.37
    9  SwiGLU    0  a[1x5504]+b[1x5504]->y[1x5504]                      0.025ms    33.024 K      0.00   32.25 KiB      1.32
   10  SwiGLU    1  a[1x5504]+b[1x5504]->y[1x5504]                      0.022ms    33.024 K      0.00   32.25 KiB      1.54
   11  Add      -1  a[1x4096]+b[1x4096]->y[1x4096]                      0.016ms     4.096 K      0.00   24.00 KiB      1.57
[gpu-debug] segment avg latency (cuda_events): 0.258 ms
[gpu-debug] sum(per-op)               : 0.394 ms (ratio=1.527)
[gpu-debug] NOTE: sum(per-op) may differ from segment latency due to Python overhead, event/launch overhead, and allocator/cache effects.
[gpu-debug] cuda mem before warmup: alloc=1.69 GiB reserved=1.88 GiB
[gpu-debug] cuda mem after warmup : alloc=1.69 GiB reserved=1.88 GiB
[gpu-debug] cuda mem peak (this segment): max_alloc=1.69 GiB max_reserved=1.88 GiB
========================================================================================
[gpu-debug] segment_key=npu|decode|30|48322b0ab0207f84448cb08e6eac5594
[gpu-debug] sig: device_type=npu phase=decode step=30 (count_hint=32)
[gpu-debug] ops_repr: LN:-1,QK:0,QK:1,Softmax:0,Softmax:1,SV:0,SV:1,Add:-1,LN:-1,SwiGLU:0,SwiGLU:1,Add:-1
[gpu-debug] cfg: device=cuda dtype=torch.bfloat16 dim=4096 ffn_dim=11008 n_heads=32 shards=2
[gpu-debug] op plan (with inferred tensor shapes):
  - op#00  op=LN       shard=-1  x=[1x4096] + w=[4096]  ->  y=[1x4096]  (T=1, K=610)
  - op#01  op=QK       shard=0   q=[16x1x128] + k=[16x128x610]  ->  y=[16x1x610]  (T=1, K=610)
  - op#02  op=QK       shard=1   q=[16x1x128] + k=[16x128x610]  ->  y=[16x1x610]  (T=1, K=610)
  - op#03  op=Softmax  shard=0   scores=[16x1x610]  ->  y=[16x1x610]  (T=1, K=610)
  - op#04  op=Softmax  shard=1   scores=[16x1x610]  ->  y=[16x1x610]  (T=1, K=610)
  - op#05  op=SV       shard=0   p=[16x1x610] + v=[16x610x128]  ->  y=[16x1x128]  (T=1, K=610)
  - op#06  op=SV       shard=1   p=[16x1x610] + v=[16x610x128]  ->  y=[16x1x128]  (T=1, K=610)
  - op#07  op=Add      shard=-1  a=[1x4096] + b=[1x4096]  ->  y=[1x4096]  (T=1, K=610)
  - op#08  op=LN       shard=-1  x=[1x4096] + w=[4096]  ->  y=[1x4096]  (T=1, K=610)
  - op#09  op=SwiGLU   shard=0   a=[1x5504] + b=[1x5504]  ->  y=[1x5504]  (T=1, K=610)
  - op#10  op=SwiGLU   shard=1   a=[1x5504] + b=[1x5504]  ->  y=[1x5504]  (T=1, K=610)
  - op#11  op=Add      shard=-1  a=[1x4096] + b=[1x4096]  ->  y=[1x4096]  (T=1, K=610)
[gpu-debug] per-op timing breakdown (avg over iters):
  idx  op       sh  io                                                    time   est_flops    TFLOPs       bytes      GB/s
  ------------------------------------------------------------------------------------------------------------------------
    0  LN       -1  x[1x4096]+w[4096]->y[1x4096]                        0.063ms    20.480 K      0.00   24.00 KiB      0.39
    1  QK        0  q[16x1x128]+k[16x128x610]->y[16x1x610]              0.051ms     2.499 M      0.05    2.41 MiB     49.56
    2  QK        1  q[16x1x128]+k[16x128x610]->y[16x1x610]              0.042ms     2.499 M      0.06    2.41 MiB     59.78
    3  Softmax   0  scores[16x1x610]->y[16x1x610]                       0.018ms    48.800 K      0.00   38.12 KiB      2.12
    4  Softmax   1  scores[16x1x610]->y[16x1x610]                       0.015ms    48.800 K      0.00   38.12 KiB      2.56
    5  SV        0  p[16x1x610]+v[16x610x128]->y[16x1x128]              0.030ms     2.499 M      0.08    2.41 MiB     84.93
    6  SV        1  p[16x1x610]+v[16x610x128]->y[16x1x128]              0.028ms     2.499 M      0.09    2.41 MiB     89.24
    7  Add      -1  a[1x4096]+b[1x4096]->y[1x4096]                      0.018ms     4.096 K      0.00   24.00 KiB      1.35
    8  LN       -1  x[1x4096]+w[4096]->y[1x4096]                        0.065ms    20.480 K      0.00   24.00 KiB      0.38
    9  SwiGLU    0  a[1x5504]+b[1x5504]->y[1x5504]                      0.025ms    33.024 K      0.00   32.25 KiB      1.33
   10  SwiGLU    1  a[1x5504]+b[1x5504]->y[1x5504]                      0.021ms    33.024 K      0.00   32.25 KiB      1.54
   11  Add      -1  a[1x4096]+b[1x4096]->y[1x4096]                      0.016ms     4.096 K      0.00   24.00 KiB      1.56
[gpu-debug] segment avg latency (cuda_events): 0.258 ms
[gpu-debug] sum(per-op)               : 0.393 ms (ratio=1.526)
[gpu-debug] NOTE: sum(per-op) may differ from segment latency due to Python overhead, event/launch overhead, and allocator/cache effects.
[gpu-debug] cuda mem before warmup: alloc=1.69 GiB reserved=1.88 GiB
[gpu-debug] cuda mem after warmup : alloc=1.70 GiB reserved=1.88 GiB
[gpu-debug] cuda mem peak (this segment): max_alloc=1.70 GiB max_reserved=1.88 GiB
========================================================================================
[gpu-debug] segment_key=npu|decode|31|48322b0ab0207f84448cb08e6eac5594
[gpu-debug] sig: device_type=npu phase=decode step=31 (count_hint=32)
[gpu-debug] ops_repr: LN:-1,QK:0,QK:1,Softmax:0,Softmax:1,SV:0,SV:1,Add:-1,LN:-1,SwiGLU:0,SwiGLU:1,Add:-1
[gpu-debug] cfg: device=cuda dtype=torch.bfloat16 dim=4096 ffn_dim=11008 n_heads=32 shards=2
[gpu-debug] op plan (with inferred tensor shapes):
  - op#00  op=LN       shard=-1  x=[1x4096] + w=[4096]  ->  y=[1x4096]  (T=1, K=622)
  - op#01  op=QK       shard=0   q=[16x1x128] + k=[16x128x622]  ->  y=[16x1x622]  (T=1, K=622)
  - op#02  op=QK       shard=1   q=[16x1x128] + k=[16x128x622]  ->  y=[16x1x622]  (T=1, K=622)
  - op#03  op=Softmax  shard=0   scores=[16x1x622]  ->  y=[16x1x622]  (T=1, K=622)
  - op#04  op=Softmax  shard=1   scores=[16x1x622]  ->  y=[16x1x622]  (T=1, K=622)
  - op#05  op=SV       shard=0   p=[16x1x622] + v=[16x622x128]  ->  y=[16x1x128]  (T=1, K=622)
  - op#06  op=SV       shard=1   p=[16x1x622] + v=[16x622x128]  ->  y=[16x1x128]  (T=1, K=622)
  - op#07  op=Add      shard=-1  a=[1x4096] + b=[1x4096]  ->  y=[1x4096]  (T=1, K=622)
  - op#08  op=LN       shard=-1  x=[1x4096] + w=[4096]  ->  y=[1x4096]  (T=1, K=622)
  - op#09  op=SwiGLU   shard=0   a=[1x5504] + b=[1x5504]  ->  y=[1x5504]  (T=1, K=622)
  - op#10  op=SwiGLU   shard=1   a=[1x5504] + b=[1x5504]  ->  y=[1x5504]  (T=1, K=622)
  - op#11  op=Add      shard=-1  a=[1x4096] + b=[1x4096]  ->  y=[1x4096]  (T=1, K=622)
[gpu-debug] per-op timing breakdown (avg over iters):
  idx  op       sh  io                                                    time   est_flops    TFLOPs       bytes      GB/s
  ------------------------------------------------------------------------------------------------------------------------
    0  LN       -1  x[1x4096]+w[4096]->y[1x4096]                        0.062ms    20.480 K      0.00   24.00 KiB      0.39
    1  QK        0  q[16x1x128]+k[16x128x622]->y[16x1x622]              0.051ms     2.548 M      0.05    2.45 MiB     50.63
    2  QK        1  q[16x1x128]+k[16x128x622]->y[16x1x622]              0.041ms     2.548 M      0.06    2.45 MiB     62.01
    3  Softmax   0  scores[16x1x622]->y[16x1x622]                       0.020ms    49.760 K      0.00   38.88 KiB      1.99
    4  Softmax   1  scores[16x1x622]->y[16x1x622]                       0.017ms    49.760 K      0.00   38.88 KiB      2.37
    5  SV        0  p[16x1x622]+v[16x622x128]->y[16x1x128]              0.031ms     2.548 M      0.08    2.45 MiB     83.71
    6  SV        1  p[16x1x622]+v[16x622x128]->y[16x1x128]              0.027ms     2.548 M      0.10    2.45 MiB     96.59
    7  Add      -1  a[1x4096]+b[1x4096]->y[1x4096]                      0.018ms     4.096 K      0.00   24.00 KiB      1.34
    8  LN       -1  x[1x4096]+w[4096]->y[1x4096]                        0.064ms    20.480 K      0.00   24.00 KiB      0.38
    9  SwiGLU    0  a[1x5504]+b[1x5504]->y[1x5504]                      0.025ms    33.024 K      0.00   32.25 KiB      1.33
   10  SwiGLU    1  a[1x5504]+b[1x5504]->y[1x5504]                      0.022ms    33.024 K      0.00   32.25 KiB      1.51
   11  Add      -1  a[1x4096]+b[1x4096]->y[1x4096]                      0.016ms     4.096 K      0.00   24.00 KiB      1.54
[gpu-debug] segment avg latency (cuda_events): 0.256 ms
[gpu-debug] sum(per-op)               : 0.394 ms (ratio=1.536)
[gpu-debug] NOTE: sum(per-op) may differ from segment latency due to Python overhead, event/launch overhead, and allocator/cache effects.
[gpu-debug] cuda mem before warmup: alloc=1.70 GiB reserved=1.88 GiB
[gpu-debug] cuda mem after warmup : alloc=1.70 GiB reserved=1.88 GiB
[gpu-debug] cuda mem peak (this segment): max_alloc=1.70 GiB max_reserved=1.88 GiB
========================================================================================
[gpu-debug] segment_key=npu|decode|32|48322b0ab0207f84448cb08e6eac5594
[gpu-debug] sig: device_type=npu phase=decode step=32 (count_hint=32)
[gpu-debug] ops_repr: LN:-1,QK:0,QK:1,Softmax:0,Softmax:1,SV:0,SV:1,Add:-1,LN:-1,SwiGLU:0,SwiGLU:1,Add:-1
[gpu-debug] cfg: device=cuda dtype=torch.bfloat16 dim=4096 ffn_dim=11008 n_heads=32 shards=2
[gpu-debug] op plan (with inferred tensor shapes):
  - op#00  op=LN       shard=-1  x=[1x4096] + w=[4096]  ->  y=[1x4096]  (T=1, K=634)
  - op#01  op=QK       shard=0   q=[16x1x128] + k=[16x128x634]  ->  y=[16x1x634]  (T=1, K=634)
  - op#02  op=QK       shard=1   q=[16x1x128] + k=[16x128x634]  ->  y=[16x1x634]  (T=1, K=634)
  - op#03  op=Softmax  shard=0   scores=[16x1x634]  ->  y=[16x1x634]  (T=1, K=634)
  - op#04  op=Softmax  shard=1   scores=[16x1x634]  ->  y=[16x1x634]  (T=1, K=634)
  - op#05  op=SV       shard=0   p=[16x1x634] + v=[16x634x128]  ->  y=[16x1x128]  (T=1, K=634)
  - op#06  op=SV       shard=1   p=[16x1x634] + v=[16x634x128]  ->  y=[16x1x128]  (T=1, K=634)
  - op#07  op=Add      shard=-1  a=[1x4096] + b=[1x4096]  ->  y=[1x4096]  (T=1, K=634)
  - op#08  op=LN       shard=-1  x=[1x4096] + w=[4096]  ->  y=[1x4096]  (T=1, K=634)
  - op#09  op=SwiGLU   shard=0   a=[1x5504] + b=[1x5504]  ->  y=[1x5504]  (T=1, K=634)
  - op#10  op=SwiGLU   shard=1   a=[1x5504] + b=[1x5504]  ->  y=[1x5504]  (T=1, K=634)
  - op#11  op=Add      shard=-1  a=[1x4096] + b=[1x4096]  ->  y=[1x4096]  (T=1, K=634)
[gpu-debug] per-op timing breakdown (avg over iters):
  idx  op       sh  io                                                    time   est_flops    TFLOPs       bytes      GB/s
  ------------------------------------------------------------------------------------------------------------------------
    0  LN       -1  x[1x4096]+w[4096]->y[1x4096]                        0.063ms    20.480 K      0.00   24.00 KiB      0.39
    1  QK        0  q[16x1x128]+k[16x128x634]->y[16x1x634]              0.054ms     2.597 M      0.05    2.50 MiB     48.85
    2  QK        1  q[16x1x128]+k[16x128x634]->y[16x1x634]              0.043ms     2.597 M      0.06    2.50 MiB     61.24
    3  Softmax   0  scores[16x1x634]->y[16x1x634]                       0.018ms    50.720 K      0.00   39.62 KiB      2.20
    4  Softmax   1  scores[16x1x634]->y[16x1x634]                       0.015ms    50.720 K      0.00   39.62 KiB      2.62
    5  SV        0  p[16x1x634]+v[16x634x128]->y[16x1x128]              0.030ms     2.597 M      0.09    2.50 MiB     87.97
    6  SV        1  p[16x1x634]+v[16x634x128]->y[16x1x128]              0.027ms     2.597 M      0.10    2.50 MiB     97.33
    7  Add      -1  a[1x4096]+b[1x4096]->y[1x4096]                      0.018ms     4.096 K      0.00   24.00 KiB      1.35
    8  LN       -1  x[1x4096]+w[4096]->y[1x4096]                        0.065ms    20.480 K      0.00   24.00 KiB      0.38
    9  SwiGLU    0  a[1x5504]+b[1x5504]->y[1x5504]                      0.025ms    33.024 K      0.00   32.25 KiB      1.33
   10  SwiGLU    1  a[1x5504]+b[1x5504]->y[1x5504]                      0.022ms    33.024 K      0.00   32.25 KiB      1.52
   11  Add      -1  a[1x4096]+b[1x4096]->y[1x4096]                      0.016ms     4.096 K      0.00   24.00 KiB      1.56
[gpu-debug] segment avg latency (cuda_events): 0.259 ms
[gpu-debug] sum(per-op)               : 0.395 ms (ratio=1.527)
[gpu-debug] NOTE: sum(per-op) may differ from segment latency due to Python overhead, event/launch overhead, and allocator/cache effects.
[gpu-debug] cuda mem before warmup: alloc=1.70 GiB reserved=1.88 GiB
[gpu-debug] cuda mem after warmup : alloc=1.71 GiB reserved=1.88 GiB
[gpu-debug] cuda mem peak (this segment): max_alloc=1.71 GiB max_reserved=1.88 GiB
========================================================================================
[gpu-debug] segment_key=npu|decode|33|48322b0ab0207f84448cb08e6eac5594
[gpu-debug] sig: device_type=npu phase=decode step=33 (count_hint=32)
[gpu-debug] ops_repr: LN:-1,QK:0,QK:1,Softmax:0,Softmax:1,SV:0,SV:1,Add:-1,LN:-1,SwiGLU:0,SwiGLU:1,Add:-1
[gpu-debug] cfg: device=cuda dtype=torch.bfloat16 dim=4096 ffn_dim=11008 n_heads=32 shards=2
[gpu-debug] op plan (with inferred tensor shapes):
  - op#00  op=LN       shard=-1  x=[1x4096] + w=[4096]  ->  y=[1x4096]  (T=1, K=646)
  - op#01  op=QK       shard=0   q=[16x1x128] + k=[16x128x646]  ->  y=[16x1x646]  (T=1, K=646)
  - op#02  op=QK       shard=1   q=[16x1x128] + k=[16x128x646]  ->  y=[16x1x646]  (T=1, K=646)
  - op#03  op=Softmax  shard=0   scores=[16x1x646]  ->  y=[16x1x646]  (T=1, K=646)
  - op#04  op=Softmax  shard=1   scores=[16x1x646]  ->  y=[16x1x646]  (T=1, K=646)
  - op#05  op=SV       shard=0   p=[16x1x646] + v=[16x646x128]  ->  y=[16x1x128]  (T=1, K=646)
  - op#06  op=SV       shard=1   p=[16x1x646] + v=[16x646x128]  ->  y=[16x1x128]  (T=1, K=646)
  - op#07  op=Add      shard=-1  a=[1x4096] + b=[1x4096]  ->  y=[1x4096]  (T=1, K=646)
  - op#08  op=LN       shard=-1  x=[1x4096] + w=[4096]  ->  y=[1x4096]  (T=1, K=646)
  - op#09  op=SwiGLU   shard=0   a=[1x5504] + b=[1x5504]  ->  y=[1x5504]  (T=1, K=646)
  - op#10  op=SwiGLU   shard=1   a=[1x5504] + b=[1x5504]  ->  y=[1x5504]  (T=1, K=646)
  - op#11  op=Add      shard=-1  a=[1x4096] + b=[1x4096]  ->  y=[1x4096]  (T=1, K=646)
[gpu-debug] per-op timing breakdown (avg over iters):
  idx  op       sh  io                                                    time   est_flops    TFLOPs       bytes      GB/s
  ------------------------------------------------------------------------------------------------------------------------
    0  LN       -1  x[1x4096]+w[4096]->y[1x4096]                        0.064ms    20.480 K      0.00   24.00 KiB      0.38
    1  QK        0  q[16x1x128]+k[16x128x646]->y[16x1x646]              0.052ms     2.646 M      0.05    2.55 MiB     51.75
    2  QK        1  q[16x1x128]+k[16x128x646]->y[16x1x646]              0.041ms     2.646 M      0.06    2.55 MiB     64.40
    3  Softmax   0  scores[16x1x646]->y[16x1x646]                       0.018ms    51.680 K      0.00   40.38 KiB      2.24
    4  Softmax   1  scores[16x1x646]->y[16x1x646]                       0.015ms    51.680 K      0.00   40.38 KiB      2.73
    5  SV        0  p[16x1x646]+v[16x646x128]->y[16x1x128]              0.029ms     2.646 M      0.09    2.55 MiB     90.56
    6  SV        1  p[16x1x646]+v[16x646x128]->y[16x1x128]              0.027ms     2.646 M      0.10    2.55 MiB     99.17
    7  Add      -1  a[1x4096]+b[1x4096]->y[1x4096]                      0.018ms     4.096 K      0.00   24.00 KiB      1.39
    8  LN       -1  x[1x4096]+w[4096]->y[1x4096]                        0.065ms    20.480 K      0.00   24.00 KiB      0.38
    9  SwiGLU    0  a[1x5504]+b[1x5504]->y[1x5504]                      0.025ms    33.024 K      0.00   32.25 KiB      1.33
   10  SwiGLU    1  a[1x5504]+b[1x5504]->y[1x5504]                      0.022ms    33.024 K      0.00   32.25 KiB      1.52
   11  Add      -1  a[1x4096]+b[1x4096]->y[1x4096]                      0.016ms     4.096 K      0.00   24.00 KiB      1.57
[gpu-debug] segment avg latency (cuda_events): 0.258 ms
[gpu-debug] sum(per-op)               : 0.392 ms (ratio=1.520)
[gpu-debug] NOTE: sum(per-op) may differ from segment latency due to Python overhead, event/launch overhead, and allocator/cache effects.
[gpu-debug] cuda mem before warmup: alloc=1.71 GiB reserved=1.88 GiB
[gpu-debug] cuda mem after warmup : alloc=1.71 GiB reserved=1.88 GiB
[gpu-debug] cuda mem peak (this segment): max_alloc=1.71 GiB max_reserved=1.88 GiB
========================================================================================
[gpu-debug] segment_key=npu|decode|34|48322b0ab0207f84448cb08e6eac5594
[gpu-debug] sig: device_type=npu phase=decode step=34 (count_hint=32)
[gpu-debug] ops_repr: LN:-1,QK:0,QK:1,Softmax:0,Softmax:1,SV:0,SV:1,Add:-1,LN:-1,SwiGLU:0,SwiGLU:1,Add:-1
[gpu-debug] cfg: device=cuda dtype=torch.bfloat16 dim=4096 ffn_dim=11008 n_heads=32 shards=2
[gpu-debug] op plan (with inferred tensor shapes):
  - op#00  op=LN       shard=-1  x=[1x4096] + w=[4096]  ->  y=[1x4096]  (T=1, K=658)
  - op#01  op=QK       shard=0   q=[16x1x128] + k=[16x128x658]  ->  y=[16x1x658]  (T=1, K=658)
  - op#02  op=QK       shard=1   q=[16x1x128] + k=[16x128x658]  ->  y=[16x1x658]  (T=1, K=658)
  - op#03  op=Softmax  shard=0   scores=[16x1x658]  ->  y=[16x1x658]  (T=1, K=658)
  - op#04  op=Softmax  shard=1   scores=[16x1x658]  ->  y=[16x1x658]  (T=1, K=658)
  - op#05  op=SV       shard=0   p=[16x1x658] + v=[16x658x128]  ->  y=[16x1x128]  (T=1, K=658)
  - op#06  op=SV       shard=1   p=[16x1x658] + v=[16x658x128]  ->  y=[16x1x128]  (T=1, K=658)
  - op#07  op=Add      shard=-1  a=[1x4096] + b=[1x4096]  ->  y=[1x4096]  (T=1, K=658)
  - op#08  op=LN       shard=-1  x=[1x4096] + w=[4096]  ->  y=[1x4096]  (T=1, K=658)
  - op#09  op=SwiGLU   shard=0   a=[1x5504] + b=[1x5504]  ->  y=[1x5504]  (T=1, K=658)
  - op#10  op=SwiGLU   shard=1   a=[1x5504] + b=[1x5504]  ->  y=[1x5504]  (T=1, K=658)
  - op#11  op=Add      shard=-1  a=[1x4096] + b=[1x4096]  ->  y=[1x4096]  (T=1, K=658)
[gpu-debug] per-op timing breakdown (avg over iters):
  idx  op       sh  io                                                    time   est_flops    TFLOPs       bytes      GB/s
  ------------------------------------------------------------------------------------------------------------------------
    0  LN       -1  x[1x4096]+w[4096]->y[1x4096]                        0.064ms    20.480 K      0.00   24.00 KiB      0.38
    1  QK        0  q[16x1x128]+k[16x128x658]->y[16x1x658]              0.052ms     2.695 M      0.05    2.59 MiB     52.29
    2  QK        1  q[16x1x128]+k[16x128x658]->y[16x1x658]              0.042ms     2.695 M      0.06    2.59 MiB     64.32
    3  Softmax   0  scores[16x1x658]->y[16x1x658]                       0.019ms    52.640 K      0.00   41.12 KiB      2.27
    4  Softmax   1  scores[16x1x658]->y[16x1x658]                       0.016ms    52.640 K      0.00   41.12 KiB      2.69
    5  SV        0  p[16x1x658]+v[16x658x128]->y[16x1x128]              0.030ms     2.695 M      0.09    2.59 MiB     91.29
    6  SV        1  p[16x1x658]+v[16x658x128]->y[16x1x128]              0.027ms     2.695 M      0.10    2.59 MiB    101.01
    7  Add      -1  a[1x4096]+b[1x4096]->y[1x4096]                      0.018ms     4.096 K      0.00   24.00 KiB      1.37
    8  LN       -1  x[1x4096]+w[4096]->y[1x4096]                        0.065ms    20.480 K      0.00   24.00 KiB      0.38
    9  SwiGLU    0  a[1x5504]+b[1x5504]->y[1x5504]                      0.025ms    33.024 K      0.00   32.25 KiB      1.33
   10  SwiGLU    1  a[1x5504]+b[1x5504]->y[1x5504]                      0.022ms    33.024 K      0.00   32.25 KiB      1.51
   11  Add      -1  a[1x4096]+b[1x4096]->y[1x4096]                      0.017ms     4.096 K      0.00   24.00 KiB      1.45
[gpu-debug] segment avg latency (cuda_events): 0.257 ms
[gpu-debug] sum(per-op)               : 0.396 ms (ratio=1.537)
[gpu-debug] NOTE: sum(per-op) may differ from segment latency due to Python overhead, event/launch overhead, and allocator/cache effects.
[gpu-debug] cuda mem before warmup: alloc=1.71 GiB reserved=1.88 GiB
[gpu-debug] cuda mem after warmup : alloc=1.72 GiB reserved=1.88 GiB
[gpu-debug] cuda mem peak (this segment): max_alloc=1.72 GiB max_reserved=1.88 GiB
========================================================================================
[gpu-debug] segment_key=npu|decode|35|48322b0ab0207f84448cb08e6eac5594
[gpu-debug] sig: device_type=npu phase=decode step=35 (count_hint=32)
[gpu-debug] ops_repr: LN:-1,QK:0,QK:1,Softmax:0,Softmax:1,SV:0,SV:1,Add:-1,LN:-1,SwiGLU:0,SwiGLU:1,Add:-1
[gpu-debug] cfg: device=cuda dtype=torch.bfloat16 dim=4096 ffn_dim=11008 n_heads=32 shards=2
[gpu-debug] op plan (with inferred tensor shapes):
  - op#00  op=LN       shard=-1  x=[1x4096] + w=[4096]  ->  y=[1x4096]  (T=1, K=670)
  - op#01  op=QK       shard=0   q=[16x1x128] + k=[16x128x670]  ->  y=[16x1x670]  (T=1, K=670)
  - op#02  op=QK       shard=1   q=[16x1x128] + k=[16x128x670]  ->  y=[16x1x670]  (T=1, K=670)
  - op#03  op=Softmax  shard=0   scores=[16x1x670]  ->  y=[16x1x670]  (T=1, K=670)
  - op#04  op=Softmax  shard=1   scores=[16x1x670]  ->  y=[16x1x670]  (T=1, K=670)
  - op#05  op=SV       shard=0   p=[16x1x670] + v=[16x670x128]  ->  y=[16x1x128]  (T=1, K=670)
  - op#06  op=SV       shard=1   p=[16x1x670] + v=[16x670x128]  ->  y=[16x1x128]  (T=1, K=670)
  - op#07  op=Add      shard=-1  a=[1x4096] + b=[1x4096]  ->  y=[1x4096]  (T=1, K=670)
  - op#08  op=LN       shard=-1  x=[1x4096] + w=[4096]  ->  y=[1x4096]  (T=1, K=670)
  - op#09  op=SwiGLU   shard=0   a=[1x5504] + b=[1x5504]  ->  y=[1x5504]  (T=1, K=670)
  - op#10  op=SwiGLU   shard=1   a=[1x5504] + b=[1x5504]  ->  y=[1x5504]  (T=1, K=670)
  - op#11  op=Add      shard=-1  a=[1x4096] + b=[1x4096]  ->  y=[1x4096]  (T=1, K=670)
[gpu-debug] per-op timing breakdown (avg over iters):
  idx  op       sh  io                                                    time   est_flops    TFLOPs       bytes      GB/s
  ------------------------------------------------------------------------------------------------------------------------
    0  LN       -1  x[1x4096]+w[4096]->y[1x4096]                        0.063ms    20.480 K      0.00   24.00 KiB      0.39
    1  QK        0  q[16x1x128]+k[16x128x670]->y[16x1x670]              0.052ms     2.744 M      0.05    2.64 MiB     53.56
    2  QK        1  q[16x1x128]+k[16x128x670]->y[16x1x670]              0.042ms     2.744 M      0.07    2.64 MiB     66.30
    3  Softmax   0  scores[16x1x670]->y[16x1x670]                       0.018ms    53.600 K      0.00   41.88 KiB      2.33
    4  Softmax   1  scores[16x1x670]->y[16x1x670]                       0.016ms    53.600 K      0.00   41.88 KiB      2.75
    5  SV        0  p[16x1x670]+v[16x670x128]->y[16x1x128]              0.030ms     2.744 M      0.09    2.64 MiB     92.63
    6  SV        1  p[16x1x670]+v[16x670x128]->y[16x1x128]              0.027ms     2.744 M      0.10    2.64 MiB    103.64
    7  Add      -1  a[1x4096]+b[1x4096]->y[1x4096]                      0.018ms     4.096 K      0.00   24.00 KiB      1.36
    8  LN       -1  x[1x4096]+w[4096]->y[1x4096]                        0.067ms    20.480 K      0.00   24.00 KiB      0.37
    9  SwiGLU    0  a[1x5504]+b[1x5504]->y[1x5504]                      0.025ms    33.024 K      0.00   32.25 KiB      1.32
   10  SwiGLU    1  a[1x5504]+b[1x5504]->y[1x5504]                      0.022ms    33.024 K      0.00   32.25 KiB      1.52
   11  Add      -1  a[1x4096]+b[1x4096]->y[1x4096]                      0.016ms     4.096 K      0.00   24.00 KiB      1.54
[gpu-debug] segment avg latency (cuda_events): 0.258 ms
[gpu-debug] sum(per-op)               : 0.395 ms (ratio=1.530)
[gpu-debug] NOTE: sum(per-op) may differ from segment latency due to Python overhead, event/launch overhead, and allocator/cache effects.
[gpu-debug] cuda mem before warmup: alloc=1.72 GiB reserved=1.88 GiB
[gpu-debug] cuda mem after warmup : alloc=1.72 GiB reserved=1.88 GiB
[gpu-debug] cuda mem peak (this segment): max_alloc=1.72 GiB max_reserved=1.88 GiB
========================================================================================
[gpu-debug] segment_key=npu|decode|36|48322b0ab0207f84448cb08e6eac5594
[gpu-debug] sig: device_type=npu phase=decode step=36 (count_hint=32)
[gpu-debug] ops_repr: LN:-1,QK:0,QK:1,Softmax:0,Softmax:1,SV:0,SV:1,Add:-1,LN:-1,SwiGLU:0,SwiGLU:1,Add:-1
[gpu-debug] cfg: device=cuda dtype=torch.bfloat16 dim=4096 ffn_dim=11008 n_heads=32 shards=2
[gpu-debug] op plan (with inferred tensor shapes):
  - op#00  op=LN       shard=-1  x=[1x4096] + w=[4096]  ->  y=[1x4096]  (T=1, K=682)
  - op#01  op=QK       shard=0   q=[16x1x128] + k=[16x128x682]  ->  y=[16x1x682]  (T=1, K=682)
  - op#02  op=QK       shard=1   q=[16x1x128] + k=[16x128x682]  ->  y=[16x1x682]  (T=1, K=682)
  - op#03  op=Softmax  shard=0   scores=[16x1x682]  ->  y=[16x1x682]  (T=1, K=682)
  - op#04  op=Softmax  shard=1   scores=[16x1x682]  ->  y=[16x1x682]  (T=1, K=682)
  - op#05  op=SV       shard=0   p=[16x1x682] + v=[16x682x128]  ->  y=[16x1x128]  (T=1, K=682)
  - op#06  op=SV       shard=1   p=[16x1x682] + v=[16x682x128]  ->  y=[16x1x128]  (T=1, K=682)
  - op#07  op=Add      shard=-1  a=[1x4096] + b=[1x4096]  ->  y=[1x4096]  (T=1, K=682)
  - op#08  op=LN       shard=-1  x=[1x4096] + w=[4096]  ->  y=[1x4096]  (T=1, K=682)
  - op#09  op=SwiGLU   shard=0   a=[1x5504] + b=[1x5504]  ->  y=[1x5504]  (T=1, K=682)
  - op#10  op=SwiGLU   shard=1   a=[1x5504] + b=[1x5504]  ->  y=[1x5504]  (T=1, K=682)
  - op#11  op=Add      shard=-1  a=[1x4096] + b=[1x4096]  ->  y=[1x4096]  (T=1, K=682)
[gpu-debug] per-op timing breakdown (avg over iters):
  idx  op       sh  io                                                    time   est_flops    TFLOPs       bytes      GB/s
  ------------------------------------------------------------------------------------------------------------------------
    0  LN       -1  x[1x4096]+w[4096]->y[1x4096]                        0.063ms    20.480 K      0.00   24.00 KiB      0.39
    1  QK        0  q[16x1x128]+k[16x128x682]->y[16x1x682]              0.051ms     2.793 M      0.05    2.69 MiB     55.18
    2  QK        1  q[16x1x128]+k[16x128x682]->y[16x1x682]              0.042ms     2.793 M      0.07    2.69 MiB     67.32
    3  Softmax   0  scores[16x1x682]->y[16x1x682]                       0.019ms    54.560 K      0.00   42.62 KiB      2.28
    4  Softmax   1  scores[16x1x682]->y[16x1x682]                       0.017ms    54.560 K      0.00   42.62 KiB      2.55
    5  SV        0  p[16x1x682]+v[16x682x128]->y[16x1x128]              0.031ms     2.793 M      0.09    2.69 MiB     92.08
    6  SV        1  p[16x1x682]+v[16x682x128]->y[16x1x128]              0.027ms     2.793 M      0.10    2.69 MiB    105.09
    7  Add      -1  a[1x4096]+b[1x4096]->y[1x4096]                      0.018ms     4.096 K      0.00   24.00 KiB      1.34
    8  LN       -1  x[1x4096]+w[4096]->y[1x4096]                        0.065ms    20.480 K      0.00   24.00 KiB      0.38
    9  SwiGLU    0  a[1x5504]+b[1x5504]->y[1x5504]                      0.025ms    33.024 K      0.00   32.25 KiB      1.32
   10  SwiGLU    1  a[1x5504]+b[1x5504]->y[1x5504]                      0.022ms    33.024 K      0.00   32.25 KiB      1.51
   11  Add      -1  a[1x4096]+b[1x4096]->y[1x4096]                      0.016ms     4.096 K      0.00   24.00 KiB      1.52
[gpu-debug] segment avg latency (cuda_events): 0.259 ms
[gpu-debug] sum(per-op)               : 0.396 ms (ratio=1.529)
[gpu-debug] NOTE: sum(per-op) may differ from segment latency due to Python overhead, event/launch overhead, and allocator/cache effects.
[gpu-debug] cuda mem before warmup: alloc=1.72 GiB reserved=1.88 GiB
[gpu-debug] cuda mem after warmup : alloc=1.73 GiB reserved=1.88 GiB
[gpu-debug] cuda mem peak (this segment): max_alloc=1.73 GiB max_reserved=1.88 GiB
========================================================================================
[gpu-debug] segment_key=npu|decode|37|48322b0ab0207f84448cb08e6eac5594
[gpu-debug] sig: device_type=npu phase=decode step=37 (count_hint=32)
[gpu-debug] ops_repr: LN:-1,QK:0,QK:1,Softmax:0,Softmax:1,SV:0,SV:1,Add:-1,LN:-1,SwiGLU:0,SwiGLU:1,Add:-1
[gpu-debug] cfg: device=cuda dtype=torch.bfloat16 dim=4096 ffn_dim=11008 n_heads=32 shards=2
[gpu-debug] op plan (with inferred tensor shapes):
  - op#00  op=LN       shard=-1  x=[1x4096] + w=[4096]  ->  y=[1x4096]  (T=1, K=694)
  - op#01  op=QK       shard=0   q=[16x1x128] + k=[16x128x694]  ->  y=[16x1x694]  (T=1, K=694)
  - op#02  op=QK       shard=1   q=[16x1x128] + k=[16x128x694]  ->  y=[16x1x694]  (T=1, K=694)
  - op#03  op=Softmax  shard=0   scores=[16x1x694]  ->  y=[16x1x694]  (T=1, K=694)
  - op#04  op=Softmax  shard=1   scores=[16x1x694]  ->  y=[16x1x694]  (T=1, K=694)
  - op#05  op=SV       shard=0   p=[16x1x694] + v=[16x694x128]  ->  y=[16x1x128]  (T=1, K=694)
  - op#06  op=SV       shard=1   p=[16x1x694] + v=[16x694x128]  ->  y=[16x1x128]  (T=1, K=694)
  - op#07  op=Add      shard=-1  a=[1x4096] + b=[1x4096]  ->  y=[1x4096]  (T=1, K=694)
  - op#08  op=LN       shard=-1  x=[1x4096] + w=[4096]  ->  y=[1x4096]  (T=1, K=694)
  - op#09  op=SwiGLU   shard=0   a=[1x5504] + b=[1x5504]  ->  y=[1x5504]  (T=1, K=694)
  - op#10  op=SwiGLU   shard=1   a=[1x5504] + b=[1x5504]  ->  y=[1x5504]  (T=1, K=694)
  - op#11  op=Add      shard=-1  a=[1x4096] + b=[1x4096]  ->  y=[1x4096]  (T=1, K=694)
[gpu-debug] per-op timing breakdown (avg over iters):
  idx  op       sh  io                                                    time   est_flops    TFLOPs       bytes      GB/s
  ------------------------------------------------------------------------------------------------------------------------
    0  LN       -1  x[1x4096]+w[4096]->y[1x4096]                        0.063ms    20.480 K      0.00   24.00 KiB      0.39
    1  QK        0  q[16x1x128]+k[16x128x694]->y[16x1x694]              0.054ms     2.843 M      0.05    2.74 MiB     53.16
    2  QK        1  q[16x1x128]+k[16x128x694]->y[16x1x694]              0.042ms     2.843 M      0.07    2.74 MiB     68.50
    3  Softmax   0  scores[16x1x694]->y[16x1x694]                       0.018ms    55.520 K      0.00   43.38 KiB      2.41
    4  Softmax   1  scores[16x1x694]->y[16x1x694]                       0.016ms    55.520 K      0.00   43.38 KiB      2.85
    5  SV        0  p[16x1x694]+v[16x694x128]->y[16x1x128]              0.030ms     2.843 M      0.10    2.74 MiB     95.95
    6  SV        1  p[16x1x694]+v[16x694x128]->y[16x1x128]              0.027ms     2.843 M      0.10    2.74 MiB    105.33
    7  Add      -1  a[1x4096]+b[1x4096]->y[1x4096]                      0.018ms     4.096 K      0.00   24.00 KiB      1.36
    8  LN       -1  x[1x4096]+w[4096]->y[1x4096]                        0.065ms    20.480 K      0.00   24.00 KiB      0.38
    9  SwiGLU    0  a[1x5504]+b[1x5504]->y[1x5504]                      0.025ms    33.024 K      0.00   32.25 KiB      1.34
   10  SwiGLU    1  a[1x5504]+b[1x5504]->y[1x5504]                      0.022ms    33.024 K      0.00   32.25 KiB      1.52
   11  Add      -1  a[1x4096]+b[1x4096]->y[1x4096]                      0.016ms     4.096 K      0.00   24.00 KiB      1.57
[gpu-debug] segment avg latency (cuda_events): 0.259 ms
[gpu-debug] sum(per-op)               : 0.394 ms (ratio=1.524)
[gpu-debug] NOTE: sum(per-op) may differ from segment latency due to Python overhead, event/launch overhead, and allocator/cache effects.
[gpu-debug] cuda mem before warmup: alloc=1.73 GiB reserved=1.88 GiB
[gpu-debug] cuda mem after warmup : alloc=1.73 GiB reserved=1.88 GiB
[gpu-debug] cuda mem peak (this segment): max_alloc=1.73 GiB max_reserved=1.88 GiB
========================================================================================
[gpu-debug] segment_key=npu|decode|38|48322b0ab0207f84448cb08e6eac5594
[gpu-debug] sig: device_type=npu phase=decode step=38 (count_hint=32)
[gpu-debug] ops_repr: LN:-1,QK:0,QK:1,Softmax:0,Softmax:1,SV:0,SV:1,Add:-1,LN:-1,SwiGLU:0,SwiGLU:1,Add:-1
[gpu-debug] cfg: device=cuda dtype=torch.bfloat16 dim=4096 ffn_dim=11008 n_heads=32 shards=2
[gpu-debug] op plan (with inferred tensor shapes):
  - op#00  op=LN       shard=-1  x=[1x4096] + w=[4096]  ->  y=[1x4096]  (T=1, K=706)
  - op#01  op=QK       shard=0   q=[16x1x128] + k=[16x128x706]  ->  y=[16x1x706]  (T=1, K=706)
  - op#02  op=QK       shard=1   q=[16x1x128] + k=[16x128x706]  ->  y=[16x1x706]  (T=1, K=706)
  - op#03  op=Softmax  shard=0   scores=[16x1x706]  ->  y=[16x1x706]  (T=1, K=706)
  - op#04  op=Softmax  shard=1   scores=[16x1x706]  ->  y=[16x1x706]  (T=1, K=706)
  - op#05  op=SV       shard=0   p=[16x1x706] + v=[16x706x128]  ->  y=[16x1x128]  (T=1, K=706)
  - op#06  op=SV       shard=1   p=[16x1x706] + v=[16x706x128]  ->  y=[16x1x128]  (T=1, K=706)
  - op#07  op=Add      shard=-1  a=[1x4096] + b=[1x4096]  ->  y=[1x4096]  (T=1, K=706)
  - op#08  op=LN       shard=-1  x=[1x4096] + w=[4096]  ->  y=[1x4096]  (T=1, K=706)
  - op#09  op=SwiGLU   shard=0   a=[1x5504] + b=[1x5504]  ->  y=[1x5504]  (T=1, K=706)
  - op#10  op=SwiGLU   shard=1   a=[1x5504] + b=[1x5504]  ->  y=[1x5504]  (T=1, K=706)
  - op#11  op=Add      shard=-1  a=[1x4096] + b=[1x4096]  ->  y=[1x4096]  (T=1, K=706)
[gpu-debug] per-op timing breakdown (avg over iters):
  idx  op       sh  io                                                    time   est_flops    TFLOPs       bytes      GB/s
  ------------------------------------------------------------------------------------------------------------------------
    0  LN       -1  x[1x4096]+w[4096]->y[1x4096]                        0.065ms    20.480 K      0.00   24.00 KiB      0.38
    1  QK        0  q[16x1x128]+k[16x128x706]->y[16x1x706]              0.052ms     2.892 M      0.06    2.78 MiB     56.33
    2  QK        1  q[16x1x128]+k[16x128x706]->y[16x1x706]              0.042ms     2.892 M      0.07    2.78 MiB     69.68
    3  Softmax   0  scores[16x1x706]->y[16x1x706]                       0.019ms    56.480 K      0.00   44.12 KiB      2.40
    4  Softmax   1  scores[16x1x706]->y[16x1x706]                       0.015ms    56.480 K      0.00   44.12 KiB      2.98
    5  SV        0  p[16x1x706]+v[16x706x128]->y[16x1x128]              0.029ms     2.892 M      0.10    2.78 MiB     98.96
    6  SV        1  p[16x1x706]+v[16x706x128]->y[16x1x128]              0.027ms     2.892 M      0.11    2.78 MiB    109.20
    7  Add      -1  a[1x4096]+b[1x4096]->y[1x4096]                      0.018ms     4.096 K      0.00   24.00 KiB      1.36
    8  LN       -1  x[1x4096]+w[4096]->y[1x4096]                        0.064ms    20.480 K      0.00   24.00 KiB      0.38
    9  SwiGLU    0  a[1x5504]+b[1x5504]->y[1x5504]                      0.025ms    33.024 K      0.00   32.25 KiB      1.34
   10  SwiGLU    1  a[1x5504]+b[1x5504]->y[1x5504]                      0.022ms    33.024 K      0.00   32.25 KiB      1.52
   11  Add      -1  a[1x4096]+b[1x4096]->y[1x4096]                      0.015ms     4.096 K      0.00   24.00 KiB      1.59
[gpu-debug] segment avg latency (cuda_events): 0.260 ms
[gpu-debug] sum(per-op)               : 0.393 ms (ratio=1.512)
[gpu-debug] NOTE: sum(per-op) may differ from segment latency due to Python overhead, event/launch overhead, and allocator/cache effects.
[gpu-debug] cuda mem before warmup: alloc=1.73 GiB reserved=1.88 GiB
[gpu-debug] cuda mem after warmup : alloc=1.74 GiB reserved=1.88 GiB
[gpu-debug] cuda mem peak (this segment): max_alloc=1.74 GiB max_reserved=1.88 GiB
========================================================================================
[gpu-debug] segment_key=npu|decode|39|48322b0ab0207f84448cb08e6eac5594
[gpu-debug] sig: device_type=npu phase=decode step=39 (count_hint=32)
[gpu-debug] ops_repr: LN:-1,QK:0,QK:1,Softmax:0,Softmax:1,SV:0,SV:1,Add:-1,LN:-1,SwiGLU:0,SwiGLU:1,Add:-1
[gpu-debug] cfg: device=cuda dtype=torch.bfloat16 dim=4096 ffn_dim=11008 n_heads=32 shards=2
[gpu-debug] op plan (with inferred tensor shapes):
  - op#00  op=LN       shard=-1  x=[1x4096] + w=[4096]  ->  y=[1x4096]  (T=1, K=718)
  - op#01  op=QK       shard=0   q=[16x1x128] + k=[16x128x718]  ->  y=[16x1x718]  (T=1, K=718)
  - op#02  op=QK       shard=1   q=[16x1x128] + k=[16x128x718]  ->  y=[16x1x718]  (T=1, K=718)
  - op#03  op=Softmax  shard=0   scores=[16x1x718]  ->  y=[16x1x718]  (T=1, K=718)
  - op#04  op=Softmax  shard=1   scores=[16x1x718]  ->  y=[16x1x718]  (T=1, K=718)
  - op#05  op=SV       shard=0   p=[16x1x718] + v=[16x718x128]  ->  y=[16x1x128]  (T=1, K=718)
  - op#06  op=SV       shard=1   p=[16x1x718] + v=[16x718x128]  ->  y=[16x1x128]  (T=1, K=718)
  - op#07  op=Add      shard=-1  a=[1x4096] + b=[1x4096]  ->  y=[1x4096]  (T=1, K=718)
  - op#08  op=LN       shard=-1  x=[1x4096] + w=[4096]  ->  y=[1x4096]  (T=1, K=718)
  - op#09  op=SwiGLU   shard=0   a=[1x5504] + b=[1x5504]  ->  y=[1x5504]  (T=1, K=718)
  - op#10  op=SwiGLU   shard=1   a=[1x5504] + b=[1x5504]  ->  y=[1x5504]  (T=1, K=718)
  - op#11  op=Add      shard=-1  a=[1x4096] + b=[1x4096]  ->  y=[1x4096]  (T=1, K=718)
[gpu-debug] per-op timing breakdown (avg over iters):
  idx  op       sh  io                                                    time   est_flops    TFLOPs       bytes      GB/s
  ------------------------------------------------------------------------------------------------------------------------
    0  LN       -1  x[1x4096]+w[4096]->y[1x4096]                        0.063ms    20.480 K      0.00   24.00 KiB      0.39
    1  QK        0  q[16x1x128]+k[16x128x718]->y[16x1x718]              0.051ms     2.941 M      0.06    2.83 MiB     57.97
    2  QK        1  q[16x1x128]+k[16x128x718]->y[16x1x718]              0.041ms     2.941 M      0.07    2.83 MiB     71.92
    3  Softmax   0  scores[16x1x718]->y[16x1x718]                       0.019ms    57.440 K      0.00   44.88 KiB      2.45
    4  Softmax   1  scores[16x1x718]->y[16x1x718]                       0.015ms    57.440 K      0.00   44.88 KiB      2.99
    5  SV        0  p[16x1x718]+v[16x718x128]->y[16x1x128]              0.030ms     2.941 M      0.10    2.83 MiB     98.59
    6  SV        1  p[16x1x718]+v[16x718x128]->y[16x1x128]              0.027ms     2.941 M      0.11    2.83 MiB    110.63
    7  Add      -1  a[1x4096]+b[1x4096]->y[1x4096]                      0.018ms     4.096 K      0.00   24.00 KiB      1.36
    8  LN       -1  x[1x4096]+w[4096]->y[1x4096]                        0.064ms    20.480 K      0.00   24.00 KiB      0.38
    9  SwiGLU    0  a[1x5504]+b[1x5504]->y[1x5504]                      0.025ms    33.024 K      0.00   32.25 KiB      1.34
   10  SwiGLU    1  a[1x5504]+b[1x5504]->y[1x5504]                      0.024ms    33.024 K      0.00   32.25 KiB      1.37
   11  Add      -1  a[1x4096]+b[1x4096]->y[1x4096]                      0.016ms     4.096 K      0.00   24.00 KiB      1.52
[gpu-debug] segment avg latency (cuda_events): 0.256 ms
[gpu-debug] sum(per-op)               : 0.393 ms (ratio=1.537)
[gpu-debug] NOTE: sum(per-op) may differ from segment latency due to Python overhead, event/launch overhead, and allocator/cache effects.
[gpu-debug] cuda mem before warmup: alloc=1.74 GiB reserved=1.88 GiB
[gpu-debug] cuda mem after warmup : alloc=1.74 GiB reserved=1.88 GiB
[gpu-debug] cuda mem peak (this segment): max_alloc=1.74 GiB max_reserved=1.88 GiB
========================================================================================
[gpu-debug] segment_key=npu|decode|3|48322b0ab0207f84448cb08e6eac5594
[gpu-debug] sig: device_type=npu phase=decode step=3 (count_hint=32)
[gpu-debug] ops_repr: LN:-1,QK:0,QK:1,Softmax:0,Softmax:1,SV:0,SV:1,Add:-1,LN:-1,SwiGLU:0,SwiGLU:1,Add:-1
[gpu-debug] cfg: device=cuda dtype=torch.bfloat16 dim=4096 ffn_dim=11008 n_heads=32 shards=2
[gpu-debug] op plan (with inferred tensor shapes):
  - op#00  op=LN       shard=-1  x=[1x4096] + w=[4096]  ->  y=[1x4096]  (T=1, K=286)
  - op#01  op=QK       shard=0   q=[16x1x128] + k=[16x128x286]  ->  y=[16x1x286]  (T=1, K=286)
  - op#02  op=QK       shard=1   q=[16x1x128] + k=[16x128x286]  ->  y=[16x1x286]  (T=1, K=286)
  - op#03  op=Softmax  shard=0   scores=[16x1x286]  ->  y=[16x1x286]  (T=1, K=286)
  - op#04  op=Softmax  shard=1   scores=[16x1x286]  ->  y=[16x1x286]  (T=1, K=286)
  - op#05  op=SV       shard=0   p=[16x1x286] + v=[16x286x128]  ->  y=[16x1x128]  (T=1, K=286)
  - op#06  op=SV       shard=1   p=[16x1x286] + v=[16x286x128]  ->  y=[16x1x128]  (T=1, K=286)
  - op#07  op=Add      shard=-1  a=[1x4096] + b=[1x4096]  ->  y=[1x4096]  (T=1, K=286)
  - op#08  op=LN       shard=-1  x=[1x4096] + w=[4096]  ->  y=[1x4096]  (T=1, K=286)
  - op#09  op=SwiGLU   shard=0   a=[1x5504] + b=[1x5504]  ->  y=[1x5504]  (T=1, K=286)
  - op#10  op=SwiGLU   shard=1   a=[1x5504] + b=[1x5504]  ->  y=[1x5504]  (T=1, K=286)
  - op#11  op=Add      shard=-1  a=[1x4096] + b=[1x4096]  ->  y=[1x4096]  (T=1, K=286)
[gpu-debug] per-op timing breakdown (avg over iters):
  idx  op       sh  io                                                    time   est_flops    TFLOPs       bytes      GB/s
  ------------------------------------------------------------------------------------------------------------------------
    0  LN       -1  x[1x4096]+w[4096]->y[1x4096]                        0.063ms    20.480 K      0.00   24.00 KiB      0.39
    1  QK        0  q[16x1x128]+k[16x128x286]->y[16x1x286]              0.052ms     1.171 M      0.02    1.13 MiB     22.96
    2  QK        1  q[16x1x128]+k[16x128x286]->y[16x1x286]              0.042ms     1.171 M      0.03    1.13 MiB     28.36
    3  Softmax   0  scores[16x1x286]->y[16x1x286]                       0.018ms    22.880 K      0.00   17.88 KiB      1.00
    4  Softmax   1  scores[16x1x286]->y[16x1x286]                       0.015ms    22.880 K      0.00   17.88 KiB      1.23
    5  SV        0  p[16x1x286]+v[16x286x128]->y[16x1x128]              0.029ms     1.171 M      0.04    1.13 MiB     40.17
    6  SV        1  p[16x1x286]+v[16x286x128]->y[16x1x128]              0.026ms     1.171 M      0.04    1.13 MiB     44.84
    7  Add      -1  a[1x4096]+b[1x4096]->y[1x4096]                      0.018ms     4.096 K      0.00   24.00 KiB      1.37
    8  LN       -1  x[1x4096]+w[4096]->y[1x4096]                        0.067ms    20.480 K      0.00   24.00 KiB      0.37
    9  SwiGLU    0  a[1x5504]+b[1x5504]->y[1x5504]                      0.025ms    33.024 K      0.00   32.25 KiB      1.32
   10  SwiGLU    1  a[1x5504]+b[1x5504]->y[1x5504]                      0.022ms    33.024 K      0.00   32.25 KiB      1.52
   11  Add      -1  a[1x4096]+b[1x4096]->y[1x4096]                      0.016ms     4.096 K      0.00   24.00 KiB      1.57
[gpu-debug] segment avg latency (cuda_events): 0.257 ms
[gpu-debug] sum(per-op)               : 0.392 ms (ratio=1.527)
[gpu-debug] NOTE: sum(per-op) may differ from segment latency due to Python overhead, event/launch overhead, and allocator/cache effects.
[gpu-debug] cuda mem before warmup: alloc=1.74 GiB reserved=1.88 GiB
[gpu-debug] cuda mem after warmup : alloc=1.75 GiB reserved=1.88 GiB
[gpu-debug] cuda mem peak (this segment): max_alloc=1.75 GiB max_reserved=1.88 GiB
========================================================================================
[gpu-debug] segment_key=npu|decode|40|48322b0ab0207f84448cb08e6eac5594
[gpu-debug] sig: device_type=npu phase=decode step=40 (count_hint=32)
[gpu-debug] ops_repr: LN:-1,QK:0,QK:1,Softmax:0,Softmax:1,SV:0,SV:1,Add:-1,LN:-1,SwiGLU:0,SwiGLU:1,Add:-1
[gpu-debug] cfg: device=cuda dtype=torch.bfloat16 dim=4096 ffn_dim=11008 n_heads=32 shards=2
[gpu-debug] op plan (with inferred tensor shapes):
  - op#00  op=LN       shard=-1  x=[1x4096] + w=[4096]  ->  y=[1x4096]  (T=1, K=730)
  - op#01  op=QK       shard=0   q=[16x1x128] + k=[16x128x730]  ->  y=[16x1x730]  (T=1, K=730)
  - op#02  op=QK       shard=1   q=[16x1x128] + k=[16x128x730]  ->  y=[16x1x730]  (T=1, K=730)
  - op#03  op=Softmax  shard=0   scores=[16x1x730]  ->  y=[16x1x730]  (T=1, K=730)
  - op#04  op=Softmax  shard=1   scores=[16x1x730]  ->  y=[16x1x730]  (T=1, K=730)
  - op#05  op=SV       shard=0   p=[16x1x730] + v=[16x730x128]  ->  y=[16x1x128]  (T=1, K=730)
  - op#06  op=SV       shard=1   p=[16x1x730] + v=[16x730x128]  ->  y=[16x1x128]  (T=1, K=730)
  - op#07  op=Add      shard=-1  a=[1x4096] + b=[1x4096]  ->  y=[1x4096]  (T=1, K=730)
  - op#08  op=LN       shard=-1  x=[1x4096] + w=[4096]  ->  y=[1x4096]  (T=1, K=730)
  - op#09  op=SwiGLU   shard=0   a=[1x5504] + b=[1x5504]  ->  y=[1x5504]  (T=1, K=730)
  - op#10  op=SwiGLU   shard=1   a=[1x5504] + b=[1x5504]  ->  y=[1x5504]  (T=1, K=730)
  - op#11  op=Add      shard=-1  a=[1x4096] + b=[1x4096]  ->  y=[1x4096]  (T=1, K=730)
[gpu-debug] per-op timing breakdown (avg over iters):
  idx  op       sh  io                                                    time   est_flops    TFLOPs       bytes      GB/s
  ------------------------------------------------------------------------------------------------------------------------
    0  LN       -1  x[1x4096]+w[4096]->y[1x4096]                        0.063ms    20.480 K      0.00   24.00 KiB      0.39
    1  QK        0  q[16x1x128]+k[16x128x730]->y[16x1x730]              0.052ms     2.990 M      0.06    2.88 MiB     58.24
    2  QK        1  q[16x1x128]+k[16x128x730]->y[16x1x730]              0.042ms     2.990 M      0.07    2.88 MiB     71.87
    3  Softmax   0  scores[16x1x730]->y[16x1x730]                       0.019ms    58.400 K      0.00   45.62 KiB      2.47
    4  Softmax   1  scores[16x1x730]->y[16x1x730]                       0.015ms    58.400 K      0.00   45.62 KiB      3.04
    5  SV        0  p[16x1x730]+v[16x730x128]->y[16x1x128]              0.030ms     2.990 M      0.10    2.88 MiB    100.23
    6  SV        1  p[16x1x730]+v[16x730x128]->y[16x1x128]              0.027ms     2.990 M      0.11    2.88 MiB    109.96
    7  Add      -1  a[1x4096]+b[1x4096]->y[1x4096]                      0.020ms     4.096 K      0.00   24.00 KiB      1.20
    8  LN       -1  x[1x4096]+w[4096]->y[1x4096]                        0.066ms    20.480 K      0.00   24.00 KiB      0.37
    9  SwiGLU    0  a[1x5504]+b[1x5504]->y[1x5504]                      0.025ms    33.024 K      0.00   32.25 KiB      1.33
   10  SwiGLU    1  a[1x5504]+b[1x5504]->y[1x5504]                      0.022ms    33.024 K      0.00   32.25 KiB      1.51
   11  Add      -1  a[1x4096]+b[1x4096]->y[1x4096]                      0.016ms     4.096 K      0.00   24.00 KiB      1.54
[gpu-debug] segment avg latency (cuda_events): 0.257 ms
[gpu-debug] sum(per-op)               : 0.398 ms (ratio=1.544)
[gpu-debug] NOTE: sum(per-op) may differ from segment latency due to Python overhead, event/launch overhead, and allocator/cache effects.
[gpu-debug] cuda mem before warmup: alloc=1.75 GiB reserved=1.88 GiB
[gpu-debug] cuda mem after warmup : alloc=1.75 GiB reserved=1.88 GiB
[gpu-debug] cuda mem peak (this segment): max_alloc=1.75 GiB max_reserved=1.88 GiB
========================================================================================
[gpu-debug] segment_key=npu|decode|41|48322b0ab0207f84448cb08e6eac5594
[gpu-debug] sig: device_type=npu phase=decode step=41 (count_hint=32)
[gpu-debug] ops_repr: LN:-1,QK:0,QK:1,Softmax:0,Softmax:1,SV:0,SV:1,Add:-1,LN:-1,SwiGLU:0,SwiGLU:1,Add:-1
[gpu-debug] cfg: device=cuda dtype=torch.bfloat16 dim=4096 ffn_dim=11008 n_heads=32 shards=2
[gpu-debug] op plan (with inferred tensor shapes):
  - op#00  op=LN       shard=-1  x=[1x4096] + w=[4096]  ->  y=[1x4096]  (T=1, K=742)
  - op#01  op=QK       shard=0   q=[16x1x128] + k=[16x128x742]  ->  y=[16x1x742]  (T=1, K=742)
  - op#02  op=QK       shard=1   q=[16x1x128] + k=[16x128x742]  ->  y=[16x1x742]  (T=1, K=742)
  - op#03  op=Softmax  shard=0   scores=[16x1x742]  ->  y=[16x1x742]  (T=1, K=742)
  - op#04  op=Softmax  shard=1   scores=[16x1x742]  ->  y=[16x1x742]  (T=1, K=742)
  - op#05  op=SV       shard=0   p=[16x1x742] + v=[16x742x128]  ->  y=[16x1x128]  (T=1, K=742)
  - op#06  op=SV       shard=1   p=[16x1x742] + v=[16x742x128]  ->  y=[16x1x128]  (T=1, K=742)
  - op#07  op=Add      shard=-1  a=[1x4096] + b=[1x4096]  ->  y=[1x4096]  (T=1, K=742)
  - op#08  op=LN       shard=-1  x=[1x4096] + w=[4096]  ->  y=[1x4096]  (T=1, K=742)
  - op#09  op=SwiGLU   shard=0   a=[1x5504] + b=[1x5504]  ->  y=[1x5504]  (T=1, K=742)
  - op#10  op=SwiGLU   shard=1   a=[1x5504] + b=[1x5504]  ->  y=[1x5504]  (T=1, K=742)
  - op#11  op=Add      shard=-1  a=[1x4096] + b=[1x4096]  ->  y=[1x4096]  (T=1, K=742)
[gpu-debug] per-op timing breakdown (avg over iters):
  idx  op       sh  io                                                    time   est_flops    TFLOPs       bytes      GB/s
  ------------------------------------------------------------------------------------------------------------------------
    0  LN       -1  x[1x4096]+w[4096]->y[1x4096]                        0.063ms    20.480 K      0.00   24.00 KiB      0.39
    1  QK        0  q[16x1x128]+k[16x128x742]->y[16x1x742]              0.050ms     3.039 M      0.06    2.92 MiB     61.13
    2  QK        1  q[16x1x128]+k[16x128x742]->y[16x1x742]              0.043ms     3.039 M      0.07    2.92 MiB     70.81
    3  Softmax   0  scores[16x1x742]->y[16x1x742]                       0.019ms    59.360 K      0.00   46.38 KiB      2.44
    4  Softmax   1  scores[16x1x742]->y[16x1x742]                       0.015ms    59.360 K      0.00   46.38 KiB      3.18
    5  SV        0  p[16x1x742]+v[16x742x128]->y[16x1x128]              0.030ms     3.039 M      0.10    2.92 MiB    101.88
    6  SV        1  p[16x1x742]+v[16x742x128]->y[16x1x128]              0.027ms     3.039 M      0.11    2.92 MiB    115.64
    7  Add      -1  a[1x4096]+b[1x4096]->y[1x4096]                      0.018ms     4.096 K      0.00   24.00 KiB      1.36
    8  LN       -1  x[1x4096]+w[4096]->y[1x4096]                        0.064ms    20.480 K      0.00   24.00 KiB      0.38
    9  SwiGLU    0  a[1x5504]+b[1x5504]->y[1x5504]                      0.025ms    33.024 K      0.00   32.25 KiB      1.34
   10  SwiGLU    1  a[1x5504]+b[1x5504]->y[1x5504]                      0.022ms    33.024 K      0.00   32.25 KiB      1.53
   11  Add      -1  a[1x4096]+b[1x4096]->y[1x4096]                      0.016ms     4.096 K      0.00   24.00 KiB      1.55
[gpu-debug] segment avg latency (cuda_events): 0.258 ms
[gpu-debug] sum(per-op)               : 0.392 ms (ratio=1.516)
[gpu-debug] NOTE: sum(per-op) may differ from segment latency due to Python overhead, event/launch overhead, and allocator/cache effects.
[gpu-debug] cuda mem before warmup: alloc=1.75 GiB reserved=1.88 GiB
[gpu-debug] cuda mem after warmup : alloc=1.76 GiB reserved=1.88 GiB
[gpu-debug] cuda mem peak (this segment): max_alloc=1.76 GiB max_reserved=1.88 GiB
========================================================================================
[gpu-debug] segment_key=npu|decode|42|48322b0ab0207f84448cb08e6eac5594
[gpu-debug] sig: device_type=npu phase=decode step=42 (count_hint=32)
[gpu-debug] ops_repr: LN:-1,QK:0,QK:1,Softmax:0,Softmax:1,SV:0,SV:1,Add:-1,LN:-1,SwiGLU:0,SwiGLU:1,Add:-1
[gpu-debug] cfg: device=cuda dtype=torch.bfloat16 dim=4096 ffn_dim=11008 n_heads=32 shards=2
[gpu-debug] op plan (with inferred tensor shapes):
  - op#00  op=LN       shard=-1  x=[1x4096] + w=[4096]  ->  y=[1x4096]  (T=1, K=754)
  - op#01  op=QK       shard=0   q=[16x1x128] + k=[16x128x754]  ->  y=[16x1x754]  (T=1, K=754)
  - op#02  op=QK       shard=1   q=[16x1x128] + k=[16x128x754]  ->  y=[16x1x754]  (T=1, K=754)
  - op#03  op=Softmax  shard=0   scores=[16x1x754]  ->  y=[16x1x754]  (T=1, K=754)
  - op#04  op=Softmax  shard=1   scores=[16x1x754]  ->  y=[16x1x754]  (T=1, K=754)
  - op#05  op=SV       shard=0   p=[16x1x754] + v=[16x754x128]  ->  y=[16x1x128]  (T=1, K=754)
  - op#06  op=SV       shard=1   p=[16x1x754] + v=[16x754x128]  ->  y=[16x1x128]  (T=1, K=754)
  - op#07  op=Add      shard=-1  a=[1x4096] + b=[1x4096]  ->  y=[1x4096]  (T=1, K=754)
  - op#08  op=LN       shard=-1  x=[1x4096] + w=[4096]  ->  y=[1x4096]  (T=1, K=754)
  - op#09  op=SwiGLU   shard=0   a=[1x5504] + b=[1x5504]  ->  y=[1x5504]  (T=1, K=754)
  - op#10  op=SwiGLU   shard=1   a=[1x5504] + b=[1x5504]  ->  y=[1x5504]  (T=1, K=754)
  - op#11  op=Add      shard=-1  a=[1x4096] + b=[1x4096]  ->  y=[1x4096]  (T=1, K=754)
[gpu-debug] per-op timing breakdown (avg over iters):
  idx  op       sh  io                                                    time   est_flops    TFLOPs       bytes      GB/s
  ------------------------------------------------------------------------------------------------------------------------
    0  LN       -1  x[1x4096]+w[4096]->y[1x4096]                        0.063ms    20.480 K      0.00   24.00 KiB      0.39
    1  QK        0  q[16x1x128]+k[16x128x754]->y[16x1x754]              0.053ms     3.088 M      0.06    2.97 MiB     58.76
    2  QK        1  q[16x1x128]+k[16x128x754]->y[16x1x754]              0.043ms     3.088 M      0.07    2.97 MiB     72.81
    3  Softmax   0  scores[16x1x754]->y[16x1x754]                       0.019ms    60.320 K      0.00   47.12 KiB      2.58
    4  Softmax   1  scores[16x1x754]->y[16x1x754]                       0.015ms    60.320 K      0.00   47.12 KiB      3.14
    5  SV        0  p[16x1x754]+v[16x754x128]->y[16x1x128]              0.030ms     3.088 M      0.10    2.97 MiB    104.23
    6  SV        1  p[16x1x754]+v[16x754x128]->y[16x1x128]              0.027ms     3.088 M      0.12    2.97 MiB    117.51
    7  Add      -1  a[1x4096]+b[1x4096]->y[1x4096]                      0.018ms     4.096 K      0.00   24.00 KiB      1.37
    8  LN       -1  x[1x4096]+w[4096]->y[1x4096]                        0.065ms    20.480 K      0.00   24.00 KiB      0.38
    9  SwiGLU    0  a[1x5504]+b[1x5504]->y[1x5504]                      0.025ms    33.024 K      0.00   32.25 KiB      1.33
   10  SwiGLU    1  a[1x5504]+b[1x5504]->y[1x5504]                      0.022ms    33.024 K      0.00   32.25 KiB      1.51
   11  Add      -1  a[1x4096]+b[1x4096]->y[1x4096]                      0.016ms     4.096 K      0.00   24.00 KiB      1.57
[gpu-debug] segment avg latency (cuda_events): 0.259 ms
[gpu-debug] sum(per-op)               : 0.394 ms (ratio=1.526)
[gpu-debug] NOTE: sum(per-op) may differ from segment latency due to Python overhead, event/launch overhead, and allocator/cache effects.
[gpu-debug] cuda mem before warmup: alloc=1.76 GiB reserved=1.88 GiB
[gpu-debug] cuda mem after warmup : alloc=1.76 GiB reserved=1.88 GiB
[gpu-debug] cuda mem peak (this segment): max_alloc=1.76 GiB max_reserved=1.88 GiB
========================================================================================
[gpu-debug] segment_key=npu|decode|43|48322b0ab0207f84448cb08e6eac5594
[gpu-debug] sig: device_type=npu phase=decode step=43 (count_hint=32)
[gpu-debug] ops_repr: LN:-1,QK:0,QK:1,Softmax:0,Softmax:1,SV:0,SV:1,Add:-1,LN:-1,SwiGLU:0,SwiGLU:1,Add:-1
[gpu-debug] cfg: device=cuda dtype=torch.bfloat16 dim=4096 ffn_dim=11008 n_heads=32 shards=2
[gpu-debug] op plan (with inferred tensor shapes):
  - op#00  op=LN       shard=-1  x=[1x4096] + w=[4096]  ->  y=[1x4096]  (T=1, K=766)
  - op#01  op=QK       shard=0   q=[16x1x128] + k=[16x128x766]  ->  y=[16x1x766]  (T=1, K=766)
  - op#02  op=QK       shard=1   q=[16x1x128] + k=[16x128x766]  ->  y=[16x1x766]  (T=1, K=766)
  - op#03  op=Softmax  shard=0   scores=[16x1x766]  ->  y=[16x1x766]  (T=1, K=766)
  - op#04  op=Softmax  shard=1   scores=[16x1x766]  ->  y=[16x1x766]  (T=1, K=766)
  - op#05  op=SV       shard=0   p=[16x1x766] + v=[16x766x128]  ->  y=[16x1x128]  (T=1, K=766)
  - op#06  op=SV       shard=1   p=[16x1x766] + v=[16x766x128]  ->  y=[16x1x128]  (T=1, K=766)
  - op#07  op=Add      shard=-1  a=[1x4096] + b=[1x4096]  ->  y=[1x4096]  (T=1, K=766)
  - op#08  op=LN       shard=-1  x=[1x4096] + w=[4096]  ->  y=[1x4096]  (T=1, K=766)
  - op#09  op=SwiGLU   shard=0   a=[1x5504] + b=[1x5504]  ->  y=[1x5504]  (T=1, K=766)
  - op#10  op=SwiGLU   shard=1   a=[1x5504] + b=[1x5504]  ->  y=[1x5504]  (T=1, K=766)
  - op#11  op=Add      shard=-1  a=[1x4096] + b=[1x4096]  ->  y=[1x4096]  (T=1, K=766)
[gpu-debug] per-op timing breakdown (avg over iters):
  idx  op       sh  io                                                    time   est_flops    TFLOPs       bytes      GB/s
  ------------------------------------------------------------------------------------------------------------------------
    0  LN       -1  x[1x4096]+w[4096]->y[1x4096]                        0.063ms    20.480 K      0.00   24.00 KiB      0.39
    1  QK        0  q[16x1x128]+k[16x128x766]->y[16x1x766]              0.053ms     3.138 M      0.06    3.02 MiB     59.23
    2  QK        1  q[16x1x128]+k[16x128x766]->y[16x1x766]              0.042ms     3.138 M      0.07    3.02 MiB     75.23
    3  Softmax   0  scores[16x1x766]->y[16x1x766]                       0.019ms    61.280 K      0.00   47.88 KiB      2.59
    4  Softmax   1  scores[16x1x766]->y[16x1x766]                       0.015ms    61.280 K      0.00   47.88 KiB      3.21
    5  SV        0  p[16x1x766]+v[16x766x128]->y[16x1x128]              0.030ms     3.138 M      0.10    3.02 MiB    105.53
    6  SV        1  p[16x1x766]+v[16x766x128]->y[16x1x128]              0.027ms     3.138 M      0.12    3.02 MiB    117.12
    7  Add      -1  a[1x4096]+b[1x4096]->y[1x4096]                      0.018ms     4.096 K      0.00   24.00 KiB      1.39
    8  LN       -1  x[1x4096]+w[4096]->y[1x4096]                        0.065ms    20.480 K      0.00   24.00 KiB      0.38
    9  SwiGLU    0  a[1x5504]+b[1x5504]->y[1x5504]                      0.024ms    33.024 K      0.00   32.25 KiB      1.35
   10  SwiGLU    1  a[1x5504]+b[1x5504]->y[1x5504]                      0.022ms    33.024 K      0.00   32.25 KiB      1.54
   11  Add      -1  a[1x4096]+b[1x4096]->y[1x4096]                      0.016ms     4.096 K      0.00   24.00 KiB      1.56
[gpu-debug] segment avg latency (cuda_events): 0.256 ms
[gpu-debug] sum(per-op)               : 0.394 ms (ratio=1.535)
[gpu-debug] NOTE: sum(per-op) may differ from segment latency due to Python overhead, event/launch overhead, and allocator/cache effects.
[gpu-debug] cuda mem before warmup: alloc=1.76 GiB reserved=1.88 GiB
[gpu-debug] cuda mem after warmup : alloc=1.77 GiB reserved=1.88 GiB
[gpu-debug] cuda mem peak (this segment): max_alloc=1.77 GiB max_reserved=1.88 GiB
========================================================================================
[gpu-debug] segment_key=npu|decode|44|48322b0ab0207f84448cb08e6eac5594
[gpu-debug] sig: device_type=npu phase=decode step=44 (count_hint=32)
[gpu-debug] ops_repr: LN:-1,QK:0,QK:1,Softmax:0,Softmax:1,SV:0,SV:1,Add:-1,LN:-1,SwiGLU:0,SwiGLU:1,Add:-1
[gpu-debug] cfg: device=cuda dtype=torch.bfloat16 dim=4096 ffn_dim=11008 n_heads=32 shards=2
[gpu-debug] op plan (with inferred tensor shapes):
  - op#00  op=LN       shard=-1  x=[1x4096] + w=[4096]  ->  y=[1x4096]  (T=1, K=778)
  - op#01  op=QK       shard=0   q=[16x1x128] + k=[16x128x778]  ->  y=[16x1x778]  (T=1, K=778)
  - op#02  op=QK       shard=1   q=[16x1x128] + k=[16x128x778]  ->  y=[16x1x778]  (T=1, K=778)
  - op#03  op=Softmax  shard=0   scores=[16x1x778]  ->  y=[16x1x778]  (T=1, K=778)
  - op#04  op=Softmax  shard=1   scores=[16x1x778]  ->  y=[16x1x778]  (T=1, K=778)
  - op#05  op=SV       shard=0   p=[16x1x778] + v=[16x778x128]  ->  y=[16x1x128]  (T=1, K=778)
  - op#06  op=SV       shard=1   p=[16x1x778] + v=[16x778x128]  ->  y=[16x1x128]  (T=1, K=778)
  - op#07  op=Add      shard=-1  a=[1x4096] + b=[1x4096]  ->  y=[1x4096]  (T=1, K=778)
  - op#08  op=LN       shard=-1  x=[1x4096] + w=[4096]  ->  y=[1x4096]  (T=1, K=778)
  - op#09  op=SwiGLU   shard=0   a=[1x5504] + b=[1x5504]  ->  y=[1x5504]  (T=1, K=778)
  - op#10  op=SwiGLU   shard=1   a=[1x5504] + b=[1x5504]  ->  y=[1x5504]  (T=1, K=778)
  - op#11  op=Add      shard=-1  a=[1x4096] + b=[1x4096]  ->  y=[1x4096]  (T=1, K=778)
[gpu-debug] per-op timing breakdown (avg over iters):
  idx  op       sh  io                                                    time   est_flops    TFLOPs       bytes      GB/s
  ------------------------------------------------------------------------------------------------------------------------
    0  LN       -1  x[1x4096]+w[4096]->y[1x4096]                        0.066ms    20.480 K      0.00   24.00 KiB      0.37
    1  QK        0  q[16x1x128]+k[16x128x778]->y[16x1x778]              0.052ms     3.187 M      0.06    3.07 MiB     62.06
    2  QK        1  q[16x1x128]+k[16x128x778]->y[16x1x778]              0.042ms     3.187 M      0.08    3.07 MiB     76.97
    3  Softmax   0  scores[16x1x778]->y[16x1x778]                       0.019ms    62.240 K      0.00   48.62 KiB      2.67
    4  Softmax   1  scores[16x1x778]->y[16x1x778]                       0.015ms    62.240 K      0.00   48.62 KiB      3.26
    5  SV        0  p[16x1x778]+v[16x778x128]->y[16x1x128]              0.030ms     3.187 M      0.11    3.07 MiB    108.66
    6  SV        1  p[16x1x778]+v[16x778x128]->y[16x1x128]              0.027ms     3.187 M      0.12    3.07 MiB    120.78
    7  Add      -1  a[1x4096]+b[1x4096]->y[1x4096]                      0.018ms     4.096 K      0.00   24.00 KiB      1.38
    8  LN       -1  x[1x4096]+w[4096]->y[1x4096]                        0.064ms    20.480 K      0.00   24.00 KiB      0.38
    9  SwiGLU    0  a[1x5504]+b[1x5504]->y[1x5504]                      0.025ms    33.024 K      0.00   32.25 KiB      1.33
   10  SwiGLU    1  a[1x5504]+b[1x5504]->y[1x5504]                      0.022ms    33.024 K      0.00   32.25 KiB      1.51
   11  Add      -1  a[1x4096]+b[1x4096]->y[1x4096]                      0.015ms     4.096 K      0.00   24.00 KiB      1.60
[gpu-debug] segment avg latency (cuda_events): 0.257 ms
[gpu-debug] sum(per-op)               : 0.394 ms (ratio=1.531)
[gpu-debug] NOTE: sum(per-op) may differ from segment latency due to Python overhead, event/launch overhead, and allocator/cache effects.
[gpu-debug] cuda mem before warmup: alloc=1.77 GiB reserved=1.88 GiB
[gpu-debug] cuda mem after warmup : alloc=1.78 GiB reserved=1.88 GiB
[gpu-debug] cuda mem peak (this segment): max_alloc=1.78 GiB max_reserved=1.88 GiB
  progress 140/202
========================================================================================
[gpu-debug] segment_key=npu|decode|45|48322b0ab0207f84448cb08e6eac5594
[gpu-debug] sig: device_type=npu phase=decode step=45 (count_hint=32)
[gpu-debug] ops_repr: LN:-1,QK:0,QK:1,Softmax:0,Softmax:1,SV:0,SV:1,Add:-1,LN:-1,SwiGLU:0,SwiGLU:1,Add:-1
[gpu-debug] cfg: device=cuda dtype=torch.bfloat16 dim=4096 ffn_dim=11008 n_heads=32 shards=2
[gpu-debug] op plan (with inferred tensor shapes):
  - op#00  op=LN       shard=-1  x=[1x4096] + w=[4096]  ->  y=[1x4096]  (T=1, K=790)
  - op#01  op=QK       shard=0   q=[16x1x128] + k=[16x128x790]  ->  y=[16x1x790]  (T=1, K=790)
  - op#02  op=QK       shard=1   q=[16x1x128] + k=[16x128x790]  ->  y=[16x1x790]  (T=1, K=790)
  - op#03  op=Softmax  shard=0   scores=[16x1x790]  ->  y=[16x1x790]  (T=1, K=790)
  - op#04  op=Softmax  shard=1   scores=[16x1x790]  ->  y=[16x1x790]  (T=1, K=790)
  - op#05  op=SV       shard=0   p=[16x1x790] + v=[16x790x128]  ->  y=[16x1x128]  (T=1, K=790)
  - op#06  op=SV       shard=1   p=[16x1x790] + v=[16x790x128]  ->  y=[16x1x128]  (T=1, K=790)
  - op#07  op=Add      shard=-1  a=[1x4096] + b=[1x4096]  ->  y=[1x4096]  (T=1, K=790)
  - op#08  op=LN       shard=-1  x=[1x4096] + w=[4096]  ->  y=[1x4096]  (T=1, K=790)
  - op#09  op=SwiGLU   shard=0   a=[1x5504] + b=[1x5504]  ->  y=[1x5504]  (T=1, K=790)
  - op#10  op=SwiGLU   shard=1   a=[1x5504] + b=[1x5504]  ->  y=[1x5504]  (T=1, K=790)
  - op#11  op=Add      shard=-1  a=[1x4096] + b=[1x4096]  ->  y=[1x4096]  (T=1, K=790)
[gpu-debug] per-op timing breakdown (avg over iters):
  idx  op       sh  io                                                    time   est_flops    TFLOPs       bytes      GB/s
  ------------------------------------------------------------------------------------------------------------------------
    0  LN       -1  x[1x4096]+w[4096]->y[1x4096]                        0.063ms    20.480 K      0.00   24.00 KiB      0.39
    1  QK        0  q[16x1x128]+k[16x128x790]->y[16x1x790]              0.052ms     3.236 M      0.06    3.11 MiB     63.39
    2  QK        1  q[16x1x128]+k[16x128x790]->y[16x1x790]              0.042ms     3.236 M      0.08    3.11 MiB     78.54
    3  Softmax   0  scores[16x1x790]->y[16x1x790]                       0.019ms    63.200 K      0.00   49.38 KiB      2.68
    4  Softmax   1  scores[16x1x790]->y[16x1x790]                       0.015ms    63.200 K      0.00   49.38 KiB      3.31
    5  SV        0  p[16x1x790]+v[16x790x128]->y[16x1x128]              0.030ms     3.236 M      0.11    3.11 MiB    109.20
    6  SV        1  p[16x1x790]+v[16x790x128]->y[16x1x128]              0.027ms     3.236 M      0.12    3.11 MiB    120.33
    7  Add      -1  a[1x4096]+b[1x4096]->y[1x4096]                      0.018ms     4.096 K      0.00   24.00 KiB      1.38
    8  LN       -1  x[1x4096]+w[4096]->y[1x4096]                        0.064ms    20.480 K      0.00   24.00 KiB      0.38
    9  SwiGLU    0  a[1x5504]+b[1x5504]->y[1x5504]                      0.025ms    33.024 K      0.00   32.25 KiB      1.34
   10  SwiGLU    1  a[1x5504]+b[1x5504]->y[1x5504]                      0.023ms    33.024 K      0.00   32.25 KiB      1.41
   11  Add      -1  a[1x4096]+b[1x4096]->y[1x4096]                      0.016ms     4.096 K      0.00   24.00 KiB      1.57
[gpu-debug] segment avg latency (cuda_events): 0.256 ms
[gpu-debug] sum(per-op)               : 0.393 ms (ratio=1.533)
[gpu-debug] NOTE: sum(per-op) may differ from segment latency due to Python overhead, event/launch overhead, and allocator/cache effects.
[gpu-debug] cuda mem before warmup: alloc=1.78 GiB reserved=1.88 GiB
[gpu-debug] cuda mem after warmup : alloc=1.78 GiB reserved=1.88 GiB
[gpu-debug] cuda mem peak (this segment): max_alloc=1.78 GiB max_reserved=1.88 GiB
========================================================================================
[gpu-debug] segment_key=npu|decode|46|48322b0ab0207f84448cb08e6eac5594
[gpu-debug] sig: device_type=npu phase=decode step=46 (count_hint=32)
[gpu-debug] ops_repr: LN:-1,QK:0,QK:1,Softmax:0,Softmax:1,SV:0,SV:1,Add:-1,LN:-1,SwiGLU:0,SwiGLU:1,Add:-1
[gpu-debug] cfg: device=cuda dtype=torch.bfloat16 dim=4096 ffn_dim=11008 n_heads=32 shards=2
[gpu-debug] op plan (with inferred tensor shapes):
  - op#00  op=LN       shard=-1  x=[1x4096] + w=[4096]  ->  y=[1x4096]  (T=1, K=802)
  - op#01  op=QK       shard=0   q=[16x1x128] + k=[16x128x802]  ->  y=[16x1x802]  (T=1, K=802)
  - op#02  op=QK       shard=1   q=[16x1x128] + k=[16x128x802]  ->  y=[16x1x802]  (T=1, K=802)
  - op#03  op=Softmax  shard=0   scores=[16x1x802]  ->  y=[16x1x802]  (T=1, K=802)
  - op#04  op=Softmax  shard=1   scores=[16x1x802]  ->  y=[16x1x802]  (T=1, K=802)
  - op#05  op=SV       shard=0   p=[16x1x802] + v=[16x802x128]  ->  y=[16x1x128]  (T=1, K=802)
  - op#06  op=SV       shard=1   p=[16x1x802] + v=[16x802x128]  ->  y=[16x1x128]  (T=1, K=802)
  - op#07  op=Add      shard=-1  a=[1x4096] + b=[1x4096]  ->  y=[1x4096]  (T=1, K=802)
  - op#08  op=LN       shard=-1  x=[1x4096] + w=[4096]  ->  y=[1x4096]  (T=1, K=802)
  - op#09  op=SwiGLU   shard=0   a=[1x5504] + b=[1x5504]  ->  y=[1x5504]  (T=1, K=802)
  - op#10  op=SwiGLU   shard=1   a=[1x5504] + b=[1x5504]  ->  y=[1x5504]  (T=1, K=802)
  - op#11  op=Add      shard=-1  a=[1x4096] + b=[1x4096]  ->  y=[1x4096]  (T=1, K=802)
[gpu-debug] per-op timing breakdown (avg over iters):
  idx  op       sh  io                                                    time   est_flops    TFLOPs       bytes      GB/s
  ------------------------------------------------------------------------------------------------------------------------
    0  LN       -1  x[1x4096]+w[4096]->y[1x4096]                        0.063ms    20.480 K      0.00   24.00 KiB      0.39
    1  QK        0  q[16x1x128]+k[16x128x802]->y[16x1x802]              0.052ms     3.285 M      0.06    3.16 MiB     63.85
    2  QK        1  q[16x1x128]+k[16x128x802]->y[16x1x802]              0.042ms     3.285 M      0.08    3.16 MiB     78.19
    3  Softmax   0  scores[16x1x802]->y[16x1x802]                       0.019ms    64.160 K      0.00   50.12 KiB      2.69
    4  Softmax   1  scores[16x1x802]->y[16x1x802]                       0.016ms    64.160 K      0.00   50.12 KiB      3.30
    5  SV        0  p[16x1x802]+v[16x802x128]->y[16x1x128]              0.030ms     3.285 M      0.11    3.16 MiB    110.10
    6  SV        1  p[16x1x802]+v[16x802x128]->y[16x1x128]              0.027ms     3.285 M      0.12    3.16 MiB    122.62
    7  Add      -1  a[1x4096]+b[1x4096]->y[1x4096]                      0.018ms     4.096 K      0.00   24.00 KiB      1.36
    8  LN       -1  x[1x4096]+w[4096]->y[1x4096]                        0.068ms    20.480 K      0.00   24.00 KiB      0.36
    9  SwiGLU    0  a[1x5504]+b[1x5504]->y[1x5504]                      0.025ms    33.024 K      0.00   32.25 KiB      1.31
   10  SwiGLU    1  a[1x5504]+b[1x5504]->y[1x5504]                      0.022ms    33.024 K      0.00   32.25 KiB      1.50
   11  Add      -1  a[1x4096]+b[1x4096]->y[1x4096]                      0.016ms     4.096 K      0.00   24.00 KiB      1.56
[gpu-debug] segment avg latency (cuda_events): 0.259 ms
[gpu-debug] sum(per-op)               : 0.398 ms (ratio=1.535)
[gpu-debug] NOTE: sum(per-op) may differ from segment latency due to Python overhead, event/launch overhead, and allocator/cache effects.
[gpu-debug] cuda mem before warmup: alloc=1.78 GiB reserved=1.88 GiB
[gpu-debug] cuda mem after warmup : alloc=1.79 GiB reserved=1.88 GiB
[gpu-debug] cuda mem peak (this segment): max_alloc=1.79 GiB max_reserved=1.88 GiB
========================================================================================
[gpu-debug] segment_key=npu|decode|47|48322b0ab0207f84448cb08e6eac5594
[gpu-debug] sig: device_type=npu phase=decode step=47 (count_hint=32)
[gpu-debug] ops_repr: LN:-1,QK:0,QK:1,Softmax:0,Softmax:1,SV:0,SV:1,Add:-1,LN:-1,SwiGLU:0,SwiGLU:1,Add:-1
[gpu-debug] cfg: device=cuda dtype=torch.bfloat16 dim=4096 ffn_dim=11008 n_heads=32 shards=2
[gpu-debug] op plan (with inferred tensor shapes):
  - op#00  op=LN       shard=-1  x=[1x4096] + w=[4096]  ->  y=[1x4096]  (T=1, K=814)
  - op#01  op=QK       shard=0   q=[16x1x128] + k=[16x128x814]  ->  y=[16x1x814]  (T=1, K=814)
  - op#02  op=QK       shard=1   q=[16x1x128] + k=[16x128x814]  ->  y=[16x1x814]  (T=1, K=814)
  - op#03  op=Softmax  shard=0   scores=[16x1x814]  ->  y=[16x1x814]  (T=1, K=814)
  - op#04  op=Softmax  shard=1   scores=[16x1x814]  ->  y=[16x1x814]  (T=1, K=814)
  - op#05  op=SV       shard=0   p=[16x1x814] + v=[16x814x128]  ->  y=[16x1x128]  (T=1, K=814)
  - op#06  op=SV       shard=1   p=[16x1x814] + v=[16x814x128]  ->  y=[16x1x128]  (T=1, K=814)
  - op#07  op=Add      shard=-1  a=[1x4096] + b=[1x4096]  ->  y=[1x4096]  (T=1, K=814)
  - op#08  op=LN       shard=-1  x=[1x4096] + w=[4096]  ->  y=[1x4096]  (T=1, K=814)
  - op#09  op=SwiGLU   shard=0   a=[1x5504] + b=[1x5504]  ->  y=[1x5504]  (T=1, K=814)
  - op#10  op=SwiGLU   shard=1   a=[1x5504] + b=[1x5504]  ->  y=[1x5504]  (T=1, K=814)
  - op#11  op=Add      shard=-1  a=[1x4096] + b=[1x4096]  ->  y=[1x4096]  (T=1, K=814)
[gpu-debug] per-op timing breakdown (avg over iters):
  idx  op       sh  io                                                    time   est_flops    TFLOPs       bytes      GB/s
  ------------------------------------------------------------------------------------------------------------------------
    0  LN       -1  x[1x4096]+w[4096]->y[1x4096]                        0.063ms    20.480 K      0.00   24.00 KiB      0.39
    1  QK        0  q[16x1x128]+k[16x128x814]->y[16x1x814]              0.051ms     3.334 M      0.07    3.21 MiB     65.84
    2  QK        1  q[16x1x128]+k[16x128x814]->y[16x1x814]              0.042ms     3.334 M      0.08    3.21 MiB     80.72
    3  Softmax   0  scores[16x1x814]->y[16x1x814]                       0.019ms    65.120 K      0.00   50.88 KiB      2.75
    4  Softmax   1  scores[16x1x814]->y[16x1x814]                       0.018ms    65.120 K      0.00   50.88 KiB      2.92
    5  SV        0  p[16x1x814]+v[16x814x128]->y[16x1x128]              0.031ms     3.334 M      0.11    3.21 MiB    108.43
    6  SV        1  p[16x1x814]+v[16x814x128]->y[16x1x128]              0.027ms     3.334 M      0.12    3.21 MiB    125.40
    7  Add      -1  a[1x4096]+b[1x4096]->y[1x4096]                      0.018ms     4.096 K      0.00   24.00 KiB      1.36
    8  LN       -1  x[1x4096]+w[4096]->y[1x4096]                        0.065ms    20.480 K      0.00   24.00 KiB      0.38
    9  SwiGLU    0  a[1x5504]+b[1x5504]->y[1x5504]                      0.024ms    33.024 K      0.00   32.25 KiB      1.35
   10  SwiGLU    1  a[1x5504]+b[1x5504]->y[1x5504]                      0.022ms    33.024 K      0.00   32.25 KiB      1.53
   11  Add      -1  a[1x4096]+b[1x4096]->y[1x4096]                      0.016ms     4.096 K      0.00   24.00 KiB      1.58
[gpu-debug] segment avg latency (cuda_events): 0.257 ms
[gpu-debug] sum(per-op)               : 0.395 ms (ratio=1.534)
[gpu-debug] NOTE: sum(per-op) may differ from segment latency due to Python overhead, event/launch overhead, and allocator/cache effects.
[gpu-debug] cuda mem before warmup: alloc=1.79 GiB reserved=1.88 GiB
[gpu-debug] cuda mem after warmup : alloc=1.79 GiB reserved=1.88 GiB
[gpu-debug] cuda mem peak (this segment): max_alloc=1.79 GiB max_reserved=1.88 GiB
========================================================================================
[gpu-debug] segment_key=npu|decode|48|48322b0ab0207f84448cb08e6eac5594
[gpu-debug] sig: device_type=npu phase=decode step=48 (count_hint=32)
[gpu-debug] ops_repr: LN:-1,QK:0,QK:1,Softmax:0,Softmax:1,SV:0,SV:1,Add:-1,LN:-1,SwiGLU:0,SwiGLU:1,Add:-1
[gpu-debug] cfg: device=cuda dtype=torch.bfloat16 dim=4096 ffn_dim=11008 n_heads=32 shards=2
[gpu-debug] op plan (with inferred tensor shapes):
  - op#00  op=LN       shard=-1  x=[1x4096] + w=[4096]  ->  y=[1x4096]  (T=1, K=826)
  - op#01  op=QK       shard=0   q=[16x1x128] + k=[16x128x826]  ->  y=[16x1x826]  (T=1, K=826)
  - op#02  op=QK       shard=1   q=[16x1x128] + k=[16x128x826]  ->  y=[16x1x826]  (T=1, K=826)
  - op#03  op=Softmax  shard=0   scores=[16x1x826]  ->  y=[16x1x826]  (T=1, K=826)
  - op#04  op=Softmax  shard=1   scores=[16x1x826]  ->  y=[16x1x826]  (T=1, K=826)
  - op#05  op=SV       shard=0   p=[16x1x826] + v=[16x826x128]  ->  y=[16x1x128]  (T=1, K=826)
  - op#06  op=SV       shard=1   p=[16x1x826] + v=[16x826x128]  ->  y=[16x1x128]  (T=1, K=826)
  - op#07  op=Add      shard=-1  a=[1x4096] + b=[1x4096]  ->  y=[1x4096]  (T=1, K=826)
  - op#08  op=LN       shard=-1  x=[1x4096] + w=[4096]  ->  y=[1x4096]  (T=1, K=826)
  - op#09  op=SwiGLU   shard=0   a=[1x5504] + b=[1x5504]  ->  y=[1x5504]  (T=1, K=826)
  - op#10  op=SwiGLU   shard=1   a=[1x5504] + b=[1x5504]  ->  y=[1x5504]  (T=1, K=826)
  - op#11  op=Add      shard=-1  a=[1x4096] + b=[1x4096]  ->  y=[1x4096]  (T=1, K=826)
[gpu-debug] per-op timing breakdown (avg over iters):
  idx  op       sh  io                                                    time   est_flops    TFLOPs       bytes      GB/s
  ------------------------------------------------------------------------------------------------------------------------
    0  LN       -1  x[1x4096]+w[4096]->y[1x4096]                        0.063ms    20.480 K      0.00   24.00 KiB      0.39
    1  QK        0  q[16x1x128]+k[16x128x826]->y[16x1x826]              0.054ms     3.383 M      0.06    3.26 MiB     63.02
    2  QK        1  q[16x1x128]+k[16x128x826]->y[16x1x826]              0.042ms     3.383 M      0.08    3.26 MiB     80.33
    3  Softmax   0  scores[16x1x826]->y[16x1x826]                       0.019ms    66.080 K      0.00   51.62 KiB      2.78
    4  Softmax   1  scores[16x1x826]->y[16x1x826]                       0.015ms    66.080 K      0.00   51.62 KiB      3.46
    5  SV        0  p[16x1x826]+v[16x826x128]->y[16x1x128]              0.030ms     3.383 M      0.11    3.26 MiB    114.17
    6  SV        1  p[16x1x826]+v[16x826x128]->y[16x1x128]              0.027ms     3.383 M      0.13    3.26 MiB    126.76
    7  Add      -1  a[1x4096]+b[1x4096]->y[1x4096]                      0.018ms     4.096 K      0.00   24.00 KiB      1.40
    8  LN       -1  x[1x4096]+w[4096]->y[1x4096]                        0.065ms    20.480 K      0.00   24.00 KiB      0.38
    9  SwiGLU    0  a[1x5504]+b[1x5504]->y[1x5504]                      0.025ms    33.024 K      0.00   32.25 KiB      1.34
   10  SwiGLU    1  a[1x5504]+b[1x5504]->y[1x5504]                      0.022ms    33.024 K      0.00   32.25 KiB      1.52
   11  Add      -1  a[1x4096]+b[1x4096]->y[1x4096]                      0.016ms     4.096 K      0.00   24.00 KiB      1.56
[gpu-debug] segment avg latency (cuda_events): 0.259 ms
[gpu-debug] sum(per-op)               : 0.395 ms (ratio=1.529)
[gpu-debug] NOTE: sum(per-op) may differ from segment latency due to Python overhead, event/launch overhead, and allocator/cache effects.
[gpu-debug] cuda mem before warmup: alloc=1.79 GiB reserved=1.88 GiB
[gpu-debug] cuda mem after warmup : alloc=1.80 GiB reserved=1.88 GiB
[gpu-debug] cuda mem peak (this segment): max_alloc=1.80 GiB max_reserved=1.88 GiB
========================================================================================
[gpu-debug] segment_key=npu|decode|49|48322b0ab0207f84448cb08e6eac5594
[gpu-debug] sig: device_type=npu phase=decode step=49 (count_hint=32)
[gpu-debug] ops_repr: LN:-1,QK:0,QK:1,Softmax:0,Softmax:1,SV:0,SV:1,Add:-1,LN:-1,SwiGLU:0,SwiGLU:1,Add:-1
[gpu-debug] cfg: device=cuda dtype=torch.bfloat16 dim=4096 ffn_dim=11008 n_heads=32 shards=2
[gpu-debug] op plan (with inferred tensor shapes):
  - op#00  op=LN       shard=-1  x=[1x4096] + w=[4096]  ->  y=[1x4096]  (T=1, K=838)
  - op#01  op=QK       shard=0   q=[16x1x128] + k=[16x128x838]  ->  y=[16x1x838]  (T=1, K=838)
  - op#02  op=QK       shard=1   q=[16x1x128] + k=[16x128x838]  ->  y=[16x1x838]  (T=1, K=838)
  - op#03  op=Softmax  shard=0   scores=[16x1x838]  ->  y=[16x1x838]  (T=1, K=838)
  - op#04  op=Softmax  shard=1   scores=[16x1x838]  ->  y=[16x1x838]  (T=1, K=838)
  - op#05  op=SV       shard=0   p=[16x1x838] + v=[16x838x128]  ->  y=[16x1x128]  (T=1, K=838)
  - op#06  op=SV       shard=1   p=[16x1x838] + v=[16x838x128]  ->  y=[16x1x128]  (T=1, K=838)
  - op#07  op=Add      shard=-1  a=[1x4096] + b=[1x4096]  ->  y=[1x4096]  (T=1, K=838)
  - op#08  op=LN       shard=-1  x=[1x4096] + w=[4096]  ->  y=[1x4096]  (T=1, K=838)
  - op#09  op=SwiGLU   shard=0   a=[1x5504] + b=[1x5504]  ->  y=[1x5504]  (T=1, K=838)
  - op#10  op=SwiGLU   shard=1   a=[1x5504] + b=[1x5504]  ->  y=[1x5504]  (T=1, K=838)
  - op#11  op=Add      shard=-1  a=[1x4096] + b=[1x4096]  ->  y=[1x4096]  (T=1, K=838)
[gpu-debug] per-op timing breakdown (avg over iters):
  idx  op       sh  io                                                    time   est_flops    TFLOPs       bytes      GB/s
  ------------------------------------------------------------------------------------------------------------------------
    0  LN       -1  x[1x4096]+w[4096]->y[1x4096]                        0.064ms    20.480 K      0.00   24.00 KiB      0.39
    1  QK        0  q[16x1x128]+k[16x128x838]->y[16x1x838]              0.052ms     3.432 M      0.07    3.30 MiB     66.71
    2  QK        1  q[16x1x128]+k[16x128x838]->y[16x1x838]              0.042ms     3.432 M      0.08    3.30 MiB     82.49
    3  Softmax   0  scores[16x1x838]->y[16x1x838]                       0.019ms    67.040 K      0.00   52.38 KiB      2.80
    4  Softmax   1  scores[16x1x838]->y[16x1x838]                       0.015ms    67.040 K      0.00   52.38 KiB      3.47
    5  SV        0  p[16x1x838]+v[16x838x128]->y[16x1x128]              0.030ms     3.432 M      0.11    3.30 MiB    114.65
    6  SV        1  p[16x1x838]+v[16x838x128]->y[16x1x128]              0.027ms     3.432 M      0.13    3.30 MiB    128.11
    7  Add      -1  a[1x4096]+b[1x4096]->y[1x4096]                      0.018ms     4.096 K      0.00   24.00 KiB      1.34
    8  LN       -1  x[1x4096]+w[4096]->y[1x4096]                        0.064ms    20.480 K      0.00   24.00 KiB      0.38
    9  SwiGLU    0  a[1x5504]+b[1x5504]->y[1x5504]                      0.025ms    33.024 K      0.00   32.25 KiB      1.34
   10  SwiGLU    1  a[1x5504]+b[1x5504]->y[1x5504]                      0.022ms    33.024 K      0.00   32.25 KiB      1.51
   11  Add      -1  a[1x4096]+b[1x4096]->y[1x4096]                      0.016ms     4.096 K      0.00   24.00 KiB      1.56
[gpu-debug] segment avg latency (cuda_events): 0.258 ms
[gpu-debug] sum(per-op)               : 0.394 ms (ratio=1.527)
[gpu-debug] NOTE: sum(per-op) may differ from segment latency due to Python overhead, event/launch overhead, and allocator/cache effects.
[gpu-debug] cuda mem before warmup: alloc=1.80 GiB reserved=1.88 GiB
[gpu-debug] cuda mem after warmup : alloc=1.81 GiB reserved=1.88 GiB
[gpu-debug] cuda mem peak (this segment): max_alloc=1.81 GiB max_reserved=1.88 GiB
========================================================================================
[gpu-debug] segment_key=npu|decode|4|48322b0ab0207f84448cb08e6eac5594
[gpu-debug] sig: device_type=npu phase=decode step=4 (count_hint=32)
[gpu-debug] ops_repr: LN:-1,QK:0,QK:1,Softmax:0,Softmax:1,SV:0,SV:1,Add:-1,LN:-1,SwiGLU:0,SwiGLU:1,Add:-1
[gpu-debug] cfg: device=cuda dtype=torch.bfloat16 dim=4096 ffn_dim=11008 n_heads=32 shards=2
[gpu-debug] op plan (with inferred tensor shapes):
  - op#00  op=LN       shard=-1  x=[1x4096] + w=[4096]  ->  y=[1x4096]  (T=1, K=298)
  - op#01  op=QK       shard=0   q=[16x1x128] + k=[16x128x298]  ->  y=[16x1x298]  (T=1, K=298)
  - op#02  op=QK       shard=1   q=[16x1x128] + k=[16x128x298]  ->  y=[16x1x298]  (T=1, K=298)
  - op#03  op=Softmax  shard=0   scores=[16x1x298]  ->  y=[16x1x298]  (T=1, K=298)
  - op#04  op=Softmax  shard=1   scores=[16x1x298]  ->  y=[16x1x298]  (T=1, K=298)
  - op#05  op=SV       shard=0   p=[16x1x298] + v=[16x298x128]  ->  y=[16x1x128]  (T=1, K=298)
  - op#06  op=SV       shard=1   p=[16x1x298] + v=[16x298x128]  ->  y=[16x1x128]  (T=1, K=298)
  - op#07  op=Add      shard=-1  a=[1x4096] + b=[1x4096]  ->  y=[1x4096]  (T=1, K=298)
  - op#08  op=LN       shard=-1  x=[1x4096] + w=[4096]  ->  y=[1x4096]  (T=1, K=298)
  - op#09  op=SwiGLU   shard=0   a=[1x5504] + b=[1x5504]  ->  y=[1x5504]  (T=1, K=298)
  - op#10  op=SwiGLU   shard=1   a=[1x5504] + b=[1x5504]  ->  y=[1x5504]  (T=1, K=298)
  - op#11  op=Add      shard=-1  a=[1x4096] + b=[1x4096]  ->  y=[1x4096]  (T=1, K=298)
[gpu-debug] per-op timing breakdown (avg over iters):
  idx  op       sh  io                                                    time   est_flops    TFLOPs       bytes      GB/s
  ------------------------------------------------------------------------------------------------------------------------
    0  LN       -1  x[1x4096]+w[4096]->y[1x4096]                        0.063ms    20.480 K      0.00   24.00 KiB      0.39
    1  QK        0  q[16x1x128]+k[16x128x298]->y[16x1x298]              0.052ms     1.221 M      0.02    1.18 MiB     23.91
    2  QK        1  q[16x1x128]+k[16x128x298]->y[16x1x298]              0.042ms     1.221 M      0.03    1.18 MiB     29.61
    3  Softmax   0  scores[16x1x298]->y[16x1x298]                       0.018ms    23.840 K      0.00   18.62 KiB      1.06
    4  Softmax   1  scores[16x1x298]->y[16x1x298]                       0.015ms    23.840 K      0.00   18.62 KiB      1.29
    5  SV        0  p[16x1x298]+v[16x298x128]->y[16x1x128]              0.030ms     1.221 M      0.04    1.18 MiB     41.71
    6  SV        1  p[16x1x298]+v[16x298x128]->y[16x1x128]              0.027ms     1.221 M      0.05    1.18 MiB     46.18
    7  Add      -1  a[1x4096]+b[1x4096]->y[1x4096]                      0.018ms     4.096 K      0.00   24.00 KiB      1.37
    8  LN       -1  x[1x4096]+w[4096]->y[1x4096]                        0.065ms    20.480 K      0.00   24.00 KiB      0.38
    9  SwiGLU    0  a[1x5504]+b[1x5504]->y[1x5504]                      0.024ms    33.024 K      0.00   32.25 KiB      1.35
   10  SwiGLU    1  a[1x5504]+b[1x5504]->y[1x5504]                      0.025ms    33.024 K      0.00   32.25 KiB      1.34
   11  Add      -1  a[1x4096]+b[1x4096]->y[1x4096]                      0.016ms     4.096 K      0.00   24.00 KiB      1.55
[gpu-debug] segment avg latency (cuda_events): 0.257 ms
[gpu-debug] sum(per-op)               : 0.393 ms (ratio=1.530)
[gpu-debug] NOTE: sum(per-op) may differ from segment latency due to Python overhead, event/launch overhead, and allocator/cache effects.
[gpu-debug] cuda mem before warmup: alloc=1.81 GiB reserved=1.88 GiB
[gpu-debug] cuda mem after warmup : alloc=1.81 GiB reserved=1.88 GiB
[gpu-debug] cuda mem peak (this segment): max_alloc=1.81 GiB max_reserved=1.88 GiB
========================================================================================
[gpu-debug] segment_key=npu|decode|50|48322b0ab0207f84448cb08e6eac5594
[gpu-debug] sig: device_type=npu phase=decode step=50 (count_hint=32)
[gpu-debug] ops_repr: LN:-1,QK:0,QK:1,Softmax:0,Softmax:1,SV:0,SV:1,Add:-1,LN:-1,SwiGLU:0,SwiGLU:1,Add:-1
[gpu-debug] cfg: device=cuda dtype=torch.bfloat16 dim=4096 ffn_dim=11008 n_heads=32 shards=2
[gpu-debug] op plan (with inferred tensor shapes):
  - op#00  op=LN       shard=-1  x=[1x4096] + w=[4096]  ->  y=[1x4096]  (T=1, K=850)
  - op#01  op=QK       shard=0   q=[16x1x128] + k=[16x128x850]  ->  y=[16x1x850]  (T=1, K=850)
  - op#02  op=QK       shard=1   q=[16x1x128] + k=[16x128x850]  ->  y=[16x1x850]  (T=1, K=850)
  - op#03  op=Softmax  shard=0   scores=[16x1x850]  ->  y=[16x1x850]  (T=1, K=850)
  - op#04  op=Softmax  shard=1   scores=[16x1x850]  ->  y=[16x1x850]  (T=1, K=850)
  - op#05  op=SV       shard=0   p=[16x1x850] + v=[16x850x128]  ->  y=[16x1x128]  (T=1, K=850)
  - op#06  op=SV       shard=1   p=[16x1x850] + v=[16x850x128]  ->  y=[16x1x128]  (T=1, K=850)
  - op#07  op=Add      shard=-1  a=[1x4096] + b=[1x4096]  ->  y=[1x4096]  (T=1, K=850)
  - op#08  op=LN       shard=-1  x=[1x4096] + w=[4096]  ->  y=[1x4096]  (T=1, K=850)
  - op#09  op=SwiGLU   shard=0   a=[1x5504] + b=[1x5504]  ->  y=[1x5504]  (T=1, K=850)
  - op#10  op=SwiGLU   shard=1   a=[1x5504] + b=[1x5504]  ->  y=[1x5504]  (T=1, K=850)
  - op#11  op=Add      shard=-1  a=[1x4096] + b=[1x4096]  ->  y=[1x4096]  (T=1, K=850)
[gpu-debug] per-op timing breakdown (avg over iters):
  idx  op       sh  io                                                    time   est_flops    TFLOPs       bytes      GB/s
  ------------------------------------------------------------------------------------------------------------------------
    0  LN       -1  x[1x4096]+w[4096]->y[1x4096]                        0.063ms    20.480 K      0.00   24.00 KiB      0.39
    1  QK        0  q[16x1x128]+k[16x128x850]->y[16x1x850]              0.052ms     3.482 M      0.07    3.35 MiB     68.20
    2  QK        1  q[16x1x128]+k[16x128x850]->y[16x1x850]              0.042ms     3.482 M      0.08    3.35 MiB     83.88
    3  Softmax   0  scores[16x1x850]->y[16x1x850]                       0.019ms    68.000 K      0.00   53.12 KiB      2.90
    4  Softmax   1  scores[16x1x850]->y[16x1x850]                       0.015ms    68.000 K      0.00   53.12 KiB      3.64
    5  SV        0  p[16x1x850]+v[16x850x128]->y[16x1x128]              0.030ms     3.482 M      0.12    3.35 MiB    116.69
    6  SV        1  p[16x1x850]+v[16x850x128]->y[16x1x128]              0.027ms     3.482 M      0.13    3.35 MiB    130.94
    7  Add      -1  a[1x4096]+b[1x4096]->y[1x4096]                      0.018ms     4.096 K      0.00   24.00 KiB      1.39
    8  LN       -1  x[1x4096]+w[4096]->y[1x4096]                        0.067ms    20.480 K      0.00   24.00 KiB      0.36
    9  SwiGLU    0  a[1x5504]+b[1x5504]->y[1x5504]                      0.024ms    33.024 K      0.00   32.25 KiB      1.35
   10  SwiGLU    1  a[1x5504]+b[1x5504]->y[1x5504]                      0.022ms    33.024 K      0.00   32.25 KiB      1.52
   11  Add      -1  a[1x4096]+b[1x4096]->y[1x4096]                      0.016ms     4.096 K      0.00   24.00 KiB      1.58
[gpu-debug] segment avg latency (cuda_events): 0.258 ms
[gpu-debug] sum(per-op)               : 0.394 ms (ratio=1.526)
[gpu-debug] NOTE: sum(per-op) may differ from segment latency due to Python overhead, event/launch overhead, and allocator/cache effects.
[gpu-debug] cuda mem before warmup: alloc=1.81 GiB reserved=1.88 GiB
[gpu-debug] cuda mem after warmup : alloc=1.82 GiB reserved=1.88 GiB
[gpu-debug] cuda mem peak (this segment): max_alloc=1.82 GiB max_reserved=1.88 GiB
========================================================================================
[gpu-debug] segment_key=npu|decode|51|48322b0ab0207f84448cb08e6eac5594
[gpu-debug] sig: device_type=npu phase=decode step=51 (count_hint=32)
[gpu-debug] ops_repr: LN:-1,QK:0,QK:1,Softmax:0,Softmax:1,SV:0,SV:1,Add:-1,LN:-1,SwiGLU:0,SwiGLU:1,Add:-1
[gpu-debug] cfg: device=cuda dtype=torch.bfloat16 dim=4096 ffn_dim=11008 n_heads=32 shards=2
[gpu-debug] op plan (with inferred tensor shapes):
  - op#00  op=LN       shard=-1  x=[1x4096] + w=[4096]  ->  y=[1x4096]  (T=1, K=862)
  - op#01  op=QK       shard=0   q=[16x1x128] + k=[16x128x862]  ->  y=[16x1x862]  (T=1, K=862)
  - op#02  op=QK       shard=1   q=[16x1x128] + k=[16x128x862]  ->  y=[16x1x862]  (T=1, K=862)
  - op#03  op=Softmax  shard=0   scores=[16x1x862]  ->  y=[16x1x862]  (T=1, K=862)
  - op#04  op=Softmax  shard=1   scores=[16x1x862]  ->  y=[16x1x862]  (T=1, K=862)
  - op#05  op=SV       shard=0   p=[16x1x862] + v=[16x862x128]  ->  y=[16x1x128]  (T=1, K=862)
  - op#06  op=SV       shard=1   p=[16x1x862] + v=[16x862x128]  ->  y=[16x1x128]  (T=1, K=862)
  - op#07  op=Add      shard=-1  a=[1x4096] + b=[1x4096]  ->  y=[1x4096]  (T=1, K=862)
  - op#08  op=LN       shard=-1  x=[1x4096] + w=[4096]  ->  y=[1x4096]  (T=1, K=862)
  - op#09  op=SwiGLU   shard=0   a=[1x5504] + b=[1x5504]  ->  y=[1x5504]  (T=1, K=862)
  - op#10  op=SwiGLU   shard=1   a=[1x5504] + b=[1x5504]  ->  y=[1x5504]  (T=1, K=862)
  - op#11  op=Add      shard=-1  a=[1x4096] + b=[1x4096]  ->  y=[1x4096]  (T=1, K=862)
[gpu-debug] per-op timing breakdown (avg over iters):
  idx  op       sh  io                                                    time   est_flops    TFLOPs       bytes      GB/s
  ------------------------------------------------------------------------------------------------------------------------
    0  LN       -1  x[1x4096]+w[4096]->y[1x4096]                        0.066ms    20.480 K      0.00   24.00 KiB      0.37
    1  QK        0  q[16x1x128]+k[16x128x862]->y[16x1x862]              0.052ms     3.531 M      0.07    3.40 MiB     68.75
    2  QK        1  q[16x1x128]+k[16x128x862]->y[16x1x862]              0.042ms     3.531 M      0.08    3.40 MiB     85.27
    3  Softmax   0  scores[16x1x862]->y[16x1x862]                       0.019ms    68.960 K      0.00   53.88 KiB      2.90
    4  Softmax   1  scores[16x1x862]->y[16x1x862]                       0.016ms    68.960 K      0.00   53.88 KiB      3.54
    5  SV        0  p[16x1x862]+v[16x862x128]->y[16x1x128]              0.030ms     3.531 M      0.12    3.40 MiB    119.14
    6  SV        1  p[16x1x862]+v[16x862x128]->y[16x1x128]              0.027ms     3.531 M      0.13    3.40 MiB    133.29
    7  Add      -1  a[1x4096]+b[1x4096]->y[1x4096]                      0.018ms     4.096 K      0.00   24.00 KiB      1.36
    8  LN       -1  x[1x4096]+w[4096]->y[1x4096]                        0.065ms    20.480 K      0.00   24.00 KiB      0.38
    9  SwiGLU    0  a[1x5504]+b[1x5504]->y[1x5504]                      0.025ms    33.024 K      0.00   32.25 KiB      1.33
   10  SwiGLU    1  a[1x5504]+b[1x5504]->y[1x5504]                      0.022ms    33.024 K      0.00   32.25 KiB      1.51
   11  Add      -1  a[1x4096]+b[1x4096]->y[1x4096]                      0.016ms     4.096 K      0.00   24.00 KiB      1.57
[gpu-debug] segment avg latency (cuda_events): 0.258 ms
[gpu-debug] sum(per-op)               : 0.396 ms (ratio=1.533)
[gpu-debug] NOTE: sum(per-op) may differ from segment latency due to Python overhead, event/launch overhead, and allocator/cache effects.
[gpu-debug] cuda mem before warmup: alloc=1.82 GiB reserved=1.88 GiB
[gpu-debug] cuda mem after warmup : alloc=1.82 GiB reserved=1.90 GiB
[gpu-debug] cuda mem peak (this segment): max_alloc=1.82 GiB max_reserved=1.90 GiB
========================================================================================
[gpu-debug] segment_key=npu|decode|52|48322b0ab0207f84448cb08e6eac5594
[gpu-debug] sig: device_type=npu phase=decode step=52 (count_hint=32)
[gpu-debug] ops_repr: LN:-1,QK:0,QK:1,Softmax:0,Softmax:1,SV:0,SV:1,Add:-1,LN:-1,SwiGLU:0,SwiGLU:1,Add:-1
[gpu-debug] cfg: device=cuda dtype=torch.bfloat16 dim=4096 ffn_dim=11008 n_heads=32 shards=2
[gpu-debug] op plan (with inferred tensor shapes):
  - op#00  op=LN       shard=-1  x=[1x4096] + w=[4096]  ->  y=[1x4096]  (T=1, K=874)
  - op#01  op=QK       shard=0   q=[16x1x128] + k=[16x128x874]  ->  y=[16x1x874]  (T=1, K=874)
  - op#02  op=QK       shard=1   q=[16x1x128] + k=[16x128x874]  ->  y=[16x1x874]  (T=1, K=874)
  - op#03  op=Softmax  shard=0   scores=[16x1x874]  ->  y=[16x1x874]  (T=1, K=874)
  - op#04  op=Softmax  shard=1   scores=[16x1x874]  ->  y=[16x1x874]  (T=1, K=874)
  - op#05  op=SV       shard=0   p=[16x1x874] + v=[16x874x128]  ->  y=[16x1x128]  (T=1, K=874)
  - op#06  op=SV       shard=1   p=[16x1x874] + v=[16x874x128]  ->  y=[16x1x128]  (T=1, K=874)
  - op#07  op=Add      shard=-1  a=[1x4096] + b=[1x4096]  ->  y=[1x4096]  (T=1, K=874)
  - op#08  op=LN       shard=-1  x=[1x4096] + w=[4096]  ->  y=[1x4096]  (T=1, K=874)
  - op#09  op=SwiGLU   shard=0   a=[1x5504] + b=[1x5504]  ->  y=[1x5504]  (T=1, K=874)
  - op#10  op=SwiGLU   shard=1   a=[1x5504] + b=[1x5504]  ->  y=[1x5504]  (T=1, K=874)
  - op#11  op=Add      shard=-1  a=[1x4096] + b=[1x4096]  ->  y=[1x4096]  (T=1, K=874)
[gpu-debug] per-op timing breakdown (avg over iters):
  idx  op       sh  io                                                    time   est_flops    TFLOPs       bytes      GB/s
  ------------------------------------------------------------------------------------------------------------------------
    0  LN       -1  x[1x4096]+w[4096]->y[1x4096]                        0.064ms    20.480 K      0.00   24.00 KiB      0.39
    1  QK        0  q[16x1x128]+k[16x128x874]->y[16x1x874]              0.052ms     3.580 M      0.07    3.44 MiB     69.85
    2  QK        1  q[16x1x128]+k[16x128x874]->y[16x1x874]              0.042ms     3.580 M      0.08    3.44 MiB     85.61
    3  Softmax   0  scores[16x1x874]->y[16x1x874]                       0.019ms    69.920 K      0.00   54.62 KiB      2.94
    4  Softmax   1  scores[16x1x874]->y[16x1x874]                       0.015ms    69.920 K      0.00   54.62 KiB      3.69
    5  SV        0  p[16x1x874]+v[16x874x128]->y[16x1x128]              0.030ms     3.580 M      0.12    3.44 MiB    120.39
    6  SV        1  p[16x1x874]+v[16x874x128]->y[16x1x128]              0.027ms     3.580 M      0.13    3.44 MiB    135.15
    7  Add      -1  a[1x4096]+b[1x4096]->y[1x4096]                      0.018ms     4.096 K      0.00   24.00 KiB      1.36
    8  LN       -1  x[1x4096]+w[4096]->y[1x4096]                        0.064ms    20.480 K      0.00   24.00 KiB      0.38
    9  SwiGLU    0  a[1x5504]+b[1x5504]->y[1x5504]                      0.026ms    33.024 K      0.00   32.25 KiB      1.28
   10  SwiGLU    1  a[1x5504]+b[1x5504]->y[1x5504]                      0.022ms    33.024 K      0.00   32.25 KiB      1.48
   11  Add      -1  a[1x4096]+b[1x4096]->y[1x4096]                      0.016ms     4.096 K      0.00   24.00 KiB      1.53
[gpu-debug] segment avg latency (cuda_events): 0.257 ms
[gpu-debug] sum(per-op)               : 0.395 ms (ratio=1.535)
[gpu-debug] NOTE: sum(per-op) may differ from segment latency due to Python overhead, event/launch overhead, and allocator/cache effects.
[gpu-debug] cuda mem before warmup: alloc=1.82 GiB reserved=1.90 GiB
[gpu-debug] cuda mem after warmup : alloc=1.83 GiB reserved=1.90 GiB
[gpu-debug] cuda mem peak (this segment): max_alloc=1.83 GiB max_reserved=1.90 GiB
========================================================================================
[gpu-debug] segment_key=npu|decode|53|48322b0ab0207f84448cb08e6eac5594
[gpu-debug] sig: device_type=npu phase=decode step=53 (count_hint=32)
[gpu-debug] ops_repr: LN:-1,QK:0,QK:1,Softmax:0,Softmax:1,SV:0,SV:1,Add:-1,LN:-1,SwiGLU:0,SwiGLU:1,Add:-1
[gpu-debug] cfg: device=cuda dtype=torch.bfloat16 dim=4096 ffn_dim=11008 n_heads=32 shards=2
[gpu-debug] op plan (with inferred tensor shapes):
  - op#00  op=LN       shard=-1  x=[1x4096] + w=[4096]  ->  y=[1x4096]  (T=1, K=886)
  - op#01  op=QK       shard=0   q=[16x1x128] + k=[16x128x886]  ->  y=[16x1x886]  (T=1, K=886)
  - op#02  op=QK       shard=1   q=[16x1x128] + k=[16x128x886]  ->  y=[16x1x886]  (T=1, K=886)
  - op#03  op=Softmax  shard=0   scores=[16x1x886]  ->  y=[16x1x886]  (T=1, K=886)
  - op#04  op=Softmax  shard=1   scores=[16x1x886]  ->  y=[16x1x886]  (T=1, K=886)
  - op#05  op=SV       shard=0   p=[16x1x886] + v=[16x886x128]  ->  y=[16x1x128]  (T=1, K=886)
  - op#06  op=SV       shard=1   p=[16x1x886] + v=[16x886x128]  ->  y=[16x1x128]  (T=1, K=886)
  - op#07  op=Add      shard=-1  a=[1x4096] + b=[1x4096]  ->  y=[1x4096]  (T=1, K=886)
  - op#08  op=LN       shard=-1  x=[1x4096] + w=[4096]  ->  y=[1x4096]  (T=1, K=886)
  - op#09  op=SwiGLU   shard=0   a=[1x5504] + b=[1x5504]  ->  y=[1x5504]  (T=1, K=886)
  - op#10  op=SwiGLU   shard=1   a=[1x5504] + b=[1x5504]  ->  y=[1x5504]  (T=1, K=886)
  - op#11  op=Add      shard=-1  a=[1x4096] + b=[1x4096]  ->  y=[1x4096]  (T=1, K=886)
[gpu-debug] per-op timing breakdown (avg over iters):
  idx  op       sh  io                                                    time   est_flops    TFLOPs       bytes      GB/s
  ------------------------------------------------------------------------------------------------------------------------
    0  LN       -1  x[1x4096]+w[4096]->y[1x4096]                        0.063ms    20.480 K      0.00   24.00 KiB      0.39
    1  QK        0  q[16x1x128]+k[16x128x886]->y[16x1x886]              0.054ms     3.629 M      0.07    3.49 MiB     67.47
    2  QK        1  q[16x1x128]+k[16x128x886]->y[16x1x886]              0.043ms     3.629 M      0.09    3.49 MiB     85.95
    3  Softmax   0  scores[16x1x886]->y[16x1x886]                       0.019ms    70.880 K      0.00   55.38 KiB      3.03
    4  Softmax   1  scores[16x1x886]->y[16x1x886]                       0.016ms    70.880 K      0.00   55.38 KiB      3.64
    5  SV        0  p[16x1x886]+v[16x886x128]->y[16x1x128]              0.030ms     3.629 M      0.12    3.49 MiB    121.62
    6  SV        1  p[16x1x886]+v[16x886x128]->y[16x1x128]              0.027ms     3.629 M      0.13    3.49 MiB    135.96
    7  Add      -1  a[1x4096]+b[1x4096]->y[1x4096]                      0.018ms     4.096 K      0.00   24.00 KiB      1.36
    8  LN       -1  x[1x4096]+w[4096]->y[1x4096]                        0.065ms    20.480 K      0.00   24.00 KiB      0.38
    9  SwiGLU    0  a[1x5504]+b[1x5504]->y[1x5504]                      0.025ms    33.024 K      0.00   32.25 KiB      1.34
   10  SwiGLU    1  a[1x5504]+b[1x5504]->y[1x5504]                      0.022ms    33.024 K      0.00   32.25 KiB      1.53
   11  Add      -1  a[1x4096]+b[1x4096]->y[1x4096]                      0.016ms     4.096 K      0.00   24.00 KiB      1.49
[gpu-debug] segment avg latency (cuda_events): 0.260 ms
[gpu-debug] sum(per-op)               : 0.397 ms (ratio=1.526)
[gpu-debug] NOTE: sum(per-op) may differ from segment latency due to Python overhead, event/launch overhead, and allocator/cache effects.
[gpu-debug] cuda mem before warmup: alloc=1.83 GiB reserved=1.90 GiB
[gpu-debug] cuda mem after warmup : alloc=1.84 GiB reserved=1.92 GiB
[gpu-debug] cuda mem peak (this segment): max_alloc=1.84 GiB max_reserved=1.92 GiB
========================================================================================
[gpu-debug] segment_key=npu|decode|54|48322b0ab0207f84448cb08e6eac5594
[gpu-debug] sig: device_type=npu phase=decode step=54 (count_hint=32)
[gpu-debug] ops_repr: LN:-1,QK:0,QK:1,Softmax:0,Softmax:1,SV:0,SV:1,Add:-1,LN:-1,SwiGLU:0,SwiGLU:1,Add:-1
[gpu-debug] cfg: device=cuda dtype=torch.bfloat16 dim=4096 ffn_dim=11008 n_heads=32 shards=2
[gpu-debug] op plan (with inferred tensor shapes):
  - op#00  op=LN       shard=-1  x=[1x4096] + w=[4096]  ->  y=[1x4096]  (T=1, K=898)
  - op#01  op=QK       shard=0   q=[16x1x128] + k=[16x128x898]  ->  y=[16x1x898]  (T=1, K=898)
  - op#02  op=QK       shard=1   q=[16x1x128] + k=[16x128x898]  ->  y=[16x1x898]  (T=1, K=898)
  - op#03  op=Softmax  shard=0   scores=[16x1x898]  ->  y=[16x1x898]  (T=1, K=898)
  - op#04  op=Softmax  shard=1   scores=[16x1x898]  ->  y=[16x1x898]  (T=1, K=898)
  - op#05  op=SV       shard=0   p=[16x1x898] + v=[16x898x128]  ->  y=[16x1x128]  (T=1, K=898)
  - op#06  op=SV       shard=1   p=[16x1x898] + v=[16x898x128]  ->  y=[16x1x128]  (T=1, K=898)
  - op#07  op=Add      shard=-1  a=[1x4096] + b=[1x4096]  ->  y=[1x4096]  (T=1, K=898)
  - op#08  op=LN       shard=-1  x=[1x4096] + w=[4096]  ->  y=[1x4096]  (T=1, K=898)
  - op#09  op=SwiGLU   shard=0   a=[1x5504] + b=[1x5504]  ->  y=[1x5504]  (T=1, K=898)
  - op#10  op=SwiGLU   shard=1   a=[1x5504] + b=[1x5504]  ->  y=[1x5504]  (T=1, K=898)
  - op#11  op=Add      shard=-1  a=[1x4096] + b=[1x4096]  ->  y=[1x4096]  (T=1, K=898)
[gpu-debug] per-op timing breakdown (avg over iters):
  idx  op       sh  io                                                    time   est_flops    TFLOPs       bytes      GB/s
  ------------------------------------------------------------------------------------------------------------------------
    0  LN       -1  x[1x4096]+w[4096]->y[1x4096]                        0.063ms    20.480 K      0.00   24.00 KiB      0.39
    1  QK        0  q[16x1x128]+k[16x128x898]->y[16x1x898]              0.052ms     3.678 M      0.07    3.54 MiB     71.76
    2  QK        1  q[16x1x128]+k[16x128x898]->y[16x1x898]              0.042ms     3.678 M      0.09    3.54 MiB     87.75
    3  Softmax   0  scores[16x1x898]->y[16x1x898]                       0.019ms    71.840 K      0.00   56.12 KiB      3.03
    4  Softmax   1  scores[16x1x898]->y[16x1x898]                       0.015ms    71.840 K      0.00   56.12 KiB      3.77
    5  SV        0  p[16x1x898]+v[16x898x128]->y[16x1x128]              0.030ms     3.678 M      0.12    3.54 MiB    123.27
    6  SV        1  p[16x1x898]+v[16x898x128]->y[16x1x128]              0.027ms     3.678 M      0.14    3.54 MiB    137.28
    7  Add      -1  a[1x4096]+b[1x4096]->y[1x4096]                      0.018ms     4.096 K      0.00   24.00 KiB      1.36
    8  LN       -1  x[1x4096]+w[4096]->y[1x4096]                        0.064ms    20.480 K      0.00   24.00 KiB      0.38
    9  SwiGLU    0  a[1x5504]+b[1x5504]->y[1x5504]                      0.024ms    33.024 K      0.00   32.25 KiB      1.35
   10  SwiGLU    1  a[1x5504]+b[1x5504]->y[1x5504]                      0.023ms    33.024 K      0.00   32.25 KiB      1.42
   11  Add      -1  a[1x4096]+b[1x4096]->y[1x4096]                      0.017ms     4.096 K      0.00   24.00 KiB      1.47
[gpu-debug] segment avg latency (cuda_events): 0.259 ms
[gpu-debug] sum(per-op)               : 0.395 ms (ratio=1.525)
[gpu-debug] NOTE: sum(per-op) may differ from segment latency due to Python overhead, event/launch overhead, and allocator/cache effects.
[gpu-debug] cuda mem before warmup: alloc=1.84 GiB reserved=1.92 GiB
[gpu-debug] cuda mem after warmup : alloc=1.84 GiB reserved=1.92 GiB
[gpu-debug] cuda mem peak (this segment): max_alloc=1.84 GiB max_reserved=1.92 GiB
========================================================================================
[gpu-debug] segment_key=npu|decode|55|48322b0ab0207f84448cb08e6eac5594
[gpu-debug] sig: device_type=npu phase=decode step=55 (count_hint=32)
[gpu-debug] ops_repr: LN:-1,QK:0,QK:1,Softmax:0,Softmax:1,SV:0,SV:1,Add:-1,LN:-1,SwiGLU:0,SwiGLU:1,Add:-1
[gpu-debug] cfg: device=cuda dtype=torch.bfloat16 dim=4096 ffn_dim=11008 n_heads=32 shards=2
[gpu-debug] op plan (with inferred tensor shapes):
  - op#00  op=LN       shard=-1  x=[1x4096] + w=[4096]  ->  y=[1x4096]  (T=1, K=910)
  - op#01  op=QK       shard=0   q=[16x1x128] + k=[16x128x910]  ->  y=[16x1x910]  (T=1, K=910)
  - op#02  op=QK       shard=1   q=[16x1x128] + k=[16x128x910]  ->  y=[16x1x910]  (T=1, K=910)
  - op#03  op=Softmax  shard=0   scores=[16x1x910]  ->  y=[16x1x910]  (T=1, K=910)
  - op#04  op=Softmax  shard=1   scores=[16x1x910]  ->  y=[16x1x910]  (T=1, K=910)
  - op#05  op=SV       shard=0   p=[16x1x910] + v=[16x910x128]  ->  y=[16x1x128]  (T=1, K=910)
  - op#06  op=SV       shard=1   p=[16x1x910] + v=[16x910x128]  ->  y=[16x1x128]  (T=1, K=910)
  - op#07  op=Add      shard=-1  a=[1x4096] + b=[1x4096]  ->  y=[1x4096]  (T=1, K=910)
  - op#08  op=LN       shard=-1  x=[1x4096] + w=[4096]  ->  y=[1x4096]  (T=1, K=910)
  - op#09  op=SwiGLU   shard=0   a=[1x5504] + b=[1x5504]  ->  y=[1x5504]  (T=1, K=910)
  - op#10  op=SwiGLU   shard=1   a=[1x5504] + b=[1x5504]  ->  y=[1x5504]  (T=1, K=910)
  - op#11  op=Add      shard=-1  a=[1x4096] + b=[1x4096]  ->  y=[1x4096]  (T=1, K=910)
[gpu-debug] per-op timing breakdown (avg over iters):
  idx  op       sh  io                                                    time   est_flops    TFLOPs       bytes      GB/s
  ------------------------------------------------------------------------------------------------------------------------
    0  LN       -1  x[1x4096]+w[4096]->y[1x4096]                        0.063ms    20.480 K      0.00   24.00 KiB      0.39
    1  QK        0  q[16x1x128]+k[16x128x910]->y[16x1x910]              0.052ms     3.727 M      0.07    3.59 MiB     73.01
    2  QK        1  q[16x1x128]+k[16x128x910]->y[16x1x910]              0.041ms     3.727 M      0.09    3.59 MiB     91.35
    3  Softmax   0  scores[16x1x910]->y[16x1x910]                       0.019ms    72.800 K      0.00   56.88 KiB      3.11
    4  Softmax   1  scores[16x1x910]->y[16x1x910]                       0.015ms    72.800 K      0.00   56.88 KiB      3.82
    5  SV        0  p[16x1x910]+v[16x910x128]->y[16x1x128]              0.030ms     3.727 M      0.12    3.59 MiB    125.34
    6  SV        1  p[16x1x910]+v[16x910x128]->y[16x1x128]              0.027ms     3.727 M      0.14    3.59 MiB    141.25
    7  Add      -1  a[1x4096]+b[1x4096]->y[1x4096]                      0.018ms     4.096 K      0.00   24.00 KiB      1.37
    8  LN       -1  x[1x4096]+w[4096]->y[1x4096]                        0.067ms    20.480 K      0.00   24.00 KiB      0.36
    9  SwiGLU    0  a[1x5504]+b[1x5504]->y[1x5504]                      0.025ms    33.024 K      0.00   32.25 KiB      1.33
   10  SwiGLU    1  a[1x5504]+b[1x5504]->y[1x5504]                      0.022ms    33.024 K      0.00   32.25 KiB      1.52
   11  Add      -1  a[1x4096]+b[1x4096]->y[1x4096]                      0.016ms     4.096 K      0.00   24.00 KiB      1.56
[gpu-debug] segment avg latency (cuda_events): 0.259 ms
[gpu-debug] sum(per-op)               : 0.394 ms (ratio=1.522)
[gpu-debug] NOTE: sum(per-op) may differ from segment latency due to Python overhead, event/launch overhead, and allocator/cache effects.
[gpu-debug] cuda mem before warmup: alloc=1.84 GiB reserved=1.92 GiB
[gpu-debug] cuda mem after warmup : alloc=1.85 GiB reserved=1.92 GiB
[gpu-debug] cuda mem peak (this segment): max_alloc=1.85 GiB max_reserved=1.92 GiB
========================================================================================
[gpu-debug] segment_key=npu|decode|56|48322b0ab0207f84448cb08e6eac5594
[gpu-debug] sig: device_type=npu phase=decode step=56 (count_hint=32)
[gpu-debug] ops_repr: LN:-1,QK:0,QK:1,Softmax:0,Softmax:1,SV:0,SV:1,Add:-1,LN:-1,SwiGLU:0,SwiGLU:1,Add:-1
[gpu-debug] cfg: device=cuda dtype=torch.bfloat16 dim=4096 ffn_dim=11008 n_heads=32 shards=2
[gpu-debug] op plan (with inferred tensor shapes):
  - op#00  op=LN       shard=-1  x=[1x4096] + w=[4096]  ->  y=[1x4096]  (T=1, K=922)
  - op#01  op=QK       shard=0   q=[16x1x128] + k=[16x128x922]  ->  y=[16x1x922]  (T=1, K=922)
  - op#02  op=QK       shard=1   q=[16x1x128] + k=[16x128x922]  ->  y=[16x1x922]  (T=1, K=922)
  - op#03  op=Softmax  shard=0   scores=[16x1x922]  ->  y=[16x1x922]  (T=1, K=922)
  - op#04  op=Softmax  shard=1   scores=[16x1x922]  ->  y=[16x1x922]  (T=1, K=922)
  - op#05  op=SV       shard=0   p=[16x1x922] + v=[16x922x128]  ->  y=[16x1x128]  (T=1, K=922)
  - op#06  op=SV       shard=1   p=[16x1x922] + v=[16x922x128]  ->  y=[16x1x128]  (T=1, K=922)
  - op#07  op=Add      shard=-1  a=[1x4096] + b=[1x4096]  ->  y=[1x4096]  (T=1, K=922)
  - op#08  op=LN       shard=-1  x=[1x4096] + w=[4096]  ->  y=[1x4096]  (T=1, K=922)
  - op#09  op=SwiGLU   shard=0   a=[1x5504] + b=[1x5504]  ->  y=[1x5504]  (T=1, K=922)
  - op#10  op=SwiGLU   shard=1   a=[1x5504] + b=[1x5504]  ->  y=[1x5504]  (T=1, K=922)
  - op#11  op=Add      shard=-1  a=[1x4096] + b=[1x4096]  ->  y=[1x4096]  (T=1, K=922)
[gpu-debug] per-op timing breakdown (avg over iters):
  idx  op       sh  io                                                    time   est_flops    TFLOPs       bytes      GB/s
  ------------------------------------------------------------------------------------------------------------------------
    0  LN       -1  x[1x4096]+w[4096]->y[1x4096]                        0.066ms    20.480 K      0.00   24.00 KiB      0.38
    1  QK        0  q[16x1x128]+k[16x128x922]->y[16x1x922]              0.053ms     3.777 M      0.07    3.63 MiB     71.83
    2  QK        1  q[16x1x128]+k[16x128x922]->y[16x1x922]              0.042ms     3.777 M      0.09    3.63 MiB     90.53
    3  Softmax   0  scores[16x1x922]->y[16x1x922]                       0.019ms    73.760 K      0.00   57.62 KiB      3.11
    4  Softmax   1  scores[16x1x922]->y[16x1x922]                       0.016ms    73.760 K      0.00   57.62 KiB      3.77
    5  SV        0  p[16x1x922]+v[16x922x128]->y[16x1x128]              0.030ms     3.777 M      0.12    3.63 MiB    125.28
    6  SV        1  p[16x1x922]+v[16x922x128]->y[16x1x128]              0.027ms     3.777 M      0.14    3.63 MiB    141.48
    7  Add      -1  a[1x4096]+b[1x4096]->y[1x4096]                      0.018ms     4.096 K      0.00   24.00 KiB      1.38
    8  LN       -1  x[1x4096]+w[4096]->y[1x4096]                        0.065ms    20.480 K      0.00   24.00 KiB      0.38
    9  SwiGLU    0  a[1x5504]+b[1x5504]->y[1x5504]                      0.025ms    33.024 K      0.00   32.25 KiB      1.34
   10  SwiGLU    1  a[1x5504]+b[1x5504]->y[1x5504]                      0.022ms    33.024 K      0.00   32.25 KiB      1.51
   11  Add      -1  a[1x4096]+b[1x4096]->y[1x4096]                      0.016ms     4.096 K      0.00   24.00 KiB      1.57
[gpu-debug] segment avg latency (cuda_events): 0.258 ms
[gpu-debug] sum(per-op)               : 0.397 ms (ratio=1.540)
[gpu-debug] NOTE: sum(per-op) may differ from segment latency due to Python overhead, event/launch overhead, and allocator/cache effects.
[gpu-debug] cuda mem before warmup: alloc=1.85 GiB reserved=1.92 GiB
[gpu-debug] cuda mem after warmup : alloc=1.86 GiB reserved=1.94 GiB
[gpu-debug] cuda mem peak (this segment): max_alloc=1.86 GiB max_reserved=1.94 GiB
========================================================================================
[gpu-debug] segment_key=npu|decode|57|48322b0ab0207f84448cb08e6eac5594
[gpu-debug] sig: device_type=npu phase=decode step=57 (count_hint=32)
[gpu-debug] ops_repr: LN:-1,QK:0,QK:1,Softmax:0,Softmax:1,SV:0,SV:1,Add:-1,LN:-1,SwiGLU:0,SwiGLU:1,Add:-1
[gpu-debug] cfg: device=cuda dtype=torch.bfloat16 dim=4096 ffn_dim=11008 n_heads=32 shards=2
[gpu-debug] op plan (with inferred tensor shapes):
  - op#00  op=LN       shard=-1  x=[1x4096] + w=[4096]  ->  y=[1x4096]  (T=1, K=934)
  - op#01  op=QK       shard=0   q=[16x1x128] + k=[16x128x934]  ->  y=[16x1x934]  (T=1, K=934)
  - op#02  op=QK       shard=1   q=[16x1x128] + k=[16x128x934]  ->  y=[16x1x934]  (T=1, K=934)
  - op#03  op=Softmax  shard=0   scores=[16x1x934]  ->  y=[16x1x934]  (T=1, K=934)
  - op#04  op=Softmax  shard=1   scores=[16x1x934]  ->  y=[16x1x934]  (T=1, K=934)
  - op#05  op=SV       shard=0   p=[16x1x934] + v=[16x934x128]  ->  y=[16x1x128]  (T=1, K=934)
  - op#06  op=SV       shard=1   p=[16x1x934] + v=[16x934x128]  ->  y=[16x1x128]  (T=1, K=934)
  - op#07  op=Add      shard=-1  a=[1x4096] + b=[1x4096]  ->  y=[1x4096]  (T=1, K=934)
  - op#08  op=LN       shard=-1  x=[1x4096] + w=[4096]  ->  y=[1x4096]  (T=1, K=934)
  - op#09  op=SwiGLU   shard=0   a=[1x5504] + b=[1x5504]  ->  y=[1x5504]  (T=1, K=934)
  - op#10  op=SwiGLU   shard=1   a=[1x5504] + b=[1x5504]  ->  y=[1x5504]  (T=1, K=934)
  - op#11  op=Add      shard=-1  a=[1x4096] + b=[1x4096]  ->  y=[1x4096]  (T=1, K=934)
[gpu-debug] per-op timing breakdown (avg over iters):
  idx  op       sh  io                                                    time   est_flops    TFLOPs       bytes      GB/s
  ------------------------------------------------------------------------------------------------------------------------
    0  LN       -1  x[1x4096]+w[4096]->y[1x4096]                        0.063ms    20.480 K      0.00   24.00 KiB      0.39
    1  QK        0  q[16x1x128]+k[16x128x934]->y[16x1x934]              0.051ms     3.826 M      0.07    3.68 MiB     75.08
    2  QK        1  q[16x1x128]+k[16x128x934]->y[16x1x934]              0.041ms     3.826 M      0.09    3.68 MiB     93.30
    3  Softmax   0  scores[16x1x934]->y[16x1x934]                       0.019ms    74.720 K      0.00   58.38 KiB      3.12
    4  Softmax   1  scores[16x1x934]->y[16x1x934]                       0.015ms    74.720 K      0.00   58.38 KiB      3.92
    5  SV        0  p[16x1x934]+v[16x934x128]->y[16x1x128]              0.030ms     3.826 M      0.13    3.68 MiB    128.20
    6  SV        1  p[16x1x934]+v[16x934x128]->y[16x1x128]              0.027ms     3.826 M      0.14    3.68 MiB    143.86
    7  Add      -1  a[1x4096]+b[1x4096]->y[1x4096]                      0.018ms     4.096 K      0.00   24.00 KiB      1.36
    8  LN       -1  x[1x4096]+w[4096]->y[1x4096]                        0.064ms    20.480 K      0.00   24.00 KiB      0.39
    9  SwiGLU    0  a[1x5504]+b[1x5504]->y[1x5504]                      0.025ms    33.024 K      0.00   32.25 KiB      1.32
   10  SwiGLU    1  a[1x5504]+b[1x5504]->y[1x5504]                      0.023ms    33.024 K      0.00   32.25 KiB      1.45
   11  Add      -1  a[1x4096]+b[1x4096]->y[1x4096]                      0.017ms     4.096 K      0.00   24.00 KiB      1.48
[gpu-debug] segment avg latency (cuda_events): 0.258 ms
[gpu-debug] sum(per-op)               : 0.393 ms (ratio=1.523)
[gpu-debug] NOTE: sum(per-op) may differ from segment latency due to Python overhead, event/launch overhead, and allocator/cache effects.
[gpu-debug] cuda mem before warmup: alloc=1.86 GiB reserved=1.94 GiB
[gpu-debug] cuda mem after warmup : alloc=1.86 GiB reserved=1.94 GiB
[gpu-debug] cuda mem peak (this segment): max_alloc=1.86 GiB max_reserved=1.94 GiB
========================================================================================
[gpu-debug] segment_key=npu|decode|58|48322b0ab0207f84448cb08e6eac5594
[gpu-debug] sig: device_type=npu phase=decode step=58 (count_hint=32)
[gpu-debug] ops_repr: LN:-1,QK:0,QK:1,Softmax:0,Softmax:1,SV:0,SV:1,Add:-1,LN:-1,SwiGLU:0,SwiGLU:1,Add:-1
[gpu-debug] cfg: device=cuda dtype=torch.bfloat16 dim=4096 ffn_dim=11008 n_heads=32 shards=2
[gpu-debug] op plan (with inferred tensor shapes):
  - op#00  op=LN       shard=-1  x=[1x4096] + w=[4096]  ->  y=[1x4096]  (T=1, K=946)
  - op#01  op=QK       shard=0   q=[16x1x128] + k=[16x128x946]  ->  y=[16x1x946]  (T=1, K=946)
  - op#02  op=QK       shard=1   q=[16x1x128] + k=[16x128x946]  ->  y=[16x1x946]  (T=1, K=946)
  - op#03  op=Softmax  shard=0   scores=[16x1x946]  ->  y=[16x1x946]  (T=1, K=946)
  - op#04  op=Softmax  shard=1   scores=[16x1x946]  ->  y=[16x1x946]  (T=1, K=946)
  - op#05  op=SV       shard=0   p=[16x1x946] + v=[16x946x128]  ->  y=[16x1x128]  (T=1, K=946)
  - op#06  op=SV       shard=1   p=[16x1x946] + v=[16x946x128]  ->  y=[16x1x128]  (T=1, K=946)
  - op#07  op=Add      shard=-1  a=[1x4096] + b=[1x4096]  ->  y=[1x4096]  (T=1, K=946)
  - op#08  op=LN       shard=-1  x=[1x4096] + w=[4096]  ->  y=[1x4096]  (T=1, K=946)
  - op#09  op=SwiGLU   shard=0   a=[1x5504] + b=[1x5504]  ->  y=[1x5504]  (T=1, K=946)
  - op#10  op=SwiGLU   shard=1   a=[1x5504] + b=[1x5504]  ->  y=[1x5504]  (T=1, K=946)
  - op#11  op=Add      shard=-1  a=[1x4096] + b=[1x4096]  ->  y=[1x4096]  (T=1, K=946)
[gpu-debug] per-op timing breakdown (avg over iters):
  idx  op       sh  io                                                    time   est_flops    TFLOPs       bytes      GB/s
  ------------------------------------------------------------------------------------------------------------------------
    0  LN       -1  x[1x4096]+w[4096]->y[1x4096]                        0.063ms    20.480 K      0.00   24.00 KiB      0.39
    1  QK        0  q[16x1x128]+k[16x128x946]->y[16x1x946]              0.051ms     3.875 M      0.08    3.73 MiB     76.66
    2  QK        1  q[16x1x128]+k[16x128x946]->y[16x1x946]              0.045ms     3.875 M      0.09    3.73 MiB     87.36
    3  Softmax   0  scores[16x1x946]->y[16x1x946]                       0.019ms    75.680 K      0.00   59.12 KiB      3.16
    4  Softmax   1  scores[16x1x946]->y[16x1x946]                       0.015ms    75.680 K      0.00   59.12 KiB      3.92
    5  SV        0  p[16x1x946]+v[16x946x128]->y[16x1x128]              0.031ms     3.875 M      0.13    3.73 MiB    128.11
    6  SV        1  p[16x1x946]+v[16x946x128]->y[16x1x128]              0.027ms     3.875 M      0.14    3.73 MiB    146.27
    7  Add      -1  a[1x4096]+b[1x4096]->y[1x4096]                      0.018ms     4.096 K      0.00   24.00 KiB      1.38
    8  LN       -1  x[1x4096]+w[4096]->y[1x4096]                        0.065ms    20.480 K      0.00   24.00 KiB      0.38
    9  SwiGLU    0  a[1x5504]+b[1x5504]->y[1x5504]                      0.025ms    33.024 K      0.00   32.25 KiB      1.34
   10  SwiGLU    1  a[1x5504]+b[1x5504]->y[1x5504]                      0.021ms    33.024 K      0.00   32.25 KiB      1.54
   11  Add      -1  a[1x4096]+b[1x4096]->y[1x4096]                      0.016ms     4.096 K      0.00   24.00 KiB      1.55
[gpu-debug] segment avg latency (cuda_events): 0.258 ms
[gpu-debug] sum(per-op)               : 0.395 ms (ratio=1.534)
[gpu-debug] NOTE: sum(per-op) may differ from segment latency due to Python overhead, event/launch overhead, and allocator/cache effects.
[gpu-debug] cuda mem before warmup: alloc=1.86 GiB reserved=1.94 GiB
[gpu-debug] cuda mem after warmup : alloc=1.87 GiB reserved=1.96 GiB
[gpu-debug] cuda mem peak (this segment): max_alloc=1.87 GiB max_reserved=1.96 GiB
========================================================================================
[gpu-debug] segment_key=npu|decode|59|48322b0ab0207f84448cb08e6eac5594
[gpu-debug] sig: device_type=npu phase=decode step=59 (count_hint=32)
[gpu-debug] ops_repr: LN:-1,QK:0,QK:1,Softmax:0,Softmax:1,SV:0,SV:1,Add:-1,LN:-1,SwiGLU:0,SwiGLU:1,Add:-1
[gpu-debug] cfg: device=cuda dtype=torch.bfloat16 dim=4096 ffn_dim=11008 n_heads=32 shards=2
[gpu-debug] op plan (with inferred tensor shapes):
  - op#00  op=LN       shard=-1  x=[1x4096] + w=[4096]  ->  y=[1x4096]  (T=1, K=958)
  - op#01  op=QK       shard=0   q=[16x1x128] + k=[16x128x958]  ->  y=[16x1x958]  (T=1, K=958)
  - op#02  op=QK       shard=1   q=[16x1x128] + k=[16x128x958]  ->  y=[16x1x958]  (T=1, K=958)
  - op#03  op=Softmax  shard=0   scores=[16x1x958]  ->  y=[16x1x958]  (T=1, K=958)
  - op#04  op=Softmax  shard=1   scores=[16x1x958]  ->  y=[16x1x958]  (T=1, K=958)
  - op#05  op=SV       shard=0   p=[16x1x958] + v=[16x958x128]  ->  y=[16x1x128]  (T=1, K=958)
  - op#06  op=SV       shard=1   p=[16x1x958] + v=[16x958x128]  ->  y=[16x1x128]  (T=1, K=958)
  - op#07  op=Add      shard=-1  a=[1x4096] + b=[1x4096]  ->  y=[1x4096]  (T=1, K=958)
  - op#08  op=LN       shard=-1  x=[1x4096] + w=[4096]  ->  y=[1x4096]  (T=1, K=958)
  - op#09  op=SwiGLU   shard=0   a=[1x5504] + b=[1x5504]  ->  y=[1x5504]  (T=1, K=958)
  - op#10  op=SwiGLU   shard=1   a=[1x5504] + b=[1x5504]  ->  y=[1x5504]  (T=1, K=958)
  - op#11  op=Add      shard=-1  a=[1x4096] + b=[1x4096]  ->  y=[1x4096]  (T=1, K=958)
[gpu-debug] per-op timing breakdown (avg over iters):
  idx  op       sh  io                                                    time   est_flops    TFLOPs       bytes      GB/s
  ------------------------------------------------------------------------------------------------------------------------
    0  LN       -1  x[1x4096]+w[4096]->y[1x4096]                        0.066ms    20.480 K      0.00   24.00 KiB      0.37
    1  QK        0  q[16x1x128]+k[16x128x958]->y[16x1x958]              0.053ms     3.924 M      0.07    3.78 MiB     74.49
    2  QK        1  q[16x1x128]+k[16x128x958]->y[16x1x958]              0.042ms     3.924 M      0.09    3.78 MiB     94.06
    3  Softmax   0  scores[16x1x958]->y[16x1x958]                       0.019ms    76.640 K      0.00   59.88 KiB      3.24
    4  Softmax   1  scores[16x1x958]->y[16x1x958]                       0.016ms    76.640 K      0.00   59.88 KiB      3.89
    5  SV        0  p[16x1x958]+v[16x958x128]->y[16x1x128]              0.030ms     3.924 M      0.13    3.78 MiB    131.94
    6  SV        1  p[16x1x958]+v[16x958x128]->y[16x1x128]              0.027ms     3.924 M      0.15    3.78 MiB    146.44
    7  Add      -1  a[1x4096]+b[1x4096]->y[1x4096]                      0.018ms     4.096 K      0.00   24.00 KiB      1.37
    8  LN       -1  x[1x4096]+w[4096]->y[1x4096]                        0.065ms    20.480 K      0.00   24.00 KiB      0.38
    9  SwiGLU    0  a[1x5504]+b[1x5504]->y[1x5504]                      0.025ms    33.024 K      0.00   32.25 KiB      1.32
   10  SwiGLU    1  a[1x5504]+b[1x5504]->y[1x5504]                      0.022ms    33.024 K      0.00   32.25 KiB      1.52
   11  Add      -1  a[1x4096]+b[1x4096]->y[1x4096]                      0.016ms     4.096 K      0.00   24.00 KiB      1.56
[gpu-debug] segment avg latency (cuda_events): 0.260 ms
[gpu-debug] sum(per-op)               : 0.398 ms (ratio=1.528)
[gpu-debug] NOTE: sum(per-op) may differ from segment latency due to Python overhead, event/launch overhead, and allocator/cache effects.
[gpu-debug] cuda mem before warmup: alloc=1.87 GiB reserved=1.96 GiB
[gpu-debug] cuda mem after warmup : alloc=1.88 GiB reserved=1.96 GiB
[gpu-debug] cuda mem peak (this segment): max_alloc=1.88 GiB max_reserved=1.96 GiB
========================================================================================
[gpu-debug] segment_key=npu|decode|5|48322b0ab0207f84448cb08e6eac5594
[gpu-debug] sig: device_type=npu phase=decode step=5 (count_hint=32)
[gpu-debug] ops_repr: LN:-1,QK:0,QK:1,Softmax:0,Softmax:1,SV:0,SV:1,Add:-1,LN:-1,SwiGLU:0,SwiGLU:1,Add:-1
[gpu-debug] cfg: device=cuda dtype=torch.bfloat16 dim=4096 ffn_dim=11008 n_heads=32 shards=2
[gpu-debug] op plan (with inferred tensor shapes):
  - op#00  op=LN       shard=-1  x=[1x4096] + w=[4096]  ->  y=[1x4096]  (T=1, K=310)
  - op#01  op=QK       shard=0   q=[16x1x128] + k=[16x128x310]  ->  y=[16x1x310]  (T=1, K=310)
  - op#02  op=QK       shard=1   q=[16x1x128] + k=[16x128x310]  ->  y=[16x1x310]  (T=1, K=310)
  - op#03  op=Softmax  shard=0   scores=[16x1x310]  ->  y=[16x1x310]  (T=1, K=310)
  - op#04  op=Softmax  shard=1   scores=[16x1x310]  ->  y=[16x1x310]  (T=1, K=310)
  - op#05  op=SV       shard=0   p=[16x1x310] + v=[16x310x128]  ->  y=[16x1x128]  (T=1, K=310)
  - op#06  op=SV       shard=1   p=[16x1x310] + v=[16x310x128]  ->  y=[16x1x128]  (T=1, K=310)
  - op#07  op=Add      shard=-1  a=[1x4096] + b=[1x4096]  ->  y=[1x4096]  (T=1, K=310)
  - op#08  op=LN       shard=-1  x=[1x4096] + w=[4096]  ->  y=[1x4096]  (T=1, K=310)
  - op#09  op=SwiGLU   shard=0   a=[1x5504] + b=[1x5504]  ->  y=[1x5504]  (T=1, K=310)
  - op#10  op=SwiGLU   shard=1   a=[1x5504] + b=[1x5504]  ->  y=[1x5504]  (T=1, K=310)
  - op#11  op=Add      shard=-1  a=[1x4096] + b=[1x4096]  ->  y=[1x4096]  (T=1, K=310)
[gpu-debug] per-op timing breakdown (avg over iters):
  idx  op       sh  io                                                    time   est_flops    TFLOPs       bytes      GB/s
  ------------------------------------------------------------------------------------------------------------------------
    0  LN       -1  x[1x4096]+w[4096]->y[1x4096]                        0.064ms    20.480 K      0.00   24.00 KiB      0.38
    1  QK        0  q[16x1x128]+k[16x128x310]->y[16x1x310]              0.051ms     1.270 M      0.02    1.22 MiB     25.07
    2  QK        1  q[16x1x128]+k[16x128x310]->y[16x1x310]              0.042ms     1.270 M      0.03    1.22 MiB     30.73
    3  Softmax   0  scores[16x1x310]->y[16x1x310]                       0.018ms    24.800 K      0.00   19.38 KiB      1.09
    4  Softmax   1  scores[16x1x310]->y[16x1x310]                       0.015ms    24.800 K      0.00   19.38 KiB      1.34
    5  SV        0  p[16x1x310]+v[16x310x128]->y[16x1x128]              0.030ms     1.270 M      0.04    1.22 MiB     43.08
    6  SV        1  p[16x1x310]+v[16x310x128]->y[16x1x128]              0.026ms     1.270 M      0.05    1.22 MiB     48.78
    7  Add      -1  a[1x4096]+b[1x4096]->y[1x4096]                      0.018ms     4.096 K      0.00   24.00 KiB      1.38
    8  LN       -1  x[1x4096]+w[4096]->y[1x4096]                        0.064ms    20.480 K      0.00   24.00 KiB      0.38
    9  SwiGLU    0  a[1x5504]+b[1x5504]->y[1x5504]                      0.024ms    33.024 K      0.00   32.25 KiB      1.35
   10  SwiGLU    1  a[1x5504]+b[1x5504]->y[1x5504]                      0.022ms    33.024 K      0.00   32.25 KiB      1.54
   11  Add      -1  a[1x4096]+b[1x4096]->y[1x4096]                      0.016ms     4.096 K      0.00   24.00 KiB      1.54
[gpu-debug] segment avg latency (cuda_events): 0.257 ms
[gpu-debug] sum(per-op)               : 0.390 ms (ratio=1.518)
[gpu-debug] NOTE: sum(per-op) may differ from segment latency due to Python overhead, event/launch overhead, and allocator/cache effects.
[gpu-debug] cuda mem before warmup: alloc=1.88 GiB reserved=1.96 GiB
[gpu-debug] cuda mem after warmup : alloc=1.88 GiB reserved=1.96 GiB
[gpu-debug] cuda mem peak (this segment): max_alloc=1.88 GiB max_reserved=1.96 GiB
========================================================================================
[gpu-debug] segment_key=npu|decode|60|48322b0ab0207f84448cb08e6eac5594
[gpu-debug] sig: device_type=npu phase=decode step=60 (count_hint=32)
[gpu-debug] ops_repr: LN:-1,QK:0,QK:1,Softmax:0,Softmax:1,SV:0,SV:1,Add:-1,LN:-1,SwiGLU:0,SwiGLU:1,Add:-1
[gpu-debug] cfg: device=cuda dtype=torch.bfloat16 dim=4096 ffn_dim=11008 n_heads=32 shards=2
[gpu-debug] op plan (with inferred tensor shapes):
  - op#00  op=LN       shard=-1  x=[1x4096] + w=[4096]  ->  y=[1x4096]  (T=1, K=970)
  - op#01  op=QK       shard=0   q=[16x1x128] + k=[16x128x970]  ->  y=[16x1x970]  (T=1, K=970)
  - op#02  op=QK       shard=1   q=[16x1x128] + k=[16x128x970]  ->  y=[16x1x970]  (T=1, K=970)
  - op#03  op=Softmax  shard=0   scores=[16x1x970]  ->  y=[16x1x970]  (T=1, K=970)
  - op#04  op=Softmax  shard=1   scores=[16x1x970]  ->  y=[16x1x970]  (T=1, K=970)
  - op#05  op=SV       shard=0   p=[16x1x970] + v=[16x970x128]  ->  y=[16x1x128]  (T=1, K=970)
  - op#06  op=SV       shard=1   p=[16x1x970] + v=[16x970x128]  ->  y=[16x1x128]  (T=1, K=970)
  - op#07  op=Add      shard=-1  a=[1x4096] + b=[1x4096]  ->  y=[1x4096]  (T=1, K=970)
  - op#08  op=LN       shard=-1  x=[1x4096] + w=[4096]  ->  y=[1x4096]  (T=1, K=970)
  - op#09  op=SwiGLU   shard=0   a=[1x5504] + b=[1x5504]  ->  y=[1x5504]  (T=1, K=970)
  - op#10  op=SwiGLU   shard=1   a=[1x5504] + b=[1x5504]  ->  y=[1x5504]  (T=1, K=970)
  - op#11  op=Add      shard=-1  a=[1x4096] + b=[1x4096]  ->  y=[1x4096]  (T=1, K=970)
[gpu-debug] per-op timing breakdown (avg over iters):
  idx  op       sh  io                                                    time   est_flops    TFLOPs       bytes      GB/s
  ------------------------------------------------------------------------------------------------------------------------
    0  LN       -1  x[1x4096]+w[4096]->y[1x4096]                        0.063ms    20.480 K      0.00   24.00 KiB      0.39
    1  QK        0  q[16x1x128]+k[16x128x970]->y[16x1x970]              0.052ms     3.973 M      0.08    3.82 MiB     77.51
    2  QK        1  q[16x1x128]+k[16x128x970]->y[16x1x970]              0.042ms     3.973 M      0.09    3.82 MiB     94.55
    3  Softmax   0  scores[16x1x970]->y[16x1x970]                       0.019ms    77.600 K      0.00   60.62 KiB      3.24
    4  Softmax   1  scores[16x1x970]->y[16x1x970]                       0.015ms    77.600 K      0.01   60.62 KiB      4.04
    5  SV        0  p[16x1x970]+v[16x970x128]->y[16x1x128]              0.030ms     3.973 M      0.13    3.82 MiB    133.14
    6  SV        1  p[16x1x970]+v[16x970x128]->y[16x1x128]              0.027ms     3.973 M      0.15    3.82 MiB    148.83
    7  Add      -1  a[1x4096]+b[1x4096]->y[1x4096]                      0.018ms     4.096 K      0.00   24.00 KiB      1.36
    8  LN       -1  x[1x4096]+w[4096]->y[1x4096]                        0.067ms    20.480 K      0.00   24.00 KiB      0.37
    9  SwiGLU    0  a[1x5504]+b[1x5504]->y[1x5504]                      0.025ms    33.024 K      0.00   32.25 KiB      1.31
   10  SwiGLU    1  a[1x5504]+b[1x5504]->y[1x5504]                      0.022ms    33.024 K      0.00   32.25 KiB      1.51
   11  Add      -1  a[1x4096]+b[1x4096]->y[1x4096]                      0.016ms     4.096 K      0.00   24.00 KiB      1.57
[gpu-debug] segment avg latency (cuda_events): 0.259 ms
[gpu-debug] sum(per-op)               : 0.396 ms (ratio=1.531)
[gpu-debug] NOTE: sum(per-op) may differ from segment latency due to Python overhead, event/launch overhead, and allocator/cache effects.
[gpu-debug] cuda mem before warmup: alloc=1.88 GiB reserved=1.96 GiB
[gpu-debug] cuda mem after warmup : alloc=1.89 GiB reserved=1.96 GiB
[gpu-debug] cuda mem peak (this segment): max_alloc=1.89 GiB max_reserved=1.96 GiB
========================================================================================
[gpu-debug] segment_key=npu|decode|61|48322b0ab0207f84448cb08e6eac5594
[gpu-debug] sig: device_type=npu phase=decode step=61 (count_hint=32)
[gpu-debug] ops_repr: LN:-1,QK:0,QK:1,Softmax:0,Softmax:1,SV:0,SV:1,Add:-1,LN:-1,SwiGLU:0,SwiGLU:1,Add:-1
[gpu-debug] cfg: device=cuda dtype=torch.bfloat16 dim=4096 ffn_dim=11008 n_heads=32 shards=2
[gpu-debug] op plan (with inferred tensor shapes):
  - op#00  op=LN       shard=-1  x=[1x4096] + w=[4096]  ->  y=[1x4096]  (T=1, K=982)
  - op#01  op=QK       shard=0   q=[16x1x128] + k=[16x128x982]  ->  y=[16x1x982]  (T=1, K=982)
  - op#02  op=QK       shard=1   q=[16x1x128] + k=[16x128x982]  ->  y=[16x1x982]  (T=1, K=982)
  - op#03  op=Softmax  shard=0   scores=[16x1x982]  ->  y=[16x1x982]  (T=1, K=982)
  - op#04  op=Softmax  shard=1   scores=[16x1x982]  ->  y=[16x1x982]  (T=1, K=982)
  - op#05  op=SV       shard=0   p=[16x1x982] + v=[16x982x128]  ->  y=[16x1x128]  (T=1, K=982)
  - op#06  op=SV       shard=1   p=[16x1x982] + v=[16x982x128]  ->  y=[16x1x128]  (T=1, K=982)
  - op#07  op=Add      shard=-1  a=[1x4096] + b=[1x4096]  ->  y=[1x4096]  (T=1, K=982)
  - op#08  op=LN       shard=-1  x=[1x4096] + w=[4096]  ->  y=[1x4096]  (T=1, K=982)
  - op#09  op=SwiGLU   shard=0   a=[1x5504] + b=[1x5504]  ->  y=[1x5504]  (T=1, K=982)
  - op#10  op=SwiGLU   shard=1   a=[1x5504] + b=[1x5504]  ->  y=[1x5504]  (T=1, K=982)
  - op#11  op=Add      shard=-1  a=[1x4096] + b=[1x4096]  ->  y=[1x4096]  (T=1, K=982)
[gpu-debug] per-op timing breakdown (avg over iters):
  idx  op       sh  io                                                    time   est_flops    TFLOPs       bytes      GB/s
  ------------------------------------------------------------------------------------------------------------------------
    0  LN       -1  x[1x4096]+w[4096]->y[1x4096]                        0.063ms    20.480 K      0.00   24.00 KiB      0.39
    1  QK        0  q[16x1x128]+k[16x128x982]->y[16x1x982]              0.055ms     4.022 M      0.07    3.87 MiB     73.79
    2  QK        1  q[16x1x128]+k[16x128x982]->y[16x1x982]              0.042ms     4.022 M      0.10    3.87 MiB     96.42
    3  Softmax   0  scores[16x1x982]->y[16x1x982]                       0.019ms    78.560 K      0.00   61.38 KiB      3.32
    4  Softmax   1  scores[16x1x982]->y[16x1x982]                       0.016ms    78.560 K      0.00   61.38 KiB      3.99
    5  SV        0  p[16x1x982]+v[16x982x128]->y[16x1x128]              0.030ms     4.022 M      0.13    3.87 MiB    133.87
    6  SV        1  p[16x1x982]+v[16x982x128]->y[16x1x128]              0.027ms     4.022 M      0.15    3.87 MiB    151.83
    7  Add      -1  a[1x4096]+b[1x4096]->y[1x4096]                      0.018ms     4.096 K      0.00   24.00 KiB      1.36
    8  LN       -1  x[1x4096]+w[4096]->y[1x4096]                        0.065ms    20.480 K      0.00   24.00 KiB      0.38
    9  SwiGLU    0  a[1x5504]+b[1x5504]->y[1x5504]                      0.025ms    33.024 K      0.00   32.25 KiB      1.33
   10  SwiGLU    1  a[1x5504]+b[1x5504]->y[1x5504]                      0.022ms    33.024 K      0.00   32.25 KiB      1.53
   11  Add      -1  a[1x4096]+b[1x4096]->y[1x4096]                      0.016ms     4.096 K      0.00   24.00 KiB      1.55
[gpu-debug] segment avg latency (cuda_events): 0.259 ms
[gpu-debug] sum(per-op)               : 0.397 ms (ratio=1.533)
[gpu-debug] NOTE: sum(per-op) may differ from segment latency due to Python overhead, event/launch overhead, and allocator/cache effects.
[gpu-debug] cuda mem before warmup: alloc=1.89 GiB reserved=1.96 GiB
[gpu-debug] cuda mem after warmup : alloc=1.90 GiB reserved=1.98 GiB
[gpu-debug] cuda mem peak (this segment): max_alloc=1.90 GiB max_reserved=1.98 GiB
========================================================================================
[gpu-debug] segment_key=npu|decode|62|48322b0ab0207f84448cb08e6eac5594
[gpu-debug] sig: device_type=npu phase=decode step=62 (count_hint=32)
[gpu-debug] ops_repr: LN:-1,QK:0,QK:1,Softmax:0,Softmax:1,SV:0,SV:1,Add:-1,LN:-1,SwiGLU:0,SwiGLU:1,Add:-1
[gpu-debug] cfg: device=cuda dtype=torch.bfloat16 dim=4096 ffn_dim=11008 n_heads=32 shards=2
[gpu-debug] op plan (with inferred tensor shapes):
  - op#00  op=LN       shard=-1  x=[1x4096] + w=[4096]  ->  y=[1x4096]  (T=1, K=994)
  - op#01  op=QK       shard=0   q=[16x1x128] + k=[16x128x994]  ->  y=[16x1x994]  (T=1, K=994)
  - op#02  op=QK       shard=1   q=[16x1x128] + k=[16x128x994]  ->  y=[16x1x994]  (T=1, K=994)
  - op#03  op=Softmax  shard=0   scores=[16x1x994]  ->  y=[16x1x994]  (T=1, K=994)
  - op#04  op=Softmax  shard=1   scores=[16x1x994]  ->  y=[16x1x994]  (T=1, K=994)
  - op#05  op=SV       shard=0   p=[16x1x994] + v=[16x994x128]  ->  y=[16x1x128]  (T=1, K=994)
  - op#06  op=SV       shard=1   p=[16x1x994] + v=[16x994x128]  ->  y=[16x1x128]  (T=1, K=994)
  - op#07  op=Add      shard=-1  a=[1x4096] + b=[1x4096]  ->  y=[1x4096]  (T=1, K=994)
  - op#08  op=LN       shard=-1  x=[1x4096] + w=[4096]  ->  y=[1x4096]  (T=1, K=994)
  - op#09  op=SwiGLU   shard=0   a=[1x5504] + b=[1x5504]  ->  y=[1x5504]  (T=1, K=994)
  - op#10  op=SwiGLU   shard=1   a=[1x5504] + b=[1x5504]  ->  y=[1x5504]  (T=1, K=994)
  - op#11  op=Add      shard=-1  a=[1x4096] + b=[1x4096]  ->  y=[1x4096]  (T=1, K=994)
[gpu-debug] per-op timing breakdown (avg over iters):
  idx  op       sh  io                                                    time   est_flops    TFLOPs       bytes      GB/s
  ------------------------------------------------------------------------------------------------------------------------
    0  LN       -1  x[1x4096]+w[4096]->y[1x4096]                        0.064ms    20.480 K      0.00   24.00 KiB      0.39
    1  QK        0  q[16x1x128]+k[16x128x994]->y[16x1x994]              0.052ms     4.071 M      0.08    3.92 MiB     79.74
    2  QK        1  q[16x1x128]+k[16x128x994]->y[16x1x994]              0.042ms     4.071 M      0.10    3.92 MiB     98.07
    3  Softmax   0  scores[16x1x994]->y[16x1x994]                       0.019ms    79.520 K      0.00   62.12 KiB      3.32
    4  Softmax   1  scores[16x1x994]->y[16x1x994]                       0.015ms    79.520 K      0.01   62.12 KiB      4.14
    5  SV        0  p[16x1x994]+v[16x994x128]->y[16x1x128]              0.030ms     4.071 M      0.14    3.92 MiB    136.43
    6  SV        1  p[16x1x994]+v[16x994x128]->y[16x1x128]              0.027ms     4.071 M      0.15    3.92 MiB    153.09
    7  Add      -1  a[1x4096]+b[1x4096]->y[1x4096]                      0.018ms     4.096 K      0.00   24.00 KiB      1.35
    8  LN       -1  x[1x4096]+w[4096]->y[1x4096]                        0.064ms    20.480 K      0.00   24.00 KiB      0.38
    9  SwiGLU    0  a[1x5504]+b[1x5504]->y[1x5504]                      0.025ms    33.024 K      0.00   32.25 KiB      1.33
   10  SwiGLU    1  a[1x5504]+b[1x5504]->y[1x5504]                      0.022ms    33.024 K      0.00   32.25 KiB      1.51
   11  Add      -1  a[1x4096]+b[1x4096]->y[1x4096]                      0.016ms     4.096 K      0.00   24.00 KiB      1.55
[gpu-debug] segment avg latency (cuda_events): 0.257 ms
[gpu-debug] sum(per-op)               : 0.393 ms (ratio=1.534)
[gpu-debug] NOTE: sum(per-op) may differ from segment latency due to Python overhead, event/launch overhead, and allocator/cache effects.
[gpu-debug] cuda mem before warmup: alloc=1.90 GiB reserved=1.98 GiB
[gpu-debug] cuda mem after warmup : alloc=1.90 GiB reserved=1.98 GiB
[gpu-debug] cuda mem peak (this segment): max_alloc=1.90 GiB max_reserved=1.98 GiB
  progress 160/202
========================================================================================
[gpu-debug] segment_key=npu|decode|63|48322b0ab0207f84448cb08e6eac5594
[gpu-debug] sig: device_type=npu phase=decode step=63 (count_hint=32)
[gpu-debug] ops_repr: LN:-1,QK:0,QK:1,Softmax:0,Softmax:1,SV:0,SV:1,Add:-1,LN:-1,SwiGLU:0,SwiGLU:1,Add:-1
[gpu-debug] cfg: device=cuda dtype=torch.bfloat16 dim=4096 ffn_dim=11008 n_heads=32 shards=2
[gpu-debug] op plan (with inferred tensor shapes):
  - op#00  op=LN       shard=-1  x=[1x4096] + w=[4096]  ->  y=[1x4096]  (T=1, K=1006)
  - op#01  op=QK       shard=0   q=[16x1x128] + k=[16x128x1006]  ->  y=[16x1x1006]  (T=1, K=1006)
  - op#02  op=QK       shard=1   q=[16x1x128] + k=[16x128x1006]  ->  y=[16x1x1006]  (T=1, K=1006)
  - op#03  op=Softmax  shard=0   scores=[16x1x1006]  ->  y=[16x1x1006]  (T=1, K=1006)
  - op#04  op=Softmax  shard=1   scores=[16x1x1006]  ->  y=[16x1x1006]  (T=1, K=1006)
  - op#05  op=SV       shard=0   p=[16x1x1006] + v=[16x1006x128]  ->  y=[16x1x128]  (T=1, K=1006)
  - op#06  op=SV       shard=1   p=[16x1x1006] + v=[16x1006x128]  ->  y=[16x1x128]  (T=1, K=1006)
  - op#07  op=Add      shard=-1  a=[1x4096] + b=[1x4096]  ->  y=[1x4096]  (T=1, K=1006)
  - op#08  op=LN       shard=-1  x=[1x4096] + w=[4096]  ->  y=[1x4096]  (T=1, K=1006)
  - op#09  op=SwiGLU   shard=0   a=[1x5504] + b=[1x5504]  ->  y=[1x5504]  (T=1, K=1006)
  - op#10  op=SwiGLU   shard=1   a=[1x5504] + b=[1x5504]  ->  y=[1x5504]  (T=1, K=1006)
  - op#11  op=Add      shard=-1  a=[1x4096] + b=[1x4096]  ->  y=[1x4096]  (T=1, K=1006)
[gpu-debug] per-op timing breakdown (avg over iters):
  idx  op       sh  io                                                    time   est_flops    TFLOPs       bytes      GB/s
  ------------------------------------------------------------------------------------------------------------------------
    0  LN       -1  x[1x4096]+w[4096]->y[1x4096]                        0.063ms    20.480 K      0.00   24.00 KiB      0.39
    1  QK        0  q[16x1x128]+k[16x128x1006]->y[16x1x1006]            0.051ms     4.121 M      0.08    3.96 MiB     80.87
    2  QK        1  q[16x1x128]+k[16x128x1006]->y[16x1x1006]            0.042ms     4.121 M      0.10    3.96 MiB     99.01
    3  Softmax   0  scores[16x1x1006]->y[16x1x1006]                     0.019ms    80.480 K      0.00   62.88 KiB      3.36
    4  Softmax   1  scores[16x1x1006]->y[16x1x1006]                     0.015ms    80.480 K      0.01   62.88 KiB      4.25
    5  SV        0  p[16x1x1006]+v[16x1006x128]->y[16x1x128]            0.033ms     4.121 M      0.12    3.96 MiB    125.29
    6  SV        1  p[16x1x1006]+v[16x1006x128]->y[16x1x128]            0.027ms     4.121 M      0.15    3.96 MiB    151.47
    7  Add      -1  a[1x4096]+b[1x4096]->y[1x4096]                      0.018ms     4.096 K      0.00   24.00 KiB      1.35
    8  LN       -1  x[1x4096]+w[4096]->y[1x4096]                        0.065ms    20.480 K      0.00   24.00 KiB      0.38
    9  SwiGLU    0  a[1x5504]+b[1x5504]->y[1x5504]                      0.025ms    33.024 K      0.00   32.25 KiB      1.33
   10  SwiGLU    1  a[1x5504]+b[1x5504]->y[1x5504]                      0.022ms    33.024 K      0.00   32.25 KiB      1.51
   11  Add      -1  a[1x4096]+b[1x4096]->y[1x4096]                      0.016ms     4.096 K      0.00   24.00 KiB      1.56
[gpu-debug] segment avg latency (cuda_events): 0.258 ms
[gpu-debug] sum(per-op)               : 0.397 ms (ratio=1.538)
[gpu-debug] NOTE: sum(per-op) may differ from segment latency due to Python overhead, event/launch overhead, and allocator/cache effects.
[gpu-debug] cuda mem before warmup: alloc=1.90 GiB reserved=1.98 GiB
[gpu-debug] cuda mem after warmup : alloc=1.91 GiB reserved=2.00 GiB
[gpu-debug] cuda mem peak (this segment): max_alloc=1.91 GiB max_reserved=2.00 GiB
========================================================================================
[gpu-debug] segment_key=npu|decode|64|48322b0ab0207f84448cb08e6eac5594
[gpu-debug] sig: device_type=npu phase=decode step=64 (count_hint=32)
[gpu-debug] ops_repr: LN:-1,QK:0,QK:1,Softmax:0,Softmax:1,SV:0,SV:1,Add:-1,LN:-1,SwiGLU:0,SwiGLU:1,Add:-1
[gpu-debug] cfg: device=cuda dtype=torch.bfloat16 dim=4096 ffn_dim=11008 n_heads=32 shards=2
[gpu-debug] op plan (with inferred tensor shapes):
  - op#00  op=LN       shard=-1  x=[1x4096] + w=[4096]  ->  y=[1x4096]  (T=1, K=1018)
  - op#01  op=QK       shard=0   q=[16x1x128] + k=[16x128x1018]  ->  y=[16x1x1018]  (T=1, K=1018)
  - op#02  op=QK       shard=1   q=[16x1x128] + k=[16x128x1018]  ->  y=[16x1x1018]  (T=1, K=1018)
  - op#03  op=Softmax  shard=0   scores=[16x1x1018]  ->  y=[16x1x1018]  (T=1, K=1018)
  - op#04  op=Softmax  shard=1   scores=[16x1x1018]  ->  y=[16x1x1018]  (T=1, K=1018)
  - op#05  op=SV       shard=0   p=[16x1x1018] + v=[16x1018x128]  ->  y=[16x1x128]  (T=1, K=1018)
  - op#06  op=SV       shard=1   p=[16x1x1018] + v=[16x1018x128]  ->  y=[16x1x128]  (T=1, K=1018)
  - op#07  op=Add      shard=-1  a=[1x4096] + b=[1x4096]  ->  y=[1x4096]  (T=1, K=1018)
  - op#08  op=LN       shard=-1  x=[1x4096] + w=[4096]  ->  y=[1x4096]  (T=1, K=1018)
  - op#09  op=SwiGLU   shard=0   a=[1x5504] + b=[1x5504]  ->  y=[1x5504]  (T=1, K=1018)
  - op#10  op=SwiGLU   shard=1   a=[1x5504] + b=[1x5504]  ->  y=[1x5504]  (T=1, K=1018)
  - op#11  op=Add      shard=-1  a=[1x4096] + b=[1x4096]  ->  y=[1x4096]  (T=1, K=1018)
[gpu-debug] per-op timing breakdown (avg over iters):
  idx  op       sh  io                                                    time   est_flops    TFLOPs       bytes      GB/s
  ------------------------------------------------------------------------------------------------------------------------
    0  LN       -1  x[1x4096]+w[4096]->y[1x4096]                        0.063ms    20.480 K      0.00   24.00 KiB      0.39
    1  QK        0  q[16x1x128]+k[16x128x1018]->y[16x1x1018]            0.053ms     4.170 M      0.08    4.01 MiB     79.61
    2  QK        1  q[16x1x128]+k[16x128x1018]->y[16x1x1018]            0.043ms     4.170 M      0.10    4.01 MiB     97.81
    3  Softmax   0  scores[16x1x1018]->y[16x1x1018]                     0.019ms    81.440 K      0.00   63.62 KiB      3.42
    4  Softmax   1  scores[16x1x1018]->y[16x1x1018]                     0.015ms    81.440 K      0.01   63.62 KiB      4.24
    5  SV        0  p[16x1x1018]+v[16x1018x128]->y[16x1x128]            0.030ms     4.170 M      0.14    4.01 MiB    140.68
    6  SV        1  p[16x1x1018]+v[16x1018x128]->y[16x1x128]            0.027ms     4.170 M      0.15    4.01 MiB    155.60
    7  Add      -1  a[1x4096]+b[1x4096]->y[1x4096]                      0.018ms     4.096 K      0.00   24.00 KiB      1.35
    8  LN       -1  x[1x4096]+w[4096]->y[1x4096]                        0.064ms    20.480 K      0.00   24.00 KiB      0.38
    9  SwiGLU    0  a[1x5504]+b[1x5504]->y[1x5504]                      0.025ms    33.024 K      0.00   32.25 KiB      1.31
   10  SwiGLU    1  a[1x5504]+b[1x5504]->y[1x5504]                      0.022ms    33.024 K      0.00   32.25 KiB      1.51
   11  Add      -1  a[1x4096]+b[1x4096]->y[1x4096]                      0.016ms     4.096 K      0.00   24.00 KiB      1.57
[gpu-debug] segment avg latency (cuda_events): 0.259 ms
[gpu-debug] sum(per-op)               : 0.395 ms (ratio=1.527)
[gpu-debug] NOTE: sum(per-op) may differ from segment latency due to Python overhead, event/launch overhead, and allocator/cache effects.
[gpu-debug] cuda mem before warmup: alloc=1.91 GiB reserved=2.00 GiB
[gpu-debug] cuda mem after warmup : alloc=1.92 GiB reserved=2.00 GiB
[gpu-debug] cuda mem peak (this segment): max_alloc=1.92 GiB max_reserved=2.00 GiB
========================================================================================
[gpu-debug] segment_key=npu|decode|65|48322b0ab0207f84448cb08e6eac5594
[gpu-debug] sig: device_type=npu phase=decode step=65 (count_hint=32)
[gpu-debug] ops_repr: LN:-1,QK:0,QK:1,Softmax:0,Softmax:1,SV:0,SV:1,Add:-1,LN:-1,SwiGLU:0,SwiGLU:1,Add:-1
[gpu-debug] cfg: device=cuda dtype=torch.bfloat16 dim=4096 ffn_dim=11008 n_heads=32 shards=2
[gpu-debug] op plan (with inferred tensor shapes):
  - op#00  op=LN       shard=-1  x=[1x4096] + w=[4096]  ->  y=[1x4096]  (T=1, K=1030)
  - op#01  op=QK       shard=0   q=[16x1x128] + k=[16x128x1030]  ->  y=[16x1x1030]  (T=1, K=1030)
  - op#02  op=QK       shard=1   q=[16x1x128] + k=[16x128x1030]  ->  y=[16x1x1030]  (T=1, K=1030)
  - op#03  op=Softmax  shard=0   scores=[16x1x1030]  ->  y=[16x1x1030]  (T=1, K=1030)
  - op#04  op=Softmax  shard=1   scores=[16x1x1030]  ->  y=[16x1x1030]  (T=1, K=1030)
  - op#05  op=SV       shard=0   p=[16x1x1030] + v=[16x1030x128]  ->  y=[16x1x128]  (T=1, K=1030)
  - op#06  op=SV       shard=1   p=[16x1x1030] + v=[16x1030x128]  ->  y=[16x1x128]  (T=1, K=1030)
  - op#07  op=Add      shard=-1  a=[1x4096] + b=[1x4096]  ->  y=[1x4096]  (T=1, K=1030)
  - op#08  op=LN       shard=-1  x=[1x4096] + w=[4096]  ->  y=[1x4096]  (T=1, K=1030)
  - op#09  op=SwiGLU   shard=0   a=[1x5504] + b=[1x5504]  ->  y=[1x5504]  (T=1, K=1030)
  - op#10  op=SwiGLU   shard=1   a=[1x5504] + b=[1x5504]  ->  y=[1x5504]  (T=1, K=1030)
  - op#11  op=Add      shard=-1  a=[1x4096] + b=[1x4096]  ->  y=[1x4096]  (T=1, K=1030)
[gpu-debug] per-op timing breakdown (avg over iters):
  idx  op       sh  io                                                    time   est_flops    TFLOPs       bytes      GB/s
  ------------------------------------------------------------------------------------------------------------------------
    0  LN       -1  x[1x4096]+w[4096]->y[1x4096]                        0.065ms    20.480 K      0.00   24.00 KiB      0.38
    1  QK        0  q[16x1x128]+k[16x128x1030]->y[16x1x1030]            0.052ms     4.219 M      0.08    4.06 MiB     81.81
    2  QK        1  q[16x1x128]+k[16x128x1030]->y[16x1x1030]            0.042ms     4.219 M      0.10    4.06 MiB    101.37
    3  Softmax   0  scores[16x1x1030]->y[16x1x1030]                     0.019ms    82.400 K      0.00   64.38 KiB      3.44
    4  Softmax   1  scores[16x1x1030]->y[16x1x1030]                     0.015ms    82.400 K      0.01   64.38 KiB      4.26
    5  SV        0  p[16x1x1030]+v[16x1030x128]->y[16x1x128]            0.030ms     4.219 M      0.14    4.06 MiB    140.41
    6  SV        1  p[16x1x1030]+v[16x1030x128]->y[16x1x128]            0.027ms     4.219 M      0.16    4.06 MiB    158.63
    7  Add      -1  a[1x4096]+b[1x4096]->y[1x4096]                      0.018ms     4.096 K      0.00   24.00 KiB      1.36
    8  LN       -1  x[1x4096]+w[4096]->y[1x4096]                        0.064ms    20.480 K      0.00   24.00 KiB      0.38
    9  SwiGLU    0  a[1x5504]+b[1x5504]->y[1x5504]                      0.025ms    33.024 K      0.00   32.25 KiB      1.32
   10  SwiGLU    1  a[1x5504]+b[1x5504]->y[1x5504]                      0.022ms    33.024 K      0.00   32.25 KiB      1.53
   11  Add      -1  a[1x4096]+b[1x4096]->y[1x4096]                      0.016ms     4.096 K      0.00   24.00 KiB      1.57
[gpu-debug] segment avg latency (cuda_events): 0.257 ms
[gpu-debug] sum(per-op)               : 0.395 ms (ratio=1.535)
[gpu-debug] NOTE: sum(per-op) may differ from segment latency due to Python overhead, event/launch overhead, and allocator/cache effects.
[gpu-debug] cuda mem before warmup: alloc=1.92 GiB reserved=2.00 GiB
[gpu-debug] cuda mem after warmup : alloc=1.93 GiB reserved=2.00 GiB
[gpu-debug] cuda mem peak (this segment): max_alloc=1.93 GiB max_reserved=2.00 GiB
========================================================================================
[gpu-debug] segment_key=npu|decode|66|48322b0ab0207f84448cb08e6eac5594
[gpu-debug] sig: device_type=npu phase=decode step=66 (count_hint=32)
[gpu-debug] ops_repr: LN:-1,QK:0,QK:1,Softmax:0,Softmax:1,SV:0,SV:1,Add:-1,LN:-1,SwiGLU:0,SwiGLU:1,Add:-1
[gpu-debug] cfg: device=cuda dtype=torch.bfloat16 dim=4096 ffn_dim=11008 n_heads=32 shards=2
[gpu-debug] op plan (with inferred tensor shapes):
  - op#00  op=LN       shard=-1  x=[1x4096] + w=[4096]  ->  y=[1x4096]  (T=1, K=1042)
  - op#01  op=QK       shard=0   q=[16x1x128] + k=[16x128x1042]  ->  y=[16x1x1042]  (T=1, K=1042)
  - op#02  op=QK       shard=1   q=[16x1x128] + k=[16x128x1042]  ->  y=[16x1x1042]  (T=1, K=1042)
  - op#03  op=Softmax  shard=0   scores=[16x1x1042]  ->  y=[16x1x1042]  (T=1, K=1042)
  - op#04  op=Softmax  shard=1   scores=[16x1x1042]  ->  y=[16x1x1042]  (T=1, K=1042)
  - op#05  op=SV       shard=0   p=[16x1x1042] + v=[16x1042x128]  ->  y=[16x1x128]  (T=1, K=1042)
  - op#06  op=SV       shard=1   p=[16x1x1042] + v=[16x1042x128]  ->  y=[16x1x128]  (T=1, K=1042)
  - op#07  op=Add      shard=-1  a=[1x4096] + b=[1x4096]  ->  y=[1x4096]  (T=1, K=1042)
  - op#08  op=LN       shard=-1  x=[1x4096] + w=[4096]  ->  y=[1x4096]  (T=1, K=1042)
  - op#09  op=SwiGLU   shard=0   a=[1x5504] + b=[1x5504]  ->  y=[1x5504]  (T=1, K=1042)
  - op#10  op=SwiGLU   shard=1   a=[1x5504] + b=[1x5504]  ->  y=[1x5504]  (T=1, K=1042)
  - op#11  op=Add      shard=-1  a=[1x4096] + b=[1x4096]  ->  y=[1x4096]  (T=1, K=1042)
[gpu-debug] per-op timing breakdown (avg over iters):
  idx  op       sh  io                                                    time   est_flops    TFLOPs       bytes      GB/s
  ------------------------------------------------------------------------------------------------------------------------
    0  LN       -1  x[1x4096]+w[4096]->y[1x4096]                        0.063ms    20.480 K      0.00   24.00 KiB      0.39
    1  QK        0  q[16x1x128]+k[16x128x1042]->y[16x1x1042]            0.051ms     4.268 M      0.08    4.11 MiB     83.76
    2  QK        1  q[16x1x128]+k[16x128x1042]->y[16x1x1042]            0.042ms     4.268 M      0.10    4.11 MiB    103.56
    3  Softmax   0  scores[16x1x1042]->y[16x1x1042]                     0.019ms    83.360 K      0.00   65.12 KiB      3.48
    4  Softmax   1  scores[16x1x1042]->y[16x1x1042]                     0.017ms    83.360 K      0.00   65.12 KiB      3.97
    5  SV        0  p[16x1x1042]+v[16x1042x128]->y[16x1x128]            0.031ms     4.268 M      0.14    4.11 MiB    140.15
    6  SV        1  p[16x1x1042]+v[16x1042x128]->y[16x1x128]            0.028ms     4.268 M      0.15    4.11 MiB    155.72
    7  Add      -1  a[1x4096]+b[1x4096]->y[1x4096]                      0.018ms     4.096 K      0.00   24.00 KiB      1.34
    8  LN       -1  x[1x4096]+w[4096]->y[1x4096]                        0.065ms    20.480 K      0.00   24.00 KiB      0.38
    9  SwiGLU    0  a[1x5504]+b[1x5504]->y[1x5504]                      0.025ms    33.024 K      0.00   32.25 KiB      1.33
   10  SwiGLU    1  a[1x5504]+b[1x5504]->y[1x5504]                      0.022ms    33.024 K      0.00   32.25 KiB      1.51
   11  Add      -1  a[1x4096]+b[1x4096]->y[1x4096]                      0.016ms     4.096 K      0.00   24.00 KiB      1.57
[gpu-debug] segment avg latency (cuda_events): 0.258 ms
[gpu-debug] sum(per-op)               : 0.396 ms (ratio=1.533)
[gpu-debug] NOTE: sum(per-op) may differ from segment latency due to Python overhead, event/launch overhead, and allocator/cache effects.
[gpu-debug] cuda mem before warmup: alloc=1.93 GiB reserved=2.00 GiB
[gpu-debug] cuda mem after warmup : alloc=1.94 GiB reserved=2.02 GiB
[gpu-debug] cuda mem peak (this segment): max_alloc=1.94 GiB max_reserved=2.02 GiB
========================================================================================
[gpu-debug] segment_key=npu|decode|67|48322b0ab0207f84448cb08e6eac5594
[gpu-debug] sig: device_type=npu phase=decode step=67 (count_hint=32)
[gpu-debug] ops_repr: LN:-1,QK:0,QK:1,Softmax:0,Softmax:1,SV:0,SV:1,Add:-1,LN:-1,SwiGLU:0,SwiGLU:1,Add:-1
[gpu-debug] cfg: device=cuda dtype=torch.bfloat16 dim=4096 ffn_dim=11008 n_heads=32 shards=2
[gpu-debug] op plan (with inferred tensor shapes):
  - op#00  op=LN       shard=-1  x=[1x4096] + w=[4096]  ->  y=[1x4096]  (T=1, K=1054)
  - op#01  op=QK       shard=0   q=[16x1x128] + k=[16x128x1054]  ->  y=[16x1x1054]  (T=1, K=1054)
  - op#02  op=QK       shard=1   q=[16x1x128] + k=[16x128x1054]  ->  y=[16x1x1054]  (T=1, K=1054)
  - op#03  op=Softmax  shard=0   scores=[16x1x1054]  ->  y=[16x1x1054]  (T=1, K=1054)
  - op#04  op=Softmax  shard=1   scores=[16x1x1054]  ->  y=[16x1x1054]  (T=1, K=1054)
  - op#05  op=SV       shard=0   p=[16x1x1054] + v=[16x1054x128]  ->  y=[16x1x128]  (T=1, K=1054)
  - op#06  op=SV       shard=1   p=[16x1x1054] + v=[16x1054x128]  ->  y=[16x1x128]  (T=1, K=1054)
  - op#07  op=Add      shard=-1  a=[1x4096] + b=[1x4096]  ->  y=[1x4096]  (T=1, K=1054)
  - op#08  op=LN       shard=-1  x=[1x4096] + w=[4096]  ->  y=[1x4096]  (T=1, K=1054)
  - op#09  op=SwiGLU   shard=0   a=[1x5504] + b=[1x5504]  ->  y=[1x5504]  (T=1, K=1054)
  - op#10  op=SwiGLU   shard=1   a=[1x5504] + b=[1x5504]  ->  y=[1x5504]  (T=1, K=1054)
  - op#11  op=Add      shard=-1  a=[1x4096] + b=[1x4096]  ->  y=[1x4096]  (T=1, K=1054)
[gpu-debug] per-op timing breakdown (avg over iters):
  idx  op       sh  io                                                    time   est_flops    TFLOPs       bytes      GB/s
  ------------------------------------------------------------------------------------------------------------------------
    0  LN       -1  x[1x4096]+w[4096]->y[1x4096]                        0.063ms    20.480 K      0.00   24.00 KiB      0.39
    1  QK        0  q[16x1x128]+k[16x128x1054]->y[16x1x1054]            0.053ms     4.317 M      0.08    4.15 MiB     81.47
    2  QK        1  q[16x1x128]+k[16x128x1054]->y[16x1x1054]            0.042ms     4.317 M      0.10    4.15 MiB    102.98
    3  Softmax   0  scores[16x1x1054]->y[16x1x1054]                     0.019ms    84.320 K      0.00   65.88 KiB      3.56
    4  Softmax   1  scores[16x1x1054]->y[16x1x1054]                     0.015ms    84.320 K      0.01   65.88 KiB      4.39
    5  SV        0  p[16x1x1054]+v[16x1054x128]->y[16x1x128]            0.031ms     4.317 M      0.14    4.15 MiB    141.29
    6  SV        1  p[16x1x1054]+v[16x1054x128]->y[16x1x128]            0.028ms     4.317 M      0.15    4.15 MiB    155.79
    7  Add      -1  a[1x4096]+b[1x4096]->y[1x4096]                      0.018ms     4.096 K      0.00   24.00 KiB      1.40
    8  LN       -1  x[1x4096]+w[4096]->y[1x4096]                        0.064ms    20.480 K      0.00   24.00 KiB      0.38
    9  SwiGLU    0  a[1x5504]+b[1x5504]->y[1x5504]                      0.025ms    33.024 K      0.00   32.25 KiB      1.33
   10  SwiGLU    1  a[1x5504]+b[1x5504]->y[1x5504]                      0.022ms    33.024 K      0.00   32.25 KiB      1.53
   11  Add      -1  a[1x4096]+b[1x4096]->y[1x4096]                      0.015ms     4.096 K      0.00   24.00 KiB      1.59
[gpu-debug] segment avg latency (cuda_events): 0.258 ms
[gpu-debug] sum(per-op)               : 0.395 ms (ratio=1.534)
[gpu-debug] NOTE: sum(per-op) may differ from segment latency due to Python overhead, event/launch overhead, and allocator/cache effects.
[gpu-debug] cuda mem before warmup: alloc=1.94 GiB reserved=2.02 GiB
[gpu-debug] cuda mem after warmup : alloc=1.94 GiB reserved=2.02 GiB
[gpu-debug] cuda mem peak (this segment): max_alloc=1.94 GiB max_reserved=2.02 GiB
========================================================================================
[gpu-debug] segment_key=npu|decode|68|48322b0ab0207f84448cb08e6eac5594
[gpu-debug] sig: device_type=npu phase=decode step=68 (count_hint=32)
[gpu-debug] ops_repr: LN:-1,QK:0,QK:1,Softmax:0,Softmax:1,SV:0,SV:1,Add:-1,LN:-1,SwiGLU:0,SwiGLU:1,Add:-1
[gpu-debug] cfg: device=cuda dtype=torch.bfloat16 dim=4096 ffn_dim=11008 n_heads=32 shards=2
[gpu-debug] op plan (with inferred tensor shapes):
  - op#00  op=LN       shard=-1  x=[1x4096] + w=[4096]  ->  y=[1x4096]  (T=1, K=1066)
  - op#01  op=QK       shard=0   q=[16x1x128] + k=[16x128x1066]  ->  y=[16x1x1066]  (T=1, K=1066)
  - op#02  op=QK       shard=1   q=[16x1x128] + k=[16x128x1066]  ->  y=[16x1x1066]  (T=1, K=1066)
  - op#03  op=Softmax  shard=0   scores=[16x1x1066]  ->  y=[16x1x1066]  (T=1, K=1066)
  - op#04  op=Softmax  shard=1   scores=[16x1x1066]  ->  y=[16x1x1066]  (T=1, K=1066)
  - op#05  op=SV       shard=0   p=[16x1x1066] + v=[16x1066x128]  ->  y=[16x1x128]  (T=1, K=1066)
  - op#06  op=SV       shard=1   p=[16x1x1066] + v=[16x1066x128]  ->  y=[16x1x128]  (T=1, K=1066)
  - op#07  op=Add      shard=-1  a=[1x4096] + b=[1x4096]  ->  y=[1x4096]  (T=1, K=1066)
  - op#08  op=LN       shard=-1  x=[1x4096] + w=[4096]  ->  y=[1x4096]  (T=1, K=1066)
  - op#09  op=SwiGLU   shard=0   a=[1x5504] + b=[1x5504]  ->  y=[1x5504]  (T=1, K=1066)
  - op#10  op=SwiGLU   shard=1   a=[1x5504] + b=[1x5504]  ->  y=[1x5504]  (T=1, K=1066)
  - op#11  op=Add      shard=-1  a=[1x4096] + b=[1x4096]  ->  y=[1x4096]  (T=1, K=1066)
[gpu-debug] per-op timing breakdown (avg over iters):
  idx  op       sh  io                                                    time   est_flops    TFLOPs       bytes      GB/s
  ------------------------------------------------------------------------------------------------------------------------
    0  LN       -1  x[1x4096]+w[4096]->y[1x4096]                        0.063ms    20.480 K      0.00   24.00 KiB      0.39
    1  QK        0  q[16x1x128]+k[16x128x1066]->y[16x1x1066]            0.052ms     4.366 M      0.08    4.20 MiB     84.84
    2  QK        1  q[16x1x128]+k[16x128x1066]->y[16x1x1066]            0.042ms     4.366 M      0.10    4.20 MiB    104.91
    3  Softmax   0  scores[16x1x1066]->y[16x1x1066]                     0.019ms    85.280 K      0.00   66.62 KiB      3.62
    4  Softmax   1  scores[16x1x1066]->y[16x1x1066]                     0.016ms    85.280 K      0.01   66.62 KiB      4.38
    5  SV        0  p[16x1x1066]+v[16x1066x128]->y[16x1x128]            0.031ms     4.366 M      0.14    4.20 MiB    142.90
    6  SV        1  p[16x1x1066]+v[16x1066x128]->y[16x1x128]            0.028ms     4.366 M      0.16    4.20 MiB    158.14
    7  Add      -1  a[1x4096]+b[1x4096]->y[1x4096]                      0.018ms     4.096 K      0.00   24.00 KiB      1.37
    8  LN       -1  x[1x4096]+w[4096]->y[1x4096]                        0.068ms    20.480 K      0.00   24.00 KiB      0.36
    9  SwiGLU    0  a[1x5504]+b[1x5504]->y[1x5504]                      0.025ms    33.024 K      0.00   32.25 KiB      1.32
   10  SwiGLU    1  a[1x5504]+b[1x5504]->y[1x5504]                      0.022ms    33.024 K      0.00   32.25 KiB      1.51
   11  Add      -1  a[1x4096]+b[1x4096]->y[1x4096]                      0.015ms     4.096 K      0.00   24.00 KiB      1.59
[gpu-debug] segment avg latency (cuda_events): 0.258 ms
[gpu-debug] sum(per-op)               : 0.398 ms (ratio=1.541)
[gpu-debug] NOTE: sum(per-op) may differ from segment latency due to Python overhead, event/launch overhead, and allocator/cache effects.
[gpu-debug] cuda mem before warmup: alloc=1.94 GiB reserved=2.02 GiB
[gpu-debug] cuda mem after warmup : alloc=1.95 GiB reserved=2.04 GiB
[gpu-debug] cuda mem peak (this segment): max_alloc=1.95 GiB max_reserved=2.04 GiB
========================================================================================
[gpu-debug] segment_key=npu|decode|69|48322b0ab0207f84448cb08e6eac5594
[gpu-debug] sig: device_type=npu phase=decode step=69 (count_hint=32)
[gpu-debug] ops_repr: LN:-1,QK:0,QK:1,Softmax:0,Softmax:1,SV:0,SV:1,Add:-1,LN:-1,SwiGLU:0,SwiGLU:1,Add:-1
[gpu-debug] cfg: device=cuda dtype=torch.bfloat16 dim=4096 ffn_dim=11008 n_heads=32 shards=2
[gpu-debug] op plan (with inferred tensor shapes):
  - op#00  op=LN       shard=-1  x=[1x4096] + w=[4096]  ->  y=[1x4096]  (T=1, K=1078)
  - op#01  op=QK       shard=0   q=[16x1x128] + k=[16x128x1078]  ->  y=[16x1x1078]  (T=1, K=1078)
  - op#02  op=QK       shard=1   q=[16x1x128] + k=[16x128x1078]  ->  y=[16x1x1078]  (T=1, K=1078)
  - op#03  op=Softmax  shard=0   scores=[16x1x1078]  ->  y=[16x1x1078]  (T=1, K=1078)
  - op#04  op=Softmax  shard=1   scores=[16x1x1078]  ->  y=[16x1x1078]  (T=1, K=1078)
  - op#05  op=SV       shard=0   p=[16x1x1078] + v=[16x1078x128]  ->  y=[16x1x128]  (T=1, K=1078)
  - op#06  op=SV       shard=1   p=[16x1x1078] + v=[16x1078x128]  ->  y=[16x1x128]  (T=1, K=1078)
  - op#07  op=Add      shard=-1  a=[1x4096] + b=[1x4096]  ->  y=[1x4096]  (T=1, K=1078)
  - op#08  op=LN       shard=-1  x=[1x4096] + w=[4096]  ->  y=[1x4096]  (T=1, K=1078)
  - op#09  op=SwiGLU   shard=0   a=[1x5504] + b=[1x5504]  ->  y=[1x5504]  (T=1, K=1078)
  - op#10  op=SwiGLU   shard=1   a=[1x5504] + b=[1x5504]  ->  y=[1x5504]  (T=1, K=1078)
  - op#11  op=Add      shard=-1  a=[1x4096] + b=[1x4096]  ->  y=[1x4096]  (T=1, K=1078)
[gpu-debug] per-op timing breakdown (avg over iters):
  idx  op       sh  io                                                    time   est_flops    TFLOPs       bytes      GB/s
  ------------------------------------------------------------------------------------------------------------------------
    0  LN       -1  x[1x4096]+w[4096]->y[1x4096]                        0.063ms    20.480 K      0.00   24.00 KiB      0.39
    1  QK        0  q[16x1x128]+k[16x128x1078]->y[16x1x1078]            0.051ms     4.415 M      0.09    4.25 MiB     87.17
    2  QK        1  q[16x1x128]+k[16x128x1078]->y[16x1x1078]            0.042ms     4.415 M      0.10    4.25 MiB    105.57
    3  Softmax   0  scores[16x1x1078]->y[16x1x1078]                     0.021ms    86.240 K      0.00   67.38 KiB      3.27
    4  Softmax   1  scores[16x1x1078]->y[16x1x1078]                     0.016ms    86.240 K      0.01   67.38 KiB      4.29
    5  SV        0  p[16x1x1078]+v[16x1078x128]->y[16x1x128]            0.032ms     4.415 M      0.14    4.25 MiB    140.77
    6  SV        1  p[16x1x1078]+v[16x1078x128]->y[16x1x128]            0.028ms     4.415 M      0.16    4.25 MiB    157.60
    7  Add      -1  a[1x4096]+b[1x4096]->y[1x4096]                      0.018ms     4.096 K      0.00   24.00 KiB      1.35
    8  LN       -1  x[1x4096]+w[4096]->y[1x4096]                        0.065ms    20.480 K      0.00   24.00 KiB      0.38
    9  SwiGLU    0  a[1x5504]+b[1x5504]->y[1x5504]                      0.025ms    33.024 K      0.00   32.25 KiB      1.34
   10  SwiGLU    1  a[1x5504]+b[1x5504]->y[1x5504]                      0.022ms    33.024 K      0.00   32.25 KiB      1.54
   11  Add      -1  a[1x4096]+b[1x4096]->y[1x4096]                      0.016ms     4.096 K      0.00   24.00 KiB      1.56
[gpu-debug] segment avg latency (cuda_events): 0.259 ms
[gpu-debug] sum(per-op)               : 0.398 ms (ratio=1.535)
[gpu-debug] NOTE: sum(per-op) may differ from segment latency due to Python overhead, event/launch overhead, and allocator/cache effects.
[gpu-debug] cuda mem before warmup: alloc=1.95 GiB reserved=2.04 GiB
[gpu-debug] cuda mem after warmup : alloc=1.96 GiB reserved=2.04 GiB
[gpu-debug] cuda mem peak (this segment): max_alloc=1.96 GiB max_reserved=2.04 GiB
========================================================================================
[gpu-debug] segment_key=npu|decode|6|48322b0ab0207f84448cb08e6eac5594
[gpu-debug] sig: device_type=npu phase=decode step=6 (count_hint=32)
[gpu-debug] ops_repr: LN:-1,QK:0,QK:1,Softmax:0,Softmax:1,SV:0,SV:1,Add:-1,LN:-1,SwiGLU:0,SwiGLU:1,Add:-1
[gpu-debug] cfg: device=cuda dtype=torch.bfloat16 dim=4096 ffn_dim=11008 n_heads=32 shards=2
[gpu-debug] op plan (with inferred tensor shapes):
  - op#00  op=LN       shard=-1  x=[1x4096] + w=[4096]  ->  y=[1x4096]  (T=1, K=322)
  - op#01  op=QK       shard=0   q=[16x1x128] + k=[16x128x322]  ->  y=[16x1x322]  (T=1, K=322)
  - op#02  op=QK       shard=1   q=[16x1x128] + k=[16x128x322]  ->  y=[16x1x322]  (T=1, K=322)
  - op#03  op=Softmax  shard=0   scores=[16x1x322]  ->  y=[16x1x322]  (T=1, K=322)
  - op#04  op=Softmax  shard=1   scores=[16x1x322]  ->  y=[16x1x322]  (T=1, K=322)
  - op#05  op=SV       shard=0   p=[16x1x322] + v=[16x322x128]  ->  y=[16x1x128]  (T=1, K=322)
  - op#06  op=SV       shard=1   p=[16x1x322] + v=[16x322x128]  ->  y=[16x1x128]  (T=1, K=322)
  - op#07  op=Add      shard=-1  a=[1x4096] + b=[1x4096]  ->  y=[1x4096]  (T=1, K=322)
  - op#08  op=LN       shard=-1  x=[1x4096] + w=[4096]  ->  y=[1x4096]  (T=1, K=322)
  - op#09  op=SwiGLU   shard=0   a=[1x5504] + b=[1x5504]  ->  y=[1x5504]  (T=1, K=322)
  - op#10  op=SwiGLU   shard=1   a=[1x5504] + b=[1x5504]  ->  y=[1x5504]  (T=1, K=322)
  - op#11  op=Add      shard=-1  a=[1x4096] + b=[1x4096]  ->  y=[1x4096]  (T=1, K=322)
[gpu-debug] per-op timing breakdown (avg over iters):
  idx  op       sh  io                                                    time   est_flops    TFLOPs       bytes      GB/s
  ------------------------------------------------------------------------------------------------------------------------
    0  LN       -1  x[1x4096]+w[4096]->y[1x4096]                        0.063ms    20.480 K      0.00   24.00 KiB      0.39
    1  QK        0  q[16x1x128]+k[16x128x322]->y[16x1x322]              0.054ms     1.319 M      0.02    1.27 MiB     24.47
    2  QK        1  q[16x1x128]+k[16x128x322]->y[16x1x322]              0.043ms     1.319 M      0.03    1.27 MiB     31.30
    3  Softmax   0  scores[16x1x322]->y[16x1x322]                       0.018ms    25.760 K      0.00   20.12 KiB      1.14
    4  Softmax   1  scores[16x1x322]->y[16x1x322]                       0.015ms    25.760 K      0.00   20.12 KiB      1.42
    5  SV        0  p[16x1x322]+v[16x322x128]->y[16x1x128]              0.030ms     1.319 M      0.04    1.27 MiB     44.90
    6  SV        1  p[16x1x322]+v[16x322x128]->y[16x1x128]              0.027ms     1.319 M      0.05    1.27 MiB     50.08
    7  Add      -1  a[1x4096]+b[1x4096]->y[1x4096]                      0.018ms     4.096 K      0.00   24.00 KiB      1.37
    8  LN       -1  x[1x4096]+w[4096]->y[1x4096]                        0.065ms    20.480 K      0.00   24.00 KiB      0.38
    9  SwiGLU    0  a[1x5504]+b[1x5504]->y[1x5504]                      0.025ms    33.024 K      0.00   32.25 KiB      1.32
   10  SwiGLU    1  a[1x5504]+b[1x5504]->y[1x5504]                      0.022ms    33.024 K      0.00   32.25 KiB      1.51
   11  Add      -1  a[1x4096]+b[1x4096]->y[1x4096]                      0.016ms     4.096 K      0.00   24.00 KiB      1.57
[gpu-debug] segment avg latency (cuda_events): 0.259 ms
[gpu-debug] sum(per-op)               : 0.394 ms (ratio=1.525)
[gpu-debug] NOTE: sum(per-op) may differ from segment latency due to Python overhead, event/launch overhead, and allocator/cache effects.
[gpu-debug] cuda mem before warmup: alloc=1.96 GiB reserved=2.04 GiB
[gpu-debug] cuda mem after warmup : alloc=1.96 GiB reserved=2.04 GiB
[gpu-debug] cuda mem peak (this segment): max_alloc=1.96 GiB max_reserved=2.04 GiB
========================================================================================
[gpu-debug] segment_key=npu|decode|70|48322b0ab0207f84448cb08e6eac5594
[gpu-debug] sig: device_type=npu phase=decode step=70 (count_hint=32)
[gpu-debug] ops_repr: LN:-1,QK:0,QK:1,Softmax:0,Softmax:1,SV:0,SV:1,Add:-1,LN:-1,SwiGLU:0,SwiGLU:1,Add:-1
[gpu-debug] cfg: device=cuda dtype=torch.bfloat16 dim=4096 ffn_dim=11008 n_heads=32 shards=2
[gpu-debug] op plan (with inferred tensor shapes):
  - op#00  op=LN       shard=-1  x=[1x4096] + w=[4096]  ->  y=[1x4096]  (T=1, K=1090)
  - op#01  op=QK       shard=0   q=[16x1x128] + k=[16x128x1090]  ->  y=[16x1x1090]  (T=1, K=1090)
  - op#02  op=QK       shard=1   q=[16x1x128] + k=[16x128x1090]  ->  y=[16x1x1090]  (T=1, K=1090)
  - op#03  op=Softmax  shard=0   scores=[16x1x1090]  ->  y=[16x1x1090]  (T=1, K=1090)
  - op#04  op=Softmax  shard=1   scores=[16x1x1090]  ->  y=[16x1x1090]  (T=1, K=1090)
  - op#05  op=SV       shard=0   p=[16x1x1090] + v=[16x1090x128]  ->  y=[16x1x128]  (T=1, K=1090)
  - op#06  op=SV       shard=1   p=[16x1x1090] + v=[16x1090x128]  ->  y=[16x1x128]  (T=1, K=1090)
  - op#07  op=Add      shard=-1  a=[1x4096] + b=[1x4096]  ->  y=[1x4096]  (T=1, K=1090)
  - op#08  op=LN       shard=-1  x=[1x4096] + w=[4096]  ->  y=[1x4096]  (T=1, K=1090)
  - op#09  op=SwiGLU   shard=0   a=[1x5504] + b=[1x5504]  ->  y=[1x5504]  (T=1, K=1090)
  - op#10  op=SwiGLU   shard=1   a=[1x5504] + b=[1x5504]  ->  y=[1x5504]  (T=1, K=1090)
  - op#11  op=Add      shard=-1  a=[1x4096] + b=[1x4096]  ->  y=[1x4096]  (T=1, K=1090)
[gpu-debug] per-op timing breakdown (avg over iters):
  idx  op       sh  io                                                    time   est_flops    TFLOPs       bytes      GB/s
  ------------------------------------------------------------------------------------------------------------------------
    0  LN       -1  x[1x4096]+w[4096]->y[1x4096]                        0.063ms    20.480 K      0.00   24.00 KiB      0.39
    1  QK        0  q[16x1x128]+k[16x128x1090]->y[16x1x1090]            0.051ms     4.465 M      0.09    4.29 MiB     88.14
    2  QK        1  q[16x1x128]+k[16x128x1090]->y[16x1x1090]            0.042ms     4.465 M      0.11    4.29 MiB    107.53
    3  Softmax   0  scores[16x1x1090]->y[16x1x1090]                     0.019ms    87.200 K      0.00   68.12 KiB      3.60
    4  Softmax   1  scores[16x1x1090]->y[16x1x1090]                     0.016ms    87.200 K      0.01   68.12 KiB      4.42
    5  SV        0  p[16x1x1090]+v[16x1090x128]->y[16x1x128]            0.030ms     4.465 M      0.15    4.29 MiB    150.62
    6  SV        1  p[16x1x1090]+v[16x1090x128]->y[16x1x128]            0.029ms     4.465 M      0.15    4.29 MiB    155.96
    7  Add      -1  a[1x4096]+b[1x4096]->y[1x4096]                      0.019ms     4.096 K      0.00   24.00 KiB      1.32
    8  LN       -1  x[1x4096]+w[4096]->y[1x4096]                        0.065ms    20.480 K      0.00   24.00 KiB      0.38
    9  SwiGLU    0  a[1x5504]+b[1x5504]->y[1x5504]                      0.025ms    33.024 K      0.00   32.25 KiB      1.32
   10  SwiGLU    1  a[1x5504]+b[1x5504]->y[1x5504]                      0.022ms    33.024 K      0.00   32.25 KiB      1.51
   11  Add      -1  a[1x4096]+b[1x4096]->y[1x4096]                      0.016ms     4.096 K      0.00   24.00 KiB      1.54
[gpu-debug] segment avg latency (cuda_events): 0.259 ms
[gpu-debug] sum(per-op)               : 0.397 ms (ratio=1.531)
[gpu-debug] NOTE: sum(per-op) may differ from segment latency due to Python overhead, event/launch overhead, and allocator/cache effects.
[gpu-debug] cuda mem before warmup: alloc=1.96 GiB reserved=2.04 GiB
[gpu-debug] cuda mem after warmup : alloc=1.97 GiB reserved=2.06 GiB
[gpu-debug] cuda mem peak (this segment): max_alloc=1.97 GiB max_reserved=2.06 GiB
========================================================================================
[gpu-debug] segment_key=npu|decode|71|48322b0ab0207f84448cb08e6eac5594
[gpu-debug] sig: device_type=npu phase=decode step=71 (count_hint=32)
[gpu-debug] ops_repr: LN:-1,QK:0,QK:1,Softmax:0,Softmax:1,SV:0,SV:1,Add:-1,LN:-1,SwiGLU:0,SwiGLU:1,Add:-1
[gpu-debug] cfg: device=cuda dtype=torch.bfloat16 dim=4096 ffn_dim=11008 n_heads=32 shards=2
[gpu-debug] op plan (with inferred tensor shapes):
  - op#00  op=LN       shard=-1  x=[1x4096] + w=[4096]  ->  y=[1x4096]  (T=1, K=1102)
  - op#01  op=QK       shard=0   q=[16x1x128] + k=[16x128x1102]  ->  y=[16x1x1102]  (T=1, K=1102)
  - op#02  op=QK       shard=1   q=[16x1x128] + k=[16x128x1102]  ->  y=[16x1x1102]  (T=1, K=1102)
  - op#03  op=Softmax  shard=0   scores=[16x1x1102]  ->  y=[16x1x1102]  (T=1, K=1102)
  - op#04  op=Softmax  shard=1   scores=[16x1x1102]  ->  y=[16x1x1102]  (T=1, K=1102)
  - op#05  op=SV       shard=0   p=[16x1x1102] + v=[16x1102x128]  ->  y=[16x1x128]  (T=1, K=1102)
  - op#06  op=SV       shard=1   p=[16x1x1102] + v=[16x1102x128]  ->  y=[16x1x128]  (T=1, K=1102)
  - op#07  op=Add      shard=-1  a=[1x4096] + b=[1x4096]  ->  y=[1x4096]  (T=1, K=1102)
  - op#08  op=LN       shard=-1  x=[1x4096] + w=[4096]  ->  y=[1x4096]  (T=1, K=1102)
  - op#09  op=SwiGLU   shard=0   a=[1x5504] + b=[1x5504]  ->  y=[1x5504]  (T=1, K=1102)
  - op#10  op=SwiGLU   shard=1   a=[1x5504] + b=[1x5504]  ->  y=[1x5504]  (T=1, K=1102)
  - op#11  op=Add      shard=-1  a=[1x4096] + b=[1x4096]  ->  y=[1x4096]  (T=1, K=1102)
[gpu-debug] per-op timing breakdown (avg over iters):
  idx  op       sh  io                                                    time   est_flops    TFLOPs       bytes      GB/s
  ------------------------------------------------------------------------------------------------------------------------
    0  LN       -1  x[1x4096]+w[4096]->y[1x4096]                        0.063ms    20.480 K      0.00   24.00 KiB      0.39
    1  QK        0  q[16x1x128]+k[16x128x1102]->y[16x1x1102]            0.051ms     4.514 M      0.09    4.34 MiB     89.29
    2  QK        1  q[16x1x128]+k[16x128x1102]->y[16x1x1102]            0.045ms     4.514 M      0.10    4.34 MiB    101.98
    3  Softmax   0  scores[16x1x1102]->y[16x1x1102]                     0.019ms    88.160 K      0.00   68.88 KiB      3.70
    4  Softmax   1  scores[16x1x1102]->y[16x1x1102]                     0.016ms    88.160 K      0.01   68.88 KiB      4.47
    5  SV        0  p[16x1x1102]+v[16x1102x128]->y[16x1x128]            0.030ms     4.514 M      0.15    4.34 MiB    149.71
    6  SV        1  p[16x1x1102]+v[16x1102x128]->y[16x1x128]            0.028ms     4.514 M      0.16    4.34 MiB    164.68
    7  Add      -1  a[1x4096]+b[1x4096]->y[1x4096]                      0.018ms     4.096 K      0.00   24.00 KiB      1.36
    8  LN       -1  x[1x4096]+w[4096]->y[1x4096]                        0.065ms    20.480 K      0.00   24.00 KiB      0.38
    9  SwiGLU    0  a[1x5504]+b[1x5504]->y[1x5504]                      0.025ms    33.024 K      0.00   32.25 KiB      1.32
   10  SwiGLU    1  a[1x5504]+b[1x5504]->y[1x5504]                      0.022ms    33.024 K      0.00   32.25 KiB      1.54
   11  Add      -1  a[1x4096]+b[1x4096]->y[1x4096]                      0.016ms     4.096 K      0.00   24.00 KiB      1.57
[gpu-debug] segment avg latency (cuda_events): 0.261 ms
[gpu-debug] sum(per-op)               : 0.396 ms (ratio=1.518)
[gpu-debug] NOTE: sum(per-op) may differ from segment latency due to Python overhead, event/launch overhead, and allocator/cache effects.
[gpu-debug] cuda mem before warmup: alloc=1.97 GiB reserved=2.06 GiB
[gpu-debug] cuda mem after warmup : alloc=1.98 GiB reserved=2.06 GiB
[gpu-debug] cuda mem peak (this segment): max_alloc=1.98 GiB max_reserved=2.06 GiB
========================================================================================
[gpu-debug] segment_key=npu|decode|72|48322b0ab0207f84448cb08e6eac5594
[gpu-debug] sig: device_type=npu phase=decode step=72 (count_hint=32)
[gpu-debug] ops_repr: LN:-1,QK:0,QK:1,Softmax:0,Softmax:1,SV:0,SV:1,Add:-1,LN:-1,SwiGLU:0,SwiGLU:1,Add:-1
[gpu-debug] cfg: device=cuda dtype=torch.bfloat16 dim=4096 ffn_dim=11008 n_heads=32 shards=2
[gpu-debug] op plan (with inferred tensor shapes):
  - op#00  op=LN       shard=-1  x=[1x4096] + w=[4096]  ->  y=[1x4096]  (T=1, K=1114)
  - op#01  op=QK       shard=0   q=[16x1x128] + k=[16x128x1114]  ->  y=[16x1x1114]  (T=1, K=1114)
  - op#02  op=QK       shard=1   q=[16x1x128] + k=[16x128x1114]  ->  y=[16x1x1114]  (T=1, K=1114)
  - op#03  op=Softmax  shard=0   scores=[16x1x1114]  ->  y=[16x1x1114]  (T=1, K=1114)
  - op#04  op=Softmax  shard=1   scores=[16x1x1114]  ->  y=[16x1x1114]  (T=1, K=1114)
  - op#05  op=SV       shard=0   p=[16x1x1114] + v=[16x1114x128]  ->  y=[16x1x128]  (T=1, K=1114)
  - op#06  op=SV       shard=1   p=[16x1x1114] + v=[16x1114x128]  ->  y=[16x1x128]  (T=1, K=1114)
  - op#07  op=Add      shard=-1  a=[1x4096] + b=[1x4096]  ->  y=[1x4096]  (T=1, K=1114)
  - op#08  op=LN       shard=-1  x=[1x4096] + w=[4096]  ->  y=[1x4096]  (T=1, K=1114)
  - op#09  op=SwiGLU   shard=0   a=[1x5504] + b=[1x5504]  ->  y=[1x5504]  (T=1, K=1114)
  - op#10  op=SwiGLU   shard=1   a=[1x5504] + b=[1x5504]  ->  y=[1x5504]  (T=1, K=1114)
  - op#11  op=Add      shard=-1  a=[1x4096] + b=[1x4096]  ->  y=[1x4096]  (T=1, K=1114)
[gpu-debug] per-op timing breakdown (avg over iters):
  idx  op       sh  io                                                    time   est_flops    TFLOPs       bytes      GB/s
  ------------------------------------------------------------------------------------------------------------------------
    0  LN       -1  x[1x4096]+w[4096]->y[1x4096]                        0.063ms    20.480 K      0.00   24.00 KiB      0.39
    1  QK        0  q[16x1x128]+k[16x128x1114]->y[16x1x1114]            0.052ms     4.563 M      0.09    4.39 MiB     87.96
    2  QK        1  q[16x1x128]+k[16x128x1114]->y[16x1x1114]            0.042ms     4.563 M      0.11    4.39 MiB    108.83
    3  Softmax   0  scores[16x1x1114]->y[16x1x1114]                     0.019ms    89.120 K      0.00   69.62 KiB      3.72
    4  Softmax   1  scores[16x1x1114]->y[16x1x1114]                     0.016ms    89.120 K      0.01   69.62 KiB      4.55
    5  SV        0  p[16x1x1114]+v[16x1114x128]->y[16x1x128]            0.031ms     4.563 M      0.15    4.39 MiB    150.33
    6  SV        1  p[16x1x1114]+v[16x1114x128]->y[16x1x128]            0.028ms     4.563 M      0.16    4.39 MiB    165.25
    7  Add      -1  a[1x4096]+b[1x4096]->y[1x4096]                      0.018ms     4.096 K      0.00   24.00 KiB      1.33
    8  LN       -1  x[1x4096]+w[4096]->y[1x4096]                        0.066ms    20.480 K      0.00   24.00 KiB      0.37
    9  SwiGLU    0  a[1x5504]+b[1x5504]->y[1x5504]                      0.025ms    33.024 K      0.00   32.25 KiB      1.33
   10  SwiGLU    1  a[1x5504]+b[1x5504]->y[1x5504]                      0.022ms    33.024 K      0.00   32.25 KiB      1.51
   11  Add      -1  a[1x4096]+b[1x4096]->y[1x4096]                      0.016ms     4.096 K      0.00   24.00 KiB      1.53
[gpu-debug] segment avg latency (cuda_events): 0.259 ms
[gpu-debug] sum(per-op)               : 0.398 ms (ratio=1.539)
[gpu-debug] NOTE: sum(per-op) may differ from segment latency due to Python overhead, event/launch overhead, and allocator/cache effects.
[gpu-debug] cuda mem before warmup: alloc=1.98 GiB reserved=2.06 GiB
[gpu-debug] cuda mem after warmup : alloc=1.99 GiB reserved=2.08 GiB
[gpu-debug] cuda mem peak (this segment): max_alloc=1.99 GiB max_reserved=2.08 GiB
========================================================================================
[gpu-debug] segment_key=npu|decode|73|48322b0ab0207f84448cb08e6eac5594
[gpu-debug] sig: device_type=npu phase=decode step=73 (count_hint=32)
[gpu-debug] ops_repr: LN:-1,QK:0,QK:1,Softmax:0,Softmax:1,SV:0,SV:1,Add:-1,LN:-1,SwiGLU:0,SwiGLU:1,Add:-1
[gpu-debug] cfg: device=cuda dtype=torch.bfloat16 dim=4096 ffn_dim=11008 n_heads=32 shards=2
[gpu-debug] op plan (with inferred tensor shapes):
  - op#00  op=LN       shard=-1  x=[1x4096] + w=[4096]  ->  y=[1x4096]  (T=1, K=1126)
  - op#01  op=QK       shard=0   q=[16x1x128] + k=[16x128x1126]  ->  y=[16x1x1126]  (T=1, K=1126)
  - op#02  op=QK       shard=1   q=[16x1x128] + k=[16x128x1126]  ->  y=[16x1x1126]  (T=1, K=1126)
  - op#03  op=Softmax  shard=0   scores=[16x1x1126]  ->  y=[16x1x1126]  (T=1, K=1126)
  - op#04  op=Softmax  shard=1   scores=[16x1x1126]  ->  y=[16x1x1126]  (T=1, K=1126)
  - op#05  op=SV       shard=0   p=[16x1x1126] + v=[16x1126x128]  ->  y=[16x1x128]  (T=1, K=1126)
  - op#06  op=SV       shard=1   p=[16x1x1126] + v=[16x1126x128]  ->  y=[16x1x128]  (T=1, K=1126)
  - op#07  op=Add      shard=-1  a=[1x4096] + b=[1x4096]  ->  y=[1x4096]  (T=1, K=1126)
  - op#08  op=LN       shard=-1  x=[1x4096] + w=[4096]  ->  y=[1x4096]  (T=1, K=1126)
  - op#09  op=SwiGLU   shard=0   a=[1x5504] + b=[1x5504]  ->  y=[1x5504]  (T=1, K=1126)
  - op#10  op=SwiGLU   shard=1   a=[1x5504] + b=[1x5504]  ->  y=[1x5504]  (T=1, K=1126)
  - op#11  op=Add      shard=-1  a=[1x4096] + b=[1x4096]  ->  y=[1x4096]  (T=1, K=1126)
[gpu-debug] per-op timing breakdown (avg over iters):
  idx  op       sh  io                                                    time   est_flops    TFLOPs       bytes      GB/s
  ------------------------------------------------------------------------------------------------------------------------
    0  LN       -1  x[1x4096]+w[4096]->y[1x4096]                        0.063ms    20.480 K      0.00   24.00 KiB      0.39
    1  QK        0  q[16x1x128]+k[16x128x1126]->y[16x1x1126]            0.051ms     4.612 M      0.09    4.44 MiB     91.23
    2  QK        1  q[16x1x128]+k[16x128x1126]->y[16x1x1126]            0.042ms     4.612 M      0.11    4.44 MiB    111.90
    3  Softmax   0  scores[16x1x1126]->y[16x1x1126]                     0.021ms    90.080 K      0.00   70.38 KiB      3.43
    4  Softmax   1  scores[16x1x1126]->y[16x1x1126]                     0.016ms    90.080 K      0.01   70.38 KiB      4.43
    5  SV        0  p[16x1x1126]+v[16x1126x128]->y[16x1x128]            0.031ms     4.612 M      0.15    4.44 MiB    150.44
    6  SV        1  p[16x1x1126]+v[16x1126x128]->y[16x1x128]            0.029ms     4.612 M      0.16    4.44 MiB    161.68
    7  Add      -1  a[1x4096]+b[1x4096]->y[1x4096]                      0.018ms     4.096 K      0.00   24.00 KiB      1.35
    8  LN       -1  x[1x4096]+w[4096]->y[1x4096]                        0.065ms    20.480 K      0.00   24.00 KiB      0.38
    9  SwiGLU    0  a[1x5504]+b[1x5504]->y[1x5504]                      0.025ms    33.024 K      0.00   32.25 KiB      1.32
   10  SwiGLU    1  a[1x5504]+b[1x5504]->y[1x5504]                      0.022ms    33.024 K      0.00   32.25 KiB      1.50
   11  Add      -1  a[1x4096]+b[1x4096]->y[1x4096]                      0.016ms     4.096 K      0.00   24.00 KiB      1.55
[gpu-debug] segment avg latency (cuda_events): 0.259 ms
[gpu-debug] sum(per-op)               : 0.398 ms (ratio=1.539)
[gpu-debug] NOTE: sum(per-op) may differ from segment latency due to Python overhead, event/launch overhead, and allocator/cache effects.
[gpu-debug] cuda mem before warmup: alloc=1.99 GiB reserved=2.08 GiB
[gpu-debug] cuda mem after warmup : alloc=2.00 GiB reserved=2.08 GiB
[gpu-debug] cuda mem peak (this segment): max_alloc=2.00 GiB max_reserved=2.08 GiB
========================================================================================
[gpu-debug] segment_key=npu|decode|74|48322b0ab0207f84448cb08e6eac5594
[gpu-debug] sig: device_type=npu phase=decode step=74 (count_hint=32)
[gpu-debug] ops_repr: LN:-1,QK:0,QK:1,Softmax:0,Softmax:1,SV:0,SV:1,Add:-1,LN:-1,SwiGLU:0,SwiGLU:1,Add:-1
[gpu-debug] cfg: device=cuda dtype=torch.bfloat16 dim=4096 ffn_dim=11008 n_heads=32 shards=2
[gpu-debug] op plan (with inferred tensor shapes):
  - op#00  op=LN       shard=-1  x=[1x4096] + w=[4096]  ->  y=[1x4096]  (T=1, K=1138)
  - op#01  op=QK       shard=0   q=[16x1x128] + k=[16x128x1138]  ->  y=[16x1x1138]  (T=1, K=1138)
  - op#02  op=QK       shard=1   q=[16x1x128] + k=[16x128x1138]  ->  y=[16x1x1138]  (T=1, K=1138)
  - op#03  op=Softmax  shard=0   scores=[16x1x1138]  ->  y=[16x1x1138]  (T=1, K=1138)
  - op#04  op=Softmax  shard=1   scores=[16x1x1138]  ->  y=[16x1x1138]  (T=1, K=1138)
  - op#05  op=SV       shard=0   p=[16x1x1138] + v=[16x1138x128]  ->  y=[16x1x128]  (T=1, K=1138)
  - op#06  op=SV       shard=1   p=[16x1x1138] + v=[16x1138x128]  ->  y=[16x1x128]  (T=1, K=1138)
  - op#07  op=Add      shard=-1  a=[1x4096] + b=[1x4096]  ->  y=[1x4096]  (T=1, K=1138)
  - op#08  op=LN       shard=-1  x=[1x4096] + w=[4096]  ->  y=[1x4096]  (T=1, K=1138)
  - op#09  op=SwiGLU   shard=0   a=[1x5504] + b=[1x5504]  ->  y=[1x5504]  (T=1, K=1138)
  - op#10  op=SwiGLU   shard=1   a=[1x5504] + b=[1x5504]  ->  y=[1x5504]  (T=1, K=1138)
  - op#11  op=Add      shard=-1  a=[1x4096] + b=[1x4096]  ->  y=[1x4096]  (T=1, K=1138)
[gpu-debug] per-op timing breakdown (avg over iters):
  idx  op       sh  io                                                    time   est_flops    TFLOPs       bytes      GB/s
  ------------------------------------------------------------------------------------------------------------------------
    0  LN       -1  x[1x4096]+w[4096]->y[1x4096]                        0.063ms    20.480 K      0.00   24.00 KiB      0.39
    1  QK        0  q[16x1x128]+k[16x128x1138]->y[16x1x1138]            0.051ms     4.661 M      0.09    4.48 MiB     91.83
    2  QK        1  q[16x1x128]+k[16x128x1138]->y[16x1x1138]            0.042ms     4.661 M      0.11    4.48 MiB    110.64
    3  Softmax   0  scores[16x1x1138]->y[16x1x1138]                     0.019ms    91.040 K      0.00   71.12 KiB      3.76
    4  Softmax   1  scores[16x1x1138]->y[16x1x1138]                     0.016ms    91.040 K      0.01   71.12 KiB      4.42
    5  SV        0  p[16x1x1138]+v[16x1138x128]->y[16x1x128]            0.031ms     4.661 M      0.15    4.48 MiB    152.04
    6  SV        1  p[16x1x1138]+v[16x1138x128]->y[16x1x128]            0.028ms     4.661 M      0.17    4.48 MiB    167.58
    7  Add      -1  a[1x4096]+b[1x4096]->y[1x4096]                      0.018ms     4.096 K      0.00   24.00 KiB      1.35
    8  LN       -1  x[1x4096]+w[4096]->y[1x4096]                        0.065ms    20.480 K      0.00   24.00 KiB      0.38
    9  SwiGLU    0  a[1x5504]+b[1x5504]->y[1x5504]                      0.025ms    33.024 K      0.00   32.25 KiB      1.34
   10  SwiGLU    1  a[1x5504]+b[1x5504]->y[1x5504]                      0.022ms    33.024 K      0.00   32.25 KiB      1.53
   11  Add      -1  a[1x4096]+b[1x4096]->y[1x4096]                      0.016ms     4.096 K      0.00   24.00 KiB      1.55
[gpu-debug] segment avg latency (cuda_events): 0.260 ms
[gpu-debug] sum(per-op)               : 0.397 ms (ratio=1.528)
[gpu-debug] NOTE: sum(per-op) may differ from segment latency due to Python overhead, event/launch overhead, and allocator/cache effects.
[gpu-debug] cuda mem before warmup: alloc=2.00 GiB reserved=2.08 GiB
[gpu-debug] cuda mem after warmup : alloc=2.01 GiB reserved=2.10 GiB
[gpu-debug] cuda mem peak (this segment): max_alloc=2.01 GiB max_reserved=2.10 GiB
========================================================================================
[gpu-debug] segment_key=npu|decode|75|48322b0ab0207f84448cb08e6eac5594
[gpu-debug] sig: device_type=npu phase=decode step=75 (count_hint=32)
[gpu-debug] ops_repr: LN:-1,QK:0,QK:1,Softmax:0,Softmax:1,SV:0,SV:1,Add:-1,LN:-1,SwiGLU:0,SwiGLU:1,Add:-1
[gpu-debug] cfg: device=cuda dtype=torch.bfloat16 dim=4096 ffn_dim=11008 n_heads=32 shards=2
[gpu-debug] op plan (with inferred tensor shapes):
  - op#00  op=LN       shard=-1  x=[1x4096] + w=[4096]  ->  y=[1x4096]  (T=1, K=1150)
  - op#01  op=QK       shard=0   q=[16x1x128] + k=[16x128x1150]  ->  y=[16x1x1150]  (T=1, K=1150)
  - op#02  op=QK       shard=1   q=[16x1x128] + k=[16x128x1150]  ->  y=[16x1x1150]  (T=1, K=1150)
  - op#03  op=Softmax  shard=0   scores=[16x1x1150]  ->  y=[16x1x1150]  (T=1, K=1150)
  - op#04  op=Softmax  shard=1   scores=[16x1x1150]  ->  y=[16x1x1150]  (T=1, K=1150)
  - op#05  op=SV       shard=0   p=[16x1x1150] + v=[16x1150x128]  ->  y=[16x1x128]  (T=1, K=1150)
  - op#06  op=SV       shard=1   p=[16x1x1150] + v=[16x1150x128]  ->  y=[16x1x128]  (T=1, K=1150)
  - op#07  op=Add      shard=-1  a=[1x4096] + b=[1x4096]  ->  y=[1x4096]  (T=1, K=1150)
  - op#08  op=LN       shard=-1  x=[1x4096] + w=[4096]  ->  y=[1x4096]  (T=1, K=1150)
  - op#09  op=SwiGLU   shard=0   a=[1x5504] + b=[1x5504]  ->  y=[1x5504]  (T=1, K=1150)
  - op#10  op=SwiGLU   shard=1   a=[1x5504] + b=[1x5504]  ->  y=[1x5504]  (T=1, K=1150)
  - op#11  op=Add      shard=-1  a=[1x4096] + b=[1x4096]  ->  y=[1x4096]  (T=1, K=1150)
[gpu-debug] per-op timing breakdown (avg over iters):
  idx  op       sh  io                                                    time   est_flops    TFLOPs       bytes      GB/s
  ------------------------------------------------------------------------------------------------------------------------
    0  LN       -1  x[1x4096]+w[4096]->y[1x4096]                        0.066ms    20.480 K      0.00   24.00 KiB      0.37
    1  QK        0  q[16x1x128]+k[16x128x1150]->y[16x1x1150]            0.051ms     4.710 M      0.09    4.53 MiB     92.80
    2  QK        1  q[16x1x128]+k[16x128x1150]->y[16x1x1150]            0.042ms     4.710 M      0.11    4.53 MiB    114.00
    3  Softmax   0  scores[16x1x1150]->y[16x1x1150]                     0.019ms    92.000 K      0.00   71.88 KiB      3.86
    4  Softmax   1  scores[16x1x1150]->y[16x1x1150]                     0.016ms    92.000 K      0.01   71.88 KiB      4.61
    5  SV        0  p[16x1x1150]+v[16x1150x128]->y[16x1x128]            0.031ms     4.710 M      0.15    4.53 MiB    152.13
    6  SV        1  p[16x1x1150]+v[16x1150x128]->y[16x1x128]            0.029ms     4.710 M      0.16    4.53 MiB    163.38
    7  Add      -1  a[1x4096]+b[1x4096]->y[1x4096]                      0.018ms     4.096 K      0.00   24.00 KiB      1.36
    8  LN       -1  x[1x4096]+w[4096]->y[1x4096]                        0.065ms    20.480 K      0.00   24.00 KiB      0.38
    9  SwiGLU    0  a[1x5504]+b[1x5504]->y[1x5504]                      0.025ms    33.024 K      0.00   32.25 KiB      1.32
   10  SwiGLU    1  a[1x5504]+b[1x5504]->y[1x5504]                      0.022ms    33.024 K      0.00   32.25 KiB      1.52
   11  Add      -1  a[1x4096]+b[1x4096]->y[1x4096]                      0.016ms     4.096 K      0.00   24.00 KiB      1.53
[gpu-debug] segment avg latency (cuda_events): 0.260 ms
[gpu-debug] sum(per-op)               : 0.400 ms (ratio=1.540)
[gpu-debug] NOTE: sum(per-op) may differ from segment latency due to Python overhead, event/launch overhead, and allocator/cache effects.
[gpu-debug] cuda mem before warmup: alloc=2.01 GiB reserved=2.10 GiB
[gpu-debug] cuda mem after warmup : alloc=2.01 GiB reserved=2.10 GiB
[gpu-debug] cuda mem peak (this segment): max_alloc=2.01 GiB max_reserved=2.10 GiB
========================================================================================
[gpu-debug] segment_key=npu|decode|76|48322b0ab0207f84448cb08e6eac5594
[gpu-debug] sig: device_type=npu phase=decode step=76 (count_hint=32)
[gpu-debug] ops_repr: LN:-1,QK:0,QK:1,Softmax:0,Softmax:1,SV:0,SV:1,Add:-1,LN:-1,SwiGLU:0,SwiGLU:1,Add:-1
[gpu-debug] cfg: device=cuda dtype=torch.bfloat16 dim=4096 ffn_dim=11008 n_heads=32 shards=2
[gpu-debug] op plan (with inferred tensor shapes):
  - op#00  op=LN       shard=-1  x=[1x4096] + w=[4096]  ->  y=[1x4096]  (T=1, K=1162)
  - op#01  op=QK       shard=0   q=[16x1x128] + k=[16x128x1162]  ->  y=[16x1x1162]  (T=1, K=1162)
  - op#02  op=QK       shard=1   q=[16x1x128] + k=[16x128x1162]  ->  y=[16x1x1162]  (T=1, K=1162)
  - op#03  op=Softmax  shard=0   scores=[16x1x1162]  ->  y=[16x1x1162]  (T=1, K=1162)
  - op#04  op=Softmax  shard=1   scores=[16x1x1162]  ->  y=[16x1x1162]  (T=1, K=1162)
  - op#05  op=SV       shard=0   p=[16x1x1162] + v=[16x1162x128]  ->  y=[16x1x128]  (T=1, K=1162)
  - op#06  op=SV       shard=1   p=[16x1x1162] + v=[16x1162x128]  ->  y=[16x1x128]  (T=1, K=1162)
  - op#07  op=Add      shard=-1  a=[1x4096] + b=[1x4096]  ->  y=[1x4096]  (T=1, K=1162)
  - op#08  op=LN       shard=-1  x=[1x4096] + w=[4096]  ->  y=[1x4096]  (T=1, K=1162)
  - op#09  op=SwiGLU   shard=0   a=[1x5504] + b=[1x5504]  ->  y=[1x5504]  (T=1, K=1162)
  - op#10  op=SwiGLU   shard=1   a=[1x5504] + b=[1x5504]  ->  y=[1x5504]  (T=1, K=1162)
  - op#11  op=Add      shard=-1  a=[1x4096] + b=[1x4096]  ->  y=[1x4096]  (T=1, K=1162)
[gpu-debug] per-op timing breakdown (avg over iters):
  idx  op       sh  io                                                    time   est_flops    TFLOPs       bytes      GB/s
  ------------------------------------------------------------------------------------------------------------------------
    0  LN       -1  x[1x4096]+w[4096]->y[1x4096]                        0.063ms    20.480 K      0.00   24.00 KiB      0.39
    1  QK        0  q[16x1x128]+k[16x128x1162]->y[16x1x1162]            0.051ms     4.760 M      0.09    4.58 MiB     93.95
    2  QK        1  q[16x1x128]+k[16x128x1162]->y[16x1x1162]            0.042ms     4.760 M      0.11    4.58 MiB    115.48
    3  Softmax   0  scores[16x1x1162]->y[16x1x1162]                     0.019ms    92.960 K      0.00   72.62 KiB      3.90
    4  Softmax   1  scores[16x1x1162]->y[16x1x1162]                     0.016ms    92.960 K      0.01   72.62 KiB      4.72
    5  SV        0  p[16x1x1162]+v[16x1162x128]->y[16x1x128]            0.032ms     4.760 M      0.15    4.58 MiB    148.36
    6  SV        1  p[16x1x1162]+v[16x1162x128]->y[16x1x128]            0.029ms     4.760 M      0.16    4.58 MiB    166.25
    7  Add      -1  a[1x4096]+b[1x4096]->y[1x4096]                      0.018ms     4.096 K      0.00   24.00 KiB      1.34
    8  LN       -1  x[1x4096]+w[4096]->y[1x4096]                        0.065ms    20.480 K      0.00   24.00 KiB      0.38
    9  SwiGLU    0  a[1x5504]+b[1x5504]->y[1x5504]                      0.025ms    33.024 K      0.00   32.25 KiB      1.34
   10  SwiGLU    1  a[1x5504]+b[1x5504]->y[1x5504]                      0.022ms    33.024 K      0.00   32.25 KiB      1.51
   11  Add      -1  a[1x4096]+b[1x4096]->y[1x4096]                      0.016ms     4.096 K      0.00   24.00 KiB      1.53
[gpu-debug] segment avg latency (cuda_events): 0.258 ms
[gpu-debug] sum(per-op)               : 0.397 ms (ratio=1.536)
[gpu-debug] NOTE: sum(per-op) may differ from segment latency due to Python overhead, event/launch overhead, and allocator/cache effects.
[gpu-debug] cuda mem before warmup: alloc=2.01 GiB reserved=2.10 GiB
[gpu-debug] cuda mem after warmup : alloc=2.02 GiB reserved=2.12 GiB
[gpu-debug] cuda mem peak (this segment): max_alloc=2.02 GiB max_reserved=2.12 GiB
========================================================================================
[gpu-debug] segment_key=npu|decode|77|48322b0ab0207f84448cb08e6eac5594
[gpu-debug] sig: device_type=npu phase=decode step=77 (count_hint=32)
[gpu-debug] ops_repr: LN:-1,QK:0,QK:1,Softmax:0,Softmax:1,SV:0,SV:1,Add:-1,LN:-1,SwiGLU:0,SwiGLU:1,Add:-1
[gpu-debug] cfg: device=cuda dtype=torch.bfloat16 dim=4096 ffn_dim=11008 n_heads=32 shards=2
[gpu-debug] op plan (with inferred tensor shapes):
  - op#00  op=LN       shard=-1  x=[1x4096] + w=[4096]  ->  y=[1x4096]  (T=1, K=1174)
  - op#01  op=QK       shard=0   q=[16x1x128] + k=[16x128x1174]  ->  y=[16x1x1174]  (T=1, K=1174)
  - op#02  op=QK       shard=1   q=[16x1x128] + k=[16x128x1174]  ->  y=[16x1x1174]  (T=1, K=1174)
  - op#03  op=Softmax  shard=0   scores=[16x1x1174]  ->  y=[16x1x1174]  (T=1, K=1174)
  - op#04  op=Softmax  shard=1   scores=[16x1x1174]  ->  y=[16x1x1174]  (T=1, K=1174)
  - op#05  op=SV       shard=0   p=[16x1x1174] + v=[16x1174x128]  ->  y=[16x1x128]  (T=1, K=1174)
  - op#06  op=SV       shard=1   p=[16x1x1174] + v=[16x1174x128]  ->  y=[16x1x128]  (T=1, K=1174)
  - op#07  op=Add      shard=-1  a=[1x4096] + b=[1x4096]  ->  y=[1x4096]  (T=1, K=1174)
  - op#08  op=LN       shard=-1  x=[1x4096] + w=[4096]  ->  y=[1x4096]  (T=1, K=1174)
  - op#09  op=SwiGLU   shard=0   a=[1x5504] + b=[1x5504]  ->  y=[1x5504]  (T=1, K=1174)
  - op#10  op=SwiGLU   shard=1   a=[1x5504] + b=[1x5504]  ->  y=[1x5504]  (T=1, K=1174)
  - op#11  op=Add      shard=-1  a=[1x4096] + b=[1x4096]  ->  y=[1x4096]  (T=1, K=1174)
[gpu-debug] per-op timing breakdown (avg over iters):
  idx  op       sh  io                                                    time   est_flops    TFLOPs       bytes      GB/s
  ------------------------------------------------------------------------------------------------------------------------
    0  LN       -1  x[1x4096]+w[4096]->y[1x4096]                        0.062ms    20.480 K      0.00   24.00 KiB      0.39
    1  QK        0  q[16x1x128]+k[16x128x1174]->y[16x1x1174]            0.051ms     4.809 M      0.09    4.63 MiB     95.69
    2  QK        1  q[16x1x128]+k[16x128x1174]->y[16x1x1174]            0.045ms     4.809 M      0.11    4.63 MiB    107.90
    3  Softmax   0  scores[16x1x1174]->y[16x1x1174]                     0.019ms    93.920 K      0.00   73.38 KiB      3.88
    4  Softmax   1  scores[16x1x1174]->y[16x1x1174]                     0.016ms    93.920 K      0.01   73.38 KiB      4.70
    5  SV        0  p[16x1x1174]+v[16x1174x128]->y[16x1x128]            0.031ms     4.809 M      0.16    4.63 MiB    158.95
    6  SV        1  p[16x1x1174]+v[16x1174x128]->y[16x1x128]            0.029ms     4.809 M      0.17    4.63 MiB    169.77
    7  Add      -1  a[1x4096]+b[1x4096]->y[1x4096]                      0.018ms     4.096 K      0.00   24.00 KiB      1.36
    8  LN       -1  x[1x4096]+w[4096]->y[1x4096]                        0.065ms    20.480 K      0.00   24.00 KiB      0.38
    9  SwiGLU    0  a[1x5504]+b[1x5504]->y[1x5504]                      0.025ms    33.024 K      0.00   32.25 KiB      1.32
   10  SwiGLU    1  a[1x5504]+b[1x5504]->y[1x5504]                      0.022ms    33.024 K      0.00   32.25 KiB      1.51
   11  Add      -1  a[1x4096]+b[1x4096]->y[1x4096]                      0.016ms     4.096 K      0.00   24.00 KiB      1.57
[gpu-debug] segment avg latency (cuda_events): 0.258 ms
[gpu-debug] sum(per-op)               : 0.398 ms (ratio=1.545)
[gpu-debug] NOTE: sum(per-op) may differ from segment latency due to Python overhead, event/launch overhead, and allocator/cache effects.
[gpu-debug] cuda mem before warmup: alloc=2.02 GiB reserved=2.12 GiB
[gpu-debug] cuda mem after warmup : alloc=2.03 GiB reserved=2.12 GiB
[gpu-debug] cuda mem peak (this segment): max_alloc=2.03 GiB max_reserved=2.12 GiB
========================================================================================
[gpu-debug] segment_key=npu|decode|78|48322b0ab0207f84448cb08e6eac5594
[gpu-debug] sig: device_type=npu phase=decode step=78 (count_hint=32)
[gpu-debug] ops_repr: LN:-1,QK:0,QK:1,Softmax:0,Softmax:1,SV:0,SV:1,Add:-1,LN:-1,SwiGLU:0,SwiGLU:1,Add:-1
[gpu-debug] cfg: device=cuda dtype=torch.bfloat16 dim=4096 ffn_dim=11008 n_heads=32 shards=2
[gpu-debug] op plan (with inferred tensor shapes):
  - op#00  op=LN       shard=-1  x=[1x4096] + w=[4096]  ->  y=[1x4096]  (T=1, K=1186)
  - op#01  op=QK       shard=0   q=[16x1x128] + k=[16x128x1186]  ->  y=[16x1x1186]  (T=1, K=1186)
  - op#02  op=QK       shard=1   q=[16x1x128] + k=[16x128x1186]  ->  y=[16x1x1186]  (T=1, K=1186)
  - op#03  op=Softmax  shard=0   scores=[16x1x1186]  ->  y=[16x1x1186]  (T=1, K=1186)
  - op#04  op=Softmax  shard=1   scores=[16x1x1186]  ->  y=[16x1x1186]  (T=1, K=1186)
  - op#05  op=SV       shard=0   p=[16x1x1186] + v=[16x1186x128]  ->  y=[16x1x128]  (T=1, K=1186)
  - op#06  op=SV       shard=1   p=[16x1x1186] + v=[16x1186x128]  ->  y=[16x1x128]  (T=1, K=1186)
  - op#07  op=Add      shard=-1  a=[1x4096] + b=[1x4096]  ->  y=[1x4096]  (T=1, K=1186)
  - op#08  op=LN       shard=-1  x=[1x4096] + w=[4096]  ->  y=[1x4096]  (T=1, K=1186)
  - op#09  op=SwiGLU   shard=0   a=[1x5504] + b=[1x5504]  ->  y=[1x5504]  (T=1, K=1186)
  - op#10  op=SwiGLU   shard=1   a=[1x5504] + b=[1x5504]  ->  y=[1x5504]  (T=1, K=1186)
  - op#11  op=Add      shard=-1  a=[1x4096] + b=[1x4096]  ->  y=[1x4096]  (T=1, K=1186)
[gpu-debug] per-op timing breakdown (avg over iters):
  idx  op       sh  io                                                    time   est_flops    TFLOPs       bytes      GB/s
  ------------------------------------------------------------------------------------------------------------------------
    0  LN       -1  x[1x4096]+w[4096]->y[1x4096]                        0.063ms    20.480 K      0.00   24.00 KiB      0.39
    1  QK        0  q[16x1x128]+k[16x128x1186]->y[16x1x1186]            0.052ms     4.858 M      0.09    4.67 MiB     94.75
    2  QK        1  q[16x1x128]+k[16x128x1186]->y[16x1x1186]            0.042ms     4.858 M      0.12    4.67 MiB    117.86
    3  Softmax   0  scores[16x1x1186]->y[16x1x1186]                     0.019ms    94.880 K      0.00   74.12 KiB      3.90
    4  Softmax   1  scores[16x1x1186]->y[16x1x1186]                     0.016ms    94.880 K      0.01   74.12 KiB      4.81
    5  SV        0  p[16x1x1186]+v[16x1186x128]->y[16x1x128]            0.031ms     4.858 M      0.16    4.67 MiB    158.45
    6  SV        1  p[16x1x1186]+v[16x1186x128]->y[16x1x128]            0.028ms     4.858 M      0.17    4.67 MiB    174.00
    7  Add      -1  a[1x4096]+b[1x4096]->y[1x4096]                      0.018ms     4.096 K      0.00   24.00 KiB      1.36
    8  LN       -1  x[1x4096]+w[4096]->y[1x4096]                        0.067ms    20.480 K      0.00   24.00 KiB      0.37
    9  SwiGLU    0  a[1x5504]+b[1x5504]->y[1x5504]                      0.025ms    33.024 K      0.00   32.25 KiB      1.33
   10  SwiGLU    1  a[1x5504]+b[1x5504]->y[1x5504]                      0.022ms    33.024 K      0.00   32.25 KiB      1.54
   11  Add      -1  a[1x4096]+b[1x4096]->y[1x4096]                      0.016ms     4.096 K      0.00   24.00 KiB      1.53
[gpu-debug] segment avg latency (cuda_events): 0.258 ms
[gpu-debug] sum(per-op)               : 0.398 ms (ratio=1.542)
[gpu-debug] NOTE: sum(per-op) may differ from segment latency due to Python overhead, event/launch overhead, and allocator/cache effects.
[gpu-debug] cuda mem before warmup: alloc=2.03 GiB reserved=2.12 GiB
[gpu-debug] cuda mem after warmup : alloc=2.04 GiB reserved=2.14 GiB
[gpu-debug] cuda mem peak (this segment): max_alloc=2.04 GiB max_reserved=2.14 GiB
========================================================================================
[gpu-debug] segment_key=npu|decode|79|48322b0ab0207f84448cb08e6eac5594
[gpu-debug] sig: device_type=npu phase=decode step=79 (count_hint=32)
[gpu-debug] ops_repr: LN:-1,QK:0,QK:1,Softmax:0,Softmax:1,SV:0,SV:1,Add:-1,LN:-1,SwiGLU:0,SwiGLU:1,Add:-1
[gpu-debug] cfg: device=cuda dtype=torch.bfloat16 dim=4096 ffn_dim=11008 n_heads=32 shards=2
[gpu-debug] op plan (with inferred tensor shapes):
  - op#00  op=LN       shard=-1  x=[1x4096] + w=[4096]  ->  y=[1x4096]  (T=1, K=1198)
  - op#01  op=QK       shard=0   q=[16x1x128] + k=[16x128x1198]  ->  y=[16x1x1198]  (T=1, K=1198)
  - op#02  op=QK       shard=1   q=[16x1x128] + k=[16x128x1198]  ->  y=[16x1x1198]  (T=1, K=1198)
  - op#03  op=Softmax  shard=0   scores=[16x1x1198]  ->  y=[16x1x1198]  (T=1, K=1198)
  - op#04  op=Softmax  shard=1   scores=[16x1x1198]  ->  y=[16x1x1198]  (T=1, K=1198)
  - op#05  op=SV       shard=0   p=[16x1x1198] + v=[16x1198x128]  ->  y=[16x1x128]  (T=1, K=1198)
  - op#06  op=SV       shard=1   p=[16x1x1198] + v=[16x1198x128]  ->  y=[16x1x128]  (T=1, K=1198)
  - op#07  op=Add      shard=-1  a=[1x4096] + b=[1x4096]  ->  y=[1x4096]  (T=1, K=1198)
  - op#08  op=LN       shard=-1  x=[1x4096] + w=[4096]  ->  y=[1x4096]  (T=1, K=1198)
  - op#09  op=SwiGLU   shard=0   a=[1x5504] + b=[1x5504]  ->  y=[1x5504]  (T=1, K=1198)
  - op#10  op=SwiGLU   shard=1   a=[1x5504] + b=[1x5504]  ->  y=[1x5504]  (T=1, K=1198)
  - op#11  op=Add      shard=-1  a=[1x4096] + b=[1x4096]  ->  y=[1x4096]  (T=1, K=1198)
[gpu-debug] per-op timing breakdown (avg over iters):
  idx  op       sh  io                                                    time   est_flops    TFLOPs       bytes      GB/s
  ------------------------------------------------------------------------------------------------------------------------
    0  LN       -1  x[1x4096]+w[4096]->y[1x4096]                        0.062ms    20.480 K      0.00   24.00 KiB      0.39
    1  QK        0  q[16x1x128]+k[16x128x1198]->y[16x1x1198]            0.050ms     4.907 M      0.10    4.72 MiB     98.24
    2  QK        1  q[16x1x128]+k[16x128x1198]->y[16x1x1198]            0.042ms     4.907 M      0.12    4.72 MiB    117.89
    3  Softmax   0  scores[16x1x1198]->y[16x1x1198]                     0.019ms    95.840 K      0.01   74.88 KiB      4.00
    4  Softmax   1  scores[16x1x1198]->y[16x1x1198]                     0.016ms    95.840 K      0.01   74.88 KiB      4.77
    5  SV        0  p[16x1x1198]+v[16x1198x128]->y[16x1x128]            0.031ms     4.907 M      0.16    4.72 MiB    161.11
    6  SV        1  p[16x1x1198]+v[16x1198x128]->y[16x1x128]            0.030ms     4.907 M      0.16    4.72 MiB    165.53
    7  Add      -1  a[1x4096]+b[1x4096]->y[1x4096]                      0.018ms     4.096 K      0.00   24.00 KiB      1.33
    8  LN       -1  x[1x4096]+w[4096]->y[1x4096]                        0.065ms    20.480 K      0.00   24.00 KiB      0.38
    9  SwiGLU    0  a[1x5504]+b[1x5504]->y[1x5504]                      0.025ms    33.024 K      0.00   32.25 KiB      1.33
   10  SwiGLU    1  a[1x5504]+b[1x5504]->y[1x5504]                      0.022ms    33.024 K      0.00   32.25 KiB      1.51
   11  Add      -1  a[1x4096]+b[1x4096]->y[1x4096]                      0.016ms     4.096 K      0.00   24.00 KiB      1.56
[gpu-debug] segment avg latency (cuda_events): 0.257 ms
[gpu-debug] sum(per-op)               : 0.396 ms (ratio=1.541)
[gpu-debug] NOTE: sum(per-op) may differ from segment latency due to Python overhead, event/launch overhead, and allocator/cache effects.
[gpu-debug] cuda mem before warmup: alloc=2.04 GiB reserved=2.14 GiB
[gpu-debug] cuda mem after warmup : alloc=2.05 GiB reserved=2.14 GiB
[gpu-debug] cuda mem peak (this segment): max_alloc=2.05 GiB max_reserved=2.14 GiB
========================================================================================
[gpu-debug] segment_key=npu|decode|7|48322b0ab0207f84448cb08e6eac5594
[gpu-debug] sig: device_type=npu phase=decode step=7 (count_hint=32)
[gpu-debug] ops_repr: LN:-1,QK:0,QK:1,Softmax:0,Softmax:1,SV:0,SV:1,Add:-1,LN:-1,SwiGLU:0,SwiGLU:1,Add:-1
[gpu-debug] cfg: device=cuda dtype=torch.bfloat16 dim=4096 ffn_dim=11008 n_heads=32 shards=2
[gpu-debug] op plan (with inferred tensor shapes):
  - op#00  op=LN       shard=-1  x=[1x4096] + w=[4096]  ->  y=[1x4096]  (T=1, K=334)
  - op#01  op=QK       shard=0   q=[16x1x128] + k=[16x128x334]  ->  y=[16x1x334]  (T=1, K=334)
  - op#02  op=QK       shard=1   q=[16x1x128] + k=[16x128x334]  ->  y=[16x1x334]  (T=1, K=334)
  - op#03  op=Softmax  shard=0   scores=[16x1x334]  ->  y=[16x1x334]  (T=1, K=334)
  - op#04  op=Softmax  shard=1   scores=[16x1x334]  ->  y=[16x1x334]  (T=1, K=334)
  - op#05  op=SV       shard=0   p=[16x1x334] + v=[16x334x128]  ->  y=[16x1x128]  (T=1, K=334)
  - op#06  op=SV       shard=1   p=[16x1x334] + v=[16x334x128]  ->  y=[16x1x128]  (T=1, K=334)
  - op#07  op=Add      shard=-1  a=[1x4096] + b=[1x4096]  ->  y=[1x4096]  (T=1, K=334)
  - op#08  op=LN       shard=-1  x=[1x4096] + w=[4096]  ->  y=[1x4096]  (T=1, K=334)
  - op#09  op=SwiGLU   shard=0   a=[1x5504] + b=[1x5504]  ->  y=[1x5504]  (T=1, K=334)
  - op#10  op=SwiGLU   shard=1   a=[1x5504] + b=[1x5504]  ->  y=[1x5504]  (T=1, K=334)
  - op#11  op=Add      shard=-1  a=[1x4096] + b=[1x4096]  ->  y=[1x4096]  (T=1, K=334)
[gpu-debug] per-op timing breakdown (avg over iters):
  idx  op       sh  io                                                    time   est_flops    TFLOPs       bytes      GB/s
  ------------------------------------------------------------------------------------------------------------------------
    0  LN       -1  x[1x4096]+w[4096]->y[1x4096]                        0.063ms    20.480 K      0.00   24.00 KiB      0.39
    1  QK        0  q[16x1x128]+k[16x128x334]->y[16x1x334]              0.050ms     1.368 M      0.03    1.32 MiB     27.39
    2  QK        1  q[16x1x128]+k[16x128x334]->y[16x1x334]              0.041ms     1.368 M      0.03    1.32 MiB     33.68
    3  Softmax   0  scores[16x1x334]->y[16x1x334]                       0.019ms    26.720 K      0.00   20.88 KiB      1.15
    4  Softmax   1  scores[16x1x334]->y[16x1x334]                       0.015ms    26.720 K      0.00   20.88 KiB      1.38
    5  SV        0  p[16x1x334]+v[16x334x128]->y[16x1x128]              0.031ms     1.368 M      0.04    1.32 MiB     44.72
    6  SV        1  p[16x1x334]+v[16x334x128]->y[16x1x128]              0.027ms     1.368 M      0.05    1.32 MiB     51.74
    7  Add      -1  a[1x4096]+b[1x4096]->y[1x4096]                      0.018ms     4.096 K      0.00   24.00 KiB      1.36
    8  LN       -1  x[1x4096]+w[4096]->y[1x4096]                        0.064ms    20.480 K      0.00   24.00 KiB      0.38
    9  SwiGLU    0  a[1x5504]+b[1x5504]->y[1x5504]                      0.025ms    33.024 K      0.00   32.25 KiB      1.34
   10  SwiGLU    1  a[1x5504]+b[1x5504]->y[1x5504]                      0.022ms    33.024 K      0.00   32.25 KiB      1.54
   11  Add      -1  a[1x4096]+b[1x4096]->y[1x4096]                      0.016ms     4.096 K      0.00   24.00 KiB      1.55
[gpu-debug] segment avg latency (cuda_events): 0.257 ms
[gpu-debug] sum(per-op)               : 0.391 ms (ratio=1.521)
[gpu-debug] NOTE: sum(per-op) may differ from segment latency due to Python overhead, event/launch overhead, and allocator/cache effects.
[gpu-debug] cuda mem before warmup: alloc=2.05 GiB reserved=2.14 GiB
[gpu-debug] cuda mem after warmup : alloc=2.05 GiB reserved=2.14 GiB
[gpu-debug] cuda mem peak (this segment): max_alloc=2.05 GiB max_reserved=2.14 GiB
========================================================================================
[gpu-debug] segment_key=npu|decode|80|48322b0ab0207f84448cb08e6eac5594
[gpu-debug] sig: device_type=npu phase=decode step=80 (count_hint=32)
[gpu-debug] ops_repr: LN:-1,QK:0,QK:1,Softmax:0,Softmax:1,SV:0,SV:1,Add:-1,LN:-1,SwiGLU:0,SwiGLU:1,Add:-1
[gpu-debug] cfg: device=cuda dtype=torch.bfloat16 dim=4096 ffn_dim=11008 n_heads=32 shards=2
[gpu-debug] op plan (with inferred tensor shapes):
  - op#00  op=LN       shard=-1  x=[1x4096] + w=[4096]  ->  y=[1x4096]  (T=1, K=1210)
  - op#01  op=QK       shard=0   q=[16x1x128] + k=[16x128x1210]  ->  y=[16x1x1210]  (T=1, K=1210)
  - op#02  op=QK       shard=1   q=[16x1x128] + k=[16x128x1210]  ->  y=[16x1x1210]  (T=1, K=1210)
  - op#03  op=Softmax  shard=0   scores=[16x1x1210]  ->  y=[16x1x1210]  (T=1, K=1210)
  - op#04  op=Softmax  shard=1   scores=[16x1x1210]  ->  y=[16x1x1210]  (T=1, K=1210)
  - op#05  op=SV       shard=0   p=[16x1x1210] + v=[16x1210x128]  ->  y=[16x1x128]  (T=1, K=1210)
  - op#06  op=SV       shard=1   p=[16x1x1210] + v=[16x1210x128]  ->  y=[16x1x128]  (T=1, K=1210)
  - op#07  op=Add      shard=-1  a=[1x4096] + b=[1x4096]  ->  y=[1x4096]  (T=1, K=1210)
  - op#08  op=LN       shard=-1  x=[1x4096] + w=[4096]  ->  y=[1x4096]  (T=1, K=1210)
  - op#09  op=SwiGLU   shard=0   a=[1x5504] + b=[1x5504]  ->  y=[1x5504]  (T=1, K=1210)
  - op#10  op=SwiGLU   shard=1   a=[1x5504] + b=[1x5504]  ->  y=[1x5504]  (T=1, K=1210)
  - op#11  op=Add      shard=-1  a=[1x4096] + b=[1x4096]  ->  y=[1x4096]  (T=1, K=1210)
[gpu-debug] per-op timing breakdown (avg over iters):
  idx  op       sh  io                                                    time   est_flops    TFLOPs       bytes      GB/s
  ------------------------------------------------------------------------------------------------------------------------
    0  LN       -1  x[1x4096]+w[4096]->y[1x4096]                        0.066ms    20.480 K      0.00   24.00 KiB      0.37
    1  QK        0  q[16x1x128]+k[16x128x1210]->y[16x1x1210]            0.052ms     4.956 M      0.10    4.77 MiB     96.86
    2  QK        1  q[16x1x128]+k[16x128x1210]->y[16x1x1210]            0.042ms     4.956 M      0.12    4.77 MiB    120.24
    3  Softmax   0  scores[16x1x1210]->y[16x1x1210]                     0.019ms    96.800 K      0.01   75.62 KiB      4.02
    4  Softmax   1  scores[16x1x1210]->y[16x1x1210]                     0.016ms    96.800 K      0.01   75.62 KiB      4.79
    5  SV        0  p[16x1x1210]+v[16x1210x128]->y[16x1x128]            0.031ms     4.956 M      0.16    4.77 MiB    161.65
    6  SV        1  p[16x1x1210]+v[16x1210x128]->y[16x1x128]            0.029ms     4.956 M      0.17    4.77 MiB    172.50
    7  Add      -1  a[1x4096]+b[1x4096]->y[1x4096]                      0.018ms     4.096 K      0.00   24.00 KiB      1.36
    8  LN       -1  x[1x4096]+w[4096]->y[1x4096]                        0.065ms    20.480 K      0.00   24.00 KiB      0.38
    9  SwiGLU    0  a[1x5504]+b[1x5504]->y[1x5504]                      0.025ms    33.024 K      0.00   32.25 KiB      1.32
   10  SwiGLU    1  a[1x5504]+b[1x5504]->y[1x5504]                      0.022ms    33.024 K      0.00   32.25 KiB      1.49
   11  Add      -1  a[1x4096]+b[1x4096]->y[1x4096]                      0.016ms     4.096 K      0.00   24.00 KiB      1.58
[gpu-debug] segment avg latency (cuda_events): 0.258 ms
[gpu-debug] sum(per-op)               : 0.400 ms (ratio=1.549)
[gpu-debug] NOTE: sum(per-op) may differ from segment latency due to Python overhead, event/launch overhead, and allocator/cache effects.
[gpu-debug] cuda mem before warmup: alloc=2.05 GiB reserved=2.14 GiB
[gpu-debug] cuda mem after warmup : alloc=2.06 GiB reserved=2.16 GiB
[gpu-debug] cuda mem peak (this segment): max_alloc=2.06 GiB max_reserved=2.16 GiB
  progress 180/202
========================================================================================
[gpu-debug] segment_key=npu|decode|81|48322b0ab0207f84448cb08e6eac5594
[gpu-debug] sig: device_type=npu phase=decode step=81 (count_hint=32)
[gpu-debug] ops_repr: LN:-1,QK:0,QK:1,Softmax:0,Softmax:1,SV:0,SV:1,Add:-1,LN:-1,SwiGLU:0,SwiGLU:1,Add:-1
[gpu-debug] cfg: device=cuda dtype=torch.bfloat16 dim=4096 ffn_dim=11008 n_heads=32 shards=2
[gpu-debug] op plan (with inferred tensor shapes):
  - op#00  op=LN       shard=-1  x=[1x4096] + w=[4096]  ->  y=[1x4096]  (T=1, K=1222)
  - op#01  op=QK       shard=0   q=[16x1x128] + k=[16x128x1222]  ->  y=[16x1x1222]  (T=1, K=1222)
  - op#02  op=QK       shard=1   q=[16x1x128] + k=[16x128x1222]  ->  y=[16x1x1222]  (T=1, K=1222)
  - op#03  op=Softmax  shard=0   scores=[16x1x1222]  ->  y=[16x1x1222]  (T=1, K=1222)
  - op#04  op=Softmax  shard=1   scores=[16x1x1222]  ->  y=[16x1x1222]  (T=1, K=1222)
  - op#05  op=SV       shard=0   p=[16x1x1222] + v=[16x1222x128]  ->  y=[16x1x128]  (T=1, K=1222)
  - op#06  op=SV       shard=1   p=[16x1x1222] + v=[16x1222x128]  ->  y=[16x1x128]  (T=1, K=1222)
  - op#07  op=Add      shard=-1  a=[1x4096] + b=[1x4096]  ->  y=[1x4096]  (T=1, K=1222)
  - op#08  op=LN       shard=-1  x=[1x4096] + w=[4096]  ->  y=[1x4096]  (T=1, K=1222)
  - op#09  op=SwiGLU   shard=0   a=[1x5504] + b=[1x5504]  ->  y=[1x5504]  (T=1, K=1222)
  - op#10  op=SwiGLU   shard=1   a=[1x5504] + b=[1x5504]  ->  y=[1x5504]  (T=1, K=1222)
  - op#11  op=Add      shard=-1  a=[1x4096] + b=[1x4096]  ->  y=[1x4096]  (T=1, K=1222)
[gpu-debug] per-op timing breakdown (avg over iters):
  idx  op       sh  io                                                    time   est_flops    TFLOPs       bytes      GB/s
  ------------------------------------------------------------------------------------------------------------------------
    0  LN       -1  x[1x4096]+w[4096]->y[1x4096]                        0.063ms    20.480 K      0.00   24.00 KiB      0.39
    1  QK        0  q[16x1x128]+k[16x128x1222]->y[16x1x1222]            0.052ms     5.005 M      0.10    4.81 MiB     97.24
    2  QK        1  q[16x1x128]+k[16x128x1222]->y[16x1x1222]            0.042ms     5.005 M      0.12    4.81 MiB    120.54
    3  Softmax   0  scores[16x1x1222]->y[16x1x1222]                     0.019ms    97.760 K      0.01   76.38 KiB      4.08
    4  Softmax   1  scores[16x1x1222]->y[16x1x1222]                     0.016ms    97.760 K      0.01   76.38 KiB      4.93
    5  SV        0  p[16x1x1222]+v[16x1222x128]->y[16x1x128]            0.030ms     5.005 M      0.16    4.81 MiB    166.00
    6  SV        1  p[16x1x1222]+v[16x1222x128]->y[16x1x128]            0.028ms     5.005 M      0.18    4.81 MiB    181.93
    7  Add      -1  a[1x4096]+b[1x4096]->y[1x4096]                      0.018ms     4.096 K      0.00   24.00 KiB      1.36
    8  LN       -1  x[1x4096]+w[4096]->y[1x4096]                        0.063ms    20.480 K      0.00   24.00 KiB      0.39
    9  SwiGLU    0  a[1x5504]+b[1x5504]->y[1x5504]                      0.024ms    33.024 K      0.00   32.25 KiB      1.35
   10  SwiGLU    1  a[1x5504]+b[1x5504]->y[1x5504]                      0.023ms    33.024 K      0.00   32.25 KiB      1.43
   11  Add      -1  a[1x4096]+b[1x4096]->y[1x4096]                      0.016ms     4.096 K      0.00   24.00 KiB      1.53
[gpu-debug] segment avg latency (cuda_events): 0.258 ms
[gpu-debug] sum(per-op)               : 0.395 ms (ratio=1.532)
[gpu-debug] NOTE: sum(per-op) may differ from segment latency due to Python overhead, event/launch overhead, and allocator/cache effects.
[gpu-debug] cuda mem before warmup: alloc=2.06 GiB reserved=2.16 GiB
[gpu-debug] cuda mem after warmup : alloc=2.07 GiB reserved=2.16 GiB
[gpu-debug] cuda mem peak (this segment): max_alloc=2.07 GiB max_reserved=2.16 GiB
========================================================================================
[gpu-debug] segment_key=npu|decode|82|48322b0ab0207f84448cb08e6eac5594
[gpu-debug] sig: device_type=npu phase=decode step=82 (count_hint=32)
[gpu-debug] ops_repr: LN:-1,QK:0,QK:1,Softmax:0,Softmax:1,SV:0,SV:1,Add:-1,LN:-1,SwiGLU:0,SwiGLU:1,Add:-1
[gpu-debug] cfg: device=cuda dtype=torch.bfloat16 dim=4096 ffn_dim=11008 n_heads=32 shards=2
[gpu-debug] op plan (with inferred tensor shapes):
  - op#00  op=LN       shard=-1  x=[1x4096] + w=[4096]  ->  y=[1x4096]  (T=1, K=1234)
  - op#01  op=QK       shard=0   q=[16x1x128] + k=[16x128x1234]  ->  y=[16x1x1234]  (T=1, K=1234)
  - op#02  op=QK       shard=1   q=[16x1x128] + k=[16x128x1234]  ->  y=[16x1x1234]  (T=1, K=1234)
  - op#03  op=Softmax  shard=0   scores=[16x1x1234]  ->  y=[16x1x1234]  (T=1, K=1234)
  - op#04  op=Softmax  shard=1   scores=[16x1x1234]  ->  y=[16x1x1234]  (T=1, K=1234)
  - op#05  op=SV       shard=0   p=[16x1x1234] + v=[16x1234x128]  ->  y=[16x1x128]  (T=1, K=1234)
  - op#06  op=SV       shard=1   p=[16x1x1234] + v=[16x1234x128]  ->  y=[16x1x128]  (T=1, K=1234)
  - op#07  op=Add      shard=-1  a=[1x4096] + b=[1x4096]  ->  y=[1x4096]  (T=1, K=1234)
  - op#08  op=LN       shard=-1  x=[1x4096] + w=[4096]  ->  y=[1x4096]  (T=1, K=1234)
  - op#09  op=SwiGLU   shard=0   a=[1x5504] + b=[1x5504]  ->  y=[1x5504]  (T=1, K=1234)
  - op#10  op=SwiGLU   shard=1   a=[1x5504] + b=[1x5504]  ->  y=[1x5504]  (T=1, K=1234)
  - op#11  op=Add      shard=-1  a=[1x4096] + b=[1x4096]  ->  y=[1x4096]  (T=1, K=1234)
[gpu-debug] per-op timing breakdown (avg over iters):
  idx  op       sh  io                                                    time   est_flops    TFLOPs       bytes      GB/s
  ------------------------------------------------------------------------------------------------------------------------
    0  LN       -1  x[1x4096]+w[4096]->y[1x4096]                        0.063ms    20.480 K      0.00   24.00 KiB      0.39
    1  QK        0  q[16x1x128]+k[16x128x1234]->y[16x1x1234]            0.051ms     5.054 M      0.10    4.86 MiB     99.97
    2  QK        1  q[16x1x128]+k[16x128x1234]->y[16x1x1234]            0.044ms     5.054 M      0.11    4.86 MiB    114.71
    3  Softmax   0  scores[16x1x1234]->y[16x1x1234]                     0.020ms    98.720 K      0.00   77.12 KiB      3.93
    4  Softmax   1  scores[16x1x1234]->y[16x1x1234]                     0.016ms    98.720 K      0.01   77.12 KiB      4.94
    5  SV        0  p[16x1x1234]+v[16x1234x128]->y[16x1x128]            0.031ms     5.054 M      0.16    4.86 MiB    165.40
    6  SV        1  p[16x1x1234]+v[16x1234x128]->y[16x1x128]            0.028ms     5.054 M      0.18    4.86 MiB    181.04
    7  Add      -1  a[1x4096]+b[1x4096]->y[1x4096]                      0.018ms     4.096 K      0.00   24.00 KiB      1.36
    8  LN       -1  x[1x4096]+w[4096]->y[1x4096]                        0.065ms    20.480 K      0.00   24.00 KiB      0.38
    9  SwiGLU    0  a[1x5504]+b[1x5504]->y[1x5504]                      0.025ms    33.024 K      0.00   32.25 KiB      1.33
   10  SwiGLU    1  a[1x5504]+b[1x5504]->y[1x5504]                      0.022ms    33.024 K      0.00   32.25 KiB      1.52
   11  Add      -1  a[1x4096]+b[1x4096]->y[1x4096]                      0.016ms     4.096 K      0.00   24.00 KiB      1.54
[gpu-debug] segment avg latency (cuda_events): 0.259 ms
[gpu-debug] sum(per-op)               : 0.399 ms (ratio=1.541)
[gpu-debug] NOTE: sum(per-op) may differ from segment latency due to Python overhead, event/launch overhead, and allocator/cache effects.
[gpu-debug] cuda mem before warmup: alloc=2.07 GiB reserved=2.16 GiB
[gpu-debug] cuda mem after warmup : alloc=2.08 GiB reserved=2.18 GiB
[gpu-debug] cuda mem peak (this segment): max_alloc=2.08 GiB max_reserved=2.18 GiB
========================================================================================
[gpu-debug] segment_key=npu|decode|83|48322b0ab0207f84448cb08e6eac5594
[gpu-debug] sig: device_type=npu phase=decode step=83 (count_hint=32)
[gpu-debug] ops_repr: LN:-1,QK:0,QK:1,Softmax:0,Softmax:1,SV:0,SV:1,Add:-1,LN:-1,SwiGLU:0,SwiGLU:1,Add:-1
[gpu-debug] cfg: device=cuda dtype=torch.bfloat16 dim=4096 ffn_dim=11008 n_heads=32 shards=2
[gpu-debug] op plan (with inferred tensor shapes):
  - op#00  op=LN       shard=-1  x=[1x4096] + w=[4096]  ->  y=[1x4096]  (T=1, K=1246)
  - op#01  op=QK       shard=0   q=[16x1x128] + k=[16x128x1246]  ->  y=[16x1x1246]  (T=1, K=1246)
  - op#02  op=QK       shard=1   q=[16x1x128] + k=[16x128x1246]  ->  y=[16x1x1246]  (T=1, K=1246)
  - op#03  op=Softmax  shard=0   scores=[16x1x1246]  ->  y=[16x1x1246]  (T=1, K=1246)
  - op#04  op=Softmax  shard=1   scores=[16x1x1246]  ->  y=[16x1x1246]  (T=1, K=1246)
  - op#05  op=SV       shard=0   p=[16x1x1246] + v=[16x1246x128]  ->  y=[16x1x128]  (T=1, K=1246)
  - op#06  op=SV       shard=1   p=[16x1x1246] + v=[16x1246x128]  ->  y=[16x1x128]  (T=1, K=1246)
  - op#07  op=Add      shard=-1  a=[1x4096] + b=[1x4096]  ->  y=[1x4096]  (T=1, K=1246)
  - op#08  op=LN       shard=-1  x=[1x4096] + w=[4096]  ->  y=[1x4096]  (T=1, K=1246)
  - op#09  op=SwiGLU   shard=0   a=[1x5504] + b=[1x5504]  ->  y=[1x5504]  (T=1, K=1246)
  - op#10  op=SwiGLU   shard=1   a=[1x5504] + b=[1x5504]  ->  y=[1x5504]  (T=1, K=1246)
  - op#11  op=Add      shard=-1  a=[1x4096] + b=[1x4096]  ->  y=[1x4096]  (T=1, K=1246)
[gpu-debug] per-op timing breakdown (avg over iters):
  idx  op       sh  io                                                    time   est_flops    TFLOPs       bytes      GB/s
  ------------------------------------------------------------------------------------------------------------------------
    0  LN       -1  x[1x4096]+w[4096]->y[1x4096]                        0.066ms    20.480 K      0.00   24.00 KiB      0.37
    1  QK        0  q[16x1x128]+k[16x128x1246]->y[16x1x1246]            0.052ms     5.104 M      0.10    4.91 MiB     99.54
    2  QK        1  q[16x1x128]+k[16x128x1246]->y[16x1x1246]            0.041ms     5.104 M      0.12    4.91 MiB    124.12
    3  Softmax   0  scores[16x1x1246]->y[16x1x1246]                     0.019ms    99.680 K      0.01   77.88 KiB      4.14
    4  Softmax   1  scores[16x1x1246]->y[16x1x1246]                     0.016ms    99.680 K      0.01   77.88 KiB      4.99
    5  SV        0  p[16x1x1246]+v[16x1246x128]->y[16x1x128]            0.031ms     5.104 M      0.16    4.91 MiB    165.91
    6  SV        1  p[16x1x1246]+v[16x1246x128]->y[16x1x128]            0.029ms     5.104 M      0.18    4.91 MiB    178.89
    7  Add      -1  a[1x4096]+b[1x4096]->y[1x4096]                      0.018ms     4.096 K      0.00   24.00 KiB      1.34
    8  LN       -1  x[1x4096]+w[4096]->y[1x4096]                        0.064ms    20.480 K      0.00   24.00 KiB      0.39
    9  SwiGLU    0  a[1x5504]+b[1x5504]->y[1x5504]                      0.025ms    33.024 K      0.00   32.25 KiB      1.33
   10  SwiGLU    1  a[1x5504]+b[1x5504]->y[1x5504]                      0.022ms    33.024 K      0.00   32.25 KiB      1.54
   11  Add      -1  a[1x4096]+b[1x4096]->y[1x4096]                      0.016ms     4.096 K      0.00   24.00 KiB      1.55
[gpu-debug] segment avg latency (cuda_events): 0.259 ms
[gpu-debug] sum(per-op)               : 0.398 ms (ratio=1.538)
[gpu-debug] NOTE: sum(per-op) may differ from segment latency due to Python overhead, event/launch overhead, and allocator/cache effects.
[gpu-debug] cuda mem before warmup: alloc=2.08 GiB reserved=2.18 GiB
[gpu-debug] cuda mem after warmup : alloc=2.09 GiB reserved=2.18 GiB
[gpu-debug] cuda mem peak (this segment): max_alloc=2.09 GiB max_reserved=2.18 GiB
========================================================================================
[gpu-debug] segment_key=npu|decode|84|48322b0ab0207f84448cb08e6eac5594
[gpu-debug] sig: device_type=npu phase=decode step=84 (count_hint=32)
[gpu-debug] ops_repr: LN:-1,QK:0,QK:1,Softmax:0,Softmax:1,SV:0,SV:1,Add:-1,LN:-1,SwiGLU:0,SwiGLU:1,Add:-1
[gpu-debug] cfg: device=cuda dtype=torch.bfloat16 dim=4096 ffn_dim=11008 n_heads=32 shards=2
[gpu-debug] op plan (with inferred tensor shapes):
  - op#00  op=LN       shard=-1  x=[1x4096] + w=[4096]  ->  y=[1x4096]  (T=1, K=1258)
  - op#01  op=QK       shard=0   q=[16x1x128] + k=[16x128x1258]  ->  y=[16x1x1258]  (T=1, K=1258)
  - op#02  op=QK       shard=1   q=[16x1x128] + k=[16x128x1258]  ->  y=[16x1x1258]  (T=1, K=1258)
  - op#03  op=Softmax  shard=0   scores=[16x1x1258]  ->  y=[16x1x1258]  (T=1, K=1258)
  - op#04  op=Softmax  shard=1   scores=[16x1x1258]  ->  y=[16x1x1258]  (T=1, K=1258)
  - op#05  op=SV       shard=0   p=[16x1x1258] + v=[16x1258x128]  ->  y=[16x1x128]  (T=1, K=1258)
  - op#06  op=SV       shard=1   p=[16x1x1258] + v=[16x1258x128]  ->  y=[16x1x128]  (T=1, K=1258)
  - op#07  op=Add      shard=-1  a=[1x4096] + b=[1x4096]  ->  y=[1x4096]  (T=1, K=1258)
  - op#08  op=LN       shard=-1  x=[1x4096] + w=[4096]  ->  y=[1x4096]  (T=1, K=1258)
  - op#09  op=SwiGLU   shard=0   a=[1x5504] + b=[1x5504]  ->  y=[1x5504]  (T=1, K=1258)
  - op#10  op=SwiGLU   shard=1   a=[1x5504] + b=[1x5504]  ->  y=[1x5504]  (T=1, K=1258)
  - op#11  op=Add      shard=-1  a=[1x4096] + b=[1x4096]  ->  y=[1x4096]  (T=1, K=1258)
[gpu-debug] per-op timing breakdown (avg over iters):
  idx  op       sh  io                                                    time   est_flops    TFLOPs       bytes      GB/s
  ------------------------------------------------------------------------------------------------------------------------
    0  LN       -1  x[1x4096]+w[4096]->y[1x4096]                        0.063ms    20.480 K      0.00   24.00 KiB      0.39
    1  QK        0  q[16x1x128]+k[16x128x1258]->y[16x1x1258]            0.050ms     5.153 M      0.10    4.96 MiB    102.95
    2  QK        1  q[16x1x128]+k[16x128x1258]->y[16x1x1258]            0.041ms     5.153 M      0.12    4.96 MiB    125.63
    3  Softmax   0  scores[16x1x1258]->y[16x1x1258]                     0.019ms   100.640 K      0.01   78.62 KiB      4.14
    4  Softmax   1  scores[16x1x1258]->y[16x1x1258]                     0.017ms   100.640 K      0.01   78.62 KiB      4.85
    5  SV        0  p[16x1x1258]+v[16x1258x128]->y[16x1x128]            0.033ms     5.153 M      0.16    4.96 MiB    159.10
    6  SV        1  p[16x1x1258]+v[16x1258x128]->y[16x1x128]            0.030ms     5.153 M      0.17    4.96 MiB    175.01
    7  Add      -1  a[1x4096]+b[1x4096]->y[1x4096]                      0.018ms     4.096 K      0.00   24.00 KiB      1.34
    8  LN       -1  x[1x4096]+w[4096]->y[1x4096]                        0.065ms    20.480 K      0.00   24.00 KiB      0.38
    9  SwiGLU    0  a[1x5504]+b[1x5504]->y[1x5504]                      0.025ms    33.024 K      0.00   32.25 KiB      1.30
   10  SwiGLU    1  a[1x5504]+b[1x5504]->y[1x5504]                      0.022ms    33.024 K      0.00   32.25 KiB      1.52
   11  Add      -1  a[1x4096]+b[1x4096]->y[1x4096]                      0.016ms     4.096 K      0.00   24.00 KiB      1.56
[gpu-debug] segment avg latency (cuda_events): 0.260 ms
[gpu-debug] sum(per-op)               : 0.400 ms (ratio=1.536)
[gpu-debug] NOTE: sum(per-op) may differ from segment latency due to Python overhead, event/launch overhead, and allocator/cache effects.
[gpu-debug] cuda mem before warmup: alloc=2.09 GiB reserved=2.18 GiB
[gpu-debug] cuda mem after warmup : alloc=2.10 GiB reserved=2.20 GiB
[gpu-debug] cuda mem peak (this segment): max_alloc=2.10 GiB max_reserved=2.20 GiB
========================================================================================
[gpu-debug] segment_key=npu|decode|85|48322b0ab0207f84448cb08e6eac5594
[gpu-debug] sig: device_type=npu phase=decode step=85 (count_hint=32)
[gpu-debug] ops_repr: LN:-1,QK:0,QK:1,Softmax:0,Softmax:1,SV:0,SV:1,Add:-1,LN:-1,SwiGLU:0,SwiGLU:1,Add:-1
[gpu-debug] cfg: device=cuda dtype=torch.bfloat16 dim=4096 ffn_dim=11008 n_heads=32 shards=2
[gpu-debug] op plan (with inferred tensor shapes):
  - op#00  op=LN       shard=-1  x=[1x4096] + w=[4096]  ->  y=[1x4096]  (T=1, K=1270)
  - op#01  op=QK       shard=0   q=[16x1x128] + k=[16x128x1270]  ->  y=[16x1x1270]  (T=1, K=1270)
  - op#02  op=QK       shard=1   q=[16x1x128] + k=[16x128x1270]  ->  y=[16x1x1270]  (T=1, K=1270)
  - op#03  op=Softmax  shard=0   scores=[16x1x1270]  ->  y=[16x1x1270]  (T=1, K=1270)
  - op#04  op=Softmax  shard=1   scores=[16x1x1270]  ->  y=[16x1x1270]  (T=1, K=1270)
  - op#05  op=SV       shard=0   p=[16x1x1270] + v=[16x1270x128]  ->  y=[16x1x128]  (T=1, K=1270)
  - op#06  op=SV       shard=1   p=[16x1x1270] + v=[16x1270x128]  ->  y=[16x1x128]  (T=1, K=1270)
  - op#07  op=Add      shard=-1  a=[1x4096] + b=[1x4096]  ->  y=[1x4096]  (T=1, K=1270)
  - op#08  op=LN       shard=-1  x=[1x4096] + w=[4096]  ->  y=[1x4096]  (T=1, K=1270)
  - op#09  op=SwiGLU   shard=0   a=[1x5504] + b=[1x5504]  ->  y=[1x5504]  (T=1, K=1270)
  - op#10  op=SwiGLU   shard=1   a=[1x5504] + b=[1x5504]  ->  y=[1x5504]  (T=1, K=1270)
  - op#11  op=Add      shard=-1  a=[1x4096] + b=[1x4096]  ->  y=[1x4096]  (T=1, K=1270)
[gpu-debug] per-op timing breakdown (avg over iters):
  idx  op       sh  io                                                    time   est_flops    TFLOPs       bytes      GB/s
  ------------------------------------------------------------------------------------------------------------------------
    0  LN       -1  x[1x4096]+w[4096]->y[1x4096]                        0.063ms    20.480 K      0.00   24.00 KiB      0.39
    1  QK        0  q[16x1x128]+k[16x128x1270]->y[16x1x1270]            0.051ms     5.202 M      0.10    5.00 MiB    102.07
    2  QK        1  q[16x1x128]+k[16x128x1270]->y[16x1x1270]            0.159ms     5.202 M      0.03    5.00 MiB     32.91
    3  Softmax   0  scores[16x1x1270]->y[16x1x1270]                     0.021ms   101.600 K      0.00   79.38 KiB      3.85
    4  Softmax   1  scores[16x1x1270]->y[16x1x1270]                     0.016ms   101.600 K      0.01   79.38 KiB      5.06
    5  SV        0  p[16x1x1270]+v[16x1270x128]->y[16x1x128]            0.035ms     5.202 M      0.15    5.00 MiB    151.59
    6  SV        1  p[16x1x1270]+v[16x1270x128]->y[16x1x128]            0.029ms     5.202 M      0.18    5.00 MiB    179.78
    7  Add      -1  a[1x4096]+b[1x4096]->y[1x4096]                      0.019ms     4.096 K      0.00   24.00 KiB      1.27
    8  LN       -1  x[1x4096]+w[4096]->y[1x4096]                        0.071ms    20.480 K      0.00   24.00 KiB      0.35
    9  SwiGLU    0  a[1x5504]+b[1x5504]->y[1x5504]                      0.026ms    33.024 K      0.00   32.25 KiB      1.29
   10  SwiGLU    1  a[1x5504]+b[1x5504]->y[1x5504]                      0.022ms    33.024 K      0.00   32.25 KiB      1.53
   11  Add      -1  a[1x4096]+b[1x4096]->y[1x4096]                      0.016ms     4.096 K      0.00   24.00 KiB      1.56
[gpu-debug] segment avg latency (cuda_events): 0.258 ms
[gpu-debug] sum(per-op)               : 0.528 ms (ratio=2.046)
[gpu-debug] NOTE: sum(per-op) may differ from segment latency due to Python overhead, event/launch overhead, and allocator/cache effects.
[gpu-debug] cuda mem before warmup: alloc=2.10 GiB reserved=2.20 GiB
[gpu-debug] cuda mem after warmup : alloc=2.11 GiB reserved=2.20 GiB
[gpu-debug] cuda mem peak (this segment): max_alloc=2.11 GiB max_reserved=2.20 GiB
========================================================================================
[gpu-debug] segment_key=npu|decode|86|48322b0ab0207f84448cb08e6eac5594
[gpu-debug] sig: device_type=npu phase=decode step=86 (count_hint=32)
[gpu-debug] ops_repr: LN:-1,QK:0,QK:1,Softmax:0,Softmax:1,SV:0,SV:1,Add:-1,LN:-1,SwiGLU:0,SwiGLU:1,Add:-1
[gpu-debug] cfg: device=cuda dtype=torch.bfloat16 dim=4096 ffn_dim=11008 n_heads=32 shards=2
[gpu-debug] op plan (with inferred tensor shapes):
  - op#00  op=LN       shard=-1  x=[1x4096] + w=[4096]  ->  y=[1x4096]  (T=1, K=1282)
  - op#01  op=QK       shard=0   q=[16x1x128] + k=[16x128x1282]  ->  y=[16x1x1282]  (T=1, K=1282)
  - op#02  op=QK       shard=1   q=[16x1x128] + k=[16x128x1282]  ->  y=[16x1x1282]  (T=1, K=1282)
  - op#03  op=Softmax  shard=0   scores=[16x1x1282]  ->  y=[16x1x1282]  (T=1, K=1282)
  - op#04  op=Softmax  shard=1   scores=[16x1x1282]  ->  y=[16x1x1282]  (T=1, K=1282)
  - op#05  op=SV       shard=0   p=[16x1x1282] + v=[16x1282x128]  ->  y=[16x1x128]  (T=1, K=1282)
  - op#06  op=SV       shard=1   p=[16x1x1282] + v=[16x1282x128]  ->  y=[16x1x128]  (T=1, K=1282)
  - op#07  op=Add      shard=-1  a=[1x4096] + b=[1x4096]  ->  y=[1x4096]  (T=1, K=1282)
  - op#08  op=LN       shard=-1  x=[1x4096] + w=[4096]  ->  y=[1x4096]  (T=1, K=1282)
  - op#09  op=SwiGLU   shard=0   a=[1x5504] + b=[1x5504]  ->  y=[1x5504]  (T=1, K=1282)
  - op#10  op=SwiGLU   shard=1   a=[1x5504] + b=[1x5504]  ->  y=[1x5504]  (T=1, K=1282)
  - op#11  op=Add      shard=-1  a=[1x4096] + b=[1x4096]  ->  y=[1x4096]  (T=1, K=1282)
[gpu-debug] per-op timing breakdown (avg over iters):
  idx  op       sh  io                                                    time   est_flops    TFLOPs       bytes      GB/s
  ------------------------------------------------------------------------------------------------------------------------
    0  LN       -1  x[1x4096]+w[4096]->y[1x4096]                        0.063ms    20.480 K      0.00   24.00 KiB      0.39
    1  QK        0  q[16x1x128]+k[16x128x1282]->y[16x1x1282]            0.052ms     5.251 M      0.10    5.05 MiB    102.62
    2  QK        1  q[16x1x128]+k[16x128x1282]->y[16x1x1282]            0.041ms     5.251 M      0.13    5.05 MiB    128.02
    3  Softmax   0  scores[16x1x1282]->y[16x1x1282]                     0.019ms   102.560 K      0.01   80.12 KiB      4.24
    4  Softmax   1  scores[16x1x1282]->y[16x1x1282]                     0.016ms   102.560 K      0.01   80.12 KiB      5.10
    5  SV        0  p[16x1x1282]+v[16x1282x128]->y[16x1x128]            0.031ms     5.251 M      0.17    5.05 MiB    172.98
    6  SV        1  p[16x1x1282]+v[16x1282x128]->y[16x1x128]            0.028ms     5.251 M      0.19    5.05 MiB    186.72
    7  Add      -1  a[1x4096]+b[1x4096]->y[1x4096]                      0.019ms     4.096 K      0.00   24.00 KiB      1.32
    8  LN       -1  x[1x4096]+w[4096]->y[1x4096]                        0.068ms    20.480 K      0.00   24.00 KiB      0.36
    9  SwiGLU    0  a[1x5504]+b[1x5504]->y[1x5504]                      0.025ms    33.024 K      0.00   32.25 KiB      1.31
   10  SwiGLU    1  a[1x5504]+b[1x5504]->y[1x5504]                      0.022ms    33.024 K      0.00   32.25 KiB      1.51
   11  Add      -1  a[1x4096]+b[1x4096]->y[1x4096]                      0.016ms     4.096 K      0.00   24.00 KiB      1.56
[gpu-debug] segment avg latency (cuda_events): 0.259 ms
[gpu-debug] sum(per-op)               : 0.400 ms (ratio=1.545)
[gpu-debug] NOTE: sum(per-op) may differ from segment latency due to Python overhead, event/launch overhead, and allocator/cache effects.
[gpu-debug] cuda mem before warmup: alloc=2.11 GiB reserved=2.20 GiB
[gpu-debug] cuda mem after warmup : alloc=2.12 GiB reserved=2.22 GiB
[gpu-debug] cuda mem peak (this segment): max_alloc=2.12 GiB max_reserved=2.22 GiB
========================================================================================
[gpu-debug] segment_key=npu|decode|87|48322b0ab0207f84448cb08e6eac5594
[gpu-debug] sig: device_type=npu phase=decode step=87 (count_hint=32)
[gpu-debug] ops_repr: LN:-1,QK:0,QK:1,Softmax:0,Softmax:1,SV:0,SV:1,Add:-1,LN:-1,SwiGLU:0,SwiGLU:1,Add:-1
[gpu-debug] cfg: device=cuda dtype=torch.bfloat16 dim=4096 ffn_dim=11008 n_heads=32 shards=2
[gpu-debug] op plan (with inferred tensor shapes):
  - op#00  op=LN       shard=-1  x=[1x4096] + w=[4096]  ->  y=[1x4096]  (T=1, K=1294)
  - op#01  op=QK       shard=0   q=[16x1x128] + k=[16x128x1294]  ->  y=[16x1x1294]  (T=1, K=1294)
  - op#02  op=QK       shard=1   q=[16x1x128] + k=[16x128x1294]  ->  y=[16x1x1294]  (T=1, K=1294)
  - op#03  op=Softmax  shard=0   scores=[16x1x1294]  ->  y=[16x1x1294]  (T=1, K=1294)
  - op#04  op=Softmax  shard=1   scores=[16x1x1294]  ->  y=[16x1x1294]  (T=1, K=1294)
  - op#05  op=SV       shard=0   p=[16x1x1294] + v=[16x1294x128]  ->  y=[16x1x128]  (T=1, K=1294)
  - op#06  op=SV       shard=1   p=[16x1x1294] + v=[16x1294x128]  ->  y=[16x1x128]  (T=1, K=1294)
  - op#07  op=Add      shard=-1  a=[1x4096] + b=[1x4096]  ->  y=[1x4096]  (T=1, K=1294)
  - op#08  op=LN       shard=-1  x=[1x4096] + w=[4096]  ->  y=[1x4096]  (T=1, K=1294)
  - op#09  op=SwiGLU   shard=0   a=[1x5504] + b=[1x5504]  ->  y=[1x5504]  (T=1, K=1294)
  - op#10  op=SwiGLU   shard=1   a=[1x5504] + b=[1x5504]  ->  y=[1x5504]  (T=1, K=1294)
  - op#11  op=Add      shard=-1  a=[1x4096] + b=[1x4096]  ->  y=[1x4096]  (T=1, K=1294)
[gpu-debug] per-op timing breakdown (avg over iters):
  idx  op       sh  io                                                    time   est_flops    TFLOPs       bytes      GB/s
  ------------------------------------------------------------------------------------------------------------------------
    0  LN       -1  x[1x4096]+w[4096]->y[1x4096]                        0.065ms    20.480 K      0.00   24.00 KiB      0.38
    1  QK        0  q[16x1x128]+k[16x128x1294]->y[16x1x1294]            0.053ms     5.300 M      0.10    5.10 MiB    101.76
    2  QK        1  q[16x1x128]+k[16x128x1294]->y[16x1x1294]            0.042ms     5.300 M      0.13    5.10 MiB    126.71
    3  Softmax   0  scores[16x1x1294]->y[16x1x1294]                     0.020ms   103.520 K      0.01   80.88 KiB      4.19
    4  Softmax   1  scores[16x1x1294]->y[16x1x1294]                     0.016ms   103.520 K      0.01   80.88 KiB      5.15
    5  SV        0  p[16x1x1294]+v[16x1294x128]->y[16x1x128]            0.031ms     5.300 M      0.17    5.10 MiB    171.72
    6  SV        1  p[16x1x1294]+v[16x1294x128]->y[16x1x128]            0.028ms     5.300 M      0.19    5.10 MiB    187.79
    7  Add      -1  a[1x4096]+b[1x4096]->y[1x4096]                      0.018ms     4.096 K      0.00   24.00 KiB      1.34
    8  LN       -1  x[1x4096]+w[4096]->y[1x4096]                        0.064ms    20.480 K      0.00   24.00 KiB      0.38
    9  SwiGLU    0  a[1x5504]+b[1x5504]->y[1x5504]                      0.024ms    33.024 K      0.00   32.25 KiB      1.35
   10  SwiGLU    1  a[1x5504]+b[1x5504]->y[1x5504]                      0.022ms    33.024 K      0.00   32.25 KiB      1.54
   11  Add      -1  a[1x4096]+b[1x4096]->y[1x4096]                      0.016ms     4.096 K      0.00   24.00 KiB      1.55
[gpu-debug] segment avg latency (cuda_events): 0.259 ms
[gpu-debug] sum(per-op)               : 0.400 ms (ratio=1.543)
[gpu-debug] NOTE: sum(per-op) may differ from segment latency due to Python overhead, event/launch overhead, and allocator/cache effects.
[gpu-debug] cuda mem before warmup: alloc=2.12 GiB reserved=2.22 GiB
[gpu-debug] cuda mem after warmup : alloc=2.13 GiB reserved=2.24 GiB
[gpu-debug] cuda mem peak (this segment): max_alloc=2.13 GiB max_reserved=2.24 GiB
========================================================================================
[gpu-debug] segment_key=npu|decode|88|48322b0ab0207f84448cb08e6eac5594
[gpu-debug] sig: device_type=npu phase=decode step=88 (count_hint=32)
[gpu-debug] ops_repr: LN:-1,QK:0,QK:1,Softmax:0,Softmax:1,SV:0,SV:1,Add:-1,LN:-1,SwiGLU:0,SwiGLU:1,Add:-1
[gpu-debug] cfg: device=cuda dtype=torch.bfloat16 dim=4096 ffn_dim=11008 n_heads=32 shards=2
[gpu-debug] op plan (with inferred tensor shapes):
  - op#00  op=LN       shard=-1  x=[1x4096] + w=[4096]  ->  y=[1x4096]  (T=1, K=1306)
  - op#01  op=QK       shard=0   q=[16x1x128] + k=[16x128x1306]  ->  y=[16x1x1306]  (T=1, K=1306)
  - op#02  op=QK       shard=1   q=[16x1x128] + k=[16x128x1306]  ->  y=[16x1x1306]  (T=1, K=1306)
  - op#03  op=Softmax  shard=0   scores=[16x1x1306]  ->  y=[16x1x1306]  (T=1, K=1306)
  - op#04  op=Softmax  shard=1   scores=[16x1x1306]  ->  y=[16x1x1306]  (T=1, K=1306)
  - op#05  op=SV       shard=0   p=[16x1x1306] + v=[16x1306x128]  ->  y=[16x1x128]  (T=1, K=1306)
  - op#06  op=SV       shard=1   p=[16x1x1306] + v=[16x1306x128]  ->  y=[16x1x128]  (T=1, K=1306)
  - op#07  op=Add      shard=-1  a=[1x4096] + b=[1x4096]  ->  y=[1x4096]  (T=1, K=1306)
  - op#08  op=LN       shard=-1  x=[1x4096] + w=[4096]  ->  y=[1x4096]  (T=1, K=1306)
  - op#09  op=SwiGLU   shard=0   a=[1x5504] + b=[1x5504]  ->  y=[1x5504]  (T=1, K=1306)
  - op#10  op=SwiGLU   shard=1   a=[1x5504] + b=[1x5504]  ->  y=[1x5504]  (T=1, K=1306)
  - op#11  op=Add      shard=-1  a=[1x4096] + b=[1x4096]  ->  y=[1x4096]  (T=1, K=1306)
[gpu-debug] per-op timing breakdown (avg over iters):
  idx  op       sh  io                                                    time   est_flops    TFLOPs       bytes      GB/s
  ------------------------------------------------------------------------------------------------------------------------
    0  LN       -1  x[1x4096]+w[4096]->y[1x4096]                        0.064ms    20.480 K      0.00   24.00 KiB      0.39
    1  QK        0  q[16x1x128]+k[16x128x1306]->y[16x1x1306]            0.051ms     5.349 M      0.10    5.15 MiB    105.38
    2  QK        1  q[16x1x128]+k[16x128x1306]->y[16x1x1306]            0.042ms     5.349 M      0.13    5.15 MiB    129.77
    3  Softmax   0  scores[16x1x1306]->y[16x1x1306]                     0.019ms   104.480 K      0.01   81.62 KiB      4.32
    4  Softmax   1  scores[16x1x1306]->y[16x1x1306]                     0.017ms   104.480 K      0.01   81.62 KiB      5.01
    5  SV        0  p[16x1x1306]+v[16x1306x128]->y[16x1x128]            0.031ms     5.349 M      0.17    5.15 MiB    174.46
    6  SV        1  p[16x1x1306]+v[16x1306x128]->y[16x1x128]            0.029ms     5.349 M      0.18    5.15 MiB    186.18
    7  Add      -1  a[1x4096]+b[1x4096]->y[1x4096]                      0.019ms     4.096 K      0.00   24.00 KiB      1.33
    8  LN       -1  x[1x4096]+w[4096]->y[1x4096]                        0.064ms    20.480 K      0.00   24.00 KiB      0.39
    9  SwiGLU    0  a[1x5504]+b[1x5504]->y[1x5504]                      0.028ms    33.024 K      0.00   32.25 KiB      1.19
   10  SwiGLU    1  a[1x5504]+b[1x5504]->y[1x5504]                      0.022ms    33.024 K      0.00   32.25 KiB      1.49
   11  Add      -1  a[1x4096]+b[1x4096]->y[1x4096]                      0.016ms     4.096 K      0.00   24.00 KiB      1.53
[gpu-debug] segment avg latency (cuda_events): 0.257 ms
[gpu-debug] sum(per-op)               : 0.401 ms (ratio=1.556)
[gpu-debug] NOTE: sum(per-op) may differ from segment latency due to Python overhead, event/launch overhead, and allocator/cache effects.
[gpu-debug] cuda mem before warmup: alloc=2.13 GiB reserved=2.24 GiB
[gpu-debug] cuda mem after warmup : alloc=2.14 GiB reserved=2.24 GiB
[gpu-debug] cuda mem peak (this segment): max_alloc=2.14 GiB max_reserved=2.24 GiB
========================================================================================
[gpu-debug] segment_key=npu|decode|89|48322b0ab0207f84448cb08e6eac5594
[gpu-debug] sig: device_type=npu phase=decode step=89 (count_hint=32)
[gpu-debug] ops_repr: LN:-1,QK:0,QK:1,Softmax:0,Softmax:1,SV:0,SV:1,Add:-1,LN:-1,SwiGLU:0,SwiGLU:1,Add:-1
[gpu-debug] cfg: device=cuda dtype=torch.bfloat16 dim=4096 ffn_dim=11008 n_heads=32 shards=2
[gpu-debug] op plan (with inferred tensor shapes):
  - op#00  op=LN       shard=-1  x=[1x4096] + w=[4096]  ->  y=[1x4096]  (T=1, K=1318)
  - op#01  op=QK       shard=0   q=[16x1x128] + k=[16x128x1318]  ->  y=[16x1x1318]  (T=1, K=1318)
  - op#02  op=QK       shard=1   q=[16x1x128] + k=[16x128x1318]  ->  y=[16x1x1318]  (T=1, K=1318)
  - op#03  op=Softmax  shard=0   scores=[16x1x1318]  ->  y=[16x1x1318]  (T=1, K=1318)
  - op#04  op=Softmax  shard=1   scores=[16x1x1318]  ->  y=[16x1x1318]  (T=1, K=1318)
  - op#05  op=SV       shard=0   p=[16x1x1318] + v=[16x1318x128]  ->  y=[16x1x128]  (T=1, K=1318)
  - op#06  op=SV       shard=1   p=[16x1x1318] + v=[16x1318x128]  ->  y=[16x1x128]  (T=1, K=1318)
  - op#07  op=Add      shard=-1  a=[1x4096] + b=[1x4096]  ->  y=[1x4096]  (T=1, K=1318)
  - op#08  op=LN       shard=-1  x=[1x4096] + w=[4096]  ->  y=[1x4096]  (T=1, K=1318)
  - op#09  op=SwiGLU   shard=0   a=[1x5504] + b=[1x5504]  ->  y=[1x5504]  (T=1, K=1318)
  - op#10  op=SwiGLU   shard=1   a=[1x5504] + b=[1x5504]  ->  y=[1x5504]  (T=1, K=1318)
  - op#11  op=Add      shard=-1  a=[1x4096] + b=[1x4096]  ->  y=[1x4096]  (T=1, K=1318)
[gpu-debug] per-op timing breakdown (avg over iters):
  idx  op       sh  io                                                    time   est_flops    TFLOPs       bytes      GB/s
  ------------------------------------------------------------------------------------------------------------------------
    0  LN       -1  x[1x4096]+w[4096]->y[1x4096]                        0.063ms    20.480 K      0.00   24.00 KiB      0.39
    1  QK        0  q[16x1x128]+k[16x128x1318]->y[16x1x1318]            0.051ms     5.399 M      0.11    5.19 MiB    106.77
    2  QK        1  q[16x1x128]+k[16x128x1318]->y[16x1x1318]            0.044ms     5.399 M      0.12    5.19 MiB    124.52
    3  Softmax   0  scores[16x1x1318]->y[16x1x1318]                     0.020ms   105.440 K      0.01   82.38 KiB      4.22
    4  Softmax   1  scores[16x1x1318]->y[16x1x1318]                     0.016ms   105.440 K      0.01   82.38 KiB      5.12
    5  SV        0  p[16x1x1318]+v[16x1318x128]->y[16x1x128]            0.032ms     5.399 M      0.17    5.19 MiB    171.52
    6  SV        1  p[16x1x1318]+v[16x1318x128]->y[16x1x128]            0.029ms     5.399 M      0.19    5.19 MiB    187.89
    7  Add      -1  a[1x4096]+b[1x4096]->y[1x4096]                      0.018ms     4.096 K      0.00   24.00 KiB      1.36
    8  LN       -1  x[1x4096]+w[4096]->y[1x4096]                        0.064ms    20.480 K      0.00   24.00 KiB      0.38
    9  SwiGLU    0  a[1x5504]+b[1x5504]->y[1x5504]                      0.025ms    33.024 K      0.00   32.25 KiB      1.33
   10  SwiGLU    1  a[1x5504]+b[1x5504]->y[1x5504]                      0.022ms    33.024 K      0.00   32.25 KiB      1.52
   11  Add      -1  a[1x4096]+b[1x4096]->y[1x4096]                      0.016ms     4.096 K      0.00   24.00 KiB      1.55
[gpu-debug] segment avg latency (cuda_events): 0.258 ms
[gpu-debug] sum(per-op)               : 0.400 ms (ratio=1.549)
[gpu-debug] NOTE: sum(per-op) may differ from segment latency due to Python overhead, event/launch overhead, and allocator/cache effects.
[gpu-debug] cuda mem before warmup: alloc=2.14 GiB reserved=2.24 GiB
[gpu-debug] cuda mem after warmup : alloc=2.15 GiB reserved=2.26 GiB
[gpu-debug] cuda mem peak (this segment): max_alloc=2.15 GiB max_reserved=2.26 GiB
========================================================================================
[gpu-debug] segment_key=npu|decode|8|48322b0ab0207f84448cb08e6eac5594
[gpu-debug] sig: device_type=npu phase=decode step=8 (count_hint=32)
[gpu-debug] ops_repr: LN:-1,QK:0,QK:1,Softmax:0,Softmax:1,SV:0,SV:1,Add:-1,LN:-1,SwiGLU:0,SwiGLU:1,Add:-1
[gpu-debug] cfg: device=cuda dtype=torch.bfloat16 dim=4096 ffn_dim=11008 n_heads=32 shards=2
[gpu-debug] op plan (with inferred tensor shapes):
  - op#00  op=LN       shard=-1  x=[1x4096] + w=[4096]  ->  y=[1x4096]  (T=1, K=346)
  - op#01  op=QK       shard=0   q=[16x1x128] + k=[16x128x346]  ->  y=[16x1x346]  (T=1, K=346)
  - op#02  op=QK       shard=1   q=[16x1x128] + k=[16x128x346]  ->  y=[16x1x346]  (T=1, K=346)
  - op#03  op=Softmax  shard=0   scores=[16x1x346]  ->  y=[16x1x346]  (T=1, K=346)
  - op#04  op=Softmax  shard=1   scores=[16x1x346]  ->  y=[16x1x346]  (T=1, K=346)
  - op#05  op=SV       shard=0   p=[16x1x346] + v=[16x346x128]  ->  y=[16x1x128]  (T=1, K=346)
  - op#06  op=SV       shard=1   p=[16x1x346] + v=[16x346x128]  ->  y=[16x1x128]  (T=1, K=346)
  - op#07  op=Add      shard=-1  a=[1x4096] + b=[1x4096]  ->  y=[1x4096]  (T=1, K=346)
  - op#08  op=LN       shard=-1  x=[1x4096] + w=[4096]  ->  y=[1x4096]  (T=1, K=346)
  - op#09  op=SwiGLU   shard=0   a=[1x5504] + b=[1x5504]  ->  y=[1x5504]  (T=1, K=346)
  - op#10  op=SwiGLU   shard=1   a=[1x5504] + b=[1x5504]  ->  y=[1x5504]  (T=1, K=346)
  - op#11  op=Add      shard=-1  a=[1x4096] + b=[1x4096]  ->  y=[1x4096]  (T=1, K=346)
[gpu-debug] per-op timing breakdown (avg over iters):
  idx  op       sh  io                                                    time   est_flops    TFLOPs       bytes      GB/s
  ------------------------------------------------------------------------------------------------------------------------
    0  LN       -1  x[1x4096]+w[4096]->y[1x4096]                        0.062ms    20.480 K      0.00   24.00 KiB      0.40
    1  QK        0  q[16x1x128]+k[16x128x346]->y[16x1x346]              0.053ms     1.417 M      0.03    1.37 MiB     26.85
    2  QK        1  q[16x1x128]+k[16x128x346]->y[16x1x346]              0.042ms     1.417 M      0.03    1.37 MiB     34.12
    3  Softmax   0  scores[16x1x346]->y[16x1x346]                       0.018ms    27.680 K      0.00   21.62 KiB      1.21
    4  Softmax   1  scores[16x1x346]->y[16x1x346]                       0.015ms    27.680 K      0.00   21.62 KiB      1.46
    5  SV        0  p[16x1x346]+v[16x346x128]->y[16x1x128]              0.029ms     1.417 M      0.05    1.37 MiB     49.08
    6  SV        1  p[16x1x346]+v[16x346x128]->y[16x1x128]              0.026ms     1.417 M      0.05    1.37 MiB     54.64
    7  Add      -1  a[1x4096]+b[1x4096]->y[1x4096]                      0.018ms     4.096 K      0.00   24.00 KiB      1.38
    8  LN       -1  x[1x4096]+w[4096]->y[1x4096]                        0.064ms    20.480 K      0.00   24.00 KiB      0.38
    9  SwiGLU    0  a[1x5504]+b[1x5504]->y[1x5504]                      0.025ms    33.024 K      0.00   32.25 KiB      1.34
   10  SwiGLU    1  a[1x5504]+b[1x5504]->y[1x5504]                      0.022ms    33.024 K      0.00   32.25 KiB      1.52
   11  Add      -1  a[1x4096]+b[1x4096]->y[1x4096]                      0.016ms     4.096 K      0.00   24.00 KiB      1.56
[gpu-debug] segment avg latency (cuda_events): 0.257 ms
[gpu-debug] sum(per-op)               : 0.390 ms (ratio=1.520)
[gpu-debug] NOTE: sum(per-op) may differ from segment latency due to Python overhead, event/launch overhead, and allocator/cache effects.
[gpu-debug] cuda mem before warmup: alloc=2.15 GiB reserved=2.26 GiB
[gpu-debug] cuda mem after warmup : alloc=2.16 GiB reserved=2.26 GiB
[gpu-debug] cuda mem peak (this segment): max_alloc=2.16 GiB max_reserved=2.26 GiB
========================================================================================
[gpu-debug] segment_key=npu|decode|90|48322b0ab0207f84448cb08e6eac5594
[gpu-debug] sig: device_type=npu phase=decode step=90 (count_hint=32)
[gpu-debug] ops_repr: LN:-1,QK:0,QK:1,Softmax:0,Softmax:1,SV:0,SV:1,Add:-1,LN:-1,SwiGLU:0,SwiGLU:1,Add:-1
[gpu-debug] cfg: device=cuda dtype=torch.bfloat16 dim=4096 ffn_dim=11008 n_heads=32 shards=2
[gpu-debug] op plan (with inferred tensor shapes):
  - op#00  op=LN       shard=-1  x=[1x4096] + w=[4096]  ->  y=[1x4096]  (T=1, K=1330)
  - op#01  op=QK       shard=0   q=[16x1x128] + k=[16x128x1330]  ->  y=[16x1x1330]  (T=1, K=1330)
  - op#02  op=QK       shard=1   q=[16x1x128] + k=[16x128x1330]  ->  y=[16x1x1330]  (T=1, K=1330)
  - op#03  op=Softmax  shard=0   scores=[16x1x1330]  ->  y=[16x1x1330]  (T=1, K=1330)
  - op#04  op=Softmax  shard=1   scores=[16x1x1330]  ->  y=[16x1x1330]  (T=1, K=1330)
  - op#05  op=SV       shard=0   p=[16x1x1330] + v=[16x1330x128]  ->  y=[16x1x128]  (T=1, K=1330)
  - op#06  op=SV       shard=1   p=[16x1x1330] + v=[16x1330x128]  ->  y=[16x1x128]  (T=1, K=1330)
  - op#07  op=Add      shard=-1  a=[1x4096] + b=[1x4096]  ->  y=[1x4096]  (T=1, K=1330)
  - op#08  op=LN       shard=-1  x=[1x4096] + w=[4096]  ->  y=[1x4096]  (T=1, K=1330)
  - op#09  op=SwiGLU   shard=0   a=[1x5504] + b=[1x5504]  ->  y=[1x5504]  (T=1, K=1330)
  - op#10  op=SwiGLU   shard=1   a=[1x5504] + b=[1x5504]  ->  y=[1x5504]  (T=1, K=1330)
  - op#11  op=Add      shard=-1  a=[1x4096] + b=[1x4096]  ->  y=[1x4096]  (T=1, K=1330)
[gpu-debug] per-op timing breakdown (avg over iters):
  idx  op       sh  io                                                    time   est_flops    TFLOPs       bytes      GB/s
  ------------------------------------------------------------------------------------------------------------------------
    0  LN       -1  x[1x4096]+w[4096]->y[1x4096]                        0.063ms    20.480 K      0.00   24.00 KiB      0.39
    1  QK        0  q[16x1x128]+k[16x128x1330]->y[16x1x1330]            0.052ms     5.448 M      0.10    5.24 MiB    105.83
    2  QK        1  q[16x1x128]+k[16x128x1330]->y[16x1x1330]            0.042ms     5.448 M      0.13    5.24 MiB    129.60
    3  Softmax   0  scores[16x1x1330]->y[16x1x1330]                     0.020ms   106.400 K      0.01   83.12 KiB      4.26
    4  Softmax   1  scores[16x1x1330]->y[16x1x1330]                     0.016ms   106.400 K      0.01   83.12 KiB      5.20
    5  SV        0  p[16x1x1330]+v[16x1330x128]->y[16x1x128]            0.031ms     5.448 M      0.17    5.24 MiB    174.77
    6  SV        1  p[16x1x1330]+v[16x1330x128]->y[16x1x128]            0.029ms     5.448 M      0.19    5.24 MiB    191.63
    7  Add      -1  a[1x4096]+b[1x4096]->y[1x4096]                      0.020ms     4.096 K      0.00   24.00 KiB      1.21
    8  LN       -1  x[1x4096]+w[4096]->y[1x4096]                        0.064ms    20.480 K      0.00   24.00 KiB      0.38
    9  SwiGLU    0  a[1x5504]+b[1x5504]->y[1x5504]                      0.024ms    33.024 K      0.00   32.25 KiB      1.35
   10  SwiGLU    1  a[1x5504]+b[1x5504]->y[1x5504]                      0.022ms    33.024 K      0.00   32.25 KiB      1.52
   11  Add      -1  a[1x4096]+b[1x4096]->y[1x4096]                      0.016ms     4.096 K      0.00   24.00 KiB      1.56
[gpu-debug] segment avg latency (cuda_events): 0.259 ms
[gpu-debug] sum(per-op)               : 0.400 ms (ratio=1.548)
[gpu-debug] NOTE: sum(per-op) may differ from segment latency due to Python overhead, event/launch overhead, and allocator/cache effects.
[gpu-debug] cuda mem before warmup: alloc=2.16 GiB reserved=2.26 GiB
[gpu-debug] cuda mem after warmup : alloc=2.17 GiB reserved=2.28 GiB
[gpu-debug] cuda mem peak (this segment): max_alloc=2.17 GiB max_reserved=2.28 GiB
========================================================================================
[gpu-debug] segment_key=npu|decode|91|48322b0ab0207f84448cb08e6eac5594
[gpu-debug] sig: device_type=npu phase=decode step=91 (count_hint=32)
[gpu-debug] ops_repr: LN:-1,QK:0,QK:1,Softmax:0,Softmax:1,SV:0,SV:1,Add:-1,LN:-1,SwiGLU:0,SwiGLU:1,Add:-1
[gpu-debug] cfg: device=cuda dtype=torch.bfloat16 dim=4096 ffn_dim=11008 n_heads=32 shards=2
[gpu-debug] op plan (with inferred tensor shapes):
  - op#00  op=LN       shard=-1  x=[1x4096] + w=[4096]  ->  y=[1x4096]  (T=1, K=1342)
  - op#01  op=QK       shard=0   q=[16x1x128] + k=[16x128x1342]  ->  y=[16x1x1342]  (T=1, K=1342)
  - op#02  op=QK       shard=1   q=[16x1x128] + k=[16x128x1342]  ->  y=[16x1x1342]  (T=1, K=1342)
  - op#03  op=Softmax  shard=0   scores=[16x1x1342]  ->  y=[16x1x1342]  (T=1, K=1342)
  - op#04  op=Softmax  shard=1   scores=[16x1x1342]  ->  y=[16x1x1342]  (T=1, K=1342)
  - op#05  op=SV       shard=0   p=[16x1x1342] + v=[16x1342x128]  ->  y=[16x1x128]  (T=1, K=1342)
  - op#06  op=SV       shard=1   p=[16x1x1342] + v=[16x1342x128]  ->  y=[16x1x128]  (T=1, K=1342)
  - op#07  op=Add      shard=-1  a=[1x4096] + b=[1x4096]  ->  y=[1x4096]  (T=1, K=1342)
  - op#08  op=LN       shard=-1  x=[1x4096] + w=[4096]  ->  y=[1x4096]  (T=1, K=1342)
  - op#09  op=SwiGLU   shard=0   a=[1x5504] + b=[1x5504]  ->  y=[1x5504]  (T=1, K=1342)
  - op#10  op=SwiGLU   shard=1   a=[1x5504] + b=[1x5504]  ->  y=[1x5504]  (T=1, K=1342)
  - op#11  op=Add      shard=-1  a=[1x4096] + b=[1x4096]  ->  y=[1x4096]  (T=1, K=1342)
[gpu-debug] per-op timing breakdown (avg over iters):
  idx  op       sh  io                                                    time   est_flops    TFLOPs       bytes      GB/s
  ------------------------------------------------------------------------------------------------------------------------
    0  LN       -1  x[1x4096]+w[4096]->y[1x4096]                        0.062ms    20.480 K      0.00   24.00 KiB      0.39
    1  QK        0  q[16x1x128]+k[16x128x1342]->y[16x1x1342]            0.051ms     5.497 M      0.11    5.29 MiB    109.37
    2  QK        1  q[16x1x128]+k[16x128x1342]->y[16x1x1342]            0.045ms     5.497 M      0.12    5.29 MiB    124.46
    3  Softmax   0  scores[16x1x1342]->y[16x1x1342]                     0.020ms   107.360 K      0.01   83.88 KiB      4.30
    4  Softmax   1  scores[16x1x1342]->y[16x1x1342]                     0.017ms   107.360 K      0.01   83.88 KiB      5.11
    5  SV        0  p[16x1x1342]+v[16x1342x128]->y[16x1x128]            0.032ms     5.497 M      0.17    5.29 MiB    170.79
    6  SV        1  p[16x1x1342]+v[16x1342x128]->y[16x1x128]            0.030ms     5.497 M      0.18    5.29 MiB    183.52
    7  Add      -1  a[1x4096]+b[1x4096]->y[1x4096]                      0.018ms     4.096 K      0.00   24.00 KiB      1.36
    8  LN       -1  x[1x4096]+w[4096]->y[1x4096]                        0.064ms    20.480 K      0.00   24.00 KiB      0.38
    9  SwiGLU    0  a[1x5504]+b[1x5504]->y[1x5504]                      0.025ms    33.024 K      0.00   32.25 KiB      1.33
   10  SwiGLU    1  a[1x5504]+b[1x5504]->y[1x5504]                      0.022ms    33.024 K      0.00   32.25 KiB      1.53
   11  Add      -1  a[1x4096]+b[1x4096]->y[1x4096]                      0.016ms     4.096 K      0.00   24.00 KiB      1.56
[gpu-debug] segment avg latency (cuda_events): 0.258 ms
[gpu-debug] sum(per-op)               : 0.402 ms (ratio=1.556)
[gpu-debug] NOTE: sum(per-op) may differ from segment latency due to Python overhead, event/launch overhead, and allocator/cache effects.
[gpu-debug] cuda mem before warmup: alloc=2.17 GiB reserved=2.28 GiB
[gpu-debug] cuda mem after warmup : alloc=2.18 GiB reserved=2.28 GiB
[gpu-debug] cuda mem peak (this segment): max_alloc=2.18 GiB max_reserved=2.28 GiB
========================================================================================
[gpu-debug] segment_key=npu|decode|92|48322b0ab0207f84448cb08e6eac5594
[gpu-debug] sig: device_type=npu phase=decode step=92 (count_hint=32)
[gpu-debug] ops_repr: LN:-1,QK:0,QK:1,Softmax:0,Softmax:1,SV:0,SV:1,Add:-1,LN:-1,SwiGLU:0,SwiGLU:1,Add:-1
[gpu-debug] cfg: device=cuda dtype=torch.bfloat16 dim=4096 ffn_dim=11008 n_heads=32 shards=2
[gpu-debug] op plan (with inferred tensor shapes):
  - op#00  op=LN       shard=-1  x=[1x4096] + w=[4096]  ->  y=[1x4096]  (T=1, K=1354)
  - op#01  op=QK       shard=0   q=[16x1x128] + k=[16x128x1354]  ->  y=[16x1x1354]  (T=1, K=1354)
  - op#02  op=QK       shard=1   q=[16x1x128] + k=[16x128x1354]  ->  y=[16x1x1354]  (T=1, K=1354)
  - op#03  op=Softmax  shard=0   scores=[16x1x1354]  ->  y=[16x1x1354]  (T=1, K=1354)
  - op#04  op=Softmax  shard=1   scores=[16x1x1354]  ->  y=[16x1x1354]  (T=1, K=1354)
  - op#05  op=SV       shard=0   p=[16x1x1354] + v=[16x1354x128]  ->  y=[16x1x128]  (T=1, K=1354)
  - op#06  op=SV       shard=1   p=[16x1x1354] + v=[16x1354x128]  ->  y=[16x1x128]  (T=1, K=1354)
  - op#07  op=Add      shard=-1  a=[1x4096] + b=[1x4096]  ->  y=[1x4096]  (T=1, K=1354)
  - op#08  op=LN       shard=-1  x=[1x4096] + w=[4096]  ->  y=[1x4096]  (T=1, K=1354)
  - op#09  op=SwiGLU   shard=0   a=[1x5504] + b=[1x5504]  ->  y=[1x5504]  (T=1, K=1354)
  - op#10  op=SwiGLU   shard=1   a=[1x5504] + b=[1x5504]  ->  y=[1x5504]  (T=1, K=1354)
  - op#11  op=Add      shard=-1  a=[1x4096] + b=[1x4096]  ->  y=[1x4096]  (T=1, K=1354)
[gpu-debug] per-op timing breakdown (avg over iters):
  idx  op       sh  io                                                    time   est_flops    TFLOPs       bytes      GB/s
  ------------------------------------------------------------------------------------------------------------------------
    0  LN       -1  x[1x4096]+w[4096]->y[1x4096]                        0.062ms    20.480 K      0.00   24.00 KiB      0.39
    1  QK        0  q[16x1x128]+k[16x128x1354]->y[16x1x1354]            0.052ms     5.546 M      0.11    5.33 MiB    108.38
    2  QK        1  q[16x1x128]+k[16x128x1354]->y[16x1x1354]            0.042ms     5.546 M      0.13    5.33 MiB    134.21
    3  Softmax   0  scores[16x1x1354]->y[16x1x1354]                     0.020ms   108.320 K      0.01   84.62 KiB      4.32
    4  Softmax   1  scores[16x1x1354]->y[16x1x1354]                     0.016ms   108.320 K      0.01   84.62 KiB      5.26
    5  SV        0  p[16x1x1354]+v[16x1354x128]->y[16x1x128]            0.031ms     5.546 M      0.18    5.33 MiB    180.87
    6  SV        1  p[16x1x1354]+v[16x1354x128]->y[16x1x128]            0.029ms     5.546 M      0.19    5.33 MiB    193.70
    7  Add      -1  a[1x4096]+b[1x4096]->y[1x4096]                      0.018ms     4.096 K      0.00   24.00 KiB      1.36
    8  LN       -1  x[1x4096]+w[4096]->y[1x4096]                        0.067ms    20.480 K      0.00   24.00 KiB      0.37
    9  SwiGLU    0  a[1x5504]+b[1x5504]->y[1x5504]                      0.025ms    33.024 K      0.00   32.25 KiB      1.34
   10  SwiGLU    1  a[1x5504]+b[1x5504]->y[1x5504]                      0.021ms    33.024 K      0.00   32.25 KiB      1.54
   11  Add      -1  a[1x4096]+b[1x4096]->y[1x4096]                      0.016ms     4.096 K      0.00   24.00 KiB      1.54
[gpu-debug] segment avg latency (cuda_events): 0.259 ms
[gpu-debug] sum(per-op)               : 0.399 ms (ratio=1.539)
[gpu-debug] NOTE: sum(per-op) may differ from segment latency due to Python overhead, event/launch overhead, and allocator/cache effects.
[gpu-debug] cuda mem before warmup: alloc=2.18 GiB reserved=2.28 GiB
[gpu-debug] cuda mem after warmup : alloc=2.19 GiB reserved=2.29 GiB
[gpu-debug] cuda mem peak (this segment): max_alloc=2.19 GiB max_reserved=2.29 GiB
========================================================================================
[gpu-debug] segment_key=npu|decode|93|48322b0ab0207f84448cb08e6eac5594
[gpu-debug] sig: device_type=npu phase=decode step=93 (count_hint=32)
[gpu-debug] ops_repr: LN:-1,QK:0,QK:1,Softmax:0,Softmax:1,SV:0,SV:1,Add:-1,LN:-1,SwiGLU:0,SwiGLU:1,Add:-1
[gpu-debug] cfg: device=cuda dtype=torch.bfloat16 dim=4096 ffn_dim=11008 n_heads=32 shards=2
[gpu-debug] op plan (with inferred tensor shapes):
  - op#00  op=LN       shard=-1  x=[1x4096] + w=[4096]  ->  y=[1x4096]  (T=1, K=1366)
  - op#01  op=QK       shard=0   q=[16x1x128] + k=[16x128x1366]  ->  y=[16x1x1366]  (T=1, K=1366)
  - op#02  op=QK       shard=1   q=[16x1x128] + k=[16x128x1366]  ->  y=[16x1x1366]  (T=1, K=1366)
  - op#03  op=Softmax  shard=0   scores=[16x1x1366]  ->  y=[16x1x1366]  (T=1, K=1366)
  - op#04  op=Softmax  shard=1   scores=[16x1x1366]  ->  y=[16x1x1366]  (T=1, K=1366)
  - op#05  op=SV       shard=0   p=[16x1x1366] + v=[16x1366x128]  ->  y=[16x1x128]  (T=1, K=1366)
  - op#06  op=SV       shard=1   p=[16x1x1366] + v=[16x1366x128]  ->  y=[16x1x128]  (T=1, K=1366)
  - op#07  op=Add      shard=-1  a=[1x4096] + b=[1x4096]  ->  y=[1x4096]  (T=1, K=1366)
  - op#08  op=LN       shard=-1  x=[1x4096] + w=[4096]  ->  y=[1x4096]  (T=1, K=1366)
  - op#09  op=SwiGLU   shard=0   a=[1x5504] + b=[1x5504]  ->  y=[1x5504]  (T=1, K=1366)
  - op#10  op=SwiGLU   shard=1   a=[1x5504] + b=[1x5504]  ->  y=[1x5504]  (T=1, K=1366)
  - op#11  op=Add      shard=-1  a=[1x4096] + b=[1x4096]  ->  y=[1x4096]  (T=1, K=1366)
[gpu-debug] per-op timing breakdown (avg over iters):
  idx  op       sh  io                                                    time   est_flops    TFLOPs       bytes      GB/s
  ------------------------------------------------------------------------------------------------------------------------
    0  LN       -1  x[1x4096]+w[4096]->y[1x4096]                        0.065ms    20.480 K      0.00   24.00 KiB      0.38
    1  QK        0  q[16x1x128]+k[16x128x1366]->y[16x1x1366]            0.052ms     5.595 M      0.11    5.38 MiB    109.34
    2  QK        1  q[16x1x128]+k[16x128x1366]->y[16x1x1366]            0.042ms     5.595 M      0.13    5.38 MiB    135.40
    3  Softmax   0  scores[16x1x1366]->y[16x1x1366]                     0.019ms   109.280 K      0.01   85.38 KiB      4.49
    4  Softmax   1  scores[16x1x1366]->y[16x1x1366]                     0.017ms   109.280 K      0.01   85.38 KiB      5.24
    5  SV        0  p[16x1x1366]+v[16x1366x128]->y[16x1x128]            0.031ms     5.595 M      0.18    5.38 MiB    183.69
    6  SV        1  p[16x1x1366]+v[16x1366x128]->y[16x1x128]            0.029ms     5.595 M      0.19    5.38 MiB    196.11
    7  Add      -1  a[1x4096]+b[1x4096]->y[1x4096]                      0.018ms     4.096 K      0.00   24.00 KiB      1.36
    8  LN       -1  x[1x4096]+w[4096]->y[1x4096]                        0.064ms    20.480 K      0.00   24.00 KiB      0.38
    9  SwiGLU    0  a[1x5504]+b[1x5504]->y[1x5504]                      0.025ms    33.024 K      0.00   32.25 KiB      1.33
   10  SwiGLU    1  a[1x5504]+b[1x5504]->y[1x5504]                      0.022ms    33.024 K      0.00   32.25 KiB      1.52
   11  Add      -1  a[1x4096]+b[1x4096]->y[1x4096]                      0.016ms     4.096 K      0.00   24.00 KiB      1.56
[gpu-debug] segment avg latency (cuda_events): 0.259 ms
[gpu-debug] sum(per-op)               : 0.399 ms (ratio=1.542)
[gpu-debug] NOTE: sum(per-op) may differ from segment latency due to Python overhead, event/launch overhead, and allocator/cache effects.
[gpu-debug] cuda mem before warmup: alloc=2.19 GiB reserved=2.29 GiB
[gpu-debug] cuda mem after warmup : alloc=2.20 GiB reserved=2.31 GiB
[gpu-debug] cuda mem peak (this segment): max_alloc=2.20 GiB max_reserved=2.31 GiB
========================================================================================
[gpu-debug] segment_key=npu|decode|94|48322b0ab0207f84448cb08e6eac5594
[gpu-debug] sig: device_type=npu phase=decode step=94 (count_hint=32)
[gpu-debug] ops_repr: LN:-1,QK:0,QK:1,Softmax:0,Softmax:1,SV:0,SV:1,Add:-1,LN:-1,SwiGLU:0,SwiGLU:1,Add:-1
[gpu-debug] cfg: device=cuda dtype=torch.bfloat16 dim=4096 ffn_dim=11008 n_heads=32 shards=2
[gpu-debug] op plan (with inferred tensor shapes):
  - op#00  op=LN       shard=-1  x=[1x4096] + w=[4096]  ->  y=[1x4096]  (T=1, K=1378)
  - op#01  op=QK       shard=0   q=[16x1x128] + k=[16x128x1378]  ->  y=[16x1x1378]  (T=1, K=1378)
  - op#02  op=QK       shard=1   q=[16x1x128] + k=[16x128x1378]  ->  y=[16x1x1378]  (T=1, K=1378)
  - op#03  op=Softmax  shard=0   scores=[16x1x1378]  ->  y=[16x1x1378]  (T=1, K=1378)
  - op#04  op=Softmax  shard=1   scores=[16x1x1378]  ->  y=[16x1x1378]  (T=1, K=1378)
  - op#05  op=SV       shard=0   p=[16x1x1378] + v=[16x1378x128]  ->  y=[16x1x128]  (T=1, K=1378)
  - op#06  op=SV       shard=1   p=[16x1x1378] + v=[16x1378x128]  ->  y=[16x1x128]  (T=1, K=1378)
  - op#07  op=Add      shard=-1  a=[1x4096] + b=[1x4096]  ->  y=[1x4096]  (T=1, K=1378)
  - op#08  op=LN       shard=-1  x=[1x4096] + w=[4096]  ->  y=[1x4096]  (T=1, K=1378)
  - op#09  op=SwiGLU   shard=0   a=[1x5504] + b=[1x5504]  ->  y=[1x5504]  (T=1, K=1378)
  - op#10  op=SwiGLU   shard=1   a=[1x5504] + b=[1x5504]  ->  y=[1x5504]  (T=1, K=1378)
  - op#11  op=Add      shard=-1  a=[1x4096] + b=[1x4096]  ->  y=[1x4096]  (T=1, K=1378)
[gpu-debug] per-op timing breakdown (avg over iters):
  idx  op       sh  io                                                    time   est_flops    TFLOPs       bytes      GB/s
  ------------------------------------------------------------------------------------------------------------------------
    0  LN       -1  x[1x4096]+w[4096]->y[1x4096]                        0.063ms    20.480 K      0.00   24.00 KiB      0.39
    1  QK        0  q[16x1x128]+k[16x128x1378]->y[16x1x1378]            0.051ms     5.644 M      0.11    5.43 MiB    111.18
    2  QK        1  q[16x1x128]+k[16x128x1378]->y[16x1x1378]            0.042ms     5.644 M      0.14    5.43 MiB    136.59
    3  Softmax   0  scores[16x1x1378]->y[16x1x1378]                     0.020ms   110.240 K      0.01   86.12 KiB      4.46
    4  Softmax   1  scores[16x1x1378]->y[16x1x1378]                     0.016ms   110.240 K      0.01   86.12 KiB      5.38
    5  SV        0  p[16x1x1378]+v[16x1378x128]->y[16x1x128]            0.031ms     5.644 M      0.18    5.43 MiB    182.26
    6  SV        1  p[16x1x1378]+v[16x1378x128]->y[16x1x128]            0.029ms     5.644 M      0.20    5.43 MiB    197.83
    7  Add      -1  a[1x4096]+b[1x4096]->y[1x4096]                      0.018ms     4.096 K      0.00   24.00 KiB      1.36
    8  LN       -1  x[1x4096]+w[4096]->y[1x4096]                        0.064ms    20.480 K      0.00   24.00 KiB      0.38
    9  SwiGLU    0  a[1x5504]+b[1x5504]->y[1x5504]                      0.025ms    33.024 K      0.00   32.25 KiB      1.34
   10  SwiGLU    1  a[1x5504]+b[1x5504]->y[1x5504]                      0.024ms    33.024 K      0.00   32.25 KiB      1.40
   11  Add      -1  a[1x4096]+b[1x4096]->y[1x4096]                      0.016ms     4.096 K      0.00   24.00 KiB      1.53
[gpu-debug] segment avg latency (cuda_events): 0.258 ms
[gpu-debug] sum(per-op)               : 0.398 ms (ratio=1.542)
[gpu-debug] NOTE: sum(per-op) may differ from segment latency due to Python overhead, event/launch overhead, and allocator/cache effects.
[gpu-debug] cuda mem before warmup: alloc=2.20 GiB reserved=2.31 GiB
[gpu-debug] cuda mem after warmup : alloc=2.21 GiB reserved=2.31 GiB
[gpu-debug] cuda mem peak (this segment): max_alloc=2.21 GiB max_reserved=2.31 GiB
========================================================================================
[gpu-debug] segment_key=npu|decode|95|48322b0ab0207f84448cb08e6eac5594
[gpu-debug] sig: device_type=npu phase=decode step=95 (count_hint=32)
[gpu-debug] ops_repr: LN:-1,QK:0,QK:1,Softmax:0,Softmax:1,SV:0,SV:1,Add:-1,LN:-1,SwiGLU:0,SwiGLU:1,Add:-1
[gpu-debug] cfg: device=cuda dtype=torch.bfloat16 dim=4096 ffn_dim=11008 n_heads=32 shards=2
[gpu-debug] op plan (with inferred tensor shapes):
  - op#00  op=LN       shard=-1  x=[1x4096] + w=[4096]  ->  y=[1x4096]  (T=1, K=1390)
  - op#01  op=QK       shard=0   q=[16x1x128] + k=[16x128x1390]  ->  y=[16x1x1390]  (T=1, K=1390)
  - op#02  op=QK       shard=1   q=[16x1x128] + k=[16x128x1390]  ->  y=[16x1x1390]  (T=1, K=1390)
  - op#03  op=Softmax  shard=0   scores=[16x1x1390]  ->  y=[16x1x1390]  (T=1, K=1390)
  - op#04  op=Softmax  shard=1   scores=[16x1x1390]  ->  y=[16x1x1390]  (T=1, K=1390)
  - op#05  op=SV       shard=0   p=[16x1x1390] + v=[16x1390x128]  ->  y=[16x1x128]  (T=1, K=1390)
  - op#06  op=SV       shard=1   p=[16x1x1390] + v=[16x1390x128]  ->  y=[16x1x128]  (T=1, K=1390)
  - op#07  op=Add      shard=-1  a=[1x4096] + b=[1x4096]  ->  y=[1x4096]  (T=1, K=1390)
  - op#08  op=LN       shard=-1  x=[1x4096] + w=[4096]  ->  y=[1x4096]  (T=1, K=1390)
  - op#09  op=SwiGLU   shard=0   a=[1x5504] + b=[1x5504]  ->  y=[1x5504]  (T=1, K=1390)
  - op#10  op=SwiGLU   shard=1   a=[1x5504] + b=[1x5504]  ->  y=[1x5504]  (T=1, K=1390)
  - op#11  op=Add      shard=-1  a=[1x4096] + b=[1x4096]  ->  y=[1x4096]  (T=1, K=1390)
[gpu-debug] per-op timing breakdown (avg over iters):
  idx  op       sh  io                                                    time   est_flops    TFLOPs       bytes      GB/s
  ------------------------------------------------------------------------------------------------------------------------
    0  LN       -1  x[1x4096]+w[4096]->y[1x4096]                        0.063ms    20.480 K      0.00   24.00 KiB      0.39
    1  QK        0  q[16x1x128]+k[16x128x1390]->y[16x1x1390]            0.051ms     5.693 M      0.11    5.48 MiB    113.28
    2  QK        1  q[16x1x128]+k[16x128x1390]->y[16x1x1390]            0.044ms     5.693 M      0.13    5.48 MiB    131.01
    3  Softmax   0  scores[16x1x1390]->y[16x1x1390]                     0.020ms   111.200 K      0.01   86.88 KiB      4.43
    4  Softmax   1  scores[16x1x1390]->y[16x1x1390]                     0.017ms   111.200 K      0.01   86.88 KiB      5.36
    5  SV        0  p[16x1x1390]+v[16x1390x128]->y[16x1x128]            0.032ms     5.693 M      0.18    5.48 MiB    180.30
    6  SV        1  p[16x1x1390]+v[16x1390x128]->y[16x1x128]            0.029ms     5.693 M      0.19    5.48 MiB    194.70
    7  Add      -1  a[1x4096]+b[1x4096]->y[1x4096]                      0.018ms     4.096 K      0.00   24.00 KiB      1.36
    8  LN       -1  x[1x4096]+w[4096]->y[1x4096]                        0.065ms    20.480 K      0.00   24.00 KiB      0.38
    9  SwiGLU    0  a[1x5504]+b[1x5504]->y[1x5504]                      0.025ms    33.024 K      0.00   32.25 KiB      1.32
   10  SwiGLU    1  a[1x5504]+b[1x5504]->y[1x5504]                      0.022ms    33.024 K      0.00   32.25 KiB      1.51
   11  Add      -1  a[1x4096]+b[1x4096]->y[1x4096]                      0.016ms     4.096 K      0.00   24.00 KiB      1.54
[gpu-debug] segment avg latency (cuda_events): 0.258 ms
[gpu-debug] sum(per-op)               : 0.402 ms (ratio=1.553)
[gpu-debug] NOTE: sum(per-op) may differ from segment latency due to Python overhead, event/launch overhead, and allocator/cache effects.
[gpu-debug] cuda mem before warmup: alloc=2.21 GiB reserved=2.31 GiB
[gpu-debug] cuda mem after warmup : alloc=2.22 GiB reserved=2.33 GiB
[gpu-debug] cuda mem peak (this segment): max_alloc=2.22 GiB max_reserved=2.33 GiB
========================================================================================
[gpu-debug] segment_key=npu|decode|96|48322b0ab0207f84448cb08e6eac5594
[gpu-debug] sig: device_type=npu phase=decode step=96 (count_hint=32)
[gpu-debug] ops_repr: LN:-1,QK:0,QK:1,Softmax:0,Softmax:1,SV:0,SV:1,Add:-1,LN:-1,SwiGLU:0,SwiGLU:1,Add:-1
[gpu-debug] cfg: device=cuda dtype=torch.bfloat16 dim=4096 ffn_dim=11008 n_heads=32 shards=2
[gpu-debug] op plan (with inferred tensor shapes):
  - op#00  op=LN       shard=-1  x=[1x4096] + w=[4096]  ->  y=[1x4096]  (T=1, K=1402)
  - op#01  op=QK       shard=0   q=[16x1x128] + k=[16x128x1402]  ->  y=[16x1x1402]  (T=1, K=1402)
  - op#02  op=QK       shard=1   q=[16x1x128] + k=[16x128x1402]  ->  y=[16x1x1402]  (T=1, K=1402)
  - op#03  op=Softmax  shard=0   scores=[16x1x1402]  ->  y=[16x1x1402]  (T=1, K=1402)
  - op#04  op=Softmax  shard=1   scores=[16x1x1402]  ->  y=[16x1x1402]  (T=1, K=1402)
  - op#05  op=SV       shard=0   p=[16x1x1402] + v=[16x1402x128]  ->  y=[16x1x128]  (T=1, K=1402)
  - op#06  op=SV       shard=1   p=[16x1x1402] + v=[16x1402x128]  ->  y=[16x1x128]  (T=1, K=1402)
  - op#07  op=Add      shard=-1  a=[1x4096] + b=[1x4096]  ->  y=[1x4096]  (T=1, K=1402)
  - op#08  op=LN       shard=-1  x=[1x4096] + w=[4096]  ->  y=[1x4096]  (T=1, K=1402)
  - op#09  op=SwiGLU   shard=0   a=[1x5504] + b=[1x5504]  ->  y=[1x5504]  (T=1, K=1402)
  - op#10  op=SwiGLU   shard=1   a=[1x5504] + b=[1x5504]  ->  y=[1x5504]  (T=1, K=1402)
  - op#11  op=Add      shard=-1  a=[1x4096] + b=[1x4096]  ->  y=[1x4096]  (T=1, K=1402)
[gpu-debug] per-op timing breakdown (avg over iters):
  idx  op       sh  io                                                    time   est_flops    TFLOPs       bytes      GB/s
  ------------------------------------------------------------------------------------------------------------------------
    0  LN       -1  x[1x4096]+w[4096]->y[1x4096]                        0.063ms    20.480 K      0.00   24.00 KiB      0.39
    1  QK        0  q[16x1x128]+k[16x128x1402]->y[16x1x1402]            0.052ms     5.743 M      0.11    5.52 MiB    111.77
    2  QK        1  q[16x1x128]+k[16x128x1402]->y[16x1x1402]            0.042ms     5.743 M      0.14    5.52 MiB    137.61
    3  Softmax   0  scores[16x1x1402]->y[16x1x1402]                     0.020ms   112.160 K      0.01   87.62 KiB      4.54
    4  Softmax   1  scores[16x1x1402]->y[16x1x1402]                     0.016ms   112.160 K      0.01   87.62 KiB      5.44
    5  SV        0  p[16x1x1402]+v[16x1402x128]->y[16x1x128]            0.032ms     5.743 M      0.18    5.52 MiB    179.55
    6  SV        1  p[16x1x1402]+v[16x1402x128]->y[16x1x128]            0.030ms     5.743 M      0.19    5.52 MiB    195.03
    7  Add      -1  a[1x4096]+b[1x4096]->y[1x4096]                      0.019ms     4.096 K      0.00   24.00 KiB      1.26
    8  LN       -1  x[1x4096]+w[4096]->y[1x4096]                        0.066ms    20.480 K      0.00   24.00 KiB      0.37
    9  SwiGLU    0  a[1x5504]+b[1x5504]->y[1x5504]                      0.025ms    33.024 K      0.00   32.25 KiB      1.33
   10  SwiGLU    1  a[1x5504]+b[1x5504]->y[1x5504]                      0.022ms    33.024 K      0.00   32.25 KiB      1.52
   11  Add      -1  a[1x4096]+b[1x4096]->y[1x4096]                      0.016ms     4.096 K      0.00   24.00 KiB      1.57
[gpu-debug] segment avg latency (cuda_events): 0.258 ms
[gpu-debug] sum(per-op)               : 0.403 ms (ratio=1.559)
[gpu-debug] NOTE: sum(per-op) may differ from segment latency due to Python overhead, event/launch overhead, and allocator/cache effects.
[gpu-debug] cuda mem before warmup: alloc=2.22 GiB reserved=2.33 GiB
[gpu-debug] cuda mem after warmup : alloc=2.23 GiB reserved=2.35 GiB
[gpu-debug] cuda mem peak (this segment): max_alloc=2.23 GiB max_reserved=2.35 GiB
========================================================================================
[gpu-debug] segment_key=npu|decode|97|48322b0ab0207f84448cb08e6eac5594
[gpu-debug] sig: device_type=npu phase=decode step=97 (count_hint=32)
[gpu-debug] ops_repr: LN:-1,QK:0,QK:1,Softmax:0,Softmax:1,SV:0,SV:1,Add:-1,LN:-1,SwiGLU:0,SwiGLU:1,Add:-1
[gpu-debug] cfg: device=cuda dtype=torch.bfloat16 dim=4096 ffn_dim=11008 n_heads=32 shards=2
[gpu-debug] op plan (with inferred tensor shapes):
  - op#00  op=LN       shard=-1  x=[1x4096] + w=[4096]  ->  y=[1x4096]  (T=1, K=1414)
  - op#01  op=QK       shard=0   q=[16x1x128] + k=[16x128x1414]  ->  y=[16x1x1414]  (T=1, K=1414)
  - op#02  op=QK       shard=1   q=[16x1x128] + k=[16x128x1414]  ->  y=[16x1x1414]  (T=1, K=1414)
  - op#03  op=Softmax  shard=0   scores=[16x1x1414]  ->  y=[16x1x1414]  (T=1, K=1414)
  - op#04  op=Softmax  shard=1   scores=[16x1x1414]  ->  y=[16x1x1414]  (T=1, K=1414)
  - op#05  op=SV       shard=0   p=[16x1x1414] + v=[16x1414x128]  ->  y=[16x1x128]  (T=1, K=1414)
  - op#06  op=SV       shard=1   p=[16x1x1414] + v=[16x1414x128]  ->  y=[16x1x128]  (T=1, K=1414)
  - op#07  op=Add      shard=-1  a=[1x4096] + b=[1x4096]  ->  y=[1x4096]  (T=1, K=1414)
  - op#08  op=LN       shard=-1  x=[1x4096] + w=[4096]  ->  y=[1x4096]  (T=1, K=1414)
  - op#09  op=SwiGLU   shard=0   a=[1x5504] + b=[1x5504]  ->  y=[1x5504]  (T=1, K=1414)
  - op#10  op=SwiGLU   shard=1   a=[1x5504] + b=[1x5504]  ->  y=[1x5504]  (T=1, K=1414)
  - op#11  op=Add      shard=-1  a=[1x4096] + b=[1x4096]  ->  y=[1x4096]  (T=1, K=1414)
[gpu-debug] per-op timing breakdown (avg over iters):
  idx  op       sh  io                                                    time   est_flops    TFLOPs       bytes      GB/s
  ------------------------------------------------------------------------------------------------------------------------
    0  LN       -1  x[1x4096]+w[4096]->y[1x4096]                        0.063ms    20.480 K      0.00   24.00 KiB      0.39
    1  QK        0  q[16x1x128]+k[16x128x1414]->y[16x1x1414]            0.051ms     5.792 M      0.11    5.57 MiB    115.24
    2  QK        1  q[16x1x128]+k[16x128x1414]->y[16x1x1414]            0.044ms     5.792 M      0.13    5.57 MiB    133.28
    3  Softmax   0  scores[16x1x1414]->y[16x1x1414]                     0.020ms   113.120 K      0.01   88.38 KiB      4.44
    4  Softmax   1  scores[16x1x1414]->y[16x1x1414]                     0.017ms   113.120 K      0.01   88.38 KiB      5.39
    5  SV        0  p[16x1x1414]+v[16x1414x128]->y[16x1x128]            0.031ms     5.792 M      0.19    5.57 MiB    187.64
    6  SV        1  p[16x1x1414]+v[16x1414x128]->y[16x1x128]            0.029ms     5.792 M      0.20    5.57 MiB    203.00
    7  Add      -1  a[1x4096]+b[1x4096]->y[1x4096]                      0.018ms     4.096 K      0.00   24.00 KiB      1.36
    8  LN       -1  x[1x4096]+w[4096]->y[1x4096]                        0.065ms    20.480 K      0.00   24.00 KiB      0.38
    9  SwiGLU    0  a[1x5504]+b[1x5504]->y[1x5504]                      0.025ms    33.024 K      0.00   32.25 KiB      1.33
   10  SwiGLU    1  a[1x5504]+b[1x5504]->y[1x5504]                      0.022ms    33.024 K      0.00   32.25 KiB      1.50
   11  Add      -1  a[1x4096]+b[1x4096]->y[1x4096]                      0.016ms     4.096 K      0.00   24.00 KiB      1.51
[gpu-debug] segment avg latency (cuda_events): 0.260 ms
[gpu-debug] sum(per-op)               : 0.400 ms (ratio=1.540)
[gpu-debug] NOTE: sum(per-op) may differ from segment latency due to Python overhead, event/launch overhead, and allocator/cache effects.
[gpu-debug] cuda mem before warmup: alloc=2.23 GiB reserved=2.35 GiB
[gpu-debug] cuda mem after warmup : alloc=2.24 GiB reserved=2.35 GiB
[gpu-debug] cuda mem peak (this segment): max_alloc=2.24 GiB max_reserved=2.35 GiB
========================================================================================
[gpu-debug] segment_key=npu|decode|98|48322b0ab0207f84448cb08e6eac5594
[gpu-debug] sig: device_type=npu phase=decode step=98 (count_hint=32)
[gpu-debug] ops_repr: LN:-1,QK:0,QK:1,Softmax:0,Softmax:1,SV:0,SV:1,Add:-1,LN:-1,SwiGLU:0,SwiGLU:1,Add:-1
[gpu-debug] cfg: device=cuda dtype=torch.bfloat16 dim=4096 ffn_dim=11008 n_heads=32 shards=2
[gpu-debug] op plan (with inferred tensor shapes):
  - op#00  op=LN       shard=-1  x=[1x4096] + w=[4096]  ->  y=[1x4096]  (T=1, K=1426)
  - op#01  op=QK       shard=0   q=[16x1x128] + k=[16x128x1426]  ->  y=[16x1x1426]  (T=1, K=1426)
  - op#02  op=QK       shard=1   q=[16x1x128] + k=[16x128x1426]  ->  y=[16x1x1426]  (T=1, K=1426)
  - op#03  op=Softmax  shard=0   scores=[16x1x1426]  ->  y=[16x1x1426]  (T=1, K=1426)
  - op#04  op=Softmax  shard=1   scores=[16x1x1426]  ->  y=[16x1x1426]  (T=1, K=1426)
  - op#05  op=SV       shard=0   p=[16x1x1426] + v=[16x1426x128]  ->  y=[16x1x128]  (T=1, K=1426)
  - op#06  op=SV       shard=1   p=[16x1x1426] + v=[16x1426x128]  ->  y=[16x1x128]  (T=1, K=1426)
  - op#07  op=Add      shard=-1  a=[1x4096] + b=[1x4096]  ->  y=[1x4096]  (T=1, K=1426)
  - op#08  op=LN       shard=-1  x=[1x4096] + w=[4096]  ->  y=[1x4096]  (T=1, K=1426)
  - op#09  op=SwiGLU   shard=0   a=[1x5504] + b=[1x5504]  ->  y=[1x5504]  (T=1, K=1426)
  - op#10  op=SwiGLU   shard=1   a=[1x5504] + b=[1x5504]  ->  y=[1x5504]  (T=1, K=1426)
  - op#11  op=Add      shard=-1  a=[1x4096] + b=[1x4096]  ->  y=[1x4096]  (T=1, K=1426)
[gpu-debug] per-op timing breakdown (avg over iters):
  idx  op       sh  io                                                    time   est_flops    TFLOPs       bytes      GB/s
  ------------------------------------------------------------------------------------------------------------------------
    0  LN       -1  x[1x4096]+w[4096]->y[1x4096]                        0.063ms    20.480 K      0.00   24.00 KiB      0.39
    1  QK        0  q[16x1x128]+k[16x128x1426]->y[16x1x1426]            0.052ms     5.841 M      0.11    5.62 MiB    113.46
    2  QK        1  q[16x1x128]+k[16x128x1426]->y[16x1x1426]            0.042ms     5.841 M      0.14    5.62 MiB    139.63
    3  Softmax   0  scores[16x1x1426]->y[16x1x1426]                     0.020ms   114.080 K      0.01   89.12 KiB      4.55
    4  Softmax   1  scores[16x1x1426]->y[16x1x1426]                     0.017ms   114.080 K      0.01   89.12 KiB      5.43
    5  SV        0  p[16x1x1426]+v[16x1426x128]->y[16x1x128]            0.031ms     5.841 M      0.19    5.62 MiB    187.99
    6  SV        1  p[16x1x1426]+v[16x1426x128]->y[16x1x128]            0.029ms     5.841 M      0.20    5.62 MiB    203.27
    7  Add      -1  a[1x4096]+b[1x4096]->y[1x4096]                      0.018ms     4.096 K      0.00   24.00 KiB      1.33
    8  LN       -1  x[1x4096]+w[4096]->y[1x4096]                        0.067ms    20.480 K      0.00   24.00 KiB      0.37
    9  SwiGLU    0  a[1x5504]+b[1x5504]->y[1x5504]                      0.025ms    33.024 K      0.00   32.25 KiB      1.33
   10  SwiGLU    1  a[1x5504]+b[1x5504]->y[1x5504]                      0.022ms    33.024 K      0.00   32.25 KiB      1.51
   11  Add      -1  a[1x4096]+b[1x4096]->y[1x4096]                      0.016ms     4.096 K      0.00   24.00 KiB      1.58
[gpu-debug] segment avg latency (cuda_events): 0.259 ms
[gpu-debug] sum(per-op)               : 0.402 ms (ratio=1.553)
[gpu-debug] NOTE: sum(per-op) may differ from segment latency due to Python overhead, event/launch overhead, and allocator/cache effects.
[gpu-debug] cuda mem before warmup: alloc=2.24 GiB reserved=2.35 GiB
[gpu-debug] cuda mem after warmup : alloc=2.25 GiB reserved=2.37 GiB
[gpu-debug] cuda mem peak (this segment): max_alloc=2.25 GiB max_reserved=2.37 GiB
========================================================================================
[gpu-debug] segment_key=npu|decode|99|48322b0ab0207f84448cb08e6eac5594
[gpu-debug] sig: device_type=npu phase=decode step=99 (count_hint=32)
[gpu-debug] ops_repr: LN:-1,QK:0,QK:1,Softmax:0,Softmax:1,SV:0,SV:1,Add:-1,LN:-1,SwiGLU:0,SwiGLU:1,Add:-1
[gpu-debug] cfg: device=cuda dtype=torch.bfloat16 dim=4096 ffn_dim=11008 n_heads=32 shards=2
[gpu-debug] op plan (with inferred tensor shapes):
  - op#00  op=LN       shard=-1  x=[1x4096] + w=[4096]  ->  y=[1x4096]  (T=1, K=1438)
  - op#01  op=QK       shard=0   q=[16x1x128] + k=[16x128x1438]  ->  y=[16x1x1438]  (T=1, K=1438)
  - op#02  op=QK       shard=1   q=[16x1x128] + k=[16x128x1438]  ->  y=[16x1x1438]  (T=1, K=1438)
  - op#03  op=Softmax  shard=0   scores=[16x1x1438]  ->  y=[16x1x1438]  (T=1, K=1438)
  - op#04  op=Softmax  shard=1   scores=[16x1x1438]  ->  y=[16x1x1438]  (T=1, K=1438)
  - op#05  op=SV       shard=0   p=[16x1x1438] + v=[16x1438x128]  ->  y=[16x1x128]  (T=1, K=1438)
  - op#06  op=SV       shard=1   p=[16x1x1438] + v=[16x1438x128]  ->  y=[16x1x128]  (T=1, K=1438)
  - op#07  op=Add      shard=-1  a=[1x4096] + b=[1x4096]  ->  y=[1x4096]  (T=1, K=1438)
  - op#08  op=LN       shard=-1  x=[1x4096] + w=[4096]  ->  y=[1x4096]  (T=1, K=1438)
  - op#09  op=SwiGLU   shard=0   a=[1x5504] + b=[1x5504]  ->  y=[1x5504]  (T=1, K=1438)
  - op#10  op=SwiGLU   shard=1   a=[1x5504] + b=[1x5504]  ->  y=[1x5504]  (T=1, K=1438)
  - op#11  op=Add      shard=-1  a=[1x4096] + b=[1x4096]  ->  y=[1x4096]  (T=1, K=1438)
[gpu-debug] per-op timing breakdown (avg over iters):
  idx  op       sh  io                                                    time   est_flops    TFLOPs       bytes      GB/s
  ------------------------------------------------------------------------------------------------------------------------
    0  LN       -1  x[1x4096]+w[4096]->y[1x4096]                        0.066ms    20.480 K      0.00   24.00 KiB      0.37
    1  QK        0  q[16x1x128]+k[16x128x1438]->y[16x1x1438]            0.052ms     5.890 M      0.11    5.66 MiB    113.97
    2  QK        1  q[16x1x128]+k[16x128x1438]->y[16x1x1438]            0.042ms     5.890 M      0.14    5.66 MiB    140.80
    3  Softmax   0  scores[16x1x1438]->y[16x1x1438]                     0.020ms   115.040 K      0.01   89.88 KiB      4.68
    4  Softmax   1  scores[16x1x1438]->y[16x1x1438]                     0.017ms   115.040 K      0.01   89.88 KiB      5.41
    5  SV        0  p[16x1x1438]+v[16x1438x128]->y[16x1x128]            0.031ms     5.890 M      0.19    5.66 MiB    189.57
    6  SV        1  p[16x1x1438]+v[16x1438x128]->y[16x1x128]            0.029ms     5.890 M      0.20    5.66 MiB    202.83
    7  Add      -1  a[1x4096]+b[1x4096]->y[1x4096]                      0.018ms     4.096 K      0.00   24.00 KiB      1.34
    8  LN       -1  x[1x4096]+w[4096]->y[1x4096]                        0.064ms    20.480 K      0.00   24.00 KiB      0.38
    9  SwiGLU    0  a[1x5504]+b[1x5504]->y[1x5504]                      0.025ms    33.024 K      0.00   32.25 KiB      1.32
   10  SwiGLU    1  a[1x5504]+b[1x5504]->y[1x5504]                      0.022ms    33.024 K      0.00   32.25 KiB      1.49
   11  Add      -1  a[1x4096]+b[1x4096]->y[1x4096]                      0.016ms     4.096 K      0.00   24.00 KiB      1.58
[gpu-debug] segment avg latency (cuda_events): 0.258 ms
[gpu-debug] sum(per-op)               : 0.403 ms (ratio=1.558)
[gpu-debug] NOTE: sum(per-op) may differ from segment latency due to Python overhead, event/launch overhead, and allocator/cache effects.
[gpu-debug] cuda mem before warmup: alloc=2.25 GiB reserved=2.37 GiB
[gpu-debug] cuda mem after warmup : alloc=2.26 GiB reserved=2.39 GiB
[gpu-debug] cuda mem peak (this segment): max_alloc=2.26 GiB max_reserved=2.39 GiB
  progress 200/202
========================================================================================
[gpu-debug] segment_key=npu|decode|9|48322b0ab0207f84448cb08e6eac5594
[gpu-debug] sig: device_type=npu phase=decode step=9 (count_hint=32)
[gpu-debug] ops_repr: LN:-1,QK:0,QK:1,Softmax:0,Softmax:1,SV:0,SV:1,Add:-1,LN:-1,SwiGLU:0,SwiGLU:1,Add:-1
[gpu-debug] cfg: device=cuda dtype=torch.bfloat16 dim=4096 ffn_dim=11008 n_heads=32 shards=2
[gpu-debug] op plan (with inferred tensor shapes):
  - op#00  op=LN       shard=-1  x=[1x4096] + w=[4096]  ->  y=[1x4096]  (T=1, K=358)
  - op#01  op=QK       shard=0   q=[16x1x128] + k=[16x128x358]  ->  y=[16x1x358]  (T=1, K=358)
  - op#02  op=QK       shard=1   q=[16x1x128] + k=[16x128x358]  ->  y=[16x1x358]  (T=1, K=358)
  - op#03  op=Softmax  shard=0   scores=[16x1x358]  ->  y=[16x1x358]  (T=1, K=358)
  - op#04  op=Softmax  shard=1   scores=[16x1x358]  ->  y=[16x1x358]  (T=1, K=358)
  - op#05  op=SV       shard=0   p=[16x1x358] + v=[16x358x128]  ->  y=[16x1x128]  (T=1, K=358)
  - op#06  op=SV       shard=1   p=[16x1x358] + v=[16x358x128]  ->  y=[16x1x128]  (T=1, K=358)
  - op#07  op=Add      shard=-1  a=[1x4096] + b=[1x4096]  ->  y=[1x4096]  (T=1, K=358)
  - op#08  op=LN       shard=-1  x=[1x4096] + w=[4096]  ->  y=[1x4096]  (T=1, K=358)
  - op#09  op=SwiGLU   shard=0   a=[1x5504] + b=[1x5504]  ->  y=[1x5504]  (T=1, K=358)
  - op#10  op=SwiGLU   shard=1   a=[1x5504] + b=[1x5504]  ->  y=[1x5504]  (T=1, K=358)
  - op#11  op=Add      shard=-1  a=[1x4096] + b=[1x4096]  ->  y=[1x4096]  (T=1, K=358)
[gpu-debug] per-op timing breakdown (avg over iters):
  idx  op       sh  io                                                    time   est_flops    TFLOPs       bytes      GB/s
  ------------------------------------------------------------------------------------------------------------------------
    0  LN       -1  x[1x4096]+w[4096]->y[1x4096]                        0.063ms    20.480 K      0.00   24.00 KiB      0.39
    1  QK        0  q[16x1x128]+k[16x128x358]->y[16x1x358]              0.051ms     1.466 M      0.03    1.41 MiB     28.89
    2  QK        1  q[16x1x128]+k[16x128x358]->y[16x1x358]              0.042ms     1.466 M      0.04    1.41 MiB     35.38
    3  Softmax   0  scores[16x1x358]->y[16x1x358]                       0.018ms    28.640 K      0.00   22.38 KiB      1.26
    4  Softmax   1  scores[16x1x358]->y[16x1x358]                       0.015ms    28.640 K      0.00   22.38 KiB      1.54
    5  SV        0  p[16x1x358]+v[16x358x128]->y[16x1x128]              0.030ms     1.466 M      0.05    1.41 MiB     50.08
    6  SV        1  p[16x1x358]+v[16x358x128]->y[16x1x128]              0.027ms     1.466 M      0.05    1.41 MiB     55.24
    7  Add      -1  a[1x4096]+b[1x4096]->y[1x4096]                      0.018ms     4.096 K      0.00   24.00 KiB      1.38
    8  LN       -1  x[1x4096]+w[4096]->y[1x4096]                        0.063ms    20.480 K      0.00   24.00 KiB      0.39
    9  SwiGLU    0  a[1x5504]+b[1x5504]->y[1x5504]                      0.024ms    33.024 K      0.00   32.25 KiB      1.37
   10  SwiGLU    1  a[1x5504]+b[1x5504]->y[1x5504]                      0.023ms    33.024 K      0.00   32.25 KiB      1.41
   11  Add      -1  a[1x4096]+b[1x4096]->y[1x4096]                      0.016ms     4.096 K      0.00   24.00 KiB      1.53
[gpu-debug] segment avg latency (cuda_events): 0.258 ms
[gpu-debug] sum(per-op)               : 0.391 ms (ratio=1.516)
[gpu-debug] NOTE: sum(per-op) may differ from segment latency due to Python overhead, event/launch overhead, and allocator/cache effects.
[gpu-debug] cuda mem before warmup: alloc=2.26 GiB reserved=2.39 GiB
[gpu-debug] cuda mem after warmup : alloc=2.26 GiB reserved=2.39 GiB
[gpu-debug] cuda mem peak (this segment): max_alloc=2.26 GiB max_reserved=2.39 GiB
========================================================================================
[gpu-debug] segment_key=npu|prefill|-1|48322b0ab0207f84448cb08e6eac5594
[gpu-debug] sig: device_type=npu phase=prefill step=-1 (count_hint=32)
[gpu-debug] ops_repr: LN:-1,QK:0,QK:1,Softmax:0,Softmax:1,SV:0,SV:1,Add:-1,LN:-1,SwiGLU:0,SwiGLU:1,Add:-1
[gpu-debug] cfg: device=cuda dtype=torch.bfloat16 dim=4096 ffn_dim=11008 n_heads=32 shards=2
[gpu-debug] op plan (with inferred tensor shapes):
  - op#00  op=LN       shard=-1  x=[262x4096] + w=[4096]  ->  y=[262x4096]  (T=262, K=262)
  - op#01  op=QK       shard=0   q=[16x262x128] + k=[16x128x262]  ->  y=[16x262x262]  (T=262, K=262)
  - op#02  op=QK       shard=1   q=[16x262x128] + k=[16x128x262]  ->  y=[16x262x262]  (T=262, K=262)
  - op#03  op=Softmax  shard=0   scores=[16x262x262]  ->  y=[16x262x262]  (T=262, K=262)
  - op#04  op=Softmax  shard=1   scores=[16x262x262]  ->  y=[16x262x262]  (T=262, K=262)
  - op#05  op=SV       shard=0   p=[16x262x262] + v=[16x262x128]  ->  y=[16x262x128]  (T=262, K=262)
  - op#06  op=SV       shard=1   p=[16x262x262] + v=[16x262x128]  ->  y=[16x262x128]  (T=262, K=262)
  - op#07  op=Add      shard=-1  a=[262x4096] + b=[262x4096]  ->  y=[262x4096]  (T=262, K=262)
  - op#08  op=LN       shard=-1  x=[262x4096] + w=[4096]  ->  y=[262x4096]  (T=262, K=262)
  - op#09  op=SwiGLU   shard=0   a=[262x5504] + b=[262x5504]  ->  y=[262x5504]  (T=262, K=262)
  - op#10  op=SwiGLU   shard=1   a=[262x5504] + b=[262x5504]  ->  y=[262x5504]  (T=262, K=262)
  - op#11  op=Add      shard=-1  a=[262x4096] + b=[262x4096]  ->  y=[262x4096]  (T=262, K=262)
[gpu-debug] per-op timing breakdown (avg over iters):
  idx  op       sh  io                                                    time   est_flops    TFLOPs       bytes      GB/s
  ------------------------------------------------------------------------------------------------------------------------
    0  LN       -1  x[262x4096]+w[4096]->y[262x4096]                    0.064ms     5.366 M      0.08    4.10 MiB     67.63
    1  QK        0  q[16x262x128]+k[16x128x262]->y[16x262x262]          0.055ms   281.166 M      5.12    4.14 MiB     79.13
    2  QK        1  q[16x262x128]+k[16x128x262]->y[16x262x262]          0.045ms   281.166 M      6.24    4.14 MiB     96.39
    3  Softmax   0  scores[16x262x262]->y[16x262x262]                   0.019ms     5.492 M      0.29    4.19 MiB    231.91
    4  Softmax   1  scores[16x262x262]->y[16x262x262]                   0.016ms     5.492 M      0.35    4.19 MiB    280.41
    5  SV        0  p[16x262x262]+v[16x262x128]->y[16x262x128]          0.033ms   281.166 M      8.55    4.14 MiB    132.12
    6  SV        1  p[16x262x262]+v[16x262x128]->y[16x262x128]          0.029ms   281.166 M      9.60    4.14 MiB    148.29
    7  Add      -1  a[262x4096]+b[262x4096]->y[262x4096]                0.019ms     1.073 M      0.06    6.14 MiB    332.70
    8  LN       -1  x[262x4096]+w[4096]->y[262x4096]                    0.068ms     5.366 M      0.08    4.10 MiB     63.64
    9  SwiGLU    0  a[262x5504]+b[262x5504]->y[262x5504]                0.025ms     8.652 M      0.34    8.25 MiB    339.34
   10  SwiGLU    1  a[262x5504]+b[262x5504]->y[262x5504]                0.022ms     8.652 M      0.40    8.25 MiB    396.69
   11  Add      -1  a[262x4096]+b[262x4096]->y[262x4096]                0.016ms     1.073 M      0.07    6.14 MiB    413.68
[gpu-debug] segment avg latency (cuda_events): 0.269 ms
[gpu-debug] sum(per-op)               : 0.410 ms (ratio=1.526)
[gpu-debug] NOTE: sum(per-op) may differ from segment latency due to Python overhead, event/launch overhead, and allocator/cache effects.
[gpu-debug] cuda mem before warmup: alloc=2.26 GiB reserved=2.39 GiB
[gpu-debug] cuda mem after warmup : alloc=2.27 GiB reserved=2.39 GiB
[gpu-debug] cuda mem peak (this segment): max_alloc=2.28 GiB max_reserved=2.39 GiB
  progress 202/202
