schedule,phase,sample_step,token_index,layer,device,device_type,n_ops,ops_repr,schedule_sum_s,measured_s,measured_key,measured_step,measured_mode,schedule_sum_scaled_s,measured_scaled_s,delta_s,ratio,delta_scaled_s,ratio_scaled
weights_on_pim_prefill-128xdecode_67_ops_trace.csv,prefill,-1,-1,0,GPU0,npu,12,"LN:-1,QK:0,QK:1,Softmax:0,Softmax:1,SV:0,SV:1,Add:-1,LN:-1,SwiGLU:0,SwiGLU:1,Add:-1",0.00022732767038345273,0.0002679807901382446,npu|prefill|-1|48322b0ab0207f84448cb08e6eac5594,-1,sample_step,0.00022732767038345273,0.0002679807901382446,4.065311975479189e-05,1.178830494704929,4.065311975479189e-05,1.178830494704929
weights_on_pim_prefill-128xdecode_67_ops_trace.csv,prefill,-1,-1,0,PIM0,pim,7,"Q:0,K:0,V:0,O:0,FFN_W1:0,FFN_W3:1,FFN_W2:0",0.0162486583309242,0.0065812480000000005,pim|prefill|-1|1ed976c7c13cd28c472fbdb0cfd672ea,-1,sample_step,0.0162486583309242,0.0065812480000000005,-0.009667410330924199,0.4050333181955503,-0.009667410330924199,0.4050333181955503
weights_on_pim_prefill-128xdecode_67_ops_trace.csv,prefill,-1,-1,0,PIM1,pim,7,"Q:1,K:1,V:1,O:1,FFN_W3:0,FFN_W1:1,FFN_W2:1",0.016248658330924204,0.006581248,pim|prefill|-1|34ccac5ef828e4730b89693f4ee70e0e,-1,sample_step,0.016248658330924204,0.006581248,-0.009667410330924204,0.4050333181955501,-0.009667410330924204,0.4050333181955501
weights_on_pim_prefill-128xdecode_67_ops_trace.csv,prefill,-1,-1,1,GPU0,npu,12,"LN:-1,QK:0,QK:1,Softmax:0,Softmax:1,SV:0,SV:1,Add:-1,LN:-1,SwiGLU:0,SwiGLU:1,Add:-1",0.00022732767038345647,0.0002679807901382446,npu|prefill|-1|48322b0ab0207f84448cb08e6eac5594,-1,sample_step,0.00022732767038345647,0.0002679807901382446,4.065311975478815e-05,1.1788304947049095,4.065311975478815e-05,1.1788304947049095
weights_on_pim_prefill-128xdecode_67_ops_trace.csv,prefill,-1,-1,1,PIM0,pim,7,"Q:0,K:0,V:0,O:0,FFN_W1:0,FFN_W3:1,FFN_W2:0",0.0162486583309242,0.0065812480000000005,pim|prefill|-1|1ed976c7c13cd28c472fbdb0cfd672ea,-1,sample_step,0.0162486583309242,0.0065812480000000005,-0.009667410330924199,0.4050333181955503,-0.009667410330924199,0.4050333181955503
weights_on_pim_prefill-128xdecode_67_ops_trace.csv,prefill,-1,-1,1,PIM1,pim,7,"Q:1,K:1,V:1,O:1,FFN_W3:0,FFN_W1:1,FFN_W2:1",0.016248658330924204,0.006581248,pim|prefill|-1|34ccac5ef828e4730b89693f4ee70e0e,-1,sample_step,0.016248658330924204,0.006581248,-0.009667410330924204,0.4050333181955501,-0.009667410330924204,0.4050333181955501
weights_on_pim_prefill-128xdecode_67_ops_trace.csv,prefill,-1,-1,2,GPU0,npu,12,"LN:-1,QK:0,QK:1,Softmax:0,Softmax:1,SV:0,SV:1,Add:-1,LN:-1,SwiGLU:0,SwiGLU:1,Add:-1",0.0002273276703834426,0.0002679807901382446,npu|prefill|-1|48322b0ab0207f84448cb08e6eac5594,-1,sample_step,0.0002273276703834426,0.0002679807901382446,4.065311975480203e-05,1.1788304947049815,4.065311975480203e-05,1.1788304947049815
weights_on_pim_prefill-128xdecode_67_ops_trace.csv,prefill,-1,-1,2,PIM0,pim,7,"Q:0,K:0,V:0,O:0,FFN_W1:0,FFN_W3:1,FFN_W2:0",0.0162486583309242,0.0065812480000000005,pim|prefill|-1|1ed976c7c13cd28c472fbdb0cfd672ea,-1,sample_step,0.0162486583309242,0.0065812480000000005,-0.009667410330924199,0.4050333181955503,-0.009667410330924199,0.4050333181955503
weights_on_pim_prefill-128xdecode_67_ops_trace.csv,prefill,-1,-1,2,PIM1,pim,7,"Q:1,K:1,V:1,O:1,FFN_W3:0,FFN_W1:1,FFN_W2:1",0.016248658330924204,0.006581248,pim|prefill|-1|34ccac5ef828e4730b89693f4ee70e0e,-1,sample_step,0.016248658330924204,0.006581248,-0.009667410330924204,0.4050333181955501,-0.009667410330924204,0.4050333181955501
weights_on_pim_prefill-128xdecode_67_ops_trace.csv,prefill,-1,-1,3,GPU0,npu,12,"LN:-1,QK:0,QK:1,Softmax:0,Softmax:1,SV:0,SV:1,Add:-1,LN:-1,SwiGLU:0,SwiGLU:1,Add:-1",0.00022732767038345647,0.0002679807901382446,npu|prefill|-1|48322b0ab0207f84448cb08e6eac5594,-1,sample_step,0.00022732767038345647,0.0002679807901382446,4.065311975478815e-05,1.1788304947049095,4.065311975478815e-05,1.1788304947049095
weights_on_pim_prefill-128xdecode_67_ops_trace.csv,prefill,-1,-1,3,PIM0,pim,7,"Q:0,K:0,V:0,O:0,FFN_W1:0,FFN_W3:1,FFN_W2:0",0.0162486583309242,0.0065812480000000005,pim|prefill|-1|1ed976c7c13cd28c472fbdb0cfd672ea,-1,sample_step,0.0162486583309242,0.0065812480000000005,-0.009667410330924199,0.4050333181955503,-0.009667410330924199,0.4050333181955503
weights_on_pim_prefill-128xdecode_67_ops_trace.csv,prefill,-1,-1,3,PIM1,pim,7,"Q:1,K:1,V:1,O:1,FFN_W3:0,FFN_W1:1,FFN_W2:1",0.016248658330924204,0.006581248,pim|prefill|-1|34ccac5ef828e4730b89693f4ee70e0e,-1,sample_step,0.016248658330924204,0.006581248,-0.009667410330924204,0.4050333181955501,-0.009667410330924204,0.4050333181955501
weights_on_pim_prefill-128xdecode_67_ops_trace.csv,prefill,-1,-1,4,GPU0,npu,12,"LN:-1,QK:0,QK:1,Softmax:0,Softmax:1,SV:0,SV:1,Add:-1,LN:-1,SwiGLU:0,SwiGLU:1,Add:-1",0.0002273276703834981,0.0002679807901382446,npu|prefill|-1|48322b0ab0207f84448cb08e6eac5594,-1,sample_step,0.0002273276703834981,0.0002679807901382446,4.0653119754746516e-05,1.1788304947046937,4.0653119754746516e-05,1.1788304947046937
weights_on_pim_prefill-128xdecode_67_ops_trace.csv,prefill,-1,-1,4,PIM0,pim,7,"Q:0,K:0,V:0,O:0,FFN_W1:0,FFN_W3:1,FFN_W2:0",0.0162486583309242,0.0065812480000000005,pim|prefill|-1|1ed976c7c13cd28c472fbdb0cfd672ea,-1,sample_step,0.0162486583309242,0.0065812480000000005,-0.009667410330924199,0.4050333181955503,-0.009667410330924199,0.4050333181955503
weights_on_pim_prefill-128xdecode_67_ops_trace.csv,prefill,-1,-1,4,PIM1,pim,7,"Q:1,K:1,V:1,O:1,FFN_W3:0,FFN_W1:1,FFN_W2:1",0.016248658330924204,0.006581248,pim|prefill|-1|34ccac5ef828e4730b89693f4ee70e0e,-1,sample_step,0.016248658330924204,0.006581248,-0.009667410330924204,0.4050333181955501,-0.009667410330924204,0.4050333181955501
weights_on_pim_prefill-128xdecode_67_ops_trace.csv,prefill,-1,-1,5,GPU0,npu,12,"LN:-1,QK:0,QK:1,Softmax:0,Softmax:1,SV:0,SV:1,Add:-1,LN:-1,SwiGLU:0,SwiGLU:1,Add:-1",0.0002273276703834981,0.0002679807901382446,npu|prefill|-1|48322b0ab0207f84448cb08e6eac5594,-1,sample_step,0.0002273276703834981,0.0002679807901382446,4.0653119754746516e-05,1.1788304947046937,4.0653119754746516e-05,1.1788304947046937
weights_on_pim_prefill-128xdecode_67_ops_trace.csv,prefill,-1,-1,5,PIM0,pim,7,"Q:0,K:0,V:0,O:0,FFN_W1:0,FFN_W3:1,FFN_W2:0",0.0162486583309242,0.0065812480000000005,pim|prefill|-1|1ed976c7c13cd28c472fbdb0cfd672ea,-1,sample_step,0.0162486583309242,0.0065812480000000005,-0.009667410330924199,0.4050333181955503,-0.009667410330924199,0.4050333181955503
weights_on_pim_prefill-128xdecode_67_ops_trace.csv,prefill,-1,-1,5,PIM1,pim,7,"Q:1,K:1,V:1,O:1,FFN_W3:0,FFN_W1:1,FFN_W2:1",0.016248658330924204,0.006581248,pim|prefill|-1|34ccac5ef828e4730b89693f4ee70e0e,-1,sample_step,0.016248658330924204,0.006581248,-0.009667410330924204,0.4050333181955501,-0.009667410330924204,0.4050333181955501
weights_on_pim_prefill-128xdecode_67_ops_trace.csv,prefill,-1,-1,6,GPU0,npu,12,"LN:-1,QK:0,QK:1,Softmax:0,Softmax:1,SV:0,SV:1,Add:-1,LN:-1,SwiGLU:0,SwiGLU:1,Add:-1",0.0002273276703834981,0.0002679807901382446,npu|prefill|-1|48322b0ab0207f84448cb08e6eac5594,-1,sample_step,0.0002273276703834981,0.0002679807901382446,4.0653119754746516e-05,1.1788304947046937,4.0653119754746516e-05,1.1788304947046937
weights_on_pim_prefill-128xdecode_67_ops_trace.csv,prefill,-1,-1,6,PIM0,pim,7,"Q:0,K:0,V:0,O:0,FFN_W1:0,FFN_W3:1,FFN_W2:0",0.0162486583309242,0.0065812480000000005,pim|prefill|-1|1ed976c7c13cd28c472fbdb0cfd672ea,-1,sample_step,0.0162486583309242,0.0065812480000000005,-0.009667410330924199,0.4050333181955503,-0.009667410330924199,0.4050333181955503
weights_on_pim_prefill-128xdecode_67_ops_trace.csv,prefill,-1,-1,6,PIM1,pim,7,"Q:1,K:1,V:1,O:1,FFN_W3:0,FFN_W1:1,FFN_W2:1",0.016248658330924204,0.006581248,pim|prefill|-1|34ccac5ef828e4730b89693f4ee70e0e,-1,sample_step,0.016248658330924204,0.006581248,-0.009667410330924204,0.4050333181955501,-0.009667410330924204,0.4050333181955501
weights_on_pim_prefill-128xdecode_67_ops_trace.csv,prefill,-1,-1,7,GPU0,npu,12,"LN:-1,QK:0,QK:1,Softmax:0,Softmax:1,SV:0,SV:1,Add:-1,LN:-1,SwiGLU:0,SwiGLU:1,Add:-1",0.00022732767038347035,0.0002679807901382446,npu|prefill|-1|48322b0ab0207f84448cb08e6eac5594,-1,sample_step,0.00022732767038347035,0.0002679807901382446,4.065311975477427e-05,1.1788304947048376,4.065311975477427e-05,1.1788304947048376
weights_on_pim_prefill-128xdecode_67_ops_trace.csv,prefill,-1,-1,7,PIM0,pim,7,"Q:0,K:0,V:0,O:0,FFN_W1:0,FFN_W3:1,FFN_W2:0",0.0162486583309241,0.0065812480000000005,pim|prefill|-1|1ed976c7c13cd28c472fbdb0cfd672ea,-1,sample_step,0.0162486583309241,0.0065812480000000005,-0.009667410330924098,0.40503331819555277,-0.009667410330924098,0.40503331819555277
weights_on_pim_prefill-128xdecode_67_ops_trace.csv,prefill,-1,-1,7,PIM1,pim,7,"Q:1,K:1,V:1,O:1,FFN_W3:0,FFN_W1:1,FFN_W2:1",0.016248658330924103,0.006581248,pim|prefill|-1|34ccac5ef828e4730b89693f4ee70e0e,-1,sample_step,0.016248658330924103,0.006581248,-0.009667410330924104,0.40503331819555266,-0.009667410330924104,0.40503331819555266
weights_on_pim_prefill-128xdecode_67_ops_trace.csv,prefill,-1,-1,8,GPU0,npu,12,"LN:-1,QK:0,QK:1,Softmax:0,Softmax:1,SV:0,SV:1,Add:-1,LN:-1,SwiGLU:0,SwiGLU:1,Add:-1",0.00022732767038347035,0.0002679807901382446,npu|prefill|-1|48322b0ab0207f84448cb08e6eac5594,-1,sample_step,0.00022732767038347035,0.0002679807901382446,4.065311975477427e-05,1.1788304947048376,4.065311975477427e-05,1.1788304947048376
weights_on_pim_prefill-128xdecode_67_ops_trace.csv,prefill,-1,-1,8,PIM0,pim,7,"Q:0,K:0,V:0,O:0,FFN_W1:0,FFN_W3:1,FFN_W2:0",0.0162486583309241,0.0065812480000000005,pim|prefill|-1|1ed976c7c13cd28c472fbdb0cfd672ea,-1,sample_step,0.0162486583309241,0.0065812480000000005,-0.009667410330924098,0.40503331819555277,-0.009667410330924098,0.40503331819555277
weights_on_pim_prefill-128xdecode_67_ops_trace.csv,prefill,-1,-1,8,PIM1,pim,7,"Q:1,K:1,V:1,O:1,FFN_W3:0,FFN_W1:1,FFN_W2:1",0.016248658330924103,0.006581248,pim|prefill|-1|34ccac5ef828e4730b89693f4ee70e0e,-1,sample_step,0.016248658330924103,0.006581248,-0.009667410330924104,0.40503331819555266,-0.009667410330924104,0.40503331819555266
weights_on_pim_prefill-128xdecode_67_ops_trace.csv,prefill,-1,-1,9,GPU0,npu,12,"LN:-1,QK:0,QK:1,Softmax:0,Softmax:1,SV:0,SV:1,Add:-1,LN:-1,SwiGLU:0,SwiGLU:1,Add:-1",0.00022732767038347035,0.0002679807901382446,npu|prefill|-1|48322b0ab0207f84448cb08e6eac5594,-1,sample_step,0.00022732767038347035,0.0002679807901382446,4.065311975477427e-05,1.1788304947048376,4.065311975477427e-05,1.1788304947048376
weights_on_pim_prefill-128xdecode_67_ops_trace.csv,prefill,-1,-1,9,PIM0,pim,7,"Q:0,K:0,V:0,O:0,FFN_W1:0,FFN_W3:1,FFN_W2:0",0.0162486583309241,0.0065812480000000005,pim|prefill|-1|1ed976c7c13cd28c472fbdb0cfd672ea,-1,sample_step,0.0162486583309241,0.0065812480000000005,-0.009667410330924098,0.40503331819555277,-0.009667410330924098,0.40503331819555277
weights_on_pim_prefill-128xdecode_67_ops_trace.csv,prefill,-1,-1,9,PIM1,pim,7,"Q:1,K:1,V:1,O:1,FFN_W3:0,FFN_W1:1,FFN_W2:1",0.016248658330924103,0.006581248,pim|prefill|-1|34ccac5ef828e4730b89693f4ee70e0e,-1,sample_step,0.016248658330924103,0.006581248,-0.009667410330924104,0.40503331819555266,-0.009667410330924104,0.40503331819555266
weights_on_pim_prefill-128xdecode_67_ops_trace.csv,prefill,-1,-1,10,GPU0,npu,12,"LN:-1,QK:0,QK:1,Softmax:0,Softmax:1,SV:0,SV:1,Add:-1,LN:-1,SwiGLU:0,SwiGLU:1,Add:-1",0.00022732767038347035,0.0002679807901382446,npu|prefill|-1|48322b0ab0207f84448cb08e6eac5594,-1,sample_step,0.00022732767038347035,0.0002679807901382446,4.065311975477427e-05,1.1788304947048376,4.065311975477427e-05,1.1788304947048376
weights_on_pim_prefill-128xdecode_67_ops_trace.csv,prefill,-1,-1,10,PIM0,pim,7,"Q:0,K:0,V:0,O:0,FFN_W1:0,FFN_W3:1,FFN_W2:0",0.0162486583309241,0.0065812480000000005,pim|prefill|-1|1ed976c7c13cd28c472fbdb0cfd672ea,-1,sample_step,0.0162486583309241,0.0065812480000000005,-0.009667410330924098,0.40503331819555277,-0.009667410330924098,0.40503331819555277
weights_on_pim_prefill-128xdecode_67_ops_trace.csv,prefill,-1,-1,10,PIM1,pim,7,"Q:1,K:1,V:1,O:1,FFN_W3:0,FFN_W1:1,FFN_W2:1",0.016248658330924103,0.006581248,pim|prefill|-1|34ccac5ef828e4730b89693f4ee70e0e,-1,sample_step,0.016248658330924103,0.006581248,-0.009667410330924104,0.40503331819555266,-0.009667410330924104,0.40503331819555266
weights_on_pim_prefill-128xdecode_67_ops_trace.csv,prefill,-1,-1,11,GPU0,npu,12,"LN:-1,QK:0,QK:1,Softmax:0,Softmax:1,SV:0,SV:1,Add:-1,LN:-1,SwiGLU:0,SwiGLU:1,Add:-1",0.00022732767038347035,0.0002679807901382446,npu|prefill|-1|48322b0ab0207f84448cb08e6eac5594,-1,sample_step,0.00022732767038347035,0.0002679807901382446,4.065311975477427e-05,1.1788304947048376,4.065311975477427e-05,1.1788304947048376
weights_on_pim_prefill-128xdecode_67_ops_trace.csv,prefill,-1,-1,11,PIM0,pim,7,"Q:0,K:0,V:0,O:0,FFN_W1:0,FFN_W3:1,FFN_W2:0",0.0162486583309241,0.0065812480000000005,pim|prefill|-1|1ed976c7c13cd28c472fbdb0cfd672ea,-1,sample_step,0.0162486583309241,0.0065812480000000005,-0.009667410330924098,0.40503331819555277,-0.009667410330924098,0.40503331819555277
weights_on_pim_prefill-128xdecode_67_ops_trace.csv,prefill,-1,-1,11,PIM1,pim,7,"Q:1,K:1,V:1,O:1,FFN_W3:0,FFN_W1:1,FFN_W2:1",0.016248658330924103,0.006581248,pim|prefill|-1|34ccac5ef828e4730b89693f4ee70e0e,-1,sample_step,0.016248658330924103,0.006581248,-0.009667410330924104,0.40503331819555266,-0.009667410330924104,0.40503331819555266
weights_on_pim_prefill-128xdecode_67_ops_trace.csv,prefill,-1,-1,12,GPU0,npu,12,"LN:-1,QK:0,QK:1,Softmax:0,Softmax:1,SV:0,SV:1,Add:-1,LN:-1,SwiGLU:0,SwiGLU:1,Add:-1",0.00022732767038347035,0.0002679807901382446,npu|prefill|-1|48322b0ab0207f84448cb08e6eac5594,-1,sample_step,0.00022732767038347035,0.0002679807901382446,4.065311975477427e-05,1.1788304947048376,4.065311975477427e-05,1.1788304947048376
weights_on_pim_prefill-128xdecode_67_ops_trace.csv,prefill,-1,-1,12,PIM0,pim,7,"Q:0,K:0,V:0,O:0,FFN_W1:0,FFN_W3:1,FFN_W2:0",0.0162486583309241,0.0065812480000000005,pim|prefill|-1|1ed976c7c13cd28c472fbdb0cfd672ea,-1,sample_step,0.0162486583309241,0.0065812480000000005,-0.009667410330924098,0.40503331819555277,-0.009667410330924098,0.40503331819555277
weights_on_pim_prefill-128xdecode_67_ops_trace.csv,prefill,-1,-1,12,PIM1,pim,7,"Q:1,K:1,V:1,O:1,FFN_W3:0,FFN_W1:1,FFN_W2:1",0.016248658330924103,0.006581248,pim|prefill|-1|34ccac5ef828e4730b89693f4ee70e0e,-1,sample_step,0.016248658330924103,0.006581248,-0.009667410330924104,0.40503331819555266,-0.009667410330924104,0.40503331819555266
weights_on_pim_prefill-128xdecode_67_ops_trace.csv,prefill,-1,-1,13,GPU0,npu,12,"LN:-1,QK:0,QK:1,Softmax:0,Softmax:1,SV:0,SV:1,Add:-1,LN:-1,SwiGLU:0,SwiGLU:1,Add:-1",0.00022732767038347035,0.0002679807901382446,npu|prefill|-1|48322b0ab0207f84448cb08e6eac5594,-1,sample_step,0.00022732767038347035,0.0002679807901382446,4.065311975477427e-05,1.1788304947048376,4.065311975477427e-05,1.1788304947048376
weights_on_pim_prefill-128xdecode_67_ops_trace.csv,prefill,-1,-1,13,PIM0,pim,7,"Q:0,K:0,V:0,O:0,FFN_W1:0,FFN_W3:1,FFN_W2:0",0.0162486583309241,0.0065812480000000005,pim|prefill|-1|1ed976c7c13cd28c472fbdb0cfd672ea,-1,sample_step,0.0162486583309241,0.0065812480000000005,-0.009667410330924098,0.40503331819555277,-0.009667410330924098,0.40503331819555277
weights_on_pim_prefill-128xdecode_67_ops_trace.csv,prefill,-1,-1,13,PIM1,pim,7,"Q:1,K:1,V:1,O:1,FFN_W3:0,FFN_W1:1,FFN_W2:1",0.016248658330924103,0.006581248,pim|prefill|-1|34ccac5ef828e4730b89693f4ee70e0e,-1,sample_step,0.016248658330924103,0.006581248,-0.009667410330924104,0.40503331819555266,-0.009667410330924104,0.40503331819555266
weights_on_pim_prefill-128xdecode_67_ops_trace.csv,prefill,-1,-1,14,GPU0,npu,12,"LN:-1,QK:0,QK:1,Softmax:0,Softmax:1,SV:0,SV:1,Add:-1,LN:-1,SwiGLU:0,SwiGLU:1,Add:-1",0.0002273276703834981,0.0002679807901382446,npu|prefill|-1|48322b0ab0207f84448cb08e6eac5594,-1,sample_step,0.0002273276703834981,0.0002679807901382446,4.0653119754746516e-05,1.1788304947046937,4.0653119754746516e-05,1.1788304947046937
weights_on_pim_prefill-128xdecode_67_ops_trace.csv,prefill,-1,-1,14,PIM0,pim,7,"Q:0,K:0,V:0,O:0,FFN_W1:0,FFN_W3:1,FFN_W2:0",0.016248658330924003,0.0065812480000000005,pim|prefill|-1|1ed976c7c13cd28c472fbdb0cfd672ea,-1,sample_step,0.016248658330924003,0.0065812480000000005,-0.009667410330924001,0.4050333181955552,-0.009667410330924001,0.4050333181955552
weights_on_pim_prefill-128xdecode_67_ops_trace.csv,prefill,-1,-1,14,PIM1,pim,7,"Q:1,K:1,V:1,O:1,FFN_W3:0,FFN_W1:1,FFN_W2:1",0.016248658330924003,0.006581248,pim|prefill|-1|34ccac5ef828e4730b89693f4ee70e0e,-1,sample_step,0.016248658330924003,0.006581248,-0.009667410330924003,0.40503331819555516,-0.009667410330924003,0.40503331819555516
weights_on_pim_prefill-128xdecode_67_ops_trace.csv,prefill,-1,-1,15,GPU0,npu,12,"LN:-1,QK:0,QK:1,Softmax:0,Softmax:1,SV:0,SV:1,Add:-1,LN:-1,SwiGLU:0,SwiGLU:1,Add:-1",0.00022732767038335933,0.0002679807901382446,npu|prefill|-1|48322b0ab0207f84448cb08e6eac5594,-1,sample_step,0.00022732767038335933,0.0002679807901382446,4.0653119754885294e-05,1.1788304947054133,4.0653119754885294e-05,1.1788304947054133
weights_on_pim_prefill-128xdecode_67_ops_trace.csv,prefill,-1,-1,15,PIM0,pim,7,"Q:0,K:0,V:0,O:0,FFN_W1:0,FFN_W3:1,FFN_W2:0",0.016248658330924003,0.0065812480000000005,pim|prefill|-1|1ed976c7c13cd28c472fbdb0cfd672ea,-1,sample_step,0.016248658330924003,0.0065812480000000005,-0.009667410330924001,0.4050333181955552,-0.009667410330924001,0.4050333181955552
weights_on_pim_prefill-128xdecode_67_ops_trace.csv,prefill,-1,-1,15,PIM1,pim,7,"Q:1,K:1,V:1,O:1,FFN_W3:0,FFN_W1:1,FFN_W2:1",0.016248658330924003,0.006581248,pim|prefill|-1|34ccac5ef828e4730b89693f4ee70e0e,-1,sample_step,0.016248658330924003,0.006581248,-0.009667410330924003,0.40503331819555516,-0.009667410330924003,0.40503331819555516
weights_on_pim_prefill-128xdecode_67_ops_trace.csv,prefill,-1,-1,16,GPU0,npu,12,"LN:-1,QK:0,QK:1,Softmax:0,Softmax:1,SV:0,SV:1,Add:-1,LN:-1,SwiGLU:0,SwiGLU:1,Add:-1",0.00022732767038335933,0.0002679807901382446,npu|prefill|-1|48322b0ab0207f84448cb08e6eac5594,-1,sample_step,0.00022732767038335933,0.0002679807901382446,4.0653119754885294e-05,1.1788304947054133,4.0653119754885294e-05,1.1788304947054133
weights_on_pim_prefill-128xdecode_67_ops_trace.csv,prefill,-1,-1,16,PIM0,pim,7,"Q:0,K:0,V:0,O:0,FFN_W1:0,FFN_W3:1,FFN_W2:0",0.016248658330924003,0.0065812480000000005,pim|prefill|-1|1ed976c7c13cd28c472fbdb0cfd672ea,-1,sample_step,0.016248658330924003,0.0065812480000000005,-0.009667410330924001,0.4050333181955552,-0.009667410330924001,0.4050333181955552
weights_on_pim_prefill-128xdecode_67_ops_trace.csv,prefill,-1,-1,16,PIM1,pim,7,"Q:1,K:1,V:1,O:1,FFN_W3:0,FFN_W1:1,FFN_W2:1",0.016248658330924003,0.006581248,pim|prefill|-1|34ccac5ef828e4730b89693f4ee70e0e,-1,sample_step,0.016248658330924003,0.006581248,-0.009667410330924003,0.40503331819555516,-0.009667410330924003,0.40503331819555516
weights_on_pim_prefill-128xdecode_67_ops_trace.csv,prefill,-1,-1,17,GPU0,npu,12,"LN:-1,QK:0,QK:1,Softmax:0,Softmax:1,SV:0,SV:1,Add:-1,LN:-1,SwiGLU:0,SwiGLU:1,Add:-1",0.00022732767038335933,0.0002679807901382446,npu|prefill|-1|48322b0ab0207f84448cb08e6eac5594,-1,sample_step,0.00022732767038335933,0.0002679807901382446,4.0653119754885294e-05,1.1788304947054133,4.0653119754885294e-05,1.1788304947054133
weights_on_pim_prefill-128xdecode_67_ops_trace.csv,prefill,-1,-1,17,PIM0,pim,7,"Q:0,K:0,V:0,O:0,FFN_W1:0,FFN_W3:1,FFN_W2:0",0.016248658330924003,0.0065812480000000005,pim|prefill|-1|1ed976c7c13cd28c472fbdb0cfd672ea,-1,sample_step,0.016248658330924003,0.0065812480000000005,-0.009667410330924001,0.4050333181955552,-0.009667410330924001,0.4050333181955552
weights_on_pim_prefill-128xdecode_67_ops_trace.csv,prefill,-1,-1,17,PIM1,pim,7,"Q:1,K:1,V:1,O:1,FFN_W3:0,FFN_W1:1,FFN_W2:1",0.016248658330924003,0.006581248,pim|prefill|-1|34ccac5ef828e4730b89693f4ee70e0e,-1,sample_step,0.016248658330924003,0.006581248,-0.009667410330924003,0.40503331819555516,-0.009667410330924003,0.40503331819555516
weights_on_pim_prefill-128xdecode_67_ops_trace.csv,prefill,-1,-1,18,GPU0,npu,12,"LN:-1,QK:0,QK:1,Softmax:0,Softmax:1,SV:0,SV:1,Add:-1,LN:-1,SwiGLU:0,SwiGLU:1,Add:-1",0.00022732767038335933,0.0002679807901382446,npu|prefill|-1|48322b0ab0207f84448cb08e6eac5594,-1,sample_step,0.00022732767038335933,0.0002679807901382446,4.0653119754885294e-05,1.1788304947054133,4.0653119754885294e-05,1.1788304947054133
weights_on_pim_prefill-128xdecode_67_ops_trace.csv,prefill,-1,-1,18,PIM0,pim,7,"Q:0,K:0,V:0,O:0,FFN_W1:0,FFN_W3:1,FFN_W2:0",0.016248658330924003,0.0065812480000000005,pim|prefill|-1|1ed976c7c13cd28c472fbdb0cfd672ea,-1,sample_step,0.016248658330924003,0.0065812480000000005,-0.009667410330924001,0.4050333181955552,-0.009667410330924001,0.4050333181955552
weights_on_pim_prefill-128xdecode_67_ops_trace.csv,prefill,-1,-1,18,PIM1,pim,7,"Q:1,K:1,V:1,O:1,FFN_W3:0,FFN_W1:1,FFN_W2:1",0.016248658330924003,0.006581248,pim|prefill|-1|34ccac5ef828e4730b89693f4ee70e0e,-1,sample_step,0.016248658330924003,0.006581248,-0.009667410330924003,0.40503331819555516,-0.009667410330924003,0.40503331819555516
weights_on_pim_prefill-128xdecode_67_ops_trace.csv,prefill,-1,-1,19,GPU0,npu,12,"LN:-1,QK:0,QK:1,Softmax:0,Softmax:1,SV:0,SV:1,Add:-1,LN:-1,SwiGLU:0,SwiGLU:1,Add:-1",0.00022732767038335933,0.0002679807901382446,npu|prefill|-1|48322b0ab0207f84448cb08e6eac5594,-1,sample_step,0.00022732767038335933,0.0002679807901382446,4.0653119754885294e-05,1.1788304947054133,4.0653119754885294e-05,1.1788304947054133
weights_on_pim_prefill-128xdecode_67_ops_trace.csv,prefill,-1,-1,19,PIM0,pim,7,"Q:0,K:0,V:0,O:0,FFN_W1:0,FFN_W3:1,FFN_W2:0",0.016248658330924003,0.0065812480000000005,pim|prefill|-1|1ed976c7c13cd28c472fbdb0cfd672ea,-1,sample_step,0.016248658330924003,0.0065812480000000005,-0.009667410330924001,0.4050333181955552,-0.009667410330924001,0.4050333181955552
weights_on_pim_prefill-128xdecode_67_ops_trace.csv,prefill,-1,-1,19,PIM1,pim,7,"Q:1,K:1,V:1,O:1,FFN_W3:0,FFN_W1:1,FFN_W2:1",0.016248658330924003,0.006581248,pim|prefill|-1|34ccac5ef828e4730b89693f4ee70e0e,-1,sample_step,0.016248658330924003,0.006581248,-0.009667410330924003,0.40503331819555516,-0.009667410330924003,0.40503331819555516
weights_on_pim_prefill-128xdecode_67_ops_trace.csv,prefill,-1,-1,20,GPU0,npu,12,"LN:-1,QK:0,QK:1,Softmax:0,Softmax:1,SV:0,SV:1,Add:-1,LN:-1,SwiGLU:0,SwiGLU:1,Add:-1",0.00022732767038335933,0.0002679807901382446,npu|prefill|-1|48322b0ab0207f84448cb08e6eac5594,-1,sample_step,0.00022732767038335933,0.0002679807901382446,4.0653119754885294e-05,1.1788304947054133,4.0653119754885294e-05,1.1788304947054133
weights_on_pim_prefill-128xdecode_67_ops_trace.csv,prefill,-1,-1,20,PIM0,pim,7,"Q:0,K:0,V:0,O:0,FFN_W1:0,FFN_W3:1,FFN_W2:0",0.016248658330924003,0.0065812480000000005,pim|prefill|-1|1ed976c7c13cd28c472fbdb0cfd672ea,-1,sample_step,0.016248658330924003,0.0065812480000000005,-0.009667410330924001,0.4050333181955552,-0.009667410330924001,0.4050333181955552
weights_on_pim_prefill-128xdecode_67_ops_trace.csv,prefill,-1,-1,20,PIM1,pim,7,"Q:1,K:1,V:1,O:1,FFN_W3:0,FFN_W1:1,FFN_W2:1",0.016248658330924003,0.006581248,pim|prefill|-1|34ccac5ef828e4730b89693f4ee70e0e,-1,sample_step,0.016248658330924003,0.006581248,-0.009667410330924003,0.40503331819555516,-0.009667410330924003,0.40503331819555516
weights_on_pim_prefill-128xdecode_67_ops_trace.csv,prefill,-1,-1,21,GPU0,npu,12,"LN:-1,QK:0,QK:1,Softmax:0,Softmax:1,SV:0,SV:1,Add:-1,LN:-1,SwiGLU:0,SwiGLU:1,Add:-1",0.00022732767038335933,0.0002679807901382446,npu|prefill|-1|48322b0ab0207f84448cb08e6eac5594,-1,sample_step,0.00022732767038335933,0.0002679807901382446,4.0653119754885294e-05,1.1788304947054133,4.0653119754885294e-05,1.1788304947054133
weights_on_pim_prefill-128xdecode_67_ops_trace.csv,prefill,-1,-1,21,PIM0,pim,7,"Q:0,K:0,V:0,O:0,FFN_W1:0,FFN_W3:1,FFN_W2:0",0.016248658330924003,0.0065812480000000005,pim|prefill|-1|1ed976c7c13cd28c472fbdb0cfd672ea,-1,sample_step,0.016248658330924003,0.0065812480000000005,-0.009667410330924001,0.4050333181955552,-0.009667410330924001,0.4050333181955552
weights_on_pim_prefill-128xdecode_67_ops_trace.csv,prefill,-1,-1,21,PIM1,pim,7,"Q:1,K:1,V:1,O:1,FFN_W3:0,FFN_W1:1,FFN_W2:1",0.016248658330924003,0.006581248,pim|prefill|-1|34ccac5ef828e4730b89693f4ee70e0e,-1,sample_step,0.016248658330924003,0.006581248,-0.009667410330924003,0.40503331819555516,-0.009667410330924003,0.40503331819555516
weights_on_pim_prefill-128xdecode_67_ops_trace.csv,prefill,-1,-1,22,GPU0,npu,12,"LN:-1,QK:0,QK:1,Softmax:0,Softmax:1,SV:0,SV:1,Add:-1,LN:-1,SwiGLU:0,SwiGLU:1,Add:-1",0.00022732767038335933,0.0002679807901382446,npu|prefill|-1|48322b0ab0207f84448cb08e6eac5594,-1,sample_step,0.00022732767038335933,0.0002679807901382446,4.0653119754885294e-05,1.1788304947054133,4.0653119754885294e-05,1.1788304947054133
weights_on_pim_prefill-128xdecode_67_ops_trace.csv,prefill,-1,-1,22,PIM0,pim,7,"Q:0,K:0,V:0,O:0,FFN_W1:0,FFN_W3:1,FFN_W2:0",0.016248658330924003,0.0065812480000000005,pim|prefill|-1|1ed976c7c13cd28c472fbdb0cfd672ea,-1,sample_step,0.016248658330924003,0.0065812480000000005,-0.009667410330924001,0.4050333181955552,-0.009667410330924001,0.4050333181955552
weights_on_pim_prefill-128xdecode_67_ops_trace.csv,prefill,-1,-1,22,PIM1,pim,7,"Q:1,K:1,V:1,O:1,FFN_W3:0,FFN_W1:1,FFN_W2:1",0.016248658330924003,0.006581248,pim|prefill|-1|34ccac5ef828e4730b89693f4ee70e0e,-1,sample_step,0.016248658330924003,0.006581248,-0.009667410330924003,0.40503331819555516,-0.009667410330924003,0.40503331819555516
weights_on_pim_prefill-128xdecode_67_ops_trace.csv,prefill,-1,-1,23,GPU0,npu,12,"LN:-1,QK:0,QK:1,Softmax:0,Softmax:1,SV:0,SV:1,Add:-1,LN:-1,SwiGLU:0,SwiGLU:1,Add:-1",0.00022732767038335933,0.0002679807901382446,npu|prefill|-1|48322b0ab0207f84448cb08e6eac5594,-1,sample_step,0.00022732767038335933,0.0002679807901382446,4.0653119754885294e-05,1.1788304947054133,4.0653119754885294e-05,1.1788304947054133
weights_on_pim_prefill-128xdecode_67_ops_trace.csv,prefill,-1,-1,23,PIM0,pim,7,"Q:0,K:0,V:0,O:0,FFN_W1:0,FFN_W3:1,FFN_W2:0",0.016248658330924003,0.0065812480000000005,pim|prefill|-1|1ed976c7c13cd28c472fbdb0cfd672ea,-1,sample_step,0.016248658330924003,0.0065812480000000005,-0.009667410330924001,0.4050333181955552,-0.009667410330924001,0.4050333181955552
weights_on_pim_prefill-128xdecode_67_ops_trace.csv,prefill,-1,-1,23,PIM1,pim,7,"Q:1,K:1,V:1,O:1,FFN_W3:0,FFN_W1:1,FFN_W2:1",0.016248658330924003,0.006581248,pim|prefill|-1|34ccac5ef828e4730b89693f4ee70e0e,-1,sample_step,0.016248658330924003,0.006581248,-0.009667410330924003,0.40503331819555516,-0.009667410330924003,0.40503331819555516
weights_on_pim_prefill-128xdecode_67_ops_trace.csv,prefill,-1,-1,24,GPU0,npu,12,"LN:-1,QK:0,QK:1,Softmax:0,Softmax:1,SV:0,SV:1,Add:-1,LN:-1,SwiGLU:0,SwiGLU:1,Add:-1",0.00022732767038335933,0.0002679807901382446,npu|prefill|-1|48322b0ab0207f84448cb08e6eac5594,-1,sample_step,0.00022732767038335933,0.0002679807901382446,4.0653119754885294e-05,1.1788304947054133,4.0653119754885294e-05,1.1788304947054133
weights_on_pim_prefill-128xdecode_67_ops_trace.csv,prefill,-1,-1,24,PIM0,pim,7,"Q:0,K:0,V:0,O:0,FFN_W1:0,FFN_W3:1,FFN_W2:0",0.016248658330924003,0.0065812480000000005,pim|prefill|-1|1ed976c7c13cd28c472fbdb0cfd672ea,-1,sample_step,0.016248658330924003,0.0065812480000000005,-0.009667410330924001,0.4050333181955552,-0.009667410330924001,0.4050333181955552
weights_on_pim_prefill-128xdecode_67_ops_trace.csv,prefill,-1,-1,24,PIM1,pim,7,"Q:1,K:1,V:1,O:1,FFN_W3:0,FFN_W1:1,FFN_W2:1",0.016248658330924003,0.006581248,pim|prefill|-1|34ccac5ef828e4730b89693f4ee70e0e,-1,sample_step,0.016248658330924003,0.006581248,-0.009667410330924003,0.40503331819555516,-0.009667410330924003,0.40503331819555516
weights_on_pim_prefill-128xdecode_67_ops_trace.csv,prefill,-1,-1,25,GPU0,npu,12,"LN:-1,QK:0,QK:1,Softmax:0,Softmax:1,SV:0,SV:1,Add:-1,LN:-1,SwiGLU:0,SwiGLU:1,Add:-1",0.00022732767038335933,0.0002679807901382446,npu|prefill|-1|48322b0ab0207f84448cb08e6eac5594,-1,sample_step,0.00022732767038335933,0.0002679807901382446,4.0653119754885294e-05,1.1788304947054133,4.0653119754885294e-05,1.1788304947054133
weights_on_pim_prefill-128xdecode_67_ops_trace.csv,prefill,-1,-1,25,PIM0,pim,7,"Q:0,K:0,V:0,O:0,FFN_W1:0,FFN_W3:1,FFN_W2:0",0.016248658330924003,0.0065812480000000005,pim|prefill|-1|1ed976c7c13cd28c472fbdb0cfd672ea,-1,sample_step,0.016248658330924003,0.0065812480000000005,-0.009667410330924001,0.4050333181955552,-0.009667410330924001,0.4050333181955552
weights_on_pim_prefill-128xdecode_67_ops_trace.csv,prefill,-1,-1,25,PIM1,pim,7,"Q:1,K:1,V:1,O:1,FFN_W3:0,FFN_W1:1,FFN_W2:1",0.016248658330924003,0.006581248,pim|prefill|-1|34ccac5ef828e4730b89693f4ee70e0e,-1,sample_step,0.016248658330924003,0.006581248,-0.009667410330924003,0.40503331819555516,-0.009667410330924003,0.40503331819555516
weights_on_pim_prefill-128xdecode_67_ops_trace.csv,prefill,-1,-1,26,GPU0,npu,12,"LN:-1,QK:0,QK:1,Softmax:0,Softmax:1,SV:0,SV:1,Add:-1,LN:-1,SwiGLU:0,SwiGLU:1,Add:-1",0.00022732767038335933,0.0002679807901382446,npu|prefill|-1|48322b0ab0207f84448cb08e6eac5594,-1,sample_step,0.00022732767038335933,0.0002679807901382446,4.0653119754885294e-05,1.1788304947054133,4.0653119754885294e-05,1.1788304947054133
weights_on_pim_prefill-128xdecode_67_ops_trace.csv,prefill,-1,-1,26,PIM0,pim,7,"Q:0,K:0,V:0,O:0,FFN_W1:0,FFN_W3:1,FFN_W2:0",0.016248658330924003,0.0065812480000000005,pim|prefill|-1|1ed976c7c13cd28c472fbdb0cfd672ea,-1,sample_step,0.016248658330924003,0.0065812480000000005,-0.009667410330924001,0.4050333181955552,-0.009667410330924001,0.4050333181955552
weights_on_pim_prefill-128xdecode_67_ops_trace.csv,prefill,-1,-1,26,PIM1,pim,7,"Q:1,K:1,V:1,O:1,FFN_W3:0,FFN_W1:1,FFN_W2:1",0.016248658330924003,0.006581248,pim|prefill|-1|34ccac5ef828e4730b89693f4ee70e0e,-1,sample_step,0.016248658330924003,0.006581248,-0.009667410330924003,0.40503331819555516,-0.009667410330924003,0.40503331819555516
weights_on_pim_prefill-128xdecode_67_ops_trace.csv,prefill,-1,-1,27,GPU0,npu,12,"LN:-1,QK:0,QK:1,Softmax:0,Softmax:1,SV:0,SV:1,Add:-1,LN:-1,SwiGLU:0,SwiGLU:1,Add:-1",0.00022732767038335933,0.0002679807901382446,npu|prefill|-1|48322b0ab0207f84448cb08e6eac5594,-1,sample_step,0.00022732767038335933,0.0002679807901382446,4.0653119754885294e-05,1.1788304947054133,4.0653119754885294e-05,1.1788304947054133
weights_on_pim_prefill-128xdecode_67_ops_trace.csv,prefill,-1,-1,27,PIM0,pim,7,"Q:0,K:0,V:0,O:0,FFN_W1:0,FFN_W3:1,FFN_W2:0",0.016248658330924003,0.0065812480000000005,pim|prefill|-1|1ed976c7c13cd28c472fbdb0cfd672ea,-1,sample_step,0.016248658330924003,0.0065812480000000005,-0.009667410330924001,0.4050333181955552,-0.009667410330924001,0.4050333181955552
weights_on_pim_prefill-128xdecode_67_ops_trace.csv,prefill,-1,-1,27,PIM1,pim,7,"Q:1,K:1,V:1,O:1,FFN_W3:0,FFN_W1:1,FFN_W2:1",0.016248658330924003,0.006581248,pim|prefill|-1|34ccac5ef828e4730b89693f4ee70e0e,-1,sample_step,0.016248658330924003,0.006581248,-0.009667410330924003,0.40503331819555516,-0.009667410330924003,0.40503331819555516
weights_on_pim_prefill-128xdecode_67_ops_trace.csv,prefill,-1,-1,28,GPU0,npu,12,"LN:-1,QK:0,QK:1,Softmax:0,Softmax:1,SV:0,SV:1,Add:-1,LN:-1,SwiGLU:0,SwiGLU:1,Add:-1",0.00022732767038335933,0.0002679807901382446,npu|prefill|-1|48322b0ab0207f84448cb08e6eac5594,-1,sample_step,0.00022732767038335933,0.0002679807901382446,4.0653119754885294e-05,1.1788304947054133,4.0653119754885294e-05,1.1788304947054133
weights_on_pim_prefill-128xdecode_67_ops_trace.csv,prefill,-1,-1,28,PIM0,pim,7,"Q:0,K:0,V:0,O:0,FFN_W1:0,FFN_W3:1,FFN_W2:0",0.016248658330924003,0.0065812480000000005,pim|prefill|-1|1ed976c7c13cd28c472fbdb0cfd672ea,-1,sample_step,0.016248658330924003,0.0065812480000000005,-0.009667410330924001,0.4050333181955552,-0.009667410330924001,0.4050333181955552
weights_on_pim_prefill-128xdecode_67_ops_trace.csv,prefill,-1,-1,28,PIM1,pim,7,"Q:1,K:1,V:1,O:1,FFN_W3:0,FFN_W1:1,FFN_W2:1",0.016248658330924003,0.006581248,pim|prefill|-1|34ccac5ef828e4730b89693f4ee70e0e,-1,sample_step,0.016248658330924003,0.006581248,-0.009667410330924003,0.40503331819555516,-0.009667410330924003,0.40503331819555516
weights_on_pim_prefill-128xdecode_67_ops_trace.csv,prefill,-1,-1,29,GPU0,npu,12,"LN:-1,QK:0,QK:1,Softmax:0,Softmax:1,SV:0,SV:1,Add:-1,LN:-1,SwiGLU:0,SwiGLU:1,Add:-1",0.0002273276703832483,0.0002679807901382446,npu|prefill|-1|48322b0ab0207f84448cb08e6eac5594,-1,sample_step,0.0002273276703832483,0.0002679807901382446,4.0653119754996316e-05,1.178830494705989,4.0653119754996316e-05,1.178830494705989
weights_on_pim_prefill-128xdecode_67_ops_trace.csv,prefill,-1,-1,29,PIM0,pim,7,"Q:0,K:0,V:0,O:0,FFN_W1:0,FFN_W3:1,FFN_W2:0",0.0162486583309242,0.0065812480000000005,pim|prefill|-1|1ed976c7c13cd28c472fbdb0cfd672ea,-1,sample_step,0.0162486583309242,0.0065812480000000005,-0.009667410330924199,0.4050333181955503,-0.009667410330924199,0.4050333181955503
weights_on_pim_prefill-128xdecode_67_ops_trace.csv,prefill,-1,-1,29,PIM1,pim,7,"Q:1,K:1,V:1,O:1,FFN_W3:0,FFN_W1:1,FFN_W2:1",0.016248658330924204,0.006581248,pim|prefill|-1|34ccac5ef828e4730b89693f4ee70e0e,-1,sample_step,0.016248658330924204,0.006581248,-0.009667410330924204,0.4050333181955501,-0.009667410330924204,0.4050333181955501
weights_on_pim_prefill-128xdecode_67_ops_trace.csv,prefill,-1,-1,30,GPU0,npu,12,"LN:-1,QK:0,QK:1,Softmax:0,Softmax:1,SV:0,SV:1,Add:-1,LN:-1,SwiGLU:0,SwiGLU:1,Add:-1",0.00022732767038347035,0.0002679807901382446,npu|prefill|-1|48322b0ab0207f84448cb08e6eac5594,-1,sample_step,0.00022732767038347035,0.0002679807901382446,4.065311975477427e-05,1.1788304947048376,4.065311975477427e-05,1.1788304947048376
weights_on_pim_prefill-128xdecode_67_ops_trace.csv,prefill,-1,-1,30,PIM0,pim,7,"Q:0,K:0,V:0,O:0,FFN_W1:0,FFN_W3:1,FFN_W2:0",0.0162486583309242,0.0065812480000000005,pim|prefill|-1|1ed976c7c13cd28c472fbdb0cfd672ea,-1,sample_step,0.0162486583309242,0.0065812480000000005,-0.009667410330924199,0.4050333181955503,-0.009667410330924199,0.4050333181955503
weights_on_pim_prefill-128xdecode_67_ops_trace.csv,prefill,-1,-1,30,PIM1,pim,7,"Q:1,K:1,V:1,O:1,FFN_W3:0,FFN_W1:1,FFN_W2:1",0.016248658330924204,0.006581248,pim|prefill|-1|34ccac5ef828e4730b89693f4ee70e0e,-1,sample_step,0.016248658330924204,0.006581248,-0.009667410330924204,0.4050333181955501,-0.009667410330924204,0.4050333181955501
weights_on_pim_prefill-128xdecode_67_ops_trace.csv,prefill,-1,-1,31,GPU0,npu,12,"LN:-1,QK:0,QK:1,Softmax:0,Softmax:1,SV:0,SV:1,Add:-1,LN:-1,SwiGLU:0,SwiGLU:1,Add:-1",0.00022732767038347035,0.0002679807901382446,npu|prefill|-1|48322b0ab0207f84448cb08e6eac5594,-1,sample_step,0.00022732767038347035,0.0002679807901382446,4.065311975477427e-05,1.1788304947048376,4.065311975477427e-05,1.1788304947048376
weights_on_pim_prefill-128xdecode_67_ops_trace.csv,prefill,-1,-1,31,PIM0,pim,7,"Q:0,K:0,V:0,O:0,FFN_W1:0,FFN_W3:1,FFN_W2:0",0.0162486583309242,0.0065812480000000005,pim|prefill|-1|1ed976c7c13cd28c472fbdb0cfd672ea,-1,sample_step,0.0162486583309242,0.0065812480000000005,-0.009667410330924199,0.4050333181955503,-0.009667410330924199,0.4050333181955503
weights_on_pim_prefill-128xdecode_67_ops_trace.csv,prefill,-1,-1,31,PIM1,pim,7,"Q:1,K:1,V:1,O:1,FFN_W3:0,FFN_W1:1,FFN_W2:1",0.016248658330924204,0.006581248,pim|prefill|-1|34ccac5ef828e4730b89693f4ee70e0e,-1,sample_step,0.016248658330924204,0.006581248,-0.009667410330924204,0.4050333181955501,-0.009667410330924204,0.4050333181955501
weights_on_pim_prefill-128xdecode_67_ops_trace.csv,decode,0,0,0,GPU0,npu,12,"LN:-1,QK:0,QK:1,Softmax:0,Softmax:1,SV:0,SV:1,Add:-1,LN:-1,SwiGLU:0,SwiGLU:1,Add:-1",0.00010849154273939733,0.0002704384088516235,npu|decode|0|48322b0ab0207f84448cb08e6eac5594,0,sample_step,0.00010849154273939733,0.0002704384088516235,0.0001619468661122262,2.492714197098584,0.0001619468661122262,2.492714197098584
weights_on_pim_prefill-128xdecode_67_ops_trace.csv,decode,0,0,0,PIM0,pim,7,"Q:0,K:0,V:0,O:0,FFN_W1:0,FFN_W3:1,FFN_W2:0",6.291969644178774e-05,5.1416000000000004e-05,pim|decode|0|1ed976c7c13cd28c472fbdb0cfd672ea,0,sample_step,6.291969644178774e-05,5.1416000000000004e-05,-1.1503696441787739e-05,0.817168595966912,-1.1503696441787739e-05,0.817168595966912
weights_on_pim_prefill-128xdecode_67_ops_trace.csv,decode,0,0,0,PIM1,pim,7,"Q:1,K:1,V:1,O:1,FFN_W3:0,FFN_W1:1,FFN_W2:1",6.291969644178774e-05,5.1416e-05,pim|decode|0|34ccac5ef828e4730b89693f4ee70e0e,0,sample_step,6.291969644178774e-05,5.1416e-05,-1.1503696441787745e-05,0.8171685959669119,-1.1503696441787745e-05,0.8171685959669119
weights_on_pim_prefill-128xdecode_67_ops_trace.csv,decode,0,0,1,GPU0,npu,12,"LN:-1,QK:0,QK:1,Softmax:0,Softmax:1,SV:0,SV:1,Add:-1,LN:-1,SwiGLU:0,SwiGLU:1,Add:-1",0.00010849154273939733,0.0002704384088516235,npu|decode|0|48322b0ab0207f84448cb08e6eac5594,0,sample_step,0.00010849154273939733,0.0002704384088516235,0.0001619468661122262,2.492714197098584,0.0001619468661122262,2.492714197098584
weights_on_pim_prefill-128xdecode_67_ops_trace.csv,decode,0,0,1,PIM0,pim,7,"Q:0,K:0,V:0,O:0,FFN_W1:0,FFN_W3:1,FFN_W2:0",6.291969644178774e-05,5.1416000000000004e-05,pim|decode|0|1ed976c7c13cd28c472fbdb0cfd672ea,0,sample_step,6.291969644178774e-05,5.1416000000000004e-05,-1.1503696441787739e-05,0.817168595966912,-1.1503696441787739e-05,0.817168595966912
weights_on_pim_prefill-128xdecode_67_ops_trace.csv,decode,0,0,1,PIM1,pim,7,"Q:1,K:1,V:1,O:1,FFN_W3:0,FFN_W1:1,FFN_W2:1",6.291969644178774e-05,5.1416e-05,pim|decode|0|34ccac5ef828e4730b89693f4ee70e0e,0,sample_step,6.291969644178774e-05,5.1416e-05,-1.1503696441787745e-05,0.8171685959669119,-1.1503696441787745e-05,0.8171685959669119
weights_on_pim_prefill-128xdecode_67_ops_trace.csv,decode,0,0,2,GPU0,npu,12,"LN:-1,QK:0,QK:1,Softmax:0,Softmax:1,SV:0,SV:1,Add:-1,LN:-1,SwiGLU:0,SwiGLU:1,Add:-1",0.00010849154273939733,0.0002704384088516235,npu|decode|0|48322b0ab0207f84448cb08e6eac5594,0,sample_step,0.00010849154273939733,0.0002704384088516235,0.0001619468661122262,2.492714197098584,0.0001619468661122262,2.492714197098584
weights_on_pim_prefill-128xdecode_67_ops_trace.csv,decode,0,0,2,PIM0,pim,7,"Q:0,K:0,V:0,O:0,FFN_W1:0,FFN_W3:1,FFN_W2:0",6.291969644178774e-05,5.1416000000000004e-05,pim|decode|0|1ed976c7c13cd28c472fbdb0cfd672ea,0,sample_step,6.291969644178774e-05,5.1416000000000004e-05,-1.1503696441787739e-05,0.817168595966912,-1.1503696441787739e-05,0.817168595966912
weights_on_pim_prefill-128xdecode_67_ops_trace.csv,decode,0,0,2,PIM1,pim,7,"Q:1,K:1,V:1,O:1,FFN_W3:0,FFN_W1:1,FFN_W2:1",6.291969644178774e-05,5.1416e-05,pim|decode|0|34ccac5ef828e4730b89693f4ee70e0e,0,sample_step,6.291969644178774e-05,5.1416e-05,-1.1503696441787745e-05,0.8171685959669119,-1.1503696441787745e-05,0.8171685959669119
weights_on_pim_prefill-128xdecode_67_ops_trace.csv,decode,0,0,3,GPU0,npu,12,"LN:-1,QK:0,QK:1,Softmax:0,Softmax:1,SV:0,SV:1,Add:-1,LN:-1,SwiGLU:0,SwiGLU:1,Add:-1",0.00010849154273939733,0.0002704384088516235,npu|decode|0|48322b0ab0207f84448cb08e6eac5594,0,sample_step,0.00010849154273939733,0.0002704384088516235,0.0001619468661122262,2.492714197098584,0.0001619468661122262,2.492714197098584
weights_on_pim_prefill-128xdecode_67_ops_trace.csv,decode,0,0,3,PIM0,pim,7,"Q:0,K:0,V:0,O:0,FFN_W1:0,FFN_W3:1,FFN_W2:0",6.291969644178774e-05,5.1416000000000004e-05,pim|decode|0|1ed976c7c13cd28c472fbdb0cfd672ea,0,sample_step,6.291969644178774e-05,5.1416000000000004e-05,-1.1503696441787739e-05,0.817168595966912,-1.1503696441787739e-05,0.817168595966912
weights_on_pim_prefill-128xdecode_67_ops_trace.csv,decode,0,0,3,PIM1,pim,7,"Q:1,K:1,V:1,O:1,FFN_W3:0,FFN_W1:1,FFN_W2:1",6.291969644178774e-05,5.1416e-05,pim|decode|0|34ccac5ef828e4730b89693f4ee70e0e,0,sample_step,6.291969644178774e-05,5.1416e-05,-1.1503696441787745e-05,0.8171685959669119,-1.1503696441787745e-05,0.8171685959669119
weights_on_pim_prefill-128xdecode_67_ops_trace.csv,decode,0,0,4,GPU0,npu,12,"LN:-1,QK:0,QK:1,Softmax:0,Softmax:1,SV:0,SV:1,Add:-1,LN:-1,SwiGLU:0,SwiGLU:1,Add:-1",0.00010849154273939733,0.0002704384088516235,npu|decode|0|48322b0ab0207f84448cb08e6eac5594,0,sample_step,0.00010849154273939733,0.0002704384088516235,0.0001619468661122262,2.492714197098584,0.0001619468661122262,2.492714197098584
weights_on_pim_prefill-128xdecode_67_ops_trace.csv,decode,0,0,4,PIM0,pim,7,"Q:0,K:0,V:0,O:0,FFN_W1:0,FFN_W3:1,FFN_W2:0",6.291969644178774e-05,5.1416000000000004e-05,pim|decode|0|1ed976c7c13cd28c472fbdb0cfd672ea,0,sample_step,6.291969644178774e-05,5.1416000000000004e-05,-1.1503696441787739e-05,0.817168595966912,-1.1503696441787739e-05,0.817168595966912
weights_on_pim_prefill-128xdecode_67_ops_trace.csv,decode,0,0,4,PIM1,pim,7,"Q:1,K:1,V:1,O:1,FFN_W3:0,FFN_W1:1,FFN_W2:1",6.291969644178774e-05,5.1416e-05,pim|decode|0|34ccac5ef828e4730b89693f4ee70e0e,0,sample_step,6.291969644178774e-05,5.1416e-05,-1.1503696441787745e-05,0.8171685959669119,-1.1503696441787745e-05,0.8171685959669119
weights_on_pim_prefill-128xdecode_67_ops_trace.csv,decode,0,0,5,GPU0,npu,12,"LN:-1,QK:0,QK:1,Softmax:0,Softmax:1,SV:0,SV:1,Add:-1,LN:-1,SwiGLU:0,SwiGLU:1,Add:-1",0.00010849154273939733,0.0002704384088516235,npu|decode|0|48322b0ab0207f84448cb08e6eac5594,0,sample_step,0.00010849154273939733,0.0002704384088516235,0.0001619468661122262,2.492714197098584,0.0001619468661122262,2.492714197098584
weights_on_pim_prefill-128xdecode_67_ops_trace.csv,decode,0,0,5,PIM0,pim,7,"Q:0,K:0,V:0,O:0,FFN_W1:0,FFN_W3:1,FFN_W2:0",6.291969644178774e-05,5.1416000000000004e-05,pim|decode|0|1ed976c7c13cd28c472fbdb0cfd672ea,0,sample_step,6.291969644178774e-05,5.1416000000000004e-05,-1.1503696441787739e-05,0.817168595966912,-1.1503696441787739e-05,0.817168595966912
weights_on_pim_prefill-128xdecode_67_ops_trace.csv,decode,0,0,5,PIM1,pim,7,"Q:1,K:1,V:1,O:1,FFN_W3:0,FFN_W1:1,FFN_W2:1",6.291969644178774e-05,5.1416e-05,pim|decode|0|34ccac5ef828e4730b89693f4ee70e0e,0,sample_step,6.291969644178774e-05,5.1416e-05,-1.1503696441787745e-05,0.8171685959669119,-1.1503696441787745e-05,0.8171685959669119
weights_on_pim_prefill-128xdecode_67_ops_trace.csv,decode,0,0,6,GPU0,npu,12,"LN:-1,QK:0,QK:1,Softmax:0,Softmax:1,SV:0,SV:1,Add:-1,LN:-1,SwiGLU:0,SwiGLU:1,Add:-1",0.00010849154273939733,0.0002704384088516235,npu|decode|0|48322b0ab0207f84448cb08e6eac5594,0,sample_step,0.00010849154273939733,0.0002704384088516235,0.0001619468661122262,2.492714197098584,0.0001619468661122262,2.492714197098584
weights_on_pim_prefill-128xdecode_67_ops_trace.csv,decode,0,0,6,PIM0,pim,7,"Q:0,K:0,V:0,O:0,FFN_W1:0,FFN_W3:1,FFN_W2:0",6.291969644178774e-05,5.1416000000000004e-05,pim|decode|0|1ed976c7c13cd28c472fbdb0cfd672ea,0,sample_step,6.291969644178774e-05,5.1416000000000004e-05,-1.1503696441787739e-05,0.817168595966912,-1.1503696441787739e-05,0.817168595966912
weights_on_pim_prefill-128xdecode_67_ops_trace.csv,decode,0,0,6,PIM1,pim,7,"Q:1,K:1,V:1,O:1,FFN_W3:0,FFN_W1:1,FFN_W2:1",6.291969644178774e-05,5.1416e-05,pim|decode|0|34ccac5ef828e4730b89693f4ee70e0e,0,sample_step,6.291969644178774e-05,5.1416e-05,-1.1503696441787745e-05,0.8171685959669119,-1.1503696441787745e-05,0.8171685959669119
weights_on_pim_prefill-128xdecode_67_ops_trace.csv,decode,0,0,7,GPU0,npu,12,"LN:-1,QK:0,QK:1,Softmax:0,Softmax:1,SV:0,SV:1,Add:-1,LN:-1,SwiGLU:0,SwiGLU:1,Add:-1",0.00010849154273939733,0.0002704384088516235,npu|decode|0|48322b0ab0207f84448cb08e6eac5594,0,sample_step,0.00010849154273939733,0.0002704384088516235,0.0001619468661122262,2.492714197098584,0.0001619468661122262,2.492714197098584
weights_on_pim_prefill-128xdecode_67_ops_trace.csv,decode,0,0,7,PIM0,pim,7,"Q:0,K:0,V:0,O:0,FFN_W1:0,FFN_W3:1,FFN_W2:0",6.291969644178774e-05,5.1416000000000004e-05,pim|decode|0|1ed976c7c13cd28c472fbdb0cfd672ea,0,sample_step,6.291969644178774e-05,5.1416000000000004e-05,-1.1503696441787739e-05,0.817168595966912,-1.1503696441787739e-05,0.817168595966912
weights_on_pim_prefill-128xdecode_67_ops_trace.csv,decode,0,0,7,PIM1,pim,7,"Q:1,K:1,V:1,O:1,FFN_W3:0,FFN_W1:1,FFN_W2:1",6.291969644178774e-05,5.1416e-05,pim|decode|0|34ccac5ef828e4730b89693f4ee70e0e,0,sample_step,6.291969644178774e-05,5.1416e-05,-1.1503696441787745e-05,0.8171685959669119,-1.1503696441787745e-05,0.8171685959669119
weights_on_pim_prefill-128xdecode_67_ops_trace.csv,decode,0,0,8,GPU0,npu,12,"LN:-1,QK:0,QK:1,Softmax:0,Softmax:1,SV:0,SV:1,Add:-1,LN:-1,SwiGLU:0,SwiGLU:1,Add:-1",0.00010849154273939733,0.0002704384088516235,npu|decode|0|48322b0ab0207f84448cb08e6eac5594,0,sample_step,0.00010849154273939733,0.0002704384088516235,0.0001619468661122262,2.492714197098584,0.0001619468661122262,2.492714197098584
weights_on_pim_prefill-128xdecode_67_ops_trace.csv,decode,0,0,8,PIM0,pim,7,"Q:0,K:0,V:0,O:0,FFN_W1:0,FFN_W3:1,FFN_W2:0",6.291969644178774e-05,5.1416000000000004e-05,pim|decode|0|1ed976c7c13cd28c472fbdb0cfd672ea,0,sample_step,6.291969644178774e-05,5.1416000000000004e-05,-1.1503696441787739e-05,0.817168595966912,-1.1503696441787739e-05,0.817168595966912
weights_on_pim_prefill-128xdecode_67_ops_trace.csv,decode,0,0,8,PIM1,pim,7,"Q:1,K:1,V:1,O:1,FFN_W3:0,FFN_W1:1,FFN_W2:1",6.291969644178774e-05,5.1416e-05,pim|decode|0|34ccac5ef828e4730b89693f4ee70e0e,0,sample_step,6.291969644178774e-05,5.1416e-05,-1.1503696441787745e-05,0.8171685959669119,-1.1503696441787745e-05,0.8171685959669119
weights_on_pim_prefill-128xdecode_67_ops_trace.csv,decode,0,0,9,GPU0,npu,12,"LN:-1,QK:0,QK:1,Softmax:0,Softmax:1,SV:0,SV:1,Add:-1,LN:-1,SwiGLU:0,SwiGLU:1,Add:-1",0.00010849154273939733,0.0002704384088516235,npu|decode|0|48322b0ab0207f84448cb08e6eac5594,0,sample_step,0.00010849154273939733,0.0002704384088516235,0.0001619468661122262,2.492714197098584,0.0001619468661122262,2.492714197098584
weights_on_pim_prefill-128xdecode_67_ops_trace.csv,decode,0,0,9,PIM0,pim,7,"Q:0,K:0,V:0,O:0,FFN_W1:0,FFN_W3:1,FFN_W2:0",6.291969644178774e-05,5.1416000000000004e-05,pim|decode|0|1ed976c7c13cd28c472fbdb0cfd672ea,0,sample_step,6.291969644178774e-05,5.1416000000000004e-05,-1.1503696441787739e-05,0.817168595966912,-1.1503696441787739e-05,0.817168595966912
weights_on_pim_prefill-128xdecode_67_ops_trace.csv,decode,0,0,9,PIM1,pim,7,"Q:1,K:1,V:1,O:1,FFN_W3:0,FFN_W1:1,FFN_W2:1",6.291969644178774e-05,5.1416e-05,pim|decode|0|34ccac5ef828e4730b89693f4ee70e0e,0,sample_step,6.291969644178774e-05,5.1416e-05,-1.1503696441787745e-05,0.8171685959669119,-1.1503696441787745e-05,0.8171685959669119
weights_on_pim_prefill-128xdecode_67_ops_trace.csv,decode,0,0,10,GPU0,npu,12,"LN:-1,QK:0,QK:1,Softmax:0,Softmax:1,SV:0,SV:1,Add:-1,LN:-1,SwiGLU:0,SwiGLU:1,Add:-1",0.00010849154273939733,0.0002704384088516235,npu|decode|0|48322b0ab0207f84448cb08e6eac5594,0,sample_step,0.00010849154273939733,0.0002704384088516235,0.0001619468661122262,2.492714197098584,0.0001619468661122262,2.492714197098584
weights_on_pim_prefill-128xdecode_67_ops_trace.csv,decode,0,0,10,PIM0,pim,7,"Q:0,K:0,V:0,O:0,FFN_W1:0,FFN_W3:1,FFN_W2:0",6.291969644178774e-05,5.1416000000000004e-05,pim|decode|0|1ed976c7c13cd28c472fbdb0cfd672ea,0,sample_step,6.291969644178774e-05,5.1416000000000004e-05,-1.1503696441787739e-05,0.817168595966912,-1.1503696441787739e-05,0.817168595966912
weights_on_pim_prefill-128xdecode_67_ops_trace.csv,decode,0,0,10,PIM1,pim,7,"Q:1,K:1,V:1,O:1,FFN_W3:0,FFN_W1:1,FFN_W2:1",6.291969644178774e-05,5.1416e-05,pim|decode|0|34ccac5ef828e4730b89693f4ee70e0e,0,sample_step,6.291969644178774e-05,5.1416e-05,-1.1503696441787745e-05,0.8171685959669119,-1.1503696441787745e-05,0.8171685959669119
weights_on_pim_prefill-128xdecode_67_ops_trace.csv,decode,0,0,11,GPU0,npu,12,"LN:-1,QK:0,QK:1,Softmax:0,Softmax:1,SV:0,SV:1,Add:-1,LN:-1,SwiGLU:0,SwiGLU:1,Add:-1",0.00010849154273939733,0.0002704384088516235,npu|decode|0|48322b0ab0207f84448cb08e6eac5594,0,sample_step,0.00010849154273939733,0.0002704384088516235,0.0001619468661122262,2.492714197098584,0.0001619468661122262,2.492714197098584
weights_on_pim_prefill-128xdecode_67_ops_trace.csv,decode,0,0,11,PIM0,pim,7,"Q:0,K:0,V:0,O:0,FFN_W1:0,FFN_W3:1,FFN_W2:0",6.291969644178774e-05,5.1416000000000004e-05,pim|decode|0|1ed976c7c13cd28c472fbdb0cfd672ea,0,sample_step,6.291969644178774e-05,5.1416000000000004e-05,-1.1503696441787739e-05,0.817168595966912,-1.1503696441787739e-05,0.817168595966912
weights_on_pim_prefill-128xdecode_67_ops_trace.csv,decode,0,0,11,PIM1,pim,7,"Q:1,K:1,V:1,O:1,FFN_W3:0,FFN_W1:1,FFN_W2:1",6.291969644178774e-05,5.1416e-05,pim|decode|0|34ccac5ef828e4730b89693f4ee70e0e,0,sample_step,6.291969644178774e-05,5.1416e-05,-1.1503696441787745e-05,0.8171685959669119,-1.1503696441787745e-05,0.8171685959669119
weights_on_pim_prefill-128xdecode_67_ops_trace.csv,decode,0,0,12,GPU0,npu,12,"LN:-1,QK:0,QK:1,Softmax:0,Softmax:1,SV:0,SV:1,Add:-1,LN:-1,SwiGLU:0,SwiGLU:1,Add:-1",0.00010849154273939733,0.0002704384088516235,npu|decode|0|48322b0ab0207f84448cb08e6eac5594,0,sample_step,0.00010849154273939733,0.0002704384088516235,0.0001619468661122262,2.492714197098584,0.0001619468661122262,2.492714197098584
weights_on_pim_prefill-128xdecode_67_ops_trace.csv,decode,0,0,12,PIM0,pim,7,"Q:0,K:0,V:0,O:0,FFN_W1:0,FFN_W3:1,FFN_W2:0",6.291969644178774e-05,5.1416000000000004e-05,pim|decode|0|1ed976c7c13cd28c472fbdb0cfd672ea,0,sample_step,6.291969644178774e-05,5.1416000000000004e-05,-1.1503696441787739e-05,0.817168595966912,-1.1503696441787739e-05,0.817168595966912
weights_on_pim_prefill-128xdecode_67_ops_trace.csv,decode,0,0,12,PIM1,pim,7,"Q:1,K:1,V:1,O:1,FFN_W3:0,FFN_W1:1,FFN_W2:1",6.291969644178774e-05,5.1416e-05,pim|decode|0|34ccac5ef828e4730b89693f4ee70e0e,0,sample_step,6.291969644178774e-05,5.1416e-05,-1.1503696441787745e-05,0.8171685959669119,-1.1503696441787745e-05,0.8171685959669119
weights_on_pim_prefill-128xdecode_67_ops_trace.csv,decode,0,0,13,GPU0,npu,12,"LN:-1,QK:0,QK:1,Softmax:0,Softmax:1,SV:0,SV:1,Add:-1,LN:-1,SwiGLU:0,SwiGLU:1,Add:-1",0.00010849154273939733,0.0002704384088516235,npu|decode|0|48322b0ab0207f84448cb08e6eac5594,0,sample_step,0.00010849154273939733,0.0002704384088516235,0.0001619468661122262,2.492714197098584,0.0001619468661122262,2.492714197098584
weights_on_pim_prefill-128xdecode_67_ops_trace.csv,decode,0,0,13,PIM0,pim,7,"Q:0,K:0,V:0,O:0,FFN_W1:0,FFN_W3:1,FFN_W2:0",6.291969644178774e-05,5.1416000000000004e-05,pim|decode|0|1ed976c7c13cd28c472fbdb0cfd672ea,0,sample_step,6.291969644178774e-05,5.1416000000000004e-05,-1.1503696441787739e-05,0.817168595966912,-1.1503696441787739e-05,0.817168595966912
weights_on_pim_prefill-128xdecode_67_ops_trace.csv,decode,0,0,13,PIM1,pim,7,"Q:1,K:1,V:1,O:1,FFN_W3:0,FFN_W1:1,FFN_W2:1",6.291969644178774e-05,5.1416e-05,pim|decode|0|34ccac5ef828e4730b89693f4ee70e0e,0,sample_step,6.291969644178774e-05,5.1416e-05,-1.1503696441787745e-05,0.8171685959669119,-1.1503696441787745e-05,0.8171685959669119
weights_on_pim_prefill-128xdecode_67_ops_trace.csv,decode,0,0,14,GPU0,npu,12,"LN:-1,QK:0,QK:1,Softmax:0,Softmax:1,SV:0,SV:1,Add:-1,LN:-1,SwiGLU:0,SwiGLU:1,Add:-1",0.00010849154273939733,0.0002704384088516235,npu|decode|0|48322b0ab0207f84448cb08e6eac5594,0,sample_step,0.00010849154273939733,0.0002704384088516235,0.0001619468661122262,2.492714197098584,0.0001619468661122262,2.492714197098584
weights_on_pim_prefill-128xdecode_67_ops_trace.csv,decode,0,0,14,PIM0,pim,7,"Q:0,K:0,V:0,O:0,FFN_W1:0,FFN_W3:1,FFN_W2:0",6.291969644178774e-05,5.1416000000000004e-05,pim|decode|0|1ed976c7c13cd28c472fbdb0cfd672ea,0,sample_step,6.291969644178774e-05,5.1416000000000004e-05,-1.1503696441787739e-05,0.817168595966912,-1.1503696441787739e-05,0.817168595966912
weights_on_pim_prefill-128xdecode_67_ops_trace.csv,decode,0,0,14,PIM1,pim,7,"Q:1,K:1,V:1,O:1,FFN_W3:0,FFN_W1:1,FFN_W2:1",6.291969644178774e-05,5.1416e-05,pim|decode|0|34ccac5ef828e4730b89693f4ee70e0e,0,sample_step,6.291969644178774e-05,5.1416e-05,-1.1503696441787745e-05,0.8171685959669119,-1.1503696441787745e-05,0.8171685959669119
weights_on_pim_prefill-128xdecode_67_ops_trace.csv,decode,0,0,15,GPU0,npu,12,"LN:-1,QK:0,QK:1,Softmax:0,Softmax:1,SV:0,SV:1,Add:-1,LN:-1,SwiGLU:0,SwiGLU:1,Add:-1",0.00010849154273939733,0.0002704384088516235,npu|decode|0|48322b0ab0207f84448cb08e6eac5594,0,sample_step,0.00010849154273939733,0.0002704384088516235,0.0001619468661122262,2.492714197098584,0.0001619468661122262,2.492714197098584
weights_on_pim_prefill-128xdecode_67_ops_trace.csv,decode,0,0,15,PIM0,pim,7,"Q:0,K:0,V:0,O:0,FFN_W1:0,FFN_W3:1,FFN_W2:0",6.291969644178774e-05,5.1416000000000004e-05,pim|decode|0|1ed976c7c13cd28c472fbdb0cfd672ea,0,sample_step,6.291969644178774e-05,5.1416000000000004e-05,-1.1503696441787739e-05,0.817168595966912,-1.1503696441787739e-05,0.817168595966912
weights_on_pim_prefill-128xdecode_67_ops_trace.csv,decode,0,0,15,PIM1,pim,7,"Q:1,K:1,V:1,O:1,FFN_W3:0,FFN_W1:1,FFN_W2:1",6.291969644178774e-05,5.1416e-05,pim|decode|0|34ccac5ef828e4730b89693f4ee70e0e,0,sample_step,6.291969644178774e-05,5.1416e-05,-1.1503696441787745e-05,0.8171685959669119,-1.1503696441787745e-05,0.8171685959669119
weights_on_pim_prefill-128xdecode_67_ops_trace.csv,decode,0,0,16,GPU0,npu,12,"LN:-1,QK:0,QK:1,Softmax:0,Softmax:1,SV:0,SV:1,Add:-1,LN:-1,SwiGLU:0,SwiGLU:1,Add:-1",0.00010849154273939733,0.0002704384088516235,npu|decode|0|48322b0ab0207f84448cb08e6eac5594,0,sample_step,0.00010849154273939733,0.0002704384088516235,0.0001619468661122262,2.492714197098584,0.0001619468661122262,2.492714197098584
weights_on_pim_prefill-128xdecode_67_ops_trace.csv,decode,0,0,16,PIM0,pim,7,"Q:0,K:0,V:0,O:0,FFN_W1:0,FFN_W3:1,FFN_W2:0",6.291969644178774e-05,5.1416000000000004e-05,pim|decode|0|1ed976c7c13cd28c472fbdb0cfd672ea,0,sample_step,6.291969644178774e-05,5.1416000000000004e-05,-1.1503696441787739e-05,0.817168595966912,-1.1503696441787739e-05,0.817168595966912
weights_on_pim_prefill-128xdecode_67_ops_trace.csv,decode,0,0,16,PIM1,pim,7,"Q:1,K:1,V:1,O:1,FFN_W3:0,FFN_W1:1,FFN_W2:1",6.291969644178774e-05,5.1416e-05,pim|decode|0|34ccac5ef828e4730b89693f4ee70e0e,0,sample_step,6.291969644178774e-05,5.1416e-05,-1.1503696441787745e-05,0.8171685959669119,-1.1503696441787745e-05,0.8171685959669119
weights_on_pim_prefill-128xdecode_67_ops_trace.csv,decode,0,0,17,GPU0,npu,12,"LN:-1,QK:0,QK:1,Softmax:0,Softmax:1,SV:0,SV:1,Add:-1,LN:-1,SwiGLU:0,SwiGLU:1,Add:-1",0.00010849154273939733,0.0002704384088516235,npu|decode|0|48322b0ab0207f84448cb08e6eac5594,0,sample_step,0.00010849154273939733,0.0002704384088516235,0.0001619468661122262,2.492714197098584,0.0001619468661122262,2.492714197098584
weights_on_pim_prefill-128xdecode_67_ops_trace.csv,decode,0,0,17,PIM0,pim,7,"Q:0,K:0,V:0,O:0,FFN_W1:0,FFN_W3:1,FFN_W2:0",6.291969644178774e-05,5.1416000000000004e-05,pim|decode|0|1ed976c7c13cd28c472fbdb0cfd672ea,0,sample_step,6.291969644178774e-05,5.1416000000000004e-05,-1.1503696441787739e-05,0.817168595966912,-1.1503696441787739e-05,0.817168595966912
weights_on_pim_prefill-128xdecode_67_ops_trace.csv,decode,0,0,17,PIM1,pim,7,"Q:1,K:1,V:1,O:1,FFN_W3:0,FFN_W1:1,FFN_W2:1",6.291969644178774e-05,5.1416e-05,pim|decode|0|34ccac5ef828e4730b89693f4ee70e0e,0,sample_step,6.291969644178774e-05,5.1416e-05,-1.1503696441787745e-05,0.8171685959669119,-1.1503696441787745e-05,0.8171685959669119
weights_on_pim_prefill-128xdecode_67_ops_trace.csv,decode,0,0,18,GPU0,npu,12,"LN:-1,QK:0,QK:1,Softmax:0,Softmax:1,SV:0,SV:1,Add:-1,LN:-1,SwiGLU:0,SwiGLU:1,Add:-1",0.00010849154273939733,0.0002704384088516235,npu|decode|0|48322b0ab0207f84448cb08e6eac5594,0,sample_step,0.00010849154273939733,0.0002704384088516235,0.0001619468661122262,2.492714197098584,0.0001619468661122262,2.492714197098584
weights_on_pim_prefill-128xdecode_67_ops_trace.csv,decode,0,0,18,PIM0,pim,7,"Q:0,K:0,V:0,O:0,FFN_W1:0,FFN_W3:1,FFN_W2:0",6.291969644178774e-05,5.1416000000000004e-05,pim|decode|0|1ed976c7c13cd28c472fbdb0cfd672ea,0,sample_step,6.291969644178774e-05,5.1416000000000004e-05,-1.1503696441787739e-05,0.817168595966912,-1.1503696441787739e-05,0.817168595966912
weights_on_pim_prefill-128xdecode_67_ops_trace.csv,decode,0,0,18,PIM1,pim,7,"Q:1,K:1,V:1,O:1,FFN_W3:0,FFN_W1:1,FFN_W2:1",6.291969644178774e-05,5.1416e-05,pim|decode|0|34ccac5ef828e4730b89693f4ee70e0e,0,sample_step,6.291969644178774e-05,5.1416e-05,-1.1503696441787745e-05,0.8171685959669119,-1.1503696441787745e-05,0.8171685959669119
weights_on_pim_prefill-128xdecode_67_ops_trace.csv,decode,0,0,19,GPU0,npu,12,"LN:-1,QK:0,QK:1,Softmax:0,Softmax:1,SV:0,SV:1,Add:-1,LN:-1,SwiGLU:0,SwiGLU:1,Add:-1",0.00010849154273939733,0.0002704384088516235,npu|decode|0|48322b0ab0207f84448cb08e6eac5594,0,sample_step,0.00010849154273939733,0.0002704384088516235,0.0001619468661122262,2.492714197098584,0.0001619468661122262,2.492714197098584
weights_on_pim_prefill-128xdecode_67_ops_trace.csv,decode,0,0,19,PIM0,pim,7,"Q:0,K:0,V:0,O:0,FFN_W1:0,FFN_W3:1,FFN_W2:0",6.291969644178774e-05,5.1416000000000004e-05,pim|decode|0|1ed976c7c13cd28c472fbdb0cfd672ea,0,sample_step,6.291969644178774e-05,5.1416000000000004e-05,-1.1503696441787739e-05,0.817168595966912,-1.1503696441787739e-05,0.817168595966912
weights_on_pim_prefill-128xdecode_67_ops_trace.csv,decode,0,0,19,PIM1,pim,7,"Q:1,K:1,V:1,O:1,FFN_W3:0,FFN_W1:1,FFN_W2:1",6.291969644178774e-05,5.1416e-05,pim|decode|0|34ccac5ef828e4730b89693f4ee70e0e,0,sample_step,6.291969644178774e-05,5.1416e-05,-1.1503696441787745e-05,0.8171685959669119,-1.1503696441787745e-05,0.8171685959669119
weights_on_pim_prefill-128xdecode_67_ops_trace.csv,decode,0,0,20,GPU0,npu,12,"LN:-1,QK:0,QK:1,Softmax:0,Softmax:1,SV:0,SV:1,Add:-1,LN:-1,SwiGLU:0,SwiGLU:1,Add:-1",0.00010849154273939733,0.0002704384088516235,npu|decode|0|48322b0ab0207f84448cb08e6eac5594,0,sample_step,0.00010849154273939733,0.0002704384088516235,0.0001619468661122262,2.492714197098584,0.0001619468661122262,2.492714197098584
weights_on_pim_prefill-128xdecode_67_ops_trace.csv,decode,0,0,20,PIM0,pim,7,"Q:0,K:0,V:0,O:0,FFN_W1:0,FFN_W3:1,FFN_W2:0",6.291969644178774e-05,5.1416000000000004e-05,pim|decode|0|1ed976c7c13cd28c472fbdb0cfd672ea,0,sample_step,6.291969644178774e-05,5.1416000000000004e-05,-1.1503696441787739e-05,0.817168595966912,-1.1503696441787739e-05,0.817168595966912
weights_on_pim_prefill-128xdecode_67_ops_trace.csv,decode,0,0,20,PIM1,pim,7,"Q:1,K:1,V:1,O:1,FFN_W3:0,FFN_W1:1,FFN_W2:1",6.291969644178774e-05,5.1416e-05,pim|decode|0|34ccac5ef828e4730b89693f4ee70e0e,0,sample_step,6.291969644178774e-05,5.1416e-05,-1.1503696441787745e-05,0.8171685959669119,-1.1503696441787745e-05,0.8171685959669119
weights_on_pim_prefill-128xdecode_67_ops_trace.csv,decode,0,0,21,GPU0,npu,12,"LN:-1,QK:0,QK:1,Softmax:0,Softmax:1,SV:0,SV:1,Add:-1,LN:-1,SwiGLU:0,SwiGLU:1,Add:-1",0.00010849154273939733,0.0002704384088516235,npu|decode|0|48322b0ab0207f84448cb08e6eac5594,0,sample_step,0.00010849154273939733,0.0002704384088516235,0.0001619468661122262,2.492714197098584,0.0001619468661122262,2.492714197098584
weights_on_pim_prefill-128xdecode_67_ops_trace.csv,decode,0,0,21,PIM0,pim,7,"Q:0,K:0,V:0,O:0,FFN_W1:0,FFN_W3:1,FFN_W2:0",6.291969644178774e-05,5.1416000000000004e-05,pim|decode|0|1ed976c7c13cd28c472fbdb0cfd672ea,0,sample_step,6.291969644178774e-05,5.1416000000000004e-05,-1.1503696441787739e-05,0.817168595966912,-1.1503696441787739e-05,0.817168595966912
weights_on_pim_prefill-128xdecode_67_ops_trace.csv,decode,0,0,21,PIM1,pim,7,"Q:1,K:1,V:1,O:1,FFN_W3:0,FFN_W1:1,FFN_W2:1",6.291969644178774e-05,5.1416e-05,pim|decode|0|34ccac5ef828e4730b89693f4ee70e0e,0,sample_step,6.291969644178774e-05,5.1416e-05,-1.1503696441787745e-05,0.8171685959669119,-1.1503696441787745e-05,0.8171685959669119
weights_on_pim_prefill-128xdecode_67_ops_trace.csv,decode,0,0,22,GPU0,npu,12,"LN:-1,QK:0,QK:1,Softmax:0,Softmax:1,SV:0,SV:1,Add:-1,LN:-1,SwiGLU:0,SwiGLU:1,Add:-1",0.00010849154273939733,0.0002704384088516235,npu|decode|0|48322b0ab0207f84448cb08e6eac5594,0,sample_step,0.00010849154273939733,0.0002704384088516235,0.0001619468661122262,2.492714197098584,0.0001619468661122262,2.492714197098584
weights_on_pim_prefill-128xdecode_67_ops_trace.csv,decode,0,0,22,PIM0,pim,7,"Q:0,K:0,V:0,O:0,FFN_W1:0,FFN_W3:1,FFN_W2:0",6.291969644178774e-05,5.1416000000000004e-05,pim|decode|0|1ed976c7c13cd28c472fbdb0cfd672ea,0,sample_step,6.291969644178774e-05,5.1416000000000004e-05,-1.1503696441787739e-05,0.817168595966912,-1.1503696441787739e-05,0.817168595966912
weights_on_pim_prefill-128xdecode_67_ops_trace.csv,decode,0,0,22,PIM1,pim,7,"Q:1,K:1,V:1,O:1,FFN_W3:0,FFN_W1:1,FFN_W2:1",6.291969644178774e-05,5.1416e-05,pim|decode|0|34ccac5ef828e4730b89693f4ee70e0e,0,sample_step,6.291969644178774e-05,5.1416e-05,-1.1503696441787745e-05,0.8171685959669119,-1.1503696441787745e-05,0.8171685959669119
weights_on_pim_prefill-128xdecode_67_ops_trace.csv,decode,0,0,23,GPU0,npu,12,"LN:-1,QK:0,QK:1,Softmax:0,Softmax:1,SV:0,SV:1,Add:-1,LN:-1,SwiGLU:0,SwiGLU:1,Add:-1",0.00010849154273939733,0.0002704384088516235,npu|decode|0|48322b0ab0207f84448cb08e6eac5594,0,sample_step,0.00010849154273939733,0.0002704384088516235,0.0001619468661122262,2.492714197098584,0.0001619468661122262,2.492714197098584
weights_on_pim_prefill-128xdecode_67_ops_trace.csv,decode,0,0,23,PIM0,pim,7,"Q:0,K:0,V:0,O:0,FFN_W1:0,FFN_W3:1,FFN_W2:0",6.291969644178774e-05,5.1416000000000004e-05,pim|decode|0|1ed976c7c13cd28c472fbdb0cfd672ea,0,sample_step,6.291969644178774e-05,5.1416000000000004e-05,-1.1503696441787739e-05,0.817168595966912,-1.1503696441787739e-05,0.817168595966912
weights_on_pim_prefill-128xdecode_67_ops_trace.csv,decode,0,0,23,PIM1,pim,7,"Q:1,K:1,V:1,O:1,FFN_W3:0,FFN_W1:1,FFN_W2:1",6.291969644178774e-05,5.1416e-05,pim|decode|0|34ccac5ef828e4730b89693f4ee70e0e,0,sample_step,6.291969644178774e-05,5.1416e-05,-1.1503696441787745e-05,0.8171685959669119,-1.1503696441787745e-05,0.8171685959669119
weights_on_pim_prefill-128xdecode_67_ops_trace.csv,decode,0,0,24,GPU0,npu,12,"LN:-1,QK:0,QK:1,Softmax:0,Softmax:1,SV:0,SV:1,Add:-1,LN:-1,SwiGLU:0,SwiGLU:1,Add:-1",0.00010849154273939733,0.0002704384088516235,npu|decode|0|48322b0ab0207f84448cb08e6eac5594,0,sample_step,0.00010849154273939733,0.0002704384088516235,0.0001619468661122262,2.492714197098584,0.0001619468661122262,2.492714197098584
weights_on_pim_prefill-128xdecode_67_ops_trace.csv,decode,0,0,24,PIM0,pim,7,"Q:0,K:0,V:0,O:0,FFN_W1:0,FFN_W3:1,FFN_W2:0",6.291969644178774e-05,5.1416000000000004e-05,pim|decode|0|1ed976c7c13cd28c472fbdb0cfd672ea,0,sample_step,6.291969644178774e-05,5.1416000000000004e-05,-1.1503696441787739e-05,0.817168595966912,-1.1503696441787739e-05,0.817168595966912
weights_on_pim_prefill-128xdecode_67_ops_trace.csv,decode,0,0,24,PIM1,pim,7,"Q:1,K:1,V:1,O:1,FFN_W3:0,FFN_W1:1,FFN_W2:1",6.291969644178774e-05,5.1416e-05,pim|decode|0|34ccac5ef828e4730b89693f4ee70e0e,0,sample_step,6.291969644178774e-05,5.1416e-05,-1.1503696441787745e-05,0.8171685959669119,-1.1503696441787745e-05,0.8171685959669119
weights_on_pim_prefill-128xdecode_67_ops_trace.csv,decode,0,0,25,GPU0,npu,12,"LN:-1,QK:0,QK:1,Softmax:0,Softmax:1,SV:0,SV:1,Add:-1,LN:-1,SwiGLU:0,SwiGLU:1,Add:-1",0.00010849154273939733,0.0002704384088516235,npu|decode|0|48322b0ab0207f84448cb08e6eac5594,0,sample_step,0.00010849154273939733,0.0002704384088516235,0.0001619468661122262,2.492714197098584,0.0001619468661122262,2.492714197098584
weights_on_pim_prefill-128xdecode_67_ops_trace.csv,decode,0,0,25,PIM0,pim,7,"Q:0,K:0,V:0,O:0,FFN_W1:0,FFN_W3:1,FFN_W2:0",6.291969644178774e-05,5.1416000000000004e-05,pim|decode|0|1ed976c7c13cd28c472fbdb0cfd672ea,0,sample_step,6.291969644178774e-05,5.1416000000000004e-05,-1.1503696441787739e-05,0.817168595966912,-1.1503696441787739e-05,0.817168595966912
weights_on_pim_prefill-128xdecode_67_ops_trace.csv,decode,0,0,25,PIM1,pim,7,"Q:1,K:1,V:1,O:1,FFN_W3:0,FFN_W1:1,FFN_W2:1",6.291969644178774e-05,5.1416e-05,pim|decode|0|34ccac5ef828e4730b89693f4ee70e0e,0,sample_step,6.291969644178774e-05,5.1416e-05,-1.1503696441787745e-05,0.8171685959669119,-1.1503696441787745e-05,0.8171685959669119
weights_on_pim_prefill-128xdecode_67_ops_trace.csv,decode,0,0,26,GPU0,npu,12,"LN:-1,QK:0,QK:1,Softmax:0,Softmax:1,SV:0,SV:1,Add:-1,LN:-1,SwiGLU:0,SwiGLU:1,Add:-1",0.00010849154273939733,0.0002704384088516235,npu|decode|0|48322b0ab0207f84448cb08e6eac5594,0,sample_step,0.00010849154273939733,0.0002704384088516235,0.0001619468661122262,2.492714197098584,0.0001619468661122262,2.492714197098584
weights_on_pim_prefill-128xdecode_67_ops_trace.csv,decode,0,0,26,PIM0,pim,7,"Q:0,K:0,V:0,O:0,FFN_W1:0,FFN_W3:1,FFN_W2:0",6.291969644178774e-05,5.1416000000000004e-05,pim|decode|0|1ed976c7c13cd28c472fbdb0cfd672ea,0,sample_step,6.291969644178774e-05,5.1416000000000004e-05,-1.1503696441787739e-05,0.817168595966912,-1.1503696441787739e-05,0.817168595966912
weights_on_pim_prefill-128xdecode_67_ops_trace.csv,decode,0,0,26,PIM1,pim,7,"Q:1,K:1,V:1,O:1,FFN_W3:0,FFN_W1:1,FFN_W2:1",6.291969644178774e-05,5.1416e-05,pim|decode|0|34ccac5ef828e4730b89693f4ee70e0e,0,sample_step,6.291969644178774e-05,5.1416e-05,-1.1503696441787745e-05,0.8171685959669119,-1.1503696441787745e-05,0.8171685959669119
weights_on_pim_prefill-128xdecode_67_ops_trace.csv,decode,0,0,27,GPU0,npu,12,"LN:-1,QK:0,QK:1,Softmax:0,Softmax:1,SV:0,SV:1,Add:-1,LN:-1,SwiGLU:0,SwiGLU:1,Add:-1",0.00010849154273939733,0.0002704384088516235,npu|decode|0|48322b0ab0207f84448cb08e6eac5594,0,sample_step,0.00010849154273939733,0.0002704384088516235,0.0001619468661122262,2.492714197098584,0.0001619468661122262,2.492714197098584
weights_on_pim_prefill-128xdecode_67_ops_trace.csv,decode,0,0,27,PIM0,pim,7,"Q:0,K:0,V:0,O:0,FFN_W1:0,FFN_W3:1,FFN_W2:0",6.291969644178774e-05,5.1416000000000004e-05,pim|decode|0|1ed976c7c13cd28c472fbdb0cfd672ea,0,sample_step,6.291969644178774e-05,5.1416000000000004e-05,-1.1503696441787739e-05,0.817168595966912,-1.1503696441787739e-05,0.817168595966912
weights_on_pim_prefill-128xdecode_67_ops_trace.csv,decode,0,0,27,PIM1,pim,7,"Q:1,K:1,V:1,O:1,FFN_W3:0,FFN_W1:1,FFN_W2:1",6.291969644178774e-05,5.1416e-05,pim|decode|0|34ccac5ef828e4730b89693f4ee70e0e,0,sample_step,6.291969644178774e-05,5.1416e-05,-1.1503696441787745e-05,0.8171685959669119,-1.1503696441787745e-05,0.8171685959669119
weights_on_pim_prefill-128xdecode_67_ops_trace.csv,decode,0,0,28,GPU0,npu,12,"LN:-1,QK:0,QK:1,Softmax:0,Softmax:1,SV:0,SV:1,Add:-1,LN:-1,SwiGLU:0,SwiGLU:1,Add:-1",0.00010849154273939733,0.0002704384088516235,npu|decode|0|48322b0ab0207f84448cb08e6eac5594,0,sample_step,0.00010849154273939733,0.0002704384088516235,0.0001619468661122262,2.492714197098584,0.0001619468661122262,2.492714197098584
weights_on_pim_prefill-128xdecode_67_ops_trace.csv,decode,0,0,28,PIM0,pim,7,"Q:0,K:0,V:0,O:0,FFN_W1:0,FFN_W3:1,FFN_W2:0",6.291969644178774e-05,5.1416000000000004e-05,pim|decode|0|1ed976c7c13cd28c472fbdb0cfd672ea,0,sample_step,6.291969644178774e-05,5.1416000000000004e-05,-1.1503696441787739e-05,0.817168595966912,-1.1503696441787739e-05,0.817168595966912
weights_on_pim_prefill-128xdecode_67_ops_trace.csv,decode,0,0,28,PIM1,pim,7,"Q:1,K:1,V:1,O:1,FFN_W3:0,FFN_W1:1,FFN_W2:1",6.291969644178774e-05,5.1416e-05,pim|decode|0|34ccac5ef828e4730b89693f4ee70e0e,0,sample_step,6.291969644178774e-05,5.1416e-05,-1.1503696441787745e-05,0.8171685959669119,-1.1503696441787745e-05,0.8171685959669119
weights_on_pim_prefill-128xdecode_67_ops_trace.csv,decode,0,0,29,GPU0,npu,12,"LN:-1,QK:0,QK:1,Softmax:0,Softmax:1,SV:0,SV:1,Add:-1,LN:-1,SwiGLU:0,SwiGLU:1,Add:-1",0.00010849154273939733,0.0002704384088516235,npu|decode|0|48322b0ab0207f84448cb08e6eac5594,0,sample_step,0.00010849154273939733,0.0002704384088516235,0.0001619468661122262,2.492714197098584,0.0001619468661122262,2.492714197098584
weights_on_pim_prefill-128xdecode_67_ops_trace.csv,decode,0,0,29,PIM0,pim,7,"Q:0,K:0,V:0,O:0,FFN_W1:0,FFN_W3:1,FFN_W2:0",6.291969644178774e-05,5.1416000000000004e-05,pim|decode|0|1ed976c7c13cd28c472fbdb0cfd672ea,0,sample_step,6.291969644178774e-05,5.1416000000000004e-05,-1.1503696441787739e-05,0.817168595966912,-1.1503696441787739e-05,0.817168595966912
weights_on_pim_prefill-128xdecode_67_ops_trace.csv,decode,0,0,29,PIM1,pim,7,"Q:1,K:1,V:1,O:1,FFN_W3:0,FFN_W1:1,FFN_W2:1",6.291969644178774e-05,5.1416e-05,pim|decode|0|34ccac5ef828e4730b89693f4ee70e0e,0,sample_step,6.291969644178774e-05,5.1416e-05,-1.1503696441787745e-05,0.8171685959669119,-1.1503696441787745e-05,0.8171685959669119
weights_on_pim_prefill-128xdecode_67_ops_trace.csv,decode,0,0,30,GPU0,npu,12,"LN:-1,QK:0,QK:1,Softmax:0,Softmax:1,SV:0,SV:1,Add:-1,LN:-1,SwiGLU:0,SwiGLU:1,Add:-1",0.00010849154273939733,0.0002704384088516235,npu|decode|0|48322b0ab0207f84448cb08e6eac5594,0,sample_step,0.00010849154273939733,0.0002704384088516235,0.0001619468661122262,2.492714197098584,0.0001619468661122262,2.492714197098584
weights_on_pim_prefill-128xdecode_67_ops_trace.csv,decode,0,0,30,PIM0,pim,7,"Q:0,K:0,V:0,O:0,FFN_W1:0,FFN_W3:1,FFN_W2:0",6.291969644178774e-05,5.1416000000000004e-05,pim|decode|0|1ed976c7c13cd28c472fbdb0cfd672ea,0,sample_step,6.291969644178774e-05,5.1416000000000004e-05,-1.1503696441787739e-05,0.817168595966912,-1.1503696441787739e-05,0.817168595966912
weights_on_pim_prefill-128xdecode_67_ops_trace.csv,decode,0,0,30,PIM1,pim,7,"Q:1,K:1,V:1,O:1,FFN_W3:0,FFN_W1:1,FFN_W2:1",6.291969644178774e-05,5.1416e-05,pim|decode|0|34ccac5ef828e4730b89693f4ee70e0e,0,sample_step,6.291969644178774e-05,5.1416e-05,-1.1503696441787745e-05,0.8171685959669119,-1.1503696441787745e-05,0.8171685959669119
weights_on_pim_prefill-128xdecode_67_ops_trace.csv,decode,0,0,31,GPU0,npu,12,"LN:-1,QK:0,QK:1,Softmax:0,Softmax:1,SV:0,SV:1,Add:-1,LN:-1,SwiGLU:0,SwiGLU:1,Add:-1",0.00010849154273939733,0.0002704384088516235,npu|decode|0|48322b0ab0207f84448cb08e6eac5594,0,sample_step,0.00010849154273939733,0.0002704384088516235,0.0001619468661122262,2.492714197098584,0.0001619468661122262,2.492714197098584
weights_on_pim_prefill-128xdecode_67_ops_trace.csv,decode,0,0,31,PIM0,pim,7,"Q:0,K:0,V:0,O:0,FFN_W1:0,FFN_W3:1,FFN_W2:0",6.291969644178774e-05,5.1416000000000004e-05,pim|decode|0|1ed976c7c13cd28c472fbdb0cfd672ea,0,sample_step,6.291969644178774e-05,5.1416000000000004e-05,-1.1503696441787739e-05,0.817168595966912,-1.1503696441787739e-05,0.817168595966912
weights_on_pim_prefill-128xdecode_67_ops_trace.csv,decode,0,0,31,PIM1,pim,7,"Q:1,K:1,V:1,O:1,FFN_W3:0,FFN_W1:1,FFN_W2:1",6.291969644178774e-05,5.1416e-05,pim|decode|0|34ccac5ef828e4730b89693f4ee70e0e,0,sample_step,6.291969644178774e-05,5.1416e-05,-1.1503696441787745e-05,0.8171685959669119,-1.1503696441787745e-05,0.8171685959669119
weights_on_pim_prefill-128xdecode_67_ops_trace.csv,decode,1,1,0,GPU0,npu,12,"LN:-1,QK:0,QK:1,Softmax:0,Softmax:1,SV:0,SV:1,Add:-1,LN:-1,SwiGLU:0,SwiGLU:1,Add:-1",0.00010849173222915455,0.0002627583980560303,npu|decode|1|48322b0ab0207f84448cb08e6eac5594,1,sample_step,0.0011934090545207001,0.0028903423786163333,0.00015426666582687575,2.421920939570179,0.0016969333240956332,2.421920939570179
weights_on_pim_prefill-128xdecode_67_ops_trace.csv,decode,1,1,0,PIM0,pim,7,"Q:0,K:0,V:0,O:0,FFN_W1:0,FFN_W3:1,FFN_W2:0",6.291969644178774e-05,5.1416000000000004e-05,pim|decode|1|1ed976c7c13cd28c472fbdb0cfd672ea,1,sample_step,0.0006921166608596652,0.000565576,-1.1503696441787739e-05,0.817168595966912,-0.00012654066085966513,0.817168595966912
weights_on_pim_prefill-128xdecode_67_ops_trace.csv,decode,1,1,0,PIM1,pim,7,"Q:1,K:1,V:1,O:1,FFN_W3:0,FFN_W1:1,FFN_W2:1",6.291969644178774e-05,5.1416e-05,pim|decode|1|34ccac5ef828e4730b89693f4ee70e0e,1,sample_step,0.0006921166608596652,0.0005655759999999999,-1.1503696441787745e-05,0.8171685959669119,-0.00012654066085966524,0.8171685959669119
weights_on_pim_prefill-128xdecode_67_ops_trace.csv,decode,1,1,1,GPU0,npu,12,"LN:-1,QK:0,QK:1,Softmax:0,Softmax:1,SV:0,SV:1,Add:-1,LN:-1,SwiGLU:0,SwiGLU:1,Add:-1",0.00010849173222915455,0.0002627583980560303,npu|decode|1|48322b0ab0207f84448cb08e6eac5594,1,sample_step,0.0011934090545207001,0.0028903423786163333,0.00015426666582687575,2.421920939570179,0.0016969333240956332,2.421920939570179
weights_on_pim_prefill-128xdecode_67_ops_trace.csv,decode,1,1,1,PIM0,pim,7,"Q:0,K:0,V:0,O:0,FFN_W1:0,FFN_W3:1,FFN_W2:0",6.291969644178774e-05,5.1416000000000004e-05,pim|decode|1|1ed976c7c13cd28c472fbdb0cfd672ea,1,sample_step,0.0006921166608596652,0.000565576,-1.1503696441787739e-05,0.817168595966912,-0.00012654066085966513,0.817168595966912
weights_on_pim_prefill-128xdecode_67_ops_trace.csv,decode,1,1,1,PIM1,pim,7,"Q:1,K:1,V:1,O:1,FFN_W3:0,FFN_W1:1,FFN_W2:1",6.291969644178774e-05,5.1416e-05,pim|decode|1|34ccac5ef828e4730b89693f4ee70e0e,1,sample_step,0.0006921166608596652,0.0005655759999999999,-1.1503696441787745e-05,0.8171685959669119,-0.00012654066085966524,0.8171685959669119
weights_on_pim_prefill-128xdecode_67_ops_trace.csv,decode,1,1,2,GPU0,npu,12,"LN:-1,QK:0,QK:1,Softmax:0,Softmax:1,SV:0,SV:1,Add:-1,LN:-1,SwiGLU:0,SwiGLU:1,Add:-1",0.00010849173222915455,0.0002627583980560303,npu|decode|1|48322b0ab0207f84448cb08e6eac5594,1,sample_step,0.0011934090545207001,0.0028903423786163333,0.00015426666582687575,2.421920939570179,0.0016969333240956332,2.421920939570179
weights_on_pim_prefill-128xdecode_67_ops_trace.csv,decode,1,1,2,PIM0,pim,7,"Q:0,K:0,V:0,O:0,FFN_W1:0,FFN_W3:1,FFN_W2:0",6.291969644178774e-05,5.1416000000000004e-05,pim|decode|1|1ed976c7c13cd28c472fbdb0cfd672ea,1,sample_step,0.0006921166608596652,0.000565576,-1.1503696441787739e-05,0.817168595966912,-0.00012654066085966513,0.817168595966912
weights_on_pim_prefill-128xdecode_67_ops_trace.csv,decode,1,1,2,PIM1,pim,7,"Q:1,K:1,V:1,O:1,FFN_W3:0,FFN_W1:1,FFN_W2:1",6.291969644178774e-05,5.1416e-05,pim|decode|1|34ccac5ef828e4730b89693f4ee70e0e,1,sample_step,0.0006921166608596652,0.0005655759999999999,-1.1503696441787745e-05,0.8171685959669119,-0.00012654066085966524,0.8171685959669119
weights_on_pim_prefill-128xdecode_67_ops_trace.csv,decode,1,1,3,GPU0,npu,12,"LN:-1,QK:0,QK:1,Softmax:0,Softmax:1,SV:0,SV:1,Add:-1,LN:-1,SwiGLU:0,SwiGLU:1,Add:-1",0.00010849173222915455,0.0002627583980560303,npu|decode|1|48322b0ab0207f84448cb08e6eac5594,1,sample_step,0.0011934090545207001,0.0028903423786163333,0.00015426666582687575,2.421920939570179,0.0016969333240956332,2.421920939570179
weights_on_pim_prefill-128xdecode_67_ops_trace.csv,decode,1,1,3,PIM0,pim,7,"Q:0,K:0,V:0,O:0,FFN_W1:0,FFN_W3:1,FFN_W2:0",6.291969644178774e-05,5.1416000000000004e-05,pim|decode|1|1ed976c7c13cd28c472fbdb0cfd672ea,1,sample_step,0.0006921166608596652,0.000565576,-1.1503696441787739e-05,0.817168595966912,-0.00012654066085966513,0.817168595966912
weights_on_pim_prefill-128xdecode_67_ops_trace.csv,decode,1,1,3,PIM1,pim,7,"Q:1,K:1,V:1,O:1,FFN_W3:0,FFN_W1:1,FFN_W2:1",6.291969644178774e-05,5.1416e-05,pim|decode|1|34ccac5ef828e4730b89693f4ee70e0e,1,sample_step,0.0006921166608596652,0.0005655759999999999,-1.1503696441787745e-05,0.8171685959669119,-0.00012654066085966524,0.8171685959669119
weights_on_pim_prefill-128xdecode_67_ops_trace.csv,decode,1,1,4,GPU0,npu,12,"LN:-1,QK:0,QK:1,Softmax:0,Softmax:1,SV:0,SV:1,Add:-1,LN:-1,SwiGLU:0,SwiGLU:1,Add:-1",0.00010849173222915455,0.0002627583980560303,npu|decode|1|48322b0ab0207f84448cb08e6eac5594,1,sample_step,0.0011934090545207001,0.0028903423786163333,0.00015426666582687575,2.421920939570179,0.0016969333240956332,2.421920939570179
weights_on_pim_prefill-128xdecode_67_ops_trace.csv,decode,1,1,4,PIM0,pim,7,"Q:0,K:0,V:0,O:0,FFN_W1:0,FFN_W3:1,FFN_W2:0",6.291969644178774e-05,5.1416000000000004e-05,pim|decode|1|1ed976c7c13cd28c472fbdb0cfd672ea,1,sample_step,0.0006921166608596652,0.000565576,-1.1503696441787739e-05,0.817168595966912,-0.00012654066085966513,0.817168595966912
weights_on_pim_prefill-128xdecode_67_ops_trace.csv,decode,1,1,4,PIM1,pim,7,"Q:1,K:1,V:1,O:1,FFN_W3:0,FFN_W1:1,FFN_W2:1",6.291969644178774e-05,5.1416e-05,pim|decode|1|34ccac5ef828e4730b89693f4ee70e0e,1,sample_step,0.0006921166608596652,0.0005655759999999999,-1.1503696441787745e-05,0.8171685959669119,-0.00012654066085966524,0.8171685959669119
weights_on_pim_prefill-128xdecode_67_ops_trace.csv,decode,1,1,5,GPU0,npu,12,"LN:-1,QK:0,QK:1,Softmax:0,Softmax:1,SV:0,SV:1,Add:-1,LN:-1,SwiGLU:0,SwiGLU:1,Add:-1",0.00010849173222915455,0.0002627583980560303,npu|decode|1|48322b0ab0207f84448cb08e6eac5594,1,sample_step,0.0011934090545207001,0.0028903423786163333,0.00015426666582687575,2.421920939570179,0.0016969333240956332,2.421920939570179
weights_on_pim_prefill-128xdecode_67_ops_trace.csv,decode,1,1,5,PIM0,pim,7,"Q:0,K:0,V:0,O:0,FFN_W1:0,FFN_W3:1,FFN_W2:0",6.291969644178774e-05,5.1416000000000004e-05,pim|decode|1|1ed976c7c13cd28c472fbdb0cfd672ea,1,sample_step,0.0006921166608596652,0.000565576,-1.1503696441787739e-05,0.817168595966912,-0.00012654066085966513,0.817168595966912
weights_on_pim_prefill-128xdecode_67_ops_trace.csv,decode,1,1,5,PIM1,pim,7,"Q:1,K:1,V:1,O:1,FFN_W3:0,FFN_W1:1,FFN_W2:1",6.291969644178774e-05,5.1416e-05,pim|decode|1|34ccac5ef828e4730b89693f4ee70e0e,1,sample_step,0.0006921166608596652,0.0005655759999999999,-1.1503696441787745e-05,0.8171685959669119,-0.00012654066085966524,0.8171685959669119
weights_on_pim_prefill-128xdecode_67_ops_trace.csv,decode,1,1,6,GPU0,npu,12,"LN:-1,QK:0,QK:1,Softmax:0,Softmax:1,SV:0,SV:1,Add:-1,LN:-1,SwiGLU:0,SwiGLU:1,Add:-1",0.00010849173222915455,0.0002627583980560303,npu|decode|1|48322b0ab0207f84448cb08e6eac5594,1,sample_step,0.0011934090545207001,0.0028903423786163333,0.00015426666582687575,2.421920939570179,0.0016969333240956332,2.421920939570179
weights_on_pim_prefill-128xdecode_67_ops_trace.csv,decode,1,1,6,PIM0,pim,7,"Q:0,K:0,V:0,O:0,FFN_W1:0,FFN_W3:1,FFN_W2:0",6.291969644178774e-05,5.1416000000000004e-05,pim|decode|1|1ed976c7c13cd28c472fbdb0cfd672ea,1,sample_step,0.0006921166608596652,0.000565576,-1.1503696441787739e-05,0.817168595966912,-0.00012654066085966513,0.817168595966912
weights_on_pim_prefill-128xdecode_67_ops_trace.csv,decode,1,1,6,PIM1,pim,7,"Q:1,K:1,V:1,O:1,FFN_W3:0,FFN_W1:1,FFN_W2:1",6.291969644178774e-05,5.1416e-05,pim|decode|1|34ccac5ef828e4730b89693f4ee70e0e,1,sample_step,0.0006921166608596652,0.0005655759999999999,-1.1503696441787745e-05,0.8171685959669119,-0.00012654066085966524,0.8171685959669119
weights_on_pim_prefill-128xdecode_67_ops_trace.csv,decode,1,1,7,GPU0,npu,12,"LN:-1,QK:0,QK:1,Softmax:0,Softmax:1,SV:0,SV:1,Add:-1,LN:-1,SwiGLU:0,SwiGLU:1,Add:-1",0.00010849173222915455,0.0002627583980560303,npu|decode|1|48322b0ab0207f84448cb08e6eac5594,1,sample_step,0.0011934090545207001,0.0028903423786163333,0.00015426666582687575,2.421920939570179,0.0016969333240956332,2.421920939570179
weights_on_pim_prefill-128xdecode_67_ops_trace.csv,decode,1,1,7,PIM0,pim,7,"Q:0,K:0,V:0,O:0,FFN_W1:0,FFN_W3:1,FFN_W2:0",6.291969644178774e-05,5.1416000000000004e-05,pim|decode|1|1ed976c7c13cd28c472fbdb0cfd672ea,1,sample_step,0.0006921166608596652,0.000565576,-1.1503696441787739e-05,0.817168595966912,-0.00012654066085966513,0.817168595966912
weights_on_pim_prefill-128xdecode_67_ops_trace.csv,decode,1,1,7,PIM1,pim,7,"Q:1,K:1,V:1,O:1,FFN_W3:0,FFN_W1:1,FFN_W2:1",6.291969644178774e-05,5.1416e-05,pim|decode|1|34ccac5ef828e4730b89693f4ee70e0e,1,sample_step,0.0006921166608596652,0.0005655759999999999,-1.1503696441787745e-05,0.8171685959669119,-0.00012654066085966524,0.8171685959669119
weights_on_pim_prefill-128xdecode_67_ops_trace.csv,decode,1,1,8,GPU0,npu,12,"LN:-1,QK:0,QK:1,Softmax:0,Softmax:1,SV:0,SV:1,Add:-1,LN:-1,SwiGLU:0,SwiGLU:1,Add:-1",0.00010849173222915455,0.0002627583980560303,npu|decode|1|48322b0ab0207f84448cb08e6eac5594,1,sample_step,0.0011934090545207001,0.0028903423786163333,0.00015426666582687575,2.421920939570179,0.0016969333240956332,2.421920939570179
weights_on_pim_prefill-128xdecode_67_ops_trace.csv,decode,1,1,8,PIM0,pim,7,"Q:0,K:0,V:0,O:0,FFN_W1:0,FFN_W3:1,FFN_W2:0",6.291969644178774e-05,5.1416000000000004e-05,pim|decode|1|1ed976c7c13cd28c472fbdb0cfd672ea,1,sample_step,0.0006921166608596652,0.000565576,-1.1503696441787739e-05,0.817168595966912,-0.00012654066085966513,0.817168595966912
weights_on_pim_prefill-128xdecode_67_ops_trace.csv,decode,1,1,8,PIM1,pim,7,"Q:1,K:1,V:1,O:1,FFN_W3:0,FFN_W1:1,FFN_W2:1",6.291969644178774e-05,5.1416e-05,pim|decode|1|34ccac5ef828e4730b89693f4ee70e0e,1,sample_step,0.0006921166608596652,0.0005655759999999999,-1.1503696441787745e-05,0.8171685959669119,-0.00012654066085966524,0.8171685959669119
weights_on_pim_prefill-128xdecode_67_ops_trace.csv,decode,1,1,9,GPU0,npu,12,"LN:-1,QK:0,QK:1,Softmax:0,Softmax:1,SV:0,SV:1,Add:-1,LN:-1,SwiGLU:0,SwiGLU:1,Add:-1",0.00010849173222915455,0.0002627583980560303,npu|decode|1|48322b0ab0207f84448cb08e6eac5594,1,sample_step,0.0011934090545207001,0.0028903423786163333,0.00015426666582687575,2.421920939570179,0.0016969333240956332,2.421920939570179
weights_on_pim_prefill-128xdecode_67_ops_trace.csv,decode,1,1,9,PIM0,pim,7,"Q:0,K:0,V:0,O:0,FFN_W1:0,FFN_W3:1,FFN_W2:0",6.291969644178774e-05,5.1416000000000004e-05,pim|decode|1|1ed976c7c13cd28c472fbdb0cfd672ea,1,sample_step,0.0006921166608596652,0.000565576,-1.1503696441787739e-05,0.817168595966912,-0.00012654066085966513,0.817168595966912
weights_on_pim_prefill-128xdecode_67_ops_trace.csv,decode,1,1,9,PIM1,pim,7,"Q:1,K:1,V:1,O:1,FFN_W3:0,FFN_W1:1,FFN_W2:1",6.291969644178774e-05,5.1416e-05,pim|decode|1|34ccac5ef828e4730b89693f4ee70e0e,1,sample_step,0.0006921166608596652,0.0005655759999999999,-1.1503696441787745e-05,0.8171685959669119,-0.00012654066085966524,0.8171685959669119
weights_on_pim_prefill-128xdecode_67_ops_trace.csv,decode,1,1,10,GPU0,npu,12,"LN:-1,QK:0,QK:1,Softmax:0,Softmax:1,SV:0,SV:1,Add:-1,LN:-1,SwiGLU:0,SwiGLU:1,Add:-1",0.00010849173222915455,0.0002627583980560303,npu|decode|1|48322b0ab0207f84448cb08e6eac5594,1,sample_step,0.0011934090545207001,0.0028903423786163333,0.00015426666582687575,2.421920939570179,0.0016969333240956332,2.421920939570179
weights_on_pim_prefill-128xdecode_67_ops_trace.csv,decode,1,1,10,PIM0,pim,7,"Q:0,K:0,V:0,O:0,FFN_W1:0,FFN_W3:1,FFN_W2:0",6.291969644178774e-05,5.1416000000000004e-05,pim|decode|1|1ed976c7c13cd28c472fbdb0cfd672ea,1,sample_step,0.0006921166608596652,0.000565576,-1.1503696441787739e-05,0.817168595966912,-0.00012654066085966513,0.817168595966912
weights_on_pim_prefill-128xdecode_67_ops_trace.csv,decode,1,1,10,PIM1,pim,7,"Q:1,K:1,V:1,O:1,FFN_W3:0,FFN_W1:1,FFN_W2:1",6.291969644178774e-05,5.1416e-05,pim|decode|1|34ccac5ef828e4730b89693f4ee70e0e,1,sample_step,0.0006921166608596652,0.0005655759999999999,-1.1503696441787745e-05,0.8171685959669119,-0.00012654066085966524,0.8171685959669119
weights_on_pim_prefill-128xdecode_67_ops_trace.csv,decode,1,1,11,GPU0,npu,12,"LN:-1,QK:0,QK:1,Softmax:0,Softmax:1,SV:0,SV:1,Add:-1,LN:-1,SwiGLU:0,SwiGLU:1,Add:-1",0.00010849173222915455,0.0002627583980560303,npu|decode|1|48322b0ab0207f84448cb08e6eac5594,1,sample_step,0.0011934090545207001,0.0028903423786163333,0.00015426666582687575,2.421920939570179,0.0016969333240956332,2.421920939570179
weights_on_pim_prefill-128xdecode_67_ops_trace.csv,decode,1,1,11,PIM0,pim,7,"Q:0,K:0,V:0,O:0,FFN_W1:0,FFN_W3:1,FFN_W2:0",6.291969644178774e-05,5.1416000000000004e-05,pim|decode|1|1ed976c7c13cd28c472fbdb0cfd672ea,1,sample_step,0.0006921166608596652,0.000565576,-1.1503696441787739e-05,0.817168595966912,-0.00012654066085966513,0.817168595966912
weights_on_pim_prefill-128xdecode_67_ops_trace.csv,decode,1,1,11,PIM1,pim,7,"Q:1,K:1,V:1,O:1,FFN_W3:0,FFN_W1:1,FFN_W2:1",6.291969644178774e-05,5.1416e-05,pim|decode|1|34ccac5ef828e4730b89693f4ee70e0e,1,sample_step,0.0006921166608596652,0.0005655759999999999,-1.1503696441787745e-05,0.8171685959669119,-0.00012654066085966524,0.8171685959669119
weights_on_pim_prefill-128xdecode_67_ops_trace.csv,decode,1,1,12,GPU0,npu,12,"LN:-1,QK:0,QK:1,Softmax:0,Softmax:1,SV:0,SV:1,Add:-1,LN:-1,SwiGLU:0,SwiGLU:1,Add:-1",0.00010849173222915455,0.0002627583980560303,npu|decode|1|48322b0ab0207f84448cb08e6eac5594,1,sample_step,0.0011934090545207001,0.0028903423786163333,0.00015426666582687575,2.421920939570179,0.0016969333240956332,2.421920939570179
weights_on_pim_prefill-128xdecode_67_ops_trace.csv,decode,1,1,12,PIM0,pim,7,"Q:0,K:0,V:0,O:0,FFN_W1:0,FFN_W3:1,FFN_W2:0",6.291969644178774e-05,5.1416000000000004e-05,pim|decode|1|1ed976c7c13cd28c472fbdb0cfd672ea,1,sample_step,0.0006921166608596652,0.000565576,-1.1503696441787739e-05,0.817168595966912,-0.00012654066085966513,0.817168595966912
weights_on_pim_prefill-128xdecode_67_ops_trace.csv,decode,1,1,12,PIM1,pim,7,"Q:1,K:1,V:1,O:1,FFN_W3:0,FFN_W1:1,FFN_W2:1",6.291969644178774e-05,5.1416e-05,pim|decode|1|34ccac5ef828e4730b89693f4ee70e0e,1,sample_step,0.0006921166608596652,0.0005655759999999999,-1.1503696441787745e-05,0.8171685959669119,-0.00012654066085966524,0.8171685959669119
weights_on_pim_prefill-128xdecode_67_ops_trace.csv,decode,1,1,13,GPU0,npu,12,"LN:-1,QK:0,QK:1,Softmax:0,Softmax:1,SV:0,SV:1,Add:-1,LN:-1,SwiGLU:0,SwiGLU:1,Add:-1",0.00010849173222915455,0.0002627583980560303,npu|decode|1|48322b0ab0207f84448cb08e6eac5594,1,sample_step,0.0011934090545207001,0.0028903423786163333,0.00015426666582687575,2.421920939570179,0.0016969333240956332,2.421920939570179
weights_on_pim_prefill-128xdecode_67_ops_trace.csv,decode,1,1,13,PIM0,pim,7,"Q:0,K:0,V:0,O:0,FFN_W1:0,FFN_W3:1,FFN_W2:0",6.291969644178774e-05,5.1416000000000004e-05,pim|decode|1|1ed976c7c13cd28c472fbdb0cfd672ea,1,sample_step,0.0006921166608596652,0.000565576,-1.1503696441787739e-05,0.817168595966912,-0.00012654066085966513,0.817168595966912
weights_on_pim_prefill-128xdecode_67_ops_trace.csv,decode,1,1,13,PIM1,pim,7,"Q:1,K:1,V:1,O:1,FFN_W3:0,FFN_W1:1,FFN_W2:1",6.291969644178774e-05,5.1416e-05,pim|decode|1|34ccac5ef828e4730b89693f4ee70e0e,1,sample_step,0.0006921166608596652,0.0005655759999999999,-1.1503696441787745e-05,0.8171685959669119,-0.00012654066085966524,0.8171685959669119
weights_on_pim_prefill-128xdecode_67_ops_trace.csv,decode,1,1,14,GPU0,npu,12,"LN:-1,QK:0,QK:1,Softmax:0,Softmax:1,SV:0,SV:1,Add:-1,LN:-1,SwiGLU:0,SwiGLU:1,Add:-1",0.00010849173222915455,0.0002627583980560303,npu|decode|1|48322b0ab0207f84448cb08e6eac5594,1,sample_step,0.0011934090545207001,0.0028903423786163333,0.00015426666582687575,2.421920939570179,0.0016969333240956332,2.421920939570179
weights_on_pim_prefill-128xdecode_67_ops_trace.csv,decode,1,1,14,PIM0,pim,7,"Q:0,K:0,V:0,O:0,FFN_W1:0,FFN_W3:1,FFN_W2:0",6.291969644178774e-05,5.1416000000000004e-05,pim|decode|1|1ed976c7c13cd28c472fbdb0cfd672ea,1,sample_step,0.0006921166608596652,0.000565576,-1.1503696441787739e-05,0.817168595966912,-0.00012654066085966513,0.817168595966912
weights_on_pim_prefill-128xdecode_67_ops_trace.csv,decode,1,1,14,PIM1,pim,7,"Q:1,K:1,V:1,O:1,FFN_W3:0,FFN_W1:1,FFN_W2:1",6.291969644178774e-05,5.1416e-05,pim|decode|1|34ccac5ef828e4730b89693f4ee70e0e,1,sample_step,0.0006921166608596652,0.0005655759999999999,-1.1503696441787745e-05,0.8171685959669119,-0.00012654066085966524,0.8171685959669119
weights_on_pim_prefill-128xdecode_67_ops_trace.csv,decode,1,1,15,GPU0,npu,12,"LN:-1,QK:0,QK:1,Softmax:0,Softmax:1,SV:0,SV:1,Add:-1,LN:-1,SwiGLU:0,SwiGLU:1,Add:-1",0.00010849173222915455,0.0002627583980560303,npu|decode|1|48322b0ab0207f84448cb08e6eac5594,1,sample_step,0.0011934090545207001,0.0028903423786163333,0.00015426666582687575,2.421920939570179,0.0016969333240956332,2.421920939570179
weights_on_pim_prefill-128xdecode_67_ops_trace.csv,decode,1,1,15,PIM0,pim,7,"Q:0,K:0,V:0,O:0,FFN_W1:0,FFN_W3:1,FFN_W2:0",6.291969644178774e-05,5.1416000000000004e-05,pim|decode|1|1ed976c7c13cd28c472fbdb0cfd672ea,1,sample_step,0.0006921166608596652,0.000565576,-1.1503696441787739e-05,0.817168595966912,-0.00012654066085966513,0.817168595966912
weights_on_pim_prefill-128xdecode_67_ops_trace.csv,decode,1,1,15,PIM1,pim,7,"Q:1,K:1,V:1,O:1,FFN_W3:0,FFN_W1:1,FFN_W2:1",6.291969644178774e-05,5.1416e-05,pim|decode|1|34ccac5ef828e4730b89693f4ee70e0e,1,sample_step,0.0006921166608596652,0.0005655759999999999,-1.1503696441787745e-05,0.8171685959669119,-0.00012654066085966524,0.8171685959669119
weights_on_pim_prefill-128xdecode_67_ops_trace.csv,decode,1,1,16,GPU0,npu,12,"LN:-1,QK:0,QK:1,Softmax:0,Softmax:1,SV:0,SV:1,Add:-1,LN:-1,SwiGLU:0,SwiGLU:1,Add:-1",0.00010849173222915455,0.0002627583980560303,npu|decode|1|48322b0ab0207f84448cb08e6eac5594,1,sample_step,0.0011934090545207001,0.0028903423786163333,0.00015426666582687575,2.421920939570179,0.0016969333240956332,2.421920939570179
weights_on_pim_prefill-128xdecode_67_ops_trace.csv,decode,1,1,16,PIM0,pim,7,"Q:0,K:0,V:0,O:0,FFN_W1:0,FFN_W3:1,FFN_W2:0",6.291969644178774e-05,5.1416000000000004e-05,pim|decode|1|1ed976c7c13cd28c472fbdb0cfd672ea,1,sample_step,0.0006921166608596652,0.000565576,-1.1503696441787739e-05,0.817168595966912,-0.00012654066085966513,0.817168595966912
weights_on_pim_prefill-128xdecode_67_ops_trace.csv,decode,1,1,16,PIM1,pim,7,"Q:1,K:1,V:1,O:1,FFN_W3:0,FFN_W1:1,FFN_W2:1",6.291969644178774e-05,5.1416e-05,pim|decode|1|34ccac5ef828e4730b89693f4ee70e0e,1,sample_step,0.0006921166608596652,0.0005655759999999999,-1.1503696441787745e-05,0.8171685959669119,-0.00012654066085966524,0.8171685959669119
weights_on_pim_prefill-128xdecode_67_ops_trace.csv,decode,1,1,17,GPU0,npu,12,"LN:-1,QK:0,QK:1,Softmax:0,Softmax:1,SV:0,SV:1,Add:-1,LN:-1,SwiGLU:0,SwiGLU:1,Add:-1",0.00010849173222915455,0.0002627583980560303,npu|decode|1|48322b0ab0207f84448cb08e6eac5594,1,sample_step,0.0011934090545207001,0.0028903423786163333,0.00015426666582687575,2.421920939570179,0.0016969333240956332,2.421920939570179
weights_on_pim_prefill-128xdecode_67_ops_trace.csv,decode,1,1,17,PIM0,pim,7,"Q:0,K:0,V:0,O:0,FFN_W1:0,FFN_W3:1,FFN_W2:0",6.291969644178774e-05,5.1416000000000004e-05,pim|decode|1|1ed976c7c13cd28c472fbdb0cfd672ea,1,sample_step,0.0006921166608596652,0.000565576,-1.1503696441787739e-05,0.817168595966912,-0.00012654066085966513,0.817168595966912
weights_on_pim_prefill-128xdecode_67_ops_trace.csv,decode,1,1,17,PIM1,pim,7,"Q:1,K:1,V:1,O:1,FFN_W3:0,FFN_W1:1,FFN_W2:1",6.291969644178774e-05,5.1416e-05,pim|decode|1|34ccac5ef828e4730b89693f4ee70e0e,1,sample_step,0.0006921166608596652,0.0005655759999999999,-1.1503696441787745e-05,0.8171685959669119,-0.00012654066085966524,0.8171685959669119
weights_on_pim_prefill-128xdecode_67_ops_trace.csv,decode,1,1,18,GPU0,npu,12,"LN:-1,QK:0,QK:1,Softmax:0,Softmax:1,SV:0,SV:1,Add:-1,LN:-1,SwiGLU:0,SwiGLU:1,Add:-1",0.00010849173222915455,0.0002627583980560303,npu|decode|1|48322b0ab0207f84448cb08e6eac5594,1,sample_step,0.0011934090545207001,0.0028903423786163333,0.00015426666582687575,2.421920939570179,0.0016969333240956332,2.421920939570179
weights_on_pim_prefill-128xdecode_67_ops_trace.csv,decode,1,1,18,PIM0,pim,7,"Q:0,K:0,V:0,O:0,FFN_W1:0,FFN_W3:1,FFN_W2:0",6.291969644178774e-05,5.1416000000000004e-05,pim|decode|1|1ed976c7c13cd28c472fbdb0cfd672ea,1,sample_step,0.0006921166608596652,0.000565576,-1.1503696441787739e-05,0.817168595966912,-0.00012654066085966513,0.817168595966912
weights_on_pim_prefill-128xdecode_67_ops_trace.csv,decode,1,1,18,PIM1,pim,7,"Q:1,K:1,V:1,O:1,FFN_W3:0,FFN_W1:1,FFN_W2:1",6.291969644178774e-05,5.1416e-05,pim|decode|1|34ccac5ef828e4730b89693f4ee70e0e,1,sample_step,0.0006921166608596652,0.0005655759999999999,-1.1503696441787745e-05,0.8171685959669119,-0.00012654066085966524,0.8171685959669119
weights_on_pim_prefill-128xdecode_67_ops_trace.csv,decode,1,1,19,GPU0,npu,12,"LN:-1,QK:0,QK:1,Softmax:0,Softmax:1,SV:0,SV:1,Add:-1,LN:-1,SwiGLU:0,SwiGLU:1,Add:-1",0.00010849173222915455,0.0002627583980560303,npu|decode|1|48322b0ab0207f84448cb08e6eac5594,1,sample_step,0.0011934090545207001,0.0028903423786163333,0.00015426666582687575,2.421920939570179,0.0016969333240956332,2.421920939570179
weights_on_pim_prefill-128xdecode_67_ops_trace.csv,decode,1,1,19,PIM0,pim,7,"Q:0,K:0,V:0,O:0,FFN_W1:0,FFN_W3:1,FFN_W2:0",6.291969644178774e-05,5.1416000000000004e-05,pim|decode|1|1ed976c7c13cd28c472fbdb0cfd672ea,1,sample_step,0.0006921166608596652,0.000565576,-1.1503696441787739e-05,0.817168595966912,-0.00012654066085966513,0.817168595966912
weights_on_pim_prefill-128xdecode_67_ops_trace.csv,decode,1,1,19,PIM1,pim,7,"Q:1,K:1,V:1,O:1,FFN_W3:0,FFN_W1:1,FFN_W2:1",6.291969644178774e-05,5.1416e-05,pim|decode|1|34ccac5ef828e4730b89693f4ee70e0e,1,sample_step,0.0006921166608596652,0.0005655759999999999,-1.1503696441787745e-05,0.8171685959669119,-0.00012654066085966524,0.8171685959669119
weights_on_pim_prefill-128xdecode_67_ops_trace.csv,decode,1,1,20,GPU0,npu,12,"LN:-1,QK:0,QK:1,Softmax:0,Softmax:1,SV:0,SV:1,Add:-1,LN:-1,SwiGLU:0,SwiGLU:1,Add:-1",0.00010849173222915455,0.0002627583980560303,npu|decode|1|48322b0ab0207f84448cb08e6eac5594,1,sample_step,0.0011934090545207001,0.0028903423786163333,0.00015426666582687575,2.421920939570179,0.0016969333240956332,2.421920939570179
weights_on_pim_prefill-128xdecode_67_ops_trace.csv,decode,1,1,20,PIM0,pim,7,"Q:0,K:0,V:0,O:0,FFN_W1:0,FFN_W3:1,FFN_W2:0",6.291969644178774e-05,5.1416000000000004e-05,pim|decode|1|1ed976c7c13cd28c472fbdb0cfd672ea,1,sample_step,0.0006921166608596652,0.000565576,-1.1503696441787739e-05,0.817168595966912,-0.00012654066085966513,0.817168595966912
weights_on_pim_prefill-128xdecode_67_ops_trace.csv,decode,1,1,20,PIM1,pim,7,"Q:1,K:1,V:1,O:1,FFN_W3:0,FFN_W1:1,FFN_W2:1",6.291969644178774e-05,5.1416e-05,pim|decode|1|34ccac5ef828e4730b89693f4ee70e0e,1,sample_step,0.0006921166608596652,0.0005655759999999999,-1.1503696441787745e-05,0.8171685959669119,-0.00012654066085966524,0.8171685959669119
weights_on_pim_prefill-128xdecode_67_ops_trace.csv,decode,1,1,21,GPU0,npu,12,"LN:-1,QK:0,QK:1,Softmax:0,Softmax:1,SV:0,SV:1,Add:-1,LN:-1,SwiGLU:0,SwiGLU:1,Add:-1",0.00010849173222915455,0.0002627583980560303,npu|decode|1|48322b0ab0207f84448cb08e6eac5594,1,sample_step,0.0011934090545207001,0.0028903423786163333,0.00015426666582687575,2.421920939570179,0.0016969333240956332,2.421920939570179
weights_on_pim_prefill-128xdecode_67_ops_trace.csv,decode,1,1,21,PIM0,pim,7,"Q:0,K:0,V:0,O:0,FFN_W1:0,FFN_W3:1,FFN_W2:0",6.291969644178774e-05,5.1416000000000004e-05,pim|decode|1|1ed976c7c13cd28c472fbdb0cfd672ea,1,sample_step,0.0006921166608596652,0.000565576,-1.1503696441787739e-05,0.817168595966912,-0.00012654066085966513,0.817168595966912
weights_on_pim_prefill-128xdecode_67_ops_trace.csv,decode,1,1,21,PIM1,pim,7,"Q:1,K:1,V:1,O:1,FFN_W3:0,FFN_W1:1,FFN_W2:1",6.291969644178774e-05,5.1416e-05,pim|decode|1|34ccac5ef828e4730b89693f4ee70e0e,1,sample_step,0.0006921166608596652,0.0005655759999999999,-1.1503696441787745e-05,0.8171685959669119,-0.00012654066085966524,0.8171685959669119
weights_on_pim_prefill-128xdecode_67_ops_trace.csv,decode,1,1,22,GPU0,npu,12,"LN:-1,QK:0,QK:1,Softmax:0,Softmax:1,SV:0,SV:1,Add:-1,LN:-1,SwiGLU:0,SwiGLU:1,Add:-1",0.00010849173222915455,0.0002627583980560303,npu|decode|1|48322b0ab0207f84448cb08e6eac5594,1,sample_step,0.0011934090545207001,0.0028903423786163333,0.00015426666582687575,2.421920939570179,0.0016969333240956332,2.421920939570179
weights_on_pim_prefill-128xdecode_67_ops_trace.csv,decode,1,1,22,PIM0,pim,7,"Q:0,K:0,V:0,O:0,FFN_W1:0,FFN_W3:1,FFN_W2:0",6.291969644178774e-05,5.1416000000000004e-05,pim|decode|1|1ed976c7c13cd28c472fbdb0cfd672ea,1,sample_step,0.0006921166608596652,0.000565576,-1.1503696441787739e-05,0.817168595966912,-0.00012654066085966513,0.817168595966912
weights_on_pim_prefill-128xdecode_67_ops_trace.csv,decode,1,1,22,PIM1,pim,7,"Q:1,K:1,V:1,O:1,FFN_W3:0,FFN_W1:1,FFN_W2:1",6.291969644178774e-05,5.1416e-05,pim|decode|1|34ccac5ef828e4730b89693f4ee70e0e,1,sample_step,0.0006921166608596652,0.0005655759999999999,-1.1503696441787745e-05,0.8171685959669119,-0.00012654066085966524,0.8171685959669119
weights_on_pim_prefill-128xdecode_67_ops_trace.csv,decode,1,1,23,GPU0,npu,12,"LN:-1,QK:0,QK:1,Softmax:0,Softmax:1,SV:0,SV:1,Add:-1,LN:-1,SwiGLU:0,SwiGLU:1,Add:-1",0.00010849173222915455,0.0002627583980560303,npu|decode|1|48322b0ab0207f84448cb08e6eac5594,1,sample_step,0.0011934090545207001,0.0028903423786163333,0.00015426666582687575,2.421920939570179,0.0016969333240956332,2.421920939570179
weights_on_pim_prefill-128xdecode_67_ops_trace.csv,decode,1,1,23,PIM0,pim,7,"Q:0,K:0,V:0,O:0,FFN_W1:0,FFN_W3:1,FFN_W2:0",6.291969644178774e-05,5.1416000000000004e-05,pim|decode|1|1ed976c7c13cd28c472fbdb0cfd672ea,1,sample_step,0.0006921166608596652,0.000565576,-1.1503696441787739e-05,0.817168595966912,-0.00012654066085966513,0.817168595966912
weights_on_pim_prefill-128xdecode_67_ops_trace.csv,decode,1,1,23,PIM1,pim,7,"Q:1,K:1,V:1,O:1,FFN_W3:0,FFN_W1:1,FFN_W2:1",6.291969644178774e-05,5.1416e-05,pim|decode|1|34ccac5ef828e4730b89693f4ee70e0e,1,sample_step,0.0006921166608596652,0.0005655759999999999,-1.1503696441787745e-05,0.8171685959669119,-0.00012654066085966524,0.8171685959669119
weights_on_pim_prefill-128xdecode_67_ops_trace.csv,decode,1,1,24,GPU0,npu,12,"LN:-1,QK:0,QK:1,Softmax:0,Softmax:1,SV:0,SV:1,Add:-1,LN:-1,SwiGLU:0,SwiGLU:1,Add:-1",0.00010849173222915455,0.0002627583980560303,npu|decode|1|48322b0ab0207f84448cb08e6eac5594,1,sample_step,0.0011934090545207001,0.0028903423786163333,0.00015426666582687575,2.421920939570179,0.0016969333240956332,2.421920939570179
weights_on_pim_prefill-128xdecode_67_ops_trace.csv,decode,1,1,24,PIM0,pim,7,"Q:0,K:0,V:0,O:0,FFN_W1:0,FFN_W3:1,FFN_W2:0",6.291969644178774e-05,5.1416000000000004e-05,pim|decode|1|1ed976c7c13cd28c472fbdb0cfd672ea,1,sample_step,0.0006921166608596652,0.000565576,-1.1503696441787739e-05,0.817168595966912,-0.00012654066085966513,0.817168595966912
weights_on_pim_prefill-128xdecode_67_ops_trace.csv,decode,1,1,24,PIM1,pim,7,"Q:1,K:1,V:1,O:1,FFN_W3:0,FFN_W1:1,FFN_W2:1",6.291969644178774e-05,5.1416e-05,pim|decode|1|34ccac5ef828e4730b89693f4ee70e0e,1,sample_step,0.0006921166608596652,0.0005655759999999999,-1.1503696441787745e-05,0.8171685959669119,-0.00012654066085966524,0.8171685959669119
weights_on_pim_prefill-128xdecode_67_ops_trace.csv,decode,1,1,25,GPU0,npu,12,"LN:-1,QK:0,QK:1,Softmax:0,Softmax:1,SV:0,SV:1,Add:-1,LN:-1,SwiGLU:0,SwiGLU:1,Add:-1",0.00010849173222915455,0.0002627583980560303,npu|decode|1|48322b0ab0207f84448cb08e6eac5594,1,sample_step,0.0011934090545207001,0.0028903423786163333,0.00015426666582687575,2.421920939570179,0.0016969333240956332,2.421920939570179
weights_on_pim_prefill-128xdecode_67_ops_trace.csv,decode,1,1,25,PIM0,pim,7,"Q:0,K:0,V:0,O:0,FFN_W1:0,FFN_W3:1,FFN_W2:0",6.291969644178774e-05,5.1416000000000004e-05,pim|decode|1|1ed976c7c13cd28c472fbdb0cfd672ea,1,sample_step,0.0006921166608596652,0.000565576,-1.1503696441787739e-05,0.817168595966912,-0.00012654066085966513,0.817168595966912
weights_on_pim_prefill-128xdecode_67_ops_trace.csv,decode,1,1,25,PIM1,pim,7,"Q:1,K:1,V:1,O:1,FFN_W3:0,FFN_W1:1,FFN_W2:1",6.291969644178774e-05,5.1416e-05,pim|decode|1|34ccac5ef828e4730b89693f4ee70e0e,1,sample_step,0.0006921166608596652,0.0005655759999999999,-1.1503696441787745e-05,0.8171685959669119,-0.00012654066085966524,0.8171685959669119
weights_on_pim_prefill-128xdecode_67_ops_trace.csv,decode,1,1,26,GPU0,npu,12,"LN:-1,QK:0,QK:1,Softmax:0,Softmax:1,SV:0,SV:1,Add:-1,LN:-1,SwiGLU:0,SwiGLU:1,Add:-1",0.00010849173222915455,0.0002627583980560303,npu|decode|1|48322b0ab0207f84448cb08e6eac5594,1,sample_step,0.0011934090545207001,0.0028903423786163333,0.00015426666582687575,2.421920939570179,0.0016969333240956332,2.421920939570179
weights_on_pim_prefill-128xdecode_67_ops_trace.csv,decode,1,1,26,PIM0,pim,7,"Q:0,K:0,V:0,O:0,FFN_W1:0,FFN_W3:1,FFN_W2:0",6.291969644178774e-05,5.1416000000000004e-05,pim|decode|1|1ed976c7c13cd28c472fbdb0cfd672ea,1,sample_step,0.0006921166608596652,0.000565576,-1.1503696441787739e-05,0.817168595966912,-0.00012654066085966513,0.817168595966912
weights_on_pim_prefill-128xdecode_67_ops_trace.csv,decode,1,1,26,PIM1,pim,7,"Q:1,K:1,V:1,O:1,FFN_W3:0,FFN_W1:1,FFN_W2:1",6.291969644178774e-05,5.1416e-05,pim|decode|1|34ccac5ef828e4730b89693f4ee70e0e,1,sample_step,0.0006921166608596652,0.0005655759999999999,-1.1503696441787745e-05,0.8171685959669119,-0.00012654066085966524,0.8171685959669119
weights_on_pim_prefill-128xdecode_67_ops_trace.csv,decode,1,1,27,GPU0,npu,12,"LN:-1,QK:0,QK:1,Softmax:0,Softmax:1,SV:0,SV:1,Add:-1,LN:-1,SwiGLU:0,SwiGLU:1,Add:-1",0.00010849173222915455,0.0002627583980560303,npu|decode|1|48322b0ab0207f84448cb08e6eac5594,1,sample_step,0.0011934090545207001,0.0028903423786163333,0.00015426666582687575,2.421920939570179,0.0016969333240956332,2.421920939570179
weights_on_pim_prefill-128xdecode_67_ops_trace.csv,decode,1,1,27,PIM0,pim,7,"Q:0,K:0,V:0,O:0,FFN_W1:0,FFN_W3:1,FFN_W2:0",6.291969644178774e-05,5.1416000000000004e-05,pim|decode|1|1ed976c7c13cd28c472fbdb0cfd672ea,1,sample_step,0.0006921166608596652,0.000565576,-1.1503696441787739e-05,0.817168595966912,-0.00012654066085966513,0.817168595966912
weights_on_pim_prefill-128xdecode_67_ops_trace.csv,decode,1,1,27,PIM1,pim,7,"Q:1,K:1,V:1,O:1,FFN_W3:0,FFN_W1:1,FFN_W2:1",6.291969644178774e-05,5.1416e-05,pim|decode|1|34ccac5ef828e4730b89693f4ee70e0e,1,sample_step,0.0006921166608596652,0.0005655759999999999,-1.1503696441787745e-05,0.8171685959669119,-0.00012654066085966524,0.8171685959669119
weights_on_pim_prefill-128xdecode_67_ops_trace.csv,decode,1,1,28,GPU0,npu,12,"LN:-1,QK:0,QK:1,Softmax:0,Softmax:1,SV:0,SV:1,Add:-1,LN:-1,SwiGLU:0,SwiGLU:1,Add:-1",0.00010849173222915455,0.0002627583980560303,npu|decode|1|48322b0ab0207f84448cb08e6eac5594,1,sample_step,0.0011934090545207001,0.0028903423786163333,0.00015426666582687575,2.421920939570179,0.0016969333240956332,2.421920939570179
weights_on_pim_prefill-128xdecode_67_ops_trace.csv,decode,1,1,28,PIM0,pim,7,"Q:0,K:0,V:0,O:0,FFN_W1:0,FFN_W3:1,FFN_W2:0",6.291969644178774e-05,5.1416000000000004e-05,pim|decode|1|1ed976c7c13cd28c472fbdb0cfd672ea,1,sample_step,0.0006921166608596652,0.000565576,-1.1503696441787739e-05,0.817168595966912,-0.00012654066085966513,0.817168595966912
weights_on_pim_prefill-128xdecode_67_ops_trace.csv,decode,1,1,28,PIM1,pim,7,"Q:1,K:1,V:1,O:1,FFN_W3:0,FFN_W1:1,FFN_W2:1",6.291969644178774e-05,5.1416e-05,pim|decode|1|34ccac5ef828e4730b89693f4ee70e0e,1,sample_step,0.0006921166608596652,0.0005655759999999999,-1.1503696441787745e-05,0.8171685959669119,-0.00012654066085966524,0.8171685959669119
weights_on_pim_prefill-128xdecode_67_ops_trace.csv,decode,1,1,29,GPU0,npu,12,"LN:-1,QK:0,QK:1,Softmax:0,Softmax:1,SV:0,SV:1,Add:-1,LN:-1,SwiGLU:0,SwiGLU:1,Add:-1",0.00010849173222915455,0.0002627583980560303,npu|decode|1|48322b0ab0207f84448cb08e6eac5594,1,sample_step,0.0011934090545207001,0.0028903423786163333,0.00015426666582687575,2.421920939570179,0.0016969333240956332,2.421920939570179
weights_on_pim_prefill-128xdecode_67_ops_trace.csv,decode,1,1,29,PIM0,pim,7,"Q:0,K:0,V:0,O:0,FFN_W1:0,FFN_W3:1,FFN_W2:0",6.291969644178774e-05,5.1416000000000004e-05,pim|decode|1|1ed976c7c13cd28c472fbdb0cfd672ea,1,sample_step,0.0006921166608596652,0.000565576,-1.1503696441787739e-05,0.817168595966912,-0.00012654066085966513,0.817168595966912
weights_on_pim_prefill-128xdecode_67_ops_trace.csv,decode,1,1,29,PIM1,pim,7,"Q:1,K:1,V:1,O:1,FFN_W3:0,FFN_W1:1,FFN_W2:1",6.291969644178774e-05,5.1416e-05,pim|decode|1|34ccac5ef828e4730b89693f4ee70e0e,1,sample_step,0.0006921166608596652,0.0005655759999999999,-1.1503696441787745e-05,0.8171685959669119,-0.00012654066085966524,0.8171685959669119
weights_on_pim_prefill-128xdecode_67_ops_trace.csv,decode,1,1,30,GPU0,npu,12,"LN:-1,QK:0,QK:1,Softmax:0,Softmax:1,SV:0,SV:1,Add:-1,LN:-1,SwiGLU:0,SwiGLU:1,Add:-1",0.00010849173222915455,0.0002627583980560303,npu|decode|1|48322b0ab0207f84448cb08e6eac5594,1,sample_step,0.0011934090545207001,0.0028903423786163333,0.00015426666582687575,2.421920939570179,0.0016969333240956332,2.421920939570179
weights_on_pim_prefill-128xdecode_67_ops_trace.csv,decode,1,1,30,PIM0,pim,7,"Q:0,K:0,V:0,O:0,FFN_W1:0,FFN_W3:1,FFN_W2:0",6.291969644178774e-05,5.1416000000000004e-05,pim|decode|1|1ed976c7c13cd28c472fbdb0cfd672ea,1,sample_step,0.0006921166608596652,0.000565576,-1.1503696441787739e-05,0.817168595966912,-0.00012654066085966513,0.817168595966912
weights_on_pim_prefill-128xdecode_67_ops_trace.csv,decode,1,1,30,PIM1,pim,7,"Q:1,K:1,V:1,O:1,FFN_W3:0,FFN_W1:1,FFN_W2:1",6.291969644178774e-05,5.1416e-05,pim|decode|1|34ccac5ef828e4730b89693f4ee70e0e,1,sample_step,0.0006921166608596652,0.0005655759999999999,-1.1503696441787745e-05,0.8171685959669119,-0.00012654066085966524,0.8171685959669119
weights_on_pim_prefill-128xdecode_67_ops_trace.csv,decode,1,1,31,GPU0,npu,12,"LN:-1,QK:0,QK:1,Softmax:0,Softmax:1,SV:0,SV:1,Add:-1,LN:-1,SwiGLU:0,SwiGLU:1,Add:-1",0.00010849173222915455,0.0002627583980560303,npu|decode|1|48322b0ab0207f84448cb08e6eac5594,1,sample_step,0.0011934090545207001,0.0028903423786163333,0.00015426666582687575,2.421920939570179,0.0016969333240956332,2.421920939570179
weights_on_pim_prefill-128xdecode_67_ops_trace.csv,decode,1,1,31,PIM0,pim,7,"Q:0,K:0,V:0,O:0,FFN_W1:0,FFN_W3:1,FFN_W2:0",6.291969644178774e-05,5.1416000000000004e-05,pim|decode|1|1ed976c7c13cd28c472fbdb0cfd672ea,1,sample_step,0.0006921166608596652,0.000565576,-1.1503696441787739e-05,0.817168595966912,-0.00012654066085966513,0.817168595966912
weights_on_pim_prefill-128xdecode_67_ops_trace.csv,decode,1,1,31,PIM1,pim,7,"Q:1,K:1,V:1,O:1,FFN_W3:0,FFN_W1:1,FFN_W2:1",6.291969644178774e-05,5.1416e-05,pim|decode|1|34ccac5ef828e4730b89693f4ee70e0e,1,sample_step,0.0006921166608596652,0.0005655759999999999,-1.1503696441787745e-05,0.8171685959669119,-0.00012654066085966524,0.8171685959669119
weights_on_pim_prefill-128xdecode_67_ops_trace.csv,decode,2,11,0,GPU0,npu,12,"LN:-1,QK:0,QK:1,Softmax:0,Softmax:1,SV:0,SV:1,Add:-1,LN:-1,SwiGLU:0,SwiGLU:1,Add:-1",0.00010849381661603986,0.0002599936008453369,npu|decode|2|48322b0ab0207f84448cb08e6eac5594,2,sample_step,0.0013019257993924784,0.003119923210144043,0.00015149978422929704,2.396390955306287,0.0018179974107515645,2.396390955306287
weights_on_pim_prefill-128xdecode_67_ops_trace.csv,decode,2,11,0,PIM0,pim,7,"Q:0,K:0,V:0,O:0,FFN_W1:0,FFN_W3:1,FFN_W2:0",6.291969644178774e-05,5.1416000000000004e-05,pim|decode|2|1ed976c7c13cd28c472fbdb0cfd672ea,2,sample_step,0.0007550363573014529,0.000616992,-1.1503696441787739e-05,0.817168595966912,-0.0001380443573014529,0.817168595966912
weights_on_pim_prefill-128xdecode_67_ops_trace.csv,decode,2,11,0,PIM1,pim,7,"Q:1,K:1,V:1,O:1,FFN_W3:0,FFN_W1:1,FFN_W2:1",6.291969644178774e-05,5.1416e-05,pim|decode|2|34ccac5ef828e4730b89693f4ee70e0e,2,sample_step,0.0007550363573014529,0.000616992,-1.1503696441787745e-05,0.8171685959669119,-0.0001380443573014529,0.817168595966912
weights_on_pim_prefill-128xdecode_67_ops_trace.csv,decode,2,11,1,GPU0,npu,12,"LN:-1,QK:0,QK:1,Softmax:0,Softmax:1,SV:0,SV:1,Add:-1,LN:-1,SwiGLU:0,SwiGLU:1,Add:-1",0.00010849381661603986,0.0002599936008453369,npu|decode|2|48322b0ab0207f84448cb08e6eac5594,2,sample_step,0.0013019257993924784,0.003119923210144043,0.00015149978422929704,2.396390955306287,0.0018179974107515645,2.396390955306287
weights_on_pim_prefill-128xdecode_67_ops_trace.csv,decode,2,11,1,PIM0,pim,7,"Q:0,K:0,V:0,O:0,FFN_W1:0,FFN_W3:1,FFN_W2:0",6.291969644178774e-05,5.1416000000000004e-05,pim|decode|2|1ed976c7c13cd28c472fbdb0cfd672ea,2,sample_step,0.0007550363573014529,0.000616992,-1.1503696441787739e-05,0.817168595966912,-0.0001380443573014529,0.817168595966912
weights_on_pim_prefill-128xdecode_67_ops_trace.csv,decode,2,11,1,PIM1,pim,7,"Q:1,K:1,V:1,O:1,FFN_W3:0,FFN_W1:1,FFN_W2:1",6.291969644178774e-05,5.1416e-05,pim|decode|2|34ccac5ef828e4730b89693f4ee70e0e,2,sample_step,0.0007550363573014529,0.000616992,-1.1503696441787745e-05,0.8171685959669119,-0.0001380443573014529,0.817168595966912
weights_on_pim_prefill-128xdecode_67_ops_trace.csv,decode,2,11,2,GPU0,npu,12,"LN:-1,QK:0,QK:1,Softmax:0,Softmax:1,SV:0,SV:1,Add:-1,LN:-1,SwiGLU:0,SwiGLU:1,Add:-1",0.00010849381661603986,0.0002599936008453369,npu|decode|2|48322b0ab0207f84448cb08e6eac5594,2,sample_step,0.0013019257993924784,0.003119923210144043,0.00015149978422929704,2.396390955306287,0.0018179974107515645,2.396390955306287
weights_on_pim_prefill-128xdecode_67_ops_trace.csv,decode,2,11,2,PIM0,pim,7,"Q:0,K:0,V:0,O:0,FFN_W1:0,FFN_W3:1,FFN_W2:0",6.291969644178774e-05,5.1416000000000004e-05,pim|decode|2|1ed976c7c13cd28c472fbdb0cfd672ea,2,sample_step,0.0007550363573014529,0.000616992,-1.1503696441787739e-05,0.817168595966912,-0.0001380443573014529,0.817168595966912
weights_on_pim_prefill-128xdecode_67_ops_trace.csv,decode,2,11,2,PIM1,pim,7,"Q:1,K:1,V:1,O:1,FFN_W3:0,FFN_W1:1,FFN_W2:1",6.291969644178774e-05,5.1416e-05,pim|decode|2|34ccac5ef828e4730b89693f4ee70e0e,2,sample_step,0.0007550363573014529,0.000616992,-1.1503696441787745e-05,0.8171685959669119,-0.0001380443573014529,0.817168595966912
weights_on_pim_prefill-128xdecode_67_ops_trace.csv,decode,2,11,3,GPU0,npu,12,"LN:-1,QK:0,QK:1,Softmax:0,Softmax:1,SV:0,SV:1,Add:-1,LN:-1,SwiGLU:0,SwiGLU:1,Add:-1",0.00010849381661603986,0.0002599936008453369,npu|decode|2|48322b0ab0207f84448cb08e6eac5594,2,sample_step,0.0013019257993924784,0.003119923210144043,0.00015149978422929704,2.396390955306287,0.0018179974107515645,2.396390955306287
weights_on_pim_prefill-128xdecode_67_ops_trace.csv,decode,2,11,3,PIM0,pim,7,"Q:0,K:0,V:0,O:0,FFN_W1:0,FFN_W3:1,FFN_W2:0",6.291969644178774e-05,5.1416000000000004e-05,pim|decode|2|1ed976c7c13cd28c472fbdb0cfd672ea,2,sample_step,0.0007550363573014529,0.000616992,-1.1503696441787739e-05,0.817168595966912,-0.0001380443573014529,0.817168595966912
weights_on_pim_prefill-128xdecode_67_ops_trace.csv,decode,2,11,3,PIM1,pim,7,"Q:1,K:1,V:1,O:1,FFN_W3:0,FFN_W1:1,FFN_W2:1",6.291969644178774e-05,5.1416e-05,pim|decode|2|34ccac5ef828e4730b89693f4ee70e0e,2,sample_step,0.0007550363573014529,0.000616992,-1.1503696441787745e-05,0.8171685959669119,-0.0001380443573014529,0.817168595966912
weights_on_pim_prefill-128xdecode_67_ops_trace.csv,decode,2,11,4,GPU0,npu,12,"LN:-1,QK:0,QK:1,Softmax:0,Softmax:1,SV:0,SV:1,Add:-1,LN:-1,SwiGLU:0,SwiGLU:1,Add:-1",0.00010849381661603986,0.0002599936008453369,npu|decode|2|48322b0ab0207f84448cb08e6eac5594,2,sample_step,0.0013019257993924784,0.003119923210144043,0.00015149978422929704,2.396390955306287,0.0018179974107515645,2.396390955306287
weights_on_pim_prefill-128xdecode_67_ops_trace.csv,decode,2,11,4,PIM0,pim,7,"Q:0,K:0,V:0,O:0,FFN_W1:0,FFN_W3:1,FFN_W2:0",6.291969644178774e-05,5.1416000000000004e-05,pim|decode|2|1ed976c7c13cd28c472fbdb0cfd672ea,2,sample_step,0.0007550363573014529,0.000616992,-1.1503696441787739e-05,0.817168595966912,-0.0001380443573014529,0.817168595966912
weights_on_pim_prefill-128xdecode_67_ops_trace.csv,decode,2,11,4,PIM1,pim,7,"Q:1,K:1,V:1,O:1,FFN_W3:0,FFN_W1:1,FFN_W2:1",6.291969644178774e-05,5.1416e-05,pim|decode|2|34ccac5ef828e4730b89693f4ee70e0e,2,sample_step,0.0007550363573014529,0.000616992,-1.1503696441787745e-05,0.8171685959669119,-0.0001380443573014529,0.817168595966912
weights_on_pim_prefill-128xdecode_67_ops_trace.csv,decode,2,11,5,GPU0,npu,12,"LN:-1,QK:0,QK:1,Softmax:0,Softmax:1,SV:0,SV:1,Add:-1,LN:-1,SwiGLU:0,SwiGLU:1,Add:-1",0.00010849381661603986,0.0002599936008453369,npu|decode|2|48322b0ab0207f84448cb08e6eac5594,2,sample_step,0.0013019257993924784,0.003119923210144043,0.00015149978422929704,2.396390955306287,0.0018179974107515645,2.396390955306287
weights_on_pim_prefill-128xdecode_67_ops_trace.csv,decode,2,11,5,PIM0,pim,7,"Q:0,K:0,V:0,O:0,FFN_W1:0,FFN_W3:1,FFN_W2:0",6.291969644178774e-05,5.1416000000000004e-05,pim|decode|2|1ed976c7c13cd28c472fbdb0cfd672ea,2,sample_step,0.0007550363573014529,0.000616992,-1.1503696441787739e-05,0.817168595966912,-0.0001380443573014529,0.817168595966912
weights_on_pim_prefill-128xdecode_67_ops_trace.csv,decode,2,11,5,PIM1,pim,7,"Q:1,K:1,V:1,O:1,FFN_W3:0,FFN_W1:1,FFN_W2:1",6.291969644178774e-05,5.1416e-05,pim|decode|2|34ccac5ef828e4730b89693f4ee70e0e,2,sample_step,0.0007550363573014529,0.000616992,-1.1503696441787745e-05,0.8171685959669119,-0.0001380443573014529,0.817168595966912
weights_on_pim_prefill-128xdecode_67_ops_trace.csv,decode,2,11,6,GPU0,npu,12,"LN:-1,QK:0,QK:1,Softmax:0,Softmax:1,SV:0,SV:1,Add:-1,LN:-1,SwiGLU:0,SwiGLU:1,Add:-1",0.00010849381661603986,0.0002599936008453369,npu|decode|2|48322b0ab0207f84448cb08e6eac5594,2,sample_step,0.0013019257993924784,0.003119923210144043,0.00015149978422929704,2.396390955306287,0.0018179974107515645,2.396390955306287
weights_on_pim_prefill-128xdecode_67_ops_trace.csv,decode,2,11,6,PIM0,pim,7,"Q:0,K:0,V:0,O:0,FFN_W1:0,FFN_W3:1,FFN_W2:0",6.291969644178774e-05,5.1416000000000004e-05,pim|decode|2|1ed976c7c13cd28c472fbdb0cfd672ea,2,sample_step,0.0007550363573014529,0.000616992,-1.1503696441787739e-05,0.817168595966912,-0.0001380443573014529,0.817168595966912
weights_on_pim_prefill-128xdecode_67_ops_trace.csv,decode,2,11,6,PIM1,pim,7,"Q:1,K:1,V:1,O:1,FFN_W3:0,FFN_W1:1,FFN_W2:1",6.291969644178774e-05,5.1416e-05,pim|decode|2|34ccac5ef828e4730b89693f4ee70e0e,2,sample_step,0.0007550363573014529,0.000616992,-1.1503696441787745e-05,0.8171685959669119,-0.0001380443573014529,0.817168595966912
weights_on_pim_prefill-128xdecode_67_ops_trace.csv,decode,2,11,7,GPU0,npu,12,"LN:-1,QK:0,QK:1,Softmax:0,Softmax:1,SV:0,SV:1,Add:-1,LN:-1,SwiGLU:0,SwiGLU:1,Add:-1",0.00010849381661603986,0.0002599936008453369,npu|decode|2|48322b0ab0207f84448cb08e6eac5594,2,sample_step,0.0013019257993924784,0.003119923210144043,0.00015149978422929704,2.396390955306287,0.0018179974107515645,2.396390955306287
weights_on_pim_prefill-128xdecode_67_ops_trace.csv,decode,2,11,7,PIM0,pim,7,"Q:0,K:0,V:0,O:0,FFN_W1:0,FFN_W3:1,FFN_W2:0",6.291969644178774e-05,5.1416000000000004e-05,pim|decode|2|1ed976c7c13cd28c472fbdb0cfd672ea,2,sample_step,0.0007550363573014529,0.000616992,-1.1503696441787739e-05,0.817168595966912,-0.0001380443573014529,0.817168595966912
weights_on_pim_prefill-128xdecode_67_ops_trace.csv,decode,2,11,7,PIM1,pim,7,"Q:1,K:1,V:1,O:1,FFN_W3:0,FFN_W1:1,FFN_W2:1",6.291969644178774e-05,5.1416e-05,pim|decode|2|34ccac5ef828e4730b89693f4ee70e0e,2,sample_step,0.0007550363573014529,0.000616992,-1.1503696441787745e-05,0.8171685959669119,-0.0001380443573014529,0.817168595966912
weights_on_pim_prefill-128xdecode_67_ops_trace.csv,decode,2,11,8,GPU0,npu,12,"LN:-1,QK:0,QK:1,Softmax:0,Softmax:1,SV:0,SV:1,Add:-1,LN:-1,SwiGLU:0,SwiGLU:1,Add:-1",0.00010849381661603986,0.0002599936008453369,npu|decode|2|48322b0ab0207f84448cb08e6eac5594,2,sample_step,0.0013019257993924784,0.003119923210144043,0.00015149978422929704,2.396390955306287,0.0018179974107515645,2.396390955306287
weights_on_pim_prefill-128xdecode_67_ops_trace.csv,decode,2,11,8,PIM0,pim,7,"Q:0,K:0,V:0,O:0,FFN_W1:0,FFN_W3:1,FFN_W2:0",6.291969644178774e-05,5.1416000000000004e-05,pim|decode|2|1ed976c7c13cd28c472fbdb0cfd672ea,2,sample_step,0.0007550363573014529,0.000616992,-1.1503696441787739e-05,0.817168595966912,-0.0001380443573014529,0.817168595966912
weights_on_pim_prefill-128xdecode_67_ops_trace.csv,decode,2,11,8,PIM1,pim,7,"Q:1,K:1,V:1,O:1,FFN_W3:0,FFN_W1:1,FFN_W2:1",6.291969644178774e-05,5.1416e-05,pim|decode|2|34ccac5ef828e4730b89693f4ee70e0e,2,sample_step,0.0007550363573014529,0.000616992,-1.1503696441787745e-05,0.8171685959669119,-0.0001380443573014529,0.817168595966912
weights_on_pim_prefill-128xdecode_67_ops_trace.csv,decode,2,11,9,GPU0,npu,12,"LN:-1,QK:0,QK:1,Softmax:0,Softmax:1,SV:0,SV:1,Add:-1,LN:-1,SwiGLU:0,SwiGLU:1,Add:-1",0.00010849381661603986,0.0002599936008453369,npu|decode|2|48322b0ab0207f84448cb08e6eac5594,2,sample_step,0.0013019257993924784,0.003119923210144043,0.00015149978422929704,2.396390955306287,0.0018179974107515645,2.396390955306287
weights_on_pim_prefill-128xdecode_67_ops_trace.csv,decode,2,11,9,PIM0,pim,7,"Q:0,K:0,V:0,O:0,FFN_W1:0,FFN_W3:1,FFN_W2:0",6.291969644178774e-05,5.1416000000000004e-05,pim|decode|2|1ed976c7c13cd28c472fbdb0cfd672ea,2,sample_step,0.0007550363573014529,0.000616992,-1.1503696441787739e-05,0.817168595966912,-0.0001380443573014529,0.817168595966912
weights_on_pim_prefill-128xdecode_67_ops_trace.csv,decode,2,11,9,PIM1,pim,7,"Q:1,K:1,V:1,O:1,FFN_W3:0,FFN_W1:1,FFN_W2:1",6.291969644178774e-05,5.1416e-05,pim|decode|2|34ccac5ef828e4730b89693f4ee70e0e,2,sample_step,0.0007550363573014529,0.000616992,-1.1503696441787745e-05,0.8171685959669119,-0.0001380443573014529,0.817168595966912
weights_on_pim_prefill-128xdecode_67_ops_trace.csv,decode,2,11,10,GPU0,npu,12,"LN:-1,QK:0,QK:1,Softmax:0,Softmax:1,SV:0,SV:1,Add:-1,LN:-1,SwiGLU:0,SwiGLU:1,Add:-1",0.00010849381661603986,0.0002599936008453369,npu|decode|2|48322b0ab0207f84448cb08e6eac5594,2,sample_step,0.0013019257993924784,0.003119923210144043,0.00015149978422929704,2.396390955306287,0.0018179974107515645,2.396390955306287
weights_on_pim_prefill-128xdecode_67_ops_trace.csv,decode,2,11,10,PIM0,pim,7,"Q:0,K:0,V:0,O:0,FFN_W1:0,FFN_W3:1,FFN_W2:0",6.291969644178774e-05,5.1416000000000004e-05,pim|decode|2|1ed976c7c13cd28c472fbdb0cfd672ea,2,sample_step,0.0007550363573014529,0.000616992,-1.1503696441787739e-05,0.817168595966912,-0.0001380443573014529,0.817168595966912
weights_on_pim_prefill-128xdecode_67_ops_trace.csv,decode,2,11,10,PIM1,pim,7,"Q:1,K:1,V:1,O:1,FFN_W3:0,FFN_W1:1,FFN_W2:1",6.291969644178774e-05,5.1416e-05,pim|decode|2|34ccac5ef828e4730b89693f4ee70e0e,2,sample_step,0.0007550363573014529,0.000616992,-1.1503696441787745e-05,0.8171685959669119,-0.0001380443573014529,0.817168595966912
weights_on_pim_prefill-128xdecode_67_ops_trace.csv,decode,2,11,11,GPU0,npu,12,"LN:-1,QK:0,QK:1,Softmax:0,Softmax:1,SV:0,SV:1,Add:-1,LN:-1,SwiGLU:0,SwiGLU:1,Add:-1",0.00010849381661603986,0.0002599936008453369,npu|decode|2|48322b0ab0207f84448cb08e6eac5594,2,sample_step,0.0013019257993924784,0.003119923210144043,0.00015149978422929704,2.396390955306287,0.0018179974107515645,2.396390955306287
weights_on_pim_prefill-128xdecode_67_ops_trace.csv,decode,2,11,11,PIM0,pim,7,"Q:0,K:0,V:0,O:0,FFN_W1:0,FFN_W3:1,FFN_W2:0",6.291969644178774e-05,5.1416000000000004e-05,pim|decode|2|1ed976c7c13cd28c472fbdb0cfd672ea,2,sample_step,0.0007550363573014529,0.000616992,-1.1503696441787739e-05,0.817168595966912,-0.0001380443573014529,0.817168595966912
weights_on_pim_prefill-128xdecode_67_ops_trace.csv,decode,2,11,11,PIM1,pim,7,"Q:1,K:1,V:1,O:1,FFN_W3:0,FFN_W1:1,FFN_W2:1",6.291969644178774e-05,5.1416e-05,pim|decode|2|34ccac5ef828e4730b89693f4ee70e0e,2,sample_step,0.0007550363573014529,0.000616992,-1.1503696441787745e-05,0.8171685959669119,-0.0001380443573014529,0.817168595966912
weights_on_pim_prefill-128xdecode_67_ops_trace.csv,decode,2,11,12,GPU0,npu,12,"LN:-1,QK:0,QK:1,Softmax:0,Softmax:1,SV:0,SV:1,Add:-1,LN:-1,SwiGLU:0,SwiGLU:1,Add:-1",0.00010849381661603986,0.0002599936008453369,npu|decode|2|48322b0ab0207f84448cb08e6eac5594,2,sample_step,0.0013019257993924784,0.003119923210144043,0.00015149978422929704,2.396390955306287,0.0018179974107515645,2.396390955306287
weights_on_pim_prefill-128xdecode_67_ops_trace.csv,decode,2,11,12,PIM0,pim,7,"Q:0,K:0,V:0,O:0,FFN_W1:0,FFN_W3:1,FFN_W2:0",6.291969644178774e-05,5.1416000000000004e-05,pim|decode|2|1ed976c7c13cd28c472fbdb0cfd672ea,2,sample_step,0.0007550363573014529,0.000616992,-1.1503696441787739e-05,0.817168595966912,-0.0001380443573014529,0.817168595966912
weights_on_pim_prefill-128xdecode_67_ops_trace.csv,decode,2,11,12,PIM1,pim,7,"Q:1,K:1,V:1,O:1,FFN_W3:0,FFN_W1:1,FFN_W2:1",6.291969644178774e-05,5.1416e-05,pim|decode|2|34ccac5ef828e4730b89693f4ee70e0e,2,sample_step,0.0007550363573014529,0.000616992,-1.1503696441787745e-05,0.8171685959669119,-0.0001380443573014529,0.817168595966912
weights_on_pim_prefill-128xdecode_67_ops_trace.csv,decode,2,11,13,GPU0,npu,12,"LN:-1,QK:0,QK:1,Softmax:0,Softmax:1,SV:0,SV:1,Add:-1,LN:-1,SwiGLU:0,SwiGLU:1,Add:-1",0.00010849381661603986,0.0002599936008453369,npu|decode|2|48322b0ab0207f84448cb08e6eac5594,2,sample_step,0.0013019257993924784,0.003119923210144043,0.00015149978422929704,2.396390955306287,0.0018179974107515645,2.396390955306287
weights_on_pim_prefill-128xdecode_67_ops_trace.csv,decode,2,11,13,PIM0,pim,7,"Q:0,K:0,V:0,O:0,FFN_W1:0,FFN_W3:1,FFN_W2:0",6.291969644178774e-05,5.1416000000000004e-05,pim|decode|2|1ed976c7c13cd28c472fbdb0cfd672ea,2,sample_step,0.0007550363573014529,0.000616992,-1.1503696441787739e-05,0.817168595966912,-0.0001380443573014529,0.817168595966912
weights_on_pim_prefill-128xdecode_67_ops_trace.csv,decode,2,11,13,PIM1,pim,7,"Q:1,K:1,V:1,O:1,FFN_W3:0,FFN_W1:1,FFN_W2:1",6.291969644178774e-05,5.1416e-05,pim|decode|2|34ccac5ef828e4730b89693f4ee70e0e,2,sample_step,0.0007550363573014529,0.000616992,-1.1503696441787745e-05,0.8171685959669119,-0.0001380443573014529,0.817168595966912
weights_on_pim_prefill-128xdecode_67_ops_trace.csv,decode,2,11,14,GPU0,npu,12,"LN:-1,QK:0,QK:1,Softmax:0,Softmax:1,SV:0,SV:1,Add:-1,LN:-1,SwiGLU:0,SwiGLU:1,Add:-1",0.00010849381661603986,0.0002599936008453369,npu|decode|2|48322b0ab0207f84448cb08e6eac5594,2,sample_step,0.0013019257993924784,0.003119923210144043,0.00015149978422929704,2.396390955306287,0.0018179974107515645,2.396390955306287
weights_on_pim_prefill-128xdecode_67_ops_trace.csv,decode,2,11,14,PIM0,pim,7,"Q:0,K:0,V:0,O:0,FFN_W1:0,FFN_W3:1,FFN_W2:0",6.291969644178774e-05,5.1416000000000004e-05,pim|decode|2|1ed976c7c13cd28c472fbdb0cfd672ea,2,sample_step,0.0007550363573014529,0.000616992,-1.1503696441787739e-05,0.817168595966912,-0.0001380443573014529,0.817168595966912
weights_on_pim_prefill-128xdecode_67_ops_trace.csv,decode,2,11,14,PIM1,pim,7,"Q:1,K:1,V:1,O:1,FFN_W3:0,FFN_W1:1,FFN_W2:1",6.291969644178774e-05,5.1416e-05,pim|decode|2|34ccac5ef828e4730b89693f4ee70e0e,2,sample_step,0.0007550363573014529,0.000616992,-1.1503696441787745e-05,0.8171685959669119,-0.0001380443573014529,0.817168595966912
weights_on_pim_prefill-128xdecode_67_ops_trace.csv,decode,2,11,15,GPU0,npu,12,"LN:-1,QK:0,QK:1,Softmax:0,Softmax:1,SV:0,SV:1,Add:-1,LN:-1,SwiGLU:0,SwiGLU:1,Add:-1",0.00010849381661603986,0.0002599936008453369,npu|decode|2|48322b0ab0207f84448cb08e6eac5594,2,sample_step,0.0013019257993924784,0.003119923210144043,0.00015149978422929704,2.396390955306287,0.0018179974107515645,2.396390955306287
weights_on_pim_prefill-128xdecode_67_ops_trace.csv,decode,2,11,15,PIM0,pim,7,"Q:0,K:0,V:0,O:0,FFN_W1:0,FFN_W3:1,FFN_W2:0",6.291969644178774e-05,5.1416000000000004e-05,pim|decode|2|1ed976c7c13cd28c472fbdb0cfd672ea,2,sample_step,0.0007550363573014529,0.000616992,-1.1503696441787739e-05,0.817168595966912,-0.0001380443573014529,0.817168595966912
weights_on_pim_prefill-128xdecode_67_ops_trace.csv,decode,2,11,15,PIM1,pim,7,"Q:1,K:1,V:1,O:1,FFN_W3:0,FFN_W1:1,FFN_W2:1",6.291969644178774e-05,5.1416e-05,pim|decode|2|34ccac5ef828e4730b89693f4ee70e0e,2,sample_step,0.0007550363573014529,0.000616992,-1.1503696441787745e-05,0.8171685959669119,-0.0001380443573014529,0.817168595966912
weights_on_pim_prefill-128xdecode_67_ops_trace.csv,decode,2,11,16,GPU0,npu,12,"LN:-1,QK:0,QK:1,Softmax:0,Softmax:1,SV:0,SV:1,Add:-1,LN:-1,SwiGLU:0,SwiGLU:1,Add:-1",0.00010849381661603986,0.0002599936008453369,npu|decode|2|48322b0ab0207f84448cb08e6eac5594,2,sample_step,0.0013019257993924784,0.003119923210144043,0.00015149978422929704,2.396390955306287,0.0018179974107515645,2.396390955306287
weights_on_pim_prefill-128xdecode_67_ops_trace.csv,decode,2,11,16,PIM0,pim,7,"Q:0,K:0,V:0,O:0,FFN_W1:0,FFN_W3:1,FFN_W2:0",6.291969644178774e-05,5.1416000000000004e-05,pim|decode|2|1ed976c7c13cd28c472fbdb0cfd672ea,2,sample_step,0.0007550363573014529,0.000616992,-1.1503696441787739e-05,0.817168595966912,-0.0001380443573014529,0.817168595966912
weights_on_pim_prefill-128xdecode_67_ops_trace.csv,decode,2,11,16,PIM1,pim,7,"Q:1,K:1,V:1,O:1,FFN_W3:0,FFN_W1:1,FFN_W2:1",6.291969644178774e-05,5.1416e-05,pim|decode|2|34ccac5ef828e4730b89693f4ee70e0e,2,sample_step,0.0007550363573014529,0.000616992,-1.1503696441787745e-05,0.8171685959669119,-0.0001380443573014529,0.817168595966912
weights_on_pim_prefill-128xdecode_67_ops_trace.csv,decode,2,11,17,GPU0,npu,12,"LN:-1,QK:0,QK:1,Softmax:0,Softmax:1,SV:0,SV:1,Add:-1,LN:-1,SwiGLU:0,SwiGLU:1,Add:-1",0.00010849381661603986,0.0002599936008453369,npu|decode|2|48322b0ab0207f84448cb08e6eac5594,2,sample_step,0.0013019257993924784,0.003119923210144043,0.00015149978422929704,2.396390955306287,0.0018179974107515645,2.396390955306287
weights_on_pim_prefill-128xdecode_67_ops_trace.csv,decode,2,11,17,PIM0,pim,7,"Q:0,K:0,V:0,O:0,FFN_W1:0,FFN_W3:1,FFN_W2:0",6.291969644178774e-05,5.1416000000000004e-05,pim|decode|2|1ed976c7c13cd28c472fbdb0cfd672ea,2,sample_step,0.0007550363573014529,0.000616992,-1.1503696441787739e-05,0.817168595966912,-0.0001380443573014529,0.817168595966912
weights_on_pim_prefill-128xdecode_67_ops_trace.csv,decode,2,11,17,PIM1,pim,7,"Q:1,K:1,V:1,O:1,FFN_W3:0,FFN_W1:1,FFN_W2:1",6.291969644178774e-05,5.1416e-05,pim|decode|2|34ccac5ef828e4730b89693f4ee70e0e,2,sample_step,0.0007550363573014529,0.000616992,-1.1503696441787745e-05,0.8171685959669119,-0.0001380443573014529,0.817168595966912
weights_on_pim_prefill-128xdecode_67_ops_trace.csv,decode,2,11,18,GPU0,npu,12,"LN:-1,QK:0,QK:1,Softmax:0,Softmax:1,SV:0,SV:1,Add:-1,LN:-1,SwiGLU:0,SwiGLU:1,Add:-1",0.00010849381661603986,0.0002599936008453369,npu|decode|2|48322b0ab0207f84448cb08e6eac5594,2,sample_step,0.0013019257993924784,0.003119923210144043,0.00015149978422929704,2.396390955306287,0.0018179974107515645,2.396390955306287
weights_on_pim_prefill-128xdecode_67_ops_trace.csv,decode,2,11,18,PIM0,pim,7,"Q:0,K:0,V:0,O:0,FFN_W1:0,FFN_W3:1,FFN_W2:0",6.291969644178774e-05,5.1416000000000004e-05,pim|decode|2|1ed976c7c13cd28c472fbdb0cfd672ea,2,sample_step,0.0007550363573014529,0.000616992,-1.1503696441787739e-05,0.817168595966912,-0.0001380443573014529,0.817168595966912
weights_on_pim_prefill-128xdecode_67_ops_trace.csv,decode,2,11,18,PIM1,pim,7,"Q:1,K:1,V:1,O:1,FFN_W3:0,FFN_W1:1,FFN_W2:1",6.291969644178774e-05,5.1416e-05,pim|decode|2|34ccac5ef828e4730b89693f4ee70e0e,2,sample_step,0.0007550363573014529,0.000616992,-1.1503696441787745e-05,0.8171685959669119,-0.0001380443573014529,0.817168595966912
weights_on_pim_prefill-128xdecode_67_ops_trace.csv,decode,2,11,19,GPU0,npu,12,"LN:-1,QK:0,QK:1,Softmax:0,Softmax:1,SV:0,SV:1,Add:-1,LN:-1,SwiGLU:0,SwiGLU:1,Add:-1",0.00010849381661603986,0.0002599936008453369,npu|decode|2|48322b0ab0207f84448cb08e6eac5594,2,sample_step,0.0013019257993924784,0.003119923210144043,0.00015149978422929704,2.396390955306287,0.0018179974107515645,2.396390955306287
weights_on_pim_prefill-128xdecode_67_ops_trace.csv,decode,2,11,19,PIM0,pim,7,"Q:0,K:0,V:0,O:0,FFN_W1:0,FFN_W3:1,FFN_W2:0",6.291969644178774e-05,5.1416000000000004e-05,pim|decode|2|1ed976c7c13cd28c472fbdb0cfd672ea,2,sample_step,0.0007550363573014529,0.000616992,-1.1503696441787739e-05,0.817168595966912,-0.0001380443573014529,0.817168595966912
weights_on_pim_prefill-128xdecode_67_ops_trace.csv,decode,2,11,19,PIM1,pim,7,"Q:1,K:1,V:1,O:1,FFN_W3:0,FFN_W1:1,FFN_W2:1",6.291969644178774e-05,5.1416e-05,pim|decode|2|34ccac5ef828e4730b89693f4ee70e0e,2,sample_step,0.0007550363573014529,0.000616992,-1.1503696441787745e-05,0.8171685959669119,-0.0001380443573014529,0.817168595966912
weights_on_pim_prefill-128xdecode_67_ops_trace.csv,decode,2,11,20,GPU0,npu,12,"LN:-1,QK:0,QK:1,Softmax:0,Softmax:1,SV:0,SV:1,Add:-1,LN:-1,SwiGLU:0,SwiGLU:1,Add:-1",0.00010849381661603986,0.0002599936008453369,npu|decode|2|48322b0ab0207f84448cb08e6eac5594,2,sample_step,0.0013019257993924784,0.003119923210144043,0.00015149978422929704,2.396390955306287,0.0018179974107515645,2.396390955306287
weights_on_pim_prefill-128xdecode_67_ops_trace.csv,decode,2,11,20,PIM0,pim,7,"Q:0,K:0,V:0,O:0,FFN_W1:0,FFN_W3:1,FFN_W2:0",6.291969644178774e-05,5.1416000000000004e-05,pim|decode|2|1ed976c7c13cd28c472fbdb0cfd672ea,2,sample_step,0.0007550363573014529,0.000616992,-1.1503696441787739e-05,0.817168595966912,-0.0001380443573014529,0.817168595966912
weights_on_pim_prefill-128xdecode_67_ops_trace.csv,decode,2,11,20,PIM1,pim,7,"Q:1,K:1,V:1,O:1,FFN_W3:0,FFN_W1:1,FFN_W2:1",6.291969644178774e-05,5.1416e-05,pim|decode|2|34ccac5ef828e4730b89693f4ee70e0e,2,sample_step,0.0007550363573014529,0.000616992,-1.1503696441787745e-05,0.8171685959669119,-0.0001380443573014529,0.817168595966912
weights_on_pim_prefill-128xdecode_67_ops_trace.csv,decode,2,11,21,GPU0,npu,12,"LN:-1,QK:0,QK:1,Softmax:0,Softmax:1,SV:0,SV:1,Add:-1,LN:-1,SwiGLU:0,SwiGLU:1,Add:-1",0.00010849381661603986,0.0002599936008453369,npu|decode|2|48322b0ab0207f84448cb08e6eac5594,2,sample_step,0.0013019257993924784,0.003119923210144043,0.00015149978422929704,2.396390955306287,0.0018179974107515645,2.396390955306287
weights_on_pim_prefill-128xdecode_67_ops_trace.csv,decode,2,11,21,PIM0,pim,7,"Q:0,K:0,V:0,O:0,FFN_W1:0,FFN_W3:1,FFN_W2:0",6.291969644178774e-05,5.1416000000000004e-05,pim|decode|2|1ed976c7c13cd28c472fbdb0cfd672ea,2,sample_step,0.0007550363573014529,0.000616992,-1.1503696441787739e-05,0.817168595966912,-0.0001380443573014529,0.817168595966912
weights_on_pim_prefill-128xdecode_67_ops_trace.csv,decode,2,11,21,PIM1,pim,7,"Q:1,K:1,V:1,O:1,FFN_W3:0,FFN_W1:1,FFN_W2:1",6.291969644178774e-05,5.1416e-05,pim|decode|2|34ccac5ef828e4730b89693f4ee70e0e,2,sample_step,0.0007550363573014529,0.000616992,-1.1503696441787745e-05,0.8171685959669119,-0.0001380443573014529,0.817168595966912
weights_on_pim_prefill-128xdecode_67_ops_trace.csv,decode,2,11,22,GPU0,npu,12,"LN:-1,QK:0,QK:1,Softmax:0,Softmax:1,SV:0,SV:1,Add:-1,LN:-1,SwiGLU:0,SwiGLU:1,Add:-1",0.00010849381661603986,0.0002599936008453369,npu|decode|2|48322b0ab0207f84448cb08e6eac5594,2,sample_step,0.0013019257993924784,0.003119923210144043,0.00015149978422929704,2.396390955306287,0.0018179974107515645,2.396390955306287
weights_on_pim_prefill-128xdecode_67_ops_trace.csv,decode,2,11,22,PIM0,pim,7,"Q:0,K:0,V:0,O:0,FFN_W1:0,FFN_W3:1,FFN_W2:0",6.291969644178774e-05,5.1416000000000004e-05,pim|decode|2|1ed976c7c13cd28c472fbdb0cfd672ea,2,sample_step,0.0007550363573014529,0.000616992,-1.1503696441787739e-05,0.817168595966912,-0.0001380443573014529,0.817168595966912
weights_on_pim_prefill-128xdecode_67_ops_trace.csv,decode,2,11,22,PIM1,pim,7,"Q:1,K:1,V:1,O:1,FFN_W3:0,FFN_W1:1,FFN_W2:1",6.291969644178774e-05,5.1416e-05,pim|decode|2|34ccac5ef828e4730b89693f4ee70e0e,2,sample_step,0.0007550363573014529,0.000616992,-1.1503696441787745e-05,0.8171685959669119,-0.0001380443573014529,0.817168595966912
weights_on_pim_prefill-128xdecode_67_ops_trace.csv,decode,2,11,23,GPU0,npu,12,"LN:-1,QK:0,QK:1,Softmax:0,Softmax:1,SV:0,SV:1,Add:-1,LN:-1,SwiGLU:0,SwiGLU:1,Add:-1",0.00010849381661603986,0.0002599936008453369,npu|decode|2|48322b0ab0207f84448cb08e6eac5594,2,sample_step,0.0013019257993924784,0.003119923210144043,0.00015149978422929704,2.396390955306287,0.0018179974107515645,2.396390955306287
weights_on_pim_prefill-128xdecode_67_ops_trace.csv,decode,2,11,23,PIM0,pim,7,"Q:0,K:0,V:0,O:0,FFN_W1:0,FFN_W3:1,FFN_W2:0",6.291969644178774e-05,5.1416000000000004e-05,pim|decode|2|1ed976c7c13cd28c472fbdb0cfd672ea,2,sample_step,0.0007550363573014529,0.000616992,-1.1503696441787739e-05,0.817168595966912,-0.0001380443573014529,0.817168595966912
weights_on_pim_prefill-128xdecode_67_ops_trace.csv,decode,2,11,23,PIM1,pim,7,"Q:1,K:1,V:1,O:1,FFN_W3:0,FFN_W1:1,FFN_W2:1",6.291969644178774e-05,5.1416e-05,pim|decode|2|34ccac5ef828e4730b89693f4ee70e0e,2,sample_step,0.0007550363573014529,0.000616992,-1.1503696441787745e-05,0.8171685959669119,-0.0001380443573014529,0.817168595966912
weights_on_pim_prefill-128xdecode_67_ops_trace.csv,decode,2,11,24,GPU0,npu,12,"LN:-1,QK:0,QK:1,Softmax:0,Softmax:1,SV:0,SV:1,Add:-1,LN:-1,SwiGLU:0,SwiGLU:1,Add:-1",0.00010849381661603986,0.0002599936008453369,npu|decode|2|48322b0ab0207f84448cb08e6eac5594,2,sample_step,0.0013019257993924784,0.003119923210144043,0.00015149978422929704,2.396390955306287,0.0018179974107515645,2.396390955306287
weights_on_pim_prefill-128xdecode_67_ops_trace.csv,decode,2,11,24,PIM0,pim,7,"Q:0,K:0,V:0,O:0,FFN_W1:0,FFN_W3:1,FFN_W2:0",6.291969644178774e-05,5.1416000000000004e-05,pim|decode|2|1ed976c7c13cd28c472fbdb0cfd672ea,2,sample_step,0.0007550363573014529,0.000616992,-1.1503696441787739e-05,0.817168595966912,-0.0001380443573014529,0.817168595966912
weights_on_pim_prefill-128xdecode_67_ops_trace.csv,decode,2,11,24,PIM1,pim,7,"Q:1,K:1,V:1,O:1,FFN_W3:0,FFN_W1:1,FFN_W2:1",6.291969644178774e-05,5.1416e-05,pim|decode|2|34ccac5ef828e4730b89693f4ee70e0e,2,sample_step,0.0007550363573014529,0.000616992,-1.1503696441787745e-05,0.8171685959669119,-0.0001380443573014529,0.817168595966912
weights_on_pim_prefill-128xdecode_67_ops_trace.csv,decode,2,11,25,GPU0,npu,12,"LN:-1,QK:0,QK:1,Softmax:0,Softmax:1,SV:0,SV:1,Add:-1,LN:-1,SwiGLU:0,SwiGLU:1,Add:-1",0.00010849381661603986,0.0002599936008453369,npu|decode|2|48322b0ab0207f84448cb08e6eac5594,2,sample_step,0.0013019257993924784,0.003119923210144043,0.00015149978422929704,2.396390955306287,0.0018179974107515645,2.396390955306287
weights_on_pim_prefill-128xdecode_67_ops_trace.csv,decode,2,11,25,PIM0,pim,7,"Q:0,K:0,V:0,O:0,FFN_W1:0,FFN_W3:1,FFN_W2:0",6.291969644178774e-05,5.1416000000000004e-05,pim|decode|2|1ed976c7c13cd28c472fbdb0cfd672ea,2,sample_step,0.0007550363573014529,0.000616992,-1.1503696441787739e-05,0.817168595966912,-0.0001380443573014529,0.817168595966912
weights_on_pim_prefill-128xdecode_67_ops_trace.csv,decode,2,11,25,PIM1,pim,7,"Q:1,K:1,V:1,O:1,FFN_W3:0,FFN_W1:1,FFN_W2:1",6.291969644178774e-05,5.1416e-05,pim|decode|2|34ccac5ef828e4730b89693f4ee70e0e,2,sample_step,0.0007550363573014529,0.000616992,-1.1503696441787745e-05,0.8171685959669119,-0.0001380443573014529,0.817168595966912
weights_on_pim_prefill-128xdecode_67_ops_trace.csv,decode,2,11,26,GPU0,npu,12,"LN:-1,QK:0,QK:1,Softmax:0,Softmax:1,SV:0,SV:1,Add:-1,LN:-1,SwiGLU:0,SwiGLU:1,Add:-1",0.00010849381661603986,0.0002599936008453369,npu|decode|2|48322b0ab0207f84448cb08e6eac5594,2,sample_step,0.0013019257993924784,0.003119923210144043,0.00015149978422929704,2.396390955306287,0.0018179974107515645,2.396390955306287
weights_on_pim_prefill-128xdecode_67_ops_trace.csv,decode,2,11,26,PIM0,pim,7,"Q:0,K:0,V:0,O:0,FFN_W1:0,FFN_W3:1,FFN_W2:0",6.291969644178774e-05,5.1416000000000004e-05,pim|decode|2|1ed976c7c13cd28c472fbdb0cfd672ea,2,sample_step,0.0007550363573014529,0.000616992,-1.1503696441787739e-05,0.817168595966912,-0.0001380443573014529,0.817168595966912
weights_on_pim_prefill-128xdecode_67_ops_trace.csv,decode,2,11,26,PIM1,pim,7,"Q:1,K:1,V:1,O:1,FFN_W3:0,FFN_W1:1,FFN_W2:1",6.291969644178774e-05,5.1416e-05,pim|decode|2|34ccac5ef828e4730b89693f4ee70e0e,2,sample_step,0.0007550363573014529,0.000616992,-1.1503696441787745e-05,0.8171685959669119,-0.0001380443573014529,0.817168595966912
weights_on_pim_prefill-128xdecode_67_ops_trace.csv,decode,2,11,27,GPU0,npu,12,"LN:-1,QK:0,QK:1,Softmax:0,Softmax:1,SV:0,SV:1,Add:-1,LN:-1,SwiGLU:0,SwiGLU:1,Add:-1",0.00010849381661603986,0.0002599936008453369,npu|decode|2|48322b0ab0207f84448cb08e6eac5594,2,sample_step,0.0013019257993924784,0.003119923210144043,0.00015149978422929704,2.396390955306287,0.0018179974107515645,2.396390955306287
weights_on_pim_prefill-128xdecode_67_ops_trace.csv,decode,2,11,27,PIM0,pim,7,"Q:0,K:0,V:0,O:0,FFN_W1:0,FFN_W3:1,FFN_W2:0",6.291969644178774e-05,5.1416000000000004e-05,pim|decode|2|1ed976c7c13cd28c472fbdb0cfd672ea,2,sample_step,0.0007550363573014529,0.000616992,-1.1503696441787739e-05,0.817168595966912,-0.0001380443573014529,0.817168595966912
weights_on_pim_prefill-128xdecode_67_ops_trace.csv,decode,2,11,27,PIM1,pim,7,"Q:1,K:1,V:1,O:1,FFN_W3:0,FFN_W1:1,FFN_W2:1",6.291969644178774e-05,5.1416e-05,pim|decode|2|34ccac5ef828e4730b89693f4ee70e0e,2,sample_step,0.0007550363573014529,0.000616992,-1.1503696441787745e-05,0.8171685959669119,-0.0001380443573014529,0.817168595966912
weights_on_pim_prefill-128xdecode_67_ops_trace.csv,decode,2,11,28,GPU0,npu,12,"LN:-1,QK:0,QK:1,Softmax:0,Softmax:1,SV:0,SV:1,Add:-1,LN:-1,SwiGLU:0,SwiGLU:1,Add:-1",0.00010849381661603986,0.0002599936008453369,npu|decode|2|48322b0ab0207f84448cb08e6eac5594,2,sample_step,0.0013019257993924784,0.003119923210144043,0.00015149978422929704,2.396390955306287,0.0018179974107515645,2.396390955306287
weights_on_pim_prefill-128xdecode_67_ops_trace.csv,decode,2,11,28,PIM0,pim,7,"Q:0,K:0,V:0,O:0,FFN_W1:0,FFN_W3:1,FFN_W2:0",6.291969644178774e-05,5.1416000000000004e-05,pim|decode|2|1ed976c7c13cd28c472fbdb0cfd672ea,2,sample_step,0.0007550363573014529,0.000616992,-1.1503696441787739e-05,0.817168595966912,-0.0001380443573014529,0.817168595966912
weights_on_pim_prefill-128xdecode_67_ops_trace.csv,decode,2,11,28,PIM1,pim,7,"Q:1,K:1,V:1,O:1,FFN_W3:0,FFN_W1:1,FFN_W2:1",6.291969644178774e-05,5.1416e-05,pim|decode|2|34ccac5ef828e4730b89693f4ee70e0e,2,sample_step,0.0007550363573014529,0.000616992,-1.1503696441787745e-05,0.8171685959669119,-0.0001380443573014529,0.817168595966912
weights_on_pim_prefill-128xdecode_67_ops_trace.csv,decode,2,11,29,GPU0,npu,12,"LN:-1,QK:0,QK:1,Softmax:0,Softmax:1,SV:0,SV:1,Add:-1,LN:-1,SwiGLU:0,SwiGLU:1,Add:-1",0.00010849381661603986,0.0002599936008453369,npu|decode|2|48322b0ab0207f84448cb08e6eac5594,2,sample_step,0.0013019257993924784,0.003119923210144043,0.00015149978422929704,2.396390955306287,0.0018179974107515645,2.396390955306287
weights_on_pim_prefill-128xdecode_67_ops_trace.csv,decode,2,11,29,PIM0,pim,7,"Q:0,K:0,V:0,O:0,FFN_W1:0,FFN_W3:1,FFN_W2:0",6.291969644178774e-05,5.1416000000000004e-05,pim|decode|2|1ed976c7c13cd28c472fbdb0cfd672ea,2,sample_step,0.0007550363573014529,0.000616992,-1.1503696441787739e-05,0.817168595966912,-0.0001380443573014529,0.817168595966912
weights_on_pim_prefill-128xdecode_67_ops_trace.csv,decode,2,11,29,PIM1,pim,7,"Q:1,K:1,V:1,O:1,FFN_W3:0,FFN_W1:1,FFN_W2:1",6.291969644178774e-05,5.1416e-05,pim|decode|2|34ccac5ef828e4730b89693f4ee70e0e,2,sample_step,0.0007550363573014529,0.000616992,-1.1503696441787745e-05,0.8171685959669119,-0.0001380443573014529,0.817168595966912
weights_on_pim_prefill-128xdecode_67_ops_trace.csv,decode,2,11,30,GPU0,npu,12,"LN:-1,QK:0,QK:1,Softmax:0,Softmax:1,SV:0,SV:1,Add:-1,LN:-1,SwiGLU:0,SwiGLU:1,Add:-1",0.00010849381661603986,0.0002599936008453369,npu|decode|2|48322b0ab0207f84448cb08e6eac5594,2,sample_step,0.0013019257993924784,0.003119923210144043,0.00015149978422929704,2.396390955306287,0.0018179974107515645,2.396390955306287
weights_on_pim_prefill-128xdecode_67_ops_trace.csv,decode,2,11,30,PIM0,pim,7,"Q:0,K:0,V:0,O:0,FFN_W1:0,FFN_W3:1,FFN_W2:0",6.291969644178774e-05,5.1416000000000004e-05,pim|decode|2|1ed976c7c13cd28c472fbdb0cfd672ea,2,sample_step,0.0007550363573014529,0.000616992,-1.1503696441787739e-05,0.817168595966912,-0.0001380443573014529,0.817168595966912
weights_on_pim_prefill-128xdecode_67_ops_trace.csv,decode,2,11,30,PIM1,pim,7,"Q:1,K:1,V:1,O:1,FFN_W3:0,FFN_W1:1,FFN_W2:1",6.291969644178774e-05,5.1416e-05,pim|decode|2|34ccac5ef828e4730b89693f4ee70e0e,2,sample_step,0.0007550363573014529,0.000616992,-1.1503696441787745e-05,0.8171685959669119,-0.0001380443573014529,0.817168595966912
weights_on_pim_prefill-128xdecode_67_ops_trace.csv,decode,2,11,31,GPU0,npu,12,"LN:-1,QK:0,QK:1,Softmax:0,Softmax:1,SV:0,SV:1,Add:-1,LN:-1,SwiGLU:0,SwiGLU:1,Add:-1",0.00010849381661603986,0.0002599936008453369,npu|decode|2|48322b0ab0207f84448cb08e6eac5594,2,sample_step,0.0013019257993924784,0.003119923210144043,0.00015149978422929704,2.396390955306287,0.0018179974107515645,2.396390955306287
weights_on_pim_prefill-128xdecode_67_ops_trace.csv,decode,2,11,31,PIM0,pim,7,"Q:0,K:0,V:0,O:0,FFN_W1:0,FFN_W3:1,FFN_W2:0",6.291969644178774e-05,5.1416000000000004e-05,pim|decode|2|1ed976c7c13cd28c472fbdb0cfd672ea,2,sample_step,0.0007550363573014529,0.000616992,-1.1503696441787739e-05,0.817168595966912,-0.0001380443573014529,0.817168595966912
weights_on_pim_prefill-128xdecode_67_ops_trace.csv,decode,2,11,31,PIM1,pim,7,"Q:1,K:1,V:1,O:1,FFN_W3:0,FFN_W1:1,FFN_W2:1",6.291969644178774e-05,5.1416e-05,pim|decode|2|34ccac5ef828e4730b89693f4ee70e0e,2,sample_step,0.0007550363573014529,0.000616992,-1.1503696441787745e-05,0.8171685959669119,-0.0001380443573014529,0.817168595966912
weights_on_pim_prefill-128xdecode_67_ops_trace.csv,decode,3,23,0,GPU0,npu,12,"LN:-1,QK:0,QK:1,Softmax:0,Softmax:1,SV:0,SV:1,Add:-1,LN:-1,SwiGLU:0,SwiGLU:1,Add:-1",0.00010849609049223831,0.0002659327983856201,npu|decode|3|48322b0ab0207f84448cb08e6eac5594,3,sample_step,0.0013019530859068598,0.0031911935806274412,0.00015743670789338183,2.4510818516971784,0.0018892404947205815,2.4510818516971784
weights_on_pim_prefill-128xdecode_67_ops_trace.csv,decode,3,23,0,PIM0,pim,7,"Q:0,K:0,V:0,O:0,FFN_W1:0,FFN_W3:1,FFN_W2:0",6.291969644178774e-05,5.1416000000000004e-05,pim|decode|3|1ed976c7c13cd28c472fbdb0cfd672ea,3,sample_step,0.0007550363573014529,0.000616992,-1.1503696441787739e-05,0.817168595966912,-0.0001380443573014529,0.817168595966912
weights_on_pim_prefill-128xdecode_67_ops_trace.csv,decode,3,23,0,PIM1,pim,7,"Q:1,K:1,V:1,O:1,FFN_W3:0,FFN_W1:1,FFN_W2:1",6.291969644178774e-05,5.1416e-05,pim|decode|3|34ccac5ef828e4730b89693f4ee70e0e,3,sample_step,0.0007550363573014529,0.000616992,-1.1503696441787745e-05,0.8171685959669119,-0.0001380443573014529,0.817168595966912
weights_on_pim_prefill-128xdecode_67_ops_trace.csv,decode,3,23,1,GPU0,npu,12,"LN:-1,QK:0,QK:1,Softmax:0,Softmax:1,SV:0,SV:1,Add:-1,LN:-1,SwiGLU:0,SwiGLU:1,Add:-1",0.00010849609049223831,0.0002659327983856201,npu|decode|3|48322b0ab0207f84448cb08e6eac5594,3,sample_step,0.0013019530859068598,0.0031911935806274412,0.00015743670789338183,2.4510818516971784,0.0018892404947205815,2.4510818516971784
weights_on_pim_prefill-128xdecode_67_ops_trace.csv,decode,3,23,1,PIM0,pim,7,"Q:0,K:0,V:0,O:0,FFN_W1:0,FFN_W3:1,FFN_W2:0",6.291969644178774e-05,5.1416000000000004e-05,pim|decode|3|1ed976c7c13cd28c472fbdb0cfd672ea,3,sample_step,0.0007550363573014529,0.000616992,-1.1503696441787739e-05,0.817168595966912,-0.0001380443573014529,0.817168595966912
weights_on_pim_prefill-128xdecode_67_ops_trace.csv,decode,3,23,1,PIM1,pim,7,"Q:1,K:1,V:1,O:1,FFN_W3:0,FFN_W1:1,FFN_W2:1",6.291969644178774e-05,5.1416e-05,pim|decode|3|34ccac5ef828e4730b89693f4ee70e0e,3,sample_step,0.0007550363573014529,0.000616992,-1.1503696441787745e-05,0.8171685959669119,-0.0001380443573014529,0.817168595966912
weights_on_pim_prefill-128xdecode_67_ops_trace.csv,decode,3,23,2,GPU0,npu,12,"LN:-1,QK:0,QK:1,Softmax:0,Softmax:1,SV:0,SV:1,Add:-1,LN:-1,SwiGLU:0,SwiGLU:1,Add:-1",0.00010849609049223831,0.0002659327983856201,npu|decode|3|48322b0ab0207f84448cb08e6eac5594,3,sample_step,0.0013019530859068598,0.0031911935806274412,0.00015743670789338183,2.4510818516971784,0.0018892404947205815,2.4510818516971784
weights_on_pim_prefill-128xdecode_67_ops_trace.csv,decode,3,23,2,PIM0,pim,7,"Q:0,K:0,V:0,O:0,FFN_W1:0,FFN_W3:1,FFN_W2:0",6.291969644178774e-05,5.1416000000000004e-05,pim|decode|3|1ed976c7c13cd28c472fbdb0cfd672ea,3,sample_step,0.0007550363573014529,0.000616992,-1.1503696441787739e-05,0.817168595966912,-0.0001380443573014529,0.817168595966912
weights_on_pim_prefill-128xdecode_67_ops_trace.csv,decode,3,23,2,PIM1,pim,7,"Q:1,K:1,V:1,O:1,FFN_W3:0,FFN_W1:1,FFN_W2:1",6.291969644178774e-05,5.1416e-05,pim|decode|3|34ccac5ef828e4730b89693f4ee70e0e,3,sample_step,0.0007550363573014529,0.000616992,-1.1503696441787745e-05,0.8171685959669119,-0.0001380443573014529,0.817168595966912
weights_on_pim_prefill-128xdecode_67_ops_trace.csv,decode,3,23,3,GPU0,npu,12,"LN:-1,QK:0,QK:1,Softmax:0,Softmax:1,SV:0,SV:1,Add:-1,LN:-1,SwiGLU:0,SwiGLU:1,Add:-1",0.00010849609049223831,0.0002659327983856201,npu|decode|3|48322b0ab0207f84448cb08e6eac5594,3,sample_step,0.0013019530859068598,0.0031911935806274412,0.00015743670789338183,2.4510818516971784,0.0018892404947205815,2.4510818516971784
weights_on_pim_prefill-128xdecode_67_ops_trace.csv,decode,3,23,3,PIM0,pim,7,"Q:0,K:0,V:0,O:0,FFN_W1:0,FFN_W3:1,FFN_W2:0",6.291969644178774e-05,5.1416000000000004e-05,pim|decode|3|1ed976c7c13cd28c472fbdb0cfd672ea,3,sample_step,0.0007550363573014529,0.000616992,-1.1503696441787739e-05,0.817168595966912,-0.0001380443573014529,0.817168595966912
weights_on_pim_prefill-128xdecode_67_ops_trace.csv,decode,3,23,3,PIM1,pim,7,"Q:1,K:1,V:1,O:1,FFN_W3:0,FFN_W1:1,FFN_W2:1",6.291969644178774e-05,5.1416e-05,pim|decode|3|34ccac5ef828e4730b89693f4ee70e0e,3,sample_step,0.0007550363573014529,0.000616992,-1.1503696441787745e-05,0.8171685959669119,-0.0001380443573014529,0.817168595966912
weights_on_pim_prefill-128xdecode_67_ops_trace.csv,decode,3,23,4,GPU0,npu,12,"LN:-1,QK:0,QK:1,Softmax:0,Softmax:1,SV:0,SV:1,Add:-1,LN:-1,SwiGLU:0,SwiGLU:1,Add:-1",0.00010849609049223831,0.0002659327983856201,npu|decode|3|48322b0ab0207f84448cb08e6eac5594,3,sample_step,0.0013019530859068598,0.0031911935806274412,0.00015743670789338183,2.4510818516971784,0.0018892404947205815,2.4510818516971784
weights_on_pim_prefill-128xdecode_67_ops_trace.csv,decode,3,23,4,PIM0,pim,7,"Q:0,K:0,V:0,O:0,FFN_W1:0,FFN_W3:1,FFN_W2:0",6.291969644178774e-05,5.1416000000000004e-05,pim|decode|3|1ed976c7c13cd28c472fbdb0cfd672ea,3,sample_step,0.0007550363573014529,0.000616992,-1.1503696441787739e-05,0.817168595966912,-0.0001380443573014529,0.817168595966912
weights_on_pim_prefill-128xdecode_67_ops_trace.csv,decode,3,23,4,PIM1,pim,7,"Q:1,K:1,V:1,O:1,FFN_W3:0,FFN_W1:1,FFN_W2:1",6.291969644178774e-05,5.1416e-05,pim|decode|3|34ccac5ef828e4730b89693f4ee70e0e,3,sample_step,0.0007550363573014529,0.000616992,-1.1503696441787745e-05,0.8171685959669119,-0.0001380443573014529,0.817168595966912
weights_on_pim_prefill-128xdecode_67_ops_trace.csv,decode,3,23,5,GPU0,npu,12,"LN:-1,QK:0,QK:1,Softmax:0,Softmax:1,SV:0,SV:1,Add:-1,LN:-1,SwiGLU:0,SwiGLU:1,Add:-1",0.00010849609049223831,0.0002659327983856201,npu|decode|3|48322b0ab0207f84448cb08e6eac5594,3,sample_step,0.0013019530859068598,0.0031911935806274412,0.00015743670789338183,2.4510818516971784,0.0018892404947205815,2.4510818516971784
weights_on_pim_prefill-128xdecode_67_ops_trace.csv,decode,3,23,5,PIM0,pim,7,"Q:0,K:0,V:0,O:0,FFN_W1:0,FFN_W3:1,FFN_W2:0",6.291969644178774e-05,5.1416000000000004e-05,pim|decode|3|1ed976c7c13cd28c472fbdb0cfd672ea,3,sample_step,0.0007550363573014529,0.000616992,-1.1503696441787739e-05,0.817168595966912,-0.0001380443573014529,0.817168595966912
weights_on_pim_prefill-128xdecode_67_ops_trace.csv,decode,3,23,5,PIM1,pim,7,"Q:1,K:1,V:1,O:1,FFN_W3:0,FFN_W1:1,FFN_W2:1",6.291969644178774e-05,5.1416e-05,pim|decode|3|34ccac5ef828e4730b89693f4ee70e0e,3,sample_step,0.0007550363573014529,0.000616992,-1.1503696441787745e-05,0.8171685959669119,-0.0001380443573014529,0.817168595966912
weights_on_pim_prefill-128xdecode_67_ops_trace.csv,decode,3,23,6,GPU0,npu,12,"LN:-1,QK:0,QK:1,Softmax:0,Softmax:1,SV:0,SV:1,Add:-1,LN:-1,SwiGLU:0,SwiGLU:1,Add:-1",0.00010849609049223831,0.0002659327983856201,npu|decode|3|48322b0ab0207f84448cb08e6eac5594,3,sample_step,0.0013019530859068598,0.0031911935806274412,0.00015743670789338183,2.4510818516971784,0.0018892404947205815,2.4510818516971784
weights_on_pim_prefill-128xdecode_67_ops_trace.csv,decode,3,23,6,PIM0,pim,7,"Q:0,K:0,V:0,O:0,FFN_W1:0,FFN_W3:1,FFN_W2:0",6.291969644178774e-05,5.1416000000000004e-05,pim|decode|3|1ed976c7c13cd28c472fbdb0cfd672ea,3,sample_step,0.0007550363573014529,0.000616992,-1.1503696441787739e-05,0.817168595966912,-0.0001380443573014529,0.817168595966912
weights_on_pim_prefill-128xdecode_67_ops_trace.csv,decode,3,23,6,PIM1,pim,7,"Q:1,K:1,V:1,O:1,FFN_W3:0,FFN_W1:1,FFN_W2:1",6.291969644178774e-05,5.1416e-05,pim|decode|3|34ccac5ef828e4730b89693f4ee70e0e,3,sample_step,0.0007550363573014529,0.000616992,-1.1503696441787745e-05,0.8171685959669119,-0.0001380443573014529,0.817168595966912
weights_on_pim_prefill-128xdecode_67_ops_trace.csv,decode,3,23,7,GPU0,npu,12,"LN:-1,QK:0,QK:1,Softmax:0,Softmax:1,SV:0,SV:1,Add:-1,LN:-1,SwiGLU:0,SwiGLU:1,Add:-1",0.00010849609049223831,0.0002659327983856201,npu|decode|3|48322b0ab0207f84448cb08e6eac5594,3,sample_step,0.0013019530859068598,0.0031911935806274412,0.00015743670789338183,2.4510818516971784,0.0018892404947205815,2.4510818516971784
weights_on_pim_prefill-128xdecode_67_ops_trace.csv,decode,3,23,7,PIM0,pim,7,"Q:0,K:0,V:0,O:0,FFN_W1:0,FFN_W3:1,FFN_W2:0",6.291969644178774e-05,5.1416000000000004e-05,pim|decode|3|1ed976c7c13cd28c472fbdb0cfd672ea,3,sample_step,0.0007550363573014529,0.000616992,-1.1503696441787739e-05,0.817168595966912,-0.0001380443573014529,0.817168595966912
weights_on_pim_prefill-128xdecode_67_ops_trace.csv,decode,3,23,7,PIM1,pim,7,"Q:1,K:1,V:1,O:1,FFN_W3:0,FFN_W1:1,FFN_W2:1",6.291969644178774e-05,5.1416e-05,pim|decode|3|34ccac5ef828e4730b89693f4ee70e0e,3,sample_step,0.0007550363573014529,0.000616992,-1.1503696441787745e-05,0.8171685959669119,-0.0001380443573014529,0.817168595966912
weights_on_pim_prefill-128xdecode_67_ops_trace.csv,decode,3,23,8,GPU0,npu,12,"LN:-1,QK:0,QK:1,Softmax:0,Softmax:1,SV:0,SV:1,Add:-1,LN:-1,SwiGLU:0,SwiGLU:1,Add:-1",0.00010849609049223831,0.0002659327983856201,npu|decode|3|48322b0ab0207f84448cb08e6eac5594,3,sample_step,0.0013019530859068598,0.0031911935806274412,0.00015743670789338183,2.4510818516971784,0.0018892404947205815,2.4510818516971784
weights_on_pim_prefill-128xdecode_67_ops_trace.csv,decode,3,23,8,PIM0,pim,7,"Q:0,K:0,V:0,O:0,FFN_W1:0,FFN_W3:1,FFN_W2:0",6.291969644178774e-05,5.1416000000000004e-05,pim|decode|3|1ed976c7c13cd28c472fbdb0cfd672ea,3,sample_step,0.0007550363573014529,0.000616992,-1.1503696441787739e-05,0.817168595966912,-0.0001380443573014529,0.817168595966912
weights_on_pim_prefill-128xdecode_67_ops_trace.csv,decode,3,23,8,PIM1,pim,7,"Q:1,K:1,V:1,O:1,FFN_W3:0,FFN_W1:1,FFN_W2:1",6.291969644178774e-05,5.1416e-05,pim|decode|3|34ccac5ef828e4730b89693f4ee70e0e,3,sample_step,0.0007550363573014529,0.000616992,-1.1503696441787745e-05,0.8171685959669119,-0.0001380443573014529,0.817168595966912
weights_on_pim_prefill-128xdecode_67_ops_trace.csv,decode,3,23,9,GPU0,npu,12,"LN:-1,QK:0,QK:1,Softmax:0,Softmax:1,SV:0,SV:1,Add:-1,LN:-1,SwiGLU:0,SwiGLU:1,Add:-1",0.00010849609049223831,0.0002659327983856201,npu|decode|3|48322b0ab0207f84448cb08e6eac5594,3,sample_step,0.0013019530859068598,0.0031911935806274412,0.00015743670789338183,2.4510818516971784,0.0018892404947205815,2.4510818516971784
weights_on_pim_prefill-128xdecode_67_ops_trace.csv,decode,3,23,9,PIM0,pim,7,"Q:0,K:0,V:0,O:0,FFN_W1:0,FFN_W3:1,FFN_W2:0",6.291969644178774e-05,5.1416000000000004e-05,pim|decode|3|1ed976c7c13cd28c472fbdb0cfd672ea,3,sample_step,0.0007550363573014529,0.000616992,-1.1503696441787739e-05,0.817168595966912,-0.0001380443573014529,0.817168595966912
weights_on_pim_prefill-128xdecode_67_ops_trace.csv,decode,3,23,9,PIM1,pim,7,"Q:1,K:1,V:1,O:1,FFN_W3:0,FFN_W1:1,FFN_W2:1",6.291969644178774e-05,5.1416e-05,pim|decode|3|34ccac5ef828e4730b89693f4ee70e0e,3,sample_step,0.0007550363573014529,0.000616992,-1.1503696441787745e-05,0.8171685959669119,-0.0001380443573014529,0.817168595966912
weights_on_pim_prefill-128xdecode_67_ops_trace.csv,decode,3,23,10,GPU0,npu,12,"LN:-1,QK:0,QK:1,Softmax:0,Softmax:1,SV:0,SV:1,Add:-1,LN:-1,SwiGLU:0,SwiGLU:1,Add:-1",0.00010849609049223831,0.0002659327983856201,npu|decode|3|48322b0ab0207f84448cb08e6eac5594,3,sample_step,0.0013019530859068598,0.0031911935806274412,0.00015743670789338183,2.4510818516971784,0.0018892404947205815,2.4510818516971784
weights_on_pim_prefill-128xdecode_67_ops_trace.csv,decode,3,23,10,PIM0,pim,7,"Q:0,K:0,V:0,O:0,FFN_W1:0,FFN_W3:1,FFN_W2:0",6.291969644178774e-05,5.1416000000000004e-05,pim|decode|3|1ed976c7c13cd28c472fbdb0cfd672ea,3,sample_step,0.0007550363573014529,0.000616992,-1.1503696441787739e-05,0.817168595966912,-0.0001380443573014529,0.817168595966912
weights_on_pim_prefill-128xdecode_67_ops_trace.csv,decode,3,23,10,PIM1,pim,7,"Q:1,K:1,V:1,O:1,FFN_W3:0,FFN_W1:1,FFN_W2:1",6.291969644178774e-05,5.1416e-05,pim|decode|3|34ccac5ef828e4730b89693f4ee70e0e,3,sample_step,0.0007550363573014529,0.000616992,-1.1503696441787745e-05,0.8171685959669119,-0.0001380443573014529,0.817168595966912
weights_on_pim_prefill-128xdecode_67_ops_trace.csv,decode,3,23,11,GPU0,npu,12,"LN:-1,QK:0,QK:1,Softmax:0,Softmax:1,SV:0,SV:1,Add:-1,LN:-1,SwiGLU:0,SwiGLU:1,Add:-1",0.00010849609049223831,0.0002659327983856201,npu|decode|3|48322b0ab0207f84448cb08e6eac5594,3,sample_step,0.0013019530859068598,0.0031911935806274412,0.00015743670789338183,2.4510818516971784,0.0018892404947205815,2.4510818516971784
weights_on_pim_prefill-128xdecode_67_ops_trace.csv,decode,3,23,11,PIM0,pim,7,"Q:0,K:0,V:0,O:0,FFN_W1:0,FFN_W3:1,FFN_W2:0",6.291969644178774e-05,5.1416000000000004e-05,pim|decode|3|1ed976c7c13cd28c472fbdb0cfd672ea,3,sample_step,0.0007550363573014529,0.000616992,-1.1503696441787739e-05,0.817168595966912,-0.0001380443573014529,0.817168595966912
weights_on_pim_prefill-128xdecode_67_ops_trace.csv,decode,3,23,11,PIM1,pim,7,"Q:1,K:1,V:1,O:1,FFN_W3:0,FFN_W1:1,FFN_W2:1",6.291969644178774e-05,5.1416e-05,pim|decode|3|34ccac5ef828e4730b89693f4ee70e0e,3,sample_step,0.0007550363573014529,0.000616992,-1.1503696441787745e-05,0.8171685959669119,-0.0001380443573014529,0.817168595966912
weights_on_pim_prefill-128xdecode_67_ops_trace.csv,decode,3,23,12,GPU0,npu,12,"LN:-1,QK:0,QK:1,Softmax:0,Softmax:1,SV:0,SV:1,Add:-1,LN:-1,SwiGLU:0,SwiGLU:1,Add:-1",0.00010849609049223831,0.0002659327983856201,npu|decode|3|48322b0ab0207f84448cb08e6eac5594,3,sample_step,0.0013019530859068598,0.0031911935806274412,0.00015743670789338183,2.4510818516971784,0.0018892404947205815,2.4510818516971784
weights_on_pim_prefill-128xdecode_67_ops_trace.csv,decode,3,23,12,PIM0,pim,7,"Q:0,K:0,V:0,O:0,FFN_W1:0,FFN_W3:1,FFN_W2:0",6.291969644178774e-05,5.1416000000000004e-05,pim|decode|3|1ed976c7c13cd28c472fbdb0cfd672ea,3,sample_step,0.0007550363573014529,0.000616992,-1.1503696441787739e-05,0.817168595966912,-0.0001380443573014529,0.817168595966912
weights_on_pim_prefill-128xdecode_67_ops_trace.csv,decode,3,23,12,PIM1,pim,7,"Q:1,K:1,V:1,O:1,FFN_W3:0,FFN_W1:1,FFN_W2:1",6.291969644178774e-05,5.1416e-05,pim|decode|3|34ccac5ef828e4730b89693f4ee70e0e,3,sample_step,0.0007550363573014529,0.000616992,-1.1503696441787745e-05,0.8171685959669119,-0.0001380443573014529,0.817168595966912
weights_on_pim_prefill-128xdecode_67_ops_trace.csv,decode,3,23,13,GPU0,npu,12,"LN:-1,QK:0,QK:1,Softmax:0,Softmax:1,SV:0,SV:1,Add:-1,LN:-1,SwiGLU:0,SwiGLU:1,Add:-1",0.00010849609049223831,0.0002659327983856201,npu|decode|3|48322b0ab0207f84448cb08e6eac5594,3,sample_step,0.0013019530859068598,0.0031911935806274412,0.00015743670789338183,2.4510818516971784,0.0018892404947205815,2.4510818516971784
weights_on_pim_prefill-128xdecode_67_ops_trace.csv,decode,3,23,13,PIM0,pim,7,"Q:0,K:0,V:0,O:0,FFN_W1:0,FFN_W3:1,FFN_W2:0",6.291969644178774e-05,5.1416000000000004e-05,pim|decode|3|1ed976c7c13cd28c472fbdb0cfd672ea,3,sample_step,0.0007550363573014529,0.000616992,-1.1503696441787739e-05,0.817168595966912,-0.0001380443573014529,0.817168595966912
weights_on_pim_prefill-128xdecode_67_ops_trace.csv,decode,3,23,13,PIM1,pim,7,"Q:1,K:1,V:1,O:1,FFN_W3:0,FFN_W1:1,FFN_W2:1",6.291969644178774e-05,5.1416e-05,pim|decode|3|34ccac5ef828e4730b89693f4ee70e0e,3,sample_step,0.0007550363573014529,0.000616992,-1.1503696441787745e-05,0.8171685959669119,-0.0001380443573014529,0.817168595966912
weights_on_pim_prefill-128xdecode_67_ops_trace.csv,decode,3,23,14,GPU0,npu,12,"LN:-1,QK:0,QK:1,Softmax:0,Softmax:1,SV:0,SV:1,Add:-1,LN:-1,SwiGLU:0,SwiGLU:1,Add:-1",0.00010849609049223831,0.0002659327983856201,npu|decode|3|48322b0ab0207f84448cb08e6eac5594,3,sample_step,0.0013019530859068598,0.0031911935806274412,0.00015743670789338183,2.4510818516971784,0.0018892404947205815,2.4510818516971784
weights_on_pim_prefill-128xdecode_67_ops_trace.csv,decode,3,23,14,PIM0,pim,7,"Q:0,K:0,V:0,O:0,FFN_W1:0,FFN_W3:1,FFN_W2:0",6.291969644178774e-05,5.1416000000000004e-05,pim|decode|3|1ed976c7c13cd28c472fbdb0cfd672ea,3,sample_step,0.0007550363573014529,0.000616992,-1.1503696441787739e-05,0.817168595966912,-0.0001380443573014529,0.817168595966912
weights_on_pim_prefill-128xdecode_67_ops_trace.csv,decode,3,23,14,PIM1,pim,7,"Q:1,K:1,V:1,O:1,FFN_W3:0,FFN_W1:1,FFN_W2:1",6.291969644178774e-05,5.1416e-05,pim|decode|3|34ccac5ef828e4730b89693f4ee70e0e,3,sample_step,0.0007550363573014529,0.000616992,-1.1503696441787745e-05,0.8171685959669119,-0.0001380443573014529,0.817168595966912
weights_on_pim_prefill-128xdecode_67_ops_trace.csv,decode,3,23,15,GPU0,npu,12,"LN:-1,QK:0,QK:1,Softmax:0,Softmax:1,SV:0,SV:1,Add:-1,LN:-1,SwiGLU:0,SwiGLU:1,Add:-1",0.00010849609049223831,0.0002659327983856201,npu|decode|3|48322b0ab0207f84448cb08e6eac5594,3,sample_step,0.0013019530859068598,0.0031911935806274412,0.00015743670789338183,2.4510818516971784,0.0018892404947205815,2.4510818516971784
weights_on_pim_prefill-128xdecode_67_ops_trace.csv,decode,3,23,15,PIM0,pim,7,"Q:0,K:0,V:0,O:0,FFN_W1:0,FFN_W3:1,FFN_W2:0",6.291969644178774e-05,5.1416000000000004e-05,pim|decode|3|1ed976c7c13cd28c472fbdb0cfd672ea,3,sample_step,0.0007550363573014529,0.000616992,-1.1503696441787739e-05,0.817168595966912,-0.0001380443573014529,0.817168595966912
weights_on_pim_prefill-128xdecode_67_ops_trace.csv,decode,3,23,15,PIM1,pim,7,"Q:1,K:1,V:1,O:1,FFN_W3:0,FFN_W1:1,FFN_W2:1",6.291969644178774e-05,5.1416e-05,pim|decode|3|34ccac5ef828e4730b89693f4ee70e0e,3,sample_step,0.0007550363573014529,0.000616992,-1.1503696441787745e-05,0.8171685959669119,-0.0001380443573014529,0.817168595966912
weights_on_pim_prefill-128xdecode_67_ops_trace.csv,decode,3,23,16,GPU0,npu,12,"LN:-1,QK:0,QK:1,Softmax:0,Softmax:1,SV:0,SV:1,Add:-1,LN:-1,SwiGLU:0,SwiGLU:1,Add:-1",0.00010849609049223831,0.0002659327983856201,npu|decode|3|48322b0ab0207f84448cb08e6eac5594,3,sample_step,0.0013019530859068598,0.0031911935806274412,0.00015743670789338183,2.4510818516971784,0.0018892404947205815,2.4510818516971784
weights_on_pim_prefill-128xdecode_67_ops_trace.csv,decode,3,23,16,PIM0,pim,7,"Q:0,K:0,V:0,O:0,FFN_W1:0,FFN_W3:1,FFN_W2:0",6.291969644178774e-05,5.1416000000000004e-05,pim|decode|3|1ed976c7c13cd28c472fbdb0cfd672ea,3,sample_step,0.0007550363573014529,0.000616992,-1.1503696441787739e-05,0.817168595966912,-0.0001380443573014529,0.817168595966912
weights_on_pim_prefill-128xdecode_67_ops_trace.csv,decode,3,23,16,PIM1,pim,7,"Q:1,K:1,V:1,O:1,FFN_W3:0,FFN_W1:1,FFN_W2:1",6.291969644178774e-05,5.1416e-05,pim|decode|3|34ccac5ef828e4730b89693f4ee70e0e,3,sample_step,0.0007550363573014529,0.000616992,-1.1503696441787745e-05,0.8171685959669119,-0.0001380443573014529,0.817168595966912
weights_on_pim_prefill-128xdecode_67_ops_trace.csv,decode,3,23,17,GPU0,npu,12,"LN:-1,QK:0,QK:1,Softmax:0,Softmax:1,SV:0,SV:1,Add:-1,LN:-1,SwiGLU:0,SwiGLU:1,Add:-1",0.00010849609049223831,0.0002659327983856201,npu|decode|3|48322b0ab0207f84448cb08e6eac5594,3,sample_step,0.0013019530859068598,0.0031911935806274412,0.00015743670789338183,2.4510818516971784,0.0018892404947205815,2.4510818516971784
weights_on_pim_prefill-128xdecode_67_ops_trace.csv,decode,3,23,17,PIM0,pim,7,"Q:0,K:0,V:0,O:0,FFN_W1:0,FFN_W3:1,FFN_W2:0",6.291969644178774e-05,5.1416000000000004e-05,pim|decode|3|1ed976c7c13cd28c472fbdb0cfd672ea,3,sample_step,0.0007550363573014529,0.000616992,-1.1503696441787739e-05,0.817168595966912,-0.0001380443573014529,0.817168595966912
weights_on_pim_prefill-128xdecode_67_ops_trace.csv,decode,3,23,17,PIM1,pim,7,"Q:1,K:1,V:1,O:1,FFN_W3:0,FFN_W1:1,FFN_W2:1",6.291969644178774e-05,5.1416e-05,pim|decode|3|34ccac5ef828e4730b89693f4ee70e0e,3,sample_step,0.0007550363573014529,0.000616992,-1.1503696441787745e-05,0.8171685959669119,-0.0001380443573014529,0.817168595966912
weights_on_pim_prefill-128xdecode_67_ops_trace.csv,decode,3,23,18,GPU0,npu,12,"LN:-1,QK:0,QK:1,Softmax:0,Softmax:1,SV:0,SV:1,Add:-1,LN:-1,SwiGLU:0,SwiGLU:1,Add:-1",0.00010849609049223831,0.0002659327983856201,npu|decode|3|48322b0ab0207f84448cb08e6eac5594,3,sample_step,0.0013019530859068598,0.0031911935806274412,0.00015743670789338183,2.4510818516971784,0.0018892404947205815,2.4510818516971784
weights_on_pim_prefill-128xdecode_67_ops_trace.csv,decode,3,23,18,PIM0,pim,7,"Q:0,K:0,V:0,O:0,FFN_W1:0,FFN_W3:1,FFN_W2:0",6.291969644178774e-05,5.1416000000000004e-05,pim|decode|3|1ed976c7c13cd28c472fbdb0cfd672ea,3,sample_step,0.0007550363573014529,0.000616992,-1.1503696441787739e-05,0.817168595966912,-0.0001380443573014529,0.817168595966912
weights_on_pim_prefill-128xdecode_67_ops_trace.csv,decode,3,23,18,PIM1,pim,7,"Q:1,K:1,V:1,O:1,FFN_W3:0,FFN_W1:1,FFN_W2:1",6.291969644178774e-05,5.1416e-05,pim|decode|3|34ccac5ef828e4730b89693f4ee70e0e,3,sample_step,0.0007550363573014529,0.000616992,-1.1503696441787745e-05,0.8171685959669119,-0.0001380443573014529,0.817168595966912
weights_on_pim_prefill-128xdecode_67_ops_trace.csv,decode,3,23,19,GPU0,npu,12,"LN:-1,QK:0,QK:1,Softmax:0,Softmax:1,SV:0,SV:1,Add:-1,LN:-1,SwiGLU:0,SwiGLU:1,Add:-1",0.00010849609049223831,0.0002659327983856201,npu|decode|3|48322b0ab0207f84448cb08e6eac5594,3,sample_step,0.0013019530859068598,0.0031911935806274412,0.00015743670789338183,2.4510818516971784,0.0018892404947205815,2.4510818516971784
weights_on_pim_prefill-128xdecode_67_ops_trace.csv,decode,3,23,19,PIM0,pim,7,"Q:0,K:0,V:0,O:0,FFN_W1:0,FFN_W3:1,FFN_W2:0",6.291969644178774e-05,5.1416000000000004e-05,pim|decode|3|1ed976c7c13cd28c472fbdb0cfd672ea,3,sample_step,0.0007550363573014529,0.000616992,-1.1503696441787739e-05,0.817168595966912,-0.0001380443573014529,0.817168595966912
weights_on_pim_prefill-128xdecode_67_ops_trace.csv,decode,3,23,19,PIM1,pim,7,"Q:1,K:1,V:1,O:1,FFN_W3:0,FFN_W1:1,FFN_W2:1",6.291969644178774e-05,5.1416e-05,pim|decode|3|34ccac5ef828e4730b89693f4ee70e0e,3,sample_step,0.0007550363573014529,0.000616992,-1.1503696441787745e-05,0.8171685959669119,-0.0001380443573014529,0.817168595966912
weights_on_pim_prefill-128xdecode_67_ops_trace.csv,decode,3,23,20,GPU0,npu,12,"LN:-1,QK:0,QK:1,Softmax:0,Softmax:1,SV:0,SV:1,Add:-1,LN:-1,SwiGLU:0,SwiGLU:1,Add:-1",0.00010849609049223831,0.0002659327983856201,npu|decode|3|48322b0ab0207f84448cb08e6eac5594,3,sample_step,0.0013019530859068598,0.0031911935806274412,0.00015743670789338183,2.4510818516971784,0.0018892404947205815,2.4510818516971784
weights_on_pim_prefill-128xdecode_67_ops_trace.csv,decode,3,23,20,PIM0,pim,7,"Q:0,K:0,V:0,O:0,FFN_W1:0,FFN_W3:1,FFN_W2:0",6.291969644178774e-05,5.1416000000000004e-05,pim|decode|3|1ed976c7c13cd28c472fbdb0cfd672ea,3,sample_step,0.0007550363573014529,0.000616992,-1.1503696441787739e-05,0.817168595966912,-0.0001380443573014529,0.817168595966912
weights_on_pim_prefill-128xdecode_67_ops_trace.csv,decode,3,23,20,PIM1,pim,7,"Q:1,K:1,V:1,O:1,FFN_W3:0,FFN_W1:1,FFN_W2:1",6.291969644178774e-05,5.1416e-05,pim|decode|3|34ccac5ef828e4730b89693f4ee70e0e,3,sample_step,0.0007550363573014529,0.000616992,-1.1503696441787745e-05,0.8171685959669119,-0.0001380443573014529,0.817168595966912
weights_on_pim_prefill-128xdecode_67_ops_trace.csv,decode,3,23,21,GPU0,npu,12,"LN:-1,QK:0,QK:1,Softmax:0,Softmax:1,SV:0,SV:1,Add:-1,LN:-1,SwiGLU:0,SwiGLU:1,Add:-1",0.00010849609049223831,0.0002659327983856201,npu|decode|3|48322b0ab0207f84448cb08e6eac5594,3,sample_step,0.0013019530859068598,0.0031911935806274412,0.00015743670789338183,2.4510818516971784,0.0018892404947205815,2.4510818516971784
weights_on_pim_prefill-128xdecode_67_ops_trace.csv,decode,3,23,21,PIM0,pim,7,"Q:0,K:0,V:0,O:0,FFN_W1:0,FFN_W3:1,FFN_W2:0",6.291969644178774e-05,5.1416000000000004e-05,pim|decode|3|1ed976c7c13cd28c472fbdb0cfd672ea,3,sample_step,0.0007550363573014529,0.000616992,-1.1503696441787739e-05,0.817168595966912,-0.0001380443573014529,0.817168595966912
weights_on_pim_prefill-128xdecode_67_ops_trace.csv,decode,3,23,21,PIM1,pim,7,"Q:1,K:1,V:1,O:1,FFN_W3:0,FFN_W1:1,FFN_W2:1",6.291969644178774e-05,5.1416e-05,pim|decode|3|34ccac5ef828e4730b89693f4ee70e0e,3,sample_step,0.0007550363573014529,0.000616992,-1.1503696441787745e-05,0.8171685959669119,-0.0001380443573014529,0.817168595966912
weights_on_pim_prefill-128xdecode_67_ops_trace.csv,decode,3,23,22,GPU0,npu,12,"LN:-1,QK:0,QK:1,Softmax:0,Softmax:1,SV:0,SV:1,Add:-1,LN:-1,SwiGLU:0,SwiGLU:1,Add:-1",0.00010849609049223831,0.0002659327983856201,npu|decode|3|48322b0ab0207f84448cb08e6eac5594,3,sample_step,0.0013019530859068598,0.0031911935806274412,0.00015743670789338183,2.4510818516971784,0.0018892404947205815,2.4510818516971784
weights_on_pim_prefill-128xdecode_67_ops_trace.csv,decode,3,23,22,PIM0,pim,7,"Q:0,K:0,V:0,O:0,FFN_W1:0,FFN_W3:1,FFN_W2:0",6.291969644178774e-05,5.1416000000000004e-05,pim|decode|3|1ed976c7c13cd28c472fbdb0cfd672ea,3,sample_step,0.0007550363573014529,0.000616992,-1.1503696441787739e-05,0.817168595966912,-0.0001380443573014529,0.817168595966912
weights_on_pim_prefill-128xdecode_67_ops_trace.csv,decode,3,23,22,PIM1,pim,7,"Q:1,K:1,V:1,O:1,FFN_W3:0,FFN_W1:1,FFN_W2:1",6.291969644178774e-05,5.1416e-05,pim|decode|3|34ccac5ef828e4730b89693f4ee70e0e,3,sample_step,0.0007550363573014529,0.000616992,-1.1503696441787745e-05,0.8171685959669119,-0.0001380443573014529,0.817168595966912
weights_on_pim_prefill-128xdecode_67_ops_trace.csv,decode,3,23,23,GPU0,npu,12,"LN:-1,QK:0,QK:1,Softmax:0,Softmax:1,SV:0,SV:1,Add:-1,LN:-1,SwiGLU:0,SwiGLU:1,Add:-1",0.00010849609049223831,0.0002659327983856201,npu|decode|3|48322b0ab0207f84448cb08e6eac5594,3,sample_step,0.0013019530859068598,0.0031911935806274412,0.00015743670789338183,2.4510818516971784,0.0018892404947205815,2.4510818516971784
weights_on_pim_prefill-128xdecode_67_ops_trace.csv,decode,3,23,23,PIM0,pim,7,"Q:0,K:0,V:0,O:0,FFN_W1:0,FFN_W3:1,FFN_W2:0",6.291969644178774e-05,5.1416000000000004e-05,pim|decode|3|1ed976c7c13cd28c472fbdb0cfd672ea,3,sample_step,0.0007550363573014529,0.000616992,-1.1503696441787739e-05,0.817168595966912,-0.0001380443573014529,0.817168595966912
weights_on_pim_prefill-128xdecode_67_ops_trace.csv,decode,3,23,23,PIM1,pim,7,"Q:1,K:1,V:1,O:1,FFN_W3:0,FFN_W1:1,FFN_W2:1",6.291969644178774e-05,5.1416e-05,pim|decode|3|34ccac5ef828e4730b89693f4ee70e0e,3,sample_step,0.0007550363573014529,0.000616992,-1.1503696441787745e-05,0.8171685959669119,-0.0001380443573014529,0.817168595966912
weights_on_pim_prefill-128xdecode_67_ops_trace.csv,decode,3,23,24,GPU0,npu,12,"LN:-1,QK:0,QK:1,Softmax:0,Softmax:1,SV:0,SV:1,Add:-1,LN:-1,SwiGLU:0,SwiGLU:1,Add:-1",0.00010849609049223831,0.0002659327983856201,npu|decode|3|48322b0ab0207f84448cb08e6eac5594,3,sample_step,0.0013019530859068598,0.0031911935806274412,0.00015743670789338183,2.4510818516971784,0.0018892404947205815,2.4510818516971784
weights_on_pim_prefill-128xdecode_67_ops_trace.csv,decode,3,23,24,PIM0,pim,7,"Q:0,K:0,V:0,O:0,FFN_W1:0,FFN_W3:1,FFN_W2:0",6.291969644178774e-05,5.1416000000000004e-05,pim|decode|3|1ed976c7c13cd28c472fbdb0cfd672ea,3,sample_step,0.0007550363573014529,0.000616992,-1.1503696441787739e-05,0.817168595966912,-0.0001380443573014529,0.817168595966912
weights_on_pim_prefill-128xdecode_67_ops_trace.csv,decode,3,23,24,PIM1,pim,7,"Q:1,K:1,V:1,O:1,FFN_W3:0,FFN_W1:1,FFN_W2:1",6.291969644178774e-05,5.1416e-05,pim|decode|3|34ccac5ef828e4730b89693f4ee70e0e,3,sample_step,0.0007550363573014529,0.000616992,-1.1503696441787745e-05,0.8171685959669119,-0.0001380443573014529,0.817168595966912
weights_on_pim_prefill-128xdecode_67_ops_trace.csv,decode,3,23,25,GPU0,npu,12,"LN:-1,QK:0,QK:1,Softmax:0,Softmax:1,SV:0,SV:1,Add:-1,LN:-1,SwiGLU:0,SwiGLU:1,Add:-1",0.00010849609049223831,0.0002659327983856201,npu|decode|3|48322b0ab0207f84448cb08e6eac5594,3,sample_step,0.0013019530859068598,0.0031911935806274412,0.00015743670789338183,2.4510818516971784,0.0018892404947205815,2.4510818516971784
weights_on_pim_prefill-128xdecode_67_ops_trace.csv,decode,3,23,25,PIM0,pim,7,"Q:0,K:0,V:0,O:0,FFN_W1:0,FFN_W3:1,FFN_W2:0",6.291969644178774e-05,5.1416000000000004e-05,pim|decode|3|1ed976c7c13cd28c472fbdb0cfd672ea,3,sample_step,0.0007550363573014529,0.000616992,-1.1503696441787739e-05,0.817168595966912,-0.0001380443573014529,0.817168595966912
weights_on_pim_prefill-128xdecode_67_ops_trace.csv,decode,3,23,25,PIM1,pim,7,"Q:1,K:1,V:1,O:1,FFN_W3:0,FFN_W1:1,FFN_W2:1",6.291969644178774e-05,5.1416e-05,pim|decode|3|34ccac5ef828e4730b89693f4ee70e0e,3,sample_step,0.0007550363573014529,0.000616992,-1.1503696441787745e-05,0.8171685959669119,-0.0001380443573014529,0.817168595966912
weights_on_pim_prefill-128xdecode_67_ops_trace.csv,decode,3,23,26,GPU0,npu,12,"LN:-1,QK:0,QK:1,Softmax:0,Softmax:1,SV:0,SV:1,Add:-1,LN:-1,SwiGLU:0,SwiGLU:1,Add:-1",0.00010849609049223831,0.0002659327983856201,npu|decode|3|48322b0ab0207f84448cb08e6eac5594,3,sample_step,0.0013019530859068598,0.0031911935806274412,0.00015743670789338183,2.4510818516971784,0.0018892404947205815,2.4510818516971784
weights_on_pim_prefill-128xdecode_67_ops_trace.csv,decode,3,23,26,PIM0,pim,7,"Q:0,K:0,V:0,O:0,FFN_W1:0,FFN_W3:1,FFN_W2:0",6.291969644178774e-05,5.1416000000000004e-05,pim|decode|3|1ed976c7c13cd28c472fbdb0cfd672ea,3,sample_step,0.0007550363573014529,0.000616992,-1.1503696441787739e-05,0.817168595966912,-0.0001380443573014529,0.817168595966912
weights_on_pim_prefill-128xdecode_67_ops_trace.csv,decode,3,23,26,PIM1,pim,7,"Q:1,K:1,V:1,O:1,FFN_W3:0,FFN_W1:1,FFN_W2:1",6.291969644178774e-05,5.1416e-05,pim|decode|3|34ccac5ef828e4730b89693f4ee70e0e,3,sample_step,0.0007550363573014529,0.000616992,-1.1503696441787745e-05,0.8171685959669119,-0.0001380443573014529,0.817168595966912
weights_on_pim_prefill-128xdecode_67_ops_trace.csv,decode,3,23,27,GPU0,npu,12,"LN:-1,QK:0,QK:1,Softmax:0,Softmax:1,SV:0,SV:1,Add:-1,LN:-1,SwiGLU:0,SwiGLU:1,Add:-1",0.00010849609049223831,0.0002659327983856201,npu|decode|3|48322b0ab0207f84448cb08e6eac5594,3,sample_step,0.0013019530859068598,0.0031911935806274412,0.00015743670789338183,2.4510818516971784,0.0018892404947205815,2.4510818516971784
weights_on_pim_prefill-128xdecode_67_ops_trace.csv,decode,3,23,27,PIM0,pim,7,"Q:0,K:0,V:0,O:0,FFN_W1:0,FFN_W3:1,FFN_W2:0",6.291969644178774e-05,5.1416000000000004e-05,pim|decode|3|1ed976c7c13cd28c472fbdb0cfd672ea,3,sample_step,0.0007550363573014529,0.000616992,-1.1503696441787739e-05,0.817168595966912,-0.0001380443573014529,0.817168595966912
weights_on_pim_prefill-128xdecode_67_ops_trace.csv,decode,3,23,27,PIM1,pim,7,"Q:1,K:1,V:1,O:1,FFN_W3:0,FFN_W1:1,FFN_W2:1",6.291969644178774e-05,5.1416e-05,pim|decode|3|34ccac5ef828e4730b89693f4ee70e0e,3,sample_step,0.0007550363573014529,0.000616992,-1.1503696441787745e-05,0.8171685959669119,-0.0001380443573014529,0.817168595966912
weights_on_pim_prefill-128xdecode_67_ops_trace.csv,decode,3,23,28,GPU0,npu,12,"LN:-1,QK:0,QK:1,Softmax:0,Softmax:1,SV:0,SV:1,Add:-1,LN:-1,SwiGLU:0,SwiGLU:1,Add:-1",0.00010849609049223831,0.0002659327983856201,npu|decode|3|48322b0ab0207f84448cb08e6eac5594,3,sample_step,0.0013019530859068598,0.0031911935806274412,0.00015743670789338183,2.4510818516971784,0.0018892404947205815,2.4510818516971784
weights_on_pim_prefill-128xdecode_67_ops_trace.csv,decode,3,23,28,PIM0,pim,7,"Q:0,K:0,V:0,O:0,FFN_W1:0,FFN_W3:1,FFN_W2:0",6.291969644178774e-05,5.1416000000000004e-05,pim|decode|3|1ed976c7c13cd28c472fbdb0cfd672ea,3,sample_step,0.0007550363573014529,0.000616992,-1.1503696441787739e-05,0.817168595966912,-0.0001380443573014529,0.817168595966912
weights_on_pim_prefill-128xdecode_67_ops_trace.csv,decode,3,23,28,PIM1,pim,7,"Q:1,K:1,V:1,O:1,FFN_W3:0,FFN_W1:1,FFN_W2:1",6.291969644178774e-05,5.1416e-05,pim|decode|3|34ccac5ef828e4730b89693f4ee70e0e,3,sample_step,0.0007550363573014529,0.000616992,-1.1503696441787745e-05,0.8171685959669119,-0.0001380443573014529,0.817168595966912
weights_on_pim_prefill-128xdecode_67_ops_trace.csv,decode,3,23,29,GPU0,npu,12,"LN:-1,QK:0,QK:1,Softmax:0,Softmax:1,SV:0,SV:1,Add:-1,LN:-1,SwiGLU:0,SwiGLU:1,Add:-1",0.00010849609049223831,0.0002659327983856201,npu|decode|3|48322b0ab0207f84448cb08e6eac5594,3,sample_step,0.0013019530859068598,0.0031911935806274412,0.00015743670789338183,2.4510818516971784,0.0018892404947205815,2.4510818516971784
weights_on_pim_prefill-128xdecode_67_ops_trace.csv,decode,3,23,29,PIM0,pim,7,"Q:0,K:0,V:0,O:0,FFN_W1:0,FFN_W3:1,FFN_W2:0",6.291969644178774e-05,5.1416000000000004e-05,pim|decode|3|1ed976c7c13cd28c472fbdb0cfd672ea,3,sample_step,0.0007550363573014529,0.000616992,-1.1503696441787739e-05,0.817168595966912,-0.0001380443573014529,0.817168595966912
weights_on_pim_prefill-128xdecode_67_ops_trace.csv,decode,3,23,29,PIM1,pim,7,"Q:1,K:1,V:1,O:1,FFN_W3:0,FFN_W1:1,FFN_W2:1",6.291969644178774e-05,5.1416e-05,pim|decode|3|34ccac5ef828e4730b89693f4ee70e0e,3,sample_step,0.0007550363573014529,0.000616992,-1.1503696441787745e-05,0.8171685959669119,-0.0001380443573014529,0.817168595966912
weights_on_pim_prefill-128xdecode_67_ops_trace.csv,decode,3,23,30,GPU0,npu,12,"LN:-1,QK:0,QK:1,Softmax:0,Softmax:1,SV:0,SV:1,Add:-1,LN:-1,SwiGLU:0,SwiGLU:1,Add:-1",0.00010849609049223831,0.0002659327983856201,npu|decode|3|48322b0ab0207f84448cb08e6eac5594,3,sample_step,0.0013019530859068598,0.0031911935806274412,0.00015743670789338183,2.4510818516971784,0.0018892404947205815,2.4510818516971784
weights_on_pim_prefill-128xdecode_67_ops_trace.csv,decode,3,23,30,PIM0,pim,7,"Q:0,K:0,V:0,O:0,FFN_W1:0,FFN_W3:1,FFN_W2:0",6.291969644178774e-05,5.1416000000000004e-05,pim|decode|3|1ed976c7c13cd28c472fbdb0cfd672ea,3,sample_step,0.0007550363573014529,0.000616992,-1.1503696441787739e-05,0.817168595966912,-0.0001380443573014529,0.817168595966912
weights_on_pim_prefill-128xdecode_67_ops_trace.csv,decode,3,23,30,PIM1,pim,7,"Q:1,K:1,V:1,O:1,FFN_W3:0,FFN_W1:1,FFN_W2:1",6.291969644178774e-05,5.1416e-05,pim|decode|3|34ccac5ef828e4730b89693f4ee70e0e,3,sample_step,0.0007550363573014529,0.000616992,-1.1503696441787745e-05,0.8171685959669119,-0.0001380443573014529,0.817168595966912
weights_on_pim_prefill-128xdecode_67_ops_trace.csv,decode,3,23,31,GPU0,npu,12,"LN:-1,QK:0,QK:1,Softmax:0,Softmax:1,SV:0,SV:1,Add:-1,LN:-1,SwiGLU:0,SwiGLU:1,Add:-1",0.00010849609049223831,0.0002659327983856201,npu|decode|3|48322b0ab0207f84448cb08e6eac5594,3,sample_step,0.0013019530859068598,0.0031911935806274412,0.00015743670789338183,2.4510818516971784,0.0018892404947205815,2.4510818516971784
weights_on_pim_prefill-128xdecode_67_ops_trace.csv,decode,3,23,31,PIM0,pim,7,"Q:0,K:0,V:0,O:0,FFN_W1:0,FFN_W3:1,FFN_W2:0",6.291969644178774e-05,5.1416000000000004e-05,pim|decode|3|1ed976c7c13cd28c472fbdb0cfd672ea,3,sample_step,0.0007550363573014529,0.000616992,-1.1503696441787739e-05,0.817168595966912,-0.0001380443573014529,0.817168595966912
weights_on_pim_prefill-128xdecode_67_ops_trace.csv,decode,3,23,31,PIM1,pim,7,"Q:1,K:1,V:1,O:1,FFN_W3:0,FFN_W1:1,FFN_W2:1",6.291969644178774e-05,5.1416e-05,pim|decode|3|34ccac5ef828e4730b89693f4ee70e0e,3,sample_step,0.0007550363573014529,0.000616992,-1.1503696441787745e-05,0.8171685959669119,-0.0001380443573014529,0.817168595966912
weights_on_pim_prefill-128xdecode_67_ops_trace.csv,decode,4,35,0,GPU0,npu,12,"LN:-1,QK:0,QK:1,Softmax:0,Softmax:1,SV:0,SV:1,Add:-1,LN:-1,SwiGLU:0,SwiGLU:1,Add:-1",0.00010849836436888084,0.0002604032039642334,npu|decode|4|48322b0ab0207f84448cb08e6eac5594,4,sample_step,0.0013019803724265702,0.0031248384475708007,0.00015190483959535257,2.4000657104737093,0.0018228580751442306,2.4000657104737093
weights_on_pim_prefill-128xdecode_67_ops_trace.csv,decode,4,35,0,PIM0,pim,7,"Q:0,K:0,V:0,O:0,FFN_W1:0,FFN_W3:1,FFN_W2:0",6.291969644178774e-05,5.1416000000000004e-05,pim|decode|4|1ed976c7c13cd28c472fbdb0cfd672ea,4,sample_step,0.0007550363573014529,0.000616992,-1.1503696441787739e-05,0.817168595966912,-0.0001380443573014529,0.817168595966912
weights_on_pim_prefill-128xdecode_67_ops_trace.csv,decode,4,35,0,PIM1,pim,7,"Q:1,K:1,V:1,O:1,FFN_W3:0,FFN_W1:1,FFN_W2:1",6.291969644178774e-05,5.1416e-05,pim|decode|4|34ccac5ef828e4730b89693f4ee70e0e,4,sample_step,0.0007550363573014529,0.000616992,-1.1503696441787745e-05,0.8171685959669119,-0.0001380443573014529,0.817168595966912
weights_on_pim_prefill-128xdecode_67_ops_trace.csv,decode,4,35,1,GPU0,npu,12,"LN:-1,QK:0,QK:1,Softmax:0,Softmax:1,SV:0,SV:1,Add:-1,LN:-1,SwiGLU:0,SwiGLU:1,Add:-1",0.00010849836436888084,0.0002604032039642334,npu|decode|4|48322b0ab0207f84448cb08e6eac5594,4,sample_step,0.0013019803724265702,0.0031248384475708007,0.00015190483959535257,2.4000657104737093,0.0018228580751442306,2.4000657104737093
weights_on_pim_prefill-128xdecode_67_ops_trace.csv,decode,4,35,1,PIM0,pim,7,"Q:0,K:0,V:0,O:0,FFN_W1:0,FFN_W3:1,FFN_W2:0",6.291969644178774e-05,5.1416000000000004e-05,pim|decode|4|1ed976c7c13cd28c472fbdb0cfd672ea,4,sample_step,0.0007550363573014529,0.000616992,-1.1503696441787739e-05,0.817168595966912,-0.0001380443573014529,0.817168595966912
weights_on_pim_prefill-128xdecode_67_ops_trace.csv,decode,4,35,1,PIM1,pim,7,"Q:1,K:1,V:1,O:1,FFN_W3:0,FFN_W1:1,FFN_W2:1",6.291969644178774e-05,5.1416e-05,pim|decode|4|34ccac5ef828e4730b89693f4ee70e0e,4,sample_step,0.0007550363573014529,0.000616992,-1.1503696441787745e-05,0.8171685959669119,-0.0001380443573014529,0.817168595966912
weights_on_pim_prefill-128xdecode_67_ops_trace.csv,decode,4,35,2,GPU0,npu,12,"LN:-1,QK:0,QK:1,Softmax:0,Softmax:1,SV:0,SV:1,Add:-1,LN:-1,SwiGLU:0,SwiGLU:1,Add:-1",0.00010849836436888084,0.0002604032039642334,npu|decode|4|48322b0ab0207f84448cb08e6eac5594,4,sample_step,0.0013019803724265702,0.0031248384475708007,0.00015190483959535257,2.4000657104737093,0.0018228580751442306,2.4000657104737093
weights_on_pim_prefill-128xdecode_67_ops_trace.csv,decode,4,35,2,PIM0,pim,7,"Q:0,K:0,V:0,O:0,FFN_W1:0,FFN_W3:1,FFN_W2:0",6.291969644178774e-05,5.1416000000000004e-05,pim|decode|4|1ed976c7c13cd28c472fbdb0cfd672ea,4,sample_step,0.0007550363573014529,0.000616992,-1.1503696441787739e-05,0.817168595966912,-0.0001380443573014529,0.817168595966912
weights_on_pim_prefill-128xdecode_67_ops_trace.csv,decode,4,35,2,PIM1,pim,7,"Q:1,K:1,V:1,O:1,FFN_W3:0,FFN_W1:1,FFN_W2:1",6.291969644178774e-05,5.1416e-05,pim|decode|4|34ccac5ef828e4730b89693f4ee70e0e,4,sample_step,0.0007550363573014529,0.000616992,-1.1503696441787745e-05,0.8171685959669119,-0.0001380443573014529,0.817168595966912
weights_on_pim_prefill-128xdecode_67_ops_trace.csv,decode,4,35,3,GPU0,npu,12,"LN:-1,QK:0,QK:1,Softmax:0,Softmax:1,SV:0,SV:1,Add:-1,LN:-1,SwiGLU:0,SwiGLU:1,Add:-1",0.00010849836436888084,0.0002604032039642334,npu|decode|4|48322b0ab0207f84448cb08e6eac5594,4,sample_step,0.0013019803724265702,0.0031248384475708007,0.00015190483959535257,2.4000657104737093,0.0018228580751442306,2.4000657104737093
weights_on_pim_prefill-128xdecode_67_ops_trace.csv,decode,4,35,3,PIM0,pim,7,"Q:0,K:0,V:0,O:0,FFN_W1:0,FFN_W3:1,FFN_W2:0",6.291969644178774e-05,5.1416000000000004e-05,pim|decode|4|1ed976c7c13cd28c472fbdb0cfd672ea,4,sample_step,0.0007550363573014529,0.000616992,-1.1503696441787739e-05,0.817168595966912,-0.0001380443573014529,0.817168595966912
weights_on_pim_prefill-128xdecode_67_ops_trace.csv,decode,4,35,3,PIM1,pim,7,"Q:1,K:1,V:1,O:1,FFN_W3:0,FFN_W1:1,FFN_W2:1",6.291969644178774e-05,5.1416e-05,pim|decode|4|34ccac5ef828e4730b89693f4ee70e0e,4,sample_step,0.0007550363573014529,0.000616992,-1.1503696441787745e-05,0.8171685959669119,-0.0001380443573014529,0.817168595966912
weights_on_pim_prefill-128xdecode_67_ops_trace.csv,decode,4,35,4,GPU0,npu,12,"LN:-1,QK:0,QK:1,Softmax:0,Softmax:1,SV:0,SV:1,Add:-1,LN:-1,SwiGLU:0,SwiGLU:1,Add:-1",0.00010849836436888084,0.0002604032039642334,npu|decode|4|48322b0ab0207f84448cb08e6eac5594,4,sample_step,0.0013019803724265702,0.0031248384475708007,0.00015190483959535257,2.4000657104737093,0.0018228580751442306,2.4000657104737093
weights_on_pim_prefill-128xdecode_67_ops_trace.csv,decode,4,35,4,PIM0,pim,7,"Q:0,K:0,V:0,O:0,FFN_W1:0,FFN_W3:1,FFN_W2:0",6.291969644178774e-05,5.1416000000000004e-05,pim|decode|4|1ed976c7c13cd28c472fbdb0cfd672ea,4,sample_step,0.0007550363573014529,0.000616992,-1.1503696441787739e-05,0.817168595966912,-0.0001380443573014529,0.817168595966912
weights_on_pim_prefill-128xdecode_67_ops_trace.csv,decode,4,35,4,PIM1,pim,7,"Q:1,K:1,V:1,O:1,FFN_W3:0,FFN_W1:1,FFN_W2:1",6.291969644178774e-05,5.1416e-05,pim|decode|4|34ccac5ef828e4730b89693f4ee70e0e,4,sample_step,0.0007550363573014529,0.000616992,-1.1503696441787745e-05,0.8171685959669119,-0.0001380443573014529,0.817168595966912
weights_on_pim_prefill-128xdecode_67_ops_trace.csv,decode,4,35,5,GPU0,npu,12,"LN:-1,QK:0,QK:1,Softmax:0,Softmax:1,SV:0,SV:1,Add:-1,LN:-1,SwiGLU:0,SwiGLU:1,Add:-1",0.00010849836436888084,0.0002604032039642334,npu|decode|4|48322b0ab0207f84448cb08e6eac5594,4,sample_step,0.0013019803724265702,0.0031248384475708007,0.00015190483959535257,2.4000657104737093,0.0018228580751442306,2.4000657104737093
weights_on_pim_prefill-128xdecode_67_ops_trace.csv,decode,4,35,5,PIM0,pim,7,"Q:0,K:0,V:0,O:0,FFN_W1:0,FFN_W3:1,FFN_W2:0",6.291969644178774e-05,5.1416000000000004e-05,pim|decode|4|1ed976c7c13cd28c472fbdb0cfd672ea,4,sample_step,0.0007550363573014529,0.000616992,-1.1503696441787739e-05,0.817168595966912,-0.0001380443573014529,0.817168595966912
weights_on_pim_prefill-128xdecode_67_ops_trace.csv,decode,4,35,5,PIM1,pim,7,"Q:1,K:1,V:1,O:1,FFN_W3:0,FFN_W1:1,FFN_W2:1",6.291969644178774e-05,5.1416e-05,pim|decode|4|34ccac5ef828e4730b89693f4ee70e0e,4,sample_step,0.0007550363573014529,0.000616992,-1.1503696441787745e-05,0.8171685959669119,-0.0001380443573014529,0.817168595966912
weights_on_pim_prefill-128xdecode_67_ops_trace.csv,decode,4,35,6,GPU0,npu,12,"LN:-1,QK:0,QK:1,Softmax:0,Softmax:1,SV:0,SV:1,Add:-1,LN:-1,SwiGLU:0,SwiGLU:1,Add:-1",0.00010849836436888084,0.0002604032039642334,npu|decode|4|48322b0ab0207f84448cb08e6eac5594,4,sample_step,0.0013019803724265702,0.0031248384475708007,0.00015190483959535257,2.4000657104737093,0.0018228580751442306,2.4000657104737093
weights_on_pim_prefill-128xdecode_67_ops_trace.csv,decode,4,35,6,PIM0,pim,7,"Q:0,K:0,V:0,O:0,FFN_W1:0,FFN_W3:1,FFN_W2:0",6.291969644178774e-05,5.1416000000000004e-05,pim|decode|4|1ed976c7c13cd28c472fbdb0cfd672ea,4,sample_step,0.0007550363573014529,0.000616992,-1.1503696441787739e-05,0.817168595966912,-0.0001380443573014529,0.817168595966912
weights_on_pim_prefill-128xdecode_67_ops_trace.csv,decode,4,35,6,PIM1,pim,7,"Q:1,K:1,V:1,O:1,FFN_W3:0,FFN_W1:1,FFN_W2:1",6.291969644178774e-05,5.1416e-05,pim|decode|4|34ccac5ef828e4730b89693f4ee70e0e,4,sample_step,0.0007550363573014529,0.000616992,-1.1503696441787745e-05,0.8171685959669119,-0.0001380443573014529,0.817168595966912
weights_on_pim_prefill-128xdecode_67_ops_trace.csv,decode,4,35,7,GPU0,npu,12,"LN:-1,QK:0,QK:1,Softmax:0,Softmax:1,SV:0,SV:1,Add:-1,LN:-1,SwiGLU:0,SwiGLU:1,Add:-1",0.00010849836436888084,0.0002604032039642334,npu|decode|4|48322b0ab0207f84448cb08e6eac5594,4,sample_step,0.0013019803724265702,0.0031248384475708007,0.00015190483959535257,2.4000657104737093,0.0018228580751442306,2.4000657104737093
weights_on_pim_prefill-128xdecode_67_ops_trace.csv,decode,4,35,7,PIM0,pim,7,"Q:0,K:0,V:0,O:0,FFN_W1:0,FFN_W3:1,FFN_W2:0",6.291969644178774e-05,5.1416000000000004e-05,pim|decode|4|1ed976c7c13cd28c472fbdb0cfd672ea,4,sample_step,0.0007550363573014529,0.000616992,-1.1503696441787739e-05,0.817168595966912,-0.0001380443573014529,0.817168595966912
weights_on_pim_prefill-128xdecode_67_ops_trace.csv,decode,4,35,7,PIM1,pim,7,"Q:1,K:1,V:1,O:1,FFN_W3:0,FFN_W1:1,FFN_W2:1",6.291969644178774e-05,5.1416e-05,pim|decode|4|34ccac5ef828e4730b89693f4ee70e0e,4,sample_step,0.0007550363573014529,0.000616992,-1.1503696441787745e-05,0.8171685959669119,-0.0001380443573014529,0.817168595966912
weights_on_pim_prefill-128xdecode_67_ops_trace.csv,decode,4,35,8,GPU0,npu,12,"LN:-1,QK:0,QK:1,Softmax:0,Softmax:1,SV:0,SV:1,Add:-1,LN:-1,SwiGLU:0,SwiGLU:1,Add:-1",0.00010849836436888084,0.0002604032039642334,npu|decode|4|48322b0ab0207f84448cb08e6eac5594,4,sample_step,0.0013019803724265702,0.0031248384475708007,0.00015190483959535257,2.4000657104737093,0.0018228580751442306,2.4000657104737093
weights_on_pim_prefill-128xdecode_67_ops_trace.csv,decode,4,35,8,PIM0,pim,7,"Q:0,K:0,V:0,O:0,FFN_W1:0,FFN_W3:1,FFN_W2:0",6.291969644178774e-05,5.1416000000000004e-05,pim|decode|4|1ed976c7c13cd28c472fbdb0cfd672ea,4,sample_step,0.0007550363573014529,0.000616992,-1.1503696441787739e-05,0.817168595966912,-0.0001380443573014529,0.817168595966912
weights_on_pim_prefill-128xdecode_67_ops_trace.csv,decode,4,35,8,PIM1,pim,7,"Q:1,K:1,V:1,O:1,FFN_W3:0,FFN_W1:1,FFN_W2:1",6.291969644178774e-05,5.1416e-05,pim|decode|4|34ccac5ef828e4730b89693f4ee70e0e,4,sample_step,0.0007550363573014529,0.000616992,-1.1503696441787745e-05,0.8171685959669119,-0.0001380443573014529,0.817168595966912
weights_on_pim_prefill-128xdecode_67_ops_trace.csv,decode,4,35,9,GPU0,npu,12,"LN:-1,QK:0,QK:1,Softmax:0,Softmax:1,SV:0,SV:1,Add:-1,LN:-1,SwiGLU:0,SwiGLU:1,Add:-1",0.00010849836436888084,0.0002604032039642334,npu|decode|4|48322b0ab0207f84448cb08e6eac5594,4,sample_step,0.0013019803724265702,0.0031248384475708007,0.00015190483959535257,2.4000657104737093,0.0018228580751442306,2.4000657104737093
weights_on_pim_prefill-128xdecode_67_ops_trace.csv,decode,4,35,9,PIM0,pim,7,"Q:0,K:0,V:0,O:0,FFN_W1:0,FFN_W3:1,FFN_W2:0",6.291969644178774e-05,5.1416000000000004e-05,pim|decode|4|1ed976c7c13cd28c472fbdb0cfd672ea,4,sample_step,0.0007550363573014529,0.000616992,-1.1503696441787739e-05,0.817168595966912,-0.0001380443573014529,0.817168595966912
weights_on_pim_prefill-128xdecode_67_ops_trace.csv,decode,4,35,9,PIM1,pim,7,"Q:1,K:1,V:1,O:1,FFN_W3:0,FFN_W1:1,FFN_W2:1",6.291969644178774e-05,5.1416e-05,pim|decode|4|34ccac5ef828e4730b89693f4ee70e0e,4,sample_step,0.0007550363573014529,0.000616992,-1.1503696441787745e-05,0.8171685959669119,-0.0001380443573014529,0.817168595966912
weights_on_pim_prefill-128xdecode_67_ops_trace.csv,decode,4,35,10,GPU0,npu,12,"LN:-1,QK:0,QK:1,Softmax:0,Softmax:1,SV:0,SV:1,Add:-1,LN:-1,SwiGLU:0,SwiGLU:1,Add:-1",0.00010849836436888084,0.0002604032039642334,npu|decode|4|48322b0ab0207f84448cb08e6eac5594,4,sample_step,0.0013019803724265702,0.0031248384475708007,0.00015190483959535257,2.4000657104737093,0.0018228580751442306,2.4000657104737093
weights_on_pim_prefill-128xdecode_67_ops_trace.csv,decode,4,35,10,PIM0,pim,7,"Q:0,K:0,V:0,O:0,FFN_W1:0,FFN_W3:1,FFN_W2:0",6.291969644178774e-05,5.1416000000000004e-05,pim|decode|4|1ed976c7c13cd28c472fbdb0cfd672ea,4,sample_step,0.0007550363573014529,0.000616992,-1.1503696441787739e-05,0.817168595966912,-0.0001380443573014529,0.817168595966912
weights_on_pim_prefill-128xdecode_67_ops_trace.csv,decode,4,35,10,PIM1,pim,7,"Q:1,K:1,V:1,O:1,FFN_W3:0,FFN_W1:1,FFN_W2:1",6.291969644178774e-05,5.1416e-05,pim|decode|4|34ccac5ef828e4730b89693f4ee70e0e,4,sample_step,0.0007550363573014529,0.000616992,-1.1503696441787745e-05,0.8171685959669119,-0.0001380443573014529,0.817168595966912
weights_on_pim_prefill-128xdecode_67_ops_trace.csv,decode,4,35,11,GPU0,npu,12,"LN:-1,QK:0,QK:1,Softmax:0,Softmax:1,SV:0,SV:1,Add:-1,LN:-1,SwiGLU:0,SwiGLU:1,Add:-1",0.00010849836436888084,0.0002604032039642334,npu|decode|4|48322b0ab0207f84448cb08e6eac5594,4,sample_step,0.0013019803724265702,0.0031248384475708007,0.00015190483959535257,2.4000657104737093,0.0018228580751442306,2.4000657104737093
weights_on_pim_prefill-128xdecode_67_ops_trace.csv,decode,4,35,11,PIM0,pim,7,"Q:0,K:0,V:0,O:0,FFN_W1:0,FFN_W3:1,FFN_W2:0",6.291969644178774e-05,5.1416000000000004e-05,pim|decode|4|1ed976c7c13cd28c472fbdb0cfd672ea,4,sample_step,0.0007550363573014529,0.000616992,-1.1503696441787739e-05,0.817168595966912,-0.0001380443573014529,0.817168595966912
weights_on_pim_prefill-128xdecode_67_ops_trace.csv,decode,4,35,11,PIM1,pim,7,"Q:1,K:1,V:1,O:1,FFN_W3:0,FFN_W1:1,FFN_W2:1",6.291969644178774e-05,5.1416e-05,pim|decode|4|34ccac5ef828e4730b89693f4ee70e0e,4,sample_step,0.0007550363573014529,0.000616992,-1.1503696441787745e-05,0.8171685959669119,-0.0001380443573014529,0.817168595966912
weights_on_pim_prefill-128xdecode_67_ops_trace.csv,decode,4,35,12,GPU0,npu,12,"LN:-1,QK:0,QK:1,Softmax:0,Softmax:1,SV:0,SV:1,Add:-1,LN:-1,SwiGLU:0,SwiGLU:1,Add:-1",0.00010849836436888084,0.0002604032039642334,npu|decode|4|48322b0ab0207f84448cb08e6eac5594,4,sample_step,0.0013019803724265702,0.0031248384475708007,0.00015190483959535257,2.4000657104737093,0.0018228580751442306,2.4000657104737093
weights_on_pim_prefill-128xdecode_67_ops_trace.csv,decode,4,35,12,PIM0,pim,7,"Q:0,K:0,V:0,O:0,FFN_W1:0,FFN_W3:1,FFN_W2:0",6.291969644178774e-05,5.1416000000000004e-05,pim|decode|4|1ed976c7c13cd28c472fbdb0cfd672ea,4,sample_step,0.0007550363573014529,0.000616992,-1.1503696441787739e-05,0.817168595966912,-0.0001380443573014529,0.817168595966912
weights_on_pim_prefill-128xdecode_67_ops_trace.csv,decode,4,35,12,PIM1,pim,7,"Q:1,K:1,V:1,O:1,FFN_W3:0,FFN_W1:1,FFN_W2:1",6.291969644178774e-05,5.1416e-05,pim|decode|4|34ccac5ef828e4730b89693f4ee70e0e,4,sample_step,0.0007550363573014529,0.000616992,-1.1503696441787745e-05,0.8171685959669119,-0.0001380443573014529,0.817168595966912
weights_on_pim_prefill-128xdecode_67_ops_trace.csv,decode,4,35,13,GPU0,npu,12,"LN:-1,QK:0,QK:1,Softmax:0,Softmax:1,SV:0,SV:1,Add:-1,LN:-1,SwiGLU:0,SwiGLU:1,Add:-1",0.00010849836436888084,0.0002604032039642334,npu|decode|4|48322b0ab0207f84448cb08e6eac5594,4,sample_step,0.0013019803724265702,0.0031248384475708007,0.00015190483959535257,2.4000657104737093,0.0018228580751442306,2.4000657104737093
weights_on_pim_prefill-128xdecode_67_ops_trace.csv,decode,4,35,13,PIM0,pim,7,"Q:0,K:0,V:0,O:0,FFN_W1:0,FFN_W3:1,FFN_W2:0",6.291969644178774e-05,5.1416000000000004e-05,pim|decode|4|1ed976c7c13cd28c472fbdb0cfd672ea,4,sample_step,0.0007550363573014529,0.000616992,-1.1503696441787739e-05,0.817168595966912,-0.0001380443573014529,0.817168595966912
weights_on_pim_prefill-128xdecode_67_ops_trace.csv,decode,4,35,13,PIM1,pim,7,"Q:1,K:1,V:1,O:1,FFN_W3:0,FFN_W1:1,FFN_W2:1",6.291969644178774e-05,5.1416e-05,pim|decode|4|34ccac5ef828e4730b89693f4ee70e0e,4,sample_step,0.0007550363573014529,0.000616992,-1.1503696441787745e-05,0.8171685959669119,-0.0001380443573014529,0.817168595966912
weights_on_pim_prefill-128xdecode_67_ops_trace.csv,decode,4,35,14,GPU0,npu,12,"LN:-1,QK:0,QK:1,Softmax:0,Softmax:1,SV:0,SV:1,Add:-1,LN:-1,SwiGLU:0,SwiGLU:1,Add:-1",0.00010849836436888084,0.0002604032039642334,npu|decode|4|48322b0ab0207f84448cb08e6eac5594,4,sample_step,0.0013019803724265702,0.0031248384475708007,0.00015190483959535257,2.4000657104737093,0.0018228580751442306,2.4000657104737093
weights_on_pim_prefill-128xdecode_67_ops_trace.csv,decode,4,35,14,PIM0,pim,7,"Q:0,K:0,V:0,O:0,FFN_W1:0,FFN_W3:1,FFN_W2:0",6.291969644178774e-05,5.1416000000000004e-05,pim|decode|4|1ed976c7c13cd28c472fbdb0cfd672ea,4,sample_step,0.0007550363573014529,0.000616992,-1.1503696441787739e-05,0.817168595966912,-0.0001380443573014529,0.817168595966912
weights_on_pim_prefill-128xdecode_67_ops_trace.csv,decode,4,35,14,PIM1,pim,7,"Q:1,K:1,V:1,O:1,FFN_W3:0,FFN_W1:1,FFN_W2:1",6.291969644178774e-05,5.1416e-05,pim|decode|4|34ccac5ef828e4730b89693f4ee70e0e,4,sample_step,0.0007550363573014529,0.000616992,-1.1503696441787745e-05,0.8171685959669119,-0.0001380443573014529,0.817168595966912
weights_on_pim_prefill-128xdecode_67_ops_trace.csv,decode,4,35,15,GPU0,npu,12,"LN:-1,QK:0,QK:1,Softmax:0,Softmax:1,SV:0,SV:1,Add:-1,LN:-1,SwiGLU:0,SwiGLU:1,Add:-1",0.00010849836436888084,0.0002604032039642334,npu|decode|4|48322b0ab0207f84448cb08e6eac5594,4,sample_step,0.0013019803724265702,0.0031248384475708007,0.00015190483959535257,2.4000657104737093,0.0018228580751442306,2.4000657104737093
weights_on_pim_prefill-128xdecode_67_ops_trace.csv,decode,4,35,15,PIM0,pim,7,"Q:0,K:0,V:0,O:0,FFN_W1:0,FFN_W3:1,FFN_W2:0",6.291969644178774e-05,5.1416000000000004e-05,pim|decode|4|1ed976c7c13cd28c472fbdb0cfd672ea,4,sample_step,0.0007550363573014529,0.000616992,-1.1503696441787739e-05,0.817168595966912,-0.0001380443573014529,0.817168595966912
weights_on_pim_prefill-128xdecode_67_ops_trace.csv,decode,4,35,15,PIM1,pim,7,"Q:1,K:1,V:1,O:1,FFN_W3:0,FFN_W1:1,FFN_W2:1",6.291969644178774e-05,5.1416e-05,pim|decode|4|34ccac5ef828e4730b89693f4ee70e0e,4,sample_step,0.0007550363573014529,0.000616992,-1.1503696441787745e-05,0.8171685959669119,-0.0001380443573014529,0.817168595966912
weights_on_pim_prefill-128xdecode_67_ops_trace.csv,decode,4,35,16,GPU0,npu,12,"LN:-1,QK:0,QK:1,Softmax:0,Softmax:1,SV:0,SV:1,Add:-1,LN:-1,SwiGLU:0,SwiGLU:1,Add:-1",0.00010849836436888084,0.0002604032039642334,npu|decode|4|48322b0ab0207f84448cb08e6eac5594,4,sample_step,0.0013019803724265702,0.0031248384475708007,0.00015190483959535257,2.4000657104737093,0.0018228580751442306,2.4000657104737093
weights_on_pim_prefill-128xdecode_67_ops_trace.csv,decode,4,35,16,PIM0,pim,7,"Q:0,K:0,V:0,O:0,FFN_W1:0,FFN_W3:1,FFN_W2:0",6.291969644178774e-05,5.1416000000000004e-05,pim|decode|4|1ed976c7c13cd28c472fbdb0cfd672ea,4,sample_step,0.0007550363573014529,0.000616992,-1.1503696441787739e-05,0.817168595966912,-0.0001380443573014529,0.817168595966912
weights_on_pim_prefill-128xdecode_67_ops_trace.csv,decode,4,35,16,PIM1,pim,7,"Q:1,K:1,V:1,O:1,FFN_W3:0,FFN_W1:1,FFN_W2:1",6.291969644178774e-05,5.1416e-05,pim|decode|4|34ccac5ef828e4730b89693f4ee70e0e,4,sample_step,0.0007550363573014529,0.000616992,-1.1503696441787745e-05,0.8171685959669119,-0.0001380443573014529,0.817168595966912
weights_on_pim_prefill-128xdecode_67_ops_trace.csv,decode,4,35,17,GPU0,npu,12,"LN:-1,QK:0,QK:1,Softmax:0,Softmax:1,SV:0,SV:1,Add:-1,LN:-1,SwiGLU:0,SwiGLU:1,Add:-1",0.00010849836436888084,0.0002604032039642334,npu|decode|4|48322b0ab0207f84448cb08e6eac5594,4,sample_step,0.0013019803724265702,0.0031248384475708007,0.00015190483959535257,2.4000657104737093,0.0018228580751442306,2.4000657104737093
weights_on_pim_prefill-128xdecode_67_ops_trace.csv,decode,4,35,17,PIM0,pim,7,"Q:0,K:0,V:0,O:0,FFN_W1:0,FFN_W3:1,FFN_W2:0",6.291969644178774e-05,5.1416000000000004e-05,pim|decode|4|1ed976c7c13cd28c472fbdb0cfd672ea,4,sample_step,0.0007550363573014529,0.000616992,-1.1503696441787739e-05,0.817168595966912,-0.0001380443573014529,0.817168595966912
weights_on_pim_prefill-128xdecode_67_ops_trace.csv,decode,4,35,17,PIM1,pim,7,"Q:1,K:1,V:1,O:1,FFN_W3:0,FFN_W1:1,FFN_W2:1",6.291969644178774e-05,5.1416e-05,pim|decode|4|34ccac5ef828e4730b89693f4ee70e0e,4,sample_step,0.0007550363573014529,0.000616992,-1.1503696441787745e-05,0.8171685959669119,-0.0001380443573014529,0.817168595966912
weights_on_pim_prefill-128xdecode_67_ops_trace.csv,decode,4,35,18,GPU0,npu,12,"LN:-1,QK:0,QK:1,Softmax:0,Softmax:1,SV:0,SV:1,Add:-1,LN:-1,SwiGLU:0,SwiGLU:1,Add:-1",0.00010849836436888084,0.0002604032039642334,npu|decode|4|48322b0ab0207f84448cb08e6eac5594,4,sample_step,0.0013019803724265702,0.0031248384475708007,0.00015190483959535257,2.4000657104737093,0.0018228580751442306,2.4000657104737093
weights_on_pim_prefill-128xdecode_67_ops_trace.csv,decode,4,35,18,PIM0,pim,7,"Q:0,K:0,V:0,O:0,FFN_W1:0,FFN_W3:1,FFN_W2:0",6.291969644178774e-05,5.1416000000000004e-05,pim|decode|4|1ed976c7c13cd28c472fbdb0cfd672ea,4,sample_step,0.0007550363573014529,0.000616992,-1.1503696441787739e-05,0.817168595966912,-0.0001380443573014529,0.817168595966912
weights_on_pim_prefill-128xdecode_67_ops_trace.csv,decode,4,35,18,PIM1,pim,7,"Q:1,K:1,V:1,O:1,FFN_W3:0,FFN_W1:1,FFN_W2:1",6.291969644178774e-05,5.1416e-05,pim|decode|4|34ccac5ef828e4730b89693f4ee70e0e,4,sample_step,0.0007550363573014529,0.000616992,-1.1503696441787745e-05,0.8171685959669119,-0.0001380443573014529,0.817168595966912
weights_on_pim_prefill-128xdecode_67_ops_trace.csv,decode,4,35,19,GPU0,npu,12,"LN:-1,QK:0,QK:1,Softmax:0,Softmax:1,SV:0,SV:1,Add:-1,LN:-1,SwiGLU:0,SwiGLU:1,Add:-1",0.00010849836436888084,0.0002604032039642334,npu|decode|4|48322b0ab0207f84448cb08e6eac5594,4,sample_step,0.0013019803724265702,0.0031248384475708007,0.00015190483959535257,2.4000657104737093,0.0018228580751442306,2.4000657104737093
weights_on_pim_prefill-128xdecode_67_ops_trace.csv,decode,4,35,19,PIM0,pim,7,"Q:0,K:0,V:0,O:0,FFN_W1:0,FFN_W3:1,FFN_W2:0",6.291969644178774e-05,5.1416000000000004e-05,pim|decode|4|1ed976c7c13cd28c472fbdb0cfd672ea,4,sample_step,0.0007550363573014529,0.000616992,-1.1503696441787739e-05,0.817168595966912,-0.0001380443573014529,0.817168595966912
weights_on_pim_prefill-128xdecode_67_ops_trace.csv,decode,4,35,19,PIM1,pim,7,"Q:1,K:1,V:1,O:1,FFN_W3:0,FFN_W1:1,FFN_W2:1",6.291969644178774e-05,5.1416e-05,pim|decode|4|34ccac5ef828e4730b89693f4ee70e0e,4,sample_step,0.0007550363573014529,0.000616992,-1.1503696441787745e-05,0.8171685959669119,-0.0001380443573014529,0.817168595966912
weights_on_pim_prefill-128xdecode_67_ops_trace.csv,decode,4,35,20,GPU0,npu,12,"LN:-1,QK:0,QK:1,Softmax:0,Softmax:1,SV:0,SV:1,Add:-1,LN:-1,SwiGLU:0,SwiGLU:1,Add:-1",0.00010849836436888084,0.0002604032039642334,npu|decode|4|48322b0ab0207f84448cb08e6eac5594,4,sample_step,0.0013019803724265702,0.0031248384475708007,0.00015190483959535257,2.4000657104737093,0.0018228580751442306,2.4000657104737093
weights_on_pim_prefill-128xdecode_67_ops_trace.csv,decode,4,35,20,PIM0,pim,7,"Q:0,K:0,V:0,O:0,FFN_W1:0,FFN_W3:1,FFN_W2:0",6.291969644178774e-05,5.1416000000000004e-05,pim|decode|4|1ed976c7c13cd28c472fbdb0cfd672ea,4,sample_step,0.0007550363573014529,0.000616992,-1.1503696441787739e-05,0.817168595966912,-0.0001380443573014529,0.817168595966912
weights_on_pim_prefill-128xdecode_67_ops_trace.csv,decode,4,35,20,PIM1,pim,7,"Q:1,K:1,V:1,O:1,FFN_W3:0,FFN_W1:1,FFN_W2:1",6.291969644178774e-05,5.1416e-05,pim|decode|4|34ccac5ef828e4730b89693f4ee70e0e,4,sample_step,0.0007550363573014529,0.000616992,-1.1503696441787745e-05,0.8171685959669119,-0.0001380443573014529,0.817168595966912
weights_on_pim_prefill-128xdecode_67_ops_trace.csv,decode,4,35,21,GPU0,npu,12,"LN:-1,QK:0,QK:1,Softmax:0,Softmax:1,SV:0,SV:1,Add:-1,LN:-1,SwiGLU:0,SwiGLU:1,Add:-1",0.00010849836436888084,0.0002604032039642334,npu|decode|4|48322b0ab0207f84448cb08e6eac5594,4,sample_step,0.0013019803724265702,0.0031248384475708007,0.00015190483959535257,2.4000657104737093,0.0018228580751442306,2.4000657104737093
weights_on_pim_prefill-128xdecode_67_ops_trace.csv,decode,4,35,21,PIM0,pim,7,"Q:0,K:0,V:0,O:0,FFN_W1:0,FFN_W3:1,FFN_W2:0",6.291969644178774e-05,5.1416000000000004e-05,pim|decode|4|1ed976c7c13cd28c472fbdb0cfd672ea,4,sample_step,0.0007550363573014529,0.000616992,-1.1503696441787739e-05,0.817168595966912,-0.0001380443573014529,0.817168595966912
weights_on_pim_prefill-128xdecode_67_ops_trace.csv,decode,4,35,21,PIM1,pim,7,"Q:1,K:1,V:1,O:1,FFN_W3:0,FFN_W1:1,FFN_W2:1",6.291969644178774e-05,5.1416e-05,pim|decode|4|34ccac5ef828e4730b89693f4ee70e0e,4,sample_step,0.0007550363573014529,0.000616992,-1.1503696441787745e-05,0.8171685959669119,-0.0001380443573014529,0.817168595966912
weights_on_pim_prefill-128xdecode_67_ops_trace.csv,decode,4,35,22,GPU0,npu,12,"LN:-1,QK:0,QK:1,Softmax:0,Softmax:1,SV:0,SV:1,Add:-1,LN:-1,SwiGLU:0,SwiGLU:1,Add:-1",0.00010849836436888084,0.0002604032039642334,npu|decode|4|48322b0ab0207f84448cb08e6eac5594,4,sample_step,0.0013019803724265702,0.0031248384475708007,0.00015190483959535257,2.4000657104737093,0.0018228580751442306,2.4000657104737093
weights_on_pim_prefill-128xdecode_67_ops_trace.csv,decode,4,35,22,PIM0,pim,7,"Q:0,K:0,V:0,O:0,FFN_W1:0,FFN_W3:1,FFN_W2:0",6.291969644178774e-05,5.1416000000000004e-05,pim|decode|4|1ed976c7c13cd28c472fbdb0cfd672ea,4,sample_step,0.0007550363573014529,0.000616992,-1.1503696441787739e-05,0.817168595966912,-0.0001380443573014529,0.817168595966912
weights_on_pim_prefill-128xdecode_67_ops_trace.csv,decode,4,35,22,PIM1,pim,7,"Q:1,K:1,V:1,O:1,FFN_W3:0,FFN_W1:1,FFN_W2:1",6.291969644178774e-05,5.1416e-05,pim|decode|4|34ccac5ef828e4730b89693f4ee70e0e,4,sample_step,0.0007550363573014529,0.000616992,-1.1503696441787745e-05,0.8171685959669119,-0.0001380443573014529,0.817168595966912
weights_on_pim_prefill-128xdecode_67_ops_trace.csv,decode,4,35,23,GPU0,npu,12,"LN:-1,QK:0,QK:1,Softmax:0,Softmax:1,SV:0,SV:1,Add:-1,LN:-1,SwiGLU:0,SwiGLU:1,Add:-1",0.00010849836436888084,0.0002604032039642334,npu|decode|4|48322b0ab0207f84448cb08e6eac5594,4,sample_step,0.0013019803724265702,0.0031248384475708007,0.00015190483959535257,2.4000657104737093,0.0018228580751442306,2.4000657104737093
weights_on_pim_prefill-128xdecode_67_ops_trace.csv,decode,4,35,23,PIM0,pim,7,"Q:0,K:0,V:0,O:0,FFN_W1:0,FFN_W3:1,FFN_W2:0",6.291969644178774e-05,5.1416000000000004e-05,pim|decode|4|1ed976c7c13cd28c472fbdb0cfd672ea,4,sample_step,0.0007550363573014529,0.000616992,-1.1503696441787739e-05,0.817168595966912,-0.0001380443573014529,0.817168595966912
weights_on_pim_prefill-128xdecode_67_ops_trace.csv,decode,4,35,23,PIM1,pim,7,"Q:1,K:1,V:1,O:1,FFN_W3:0,FFN_W1:1,FFN_W2:1",6.291969644178774e-05,5.1416e-05,pim|decode|4|34ccac5ef828e4730b89693f4ee70e0e,4,sample_step,0.0007550363573014529,0.000616992,-1.1503696441787745e-05,0.8171685959669119,-0.0001380443573014529,0.817168595966912
weights_on_pim_prefill-128xdecode_67_ops_trace.csv,decode,4,35,24,GPU0,npu,12,"LN:-1,QK:0,QK:1,Softmax:0,Softmax:1,SV:0,SV:1,Add:-1,LN:-1,SwiGLU:0,SwiGLU:1,Add:-1",0.00010849836436888084,0.0002604032039642334,npu|decode|4|48322b0ab0207f84448cb08e6eac5594,4,sample_step,0.0013019803724265702,0.0031248384475708007,0.00015190483959535257,2.4000657104737093,0.0018228580751442306,2.4000657104737093
weights_on_pim_prefill-128xdecode_67_ops_trace.csv,decode,4,35,24,PIM0,pim,7,"Q:0,K:0,V:0,O:0,FFN_W1:0,FFN_W3:1,FFN_W2:0",6.291969644178774e-05,5.1416000000000004e-05,pim|decode|4|1ed976c7c13cd28c472fbdb0cfd672ea,4,sample_step,0.0007550363573014529,0.000616992,-1.1503696441787739e-05,0.817168595966912,-0.0001380443573014529,0.817168595966912
weights_on_pim_prefill-128xdecode_67_ops_trace.csv,decode,4,35,24,PIM1,pim,7,"Q:1,K:1,V:1,O:1,FFN_W3:0,FFN_W1:1,FFN_W2:1",6.291969644178774e-05,5.1416e-05,pim|decode|4|34ccac5ef828e4730b89693f4ee70e0e,4,sample_step,0.0007550363573014529,0.000616992,-1.1503696441787745e-05,0.8171685959669119,-0.0001380443573014529,0.817168595966912
weights_on_pim_prefill-128xdecode_67_ops_trace.csv,decode,4,35,25,GPU0,npu,12,"LN:-1,QK:0,QK:1,Softmax:0,Softmax:1,SV:0,SV:1,Add:-1,LN:-1,SwiGLU:0,SwiGLU:1,Add:-1",0.00010849836436888084,0.0002604032039642334,npu|decode|4|48322b0ab0207f84448cb08e6eac5594,4,sample_step,0.0013019803724265702,0.0031248384475708007,0.00015190483959535257,2.4000657104737093,0.0018228580751442306,2.4000657104737093
weights_on_pim_prefill-128xdecode_67_ops_trace.csv,decode,4,35,25,PIM0,pim,7,"Q:0,K:0,V:0,O:0,FFN_W1:0,FFN_W3:1,FFN_W2:0",6.291969644178774e-05,5.1416000000000004e-05,pim|decode|4|1ed976c7c13cd28c472fbdb0cfd672ea,4,sample_step,0.0007550363573014529,0.000616992,-1.1503696441787739e-05,0.817168595966912,-0.0001380443573014529,0.817168595966912
weights_on_pim_prefill-128xdecode_67_ops_trace.csv,decode,4,35,25,PIM1,pim,7,"Q:1,K:1,V:1,O:1,FFN_W3:0,FFN_W1:1,FFN_W2:1",6.291969644178774e-05,5.1416e-05,pim|decode|4|34ccac5ef828e4730b89693f4ee70e0e,4,sample_step,0.0007550363573014529,0.000616992,-1.1503696441787745e-05,0.8171685959669119,-0.0001380443573014529,0.817168595966912
weights_on_pim_prefill-128xdecode_67_ops_trace.csv,decode,4,35,26,GPU0,npu,12,"LN:-1,QK:0,QK:1,Softmax:0,Softmax:1,SV:0,SV:1,Add:-1,LN:-1,SwiGLU:0,SwiGLU:1,Add:-1",0.00010849836436888084,0.0002604032039642334,npu|decode|4|48322b0ab0207f84448cb08e6eac5594,4,sample_step,0.0013019803724265702,0.0031248384475708007,0.00015190483959535257,2.4000657104737093,0.0018228580751442306,2.4000657104737093
weights_on_pim_prefill-128xdecode_67_ops_trace.csv,decode,4,35,26,PIM0,pim,7,"Q:0,K:0,V:0,O:0,FFN_W1:0,FFN_W3:1,FFN_W2:0",6.291969644178774e-05,5.1416000000000004e-05,pim|decode|4|1ed976c7c13cd28c472fbdb0cfd672ea,4,sample_step,0.0007550363573014529,0.000616992,-1.1503696441787739e-05,0.817168595966912,-0.0001380443573014529,0.817168595966912
weights_on_pim_prefill-128xdecode_67_ops_trace.csv,decode,4,35,26,PIM1,pim,7,"Q:1,K:1,V:1,O:1,FFN_W3:0,FFN_W1:1,FFN_W2:1",6.291969644178774e-05,5.1416e-05,pim|decode|4|34ccac5ef828e4730b89693f4ee70e0e,4,sample_step,0.0007550363573014529,0.000616992,-1.1503696441787745e-05,0.8171685959669119,-0.0001380443573014529,0.817168595966912
weights_on_pim_prefill-128xdecode_67_ops_trace.csv,decode,4,35,27,GPU0,npu,12,"LN:-1,QK:0,QK:1,Softmax:0,Softmax:1,SV:0,SV:1,Add:-1,LN:-1,SwiGLU:0,SwiGLU:1,Add:-1",0.00010849836436888084,0.0002604032039642334,npu|decode|4|48322b0ab0207f84448cb08e6eac5594,4,sample_step,0.0013019803724265702,0.0031248384475708007,0.00015190483959535257,2.4000657104737093,0.0018228580751442306,2.4000657104737093
weights_on_pim_prefill-128xdecode_67_ops_trace.csv,decode,4,35,27,PIM0,pim,7,"Q:0,K:0,V:0,O:0,FFN_W1:0,FFN_W3:1,FFN_W2:0",6.291969644178774e-05,5.1416000000000004e-05,pim|decode|4|1ed976c7c13cd28c472fbdb0cfd672ea,4,sample_step,0.0007550363573014529,0.000616992,-1.1503696441787739e-05,0.817168595966912,-0.0001380443573014529,0.817168595966912
weights_on_pim_prefill-128xdecode_67_ops_trace.csv,decode,4,35,27,PIM1,pim,7,"Q:1,K:1,V:1,O:1,FFN_W3:0,FFN_W1:1,FFN_W2:1",6.291969644178774e-05,5.1416e-05,pim|decode|4|34ccac5ef828e4730b89693f4ee70e0e,4,sample_step,0.0007550363573014529,0.000616992,-1.1503696441787745e-05,0.8171685959669119,-0.0001380443573014529,0.817168595966912
weights_on_pim_prefill-128xdecode_67_ops_trace.csv,decode,4,35,28,GPU0,npu,12,"LN:-1,QK:0,QK:1,Softmax:0,Softmax:1,SV:0,SV:1,Add:-1,LN:-1,SwiGLU:0,SwiGLU:1,Add:-1",0.00010849836436888084,0.0002604032039642334,npu|decode|4|48322b0ab0207f84448cb08e6eac5594,4,sample_step,0.0013019803724265702,0.0031248384475708007,0.00015190483959535257,2.4000657104737093,0.0018228580751442306,2.4000657104737093
weights_on_pim_prefill-128xdecode_67_ops_trace.csv,decode,4,35,28,PIM0,pim,7,"Q:0,K:0,V:0,O:0,FFN_W1:0,FFN_W3:1,FFN_W2:0",6.291969644178774e-05,5.1416000000000004e-05,pim|decode|4|1ed976c7c13cd28c472fbdb0cfd672ea,4,sample_step,0.0007550363573014529,0.000616992,-1.1503696441787739e-05,0.817168595966912,-0.0001380443573014529,0.817168595966912
weights_on_pim_prefill-128xdecode_67_ops_trace.csv,decode,4,35,28,PIM1,pim,7,"Q:1,K:1,V:1,O:1,FFN_W3:0,FFN_W1:1,FFN_W2:1",6.291969644178774e-05,5.1416e-05,pim|decode|4|34ccac5ef828e4730b89693f4ee70e0e,4,sample_step,0.0007550363573014529,0.000616992,-1.1503696441787745e-05,0.8171685959669119,-0.0001380443573014529,0.817168595966912
weights_on_pim_prefill-128xdecode_67_ops_trace.csv,decode,4,35,29,GPU0,npu,12,"LN:-1,QK:0,QK:1,Softmax:0,Softmax:1,SV:0,SV:1,Add:-1,LN:-1,SwiGLU:0,SwiGLU:1,Add:-1",0.00010849836436888084,0.0002604032039642334,npu|decode|4|48322b0ab0207f84448cb08e6eac5594,4,sample_step,0.0013019803724265702,0.0031248384475708007,0.00015190483959535257,2.4000657104737093,0.0018228580751442306,2.4000657104737093
weights_on_pim_prefill-128xdecode_67_ops_trace.csv,decode,4,35,29,PIM0,pim,7,"Q:0,K:0,V:0,O:0,FFN_W1:0,FFN_W3:1,FFN_W2:0",6.291969644178774e-05,5.1416000000000004e-05,pim|decode|4|1ed976c7c13cd28c472fbdb0cfd672ea,4,sample_step,0.0007550363573014529,0.000616992,-1.1503696441787739e-05,0.817168595966912,-0.0001380443573014529,0.817168595966912
weights_on_pim_prefill-128xdecode_67_ops_trace.csv,decode,4,35,29,PIM1,pim,7,"Q:1,K:1,V:1,O:1,FFN_W3:0,FFN_W1:1,FFN_W2:1",6.291969644178774e-05,5.1416e-05,pim|decode|4|34ccac5ef828e4730b89693f4ee70e0e,4,sample_step,0.0007550363573014529,0.000616992,-1.1503696441787745e-05,0.8171685959669119,-0.0001380443573014529,0.817168595966912
weights_on_pim_prefill-128xdecode_67_ops_trace.csv,decode,4,35,30,GPU0,npu,12,"LN:-1,QK:0,QK:1,Softmax:0,Softmax:1,SV:0,SV:1,Add:-1,LN:-1,SwiGLU:0,SwiGLU:1,Add:-1",0.00010849836436888084,0.0002604032039642334,npu|decode|4|48322b0ab0207f84448cb08e6eac5594,4,sample_step,0.0013019803724265702,0.0031248384475708007,0.00015190483959535257,2.4000657104737093,0.0018228580751442306,2.4000657104737093
weights_on_pim_prefill-128xdecode_67_ops_trace.csv,decode,4,35,30,PIM0,pim,7,"Q:0,K:0,V:0,O:0,FFN_W1:0,FFN_W3:1,FFN_W2:0",6.291969644178774e-05,5.1416000000000004e-05,pim|decode|4|1ed976c7c13cd28c472fbdb0cfd672ea,4,sample_step,0.0007550363573014529,0.000616992,-1.1503696441787739e-05,0.817168595966912,-0.0001380443573014529,0.817168595966912
weights_on_pim_prefill-128xdecode_67_ops_trace.csv,decode,4,35,30,PIM1,pim,7,"Q:1,K:1,V:1,O:1,FFN_W3:0,FFN_W1:1,FFN_W2:1",6.291969644178774e-05,5.1416e-05,pim|decode|4|34ccac5ef828e4730b89693f4ee70e0e,4,sample_step,0.0007550363573014529,0.000616992,-1.1503696441787745e-05,0.8171685959669119,-0.0001380443573014529,0.817168595966912
weights_on_pim_prefill-128xdecode_67_ops_trace.csv,decode,4,35,31,GPU0,npu,12,"LN:-1,QK:0,QK:1,Softmax:0,Softmax:1,SV:0,SV:1,Add:-1,LN:-1,SwiGLU:0,SwiGLU:1,Add:-1",0.00010849836436888084,0.0002604032039642334,npu|decode|4|48322b0ab0207f84448cb08e6eac5594,4,sample_step,0.0013019803724265702,0.0031248384475708007,0.00015190483959535257,2.4000657104737093,0.0018228580751442306,2.4000657104737093
weights_on_pim_prefill-128xdecode_67_ops_trace.csv,decode,4,35,31,PIM0,pim,7,"Q:0,K:0,V:0,O:0,FFN_W1:0,FFN_W3:1,FFN_W2:0",6.291969644178774e-05,5.1416000000000004e-05,pim|decode|4|1ed976c7c13cd28c472fbdb0cfd672ea,4,sample_step,0.0007550363573014529,0.000616992,-1.1503696441787739e-05,0.817168595966912,-0.0001380443573014529,0.817168595966912
weights_on_pim_prefill-128xdecode_67_ops_trace.csv,decode,4,35,31,PIM1,pim,7,"Q:1,K:1,V:1,O:1,FFN_W3:0,FFN_W1:1,FFN_W2:1",6.291969644178774e-05,5.1416e-05,pim|decode|4|34ccac5ef828e4730b89693f4ee70e0e,4,sample_step,0.0007550363573014529,0.000616992,-1.1503696441787745e-05,0.8171685959669119,-0.0001380443573014529,0.817168595966912
weights_on_pim_prefill-128xdecode_67_ops_trace.csv,decode,5,47,0,GPU0,npu,12,"LN:-1,QK:0,QK:1,Softmax:0,Softmax:1,SV:0,SV:1,Add:-1,LN:-1,SwiGLU:0,SwiGLU:1,Add:-1",0.00010850063824552338,0.0002659327983856201,npu|decode|5|48322b0ab0207f84448cb08e6eac5594,5,sample_step,0.0013020076589462806,0.0031911935806274412,0.00015743216014009676,2.450979115752734,0.0018891859216811607,2.4509791157527334
weights_on_pim_prefill-128xdecode_67_ops_trace.csv,decode,5,47,0,PIM0,pim,7,"Q:0,K:0,V:0,O:0,FFN_W1:0,FFN_W3:1,FFN_W2:0",6.291969644178774e-05,5.1416000000000004e-05,pim|decode|5|1ed976c7c13cd28c472fbdb0cfd672ea,5,sample_step,0.0007550363573014529,0.000616992,-1.1503696441787739e-05,0.817168595966912,-0.0001380443573014529,0.817168595966912
weights_on_pim_prefill-128xdecode_67_ops_trace.csv,decode,5,47,0,PIM1,pim,7,"Q:1,K:1,V:1,O:1,FFN_W3:0,FFN_W1:1,FFN_W2:1",6.291969644178774e-05,5.1416e-05,pim|decode|5|34ccac5ef828e4730b89693f4ee70e0e,5,sample_step,0.0007550363573014529,0.000616992,-1.1503696441787745e-05,0.8171685959669119,-0.0001380443573014529,0.817168595966912
weights_on_pim_prefill-128xdecode_67_ops_trace.csv,decode,5,47,1,GPU0,npu,12,"LN:-1,QK:0,QK:1,Softmax:0,Softmax:1,SV:0,SV:1,Add:-1,LN:-1,SwiGLU:0,SwiGLU:1,Add:-1",0.00010850063824552338,0.0002659327983856201,npu|decode|5|48322b0ab0207f84448cb08e6eac5594,5,sample_step,0.0013020076589462806,0.0031911935806274412,0.00015743216014009676,2.450979115752734,0.0018891859216811607,2.4509791157527334
weights_on_pim_prefill-128xdecode_67_ops_trace.csv,decode,5,47,1,PIM0,pim,7,"Q:0,K:0,V:0,O:0,FFN_W1:0,FFN_W3:1,FFN_W2:0",6.291969644178774e-05,5.1416000000000004e-05,pim|decode|5|1ed976c7c13cd28c472fbdb0cfd672ea,5,sample_step,0.0007550363573014529,0.000616992,-1.1503696441787739e-05,0.817168595966912,-0.0001380443573014529,0.817168595966912
weights_on_pim_prefill-128xdecode_67_ops_trace.csv,decode,5,47,1,PIM1,pim,7,"Q:1,K:1,V:1,O:1,FFN_W3:0,FFN_W1:1,FFN_W2:1",6.291969644178774e-05,5.1416e-05,pim|decode|5|34ccac5ef828e4730b89693f4ee70e0e,5,sample_step,0.0007550363573014529,0.000616992,-1.1503696441787745e-05,0.8171685959669119,-0.0001380443573014529,0.817168595966912
weights_on_pim_prefill-128xdecode_67_ops_trace.csv,decode,5,47,2,GPU0,npu,12,"LN:-1,QK:0,QK:1,Softmax:0,Softmax:1,SV:0,SV:1,Add:-1,LN:-1,SwiGLU:0,SwiGLU:1,Add:-1",0.00010850063824552338,0.0002659327983856201,npu|decode|5|48322b0ab0207f84448cb08e6eac5594,5,sample_step,0.0013020076589462806,0.0031911935806274412,0.00015743216014009676,2.450979115752734,0.0018891859216811607,2.4509791157527334
weights_on_pim_prefill-128xdecode_67_ops_trace.csv,decode,5,47,2,PIM0,pim,7,"Q:0,K:0,V:0,O:0,FFN_W1:0,FFN_W3:1,FFN_W2:0",6.291969644178774e-05,5.1416000000000004e-05,pim|decode|5|1ed976c7c13cd28c472fbdb0cfd672ea,5,sample_step,0.0007550363573014529,0.000616992,-1.1503696441787739e-05,0.817168595966912,-0.0001380443573014529,0.817168595966912
weights_on_pim_prefill-128xdecode_67_ops_trace.csv,decode,5,47,2,PIM1,pim,7,"Q:1,K:1,V:1,O:1,FFN_W3:0,FFN_W1:1,FFN_W2:1",6.291969644178774e-05,5.1416e-05,pim|decode|5|34ccac5ef828e4730b89693f4ee70e0e,5,sample_step,0.0007550363573014529,0.000616992,-1.1503696441787745e-05,0.8171685959669119,-0.0001380443573014529,0.817168595966912
weights_on_pim_prefill-128xdecode_67_ops_trace.csv,decode,5,47,3,GPU0,npu,12,"LN:-1,QK:0,QK:1,Softmax:0,Softmax:1,SV:0,SV:1,Add:-1,LN:-1,SwiGLU:0,SwiGLU:1,Add:-1",0.00010850063824552338,0.0002659327983856201,npu|decode|5|48322b0ab0207f84448cb08e6eac5594,5,sample_step,0.0013020076589462806,0.0031911935806274412,0.00015743216014009676,2.450979115752734,0.0018891859216811607,2.4509791157527334
weights_on_pim_prefill-128xdecode_67_ops_trace.csv,decode,5,47,3,PIM0,pim,7,"Q:0,K:0,V:0,O:0,FFN_W1:0,FFN_W3:1,FFN_W2:0",6.291969644178774e-05,5.1416000000000004e-05,pim|decode|5|1ed976c7c13cd28c472fbdb0cfd672ea,5,sample_step,0.0007550363573014529,0.000616992,-1.1503696441787739e-05,0.817168595966912,-0.0001380443573014529,0.817168595966912
weights_on_pim_prefill-128xdecode_67_ops_trace.csv,decode,5,47,3,PIM1,pim,7,"Q:1,K:1,V:1,O:1,FFN_W3:0,FFN_W1:1,FFN_W2:1",6.291969644178774e-05,5.1416e-05,pim|decode|5|34ccac5ef828e4730b89693f4ee70e0e,5,sample_step,0.0007550363573014529,0.000616992,-1.1503696441787745e-05,0.8171685959669119,-0.0001380443573014529,0.817168595966912
weights_on_pim_prefill-128xdecode_67_ops_trace.csv,decode,5,47,4,GPU0,npu,12,"LN:-1,QK:0,QK:1,Softmax:0,Softmax:1,SV:0,SV:1,Add:-1,LN:-1,SwiGLU:0,SwiGLU:1,Add:-1",0.00010850063824552338,0.0002659327983856201,npu|decode|5|48322b0ab0207f84448cb08e6eac5594,5,sample_step,0.0013020076589462806,0.0031911935806274412,0.00015743216014009676,2.450979115752734,0.0018891859216811607,2.4509791157527334
weights_on_pim_prefill-128xdecode_67_ops_trace.csv,decode,5,47,4,PIM0,pim,7,"Q:0,K:0,V:0,O:0,FFN_W1:0,FFN_W3:1,FFN_W2:0",6.291969644178774e-05,5.1416000000000004e-05,pim|decode|5|1ed976c7c13cd28c472fbdb0cfd672ea,5,sample_step,0.0007550363573014529,0.000616992,-1.1503696441787739e-05,0.817168595966912,-0.0001380443573014529,0.817168595966912
weights_on_pim_prefill-128xdecode_67_ops_trace.csv,decode,5,47,4,PIM1,pim,7,"Q:1,K:1,V:1,O:1,FFN_W3:0,FFN_W1:1,FFN_W2:1",6.291969644178774e-05,5.1416e-05,pim|decode|5|34ccac5ef828e4730b89693f4ee70e0e,5,sample_step,0.0007550363573014529,0.000616992,-1.1503696441787745e-05,0.8171685959669119,-0.0001380443573014529,0.817168595966912
weights_on_pim_prefill-128xdecode_67_ops_trace.csv,decode,5,47,5,GPU0,npu,12,"LN:-1,QK:0,QK:1,Softmax:0,Softmax:1,SV:0,SV:1,Add:-1,LN:-1,SwiGLU:0,SwiGLU:1,Add:-1",0.00010850063824552338,0.0002659327983856201,npu|decode|5|48322b0ab0207f84448cb08e6eac5594,5,sample_step,0.0013020076589462806,0.0031911935806274412,0.00015743216014009676,2.450979115752734,0.0018891859216811607,2.4509791157527334
weights_on_pim_prefill-128xdecode_67_ops_trace.csv,decode,5,47,5,PIM0,pim,7,"Q:0,K:0,V:0,O:0,FFN_W1:0,FFN_W3:1,FFN_W2:0",6.291969644178774e-05,5.1416000000000004e-05,pim|decode|5|1ed976c7c13cd28c472fbdb0cfd672ea,5,sample_step,0.0007550363573014529,0.000616992,-1.1503696441787739e-05,0.817168595966912,-0.0001380443573014529,0.817168595966912
weights_on_pim_prefill-128xdecode_67_ops_trace.csv,decode,5,47,5,PIM1,pim,7,"Q:1,K:1,V:1,O:1,FFN_W3:0,FFN_W1:1,FFN_W2:1",6.291969644178774e-05,5.1416e-05,pim|decode|5|34ccac5ef828e4730b89693f4ee70e0e,5,sample_step,0.0007550363573014529,0.000616992,-1.1503696441787745e-05,0.8171685959669119,-0.0001380443573014529,0.817168595966912
weights_on_pim_prefill-128xdecode_67_ops_trace.csv,decode,5,47,6,GPU0,npu,12,"LN:-1,QK:0,QK:1,Softmax:0,Softmax:1,SV:0,SV:1,Add:-1,LN:-1,SwiGLU:0,SwiGLU:1,Add:-1",0.00010850063824552338,0.0002659327983856201,npu|decode|5|48322b0ab0207f84448cb08e6eac5594,5,sample_step,0.0013020076589462806,0.0031911935806274412,0.00015743216014009676,2.450979115752734,0.0018891859216811607,2.4509791157527334
weights_on_pim_prefill-128xdecode_67_ops_trace.csv,decode,5,47,6,PIM0,pim,7,"Q:0,K:0,V:0,O:0,FFN_W1:0,FFN_W3:1,FFN_W2:0",6.291969644178774e-05,5.1416000000000004e-05,pim|decode|5|1ed976c7c13cd28c472fbdb0cfd672ea,5,sample_step,0.0007550363573014529,0.000616992,-1.1503696441787739e-05,0.817168595966912,-0.0001380443573014529,0.817168595966912
weights_on_pim_prefill-128xdecode_67_ops_trace.csv,decode,5,47,6,PIM1,pim,7,"Q:1,K:1,V:1,O:1,FFN_W3:0,FFN_W1:1,FFN_W2:1",6.291969644178774e-05,5.1416e-05,pim|decode|5|34ccac5ef828e4730b89693f4ee70e0e,5,sample_step,0.0007550363573014529,0.000616992,-1.1503696441787745e-05,0.8171685959669119,-0.0001380443573014529,0.817168595966912
weights_on_pim_prefill-128xdecode_67_ops_trace.csv,decode,5,47,7,GPU0,npu,12,"LN:-1,QK:0,QK:1,Softmax:0,Softmax:1,SV:0,SV:1,Add:-1,LN:-1,SwiGLU:0,SwiGLU:1,Add:-1",0.00010850063824552338,0.0002659327983856201,npu|decode|5|48322b0ab0207f84448cb08e6eac5594,5,sample_step,0.0013020076589462806,0.0031911935806274412,0.00015743216014009676,2.450979115752734,0.0018891859216811607,2.4509791157527334
weights_on_pim_prefill-128xdecode_67_ops_trace.csv,decode,5,47,7,PIM0,pim,7,"Q:0,K:0,V:0,O:0,FFN_W1:0,FFN_W3:1,FFN_W2:0",6.291969644178774e-05,5.1416000000000004e-05,pim|decode|5|1ed976c7c13cd28c472fbdb0cfd672ea,5,sample_step,0.0007550363573014529,0.000616992,-1.1503696441787739e-05,0.817168595966912,-0.0001380443573014529,0.817168595966912
weights_on_pim_prefill-128xdecode_67_ops_trace.csv,decode,5,47,7,PIM1,pim,7,"Q:1,K:1,V:1,O:1,FFN_W3:0,FFN_W1:1,FFN_W2:1",6.291969644178774e-05,5.1416e-05,pim|decode|5|34ccac5ef828e4730b89693f4ee70e0e,5,sample_step,0.0007550363573014529,0.000616992,-1.1503696441787745e-05,0.8171685959669119,-0.0001380443573014529,0.817168595966912
weights_on_pim_prefill-128xdecode_67_ops_trace.csv,decode,5,47,8,GPU0,npu,12,"LN:-1,QK:0,QK:1,Softmax:0,Softmax:1,SV:0,SV:1,Add:-1,LN:-1,SwiGLU:0,SwiGLU:1,Add:-1",0.00010850063824552338,0.0002659327983856201,npu|decode|5|48322b0ab0207f84448cb08e6eac5594,5,sample_step,0.0013020076589462806,0.0031911935806274412,0.00015743216014009676,2.450979115752734,0.0018891859216811607,2.4509791157527334
weights_on_pim_prefill-128xdecode_67_ops_trace.csv,decode,5,47,8,PIM0,pim,7,"Q:0,K:0,V:0,O:0,FFN_W1:0,FFN_W3:1,FFN_W2:0",6.291969644178774e-05,5.1416000000000004e-05,pim|decode|5|1ed976c7c13cd28c472fbdb0cfd672ea,5,sample_step,0.0007550363573014529,0.000616992,-1.1503696441787739e-05,0.817168595966912,-0.0001380443573014529,0.817168595966912
weights_on_pim_prefill-128xdecode_67_ops_trace.csv,decode,5,47,8,PIM1,pim,7,"Q:1,K:1,V:1,O:1,FFN_W3:0,FFN_W1:1,FFN_W2:1",6.291969644178774e-05,5.1416e-05,pim|decode|5|34ccac5ef828e4730b89693f4ee70e0e,5,sample_step,0.0007550363573014529,0.000616992,-1.1503696441787745e-05,0.8171685959669119,-0.0001380443573014529,0.817168595966912
weights_on_pim_prefill-128xdecode_67_ops_trace.csv,decode,5,47,9,GPU0,npu,12,"LN:-1,QK:0,QK:1,Softmax:0,Softmax:1,SV:0,SV:1,Add:-1,LN:-1,SwiGLU:0,SwiGLU:1,Add:-1",0.00010850063824552338,0.0002659327983856201,npu|decode|5|48322b0ab0207f84448cb08e6eac5594,5,sample_step,0.0013020076589462806,0.0031911935806274412,0.00015743216014009676,2.450979115752734,0.0018891859216811607,2.4509791157527334
weights_on_pim_prefill-128xdecode_67_ops_trace.csv,decode,5,47,9,PIM0,pim,7,"Q:0,K:0,V:0,O:0,FFN_W1:0,FFN_W3:1,FFN_W2:0",6.291969644178774e-05,5.1416000000000004e-05,pim|decode|5|1ed976c7c13cd28c472fbdb0cfd672ea,5,sample_step,0.0007550363573014529,0.000616992,-1.1503696441787739e-05,0.817168595966912,-0.0001380443573014529,0.817168595966912
weights_on_pim_prefill-128xdecode_67_ops_trace.csv,decode,5,47,9,PIM1,pim,7,"Q:1,K:1,V:1,O:1,FFN_W3:0,FFN_W1:1,FFN_W2:1",6.291969644178774e-05,5.1416e-05,pim|decode|5|34ccac5ef828e4730b89693f4ee70e0e,5,sample_step,0.0007550363573014529,0.000616992,-1.1503696441787745e-05,0.8171685959669119,-0.0001380443573014529,0.817168595966912
weights_on_pim_prefill-128xdecode_67_ops_trace.csv,decode,5,47,10,GPU0,npu,12,"LN:-1,QK:0,QK:1,Softmax:0,Softmax:1,SV:0,SV:1,Add:-1,LN:-1,SwiGLU:0,SwiGLU:1,Add:-1",0.00010850063824552338,0.0002659327983856201,npu|decode|5|48322b0ab0207f84448cb08e6eac5594,5,sample_step,0.0013020076589462806,0.0031911935806274412,0.00015743216014009676,2.450979115752734,0.0018891859216811607,2.4509791157527334
weights_on_pim_prefill-128xdecode_67_ops_trace.csv,decode,5,47,10,PIM0,pim,7,"Q:0,K:0,V:0,O:0,FFN_W1:0,FFN_W3:1,FFN_W2:0",6.291969644178774e-05,5.1416000000000004e-05,pim|decode|5|1ed976c7c13cd28c472fbdb0cfd672ea,5,sample_step,0.0007550363573014529,0.000616992,-1.1503696441787739e-05,0.817168595966912,-0.0001380443573014529,0.817168595966912
weights_on_pim_prefill-128xdecode_67_ops_trace.csv,decode,5,47,10,PIM1,pim,7,"Q:1,K:1,V:1,O:1,FFN_W3:0,FFN_W1:1,FFN_W2:1",6.291969644178774e-05,5.1416e-05,pim|decode|5|34ccac5ef828e4730b89693f4ee70e0e,5,sample_step,0.0007550363573014529,0.000616992,-1.1503696441787745e-05,0.8171685959669119,-0.0001380443573014529,0.817168595966912
weights_on_pim_prefill-128xdecode_67_ops_trace.csv,decode,5,47,11,GPU0,npu,12,"LN:-1,QK:0,QK:1,Softmax:0,Softmax:1,SV:0,SV:1,Add:-1,LN:-1,SwiGLU:0,SwiGLU:1,Add:-1",0.00010850063824552338,0.0002659327983856201,npu|decode|5|48322b0ab0207f84448cb08e6eac5594,5,sample_step,0.0013020076589462806,0.0031911935806274412,0.00015743216014009676,2.450979115752734,0.0018891859216811607,2.4509791157527334
weights_on_pim_prefill-128xdecode_67_ops_trace.csv,decode,5,47,11,PIM0,pim,7,"Q:0,K:0,V:0,O:0,FFN_W1:0,FFN_W3:1,FFN_W2:0",6.291969644178774e-05,5.1416000000000004e-05,pim|decode|5|1ed976c7c13cd28c472fbdb0cfd672ea,5,sample_step,0.0007550363573014529,0.000616992,-1.1503696441787739e-05,0.817168595966912,-0.0001380443573014529,0.817168595966912
weights_on_pim_prefill-128xdecode_67_ops_trace.csv,decode,5,47,11,PIM1,pim,7,"Q:1,K:1,V:1,O:1,FFN_W3:0,FFN_W1:1,FFN_W2:1",6.291969644178774e-05,5.1416e-05,pim|decode|5|34ccac5ef828e4730b89693f4ee70e0e,5,sample_step,0.0007550363573014529,0.000616992,-1.1503696441787745e-05,0.8171685959669119,-0.0001380443573014529,0.817168595966912
weights_on_pim_prefill-128xdecode_67_ops_trace.csv,decode,5,47,12,GPU0,npu,12,"LN:-1,QK:0,QK:1,Softmax:0,Softmax:1,SV:0,SV:1,Add:-1,LN:-1,SwiGLU:0,SwiGLU:1,Add:-1",0.00010850063824552338,0.0002659327983856201,npu|decode|5|48322b0ab0207f84448cb08e6eac5594,5,sample_step,0.0013020076589462806,0.0031911935806274412,0.00015743216014009676,2.450979115752734,0.0018891859216811607,2.4509791157527334
weights_on_pim_prefill-128xdecode_67_ops_trace.csv,decode,5,47,12,PIM0,pim,7,"Q:0,K:0,V:0,O:0,FFN_W1:0,FFN_W3:1,FFN_W2:0",6.291969644178774e-05,5.1416000000000004e-05,pim|decode|5|1ed976c7c13cd28c472fbdb0cfd672ea,5,sample_step,0.0007550363573014529,0.000616992,-1.1503696441787739e-05,0.817168595966912,-0.0001380443573014529,0.817168595966912
weights_on_pim_prefill-128xdecode_67_ops_trace.csv,decode,5,47,12,PIM1,pim,7,"Q:1,K:1,V:1,O:1,FFN_W3:0,FFN_W1:1,FFN_W2:1",6.291969644178774e-05,5.1416e-05,pim|decode|5|34ccac5ef828e4730b89693f4ee70e0e,5,sample_step,0.0007550363573014529,0.000616992,-1.1503696441787745e-05,0.8171685959669119,-0.0001380443573014529,0.817168595966912
weights_on_pim_prefill-128xdecode_67_ops_trace.csv,decode,5,47,13,GPU0,npu,12,"LN:-1,QK:0,QK:1,Softmax:0,Softmax:1,SV:0,SV:1,Add:-1,LN:-1,SwiGLU:0,SwiGLU:1,Add:-1",0.00010850063824552338,0.0002659327983856201,npu|decode|5|48322b0ab0207f84448cb08e6eac5594,5,sample_step,0.0013020076589462806,0.0031911935806274412,0.00015743216014009676,2.450979115752734,0.0018891859216811607,2.4509791157527334
weights_on_pim_prefill-128xdecode_67_ops_trace.csv,decode,5,47,13,PIM0,pim,7,"Q:0,K:0,V:0,O:0,FFN_W1:0,FFN_W3:1,FFN_W2:0",6.291969644178774e-05,5.1416000000000004e-05,pim|decode|5|1ed976c7c13cd28c472fbdb0cfd672ea,5,sample_step,0.0007550363573014529,0.000616992,-1.1503696441787739e-05,0.817168595966912,-0.0001380443573014529,0.817168595966912
weights_on_pim_prefill-128xdecode_67_ops_trace.csv,decode,5,47,13,PIM1,pim,7,"Q:1,K:1,V:1,O:1,FFN_W3:0,FFN_W1:1,FFN_W2:1",6.291969644178774e-05,5.1416e-05,pim|decode|5|34ccac5ef828e4730b89693f4ee70e0e,5,sample_step,0.0007550363573014529,0.000616992,-1.1503696441787745e-05,0.8171685959669119,-0.0001380443573014529,0.817168595966912
weights_on_pim_prefill-128xdecode_67_ops_trace.csv,decode,5,47,14,GPU0,npu,12,"LN:-1,QK:0,QK:1,Softmax:0,Softmax:1,SV:0,SV:1,Add:-1,LN:-1,SwiGLU:0,SwiGLU:1,Add:-1",0.00010850063824552338,0.0002659327983856201,npu|decode|5|48322b0ab0207f84448cb08e6eac5594,5,sample_step,0.0013020076589462806,0.0031911935806274412,0.00015743216014009676,2.450979115752734,0.0018891859216811607,2.4509791157527334
weights_on_pim_prefill-128xdecode_67_ops_trace.csv,decode,5,47,14,PIM0,pim,7,"Q:0,K:0,V:0,O:0,FFN_W1:0,FFN_W3:1,FFN_W2:0",6.291969644178774e-05,5.1416000000000004e-05,pim|decode|5|1ed976c7c13cd28c472fbdb0cfd672ea,5,sample_step,0.0007550363573014529,0.000616992,-1.1503696441787739e-05,0.817168595966912,-0.0001380443573014529,0.817168595966912
weights_on_pim_prefill-128xdecode_67_ops_trace.csv,decode,5,47,14,PIM1,pim,7,"Q:1,K:1,V:1,O:1,FFN_W3:0,FFN_W1:1,FFN_W2:1",6.291969644178774e-05,5.1416e-05,pim|decode|5|34ccac5ef828e4730b89693f4ee70e0e,5,sample_step,0.0007550363573014529,0.000616992,-1.1503696441787745e-05,0.8171685959669119,-0.0001380443573014529,0.817168595966912
weights_on_pim_prefill-128xdecode_67_ops_trace.csv,decode,5,47,15,GPU0,npu,12,"LN:-1,QK:0,QK:1,Softmax:0,Softmax:1,SV:0,SV:1,Add:-1,LN:-1,SwiGLU:0,SwiGLU:1,Add:-1",0.00010850063824552338,0.0002659327983856201,npu|decode|5|48322b0ab0207f84448cb08e6eac5594,5,sample_step,0.0013020076589462806,0.0031911935806274412,0.00015743216014009676,2.450979115752734,0.0018891859216811607,2.4509791157527334
weights_on_pim_prefill-128xdecode_67_ops_trace.csv,decode,5,47,15,PIM0,pim,7,"Q:0,K:0,V:0,O:0,FFN_W1:0,FFN_W3:1,FFN_W2:0",6.291969644178774e-05,5.1416000000000004e-05,pim|decode|5|1ed976c7c13cd28c472fbdb0cfd672ea,5,sample_step,0.0007550363573014529,0.000616992,-1.1503696441787739e-05,0.817168595966912,-0.0001380443573014529,0.817168595966912
weights_on_pim_prefill-128xdecode_67_ops_trace.csv,decode,5,47,15,PIM1,pim,7,"Q:1,K:1,V:1,O:1,FFN_W3:0,FFN_W1:1,FFN_W2:1",6.291969644178774e-05,5.1416e-05,pim|decode|5|34ccac5ef828e4730b89693f4ee70e0e,5,sample_step,0.0007550363573014529,0.000616992,-1.1503696441787745e-05,0.8171685959669119,-0.0001380443573014529,0.817168595966912
weights_on_pim_prefill-128xdecode_67_ops_trace.csv,decode,5,47,16,GPU0,npu,12,"LN:-1,QK:0,QK:1,Softmax:0,Softmax:1,SV:0,SV:1,Add:-1,LN:-1,SwiGLU:0,SwiGLU:1,Add:-1",0.00010850063824552338,0.0002659327983856201,npu|decode|5|48322b0ab0207f84448cb08e6eac5594,5,sample_step,0.0013020076589462806,0.0031911935806274412,0.00015743216014009676,2.450979115752734,0.0018891859216811607,2.4509791157527334
weights_on_pim_prefill-128xdecode_67_ops_trace.csv,decode,5,47,16,PIM0,pim,7,"Q:0,K:0,V:0,O:0,FFN_W1:0,FFN_W3:1,FFN_W2:0",6.291969644178774e-05,5.1416000000000004e-05,pim|decode|5|1ed976c7c13cd28c472fbdb0cfd672ea,5,sample_step,0.0007550363573014529,0.000616992,-1.1503696441787739e-05,0.817168595966912,-0.0001380443573014529,0.817168595966912
weights_on_pim_prefill-128xdecode_67_ops_trace.csv,decode,5,47,16,PIM1,pim,7,"Q:1,K:1,V:1,O:1,FFN_W3:0,FFN_W1:1,FFN_W2:1",6.291969644178774e-05,5.1416e-05,pim|decode|5|34ccac5ef828e4730b89693f4ee70e0e,5,sample_step,0.0007550363573014529,0.000616992,-1.1503696441787745e-05,0.8171685959669119,-0.0001380443573014529,0.817168595966912
weights_on_pim_prefill-128xdecode_67_ops_trace.csv,decode,5,47,17,GPU0,npu,12,"LN:-1,QK:0,QK:1,Softmax:0,Softmax:1,SV:0,SV:1,Add:-1,LN:-1,SwiGLU:0,SwiGLU:1,Add:-1",0.00010850063824552338,0.0002659327983856201,npu|decode|5|48322b0ab0207f84448cb08e6eac5594,5,sample_step,0.0013020076589462806,0.0031911935806274412,0.00015743216014009676,2.450979115752734,0.0018891859216811607,2.4509791157527334
weights_on_pim_prefill-128xdecode_67_ops_trace.csv,decode,5,47,17,PIM0,pim,7,"Q:0,K:0,V:0,O:0,FFN_W1:0,FFN_W3:1,FFN_W2:0",6.291969644178774e-05,5.1416000000000004e-05,pim|decode|5|1ed976c7c13cd28c472fbdb0cfd672ea,5,sample_step,0.0007550363573014529,0.000616992,-1.1503696441787739e-05,0.817168595966912,-0.0001380443573014529,0.817168595966912
weights_on_pim_prefill-128xdecode_67_ops_trace.csv,decode,5,47,17,PIM1,pim,7,"Q:1,K:1,V:1,O:1,FFN_W3:0,FFN_W1:1,FFN_W2:1",6.291969644178774e-05,5.1416e-05,pim|decode|5|34ccac5ef828e4730b89693f4ee70e0e,5,sample_step,0.0007550363573014529,0.000616992,-1.1503696441787745e-05,0.8171685959669119,-0.0001380443573014529,0.817168595966912
weights_on_pim_prefill-128xdecode_67_ops_trace.csv,decode,5,47,18,GPU0,npu,12,"LN:-1,QK:0,QK:1,Softmax:0,Softmax:1,SV:0,SV:1,Add:-1,LN:-1,SwiGLU:0,SwiGLU:1,Add:-1",0.00010850063824552338,0.0002659327983856201,npu|decode|5|48322b0ab0207f84448cb08e6eac5594,5,sample_step,0.0013020076589462806,0.0031911935806274412,0.00015743216014009676,2.450979115752734,0.0018891859216811607,2.4509791157527334
weights_on_pim_prefill-128xdecode_67_ops_trace.csv,decode,5,47,18,PIM0,pim,7,"Q:0,K:0,V:0,O:0,FFN_W1:0,FFN_W3:1,FFN_W2:0",6.291969644178774e-05,5.1416000000000004e-05,pim|decode|5|1ed976c7c13cd28c472fbdb0cfd672ea,5,sample_step,0.0007550363573014529,0.000616992,-1.1503696441787739e-05,0.817168595966912,-0.0001380443573014529,0.817168595966912
weights_on_pim_prefill-128xdecode_67_ops_trace.csv,decode,5,47,18,PIM1,pim,7,"Q:1,K:1,V:1,O:1,FFN_W3:0,FFN_W1:1,FFN_W2:1",6.291969644178774e-05,5.1416e-05,pim|decode|5|34ccac5ef828e4730b89693f4ee70e0e,5,sample_step,0.0007550363573014529,0.000616992,-1.1503696441787745e-05,0.8171685959669119,-0.0001380443573014529,0.817168595966912
weights_on_pim_prefill-128xdecode_67_ops_trace.csv,decode,5,47,19,GPU0,npu,12,"LN:-1,QK:0,QK:1,Softmax:0,Softmax:1,SV:0,SV:1,Add:-1,LN:-1,SwiGLU:0,SwiGLU:1,Add:-1",0.00010850063824552338,0.0002659327983856201,npu|decode|5|48322b0ab0207f84448cb08e6eac5594,5,sample_step,0.0013020076589462806,0.0031911935806274412,0.00015743216014009676,2.450979115752734,0.0018891859216811607,2.4509791157527334
weights_on_pim_prefill-128xdecode_67_ops_trace.csv,decode,5,47,19,PIM0,pim,7,"Q:0,K:0,V:0,O:0,FFN_W1:0,FFN_W3:1,FFN_W2:0",6.291969644178774e-05,5.1416000000000004e-05,pim|decode|5|1ed976c7c13cd28c472fbdb0cfd672ea,5,sample_step,0.0007550363573014529,0.000616992,-1.1503696441787739e-05,0.817168595966912,-0.0001380443573014529,0.817168595966912
weights_on_pim_prefill-128xdecode_67_ops_trace.csv,decode,5,47,19,PIM1,pim,7,"Q:1,K:1,V:1,O:1,FFN_W3:0,FFN_W1:1,FFN_W2:1",6.291969644178774e-05,5.1416e-05,pim|decode|5|34ccac5ef828e4730b89693f4ee70e0e,5,sample_step,0.0007550363573014529,0.000616992,-1.1503696441787745e-05,0.8171685959669119,-0.0001380443573014529,0.817168595966912
weights_on_pim_prefill-128xdecode_67_ops_trace.csv,decode,5,47,20,GPU0,npu,12,"LN:-1,QK:0,QK:1,Softmax:0,Softmax:1,SV:0,SV:1,Add:-1,LN:-1,SwiGLU:0,SwiGLU:1,Add:-1",0.00010850063824552338,0.0002659327983856201,npu|decode|5|48322b0ab0207f84448cb08e6eac5594,5,sample_step,0.0013020076589462806,0.0031911935806274412,0.00015743216014009676,2.450979115752734,0.0018891859216811607,2.4509791157527334
weights_on_pim_prefill-128xdecode_67_ops_trace.csv,decode,5,47,20,PIM0,pim,7,"Q:0,K:0,V:0,O:0,FFN_W1:0,FFN_W3:1,FFN_W2:0",6.291969644178774e-05,5.1416000000000004e-05,pim|decode|5|1ed976c7c13cd28c472fbdb0cfd672ea,5,sample_step,0.0007550363573014529,0.000616992,-1.1503696441787739e-05,0.817168595966912,-0.0001380443573014529,0.817168595966912
weights_on_pim_prefill-128xdecode_67_ops_trace.csv,decode,5,47,20,PIM1,pim,7,"Q:1,K:1,V:1,O:1,FFN_W3:0,FFN_W1:1,FFN_W2:1",6.291969644178774e-05,5.1416e-05,pim|decode|5|34ccac5ef828e4730b89693f4ee70e0e,5,sample_step,0.0007550363573014529,0.000616992,-1.1503696441787745e-05,0.8171685959669119,-0.0001380443573014529,0.817168595966912
weights_on_pim_prefill-128xdecode_67_ops_trace.csv,decode,5,47,21,GPU0,npu,12,"LN:-1,QK:0,QK:1,Softmax:0,Softmax:1,SV:0,SV:1,Add:-1,LN:-1,SwiGLU:0,SwiGLU:1,Add:-1",0.00010850063824552338,0.0002659327983856201,npu|decode|5|48322b0ab0207f84448cb08e6eac5594,5,sample_step,0.0013020076589462806,0.0031911935806274412,0.00015743216014009676,2.450979115752734,0.0018891859216811607,2.4509791157527334
weights_on_pim_prefill-128xdecode_67_ops_trace.csv,decode,5,47,21,PIM0,pim,7,"Q:0,K:0,V:0,O:0,FFN_W1:0,FFN_W3:1,FFN_W2:0",6.291969644178774e-05,5.1416000000000004e-05,pim|decode|5|1ed976c7c13cd28c472fbdb0cfd672ea,5,sample_step,0.0007550363573014529,0.000616992,-1.1503696441787739e-05,0.817168595966912,-0.0001380443573014529,0.817168595966912
weights_on_pim_prefill-128xdecode_67_ops_trace.csv,decode,5,47,21,PIM1,pim,7,"Q:1,K:1,V:1,O:1,FFN_W3:0,FFN_W1:1,FFN_W2:1",6.291969644178774e-05,5.1416e-05,pim|decode|5|34ccac5ef828e4730b89693f4ee70e0e,5,sample_step,0.0007550363573014529,0.000616992,-1.1503696441787745e-05,0.8171685959669119,-0.0001380443573014529,0.817168595966912
weights_on_pim_prefill-128xdecode_67_ops_trace.csv,decode,5,47,22,GPU0,npu,12,"LN:-1,QK:0,QK:1,Softmax:0,Softmax:1,SV:0,SV:1,Add:-1,LN:-1,SwiGLU:0,SwiGLU:1,Add:-1",0.00010850063824552338,0.0002659327983856201,npu|decode|5|48322b0ab0207f84448cb08e6eac5594,5,sample_step,0.0013020076589462806,0.0031911935806274412,0.00015743216014009676,2.450979115752734,0.0018891859216811607,2.4509791157527334
weights_on_pim_prefill-128xdecode_67_ops_trace.csv,decode,5,47,22,PIM0,pim,7,"Q:0,K:0,V:0,O:0,FFN_W1:0,FFN_W3:1,FFN_W2:0",6.291969644178774e-05,5.1416000000000004e-05,pim|decode|5|1ed976c7c13cd28c472fbdb0cfd672ea,5,sample_step,0.0007550363573014529,0.000616992,-1.1503696441787739e-05,0.817168595966912,-0.0001380443573014529,0.817168595966912
weights_on_pim_prefill-128xdecode_67_ops_trace.csv,decode,5,47,22,PIM1,pim,7,"Q:1,K:1,V:1,O:1,FFN_W3:0,FFN_W1:1,FFN_W2:1",6.291969644178774e-05,5.1416e-05,pim|decode|5|34ccac5ef828e4730b89693f4ee70e0e,5,sample_step,0.0007550363573014529,0.000616992,-1.1503696441787745e-05,0.8171685959669119,-0.0001380443573014529,0.817168595966912
weights_on_pim_prefill-128xdecode_67_ops_trace.csv,decode,5,47,23,GPU0,npu,12,"LN:-1,QK:0,QK:1,Softmax:0,Softmax:1,SV:0,SV:1,Add:-1,LN:-1,SwiGLU:0,SwiGLU:1,Add:-1",0.00010850063824552338,0.0002659327983856201,npu|decode|5|48322b0ab0207f84448cb08e6eac5594,5,sample_step,0.0013020076589462806,0.0031911935806274412,0.00015743216014009676,2.450979115752734,0.0018891859216811607,2.4509791157527334
weights_on_pim_prefill-128xdecode_67_ops_trace.csv,decode,5,47,23,PIM0,pim,7,"Q:0,K:0,V:0,O:0,FFN_W1:0,FFN_W3:1,FFN_W2:0",6.291969644178774e-05,5.1416000000000004e-05,pim|decode|5|1ed976c7c13cd28c472fbdb0cfd672ea,5,sample_step,0.0007550363573014529,0.000616992,-1.1503696441787739e-05,0.817168595966912,-0.0001380443573014529,0.817168595966912
weights_on_pim_prefill-128xdecode_67_ops_trace.csv,decode,5,47,23,PIM1,pim,7,"Q:1,K:1,V:1,O:1,FFN_W3:0,FFN_W1:1,FFN_W2:1",6.291969644178774e-05,5.1416e-05,pim|decode|5|34ccac5ef828e4730b89693f4ee70e0e,5,sample_step,0.0007550363573014529,0.000616992,-1.1503696441787745e-05,0.8171685959669119,-0.0001380443573014529,0.817168595966912
weights_on_pim_prefill-128xdecode_67_ops_trace.csv,decode,5,47,24,GPU0,npu,12,"LN:-1,QK:0,QK:1,Softmax:0,Softmax:1,SV:0,SV:1,Add:-1,LN:-1,SwiGLU:0,SwiGLU:1,Add:-1",0.00010850063824552338,0.0002659327983856201,npu|decode|5|48322b0ab0207f84448cb08e6eac5594,5,sample_step,0.0013020076589462806,0.0031911935806274412,0.00015743216014009676,2.450979115752734,0.0018891859216811607,2.4509791157527334
weights_on_pim_prefill-128xdecode_67_ops_trace.csv,decode,5,47,24,PIM0,pim,7,"Q:0,K:0,V:0,O:0,FFN_W1:0,FFN_W3:1,FFN_W2:0",6.291969644178774e-05,5.1416000000000004e-05,pim|decode|5|1ed976c7c13cd28c472fbdb0cfd672ea,5,sample_step,0.0007550363573014529,0.000616992,-1.1503696441787739e-05,0.817168595966912,-0.0001380443573014529,0.817168595966912
weights_on_pim_prefill-128xdecode_67_ops_trace.csv,decode,5,47,24,PIM1,pim,7,"Q:1,K:1,V:1,O:1,FFN_W3:0,FFN_W1:1,FFN_W2:1",6.291969644178774e-05,5.1416e-05,pim|decode|5|34ccac5ef828e4730b89693f4ee70e0e,5,sample_step,0.0007550363573014529,0.000616992,-1.1503696441787745e-05,0.8171685959669119,-0.0001380443573014529,0.817168595966912
weights_on_pim_prefill-128xdecode_67_ops_trace.csv,decode,5,47,25,GPU0,npu,12,"LN:-1,QK:0,QK:1,Softmax:0,Softmax:1,SV:0,SV:1,Add:-1,LN:-1,SwiGLU:0,SwiGLU:1,Add:-1",0.00010850063824552338,0.0002659327983856201,npu|decode|5|48322b0ab0207f84448cb08e6eac5594,5,sample_step,0.0013020076589462806,0.0031911935806274412,0.00015743216014009676,2.450979115752734,0.0018891859216811607,2.4509791157527334
weights_on_pim_prefill-128xdecode_67_ops_trace.csv,decode,5,47,25,PIM0,pim,7,"Q:0,K:0,V:0,O:0,FFN_W1:0,FFN_W3:1,FFN_W2:0",6.291969644178774e-05,5.1416000000000004e-05,pim|decode|5|1ed976c7c13cd28c472fbdb0cfd672ea,5,sample_step,0.0007550363573014529,0.000616992,-1.1503696441787739e-05,0.817168595966912,-0.0001380443573014529,0.817168595966912
weights_on_pim_prefill-128xdecode_67_ops_trace.csv,decode,5,47,25,PIM1,pim,7,"Q:1,K:1,V:1,O:1,FFN_W3:0,FFN_W1:1,FFN_W2:1",6.291969644178774e-05,5.1416e-05,pim|decode|5|34ccac5ef828e4730b89693f4ee70e0e,5,sample_step,0.0007550363573014529,0.000616992,-1.1503696441787745e-05,0.8171685959669119,-0.0001380443573014529,0.817168595966912
weights_on_pim_prefill-128xdecode_67_ops_trace.csv,decode,5,47,26,GPU0,npu,12,"LN:-1,QK:0,QK:1,Softmax:0,Softmax:1,SV:0,SV:1,Add:-1,LN:-1,SwiGLU:0,SwiGLU:1,Add:-1",0.00010850063824552338,0.0002659327983856201,npu|decode|5|48322b0ab0207f84448cb08e6eac5594,5,sample_step,0.0013020076589462806,0.0031911935806274412,0.00015743216014009676,2.450979115752734,0.0018891859216811607,2.4509791157527334
weights_on_pim_prefill-128xdecode_67_ops_trace.csv,decode,5,47,26,PIM0,pim,7,"Q:0,K:0,V:0,O:0,FFN_W1:0,FFN_W3:1,FFN_W2:0",6.291969644178774e-05,5.1416000000000004e-05,pim|decode|5|1ed976c7c13cd28c472fbdb0cfd672ea,5,sample_step,0.0007550363573014529,0.000616992,-1.1503696441787739e-05,0.817168595966912,-0.0001380443573014529,0.817168595966912
weights_on_pim_prefill-128xdecode_67_ops_trace.csv,decode,5,47,26,PIM1,pim,7,"Q:1,K:1,V:1,O:1,FFN_W3:0,FFN_W1:1,FFN_W2:1",6.291969644178774e-05,5.1416e-05,pim|decode|5|34ccac5ef828e4730b89693f4ee70e0e,5,sample_step,0.0007550363573014529,0.000616992,-1.1503696441787745e-05,0.8171685959669119,-0.0001380443573014529,0.817168595966912
weights_on_pim_prefill-128xdecode_67_ops_trace.csv,decode,5,47,27,GPU0,npu,12,"LN:-1,QK:0,QK:1,Softmax:0,Softmax:1,SV:0,SV:1,Add:-1,LN:-1,SwiGLU:0,SwiGLU:1,Add:-1",0.00010850063824552338,0.0002659327983856201,npu|decode|5|48322b0ab0207f84448cb08e6eac5594,5,sample_step,0.0013020076589462806,0.0031911935806274412,0.00015743216014009676,2.450979115752734,0.0018891859216811607,2.4509791157527334
weights_on_pim_prefill-128xdecode_67_ops_trace.csv,decode,5,47,27,PIM0,pim,7,"Q:0,K:0,V:0,O:0,FFN_W1:0,FFN_W3:1,FFN_W2:0",6.291969644178774e-05,5.1416000000000004e-05,pim|decode|5|1ed976c7c13cd28c472fbdb0cfd672ea,5,sample_step,0.0007550363573014529,0.000616992,-1.1503696441787739e-05,0.817168595966912,-0.0001380443573014529,0.817168595966912
weights_on_pim_prefill-128xdecode_67_ops_trace.csv,decode,5,47,27,PIM1,pim,7,"Q:1,K:1,V:1,O:1,FFN_W3:0,FFN_W1:1,FFN_W2:1",6.291969644178774e-05,5.1416e-05,pim|decode|5|34ccac5ef828e4730b89693f4ee70e0e,5,sample_step,0.0007550363573014529,0.000616992,-1.1503696441787745e-05,0.8171685959669119,-0.0001380443573014529,0.817168595966912
weights_on_pim_prefill-128xdecode_67_ops_trace.csv,decode,5,47,28,GPU0,npu,12,"LN:-1,QK:0,QK:1,Softmax:0,Softmax:1,SV:0,SV:1,Add:-1,LN:-1,SwiGLU:0,SwiGLU:1,Add:-1",0.00010850063824552338,0.0002659327983856201,npu|decode|5|48322b0ab0207f84448cb08e6eac5594,5,sample_step,0.0013020076589462806,0.0031911935806274412,0.00015743216014009676,2.450979115752734,0.0018891859216811607,2.4509791157527334
weights_on_pim_prefill-128xdecode_67_ops_trace.csv,decode,5,47,28,PIM0,pim,7,"Q:0,K:0,V:0,O:0,FFN_W1:0,FFN_W3:1,FFN_W2:0",6.291969644178774e-05,5.1416000000000004e-05,pim|decode|5|1ed976c7c13cd28c472fbdb0cfd672ea,5,sample_step,0.0007550363573014529,0.000616992,-1.1503696441787739e-05,0.817168595966912,-0.0001380443573014529,0.817168595966912
weights_on_pim_prefill-128xdecode_67_ops_trace.csv,decode,5,47,28,PIM1,pim,7,"Q:1,K:1,V:1,O:1,FFN_W3:0,FFN_W1:1,FFN_W2:1",6.291969644178774e-05,5.1416e-05,pim|decode|5|34ccac5ef828e4730b89693f4ee70e0e,5,sample_step,0.0007550363573014529,0.000616992,-1.1503696441787745e-05,0.8171685959669119,-0.0001380443573014529,0.817168595966912
weights_on_pim_prefill-128xdecode_67_ops_trace.csv,decode,5,47,29,GPU0,npu,12,"LN:-1,QK:0,QK:1,Softmax:0,Softmax:1,SV:0,SV:1,Add:-1,LN:-1,SwiGLU:0,SwiGLU:1,Add:-1",0.00010850063824552338,0.0002659327983856201,npu|decode|5|48322b0ab0207f84448cb08e6eac5594,5,sample_step,0.0013020076589462806,0.0031911935806274412,0.00015743216014009676,2.450979115752734,0.0018891859216811607,2.4509791157527334
weights_on_pim_prefill-128xdecode_67_ops_trace.csv,decode,5,47,29,PIM0,pim,7,"Q:0,K:0,V:0,O:0,FFN_W1:0,FFN_W3:1,FFN_W2:0",6.291969644178774e-05,5.1416000000000004e-05,pim|decode|5|1ed976c7c13cd28c472fbdb0cfd672ea,5,sample_step,0.0007550363573014529,0.000616992,-1.1503696441787739e-05,0.817168595966912,-0.0001380443573014529,0.817168595966912
weights_on_pim_prefill-128xdecode_67_ops_trace.csv,decode,5,47,29,PIM1,pim,7,"Q:1,K:1,V:1,O:1,FFN_W3:0,FFN_W1:1,FFN_W2:1",6.291969644178774e-05,5.1416e-05,pim|decode|5|34ccac5ef828e4730b89693f4ee70e0e,5,sample_step,0.0007550363573014529,0.000616992,-1.1503696441787745e-05,0.8171685959669119,-0.0001380443573014529,0.817168595966912
weights_on_pim_prefill-128xdecode_67_ops_trace.csv,decode,5,47,30,GPU0,npu,12,"LN:-1,QK:0,QK:1,Softmax:0,Softmax:1,SV:0,SV:1,Add:-1,LN:-1,SwiGLU:0,SwiGLU:1,Add:-1",0.00010850063824552338,0.0002659327983856201,npu|decode|5|48322b0ab0207f84448cb08e6eac5594,5,sample_step,0.0013020076589462806,0.0031911935806274412,0.00015743216014009676,2.450979115752734,0.0018891859216811607,2.4509791157527334
weights_on_pim_prefill-128xdecode_67_ops_trace.csv,decode,5,47,30,PIM0,pim,7,"Q:0,K:0,V:0,O:0,FFN_W1:0,FFN_W3:1,FFN_W2:0",6.291969644178774e-05,5.1416000000000004e-05,pim|decode|5|1ed976c7c13cd28c472fbdb0cfd672ea,5,sample_step,0.0007550363573014529,0.000616992,-1.1503696441787739e-05,0.817168595966912,-0.0001380443573014529,0.817168595966912
weights_on_pim_prefill-128xdecode_67_ops_trace.csv,decode,5,47,30,PIM1,pim,7,"Q:1,K:1,V:1,O:1,FFN_W3:0,FFN_W1:1,FFN_W2:1",6.291969644178774e-05,5.1416e-05,pim|decode|5|34ccac5ef828e4730b89693f4ee70e0e,5,sample_step,0.0007550363573014529,0.000616992,-1.1503696441787745e-05,0.8171685959669119,-0.0001380443573014529,0.817168595966912
weights_on_pim_prefill-128xdecode_67_ops_trace.csv,decode,5,47,31,GPU0,npu,12,"LN:-1,QK:0,QK:1,Softmax:0,Softmax:1,SV:0,SV:1,Add:-1,LN:-1,SwiGLU:0,SwiGLU:1,Add:-1",0.00010850063824552338,0.0002659327983856201,npu|decode|5|48322b0ab0207f84448cb08e6eac5594,5,sample_step,0.0013020076589462806,0.0031911935806274412,0.00015743216014009676,2.450979115752734,0.0018891859216811607,2.4509791157527334
weights_on_pim_prefill-128xdecode_67_ops_trace.csv,decode,5,47,31,PIM0,pim,7,"Q:0,K:0,V:0,O:0,FFN_W1:0,FFN_W3:1,FFN_W2:0",6.291969644178774e-05,5.1416000000000004e-05,pim|decode|5|1ed976c7c13cd28c472fbdb0cfd672ea,5,sample_step,0.0007550363573014529,0.000616992,-1.1503696441787739e-05,0.817168595966912,-0.0001380443573014529,0.817168595966912
weights_on_pim_prefill-128xdecode_67_ops_trace.csv,decode,5,47,31,PIM1,pim,7,"Q:1,K:1,V:1,O:1,FFN_W3:0,FFN_W1:1,FFN_W2:1",6.291969644178774e-05,5.1416e-05,pim|decode|5|34ccac5ef828e4730b89693f4ee70e0e,5,sample_step,0.0007550363573014529,0.000616992,-1.1503696441787745e-05,0.8171685959669119,-0.0001380443573014529,0.817168595966912
weights_on_pim_prefill-128xdecode_67_ops_trace.csv,decode,6,59,0,GPU0,npu,12,"LN:-1,QK:0,QK:1,Softmax:0,Softmax:1,SV:0,SV:1,Add:-1,LN:-1,SwiGLU:0,SwiGLU:1,Add:-1",0.00010850291212216591,0.00025774080753326417,npu|decode|6|48322b0ab0207f84448cb08e6eac5594,6,sample_step,0.0007595203848551614,0.0018041856527328491,0.00014923789541109828,2.3754275575854398,0.0010446652678776877,2.3754275575854398
weights_on_pim_prefill-128xdecode_67_ops_trace.csv,decode,6,59,0,PIM0,pim,7,"Q:0,K:0,V:0,O:0,FFN_W1:0,FFN_W3:1,FFN_W2:0",6.291969644178774e-05,5.1416000000000004e-05,pim|decode|6|1ed976c7c13cd28c472fbdb0cfd672ea,6,sample_step,0.0004404378750925142,0.00035991200000000005,-1.1503696441787739e-05,0.817168595966912,-8.052587509251415e-05,0.8171685959669122
weights_on_pim_prefill-128xdecode_67_ops_trace.csv,decode,6,59,0,PIM1,pim,7,"Q:1,K:1,V:1,O:1,FFN_W3:0,FFN_W1:1,FFN_W2:1",6.291969644178774e-05,5.1416e-05,pim|decode|6|34ccac5ef828e4730b89693f4ee70e0e,6,sample_step,0.0004404378750925142,0.000359912,-1.1503696441787745e-05,0.8171685959669119,-8.05258750925142e-05,0.817168595966912
weights_on_pim_prefill-128xdecode_67_ops_trace.csv,decode,6,59,1,GPU0,npu,12,"LN:-1,QK:0,QK:1,Softmax:0,Softmax:1,SV:0,SV:1,Add:-1,LN:-1,SwiGLU:0,SwiGLU:1,Add:-1",0.00010850291212216591,0.00025774080753326417,npu|decode|6|48322b0ab0207f84448cb08e6eac5594,6,sample_step,0.0007595203848551614,0.0018041856527328491,0.00014923789541109828,2.3754275575854398,0.0010446652678776877,2.3754275575854398
weights_on_pim_prefill-128xdecode_67_ops_trace.csv,decode,6,59,1,PIM0,pim,7,"Q:0,K:0,V:0,O:0,FFN_W1:0,FFN_W3:1,FFN_W2:0",6.291969644178774e-05,5.1416000000000004e-05,pim|decode|6|1ed976c7c13cd28c472fbdb0cfd672ea,6,sample_step,0.0004404378750925142,0.00035991200000000005,-1.1503696441787739e-05,0.817168595966912,-8.052587509251415e-05,0.8171685959669122
weights_on_pim_prefill-128xdecode_67_ops_trace.csv,decode,6,59,1,PIM1,pim,7,"Q:1,K:1,V:1,O:1,FFN_W3:0,FFN_W1:1,FFN_W2:1",6.291969644178774e-05,5.1416e-05,pim|decode|6|34ccac5ef828e4730b89693f4ee70e0e,6,sample_step,0.0004404378750925142,0.000359912,-1.1503696441787745e-05,0.8171685959669119,-8.05258750925142e-05,0.817168595966912
weights_on_pim_prefill-128xdecode_67_ops_trace.csv,decode,6,59,2,GPU0,npu,12,"LN:-1,QK:0,QK:1,Softmax:0,Softmax:1,SV:0,SV:1,Add:-1,LN:-1,SwiGLU:0,SwiGLU:1,Add:-1",0.00010850291212216591,0.00025774080753326417,npu|decode|6|48322b0ab0207f84448cb08e6eac5594,6,sample_step,0.0007595203848551614,0.0018041856527328491,0.00014923789541109828,2.3754275575854398,0.0010446652678776877,2.3754275575854398
weights_on_pim_prefill-128xdecode_67_ops_trace.csv,decode,6,59,2,PIM0,pim,7,"Q:0,K:0,V:0,O:0,FFN_W1:0,FFN_W3:1,FFN_W2:0",6.291969644178774e-05,5.1416000000000004e-05,pim|decode|6|1ed976c7c13cd28c472fbdb0cfd672ea,6,sample_step,0.0004404378750925142,0.00035991200000000005,-1.1503696441787739e-05,0.817168595966912,-8.052587509251415e-05,0.8171685959669122
weights_on_pim_prefill-128xdecode_67_ops_trace.csv,decode,6,59,2,PIM1,pim,7,"Q:1,K:1,V:1,O:1,FFN_W3:0,FFN_W1:1,FFN_W2:1",6.291969644178774e-05,5.1416e-05,pim|decode|6|34ccac5ef828e4730b89693f4ee70e0e,6,sample_step,0.0004404378750925142,0.000359912,-1.1503696441787745e-05,0.8171685959669119,-8.05258750925142e-05,0.817168595966912
weights_on_pim_prefill-128xdecode_67_ops_trace.csv,decode,6,59,3,GPU0,npu,12,"LN:-1,QK:0,QK:1,Softmax:0,Softmax:1,SV:0,SV:1,Add:-1,LN:-1,SwiGLU:0,SwiGLU:1,Add:-1",0.00010850291212216591,0.00025774080753326417,npu|decode|6|48322b0ab0207f84448cb08e6eac5594,6,sample_step,0.0007595203848551614,0.0018041856527328491,0.00014923789541109828,2.3754275575854398,0.0010446652678776877,2.3754275575854398
weights_on_pim_prefill-128xdecode_67_ops_trace.csv,decode,6,59,3,PIM0,pim,7,"Q:0,K:0,V:0,O:0,FFN_W1:0,FFN_W3:1,FFN_W2:0",6.291969644178774e-05,5.1416000000000004e-05,pim|decode|6|1ed976c7c13cd28c472fbdb0cfd672ea,6,sample_step,0.0004404378750925142,0.00035991200000000005,-1.1503696441787739e-05,0.817168595966912,-8.052587509251415e-05,0.8171685959669122
weights_on_pim_prefill-128xdecode_67_ops_trace.csv,decode,6,59,3,PIM1,pim,7,"Q:1,K:1,V:1,O:1,FFN_W3:0,FFN_W1:1,FFN_W2:1",6.291969644178774e-05,5.1416e-05,pim|decode|6|34ccac5ef828e4730b89693f4ee70e0e,6,sample_step,0.0004404378750925142,0.000359912,-1.1503696441787745e-05,0.8171685959669119,-8.05258750925142e-05,0.817168595966912
weights_on_pim_prefill-128xdecode_67_ops_trace.csv,decode,6,59,4,GPU0,npu,12,"LN:-1,QK:0,QK:1,Softmax:0,Softmax:1,SV:0,SV:1,Add:-1,LN:-1,SwiGLU:0,SwiGLU:1,Add:-1",0.00010850291212216591,0.00025774080753326417,npu|decode|6|48322b0ab0207f84448cb08e6eac5594,6,sample_step,0.0007595203848551614,0.0018041856527328491,0.00014923789541109828,2.3754275575854398,0.0010446652678776877,2.3754275575854398
weights_on_pim_prefill-128xdecode_67_ops_trace.csv,decode,6,59,4,PIM0,pim,7,"Q:0,K:0,V:0,O:0,FFN_W1:0,FFN_W3:1,FFN_W2:0",6.291969644178774e-05,5.1416000000000004e-05,pim|decode|6|1ed976c7c13cd28c472fbdb0cfd672ea,6,sample_step,0.0004404378750925142,0.00035991200000000005,-1.1503696441787739e-05,0.817168595966912,-8.052587509251415e-05,0.8171685959669122
weights_on_pim_prefill-128xdecode_67_ops_trace.csv,decode,6,59,4,PIM1,pim,7,"Q:1,K:1,V:1,O:1,FFN_W3:0,FFN_W1:1,FFN_W2:1",6.291969644178774e-05,5.1416e-05,pim|decode|6|34ccac5ef828e4730b89693f4ee70e0e,6,sample_step,0.0004404378750925142,0.000359912,-1.1503696441787745e-05,0.8171685959669119,-8.05258750925142e-05,0.817168595966912
weights_on_pim_prefill-128xdecode_67_ops_trace.csv,decode,6,59,5,GPU0,npu,12,"LN:-1,QK:0,QK:1,Softmax:0,Softmax:1,SV:0,SV:1,Add:-1,LN:-1,SwiGLU:0,SwiGLU:1,Add:-1",0.00010850291212216591,0.00025774080753326417,npu|decode|6|48322b0ab0207f84448cb08e6eac5594,6,sample_step,0.0007595203848551614,0.0018041856527328491,0.00014923789541109828,2.3754275575854398,0.0010446652678776877,2.3754275575854398
weights_on_pim_prefill-128xdecode_67_ops_trace.csv,decode,6,59,5,PIM0,pim,7,"Q:0,K:0,V:0,O:0,FFN_W1:0,FFN_W3:1,FFN_W2:0",6.291969644178774e-05,5.1416000000000004e-05,pim|decode|6|1ed976c7c13cd28c472fbdb0cfd672ea,6,sample_step,0.0004404378750925142,0.00035991200000000005,-1.1503696441787739e-05,0.817168595966912,-8.052587509251415e-05,0.8171685959669122
weights_on_pim_prefill-128xdecode_67_ops_trace.csv,decode,6,59,5,PIM1,pim,7,"Q:1,K:1,V:1,O:1,FFN_W3:0,FFN_W1:1,FFN_W2:1",6.291969644178774e-05,5.1416e-05,pim|decode|6|34ccac5ef828e4730b89693f4ee70e0e,6,sample_step,0.0004404378750925142,0.000359912,-1.1503696441787745e-05,0.8171685959669119,-8.05258750925142e-05,0.817168595966912
weights_on_pim_prefill-128xdecode_67_ops_trace.csv,decode,6,59,6,GPU0,npu,12,"LN:-1,QK:0,QK:1,Softmax:0,Softmax:1,SV:0,SV:1,Add:-1,LN:-1,SwiGLU:0,SwiGLU:1,Add:-1",0.00010850291212216591,0.00025774080753326417,npu|decode|6|48322b0ab0207f84448cb08e6eac5594,6,sample_step,0.0007595203848551614,0.0018041856527328491,0.00014923789541109828,2.3754275575854398,0.0010446652678776877,2.3754275575854398
weights_on_pim_prefill-128xdecode_67_ops_trace.csv,decode,6,59,6,PIM0,pim,7,"Q:0,K:0,V:0,O:0,FFN_W1:0,FFN_W3:1,FFN_W2:0",6.291969644178774e-05,5.1416000000000004e-05,pim|decode|6|1ed976c7c13cd28c472fbdb0cfd672ea,6,sample_step,0.0004404378750925142,0.00035991200000000005,-1.1503696441787739e-05,0.817168595966912,-8.052587509251415e-05,0.8171685959669122
weights_on_pim_prefill-128xdecode_67_ops_trace.csv,decode,6,59,6,PIM1,pim,7,"Q:1,K:1,V:1,O:1,FFN_W3:0,FFN_W1:1,FFN_W2:1",6.291969644178774e-05,5.1416e-05,pim|decode|6|34ccac5ef828e4730b89693f4ee70e0e,6,sample_step,0.0004404378750925142,0.000359912,-1.1503696441787745e-05,0.8171685959669119,-8.05258750925142e-05,0.817168595966912
weights_on_pim_prefill-128xdecode_67_ops_trace.csv,decode,6,59,7,GPU0,npu,12,"LN:-1,QK:0,QK:1,Softmax:0,Softmax:1,SV:0,SV:1,Add:-1,LN:-1,SwiGLU:0,SwiGLU:1,Add:-1",0.00010850291212216591,0.00025774080753326417,npu|decode|6|48322b0ab0207f84448cb08e6eac5594,6,sample_step,0.0007595203848551614,0.0018041856527328491,0.00014923789541109828,2.3754275575854398,0.0010446652678776877,2.3754275575854398
weights_on_pim_prefill-128xdecode_67_ops_trace.csv,decode,6,59,7,PIM0,pim,7,"Q:0,K:0,V:0,O:0,FFN_W1:0,FFN_W3:1,FFN_W2:0",6.291969644178774e-05,5.1416000000000004e-05,pim|decode|6|1ed976c7c13cd28c472fbdb0cfd672ea,6,sample_step,0.0004404378750925142,0.00035991200000000005,-1.1503696441787739e-05,0.817168595966912,-8.052587509251415e-05,0.8171685959669122
weights_on_pim_prefill-128xdecode_67_ops_trace.csv,decode,6,59,7,PIM1,pim,7,"Q:1,K:1,V:1,O:1,FFN_W3:0,FFN_W1:1,FFN_W2:1",6.291969644178774e-05,5.1416e-05,pim|decode|6|34ccac5ef828e4730b89693f4ee70e0e,6,sample_step,0.0004404378750925142,0.000359912,-1.1503696441787745e-05,0.8171685959669119,-8.05258750925142e-05,0.817168595966912
weights_on_pim_prefill-128xdecode_67_ops_trace.csv,decode,6,59,8,GPU0,npu,12,"LN:-1,QK:0,QK:1,Softmax:0,Softmax:1,SV:0,SV:1,Add:-1,LN:-1,SwiGLU:0,SwiGLU:1,Add:-1",0.00010850291212216591,0.00025774080753326417,npu|decode|6|48322b0ab0207f84448cb08e6eac5594,6,sample_step,0.0007595203848551614,0.0018041856527328491,0.00014923789541109828,2.3754275575854398,0.0010446652678776877,2.3754275575854398
weights_on_pim_prefill-128xdecode_67_ops_trace.csv,decode,6,59,8,PIM0,pim,7,"Q:0,K:0,V:0,O:0,FFN_W1:0,FFN_W3:1,FFN_W2:0",6.291969644178774e-05,5.1416000000000004e-05,pim|decode|6|1ed976c7c13cd28c472fbdb0cfd672ea,6,sample_step,0.0004404378750925142,0.00035991200000000005,-1.1503696441787739e-05,0.817168595966912,-8.052587509251415e-05,0.8171685959669122
weights_on_pim_prefill-128xdecode_67_ops_trace.csv,decode,6,59,8,PIM1,pim,7,"Q:1,K:1,V:1,O:1,FFN_W3:0,FFN_W1:1,FFN_W2:1",6.291969644178774e-05,5.1416e-05,pim|decode|6|34ccac5ef828e4730b89693f4ee70e0e,6,sample_step,0.0004404378750925142,0.000359912,-1.1503696441787745e-05,0.8171685959669119,-8.05258750925142e-05,0.817168595966912
weights_on_pim_prefill-128xdecode_67_ops_trace.csv,decode,6,59,9,GPU0,npu,12,"LN:-1,QK:0,QK:1,Softmax:0,Softmax:1,SV:0,SV:1,Add:-1,LN:-1,SwiGLU:0,SwiGLU:1,Add:-1",0.00010850291212216591,0.00025774080753326417,npu|decode|6|48322b0ab0207f84448cb08e6eac5594,6,sample_step,0.0007595203848551614,0.0018041856527328491,0.00014923789541109828,2.3754275575854398,0.0010446652678776877,2.3754275575854398
weights_on_pim_prefill-128xdecode_67_ops_trace.csv,decode,6,59,9,PIM0,pim,7,"Q:0,K:0,V:0,O:0,FFN_W1:0,FFN_W3:1,FFN_W2:0",6.291969644178774e-05,5.1416000000000004e-05,pim|decode|6|1ed976c7c13cd28c472fbdb0cfd672ea,6,sample_step,0.0004404378750925142,0.00035991200000000005,-1.1503696441787739e-05,0.817168595966912,-8.052587509251415e-05,0.8171685959669122
weights_on_pim_prefill-128xdecode_67_ops_trace.csv,decode,6,59,9,PIM1,pim,7,"Q:1,K:1,V:1,O:1,FFN_W3:0,FFN_W1:1,FFN_W2:1",6.291969644178774e-05,5.1416e-05,pim|decode|6|34ccac5ef828e4730b89693f4ee70e0e,6,sample_step,0.0004404378750925142,0.000359912,-1.1503696441787745e-05,0.8171685959669119,-8.05258750925142e-05,0.817168595966912
weights_on_pim_prefill-128xdecode_67_ops_trace.csv,decode,6,59,10,GPU0,npu,12,"LN:-1,QK:0,QK:1,Softmax:0,Softmax:1,SV:0,SV:1,Add:-1,LN:-1,SwiGLU:0,SwiGLU:1,Add:-1",0.00010850291212216591,0.00025774080753326417,npu|decode|6|48322b0ab0207f84448cb08e6eac5594,6,sample_step,0.0007595203848551614,0.0018041856527328491,0.00014923789541109828,2.3754275575854398,0.0010446652678776877,2.3754275575854398
weights_on_pim_prefill-128xdecode_67_ops_trace.csv,decode,6,59,10,PIM0,pim,7,"Q:0,K:0,V:0,O:0,FFN_W1:0,FFN_W3:1,FFN_W2:0",6.291969644178774e-05,5.1416000000000004e-05,pim|decode|6|1ed976c7c13cd28c472fbdb0cfd672ea,6,sample_step,0.0004404378750925142,0.00035991200000000005,-1.1503696441787739e-05,0.817168595966912,-8.052587509251415e-05,0.8171685959669122
weights_on_pim_prefill-128xdecode_67_ops_trace.csv,decode,6,59,10,PIM1,pim,7,"Q:1,K:1,V:1,O:1,FFN_W3:0,FFN_W1:1,FFN_W2:1",6.291969644178774e-05,5.1416e-05,pim|decode|6|34ccac5ef828e4730b89693f4ee70e0e,6,sample_step,0.0004404378750925142,0.000359912,-1.1503696441787745e-05,0.8171685959669119,-8.05258750925142e-05,0.817168595966912
weights_on_pim_prefill-128xdecode_67_ops_trace.csv,decode,6,59,11,GPU0,npu,12,"LN:-1,QK:0,QK:1,Softmax:0,Softmax:1,SV:0,SV:1,Add:-1,LN:-1,SwiGLU:0,SwiGLU:1,Add:-1",0.00010850291212216591,0.00025774080753326417,npu|decode|6|48322b0ab0207f84448cb08e6eac5594,6,sample_step,0.0007595203848551614,0.0018041856527328491,0.00014923789541109828,2.3754275575854398,0.0010446652678776877,2.3754275575854398
weights_on_pim_prefill-128xdecode_67_ops_trace.csv,decode,6,59,11,PIM0,pim,7,"Q:0,K:0,V:0,O:0,FFN_W1:0,FFN_W3:1,FFN_W2:0",6.291969644178774e-05,5.1416000000000004e-05,pim|decode|6|1ed976c7c13cd28c472fbdb0cfd672ea,6,sample_step,0.0004404378750925142,0.00035991200000000005,-1.1503696441787739e-05,0.817168595966912,-8.052587509251415e-05,0.8171685959669122
weights_on_pim_prefill-128xdecode_67_ops_trace.csv,decode,6,59,11,PIM1,pim,7,"Q:1,K:1,V:1,O:1,FFN_W3:0,FFN_W1:1,FFN_W2:1",6.291969644178774e-05,5.1416e-05,pim|decode|6|34ccac5ef828e4730b89693f4ee70e0e,6,sample_step,0.0004404378750925142,0.000359912,-1.1503696441787745e-05,0.8171685959669119,-8.05258750925142e-05,0.817168595966912
weights_on_pim_prefill-128xdecode_67_ops_trace.csv,decode,6,59,12,GPU0,npu,12,"LN:-1,QK:0,QK:1,Softmax:0,Softmax:1,SV:0,SV:1,Add:-1,LN:-1,SwiGLU:0,SwiGLU:1,Add:-1",0.00010850291212216591,0.00025774080753326417,npu|decode|6|48322b0ab0207f84448cb08e6eac5594,6,sample_step,0.0007595203848551614,0.0018041856527328491,0.00014923789541109828,2.3754275575854398,0.0010446652678776877,2.3754275575854398
weights_on_pim_prefill-128xdecode_67_ops_trace.csv,decode,6,59,12,PIM0,pim,7,"Q:0,K:0,V:0,O:0,FFN_W1:0,FFN_W3:1,FFN_W2:0",6.291969644178774e-05,5.1416000000000004e-05,pim|decode|6|1ed976c7c13cd28c472fbdb0cfd672ea,6,sample_step,0.0004404378750925142,0.00035991200000000005,-1.1503696441787739e-05,0.817168595966912,-8.052587509251415e-05,0.8171685959669122
weights_on_pim_prefill-128xdecode_67_ops_trace.csv,decode,6,59,12,PIM1,pim,7,"Q:1,K:1,V:1,O:1,FFN_W3:0,FFN_W1:1,FFN_W2:1",6.291969644178774e-05,5.1416e-05,pim|decode|6|34ccac5ef828e4730b89693f4ee70e0e,6,sample_step,0.0004404378750925142,0.000359912,-1.1503696441787745e-05,0.8171685959669119,-8.05258750925142e-05,0.817168595966912
weights_on_pim_prefill-128xdecode_67_ops_trace.csv,decode,6,59,13,GPU0,npu,12,"LN:-1,QK:0,QK:1,Softmax:0,Softmax:1,SV:0,SV:1,Add:-1,LN:-1,SwiGLU:0,SwiGLU:1,Add:-1",0.00010850291212216591,0.00025774080753326417,npu|decode|6|48322b0ab0207f84448cb08e6eac5594,6,sample_step,0.0007595203848551614,0.0018041856527328491,0.00014923789541109828,2.3754275575854398,0.0010446652678776877,2.3754275575854398
weights_on_pim_prefill-128xdecode_67_ops_trace.csv,decode,6,59,13,PIM0,pim,7,"Q:0,K:0,V:0,O:0,FFN_W1:0,FFN_W3:1,FFN_W2:0",6.291969644178774e-05,5.1416000000000004e-05,pim|decode|6|1ed976c7c13cd28c472fbdb0cfd672ea,6,sample_step,0.0004404378750925142,0.00035991200000000005,-1.1503696441787739e-05,0.817168595966912,-8.052587509251415e-05,0.8171685959669122
weights_on_pim_prefill-128xdecode_67_ops_trace.csv,decode,6,59,13,PIM1,pim,7,"Q:1,K:1,V:1,O:1,FFN_W3:0,FFN_W1:1,FFN_W2:1",6.291969644178774e-05,5.1416e-05,pim|decode|6|34ccac5ef828e4730b89693f4ee70e0e,6,sample_step,0.0004404378750925142,0.000359912,-1.1503696441787745e-05,0.8171685959669119,-8.05258750925142e-05,0.817168595966912
weights_on_pim_prefill-128xdecode_67_ops_trace.csv,decode,6,59,14,GPU0,npu,12,"LN:-1,QK:0,QK:1,Softmax:0,Softmax:1,SV:0,SV:1,Add:-1,LN:-1,SwiGLU:0,SwiGLU:1,Add:-1",0.00010850291212216591,0.00025774080753326417,npu|decode|6|48322b0ab0207f84448cb08e6eac5594,6,sample_step,0.0007595203848551614,0.0018041856527328491,0.00014923789541109828,2.3754275575854398,0.0010446652678776877,2.3754275575854398
weights_on_pim_prefill-128xdecode_67_ops_trace.csv,decode,6,59,14,PIM0,pim,7,"Q:0,K:0,V:0,O:0,FFN_W1:0,FFN_W3:1,FFN_W2:0",6.291969644178774e-05,5.1416000000000004e-05,pim|decode|6|1ed976c7c13cd28c472fbdb0cfd672ea,6,sample_step,0.0004404378750925142,0.00035991200000000005,-1.1503696441787739e-05,0.817168595966912,-8.052587509251415e-05,0.8171685959669122
weights_on_pim_prefill-128xdecode_67_ops_trace.csv,decode,6,59,14,PIM1,pim,7,"Q:1,K:1,V:1,O:1,FFN_W3:0,FFN_W1:1,FFN_W2:1",6.291969644178774e-05,5.1416e-05,pim|decode|6|34ccac5ef828e4730b89693f4ee70e0e,6,sample_step,0.0004404378750925142,0.000359912,-1.1503696441787745e-05,0.8171685959669119,-8.05258750925142e-05,0.817168595966912
weights_on_pim_prefill-128xdecode_67_ops_trace.csv,decode,6,59,15,GPU0,npu,12,"LN:-1,QK:0,QK:1,Softmax:0,Softmax:1,SV:0,SV:1,Add:-1,LN:-1,SwiGLU:0,SwiGLU:1,Add:-1",0.00010850291212216591,0.00025774080753326417,npu|decode|6|48322b0ab0207f84448cb08e6eac5594,6,sample_step,0.0007595203848551614,0.0018041856527328491,0.00014923789541109828,2.3754275575854398,0.0010446652678776877,2.3754275575854398
weights_on_pim_prefill-128xdecode_67_ops_trace.csv,decode,6,59,15,PIM0,pim,7,"Q:0,K:0,V:0,O:0,FFN_W1:0,FFN_W3:1,FFN_W2:0",6.291969644178774e-05,5.1416000000000004e-05,pim|decode|6|1ed976c7c13cd28c472fbdb0cfd672ea,6,sample_step,0.0004404378750925142,0.00035991200000000005,-1.1503696441787739e-05,0.817168595966912,-8.052587509251415e-05,0.8171685959669122
weights_on_pim_prefill-128xdecode_67_ops_trace.csv,decode,6,59,15,PIM1,pim,7,"Q:1,K:1,V:1,O:1,FFN_W3:0,FFN_W1:1,FFN_W2:1",6.291969644178774e-05,5.1416e-05,pim|decode|6|34ccac5ef828e4730b89693f4ee70e0e,6,sample_step,0.0004404378750925142,0.000359912,-1.1503696441787745e-05,0.8171685959669119,-8.05258750925142e-05,0.817168595966912
weights_on_pim_prefill-128xdecode_67_ops_trace.csv,decode,6,59,16,GPU0,npu,12,"LN:-1,QK:0,QK:1,Softmax:0,Softmax:1,SV:0,SV:1,Add:-1,LN:-1,SwiGLU:0,SwiGLU:1,Add:-1",0.00010850291212216591,0.00025774080753326417,npu|decode|6|48322b0ab0207f84448cb08e6eac5594,6,sample_step,0.0007595203848551614,0.0018041856527328491,0.00014923789541109828,2.3754275575854398,0.0010446652678776877,2.3754275575854398
weights_on_pim_prefill-128xdecode_67_ops_trace.csv,decode,6,59,16,PIM0,pim,7,"Q:0,K:0,V:0,O:0,FFN_W1:0,FFN_W3:1,FFN_W2:0",6.291969644178774e-05,5.1416000000000004e-05,pim|decode|6|1ed976c7c13cd28c472fbdb0cfd672ea,6,sample_step,0.0004404378750925142,0.00035991200000000005,-1.1503696441787739e-05,0.817168595966912,-8.052587509251415e-05,0.8171685959669122
weights_on_pim_prefill-128xdecode_67_ops_trace.csv,decode,6,59,16,PIM1,pim,7,"Q:1,K:1,V:1,O:1,FFN_W3:0,FFN_W1:1,FFN_W2:1",6.291969644178774e-05,5.1416e-05,pim|decode|6|34ccac5ef828e4730b89693f4ee70e0e,6,sample_step,0.0004404378750925142,0.000359912,-1.1503696441787745e-05,0.8171685959669119,-8.05258750925142e-05,0.817168595966912
weights_on_pim_prefill-128xdecode_67_ops_trace.csv,decode,6,59,17,GPU0,npu,12,"LN:-1,QK:0,QK:1,Softmax:0,Softmax:1,SV:0,SV:1,Add:-1,LN:-1,SwiGLU:0,SwiGLU:1,Add:-1",0.00010850291212216591,0.00025774080753326417,npu|decode|6|48322b0ab0207f84448cb08e6eac5594,6,sample_step,0.0007595203848551614,0.0018041856527328491,0.00014923789541109828,2.3754275575854398,0.0010446652678776877,2.3754275575854398
weights_on_pim_prefill-128xdecode_67_ops_trace.csv,decode,6,59,17,PIM0,pim,7,"Q:0,K:0,V:0,O:0,FFN_W1:0,FFN_W3:1,FFN_W2:0",6.291969644178774e-05,5.1416000000000004e-05,pim|decode|6|1ed976c7c13cd28c472fbdb0cfd672ea,6,sample_step,0.0004404378750925142,0.00035991200000000005,-1.1503696441787739e-05,0.817168595966912,-8.052587509251415e-05,0.8171685959669122
weights_on_pim_prefill-128xdecode_67_ops_trace.csv,decode,6,59,17,PIM1,pim,7,"Q:1,K:1,V:1,O:1,FFN_W3:0,FFN_W1:1,FFN_W2:1",6.291969644178774e-05,5.1416e-05,pim|decode|6|34ccac5ef828e4730b89693f4ee70e0e,6,sample_step,0.0004404378750925142,0.000359912,-1.1503696441787745e-05,0.8171685959669119,-8.05258750925142e-05,0.817168595966912
weights_on_pim_prefill-128xdecode_67_ops_trace.csv,decode,6,59,18,GPU0,npu,12,"LN:-1,QK:0,QK:1,Softmax:0,Softmax:1,SV:0,SV:1,Add:-1,LN:-1,SwiGLU:0,SwiGLU:1,Add:-1",0.00010850291212216591,0.00025774080753326417,npu|decode|6|48322b0ab0207f84448cb08e6eac5594,6,sample_step,0.0007595203848551614,0.0018041856527328491,0.00014923789541109828,2.3754275575854398,0.0010446652678776877,2.3754275575854398
weights_on_pim_prefill-128xdecode_67_ops_trace.csv,decode,6,59,18,PIM0,pim,7,"Q:0,K:0,V:0,O:0,FFN_W1:0,FFN_W3:1,FFN_W2:0",6.291969644178774e-05,5.1416000000000004e-05,pim|decode|6|1ed976c7c13cd28c472fbdb0cfd672ea,6,sample_step,0.0004404378750925142,0.00035991200000000005,-1.1503696441787739e-05,0.817168595966912,-8.052587509251415e-05,0.8171685959669122
weights_on_pim_prefill-128xdecode_67_ops_trace.csv,decode,6,59,18,PIM1,pim,7,"Q:1,K:1,V:1,O:1,FFN_W3:0,FFN_W1:1,FFN_W2:1",6.291969644178774e-05,5.1416e-05,pim|decode|6|34ccac5ef828e4730b89693f4ee70e0e,6,sample_step,0.0004404378750925142,0.000359912,-1.1503696441787745e-05,0.8171685959669119,-8.05258750925142e-05,0.817168595966912
weights_on_pim_prefill-128xdecode_67_ops_trace.csv,decode,6,59,19,GPU0,npu,12,"LN:-1,QK:0,QK:1,Softmax:0,Softmax:1,SV:0,SV:1,Add:-1,LN:-1,SwiGLU:0,SwiGLU:1,Add:-1",0.00010850291212216591,0.00025774080753326417,npu|decode|6|48322b0ab0207f84448cb08e6eac5594,6,sample_step,0.0007595203848551614,0.0018041856527328491,0.00014923789541109828,2.3754275575854398,0.0010446652678776877,2.3754275575854398
weights_on_pim_prefill-128xdecode_67_ops_trace.csv,decode,6,59,19,PIM0,pim,7,"Q:0,K:0,V:0,O:0,FFN_W1:0,FFN_W3:1,FFN_W2:0",6.291969644178774e-05,5.1416000000000004e-05,pim|decode|6|1ed976c7c13cd28c472fbdb0cfd672ea,6,sample_step,0.0004404378750925142,0.00035991200000000005,-1.1503696441787739e-05,0.817168595966912,-8.052587509251415e-05,0.8171685959669122
weights_on_pim_prefill-128xdecode_67_ops_trace.csv,decode,6,59,19,PIM1,pim,7,"Q:1,K:1,V:1,O:1,FFN_W3:0,FFN_W1:1,FFN_W2:1",6.291969644178774e-05,5.1416e-05,pim|decode|6|34ccac5ef828e4730b89693f4ee70e0e,6,sample_step,0.0004404378750925142,0.000359912,-1.1503696441787745e-05,0.8171685959669119,-8.05258750925142e-05,0.817168595966912
weights_on_pim_prefill-128xdecode_67_ops_trace.csv,decode,6,59,20,GPU0,npu,12,"LN:-1,QK:0,QK:1,Softmax:0,Softmax:1,SV:0,SV:1,Add:-1,LN:-1,SwiGLU:0,SwiGLU:1,Add:-1",0.00010850291212216591,0.00025774080753326417,npu|decode|6|48322b0ab0207f84448cb08e6eac5594,6,sample_step,0.0007595203848551614,0.0018041856527328491,0.00014923789541109828,2.3754275575854398,0.0010446652678776877,2.3754275575854398
weights_on_pim_prefill-128xdecode_67_ops_trace.csv,decode,6,59,20,PIM0,pim,7,"Q:0,K:0,V:0,O:0,FFN_W1:0,FFN_W3:1,FFN_W2:0",6.291969644178774e-05,5.1416000000000004e-05,pim|decode|6|1ed976c7c13cd28c472fbdb0cfd672ea,6,sample_step,0.0004404378750925142,0.00035991200000000005,-1.1503696441787739e-05,0.817168595966912,-8.052587509251415e-05,0.8171685959669122
weights_on_pim_prefill-128xdecode_67_ops_trace.csv,decode,6,59,20,PIM1,pim,7,"Q:1,K:1,V:1,O:1,FFN_W3:0,FFN_W1:1,FFN_W2:1",6.291969644178774e-05,5.1416e-05,pim|decode|6|34ccac5ef828e4730b89693f4ee70e0e,6,sample_step,0.0004404378750925142,0.000359912,-1.1503696441787745e-05,0.8171685959669119,-8.05258750925142e-05,0.817168595966912
weights_on_pim_prefill-128xdecode_67_ops_trace.csv,decode,6,59,21,GPU0,npu,12,"LN:-1,QK:0,QK:1,Softmax:0,Softmax:1,SV:0,SV:1,Add:-1,LN:-1,SwiGLU:0,SwiGLU:1,Add:-1",0.00010850291212216591,0.00025774080753326417,npu|decode|6|48322b0ab0207f84448cb08e6eac5594,6,sample_step,0.0007595203848551614,0.0018041856527328491,0.00014923789541109828,2.3754275575854398,0.0010446652678776877,2.3754275575854398
weights_on_pim_prefill-128xdecode_67_ops_trace.csv,decode,6,59,21,PIM0,pim,7,"Q:0,K:0,V:0,O:0,FFN_W1:0,FFN_W3:1,FFN_W2:0",6.291969644178774e-05,5.1416000000000004e-05,pim|decode|6|1ed976c7c13cd28c472fbdb0cfd672ea,6,sample_step,0.0004404378750925142,0.00035991200000000005,-1.1503696441787739e-05,0.817168595966912,-8.052587509251415e-05,0.8171685959669122
weights_on_pim_prefill-128xdecode_67_ops_trace.csv,decode,6,59,21,PIM1,pim,7,"Q:1,K:1,V:1,O:1,FFN_W3:0,FFN_W1:1,FFN_W2:1",6.291969644178774e-05,5.1416e-05,pim|decode|6|34ccac5ef828e4730b89693f4ee70e0e,6,sample_step,0.0004404378750925142,0.000359912,-1.1503696441787745e-05,0.8171685959669119,-8.05258750925142e-05,0.817168595966912
weights_on_pim_prefill-128xdecode_67_ops_trace.csv,decode,6,59,22,GPU0,npu,12,"LN:-1,QK:0,QK:1,Softmax:0,Softmax:1,SV:0,SV:1,Add:-1,LN:-1,SwiGLU:0,SwiGLU:1,Add:-1",0.00010850291212216591,0.00025774080753326417,npu|decode|6|48322b0ab0207f84448cb08e6eac5594,6,sample_step,0.0007595203848551614,0.0018041856527328491,0.00014923789541109828,2.3754275575854398,0.0010446652678776877,2.3754275575854398
weights_on_pim_prefill-128xdecode_67_ops_trace.csv,decode,6,59,22,PIM0,pim,7,"Q:0,K:0,V:0,O:0,FFN_W1:0,FFN_W3:1,FFN_W2:0",6.291969644178774e-05,5.1416000000000004e-05,pim|decode|6|1ed976c7c13cd28c472fbdb0cfd672ea,6,sample_step,0.0004404378750925142,0.00035991200000000005,-1.1503696441787739e-05,0.817168595966912,-8.052587509251415e-05,0.8171685959669122
weights_on_pim_prefill-128xdecode_67_ops_trace.csv,decode,6,59,22,PIM1,pim,7,"Q:1,K:1,V:1,O:1,FFN_W3:0,FFN_W1:1,FFN_W2:1",6.291969644178774e-05,5.1416e-05,pim|decode|6|34ccac5ef828e4730b89693f4ee70e0e,6,sample_step,0.0004404378750925142,0.000359912,-1.1503696441787745e-05,0.8171685959669119,-8.05258750925142e-05,0.817168595966912
weights_on_pim_prefill-128xdecode_67_ops_trace.csv,decode,6,59,23,GPU0,npu,12,"LN:-1,QK:0,QK:1,Softmax:0,Softmax:1,SV:0,SV:1,Add:-1,LN:-1,SwiGLU:0,SwiGLU:1,Add:-1",0.00010850291212216591,0.00025774080753326417,npu|decode|6|48322b0ab0207f84448cb08e6eac5594,6,sample_step,0.0007595203848551614,0.0018041856527328491,0.00014923789541109828,2.3754275575854398,0.0010446652678776877,2.3754275575854398
weights_on_pim_prefill-128xdecode_67_ops_trace.csv,decode,6,59,23,PIM0,pim,7,"Q:0,K:0,V:0,O:0,FFN_W1:0,FFN_W3:1,FFN_W2:0",6.291969644178774e-05,5.1416000000000004e-05,pim|decode|6|1ed976c7c13cd28c472fbdb0cfd672ea,6,sample_step,0.0004404378750925142,0.00035991200000000005,-1.1503696441787739e-05,0.817168595966912,-8.052587509251415e-05,0.8171685959669122
weights_on_pim_prefill-128xdecode_67_ops_trace.csv,decode,6,59,23,PIM1,pim,7,"Q:1,K:1,V:1,O:1,FFN_W3:0,FFN_W1:1,FFN_W2:1",6.291969644178774e-05,5.1416e-05,pim|decode|6|34ccac5ef828e4730b89693f4ee70e0e,6,sample_step,0.0004404378750925142,0.000359912,-1.1503696441787745e-05,0.8171685959669119,-8.05258750925142e-05,0.817168595966912
weights_on_pim_prefill-128xdecode_67_ops_trace.csv,decode,6,59,24,GPU0,npu,12,"LN:-1,QK:0,QK:1,Softmax:0,Softmax:1,SV:0,SV:1,Add:-1,LN:-1,SwiGLU:0,SwiGLU:1,Add:-1",0.00010850291212216591,0.00025774080753326417,npu|decode|6|48322b0ab0207f84448cb08e6eac5594,6,sample_step,0.0007595203848551614,0.0018041856527328491,0.00014923789541109828,2.3754275575854398,0.0010446652678776877,2.3754275575854398
weights_on_pim_prefill-128xdecode_67_ops_trace.csv,decode,6,59,24,PIM0,pim,7,"Q:0,K:0,V:0,O:0,FFN_W1:0,FFN_W3:1,FFN_W2:0",6.291969644178774e-05,5.1416000000000004e-05,pim|decode|6|1ed976c7c13cd28c472fbdb0cfd672ea,6,sample_step,0.0004404378750925142,0.00035991200000000005,-1.1503696441787739e-05,0.817168595966912,-8.052587509251415e-05,0.8171685959669122
weights_on_pim_prefill-128xdecode_67_ops_trace.csv,decode,6,59,24,PIM1,pim,7,"Q:1,K:1,V:1,O:1,FFN_W3:0,FFN_W1:1,FFN_W2:1",6.291969644178774e-05,5.1416e-05,pim|decode|6|34ccac5ef828e4730b89693f4ee70e0e,6,sample_step,0.0004404378750925142,0.000359912,-1.1503696441787745e-05,0.8171685959669119,-8.05258750925142e-05,0.817168595966912
weights_on_pim_prefill-128xdecode_67_ops_trace.csv,decode,6,59,25,GPU0,npu,12,"LN:-1,QK:0,QK:1,Softmax:0,Softmax:1,SV:0,SV:1,Add:-1,LN:-1,SwiGLU:0,SwiGLU:1,Add:-1",0.00010850291212216591,0.00025774080753326417,npu|decode|6|48322b0ab0207f84448cb08e6eac5594,6,sample_step,0.0007595203848551614,0.0018041856527328491,0.00014923789541109828,2.3754275575854398,0.0010446652678776877,2.3754275575854398
weights_on_pim_prefill-128xdecode_67_ops_trace.csv,decode,6,59,25,PIM0,pim,7,"Q:0,K:0,V:0,O:0,FFN_W1:0,FFN_W3:1,FFN_W2:0",6.291969644178774e-05,5.1416000000000004e-05,pim|decode|6|1ed976c7c13cd28c472fbdb0cfd672ea,6,sample_step,0.0004404378750925142,0.00035991200000000005,-1.1503696441787739e-05,0.817168595966912,-8.052587509251415e-05,0.8171685959669122
weights_on_pim_prefill-128xdecode_67_ops_trace.csv,decode,6,59,25,PIM1,pim,7,"Q:1,K:1,V:1,O:1,FFN_W3:0,FFN_W1:1,FFN_W2:1",6.291969644178774e-05,5.1416e-05,pim|decode|6|34ccac5ef828e4730b89693f4ee70e0e,6,sample_step,0.0004404378750925142,0.000359912,-1.1503696441787745e-05,0.8171685959669119,-8.05258750925142e-05,0.817168595966912
weights_on_pim_prefill-128xdecode_67_ops_trace.csv,decode,6,59,26,GPU0,npu,12,"LN:-1,QK:0,QK:1,Softmax:0,Softmax:1,SV:0,SV:1,Add:-1,LN:-1,SwiGLU:0,SwiGLU:1,Add:-1",0.00010850291212216591,0.00025774080753326417,npu|decode|6|48322b0ab0207f84448cb08e6eac5594,6,sample_step,0.0007595203848551614,0.0018041856527328491,0.00014923789541109828,2.3754275575854398,0.0010446652678776877,2.3754275575854398
weights_on_pim_prefill-128xdecode_67_ops_trace.csv,decode,6,59,26,PIM0,pim,7,"Q:0,K:0,V:0,O:0,FFN_W1:0,FFN_W3:1,FFN_W2:0",6.291969644178774e-05,5.1416000000000004e-05,pim|decode|6|1ed976c7c13cd28c472fbdb0cfd672ea,6,sample_step,0.0004404378750925142,0.00035991200000000005,-1.1503696441787739e-05,0.817168595966912,-8.052587509251415e-05,0.8171685959669122
weights_on_pim_prefill-128xdecode_67_ops_trace.csv,decode,6,59,26,PIM1,pim,7,"Q:1,K:1,V:1,O:1,FFN_W3:0,FFN_W1:1,FFN_W2:1",6.291969644178774e-05,5.1416e-05,pim|decode|6|34ccac5ef828e4730b89693f4ee70e0e,6,sample_step,0.0004404378750925142,0.000359912,-1.1503696441787745e-05,0.8171685959669119,-8.05258750925142e-05,0.817168595966912
weights_on_pim_prefill-128xdecode_67_ops_trace.csv,decode,6,59,27,GPU0,npu,12,"LN:-1,QK:0,QK:1,Softmax:0,Softmax:1,SV:0,SV:1,Add:-1,LN:-1,SwiGLU:0,SwiGLU:1,Add:-1",0.00010850291212216591,0.00025774080753326417,npu|decode|6|48322b0ab0207f84448cb08e6eac5594,6,sample_step,0.0007595203848551614,0.0018041856527328491,0.00014923789541109828,2.3754275575854398,0.0010446652678776877,2.3754275575854398
weights_on_pim_prefill-128xdecode_67_ops_trace.csv,decode,6,59,27,PIM0,pim,7,"Q:0,K:0,V:0,O:0,FFN_W1:0,FFN_W3:1,FFN_W2:0",6.291969644178774e-05,5.1416000000000004e-05,pim|decode|6|1ed976c7c13cd28c472fbdb0cfd672ea,6,sample_step,0.0004404378750925142,0.00035991200000000005,-1.1503696441787739e-05,0.817168595966912,-8.052587509251415e-05,0.8171685959669122
weights_on_pim_prefill-128xdecode_67_ops_trace.csv,decode,6,59,27,PIM1,pim,7,"Q:1,K:1,V:1,O:1,FFN_W3:0,FFN_W1:1,FFN_W2:1",6.291969644178774e-05,5.1416e-05,pim|decode|6|34ccac5ef828e4730b89693f4ee70e0e,6,sample_step,0.0004404378750925142,0.000359912,-1.1503696441787745e-05,0.8171685959669119,-8.05258750925142e-05,0.817168595966912
weights_on_pim_prefill-128xdecode_67_ops_trace.csv,decode,6,59,28,GPU0,npu,12,"LN:-1,QK:0,QK:1,Softmax:0,Softmax:1,SV:0,SV:1,Add:-1,LN:-1,SwiGLU:0,SwiGLU:1,Add:-1",0.00010850291212216591,0.00025774080753326417,npu|decode|6|48322b0ab0207f84448cb08e6eac5594,6,sample_step,0.0007595203848551614,0.0018041856527328491,0.00014923789541109828,2.3754275575854398,0.0010446652678776877,2.3754275575854398
weights_on_pim_prefill-128xdecode_67_ops_trace.csv,decode,6,59,28,PIM0,pim,7,"Q:0,K:0,V:0,O:0,FFN_W1:0,FFN_W3:1,FFN_W2:0",6.291969644178774e-05,5.1416000000000004e-05,pim|decode|6|1ed976c7c13cd28c472fbdb0cfd672ea,6,sample_step,0.0004404378750925142,0.00035991200000000005,-1.1503696441787739e-05,0.817168595966912,-8.052587509251415e-05,0.8171685959669122
weights_on_pim_prefill-128xdecode_67_ops_trace.csv,decode,6,59,28,PIM1,pim,7,"Q:1,K:1,V:1,O:1,FFN_W3:0,FFN_W1:1,FFN_W2:1",6.291969644178774e-05,5.1416e-05,pim|decode|6|34ccac5ef828e4730b89693f4ee70e0e,6,sample_step,0.0004404378750925142,0.000359912,-1.1503696441787745e-05,0.8171685959669119,-8.05258750925142e-05,0.817168595966912
weights_on_pim_prefill-128xdecode_67_ops_trace.csv,decode,6,59,29,GPU0,npu,12,"LN:-1,QK:0,QK:1,Softmax:0,Softmax:1,SV:0,SV:1,Add:-1,LN:-1,SwiGLU:0,SwiGLU:1,Add:-1",0.00010850291212216591,0.00025774080753326417,npu|decode|6|48322b0ab0207f84448cb08e6eac5594,6,sample_step,0.0007595203848551614,0.0018041856527328491,0.00014923789541109828,2.3754275575854398,0.0010446652678776877,2.3754275575854398
weights_on_pim_prefill-128xdecode_67_ops_trace.csv,decode,6,59,29,PIM0,pim,7,"Q:0,K:0,V:0,O:0,FFN_W1:0,FFN_W3:1,FFN_W2:0",6.291969644178774e-05,5.1416000000000004e-05,pim|decode|6|1ed976c7c13cd28c472fbdb0cfd672ea,6,sample_step,0.0004404378750925142,0.00035991200000000005,-1.1503696441787739e-05,0.817168595966912,-8.052587509251415e-05,0.8171685959669122
weights_on_pim_prefill-128xdecode_67_ops_trace.csv,decode,6,59,29,PIM1,pim,7,"Q:1,K:1,V:1,O:1,FFN_W3:0,FFN_W1:1,FFN_W2:1",6.291969644178774e-05,5.1416e-05,pim|decode|6|34ccac5ef828e4730b89693f4ee70e0e,6,sample_step,0.0004404378750925142,0.000359912,-1.1503696441787745e-05,0.8171685959669119,-8.05258750925142e-05,0.817168595966912
weights_on_pim_prefill-128xdecode_67_ops_trace.csv,decode,6,59,30,GPU0,npu,12,"LN:-1,QK:0,QK:1,Softmax:0,Softmax:1,SV:0,SV:1,Add:-1,LN:-1,SwiGLU:0,SwiGLU:1,Add:-1",0.00010850291212216591,0.00025774080753326417,npu|decode|6|48322b0ab0207f84448cb08e6eac5594,6,sample_step,0.0007595203848551614,0.0018041856527328491,0.00014923789541109828,2.3754275575854398,0.0010446652678776877,2.3754275575854398
weights_on_pim_prefill-128xdecode_67_ops_trace.csv,decode,6,59,30,PIM0,pim,7,"Q:0,K:0,V:0,O:0,FFN_W1:0,FFN_W3:1,FFN_W2:0",6.291969644178774e-05,5.1416000000000004e-05,pim|decode|6|1ed976c7c13cd28c472fbdb0cfd672ea,6,sample_step,0.0004404378750925142,0.00035991200000000005,-1.1503696441787739e-05,0.817168595966912,-8.052587509251415e-05,0.8171685959669122
weights_on_pim_prefill-128xdecode_67_ops_trace.csv,decode,6,59,30,PIM1,pim,7,"Q:1,K:1,V:1,O:1,FFN_W3:0,FFN_W1:1,FFN_W2:1",6.291969644178774e-05,5.1416e-05,pim|decode|6|34ccac5ef828e4730b89693f4ee70e0e,6,sample_step,0.0004404378750925142,0.000359912,-1.1503696441787745e-05,0.8171685959669119,-8.05258750925142e-05,0.817168595966912
weights_on_pim_prefill-128xdecode_67_ops_trace.csv,decode,6,59,31,GPU0,npu,12,"LN:-1,QK:0,QK:1,Softmax:0,Softmax:1,SV:0,SV:1,Add:-1,LN:-1,SwiGLU:0,SwiGLU:1,Add:-1",0.00010850291212216591,0.00025774080753326417,npu|decode|6|48322b0ab0207f84448cb08e6eac5594,6,sample_step,0.0007595203848551614,0.0018041856527328491,0.00014923789541109828,2.3754275575854398,0.0010446652678776877,2.3754275575854398
weights_on_pim_prefill-128xdecode_67_ops_trace.csv,decode,6,59,31,PIM0,pim,7,"Q:0,K:0,V:0,O:0,FFN_W1:0,FFN_W3:1,FFN_W2:0",6.291969644178774e-05,5.1416000000000004e-05,pim|decode|6|1ed976c7c13cd28c472fbdb0cfd672ea,6,sample_step,0.0004404378750925142,0.00035991200000000005,-1.1503696441787739e-05,0.817168595966912,-8.052587509251415e-05,0.8171685959669122
weights_on_pim_prefill-128xdecode_67_ops_trace.csv,decode,6,59,31,PIM1,pim,7,"Q:1,K:1,V:1,O:1,FFN_W3:0,FFN_W1:1,FFN_W2:1",6.291969644178774e-05,5.1416e-05,pim|decode|6|34ccac5ef828e4730b89693f4ee70e0e,6,sample_step,0.0004404378750925142,0.000359912,-1.1503696441787745e-05,0.8171685959669119,-8.05258750925142e-05,0.817168595966912
