schedule,phase,sample_step,token_index,layer,device,device_type,n_ops,ops_repr,schedule_sum_s,measured_s,measured_key,measured_step,measured_mode,schedule_sum_scaled_s,measured_scaled_s,delta_s,ratio,delta_scaled_s,ratio_scaled
heft_prefill-1024xdecode_256_ops_trace.csv,prefill,-1,-1,0,GPU0,npu,26,"LN:-1,Q:0,Q:1,K:0,K:1,V:0,V:1,QK:0,QK:1,Softmax:0,Softmax:1,SV:0,SV:1,O:0,O:1,Add:-1,LN:-1,FFN_W1:0,FFN_W3:0,FFN_W1:1,FFN_W3:1,SwiGLU:0,SwiGLU:1,FFN_W2:0,FFN_W2:1,Add:-1",0.0483142496237121,0.004035993576049805,npu|prefill|-1|0dcd1718e40c0ca622f960dfe34b1859,-1,sample_step,0.0483142496237121,0.004035993576049805,-0.04427825604766229,0.08353629845197852,-0.04427825604766229,0.08353629845197852
heft_prefill-1024xdecode_256_ops_trace.csv,prefill,-1,-1,1,GPU0,npu,26,"LN:-1,Q:0,Q:1,K:0,K:1,V:0,V:1,QK:0,QK:1,Softmax:0,Softmax:1,SV:0,SV:1,O:0,O:1,Add:-1,LN:-1,FFN_W1:0,FFN_W3:0,FFN_W1:1,FFN_W3:1,SwiGLU:0,SwiGLU:1,FFN_W2:0,FFN_W2:1,Add:-1",0.0483142496237124,0.004035993576049805,npu|prefill|-1|0dcd1718e40c0ca622f960dfe34b1859,-1,sample_step,0.0483142496237124,0.004035993576049805,-0.04427825604766259,0.083536298451978,-0.04427825604766259,0.083536298451978
heft_prefill-1024xdecode_256_ops_trace.csv,prefill,-1,-1,2,GPU0,npu,26,"LN:-1,Q:0,Q:1,K:0,K:1,V:0,V:1,QK:0,QK:1,Softmax:0,Softmax:1,SV:0,SV:1,O:0,O:1,Add:-1,LN:-1,FFN_W1:0,FFN_W3:0,FFN_W1:1,FFN_W3:1,SwiGLU:0,SwiGLU:1,FFN_W2:0,FFN_W2:1,Add:-1",0.0483142496237124,0.004035993576049805,npu|prefill|-1|0dcd1718e40c0ca622f960dfe34b1859,-1,sample_step,0.0483142496237124,0.004035993576049805,-0.04427825604766259,0.083536298451978,-0.04427825604766259,0.083536298451978
heft_prefill-1024xdecode_256_ops_trace.csv,prefill,-1,-1,3,GPU0,npu,26,"LN:-1,Q:0,Q:1,K:0,K:1,V:0,V:1,QK:0,QK:1,Softmax:0,Softmax:1,SV:0,SV:1,O:0,O:1,Add:-1,LN:-1,FFN_W1:0,FFN_W3:0,FFN_W1:1,FFN_W3:1,SwiGLU:0,SwiGLU:1,FFN_W2:0,FFN_W2:1,Add:-1",0.0483142496237126,0.004035993576049805,npu|prefill|-1|0dcd1718e40c0ca622f960dfe34b1859,-1,sample_step,0.0483142496237126,0.004035993576049805,-0.04427825604766279,0.08353629845197766,-0.04427825604766279,0.08353629845197766
heft_prefill-1024xdecode_256_ops_trace.csv,prefill,-1,-1,4,GPU0,npu,26,"LN:-1,Q:0,Q:1,K:0,K:1,V:0,V:1,QK:0,QK:1,Softmax:0,Softmax:1,SV:0,SV:1,O:0,O:1,Add:-1,LN:-1,FFN_W1:0,FFN_W3:0,FFN_W1:1,FFN_W3:1,SwiGLU:0,SwiGLU:1,FFN_W2:0,FFN_W2:1,Add:-1",0.0483142496237126,0.004035993576049805,npu|prefill|-1|0dcd1718e40c0ca622f960dfe34b1859,-1,sample_step,0.0483142496237126,0.004035993576049805,-0.04427825604766279,0.08353629845197766,-0.04427825604766279,0.08353629845197766
heft_prefill-1024xdecode_256_ops_trace.csv,prefill,-1,-1,5,GPU0,npu,26,"LN:-1,Q:0,Q:1,K:0,K:1,V:0,V:1,QK:0,QK:1,Softmax:0,Softmax:1,SV:0,SV:1,O:0,O:1,Add:-1,LN:-1,FFN_W1:0,FFN_W3:0,FFN_W1:1,FFN_W3:1,SwiGLU:0,SwiGLU:1,FFN_W2:0,FFN_W2:1,Add:-1",0.04831424962371309,0.004035993576049805,npu|prefill|-1|0dcd1718e40c0ca622f960dfe34b1859,-1,sample_step,0.04831424962371309,0.004035993576049805,-0.044278256047663285,0.08353629845197681,-0.044278256047663285,0.08353629845197681
heft_prefill-1024xdecode_256_ops_trace.csv,prefill,-1,-1,6,GPU0,npu,26,"LN:-1,Q:0,Q:1,K:0,K:1,V:0,V:1,QK:0,QK:1,Softmax:0,Softmax:1,SV:0,SV:1,O:0,O:1,Add:-1,LN:-1,FFN_W1:0,FFN_W3:0,FFN_W1:1,FFN_W3:1,SwiGLU:0,SwiGLU:1,FFN_W2:0,FFN_W2:1,Add:-1",0.048314249623712995,0.004035993576049805,npu|prefill|-1|0dcd1718e40c0ca622f960dfe34b1859,-1,sample_step,0.048314249623712995,0.004035993576049805,-0.04427825604766319,0.08353629845197698,-0.04427825604766319,0.08353629845197698
heft_prefill-1024xdecode_256_ops_trace.csv,prefill,-1,-1,7,GPU0,npu,26,"LN:-1,Q:0,Q:1,K:0,K:1,V:0,V:1,QK:0,QK:1,Softmax:0,Softmax:1,SV:0,SV:1,O:0,O:1,Add:-1,LN:-1,FFN_W1:0,FFN_W3:0,FFN_W1:1,FFN_W3:1,SwiGLU:0,SwiGLU:1,FFN_W2:0,FFN_W2:1,Add:-1",0.048314249623712995,0.004035993576049805,npu|prefill|-1|0dcd1718e40c0ca622f960dfe34b1859,-1,sample_step,0.048314249623712995,0.004035993576049805,-0.04427825604766319,0.08353629845197698,-0.04427825604766319,0.08353629845197698
heft_prefill-1024xdecode_256_ops_trace.csv,prefill,-1,-1,8,GPU0,npu,26,"LN:-1,Q:0,Q:1,K:0,K:1,V:0,V:1,QK:0,QK:1,Softmax:0,Softmax:1,SV:0,SV:1,O:0,O:1,Add:-1,LN:-1,FFN_W1:0,FFN_W3:0,FFN_W1:1,FFN_W3:1,SwiGLU:0,SwiGLU:1,FFN_W2:0,FFN_W2:1,Add:-1",0.048314249623712995,0.004035993576049805,npu|prefill|-1|0dcd1718e40c0ca622f960dfe34b1859,-1,sample_step,0.048314249623712995,0.004035993576049805,-0.04427825604766319,0.08353629845197698,-0.04427825604766319,0.08353629845197698
heft_prefill-1024xdecode_256_ops_trace.csv,prefill,-1,-1,9,GPU0,npu,26,"LN:-1,Q:0,Q:1,K:0,K:1,V:0,V:1,QK:0,QK:1,Softmax:0,Softmax:1,SV:0,SV:1,O:0,O:1,Add:-1,LN:-1,FFN_W1:0,FFN_W3:0,FFN_W1:1,FFN_W3:1,SwiGLU:0,SwiGLU:1,FFN_W2:0,FFN_W2:1,Add:-1",0.048314249623712995,0.004035993576049805,npu|prefill|-1|0dcd1718e40c0ca622f960dfe34b1859,-1,sample_step,0.048314249623712995,0.004035993576049805,-0.04427825604766319,0.08353629845197698,-0.04427825604766319,0.08353629845197698
heft_prefill-1024xdecode_256_ops_trace.csv,prefill,-1,-1,10,GPU0,npu,26,"LN:-1,Q:0,Q:1,K:0,K:1,V:0,V:1,QK:0,QK:1,Softmax:0,Softmax:1,SV:0,SV:1,O:0,O:1,Add:-1,LN:-1,FFN_W1:0,FFN_W3:0,FFN_W1:1,FFN_W3:1,SwiGLU:0,SwiGLU:1,FFN_W2:0,FFN_W2:1,Add:-1",0.0483142496237128,0.004035993576049805,npu|prefill|-1|0dcd1718e40c0ca622f960dfe34b1859,-1,sample_step,0.0483142496237128,0.004035993576049805,-0.044278256047662994,0.08353629845197731,-0.044278256047662994,0.08353629845197731
heft_prefill-1024xdecode_256_ops_trace.csv,prefill,-1,-1,11,GPU0,npu,26,"LN:-1,Q:0,Q:1,K:0,K:1,V:0,V:1,QK:0,QK:1,Softmax:0,Softmax:1,SV:0,SV:1,O:0,O:1,Add:-1,LN:-1,FFN_W1:0,FFN_W3:0,FFN_W1:1,FFN_W3:1,SwiGLU:0,SwiGLU:1,FFN_W2:0,FFN_W2:1,Add:-1",0.0483142496237128,0.004035993576049805,npu|prefill|-1|0dcd1718e40c0ca622f960dfe34b1859,-1,sample_step,0.0483142496237128,0.004035993576049805,-0.044278256047662994,0.08353629845197731,-0.044278256047662994,0.08353629845197731
heft_prefill-1024xdecode_256_ops_trace.csv,prefill,-1,-1,12,GPU0,npu,26,"LN:-1,Q:0,Q:1,K:0,K:1,V:0,V:1,QK:0,QK:1,Softmax:0,Softmax:1,SV:0,SV:1,O:0,O:1,Add:-1,LN:-1,FFN_W1:0,FFN_W3:0,FFN_W1:1,FFN_W3:1,SwiGLU:0,SwiGLU:1,FFN_W2:0,FFN_W2:1,Add:-1",0.0483142496237128,0.004035993576049805,npu|prefill|-1|0dcd1718e40c0ca622f960dfe34b1859,-1,sample_step,0.0483142496237128,0.004035993576049805,-0.044278256047662994,0.08353629845197731,-0.044278256047662994,0.08353629845197731
heft_prefill-1024xdecode_256_ops_trace.csv,prefill,-1,-1,13,GPU0,npu,26,"LN:-1,Q:0,Q:1,K:0,K:1,V:0,V:1,QK:0,QK:1,Softmax:0,Softmax:1,SV:0,SV:1,O:0,O:1,Add:-1,LN:-1,FFN_W1:0,FFN_W3:0,FFN_W1:1,FFN_W3:1,SwiGLU:0,SwiGLU:1,FFN_W2:0,FFN_W2:1,Add:-1",0.0483142496237128,0.004035993576049805,npu|prefill|-1|0dcd1718e40c0ca622f960dfe34b1859,-1,sample_step,0.0483142496237128,0.004035993576049805,-0.044278256047662994,0.08353629845197731,-0.044278256047662994,0.08353629845197731
heft_prefill-1024xdecode_256_ops_trace.csv,prefill,-1,-1,14,GPU0,npu,26,"LN:-1,Q:0,Q:1,K:0,K:1,V:0,V:1,QK:0,QK:1,Softmax:0,Softmax:1,SV:0,SV:1,O:0,O:1,Add:-1,LN:-1,FFN_W1:0,FFN_W3:0,FFN_W1:1,FFN_W3:1,SwiGLU:0,SwiGLU:1,FFN_W2:0,FFN_W2:1,Add:-1",0.0483142496237128,0.004035993576049805,npu|prefill|-1|0dcd1718e40c0ca622f960dfe34b1859,-1,sample_step,0.0483142496237128,0.004035993576049805,-0.044278256047662994,0.08353629845197731,-0.044278256047662994,0.08353629845197731
heft_prefill-1024xdecode_256_ops_trace.csv,prefill,-1,-1,15,GPU0,npu,26,"LN:-1,Q:0,Q:1,K:0,K:1,V:0,V:1,QK:0,QK:1,Softmax:0,Softmax:1,SV:0,SV:1,O:0,O:1,Add:-1,LN:-1,FFN_W1:0,FFN_W3:0,FFN_W1:1,FFN_W3:1,SwiGLU:0,SwiGLU:1,FFN_W2:0,FFN_W2:1,Add:-1",0.0483142496237128,0.004035993576049805,npu|prefill|-1|0dcd1718e40c0ca622f960dfe34b1859,-1,sample_step,0.0483142496237128,0.004035993576049805,-0.044278256047662994,0.08353629845197731,-0.044278256047662994,0.08353629845197731
heft_prefill-1024xdecode_256_ops_trace.csv,prefill,-1,-1,16,GPU0,npu,26,"LN:-1,Q:0,Q:1,K:0,K:1,V:0,V:1,QK:0,QK:1,Softmax:0,Softmax:1,SV:0,SV:1,O:0,O:1,Add:-1,LN:-1,FFN_W1:0,FFN_W3:0,FFN_W1:1,FFN_W3:1,SwiGLU:0,SwiGLU:1,FFN_W2:0,FFN_W2:1,Add:-1",0.0483142496237128,0.004035993576049805,npu|prefill|-1|0dcd1718e40c0ca622f960dfe34b1859,-1,sample_step,0.0483142496237128,0.004035993576049805,-0.044278256047662994,0.08353629845197731,-0.044278256047662994,0.08353629845197731
heft_prefill-1024xdecode_256_ops_trace.csv,prefill,-1,-1,17,GPU0,npu,26,"LN:-1,Q:0,Q:1,K:0,K:1,V:0,V:1,QK:0,QK:1,Softmax:0,Softmax:1,SV:0,SV:1,O:0,O:1,Add:-1,LN:-1,FFN_W1:0,FFN_W3:0,FFN_W1:1,FFN_W3:1,SwiGLU:0,SwiGLU:1,FFN_W2:0,FFN_W2:1,Add:-1",0.0483142496237128,0.004035993576049805,npu|prefill|-1|0dcd1718e40c0ca622f960dfe34b1859,-1,sample_step,0.0483142496237128,0.004035993576049805,-0.044278256047662994,0.08353629845197731,-0.044278256047662994,0.08353629845197731
heft_prefill-1024xdecode_256_ops_trace.csv,prefill,-1,-1,18,GPU0,npu,26,"LN:-1,Q:0,Q:1,K:0,K:1,V:0,V:1,QK:0,QK:1,Softmax:0,Softmax:1,SV:0,SV:1,O:0,O:1,Add:-1,LN:-1,FFN_W1:0,FFN_W3:0,FFN_W1:1,FFN_W3:1,SwiGLU:0,SwiGLU:1,FFN_W2:0,FFN_W2:1,Add:-1",0.0483142496237128,0.004035993576049805,npu|prefill|-1|0dcd1718e40c0ca622f960dfe34b1859,-1,sample_step,0.0483142496237128,0.004035993576049805,-0.044278256047662994,0.08353629845197731,-0.044278256047662994,0.08353629845197731
heft_prefill-1024xdecode_256_ops_trace.csv,prefill,-1,-1,19,GPU0,npu,26,"LN:-1,Q:0,Q:1,K:0,K:1,V:0,V:1,QK:0,QK:1,Softmax:0,Softmax:1,SV:0,SV:1,O:0,O:1,Add:-1,LN:-1,FFN_W1:0,FFN_W3:0,FFN_W1:1,FFN_W3:1,SwiGLU:0,SwiGLU:1,FFN_W2:0,FFN_W2:1,Add:-1",0.0483142496237128,0.004035993576049805,npu|prefill|-1|0dcd1718e40c0ca622f960dfe34b1859,-1,sample_step,0.0483142496237128,0.004035993576049805,-0.044278256047662994,0.08353629845197731,-0.044278256047662994,0.08353629845197731
heft_prefill-1024xdecode_256_ops_trace.csv,prefill,-1,-1,20,GPU0,npu,26,"LN:-1,Q:0,Q:1,K:0,K:1,V:0,V:1,QK:0,QK:1,Softmax:0,Softmax:1,SV:0,SV:1,O:0,O:1,Add:-1,LN:-1,FFN_W1:0,FFN_W3:0,FFN_W1:1,FFN_W3:1,SwiGLU:0,SwiGLU:1,FFN_W2:0,FFN_W2:1,Add:-1",0.04831424962371309,0.004035993576049805,npu|prefill|-1|0dcd1718e40c0ca622f960dfe34b1859,-1,sample_step,0.04831424962371309,0.004035993576049805,-0.044278256047663285,0.08353629845197681,-0.044278256047663285,0.08353629845197681
heft_prefill-1024xdecode_256_ops_trace.csv,prefill,-1,-1,21,GPU0,npu,26,"LN:-1,Q:0,Q:1,K:0,K:1,V:0,V:1,QK:0,QK:1,Softmax:0,Softmax:1,SV:0,SV:1,O:0,O:1,Add:-1,LN:-1,FFN_W1:0,FFN_W3:0,FFN_W1:1,FFN_W3:1,SwiGLU:0,SwiGLU:1,FFN_W2:0,FFN_W2:1,Add:-1",0.0483142496237128,0.004035993576049805,npu|prefill|-1|0dcd1718e40c0ca622f960dfe34b1859,-1,sample_step,0.0483142496237128,0.004035993576049805,-0.044278256047662994,0.08353629845197731,-0.044278256047662994,0.08353629845197731
heft_prefill-1024xdecode_256_ops_trace.csv,prefill,-1,-1,22,GPU0,npu,26,"LN:-1,Q:0,Q:1,K:0,K:1,V:0,V:1,QK:0,QK:1,Softmax:0,Softmax:1,SV:0,SV:1,O:0,O:1,Add:-1,LN:-1,FFN_W1:0,FFN_W3:0,FFN_W1:1,FFN_W3:1,SwiGLU:0,SwiGLU:1,FFN_W2:0,FFN_W2:1,Add:-1",0.0483142496237128,0.004035993576049805,npu|prefill|-1|0dcd1718e40c0ca622f960dfe34b1859,-1,sample_step,0.0483142496237128,0.004035993576049805,-0.044278256047662994,0.08353629845197731,-0.044278256047662994,0.08353629845197731
heft_prefill-1024xdecode_256_ops_trace.csv,prefill,-1,-1,23,GPU0,npu,26,"LN:-1,Q:0,Q:1,K:0,K:1,V:0,V:1,QK:0,QK:1,Softmax:0,Softmax:1,SV:0,SV:1,O:0,O:1,Add:-1,LN:-1,FFN_W1:0,FFN_W3:0,FFN_W1:1,FFN_W3:1,SwiGLU:0,SwiGLU:1,FFN_W2:0,FFN_W2:1,Add:-1",0.0483142496237128,0.004035993576049805,npu|prefill|-1|0dcd1718e40c0ca622f960dfe34b1859,-1,sample_step,0.0483142496237128,0.004035993576049805,-0.044278256047662994,0.08353629845197731,-0.044278256047662994,0.08353629845197731
heft_prefill-1024xdecode_256_ops_trace.csv,prefill,-1,-1,24,GPU0,npu,26,"LN:-1,Q:0,Q:1,K:0,K:1,V:0,V:1,QK:0,QK:1,Softmax:0,Softmax:1,SV:0,SV:1,O:0,O:1,Add:-1,LN:-1,FFN_W1:0,FFN_W3:0,FFN_W1:1,FFN_W3:1,SwiGLU:0,SwiGLU:1,FFN_W2:0,FFN_W2:1,Add:-1",0.0483142496237128,0.004035993576049805,npu|prefill|-1|0dcd1718e40c0ca622f960dfe34b1859,-1,sample_step,0.0483142496237128,0.004035993576049805,-0.044278256047662994,0.08353629845197731,-0.044278256047662994,0.08353629845197731
heft_prefill-1024xdecode_256_ops_trace.csv,prefill,-1,-1,25,GPU0,npu,26,"LN:-1,Q:0,Q:1,K:0,K:1,V:0,V:1,QK:0,QK:1,Softmax:0,Softmax:1,SV:0,SV:1,O:0,O:1,Add:-1,LN:-1,FFN_W1:0,FFN_W3:0,FFN_W1:1,FFN_W3:1,SwiGLU:0,SwiGLU:1,FFN_W2:0,FFN_W2:1,Add:-1",0.0483142496237128,0.004035993576049805,npu|prefill|-1|0dcd1718e40c0ca622f960dfe34b1859,-1,sample_step,0.0483142496237128,0.004035993576049805,-0.044278256047662994,0.08353629845197731,-0.044278256047662994,0.08353629845197731
heft_prefill-1024xdecode_256_ops_trace.csv,prefill,-1,-1,26,GPU0,npu,26,"LN:-1,Q:0,Q:1,K:0,K:1,V:0,V:1,QK:0,QK:1,Softmax:0,Softmax:1,SV:0,SV:1,O:0,O:1,Add:-1,LN:-1,FFN_W1:0,FFN_W3:0,FFN_W1:1,FFN_W3:1,SwiGLU:0,SwiGLU:1,FFN_W2:0,FFN_W2:1,Add:-1",0.0483142496237128,0.004035993576049805,npu|prefill|-1|0dcd1718e40c0ca622f960dfe34b1859,-1,sample_step,0.0483142496237128,0.004035993576049805,-0.044278256047662994,0.08353629845197731,-0.044278256047662994,0.08353629845197731
heft_prefill-1024xdecode_256_ops_trace.csv,prefill,-1,-1,27,GPU0,npu,26,"LN:-1,Q:0,Q:1,K:0,K:1,V:0,V:1,QK:0,QK:1,Softmax:0,Softmax:1,SV:0,SV:1,O:0,O:1,Add:-1,LN:-1,FFN_W1:0,FFN_W3:0,FFN_W1:1,FFN_W3:1,SwiGLU:0,SwiGLU:1,FFN_W2:0,FFN_W2:1,Add:-1",0.0483142496237128,0.004035993576049805,npu|prefill|-1|0dcd1718e40c0ca622f960dfe34b1859,-1,sample_step,0.0483142496237128,0.004035993576049805,-0.044278256047662994,0.08353629845197731,-0.044278256047662994,0.08353629845197731
heft_prefill-1024xdecode_256_ops_trace.csv,prefill,-1,-1,28,GPU0,npu,26,"LN:-1,Q:0,Q:1,K:0,K:1,V:0,V:1,QK:0,QK:1,Softmax:0,Softmax:1,SV:0,SV:1,O:0,O:1,Add:-1,LN:-1,FFN_W1:0,FFN_W3:0,FFN_W1:1,FFN_W3:1,SwiGLU:0,SwiGLU:1,FFN_W2:0,FFN_W2:1,Add:-1",0.0483142496237128,0.004035993576049805,npu|prefill|-1|0dcd1718e40c0ca622f960dfe34b1859,-1,sample_step,0.0483142496237128,0.004035993576049805,-0.044278256047662994,0.08353629845197731,-0.044278256047662994,0.08353629845197731
heft_prefill-1024xdecode_256_ops_trace.csv,prefill,-1,-1,29,GPU0,npu,26,"LN:-1,Q:0,Q:1,K:0,K:1,V:0,V:1,QK:0,QK:1,Softmax:0,Softmax:1,SV:0,SV:1,O:0,O:1,Add:-1,LN:-1,FFN_W1:0,FFN_W3:0,FFN_W1:1,FFN_W3:1,SwiGLU:0,SwiGLU:1,FFN_W2:0,FFN_W2:1,Add:-1",0.0483142496237128,0.004035993576049805,npu|prefill|-1|0dcd1718e40c0ca622f960dfe34b1859,-1,sample_step,0.0483142496237128,0.004035993576049805,-0.044278256047662994,0.08353629845197731,-0.044278256047662994,0.08353629845197731
heft_prefill-1024xdecode_256_ops_trace.csv,prefill,-1,-1,30,GPU0,npu,26,"LN:-1,Q:0,Q:1,K:0,K:1,V:0,V:1,QK:0,QK:1,Softmax:0,Softmax:1,SV:0,SV:1,O:0,O:1,Add:-1,LN:-1,FFN_W1:0,FFN_W3:0,FFN_W1:1,FFN_W3:1,SwiGLU:0,SwiGLU:1,FFN_W2:0,FFN_W2:1,Add:-1",0.0483142496237128,0.004035993576049805,npu|prefill|-1|0dcd1718e40c0ca622f960dfe34b1859,-1,sample_step,0.0483142496237128,0.004035993576049805,-0.044278256047662994,0.08353629845197731,-0.044278256047662994,0.08353629845197731
heft_prefill-1024xdecode_256_ops_trace.csv,prefill,-1,-1,31,GPU0,npu,26,"LN:-1,Q:0,Q:1,K:0,K:1,V:0,V:1,QK:0,QK:1,Softmax:0,Softmax:1,SV:0,SV:1,O:0,O:1,Add:-1,LN:-1,FFN_W1:0,FFN_W3:0,FFN_W1:1,FFN_W3:1,SwiGLU:0,SwiGLU:1,FFN_W2:0,FFN_W2:1,Add:-1",0.0483142496237128,0.004035993576049805,npu|prefill|-1|0dcd1718e40c0ca622f960dfe34b1859,-1,sample_step,0.0483142496237128,0.004035993576049805,-0.044278256047662994,0.08353629845197731,-0.044278256047662994,0.08353629845197731
heft_prefill-1024xdecode_256_ops_trace.csv,decode,0,0,0,PIM0,pim,5,"LN:-1,QK:0,SV:0,LN:-1,SwiGLU:0",0.00014660800000010354,1.2253e-05,pim|decode|0|dee8ff963c4a9f3ef5051ebc43746a5c,0,sample_step,0.00014660800000010354,1.2253e-05,-0.00013435500000010355,0.08357661246310806,-0.00013435500000010355,0.08357661246310806
heft_prefill-1024xdecode_256_ops_trace.csv,decode,0,0,0,GPU0,npu,19,"Q:0,Q:1,K:0,K:1,V:0,V:1,Softmax:0,Softmax:1,O:0,O:1,Add:-1,FFN_W1:0,FFN_W3:0,FFN_W1:1,FFN_W3:1,SwiGLU:1,FFN_W2:0,FFN_W2:1,Add:-1",0.00045196420203064136,0.0005002240180969239,npu|decode|0|cb831580437a2754ddccf83aef8f2e46,0,sample_step,0.00045196420203064136,0.0005002240180969239,4.8259816066282516e-05,1.1067779612842228,4.8259816066282516e-05,1.1067779612842228
heft_prefill-1024xdecode_256_ops_trace.csv,decode,0,0,0,PIM1,pim,2,"QK:1,SV:1",9.651200000004856e-05,9.122e-06,pim|decode|0|9ba94a90ae2a2c31a7bb0139c1e338eb,0,sample_step,9.651200000004856e-05,9.122e-06,-8.739000000004856e-05,0.09451674403178269,-8.739000000004856e-05,0.09451674403178269
heft_prefill-1024xdecode_256_ops_trace.csv,decode,0,0,1,PIM0,pim,5,"LN:-1,QK:0,SV:0,LN:-1,SwiGLU:0",0.00014660800000010354,1.2253e-05,pim|decode|0|dee8ff963c4a9f3ef5051ebc43746a5c,0,sample_step,0.00014660800000010354,1.2253e-05,-0.00013435500000010355,0.08357661246310806,-0.00013435500000010355,0.08357661246310806
heft_prefill-1024xdecode_256_ops_trace.csv,decode,0,0,1,GPU0,npu,19,"Q:0,Q:1,K:0,K:1,V:0,V:1,Softmax:0,Softmax:1,O:0,O:1,Add:-1,FFN_W1:0,FFN_W3:0,FFN_W1:1,FFN_W3:1,SwiGLU:1,FFN_W2:0,FFN_W2:1,Add:-1",0.00045196420203064136,0.0005002240180969239,npu|decode|0|cb831580437a2754ddccf83aef8f2e46,0,sample_step,0.00045196420203064136,0.0005002240180969239,4.8259816066282516e-05,1.1067779612842228,4.8259816066282516e-05,1.1067779612842228
heft_prefill-1024xdecode_256_ops_trace.csv,decode,0,0,1,PIM1,pim,2,"QK:1,SV:1",9.651200000004856e-05,9.122e-06,pim|decode|0|9ba94a90ae2a2c31a7bb0139c1e338eb,0,sample_step,9.651200000004856e-05,9.122e-06,-8.739000000004856e-05,0.09451674403178269,-8.739000000004856e-05,0.09451674403178269
heft_prefill-1024xdecode_256_ops_trace.csv,decode,0,0,2,PIM0,pim,5,"LN:-1,QK:0,SV:0,LN:-1,SwiGLU:0",0.00014660800000010354,1.2253e-05,pim|decode|0|dee8ff963c4a9f3ef5051ebc43746a5c,0,sample_step,0.00014660800000010354,1.2253e-05,-0.00013435500000010355,0.08357661246310806,-0.00013435500000010355,0.08357661246310806
heft_prefill-1024xdecode_256_ops_trace.csv,decode,0,0,2,GPU0,npu,19,"Q:0,Q:1,K:0,K:1,V:0,V:1,Softmax:0,Softmax:1,O:0,O:1,Add:-1,FFN_W1:0,FFN_W3:0,FFN_W1:1,FFN_W3:1,SwiGLU:1,FFN_W2:0,FFN_W2:1,Add:-1",0.00045196420203064136,0.0005002240180969239,npu|decode|0|cb831580437a2754ddccf83aef8f2e46,0,sample_step,0.00045196420203064136,0.0005002240180969239,4.8259816066282516e-05,1.1067779612842228,4.8259816066282516e-05,1.1067779612842228
heft_prefill-1024xdecode_256_ops_trace.csv,decode,0,0,2,PIM1,pim,2,"QK:1,SV:1",9.651200000004856e-05,9.122e-06,pim|decode|0|9ba94a90ae2a2c31a7bb0139c1e338eb,0,sample_step,9.651200000004856e-05,9.122e-06,-8.739000000004856e-05,0.09451674403178269,-8.739000000004856e-05,0.09451674403178269
heft_prefill-1024xdecode_256_ops_trace.csv,decode,0,0,3,PIM0,pim,5,"LN:-1,QK:0,SV:0,LN:-1,SwiGLU:0",0.00014660800000010354,1.2253e-05,pim|decode|0|dee8ff963c4a9f3ef5051ebc43746a5c,0,sample_step,0.00014660800000010354,1.2253e-05,-0.00013435500000010355,0.08357661246310806,-0.00013435500000010355,0.08357661246310806
heft_prefill-1024xdecode_256_ops_trace.csv,decode,0,0,3,GPU0,npu,19,"Q:0,Q:1,K:0,K:1,V:0,V:1,Softmax:0,Softmax:1,O:0,O:1,Add:-1,FFN_W1:0,FFN_W3:0,FFN_W1:1,FFN_W3:1,SwiGLU:1,FFN_W2:0,FFN_W2:1,Add:-1",0.00045196420203064136,0.0005002240180969239,npu|decode|0|cb831580437a2754ddccf83aef8f2e46,0,sample_step,0.00045196420203064136,0.0005002240180969239,4.8259816066282516e-05,1.1067779612842228,4.8259816066282516e-05,1.1067779612842228
heft_prefill-1024xdecode_256_ops_trace.csv,decode,0,0,3,PIM1,pim,2,"QK:1,SV:1",9.651200000004856e-05,9.122e-06,pim|decode|0|9ba94a90ae2a2c31a7bb0139c1e338eb,0,sample_step,9.651200000004856e-05,9.122e-06,-8.739000000004856e-05,0.09451674403178269,-8.739000000004856e-05,0.09451674403178269
heft_prefill-1024xdecode_256_ops_trace.csv,decode,0,0,4,PIM0,pim,5,"LN:-1,QK:0,SV:0,LN:-1,SwiGLU:0",0.00014660800000010354,1.2253e-05,pim|decode|0|dee8ff963c4a9f3ef5051ebc43746a5c,0,sample_step,0.00014660800000010354,1.2253e-05,-0.00013435500000010355,0.08357661246310806,-0.00013435500000010355,0.08357661246310806
heft_prefill-1024xdecode_256_ops_trace.csv,decode,0,0,4,GPU0,npu,19,"Q:0,Q:1,K:0,K:1,V:0,V:1,Softmax:0,Softmax:1,O:0,O:1,Add:-1,FFN_W1:0,FFN_W3:0,FFN_W1:1,FFN_W3:1,SwiGLU:1,FFN_W2:0,FFN_W2:1,Add:-1",0.00045196420203064136,0.0005002240180969239,npu|decode|0|cb831580437a2754ddccf83aef8f2e46,0,sample_step,0.00045196420203064136,0.0005002240180969239,4.8259816066282516e-05,1.1067779612842228,4.8259816066282516e-05,1.1067779612842228
heft_prefill-1024xdecode_256_ops_trace.csv,decode,0,0,4,PIM1,pim,2,"QK:1,SV:1",9.651200000004856e-05,9.122e-06,pim|decode|0|9ba94a90ae2a2c31a7bb0139c1e338eb,0,sample_step,9.651200000004856e-05,9.122e-06,-8.739000000004856e-05,0.09451674403178269,-8.739000000004856e-05,0.09451674403178269
heft_prefill-1024xdecode_256_ops_trace.csv,decode,0,0,5,PIM0,pim,5,"LN:-1,QK:0,SV:0,LN:-1,SwiGLU:0",0.00014660800000010354,1.2253e-05,pim|decode|0|dee8ff963c4a9f3ef5051ebc43746a5c,0,sample_step,0.00014660800000010354,1.2253e-05,-0.00013435500000010355,0.08357661246310806,-0.00013435500000010355,0.08357661246310806
heft_prefill-1024xdecode_256_ops_trace.csv,decode,0,0,5,GPU0,npu,19,"Q:0,Q:1,K:0,K:1,V:0,V:1,Softmax:0,Softmax:1,O:0,O:1,Add:-1,FFN_W1:0,FFN_W3:0,FFN_W1:1,FFN_W3:1,SwiGLU:1,FFN_W2:0,FFN_W2:1,Add:-1",0.00045196420203064136,0.0005002240180969239,npu|decode|0|cb831580437a2754ddccf83aef8f2e46,0,sample_step,0.00045196420203064136,0.0005002240180969239,4.8259816066282516e-05,1.1067779612842228,4.8259816066282516e-05,1.1067779612842228
heft_prefill-1024xdecode_256_ops_trace.csv,decode,0,0,5,PIM1,pim,2,"QK:1,SV:1",9.651200000004856e-05,9.122e-06,pim|decode|0|9ba94a90ae2a2c31a7bb0139c1e338eb,0,sample_step,9.651200000004856e-05,9.122e-06,-8.739000000004856e-05,0.09451674403178269,-8.739000000004856e-05,0.09451674403178269
heft_prefill-1024xdecode_256_ops_trace.csv,decode,0,0,6,PIM0,pim,5,"LN:-1,QK:0,SV:0,LN:-1,SwiGLU:0",0.00014660800000010354,1.2253e-05,pim|decode|0|dee8ff963c4a9f3ef5051ebc43746a5c,0,sample_step,0.00014660800000010354,1.2253e-05,-0.00013435500000010355,0.08357661246310806,-0.00013435500000010355,0.08357661246310806
heft_prefill-1024xdecode_256_ops_trace.csv,decode,0,0,6,GPU0,npu,19,"Q:0,Q:1,K:0,K:1,V:0,V:1,Softmax:0,Softmax:1,O:0,O:1,Add:-1,FFN_W1:0,FFN_W3:0,FFN_W1:1,FFN_W3:1,SwiGLU:1,FFN_W2:0,FFN_W2:1,Add:-1",0.00045196420203064136,0.0005002240180969239,npu|decode|0|cb831580437a2754ddccf83aef8f2e46,0,sample_step,0.00045196420203064136,0.0005002240180969239,4.8259816066282516e-05,1.1067779612842228,4.8259816066282516e-05,1.1067779612842228
heft_prefill-1024xdecode_256_ops_trace.csv,decode,0,0,6,PIM1,pim,2,"QK:1,SV:1",9.651200000004856e-05,9.122e-06,pim|decode|0|9ba94a90ae2a2c31a7bb0139c1e338eb,0,sample_step,9.651200000004856e-05,9.122e-06,-8.739000000004856e-05,0.09451674403178269,-8.739000000004856e-05,0.09451674403178269
heft_prefill-1024xdecode_256_ops_trace.csv,decode,0,0,7,PIM0,pim,5,"LN:-1,QK:0,SV:0,LN:-1,SwiGLU:0",0.00014660800000010354,1.2253e-05,pim|decode|0|dee8ff963c4a9f3ef5051ebc43746a5c,0,sample_step,0.00014660800000010354,1.2253e-05,-0.00013435500000010355,0.08357661246310806,-0.00013435500000010355,0.08357661246310806
heft_prefill-1024xdecode_256_ops_trace.csv,decode,0,0,7,GPU0,npu,19,"Q:0,Q:1,K:0,K:1,V:0,V:1,Softmax:0,Softmax:1,O:0,O:1,Add:-1,FFN_W1:0,FFN_W3:0,FFN_W1:1,FFN_W3:1,SwiGLU:1,FFN_W2:0,FFN_W2:1,Add:-1",0.00045196420203064136,0.0005002240180969239,npu|decode|0|cb831580437a2754ddccf83aef8f2e46,0,sample_step,0.00045196420203064136,0.0005002240180969239,4.8259816066282516e-05,1.1067779612842228,4.8259816066282516e-05,1.1067779612842228
heft_prefill-1024xdecode_256_ops_trace.csv,decode,0,0,7,PIM1,pim,2,"QK:1,SV:1",9.651200000004856e-05,9.122e-06,pim|decode|0|9ba94a90ae2a2c31a7bb0139c1e338eb,0,sample_step,9.651200000004856e-05,9.122e-06,-8.739000000004856e-05,0.09451674403178269,-8.739000000004856e-05,0.09451674403178269
heft_prefill-1024xdecode_256_ops_trace.csv,decode,0,0,8,PIM0,pim,5,"LN:-1,QK:0,SV:0,LN:-1,SwiGLU:0",0.00014660800000010354,1.2253e-05,pim|decode|0|dee8ff963c4a9f3ef5051ebc43746a5c,0,sample_step,0.00014660800000010354,1.2253e-05,-0.00013435500000010355,0.08357661246310806,-0.00013435500000010355,0.08357661246310806
heft_prefill-1024xdecode_256_ops_trace.csv,decode,0,0,8,GPU0,npu,19,"Q:0,Q:1,K:0,K:1,V:0,V:1,Softmax:0,Softmax:1,O:0,O:1,Add:-1,FFN_W1:0,FFN_W3:0,FFN_W1:1,FFN_W3:1,SwiGLU:1,FFN_W2:0,FFN_W2:1,Add:-1",0.00045196420203064136,0.0005002240180969239,npu|decode|0|cb831580437a2754ddccf83aef8f2e46,0,sample_step,0.00045196420203064136,0.0005002240180969239,4.8259816066282516e-05,1.1067779612842228,4.8259816066282516e-05,1.1067779612842228
heft_prefill-1024xdecode_256_ops_trace.csv,decode,0,0,8,PIM1,pim,2,"QK:1,SV:1",9.651200000004856e-05,9.122e-06,pim|decode|0|9ba94a90ae2a2c31a7bb0139c1e338eb,0,sample_step,9.651200000004856e-05,9.122e-06,-8.739000000004856e-05,0.09451674403178269,-8.739000000004856e-05,0.09451674403178269
heft_prefill-1024xdecode_256_ops_trace.csv,decode,0,0,9,PIM0,pim,5,"LN:-1,QK:0,SV:0,LN:-1,SwiGLU:0",0.00014660800000010354,1.2253e-05,pim|decode|0|dee8ff963c4a9f3ef5051ebc43746a5c,0,sample_step,0.00014660800000010354,1.2253e-05,-0.00013435500000010355,0.08357661246310806,-0.00013435500000010355,0.08357661246310806
heft_prefill-1024xdecode_256_ops_trace.csv,decode,0,0,9,GPU0,npu,19,"Q:0,Q:1,K:0,K:1,V:0,V:1,Softmax:0,Softmax:1,O:0,O:1,Add:-1,FFN_W1:0,FFN_W3:0,FFN_W1:1,FFN_W3:1,SwiGLU:1,FFN_W2:0,FFN_W2:1,Add:-1",0.00045196420203064136,0.0005002240180969239,npu|decode|0|cb831580437a2754ddccf83aef8f2e46,0,sample_step,0.00045196420203064136,0.0005002240180969239,4.8259816066282516e-05,1.1067779612842228,4.8259816066282516e-05,1.1067779612842228
heft_prefill-1024xdecode_256_ops_trace.csv,decode,0,0,9,PIM1,pim,2,"QK:1,SV:1",9.651200000004856e-05,9.122e-06,pim|decode|0|9ba94a90ae2a2c31a7bb0139c1e338eb,0,sample_step,9.651200000004856e-05,9.122e-06,-8.739000000004856e-05,0.09451674403178269,-8.739000000004856e-05,0.09451674403178269
heft_prefill-1024xdecode_256_ops_trace.csv,decode,0,0,10,PIM0,pim,5,"LN:-1,QK:0,SV:0,LN:-1,SwiGLU:0",0.00014660800000010354,1.2253e-05,pim|decode|0|dee8ff963c4a9f3ef5051ebc43746a5c,0,sample_step,0.00014660800000010354,1.2253e-05,-0.00013435500000010355,0.08357661246310806,-0.00013435500000010355,0.08357661246310806
heft_prefill-1024xdecode_256_ops_trace.csv,decode,0,0,10,GPU0,npu,19,"Q:0,Q:1,K:0,K:1,V:0,V:1,Softmax:0,Softmax:1,O:0,O:1,Add:-1,FFN_W1:0,FFN_W3:0,FFN_W1:1,FFN_W3:1,SwiGLU:1,FFN_W2:0,FFN_W2:1,Add:-1",0.00045196420203064136,0.0005002240180969239,npu|decode|0|cb831580437a2754ddccf83aef8f2e46,0,sample_step,0.00045196420203064136,0.0005002240180969239,4.8259816066282516e-05,1.1067779612842228,4.8259816066282516e-05,1.1067779612842228
heft_prefill-1024xdecode_256_ops_trace.csv,decode,0,0,10,PIM1,pim,2,"QK:1,SV:1",9.651200000004856e-05,9.122e-06,pim|decode|0|9ba94a90ae2a2c31a7bb0139c1e338eb,0,sample_step,9.651200000004856e-05,9.122e-06,-8.739000000004856e-05,0.09451674403178269,-8.739000000004856e-05,0.09451674403178269
heft_prefill-1024xdecode_256_ops_trace.csv,decode,0,0,11,PIM0,pim,5,"LN:-1,QK:0,SV:0,LN:-1,SwiGLU:0",0.00014660800000010354,1.2253e-05,pim|decode|0|dee8ff963c4a9f3ef5051ebc43746a5c,0,sample_step,0.00014660800000010354,1.2253e-05,-0.00013435500000010355,0.08357661246310806,-0.00013435500000010355,0.08357661246310806
heft_prefill-1024xdecode_256_ops_trace.csv,decode,0,0,11,GPU0,npu,19,"Q:0,Q:1,K:0,K:1,V:0,V:1,Softmax:0,Softmax:1,O:0,O:1,Add:-1,FFN_W1:0,FFN_W3:0,FFN_W1:1,FFN_W3:1,SwiGLU:1,FFN_W2:0,FFN_W2:1,Add:-1",0.00045196420203064136,0.0005002240180969239,npu|decode|0|cb831580437a2754ddccf83aef8f2e46,0,sample_step,0.00045196420203064136,0.0005002240180969239,4.8259816066282516e-05,1.1067779612842228,4.8259816066282516e-05,1.1067779612842228
heft_prefill-1024xdecode_256_ops_trace.csv,decode,0,0,11,PIM1,pim,2,"QK:1,SV:1",9.651200000004856e-05,9.122e-06,pim|decode|0|9ba94a90ae2a2c31a7bb0139c1e338eb,0,sample_step,9.651200000004856e-05,9.122e-06,-8.739000000004856e-05,0.09451674403178269,-8.739000000004856e-05,0.09451674403178269
heft_prefill-1024xdecode_256_ops_trace.csv,decode,0,0,12,PIM0,pim,5,"LN:-1,QK:0,SV:0,LN:-1,SwiGLU:0",0.00014660800000010354,1.2253e-05,pim|decode|0|dee8ff963c4a9f3ef5051ebc43746a5c,0,sample_step,0.00014660800000010354,1.2253e-05,-0.00013435500000010355,0.08357661246310806,-0.00013435500000010355,0.08357661246310806
heft_prefill-1024xdecode_256_ops_trace.csv,decode,0,0,12,GPU0,npu,19,"Q:0,Q:1,K:0,K:1,V:0,V:1,Softmax:0,Softmax:1,O:0,O:1,Add:-1,FFN_W1:0,FFN_W3:0,FFN_W1:1,FFN_W3:1,SwiGLU:1,FFN_W2:0,FFN_W2:1,Add:-1",0.00045196420203064136,0.0005002240180969239,npu|decode|0|cb831580437a2754ddccf83aef8f2e46,0,sample_step,0.00045196420203064136,0.0005002240180969239,4.8259816066282516e-05,1.1067779612842228,4.8259816066282516e-05,1.1067779612842228
heft_prefill-1024xdecode_256_ops_trace.csv,decode,0,0,12,PIM1,pim,2,"QK:1,SV:1",9.651200000004856e-05,9.122e-06,pim|decode|0|9ba94a90ae2a2c31a7bb0139c1e338eb,0,sample_step,9.651200000004856e-05,9.122e-06,-8.739000000004856e-05,0.09451674403178269,-8.739000000004856e-05,0.09451674403178269
heft_prefill-1024xdecode_256_ops_trace.csv,decode,0,0,13,PIM0,pim,5,"LN:-1,QK:0,SV:0,LN:-1,SwiGLU:0",0.00014660800000010354,1.2253e-05,pim|decode|0|dee8ff963c4a9f3ef5051ebc43746a5c,0,sample_step,0.00014660800000010354,1.2253e-05,-0.00013435500000010355,0.08357661246310806,-0.00013435500000010355,0.08357661246310806
heft_prefill-1024xdecode_256_ops_trace.csv,decode,0,0,13,GPU0,npu,19,"Q:0,Q:1,K:0,K:1,V:0,V:1,Softmax:0,Softmax:1,O:0,O:1,Add:-1,FFN_W1:0,FFN_W3:0,FFN_W1:1,FFN_W3:1,SwiGLU:1,FFN_W2:0,FFN_W2:1,Add:-1",0.00045196420203064136,0.0005002240180969239,npu|decode|0|cb831580437a2754ddccf83aef8f2e46,0,sample_step,0.00045196420203064136,0.0005002240180969239,4.8259816066282516e-05,1.1067779612842228,4.8259816066282516e-05,1.1067779612842228
heft_prefill-1024xdecode_256_ops_trace.csv,decode,0,0,13,PIM1,pim,2,"QK:1,SV:1",9.651200000004856e-05,9.122e-06,pim|decode|0|9ba94a90ae2a2c31a7bb0139c1e338eb,0,sample_step,9.651200000004856e-05,9.122e-06,-8.739000000004856e-05,0.09451674403178269,-8.739000000004856e-05,0.09451674403178269
heft_prefill-1024xdecode_256_ops_trace.csv,decode,0,0,14,PIM0,pim,5,"LN:-1,QK:0,SV:0,LN:-1,SwiGLU:0",0.00014660800000010354,1.2253e-05,pim|decode|0|dee8ff963c4a9f3ef5051ebc43746a5c,0,sample_step,0.00014660800000010354,1.2253e-05,-0.00013435500000010355,0.08357661246310806,-0.00013435500000010355,0.08357661246310806
heft_prefill-1024xdecode_256_ops_trace.csv,decode,0,0,14,GPU0,npu,19,"Q:0,Q:1,K:0,K:1,V:0,V:1,Softmax:0,Softmax:1,O:0,O:1,Add:-1,FFN_W1:0,FFN_W3:0,FFN_W1:1,FFN_W3:1,SwiGLU:1,FFN_W2:0,FFN_W2:1,Add:-1",0.00045196420203064136,0.0005002240180969239,npu|decode|0|cb831580437a2754ddccf83aef8f2e46,0,sample_step,0.00045196420203064136,0.0005002240180969239,4.8259816066282516e-05,1.1067779612842228,4.8259816066282516e-05,1.1067779612842228
heft_prefill-1024xdecode_256_ops_trace.csv,decode,0,0,14,PIM1,pim,2,"QK:1,SV:1",9.651200000004856e-05,9.122e-06,pim|decode|0|9ba94a90ae2a2c31a7bb0139c1e338eb,0,sample_step,9.651200000004856e-05,9.122e-06,-8.739000000004856e-05,0.09451674403178269,-8.739000000004856e-05,0.09451674403178269
heft_prefill-1024xdecode_256_ops_trace.csv,decode,0,0,15,PIM0,pim,5,"LN:-1,QK:0,SV:0,LN:-1,SwiGLU:0",0.00014660800000010354,1.2253e-05,pim|decode|0|dee8ff963c4a9f3ef5051ebc43746a5c,0,sample_step,0.00014660800000010354,1.2253e-05,-0.00013435500000010355,0.08357661246310806,-0.00013435500000010355,0.08357661246310806
heft_prefill-1024xdecode_256_ops_trace.csv,decode,0,0,15,GPU0,npu,19,"Q:0,Q:1,K:0,K:1,V:0,V:1,Softmax:0,Softmax:1,O:0,O:1,Add:-1,FFN_W1:0,FFN_W3:0,FFN_W1:1,FFN_W3:1,SwiGLU:1,FFN_W2:0,FFN_W2:1,Add:-1",0.00045196420203064136,0.0005002240180969239,npu|decode|0|cb831580437a2754ddccf83aef8f2e46,0,sample_step,0.00045196420203064136,0.0005002240180969239,4.8259816066282516e-05,1.1067779612842228,4.8259816066282516e-05,1.1067779612842228
heft_prefill-1024xdecode_256_ops_trace.csv,decode,0,0,15,PIM1,pim,2,"QK:1,SV:1",9.651200000004856e-05,9.122e-06,pim|decode|0|9ba94a90ae2a2c31a7bb0139c1e338eb,0,sample_step,9.651200000004856e-05,9.122e-06,-8.739000000004856e-05,0.09451674403178269,-8.739000000004856e-05,0.09451674403178269
heft_prefill-1024xdecode_256_ops_trace.csv,decode,0,0,16,PIM0,pim,5,"LN:-1,QK:0,SV:0,LN:-1,SwiGLU:0",0.00014660800000010354,1.2253e-05,pim|decode|0|dee8ff963c4a9f3ef5051ebc43746a5c,0,sample_step,0.00014660800000010354,1.2253e-05,-0.00013435500000010355,0.08357661246310806,-0.00013435500000010355,0.08357661246310806
heft_prefill-1024xdecode_256_ops_trace.csv,decode,0,0,16,GPU0,npu,19,"Q:0,Q:1,K:0,K:1,V:0,V:1,Softmax:0,Softmax:1,O:0,O:1,Add:-1,FFN_W1:0,FFN_W3:0,FFN_W1:1,FFN_W3:1,SwiGLU:1,FFN_W2:0,FFN_W2:1,Add:-1",0.00045196420203064136,0.0005002240180969239,npu|decode|0|cb831580437a2754ddccf83aef8f2e46,0,sample_step,0.00045196420203064136,0.0005002240180969239,4.8259816066282516e-05,1.1067779612842228,4.8259816066282516e-05,1.1067779612842228
heft_prefill-1024xdecode_256_ops_trace.csv,decode,0,0,16,PIM1,pim,2,"QK:1,SV:1",9.651200000004856e-05,9.122e-06,pim|decode|0|9ba94a90ae2a2c31a7bb0139c1e338eb,0,sample_step,9.651200000004856e-05,9.122e-06,-8.739000000004856e-05,0.09451674403178269,-8.739000000004856e-05,0.09451674403178269
heft_prefill-1024xdecode_256_ops_trace.csv,decode,0,0,17,PIM0,pim,5,"LN:-1,QK:0,SV:0,LN:-1,SwiGLU:0",0.00014660800000010354,1.2253e-05,pim|decode|0|dee8ff963c4a9f3ef5051ebc43746a5c,0,sample_step,0.00014660800000010354,1.2253e-05,-0.00013435500000010355,0.08357661246310806,-0.00013435500000010355,0.08357661246310806
heft_prefill-1024xdecode_256_ops_trace.csv,decode,0,0,17,GPU0,npu,19,"Q:0,Q:1,K:0,K:1,V:0,V:1,Softmax:0,Softmax:1,O:0,O:1,Add:-1,FFN_W1:0,FFN_W3:0,FFN_W1:1,FFN_W3:1,SwiGLU:1,FFN_W2:0,FFN_W2:1,Add:-1",0.00045196420203064136,0.0005002240180969239,npu|decode|0|cb831580437a2754ddccf83aef8f2e46,0,sample_step,0.00045196420203064136,0.0005002240180969239,4.8259816066282516e-05,1.1067779612842228,4.8259816066282516e-05,1.1067779612842228
heft_prefill-1024xdecode_256_ops_trace.csv,decode,0,0,17,PIM1,pim,2,"QK:1,SV:1",9.651200000004856e-05,9.122e-06,pim|decode|0|9ba94a90ae2a2c31a7bb0139c1e338eb,0,sample_step,9.651200000004856e-05,9.122e-06,-8.739000000004856e-05,0.09451674403178269,-8.739000000004856e-05,0.09451674403178269
heft_prefill-1024xdecode_256_ops_trace.csv,decode,0,0,18,PIM0,pim,5,"LN:-1,QK:0,SV:0,LN:-1,SwiGLU:0",0.00014660800000010354,1.2253e-05,pim|decode|0|dee8ff963c4a9f3ef5051ebc43746a5c,0,sample_step,0.00014660800000010354,1.2253e-05,-0.00013435500000010355,0.08357661246310806,-0.00013435500000010355,0.08357661246310806
heft_prefill-1024xdecode_256_ops_trace.csv,decode,0,0,18,GPU0,npu,19,"Q:0,Q:1,K:0,K:1,V:0,V:1,Softmax:0,Softmax:1,O:0,O:1,Add:-1,FFN_W1:0,FFN_W3:0,FFN_W1:1,FFN_W3:1,SwiGLU:1,FFN_W2:0,FFN_W2:1,Add:-1",0.00045196420203064136,0.0005002240180969239,npu|decode|0|cb831580437a2754ddccf83aef8f2e46,0,sample_step,0.00045196420203064136,0.0005002240180969239,4.8259816066282516e-05,1.1067779612842228,4.8259816066282516e-05,1.1067779612842228
heft_prefill-1024xdecode_256_ops_trace.csv,decode,0,0,18,PIM1,pim,2,"QK:1,SV:1",9.651200000004856e-05,9.122e-06,pim|decode|0|9ba94a90ae2a2c31a7bb0139c1e338eb,0,sample_step,9.651200000004856e-05,9.122e-06,-8.739000000004856e-05,0.09451674403178269,-8.739000000004856e-05,0.09451674403178269
heft_prefill-1024xdecode_256_ops_trace.csv,decode,0,0,19,PIM0,pim,5,"LN:-1,QK:0,SV:0,LN:-1,SwiGLU:0",0.00014660800000010354,1.2253e-05,pim|decode|0|dee8ff963c4a9f3ef5051ebc43746a5c,0,sample_step,0.00014660800000010354,1.2253e-05,-0.00013435500000010355,0.08357661246310806,-0.00013435500000010355,0.08357661246310806
heft_prefill-1024xdecode_256_ops_trace.csv,decode,0,0,19,GPU0,npu,19,"Q:0,Q:1,K:0,K:1,V:0,V:1,Softmax:0,Softmax:1,O:0,O:1,Add:-1,FFN_W1:0,FFN_W3:0,FFN_W1:1,FFN_W3:1,SwiGLU:1,FFN_W2:0,FFN_W2:1,Add:-1",0.00045196420203064136,0.0005002240180969239,npu|decode|0|cb831580437a2754ddccf83aef8f2e46,0,sample_step,0.00045196420203064136,0.0005002240180969239,4.8259816066282516e-05,1.1067779612842228,4.8259816066282516e-05,1.1067779612842228
heft_prefill-1024xdecode_256_ops_trace.csv,decode,0,0,19,PIM1,pim,2,"QK:1,SV:1",9.651200000004856e-05,9.122e-06,pim|decode|0|9ba94a90ae2a2c31a7bb0139c1e338eb,0,sample_step,9.651200000004856e-05,9.122e-06,-8.739000000004856e-05,0.09451674403178269,-8.739000000004856e-05,0.09451674403178269
heft_prefill-1024xdecode_256_ops_trace.csv,decode,0,0,20,PIM0,pim,5,"LN:-1,QK:0,SV:0,LN:-1,SwiGLU:0",0.00014660800000010354,1.2253e-05,pim|decode|0|dee8ff963c4a9f3ef5051ebc43746a5c,0,sample_step,0.00014660800000010354,1.2253e-05,-0.00013435500000010355,0.08357661246310806,-0.00013435500000010355,0.08357661246310806
heft_prefill-1024xdecode_256_ops_trace.csv,decode,0,0,20,GPU0,npu,19,"Q:0,Q:1,K:0,K:1,V:0,V:1,Softmax:0,Softmax:1,O:0,O:1,Add:-1,FFN_W1:0,FFN_W3:0,FFN_W1:1,FFN_W3:1,SwiGLU:1,FFN_W2:0,FFN_W2:1,Add:-1",0.00045196420203064136,0.0005002240180969239,npu|decode|0|cb831580437a2754ddccf83aef8f2e46,0,sample_step,0.00045196420203064136,0.0005002240180969239,4.8259816066282516e-05,1.1067779612842228,4.8259816066282516e-05,1.1067779612842228
heft_prefill-1024xdecode_256_ops_trace.csv,decode,0,0,20,PIM1,pim,2,"QK:1,SV:1",9.651200000004856e-05,9.122e-06,pim|decode|0|9ba94a90ae2a2c31a7bb0139c1e338eb,0,sample_step,9.651200000004856e-05,9.122e-06,-8.739000000004856e-05,0.09451674403178269,-8.739000000004856e-05,0.09451674403178269
heft_prefill-1024xdecode_256_ops_trace.csv,decode,0,0,21,PIM0,pim,5,"LN:-1,QK:0,SV:0,LN:-1,SwiGLU:0",0.00014660800000010354,1.2253e-05,pim|decode|0|dee8ff963c4a9f3ef5051ebc43746a5c,0,sample_step,0.00014660800000010354,1.2253e-05,-0.00013435500000010355,0.08357661246310806,-0.00013435500000010355,0.08357661246310806
heft_prefill-1024xdecode_256_ops_trace.csv,decode,0,0,21,GPU0,npu,19,"Q:0,Q:1,K:0,K:1,V:0,V:1,Softmax:0,Softmax:1,O:0,O:1,Add:-1,FFN_W1:0,FFN_W3:0,FFN_W1:1,FFN_W3:1,SwiGLU:1,FFN_W2:0,FFN_W2:1,Add:-1",0.00045196420203064136,0.0005002240180969239,npu|decode|0|cb831580437a2754ddccf83aef8f2e46,0,sample_step,0.00045196420203064136,0.0005002240180969239,4.8259816066282516e-05,1.1067779612842228,4.8259816066282516e-05,1.1067779612842228
heft_prefill-1024xdecode_256_ops_trace.csv,decode,0,0,21,PIM1,pim,2,"QK:1,SV:1",9.651200000004856e-05,9.122e-06,pim|decode|0|9ba94a90ae2a2c31a7bb0139c1e338eb,0,sample_step,9.651200000004856e-05,9.122e-06,-8.739000000004856e-05,0.09451674403178269,-8.739000000004856e-05,0.09451674403178269
heft_prefill-1024xdecode_256_ops_trace.csv,decode,0,0,22,PIM0,pim,5,"LN:-1,QK:0,SV:0,LN:-1,SwiGLU:0",0.00014660800000010354,1.2253e-05,pim|decode|0|dee8ff963c4a9f3ef5051ebc43746a5c,0,sample_step,0.00014660800000010354,1.2253e-05,-0.00013435500000010355,0.08357661246310806,-0.00013435500000010355,0.08357661246310806
heft_prefill-1024xdecode_256_ops_trace.csv,decode,0,0,22,GPU0,npu,19,"Q:0,Q:1,K:0,K:1,V:0,V:1,Softmax:0,Softmax:1,O:0,O:1,Add:-1,FFN_W1:0,FFN_W3:0,FFN_W1:1,FFN_W3:1,SwiGLU:1,FFN_W2:0,FFN_W2:1,Add:-1",0.00045196420203064136,0.0005002240180969239,npu|decode|0|cb831580437a2754ddccf83aef8f2e46,0,sample_step,0.00045196420203064136,0.0005002240180969239,4.8259816066282516e-05,1.1067779612842228,4.8259816066282516e-05,1.1067779612842228
heft_prefill-1024xdecode_256_ops_trace.csv,decode,0,0,22,PIM1,pim,2,"QK:1,SV:1",9.651200000004856e-05,9.122e-06,pim|decode|0|9ba94a90ae2a2c31a7bb0139c1e338eb,0,sample_step,9.651200000004856e-05,9.122e-06,-8.739000000004856e-05,0.09451674403178269,-8.739000000004856e-05,0.09451674403178269
heft_prefill-1024xdecode_256_ops_trace.csv,decode,0,0,23,PIM0,pim,5,"LN:-1,QK:0,SV:0,LN:-1,SwiGLU:0",0.00014660800000010354,1.2253e-05,pim|decode|0|dee8ff963c4a9f3ef5051ebc43746a5c,0,sample_step,0.00014660800000010354,1.2253e-05,-0.00013435500000010355,0.08357661246310806,-0.00013435500000010355,0.08357661246310806
heft_prefill-1024xdecode_256_ops_trace.csv,decode,0,0,23,GPU0,npu,19,"Q:0,Q:1,K:0,K:1,V:0,V:1,Softmax:0,Softmax:1,O:0,O:1,Add:-1,FFN_W1:0,FFN_W3:0,FFN_W1:1,FFN_W3:1,SwiGLU:1,FFN_W2:0,FFN_W2:1,Add:-1",0.00045196420203064136,0.0005002240180969239,npu|decode|0|cb831580437a2754ddccf83aef8f2e46,0,sample_step,0.00045196420203064136,0.0005002240180969239,4.8259816066282516e-05,1.1067779612842228,4.8259816066282516e-05,1.1067779612842228
heft_prefill-1024xdecode_256_ops_trace.csv,decode,0,0,23,PIM1,pim,2,"QK:1,SV:1",9.651200000004856e-05,9.122e-06,pim|decode|0|9ba94a90ae2a2c31a7bb0139c1e338eb,0,sample_step,9.651200000004856e-05,9.122e-06,-8.739000000004856e-05,0.09451674403178269,-8.739000000004856e-05,0.09451674403178269
heft_prefill-1024xdecode_256_ops_trace.csv,decode,0,0,24,PIM0,pim,5,"LN:-1,QK:0,SV:0,LN:-1,SwiGLU:0",0.00014660800000010354,1.2253e-05,pim|decode|0|dee8ff963c4a9f3ef5051ebc43746a5c,0,sample_step,0.00014660800000010354,1.2253e-05,-0.00013435500000010355,0.08357661246310806,-0.00013435500000010355,0.08357661246310806
heft_prefill-1024xdecode_256_ops_trace.csv,decode,0,0,24,GPU0,npu,19,"Q:0,Q:1,K:0,K:1,V:0,V:1,Softmax:0,Softmax:1,O:0,O:1,Add:-1,FFN_W1:0,FFN_W3:0,FFN_W1:1,FFN_W3:1,SwiGLU:1,FFN_W2:0,FFN_W2:1,Add:-1",0.00045196420203064136,0.0005002240180969239,npu|decode|0|cb831580437a2754ddccf83aef8f2e46,0,sample_step,0.00045196420203064136,0.0005002240180969239,4.8259816066282516e-05,1.1067779612842228,4.8259816066282516e-05,1.1067779612842228
heft_prefill-1024xdecode_256_ops_trace.csv,decode,0,0,24,PIM1,pim,2,"QK:1,SV:1",9.651200000004856e-05,9.122e-06,pim|decode|0|9ba94a90ae2a2c31a7bb0139c1e338eb,0,sample_step,9.651200000004856e-05,9.122e-06,-8.739000000004856e-05,0.09451674403178269,-8.739000000004856e-05,0.09451674403178269
heft_prefill-1024xdecode_256_ops_trace.csv,decode,0,0,25,PIM0,pim,5,"LN:-1,QK:0,SV:0,LN:-1,SwiGLU:0",0.00014660800000010354,1.2253e-05,pim|decode|0|dee8ff963c4a9f3ef5051ebc43746a5c,0,sample_step,0.00014660800000010354,1.2253e-05,-0.00013435500000010355,0.08357661246310806,-0.00013435500000010355,0.08357661246310806
heft_prefill-1024xdecode_256_ops_trace.csv,decode,0,0,25,GPU0,npu,19,"Q:0,Q:1,K:0,K:1,V:0,V:1,Softmax:0,Softmax:1,O:0,O:1,Add:-1,FFN_W1:0,FFN_W3:0,FFN_W1:1,FFN_W3:1,SwiGLU:1,FFN_W2:0,FFN_W2:1,Add:-1",0.00045196420203064136,0.0005002240180969239,npu|decode|0|cb831580437a2754ddccf83aef8f2e46,0,sample_step,0.00045196420203064136,0.0005002240180969239,4.8259816066282516e-05,1.1067779612842228,4.8259816066282516e-05,1.1067779612842228
heft_prefill-1024xdecode_256_ops_trace.csv,decode,0,0,25,PIM1,pim,2,"QK:1,SV:1",9.651200000004856e-05,9.122e-06,pim|decode|0|9ba94a90ae2a2c31a7bb0139c1e338eb,0,sample_step,9.651200000004856e-05,9.122e-06,-8.739000000004856e-05,0.09451674403178269,-8.739000000004856e-05,0.09451674403178269
heft_prefill-1024xdecode_256_ops_trace.csv,decode,0,0,26,PIM0,pim,5,"LN:-1,QK:0,SV:0,LN:-1,SwiGLU:0",0.00014660800000010354,1.2253e-05,pim|decode|0|dee8ff963c4a9f3ef5051ebc43746a5c,0,sample_step,0.00014660800000010354,1.2253e-05,-0.00013435500000010355,0.08357661246310806,-0.00013435500000010355,0.08357661246310806
heft_prefill-1024xdecode_256_ops_trace.csv,decode,0,0,26,GPU0,npu,19,"Q:0,Q:1,K:0,K:1,V:0,V:1,Softmax:0,Softmax:1,O:0,O:1,Add:-1,FFN_W1:0,FFN_W3:0,FFN_W1:1,FFN_W3:1,SwiGLU:1,FFN_W2:0,FFN_W2:1,Add:-1",0.00045196420203064136,0.0005002240180969239,npu|decode|0|cb831580437a2754ddccf83aef8f2e46,0,sample_step,0.00045196420203064136,0.0005002240180969239,4.8259816066282516e-05,1.1067779612842228,4.8259816066282516e-05,1.1067779612842228
heft_prefill-1024xdecode_256_ops_trace.csv,decode,0,0,26,PIM1,pim,2,"QK:1,SV:1",9.651200000004856e-05,9.122e-06,pim|decode|0|9ba94a90ae2a2c31a7bb0139c1e338eb,0,sample_step,9.651200000004856e-05,9.122e-06,-8.739000000004856e-05,0.09451674403178269,-8.739000000004856e-05,0.09451674403178269
heft_prefill-1024xdecode_256_ops_trace.csv,decode,0,0,27,PIM0,pim,5,"LN:-1,QK:0,SV:0,LN:-1,SwiGLU:0",0.00014660800000010354,1.2253e-05,pim|decode|0|dee8ff963c4a9f3ef5051ebc43746a5c,0,sample_step,0.00014660800000010354,1.2253e-05,-0.00013435500000010355,0.08357661246310806,-0.00013435500000010355,0.08357661246310806
heft_prefill-1024xdecode_256_ops_trace.csv,decode,0,0,27,GPU0,npu,19,"Q:0,Q:1,K:0,K:1,V:0,V:1,Softmax:0,Softmax:1,O:0,O:1,Add:-1,FFN_W1:0,FFN_W3:0,FFN_W1:1,FFN_W3:1,SwiGLU:1,FFN_W2:0,FFN_W2:1,Add:-1",0.00045196420203064136,0.0005002240180969239,npu|decode|0|cb831580437a2754ddccf83aef8f2e46,0,sample_step,0.00045196420203064136,0.0005002240180969239,4.8259816066282516e-05,1.1067779612842228,4.8259816066282516e-05,1.1067779612842228
heft_prefill-1024xdecode_256_ops_trace.csv,decode,0,0,27,PIM1,pim,2,"QK:1,SV:1",9.651200000004856e-05,9.122e-06,pim|decode|0|9ba94a90ae2a2c31a7bb0139c1e338eb,0,sample_step,9.651200000004856e-05,9.122e-06,-8.739000000004856e-05,0.09451674403178269,-8.739000000004856e-05,0.09451674403178269
heft_prefill-1024xdecode_256_ops_trace.csv,decode,0,0,28,PIM0,pim,5,"LN:-1,QK:0,SV:0,LN:-1,SwiGLU:0",0.00014660800000010354,1.2253e-05,pim|decode|0|dee8ff963c4a9f3ef5051ebc43746a5c,0,sample_step,0.00014660800000010354,1.2253e-05,-0.00013435500000010355,0.08357661246310806,-0.00013435500000010355,0.08357661246310806
heft_prefill-1024xdecode_256_ops_trace.csv,decode,0,0,28,GPU0,npu,19,"Q:0,Q:1,K:0,K:1,V:0,V:1,Softmax:0,Softmax:1,O:0,O:1,Add:-1,FFN_W1:0,FFN_W3:0,FFN_W1:1,FFN_W3:1,SwiGLU:1,FFN_W2:0,FFN_W2:1,Add:-1",0.00045196420203064136,0.0005002240180969239,npu|decode|0|cb831580437a2754ddccf83aef8f2e46,0,sample_step,0.00045196420203064136,0.0005002240180969239,4.8259816066282516e-05,1.1067779612842228,4.8259816066282516e-05,1.1067779612842228
heft_prefill-1024xdecode_256_ops_trace.csv,decode,0,0,28,PIM1,pim,2,"QK:1,SV:1",9.651200000004856e-05,9.122e-06,pim|decode|0|9ba94a90ae2a2c31a7bb0139c1e338eb,0,sample_step,9.651200000004856e-05,9.122e-06,-8.739000000004856e-05,0.09451674403178269,-8.739000000004856e-05,0.09451674403178269
heft_prefill-1024xdecode_256_ops_trace.csv,decode,0,0,29,PIM0,pim,5,"LN:-1,QK:0,SV:0,LN:-1,SwiGLU:0",0.00014660800000010354,1.2253e-05,pim|decode|0|dee8ff963c4a9f3ef5051ebc43746a5c,0,sample_step,0.00014660800000010354,1.2253e-05,-0.00013435500000010355,0.08357661246310806,-0.00013435500000010355,0.08357661246310806
heft_prefill-1024xdecode_256_ops_trace.csv,decode,0,0,29,GPU0,npu,19,"Q:0,Q:1,K:0,K:1,V:0,V:1,Softmax:0,Softmax:1,O:0,O:1,Add:-1,FFN_W1:0,FFN_W3:0,FFN_W1:1,FFN_W3:1,SwiGLU:1,FFN_W2:0,FFN_W2:1,Add:-1",0.00045196420203064136,0.0005002240180969239,npu|decode|0|cb831580437a2754ddccf83aef8f2e46,0,sample_step,0.00045196420203064136,0.0005002240180969239,4.8259816066282516e-05,1.1067779612842228,4.8259816066282516e-05,1.1067779612842228
heft_prefill-1024xdecode_256_ops_trace.csv,decode,0,0,29,PIM1,pim,2,"QK:1,SV:1",9.651200000004856e-05,9.122e-06,pim|decode|0|9ba94a90ae2a2c31a7bb0139c1e338eb,0,sample_step,9.651200000004856e-05,9.122e-06,-8.739000000004856e-05,0.09451674403178269,-8.739000000004856e-05,0.09451674403178269
heft_prefill-1024xdecode_256_ops_trace.csv,decode,0,0,30,PIM0,pim,5,"LN:-1,QK:0,SV:0,LN:-1,SwiGLU:0",0.00014660800000010354,1.2253e-05,pim|decode|0|dee8ff963c4a9f3ef5051ebc43746a5c,0,sample_step,0.00014660800000010354,1.2253e-05,-0.00013435500000010355,0.08357661246310806,-0.00013435500000010355,0.08357661246310806
heft_prefill-1024xdecode_256_ops_trace.csv,decode,0,0,30,GPU0,npu,19,"Q:0,Q:1,K:0,K:1,V:0,V:1,Softmax:0,Softmax:1,O:0,O:1,Add:-1,FFN_W1:0,FFN_W3:0,FFN_W1:1,FFN_W3:1,SwiGLU:1,FFN_W2:0,FFN_W2:1,Add:-1",0.00045196420203064136,0.0005002240180969239,npu|decode|0|cb831580437a2754ddccf83aef8f2e46,0,sample_step,0.00045196420203064136,0.0005002240180969239,4.8259816066282516e-05,1.1067779612842228,4.8259816066282516e-05,1.1067779612842228
heft_prefill-1024xdecode_256_ops_trace.csv,decode,0,0,30,PIM1,pim,2,"QK:1,SV:1",9.651200000004856e-05,9.122e-06,pim|decode|0|9ba94a90ae2a2c31a7bb0139c1e338eb,0,sample_step,9.651200000004856e-05,9.122e-06,-8.739000000004856e-05,0.09451674403178269,-8.739000000004856e-05,0.09451674403178269
heft_prefill-1024xdecode_256_ops_trace.csv,decode,0,0,31,PIM0,pim,5,"LN:-1,QK:0,SV:0,LN:-1,SwiGLU:0",0.00014660800000010354,1.2253e-05,pim|decode|0|dee8ff963c4a9f3ef5051ebc43746a5c,0,sample_step,0.00014660800000010354,1.2253e-05,-0.00013435500000010355,0.08357661246310806,-0.00013435500000010355,0.08357661246310806
heft_prefill-1024xdecode_256_ops_trace.csv,decode,0,0,31,GPU0,npu,19,"Q:0,Q:1,K:0,K:1,V:0,V:1,Softmax:0,Softmax:1,O:0,O:1,Add:-1,FFN_W1:0,FFN_W3:0,FFN_W1:1,FFN_W3:1,SwiGLU:1,FFN_W2:0,FFN_W2:1,Add:-1",0.00045196420203064136,0.0005002240180969239,npu|decode|0|cb831580437a2754ddccf83aef8f2e46,0,sample_step,0.00045196420203064136,0.0005002240180969239,4.8259816066282516e-05,1.1067779612842228,4.8259816066282516e-05,1.1067779612842228
heft_prefill-1024xdecode_256_ops_trace.csv,decode,0,0,31,PIM1,pim,2,"QK:1,SV:1",9.651200000004856e-05,9.122e-06,pim|decode|0|9ba94a90ae2a2c31a7bb0139c1e338eb,0,sample_step,9.651200000004856e-05,9.122e-06,-8.739000000004856e-05,0.09451674403178269,-8.739000000004856e-05,0.09451674403178269
heft_prefill-1024xdecode_256_ops_trace.csv,decode,1,1,0,PIM0,pim,5,"LN:-1,QK:0,SV:0,LN:-1,SwiGLU:0",0.00019604800000005973,1.2253e-05,pim|decode|1|dee8ff963c4a9f3ef5051ebc43746a5c,1,sample_step,0.012351024000003763,0.0007719389999999999,-0.00018379500000005974,0.06249999999998095,-0.011579085000003764,0.06249999999998095
heft_prefill-1024xdecode_256_ops_trace.csv,decode,1,1,0,GPU0,npu,19,"Q:0,Q:1,K:0,K:1,V:0,V:1,Softmax:0,Softmax:1,O:0,O:1,Add:-1,FFN_W1:0,FFN_W3:0,FFN_W1:1,FFN_W3:1,SwiGLU:1,FFN_W2:0,FFN_W2:1,Add:-1",0.000451965133353216,0.000497766399383545,npu|decode|1|cb831580437a2754ddccf83aef8f2e46,1,sample_step,0.028473803401252606,0.031359283161163334,4.5801266030328996e-05,1.101338051655712,0.002885479759910728,1.101338051655712
heft_prefill-1024xdecode_256_ops_trace.csv,decode,1,1,0,PIM1,pim,2,"QK:1,SV:1",0.00014595200000000474,9.122e-06,pim|decode|1|9ba94a90ae2a2c31a7bb0139c1e338eb,1,sample_step,0.009194976000000299,0.000574686,-0.00013683000000000475,0.06249999999999797,-0.0086202900000003,0.062499999999997974
heft_prefill-1024xdecode_256_ops_trace.csv,decode,1,1,1,PIM0,pim,5,"LN:-1,QK:0,SV:0,LN:-1,SwiGLU:0",0.00019604800000005973,1.2253e-05,pim|decode|1|dee8ff963c4a9f3ef5051ebc43746a5c,1,sample_step,0.012351024000003763,0.0007719389999999999,-0.00018379500000005974,0.06249999999998095,-0.011579085000003764,0.06249999999998095
heft_prefill-1024xdecode_256_ops_trace.csv,decode,1,1,1,GPU0,npu,19,"Q:0,Q:1,K:0,K:1,V:0,V:1,Softmax:0,Softmax:1,O:0,O:1,Add:-1,FFN_W1:0,FFN_W3:0,FFN_W1:1,FFN_W3:1,SwiGLU:1,FFN_W2:0,FFN_W2:1,Add:-1",0.000451965133353216,0.000497766399383545,npu|decode|1|cb831580437a2754ddccf83aef8f2e46,1,sample_step,0.028473803401252606,0.031359283161163334,4.5801266030328996e-05,1.101338051655712,0.002885479759910728,1.101338051655712
heft_prefill-1024xdecode_256_ops_trace.csv,decode,1,1,1,PIM1,pim,2,"QK:1,SV:1",0.00014595200000000474,9.122e-06,pim|decode|1|9ba94a90ae2a2c31a7bb0139c1e338eb,1,sample_step,0.009194976000000299,0.000574686,-0.00013683000000000475,0.06249999999999797,-0.0086202900000003,0.062499999999997974
heft_prefill-1024xdecode_256_ops_trace.csv,decode,1,1,2,PIM0,pim,5,"LN:-1,QK:0,SV:0,LN:-1,SwiGLU:0",0.00019604800000005973,1.2253e-05,pim|decode|1|dee8ff963c4a9f3ef5051ebc43746a5c,1,sample_step,0.012351024000003763,0.0007719389999999999,-0.00018379500000005974,0.06249999999998095,-0.011579085000003764,0.06249999999998095
heft_prefill-1024xdecode_256_ops_trace.csv,decode,1,1,2,GPU0,npu,19,"Q:0,Q:1,K:0,K:1,V:0,V:1,Softmax:0,Softmax:1,O:0,O:1,Add:-1,FFN_W1:0,FFN_W3:0,FFN_W1:1,FFN_W3:1,SwiGLU:1,FFN_W2:0,FFN_W2:1,Add:-1",0.000451965133353216,0.000497766399383545,npu|decode|1|cb831580437a2754ddccf83aef8f2e46,1,sample_step,0.028473803401252606,0.031359283161163334,4.5801266030328996e-05,1.101338051655712,0.002885479759910728,1.101338051655712
heft_prefill-1024xdecode_256_ops_trace.csv,decode,1,1,2,PIM1,pim,2,"QK:1,SV:1",0.00014595200000000474,9.122e-06,pim|decode|1|9ba94a90ae2a2c31a7bb0139c1e338eb,1,sample_step,0.009194976000000299,0.000574686,-0.00013683000000000475,0.06249999999999797,-0.0086202900000003,0.062499999999997974
heft_prefill-1024xdecode_256_ops_trace.csv,decode,1,1,3,PIM0,pim,5,"LN:-1,QK:0,SV:0,LN:-1,SwiGLU:0",0.00019604800000005973,1.2253e-05,pim|decode|1|dee8ff963c4a9f3ef5051ebc43746a5c,1,sample_step,0.012351024000003763,0.0007719389999999999,-0.00018379500000005974,0.06249999999998095,-0.011579085000003764,0.06249999999998095
heft_prefill-1024xdecode_256_ops_trace.csv,decode,1,1,3,GPU0,npu,19,"Q:0,Q:1,K:0,K:1,V:0,V:1,Softmax:0,Softmax:1,O:0,O:1,Add:-1,FFN_W1:0,FFN_W3:0,FFN_W1:1,FFN_W3:1,SwiGLU:1,FFN_W2:0,FFN_W2:1,Add:-1",0.000451965133353216,0.000497766399383545,npu|decode|1|cb831580437a2754ddccf83aef8f2e46,1,sample_step,0.028473803401252606,0.031359283161163334,4.5801266030328996e-05,1.101338051655712,0.002885479759910728,1.101338051655712
heft_prefill-1024xdecode_256_ops_trace.csv,decode,1,1,3,PIM1,pim,2,"QK:1,SV:1",0.00014595200000000474,9.122e-06,pim|decode|1|9ba94a90ae2a2c31a7bb0139c1e338eb,1,sample_step,0.009194976000000299,0.000574686,-0.00013683000000000475,0.06249999999999797,-0.0086202900000003,0.062499999999997974
heft_prefill-1024xdecode_256_ops_trace.csv,decode,1,1,4,PIM0,pim,5,"LN:-1,QK:0,SV:0,LN:-1,SwiGLU:0",0.00019604800000005973,1.2253e-05,pim|decode|1|dee8ff963c4a9f3ef5051ebc43746a5c,1,sample_step,0.012351024000003763,0.0007719389999999999,-0.00018379500000005974,0.06249999999998095,-0.011579085000003764,0.06249999999998095
heft_prefill-1024xdecode_256_ops_trace.csv,decode,1,1,4,GPU0,npu,19,"Q:0,Q:1,K:0,K:1,V:0,V:1,Softmax:0,Softmax:1,O:0,O:1,Add:-1,FFN_W1:0,FFN_W3:0,FFN_W1:1,FFN_W3:1,SwiGLU:1,FFN_W2:0,FFN_W2:1,Add:-1",0.000451965133353216,0.000497766399383545,npu|decode|1|cb831580437a2754ddccf83aef8f2e46,1,sample_step,0.028473803401252606,0.031359283161163334,4.5801266030328996e-05,1.101338051655712,0.002885479759910728,1.101338051655712
heft_prefill-1024xdecode_256_ops_trace.csv,decode,1,1,4,PIM1,pim,2,"QK:1,SV:1",0.00014595200000000474,9.122e-06,pim|decode|1|9ba94a90ae2a2c31a7bb0139c1e338eb,1,sample_step,0.009194976000000299,0.000574686,-0.00013683000000000475,0.06249999999999797,-0.0086202900000003,0.062499999999997974
heft_prefill-1024xdecode_256_ops_trace.csv,decode,1,1,5,PIM0,pim,5,"LN:-1,QK:0,SV:0,LN:-1,SwiGLU:0",0.00019604800000005973,1.2253e-05,pim|decode|1|dee8ff963c4a9f3ef5051ebc43746a5c,1,sample_step,0.012351024000003763,0.0007719389999999999,-0.00018379500000005974,0.06249999999998095,-0.011579085000003764,0.06249999999998095
heft_prefill-1024xdecode_256_ops_trace.csv,decode,1,1,5,GPU0,npu,19,"Q:0,Q:1,K:0,K:1,V:0,V:1,Softmax:0,Softmax:1,O:0,O:1,Add:-1,FFN_W1:0,FFN_W3:0,FFN_W1:1,FFN_W3:1,SwiGLU:1,FFN_W2:0,FFN_W2:1,Add:-1",0.000451965133353216,0.000497766399383545,npu|decode|1|cb831580437a2754ddccf83aef8f2e46,1,sample_step,0.028473803401252606,0.031359283161163334,4.5801266030328996e-05,1.101338051655712,0.002885479759910728,1.101338051655712
heft_prefill-1024xdecode_256_ops_trace.csv,decode,1,1,5,PIM1,pim,2,"QK:1,SV:1",0.00014595200000000474,9.122e-06,pim|decode|1|9ba94a90ae2a2c31a7bb0139c1e338eb,1,sample_step,0.009194976000000299,0.000574686,-0.00013683000000000475,0.06249999999999797,-0.0086202900000003,0.062499999999997974
heft_prefill-1024xdecode_256_ops_trace.csv,decode,1,1,6,PIM0,pim,5,"LN:-1,QK:0,SV:0,LN:-1,SwiGLU:0",0.00019604800000005973,1.2253e-05,pim|decode|1|dee8ff963c4a9f3ef5051ebc43746a5c,1,sample_step,0.012351024000003763,0.0007719389999999999,-0.00018379500000005974,0.06249999999998095,-0.011579085000003764,0.06249999999998095
heft_prefill-1024xdecode_256_ops_trace.csv,decode,1,1,6,GPU0,npu,19,"Q:0,Q:1,K:0,K:1,V:0,V:1,Softmax:0,Softmax:1,O:0,O:1,Add:-1,FFN_W1:0,FFN_W3:0,FFN_W1:1,FFN_W3:1,SwiGLU:1,FFN_W2:0,FFN_W2:1,Add:-1",0.000451965133353216,0.000497766399383545,npu|decode|1|cb831580437a2754ddccf83aef8f2e46,1,sample_step,0.028473803401252606,0.031359283161163334,4.5801266030328996e-05,1.101338051655712,0.002885479759910728,1.101338051655712
heft_prefill-1024xdecode_256_ops_trace.csv,decode,1,1,6,PIM1,pim,2,"QK:1,SV:1",0.00014595200000000474,9.122e-06,pim|decode|1|9ba94a90ae2a2c31a7bb0139c1e338eb,1,sample_step,0.009194976000000299,0.000574686,-0.00013683000000000475,0.06249999999999797,-0.0086202900000003,0.062499999999997974
heft_prefill-1024xdecode_256_ops_trace.csv,decode,1,1,7,PIM0,pim,5,"LN:-1,QK:0,SV:0,LN:-1,SwiGLU:0",0.00019604800000005973,1.2253e-05,pim|decode|1|dee8ff963c4a9f3ef5051ebc43746a5c,1,sample_step,0.012351024000003763,0.0007719389999999999,-0.00018379500000005974,0.06249999999998095,-0.011579085000003764,0.06249999999998095
heft_prefill-1024xdecode_256_ops_trace.csv,decode,1,1,7,GPU0,npu,19,"Q:0,Q:1,K:0,K:1,V:0,V:1,Softmax:0,Softmax:1,O:0,O:1,Add:-1,FFN_W1:0,FFN_W3:0,FFN_W1:1,FFN_W3:1,SwiGLU:1,FFN_W2:0,FFN_W2:1,Add:-1",0.000451965133353216,0.000497766399383545,npu|decode|1|cb831580437a2754ddccf83aef8f2e46,1,sample_step,0.028473803401252606,0.031359283161163334,4.5801266030328996e-05,1.101338051655712,0.002885479759910728,1.101338051655712
heft_prefill-1024xdecode_256_ops_trace.csv,decode,1,1,7,PIM1,pim,2,"QK:1,SV:1",0.00014595200000000474,9.122e-06,pim|decode|1|9ba94a90ae2a2c31a7bb0139c1e338eb,1,sample_step,0.009194976000000299,0.000574686,-0.00013683000000000475,0.06249999999999797,-0.0086202900000003,0.062499999999997974
heft_prefill-1024xdecode_256_ops_trace.csv,decode,1,1,8,PIM0,pim,5,"LN:-1,QK:0,SV:0,LN:-1,SwiGLU:0",0.00019604800000005973,1.2253e-05,pim|decode|1|dee8ff963c4a9f3ef5051ebc43746a5c,1,sample_step,0.012351024000003763,0.0007719389999999999,-0.00018379500000005974,0.06249999999998095,-0.011579085000003764,0.06249999999998095
heft_prefill-1024xdecode_256_ops_trace.csv,decode,1,1,8,GPU0,npu,19,"Q:0,Q:1,K:0,K:1,V:0,V:1,Softmax:0,Softmax:1,O:0,O:1,Add:-1,FFN_W1:0,FFN_W3:0,FFN_W1:1,FFN_W3:1,SwiGLU:1,FFN_W2:0,FFN_W2:1,Add:-1",0.000451965133353216,0.000497766399383545,npu|decode|1|cb831580437a2754ddccf83aef8f2e46,1,sample_step,0.028473803401252606,0.031359283161163334,4.5801266030328996e-05,1.101338051655712,0.002885479759910728,1.101338051655712
heft_prefill-1024xdecode_256_ops_trace.csv,decode,1,1,8,PIM1,pim,2,"QK:1,SV:1",0.00014595200000000474,9.122e-06,pim|decode|1|9ba94a90ae2a2c31a7bb0139c1e338eb,1,sample_step,0.009194976000000299,0.000574686,-0.00013683000000000475,0.06249999999999797,-0.0086202900000003,0.062499999999997974
heft_prefill-1024xdecode_256_ops_trace.csv,decode,1,1,9,PIM0,pim,5,"LN:-1,QK:0,SV:0,LN:-1,SwiGLU:0",0.00019604800000005973,1.2253e-05,pim|decode|1|dee8ff963c4a9f3ef5051ebc43746a5c,1,sample_step,0.012351024000003763,0.0007719389999999999,-0.00018379500000005974,0.06249999999998095,-0.011579085000003764,0.06249999999998095
heft_prefill-1024xdecode_256_ops_trace.csv,decode,1,1,9,GPU0,npu,19,"Q:0,Q:1,K:0,K:1,V:0,V:1,Softmax:0,Softmax:1,O:0,O:1,Add:-1,FFN_W1:0,FFN_W3:0,FFN_W1:1,FFN_W3:1,SwiGLU:1,FFN_W2:0,FFN_W2:1,Add:-1",0.000451965133353216,0.000497766399383545,npu|decode|1|cb831580437a2754ddccf83aef8f2e46,1,sample_step,0.028473803401252606,0.031359283161163334,4.5801266030328996e-05,1.101338051655712,0.002885479759910728,1.101338051655712
heft_prefill-1024xdecode_256_ops_trace.csv,decode,1,1,9,PIM1,pim,2,"QK:1,SV:1",0.00014595200000000474,9.122e-06,pim|decode|1|9ba94a90ae2a2c31a7bb0139c1e338eb,1,sample_step,0.009194976000000299,0.000574686,-0.00013683000000000475,0.06249999999999797,-0.0086202900000003,0.062499999999997974
heft_prefill-1024xdecode_256_ops_trace.csv,decode,1,1,10,PIM0,pim,5,"LN:-1,QK:0,SV:0,LN:-1,SwiGLU:0",0.00019604800000005973,1.2253e-05,pim|decode|1|dee8ff963c4a9f3ef5051ebc43746a5c,1,sample_step,0.012351024000003763,0.0007719389999999999,-0.00018379500000005974,0.06249999999998095,-0.011579085000003764,0.06249999999998095
heft_prefill-1024xdecode_256_ops_trace.csv,decode,1,1,10,GPU0,npu,19,"Q:0,Q:1,K:0,K:1,V:0,V:1,Softmax:0,Softmax:1,O:0,O:1,Add:-1,FFN_W1:0,FFN_W3:0,FFN_W1:1,FFN_W3:1,SwiGLU:1,FFN_W2:0,FFN_W2:1,Add:-1",0.000451965133353216,0.000497766399383545,npu|decode|1|cb831580437a2754ddccf83aef8f2e46,1,sample_step,0.028473803401252606,0.031359283161163334,4.5801266030328996e-05,1.101338051655712,0.002885479759910728,1.101338051655712
heft_prefill-1024xdecode_256_ops_trace.csv,decode,1,1,10,PIM1,pim,2,"QK:1,SV:1",0.00014595200000000474,9.122e-06,pim|decode|1|9ba94a90ae2a2c31a7bb0139c1e338eb,1,sample_step,0.009194976000000299,0.000574686,-0.00013683000000000475,0.06249999999999797,-0.0086202900000003,0.062499999999997974
heft_prefill-1024xdecode_256_ops_trace.csv,decode,1,1,11,PIM0,pim,5,"LN:-1,QK:0,SV:0,LN:-1,SwiGLU:0",0.00019604800000005973,1.2253e-05,pim|decode|1|dee8ff963c4a9f3ef5051ebc43746a5c,1,sample_step,0.012351024000003763,0.0007719389999999999,-0.00018379500000005974,0.06249999999998095,-0.011579085000003764,0.06249999999998095
heft_prefill-1024xdecode_256_ops_trace.csv,decode,1,1,11,GPU0,npu,19,"Q:0,Q:1,K:0,K:1,V:0,V:1,Softmax:0,Softmax:1,O:0,O:1,Add:-1,FFN_W1:0,FFN_W3:0,FFN_W1:1,FFN_W3:1,SwiGLU:1,FFN_W2:0,FFN_W2:1,Add:-1",0.000451965133353216,0.000497766399383545,npu|decode|1|cb831580437a2754ddccf83aef8f2e46,1,sample_step,0.028473803401252606,0.031359283161163334,4.5801266030328996e-05,1.101338051655712,0.002885479759910728,1.101338051655712
heft_prefill-1024xdecode_256_ops_trace.csv,decode,1,1,11,PIM1,pim,2,"QK:1,SV:1",0.00014595200000000474,9.122e-06,pim|decode|1|9ba94a90ae2a2c31a7bb0139c1e338eb,1,sample_step,0.009194976000000299,0.000574686,-0.00013683000000000475,0.06249999999999797,-0.0086202900000003,0.062499999999997974
heft_prefill-1024xdecode_256_ops_trace.csv,decode,1,1,12,PIM0,pim,5,"LN:-1,QK:0,SV:0,LN:-1,SwiGLU:0",0.00019604800000005973,1.2253e-05,pim|decode|1|dee8ff963c4a9f3ef5051ebc43746a5c,1,sample_step,0.012351024000003763,0.0007719389999999999,-0.00018379500000005974,0.06249999999998095,-0.011579085000003764,0.06249999999998095
heft_prefill-1024xdecode_256_ops_trace.csv,decode,1,1,12,GPU0,npu,19,"Q:0,Q:1,K:0,K:1,V:0,V:1,Softmax:0,Softmax:1,O:0,O:1,Add:-1,FFN_W1:0,FFN_W3:0,FFN_W1:1,FFN_W3:1,SwiGLU:1,FFN_W2:0,FFN_W2:1,Add:-1",0.000451965133353216,0.000497766399383545,npu|decode|1|cb831580437a2754ddccf83aef8f2e46,1,sample_step,0.028473803401252606,0.031359283161163334,4.5801266030328996e-05,1.101338051655712,0.002885479759910728,1.101338051655712
heft_prefill-1024xdecode_256_ops_trace.csv,decode,1,1,12,PIM1,pim,2,"QK:1,SV:1",0.00014595200000000474,9.122e-06,pim|decode|1|9ba94a90ae2a2c31a7bb0139c1e338eb,1,sample_step,0.009194976000000299,0.000574686,-0.00013683000000000475,0.06249999999999797,-0.0086202900000003,0.062499999999997974
heft_prefill-1024xdecode_256_ops_trace.csv,decode,1,1,13,PIM0,pim,5,"LN:-1,QK:0,SV:0,LN:-1,SwiGLU:0",0.00019604800000005973,1.2253e-05,pim|decode|1|dee8ff963c4a9f3ef5051ebc43746a5c,1,sample_step,0.012351024000003763,0.0007719389999999999,-0.00018379500000005974,0.06249999999998095,-0.011579085000003764,0.06249999999998095
heft_prefill-1024xdecode_256_ops_trace.csv,decode,1,1,13,GPU0,npu,19,"Q:0,Q:1,K:0,K:1,V:0,V:1,Softmax:0,Softmax:1,O:0,O:1,Add:-1,FFN_W1:0,FFN_W3:0,FFN_W1:1,FFN_W3:1,SwiGLU:1,FFN_W2:0,FFN_W2:1,Add:-1",0.000451965133353216,0.000497766399383545,npu|decode|1|cb831580437a2754ddccf83aef8f2e46,1,sample_step,0.028473803401252606,0.031359283161163334,4.5801266030328996e-05,1.101338051655712,0.002885479759910728,1.101338051655712
heft_prefill-1024xdecode_256_ops_trace.csv,decode,1,1,13,PIM1,pim,2,"QK:1,SV:1",0.00014595200000000474,9.122e-06,pim|decode|1|9ba94a90ae2a2c31a7bb0139c1e338eb,1,sample_step,0.009194976000000299,0.000574686,-0.00013683000000000475,0.06249999999999797,-0.0086202900000003,0.062499999999997974
heft_prefill-1024xdecode_256_ops_trace.csv,decode,1,1,14,PIM0,pim,5,"LN:-1,QK:0,SV:0,LN:-1,SwiGLU:0",0.00019604800000005973,1.2253e-05,pim|decode|1|dee8ff963c4a9f3ef5051ebc43746a5c,1,sample_step,0.012351024000003763,0.0007719389999999999,-0.00018379500000005974,0.06249999999998095,-0.011579085000003764,0.06249999999998095
heft_prefill-1024xdecode_256_ops_trace.csv,decode,1,1,14,GPU0,npu,19,"Q:0,Q:1,K:0,K:1,V:0,V:1,Softmax:0,Softmax:1,O:0,O:1,Add:-1,FFN_W1:0,FFN_W3:0,FFN_W1:1,FFN_W3:1,SwiGLU:1,FFN_W2:0,FFN_W2:1,Add:-1",0.000451965133353216,0.000497766399383545,npu|decode|1|cb831580437a2754ddccf83aef8f2e46,1,sample_step,0.028473803401252606,0.031359283161163334,4.5801266030328996e-05,1.101338051655712,0.002885479759910728,1.101338051655712
heft_prefill-1024xdecode_256_ops_trace.csv,decode,1,1,14,PIM1,pim,2,"QK:1,SV:1",0.00014595200000000474,9.122e-06,pim|decode|1|9ba94a90ae2a2c31a7bb0139c1e338eb,1,sample_step,0.009194976000000299,0.000574686,-0.00013683000000000475,0.06249999999999797,-0.0086202900000003,0.062499999999997974
heft_prefill-1024xdecode_256_ops_trace.csv,decode,1,1,15,PIM0,pim,5,"LN:-1,QK:0,SV:0,LN:-1,SwiGLU:0",0.00019604800000005973,1.2253e-05,pim|decode|1|dee8ff963c4a9f3ef5051ebc43746a5c,1,sample_step,0.012351024000003763,0.0007719389999999999,-0.00018379500000005974,0.06249999999998095,-0.011579085000003764,0.06249999999998095
heft_prefill-1024xdecode_256_ops_trace.csv,decode,1,1,15,GPU0,npu,19,"Q:0,Q:1,K:0,K:1,V:0,V:1,Softmax:0,Softmax:1,O:0,O:1,Add:-1,FFN_W1:0,FFN_W3:0,FFN_W1:1,FFN_W3:1,SwiGLU:1,FFN_W2:0,FFN_W2:1,Add:-1",0.000451965133353216,0.000497766399383545,npu|decode|1|cb831580437a2754ddccf83aef8f2e46,1,sample_step,0.028473803401252606,0.031359283161163334,4.5801266030328996e-05,1.101338051655712,0.002885479759910728,1.101338051655712
heft_prefill-1024xdecode_256_ops_trace.csv,decode,1,1,15,PIM1,pim,2,"QK:1,SV:1",0.00014595200000000474,9.122e-06,pim|decode|1|9ba94a90ae2a2c31a7bb0139c1e338eb,1,sample_step,0.009194976000000299,0.000574686,-0.00013683000000000475,0.06249999999999797,-0.0086202900000003,0.062499999999997974
heft_prefill-1024xdecode_256_ops_trace.csv,decode,1,1,16,PIM0,pim,5,"LN:-1,QK:0,SV:0,LN:-1,SwiGLU:0",0.00019604800000005973,1.2253e-05,pim|decode|1|dee8ff963c4a9f3ef5051ebc43746a5c,1,sample_step,0.012351024000003763,0.0007719389999999999,-0.00018379500000005974,0.06249999999998095,-0.011579085000003764,0.06249999999998095
heft_prefill-1024xdecode_256_ops_trace.csv,decode,1,1,16,GPU0,npu,19,"Q:0,Q:1,K:0,K:1,V:0,V:1,Softmax:0,Softmax:1,O:0,O:1,Add:-1,FFN_W1:0,FFN_W3:0,FFN_W1:1,FFN_W3:1,SwiGLU:1,FFN_W2:0,FFN_W2:1,Add:-1",0.000451965133353216,0.000497766399383545,npu|decode|1|cb831580437a2754ddccf83aef8f2e46,1,sample_step,0.028473803401252606,0.031359283161163334,4.5801266030328996e-05,1.101338051655712,0.002885479759910728,1.101338051655712
heft_prefill-1024xdecode_256_ops_trace.csv,decode,1,1,16,PIM1,pim,2,"QK:1,SV:1",0.00014595200000000474,9.122e-06,pim|decode|1|9ba94a90ae2a2c31a7bb0139c1e338eb,1,sample_step,0.009194976000000299,0.000574686,-0.00013683000000000475,0.06249999999999797,-0.0086202900000003,0.062499999999997974
heft_prefill-1024xdecode_256_ops_trace.csv,decode,1,1,17,PIM0,pim,5,"LN:-1,QK:0,SV:0,LN:-1,SwiGLU:0",0.00019604800000005973,1.2253e-05,pim|decode|1|dee8ff963c4a9f3ef5051ebc43746a5c,1,sample_step,0.012351024000003763,0.0007719389999999999,-0.00018379500000005974,0.06249999999998095,-0.011579085000003764,0.06249999999998095
heft_prefill-1024xdecode_256_ops_trace.csv,decode,1,1,17,GPU0,npu,19,"Q:0,Q:1,K:0,K:1,V:0,V:1,Softmax:0,Softmax:1,O:0,O:1,Add:-1,FFN_W1:0,FFN_W3:0,FFN_W1:1,FFN_W3:1,SwiGLU:1,FFN_W2:0,FFN_W2:1,Add:-1",0.000451965133353216,0.000497766399383545,npu|decode|1|cb831580437a2754ddccf83aef8f2e46,1,sample_step,0.028473803401252606,0.031359283161163334,4.5801266030328996e-05,1.101338051655712,0.002885479759910728,1.101338051655712
heft_prefill-1024xdecode_256_ops_trace.csv,decode,1,1,17,PIM1,pim,2,"QK:1,SV:1",0.00014595200000000474,9.122e-06,pim|decode|1|9ba94a90ae2a2c31a7bb0139c1e338eb,1,sample_step,0.009194976000000299,0.000574686,-0.00013683000000000475,0.06249999999999797,-0.0086202900000003,0.062499999999997974
heft_prefill-1024xdecode_256_ops_trace.csv,decode,1,1,18,PIM0,pim,5,"LN:-1,QK:0,SV:0,LN:-1,SwiGLU:0",0.00019604800000005973,1.2253e-05,pim|decode|1|dee8ff963c4a9f3ef5051ebc43746a5c,1,sample_step,0.012351024000003763,0.0007719389999999999,-0.00018379500000005974,0.06249999999998095,-0.011579085000003764,0.06249999999998095
heft_prefill-1024xdecode_256_ops_trace.csv,decode,1,1,18,GPU0,npu,19,"Q:0,Q:1,K:0,K:1,V:0,V:1,Softmax:0,Softmax:1,O:0,O:1,Add:-1,FFN_W1:0,FFN_W3:0,FFN_W1:1,FFN_W3:1,SwiGLU:1,FFN_W2:0,FFN_W2:1,Add:-1",0.000451965133353216,0.000497766399383545,npu|decode|1|cb831580437a2754ddccf83aef8f2e46,1,sample_step,0.028473803401252606,0.031359283161163334,4.5801266030328996e-05,1.101338051655712,0.002885479759910728,1.101338051655712
heft_prefill-1024xdecode_256_ops_trace.csv,decode,1,1,18,PIM1,pim,2,"QK:1,SV:1",0.00014595200000000474,9.122e-06,pim|decode|1|9ba94a90ae2a2c31a7bb0139c1e338eb,1,sample_step,0.009194976000000299,0.000574686,-0.00013683000000000475,0.06249999999999797,-0.0086202900000003,0.062499999999997974
heft_prefill-1024xdecode_256_ops_trace.csv,decode,1,1,19,PIM0,pim,5,"LN:-1,QK:0,SV:0,LN:-1,SwiGLU:0",0.00019604800000005973,1.2253e-05,pim|decode|1|dee8ff963c4a9f3ef5051ebc43746a5c,1,sample_step,0.012351024000003763,0.0007719389999999999,-0.00018379500000005974,0.06249999999998095,-0.011579085000003764,0.06249999999998095
heft_prefill-1024xdecode_256_ops_trace.csv,decode,1,1,19,GPU0,npu,19,"Q:0,Q:1,K:0,K:1,V:0,V:1,Softmax:0,Softmax:1,O:0,O:1,Add:-1,FFN_W1:0,FFN_W3:0,FFN_W1:1,FFN_W3:1,SwiGLU:1,FFN_W2:0,FFN_W2:1,Add:-1",0.000451965133353216,0.000497766399383545,npu|decode|1|cb831580437a2754ddccf83aef8f2e46,1,sample_step,0.028473803401252606,0.031359283161163334,4.5801266030328996e-05,1.101338051655712,0.002885479759910728,1.101338051655712
heft_prefill-1024xdecode_256_ops_trace.csv,decode,1,1,19,PIM1,pim,2,"QK:1,SV:1",0.00014595200000000474,9.122e-06,pim|decode|1|9ba94a90ae2a2c31a7bb0139c1e338eb,1,sample_step,0.009194976000000299,0.000574686,-0.00013683000000000475,0.06249999999999797,-0.0086202900000003,0.062499999999997974
heft_prefill-1024xdecode_256_ops_trace.csv,decode,1,1,20,PIM0,pim,5,"LN:-1,QK:0,SV:0,LN:-1,SwiGLU:0",0.00019604800000005973,1.2253e-05,pim|decode|1|dee8ff963c4a9f3ef5051ebc43746a5c,1,sample_step,0.012351024000003763,0.0007719389999999999,-0.00018379500000005974,0.06249999999998095,-0.011579085000003764,0.06249999999998095
heft_prefill-1024xdecode_256_ops_trace.csv,decode,1,1,20,GPU0,npu,19,"Q:0,Q:1,K:0,K:1,V:0,V:1,Softmax:0,Softmax:1,O:0,O:1,Add:-1,FFN_W1:0,FFN_W3:0,FFN_W1:1,FFN_W3:1,SwiGLU:1,FFN_W2:0,FFN_W2:1,Add:-1",0.000451965133353216,0.000497766399383545,npu|decode|1|cb831580437a2754ddccf83aef8f2e46,1,sample_step,0.028473803401252606,0.031359283161163334,4.5801266030328996e-05,1.101338051655712,0.002885479759910728,1.101338051655712
heft_prefill-1024xdecode_256_ops_trace.csv,decode,1,1,20,PIM1,pim,2,"QK:1,SV:1",0.00014595200000000474,9.122e-06,pim|decode|1|9ba94a90ae2a2c31a7bb0139c1e338eb,1,sample_step,0.009194976000000299,0.000574686,-0.00013683000000000475,0.06249999999999797,-0.0086202900000003,0.062499999999997974
heft_prefill-1024xdecode_256_ops_trace.csv,decode,1,1,21,PIM0,pim,5,"LN:-1,QK:0,SV:0,LN:-1,SwiGLU:0",0.00019604800000005973,1.2253e-05,pim|decode|1|dee8ff963c4a9f3ef5051ebc43746a5c,1,sample_step,0.012351024000003763,0.0007719389999999999,-0.00018379500000005974,0.06249999999998095,-0.011579085000003764,0.06249999999998095
heft_prefill-1024xdecode_256_ops_trace.csv,decode,1,1,21,GPU0,npu,19,"Q:0,Q:1,K:0,K:1,V:0,V:1,Softmax:0,Softmax:1,O:0,O:1,Add:-1,FFN_W1:0,FFN_W3:0,FFN_W1:1,FFN_W3:1,SwiGLU:1,FFN_W2:0,FFN_W2:1,Add:-1",0.000451965133353216,0.000497766399383545,npu|decode|1|cb831580437a2754ddccf83aef8f2e46,1,sample_step,0.028473803401252606,0.031359283161163334,4.5801266030328996e-05,1.101338051655712,0.002885479759910728,1.101338051655712
heft_prefill-1024xdecode_256_ops_trace.csv,decode,1,1,21,PIM1,pim,2,"QK:1,SV:1",0.00014595200000000474,9.122e-06,pim|decode|1|9ba94a90ae2a2c31a7bb0139c1e338eb,1,sample_step,0.009194976000000299,0.000574686,-0.00013683000000000475,0.06249999999999797,-0.0086202900000003,0.062499999999997974
heft_prefill-1024xdecode_256_ops_trace.csv,decode,1,1,22,PIM0,pim,5,"LN:-1,QK:0,SV:0,LN:-1,SwiGLU:0",0.00019604800000005973,1.2253e-05,pim|decode|1|dee8ff963c4a9f3ef5051ebc43746a5c,1,sample_step,0.012351024000003763,0.0007719389999999999,-0.00018379500000005974,0.06249999999998095,-0.011579085000003764,0.06249999999998095
heft_prefill-1024xdecode_256_ops_trace.csv,decode,1,1,22,GPU0,npu,19,"Q:0,Q:1,K:0,K:1,V:0,V:1,Softmax:0,Softmax:1,O:0,O:1,Add:-1,FFN_W1:0,FFN_W3:0,FFN_W1:1,FFN_W3:1,SwiGLU:1,FFN_W2:0,FFN_W2:1,Add:-1",0.000451965133353216,0.000497766399383545,npu|decode|1|cb831580437a2754ddccf83aef8f2e46,1,sample_step,0.028473803401252606,0.031359283161163334,4.5801266030328996e-05,1.101338051655712,0.002885479759910728,1.101338051655712
heft_prefill-1024xdecode_256_ops_trace.csv,decode,1,1,22,PIM1,pim,2,"QK:1,SV:1",0.00014595200000000474,9.122e-06,pim|decode|1|9ba94a90ae2a2c31a7bb0139c1e338eb,1,sample_step,0.009194976000000299,0.000574686,-0.00013683000000000475,0.06249999999999797,-0.0086202900000003,0.062499999999997974
heft_prefill-1024xdecode_256_ops_trace.csv,decode,1,1,23,PIM0,pim,5,"LN:-1,QK:0,SV:0,LN:-1,SwiGLU:0",0.00019604800000005973,1.2253e-05,pim|decode|1|dee8ff963c4a9f3ef5051ebc43746a5c,1,sample_step,0.012351024000003763,0.0007719389999999999,-0.00018379500000005974,0.06249999999998095,-0.011579085000003764,0.06249999999998095
heft_prefill-1024xdecode_256_ops_trace.csv,decode,1,1,23,GPU0,npu,19,"Q:0,Q:1,K:0,K:1,V:0,V:1,Softmax:0,Softmax:1,O:0,O:1,Add:-1,FFN_W1:0,FFN_W3:0,FFN_W1:1,FFN_W3:1,SwiGLU:1,FFN_W2:0,FFN_W2:1,Add:-1",0.000451965133353216,0.000497766399383545,npu|decode|1|cb831580437a2754ddccf83aef8f2e46,1,sample_step,0.028473803401252606,0.031359283161163334,4.5801266030328996e-05,1.101338051655712,0.002885479759910728,1.101338051655712
heft_prefill-1024xdecode_256_ops_trace.csv,decode,1,1,23,PIM1,pim,2,"QK:1,SV:1",0.00014595200000000474,9.122e-06,pim|decode|1|9ba94a90ae2a2c31a7bb0139c1e338eb,1,sample_step,0.009194976000000299,0.000574686,-0.00013683000000000475,0.06249999999999797,-0.0086202900000003,0.062499999999997974
heft_prefill-1024xdecode_256_ops_trace.csv,decode,1,1,24,PIM0,pim,5,"LN:-1,QK:0,SV:0,LN:-1,SwiGLU:0",0.00019604800000005973,1.2253e-05,pim|decode|1|dee8ff963c4a9f3ef5051ebc43746a5c,1,sample_step,0.012351024000003763,0.0007719389999999999,-0.00018379500000005974,0.06249999999998095,-0.011579085000003764,0.06249999999998095
heft_prefill-1024xdecode_256_ops_trace.csv,decode,1,1,24,GPU0,npu,19,"Q:0,Q:1,K:0,K:1,V:0,V:1,Softmax:0,Softmax:1,O:0,O:1,Add:-1,FFN_W1:0,FFN_W3:0,FFN_W1:1,FFN_W3:1,SwiGLU:1,FFN_W2:0,FFN_W2:1,Add:-1",0.000451965133353216,0.000497766399383545,npu|decode|1|cb831580437a2754ddccf83aef8f2e46,1,sample_step,0.028473803401252606,0.031359283161163334,4.5801266030328996e-05,1.101338051655712,0.002885479759910728,1.101338051655712
heft_prefill-1024xdecode_256_ops_trace.csv,decode,1,1,24,PIM1,pim,2,"QK:1,SV:1",0.00014595200000000474,9.122e-06,pim|decode|1|9ba94a90ae2a2c31a7bb0139c1e338eb,1,sample_step,0.009194976000000299,0.000574686,-0.00013683000000000475,0.06249999999999797,-0.0086202900000003,0.062499999999997974
heft_prefill-1024xdecode_256_ops_trace.csv,decode,1,1,25,PIM0,pim,5,"LN:-1,QK:0,SV:0,LN:-1,SwiGLU:0",0.00019604800000005973,1.2253e-05,pim|decode|1|dee8ff963c4a9f3ef5051ebc43746a5c,1,sample_step,0.012351024000003763,0.0007719389999999999,-0.00018379500000005974,0.06249999999998095,-0.011579085000003764,0.06249999999998095
heft_prefill-1024xdecode_256_ops_trace.csv,decode,1,1,25,GPU0,npu,19,"Q:0,Q:1,K:0,K:1,V:0,V:1,Softmax:0,Softmax:1,O:0,O:1,Add:-1,FFN_W1:0,FFN_W3:0,FFN_W1:1,FFN_W3:1,SwiGLU:1,FFN_W2:0,FFN_W2:1,Add:-1",0.000451965133353216,0.000497766399383545,npu|decode|1|cb831580437a2754ddccf83aef8f2e46,1,sample_step,0.028473803401252606,0.031359283161163334,4.5801266030328996e-05,1.101338051655712,0.002885479759910728,1.101338051655712
heft_prefill-1024xdecode_256_ops_trace.csv,decode,1,1,25,PIM1,pim,2,"QK:1,SV:1",0.00014595200000000474,9.122e-06,pim|decode|1|9ba94a90ae2a2c31a7bb0139c1e338eb,1,sample_step,0.009194976000000299,0.000574686,-0.00013683000000000475,0.06249999999999797,-0.0086202900000003,0.062499999999997974
heft_prefill-1024xdecode_256_ops_trace.csv,decode,1,1,26,PIM0,pim,5,"LN:-1,QK:0,SV:0,LN:-1,SwiGLU:0",0.00019604800000005973,1.2253e-05,pim|decode|1|dee8ff963c4a9f3ef5051ebc43746a5c,1,sample_step,0.012351024000003763,0.0007719389999999999,-0.00018379500000005974,0.06249999999998095,-0.011579085000003764,0.06249999999998095
heft_prefill-1024xdecode_256_ops_trace.csv,decode,1,1,26,GPU0,npu,19,"Q:0,Q:1,K:0,K:1,V:0,V:1,Softmax:0,Softmax:1,O:0,O:1,Add:-1,FFN_W1:0,FFN_W3:0,FFN_W1:1,FFN_W3:1,SwiGLU:1,FFN_W2:0,FFN_W2:1,Add:-1",0.000451965133353216,0.000497766399383545,npu|decode|1|cb831580437a2754ddccf83aef8f2e46,1,sample_step,0.028473803401252606,0.031359283161163334,4.5801266030328996e-05,1.101338051655712,0.002885479759910728,1.101338051655712
heft_prefill-1024xdecode_256_ops_trace.csv,decode,1,1,26,PIM1,pim,2,"QK:1,SV:1",0.00014595200000000474,9.122e-06,pim|decode|1|9ba94a90ae2a2c31a7bb0139c1e338eb,1,sample_step,0.009194976000000299,0.000574686,-0.00013683000000000475,0.06249999999999797,-0.0086202900000003,0.062499999999997974
heft_prefill-1024xdecode_256_ops_trace.csv,decode,1,1,27,PIM0,pim,5,"LN:-1,QK:0,SV:0,LN:-1,SwiGLU:0",0.00019604800000005973,1.2253e-05,pim|decode|1|dee8ff963c4a9f3ef5051ebc43746a5c,1,sample_step,0.012351024000003763,0.0007719389999999999,-0.00018379500000005974,0.06249999999998095,-0.011579085000003764,0.06249999999998095
heft_prefill-1024xdecode_256_ops_trace.csv,decode,1,1,27,GPU0,npu,19,"Q:0,Q:1,K:0,K:1,V:0,V:1,Softmax:0,Softmax:1,O:0,O:1,Add:-1,FFN_W1:0,FFN_W3:0,FFN_W1:1,FFN_W3:1,SwiGLU:1,FFN_W2:0,FFN_W2:1,Add:-1",0.000451965133353216,0.000497766399383545,npu|decode|1|cb831580437a2754ddccf83aef8f2e46,1,sample_step,0.028473803401252606,0.031359283161163334,4.5801266030328996e-05,1.101338051655712,0.002885479759910728,1.101338051655712
heft_prefill-1024xdecode_256_ops_trace.csv,decode,1,1,27,PIM1,pim,2,"QK:1,SV:1",0.00014595200000000474,9.122e-06,pim|decode|1|9ba94a90ae2a2c31a7bb0139c1e338eb,1,sample_step,0.009194976000000299,0.000574686,-0.00013683000000000475,0.06249999999999797,-0.0086202900000003,0.062499999999997974
heft_prefill-1024xdecode_256_ops_trace.csv,decode,1,1,28,PIM0,pim,5,"LN:-1,QK:0,SV:0,LN:-1,SwiGLU:0",0.00019604800000005973,1.2253e-05,pim|decode|1|dee8ff963c4a9f3ef5051ebc43746a5c,1,sample_step,0.012351024000003763,0.0007719389999999999,-0.00018379500000005974,0.06249999999998095,-0.011579085000003764,0.06249999999998095
heft_prefill-1024xdecode_256_ops_trace.csv,decode,1,1,28,GPU0,npu,19,"Q:0,Q:1,K:0,K:1,V:0,V:1,Softmax:0,Softmax:1,O:0,O:1,Add:-1,FFN_W1:0,FFN_W3:0,FFN_W1:1,FFN_W3:1,SwiGLU:1,FFN_W2:0,FFN_W2:1,Add:-1",0.000451965133353216,0.000497766399383545,npu|decode|1|cb831580437a2754ddccf83aef8f2e46,1,sample_step,0.028473803401252606,0.031359283161163334,4.5801266030328996e-05,1.101338051655712,0.002885479759910728,1.101338051655712
heft_prefill-1024xdecode_256_ops_trace.csv,decode,1,1,28,PIM1,pim,2,"QK:1,SV:1",0.00014595200000000474,9.122e-06,pim|decode|1|9ba94a90ae2a2c31a7bb0139c1e338eb,1,sample_step,0.009194976000000299,0.000574686,-0.00013683000000000475,0.06249999999999797,-0.0086202900000003,0.062499999999997974
heft_prefill-1024xdecode_256_ops_trace.csv,decode,1,1,29,PIM0,pim,5,"LN:-1,QK:0,SV:0,LN:-1,SwiGLU:0",0.00019604800000005973,1.2253e-05,pim|decode|1|dee8ff963c4a9f3ef5051ebc43746a5c,1,sample_step,0.012351024000003763,0.0007719389999999999,-0.00018379500000005974,0.06249999999998095,-0.011579085000003764,0.06249999999998095
heft_prefill-1024xdecode_256_ops_trace.csv,decode,1,1,29,GPU0,npu,19,"Q:0,Q:1,K:0,K:1,V:0,V:1,Softmax:0,Softmax:1,O:0,O:1,Add:-1,FFN_W1:0,FFN_W3:0,FFN_W1:1,FFN_W3:1,SwiGLU:1,FFN_W2:0,FFN_W2:1,Add:-1",0.000451965133353216,0.000497766399383545,npu|decode|1|cb831580437a2754ddccf83aef8f2e46,1,sample_step,0.028473803401252606,0.031359283161163334,4.5801266030328996e-05,1.101338051655712,0.002885479759910728,1.101338051655712
heft_prefill-1024xdecode_256_ops_trace.csv,decode,1,1,29,PIM1,pim,2,"QK:1,SV:1",0.00014595200000000474,9.122e-06,pim|decode|1|9ba94a90ae2a2c31a7bb0139c1e338eb,1,sample_step,0.009194976000000299,0.000574686,-0.00013683000000000475,0.06249999999999797,-0.0086202900000003,0.062499999999997974
heft_prefill-1024xdecode_256_ops_trace.csv,decode,1,1,30,PIM0,pim,5,"LN:-1,QK:0,SV:0,LN:-1,SwiGLU:0",0.00019604800000005973,1.2253e-05,pim|decode|1|dee8ff963c4a9f3ef5051ebc43746a5c,1,sample_step,0.012351024000003763,0.0007719389999999999,-0.00018379500000005974,0.06249999999998095,-0.011579085000003764,0.06249999999998095
heft_prefill-1024xdecode_256_ops_trace.csv,decode,1,1,30,GPU0,npu,19,"Q:0,Q:1,K:0,K:1,V:0,V:1,Softmax:0,Softmax:1,O:0,O:1,Add:-1,FFN_W1:0,FFN_W3:0,FFN_W1:1,FFN_W3:1,SwiGLU:1,FFN_W2:0,FFN_W2:1,Add:-1",0.000451965133353216,0.000497766399383545,npu|decode|1|cb831580437a2754ddccf83aef8f2e46,1,sample_step,0.028473803401252606,0.031359283161163334,4.5801266030328996e-05,1.101338051655712,0.002885479759910728,1.101338051655712
heft_prefill-1024xdecode_256_ops_trace.csv,decode,1,1,30,PIM1,pim,2,"QK:1,SV:1",0.00014595200000000474,9.122e-06,pim|decode|1|9ba94a90ae2a2c31a7bb0139c1e338eb,1,sample_step,0.009194976000000299,0.000574686,-0.00013683000000000475,0.06249999999999797,-0.0086202900000003,0.062499999999997974
heft_prefill-1024xdecode_256_ops_trace.csv,decode,1,1,31,PIM0,pim,5,"LN:-1,QK:0,SV:0,LN:-1,SwiGLU:0",0.00019604800000005973,1.2253e-05,pim|decode|1|dee8ff963c4a9f3ef5051ebc43746a5c,1,sample_step,0.012351024000003763,0.0007719389999999999,-0.00018379500000005974,0.06249999999998095,-0.011579085000003764,0.06249999999998095
heft_prefill-1024xdecode_256_ops_trace.csv,decode,1,1,31,GPU0,npu,19,"Q:0,Q:1,K:0,K:1,V:0,V:1,Softmax:0,Softmax:1,O:0,O:1,Add:-1,FFN_W1:0,FFN_W3:0,FFN_W1:1,FFN_W3:1,SwiGLU:1,FFN_W2:0,FFN_W2:1,Add:-1",0.000451965133353216,0.000497766399383545,npu|decode|1|cb831580437a2754ddccf83aef8f2e46,1,sample_step,0.028473803401252606,0.031359283161163334,4.5801266030328996e-05,1.101338051655712,0.002885479759910728,1.101338051655712
heft_prefill-1024xdecode_256_ops_trace.csv,decode,1,1,31,PIM1,pim,2,"QK:1,SV:1",0.00014595200000000474,9.122e-06,pim|decode|1|9ba94a90ae2a2c31a7bb0139c1e338eb,1,sample_step,0.009194976000000299,0.000574686,-0.00013683000000000475,0.06249999999999797,-0.0086202900000003,0.062499999999997974
heft_prefill-1024xdecode_256_ops_trace.csv,decode,2,63,0,PIM0,pim,5,"LN:-1,QK:0,SV:0,LN:-1,SwiGLU:0",0.0001969120000002711,1.2307e-05,pim|decode|2|dee8ff963c4a9f3ef5051ebc43746a5c,2,sample_step,0.01260236800001735,0.000787648,-0.0001846050000002711,0.06249999999991395,-0.01181472000001735,0.06249999999991395
heft_prefill-1024xdecode_256_ops_trace.csv,decode,2,63,0,GPU0,npu,19,"Q:0,Q:1,K:0,K:1,V:0,V:1,Softmax:0,Softmax:1,O:0,O:1,Add:-1,FFN_W1:0,FFN_W3:0,FFN_W1:1,FFN_W3:1,SwiGLU:1,FFN_W2:0,FFN_W2:1,Add:-1",0.00045202380667630493,0.0004990975856781006,npu|decode|2|cb831580437a2754ddccf83aef8f2e46,2,sample_step,0.028929523627283515,0.03194224548339844,4.70737790017957e-05,1.1041400437466458,0.003012721856114925,1.1041400437466458
heft_prefill-1024xdecode_256_ops_trace.csv,decode,2,63,0,PIM1,pim,2,"QK:1,SV:1",0.00014681599999999406,9.176e-06,pim|decode|2|9ba94a90ae2a2c31a7bb0139c1e338eb,2,sample_step,0.00939622399999962,0.000587264,-0.00013763999999999405,0.06250000000000253,-0.00880895999999962,0.06250000000000253
heft_prefill-1024xdecode_256_ops_trace.csv,decode,2,63,1,PIM0,pim,5,"LN:-1,QK:0,SV:0,LN:-1,SwiGLU:0",0.0001969120000002711,1.2307e-05,pim|decode|2|dee8ff963c4a9f3ef5051ebc43746a5c,2,sample_step,0.01260236800001735,0.000787648,-0.0001846050000002711,0.06249999999991395,-0.01181472000001735,0.06249999999991395
heft_prefill-1024xdecode_256_ops_trace.csv,decode,2,63,1,GPU0,npu,19,"Q:0,Q:1,K:0,K:1,V:0,V:1,Softmax:0,Softmax:1,O:0,O:1,Add:-1,FFN_W1:0,FFN_W3:0,FFN_W1:1,FFN_W3:1,SwiGLU:1,FFN_W2:0,FFN_W2:1,Add:-1",0.00045202380667630493,0.0004990975856781006,npu|decode|2|cb831580437a2754ddccf83aef8f2e46,2,sample_step,0.028929523627283515,0.03194224548339844,4.70737790017957e-05,1.1041400437466458,0.003012721856114925,1.1041400437466458
heft_prefill-1024xdecode_256_ops_trace.csv,decode,2,63,1,PIM1,pim,2,"QK:1,SV:1",0.00014681599999999406,9.176e-06,pim|decode|2|9ba94a90ae2a2c31a7bb0139c1e338eb,2,sample_step,0.00939622399999962,0.000587264,-0.00013763999999999405,0.06250000000000253,-0.00880895999999962,0.06250000000000253
heft_prefill-1024xdecode_256_ops_trace.csv,decode,2,63,2,PIM0,pim,5,"LN:-1,QK:0,SV:0,LN:-1,SwiGLU:0",0.0001969120000002711,1.2307e-05,pim|decode|2|dee8ff963c4a9f3ef5051ebc43746a5c,2,sample_step,0.01260236800001735,0.000787648,-0.0001846050000002711,0.06249999999991395,-0.01181472000001735,0.06249999999991395
heft_prefill-1024xdecode_256_ops_trace.csv,decode,2,63,2,GPU0,npu,19,"Q:0,Q:1,K:0,K:1,V:0,V:1,Softmax:0,Softmax:1,O:0,O:1,Add:-1,FFN_W1:0,FFN_W3:0,FFN_W1:1,FFN_W3:1,SwiGLU:1,FFN_W2:0,FFN_W2:1,Add:-1",0.00045202380667630493,0.0004990975856781006,npu|decode|2|cb831580437a2754ddccf83aef8f2e46,2,sample_step,0.028929523627283515,0.03194224548339844,4.70737790017957e-05,1.1041400437466458,0.003012721856114925,1.1041400437466458
heft_prefill-1024xdecode_256_ops_trace.csv,decode,2,63,2,PIM1,pim,2,"QK:1,SV:1",0.00014681599999999406,9.176e-06,pim|decode|2|9ba94a90ae2a2c31a7bb0139c1e338eb,2,sample_step,0.00939622399999962,0.000587264,-0.00013763999999999405,0.06250000000000253,-0.00880895999999962,0.06250000000000253
heft_prefill-1024xdecode_256_ops_trace.csv,decode,2,63,3,PIM0,pim,5,"LN:-1,QK:0,SV:0,LN:-1,SwiGLU:0",0.0001969120000002711,1.2307e-05,pim|decode|2|dee8ff963c4a9f3ef5051ebc43746a5c,2,sample_step,0.01260236800001735,0.000787648,-0.0001846050000002711,0.06249999999991395,-0.01181472000001735,0.06249999999991395
heft_prefill-1024xdecode_256_ops_trace.csv,decode,2,63,3,GPU0,npu,19,"Q:0,Q:1,K:0,K:1,V:0,V:1,Softmax:0,Softmax:1,O:0,O:1,Add:-1,FFN_W1:0,FFN_W3:0,FFN_W1:1,FFN_W3:1,SwiGLU:1,FFN_W2:0,FFN_W2:1,Add:-1",0.00045202380667630493,0.0004990975856781006,npu|decode|2|cb831580437a2754ddccf83aef8f2e46,2,sample_step,0.028929523627283515,0.03194224548339844,4.70737790017957e-05,1.1041400437466458,0.003012721856114925,1.1041400437466458
heft_prefill-1024xdecode_256_ops_trace.csv,decode,2,63,3,PIM1,pim,2,"QK:1,SV:1",0.00014681599999999406,9.176e-06,pim|decode|2|9ba94a90ae2a2c31a7bb0139c1e338eb,2,sample_step,0.00939622399999962,0.000587264,-0.00013763999999999405,0.06250000000000253,-0.00880895999999962,0.06250000000000253
heft_prefill-1024xdecode_256_ops_trace.csv,decode,2,63,4,PIM0,pim,5,"LN:-1,QK:0,SV:0,LN:-1,SwiGLU:0",0.0001969120000002711,1.2307e-05,pim|decode|2|dee8ff963c4a9f3ef5051ebc43746a5c,2,sample_step,0.01260236800001735,0.000787648,-0.0001846050000002711,0.06249999999991395,-0.01181472000001735,0.06249999999991395
heft_prefill-1024xdecode_256_ops_trace.csv,decode,2,63,4,GPU0,npu,19,"Q:0,Q:1,K:0,K:1,V:0,V:1,Softmax:0,Softmax:1,O:0,O:1,Add:-1,FFN_W1:0,FFN_W3:0,FFN_W1:1,FFN_W3:1,SwiGLU:1,FFN_W2:0,FFN_W2:1,Add:-1",0.00045202380667630493,0.0004990975856781006,npu|decode|2|cb831580437a2754ddccf83aef8f2e46,2,sample_step,0.028929523627283515,0.03194224548339844,4.70737790017957e-05,1.1041400437466458,0.003012721856114925,1.1041400437466458
heft_prefill-1024xdecode_256_ops_trace.csv,decode,2,63,4,PIM1,pim,2,"QK:1,SV:1",0.00014681599999999406,9.176e-06,pim|decode|2|9ba94a90ae2a2c31a7bb0139c1e338eb,2,sample_step,0.00939622399999962,0.000587264,-0.00013763999999999405,0.06250000000000253,-0.00880895999999962,0.06250000000000253
heft_prefill-1024xdecode_256_ops_trace.csv,decode,2,63,5,PIM0,pim,5,"LN:-1,QK:0,SV:0,LN:-1,SwiGLU:0",0.0001969120000002711,1.2307e-05,pim|decode|2|dee8ff963c4a9f3ef5051ebc43746a5c,2,sample_step,0.01260236800001735,0.000787648,-0.0001846050000002711,0.06249999999991395,-0.01181472000001735,0.06249999999991395
heft_prefill-1024xdecode_256_ops_trace.csv,decode,2,63,5,GPU0,npu,19,"Q:0,Q:1,K:0,K:1,V:0,V:1,Softmax:0,Softmax:1,O:0,O:1,Add:-1,FFN_W1:0,FFN_W3:0,FFN_W1:1,FFN_W3:1,SwiGLU:1,FFN_W2:0,FFN_W2:1,Add:-1",0.00045202380667630493,0.0004990975856781006,npu|decode|2|cb831580437a2754ddccf83aef8f2e46,2,sample_step,0.028929523627283515,0.03194224548339844,4.70737790017957e-05,1.1041400437466458,0.003012721856114925,1.1041400437466458
heft_prefill-1024xdecode_256_ops_trace.csv,decode,2,63,5,PIM1,pim,2,"QK:1,SV:1",0.00014681599999999406,9.176e-06,pim|decode|2|9ba94a90ae2a2c31a7bb0139c1e338eb,2,sample_step,0.00939622399999962,0.000587264,-0.00013763999999999405,0.06250000000000253,-0.00880895999999962,0.06250000000000253
heft_prefill-1024xdecode_256_ops_trace.csv,decode,2,63,6,PIM0,pim,5,"LN:-1,QK:0,SV:0,LN:-1,SwiGLU:0",0.0001969120000002711,1.2307e-05,pim|decode|2|dee8ff963c4a9f3ef5051ebc43746a5c,2,sample_step,0.01260236800001735,0.000787648,-0.0001846050000002711,0.06249999999991395,-0.01181472000001735,0.06249999999991395
heft_prefill-1024xdecode_256_ops_trace.csv,decode,2,63,6,GPU0,npu,19,"Q:0,Q:1,K:0,K:1,V:0,V:1,Softmax:0,Softmax:1,O:0,O:1,Add:-1,FFN_W1:0,FFN_W3:0,FFN_W1:1,FFN_W3:1,SwiGLU:1,FFN_W2:0,FFN_W2:1,Add:-1",0.00045202380667630493,0.0004990975856781006,npu|decode|2|cb831580437a2754ddccf83aef8f2e46,2,sample_step,0.028929523627283515,0.03194224548339844,4.70737790017957e-05,1.1041400437466458,0.003012721856114925,1.1041400437466458
heft_prefill-1024xdecode_256_ops_trace.csv,decode,2,63,6,PIM1,pim,2,"QK:1,SV:1",0.00014681599999999406,9.176e-06,pim|decode|2|9ba94a90ae2a2c31a7bb0139c1e338eb,2,sample_step,0.00939622399999962,0.000587264,-0.00013763999999999405,0.06250000000000253,-0.00880895999999962,0.06250000000000253
heft_prefill-1024xdecode_256_ops_trace.csv,decode,2,63,7,PIM0,pim,5,"LN:-1,QK:0,SV:0,LN:-1,SwiGLU:0",0.0001969120000002711,1.2307e-05,pim|decode|2|dee8ff963c4a9f3ef5051ebc43746a5c,2,sample_step,0.01260236800001735,0.000787648,-0.0001846050000002711,0.06249999999991395,-0.01181472000001735,0.06249999999991395
heft_prefill-1024xdecode_256_ops_trace.csv,decode,2,63,7,GPU0,npu,19,"Q:0,Q:1,K:0,K:1,V:0,V:1,Softmax:0,Softmax:1,O:0,O:1,Add:-1,FFN_W1:0,FFN_W3:0,FFN_W1:1,FFN_W3:1,SwiGLU:1,FFN_W2:0,FFN_W2:1,Add:-1",0.00045202380667630493,0.0004990975856781006,npu|decode|2|cb831580437a2754ddccf83aef8f2e46,2,sample_step,0.028929523627283515,0.03194224548339844,4.70737790017957e-05,1.1041400437466458,0.003012721856114925,1.1041400437466458
heft_prefill-1024xdecode_256_ops_trace.csv,decode,2,63,7,PIM1,pim,2,"QK:1,SV:1",0.00014681599999999406,9.176e-06,pim|decode|2|9ba94a90ae2a2c31a7bb0139c1e338eb,2,sample_step,0.00939622399999962,0.000587264,-0.00013763999999999405,0.06250000000000253,-0.00880895999999962,0.06250000000000253
heft_prefill-1024xdecode_256_ops_trace.csv,decode,2,63,8,PIM0,pim,5,"LN:-1,QK:0,SV:0,LN:-1,SwiGLU:0",0.0001969120000002711,1.2307e-05,pim|decode|2|dee8ff963c4a9f3ef5051ebc43746a5c,2,sample_step,0.01260236800001735,0.000787648,-0.0001846050000002711,0.06249999999991395,-0.01181472000001735,0.06249999999991395
heft_prefill-1024xdecode_256_ops_trace.csv,decode,2,63,8,GPU0,npu,19,"Q:0,Q:1,K:0,K:1,V:0,V:1,Softmax:0,Softmax:1,O:0,O:1,Add:-1,FFN_W1:0,FFN_W3:0,FFN_W1:1,FFN_W3:1,SwiGLU:1,FFN_W2:0,FFN_W2:1,Add:-1",0.00045202380667630493,0.0004990975856781006,npu|decode|2|cb831580437a2754ddccf83aef8f2e46,2,sample_step,0.028929523627283515,0.03194224548339844,4.70737790017957e-05,1.1041400437466458,0.003012721856114925,1.1041400437466458
heft_prefill-1024xdecode_256_ops_trace.csv,decode,2,63,8,PIM1,pim,2,"QK:1,SV:1",0.00014681599999999406,9.176e-06,pim|decode|2|9ba94a90ae2a2c31a7bb0139c1e338eb,2,sample_step,0.00939622399999962,0.000587264,-0.00013763999999999405,0.06250000000000253,-0.00880895999999962,0.06250000000000253
heft_prefill-1024xdecode_256_ops_trace.csv,decode,2,63,9,PIM0,pim,5,"LN:-1,QK:0,SV:0,LN:-1,SwiGLU:0",0.0001969120000002711,1.2307e-05,pim|decode|2|dee8ff963c4a9f3ef5051ebc43746a5c,2,sample_step,0.01260236800001735,0.000787648,-0.0001846050000002711,0.06249999999991395,-0.01181472000001735,0.06249999999991395
heft_prefill-1024xdecode_256_ops_trace.csv,decode,2,63,9,GPU0,npu,19,"Q:0,Q:1,K:0,K:1,V:0,V:1,Softmax:0,Softmax:1,O:0,O:1,Add:-1,FFN_W1:0,FFN_W3:0,FFN_W1:1,FFN_W3:1,SwiGLU:1,FFN_W2:0,FFN_W2:1,Add:-1",0.00045202380667630493,0.0004990975856781006,npu|decode|2|cb831580437a2754ddccf83aef8f2e46,2,sample_step,0.028929523627283515,0.03194224548339844,4.70737790017957e-05,1.1041400437466458,0.003012721856114925,1.1041400437466458
heft_prefill-1024xdecode_256_ops_trace.csv,decode,2,63,9,PIM1,pim,2,"QK:1,SV:1",0.00014681599999999406,9.176e-06,pim|decode|2|9ba94a90ae2a2c31a7bb0139c1e338eb,2,sample_step,0.00939622399999962,0.000587264,-0.00013763999999999405,0.06250000000000253,-0.00880895999999962,0.06250000000000253
heft_prefill-1024xdecode_256_ops_trace.csv,decode,2,63,10,PIM0,pim,5,"LN:-1,QK:0,SV:0,LN:-1,SwiGLU:0",0.0001969120000002711,1.2307e-05,pim|decode|2|dee8ff963c4a9f3ef5051ebc43746a5c,2,sample_step,0.01260236800001735,0.000787648,-0.0001846050000002711,0.06249999999991395,-0.01181472000001735,0.06249999999991395
heft_prefill-1024xdecode_256_ops_trace.csv,decode,2,63,10,GPU0,npu,19,"Q:0,Q:1,K:0,K:1,V:0,V:1,Softmax:0,Softmax:1,O:0,O:1,Add:-1,FFN_W1:0,FFN_W3:0,FFN_W1:1,FFN_W3:1,SwiGLU:1,FFN_W2:0,FFN_W2:1,Add:-1",0.00045202380667630493,0.0004990975856781006,npu|decode|2|cb831580437a2754ddccf83aef8f2e46,2,sample_step,0.028929523627283515,0.03194224548339844,4.70737790017957e-05,1.1041400437466458,0.003012721856114925,1.1041400437466458
heft_prefill-1024xdecode_256_ops_trace.csv,decode,2,63,10,PIM1,pim,2,"QK:1,SV:1",0.00014681599999999406,9.176e-06,pim|decode|2|9ba94a90ae2a2c31a7bb0139c1e338eb,2,sample_step,0.00939622399999962,0.000587264,-0.00013763999999999405,0.06250000000000253,-0.00880895999999962,0.06250000000000253
heft_prefill-1024xdecode_256_ops_trace.csv,decode,2,63,11,PIM0,pim,5,"LN:-1,QK:0,SV:0,LN:-1,SwiGLU:0",0.0001969120000002711,1.2307e-05,pim|decode|2|dee8ff963c4a9f3ef5051ebc43746a5c,2,sample_step,0.01260236800001735,0.000787648,-0.0001846050000002711,0.06249999999991395,-0.01181472000001735,0.06249999999991395
heft_prefill-1024xdecode_256_ops_trace.csv,decode,2,63,11,GPU0,npu,19,"Q:0,Q:1,K:0,K:1,V:0,V:1,Softmax:0,Softmax:1,O:0,O:1,Add:-1,FFN_W1:0,FFN_W3:0,FFN_W1:1,FFN_W3:1,SwiGLU:1,FFN_W2:0,FFN_W2:1,Add:-1",0.00045202380667630493,0.0004990975856781006,npu|decode|2|cb831580437a2754ddccf83aef8f2e46,2,sample_step,0.028929523627283515,0.03194224548339844,4.70737790017957e-05,1.1041400437466458,0.003012721856114925,1.1041400437466458
heft_prefill-1024xdecode_256_ops_trace.csv,decode,2,63,11,PIM1,pim,2,"QK:1,SV:1",0.00014681599999999406,9.176e-06,pim|decode|2|9ba94a90ae2a2c31a7bb0139c1e338eb,2,sample_step,0.00939622399999962,0.000587264,-0.00013763999999999405,0.06250000000000253,-0.00880895999999962,0.06250000000000253
heft_prefill-1024xdecode_256_ops_trace.csv,decode,2,63,12,PIM0,pim,5,"LN:-1,QK:0,SV:0,LN:-1,SwiGLU:0",0.0001969120000002711,1.2307e-05,pim|decode|2|dee8ff963c4a9f3ef5051ebc43746a5c,2,sample_step,0.01260236800001735,0.000787648,-0.0001846050000002711,0.06249999999991395,-0.01181472000001735,0.06249999999991395
heft_prefill-1024xdecode_256_ops_trace.csv,decode,2,63,12,GPU0,npu,19,"Q:0,Q:1,K:0,K:1,V:0,V:1,Softmax:0,Softmax:1,O:0,O:1,Add:-1,FFN_W1:0,FFN_W3:0,FFN_W1:1,FFN_W3:1,SwiGLU:1,FFN_W2:0,FFN_W2:1,Add:-1",0.00045202380667630493,0.0004990975856781006,npu|decode|2|cb831580437a2754ddccf83aef8f2e46,2,sample_step,0.028929523627283515,0.03194224548339844,4.70737790017957e-05,1.1041400437466458,0.003012721856114925,1.1041400437466458
heft_prefill-1024xdecode_256_ops_trace.csv,decode,2,63,12,PIM1,pim,2,"QK:1,SV:1",0.00014681599999999406,9.176e-06,pim|decode|2|9ba94a90ae2a2c31a7bb0139c1e338eb,2,sample_step,0.00939622399999962,0.000587264,-0.00013763999999999405,0.06250000000000253,-0.00880895999999962,0.06250000000000253
heft_prefill-1024xdecode_256_ops_trace.csv,decode,2,63,13,PIM0,pim,5,"LN:-1,QK:0,SV:0,LN:-1,SwiGLU:0",0.0001969120000002711,1.2307e-05,pim|decode|2|dee8ff963c4a9f3ef5051ebc43746a5c,2,sample_step,0.01260236800001735,0.000787648,-0.0001846050000002711,0.06249999999991395,-0.01181472000001735,0.06249999999991395
heft_prefill-1024xdecode_256_ops_trace.csv,decode,2,63,13,GPU0,npu,19,"Q:0,Q:1,K:0,K:1,V:0,V:1,Softmax:0,Softmax:1,O:0,O:1,Add:-1,FFN_W1:0,FFN_W3:0,FFN_W1:1,FFN_W3:1,SwiGLU:1,FFN_W2:0,FFN_W2:1,Add:-1",0.00045202380667630493,0.0004990975856781006,npu|decode|2|cb831580437a2754ddccf83aef8f2e46,2,sample_step,0.028929523627283515,0.03194224548339844,4.70737790017957e-05,1.1041400437466458,0.003012721856114925,1.1041400437466458
heft_prefill-1024xdecode_256_ops_trace.csv,decode,2,63,13,PIM1,pim,2,"QK:1,SV:1",0.00014681599999999406,9.176e-06,pim|decode|2|9ba94a90ae2a2c31a7bb0139c1e338eb,2,sample_step,0.00939622399999962,0.000587264,-0.00013763999999999405,0.06250000000000253,-0.00880895999999962,0.06250000000000253
heft_prefill-1024xdecode_256_ops_trace.csv,decode,2,63,14,PIM0,pim,5,"LN:-1,QK:0,SV:0,LN:-1,SwiGLU:0",0.0001969120000002711,1.2307e-05,pim|decode|2|dee8ff963c4a9f3ef5051ebc43746a5c,2,sample_step,0.01260236800001735,0.000787648,-0.0001846050000002711,0.06249999999991395,-0.01181472000001735,0.06249999999991395
heft_prefill-1024xdecode_256_ops_trace.csv,decode,2,63,14,GPU0,npu,19,"Q:0,Q:1,K:0,K:1,V:0,V:1,Softmax:0,Softmax:1,O:0,O:1,Add:-1,FFN_W1:0,FFN_W3:0,FFN_W1:1,FFN_W3:1,SwiGLU:1,FFN_W2:0,FFN_W2:1,Add:-1",0.00045202380667630493,0.0004990975856781006,npu|decode|2|cb831580437a2754ddccf83aef8f2e46,2,sample_step,0.028929523627283515,0.03194224548339844,4.70737790017957e-05,1.1041400437466458,0.003012721856114925,1.1041400437466458
heft_prefill-1024xdecode_256_ops_trace.csv,decode,2,63,14,PIM1,pim,2,"QK:1,SV:1",0.00014681599999999406,9.176e-06,pim|decode|2|9ba94a90ae2a2c31a7bb0139c1e338eb,2,sample_step,0.00939622399999962,0.000587264,-0.00013763999999999405,0.06250000000000253,-0.00880895999999962,0.06250000000000253
heft_prefill-1024xdecode_256_ops_trace.csv,decode,2,63,15,PIM0,pim,5,"LN:-1,QK:0,SV:0,LN:-1,SwiGLU:0",0.0001969120000002711,1.2307e-05,pim|decode|2|dee8ff963c4a9f3ef5051ebc43746a5c,2,sample_step,0.01260236800001735,0.000787648,-0.0001846050000002711,0.06249999999991395,-0.01181472000001735,0.06249999999991395
heft_prefill-1024xdecode_256_ops_trace.csv,decode,2,63,15,GPU0,npu,19,"Q:0,Q:1,K:0,K:1,V:0,V:1,Softmax:0,Softmax:1,O:0,O:1,Add:-1,FFN_W1:0,FFN_W3:0,FFN_W1:1,FFN_W3:1,SwiGLU:1,FFN_W2:0,FFN_W2:1,Add:-1",0.00045202380667630493,0.0004990975856781006,npu|decode|2|cb831580437a2754ddccf83aef8f2e46,2,sample_step,0.028929523627283515,0.03194224548339844,4.70737790017957e-05,1.1041400437466458,0.003012721856114925,1.1041400437466458
heft_prefill-1024xdecode_256_ops_trace.csv,decode,2,63,15,PIM1,pim,2,"QK:1,SV:1",0.00014681599999999406,9.176e-06,pim|decode|2|9ba94a90ae2a2c31a7bb0139c1e338eb,2,sample_step,0.00939622399999962,0.000587264,-0.00013763999999999405,0.06250000000000253,-0.00880895999999962,0.06250000000000253
heft_prefill-1024xdecode_256_ops_trace.csv,decode,2,63,16,PIM0,pim,5,"LN:-1,QK:0,SV:0,LN:-1,SwiGLU:0",0.0001969120000002711,1.2307e-05,pim|decode|2|dee8ff963c4a9f3ef5051ebc43746a5c,2,sample_step,0.01260236800001735,0.000787648,-0.0001846050000002711,0.06249999999991395,-0.01181472000001735,0.06249999999991395
heft_prefill-1024xdecode_256_ops_trace.csv,decode,2,63,16,GPU0,npu,19,"Q:0,Q:1,K:0,K:1,V:0,V:1,Softmax:0,Softmax:1,O:0,O:1,Add:-1,FFN_W1:0,FFN_W3:0,FFN_W1:1,FFN_W3:1,SwiGLU:1,FFN_W2:0,FFN_W2:1,Add:-1",0.00045202380667630493,0.0004990975856781006,npu|decode|2|cb831580437a2754ddccf83aef8f2e46,2,sample_step,0.028929523627283515,0.03194224548339844,4.70737790017957e-05,1.1041400437466458,0.003012721856114925,1.1041400437466458
heft_prefill-1024xdecode_256_ops_trace.csv,decode,2,63,16,PIM1,pim,2,"QK:1,SV:1",0.00014681599999999406,9.176e-06,pim|decode|2|9ba94a90ae2a2c31a7bb0139c1e338eb,2,sample_step,0.00939622399999962,0.000587264,-0.00013763999999999405,0.06250000000000253,-0.00880895999999962,0.06250000000000253
heft_prefill-1024xdecode_256_ops_trace.csv,decode,2,63,17,PIM0,pim,5,"LN:-1,QK:0,SV:0,LN:-1,SwiGLU:0",0.0001969120000002711,1.2307e-05,pim|decode|2|dee8ff963c4a9f3ef5051ebc43746a5c,2,sample_step,0.01260236800001735,0.000787648,-0.0001846050000002711,0.06249999999991395,-0.01181472000001735,0.06249999999991395
heft_prefill-1024xdecode_256_ops_trace.csv,decode,2,63,17,GPU0,npu,19,"Q:0,Q:1,K:0,K:1,V:0,V:1,Softmax:0,Softmax:1,O:0,O:1,Add:-1,FFN_W1:0,FFN_W3:0,FFN_W1:1,FFN_W3:1,SwiGLU:1,FFN_W2:0,FFN_W2:1,Add:-1",0.00045202380667630493,0.0004990975856781006,npu|decode|2|cb831580437a2754ddccf83aef8f2e46,2,sample_step,0.028929523627283515,0.03194224548339844,4.70737790017957e-05,1.1041400437466458,0.003012721856114925,1.1041400437466458
heft_prefill-1024xdecode_256_ops_trace.csv,decode,2,63,17,PIM1,pim,2,"QK:1,SV:1",0.00014681599999999406,9.176e-06,pim|decode|2|9ba94a90ae2a2c31a7bb0139c1e338eb,2,sample_step,0.00939622399999962,0.000587264,-0.00013763999999999405,0.06250000000000253,-0.00880895999999962,0.06250000000000253
heft_prefill-1024xdecode_256_ops_trace.csv,decode,2,63,18,PIM0,pim,5,"LN:-1,QK:0,SV:0,LN:-1,SwiGLU:0",0.0001969120000002711,1.2307e-05,pim|decode|2|dee8ff963c4a9f3ef5051ebc43746a5c,2,sample_step,0.01260236800001735,0.000787648,-0.0001846050000002711,0.06249999999991395,-0.01181472000001735,0.06249999999991395
heft_prefill-1024xdecode_256_ops_trace.csv,decode,2,63,18,GPU0,npu,19,"Q:0,Q:1,K:0,K:1,V:0,V:1,Softmax:0,Softmax:1,O:0,O:1,Add:-1,FFN_W1:0,FFN_W3:0,FFN_W1:1,FFN_W3:1,SwiGLU:1,FFN_W2:0,FFN_W2:1,Add:-1",0.00045202380667630493,0.0004990975856781006,npu|decode|2|cb831580437a2754ddccf83aef8f2e46,2,sample_step,0.028929523627283515,0.03194224548339844,4.70737790017957e-05,1.1041400437466458,0.003012721856114925,1.1041400437466458
heft_prefill-1024xdecode_256_ops_trace.csv,decode,2,63,18,PIM1,pim,2,"QK:1,SV:1",0.00014681599999999406,9.176e-06,pim|decode|2|9ba94a90ae2a2c31a7bb0139c1e338eb,2,sample_step,0.00939622399999962,0.000587264,-0.00013763999999999405,0.06250000000000253,-0.00880895999999962,0.06250000000000253
heft_prefill-1024xdecode_256_ops_trace.csv,decode,2,63,19,PIM0,pim,5,"LN:-1,QK:0,SV:0,LN:-1,SwiGLU:0",0.0001969120000002711,1.2307e-05,pim|decode|2|dee8ff963c4a9f3ef5051ebc43746a5c,2,sample_step,0.01260236800001735,0.000787648,-0.0001846050000002711,0.06249999999991395,-0.01181472000001735,0.06249999999991395
heft_prefill-1024xdecode_256_ops_trace.csv,decode,2,63,19,GPU0,npu,19,"Q:0,Q:1,K:0,K:1,V:0,V:1,Softmax:0,Softmax:1,O:0,O:1,Add:-1,FFN_W1:0,FFN_W3:0,FFN_W1:1,FFN_W3:1,SwiGLU:1,FFN_W2:0,FFN_W2:1,Add:-1",0.00045202380667630493,0.0004990975856781006,npu|decode|2|cb831580437a2754ddccf83aef8f2e46,2,sample_step,0.028929523627283515,0.03194224548339844,4.70737790017957e-05,1.1041400437466458,0.003012721856114925,1.1041400437466458
heft_prefill-1024xdecode_256_ops_trace.csv,decode,2,63,19,PIM1,pim,2,"QK:1,SV:1",0.00014681599999999406,9.176e-06,pim|decode|2|9ba94a90ae2a2c31a7bb0139c1e338eb,2,sample_step,0.00939622399999962,0.000587264,-0.00013763999999999405,0.06250000000000253,-0.00880895999999962,0.06250000000000253
heft_prefill-1024xdecode_256_ops_trace.csv,decode,2,63,20,PIM0,pim,5,"LN:-1,QK:0,SV:0,LN:-1,SwiGLU:0",0.0001969120000002711,1.2307e-05,pim|decode|2|dee8ff963c4a9f3ef5051ebc43746a5c,2,sample_step,0.01260236800001735,0.000787648,-0.0001846050000002711,0.06249999999991395,-0.01181472000001735,0.06249999999991395
heft_prefill-1024xdecode_256_ops_trace.csv,decode,2,63,20,GPU0,npu,19,"Q:0,Q:1,K:0,K:1,V:0,V:1,Softmax:0,Softmax:1,O:0,O:1,Add:-1,FFN_W1:0,FFN_W3:0,FFN_W1:1,FFN_W3:1,SwiGLU:1,FFN_W2:0,FFN_W2:1,Add:-1",0.00045202380667630493,0.0004990975856781006,npu|decode|2|cb831580437a2754ddccf83aef8f2e46,2,sample_step,0.028929523627283515,0.03194224548339844,4.70737790017957e-05,1.1041400437466458,0.003012721856114925,1.1041400437466458
heft_prefill-1024xdecode_256_ops_trace.csv,decode,2,63,20,PIM1,pim,2,"QK:1,SV:1",0.00014681599999999406,9.176e-06,pim|decode|2|9ba94a90ae2a2c31a7bb0139c1e338eb,2,sample_step,0.00939622399999962,0.000587264,-0.00013763999999999405,0.06250000000000253,-0.00880895999999962,0.06250000000000253
heft_prefill-1024xdecode_256_ops_trace.csv,decode,2,63,21,PIM0,pim,5,"LN:-1,QK:0,SV:0,LN:-1,SwiGLU:0",0.0001969120000002711,1.2307e-05,pim|decode|2|dee8ff963c4a9f3ef5051ebc43746a5c,2,sample_step,0.01260236800001735,0.000787648,-0.0001846050000002711,0.06249999999991395,-0.01181472000001735,0.06249999999991395
heft_prefill-1024xdecode_256_ops_trace.csv,decode,2,63,21,GPU0,npu,19,"Q:0,Q:1,K:0,K:1,V:0,V:1,Softmax:0,Softmax:1,O:0,O:1,Add:-1,FFN_W1:0,FFN_W3:0,FFN_W1:1,FFN_W3:1,SwiGLU:1,FFN_W2:0,FFN_W2:1,Add:-1",0.00045202380667630493,0.0004990975856781006,npu|decode|2|cb831580437a2754ddccf83aef8f2e46,2,sample_step,0.028929523627283515,0.03194224548339844,4.70737790017957e-05,1.1041400437466458,0.003012721856114925,1.1041400437466458
heft_prefill-1024xdecode_256_ops_trace.csv,decode,2,63,21,PIM1,pim,2,"QK:1,SV:1",0.00014681599999999406,9.176e-06,pim|decode|2|9ba94a90ae2a2c31a7bb0139c1e338eb,2,sample_step,0.00939622399999962,0.000587264,-0.00013763999999999405,0.06250000000000253,-0.00880895999999962,0.06250000000000253
heft_prefill-1024xdecode_256_ops_trace.csv,decode,2,63,22,PIM0,pim,5,"LN:-1,QK:0,SV:0,LN:-1,SwiGLU:0",0.0001969120000002711,1.2307e-05,pim|decode|2|dee8ff963c4a9f3ef5051ebc43746a5c,2,sample_step,0.01260236800001735,0.000787648,-0.0001846050000002711,0.06249999999991395,-0.01181472000001735,0.06249999999991395
heft_prefill-1024xdecode_256_ops_trace.csv,decode,2,63,22,GPU0,npu,19,"Q:0,Q:1,K:0,K:1,V:0,V:1,Softmax:0,Softmax:1,O:0,O:1,Add:-1,FFN_W1:0,FFN_W3:0,FFN_W1:1,FFN_W3:1,SwiGLU:1,FFN_W2:0,FFN_W2:1,Add:-1",0.00045202380667630493,0.0004990975856781006,npu|decode|2|cb831580437a2754ddccf83aef8f2e46,2,sample_step,0.028929523627283515,0.03194224548339844,4.70737790017957e-05,1.1041400437466458,0.003012721856114925,1.1041400437466458
heft_prefill-1024xdecode_256_ops_trace.csv,decode,2,63,22,PIM1,pim,2,"QK:1,SV:1",0.00014681599999999406,9.176e-06,pim|decode|2|9ba94a90ae2a2c31a7bb0139c1e338eb,2,sample_step,0.00939622399999962,0.000587264,-0.00013763999999999405,0.06250000000000253,-0.00880895999999962,0.06250000000000253
heft_prefill-1024xdecode_256_ops_trace.csv,decode,2,63,23,PIM0,pim,5,"LN:-1,QK:0,SV:0,LN:-1,SwiGLU:0",0.0001969120000002711,1.2307e-05,pim|decode|2|dee8ff963c4a9f3ef5051ebc43746a5c,2,sample_step,0.01260236800001735,0.000787648,-0.0001846050000002711,0.06249999999991395,-0.01181472000001735,0.06249999999991395
heft_prefill-1024xdecode_256_ops_trace.csv,decode,2,63,23,GPU0,npu,19,"Q:0,Q:1,K:0,K:1,V:0,V:1,Softmax:0,Softmax:1,O:0,O:1,Add:-1,FFN_W1:0,FFN_W3:0,FFN_W1:1,FFN_W3:1,SwiGLU:1,FFN_W2:0,FFN_W2:1,Add:-1",0.00045202380667630493,0.0004990975856781006,npu|decode|2|cb831580437a2754ddccf83aef8f2e46,2,sample_step,0.028929523627283515,0.03194224548339844,4.70737790017957e-05,1.1041400437466458,0.003012721856114925,1.1041400437466458
heft_prefill-1024xdecode_256_ops_trace.csv,decode,2,63,23,PIM1,pim,2,"QK:1,SV:1",0.00014681599999999406,9.176e-06,pim|decode|2|9ba94a90ae2a2c31a7bb0139c1e338eb,2,sample_step,0.00939622399999962,0.000587264,-0.00013763999999999405,0.06250000000000253,-0.00880895999999962,0.06250000000000253
heft_prefill-1024xdecode_256_ops_trace.csv,decode,2,63,24,PIM0,pim,5,"LN:-1,QK:0,SV:0,LN:-1,SwiGLU:0",0.0001969120000002711,1.2307e-05,pim|decode|2|dee8ff963c4a9f3ef5051ebc43746a5c,2,sample_step,0.01260236800001735,0.000787648,-0.0001846050000002711,0.06249999999991395,-0.01181472000001735,0.06249999999991395
heft_prefill-1024xdecode_256_ops_trace.csv,decode,2,63,24,GPU0,npu,19,"Q:0,Q:1,K:0,K:1,V:0,V:1,Softmax:0,Softmax:1,O:0,O:1,Add:-1,FFN_W1:0,FFN_W3:0,FFN_W1:1,FFN_W3:1,SwiGLU:1,FFN_W2:0,FFN_W2:1,Add:-1",0.00045202380667630493,0.0004990975856781006,npu|decode|2|cb831580437a2754ddccf83aef8f2e46,2,sample_step,0.028929523627283515,0.03194224548339844,4.70737790017957e-05,1.1041400437466458,0.003012721856114925,1.1041400437466458
heft_prefill-1024xdecode_256_ops_trace.csv,decode,2,63,24,PIM1,pim,2,"QK:1,SV:1",0.00014681599999999406,9.176e-06,pim|decode|2|9ba94a90ae2a2c31a7bb0139c1e338eb,2,sample_step,0.00939622399999962,0.000587264,-0.00013763999999999405,0.06250000000000253,-0.00880895999999962,0.06250000000000253
heft_prefill-1024xdecode_256_ops_trace.csv,decode,2,63,25,PIM0,pim,5,"LN:-1,QK:0,SV:0,LN:-1,SwiGLU:0",0.0001969120000002711,1.2307e-05,pim|decode|2|dee8ff963c4a9f3ef5051ebc43746a5c,2,sample_step,0.01260236800001735,0.000787648,-0.0001846050000002711,0.06249999999991395,-0.01181472000001735,0.06249999999991395
heft_prefill-1024xdecode_256_ops_trace.csv,decode,2,63,25,GPU0,npu,19,"Q:0,Q:1,K:0,K:1,V:0,V:1,Softmax:0,Softmax:1,O:0,O:1,Add:-1,FFN_W1:0,FFN_W3:0,FFN_W1:1,FFN_W3:1,SwiGLU:1,FFN_W2:0,FFN_W2:1,Add:-1",0.00045202380667630493,0.0004990975856781006,npu|decode|2|cb831580437a2754ddccf83aef8f2e46,2,sample_step,0.028929523627283515,0.03194224548339844,4.70737790017957e-05,1.1041400437466458,0.003012721856114925,1.1041400437466458
heft_prefill-1024xdecode_256_ops_trace.csv,decode,2,63,25,PIM1,pim,2,"QK:1,SV:1",0.00014681599999999406,9.176e-06,pim|decode|2|9ba94a90ae2a2c31a7bb0139c1e338eb,2,sample_step,0.00939622399999962,0.000587264,-0.00013763999999999405,0.06250000000000253,-0.00880895999999962,0.06250000000000253
heft_prefill-1024xdecode_256_ops_trace.csv,decode,2,63,26,PIM0,pim,5,"LN:-1,QK:0,SV:0,LN:-1,SwiGLU:0",0.0001969120000002711,1.2307e-05,pim|decode|2|dee8ff963c4a9f3ef5051ebc43746a5c,2,sample_step,0.01260236800001735,0.000787648,-0.0001846050000002711,0.06249999999991395,-0.01181472000001735,0.06249999999991395
heft_prefill-1024xdecode_256_ops_trace.csv,decode,2,63,26,GPU0,npu,19,"Q:0,Q:1,K:0,K:1,V:0,V:1,Softmax:0,Softmax:1,O:0,O:1,Add:-1,FFN_W1:0,FFN_W3:0,FFN_W1:1,FFN_W3:1,SwiGLU:1,FFN_W2:0,FFN_W2:1,Add:-1",0.00045202380667630493,0.0004990975856781006,npu|decode|2|cb831580437a2754ddccf83aef8f2e46,2,sample_step,0.028929523627283515,0.03194224548339844,4.70737790017957e-05,1.1041400437466458,0.003012721856114925,1.1041400437466458
heft_prefill-1024xdecode_256_ops_trace.csv,decode,2,63,26,PIM1,pim,2,"QK:1,SV:1",0.00014681599999999406,9.176e-06,pim|decode|2|9ba94a90ae2a2c31a7bb0139c1e338eb,2,sample_step,0.00939622399999962,0.000587264,-0.00013763999999999405,0.06250000000000253,-0.00880895999999962,0.06250000000000253
heft_prefill-1024xdecode_256_ops_trace.csv,decode,2,63,27,PIM0,pim,5,"LN:-1,QK:0,SV:0,LN:-1,SwiGLU:0",0.0001969120000002711,1.2307e-05,pim|decode|2|dee8ff963c4a9f3ef5051ebc43746a5c,2,sample_step,0.01260236800001735,0.000787648,-0.0001846050000002711,0.06249999999991395,-0.01181472000001735,0.06249999999991395
heft_prefill-1024xdecode_256_ops_trace.csv,decode,2,63,27,GPU0,npu,19,"Q:0,Q:1,K:0,K:1,V:0,V:1,Softmax:0,Softmax:1,O:0,O:1,Add:-1,FFN_W1:0,FFN_W3:0,FFN_W1:1,FFN_W3:1,SwiGLU:1,FFN_W2:0,FFN_W2:1,Add:-1",0.00045202380667630493,0.0004990975856781006,npu|decode|2|cb831580437a2754ddccf83aef8f2e46,2,sample_step,0.028929523627283515,0.03194224548339844,4.70737790017957e-05,1.1041400437466458,0.003012721856114925,1.1041400437466458
heft_prefill-1024xdecode_256_ops_trace.csv,decode,2,63,27,PIM1,pim,2,"QK:1,SV:1",0.00014681599999999406,9.176e-06,pim|decode|2|9ba94a90ae2a2c31a7bb0139c1e338eb,2,sample_step,0.00939622399999962,0.000587264,-0.00013763999999999405,0.06250000000000253,-0.00880895999999962,0.06250000000000253
heft_prefill-1024xdecode_256_ops_trace.csv,decode,2,63,28,PIM0,pim,5,"LN:-1,QK:0,SV:0,LN:-1,SwiGLU:0",0.0001969120000002711,1.2307e-05,pim|decode|2|dee8ff963c4a9f3ef5051ebc43746a5c,2,sample_step,0.01260236800001735,0.000787648,-0.0001846050000002711,0.06249999999991395,-0.01181472000001735,0.06249999999991395
heft_prefill-1024xdecode_256_ops_trace.csv,decode,2,63,28,GPU0,npu,19,"Q:0,Q:1,K:0,K:1,V:0,V:1,Softmax:0,Softmax:1,O:0,O:1,Add:-1,FFN_W1:0,FFN_W3:0,FFN_W1:1,FFN_W3:1,SwiGLU:1,FFN_W2:0,FFN_W2:1,Add:-1",0.00045202380667630493,0.0004990975856781006,npu|decode|2|cb831580437a2754ddccf83aef8f2e46,2,sample_step,0.028929523627283515,0.03194224548339844,4.70737790017957e-05,1.1041400437466458,0.003012721856114925,1.1041400437466458
heft_prefill-1024xdecode_256_ops_trace.csv,decode,2,63,28,PIM1,pim,2,"QK:1,SV:1",0.00014681599999999406,9.176e-06,pim|decode|2|9ba94a90ae2a2c31a7bb0139c1e338eb,2,sample_step,0.00939622399999962,0.000587264,-0.00013763999999999405,0.06250000000000253,-0.00880895999999962,0.06250000000000253
heft_prefill-1024xdecode_256_ops_trace.csv,decode,2,63,29,PIM0,pim,5,"LN:-1,QK:0,SV:0,LN:-1,SwiGLU:0",0.0001969120000002711,1.2307e-05,pim|decode|2|dee8ff963c4a9f3ef5051ebc43746a5c,2,sample_step,0.01260236800001735,0.000787648,-0.0001846050000002711,0.06249999999991395,-0.01181472000001735,0.06249999999991395
heft_prefill-1024xdecode_256_ops_trace.csv,decode,2,63,29,GPU0,npu,19,"Q:0,Q:1,K:0,K:1,V:0,V:1,Softmax:0,Softmax:1,O:0,O:1,Add:-1,FFN_W1:0,FFN_W3:0,FFN_W1:1,FFN_W3:1,SwiGLU:1,FFN_W2:0,FFN_W2:1,Add:-1",0.00045202380667630493,0.0004990975856781006,npu|decode|2|cb831580437a2754ddccf83aef8f2e46,2,sample_step,0.028929523627283515,0.03194224548339844,4.70737790017957e-05,1.1041400437466458,0.003012721856114925,1.1041400437466458
heft_prefill-1024xdecode_256_ops_trace.csv,decode,2,63,29,PIM1,pim,2,"QK:1,SV:1",0.00014681599999999406,9.176e-06,pim|decode|2|9ba94a90ae2a2c31a7bb0139c1e338eb,2,sample_step,0.00939622399999962,0.000587264,-0.00013763999999999405,0.06250000000000253,-0.00880895999999962,0.06250000000000253
heft_prefill-1024xdecode_256_ops_trace.csv,decode,2,63,30,PIM0,pim,5,"LN:-1,QK:0,SV:0,LN:-1,SwiGLU:0",0.0001969120000002711,1.2307e-05,pim|decode|2|dee8ff963c4a9f3ef5051ebc43746a5c,2,sample_step,0.01260236800001735,0.000787648,-0.0001846050000002711,0.06249999999991395,-0.01181472000001735,0.06249999999991395
heft_prefill-1024xdecode_256_ops_trace.csv,decode,2,63,30,GPU0,npu,19,"Q:0,Q:1,K:0,K:1,V:0,V:1,Softmax:0,Softmax:1,O:0,O:1,Add:-1,FFN_W1:0,FFN_W3:0,FFN_W1:1,FFN_W3:1,SwiGLU:1,FFN_W2:0,FFN_W2:1,Add:-1",0.00045202380667630493,0.0004990975856781006,npu|decode|2|cb831580437a2754ddccf83aef8f2e46,2,sample_step,0.028929523627283515,0.03194224548339844,4.70737790017957e-05,1.1041400437466458,0.003012721856114925,1.1041400437466458
heft_prefill-1024xdecode_256_ops_trace.csv,decode,2,63,30,PIM1,pim,2,"QK:1,SV:1",0.00014681599999999406,9.176e-06,pim|decode|2|9ba94a90ae2a2c31a7bb0139c1e338eb,2,sample_step,0.00939622399999962,0.000587264,-0.00013763999999999405,0.06250000000000253,-0.00880895999999962,0.06250000000000253
heft_prefill-1024xdecode_256_ops_trace.csv,decode,2,63,31,PIM0,pim,5,"LN:-1,QK:0,SV:0,LN:-1,SwiGLU:0",0.0001969120000002711,1.2307e-05,pim|decode|2|dee8ff963c4a9f3ef5051ebc43746a5c,2,sample_step,0.01260236800001735,0.000787648,-0.0001846050000002711,0.06249999999991395,-0.01181472000001735,0.06249999999991395
heft_prefill-1024xdecode_256_ops_trace.csv,decode,2,63,31,GPU0,npu,19,"Q:0,Q:1,K:0,K:1,V:0,V:1,Softmax:0,Softmax:1,O:0,O:1,Add:-1,FFN_W1:0,FFN_W3:0,FFN_W1:1,FFN_W3:1,SwiGLU:1,FFN_W2:0,FFN_W2:1,Add:-1",0.00045202380667630493,0.0004990975856781006,npu|decode|2|cb831580437a2754ddccf83aef8f2e46,2,sample_step,0.028929523627283515,0.03194224548339844,4.70737790017957e-05,1.1041400437466458,0.003012721856114925,1.1041400437466458
heft_prefill-1024xdecode_256_ops_trace.csv,decode,2,63,31,PIM1,pim,2,"QK:1,SV:1",0.00014681599999999406,9.176e-06,pim|decode|2|9ba94a90ae2a2c31a7bb0139c1e338eb,2,sample_step,0.00939622399999962,0.000587264,-0.00013763999999999405,0.06250000000000253,-0.00880895999999962,0.06250000000000253
heft_prefill-1024xdecode_256_ops_trace.csv,decode,3,127,0,PIM0,pim,5,"LN:-1,QK:0,SV:0,LN:-1,SwiGLU:0",0.00019806399999833246,1.2379000000000001e-05,pim|decode|3|dee8ff963c4a9f3ef5051ebc43746a5c,3,sample_step,0.012676095999893278,0.0007922560000000001,-0.00018568499999833246,0.0625000000005262,-0.011883839999893278,0.0625000000005262
heft_prefill-1024xdecode_256_ops_trace.csv,decode,3,127,0,GPU0,npu,19,"Q:0,Q:1,K:0,K:1,V:0,V:1,Softmax:0,Softmax:1,O:0,O:1,Add:-1,FFN_W1:0,FFN_W3:0,FFN_W1:1,FFN_W3:1,SwiGLU:1,FFN_W2:0,FFN_W2:1,Add:-1",0.0004520834113224126,0.0004990975856781006,npu|decode|3|cb831580437a2754ddccf83aef8f2e46,3,sample_step,0.028933338324634406,0.03194224548339844,4.7014174355688044e-05,1.1039944691139285,0.003008907158764035,1.1039944691139285
heft_prefill-1024xdecode_256_ops_trace.csv,decode,3,127,0,PIM1,pim,2,"QK:1,SV:1",0.0001479679999993877,9.248e-06,pim|decode|3|9ba94a90ae2a2c31a7bb0139c1e338eb,3,sample_step,0.009469951999960813,0.000591872,-0.0001387199999993877,0.06250000000025863,-0.008878079999960813,0.06250000000025863
heft_prefill-1024xdecode_256_ops_trace.csv,decode,3,127,1,PIM0,pim,5,"LN:-1,QK:0,SV:0,LN:-1,SwiGLU:0",0.00019806399999833246,1.2379000000000001e-05,pim|decode|3|dee8ff963c4a9f3ef5051ebc43746a5c,3,sample_step,0.012676095999893278,0.0007922560000000001,-0.00018568499999833246,0.0625000000005262,-0.011883839999893278,0.0625000000005262
heft_prefill-1024xdecode_256_ops_trace.csv,decode,3,127,1,GPU0,npu,19,"Q:0,Q:1,K:0,K:1,V:0,V:1,Softmax:0,Softmax:1,O:0,O:1,Add:-1,FFN_W1:0,FFN_W3:0,FFN_W1:1,FFN_W3:1,SwiGLU:1,FFN_W2:0,FFN_W2:1,Add:-1",0.0004520834113224126,0.0004990975856781006,npu|decode|3|cb831580437a2754ddccf83aef8f2e46,3,sample_step,0.028933338324634406,0.03194224548339844,4.7014174355688044e-05,1.1039944691139285,0.003008907158764035,1.1039944691139285
heft_prefill-1024xdecode_256_ops_trace.csv,decode,3,127,1,PIM1,pim,2,"QK:1,SV:1",0.0001479679999993877,9.248e-06,pim|decode|3|9ba94a90ae2a2c31a7bb0139c1e338eb,3,sample_step,0.009469951999960813,0.000591872,-0.0001387199999993877,0.06250000000025863,-0.008878079999960813,0.06250000000025863
heft_prefill-1024xdecode_256_ops_trace.csv,decode,3,127,2,PIM0,pim,5,"LN:-1,QK:0,SV:0,LN:-1,SwiGLU:0",0.00019806399999833246,1.2379000000000001e-05,pim|decode|3|dee8ff963c4a9f3ef5051ebc43746a5c,3,sample_step,0.012676095999893278,0.0007922560000000001,-0.00018568499999833246,0.0625000000005262,-0.011883839999893278,0.0625000000005262
heft_prefill-1024xdecode_256_ops_trace.csv,decode,3,127,2,GPU0,npu,19,"Q:0,Q:1,K:0,K:1,V:0,V:1,Softmax:0,Softmax:1,O:0,O:1,Add:-1,FFN_W1:0,FFN_W3:0,FFN_W1:1,FFN_W3:1,SwiGLU:1,FFN_W2:0,FFN_W2:1,Add:-1",0.0004520834113224126,0.0004990975856781006,npu|decode|3|cb831580437a2754ddccf83aef8f2e46,3,sample_step,0.028933338324634406,0.03194224548339844,4.7014174355688044e-05,1.1039944691139285,0.003008907158764035,1.1039944691139285
heft_prefill-1024xdecode_256_ops_trace.csv,decode,3,127,2,PIM1,pim,2,"QK:1,SV:1",0.0001479679999993877,9.248e-06,pim|decode|3|9ba94a90ae2a2c31a7bb0139c1e338eb,3,sample_step,0.009469951999960813,0.000591872,-0.0001387199999993877,0.06250000000025863,-0.008878079999960813,0.06250000000025863
heft_prefill-1024xdecode_256_ops_trace.csv,decode,3,127,3,PIM0,pim,5,"LN:-1,QK:0,SV:0,LN:-1,SwiGLU:0",0.00019806399999833246,1.2379000000000001e-05,pim|decode|3|dee8ff963c4a9f3ef5051ebc43746a5c,3,sample_step,0.012676095999893278,0.0007922560000000001,-0.00018568499999833246,0.0625000000005262,-0.011883839999893278,0.0625000000005262
heft_prefill-1024xdecode_256_ops_trace.csv,decode,3,127,3,GPU0,npu,19,"Q:0,Q:1,K:0,K:1,V:0,V:1,Softmax:0,Softmax:1,O:0,O:1,Add:-1,FFN_W1:0,FFN_W3:0,FFN_W1:1,FFN_W3:1,SwiGLU:1,FFN_W2:0,FFN_W2:1,Add:-1",0.0004520834113224126,0.0004990975856781006,npu|decode|3|cb831580437a2754ddccf83aef8f2e46,3,sample_step,0.028933338324634406,0.03194224548339844,4.7014174355688044e-05,1.1039944691139285,0.003008907158764035,1.1039944691139285
heft_prefill-1024xdecode_256_ops_trace.csv,decode,3,127,3,PIM1,pim,2,"QK:1,SV:1",0.0001479679999993877,9.248e-06,pim|decode|3|9ba94a90ae2a2c31a7bb0139c1e338eb,3,sample_step,0.009469951999960813,0.000591872,-0.0001387199999993877,0.06250000000025863,-0.008878079999960813,0.06250000000025863
heft_prefill-1024xdecode_256_ops_trace.csv,decode,3,127,4,PIM0,pim,5,"LN:-1,QK:0,SV:0,LN:-1,SwiGLU:0",0.00019806399999833246,1.2379000000000001e-05,pim|decode|3|dee8ff963c4a9f3ef5051ebc43746a5c,3,sample_step,0.012676095999893278,0.0007922560000000001,-0.00018568499999833246,0.0625000000005262,-0.011883839999893278,0.0625000000005262
heft_prefill-1024xdecode_256_ops_trace.csv,decode,3,127,4,GPU0,npu,19,"Q:0,Q:1,K:0,K:1,V:0,V:1,Softmax:0,Softmax:1,O:0,O:1,Add:-1,FFN_W1:0,FFN_W3:0,FFN_W1:1,FFN_W3:1,SwiGLU:1,FFN_W2:0,FFN_W2:1,Add:-1",0.0004520834113224126,0.0004990975856781006,npu|decode|3|cb831580437a2754ddccf83aef8f2e46,3,sample_step,0.028933338324634406,0.03194224548339844,4.7014174355688044e-05,1.1039944691139285,0.003008907158764035,1.1039944691139285
heft_prefill-1024xdecode_256_ops_trace.csv,decode,3,127,4,PIM1,pim,2,"QK:1,SV:1",0.0001479679999993877,9.248e-06,pim|decode|3|9ba94a90ae2a2c31a7bb0139c1e338eb,3,sample_step,0.009469951999960813,0.000591872,-0.0001387199999993877,0.06250000000025863,-0.008878079999960813,0.06250000000025863
heft_prefill-1024xdecode_256_ops_trace.csv,decode,3,127,5,PIM0,pim,5,"LN:-1,QK:0,SV:0,LN:-1,SwiGLU:0",0.00019806399999833246,1.2379000000000001e-05,pim|decode|3|dee8ff963c4a9f3ef5051ebc43746a5c,3,sample_step,0.012676095999893278,0.0007922560000000001,-0.00018568499999833246,0.0625000000005262,-0.011883839999893278,0.0625000000005262
heft_prefill-1024xdecode_256_ops_trace.csv,decode,3,127,5,GPU0,npu,19,"Q:0,Q:1,K:0,K:1,V:0,V:1,Softmax:0,Softmax:1,O:0,O:1,Add:-1,FFN_W1:0,FFN_W3:0,FFN_W1:1,FFN_W3:1,SwiGLU:1,FFN_W2:0,FFN_W2:1,Add:-1",0.0004520834113224126,0.0004990975856781006,npu|decode|3|cb831580437a2754ddccf83aef8f2e46,3,sample_step,0.028933338324634406,0.03194224548339844,4.7014174355688044e-05,1.1039944691139285,0.003008907158764035,1.1039944691139285
heft_prefill-1024xdecode_256_ops_trace.csv,decode,3,127,5,PIM1,pim,2,"QK:1,SV:1",0.0001479679999993877,9.248e-06,pim|decode|3|9ba94a90ae2a2c31a7bb0139c1e338eb,3,sample_step,0.009469951999960813,0.000591872,-0.0001387199999993877,0.06250000000025863,-0.008878079999960813,0.06250000000025863
heft_prefill-1024xdecode_256_ops_trace.csv,decode,3,127,6,PIM0,pim,5,"LN:-1,QK:0,SV:0,LN:-1,SwiGLU:0",0.00019806399999833246,1.2379000000000001e-05,pim|decode|3|dee8ff963c4a9f3ef5051ebc43746a5c,3,sample_step,0.012676095999893278,0.0007922560000000001,-0.00018568499999833246,0.0625000000005262,-0.011883839999893278,0.0625000000005262
heft_prefill-1024xdecode_256_ops_trace.csv,decode,3,127,6,GPU0,npu,19,"Q:0,Q:1,K:0,K:1,V:0,V:1,Softmax:0,Softmax:1,O:0,O:1,Add:-1,FFN_W1:0,FFN_W3:0,FFN_W1:1,FFN_W3:1,SwiGLU:1,FFN_W2:0,FFN_W2:1,Add:-1",0.0004520834113224126,0.0004990975856781006,npu|decode|3|cb831580437a2754ddccf83aef8f2e46,3,sample_step,0.028933338324634406,0.03194224548339844,4.7014174355688044e-05,1.1039944691139285,0.003008907158764035,1.1039944691139285
heft_prefill-1024xdecode_256_ops_trace.csv,decode,3,127,6,PIM1,pim,2,"QK:1,SV:1",0.0001479679999993877,9.248e-06,pim|decode|3|9ba94a90ae2a2c31a7bb0139c1e338eb,3,sample_step,0.009469951999960813,0.000591872,-0.0001387199999993877,0.06250000000025863,-0.008878079999960813,0.06250000000025863
heft_prefill-1024xdecode_256_ops_trace.csv,decode,3,127,7,PIM0,pim,5,"LN:-1,QK:0,SV:0,LN:-1,SwiGLU:0",0.00019806399999833246,1.2379000000000001e-05,pim|decode|3|dee8ff963c4a9f3ef5051ebc43746a5c,3,sample_step,0.012676095999893278,0.0007922560000000001,-0.00018568499999833246,0.0625000000005262,-0.011883839999893278,0.0625000000005262
heft_prefill-1024xdecode_256_ops_trace.csv,decode,3,127,7,GPU0,npu,19,"Q:0,Q:1,K:0,K:1,V:0,V:1,Softmax:0,Softmax:1,O:0,O:1,Add:-1,FFN_W1:0,FFN_W3:0,FFN_W1:1,FFN_W3:1,SwiGLU:1,FFN_W2:0,FFN_W2:1,Add:-1",0.0004520834113224126,0.0004990975856781006,npu|decode|3|cb831580437a2754ddccf83aef8f2e46,3,sample_step,0.028933338324634406,0.03194224548339844,4.7014174355688044e-05,1.1039944691139285,0.003008907158764035,1.1039944691139285
heft_prefill-1024xdecode_256_ops_trace.csv,decode,3,127,7,PIM1,pim,2,"QK:1,SV:1",0.0001479679999993877,9.248e-06,pim|decode|3|9ba94a90ae2a2c31a7bb0139c1e338eb,3,sample_step,0.009469951999960813,0.000591872,-0.0001387199999993877,0.06250000000025863,-0.008878079999960813,0.06250000000025863
heft_prefill-1024xdecode_256_ops_trace.csv,decode,3,127,8,PIM0,pim,5,"LN:-1,QK:0,SV:0,LN:-1,SwiGLU:0",0.00019806399999833246,1.2379000000000001e-05,pim|decode|3|dee8ff963c4a9f3ef5051ebc43746a5c,3,sample_step,0.012676095999893278,0.0007922560000000001,-0.00018568499999833246,0.0625000000005262,-0.011883839999893278,0.0625000000005262
heft_prefill-1024xdecode_256_ops_trace.csv,decode,3,127,8,GPU0,npu,19,"Q:0,Q:1,K:0,K:1,V:0,V:1,Softmax:0,Softmax:1,O:0,O:1,Add:-1,FFN_W1:0,FFN_W3:0,FFN_W1:1,FFN_W3:1,SwiGLU:1,FFN_W2:0,FFN_W2:1,Add:-1",0.0004520834113224126,0.0004990975856781006,npu|decode|3|cb831580437a2754ddccf83aef8f2e46,3,sample_step,0.028933338324634406,0.03194224548339844,4.7014174355688044e-05,1.1039944691139285,0.003008907158764035,1.1039944691139285
heft_prefill-1024xdecode_256_ops_trace.csv,decode,3,127,8,PIM1,pim,2,"QK:1,SV:1",0.0001479679999993877,9.248e-06,pim|decode|3|9ba94a90ae2a2c31a7bb0139c1e338eb,3,sample_step,0.009469951999960813,0.000591872,-0.0001387199999993877,0.06250000000025863,-0.008878079999960813,0.06250000000025863
heft_prefill-1024xdecode_256_ops_trace.csv,decode,3,127,9,PIM0,pim,5,"LN:-1,QK:0,SV:0,LN:-1,SwiGLU:0",0.00019806399999833246,1.2379000000000001e-05,pim|decode|3|dee8ff963c4a9f3ef5051ebc43746a5c,3,sample_step,0.012676095999893278,0.0007922560000000001,-0.00018568499999833246,0.0625000000005262,-0.011883839999893278,0.0625000000005262
heft_prefill-1024xdecode_256_ops_trace.csv,decode,3,127,9,GPU0,npu,19,"Q:0,Q:1,K:0,K:1,V:0,V:1,Softmax:0,Softmax:1,O:0,O:1,Add:-1,FFN_W1:0,FFN_W3:0,FFN_W1:1,FFN_W3:1,SwiGLU:1,FFN_W2:0,FFN_W2:1,Add:-1",0.0004520834113224126,0.0004990975856781006,npu|decode|3|cb831580437a2754ddccf83aef8f2e46,3,sample_step,0.028933338324634406,0.03194224548339844,4.7014174355688044e-05,1.1039944691139285,0.003008907158764035,1.1039944691139285
heft_prefill-1024xdecode_256_ops_trace.csv,decode,3,127,9,PIM1,pim,2,"QK:1,SV:1",0.0001479679999993877,9.248e-06,pim|decode|3|9ba94a90ae2a2c31a7bb0139c1e338eb,3,sample_step,0.009469951999960813,0.000591872,-0.0001387199999993877,0.06250000000025863,-0.008878079999960813,0.06250000000025863
heft_prefill-1024xdecode_256_ops_trace.csv,decode,3,127,10,PIM0,pim,5,"LN:-1,QK:0,SV:0,LN:-1,SwiGLU:0",0.00019806399999833246,1.2379000000000001e-05,pim|decode|3|dee8ff963c4a9f3ef5051ebc43746a5c,3,sample_step,0.012676095999893278,0.0007922560000000001,-0.00018568499999833246,0.0625000000005262,-0.011883839999893278,0.0625000000005262
heft_prefill-1024xdecode_256_ops_trace.csv,decode,3,127,10,GPU0,npu,19,"Q:0,Q:1,K:0,K:1,V:0,V:1,Softmax:0,Softmax:1,O:0,O:1,Add:-1,FFN_W1:0,FFN_W3:0,FFN_W1:1,FFN_W3:1,SwiGLU:1,FFN_W2:0,FFN_W2:1,Add:-1",0.0004520834113224126,0.0004990975856781006,npu|decode|3|cb831580437a2754ddccf83aef8f2e46,3,sample_step,0.028933338324634406,0.03194224548339844,4.7014174355688044e-05,1.1039944691139285,0.003008907158764035,1.1039944691139285
heft_prefill-1024xdecode_256_ops_trace.csv,decode,3,127,10,PIM1,pim,2,"QK:1,SV:1",0.0001479679999993877,9.248e-06,pim|decode|3|9ba94a90ae2a2c31a7bb0139c1e338eb,3,sample_step,0.009469951999960813,0.000591872,-0.0001387199999993877,0.06250000000025863,-0.008878079999960813,0.06250000000025863
heft_prefill-1024xdecode_256_ops_trace.csv,decode,3,127,11,PIM0,pim,5,"LN:-1,QK:0,SV:0,LN:-1,SwiGLU:0",0.00019806399999833246,1.2379000000000001e-05,pim|decode|3|dee8ff963c4a9f3ef5051ebc43746a5c,3,sample_step,0.012676095999893278,0.0007922560000000001,-0.00018568499999833246,0.0625000000005262,-0.011883839999893278,0.0625000000005262
heft_prefill-1024xdecode_256_ops_trace.csv,decode,3,127,11,GPU0,npu,19,"Q:0,Q:1,K:0,K:1,V:0,V:1,Softmax:0,Softmax:1,O:0,O:1,Add:-1,FFN_W1:0,FFN_W3:0,FFN_W1:1,FFN_W3:1,SwiGLU:1,FFN_W2:0,FFN_W2:1,Add:-1",0.0004520834113224126,0.0004990975856781006,npu|decode|3|cb831580437a2754ddccf83aef8f2e46,3,sample_step,0.028933338324634406,0.03194224548339844,4.7014174355688044e-05,1.1039944691139285,0.003008907158764035,1.1039944691139285
heft_prefill-1024xdecode_256_ops_trace.csv,decode,3,127,11,PIM1,pim,2,"QK:1,SV:1",0.0001479679999993877,9.248e-06,pim|decode|3|9ba94a90ae2a2c31a7bb0139c1e338eb,3,sample_step,0.009469951999960813,0.000591872,-0.0001387199999993877,0.06250000000025863,-0.008878079999960813,0.06250000000025863
heft_prefill-1024xdecode_256_ops_trace.csv,decode,3,127,12,PIM0,pim,5,"LN:-1,QK:0,SV:0,LN:-1,SwiGLU:0",0.00019806399999833246,1.2379000000000001e-05,pim|decode|3|dee8ff963c4a9f3ef5051ebc43746a5c,3,sample_step,0.012676095999893278,0.0007922560000000001,-0.00018568499999833246,0.0625000000005262,-0.011883839999893278,0.0625000000005262
heft_prefill-1024xdecode_256_ops_trace.csv,decode,3,127,12,GPU0,npu,19,"Q:0,Q:1,K:0,K:1,V:0,V:1,Softmax:0,Softmax:1,O:0,O:1,Add:-1,FFN_W1:0,FFN_W3:0,FFN_W1:1,FFN_W3:1,SwiGLU:1,FFN_W2:0,FFN_W2:1,Add:-1",0.0004520834113224126,0.0004990975856781006,npu|decode|3|cb831580437a2754ddccf83aef8f2e46,3,sample_step,0.028933338324634406,0.03194224548339844,4.7014174355688044e-05,1.1039944691139285,0.003008907158764035,1.1039944691139285
heft_prefill-1024xdecode_256_ops_trace.csv,decode,3,127,12,PIM1,pim,2,"QK:1,SV:1",0.0001479679999993877,9.248e-06,pim|decode|3|9ba94a90ae2a2c31a7bb0139c1e338eb,3,sample_step,0.009469951999960813,0.000591872,-0.0001387199999993877,0.06250000000025863,-0.008878079999960813,0.06250000000025863
heft_prefill-1024xdecode_256_ops_trace.csv,decode,3,127,13,PIM0,pim,5,"LN:-1,QK:0,SV:0,LN:-1,SwiGLU:0",0.00019806399999833246,1.2379000000000001e-05,pim|decode|3|dee8ff963c4a9f3ef5051ebc43746a5c,3,sample_step,0.012676095999893278,0.0007922560000000001,-0.00018568499999833246,0.0625000000005262,-0.011883839999893278,0.0625000000005262
heft_prefill-1024xdecode_256_ops_trace.csv,decode,3,127,13,GPU0,npu,19,"Q:0,Q:1,K:0,K:1,V:0,V:1,Softmax:0,Softmax:1,O:0,O:1,Add:-1,FFN_W1:0,FFN_W3:0,FFN_W1:1,FFN_W3:1,SwiGLU:1,FFN_W2:0,FFN_W2:1,Add:-1",0.0004520834113224126,0.0004990975856781006,npu|decode|3|cb831580437a2754ddccf83aef8f2e46,3,sample_step,0.028933338324634406,0.03194224548339844,4.7014174355688044e-05,1.1039944691139285,0.003008907158764035,1.1039944691139285
heft_prefill-1024xdecode_256_ops_trace.csv,decode,3,127,13,PIM1,pim,2,"QK:1,SV:1",0.0001479679999993877,9.248e-06,pim|decode|3|9ba94a90ae2a2c31a7bb0139c1e338eb,3,sample_step,0.009469951999960813,0.000591872,-0.0001387199999993877,0.06250000000025863,-0.008878079999960813,0.06250000000025863
heft_prefill-1024xdecode_256_ops_trace.csv,decode,3,127,14,PIM0,pim,5,"LN:-1,QK:0,SV:0,LN:-1,SwiGLU:0",0.00019806399999833246,1.2379000000000001e-05,pim|decode|3|dee8ff963c4a9f3ef5051ebc43746a5c,3,sample_step,0.012676095999893278,0.0007922560000000001,-0.00018568499999833246,0.0625000000005262,-0.011883839999893278,0.0625000000005262
heft_prefill-1024xdecode_256_ops_trace.csv,decode,3,127,14,GPU0,npu,19,"Q:0,Q:1,K:0,K:1,V:0,V:1,Softmax:0,Softmax:1,O:0,O:1,Add:-1,FFN_W1:0,FFN_W3:0,FFN_W1:1,FFN_W3:1,SwiGLU:1,FFN_W2:0,FFN_W2:1,Add:-1",0.0004520834113224126,0.0004990975856781006,npu|decode|3|cb831580437a2754ddccf83aef8f2e46,3,sample_step,0.028933338324634406,0.03194224548339844,4.7014174355688044e-05,1.1039944691139285,0.003008907158764035,1.1039944691139285
heft_prefill-1024xdecode_256_ops_trace.csv,decode,3,127,14,PIM1,pim,2,"QK:1,SV:1",0.0001479679999993877,9.248e-06,pim|decode|3|9ba94a90ae2a2c31a7bb0139c1e338eb,3,sample_step,0.009469951999960813,0.000591872,-0.0001387199999993877,0.06250000000025863,-0.008878079999960813,0.06250000000025863
heft_prefill-1024xdecode_256_ops_trace.csv,decode,3,127,15,PIM0,pim,5,"LN:-1,QK:0,SV:0,LN:-1,SwiGLU:0",0.00019806399999833246,1.2379000000000001e-05,pim|decode|3|dee8ff963c4a9f3ef5051ebc43746a5c,3,sample_step,0.012676095999893278,0.0007922560000000001,-0.00018568499999833246,0.0625000000005262,-0.011883839999893278,0.0625000000005262
heft_prefill-1024xdecode_256_ops_trace.csv,decode,3,127,15,GPU0,npu,19,"Q:0,Q:1,K:0,K:1,V:0,V:1,Softmax:0,Softmax:1,O:0,O:1,Add:-1,FFN_W1:0,FFN_W3:0,FFN_W1:1,FFN_W3:1,SwiGLU:1,FFN_W2:0,FFN_W2:1,Add:-1",0.0004520834113224126,0.0004990975856781006,npu|decode|3|cb831580437a2754ddccf83aef8f2e46,3,sample_step,0.028933338324634406,0.03194224548339844,4.7014174355688044e-05,1.1039944691139285,0.003008907158764035,1.1039944691139285
heft_prefill-1024xdecode_256_ops_trace.csv,decode,3,127,15,PIM1,pim,2,"QK:1,SV:1",0.0001479679999993877,9.248e-06,pim|decode|3|9ba94a90ae2a2c31a7bb0139c1e338eb,3,sample_step,0.009469951999960813,0.000591872,-0.0001387199999993877,0.06250000000025863,-0.008878079999960813,0.06250000000025863
heft_prefill-1024xdecode_256_ops_trace.csv,decode,3,127,16,PIM0,pim,5,"LN:-1,QK:0,SV:0,LN:-1,SwiGLU:0",0.00019806399999833246,1.2379000000000001e-05,pim|decode|3|dee8ff963c4a9f3ef5051ebc43746a5c,3,sample_step,0.012676095999893278,0.0007922560000000001,-0.00018568499999833246,0.0625000000005262,-0.011883839999893278,0.0625000000005262
heft_prefill-1024xdecode_256_ops_trace.csv,decode,3,127,16,GPU0,npu,19,"Q:0,Q:1,K:0,K:1,V:0,V:1,Softmax:0,Softmax:1,O:0,O:1,Add:-1,FFN_W1:0,FFN_W3:0,FFN_W1:1,FFN_W3:1,SwiGLU:1,FFN_W2:0,FFN_W2:1,Add:-1",0.0004520834113224126,0.0004990975856781006,npu|decode|3|cb831580437a2754ddccf83aef8f2e46,3,sample_step,0.028933338324634406,0.03194224548339844,4.7014174355688044e-05,1.1039944691139285,0.003008907158764035,1.1039944691139285
heft_prefill-1024xdecode_256_ops_trace.csv,decode,3,127,16,PIM1,pim,2,"QK:1,SV:1",0.0001479679999993877,9.248e-06,pim|decode|3|9ba94a90ae2a2c31a7bb0139c1e338eb,3,sample_step,0.009469951999960813,0.000591872,-0.0001387199999993877,0.06250000000025863,-0.008878079999960813,0.06250000000025863
heft_prefill-1024xdecode_256_ops_trace.csv,decode,3,127,17,PIM0,pim,5,"LN:-1,QK:0,SV:0,LN:-1,SwiGLU:0",0.00019806399999833246,1.2379000000000001e-05,pim|decode|3|dee8ff963c4a9f3ef5051ebc43746a5c,3,sample_step,0.012676095999893278,0.0007922560000000001,-0.00018568499999833246,0.0625000000005262,-0.011883839999893278,0.0625000000005262
heft_prefill-1024xdecode_256_ops_trace.csv,decode,3,127,17,GPU0,npu,19,"Q:0,Q:1,K:0,K:1,V:0,V:1,Softmax:0,Softmax:1,O:0,O:1,Add:-1,FFN_W1:0,FFN_W3:0,FFN_W1:1,FFN_W3:1,SwiGLU:1,FFN_W2:0,FFN_W2:1,Add:-1",0.0004520834113224126,0.0004990975856781006,npu|decode|3|cb831580437a2754ddccf83aef8f2e46,3,sample_step,0.028933338324634406,0.03194224548339844,4.7014174355688044e-05,1.1039944691139285,0.003008907158764035,1.1039944691139285
heft_prefill-1024xdecode_256_ops_trace.csv,decode,3,127,17,PIM1,pim,2,"QK:1,SV:1",0.0001479679999993877,9.248e-06,pim|decode|3|9ba94a90ae2a2c31a7bb0139c1e338eb,3,sample_step,0.009469951999960813,0.000591872,-0.0001387199999993877,0.06250000000025863,-0.008878079999960813,0.06250000000025863
heft_prefill-1024xdecode_256_ops_trace.csv,decode,3,127,18,PIM0,pim,5,"LN:-1,QK:0,SV:0,LN:-1,SwiGLU:0",0.00019806399999833246,1.2379000000000001e-05,pim|decode|3|dee8ff963c4a9f3ef5051ebc43746a5c,3,sample_step,0.012676095999893278,0.0007922560000000001,-0.00018568499999833246,0.0625000000005262,-0.011883839999893278,0.0625000000005262
heft_prefill-1024xdecode_256_ops_trace.csv,decode,3,127,18,GPU0,npu,19,"Q:0,Q:1,K:0,K:1,V:0,V:1,Softmax:0,Softmax:1,O:0,O:1,Add:-1,FFN_W1:0,FFN_W3:0,FFN_W1:1,FFN_W3:1,SwiGLU:1,FFN_W2:0,FFN_W2:1,Add:-1",0.0004520834113224126,0.0004990975856781006,npu|decode|3|cb831580437a2754ddccf83aef8f2e46,3,sample_step,0.028933338324634406,0.03194224548339844,4.7014174355688044e-05,1.1039944691139285,0.003008907158764035,1.1039944691139285
heft_prefill-1024xdecode_256_ops_trace.csv,decode,3,127,18,PIM1,pim,2,"QK:1,SV:1",0.0001479679999993877,9.248e-06,pim|decode|3|9ba94a90ae2a2c31a7bb0139c1e338eb,3,sample_step,0.009469951999960813,0.000591872,-0.0001387199999993877,0.06250000000025863,-0.008878079999960813,0.06250000000025863
heft_prefill-1024xdecode_256_ops_trace.csv,decode,3,127,19,PIM0,pim,5,"LN:-1,QK:0,SV:0,LN:-1,SwiGLU:0",0.00019806399999833246,1.2379000000000001e-05,pim|decode|3|dee8ff963c4a9f3ef5051ebc43746a5c,3,sample_step,0.012676095999893278,0.0007922560000000001,-0.00018568499999833246,0.0625000000005262,-0.011883839999893278,0.0625000000005262
heft_prefill-1024xdecode_256_ops_trace.csv,decode,3,127,19,GPU0,npu,19,"Q:0,Q:1,K:0,K:1,V:0,V:1,Softmax:0,Softmax:1,O:0,O:1,Add:-1,FFN_W1:0,FFN_W3:0,FFN_W1:1,FFN_W3:1,SwiGLU:1,FFN_W2:0,FFN_W2:1,Add:-1",0.0004520834113224126,0.0004990975856781006,npu|decode|3|cb831580437a2754ddccf83aef8f2e46,3,sample_step,0.028933338324634406,0.03194224548339844,4.7014174355688044e-05,1.1039944691139285,0.003008907158764035,1.1039944691139285
heft_prefill-1024xdecode_256_ops_trace.csv,decode,3,127,19,PIM1,pim,2,"QK:1,SV:1",0.0001479679999993877,9.248e-06,pim|decode|3|9ba94a90ae2a2c31a7bb0139c1e338eb,3,sample_step,0.009469951999960813,0.000591872,-0.0001387199999993877,0.06250000000025863,-0.008878079999960813,0.06250000000025863
heft_prefill-1024xdecode_256_ops_trace.csv,decode,3,127,20,PIM0,pim,5,"LN:-1,QK:0,SV:0,LN:-1,SwiGLU:0",0.00019806399999833246,1.2379000000000001e-05,pim|decode|3|dee8ff963c4a9f3ef5051ebc43746a5c,3,sample_step,0.012676095999893278,0.0007922560000000001,-0.00018568499999833246,0.0625000000005262,-0.011883839999893278,0.0625000000005262
heft_prefill-1024xdecode_256_ops_trace.csv,decode,3,127,20,GPU0,npu,19,"Q:0,Q:1,K:0,K:1,V:0,V:1,Softmax:0,Softmax:1,O:0,O:1,Add:-1,FFN_W1:0,FFN_W3:0,FFN_W1:1,FFN_W3:1,SwiGLU:1,FFN_W2:0,FFN_W2:1,Add:-1",0.0004520834113224126,0.0004990975856781006,npu|decode|3|cb831580437a2754ddccf83aef8f2e46,3,sample_step,0.028933338324634406,0.03194224548339844,4.7014174355688044e-05,1.1039944691139285,0.003008907158764035,1.1039944691139285
heft_prefill-1024xdecode_256_ops_trace.csv,decode,3,127,20,PIM1,pim,2,"QK:1,SV:1",0.0001479679999993877,9.248e-06,pim|decode|3|9ba94a90ae2a2c31a7bb0139c1e338eb,3,sample_step,0.009469951999960813,0.000591872,-0.0001387199999993877,0.06250000000025863,-0.008878079999960813,0.06250000000025863
heft_prefill-1024xdecode_256_ops_trace.csv,decode,3,127,21,PIM0,pim,5,"LN:-1,QK:0,SV:0,LN:-1,SwiGLU:0",0.00019806399999833246,1.2379000000000001e-05,pim|decode|3|dee8ff963c4a9f3ef5051ebc43746a5c,3,sample_step,0.012676095999893278,0.0007922560000000001,-0.00018568499999833246,0.0625000000005262,-0.011883839999893278,0.0625000000005262
heft_prefill-1024xdecode_256_ops_trace.csv,decode,3,127,21,GPU0,npu,19,"Q:0,Q:1,K:0,K:1,V:0,V:1,Softmax:0,Softmax:1,O:0,O:1,Add:-1,FFN_W1:0,FFN_W3:0,FFN_W1:1,FFN_W3:1,SwiGLU:1,FFN_W2:0,FFN_W2:1,Add:-1",0.0004520834113224126,0.0004990975856781006,npu|decode|3|cb831580437a2754ddccf83aef8f2e46,3,sample_step,0.028933338324634406,0.03194224548339844,4.7014174355688044e-05,1.1039944691139285,0.003008907158764035,1.1039944691139285
heft_prefill-1024xdecode_256_ops_trace.csv,decode,3,127,21,PIM1,pim,2,"QK:1,SV:1",0.0001479679999993877,9.248e-06,pim|decode|3|9ba94a90ae2a2c31a7bb0139c1e338eb,3,sample_step,0.009469951999960813,0.000591872,-0.0001387199999993877,0.06250000000025863,-0.008878079999960813,0.06250000000025863
heft_prefill-1024xdecode_256_ops_trace.csv,decode,3,127,22,PIM0,pim,5,"LN:-1,QK:0,SV:0,LN:-1,SwiGLU:0",0.00019806399999833246,1.2379000000000001e-05,pim|decode|3|dee8ff963c4a9f3ef5051ebc43746a5c,3,sample_step,0.012676095999893278,0.0007922560000000001,-0.00018568499999833246,0.0625000000005262,-0.011883839999893278,0.0625000000005262
heft_prefill-1024xdecode_256_ops_trace.csv,decode,3,127,22,GPU0,npu,19,"Q:0,Q:1,K:0,K:1,V:0,V:1,Softmax:0,Softmax:1,O:0,O:1,Add:-1,FFN_W1:0,FFN_W3:0,FFN_W1:1,FFN_W3:1,SwiGLU:1,FFN_W2:0,FFN_W2:1,Add:-1",0.0004520834113224126,0.0004990975856781006,npu|decode|3|cb831580437a2754ddccf83aef8f2e46,3,sample_step,0.028933338324634406,0.03194224548339844,4.7014174355688044e-05,1.1039944691139285,0.003008907158764035,1.1039944691139285
heft_prefill-1024xdecode_256_ops_trace.csv,decode,3,127,22,PIM1,pim,2,"QK:1,SV:1",0.0001479679999993877,9.248e-06,pim|decode|3|9ba94a90ae2a2c31a7bb0139c1e338eb,3,sample_step,0.009469951999960813,0.000591872,-0.0001387199999993877,0.06250000000025863,-0.008878079999960813,0.06250000000025863
heft_prefill-1024xdecode_256_ops_trace.csv,decode,3,127,23,PIM0,pim,5,"LN:-1,QK:0,SV:0,LN:-1,SwiGLU:0",0.00019806399999833246,1.2379000000000001e-05,pim|decode|3|dee8ff963c4a9f3ef5051ebc43746a5c,3,sample_step,0.012676095999893278,0.0007922560000000001,-0.00018568499999833246,0.0625000000005262,-0.011883839999893278,0.0625000000005262
heft_prefill-1024xdecode_256_ops_trace.csv,decode,3,127,23,GPU0,npu,19,"Q:0,Q:1,K:0,K:1,V:0,V:1,Softmax:0,Softmax:1,O:0,O:1,Add:-1,FFN_W1:0,FFN_W3:0,FFN_W1:1,FFN_W3:1,SwiGLU:1,FFN_W2:0,FFN_W2:1,Add:-1",0.0004520834113224126,0.0004990975856781006,npu|decode|3|cb831580437a2754ddccf83aef8f2e46,3,sample_step,0.028933338324634406,0.03194224548339844,4.7014174355688044e-05,1.1039944691139285,0.003008907158764035,1.1039944691139285
heft_prefill-1024xdecode_256_ops_trace.csv,decode,3,127,23,PIM1,pim,2,"QK:1,SV:1",0.0001479679999993877,9.248e-06,pim|decode|3|9ba94a90ae2a2c31a7bb0139c1e338eb,3,sample_step,0.009469951999960813,0.000591872,-0.0001387199999993877,0.06250000000025863,-0.008878079999960813,0.06250000000025863
heft_prefill-1024xdecode_256_ops_trace.csv,decode,3,127,24,PIM0,pim,5,"LN:-1,QK:0,SV:0,LN:-1,SwiGLU:0",0.00019806399999833246,1.2379000000000001e-05,pim|decode|3|dee8ff963c4a9f3ef5051ebc43746a5c,3,sample_step,0.012676095999893278,0.0007922560000000001,-0.00018568499999833246,0.0625000000005262,-0.011883839999893278,0.0625000000005262
heft_prefill-1024xdecode_256_ops_trace.csv,decode,3,127,24,GPU0,npu,19,"Q:0,Q:1,K:0,K:1,V:0,V:1,Softmax:0,Softmax:1,O:0,O:1,Add:-1,FFN_W1:0,FFN_W3:0,FFN_W1:1,FFN_W3:1,SwiGLU:1,FFN_W2:0,FFN_W2:1,Add:-1",0.0004520834113224126,0.0004990975856781006,npu|decode|3|cb831580437a2754ddccf83aef8f2e46,3,sample_step,0.028933338324634406,0.03194224548339844,4.7014174355688044e-05,1.1039944691139285,0.003008907158764035,1.1039944691139285
heft_prefill-1024xdecode_256_ops_trace.csv,decode,3,127,24,PIM1,pim,2,"QK:1,SV:1",0.0001479679999993877,9.248e-06,pim|decode|3|9ba94a90ae2a2c31a7bb0139c1e338eb,3,sample_step,0.009469951999960813,0.000591872,-0.0001387199999993877,0.06250000000025863,-0.008878079999960813,0.06250000000025863
heft_prefill-1024xdecode_256_ops_trace.csv,decode,3,127,25,PIM0,pim,5,"LN:-1,QK:0,SV:0,LN:-1,SwiGLU:0",0.00019806399999833246,1.2379000000000001e-05,pim|decode|3|dee8ff963c4a9f3ef5051ebc43746a5c,3,sample_step,0.012676095999893278,0.0007922560000000001,-0.00018568499999833246,0.0625000000005262,-0.011883839999893278,0.0625000000005262
heft_prefill-1024xdecode_256_ops_trace.csv,decode,3,127,25,GPU0,npu,19,"Q:0,Q:1,K:0,K:1,V:0,V:1,Softmax:0,Softmax:1,O:0,O:1,Add:-1,FFN_W1:0,FFN_W3:0,FFN_W1:1,FFN_W3:1,SwiGLU:1,FFN_W2:0,FFN_W2:1,Add:-1",0.0004520834113224126,0.0004990975856781006,npu|decode|3|cb831580437a2754ddccf83aef8f2e46,3,sample_step,0.028933338324634406,0.03194224548339844,4.7014174355688044e-05,1.1039944691139285,0.003008907158764035,1.1039944691139285
heft_prefill-1024xdecode_256_ops_trace.csv,decode,3,127,25,PIM1,pim,2,"QK:1,SV:1",0.0001479679999993877,9.248e-06,pim|decode|3|9ba94a90ae2a2c31a7bb0139c1e338eb,3,sample_step,0.009469951999960813,0.000591872,-0.0001387199999993877,0.06250000000025863,-0.008878079999960813,0.06250000000025863
heft_prefill-1024xdecode_256_ops_trace.csv,decode,3,127,26,PIM0,pim,5,"LN:-1,QK:0,SV:0,LN:-1,SwiGLU:0",0.00019806399999833246,1.2379000000000001e-05,pim|decode|3|dee8ff963c4a9f3ef5051ebc43746a5c,3,sample_step,0.012676095999893278,0.0007922560000000001,-0.00018568499999833246,0.0625000000005262,-0.011883839999893278,0.0625000000005262
heft_prefill-1024xdecode_256_ops_trace.csv,decode,3,127,26,GPU0,npu,19,"Q:0,Q:1,K:0,K:1,V:0,V:1,Softmax:0,Softmax:1,O:0,O:1,Add:-1,FFN_W1:0,FFN_W3:0,FFN_W1:1,FFN_W3:1,SwiGLU:1,FFN_W2:0,FFN_W2:1,Add:-1",0.0004520834113224126,0.0004990975856781006,npu|decode|3|cb831580437a2754ddccf83aef8f2e46,3,sample_step,0.028933338324634406,0.03194224548339844,4.7014174355688044e-05,1.1039944691139285,0.003008907158764035,1.1039944691139285
heft_prefill-1024xdecode_256_ops_trace.csv,decode,3,127,26,PIM1,pim,2,"QK:1,SV:1",0.0001479679999993877,9.248e-06,pim|decode|3|9ba94a90ae2a2c31a7bb0139c1e338eb,3,sample_step,0.009469951999960813,0.000591872,-0.0001387199999993877,0.06250000000025863,-0.008878079999960813,0.06250000000025863
heft_prefill-1024xdecode_256_ops_trace.csv,decode,3,127,27,PIM0,pim,5,"LN:-1,QK:0,SV:0,LN:-1,SwiGLU:0",0.00019806399999833246,1.2379000000000001e-05,pim|decode|3|dee8ff963c4a9f3ef5051ebc43746a5c,3,sample_step,0.012676095999893278,0.0007922560000000001,-0.00018568499999833246,0.0625000000005262,-0.011883839999893278,0.0625000000005262
heft_prefill-1024xdecode_256_ops_trace.csv,decode,3,127,27,GPU0,npu,19,"Q:0,Q:1,K:0,K:1,V:0,V:1,Softmax:0,Softmax:1,O:0,O:1,Add:-1,FFN_W1:0,FFN_W3:0,FFN_W1:1,FFN_W3:1,SwiGLU:1,FFN_W2:0,FFN_W2:1,Add:-1",0.0004520834113224126,0.0004990975856781006,npu|decode|3|cb831580437a2754ddccf83aef8f2e46,3,sample_step,0.028933338324634406,0.03194224548339844,4.7014174355688044e-05,1.1039944691139285,0.003008907158764035,1.1039944691139285
heft_prefill-1024xdecode_256_ops_trace.csv,decode,3,127,27,PIM1,pim,2,"QK:1,SV:1",0.0001479679999993877,9.248e-06,pim|decode|3|9ba94a90ae2a2c31a7bb0139c1e338eb,3,sample_step,0.009469951999960813,0.000591872,-0.0001387199999993877,0.06250000000025863,-0.008878079999960813,0.06250000000025863
heft_prefill-1024xdecode_256_ops_trace.csv,decode,3,127,28,PIM0,pim,5,"LN:-1,QK:0,SV:0,LN:-1,SwiGLU:0",0.00019806399999833246,1.2379000000000001e-05,pim|decode|3|dee8ff963c4a9f3ef5051ebc43746a5c,3,sample_step,0.012676095999893278,0.0007922560000000001,-0.00018568499999833246,0.0625000000005262,-0.011883839999893278,0.0625000000005262
heft_prefill-1024xdecode_256_ops_trace.csv,decode,3,127,28,GPU0,npu,19,"Q:0,Q:1,K:0,K:1,V:0,V:1,Softmax:0,Softmax:1,O:0,O:1,Add:-1,FFN_W1:0,FFN_W3:0,FFN_W1:1,FFN_W3:1,SwiGLU:1,FFN_W2:0,FFN_W2:1,Add:-1",0.0004520834113224126,0.0004990975856781006,npu|decode|3|cb831580437a2754ddccf83aef8f2e46,3,sample_step,0.028933338324634406,0.03194224548339844,4.7014174355688044e-05,1.1039944691139285,0.003008907158764035,1.1039944691139285
heft_prefill-1024xdecode_256_ops_trace.csv,decode,3,127,28,PIM1,pim,2,"QK:1,SV:1",0.0001479679999993877,9.248e-06,pim|decode|3|9ba94a90ae2a2c31a7bb0139c1e338eb,3,sample_step,0.009469951999960813,0.000591872,-0.0001387199999993877,0.06250000000025863,-0.008878079999960813,0.06250000000025863
heft_prefill-1024xdecode_256_ops_trace.csv,decode,3,127,29,PIM0,pim,5,"LN:-1,QK:0,SV:0,LN:-1,SwiGLU:0",0.00019806399999833246,1.2379000000000001e-05,pim|decode|3|dee8ff963c4a9f3ef5051ebc43746a5c,3,sample_step,0.012676095999893278,0.0007922560000000001,-0.00018568499999833246,0.0625000000005262,-0.011883839999893278,0.0625000000005262
heft_prefill-1024xdecode_256_ops_trace.csv,decode,3,127,29,GPU0,npu,19,"Q:0,Q:1,K:0,K:1,V:0,V:1,Softmax:0,Softmax:1,O:0,O:1,Add:-1,FFN_W1:0,FFN_W3:0,FFN_W1:1,FFN_W3:1,SwiGLU:1,FFN_W2:0,FFN_W2:1,Add:-1",0.0004520834113224126,0.0004990975856781006,npu|decode|3|cb831580437a2754ddccf83aef8f2e46,3,sample_step,0.028933338324634406,0.03194224548339844,4.7014174355688044e-05,1.1039944691139285,0.003008907158764035,1.1039944691139285
heft_prefill-1024xdecode_256_ops_trace.csv,decode,3,127,29,PIM1,pim,2,"QK:1,SV:1",0.0001479679999993877,9.248e-06,pim|decode|3|9ba94a90ae2a2c31a7bb0139c1e338eb,3,sample_step,0.009469951999960813,0.000591872,-0.0001387199999993877,0.06250000000025863,-0.008878079999960813,0.06250000000025863
heft_prefill-1024xdecode_256_ops_trace.csv,decode,3,127,30,PIM0,pim,5,"LN:-1,QK:0,SV:0,LN:-1,SwiGLU:0",0.00019806399999833246,1.2379000000000001e-05,pim|decode|3|dee8ff963c4a9f3ef5051ebc43746a5c,3,sample_step,0.012676095999893278,0.0007922560000000001,-0.00018568499999833246,0.0625000000005262,-0.011883839999893278,0.0625000000005262
heft_prefill-1024xdecode_256_ops_trace.csv,decode,3,127,30,GPU0,npu,19,"Q:0,Q:1,K:0,K:1,V:0,V:1,Softmax:0,Softmax:1,O:0,O:1,Add:-1,FFN_W1:0,FFN_W3:0,FFN_W1:1,FFN_W3:1,SwiGLU:1,FFN_W2:0,FFN_W2:1,Add:-1",0.0004520834113224126,0.0004990975856781006,npu|decode|3|cb831580437a2754ddccf83aef8f2e46,3,sample_step,0.028933338324634406,0.03194224548339844,4.7014174355688044e-05,1.1039944691139285,0.003008907158764035,1.1039944691139285
heft_prefill-1024xdecode_256_ops_trace.csv,decode,3,127,30,PIM1,pim,2,"QK:1,SV:1",0.0001479679999993877,9.248e-06,pim|decode|3|9ba94a90ae2a2c31a7bb0139c1e338eb,3,sample_step,0.009469951999960813,0.000591872,-0.0001387199999993877,0.06250000000025863,-0.008878079999960813,0.06250000000025863
heft_prefill-1024xdecode_256_ops_trace.csv,decode,3,127,31,PIM0,pim,5,"LN:-1,QK:0,SV:0,LN:-1,SwiGLU:0",0.00019806399999833246,1.2379000000000001e-05,pim|decode|3|dee8ff963c4a9f3ef5051ebc43746a5c,3,sample_step,0.012676095999893278,0.0007922560000000001,-0.00018568499999833246,0.0625000000005262,-0.011883839999893278,0.0625000000005262
heft_prefill-1024xdecode_256_ops_trace.csv,decode,3,127,31,GPU0,npu,19,"Q:0,Q:1,K:0,K:1,V:0,V:1,Softmax:0,Softmax:1,O:0,O:1,Add:-1,FFN_W1:0,FFN_W3:0,FFN_W1:1,FFN_W3:1,SwiGLU:1,FFN_W2:0,FFN_W2:1,Add:-1",0.0004520834113224126,0.0004990975856781006,npu|decode|3|cb831580437a2754ddccf83aef8f2e46,3,sample_step,0.028933338324634406,0.03194224548339844,4.7014174355688044e-05,1.1039944691139285,0.003008907158764035,1.1039944691139285
heft_prefill-1024xdecode_256_ops_trace.csv,decode,3,127,31,PIM1,pim,2,"QK:1,SV:1",0.0001479679999993877,9.248e-06,pim|decode|3|9ba94a90ae2a2c31a7bb0139c1e338eb,3,sample_step,0.009469951999960813,0.000591872,-0.0001387199999993877,0.06250000000025863,-0.008878079999960813,0.06250000000025863
heft_prefill-1024xdecode_256_ops_trace.csv,decode,4,191,0,PIM0,pim,5,"LN:-1,QK:0,SV:0,LN:-1,SwiGLU:0",0.00019921599999861428,1.2451e-05,pim|decode|4|dee8ff963c4a9f3ef5051ebc43746a5c,4,sample_step,0.012749823999911314,0.000796864,-0.00018676499999861429,0.06250000000043474,-0.011952959999911314,0.06250000000043474
heft_prefill-1024xdecode_256_ops_trace.csv,decode,4,191,0,GPU0,npu,19,"Q:0,Q:1,K:0,K:1,V:0,V:1,Softmax:0,Softmax:1,O:0,O:1,Add:-1,FFN_W1:0,FFN_W3:0,FFN_W1:1,FFN_W3:1,SwiGLU:1,FFN_W2:0,FFN_W2:1,Add:-1",0.000452143015967188,0.0005013504028320312,npu|decode|4|cb831580437a2754ddccf83aef8f2e46,4,sample_step,0.02893715302190003,0.03208642578125,4.9207386864843225e-05,1.1088314651053113,0.0031492727593499664,1.1088314651053113
heft_prefill-1024xdecode_256_ops_trace.csv,decode,4,191,0,PIM1,pim,2,"QK:1,SV:1",0.00014911999999966952,9.319999999999999e-06,pim|decode|4|9ba94a90ae2a2c31a7bb0139c1e338eb,4,sample_step,0.009543679999978849,0.0005964799999999999,-0.00013979999999966952,0.0625000000001385,-0.00894719999997885,0.0625000000001385
heft_prefill-1024xdecode_256_ops_trace.csv,decode,4,191,1,PIM0,pim,5,"LN:-1,QK:0,SV:0,LN:-1,SwiGLU:0",0.00019921599999861428,1.2451e-05,pim|decode|4|dee8ff963c4a9f3ef5051ebc43746a5c,4,sample_step,0.012749823999911314,0.000796864,-0.00018676499999861429,0.06250000000043474,-0.011952959999911314,0.06250000000043474
heft_prefill-1024xdecode_256_ops_trace.csv,decode,4,191,1,GPU0,npu,19,"Q:0,Q:1,K:0,K:1,V:0,V:1,Softmax:0,Softmax:1,O:0,O:1,Add:-1,FFN_W1:0,FFN_W3:0,FFN_W1:1,FFN_W3:1,SwiGLU:1,FFN_W2:0,FFN_W2:1,Add:-1",0.000452143015967188,0.0005013504028320312,npu|decode|4|cb831580437a2754ddccf83aef8f2e46,4,sample_step,0.02893715302190003,0.03208642578125,4.9207386864843225e-05,1.1088314651053113,0.0031492727593499664,1.1088314651053113
heft_prefill-1024xdecode_256_ops_trace.csv,decode,4,191,1,PIM1,pim,2,"QK:1,SV:1",0.00014911999999966952,9.319999999999999e-06,pim|decode|4|9ba94a90ae2a2c31a7bb0139c1e338eb,4,sample_step,0.009543679999978849,0.0005964799999999999,-0.00013979999999966952,0.0625000000001385,-0.00894719999997885,0.0625000000001385
heft_prefill-1024xdecode_256_ops_trace.csv,decode,4,191,2,PIM0,pim,5,"LN:-1,QK:0,SV:0,LN:-1,SwiGLU:0",0.00019921599999861428,1.2451e-05,pim|decode|4|dee8ff963c4a9f3ef5051ebc43746a5c,4,sample_step,0.012749823999911314,0.000796864,-0.00018676499999861429,0.06250000000043474,-0.011952959999911314,0.06250000000043474
heft_prefill-1024xdecode_256_ops_trace.csv,decode,4,191,2,GPU0,npu,19,"Q:0,Q:1,K:0,K:1,V:0,V:1,Softmax:0,Softmax:1,O:0,O:1,Add:-1,FFN_W1:0,FFN_W3:0,FFN_W1:1,FFN_W3:1,SwiGLU:1,FFN_W2:0,FFN_W2:1,Add:-1",0.000452143015967188,0.0005013504028320312,npu|decode|4|cb831580437a2754ddccf83aef8f2e46,4,sample_step,0.02893715302190003,0.03208642578125,4.9207386864843225e-05,1.1088314651053113,0.0031492727593499664,1.1088314651053113
heft_prefill-1024xdecode_256_ops_trace.csv,decode,4,191,2,PIM1,pim,2,"QK:1,SV:1",0.00014911999999966952,9.319999999999999e-06,pim|decode|4|9ba94a90ae2a2c31a7bb0139c1e338eb,4,sample_step,0.009543679999978849,0.0005964799999999999,-0.00013979999999966952,0.0625000000001385,-0.00894719999997885,0.0625000000001385
heft_prefill-1024xdecode_256_ops_trace.csv,decode,4,191,3,PIM0,pim,5,"LN:-1,QK:0,SV:0,LN:-1,SwiGLU:0",0.00019921599999861428,1.2451e-05,pim|decode|4|dee8ff963c4a9f3ef5051ebc43746a5c,4,sample_step,0.012749823999911314,0.000796864,-0.00018676499999861429,0.06250000000043474,-0.011952959999911314,0.06250000000043474
heft_prefill-1024xdecode_256_ops_trace.csv,decode,4,191,3,GPU0,npu,19,"Q:0,Q:1,K:0,K:1,V:0,V:1,Softmax:0,Softmax:1,O:0,O:1,Add:-1,FFN_W1:0,FFN_W3:0,FFN_W1:1,FFN_W3:1,SwiGLU:1,FFN_W2:0,FFN_W2:1,Add:-1",0.000452143015967188,0.0005013504028320312,npu|decode|4|cb831580437a2754ddccf83aef8f2e46,4,sample_step,0.02893715302190003,0.03208642578125,4.9207386864843225e-05,1.1088314651053113,0.0031492727593499664,1.1088314651053113
heft_prefill-1024xdecode_256_ops_trace.csv,decode,4,191,3,PIM1,pim,2,"QK:1,SV:1",0.00014911999999966952,9.319999999999999e-06,pim|decode|4|9ba94a90ae2a2c31a7bb0139c1e338eb,4,sample_step,0.009543679999978849,0.0005964799999999999,-0.00013979999999966952,0.0625000000001385,-0.00894719999997885,0.0625000000001385
heft_prefill-1024xdecode_256_ops_trace.csv,decode,4,191,4,PIM0,pim,5,"LN:-1,QK:0,SV:0,LN:-1,SwiGLU:0",0.00019921599999861428,1.2451e-05,pim|decode|4|dee8ff963c4a9f3ef5051ebc43746a5c,4,sample_step,0.012749823999911314,0.000796864,-0.00018676499999861429,0.06250000000043474,-0.011952959999911314,0.06250000000043474
heft_prefill-1024xdecode_256_ops_trace.csv,decode,4,191,4,GPU0,npu,19,"Q:0,Q:1,K:0,K:1,V:0,V:1,Softmax:0,Softmax:1,O:0,O:1,Add:-1,FFN_W1:0,FFN_W3:0,FFN_W1:1,FFN_W3:1,SwiGLU:1,FFN_W2:0,FFN_W2:1,Add:-1",0.000452143015967188,0.0005013504028320312,npu|decode|4|cb831580437a2754ddccf83aef8f2e46,4,sample_step,0.02893715302190003,0.03208642578125,4.9207386864843225e-05,1.1088314651053113,0.0031492727593499664,1.1088314651053113
heft_prefill-1024xdecode_256_ops_trace.csv,decode,4,191,4,PIM1,pim,2,"QK:1,SV:1",0.00014911999999966952,9.319999999999999e-06,pim|decode|4|9ba94a90ae2a2c31a7bb0139c1e338eb,4,sample_step,0.009543679999978849,0.0005964799999999999,-0.00013979999999966952,0.0625000000001385,-0.00894719999997885,0.0625000000001385
heft_prefill-1024xdecode_256_ops_trace.csv,decode,4,191,5,PIM0,pim,5,"LN:-1,QK:0,SV:0,LN:-1,SwiGLU:0",0.00019921599999861428,1.2451e-05,pim|decode|4|dee8ff963c4a9f3ef5051ebc43746a5c,4,sample_step,0.012749823999911314,0.000796864,-0.00018676499999861429,0.06250000000043474,-0.011952959999911314,0.06250000000043474
heft_prefill-1024xdecode_256_ops_trace.csv,decode,4,191,5,GPU0,npu,19,"Q:0,Q:1,K:0,K:1,V:0,V:1,Softmax:0,Softmax:1,O:0,O:1,Add:-1,FFN_W1:0,FFN_W3:0,FFN_W1:1,FFN_W3:1,SwiGLU:1,FFN_W2:0,FFN_W2:1,Add:-1",0.000452143015967188,0.0005013504028320312,npu|decode|4|cb831580437a2754ddccf83aef8f2e46,4,sample_step,0.02893715302190003,0.03208642578125,4.9207386864843225e-05,1.1088314651053113,0.0031492727593499664,1.1088314651053113
heft_prefill-1024xdecode_256_ops_trace.csv,decode,4,191,5,PIM1,pim,2,"QK:1,SV:1",0.00014911999999966952,9.319999999999999e-06,pim|decode|4|9ba94a90ae2a2c31a7bb0139c1e338eb,4,sample_step,0.009543679999978849,0.0005964799999999999,-0.00013979999999966952,0.0625000000001385,-0.00894719999997885,0.0625000000001385
heft_prefill-1024xdecode_256_ops_trace.csv,decode,4,191,6,PIM0,pim,5,"LN:-1,QK:0,SV:0,LN:-1,SwiGLU:0",0.00019921599999861428,1.2451e-05,pim|decode|4|dee8ff963c4a9f3ef5051ebc43746a5c,4,sample_step,0.012749823999911314,0.000796864,-0.00018676499999861429,0.06250000000043474,-0.011952959999911314,0.06250000000043474
heft_prefill-1024xdecode_256_ops_trace.csv,decode,4,191,6,GPU0,npu,19,"Q:0,Q:1,K:0,K:1,V:0,V:1,Softmax:0,Softmax:1,O:0,O:1,Add:-1,FFN_W1:0,FFN_W3:0,FFN_W1:1,FFN_W3:1,SwiGLU:1,FFN_W2:0,FFN_W2:1,Add:-1",0.000452143015967188,0.0005013504028320312,npu|decode|4|cb831580437a2754ddccf83aef8f2e46,4,sample_step,0.02893715302190003,0.03208642578125,4.9207386864843225e-05,1.1088314651053113,0.0031492727593499664,1.1088314651053113
heft_prefill-1024xdecode_256_ops_trace.csv,decode,4,191,6,PIM1,pim,2,"QK:1,SV:1",0.00014911999999966952,9.319999999999999e-06,pim|decode|4|9ba94a90ae2a2c31a7bb0139c1e338eb,4,sample_step,0.009543679999978849,0.0005964799999999999,-0.00013979999999966952,0.0625000000001385,-0.00894719999997885,0.0625000000001385
heft_prefill-1024xdecode_256_ops_trace.csv,decode,4,191,7,PIM0,pim,5,"LN:-1,QK:0,SV:0,LN:-1,SwiGLU:0",0.00019921599999861428,1.2451e-05,pim|decode|4|dee8ff963c4a9f3ef5051ebc43746a5c,4,sample_step,0.012749823999911314,0.000796864,-0.00018676499999861429,0.06250000000043474,-0.011952959999911314,0.06250000000043474
heft_prefill-1024xdecode_256_ops_trace.csv,decode,4,191,7,GPU0,npu,19,"Q:0,Q:1,K:0,K:1,V:0,V:1,Softmax:0,Softmax:1,O:0,O:1,Add:-1,FFN_W1:0,FFN_W3:0,FFN_W1:1,FFN_W3:1,SwiGLU:1,FFN_W2:0,FFN_W2:1,Add:-1",0.000452143015967188,0.0005013504028320312,npu|decode|4|cb831580437a2754ddccf83aef8f2e46,4,sample_step,0.02893715302190003,0.03208642578125,4.9207386864843225e-05,1.1088314651053113,0.0031492727593499664,1.1088314651053113
heft_prefill-1024xdecode_256_ops_trace.csv,decode,4,191,7,PIM1,pim,2,"QK:1,SV:1",0.00014911999999966952,9.319999999999999e-06,pim|decode|4|9ba94a90ae2a2c31a7bb0139c1e338eb,4,sample_step,0.009543679999978849,0.0005964799999999999,-0.00013979999999966952,0.0625000000001385,-0.00894719999997885,0.0625000000001385
heft_prefill-1024xdecode_256_ops_trace.csv,decode,4,191,8,PIM0,pim,5,"LN:-1,QK:0,SV:0,LN:-1,SwiGLU:0",0.00019921599999861428,1.2451e-05,pim|decode|4|dee8ff963c4a9f3ef5051ebc43746a5c,4,sample_step,0.012749823999911314,0.000796864,-0.00018676499999861429,0.06250000000043474,-0.011952959999911314,0.06250000000043474
heft_prefill-1024xdecode_256_ops_trace.csv,decode,4,191,8,GPU0,npu,19,"Q:0,Q:1,K:0,K:1,V:0,V:1,Softmax:0,Softmax:1,O:0,O:1,Add:-1,FFN_W1:0,FFN_W3:0,FFN_W1:1,FFN_W3:1,SwiGLU:1,FFN_W2:0,FFN_W2:1,Add:-1",0.000452143015967188,0.0005013504028320312,npu|decode|4|cb831580437a2754ddccf83aef8f2e46,4,sample_step,0.02893715302190003,0.03208642578125,4.9207386864843225e-05,1.1088314651053113,0.0031492727593499664,1.1088314651053113
heft_prefill-1024xdecode_256_ops_trace.csv,decode,4,191,8,PIM1,pim,2,"QK:1,SV:1",0.00014911999999966952,9.319999999999999e-06,pim|decode|4|9ba94a90ae2a2c31a7bb0139c1e338eb,4,sample_step,0.009543679999978849,0.0005964799999999999,-0.00013979999999966952,0.0625000000001385,-0.00894719999997885,0.0625000000001385
heft_prefill-1024xdecode_256_ops_trace.csv,decode,4,191,9,PIM0,pim,5,"LN:-1,QK:0,SV:0,LN:-1,SwiGLU:0",0.00019921599999861428,1.2451e-05,pim|decode|4|dee8ff963c4a9f3ef5051ebc43746a5c,4,sample_step,0.012749823999911314,0.000796864,-0.00018676499999861429,0.06250000000043474,-0.011952959999911314,0.06250000000043474
heft_prefill-1024xdecode_256_ops_trace.csv,decode,4,191,9,GPU0,npu,19,"Q:0,Q:1,K:0,K:1,V:0,V:1,Softmax:0,Softmax:1,O:0,O:1,Add:-1,FFN_W1:0,FFN_W3:0,FFN_W1:1,FFN_W3:1,SwiGLU:1,FFN_W2:0,FFN_W2:1,Add:-1",0.000452143015967188,0.0005013504028320312,npu|decode|4|cb831580437a2754ddccf83aef8f2e46,4,sample_step,0.02893715302190003,0.03208642578125,4.9207386864843225e-05,1.1088314651053113,0.0031492727593499664,1.1088314651053113
heft_prefill-1024xdecode_256_ops_trace.csv,decode,4,191,9,PIM1,pim,2,"QK:1,SV:1",0.00014911999999966952,9.319999999999999e-06,pim|decode|4|9ba94a90ae2a2c31a7bb0139c1e338eb,4,sample_step,0.009543679999978849,0.0005964799999999999,-0.00013979999999966952,0.0625000000001385,-0.00894719999997885,0.0625000000001385
heft_prefill-1024xdecode_256_ops_trace.csv,decode,4,191,10,PIM0,pim,5,"LN:-1,QK:0,SV:0,LN:-1,SwiGLU:0",0.00019921599999861428,1.2451e-05,pim|decode|4|dee8ff963c4a9f3ef5051ebc43746a5c,4,sample_step,0.012749823999911314,0.000796864,-0.00018676499999861429,0.06250000000043474,-0.011952959999911314,0.06250000000043474
heft_prefill-1024xdecode_256_ops_trace.csv,decode,4,191,10,GPU0,npu,19,"Q:0,Q:1,K:0,K:1,V:0,V:1,Softmax:0,Softmax:1,O:0,O:1,Add:-1,FFN_W1:0,FFN_W3:0,FFN_W1:1,FFN_W3:1,SwiGLU:1,FFN_W2:0,FFN_W2:1,Add:-1",0.000452143015967188,0.0005013504028320312,npu|decode|4|cb831580437a2754ddccf83aef8f2e46,4,sample_step,0.02893715302190003,0.03208642578125,4.9207386864843225e-05,1.1088314651053113,0.0031492727593499664,1.1088314651053113
heft_prefill-1024xdecode_256_ops_trace.csv,decode,4,191,10,PIM1,pim,2,"QK:1,SV:1",0.00014911999999966952,9.319999999999999e-06,pim|decode|4|9ba94a90ae2a2c31a7bb0139c1e338eb,4,sample_step,0.009543679999978849,0.0005964799999999999,-0.00013979999999966952,0.0625000000001385,-0.00894719999997885,0.0625000000001385
heft_prefill-1024xdecode_256_ops_trace.csv,decode,4,191,11,PIM0,pim,5,"LN:-1,QK:0,SV:0,LN:-1,SwiGLU:0",0.00019921599999861428,1.2451e-05,pim|decode|4|dee8ff963c4a9f3ef5051ebc43746a5c,4,sample_step,0.012749823999911314,0.000796864,-0.00018676499999861429,0.06250000000043474,-0.011952959999911314,0.06250000000043474
heft_prefill-1024xdecode_256_ops_trace.csv,decode,4,191,11,GPU0,npu,19,"Q:0,Q:1,K:0,K:1,V:0,V:1,Softmax:0,Softmax:1,O:0,O:1,Add:-1,FFN_W1:0,FFN_W3:0,FFN_W1:1,FFN_W3:1,SwiGLU:1,FFN_W2:0,FFN_W2:1,Add:-1",0.000452143015967188,0.0005013504028320312,npu|decode|4|cb831580437a2754ddccf83aef8f2e46,4,sample_step,0.02893715302190003,0.03208642578125,4.9207386864843225e-05,1.1088314651053113,0.0031492727593499664,1.1088314651053113
heft_prefill-1024xdecode_256_ops_trace.csv,decode,4,191,11,PIM1,pim,2,"QK:1,SV:1",0.00014911999999966952,9.319999999999999e-06,pim|decode|4|9ba94a90ae2a2c31a7bb0139c1e338eb,4,sample_step,0.009543679999978849,0.0005964799999999999,-0.00013979999999966952,0.0625000000001385,-0.00894719999997885,0.0625000000001385
heft_prefill-1024xdecode_256_ops_trace.csv,decode,4,191,12,PIM0,pim,5,"LN:-1,QK:0,SV:0,LN:-1,SwiGLU:0",0.00019921599999861428,1.2451e-05,pim|decode|4|dee8ff963c4a9f3ef5051ebc43746a5c,4,sample_step,0.012749823999911314,0.000796864,-0.00018676499999861429,0.06250000000043474,-0.011952959999911314,0.06250000000043474
heft_prefill-1024xdecode_256_ops_trace.csv,decode,4,191,12,GPU0,npu,19,"Q:0,Q:1,K:0,K:1,V:0,V:1,Softmax:0,Softmax:1,O:0,O:1,Add:-1,FFN_W1:0,FFN_W3:0,FFN_W1:1,FFN_W3:1,SwiGLU:1,FFN_W2:0,FFN_W2:1,Add:-1",0.000452143015967188,0.0005013504028320312,npu|decode|4|cb831580437a2754ddccf83aef8f2e46,4,sample_step,0.02893715302190003,0.03208642578125,4.9207386864843225e-05,1.1088314651053113,0.0031492727593499664,1.1088314651053113
heft_prefill-1024xdecode_256_ops_trace.csv,decode,4,191,12,PIM1,pim,2,"QK:1,SV:1",0.00014911999999966952,9.319999999999999e-06,pim|decode|4|9ba94a90ae2a2c31a7bb0139c1e338eb,4,sample_step,0.009543679999978849,0.0005964799999999999,-0.00013979999999966952,0.0625000000001385,-0.00894719999997885,0.0625000000001385
heft_prefill-1024xdecode_256_ops_trace.csv,decode,4,191,13,PIM0,pim,5,"LN:-1,QK:0,SV:0,LN:-1,SwiGLU:0",0.00019921599999861428,1.2451e-05,pim|decode|4|dee8ff963c4a9f3ef5051ebc43746a5c,4,sample_step,0.012749823999911314,0.000796864,-0.00018676499999861429,0.06250000000043474,-0.011952959999911314,0.06250000000043474
heft_prefill-1024xdecode_256_ops_trace.csv,decode,4,191,13,GPU0,npu,19,"Q:0,Q:1,K:0,K:1,V:0,V:1,Softmax:0,Softmax:1,O:0,O:1,Add:-1,FFN_W1:0,FFN_W3:0,FFN_W1:1,FFN_W3:1,SwiGLU:1,FFN_W2:0,FFN_W2:1,Add:-1",0.000452143015967188,0.0005013504028320312,npu|decode|4|cb831580437a2754ddccf83aef8f2e46,4,sample_step,0.02893715302190003,0.03208642578125,4.9207386864843225e-05,1.1088314651053113,0.0031492727593499664,1.1088314651053113
heft_prefill-1024xdecode_256_ops_trace.csv,decode,4,191,13,PIM1,pim,2,"QK:1,SV:1",0.00014911999999966952,9.319999999999999e-06,pim|decode|4|9ba94a90ae2a2c31a7bb0139c1e338eb,4,sample_step,0.009543679999978849,0.0005964799999999999,-0.00013979999999966952,0.0625000000001385,-0.00894719999997885,0.0625000000001385
heft_prefill-1024xdecode_256_ops_trace.csv,decode,4,191,14,PIM0,pim,5,"LN:-1,QK:0,SV:0,LN:-1,SwiGLU:0",0.00019921599999861428,1.2451e-05,pim|decode|4|dee8ff963c4a9f3ef5051ebc43746a5c,4,sample_step,0.012749823999911314,0.000796864,-0.00018676499999861429,0.06250000000043474,-0.011952959999911314,0.06250000000043474
heft_prefill-1024xdecode_256_ops_trace.csv,decode,4,191,14,GPU0,npu,19,"Q:0,Q:1,K:0,K:1,V:0,V:1,Softmax:0,Softmax:1,O:0,O:1,Add:-1,FFN_W1:0,FFN_W3:0,FFN_W1:1,FFN_W3:1,SwiGLU:1,FFN_W2:0,FFN_W2:1,Add:-1",0.000452143015967188,0.0005013504028320312,npu|decode|4|cb831580437a2754ddccf83aef8f2e46,4,sample_step,0.02893715302190003,0.03208642578125,4.9207386864843225e-05,1.1088314651053113,0.0031492727593499664,1.1088314651053113
heft_prefill-1024xdecode_256_ops_trace.csv,decode,4,191,14,PIM1,pim,2,"QK:1,SV:1",0.00014911999999966952,9.319999999999999e-06,pim|decode|4|9ba94a90ae2a2c31a7bb0139c1e338eb,4,sample_step,0.009543679999978849,0.0005964799999999999,-0.00013979999999966952,0.0625000000001385,-0.00894719999997885,0.0625000000001385
heft_prefill-1024xdecode_256_ops_trace.csv,decode,4,191,15,PIM0,pim,5,"LN:-1,QK:0,SV:0,LN:-1,SwiGLU:0",0.00019921599999861428,1.2451e-05,pim|decode|4|dee8ff963c4a9f3ef5051ebc43746a5c,4,sample_step,0.012749823999911314,0.000796864,-0.00018676499999861429,0.06250000000043474,-0.011952959999911314,0.06250000000043474
heft_prefill-1024xdecode_256_ops_trace.csv,decode,4,191,15,GPU0,npu,19,"Q:0,Q:1,K:0,K:1,V:0,V:1,Softmax:0,Softmax:1,O:0,O:1,Add:-1,FFN_W1:0,FFN_W3:0,FFN_W1:1,FFN_W3:1,SwiGLU:1,FFN_W2:0,FFN_W2:1,Add:-1",0.000452143015967188,0.0005013504028320312,npu|decode|4|cb831580437a2754ddccf83aef8f2e46,4,sample_step,0.02893715302190003,0.03208642578125,4.9207386864843225e-05,1.1088314651053113,0.0031492727593499664,1.1088314651053113
heft_prefill-1024xdecode_256_ops_trace.csv,decode,4,191,15,PIM1,pim,2,"QK:1,SV:1",0.00014911999999966952,9.319999999999999e-06,pim|decode|4|9ba94a90ae2a2c31a7bb0139c1e338eb,4,sample_step,0.009543679999978849,0.0005964799999999999,-0.00013979999999966952,0.0625000000001385,-0.00894719999997885,0.0625000000001385
heft_prefill-1024xdecode_256_ops_trace.csv,decode,4,191,16,PIM0,pim,5,"LN:-1,QK:0,SV:0,LN:-1,SwiGLU:0",0.00019921599999861428,1.2451e-05,pim|decode|4|dee8ff963c4a9f3ef5051ebc43746a5c,4,sample_step,0.012749823999911314,0.000796864,-0.00018676499999861429,0.06250000000043474,-0.011952959999911314,0.06250000000043474
heft_prefill-1024xdecode_256_ops_trace.csv,decode,4,191,16,GPU0,npu,19,"Q:0,Q:1,K:0,K:1,V:0,V:1,Softmax:0,Softmax:1,O:0,O:1,Add:-1,FFN_W1:0,FFN_W3:0,FFN_W1:1,FFN_W3:1,SwiGLU:1,FFN_W2:0,FFN_W2:1,Add:-1",0.000452143015967188,0.0005013504028320312,npu|decode|4|cb831580437a2754ddccf83aef8f2e46,4,sample_step,0.02893715302190003,0.03208642578125,4.9207386864843225e-05,1.1088314651053113,0.0031492727593499664,1.1088314651053113
heft_prefill-1024xdecode_256_ops_trace.csv,decode,4,191,16,PIM1,pim,2,"QK:1,SV:1",0.00014911999999966952,9.319999999999999e-06,pim|decode|4|9ba94a90ae2a2c31a7bb0139c1e338eb,4,sample_step,0.009543679999978849,0.0005964799999999999,-0.00013979999999966952,0.0625000000001385,-0.00894719999997885,0.0625000000001385
heft_prefill-1024xdecode_256_ops_trace.csv,decode,4,191,17,PIM0,pim,5,"LN:-1,QK:0,SV:0,LN:-1,SwiGLU:0",0.00019921599999861428,1.2451e-05,pim|decode|4|dee8ff963c4a9f3ef5051ebc43746a5c,4,sample_step,0.012749823999911314,0.000796864,-0.00018676499999861429,0.06250000000043474,-0.011952959999911314,0.06250000000043474
heft_prefill-1024xdecode_256_ops_trace.csv,decode,4,191,17,GPU0,npu,19,"Q:0,Q:1,K:0,K:1,V:0,V:1,Softmax:0,Softmax:1,O:0,O:1,Add:-1,FFN_W1:0,FFN_W3:0,FFN_W1:1,FFN_W3:1,SwiGLU:1,FFN_W2:0,FFN_W2:1,Add:-1",0.000452143015967188,0.0005013504028320312,npu|decode|4|cb831580437a2754ddccf83aef8f2e46,4,sample_step,0.02893715302190003,0.03208642578125,4.9207386864843225e-05,1.1088314651053113,0.0031492727593499664,1.1088314651053113
heft_prefill-1024xdecode_256_ops_trace.csv,decode,4,191,17,PIM1,pim,2,"QK:1,SV:1",0.00014911999999966952,9.319999999999999e-06,pim|decode|4|9ba94a90ae2a2c31a7bb0139c1e338eb,4,sample_step,0.009543679999978849,0.0005964799999999999,-0.00013979999999966952,0.0625000000001385,-0.00894719999997885,0.0625000000001385
heft_prefill-1024xdecode_256_ops_trace.csv,decode,4,191,18,PIM0,pim,5,"LN:-1,QK:0,SV:0,LN:-1,SwiGLU:0",0.00019921599999861428,1.2451e-05,pim|decode|4|dee8ff963c4a9f3ef5051ebc43746a5c,4,sample_step,0.012749823999911314,0.000796864,-0.00018676499999861429,0.06250000000043474,-0.011952959999911314,0.06250000000043474
heft_prefill-1024xdecode_256_ops_trace.csv,decode,4,191,18,GPU0,npu,19,"Q:0,Q:1,K:0,K:1,V:0,V:1,Softmax:0,Softmax:1,O:0,O:1,Add:-1,FFN_W1:0,FFN_W3:0,FFN_W1:1,FFN_W3:1,SwiGLU:1,FFN_W2:0,FFN_W2:1,Add:-1",0.000452143015967188,0.0005013504028320312,npu|decode|4|cb831580437a2754ddccf83aef8f2e46,4,sample_step,0.02893715302190003,0.03208642578125,4.9207386864843225e-05,1.1088314651053113,0.0031492727593499664,1.1088314651053113
heft_prefill-1024xdecode_256_ops_trace.csv,decode,4,191,18,PIM1,pim,2,"QK:1,SV:1",0.00014911999999966952,9.319999999999999e-06,pim|decode|4|9ba94a90ae2a2c31a7bb0139c1e338eb,4,sample_step,0.009543679999978849,0.0005964799999999999,-0.00013979999999966952,0.0625000000001385,-0.00894719999997885,0.0625000000001385
heft_prefill-1024xdecode_256_ops_trace.csv,decode,4,191,19,PIM0,pim,5,"LN:-1,QK:0,SV:0,LN:-1,SwiGLU:0",0.00019921599999861428,1.2451e-05,pim|decode|4|dee8ff963c4a9f3ef5051ebc43746a5c,4,sample_step,0.012749823999911314,0.000796864,-0.00018676499999861429,0.06250000000043474,-0.011952959999911314,0.06250000000043474
heft_prefill-1024xdecode_256_ops_trace.csv,decode,4,191,19,GPU0,npu,19,"Q:0,Q:1,K:0,K:1,V:0,V:1,Softmax:0,Softmax:1,O:0,O:1,Add:-1,FFN_W1:0,FFN_W3:0,FFN_W1:1,FFN_W3:1,SwiGLU:1,FFN_W2:0,FFN_W2:1,Add:-1",0.000452143015967188,0.0005013504028320312,npu|decode|4|cb831580437a2754ddccf83aef8f2e46,4,sample_step,0.02893715302190003,0.03208642578125,4.9207386864843225e-05,1.1088314651053113,0.0031492727593499664,1.1088314651053113
heft_prefill-1024xdecode_256_ops_trace.csv,decode,4,191,19,PIM1,pim,2,"QK:1,SV:1",0.00014911999999966952,9.319999999999999e-06,pim|decode|4|9ba94a90ae2a2c31a7bb0139c1e338eb,4,sample_step,0.009543679999978849,0.0005964799999999999,-0.00013979999999966952,0.0625000000001385,-0.00894719999997885,0.0625000000001385
heft_prefill-1024xdecode_256_ops_trace.csv,decode,4,191,20,PIM0,pim,5,"LN:-1,QK:0,SV:0,LN:-1,SwiGLU:0",0.00019921599999861428,1.2451e-05,pim|decode|4|dee8ff963c4a9f3ef5051ebc43746a5c,4,sample_step,0.012749823999911314,0.000796864,-0.00018676499999861429,0.06250000000043474,-0.011952959999911314,0.06250000000043474
heft_prefill-1024xdecode_256_ops_trace.csv,decode,4,191,20,GPU0,npu,19,"Q:0,Q:1,K:0,K:1,V:0,V:1,Softmax:0,Softmax:1,O:0,O:1,Add:-1,FFN_W1:0,FFN_W3:0,FFN_W1:1,FFN_W3:1,SwiGLU:1,FFN_W2:0,FFN_W2:1,Add:-1",0.000452143015967188,0.0005013504028320312,npu|decode|4|cb831580437a2754ddccf83aef8f2e46,4,sample_step,0.02893715302190003,0.03208642578125,4.9207386864843225e-05,1.1088314651053113,0.0031492727593499664,1.1088314651053113
heft_prefill-1024xdecode_256_ops_trace.csv,decode,4,191,20,PIM1,pim,2,"QK:1,SV:1",0.00014911999999966952,9.319999999999999e-06,pim|decode|4|9ba94a90ae2a2c31a7bb0139c1e338eb,4,sample_step,0.009543679999978849,0.0005964799999999999,-0.00013979999999966952,0.0625000000001385,-0.00894719999997885,0.0625000000001385
heft_prefill-1024xdecode_256_ops_trace.csv,decode,4,191,21,PIM0,pim,5,"LN:-1,QK:0,SV:0,LN:-1,SwiGLU:0",0.00019921599999861428,1.2451e-05,pim|decode|4|dee8ff963c4a9f3ef5051ebc43746a5c,4,sample_step,0.012749823999911314,0.000796864,-0.00018676499999861429,0.06250000000043474,-0.011952959999911314,0.06250000000043474
heft_prefill-1024xdecode_256_ops_trace.csv,decode,4,191,21,GPU0,npu,19,"Q:0,Q:1,K:0,K:1,V:0,V:1,Softmax:0,Softmax:1,O:0,O:1,Add:-1,FFN_W1:0,FFN_W3:0,FFN_W1:1,FFN_W3:1,SwiGLU:1,FFN_W2:0,FFN_W2:1,Add:-1",0.000452143015967188,0.0005013504028320312,npu|decode|4|cb831580437a2754ddccf83aef8f2e46,4,sample_step,0.02893715302190003,0.03208642578125,4.9207386864843225e-05,1.1088314651053113,0.0031492727593499664,1.1088314651053113
heft_prefill-1024xdecode_256_ops_trace.csv,decode,4,191,21,PIM1,pim,2,"QK:1,SV:1",0.00014911999999966952,9.319999999999999e-06,pim|decode|4|9ba94a90ae2a2c31a7bb0139c1e338eb,4,sample_step,0.009543679999978849,0.0005964799999999999,-0.00013979999999966952,0.0625000000001385,-0.00894719999997885,0.0625000000001385
heft_prefill-1024xdecode_256_ops_trace.csv,decode,4,191,22,PIM0,pim,5,"LN:-1,QK:0,SV:0,LN:-1,SwiGLU:0",0.00019921599999861428,1.2451e-05,pim|decode|4|dee8ff963c4a9f3ef5051ebc43746a5c,4,sample_step,0.012749823999911314,0.000796864,-0.00018676499999861429,0.06250000000043474,-0.011952959999911314,0.06250000000043474
heft_prefill-1024xdecode_256_ops_trace.csv,decode,4,191,22,GPU0,npu,19,"Q:0,Q:1,K:0,K:1,V:0,V:1,Softmax:0,Softmax:1,O:0,O:1,Add:-1,FFN_W1:0,FFN_W3:0,FFN_W1:1,FFN_W3:1,SwiGLU:1,FFN_W2:0,FFN_W2:1,Add:-1",0.000452143015967188,0.0005013504028320312,npu|decode|4|cb831580437a2754ddccf83aef8f2e46,4,sample_step,0.02893715302190003,0.03208642578125,4.9207386864843225e-05,1.1088314651053113,0.0031492727593499664,1.1088314651053113
heft_prefill-1024xdecode_256_ops_trace.csv,decode,4,191,22,PIM1,pim,2,"QK:1,SV:1",0.00014911999999966952,9.319999999999999e-06,pim|decode|4|9ba94a90ae2a2c31a7bb0139c1e338eb,4,sample_step,0.009543679999978849,0.0005964799999999999,-0.00013979999999966952,0.0625000000001385,-0.00894719999997885,0.0625000000001385
heft_prefill-1024xdecode_256_ops_trace.csv,decode,4,191,23,PIM0,pim,5,"LN:-1,QK:0,SV:0,LN:-1,SwiGLU:0",0.00019921599999861428,1.2451e-05,pim|decode|4|dee8ff963c4a9f3ef5051ebc43746a5c,4,sample_step,0.012749823999911314,0.000796864,-0.00018676499999861429,0.06250000000043474,-0.011952959999911314,0.06250000000043474
heft_prefill-1024xdecode_256_ops_trace.csv,decode,4,191,23,GPU0,npu,19,"Q:0,Q:1,K:0,K:1,V:0,V:1,Softmax:0,Softmax:1,O:0,O:1,Add:-1,FFN_W1:0,FFN_W3:0,FFN_W1:1,FFN_W3:1,SwiGLU:1,FFN_W2:0,FFN_W2:1,Add:-1",0.000452143015967188,0.0005013504028320312,npu|decode|4|cb831580437a2754ddccf83aef8f2e46,4,sample_step,0.02893715302190003,0.03208642578125,4.9207386864843225e-05,1.1088314651053113,0.0031492727593499664,1.1088314651053113
heft_prefill-1024xdecode_256_ops_trace.csv,decode,4,191,23,PIM1,pim,2,"QK:1,SV:1",0.00014911999999966952,9.319999999999999e-06,pim|decode|4|9ba94a90ae2a2c31a7bb0139c1e338eb,4,sample_step,0.009543679999978849,0.0005964799999999999,-0.00013979999999966952,0.0625000000001385,-0.00894719999997885,0.0625000000001385
heft_prefill-1024xdecode_256_ops_trace.csv,decode,4,191,24,PIM0,pim,5,"LN:-1,QK:0,SV:0,LN:-1,SwiGLU:0",0.00019921599999861428,1.2451e-05,pim|decode|4|dee8ff963c4a9f3ef5051ebc43746a5c,4,sample_step,0.012749823999911314,0.000796864,-0.00018676499999861429,0.06250000000043474,-0.011952959999911314,0.06250000000043474
heft_prefill-1024xdecode_256_ops_trace.csv,decode,4,191,24,GPU0,npu,19,"Q:0,Q:1,K:0,K:1,V:0,V:1,Softmax:0,Softmax:1,O:0,O:1,Add:-1,FFN_W1:0,FFN_W3:0,FFN_W1:1,FFN_W3:1,SwiGLU:1,FFN_W2:0,FFN_W2:1,Add:-1",0.000452143015967188,0.0005013504028320312,npu|decode|4|cb831580437a2754ddccf83aef8f2e46,4,sample_step,0.02893715302190003,0.03208642578125,4.9207386864843225e-05,1.1088314651053113,0.0031492727593499664,1.1088314651053113
heft_prefill-1024xdecode_256_ops_trace.csv,decode,4,191,24,PIM1,pim,2,"QK:1,SV:1",0.00014911999999966952,9.319999999999999e-06,pim|decode|4|9ba94a90ae2a2c31a7bb0139c1e338eb,4,sample_step,0.009543679999978849,0.0005964799999999999,-0.00013979999999966952,0.0625000000001385,-0.00894719999997885,0.0625000000001385
heft_prefill-1024xdecode_256_ops_trace.csv,decode,4,191,25,PIM0,pim,5,"LN:-1,QK:0,SV:0,LN:-1,SwiGLU:0",0.00019921599999861428,1.2451e-05,pim|decode|4|dee8ff963c4a9f3ef5051ebc43746a5c,4,sample_step,0.012749823999911314,0.000796864,-0.00018676499999861429,0.06250000000043474,-0.011952959999911314,0.06250000000043474
heft_prefill-1024xdecode_256_ops_trace.csv,decode,4,191,25,GPU0,npu,19,"Q:0,Q:1,K:0,K:1,V:0,V:1,Softmax:0,Softmax:1,O:0,O:1,Add:-1,FFN_W1:0,FFN_W3:0,FFN_W1:1,FFN_W3:1,SwiGLU:1,FFN_W2:0,FFN_W2:1,Add:-1",0.000452143015967188,0.0005013504028320312,npu|decode|4|cb831580437a2754ddccf83aef8f2e46,4,sample_step,0.02893715302190003,0.03208642578125,4.9207386864843225e-05,1.1088314651053113,0.0031492727593499664,1.1088314651053113
heft_prefill-1024xdecode_256_ops_trace.csv,decode,4,191,25,PIM1,pim,2,"QK:1,SV:1",0.00014911999999966952,9.319999999999999e-06,pim|decode|4|9ba94a90ae2a2c31a7bb0139c1e338eb,4,sample_step,0.009543679999978849,0.0005964799999999999,-0.00013979999999966952,0.0625000000001385,-0.00894719999997885,0.0625000000001385
heft_prefill-1024xdecode_256_ops_trace.csv,decode,4,191,26,PIM0,pim,5,"LN:-1,QK:0,SV:0,LN:-1,SwiGLU:0",0.00019921599999861428,1.2451e-05,pim|decode|4|dee8ff963c4a9f3ef5051ebc43746a5c,4,sample_step,0.012749823999911314,0.000796864,-0.00018676499999861429,0.06250000000043474,-0.011952959999911314,0.06250000000043474
heft_prefill-1024xdecode_256_ops_trace.csv,decode,4,191,26,GPU0,npu,19,"Q:0,Q:1,K:0,K:1,V:0,V:1,Softmax:0,Softmax:1,O:0,O:1,Add:-1,FFN_W1:0,FFN_W3:0,FFN_W1:1,FFN_W3:1,SwiGLU:1,FFN_W2:0,FFN_W2:1,Add:-1",0.000452143015967188,0.0005013504028320312,npu|decode|4|cb831580437a2754ddccf83aef8f2e46,4,sample_step,0.02893715302190003,0.03208642578125,4.9207386864843225e-05,1.1088314651053113,0.0031492727593499664,1.1088314651053113
heft_prefill-1024xdecode_256_ops_trace.csv,decode,4,191,26,PIM1,pim,2,"QK:1,SV:1",0.00014911999999966952,9.319999999999999e-06,pim|decode|4|9ba94a90ae2a2c31a7bb0139c1e338eb,4,sample_step,0.009543679999978849,0.0005964799999999999,-0.00013979999999966952,0.0625000000001385,-0.00894719999997885,0.0625000000001385
heft_prefill-1024xdecode_256_ops_trace.csv,decode,4,191,27,PIM0,pim,5,"LN:-1,QK:0,SV:0,LN:-1,SwiGLU:0",0.00019921599999861428,1.2451e-05,pim|decode|4|dee8ff963c4a9f3ef5051ebc43746a5c,4,sample_step,0.012749823999911314,0.000796864,-0.00018676499999861429,0.06250000000043474,-0.011952959999911314,0.06250000000043474
heft_prefill-1024xdecode_256_ops_trace.csv,decode,4,191,27,GPU0,npu,19,"Q:0,Q:1,K:0,K:1,V:0,V:1,Softmax:0,Softmax:1,O:0,O:1,Add:-1,FFN_W1:0,FFN_W3:0,FFN_W1:1,FFN_W3:1,SwiGLU:1,FFN_W2:0,FFN_W2:1,Add:-1",0.000452143015967188,0.0005013504028320312,npu|decode|4|cb831580437a2754ddccf83aef8f2e46,4,sample_step,0.02893715302190003,0.03208642578125,4.9207386864843225e-05,1.1088314651053113,0.0031492727593499664,1.1088314651053113
heft_prefill-1024xdecode_256_ops_trace.csv,decode,4,191,27,PIM1,pim,2,"QK:1,SV:1",0.00014911999999966952,9.319999999999999e-06,pim|decode|4|9ba94a90ae2a2c31a7bb0139c1e338eb,4,sample_step,0.009543679999978849,0.0005964799999999999,-0.00013979999999966952,0.0625000000001385,-0.00894719999997885,0.0625000000001385
heft_prefill-1024xdecode_256_ops_trace.csv,decode,4,191,28,PIM0,pim,5,"LN:-1,QK:0,SV:0,LN:-1,SwiGLU:0",0.00019921599999861428,1.2451e-05,pim|decode|4|dee8ff963c4a9f3ef5051ebc43746a5c,4,sample_step,0.012749823999911314,0.000796864,-0.00018676499999861429,0.06250000000043474,-0.011952959999911314,0.06250000000043474
heft_prefill-1024xdecode_256_ops_trace.csv,decode,4,191,28,GPU0,npu,19,"Q:0,Q:1,K:0,K:1,V:0,V:1,Softmax:0,Softmax:1,O:0,O:1,Add:-1,FFN_W1:0,FFN_W3:0,FFN_W1:1,FFN_W3:1,SwiGLU:1,FFN_W2:0,FFN_W2:1,Add:-1",0.000452143015967188,0.0005013504028320312,npu|decode|4|cb831580437a2754ddccf83aef8f2e46,4,sample_step,0.02893715302190003,0.03208642578125,4.9207386864843225e-05,1.1088314651053113,0.0031492727593499664,1.1088314651053113
heft_prefill-1024xdecode_256_ops_trace.csv,decode,4,191,28,PIM1,pim,2,"QK:1,SV:1",0.00014911999999966952,9.319999999999999e-06,pim|decode|4|9ba94a90ae2a2c31a7bb0139c1e338eb,4,sample_step,0.009543679999978849,0.0005964799999999999,-0.00013979999999966952,0.0625000000001385,-0.00894719999997885,0.0625000000001385
heft_prefill-1024xdecode_256_ops_trace.csv,decode,4,191,29,PIM0,pim,5,"LN:-1,QK:0,SV:0,LN:-1,SwiGLU:0",0.00019921599999861428,1.2451e-05,pim|decode|4|dee8ff963c4a9f3ef5051ebc43746a5c,4,sample_step,0.012749823999911314,0.000796864,-0.00018676499999861429,0.06250000000043474,-0.011952959999911314,0.06250000000043474
heft_prefill-1024xdecode_256_ops_trace.csv,decode,4,191,29,GPU0,npu,19,"Q:0,Q:1,K:0,K:1,V:0,V:1,Softmax:0,Softmax:1,O:0,O:1,Add:-1,FFN_W1:0,FFN_W3:0,FFN_W1:1,FFN_W3:1,SwiGLU:1,FFN_W2:0,FFN_W2:1,Add:-1",0.000452143015967188,0.0005013504028320312,npu|decode|4|cb831580437a2754ddccf83aef8f2e46,4,sample_step,0.02893715302190003,0.03208642578125,4.9207386864843225e-05,1.1088314651053113,0.0031492727593499664,1.1088314651053113
heft_prefill-1024xdecode_256_ops_trace.csv,decode,4,191,29,PIM1,pim,2,"QK:1,SV:1",0.00014911999999966952,9.319999999999999e-06,pim|decode|4|9ba94a90ae2a2c31a7bb0139c1e338eb,4,sample_step,0.009543679999978849,0.0005964799999999999,-0.00013979999999966952,0.0625000000001385,-0.00894719999997885,0.0625000000001385
heft_prefill-1024xdecode_256_ops_trace.csv,decode,4,191,30,PIM0,pim,5,"LN:-1,QK:0,SV:0,LN:-1,SwiGLU:0",0.00019921599999861428,1.2451e-05,pim|decode|4|dee8ff963c4a9f3ef5051ebc43746a5c,4,sample_step,0.012749823999911314,0.000796864,-0.00018676499999861429,0.06250000000043474,-0.011952959999911314,0.06250000000043474
heft_prefill-1024xdecode_256_ops_trace.csv,decode,4,191,30,GPU0,npu,19,"Q:0,Q:1,K:0,K:1,V:0,V:1,Softmax:0,Softmax:1,O:0,O:1,Add:-1,FFN_W1:0,FFN_W3:0,FFN_W1:1,FFN_W3:1,SwiGLU:1,FFN_W2:0,FFN_W2:1,Add:-1",0.000452143015967188,0.0005013504028320312,npu|decode|4|cb831580437a2754ddccf83aef8f2e46,4,sample_step,0.02893715302190003,0.03208642578125,4.9207386864843225e-05,1.1088314651053113,0.0031492727593499664,1.1088314651053113
heft_prefill-1024xdecode_256_ops_trace.csv,decode,4,191,30,PIM1,pim,2,"QK:1,SV:1",0.00014911999999966952,9.319999999999999e-06,pim|decode|4|9ba94a90ae2a2c31a7bb0139c1e338eb,4,sample_step,0.009543679999978849,0.0005964799999999999,-0.00013979999999966952,0.0625000000001385,-0.00894719999997885,0.0625000000001385
heft_prefill-1024xdecode_256_ops_trace.csv,decode,4,191,31,PIM0,pim,5,"LN:-1,QK:0,SV:0,LN:-1,SwiGLU:0",0.00019921599999861428,1.2451e-05,pim|decode|4|dee8ff963c4a9f3ef5051ebc43746a5c,4,sample_step,0.012749823999911314,0.000796864,-0.00018676499999861429,0.06250000000043474,-0.011952959999911314,0.06250000000043474
heft_prefill-1024xdecode_256_ops_trace.csv,decode,4,191,31,GPU0,npu,19,"Q:0,Q:1,K:0,K:1,V:0,V:1,Softmax:0,Softmax:1,O:0,O:1,Add:-1,FFN_W1:0,FFN_W3:0,FFN_W1:1,FFN_W3:1,SwiGLU:1,FFN_W2:0,FFN_W2:1,Add:-1",0.000452143015967188,0.0005013504028320312,npu|decode|4|cb831580437a2754ddccf83aef8f2e46,4,sample_step,0.02893715302190003,0.03208642578125,4.9207386864843225e-05,1.1088314651053113,0.0031492727593499664,1.1088314651053113
heft_prefill-1024xdecode_256_ops_trace.csv,decode,4,191,31,PIM1,pim,2,"QK:1,SV:1",0.00014911999999966952,9.319999999999999e-06,pim|decode|4|9ba94a90ae2a2c31a7bb0139c1e338eb,4,sample_step,0.009543679999978849,0.0005964799999999999,-0.00013979999999966952,0.0625000000001385,-0.00894719999997885,0.0625000000001385
