schedule,phase,sample_step,token_index,layer,device,device_type,n_ops,ops_repr,schedule_sum_s,measured_s,measured_key,measured_step,measured_mode,schedule_sum_scaled_s,measured_scaled_s,delta_s,ratio,delta_scaled_s,ratio_scaled
weights_on_pim_prefill-1024xdecode_64_ops_trace.csv,prefill,-1,-1,0,GPU0,npu,12,"LN:-1,QK:0,QK:1,Softmax:0,Softmax:1,SV:0,SV:1,Add:-1,LN:-1,SwiGLU:0,SwiGLU:1,Add:-1",0.0027852744887206004,0.0009575424194335938,npu|prefill|-1|48322b0ab0207f84448cb08e6eac5594,-1,sample_step,0.0027852744887206004,0.0009575424194335938,-0.0018277320692870066,0.34378745194102406,-0.0018277320692870066,0.34378745194102406
weights_on_pim_prefill-1024xdecode_64_ops_trace.csv,prefill,-1,-1,0,PIM0,pim,7,"Q:0,K:0,V:0,O:0,FFN_W1:0,FFN_W3:1,FFN_W2:0",0.8520671543309243,0.052649984000000004,pim|prefill|-1|1ed976c7c13cd28c472fbdb0cfd672ea,-1,sample_step,0.8520671543309243,0.052649984000000004,-0.7994171703309243,0.061790885533362434,-0.7994171703309243,0.061790885533362434
weights_on_pim_prefill-1024xdecode_64_ops_trace.csv,prefill,-1,-1,0,PIM1,pim,7,"Q:1,K:1,V:1,O:1,FFN_W3:0,FFN_W1:1,FFN_W2:1",0.8520671543309242,0.052649984,pim|prefill|-1|34ccac5ef828e4730b89693f4ee70e0e,-1,sample_step,0.8520671543309242,0.052649984,-0.7994171703309242,0.061790885533362434,-0.7994171703309242,0.061790885533362434
weights_on_pim_prefill-1024xdecode_64_ops_trace.csv,prefill,-1,-1,1,GPU0,npu,12,"LN:-1,QK:0,QK:1,Softmax:0,Softmax:1,SV:0,SV:1,Add:-1,LN:-1,SwiGLU:0,SwiGLU:1,Add:-1",0.0027852744887213003,0.0009575424194335938,npu|prefill|-1|48322b0ab0207f84448cb08e6eac5594,-1,sample_step,0.0027852744887213003,0.0009575424194335938,-0.0018277320692877065,0.3437874519409377,-0.0018277320692877065,0.3437874519409377
weights_on_pim_prefill-1024xdecode_64_ops_trace.csv,prefill,-1,-1,1,PIM0,pim,7,"Q:0,K:0,V:0,O:0,FFN_W1:0,FFN_W3:1,FFN_W2:0",0.852067154330924,0.052649984000000004,pim|prefill|-1|1ed976c7c13cd28c472fbdb0cfd672ea,-1,sample_step,0.852067154330924,0.052649984000000004,-0.799417170330924,0.061790885533362455,-0.799417170330924,0.061790885533362455
weights_on_pim_prefill-1024xdecode_64_ops_trace.csv,prefill,-1,-1,1,PIM1,pim,7,"Q:1,K:1,V:1,O:1,FFN_W3:0,FFN_W1:1,FFN_W2:1",0.852067154330924,0.052649984,pim|prefill|-1|34ccac5ef828e4730b89693f4ee70e0e,-1,sample_step,0.852067154330924,0.052649984,-0.799417170330924,0.06179088553336245,-0.799417170330924,0.06179088553336245
weights_on_pim_prefill-1024xdecode_64_ops_trace.csv,prefill,-1,-1,2,GPU0,npu,12,"LN:-1,QK:0,QK:1,Softmax:0,Softmax:1,SV:0,SV:1,Add:-1,LN:-1,SwiGLU:0,SwiGLU:1,Add:-1",0.0027852744887204,0.0009575424194335938,npu|prefill|-1|48322b0ab0207f84448cb08e6eac5594,-1,sample_step,0.0027852744887204,0.0009575424194335938,-0.0018277320692868062,0.3437874519410488,-0.0018277320692868062,0.3437874519410488
weights_on_pim_prefill-1024xdecode_64_ops_trace.csv,prefill,-1,-1,2,PIM0,pim,7,"Q:0,K:0,V:0,O:0,FFN_W1:0,FFN_W3:1,FFN_W2:0",0.8520671543309241,0.052649984000000004,pim|prefill|-1|1ed976c7c13cd28c472fbdb0cfd672ea,-1,sample_step,0.8520671543309241,0.052649984000000004,-0.7994171703309241,0.06179088553336245,-0.7994171703309241,0.06179088553336245
weights_on_pim_prefill-1024xdecode_64_ops_trace.csv,prefill,-1,-1,2,PIM1,pim,7,"Q:1,K:1,V:1,O:1,FFN_W3:0,FFN_W1:1,FFN_W2:1",0.8520671543309241,0.052649984,pim|prefill|-1|34ccac5ef828e4730b89693f4ee70e0e,-1,sample_step,0.8520671543309241,0.052649984,-0.7994171703309241,0.06179088553336244,-0.7994171703309241,0.06179088553336244
weights_on_pim_prefill-1024xdecode_64_ops_trace.csv,prefill,-1,-1,3,GPU0,npu,12,"LN:-1,QK:0,QK:1,Softmax:0,Softmax:1,SV:0,SV:1,Add:-1,LN:-1,SwiGLU:0,SwiGLU:1,Add:-1",0.0027852744887204,0.0009575424194335938,npu|prefill|-1|48322b0ab0207f84448cb08e6eac5594,-1,sample_step,0.0027852744887204,0.0009575424194335938,-0.0018277320692868062,0.3437874519410488,-0.0018277320692868062,0.3437874519410488
weights_on_pim_prefill-1024xdecode_64_ops_trace.csv,prefill,-1,-1,3,PIM0,pim,7,"Q:0,K:0,V:0,O:0,FFN_W1:0,FFN_W3:1,FFN_W2:0",0.8520671543309246,0.052649984000000004,pim|prefill|-1|1ed976c7c13cd28c472fbdb0cfd672ea,-1,sample_step,0.8520671543309246,0.052649984000000004,-0.7994171703309246,0.06179088553336241,-0.7994171703309246,0.06179088553336241
weights_on_pim_prefill-1024xdecode_64_ops_trace.csv,prefill,-1,-1,3,PIM1,pim,7,"Q:1,K:1,V:1,O:1,FFN_W3:0,FFN_W1:1,FFN_W2:1",0.8520671543309246,0.052649984,pim|prefill|-1|34ccac5ef828e4730b89693f4ee70e0e,-1,sample_step,0.8520671543309246,0.052649984,-0.7994171703309246,0.0617908855333624,-0.7994171703309246,0.0617908855333624
weights_on_pim_prefill-1024xdecode_64_ops_trace.csv,prefill,-1,-1,4,GPU0,npu,12,"LN:-1,QK:0,QK:1,Softmax:0,Softmax:1,SV:0,SV:1,Add:-1,LN:-1,SwiGLU:0,SwiGLU:1,Add:-1",0.0027852744887209998,0.0009575424194335938,npu|prefill|-1|48322b0ab0207f84448cb08e6eac5594,-1,sample_step,0.0027852744887209998,0.0009575424194335938,-0.001827732069287406,0.34378745194097476,-0.001827732069287406,0.34378745194097476
weights_on_pim_prefill-1024xdecode_64_ops_trace.csv,prefill,-1,-1,4,PIM0,pim,7,"Q:0,K:0,V:0,O:0,FFN_W1:0,FFN_W3:1,FFN_W2:0",0.8520671543309255,0.052649984000000004,pim|prefill|-1|1ed976c7c13cd28c472fbdb0cfd672ea,-1,sample_step,0.8520671543309255,0.052649984000000004,-0.7994171703309255,0.061790885533362344,-0.7994171703309255,0.061790885533362344
weights_on_pim_prefill-1024xdecode_64_ops_trace.csv,prefill,-1,-1,4,PIM1,pim,7,"Q:1,K:1,V:1,O:1,FFN_W3:0,FFN_W1:1,FFN_W2:1",0.8520671543309255,0.052649984,pim|prefill|-1|34ccac5ef828e4730b89693f4ee70e0e,-1,sample_step,0.8520671543309255,0.052649984,-0.7994171703309255,0.06179088553336234,-0.7994171703309255,0.06179088553336234
weights_on_pim_prefill-1024xdecode_64_ops_trace.csv,prefill,-1,-1,5,GPU0,npu,12,"LN:-1,QK:0,QK:1,Softmax:0,Softmax:1,SV:0,SV:1,Add:-1,LN:-1,SwiGLU:0,SwiGLU:1,Add:-1",0.0027852744887206,0.0009575424194335938,npu|prefill|-1|48322b0ab0207f84448cb08e6eac5594,-1,sample_step,0.0027852744887206,0.0009575424194335938,-0.0018277320692870061,0.3437874519410241,-0.0018277320692870061,0.3437874519410241
weights_on_pim_prefill-1024xdecode_64_ops_trace.csv,prefill,-1,-1,5,PIM0,pim,7,"Q:0,K:0,V:0,O:0,FFN_W1:0,FFN_W3:1,FFN_W2:0",0.8520671543309272,0.052649984000000004,pim|prefill|-1|1ed976c7c13cd28c472fbdb0cfd672ea,-1,sample_step,0.8520671543309272,0.052649984000000004,-0.7994171703309272,0.06179088553336222,-0.7994171703309272,0.06179088553336222
weights_on_pim_prefill-1024xdecode_64_ops_trace.csv,prefill,-1,-1,5,PIM1,pim,7,"Q:1,K:1,V:1,O:1,FFN_W3:0,FFN_W1:1,FFN_W2:1",0.8520671543309272,0.052649984,pim|prefill|-1|34ccac5ef828e4730b89693f4ee70e0e,-1,sample_step,0.8520671543309272,0.052649984,-0.7994171703309272,0.06179088553336221,-0.7994171703309272,0.06179088553336221
weights_on_pim_prefill-1024xdecode_64_ops_trace.csv,prefill,-1,-1,6,GPU0,npu,12,"LN:-1,QK:0,QK:1,Softmax:0,Softmax:1,SV:0,SV:1,Add:-1,LN:-1,SwiGLU:0,SwiGLU:1,Add:-1",0.0027852744887206,0.0009575424194335938,npu|prefill|-1|48322b0ab0207f84448cb08e6eac5594,-1,sample_step,0.0027852744887206,0.0009575424194335938,-0.0018277320692870061,0.3437874519410241,-0.0018277320692870061,0.3437874519410241
weights_on_pim_prefill-1024xdecode_64_ops_trace.csv,prefill,-1,-1,6,PIM0,pim,7,"Q:0,K:0,V:0,O:0,FFN_W1:0,FFN_W3:1,FFN_W2:0",0.8520671543309272,0.052649984000000004,pim|prefill|-1|1ed976c7c13cd28c472fbdb0cfd672ea,-1,sample_step,0.8520671543309272,0.052649984000000004,-0.7994171703309272,0.06179088553336222,-0.7994171703309272,0.06179088553336222
weights_on_pim_prefill-1024xdecode_64_ops_trace.csv,prefill,-1,-1,6,PIM1,pim,7,"Q:1,K:1,V:1,O:1,FFN_W3:0,FFN_W1:1,FFN_W2:1",0.8520671543309272,0.052649984,pim|prefill|-1|34ccac5ef828e4730b89693f4ee70e0e,-1,sample_step,0.8520671543309272,0.052649984,-0.7994171703309272,0.06179088553336221,-0.7994171703309272,0.06179088553336221
weights_on_pim_prefill-1024xdecode_64_ops_trace.csv,prefill,-1,-1,7,GPU0,npu,12,"LN:-1,QK:0,QK:1,Softmax:0,Softmax:1,SV:0,SV:1,Add:-1,LN:-1,SwiGLU:0,SwiGLU:1,Add:-1",0.0027852744887206,0.0009575424194335938,npu|prefill|-1|48322b0ab0207f84448cb08e6eac5594,-1,sample_step,0.0027852744887206,0.0009575424194335938,-0.0018277320692870061,0.3437874519410241,-0.0018277320692870061,0.3437874519410241
weights_on_pim_prefill-1024xdecode_64_ops_trace.csv,prefill,-1,-1,7,PIM0,pim,7,"Q:0,K:0,V:0,O:0,FFN_W1:0,FFN_W3:1,FFN_W2:0",0.8520671543309272,0.052649984000000004,pim|prefill|-1|1ed976c7c13cd28c472fbdb0cfd672ea,-1,sample_step,0.8520671543309272,0.052649984000000004,-0.7994171703309272,0.06179088553336222,-0.7994171703309272,0.06179088553336222
weights_on_pim_prefill-1024xdecode_64_ops_trace.csv,prefill,-1,-1,7,PIM1,pim,7,"Q:1,K:1,V:1,O:1,FFN_W3:0,FFN_W1:1,FFN_W2:1",0.8520671543309272,0.052649984,pim|prefill|-1|34ccac5ef828e4730b89693f4ee70e0e,-1,sample_step,0.8520671543309272,0.052649984,-0.7994171703309272,0.06179088553336221,-0.7994171703309272,0.06179088553336221
weights_on_pim_prefill-1024xdecode_64_ops_trace.csv,prefill,-1,-1,8,GPU0,npu,12,"LN:-1,QK:0,QK:1,Softmax:0,Softmax:1,SV:0,SV:1,Add:-1,LN:-1,SwiGLU:0,SwiGLU:1,Add:-1",0.0027852744887215002,0.0009575424194335938,npu|prefill|-1|48322b0ab0207f84448cb08e6eac5594,-1,sample_step,0.0027852744887215002,0.0009575424194335938,-0.0018277320692879065,0.343787451940913,-0.0018277320692879065,0.343787451940913
weights_on_pim_prefill-1024xdecode_64_ops_trace.csv,prefill,-1,-1,8,PIM0,pim,7,"Q:0,K:0,V:0,O:0,FFN_W1:0,FFN_W3:1,FFN_W2:0",0.8520671543309289,0.052649984000000004,pim|prefill|-1|1ed976c7c13cd28c472fbdb0cfd672ea,-1,sample_step,0.8520671543309289,0.052649984000000004,-0.799417170330929,0.061790885533362094,-0.799417170330929,0.061790885533362094
weights_on_pim_prefill-1024xdecode_64_ops_trace.csv,prefill,-1,-1,8,PIM1,pim,7,"Q:1,K:1,V:1,O:1,FFN_W3:0,FFN_W1:1,FFN_W2:1",0.8520671543309288,0.052649984,pim|prefill|-1|34ccac5ef828e4730b89693f4ee70e0e,-1,sample_step,0.8520671543309288,0.052649984,-0.7994171703309289,0.061790885533362094,-0.7994171703309289,0.061790885533362094
weights_on_pim_prefill-1024xdecode_64_ops_trace.csv,prefill,-1,-1,9,GPU0,npu,12,"LN:-1,QK:0,QK:1,Softmax:0,Softmax:1,SV:0,SV:1,Add:-1,LN:-1,SwiGLU:0,SwiGLU:1,Add:-1",0.0027852744887188,0.0009575424194335938,npu|prefill|-1|48322b0ab0207f84448cb08e6eac5594,-1,sample_step,0.0027852744887188,0.0009575424194335938,-0.0018277320692852064,0.34378745194124627,-0.0018277320692852064,0.34378745194124627
weights_on_pim_prefill-1024xdecode_64_ops_trace.csv,prefill,-1,-1,9,PIM0,pim,7,"Q:0,K:0,V:0,O:0,FFN_W1:0,FFN_W3:1,FFN_W2:0",0.8520671543309284,0.052649984000000004,pim|prefill|-1|1ed976c7c13cd28c472fbdb0cfd672ea,-1,sample_step,0.8520671543309284,0.052649984000000004,-0.7994171703309284,0.061790885533362136,-0.7994171703309284,0.061790885533362136
weights_on_pim_prefill-1024xdecode_64_ops_trace.csv,prefill,-1,-1,9,PIM1,pim,7,"Q:1,K:1,V:1,O:1,FFN_W3:0,FFN_W1:1,FFN_W2:1",0.8520671543309284,0.052649984,pim|prefill|-1|34ccac5ef828e4730b89693f4ee70e0e,-1,sample_step,0.8520671543309284,0.052649984,-0.7994171703309284,0.06179088553336213,-0.7994171703309284,0.06179088553336213
weights_on_pim_prefill-1024xdecode_64_ops_trace.csv,prefill,-1,-1,10,GPU0,npu,12,"LN:-1,QK:0,QK:1,Softmax:0,Softmax:1,SV:0,SV:1,Add:-1,LN:-1,SwiGLU:0,SwiGLU:1,Add:-1",0.0027852744887188,0.0009575424194335938,npu|prefill|-1|48322b0ab0207f84448cb08e6eac5594,-1,sample_step,0.0027852744887188,0.0009575424194335938,-0.0018277320692852064,0.34378745194124627,-0.0018277320692852064,0.34378745194124627
weights_on_pim_prefill-1024xdecode_64_ops_trace.csv,prefill,-1,-1,10,PIM0,pim,7,"Q:0,K:0,V:0,O:0,FFN_W1:0,FFN_W3:1,FFN_W2:0",0.8520671543309284,0.052649984000000004,pim|prefill|-1|1ed976c7c13cd28c472fbdb0cfd672ea,-1,sample_step,0.8520671543309284,0.052649984000000004,-0.7994171703309284,0.061790885533362136,-0.7994171703309284,0.061790885533362136
weights_on_pim_prefill-1024xdecode_64_ops_trace.csv,prefill,-1,-1,10,PIM1,pim,7,"Q:1,K:1,V:1,O:1,FFN_W3:0,FFN_W1:1,FFN_W2:1",0.8520671543309284,0.052649984,pim|prefill|-1|34ccac5ef828e4730b89693f4ee70e0e,-1,sample_step,0.8520671543309284,0.052649984,-0.7994171703309284,0.06179088553336213,-0.7994171703309284,0.06179088553336213
weights_on_pim_prefill-1024xdecode_64_ops_trace.csv,prefill,-1,-1,11,GPU0,npu,12,"LN:-1,QK:0,QK:1,Softmax:0,Softmax:1,SV:0,SV:1,Add:-1,LN:-1,SwiGLU:0,SwiGLU:1,Add:-1",0.0027852744887188,0.0009575424194335938,npu|prefill|-1|48322b0ab0207f84448cb08e6eac5594,-1,sample_step,0.0027852744887188,0.0009575424194335938,-0.0018277320692852064,0.34378745194124627,-0.0018277320692852064,0.34378745194124627
weights_on_pim_prefill-1024xdecode_64_ops_trace.csv,prefill,-1,-1,11,PIM0,pim,7,"Q:0,K:0,V:0,O:0,FFN_W1:0,FFN_W3:1,FFN_W2:0",0.8520671543309284,0.052649984000000004,pim|prefill|-1|1ed976c7c13cd28c472fbdb0cfd672ea,-1,sample_step,0.8520671543309284,0.052649984000000004,-0.7994171703309284,0.061790885533362136,-0.7994171703309284,0.061790885533362136
weights_on_pim_prefill-1024xdecode_64_ops_trace.csv,prefill,-1,-1,11,PIM1,pim,7,"Q:1,K:1,V:1,O:1,FFN_W3:0,FFN_W1:1,FFN_W2:1",0.8520671543309284,0.052649984,pim|prefill|-1|34ccac5ef828e4730b89693f4ee70e0e,-1,sample_step,0.8520671543309284,0.052649984,-0.7994171703309284,0.06179088553336213,-0.7994171703309284,0.06179088553336213
weights_on_pim_prefill-1024xdecode_64_ops_trace.csv,prefill,-1,-1,12,GPU0,npu,12,"LN:-1,QK:0,QK:1,Softmax:0,Softmax:1,SV:0,SV:1,Add:-1,LN:-1,SwiGLU:0,SwiGLU:1,Add:-1",0.0027852744887188,0.0009575424194335938,npu|prefill|-1|48322b0ab0207f84448cb08e6eac5594,-1,sample_step,0.0027852744887188,0.0009575424194335938,-0.0018277320692852064,0.34378745194124627,-0.0018277320692852064,0.34378745194124627
weights_on_pim_prefill-1024xdecode_64_ops_trace.csv,prefill,-1,-1,12,PIM0,pim,7,"Q:0,K:0,V:0,O:0,FFN_W1:0,FFN_W3:1,FFN_W2:0",0.8520671543309284,0.052649984000000004,pim|prefill|-1|1ed976c7c13cd28c472fbdb0cfd672ea,-1,sample_step,0.8520671543309284,0.052649984000000004,-0.7994171703309284,0.061790885533362136,-0.7994171703309284,0.061790885533362136
weights_on_pim_prefill-1024xdecode_64_ops_trace.csv,prefill,-1,-1,12,PIM1,pim,7,"Q:1,K:1,V:1,O:1,FFN_W3:0,FFN_W1:1,FFN_W2:1",0.8520671543309284,0.052649984,pim|prefill|-1|34ccac5ef828e4730b89693f4ee70e0e,-1,sample_step,0.8520671543309284,0.052649984,-0.7994171703309284,0.06179088553336213,-0.7994171703309284,0.06179088553336213
weights_on_pim_prefill-1024xdecode_64_ops_trace.csv,prefill,-1,-1,13,GPU0,npu,12,"LN:-1,QK:0,QK:1,Softmax:0,Softmax:1,SV:0,SV:1,Add:-1,LN:-1,SwiGLU:0,SwiGLU:1,Add:-1",0.0027852744887188,0.0009575424194335938,npu|prefill|-1|48322b0ab0207f84448cb08e6eac5594,-1,sample_step,0.0027852744887188,0.0009575424194335938,-0.0018277320692852064,0.34378745194124627,-0.0018277320692852064,0.34378745194124627
weights_on_pim_prefill-1024xdecode_64_ops_trace.csv,prefill,-1,-1,13,PIM0,pim,7,"Q:0,K:0,V:0,O:0,FFN_W1:0,FFN_W3:1,FFN_W2:0",0.8520671543309284,0.052649984000000004,pim|prefill|-1|1ed976c7c13cd28c472fbdb0cfd672ea,-1,sample_step,0.8520671543309284,0.052649984000000004,-0.7994171703309284,0.061790885533362136,-0.7994171703309284,0.061790885533362136
weights_on_pim_prefill-1024xdecode_64_ops_trace.csv,prefill,-1,-1,13,PIM1,pim,7,"Q:1,K:1,V:1,O:1,FFN_W3:0,FFN_W1:1,FFN_W2:1",0.8520671543309284,0.052649984,pim|prefill|-1|34ccac5ef828e4730b89693f4ee70e0e,-1,sample_step,0.8520671543309284,0.052649984,-0.7994171703309284,0.06179088553336213,-0.7994171703309284,0.06179088553336213
weights_on_pim_prefill-1024xdecode_64_ops_trace.csv,prefill,-1,-1,14,GPU0,npu,12,"LN:-1,QK:0,QK:1,Softmax:0,Softmax:1,SV:0,SV:1,Add:-1,LN:-1,SwiGLU:0,SwiGLU:1,Add:-1",0.0027852744887188,0.0009575424194335938,npu|prefill|-1|48322b0ab0207f84448cb08e6eac5594,-1,sample_step,0.0027852744887188,0.0009575424194335938,-0.0018277320692852064,0.34378745194124627,-0.0018277320692852064,0.34378745194124627
weights_on_pim_prefill-1024xdecode_64_ops_trace.csv,prefill,-1,-1,14,PIM0,pim,7,"Q:0,K:0,V:0,O:0,FFN_W1:0,FFN_W3:1,FFN_W2:0",0.8520671543309284,0.052649984000000004,pim|prefill|-1|1ed976c7c13cd28c472fbdb0cfd672ea,-1,sample_step,0.8520671543309284,0.052649984000000004,-0.7994171703309284,0.061790885533362136,-0.7994171703309284,0.061790885533362136
weights_on_pim_prefill-1024xdecode_64_ops_trace.csv,prefill,-1,-1,14,PIM1,pim,7,"Q:1,K:1,V:1,O:1,FFN_W3:0,FFN_W1:1,FFN_W2:1",0.8520671543309284,0.052649984,pim|prefill|-1|34ccac5ef828e4730b89693f4ee70e0e,-1,sample_step,0.8520671543309284,0.052649984,-0.7994171703309284,0.06179088553336213,-0.7994171703309284,0.06179088553336213
weights_on_pim_prefill-1024xdecode_64_ops_trace.csv,prefill,-1,-1,15,GPU0,npu,12,"LN:-1,QK:0,QK:1,Softmax:0,Softmax:1,SV:0,SV:1,Add:-1,LN:-1,SwiGLU:0,SwiGLU:1,Add:-1",0.0027852744887188,0.0009575424194335938,npu|prefill|-1|48322b0ab0207f84448cb08e6eac5594,-1,sample_step,0.0027852744887188,0.0009575424194335938,-0.0018277320692852064,0.34378745194124627,-0.0018277320692852064,0.34378745194124627
weights_on_pim_prefill-1024xdecode_64_ops_trace.csv,prefill,-1,-1,15,PIM0,pim,7,"Q:0,K:0,V:0,O:0,FFN_W1:0,FFN_W3:1,FFN_W2:0",0.8520671543309284,0.052649984000000004,pim|prefill|-1|1ed976c7c13cd28c472fbdb0cfd672ea,-1,sample_step,0.8520671543309284,0.052649984000000004,-0.7994171703309284,0.061790885533362136,-0.7994171703309284,0.061790885533362136
weights_on_pim_prefill-1024xdecode_64_ops_trace.csv,prefill,-1,-1,15,PIM1,pim,7,"Q:1,K:1,V:1,O:1,FFN_W3:0,FFN_W1:1,FFN_W2:1",0.8520671543309284,0.052649984,pim|prefill|-1|34ccac5ef828e4730b89693f4ee70e0e,-1,sample_step,0.8520671543309284,0.052649984,-0.7994171703309284,0.06179088553336213,-0.7994171703309284,0.06179088553336213
weights_on_pim_prefill-1024xdecode_64_ops_trace.csv,prefill,-1,-1,16,GPU0,npu,12,"LN:-1,QK:0,QK:1,Softmax:0,Softmax:1,SV:0,SV:1,Add:-1,LN:-1,SwiGLU:0,SwiGLU:1,Add:-1",0.0027852744887188,0.0009575424194335938,npu|prefill|-1|48322b0ab0207f84448cb08e6eac5594,-1,sample_step,0.0027852744887188,0.0009575424194335938,-0.0018277320692852064,0.34378745194124627,-0.0018277320692852064,0.34378745194124627
weights_on_pim_prefill-1024xdecode_64_ops_trace.csv,prefill,-1,-1,16,PIM0,pim,7,"Q:0,K:0,V:0,O:0,FFN_W1:0,FFN_W3:1,FFN_W2:0",0.8520671543309284,0.052649984000000004,pim|prefill|-1|1ed976c7c13cd28c472fbdb0cfd672ea,-1,sample_step,0.8520671543309284,0.052649984000000004,-0.7994171703309284,0.061790885533362136,-0.7994171703309284,0.061790885533362136
weights_on_pim_prefill-1024xdecode_64_ops_trace.csv,prefill,-1,-1,16,PIM1,pim,7,"Q:1,K:1,V:1,O:1,FFN_W3:0,FFN_W1:1,FFN_W2:1",0.8520671543309284,0.052649984,pim|prefill|-1|34ccac5ef828e4730b89693f4ee70e0e,-1,sample_step,0.8520671543309284,0.052649984,-0.7994171703309284,0.06179088553336213,-0.7994171703309284,0.06179088553336213
weights_on_pim_prefill-1024xdecode_64_ops_trace.csv,prefill,-1,-1,17,GPU0,npu,12,"LN:-1,QK:0,QK:1,Softmax:0,Softmax:1,SV:0,SV:1,Add:-1,LN:-1,SwiGLU:0,SwiGLU:1,Add:-1",0.0027852744887151997,0.0009575424194335938,npu|prefill|-1|48322b0ab0207f84448cb08e6eac5594,-1,sample_step,0.0027852744887151997,0.0009575424194335938,-0.001827732069281606,0.3437874519416907,-0.001827732069281606,0.3437874519416907
weights_on_pim_prefill-1024xdecode_64_ops_trace.csv,prefill,-1,-1,17,PIM0,pim,7,"Q:0,K:0,V:0,O:0,FFN_W1:0,FFN_W3:1,FFN_W2:0",0.8520671543309266,0.052649984000000004,pim|prefill|-1|1ed976c7c13cd28c472fbdb0cfd672ea,-1,sample_step,0.8520671543309266,0.052649984000000004,-0.7994171703309266,0.06179088553336226,-0.7994171703309266,0.06179088553336226
weights_on_pim_prefill-1024xdecode_64_ops_trace.csv,prefill,-1,-1,17,PIM1,pim,7,"Q:1,K:1,V:1,O:1,FFN_W3:0,FFN_W1:1,FFN_W2:1",0.8520671543309266,0.052649984,pim|prefill|-1|34ccac5ef828e4730b89693f4ee70e0e,-1,sample_step,0.8520671543309266,0.052649984,-0.7994171703309266,0.061790885533362254,-0.7994171703309266,0.061790885533362254
weights_on_pim_prefill-1024xdecode_64_ops_trace.csv,prefill,-1,-1,18,GPU0,npu,12,"LN:-1,QK:0,QK:1,Softmax:0,Softmax:1,SV:0,SV:1,Add:-1,LN:-1,SwiGLU:0,SwiGLU:1,Add:-1",0.0027852744887151997,0.0009575424194335938,npu|prefill|-1|48322b0ab0207f84448cb08e6eac5594,-1,sample_step,0.0027852744887151997,0.0009575424194335938,-0.001827732069281606,0.3437874519416907,-0.001827732069281606,0.3437874519416907
weights_on_pim_prefill-1024xdecode_64_ops_trace.csv,prefill,-1,-1,18,PIM0,pim,7,"Q:0,K:0,V:0,O:0,FFN_W1:0,FFN_W3:1,FFN_W2:0",0.852067154330914,0.052649984000000004,pim|prefill|-1|1ed976c7c13cd28c472fbdb0cfd672ea,-1,sample_step,0.852067154330914,0.052649984000000004,-0.799417170330914,0.061790885533363184,-0.799417170330914,0.061790885533363184
weights_on_pim_prefill-1024xdecode_64_ops_trace.csv,prefill,-1,-1,18,PIM1,pim,7,"Q:1,K:1,V:1,O:1,FFN_W3:0,FFN_W1:1,FFN_W2:1",0.852067154330914,0.052649984,pim|prefill|-1|34ccac5ef828e4730b89693f4ee70e0e,-1,sample_step,0.852067154330914,0.052649984,-0.799417170330914,0.06179088553336317,-0.799417170330914,0.06179088553336317
weights_on_pim_prefill-1024xdecode_64_ops_trace.csv,prefill,-1,-1,19,GPU0,npu,12,"LN:-1,QK:0,QK:1,Softmax:0,Softmax:1,SV:0,SV:1,Add:-1,LN:-1,SwiGLU:0,SwiGLU:1,Add:-1",0.0027852744887151997,0.0009575424194335938,npu|prefill|-1|48322b0ab0207f84448cb08e6eac5594,-1,sample_step,0.0027852744887151997,0.0009575424194335938,-0.001827732069281606,0.3437874519416907,-0.001827732069281606,0.3437874519416907
weights_on_pim_prefill-1024xdecode_64_ops_trace.csv,prefill,-1,-1,19,PIM0,pim,7,"Q:0,K:0,V:0,O:0,FFN_W1:0,FFN_W3:1,FFN_W2:0",0.852067154330914,0.052649984000000004,pim|prefill|-1|1ed976c7c13cd28c472fbdb0cfd672ea,-1,sample_step,0.852067154330914,0.052649984000000004,-0.799417170330914,0.061790885533363184,-0.799417170330914,0.061790885533363184
weights_on_pim_prefill-1024xdecode_64_ops_trace.csv,prefill,-1,-1,19,PIM1,pim,7,"Q:1,K:1,V:1,O:1,FFN_W3:0,FFN_W1:1,FFN_W2:1",0.852067154330914,0.052649984,pim|prefill|-1|34ccac5ef828e4730b89693f4ee70e0e,-1,sample_step,0.852067154330914,0.052649984,-0.799417170330914,0.06179088553336317,-0.799417170330914,0.06179088553336317
weights_on_pim_prefill-1024xdecode_64_ops_trace.csv,prefill,-1,-1,20,GPU0,npu,12,"LN:-1,QK:0,QK:1,Softmax:0,Softmax:1,SV:0,SV:1,Add:-1,LN:-1,SwiGLU:0,SwiGLU:1,Add:-1",0.0027852744887151997,0.0009575424194335938,npu|prefill|-1|48322b0ab0207f84448cb08e6eac5594,-1,sample_step,0.0027852744887151997,0.0009575424194335938,-0.001827732069281606,0.3437874519416907,-0.001827732069281606,0.3437874519416907
weights_on_pim_prefill-1024xdecode_64_ops_trace.csv,prefill,-1,-1,20,PIM0,pim,7,"Q:0,K:0,V:0,O:0,FFN_W1:0,FFN_W3:1,FFN_W2:0",0.852067154330914,0.052649984000000004,pim|prefill|-1|1ed976c7c13cd28c472fbdb0cfd672ea,-1,sample_step,0.852067154330914,0.052649984000000004,-0.799417170330914,0.061790885533363184,-0.799417170330914,0.061790885533363184
weights_on_pim_prefill-1024xdecode_64_ops_trace.csv,prefill,-1,-1,20,PIM1,pim,7,"Q:1,K:1,V:1,O:1,FFN_W3:0,FFN_W1:1,FFN_W2:1",0.852067154330914,0.052649984,pim|prefill|-1|34ccac5ef828e4730b89693f4ee70e0e,-1,sample_step,0.852067154330914,0.052649984,-0.799417170330914,0.06179088553336317,-0.799417170330914,0.06179088553336317
weights_on_pim_prefill-1024xdecode_64_ops_trace.csv,prefill,-1,-1,21,GPU0,npu,12,"LN:-1,QK:0,QK:1,Softmax:0,Softmax:1,SV:0,SV:1,Add:-1,LN:-1,SwiGLU:0,SwiGLU:1,Add:-1",0.0027852744887151997,0.0009575424194335938,npu|prefill|-1|48322b0ab0207f84448cb08e6eac5594,-1,sample_step,0.0027852744887151997,0.0009575424194335938,-0.001827732069281606,0.3437874519416907,-0.001827732069281606,0.3437874519416907
weights_on_pim_prefill-1024xdecode_64_ops_trace.csv,prefill,-1,-1,21,PIM0,pim,7,"Q:0,K:0,V:0,O:0,FFN_W1:0,FFN_W3:1,FFN_W2:0",0.852067154330914,0.052649984000000004,pim|prefill|-1|1ed976c7c13cd28c472fbdb0cfd672ea,-1,sample_step,0.852067154330914,0.052649984000000004,-0.799417170330914,0.061790885533363184,-0.799417170330914,0.061790885533363184
weights_on_pim_prefill-1024xdecode_64_ops_trace.csv,prefill,-1,-1,21,PIM1,pim,7,"Q:1,K:1,V:1,O:1,FFN_W3:0,FFN_W1:1,FFN_W2:1",0.852067154330914,0.052649984,pim|prefill|-1|34ccac5ef828e4730b89693f4ee70e0e,-1,sample_step,0.852067154330914,0.052649984,-0.799417170330914,0.06179088553336317,-0.799417170330914,0.06179088553336317
weights_on_pim_prefill-1024xdecode_64_ops_trace.csv,prefill,-1,-1,22,GPU0,npu,12,"LN:-1,QK:0,QK:1,Softmax:0,Softmax:1,SV:0,SV:1,Add:-1,LN:-1,SwiGLU:0,SwiGLU:1,Add:-1",0.0027852744887151997,0.0009575424194335938,npu|prefill|-1|48322b0ab0207f84448cb08e6eac5594,-1,sample_step,0.0027852744887151997,0.0009575424194335938,-0.001827732069281606,0.3437874519416907,-0.001827732069281606,0.3437874519416907
weights_on_pim_prefill-1024xdecode_64_ops_trace.csv,prefill,-1,-1,22,PIM0,pim,7,"Q:0,K:0,V:0,O:0,FFN_W1:0,FFN_W3:1,FFN_W2:0",0.852067154330914,0.052649984000000004,pim|prefill|-1|1ed976c7c13cd28c472fbdb0cfd672ea,-1,sample_step,0.852067154330914,0.052649984000000004,-0.799417170330914,0.061790885533363184,-0.799417170330914,0.061790885533363184
weights_on_pim_prefill-1024xdecode_64_ops_trace.csv,prefill,-1,-1,22,PIM1,pim,7,"Q:1,K:1,V:1,O:1,FFN_W3:0,FFN_W1:1,FFN_W2:1",0.852067154330914,0.052649984,pim|prefill|-1|34ccac5ef828e4730b89693f4ee70e0e,-1,sample_step,0.852067154330914,0.052649984,-0.799417170330914,0.06179088553336317,-0.799417170330914,0.06179088553336317
weights_on_pim_prefill-1024xdecode_64_ops_trace.csv,prefill,-1,-1,23,GPU0,npu,12,"LN:-1,QK:0,QK:1,Softmax:0,Softmax:1,SV:0,SV:1,Add:-1,LN:-1,SwiGLU:0,SwiGLU:1,Add:-1",0.0027852744887151997,0.0009575424194335938,npu|prefill|-1|48322b0ab0207f84448cb08e6eac5594,-1,sample_step,0.0027852744887151997,0.0009575424194335938,-0.001827732069281606,0.3437874519416907,-0.001827732069281606,0.3437874519416907
weights_on_pim_prefill-1024xdecode_64_ops_trace.csv,prefill,-1,-1,23,PIM0,pim,7,"Q:0,K:0,V:0,O:0,FFN_W1:0,FFN_W3:1,FFN_W2:0",0.852067154330914,0.052649984000000004,pim|prefill|-1|1ed976c7c13cd28c472fbdb0cfd672ea,-1,sample_step,0.852067154330914,0.052649984000000004,-0.799417170330914,0.061790885533363184,-0.799417170330914,0.061790885533363184
weights_on_pim_prefill-1024xdecode_64_ops_trace.csv,prefill,-1,-1,23,PIM1,pim,7,"Q:1,K:1,V:1,O:1,FFN_W3:0,FFN_W1:1,FFN_W2:1",0.852067154330914,0.052649984,pim|prefill|-1|34ccac5ef828e4730b89693f4ee70e0e,-1,sample_step,0.852067154330914,0.052649984,-0.799417170330914,0.06179088553336317,-0.799417170330914,0.06179088553336317
weights_on_pim_prefill-1024xdecode_64_ops_trace.csv,prefill,-1,-1,24,GPU0,npu,12,"LN:-1,QK:0,QK:1,Softmax:0,Softmax:1,SV:0,SV:1,Add:-1,LN:-1,SwiGLU:0,SwiGLU:1,Add:-1",0.0027852744887151997,0.0009575424194335938,npu|prefill|-1|48322b0ab0207f84448cb08e6eac5594,-1,sample_step,0.0027852744887151997,0.0009575424194335938,-0.001827732069281606,0.3437874519416907,-0.001827732069281606,0.3437874519416907
weights_on_pim_prefill-1024xdecode_64_ops_trace.csv,prefill,-1,-1,24,PIM0,pim,7,"Q:0,K:0,V:0,O:0,FFN_W1:0,FFN_W3:1,FFN_W2:0",0.852067154330914,0.052649984000000004,pim|prefill|-1|1ed976c7c13cd28c472fbdb0cfd672ea,-1,sample_step,0.852067154330914,0.052649984000000004,-0.799417170330914,0.061790885533363184,-0.799417170330914,0.061790885533363184
weights_on_pim_prefill-1024xdecode_64_ops_trace.csv,prefill,-1,-1,24,PIM1,pim,7,"Q:1,K:1,V:1,O:1,FFN_W3:0,FFN_W1:1,FFN_W2:1",0.852067154330914,0.052649984,pim|prefill|-1|34ccac5ef828e4730b89693f4ee70e0e,-1,sample_step,0.852067154330914,0.052649984,-0.799417170330914,0.06179088553336317,-0.799417170330914,0.06179088553336317
weights_on_pim_prefill-1024xdecode_64_ops_trace.csv,prefill,-1,-1,25,GPU0,npu,12,"LN:-1,QK:0,QK:1,Softmax:0,Softmax:1,SV:0,SV:1,Add:-1,LN:-1,SwiGLU:0,SwiGLU:1,Add:-1",0.0027852744887151997,0.0009575424194335938,npu|prefill|-1|48322b0ab0207f84448cb08e6eac5594,-1,sample_step,0.0027852744887151997,0.0009575424194335938,-0.001827732069281606,0.3437874519416907,-0.001827732069281606,0.3437874519416907
weights_on_pim_prefill-1024xdecode_64_ops_trace.csv,prefill,-1,-1,25,PIM0,pim,7,"Q:0,K:0,V:0,O:0,FFN_W1:0,FFN_W3:1,FFN_W2:0",0.852067154330914,0.052649984000000004,pim|prefill|-1|1ed976c7c13cd28c472fbdb0cfd672ea,-1,sample_step,0.852067154330914,0.052649984000000004,-0.799417170330914,0.061790885533363184,-0.799417170330914,0.061790885533363184
weights_on_pim_prefill-1024xdecode_64_ops_trace.csv,prefill,-1,-1,25,PIM1,pim,7,"Q:1,K:1,V:1,O:1,FFN_W3:0,FFN_W1:1,FFN_W2:1",0.852067154330914,0.052649984,pim|prefill|-1|34ccac5ef828e4730b89693f4ee70e0e,-1,sample_step,0.852067154330914,0.052649984,-0.799417170330914,0.06179088553336317,-0.799417170330914,0.06179088553336317
weights_on_pim_prefill-1024xdecode_64_ops_trace.csv,prefill,-1,-1,26,GPU0,npu,12,"LN:-1,QK:0,QK:1,Softmax:0,Softmax:1,SV:0,SV:1,Add:-1,LN:-1,SwiGLU:0,SwiGLU:1,Add:-1",0.0027852744887151997,0.0009575424194335938,npu|prefill|-1|48322b0ab0207f84448cb08e6eac5594,-1,sample_step,0.0027852744887151997,0.0009575424194335938,-0.001827732069281606,0.3437874519416907,-0.001827732069281606,0.3437874519416907
weights_on_pim_prefill-1024xdecode_64_ops_trace.csv,prefill,-1,-1,26,PIM0,pim,7,"Q:0,K:0,V:0,O:0,FFN_W1:0,FFN_W3:1,FFN_W2:0",0.852067154330914,0.052649984000000004,pim|prefill|-1|1ed976c7c13cd28c472fbdb0cfd672ea,-1,sample_step,0.852067154330914,0.052649984000000004,-0.799417170330914,0.061790885533363184,-0.799417170330914,0.061790885533363184
weights_on_pim_prefill-1024xdecode_64_ops_trace.csv,prefill,-1,-1,26,PIM1,pim,7,"Q:1,K:1,V:1,O:1,FFN_W3:0,FFN_W1:1,FFN_W2:1",0.852067154330914,0.052649984,pim|prefill|-1|34ccac5ef828e4730b89693f4ee70e0e,-1,sample_step,0.852067154330914,0.052649984,-0.799417170330914,0.06179088553336317,-0.799417170330914,0.06179088553336317
weights_on_pim_prefill-1024xdecode_64_ops_trace.csv,prefill,-1,-1,27,GPU0,npu,12,"LN:-1,QK:0,QK:1,Softmax:0,Softmax:1,SV:0,SV:1,Add:-1,LN:-1,SwiGLU:0,SwiGLU:1,Add:-1",0.0027852744887151997,0.0009575424194335938,npu|prefill|-1|48322b0ab0207f84448cb08e6eac5594,-1,sample_step,0.0027852744887151997,0.0009575424194335938,-0.001827732069281606,0.3437874519416907,-0.001827732069281606,0.3437874519416907
weights_on_pim_prefill-1024xdecode_64_ops_trace.csv,prefill,-1,-1,27,PIM0,pim,7,"Q:0,K:0,V:0,O:0,FFN_W1:0,FFN_W3:1,FFN_W2:0",0.852067154330914,0.052649984000000004,pim|prefill|-1|1ed976c7c13cd28c472fbdb0cfd672ea,-1,sample_step,0.852067154330914,0.052649984000000004,-0.799417170330914,0.061790885533363184,-0.799417170330914,0.061790885533363184
weights_on_pim_prefill-1024xdecode_64_ops_trace.csv,prefill,-1,-1,27,PIM1,pim,7,"Q:1,K:1,V:1,O:1,FFN_W3:0,FFN_W1:1,FFN_W2:1",0.852067154330914,0.052649984,pim|prefill|-1|34ccac5ef828e4730b89693f4ee70e0e,-1,sample_step,0.852067154330914,0.052649984,-0.799417170330914,0.06179088553336317,-0.799417170330914,0.06179088553336317
weights_on_pim_prefill-1024xdecode_64_ops_trace.csv,prefill,-1,-1,28,GPU0,npu,12,"LN:-1,QK:0,QK:1,Softmax:0,Softmax:1,SV:0,SV:1,Add:-1,LN:-1,SwiGLU:0,SwiGLU:1,Add:-1",0.0027852744887151997,0.0009575424194335938,npu|prefill|-1|48322b0ab0207f84448cb08e6eac5594,-1,sample_step,0.0027852744887151997,0.0009575424194335938,-0.001827732069281606,0.3437874519416907,-0.001827732069281606,0.3437874519416907
weights_on_pim_prefill-1024xdecode_64_ops_trace.csv,prefill,-1,-1,28,PIM0,pim,7,"Q:0,K:0,V:0,O:0,FFN_W1:0,FFN_W3:1,FFN_W2:0",0.852067154330914,0.052649984000000004,pim|prefill|-1|1ed976c7c13cd28c472fbdb0cfd672ea,-1,sample_step,0.852067154330914,0.052649984000000004,-0.799417170330914,0.061790885533363184,-0.799417170330914,0.061790885533363184
weights_on_pim_prefill-1024xdecode_64_ops_trace.csv,prefill,-1,-1,28,PIM1,pim,7,"Q:1,K:1,V:1,O:1,FFN_W3:0,FFN_W1:1,FFN_W2:1",0.852067154330914,0.052649984,pim|prefill|-1|34ccac5ef828e4730b89693f4ee70e0e,-1,sample_step,0.852067154330914,0.052649984,-0.799417170330914,0.06179088553336317,-0.799417170330914,0.06179088553336317
weights_on_pim_prefill-1024xdecode_64_ops_trace.csv,prefill,-1,-1,29,GPU0,npu,12,"LN:-1,QK:0,QK:1,Softmax:0,Softmax:1,SV:0,SV:1,Add:-1,LN:-1,SwiGLU:0,SwiGLU:1,Add:-1",0.0027852744887151997,0.0009575424194335938,npu|prefill|-1|48322b0ab0207f84448cb08e6eac5594,-1,sample_step,0.0027852744887151997,0.0009575424194335938,-0.001827732069281606,0.3437874519416907,-0.001827732069281606,0.3437874519416907
weights_on_pim_prefill-1024xdecode_64_ops_trace.csv,prefill,-1,-1,29,PIM0,pim,7,"Q:0,K:0,V:0,O:0,FFN_W1:0,FFN_W3:1,FFN_W2:0",0.852067154330914,0.052649984000000004,pim|prefill|-1|1ed976c7c13cd28c472fbdb0cfd672ea,-1,sample_step,0.852067154330914,0.052649984000000004,-0.799417170330914,0.061790885533363184,-0.799417170330914,0.061790885533363184
weights_on_pim_prefill-1024xdecode_64_ops_trace.csv,prefill,-1,-1,29,PIM1,pim,7,"Q:1,K:1,V:1,O:1,FFN_W3:0,FFN_W1:1,FFN_W2:1",0.852067154330914,0.052649984,pim|prefill|-1|34ccac5ef828e4730b89693f4ee70e0e,-1,sample_step,0.852067154330914,0.052649984,-0.799417170330914,0.06179088553336317,-0.799417170330914,0.06179088553336317
weights_on_pim_prefill-1024xdecode_64_ops_trace.csv,prefill,-1,-1,30,GPU0,npu,12,"LN:-1,QK:0,QK:1,Softmax:0,Softmax:1,SV:0,SV:1,Add:-1,LN:-1,SwiGLU:0,SwiGLU:1,Add:-1",0.0027852744887151997,0.0009575424194335938,npu|prefill|-1|48322b0ab0207f84448cb08e6eac5594,-1,sample_step,0.0027852744887151997,0.0009575424194335938,-0.001827732069281606,0.3437874519416907,-0.001827732069281606,0.3437874519416907
weights_on_pim_prefill-1024xdecode_64_ops_trace.csv,prefill,-1,-1,30,PIM0,pim,7,"Q:0,K:0,V:0,O:0,FFN_W1:0,FFN_W3:1,FFN_W2:0",0.852067154330914,0.052649984000000004,pim|prefill|-1|1ed976c7c13cd28c472fbdb0cfd672ea,-1,sample_step,0.852067154330914,0.052649984000000004,-0.799417170330914,0.061790885533363184,-0.799417170330914,0.061790885533363184
weights_on_pim_prefill-1024xdecode_64_ops_trace.csv,prefill,-1,-1,30,PIM1,pim,7,"Q:1,K:1,V:1,O:1,FFN_W3:0,FFN_W1:1,FFN_W2:1",0.852067154330914,0.052649984,pim|prefill|-1|34ccac5ef828e4730b89693f4ee70e0e,-1,sample_step,0.852067154330914,0.052649984,-0.799417170330914,0.06179088553336317,-0.799417170330914,0.06179088553336317
weights_on_pim_prefill-1024xdecode_64_ops_trace.csv,prefill,-1,-1,31,GPU0,npu,12,"LN:-1,QK:0,QK:1,Softmax:0,Softmax:1,SV:0,SV:1,Add:-1,LN:-1,SwiGLU:0,SwiGLU:1,Add:-1",0.0027852744887151997,0.0009575424194335938,npu|prefill|-1|48322b0ab0207f84448cb08e6eac5594,-1,sample_step,0.0027852744887151997,0.0009575424194335938,-0.001827732069281606,0.3437874519416907,-0.001827732069281606,0.3437874519416907
weights_on_pim_prefill-1024xdecode_64_ops_trace.csv,prefill,-1,-1,31,PIM0,pim,7,"Q:0,K:0,V:0,O:0,FFN_W1:0,FFN_W3:1,FFN_W2:0",0.852067154330914,0.052649984000000004,pim|prefill|-1|1ed976c7c13cd28c472fbdb0cfd672ea,-1,sample_step,0.852067154330914,0.052649984000000004,-0.799417170330914,0.061790885533363184,-0.799417170330914,0.061790885533363184
weights_on_pim_prefill-1024xdecode_64_ops_trace.csv,prefill,-1,-1,31,PIM1,pim,7,"Q:1,K:1,V:1,O:1,FFN_W3:0,FFN_W1:1,FFN_W2:1",0.852067154330914,0.052649984,pim|prefill|-1|34ccac5ef828e4730b89693f4ee70e0e,-1,sample_step,0.852067154330914,0.052649984,-0.799417170330914,0.06179088553336317,-0.799417170330914,0.06179088553336317
weights_on_pim_prefill-1024xdecode_64_ops_trace.csv,decode,0,0,0,GPU0,npu,12,"LN:-1,QK:0,QK:1,Softmax:0,Softmax:1,SV:0,SV:1,Add:-1,LN:-1,SwiGLU:0,SwiGLU:1,Add:-1",0.00011258111526046832,0.000263372802734375,npu|decode|0|48322b0ab0207f84448cb08e6eac5594,0,sample_step,0.00011258111526046832,0.000263372802734375,0.0001507916874739067,2.339404811588819,0.0001507916874739067,2.339404811588819
weights_on_pim_prefill-1024xdecode_64_ops_trace.csv,decode,0,0,0,PIM0,pim,7,"Q:0,K:0,V:0,O:0,FFN_W1:0,FFN_W3:1,FFN_W2:0",0.0008341596964384154,5.1416000000000004e-05,pim|decode|0|1ed976c7c13cd28c472fbdb0cfd672ea,0,sample_step,0.0008341596964384154,5.1416000000000004e-05,-0.0007827436964384154,0.06163807748028253,-0.0007827436964384154,0.06163807748028253
weights_on_pim_prefill-1024xdecode_64_ops_trace.csv,decode,0,0,0,PIM1,pim,7,"Q:1,K:1,V:1,O:1,FFN_W3:0,FFN_W1:1,FFN_W2:1",0.0008341596964384154,5.1416e-05,pim|decode|0|34ccac5ef828e4730b89693f4ee70e0e,0,sample_step,0.0008341596964384154,5.1416e-05,-0.0007827436964384154,0.06163807748028252,-0.0007827436964384154,0.06163807748028252
weights_on_pim_prefill-1024xdecode_64_ops_trace.csv,decode,0,0,1,GPU0,npu,12,"LN:-1,QK:0,QK:1,Softmax:0,Softmax:1,SV:0,SV:1,Add:-1,LN:-1,SwiGLU:0,SwiGLU:1,Add:-1",0.00011258111526046832,0.000263372802734375,npu|decode|0|48322b0ab0207f84448cb08e6eac5594,0,sample_step,0.00011258111526046832,0.000263372802734375,0.0001507916874739067,2.339404811588819,0.0001507916874739067,2.339404811588819
weights_on_pim_prefill-1024xdecode_64_ops_trace.csv,decode,0,0,1,PIM0,pim,7,"Q:0,K:0,V:0,O:0,FFN_W1:0,FFN_W3:1,FFN_W2:0",0.0008341596964384154,5.1416000000000004e-05,pim|decode|0|1ed976c7c13cd28c472fbdb0cfd672ea,0,sample_step,0.0008341596964384154,5.1416000000000004e-05,-0.0007827436964384154,0.06163807748028253,-0.0007827436964384154,0.06163807748028253
weights_on_pim_prefill-1024xdecode_64_ops_trace.csv,decode,0,0,1,PIM1,pim,7,"Q:1,K:1,V:1,O:1,FFN_W3:0,FFN_W1:1,FFN_W2:1",0.0008341596964384154,5.1416e-05,pim|decode|0|34ccac5ef828e4730b89693f4ee70e0e,0,sample_step,0.0008341596964384154,5.1416e-05,-0.0007827436964384154,0.06163807748028252,-0.0007827436964384154,0.06163807748028252
weights_on_pim_prefill-1024xdecode_64_ops_trace.csv,decode,0,0,2,GPU0,npu,12,"LN:-1,QK:0,QK:1,Softmax:0,Softmax:1,SV:0,SV:1,Add:-1,LN:-1,SwiGLU:0,SwiGLU:1,Add:-1",0.00011258111526046832,0.000263372802734375,npu|decode|0|48322b0ab0207f84448cb08e6eac5594,0,sample_step,0.00011258111526046832,0.000263372802734375,0.0001507916874739067,2.339404811588819,0.0001507916874739067,2.339404811588819
weights_on_pim_prefill-1024xdecode_64_ops_trace.csv,decode,0,0,2,PIM0,pim,7,"Q:0,K:0,V:0,O:0,FFN_W1:0,FFN_W3:1,FFN_W2:0",0.0008341596964384154,5.1416000000000004e-05,pim|decode|0|1ed976c7c13cd28c472fbdb0cfd672ea,0,sample_step,0.0008341596964384154,5.1416000000000004e-05,-0.0007827436964384154,0.06163807748028253,-0.0007827436964384154,0.06163807748028253
weights_on_pim_prefill-1024xdecode_64_ops_trace.csv,decode,0,0,2,PIM1,pim,7,"Q:1,K:1,V:1,O:1,FFN_W3:0,FFN_W1:1,FFN_W2:1",0.0008341596964384154,5.1416e-05,pim|decode|0|34ccac5ef828e4730b89693f4ee70e0e,0,sample_step,0.0008341596964384154,5.1416e-05,-0.0007827436964384154,0.06163807748028252,-0.0007827436964384154,0.06163807748028252
weights_on_pim_prefill-1024xdecode_64_ops_trace.csv,decode,0,0,3,GPU0,npu,12,"LN:-1,QK:0,QK:1,Softmax:0,Softmax:1,SV:0,SV:1,Add:-1,LN:-1,SwiGLU:0,SwiGLU:1,Add:-1",0.00011258111526046832,0.000263372802734375,npu|decode|0|48322b0ab0207f84448cb08e6eac5594,0,sample_step,0.00011258111526046832,0.000263372802734375,0.0001507916874739067,2.339404811588819,0.0001507916874739067,2.339404811588819
weights_on_pim_prefill-1024xdecode_64_ops_trace.csv,decode,0,0,3,PIM0,pim,7,"Q:0,K:0,V:0,O:0,FFN_W1:0,FFN_W3:1,FFN_W2:0",0.0008341596964384154,5.1416000000000004e-05,pim|decode|0|1ed976c7c13cd28c472fbdb0cfd672ea,0,sample_step,0.0008341596964384154,5.1416000000000004e-05,-0.0007827436964384154,0.06163807748028253,-0.0007827436964384154,0.06163807748028253
weights_on_pim_prefill-1024xdecode_64_ops_trace.csv,decode,0,0,3,PIM1,pim,7,"Q:1,K:1,V:1,O:1,FFN_W3:0,FFN_W1:1,FFN_W2:1",0.0008341596964384154,5.1416e-05,pim|decode|0|34ccac5ef828e4730b89693f4ee70e0e,0,sample_step,0.0008341596964384154,5.1416e-05,-0.0007827436964384154,0.06163807748028252,-0.0007827436964384154,0.06163807748028252
weights_on_pim_prefill-1024xdecode_64_ops_trace.csv,decode,0,0,4,GPU0,npu,12,"LN:-1,QK:0,QK:1,Softmax:0,Softmax:1,SV:0,SV:1,Add:-1,LN:-1,SwiGLU:0,SwiGLU:1,Add:-1",0.00011258111526046832,0.000263372802734375,npu|decode|0|48322b0ab0207f84448cb08e6eac5594,0,sample_step,0.00011258111526046832,0.000263372802734375,0.0001507916874739067,2.339404811588819,0.0001507916874739067,2.339404811588819
weights_on_pim_prefill-1024xdecode_64_ops_trace.csv,decode,0,0,4,PIM0,pim,7,"Q:0,K:0,V:0,O:0,FFN_W1:0,FFN_W3:1,FFN_W2:0",0.0008341596964384154,5.1416000000000004e-05,pim|decode|0|1ed976c7c13cd28c472fbdb0cfd672ea,0,sample_step,0.0008341596964384154,5.1416000000000004e-05,-0.0007827436964384154,0.06163807748028253,-0.0007827436964384154,0.06163807748028253
weights_on_pim_prefill-1024xdecode_64_ops_trace.csv,decode,0,0,4,PIM1,pim,7,"Q:1,K:1,V:1,O:1,FFN_W3:0,FFN_W1:1,FFN_W2:1",0.0008341596964384154,5.1416e-05,pim|decode|0|34ccac5ef828e4730b89693f4ee70e0e,0,sample_step,0.0008341596964384154,5.1416e-05,-0.0007827436964384154,0.06163807748028252,-0.0007827436964384154,0.06163807748028252
weights_on_pim_prefill-1024xdecode_64_ops_trace.csv,decode,0,0,5,GPU0,npu,12,"LN:-1,QK:0,QK:1,Softmax:0,Softmax:1,SV:0,SV:1,Add:-1,LN:-1,SwiGLU:0,SwiGLU:1,Add:-1",0.00011258111526046832,0.000263372802734375,npu|decode|0|48322b0ab0207f84448cb08e6eac5594,0,sample_step,0.00011258111526046832,0.000263372802734375,0.0001507916874739067,2.339404811588819,0.0001507916874739067,2.339404811588819
weights_on_pim_prefill-1024xdecode_64_ops_trace.csv,decode,0,0,5,PIM0,pim,7,"Q:0,K:0,V:0,O:0,FFN_W1:0,FFN_W3:1,FFN_W2:0",0.0008341596964384154,5.1416000000000004e-05,pim|decode|0|1ed976c7c13cd28c472fbdb0cfd672ea,0,sample_step,0.0008341596964384154,5.1416000000000004e-05,-0.0007827436964384154,0.06163807748028253,-0.0007827436964384154,0.06163807748028253
weights_on_pim_prefill-1024xdecode_64_ops_trace.csv,decode,0,0,5,PIM1,pim,7,"Q:1,K:1,V:1,O:1,FFN_W3:0,FFN_W1:1,FFN_W2:1",0.0008341596964384154,5.1416e-05,pim|decode|0|34ccac5ef828e4730b89693f4ee70e0e,0,sample_step,0.0008341596964384154,5.1416e-05,-0.0007827436964384154,0.06163807748028252,-0.0007827436964384154,0.06163807748028252
weights_on_pim_prefill-1024xdecode_64_ops_trace.csv,decode,0,0,6,GPU0,npu,12,"LN:-1,QK:0,QK:1,Softmax:0,Softmax:1,SV:0,SV:1,Add:-1,LN:-1,SwiGLU:0,SwiGLU:1,Add:-1",0.00011258111526046832,0.000263372802734375,npu|decode|0|48322b0ab0207f84448cb08e6eac5594,0,sample_step,0.00011258111526046832,0.000263372802734375,0.0001507916874739067,2.339404811588819,0.0001507916874739067,2.339404811588819
weights_on_pim_prefill-1024xdecode_64_ops_trace.csv,decode,0,0,6,PIM0,pim,7,"Q:0,K:0,V:0,O:0,FFN_W1:0,FFN_W3:1,FFN_W2:0",0.0008341596964384154,5.1416000000000004e-05,pim|decode|0|1ed976c7c13cd28c472fbdb0cfd672ea,0,sample_step,0.0008341596964384154,5.1416000000000004e-05,-0.0007827436964384154,0.06163807748028253,-0.0007827436964384154,0.06163807748028253
weights_on_pim_prefill-1024xdecode_64_ops_trace.csv,decode,0,0,6,PIM1,pim,7,"Q:1,K:1,V:1,O:1,FFN_W3:0,FFN_W1:1,FFN_W2:1",0.0008341596964384154,5.1416e-05,pim|decode|0|34ccac5ef828e4730b89693f4ee70e0e,0,sample_step,0.0008341596964384154,5.1416e-05,-0.0007827436964384154,0.06163807748028252,-0.0007827436964384154,0.06163807748028252
weights_on_pim_prefill-1024xdecode_64_ops_trace.csv,decode,0,0,7,GPU0,npu,12,"LN:-1,QK:0,QK:1,Softmax:0,Softmax:1,SV:0,SV:1,Add:-1,LN:-1,SwiGLU:0,SwiGLU:1,Add:-1",0.00011258111526046832,0.000263372802734375,npu|decode|0|48322b0ab0207f84448cb08e6eac5594,0,sample_step,0.00011258111526046832,0.000263372802734375,0.0001507916874739067,2.339404811588819,0.0001507916874739067,2.339404811588819
weights_on_pim_prefill-1024xdecode_64_ops_trace.csv,decode,0,0,7,PIM0,pim,7,"Q:0,K:0,V:0,O:0,FFN_W1:0,FFN_W3:1,FFN_W2:0",0.0008341596964384154,5.1416000000000004e-05,pim|decode|0|1ed976c7c13cd28c472fbdb0cfd672ea,0,sample_step,0.0008341596964384154,5.1416000000000004e-05,-0.0007827436964384154,0.06163807748028253,-0.0007827436964384154,0.06163807748028253
weights_on_pim_prefill-1024xdecode_64_ops_trace.csv,decode,0,0,7,PIM1,pim,7,"Q:1,K:1,V:1,O:1,FFN_W3:0,FFN_W1:1,FFN_W2:1",0.0008341596964384154,5.1416e-05,pim|decode|0|34ccac5ef828e4730b89693f4ee70e0e,0,sample_step,0.0008341596964384154,5.1416e-05,-0.0007827436964384154,0.06163807748028252,-0.0007827436964384154,0.06163807748028252
weights_on_pim_prefill-1024xdecode_64_ops_trace.csv,decode,0,0,8,GPU0,npu,12,"LN:-1,QK:0,QK:1,Softmax:0,Softmax:1,SV:0,SV:1,Add:-1,LN:-1,SwiGLU:0,SwiGLU:1,Add:-1",0.00011258111526046832,0.000263372802734375,npu|decode|0|48322b0ab0207f84448cb08e6eac5594,0,sample_step,0.00011258111526046832,0.000263372802734375,0.0001507916874739067,2.339404811588819,0.0001507916874739067,2.339404811588819
weights_on_pim_prefill-1024xdecode_64_ops_trace.csv,decode,0,0,8,PIM0,pim,7,"Q:0,K:0,V:0,O:0,FFN_W1:0,FFN_W3:1,FFN_W2:0",0.0008341596964384154,5.1416000000000004e-05,pim|decode|0|1ed976c7c13cd28c472fbdb0cfd672ea,0,sample_step,0.0008341596964384154,5.1416000000000004e-05,-0.0007827436964384154,0.06163807748028253,-0.0007827436964384154,0.06163807748028253
weights_on_pim_prefill-1024xdecode_64_ops_trace.csv,decode,0,0,8,PIM1,pim,7,"Q:1,K:1,V:1,O:1,FFN_W3:0,FFN_W1:1,FFN_W2:1",0.0008341596964384154,5.1416e-05,pim|decode|0|34ccac5ef828e4730b89693f4ee70e0e,0,sample_step,0.0008341596964384154,5.1416e-05,-0.0007827436964384154,0.06163807748028252,-0.0007827436964384154,0.06163807748028252
weights_on_pim_prefill-1024xdecode_64_ops_trace.csv,decode,0,0,9,GPU0,npu,12,"LN:-1,QK:0,QK:1,Softmax:0,Softmax:1,SV:0,SV:1,Add:-1,LN:-1,SwiGLU:0,SwiGLU:1,Add:-1",0.00011258111526046832,0.000263372802734375,npu|decode|0|48322b0ab0207f84448cb08e6eac5594,0,sample_step,0.00011258111526046832,0.000263372802734375,0.0001507916874739067,2.339404811588819,0.0001507916874739067,2.339404811588819
weights_on_pim_prefill-1024xdecode_64_ops_trace.csv,decode,0,0,9,PIM0,pim,7,"Q:0,K:0,V:0,O:0,FFN_W1:0,FFN_W3:1,FFN_W2:0",0.0008341596964384154,5.1416000000000004e-05,pim|decode|0|1ed976c7c13cd28c472fbdb0cfd672ea,0,sample_step,0.0008341596964384154,5.1416000000000004e-05,-0.0007827436964384154,0.06163807748028253,-0.0007827436964384154,0.06163807748028253
weights_on_pim_prefill-1024xdecode_64_ops_trace.csv,decode,0,0,9,PIM1,pim,7,"Q:1,K:1,V:1,O:1,FFN_W3:0,FFN_W1:1,FFN_W2:1",0.0008341596964384154,5.1416e-05,pim|decode|0|34ccac5ef828e4730b89693f4ee70e0e,0,sample_step,0.0008341596964384154,5.1416e-05,-0.0007827436964384154,0.06163807748028252,-0.0007827436964384154,0.06163807748028252
weights_on_pim_prefill-1024xdecode_64_ops_trace.csv,decode,0,0,10,GPU0,npu,12,"LN:-1,QK:0,QK:1,Softmax:0,Softmax:1,SV:0,SV:1,Add:-1,LN:-1,SwiGLU:0,SwiGLU:1,Add:-1",0.00011258111526046832,0.000263372802734375,npu|decode|0|48322b0ab0207f84448cb08e6eac5594,0,sample_step,0.00011258111526046832,0.000263372802734375,0.0001507916874739067,2.339404811588819,0.0001507916874739067,2.339404811588819
weights_on_pim_prefill-1024xdecode_64_ops_trace.csv,decode,0,0,10,PIM0,pim,7,"Q:0,K:0,V:0,O:0,FFN_W1:0,FFN_W3:1,FFN_W2:0",0.0008341596964384154,5.1416000000000004e-05,pim|decode|0|1ed976c7c13cd28c472fbdb0cfd672ea,0,sample_step,0.0008341596964384154,5.1416000000000004e-05,-0.0007827436964384154,0.06163807748028253,-0.0007827436964384154,0.06163807748028253
weights_on_pim_prefill-1024xdecode_64_ops_trace.csv,decode,0,0,10,PIM1,pim,7,"Q:1,K:1,V:1,O:1,FFN_W3:0,FFN_W1:1,FFN_W2:1",0.0008341596964384154,5.1416e-05,pim|decode|0|34ccac5ef828e4730b89693f4ee70e0e,0,sample_step,0.0008341596964384154,5.1416e-05,-0.0007827436964384154,0.06163807748028252,-0.0007827436964384154,0.06163807748028252
weights_on_pim_prefill-1024xdecode_64_ops_trace.csv,decode,0,0,11,GPU0,npu,12,"LN:-1,QK:0,QK:1,Softmax:0,Softmax:1,SV:0,SV:1,Add:-1,LN:-1,SwiGLU:0,SwiGLU:1,Add:-1",0.00011258111526046832,0.000263372802734375,npu|decode|0|48322b0ab0207f84448cb08e6eac5594,0,sample_step,0.00011258111526046832,0.000263372802734375,0.0001507916874739067,2.339404811588819,0.0001507916874739067,2.339404811588819
weights_on_pim_prefill-1024xdecode_64_ops_trace.csv,decode,0,0,11,PIM0,pim,7,"Q:0,K:0,V:0,O:0,FFN_W1:0,FFN_W3:1,FFN_W2:0",0.0008341596964384154,5.1416000000000004e-05,pim|decode|0|1ed976c7c13cd28c472fbdb0cfd672ea,0,sample_step,0.0008341596964384154,5.1416000000000004e-05,-0.0007827436964384154,0.06163807748028253,-0.0007827436964384154,0.06163807748028253
weights_on_pim_prefill-1024xdecode_64_ops_trace.csv,decode,0,0,11,PIM1,pim,7,"Q:1,K:1,V:1,O:1,FFN_W3:0,FFN_W1:1,FFN_W2:1",0.0008341596964384154,5.1416e-05,pim|decode|0|34ccac5ef828e4730b89693f4ee70e0e,0,sample_step,0.0008341596964384154,5.1416e-05,-0.0007827436964384154,0.06163807748028252,-0.0007827436964384154,0.06163807748028252
weights_on_pim_prefill-1024xdecode_64_ops_trace.csv,decode,0,0,12,GPU0,npu,12,"LN:-1,QK:0,QK:1,Softmax:0,Softmax:1,SV:0,SV:1,Add:-1,LN:-1,SwiGLU:0,SwiGLU:1,Add:-1",0.00011258111526046832,0.000263372802734375,npu|decode|0|48322b0ab0207f84448cb08e6eac5594,0,sample_step,0.00011258111526046832,0.000263372802734375,0.0001507916874739067,2.339404811588819,0.0001507916874739067,2.339404811588819
weights_on_pim_prefill-1024xdecode_64_ops_trace.csv,decode,0,0,12,PIM0,pim,7,"Q:0,K:0,V:0,O:0,FFN_W1:0,FFN_W3:1,FFN_W2:0",0.0008341596964384154,5.1416000000000004e-05,pim|decode|0|1ed976c7c13cd28c472fbdb0cfd672ea,0,sample_step,0.0008341596964384154,5.1416000000000004e-05,-0.0007827436964384154,0.06163807748028253,-0.0007827436964384154,0.06163807748028253
weights_on_pim_prefill-1024xdecode_64_ops_trace.csv,decode,0,0,12,PIM1,pim,7,"Q:1,K:1,V:1,O:1,FFN_W3:0,FFN_W1:1,FFN_W2:1",0.0008341596964384154,5.1416e-05,pim|decode|0|34ccac5ef828e4730b89693f4ee70e0e,0,sample_step,0.0008341596964384154,5.1416e-05,-0.0007827436964384154,0.06163807748028252,-0.0007827436964384154,0.06163807748028252
weights_on_pim_prefill-1024xdecode_64_ops_trace.csv,decode,0,0,13,GPU0,npu,12,"LN:-1,QK:0,QK:1,Softmax:0,Softmax:1,SV:0,SV:1,Add:-1,LN:-1,SwiGLU:0,SwiGLU:1,Add:-1",0.00011258111526046832,0.000263372802734375,npu|decode|0|48322b0ab0207f84448cb08e6eac5594,0,sample_step,0.00011258111526046832,0.000263372802734375,0.0001507916874739067,2.339404811588819,0.0001507916874739067,2.339404811588819
weights_on_pim_prefill-1024xdecode_64_ops_trace.csv,decode,0,0,13,PIM0,pim,7,"Q:0,K:0,V:0,O:0,FFN_W1:0,FFN_W3:1,FFN_W2:0",0.0008341596964384154,5.1416000000000004e-05,pim|decode|0|1ed976c7c13cd28c472fbdb0cfd672ea,0,sample_step,0.0008341596964384154,5.1416000000000004e-05,-0.0007827436964384154,0.06163807748028253,-0.0007827436964384154,0.06163807748028253
weights_on_pim_prefill-1024xdecode_64_ops_trace.csv,decode,0,0,13,PIM1,pim,7,"Q:1,K:1,V:1,O:1,FFN_W3:0,FFN_W1:1,FFN_W2:1",0.0008341596964384154,5.1416e-05,pim|decode|0|34ccac5ef828e4730b89693f4ee70e0e,0,sample_step,0.0008341596964384154,5.1416e-05,-0.0007827436964384154,0.06163807748028252,-0.0007827436964384154,0.06163807748028252
weights_on_pim_prefill-1024xdecode_64_ops_trace.csv,decode,0,0,14,GPU0,npu,12,"LN:-1,QK:0,QK:1,Softmax:0,Softmax:1,SV:0,SV:1,Add:-1,LN:-1,SwiGLU:0,SwiGLU:1,Add:-1",0.00011258111526046832,0.000263372802734375,npu|decode|0|48322b0ab0207f84448cb08e6eac5594,0,sample_step,0.00011258111526046832,0.000263372802734375,0.0001507916874739067,2.339404811588819,0.0001507916874739067,2.339404811588819
weights_on_pim_prefill-1024xdecode_64_ops_trace.csv,decode,0,0,14,PIM0,pim,7,"Q:0,K:0,V:0,O:0,FFN_W1:0,FFN_W3:1,FFN_W2:0",0.0008341596964384154,5.1416000000000004e-05,pim|decode|0|1ed976c7c13cd28c472fbdb0cfd672ea,0,sample_step,0.0008341596964384154,5.1416000000000004e-05,-0.0007827436964384154,0.06163807748028253,-0.0007827436964384154,0.06163807748028253
weights_on_pim_prefill-1024xdecode_64_ops_trace.csv,decode,0,0,14,PIM1,pim,7,"Q:1,K:1,V:1,O:1,FFN_W3:0,FFN_W1:1,FFN_W2:1",0.0008341596964384154,5.1416e-05,pim|decode|0|34ccac5ef828e4730b89693f4ee70e0e,0,sample_step,0.0008341596964384154,5.1416e-05,-0.0007827436964384154,0.06163807748028252,-0.0007827436964384154,0.06163807748028252
weights_on_pim_prefill-1024xdecode_64_ops_trace.csv,decode,0,0,15,GPU0,npu,12,"LN:-1,QK:0,QK:1,Softmax:0,Softmax:1,SV:0,SV:1,Add:-1,LN:-1,SwiGLU:0,SwiGLU:1,Add:-1",0.00011258111526046832,0.000263372802734375,npu|decode|0|48322b0ab0207f84448cb08e6eac5594,0,sample_step,0.00011258111526046832,0.000263372802734375,0.0001507916874739067,2.339404811588819,0.0001507916874739067,2.339404811588819
weights_on_pim_prefill-1024xdecode_64_ops_trace.csv,decode,0,0,15,PIM0,pim,7,"Q:0,K:0,V:0,O:0,FFN_W1:0,FFN_W3:1,FFN_W2:0",0.0008341596964384154,5.1416000000000004e-05,pim|decode|0|1ed976c7c13cd28c472fbdb0cfd672ea,0,sample_step,0.0008341596964384154,5.1416000000000004e-05,-0.0007827436964384154,0.06163807748028253,-0.0007827436964384154,0.06163807748028253
weights_on_pim_prefill-1024xdecode_64_ops_trace.csv,decode,0,0,15,PIM1,pim,7,"Q:1,K:1,V:1,O:1,FFN_W3:0,FFN_W1:1,FFN_W2:1",0.0008341596964384154,5.1416e-05,pim|decode|0|34ccac5ef828e4730b89693f4ee70e0e,0,sample_step,0.0008341596964384154,5.1416e-05,-0.0007827436964384154,0.06163807748028252,-0.0007827436964384154,0.06163807748028252
weights_on_pim_prefill-1024xdecode_64_ops_trace.csv,decode,0,0,16,GPU0,npu,12,"LN:-1,QK:0,QK:1,Softmax:0,Softmax:1,SV:0,SV:1,Add:-1,LN:-1,SwiGLU:0,SwiGLU:1,Add:-1",0.00011258111526046832,0.000263372802734375,npu|decode|0|48322b0ab0207f84448cb08e6eac5594,0,sample_step,0.00011258111526046832,0.000263372802734375,0.0001507916874739067,2.339404811588819,0.0001507916874739067,2.339404811588819
weights_on_pim_prefill-1024xdecode_64_ops_trace.csv,decode,0,0,16,PIM0,pim,7,"Q:0,K:0,V:0,O:0,FFN_W1:0,FFN_W3:1,FFN_W2:0",0.0008341596964384154,5.1416000000000004e-05,pim|decode|0|1ed976c7c13cd28c472fbdb0cfd672ea,0,sample_step,0.0008341596964384154,5.1416000000000004e-05,-0.0007827436964384154,0.06163807748028253,-0.0007827436964384154,0.06163807748028253
weights_on_pim_prefill-1024xdecode_64_ops_trace.csv,decode,0,0,16,PIM1,pim,7,"Q:1,K:1,V:1,O:1,FFN_W3:0,FFN_W1:1,FFN_W2:1",0.0008341596964384154,5.1416e-05,pim|decode|0|34ccac5ef828e4730b89693f4ee70e0e,0,sample_step,0.0008341596964384154,5.1416e-05,-0.0007827436964384154,0.06163807748028252,-0.0007827436964384154,0.06163807748028252
weights_on_pim_prefill-1024xdecode_64_ops_trace.csv,decode,0,0,17,GPU0,npu,12,"LN:-1,QK:0,QK:1,Softmax:0,Softmax:1,SV:0,SV:1,Add:-1,LN:-1,SwiGLU:0,SwiGLU:1,Add:-1",0.00011258111526046832,0.000263372802734375,npu|decode|0|48322b0ab0207f84448cb08e6eac5594,0,sample_step,0.00011258111526046832,0.000263372802734375,0.0001507916874739067,2.339404811588819,0.0001507916874739067,2.339404811588819
weights_on_pim_prefill-1024xdecode_64_ops_trace.csv,decode,0,0,17,PIM0,pim,7,"Q:0,K:0,V:0,O:0,FFN_W1:0,FFN_W3:1,FFN_W2:0",0.0008341596964384154,5.1416000000000004e-05,pim|decode|0|1ed976c7c13cd28c472fbdb0cfd672ea,0,sample_step,0.0008341596964384154,5.1416000000000004e-05,-0.0007827436964384154,0.06163807748028253,-0.0007827436964384154,0.06163807748028253
weights_on_pim_prefill-1024xdecode_64_ops_trace.csv,decode,0,0,17,PIM1,pim,7,"Q:1,K:1,V:1,O:1,FFN_W3:0,FFN_W1:1,FFN_W2:1",0.0008341596964384154,5.1416e-05,pim|decode|0|34ccac5ef828e4730b89693f4ee70e0e,0,sample_step,0.0008341596964384154,5.1416e-05,-0.0007827436964384154,0.06163807748028252,-0.0007827436964384154,0.06163807748028252
weights_on_pim_prefill-1024xdecode_64_ops_trace.csv,decode,0,0,18,GPU0,npu,12,"LN:-1,QK:0,QK:1,Softmax:0,Softmax:1,SV:0,SV:1,Add:-1,LN:-1,SwiGLU:0,SwiGLU:1,Add:-1",0.00011258111526046832,0.000263372802734375,npu|decode|0|48322b0ab0207f84448cb08e6eac5594,0,sample_step,0.00011258111526046832,0.000263372802734375,0.0001507916874739067,2.339404811588819,0.0001507916874739067,2.339404811588819
weights_on_pim_prefill-1024xdecode_64_ops_trace.csv,decode,0,0,18,PIM0,pim,7,"Q:0,K:0,V:0,O:0,FFN_W1:0,FFN_W3:1,FFN_W2:0",0.0008341596964384154,5.1416000000000004e-05,pim|decode|0|1ed976c7c13cd28c472fbdb0cfd672ea,0,sample_step,0.0008341596964384154,5.1416000000000004e-05,-0.0007827436964384154,0.06163807748028253,-0.0007827436964384154,0.06163807748028253
weights_on_pim_prefill-1024xdecode_64_ops_trace.csv,decode,0,0,18,PIM1,pim,7,"Q:1,K:1,V:1,O:1,FFN_W3:0,FFN_W1:1,FFN_W2:1",0.0008341596964384154,5.1416e-05,pim|decode|0|34ccac5ef828e4730b89693f4ee70e0e,0,sample_step,0.0008341596964384154,5.1416e-05,-0.0007827436964384154,0.06163807748028252,-0.0007827436964384154,0.06163807748028252
weights_on_pim_prefill-1024xdecode_64_ops_trace.csv,decode,0,0,19,GPU0,npu,12,"LN:-1,QK:0,QK:1,Softmax:0,Softmax:1,SV:0,SV:1,Add:-1,LN:-1,SwiGLU:0,SwiGLU:1,Add:-1",0.00011258111526046832,0.000263372802734375,npu|decode|0|48322b0ab0207f84448cb08e6eac5594,0,sample_step,0.00011258111526046832,0.000263372802734375,0.0001507916874739067,2.339404811588819,0.0001507916874739067,2.339404811588819
weights_on_pim_prefill-1024xdecode_64_ops_trace.csv,decode,0,0,19,PIM0,pim,7,"Q:0,K:0,V:0,O:0,FFN_W1:0,FFN_W3:1,FFN_W2:0",0.0008341596964384154,5.1416000000000004e-05,pim|decode|0|1ed976c7c13cd28c472fbdb0cfd672ea,0,sample_step,0.0008341596964384154,5.1416000000000004e-05,-0.0007827436964384154,0.06163807748028253,-0.0007827436964384154,0.06163807748028253
weights_on_pim_prefill-1024xdecode_64_ops_trace.csv,decode,0,0,19,PIM1,pim,7,"Q:1,K:1,V:1,O:1,FFN_W3:0,FFN_W1:1,FFN_W2:1",0.0008341596964384154,5.1416e-05,pim|decode|0|34ccac5ef828e4730b89693f4ee70e0e,0,sample_step,0.0008341596964384154,5.1416e-05,-0.0007827436964384154,0.06163807748028252,-0.0007827436964384154,0.06163807748028252
weights_on_pim_prefill-1024xdecode_64_ops_trace.csv,decode,0,0,20,GPU0,npu,12,"LN:-1,QK:0,QK:1,Softmax:0,Softmax:1,SV:0,SV:1,Add:-1,LN:-1,SwiGLU:0,SwiGLU:1,Add:-1",0.00011258111526046832,0.000263372802734375,npu|decode|0|48322b0ab0207f84448cb08e6eac5594,0,sample_step,0.00011258111526046832,0.000263372802734375,0.0001507916874739067,2.339404811588819,0.0001507916874739067,2.339404811588819
weights_on_pim_prefill-1024xdecode_64_ops_trace.csv,decode,0,0,20,PIM0,pim,7,"Q:0,K:0,V:0,O:0,FFN_W1:0,FFN_W3:1,FFN_W2:0",0.0008341596964384154,5.1416000000000004e-05,pim|decode|0|1ed976c7c13cd28c472fbdb0cfd672ea,0,sample_step,0.0008341596964384154,5.1416000000000004e-05,-0.0007827436964384154,0.06163807748028253,-0.0007827436964384154,0.06163807748028253
weights_on_pim_prefill-1024xdecode_64_ops_trace.csv,decode,0,0,20,PIM1,pim,7,"Q:1,K:1,V:1,O:1,FFN_W3:0,FFN_W1:1,FFN_W2:1",0.0008341596964384154,5.1416e-05,pim|decode|0|34ccac5ef828e4730b89693f4ee70e0e,0,sample_step,0.0008341596964384154,5.1416e-05,-0.0007827436964384154,0.06163807748028252,-0.0007827436964384154,0.06163807748028252
weights_on_pim_prefill-1024xdecode_64_ops_trace.csv,decode,0,0,21,GPU0,npu,12,"LN:-1,QK:0,QK:1,Softmax:0,Softmax:1,SV:0,SV:1,Add:-1,LN:-1,SwiGLU:0,SwiGLU:1,Add:-1",0.00011258111526046832,0.000263372802734375,npu|decode|0|48322b0ab0207f84448cb08e6eac5594,0,sample_step,0.00011258111526046832,0.000263372802734375,0.0001507916874739067,2.339404811588819,0.0001507916874739067,2.339404811588819
weights_on_pim_prefill-1024xdecode_64_ops_trace.csv,decode,0,0,21,PIM0,pim,7,"Q:0,K:0,V:0,O:0,FFN_W1:0,FFN_W3:1,FFN_W2:0",0.0008341596964384154,5.1416000000000004e-05,pim|decode|0|1ed976c7c13cd28c472fbdb0cfd672ea,0,sample_step,0.0008341596964384154,5.1416000000000004e-05,-0.0007827436964384154,0.06163807748028253,-0.0007827436964384154,0.06163807748028253
weights_on_pim_prefill-1024xdecode_64_ops_trace.csv,decode,0,0,21,PIM1,pim,7,"Q:1,K:1,V:1,O:1,FFN_W3:0,FFN_W1:1,FFN_W2:1",0.0008341596964384154,5.1416e-05,pim|decode|0|34ccac5ef828e4730b89693f4ee70e0e,0,sample_step,0.0008341596964384154,5.1416e-05,-0.0007827436964384154,0.06163807748028252,-0.0007827436964384154,0.06163807748028252
weights_on_pim_prefill-1024xdecode_64_ops_trace.csv,decode,0,0,22,GPU0,npu,12,"LN:-1,QK:0,QK:1,Softmax:0,Softmax:1,SV:0,SV:1,Add:-1,LN:-1,SwiGLU:0,SwiGLU:1,Add:-1",0.00011258111526046832,0.000263372802734375,npu|decode|0|48322b0ab0207f84448cb08e6eac5594,0,sample_step,0.00011258111526046832,0.000263372802734375,0.0001507916874739067,2.339404811588819,0.0001507916874739067,2.339404811588819
weights_on_pim_prefill-1024xdecode_64_ops_trace.csv,decode,0,0,22,PIM0,pim,7,"Q:0,K:0,V:0,O:0,FFN_W1:0,FFN_W3:1,FFN_W2:0",0.0008341596964384154,5.1416000000000004e-05,pim|decode|0|1ed976c7c13cd28c472fbdb0cfd672ea,0,sample_step,0.0008341596964384154,5.1416000000000004e-05,-0.0007827436964384154,0.06163807748028253,-0.0007827436964384154,0.06163807748028253
weights_on_pim_prefill-1024xdecode_64_ops_trace.csv,decode,0,0,22,PIM1,pim,7,"Q:1,K:1,V:1,O:1,FFN_W3:0,FFN_W1:1,FFN_W2:1",0.0008341596964384154,5.1416e-05,pim|decode|0|34ccac5ef828e4730b89693f4ee70e0e,0,sample_step,0.0008341596964384154,5.1416e-05,-0.0007827436964384154,0.06163807748028252,-0.0007827436964384154,0.06163807748028252
weights_on_pim_prefill-1024xdecode_64_ops_trace.csv,decode,0,0,23,GPU0,npu,12,"LN:-1,QK:0,QK:1,Softmax:0,Softmax:1,SV:0,SV:1,Add:-1,LN:-1,SwiGLU:0,SwiGLU:1,Add:-1",0.00011258111526046832,0.000263372802734375,npu|decode|0|48322b0ab0207f84448cb08e6eac5594,0,sample_step,0.00011258111526046832,0.000263372802734375,0.0001507916874739067,2.339404811588819,0.0001507916874739067,2.339404811588819
weights_on_pim_prefill-1024xdecode_64_ops_trace.csv,decode,0,0,23,PIM0,pim,7,"Q:0,K:0,V:0,O:0,FFN_W1:0,FFN_W3:1,FFN_W2:0",0.0008341596964384154,5.1416000000000004e-05,pim|decode|0|1ed976c7c13cd28c472fbdb0cfd672ea,0,sample_step,0.0008341596964384154,5.1416000000000004e-05,-0.0007827436964384154,0.06163807748028253,-0.0007827436964384154,0.06163807748028253
weights_on_pim_prefill-1024xdecode_64_ops_trace.csv,decode,0,0,23,PIM1,pim,7,"Q:1,K:1,V:1,O:1,FFN_W3:0,FFN_W1:1,FFN_W2:1",0.0008341596964384154,5.1416e-05,pim|decode|0|34ccac5ef828e4730b89693f4ee70e0e,0,sample_step,0.0008341596964384154,5.1416e-05,-0.0007827436964384154,0.06163807748028252,-0.0007827436964384154,0.06163807748028252
weights_on_pim_prefill-1024xdecode_64_ops_trace.csv,decode,0,0,24,GPU0,npu,12,"LN:-1,QK:0,QK:1,Softmax:0,Softmax:1,SV:0,SV:1,Add:-1,LN:-1,SwiGLU:0,SwiGLU:1,Add:-1",0.00011258111526046832,0.000263372802734375,npu|decode|0|48322b0ab0207f84448cb08e6eac5594,0,sample_step,0.00011258111526046832,0.000263372802734375,0.0001507916874739067,2.339404811588819,0.0001507916874739067,2.339404811588819
weights_on_pim_prefill-1024xdecode_64_ops_trace.csv,decode,0,0,24,PIM0,pim,7,"Q:0,K:0,V:0,O:0,FFN_W1:0,FFN_W3:1,FFN_W2:0",0.0008341596964384154,5.1416000000000004e-05,pim|decode|0|1ed976c7c13cd28c472fbdb0cfd672ea,0,sample_step,0.0008341596964384154,5.1416000000000004e-05,-0.0007827436964384154,0.06163807748028253,-0.0007827436964384154,0.06163807748028253
weights_on_pim_prefill-1024xdecode_64_ops_trace.csv,decode,0,0,24,PIM1,pim,7,"Q:1,K:1,V:1,O:1,FFN_W3:0,FFN_W1:1,FFN_W2:1",0.0008341596964384154,5.1416e-05,pim|decode|0|34ccac5ef828e4730b89693f4ee70e0e,0,sample_step,0.0008341596964384154,5.1416e-05,-0.0007827436964384154,0.06163807748028252,-0.0007827436964384154,0.06163807748028252
weights_on_pim_prefill-1024xdecode_64_ops_trace.csv,decode,0,0,25,GPU0,npu,12,"LN:-1,QK:0,QK:1,Softmax:0,Softmax:1,SV:0,SV:1,Add:-1,LN:-1,SwiGLU:0,SwiGLU:1,Add:-1",0.00011258111526046832,0.000263372802734375,npu|decode|0|48322b0ab0207f84448cb08e6eac5594,0,sample_step,0.00011258111526046832,0.000263372802734375,0.0001507916874739067,2.339404811588819,0.0001507916874739067,2.339404811588819
weights_on_pim_prefill-1024xdecode_64_ops_trace.csv,decode,0,0,25,PIM0,pim,7,"Q:0,K:0,V:0,O:0,FFN_W1:0,FFN_W3:1,FFN_W2:0",0.0008341596964384154,5.1416000000000004e-05,pim|decode|0|1ed976c7c13cd28c472fbdb0cfd672ea,0,sample_step,0.0008341596964384154,5.1416000000000004e-05,-0.0007827436964384154,0.06163807748028253,-0.0007827436964384154,0.06163807748028253
weights_on_pim_prefill-1024xdecode_64_ops_trace.csv,decode,0,0,25,PIM1,pim,7,"Q:1,K:1,V:1,O:1,FFN_W3:0,FFN_W1:1,FFN_W2:1",0.0008341596964384154,5.1416e-05,pim|decode|0|34ccac5ef828e4730b89693f4ee70e0e,0,sample_step,0.0008341596964384154,5.1416e-05,-0.0007827436964384154,0.06163807748028252,-0.0007827436964384154,0.06163807748028252
weights_on_pim_prefill-1024xdecode_64_ops_trace.csv,decode,0,0,26,GPU0,npu,12,"LN:-1,QK:0,QK:1,Softmax:0,Softmax:1,SV:0,SV:1,Add:-1,LN:-1,SwiGLU:0,SwiGLU:1,Add:-1",0.00011258111526046832,0.000263372802734375,npu|decode|0|48322b0ab0207f84448cb08e6eac5594,0,sample_step,0.00011258111526046832,0.000263372802734375,0.0001507916874739067,2.339404811588819,0.0001507916874739067,2.339404811588819
weights_on_pim_prefill-1024xdecode_64_ops_trace.csv,decode,0,0,26,PIM0,pim,7,"Q:0,K:0,V:0,O:0,FFN_W1:0,FFN_W3:1,FFN_W2:0",0.0008341596964384154,5.1416000000000004e-05,pim|decode|0|1ed976c7c13cd28c472fbdb0cfd672ea,0,sample_step,0.0008341596964384154,5.1416000000000004e-05,-0.0007827436964384154,0.06163807748028253,-0.0007827436964384154,0.06163807748028253
weights_on_pim_prefill-1024xdecode_64_ops_trace.csv,decode,0,0,26,PIM1,pim,7,"Q:1,K:1,V:1,O:1,FFN_W3:0,FFN_W1:1,FFN_W2:1",0.0008341596964384154,5.1416e-05,pim|decode|0|34ccac5ef828e4730b89693f4ee70e0e,0,sample_step,0.0008341596964384154,5.1416e-05,-0.0007827436964384154,0.06163807748028252,-0.0007827436964384154,0.06163807748028252
weights_on_pim_prefill-1024xdecode_64_ops_trace.csv,decode,0,0,27,GPU0,npu,12,"LN:-1,QK:0,QK:1,Softmax:0,Softmax:1,SV:0,SV:1,Add:-1,LN:-1,SwiGLU:0,SwiGLU:1,Add:-1",0.00011258111526046832,0.000263372802734375,npu|decode|0|48322b0ab0207f84448cb08e6eac5594,0,sample_step,0.00011258111526046832,0.000263372802734375,0.0001507916874739067,2.339404811588819,0.0001507916874739067,2.339404811588819
weights_on_pim_prefill-1024xdecode_64_ops_trace.csv,decode,0,0,27,PIM0,pim,7,"Q:0,K:0,V:0,O:0,FFN_W1:0,FFN_W3:1,FFN_W2:0",0.0008341596964384154,5.1416000000000004e-05,pim|decode|0|1ed976c7c13cd28c472fbdb0cfd672ea,0,sample_step,0.0008341596964384154,5.1416000000000004e-05,-0.0007827436964384154,0.06163807748028253,-0.0007827436964384154,0.06163807748028253
weights_on_pim_prefill-1024xdecode_64_ops_trace.csv,decode,0,0,27,PIM1,pim,7,"Q:1,K:1,V:1,O:1,FFN_W3:0,FFN_W1:1,FFN_W2:1",0.0008341596964384154,5.1416e-05,pim|decode|0|34ccac5ef828e4730b89693f4ee70e0e,0,sample_step,0.0008341596964384154,5.1416e-05,-0.0007827436964384154,0.06163807748028252,-0.0007827436964384154,0.06163807748028252
weights_on_pim_prefill-1024xdecode_64_ops_trace.csv,decode,0,0,28,GPU0,npu,12,"LN:-1,QK:0,QK:1,Softmax:0,Softmax:1,SV:0,SV:1,Add:-1,LN:-1,SwiGLU:0,SwiGLU:1,Add:-1",0.00011258111526046832,0.000263372802734375,npu|decode|0|48322b0ab0207f84448cb08e6eac5594,0,sample_step,0.00011258111526046832,0.000263372802734375,0.0001507916874739067,2.339404811588819,0.0001507916874739067,2.339404811588819
weights_on_pim_prefill-1024xdecode_64_ops_trace.csv,decode,0,0,28,PIM0,pim,7,"Q:0,K:0,V:0,O:0,FFN_W1:0,FFN_W3:1,FFN_W2:0",0.0008341596964384154,5.1416000000000004e-05,pim|decode|0|1ed976c7c13cd28c472fbdb0cfd672ea,0,sample_step,0.0008341596964384154,5.1416000000000004e-05,-0.0007827436964384154,0.06163807748028253,-0.0007827436964384154,0.06163807748028253
weights_on_pim_prefill-1024xdecode_64_ops_trace.csv,decode,0,0,28,PIM1,pim,7,"Q:1,K:1,V:1,O:1,FFN_W3:0,FFN_W1:1,FFN_W2:1",0.0008341596964384154,5.1416e-05,pim|decode|0|34ccac5ef828e4730b89693f4ee70e0e,0,sample_step,0.0008341596964384154,5.1416e-05,-0.0007827436964384154,0.06163807748028252,-0.0007827436964384154,0.06163807748028252
weights_on_pim_prefill-1024xdecode_64_ops_trace.csv,decode,0,0,29,GPU0,npu,12,"LN:-1,QK:0,QK:1,Softmax:0,Softmax:1,SV:0,SV:1,Add:-1,LN:-1,SwiGLU:0,SwiGLU:1,Add:-1",0.00011258111526046832,0.000263372802734375,npu|decode|0|48322b0ab0207f84448cb08e6eac5594,0,sample_step,0.00011258111526046832,0.000263372802734375,0.0001507916874739067,2.339404811588819,0.0001507916874739067,2.339404811588819
weights_on_pim_prefill-1024xdecode_64_ops_trace.csv,decode,0,0,29,PIM0,pim,7,"Q:0,K:0,V:0,O:0,FFN_W1:0,FFN_W3:1,FFN_W2:0",0.0008341596964384154,5.1416000000000004e-05,pim|decode|0|1ed976c7c13cd28c472fbdb0cfd672ea,0,sample_step,0.0008341596964384154,5.1416000000000004e-05,-0.0007827436964384154,0.06163807748028253,-0.0007827436964384154,0.06163807748028253
weights_on_pim_prefill-1024xdecode_64_ops_trace.csv,decode,0,0,29,PIM1,pim,7,"Q:1,K:1,V:1,O:1,FFN_W3:0,FFN_W1:1,FFN_W2:1",0.0008341596964384154,5.1416e-05,pim|decode|0|34ccac5ef828e4730b89693f4ee70e0e,0,sample_step,0.0008341596964384154,5.1416e-05,-0.0007827436964384154,0.06163807748028252,-0.0007827436964384154,0.06163807748028252
weights_on_pim_prefill-1024xdecode_64_ops_trace.csv,decode,0,0,30,GPU0,npu,12,"LN:-1,QK:0,QK:1,Softmax:0,Softmax:1,SV:0,SV:1,Add:-1,LN:-1,SwiGLU:0,SwiGLU:1,Add:-1",0.00011258111526046832,0.000263372802734375,npu|decode|0|48322b0ab0207f84448cb08e6eac5594,0,sample_step,0.00011258111526046832,0.000263372802734375,0.0001507916874739067,2.339404811588819,0.0001507916874739067,2.339404811588819
weights_on_pim_prefill-1024xdecode_64_ops_trace.csv,decode,0,0,30,PIM0,pim,7,"Q:0,K:0,V:0,O:0,FFN_W1:0,FFN_W3:1,FFN_W2:0",0.0008341596964384154,5.1416000000000004e-05,pim|decode|0|1ed976c7c13cd28c472fbdb0cfd672ea,0,sample_step,0.0008341596964384154,5.1416000000000004e-05,-0.0007827436964384154,0.06163807748028253,-0.0007827436964384154,0.06163807748028253
weights_on_pim_prefill-1024xdecode_64_ops_trace.csv,decode,0,0,30,PIM1,pim,7,"Q:1,K:1,V:1,O:1,FFN_W3:0,FFN_W1:1,FFN_W2:1",0.0008341596964384154,5.1416e-05,pim|decode|0|34ccac5ef828e4730b89693f4ee70e0e,0,sample_step,0.0008341596964384154,5.1416e-05,-0.0007827436964384154,0.06163807748028252,-0.0007827436964384154,0.06163807748028252
weights_on_pim_prefill-1024xdecode_64_ops_trace.csv,decode,0,0,31,GPU0,npu,12,"LN:-1,QK:0,QK:1,Softmax:0,Softmax:1,SV:0,SV:1,Add:-1,LN:-1,SwiGLU:0,SwiGLU:1,Add:-1",0.00011258111526046832,0.000263372802734375,npu|decode|0|48322b0ab0207f84448cb08e6eac5594,0,sample_step,0.00011258111526046832,0.000263372802734375,0.0001507916874739067,2.339404811588819,0.0001507916874739067,2.339404811588819
weights_on_pim_prefill-1024xdecode_64_ops_trace.csv,decode,0,0,31,PIM0,pim,7,"Q:0,K:0,V:0,O:0,FFN_W1:0,FFN_W3:1,FFN_W2:0",0.0008341596964384154,5.1416000000000004e-05,pim|decode|0|1ed976c7c13cd28c472fbdb0cfd672ea,0,sample_step,0.0008341596964384154,5.1416000000000004e-05,-0.0007827436964384154,0.06163807748028253,-0.0007827436964384154,0.06163807748028253
weights_on_pim_prefill-1024xdecode_64_ops_trace.csv,decode,0,0,31,PIM1,pim,7,"Q:1,K:1,V:1,O:1,FFN_W3:0,FFN_W1:1,FFN_W2:1",0.0008341596964384154,5.1416e-05,pim|decode|0|34ccac5ef828e4730b89693f4ee70e0e,0,sample_step,0.0008341596964384154,5.1416e-05,-0.0007827436964384154,0.06163807748028252,-0.0007827436964384154,0.06163807748028252
weights_on_pim_prefill-1024xdecode_64_ops_trace.csv,decode,1,1,0,GPU0,npu,12,"LN:-1,QK:0,QK:1,Softmax:0,Softmax:1,SV:0,SV:1,Add:-1,LN:-1,SwiGLU:0,SwiGLU:1,Add:-1",0.00011258414689052643,0.0002553855895996094,npu|decode|1|48322b0ab0207f84448cb08e6eac5594,1,sample_step,0.007092801254103165,0.01608929214477539,0.00014280144270908295,2.268397431193745,0.008996490890672226,2.268397431193745
weights_on_pim_prefill-1024xdecode_64_ops_trace.csv,decode,1,1,0,PIM0,pim,7,"Q:0,K:0,V:0,O:0,FFN_W1:0,FFN_W3:1,FFN_W2:0",0.0008341596964384154,5.1416000000000004e-05,pim|decode|1|1ed976c7c13cd28c472fbdb0cfd672ea,1,sample_step,0.05255206087562017,0.0032392080000000004,-0.0007827436964384154,0.06163807748028253,-0.04931285287562017,0.06163807748028253
weights_on_pim_prefill-1024xdecode_64_ops_trace.csv,decode,1,1,0,PIM1,pim,7,"Q:1,K:1,V:1,O:1,FFN_W3:0,FFN_W1:1,FFN_W2:1",0.0008341596964384154,5.1416e-05,pim|decode|1|34ccac5ef828e4730b89693f4ee70e0e,1,sample_step,0.05255206087562017,0.003239208,-0.0007827436964384154,0.06163807748028252,-0.04931285287562017,0.06163807748028252
weights_on_pim_prefill-1024xdecode_64_ops_trace.csv,decode,1,1,1,GPU0,npu,12,"LN:-1,QK:0,QK:1,Softmax:0,Softmax:1,SV:0,SV:1,Add:-1,LN:-1,SwiGLU:0,SwiGLU:1,Add:-1",0.00011258414689052643,0.0002553855895996094,npu|decode|1|48322b0ab0207f84448cb08e6eac5594,1,sample_step,0.007092801254103165,0.01608929214477539,0.00014280144270908295,2.268397431193745,0.008996490890672226,2.268397431193745
weights_on_pim_prefill-1024xdecode_64_ops_trace.csv,decode,1,1,1,PIM0,pim,7,"Q:0,K:0,V:0,O:0,FFN_W1:0,FFN_W3:1,FFN_W2:0",0.0008341596964384154,5.1416000000000004e-05,pim|decode|1|1ed976c7c13cd28c472fbdb0cfd672ea,1,sample_step,0.05255206087562017,0.0032392080000000004,-0.0007827436964384154,0.06163807748028253,-0.04931285287562017,0.06163807748028253
weights_on_pim_prefill-1024xdecode_64_ops_trace.csv,decode,1,1,1,PIM1,pim,7,"Q:1,K:1,V:1,O:1,FFN_W3:0,FFN_W1:1,FFN_W2:1",0.0008341596964384154,5.1416e-05,pim|decode|1|34ccac5ef828e4730b89693f4ee70e0e,1,sample_step,0.05255206087562017,0.003239208,-0.0007827436964384154,0.06163807748028252,-0.04931285287562017,0.06163807748028252
weights_on_pim_prefill-1024xdecode_64_ops_trace.csv,decode,1,1,2,GPU0,npu,12,"LN:-1,QK:0,QK:1,Softmax:0,Softmax:1,SV:0,SV:1,Add:-1,LN:-1,SwiGLU:0,SwiGLU:1,Add:-1",0.00011258414689052643,0.0002553855895996094,npu|decode|1|48322b0ab0207f84448cb08e6eac5594,1,sample_step,0.007092801254103165,0.01608929214477539,0.00014280144270908295,2.268397431193745,0.008996490890672226,2.268397431193745
weights_on_pim_prefill-1024xdecode_64_ops_trace.csv,decode,1,1,2,PIM0,pim,7,"Q:0,K:0,V:0,O:0,FFN_W1:0,FFN_W3:1,FFN_W2:0",0.0008341596964384154,5.1416000000000004e-05,pim|decode|1|1ed976c7c13cd28c472fbdb0cfd672ea,1,sample_step,0.05255206087562017,0.0032392080000000004,-0.0007827436964384154,0.06163807748028253,-0.04931285287562017,0.06163807748028253
weights_on_pim_prefill-1024xdecode_64_ops_trace.csv,decode,1,1,2,PIM1,pim,7,"Q:1,K:1,V:1,O:1,FFN_W3:0,FFN_W1:1,FFN_W2:1",0.0008341596964384154,5.1416e-05,pim|decode|1|34ccac5ef828e4730b89693f4ee70e0e,1,sample_step,0.05255206087562017,0.003239208,-0.0007827436964384154,0.06163807748028252,-0.04931285287562017,0.06163807748028252
weights_on_pim_prefill-1024xdecode_64_ops_trace.csv,decode,1,1,3,GPU0,npu,12,"LN:-1,QK:0,QK:1,Softmax:0,Softmax:1,SV:0,SV:1,Add:-1,LN:-1,SwiGLU:0,SwiGLU:1,Add:-1",0.00011258414689052643,0.0002553855895996094,npu|decode|1|48322b0ab0207f84448cb08e6eac5594,1,sample_step,0.007092801254103165,0.01608929214477539,0.00014280144270908295,2.268397431193745,0.008996490890672226,2.268397431193745
weights_on_pim_prefill-1024xdecode_64_ops_trace.csv,decode,1,1,3,PIM0,pim,7,"Q:0,K:0,V:0,O:0,FFN_W1:0,FFN_W3:1,FFN_W2:0",0.0008341596964384154,5.1416000000000004e-05,pim|decode|1|1ed976c7c13cd28c472fbdb0cfd672ea,1,sample_step,0.05255206087562017,0.0032392080000000004,-0.0007827436964384154,0.06163807748028253,-0.04931285287562017,0.06163807748028253
weights_on_pim_prefill-1024xdecode_64_ops_trace.csv,decode,1,1,3,PIM1,pim,7,"Q:1,K:1,V:1,O:1,FFN_W3:0,FFN_W1:1,FFN_W2:1",0.0008341596964384154,5.1416e-05,pim|decode|1|34ccac5ef828e4730b89693f4ee70e0e,1,sample_step,0.05255206087562017,0.003239208,-0.0007827436964384154,0.06163807748028252,-0.04931285287562017,0.06163807748028252
weights_on_pim_prefill-1024xdecode_64_ops_trace.csv,decode,1,1,4,GPU0,npu,12,"LN:-1,QK:0,QK:1,Softmax:0,Softmax:1,SV:0,SV:1,Add:-1,LN:-1,SwiGLU:0,SwiGLU:1,Add:-1",0.00011258414689052643,0.0002553855895996094,npu|decode|1|48322b0ab0207f84448cb08e6eac5594,1,sample_step,0.007092801254103165,0.01608929214477539,0.00014280144270908295,2.268397431193745,0.008996490890672226,2.268397431193745
weights_on_pim_prefill-1024xdecode_64_ops_trace.csv,decode,1,1,4,PIM0,pim,7,"Q:0,K:0,V:0,O:0,FFN_W1:0,FFN_W3:1,FFN_W2:0",0.0008341596964384154,5.1416000000000004e-05,pim|decode|1|1ed976c7c13cd28c472fbdb0cfd672ea,1,sample_step,0.05255206087562017,0.0032392080000000004,-0.0007827436964384154,0.06163807748028253,-0.04931285287562017,0.06163807748028253
weights_on_pim_prefill-1024xdecode_64_ops_trace.csv,decode,1,1,4,PIM1,pim,7,"Q:1,K:1,V:1,O:1,FFN_W3:0,FFN_W1:1,FFN_W2:1",0.0008341596964384154,5.1416e-05,pim|decode|1|34ccac5ef828e4730b89693f4ee70e0e,1,sample_step,0.05255206087562017,0.003239208,-0.0007827436964384154,0.06163807748028252,-0.04931285287562017,0.06163807748028252
weights_on_pim_prefill-1024xdecode_64_ops_trace.csv,decode,1,1,5,GPU0,npu,12,"LN:-1,QK:0,QK:1,Softmax:0,Softmax:1,SV:0,SV:1,Add:-1,LN:-1,SwiGLU:0,SwiGLU:1,Add:-1",0.00011258414689052643,0.0002553855895996094,npu|decode|1|48322b0ab0207f84448cb08e6eac5594,1,sample_step,0.007092801254103165,0.01608929214477539,0.00014280144270908295,2.268397431193745,0.008996490890672226,2.268397431193745
weights_on_pim_prefill-1024xdecode_64_ops_trace.csv,decode,1,1,5,PIM0,pim,7,"Q:0,K:0,V:0,O:0,FFN_W1:0,FFN_W3:1,FFN_W2:0",0.0008341596964384154,5.1416000000000004e-05,pim|decode|1|1ed976c7c13cd28c472fbdb0cfd672ea,1,sample_step,0.05255206087562017,0.0032392080000000004,-0.0007827436964384154,0.06163807748028253,-0.04931285287562017,0.06163807748028253
weights_on_pim_prefill-1024xdecode_64_ops_trace.csv,decode,1,1,5,PIM1,pim,7,"Q:1,K:1,V:1,O:1,FFN_W3:0,FFN_W1:1,FFN_W2:1",0.0008341596964384154,5.1416e-05,pim|decode|1|34ccac5ef828e4730b89693f4ee70e0e,1,sample_step,0.05255206087562017,0.003239208,-0.0007827436964384154,0.06163807748028252,-0.04931285287562017,0.06163807748028252
weights_on_pim_prefill-1024xdecode_64_ops_trace.csv,decode,1,1,6,GPU0,npu,12,"LN:-1,QK:0,QK:1,Softmax:0,Softmax:1,SV:0,SV:1,Add:-1,LN:-1,SwiGLU:0,SwiGLU:1,Add:-1",0.00011258414689052643,0.0002553855895996094,npu|decode|1|48322b0ab0207f84448cb08e6eac5594,1,sample_step,0.007092801254103165,0.01608929214477539,0.00014280144270908295,2.268397431193745,0.008996490890672226,2.268397431193745
weights_on_pim_prefill-1024xdecode_64_ops_trace.csv,decode,1,1,6,PIM0,pim,7,"Q:0,K:0,V:0,O:0,FFN_W1:0,FFN_W3:1,FFN_W2:0",0.0008341596964384154,5.1416000000000004e-05,pim|decode|1|1ed976c7c13cd28c472fbdb0cfd672ea,1,sample_step,0.05255206087562017,0.0032392080000000004,-0.0007827436964384154,0.06163807748028253,-0.04931285287562017,0.06163807748028253
weights_on_pim_prefill-1024xdecode_64_ops_trace.csv,decode,1,1,6,PIM1,pim,7,"Q:1,K:1,V:1,O:1,FFN_W3:0,FFN_W1:1,FFN_W2:1",0.0008341596964384154,5.1416e-05,pim|decode|1|34ccac5ef828e4730b89693f4ee70e0e,1,sample_step,0.05255206087562017,0.003239208,-0.0007827436964384154,0.06163807748028252,-0.04931285287562017,0.06163807748028252
weights_on_pim_prefill-1024xdecode_64_ops_trace.csv,decode,1,1,7,GPU0,npu,12,"LN:-1,QK:0,QK:1,Softmax:0,Softmax:1,SV:0,SV:1,Add:-1,LN:-1,SwiGLU:0,SwiGLU:1,Add:-1",0.00011258414689052643,0.0002553855895996094,npu|decode|1|48322b0ab0207f84448cb08e6eac5594,1,sample_step,0.007092801254103165,0.01608929214477539,0.00014280144270908295,2.268397431193745,0.008996490890672226,2.268397431193745
weights_on_pim_prefill-1024xdecode_64_ops_trace.csv,decode,1,1,7,PIM0,pim,7,"Q:0,K:0,V:0,O:0,FFN_W1:0,FFN_W3:1,FFN_W2:0",0.0008341596964384154,5.1416000000000004e-05,pim|decode|1|1ed976c7c13cd28c472fbdb0cfd672ea,1,sample_step,0.05255206087562017,0.0032392080000000004,-0.0007827436964384154,0.06163807748028253,-0.04931285287562017,0.06163807748028253
weights_on_pim_prefill-1024xdecode_64_ops_trace.csv,decode,1,1,7,PIM1,pim,7,"Q:1,K:1,V:1,O:1,FFN_W3:0,FFN_W1:1,FFN_W2:1",0.0008341596964384154,5.1416e-05,pim|decode|1|34ccac5ef828e4730b89693f4ee70e0e,1,sample_step,0.05255206087562017,0.003239208,-0.0007827436964384154,0.06163807748028252,-0.04931285287562017,0.06163807748028252
weights_on_pim_prefill-1024xdecode_64_ops_trace.csv,decode,1,1,8,GPU0,npu,12,"LN:-1,QK:0,QK:1,Softmax:0,Softmax:1,SV:0,SV:1,Add:-1,LN:-1,SwiGLU:0,SwiGLU:1,Add:-1",0.00011258414689052643,0.0002553855895996094,npu|decode|1|48322b0ab0207f84448cb08e6eac5594,1,sample_step,0.007092801254103165,0.01608929214477539,0.00014280144270908295,2.268397431193745,0.008996490890672226,2.268397431193745
weights_on_pim_prefill-1024xdecode_64_ops_trace.csv,decode,1,1,8,PIM0,pim,7,"Q:0,K:0,V:0,O:0,FFN_W1:0,FFN_W3:1,FFN_W2:0",0.0008341596964384154,5.1416000000000004e-05,pim|decode|1|1ed976c7c13cd28c472fbdb0cfd672ea,1,sample_step,0.05255206087562017,0.0032392080000000004,-0.0007827436964384154,0.06163807748028253,-0.04931285287562017,0.06163807748028253
weights_on_pim_prefill-1024xdecode_64_ops_trace.csv,decode,1,1,8,PIM1,pim,7,"Q:1,K:1,V:1,O:1,FFN_W3:0,FFN_W1:1,FFN_W2:1",0.0008341596964384154,5.1416e-05,pim|decode|1|34ccac5ef828e4730b89693f4ee70e0e,1,sample_step,0.05255206087562017,0.003239208,-0.0007827436964384154,0.06163807748028252,-0.04931285287562017,0.06163807748028252
weights_on_pim_prefill-1024xdecode_64_ops_trace.csv,decode,1,1,9,GPU0,npu,12,"LN:-1,QK:0,QK:1,Softmax:0,Softmax:1,SV:0,SV:1,Add:-1,LN:-1,SwiGLU:0,SwiGLU:1,Add:-1",0.00011258414689052643,0.0002553855895996094,npu|decode|1|48322b0ab0207f84448cb08e6eac5594,1,sample_step,0.007092801254103165,0.01608929214477539,0.00014280144270908295,2.268397431193745,0.008996490890672226,2.268397431193745
weights_on_pim_prefill-1024xdecode_64_ops_trace.csv,decode,1,1,9,PIM0,pim,7,"Q:0,K:0,V:0,O:0,FFN_W1:0,FFN_W3:1,FFN_W2:0",0.0008341596964384154,5.1416000000000004e-05,pim|decode|1|1ed976c7c13cd28c472fbdb0cfd672ea,1,sample_step,0.05255206087562017,0.0032392080000000004,-0.0007827436964384154,0.06163807748028253,-0.04931285287562017,0.06163807748028253
weights_on_pim_prefill-1024xdecode_64_ops_trace.csv,decode,1,1,9,PIM1,pim,7,"Q:1,K:1,V:1,O:1,FFN_W3:0,FFN_W1:1,FFN_W2:1",0.0008341596964384154,5.1416e-05,pim|decode|1|34ccac5ef828e4730b89693f4ee70e0e,1,sample_step,0.05255206087562017,0.003239208,-0.0007827436964384154,0.06163807748028252,-0.04931285287562017,0.06163807748028252
weights_on_pim_prefill-1024xdecode_64_ops_trace.csv,decode,1,1,10,GPU0,npu,12,"LN:-1,QK:0,QK:1,Softmax:0,Softmax:1,SV:0,SV:1,Add:-1,LN:-1,SwiGLU:0,SwiGLU:1,Add:-1",0.00011258414689052643,0.0002553855895996094,npu|decode|1|48322b0ab0207f84448cb08e6eac5594,1,sample_step,0.007092801254103165,0.01608929214477539,0.00014280144270908295,2.268397431193745,0.008996490890672226,2.268397431193745
weights_on_pim_prefill-1024xdecode_64_ops_trace.csv,decode,1,1,10,PIM0,pim,7,"Q:0,K:0,V:0,O:0,FFN_W1:0,FFN_W3:1,FFN_W2:0",0.0008341596964384154,5.1416000000000004e-05,pim|decode|1|1ed976c7c13cd28c472fbdb0cfd672ea,1,sample_step,0.05255206087562017,0.0032392080000000004,-0.0007827436964384154,0.06163807748028253,-0.04931285287562017,0.06163807748028253
weights_on_pim_prefill-1024xdecode_64_ops_trace.csv,decode,1,1,10,PIM1,pim,7,"Q:1,K:1,V:1,O:1,FFN_W3:0,FFN_W1:1,FFN_W2:1",0.0008341596964384154,5.1416e-05,pim|decode|1|34ccac5ef828e4730b89693f4ee70e0e,1,sample_step,0.05255206087562017,0.003239208,-0.0007827436964384154,0.06163807748028252,-0.04931285287562017,0.06163807748028252
weights_on_pim_prefill-1024xdecode_64_ops_trace.csv,decode,1,1,11,GPU0,npu,12,"LN:-1,QK:0,QK:1,Softmax:0,Softmax:1,SV:0,SV:1,Add:-1,LN:-1,SwiGLU:0,SwiGLU:1,Add:-1",0.00011258414689052643,0.0002553855895996094,npu|decode|1|48322b0ab0207f84448cb08e6eac5594,1,sample_step,0.007092801254103165,0.01608929214477539,0.00014280144270908295,2.268397431193745,0.008996490890672226,2.268397431193745
weights_on_pim_prefill-1024xdecode_64_ops_trace.csv,decode,1,1,11,PIM0,pim,7,"Q:0,K:0,V:0,O:0,FFN_W1:0,FFN_W3:1,FFN_W2:0",0.0008341596964384154,5.1416000000000004e-05,pim|decode|1|1ed976c7c13cd28c472fbdb0cfd672ea,1,sample_step,0.05255206087562017,0.0032392080000000004,-0.0007827436964384154,0.06163807748028253,-0.04931285287562017,0.06163807748028253
weights_on_pim_prefill-1024xdecode_64_ops_trace.csv,decode,1,1,11,PIM1,pim,7,"Q:1,K:1,V:1,O:1,FFN_W3:0,FFN_W1:1,FFN_W2:1",0.0008341596964384154,5.1416e-05,pim|decode|1|34ccac5ef828e4730b89693f4ee70e0e,1,sample_step,0.05255206087562017,0.003239208,-0.0007827436964384154,0.06163807748028252,-0.04931285287562017,0.06163807748028252
weights_on_pim_prefill-1024xdecode_64_ops_trace.csv,decode,1,1,12,GPU0,npu,12,"LN:-1,QK:0,QK:1,Softmax:0,Softmax:1,SV:0,SV:1,Add:-1,LN:-1,SwiGLU:0,SwiGLU:1,Add:-1",0.00011258414689052643,0.0002553855895996094,npu|decode|1|48322b0ab0207f84448cb08e6eac5594,1,sample_step,0.007092801254103165,0.01608929214477539,0.00014280144270908295,2.268397431193745,0.008996490890672226,2.268397431193745
weights_on_pim_prefill-1024xdecode_64_ops_trace.csv,decode,1,1,12,PIM0,pim,7,"Q:0,K:0,V:0,O:0,FFN_W1:0,FFN_W3:1,FFN_W2:0",0.0008341596964384154,5.1416000000000004e-05,pim|decode|1|1ed976c7c13cd28c472fbdb0cfd672ea,1,sample_step,0.05255206087562017,0.0032392080000000004,-0.0007827436964384154,0.06163807748028253,-0.04931285287562017,0.06163807748028253
weights_on_pim_prefill-1024xdecode_64_ops_trace.csv,decode,1,1,12,PIM1,pim,7,"Q:1,K:1,V:1,O:1,FFN_W3:0,FFN_W1:1,FFN_W2:1",0.0008341596964384154,5.1416e-05,pim|decode|1|34ccac5ef828e4730b89693f4ee70e0e,1,sample_step,0.05255206087562017,0.003239208,-0.0007827436964384154,0.06163807748028252,-0.04931285287562017,0.06163807748028252
weights_on_pim_prefill-1024xdecode_64_ops_trace.csv,decode,1,1,13,GPU0,npu,12,"LN:-1,QK:0,QK:1,Softmax:0,Softmax:1,SV:0,SV:1,Add:-1,LN:-1,SwiGLU:0,SwiGLU:1,Add:-1",0.00011258414689052643,0.0002553855895996094,npu|decode|1|48322b0ab0207f84448cb08e6eac5594,1,sample_step,0.007092801254103165,0.01608929214477539,0.00014280144270908295,2.268397431193745,0.008996490890672226,2.268397431193745
weights_on_pim_prefill-1024xdecode_64_ops_trace.csv,decode,1,1,13,PIM0,pim,7,"Q:0,K:0,V:0,O:0,FFN_W1:0,FFN_W3:1,FFN_W2:0",0.0008341596964384154,5.1416000000000004e-05,pim|decode|1|1ed976c7c13cd28c472fbdb0cfd672ea,1,sample_step,0.05255206087562017,0.0032392080000000004,-0.0007827436964384154,0.06163807748028253,-0.04931285287562017,0.06163807748028253
weights_on_pim_prefill-1024xdecode_64_ops_trace.csv,decode,1,1,13,PIM1,pim,7,"Q:1,K:1,V:1,O:1,FFN_W3:0,FFN_W1:1,FFN_W2:1",0.0008341596964384154,5.1416e-05,pim|decode|1|34ccac5ef828e4730b89693f4ee70e0e,1,sample_step,0.05255206087562017,0.003239208,-0.0007827436964384154,0.06163807748028252,-0.04931285287562017,0.06163807748028252
weights_on_pim_prefill-1024xdecode_64_ops_trace.csv,decode,1,1,14,GPU0,npu,12,"LN:-1,QK:0,QK:1,Softmax:0,Softmax:1,SV:0,SV:1,Add:-1,LN:-1,SwiGLU:0,SwiGLU:1,Add:-1",0.00011258414689052643,0.0002553855895996094,npu|decode|1|48322b0ab0207f84448cb08e6eac5594,1,sample_step,0.007092801254103165,0.01608929214477539,0.00014280144270908295,2.268397431193745,0.008996490890672226,2.268397431193745
weights_on_pim_prefill-1024xdecode_64_ops_trace.csv,decode,1,1,14,PIM0,pim,7,"Q:0,K:0,V:0,O:0,FFN_W1:0,FFN_W3:1,FFN_W2:0",0.0008341596964384154,5.1416000000000004e-05,pim|decode|1|1ed976c7c13cd28c472fbdb0cfd672ea,1,sample_step,0.05255206087562017,0.0032392080000000004,-0.0007827436964384154,0.06163807748028253,-0.04931285287562017,0.06163807748028253
weights_on_pim_prefill-1024xdecode_64_ops_trace.csv,decode,1,1,14,PIM1,pim,7,"Q:1,K:1,V:1,O:1,FFN_W3:0,FFN_W1:1,FFN_W2:1",0.0008341596964384154,5.1416e-05,pim|decode|1|34ccac5ef828e4730b89693f4ee70e0e,1,sample_step,0.05255206087562017,0.003239208,-0.0007827436964384154,0.06163807748028252,-0.04931285287562017,0.06163807748028252
weights_on_pim_prefill-1024xdecode_64_ops_trace.csv,decode,1,1,15,GPU0,npu,12,"LN:-1,QK:0,QK:1,Softmax:0,Softmax:1,SV:0,SV:1,Add:-1,LN:-1,SwiGLU:0,SwiGLU:1,Add:-1",0.00011258414689052643,0.0002553855895996094,npu|decode|1|48322b0ab0207f84448cb08e6eac5594,1,sample_step,0.007092801254103165,0.01608929214477539,0.00014280144270908295,2.268397431193745,0.008996490890672226,2.268397431193745
weights_on_pim_prefill-1024xdecode_64_ops_trace.csv,decode,1,1,15,PIM0,pim,7,"Q:0,K:0,V:0,O:0,FFN_W1:0,FFN_W3:1,FFN_W2:0",0.0008341596964384154,5.1416000000000004e-05,pim|decode|1|1ed976c7c13cd28c472fbdb0cfd672ea,1,sample_step,0.05255206087562017,0.0032392080000000004,-0.0007827436964384154,0.06163807748028253,-0.04931285287562017,0.06163807748028253
weights_on_pim_prefill-1024xdecode_64_ops_trace.csv,decode,1,1,15,PIM1,pim,7,"Q:1,K:1,V:1,O:1,FFN_W3:0,FFN_W1:1,FFN_W2:1",0.0008341596964384154,5.1416e-05,pim|decode|1|34ccac5ef828e4730b89693f4ee70e0e,1,sample_step,0.05255206087562017,0.003239208,-0.0007827436964384154,0.06163807748028252,-0.04931285287562017,0.06163807748028252
weights_on_pim_prefill-1024xdecode_64_ops_trace.csv,decode,1,1,16,GPU0,npu,12,"LN:-1,QK:0,QK:1,Softmax:0,Softmax:1,SV:0,SV:1,Add:-1,LN:-1,SwiGLU:0,SwiGLU:1,Add:-1",0.00011258414689052643,0.0002553855895996094,npu|decode|1|48322b0ab0207f84448cb08e6eac5594,1,sample_step,0.007092801254103165,0.01608929214477539,0.00014280144270908295,2.268397431193745,0.008996490890672226,2.268397431193745
weights_on_pim_prefill-1024xdecode_64_ops_trace.csv,decode,1,1,16,PIM0,pim,7,"Q:0,K:0,V:0,O:0,FFN_W1:0,FFN_W3:1,FFN_W2:0",0.0008341596964384154,5.1416000000000004e-05,pim|decode|1|1ed976c7c13cd28c472fbdb0cfd672ea,1,sample_step,0.05255206087562017,0.0032392080000000004,-0.0007827436964384154,0.06163807748028253,-0.04931285287562017,0.06163807748028253
weights_on_pim_prefill-1024xdecode_64_ops_trace.csv,decode,1,1,16,PIM1,pim,7,"Q:1,K:1,V:1,O:1,FFN_W3:0,FFN_W1:1,FFN_W2:1",0.0008341596964384154,5.1416e-05,pim|decode|1|34ccac5ef828e4730b89693f4ee70e0e,1,sample_step,0.05255206087562017,0.003239208,-0.0007827436964384154,0.06163807748028252,-0.04931285287562017,0.06163807748028252
weights_on_pim_prefill-1024xdecode_64_ops_trace.csv,decode,1,1,17,GPU0,npu,12,"LN:-1,QK:0,QK:1,Softmax:0,Softmax:1,SV:0,SV:1,Add:-1,LN:-1,SwiGLU:0,SwiGLU:1,Add:-1",0.00011258414689052643,0.0002553855895996094,npu|decode|1|48322b0ab0207f84448cb08e6eac5594,1,sample_step,0.007092801254103165,0.01608929214477539,0.00014280144270908295,2.268397431193745,0.008996490890672226,2.268397431193745
weights_on_pim_prefill-1024xdecode_64_ops_trace.csv,decode,1,1,17,PIM0,pim,7,"Q:0,K:0,V:0,O:0,FFN_W1:0,FFN_W3:1,FFN_W2:0",0.0008341596964384154,5.1416000000000004e-05,pim|decode|1|1ed976c7c13cd28c472fbdb0cfd672ea,1,sample_step,0.05255206087562017,0.0032392080000000004,-0.0007827436964384154,0.06163807748028253,-0.04931285287562017,0.06163807748028253
weights_on_pim_prefill-1024xdecode_64_ops_trace.csv,decode,1,1,17,PIM1,pim,7,"Q:1,K:1,V:1,O:1,FFN_W3:0,FFN_W1:1,FFN_W2:1",0.0008341596964384154,5.1416e-05,pim|decode|1|34ccac5ef828e4730b89693f4ee70e0e,1,sample_step,0.05255206087562017,0.003239208,-0.0007827436964384154,0.06163807748028252,-0.04931285287562017,0.06163807748028252
weights_on_pim_prefill-1024xdecode_64_ops_trace.csv,decode,1,1,18,GPU0,npu,12,"LN:-1,QK:0,QK:1,Softmax:0,Softmax:1,SV:0,SV:1,Add:-1,LN:-1,SwiGLU:0,SwiGLU:1,Add:-1",0.00011258414689052643,0.0002553855895996094,npu|decode|1|48322b0ab0207f84448cb08e6eac5594,1,sample_step,0.007092801254103165,0.01608929214477539,0.00014280144270908295,2.268397431193745,0.008996490890672226,2.268397431193745
weights_on_pim_prefill-1024xdecode_64_ops_trace.csv,decode,1,1,18,PIM0,pim,7,"Q:0,K:0,V:0,O:0,FFN_W1:0,FFN_W3:1,FFN_W2:0",0.0008341596964384154,5.1416000000000004e-05,pim|decode|1|1ed976c7c13cd28c472fbdb0cfd672ea,1,sample_step,0.05255206087562017,0.0032392080000000004,-0.0007827436964384154,0.06163807748028253,-0.04931285287562017,0.06163807748028253
weights_on_pim_prefill-1024xdecode_64_ops_trace.csv,decode,1,1,18,PIM1,pim,7,"Q:1,K:1,V:1,O:1,FFN_W3:0,FFN_W1:1,FFN_W2:1",0.0008341596964384154,5.1416e-05,pim|decode|1|34ccac5ef828e4730b89693f4ee70e0e,1,sample_step,0.05255206087562017,0.003239208,-0.0007827436964384154,0.06163807748028252,-0.04931285287562017,0.06163807748028252
weights_on_pim_prefill-1024xdecode_64_ops_trace.csv,decode,1,1,19,GPU0,npu,12,"LN:-1,QK:0,QK:1,Softmax:0,Softmax:1,SV:0,SV:1,Add:-1,LN:-1,SwiGLU:0,SwiGLU:1,Add:-1",0.00011258414689052643,0.0002553855895996094,npu|decode|1|48322b0ab0207f84448cb08e6eac5594,1,sample_step,0.007092801254103165,0.01608929214477539,0.00014280144270908295,2.268397431193745,0.008996490890672226,2.268397431193745
weights_on_pim_prefill-1024xdecode_64_ops_trace.csv,decode,1,1,19,PIM0,pim,7,"Q:0,K:0,V:0,O:0,FFN_W1:0,FFN_W3:1,FFN_W2:0",0.0008341596964384154,5.1416000000000004e-05,pim|decode|1|1ed976c7c13cd28c472fbdb0cfd672ea,1,sample_step,0.05255206087562017,0.0032392080000000004,-0.0007827436964384154,0.06163807748028253,-0.04931285287562017,0.06163807748028253
weights_on_pim_prefill-1024xdecode_64_ops_trace.csv,decode,1,1,19,PIM1,pim,7,"Q:1,K:1,V:1,O:1,FFN_W3:0,FFN_W1:1,FFN_W2:1",0.0008341596964384154,5.1416e-05,pim|decode|1|34ccac5ef828e4730b89693f4ee70e0e,1,sample_step,0.05255206087562017,0.003239208,-0.0007827436964384154,0.06163807748028252,-0.04931285287562017,0.06163807748028252
weights_on_pim_prefill-1024xdecode_64_ops_trace.csv,decode,1,1,20,GPU0,npu,12,"LN:-1,QK:0,QK:1,Softmax:0,Softmax:1,SV:0,SV:1,Add:-1,LN:-1,SwiGLU:0,SwiGLU:1,Add:-1",0.00011258414689052643,0.0002553855895996094,npu|decode|1|48322b0ab0207f84448cb08e6eac5594,1,sample_step,0.007092801254103165,0.01608929214477539,0.00014280144270908295,2.268397431193745,0.008996490890672226,2.268397431193745
weights_on_pim_prefill-1024xdecode_64_ops_trace.csv,decode,1,1,20,PIM0,pim,7,"Q:0,K:0,V:0,O:0,FFN_W1:0,FFN_W3:1,FFN_W2:0",0.0008341596964384154,5.1416000000000004e-05,pim|decode|1|1ed976c7c13cd28c472fbdb0cfd672ea,1,sample_step,0.05255206087562017,0.0032392080000000004,-0.0007827436964384154,0.06163807748028253,-0.04931285287562017,0.06163807748028253
weights_on_pim_prefill-1024xdecode_64_ops_trace.csv,decode,1,1,20,PIM1,pim,7,"Q:1,K:1,V:1,O:1,FFN_W3:0,FFN_W1:1,FFN_W2:1",0.0008341596964384154,5.1416e-05,pim|decode|1|34ccac5ef828e4730b89693f4ee70e0e,1,sample_step,0.05255206087562017,0.003239208,-0.0007827436964384154,0.06163807748028252,-0.04931285287562017,0.06163807748028252
weights_on_pim_prefill-1024xdecode_64_ops_trace.csv,decode,1,1,21,GPU0,npu,12,"LN:-1,QK:0,QK:1,Softmax:0,Softmax:1,SV:0,SV:1,Add:-1,LN:-1,SwiGLU:0,SwiGLU:1,Add:-1",0.00011258414689052643,0.0002553855895996094,npu|decode|1|48322b0ab0207f84448cb08e6eac5594,1,sample_step,0.007092801254103165,0.01608929214477539,0.00014280144270908295,2.268397431193745,0.008996490890672226,2.268397431193745
weights_on_pim_prefill-1024xdecode_64_ops_trace.csv,decode,1,1,21,PIM0,pim,7,"Q:0,K:0,V:0,O:0,FFN_W1:0,FFN_W3:1,FFN_W2:0",0.0008341596964384154,5.1416000000000004e-05,pim|decode|1|1ed976c7c13cd28c472fbdb0cfd672ea,1,sample_step,0.05255206087562017,0.0032392080000000004,-0.0007827436964384154,0.06163807748028253,-0.04931285287562017,0.06163807748028253
weights_on_pim_prefill-1024xdecode_64_ops_trace.csv,decode,1,1,21,PIM1,pim,7,"Q:1,K:1,V:1,O:1,FFN_W3:0,FFN_W1:1,FFN_W2:1",0.0008341596964384154,5.1416e-05,pim|decode|1|34ccac5ef828e4730b89693f4ee70e0e,1,sample_step,0.05255206087562017,0.003239208,-0.0007827436964384154,0.06163807748028252,-0.04931285287562017,0.06163807748028252
weights_on_pim_prefill-1024xdecode_64_ops_trace.csv,decode,1,1,22,GPU0,npu,12,"LN:-1,QK:0,QK:1,Softmax:0,Softmax:1,SV:0,SV:1,Add:-1,LN:-1,SwiGLU:0,SwiGLU:1,Add:-1",0.00011258414689052643,0.0002553855895996094,npu|decode|1|48322b0ab0207f84448cb08e6eac5594,1,sample_step,0.007092801254103165,0.01608929214477539,0.00014280144270908295,2.268397431193745,0.008996490890672226,2.268397431193745
weights_on_pim_prefill-1024xdecode_64_ops_trace.csv,decode,1,1,22,PIM0,pim,7,"Q:0,K:0,V:0,O:0,FFN_W1:0,FFN_W3:1,FFN_W2:0",0.0008341596964384154,5.1416000000000004e-05,pim|decode|1|1ed976c7c13cd28c472fbdb0cfd672ea,1,sample_step,0.05255206087562017,0.0032392080000000004,-0.0007827436964384154,0.06163807748028253,-0.04931285287562017,0.06163807748028253
weights_on_pim_prefill-1024xdecode_64_ops_trace.csv,decode,1,1,22,PIM1,pim,7,"Q:1,K:1,V:1,O:1,FFN_W3:0,FFN_W1:1,FFN_W2:1",0.0008341596964384154,5.1416e-05,pim|decode|1|34ccac5ef828e4730b89693f4ee70e0e,1,sample_step,0.05255206087562017,0.003239208,-0.0007827436964384154,0.06163807748028252,-0.04931285287562017,0.06163807748028252
weights_on_pim_prefill-1024xdecode_64_ops_trace.csv,decode,1,1,23,GPU0,npu,12,"LN:-1,QK:0,QK:1,Softmax:0,Softmax:1,SV:0,SV:1,Add:-1,LN:-1,SwiGLU:0,SwiGLU:1,Add:-1",0.00011258414689052643,0.0002553855895996094,npu|decode|1|48322b0ab0207f84448cb08e6eac5594,1,sample_step,0.007092801254103165,0.01608929214477539,0.00014280144270908295,2.268397431193745,0.008996490890672226,2.268397431193745
weights_on_pim_prefill-1024xdecode_64_ops_trace.csv,decode,1,1,23,PIM0,pim,7,"Q:0,K:0,V:0,O:0,FFN_W1:0,FFN_W3:1,FFN_W2:0",0.0008341596964384154,5.1416000000000004e-05,pim|decode|1|1ed976c7c13cd28c472fbdb0cfd672ea,1,sample_step,0.05255206087562017,0.0032392080000000004,-0.0007827436964384154,0.06163807748028253,-0.04931285287562017,0.06163807748028253
weights_on_pim_prefill-1024xdecode_64_ops_trace.csv,decode,1,1,23,PIM1,pim,7,"Q:1,K:1,V:1,O:1,FFN_W3:0,FFN_W1:1,FFN_W2:1",0.0008341596964384154,5.1416e-05,pim|decode|1|34ccac5ef828e4730b89693f4ee70e0e,1,sample_step,0.05255206087562017,0.003239208,-0.0007827436964384154,0.06163807748028252,-0.04931285287562017,0.06163807748028252
weights_on_pim_prefill-1024xdecode_64_ops_trace.csv,decode,1,1,24,GPU0,npu,12,"LN:-1,QK:0,QK:1,Softmax:0,Softmax:1,SV:0,SV:1,Add:-1,LN:-1,SwiGLU:0,SwiGLU:1,Add:-1",0.00011258414689052643,0.0002553855895996094,npu|decode|1|48322b0ab0207f84448cb08e6eac5594,1,sample_step,0.007092801254103165,0.01608929214477539,0.00014280144270908295,2.268397431193745,0.008996490890672226,2.268397431193745
weights_on_pim_prefill-1024xdecode_64_ops_trace.csv,decode,1,1,24,PIM0,pim,7,"Q:0,K:0,V:0,O:0,FFN_W1:0,FFN_W3:1,FFN_W2:0",0.0008341596964384154,5.1416000000000004e-05,pim|decode|1|1ed976c7c13cd28c472fbdb0cfd672ea,1,sample_step,0.05255206087562017,0.0032392080000000004,-0.0007827436964384154,0.06163807748028253,-0.04931285287562017,0.06163807748028253
weights_on_pim_prefill-1024xdecode_64_ops_trace.csv,decode,1,1,24,PIM1,pim,7,"Q:1,K:1,V:1,O:1,FFN_W3:0,FFN_W1:1,FFN_W2:1",0.0008341596964384154,5.1416e-05,pim|decode|1|34ccac5ef828e4730b89693f4ee70e0e,1,sample_step,0.05255206087562017,0.003239208,-0.0007827436964384154,0.06163807748028252,-0.04931285287562017,0.06163807748028252
weights_on_pim_prefill-1024xdecode_64_ops_trace.csv,decode,1,1,25,GPU0,npu,12,"LN:-1,QK:0,QK:1,Softmax:0,Softmax:1,SV:0,SV:1,Add:-1,LN:-1,SwiGLU:0,SwiGLU:1,Add:-1",0.00011258414689052643,0.0002553855895996094,npu|decode|1|48322b0ab0207f84448cb08e6eac5594,1,sample_step,0.007092801254103165,0.01608929214477539,0.00014280144270908295,2.268397431193745,0.008996490890672226,2.268397431193745
weights_on_pim_prefill-1024xdecode_64_ops_trace.csv,decode,1,1,25,PIM0,pim,7,"Q:0,K:0,V:0,O:0,FFN_W1:0,FFN_W3:1,FFN_W2:0",0.0008341596964384154,5.1416000000000004e-05,pim|decode|1|1ed976c7c13cd28c472fbdb0cfd672ea,1,sample_step,0.05255206087562017,0.0032392080000000004,-0.0007827436964384154,0.06163807748028253,-0.04931285287562017,0.06163807748028253
weights_on_pim_prefill-1024xdecode_64_ops_trace.csv,decode,1,1,25,PIM1,pim,7,"Q:1,K:1,V:1,O:1,FFN_W3:0,FFN_W1:1,FFN_W2:1",0.0008341596964384154,5.1416e-05,pim|decode|1|34ccac5ef828e4730b89693f4ee70e0e,1,sample_step,0.05255206087562017,0.003239208,-0.0007827436964384154,0.06163807748028252,-0.04931285287562017,0.06163807748028252
weights_on_pim_prefill-1024xdecode_64_ops_trace.csv,decode,1,1,26,GPU0,npu,12,"LN:-1,QK:0,QK:1,Softmax:0,Softmax:1,SV:0,SV:1,Add:-1,LN:-1,SwiGLU:0,SwiGLU:1,Add:-1",0.00011258414689052643,0.0002553855895996094,npu|decode|1|48322b0ab0207f84448cb08e6eac5594,1,sample_step,0.007092801254103165,0.01608929214477539,0.00014280144270908295,2.268397431193745,0.008996490890672226,2.268397431193745
weights_on_pim_prefill-1024xdecode_64_ops_trace.csv,decode,1,1,26,PIM0,pim,7,"Q:0,K:0,V:0,O:0,FFN_W1:0,FFN_W3:1,FFN_W2:0",0.0008341596964384154,5.1416000000000004e-05,pim|decode|1|1ed976c7c13cd28c472fbdb0cfd672ea,1,sample_step,0.05255206087562017,0.0032392080000000004,-0.0007827436964384154,0.06163807748028253,-0.04931285287562017,0.06163807748028253
weights_on_pim_prefill-1024xdecode_64_ops_trace.csv,decode,1,1,26,PIM1,pim,7,"Q:1,K:1,V:1,O:1,FFN_W3:0,FFN_W1:1,FFN_W2:1",0.0008341596964384154,5.1416e-05,pim|decode|1|34ccac5ef828e4730b89693f4ee70e0e,1,sample_step,0.05255206087562017,0.003239208,-0.0007827436964384154,0.06163807748028252,-0.04931285287562017,0.06163807748028252
weights_on_pim_prefill-1024xdecode_64_ops_trace.csv,decode,1,1,27,GPU0,npu,12,"LN:-1,QK:0,QK:1,Softmax:0,Softmax:1,SV:0,SV:1,Add:-1,LN:-1,SwiGLU:0,SwiGLU:1,Add:-1",0.00011258414689052643,0.0002553855895996094,npu|decode|1|48322b0ab0207f84448cb08e6eac5594,1,sample_step,0.007092801254103165,0.01608929214477539,0.00014280144270908295,2.268397431193745,0.008996490890672226,2.268397431193745
weights_on_pim_prefill-1024xdecode_64_ops_trace.csv,decode,1,1,27,PIM0,pim,7,"Q:0,K:0,V:0,O:0,FFN_W1:0,FFN_W3:1,FFN_W2:0",0.0008341596964384154,5.1416000000000004e-05,pim|decode|1|1ed976c7c13cd28c472fbdb0cfd672ea,1,sample_step,0.05255206087562017,0.0032392080000000004,-0.0007827436964384154,0.06163807748028253,-0.04931285287562017,0.06163807748028253
weights_on_pim_prefill-1024xdecode_64_ops_trace.csv,decode,1,1,27,PIM1,pim,7,"Q:1,K:1,V:1,O:1,FFN_W3:0,FFN_W1:1,FFN_W2:1",0.0008341596964384154,5.1416e-05,pim|decode|1|34ccac5ef828e4730b89693f4ee70e0e,1,sample_step,0.05255206087562017,0.003239208,-0.0007827436964384154,0.06163807748028252,-0.04931285287562017,0.06163807748028252
weights_on_pim_prefill-1024xdecode_64_ops_trace.csv,decode,1,1,28,GPU0,npu,12,"LN:-1,QK:0,QK:1,Softmax:0,Softmax:1,SV:0,SV:1,Add:-1,LN:-1,SwiGLU:0,SwiGLU:1,Add:-1",0.00011258414689052643,0.0002553855895996094,npu|decode|1|48322b0ab0207f84448cb08e6eac5594,1,sample_step,0.007092801254103165,0.01608929214477539,0.00014280144270908295,2.268397431193745,0.008996490890672226,2.268397431193745
weights_on_pim_prefill-1024xdecode_64_ops_trace.csv,decode,1,1,28,PIM0,pim,7,"Q:0,K:0,V:0,O:0,FFN_W1:0,FFN_W3:1,FFN_W2:0",0.0008341596964384154,5.1416000000000004e-05,pim|decode|1|1ed976c7c13cd28c472fbdb0cfd672ea,1,sample_step,0.05255206087562017,0.0032392080000000004,-0.0007827436964384154,0.06163807748028253,-0.04931285287562017,0.06163807748028253
weights_on_pim_prefill-1024xdecode_64_ops_trace.csv,decode,1,1,28,PIM1,pim,7,"Q:1,K:1,V:1,O:1,FFN_W3:0,FFN_W1:1,FFN_W2:1",0.0008341596964384154,5.1416e-05,pim|decode|1|34ccac5ef828e4730b89693f4ee70e0e,1,sample_step,0.05255206087562017,0.003239208,-0.0007827436964384154,0.06163807748028252,-0.04931285287562017,0.06163807748028252
weights_on_pim_prefill-1024xdecode_64_ops_trace.csv,decode,1,1,29,GPU0,npu,12,"LN:-1,QK:0,QK:1,Softmax:0,Softmax:1,SV:0,SV:1,Add:-1,LN:-1,SwiGLU:0,SwiGLU:1,Add:-1",0.00011258414689052643,0.0002553855895996094,npu|decode|1|48322b0ab0207f84448cb08e6eac5594,1,sample_step,0.007092801254103165,0.01608929214477539,0.00014280144270908295,2.268397431193745,0.008996490890672226,2.268397431193745
weights_on_pim_prefill-1024xdecode_64_ops_trace.csv,decode,1,1,29,PIM0,pim,7,"Q:0,K:0,V:0,O:0,FFN_W1:0,FFN_W3:1,FFN_W2:0",0.0008341596964384154,5.1416000000000004e-05,pim|decode|1|1ed976c7c13cd28c472fbdb0cfd672ea,1,sample_step,0.05255206087562017,0.0032392080000000004,-0.0007827436964384154,0.06163807748028253,-0.04931285287562017,0.06163807748028253
weights_on_pim_prefill-1024xdecode_64_ops_trace.csv,decode,1,1,29,PIM1,pim,7,"Q:1,K:1,V:1,O:1,FFN_W3:0,FFN_W1:1,FFN_W2:1",0.0008341596964384154,5.1416e-05,pim|decode|1|34ccac5ef828e4730b89693f4ee70e0e,1,sample_step,0.05255206087562017,0.003239208,-0.0007827436964384154,0.06163807748028252,-0.04931285287562017,0.06163807748028252
weights_on_pim_prefill-1024xdecode_64_ops_trace.csv,decode,1,1,30,GPU0,npu,12,"LN:-1,QK:0,QK:1,Softmax:0,Softmax:1,SV:0,SV:1,Add:-1,LN:-1,SwiGLU:0,SwiGLU:1,Add:-1",0.00011258414689052643,0.0002553855895996094,npu|decode|1|48322b0ab0207f84448cb08e6eac5594,1,sample_step,0.007092801254103165,0.01608929214477539,0.00014280144270908295,2.268397431193745,0.008996490890672226,2.268397431193745
weights_on_pim_prefill-1024xdecode_64_ops_trace.csv,decode,1,1,30,PIM0,pim,7,"Q:0,K:0,V:0,O:0,FFN_W1:0,FFN_W3:1,FFN_W2:0",0.0008341596964384154,5.1416000000000004e-05,pim|decode|1|1ed976c7c13cd28c472fbdb0cfd672ea,1,sample_step,0.05255206087562017,0.0032392080000000004,-0.0007827436964384154,0.06163807748028253,-0.04931285287562017,0.06163807748028253
weights_on_pim_prefill-1024xdecode_64_ops_trace.csv,decode,1,1,30,PIM1,pim,7,"Q:1,K:1,V:1,O:1,FFN_W3:0,FFN_W1:1,FFN_W2:1",0.0008341596964384154,5.1416e-05,pim|decode|1|34ccac5ef828e4730b89693f4ee70e0e,1,sample_step,0.05255206087562017,0.003239208,-0.0007827436964384154,0.06163807748028252,-0.04931285287562017,0.06163807748028252
weights_on_pim_prefill-1024xdecode_64_ops_trace.csv,decode,1,1,31,GPU0,npu,12,"LN:-1,QK:0,QK:1,Softmax:0,Softmax:1,SV:0,SV:1,Add:-1,LN:-1,SwiGLU:0,SwiGLU:1,Add:-1",0.00011258414689052643,0.0002553855895996094,npu|decode|1|48322b0ab0207f84448cb08e6eac5594,1,sample_step,0.007092801254103165,0.01608929214477539,0.00014280144270908295,2.268397431193745,0.008996490890672226,2.268397431193745
weights_on_pim_prefill-1024xdecode_64_ops_trace.csv,decode,1,1,31,PIM0,pim,7,"Q:0,K:0,V:0,O:0,FFN_W1:0,FFN_W3:1,FFN_W2:0",0.0008341596964384154,5.1416000000000004e-05,pim|decode|1|1ed976c7c13cd28c472fbdb0cfd672ea,1,sample_step,0.05255206087562017,0.0032392080000000004,-0.0007827436964384154,0.06163807748028253,-0.04931285287562017,0.06163807748028253
weights_on_pim_prefill-1024xdecode_64_ops_trace.csv,decode,1,1,31,PIM1,pim,7,"Q:1,K:1,V:1,O:1,FFN_W3:0,FFN_W1:1,FFN_W2:1",0.0008341596964384154,5.1416e-05,pim|decode|1|34ccac5ef828e4730b89693f4ee70e0e,1,sample_step,0.05255206087562017,0.003239208,-0.0007827436964384154,0.06163807748028252,-0.04931285287562017,0.06163807748028252
