schedule,phase,sample_step,token_index,layer,device,device_type,n_ops,ops_repr,schedule_sum_s,measured_s,measured_key,measured_step,measured_mode,schedule_sum_scaled_s,measured_scaled_s,delta_s,ratio,delta_scaled_s,ratio_scaled
heft_prefill-1024xdecode_256_ops_trace.csv,prefill,-1,-1,0,GPU0,npu,25,"LN:-1,Q:0,Q:1,K:0,K:1,V:0,V:1,QK:0,QK:1,Softmax:0,Softmax:1,SV:0,SV:1,O:0,O:1,Add:-1,LN:-1,FFN_W1:0,FFN_W3:0,FFN_W1:1,FFN_W3:1,SwiGLU:1,FFN_W2:0,FFN_W2:1,Add:-1",0.0262371208606888,0.004167987060546875,npu|prefill|-1|2a331687201a3abf6e73ab65b42cfdd2,-1,sample_step,0.0262371208606888,0.004167987060546875,-0.022069133800141926,0.15885840076270677,-0.022069133800141926,0.15885840076270677
heft_prefill-1024xdecode_256_ops_trace.csv,prefill,-1,-1,0,PIM0,pim,1,SwiGLU:0,0.002060288,0.000515072,pim|prefill|-1|09fa0d473c03d2ded15b4a74881ced42,-1,sample_step,0.002060288,0.000515072,-0.0015452159999999999,0.25,-0.0015452159999999999,0.25
heft_prefill-1024xdecode_256_ops_trace.csv,prefill,-1,-1,1,GPU0,npu,25,"LN:-1,Q:0,Q:1,K:0,K:1,V:0,V:1,QK:0,QK:1,Softmax:0,Softmax:1,SV:0,SV:1,O:0,O:1,Add:-1,LN:-1,FFN_W1:0,FFN_W3:0,FFN_W1:1,FFN_W3:1,SwiGLU:1,FFN_W2:0,FFN_W2:1,Add:-1",0.026237120860688995,0.004167987060546875,npu|prefill|-1|2a331687201a3abf6e73ab65b42cfdd2,-1,sample_step,0.026237120860688995,0.004167987060546875,-0.02206913380014212,0.1588584007627056,-0.02206913380014212,0.1588584007627056
heft_prefill-1024xdecode_256_ops_trace.csv,prefill,-1,-1,1,PIM0,pim,1,SwiGLU:0,0.002060288,0.000515072,pim|prefill|-1|09fa0d473c03d2ded15b4a74881ced42,-1,sample_step,0.002060288,0.000515072,-0.0015452159999999999,0.25,-0.0015452159999999999,0.25
heft_prefill-1024xdecode_256_ops_trace.csv,prefill,-1,-1,2,GPU0,npu,25,"LN:-1,Q:0,Q:1,K:0,K:1,V:0,V:1,QK:0,QK:1,Softmax:0,Softmax:1,SV:0,SV:1,O:0,O:1,Add:-1,LN:-1,FFN_W1:0,FFN_W3:0,FFN_W1:1,FFN_W3:1,SwiGLU:1,FFN_W2:0,FFN_W2:1,Add:-1",0.026237120860689002,0.004167987060546875,npu|prefill|-1|2a331687201a3abf6e73ab65b42cfdd2,-1,sample_step,0.026237120860689002,0.004167987060546875,-0.022069133800142127,0.15885840076270555,-0.022069133800142127,0.15885840076270555
heft_prefill-1024xdecode_256_ops_trace.csv,prefill,-1,-1,2,PIM0,pim,1,SwiGLU:0,0.0020602879999999,0.000515072,pim|prefill|-1|09fa0d473c03d2ded15b4a74881ced42,-1,sample_step,0.0020602879999999,0.000515072,-0.0015452159999999001,0.2500000000000121,-0.0015452159999999001,0.2500000000000121
heft_prefill-1024xdecode_256_ops_trace.csv,prefill,-1,-1,3,GPU0,npu,25,"LN:-1,Q:0,Q:1,K:0,K:1,V:0,V:1,QK:0,QK:1,Softmax:0,Softmax:1,SV:0,SV:1,O:0,O:1,Add:-1,LN:-1,FFN_W1:0,FFN_W3:0,FFN_W1:1,FFN_W3:1,SwiGLU:1,FFN_W2:0,FFN_W2:1,Add:-1",0.026237120860688988,0.004167987060546875,npu|prefill|-1|2a331687201a3abf6e73ab65b42cfdd2,-1,sample_step,0.026237120860688988,0.004167987060546875,-0.022069133800142113,0.15885840076270563,-0.022069133800142113,0.15885840076270563
heft_prefill-1024xdecode_256_ops_trace.csv,prefill,-1,-1,3,PIM0,pim,1,SwiGLU:0,0.0020602879999999,0.000515072,pim|prefill|-1|09fa0d473c03d2ded15b4a74881ced42,-1,sample_step,0.0020602879999999,0.000515072,-0.0015452159999999001,0.2500000000000121,-0.0015452159999999001,0.2500000000000121
heft_prefill-1024xdecode_256_ops_trace.csv,prefill,-1,-1,4,GPU0,npu,25,"LN:-1,Q:0,Q:1,K:0,K:1,V:0,V:1,QK:0,QK:1,Softmax:0,Softmax:1,SV:0,SV:1,O:0,O:1,Add:-1,LN:-1,FFN_W1:0,FFN_W3:0,FFN_W1:1,FFN_W3:1,SwiGLU:1,FFN_W2:0,FFN_W2:1,Add:-1",0.026237120860688974,0.004167987060546875,npu|prefill|-1|2a331687201a3abf6e73ab65b42cfdd2,-1,sample_step,0.026237120860688974,0.004167987060546875,-0.0220691338001421,0.15885840076270571,-0.0220691338001421,0.15885840076270571
heft_prefill-1024xdecode_256_ops_trace.csv,prefill,-1,-1,4,PIM0,pim,1,SwiGLU:0,0.0020602879999999,0.000515072,pim|prefill|-1|09fa0d473c03d2ded15b4a74881ced42,-1,sample_step,0.0020602879999999,0.000515072,-0.0015452159999999001,0.2500000000000121,-0.0015452159999999001,0.2500000000000121
heft_prefill-1024xdecode_256_ops_trace.csv,prefill,-1,-1,5,GPU0,npu,25,"LN:-1,Q:0,Q:1,K:0,K:1,V:0,V:1,QK:0,QK:1,Softmax:0,Softmax:1,SV:0,SV:1,O:0,O:1,Add:-1,LN:-1,FFN_W1:0,FFN_W3:0,FFN_W1:1,FFN_W3:1,SwiGLU:1,FFN_W2:0,FFN_W2:1,Add:-1",0.026237120860688974,0.004167987060546875,npu|prefill|-1|2a331687201a3abf6e73ab65b42cfdd2,-1,sample_step,0.026237120860688974,0.004167987060546875,-0.0220691338001421,0.15885840076270571,-0.0220691338001421,0.15885840076270571
heft_prefill-1024xdecode_256_ops_trace.csv,prefill,-1,-1,5,PIM0,pim,1,SwiGLU:0,0.0020602879999999,0.000515072,pim|prefill|-1|09fa0d473c03d2ded15b4a74881ced42,-1,sample_step,0.0020602879999999,0.000515072,-0.0015452159999999001,0.2500000000000121,-0.0015452159999999001,0.2500000000000121
heft_prefill-1024xdecode_256_ops_trace.csv,prefill,-1,-1,6,GPU0,npu,25,"LN:-1,Q:0,Q:1,K:0,K:1,V:0,V:1,QK:0,QK:1,Softmax:0,Softmax:1,SV:0,SV:1,O:0,O:1,Add:-1,LN:-1,FFN_W1:0,FFN_W3:0,FFN_W1:1,FFN_W3:1,SwiGLU:1,FFN_W2:0,FFN_W2:1,Add:-1",0.026237120860688974,0.004167987060546875,npu|prefill|-1|2a331687201a3abf6e73ab65b42cfdd2,-1,sample_step,0.026237120860688974,0.004167987060546875,-0.0220691338001421,0.15885840076270571,-0.0220691338001421,0.15885840076270571
heft_prefill-1024xdecode_256_ops_trace.csv,prefill,-1,-1,6,PIM0,pim,1,SwiGLU:0,0.0020602879999999,0.000515072,pim|prefill|-1|09fa0d473c03d2ded15b4a74881ced42,-1,sample_step,0.0020602879999999,0.000515072,-0.0015452159999999001,0.2500000000000121,-0.0015452159999999001,0.2500000000000121
heft_prefill-1024xdecode_256_ops_trace.csv,prefill,-1,-1,7,GPU0,npu,25,"LN:-1,Q:0,Q:1,K:0,K:1,V:0,V:1,QK:0,QK:1,Softmax:0,Softmax:1,SV:0,SV:1,O:0,O:1,Add:-1,LN:-1,FFN_W1:0,FFN_W3:0,FFN_W1:1,FFN_W3:1,SwiGLU:1,FFN_W2:0,FFN_W2:1,Add:-1",0.026237120860688974,0.004167987060546875,npu|prefill|-1|2a331687201a3abf6e73ab65b42cfdd2,-1,sample_step,0.026237120860688974,0.004167987060546875,-0.0220691338001421,0.15885840076270571,-0.0220691338001421,0.15885840076270571
heft_prefill-1024xdecode_256_ops_trace.csv,prefill,-1,-1,7,PIM0,pim,1,SwiGLU:0,0.0020602879999999,0.000515072,pim|prefill|-1|09fa0d473c03d2ded15b4a74881ced42,-1,sample_step,0.0020602879999999,0.000515072,-0.0015452159999999001,0.2500000000000121,-0.0015452159999999001,0.2500000000000121
heft_prefill-1024xdecode_256_ops_trace.csv,prefill,-1,-1,8,GPU0,npu,25,"LN:-1,Q:0,Q:1,K:0,K:1,V:0,V:1,QK:0,QK:1,Softmax:0,Softmax:1,SV:0,SV:1,O:0,O:1,Add:-1,LN:-1,FFN_W1:0,FFN_W3:0,FFN_W1:1,FFN_W3:1,SwiGLU:1,FFN_W2:0,FFN_W2:1,Add:-1",0.026237120860688946,0.004167987060546875,npu|prefill|-1|2a331687201a3abf6e73ab65b42cfdd2,-1,sample_step,0.026237120860688946,0.004167987060546875,-0.022069133800142072,0.15885840076270588,-0.022069133800142072,0.15885840076270588
heft_prefill-1024xdecode_256_ops_trace.csv,prefill,-1,-1,8,PIM0,pim,1,SwiGLU:0,0.0020602879999999,0.000515072,pim|prefill|-1|09fa0d473c03d2ded15b4a74881ced42,-1,sample_step,0.0020602879999999,0.000515072,-0.0015452159999999001,0.2500000000000121,-0.0015452159999999001,0.2500000000000121
heft_prefill-1024xdecode_256_ops_trace.csv,prefill,-1,-1,9,GPU0,npu,25,"LN:-1,Q:0,Q:1,K:0,K:1,V:0,V:1,QK:0,QK:1,Softmax:0,Softmax:1,SV:0,SV:1,O:0,O:1,Add:-1,LN:-1,FFN_W1:0,FFN_W3:0,FFN_W1:1,FFN_W3:1,SwiGLU:1,FFN_W2:0,FFN_W2:1,Add:-1",0.026237120860688915,0.004167987060546875,npu|prefill|-1|2a331687201a3abf6e73ab65b42cfdd2,-1,sample_step,0.026237120860688915,0.004167987060546875,-0.02206913380014204,0.15885840076270608,-0.02206913380014204,0.15885840076270608
heft_prefill-1024xdecode_256_ops_trace.csv,prefill,-1,-1,9,PIM0,pim,1,SwiGLU:0,0.002060288,0.000515072,pim|prefill|-1|09fa0d473c03d2ded15b4a74881ced42,-1,sample_step,0.002060288,0.000515072,-0.0015452159999999999,0.25,-0.0015452159999999999,0.25
heft_prefill-1024xdecode_256_ops_trace.csv,prefill,-1,-1,10,GPU0,npu,25,"LN:-1,Q:0,Q:1,K:0,K:1,V:0,V:1,QK:0,QK:1,Softmax:0,Softmax:1,SV:0,SV:1,O:0,O:1,Add:-1,LN:-1,FFN_W1:0,FFN_W3:0,FFN_W1:1,FFN_W3:1,SwiGLU:1,FFN_W2:0,FFN_W2:1,Add:-1",0.026237120860688915,0.004167987060546875,npu|prefill|-1|2a331687201a3abf6e73ab65b42cfdd2,-1,sample_step,0.026237120860688915,0.004167987060546875,-0.02206913380014204,0.15885840076270608,-0.02206913380014204,0.15885840076270608
heft_prefill-1024xdecode_256_ops_trace.csv,prefill,-1,-1,10,PIM0,pim,1,SwiGLU:0,0.002060288,0.000515072,pim|prefill|-1|09fa0d473c03d2ded15b4a74881ced42,-1,sample_step,0.002060288,0.000515072,-0.0015452159999999999,0.25,-0.0015452159999999999,0.25
heft_prefill-1024xdecode_256_ops_trace.csv,prefill,-1,-1,11,GPU0,npu,25,"LN:-1,Q:0,Q:1,K:0,K:1,V:0,V:1,QK:0,QK:1,Softmax:0,Softmax:1,SV:0,SV:1,O:0,O:1,Add:-1,LN:-1,FFN_W1:0,FFN_W3:0,FFN_W1:1,FFN_W3:1,SwiGLU:1,FFN_W2:0,FFN_W2:1,Add:-1",0.026237120860688915,0.004167987060546875,npu|prefill|-1|2a331687201a3abf6e73ab65b42cfdd2,-1,sample_step,0.026237120860688915,0.004167987060546875,-0.02206913380014204,0.15885840076270608,-0.02206913380014204,0.15885840076270608
heft_prefill-1024xdecode_256_ops_trace.csv,prefill,-1,-1,11,PIM0,pim,1,SwiGLU:0,0.002060288,0.000515072,pim|prefill|-1|09fa0d473c03d2ded15b4a74881ced42,-1,sample_step,0.002060288,0.000515072,-0.0015452159999999999,0.25,-0.0015452159999999999,0.25
heft_prefill-1024xdecode_256_ops_trace.csv,prefill,-1,-1,12,GPU0,npu,25,"LN:-1,Q:0,Q:1,K:0,K:1,V:0,V:1,QK:0,QK:1,Softmax:0,Softmax:1,SV:0,SV:1,O:0,O:1,Add:-1,LN:-1,FFN_W1:0,FFN_W3:0,FFN_W1:1,FFN_W3:1,SwiGLU:1,FFN_W2:0,FFN_W2:1,Add:-1",0.026237120860688915,0.004167987060546875,npu|prefill|-1|2a331687201a3abf6e73ab65b42cfdd2,-1,sample_step,0.026237120860688915,0.004167987060546875,-0.02206913380014204,0.15885840076270608,-0.02206913380014204,0.15885840076270608
heft_prefill-1024xdecode_256_ops_trace.csv,prefill,-1,-1,12,PIM0,pim,1,SwiGLU:0,0.002060288,0.000515072,pim|prefill|-1|09fa0d473c03d2ded15b4a74881ced42,-1,sample_step,0.002060288,0.000515072,-0.0015452159999999999,0.25,-0.0015452159999999999,0.25
heft_prefill-1024xdecode_256_ops_trace.csv,prefill,-1,-1,13,GPU0,npu,25,"LN:-1,Q:0,Q:1,K:0,K:1,V:0,V:1,QK:0,QK:1,Softmax:0,Softmax:1,SV:0,SV:1,O:0,O:1,Add:-1,LN:-1,FFN_W1:0,FFN_W3:0,FFN_W1:1,FFN_W3:1,SwiGLU:1,FFN_W2:0,FFN_W2:1,Add:-1",0.026237120860688915,0.004167987060546875,npu|prefill|-1|2a331687201a3abf6e73ab65b42cfdd2,-1,sample_step,0.026237120860688915,0.004167987060546875,-0.02206913380014204,0.15885840076270608,-0.02206913380014204,0.15885840076270608
heft_prefill-1024xdecode_256_ops_trace.csv,prefill,-1,-1,13,PIM0,pim,1,SwiGLU:0,0.002060288,0.000515072,pim|prefill|-1|09fa0d473c03d2ded15b4a74881ced42,-1,sample_step,0.002060288,0.000515072,-0.0015452159999999999,0.25,-0.0015452159999999999,0.25
heft_prefill-1024xdecode_256_ops_trace.csv,prefill,-1,-1,14,GPU0,npu,25,"LN:-1,Q:0,Q:1,K:0,K:1,V:0,V:1,QK:0,QK:1,Softmax:0,Softmax:1,SV:0,SV:1,O:0,O:1,Add:-1,LN:-1,FFN_W1:0,FFN_W3:0,FFN_W1:1,FFN_W3:1,SwiGLU:1,FFN_W2:0,FFN_W2:1,Add:-1",0.026237120860688915,0.004167987060546875,npu|prefill|-1|2a331687201a3abf6e73ab65b42cfdd2,-1,sample_step,0.026237120860688915,0.004167987060546875,-0.02206913380014204,0.15885840076270608,-0.02206913380014204,0.15885840076270608
heft_prefill-1024xdecode_256_ops_trace.csv,prefill,-1,-1,14,PIM0,pim,1,SwiGLU:0,0.002060288,0.000515072,pim|prefill|-1|09fa0d473c03d2ded15b4a74881ced42,-1,sample_step,0.002060288,0.000515072,-0.0015452159999999999,0.25,-0.0015452159999999999,0.25
heft_prefill-1024xdecode_256_ops_trace.csv,prefill,-1,-1,15,GPU0,npu,25,"LN:-1,Q:0,Q:1,K:0,K:1,V:0,V:1,QK:0,QK:1,Softmax:0,Softmax:1,SV:0,SV:1,O:0,O:1,Add:-1,LN:-1,FFN_W1:0,FFN_W3:0,FFN_W1:1,FFN_W3:1,SwiGLU:1,FFN_W2:0,FFN_W2:1,Add:-1",0.026237120860688915,0.004167987060546875,npu|prefill|-1|2a331687201a3abf6e73ab65b42cfdd2,-1,sample_step,0.026237120860688915,0.004167987060546875,-0.02206913380014204,0.15885840076270608,-0.02206913380014204,0.15885840076270608
heft_prefill-1024xdecode_256_ops_trace.csv,prefill,-1,-1,15,PIM0,pim,1,SwiGLU:0,0.002060288,0.000515072,pim|prefill|-1|09fa0d473c03d2ded15b4a74881ced42,-1,sample_step,0.002060288,0.000515072,-0.0015452159999999999,0.25,-0.0015452159999999999,0.25
heft_prefill-1024xdecode_256_ops_trace.csv,prefill,-1,-1,16,GPU0,npu,25,"LN:-1,Q:0,Q:1,K:0,K:1,V:0,V:1,QK:0,QK:1,Softmax:0,Softmax:1,SV:0,SV:1,O:0,O:1,Add:-1,LN:-1,FFN_W1:0,FFN_W3:0,FFN_W1:1,FFN_W3:1,SwiGLU:1,FFN_W2:0,FFN_W2:1,Add:-1",0.026237120860688915,0.004167987060546875,npu|prefill|-1|2a331687201a3abf6e73ab65b42cfdd2,-1,sample_step,0.026237120860688915,0.004167987060546875,-0.02206913380014204,0.15885840076270608,-0.02206913380014204,0.15885840076270608
heft_prefill-1024xdecode_256_ops_trace.csv,prefill,-1,-1,16,PIM0,pim,1,SwiGLU:0,0.002060288,0.000515072,pim|prefill|-1|09fa0d473c03d2ded15b4a74881ced42,-1,sample_step,0.002060288,0.000515072,-0.0015452159999999999,0.25,-0.0015452159999999999,0.25
heft_prefill-1024xdecode_256_ops_trace.csv,prefill,-1,-1,17,GPU0,npu,25,"LN:-1,Q:0,Q:1,K:0,K:1,V:0,V:1,QK:0,QK:1,Softmax:0,Softmax:1,SV:0,SV:1,O:0,O:1,Add:-1,LN:-1,FFN_W1:0,FFN_W3:0,FFN_W1:1,FFN_W3:1,SwiGLU:1,FFN_W2:0,FFN_W2:1,Add:-1",0.02623712086068886,0.004167987060546875,npu|prefill|-1|2a331687201a3abf6e73ab65b42cfdd2,-1,sample_step,0.02623712086068886,0.004167987060546875,-0.022069133800141985,0.1588584007627064,-0.022069133800141985,0.1588584007627064
heft_prefill-1024xdecode_256_ops_trace.csv,prefill,-1,-1,17,PIM0,pim,1,SwiGLU:0,0.002060288,0.000515072,pim|prefill|-1|09fa0d473c03d2ded15b4a74881ced42,-1,sample_step,0.002060288,0.000515072,-0.0015452159999999999,0.25,-0.0015452159999999999,0.25
heft_prefill-1024xdecode_256_ops_trace.csv,prefill,-1,-1,18,GPU0,npu,25,"LN:-1,Q:0,Q:1,K:0,K:1,V:0,V:1,QK:0,QK:1,Softmax:0,Softmax:1,SV:0,SV:1,O:0,O:1,Add:-1,LN:-1,FFN_W1:0,FFN_W3:0,FFN_W1:1,FFN_W3:1,SwiGLU:1,FFN_W2:0,FFN_W2:1,Add:-1",0.02623712086068886,0.004167987060546875,npu|prefill|-1|2a331687201a3abf6e73ab65b42cfdd2,-1,sample_step,0.02623712086068886,0.004167987060546875,-0.022069133800141985,0.1588584007627064,-0.022069133800141985,0.1588584007627064
heft_prefill-1024xdecode_256_ops_trace.csv,prefill,-1,-1,18,PIM0,pim,1,SwiGLU:0,0.002060288,0.000515072,pim|prefill|-1|09fa0d473c03d2ded15b4a74881ced42,-1,sample_step,0.002060288,0.000515072,-0.0015452159999999999,0.25,-0.0015452159999999999,0.25
heft_prefill-1024xdecode_256_ops_trace.csv,prefill,-1,-1,19,GPU0,npu,25,"LN:-1,Q:0,Q:1,K:0,K:1,V:0,V:1,QK:0,QK:1,Softmax:0,Softmax:1,SV:0,SV:1,O:0,O:1,Add:-1,LN:-1,FFN_W1:0,FFN_W3:0,FFN_W1:1,FFN_W3:1,SwiGLU:1,FFN_W2:0,FFN_W2:1,Add:-1",0.02623712086068886,0.004167987060546875,npu|prefill|-1|2a331687201a3abf6e73ab65b42cfdd2,-1,sample_step,0.02623712086068886,0.004167987060546875,-0.022069133800141985,0.1588584007627064,-0.022069133800141985,0.1588584007627064
heft_prefill-1024xdecode_256_ops_trace.csv,prefill,-1,-1,19,PIM0,pim,1,SwiGLU:0,0.002060288,0.000515072,pim|prefill|-1|09fa0d473c03d2ded15b4a74881ced42,-1,sample_step,0.002060288,0.000515072,-0.0015452159999999999,0.25,-0.0015452159999999999,0.25
heft_prefill-1024xdecode_256_ops_trace.csv,prefill,-1,-1,20,GPU0,npu,25,"LN:-1,Q:0,Q:1,K:0,K:1,V:0,V:1,QK:0,QK:1,Softmax:0,Softmax:1,SV:0,SV:1,O:0,O:1,Add:-1,LN:-1,FFN_W1:0,FFN_W3:0,FFN_W1:1,FFN_W3:1,SwiGLU:1,FFN_W2:0,FFN_W2:1,Add:-1",0.02623712086068886,0.004167987060546875,npu|prefill|-1|2a331687201a3abf6e73ab65b42cfdd2,-1,sample_step,0.02623712086068886,0.004167987060546875,-0.022069133800141985,0.1588584007627064,-0.022069133800141985,0.1588584007627064
heft_prefill-1024xdecode_256_ops_trace.csv,prefill,-1,-1,20,PIM0,pim,1,SwiGLU:0,0.002060288,0.000515072,pim|prefill|-1|09fa0d473c03d2ded15b4a74881ced42,-1,sample_step,0.002060288,0.000515072,-0.0015452159999999999,0.25,-0.0015452159999999999,0.25
heft_prefill-1024xdecode_256_ops_trace.csv,prefill,-1,-1,21,GPU0,npu,25,"LN:-1,Q:0,Q:1,K:0,K:1,V:0,V:1,QK:0,QK:1,Softmax:0,Softmax:1,SV:0,SV:1,O:0,O:1,Add:-1,LN:-1,FFN_W1:0,FFN_W3:0,FFN_W1:1,FFN_W3:1,SwiGLU:1,FFN_W2:0,FFN_W2:1,Add:-1",0.02623712086068886,0.004167987060546875,npu|prefill|-1|2a331687201a3abf6e73ab65b42cfdd2,-1,sample_step,0.02623712086068886,0.004167987060546875,-0.022069133800141985,0.1588584007627064,-0.022069133800141985,0.1588584007627064
heft_prefill-1024xdecode_256_ops_trace.csv,prefill,-1,-1,21,PIM0,pim,1,SwiGLU:0,0.002060288,0.000515072,pim|prefill|-1|09fa0d473c03d2ded15b4a74881ced42,-1,sample_step,0.002060288,0.000515072,-0.0015452159999999999,0.25,-0.0015452159999999999,0.25
heft_prefill-1024xdecode_256_ops_trace.csv,prefill,-1,-1,22,GPU0,npu,25,"LN:-1,Q:0,Q:1,K:0,K:1,V:0,V:1,QK:0,QK:1,Softmax:0,Softmax:1,SV:0,SV:1,O:0,O:1,Add:-1,LN:-1,FFN_W1:0,FFN_W3:0,FFN_W1:1,FFN_W3:1,SwiGLU:1,FFN_W2:0,FFN_W2:1,Add:-1",0.02623712086068886,0.004167987060546875,npu|prefill|-1|2a331687201a3abf6e73ab65b42cfdd2,-1,sample_step,0.02623712086068886,0.004167987060546875,-0.022069133800141985,0.1588584007627064,-0.022069133800141985,0.1588584007627064
heft_prefill-1024xdecode_256_ops_trace.csv,prefill,-1,-1,22,PIM0,pim,1,SwiGLU:0,0.002060288,0.000515072,pim|prefill|-1|09fa0d473c03d2ded15b4a74881ced42,-1,sample_step,0.002060288,0.000515072,-0.0015452159999999999,0.25,-0.0015452159999999999,0.25
heft_prefill-1024xdecode_256_ops_trace.csv,prefill,-1,-1,23,GPU0,npu,25,"LN:-1,Q:0,Q:1,K:0,K:1,V:0,V:1,QK:0,QK:1,Softmax:0,Softmax:1,SV:0,SV:1,O:0,O:1,Add:-1,LN:-1,FFN_W1:0,FFN_W3:0,FFN_W1:1,FFN_W3:1,SwiGLU:1,FFN_W2:0,FFN_W2:1,Add:-1",0.02623712086068886,0.004167987060546875,npu|prefill|-1|2a331687201a3abf6e73ab65b42cfdd2,-1,sample_step,0.02623712086068886,0.004167987060546875,-0.022069133800141985,0.1588584007627064,-0.022069133800141985,0.1588584007627064
heft_prefill-1024xdecode_256_ops_trace.csv,prefill,-1,-1,23,PIM0,pim,1,SwiGLU:0,0.002060288,0.000515072,pim|prefill|-1|09fa0d473c03d2ded15b4a74881ced42,-1,sample_step,0.002060288,0.000515072,-0.0015452159999999999,0.25,-0.0015452159999999999,0.25
heft_prefill-1024xdecode_256_ops_trace.csv,prefill,-1,-1,24,GPU0,npu,25,"LN:-1,Q:0,Q:1,K:0,K:1,V:0,V:1,QK:0,QK:1,Softmax:0,Softmax:1,SV:0,SV:1,O:0,O:1,Add:-1,LN:-1,FFN_W1:0,FFN_W3:0,FFN_W1:1,FFN_W3:1,SwiGLU:1,FFN_W2:0,FFN_W2:1,Add:-1",0.02623712086068886,0.004167987060546875,npu|prefill|-1|2a331687201a3abf6e73ab65b42cfdd2,-1,sample_step,0.02623712086068886,0.004167987060546875,-0.022069133800141985,0.1588584007627064,-0.022069133800141985,0.1588584007627064
heft_prefill-1024xdecode_256_ops_trace.csv,prefill,-1,-1,24,PIM0,pim,1,SwiGLU:0,0.002060288,0.000515072,pim|prefill|-1|09fa0d473c03d2ded15b4a74881ced42,-1,sample_step,0.002060288,0.000515072,-0.0015452159999999999,0.25,-0.0015452159999999999,0.25
heft_prefill-1024xdecode_256_ops_trace.csv,prefill,-1,-1,25,GPU0,npu,25,"LN:-1,Q:0,Q:1,K:0,K:1,V:0,V:1,QK:0,QK:1,Softmax:0,Softmax:1,SV:0,SV:1,O:0,O:1,Add:-1,LN:-1,FFN_W1:0,FFN_W3:0,FFN_W1:1,FFN_W3:1,SwiGLU:1,FFN_W2:0,FFN_W2:1,Add:-1",0.02623712086068886,0.004167987060546875,npu|prefill|-1|2a331687201a3abf6e73ab65b42cfdd2,-1,sample_step,0.02623712086068886,0.004167987060546875,-0.022069133800141985,0.1588584007627064,-0.022069133800141985,0.1588584007627064
heft_prefill-1024xdecode_256_ops_trace.csv,prefill,-1,-1,25,PIM0,pim,1,SwiGLU:0,0.002060288,0.000515072,pim|prefill|-1|09fa0d473c03d2ded15b4a74881ced42,-1,sample_step,0.002060288,0.000515072,-0.0015452159999999999,0.25,-0.0015452159999999999,0.25
heft_prefill-1024xdecode_256_ops_trace.csv,prefill,-1,-1,26,GPU0,npu,25,"LN:-1,Q:0,Q:1,K:0,K:1,V:0,V:1,QK:0,QK:1,Softmax:0,Softmax:1,SV:0,SV:1,O:0,O:1,Add:-1,LN:-1,FFN_W1:0,FFN_W3:0,FFN_W1:1,FFN_W3:1,SwiGLU:1,FFN_W2:0,FFN_W2:1,Add:-1",0.02623712086068886,0.004167987060546875,npu|prefill|-1|2a331687201a3abf6e73ab65b42cfdd2,-1,sample_step,0.02623712086068886,0.004167987060546875,-0.022069133800141985,0.1588584007627064,-0.022069133800141985,0.1588584007627064
heft_prefill-1024xdecode_256_ops_trace.csv,prefill,-1,-1,26,PIM0,pim,1,SwiGLU:0,0.002060288,0.000515072,pim|prefill|-1|09fa0d473c03d2ded15b4a74881ced42,-1,sample_step,0.002060288,0.000515072,-0.0015452159999999999,0.25,-0.0015452159999999999,0.25
heft_prefill-1024xdecode_256_ops_trace.csv,prefill,-1,-1,27,GPU0,npu,25,"LN:-1,Q:0,Q:1,K:0,K:1,V:0,V:1,QK:0,QK:1,Softmax:0,Softmax:1,SV:0,SV:1,O:0,O:1,Add:-1,LN:-1,FFN_W1:0,FFN_W3:0,FFN_W1:1,FFN_W3:1,SwiGLU:1,FFN_W2:0,FFN_W2:1,Add:-1",0.02623712086068886,0.004167987060546875,npu|prefill|-1|2a331687201a3abf6e73ab65b42cfdd2,-1,sample_step,0.02623712086068886,0.004167987060546875,-0.022069133800141985,0.1588584007627064,-0.022069133800141985,0.1588584007627064
heft_prefill-1024xdecode_256_ops_trace.csv,prefill,-1,-1,27,PIM0,pim,1,SwiGLU:0,0.002060288,0.000515072,pim|prefill|-1|09fa0d473c03d2ded15b4a74881ced42,-1,sample_step,0.002060288,0.000515072,-0.0015452159999999999,0.25,-0.0015452159999999999,0.25
heft_prefill-1024xdecode_256_ops_trace.csv,prefill,-1,-1,28,GPU0,npu,25,"LN:-1,Q:0,Q:1,K:0,K:1,V:0,V:1,QK:0,QK:1,Softmax:0,Softmax:1,SV:0,SV:1,O:0,O:1,Add:-1,LN:-1,FFN_W1:0,FFN_W3:0,FFN_W1:1,FFN_W3:1,SwiGLU:1,FFN_W2:0,FFN_W2:1,Add:-1",0.02623712086068886,0.004167987060546875,npu|prefill|-1|2a331687201a3abf6e73ab65b42cfdd2,-1,sample_step,0.02623712086068886,0.004167987060546875,-0.022069133800141985,0.1588584007627064,-0.022069133800141985,0.1588584007627064
heft_prefill-1024xdecode_256_ops_trace.csv,prefill,-1,-1,28,PIM0,pim,1,SwiGLU:0,0.002060288,0.000515072,pim|prefill|-1|09fa0d473c03d2ded15b4a74881ced42,-1,sample_step,0.002060288,0.000515072,-0.0015452159999999999,0.25,-0.0015452159999999999,0.25
heft_prefill-1024xdecode_256_ops_trace.csv,prefill,-1,-1,29,GPU0,npu,25,"LN:-1,Q:0,Q:1,K:0,K:1,V:0,V:1,QK:0,QK:1,Softmax:0,Softmax:1,SV:0,SV:1,O:0,O:1,Add:-1,LN:-1,FFN_W1:0,FFN_W3:0,FFN_W1:1,FFN_W3:1,SwiGLU:1,FFN_W2:0,FFN_W2:1,Add:-1",0.02623712086068886,0.004167987060546875,npu|prefill|-1|2a331687201a3abf6e73ab65b42cfdd2,-1,sample_step,0.02623712086068886,0.004167987060546875,-0.022069133800141985,0.1588584007627064,-0.022069133800141985,0.1588584007627064
heft_prefill-1024xdecode_256_ops_trace.csv,prefill,-1,-1,29,PIM0,pim,1,SwiGLU:0,0.002060288,0.000515072,pim|prefill|-1|09fa0d473c03d2ded15b4a74881ced42,-1,sample_step,0.002060288,0.000515072,-0.0015452159999999999,0.25,-0.0015452159999999999,0.25
heft_prefill-1024xdecode_256_ops_trace.csv,prefill,-1,-1,30,GPU0,npu,25,"LN:-1,Q:0,Q:1,K:0,K:1,V:0,V:1,QK:0,QK:1,Softmax:0,Softmax:1,SV:0,SV:1,O:0,O:1,Add:-1,LN:-1,FFN_W1:0,FFN_W3:0,FFN_W1:1,FFN_W3:1,SwiGLU:1,FFN_W2:0,FFN_W2:1,Add:-1",0.02623712086068886,0.004167987060546875,npu|prefill|-1|2a331687201a3abf6e73ab65b42cfdd2,-1,sample_step,0.02623712086068886,0.004167987060546875,-0.022069133800141985,0.1588584007627064,-0.022069133800141985,0.1588584007627064
heft_prefill-1024xdecode_256_ops_trace.csv,prefill,-1,-1,30,PIM0,pim,1,SwiGLU:0,0.002060288,0.000515072,pim|prefill|-1|09fa0d473c03d2ded15b4a74881ced42,-1,sample_step,0.002060288,0.000515072,-0.0015452159999999999,0.25,-0.0015452159999999999,0.25
heft_prefill-1024xdecode_256_ops_trace.csv,prefill,-1,-1,31,GPU0,npu,25,"LN:-1,Q:0,Q:1,K:0,K:1,V:0,V:1,QK:0,QK:1,Softmax:0,Softmax:1,SV:0,SV:1,O:0,O:1,Add:-1,LN:-1,FFN_W1:0,FFN_W3:0,FFN_W1:1,FFN_W3:1,SwiGLU:1,FFN_W2:0,FFN_W2:1,Add:-1",0.02623712086068886,0.004167987060546875,npu|prefill|-1|2a331687201a3abf6e73ab65b42cfdd2,-1,sample_step,0.02623712086068886,0.004167987060546875,-0.022069133800141985,0.1588584007627064,-0.022069133800141985,0.1588584007627064
heft_prefill-1024xdecode_256_ops_trace.csv,prefill,-1,-1,31,PIM0,pim,1,SwiGLU:0,0.002060288,0.000515072,pim|prefill|-1|09fa0d473c03d2ded15b4a74881ced42,-1,sample_step,0.002060288,0.000515072,-0.0015452159999999999,0.25,-0.0015452159999999999,0.25
heft_prefill-1024xdecode_256_ops_trace.csv,decode,0,0,0,PIM0,pim,9,"LN:-1,QK:0,Softmax:0,SV:0,Add:-1,LN:-1,SwiGLU:0,SwiGLU:1,Add:-1",5.231600000021874e-05,1.6819e-05,pim|decode|0|eba483edef50291578f13ab69ef2efef,0,sample_step,5.231600000021874e-05,1.6819e-05,-3.549700000021874e-05,0.32148864591959775,-3.549700000021874e-05,0.32148864591959775
heft_prefill-1024xdecode_256_ops_trace.csv,decode,0,0,0,GPU0,npu,14,"Q:0,Q:1,K:0,K:1,V:0,V:1,O:0,O:1,FFN_W1:0,FFN_W3:0,FFN_W1:1,FFN_W3:1,FFN_W2:0,FFN_W2:1",0.0003907303640406923,0.0005032959938049316,npu|decode|0|58672e7680bc9d88d790ef6aa34bd903,0,sample_step,0.0003907303640406923,0.0005032959938049316,0.00011256562976423936,1.2880903050383776,0.00011256562976423936,1.2880903050383776
heft_prefill-1024xdecode_256_ops_trace.csv,decode,0,0,0,PIM1,pim,3,"QK:1,Softmax:1,SV:1",3.775600000011092e-05,1.3179e-05,pim|decode|0|583a2f400a32ef30361deb25375d6d1d,0,sample_step,3.775600000011092e-05,1.3179e-05,-2.4577000000110923e-05,0.3490571035057019,-2.4577000000110923e-05,0.3490571035057019
heft_prefill-1024xdecode_256_ops_trace.csv,decode,0,0,1,PIM0,pim,9,"LN:-1,QK:0,Softmax:0,SV:0,Add:-1,LN:-1,SwiGLU:0,SwiGLU:1,Add:-1",5.231600000021874e-05,1.6819e-05,pim|decode|0|eba483edef50291578f13ab69ef2efef,0,sample_step,5.231600000021874e-05,1.6819e-05,-3.549700000021874e-05,0.32148864591959775,-3.549700000021874e-05,0.32148864591959775
heft_prefill-1024xdecode_256_ops_trace.csv,decode,0,0,1,GPU0,npu,14,"Q:0,Q:1,K:0,K:1,V:0,V:1,O:0,O:1,FFN_W1:0,FFN_W3:0,FFN_W1:1,FFN_W3:1,FFN_W2:0,FFN_W2:1",0.0003907303640406923,0.0005032959938049316,npu|decode|0|58672e7680bc9d88d790ef6aa34bd903,0,sample_step,0.0003907303640406923,0.0005032959938049316,0.00011256562976423936,1.2880903050383776,0.00011256562976423936,1.2880903050383776
heft_prefill-1024xdecode_256_ops_trace.csv,decode,0,0,1,PIM1,pim,3,"QK:1,Softmax:1,SV:1",3.775600000011092e-05,1.3179e-05,pim|decode|0|583a2f400a32ef30361deb25375d6d1d,0,sample_step,3.775600000011092e-05,1.3179e-05,-2.4577000000110923e-05,0.3490571035057019,-2.4577000000110923e-05,0.3490571035057019
heft_prefill-1024xdecode_256_ops_trace.csv,decode,0,0,2,PIM0,pim,9,"LN:-1,QK:0,Softmax:0,SV:0,Add:-1,LN:-1,SwiGLU:0,SwiGLU:1,Add:-1",5.231600000021874e-05,1.6819e-05,pim|decode|0|eba483edef50291578f13ab69ef2efef,0,sample_step,5.231600000021874e-05,1.6819e-05,-3.549700000021874e-05,0.32148864591959775,-3.549700000021874e-05,0.32148864591959775
heft_prefill-1024xdecode_256_ops_trace.csv,decode,0,0,2,GPU0,npu,14,"Q:0,Q:1,K:0,K:1,V:0,V:1,O:0,O:1,FFN_W1:0,FFN_W3:0,FFN_W1:1,FFN_W3:1,FFN_W2:0,FFN_W2:1",0.0003907303640406923,0.0005032959938049316,npu|decode|0|58672e7680bc9d88d790ef6aa34bd903,0,sample_step,0.0003907303640406923,0.0005032959938049316,0.00011256562976423936,1.2880903050383776,0.00011256562976423936,1.2880903050383776
heft_prefill-1024xdecode_256_ops_trace.csv,decode,0,0,2,PIM1,pim,3,"QK:1,Softmax:1,SV:1",3.775600000011092e-05,1.3179e-05,pim|decode|0|583a2f400a32ef30361deb25375d6d1d,0,sample_step,3.775600000011092e-05,1.3179e-05,-2.4577000000110923e-05,0.3490571035057019,-2.4577000000110923e-05,0.3490571035057019
heft_prefill-1024xdecode_256_ops_trace.csv,decode,0,0,3,PIM0,pim,9,"LN:-1,QK:0,Softmax:0,SV:0,Add:-1,LN:-1,SwiGLU:0,SwiGLU:1,Add:-1",5.231600000021874e-05,1.6819e-05,pim|decode|0|eba483edef50291578f13ab69ef2efef,0,sample_step,5.231600000021874e-05,1.6819e-05,-3.549700000021874e-05,0.32148864591959775,-3.549700000021874e-05,0.32148864591959775
heft_prefill-1024xdecode_256_ops_trace.csv,decode,0,0,3,GPU0,npu,14,"Q:0,Q:1,K:0,K:1,V:0,V:1,O:0,O:1,FFN_W1:0,FFN_W3:0,FFN_W1:1,FFN_W3:1,FFN_W2:0,FFN_W2:1",0.0003907303640406923,0.0005032959938049316,npu|decode|0|58672e7680bc9d88d790ef6aa34bd903,0,sample_step,0.0003907303640406923,0.0005032959938049316,0.00011256562976423936,1.2880903050383776,0.00011256562976423936,1.2880903050383776
heft_prefill-1024xdecode_256_ops_trace.csv,decode,0,0,3,PIM1,pim,3,"QK:1,Softmax:1,SV:1",3.775600000011092e-05,1.3179e-05,pim|decode|0|583a2f400a32ef30361deb25375d6d1d,0,sample_step,3.775600000011092e-05,1.3179e-05,-2.4577000000110923e-05,0.3490571035057019,-2.4577000000110923e-05,0.3490571035057019
heft_prefill-1024xdecode_256_ops_trace.csv,decode,0,0,4,PIM0,pim,9,"LN:-1,QK:0,Softmax:0,SV:0,Add:-1,LN:-1,SwiGLU:0,SwiGLU:1,Add:-1",5.231600000021874e-05,1.6819e-05,pim|decode|0|eba483edef50291578f13ab69ef2efef,0,sample_step,5.231600000021874e-05,1.6819e-05,-3.549700000021874e-05,0.32148864591959775,-3.549700000021874e-05,0.32148864591959775
heft_prefill-1024xdecode_256_ops_trace.csv,decode,0,0,4,GPU0,npu,14,"Q:0,Q:1,K:0,K:1,V:0,V:1,O:0,O:1,FFN_W1:0,FFN_W3:0,FFN_W1:1,FFN_W3:1,FFN_W2:0,FFN_W2:1",0.0003907303640406923,0.0005032959938049316,npu|decode|0|58672e7680bc9d88d790ef6aa34bd903,0,sample_step,0.0003907303640406923,0.0005032959938049316,0.00011256562976423936,1.2880903050383776,0.00011256562976423936,1.2880903050383776
heft_prefill-1024xdecode_256_ops_trace.csv,decode,0,0,4,PIM1,pim,3,"QK:1,Softmax:1,SV:1",3.775600000011092e-05,1.3179e-05,pim|decode|0|583a2f400a32ef30361deb25375d6d1d,0,sample_step,3.775600000011092e-05,1.3179e-05,-2.4577000000110923e-05,0.3490571035057019,-2.4577000000110923e-05,0.3490571035057019
heft_prefill-1024xdecode_256_ops_trace.csv,decode,0,0,5,PIM0,pim,9,"LN:-1,QK:0,Softmax:0,SV:0,Add:-1,LN:-1,SwiGLU:0,SwiGLU:1,Add:-1",5.231600000021874e-05,1.6819e-05,pim|decode|0|eba483edef50291578f13ab69ef2efef,0,sample_step,5.231600000021874e-05,1.6819e-05,-3.549700000021874e-05,0.32148864591959775,-3.549700000021874e-05,0.32148864591959775
heft_prefill-1024xdecode_256_ops_trace.csv,decode,0,0,5,GPU0,npu,14,"Q:0,Q:1,K:0,K:1,V:0,V:1,O:0,O:1,FFN_W1:0,FFN_W3:0,FFN_W1:1,FFN_W3:1,FFN_W2:0,FFN_W2:1",0.0003907303640406923,0.0005032959938049316,npu|decode|0|58672e7680bc9d88d790ef6aa34bd903,0,sample_step,0.0003907303640406923,0.0005032959938049316,0.00011256562976423936,1.2880903050383776,0.00011256562976423936,1.2880903050383776
heft_prefill-1024xdecode_256_ops_trace.csv,decode,0,0,5,PIM1,pim,3,"QK:1,Softmax:1,SV:1",3.775600000011092e-05,1.3179e-05,pim|decode|0|583a2f400a32ef30361deb25375d6d1d,0,sample_step,3.775600000011092e-05,1.3179e-05,-2.4577000000110923e-05,0.3490571035057019,-2.4577000000110923e-05,0.3490571035057019
heft_prefill-1024xdecode_256_ops_trace.csv,decode,0,0,6,PIM0,pim,9,"LN:-1,QK:0,Softmax:0,SV:0,Add:-1,LN:-1,SwiGLU:0,SwiGLU:1,Add:-1",5.231600000021874e-05,1.6819e-05,pim|decode|0|eba483edef50291578f13ab69ef2efef,0,sample_step,5.231600000021874e-05,1.6819e-05,-3.549700000021874e-05,0.32148864591959775,-3.549700000021874e-05,0.32148864591959775
heft_prefill-1024xdecode_256_ops_trace.csv,decode,0,0,6,GPU0,npu,14,"Q:0,Q:1,K:0,K:1,V:0,V:1,O:0,O:1,FFN_W1:0,FFN_W3:0,FFN_W1:1,FFN_W3:1,FFN_W2:0,FFN_W2:1",0.0003907303640406923,0.0005032959938049316,npu|decode|0|58672e7680bc9d88d790ef6aa34bd903,0,sample_step,0.0003907303640406923,0.0005032959938049316,0.00011256562976423936,1.2880903050383776,0.00011256562976423936,1.2880903050383776
heft_prefill-1024xdecode_256_ops_trace.csv,decode,0,0,6,PIM1,pim,3,"QK:1,Softmax:1,SV:1",3.775600000011092e-05,1.3179e-05,pim|decode|0|583a2f400a32ef30361deb25375d6d1d,0,sample_step,3.775600000011092e-05,1.3179e-05,-2.4577000000110923e-05,0.3490571035057019,-2.4577000000110923e-05,0.3490571035057019
heft_prefill-1024xdecode_256_ops_trace.csv,decode,0,0,7,PIM0,pim,9,"LN:-1,QK:0,Softmax:0,SV:0,Add:-1,LN:-1,SwiGLU:0,SwiGLU:1,Add:-1",5.231600000021874e-05,1.6819e-05,pim|decode|0|eba483edef50291578f13ab69ef2efef,0,sample_step,5.231600000021874e-05,1.6819e-05,-3.549700000021874e-05,0.32148864591959775,-3.549700000021874e-05,0.32148864591959775
heft_prefill-1024xdecode_256_ops_trace.csv,decode,0,0,7,GPU0,npu,14,"Q:0,Q:1,K:0,K:1,V:0,V:1,O:0,O:1,FFN_W1:0,FFN_W3:0,FFN_W1:1,FFN_W3:1,FFN_W2:0,FFN_W2:1",0.0003907303640406923,0.0005032959938049316,npu|decode|0|58672e7680bc9d88d790ef6aa34bd903,0,sample_step,0.0003907303640406923,0.0005032959938049316,0.00011256562976423936,1.2880903050383776,0.00011256562976423936,1.2880903050383776
heft_prefill-1024xdecode_256_ops_trace.csv,decode,0,0,7,PIM1,pim,3,"QK:1,Softmax:1,SV:1",3.775600000011092e-05,1.3179e-05,pim|decode|0|583a2f400a32ef30361deb25375d6d1d,0,sample_step,3.775600000011092e-05,1.3179e-05,-2.4577000000110923e-05,0.3490571035057019,-2.4577000000110923e-05,0.3490571035057019
heft_prefill-1024xdecode_256_ops_trace.csv,decode,0,0,8,PIM0,pim,9,"LN:-1,QK:0,Softmax:0,SV:0,Add:-1,LN:-1,SwiGLU:0,SwiGLU:1,Add:-1",5.231600000021874e-05,1.6819e-05,pim|decode|0|eba483edef50291578f13ab69ef2efef,0,sample_step,5.231600000021874e-05,1.6819e-05,-3.549700000021874e-05,0.32148864591959775,-3.549700000021874e-05,0.32148864591959775
heft_prefill-1024xdecode_256_ops_trace.csv,decode,0,0,8,GPU0,npu,14,"Q:0,Q:1,K:0,K:1,V:0,V:1,O:0,O:1,FFN_W1:0,FFN_W3:0,FFN_W1:1,FFN_W3:1,FFN_W2:0,FFN_W2:1",0.0003907303640406923,0.0005032959938049316,npu|decode|0|58672e7680bc9d88d790ef6aa34bd903,0,sample_step,0.0003907303640406923,0.0005032959938049316,0.00011256562976423936,1.2880903050383776,0.00011256562976423936,1.2880903050383776
heft_prefill-1024xdecode_256_ops_trace.csv,decode,0,0,8,PIM1,pim,3,"QK:1,Softmax:1,SV:1",3.775600000011092e-05,1.3179e-05,pim|decode|0|583a2f400a32ef30361deb25375d6d1d,0,sample_step,3.775600000011092e-05,1.3179e-05,-2.4577000000110923e-05,0.3490571035057019,-2.4577000000110923e-05,0.3490571035057019
heft_prefill-1024xdecode_256_ops_trace.csv,decode,0,0,9,PIM0,pim,9,"LN:-1,QK:0,Softmax:0,SV:0,Add:-1,LN:-1,SwiGLU:0,SwiGLU:1,Add:-1",5.231600000021874e-05,1.6819e-05,pim|decode|0|eba483edef50291578f13ab69ef2efef,0,sample_step,5.231600000021874e-05,1.6819e-05,-3.549700000021874e-05,0.32148864591959775,-3.549700000021874e-05,0.32148864591959775
heft_prefill-1024xdecode_256_ops_trace.csv,decode,0,0,9,GPU0,npu,14,"Q:0,Q:1,K:0,K:1,V:0,V:1,O:0,O:1,FFN_W1:0,FFN_W3:0,FFN_W1:1,FFN_W3:1,FFN_W2:0,FFN_W2:1",0.0003907303640406923,0.0005032959938049316,npu|decode|0|58672e7680bc9d88d790ef6aa34bd903,0,sample_step,0.0003907303640406923,0.0005032959938049316,0.00011256562976423936,1.2880903050383776,0.00011256562976423936,1.2880903050383776
heft_prefill-1024xdecode_256_ops_trace.csv,decode,0,0,9,PIM1,pim,3,"QK:1,Softmax:1,SV:1",3.775600000011092e-05,1.3179e-05,pim|decode|0|583a2f400a32ef30361deb25375d6d1d,0,sample_step,3.775600000011092e-05,1.3179e-05,-2.4577000000110923e-05,0.3490571035057019,-2.4577000000110923e-05,0.3490571035057019
heft_prefill-1024xdecode_256_ops_trace.csv,decode,0,0,10,PIM0,pim,9,"LN:-1,QK:0,Softmax:0,SV:0,Add:-1,LN:-1,SwiGLU:0,SwiGLU:1,Add:-1",5.231600000021874e-05,1.6819e-05,pim|decode|0|eba483edef50291578f13ab69ef2efef,0,sample_step,5.231600000021874e-05,1.6819e-05,-3.549700000021874e-05,0.32148864591959775,-3.549700000021874e-05,0.32148864591959775
heft_prefill-1024xdecode_256_ops_trace.csv,decode,0,0,10,GPU0,npu,14,"Q:0,Q:1,K:0,K:1,V:0,V:1,O:0,O:1,FFN_W1:0,FFN_W3:0,FFN_W1:1,FFN_W3:1,FFN_W2:0,FFN_W2:1",0.0003907303640406923,0.0005032959938049316,npu|decode|0|58672e7680bc9d88d790ef6aa34bd903,0,sample_step,0.0003907303640406923,0.0005032959938049316,0.00011256562976423936,1.2880903050383776,0.00011256562976423936,1.2880903050383776
heft_prefill-1024xdecode_256_ops_trace.csv,decode,0,0,10,PIM1,pim,3,"QK:1,Softmax:1,SV:1",3.775600000011092e-05,1.3179e-05,pim|decode|0|583a2f400a32ef30361deb25375d6d1d,0,sample_step,3.775600000011092e-05,1.3179e-05,-2.4577000000110923e-05,0.3490571035057019,-2.4577000000110923e-05,0.3490571035057019
heft_prefill-1024xdecode_256_ops_trace.csv,decode,0,0,11,PIM0,pim,9,"LN:-1,QK:0,Softmax:0,SV:0,Add:-1,LN:-1,SwiGLU:0,SwiGLU:1,Add:-1",5.231600000021874e-05,1.6819e-05,pim|decode|0|eba483edef50291578f13ab69ef2efef,0,sample_step,5.231600000021874e-05,1.6819e-05,-3.549700000021874e-05,0.32148864591959775,-3.549700000021874e-05,0.32148864591959775
heft_prefill-1024xdecode_256_ops_trace.csv,decode,0,0,11,GPU0,npu,14,"Q:0,Q:1,K:0,K:1,V:0,V:1,O:0,O:1,FFN_W1:0,FFN_W3:0,FFN_W1:1,FFN_W3:1,FFN_W2:0,FFN_W2:1",0.0003907303640406923,0.0005032959938049316,npu|decode|0|58672e7680bc9d88d790ef6aa34bd903,0,sample_step,0.0003907303640406923,0.0005032959938049316,0.00011256562976423936,1.2880903050383776,0.00011256562976423936,1.2880903050383776
heft_prefill-1024xdecode_256_ops_trace.csv,decode,0,0,11,PIM1,pim,3,"QK:1,Softmax:1,SV:1",3.775600000011092e-05,1.3179e-05,pim|decode|0|583a2f400a32ef30361deb25375d6d1d,0,sample_step,3.775600000011092e-05,1.3179e-05,-2.4577000000110923e-05,0.3490571035057019,-2.4577000000110923e-05,0.3490571035057019
heft_prefill-1024xdecode_256_ops_trace.csv,decode,0,0,12,PIM0,pim,9,"LN:-1,QK:0,Softmax:0,SV:0,Add:-1,LN:-1,SwiGLU:0,SwiGLU:1,Add:-1",5.231600000021874e-05,1.6819e-05,pim|decode|0|eba483edef50291578f13ab69ef2efef,0,sample_step,5.231600000021874e-05,1.6819e-05,-3.549700000021874e-05,0.32148864591959775,-3.549700000021874e-05,0.32148864591959775
heft_prefill-1024xdecode_256_ops_trace.csv,decode,0,0,12,GPU0,npu,14,"Q:0,Q:1,K:0,K:1,V:0,V:1,O:0,O:1,FFN_W1:0,FFN_W3:0,FFN_W1:1,FFN_W3:1,FFN_W2:0,FFN_W2:1",0.0003907303640406923,0.0005032959938049316,npu|decode|0|58672e7680bc9d88d790ef6aa34bd903,0,sample_step,0.0003907303640406923,0.0005032959938049316,0.00011256562976423936,1.2880903050383776,0.00011256562976423936,1.2880903050383776
heft_prefill-1024xdecode_256_ops_trace.csv,decode,0,0,12,PIM1,pim,3,"QK:1,Softmax:1,SV:1",3.775600000011092e-05,1.3179e-05,pim|decode|0|583a2f400a32ef30361deb25375d6d1d,0,sample_step,3.775600000011092e-05,1.3179e-05,-2.4577000000110923e-05,0.3490571035057019,-2.4577000000110923e-05,0.3490571035057019
heft_prefill-1024xdecode_256_ops_trace.csv,decode,0,0,13,PIM0,pim,9,"LN:-1,QK:0,Softmax:0,SV:0,Add:-1,LN:-1,SwiGLU:0,SwiGLU:1,Add:-1",5.231600000021874e-05,1.6819e-05,pim|decode|0|eba483edef50291578f13ab69ef2efef,0,sample_step,5.231600000021874e-05,1.6819e-05,-3.549700000021874e-05,0.32148864591959775,-3.549700000021874e-05,0.32148864591959775
heft_prefill-1024xdecode_256_ops_trace.csv,decode,0,0,13,GPU0,npu,14,"Q:0,Q:1,K:0,K:1,V:0,V:1,O:0,O:1,FFN_W1:0,FFN_W3:0,FFN_W1:1,FFN_W3:1,FFN_W2:0,FFN_W2:1",0.0003907303640406923,0.0005032959938049316,npu|decode|0|58672e7680bc9d88d790ef6aa34bd903,0,sample_step,0.0003907303640406923,0.0005032959938049316,0.00011256562976423936,1.2880903050383776,0.00011256562976423936,1.2880903050383776
heft_prefill-1024xdecode_256_ops_trace.csv,decode,0,0,13,PIM1,pim,3,"QK:1,Softmax:1,SV:1",3.775600000011092e-05,1.3179e-05,pim|decode|0|583a2f400a32ef30361deb25375d6d1d,0,sample_step,3.775600000011092e-05,1.3179e-05,-2.4577000000110923e-05,0.3490571035057019,-2.4577000000110923e-05,0.3490571035057019
heft_prefill-1024xdecode_256_ops_trace.csv,decode,0,0,14,PIM0,pim,9,"LN:-1,QK:0,Softmax:0,SV:0,Add:-1,LN:-1,SwiGLU:0,SwiGLU:1,Add:-1",5.231600000021874e-05,1.6819e-05,pim|decode|0|eba483edef50291578f13ab69ef2efef,0,sample_step,5.231600000021874e-05,1.6819e-05,-3.549700000021874e-05,0.32148864591959775,-3.549700000021874e-05,0.32148864591959775
heft_prefill-1024xdecode_256_ops_trace.csv,decode,0,0,14,GPU0,npu,14,"Q:0,Q:1,K:0,K:1,V:0,V:1,O:0,O:1,FFN_W1:0,FFN_W3:0,FFN_W1:1,FFN_W3:1,FFN_W2:0,FFN_W2:1",0.0003907303640406923,0.0005032959938049316,npu|decode|0|58672e7680bc9d88d790ef6aa34bd903,0,sample_step,0.0003907303640406923,0.0005032959938049316,0.00011256562976423936,1.2880903050383776,0.00011256562976423936,1.2880903050383776
heft_prefill-1024xdecode_256_ops_trace.csv,decode,0,0,14,PIM1,pim,3,"QK:1,Softmax:1,SV:1",3.775600000011092e-05,1.3179e-05,pim|decode|0|583a2f400a32ef30361deb25375d6d1d,0,sample_step,3.775600000011092e-05,1.3179e-05,-2.4577000000110923e-05,0.3490571035057019,-2.4577000000110923e-05,0.3490571035057019
heft_prefill-1024xdecode_256_ops_trace.csv,decode,0,0,15,PIM0,pim,9,"LN:-1,QK:0,Softmax:0,SV:0,Add:-1,LN:-1,SwiGLU:0,SwiGLU:1,Add:-1",5.231600000021874e-05,1.6819e-05,pim|decode|0|eba483edef50291578f13ab69ef2efef,0,sample_step,5.231600000021874e-05,1.6819e-05,-3.549700000021874e-05,0.32148864591959775,-3.549700000021874e-05,0.32148864591959775
heft_prefill-1024xdecode_256_ops_trace.csv,decode,0,0,15,GPU0,npu,14,"Q:0,Q:1,K:0,K:1,V:0,V:1,O:0,O:1,FFN_W1:0,FFN_W3:0,FFN_W1:1,FFN_W3:1,FFN_W2:0,FFN_W2:1",0.0003907303640406923,0.0005032959938049316,npu|decode|0|58672e7680bc9d88d790ef6aa34bd903,0,sample_step,0.0003907303640406923,0.0005032959938049316,0.00011256562976423936,1.2880903050383776,0.00011256562976423936,1.2880903050383776
heft_prefill-1024xdecode_256_ops_trace.csv,decode,0,0,15,PIM1,pim,3,"QK:1,Softmax:1,SV:1",3.775600000011092e-05,1.3179e-05,pim|decode|0|583a2f400a32ef30361deb25375d6d1d,0,sample_step,3.775600000011092e-05,1.3179e-05,-2.4577000000110923e-05,0.3490571035057019,-2.4577000000110923e-05,0.3490571035057019
heft_prefill-1024xdecode_256_ops_trace.csv,decode,0,0,16,PIM0,pim,9,"LN:-1,QK:0,Softmax:0,SV:0,Add:-1,LN:-1,SwiGLU:0,SwiGLU:1,Add:-1",5.231600000021874e-05,1.6819e-05,pim|decode|0|eba483edef50291578f13ab69ef2efef,0,sample_step,5.231600000021874e-05,1.6819e-05,-3.549700000021874e-05,0.32148864591959775,-3.549700000021874e-05,0.32148864591959775
heft_prefill-1024xdecode_256_ops_trace.csv,decode,0,0,16,GPU0,npu,14,"Q:0,Q:1,K:0,K:1,V:0,V:1,O:0,O:1,FFN_W1:0,FFN_W3:0,FFN_W1:1,FFN_W3:1,FFN_W2:0,FFN_W2:1",0.0003907303640406923,0.0005032959938049316,npu|decode|0|58672e7680bc9d88d790ef6aa34bd903,0,sample_step,0.0003907303640406923,0.0005032959938049316,0.00011256562976423936,1.2880903050383776,0.00011256562976423936,1.2880903050383776
heft_prefill-1024xdecode_256_ops_trace.csv,decode,0,0,16,PIM1,pim,3,"QK:1,Softmax:1,SV:1",3.775600000011092e-05,1.3179e-05,pim|decode|0|583a2f400a32ef30361deb25375d6d1d,0,sample_step,3.775600000011092e-05,1.3179e-05,-2.4577000000110923e-05,0.3490571035057019,-2.4577000000110923e-05,0.3490571035057019
heft_prefill-1024xdecode_256_ops_trace.csv,decode,0,0,17,PIM0,pim,9,"LN:-1,QK:0,Softmax:0,SV:0,Add:-1,LN:-1,SwiGLU:0,SwiGLU:1,Add:-1",5.231600000021874e-05,1.6819e-05,pim|decode|0|eba483edef50291578f13ab69ef2efef,0,sample_step,5.231600000021874e-05,1.6819e-05,-3.549700000021874e-05,0.32148864591959775,-3.549700000021874e-05,0.32148864591959775
heft_prefill-1024xdecode_256_ops_trace.csv,decode,0,0,17,GPU0,npu,14,"Q:0,Q:1,K:0,K:1,V:0,V:1,O:0,O:1,FFN_W1:0,FFN_W3:0,FFN_W1:1,FFN_W3:1,FFN_W2:0,FFN_W2:1",0.0003907303640406923,0.0005032959938049316,npu|decode|0|58672e7680bc9d88d790ef6aa34bd903,0,sample_step,0.0003907303640406923,0.0005032959938049316,0.00011256562976423936,1.2880903050383776,0.00011256562976423936,1.2880903050383776
heft_prefill-1024xdecode_256_ops_trace.csv,decode,0,0,17,PIM1,pim,3,"QK:1,Softmax:1,SV:1",3.775600000011092e-05,1.3179e-05,pim|decode|0|583a2f400a32ef30361deb25375d6d1d,0,sample_step,3.775600000011092e-05,1.3179e-05,-2.4577000000110923e-05,0.3490571035057019,-2.4577000000110923e-05,0.3490571035057019
heft_prefill-1024xdecode_256_ops_trace.csv,decode,0,0,18,PIM0,pim,9,"LN:-1,QK:0,Softmax:0,SV:0,Add:-1,LN:-1,SwiGLU:0,SwiGLU:1,Add:-1",5.231600000021874e-05,1.6819e-05,pim|decode|0|eba483edef50291578f13ab69ef2efef,0,sample_step,5.231600000021874e-05,1.6819e-05,-3.549700000021874e-05,0.32148864591959775,-3.549700000021874e-05,0.32148864591959775
heft_prefill-1024xdecode_256_ops_trace.csv,decode,0,0,18,GPU0,npu,14,"Q:0,Q:1,K:0,K:1,V:0,V:1,O:0,O:1,FFN_W1:0,FFN_W3:0,FFN_W1:1,FFN_W3:1,FFN_W2:0,FFN_W2:1",0.0003907303640406923,0.0005032959938049316,npu|decode|0|58672e7680bc9d88d790ef6aa34bd903,0,sample_step,0.0003907303640406923,0.0005032959938049316,0.00011256562976423936,1.2880903050383776,0.00011256562976423936,1.2880903050383776
heft_prefill-1024xdecode_256_ops_trace.csv,decode,0,0,18,PIM1,pim,3,"QK:1,Softmax:1,SV:1",3.775600000011092e-05,1.3179e-05,pim|decode|0|583a2f400a32ef30361deb25375d6d1d,0,sample_step,3.775600000011092e-05,1.3179e-05,-2.4577000000110923e-05,0.3490571035057019,-2.4577000000110923e-05,0.3490571035057019
heft_prefill-1024xdecode_256_ops_trace.csv,decode,0,0,19,PIM0,pim,9,"LN:-1,QK:0,Softmax:0,SV:0,Add:-1,LN:-1,SwiGLU:0,SwiGLU:1,Add:-1",5.231600000021874e-05,1.6819e-05,pim|decode|0|eba483edef50291578f13ab69ef2efef,0,sample_step,5.231600000021874e-05,1.6819e-05,-3.549700000021874e-05,0.32148864591959775,-3.549700000021874e-05,0.32148864591959775
heft_prefill-1024xdecode_256_ops_trace.csv,decode,0,0,19,GPU0,npu,14,"Q:0,Q:1,K:0,K:1,V:0,V:1,O:0,O:1,FFN_W1:0,FFN_W3:0,FFN_W1:1,FFN_W3:1,FFN_W2:0,FFN_W2:1",0.0003907303640406923,0.0005032959938049316,npu|decode|0|58672e7680bc9d88d790ef6aa34bd903,0,sample_step,0.0003907303640406923,0.0005032959938049316,0.00011256562976423936,1.2880903050383776,0.00011256562976423936,1.2880903050383776
heft_prefill-1024xdecode_256_ops_trace.csv,decode,0,0,19,PIM1,pim,3,"QK:1,Softmax:1,SV:1",3.775600000011092e-05,1.3179e-05,pim|decode|0|583a2f400a32ef30361deb25375d6d1d,0,sample_step,3.775600000011092e-05,1.3179e-05,-2.4577000000110923e-05,0.3490571035057019,-2.4577000000110923e-05,0.3490571035057019
heft_prefill-1024xdecode_256_ops_trace.csv,decode,0,0,20,PIM0,pim,9,"LN:-1,QK:0,Softmax:0,SV:0,Add:-1,LN:-1,SwiGLU:0,SwiGLU:1,Add:-1",5.231600000021874e-05,1.6819e-05,pim|decode|0|eba483edef50291578f13ab69ef2efef,0,sample_step,5.231600000021874e-05,1.6819e-05,-3.549700000021874e-05,0.32148864591959775,-3.549700000021874e-05,0.32148864591959775
heft_prefill-1024xdecode_256_ops_trace.csv,decode,0,0,20,GPU0,npu,14,"Q:0,Q:1,K:0,K:1,V:0,V:1,O:0,O:1,FFN_W1:0,FFN_W3:0,FFN_W1:1,FFN_W3:1,FFN_W2:0,FFN_W2:1",0.0003907303640406923,0.0005032959938049316,npu|decode|0|58672e7680bc9d88d790ef6aa34bd903,0,sample_step,0.0003907303640406923,0.0005032959938049316,0.00011256562976423936,1.2880903050383776,0.00011256562976423936,1.2880903050383776
heft_prefill-1024xdecode_256_ops_trace.csv,decode,0,0,20,PIM1,pim,3,"QK:1,Softmax:1,SV:1",3.775600000011092e-05,1.3179e-05,pim|decode|0|583a2f400a32ef30361deb25375d6d1d,0,sample_step,3.775600000011092e-05,1.3179e-05,-2.4577000000110923e-05,0.3490571035057019,-2.4577000000110923e-05,0.3490571035057019
heft_prefill-1024xdecode_256_ops_trace.csv,decode,0,0,21,PIM0,pim,9,"LN:-1,QK:0,Softmax:0,SV:0,Add:-1,LN:-1,SwiGLU:0,SwiGLU:1,Add:-1",5.231600000021874e-05,1.6819e-05,pim|decode|0|eba483edef50291578f13ab69ef2efef,0,sample_step,5.231600000021874e-05,1.6819e-05,-3.549700000021874e-05,0.32148864591959775,-3.549700000021874e-05,0.32148864591959775
heft_prefill-1024xdecode_256_ops_trace.csv,decode,0,0,21,GPU0,npu,14,"Q:0,Q:1,K:0,K:1,V:0,V:1,O:0,O:1,FFN_W1:0,FFN_W3:0,FFN_W1:1,FFN_W3:1,FFN_W2:0,FFN_W2:1",0.0003907303640406923,0.0005032959938049316,npu|decode|0|58672e7680bc9d88d790ef6aa34bd903,0,sample_step,0.0003907303640406923,0.0005032959938049316,0.00011256562976423936,1.2880903050383776,0.00011256562976423936,1.2880903050383776
heft_prefill-1024xdecode_256_ops_trace.csv,decode,0,0,21,PIM1,pim,3,"QK:1,Softmax:1,SV:1",3.775600000011092e-05,1.3179e-05,pim|decode|0|583a2f400a32ef30361deb25375d6d1d,0,sample_step,3.775600000011092e-05,1.3179e-05,-2.4577000000110923e-05,0.3490571035057019,-2.4577000000110923e-05,0.3490571035057019
heft_prefill-1024xdecode_256_ops_trace.csv,decode,0,0,22,PIM0,pim,9,"LN:-1,QK:0,Softmax:0,SV:0,Add:-1,LN:-1,SwiGLU:0,SwiGLU:1,Add:-1",5.231600000021874e-05,1.6819e-05,pim|decode|0|eba483edef50291578f13ab69ef2efef,0,sample_step,5.231600000021874e-05,1.6819e-05,-3.549700000021874e-05,0.32148864591959775,-3.549700000021874e-05,0.32148864591959775
heft_prefill-1024xdecode_256_ops_trace.csv,decode,0,0,22,GPU0,npu,14,"Q:0,Q:1,K:0,K:1,V:0,V:1,O:0,O:1,FFN_W1:0,FFN_W3:0,FFN_W1:1,FFN_W3:1,FFN_W2:0,FFN_W2:1",0.0003907303640406923,0.0005032959938049316,npu|decode|0|58672e7680bc9d88d790ef6aa34bd903,0,sample_step,0.0003907303640406923,0.0005032959938049316,0.00011256562976423936,1.2880903050383776,0.00011256562976423936,1.2880903050383776
heft_prefill-1024xdecode_256_ops_trace.csv,decode,0,0,22,PIM1,pim,3,"QK:1,Softmax:1,SV:1",3.775600000011092e-05,1.3179e-05,pim|decode|0|583a2f400a32ef30361deb25375d6d1d,0,sample_step,3.775600000011092e-05,1.3179e-05,-2.4577000000110923e-05,0.3490571035057019,-2.4577000000110923e-05,0.3490571035057019
heft_prefill-1024xdecode_256_ops_trace.csv,decode,0,0,23,PIM0,pim,9,"LN:-1,QK:0,Softmax:0,SV:0,Add:-1,LN:-1,SwiGLU:0,SwiGLU:1,Add:-1",5.231600000021874e-05,1.6819e-05,pim|decode|0|eba483edef50291578f13ab69ef2efef,0,sample_step,5.231600000021874e-05,1.6819e-05,-3.549700000021874e-05,0.32148864591959775,-3.549700000021874e-05,0.32148864591959775
heft_prefill-1024xdecode_256_ops_trace.csv,decode,0,0,23,GPU0,npu,14,"Q:0,Q:1,K:0,K:1,V:0,V:1,O:0,O:1,FFN_W1:0,FFN_W3:0,FFN_W1:1,FFN_W3:1,FFN_W2:0,FFN_W2:1",0.0003907303640406923,0.0005032959938049316,npu|decode|0|58672e7680bc9d88d790ef6aa34bd903,0,sample_step,0.0003907303640406923,0.0005032959938049316,0.00011256562976423936,1.2880903050383776,0.00011256562976423936,1.2880903050383776
heft_prefill-1024xdecode_256_ops_trace.csv,decode,0,0,23,PIM1,pim,3,"QK:1,Softmax:1,SV:1",3.775600000011092e-05,1.3179e-05,pim|decode|0|583a2f400a32ef30361deb25375d6d1d,0,sample_step,3.775600000011092e-05,1.3179e-05,-2.4577000000110923e-05,0.3490571035057019,-2.4577000000110923e-05,0.3490571035057019
heft_prefill-1024xdecode_256_ops_trace.csv,decode,0,0,24,PIM0,pim,9,"LN:-1,QK:0,Softmax:0,SV:0,Add:-1,LN:-1,SwiGLU:0,SwiGLU:1,Add:-1",5.231600000021874e-05,1.6819e-05,pim|decode|0|eba483edef50291578f13ab69ef2efef,0,sample_step,5.231600000021874e-05,1.6819e-05,-3.549700000021874e-05,0.32148864591959775,-3.549700000021874e-05,0.32148864591959775
heft_prefill-1024xdecode_256_ops_trace.csv,decode,0,0,24,GPU0,npu,14,"Q:0,Q:1,K:0,K:1,V:0,V:1,O:0,O:1,FFN_W1:0,FFN_W3:0,FFN_W1:1,FFN_W3:1,FFN_W2:0,FFN_W2:1",0.0003907303640406923,0.0005032959938049316,npu|decode|0|58672e7680bc9d88d790ef6aa34bd903,0,sample_step,0.0003907303640406923,0.0005032959938049316,0.00011256562976423936,1.2880903050383776,0.00011256562976423936,1.2880903050383776
heft_prefill-1024xdecode_256_ops_trace.csv,decode,0,0,24,PIM1,pim,3,"QK:1,Softmax:1,SV:1",3.775600000011092e-05,1.3179e-05,pim|decode|0|583a2f400a32ef30361deb25375d6d1d,0,sample_step,3.775600000011092e-05,1.3179e-05,-2.4577000000110923e-05,0.3490571035057019,-2.4577000000110923e-05,0.3490571035057019
heft_prefill-1024xdecode_256_ops_trace.csv,decode,0,0,25,PIM0,pim,9,"LN:-1,QK:0,Softmax:0,SV:0,Add:-1,LN:-1,SwiGLU:0,SwiGLU:1,Add:-1",5.231600000021874e-05,1.6819e-05,pim|decode|0|eba483edef50291578f13ab69ef2efef,0,sample_step,5.231600000021874e-05,1.6819e-05,-3.549700000021874e-05,0.32148864591959775,-3.549700000021874e-05,0.32148864591959775
heft_prefill-1024xdecode_256_ops_trace.csv,decode,0,0,25,GPU0,npu,14,"Q:0,Q:1,K:0,K:1,V:0,V:1,O:0,O:1,FFN_W1:0,FFN_W3:0,FFN_W1:1,FFN_W3:1,FFN_W2:0,FFN_W2:1",0.0003907303640406923,0.0005032959938049316,npu|decode|0|58672e7680bc9d88d790ef6aa34bd903,0,sample_step,0.0003907303640406923,0.0005032959938049316,0.00011256562976423936,1.2880903050383776,0.00011256562976423936,1.2880903050383776
heft_prefill-1024xdecode_256_ops_trace.csv,decode,0,0,25,PIM1,pim,3,"QK:1,Softmax:1,SV:1",3.775600000011092e-05,1.3179e-05,pim|decode|0|583a2f400a32ef30361deb25375d6d1d,0,sample_step,3.775600000011092e-05,1.3179e-05,-2.4577000000110923e-05,0.3490571035057019,-2.4577000000110923e-05,0.3490571035057019
heft_prefill-1024xdecode_256_ops_trace.csv,decode,0,0,26,PIM0,pim,9,"LN:-1,QK:0,Softmax:0,SV:0,Add:-1,LN:-1,SwiGLU:0,SwiGLU:1,Add:-1",5.231600000021874e-05,1.6819e-05,pim|decode|0|eba483edef50291578f13ab69ef2efef,0,sample_step,5.231600000021874e-05,1.6819e-05,-3.549700000021874e-05,0.32148864591959775,-3.549700000021874e-05,0.32148864591959775
heft_prefill-1024xdecode_256_ops_trace.csv,decode,0,0,26,GPU0,npu,14,"Q:0,Q:1,K:0,K:1,V:0,V:1,O:0,O:1,FFN_W1:0,FFN_W3:0,FFN_W1:1,FFN_W3:1,FFN_W2:0,FFN_W2:1",0.0003907303640406923,0.0005032959938049316,npu|decode|0|58672e7680bc9d88d790ef6aa34bd903,0,sample_step,0.0003907303640406923,0.0005032959938049316,0.00011256562976423936,1.2880903050383776,0.00011256562976423936,1.2880903050383776
heft_prefill-1024xdecode_256_ops_trace.csv,decode,0,0,26,PIM1,pim,3,"QK:1,Softmax:1,SV:1",3.775600000011092e-05,1.3179e-05,pim|decode|0|583a2f400a32ef30361deb25375d6d1d,0,sample_step,3.775600000011092e-05,1.3179e-05,-2.4577000000110923e-05,0.3490571035057019,-2.4577000000110923e-05,0.3490571035057019
heft_prefill-1024xdecode_256_ops_trace.csv,decode,0,0,27,PIM0,pim,9,"LN:-1,QK:0,Softmax:0,SV:0,Add:-1,LN:-1,SwiGLU:0,SwiGLU:1,Add:-1",5.231600000021874e-05,1.6819e-05,pim|decode|0|eba483edef50291578f13ab69ef2efef,0,sample_step,5.231600000021874e-05,1.6819e-05,-3.549700000021874e-05,0.32148864591959775,-3.549700000021874e-05,0.32148864591959775
heft_prefill-1024xdecode_256_ops_trace.csv,decode,0,0,27,GPU0,npu,14,"Q:0,Q:1,K:0,K:1,V:0,V:1,O:0,O:1,FFN_W1:0,FFN_W3:0,FFN_W1:1,FFN_W3:1,FFN_W2:0,FFN_W2:1",0.0003907303640406923,0.0005032959938049316,npu|decode|0|58672e7680bc9d88d790ef6aa34bd903,0,sample_step,0.0003907303640406923,0.0005032959938049316,0.00011256562976423936,1.2880903050383776,0.00011256562976423936,1.2880903050383776
heft_prefill-1024xdecode_256_ops_trace.csv,decode,0,0,27,PIM1,pim,3,"QK:1,Softmax:1,SV:1",3.775600000011092e-05,1.3179e-05,pim|decode|0|583a2f400a32ef30361deb25375d6d1d,0,sample_step,3.775600000011092e-05,1.3179e-05,-2.4577000000110923e-05,0.3490571035057019,-2.4577000000110923e-05,0.3490571035057019
heft_prefill-1024xdecode_256_ops_trace.csv,decode,0,0,28,PIM0,pim,9,"LN:-1,QK:0,Softmax:0,SV:0,Add:-1,LN:-1,SwiGLU:0,SwiGLU:1,Add:-1",5.231600000021874e-05,1.6819e-05,pim|decode|0|eba483edef50291578f13ab69ef2efef,0,sample_step,5.231600000021874e-05,1.6819e-05,-3.549700000021874e-05,0.32148864591959775,-3.549700000021874e-05,0.32148864591959775
heft_prefill-1024xdecode_256_ops_trace.csv,decode,0,0,28,GPU0,npu,14,"Q:0,Q:1,K:0,K:1,V:0,V:1,O:0,O:1,FFN_W1:0,FFN_W3:0,FFN_W1:1,FFN_W3:1,FFN_W2:0,FFN_W2:1",0.0003907303640406923,0.0005032959938049316,npu|decode|0|58672e7680bc9d88d790ef6aa34bd903,0,sample_step,0.0003907303640406923,0.0005032959938049316,0.00011256562976423936,1.2880903050383776,0.00011256562976423936,1.2880903050383776
heft_prefill-1024xdecode_256_ops_trace.csv,decode,0,0,28,PIM1,pim,3,"QK:1,Softmax:1,SV:1",3.775600000011092e-05,1.3179e-05,pim|decode|0|583a2f400a32ef30361deb25375d6d1d,0,sample_step,3.775600000011092e-05,1.3179e-05,-2.4577000000110923e-05,0.3490571035057019,-2.4577000000110923e-05,0.3490571035057019
heft_prefill-1024xdecode_256_ops_trace.csv,decode,0,0,29,PIM0,pim,9,"LN:-1,QK:0,Softmax:0,SV:0,Add:-1,LN:-1,SwiGLU:0,SwiGLU:1,Add:-1",5.231600000021874e-05,1.6819e-05,pim|decode|0|eba483edef50291578f13ab69ef2efef,0,sample_step,5.231600000021874e-05,1.6819e-05,-3.549700000021874e-05,0.32148864591959775,-3.549700000021874e-05,0.32148864591959775
heft_prefill-1024xdecode_256_ops_trace.csv,decode,0,0,29,GPU0,npu,14,"Q:0,Q:1,K:0,K:1,V:0,V:1,O:0,O:1,FFN_W1:0,FFN_W3:0,FFN_W1:1,FFN_W3:1,FFN_W2:0,FFN_W2:1",0.0003907303640406923,0.0005032959938049316,npu|decode|0|58672e7680bc9d88d790ef6aa34bd903,0,sample_step,0.0003907303640406923,0.0005032959938049316,0.00011256562976423936,1.2880903050383776,0.00011256562976423936,1.2880903050383776
heft_prefill-1024xdecode_256_ops_trace.csv,decode,0,0,29,PIM1,pim,3,"QK:1,Softmax:1,SV:1",3.775600000011092e-05,1.3179e-05,pim|decode|0|583a2f400a32ef30361deb25375d6d1d,0,sample_step,3.775600000011092e-05,1.3179e-05,-2.4577000000110923e-05,0.3490571035057019,-2.4577000000110923e-05,0.3490571035057019
heft_prefill-1024xdecode_256_ops_trace.csv,decode,0,0,30,PIM0,pim,9,"LN:-1,QK:0,Softmax:0,SV:0,Add:-1,LN:-1,SwiGLU:0,SwiGLU:1,Add:-1",5.231600000021874e-05,1.6819e-05,pim|decode|0|eba483edef50291578f13ab69ef2efef,0,sample_step,5.231600000021874e-05,1.6819e-05,-3.549700000021874e-05,0.32148864591959775,-3.549700000021874e-05,0.32148864591959775
heft_prefill-1024xdecode_256_ops_trace.csv,decode,0,0,30,GPU0,npu,14,"Q:0,Q:1,K:0,K:1,V:0,V:1,O:0,O:1,FFN_W1:0,FFN_W3:0,FFN_W1:1,FFN_W3:1,FFN_W2:0,FFN_W2:1",0.0003907303640406923,0.0005032959938049316,npu|decode|0|58672e7680bc9d88d790ef6aa34bd903,0,sample_step,0.0003907303640406923,0.0005032959938049316,0.00011256562976423936,1.2880903050383776,0.00011256562976423936,1.2880903050383776
heft_prefill-1024xdecode_256_ops_trace.csv,decode,0,0,30,PIM1,pim,3,"QK:1,Softmax:1,SV:1",3.775600000011092e-05,1.3179e-05,pim|decode|0|583a2f400a32ef30361deb25375d6d1d,0,sample_step,3.775600000011092e-05,1.3179e-05,-2.4577000000110923e-05,0.3490571035057019,-2.4577000000110923e-05,0.3490571035057019
heft_prefill-1024xdecode_256_ops_trace.csv,decode,0,0,31,PIM0,pim,9,"LN:-1,QK:0,Softmax:0,SV:0,Add:-1,LN:-1,SwiGLU:0,SwiGLU:1,Add:-1",5.231600000021874e-05,1.6819e-05,pim|decode|0|eba483edef50291578f13ab69ef2efef,0,sample_step,5.231600000021874e-05,1.6819e-05,-3.549700000021874e-05,0.32148864591959775,-3.549700000021874e-05,0.32148864591959775
heft_prefill-1024xdecode_256_ops_trace.csv,decode,0,0,31,GPU0,npu,14,"Q:0,Q:1,K:0,K:1,V:0,V:1,O:0,O:1,FFN_W1:0,FFN_W3:0,FFN_W1:1,FFN_W3:1,FFN_W2:0,FFN_W2:1",0.0003907303640406923,0.0005032959938049316,npu|decode|0|58672e7680bc9d88d790ef6aa34bd903,0,sample_step,0.0003907303640406923,0.0005032959938049316,0.00011256562976423936,1.2880903050383776,0.00011256562976423936,1.2880903050383776
heft_prefill-1024xdecode_256_ops_trace.csv,decode,0,0,31,PIM1,pim,3,"QK:1,Softmax:1,SV:1",3.775600000011092e-05,1.3179e-05,pim|decode|0|583a2f400a32ef30361deb25375d6d1d,0,sample_step,3.775600000011092e-05,1.3179e-05,-2.4577000000110923e-05,0.3490571035057019,-2.4577000000110923e-05,0.3490571035057019
heft_prefill-1024xdecode_256_ops_trace.csv,decode,1,1,0,PIM0,pim,9,"LN:-1,QK:0,Softmax:0,SV:0,Add:-1,LN:-1,SwiGLU:0,SwiGLU:1,Add:-1",6.727600000011602e-05,1.6819e-05,pim|decode|1|eba483edef50291578f13ab69ef2efef,1,sample_step,0.004238388000007309,0.001059597,-5.045700000011602e-05,0.24999999999956884,-0.0031787910000073095,0.24999999999956887
heft_prefill-1024xdecode_256_ops_trace.csv,decode,1,1,0,GPU0,npu,14,"Q:0,Q:1,K:0,K:1,V:0,V:1,O:0,O:1,FFN_W1:0,FFN_W3:0,FFN_W1:1,FFN_W3:1,FFN_W2:0,FFN_W2:1",0.0003907303640406923,0.0005016575813293456,npu|decode|1|58672e7680bc9d88d790ef6aa34bd903,1,sample_step,0.024616012934563614,0.03160442762374877,0.00011092721728865336,1.2838971001421864,0.006988414689185159,1.2838971001421862
heft_prefill-1024xdecode_256_ops_trace.csv,decode,1,1,0,PIM1,pim,3,"QK:1,Softmax:1,SV:1",5.27160000000082e-05,1.3179e-05,pim|decode|1|583a2f400a32ef30361deb25375d6d1d,1,sample_step,0.0033211080000005166,0.000830277,-3.95370000000082e-05,0.24999999999996111,-0.0024908310000005167,0.24999999999996111
heft_prefill-1024xdecode_256_ops_trace.csv,decode,1,1,1,PIM0,pim,9,"LN:-1,QK:0,Softmax:0,SV:0,Add:-1,LN:-1,SwiGLU:0,SwiGLU:1,Add:-1",6.727600000011602e-05,1.6819e-05,pim|decode|1|eba483edef50291578f13ab69ef2efef,1,sample_step,0.004238388000007309,0.001059597,-5.045700000011602e-05,0.24999999999956884,-0.0031787910000073095,0.24999999999956887
heft_prefill-1024xdecode_256_ops_trace.csv,decode,1,1,1,GPU0,npu,14,"Q:0,Q:1,K:0,K:1,V:0,V:1,O:0,O:1,FFN_W1:0,FFN_W3:0,FFN_W1:1,FFN_W3:1,FFN_W2:0,FFN_W2:1",0.0003907303640406923,0.0005016575813293456,npu|decode|1|58672e7680bc9d88d790ef6aa34bd903,1,sample_step,0.024616012934563614,0.03160442762374877,0.00011092721728865336,1.2838971001421864,0.006988414689185159,1.2838971001421862
heft_prefill-1024xdecode_256_ops_trace.csv,decode,1,1,1,PIM1,pim,3,"QK:1,Softmax:1,SV:1",5.27160000000082e-05,1.3179e-05,pim|decode|1|583a2f400a32ef30361deb25375d6d1d,1,sample_step,0.0033211080000005166,0.000830277,-3.95370000000082e-05,0.24999999999996111,-0.0024908310000005167,0.24999999999996111
heft_prefill-1024xdecode_256_ops_trace.csv,decode,1,1,2,PIM0,pim,9,"LN:-1,QK:0,Softmax:0,SV:0,Add:-1,LN:-1,SwiGLU:0,SwiGLU:1,Add:-1",6.727600000011602e-05,1.6819e-05,pim|decode|1|eba483edef50291578f13ab69ef2efef,1,sample_step,0.004238388000007309,0.001059597,-5.045700000011602e-05,0.24999999999956884,-0.0031787910000073095,0.24999999999956887
heft_prefill-1024xdecode_256_ops_trace.csv,decode,1,1,2,GPU0,npu,14,"Q:0,Q:1,K:0,K:1,V:0,V:1,O:0,O:1,FFN_W1:0,FFN_W3:0,FFN_W1:1,FFN_W3:1,FFN_W2:0,FFN_W2:1",0.0003907303640406923,0.0005016575813293456,npu|decode|1|58672e7680bc9d88d790ef6aa34bd903,1,sample_step,0.024616012934563614,0.03160442762374877,0.00011092721728865336,1.2838971001421864,0.006988414689185159,1.2838971001421862
heft_prefill-1024xdecode_256_ops_trace.csv,decode,1,1,2,PIM1,pim,3,"QK:1,Softmax:1,SV:1",5.27160000000082e-05,1.3179e-05,pim|decode|1|583a2f400a32ef30361deb25375d6d1d,1,sample_step,0.0033211080000005166,0.000830277,-3.95370000000082e-05,0.24999999999996111,-0.0024908310000005167,0.24999999999996111
heft_prefill-1024xdecode_256_ops_trace.csv,decode,1,1,3,PIM0,pim,9,"LN:-1,QK:0,Softmax:0,SV:0,Add:-1,LN:-1,SwiGLU:0,SwiGLU:1,Add:-1",6.727600000011602e-05,1.6819e-05,pim|decode|1|eba483edef50291578f13ab69ef2efef,1,sample_step,0.004238388000007309,0.001059597,-5.045700000011602e-05,0.24999999999956884,-0.0031787910000073095,0.24999999999956887
heft_prefill-1024xdecode_256_ops_trace.csv,decode,1,1,3,GPU0,npu,14,"Q:0,Q:1,K:0,K:1,V:0,V:1,O:0,O:1,FFN_W1:0,FFN_W3:0,FFN_W1:1,FFN_W3:1,FFN_W2:0,FFN_W2:1",0.0003907303640406923,0.0005016575813293456,npu|decode|1|58672e7680bc9d88d790ef6aa34bd903,1,sample_step,0.024616012934563614,0.03160442762374877,0.00011092721728865336,1.2838971001421864,0.006988414689185159,1.2838971001421862
heft_prefill-1024xdecode_256_ops_trace.csv,decode,1,1,3,PIM1,pim,3,"QK:1,Softmax:1,SV:1",5.27160000000082e-05,1.3179e-05,pim|decode|1|583a2f400a32ef30361deb25375d6d1d,1,sample_step,0.0033211080000005166,0.000830277,-3.95370000000082e-05,0.24999999999996111,-0.0024908310000005167,0.24999999999996111
heft_prefill-1024xdecode_256_ops_trace.csv,decode,1,1,4,PIM0,pim,9,"LN:-1,QK:0,Softmax:0,SV:0,Add:-1,LN:-1,SwiGLU:0,SwiGLU:1,Add:-1",6.727600000011602e-05,1.6819e-05,pim|decode|1|eba483edef50291578f13ab69ef2efef,1,sample_step,0.004238388000007309,0.001059597,-5.045700000011602e-05,0.24999999999956884,-0.0031787910000073095,0.24999999999956887
heft_prefill-1024xdecode_256_ops_trace.csv,decode,1,1,4,GPU0,npu,14,"Q:0,Q:1,K:0,K:1,V:0,V:1,O:0,O:1,FFN_W1:0,FFN_W3:0,FFN_W1:1,FFN_W3:1,FFN_W2:0,FFN_W2:1",0.0003907303640406923,0.0005016575813293456,npu|decode|1|58672e7680bc9d88d790ef6aa34bd903,1,sample_step,0.024616012934563614,0.03160442762374877,0.00011092721728865336,1.2838971001421864,0.006988414689185159,1.2838971001421862
heft_prefill-1024xdecode_256_ops_trace.csv,decode,1,1,4,PIM1,pim,3,"QK:1,Softmax:1,SV:1",5.27160000000082e-05,1.3179e-05,pim|decode|1|583a2f400a32ef30361deb25375d6d1d,1,sample_step,0.0033211080000005166,0.000830277,-3.95370000000082e-05,0.24999999999996111,-0.0024908310000005167,0.24999999999996111
heft_prefill-1024xdecode_256_ops_trace.csv,decode,1,1,5,PIM0,pim,9,"LN:-1,QK:0,Softmax:0,SV:0,Add:-1,LN:-1,SwiGLU:0,SwiGLU:1,Add:-1",6.727600000011602e-05,1.6819e-05,pim|decode|1|eba483edef50291578f13ab69ef2efef,1,sample_step,0.004238388000007309,0.001059597,-5.045700000011602e-05,0.24999999999956884,-0.0031787910000073095,0.24999999999956887
heft_prefill-1024xdecode_256_ops_trace.csv,decode,1,1,5,GPU0,npu,14,"Q:0,Q:1,K:0,K:1,V:0,V:1,O:0,O:1,FFN_W1:0,FFN_W3:0,FFN_W1:1,FFN_W3:1,FFN_W2:0,FFN_W2:1",0.0003907303640406923,0.0005016575813293456,npu|decode|1|58672e7680bc9d88d790ef6aa34bd903,1,sample_step,0.024616012934563614,0.03160442762374877,0.00011092721728865336,1.2838971001421864,0.006988414689185159,1.2838971001421862
heft_prefill-1024xdecode_256_ops_trace.csv,decode,1,1,5,PIM1,pim,3,"QK:1,Softmax:1,SV:1",5.27160000000082e-05,1.3179e-05,pim|decode|1|583a2f400a32ef30361deb25375d6d1d,1,sample_step,0.0033211080000005166,0.000830277,-3.95370000000082e-05,0.24999999999996111,-0.0024908310000005167,0.24999999999996111
heft_prefill-1024xdecode_256_ops_trace.csv,decode,1,1,6,PIM0,pim,9,"LN:-1,QK:0,Softmax:0,SV:0,Add:-1,LN:-1,SwiGLU:0,SwiGLU:1,Add:-1",6.727600000011602e-05,1.6819e-05,pim|decode|1|eba483edef50291578f13ab69ef2efef,1,sample_step,0.004238388000007309,0.001059597,-5.045700000011602e-05,0.24999999999956884,-0.0031787910000073095,0.24999999999956887
heft_prefill-1024xdecode_256_ops_trace.csv,decode,1,1,6,GPU0,npu,14,"Q:0,Q:1,K:0,K:1,V:0,V:1,O:0,O:1,FFN_W1:0,FFN_W3:0,FFN_W1:1,FFN_W3:1,FFN_W2:0,FFN_W2:1",0.0003907303640406923,0.0005016575813293456,npu|decode|1|58672e7680bc9d88d790ef6aa34bd903,1,sample_step,0.024616012934563614,0.03160442762374877,0.00011092721728865336,1.2838971001421864,0.006988414689185159,1.2838971001421862
heft_prefill-1024xdecode_256_ops_trace.csv,decode,1,1,6,PIM1,pim,3,"QK:1,Softmax:1,SV:1",5.27160000000082e-05,1.3179e-05,pim|decode|1|583a2f400a32ef30361deb25375d6d1d,1,sample_step,0.0033211080000005166,0.000830277,-3.95370000000082e-05,0.24999999999996111,-0.0024908310000005167,0.24999999999996111
heft_prefill-1024xdecode_256_ops_trace.csv,decode,1,1,7,PIM0,pim,9,"LN:-1,QK:0,Softmax:0,SV:0,Add:-1,LN:-1,SwiGLU:0,SwiGLU:1,Add:-1",6.727600000011602e-05,1.6819e-05,pim|decode|1|eba483edef50291578f13ab69ef2efef,1,sample_step,0.004238388000007309,0.001059597,-5.045700000011602e-05,0.24999999999956884,-0.0031787910000073095,0.24999999999956887
heft_prefill-1024xdecode_256_ops_trace.csv,decode,1,1,7,GPU0,npu,14,"Q:0,Q:1,K:0,K:1,V:0,V:1,O:0,O:1,FFN_W1:0,FFN_W3:0,FFN_W1:1,FFN_W3:1,FFN_W2:0,FFN_W2:1",0.0003907303640406923,0.0005016575813293456,npu|decode|1|58672e7680bc9d88d790ef6aa34bd903,1,sample_step,0.024616012934563614,0.03160442762374877,0.00011092721728865336,1.2838971001421864,0.006988414689185159,1.2838971001421862
heft_prefill-1024xdecode_256_ops_trace.csv,decode,1,1,7,PIM1,pim,3,"QK:1,Softmax:1,SV:1",5.27160000000082e-05,1.3179e-05,pim|decode|1|583a2f400a32ef30361deb25375d6d1d,1,sample_step,0.0033211080000005166,0.000830277,-3.95370000000082e-05,0.24999999999996111,-0.0024908310000005167,0.24999999999996111
heft_prefill-1024xdecode_256_ops_trace.csv,decode,1,1,8,PIM0,pim,9,"LN:-1,QK:0,Softmax:0,SV:0,Add:-1,LN:-1,SwiGLU:0,SwiGLU:1,Add:-1",6.727600000011602e-05,1.6819e-05,pim|decode|1|eba483edef50291578f13ab69ef2efef,1,sample_step,0.004238388000007309,0.001059597,-5.045700000011602e-05,0.24999999999956884,-0.0031787910000073095,0.24999999999956887
heft_prefill-1024xdecode_256_ops_trace.csv,decode,1,1,8,GPU0,npu,14,"Q:0,Q:1,K:0,K:1,V:0,V:1,O:0,O:1,FFN_W1:0,FFN_W3:0,FFN_W1:1,FFN_W3:1,FFN_W2:0,FFN_W2:1",0.0003907303640406923,0.0005016575813293456,npu|decode|1|58672e7680bc9d88d790ef6aa34bd903,1,sample_step,0.024616012934563614,0.03160442762374877,0.00011092721728865336,1.2838971001421864,0.006988414689185159,1.2838971001421862
heft_prefill-1024xdecode_256_ops_trace.csv,decode,1,1,8,PIM1,pim,3,"QK:1,Softmax:1,SV:1",5.27160000000082e-05,1.3179e-05,pim|decode|1|583a2f400a32ef30361deb25375d6d1d,1,sample_step,0.0033211080000005166,0.000830277,-3.95370000000082e-05,0.24999999999996111,-0.0024908310000005167,0.24999999999996111
heft_prefill-1024xdecode_256_ops_trace.csv,decode,1,1,9,PIM0,pim,9,"LN:-1,QK:0,Softmax:0,SV:0,Add:-1,LN:-1,SwiGLU:0,SwiGLU:1,Add:-1",6.727600000011602e-05,1.6819e-05,pim|decode|1|eba483edef50291578f13ab69ef2efef,1,sample_step,0.004238388000007309,0.001059597,-5.045700000011602e-05,0.24999999999956884,-0.0031787910000073095,0.24999999999956887
heft_prefill-1024xdecode_256_ops_trace.csv,decode,1,1,9,GPU0,npu,14,"Q:0,Q:1,K:0,K:1,V:0,V:1,O:0,O:1,FFN_W1:0,FFN_W3:0,FFN_W1:1,FFN_W3:1,FFN_W2:0,FFN_W2:1",0.0003907303640406923,0.0005016575813293456,npu|decode|1|58672e7680bc9d88d790ef6aa34bd903,1,sample_step,0.024616012934563614,0.03160442762374877,0.00011092721728865336,1.2838971001421864,0.006988414689185159,1.2838971001421862
heft_prefill-1024xdecode_256_ops_trace.csv,decode,1,1,9,PIM1,pim,3,"QK:1,Softmax:1,SV:1",5.27160000000082e-05,1.3179e-05,pim|decode|1|583a2f400a32ef30361deb25375d6d1d,1,sample_step,0.0033211080000005166,0.000830277,-3.95370000000082e-05,0.24999999999996111,-0.0024908310000005167,0.24999999999996111
heft_prefill-1024xdecode_256_ops_trace.csv,decode,1,1,10,PIM0,pim,9,"LN:-1,QK:0,Softmax:0,SV:0,Add:-1,LN:-1,SwiGLU:0,SwiGLU:1,Add:-1",6.727600000011602e-05,1.6819e-05,pim|decode|1|eba483edef50291578f13ab69ef2efef,1,sample_step,0.004238388000007309,0.001059597,-5.045700000011602e-05,0.24999999999956884,-0.0031787910000073095,0.24999999999956887
heft_prefill-1024xdecode_256_ops_trace.csv,decode,1,1,10,GPU0,npu,14,"Q:0,Q:1,K:0,K:1,V:0,V:1,O:0,O:1,FFN_W1:0,FFN_W3:0,FFN_W1:1,FFN_W3:1,FFN_W2:0,FFN_W2:1",0.0003907303640406923,0.0005016575813293456,npu|decode|1|58672e7680bc9d88d790ef6aa34bd903,1,sample_step,0.024616012934563614,0.03160442762374877,0.00011092721728865336,1.2838971001421864,0.006988414689185159,1.2838971001421862
heft_prefill-1024xdecode_256_ops_trace.csv,decode,1,1,10,PIM1,pim,3,"QK:1,Softmax:1,SV:1",5.27160000000082e-05,1.3179e-05,pim|decode|1|583a2f400a32ef30361deb25375d6d1d,1,sample_step,0.0033211080000005166,0.000830277,-3.95370000000082e-05,0.24999999999996111,-0.0024908310000005167,0.24999999999996111
heft_prefill-1024xdecode_256_ops_trace.csv,decode,1,1,11,PIM0,pim,9,"LN:-1,QK:0,Softmax:0,SV:0,Add:-1,LN:-1,SwiGLU:0,SwiGLU:1,Add:-1",6.727600000011602e-05,1.6819e-05,pim|decode|1|eba483edef50291578f13ab69ef2efef,1,sample_step,0.004238388000007309,0.001059597,-5.045700000011602e-05,0.24999999999956884,-0.0031787910000073095,0.24999999999956887
heft_prefill-1024xdecode_256_ops_trace.csv,decode,1,1,11,GPU0,npu,14,"Q:0,Q:1,K:0,K:1,V:0,V:1,O:0,O:1,FFN_W1:0,FFN_W3:0,FFN_W1:1,FFN_W3:1,FFN_W2:0,FFN_W2:1",0.0003907303640406923,0.0005016575813293456,npu|decode|1|58672e7680bc9d88d790ef6aa34bd903,1,sample_step,0.024616012934563614,0.03160442762374877,0.00011092721728865336,1.2838971001421864,0.006988414689185159,1.2838971001421862
heft_prefill-1024xdecode_256_ops_trace.csv,decode,1,1,11,PIM1,pim,3,"QK:1,Softmax:1,SV:1",5.27160000000082e-05,1.3179e-05,pim|decode|1|583a2f400a32ef30361deb25375d6d1d,1,sample_step,0.0033211080000005166,0.000830277,-3.95370000000082e-05,0.24999999999996111,-0.0024908310000005167,0.24999999999996111
heft_prefill-1024xdecode_256_ops_trace.csv,decode,1,1,12,PIM0,pim,9,"LN:-1,QK:0,Softmax:0,SV:0,Add:-1,LN:-1,SwiGLU:0,SwiGLU:1,Add:-1",6.727600000011602e-05,1.6819e-05,pim|decode|1|eba483edef50291578f13ab69ef2efef,1,sample_step,0.004238388000007309,0.001059597,-5.045700000011602e-05,0.24999999999956884,-0.0031787910000073095,0.24999999999956887
heft_prefill-1024xdecode_256_ops_trace.csv,decode,1,1,12,GPU0,npu,14,"Q:0,Q:1,K:0,K:1,V:0,V:1,O:0,O:1,FFN_W1:0,FFN_W3:0,FFN_W1:1,FFN_W3:1,FFN_W2:0,FFN_W2:1",0.0003907303640406923,0.0005016575813293456,npu|decode|1|58672e7680bc9d88d790ef6aa34bd903,1,sample_step,0.024616012934563614,0.03160442762374877,0.00011092721728865336,1.2838971001421864,0.006988414689185159,1.2838971001421862
heft_prefill-1024xdecode_256_ops_trace.csv,decode,1,1,12,PIM1,pim,3,"QK:1,Softmax:1,SV:1",5.27160000000082e-05,1.3179e-05,pim|decode|1|583a2f400a32ef30361deb25375d6d1d,1,sample_step,0.0033211080000005166,0.000830277,-3.95370000000082e-05,0.24999999999996111,-0.0024908310000005167,0.24999999999996111
heft_prefill-1024xdecode_256_ops_trace.csv,decode,1,1,13,PIM0,pim,9,"LN:-1,QK:0,Softmax:0,SV:0,Add:-1,LN:-1,SwiGLU:0,SwiGLU:1,Add:-1",6.727600000011602e-05,1.6819e-05,pim|decode|1|eba483edef50291578f13ab69ef2efef,1,sample_step,0.004238388000007309,0.001059597,-5.045700000011602e-05,0.24999999999956884,-0.0031787910000073095,0.24999999999956887
heft_prefill-1024xdecode_256_ops_trace.csv,decode,1,1,13,GPU0,npu,14,"Q:0,Q:1,K:0,K:1,V:0,V:1,O:0,O:1,FFN_W1:0,FFN_W3:0,FFN_W1:1,FFN_W3:1,FFN_W2:0,FFN_W2:1",0.0003907303640406923,0.0005016575813293456,npu|decode|1|58672e7680bc9d88d790ef6aa34bd903,1,sample_step,0.024616012934563614,0.03160442762374877,0.00011092721728865336,1.2838971001421864,0.006988414689185159,1.2838971001421862
heft_prefill-1024xdecode_256_ops_trace.csv,decode,1,1,13,PIM1,pim,3,"QK:1,Softmax:1,SV:1",5.27160000000082e-05,1.3179e-05,pim|decode|1|583a2f400a32ef30361deb25375d6d1d,1,sample_step,0.0033211080000005166,0.000830277,-3.95370000000082e-05,0.24999999999996111,-0.0024908310000005167,0.24999999999996111
heft_prefill-1024xdecode_256_ops_trace.csv,decode,1,1,14,PIM0,pim,9,"LN:-1,QK:0,Softmax:0,SV:0,Add:-1,LN:-1,SwiGLU:0,SwiGLU:1,Add:-1",6.727600000011602e-05,1.6819e-05,pim|decode|1|eba483edef50291578f13ab69ef2efef,1,sample_step,0.004238388000007309,0.001059597,-5.045700000011602e-05,0.24999999999956884,-0.0031787910000073095,0.24999999999956887
heft_prefill-1024xdecode_256_ops_trace.csv,decode,1,1,14,GPU0,npu,14,"Q:0,Q:1,K:0,K:1,V:0,V:1,O:0,O:1,FFN_W1:0,FFN_W3:0,FFN_W1:1,FFN_W3:1,FFN_W2:0,FFN_W2:1",0.0003907303640406923,0.0005016575813293456,npu|decode|1|58672e7680bc9d88d790ef6aa34bd903,1,sample_step,0.024616012934563614,0.03160442762374877,0.00011092721728865336,1.2838971001421864,0.006988414689185159,1.2838971001421862
heft_prefill-1024xdecode_256_ops_trace.csv,decode,1,1,14,PIM1,pim,3,"QK:1,Softmax:1,SV:1",5.27160000000082e-05,1.3179e-05,pim|decode|1|583a2f400a32ef30361deb25375d6d1d,1,sample_step,0.0033211080000005166,0.000830277,-3.95370000000082e-05,0.24999999999996111,-0.0024908310000005167,0.24999999999996111
heft_prefill-1024xdecode_256_ops_trace.csv,decode,1,1,15,PIM0,pim,9,"LN:-1,QK:0,Softmax:0,SV:0,Add:-1,LN:-1,SwiGLU:0,SwiGLU:1,Add:-1",6.727600000011602e-05,1.6819e-05,pim|decode|1|eba483edef50291578f13ab69ef2efef,1,sample_step,0.004238388000007309,0.001059597,-5.045700000011602e-05,0.24999999999956884,-0.0031787910000073095,0.24999999999956887
heft_prefill-1024xdecode_256_ops_trace.csv,decode,1,1,15,GPU0,npu,14,"Q:0,Q:1,K:0,K:1,V:0,V:1,O:0,O:1,FFN_W1:0,FFN_W3:0,FFN_W1:1,FFN_W3:1,FFN_W2:0,FFN_W2:1",0.0003907303640406923,0.0005016575813293456,npu|decode|1|58672e7680bc9d88d790ef6aa34bd903,1,sample_step,0.024616012934563614,0.03160442762374877,0.00011092721728865336,1.2838971001421864,0.006988414689185159,1.2838971001421862
heft_prefill-1024xdecode_256_ops_trace.csv,decode,1,1,15,PIM1,pim,3,"QK:1,Softmax:1,SV:1",5.27160000000082e-05,1.3179e-05,pim|decode|1|583a2f400a32ef30361deb25375d6d1d,1,sample_step,0.0033211080000005166,0.000830277,-3.95370000000082e-05,0.24999999999996111,-0.0024908310000005167,0.24999999999996111
heft_prefill-1024xdecode_256_ops_trace.csv,decode,1,1,16,PIM0,pim,9,"LN:-1,QK:0,Softmax:0,SV:0,Add:-1,LN:-1,SwiGLU:0,SwiGLU:1,Add:-1",6.727600000011602e-05,1.6819e-05,pim|decode|1|eba483edef50291578f13ab69ef2efef,1,sample_step,0.004238388000007309,0.001059597,-5.045700000011602e-05,0.24999999999956884,-0.0031787910000073095,0.24999999999956887
heft_prefill-1024xdecode_256_ops_trace.csv,decode,1,1,16,GPU0,npu,14,"Q:0,Q:1,K:0,K:1,V:0,V:1,O:0,O:1,FFN_W1:0,FFN_W3:0,FFN_W1:1,FFN_W3:1,FFN_W2:0,FFN_W2:1",0.0003907303640406923,0.0005016575813293456,npu|decode|1|58672e7680bc9d88d790ef6aa34bd903,1,sample_step,0.024616012934563614,0.03160442762374877,0.00011092721728865336,1.2838971001421864,0.006988414689185159,1.2838971001421862
heft_prefill-1024xdecode_256_ops_trace.csv,decode,1,1,16,PIM1,pim,3,"QK:1,Softmax:1,SV:1",5.27160000000082e-05,1.3179e-05,pim|decode|1|583a2f400a32ef30361deb25375d6d1d,1,sample_step,0.0033211080000005166,0.000830277,-3.95370000000082e-05,0.24999999999996111,-0.0024908310000005167,0.24999999999996111
heft_prefill-1024xdecode_256_ops_trace.csv,decode,1,1,17,PIM0,pim,9,"LN:-1,QK:0,Softmax:0,SV:0,Add:-1,LN:-1,SwiGLU:0,SwiGLU:1,Add:-1",6.727600000011602e-05,1.6819e-05,pim|decode|1|eba483edef50291578f13ab69ef2efef,1,sample_step,0.004238388000007309,0.001059597,-5.045700000011602e-05,0.24999999999956884,-0.0031787910000073095,0.24999999999956887
heft_prefill-1024xdecode_256_ops_trace.csv,decode,1,1,17,GPU0,npu,14,"Q:0,Q:1,K:0,K:1,V:0,V:1,O:0,O:1,FFN_W1:0,FFN_W3:0,FFN_W1:1,FFN_W3:1,FFN_W2:0,FFN_W2:1",0.0003907303640406923,0.0005016575813293456,npu|decode|1|58672e7680bc9d88d790ef6aa34bd903,1,sample_step,0.024616012934563614,0.03160442762374877,0.00011092721728865336,1.2838971001421864,0.006988414689185159,1.2838971001421862
heft_prefill-1024xdecode_256_ops_trace.csv,decode,1,1,17,PIM1,pim,3,"QK:1,Softmax:1,SV:1",5.27160000000082e-05,1.3179e-05,pim|decode|1|583a2f400a32ef30361deb25375d6d1d,1,sample_step,0.0033211080000005166,0.000830277,-3.95370000000082e-05,0.24999999999996111,-0.0024908310000005167,0.24999999999996111
heft_prefill-1024xdecode_256_ops_trace.csv,decode,1,1,18,PIM0,pim,9,"LN:-1,QK:0,Softmax:0,SV:0,Add:-1,LN:-1,SwiGLU:0,SwiGLU:1,Add:-1",6.727600000011602e-05,1.6819e-05,pim|decode|1|eba483edef50291578f13ab69ef2efef,1,sample_step,0.004238388000007309,0.001059597,-5.045700000011602e-05,0.24999999999956884,-0.0031787910000073095,0.24999999999956887
heft_prefill-1024xdecode_256_ops_trace.csv,decode,1,1,18,GPU0,npu,14,"Q:0,Q:1,K:0,K:1,V:0,V:1,O:0,O:1,FFN_W1:0,FFN_W3:0,FFN_W1:1,FFN_W3:1,FFN_W2:0,FFN_W2:1",0.0003907303640406923,0.0005016575813293456,npu|decode|1|58672e7680bc9d88d790ef6aa34bd903,1,sample_step,0.024616012934563614,0.03160442762374877,0.00011092721728865336,1.2838971001421864,0.006988414689185159,1.2838971001421862
heft_prefill-1024xdecode_256_ops_trace.csv,decode,1,1,18,PIM1,pim,3,"QK:1,Softmax:1,SV:1",5.27160000000082e-05,1.3179e-05,pim|decode|1|583a2f400a32ef30361deb25375d6d1d,1,sample_step,0.0033211080000005166,0.000830277,-3.95370000000082e-05,0.24999999999996111,-0.0024908310000005167,0.24999999999996111
heft_prefill-1024xdecode_256_ops_trace.csv,decode,1,1,19,PIM0,pim,9,"LN:-1,QK:0,Softmax:0,SV:0,Add:-1,LN:-1,SwiGLU:0,SwiGLU:1,Add:-1",6.727600000011602e-05,1.6819e-05,pim|decode|1|eba483edef50291578f13ab69ef2efef,1,sample_step,0.004238388000007309,0.001059597,-5.045700000011602e-05,0.24999999999956884,-0.0031787910000073095,0.24999999999956887
heft_prefill-1024xdecode_256_ops_trace.csv,decode,1,1,19,GPU0,npu,14,"Q:0,Q:1,K:0,K:1,V:0,V:1,O:0,O:1,FFN_W1:0,FFN_W3:0,FFN_W1:1,FFN_W3:1,FFN_W2:0,FFN_W2:1",0.0003907303640406923,0.0005016575813293456,npu|decode|1|58672e7680bc9d88d790ef6aa34bd903,1,sample_step,0.024616012934563614,0.03160442762374877,0.00011092721728865336,1.2838971001421864,0.006988414689185159,1.2838971001421862
heft_prefill-1024xdecode_256_ops_trace.csv,decode,1,1,19,PIM1,pim,3,"QK:1,Softmax:1,SV:1",5.27160000000082e-05,1.3179e-05,pim|decode|1|583a2f400a32ef30361deb25375d6d1d,1,sample_step,0.0033211080000005166,0.000830277,-3.95370000000082e-05,0.24999999999996111,-0.0024908310000005167,0.24999999999996111
heft_prefill-1024xdecode_256_ops_trace.csv,decode,1,1,20,PIM0,pim,9,"LN:-1,QK:0,Softmax:0,SV:0,Add:-1,LN:-1,SwiGLU:0,SwiGLU:1,Add:-1",6.727600000011602e-05,1.6819e-05,pim|decode|1|eba483edef50291578f13ab69ef2efef,1,sample_step,0.004238388000007309,0.001059597,-5.045700000011602e-05,0.24999999999956884,-0.0031787910000073095,0.24999999999956887
heft_prefill-1024xdecode_256_ops_trace.csv,decode,1,1,20,GPU0,npu,14,"Q:0,Q:1,K:0,K:1,V:0,V:1,O:0,O:1,FFN_W1:0,FFN_W3:0,FFN_W1:1,FFN_W3:1,FFN_W2:0,FFN_W2:1",0.0003907303640406923,0.0005016575813293456,npu|decode|1|58672e7680bc9d88d790ef6aa34bd903,1,sample_step,0.024616012934563614,0.03160442762374877,0.00011092721728865336,1.2838971001421864,0.006988414689185159,1.2838971001421862
heft_prefill-1024xdecode_256_ops_trace.csv,decode,1,1,20,PIM1,pim,3,"QK:1,Softmax:1,SV:1",5.27160000000082e-05,1.3179e-05,pim|decode|1|583a2f400a32ef30361deb25375d6d1d,1,sample_step,0.0033211080000005166,0.000830277,-3.95370000000082e-05,0.24999999999996111,-0.0024908310000005167,0.24999999999996111
heft_prefill-1024xdecode_256_ops_trace.csv,decode,1,1,21,PIM0,pim,9,"LN:-1,QK:0,Softmax:0,SV:0,Add:-1,LN:-1,SwiGLU:0,SwiGLU:1,Add:-1",6.727600000011602e-05,1.6819e-05,pim|decode|1|eba483edef50291578f13ab69ef2efef,1,sample_step,0.004238388000007309,0.001059597,-5.045700000011602e-05,0.24999999999956884,-0.0031787910000073095,0.24999999999956887
heft_prefill-1024xdecode_256_ops_trace.csv,decode,1,1,21,GPU0,npu,14,"Q:0,Q:1,K:0,K:1,V:0,V:1,O:0,O:1,FFN_W1:0,FFN_W3:0,FFN_W1:1,FFN_W3:1,FFN_W2:0,FFN_W2:1",0.0003907303640406923,0.0005016575813293456,npu|decode|1|58672e7680bc9d88d790ef6aa34bd903,1,sample_step,0.024616012934563614,0.03160442762374877,0.00011092721728865336,1.2838971001421864,0.006988414689185159,1.2838971001421862
heft_prefill-1024xdecode_256_ops_trace.csv,decode,1,1,21,PIM1,pim,3,"QK:1,Softmax:1,SV:1",5.27160000000082e-05,1.3179e-05,pim|decode|1|583a2f400a32ef30361deb25375d6d1d,1,sample_step,0.0033211080000005166,0.000830277,-3.95370000000082e-05,0.24999999999996111,-0.0024908310000005167,0.24999999999996111
heft_prefill-1024xdecode_256_ops_trace.csv,decode,1,1,22,PIM0,pim,9,"LN:-1,QK:0,Softmax:0,SV:0,Add:-1,LN:-1,SwiGLU:0,SwiGLU:1,Add:-1",6.727600000011602e-05,1.6819e-05,pim|decode|1|eba483edef50291578f13ab69ef2efef,1,sample_step,0.004238388000007309,0.001059597,-5.045700000011602e-05,0.24999999999956884,-0.0031787910000073095,0.24999999999956887
heft_prefill-1024xdecode_256_ops_trace.csv,decode,1,1,22,GPU0,npu,14,"Q:0,Q:1,K:0,K:1,V:0,V:1,O:0,O:1,FFN_W1:0,FFN_W3:0,FFN_W1:1,FFN_W3:1,FFN_W2:0,FFN_W2:1",0.0003907303640406923,0.0005016575813293456,npu|decode|1|58672e7680bc9d88d790ef6aa34bd903,1,sample_step,0.024616012934563614,0.03160442762374877,0.00011092721728865336,1.2838971001421864,0.006988414689185159,1.2838971001421862
heft_prefill-1024xdecode_256_ops_trace.csv,decode,1,1,22,PIM1,pim,3,"QK:1,Softmax:1,SV:1",5.27160000000082e-05,1.3179e-05,pim|decode|1|583a2f400a32ef30361deb25375d6d1d,1,sample_step,0.0033211080000005166,0.000830277,-3.95370000000082e-05,0.24999999999996111,-0.0024908310000005167,0.24999999999996111
heft_prefill-1024xdecode_256_ops_trace.csv,decode,1,1,23,PIM0,pim,9,"LN:-1,QK:0,Softmax:0,SV:0,Add:-1,LN:-1,SwiGLU:0,SwiGLU:1,Add:-1",6.727600000011602e-05,1.6819e-05,pim|decode|1|eba483edef50291578f13ab69ef2efef,1,sample_step,0.004238388000007309,0.001059597,-5.045700000011602e-05,0.24999999999956884,-0.0031787910000073095,0.24999999999956887
heft_prefill-1024xdecode_256_ops_trace.csv,decode,1,1,23,GPU0,npu,14,"Q:0,Q:1,K:0,K:1,V:0,V:1,O:0,O:1,FFN_W1:0,FFN_W3:0,FFN_W1:1,FFN_W3:1,FFN_W2:0,FFN_W2:1",0.0003907303640406923,0.0005016575813293456,npu|decode|1|58672e7680bc9d88d790ef6aa34bd903,1,sample_step,0.024616012934563614,0.03160442762374877,0.00011092721728865336,1.2838971001421864,0.006988414689185159,1.2838971001421862
heft_prefill-1024xdecode_256_ops_trace.csv,decode,1,1,23,PIM1,pim,3,"QK:1,Softmax:1,SV:1",5.27160000000082e-05,1.3179e-05,pim|decode|1|583a2f400a32ef30361deb25375d6d1d,1,sample_step,0.0033211080000005166,0.000830277,-3.95370000000082e-05,0.24999999999996111,-0.0024908310000005167,0.24999999999996111
heft_prefill-1024xdecode_256_ops_trace.csv,decode,1,1,24,PIM0,pim,9,"LN:-1,QK:0,Softmax:0,SV:0,Add:-1,LN:-1,SwiGLU:0,SwiGLU:1,Add:-1",6.727600000011602e-05,1.6819e-05,pim|decode|1|eba483edef50291578f13ab69ef2efef,1,sample_step,0.004238388000007309,0.001059597,-5.045700000011602e-05,0.24999999999956884,-0.0031787910000073095,0.24999999999956887
heft_prefill-1024xdecode_256_ops_trace.csv,decode,1,1,24,GPU0,npu,14,"Q:0,Q:1,K:0,K:1,V:0,V:1,O:0,O:1,FFN_W1:0,FFN_W3:0,FFN_W1:1,FFN_W3:1,FFN_W2:0,FFN_W2:1",0.0003907303640406923,0.0005016575813293456,npu|decode|1|58672e7680bc9d88d790ef6aa34bd903,1,sample_step,0.024616012934563614,0.03160442762374877,0.00011092721728865336,1.2838971001421864,0.006988414689185159,1.2838971001421862
heft_prefill-1024xdecode_256_ops_trace.csv,decode,1,1,24,PIM1,pim,3,"QK:1,Softmax:1,SV:1",5.27160000000082e-05,1.3179e-05,pim|decode|1|583a2f400a32ef30361deb25375d6d1d,1,sample_step,0.0033211080000005166,0.000830277,-3.95370000000082e-05,0.24999999999996111,-0.0024908310000005167,0.24999999999996111
heft_prefill-1024xdecode_256_ops_trace.csv,decode,1,1,25,PIM0,pim,9,"LN:-1,QK:0,Softmax:0,SV:0,Add:-1,LN:-1,SwiGLU:0,SwiGLU:1,Add:-1",6.727600000011602e-05,1.6819e-05,pim|decode|1|eba483edef50291578f13ab69ef2efef,1,sample_step,0.004238388000007309,0.001059597,-5.045700000011602e-05,0.24999999999956884,-0.0031787910000073095,0.24999999999956887
heft_prefill-1024xdecode_256_ops_trace.csv,decode,1,1,25,GPU0,npu,14,"Q:0,Q:1,K:0,K:1,V:0,V:1,O:0,O:1,FFN_W1:0,FFN_W3:0,FFN_W1:1,FFN_W3:1,FFN_W2:0,FFN_W2:1",0.0003907303640406923,0.0005016575813293456,npu|decode|1|58672e7680bc9d88d790ef6aa34bd903,1,sample_step,0.024616012934563614,0.03160442762374877,0.00011092721728865336,1.2838971001421864,0.006988414689185159,1.2838971001421862
heft_prefill-1024xdecode_256_ops_trace.csv,decode,1,1,25,PIM1,pim,3,"QK:1,Softmax:1,SV:1",5.27160000000082e-05,1.3179e-05,pim|decode|1|583a2f400a32ef30361deb25375d6d1d,1,sample_step,0.0033211080000005166,0.000830277,-3.95370000000082e-05,0.24999999999996111,-0.0024908310000005167,0.24999999999996111
heft_prefill-1024xdecode_256_ops_trace.csv,decode,1,1,26,PIM0,pim,9,"LN:-1,QK:0,Softmax:0,SV:0,Add:-1,LN:-1,SwiGLU:0,SwiGLU:1,Add:-1",6.727600000011602e-05,1.6819e-05,pim|decode|1|eba483edef50291578f13ab69ef2efef,1,sample_step,0.004238388000007309,0.001059597,-5.045700000011602e-05,0.24999999999956884,-0.0031787910000073095,0.24999999999956887
heft_prefill-1024xdecode_256_ops_trace.csv,decode,1,1,26,GPU0,npu,14,"Q:0,Q:1,K:0,K:1,V:0,V:1,O:0,O:1,FFN_W1:0,FFN_W3:0,FFN_W1:1,FFN_W3:1,FFN_W2:0,FFN_W2:1",0.0003907303640406923,0.0005016575813293456,npu|decode|1|58672e7680bc9d88d790ef6aa34bd903,1,sample_step,0.024616012934563614,0.03160442762374877,0.00011092721728865336,1.2838971001421864,0.006988414689185159,1.2838971001421862
heft_prefill-1024xdecode_256_ops_trace.csv,decode,1,1,26,PIM1,pim,3,"QK:1,Softmax:1,SV:1",5.27160000000082e-05,1.3179e-05,pim|decode|1|583a2f400a32ef30361deb25375d6d1d,1,sample_step,0.0033211080000005166,0.000830277,-3.95370000000082e-05,0.24999999999996111,-0.0024908310000005167,0.24999999999996111
heft_prefill-1024xdecode_256_ops_trace.csv,decode,1,1,27,PIM0,pim,9,"LN:-1,QK:0,Softmax:0,SV:0,Add:-1,LN:-1,SwiGLU:0,SwiGLU:1,Add:-1",6.727600000011602e-05,1.6819e-05,pim|decode|1|eba483edef50291578f13ab69ef2efef,1,sample_step,0.004238388000007309,0.001059597,-5.045700000011602e-05,0.24999999999956884,-0.0031787910000073095,0.24999999999956887
heft_prefill-1024xdecode_256_ops_trace.csv,decode,1,1,27,GPU0,npu,14,"Q:0,Q:1,K:0,K:1,V:0,V:1,O:0,O:1,FFN_W1:0,FFN_W3:0,FFN_W1:1,FFN_W3:1,FFN_W2:0,FFN_W2:1",0.0003907303640406923,0.0005016575813293456,npu|decode|1|58672e7680bc9d88d790ef6aa34bd903,1,sample_step,0.024616012934563614,0.03160442762374877,0.00011092721728865336,1.2838971001421864,0.006988414689185159,1.2838971001421862
heft_prefill-1024xdecode_256_ops_trace.csv,decode,1,1,27,PIM1,pim,3,"QK:1,Softmax:1,SV:1",5.27160000000082e-05,1.3179e-05,pim|decode|1|583a2f400a32ef30361deb25375d6d1d,1,sample_step,0.0033211080000005166,0.000830277,-3.95370000000082e-05,0.24999999999996111,-0.0024908310000005167,0.24999999999996111
heft_prefill-1024xdecode_256_ops_trace.csv,decode,1,1,28,PIM0,pim,9,"LN:-1,QK:0,Softmax:0,SV:0,Add:-1,LN:-1,SwiGLU:0,SwiGLU:1,Add:-1",6.727600000011602e-05,1.6819e-05,pim|decode|1|eba483edef50291578f13ab69ef2efef,1,sample_step,0.004238388000007309,0.001059597,-5.045700000011602e-05,0.24999999999956884,-0.0031787910000073095,0.24999999999956887
heft_prefill-1024xdecode_256_ops_trace.csv,decode,1,1,28,GPU0,npu,14,"Q:0,Q:1,K:0,K:1,V:0,V:1,O:0,O:1,FFN_W1:0,FFN_W3:0,FFN_W1:1,FFN_W3:1,FFN_W2:0,FFN_W2:1",0.0003907303640406923,0.0005016575813293456,npu|decode|1|58672e7680bc9d88d790ef6aa34bd903,1,sample_step,0.024616012934563614,0.03160442762374877,0.00011092721728865336,1.2838971001421864,0.006988414689185159,1.2838971001421862
heft_prefill-1024xdecode_256_ops_trace.csv,decode,1,1,28,PIM1,pim,3,"QK:1,Softmax:1,SV:1",5.27160000000082e-05,1.3179e-05,pim|decode|1|583a2f400a32ef30361deb25375d6d1d,1,sample_step,0.0033211080000005166,0.000830277,-3.95370000000082e-05,0.24999999999996111,-0.0024908310000005167,0.24999999999996111
heft_prefill-1024xdecode_256_ops_trace.csv,decode,1,1,29,PIM0,pim,9,"LN:-1,QK:0,Softmax:0,SV:0,Add:-1,LN:-1,SwiGLU:0,SwiGLU:1,Add:-1",6.727600000011602e-05,1.6819e-05,pim|decode|1|eba483edef50291578f13ab69ef2efef,1,sample_step,0.004238388000007309,0.001059597,-5.045700000011602e-05,0.24999999999956884,-0.0031787910000073095,0.24999999999956887
heft_prefill-1024xdecode_256_ops_trace.csv,decode,1,1,29,GPU0,npu,14,"Q:0,Q:1,K:0,K:1,V:0,V:1,O:0,O:1,FFN_W1:0,FFN_W3:0,FFN_W1:1,FFN_W3:1,FFN_W2:0,FFN_W2:1",0.0003907303640406923,0.0005016575813293456,npu|decode|1|58672e7680bc9d88d790ef6aa34bd903,1,sample_step,0.024616012934563614,0.03160442762374877,0.00011092721728865336,1.2838971001421864,0.006988414689185159,1.2838971001421862
heft_prefill-1024xdecode_256_ops_trace.csv,decode,1,1,29,PIM1,pim,3,"QK:1,Softmax:1,SV:1",5.27160000000082e-05,1.3179e-05,pim|decode|1|583a2f400a32ef30361deb25375d6d1d,1,sample_step,0.0033211080000005166,0.000830277,-3.95370000000082e-05,0.24999999999996111,-0.0024908310000005167,0.24999999999996111
heft_prefill-1024xdecode_256_ops_trace.csv,decode,1,1,30,PIM0,pim,9,"LN:-1,QK:0,Softmax:0,SV:0,Add:-1,LN:-1,SwiGLU:0,SwiGLU:1,Add:-1",6.727600000011602e-05,1.6819e-05,pim|decode|1|eba483edef50291578f13ab69ef2efef,1,sample_step,0.004238388000007309,0.001059597,-5.045700000011602e-05,0.24999999999956884,-0.0031787910000073095,0.24999999999956887
heft_prefill-1024xdecode_256_ops_trace.csv,decode,1,1,30,GPU0,npu,14,"Q:0,Q:1,K:0,K:1,V:0,V:1,O:0,O:1,FFN_W1:0,FFN_W3:0,FFN_W1:1,FFN_W3:1,FFN_W2:0,FFN_W2:1",0.0003907303640406923,0.0005016575813293456,npu|decode|1|58672e7680bc9d88d790ef6aa34bd903,1,sample_step,0.024616012934563614,0.03160442762374877,0.00011092721728865336,1.2838971001421864,0.006988414689185159,1.2838971001421862
heft_prefill-1024xdecode_256_ops_trace.csv,decode,1,1,30,PIM1,pim,3,"QK:1,Softmax:1,SV:1",5.27160000000082e-05,1.3179e-05,pim|decode|1|583a2f400a32ef30361deb25375d6d1d,1,sample_step,0.0033211080000005166,0.000830277,-3.95370000000082e-05,0.24999999999996111,-0.0024908310000005167,0.24999999999996111
heft_prefill-1024xdecode_256_ops_trace.csv,decode,1,1,31,PIM0,pim,9,"LN:-1,QK:0,Softmax:0,SV:0,Add:-1,LN:-1,SwiGLU:0,SwiGLU:1,Add:-1",6.727600000011602e-05,1.6819e-05,pim|decode|1|eba483edef50291578f13ab69ef2efef,1,sample_step,0.004238388000007309,0.001059597,-5.045700000011602e-05,0.24999999999956884,-0.0031787910000073095,0.24999999999956887
heft_prefill-1024xdecode_256_ops_trace.csv,decode,1,1,31,GPU0,npu,14,"Q:0,Q:1,K:0,K:1,V:0,V:1,O:0,O:1,FFN_W1:0,FFN_W3:0,FFN_W1:1,FFN_W3:1,FFN_W2:0,FFN_W2:1",0.0003907303640406923,0.0005016575813293456,npu|decode|1|58672e7680bc9d88d790ef6aa34bd903,1,sample_step,0.024616012934563614,0.03160442762374877,0.00011092721728865336,1.2838971001421864,0.006988414689185159,1.2838971001421862
heft_prefill-1024xdecode_256_ops_trace.csv,decode,1,1,31,PIM1,pim,3,"QK:1,Softmax:1,SV:1",5.27160000000082e-05,1.3179e-05,pim|decode|1|583a2f400a32ef30361deb25375d6d1d,1,sample_step,0.0033211080000005166,0.000830277,-3.95370000000082e-05,0.24999999999996111,-0.0024908310000005167,0.24999999999996111
heft_prefill-1024xdecode_256_ops_trace.csv,decode,2,63,0,PIM0,pim,9,"LN:-1,QK:0,Softmax:0,SV:0,Add:-1,LN:-1,SwiGLU:0,SwiGLU:1,Add:-1",6.79719999998607e-05,1.6992999999999998e-05,pim|decode|2|eba483edef50291578f13ab69ef2efef,2,sample_step,0.004350207999991085,0.0010875519999999999,-5.09789999998607e-05,0.2500000000005123,-0.003262655999991085,0.2500000000005123
heft_prefill-1024xdecode_256_ops_trace.csv,decode,2,63,0,GPU0,npu,15,"Q:0,Q:1,K:0,K:1,V:0,V:1,Softmax:1,O:0,O:1,FFN_W1:0,FFN_W3:0,FFN_W1:1,FFN_W3:1,FFN_W2:0,FFN_W2:1",0.00039085702391172816,0.0005187583923339843,npu|decode|2|cb2e7ae2a199bfe7d87a47e04bb3d639,2,sample_step,0.025014849530350602,0.033200537109375,0.00012790136842225617,1.32723313282747,0.008185687579024395,1.32723313282747
heft_prefill-1024xdecode_256_ops_trace.csv,decode,2,63,0,PIM1,pim,2,"QK:1,SV:1",3.6703999999998516e-05,9.176e-06,pim|decode|2|9ba94a90ae2a2c31a7bb0139c1e338eb,2,sample_step,0.002349055999999905,0.000587264,-2.7527999999998514e-05,0.2500000000000101,-0.001761791999999905,0.2500000000000101
heft_prefill-1024xdecode_256_ops_trace.csv,decode,2,63,1,PIM0,pim,9,"LN:-1,QK:0,Softmax:0,SV:0,Add:-1,LN:-1,SwiGLU:0,SwiGLU:1,Add:-1",6.79719999998607e-05,1.6992999999999998e-05,pim|decode|2|eba483edef50291578f13ab69ef2efef,2,sample_step,0.004350207999991085,0.0010875519999999999,-5.09789999998607e-05,0.2500000000005123,-0.003262655999991085,0.2500000000005123
heft_prefill-1024xdecode_256_ops_trace.csv,decode,2,63,1,GPU0,npu,15,"Q:0,Q:1,K:0,K:1,V:0,V:1,Softmax:1,O:0,O:1,FFN_W1:0,FFN_W3:0,FFN_W1:1,FFN_W3:1,FFN_W2:0,FFN_W2:1",0.00039085702391172816,0.0005187583923339843,npu|decode|2|cb2e7ae2a199bfe7d87a47e04bb3d639,2,sample_step,0.025014849530350602,0.033200537109375,0.00012790136842225617,1.32723313282747,0.008185687579024395,1.32723313282747
heft_prefill-1024xdecode_256_ops_trace.csv,decode,2,63,1,PIM1,pim,2,"QK:1,SV:1",3.6703999999998516e-05,9.176e-06,pim|decode|2|9ba94a90ae2a2c31a7bb0139c1e338eb,2,sample_step,0.002349055999999905,0.000587264,-2.7527999999998514e-05,0.2500000000000101,-0.001761791999999905,0.2500000000000101
heft_prefill-1024xdecode_256_ops_trace.csv,decode,2,63,2,PIM0,pim,9,"LN:-1,QK:0,Softmax:0,SV:0,Add:-1,LN:-1,SwiGLU:0,SwiGLU:1,Add:-1",6.79719999998607e-05,1.6992999999999998e-05,pim|decode|2|eba483edef50291578f13ab69ef2efef,2,sample_step,0.004350207999991085,0.0010875519999999999,-5.09789999998607e-05,0.2500000000005123,-0.003262655999991085,0.2500000000005123
heft_prefill-1024xdecode_256_ops_trace.csv,decode,2,63,2,GPU0,npu,15,"Q:0,Q:1,K:0,K:1,V:0,V:1,Softmax:1,O:0,O:1,FFN_W1:0,FFN_W3:0,FFN_W1:1,FFN_W3:1,FFN_W2:0,FFN_W2:1",0.00039085702391172816,0.0005187583923339843,npu|decode|2|cb2e7ae2a199bfe7d87a47e04bb3d639,2,sample_step,0.025014849530350602,0.033200537109375,0.00012790136842225617,1.32723313282747,0.008185687579024395,1.32723313282747
heft_prefill-1024xdecode_256_ops_trace.csv,decode,2,63,2,PIM1,pim,2,"QK:1,SV:1",3.6703999999998516e-05,9.176e-06,pim|decode|2|9ba94a90ae2a2c31a7bb0139c1e338eb,2,sample_step,0.002349055999999905,0.000587264,-2.7527999999998514e-05,0.2500000000000101,-0.001761791999999905,0.2500000000000101
heft_prefill-1024xdecode_256_ops_trace.csv,decode,2,63,3,PIM0,pim,9,"LN:-1,QK:0,Softmax:0,SV:0,Add:-1,LN:-1,SwiGLU:0,SwiGLU:1,Add:-1",6.79719999998607e-05,1.6992999999999998e-05,pim|decode|2|eba483edef50291578f13ab69ef2efef,2,sample_step,0.004350207999991085,0.0010875519999999999,-5.09789999998607e-05,0.2500000000005123,-0.003262655999991085,0.2500000000005123
heft_prefill-1024xdecode_256_ops_trace.csv,decode,2,63,3,GPU0,npu,15,"Q:0,Q:1,K:0,K:1,V:0,V:1,Softmax:1,O:0,O:1,FFN_W1:0,FFN_W3:0,FFN_W1:1,FFN_W3:1,FFN_W2:0,FFN_W2:1",0.00039085702391172816,0.0005187583923339843,npu|decode|2|cb2e7ae2a199bfe7d87a47e04bb3d639,2,sample_step,0.025014849530350602,0.033200537109375,0.00012790136842225617,1.32723313282747,0.008185687579024395,1.32723313282747
heft_prefill-1024xdecode_256_ops_trace.csv,decode,2,63,3,PIM1,pim,2,"QK:1,SV:1",3.6703999999998516e-05,9.176e-06,pim|decode|2|9ba94a90ae2a2c31a7bb0139c1e338eb,2,sample_step,0.002349055999999905,0.000587264,-2.7527999999998514e-05,0.2500000000000101,-0.001761791999999905,0.2500000000000101
heft_prefill-1024xdecode_256_ops_trace.csv,decode,2,63,4,PIM0,pim,9,"LN:-1,QK:0,Softmax:0,SV:0,Add:-1,LN:-1,SwiGLU:0,SwiGLU:1,Add:-1",6.79719999998607e-05,1.6992999999999998e-05,pim|decode|2|eba483edef50291578f13ab69ef2efef,2,sample_step,0.004350207999991085,0.0010875519999999999,-5.09789999998607e-05,0.2500000000005123,-0.003262655999991085,0.2500000000005123
heft_prefill-1024xdecode_256_ops_trace.csv,decode,2,63,4,GPU0,npu,15,"Q:0,Q:1,K:0,K:1,V:0,V:1,Softmax:1,O:0,O:1,FFN_W1:0,FFN_W3:0,FFN_W1:1,FFN_W3:1,FFN_W2:0,FFN_W2:1",0.00039085702391172816,0.0005187583923339843,npu|decode|2|cb2e7ae2a199bfe7d87a47e04bb3d639,2,sample_step,0.025014849530350602,0.033200537109375,0.00012790136842225617,1.32723313282747,0.008185687579024395,1.32723313282747
heft_prefill-1024xdecode_256_ops_trace.csv,decode,2,63,4,PIM1,pim,2,"QK:1,SV:1",3.6703999999998516e-05,9.176e-06,pim|decode|2|9ba94a90ae2a2c31a7bb0139c1e338eb,2,sample_step,0.002349055999999905,0.000587264,-2.7527999999998514e-05,0.2500000000000101,-0.001761791999999905,0.2500000000000101
heft_prefill-1024xdecode_256_ops_trace.csv,decode,2,63,5,PIM0,pim,9,"LN:-1,QK:0,Softmax:0,SV:0,Add:-1,LN:-1,SwiGLU:0,SwiGLU:1,Add:-1",6.79719999998607e-05,1.6992999999999998e-05,pim|decode|2|eba483edef50291578f13ab69ef2efef,2,sample_step,0.004350207999991085,0.0010875519999999999,-5.09789999998607e-05,0.2500000000005123,-0.003262655999991085,0.2500000000005123
heft_prefill-1024xdecode_256_ops_trace.csv,decode,2,63,5,GPU0,npu,15,"Q:0,Q:1,K:0,K:1,V:0,V:1,Softmax:1,O:0,O:1,FFN_W1:0,FFN_W3:0,FFN_W1:1,FFN_W3:1,FFN_W2:0,FFN_W2:1",0.00039085702391172816,0.0005187583923339843,npu|decode|2|cb2e7ae2a199bfe7d87a47e04bb3d639,2,sample_step,0.025014849530350602,0.033200537109375,0.00012790136842225617,1.32723313282747,0.008185687579024395,1.32723313282747
heft_prefill-1024xdecode_256_ops_trace.csv,decode,2,63,5,PIM1,pim,2,"QK:1,SV:1",3.6703999999998516e-05,9.176e-06,pim|decode|2|9ba94a90ae2a2c31a7bb0139c1e338eb,2,sample_step,0.002349055999999905,0.000587264,-2.7527999999998514e-05,0.2500000000000101,-0.001761791999999905,0.2500000000000101
heft_prefill-1024xdecode_256_ops_trace.csv,decode,2,63,6,PIM0,pim,9,"LN:-1,QK:0,Softmax:0,SV:0,Add:-1,LN:-1,SwiGLU:0,SwiGLU:1,Add:-1",6.79719999998607e-05,1.6992999999999998e-05,pim|decode|2|eba483edef50291578f13ab69ef2efef,2,sample_step,0.004350207999991085,0.0010875519999999999,-5.09789999998607e-05,0.2500000000005123,-0.003262655999991085,0.2500000000005123
heft_prefill-1024xdecode_256_ops_trace.csv,decode,2,63,6,GPU0,npu,15,"Q:0,Q:1,K:0,K:1,V:0,V:1,Softmax:1,O:0,O:1,FFN_W1:0,FFN_W3:0,FFN_W1:1,FFN_W3:1,FFN_W2:0,FFN_W2:1",0.00039085702391172816,0.0005187583923339843,npu|decode|2|cb2e7ae2a199bfe7d87a47e04bb3d639,2,sample_step,0.025014849530350602,0.033200537109375,0.00012790136842225617,1.32723313282747,0.008185687579024395,1.32723313282747
heft_prefill-1024xdecode_256_ops_trace.csv,decode,2,63,6,PIM1,pim,2,"QK:1,SV:1",3.6703999999998516e-05,9.176e-06,pim|decode|2|9ba94a90ae2a2c31a7bb0139c1e338eb,2,sample_step,0.002349055999999905,0.000587264,-2.7527999999998514e-05,0.2500000000000101,-0.001761791999999905,0.2500000000000101
heft_prefill-1024xdecode_256_ops_trace.csv,decode,2,63,7,PIM0,pim,9,"LN:-1,QK:0,Softmax:0,SV:0,Add:-1,LN:-1,SwiGLU:0,SwiGLU:1,Add:-1",6.79719999998607e-05,1.6992999999999998e-05,pim|decode|2|eba483edef50291578f13ab69ef2efef,2,sample_step,0.004350207999991085,0.0010875519999999999,-5.09789999998607e-05,0.2500000000005123,-0.003262655999991085,0.2500000000005123
heft_prefill-1024xdecode_256_ops_trace.csv,decode,2,63,7,GPU0,npu,15,"Q:0,Q:1,K:0,K:1,V:0,V:1,Softmax:1,O:0,O:1,FFN_W1:0,FFN_W3:0,FFN_W1:1,FFN_W3:1,FFN_W2:0,FFN_W2:1",0.00039085702391172816,0.0005187583923339843,npu|decode|2|cb2e7ae2a199bfe7d87a47e04bb3d639,2,sample_step,0.025014849530350602,0.033200537109375,0.00012790136842225617,1.32723313282747,0.008185687579024395,1.32723313282747
heft_prefill-1024xdecode_256_ops_trace.csv,decode,2,63,7,PIM1,pim,2,"QK:1,SV:1",3.6703999999998516e-05,9.176e-06,pim|decode|2|9ba94a90ae2a2c31a7bb0139c1e338eb,2,sample_step,0.002349055999999905,0.000587264,-2.7527999999998514e-05,0.2500000000000101,-0.001761791999999905,0.2500000000000101
heft_prefill-1024xdecode_256_ops_trace.csv,decode,2,63,8,PIM0,pim,9,"LN:-1,QK:0,Softmax:0,SV:0,Add:-1,LN:-1,SwiGLU:0,SwiGLU:1,Add:-1",6.79719999998607e-05,1.6992999999999998e-05,pim|decode|2|eba483edef50291578f13ab69ef2efef,2,sample_step,0.004350207999991085,0.0010875519999999999,-5.09789999998607e-05,0.2500000000005123,-0.003262655999991085,0.2500000000005123
heft_prefill-1024xdecode_256_ops_trace.csv,decode,2,63,8,GPU0,npu,15,"Q:0,Q:1,K:0,K:1,V:0,V:1,Softmax:1,O:0,O:1,FFN_W1:0,FFN_W3:0,FFN_W1:1,FFN_W3:1,FFN_W2:0,FFN_W2:1",0.00039085702391172816,0.0005187583923339843,npu|decode|2|cb2e7ae2a199bfe7d87a47e04bb3d639,2,sample_step,0.025014849530350602,0.033200537109375,0.00012790136842225617,1.32723313282747,0.008185687579024395,1.32723313282747
heft_prefill-1024xdecode_256_ops_trace.csv,decode,2,63,8,PIM1,pim,2,"QK:1,SV:1",3.6703999999998516e-05,9.176e-06,pim|decode|2|9ba94a90ae2a2c31a7bb0139c1e338eb,2,sample_step,0.002349055999999905,0.000587264,-2.7527999999998514e-05,0.2500000000000101,-0.001761791999999905,0.2500000000000101
heft_prefill-1024xdecode_256_ops_trace.csv,decode,2,63,9,PIM0,pim,9,"LN:-1,QK:0,Softmax:0,SV:0,Add:-1,LN:-1,SwiGLU:0,SwiGLU:1,Add:-1",6.79719999998607e-05,1.6992999999999998e-05,pim|decode|2|eba483edef50291578f13ab69ef2efef,2,sample_step,0.004350207999991085,0.0010875519999999999,-5.09789999998607e-05,0.2500000000005123,-0.003262655999991085,0.2500000000005123
heft_prefill-1024xdecode_256_ops_trace.csv,decode,2,63,9,GPU0,npu,15,"Q:0,Q:1,K:0,K:1,V:0,V:1,Softmax:1,O:0,O:1,FFN_W1:0,FFN_W3:0,FFN_W1:1,FFN_W3:1,FFN_W2:0,FFN_W2:1",0.00039085702391172816,0.0005187583923339843,npu|decode|2|cb2e7ae2a199bfe7d87a47e04bb3d639,2,sample_step,0.025014849530350602,0.033200537109375,0.00012790136842225617,1.32723313282747,0.008185687579024395,1.32723313282747
heft_prefill-1024xdecode_256_ops_trace.csv,decode,2,63,9,PIM1,pim,2,"QK:1,SV:1",3.6703999999998516e-05,9.176e-06,pim|decode|2|9ba94a90ae2a2c31a7bb0139c1e338eb,2,sample_step,0.002349055999999905,0.000587264,-2.7527999999998514e-05,0.2500000000000101,-0.001761791999999905,0.2500000000000101
heft_prefill-1024xdecode_256_ops_trace.csv,decode,2,63,10,PIM0,pim,9,"LN:-1,QK:0,Softmax:0,SV:0,Add:-1,LN:-1,SwiGLU:0,SwiGLU:1,Add:-1",6.79719999998607e-05,1.6992999999999998e-05,pim|decode|2|eba483edef50291578f13ab69ef2efef,2,sample_step,0.004350207999991085,0.0010875519999999999,-5.09789999998607e-05,0.2500000000005123,-0.003262655999991085,0.2500000000005123
heft_prefill-1024xdecode_256_ops_trace.csv,decode,2,63,10,GPU0,npu,15,"Q:0,Q:1,K:0,K:1,V:0,V:1,Softmax:1,O:0,O:1,FFN_W1:0,FFN_W3:0,FFN_W1:1,FFN_W3:1,FFN_W2:0,FFN_W2:1",0.00039085702391172816,0.0005187583923339843,npu|decode|2|cb2e7ae2a199bfe7d87a47e04bb3d639,2,sample_step,0.025014849530350602,0.033200537109375,0.00012790136842225617,1.32723313282747,0.008185687579024395,1.32723313282747
heft_prefill-1024xdecode_256_ops_trace.csv,decode,2,63,10,PIM1,pim,2,"QK:1,SV:1",3.6703999999998516e-05,9.176e-06,pim|decode|2|9ba94a90ae2a2c31a7bb0139c1e338eb,2,sample_step,0.002349055999999905,0.000587264,-2.7527999999998514e-05,0.2500000000000101,-0.001761791999999905,0.2500000000000101
heft_prefill-1024xdecode_256_ops_trace.csv,decode,2,63,11,PIM0,pim,9,"LN:-1,QK:0,Softmax:0,SV:0,Add:-1,LN:-1,SwiGLU:0,SwiGLU:1,Add:-1",6.79719999998607e-05,1.6992999999999998e-05,pim|decode|2|eba483edef50291578f13ab69ef2efef,2,sample_step,0.004350207999991085,0.0010875519999999999,-5.09789999998607e-05,0.2500000000005123,-0.003262655999991085,0.2500000000005123
heft_prefill-1024xdecode_256_ops_trace.csv,decode,2,63,11,GPU0,npu,15,"Q:0,Q:1,K:0,K:1,V:0,V:1,Softmax:1,O:0,O:1,FFN_W1:0,FFN_W3:0,FFN_W1:1,FFN_W3:1,FFN_W2:0,FFN_W2:1",0.00039085702391172816,0.0005187583923339843,npu|decode|2|cb2e7ae2a199bfe7d87a47e04bb3d639,2,sample_step,0.025014849530350602,0.033200537109375,0.00012790136842225617,1.32723313282747,0.008185687579024395,1.32723313282747
heft_prefill-1024xdecode_256_ops_trace.csv,decode,2,63,11,PIM1,pim,2,"QK:1,SV:1",3.6703999999998516e-05,9.176e-06,pim|decode|2|9ba94a90ae2a2c31a7bb0139c1e338eb,2,sample_step,0.002349055999999905,0.000587264,-2.7527999999998514e-05,0.2500000000000101,-0.001761791999999905,0.2500000000000101
heft_prefill-1024xdecode_256_ops_trace.csv,decode,2,63,12,PIM0,pim,9,"LN:-1,QK:0,Softmax:0,SV:0,Add:-1,LN:-1,SwiGLU:0,SwiGLU:1,Add:-1",6.79719999998607e-05,1.6992999999999998e-05,pim|decode|2|eba483edef50291578f13ab69ef2efef,2,sample_step,0.004350207999991085,0.0010875519999999999,-5.09789999998607e-05,0.2500000000005123,-0.003262655999991085,0.2500000000005123
heft_prefill-1024xdecode_256_ops_trace.csv,decode,2,63,12,GPU0,npu,15,"Q:0,Q:1,K:0,K:1,V:0,V:1,Softmax:1,O:0,O:1,FFN_W1:0,FFN_W3:0,FFN_W1:1,FFN_W3:1,FFN_W2:0,FFN_W2:1",0.00039085702391172816,0.0005187583923339843,npu|decode|2|cb2e7ae2a199bfe7d87a47e04bb3d639,2,sample_step,0.025014849530350602,0.033200537109375,0.00012790136842225617,1.32723313282747,0.008185687579024395,1.32723313282747
heft_prefill-1024xdecode_256_ops_trace.csv,decode,2,63,12,PIM1,pim,2,"QK:1,SV:1",3.6703999999998516e-05,9.176e-06,pim|decode|2|9ba94a90ae2a2c31a7bb0139c1e338eb,2,sample_step,0.002349055999999905,0.000587264,-2.7527999999998514e-05,0.2500000000000101,-0.001761791999999905,0.2500000000000101
heft_prefill-1024xdecode_256_ops_trace.csv,decode,2,63,13,PIM0,pim,9,"LN:-1,QK:0,Softmax:0,SV:0,Add:-1,LN:-1,SwiGLU:0,SwiGLU:1,Add:-1",6.79719999998607e-05,1.6992999999999998e-05,pim|decode|2|eba483edef50291578f13ab69ef2efef,2,sample_step,0.004350207999991085,0.0010875519999999999,-5.09789999998607e-05,0.2500000000005123,-0.003262655999991085,0.2500000000005123
heft_prefill-1024xdecode_256_ops_trace.csv,decode,2,63,13,GPU0,npu,15,"Q:0,Q:1,K:0,K:1,V:0,V:1,Softmax:1,O:0,O:1,FFN_W1:0,FFN_W3:0,FFN_W1:1,FFN_W3:1,FFN_W2:0,FFN_W2:1",0.00039085702391172816,0.0005187583923339843,npu|decode|2|cb2e7ae2a199bfe7d87a47e04bb3d639,2,sample_step,0.025014849530350602,0.033200537109375,0.00012790136842225617,1.32723313282747,0.008185687579024395,1.32723313282747
heft_prefill-1024xdecode_256_ops_trace.csv,decode,2,63,13,PIM1,pim,2,"QK:1,SV:1",3.6703999999998516e-05,9.176e-06,pim|decode|2|9ba94a90ae2a2c31a7bb0139c1e338eb,2,sample_step,0.002349055999999905,0.000587264,-2.7527999999998514e-05,0.2500000000000101,-0.001761791999999905,0.2500000000000101
heft_prefill-1024xdecode_256_ops_trace.csv,decode,2,63,14,PIM0,pim,9,"LN:-1,QK:0,Softmax:0,SV:0,Add:-1,LN:-1,SwiGLU:0,SwiGLU:1,Add:-1",6.79719999998607e-05,1.6992999999999998e-05,pim|decode|2|eba483edef50291578f13ab69ef2efef,2,sample_step,0.004350207999991085,0.0010875519999999999,-5.09789999998607e-05,0.2500000000005123,-0.003262655999991085,0.2500000000005123
heft_prefill-1024xdecode_256_ops_trace.csv,decode,2,63,14,GPU0,npu,15,"Q:0,Q:1,K:0,K:1,V:0,V:1,Softmax:1,O:0,O:1,FFN_W1:0,FFN_W3:0,FFN_W1:1,FFN_W3:1,FFN_W2:0,FFN_W2:1",0.00039085702391172816,0.0005187583923339843,npu|decode|2|cb2e7ae2a199bfe7d87a47e04bb3d639,2,sample_step,0.025014849530350602,0.033200537109375,0.00012790136842225617,1.32723313282747,0.008185687579024395,1.32723313282747
heft_prefill-1024xdecode_256_ops_trace.csv,decode,2,63,14,PIM1,pim,2,"QK:1,SV:1",3.6703999999998516e-05,9.176e-06,pim|decode|2|9ba94a90ae2a2c31a7bb0139c1e338eb,2,sample_step,0.002349055999999905,0.000587264,-2.7527999999998514e-05,0.2500000000000101,-0.001761791999999905,0.2500000000000101
heft_prefill-1024xdecode_256_ops_trace.csv,decode,2,63,15,PIM0,pim,9,"LN:-1,QK:0,Softmax:0,SV:0,Add:-1,LN:-1,SwiGLU:0,SwiGLU:1,Add:-1",6.79719999998607e-05,1.6992999999999998e-05,pim|decode|2|eba483edef50291578f13ab69ef2efef,2,sample_step,0.004350207999991085,0.0010875519999999999,-5.09789999998607e-05,0.2500000000005123,-0.003262655999991085,0.2500000000005123
heft_prefill-1024xdecode_256_ops_trace.csv,decode,2,63,15,GPU0,npu,15,"Q:0,Q:1,K:0,K:1,V:0,V:1,Softmax:1,O:0,O:1,FFN_W1:0,FFN_W3:0,FFN_W1:1,FFN_W3:1,FFN_W2:0,FFN_W2:1",0.00039085702391172816,0.0005187583923339843,npu|decode|2|cb2e7ae2a199bfe7d87a47e04bb3d639,2,sample_step,0.025014849530350602,0.033200537109375,0.00012790136842225617,1.32723313282747,0.008185687579024395,1.32723313282747
heft_prefill-1024xdecode_256_ops_trace.csv,decode,2,63,15,PIM1,pim,2,"QK:1,SV:1",3.6703999999998516e-05,9.176e-06,pim|decode|2|9ba94a90ae2a2c31a7bb0139c1e338eb,2,sample_step,0.002349055999999905,0.000587264,-2.7527999999998514e-05,0.2500000000000101,-0.001761791999999905,0.2500000000000101
heft_prefill-1024xdecode_256_ops_trace.csv,decode,2,63,16,PIM0,pim,9,"LN:-1,QK:0,Softmax:0,SV:0,Add:-1,LN:-1,SwiGLU:0,SwiGLU:1,Add:-1",6.79719999998607e-05,1.6992999999999998e-05,pim|decode|2|eba483edef50291578f13ab69ef2efef,2,sample_step,0.004350207999991085,0.0010875519999999999,-5.09789999998607e-05,0.2500000000005123,-0.003262655999991085,0.2500000000005123
heft_prefill-1024xdecode_256_ops_trace.csv,decode,2,63,16,GPU0,npu,15,"Q:0,Q:1,K:0,K:1,V:0,V:1,Softmax:1,O:0,O:1,FFN_W1:0,FFN_W3:0,FFN_W1:1,FFN_W3:1,FFN_W2:0,FFN_W2:1",0.00039085702391172816,0.0005187583923339843,npu|decode|2|cb2e7ae2a199bfe7d87a47e04bb3d639,2,sample_step,0.025014849530350602,0.033200537109375,0.00012790136842225617,1.32723313282747,0.008185687579024395,1.32723313282747
heft_prefill-1024xdecode_256_ops_trace.csv,decode,2,63,16,PIM1,pim,2,"QK:1,SV:1",3.6703999999998516e-05,9.176e-06,pim|decode|2|9ba94a90ae2a2c31a7bb0139c1e338eb,2,sample_step,0.002349055999999905,0.000587264,-2.7527999999998514e-05,0.2500000000000101,-0.001761791999999905,0.2500000000000101
heft_prefill-1024xdecode_256_ops_trace.csv,decode,2,63,17,PIM0,pim,9,"LN:-1,QK:0,Softmax:0,SV:0,Add:-1,LN:-1,SwiGLU:0,SwiGLU:1,Add:-1",6.79719999998607e-05,1.6992999999999998e-05,pim|decode|2|eba483edef50291578f13ab69ef2efef,2,sample_step,0.004350207999991085,0.0010875519999999999,-5.09789999998607e-05,0.2500000000005123,-0.003262655999991085,0.2500000000005123
heft_prefill-1024xdecode_256_ops_trace.csv,decode,2,63,17,GPU0,npu,15,"Q:0,Q:1,K:0,K:1,V:0,V:1,Softmax:1,O:0,O:1,FFN_W1:0,FFN_W3:0,FFN_W1:1,FFN_W3:1,FFN_W2:0,FFN_W2:1",0.00039085702391172816,0.0005187583923339843,npu|decode|2|cb2e7ae2a199bfe7d87a47e04bb3d639,2,sample_step,0.025014849530350602,0.033200537109375,0.00012790136842225617,1.32723313282747,0.008185687579024395,1.32723313282747
heft_prefill-1024xdecode_256_ops_trace.csv,decode,2,63,17,PIM1,pim,2,"QK:1,SV:1",3.6703999999998516e-05,9.176e-06,pim|decode|2|9ba94a90ae2a2c31a7bb0139c1e338eb,2,sample_step,0.002349055999999905,0.000587264,-2.7527999999998514e-05,0.2500000000000101,-0.001761791999999905,0.2500000000000101
heft_prefill-1024xdecode_256_ops_trace.csv,decode,2,63,18,PIM0,pim,9,"LN:-1,QK:0,Softmax:0,SV:0,Add:-1,LN:-1,SwiGLU:0,SwiGLU:1,Add:-1",6.79719999998607e-05,1.6992999999999998e-05,pim|decode|2|eba483edef50291578f13ab69ef2efef,2,sample_step,0.004350207999991085,0.0010875519999999999,-5.09789999998607e-05,0.2500000000005123,-0.003262655999991085,0.2500000000005123
heft_prefill-1024xdecode_256_ops_trace.csv,decode,2,63,18,GPU0,npu,15,"Q:0,Q:1,K:0,K:1,V:0,V:1,Softmax:1,O:0,O:1,FFN_W1:0,FFN_W3:0,FFN_W1:1,FFN_W3:1,FFN_W2:0,FFN_W2:1",0.00039085702391172816,0.0005187583923339843,npu|decode|2|cb2e7ae2a199bfe7d87a47e04bb3d639,2,sample_step,0.025014849530350602,0.033200537109375,0.00012790136842225617,1.32723313282747,0.008185687579024395,1.32723313282747
heft_prefill-1024xdecode_256_ops_trace.csv,decode,2,63,18,PIM1,pim,2,"QK:1,SV:1",3.6703999999998516e-05,9.176e-06,pim|decode|2|9ba94a90ae2a2c31a7bb0139c1e338eb,2,sample_step,0.002349055999999905,0.000587264,-2.7527999999998514e-05,0.2500000000000101,-0.001761791999999905,0.2500000000000101
heft_prefill-1024xdecode_256_ops_trace.csv,decode,2,63,19,PIM0,pim,9,"LN:-1,QK:0,Softmax:0,SV:0,Add:-1,LN:-1,SwiGLU:0,SwiGLU:1,Add:-1",6.79719999998607e-05,1.6992999999999998e-05,pim|decode|2|eba483edef50291578f13ab69ef2efef,2,sample_step,0.004350207999991085,0.0010875519999999999,-5.09789999998607e-05,0.2500000000005123,-0.003262655999991085,0.2500000000005123
heft_prefill-1024xdecode_256_ops_trace.csv,decode,2,63,19,GPU0,npu,15,"Q:0,Q:1,K:0,K:1,V:0,V:1,Softmax:1,O:0,O:1,FFN_W1:0,FFN_W3:0,FFN_W1:1,FFN_W3:1,FFN_W2:0,FFN_W2:1",0.00039085702391172816,0.0005187583923339843,npu|decode|2|cb2e7ae2a199bfe7d87a47e04bb3d639,2,sample_step,0.025014849530350602,0.033200537109375,0.00012790136842225617,1.32723313282747,0.008185687579024395,1.32723313282747
heft_prefill-1024xdecode_256_ops_trace.csv,decode,2,63,19,PIM1,pim,2,"QK:1,SV:1",3.6703999999998516e-05,9.176e-06,pim|decode|2|9ba94a90ae2a2c31a7bb0139c1e338eb,2,sample_step,0.002349055999999905,0.000587264,-2.7527999999998514e-05,0.2500000000000101,-0.001761791999999905,0.2500000000000101
heft_prefill-1024xdecode_256_ops_trace.csv,decode,2,63,20,PIM0,pim,9,"LN:-1,QK:0,Softmax:0,SV:0,Add:-1,LN:-1,SwiGLU:0,SwiGLU:1,Add:-1",6.79719999998607e-05,1.6992999999999998e-05,pim|decode|2|eba483edef50291578f13ab69ef2efef,2,sample_step,0.004350207999991085,0.0010875519999999999,-5.09789999998607e-05,0.2500000000005123,-0.003262655999991085,0.2500000000005123
heft_prefill-1024xdecode_256_ops_trace.csv,decode,2,63,20,GPU0,npu,15,"Q:0,Q:1,K:0,K:1,V:0,V:1,Softmax:1,O:0,O:1,FFN_W1:0,FFN_W3:0,FFN_W1:1,FFN_W3:1,FFN_W2:0,FFN_W2:1",0.00039085702391172816,0.0005187583923339843,npu|decode|2|cb2e7ae2a199bfe7d87a47e04bb3d639,2,sample_step,0.025014849530350602,0.033200537109375,0.00012790136842225617,1.32723313282747,0.008185687579024395,1.32723313282747
heft_prefill-1024xdecode_256_ops_trace.csv,decode,2,63,20,PIM1,pim,2,"QK:1,SV:1",3.6703999999998516e-05,9.176e-06,pim|decode|2|9ba94a90ae2a2c31a7bb0139c1e338eb,2,sample_step,0.002349055999999905,0.000587264,-2.7527999999998514e-05,0.2500000000000101,-0.001761791999999905,0.2500000000000101
heft_prefill-1024xdecode_256_ops_trace.csv,decode,2,63,21,PIM0,pim,9,"LN:-1,QK:0,Softmax:0,SV:0,Add:-1,LN:-1,SwiGLU:0,SwiGLU:1,Add:-1",6.79719999998607e-05,1.6992999999999998e-05,pim|decode|2|eba483edef50291578f13ab69ef2efef,2,sample_step,0.004350207999991085,0.0010875519999999999,-5.09789999998607e-05,0.2500000000005123,-0.003262655999991085,0.2500000000005123
heft_prefill-1024xdecode_256_ops_trace.csv,decode,2,63,21,GPU0,npu,15,"Q:0,Q:1,K:0,K:1,V:0,V:1,Softmax:1,O:0,O:1,FFN_W1:0,FFN_W3:0,FFN_W1:1,FFN_W3:1,FFN_W2:0,FFN_W2:1",0.00039085702391172816,0.0005187583923339843,npu|decode|2|cb2e7ae2a199bfe7d87a47e04bb3d639,2,sample_step,0.025014849530350602,0.033200537109375,0.00012790136842225617,1.32723313282747,0.008185687579024395,1.32723313282747
heft_prefill-1024xdecode_256_ops_trace.csv,decode,2,63,21,PIM1,pim,2,"QK:1,SV:1",3.6703999999998516e-05,9.176e-06,pim|decode|2|9ba94a90ae2a2c31a7bb0139c1e338eb,2,sample_step,0.002349055999999905,0.000587264,-2.7527999999998514e-05,0.2500000000000101,-0.001761791999999905,0.2500000000000101
heft_prefill-1024xdecode_256_ops_trace.csv,decode,2,63,22,PIM0,pim,9,"LN:-1,QK:0,Softmax:0,SV:0,Add:-1,LN:-1,SwiGLU:0,SwiGLU:1,Add:-1",6.79719999998607e-05,1.6992999999999998e-05,pim|decode|2|eba483edef50291578f13ab69ef2efef,2,sample_step,0.004350207999991085,0.0010875519999999999,-5.09789999998607e-05,0.2500000000005123,-0.003262655999991085,0.2500000000005123
heft_prefill-1024xdecode_256_ops_trace.csv,decode,2,63,22,GPU0,npu,15,"Q:0,Q:1,K:0,K:1,V:0,V:1,Softmax:1,O:0,O:1,FFN_W1:0,FFN_W3:0,FFN_W1:1,FFN_W3:1,FFN_W2:0,FFN_W2:1",0.00039085702391172816,0.0005187583923339843,npu|decode|2|cb2e7ae2a199bfe7d87a47e04bb3d639,2,sample_step,0.025014849530350602,0.033200537109375,0.00012790136842225617,1.32723313282747,0.008185687579024395,1.32723313282747
heft_prefill-1024xdecode_256_ops_trace.csv,decode,2,63,22,PIM1,pim,2,"QK:1,SV:1",3.6703999999998516e-05,9.176e-06,pim|decode|2|9ba94a90ae2a2c31a7bb0139c1e338eb,2,sample_step,0.002349055999999905,0.000587264,-2.7527999999998514e-05,0.2500000000000101,-0.001761791999999905,0.2500000000000101
heft_prefill-1024xdecode_256_ops_trace.csv,decode,2,63,23,PIM0,pim,9,"LN:-1,QK:0,Softmax:0,SV:0,Add:-1,LN:-1,SwiGLU:0,SwiGLU:1,Add:-1",6.79719999998607e-05,1.6992999999999998e-05,pim|decode|2|eba483edef50291578f13ab69ef2efef,2,sample_step,0.004350207999991085,0.0010875519999999999,-5.09789999998607e-05,0.2500000000005123,-0.003262655999991085,0.2500000000005123
heft_prefill-1024xdecode_256_ops_trace.csv,decode,2,63,23,GPU0,npu,15,"Q:0,Q:1,K:0,K:1,V:0,V:1,Softmax:1,O:0,O:1,FFN_W1:0,FFN_W3:0,FFN_W1:1,FFN_W3:1,FFN_W2:0,FFN_W2:1",0.00039085702391172816,0.0005187583923339843,npu|decode|2|cb2e7ae2a199bfe7d87a47e04bb3d639,2,sample_step,0.025014849530350602,0.033200537109375,0.00012790136842225617,1.32723313282747,0.008185687579024395,1.32723313282747
heft_prefill-1024xdecode_256_ops_trace.csv,decode,2,63,23,PIM1,pim,2,"QK:1,SV:1",3.6703999999998516e-05,9.176e-06,pim|decode|2|9ba94a90ae2a2c31a7bb0139c1e338eb,2,sample_step,0.002349055999999905,0.000587264,-2.7527999999998514e-05,0.2500000000000101,-0.001761791999999905,0.2500000000000101
heft_prefill-1024xdecode_256_ops_trace.csv,decode,2,63,24,PIM0,pim,9,"LN:-1,QK:0,Softmax:0,SV:0,Add:-1,LN:-1,SwiGLU:0,SwiGLU:1,Add:-1",6.79719999998607e-05,1.6992999999999998e-05,pim|decode|2|eba483edef50291578f13ab69ef2efef,2,sample_step,0.004350207999991085,0.0010875519999999999,-5.09789999998607e-05,0.2500000000005123,-0.003262655999991085,0.2500000000005123
heft_prefill-1024xdecode_256_ops_trace.csv,decode,2,63,24,GPU0,npu,15,"Q:0,Q:1,K:0,K:1,V:0,V:1,Softmax:1,O:0,O:1,FFN_W1:0,FFN_W3:0,FFN_W1:1,FFN_W3:1,FFN_W2:0,FFN_W2:1",0.00039085702391172816,0.0005187583923339843,npu|decode|2|cb2e7ae2a199bfe7d87a47e04bb3d639,2,sample_step,0.025014849530350602,0.033200537109375,0.00012790136842225617,1.32723313282747,0.008185687579024395,1.32723313282747
heft_prefill-1024xdecode_256_ops_trace.csv,decode,2,63,24,PIM1,pim,2,"QK:1,SV:1",3.6703999999998516e-05,9.176e-06,pim|decode|2|9ba94a90ae2a2c31a7bb0139c1e338eb,2,sample_step,0.002349055999999905,0.000587264,-2.7527999999998514e-05,0.2500000000000101,-0.001761791999999905,0.2500000000000101
heft_prefill-1024xdecode_256_ops_trace.csv,decode,2,63,25,PIM0,pim,9,"LN:-1,QK:0,Softmax:0,SV:0,Add:-1,LN:-1,SwiGLU:0,SwiGLU:1,Add:-1",6.79719999998607e-05,1.6992999999999998e-05,pim|decode|2|eba483edef50291578f13ab69ef2efef,2,sample_step,0.004350207999991085,0.0010875519999999999,-5.09789999998607e-05,0.2500000000005123,-0.003262655999991085,0.2500000000005123
heft_prefill-1024xdecode_256_ops_trace.csv,decode,2,63,25,GPU0,npu,15,"Q:0,Q:1,K:0,K:1,V:0,V:1,Softmax:1,O:0,O:1,FFN_W1:0,FFN_W3:0,FFN_W1:1,FFN_W3:1,FFN_W2:0,FFN_W2:1",0.00039085702391172816,0.0005187583923339843,npu|decode|2|cb2e7ae2a199bfe7d87a47e04bb3d639,2,sample_step,0.025014849530350602,0.033200537109375,0.00012790136842225617,1.32723313282747,0.008185687579024395,1.32723313282747
heft_prefill-1024xdecode_256_ops_trace.csv,decode,2,63,25,PIM1,pim,2,"QK:1,SV:1",3.6703999999998516e-05,9.176e-06,pim|decode|2|9ba94a90ae2a2c31a7bb0139c1e338eb,2,sample_step,0.002349055999999905,0.000587264,-2.7527999999998514e-05,0.2500000000000101,-0.001761791999999905,0.2500000000000101
heft_prefill-1024xdecode_256_ops_trace.csv,decode,2,63,26,PIM0,pim,9,"LN:-1,QK:0,Softmax:0,SV:0,Add:-1,LN:-1,SwiGLU:0,SwiGLU:1,Add:-1",6.79719999998607e-05,1.6992999999999998e-05,pim|decode|2|eba483edef50291578f13ab69ef2efef,2,sample_step,0.004350207999991085,0.0010875519999999999,-5.09789999998607e-05,0.2500000000005123,-0.003262655999991085,0.2500000000005123
heft_prefill-1024xdecode_256_ops_trace.csv,decode,2,63,26,GPU0,npu,15,"Q:0,Q:1,K:0,K:1,V:0,V:1,Softmax:1,O:0,O:1,FFN_W1:0,FFN_W3:0,FFN_W1:1,FFN_W3:1,FFN_W2:0,FFN_W2:1",0.00039085702391172816,0.0005187583923339843,npu|decode|2|cb2e7ae2a199bfe7d87a47e04bb3d639,2,sample_step,0.025014849530350602,0.033200537109375,0.00012790136842225617,1.32723313282747,0.008185687579024395,1.32723313282747
heft_prefill-1024xdecode_256_ops_trace.csv,decode,2,63,26,PIM1,pim,2,"QK:1,SV:1",3.6703999999998516e-05,9.176e-06,pim|decode|2|9ba94a90ae2a2c31a7bb0139c1e338eb,2,sample_step,0.002349055999999905,0.000587264,-2.7527999999998514e-05,0.2500000000000101,-0.001761791999999905,0.2500000000000101
heft_prefill-1024xdecode_256_ops_trace.csv,decode,2,63,27,PIM0,pim,9,"LN:-1,QK:0,Softmax:0,SV:0,Add:-1,LN:-1,SwiGLU:0,SwiGLU:1,Add:-1",6.79719999998607e-05,1.6992999999999998e-05,pim|decode|2|eba483edef50291578f13ab69ef2efef,2,sample_step,0.004350207999991085,0.0010875519999999999,-5.09789999998607e-05,0.2500000000005123,-0.003262655999991085,0.2500000000005123
heft_prefill-1024xdecode_256_ops_trace.csv,decode,2,63,27,GPU0,npu,15,"Q:0,Q:1,K:0,K:1,V:0,V:1,Softmax:1,O:0,O:1,FFN_W1:0,FFN_W3:0,FFN_W1:1,FFN_W3:1,FFN_W2:0,FFN_W2:1",0.00039085702391172816,0.0005187583923339843,npu|decode|2|cb2e7ae2a199bfe7d87a47e04bb3d639,2,sample_step,0.025014849530350602,0.033200537109375,0.00012790136842225617,1.32723313282747,0.008185687579024395,1.32723313282747
heft_prefill-1024xdecode_256_ops_trace.csv,decode,2,63,27,PIM1,pim,2,"QK:1,SV:1",3.6703999999998516e-05,9.176e-06,pim|decode|2|9ba94a90ae2a2c31a7bb0139c1e338eb,2,sample_step,0.002349055999999905,0.000587264,-2.7527999999998514e-05,0.2500000000000101,-0.001761791999999905,0.2500000000000101
heft_prefill-1024xdecode_256_ops_trace.csv,decode,2,63,28,PIM0,pim,9,"LN:-1,QK:0,Softmax:0,SV:0,Add:-1,LN:-1,SwiGLU:0,SwiGLU:1,Add:-1",6.79719999998607e-05,1.6992999999999998e-05,pim|decode|2|eba483edef50291578f13ab69ef2efef,2,sample_step,0.004350207999991085,0.0010875519999999999,-5.09789999998607e-05,0.2500000000005123,-0.003262655999991085,0.2500000000005123
heft_prefill-1024xdecode_256_ops_trace.csv,decode,2,63,28,GPU0,npu,15,"Q:0,Q:1,K:0,K:1,V:0,V:1,Softmax:1,O:0,O:1,FFN_W1:0,FFN_W3:0,FFN_W1:1,FFN_W3:1,FFN_W2:0,FFN_W2:1",0.00039085702391172816,0.0005187583923339843,npu|decode|2|cb2e7ae2a199bfe7d87a47e04bb3d639,2,sample_step,0.025014849530350602,0.033200537109375,0.00012790136842225617,1.32723313282747,0.008185687579024395,1.32723313282747
heft_prefill-1024xdecode_256_ops_trace.csv,decode,2,63,28,PIM1,pim,2,"QK:1,SV:1",3.6703999999998516e-05,9.176e-06,pim|decode|2|9ba94a90ae2a2c31a7bb0139c1e338eb,2,sample_step,0.002349055999999905,0.000587264,-2.7527999999998514e-05,0.2500000000000101,-0.001761791999999905,0.2500000000000101
heft_prefill-1024xdecode_256_ops_trace.csv,decode,2,63,29,PIM0,pim,9,"LN:-1,QK:0,Softmax:0,SV:0,Add:-1,LN:-1,SwiGLU:0,SwiGLU:1,Add:-1",6.79719999998607e-05,1.6992999999999998e-05,pim|decode|2|eba483edef50291578f13ab69ef2efef,2,sample_step,0.004350207999991085,0.0010875519999999999,-5.09789999998607e-05,0.2500000000005123,-0.003262655999991085,0.2500000000005123
heft_prefill-1024xdecode_256_ops_trace.csv,decode,2,63,29,GPU0,npu,15,"Q:0,Q:1,K:0,K:1,V:0,V:1,Softmax:1,O:0,O:1,FFN_W1:0,FFN_W3:0,FFN_W1:1,FFN_W3:1,FFN_W2:0,FFN_W2:1",0.00039085702391172816,0.0005187583923339843,npu|decode|2|cb2e7ae2a199bfe7d87a47e04bb3d639,2,sample_step,0.025014849530350602,0.033200537109375,0.00012790136842225617,1.32723313282747,0.008185687579024395,1.32723313282747
heft_prefill-1024xdecode_256_ops_trace.csv,decode,2,63,29,PIM1,pim,2,"QK:1,SV:1",3.6703999999998516e-05,9.176e-06,pim|decode|2|9ba94a90ae2a2c31a7bb0139c1e338eb,2,sample_step,0.002349055999999905,0.000587264,-2.7527999999998514e-05,0.2500000000000101,-0.001761791999999905,0.2500000000000101
heft_prefill-1024xdecode_256_ops_trace.csv,decode,2,63,30,PIM0,pim,9,"LN:-1,QK:0,Softmax:0,SV:0,Add:-1,LN:-1,SwiGLU:0,SwiGLU:1,Add:-1",6.79719999998607e-05,1.6992999999999998e-05,pim|decode|2|eba483edef50291578f13ab69ef2efef,2,sample_step,0.004350207999991085,0.0010875519999999999,-5.09789999998607e-05,0.2500000000005123,-0.003262655999991085,0.2500000000005123
heft_prefill-1024xdecode_256_ops_trace.csv,decode,2,63,30,GPU0,npu,15,"Q:0,Q:1,K:0,K:1,V:0,V:1,Softmax:1,O:0,O:1,FFN_W1:0,FFN_W3:0,FFN_W1:1,FFN_W3:1,FFN_W2:0,FFN_W2:1",0.00039085702391172816,0.0005187583923339843,npu|decode|2|cb2e7ae2a199bfe7d87a47e04bb3d639,2,sample_step,0.025014849530350602,0.033200537109375,0.00012790136842225617,1.32723313282747,0.008185687579024395,1.32723313282747
heft_prefill-1024xdecode_256_ops_trace.csv,decode,2,63,30,PIM1,pim,2,"QK:1,SV:1",3.6703999999998516e-05,9.176e-06,pim|decode|2|9ba94a90ae2a2c31a7bb0139c1e338eb,2,sample_step,0.002349055999999905,0.000587264,-2.7527999999998514e-05,0.2500000000000101,-0.001761791999999905,0.2500000000000101
heft_prefill-1024xdecode_256_ops_trace.csv,decode,2,63,31,PIM0,pim,9,"LN:-1,QK:0,Softmax:0,SV:0,Add:-1,LN:-1,SwiGLU:0,SwiGLU:1,Add:-1",6.79719999998607e-05,1.6992999999999998e-05,pim|decode|2|eba483edef50291578f13ab69ef2efef,2,sample_step,0.004350207999991085,0.0010875519999999999,-5.09789999998607e-05,0.2500000000005123,-0.003262655999991085,0.2500000000005123
heft_prefill-1024xdecode_256_ops_trace.csv,decode,2,63,31,GPU0,npu,15,"Q:0,Q:1,K:0,K:1,V:0,V:1,Softmax:1,O:0,O:1,FFN_W1:0,FFN_W3:0,FFN_W1:1,FFN_W3:1,FFN_W2:0,FFN_W2:1",0.00039085702391172816,0.0005187583923339843,npu|decode|2|cb2e7ae2a199bfe7d87a47e04bb3d639,2,sample_step,0.025014849530350602,0.033200537109375,0.00012790136842225617,1.32723313282747,0.008185687579024395,1.32723313282747
heft_prefill-1024xdecode_256_ops_trace.csv,decode,2,63,31,PIM1,pim,2,"QK:1,SV:1",3.6703999999998516e-05,9.176e-06,pim|decode|2|9ba94a90ae2a2c31a7bb0139c1e338eb,2,sample_step,0.002349055999999905,0.000587264,-2.7527999999998514e-05,0.2500000000000101,-0.001761791999999905,0.2500000000000101
heft_prefill-1024xdecode_256_ops_trace.csv,decode,3,127,0,PIM0,pim,9,"LN:-1,QK:0,Softmax:0,SV:0,Add:-1,LN:-1,SwiGLU:0,SwiGLU:1,Add:-1",6.852000000057146e-05,1.7129999999999997e-05,pim|decode|3|eba483edef50291578f13ab69ef2efef,3,sample_step,0.004385280000036573,0.0010963199999999998,-5.1390000000571464e-05,0.24999999999791495,-0.0032889600000365737,0.24999999999791495
heft_prefill-1024xdecode_256_ops_trace.csv,decode,3,127,0,GPU0,npu,15,"Q:0,Q:1,K:0,K:1,V:0,V:1,Softmax:1,O:0,O:1,FFN_W1:0,FFN_W3:0,FFN_W1:1,FFN_W3:1,FFN_W2:0,FFN_W2:1",0.0003908644744914369,0.0005178368091583252,npu|decode|3|cb2e7ae2a199bfe7d87a47e04bb3d639,3,sample_step,0.025015326367451962,0.033141555786132815,0.00012697233466688832,1.3248500259126774,0.008126229418680853,1.3248500259126774
heft_prefill-1024xdecode_256_ops_trace.csv,decode,3,127,0,PIM1,pim,2,"QK:1,SV:1",3.699200000006897e-05,9.248e-06,pim|decode|3|9ba94a90ae2a2c31a7bb0139c1e338eb,3,sample_step,0.002367488000004414,0.000591872,-2.774400000006897e-05,0.2499999999995339,-0.001775616000004414,0.2499999999995339
heft_prefill-1024xdecode_256_ops_trace.csv,decode,3,127,1,PIM0,pim,9,"LN:-1,QK:0,Softmax:0,SV:0,Add:-1,LN:-1,SwiGLU:0,SwiGLU:1,Add:-1",6.852000000057146e-05,1.7129999999999997e-05,pim|decode|3|eba483edef50291578f13ab69ef2efef,3,sample_step,0.004385280000036573,0.0010963199999999998,-5.1390000000571464e-05,0.24999999999791495,-0.0032889600000365737,0.24999999999791495
heft_prefill-1024xdecode_256_ops_trace.csv,decode,3,127,1,GPU0,npu,15,"Q:0,Q:1,K:0,K:1,V:0,V:1,Softmax:1,O:0,O:1,FFN_W1:0,FFN_W3:0,FFN_W1:1,FFN_W3:1,FFN_W2:0,FFN_W2:1",0.0003908644744914369,0.0005178368091583252,npu|decode|3|cb2e7ae2a199bfe7d87a47e04bb3d639,3,sample_step,0.025015326367451962,0.033141555786132815,0.00012697233466688832,1.3248500259126774,0.008126229418680853,1.3248500259126774
heft_prefill-1024xdecode_256_ops_trace.csv,decode,3,127,1,PIM1,pim,2,"QK:1,SV:1",3.699200000006897e-05,9.248e-06,pim|decode|3|9ba94a90ae2a2c31a7bb0139c1e338eb,3,sample_step,0.002367488000004414,0.000591872,-2.774400000006897e-05,0.2499999999995339,-0.001775616000004414,0.2499999999995339
heft_prefill-1024xdecode_256_ops_trace.csv,decode,3,127,2,PIM0,pim,9,"LN:-1,QK:0,Softmax:0,SV:0,Add:-1,LN:-1,SwiGLU:0,SwiGLU:1,Add:-1",6.852000000057146e-05,1.7129999999999997e-05,pim|decode|3|eba483edef50291578f13ab69ef2efef,3,sample_step,0.004385280000036573,0.0010963199999999998,-5.1390000000571464e-05,0.24999999999791495,-0.0032889600000365737,0.24999999999791495
heft_prefill-1024xdecode_256_ops_trace.csv,decode,3,127,2,GPU0,npu,15,"Q:0,Q:1,K:0,K:1,V:0,V:1,Softmax:1,O:0,O:1,FFN_W1:0,FFN_W3:0,FFN_W1:1,FFN_W3:1,FFN_W2:0,FFN_W2:1",0.0003908644744914369,0.0005178368091583252,npu|decode|3|cb2e7ae2a199bfe7d87a47e04bb3d639,3,sample_step,0.025015326367451962,0.033141555786132815,0.00012697233466688832,1.3248500259126774,0.008126229418680853,1.3248500259126774
heft_prefill-1024xdecode_256_ops_trace.csv,decode,3,127,2,PIM1,pim,2,"QK:1,SV:1",3.699200000006897e-05,9.248e-06,pim|decode|3|9ba94a90ae2a2c31a7bb0139c1e338eb,3,sample_step,0.002367488000004414,0.000591872,-2.774400000006897e-05,0.2499999999995339,-0.001775616000004414,0.2499999999995339
heft_prefill-1024xdecode_256_ops_trace.csv,decode,3,127,3,PIM0,pim,9,"LN:-1,QK:0,Softmax:0,SV:0,Add:-1,LN:-1,SwiGLU:0,SwiGLU:1,Add:-1",6.852000000057146e-05,1.7129999999999997e-05,pim|decode|3|eba483edef50291578f13ab69ef2efef,3,sample_step,0.004385280000036573,0.0010963199999999998,-5.1390000000571464e-05,0.24999999999791495,-0.0032889600000365737,0.24999999999791495
heft_prefill-1024xdecode_256_ops_trace.csv,decode,3,127,3,GPU0,npu,15,"Q:0,Q:1,K:0,K:1,V:0,V:1,Softmax:1,O:0,O:1,FFN_W1:0,FFN_W3:0,FFN_W1:1,FFN_W3:1,FFN_W2:0,FFN_W2:1",0.0003908644744914369,0.0005178368091583252,npu|decode|3|cb2e7ae2a199bfe7d87a47e04bb3d639,3,sample_step,0.025015326367451962,0.033141555786132815,0.00012697233466688832,1.3248500259126774,0.008126229418680853,1.3248500259126774
heft_prefill-1024xdecode_256_ops_trace.csv,decode,3,127,3,PIM1,pim,2,"QK:1,SV:1",3.699200000006897e-05,9.248e-06,pim|decode|3|9ba94a90ae2a2c31a7bb0139c1e338eb,3,sample_step,0.002367488000004414,0.000591872,-2.774400000006897e-05,0.2499999999995339,-0.001775616000004414,0.2499999999995339
heft_prefill-1024xdecode_256_ops_trace.csv,decode,3,127,4,PIM0,pim,9,"LN:-1,QK:0,Softmax:0,SV:0,Add:-1,LN:-1,SwiGLU:0,SwiGLU:1,Add:-1",6.852000000057146e-05,1.7129999999999997e-05,pim|decode|3|eba483edef50291578f13ab69ef2efef,3,sample_step,0.004385280000036573,0.0010963199999999998,-5.1390000000571464e-05,0.24999999999791495,-0.0032889600000365737,0.24999999999791495
heft_prefill-1024xdecode_256_ops_trace.csv,decode,3,127,4,GPU0,npu,15,"Q:0,Q:1,K:0,K:1,V:0,V:1,Softmax:1,O:0,O:1,FFN_W1:0,FFN_W3:0,FFN_W1:1,FFN_W3:1,FFN_W2:0,FFN_W2:1",0.0003908644744914369,0.0005178368091583252,npu|decode|3|cb2e7ae2a199bfe7d87a47e04bb3d639,3,sample_step,0.025015326367451962,0.033141555786132815,0.00012697233466688832,1.3248500259126774,0.008126229418680853,1.3248500259126774
heft_prefill-1024xdecode_256_ops_trace.csv,decode,3,127,4,PIM1,pim,2,"QK:1,SV:1",3.699200000006897e-05,9.248e-06,pim|decode|3|9ba94a90ae2a2c31a7bb0139c1e338eb,3,sample_step,0.002367488000004414,0.000591872,-2.774400000006897e-05,0.2499999999995339,-0.001775616000004414,0.2499999999995339
heft_prefill-1024xdecode_256_ops_trace.csv,decode,3,127,5,PIM0,pim,9,"LN:-1,QK:0,Softmax:0,SV:0,Add:-1,LN:-1,SwiGLU:0,SwiGLU:1,Add:-1",6.852000000057146e-05,1.7129999999999997e-05,pim|decode|3|eba483edef50291578f13ab69ef2efef,3,sample_step,0.004385280000036573,0.0010963199999999998,-5.1390000000571464e-05,0.24999999999791495,-0.0032889600000365737,0.24999999999791495
heft_prefill-1024xdecode_256_ops_trace.csv,decode,3,127,5,GPU0,npu,15,"Q:0,Q:1,K:0,K:1,V:0,V:1,Softmax:1,O:0,O:1,FFN_W1:0,FFN_W3:0,FFN_W1:1,FFN_W3:1,FFN_W2:0,FFN_W2:1",0.0003908644744914369,0.0005178368091583252,npu|decode|3|cb2e7ae2a199bfe7d87a47e04bb3d639,3,sample_step,0.025015326367451962,0.033141555786132815,0.00012697233466688832,1.3248500259126774,0.008126229418680853,1.3248500259126774
heft_prefill-1024xdecode_256_ops_trace.csv,decode,3,127,5,PIM1,pim,2,"QK:1,SV:1",3.699200000006897e-05,9.248e-06,pim|decode|3|9ba94a90ae2a2c31a7bb0139c1e338eb,3,sample_step,0.002367488000004414,0.000591872,-2.774400000006897e-05,0.2499999999995339,-0.001775616000004414,0.2499999999995339
heft_prefill-1024xdecode_256_ops_trace.csv,decode,3,127,6,PIM0,pim,9,"LN:-1,QK:0,Softmax:0,SV:0,Add:-1,LN:-1,SwiGLU:0,SwiGLU:1,Add:-1",6.852000000057146e-05,1.7129999999999997e-05,pim|decode|3|eba483edef50291578f13ab69ef2efef,3,sample_step,0.004385280000036573,0.0010963199999999998,-5.1390000000571464e-05,0.24999999999791495,-0.0032889600000365737,0.24999999999791495
heft_prefill-1024xdecode_256_ops_trace.csv,decode,3,127,6,GPU0,npu,15,"Q:0,Q:1,K:0,K:1,V:0,V:1,Softmax:1,O:0,O:1,FFN_W1:0,FFN_W3:0,FFN_W1:1,FFN_W3:1,FFN_W2:0,FFN_W2:1",0.0003908644744914369,0.0005178368091583252,npu|decode|3|cb2e7ae2a199bfe7d87a47e04bb3d639,3,sample_step,0.025015326367451962,0.033141555786132815,0.00012697233466688832,1.3248500259126774,0.008126229418680853,1.3248500259126774
heft_prefill-1024xdecode_256_ops_trace.csv,decode,3,127,6,PIM1,pim,2,"QK:1,SV:1",3.699200000006897e-05,9.248e-06,pim|decode|3|9ba94a90ae2a2c31a7bb0139c1e338eb,3,sample_step,0.002367488000004414,0.000591872,-2.774400000006897e-05,0.2499999999995339,-0.001775616000004414,0.2499999999995339
heft_prefill-1024xdecode_256_ops_trace.csv,decode,3,127,7,PIM0,pim,9,"LN:-1,QK:0,Softmax:0,SV:0,Add:-1,LN:-1,SwiGLU:0,SwiGLU:1,Add:-1",6.852000000057146e-05,1.7129999999999997e-05,pim|decode|3|eba483edef50291578f13ab69ef2efef,3,sample_step,0.004385280000036573,0.0010963199999999998,-5.1390000000571464e-05,0.24999999999791495,-0.0032889600000365737,0.24999999999791495
heft_prefill-1024xdecode_256_ops_trace.csv,decode,3,127,7,GPU0,npu,15,"Q:0,Q:1,K:0,K:1,V:0,V:1,Softmax:1,O:0,O:1,FFN_W1:0,FFN_W3:0,FFN_W1:1,FFN_W3:1,FFN_W2:0,FFN_W2:1",0.0003908644744914369,0.0005178368091583252,npu|decode|3|cb2e7ae2a199bfe7d87a47e04bb3d639,3,sample_step,0.025015326367451962,0.033141555786132815,0.00012697233466688832,1.3248500259126774,0.008126229418680853,1.3248500259126774
heft_prefill-1024xdecode_256_ops_trace.csv,decode,3,127,7,PIM1,pim,2,"QK:1,SV:1",3.699200000006897e-05,9.248e-06,pim|decode|3|9ba94a90ae2a2c31a7bb0139c1e338eb,3,sample_step,0.002367488000004414,0.000591872,-2.774400000006897e-05,0.2499999999995339,-0.001775616000004414,0.2499999999995339
heft_prefill-1024xdecode_256_ops_trace.csv,decode,3,127,8,PIM0,pim,9,"LN:-1,QK:0,Softmax:0,SV:0,Add:-1,LN:-1,SwiGLU:0,SwiGLU:1,Add:-1",6.852000000057146e-05,1.7129999999999997e-05,pim|decode|3|eba483edef50291578f13ab69ef2efef,3,sample_step,0.004385280000036573,0.0010963199999999998,-5.1390000000571464e-05,0.24999999999791495,-0.0032889600000365737,0.24999999999791495
heft_prefill-1024xdecode_256_ops_trace.csv,decode,3,127,8,GPU0,npu,15,"Q:0,Q:1,K:0,K:1,V:0,V:1,Softmax:1,O:0,O:1,FFN_W1:0,FFN_W3:0,FFN_W1:1,FFN_W3:1,FFN_W2:0,FFN_W2:1",0.0003908644744914369,0.0005178368091583252,npu|decode|3|cb2e7ae2a199bfe7d87a47e04bb3d639,3,sample_step,0.025015326367451962,0.033141555786132815,0.00012697233466688832,1.3248500259126774,0.008126229418680853,1.3248500259126774
heft_prefill-1024xdecode_256_ops_trace.csv,decode,3,127,8,PIM1,pim,2,"QK:1,SV:1",3.699200000006897e-05,9.248e-06,pim|decode|3|9ba94a90ae2a2c31a7bb0139c1e338eb,3,sample_step,0.002367488000004414,0.000591872,-2.774400000006897e-05,0.2499999999995339,-0.001775616000004414,0.2499999999995339
heft_prefill-1024xdecode_256_ops_trace.csv,decode,3,127,9,PIM0,pim,9,"LN:-1,QK:0,Softmax:0,SV:0,Add:-1,LN:-1,SwiGLU:0,SwiGLU:1,Add:-1",6.852000000057146e-05,1.7129999999999997e-05,pim|decode|3|eba483edef50291578f13ab69ef2efef,3,sample_step,0.004385280000036573,0.0010963199999999998,-5.1390000000571464e-05,0.24999999999791495,-0.0032889600000365737,0.24999999999791495
heft_prefill-1024xdecode_256_ops_trace.csv,decode,3,127,9,GPU0,npu,15,"Q:0,Q:1,K:0,K:1,V:0,V:1,Softmax:1,O:0,O:1,FFN_W1:0,FFN_W3:0,FFN_W1:1,FFN_W3:1,FFN_W2:0,FFN_W2:1",0.0003908644744914369,0.0005178368091583252,npu|decode|3|cb2e7ae2a199bfe7d87a47e04bb3d639,3,sample_step,0.025015326367451962,0.033141555786132815,0.00012697233466688832,1.3248500259126774,0.008126229418680853,1.3248500259126774
heft_prefill-1024xdecode_256_ops_trace.csv,decode,3,127,9,PIM1,pim,2,"QK:1,SV:1",3.699200000006897e-05,9.248e-06,pim|decode|3|9ba94a90ae2a2c31a7bb0139c1e338eb,3,sample_step,0.002367488000004414,0.000591872,-2.774400000006897e-05,0.2499999999995339,-0.001775616000004414,0.2499999999995339
heft_prefill-1024xdecode_256_ops_trace.csv,decode,3,127,10,PIM0,pim,9,"LN:-1,QK:0,Softmax:0,SV:0,Add:-1,LN:-1,SwiGLU:0,SwiGLU:1,Add:-1",6.852000000057146e-05,1.7129999999999997e-05,pim|decode|3|eba483edef50291578f13ab69ef2efef,3,sample_step,0.004385280000036573,0.0010963199999999998,-5.1390000000571464e-05,0.24999999999791495,-0.0032889600000365737,0.24999999999791495
heft_prefill-1024xdecode_256_ops_trace.csv,decode,3,127,10,GPU0,npu,15,"Q:0,Q:1,K:0,K:1,V:0,V:1,Softmax:1,O:0,O:1,FFN_W1:0,FFN_W3:0,FFN_W1:1,FFN_W3:1,FFN_W2:0,FFN_W2:1",0.0003908644744914369,0.0005178368091583252,npu|decode|3|cb2e7ae2a199bfe7d87a47e04bb3d639,3,sample_step,0.025015326367451962,0.033141555786132815,0.00012697233466688832,1.3248500259126774,0.008126229418680853,1.3248500259126774
heft_prefill-1024xdecode_256_ops_trace.csv,decode,3,127,10,PIM1,pim,2,"QK:1,SV:1",3.699200000006897e-05,9.248e-06,pim|decode|3|9ba94a90ae2a2c31a7bb0139c1e338eb,3,sample_step,0.002367488000004414,0.000591872,-2.774400000006897e-05,0.2499999999995339,-0.001775616000004414,0.2499999999995339
heft_prefill-1024xdecode_256_ops_trace.csv,decode,3,127,11,PIM0,pim,9,"LN:-1,QK:0,Softmax:0,SV:0,Add:-1,LN:-1,SwiGLU:0,SwiGLU:1,Add:-1",6.852000000057146e-05,1.7129999999999997e-05,pim|decode|3|eba483edef50291578f13ab69ef2efef,3,sample_step,0.004385280000036573,0.0010963199999999998,-5.1390000000571464e-05,0.24999999999791495,-0.0032889600000365737,0.24999999999791495
heft_prefill-1024xdecode_256_ops_trace.csv,decode,3,127,11,GPU0,npu,15,"Q:0,Q:1,K:0,K:1,V:0,V:1,Softmax:1,O:0,O:1,FFN_W1:0,FFN_W3:0,FFN_W1:1,FFN_W3:1,FFN_W2:0,FFN_W2:1",0.0003908644744914369,0.0005178368091583252,npu|decode|3|cb2e7ae2a199bfe7d87a47e04bb3d639,3,sample_step,0.025015326367451962,0.033141555786132815,0.00012697233466688832,1.3248500259126774,0.008126229418680853,1.3248500259126774
heft_prefill-1024xdecode_256_ops_trace.csv,decode,3,127,11,PIM1,pim,2,"QK:1,SV:1",3.699200000006897e-05,9.248e-06,pim|decode|3|9ba94a90ae2a2c31a7bb0139c1e338eb,3,sample_step,0.002367488000004414,0.000591872,-2.774400000006897e-05,0.2499999999995339,-0.001775616000004414,0.2499999999995339
heft_prefill-1024xdecode_256_ops_trace.csv,decode,3,127,12,PIM0,pim,9,"LN:-1,QK:0,Softmax:0,SV:0,Add:-1,LN:-1,SwiGLU:0,SwiGLU:1,Add:-1",6.852000000057146e-05,1.7129999999999997e-05,pim|decode|3|eba483edef50291578f13ab69ef2efef,3,sample_step,0.004385280000036573,0.0010963199999999998,-5.1390000000571464e-05,0.24999999999791495,-0.0032889600000365737,0.24999999999791495
heft_prefill-1024xdecode_256_ops_trace.csv,decode,3,127,12,GPU0,npu,15,"Q:0,Q:1,K:0,K:1,V:0,V:1,Softmax:1,O:0,O:1,FFN_W1:0,FFN_W3:0,FFN_W1:1,FFN_W3:1,FFN_W2:0,FFN_W2:1",0.0003908644744914369,0.0005178368091583252,npu|decode|3|cb2e7ae2a199bfe7d87a47e04bb3d639,3,sample_step,0.025015326367451962,0.033141555786132815,0.00012697233466688832,1.3248500259126774,0.008126229418680853,1.3248500259126774
heft_prefill-1024xdecode_256_ops_trace.csv,decode,3,127,12,PIM1,pim,2,"QK:1,SV:1",3.699200000006897e-05,9.248e-06,pim|decode|3|9ba94a90ae2a2c31a7bb0139c1e338eb,3,sample_step,0.002367488000004414,0.000591872,-2.774400000006897e-05,0.2499999999995339,-0.001775616000004414,0.2499999999995339
heft_prefill-1024xdecode_256_ops_trace.csv,decode,3,127,13,PIM0,pim,9,"LN:-1,QK:0,Softmax:0,SV:0,Add:-1,LN:-1,SwiGLU:0,SwiGLU:1,Add:-1",6.852000000057146e-05,1.7129999999999997e-05,pim|decode|3|eba483edef50291578f13ab69ef2efef,3,sample_step,0.004385280000036573,0.0010963199999999998,-5.1390000000571464e-05,0.24999999999791495,-0.0032889600000365737,0.24999999999791495
heft_prefill-1024xdecode_256_ops_trace.csv,decode,3,127,13,GPU0,npu,15,"Q:0,Q:1,K:0,K:1,V:0,V:1,Softmax:1,O:0,O:1,FFN_W1:0,FFN_W3:0,FFN_W1:1,FFN_W3:1,FFN_W2:0,FFN_W2:1",0.0003908644744914369,0.0005178368091583252,npu|decode|3|cb2e7ae2a199bfe7d87a47e04bb3d639,3,sample_step,0.025015326367451962,0.033141555786132815,0.00012697233466688832,1.3248500259126774,0.008126229418680853,1.3248500259126774
heft_prefill-1024xdecode_256_ops_trace.csv,decode,3,127,13,PIM1,pim,2,"QK:1,SV:1",3.699200000006897e-05,9.248e-06,pim|decode|3|9ba94a90ae2a2c31a7bb0139c1e338eb,3,sample_step,0.002367488000004414,0.000591872,-2.774400000006897e-05,0.2499999999995339,-0.001775616000004414,0.2499999999995339
heft_prefill-1024xdecode_256_ops_trace.csv,decode,3,127,14,PIM0,pim,9,"LN:-1,QK:0,Softmax:0,SV:0,Add:-1,LN:-1,SwiGLU:0,SwiGLU:1,Add:-1",6.852000000057146e-05,1.7129999999999997e-05,pim|decode|3|eba483edef50291578f13ab69ef2efef,3,sample_step,0.004385280000036573,0.0010963199999999998,-5.1390000000571464e-05,0.24999999999791495,-0.0032889600000365737,0.24999999999791495
heft_prefill-1024xdecode_256_ops_trace.csv,decode,3,127,14,GPU0,npu,15,"Q:0,Q:1,K:0,K:1,V:0,V:1,Softmax:1,O:0,O:1,FFN_W1:0,FFN_W3:0,FFN_W1:1,FFN_W3:1,FFN_W2:0,FFN_W2:1",0.0003908644744914369,0.0005178368091583252,npu|decode|3|cb2e7ae2a199bfe7d87a47e04bb3d639,3,sample_step,0.025015326367451962,0.033141555786132815,0.00012697233466688832,1.3248500259126774,0.008126229418680853,1.3248500259126774
heft_prefill-1024xdecode_256_ops_trace.csv,decode,3,127,14,PIM1,pim,2,"QK:1,SV:1",3.699200000006897e-05,9.248e-06,pim|decode|3|9ba94a90ae2a2c31a7bb0139c1e338eb,3,sample_step,0.002367488000004414,0.000591872,-2.774400000006897e-05,0.2499999999995339,-0.001775616000004414,0.2499999999995339
heft_prefill-1024xdecode_256_ops_trace.csv,decode,3,127,15,PIM0,pim,9,"LN:-1,QK:0,Softmax:0,SV:0,Add:-1,LN:-1,SwiGLU:0,SwiGLU:1,Add:-1",6.852000000057146e-05,1.7129999999999997e-05,pim|decode|3|eba483edef50291578f13ab69ef2efef,3,sample_step,0.004385280000036573,0.0010963199999999998,-5.1390000000571464e-05,0.24999999999791495,-0.0032889600000365737,0.24999999999791495
heft_prefill-1024xdecode_256_ops_trace.csv,decode,3,127,15,GPU0,npu,15,"Q:0,Q:1,K:0,K:1,V:0,V:1,Softmax:1,O:0,O:1,FFN_W1:0,FFN_W3:0,FFN_W1:1,FFN_W3:1,FFN_W2:0,FFN_W2:1",0.0003908644744914369,0.0005178368091583252,npu|decode|3|cb2e7ae2a199bfe7d87a47e04bb3d639,3,sample_step,0.025015326367451962,0.033141555786132815,0.00012697233466688832,1.3248500259126774,0.008126229418680853,1.3248500259126774
heft_prefill-1024xdecode_256_ops_trace.csv,decode,3,127,15,PIM1,pim,2,"QK:1,SV:1",3.699200000006897e-05,9.248e-06,pim|decode|3|9ba94a90ae2a2c31a7bb0139c1e338eb,3,sample_step,0.002367488000004414,0.000591872,-2.774400000006897e-05,0.2499999999995339,-0.001775616000004414,0.2499999999995339
heft_prefill-1024xdecode_256_ops_trace.csv,decode,3,127,16,PIM0,pim,9,"LN:-1,QK:0,Softmax:0,SV:0,Add:-1,LN:-1,SwiGLU:0,SwiGLU:1,Add:-1",6.852000000057146e-05,1.7129999999999997e-05,pim|decode|3|eba483edef50291578f13ab69ef2efef,3,sample_step,0.004385280000036573,0.0010963199999999998,-5.1390000000571464e-05,0.24999999999791495,-0.0032889600000365737,0.24999999999791495
heft_prefill-1024xdecode_256_ops_trace.csv,decode,3,127,16,GPU0,npu,15,"Q:0,Q:1,K:0,K:1,V:0,V:1,Softmax:1,O:0,O:1,FFN_W1:0,FFN_W3:0,FFN_W1:1,FFN_W3:1,FFN_W2:0,FFN_W2:1",0.0003908644744914369,0.0005178368091583252,npu|decode|3|cb2e7ae2a199bfe7d87a47e04bb3d639,3,sample_step,0.025015326367451962,0.033141555786132815,0.00012697233466688832,1.3248500259126774,0.008126229418680853,1.3248500259126774
heft_prefill-1024xdecode_256_ops_trace.csv,decode,3,127,16,PIM1,pim,2,"QK:1,SV:1",3.699200000006897e-05,9.248e-06,pim|decode|3|9ba94a90ae2a2c31a7bb0139c1e338eb,3,sample_step,0.002367488000004414,0.000591872,-2.774400000006897e-05,0.2499999999995339,-0.001775616000004414,0.2499999999995339
heft_prefill-1024xdecode_256_ops_trace.csv,decode,3,127,17,PIM0,pim,9,"LN:-1,QK:0,Softmax:0,SV:0,Add:-1,LN:-1,SwiGLU:0,SwiGLU:1,Add:-1",6.852000000057146e-05,1.7129999999999997e-05,pim|decode|3|eba483edef50291578f13ab69ef2efef,3,sample_step,0.004385280000036573,0.0010963199999999998,-5.1390000000571464e-05,0.24999999999791495,-0.0032889600000365737,0.24999999999791495
heft_prefill-1024xdecode_256_ops_trace.csv,decode,3,127,17,GPU0,npu,15,"Q:0,Q:1,K:0,K:1,V:0,V:1,Softmax:1,O:0,O:1,FFN_W1:0,FFN_W3:0,FFN_W1:1,FFN_W3:1,FFN_W2:0,FFN_W2:1",0.0003908644744914369,0.0005178368091583252,npu|decode|3|cb2e7ae2a199bfe7d87a47e04bb3d639,3,sample_step,0.025015326367451962,0.033141555786132815,0.00012697233466688832,1.3248500259126774,0.008126229418680853,1.3248500259126774
heft_prefill-1024xdecode_256_ops_trace.csv,decode,3,127,17,PIM1,pim,2,"QK:1,SV:1",3.699200000006897e-05,9.248e-06,pim|decode|3|9ba94a90ae2a2c31a7bb0139c1e338eb,3,sample_step,0.002367488000004414,0.000591872,-2.774400000006897e-05,0.2499999999995339,-0.001775616000004414,0.2499999999995339
heft_prefill-1024xdecode_256_ops_trace.csv,decode,3,127,18,PIM0,pim,9,"LN:-1,QK:0,Softmax:0,SV:0,Add:-1,LN:-1,SwiGLU:0,SwiGLU:1,Add:-1",6.852000000057146e-05,1.7129999999999997e-05,pim|decode|3|eba483edef50291578f13ab69ef2efef,3,sample_step,0.004385280000036573,0.0010963199999999998,-5.1390000000571464e-05,0.24999999999791495,-0.0032889600000365737,0.24999999999791495
heft_prefill-1024xdecode_256_ops_trace.csv,decode,3,127,18,GPU0,npu,15,"Q:0,Q:1,K:0,K:1,V:0,V:1,Softmax:1,O:0,O:1,FFN_W1:0,FFN_W3:0,FFN_W1:1,FFN_W3:1,FFN_W2:0,FFN_W2:1",0.0003908644744914369,0.0005178368091583252,npu|decode|3|cb2e7ae2a199bfe7d87a47e04bb3d639,3,sample_step,0.025015326367451962,0.033141555786132815,0.00012697233466688832,1.3248500259126774,0.008126229418680853,1.3248500259126774
heft_prefill-1024xdecode_256_ops_trace.csv,decode,3,127,18,PIM1,pim,2,"QK:1,SV:1",3.699200000006897e-05,9.248e-06,pim|decode|3|9ba94a90ae2a2c31a7bb0139c1e338eb,3,sample_step,0.002367488000004414,0.000591872,-2.774400000006897e-05,0.2499999999995339,-0.001775616000004414,0.2499999999995339
heft_prefill-1024xdecode_256_ops_trace.csv,decode,3,127,19,PIM0,pim,9,"LN:-1,QK:0,Softmax:0,SV:0,Add:-1,LN:-1,SwiGLU:0,SwiGLU:1,Add:-1",6.852000000057146e-05,1.7129999999999997e-05,pim|decode|3|eba483edef50291578f13ab69ef2efef,3,sample_step,0.004385280000036573,0.0010963199999999998,-5.1390000000571464e-05,0.24999999999791495,-0.0032889600000365737,0.24999999999791495
heft_prefill-1024xdecode_256_ops_trace.csv,decode,3,127,19,GPU0,npu,15,"Q:0,Q:1,K:0,K:1,V:0,V:1,Softmax:1,O:0,O:1,FFN_W1:0,FFN_W3:0,FFN_W1:1,FFN_W3:1,FFN_W2:0,FFN_W2:1",0.0003908644744914369,0.0005178368091583252,npu|decode|3|cb2e7ae2a199bfe7d87a47e04bb3d639,3,sample_step,0.025015326367451962,0.033141555786132815,0.00012697233466688832,1.3248500259126774,0.008126229418680853,1.3248500259126774
heft_prefill-1024xdecode_256_ops_trace.csv,decode,3,127,19,PIM1,pim,2,"QK:1,SV:1",3.699200000006897e-05,9.248e-06,pim|decode|3|9ba94a90ae2a2c31a7bb0139c1e338eb,3,sample_step,0.002367488000004414,0.000591872,-2.774400000006897e-05,0.2499999999995339,-0.001775616000004414,0.2499999999995339
heft_prefill-1024xdecode_256_ops_trace.csv,decode,3,127,20,PIM0,pim,9,"LN:-1,QK:0,Softmax:0,SV:0,Add:-1,LN:-1,SwiGLU:0,SwiGLU:1,Add:-1",6.852000000057146e-05,1.7129999999999997e-05,pim|decode|3|eba483edef50291578f13ab69ef2efef,3,sample_step,0.004385280000036573,0.0010963199999999998,-5.1390000000571464e-05,0.24999999999791495,-0.0032889600000365737,0.24999999999791495
heft_prefill-1024xdecode_256_ops_trace.csv,decode,3,127,20,GPU0,npu,15,"Q:0,Q:1,K:0,K:1,V:0,V:1,Softmax:1,O:0,O:1,FFN_W1:0,FFN_W3:0,FFN_W1:1,FFN_W3:1,FFN_W2:0,FFN_W2:1",0.0003908644744914369,0.0005178368091583252,npu|decode|3|cb2e7ae2a199bfe7d87a47e04bb3d639,3,sample_step,0.025015326367451962,0.033141555786132815,0.00012697233466688832,1.3248500259126774,0.008126229418680853,1.3248500259126774
heft_prefill-1024xdecode_256_ops_trace.csv,decode,3,127,20,PIM1,pim,2,"QK:1,SV:1",3.699200000006897e-05,9.248e-06,pim|decode|3|9ba94a90ae2a2c31a7bb0139c1e338eb,3,sample_step,0.002367488000004414,0.000591872,-2.774400000006897e-05,0.2499999999995339,-0.001775616000004414,0.2499999999995339
heft_prefill-1024xdecode_256_ops_trace.csv,decode,3,127,21,PIM0,pim,9,"LN:-1,QK:0,Softmax:0,SV:0,Add:-1,LN:-1,SwiGLU:0,SwiGLU:1,Add:-1",6.852000000057146e-05,1.7129999999999997e-05,pim|decode|3|eba483edef50291578f13ab69ef2efef,3,sample_step,0.004385280000036573,0.0010963199999999998,-5.1390000000571464e-05,0.24999999999791495,-0.0032889600000365737,0.24999999999791495
heft_prefill-1024xdecode_256_ops_trace.csv,decode,3,127,21,GPU0,npu,15,"Q:0,Q:1,K:0,K:1,V:0,V:1,Softmax:1,O:0,O:1,FFN_W1:0,FFN_W3:0,FFN_W1:1,FFN_W3:1,FFN_W2:0,FFN_W2:1",0.0003908644744914369,0.0005178368091583252,npu|decode|3|cb2e7ae2a199bfe7d87a47e04bb3d639,3,sample_step,0.025015326367451962,0.033141555786132815,0.00012697233466688832,1.3248500259126774,0.008126229418680853,1.3248500259126774
heft_prefill-1024xdecode_256_ops_trace.csv,decode,3,127,21,PIM1,pim,2,"QK:1,SV:1",3.699200000006897e-05,9.248e-06,pim|decode|3|9ba94a90ae2a2c31a7bb0139c1e338eb,3,sample_step,0.002367488000004414,0.000591872,-2.774400000006897e-05,0.2499999999995339,-0.001775616000004414,0.2499999999995339
heft_prefill-1024xdecode_256_ops_trace.csv,decode,3,127,22,PIM0,pim,9,"LN:-1,QK:0,Softmax:0,SV:0,Add:-1,LN:-1,SwiGLU:0,SwiGLU:1,Add:-1",6.852000000057146e-05,1.7129999999999997e-05,pim|decode|3|eba483edef50291578f13ab69ef2efef,3,sample_step,0.004385280000036573,0.0010963199999999998,-5.1390000000571464e-05,0.24999999999791495,-0.0032889600000365737,0.24999999999791495
heft_prefill-1024xdecode_256_ops_trace.csv,decode,3,127,22,GPU0,npu,15,"Q:0,Q:1,K:0,K:1,V:0,V:1,Softmax:1,O:0,O:1,FFN_W1:0,FFN_W3:0,FFN_W1:1,FFN_W3:1,FFN_W2:0,FFN_W2:1",0.0003908644744914369,0.0005178368091583252,npu|decode|3|cb2e7ae2a199bfe7d87a47e04bb3d639,3,sample_step,0.025015326367451962,0.033141555786132815,0.00012697233466688832,1.3248500259126774,0.008126229418680853,1.3248500259126774
heft_prefill-1024xdecode_256_ops_trace.csv,decode,3,127,22,PIM1,pim,2,"QK:1,SV:1",3.699200000006897e-05,9.248e-06,pim|decode|3|9ba94a90ae2a2c31a7bb0139c1e338eb,3,sample_step,0.002367488000004414,0.000591872,-2.774400000006897e-05,0.2499999999995339,-0.001775616000004414,0.2499999999995339
heft_prefill-1024xdecode_256_ops_trace.csv,decode,3,127,23,PIM0,pim,9,"LN:-1,QK:0,Softmax:0,SV:0,Add:-1,LN:-1,SwiGLU:0,SwiGLU:1,Add:-1",6.852000000057146e-05,1.7129999999999997e-05,pim|decode|3|eba483edef50291578f13ab69ef2efef,3,sample_step,0.004385280000036573,0.0010963199999999998,-5.1390000000571464e-05,0.24999999999791495,-0.0032889600000365737,0.24999999999791495
heft_prefill-1024xdecode_256_ops_trace.csv,decode,3,127,23,GPU0,npu,15,"Q:0,Q:1,K:0,K:1,V:0,V:1,Softmax:1,O:0,O:1,FFN_W1:0,FFN_W3:0,FFN_W1:1,FFN_W3:1,FFN_W2:0,FFN_W2:1",0.0003908644744914369,0.0005178368091583252,npu|decode|3|cb2e7ae2a199bfe7d87a47e04bb3d639,3,sample_step,0.025015326367451962,0.033141555786132815,0.00012697233466688832,1.3248500259126774,0.008126229418680853,1.3248500259126774
heft_prefill-1024xdecode_256_ops_trace.csv,decode,3,127,23,PIM1,pim,2,"QK:1,SV:1",3.699200000006897e-05,9.248e-06,pim|decode|3|9ba94a90ae2a2c31a7bb0139c1e338eb,3,sample_step,0.002367488000004414,0.000591872,-2.774400000006897e-05,0.2499999999995339,-0.001775616000004414,0.2499999999995339
heft_prefill-1024xdecode_256_ops_trace.csv,decode,3,127,24,PIM0,pim,9,"LN:-1,QK:0,Softmax:0,SV:0,Add:-1,LN:-1,SwiGLU:0,SwiGLU:1,Add:-1",6.852000000057146e-05,1.7129999999999997e-05,pim|decode|3|eba483edef50291578f13ab69ef2efef,3,sample_step,0.004385280000036573,0.0010963199999999998,-5.1390000000571464e-05,0.24999999999791495,-0.0032889600000365737,0.24999999999791495
heft_prefill-1024xdecode_256_ops_trace.csv,decode,3,127,24,GPU0,npu,15,"Q:0,Q:1,K:0,K:1,V:0,V:1,Softmax:1,O:0,O:1,FFN_W1:0,FFN_W3:0,FFN_W1:1,FFN_W3:1,FFN_W2:0,FFN_W2:1",0.0003908644744914369,0.0005178368091583252,npu|decode|3|cb2e7ae2a199bfe7d87a47e04bb3d639,3,sample_step,0.025015326367451962,0.033141555786132815,0.00012697233466688832,1.3248500259126774,0.008126229418680853,1.3248500259126774
heft_prefill-1024xdecode_256_ops_trace.csv,decode,3,127,24,PIM1,pim,2,"QK:1,SV:1",3.699200000006897e-05,9.248e-06,pim|decode|3|9ba94a90ae2a2c31a7bb0139c1e338eb,3,sample_step,0.002367488000004414,0.000591872,-2.774400000006897e-05,0.2499999999995339,-0.001775616000004414,0.2499999999995339
heft_prefill-1024xdecode_256_ops_trace.csv,decode,3,127,25,PIM0,pim,9,"LN:-1,QK:0,Softmax:0,SV:0,Add:-1,LN:-1,SwiGLU:0,SwiGLU:1,Add:-1",6.852000000057146e-05,1.7129999999999997e-05,pim|decode|3|eba483edef50291578f13ab69ef2efef,3,sample_step,0.004385280000036573,0.0010963199999999998,-5.1390000000571464e-05,0.24999999999791495,-0.0032889600000365737,0.24999999999791495
heft_prefill-1024xdecode_256_ops_trace.csv,decode,3,127,25,GPU0,npu,15,"Q:0,Q:1,K:0,K:1,V:0,V:1,Softmax:1,O:0,O:1,FFN_W1:0,FFN_W3:0,FFN_W1:1,FFN_W3:1,FFN_W2:0,FFN_W2:1",0.0003908644744914369,0.0005178368091583252,npu|decode|3|cb2e7ae2a199bfe7d87a47e04bb3d639,3,sample_step,0.025015326367451962,0.033141555786132815,0.00012697233466688832,1.3248500259126774,0.008126229418680853,1.3248500259126774
heft_prefill-1024xdecode_256_ops_trace.csv,decode,3,127,25,PIM1,pim,2,"QK:1,SV:1",3.699200000006897e-05,9.248e-06,pim|decode|3|9ba94a90ae2a2c31a7bb0139c1e338eb,3,sample_step,0.002367488000004414,0.000591872,-2.774400000006897e-05,0.2499999999995339,-0.001775616000004414,0.2499999999995339
heft_prefill-1024xdecode_256_ops_trace.csv,decode,3,127,26,PIM0,pim,9,"LN:-1,QK:0,Softmax:0,SV:0,Add:-1,LN:-1,SwiGLU:0,SwiGLU:1,Add:-1",6.852000000057146e-05,1.7129999999999997e-05,pim|decode|3|eba483edef50291578f13ab69ef2efef,3,sample_step,0.004385280000036573,0.0010963199999999998,-5.1390000000571464e-05,0.24999999999791495,-0.0032889600000365737,0.24999999999791495
heft_prefill-1024xdecode_256_ops_trace.csv,decode,3,127,26,GPU0,npu,15,"Q:0,Q:1,K:0,K:1,V:0,V:1,Softmax:1,O:0,O:1,FFN_W1:0,FFN_W3:0,FFN_W1:1,FFN_W3:1,FFN_W2:0,FFN_W2:1",0.0003908644744914369,0.0005178368091583252,npu|decode|3|cb2e7ae2a199bfe7d87a47e04bb3d639,3,sample_step,0.025015326367451962,0.033141555786132815,0.00012697233466688832,1.3248500259126774,0.008126229418680853,1.3248500259126774
heft_prefill-1024xdecode_256_ops_trace.csv,decode,3,127,26,PIM1,pim,2,"QK:1,SV:1",3.699200000006897e-05,9.248e-06,pim|decode|3|9ba94a90ae2a2c31a7bb0139c1e338eb,3,sample_step,0.002367488000004414,0.000591872,-2.774400000006897e-05,0.2499999999995339,-0.001775616000004414,0.2499999999995339
heft_prefill-1024xdecode_256_ops_trace.csv,decode,3,127,27,PIM0,pim,9,"LN:-1,QK:0,Softmax:0,SV:0,Add:-1,LN:-1,SwiGLU:0,SwiGLU:1,Add:-1",6.852000000057146e-05,1.7129999999999997e-05,pim|decode|3|eba483edef50291578f13ab69ef2efef,3,sample_step,0.004385280000036573,0.0010963199999999998,-5.1390000000571464e-05,0.24999999999791495,-0.0032889600000365737,0.24999999999791495
heft_prefill-1024xdecode_256_ops_trace.csv,decode,3,127,27,GPU0,npu,15,"Q:0,Q:1,K:0,K:1,V:0,V:1,Softmax:1,O:0,O:1,FFN_W1:0,FFN_W3:0,FFN_W1:1,FFN_W3:1,FFN_W2:0,FFN_W2:1",0.0003908644744914369,0.0005178368091583252,npu|decode|3|cb2e7ae2a199bfe7d87a47e04bb3d639,3,sample_step,0.025015326367451962,0.033141555786132815,0.00012697233466688832,1.3248500259126774,0.008126229418680853,1.3248500259126774
heft_prefill-1024xdecode_256_ops_trace.csv,decode,3,127,27,PIM1,pim,2,"QK:1,SV:1",3.699200000006897e-05,9.248e-06,pim|decode|3|9ba94a90ae2a2c31a7bb0139c1e338eb,3,sample_step,0.002367488000004414,0.000591872,-2.774400000006897e-05,0.2499999999995339,-0.001775616000004414,0.2499999999995339
heft_prefill-1024xdecode_256_ops_trace.csv,decode,3,127,28,PIM0,pim,9,"LN:-1,QK:0,Softmax:0,SV:0,Add:-1,LN:-1,SwiGLU:0,SwiGLU:1,Add:-1",6.852000000057146e-05,1.7129999999999997e-05,pim|decode|3|eba483edef50291578f13ab69ef2efef,3,sample_step,0.004385280000036573,0.0010963199999999998,-5.1390000000571464e-05,0.24999999999791495,-0.0032889600000365737,0.24999999999791495
heft_prefill-1024xdecode_256_ops_trace.csv,decode,3,127,28,GPU0,npu,15,"Q:0,Q:1,K:0,K:1,V:0,V:1,Softmax:1,O:0,O:1,FFN_W1:0,FFN_W3:0,FFN_W1:1,FFN_W3:1,FFN_W2:0,FFN_W2:1",0.0003908644744914369,0.0005178368091583252,npu|decode|3|cb2e7ae2a199bfe7d87a47e04bb3d639,3,sample_step,0.025015326367451962,0.033141555786132815,0.00012697233466688832,1.3248500259126774,0.008126229418680853,1.3248500259126774
heft_prefill-1024xdecode_256_ops_trace.csv,decode,3,127,28,PIM1,pim,2,"QK:1,SV:1",3.699200000006897e-05,9.248e-06,pim|decode|3|9ba94a90ae2a2c31a7bb0139c1e338eb,3,sample_step,0.002367488000004414,0.000591872,-2.774400000006897e-05,0.2499999999995339,-0.001775616000004414,0.2499999999995339
heft_prefill-1024xdecode_256_ops_trace.csv,decode,3,127,29,PIM0,pim,9,"LN:-1,QK:0,Softmax:0,SV:0,Add:-1,LN:-1,SwiGLU:0,SwiGLU:1,Add:-1",6.852000000057146e-05,1.7129999999999997e-05,pim|decode|3|eba483edef50291578f13ab69ef2efef,3,sample_step,0.004385280000036573,0.0010963199999999998,-5.1390000000571464e-05,0.24999999999791495,-0.0032889600000365737,0.24999999999791495
heft_prefill-1024xdecode_256_ops_trace.csv,decode,3,127,29,GPU0,npu,15,"Q:0,Q:1,K:0,K:1,V:0,V:1,Softmax:1,O:0,O:1,FFN_W1:0,FFN_W3:0,FFN_W1:1,FFN_W3:1,FFN_W2:0,FFN_W2:1",0.0003908644744914369,0.0005178368091583252,npu|decode|3|cb2e7ae2a199bfe7d87a47e04bb3d639,3,sample_step,0.025015326367451962,0.033141555786132815,0.00012697233466688832,1.3248500259126774,0.008126229418680853,1.3248500259126774
heft_prefill-1024xdecode_256_ops_trace.csv,decode,3,127,29,PIM1,pim,2,"QK:1,SV:1",3.699200000006897e-05,9.248e-06,pim|decode|3|9ba94a90ae2a2c31a7bb0139c1e338eb,3,sample_step,0.002367488000004414,0.000591872,-2.774400000006897e-05,0.2499999999995339,-0.001775616000004414,0.2499999999995339
heft_prefill-1024xdecode_256_ops_trace.csv,decode,3,127,30,PIM0,pim,9,"LN:-1,QK:0,Softmax:0,SV:0,Add:-1,LN:-1,SwiGLU:0,SwiGLU:1,Add:-1",6.852000000057146e-05,1.7129999999999997e-05,pim|decode|3|eba483edef50291578f13ab69ef2efef,3,sample_step,0.004385280000036573,0.0010963199999999998,-5.1390000000571464e-05,0.24999999999791495,-0.0032889600000365737,0.24999999999791495
heft_prefill-1024xdecode_256_ops_trace.csv,decode,3,127,30,GPU0,npu,15,"Q:0,Q:1,K:0,K:1,V:0,V:1,Softmax:1,O:0,O:1,FFN_W1:0,FFN_W3:0,FFN_W1:1,FFN_W3:1,FFN_W2:0,FFN_W2:1",0.0003908644744914369,0.0005178368091583252,npu|decode|3|cb2e7ae2a199bfe7d87a47e04bb3d639,3,sample_step,0.025015326367451962,0.033141555786132815,0.00012697233466688832,1.3248500259126774,0.008126229418680853,1.3248500259126774
heft_prefill-1024xdecode_256_ops_trace.csv,decode,3,127,30,PIM1,pim,2,"QK:1,SV:1",3.699200000006897e-05,9.248e-06,pim|decode|3|9ba94a90ae2a2c31a7bb0139c1e338eb,3,sample_step,0.002367488000004414,0.000591872,-2.774400000006897e-05,0.2499999999995339,-0.001775616000004414,0.2499999999995339
heft_prefill-1024xdecode_256_ops_trace.csv,decode,3,127,31,PIM0,pim,9,"LN:-1,QK:0,Softmax:0,SV:0,Add:-1,LN:-1,SwiGLU:0,SwiGLU:1,Add:-1",6.852000000057146e-05,1.7129999999999997e-05,pim|decode|3|eba483edef50291578f13ab69ef2efef,3,sample_step,0.004385280000036573,0.0010963199999999998,-5.1390000000571464e-05,0.24999999999791495,-0.0032889600000365737,0.24999999999791495
heft_prefill-1024xdecode_256_ops_trace.csv,decode,3,127,31,GPU0,npu,15,"Q:0,Q:1,K:0,K:1,V:0,V:1,Softmax:1,O:0,O:1,FFN_W1:0,FFN_W3:0,FFN_W1:1,FFN_W3:1,FFN_W2:0,FFN_W2:1",0.0003908644744914369,0.0005178368091583252,npu|decode|3|cb2e7ae2a199bfe7d87a47e04bb3d639,3,sample_step,0.025015326367451962,0.033141555786132815,0.00012697233466688832,1.3248500259126774,0.008126229418680853,1.3248500259126774
heft_prefill-1024xdecode_256_ops_trace.csv,decode,3,127,31,PIM1,pim,2,"QK:1,SV:1",3.699200000006897e-05,9.248e-06,pim|decode|3|9ba94a90ae2a2c31a7bb0139c1e338eb,3,sample_step,0.002367488000004414,0.000591872,-2.774400000006897e-05,0.2499999999995339,-0.001775616000004414,0.2499999999995339
heft_prefill-1024xdecode_256_ops_trace.csv,decode,4,191,0,PIM0,pim,9,"LN:-1,QK:0,Softmax:0,SV:0,Add:-1,LN:-1,SwiGLU:0,SwiGLU:1,Add:-1",6.921600000042716e-05,1.7303999999999996e-05,pim|decode|4|eba483edef50291578f13ab69ef2efef,4,sample_step,0.004429824000027338,0.0011074559999999997,-5.191200000042716e-05,0.2499999999984571,-0.0033223680000273384,0.2499999999984571
heft_prefill-1024xdecode_256_ops_trace.csv,decode,4,191,0,GPU0,npu,15,"Q:0,Q:1,K:0,K:1,V:0,V:1,Softmax:1,O:0,O:1,FFN_W1:0,FFN_W3:0,FFN_W1:1,FFN_W3:1,FFN_W2:0,FFN_W2:1",0.00039087192507203383,0.0005190656185150147,npu|decode|4|cb2e7ae2a199bfe7d87a47e04bb3d639,4,sample_step,0.025015803204610165,0.03322019958496094,0.00012819369344298085,1.327968537058158,0.008204396380350774,1.327968537058158
heft_prefill-1024xdecode_256_ops_trace.csv,decode,4,191,0,PIM1,pim,2,"QK:1,SV:1",3.727999999991738e-05,9.319999999999999e-06,pim|decode|4|9ba94a90ae2a2c31a7bb0139c1e338eb,4,sample_step,0.0023859199999947123,0.0005964799999999999,-2.795999999991738e-05,0.250000000000554,-0.0017894399999947123,0.250000000000554
heft_prefill-1024xdecode_256_ops_trace.csv,decode,4,191,1,PIM0,pim,9,"LN:-1,QK:0,Softmax:0,SV:0,Add:-1,LN:-1,SwiGLU:0,SwiGLU:1,Add:-1",6.921600000042716e-05,1.7303999999999996e-05,pim|decode|4|eba483edef50291578f13ab69ef2efef,4,sample_step,0.004429824000027338,0.0011074559999999997,-5.191200000042716e-05,0.2499999999984571,-0.0033223680000273384,0.2499999999984571
heft_prefill-1024xdecode_256_ops_trace.csv,decode,4,191,1,GPU0,npu,15,"Q:0,Q:1,K:0,K:1,V:0,V:1,Softmax:1,O:0,O:1,FFN_W1:0,FFN_W3:0,FFN_W1:1,FFN_W3:1,FFN_W2:0,FFN_W2:1",0.00039087192507203383,0.0005190656185150147,npu|decode|4|cb2e7ae2a199bfe7d87a47e04bb3d639,4,sample_step,0.025015803204610165,0.03322019958496094,0.00012819369344298085,1.327968537058158,0.008204396380350774,1.327968537058158
heft_prefill-1024xdecode_256_ops_trace.csv,decode,4,191,1,PIM1,pim,2,"QK:1,SV:1",3.727999999991738e-05,9.319999999999999e-06,pim|decode|4|9ba94a90ae2a2c31a7bb0139c1e338eb,4,sample_step,0.0023859199999947123,0.0005964799999999999,-2.795999999991738e-05,0.250000000000554,-0.0017894399999947123,0.250000000000554
heft_prefill-1024xdecode_256_ops_trace.csv,decode,4,191,2,PIM0,pim,9,"LN:-1,QK:0,Softmax:0,SV:0,Add:-1,LN:-1,SwiGLU:0,SwiGLU:1,Add:-1",6.921600000042716e-05,1.7303999999999996e-05,pim|decode|4|eba483edef50291578f13ab69ef2efef,4,sample_step,0.004429824000027338,0.0011074559999999997,-5.191200000042716e-05,0.2499999999984571,-0.0033223680000273384,0.2499999999984571
heft_prefill-1024xdecode_256_ops_trace.csv,decode,4,191,2,GPU0,npu,15,"Q:0,Q:1,K:0,K:1,V:0,V:1,Softmax:1,O:0,O:1,FFN_W1:0,FFN_W3:0,FFN_W1:1,FFN_W3:1,FFN_W2:0,FFN_W2:1",0.00039087192507203383,0.0005190656185150147,npu|decode|4|cb2e7ae2a199bfe7d87a47e04bb3d639,4,sample_step,0.025015803204610165,0.03322019958496094,0.00012819369344298085,1.327968537058158,0.008204396380350774,1.327968537058158
heft_prefill-1024xdecode_256_ops_trace.csv,decode,4,191,2,PIM1,pim,2,"QK:1,SV:1",3.727999999991738e-05,9.319999999999999e-06,pim|decode|4|9ba94a90ae2a2c31a7bb0139c1e338eb,4,sample_step,0.0023859199999947123,0.0005964799999999999,-2.795999999991738e-05,0.250000000000554,-0.0017894399999947123,0.250000000000554
heft_prefill-1024xdecode_256_ops_trace.csv,decode,4,191,3,PIM0,pim,9,"LN:-1,QK:0,Softmax:0,SV:0,Add:-1,LN:-1,SwiGLU:0,SwiGLU:1,Add:-1",6.921600000042716e-05,1.7303999999999996e-05,pim|decode|4|eba483edef50291578f13ab69ef2efef,4,sample_step,0.004429824000027338,0.0011074559999999997,-5.191200000042716e-05,0.2499999999984571,-0.0033223680000273384,0.2499999999984571
heft_prefill-1024xdecode_256_ops_trace.csv,decode,4,191,3,GPU0,npu,15,"Q:0,Q:1,K:0,K:1,V:0,V:1,Softmax:1,O:0,O:1,FFN_W1:0,FFN_W3:0,FFN_W1:1,FFN_W3:1,FFN_W2:0,FFN_W2:1",0.00039087192507203383,0.0005190656185150147,npu|decode|4|cb2e7ae2a199bfe7d87a47e04bb3d639,4,sample_step,0.025015803204610165,0.03322019958496094,0.00012819369344298085,1.327968537058158,0.008204396380350774,1.327968537058158
heft_prefill-1024xdecode_256_ops_trace.csv,decode,4,191,3,PIM1,pim,2,"QK:1,SV:1",3.727999999991738e-05,9.319999999999999e-06,pim|decode|4|9ba94a90ae2a2c31a7bb0139c1e338eb,4,sample_step,0.0023859199999947123,0.0005964799999999999,-2.795999999991738e-05,0.250000000000554,-0.0017894399999947123,0.250000000000554
heft_prefill-1024xdecode_256_ops_trace.csv,decode,4,191,4,PIM0,pim,9,"LN:-1,QK:0,Softmax:0,SV:0,Add:-1,LN:-1,SwiGLU:0,SwiGLU:1,Add:-1",6.921600000042716e-05,1.7303999999999996e-05,pim|decode|4|eba483edef50291578f13ab69ef2efef,4,sample_step,0.004429824000027338,0.0011074559999999997,-5.191200000042716e-05,0.2499999999984571,-0.0033223680000273384,0.2499999999984571
heft_prefill-1024xdecode_256_ops_trace.csv,decode,4,191,4,GPU0,npu,15,"Q:0,Q:1,K:0,K:1,V:0,V:1,Softmax:1,O:0,O:1,FFN_W1:0,FFN_W3:0,FFN_W1:1,FFN_W3:1,FFN_W2:0,FFN_W2:1",0.00039087192507203383,0.0005190656185150147,npu|decode|4|cb2e7ae2a199bfe7d87a47e04bb3d639,4,sample_step,0.025015803204610165,0.03322019958496094,0.00012819369344298085,1.327968537058158,0.008204396380350774,1.327968537058158
heft_prefill-1024xdecode_256_ops_trace.csv,decode,4,191,4,PIM1,pim,2,"QK:1,SV:1",3.727999999991738e-05,9.319999999999999e-06,pim|decode|4|9ba94a90ae2a2c31a7bb0139c1e338eb,4,sample_step,0.0023859199999947123,0.0005964799999999999,-2.795999999991738e-05,0.250000000000554,-0.0017894399999947123,0.250000000000554
heft_prefill-1024xdecode_256_ops_trace.csv,decode,4,191,5,PIM0,pim,9,"LN:-1,QK:0,Softmax:0,SV:0,Add:-1,LN:-1,SwiGLU:0,SwiGLU:1,Add:-1",6.921600000042716e-05,1.7303999999999996e-05,pim|decode|4|eba483edef50291578f13ab69ef2efef,4,sample_step,0.004429824000027338,0.0011074559999999997,-5.191200000042716e-05,0.2499999999984571,-0.0033223680000273384,0.2499999999984571
heft_prefill-1024xdecode_256_ops_trace.csv,decode,4,191,5,GPU0,npu,15,"Q:0,Q:1,K:0,K:1,V:0,V:1,Softmax:1,O:0,O:1,FFN_W1:0,FFN_W3:0,FFN_W1:1,FFN_W3:1,FFN_W2:0,FFN_W2:1",0.00039087192507203383,0.0005190656185150147,npu|decode|4|cb2e7ae2a199bfe7d87a47e04bb3d639,4,sample_step,0.025015803204610165,0.03322019958496094,0.00012819369344298085,1.327968537058158,0.008204396380350774,1.327968537058158
heft_prefill-1024xdecode_256_ops_trace.csv,decode,4,191,5,PIM1,pim,2,"QK:1,SV:1",3.727999999991738e-05,9.319999999999999e-06,pim|decode|4|9ba94a90ae2a2c31a7bb0139c1e338eb,4,sample_step,0.0023859199999947123,0.0005964799999999999,-2.795999999991738e-05,0.250000000000554,-0.0017894399999947123,0.250000000000554
heft_prefill-1024xdecode_256_ops_trace.csv,decode,4,191,6,PIM0,pim,9,"LN:-1,QK:0,Softmax:0,SV:0,Add:-1,LN:-1,SwiGLU:0,SwiGLU:1,Add:-1",6.921600000042716e-05,1.7303999999999996e-05,pim|decode|4|eba483edef50291578f13ab69ef2efef,4,sample_step,0.004429824000027338,0.0011074559999999997,-5.191200000042716e-05,0.2499999999984571,-0.0033223680000273384,0.2499999999984571
heft_prefill-1024xdecode_256_ops_trace.csv,decode,4,191,6,GPU0,npu,15,"Q:0,Q:1,K:0,K:1,V:0,V:1,Softmax:1,O:0,O:1,FFN_W1:0,FFN_W3:0,FFN_W1:1,FFN_W3:1,FFN_W2:0,FFN_W2:1",0.00039087192507203383,0.0005190656185150147,npu|decode|4|cb2e7ae2a199bfe7d87a47e04bb3d639,4,sample_step,0.025015803204610165,0.03322019958496094,0.00012819369344298085,1.327968537058158,0.008204396380350774,1.327968537058158
heft_prefill-1024xdecode_256_ops_trace.csv,decode,4,191,6,PIM1,pim,2,"QK:1,SV:1",3.727999999991738e-05,9.319999999999999e-06,pim|decode|4|9ba94a90ae2a2c31a7bb0139c1e338eb,4,sample_step,0.0023859199999947123,0.0005964799999999999,-2.795999999991738e-05,0.250000000000554,-0.0017894399999947123,0.250000000000554
heft_prefill-1024xdecode_256_ops_trace.csv,decode,4,191,7,PIM0,pim,9,"LN:-1,QK:0,Softmax:0,SV:0,Add:-1,LN:-1,SwiGLU:0,SwiGLU:1,Add:-1",6.921600000042716e-05,1.7303999999999996e-05,pim|decode|4|eba483edef50291578f13ab69ef2efef,4,sample_step,0.004429824000027338,0.0011074559999999997,-5.191200000042716e-05,0.2499999999984571,-0.0033223680000273384,0.2499999999984571
heft_prefill-1024xdecode_256_ops_trace.csv,decode,4,191,7,GPU0,npu,15,"Q:0,Q:1,K:0,K:1,V:0,V:1,Softmax:1,O:0,O:1,FFN_W1:0,FFN_W3:0,FFN_W1:1,FFN_W3:1,FFN_W2:0,FFN_W2:1",0.00039087192507203383,0.0005190656185150147,npu|decode|4|cb2e7ae2a199bfe7d87a47e04bb3d639,4,sample_step,0.025015803204610165,0.03322019958496094,0.00012819369344298085,1.327968537058158,0.008204396380350774,1.327968537058158
heft_prefill-1024xdecode_256_ops_trace.csv,decode,4,191,7,PIM1,pim,2,"QK:1,SV:1",3.727999999991738e-05,9.319999999999999e-06,pim|decode|4|9ba94a90ae2a2c31a7bb0139c1e338eb,4,sample_step,0.0023859199999947123,0.0005964799999999999,-2.795999999991738e-05,0.250000000000554,-0.0017894399999947123,0.250000000000554
heft_prefill-1024xdecode_256_ops_trace.csv,decode,4,191,8,PIM0,pim,9,"LN:-1,QK:0,Softmax:0,SV:0,Add:-1,LN:-1,SwiGLU:0,SwiGLU:1,Add:-1",6.921600000042716e-05,1.7303999999999996e-05,pim|decode|4|eba483edef50291578f13ab69ef2efef,4,sample_step,0.004429824000027338,0.0011074559999999997,-5.191200000042716e-05,0.2499999999984571,-0.0033223680000273384,0.2499999999984571
heft_prefill-1024xdecode_256_ops_trace.csv,decode,4,191,8,GPU0,npu,15,"Q:0,Q:1,K:0,K:1,V:0,V:1,Softmax:1,O:0,O:1,FFN_W1:0,FFN_W3:0,FFN_W1:1,FFN_W3:1,FFN_W2:0,FFN_W2:1",0.00039087192507203383,0.0005190656185150147,npu|decode|4|cb2e7ae2a199bfe7d87a47e04bb3d639,4,sample_step,0.025015803204610165,0.03322019958496094,0.00012819369344298085,1.327968537058158,0.008204396380350774,1.327968537058158
heft_prefill-1024xdecode_256_ops_trace.csv,decode,4,191,8,PIM1,pim,2,"QK:1,SV:1",3.727999999991738e-05,9.319999999999999e-06,pim|decode|4|9ba94a90ae2a2c31a7bb0139c1e338eb,4,sample_step,0.0023859199999947123,0.0005964799999999999,-2.795999999991738e-05,0.250000000000554,-0.0017894399999947123,0.250000000000554
heft_prefill-1024xdecode_256_ops_trace.csv,decode,4,191,9,PIM0,pim,9,"LN:-1,QK:0,Softmax:0,SV:0,Add:-1,LN:-1,SwiGLU:0,SwiGLU:1,Add:-1",6.921600000042716e-05,1.7303999999999996e-05,pim|decode|4|eba483edef50291578f13ab69ef2efef,4,sample_step,0.004429824000027338,0.0011074559999999997,-5.191200000042716e-05,0.2499999999984571,-0.0033223680000273384,0.2499999999984571
heft_prefill-1024xdecode_256_ops_trace.csv,decode,4,191,9,GPU0,npu,15,"Q:0,Q:1,K:0,K:1,V:0,V:1,Softmax:1,O:0,O:1,FFN_W1:0,FFN_W3:0,FFN_W1:1,FFN_W3:1,FFN_W2:0,FFN_W2:1",0.00039087192507203383,0.0005190656185150147,npu|decode|4|cb2e7ae2a199bfe7d87a47e04bb3d639,4,sample_step,0.025015803204610165,0.03322019958496094,0.00012819369344298085,1.327968537058158,0.008204396380350774,1.327968537058158
heft_prefill-1024xdecode_256_ops_trace.csv,decode,4,191,9,PIM1,pim,2,"QK:1,SV:1",3.727999999991738e-05,9.319999999999999e-06,pim|decode|4|9ba94a90ae2a2c31a7bb0139c1e338eb,4,sample_step,0.0023859199999947123,0.0005964799999999999,-2.795999999991738e-05,0.250000000000554,-0.0017894399999947123,0.250000000000554
heft_prefill-1024xdecode_256_ops_trace.csv,decode,4,191,10,PIM0,pim,9,"LN:-1,QK:0,Softmax:0,SV:0,Add:-1,LN:-1,SwiGLU:0,SwiGLU:1,Add:-1",6.921600000042716e-05,1.7303999999999996e-05,pim|decode|4|eba483edef50291578f13ab69ef2efef,4,sample_step,0.004429824000027338,0.0011074559999999997,-5.191200000042716e-05,0.2499999999984571,-0.0033223680000273384,0.2499999999984571
heft_prefill-1024xdecode_256_ops_trace.csv,decode,4,191,10,GPU0,npu,15,"Q:0,Q:1,K:0,K:1,V:0,V:1,Softmax:1,O:0,O:1,FFN_W1:0,FFN_W3:0,FFN_W1:1,FFN_W3:1,FFN_W2:0,FFN_W2:1",0.00039087192507203383,0.0005190656185150147,npu|decode|4|cb2e7ae2a199bfe7d87a47e04bb3d639,4,sample_step,0.025015803204610165,0.03322019958496094,0.00012819369344298085,1.327968537058158,0.008204396380350774,1.327968537058158
heft_prefill-1024xdecode_256_ops_trace.csv,decode,4,191,10,PIM1,pim,2,"QK:1,SV:1",3.727999999991738e-05,9.319999999999999e-06,pim|decode|4|9ba94a90ae2a2c31a7bb0139c1e338eb,4,sample_step,0.0023859199999947123,0.0005964799999999999,-2.795999999991738e-05,0.250000000000554,-0.0017894399999947123,0.250000000000554
heft_prefill-1024xdecode_256_ops_trace.csv,decode,4,191,11,PIM0,pim,9,"LN:-1,QK:0,Softmax:0,SV:0,Add:-1,LN:-1,SwiGLU:0,SwiGLU:1,Add:-1",6.921600000042716e-05,1.7303999999999996e-05,pim|decode|4|eba483edef50291578f13ab69ef2efef,4,sample_step,0.004429824000027338,0.0011074559999999997,-5.191200000042716e-05,0.2499999999984571,-0.0033223680000273384,0.2499999999984571
heft_prefill-1024xdecode_256_ops_trace.csv,decode,4,191,11,GPU0,npu,15,"Q:0,Q:1,K:0,K:1,V:0,V:1,Softmax:1,O:0,O:1,FFN_W1:0,FFN_W3:0,FFN_W1:1,FFN_W3:1,FFN_W2:0,FFN_W2:1",0.00039087192507203383,0.0005190656185150147,npu|decode|4|cb2e7ae2a199bfe7d87a47e04bb3d639,4,sample_step,0.025015803204610165,0.03322019958496094,0.00012819369344298085,1.327968537058158,0.008204396380350774,1.327968537058158
heft_prefill-1024xdecode_256_ops_trace.csv,decode,4,191,11,PIM1,pim,2,"QK:1,SV:1",3.727999999991738e-05,9.319999999999999e-06,pim|decode|4|9ba94a90ae2a2c31a7bb0139c1e338eb,4,sample_step,0.0023859199999947123,0.0005964799999999999,-2.795999999991738e-05,0.250000000000554,-0.0017894399999947123,0.250000000000554
heft_prefill-1024xdecode_256_ops_trace.csv,decode,4,191,12,PIM0,pim,9,"LN:-1,QK:0,Softmax:0,SV:0,Add:-1,LN:-1,SwiGLU:0,SwiGLU:1,Add:-1",6.921600000042716e-05,1.7303999999999996e-05,pim|decode|4|eba483edef50291578f13ab69ef2efef,4,sample_step,0.004429824000027338,0.0011074559999999997,-5.191200000042716e-05,0.2499999999984571,-0.0033223680000273384,0.2499999999984571
heft_prefill-1024xdecode_256_ops_trace.csv,decode,4,191,12,GPU0,npu,15,"Q:0,Q:1,K:0,K:1,V:0,V:1,Softmax:1,O:0,O:1,FFN_W1:0,FFN_W3:0,FFN_W1:1,FFN_W3:1,FFN_W2:0,FFN_W2:1",0.00039087192507203383,0.0005190656185150147,npu|decode|4|cb2e7ae2a199bfe7d87a47e04bb3d639,4,sample_step,0.025015803204610165,0.03322019958496094,0.00012819369344298085,1.327968537058158,0.008204396380350774,1.327968537058158
heft_prefill-1024xdecode_256_ops_trace.csv,decode,4,191,12,PIM1,pim,2,"QK:1,SV:1",3.727999999991738e-05,9.319999999999999e-06,pim|decode|4|9ba94a90ae2a2c31a7bb0139c1e338eb,4,sample_step,0.0023859199999947123,0.0005964799999999999,-2.795999999991738e-05,0.250000000000554,-0.0017894399999947123,0.250000000000554
heft_prefill-1024xdecode_256_ops_trace.csv,decode,4,191,13,PIM0,pim,9,"LN:-1,QK:0,Softmax:0,SV:0,Add:-1,LN:-1,SwiGLU:0,SwiGLU:1,Add:-1",6.921600000042716e-05,1.7303999999999996e-05,pim|decode|4|eba483edef50291578f13ab69ef2efef,4,sample_step,0.004429824000027338,0.0011074559999999997,-5.191200000042716e-05,0.2499999999984571,-0.0033223680000273384,0.2499999999984571
heft_prefill-1024xdecode_256_ops_trace.csv,decode,4,191,13,GPU0,npu,15,"Q:0,Q:1,K:0,K:1,V:0,V:1,Softmax:1,O:0,O:1,FFN_W1:0,FFN_W3:0,FFN_W1:1,FFN_W3:1,FFN_W2:0,FFN_W2:1",0.00039087192507203383,0.0005190656185150147,npu|decode|4|cb2e7ae2a199bfe7d87a47e04bb3d639,4,sample_step,0.025015803204610165,0.03322019958496094,0.00012819369344298085,1.327968537058158,0.008204396380350774,1.327968537058158
heft_prefill-1024xdecode_256_ops_trace.csv,decode,4,191,13,PIM1,pim,2,"QK:1,SV:1",3.727999999991738e-05,9.319999999999999e-06,pim|decode|4|9ba94a90ae2a2c31a7bb0139c1e338eb,4,sample_step,0.0023859199999947123,0.0005964799999999999,-2.795999999991738e-05,0.250000000000554,-0.0017894399999947123,0.250000000000554
heft_prefill-1024xdecode_256_ops_trace.csv,decode,4,191,14,PIM0,pim,9,"LN:-1,QK:0,Softmax:0,SV:0,Add:-1,LN:-1,SwiGLU:0,SwiGLU:1,Add:-1",6.921600000042716e-05,1.7303999999999996e-05,pim|decode|4|eba483edef50291578f13ab69ef2efef,4,sample_step,0.004429824000027338,0.0011074559999999997,-5.191200000042716e-05,0.2499999999984571,-0.0033223680000273384,0.2499999999984571
heft_prefill-1024xdecode_256_ops_trace.csv,decode,4,191,14,GPU0,npu,15,"Q:0,Q:1,K:0,K:1,V:0,V:1,Softmax:1,O:0,O:1,FFN_W1:0,FFN_W3:0,FFN_W1:1,FFN_W3:1,FFN_W2:0,FFN_W2:1",0.00039087192507203383,0.0005190656185150147,npu|decode|4|cb2e7ae2a199bfe7d87a47e04bb3d639,4,sample_step,0.025015803204610165,0.03322019958496094,0.00012819369344298085,1.327968537058158,0.008204396380350774,1.327968537058158
heft_prefill-1024xdecode_256_ops_trace.csv,decode,4,191,14,PIM1,pim,2,"QK:1,SV:1",3.727999999991738e-05,9.319999999999999e-06,pim|decode|4|9ba94a90ae2a2c31a7bb0139c1e338eb,4,sample_step,0.0023859199999947123,0.0005964799999999999,-2.795999999991738e-05,0.250000000000554,-0.0017894399999947123,0.250000000000554
heft_prefill-1024xdecode_256_ops_trace.csv,decode,4,191,15,PIM0,pim,9,"LN:-1,QK:0,Softmax:0,SV:0,Add:-1,LN:-1,SwiGLU:0,SwiGLU:1,Add:-1",6.921600000042716e-05,1.7303999999999996e-05,pim|decode|4|eba483edef50291578f13ab69ef2efef,4,sample_step,0.004429824000027338,0.0011074559999999997,-5.191200000042716e-05,0.2499999999984571,-0.0033223680000273384,0.2499999999984571
heft_prefill-1024xdecode_256_ops_trace.csv,decode,4,191,15,GPU0,npu,15,"Q:0,Q:1,K:0,K:1,V:0,V:1,Softmax:1,O:0,O:1,FFN_W1:0,FFN_W3:0,FFN_W1:1,FFN_W3:1,FFN_W2:0,FFN_W2:1",0.00039087192507203383,0.0005190656185150147,npu|decode|4|cb2e7ae2a199bfe7d87a47e04bb3d639,4,sample_step,0.025015803204610165,0.03322019958496094,0.00012819369344298085,1.327968537058158,0.008204396380350774,1.327968537058158
heft_prefill-1024xdecode_256_ops_trace.csv,decode,4,191,15,PIM1,pim,2,"QK:1,SV:1",3.727999999991738e-05,9.319999999999999e-06,pim|decode|4|9ba94a90ae2a2c31a7bb0139c1e338eb,4,sample_step,0.0023859199999947123,0.0005964799999999999,-2.795999999991738e-05,0.250000000000554,-0.0017894399999947123,0.250000000000554
heft_prefill-1024xdecode_256_ops_trace.csv,decode,4,191,16,PIM0,pim,9,"LN:-1,QK:0,Softmax:0,SV:0,Add:-1,LN:-1,SwiGLU:0,SwiGLU:1,Add:-1",6.921600000042716e-05,1.7303999999999996e-05,pim|decode|4|eba483edef50291578f13ab69ef2efef,4,sample_step,0.004429824000027338,0.0011074559999999997,-5.191200000042716e-05,0.2499999999984571,-0.0033223680000273384,0.2499999999984571
heft_prefill-1024xdecode_256_ops_trace.csv,decode,4,191,16,GPU0,npu,15,"Q:0,Q:1,K:0,K:1,V:0,V:1,Softmax:1,O:0,O:1,FFN_W1:0,FFN_W3:0,FFN_W1:1,FFN_W3:1,FFN_W2:0,FFN_W2:1",0.00039087192507203383,0.0005190656185150147,npu|decode|4|cb2e7ae2a199bfe7d87a47e04bb3d639,4,sample_step,0.025015803204610165,0.03322019958496094,0.00012819369344298085,1.327968537058158,0.008204396380350774,1.327968537058158
heft_prefill-1024xdecode_256_ops_trace.csv,decode,4,191,16,PIM1,pim,2,"QK:1,SV:1",3.727999999991738e-05,9.319999999999999e-06,pim|decode|4|9ba94a90ae2a2c31a7bb0139c1e338eb,4,sample_step,0.0023859199999947123,0.0005964799999999999,-2.795999999991738e-05,0.250000000000554,-0.0017894399999947123,0.250000000000554
heft_prefill-1024xdecode_256_ops_trace.csv,decode,4,191,17,PIM0,pim,9,"LN:-1,QK:0,Softmax:0,SV:0,Add:-1,LN:-1,SwiGLU:0,SwiGLU:1,Add:-1",6.921600000042716e-05,1.7303999999999996e-05,pim|decode|4|eba483edef50291578f13ab69ef2efef,4,sample_step,0.004429824000027338,0.0011074559999999997,-5.191200000042716e-05,0.2499999999984571,-0.0033223680000273384,0.2499999999984571
heft_prefill-1024xdecode_256_ops_trace.csv,decode,4,191,17,GPU0,npu,15,"Q:0,Q:1,K:0,K:1,V:0,V:1,Softmax:1,O:0,O:1,FFN_W1:0,FFN_W3:0,FFN_W1:1,FFN_W3:1,FFN_W2:0,FFN_W2:1",0.00039087192507203383,0.0005190656185150147,npu|decode|4|cb2e7ae2a199bfe7d87a47e04bb3d639,4,sample_step,0.025015803204610165,0.03322019958496094,0.00012819369344298085,1.327968537058158,0.008204396380350774,1.327968537058158
heft_prefill-1024xdecode_256_ops_trace.csv,decode,4,191,17,PIM1,pim,2,"QK:1,SV:1",3.727999999991738e-05,9.319999999999999e-06,pim|decode|4|9ba94a90ae2a2c31a7bb0139c1e338eb,4,sample_step,0.0023859199999947123,0.0005964799999999999,-2.795999999991738e-05,0.250000000000554,-0.0017894399999947123,0.250000000000554
heft_prefill-1024xdecode_256_ops_trace.csv,decode,4,191,18,PIM0,pim,9,"LN:-1,QK:0,Softmax:0,SV:0,Add:-1,LN:-1,SwiGLU:0,SwiGLU:1,Add:-1",6.921600000042716e-05,1.7303999999999996e-05,pim|decode|4|eba483edef50291578f13ab69ef2efef,4,sample_step,0.004429824000027338,0.0011074559999999997,-5.191200000042716e-05,0.2499999999984571,-0.0033223680000273384,0.2499999999984571
heft_prefill-1024xdecode_256_ops_trace.csv,decode,4,191,18,GPU0,npu,15,"Q:0,Q:1,K:0,K:1,V:0,V:1,Softmax:1,O:0,O:1,FFN_W1:0,FFN_W3:0,FFN_W1:1,FFN_W3:1,FFN_W2:0,FFN_W2:1",0.00039087192507203383,0.0005190656185150147,npu|decode|4|cb2e7ae2a199bfe7d87a47e04bb3d639,4,sample_step,0.025015803204610165,0.03322019958496094,0.00012819369344298085,1.327968537058158,0.008204396380350774,1.327968537058158
heft_prefill-1024xdecode_256_ops_trace.csv,decode,4,191,18,PIM1,pim,2,"QK:1,SV:1",3.727999999991738e-05,9.319999999999999e-06,pim|decode|4|9ba94a90ae2a2c31a7bb0139c1e338eb,4,sample_step,0.0023859199999947123,0.0005964799999999999,-2.795999999991738e-05,0.250000000000554,-0.0017894399999947123,0.250000000000554
heft_prefill-1024xdecode_256_ops_trace.csv,decode,4,191,19,PIM0,pim,9,"LN:-1,QK:0,Softmax:0,SV:0,Add:-1,LN:-1,SwiGLU:0,SwiGLU:1,Add:-1",6.921600000042716e-05,1.7303999999999996e-05,pim|decode|4|eba483edef50291578f13ab69ef2efef,4,sample_step,0.004429824000027338,0.0011074559999999997,-5.191200000042716e-05,0.2499999999984571,-0.0033223680000273384,0.2499999999984571
heft_prefill-1024xdecode_256_ops_trace.csv,decode,4,191,19,GPU0,npu,15,"Q:0,Q:1,K:0,K:1,V:0,V:1,Softmax:1,O:0,O:1,FFN_W1:0,FFN_W3:0,FFN_W1:1,FFN_W3:1,FFN_W2:0,FFN_W2:1",0.00039087192507203383,0.0005190656185150147,npu|decode|4|cb2e7ae2a199bfe7d87a47e04bb3d639,4,sample_step,0.025015803204610165,0.03322019958496094,0.00012819369344298085,1.327968537058158,0.008204396380350774,1.327968537058158
heft_prefill-1024xdecode_256_ops_trace.csv,decode,4,191,19,PIM1,pim,2,"QK:1,SV:1",3.727999999991738e-05,9.319999999999999e-06,pim|decode|4|9ba94a90ae2a2c31a7bb0139c1e338eb,4,sample_step,0.0023859199999947123,0.0005964799999999999,-2.795999999991738e-05,0.250000000000554,-0.0017894399999947123,0.250000000000554
heft_prefill-1024xdecode_256_ops_trace.csv,decode,4,191,20,PIM0,pim,9,"LN:-1,QK:0,Softmax:0,SV:0,Add:-1,LN:-1,SwiGLU:0,SwiGLU:1,Add:-1",6.921600000042716e-05,1.7303999999999996e-05,pim|decode|4|eba483edef50291578f13ab69ef2efef,4,sample_step,0.004429824000027338,0.0011074559999999997,-5.191200000042716e-05,0.2499999999984571,-0.0033223680000273384,0.2499999999984571
heft_prefill-1024xdecode_256_ops_trace.csv,decode,4,191,20,GPU0,npu,15,"Q:0,Q:1,K:0,K:1,V:0,V:1,Softmax:1,O:0,O:1,FFN_W1:0,FFN_W3:0,FFN_W1:1,FFN_W3:1,FFN_W2:0,FFN_W2:1",0.00039087192507203383,0.0005190656185150147,npu|decode|4|cb2e7ae2a199bfe7d87a47e04bb3d639,4,sample_step,0.025015803204610165,0.03322019958496094,0.00012819369344298085,1.327968537058158,0.008204396380350774,1.327968537058158
heft_prefill-1024xdecode_256_ops_trace.csv,decode,4,191,20,PIM1,pim,2,"QK:1,SV:1",3.727999999991738e-05,9.319999999999999e-06,pim|decode|4|9ba94a90ae2a2c31a7bb0139c1e338eb,4,sample_step,0.0023859199999947123,0.0005964799999999999,-2.795999999991738e-05,0.250000000000554,-0.0017894399999947123,0.250000000000554
heft_prefill-1024xdecode_256_ops_trace.csv,decode,4,191,21,PIM0,pim,9,"LN:-1,QK:0,Softmax:0,SV:0,Add:-1,LN:-1,SwiGLU:0,SwiGLU:1,Add:-1",6.921600000042716e-05,1.7303999999999996e-05,pim|decode|4|eba483edef50291578f13ab69ef2efef,4,sample_step,0.004429824000027338,0.0011074559999999997,-5.191200000042716e-05,0.2499999999984571,-0.0033223680000273384,0.2499999999984571
heft_prefill-1024xdecode_256_ops_trace.csv,decode,4,191,21,GPU0,npu,15,"Q:0,Q:1,K:0,K:1,V:0,V:1,Softmax:1,O:0,O:1,FFN_W1:0,FFN_W3:0,FFN_W1:1,FFN_W3:1,FFN_W2:0,FFN_W2:1",0.00039087192507203383,0.0005190656185150147,npu|decode|4|cb2e7ae2a199bfe7d87a47e04bb3d639,4,sample_step,0.025015803204610165,0.03322019958496094,0.00012819369344298085,1.327968537058158,0.008204396380350774,1.327968537058158
heft_prefill-1024xdecode_256_ops_trace.csv,decode,4,191,21,PIM1,pim,2,"QK:1,SV:1",3.727999999991738e-05,9.319999999999999e-06,pim|decode|4|9ba94a90ae2a2c31a7bb0139c1e338eb,4,sample_step,0.0023859199999947123,0.0005964799999999999,-2.795999999991738e-05,0.250000000000554,-0.0017894399999947123,0.250000000000554
heft_prefill-1024xdecode_256_ops_trace.csv,decode,4,191,22,PIM0,pim,9,"LN:-1,QK:0,Softmax:0,SV:0,Add:-1,LN:-1,SwiGLU:0,SwiGLU:1,Add:-1",6.921600000042716e-05,1.7303999999999996e-05,pim|decode|4|eba483edef50291578f13ab69ef2efef,4,sample_step,0.004429824000027338,0.0011074559999999997,-5.191200000042716e-05,0.2499999999984571,-0.0033223680000273384,0.2499999999984571
heft_prefill-1024xdecode_256_ops_trace.csv,decode,4,191,22,GPU0,npu,15,"Q:0,Q:1,K:0,K:1,V:0,V:1,Softmax:1,O:0,O:1,FFN_W1:0,FFN_W3:0,FFN_W1:1,FFN_W3:1,FFN_W2:0,FFN_W2:1",0.00039087192507203383,0.0005190656185150147,npu|decode|4|cb2e7ae2a199bfe7d87a47e04bb3d639,4,sample_step,0.025015803204610165,0.03322019958496094,0.00012819369344298085,1.327968537058158,0.008204396380350774,1.327968537058158
heft_prefill-1024xdecode_256_ops_trace.csv,decode,4,191,22,PIM1,pim,2,"QK:1,SV:1",3.727999999991738e-05,9.319999999999999e-06,pim|decode|4|9ba94a90ae2a2c31a7bb0139c1e338eb,4,sample_step,0.0023859199999947123,0.0005964799999999999,-2.795999999991738e-05,0.250000000000554,-0.0017894399999947123,0.250000000000554
heft_prefill-1024xdecode_256_ops_trace.csv,decode,4,191,23,PIM0,pim,9,"LN:-1,QK:0,Softmax:0,SV:0,Add:-1,LN:-1,SwiGLU:0,SwiGLU:1,Add:-1",6.921600000042716e-05,1.7303999999999996e-05,pim|decode|4|eba483edef50291578f13ab69ef2efef,4,sample_step,0.004429824000027338,0.0011074559999999997,-5.191200000042716e-05,0.2499999999984571,-0.0033223680000273384,0.2499999999984571
heft_prefill-1024xdecode_256_ops_trace.csv,decode,4,191,23,GPU0,npu,15,"Q:0,Q:1,K:0,K:1,V:0,V:1,Softmax:1,O:0,O:1,FFN_W1:0,FFN_W3:0,FFN_W1:1,FFN_W3:1,FFN_W2:0,FFN_W2:1",0.00039087192507203383,0.0005190656185150147,npu|decode|4|cb2e7ae2a199bfe7d87a47e04bb3d639,4,sample_step,0.025015803204610165,0.03322019958496094,0.00012819369344298085,1.327968537058158,0.008204396380350774,1.327968537058158
heft_prefill-1024xdecode_256_ops_trace.csv,decode,4,191,23,PIM1,pim,2,"QK:1,SV:1",3.727999999991738e-05,9.319999999999999e-06,pim|decode|4|9ba94a90ae2a2c31a7bb0139c1e338eb,4,sample_step,0.0023859199999947123,0.0005964799999999999,-2.795999999991738e-05,0.250000000000554,-0.0017894399999947123,0.250000000000554
heft_prefill-1024xdecode_256_ops_trace.csv,decode,4,191,24,PIM0,pim,9,"LN:-1,QK:0,Softmax:0,SV:0,Add:-1,LN:-1,SwiGLU:0,SwiGLU:1,Add:-1",6.921600000042716e-05,1.7303999999999996e-05,pim|decode|4|eba483edef50291578f13ab69ef2efef,4,sample_step,0.004429824000027338,0.0011074559999999997,-5.191200000042716e-05,0.2499999999984571,-0.0033223680000273384,0.2499999999984571
heft_prefill-1024xdecode_256_ops_trace.csv,decode,4,191,24,GPU0,npu,15,"Q:0,Q:1,K:0,K:1,V:0,V:1,Softmax:1,O:0,O:1,FFN_W1:0,FFN_W3:0,FFN_W1:1,FFN_W3:1,FFN_W2:0,FFN_W2:1",0.00039087192507203383,0.0005190656185150147,npu|decode|4|cb2e7ae2a199bfe7d87a47e04bb3d639,4,sample_step,0.025015803204610165,0.03322019958496094,0.00012819369344298085,1.327968537058158,0.008204396380350774,1.327968537058158
heft_prefill-1024xdecode_256_ops_trace.csv,decode,4,191,24,PIM1,pim,2,"QK:1,SV:1",3.727999999991738e-05,9.319999999999999e-06,pim|decode|4|9ba94a90ae2a2c31a7bb0139c1e338eb,4,sample_step,0.0023859199999947123,0.0005964799999999999,-2.795999999991738e-05,0.250000000000554,-0.0017894399999947123,0.250000000000554
heft_prefill-1024xdecode_256_ops_trace.csv,decode,4,191,25,PIM0,pim,9,"LN:-1,QK:0,Softmax:0,SV:0,Add:-1,LN:-1,SwiGLU:0,SwiGLU:1,Add:-1",6.921600000042716e-05,1.7303999999999996e-05,pim|decode|4|eba483edef50291578f13ab69ef2efef,4,sample_step,0.004429824000027338,0.0011074559999999997,-5.191200000042716e-05,0.2499999999984571,-0.0033223680000273384,0.2499999999984571
heft_prefill-1024xdecode_256_ops_trace.csv,decode,4,191,25,GPU0,npu,15,"Q:0,Q:1,K:0,K:1,V:0,V:1,Softmax:1,O:0,O:1,FFN_W1:0,FFN_W3:0,FFN_W1:1,FFN_W3:1,FFN_W2:0,FFN_W2:1",0.00039087192507203383,0.0005190656185150147,npu|decode|4|cb2e7ae2a199bfe7d87a47e04bb3d639,4,sample_step,0.025015803204610165,0.03322019958496094,0.00012819369344298085,1.327968537058158,0.008204396380350774,1.327968537058158
heft_prefill-1024xdecode_256_ops_trace.csv,decode,4,191,25,PIM1,pim,2,"QK:1,SV:1",3.727999999991738e-05,9.319999999999999e-06,pim|decode|4|9ba94a90ae2a2c31a7bb0139c1e338eb,4,sample_step,0.0023859199999947123,0.0005964799999999999,-2.795999999991738e-05,0.250000000000554,-0.0017894399999947123,0.250000000000554
heft_prefill-1024xdecode_256_ops_trace.csv,decode,4,191,26,PIM0,pim,9,"LN:-1,QK:0,Softmax:0,SV:0,Add:-1,LN:-1,SwiGLU:0,SwiGLU:1,Add:-1",6.921600000042716e-05,1.7303999999999996e-05,pim|decode|4|eba483edef50291578f13ab69ef2efef,4,sample_step,0.004429824000027338,0.0011074559999999997,-5.191200000042716e-05,0.2499999999984571,-0.0033223680000273384,0.2499999999984571
heft_prefill-1024xdecode_256_ops_trace.csv,decode,4,191,26,GPU0,npu,15,"Q:0,Q:1,K:0,K:1,V:0,V:1,Softmax:1,O:0,O:1,FFN_W1:0,FFN_W3:0,FFN_W1:1,FFN_W3:1,FFN_W2:0,FFN_W2:1",0.00039087192507203383,0.0005190656185150147,npu|decode|4|cb2e7ae2a199bfe7d87a47e04bb3d639,4,sample_step,0.025015803204610165,0.03322019958496094,0.00012819369344298085,1.327968537058158,0.008204396380350774,1.327968537058158
heft_prefill-1024xdecode_256_ops_trace.csv,decode,4,191,26,PIM1,pim,2,"QK:1,SV:1",3.727999999991738e-05,9.319999999999999e-06,pim|decode|4|9ba94a90ae2a2c31a7bb0139c1e338eb,4,sample_step,0.0023859199999947123,0.0005964799999999999,-2.795999999991738e-05,0.250000000000554,-0.0017894399999947123,0.250000000000554
heft_prefill-1024xdecode_256_ops_trace.csv,decode,4,191,27,PIM0,pim,9,"LN:-1,QK:0,Softmax:0,SV:0,Add:-1,LN:-1,SwiGLU:0,SwiGLU:1,Add:-1",6.921600000042716e-05,1.7303999999999996e-05,pim|decode|4|eba483edef50291578f13ab69ef2efef,4,sample_step,0.004429824000027338,0.0011074559999999997,-5.191200000042716e-05,0.2499999999984571,-0.0033223680000273384,0.2499999999984571
heft_prefill-1024xdecode_256_ops_trace.csv,decode,4,191,27,GPU0,npu,15,"Q:0,Q:1,K:0,K:1,V:0,V:1,Softmax:1,O:0,O:1,FFN_W1:0,FFN_W3:0,FFN_W1:1,FFN_W3:1,FFN_W2:0,FFN_W2:1",0.00039087192507203383,0.0005190656185150147,npu|decode|4|cb2e7ae2a199bfe7d87a47e04bb3d639,4,sample_step,0.025015803204610165,0.03322019958496094,0.00012819369344298085,1.327968537058158,0.008204396380350774,1.327968537058158
heft_prefill-1024xdecode_256_ops_trace.csv,decode,4,191,27,PIM1,pim,2,"QK:1,SV:1",3.727999999991738e-05,9.319999999999999e-06,pim|decode|4|9ba94a90ae2a2c31a7bb0139c1e338eb,4,sample_step,0.0023859199999947123,0.0005964799999999999,-2.795999999991738e-05,0.250000000000554,-0.0017894399999947123,0.250000000000554
heft_prefill-1024xdecode_256_ops_trace.csv,decode,4,191,28,PIM0,pim,9,"LN:-1,QK:0,Softmax:0,SV:0,Add:-1,LN:-1,SwiGLU:0,SwiGLU:1,Add:-1",6.921600000042716e-05,1.7303999999999996e-05,pim|decode|4|eba483edef50291578f13ab69ef2efef,4,sample_step,0.004429824000027338,0.0011074559999999997,-5.191200000042716e-05,0.2499999999984571,-0.0033223680000273384,0.2499999999984571
heft_prefill-1024xdecode_256_ops_trace.csv,decode,4,191,28,GPU0,npu,15,"Q:0,Q:1,K:0,K:1,V:0,V:1,Softmax:1,O:0,O:1,FFN_W1:0,FFN_W3:0,FFN_W1:1,FFN_W3:1,FFN_W2:0,FFN_W2:1",0.00039087192507203383,0.0005190656185150147,npu|decode|4|cb2e7ae2a199bfe7d87a47e04bb3d639,4,sample_step,0.025015803204610165,0.03322019958496094,0.00012819369344298085,1.327968537058158,0.008204396380350774,1.327968537058158
heft_prefill-1024xdecode_256_ops_trace.csv,decode,4,191,28,PIM1,pim,2,"QK:1,SV:1",3.727999999991738e-05,9.319999999999999e-06,pim|decode|4|9ba94a90ae2a2c31a7bb0139c1e338eb,4,sample_step,0.0023859199999947123,0.0005964799999999999,-2.795999999991738e-05,0.250000000000554,-0.0017894399999947123,0.250000000000554
heft_prefill-1024xdecode_256_ops_trace.csv,decode,4,191,29,PIM0,pim,9,"LN:-1,QK:0,Softmax:0,SV:0,Add:-1,LN:-1,SwiGLU:0,SwiGLU:1,Add:-1",6.921600000042716e-05,1.7303999999999996e-05,pim|decode|4|eba483edef50291578f13ab69ef2efef,4,sample_step,0.004429824000027338,0.0011074559999999997,-5.191200000042716e-05,0.2499999999984571,-0.0033223680000273384,0.2499999999984571
heft_prefill-1024xdecode_256_ops_trace.csv,decode,4,191,29,GPU0,npu,15,"Q:0,Q:1,K:0,K:1,V:0,V:1,Softmax:1,O:0,O:1,FFN_W1:0,FFN_W3:0,FFN_W1:1,FFN_W3:1,FFN_W2:0,FFN_W2:1",0.00039087192507203383,0.0005190656185150147,npu|decode|4|cb2e7ae2a199bfe7d87a47e04bb3d639,4,sample_step,0.025015803204610165,0.03322019958496094,0.00012819369344298085,1.327968537058158,0.008204396380350774,1.327968537058158
heft_prefill-1024xdecode_256_ops_trace.csv,decode,4,191,29,PIM1,pim,2,"QK:1,SV:1",3.727999999991738e-05,9.319999999999999e-06,pim|decode|4|9ba94a90ae2a2c31a7bb0139c1e338eb,4,sample_step,0.0023859199999947123,0.0005964799999999999,-2.795999999991738e-05,0.250000000000554,-0.0017894399999947123,0.250000000000554
heft_prefill-1024xdecode_256_ops_trace.csv,decode,4,191,30,PIM0,pim,9,"LN:-1,QK:0,Softmax:0,SV:0,Add:-1,LN:-1,SwiGLU:0,SwiGLU:1,Add:-1",6.921600000042716e-05,1.7303999999999996e-05,pim|decode|4|eba483edef50291578f13ab69ef2efef,4,sample_step,0.004429824000027338,0.0011074559999999997,-5.191200000042716e-05,0.2499999999984571,-0.0033223680000273384,0.2499999999984571
heft_prefill-1024xdecode_256_ops_trace.csv,decode,4,191,30,GPU0,npu,15,"Q:0,Q:1,K:0,K:1,V:0,V:1,Softmax:1,O:0,O:1,FFN_W1:0,FFN_W3:0,FFN_W1:1,FFN_W3:1,FFN_W2:0,FFN_W2:1",0.00039087192507203383,0.0005190656185150147,npu|decode|4|cb2e7ae2a199bfe7d87a47e04bb3d639,4,sample_step,0.025015803204610165,0.03322019958496094,0.00012819369344298085,1.327968537058158,0.008204396380350774,1.327968537058158
heft_prefill-1024xdecode_256_ops_trace.csv,decode,4,191,30,PIM1,pim,2,"QK:1,SV:1",3.727999999991738e-05,9.319999999999999e-06,pim|decode|4|9ba94a90ae2a2c31a7bb0139c1e338eb,4,sample_step,0.0023859199999947123,0.0005964799999999999,-2.795999999991738e-05,0.250000000000554,-0.0017894399999947123,0.250000000000554
heft_prefill-1024xdecode_256_ops_trace.csv,decode,4,191,31,PIM0,pim,9,"LN:-1,QK:0,Softmax:0,SV:0,Add:-1,LN:-1,SwiGLU:0,SwiGLU:1,Add:-1",6.921600000042716e-05,1.7303999999999996e-05,pim|decode|4|eba483edef50291578f13ab69ef2efef,4,sample_step,0.004429824000027338,0.0011074559999999997,-5.191200000042716e-05,0.2499999999984571,-0.0033223680000273384,0.2499999999984571
heft_prefill-1024xdecode_256_ops_trace.csv,decode,4,191,31,GPU0,npu,15,"Q:0,Q:1,K:0,K:1,V:0,V:1,Softmax:1,O:0,O:1,FFN_W1:0,FFN_W3:0,FFN_W1:1,FFN_W3:1,FFN_W2:0,FFN_W2:1",0.00039087192507203383,0.0005190656185150147,npu|decode|4|cb2e7ae2a199bfe7d87a47e04bb3d639,4,sample_step,0.025015803204610165,0.03322019958496094,0.00012819369344298085,1.327968537058158,0.008204396380350774,1.327968537058158
heft_prefill-1024xdecode_256_ops_trace.csv,decode,4,191,31,PIM1,pim,2,"QK:1,SV:1",3.727999999991738e-05,9.319999999999999e-06,pim|decode|4|9ba94a90ae2a2c31a7bb0139c1e338eb,4,sample_step,0.0023859199999947123,0.0005964799999999999,-2.795999999991738e-05,0.250000000000554,-0.0017894399999947123,0.250000000000554
