[slurm] jobid=9730651 nodelist=l12gpu04
[slurm] CUDA_VISIBLE_DEVICES=0
Fri Feb 27 10:39:39 2026       
+-----------------------------------------------------------------------------------------+
| NVIDIA-SMI 560.35.03              Driver Version: 560.35.03      CUDA Version: 12.6     |
|-----------------------------------------+------------------------+----------------------+
| GPU  Name                 Persistence-M | Bus-Id          Disp.A | Volatile Uncorr. ECC |
| Fan  Temp   Perf          Pwr:Usage/Cap |           Memory-Usage | GPU-Util  Compute M. |
|                                         |                        |               MIG M. |
|=========================================+========================+======================|
|   0  NVIDIA A100-PCIE-40GB          On  |   00000000:98:00.0 Off |                    0 |
| N/A   33C    P0             36W /  250W |       1MiB /  40960MiB |      0%      Default |
|                                         |                        |             Disabled |
+-----------------------------------------+------------------------+----------------------+
                                                                                         
+-----------------------------------------------------------------------------------------+
| Processes:                                                                              |
|  GPU   GI   CI        PID   Type   Process name                              GPU Memory |
|        ID   ID                                                               Usage      |
|=========================================================================================|
|  No running processes found                                                             |
+-----------------------------------------------------------------------------------------+
torch: 2.8.0+cu126
cuda available: True
device: NVIDIA A100-PCIE-40GB
[slurm] PY_SCRIPT=/lustre/home/2501111916/workspace/XPUPIM_0226_gpupim_parameter/TriForm/verify/schedule_deploy_verify.py
[slurm] TASKS_JSON=/lustre/home/2501111916/workspace/XPUPIM_0226_gpupim_parameter/TriForm/verify/hw_hardware_1gpu_2aim/st12/llama_7b_bf16_b1_s12/facil_262x1292.gpu_tasks.json
[slurm] OUT_JSON=/lustre/home/2501111916/workspace/XPUPIM_0226_gpupim_parameter/TriForm/verify/hw_hardware_1gpu_2aim/st12/llama_7b_bf16_b1_s12/facil_262x1292.gpu_results.json
[slurm] WARMUP=3 ITERS=10 DEVICE=cuda GPU_DTYPE=bf16
[slurm] OK_FILE=/lustre/home/2501111916/workspace/XPUPIM_0226_gpupim_parameter/TriForm/verify/hw_hardware_1gpu_2aim/st12/llama_7b_bf16_b1_s12/facil_262x1292.gpu.ok
[slurm] Running: python /lustre/home/2501111916/workspace/XPUPIM_0226_gpupim_parameter/TriForm/verify/schedule_deploy_verify.py run-gpu --tasks /lustre/home/2501111916/workspace/XPUPIM_0226_gpupim_parameter/TriForm/verify/hw_hardware_1gpu_2aim/st12/llama_7b_bf16_b1_s12/facil_262x1292.gpu_tasks.json --out /lustre/home/2501111916/workspace/XPUPIM_0226_gpupim_parameter/TriForm/verify/hw_hardware_1gpu_2aim/st12/llama_7b_bf16_b1_s12/facil_262x1292.gpu_results.json --debug --debug-txt /lustre/home/2501111916/workspace/XPUPIM_0226_gpupim_parameter/TriForm/verify/hw_hardware_1gpu_2aim/st12/llama_7b_bf16_b1_s12/facil_262x1292.gpu_debug.log --warmup 3 --iters 10 --device cuda --gpu-dtype bf16
[run-gpu] tasks=110 warmup=3 iters=10 device=cuda dtype=bf16 segment_scope=layer
[run-gpu] extra weight_load_s=0.400513s (will be added in merge)
[run-gpu] GPU[0] NVIDIA A100-PCIE-40GB; SM=108, CC=8.0
[run-gpu] nvidia-smi -L: GPU 0: NVIDIA A100-PCIE-40GB (UUID: GPU-6d440a5b-63f1-384a-e57b-cc3200e8df52)
[run-gpu] nvidia-smi query: NVIDIA A100-PCIE-40GB, GPU-6d440a5b-63f1-384a-e57b-cc3200e8df52, 560.35.03, 40960
[run-gpu][debug] torch_default_dtype=torch.float32
[run-gpu][debug] torch.backends.cuda.matmul.allow_tf32=False
[run-gpu][debug] cudnn.enabled=True benchmark=False deterministic=False allow_tf32=True
[run-gpu][debug] nvidia-smi snapshot: 0, 0, 0, 4, 40960, 33, 36.96, 250.00
========================================================================================
[gpu-debug] segment_key=npu|decode|0|ff6dcf33668f3ebc9cf61e7eb43c6a84
[gpu-debug] sig: device_type=npu phase=decode step=0 (count_hint=32)
[gpu-debug] ops_repr: LN:-1,Add:-1,LN:-1,FFN_W3:0,FFN_W3:1,SwiGLU:0,SwiGLU:1,Add:-1
[gpu-debug] cfg: device=cuda dtype=torch.bfloat16 dim=4096 ffn_dim=11008 n_heads=32 shards=2
[gpu-debug] op plan (with inferred tensor shapes):
  - op#00  op=LN       shard=-1  x=[1x4096] + w=[4096]  ->  y=[1x4096]  (T=1, K=263)
  - op#01  op=Add      shard=-1  a=[1x4096] + b=[1x4096]  ->  y=[1x4096]  (T=1, K=263)
  - op#02  op=LN       shard=-1  x=[1x4096] + w=[4096]  ->  y=[1x4096]  (T=1, K=263)
  - op#03  op=FFN_W3   shard=0   x=[1x4096] + w=[5504x4096]  ->  y=[1x5504]  (T=1, K=263)
  - op#04  op=FFN_W3   shard=1   x=[1x4096] + w=[5504x4096]  ->  y=[1x5504]  (T=1, K=263)
  - op#05  op=SwiGLU   shard=0   a=[1x5504] + b=[1x5504]  ->  y=[1x5504]  (T=1, K=263)
  - op#06  op=SwiGLU   shard=1   a=[1x5504] + b=[1x5504]  ->  y=[1x5504]  (T=1, K=263)
  - op#07  op=Add      shard=-1  a=[1x4096] + b=[1x4096]  ->  y=[1x4096]  (T=1, K=263)
[gpu-debug] per-op timing breakdown (avg over iters):
  idx  op       sh  io                                                    time   est_flops    TFLOPs       bytes      GB/s
  ------------------------------------------------------------------------------------------------------------------------
    0  LN       -1  x[1x4096]+w[4096]->y[1x4096]                        0.069ms    20.480 K      0.00   24.00 KiB      0.35
    1  Add      -1  a[1x4096]+b[1x4096]->y[1x4096]                      0.018ms     4.096 K      0.00   24.00 KiB      1.38
    2  LN       -1  x[1x4096]+w[4096]->y[1x4096]                        0.059ms    20.480 K      0.00   24.00 KiB      0.42
    3  FFN_W3    0  x[1x4096]+w[5504x4096]->y[1x5504]                   0.064ms    45.089 M      0.70   43.02 MiB    700.33
    4  FFN_W3    1  x[1x4096]+w[5504x4096]->y[1x5504]                   0.045ms    45.089 M      1.00   43.02 MiB    996.62
    5  SwiGLU    0  a[1x5504]+b[1x5504]->y[1x5504]                      0.014ms    33.024 K      0.00   32.25 KiB      2.37
    6  SwiGLU    1  a[1x5504]+b[1x5504]->y[1x5504]                      0.014ms    33.024 K      0.00   32.25 KiB      2.30
    7  Add      -1  a[1x4096]+b[1x4096]->y[1x4096]                      0.010ms     4.096 K      0.00   24.00 KiB      2.55
[gpu-debug] segment avg latency (cuda_events): 0.195 ms
[gpu-debug] sum(per-op)               : 0.294 ms (ratio=1.507)
[gpu-debug] NOTE: sum(per-op) may differ from segment latency due to Python overhead, event/launch overhead, and allocator/cache effects.
[gpu-debug] cuda mem before warmup: alloc=0 B reserved=0 B
[gpu-debug] cuda mem after warmup : alloc=96.15 MiB reserved=110.00 MiB
[gpu-debug] cuda mem peak (this segment): max_alloc=96.17 MiB max_reserved=110.00 MiB
========================================================================================
[gpu-debug] segment_key=npu|decode|100|ff6dcf33668f3ebc9cf61e7eb43c6a84
[gpu-debug] sig: device_type=npu phase=decode step=100 (count_hint=32)
[gpu-debug] ops_repr: LN:-1,Add:-1,LN:-1,FFN_W3:0,FFN_W3:1,SwiGLU:0,SwiGLU:1,Add:-1
[gpu-debug] cfg: device=cuda dtype=torch.bfloat16 dim=4096 ffn_dim=11008 n_heads=32 shards=2
[gpu-debug] op plan (with inferred tensor shapes):
  - op#00  op=LN       shard=-1  x=[1x4096] + w=[4096]  ->  y=[1x4096]  (T=1, K=1450)
  - op#01  op=Add      shard=-1  a=[1x4096] + b=[1x4096]  ->  y=[1x4096]  (T=1, K=1450)
  - op#02  op=LN       shard=-1  x=[1x4096] + w=[4096]  ->  y=[1x4096]  (T=1, K=1450)
  - op#03  op=FFN_W3   shard=0   x=[1x4096] + w=[5504x4096]  ->  y=[1x5504]  (T=1, K=1450)
  - op#04  op=FFN_W3   shard=1   x=[1x4096] + w=[5504x4096]  ->  y=[1x5504]  (T=1, K=1450)
  - op#05  op=SwiGLU   shard=0   a=[1x5504] + b=[1x5504]  ->  y=[1x5504]  (T=1, K=1450)
  - op#06  op=SwiGLU   shard=1   a=[1x5504] + b=[1x5504]  ->  y=[1x5504]  (T=1, K=1450)
  - op#07  op=Add      shard=-1  a=[1x4096] + b=[1x4096]  ->  y=[1x4096]  (T=1, K=1450)
[gpu-debug] per-op timing breakdown (avg over iters):
  idx  op       sh  io                                                    time   est_flops    TFLOPs       bytes      GB/s
  ------------------------------------------------------------------------------------------------------------------------
    0  LN       -1  x[1x4096]+w[4096]->y[1x4096]                        0.067ms    20.480 K      0.00   24.00 KiB      0.37
    1  Add      -1  a[1x4096]+b[1x4096]->y[1x4096]                      0.017ms     4.096 K      0.00   24.00 KiB      1.46
    2  LN       -1  x[1x4096]+w[4096]->y[1x4096]                        0.059ms    20.480 K      0.00   24.00 KiB      0.42
    3  FFN_W3    0  x[1x4096]+w[5504x4096]->y[1x5504]                   0.063ms    45.089 M      0.71   43.02 MiB    712.80
    4  FFN_W3    1  x[1x4096]+w[5504x4096]->y[1x5504]                   0.046ms    45.089 M      0.99   43.02 MiB    987.68
    5  SwiGLU    0  a[1x5504]+b[1x5504]->y[1x5504]                      0.014ms    33.024 K      0.00   32.25 KiB      2.42
    6  SwiGLU    1  a[1x5504]+b[1x5504]->y[1x5504]                      0.014ms    33.024 K      0.00   32.25 KiB      2.41
    7  Add      -1  a[1x4096]+b[1x4096]->y[1x4096]                      0.009ms     4.096 K      0.00   24.00 KiB      2.70
[gpu-debug] segment avg latency (cuda_events): 0.185 ms
[gpu-debug] sum(per-op)               : 0.288 ms (ratio=1.559)
[gpu-debug] NOTE: sum(per-op) may differ from segment latency due to Python overhead, event/launch overhead, and allocator/cache effects.
[gpu-debug] cuda mem before warmup: alloc=96.15 MiB reserved=110.00 MiB
[gpu-debug] cuda mem after warmup : alloc=96.15 MiB reserved=110.00 MiB
[gpu-debug] cuda mem peak (this segment): max_alloc=96.17 MiB max_reserved=110.00 MiB
========================================================================================
[gpu-debug] segment_key=npu|decode|101|ff6dcf33668f3ebc9cf61e7eb43c6a84
[gpu-debug] sig: device_type=npu phase=decode step=101 (count_hint=32)
[gpu-debug] ops_repr: LN:-1,Add:-1,LN:-1,FFN_W3:0,FFN_W3:1,SwiGLU:0,SwiGLU:1,Add:-1
[gpu-debug] cfg: device=cuda dtype=torch.bfloat16 dim=4096 ffn_dim=11008 n_heads=32 shards=2
[gpu-debug] op plan (with inferred tensor shapes):
  - op#00  op=LN       shard=-1  x=[1x4096] + w=[4096]  ->  y=[1x4096]  (T=1, K=1462)
  - op#01  op=Add      shard=-1  a=[1x4096] + b=[1x4096]  ->  y=[1x4096]  (T=1, K=1462)
  - op#02  op=LN       shard=-1  x=[1x4096] + w=[4096]  ->  y=[1x4096]  (T=1, K=1462)
  - op#03  op=FFN_W3   shard=0   x=[1x4096] + w=[5504x4096]  ->  y=[1x5504]  (T=1, K=1462)
  - op#04  op=FFN_W3   shard=1   x=[1x4096] + w=[5504x4096]  ->  y=[1x5504]  (T=1, K=1462)
  - op#05  op=SwiGLU   shard=0   a=[1x5504] + b=[1x5504]  ->  y=[1x5504]  (T=1, K=1462)
  - op#06  op=SwiGLU   shard=1   a=[1x5504] + b=[1x5504]  ->  y=[1x5504]  (T=1, K=1462)
  - op#07  op=Add      shard=-1  a=[1x4096] + b=[1x4096]  ->  y=[1x4096]  (T=1, K=1462)
[gpu-debug] per-op timing breakdown (avg over iters):
  idx  op       sh  io                                                    time   est_flops    TFLOPs       bytes      GB/s
  ------------------------------------------------------------------------------------------------------------------------
    0  LN       -1  x[1x4096]+w[4096]->y[1x4096]                        0.067ms    20.480 K      0.00   24.00 KiB      0.36
    1  Add      -1  a[1x4096]+b[1x4096]->y[1x4096]                      0.017ms     4.096 K      0.00   24.00 KiB      1.46
    2  LN       -1  x[1x4096]+w[4096]->y[1x4096]                        0.059ms    20.480 K      0.00   24.00 KiB      0.42
    3  FFN_W3    0  x[1x4096]+w[5504x4096]->y[1x5504]                   0.063ms    45.089 M      0.71   43.02 MiB    710.50
    4  FFN_W3    1  x[1x4096]+w[5504x4096]->y[1x5504]                   0.046ms    45.089 M      0.99   43.02 MiB    987.68
    5  SwiGLU    0  a[1x5504]+b[1x5504]->y[1x5504]                      0.014ms    33.024 K      0.00   32.25 KiB      2.37
    6  SwiGLU    1  a[1x5504]+b[1x5504]->y[1x5504]                      0.014ms    33.024 K      0.00   32.25 KiB      2.42
    7  Add      -1  a[1x4096]+b[1x4096]->y[1x4096]                      0.009ms     4.096 K      0.00   24.00 KiB      2.70
[gpu-debug] segment avg latency (cuda_events): 0.184 ms
[gpu-debug] sum(per-op)               : 0.289 ms (ratio=1.570)
[gpu-debug] NOTE: sum(per-op) may differ from segment latency due to Python overhead, event/launch overhead, and allocator/cache effects.
[gpu-debug] cuda mem before warmup: alloc=96.15 MiB reserved=110.00 MiB
[gpu-debug] cuda mem after warmup : alloc=96.15 MiB reserved=110.00 MiB
[gpu-debug] cuda mem peak (this segment): max_alloc=96.17 MiB max_reserved=110.00 MiB
========================================================================================
[gpu-debug] segment_key=npu|decode|102|ff6dcf33668f3ebc9cf61e7eb43c6a84
[gpu-debug] sig: device_type=npu phase=decode step=102 (count_hint=32)
[gpu-debug] ops_repr: LN:-1,Add:-1,LN:-1,FFN_W3:0,FFN_W3:1,SwiGLU:0,SwiGLU:1,Add:-1
[gpu-debug] cfg: device=cuda dtype=torch.bfloat16 dim=4096 ffn_dim=11008 n_heads=32 shards=2
[gpu-debug] op plan (with inferred tensor shapes):
  - op#00  op=LN       shard=-1  x=[1x4096] + w=[4096]  ->  y=[1x4096]  (T=1, K=1474)
  - op#01  op=Add      shard=-1  a=[1x4096] + b=[1x4096]  ->  y=[1x4096]  (T=1, K=1474)
  - op#02  op=LN       shard=-1  x=[1x4096] + w=[4096]  ->  y=[1x4096]  (T=1, K=1474)
  - op#03  op=FFN_W3   shard=0   x=[1x4096] + w=[5504x4096]  ->  y=[1x5504]  (T=1, K=1474)
  - op#04  op=FFN_W3   shard=1   x=[1x4096] + w=[5504x4096]  ->  y=[1x5504]  (T=1, K=1474)
  - op#05  op=SwiGLU   shard=0   a=[1x5504] + b=[1x5504]  ->  y=[1x5504]  (T=1, K=1474)
  - op#06  op=SwiGLU   shard=1   a=[1x5504] + b=[1x5504]  ->  y=[1x5504]  (T=1, K=1474)
  - op#07  op=Add      shard=-1  a=[1x4096] + b=[1x4096]  ->  y=[1x4096]  (T=1, K=1474)
[gpu-debug] per-op timing breakdown (avg over iters):
  idx  op       sh  io                                                    time   est_flops    TFLOPs       bytes      GB/s
  ------------------------------------------------------------------------------------------------------------------------
    0  LN       -1  x[1x4096]+w[4096]->y[1x4096]                        0.066ms    20.480 K      0.00   24.00 KiB      0.37
    1  Add      -1  a[1x4096]+b[1x4096]->y[1x4096]                      0.016ms     4.096 K      0.00   24.00 KiB      1.50
    2  LN       -1  x[1x4096]+w[4096]->y[1x4096]                        0.059ms    20.480 K      0.00   24.00 KiB      0.42
    3  FFN_W3    0  x[1x4096]+w[5504x4096]->y[1x5504]                   0.064ms    45.089 M      0.70   43.02 MiB    702.56
    4  FFN_W3    1  x[1x4096]+w[5504x4096]->y[1x5504]                   0.046ms    45.089 M      0.99   43.02 MiB    987.68
    5  SwiGLU    0  a[1x5504]+b[1x5504]->y[1x5504]                      0.014ms    33.024 K      0.00   32.25 KiB      2.34
    6  SwiGLU    1  a[1x5504]+b[1x5504]->y[1x5504]                      0.014ms    33.024 K      0.00   32.25 KiB      2.42
    7  Add      -1  a[1x4096]+b[1x4096]->y[1x4096]                      0.009ms     4.096 K      0.00   24.00 KiB      2.67
[gpu-debug] segment avg latency (cuda_events): 0.184 ms
[gpu-debug] sum(per-op)               : 0.288 ms (ratio=1.564)
[gpu-debug] NOTE: sum(per-op) may differ from segment latency due to Python overhead, event/launch overhead, and allocator/cache effects.
[gpu-debug] cuda mem before warmup: alloc=96.15 MiB reserved=110.00 MiB
[gpu-debug] cuda mem after warmup : alloc=96.15 MiB reserved=110.00 MiB
[gpu-debug] cuda mem peak (this segment): max_alloc=96.17 MiB max_reserved=110.00 MiB
========================================================================================
[gpu-debug] segment_key=npu|decode|103|ff6dcf33668f3ebc9cf61e7eb43c6a84
[gpu-debug] sig: device_type=npu phase=decode step=103 (count_hint=32)
[gpu-debug] ops_repr: LN:-1,Add:-1,LN:-1,FFN_W3:0,FFN_W3:1,SwiGLU:0,SwiGLU:1,Add:-1
[gpu-debug] cfg: device=cuda dtype=torch.bfloat16 dim=4096 ffn_dim=11008 n_heads=32 shards=2
[gpu-debug] op plan (with inferred tensor shapes):
  - op#00  op=LN       shard=-1  x=[1x4096] + w=[4096]  ->  y=[1x4096]  (T=1, K=1486)
  - op#01  op=Add      shard=-1  a=[1x4096] + b=[1x4096]  ->  y=[1x4096]  (T=1, K=1486)
  - op#02  op=LN       shard=-1  x=[1x4096] + w=[4096]  ->  y=[1x4096]  (T=1, K=1486)
  - op#03  op=FFN_W3   shard=0   x=[1x4096] + w=[5504x4096]  ->  y=[1x5504]  (T=1, K=1486)
  - op#04  op=FFN_W3   shard=1   x=[1x4096] + w=[5504x4096]  ->  y=[1x5504]  (T=1, K=1486)
  - op#05  op=SwiGLU   shard=0   a=[1x5504] + b=[1x5504]  ->  y=[1x5504]  (T=1, K=1486)
  - op#06  op=SwiGLU   shard=1   a=[1x5504] + b=[1x5504]  ->  y=[1x5504]  (T=1, K=1486)
  - op#07  op=Add      shard=-1  a=[1x4096] + b=[1x4096]  ->  y=[1x4096]  (T=1, K=1486)
[gpu-debug] per-op timing breakdown (avg over iters):
  idx  op       sh  io                                                    time   est_flops    TFLOPs       bytes      GB/s
  ------------------------------------------------------------------------------------------------------------------------
    0  LN       -1  x[1x4096]+w[4096]->y[1x4096]                        0.066ms    20.480 K      0.00   24.00 KiB      0.37
    1  Add      -1  a[1x4096]+b[1x4096]->y[1x4096]                      0.017ms     4.096 K      0.00   24.00 KiB      1.46
    2  LN       -1  x[1x4096]+w[4096]->y[1x4096]                        0.057ms    20.480 K      0.00   24.00 KiB      0.43
    3  FFN_W3    0  x[1x4096]+w[5504x4096]->y[1x5504]                   0.063ms    45.089 M      0.72   43.02 MiB    719.78
    4  FFN_W3    1  x[1x4096]+w[5504x4096]->y[1x5504]                   0.045ms    45.089 M      0.99   43.02 MiB    994.37
    5  SwiGLU    0  a[1x5504]+b[1x5504]->y[1x5504]                      0.014ms    33.024 K      0.00   32.25 KiB      2.37
    6  SwiGLU    1  a[1x5504]+b[1x5504]->y[1x5504]                      0.013ms    33.024 K      0.00   32.25 KiB      2.46
    7  Add      -1  a[1x4096]+b[1x4096]->y[1x4096]                      0.009ms     4.096 K      0.00   24.00 KiB      2.76
[gpu-debug] segment avg latency (cuda_events): 0.184 ms
[gpu-debug] sum(per-op)               : 0.285 ms (ratio=1.553)
[gpu-debug] NOTE: sum(per-op) may differ from segment latency due to Python overhead, event/launch overhead, and allocator/cache effects.
[gpu-debug] cuda mem before warmup: alloc=96.15 MiB reserved=110.00 MiB
[gpu-debug] cuda mem after warmup : alloc=96.15 MiB reserved=110.00 MiB
[gpu-debug] cuda mem peak (this segment): max_alloc=96.17 MiB max_reserved=110.00 MiB
========================================================================================
[gpu-debug] segment_key=npu|decode|104|ff6dcf33668f3ebc9cf61e7eb43c6a84
[gpu-debug] sig: device_type=npu phase=decode step=104 (count_hint=32)
[gpu-debug] ops_repr: LN:-1,Add:-1,LN:-1,FFN_W3:0,FFN_W3:1,SwiGLU:0,SwiGLU:1,Add:-1
[gpu-debug] cfg: device=cuda dtype=torch.bfloat16 dim=4096 ffn_dim=11008 n_heads=32 shards=2
[gpu-debug] op plan (with inferred tensor shapes):
  - op#00  op=LN       shard=-1  x=[1x4096] + w=[4096]  ->  y=[1x4096]  (T=1, K=1498)
  - op#01  op=Add      shard=-1  a=[1x4096] + b=[1x4096]  ->  y=[1x4096]  (T=1, K=1498)
  - op#02  op=LN       shard=-1  x=[1x4096] + w=[4096]  ->  y=[1x4096]  (T=1, K=1498)
  - op#03  op=FFN_W3   shard=0   x=[1x4096] + w=[5504x4096]  ->  y=[1x5504]  (T=1, K=1498)
  - op#04  op=FFN_W3   shard=1   x=[1x4096] + w=[5504x4096]  ->  y=[1x5504]  (T=1, K=1498)
  - op#05  op=SwiGLU   shard=0   a=[1x5504] + b=[1x5504]  ->  y=[1x5504]  (T=1, K=1498)
  - op#06  op=SwiGLU   shard=1   a=[1x5504] + b=[1x5504]  ->  y=[1x5504]  (T=1, K=1498)
  - op#07  op=Add      shard=-1  a=[1x4096] + b=[1x4096]  ->  y=[1x4096]  (T=1, K=1498)
[gpu-debug] per-op timing breakdown (avg over iters):
  idx  op       sh  io                                                    time   est_flops    TFLOPs       bytes      GB/s
  ------------------------------------------------------------------------------------------------------------------------
    0  LN       -1  x[1x4096]+w[4096]->y[1x4096]                        0.067ms    20.480 K      0.00   24.00 KiB      0.37
    1  Add      -1  a[1x4096]+b[1x4096]->y[1x4096]                      0.017ms     4.096 K      0.00   24.00 KiB      1.47
    2  LN       -1  x[1x4096]+w[4096]->y[1x4096]                        0.058ms    20.480 K      0.00   24.00 KiB      0.42
    3  FFN_W3    0  x[1x4096]+w[5504x4096]->y[1x5504]                   0.063ms    45.089 M      0.71   43.02 MiB    713.95
    4  FFN_W3    1  x[1x4096]+w[5504x4096]->y[1x5504]                   0.046ms    45.089 M      0.99   43.02 MiB    985.48
    5  SwiGLU    0  a[1x5504]+b[1x5504]->y[1x5504]                      0.014ms    33.024 K      0.00   32.25 KiB      2.39
    6  SwiGLU    1  a[1x5504]+b[1x5504]->y[1x5504]                      0.014ms    33.024 K      0.00   32.25 KiB      2.39
    7  Add      -1  a[1x4096]+b[1x4096]->y[1x4096]                      0.009ms     4.096 K      0.00   24.00 KiB      2.73
[gpu-debug] segment avg latency (cuda_events): 0.184 ms
[gpu-debug] sum(per-op)               : 0.287 ms (ratio=1.557)
[gpu-debug] NOTE: sum(per-op) may differ from segment latency due to Python overhead, event/launch overhead, and allocator/cache effects.
[gpu-debug] cuda mem before warmup: alloc=96.15 MiB reserved=110.00 MiB
[gpu-debug] cuda mem after warmup : alloc=96.15 MiB reserved=110.00 MiB
[gpu-debug] cuda mem peak (this segment): max_alloc=96.17 MiB max_reserved=110.00 MiB
========================================================================================
[gpu-debug] segment_key=npu|decode|105|ff6dcf33668f3ebc9cf61e7eb43c6a84
[gpu-debug] sig: device_type=npu phase=decode step=105 (count_hint=32)
[gpu-debug] ops_repr: LN:-1,Add:-1,LN:-1,FFN_W3:0,FFN_W3:1,SwiGLU:0,SwiGLU:1,Add:-1
[gpu-debug] cfg: device=cuda dtype=torch.bfloat16 dim=4096 ffn_dim=11008 n_heads=32 shards=2
[gpu-debug] op plan (with inferred tensor shapes):
  - op#00  op=LN       shard=-1  x=[1x4096] + w=[4096]  ->  y=[1x4096]  (T=1, K=1510)
  - op#01  op=Add      shard=-1  a=[1x4096] + b=[1x4096]  ->  y=[1x4096]  (T=1, K=1510)
  - op#02  op=LN       shard=-1  x=[1x4096] + w=[4096]  ->  y=[1x4096]  (T=1, K=1510)
  - op#03  op=FFN_W3   shard=0   x=[1x4096] + w=[5504x4096]  ->  y=[1x5504]  (T=1, K=1510)
  - op#04  op=FFN_W3   shard=1   x=[1x4096] + w=[5504x4096]  ->  y=[1x5504]  (T=1, K=1510)
  - op#05  op=SwiGLU   shard=0   a=[1x5504] + b=[1x5504]  ->  y=[1x5504]  (T=1, K=1510)
  - op#06  op=SwiGLU   shard=1   a=[1x5504] + b=[1x5504]  ->  y=[1x5504]  (T=1, K=1510)
  - op#07  op=Add      shard=-1  a=[1x4096] + b=[1x4096]  ->  y=[1x4096]  (T=1, K=1510)
[gpu-debug] per-op timing breakdown (avg over iters):
  idx  op       sh  io                                                    time   est_flops    TFLOPs       bytes      GB/s
  ------------------------------------------------------------------------------------------------------------------------
    0  LN       -1  x[1x4096]+w[4096]->y[1x4096]                        0.068ms    20.480 K      0.00   24.00 KiB      0.36
    1  Add      -1  a[1x4096]+b[1x4096]->y[1x4096]                      0.016ms     4.096 K      0.00   24.00 KiB      1.49
    2  LN       -1  x[1x4096]+w[4096]->y[1x4096]                        0.058ms    20.480 K      0.00   24.00 KiB      0.42
    3  FFN_W3    0  x[1x4096]+w[5504x4096]->y[1x5504]                   0.063ms    45.089 M      0.71   43.02 MiB    715.11
    4  FFN_W3    1  x[1x4096]+w[5504x4096]->y[1x5504]                   0.045ms    45.089 M      0.99   43.02 MiB    992.13
    5  SwiGLU    0  a[1x5504]+b[1x5504]->y[1x5504]                      0.014ms    33.024 K      0.00   32.25 KiB      2.35
    6  SwiGLU    1  a[1x5504]+b[1x5504]->y[1x5504]                      0.014ms    33.024 K      0.00   32.25 KiB      2.42
    7  Add      -1  a[1x4096]+b[1x4096]->y[1x4096]                      0.009ms     4.096 K      0.00   24.00 KiB      2.86
[gpu-debug] segment avg latency (cuda_events): 0.183 ms
[gpu-debug] sum(per-op)               : 0.287 ms (ratio=1.568)
[gpu-debug] NOTE: sum(per-op) may differ from segment latency due to Python overhead, event/launch overhead, and allocator/cache effects.
[gpu-debug] cuda mem before warmup: alloc=96.15 MiB reserved=110.00 MiB
[gpu-debug] cuda mem after warmup : alloc=96.15 MiB reserved=110.00 MiB
[gpu-debug] cuda mem peak (this segment): max_alloc=96.17 MiB max_reserved=110.00 MiB
========================================================================================
[gpu-debug] segment_key=npu|decode|106|ff6dcf33668f3ebc9cf61e7eb43c6a84
[gpu-debug] sig: device_type=npu phase=decode step=106 (count_hint=32)
[gpu-debug] ops_repr: LN:-1,Add:-1,LN:-1,FFN_W3:0,FFN_W3:1,SwiGLU:0,SwiGLU:1,Add:-1
[gpu-debug] cfg: device=cuda dtype=torch.bfloat16 dim=4096 ffn_dim=11008 n_heads=32 shards=2
[gpu-debug] op plan (with inferred tensor shapes):
  - op#00  op=LN       shard=-1  x=[1x4096] + w=[4096]  ->  y=[1x4096]  (T=1, K=1522)
  - op#01  op=Add      shard=-1  a=[1x4096] + b=[1x4096]  ->  y=[1x4096]  (T=1, K=1522)
  - op#02  op=LN       shard=-1  x=[1x4096] + w=[4096]  ->  y=[1x4096]  (T=1, K=1522)
  - op#03  op=FFN_W3   shard=0   x=[1x4096] + w=[5504x4096]  ->  y=[1x5504]  (T=1, K=1522)
  - op#04  op=FFN_W3   shard=1   x=[1x4096] + w=[5504x4096]  ->  y=[1x5504]  (T=1, K=1522)
  - op#05  op=SwiGLU   shard=0   a=[1x5504] + b=[1x5504]  ->  y=[1x5504]  (T=1, K=1522)
  - op#06  op=SwiGLU   shard=1   a=[1x5504] + b=[1x5504]  ->  y=[1x5504]  (T=1, K=1522)
  - op#07  op=Add      shard=-1  a=[1x4096] + b=[1x4096]  ->  y=[1x4096]  (T=1, K=1522)
[gpu-debug] per-op timing breakdown (avg over iters):
  idx  op       sh  io                                                    time   est_flops    TFLOPs       bytes      GB/s
  ------------------------------------------------------------------------------------------------------------------------
    0  LN       -1  x[1x4096]+w[4096]->y[1x4096]                        0.068ms    20.480 K      0.00   24.00 KiB      0.36
    1  Add      -1  a[1x4096]+b[1x4096]->y[1x4096]                      0.017ms     4.096 K      0.00   24.00 KiB      1.48
    2  LN       -1  x[1x4096]+w[4096]->y[1x4096]                        0.058ms    20.480 K      0.00   24.00 KiB      0.42
    3  FFN_W3    0  x[1x4096]+w[5504x4096]->y[1x5504]                   0.064ms    45.089 M      0.71   43.02 MiB    707.07
    4  FFN_W3    1  x[1x4096]+w[5504x4096]->y[1x5504]                   0.046ms    45.089 M      0.98   43.02 MiB    981.09
    5  SwiGLU    0  a[1x5504]+b[1x5504]->y[1x5504]                      0.014ms    33.024 K      0.00   32.25 KiB      2.34
    6  SwiGLU    1  a[1x5504]+b[1x5504]->y[1x5504]                      0.014ms    33.024 K      0.00   32.25 KiB      2.44
    7  Add      -1  a[1x4096]+b[1x4096]->y[1x4096]                      0.009ms     4.096 K      0.00   24.00 KiB      2.70
[gpu-debug] segment avg latency (cuda_events): 0.187 ms
[gpu-debug] sum(per-op)               : 0.289 ms (ratio=1.548)
[gpu-debug] NOTE: sum(per-op) may differ from segment latency due to Python overhead, event/launch overhead, and allocator/cache effects.
[gpu-debug] cuda mem before warmup: alloc=96.15 MiB reserved=110.00 MiB
[gpu-debug] cuda mem after warmup : alloc=96.15 MiB reserved=110.00 MiB
[gpu-debug] cuda mem peak (this segment): max_alloc=96.17 MiB max_reserved=110.00 MiB
========================================================================================
[gpu-debug] segment_key=npu|decode|107|ff6dcf33668f3ebc9cf61e7eb43c6a84
[gpu-debug] sig: device_type=npu phase=decode step=107 (count_hint=32)
[gpu-debug] ops_repr: LN:-1,Add:-1,LN:-1,FFN_W3:0,FFN_W3:1,SwiGLU:0,SwiGLU:1,Add:-1
[gpu-debug] cfg: device=cuda dtype=torch.bfloat16 dim=4096 ffn_dim=11008 n_heads=32 shards=2
[gpu-debug] op plan (with inferred tensor shapes):
  - op#00  op=LN       shard=-1  x=[1x4096] + w=[4096]  ->  y=[1x4096]  (T=1, K=1534)
  - op#01  op=Add      shard=-1  a=[1x4096] + b=[1x4096]  ->  y=[1x4096]  (T=1, K=1534)
  - op#02  op=LN       shard=-1  x=[1x4096] + w=[4096]  ->  y=[1x4096]  (T=1, K=1534)
  - op#03  op=FFN_W3   shard=0   x=[1x4096] + w=[5504x4096]  ->  y=[1x5504]  (T=1, K=1534)
  - op#04  op=FFN_W3   shard=1   x=[1x4096] + w=[5504x4096]  ->  y=[1x5504]  (T=1, K=1534)
  - op#05  op=SwiGLU   shard=0   a=[1x5504] + b=[1x5504]  ->  y=[1x5504]  (T=1, K=1534)
  - op#06  op=SwiGLU   shard=1   a=[1x5504] + b=[1x5504]  ->  y=[1x5504]  (T=1, K=1534)
  - op#07  op=Add      shard=-1  a=[1x4096] + b=[1x4096]  ->  y=[1x4096]  (T=1, K=1534)
[gpu-debug] per-op timing breakdown (avg over iters):
  idx  op       sh  io                                                    time   est_flops    TFLOPs       bytes      GB/s
  ------------------------------------------------------------------------------------------------------------------------
    0  LN       -1  x[1x4096]+w[4096]->y[1x4096]                        0.067ms    20.480 K      0.00   24.00 KiB      0.37
    1  Add      -1  a[1x4096]+b[1x4096]->y[1x4096]                      0.017ms     4.096 K      0.00   24.00 KiB      1.47
    2  LN       -1  x[1x4096]+w[4096]->y[1x4096]                        0.059ms    20.480 K      0.00   24.00 KiB      0.42
    3  FFN_W3    0  x[1x4096]+w[5504x4096]->y[1x5504]                   0.063ms    45.089 M      0.71   43.02 MiB    710.50
    4  FFN_W3    1  x[1x4096]+w[5504x4096]->y[1x5504]                   0.045ms    45.089 M      0.99   43.02 MiB    992.13
    5  SwiGLU    0  a[1x5504]+b[1x5504]->y[1x5504]                      0.014ms    33.024 K      0.00   32.25 KiB      2.35
    6  SwiGLU    1  a[1x5504]+b[1x5504]->y[1x5504]                      0.014ms    33.024 K      0.00   32.25 KiB      2.44
    7  Add      -1  a[1x4096]+b[1x4096]->y[1x4096]                      0.009ms     4.096 K      0.00   24.00 KiB      2.76
[gpu-debug] segment avg latency (cuda_events): 0.183 ms
[gpu-debug] sum(per-op)               : 0.288 ms (ratio=1.572)
[gpu-debug] NOTE: sum(per-op) may differ from segment latency due to Python overhead, event/launch overhead, and allocator/cache effects.
[gpu-debug] cuda mem before warmup: alloc=96.15 MiB reserved=110.00 MiB
[gpu-debug] cuda mem after warmup : alloc=96.15 MiB reserved=110.00 MiB
[gpu-debug] cuda mem peak (this segment): max_alloc=96.17 MiB max_reserved=110.00 MiB
========================================================================================
[gpu-debug] segment_key=npu|decode|108|ff6dcf33668f3ebc9cf61e7eb43c6a84
[gpu-debug] sig: device_type=npu phase=decode step=108 (count_hint=32)
[gpu-debug] ops_repr: LN:-1,Add:-1,LN:-1,FFN_W3:0,FFN_W3:1,SwiGLU:0,SwiGLU:1,Add:-1
[gpu-debug] cfg: device=cuda dtype=torch.bfloat16 dim=4096 ffn_dim=11008 n_heads=32 shards=2
[gpu-debug] op plan (with inferred tensor shapes):
  - op#00  op=LN       shard=-1  x=[1x4096] + w=[4096]  ->  y=[1x4096]  (T=1, K=1546)
  - op#01  op=Add      shard=-1  a=[1x4096] + b=[1x4096]  ->  y=[1x4096]  (T=1, K=1546)
  - op#02  op=LN       shard=-1  x=[1x4096] + w=[4096]  ->  y=[1x4096]  (T=1, K=1546)
  - op#03  op=FFN_W3   shard=0   x=[1x4096] + w=[5504x4096]  ->  y=[1x5504]  (T=1, K=1546)
  - op#04  op=FFN_W3   shard=1   x=[1x4096] + w=[5504x4096]  ->  y=[1x5504]  (T=1, K=1546)
  - op#05  op=SwiGLU   shard=0   a=[1x5504] + b=[1x5504]  ->  y=[1x5504]  (T=1, K=1546)
  - op#06  op=SwiGLU   shard=1   a=[1x5504] + b=[1x5504]  ->  y=[1x5504]  (T=1, K=1546)
  - op#07  op=Add      shard=-1  a=[1x4096] + b=[1x4096]  ->  y=[1x4096]  (T=1, K=1546)
[gpu-debug] per-op timing breakdown (avg over iters):
  idx  op       sh  io                                                    time   est_flops    TFLOPs       bytes      GB/s
  ------------------------------------------------------------------------------------------------------------------------
    0  LN       -1  x[1x4096]+w[4096]->y[1x4096]                        0.066ms    20.480 K      0.00   24.00 KiB      0.37
    1  Add      -1  a[1x4096]+b[1x4096]->y[1x4096]                      0.016ms     4.096 K      0.00   24.00 KiB      1.49
    2  LN       -1  x[1x4096]+w[4096]->y[1x4096]                        0.058ms    20.480 K      0.00   24.00 KiB      0.42
    3  FFN_W3    0  x[1x4096]+w[5504x4096]->y[1x5504]                   0.063ms    45.089 M      0.71   43.02 MiB    712.80
    4  FFN_W3    1  x[1x4096]+w[5504x4096]->y[1x5504]                   0.046ms    45.089 M      0.99   43.02 MiB    987.68
    5  SwiGLU    0  a[1x5504]+b[1x5504]->y[1x5504]                      0.014ms    33.024 K      0.00   32.25 KiB      2.32
    6  SwiGLU    1  a[1x5504]+b[1x5504]->y[1x5504]                      0.014ms    33.024 K      0.00   32.25 KiB      2.35
    7  Add      -1  a[1x4096]+b[1x4096]->y[1x4096]                      0.009ms     4.096 K      0.00   24.00 KiB      2.73
[gpu-debug] segment avg latency (cuda_events): 0.184 ms
[gpu-debug] sum(per-op)               : 0.287 ms (ratio=1.564)
[gpu-debug] NOTE: sum(per-op) may differ from segment latency due to Python overhead, event/launch overhead, and allocator/cache effects.
[gpu-debug] cuda mem before warmup: alloc=96.15 MiB reserved=110.00 MiB
[gpu-debug] cuda mem after warmup : alloc=96.15 MiB reserved=110.00 MiB
[gpu-debug] cuda mem peak (this segment): max_alloc=96.17 MiB max_reserved=110.00 MiB
========================================================================================
[gpu-debug] segment_key=npu|decode|10|ff6dcf33668f3ebc9cf61e7eb43c6a84
[gpu-debug] sig: device_type=npu phase=decode step=10 (count_hint=32)
[gpu-debug] ops_repr: LN:-1,Add:-1,LN:-1,FFN_W3:0,FFN_W3:1,SwiGLU:0,SwiGLU:1,Add:-1
[gpu-debug] cfg: device=cuda dtype=torch.bfloat16 dim=4096 ffn_dim=11008 n_heads=32 shards=2
[gpu-debug] op plan (with inferred tensor shapes):
  - op#00  op=LN       shard=-1  x=[1x4096] + w=[4096]  ->  y=[1x4096]  (T=1, K=370)
  - op#01  op=Add      shard=-1  a=[1x4096] + b=[1x4096]  ->  y=[1x4096]  (T=1, K=370)
  - op#02  op=LN       shard=-1  x=[1x4096] + w=[4096]  ->  y=[1x4096]  (T=1, K=370)
  - op#03  op=FFN_W3   shard=0   x=[1x4096] + w=[5504x4096]  ->  y=[1x5504]  (T=1, K=370)
  - op#04  op=FFN_W3   shard=1   x=[1x4096] + w=[5504x4096]  ->  y=[1x5504]  (T=1, K=370)
  - op#05  op=SwiGLU   shard=0   a=[1x5504] + b=[1x5504]  ->  y=[1x5504]  (T=1, K=370)
  - op#06  op=SwiGLU   shard=1   a=[1x5504] + b=[1x5504]  ->  y=[1x5504]  (T=1, K=370)
  - op#07  op=Add      shard=-1  a=[1x4096] + b=[1x4096]  ->  y=[1x4096]  (T=1, K=370)
[gpu-debug] per-op timing breakdown (avg over iters):
  idx  op       sh  io                                                    time   est_flops    TFLOPs       bytes      GB/s
  ------------------------------------------------------------------------------------------------------------------------
    0  LN       -1  x[1x4096]+w[4096]->y[1x4096]                        0.067ms    20.480 K      0.00   24.00 KiB      0.37
    1  Add      -1  a[1x4096]+b[1x4096]->y[1x4096]                      0.017ms     4.096 K      0.00   24.00 KiB      1.47
    2  LN       -1  x[1x4096]+w[4096]->y[1x4096]                        0.058ms    20.480 K      0.00   24.00 KiB      0.43
    3  FFN_W3    0  x[1x4096]+w[5504x4096]->y[1x5504]                   0.063ms    45.089 M      0.71   43.02 MiB    711.64
    4  FFN_W3    1  x[1x4096]+w[5504x4096]->y[1x5504]                   0.045ms    45.089 M      0.99   43.02 MiB    994.37
    5  SwiGLU    0  a[1x5504]+b[1x5504]->y[1x5504]                      0.014ms    33.024 K      0.00   32.25 KiB      2.35
    6  SwiGLU    1  a[1x5504]+b[1x5504]->y[1x5504]                      0.014ms    33.024 K      0.00   32.25 KiB      2.42
    7  Add      -1  a[1x4096]+b[1x4096]->y[1x4096]                      0.009ms     4.096 K      0.00   24.00 KiB      2.67
[gpu-debug] segment avg latency (cuda_events): 0.183 ms
[gpu-debug] sum(per-op)               : 0.287 ms (ratio=1.566)
[gpu-debug] NOTE: sum(per-op) may differ from segment latency due to Python overhead, event/launch overhead, and allocator/cache effects.
[gpu-debug] cuda mem before warmup: alloc=96.15 MiB reserved=110.00 MiB
[gpu-debug] cuda mem after warmup : alloc=96.15 MiB reserved=110.00 MiB
[gpu-debug] cuda mem peak (this segment): max_alloc=96.17 MiB max_reserved=110.00 MiB
========================================================================================
[gpu-debug] segment_key=npu|decode|11|ff6dcf33668f3ebc9cf61e7eb43c6a84
[gpu-debug] sig: device_type=npu phase=decode step=11 (count_hint=32)
[gpu-debug] ops_repr: LN:-1,Add:-1,LN:-1,FFN_W3:0,FFN_W3:1,SwiGLU:0,SwiGLU:1,Add:-1
[gpu-debug] cfg: device=cuda dtype=torch.bfloat16 dim=4096 ffn_dim=11008 n_heads=32 shards=2
[gpu-debug] op plan (with inferred tensor shapes):
  - op#00  op=LN       shard=-1  x=[1x4096] + w=[4096]  ->  y=[1x4096]  (T=1, K=382)
  - op#01  op=Add      shard=-1  a=[1x4096] + b=[1x4096]  ->  y=[1x4096]  (T=1, K=382)
  - op#02  op=LN       shard=-1  x=[1x4096] + w=[4096]  ->  y=[1x4096]  (T=1, K=382)
  - op#03  op=FFN_W3   shard=0   x=[1x4096] + w=[5504x4096]  ->  y=[1x5504]  (T=1, K=382)
  - op#04  op=FFN_W3   shard=1   x=[1x4096] + w=[5504x4096]  ->  y=[1x5504]  (T=1, K=382)
  - op#05  op=SwiGLU   shard=0   a=[1x5504] + b=[1x5504]  ->  y=[1x5504]  (T=1, K=382)
  - op#06  op=SwiGLU   shard=1   a=[1x5504] + b=[1x5504]  ->  y=[1x5504]  (T=1, K=382)
  - op#07  op=Add      shard=-1  a=[1x4096] + b=[1x4096]  ->  y=[1x4096]  (T=1, K=382)
[gpu-debug] per-op timing breakdown (avg over iters):
  idx  op       sh  io                                                    time   est_flops    TFLOPs       bytes      GB/s
  ------------------------------------------------------------------------------------------------------------------------
    0  LN       -1  x[1x4096]+w[4096]->y[1x4096]                        0.067ms    20.480 K      0.00   24.00 KiB      0.37
    1  Add      -1  a[1x4096]+b[1x4096]->y[1x4096]                      0.017ms     4.096 K      0.00   24.00 KiB      1.47
    2  LN       -1  x[1x4096]+w[4096]->y[1x4096]                        0.058ms    20.480 K      0.00   24.00 KiB      0.42
    3  FFN_W3    0  x[1x4096]+w[5504x4096]->y[1x5504]                   0.063ms    45.089 M      0.71   43.02 MiB    713.95
    4  FFN_W3    1  x[1x4096]+w[5504x4096]->y[1x5504]                   0.046ms    45.089 M      0.98   43.02 MiB    983.28
    5  SwiGLU    0  a[1x5504]+b[1x5504]->y[1x5504]                      0.014ms    33.024 K      0.00   32.25 KiB      2.32
    6  SwiGLU    1  a[1x5504]+b[1x5504]->y[1x5504]                      0.014ms    33.024 K      0.00   32.25 KiB      2.39
    7  Add      -1  a[1x4096]+b[1x4096]->y[1x4096]                      0.009ms     4.096 K      0.00   24.00 KiB      2.67
[gpu-debug] segment avg latency (cuda_events): 0.183 ms
[gpu-debug] sum(per-op)               : 0.288 ms (ratio=1.575)
[gpu-debug] NOTE: sum(per-op) may differ from segment latency due to Python overhead, event/launch overhead, and allocator/cache effects.
[gpu-debug] cuda mem before warmup: alloc=96.15 MiB reserved=110.00 MiB
[gpu-debug] cuda mem after warmup : alloc=96.15 MiB reserved=110.00 MiB
[gpu-debug] cuda mem peak (this segment): max_alloc=96.17 MiB max_reserved=110.00 MiB
========================================================================================
[gpu-debug] segment_key=npu|decode|12|ff6dcf33668f3ebc9cf61e7eb43c6a84
[gpu-debug] sig: device_type=npu phase=decode step=12 (count_hint=32)
[gpu-debug] ops_repr: LN:-1,Add:-1,LN:-1,FFN_W3:0,FFN_W3:1,SwiGLU:0,SwiGLU:1,Add:-1
[gpu-debug] cfg: device=cuda dtype=torch.bfloat16 dim=4096 ffn_dim=11008 n_heads=32 shards=2
[gpu-debug] op plan (with inferred tensor shapes):
  - op#00  op=LN       shard=-1  x=[1x4096] + w=[4096]  ->  y=[1x4096]  (T=1, K=394)
  - op#01  op=Add      shard=-1  a=[1x4096] + b=[1x4096]  ->  y=[1x4096]  (T=1, K=394)
  - op#02  op=LN       shard=-1  x=[1x4096] + w=[4096]  ->  y=[1x4096]  (T=1, K=394)
  - op#03  op=FFN_W3   shard=0   x=[1x4096] + w=[5504x4096]  ->  y=[1x5504]  (T=1, K=394)
  - op#04  op=FFN_W3   shard=1   x=[1x4096] + w=[5504x4096]  ->  y=[1x5504]  (T=1, K=394)
  - op#05  op=SwiGLU   shard=0   a=[1x5504] + b=[1x5504]  ->  y=[1x5504]  (T=1, K=394)
  - op#06  op=SwiGLU   shard=1   a=[1x5504] + b=[1x5504]  ->  y=[1x5504]  (T=1, K=394)
  - op#07  op=Add      shard=-1  a=[1x4096] + b=[1x4096]  ->  y=[1x4096]  (T=1, K=394)
[gpu-debug] per-op timing breakdown (avg over iters):
  idx  op       sh  io                                                    time   est_flops    TFLOPs       bytes      GB/s
  ------------------------------------------------------------------------------------------------------------------------
    0  LN       -1  x[1x4096]+w[4096]->y[1x4096]                        0.068ms    20.480 K      0.00   24.00 KiB      0.36
    1  Add      -1  a[1x4096]+b[1x4096]->y[1x4096]                      0.018ms     4.096 K      0.00   24.00 KiB      1.40
    2  LN       -1  x[1x4096]+w[4096]->y[1x4096]                        0.058ms    20.480 K      0.00   24.00 KiB      0.42
    3  FFN_W3    0  x[1x4096]+w[5504x4096]->y[1x5504]                   0.063ms    45.089 M      0.71   43.02 MiB    710.50
    4  FFN_W3    1  x[1x4096]+w[5504x4096]->y[1x5504]                   0.046ms    45.089 M      0.99   43.02 MiB    987.68
    5  SwiGLU    0  a[1x5504]+b[1x5504]->y[1x5504]                      0.014ms    33.024 K      0.00   32.25 KiB      2.35
    6  SwiGLU    1  a[1x5504]+b[1x5504]->y[1x5504]                      0.014ms    33.024 K      0.00   32.25 KiB      2.39
    7  Add      -1  a[1x4096]+b[1x4096]->y[1x4096]                      0.009ms     4.096 K      0.00   24.00 KiB      2.61
[gpu-debug] segment avg latency (cuda_events): 0.187 ms
[gpu-debug] sum(per-op)               : 0.290 ms (ratio=1.552)
[gpu-debug] NOTE: sum(per-op) may differ from segment latency due to Python overhead, event/launch overhead, and allocator/cache effects.
[gpu-debug] cuda mem before warmup: alloc=96.15 MiB reserved=110.00 MiB
[gpu-debug] cuda mem after warmup : alloc=96.15 MiB reserved=110.00 MiB
[gpu-debug] cuda mem peak (this segment): max_alloc=96.17 MiB max_reserved=110.00 MiB
========================================================================================
[gpu-debug] segment_key=npu|decode|13|ff6dcf33668f3ebc9cf61e7eb43c6a84
[gpu-debug] sig: device_type=npu phase=decode step=13 (count_hint=32)
[gpu-debug] ops_repr: LN:-1,Add:-1,LN:-1,FFN_W3:0,FFN_W3:1,SwiGLU:0,SwiGLU:1,Add:-1
[gpu-debug] cfg: device=cuda dtype=torch.bfloat16 dim=4096 ffn_dim=11008 n_heads=32 shards=2
[gpu-debug] op plan (with inferred tensor shapes):
  - op#00  op=LN       shard=-1  x=[1x4096] + w=[4096]  ->  y=[1x4096]  (T=1, K=406)
  - op#01  op=Add      shard=-1  a=[1x4096] + b=[1x4096]  ->  y=[1x4096]  (T=1, K=406)
  - op#02  op=LN       shard=-1  x=[1x4096] + w=[4096]  ->  y=[1x4096]  (T=1, K=406)
  - op#03  op=FFN_W3   shard=0   x=[1x4096] + w=[5504x4096]  ->  y=[1x5504]  (T=1, K=406)
  - op#04  op=FFN_W3   shard=1   x=[1x4096] + w=[5504x4096]  ->  y=[1x5504]  (T=1, K=406)
  - op#05  op=SwiGLU   shard=0   a=[1x5504] + b=[1x5504]  ->  y=[1x5504]  (T=1, K=406)
  - op#06  op=SwiGLU   shard=1   a=[1x5504] + b=[1x5504]  ->  y=[1x5504]  (T=1, K=406)
  - op#07  op=Add      shard=-1  a=[1x4096] + b=[1x4096]  ->  y=[1x4096]  (T=1, K=406)
[gpu-debug] per-op timing breakdown (avg over iters):
  idx  op       sh  io                                                    time   est_flops    TFLOPs       bytes      GB/s
  ------------------------------------------------------------------------------------------------------------------------
    0  LN       -1  x[1x4096]+w[4096]->y[1x4096]                        0.066ms    20.480 K      0.00   24.00 KiB      0.37
    1  Add      -1  a[1x4096]+b[1x4096]->y[1x4096]                      0.017ms     4.096 K      0.00   24.00 KiB      1.48
    2  LN       -1  x[1x4096]+w[4096]->y[1x4096]                        0.059ms    20.480 K      0.00   24.00 KiB      0.42
    3  FFN_W3    0  x[1x4096]+w[5504x4096]->y[1x5504]                   0.063ms    45.089 M      0.71   43.02 MiB    712.80
    4  FFN_W3    1  x[1x4096]+w[5504x4096]->y[1x5504]                   0.046ms    45.089 M      0.99   43.02 MiB    987.68
    5  SwiGLU    0  a[1x5504]+b[1x5504]->y[1x5504]                      0.014ms    33.024 K      0.00   32.25 KiB      2.37
    6  SwiGLU    1  a[1x5504]+b[1x5504]->y[1x5504]                      0.014ms    33.024 K      0.00   32.25 KiB      2.39
    7  Add      -1  a[1x4096]+b[1x4096]->y[1x4096]                      0.009ms     4.096 K      0.00   24.00 KiB      2.76
[gpu-debug] segment avg latency (cuda_events): 0.183 ms
[gpu-debug] sum(per-op)               : 0.288 ms (ratio=1.568)
[gpu-debug] NOTE: sum(per-op) may differ from segment latency due to Python overhead, event/launch overhead, and allocator/cache effects.
[gpu-debug] cuda mem before warmup: alloc=96.15 MiB reserved=110.00 MiB
[gpu-debug] cuda mem after warmup : alloc=96.15 MiB reserved=110.00 MiB
[gpu-debug] cuda mem peak (this segment): max_alloc=96.17 MiB max_reserved=110.00 MiB
========================================================================================
[gpu-debug] segment_key=npu|decode|14|ff6dcf33668f3ebc9cf61e7eb43c6a84
[gpu-debug] sig: device_type=npu phase=decode step=14 (count_hint=32)
[gpu-debug] ops_repr: LN:-1,Add:-1,LN:-1,FFN_W3:0,FFN_W3:1,SwiGLU:0,SwiGLU:1,Add:-1
[gpu-debug] cfg: device=cuda dtype=torch.bfloat16 dim=4096 ffn_dim=11008 n_heads=32 shards=2
[gpu-debug] op plan (with inferred tensor shapes):
  - op#00  op=LN       shard=-1  x=[1x4096] + w=[4096]  ->  y=[1x4096]  (T=1, K=418)
  - op#01  op=Add      shard=-1  a=[1x4096] + b=[1x4096]  ->  y=[1x4096]  (T=1, K=418)
  - op#02  op=LN       shard=-1  x=[1x4096] + w=[4096]  ->  y=[1x4096]  (T=1, K=418)
  - op#03  op=FFN_W3   shard=0   x=[1x4096] + w=[5504x4096]  ->  y=[1x5504]  (T=1, K=418)
  - op#04  op=FFN_W3   shard=1   x=[1x4096] + w=[5504x4096]  ->  y=[1x5504]  (T=1, K=418)
  - op#05  op=SwiGLU   shard=0   a=[1x5504] + b=[1x5504]  ->  y=[1x5504]  (T=1, K=418)
  - op#06  op=SwiGLU   shard=1   a=[1x5504] + b=[1x5504]  ->  y=[1x5504]  (T=1, K=418)
  - op#07  op=Add      shard=-1  a=[1x4096] + b=[1x4096]  ->  y=[1x4096]  (T=1, K=418)
[gpu-debug] per-op timing breakdown (avg over iters):
  idx  op       sh  io                                                    time   est_flops    TFLOPs       bytes      GB/s
  ------------------------------------------------------------------------------------------------------------------------
    0  LN       -1  x[1x4096]+w[4096]->y[1x4096]                        0.066ms    20.480 K      0.00   24.00 KiB      0.37
    1  Add      -1  a[1x4096]+b[1x4096]->y[1x4096]                      0.016ms     4.096 K      0.00   24.00 KiB      1.49
    2  LN       -1  x[1x4096]+w[4096]->y[1x4096]                        0.058ms    20.480 K      0.00   24.00 KiB      0.43
    3  FFN_W3    0  x[1x4096]+w[5504x4096]->y[1x5504]                   0.063ms    45.089 M      0.72   43.02 MiB    717.44
    4  FFN_W3    1  x[1x4096]+w[5504x4096]->y[1x5504]                   0.045ms    45.089 M      0.99   43.02 MiB    992.13
    5  SwiGLU    0  a[1x5504]+b[1x5504]->y[1x5504]                      0.014ms    33.024 K      0.00   32.25 KiB      2.39
    6  SwiGLU    1  a[1x5504]+b[1x5504]->y[1x5504]                      0.014ms    33.024 K      0.00   32.25 KiB      2.42
    7  Add      -1  a[1x4096]+b[1x4096]->y[1x4096]                      0.009ms     4.096 K      0.00   24.00 KiB      2.64
[gpu-debug] segment avg latency (cuda_events): 0.184 ms
[gpu-debug] sum(per-op)               : 0.285 ms (ratio=1.555)
[gpu-debug] NOTE: sum(per-op) may differ from segment latency due to Python overhead, event/launch overhead, and allocator/cache effects.
[gpu-debug] cuda mem before warmup: alloc=96.15 MiB reserved=110.00 MiB
[gpu-debug] cuda mem after warmup : alloc=96.15 MiB reserved=110.00 MiB
[gpu-debug] cuda mem peak (this segment): max_alloc=96.17 MiB max_reserved=110.00 MiB
========================================================================================
[gpu-debug] segment_key=npu|decode|15|ff6dcf33668f3ebc9cf61e7eb43c6a84
[gpu-debug] sig: device_type=npu phase=decode step=15 (count_hint=32)
[gpu-debug] ops_repr: LN:-1,Add:-1,LN:-1,FFN_W3:0,FFN_W3:1,SwiGLU:0,SwiGLU:1,Add:-1
[gpu-debug] cfg: device=cuda dtype=torch.bfloat16 dim=4096 ffn_dim=11008 n_heads=32 shards=2
[gpu-debug] op plan (with inferred tensor shapes):
  - op#00  op=LN       shard=-1  x=[1x4096] + w=[4096]  ->  y=[1x4096]  (T=1, K=430)
  - op#01  op=Add      shard=-1  a=[1x4096] + b=[1x4096]  ->  y=[1x4096]  (T=1, K=430)
  - op#02  op=LN       shard=-1  x=[1x4096] + w=[4096]  ->  y=[1x4096]  (T=1, K=430)
  - op#03  op=FFN_W3   shard=0   x=[1x4096] + w=[5504x4096]  ->  y=[1x5504]  (T=1, K=430)
  - op#04  op=FFN_W3   shard=1   x=[1x4096] + w=[5504x4096]  ->  y=[1x5504]  (T=1, K=430)
  - op#05  op=SwiGLU   shard=0   a=[1x5504] + b=[1x5504]  ->  y=[1x5504]  (T=1, K=430)
  - op#06  op=SwiGLU   shard=1   a=[1x5504] + b=[1x5504]  ->  y=[1x5504]  (T=1, K=430)
  - op#07  op=Add      shard=-1  a=[1x4096] + b=[1x4096]  ->  y=[1x4096]  (T=1, K=430)
[gpu-debug] per-op timing breakdown (avg over iters):
  idx  op       sh  io                                                    time   est_flops    TFLOPs       bytes      GB/s
  ------------------------------------------------------------------------------------------------------------------------
    0  LN       -1  x[1x4096]+w[4096]->y[1x4096]                        0.068ms    20.480 K      0.00   24.00 KiB      0.36
    1  Add      -1  a[1x4096]+b[1x4096]->y[1x4096]                      0.016ms     4.096 K      0.00   24.00 KiB      1.49
    2  LN       -1  x[1x4096]+w[4096]->y[1x4096]                        0.058ms    20.480 K      0.00   24.00 KiB      0.42
    3  FFN_W3    0  x[1x4096]+w[5504x4096]->y[1x5504]                   0.063ms    45.089 M      0.71   43.02 MiB    711.64
    4  FFN_W3    1  x[1x4096]+w[5504x4096]->y[1x5504]                   0.046ms    45.089 M      0.99   43.02 MiB    987.68
    5  SwiGLU    0  a[1x5504]+b[1x5504]->y[1x5504]                      0.014ms    33.024 K      0.00   32.25 KiB      2.34
    6  SwiGLU    1  a[1x5504]+b[1x5504]->y[1x5504]                      0.014ms    33.024 K      0.00   32.25 KiB      2.44
    7  Add      -1  a[1x4096]+b[1x4096]->y[1x4096]                      0.008ms     4.096 K      0.00   24.00 KiB      2.89
[gpu-debug] segment avg latency (cuda_events): 0.183 ms
[gpu-debug] sum(per-op)               : 0.288 ms (ratio=1.571)
[gpu-debug] NOTE: sum(per-op) may differ from segment latency due to Python overhead, event/launch overhead, and allocator/cache effects.
[gpu-debug] cuda mem before warmup: alloc=96.15 MiB reserved=110.00 MiB
[gpu-debug] cuda mem after warmup : alloc=96.15 MiB reserved=110.00 MiB
[gpu-debug] cuda mem peak (this segment): max_alloc=96.17 MiB max_reserved=110.00 MiB
========================================================================================
[gpu-debug] segment_key=npu|decode|16|ff6dcf33668f3ebc9cf61e7eb43c6a84
[gpu-debug] sig: device_type=npu phase=decode step=16 (count_hint=32)
[gpu-debug] ops_repr: LN:-1,Add:-1,LN:-1,FFN_W3:0,FFN_W3:1,SwiGLU:0,SwiGLU:1,Add:-1
[gpu-debug] cfg: device=cuda dtype=torch.bfloat16 dim=4096 ffn_dim=11008 n_heads=32 shards=2
[gpu-debug] op plan (with inferred tensor shapes):
  - op#00  op=LN       shard=-1  x=[1x4096] + w=[4096]  ->  y=[1x4096]  (T=1, K=442)
  - op#01  op=Add      shard=-1  a=[1x4096] + b=[1x4096]  ->  y=[1x4096]  (T=1, K=442)
  - op#02  op=LN       shard=-1  x=[1x4096] + w=[4096]  ->  y=[1x4096]  (T=1, K=442)
  - op#03  op=FFN_W3   shard=0   x=[1x4096] + w=[5504x4096]  ->  y=[1x5504]  (T=1, K=442)
  - op#04  op=FFN_W3   shard=1   x=[1x4096] + w=[5504x4096]  ->  y=[1x5504]  (T=1, K=442)
  - op#05  op=SwiGLU   shard=0   a=[1x5504] + b=[1x5504]  ->  y=[1x5504]  (T=1, K=442)
  - op#06  op=SwiGLU   shard=1   a=[1x5504] + b=[1x5504]  ->  y=[1x5504]  (T=1, K=442)
  - op#07  op=Add      shard=-1  a=[1x4096] + b=[1x4096]  ->  y=[1x4096]  (T=1, K=442)
[gpu-debug] per-op timing breakdown (avg over iters):
  idx  op       sh  io                                                    time   est_flops    TFLOPs       bytes      GB/s
  ------------------------------------------------------------------------------------------------------------------------
    0  LN       -1  x[1x4096]+w[4096]->y[1x4096]                        0.067ms    20.480 K      0.00   24.00 KiB      0.37
    1  Add      -1  a[1x4096]+b[1x4096]->y[1x4096]                      0.017ms     4.096 K      0.00   24.00 KiB      1.43
    2  LN       -1  x[1x4096]+w[4096]->y[1x4096]                        0.058ms    20.480 K      0.00   24.00 KiB      0.42
    3  FFN_W3    0  x[1x4096]+w[5504x4096]->y[1x5504]                   0.063ms    45.089 M      0.71   43.02 MiB    711.64
    4  FFN_W3    1  x[1x4096]+w[5504x4096]->y[1x5504]                   0.046ms    45.089 M      0.99   43.02 MiB    987.68
    5  SwiGLU    0  a[1x5504]+b[1x5504]->y[1x5504]                      0.014ms    33.024 K      0.00   32.25 KiB      2.34
    6  SwiGLU    1  a[1x5504]+b[1x5504]->y[1x5504]                      0.014ms    33.024 K      0.00   32.25 KiB      2.41
    7  Add      -1  a[1x4096]+b[1x4096]->y[1x4096]                      0.009ms     4.096 K      0.00   24.00 KiB      2.73
[gpu-debug] segment avg latency (cuda_events): 0.184 ms
[gpu-debug] sum(per-op)               : 0.288 ms (ratio=1.571)
[gpu-debug] NOTE: sum(per-op) may differ from segment latency due to Python overhead, event/launch overhead, and allocator/cache effects.
[gpu-debug] cuda mem before warmup: alloc=96.15 MiB reserved=110.00 MiB
[gpu-debug] cuda mem after warmup : alloc=96.15 MiB reserved=110.00 MiB
[gpu-debug] cuda mem peak (this segment): max_alloc=96.17 MiB max_reserved=110.00 MiB
========================================================================================
[gpu-debug] segment_key=npu|decode|17|ff6dcf33668f3ebc9cf61e7eb43c6a84
[gpu-debug] sig: device_type=npu phase=decode step=17 (count_hint=32)
[gpu-debug] ops_repr: LN:-1,Add:-1,LN:-1,FFN_W3:0,FFN_W3:1,SwiGLU:0,SwiGLU:1,Add:-1
[gpu-debug] cfg: device=cuda dtype=torch.bfloat16 dim=4096 ffn_dim=11008 n_heads=32 shards=2
[gpu-debug] op plan (with inferred tensor shapes):
  - op#00  op=LN       shard=-1  x=[1x4096] + w=[4096]  ->  y=[1x4096]  (T=1, K=454)
  - op#01  op=Add      shard=-1  a=[1x4096] + b=[1x4096]  ->  y=[1x4096]  (T=1, K=454)
  - op#02  op=LN       shard=-1  x=[1x4096] + w=[4096]  ->  y=[1x4096]  (T=1, K=454)
  - op#03  op=FFN_W3   shard=0   x=[1x4096] + w=[5504x4096]  ->  y=[1x5504]  (T=1, K=454)
  - op#04  op=FFN_W3   shard=1   x=[1x4096] + w=[5504x4096]  ->  y=[1x5504]  (T=1, K=454)
  - op#05  op=SwiGLU   shard=0   a=[1x5504] + b=[1x5504]  ->  y=[1x5504]  (T=1, K=454)
  - op#06  op=SwiGLU   shard=1   a=[1x5504] + b=[1x5504]  ->  y=[1x5504]  (T=1, K=454)
  - op#07  op=Add      shard=-1  a=[1x4096] + b=[1x4096]  ->  y=[1x4096]  (T=1, K=454)
[gpu-debug] per-op timing breakdown (avg over iters):
  idx  op       sh  io                                                    time   est_flops    TFLOPs       bytes      GB/s
  ------------------------------------------------------------------------------------------------------------------------
    0  LN       -1  x[1x4096]+w[4096]->y[1x4096]                        0.066ms    20.480 K      0.00   24.00 KiB      0.37
    1  Add      -1  a[1x4096]+b[1x4096]->y[1x4096]                      0.017ms     4.096 K      0.00   24.00 KiB      1.45
    2  LN       -1  x[1x4096]+w[4096]->y[1x4096]                        0.058ms    20.480 K      0.00   24.00 KiB      0.42
    3  FFN_W3    0  x[1x4096]+w[5504x4096]->y[1x5504]                   0.064ms    45.089 M      0.71   43.02 MiB    707.07
    4  FFN_W3    1  x[1x4096]+w[5504x4096]->y[1x5504]                   0.046ms    45.089 M      0.98   43.02 MiB    983.28
    5  SwiGLU    0  a[1x5504]+b[1x5504]->y[1x5504]                      0.014ms    33.024 K      0.00   32.25 KiB      2.34
    6  SwiGLU    1  a[1x5504]+b[1x5504]->y[1x5504]                      0.014ms    33.024 K      0.00   32.25 KiB      2.32
    7  Add      -1  a[1x4096]+b[1x4096]->y[1x4096]                      0.009ms     4.096 K      0.00   24.00 KiB      2.64
[gpu-debug] segment avg latency (cuda_events): 0.184 ms
[gpu-debug] sum(per-op)               : 0.289 ms (ratio=1.571)
[gpu-debug] NOTE: sum(per-op) may differ from segment latency due to Python overhead, event/launch overhead, and allocator/cache effects.
[gpu-debug] cuda mem before warmup: alloc=96.15 MiB reserved=110.00 MiB
[gpu-debug] cuda mem after warmup : alloc=96.15 MiB reserved=110.00 MiB
[gpu-debug] cuda mem peak (this segment): max_alloc=96.17 MiB max_reserved=110.00 MiB
========================================================================================
[gpu-debug] segment_key=npu|decode|18|ff6dcf33668f3ebc9cf61e7eb43c6a84
[gpu-debug] sig: device_type=npu phase=decode step=18 (count_hint=32)
[gpu-debug] ops_repr: LN:-1,Add:-1,LN:-1,FFN_W3:0,FFN_W3:1,SwiGLU:0,SwiGLU:1,Add:-1
[gpu-debug] cfg: device=cuda dtype=torch.bfloat16 dim=4096 ffn_dim=11008 n_heads=32 shards=2
[gpu-debug] op plan (with inferred tensor shapes):
  - op#00  op=LN       shard=-1  x=[1x4096] + w=[4096]  ->  y=[1x4096]  (T=1, K=466)
  - op#01  op=Add      shard=-1  a=[1x4096] + b=[1x4096]  ->  y=[1x4096]  (T=1, K=466)
  - op#02  op=LN       shard=-1  x=[1x4096] + w=[4096]  ->  y=[1x4096]  (T=1, K=466)
  - op#03  op=FFN_W3   shard=0   x=[1x4096] + w=[5504x4096]  ->  y=[1x5504]  (T=1, K=466)
  - op#04  op=FFN_W3   shard=1   x=[1x4096] + w=[5504x4096]  ->  y=[1x5504]  (T=1, K=466)
  - op#05  op=SwiGLU   shard=0   a=[1x5504] + b=[1x5504]  ->  y=[1x5504]  (T=1, K=466)
  - op#06  op=SwiGLU   shard=1   a=[1x5504] + b=[1x5504]  ->  y=[1x5504]  (T=1, K=466)
  - op#07  op=Add      shard=-1  a=[1x4096] + b=[1x4096]  ->  y=[1x4096]  (T=1, K=466)
[gpu-debug] per-op timing breakdown (avg over iters):
  idx  op       sh  io                                                    time   est_flops    TFLOPs       bytes      GB/s
  ------------------------------------------------------------------------------------------------------------------------
    0  LN       -1  x[1x4096]+w[4096]->y[1x4096]                        0.067ms    20.480 K      0.00   24.00 KiB      0.37
    1  Add      -1  a[1x4096]+b[1x4096]->y[1x4096]                      0.017ms     4.096 K      0.00   24.00 KiB      1.47
    2  LN       -1  x[1x4096]+w[4096]->y[1x4096]                        0.058ms    20.480 K      0.00   24.00 KiB      0.43
    3  FFN_W3    0  x[1x4096]+w[5504x4096]->y[1x5504]                   0.063ms    45.089 M      0.71   43.02 MiB    710.50
    4  FFN_W3    1  x[1x4096]+w[5504x4096]->y[1x5504]                   0.045ms    45.089 M      0.99   43.02 MiB    992.13
    5  SwiGLU    0  a[1x5504]+b[1x5504]->y[1x5504]                      0.014ms    33.024 K      0.00   32.25 KiB      2.35
    6  SwiGLU    1  a[1x5504]+b[1x5504]->y[1x5504]                      0.014ms    33.024 K      0.00   32.25 KiB      2.41
    7  Add      -1  a[1x4096]+b[1x4096]->y[1x4096]                      0.009ms     4.096 K      0.00   24.00 KiB      2.67
[gpu-debug] segment avg latency (cuda_events): 0.184 ms
[gpu-debug] sum(per-op)               : 0.287 ms (ratio=1.562)
[gpu-debug] NOTE: sum(per-op) may differ from segment latency due to Python overhead, event/launch overhead, and allocator/cache effects.
[gpu-debug] cuda mem before warmup: alloc=96.15 MiB reserved=110.00 MiB
[gpu-debug] cuda mem after warmup : alloc=96.15 MiB reserved=110.00 MiB
[gpu-debug] cuda mem peak (this segment): max_alloc=96.17 MiB max_reserved=110.00 MiB
========================================================================================
[gpu-debug] segment_key=npu|decode|19|ff6dcf33668f3ebc9cf61e7eb43c6a84
[gpu-debug] sig: device_type=npu phase=decode step=19 (count_hint=32)
[gpu-debug] ops_repr: LN:-1,Add:-1,LN:-1,FFN_W3:0,FFN_W3:1,SwiGLU:0,SwiGLU:1,Add:-1
[gpu-debug] cfg: device=cuda dtype=torch.bfloat16 dim=4096 ffn_dim=11008 n_heads=32 shards=2
[gpu-debug] op plan (with inferred tensor shapes):
  - op#00  op=LN       shard=-1  x=[1x4096] + w=[4096]  ->  y=[1x4096]  (T=1, K=478)
  - op#01  op=Add      shard=-1  a=[1x4096] + b=[1x4096]  ->  y=[1x4096]  (T=1, K=478)
  - op#02  op=LN       shard=-1  x=[1x4096] + w=[4096]  ->  y=[1x4096]  (T=1, K=478)
  - op#03  op=FFN_W3   shard=0   x=[1x4096] + w=[5504x4096]  ->  y=[1x5504]  (T=1, K=478)
  - op#04  op=FFN_W3   shard=1   x=[1x4096] + w=[5504x4096]  ->  y=[1x5504]  (T=1, K=478)
  - op#05  op=SwiGLU   shard=0   a=[1x5504] + b=[1x5504]  ->  y=[1x5504]  (T=1, K=478)
  - op#06  op=SwiGLU   shard=1   a=[1x5504] + b=[1x5504]  ->  y=[1x5504]  (T=1, K=478)
  - op#07  op=Add      shard=-1  a=[1x4096] + b=[1x4096]  ->  y=[1x4096]  (T=1, K=478)
[gpu-debug] per-op timing breakdown (avg over iters):
  idx  op       sh  io                                                    time   est_flops    TFLOPs       bytes      GB/s
  ------------------------------------------------------------------------------------------------------------------------
    0  LN       -1  x[1x4096]+w[4096]->y[1x4096]                        0.067ms    20.480 K      0.00   24.00 KiB      0.37
    1  Add      -1  a[1x4096]+b[1x4096]->y[1x4096]                      0.016ms     4.096 K      0.00   24.00 KiB      1.50
    2  LN       -1  x[1x4096]+w[4096]->y[1x4096]                        0.058ms    20.480 K      0.00   24.00 KiB      0.42
    3  FFN_W3    0  x[1x4096]+w[5504x4096]->y[1x5504]                   0.063ms    45.089 M      0.71   43.02 MiB    715.11
    4  FFN_W3    1  x[1x4096]+w[5504x4096]->y[1x5504]                   0.046ms    45.089 M      0.99   43.02 MiB    987.68
    5  SwiGLU    0  a[1x5504]+b[1x5504]->y[1x5504]                      0.014ms    33.024 K      0.00   32.25 KiB      2.34
    6  SwiGLU    1  a[1x5504]+b[1x5504]->y[1x5504]                      0.014ms    33.024 K      0.00   32.25 KiB      2.37
    7  Add      -1  a[1x4096]+b[1x4096]->y[1x4096]                      0.009ms     4.096 K      0.00   24.00 KiB      2.73
[gpu-debug] segment avg latency (cuda_events): 0.184 ms
[gpu-debug] sum(per-op)               : 0.287 ms (ratio=1.562)
[gpu-debug] NOTE: sum(per-op) may differ from segment latency due to Python overhead, event/launch overhead, and allocator/cache effects.
[gpu-debug] cuda mem before warmup: alloc=96.15 MiB reserved=110.00 MiB
[gpu-debug] cuda mem after warmup : alloc=96.15 MiB reserved=110.00 MiB
[gpu-debug] cuda mem peak (this segment): max_alloc=96.17 MiB max_reserved=110.00 MiB
  progress 20/110
========================================================================================
[gpu-debug] segment_key=npu|decode|1|ff6dcf33668f3ebc9cf61e7eb43c6a84
[gpu-debug] sig: device_type=npu phase=decode step=1 (count_hint=32)
[gpu-debug] ops_repr: LN:-1,Add:-1,LN:-1,FFN_W3:0,FFN_W3:1,SwiGLU:0,SwiGLU:1,Add:-1
[gpu-debug] cfg: device=cuda dtype=torch.bfloat16 dim=4096 ffn_dim=11008 n_heads=32 shards=2
[gpu-debug] op plan (with inferred tensor shapes):
  - op#00  op=LN       shard=-1  x=[1x4096] + w=[4096]  ->  y=[1x4096]  (T=1, K=264)
  - op#01  op=Add      shard=-1  a=[1x4096] + b=[1x4096]  ->  y=[1x4096]  (T=1, K=264)
  - op#02  op=LN       shard=-1  x=[1x4096] + w=[4096]  ->  y=[1x4096]  (T=1, K=264)
  - op#03  op=FFN_W3   shard=0   x=[1x4096] + w=[5504x4096]  ->  y=[1x5504]  (T=1, K=264)
  - op#04  op=FFN_W3   shard=1   x=[1x4096] + w=[5504x4096]  ->  y=[1x5504]  (T=1, K=264)
  - op#05  op=SwiGLU   shard=0   a=[1x5504] + b=[1x5504]  ->  y=[1x5504]  (T=1, K=264)
  - op#06  op=SwiGLU   shard=1   a=[1x5504] + b=[1x5504]  ->  y=[1x5504]  (T=1, K=264)
  - op#07  op=Add      shard=-1  a=[1x4096] + b=[1x4096]  ->  y=[1x4096]  (T=1, K=264)
[gpu-debug] per-op timing breakdown (avg over iters):
  idx  op       sh  io                                                    time   est_flops    TFLOPs       bytes      GB/s
  ------------------------------------------------------------------------------------------------------------------------
    0  LN       -1  x[1x4096]+w[4096]->y[1x4096]                        0.067ms    20.480 K      0.00   24.00 KiB      0.37
    1  Add      -1  a[1x4096]+b[1x4096]->y[1x4096]                      0.017ms     4.096 K      0.00   24.00 KiB      1.42
    2  LN       -1  x[1x4096]+w[4096]->y[1x4096]                        0.059ms    20.480 K      0.00   24.00 KiB      0.42
    3  FFN_W3    0  x[1x4096]+w[5504x4096]->y[1x5504]                   0.063ms    45.089 M      0.71   43.02 MiB    710.50
    4  FFN_W3    1  x[1x4096]+w[5504x4096]->y[1x5504]                   0.045ms    45.089 M      0.99   43.02 MiB    992.13
    5  SwiGLU    0  a[1x5504]+b[1x5504]->y[1x5504]                      0.014ms    33.024 K      0.00   32.25 KiB      2.34
    6  SwiGLU    1  a[1x5504]+b[1x5504]->y[1x5504]                      0.014ms    33.024 K      0.00   32.25 KiB      2.39
    7  Add      -1  a[1x4096]+b[1x4096]->y[1x4096]                      0.009ms     4.096 K      0.00   24.00 KiB      2.61
[gpu-debug] segment avg latency (cuda_events): 0.184 ms
[gpu-debug] sum(per-op)               : 0.289 ms (ratio=1.572)
[gpu-debug] NOTE: sum(per-op) may differ from segment latency due to Python overhead, event/launch overhead, and allocator/cache effects.
[gpu-debug] cuda mem before warmup: alloc=96.15 MiB reserved=110.00 MiB
[gpu-debug] cuda mem after warmup : alloc=96.15 MiB reserved=110.00 MiB
[gpu-debug] cuda mem peak (this segment): max_alloc=96.17 MiB max_reserved=110.00 MiB
========================================================================================
[gpu-debug] segment_key=npu|decode|20|ff6dcf33668f3ebc9cf61e7eb43c6a84
[gpu-debug] sig: device_type=npu phase=decode step=20 (count_hint=32)
[gpu-debug] ops_repr: LN:-1,Add:-1,LN:-1,FFN_W3:0,FFN_W3:1,SwiGLU:0,SwiGLU:1,Add:-1
[gpu-debug] cfg: device=cuda dtype=torch.bfloat16 dim=4096 ffn_dim=11008 n_heads=32 shards=2
[gpu-debug] op plan (with inferred tensor shapes):
  - op#00  op=LN       shard=-1  x=[1x4096] + w=[4096]  ->  y=[1x4096]  (T=1, K=490)
  - op#01  op=Add      shard=-1  a=[1x4096] + b=[1x4096]  ->  y=[1x4096]  (T=1, K=490)
  - op#02  op=LN       shard=-1  x=[1x4096] + w=[4096]  ->  y=[1x4096]  (T=1, K=490)
  - op#03  op=FFN_W3   shard=0   x=[1x4096] + w=[5504x4096]  ->  y=[1x5504]  (T=1, K=490)
  - op#04  op=FFN_W3   shard=1   x=[1x4096] + w=[5504x4096]  ->  y=[1x5504]  (T=1, K=490)
  - op#05  op=SwiGLU   shard=0   a=[1x5504] + b=[1x5504]  ->  y=[1x5504]  (T=1, K=490)
  - op#06  op=SwiGLU   shard=1   a=[1x5504] + b=[1x5504]  ->  y=[1x5504]  (T=1, K=490)
  - op#07  op=Add      shard=-1  a=[1x4096] + b=[1x4096]  ->  y=[1x4096]  (T=1, K=490)
[gpu-debug] per-op timing breakdown (avg over iters):
  idx  op       sh  io                                                    time   est_flops    TFLOPs       bytes      GB/s
  ------------------------------------------------------------------------------------------------------------------------
    0  LN       -1  x[1x4096]+w[4096]->y[1x4096]                        0.066ms    20.480 K      0.00   24.00 KiB      0.37
    1  Add      -1  a[1x4096]+b[1x4096]->y[1x4096]                      0.017ms     4.096 K      0.00   24.00 KiB      1.46
    2  LN       -1  x[1x4096]+w[4096]->y[1x4096]                        0.059ms    20.480 K      0.00   24.00 KiB      0.42
    3  FFN_W3    0  x[1x4096]+w[5504x4096]->y[1x5504]                   0.064ms    45.089 M      0.70   43.02 MiB    702.56
    4  FFN_W3    1  x[1x4096]+w[5504x4096]->y[1x5504]                   0.045ms    45.089 M      0.99   43.02 MiB    992.13
    5  SwiGLU    0  a[1x5504]+b[1x5504]->y[1x5504]                      0.014ms    33.024 K      0.00   32.25 KiB      2.41
    6  SwiGLU    1  a[1x5504]+b[1x5504]->y[1x5504]                      0.014ms    33.024 K      0.00   32.25 KiB      2.39
    7  Add      -1  a[1x4096]+b[1x4096]->y[1x4096]                      0.009ms     4.096 K      0.00   24.00 KiB      2.67
[gpu-debug] segment avg latency (cuda_events): 0.184 ms
[gpu-debug] sum(per-op)               : 0.289 ms (ratio=1.570)
[gpu-debug] NOTE: sum(per-op) may differ from segment latency due to Python overhead, event/launch overhead, and allocator/cache effects.
[gpu-debug] cuda mem before warmup: alloc=96.15 MiB reserved=110.00 MiB
[gpu-debug] cuda mem after warmup : alloc=96.15 MiB reserved=110.00 MiB
[gpu-debug] cuda mem peak (this segment): max_alloc=96.17 MiB max_reserved=110.00 MiB
========================================================================================
[gpu-debug] segment_key=npu|decode|21|ff6dcf33668f3ebc9cf61e7eb43c6a84
[gpu-debug] sig: device_type=npu phase=decode step=21 (count_hint=32)
[gpu-debug] ops_repr: LN:-1,Add:-1,LN:-1,FFN_W3:0,FFN_W3:1,SwiGLU:0,SwiGLU:1,Add:-1
[gpu-debug] cfg: device=cuda dtype=torch.bfloat16 dim=4096 ffn_dim=11008 n_heads=32 shards=2
[gpu-debug] op plan (with inferred tensor shapes):
  - op#00  op=LN       shard=-1  x=[1x4096] + w=[4096]  ->  y=[1x4096]  (T=1, K=502)
  - op#01  op=Add      shard=-1  a=[1x4096] + b=[1x4096]  ->  y=[1x4096]  (T=1, K=502)
  - op#02  op=LN       shard=-1  x=[1x4096] + w=[4096]  ->  y=[1x4096]  (T=1, K=502)
  - op#03  op=FFN_W3   shard=0   x=[1x4096] + w=[5504x4096]  ->  y=[1x5504]  (T=1, K=502)
  - op#04  op=FFN_W3   shard=1   x=[1x4096] + w=[5504x4096]  ->  y=[1x5504]  (T=1, K=502)
  - op#05  op=SwiGLU   shard=0   a=[1x5504] + b=[1x5504]  ->  y=[1x5504]  (T=1, K=502)
  - op#06  op=SwiGLU   shard=1   a=[1x5504] + b=[1x5504]  ->  y=[1x5504]  (T=1, K=502)
  - op#07  op=Add      shard=-1  a=[1x4096] + b=[1x4096]  ->  y=[1x4096]  (T=1, K=502)
[gpu-debug] per-op timing breakdown (avg over iters):
  idx  op       sh  io                                                    time   est_flops    TFLOPs       bytes      GB/s
  ------------------------------------------------------------------------------------------------------------------------
    0  LN       -1  x[1x4096]+w[4096]->y[1x4096]                        0.067ms    20.480 K      0.00   24.00 KiB      0.37
    1  Add      -1  a[1x4096]+b[1x4096]->y[1x4096]                      0.017ms     4.096 K      0.00   24.00 KiB      1.48
    2  LN       -1  x[1x4096]+w[4096]->y[1x4096]                        0.058ms    20.480 K      0.00   24.00 KiB      0.42
    3  FFN_W3    0  x[1x4096]+w[5504x4096]->y[1x5504]                   0.063ms    45.089 M      0.71   43.02 MiB    712.80
    4  FFN_W3    1  x[1x4096]+w[5504x4096]->y[1x5504]                   0.045ms    45.089 M      0.99   43.02 MiB    992.13
    5  SwiGLU    0  a[1x5504]+b[1x5504]->y[1x5504]                      0.014ms    33.024 K      0.00   32.25 KiB      2.37
    6  SwiGLU    1  a[1x5504]+b[1x5504]->y[1x5504]                      0.014ms    33.024 K      0.00   32.25 KiB      2.39
    7  Add      -1  a[1x4096]+b[1x4096]->y[1x4096]                      0.009ms     4.096 K      0.00   24.00 KiB      2.73
[gpu-debug] segment avg latency (cuda_events): 0.184 ms
[gpu-debug] sum(per-op)               : 0.287 ms (ratio=1.565)
[gpu-debug] NOTE: sum(per-op) may differ from segment latency due to Python overhead, event/launch overhead, and allocator/cache effects.
[gpu-debug] cuda mem before warmup: alloc=96.15 MiB reserved=110.00 MiB
[gpu-debug] cuda mem after warmup : alloc=96.15 MiB reserved=110.00 MiB
[gpu-debug] cuda mem peak (this segment): max_alloc=96.17 MiB max_reserved=110.00 MiB
========================================================================================
[gpu-debug] segment_key=npu|decode|22|ff6dcf33668f3ebc9cf61e7eb43c6a84
[gpu-debug] sig: device_type=npu phase=decode step=22 (count_hint=32)
[gpu-debug] ops_repr: LN:-1,Add:-1,LN:-1,FFN_W3:0,FFN_W3:1,SwiGLU:0,SwiGLU:1,Add:-1
[gpu-debug] cfg: device=cuda dtype=torch.bfloat16 dim=4096 ffn_dim=11008 n_heads=32 shards=2
[gpu-debug] op plan (with inferred tensor shapes):
  - op#00  op=LN       shard=-1  x=[1x4096] + w=[4096]  ->  y=[1x4096]  (T=1, K=514)
  - op#01  op=Add      shard=-1  a=[1x4096] + b=[1x4096]  ->  y=[1x4096]  (T=1, K=514)
  - op#02  op=LN       shard=-1  x=[1x4096] + w=[4096]  ->  y=[1x4096]  (T=1, K=514)
  - op#03  op=FFN_W3   shard=0   x=[1x4096] + w=[5504x4096]  ->  y=[1x5504]  (T=1, K=514)
  - op#04  op=FFN_W3   shard=1   x=[1x4096] + w=[5504x4096]  ->  y=[1x5504]  (T=1, K=514)
  - op#05  op=SwiGLU   shard=0   a=[1x5504] + b=[1x5504]  ->  y=[1x5504]  (T=1, K=514)
  - op#06  op=SwiGLU   shard=1   a=[1x5504] + b=[1x5504]  ->  y=[1x5504]  (T=1, K=514)
  - op#07  op=Add      shard=-1  a=[1x4096] + b=[1x4096]  ->  y=[1x4096]  (T=1, K=514)
[gpu-debug] per-op timing breakdown (avg over iters):
  idx  op       sh  io                                                    time   est_flops    TFLOPs       bytes      GB/s
  ------------------------------------------------------------------------------------------------------------------------
    0  LN       -1  x[1x4096]+w[4096]->y[1x4096]                        0.067ms    20.480 K      0.00   24.00 KiB      0.37
    1  Add      -1  a[1x4096]+b[1x4096]->y[1x4096]                      0.017ms     4.096 K      0.00   24.00 KiB      1.47
    2  LN       -1  x[1x4096]+w[4096]->y[1x4096]                        0.058ms    20.480 K      0.00   24.00 KiB      0.42
    3  FFN_W3    0  x[1x4096]+w[5504x4096]->y[1x5504]                   0.063ms    45.089 M      0.71   43.02 MiB    715.11
    4  FFN_W3    1  x[1x4096]+w[5504x4096]->y[1x5504]                   0.046ms    45.089 M      0.99   43.02 MiB    987.68
    5  SwiGLU    0  a[1x5504]+b[1x5504]->y[1x5504]                      0.014ms    33.024 K      0.00   32.25 KiB      2.39
    6  SwiGLU    1  a[1x5504]+b[1x5504]->y[1x5504]                      0.014ms    33.024 K      0.00   32.25 KiB      2.44
    7  Add      -1  a[1x4096]+b[1x4096]->y[1x4096]                      0.009ms     4.096 K      0.00   24.00 KiB      2.70
[gpu-debug] segment avg latency (cuda_events): 0.183 ms
[gpu-debug] sum(per-op)               : 0.287 ms (ratio=1.569)
[gpu-debug] NOTE: sum(per-op) may differ from segment latency due to Python overhead, event/launch overhead, and allocator/cache effects.
[gpu-debug] cuda mem before warmup: alloc=96.15 MiB reserved=110.00 MiB
[gpu-debug] cuda mem after warmup : alloc=96.15 MiB reserved=110.00 MiB
[gpu-debug] cuda mem peak (this segment): max_alloc=96.17 MiB max_reserved=110.00 MiB
========================================================================================
[gpu-debug] segment_key=npu|decode|23|ff6dcf33668f3ebc9cf61e7eb43c6a84
[gpu-debug] sig: device_type=npu phase=decode step=23 (count_hint=32)
[gpu-debug] ops_repr: LN:-1,Add:-1,LN:-1,FFN_W3:0,FFN_W3:1,SwiGLU:0,SwiGLU:1,Add:-1
[gpu-debug] cfg: device=cuda dtype=torch.bfloat16 dim=4096 ffn_dim=11008 n_heads=32 shards=2
[gpu-debug] op plan (with inferred tensor shapes):
  - op#00  op=LN       shard=-1  x=[1x4096] + w=[4096]  ->  y=[1x4096]  (T=1, K=526)
  - op#01  op=Add      shard=-1  a=[1x4096] + b=[1x4096]  ->  y=[1x4096]  (T=1, K=526)
  - op#02  op=LN       shard=-1  x=[1x4096] + w=[4096]  ->  y=[1x4096]  (T=1, K=526)
  - op#03  op=FFN_W3   shard=0   x=[1x4096] + w=[5504x4096]  ->  y=[1x5504]  (T=1, K=526)
  - op#04  op=FFN_W3   shard=1   x=[1x4096] + w=[5504x4096]  ->  y=[1x5504]  (T=1, K=526)
  - op#05  op=SwiGLU   shard=0   a=[1x5504] + b=[1x5504]  ->  y=[1x5504]  (T=1, K=526)
  - op#06  op=SwiGLU   shard=1   a=[1x5504] + b=[1x5504]  ->  y=[1x5504]  (T=1, K=526)
  - op#07  op=Add      shard=-1  a=[1x4096] + b=[1x4096]  ->  y=[1x4096]  (T=1, K=526)
[gpu-debug] per-op timing breakdown (avg over iters):
  idx  op       sh  io                                                    time   est_flops    TFLOPs       bytes      GB/s
  ------------------------------------------------------------------------------------------------------------------------
    0  LN       -1  x[1x4096]+w[4096]->y[1x4096]                        0.067ms    20.480 K      0.00   24.00 KiB      0.37
    1  Add      -1  a[1x4096]+b[1x4096]->y[1x4096]                      0.017ms     4.096 K      0.00   24.00 KiB      1.45
    2  LN       -1  x[1x4096]+w[4096]->y[1x4096]                        0.059ms    20.480 K      0.00   24.00 KiB      0.42
    3  FFN_W3    0  x[1x4096]+w[5504x4096]->y[1x5504]                   0.063ms    45.089 M      0.71   43.02 MiB    715.11
    4  FFN_W3    1  x[1x4096]+w[5504x4096]->y[1x5504]                   0.046ms    45.089 M      0.98   43.02 MiB    983.28
    5  SwiGLU    0  a[1x5504]+b[1x5504]->y[1x5504]                      0.014ms    33.024 K      0.00   32.25 KiB      2.34
    6  SwiGLU    1  a[1x5504]+b[1x5504]->y[1x5504]                      0.014ms    33.024 K      0.00   32.25 KiB      2.41
    7  Add      -1  a[1x4096]+b[1x4096]->y[1x4096]                      0.009ms     4.096 K      0.00   24.00 KiB      2.79
[gpu-debug] segment avg latency (cuda_events): 0.183 ms
[gpu-debug] sum(per-op)               : 0.289 ms (ratio=1.577)
[gpu-debug] NOTE: sum(per-op) may differ from segment latency due to Python overhead, event/launch overhead, and allocator/cache effects.
[gpu-debug] cuda mem before warmup: alloc=96.15 MiB reserved=110.00 MiB
[gpu-debug] cuda mem after warmup : alloc=96.15 MiB reserved=110.00 MiB
[gpu-debug] cuda mem peak (this segment): max_alloc=96.17 MiB max_reserved=110.00 MiB
========================================================================================
[gpu-debug] segment_key=npu|decode|24|ff6dcf33668f3ebc9cf61e7eb43c6a84
[gpu-debug] sig: device_type=npu phase=decode step=24 (count_hint=32)
[gpu-debug] ops_repr: LN:-1,Add:-1,LN:-1,FFN_W3:0,FFN_W3:1,SwiGLU:0,SwiGLU:1,Add:-1
[gpu-debug] cfg: device=cuda dtype=torch.bfloat16 dim=4096 ffn_dim=11008 n_heads=32 shards=2
[gpu-debug] op plan (with inferred tensor shapes):
  - op#00  op=LN       shard=-1  x=[1x4096] + w=[4096]  ->  y=[1x4096]  (T=1, K=538)
  - op#01  op=Add      shard=-1  a=[1x4096] + b=[1x4096]  ->  y=[1x4096]  (T=1, K=538)
  - op#02  op=LN       shard=-1  x=[1x4096] + w=[4096]  ->  y=[1x4096]  (T=1, K=538)
  - op#03  op=FFN_W3   shard=0   x=[1x4096] + w=[5504x4096]  ->  y=[1x5504]  (T=1, K=538)
  - op#04  op=FFN_W3   shard=1   x=[1x4096] + w=[5504x4096]  ->  y=[1x5504]  (T=1, K=538)
  - op#05  op=SwiGLU   shard=0   a=[1x5504] + b=[1x5504]  ->  y=[1x5504]  (T=1, K=538)
  - op#06  op=SwiGLU   shard=1   a=[1x5504] + b=[1x5504]  ->  y=[1x5504]  (T=1, K=538)
  - op#07  op=Add      shard=-1  a=[1x4096] + b=[1x4096]  ->  y=[1x4096]  (T=1, K=538)
[gpu-debug] per-op timing breakdown (avg over iters):
  idx  op       sh  io                                                    time   est_flops    TFLOPs       bytes      GB/s
  ------------------------------------------------------------------------------------------------------------------------
    0  LN       -1  x[1x4096]+w[4096]->y[1x4096]                        0.067ms    20.480 K      0.00   24.00 KiB      0.37
    1  Add      -1  a[1x4096]+b[1x4096]->y[1x4096]                      0.017ms     4.096 K      0.00   24.00 KiB      1.44
    2  LN       -1  x[1x4096]+w[4096]->y[1x4096]                        0.059ms    20.480 K      0.00   24.00 KiB      0.42
    3  FFN_W3    0  x[1x4096]+w[5504x4096]->y[1x5504]                   0.064ms    45.089 M      0.71   43.02 MiB    709.35
    4  FFN_W3    1  x[1x4096]+w[5504x4096]->y[1x5504]                   0.045ms    45.089 M      1.00   43.02 MiB    996.62
    5  SwiGLU    0  a[1x5504]+b[1x5504]->y[1x5504]                      0.014ms    33.024 K      0.00   32.25 KiB      2.35
    6  SwiGLU    1  a[1x5504]+b[1x5504]->y[1x5504]                      0.014ms    33.024 K      0.00   32.25 KiB      2.35
    7  Add      -1  a[1x4096]+b[1x4096]->y[1x4096]                      0.009ms     4.096 K      0.00   24.00 KiB      2.61
[gpu-debug] segment avg latency (cuda_events): 0.184 ms
[gpu-debug] sum(per-op)               : 0.289 ms (ratio=1.572)
[gpu-debug] NOTE: sum(per-op) may differ from segment latency due to Python overhead, event/launch overhead, and allocator/cache effects.
[gpu-debug] cuda mem before warmup: alloc=96.15 MiB reserved=110.00 MiB
[gpu-debug] cuda mem after warmup : alloc=96.15 MiB reserved=110.00 MiB
[gpu-debug] cuda mem peak (this segment): max_alloc=96.17 MiB max_reserved=110.00 MiB
========================================================================================
[gpu-debug] segment_key=npu|decode|25|ff6dcf33668f3ebc9cf61e7eb43c6a84
[gpu-debug] sig: device_type=npu phase=decode step=25 (count_hint=32)
[gpu-debug] ops_repr: LN:-1,Add:-1,LN:-1,FFN_W3:0,FFN_W3:1,SwiGLU:0,SwiGLU:1,Add:-1
[gpu-debug] cfg: device=cuda dtype=torch.bfloat16 dim=4096 ffn_dim=11008 n_heads=32 shards=2
[gpu-debug] op plan (with inferred tensor shapes):
  - op#00  op=LN       shard=-1  x=[1x4096] + w=[4096]  ->  y=[1x4096]  (T=1, K=550)
  - op#01  op=Add      shard=-1  a=[1x4096] + b=[1x4096]  ->  y=[1x4096]  (T=1, K=550)
  - op#02  op=LN       shard=-1  x=[1x4096] + w=[4096]  ->  y=[1x4096]  (T=1, K=550)
  - op#03  op=FFN_W3   shard=0   x=[1x4096] + w=[5504x4096]  ->  y=[1x5504]  (T=1, K=550)
  - op#04  op=FFN_W3   shard=1   x=[1x4096] + w=[5504x4096]  ->  y=[1x5504]  (T=1, K=550)
  - op#05  op=SwiGLU   shard=0   a=[1x5504] + b=[1x5504]  ->  y=[1x5504]  (T=1, K=550)
  - op#06  op=SwiGLU   shard=1   a=[1x5504] + b=[1x5504]  ->  y=[1x5504]  (T=1, K=550)
  - op#07  op=Add      shard=-1  a=[1x4096] + b=[1x4096]  ->  y=[1x4096]  (T=1, K=550)
[gpu-debug] per-op timing breakdown (avg over iters):
  idx  op       sh  io                                                    time   est_flops    TFLOPs       bytes      GB/s
  ------------------------------------------------------------------------------------------------------------------------
    0  LN       -1  x[1x4096]+w[4096]->y[1x4096]                        0.067ms    20.480 K      0.00   24.00 KiB      0.37
    1  Add      -1  a[1x4096]+b[1x4096]->y[1x4096]                      0.017ms     4.096 K      0.00   24.00 KiB      1.43
    2  LN       -1  x[1x4096]+w[4096]->y[1x4096]                        0.058ms    20.480 K      0.00   24.00 KiB      0.42
    3  FFN_W3    0  x[1x4096]+w[5504x4096]->y[1x5504]                   0.063ms    45.089 M      0.71   43.02 MiB    713.95
    4  FFN_W3    1  x[1x4096]+w[5504x4096]->y[1x5504]                   0.045ms    45.089 M      0.99   43.02 MiB    992.13
    5  SwiGLU    0  a[1x5504]+b[1x5504]->y[1x5504]                      0.014ms    33.024 K      0.00   32.25 KiB      2.35
    6  SwiGLU    1  a[1x5504]+b[1x5504]->y[1x5504]                      0.014ms    33.024 K      0.00   32.25 KiB      2.42
    7  Add      -1  a[1x4096]+b[1x4096]->y[1x4096]                      0.009ms     4.096 K      0.00   24.00 KiB      2.70
[gpu-debug] segment avg latency (cuda_events): 0.185 ms
[gpu-debug] sum(per-op)               : 0.288 ms (ratio=1.561)
[gpu-debug] NOTE: sum(per-op) may differ from segment latency due to Python overhead, event/launch overhead, and allocator/cache effects.
[gpu-debug] cuda mem before warmup: alloc=96.15 MiB reserved=110.00 MiB
[gpu-debug] cuda mem after warmup : alloc=96.15 MiB reserved=110.00 MiB
[gpu-debug] cuda mem peak (this segment): max_alloc=96.17 MiB max_reserved=110.00 MiB
========================================================================================
[gpu-debug] segment_key=npu|decode|26|ff6dcf33668f3ebc9cf61e7eb43c6a84
[gpu-debug] sig: device_type=npu phase=decode step=26 (count_hint=32)
[gpu-debug] ops_repr: LN:-1,Add:-1,LN:-1,FFN_W3:0,FFN_W3:1,SwiGLU:0,SwiGLU:1,Add:-1
[gpu-debug] cfg: device=cuda dtype=torch.bfloat16 dim=4096 ffn_dim=11008 n_heads=32 shards=2
[gpu-debug] op plan (with inferred tensor shapes):
  - op#00  op=LN       shard=-1  x=[1x4096] + w=[4096]  ->  y=[1x4096]  (T=1, K=562)
  - op#01  op=Add      shard=-1  a=[1x4096] + b=[1x4096]  ->  y=[1x4096]  (T=1, K=562)
  - op#02  op=LN       shard=-1  x=[1x4096] + w=[4096]  ->  y=[1x4096]  (T=1, K=562)
  - op#03  op=FFN_W3   shard=0   x=[1x4096] + w=[5504x4096]  ->  y=[1x5504]  (T=1, K=562)
  - op#04  op=FFN_W3   shard=1   x=[1x4096] + w=[5504x4096]  ->  y=[1x5504]  (T=1, K=562)
  - op#05  op=SwiGLU   shard=0   a=[1x5504] + b=[1x5504]  ->  y=[1x5504]  (T=1, K=562)
  - op#06  op=SwiGLU   shard=1   a=[1x5504] + b=[1x5504]  ->  y=[1x5504]  (T=1, K=562)
  - op#07  op=Add      shard=-1  a=[1x4096] + b=[1x4096]  ->  y=[1x4096]  (T=1, K=562)
[gpu-debug] per-op timing breakdown (avg over iters):
  idx  op       sh  io                                                    time   est_flops    TFLOPs       bytes      GB/s
  ------------------------------------------------------------------------------------------------------------------------
    0  LN       -1  x[1x4096]+w[4096]->y[1x4096]                        0.067ms    20.480 K      0.00   24.00 KiB      0.37
    1  Add      -1  a[1x4096]+b[1x4096]->y[1x4096]                      0.017ms     4.096 K      0.00   24.00 KiB      1.46
    2  LN       -1  x[1x4096]+w[4096]->y[1x4096]                        0.059ms    20.480 K      0.00   24.00 KiB      0.42
    3  FFN_W3    0  x[1x4096]+w[5504x4096]->y[1x5504]                   0.063ms    45.089 M      0.71   43.02 MiB    711.64
    4  FFN_W3    1  x[1x4096]+w[5504x4096]->y[1x5504]                   0.045ms    45.089 M      0.99   43.02 MiB    992.13
    5  SwiGLU    0  a[1x5504]+b[1x5504]->y[1x5504]                      0.014ms    33.024 K      0.00   32.25 KiB      2.39
    6  SwiGLU    1  a[1x5504]+b[1x5504]->y[1x5504]                      0.014ms    33.024 K      0.00   32.25 KiB      2.44
    7  Add      -1  a[1x4096]+b[1x4096]->y[1x4096]                      0.010ms     4.096 K      0.00   24.00 KiB      2.55
[gpu-debug] segment avg latency (cuda_events): 0.184 ms
[gpu-debug] sum(per-op)               : 0.288 ms (ratio=1.562)
[gpu-debug] NOTE: sum(per-op) may differ from segment latency due to Python overhead, event/launch overhead, and allocator/cache effects.
[gpu-debug] cuda mem before warmup: alloc=96.15 MiB reserved=110.00 MiB
[gpu-debug] cuda mem after warmup : alloc=96.15 MiB reserved=110.00 MiB
[gpu-debug] cuda mem peak (this segment): max_alloc=96.17 MiB max_reserved=110.00 MiB
========================================================================================
[gpu-debug] segment_key=npu|decode|27|ff6dcf33668f3ebc9cf61e7eb43c6a84
[gpu-debug] sig: device_type=npu phase=decode step=27 (count_hint=32)
[gpu-debug] ops_repr: LN:-1,Add:-1,LN:-1,FFN_W3:0,FFN_W3:1,SwiGLU:0,SwiGLU:1,Add:-1
[gpu-debug] cfg: device=cuda dtype=torch.bfloat16 dim=4096 ffn_dim=11008 n_heads=32 shards=2
[gpu-debug] op plan (with inferred tensor shapes):
  - op#00  op=LN       shard=-1  x=[1x4096] + w=[4096]  ->  y=[1x4096]  (T=1, K=574)
  - op#01  op=Add      shard=-1  a=[1x4096] + b=[1x4096]  ->  y=[1x4096]  (T=1, K=574)
  - op#02  op=LN       shard=-1  x=[1x4096] + w=[4096]  ->  y=[1x4096]  (T=1, K=574)
  - op#03  op=FFN_W3   shard=0   x=[1x4096] + w=[5504x4096]  ->  y=[1x5504]  (T=1, K=574)
  - op#04  op=FFN_W3   shard=1   x=[1x4096] + w=[5504x4096]  ->  y=[1x5504]  (T=1, K=574)
  - op#05  op=SwiGLU   shard=0   a=[1x5504] + b=[1x5504]  ->  y=[1x5504]  (T=1, K=574)
  - op#06  op=SwiGLU   shard=1   a=[1x5504] + b=[1x5504]  ->  y=[1x5504]  (T=1, K=574)
  - op#07  op=Add      shard=-1  a=[1x4096] + b=[1x4096]  ->  y=[1x4096]  (T=1, K=574)
[gpu-debug] per-op timing breakdown (avg over iters):
  idx  op       sh  io                                                    time   est_flops    TFLOPs       bytes      GB/s
  ------------------------------------------------------------------------------------------------------------------------
    0  LN       -1  x[1x4096]+w[4096]->y[1x4096]                        0.067ms    20.480 K      0.00   24.00 KiB      0.37
    1  Add      -1  a[1x4096]+b[1x4096]->y[1x4096]                      0.017ms     4.096 K      0.00   24.00 KiB      1.48
    2  LN       -1  x[1x4096]+w[4096]->y[1x4096]                        0.058ms    20.480 K      0.00   24.00 KiB      0.42
    3  FFN_W3    0  x[1x4096]+w[5504x4096]->y[1x5504]                   0.063ms    45.089 M      0.71   43.02 MiB    712.80
    4  FFN_W3    1  x[1x4096]+w[5504x4096]->y[1x5504]                   0.046ms    45.089 M      0.98   43.02 MiB    981.09
    5  SwiGLU    0  a[1x5504]+b[1x5504]->y[1x5504]                      0.014ms    33.024 K      0.00   32.25 KiB      2.34
    6  SwiGLU    1  a[1x5504]+b[1x5504]->y[1x5504]                      0.014ms    33.024 K      0.00   32.25 KiB      2.35
    7  Add      -1  a[1x4096]+b[1x4096]->y[1x4096]                      0.009ms     4.096 K      0.00   24.00 KiB      2.67
[gpu-debug] segment avg latency (cuda_events): 0.184 ms
[gpu-debug] sum(per-op)               : 0.288 ms (ratio=1.565)
[gpu-debug] NOTE: sum(per-op) may differ from segment latency due to Python overhead, event/launch overhead, and allocator/cache effects.
[gpu-debug] cuda mem before warmup: alloc=96.15 MiB reserved=110.00 MiB
[gpu-debug] cuda mem after warmup : alloc=96.15 MiB reserved=110.00 MiB
[gpu-debug] cuda mem peak (this segment): max_alloc=96.17 MiB max_reserved=110.00 MiB
========================================================================================
[gpu-debug] segment_key=npu|decode|28|ff6dcf33668f3ebc9cf61e7eb43c6a84
[gpu-debug] sig: device_type=npu phase=decode step=28 (count_hint=32)
[gpu-debug] ops_repr: LN:-1,Add:-1,LN:-1,FFN_W3:0,FFN_W3:1,SwiGLU:0,SwiGLU:1,Add:-1
[gpu-debug] cfg: device=cuda dtype=torch.bfloat16 dim=4096 ffn_dim=11008 n_heads=32 shards=2
[gpu-debug] op plan (with inferred tensor shapes):
  - op#00  op=LN       shard=-1  x=[1x4096] + w=[4096]  ->  y=[1x4096]  (T=1, K=586)
  - op#01  op=Add      shard=-1  a=[1x4096] + b=[1x4096]  ->  y=[1x4096]  (T=1, K=586)
  - op#02  op=LN       shard=-1  x=[1x4096] + w=[4096]  ->  y=[1x4096]  (T=1, K=586)
  - op#03  op=FFN_W3   shard=0   x=[1x4096] + w=[5504x4096]  ->  y=[1x5504]  (T=1, K=586)
  - op#04  op=FFN_W3   shard=1   x=[1x4096] + w=[5504x4096]  ->  y=[1x5504]  (T=1, K=586)
  - op#05  op=SwiGLU   shard=0   a=[1x5504] + b=[1x5504]  ->  y=[1x5504]  (T=1, K=586)
  - op#06  op=SwiGLU   shard=1   a=[1x5504] + b=[1x5504]  ->  y=[1x5504]  (T=1, K=586)
  - op#07  op=Add      shard=-1  a=[1x4096] + b=[1x4096]  ->  y=[1x4096]  (T=1, K=586)
[gpu-debug] per-op timing breakdown (avg over iters):
  idx  op       sh  io                                                    time   est_flops    TFLOPs       bytes      GB/s
  ------------------------------------------------------------------------------------------------------------------------
    0  LN       -1  x[1x4096]+w[4096]->y[1x4096]                        0.067ms    20.480 K      0.00   24.00 KiB      0.37
    1  Add      -1  a[1x4096]+b[1x4096]->y[1x4096]                      0.017ms     4.096 K      0.00   24.00 KiB      1.45
    2  LN       -1  x[1x4096]+w[4096]->y[1x4096]                        0.058ms    20.480 K      0.00   24.00 KiB      0.42
    3  FFN_W3    0  x[1x4096]+w[5504x4096]->y[1x5504]                   0.063ms    45.089 M      0.71   43.02 MiB    712.80
    4  FFN_W3    1  x[1x4096]+w[5504x4096]->y[1x5504]                   0.046ms    45.089 M      0.99   43.02 MiB    985.48
    5  SwiGLU    0  a[1x5504]+b[1x5504]->y[1x5504]                      0.014ms    33.024 K      0.00   32.25 KiB      2.34
    6  SwiGLU    1  a[1x5504]+b[1x5504]->y[1x5504]                      0.014ms    33.024 K      0.00   32.25 KiB      2.44
    7  Add      -1  a[1x4096]+b[1x4096]->y[1x4096]                      0.009ms     4.096 K      0.00   24.00 KiB      2.76
[gpu-debug] segment avg latency (cuda_events): 0.183 ms
[gpu-debug] sum(per-op)               : 0.288 ms (ratio=1.572)
[gpu-debug] NOTE: sum(per-op) may differ from segment latency due to Python overhead, event/launch overhead, and allocator/cache effects.
[gpu-debug] cuda mem before warmup: alloc=96.15 MiB reserved=110.00 MiB
[gpu-debug] cuda mem after warmup : alloc=96.15 MiB reserved=110.00 MiB
[gpu-debug] cuda mem peak (this segment): max_alloc=96.17 MiB max_reserved=110.00 MiB
========================================================================================
[gpu-debug] segment_key=npu|decode|29|ff6dcf33668f3ebc9cf61e7eb43c6a84
[gpu-debug] sig: device_type=npu phase=decode step=29 (count_hint=32)
[gpu-debug] ops_repr: LN:-1,Add:-1,LN:-1,FFN_W3:0,FFN_W3:1,SwiGLU:0,SwiGLU:1,Add:-1
[gpu-debug] cfg: device=cuda dtype=torch.bfloat16 dim=4096 ffn_dim=11008 n_heads=32 shards=2
[gpu-debug] op plan (with inferred tensor shapes):
  - op#00  op=LN       shard=-1  x=[1x4096] + w=[4096]  ->  y=[1x4096]  (T=1, K=598)
  - op#01  op=Add      shard=-1  a=[1x4096] + b=[1x4096]  ->  y=[1x4096]  (T=1, K=598)
  - op#02  op=LN       shard=-1  x=[1x4096] + w=[4096]  ->  y=[1x4096]  (T=1, K=598)
  - op#03  op=FFN_W3   shard=0   x=[1x4096] + w=[5504x4096]  ->  y=[1x5504]  (T=1, K=598)
  - op#04  op=FFN_W3   shard=1   x=[1x4096] + w=[5504x4096]  ->  y=[1x5504]  (T=1, K=598)
  - op#05  op=SwiGLU   shard=0   a=[1x5504] + b=[1x5504]  ->  y=[1x5504]  (T=1, K=598)
  - op#06  op=SwiGLU   shard=1   a=[1x5504] + b=[1x5504]  ->  y=[1x5504]  (T=1, K=598)
  - op#07  op=Add      shard=-1  a=[1x4096] + b=[1x4096]  ->  y=[1x4096]  (T=1, K=598)
[gpu-debug] per-op timing breakdown (avg over iters):
  idx  op       sh  io                                                    time   est_flops    TFLOPs       bytes      GB/s
  ------------------------------------------------------------------------------------------------------------------------
    0  LN       -1  x[1x4096]+w[4096]->y[1x4096]                        0.067ms    20.480 K      0.00   24.00 KiB      0.36
    1  Add      -1  a[1x4096]+b[1x4096]->y[1x4096]                      0.017ms     4.096 K      0.00   24.00 KiB      1.46
    2  LN       -1  x[1x4096]+w[4096]->y[1x4096]                        0.058ms    20.480 K      0.00   24.00 KiB      0.42
    3  FFN_W3    0  x[1x4096]+w[5504x4096]->y[1x5504]                   0.064ms    45.089 M      0.71   43.02 MiB    708.21
    4  FFN_W3    1  x[1x4096]+w[5504x4096]->y[1x5504]                   0.046ms    45.089 M      0.98   43.02 MiB    978.91
    5  SwiGLU    0  a[1x5504]+b[1x5504]->y[1x5504]                      0.014ms    33.024 K      0.00   32.25 KiB      2.32
    6  SwiGLU    1  a[1x5504]+b[1x5504]->y[1x5504]                      0.014ms    33.024 K      0.00   32.25 KiB      2.37
    7  Add      -1  a[1x4096]+b[1x4096]->y[1x4096]                      0.009ms     4.096 K      0.00   24.00 KiB      2.64
[gpu-debug] segment avg latency (cuda_events): 0.184 ms
[gpu-debug] sum(per-op)               : 0.290 ms (ratio=1.577)
[gpu-debug] NOTE: sum(per-op) may differ from segment latency due to Python overhead, event/launch overhead, and allocator/cache effects.
[gpu-debug] cuda mem before warmup: alloc=96.15 MiB reserved=110.00 MiB
[gpu-debug] cuda mem after warmup : alloc=96.15 MiB reserved=110.00 MiB
[gpu-debug] cuda mem peak (this segment): max_alloc=96.17 MiB max_reserved=110.00 MiB
========================================================================================
[gpu-debug] segment_key=npu|decode|2|ff6dcf33668f3ebc9cf61e7eb43c6a84
[gpu-debug] sig: device_type=npu phase=decode step=2 (count_hint=32)
[gpu-debug] ops_repr: LN:-1,Add:-1,LN:-1,FFN_W3:0,FFN_W3:1,SwiGLU:0,SwiGLU:1,Add:-1
[gpu-debug] cfg: device=cuda dtype=torch.bfloat16 dim=4096 ffn_dim=11008 n_heads=32 shards=2
[gpu-debug] op plan (with inferred tensor shapes):
  - op#00  op=LN       shard=-1  x=[1x4096] + w=[4096]  ->  y=[1x4096]  (T=1, K=274)
  - op#01  op=Add      shard=-1  a=[1x4096] + b=[1x4096]  ->  y=[1x4096]  (T=1, K=274)
  - op#02  op=LN       shard=-1  x=[1x4096] + w=[4096]  ->  y=[1x4096]  (T=1, K=274)
  - op#03  op=FFN_W3   shard=0   x=[1x4096] + w=[5504x4096]  ->  y=[1x5504]  (T=1, K=274)
  - op#04  op=FFN_W3   shard=1   x=[1x4096] + w=[5504x4096]  ->  y=[1x5504]  (T=1, K=274)
  - op#05  op=SwiGLU   shard=0   a=[1x5504] + b=[1x5504]  ->  y=[1x5504]  (T=1, K=274)
  - op#06  op=SwiGLU   shard=1   a=[1x5504] + b=[1x5504]  ->  y=[1x5504]  (T=1, K=274)
  - op#07  op=Add      shard=-1  a=[1x4096] + b=[1x4096]  ->  y=[1x4096]  (T=1, K=274)
[gpu-debug] per-op timing breakdown (avg over iters):
  idx  op       sh  io                                                    time   est_flops    TFLOPs       bytes      GB/s
  ------------------------------------------------------------------------------------------------------------------------
    0  LN       -1  x[1x4096]+w[4096]->y[1x4096]                        0.067ms    20.480 K      0.00   24.00 KiB      0.37
    1  Add      -1  a[1x4096]+b[1x4096]->y[1x4096]                      0.017ms     4.096 K      0.00   24.00 KiB      1.45
    2  LN       -1  x[1x4096]+w[4096]->y[1x4096]                        0.059ms    20.480 K      0.00   24.00 KiB      0.42
    3  FFN_W3    0  x[1x4096]+w[5504x4096]->y[1x5504]                   0.063ms    45.089 M      0.71   43.02 MiB    710.50
    4  FFN_W3    1  x[1x4096]+w[5504x4096]->y[1x5504]                   0.046ms    45.089 M      0.99   43.02 MiB    985.48
    5  SwiGLU    0  a[1x5504]+b[1x5504]->y[1x5504]                      0.014ms    33.024 K      0.00   32.25 KiB      2.41
    6  SwiGLU    1  a[1x5504]+b[1x5504]->y[1x5504]                      0.014ms    33.024 K      0.00   32.25 KiB      2.42
    7  Add      -1  a[1x4096]+b[1x4096]->y[1x4096]                      0.009ms     4.096 K      0.00   24.00 KiB      2.73
[gpu-debug] segment avg latency (cuda_events): 0.183 ms
[gpu-debug] sum(per-op)               : 0.288 ms (ratio=1.573)
[gpu-debug] NOTE: sum(per-op) may differ from segment latency due to Python overhead, event/launch overhead, and allocator/cache effects.
[gpu-debug] cuda mem before warmup: alloc=96.15 MiB reserved=110.00 MiB
[gpu-debug] cuda mem after warmup : alloc=96.15 MiB reserved=110.00 MiB
[gpu-debug] cuda mem peak (this segment): max_alloc=96.17 MiB max_reserved=110.00 MiB
========================================================================================
[gpu-debug] segment_key=npu|decode|30|ff6dcf33668f3ebc9cf61e7eb43c6a84
[gpu-debug] sig: device_type=npu phase=decode step=30 (count_hint=32)
[gpu-debug] ops_repr: LN:-1,Add:-1,LN:-1,FFN_W3:0,FFN_W3:1,SwiGLU:0,SwiGLU:1,Add:-1
[gpu-debug] cfg: device=cuda dtype=torch.bfloat16 dim=4096 ffn_dim=11008 n_heads=32 shards=2
[gpu-debug] op plan (with inferred tensor shapes):
  - op#00  op=LN       shard=-1  x=[1x4096] + w=[4096]  ->  y=[1x4096]  (T=1, K=610)
  - op#01  op=Add      shard=-1  a=[1x4096] + b=[1x4096]  ->  y=[1x4096]  (T=1, K=610)
  - op#02  op=LN       shard=-1  x=[1x4096] + w=[4096]  ->  y=[1x4096]  (T=1, K=610)
  - op#03  op=FFN_W3   shard=0   x=[1x4096] + w=[5504x4096]  ->  y=[1x5504]  (T=1, K=610)
  - op#04  op=FFN_W3   shard=1   x=[1x4096] + w=[5504x4096]  ->  y=[1x5504]  (T=1, K=610)
  - op#05  op=SwiGLU   shard=0   a=[1x5504] + b=[1x5504]  ->  y=[1x5504]  (T=1, K=610)
  - op#06  op=SwiGLU   shard=1   a=[1x5504] + b=[1x5504]  ->  y=[1x5504]  (T=1, K=610)
  - op#07  op=Add      shard=-1  a=[1x4096] + b=[1x4096]  ->  y=[1x4096]  (T=1, K=610)
[gpu-debug] per-op timing breakdown (avg over iters):
  idx  op       sh  io                                                    time   est_flops    TFLOPs       bytes      GB/s
  ------------------------------------------------------------------------------------------------------------------------
    0  LN       -1  x[1x4096]+w[4096]->y[1x4096]                        0.066ms    20.480 K      0.00   24.00 KiB      0.37
    1  Add      -1  a[1x4096]+b[1x4096]->y[1x4096]                      0.016ms     4.096 K      0.00   24.00 KiB      1.49
    2  LN       -1  x[1x4096]+w[4096]->y[1x4096]                        0.058ms    20.480 K      0.00   24.00 KiB      0.42
    3  FFN_W3    0  x[1x4096]+w[5504x4096]->y[1x5504]                   0.063ms    45.089 M      0.71   43.02 MiB    710.50
    4  FFN_W3    1  x[1x4096]+w[5504x4096]->y[1x5504]                   0.046ms    45.089 M      0.99   43.02 MiB    989.90
    5  SwiGLU    0  a[1x5504]+b[1x5504]->y[1x5504]                      0.014ms    33.024 K      0.00   32.25 KiB      2.34
    6  SwiGLU    1  a[1x5504]+b[1x5504]->y[1x5504]                      0.014ms    33.024 K      0.00   32.25 KiB      2.41
    7  Add      -1  a[1x4096]+b[1x4096]->y[1x4096]                      0.009ms     4.096 K      0.00   24.00 KiB      2.73
[gpu-debug] segment avg latency (cuda_events): 0.184 ms
[gpu-debug] sum(per-op)               : 0.287 ms (ratio=1.560)
[gpu-debug] NOTE: sum(per-op) may differ from segment latency due to Python overhead, event/launch overhead, and allocator/cache effects.
[gpu-debug] cuda mem before warmup: alloc=96.15 MiB reserved=110.00 MiB
[gpu-debug] cuda mem after warmup : alloc=96.15 MiB reserved=110.00 MiB
[gpu-debug] cuda mem peak (this segment): max_alloc=96.17 MiB max_reserved=110.00 MiB
========================================================================================
[gpu-debug] segment_key=npu|decode|31|ff6dcf33668f3ebc9cf61e7eb43c6a84
[gpu-debug] sig: device_type=npu phase=decode step=31 (count_hint=32)
[gpu-debug] ops_repr: LN:-1,Add:-1,LN:-1,FFN_W3:0,FFN_W3:1,SwiGLU:0,SwiGLU:1,Add:-1
[gpu-debug] cfg: device=cuda dtype=torch.bfloat16 dim=4096 ffn_dim=11008 n_heads=32 shards=2
[gpu-debug] op plan (with inferred tensor shapes):
  - op#00  op=LN       shard=-1  x=[1x4096] + w=[4096]  ->  y=[1x4096]  (T=1, K=622)
  - op#01  op=Add      shard=-1  a=[1x4096] + b=[1x4096]  ->  y=[1x4096]  (T=1, K=622)
  - op#02  op=LN       shard=-1  x=[1x4096] + w=[4096]  ->  y=[1x4096]  (T=1, K=622)
  - op#03  op=FFN_W3   shard=0   x=[1x4096] + w=[5504x4096]  ->  y=[1x5504]  (T=1, K=622)
  - op#04  op=FFN_W3   shard=1   x=[1x4096] + w=[5504x4096]  ->  y=[1x5504]  (T=1, K=622)
  - op#05  op=SwiGLU   shard=0   a=[1x5504] + b=[1x5504]  ->  y=[1x5504]  (T=1, K=622)
  - op#06  op=SwiGLU   shard=1   a=[1x5504] + b=[1x5504]  ->  y=[1x5504]  (T=1, K=622)
  - op#07  op=Add      shard=-1  a=[1x4096] + b=[1x4096]  ->  y=[1x4096]  (T=1, K=622)
[gpu-debug] per-op timing breakdown (avg over iters):
  idx  op       sh  io                                                    time   est_flops    TFLOPs       bytes      GB/s
  ------------------------------------------------------------------------------------------------------------------------
    0  LN       -1  x[1x4096]+w[4096]->y[1x4096]                        0.066ms    20.480 K      0.00   24.00 KiB      0.37
    1  Add      -1  a[1x4096]+b[1x4096]->y[1x4096]                      0.016ms     4.096 K      0.00   24.00 KiB      1.50
    2  LN       -1  x[1x4096]+w[4096]->y[1x4096]                        0.058ms    20.480 K      0.00   24.00 KiB      0.42
    3  FFN_W3    0  x[1x4096]+w[5504x4096]->y[1x5504]                   0.063ms    45.089 M      0.71   43.02 MiB    715.11
    4  FFN_W3    1  x[1x4096]+w[5504x4096]->y[1x5504]                   0.045ms    45.089 M      0.99   43.02 MiB    992.13
    5  SwiGLU    0  a[1x5504]+b[1x5504]->y[1x5504]                      0.014ms    33.024 K      0.00   32.25 KiB      2.42
    6  SwiGLU    1  a[1x5504]+b[1x5504]->y[1x5504]                      0.013ms    33.024 K      0.00   32.25 KiB      2.46
    7  Add      -1  a[1x4096]+b[1x4096]->y[1x4096]                      0.009ms     4.096 K      0.00   24.00 KiB      2.76
[gpu-debug] segment avg latency (cuda_events): 0.184 ms
[gpu-debug] sum(per-op)               : 0.285 ms (ratio=1.549)
[gpu-debug] NOTE: sum(per-op) may differ from segment latency due to Python overhead, event/launch overhead, and allocator/cache effects.
[gpu-debug] cuda mem before warmup: alloc=96.15 MiB reserved=110.00 MiB
[gpu-debug] cuda mem after warmup : alloc=96.15 MiB reserved=110.00 MiB
[gpu-debug] cuda mem peak (this segment): max_alloc=96.17 MiB max_reserved=110.00 MiB
========================================================================================
[gpu-debug] segment_key=npu|decode|32|ff6dcf33668f3ebc9cf61e7eb43c6a84
[gpu-debug] sig: device_type=npu phase=decode step=32 (count_hint=32)
[gpu-debug] ops_repr: LN:-1,Add:-1,LN:-1,FFN_W3:0,FFN_W3:1,SwiGLU:0,SwiGLU:1,Add:-1
[gpu-debug] cfg: device=cuda dtype=torch.bfloat16 dim=4096 ffn_dim=11008 n_heads=32 shards=2
[gpu-debug] op plan (with inferred tensor shapes):
  - op#00  op=LN       shard=-1  x=[1x4096] + w=[4096]  ->  y=[1x4096]  (T=1, K=634)
  - op#01  op=Add      shard=-1  a=[1x4096] + b=[1x4096]  ->  y=[1x4096]  (T=1, K=634)
  - op#02  op=LN       shard=-1  x=[1x4096] + w=[4096]  ->  y=[1x4096]  (T=1, K=634)
  - op#03  op=FFN_W3   shard=0   x=[1x4096] + w=[5504x4096]  ->  y=[1x5504]  (T=1, K=634)
  - op#04  op=FFN_W3   shard=1   x=[1x4096] + w=[5504x4096]  ->  y=[1x5504]  (T=1, K=634)
  - op#05  op=SwiGLU   shard=0   a=[1x5504] + b=[1x5504]  ->  y=[1x5504]  (T=1, K=634)
  - op#06  op=SwiGLU   shard=1   a=[1x5504] + b=[1x5504]  ->  y=[1x5504]  (T=1, K=634)
  - op#07  op=Add      shard=-1  a=[1x4096] + b=[1x4096]  ->  y=[1x4096]  (T=1, K=634)
[gpu-debug] per-op timing breakdown (avg over iters):
  idx  op       sh  io                                                    time   est_flops    TFLOPs       bytes      GB/s
  ------------------------------------------------------------------------------------------------------------------------
    0  LN       -1  x[1x4096]+w[4096]->y[1x4096]                        0.068ms    20.480 K      0.00   24.00 KiB      0.36
    1  Add      -1  a[1x4096]+b[1x4096]->y[1x4096]                      0.017ms     4.096 K      0.00   24.00 KiB      1.46
    2  LN       -1  x[1x4096]+w[4096]->y[1x4096]                        0.058ms    20.480 K      0.00   24.00 KiB      0.42
    3  FFN_W3    0  x[1x4096]+w[5504x4096]->y[1x5504]                   0.063ms    45.089 M      0.71   43.02 MiB    712.80
    4  FFN_W3    1  x[1x4096]+w[5504x4096]->y[1x5504]                   0.046ms    45.089 M      0.99   43.02 MiB    985.48
    5  SwiGLU    0  a[1x5504]+b[1x5504]->y[1x5504]                      0.014ms    33.024 K      0.00   32.25 KiB      2.35
    6  SwiGLU    1  a[1x5504]+b[1x5504]->y[1x5504]                      0.014ms    33.024 K      0.00   32.25 KiB      2.42
    7  Add      -1  a[1x4096]+b[1x4096]->y[1x4096]                      0.009ms     4.096 K      0.00   24.00 KiB      2.70
[gpu-debug] segment avg latency (cuda_events): 0.184 ms
[gpu-debug] sum(per-op)               : 0.289 ms (ratio=1.571)
[gpu-debug] NOTE: sum(per-op) may differ from segment latency due to Python overhead, event/launch overhead, and allocator/cache effects.
[gpu-debug] cuda mem before warmup: alloc=96.15 MiB reserved=110.00 MiB
[gpu-debug] cuda mem after warmup : alloc=96.15 MiB reserved=110.00 MiB
[gpu-debug] cuda mem peak (this segment): max_alloc=96.17 MiB max_reserved=110.00 MiB
========================================================================================
[gpu-debug] segment_key=npu|decode|33|ff6dcf33668f3ebc9cf61e7eb43c6a84
[gpu-debug] sig: device_type=npu phase=decode step=33 (count_hint=32)
[gpu-debug] ops_repr: LN:-1,Add:-1,LN:-1,FFN_W3:0,FFN_W3:1,SwiGLU:0,SwiGLU:1,Add:-1
[gpu-debug] cfg: device=cuda dtype=torch.bfloat16 dim=4096 ffn_dim=11008 n_heads=32 shards=2
[gpu-debug] op plan (with inferred tensor shapes):
  - op#00  op=LN       shard=-1  x=[1x4096] + w=[4096]  ->  y=[1x4096]  (T=1, K=646)
  - op#01  op=Add      shard=-1  a=[1x4096] + b=[1x4096]  ->  y=[1x4096]  (T=1, K=646)
  - op#02  op=LN       shard=-1  x=[1x4096] + w=[4096]  ->  y=[1x4096]  (T=1, K=646)
  - op#03  op=FFN_W3   shard=0   x=[1x4096] + w=[5504x4096]  ->  y=[1x5504]  (T=1, K=646)
  - op#04  op=FFN_W3   shard=1   x=[1x4096] + w=[5504x4096]  ->  y=[1x5504]  (T=1, K=646)
  - op#05  op=SwiGLU   shard=0   a=[1x5504] + b=[1x5504]  ->  y=[1x5504]  (T=1, K=646)
  - op#06  op=SwiGLU   shard=1   a=[1x5504] + b=[1x5504]  ->  y=[1x5504]  (T=1, K=646)
  - op#07  op=Add      shard=-1  a=[1x4096] + b=[1x4096]  ->  y=[1x4096]  (T=1, K=646)
[gpu-debug] per-op timing breakdown (avg over iters):
  idx  op       sh  io                                                    time   est_flops    TFLOPs       bytes      GB/s
  ------------------------------------------------------------------------------------------------------------------------
    0  LN       -1  x[1x4096]+w[4096]->y[1x4096]                        0.067ms    20.480 K      0.00   24.00 KiB      0.37
    1  Add      -1  a[1x4096]+b[1x4096]->y[1x4096]                      0.017ms     4.096 K      0.00   24.00 KiB      1.45
    2  LN       -1  x[1x4096]+w[4096]->y[1x4096]                        0.059ms    20.480 K      0.00   24.00 KiB      0.42
    3  FFN_W3    0  x[1x4096]+w[5504x4096]->y[1x5504]                   0.064ms    45.089 M      0.70   43.02 MiB    702.56
    4  FFN_W3    1  x[1x4096]+w[5504x4096]->y[1x5504]                   0.046ms    45.089 M      0.99   43.02 MiB    989.90
    5  SwiGLU    0  a[1x5504]+b[1x5504]->y[1x5504]                      0.014ms    33.024 K      0.00   32.25 KiB      2.32
    6  SwiGLU    1  a[1x5504]+b[1x5504]->y[1x5504]                      0.014ms    33.024 K      0.00   32.25 KiB      2.41
    7  Add      -1  a[1x4096]+b[1x4096]->y[1x4096]                      0.009ms     4.096 K      0.00   24.00 KiB      2.67
[gpu-debug] segment avg latency (cuda_events): 0.185 ms
[gpu-debug] sum(per-op)               : 0.290 ms (ratio=1.568)
[gpu-debug] NOTE: sum(per-op) may differ from segment latency due to Python overhead, event/launch overhead, and allocator/cache effects.
[gpu-debug] cuda mem before warmup: alloc=96.15 MiB reserved=110.00 MiB
[gpu-debug] cuda mem after warmup : alloc=96.15 MiB reserved=110.00 MiB
[gpu-debug] cuda mem peak (this segment): max_alloc=96.17 MiB max_reserved=110.00 MiB
========================================================================================
[gpu-debug] segment_key=npu|decode|34|ff6dcf33668f3ebc9cf61e7eb43c6a84
[gpu-debug] sig: device_type=npu phase=decode step=34 (count_hint=32)
[gpu-debug] ops_repr: LN:-1,Add:-1,LN:-1,FFN_W3:0,FFN_W3:1,SwiGLU:0,SwiGLU:1,Add:-1
[gpu-debug] cfg: device=cuda dtype=torch.bfloat16 dim=4096 ffn_dim=11008 n_heads=32 shards=2
[gpu-debug] op plan (with inferred tensor shapes):
  - op#00  op=LN       shard=-1  x=[1x4096] + w=[4096]  ->  y=[1x4096]  (T=1, K=658)
  - op#01  op=Add      shard=-1  a=[1x4096] + b=[1x4096]  ->  y=[1x4096]  (T=1, K=658)
  - op#02  op=LN       shard=-1  x=[1x4096] + w=[4096]  ->  y=[1x4096]  (T=1, K=658)
  - op#03  op=FFN_W3   shard=0   x=[1x4096] + w=[5504x4096]  ->  y=[1x5504]  (T=1, K=658)
  - op#04  op=FFN_W3   shard=1   x=[1x4096] + w=[5504x4096]  ->  y=[1x5504]  (T=1, K=658)
  - op#05  op=SwiGLU   shard=0   a=[1x5504] + b=[1x5504]  ->  y=[1x5504]  (T=1, K=658)
  - op#06  op=SwiGLU   shard=1   a=[1x5504] + b=[1x5504]  ->  y=[1x5504]  (T=1, K=658)
  - op#07  op=Add      shard=-1  a=[1x4096] + b=[1x4096]  ->  y=[1x4096]  (T=1, K=658)
[gpu-debug] per-op timing breakdown (avg over iters):
  idx  op       sh  io                                                    time   est_flops    TFLOPs       bytes      GB/s
  ------------------------------------------------------------------------------------------------------------------------
    0  LN       -1  x[1x4096]+w[4096]->y[1x4096]                        0.068ms    20.480 K      0.00   24.00 KiB      0.36
    1  Add      -1  a[1x4096]+b[1x4096]->y[1x4096]                      0.018ms     4.096 K      0.00   24.00 KiB      1.40
    2  LN       -1  x[1x4096]+w[4096]->y[1x4096]                        0.058ms    20.480 K      0.00   24.00 KiB      0.42
    3  FFN_W3    0  x[1x4096]+w[5504x4096]->y[1x5504]                   0.063ms    45.089 M      0.71   43.02 MiB    711.64
    4  FFN_W3    1  x[1x4096]+w[5504x4096]->y[1x5504]                   0.046ms    45.089 M      0.99   43.02 MiB    985.48
    5  SwiGLU    0  a[1x5504]+b[1x5504]->y[1x5504]                      0.014ms    33.024 K      0.00   32.25 KiB      2.37
    6  SwiGLU    1  a[1x5504]+b[1x5504]->y[1x5504]                      0.014ms    33.024 K      0.00   32.25 KiB      2.41
    7  Add      -1  a[1x4096]+b[1x4096]->y[1x4096]                      0.009ms     4.096 K      0.00   24.00 KiB      2.76
[gpu-debug] segment avg latency (cuda_events): 0.186 ms
[gpu-debug] sum(per-op)               : 0.290 ms (ratio=1.555)
[gpu-debug] NOTE: sum(per-op) may differ from segment latency due to Python overhead, event/launch overhead, and allocator/cache effects.
[gpu-debug] cuda mem before warmup: alloc=96.15 MiB reserved=110.00 MiB
[gpu-debug] cuda mem after warmup : alloc=96.15 MiB reserved=110.00 MiB
[gpu-debug] cuda mem peak (this segment): max_alloc=96.17 MiB max_reserved=110.00 MiB
========================================================================================
[gpu-debug] segment_key=npu|decode|35|ff6dcf33668f3ebc9cf61e7eb43c6a84
[gpu-debug] sig: device_type=npu phase=decode step=35 (count_hint=32)
[gpu-debug] ops_repr: LN:-1,Add:-1,LN:-1,FFN_W3:0,FFN_W3:1,SwiGLU:0,SwiGLU:1,Add:-1
[gpu-debug] cfg: device=cuda dtype=torch.bfloat16 dim=4096 ffn_dim=11008 n_heads=32 shards=2
[gpu-debug] op plan (with inferred tensor shapes):
  - op#00  op=LN       shard=-1  x=[1x4096] + w=[4096]  ->  y=[1x4096]  (T=1, K=670)
  - op#01  op=Add      shard=-1  a=[1x4096] + b=[1x4096]  ->  y=[1x4096]  (T=1, K=670)
  - op#02  op=LN       shard=-1  x=[1x4096] + w=[4096]  ->  y=[1x4096]  (T=1, K=670)
  - op#03  op=FFN_W3   shard=0   x=[1x4096] + w=[5504x4096]  ->  y=[1x5504]  (T=1, K=670)
  - op#04  op=FFN_W3   shard=1   x=[1x4096] + w=[5504x4096]  ->  y=[1x5504]  (T=1, K=670)
  - op#05  op=SwiGLU   shard=0   a=[1x5504] + b=[1x5504]  ->  y=[1x5504]  (T=1, K=670)
  - op#06  op=SwiGLU   shard=1   a=[1x5504] + b=[1x5504]  ->  y=[1x5504]  (T=1, K=670)
  - op#07  op=Add      shard=-1  a=[1x4096] + b=[1x4096]  ->  y=[1x4096]  (T=1, K=670)
[gpu-debug] per-op timing breakdown (avg over iters):
  idx  op       sh  io                                                    time   est_flops    TFLOPs       bytes      GB/s
  ------------------------------------------------------------------------------------------------------------------------
    0  LN       -1  x[1x4096]+w[4096]->y[1x4096]                        0.067ms    20.480 K      0.00   24.00 KiB      0.37
    1  Add      -1  a[1x4096]+b[1x4096]->y[1x4096]                      0.017ms     4.096 K      0.00   24.00 KiB      1.46
    2  LN       -1  x[1x4096]+w[4096]->y[1x4096]                        0.058ms    20.480 K      0.00   24.00 KiB      0.43
    3  FFN_W3    0  x[1x4096]+w[5504x4096]->y[1x5504]                   0.063ms    45.089 M      0.71   43.02 MiB    712.80
    4  FFN_W3    1  x[1x4096]+w[5504x4096]->y[1x5504]                   0.045ms    45.089 M      1.00   43.02 MiB    998.88
    5  SwiGLU    0  a[1x5504]+b[1x5504]->y[1x5504]                      0.014ms    33.024 K      0.00   32.25 KiB      2.35
    6  SwiGLU    1  a[1x5504]+b[1x5504]->y[1x5504]                      0.014ms    33.024 K      0.00   32.25 KiB      2.39
    7  Add      -1  a[1x4096]+b[1x4096]->y[1x4096]                      0.009ms     4.096 K      0.00   24.00 KiB      2.82
[gpu-debug] segment avg latency (cuda_events): 0.183 ms
[gpu-debug] sum(per-op)               : 0.286 ms (ratio=1.561)
[gpu-debug] NOTE: sum(per-op) may differ from segment latency due to Python overhead, event/launch overhead, and allocator/cache effects.
[gpu-debug] cuda mem before warmup: alloc=96.15 MiB reserved=110.00 MiB
[gpu-debug] cuda mem after warmup : alloc=96.15 MiB reserved=110.00 MiB
[gpu-debug] cuda mem peak (this segment): max_alloc=96.17 MiB max_reserved=110.00 MiB
========================================================================================
[gpu-debug] segment_key=npu|decode|36|ff6dcf33668f3ebc9cf61e7eb43c6a84
[gpu-debug] sig: device_type=npu phase=decode step=36 (count_hint=32)
[gpu-debug] ops_repr: LN:-1,Add:-1,LN:-1,FFN_W3:0,FFN_W3:1,SwiGLU:0,SwiGLU:1,Add:-1
[gpu-debug] cfg: device=cuda dtype=torch.bfloat16 dim=4096 ffn_dim=11008 n_heads=32 shards=2
[gpu-debug] op plan (with inferred tensor shapes):
  - op#00  op=LN       shard=-1  x=[1x4096] + w=[4096]  ->  y=[1x4096]  (T=1, K=682)
  - op#01  op=Add      shard=-1  a=[1x4096] + b=[1x4096]  ->  y=[1x4096]  (T=1, K=682)
  - op#02  op=LN       shard=-1  x=[1x4096] + w=[4096]  ->  y=[1x4096]  (T=1, K=682)
  - op#03  op=FFN_W3   shard=0   x=[1x4096] + w=[5504x4096]  ->  y=[1x5504]  (T=1, K=682)
  - op#04  op=FFN_W3   shard=1   x=[1x4096] + w=[5504x4096]  ->  y=[1x5504]  (T=1, K=682)
  - op#05  op=SwiGLU   shard=0   a=[1x5504] + b=[1x5504]  ->  y=[1x5504]  (T=1, K=682)
  - op#06  op=SwiGLU   shard=1   a=[1x5504] + b=[1x5504]  ->  y=[1x5504]  (T=1, K=682)
  - op#07  op=Add      shard=-1  a=[1x4096] + b=[1x4096]  ->  y=[1x4096]  (T=1, K=682)
[gpu-debug] per-op timing breakdown (avg over iters):
  idx  op       sh  io                                                    time   est_flops    TFLOPs       bytes      GB/s
  ------------------------------------------------------------------------------------------------------------------------
    0  LN       -1  x[1x4096]+w[4096]->y[1x4096]                        0.067ms    20.480 K      0.00   24.00 KiB      0.37
    1  Add      -1  a[1x4096]+b[1x4096]->y[1x4096]                      0.017ms     4.096 K      0.00   24.00 KiB      1.48
    2  LN       -1  x[1x4096]+w[4096]->y[1x4096]                        0.058ms    20.480 K      0.00   24.00 KiB      0.42
    3  FFN_W3    0  x[1x4096]+w[5504x4096]->y[1x5504]                   0.062ms    45.089 M      0.73   43.02 MiB    730.53
    4  FFN_W3    1  x[1x4096]+w[5504x4096]->y[1x5504]                   0.044ms    45.089 M      1.02   43.02 MiB   1019.69
    5  SwiGLU    0  a[1x5504]+b[1x5504]->y[1x5504]                      0.012ms    33.024 K      0.00   32.25 KiB      2.73
    6  SwiGLU    1  a[1x5504]+b[1x5504]->y[1x5504]                      0.012ms    33.024 K      0.00   32.25 KiB      2.67
    7  Add      -1  a[1x4096]+b[1x4096]->y[1x4096]                      0.011ms     4.096 K      0.00   24.00 KiB      2.14
[gpu-debug] segment avg latency (cuda_events): 0.184 ms
[gpu-debug] sum(per-op)               : 0.283 ms (ratio=1.541)
[gpu-debug] NOTE: sum(per-op) may differ from segment latency due to Python overhead, event/launch overhead, and allocator/cache effects.
[gpu-debug] cuda mem before warmup: alloc=96.15 MiB reserved=110.00 MiB
[gpu-debug] cuda mem after warmup : alloc=96.15 MiB reserved=110.00 MiB
[gpu-debug] cuda mem peak (this segment): max_alloc=96.17 MiB max_reserved=110.00 MiB
========================================================================================
[gpu-debug] segment_key=npu|decode|37|ff6dcf33668f3ebc9cf61e7eb43c6a84
[gpu-debug] sig: device_type=npu phase=decode step=37 (count_hint=32)
[gpu-debug] ops_repr: LN:-1,Add:-1,LN:-1,FFN_W3:0,FFN_W3:1,SwiGLU:0,SwiGLU:1,Add:-1
[gpu-debug] cfg: device=cuda dtype=torch.bfloat16 dim=4096 ffn_dim=11008 n_heads=32 shards=2
[gpu-debug] op plan (with inferred tensor shapes):
  - op#00  op=LN       shard=-1  x=[1x4096] + w=[4096]  ->  y=[1x4096]  (T=1, K=694)
  - op#01  op=Add      shard=-1  a=[1x4096] + b=[1x4096]  ->  y=[1x4096]  (T=1, K=694)
  - op#02  op=LN       shard=-1  x=[1x4096] + w=[4096]  ->  y=[1x4096]  (T=1, K=694)
  - op#03  op=FFN_W3   shard=0   x=[1x4096] + w=[5504x4096]  ->  y=[1x5504]  (T=1, K=694)
  - op#04  op=FFN_W3   shard=1   x=[1x4096] + w=[5504x4096]  ->  y=[1x5504]  (T=1, K=694)
  - op#05  op=SwiGLU   shard=0   a=[1x5504] + b=[1x5504]  ->  y=[1x5504]  (T=1, K=694)
  - op#06  op=SwiGLU   shard=1   a=[1x5504] + b=[1x5504]  ->  y=[1x5504]  (T=1, K=694)
  - op#07  op=Add      shard=-1  a=[1x4096] + b=[1x4096]  ->  y=[1x4096]  (T=1, K=694)
[gpu-debug] per-op timing breakdown (avg over iters):
  idx  op       sh  io                                                    time   est_flops    TFLOPs       bytes      GB/s
  ------------------------------------------------------------------------------------------------------------------------
    0  LN       -1  x[1x4096]+w[4096]->y[1x4096]                        0.067ms    20.480 K      0.00   24.00 KiB      0.37
    1  Add      -1  a[1x4096]+b[1x4096]->y[1x4096]                      0.017ms     4.096 K      0.00   24.00 KiB      1.48
    2  LN       -1  x[1x4096]+w[4096]->y[1x4096]                        0.058ms    20.480 K      0.00   24.00 KiB      0.42
    3  FFN_W3    0  x[1x4096]+w[5504x4096]->y[1x5504]                   0.060ms    45.089 M      0.76   43.02 MiB    755.59
    4  FFN_W3    1  x[1x4096]+w[5504x4096]->y[1x5504]                   0.040ms    45.089 M      1.12   43.02 MiB   1123.74
    5  SwiGLU    0  a[1x5504]+b[1x5504]->y[1x5504]                      0.009ms    33.024 K      0.00   32.25 KiB      3.62
    6  SwiGLU    1  a[1x5504]+b[1x5504]->y[1x5504]                      0.015ms    33.024 K      0.00   32.25 KiB      2.14
    7  Add      -1  a[1x4096]+b[1x4096]->y[1x4096]                      0.016ms     4.096 K      0.00   24.00 KiB      1.50
[gpu-debug] segment avg latency (cuda_events): 0.181 ms
[gpu-debug] sum(per-op)               : 0.282 ms (ratio=1.563)
[gpu-debug] NOTE: sum(per-op) may differ from segment latency due to Python overhead, event/launch overhead, and allocator/cache effects.
[gpu-debug] cuda mem before warmup: alloc=96.15 MiB reserved=110.00 MiB
[gpu-debug] cuda mem after warmup : alloc=96.15 MiB reserved=110.00 MiB
[gpu-debug] cuda mem peak (this segment): max_alloc=96.17 MiB max_reserved=110.00 MiB
  progress 40/110
========================================================================================
[gpu-debug] segment_key=npu|decode|38|ff6dcf33668f3ebc9cf61e7eb43c6a84
[gpu-debug] sig: device_type=npu phase=decode step=38 (count_hint=32)
[gpu-debug] ops_repr: LN:-1,Add:-1,LN:-1,FFN_W3:0,FFN_W3:1,SwiGLU:0,SwiGLU:1,Add:-1
[gpu-debug] cfg: device=cuda dtype=torch.bfloat16 dim=4096 ffn_dim=11008 n_heads=32 shards=2
[gpu-debug] op plan (with inferred tensor shapes):
  - op#00  op=LN       shard=-1  x=[1x4096] + w=[4096]  ->  y=[1x4096]  (T=1, K=706)
  - op#01  op=Add      shard=-1  a=[1x4096] + b=[1x4096]  ->  y=[1x4096]  (T=1, K=706)
  - op#02  op=LN       shard=-1  x=[1x4096] + w=[4096]  ->  y=[1x4096]  (T=1, K=706)
  - op#03  op=FFN_W3   shard=0   x=[1x4096] + w=[5504x4096]  ->  y=[1x5504]  (T=1, K=706)
  - op#04  op=FFN_W3   shard=1   x=[1x4096] + w=[5504x4096]  ->  y=[1x5504]  (T=1, K=706)
  - op#05  op=SwiGLU   shard=0   a=[1x5504] + b=[1x5504]  ->  y=[1x5504]  (T=1, K=706)
  - op#06  op=SwiGLU   shard=1   a=[1x5504] + b=[1x5504]  ->  y=[1x5504]  (T=1, K=706)
  - op#07  op=Add      shard=-1  a=[1x4096] + b=[1x4096]  ->  y=[1x4096]  (T=1, K=706)
[gpu-debug] per-op timing breakdown (avg over iters):
  idx  op       sh  io                                                    time   est_flops    TFLOPs       bytes      GB/s
  ------------------------------------------------------------------------------------------------------------------------
    0  LN       -1  x[1x4096]+w[4096]->y[1x4096]                        0.068ms    20.480 K      0.00   24.00 KiB      0.36
    1  Add      -1  a[1x4096]+b[1x4096]->y[1x4096]                      0.017ms     4.096 K      0.00   24.00 KiB      1.45
    2  LN       -1  x[1x4096]+w[4096]->y[1x4096]                        0.058ms    20.480 K      0.00   24.00 KiB      0.42
    3  FFN_W3    0  x[1x4096]+w[5504x4096]->y[1x5504]                   0.058ms    45.089 M      0.77   43.02 MiB    772.82
    4  FFN_W3    1  x[1x4096]+w[5504x4096]->y[1x5504]                   0.040ms    45.089 M      1.13   43.02 MiB   1129.51
    5  SwiGLU    0  a[1x5504]+b[1x5504]->y[1x5504]                      0.009ms    33.024 K      0.00   32.25 KiB      3.79
    6  SwiGLU    1  a[1x5504]+b[1x5504]->y[1x5504]                      0.014ms    33.024 K      0.00   32.25 KiB      2.29
    7  Add      -1  a[1x4096]+b[1x4096]->y[1x4096]                      0.016ms     4.096 K      0.00   24.00 KiB      1.50
[gpu-debug] segment avg latency (cuda_events): 0.181 ms
[gpu-debug] sum(per-op)               : 0.281 ms (ratio=1.554)
[gpu-debug] NOTE: sum(per-op) may differ from segment latency due to Python overhead, event/launch overhead, and allocator/cache effects.
[gpu-debug] cuda mem before warmup: alloc=96.15 MiB reserved=110.00 MiB
[gpu-debug] cuda mem after warmup : alloc=96.15 MiB reserved=110.00 MiB
[gpu-debug] cuda mem peak (this segment): max_alloc=96.17 MiB max_reserved=110.00 MiB
========================================================================================
[gpu-debug] segment_key=npu|decode|39|ff6dcf33668f3ebc9cf61e7eb43c6a84
[gpu-debug] sig: device_type=npu phase=decode step=39 (count_hint=32)
[gpu-debug] ops_repr: LN:-1,Add:-1,LN:-1,FFN_W3:0,FFN_W3:1,SwiGLU:0,SwiGLU:1,Add:-1
[gpu-debug] cfg: device=cuda dtype=torch.bfloat16 dim=4096 ffn_dim=11008 n_heads=32 shards=2
[gpu-debug] op plan (with inferred tensor shapes):
  - op#00  op=LN       shard=-1  x=[1x4096] + w=[4096]  ->  y=[1x4096]  (T=1, K=718)
  - op#01  op=Add      shard=-1  a=[1x4096] + b=[1x4096]  ->  y=[1x4096]  (T=1, K=718)
  - op#02  op=LN       shard=-1  x=[1x4096] + w=[4096]  ->  y=[1x4096]  (T=1, K=718)
  - op#03  op=FFN_W3   shard=0   x=[1x4096] + w=[5504x4096]  ->  y=[1x5504]  (T=1, K=718)
  - op#04  op=FFN_W3   shard=1   x=[1x4096] + w=[5504x4096]  ->  y=[1x5504]  (T=1, K=718)
  - op#05  op=SwiGLU   shard=0   a=[1x5504] + b=[1x5504]  ->  y=[1x5504]  (T=1, K=718)
  - op#06  op=SwiGLU   shard=1   a=[1x5504] + b=[1x5504]  ->  y=[1x5504]  (T=1, K=718)
  - op#07  op=Add      shard=-1  a=[1x4096] + b=[1x4096]  ->  y=[1x4096]  (T=1, K=718)
[gpu-debug] per-op timing breakdown (avg over iters):
  idx  op       sh  io                                                    time   est_flops    TFLOPs       bytes      GB/s
  ------------------------------------------------------------------------------------------------------------------------
    0  LN       -1  x[1x4096]+w[4096]->y[1x4096]                        0.068ms    20.480 K      0.00   24.00 KiB      0.36
    1  Add      -1  a[1x4096]+b[1x4096]->y[1x4096]                      0.017ms     4.096 K      0.00   24.00 KiB      1.46
    2  LN       -1  x[1x4096]+w[4096]->y[1x4096]                        0.058ms    20.480 K      0.00   24.00 KiB      0.43
    3  FFN_W3    0  x[1x4096]+w[5504x4096]->y[1x5504]                   0.059ms    45.089 M      0.76   43.02 MiB    764.77
    4  FFN_W3    1  x[1x4096]+w[5504x4096]->y[1x5504]                   0.040ms    45.089 M      1.12   43.02 MiB   1123.74
    5  SwiGLU    0  a[1x5504]+b[1x5504]->y[1x5504]                      0.009ms    33.024 K      0.00   32.25 KiB      3.71
    6  SwiGLU    1  a[1x5504]+b[1x5504]->y[1x5504]                      0.016ms    33.024 K      0.00   32.25 KiB      2.04
    7  Add      -1  a[1x4096]+b[1x4096]->y[1x4096]                      0.016ms     4.096 K      0.00   24.00 KiB      1.50
[gpu-debug] segment avg latency (cuda_events): 0.184 ms
[gpu-debug] sum(per-op)               : 0.283 ms (ratio=1.534)
[gpu-debug] NOTE: sum(per-op) may differ from segment latency due to Python overhead, event/launch overhead, and allocator/cache effects.
[gpu-debug] cuda mem before warmup: alloc=96.15 MiB reserved=110.00 MiB
[gpu-debug] cuda mem after warmup : alloc=96.15 MiB reserved=110.00 MiB
[gpu-debug] cuda mem peak (this segment): max_alloc=96.17 MiB max_reserved=110.00 MiB
========================================================================================
[gpu-debug] segment_key=npu|decode|3|ff6dcf33668f3ebc9cf61e7eb43c6a84
[gpu-debug] sig: device_type=npu phase=decode step=3 (count_hint=32)
[gpu-debug] ops_repr: LN:-1,Add:-1,LN:-1,FFN_W3:0,FFN_W3:1,SwiGLU:0,SwiGLU:1,Add:-1
[gpu-debug] cfg: device=cuda dtype=torch.bfloat16 dim=4096 ffn_dim=11008 n_heads=32 shards=2
[gpu-debug] op plan (with inferred tensor shapes):
  - op#00  op=LN       shard=-1  x=[1x4096] + w=[4096]  ->  y=[1x4096]  (T=1, K=286)
  - op#01  op=Add      shard=-1  a=[1x4096] + b=[1x4096]  ->  y=[1x4096]  (T=1, K=286)
  - op#02  op=LN       shard=-1  x=[1x4096] + w=[4096]  ->  y=[1x4096]  (T=1, K=286)
  - op#03  op=FFN_W3   shard=0   x=[1x4096] + w=[5504x4096]  ->  y=[1x5504]  (T=1, K=286)
  - op#04  op=FFN_W3   shard=1   x=[1x4096] + w=[5504x4096]  ->  y=[1x5504]  (T=1, K=286)
  - op#05  op=SwiGLU   shard=0   a=[1x5504] + b=[1x5504]  ->  y=[1x5504]  (T=1, K=286)
  - op#06  op=SwiGLU   shard=1   a=[1x5504] + b=[1x5504]  ->  y=[1x5504]  (T=1, K=286)
  - op#07  op=Add      shard=-1  a=[1x4096] + b=[1x4096]  ->  y=[1x4096]  (T=1, K=286)
[gpu-debug] per-op timing breakdown (avg over iters):
  idx  op       sh  io                                                    time   est_flops    TFLOPs       bytes      GB/s
  ------------------------------------------------------------------------------------------------------------------------
    0  LN       -1  x[1x4096]+w[4096]->y[1x4096]                        0.067ms    20.480 K      0.00   24.00 KiB      0.37
    1  Add      -1  a[1x4096]+b[1x4096]->y[1x4096]                      0.017ms     4.096 K      0.00   24.00 KiB      1.42
    2  LN       -1  x[1x4096]+w[4096]->y[1x4096]                        0.059ms    20.480 K      0.00   24.00 KiB      0.42
    3  FFN_W3    0  x[1x4096]+w[5504x4096]->y[1x5504]                   0.059ms    45.089 M      0.76   43.02 MiB    762.12
    4  FFN_W3    1  x[1x4096]+w[5504x4096]->y[1x5504]                   0.040ms    45.089 M      1.13   43.02 MiB   1126.62
    5  SwiGLU    0  a[1x5504]+b[1x5504]->y[1x5504]                      0.009ms    33.024 K      0.00   32.25 KiB      3.75
    6  SwiGLU    1  a[1x5504]+b[1x5504]->y[1x5504]                      0.014ms    33.024 K      0.00   32.25 KiB      2.37
    7  Add      -1  a[1x4096]+b[1x4096]->y[1x4096]                      0.017ms     4.096 K      0.00   24.00 KiB      1.47
[gpu-debug] segment avg latency (cuda_events): 0.181 ms
[gpu-debug] sum(per-op)               : 0.281 ms (ratio=1.557)
[gpu-debug] NOTE: sum(per-op) may differ from segment latency due to Python overhead, event/launch overhead, and allocator/cache effects.
[gpu-debug] cuda mem before warmup: alloc=96.15 MiB reserved=110.00 MiB
[gpu-debug] cuda mem after warmup : alloc=96.15 MiB reserved=110.00 MiB
[gpu-debug] cuda mem peak (this segment): max_alloc=96.17 MiB max_reserved=110.00 MiB
========================================================================================
[gpu-debug] segment_key=npu|decode|40|ff6dcf33668f3ebc9cf61e7eb43c6a84
[gpu-debug] sig: device_type=npu phase=decode step=40 (count_hint=32)
[gpu-debug] ops_repr: LN:-1,Add:-1,LN:-1,FFN_W3:0,FFN_W3:1,SwiGLU:0,SwiGLU:1,Add:-1
[gpu-debug] cfg: device=cuda dtype=torch.bfloat16 dim=4096 ffn_dim=11008 n_heads=32 shards=2
[gpu-debug] op plan (with inferred tensor shapes):
  - op#00  op=LN       shard=-1  x=[1x4096] + w=[4096]  ->  y=[1x4096]  (T=1, K=730)
  - op#01  op=Add      shard=-1  a=[1x4096] + b=[1x4096]  ->  y=[1x4096]  (T=1, K=730)
  - op#02  op=LN       shard=-1  x=[1x4096] + w=[4096]  ->  y=[1x4096]  (T=1, K=730)
  - op#03  op=FFN_W3   shard=0   x=[1x4096] + w=[5504x4096]  ->  y=[1x5504]  (T=1, K=730)
  - op#04  op=FFN_W3   shard=1   x=[1x4096] + w=[5504x4096]  ->  y=[1x5504]  (T=1, K=730)
  - op#05  op=SwiGLU   shard=0   a=[1x5504] + b=[1x5504]  ->  y=[1x5504]  (T=1, K=730)
  - op#06  op=SwiGLU   shard=1   a=[1x5504] + b=[1x5504]  ->  y=[1x5504]  (T=1, K=730)
  - op#07  op=Add      shard=-1  a=[1x4096] + b=[1x4096]  ->  y=[1x4096]  (T=1, K=730)
[gpu-debug] per-op timing breakdown (avg over iters):
  idx  op       sh  io                                                    time   est_flops    TFLOPs       bytes      GB/s
  ------------------------------------------------------------------------------------------------------------------------
    0  LN       -1  x[1x4096]+w[4096]->y[1x4096]                        0.067ms    20.480 K      0.00   24.00 KiB      0.36
    1  Add      -1  a[1x4096]+b[1x4096]->y[1x4096]                      0.017ms     4.096 K      0.00   24.00 KiB      1.47
    2  LN       -1  x[1x4096]+w[4096]->y[1x4096]                        0.057ms    20.480 K      0.00   24.00 KiB      0.43
    3  FFN_W3    0  x[1x4096]+w[5504x4096]->y[1x5504]                   0.059ms    45.089 M      0.77   43.02 MiB    766.10
    4  FFN_W3    1  x[1x4096]+w[5504x4096]->y[1x5504]                   0.040ms    45.089 M      1.13   43.02 MiB   1129.51
    5  SwiGLU    0  a[1x5504]+b[1x5504]->y[1x5504]                      0.009ms    33.024 K      0.00   32.25 KiB      3.71
    6  SwiGLU    1  a[1x5504]+b[1x5504]->y[1x5504]                      0.014ms    33.024 K      0.00   32.25 KiB      2.35
    7  Add      -1  a[1x4096]+b[1x4096]->y[1x4096]                      0.017ms     4.096 K      0.00   24.00 KiB      1.45
[gpu-debug] segment avg latency (cuda_events): 0.180 ms
[gpu-debug] sum(per-op)               : 0.280 ms (ratio=1.555)
[gpu-debug] NOTE: sum(per-op) may differ from segment latency due to Python overhead, event/launch overhead, and allocator/cache effects.
[gpu-debug] cuda mem before warmup: alloc=96.15 MiB reserved=110.00 MiB
[gpu-debug] cuda mem after warmup : alloc=96.15 MiB reserved=110.00 MiB
[gpu-debug] cuda mem peak (this segment): max_alloc=96.17 MiB max_reserved=110.00 MiB
========================================================================================
[gpu-debug] segment_key=npu|decode|41|ff6dcf33668f3ebc9cf61e7eb43c6a84
[gpu-debug] sig: device_type=npu phase=decode step=41 (count_hint=32)
[gpu-debug] ops_repr: LN:-1,Add:-1,LN:-1,FFN_W3:0,FFN_W3:1,SwiGLU:0,SwiGLU:1,Add:-1
[gpu-debug] cfg: device=cuda dtype=torch.bfloat16 dim=4096 ffn_dim=11008 n_heads=32 shards=2
[gpu-debug] op plan (with inferred tensor shapes):
  - op#00  op=LN       shard=-1  x=[1x4096] + w=[4096]  ->  y=[1x4096]  (T=1, K=742)
  - op#01  op=Add      shard=-1  a=[1x4096] + b=[1x4096]  ->  y=[1x4096]  (T=1, K=742)
  - op#02  op=LN       shard=-1  x=[1x4096] + w=[4096]  ->  y=[1x4096]  (T=1, K=742)
  - op#03  op=FFN_W3   shard=0   x=[1x4096] + w=[5504x4096]  ->  y=[1x5504]  (T=1, K=742)
  - op#04  op=FFN_W3   shard=1   x=[1x4096] + w=[5504x4096]  ->  y=[1x5504]  (T=1, K=742)
  - op#05  op=SwiGLU   shard=0   a=[1x5504] + b=[1x5504]  ->  y=[1x5504]  (T=1, K=742)
  - op#06  op=SwiGLU   shard=1   a=[1x5504] + b=[1x5504]  ->  y=[1x5504]  (T=1, K=742)
  - op#07  op=Add      shard=-1  a=[1x4096] + b=[1x4096]  ->  y=[1x4096]  (T=1, K=742)
[gpu-debug] per-op timing breakdown (avg over iters):
  idx  op       sh  io                                                    time   est_flops    TFLOPs       bytes      GB/s
  ------------------------------------------------------------------------------------------------------------------------
    0  LN       -1  x[1x4096]+w[4096]->y[1x4096]                        0.067ms    20.480 K      0.00   24.00 KiB      0.37
    1  Add      -1  a[1x4096]+b[1x4096]->y[1x4096]                      0.017ms     4.096 K      0.00   24.00 KiB      1.47
    2  LN       -1  x[1x4096]+w[4096]->y[1x4096]                        0.058ms    20.480 K      0.00   24.00 KiB      0.43
    3  FFN_W3    0  x[1x4096]+w[5504x4096]->y[1x5504]                   0.058ms    45.089 M      0.77   43.02 MiB    774.18
    4  FFN_W3    1  x[1x4096]+w[5504x4096]->y[1x5504]                   0.040ms    45.089 M      1.13   43.02 MiB   1129.51
    5  SwiGLU    0  a[1x5504]+b[1x5504]->y[1x5504]                      0.009ms    33.024 K      0.00   32.25 KiB      3.62
    6  SwiGLU    1  a[1x5504]+b[1x5504]->y[1x5504]                      0.016ms    33.024 K      0.00   32.25 KiB      2.05
    7  Add      -1  a[1x4096]+b[1x4096]->y[1x4096]                      0.017ms     4.096 K      0.00   24.00 KiB      1.48
[gpu-debug] segment avg latency (cuda_events): 0.179 ms
[gpu-debug] sum(per-op)               : 0.281 ms (ratio=1.569)
[gpu-debug] NOTE: sum(per-op) may differ from segment latency due to Python overhead, event/launch overhead, and allocator/cache effects.
[gpu-debug] cuda mem before warmup: alloc=96.15 MiB reserved=110.00 MiB
[gpu-debug] cuda mem after warmup : alloc=96.15 MiB reserved=110.00 MiB
[gpu-debug] cuda mem peak (this segment): max_alloc=96.17 MiB max_reserved=110.00 MiB
========================================================================================
[gpu-debug] segment_key=npu|decode|42|ff6dcf33668f3ebc9cf61e7eb43c6a84
[gpu-debug] sig: device_type=npu phase=decode step=42 (count_hint=32)
[gpu-debug] ops_repr: LN:-1,Add:-1,LN:-1,FFN_W3:0,FFN_W3:1,SwiGLU:0,SwiGLU:1,Add:-1
[gpu-debug] cfg: device=cuda dtype=torch.bfloat16 dim=4096 ffn_dim=11008 n_heads=32 shards=2
[gpu-debug] op plan (with inferred tensor shapes):
  - op#00  op=LN       shard=-1  x=[1x4096] + w=[4096]  ->  y=[1x4096]  (T=1, K=754)
  - op#01  op=Add      shard=-1  a=[1x4096] + b=[1x4096]  ->  y=[1x4096]  (T=1, K=754)
  - op#02  op=LN       shard=-1  x=[1x4096] + w=[4096]  ->  y=[1x4096]  (T=1, K=754)
  - op#03  op=FFN_W3   shard=0   x=[1x4096] + w=[5504x4096]  ->  y=[1x5504]  (T=1, K=754)
  - op#04  op=FFN_W3   shard=1   x=[1x4096] + w=[5504x4096]  ->  y=[1x5504]  (T=1, K=754)
  - op#05  op=SwiGLU   shard=0   a=[1x5504] + b=[1x5504]  ->  y=[1x5504]  (T=1, K=754)
  - op#06  op=SwiGLU   shard=1   a=[1x5504] + b=[1x5504]  ->  y=[1x5504]  (T=1, K=754)
  - op#07  op=Add      shard=-1  a=[1x4096] + b=[1x4096]  ->  y=[1x4096]  (T=1, K=754)
[gpu-debug] per-op timing breakdown (avg over iters):
  idx  op       sh  io                                                    time   est_flops    TFLOPs       bytes      GB/s
  ------------------------------------------------------------------------------------------------------------------------
    0  LN       -1  x[1x4096]+w[4096]->y[1x4096]                        0.066ms    20.480 K      0.00   24.00 KiB      0.37
    1  Add      -1  a[1x4096]+b[1x4096]->y[1x4096]                      0.017ms     4.096 K      0.00   24.00 KiB      1.46
    2  LN       -1  x[1x4096]+w[4096]->y[1x4096]                        0.059ms    20.480 K      0.00   24.00 KiB      0.42
    3  FFN_W3    0  x[1x4096]+w[5504x4096]->y[1x5504]                   0.059ms    45.089 M      0.76   43.02 MiB    759.50
    4  FFN_W3    1  x[1x4096]+w[5504x4096]->y[1x5504]                   0.040ms    45.089 M      1.13   43.02 MiB   1126.62
    5  SwiGLU    0  a[1x5504]+b[1x5504]->y[1x5504]                      0.009ms    33.024 K      0.00   32.25 KiB      3.66
    6  SwiGLU    1  a[1x5504]+b[1x5504]->y[1x5504]                      0.015ms    33.024 K      0.00   32.25 KiB      2.14
    7  Add      -1  a[1x4096]+b[1x4096]->y[1x4096]                      0.016ms     4.096 K      0.00   24.00 KiB      1.51
[gpu-debug] segment avg latency (cuda_events): 0.180 ms
[gpu-debug] sum(per-op)               : 0.282 ms (ratio=1.569)
[gpu-debug] NOTE: sum(per-op) may differ from segment latency due to Python overhead, event/launch overhead, and allocator/cache effects.
[gpu-debug] cuda mem before warmup: alloc=96.15 MiB reserved=110.00 MiB
[gpu-debug] cuda mem after warmup : alloc=96.15 MiB reserved=110.00 MiB
[gpu-debug] cuda mem peak (this segment): max_alloc=96.17 MiB max_reserved=110.00 MiB
========================================================================================
[gpu-debug] segment_key=npu|decode|43|ff6dcf33668f3ebc9cf61e7eb43c6a84
[gpu-debug] sig: device_type=npu phase=decode step=43 (count_hint=32)
[gpu-debug] ops_repr: LN:-1,Add:-1,LN:-1,FFN_W3:0,FFN_W3:1,SwiGLU:0,SwiGLU:1,Add:-1
[gpu-debug] cfg: device=cuda dtype=torch.bfloat16 dim=4096 ffn_dim=11008 n_heads=32 shards=2
[gpu-debug] op plan (with inferred tensor shapes):
  - op#00  op=LN       shard=-1  x=[1x4096] + w=[4096]  ->  y=[1x4096]  (T=1, K=766)
  - op#01  op=Add      shard=-1  a=[1x4096] + b=[1x4096]  ->  y=[1x4096]  (T=1, K=766)
  - op#02  op=LN       shard=-1  x=[1x4096] + w=[4096]  ->  y=[1x4096]  (T=1, K=766)
  - op#03  op=FFN_W3   shard=0   x=[1x4096] + w=[5504x4096]  ->  y=[1x5504]  (T=1, K=766)
  - op#04  op=FFN_W3   shard=1   x=[1x4096] + w=[5504x4096]  ->  y=[1x5504]  (T=1, K=766)
  - op#05  op=SwiGLU   shard=0   a=[1x5504] + b=[1x5504]  ->  y=[1x5504]  (T=1, K=766)
  - op#06  op=SwiGLU   shard=1   a=[1x5504] + b=[1x5504]  ->  y=[1x5504]  (T=1, K=766)
  - op#07  op=Add      shard=-1  a=[1x4096] + b=[1x4096]  ->  y=[1x4096]  (T=1, K=766)
[gpu-debug] per-op timing breakdown (avg over iters):
  idx  op       sh  io                                                    time   est_flops    TFLOPs       bytes      GB/s
  ------------------------------------------------------------------------------------------------------------------------
    0  LN       -1  x[1x4096]+w[4096]->y[1x4096]                        0.067ms    20.480 K      0.00   24.00 KiB      0.37
    1  Add      -1  a[1x4096]+b[1x4096]->y[1x4096]                      0.016ms     4.096 K      0.00   24.00 KiB      1.49
    2  LN       -1  x[1x4096]+w[4096]->y[1x4096]                        0.057ms    20.480 K      0.00   24.00 KiB      0.43
    3  FFN_W3    0  x[1x4096]+w[5504x4096]->y[1x5504]                   0.058ms    45.089 M      0.77   43.02 MiB    774.18
    4  FFN_W3    1  x[1x4096]+w[5504x4096]->y[1x5504]                   0.040ms    45.089 M      1.13   43.02 MiB   1129.51
    5  SwiGLU    0  a[1x5504]+b[1x5504]->y[1x5504]                      0.009ms    33.024 K      0.00   32.25 KiB      3.62
    6  SwiGLU    1  a[1x5504]+b[1x5504]->y[1x5504]                      0.014ms    33.024 K      0.00   32.25 KiB      2.30
    7  Add      -1  a[1x4096]+b[1x4096]->y[1x4096]                      0.016ms     4.096 K      0.00   24.00 KiB      1.49
[gpu-debug] segment avg latency (cuda_events): 0.181 ms
[gpu-debug] sum(per-op)               : 0.279 ms (ratio=1.546)
[gpu-debug] NOTE: sum(per-op) may differ from segment latency due to Python overhead, event/launch overhead, and allocator/cache effects.
[gpu-debug] cuda mem before warmup: alloc=96.15 MiB reserved=110.00 MiB
[gpu-debug] cuda mem after warmup : alloc=96.15 MiB reserved=110.00 MiB
[gpu-debug] cuda mem peak (this segment): max_alloc=96.17 MiB max_reserved=110.00 MiB
========================================================================================
[gpu-debug] segment_key=npu|decode|44|ff6dcf33668f3ebc9cf61e7eb43c6a84
[gpu-debug] sig: device_type=npu phase=decode step=44 (count_hint=32)
[gpu-debug] ops_repr: LN:-1,Add:-1,LN:-1,FFN_W3:0,FFN_W3:1,SwiGLU:0,SwiGLU:1,Add:-1
[gpu-debug] cfg: device=cuda dtype=torch.bfloat16 dim=4096 ffn_dim=11008 n_heads=32 shards=2
[gpu-debug] op plan (with inferred tensor shapes):
  - op#00  op=LN       shard=-1  x=[1x4096] + w=[4096]  ->  y=[1x4096]  (T=1, K=778)
  - op#01  op=Add      shard=-1  a=[1x4096] + b=[1x4096]  ->  y=[1x4096]  (T=1, K=778)
  - op#02  op=LN       shard=-1  x=[1x4096] + w=[4096]  ->  y=[1x4096]  (T=1, K=778)
  - op#03  op=FFN_W3   shard=0   x=[1x4096] + w=[5504x4096]  ->  y=[1x5504]  (T=1, K=778)
  - op#04  op=FFN_W3   shard=1   x=[1x4096] + w=[5504x4096]  ->  y=[1x5504]  (T=1, K=778)
  - op#05  op=SwiGLU   shard=0   a=[1x5504] + b=[1x5504]  ->  y=[1x5504]  (T=1, K=778)
  - op#06  op=SwiGLU   shard=1   a=[1x5504] + b=[1x5504]  ->  y=[1x5504]  (T=1, K=778)
  - op#07  op=Add      shard=-1  a=[1x4096] + b=[1x4096]  ->  y=[1x4096]  (T=1, K=778)
[gpu-debug] per-op timing breakdown (avg over iters):
  idx  op       sh  io                                                    time   est_flops    TFLOPs       bytes      GB/s
  ------------------------------------------------------------------------------------------------------------------------
    0  LN       -1  x[1x4096]+w[4096]->y[1x4096]                        0.066ms    20.480 K      0.00   24.00 KiB      0.37
    1  Add      -1  a[1x4096]+b[1x4096]->y[1x4096]                      0.017ms     4.096 K      0.00   24.00 KiB      1.47
    2  LN       -1  x[1x4096]+w[4096]->y[1x4096]                        0.058ms    20.480 K      0.00   24.00 KiB      0.42
    3  FFN_W3    0  x[1x4096]+w[5504x4096]->y[1x5504]                   0.059ms    45.089 M      0.77   43.02 MiB    768.77
    4  FFN_W3    1  x[1x4096]+w[5504x4096]->y[1x5504]                   0.040ms    45.089 M      1.13   43.02 MiB   1132.41
    5  SwiGLU    0  a[1x5504]+b[1x5504]->y[1x5504]                      0.009ms    33.024 K      0.00   32.25 KiB      3.75
    6  SwiGLU    1  a[1x5504]+b[1x5504]->y[1x5504]                      0.016ms    33.024 K      0.00   32.25 KiB      2.03
    7  Add      -1  a[1x4096]+b[1x4096]->y[1x4096]                      0.016ms     4.096 K      0.00   24.00 KiB      1.51
[gpu-debug] segment avg latency (cuda_events): 0.180 ms
[gpu-debug] sum(per-op)               : 0.281 ms (ratio=1.565)
[gpu-debug] NOTE: sum(per-op) may differ from segment latency due to Python overhead, event/launch overhead, and allocator/cache effects.
[gpu-debug] cuda mem before warmup: alloc=96.15 MiB reserved=110.00 MiB
[gpu-debug] cuda mem after warmup : alloc=96.15 MiB reserved=110.00 MiB
[gpu-debug] cuda mem peak (this segment): max_alloc=96.17 MiB max_reserved=110.00 MiB
========================================================================================
[gpu-debug] segment_key=npu|decode|45|ff6dcf33668f3ebc9cf61e7eb43c6a84
[gpu-debug] sig: device_type=npu phase=decode step=45 (count_hint=32)
[gpu-debug] ops_repr: LN:-1,Add:-1,LN:-1,FFN_W3:0,FFN_W3:1,SwiGLU:0,SwiGLU:1,Add:-1
[gpu-debug] cfg: device=cuda dtype=torch.bfloat16 dim=4096 ffn_dim=11008 n_heads=32 shards=2
[gpu-debug] op plan (with inferred tensor shapes):
  - op#00  op=LN       shard=-1  x=[1x4096] + w=[4096]  ->  y=[1x4096]  (T=1, K=790)
  - op#01  op=Add      shard=-1  a=[1x4096] + b=[1x4096]  ->  y=[1x4096]  (T=1, K=790)
  - op#02  op=LN       shard=-1  x=[1x4096] + w=[4096]  ->  y=[1x4096]  (T=1, K=790)
  - op#03  op=FFN_W3   shard=0   x=[1x4096] + w=[5504x4096]  ->  y=[1x5504]  (T=1, K=790)
  - op#04  op=FFN_W3   shard=1   x=[1x4096] + w=[5504x4096]  ->  y=[1x5504]  (T=1, K=790)
  - op#05  op=SwiGLU   shard=0   a=[1x5504] + b=[1x5504]  ->  y=[1x5504]  (T=1, K=790)
  - op#06  op=SwiGLU   shard=1   a=[1x5504] + b=[1x5504]  ->  y=[1x5504]  (T=1, K=790)
  - op#07  op=Add      shard=-1  a=[1x4096] + b=[1x4096]  ->  y=[1x4096]  (T=1, K=790)
[gpu-debug] per-op timing breakdown (avg over iters):
  idx  op       sh  io                                                    time   est_flops    TFLOPs       bytes      GB/s
  ------------------------------------------------------------------------------------------------------------------------
    0  LN       -1  x[1x4096]+w[4096]->y[1x4096]                        0.067ms    20.480 K      0.00   24.00 KiB      0.37
    1  Add      -1  a[1x4096]+b[1x4096]->y[1x4096]                      0.017ms     4.096 K      0.00   24.00 KiB      1.47
    2  LN       -1  x[1x4096]+w[4096]->y[1x4096]                        0.058ms    20.480 K      0.00   24.00 KiB      0.42
    3  FFN_W3    0  x[1x4096]+w[5504x4096]->y[1x5504]                   0.059ms    45.089 M      0.76   43.02 MiB    763.44
    4  FFN_W3    1  x[1x4096]+w[5504x4096]->y[1x5504]                   0.040ms    45.089 M      1.13   43.02 MiB   1129.51
    5  SwiGLU    0  a[1x5504]+b[1x5504]->y[1x5504]                      0.009ms    33.024 K      0.00   32.25 KiB      3.71
    6  SwiGLU    1  a[1x5504]+b[1x5504]->y[1x5504]                      0.015ms    33.024 K      0.00   32.25 KiB      2.27
    7  Add      -1  a[1x4096]+b[1x4096]->y[1x4096]                      0.017ms     4.096 K      0.00   24.00 KiB      1.47
[gpu-debug] segment avg latency (cuda_events): 0.180 ms
[gpu-debug] sum(per-op)               : 0.281 ms (ratio=1.563)
[gpu-debug] NOTE: sum(per-op) may differ from segment latency due to Python overhead, event/launch overhead, and allocator/cache effects.
[gpu-debug] cuda mem before warmup: alloc=96.15 MiB reserved=110.00 MiB
[gpu-debug] cuda mem after warmup : alloc=96.15 MiB reserved=110.00 MiB
[gpu-debug] cuda mem peak (this segment): max_alloc=96.17 MiB max_reserved=110.00 MiB
========================================================================================
[gpu-debug] segment_key=npu|decode|46|ff6dcf33668f3ebc9cf61e7eb43c6a84
[gpu-debug] sig: device_type=npu phase=decode step=46 (count_hint=32)
[gpu-debug] ops_repr: LN:-1,Add:-1,LN:-1,FFN_W3:0,FFN_W3:1,SwiGLU:0,SwiGLU:1,Add:-1
[gpu-debug] cfg: device=cuda dtype=torch.bfloat16 dim=4096 ffn_dim=11008 n_heads=32 shards=2
[gpu-debug] op plan (with inferred tensor shapes):
  - op#00  op=LN       shard=-1  x=[1x4096] + w=[4096]  ->  y=[1x4096]  (T=1, K=802)
  - op#01  op=Add      shard=-1  a=[1x4096] + b=[1x4096]  ->  y=[1x4096]  (T=1, K=802)
  - op#02  op=LN       shard=-1  x=[1x4096] + w=[4096]  ->  y=[1x4096]  (T=1, K=802)
  - op#03  op=FFN_W3   shard=0   x=[1x4096] + w=[5504x4096]  ->  y=[1x5504]  (T=1, K=802)
  - op#04  op=FFN_W3   shard=1   x=[1x4096] + w=[5504x4096]  ->  y=[1x5504]  (T=1, K=802)
  - op#05  op=SwiGLU   shard=0   a=[1x5504] + b=[1x5504]  ->  y=[1x5504]  (T=1, K=802)
  - op#06  op=SwiGLU   shard=1   a=[1x5504] + b=[1x5504]  ->  y=[1x5504]  (T=1, K=802)
  - op#07  op=Add      shard=-1  a=[1x4096] + b=[1x4096]  ->  y=[1x4096]  (T=1, K=802)
[gpu-debug] per-op timing breakdown (avg over iters):
  idx  op       sh  io                                                    time   est_flops    TFLOPs       bytes      GB/s
  ------------------------------------------------------------------------------------------------------------------------
    0  LN       -1  x[1x4096]+w[4096]->y[1x4096]                        0.067ms    20.480 K      0.00   24.00 KiB      0.37
    1  Add      -1  a[1x4096]+b[1x4096]->y[1x4096]                      0.017ms     4.096 K      0.00   24.00 KiB      1.46
    2  LN       -1  x[1x4096]+w[4096]->y[1x4096]                        0.058ms    20.480 K      0.00   24.00 KiB      0.43
    3  FFN_W3    0  x[1x4096]+w[5504x4096]->y[1x5504]                   0.058ms    45.089 M      0.77   43.02 MiB    771.47
    4  FFN_W3    1  x[1x4096]+w[5504x4096]->y[1x5504]                   0.040ms    45.089 M      1.13   43.02 MiB   1129.51
    5  SwiGLU    0  a[1x5504]+b[1x5504]->y[1x5504]                      0.009ms    33.024 K      0.00   32.25 KiB      3.75
    6  SwiGLU    1  a[1x5504]+b[1x5504]->y[1x5504]                      0.016ms    33.024 K      0.00   32.25 KiB      2.05
    7  Add      -1  a[1x4096]+b[1x4096]->y[1x4096]                      0.016ms     4.096 K      0.00   24.00 KiB      1.52
[gpu-debug] segment avg latency (cuda_events): 0.181 ms
[gpu-debug] sum(per-op)               : 0.281 ms (ratio=1.547)
[gpu-debug] NOTE: sum(per-op) may differ from segment latency due to Python overhead, event/launch overhead, and allocator/cache effects.
[gpu-debug] cuda mem before warmup: alloc=96.15 MiB reserved=110.00 MiB
[gpu-debug] cuda mem after warmup : alloc=96.15 MiB reserved=110.00 MiB
[gpu-debug] cuda mem peak (this segment): max_alloc=96.17 MiB max_reserved=110.00 MiB
========================================================================================
[gpu-debug] segment_key=npu|decode|47|ff6dcf33668f3ebc9cf61e7eb43c6a84
[gpu-debug] sig: device_type=npu phase=decode step=47 (count_hint=32)
[gpu-debug] ops_repr: LN:-1,Add:-1,LN:-1,FFN_W3:0,FFN_W3:1,SwiGLU:0,SwiGLU:1,Add:-1
[gpu-debug] cfg: device=cuda dtype=torch.bfloat16 dim=4096 ffn_dim=11008 n_heads=32 shards=2
[gpu-debug] op plan (with inferred tensor shapes):
  - op#00  op=LN       shard=-1  x=[1x4096] + w=[4096]  ->  y=[1x4096]  (T=1, K=814)
  - op#01  op=Add      shard=-1  a=[1x4096] + b=[1x4096]  ->  y=[1x4096]  (T=1, K=814)
  - op#02  op=LN       shard=-1  x=[1x4096] + w=[4096]  ->  y=[1x4096]  (T=1, K=814)
  - op#03  op=FFN_W3   shard=0   x=[1x4096] + w=[5504x4096]  ->  y=[1x5504]  (T=1, K=814)
  - op#04  op=FFN_W3   shard=1   x=[1x4096] + w=[5504x4096]  ->  y=[1x5504]  (T=1, K=814)
  - op#05  op=SwiGLU   shard=0   a=[1x5504] + b=[1x5504]  ->  y=[1x5504]  (T=1, K=814)
  - op#06  op=SwiGLU   shard=1   a=[1x5504] + b=[1x5504]  ->  y=[1x5504]  (T=1, K=814)
  - op#07  op=Add      shard=-1  a=[1x4096] + b=[1x4096]  ->  y=[1x4096]  (T=1, K=814)
[gpu-debug] per-op timing breakdown (avg over iters):
  idx  op       sh  io                                                    time   est_flops    TFLOPs       bytes      GB/s
  ------------------------------------------------------------------------------------------------------------------------
    0  LN       -1  x[1x4096]+w[4096]->y[1x4096]                        0.066ms    20.480 K      0.00   24.00 KiB      0.37
    1  Add      -1  a[1x4096]+b[1x4096]->y[1x4096]                      0.016ms     4.096 K      0.00   24.00 KiB      1.49
    2  LN       -1  x[1x4096]+w[4096]->y[1x4096]                        0.058ms    20.480 K      0.00   24.00 KiB      0.42
    3  FFN_W3    0  x[1x4096]+w[5504x4096]->y[1x5504]                   0.059ms    45.089 M      0.76   43.02 MiB    760.81
    4  FFN_W3    1  x[1x4096]+w[5504x4096]->y[1x5504]                   0.040ms    45.089 M      1.13   43.02 MiB   1129.51
    5  SwiGLU    0  a[1x5504]+b[1x5504]->y[1x5504]                      0.009ms    33.024 K      0.00   32.25 KiB      3.75
    6  SwiGLU    1  a[1x5504]+b[1x5504]->y[1x5504]                      0.014ms    33.024 K      0.00   32.25 KiB      2.29
    7  Add      -1  a[1x4096]+b[1x4096]->y[1x4096]                      0.017ms     4.096 K      0.00   24.00 KiB      1.47
[gpu-debug] segment avg latency (cuda_events): 0.180 ms
[gpu-debug] sum(per-op)               : 0.280 ms (ratio=1.555)
[gpu-debug] NOTE: sum(per-op) may differ from segment latency due to Python overhead, event/launch overhead, and allocator/cache effects.
[gpu-debug] cuda mem before warmup: alloc=96.15 MiB reserved=110.00 MiB
[gpu-debug] cuda mem after warmup : alloc=96.15 MiB reserved=110.00 MiB
[gpu-debug] cuda mem peak (this segment): max_alloc=96.17 MiB max_reserved=110.00 MiB
========================================================================================
[gpu-debug] segment_key=npu|decode|48|ff6dcf33668f3ebc9cf61e7eb43c6a84
[gpu-debug] sig: device_type=npu phase=decode step=48 (count_hint=32)
[gpu-debug] ops_repr: LN:-1,Add:-1,LN:-1,FFN_W3:0,FFN_W3:1,SwiGLU:0,SwiGLU:1,Add:-1
[gpu-debug] cfg: device=cuda dtype=torch.bfloat16 dim=4096 ffn_dim=11008 n_heads=32 shards=2
[gpu-debug] op plan (with inferred tensor shapes):
  - op#00  op=LN       shard=-1  x=[1x4096] + w=[4096]  ->  y=[1x4096]  (T=1, K=826)
  - op#01  op=Add      shard=-1  a=[1x4096] + b=[1x4096]  ->  y=[1x4096]  (T=1, K=826)
  - op#02  op=LN       shard=-1  x=[1x4096] + w=[4096]  ->  y=[1x4096]  (T=1, K=826)
  - op#03  op=FFN_W3   shard=0   x=[1x4096] + w=[5504x4096]  ->  y=[1x5504]  (T=1, K=826)
  - op#04  op=FFN_W3   shard=1   x=[1x4096] + w=[5504x4096]  ->  y=[1x5504]  (T=1, K=826)
  - op#05  op=SwiGLU   shard=0   a=[1x5504] + b=[1x5504]  ->  y=[1x5504]  (T=1, K=826)
  - op#06  op=SwiGLU   shard=1   a=[1x5504] + b=[1x5504]  ->  y=[1x5504]  (T=1, K=826)
  - op#07  op=Add      shard=-1  a=[1x4096] + b=[1x4096]  ->  y=[1x4096]  (T=1, K=826)
[gpu-debug] per-op timing breakdown (avg over iters):
  idx  op       sh  io                                                    time   est_flops    TFLOPs       bytes      GB/s
  ------------------------------------------------------------------------------------------------------------------------
    0  LN       -1  x[1x4096]+w[4096]->y[1x4096]                        0.067ms    20.480 K      0.00   24.00 KiB      0.37
    1  Add      -1  a[1x4096]+b[1x4096]->y[1x4096]                      0.016ms     4.096 K      0.00   24.00 KiB      1.50
    2  LN       -1  x[1x4096]+w[4096]->y[1x4096]                        0.058ms    20.480 K      0.00   24.00 KiB      0.43
    3  FFN_W3    0  x[1x4096]+w[5504x4096]->y[1x5504]                   0.058ms    45.089 M      0.77   43.02 MiB    771.47
    4  FFN_W3    1  x[1x4096]+w[5504x4096]->y[1x5504]                   0.040ms    45.089 M      1.13   43.02 MiB   1126.62
    5  SwiGLU    0  a[1x5504]+b[1x5504]->y[1x5504]                      0.009ms    33.024 K      0.00   32.25 KiB      3.66
    6  SwiGLU    1  a[1x5504]+b[1x5504]->y[1x5504]                      0.015ms    33.024 K      0.00   32.25 KiB      2.24
    7  Add      -1  a[1x4096]+b[1x4096]->y[1x4096]                      0.016ms     4.096 K      0.00   24.00 KiB      1.51
[gpu-debug] segment avg latency (cuda_events): 0.181 ms
[gpu-debug] sum(per-op)               : 0.279 ms (ratio=1.547)
[gpu-debug] NOTE: sum(per-op) may differ from segment latency due to Python overhead, event/launch overhead, and allocator/cache effects.
[gpu-debug] cuda mem before warmup: alloc=96.15 MiB reserved=110.00 MiB
[gpu-debug] cuda mem after warmup : alloc=96.15 MiB reserved=110.00 MiB
[gpu-debug] cuda mem peak (this segment): max_alloc=96.17 MiB max_reserved=110.00 MiB
========================================================================================
[gpu-debug] segment_key=npu|decode|49|ff6dcf33668f3ebc9cf61e7eb43c6a84
[gpu-debug] sig: device_type=npu phase=decode step=49 (count_hint=32)
[gpu-debug] ops_repr: LN:-1,Add:-1,LN:-1,FFN_W3:0,FFN_W3:1,SwiGLU:0,SwiGLU:1,Add:-1
[gpu-debug] cfg: device=cuda dtype=torch.bfloat16 dim=4096 ffn_dim=11008 n_heads=32 shards=2
[gpu-debug] op plan (with inferred tensor shapes):
  - op#00  op=LN       shard=-1  x=[1x4096] + w=[4096]  ->  y=[1x4096]  (T=1, K=838)
  - op#01  op=Add      shard=-1  a=[1x4096] + b=[1x4096]  ->  y=[1x4096]  (T=1, K=838)
  - op#02  op=LN       shard=-1  x=[1x4096] + w=[4096]  ->  y=[1x4096]  (T=1, K=838)
  - op#03  op=FFN_W3   shard=0   x=[1x4096] + w=[5504x4096]  ->  y=[1x5504]  (T=1, K=838)
  - op#04  op=FFN_W3   shard=1   x=[1x4096] + w=[5504x4096]  ->  y=[1x5504]  (T=1, K=838)
  - op#05  op=SwiGLU   shard=0   a=[1x5504] + b=[1x5504]  ->  y=[1x5504]  (T=1, K=838)
  - op#06  op=SwiGLU   shard=1   a=[1x5504] + b=[1x5504]  ->  y=[1x5504]  (T=1, K=838)
  - op#07  op=Add      shard=-1  a=[1x4096] + b=[1x4096]  ->  y=[1x4096]  (T=1, K=838)
[gpu-debug] per-op timing breakdown (avg over iters):
  idx  op       sh  io                                                    time   est_flops    TFLOPs       bytes      GB/s
  ------------------------------------------------------------------------------------------------------------------------
    0  LN       -1  x[1x4096]+w[4096]->y[1x4096]                        0.066ms    20.480 K      0.00   24.00 KiB      0.37
    1  Add      -1  a[1x4096]+b[1x4096]->y[1x4096]                      0.016ms     4.096 K      0.00   24.00 KiB      1.49
    2  LN       -1  x[1x4096]+w[4096]->y[1x4096]                        0.057ms    20.480 K      0.00   24.00 KiB      0.43
    3  FFN_W3    0  x[1x4096]+w[5504x4096]->y[1x5504]                   0.058ms    45.089 M      0.78   43.02 MiB    779.66
    4  FFN_W3    1  x[1x4096]+w[5504x4096]->y[1x5504]                   0.040ms    45.089 M      1.13   43.02 MiB   1126.62
    5  SwiGLU    0  a[1x5504]+b[1x5504]->y[1x5504]                      0.009ms    33.024 K      0.00   32.25 KiB      3.62
    6  SwiGLU    1  a[1x5504]+b[1x5504]->y[1x5504]                      0.016ms    33.024 K      0.00   32.25 KiB      2.12
    7  Add      -1  a[1x4096]+b[1x4096]->y[1x4096]                      0.017ms     4.096 K      0.00   24.00 KiB      1.47
[gpu-debug] segment avg latency (cuda_events): 0.179 ms
[gpu-debug] sum(per-op)               : 0.280 ms (ratio=1.558)
[gpu-debug] NOTE: sum(per-op) may differ from segment latency due to Python overhead, event/launch overhead, and allocator/cache effects.
[gpu-debug] cuda mem before warmup: alloc=96.15 MiB reserved=110.00 MiB
[gpu-debug] cuda mem after warmup : alloc=96.15 MiB reserved=110.00 MiB
[gpu-debug] cuda mem peak (this segment): max_alloc=96.17 MiB max_reserved=110.00 MiB
========================================================================================
[gpu-debug] segment_key=npu|decode|4|ff6dcf33668f3ebc9cf61e7eb43c6a84
[gpu-debug] sig: device_type=npu phase=decode step=4 (count_hint=32)
[gpu-debug] ops_repr: LN:-1,Add:-1,LN:-1,FFN_W3:0,FFN_W3:1,SwiGLU:0,SwiGLU:1,Add:-1
[gpu-debug] cfg: device=cuda dtype=torch.bfloat16 dim=4096 ffn_dim=11008 n_heads=32 shards=2
[gpu-debug] op plan (with inferred tensor shapes):
  - op#00  op=LN       shard=-1  x=[1x4096] + w=[4096]  ->  y=[1x4096]  (T=1, K=298)
  - op#01  op=Add      shard=-1  a=[1x4096] + b=[1x4096]  ->  y=[1x4096]  (T=1, K=298)
  - op#02  op=LN       shard=-1  x=[1x4096] + w=[4096]  ->  y=[1x4096]  (T=1, K=298)
  - op#03  op=FFN_W3   shard=0   x=[1x4096] + w=[5504x4096]  ->  y=[1x5504]  (T=1, K=298)
  - op#04  op=FFN_W3   shard=1   x=[1x4096] + w=[5504x4096]  ->  y=[1x5504]  (T=1, K=298)
  - op#05  op=SwiGLU   shard=0   a=[1x5504] + b=[1x5504]  ->  y=[1x5504]  (T=1, K=298)
  - op#06  op=SwiGLU   shard=1   a=[1x5504] + b=[1x5504]  ->  y=[1x5504]  (T=1, K=298)
  - op#07  op=Add      shard=-1  a=[1x4096] + b=[1x4096]  ->  y=[1x4096]  (T=1, K=298)
[gpu-debug] per-op timing breakdown (avg over iters):
  idx  op       sh  io                                                    time   est_flops    TFLOPs       bytes      GB/s
  ------------------------------------------------------------------------------------------------------------------------
    0  LN       -1  x[1x4096]+w[4096]->y[1x4096]                        0.067ms    20.480 K      0.00   24.00 KiB      0.37
    1  Add      -1  a[1x4096]+b[1x4096]->y[1x4096]                      0.018ms     4.096 K      0.00   24.00 KiB      1.40
    2  LN       -1  x[1x4096]+w[4096]->y[1x4096]                        0.058ms    20.480 K      0.00   24.00 KiB      0.42
    3  FFN_W3    0  x[1x4096]+w[5504x4096]->y[1x5504]                   0.059ms    45.089 M      0.77   43.02 MiB    767.43
    4  FFN_W3    1  x[1x4096]+w[5504x4096]->y[1x5504]                   0.040ms    45.089 M      1.12   43.02 MiB   1118.04
    5  SwiGLU    0  a[1x5504]+b[1x5504]->y[1x5504]                      0.009ms    33.024 K      0.00   32.25 KiB      3.75
    6  SwiGLU    1  a[1x5504]+b[1x5504]->y[1x5504]                      0.014ms    33.024 K      0.00   32.25 KiB      2.30
    7  Add      -1  a[1x4096]+b[1x4096]->y[1x4096]                      0.016ms     4.096 K      0.00   24.00 KiB      1.52
[gpu-debug] segment avg latency (cuda_events): 0.181 ms
[gpu-debug] sum(per-op)               : 0.281 ms (ratio=1.554)
[gpu-debug] NOTE: sum(per-op) may differ from segment latency due to Python overhead, event/launch overhead, and allocator/cache effects.
[gpu-debug] cuda mem before warmup: alloc=96.15 MiB reserved=110.00 MiB
[gpu-debug] cuda mem after warmup : alloc=96.15 MiB reserved=110.00 MiB
[gpu-debug] cuda mem peak (this segment): max_alloc=96.17 MiB max_reserved=110.00 MiB
========================================================================================
[gpu-debug] segment_key=npu|decode|50|ff6dcf33668f3ebc9cf61e7eb43c6a84
[gpu-debug] sig: device_type=npu phase=decode step=50 (count_hint=32)
[gpu-debug] ops_repr: LN:-1,Add:-1,LN:-1,FFN_W3:0,FFN_W3:1,SwiGLU:0,SwiGLU:1,Add:-1
[gpu-debug] cfg: device=cuda dtype=torch.bfloat16 dim=4096 ffn_dim=11008 n_heads=32 shards=2
[gpu-debug] op plan (with inferred tensor shapes):
  - op#00  op=LN       shard=-1  x=[1x4096] + w=[4096]  ->  y=[1x4096]  (T=1, K=850)
  - op#01  op=Add      shard=-1  a=[1x4096] + b=[1x4096]  ->  y=[1x4096]  (T=1, K=850)
  - op#02  op=LN       shard=-1  x=[1x4096] + w=[4096]  ->  y=[1x4096]  (T=1, K=850)
  - op#03  op=FFN_W3   shard=0   x=[1x4096] + w=[5504x4096]  ->  y=[1x5504]  (T=1, K=850)
  - op#04  op=FFN_W3   shard=1   x=[1x4096] + w=[5504x4096]  ->  y=[1x5504]  (T=1, K=850)
  - op#05  op=SwiGLU   shard=0   a=[1x5504] + b=[1x5504]  ->  y=[1x5504]  (T=1, K=850)
  - op#06  op=SwiGLU   shard=1   a=[1x5504] + b=[1x5504]  ->  y=[1x5504]  (T=1, K=850)
  - op#07  op=Add      shard=-1  a=[1x4096] + b=[1x4096]  ->  y=[1x4096]  (T=1, K=850)
[gpu-debug] per-op timing breakdown (avg over iters):
  idx  op       sh  io                                                    time   est_flops    TFLOPs       bytes      GB/s
  ------------------------------------------------------------------------------------------------------------------------
    0  LN       -1  x[1x4096]+w[4096]->y[1x4096]                        0.067ms    20.480 K      0.00   24.00 KiB      0.37
    1  Add      -1  a[1x4096]+b[1x4096]->y[1x4096]                      0.017ms     4.096 K      0.00   24.00 KiB      1.45
    2  LN       -1  x[1x4096]+w[4096]->y[1x4096]                        0.058ms    20.480 K      0.00   24.00 KiB      0.43
    3  FFN_W3    0  x[1x4096]+w[5504x4096]->y[1x5504]                   0.058ms    45.089 M      0.78   43.02 MiB    775.54
    4  FFN_W3    1  x[1x4096]+w[5504x4096]->y[1x5504]                   0.040ms    45.089 M      1.12   43.02 MiB   1123.74
    5  SwiGLU    0  a[1x5504]+b[1x5504]->y[1x5504]                      0.009ms    33.024 K      0.00   32.25 KiB      3.71
    6  SwiGLU    1  a[1x5504]+b[1x5504]->y[1x5504]                      0.015ms    33.024 K      0.00   32.25 KiB      2.19
    7  Add      -1  a[1x4096]+b[1x4096]->y[1x4096]                      0.017ms     4.096 K      0.00   24.00 KiB      1.47
[gpu-debug] segment avg latency (cuda_events): 0.180 ms
[gpu-debug] sum(per-op)               : 0.281 ms (ratio=1.561)
[gpu-debug] NOTE: sum(per-op) may differ from segment latency due to Python overhead, event/launch overhead, and allocator/cache effects.
[gpu-debug] cuda mem before warmup: alloc=96.15 MiB reserved=110.00 MiB
[gpu-debug] cuda mem after warmup : alloc=96.15 MiB reserved=110.00 MiB
[gpu-debug] cuda mem peak (this segment): max_alloc=96.17 MiB max_reserved=110.00 MiB
========================================================================================
[gpu-debug] segment_key=npu|decode|51|ff6dcf33668f3ebc9cf61e7eb43c6a84
[gpu-debug] sig: device_type=npu phase=decode step=51 (count_hint=32)
[gpu-debug] ops_repr: LN:-1,Add:-1,LN:-1,FFN_W3:0,FFN_W3:1,SwiGLU:0,SwiGLU:1,Add:-1
[gpu-debug] cfg: device=cuda dtype=torch.bfloat16 dim=4096 ffn_dim=11008 n_heads=32 shards=2
[gpu-debug] op plan (with inferred tensor shapes):
  - op#00  op=LN       shard=-1  x=[1x4096] + w=[4096]  ->  y=[1x4096]  (T=1, K=862)
  - op#01  op=Add      shard=-1  a=[1x4096] + b=[1x4096]  ->  y=[1x4096]  (T=1, K=862)
  - op#02  op=LN       shard=-1  x=[1x4096] + w=[4096]  ->  y=[1x4096]  (T=1, K=862)
  - op#03  op=FFN_W3   shard=0   x=[1x4096] + w=[5504x4096]  ->  y=[1x5504]  (T=1, K=862)
  - op#04  op=FFN_W3   shard=1   x=[1x4096] + w=[5504x4096]  ->  y=[1x5504]  (T=1, K=862)
  - op#05  op=SwiGLU   shard=0   a=[1x5504] + b=[1x5504]  ->  y=[1x5504]  (T=1, K=862)
  - op#06  op=SwiGLU   shard=1   a=[1x5504] + b=[1x5504]  ->  y=[1x5504]  (T=1, K=862)
  - op#07  op=Add      shard=-1  a=[1x4096] + b=[1x4096]  ->  y=[1x4096]  (T=1, K=862)
[gpu-debug] per-op timing breakdown (avg over iters):
  idx  op       sh  io                                                    time   est_flops    TFLOPs       bytes      GB/s
  ------------------------------------------------------------------------------------------------------------------------
    0  LN       -1  x[1x4096]+w[4096]->y[1x4096]                        0.067ms    20.480 K      0.00   24.00 KiB      0.37
    1  Add      -1  a[1x4096]+b[1x4096]->y[1x4096]                      0.016ms     4.096 K      0.00   24.00 KiB      1.49
    2  LN       -1  x[1x4096]+w[4096]->y[1x4096]                        0.058ms    20.480 K      0.00   24.00 KiB      0.42
    3  FFN_W3    0  x[1x4096]+w[5504x4096]->y[1x5504]                   0.059ms    45.089 M      0.77   43.02 MiB    770.12
    4  FFN_W3    1  x[1x4096]+w[5504x4096]->y[1x5504]                   0.040ms    45.089 M      1.13   43.02 MiB   1129.51
    5  SwiGLU    0  a[1x5504]+b[1x5504]->y[1x5504]                      0.009ms    33.024 K      0.00   32.25 KiB      3.71
    6  SwiGLU    1  a[1x5504]+b[1x5504]->y[1x5504]                      0.016ms    33.024 K      0.00   32.25 KiB      2.05
    7  Add      -1  a[1x4096]+b[1x4096]->y[1x4096]                      0.016ms     4.096 K      0.00   24.00 KiB      1.51
[gpu-debug] segment avg latency (cuda_events): 0.180 ms
[gpu-debug] sum(per-op)               : 0.281 ms (ratio=1.564)
[gpu-debug] NOTE: sum(per-op) may differ from segment latency due to Python overhead, event/launch overhead, and allocator/cache effects.
[gpu-debug] cuda mem before warmup: alloc=96.15 MiB reserved=110.00 MiB
[gpu-debug] cuda mem after warmup : alloc=96.15 MiB reserved=110.00 MiB
[gpu-debug] cuda mem peak (this segment): max_alloc=96.17 MiB max_reserved=110.00 MiB
========================================================================================
[gpu-debug] segment_key=npu|decode|52|ff6dcf33668f3ebc9cf61e7eb43c6a84
[gpu-debug] sig: device_type=npu phase=decode step=52 (count_hint=32)
[gpu-debug] ops_repr: LN:-1,Add:-1,LN:-1,FFN_W3:0,FFN_W3:1,SwiGLU:0,SwiGLU:1,Add:-1
[gpu-debug] cfg: device=cuda dtype=torch.bfloat16 dim=4096 ffn_dim=11008 n_heads=32 shards=2
[gpu-debug] op plan (with inferred tensor shapes):
  - op#00  op=LN       shard=-1  x=[1x4096] + w=[4096]  ->  y=[1x4096]  (T=1, K=874)
  - op#01  op=Add      shard=-1  a=[1x4096] + b=[1x4096]  ->  y=[1x4096]  (T=1, K=874)
  - op#02  op=LN       shard=-1  x=[1x4096] + w=[4096]  ->  y=[1x4096]  (T=1, K=874)
  - op#03  op=FFN_W3   shard=0   x=[1x4096] + w=[5504x4096]  ->  y=[1x5504]  (T=1, K=874)
  - op#04  op=FFN_W3   shard=1   x=[1x4096] + w=[5504x4096]  ->  y=[1x5504]  (T=1, K=874)
  - op#05  op=SwiGLU   shard=0   a=[1x5504] + b=[1x5504]  ->  y=[1x5504]  (T=1, K=874)
  - op#06  op=SwiGLU   shard=1   a=[1x5504] + b=[1x5504]  ->  y=[1x5504]  (T=1, K=874)
  - op#07  op=Add      shard=-1  a=[1x4096] + b=[1x4096]  ->  y=[1x4096]  (T=1, K=874)
[gpu-debug] per-op timing breakdown (avg over iters):
  idx  op       sh  io                                                    time   est_flops    TFLOPs       bytes      GB/s
  ------------------------------------------------------------------------------------------------------------------------
    0  LN       -1  x[1x4096]+w[4096]->y[1x4096]                        0.067ms    20.480 K      0.00   24.00 KiB      0.37
    1  Add      -1  a[1x4096]+b[1x4096]->y[1x4096]                      0.017ms     4.096 K      0.00   24.00 KiB      1.48
    2  LN       -1  x[1x4096]+w[4096]->y[1x4096]                        0.058ms    20.480 K      0.00   24.00 KiB      0.42
    3  FFN_W3    0  x[1x4096]+w[5504x4096]->y[1x5504]                   0.059ms    45.089 M      0.77   43.02 MiB    766.10
    4  FFN_W3    1  x[1x4096]+w[5504x4096]->y[1x5504]                   0.040ms    45.089 M      1.12   43.02 MiB   1123.74
    5  SwiGLU    0  a[1x5504]+b[1x5504]->y[1x5504]                      0.009ms    33.024 K      0.00   32.25 KiB      3.79
    6  SwiGLU    1  a[1x5504]+b[1x5504]->y[1x5504]                      0.015ms    33.024 K      0.00   32.25 KiB      2.24
    7  Add      -1  a[1x4096]+b[1x4096]->y[1x4096]                      0.017ms     4.096 K      0.00   24.00 KiB      1.44
[gpu-debug] segment avg latency (cuda_events): 0.180 ms
[gpu-debug] sum(per-op)               : 0.281 ms (ratio=1.562)
[gpu-debug] NOTE: sum(per-op) may differ from segment latency due to Python overhead, event/launch overhead, and allocator/cache effects.
[gpu-debug] cuda mem before warmup: alloc=96.15 MiB reserved=110.00 MiB
[gpu-debug] cuda mem after warmup : alloc=96.15 MiB reserved=110.00 MiB
[gpu-debug] cuda mem peak (this segment): max_alloc=96.17 MiB max_reserved=110.00 MiB
========================================================================================
[gpu-debug] segment_key=npu|decode|53|ff6dcf33668f3ebc9cf61e7eb43c6a84
[gpu-debug] sig: device_type=npu phase=decode step=53 (count_hint=32)
[gpu-debug] ops_repr: LN:-1,Add:-1,LN:-1,FFN_W3:0,FFN_W3:1,SwiGLU:0,SwiGLU:1,Add:-1
[gpu-debug] cfg: device=cuda dtype=torch.bfloat16 dim=4096 ffn_dim=11008 n_heads=32 shards=2
[gpu-debug] op plan (with inferred tensor shapes):
  - op#00  op=LN       shard=-1  x=[1x4096] + w=[4096]  ->  y=[1x4096]  (T=1, K=886)
  - op#01  op=Add      shard=-1  a=[1x4096] + b=[1x4096]  ->  y=[1x4096]  (T=1, K=886)
  - op#02  op=LN       shard=-1  x=[1x4096] + w=[4096]  ->  y=[1x4096]  (T=1, K=886)
  - op#03  op=FFN_W3   shard=0   x=[1x4096] + w=[5504x4096]  ->  y=[1x5504]  (T=1, K=886)
  - op#04  op=FFN_W3   shard=1   x=[1x4096] + w=[5504x4096]  ->  y=[1x5504]  (T=1, K=886)
  - op#05  op=SwiGLU   shard=0   a=[1x5504] + b=[1x5504]  ->  y=[1x5504]  (T=1, K=886)
  - op#06  op=SwiGLU   shard=1   a=[1x5504] + b=[1x5504]  ->  y=[1x5504]  (T=1, K=886)
  - op#07  op=Add      shard=-1  a=[1x4096] + b=[1x4096]  ->  y=[1x4096]  (T=1, K=886)
[gpu-debug] per-op timing breakdown (avg over iters):
  idx  op       sh  io                                                    time   est_flops    TFLOPs       bytes      GB/s
  ------------------------------------------------------------------------------------------------------------------------
    0  LN       -1  x[1x4096]+w[4096]->y[1x4096]                        0.066ms    20.480 K      0.00   24.00 KiB      0.37
    1  Add      -1  a[1x4096]+b[1x4096]->y[1x4096]                      0.016ms     4.096 K      0.00   24.00 KiB      1.49
    2  LN       -1  x[1x4096]+w[4096]->y[1x4096]                        0.057ms    20.480 K      0.00   24.00 KiB      0.43
    3  FFN_W3    0  x[1x4096]+w[5504x4096]->y[1x5504]                   0.059ms    45.089 M      0.77   43.02 MiB    768.77
    4  FFN_W3    1  x[1x4096]+w[5504x4096]->y[1x5504]                   0.040ms    45.089 M      1.13   43.02 MiB   1126.62
    5  SwiGLU    0  a[1x5504]+b[1x5504]->y[1x5504]                      0.009ms    33.024 K      0.00   32.25 KiB      3.66
    6  SwiGLU    1  a[1x5504]+b[1x5504]->y[1x5504]                      0.016ms    33.024 K      0.00   32.25 KiB      2.08
    7  Add      -1  a[1x4096]+b[1x4096]->y[1x4096]                      0.016ms     4.096 K      0.00   24.00 KiB      1.53
[gpu-debug] segment avg latency (cuda_events): 0.180 ms
[gpu-debug] sum(per-op)               : 0.280 ms (ratio=1.552)
[gpu-debug] NOTE: sum(per-op) may differ from segment latency due to Python overhead, event/launch overhead, and allocator/cache effects.
[gpu-debug] cuda mem before warmup: alloc=96.15 MiB reserved=110.00 MiB
[gpu-debug] cuda mem after warmup : alloc=96.15 MiB reserved=110.00 MiB
[gpu-debug] cuda mem peak (this segment): max_alloc=96.17 MiB max_reserved=110.00 MiB
========================================================================================
[gpu-debug] segment_key=npu|decode|54|ff6dcf33668f3ebc9cf61e7eb43c6a84
[gpu-debug] sig: device_type=npu phase=decode step=54 (count_hint=32)
[gpu-debug] ops_repr: LN:-1,Add:-1,LN:-1,FFN_W3:0,FFN_W3:1,SwiGLU:0,SwiGLU:1,Add:-1
[gpu-debug] cfg: device=cuda dtype=torch.bfloat16 dim=4096 ffn_dim=11008 n_heads=32 shards=2
[gpu-debug] op plan (with inferred tensor shapes):
  - op#00  op=LN       shard=-1  x=[1x4096] + w=[4096]  ->  y=[1x4096]  (T=1, K=898)
  - op#01  op=Add      shard=-1  a=[1x4096] + b=[1x4096]  ->  y=[1x4096]  (T=1, K=898)
  - op#02  op=LN       shard=-1  x=[1x4096] + w=[4096]  ->  y=[1x4096]  (T=1, K=898)
  - op#03  op=FFN_W3   shard=0   x=[1x4096] + w=[5504x4096]  ->  y=[1x5504]  (T=1, K=898)
  - op#04  op=FFN_W3   shard=1   x=[1x4096] + w=[5504x4096]  ->  y=[1x5504]  (T=1, K=898)
  - op#05  op=SwiGLU   shard=0   a=[1x5504] + b=[1x5504]  ->  y=[1x5504]  (T=1, K=898)
  - op#06  op=SwiGLU   shard=1   a=[1x5504] + b=[1x5504]  ->  y=[1x5504]  (T=1, K=898)
  - op#07  op=Add      shard=-1  a=[1x4096] + b=[1x4096]  ->  y=[1x4096]  (T=1, K=898)
[gpu-debug] per-op timing breakdown (avg over iters):
  idx  op       sh  io                                                    time   est_flops    TFLOPs       bytes      GB/s
  ------------------------------------------------------------------------------------------------------------------------
    0  LN       -1  x[1x4096]+w[4096]->y[1x4096]                        0.066ms    20.480 K      0.00   24.00 KiB      0.37
    1  Add      -1  a[1x4096]+b[1x4096]->y[1x4096]                      0.017ms     4.096 K      0.00   24.00 KiB      1.48
    2  LN       -1  x[1x4096]+w[4096]->y[1x4096]                        0.059ms    20.480 K      0.00   24.00 KiB      0.42
    3  FFN_W3    0  x[1x4096]+w[5504x4096]->y[1x5504]                   0.058ms    45.089 M      0.78   43.02 MiB    775.54
    4  FFN_W3    1  x[1x4096]+w[5504x4096]->y[1x5504]                   0.040ms    45.089 M      1.12   43.02 MiB   1123.74
    5  SwiGLU    0  a[1x5504]+b[1x5504]->y[1x5504]                      0.009ms    33.024 K      0.00   32.25 KiB      3.71
    6  SwiGLU    1  a[1x5504]+b[1x5504]->y[1x5504]                      0.014ms    33.024 K      0.00   32.25 KiB      2.41
    7  Add      -1  a[1x4096]+b[1x4096]->y[1x4096]                      0.016ms     4.096 K      0.00   24.00 KiB      1.49
[gpu-debug] segment avg latency (cuda_events): 0.180 ms
[gpu-debug] sum(per-op)               : 0.280 ms (ratio=1.552)
[gpu-debug] NOTE: sum(per-op) may differ from segment latency due to Python overhead, event/launch overhead, and allocator/cache effects.
[gpu-debug] cuda mem before warmup: alloc=96.15 MiB reserved=110.00 MiB
[gpu-debug] cuda mem after warmup : alloc=96.15 MiB reserved=110.00 MiB
[gpu-debug] cuda mem peak (this segment): max_alloc=96.17 MiB max_reserved=110.00 MiB
========================================================================================
[gpu-debug] segment_key=npu|decode|55|ff6dcf33668f3ebc9cf61e7eb43c6a84
[gpu-debug] sig: device_type=npu phase=decode step=55 (count_hint=32)
[gpu-debug] ops_repr: LN:-1,Add:-1,LN:-1,FFN_W3:0,FFN_W3:1,SwiGLU:0,SwiGLU:1,Add:-1
[gpu-debug] cfg: device=cuda dtype=torch.bfloat16 dim=4096 ffn_dim=11008 n_heads=32 shards=2
[gpu-debug] op plan (with inferred tensor shapes):
  - op#00  op=LN       shard=-1  x=[1x4096] + w=[4096]  ->  y=[1x4096]  (T=1, K=910)
  - op#01  op=Add      shard=-1  a=[1x4096] + b=[1x4096]  ->  y=[1x4096]  (T=1, K=910)
  - op#02  op=LN       shard=-1  x=[1x4096] + w=[4096]  ->  y=[1x4096]  (T=1, K=910)
  - op#03  op=FFN_W3   shard=0   x=[1x4096] + w=[5504x4096]  ->  y=[1x5504]  (T=1, K=910)
  - op#04  op=FFN_W3   shard=1   x=[1x4096] + w=[5504x4096]  ->  y=[1x5504]  (T=1, K=910)
  - op#05  op=SwiGLU   shard=0   a=[1x5504] + b=[1x5504]  ->  y=[1x5504]  (T=1, K=910)
  - op#06  op=SwiGLU   shard=1   a=[1x5504] + b=[1x5504]  ->  y=[1x5504]  (T=1, K=910)
  - op#07  op=Add      shard=-1  a=[1x4096] + b=[1x4096]  ->  y=[1x4096]  (T=1, K=910)
[gpu-debug] per-op timing breakdown (avg over iters):
  idx  op       sh  io                                                    time   est_flops    TFLOPs       bytes      GB/s
  ------------------------------------------------------------------------------------------------------------------------
    0  LN       -1  x[1x4096]+w[4096]->y[1x4096]                        0.068ms    20.480 K      0.00   24.00 KiB      0.36
    1  Add      -1  a[1x4096]+b[1x4096]->y[1x4096]                      0.017ms     4.096 K      0.00   24.00 KiB      1.45
    2  LN       -1  x[1x4096]+w[4096]->y[1x4096]                        0.058ms    20.480 K      0.00   24.00 KiB      0.42
    3  FFN_W3    0  x[1x4096]+w[5504x4096]->y[1x5504]                   0.059ms    45.089 M      0.77   43.02 MiB    768.77
    4  FFN_W3    1  x[1x4096]+w[5504x4096]->y[1x5504]                   0.040ms    45.089 M      1.13   43.02 MiB   1126.62
    5  SwiGLU    0  a[1x5504]+b[1x5504]->y[1x5504]                      0.009ms    33.024 K      0.00   32.25 KiB      3.66
    6  SwiGLU    1  a[1x5504]+b[1x5504]->y[1x5504]                      0.014ms    33.024 K      0.00   32.25 KiB      2.39
    7  Add      -1  a[1x4096]+b[1x4096]->y[1x4096]                      0.016ms     4.096 K      0.00   24.00 KiB      1.50
[gpu-debug] segment avg latency (cuda_events): 0.180 ms
[gpu-debug] sum(per-op)               : 0.281 ms (ratio=1.560)
[gpu-debug] NOTE: sum(per-op) may differ from segment latency due to Python overhead, event/launch overhead, and allocator/cache effects.
[gpu-debug] cuda mem before warmup: alloc=96.15 MiB reserved=110.00 MiB
[gpu-debug] cuda mem after warmup : alloc=96.15 MiB reserved=110.00 MiB
[gpu-debug] cuda mem peak (this segment): max_alloc=96.17 MiB max_reserved=110.00 MiB
  progress 60/110
========================================================================================
[gpu-debug] segment_key=npu|decode|56|ff6dcf33668f3ebc9cf61e7eb43c6a84
[gpu-debug] sig: device_type=npu phase=decode step=56 (count_hint=32)
[gpu-debug] ops_repr: LN:-1,Add:-1,LN:-1,FFN_W3:0,FFN_W3:1,SwiGLU:0,SwiGLU:1,Add:-1
[gpu-debug] cfg: device=cuda dtype=torch.bfloat16 dim=4096 ffn_dim=11008 n_heads=32 shards=2
[gpu-debug] op plan (with inferred tensor shapes):
  - op#00  op=LN       shard=-1  x=[1x4096] + w=[4096]  ->  y=[1x4096]  (T=1, K=922)
  - op#01  op=Add      shard=-1  a=[1x4096] + b=[1x4096]  ->  y=[1x4096]  (T=1, K=922)
  - op#02  op=LN       shard=-1  x=[1x4096] + w=[4096]  ->  y=[1x4096]  (T=1, K=922)
  - op#03  op=FFN_W3   shard=0   x=[1x4096] + w=[5504x4096]  ->  y=[1x5504]  (T=1, K=922)
  - op#04  op=FFN_W3   shard=1   x=[1x4096] + w=[5504x4096]  ->  y=[1x5504]  (T=1, K=922)
  - op#05  op=SwiGLU   shard=0   a=[1x5504] + b=[1x5504]  ->  y=[1x5504]  (T=1, K=922)
  - op#06  op=SwiGLU   shard=1   a=[1x5504] + b=[1x5504]  ->  y=[1x5504]  (T=1, K=922)
  - op#07  op=Add      shard=-1  a=[1x4096] + b=[1x4096]  ->  y=[1x4096]  (T=1, K=922)
[gpu-debug] per-op timing breakdown (avg over iters):
  idx  op       sh  io                                                    time   est_flops    TFLOPs       bytes      GB/s
  ------------------------------------------------------------------------------------------------------------------------
    0  LN       -1  x[1x4096]+w[4096]->y[1x4096]                        0.067ms    20.480 K      0.00   24.00 KiB      0.37
    1  Add      -1  a[1x4096]+b[1x4096]->y[1x4096]                      0.017ms     4.096 K      0.00   24.00 KiB      1.45
    2  LN       -1  x[1x4096]+w[4096]->y[1x4096]                        0.057ms    20.480 K      0.00   24.00 KiB      0.43
    3  FFN_W3    0  x[1x4096]+w[5504x4096]->y[1x5504]                   0.059ms    45.089 M      0.77   43.02 MiB    767.43
    4  FFN_W3    1  x[1x4096]+w[5504x4096]->y[1x5504]                   0.040ms    45.089 M      1.13   43.02 MiB   1129.51
    5  SwiGLU    0  a[1x5504]+b[1x5504]->y[1x5504]                      0.009ms    33.024 K      0.00   32.25 KiB      3.71
    6  SwiGLU    1  a[1x5504]+b[1x5504]->y[1x5504]                      0.016ms    33.024 K      0.00   32.25 KiB      2.09
    7  Add      -1  a[1x4096]+b[1x4096]->y[1x4096]                      0.017ms     4.096 K      0.00   24.00 KiB      1.47
[gpu-debug] segment avg latency (cuda_events): 0.179 ms
[gpu-debug] sum(per-op)               : 0.281 ms (ratio=1.569)
[gpu-debug] NOTE: sum(per-op) may differ from segment latency due to Python overhead, event/launch overhead, and allocator/cache effects.
[gpu-debug] cuda mem before warmup: alloc=96.15 MiB reserved=110.00 MiB
[gpu-debug] cuda mem after warmup : alloc=96.15 MiB reserved=110.00 MiB
[gpu-debug] cuda mem peak (this segment): max_alloc=96.17 MiB max_reserved=110.00 MiB
========================================================================================
[gpu-debug] segment_key=npu|decode|57|ff6dcf33668f3ebc9cf61e7eb43c6a84
[gpu-debug] sig: device_type=npu phase=decode step=57 (count_hint=32)
[gpu-debug] ops_repr: LN:-1,Add:-1,LN:-1,FFN_W3:0,FFN_W3:1,SwiGLU:0,SwiGLU:1,Add:-1
[gpu-debug] cfg: device=cuda dtype=torch.bfloat16 dim=4096 ffn_dim=11008 n_heads=32 shards=2
[gpu-debug] op plan (with inferred tensor shapes):
  - op#00  op=LN       shard=-1  x=[1x4096] + w=[4096]  ->  y=[1x4096]  (T=1, K=934)
  - op#01  op=Add      shard=-1  a=[1x4096] + b=[1x4096]  ->  y=[1x4096]  (T=1, K=934)
  - op#02  op=LN       shard=-1  x=[1x4096] + w=[4096]  ->  y=[1x4096]  (T=1, K=934)
  - op#03  op=FFN_W3   shard=0   x=[1x4096] + w=[5504x4096]  ->  y=[1x5504]  (T=1, K=934)
  - op#04  op=FFN_W3   shard=1   x=[1x4096] + w=[5504x4096]  ->  y=[1x5504]  (T=1, K=934)
  - op#05  op=SwiGLU   shard=0   a=[1x5504] + b=[1x5504]  ->  y=[1x5504]  (T=1, K=934)
  - op#06  op=SwiGLU   shard=1   a=[1x5504] + b=[1x5504]  ->  y=[1x5504]  (T=1, K=934)
  - op#07  op=Add      shard=-1  a=[1x4096] + b=[1x4096]  ->  y=[1x4096]  (T=1, K=934)
[gpu-debug] per-op timing breakdown (avg over iters):
  idx  op       sh  io                                                    time   est_flops    TFLOPs       bytes      GB/s
  ------------------------------------------------------------------------------------------------------------------------
    0  LN       -1  x[1x4096]+w[4096]->y[1x4096]                        0.067ms    20.480 K      0.00   24.00 KiB      0.36
    1  Add      -1  a[1x4096]+b[1x4096]->y[1x4096]                      0.017ms     4.096 K      0.00   24.00 KiB      1.47
    2  LN       -1  x[1x4096]+w[4096]->y[1x4096]                        0.058ms    20.480 K      0.00   24.00 KiB      0.43
    3  FFN_W3    0  x[1x4096]+w[5504x4096]->y[1x5504]                   0.059ms    45.089 M      0.77   43.02 MiB    768.77
    4  FFN_W3    1  x[1x4096]+w[5504x4096]->y[1x5504]                   0.040ms    45.089 M      1.13   43.02 MiB   1129.51
    5  SwiGLU    0  a[1x5504]+b[1x5504]->y[1x5504]                      0.009ms    33.024 K      0.00   32.25 KiB      3.79
    6  SwiGLU    1  a[1x5504]+b[1x5504]->y[1x5504]                      0.014ms    33.024 K      0.00   32.25 KiB      2.41
    7  Add      -1  a[1x4096]+b[1x4096]->y[1x4096]                      0.016ms     4.096 K      0.00   24.00 KiB      1.49
[gpu-debug] segment avg latency (cuda_events): 0.180 ms
[gpu-debug] sum(per-op)               : 0.279 ms (ratio=1.554)
[gpu-debug] NOTE: sum(per-op) may differ from segment latency due to Python overhead, event/launch overhead, and allocator/cache effects.
[gpu-debug] cuda mem before warmup: alloc=96.15 MiB reserved=110.00 MiB
[gpu-debug] cuda mem after warmup : alloc=96.15 MiB reserved=110.00 MiB
[gpu-debug] cuda mem peak (this segment): max_alloc=96.17 MiB max_reserved=110.00 MiB
========================================================================================
[gpu-debug] segment_key=npu|decode|58|ff6dcf33668f3ebc9cf61e7eb43c6a84
[gpu-debug] sig: device_type=npu phase=decode step=58 (count_hint=32)
[gpu-debug] ops_repr: LN:-1,Add:-1,LN:-1,FFN_W3:0,FFN_W3:1,SwiGLU:0,SwiGLU:1,Add:-1
[gpu-debug] cfg: device=cuda dtype=torch.bfloat16 dim=4096 ffn_dim=11008 n_heads=32 shards=2
[gpu-debug] op plan (with inferred tensor shapes):
  - op#00  op=LN       shard=-1  x=[1x4096] + w=[4096]  ->  y=[1x4096]  (T=1, K=946)
  - op#01  op=Add      shard=-1  a=[1x4096] + b=[1x4096]  ->  y=[1x4096]  (T=1, K=946)
  - op#02  op=LN       shard=-1  x=[1x4096] + w=[4096]  ->  y=[1x4096]  (T=1, K=946)
  - op#03  op=FFN_W3   shard=0   x=[1x4096] + w=[5504x4096]  ->  y=[1x5504]  (T=1, K=946)
  - op#04  op=FFN_W3   shard=1   x=[1x4096] + w=[5504x4096]  ->  y=[1x5504]  (T=1, K=946)
  - op#05  op=SwiGLU   shard=0   a=[1x5504] + b=[1x5504]  ->  y=[1x5504]  (T=1, K=946)
  - op#06  op=SwiGLU   shard=1   a=[1x5504] + b=[1x5504]  ->  y=[1x5504]  (T=1, K=946)
  - op#07  op=Add      shard=-1  a=[1x4096] + b=[1x4096]  ->  y=[1x4096]  (T=1, K=946)
[gpu-debug] per-op timing breakdown (avg over iters):
  idx  op       sh  io                                                    time   est_flops    TFLOPs       bytes      GB/s
  ------------------------------------------------------------------------------------------------------------------------
    0  LN       -1  x[1x4096]+w[4096]->y[1x4096]                        0.067ms    20.480 K      0.00   24.00 KiB      0.37
    1  Add      -1  a[1x4096]+b[1x4096]->y[1x4096]                      0.017ms     4.096 K      0.00   24.00 KiB      1.45
    2  LN       -1  x[1x4096]+w[4096]->y[1x4096]                        0.058ms    20.480 K      0.00   24.00 KiB      0.43
    3  FFN_W3    0  x[1x4096]+w[5504x4096]->y[1x5504]                   0.058ms    45.089 M      0.78   43.02 MiB    775.54
    4  FFN_W3    1  x[1x4096]+w[5504x4096]->y[1x5504]                   0.040ms    45.089 M      1.13   43.02 MiB   1129.51
    5  SwiGLU    0  a[1x5504]+b[1x5504]->y[1x5504]                      0.009ms    33.024 K      0.00   32.25 KiB      3.71
    6  SwiGLU    1  a[1x5504]+b[1x5504]->y[1x5504]                      0.016ms    33.024 K      0.00   32.25 KiB      2.00
    7  Add      -1  a[1x4096]+b[1x4096]->y[1x4096]                      0.017ms     4.096 K      0.00   24.00 KiB      1.46
[gpu-debug] segment avg latency (cuda_events): 0.181 ms
[gpu-debug] sum(per-op)               : 0.282 ms (ratio=1.554)
[gpu-debug] NOTE: sum(per-op) may differ from segment latency due to Python overhead, event/launch overhead, and allocator/cache effects.
[gpu-debug] cuda mem before warmup: alloc=96.15 MiB reserved=110.00 MiB
[gpu-debug] cuda mem after warmup : alloc=96.15 MiB reserved=110.00 MiB
[gpu-debug] cuda mem peak (this segment): max_alloc=96.17 MiB max_reserved=110.00 MiB
========================================================================================
[gpu-debug] segment_key=npu|decode|59|ff6dcf33668f3ebc9cf61e7eb43c6a84
[gpu-debug] sig: device_type=npu phase=decode step=59 (count_hint=32)
[gpu-debug] ops_repr: LN:-1,Add:-1,LN:-1,FFN_W3:0,FFN_W3:1,SwiGLU:0,SwiGLU:1,Add:-1
[gpu-debug] cfg: device=cuda dtype=torch.bfloat16 dim=4096 ffn_dim=11008 n_heads=32 shards=2
[gpu-debug] op plan (with inferred tensor shapes):
  - op#00  op=LN       shard=-1  x=[1x4096] + w=[4096]  ->  y=[1x4096]  (T=1, K=958)
  - op#01  op=Add      shard=-1  a=[1x4096] + b=[1x4096]  ->  y=[1x4096]  (T=1, K=958)
  - op#02  op=LN       shard=-1  x=[1x4096] + w=[4096]  ->  y=[1x4096]  (T=1, K=958)
  - op#03  op=FFN_W3   shard=0   x=[1x4096] + w=[5504x4096]  ->  y=[1x5504]  (T=1, K=958)
  - op#04  op=FFN_W3   shard=1   x=[1x4096] + w=[5504x4096]  ->  y=[1x5504]  (T=1, K=958)
  - op#05  op=SwiGLU   shard=0   a=[1x5504] + b=[1x5504]  ->  y=[1x5504]  (T=1, K=958)
  - op#06  op=SwiGLU   shard=1   a=[1x5504] + b=[1x5504]  ->  y=[1x5504]  (T=1, K=958)
  - op#07  op=Add      shard=-1  a=[1x4096] + b=[1x4096]  ->  y=[1x4096]  (T=1, K=958)
[gpu-debug] per-op timing breakdown (avg over iters):
  idx  op       sh  io                                                    time   est_flops    TFLOPs       bytes      GB/s
  ------------------------------------------------------------------------------------------------------------------------
    0  LN       -1  x[1x4096]+w[4096]->y[1x4096]                        0.066ms    20.480 K      0.00   24.00 KiB      0.37
    1  Add      -1  a[1x4096]+b[1x4096]->y[1x4096]                      0.017ms     4.096 K      0.00   24.00 KiB      1.41
    2  LN       -1  x[1x4096]+w[4096]->y[1x4096]                        0.059ms    20.480 K      0.00   24.00 KiB      0.42
    3  FFN_W3    0  x[1x4096]+w[5504x4096]->y[1x5504]                   0.059ms    45.089 M      0.77   43.02 MiB    766.10
    4  FFN_W3    1  x[1x4096]+w[5504x4096]->y[1x5504]                   0.040ms    45.089 M      1.12   43.02 MiB   1118.04
    5  SwiGLU    0  a[1x5504]+b[1x5504]->y[1x5504]                      0.009ms    33.024 K      0.00   32.25 KiB      3.66
    6  SwiGLU    1  a[1x5504]+b[1x5504]->y[1x5504]                      0.014ms    33.024 K      0.00   32.25 KiB      2.41
    7  Add      -1  a[1x4096]+b[1x4096]->y[1x4096]                      0.016ms     4.096 K      0.00   24.00 KiB      1.51
[gpu-debug] segment avg latency (cuda_events): 0.180 ms
[gpu-debug] sum(per-op)               : 0.280 ms (ratio=1.555)
[gpu-debug] NOTE: sum(per-op) may differ from segment latency due to Python overhead, event/launch overhead, and allocator/cache effects.
[gpu-debug] cuda mem before warmup: alloc=96.15 MiB reserved=110.00 MiB
[gpu-debug] cuda mem after warmup : alloc=96.15 MiB reserved=110.00 MiB
[gpu-debug] cuda mem peak (this segment): max_alloc=96.17 MiB max_reserved=110.00 MiB
========================================================================================
[gpu-debug] segment_key=npu|decode|5|ff6dcf33668f3ebc9cf61e7eb43c6a84
[gpu-debug] sig: device_type=npu phase=decode step=5 (count_hint=32)
[gpu-debug] ops_repr: LN:-1,Add:-1,LN:-1,FFN_W3:0,FFN_W3:1,SwiGLU:0,SwiGLU:1,Add:-1
[gpu-debug] cfg: device=cuda dtype=torch.bfloat16 dim=4096 ffn_dim=11008 n_heads=32 shards=2
[gpu-debug] op plan (with inferred tensor shapes):
  - op#00  op=LN       shard=-1  x=[1x4096] + w=[4096]  ->  y=[1x4096]  (T=1, K=310)
  - op#01  op=Add      shard=-1  a=[1x4096] + b=[1x4096]  ->  y=[1x4096]  (T=1, K=310)
  - op#02  op=LN       shard=-1  x=[1x4096] + w=[4096]  ->  y=[1x4096]  (T=1, K=310)
  - op#03  op=FFN_W3   shard=0   x=[1x4096] + w=[5504x4096]  ->  y=[1x5504]  (T=1, K=310)
  - op#04  op=FFN_W3   shard=1   x=[1x4096] + w=[5504x4096]  ->  y=[1x5504]  (T=1, K=310)
  - op#05  op=SwiGLU   shard=0   a=[1x5504] + b=[1x5504]  ->  y=[1x5504]  (T=1, K=310)
  - op#06  op=SwiGLU   shard=1   a=[1x5504] + b=[1x5504]  ->  y=[1x5504]  (T=1, K=310)
  - op#07  op=Add      shard=-1  a=[1x4096] + b=[1x4096]  ->  y=[1x4096]  (T=1, K=310)
[gpu-debug] per-op timing breakdown (avg over iters):
  idx  op       sh  io                                                    time   est_flops    TFLOPs       bytes      GB/s
  ------------------------------------------------------------------------------------------------------------------------
    0  LN       -1  x[1x4096]+w[4096]->y[1x4096]                        0.067ms    20.480 K      0.00   24.00 KiB      0.37
    1  Add      -1  a[1x4096]+b[1x4096]->y[1x4096]                      0.017ms     4.096 K      0.00   24.00 KiB      1.43
    2  LN       -1  x[1x4096]+w[4096]->y[1x4096]                        0.058ms    20.480 K      0.00   24.00 KiB      0.43
    3  FFN_W3    0  x[1x4096]+w[5504x4096]->y[1x5504]                   0.059ms    45.089 M      0.77   43.02 MiB    770.12
    4  FFN_W3    1  x[1x4096]+w[5504x4096]->y[1x5504]                   0.040ms    45.089 M      1.13   43.02 MiB   1126.62
    5  SwiGLU    0  a[1x5504]+b[1x5504]->y[1x5504]                      0.009ms    33.024 K      0.00   32.25 KiB      3.75
    6  SwiGLU    1  a[1x5504]+b[1x5504]->y[1x5504]                      0.013ms    33.024 K      0.00   32.25 KiB      2.54
    7  Add      -1  a[1x4096]+b[1x4096]->y[1x4096]                      0.017ms     4.096 K      0.00   24.00 KiB      1.47
[gpu-debug] segment avg latency (cuda_events): 0.179 ms
[gpu-debug] sum(per-op)               : 0.279 ms (ratio=1.560)
[gpu-debug] NOTE: sum(per-op) may differ from segment latency due to Python overhead, event/launch overhead, and allocator/cache effects.
[gpu-debug] cuda mem before warmup: alloc=96.15 MiB reserved=110.00 MiB
[gpu-debug] cuda mem after warmup : alloc=96.15 MiB reserved=110.00 MiB
[gpu-debug] cuda mem peak (this segment): max_alloc=96.17 MiB max_reserved=110.00 MiB
========================================================================================
[gpu-debug] segment_key=npu|decode|60|ff6dcf33668f3ebc9cf61e7eb43c6a84
[gpu-debug] sig: device_type=npu phase=decode step=60 (count_hint=32)
[gpu-debug] ops_repr: LN:-1,Add:-1,LN:-1,FFN_W3:0,FFN_W3:1,SwiGLU:0,SwiGLU:1,Add:-1
[gpu-debug] cfg: device=cuda dtype=torch.bfloat16 dim=4096 ffn_dim=11008 n_heads=32 shards=2
[gpu-debug] op plan (with inferred tensor shapes):
  - op#00  op=LN       shard=-1  x=[1x4096] + w=[4096]  ->  y=[1x4096]  (T=1, K=970)
  - op#01  op=Add      shard=-1  a=[1x4096] + b=[1x4096]  ->  y=[1x4096]  (T=1, K=970)
  - op#02  op=LN       shard=-1  x=[1x4096] + w=[4096]  ->  y=[1x4096]  (T=1, K=970)
  - op#03  op=FFN_W3   shard=0   x=[1x4096] + w=[5504x4096]  ->  y=[1x5504]  (T=1, K=970)
  - op#04  op=FFN_W3   shard=1   x=[1x4096] + w=[5504x4096]  ->  y=[1x5504]  (T=1, K=970)
  - op#05  op=SwiGLU   shard=0   a=[1x5504] + b=[1x5504]  ->  y=[1x5504]  (T=1, K=970)
  - op#06  op=SwiGLU   shard=1   a=[1x5504] + b=[1x5504]  ->  y=[1x5504]  (T=1, K=970)
  - op#07  op=Add      shard=-1  a=[1x4096] + b=[1x4096]  ->  y=[1x4096]  (T=1, K=970)
[gpu-debug] per-op timing breakdown (avg over iters):
  idx  op       sh  io                                                    time   est_flops    TFLOPs       bytes      GB/s
  ------------------------------------------------------------------------------------------------------------------------
    0  LN       -1  x[1x4096]+w[4096]->y[1x4096]                        0.066ms    20.480 K      0.00   24.00 KiB      0.37
    1  Add      -1  a[1x4096]+b[1x4096]->y[1x4096]                      0.016ms     4.096 K      0.00   24.00 KiB      1.49
    2  LN       -1  x[1x4096]+w[4096]->y[1x4096]                        0.058ms    20.480 K      0.00   24.00 KiB      0.42
    3  FFN_W3    0  x[1x4096]+w[5504x4096]->y[1x5504]                   0.058ms    45.089 M      0.77   43.02 MiB    771.47
    4  FFN_W3    1  x[1x4096]+w[5504x4096]->y[1x5504]                   0.040ms    45.089 M      1.12   43.02 MiB   1123.74
    5  SwiGLU    0  a[1x5504]+b[1x5504]->y[1x5504]                      0.009ms    33.024 K      0.00   32.25 KiB      3.66
    6  SwiGLU    1  a[1x5504]+b[1x5504]->y[1x5504]                      0.015ms    33.024 K      0.00   32.25 KiB      2.19
    7  Add      -1  a[1x4096]+b[1x4096]->y[1x4096]                      0.016ms     4.096 K      0.00   24.00 KiB      1.51
[gpu-debug] segment avg latency (cuda_events): 0.182 ms
[gpu-debug] sum(per-op)               : 0.280 ms (ratio=1.535)
[gpu-debug] NOTE: sum(per-op) may differ from segment latency due to Python overhead, event/launch overhead, and allocator/cache effects.
[gpu-debug] cuda mem before warmup: alloc=96.15 MiB reserved=110.00 MiB
[gpu-debug] cuda mem after warmup : alloc=96.15 MiB reserved=110.00 MiB
[gpu-debug] cuda mem peak (this segment): max_alloc=96.17 MiB max_reserved=110.00 MiB
========================================================================================
[gpu-debug] segment_key=npu|decode|61|ff6dcf33668f3ebc9cf61e7eb43c6a84
[gpu-debug] sig: device_type=npu phase=decode step=61 (count_hint=32)
[gpu-debug] ops_repr: LN:-1,Add:-1,LN:-1,FFN_W3:0,FFN_W3:1,SwiGLU:0,SwiGLU:1,Add:-1
[gpu-debug] cfg: device=cuda dtype=torch.bfloat16 dim=4096 ffn_dim=11008 n_heads=32 shards=2
[gpu-debug] op plan (with inferred tensor shapes):
  - op#00  op=LN       shard=-1  x=[1x4096] + w=[4096]  ->  y=[1x4096]  (T=1, K=982)
  - op#01  op=Add      shard=-1  a=[1x4096] + b=[1x4096]  ->  y=[1x4096]  (T=1, K=982)
  - op#02  op=LN       shard=-1  x=[1x4096] + w=[4096]  ->  y=[1x4096]  (T=1, K=982)
  - op#03  op=FFN_W3   shard=0   x=[1x4096] + w=[5504x4096]  ->  y=[1x5504]  (T=1, K=982)
  - op#04  op=FFN_W3   shard=1   x=[1x4096] + w=[5504x4096]  ->  y=[1x5504]  (T=1, K=982)
  - op#05  op=SwiGLU   shard=0   a=[1x5504] + b=[1x5504]  ->  y=[1x5504]  (T=1, K=982)
  - op#06  op=SwiGLU   shard=1   a=[1x5504] + b=[1x5504]  ->  y=[1x5504]  (T=1, K=982)
  - op#07  op=Add      shard=-1  a=[1x4096] + b=[1x4096]  ->  y=[1x4096]  (T=1, K=982)
[gpu-debug] per-op timing breakdown (avg over iters):
  idx  op       sh  io                                                    time   est_flops    TFLOPs       bytes      GB/s
  ------------------------------------------------------------------------------------------------------------------------
    0  LN       -1  x[1x4096]+w[4096]->y[1x4096]                        0.066ms    20.480 K      0.00   24.00 KiB      0.37
    1  Add      -1  a[1x4096]+b[1x4096]->y[1x4096]                      0.017ms     4.096 K      0.00   24.00 KiB      1.45
    2  LN       -1  x[1x4096]+w[4096]->y[1x4096]                        0.059ms    20.480 K      0.00   24.00 KiB      0.42
    3  FFN_W3    0  x[1x4096]+w[5504x4096]->y[1x5504]                   0.058ms    45.089 M      0.78   43.02 MiB    775.54
    4  FFN_W3    1  x[1x4096]+w[5504x4096]->y[1x5504]                   0.040ms    45.089 M      1.13   43.02 MiB   1126.62
    5  SwiGLU    0  a[1x5504]+b[1x5504]->y[1x5504]                      0.009ms    33.024 K      0.00   32.25 KiB      3.71
    6  SwiGLU    1  a[1x5504]+b[1x5504]->y[1x5504]                      0.013ms    33.024 K      0.00   32.25 KiB      2.48
    7  Add      -1  a[1x4096]+b[1x4096]->y[1x4096]                      0.017ms     4.096 K      0.00   24.00 KiB      1.47
[gpu-debug] segment avg latency (cuda_events): 0.180 ms
[gpu-debug] sum(per-op)               : 0.279 ms (ratio=1.549)
[gpu-debug] NOTE: sum(per-op) may differ from segment latency due to Python overhead, event/launch overhead, and allocator/cache effects.
[gpu-debug] cuda mem before warmup: alloc=96.15 MiB reserved=110.00 MiB
[gpu-debug] cuda mem after warmup : alloc=96.15 MiB reserved=110.00 MiB
[gpu-debug] cuda mem peak (this segment): max_alloc=96.17 MiB max_reserved=110.00 MiB
========================================================================================
[gpu-debug] segment_key=npu|decode|62|ff6dcf33668f3ebc9cf61e7eb43c6a84
[gpu-debug] sig: device_type=npu phase=decode step=62 (count_hint=32)
[gpu-debug] ops_repr: LN:-1,Add:-1,LN:-1,FFN_W3:0,FFN_W3:1,SwiGLU:0,SwiGLU:1,Add:-1
[gpu-debug] cfg: device=cuda dtype=torch.bfloat16 dim=4096 ffn_dim=11008 n_heads=32 shards=2
[gpu-debug] op plan (with inferred tensor shapes):
  - op#00  op=LN       shard=-1  x=[1x4096] + w=[4096]  ->  y=[1x4096]  (T=1, K=994)
  - op#01  op=Add      shard=-1  a=[1x4096] + b=[1x4096]  ->  y=[1x4096]  (T=1, K=994)
  - op#02  op=LN       shard=-1  x=[1x4096] + w=[4096]  ->  y=[1x4096]  (T=1, K=994)
  - op#03  op=FFN_W3   shard=0   x=[1x4096] + w=[5504x4096]  ->  y=[1x5504]  (T=1, K=994)
  - op#04  op=FFN_W3   shard=1   x=[1x4096] + w=[5504x4096]  ->  y=[1x5504]  (T=1, K=994)
  - op#05  op=SwiGLU   shard=0   a=[1x5504] + b=[1x5504]  ->  y=[1x5504]  (T=1, K=994)
  - op#06  op=SwiGLU   shard=1   a=[1x5504] + b=[1x5504]  ->  y=[1x5504]  (T=1, K=994)
  - op#07  op=Add      shard=-1  a=[1x4096] + b=[1x4096]  ->  y=[1x4096]  (T=1, K=994)
[gpu-debug] per-op timing breakdown (avg over iters):
  idx  op       sh  io                                                    time   est_flops    TFLOPs       bytes      GB/s
  ------------------------------------------------------------------------------------------------------------------------
    0  LN       -1  x[1x4096]+w[4096]->y[1x4096]                        0.067ms    20.480 K      0.00   24.00 KiB      0.37
    1  Add      -1  a[1x4096]+b[1x4096]->y[1x4096]                      0.017ms     4.096 K      0.00   24.00 KiB      1.46
    2  LN       -1  x[1x4096]+w[4096]->y[1x4096]                        0.058ms    20.480 K      0.00   24.00 KiB      0.42
    3  FFN_W3    0  x[1x4096]+w[5504x4096]->y[1x5504]                   0.059ms    45.089 M      0.77   43.02 MiB    770.12
    4  FFN_W3    1  x[1x4096]+w[5504x4096]->y[1x5504]                   0.040ms    45.089 M      1.13   43.02 MiB   1126.62
    5  SwiGLU    0  a[1x5504]+b[1x5504]->y[1x5504]                      0.009ms    33.024 K      0.00   32.25 KiB      3.75
    6  SwiGLU    1  a[1x5504]+b[1x5504]->y[1x5504]                      0.014ms    33.024 K      0.00   32.25 KiB      2.35
    7  Add      -1  a[1x4096]+b[1x4096]->y[1x4096]                      0.017ms     4.096 K      0.00   24.00 KiB      1.45
[gpu-debug] segment avg latency (cuda_events): 0.180 ms
[gpu-debug] sum(per-op)               : 0.280 ms (ratio=1.558)
[gpu-debug] NOTE: sum(per-op) may differ from segment latency due to Python overhead, event/launch overhead, and allocator/cache effects.
[gpu-debug] cuda mem before warmup: alloc=96.15 MiB reserved=110.00 MiB
[gpu-debug] cuda mem after warmup : alloc=96.15 MiB reserved=110.00 MiB
[gpu-debug] cuda mem peak (this segment): max_alloc=96.17 MiB max_reserved=110.00 MiB
========================================================================================
[gpu-debug] segment_key=npu|decode|63|ff6dcf33668f3ebc9cf61e7eb43c6a84
[gpu-debug] sig: device_type=npu phase=decode step=63 (count_hint=32)
[gpu-debug] ops_repr: LN:-1,Add:-1,LN:-1,FFN_W3:0,FFN_W3:1,SwiGLU:0,SwiGLU:1,Add:-1
[gpu-debug] cfg: device=cuda dtype=torch.bfloat16 dim=4096 ffn_dim=11008 n_heads=32 shards=2
[gpu-debug] op plan (with inferred tensor shapes):
  - op#00  op=LN       shard=-1  x=[1x4096] + w=[4096]  ->  y=[1x4096]  (T=1, K=1006)
  - op#01  op=Add      shard=-1  a=[1x4096] + b=[1x4096]  ->  y=[1x4096]  (T=1, K=1006)
  - op#02  op=LN       shard=-1  x=[1x4096] + w=[4096]  ->  y=[1x4096]  (T=1, K=1006)
  - op#03  op=FFN_W3   shard=0   x=[1x4096] + w=[5504x4096]  ->  y=[1x5504]  (T=1, K=1006)
  - op#04  op=FFN_W3   shard=1   x=[1x4096] + w=[5504x4096]  ->  y=[1x5504]  (T=1, K=1006)
  - op#05  op=SwiGLU   shard=0   a=[1x5504] + b=[1x5504]  ->  y=[1x5504]  (T=1, K=1006)
  - op#06  op=SwiGLU   shard=1   a=[1x5504] + b=[1x5504]  ->  y=[1x5504]  (T=1, K=1006)
  - op#07  op=Add      shard=-1  a=[1x4096] + b=[1x4096]  ->  y=[1x4096]  (T=1, K=1006)
[gpu-debug] per-op timing breakdown (avg over iters):
  idx  op       sh  io                                                    time   est_flops    TFLOPs       bytes      GB/s
  ------------------------------------------------------------------------------------------------------------------------
    0  LN       -1  x[1x4096]+w[4096]->y[1x4096]                        0.066ms    20.480 K      0.00   24.00 KiB      0.37
    1  Add      -1  a[1x4096]+b[1x4096]->y[1x4096]                      0.017ms     4.096 K      0.00   24.00 KiB      1.48
    2  LN       -1  x[1x4096]+w[4096]->y[1x4096]                        0.058ms    20.480 K      0.00   24.00 KiB      0.43
    3  FFN_W3    0  x[1x4096]+w[5504x4096]->y[1x5504]                   0.058ms    45.089 M      0.77   43.02 MiB    774.18
    4  FFN_W3    1  x[1x4096]+w[5504x4096]->y[1x5504]                   0.040ms    45.089 M      1.13   43.02 MiB   1129.51
    5  SwiGLU    0  a[1x5504]+b[1x5504]->y[1x5504]                      0.009ms    33.024 K      0.00   32.25 KiB      3.66
    6  SwiGLU    1  a[1x5504]+b[1x5504]->y[1x5504]                      0.016ms    33.024 K      0.00   32.25 KiB      2.05
    7  Add      -1  a[1x4096]+b[1x4096]->y[1x4096]                      0.017ms     4.096 K      0.00   24.00 KiB      1.47
[gpu-debug] segment avg latency (cuda_events): 0.179 ms
[gpu-debug] sum(per-op)               : 0.280 ms (ratio=1.563)
[gpu-debug] NOTE: sum(per-op) may differ from segment latency due to Python overhead, event/launch overhead, and allocator/cache effects.
[gpu-debug] cuda mem before warmup: alloc=96.15 MiB reserved=110.00 MiB
[gpu-debug] cuda mem after warmup : alloc=96.15 MiB reserved=110.00 MiB
[gpu-debug] cuda mem peak (this segment): max_alloc=96.17 MiB max_reserved=110.00 MiB
========================================================================================
[gpu-debug] segment_key=npu|decode|64|ff6dcf33668f3ebc9cf61e7eb43c6a84
[gpu-debug] sig: device_type=npu phase=decode step=64 (count_hint=32)
[gpu-debug] ops_repr: LN:-1,Add:-1,LN:-1,FFN_W3:0,FFN_W3:1,SwiGLU:0,SwiGLU:1,Add:-1
[gpu-debug] cfg: device=cuda dtype=torch.bfloat16 dim=4096 ffn_dim=11008 n_heads=32 shards=2
[gpu-debug] op plan (with inferred tensor shapes):
  - op#00  op=LN       shard=-1  x=[1x4096] + w=[4096]  ->  y=[1x4096]  (T=1, K=1018)
  - op#01  op=Add      shard=-1  a=[1x4096] + b=[1x4096]  ->  y=[1x4096]  (T=1, K=1018)
  - op#02  op=LN       shard=-1  x=[1x4096] + w=[4096]  ->  y=[1x4096]  (T=1, K=1018)
  - op#03  op=FFN_W3   shard=0   x=[1x4096] + w=[5504x4096]  ->  y=[1x5504]  (T=1, K=1018)
  - op#04  op=FFN_W3   shard=1   x=[1x4096] + w=[5504x4096]  ->  y=[1x5504]  (T=1, K=1018)
  - op#05  op=SwiGLU   shard=0   a=[1x5504] + b=[1x5504]  ->  y=[1x5504]  (T=1, K=1018)
  - op#06  op=SwiGLU   shard=1   a=[1x5504] + b=[1x5504]  ->  y=[1x5504]  (T=1, K=1018)
  - op#07  op=Add      shard=-1  a=[1x4096] + b=[1x4096]  ->  y=[1x4096]  (T=1, K=1018)
[gpu-debug] per-op timing breakdown (avg over iters):
  idx  op       sh  io                                                    time   est_flops    TFLOPs       bytes      GB/s
  ------------------------------------------------------------------------------------------------------------------------
    0  LN       -1  x[1x4096]+w[4096]->y[1x4096]                        0.066ms    20.480 K      0.00   24.00 KiB      0.37
    1  Add      -1  a[1x4096]+b[1x4096]->y[1x4096]                      0.016ms     4.096 K      0.00   24.00 KiB      1.49
    2  LN       -1  x[1x4096]+w[4096]->y[1x4096]                        0.060ms    20.480 K      0.00   24.00 KiB      0.41
    3  FFN_W3    0  x[1x4096]+w[5504x4096]->y[1x5504]                   0.059ms    45.089 M      0.77   43.02 MiB    770.12
    4  FFN_W3    1  x[1x4096]+w[5504x4096]->y[1x5504]                   0.040ms    45.089 M      1.12   43.02 MiB   1118.04
    5  SwiGLU    0  a[1x5504]+b[1x5504]->y[1x5504]                      0.009ms    33.024 K      0.00   32.25 KiB      3.58
    6  SwiGLU    1  a[1x5504]+b[1x5504]->y[1x5504]                      0.013ms    33.024 K      0.00   32.25 KiB      2.50
    7  Add      -1  a[1x4096]+b[1x4096]->y[1x4096]                      0.016ms     4.096 K      0.00   24.00 KiB      1.52
[gpu-debug] segment avg latency (cuda_events): 0.181 ms
[gpu-debug] sum(per-op)               : 0.279 ms (ratio=1.545)
[gpu-debug] NOTE: sum(per-op) may differ from segment latency due to Python overhead, event/launch overhead, and allocator/cache effects.
[gpu-debug] cuda mem before warmup: alloc=96.15 MiB reserved=110.00 MiB
[gpu-debug] cuda mem after warmup : alloc=96.15 MiB reserved=110.00 MiB
[gpu-debug] cuda mem peak (this segment): max_alloc=96.17 MiB max_reserved=110.00 MiB
========================================================================================
[gpu-debug] segment_key=npu|decode|65|ff6dcf33668f3ebc9cf61e7eb43c6a84
[gpu-debug] sig: device_type=npu phase=decode step=65 (count_hint=32)
[gpu-debug] ops_repr: LN:-1,Add:-1,LN:-1,FFN_W3:0,FFN_W3:1,SwiGLU:0,SwiGLU:1,Add:-1
[gpu-debug] cfg: device=cuda dtype=torch.bfloat16 dim=4096 ffn_dim=11008 n_heads=32 shards=2
[gpu-debug] op plan (with inferred tensor shapes):
  - op#00  op=LN       shard=-1  x=[1x4096] + w=[4096]  ->  y=[1x4096]  (T=1, K=1030)
  - op#01  op=Add      shard=-1  a=[1x4096] + b=[1x4096]  ->  y=[1x4096]  (T=1, K=1030)
  - op#02  op=LN       shard=-1  x=[1x4096] + w=[4096]  ->  y=[1x4096]  (T=1, K=1030)
  - op#03  op=FFN_W3   shard=0   x=[1x4096] + w=[5504x4096]  ->  y=[1x5504]  (T=1, K=1030)
  - op#04  op=FFN_W3   shard=1   x=[1x4096] + w=[5504x4096]  ->  y=[1x5504]  (T=1, K=1030)
  - op#05  op=SwiGLU   shard=0   a=[1x5504] + b=[1x5504]  ->  y=[1x5504]  (T=1, K=1030)
  - op#06  op=SwiGLU   shard=1   a=[1x5504] + b=[1x5504]  ->  y=[1x5504]  (T=1, K=1030)
  - op#07  op=Add      shard=-1  a=[1x4096] + b=[1x4096]  ->  y=[1x4096]  (T=1, K=1030)
[gpu-debug] per-op timing breakdown (avg over iters):
  idx  op       sh  io                                                    time   est_flops    TFLOPs       bytes      GB/s
  ------------------------------------------------------------------------------------------------------------------------
    0  LN       -1  x[1x4096]+w[4096]->y[1x4096]                        0.067ms    20.480 K      0.00   24.00 KiB      0.37
    1  Add      -1  a[1x4096]+b[1x4096]->y[1x4096]                      0.017ms     4.096 K      0.00   24.00 KiB      1.48
    2  LN       -1  x[1x4096]+w[4096]->y[1x4096]                        0.057ms    20.480 K      0.00   24.00 KiB      0.43
    3  FFN_W3    0  x[1x4096]+w[5504x4096]->y[1x5504]                   0.059ms    45.089 M      0.76   43.02 MiB    763.44
    4  FFN_W3    1  x[1x4096]+w[5504x4096]->y[1x5504]                   0.040ms    45.089 M      1.13   43.02 MiB   1132.41
    5  SwiGLU    0  a[1x5504]+b[1x5504]->y[1x5504]                      0.009ms    33.024 K      0.00   32.25 KiB      3.79
    6  SwiGLU    1  a[1x5504]+b[1x5504]->y[1x5504]                      0.016ms    33.024 K      0.00   32.25 KiB      2.02
    7  Add      -1  a[1x4096]+b[1x4096]->y[1x4096]                      0.016ms     4.096 K      0.00   24.00 KiB      1.49
[gpu-debug] segment avg latency (cuda_events): 0.182 ms
[gpu-debug] sum(per-op)               : 0.281 ms (ratio=1.545)
[gpu-debug] NOTE: sum(per-op) may differ from segment latency due to Python overhead, event/launch overhead, and allocator/cache effects.
[gpu-debug] cuda mem before warmup: alloc=96.15 MiB reserved=110.00 MiB
[gpu-debug] cuda mem after warmup : alloc=96.15 MiB reserved=110.00 MiB
[gpu-debug] cuda mem peak (this segment): max_alloc=96.17 MiB max_reserved=110.00 MiB
========================================================================================
[gpu-debug] segment_key=npu|decode|66|ff6dcf33668f3ebc9cf61e7eb43c6a84
[gpu-debug] sig: device_type=npu phase=decode step=66 (count_hint=32)
[gpu-debug] ops_repr: LN:-1,Add:-1,LN:-1,FFN_W3:0,FFN_W3:1,SwiGLU:0,SwiGLU:1,Add:-1
[gpu-debug] cfg: device=cuda dtype=torch.bfloat16 dim=4096 ffn_dim=11008 n_heads=32 shards=2
[gpu-debug] op plan (with inferred tensor shapes):
  - op#00  op=LN       shard=-1  x=[1x4096] + w=[4096]  ->  y=[1x4096]  (T=1, K=1042)
  - op#01  op=Add      shard=-1  a=[1x4096] + b=[1x4096]  ->  y=[1x4096]  (T=1, K=1042)
  - op#02  op=LN       shard=-1  x=[1x4096] + w=[4096]  ->  y=[1x4096]  (T=1, K=1042)
  - op#03  op=FFN_W3   shard=0   x=[1x4096] + w=[5504x4096]  ->  y=[1x5504]  (T=1, K=1042)
  - op#04  op=FFN_W3   shard=1   x=[1x4096] + w=[5504x4096]  ->  y=[1x5504]  (T=1, K=1042)
  - op#05  op=SwiGLU   shard=0   a=[1x5504] + b=[1x5504]  ->  y=[1x5504]  (T=1, K=1042)
  - op#06  op=SwiGLU   shard=1   a=[1x5504] + b=[1x5504]  ->  y=[1x5504]  (T=1, K=1042)
  - op#07  op=Add      shard=-1  a=[1x4096] + b=[1x4096]  ->  y=[1x4096]  (T=1, K=1042)
[gpu-debug] per-op timing breakdown (avg over iters):
  idx  op       sh  io                                                    time   est_flops    TFLOPs       bytes      GB/s
  ------------------------------------------------------------------------------------------------------------------------
    0  LN       -1  x[1x4096]+w[4096]->y[1x4096]                        0.068ms    20.480 K      0.00   24.00 KiB      0.36
    1  Add      -1  a[1x4096]+b[1x4096]->y[1x4096]                      0.017ms     4.096 K      0.00   24.00 KiB      1.46
    2  LN       -1  x[1x4096]+w[4096]->y[1x4096]                        0.059ms    20.480 K      0.00   24.00 KiB      0.42
    3  FFN_W3    0  x[1x4096]+w[5504x4096]->y[1x5504]                   0.058ms    45.089 M      0.77   43.02 MiB    771.47
    4  FFN_W3    1  x[1x4096]+w[5504x4096]->y[1x5504]                   0.040ms    45.089 M      1.13   43.02 MiB   1129.51
    5  SwiGLU    0  a[1x5504]+b[1x5504]->y[1x5504]                      0.009ms    33.024 K      0.00   32.25 KiB      3.62
    6  SwiGLU    1  a[1x5504]+b[1x5504]->y[1x5504]                      0.014ms    33.024 K      0.00   32.25 KiB      2.37
    7  Add      -1  a[1x4096]+b[1x4096]->y[1x4096]                      0.016ms     4.096 K      0.00   24.00 KiB      1.54
[gpu-debug] segment avg latency (cuda_events): 0.180 ms
[gpu-debug] sum(per-op)               : 0.281 ms (ratio=1.557)
[gpu-debug] NOTE: sum(per-op) may differ from segment latency due to Python overhead, event/launch overhead, and allocator/cache effects.
[gpu-debug] cuda mem before warmup: alloc=96.15 MiB reserved=110.00 MiB
[gpu-debug] cuda mem after warmup : alloc=96.15 MiB reserved=110.00 MiB
[gpu-debug] cuda mem peak (this segment): max_alloc=96.17 MiB max_reserved=110.00 MiB
========================================================================================
[gpu-debug] segment_key=npu|decode|67|ff6dcf33668f3ebc9cf61e7eb43c6a84
[gpu-debug] sig: device_type=npu phase=decode step=67 (count_hint=32)
[gpu-debug] ops_repr: LN:-1,Add:-1,LN:-1,FFN_W3:0,FFN_W3:1,SwiGLU:0,SwiGLU:1,Add:-1
[gpu-debug] cfg: device=cuda dtype=torch.bfloat16 dim=4096 ffn_dim=11008 n_heads=32 shards=2
[gpu-debug] op plan (with inferred tensor shapes):
  - op#00  op=LN       shard=-1  x=[1x4096] + w=[4096]  ->  y=[1x4096]  (T=1, K=1054)
  - op#01  op=Add      shard=-1  a=[1x4096] + b=[1x4096]  ->  y=[1x4096]  (T=1, K=1054)
  - op#02  op=LN       shard=-1  x=[1x4096] + w=[4096]  ->  y=[1x4096]  (T=1, K=1054)
  - op#03  op=FFN_W3   shard=0   x=[1x4096] + w=[5504x4096]  ->  y=[1x5504]  (T=1, K=1054)
  - op#04  op=FFN_W3   shard=1   x=[1x4096] + w=[5504x4096]  ->  y=[1x5504]  (T=1, K=1054)
  - op#05  op=SwiGLU   shard=0   a=[1x5504] + b=[1x5504]  ->  y=[1x5504]  (T=1, K=1054)
  - op#06  op=SwiGLU   shard=1   a=[1x5504] + b=[1x5504]  ->  y=[1x5504]  (T=1, K=1054)
  - op#07  op=Add      shard=-1  a=[1x4096] + b=[1x4096]  ->  y=[1x4096]  (T=1, K=1054)
[gpu-debug] per-op timing breakdown (avg over iters):
  idx  op       sh  io                                                    time   est_flops    TFLOPs       bytes      GB/s
  ------------------------------------------------------------------------------------------------------------------------
    0  LN       -1  x[1x4096]+w[4096]->y[1x4096]                        0.067ms    20.480 K      0.00   24.00 KiB      0.37
    1  Add      -1  a[1x4096]+b[1x4096]->y[1x4096]                      0.016ms     4.096 K      0.00   24.00 KiB      1.50
    2  LN       -1  x[1x4096]+w[4096]->y[1x4096]                        0.058ms    20.480 K      0.00   24.00 KiB      0.43
    3  FFN_W3    0  x[1x4096]+w[5504x4096]->y[1x5504]                   0.059ms    45.089 M      0.77   43.02 MiB    767.43
    4  FFN_W3    1  x[1x4096]+w[5504x4096]->y[1x5504]                   0.040ms    45.089 M      1.12   43.02 MiB   1123.74
    5  SwiGLU    0  a[1x5504]+b[1x5504]->y[1x5504]                      0.009ms    33.024 K      0.00   32.25 KiB      3.84
    6  SwiGLU    1  a[1x5504]+b[1x5504]->y[1x5504]                      0.016ms    33.024 K      0.00   32.25 KiB      2.05
    7  Add      -1  a[1x4096]+b[1x4096]->y[1x4096]                      0.017ms     4.096 K      0.00   24.00 KiB      1.48
[gpu-debug] segment avg latency (cuda_events): 0.180 ms
[gpu-debug] sum(per-op)               : 0.281 ms (ratio=1.559)
[gpu-debug] NOTE: sum(per-op) may differ from segment latency due to Python overhead, event/launch overhead, and allocator/cache effects.
[gpu-debug] cuda mem before warmup: alloc=96.15 MiB reserved=110.00 MiB
[gpu-debug] cuda mem after warmup : alloc=96.15 MiB reserved=110.00 MiB
[gpu-debug] cuda mem peak (this segment): max_alloc=96.17 MiB max_reserved=110.00 MiB
========================================================================================
[gpu-debug] segment_key=npu|decode|68|ff6dcf33668f3ebc9cf61e7eb43c6a84
[gpu-debug] sig: device_type=npu phase=decode step=68 (count_hint=32)
[gpu-debug] ops_repr: LN:-1,Add:-1,LN:-1,FFN_W3:0,FFN_W3:1,SwiGLU:0,SwiGLU:1,Add:-1
[gpu-debug] cfg: device=cuda dtype=torch.bfloat16 dim=4096 ffn_dim=11008 n_heads=32 shards=2
[gpu-debug] op plan (with inferred tensor shapes):
  - op#00  op=LN       shard=-1  x=[1x4096] + w=[4096]  ->  y=[1x4096]  (T=1, K=1066)
  - op#01  op=Add      shard=-1  a=[1x4096] + b=[1x4096]  ->  y=[1x4096]  (T=1, K=1066)
  - op#02  op=LN       shard=-1  x=[1x4096] + w=[4096]  ->  y=[1x4096]  (T=1, K=1066)
  - op#03  op=FFN_W3   shard=0   x=[1x4096] + w=[5504x4096]  ->  y=[1x5504]  (T=1, K=1066)
  - op#04  op=FFN_W3   shard=1   x=[1x4096] + w=[5504x4096]  ->  y=[1x5504]  (T=1, K=1066)
  - op#05  op=SwiGLU   shard=0   a=[1x5504] + b=[1x5504]  ->  y=[1x5504]  (T=1, K=1066)
  - op#06  op=SwiGLU   shard=1   a=[1x5504] + b=[1x5504]  ->  y=[1x5504]  (T=1, K=1066)
  - op#07  op=Add      shard=-1  a=[1x4096] + b=[1x4096]  ->  y=[1x4096]  (T=1, K=1066)
[gpu-debug] per-op timing breakdown (avg over iters):
  idx  op       sh  io                                                    time   est_flops    TFLOPs       bytes      GB/s
  ------------------------------------------------------------------------------------------------------------------------
    0  LN       -1  x[1x4096]+w[4096]->y[1x4096]                        0.066ms    20.480 K      0.00   24.00 KiB      0.37
    1  Add      -1  a[1x4096]+b[1x4096]->y[1x4096]                      0.017ms     4.096 K      0.00   24.00 KiB      1.46
    2  LN       -1  x[1x4096]+w[4096]->y[1x4096]                        0.058ms    20.480 K      0.00   24.00 KiB      0.43
    3  FFN_W3    0  x[1x4096]+w[5504x4096]->y[1x5504]                   0.058ms    45.089 M      0.77   43.02 MiB    774.18
    4  FFN_W3    1  x[1x4096]+w[5504x4096]->y[1x5504]                   0.040ms    45.089 M      1.13   43.02 MiB   1129.51
    5  SwiGLU    0  a[1x5504]+b[1x5504]->y[1x5504]                      0.009ms    33.024 K      0.00   32.25 KiB      3.75
    6  SwiGLU    1  a[1x5504]+b[1x5504]->y[1x5504]                      0.017ms    33.024 K      0.00   32.25 KiB      1.98
    7  Add      -1  a[1x4096]+b[1x4096]->y[1x4096]                      0.017ms     4.096 K      0.00   24.00 KiB      1.48
[gpu-debug] segment avg latency (cuda_events): 0.180 ms
[gpu-debug] sum(per-op)               : 0.281 ms (ratio=1.563)
[gpu-debug] NOTE: sum(per-op) may differ from segment latency due to Python overhead, event/launch overhead, and allocator/cache effects.
[gpu-debug] cuda mem before warmup: alloc=96.15 MiB reserved=110.00 MiB
[gpu-debug] cuda mem after warmup : alloc=96.15 MiB reserved=110.00 MiB
[gpu-debug] cuda mem peak (this segment): max_alloc=96.17 MiB max_reserved=110.00 MiB
========================================================================================
[gpu-debug] segment_key=npu|decode|69|ff6dcf33668f3ebc9cf61e7eb43c6a84
[gpu-debug] sig: device_type=npu phase=decode step=69 (count_hint=32)
[gpu-debug] ops_repr: LN:-1,Add:-1,LN:-1,FFN_W3:0,FFN_W3:1,SwiGLU:0,SwiGLU:1,Add:-1
[gpu-debug] cfg: device=cuda dtype=torch.bfloat16 dim=4096 ffn_dim=11008 n_heads=32 shards=2
[gpu-debug] op plan (with inferred tensor shapes):
  - op#00  op=LN       shard=-1  x=[1x4096] + w=[4096]  ->  y=[1x4096]  (T=1, K=1078)
  - op#01  op=Add      shard=-1  a=[1x4096] + b=[1x4096]  ->  y=[1x4096]  (T=1, K=1078)
  - op#02  op=LN       shard=-1  x=[1x4096] + w=[4096]  ->  y=[1x4096]  (T=1, K=1078)
  - op#03  op=FFN_W3   shard=0   x=[1x4096] + w=[5504x4096]  ->  y=[1x5504]  (T=1, K=1078)
  - op#04  op=FFN_W3   shard=1   x=[1x4096] + w=[5504x4096]  ->  y=[1x5504]  (T=1, K=1078)
  - op#05  op=SwiGLU   shard=0   a=[1x5504] + b=[1x5504]  ->  y=[1x5504]  (T=1, K=1078)
  - op#06  op=SwiGLU   shard=1   a=[1x5504] + b=[1x5504]  ->  y=[1x5504]  (T=1, K=1078)
  - op#07  op=Add      shard=-1  a=[1x4096] + b=[1x4096]  ->  y=[1x4096]  (T=1, K=1078)
[gpu-debug] per-op timing breakdown (avg over iters):
  idx  op       sh  io                                                    time   est_flops    TFLOPs       bytes      GB/s
  ------------------------------------------------------------------------------------------------------------------------
    0  LN       -1  x[1x4096]+w[4096]->y[1x4096]                        0.067ms    20.480 K      0.00   24.00 KiB      0.37
    1  Add      -1  a[1x4096]+b[1x4096]->y[1x4096]                      0.017ms     4.096 K      0.00   24.00 KiB      1.45
    2  LN       -1  x[1x4096]+w[4096]->y[1x4096]                        0.058ms    20.480 K      0.00   24.00 KiB      0.42
    3  FFN_W3    0  x[1x4096]+w[5504x4096]->y[1x5504]                   0.058ms    45.089 M      0.78   43.02 MiB    778.28
    4  FFN_W3    1  x[1x4096]+w[5504x4096]->y[1x5504]                   0.040ms    45.089 M      1.12   43.02 MiB   1123.74
    5  SwiGLU    0  a[1x5504]+b[1x5504]->y[1x5504]                      0.009ms    33.024 K      0.00   32.25 KiB      3.79
    6  SwiGLU    1  a[1x5504]+b[1x5504]->y[1x5504]                      0.014ms    33.024 K      0.00   32.25 KiB      2.30
    7  Add      -1  a[1x4096]+b[1x4096]->y[1x4096]                      0.017ms     4.096 K      0.00   24.00 KiB      1.46
[gpu-debug] segment avg latency (cuda_events): 0.180 ms
[gpu-debug] sum(per-op)               : 0.280 ms (ratio=1.554)
[gpu-debug] NOTE: sum(per-op) may differ from segment latency due to Python overhead, event/launch overhead, and allocator/cache effects.
[gpu-debug] cuda mem before warmup: alloc=96.15 MiB reserved=110.00 MiB
[gpu-debug] cuda mem after warmup : alloc=96.15 MiB reserved=110.00 MiB
[gpu-debug] cuda mem peak (this segment): max_alloc=96.17 MiB max_reserved=110.00 MiB
========================================================================================
[gpu-debug] segment_key=npu|decode|6|ff6dcf33668f3ebc9cf61e7eb43c6a84
[gpu-debug] sig: device_type=npu phase=decode step=6 (count_hint=32)
[gpu-debug] ops_repr: LN:-1,Add:-1,LN:-1,FFN_W3:0,FFN_W3:1,SwiGLU:0,SwiGLU:1,Add:-1
[gpu-debug] cfg: device=cuda dtype=torch.bfloat16 dim=4096 ffn_dim=11008 n_heads=32 shards=2
[gpu-debug] op plan (with inferred tensor shapes):
  - op#00  op=LN       shard=-1  x=[1x4096] + w=[4096]  ->  y=[1x4096]  (T=1, K=322)
  - op#01  op=Add      shard=-1  a=[1x4096] + b=[1x4096]  ->  y=[1x4096]  (T=1, K=322)
  - op#02  op=LN       shard=-1  x=[1x4096] + w=[4096]  ->  y=[1x4096]  (T=1, K=322)
  - op#03  op=FFN_W3   shard=0   x=[1x4096] + w=[5504x4096]  ->  y=[1x5504]  (T=1, K=322)
  - op#04  op=FFN_W3   shard=1   x=[1x4096] + w=[5504x4096]  ->  y=[1x5504]  (T=1, K=322)
  - op#05  op=SwiGLU   shard=0   a=[1x5504] + b=[1x5504]  ->  y=[1x5504]  (T=1, K=322)
  - op#06  op=SwiGLU   shard=1   a=[1x5504] + b=[1x5504]  ->  y=[1x5504]  (T=1, K=322)
  - op#07  op=Add      shard=-1  a=[1x4096] + b=[1x4096]  ->  y=[1x4096]  (T=1, K=322)
[gpu-debug] per-op timing breakdown (avg over iters):
  idx  op       sh  io                                                    time   est_flops    TFLOPs       bytes      GB/s
  ------------------------------------------------------------------------------------------------------------------------
    0  LN       -1  x[1x4096]+w[4096]->y[1x4096]                        0.067ms    20.480 K      0.00   24.00 KiB      0.37
    1  Add      -1  a[1x4096]+b[1x4096]->y[1x4096]                      0.016ms     4.096 K      0.00   24.00 KiB      1.49
    2  LN       -1  x[1x4096]+w[4096]->y[1x4096]                        0.058ms    20.480 K      0.00   24.00 KiB      0.43
    3  FFN_W3    0  x[1x4096]+w[5504x4096]->y[1x5504]                   0.059ms    45.089 M      0.76   43.02 MiB    759.50
    4  FFN_W3    1  x[1x4096]+w[5504x4096]->y[1x5504]                   0.040ms    45.089 M      1.12   43.02 MiB   1120.88
    5  SwiGLU    0  a[1x5504]+b[1x5504]->y[1x5504]                      0.009ms    33.024 K      0.00   32.25 KiB      3.71
    6  SwiGLU    1  a[1x5504]+b[1x5504]->y[1x5504]                      0.016ms    33.024 K      0.00   32.25 KiB      2.12
    7  Add      -1  a[1x4096]+b[1x4096]->y[1x4096]                      0.016ms     4.096 K      0.00   24.00 KiB      1.52
[gpu-debug] segment avg latency (cuda_events): 0.181 ms
[gpu-debug] sum(per-op)               : 0.281 ms (ratio=1.557)
[gpu-debug] NOTE: sum(per-op) may differ from segment latency due to Python overhead, event/launch overhead, and allocator/cache effects.
[gpu-debug] cuda mem before warmup: alloc=96.15 MiB reserved=110.00 MiB
[gpu-debug] cuda mem after warmup : alloc=96.15 MiB reserved=110.00 MiB
[gpu-debug] cuda mem peak (this segment): max_alloc=96.17 MiB max_reserved=110.00 MiB
========================================================================================
[gpu-debug] segment_key=npu|decode|70|ff6dcf33668f3ebc9cf61e7eb43c6a84
[gpu-debug] sig: device_type=npu phase=decode step=70 (count_hint=32)
[gpu-debug] ops_repr: LN:-1,Add:-1,LN:-1,FFN_W3:0,FFN_W3:1,SwiGLU:0,SwiGLU:1,Add:-1
[gpu-debug] cfg: device=cuda dtype=torch.bfloat16 dim=4096 ffn_dim=11008 n_heads=32 shards=2
[gpu-debug] op plan (with inferred tensor shapes):
  - op#00  op=LN       shard=-1  x=[1x4096] + w=[4096]  ->  y=[1x4096]  (T=1, K=1090)
  - op#01  op=Add      shard=-1  a=[1x4096] + b=[1x4096]  ->  y=[1x4096]  (T=1, K=1090)
  - op#02  op=LN       shard=-1  x=[1x4096] + w=[4096]  ->  y=[1x4096]  (T=1, K=1090)
  - op#03  op=FFN_W3   shard=0   x=[1x4096] + w=[5504x4096]  ->  y=[1x5504]  (T=1, K=1090)
  - op#04  op=FFN_W3   shard=1   x=[1x4096] + w=[5504x4096]  ->  y=[1x5504]  (T=1, K=1090)
  - op#05  op=SwiGLU   shard=0   a=[1x5504] + b=[1x5504]  ->  y=[1x5504]  (T=1, K=1090)
  - op#06  op=SwiGLU   shard=1   a=[1x5504] + b=[1x5504]  ->  y=[1x5504]  (T=1, K=1090)
  - op#07  op=Add      shard=-1  a=[1x4096] + b=[1x4096]  ->  y=[1x4096]  (T=1, K=1090)
[gpu-debug] per-op timing breakdown (avg over iters):
  idx  op       sh  io                                                    time   est_flops    TFLOPs       bytes      GB/s
  ------------------------------------------------------------------------------------------------------------------------
    0  LN       -1  x[1x4096]+w[4096]->y[1x4096]                        0.066ms    20.480 K      0.00   24.00 KiB      0.37
    1  Add      -1  a[1x4096]+b[1x4096]->y[1x4096]                      0.017ms     4.096 K      0.00   24.00 KiB      1.44
    2  LN       -1  x[1x4096]+w[4096]->y[1x4096]                        0.059ms    20.480 K      0.00   24.00 KiB      0.42
    3  FFN_W3    0  x[1x4096]+w[5504x4096]->y[1x5504]                   0.058ms    45.089 M      0.77   43.02 MiB    774.18
    4  FFN_W3    1  x[1x4096]+w[5504x4096]->y[1x5504]                   0.040ms    45.089 M      1.12   43.02 MiB   1123.74
    5  SwiGLU    0  a[1x5504]+b[1x5504]->y[1x5504]                      0.009ms    33.024 K      0.00   32.25 KiB      3.75
    6  SwiGLU    1  a[1x5504]+b[1x5504]->y[1x5504]                      0.013ms    33.024 K      0.00   32.25 KiB      2.56
    7  Add      -1  a[1x4096]+b[1x4096]->y[1x4096]                      0.016ms     4.096 K      0.00   24.00 KiB      1.49
[gpu-debug] segment avg latency (cuda_events): 0.180 ms
[gpu-debug] sum(per-op)               : 0.279 ms (ratio=1.554)
[gpu-debug] NOTE: sum(per-op) may differ from segment latency due to Python overhead, event/launch overhead, and allocator/cache effects.
[gpu-debug] cuda mem before warmup: alloc=96.15 MiB reserved=110.00 MiB
[gpu-debug] cuda mem after warmup : alloc=96.15 MiB reserved=110.00 MiB
[gpu-debug] cuda mem peak (this segment): max_alloc=96.17 MiB max_reserved=110.00 MiB
========================================================================================
[gpu-debug] segment_key=npu|decode|71|ff6dcf33668f3ebc9cf61e7eb43c6a84
[gpu-debug] sig: device_type=npu phase=decode step=71 (count_hint=32)
[gpu-debug] ops_repr: LN:-1,Add:-1,LN:-1,FFN_W3:0,FFN_W3:1,SwiGLU:0,SwiGLU:1,Add:-1
[gpu-debug] cfg: device=cuda dtype=torch.bfloat16 dim=4096 ffn_dim=11008 n_heads=32 shards=2
[gpu-debug] op plan (with inferred tensor shapes):
  - op#00  op=LN       shard=-1  x=[1x4096] + w=[4096]  ->  y=[1x4096]  (T=1, K=1102)
  - op#01  op=Add      shard=-1  a=[1x4096] + b=[1x4096]  ->  y=[1x4096]  (T=1, K=1102)
  - op#02  op=LN       shard=-1  x=[1x4096] + w=[4096]  ->  y=[1x4096]  (T=1, K=1102)
  - op#03  op=FFN_W3   shard=0   x=[1x4096] + w=[5504x4096]  ->  y=[1x5504]  (T=1, K=1102)
  - op#04  op=FFN_W3   shard=1   x=[1x4096] + w=[5504x4096]  ->  y=[1x5504]  (T=1, K=1102)
  - op#05  op=SwiGLU   shard=0   a=[1x5504] + b=[1x5504]  ->  y=[1x5504]  (T=1, K=1102)
  - op#06  op=SwiGLU   shard=1   a=[1x5504] + b=[1x5504]  ->  y=[1x5504]  (T=1, K=1102)
  - op#07  op=Add      shard=-1  a=[1x4096] + b=[1x4096]  ->  y=[1x4096]  (T=1, K=1102)
[gpu-debug] per-op timing breakdown (avg over iters):
  idx  op       sh  io                                                    time   est_flops    TFLOPs       bytes      GB/s
  ------------------------------------------------------------------------------------------------------------------------
    0  LN       -1  x[1x4096]+w[4096]->y[1x4096]                        0.067ms    20.480 K      0.00   24.00 KiB      0.37
    1  Add      -1  a[1x4096]+b[1x4096]->y[1x4096]                      0.017ms     4.096 K      0.00   24.00 KiB      1.42
    2  LN       -1  x[1x4096]+w[4096]->y[1x4096]                        0.058ms    20.480 K      0.00   24.00 KiB      0.42
    3  FFN_W3    0  x[1x4096]+w[5504x4096]->y[1x5504]                   0.059ms    45.089 M      0.77   43.02 MiB    766.10
    4  FFN_W3    1  x[1x4096]+w[5504x4096]->y[1x5504]                   0.040ms    45.089 M      1.13   43.02 MiB   1129.51
    5  SwiGLU    0  a[1x5504]+b[1x5504]->y[1x5504]                      0.009ms    33.024 K      0.00   32.25 KiB      3.75
    6  SwiGLU    1  a[1x5504]+b[1x5504]->y[1x5504]                      0.014ms    33.024 K      0.00   32.25 KiB      2.32
    7  Add      -1  a[1x4096]+b[1x4096]->y[1x4096]                      0.016ms     4.096 K      0.00   24.00 KiB      1.49
[gpu-debug] segment avg latency (cuda_events): 0.180 ms
[gpu-debug] sum(per-op)               : 0.281 ms (ratio=1.559)
[gpu-debug] NOTE: sum(per-op) may differ from segment latency due to Python overhead, event/launch overhead, and allocator/cache effects.
[gpu-debug] cuda mem before warmup: alloc=96.15 MiB reserved=110.00 MiB
[gpu-debug] cuda mem after warmup : alloc=96.15 MiB reserved=110.00 MiB
[gpu-debug] cuda mem peak (this segment): max_alloc=96.17 MiB max_reserved=110.00 MiB
========================================================================================
[gpu-debug] segment_key=npu|decode|72|ff6dcf33668f3ebc9cf61e7eb43c6a84
[gpu-debug] sig: device_type=npu phase=decode step=72 (count_hint=32)
[gpu-debug] ops_repr: LN:-1,Add:-1,LN:-1,FFN_W3:0,FFN_W3:1,SwiGLU:0,SwiGLU:1,Add:-1
[gpu-debug] cfg: device=cuda dtype=torch.bfloat16 dim=4096 ffn_dim=11008 n_heads=32 shards=2
[gpu-debug] op plan (with inferred tensor shapes):
  - op#00  op=LN       shard=-1  x=[1x4096] + w=[4096]  ->  y=[1x4096]  (T=1, K=1114)
  - op#01  op=Add      shard=-1  a=[1x4096] + b=[1x4096]  ->  y=[1x4096]  (T=1, K=1114)
  - op#02  op=LN       shard=-1  x=[1x4096] + w=[4096]  ->  y=[1x4096]  (T=1, K=1114)
  - op#03  op=FFN_W3   shard=0   x=[1x4096] + w=[5504x4096]  ->  y=[1x5504]  (T=1, K=1114)
  - op#04  op=FFN_W3   shard=1   x=[1x4096] + w=[5504x4096]  ->  y=[1x5504]  (T=1, K=1114)
  - op#05  op=SwiGLU   shard=0   a=[1x5504] + b=[1x5504]  ->  y=[1x5504]  (T=1, K=1114)
  - op#06  op=SwiGLU   shard=1   a=[1x5504] + b=[1x5504]  ->  y=[1x5504]  (T=1, K=1114)
  - op#07  op=Add      shard=-1  a=[1x4096] + b=[1x4096]  ->  y=[1x4096]  (T=1, K=1114)
[gpu-debug] per-op timing breakdown (avg over iters):
  idx  op       sh  io                                                    time   est_flops    TFLOPs       bytes      GB/s
  ------------------------------------------------------------------------------------------------------------------------
    0  LN       -1  x[1x4096]+w[4096]->y[1x4096]                        0.067ms    20.480 K      0.00   24.00 KiB      0.37
    1  Add      -1  a[1x4096]+b[1x4096]->y[1x4096]                      0.017ms     4.096 K      0.00   24.00 KiB      1.46
    2  LN       -1  x[1x4096]+w[4096]->y[1x4096]                        0.057ms    20.480 K      0.00   24.00 KiB      0.43
    3  FFN_W3    0  x[1x4096]+w[5504x4096]->y[1x5504]                   0.059ms    45.089 M      0.76   43.02 MiB    762.12
    4  FFN_W3    1  x[1x4096]+w[5504x4096]->y[1x5504]                   0.040ms    45.089 M      1.12   43.02 MiB   1120.88
    5  SwiGLU    0  a[1x5504]+b[1x5504]->y[1x5504]                      0.009ms    33.024 K      0.00   32.25 KiB      3.75
    6  SwiGLU    1  a[1x5504]+b[1x5504]->y[1x5504]                      0.015ms    33.024 K      0.00   32.25 KiB      2.18
    7  Add      -1  a[1x4096]+b[1x4096]->y[1x4096]                      0.016ms     4.096 K      0.00   24.00 KiB      1.49
[gpu-debug] segment avg latency (cuda_events): 0.181 ms
[gpu-debug] sum(per-op)               : 0.281 ms (ratio=1.555)
[gpu-debug] NOTE: sum(per-op) may differ from segment latency due to Python overhead, event/launch overhead, and allocator/cache effects.
[gpu-debug] cuda mem before warmup: alloc=96.15 MiB reserved=110.00 MiB
[gpu-debug] cuda mem after warmup : alloc=96.15 MiB reserved=110.00 MiB
[gpu-debug] cuda mem peak (this segment): max_alloc=96.17 MiB max_reserved=110.00 MiB
========================================================================================
[gpu-debug] segment_key=npu|decode|73|ff6dcf33668f3ebc9cf61e7eb43c6a84
[gpu-debug] sig: device_type=npu phase=decode step=73 (count_hint=32)
[gpu-debug] ops_repr: LN:-1,Add:-1,LN:-1,FFN_W3:0,FFN_W3:1,SwiGLU:0,SwiGLU:1,Add:-1
[gpu-debug] cfg: device=cuda dtype=torch.bfloat16 dim=4096 ffn_dim=11008 n_heads=32 shards=2
[gpu-debug] op plan (with inferred tensor shapes):
  - op#00  op=LN       shard=-1  x=[1x4096] + w=[4096]  ->  y=[1x4096]  (T=1, K=1126)
  - op#01  op=Add      shard=-1  a=[1x4096] + b=[1x4096]  ->  y=[1x4096]  (T=1, K=1126)
  - op#02  op=LN       shard=-1  x=[1x4096] + w=[4096]  ->  y=[1x4096]  (T=1, K=1126)
  - op#03  op=FFN_W3   shard=0   x=[1x4096] + w=[5504x4096]  ->  y=[1x5504]  (T=1, K=1126)
  - op#04  op=FFN_W3   shard=1   x=[1x4096] + w=[5504x4096]  ->  y=[1x5504]  (T=1, K=1126)
  - op#05  op=SwiGLU   shard=0   a=[1x5504] + b=[1x5504]  ->  y=[1x5504]  (T=1, K=1126)
  - op#06  op=SwiGLU   shard=1   a=[1x5504] + b=[1x5504]  ->  y=[1x5504]  (T=1, K=1126)
  - op#07  op=Add      shard=-1  a=[1x4096] + b=[1x4096]  ->  y=[1x4096]  (T=1, K=1126)
[gpu-debug] per-op timing breakdown (avg over iters):
  idx  op       sh  io                                                    time   est_flops    TFLOPs       bytes      GB/s
  ------------------------------------------------------------------------------------------------------------------------
    0  LN       -1  x[1x4096]+w[4096]->y[1x4096]                        0.066ms    20.480 K      0.00   24.00 KiB      0.37
    1  Add      -1  a[1x4096]+b[1x4096]->y[1x4096]                      0.017ms     4.096 K      0.00   24.00 KiB      1.43
    2  LN       -1  x[1x4096]+w[4096]->y[1x4096]                        0.059ms    20.480 K      0.00   24.00 KiB      0.41
    3  FFN_W3    0  x[1x4096]+w[5504x4096]->y[1x5504]                   0.059ms    45.089 M      0.77   43.02 MiB    766.10
    4  FFN_W3    1  x[1x4096]+w[5504x4096]->y[1x5504]                   0.040ms    45.089 M      1.13   43.02 MiB   1132.41
    5  SwiGLU    0  a[1x5504]+b[1x5504]->y[1x5504]                      0.009ms    33.024 K      0.00   32.25 KiB      3.71
    6  SwiGLU    1  a[1x5504]+b[1x5504]->y[1x5504]                      0.014ms    33.024 K      0.00   32.25 KiB      2.37
    7  Add      -1  a[1x4096]+b[1x4096]->y[1x4096]                      0.016ms     4.096 K      0.00   24.00 KiB      1.52
[gpu-debug] segment avg latency (cuda_events): 0.182 ms
[gpu-debug] sum(per-op)               : 0.280 ms (ratio=1.545)
[gpu-debug] NOTE: sum(per-op) may differ from segment latency due to Python overhead, event/launch overhead, and allocator/cache effects.
[gpu-debug] cuda mem before warmup: alloc=96.15 MiB reserved=110.00 MiB
[gpu-debug] cuda mem after warmup : alloc=96.15 MiB reserved=110.00 MiB
[gpu-debug] cuda mem peak (this segment): max_alloc=96.17 MiB max_reserved=110.00 MiB
  progress 80/110
========================================================================================
[gpu-debug] segment_key=npu|decode|74|ff6dcf33668f3ebc9cf61e7eb43c6a84
[gpu-debug] sig: device_type=npu phase=decode step=74 (count_hint=32)
[gpu-debug] ops_repr: LN:-1,Add:-1,LN:-1,FFN_W3:0,FFN_W3:1,SwiGLU:0,SwiGLU:1,Add:-1
[gpu-debug] cfg: device=cuda dtype=torch.bfloat16 dim=4096 ffn_dim=11008 n_heads=32 shards=2
[gpu-debug] op plan (with inferred tensor shapes):
  - op#00  op=LN       shard=-1  x=[1x4096] + w=[4096]  ->  y=[1x4096]  (T=1, K=1138)
  - op#01  op=Add      shard=-1  a=[1x4096] + b=[1x4096]  ->  y=[1x4096]  (T=1, K=1138)
  - op#02  op=LN       shard=-1  x=[1x4096] + w=[4096]  ->  y=[1x4096]  (T=1, K=1138)
  - op#03  op=FFN_W3   shard=0   x=[1x4096] + w=[5504x4096]  ->  y=[1x5504]  (T=1, K=1138)
  - op#04  op=FFN_W3   shard=1   x=[1x4096] + w=[5504x4096]  ->  y=[1x5504]  (T=1, K=1138)
  - op#05  op=SwiGLU   shard=0   a=[1x5504] + b=[1x5504]  ->  y=[1x5504]  (T=1, K=1138)
  - op#06  op=SwiGLU   shard=1   a=[1x5504] + b=[1x5504]  ->  y=[1x5504]  (T=1, K=1138)
  - op#07  op=Add      shard=-1  a=[1x4096] + b=[1x4096]  ->  y=[1x4096]  (T=1, K=1138)
[gpu-debug] per-op timing breakdown (avg over iters):
  idx  op       sh  io                                                    time   est_flops    TFLOPs       bytes      GB/s
  ------------------------------------------------------------------------------------------------------------------------
    0  LN       -1  x[1x4096]+w[4096]->y[1x4096]                        0.067ms    20.480 K      0.00   24.00 KiB      0.37
    1  Add      -1  a[1x4096]+b[1x4096]->y[1x4096]                      0.017ms     4.096 K      0.00   24.00 KiB      1.45
    2  LN       -1  x[1x4096]+w[4096]->y[1x4096]                        0.058ms    20.480 K      0.00   24.00 KiB      0.43
    3  FFN_W3    0  x[1x4096]+w[5504x4096]->y[1x5504]                   0.058ms    45.089 M      0.77   43.02 MiB    771.47
    4  FFN_W3    1  x[1x4096]+w[5504x4096]->y[1x5504]                   0.040ms    45.089 M      1.13   43.02 MiB   1129.51
    5  SwiGLU    0  a[1x5504]+b[1x5504]->y[1x5504]                      0.009ms    33.024 K      0.00   32.25 KiB      3.71
    6  SwiGLU    1  a[1x5504]+b[1x5504]->y[1x5504]                      0.017ms    33.024 K      0.00   32.25 KiB      1.99
    7  Add      -1  a[1x4096]+b[1x4096]->y[1x4096]                      0.017ms     4.096 K      0.00   24.00 KiB      1.45
[gpu-debug] segment avg latency (cuda_events): 0.180 ms
[gpu-debug] sum(per-op)               : 0.282 ms (ratio=1.564)
[gpu-debug] NOTE: sum(per-op) may differ from segment latency due to Python overhead, event/launch overhead, and allocator/cache effects.
[gpu-debug] cuda mem before warmup: alloc=96.15 MiB reserved=110.00 MiB
[gpu-debug] cuda mem after warmup : alloc=96.15 MiB reserved=110.00 MiB
[gpu-debug] cuda mem peak (this segment): max_alloc=96.17 MiB max_reserved=110.00 MiB
========================================================================================
[gpu-debug] segment_key=npu|decode|75|ff6dcf33668f3ebc9cf61e7eb43c6a84
[gpu-debug] sig: device_type=npu phase=decode step=75 (count_hint=32)
[gpu-debug] ops_repr: LN:-1,Add:-1,LN:-1,FFN_W3:0,FFN_W3:1,SwiGLU:0,SwiGLU:1,Add:-1
[gpu-debug] cfg: device=cuda dtype=torch.bfloat16 dim=4096 ffn_dim=11008 n_heads=32 shards=2
[gpu-debug] op plan (with inferred tensor shapes):
  - op#00  op=LN       shard=-1  x=[1x4096] + w=[4096]  ->  y=[1x4096]  (T=1, K=1150)
  - op#01  op=Add      shard=-1  a=[1x4096] + b=[1x4096]  ->  y=[1x4096]  (T=1, K=1150)
  - op#02  op=LN       shard=-1  x=[1x4096] + w=[4096]  ->  y=[1x4096]  (T=1, K=1150)
  - op#03  op=FFN_W3   shard=0   x=[1x4096] + w=[5504x4096]  ->  y=[1x5504]  (T=1, K=1150)
  - op#04  op=FFN_W3   shard=1   x=[1x4096] + w=[5504x4096]  ->  y=[1x5504]  (T=1, K=1150)
  - op#05  op=SwiGLU   shard=0   a=[1x5504] + b=[1x5504]  ->  y=[1x5504]  (T=1, K=1150)
  - op#06  op=SwiGLU   shard=1   a=[1x5504] + b=[1x5504]  ->  y=[1x5504]  (T=1, K=1150)
  - op#07  op=Add      shard=-1  a=[1x4096] + b=[1x4096]  ->  y=[1x4096]  (T=1, K=1150)
[gpu-debug] per-op timing breakdown (avg over iters):
  idx  op       sh  io                                                    time   est_flops    TFLOPs       bytes      GB/s
  ------------------------------------------------------------------------------------------------------------------------
    0  LN       -1  x[1x4096]+w[4096]->y[1x4096]                        0.066ms    20.480 K      0.00   24.00 KiB      0.37
    1  Add      -1  a[1x4096]+b[1x4096]->y[1x4096]                      0.017ms     4.096 K      0.00   24.00 KiB      1.48
    2  LN       -1  x[1x4096]+w[4096]->y[1x4096]                        0.059ms    20.480 K      0.00   24.00 KiB      0.42
    3  FFN_W3    0  x[1x4096]+w[5504x4096]->y[1x5504]                   0.059ms    45.089 M      0.76   43.02 MiB    762.12
    4  FFN_W3    1  x[1x4096]+w[5504x4096]->y[1x5504]                   0.040ms    45.089 M      1.13   43.02 MiB   1126.62
    5  SwiGLU    0  a[1x5504]+b[1x5504]->y[1x5504]                      0.009ms    33.024 K      0.00   32.25 KiB      3.75
    6  SwiGLU    1  a[1x5504]+b[1x5504]->y[1x5504]                      0.014ms    33.024 K      0.00   32.25 KiB      2.29
    7  Add      -1  a[1x4096]+b[1x4096]->y[1x4096]                      0.016ms     4.096 K      0.00   24.00 KiB      1.52
[gpu-debug] segment avg latency (cuda_events): 0.180 ms
[gpu-debug] sum(per-op)               : 0.280 ms (ratio=1.559)
[gpu-debug] NOTE: sum(per-op) may differ from segment latency due to Python overhead, event/launch overhead, and allocator/cache effects.
[gpu-debug] cuda mem before warmup: alloc=96.15 MiB reserved=110.00 MiB
[gpu-debug] cuda mem after warmup : alloc=96.15 MiB reserved=110.00 MiB
[gpu-debug] cuda mem peak (this segment): max_alloc=96.17 MiB max_reserved=110.00 MiB
========================================================================================
[gpu-debug] segment_key=npu|decode|76|ff6dcf33668f3ebc9cf61e7eb43c6a84
[gpu-debug] sig: device_type=npu phase=decode step=76 (count_hint=32)
[gpu-debug] ops_repr: LN:-1,Add:-1,LN:-1,FFN_W3:0,FFN_W3:1,SwiGLU:0,SwiGLU:1,Add:-1
[gpu-debug] cfg: device=cuda dtype=torch.bfloat16 dim=4096 ffn_dim=11008 n_heads=32 shards=2
[gpu-debug] op plan (with inferred tensor shapes):
  - op#00  op=LN       shard=-1  x=[1x4096] + w=[4096]  ->  y=[1x4096]  (T=1, K=1162)
  - op#01  op=Add      shard=-1  a=[1x4096] + b=[1x4096]  ->  y=[1x4096]  (T=1, K=1162)
  - op#02  op=LN       shard=-1  x=[1x4096] + w=[4096]  ->  y=[1x4096]  (T=1, K=1162)
  - op#03  op=FFN_W3   shard=0   x=[1x4096] + w=[5504x4096]  ->  y=[1x5504]  (T=1, K=1162)
  - op#04  op=FFN_W3   shard=1   x=[1x4096] + w=[5504x4096]  ->  y=[1x5504]  (T=1, K=1162)
  - op#05  op=SwiGLU   shard=0   a=[1x5504] + b=[1x5504]  ->  y=[1x5504]  (T=1, K=1162)
  - op#06  op=SwiGLU   shard=1   a=[1x5504] + b=[1x5504]  ->  y=[1x5504]  (T=1, K=1162)
  - op#07  op=Add      shard=-1  a=[1x4096] + b=[1x4096]  ->  y=[1x4096]  (T=1, K=1162)
[gpu-debug] per-op timing breakdown (avg over iters):
  idx  op       sh  io                                                    time   est_flops    TFLOPs       bytes      GB/s
  ------------------------------------------------------------------------------------------------------------------------
    0  LN       -1  x[1x4096]+w[4096]->y[1x4096]                        0.068ms    20.480 K      0.00   24.00 KiB      0.36
    1  Add      -1  a[1x4096]+b[1x4096]->y[1x4096]                      0.017ms     4.096 K      0.00   24.00 KiB      1.46
    2  LN       -1  x[1x4096]+w[4096]->y[1x4096]                        0.058ms    20.480 K      0.00   24.00 KiB      0.43
    3  FFN_W3    0  x[1x4096]+w[5504x4096]->y[1x5504]                   0.058ms    45.089 M      0.77   43.02 MiB    772.82
    4  FFN_W3    1  x[1x4096]+w[5504x4096]->y[1x5504]                   0.040ms    45.089 M      1.12   43.02 MiB   1123.74
    5  SwiGLU    0  a[1x5504]+b[1x5504]->y[1x5504]                      0.009ms    33.024 K      0.00   32.25 KiB      3.71
    6  SwiGLU    1  a[1x5504]+b[1x5504]->y[1x5504]                      0.014ms    33.024 K      0.00   32.25 KiB      2.32
    7  Add      -1  a[1x4096]+b[1x4096]->y[1x4096]                      0.017ms     4.096 K      0.00   24.00 KiB      1.48
[gpu-debug] segment avg latency (cuda_events): 0.180 ms
[gpu-debug] sum(per-op)               : 0.280 ms (ratio=1.556)
[gpu-debug] NOTE: sum(per-op) may differ from segment latency due to Python overhead, event/launch overhead, and allocator/cache effects.
[gpu-debug] cuda mem before warmup: alloc=96.15 MiB reserved=110.00 MiB
[gpu-debug] cuda mem after warmup : alloc=96.15 MiB reserved=110.00 MiB
[gpu-debug] cuda mem peak (this segment): max_alloc=96.17 MiB max_reserved=110.00 MiB
========================================================================================
[gpu-debug] segment_key=npu|decode|77|ff6dcf33668f3ebc9cf61e7eb43c6a84
[gpu-debug] sig: device_type=npu phase=decode step=77 (count_hint=32)
[gpu-debug] ops_repr: LN:-1,Add:-1,LN:-1,FFN_W3:0,FFN_W3:1,SwiGLU:0,SwiGLU:1,Add:-1
[gpu-debug] cfg: device=cuda dtype=torch.bfloat16 dim=4096 ffn_dim=11008 n_heads=32 shards=2
[gpu-debug] op plan (with inferred tensor shapes):
  - op#00  op=LN       shard=-1  x=[1x4096] + w=[4096]  ->  y=[1x4096]  (T=1, K=1174)
  - op#01  op=Add      shard=-1  a=[1x4096] + b=[1x4096]  ->  y=[1x4096]  (T=1, K=1174)
  - op#02  op=LN       shard=-1  x=[1x4096] + w=[4096]  ->  y=[1x4096]  (T=1, K=1174)
  - op#03  op=FFN_W3   shard=0   x=[1x4096] + w=[5504x4096]  ->  y=[1x5504]  (T=1, K=1174)
  - op#04  op=FFN_W3   shard=1   x=[1x4096] + w=[5504x4096]  ->  y=[1x5504]  (T=1, K=1174)
  - op#05  op=SwiGLU   shard=0   a=[1x5504] + b=[1x5504]  ->  y=[1x5504]  (T=1, K=1174)
  - op#06  op=SwiGLU   shard=1   a=[1x5504] + b=[1x5504]  ->  y=[1x5504]  (T=1, K=1174)
  - op#07  op=Add      shard=-1  a=[1x4096] + b=[1x4096]  ->  y=[1x4096]  (T=1, K=1174)
[gpu-debug] per-op timing breakdown (avg over iters):
  idx  op       sh  io                                                    time   est_flops    TFLOPs       bytes      GB/s
  ------------------------------------------------------------------------------------------------------------------------
    0  LN       -1  x[1x4096]+w[4096]->y[1x4096]                        0.067ms    20.480 K      0.00   24.00 KiB      0.37
    1  Add      -1  a[1x4096]+b[1x4096]->y[1x4096]                      0.016ms     4.096 K      0.00   24.00 KiB      1.49
    2  LN       -1  x[1x4096]+w[4096]->y[1x4096]                        0.058ms    20.480 K      0.00   24.00 KiB      0.42
    3  FFN_W3    0  x[1x4096]+w[5504x4096]->y[1x5504]                   0.059ms    45.089 M      0.77   43.02 MiB    767.43
    4  FFN_W3    1  x[1x4096]+w[5504x4096]->y[1x5504]                   0.040ms    45.089 M      1.13   43.02 MiB   1126.62
    5  SwiGLU    0  a[1x5504]+b[1x5504]->y[1x5504]                      0.009ms    33.024 K      0.00   32.25 KiB      3.79
    6  SwiGLU    1  a[1x5504]+b[1x5504]->y[1x5504]                      0.016ms    33.024 K      0.00   32.25 KiB      2.11
    7  Add      -1  a[1x4096]+b[1x4096]->y[1x4096]                      0.017ms     4.096 K      0.00   24.00 KiB      1.46
[gpu-debug] segment avg latency (cuda_events): 0.179 ms
[gpu-debug] sum(per-op)               : 0.282 ms (ratio=1.573)
[gpu-debug] NOTE: sum(per-op) may differ from segment latency due to Python overhead, event/launch overhead, and allocator/cache effects.
[gpu-debug] cuda mem before warmup: alloc=96.15 MiB reserved=110.00 MiB
[gpu-debug] cuda mem after warmup : alloc=96.15 MiB reserved=110.00 MiB
[gpu-debug] cuda mem peak (this segment): max_alloc=96.17 MiB max_reserved=110.00 MiB
========================================================================================
[gpu-debug] segment_key=npu|decode|78|ff6dcf33668f3ebc9cf61e7eb43c6a84
[gpu-debug] sig: device_type=npu phase=decode step=78 (count_hint=32)
[gpu-debug] ops_repr: LN:-1,Add:-1,LN:-1,FFN_W3:0,FFN_W3:1,SwiGLU:0,SwiGLU:1,Add:-1
[gpu-debug] cfg: device=cuda dtype=torch.bfloat16 dim=4096 ffn_dim=11008 n_heads=32 shards=2
[gpu-debug] op plan (with inferred tensor shapes):
  - op#00  op=LN       shard=-1  x=[1x4096] + w=[4096]  ->  y=[1x4096]  (T=1, K=1186)
  - op#01  op=Add      shard=-1  a=[1x4096] + b=[1x4096]  ->  y=[1x4096]  (T=1, K=1186)
  - op#02  op=LN       shard=-1  x=[1x4096] + w=[4096]  ->  y=[1x4096]  (T=1, K=1186)
  - op#03  op=FFN_W3   shard=0   x=[1x4096] + w=[5504x4096]  ->  y=[1x5504]  (T=1, K=1186)
  - op#04  op=FFN_W3   shard=1   x=[1x4096] + w=[5504x4096]  ->  y=[1x5504]  (T=1, K=1186)
  - op#05  op=SwiGLU   shard=0   a=[1x5504] + b=[1x5504]  ->  y=[1x5504]  (T=1, K=1186)
  - op#06  op=SwiGLU   shard=1   a=[1x5504] + b=[1x5504]  ->  y=[1x5504]  (T=1, K=1186)
  - op#07  op=Add      shard=-1  a=[1x4096] + b=[1x4096]  ->  y=[1x4096]  (T=1, K=1186)
[gpu-debug] per-op timing breakdown (avg over iters):
  idx  op       sh  io                                                    time   est_flops    TFLOPs       bytes      GB/s
  ------------------------------------------------------------------------------------------------------------------------
    0  LN       -1  x[1x4096]+w[4096]->y[1x4096]                        0.066ms    20.480 K      0.00   24.00 KiB      0.37
    1  Add      -1  a[1x4096]+b[1x4096]->y[1x4096]                      0.017ms     4.096 K      0.00   24.00 KiB      1.43
    2  LN       -1  x[1x4096]+w[4096]->y[1x4096]                        0.059ms    20.480 K      0.00   24.00 KiB      0.42
    3  FFN_W3    0  x[1x4096]+w[5504x4096]->y[1x5504]                   0.059ms    45.089 M      0.77   43.02 MiB    766.10
    4  FFN_W3    1  x[1x4096]+w[5504x4096]->y[1x5504]                   0.040ms    45.089 M      1.11   43.02 MiB   1115.21
    5  SwiGLU    0  a[1x5504]+b[1x5504]->y[1x5504]                      0.009ms    33.024 K      0.00   32.25 KiB      3.71
    6  SwiGLU    1  a[1x5504]+b[1x5504]->y[1x5504]                      0.014ms    33.024 K      0.00   32.25 KiB      2.44
    7  Add      -1  a[1x4096]+b[1x4096]->y[1x4096]                      0.017ms     4.096 K      0.00   24.00 KiB      1.46
[gpu-debug] segment avg latency (cuda_events): 0.181 ms
[gpu-debug] sum(per-op)               : 0.281 ms (ratio=1.552)
[gpu-debug] NOTE: sum(per-op) may differ from segment latency due to Python overhead, event/launch overhead, and allocator/cache effects.
[gpu-debug] cuda mem before warmup: alloc=96.15 MiB reserved=110.00 MiB
[gpu-debug] cuda mem after warmup : alloc=96.15 MiB reserved=110.00 MiB
[gpu-debug] cuda mem peak (this segment): max_alloc=96.17 MiB max_reserved=110.00 MiB
========================================================================================
[gpu-debug] segment_key=npu|decode|79|ff6dcf33668f3ebc9cf61e7eb43c6a84
[gpu-debug] sig: device_type=npu phase=decode step=79 (count_hint=32)
[gpu-debug] ops_repr: LN:-1,Add:-1,LN:-1,FFN_W3:0,FFN_W3:1,SwiGLU:0,SwiGLU:1,Add:-1
[gpu-debug] cfg: device=cuda dtype=torch.bfloat16 dim=4096 ffn_dim=11008 n_heads=32 shards=2
[gpu-debug] op plan (with inferred tensor shapes):
  - op#00  op=LN       shard=-1  x=[1x4096] + w=[4096]  ->  y=[1x4096]  (T=1, K=1198)
  - op#01  op=Add      shard=-1  a=[1x4096] + b=[1x4096]  ->  y=[1x4096]  (T=1, K=1198)
  - op#02  op=LN       shard=-1  x=[1x4096] + w=[4096]  ->  y=[1x4096]  (T=1, K=1198)
  - op#03  op=FFN_W3   shard=0   x=[1x4096] + w=[5504x4096]  ->  y=[1x5504]  (T=1, K=1198)
  - op#04  op=FFN_W3   shard=1   x=[1x4096] + w=[5504x4096]  ->  y=[1x5504]  (T=1, K=1198)
  - op#05  op=SwiGLU   shard=0   a=[1x5504] + b=[1x5504]  ->  y=[1x5504]  (T=1, K=1198)
  - op#06  op=SwiGLU   shard=1   a=[1x5504] + b=[1x5504]  ->  y=[1x5504]  (T=1, K=1198)
  - op#07  op=Add      shard=-1  a=[1x4096] + b=[1x4096]  ->  y=[1x4096]  (T=1, K=1198)
[gpu-debug] per-op timing breakdown (avg over iters):
  idx  op       sh  io                                                    time   est_flops    TFLOPs       bytes      GB/s
  ------------------------------------------------------------------------------------------------------------------------
    0  LN       -1  x[1x4096]+w[4096]->y[1x4096]                        0.067ms    20.480 K      0.00   24.00 KiB      0.37
    1  Add      -1  a[1x4096]+b[1x4096]->y[1x4096]                      0.016ms     4.096 K      0.00   24.00 KiB      1.49
    2  LN       -1  x[1x4096]+w[4096]->y[1x4096]                        0.058ms    20.480 K      0.00   24.00 KiB      0.42
    3  FFN_W3    0  x[1x4096]+w[5504x4096]->y[1x5504]                   0.059ms    45.089 M      0.77   43.02 MiB    768.77
    4  FFN_W3    1  x[1x4096]+w[5504x4096]->y[1x5504]                   0.040ms    45.089 M      1.13   43.02 MiB   1132.41
    5  SwiGLU    0  a[1x5504]+b[1x5504]->y[1x5504]                      0.009ms    33.024 K      0.00   32.25 KiB      3.79
    6  SwiGLU    1  a[1x5504]+b[1x5504]->y[1x5504]                      0.016ms    33.024 K      0.00   32.25 KiB      2.04
    7  Add      -1  a[1x4096]+b[1x4096]->y[1x4096]                      0.016ms     4.096 K      0.00   24.00 KiB      1.51
[gpu-debug] segment avg latency (cuda_events): 0.180 ms
[gpu-debug] sum(per-op)               : 0.281 ms (ratio=1.556)
[gpu-debug] NOTE: sum(per-op) may differ from segment latency due to Python overhead, event/launch overhead, and allocator/cache effects.
[gpu-debug] cuda mem before warmup: alloc=96.15 MiB reserved=110.00 MiB
[gpu-debug] cuda mem after warmup : alloc=96.15 MiB reserved=110.00 MiB
[gpu-debug] cuda mem peak (this segment): max_alloc=96.17 MiB max_reserved=110.00 MiB
========================================================================================
[gpu-debug] segment_key=npu|decode|7|ff6dcf33668f3ebc9cf61e7eb43c6a84
[gpu-debug] sig: device_type=npu phase=decode step=7 (count_hint=32)
[gpu-debug] ops_repr: LN:-1,Add:-1,LN:-1,FFN_W3:0,FFN_W3:1,SwiGLU:0,SwiGLU:1,Add:-1
[gpu-debug] cfg: device=cuda dtype=torch.bfloat16 dim=4096 ffn_dim=11008 n_heads=32 shards=2
[gpu-debug] op plan (with inferred tensor shapes):
  - op#00  op=LN       shard=-1  x=[1x4096] + w=[4096]  ->  y=[1x4096]  (T=1, K=334)
  - op#01  op=Add      shard=-1  a=[1x4096] + b=[1x4096]  ->  y=[1x4096]  (T=1, K=334)
  - op#02  op=LN       shard=-1  x=[1x4096] + w=[4096]  ->  y=[1x4096]  (T=1, K=334)
  - op#03  op=FFN_W3   shard=0   x=[1x4096] + w=[5504x4096]  ->  y=[1x5504]  (T=1, K=334)
  - op#04  op=FFN_W3   shard=1   x=[1x4096] + w=[5504x4096]  ->  y=[1x5504]  (T=1, K=334)
  - op#05  op=SwiGLU   shard=0   a=[1x5504] + b=[1x5504]  ->  y=[1x5504]  (T=1, K=334)
  - op#06  op=SwiGLU   shard=1   a=[1x5504] + b=[1x5504]  ->  y=[1x5504]  (T=1, K=334)
  - op#07  op=Add      shard=-1  a=[1x4096] + b=[1x4096]  ->  y=[1x4096]  (T=1, K=334)
[gpu-debug] per-op timing breakdown (avg over iters):
  idx  op       sh  io                                                    time   est_flops    TFLOPs       bytes      GB/s
  ------------------------------------------------------------------------------------------------------------------------
    0  LN       -1  x[1x4096]+w[4096]->y[1x4096]                        0.067ms    20.480 K      0.00   24.00 KiB      0.37
    1  Add      -1  a[1x4096]+b[1x4096]->y[1x4096]                      0.017ms     4.096 K      0.00   24.00 KiB      1.42
    2  LN       -1  x[1x4096]+w[4096]->y[1x4096]                        0.059ms    20.480 K      0.00   24.00 KiB      0.42
    3  FFN_W3    0  x[1x4096]+w[5504x4096]->y[1x5504]                   0.059ms    45.089 M      0.76   43.02 MiB    760.81
    4  FFN_W3    1  x[1x4096]+w[5504x4096]->y[1x5504]                   0.040ms    45.089 M      1.13   43.02 MiB   1129.51
    5  SwiGLU    0  a[1x5504]+b[1x5504]->y[1x5504]                      0.009ms    33.024 K      0.00   32.25 KiB      3.71
    6  SwiGLU    1  a[1x5504]+b[1x5504]->y[1x5504]                      0.014ms    33.024 K      0.00   32.25 KiB      2.35
    7  Add      -1  a[1x4096]+b[1x4096]->y[1x4096]                      0.016ms     4.096 K      0.00   24.00 KiB      1.49
[gpu-debug] segment avg latency (cuda_events): 0.180 ms
[gpu-debug] sum(per-op)               : 0.282 ms (ratio=1.565)
[gpu-debug] NOTE: sum(per-op) may differ from segment latency due to Python overhead, event/launch overhead, and allocator/cache effects.
[gpu-debug] cuda mem before warmup: alloc=96.15 MiB reserved=110.00 MiB
[gpu-debug] cuda mem after warmup : alloc=96.15 MiB reserved=110.00 MiB
[gpu-debug] cuda mem peak (this segment): max_alloc=96.17 MiB max_reserved=110.00 MiB
========================================================================================
[gpu-debug] segment_key=npu|decode|80|ff6dcf33668f3ebc9cf61e7eb43c6a84
[gpu-debug] sig: device_type=npu phase=decode step=80 (count_hint=32)
[gpu-debug] ops_repr: LN:-1,Add:-1,LN:-1,FFN_W3:0,FFN_W3:1,SwiGLU:0,SwiGLU:1,Add:-1
[gpu-debug] cfg: device=cuda dtype=torch.bfloat16 dim=4096 ffn_dim=11008 n_heads=32 shards=2
[gpu-debug] op plan (with inferred tensor shapes):
  - op#00  op=LN       shard=-1  x=[1x4096] + w=[4096]  ->  y=[1x4096]  (T=1, K=1210)
  - op#01  op=Add      shard=-1  a=[1x4096] + b=[1x4096]  ->  y=[1x4096]  (T=1, K=1210)
  - op#02  op=LN       shard=-1  x=[1x4096] + w=[4096]  ->  y=[1x4096]  (T=1, K=1210)
  - op#03  op=FFN_W3   shard=0   x=[1x4096] + w=[5504x4096]  ->  y=[1x5504]  (T=1, K=1210)
  - op#04  op=FFN_W3   shard=1   x=[1x4096] + w=[5504x4096]  ->  y=[1x5504]  (T=1, K=1210)
  - op#05  op=SwiGLU   shard=0   a=[1x5504] + b=[1x5504]  ->  y=[1x5504]  (T=1, K=1210)
  - op#06  op=SwiGLU   shard=1   a=[1x5504] + b=[1x5504]  ->  y=[1x5504]  (T=1, K=1210)
  - op#07  op=Add      shard=-1  a=[1x4096] + b=[1x4096]  ->  y=[1x4096]  (T=1, K=1210)
[gpu-debug] per-op timing breakdown (avg over iters):
  idx  op       sh  io                                                    time   est_flops    TFLOPs       bytes      GB/s
  ------------------------------------------------------------------------------------------------------------------------
    0  LN       -1  x[1x4096]+w[4096]->y[1x4096]                        0.067ms    20.480 K      0.00   24.00 KiB      0.37
    1  Add      -1  a[1x4096]+b[1x4096]->y[1x4096]                      0.016ms     4.096 K      0.00   24.00 KiB      1.49
    2  LN       -1  x[1x4096]+w[4096]->y[1x4096]                        0.058ms    20.480 K      0.00   24.00 KiB      0.42
    3  FFN_W3    0  x[1x4096]+w[5504x4096]->y[1x5504]                   0.059ms    45.089 M      0.77   43.02 MiB    770.12
    4  FFN_W3    1  x[1x4096]+w[5504x4096]->y[1x5504]                   0.040ms    45.089 M      1.13   43.02 MiB   1135.33
    5  SwiGLU    0  a[1x5504]+b[1x5504]->y[1x5504]                      0.009ms    33.024 K      0.00   32.25 KiB      3.66
    6  SwiGLU    1  a[1x5504]+b[1x5504]->y[1x5504]                      0.014ms    33.024 K      0.00   32.25 KiB      2.41
    7  Add      -1  a[1x4096]+b[1x4096]->y[1x4096]                      0.016ms     4.096 K      0.00   24.00 KiB      1.53
[gpu-debug] segment avg latency (cuda_events): 0.179 ms
[gpu-debug] sum(per-op)               : 0.278 ms (ratio=1.552)
[gpu-debug] NOTE: sum(per-op) may differ from segment latency due to Python overhead, event/launch overhead, and allocator/cache effects.
[gpu-debug] cuda mem before warmup: alloc=96.15 MiB reserved=110.00 MiB
[gpu-debug] cuda mem after warmup : alloc=96.15 MiB reserved=110.00 MiB
[gpu-debug] cuda mem peak (this segment): max_alloc=96.17 MiB max_reserved=110.00 MiB
========================================================================================
[gpu-debug] segment_key=npu|decode|81|ff6dcf33668f3ebc9cf61e7eb43c6a84
[gpu-debug] sig: device_type=npu phase=decode step=81 (count_hint=32)
[gpu-debug] ops_repr: LN:-1,Add:-1,LN:-1,FFN_W3:0,FFN_W3:1,SwiGLU:0,SwiGLU:1,Add:-1
[gpu-debug] cfg: device=cuda dtype=torch.bfloat16 dim=4096 ffn_dim=11008 n_heads=32 shards=2
[gpu-debug] op plan (with inferred tensor shapes):
  - op#00  op=LN       shard=-1  x=[1x4096] + w=[4096]  ->  y=[1x4096]  (T=1, K=1222)
  - op#01  op=Add      shard=-1  a=[1x4096] + b=[1x4096]  ->  y=[1x4096]  (T=1, K=1222)
  - op#02  op=LN       shard=-1  x=[1x4096] + w=[4096]  ->  y=[1x4096]  (T=1, K=1222)
  - op#03  op=FFN_W3   shard=0   x=[1x4096] + w=[5504x4096]  ->  y=[1x5504]  (T=1, K=1222)
  - op#04  op=FFN_W3   shard=1   x=[1x4096] + w=[5504x4096]  ->  y=[1x5504]  (T=1, K=1222)
  - op#05  op=SwiGLU   shard=0   a=[1x5504] + b=[1x5504]  ->  y=[1x5504]  (T=1, K=1222)
  - op#06  op=SwiGLU   shard=1   a=[1x5504] + b=[1x5504]  ->  y=[1x5504]  (T=1, K=1222)
  - op#07  op=Add      shard=-1  a=[1x4096] + b=[1x4096]  ->  y=[1x4096]  (T=1, K=1222)
[gpu-debug] per-op timing breakdown (avg over iters):
  idx  op       sh  io                                                    time   est_flops    TFLOPs       bytes      GB/s
  ------------------------------------------------------------------------------------------------------------------------
    0  LN       -1  x[1x4096]+w[4096]->y[1x4096]                        0.066ms    20.480 K      0.00   24.00 KiB      0.37
    1  Add      -1  a[1x4096]+b[1x4096]->y[1x4096]                      0.017ms     4.096 K      0.00   24.00 KiB      1.45
    2  LN       -1  x[1x4096]+w[4096]->y[1x4096]                        0.058ms    20.480 K      0.00   24.00 KiB      0.43
    3  FFN_W3    0  x[1x4096]+w[5504x4096]->y[1x5504]                   0.058ms    45.089 M      0.77   43.02 MiB    771.47
    4  FFN_W3    1  x[1x4096]+w[5504x4096]->y[1x5504]                   0.040ms    45.089 M      1.12   43.02 MiB   1118.04
    5  SwiGLU    0  a[1x5504]+b[1x5504]->y[1x5504]                      0.009ms    33.024 K      0.00   32.25 KiB      3.71
    6  SwiGLU    1  a[1x5504]+b[1x5504]->y[1x5504]                      0.014ms    33.024 K      0.00   32.25 KiB      2.29
    7  Add      -1  a[1x4096]+b[1x4096]->y[1x4096]                      0.017ms     4.096 K      0.00   24.00 KiB      1.45
[gpu-debug] segment avg latency (cuda_events): 0.181 ms
[gpu-debug] sum(per-op)               : 0.280 ms (ratio=1.551)
[gpu-debug] NOTE: sum(per-op) may differ from segment latency due to Python overhead, event/launch overhead, and allocator/cache effects.
[gpu-debug] cuda mem before warmup: alloc=96.15 MiB reserved=110.00 MiB
[gpu-debug] cuda mem after warmup : alloc=96.15 MiB reserved=110.00 MiB
[gpu-debug] cuda mem peak (this segment): max_alloc=96.17 MiB max_reserved=110.00 MiB
========================================================================================
[gpu-debug] segment_key=npu|decode|82|ff6dcf33668f3ebc9cf61e7eb43c6a84
[gpu-debug] sig: device_type=npu phase=decode step=82 (count_hint=32)
[gpu-debug] ops_repr: LN:-1,Add:-1,LN:-1,FFN_W3:0,FFN_W3:1,SwiGLU:0,SwiGLU:1,Add:-1
[gpu-debug] cfg: device=cuda dtype=torch.bfloat16 dim=4096 ffn_dim=11008 n_heads=32 shards=2
[gpu-debug] op plan (with inferred tensor shapes):
  - op#00  op=LN       shard=-1  x=[1x4096] + w=[4096]  ->  y=[1x4096]  (T=1, K=1234)
  - op#01  op=Add      shard=-1  a=[1x4096] + b=[1x4096]  ->  y=[1x4096]  (T=1, K=1234)
  - op#02  op=LN       shard=-1  x=[1x4096] + w=[4096]  ->  y=[1x4096]  (T=1, K=1234)
  - op#03  op=FFN_W3   shard=0   x=[1x4096] + w=[5504x4096]  ->  y=[1x5504]  (T=1, K=1234)
  - op#04  op=FFN_W3   shard=1   x=[1x4096] + w=[5504x4096]  ->  y=[1x5504]  (T=1, K=1234)
  - op#05  op=SwiGLU   shard=0   a=[1x5504] + b=[1x5504]  ->  y=[1x5504]  (T=1, K=1234)
  - op#06  op=SwiGLU   shard=1   a=[1x5504] + b=[1x5504]  ->  y=[1x5504]  (T=1, K=1234)
  - op#07  op=Add      shard=-1  a=[1x4096] + b=[1x4096]  ->  y=[1x4096]  (T=1, K=1234)
[gpu-debug] per-op timing breakdown (avg over iters):
  idx  op       sh  io                                                    time   est_flops    TFLOPs       bytes      GB/s
  ------------------------------------------------------------------------------------------------------------------------
    0  LN       -1  x[1x4096]+w[4096]->y[1x4096]                        0.066ms    20.480 K      0.00   24.00 KiB      0.37
    1  Add      -1  a[1x4096]+b[1x4096]->y[1x4096]                      0.016ms     4.096 K      0.00   24.00 KiB      1.49
    2  LN       -1  x[1x4096]+w[4096]->y[1x4096]                        0.058ms    20.480 K      0.00   24.00 KiB      0.42
    3  FFN_W3    0  x[1x4096]+w[5504x4096]->y[1x5504]                   0.059ms    45.089 M      0.76   43.02 MiB    762.12
    4  FFN_W3    1  x[1x4096]+w[5504x4096]->y[1x5504]                   0.040ms    45.089 M      1.12   43.02 MiB   1123.74
    5  SwiGLU    0  a[1x5504]+b[1x5504]->y[1x5504]                      0.009ms    33.024 K      0.00   32.25 KiB      3.71
    6  SwiGLU    1  a[1x5504]+b[1x5504]->y[1x5504]                      0.015ms    33.024 K      0.00   32.25 KiB      2.19
    7  Add      -1  a[1x4096]+b[1x4096]->y[1x4096]                      0.016ms     4.096 K      0.00   24.00 KiB      1.52
[gpu-debug] segment avg latency (cuda_events): 0.180 ms
[gpu-debug] sum(per-op)               : 0.280 ms (ratio=1.559)
[gpu-debug] NOTE: sum(per-op) may differ from segment latency due to Python overhead, event/launch overhead, and allocator/cache effects.
[gpu-debug] cuda mem before warmup: alloc=96.15 MiB reserved=110.00 MiB
[gpu-debug] cuda mem after warmup : alloc=96.15 MiB reserved=110.00 MiB
[gpu-debug] cuda mem peak (this segment): max_alloc=96.17 MiB max_reserved=110.00 MiB
========================================================================================
[gpu-debug] segment_key=npu|decode|83|ff6dcf33668f3ebc9cf61e7eb43c6a84
[gpu-debug] sig: device_type=npu phase=decode step=83 (count_hint=32)
[gpu-debug] ops_repr: LN:-1,Add:-1,LN:-1,FFN_W3:0,FFN_W3:1,SwiGLU:0,SwiGLU:1,Add:-1
[gpu-debug] cfg: device=cuda dtype=torch.bfloat16 dim=4096 ffn_dim=11008 n_heads=32 shards=2
[gpu-debug] op plan (with inferred tensor shapes):
  - op#00  op=LN       shard=-1  x=[1x4096] + w=[4096]  ->  y=[1x4096]  (T=1, K=1246)
  - op#01  op=Add      shard=-1  a=[1x4096] + b=[1x4096]  ->  y=[1x4096]  (T=1, K=1246)
  - op#02  op=LN       shard=-1  x=[1x4096] + w=[4096]  ->  y=[1x4096]  (T=1, K=1246)
  - op#03  op=FFN_W3   shard=0   x=[1x4096] + w=[5504x4096]  ->  y=[1x5504]  (T=1, K=1246)
  - op#04  op=FFN_W3   shard=1   x=[1x4096] + w=[5504x4096]  ->  y=[1x5504]  (T=1, K=1246)
  - op#05  op=SwiGLU   shard=0   a=[1x5504] + b=[1x5504]  ->  y=[1x5504]  (T=1, K=1246)
  - op#06  op=SwiGLU   shard=1   a=[1x5504] + b=[1x5504]  ->  y=[1x5504]  (T=1, K=1246)
  - op#07  op=Add      shard=-1  a=[1x4096] + b=[1x4096]  ->  y=[1x4096]  (T=1, K=1246)
[gpu-debug] per-op timing breakdown (avg over iters):
  idx  op       sh  io                                                    time   est_flops    TFLOPs       bytes      GB/s
  ------------------------------------------------------------------------------------------------------------------------
    0  LN       -1  x[1x4096]+w[4096]->y[1x4096]                        0.067ms    20.480 K      0.00   24.00 KiB      0.37
    1  Add      -1  a[1x4096]+b[1x4096]->y[1x4096]                      0.017ms     4.096 K      0.00   24.00 KiB      1.48
    2  LN       -1  x[1x4096]+w[4096]->y[1x4096]                        0.058ms    20.480 K      0.00   24.00 KiB      0.43
    3  FFN_W3    0  x[1x4096]+w[5504x4096]->y[1x5504]                   0.058ms    45.089 M      0.77   43.02 MiB    771.47
    4  FFN_W3    1  x[1x4096]+w[5504x4096]->y[1x5504]                   0.040ms    45.089 M      1.12   43.02 MiB   1123.74
    5  SwiGLU    0  a[1x5504]+b[1x5504]->y[1x5504]                      0.009ms    33.024 K      0.00   32.25 KiB      3.66
    6  SwiGLU    1  a[1x5504]+b[1x5504]->y[1x5504]                      0.013ms    33.024 K      0.00   32.25 KiB      2.48
    7  Add      -1  a[1x4096]+b[1x4096]->y[1x4096]                      0.017ms     4.096 K      0.00   24.00 KiB      1.41
[gpu-debug] segment avg latency (cuda_events): 0.180 ms
[gpu-debug] sum(per-op)               : 0.279 ms (ratio=1.554)
[gpu-debug] NOTE: sum(per-op) may differ from segment latency due to Python overhead, event/launch overhead, and allocator/cache effects.
[gpu-debug] cuda mem before warmup: alloc=96.15 MiB reserved=110.00 MiB
[gpu-debug] cuda mem after warmup : alloc=96.15 MiB reserved=110.00 MiB
[gpu-debug] cuda mem peak (this segment): max_alloc=96.17 MiB max_reserved=110.00 MiB
========================================================================================
[gpu-debug] segment_key=npu|decode|84|ff6dcf33668f3ebc9cf61e7eb43c6a84
[gpu-debug] sig: device_type=npu phase=decode step=84 (count_hint=32)
[gpu-debug] ops_repr: LN:-1,Add:-1,LN:-1,FFN_W3:0,FFN_W3:1,SwiGLU:0,SwiGLU:1,Add:-1
[gpu-debug] cfg: device=cuda dtype=torch.bfloat16 dim=4096 ffn_dim=11008 n_heads=32 shards=2
[gpu-debug] op plan (with inferred tensor shapes):
  - op#00  op=LN       shard=-1  x=[1x4096] + w=[4096]  ->  y=[1x4096]  (T=1, K=1258)
  - op#01  op=Add      shard=-1  a=[1x4096] + b=[1x4096]  ->  y=[1x4096]  (T=1, K=1258)
  - op#02  op=LN       shard=-1  x=[1x4096] + w=[4096]  ->  y=[1x4096]  (T=1, K=1258)
  - op#03  op=FFN_W3   shard=0   x=[1x4096] + w=[5504x4096]  ->  y=[1x5504]  (T=1, K=1258)
  - op#04  op=FFN_W3   shard=1   x=[1x4096] + w=[5504x4096]  ->  y=[1x5504]  (T=1, K=1258)
  - op#05  op=SwiGLU   shard=0   a=[1x5504] + b=[1x5504]  ->  y=[1x5504]  (T=1, K=1258)
  - op#06  op=SwiGLU   shard=1   a=[1x5504] + b=[1x5504]  ->  y=[1x5504]  (T=1, K=1258)
  - op#07  op=Add      shard=-1  a=[1x4096] + b=[1x4096]  ->  y=[1x4096]  (T=1, K=1258)
[gpu-debug] per-op timing breakdown (avg over iters):
  idx  op       sh  io                                                    time   est_flops    TFLOPs       bytes      GB/s
  ------------------------------------------------------------------------------------------------------------------------
    0  LN       -1  x[1x4096]+w[4096]->y[1x4096]                        0.066ms    20.480 K      0.00   24.00 KiB      0.37
    1  Add      -1  a[1x4096]+b[1x4096]->y[1x4096]                      0.016ms     4.096 K      0.00   24.00 KiB      1.49
    2  LN       -1  x[1x4096]+w[4096]->y[1x4096]                        0.058ms    20.480 K      0.00   24.00 KiB      0.43
    3  FFN_W3    0  x[1x4096]+w[5504x4096]->y[1x5504]                   0.059ms    45.089 M      0.77   43.02 MiB    766.10
    4  FFN_W3    1  x[1x4096]+w[5504x4096]->y[1x5504]                   0.040ms    45.089 M      1.13   43.02 MiB   1129.51
    5  SwiGLU    0  a[1x5504]+b[1x5504]->y[1x5504]                      0.009ms    33.024 K      0.00   32.25 KiB      3.75
    6  SwiGLU    1  a[1x5504]+b[1x5504]->y[1x5504]                      0.015ms    33.024 K      0.00   32.25 KiB      2.18
    7  Add      -1  a[1x4096]+b[1x4096]->y[1x4096]                      0.016ms     4.096 K      0.00   24.00 KiB      1.53
[gpu-debug] segment avg latency (cuda_events): 0.180 ms
[gpu-debug] sum(per-op)               : 0.279 ms (ratio=1.556)
[gpu-debug] NOTE: sum(per-op) may differ from segment latency due to Python overhead, event/launch overhead, and allocator/cache effects.
[gpu-debug] cuda mem before warmup: alloc=96.15 MiB reserved=110.00 MiB
[gpu-debug] cuda mem after warmup : alloc=96.15 MiB reserved=110.00 MiB
[gpu-debug] cuda mem peak (this segment): max_alloc=96.17 MiB max_reserved=110.00 MiB
========================================================================================
[gpu-debug] segment_key=npu|decode|85|ff6dcf33668f3ebc9cf61e7eb43c6a84
[gpu-debug] sig: device_type=npu phase=decode step=85 (count_hint=32)
[gpu-debug] ops_repr: LN:-1,Add:-1,LN:-1,FFN_W3:0,FFN_W3:1,SwiGLU:0,SwiGLU:1,Add:-1
[gpu-debug] cfg: device=cuda dtype=torch.bfloat16 dim=4096 ffn_dim=11008 n_heads=32 shards=2
[gpu-debug] op plan (with inferred tensor shapes):
  - op#00  op=LN       shard=-1  x=[1x4096] + w=[4096]  ->  y=[1x4096]  (T=1, K=1270)
  - op#01  op=Add      shard=-1  a=[1x4096] + b=[1x4096]  ->  y=[1x4096]  (T=1, K=1270)
  - op#02  op=LN       shard=-1  x=[1x4096] + w=[4096]  ->  y=[1x4096]  (T=1, K=1270)
  - op#03  op=FFN_W3   shard=0   x=[1x4096] + w=[5504x4096]  ->  y=[1x5504]  (T=1, K=1270)
  - op#04  op=FFN_W3   shard=1   x=[1x4096] + w=[5504x4096]  ->  y=[1x5504]  (T=1, K=1270)
  - op#05  op=SwiGLU   shard=0   a=[1x5504] + b=[1x5504]  ->  y=[1x5504]  (T=1, K=1270)
  - op#06  op=SwiGLU   shard=1   a=[1x5504] + b=[1x5504]  ->  y=[1x5504]  (T=1, K=1270)
  - op#07  op=Add      shard=-1  a=[1x4096] + b=[1x4096]  ->  y=[1x4096]  (T=1, K=1270)
[gpu-debug] per-op timing breakdown (avg over iters):
  idx  op       sh  io                                                    time   est_flops    TFLOPs       bytes      GB/s
  ------------------------------------------------------------------------------------------------------------------------
    0  LN       -1  x[1x4096]+w[4096]->y[1x4096]                        0.066ms    20.480 K      0.00   24.00 KiB      0.37
    1  Add      -1  a[1x4096]+b[1x4096]->y[1x4096]                      0.017ms     4.096 K      0.00   24.00 KiB      1.47
    2  LN       -1  x[1x4096]+w[4096]->y[1x4096]                        0.059ms    20.480 K      0.00   24.00 KiB      0.42
    3  FFN_W3    0  x[1x4096]+w[5504x4096]->y[1x5504]                   0.058ms    45.089 M      0.78   43.02 MiB    775.54
    4  FFN_W3    1  x[1x4096]+w[5504x4096]->y[1x5504]                   0.040ms    45.089 M      1.12   43.02 MiB   1123.74
    5  SwiGLU    0  a[1x5504]+b[1x5504]->y[1x5504]                      0.009ms    33.024 K      0.00   32.25 KiB      3.62
    6  SwiGLU    1  a[1x5504]+b[1x5504]->y[1x5504]                      0.014ms    33.024 K      0.00   32.25 KiB      2.30
    7  Add      -1  a[1x4096]+b[1x4096]->y[1x4096]                      0.017ms     4.096 K      0.00   24.00 KiB      1.45
[gpu-debug] segment avg latency (cuda_events): 0.180 ms
[gpu-debug] sum(per-op)               : 0.280 ms (ratio=1.550)
[gpu-debug] NOTE: sum(per-op) may differ from segment latency due to Python overhead, event/launch overhead, and allocator/cache effects.
[gpu-debug] cuda mem before warmup: alloc=96.15 MiB reserved=110.00 MiB
[gpu-debug] cuda mem after warmup : alloc=96.15 MiB reserved=110.00 MiB
[gpu-debug] cuda mem peak (this segment): max_alloc=96.17 MiB max_reserved=110.00 MiB
========================================================================================
[gpu-debug] segment_key=npu|decode|86|ff6dcf33668f3ebc9cf61e7eb43c6a84
[gpu-debug] sig: device_type=npu phase=decode step=86 (count_hint=32)
[gpu-debug] ops_repr: LN:-1,Add:-1,LN:-1,FFN_W3:0,FFN_W3:1,SwiGLU:0,SwiGLU:1,Add:-1
[gpu-debug] cfg: device=cuda dtype=torch.bfloat16 dim=4096 ffn_dim=11008 n_heads=32 shards=2
[gpu-debug] op plan (with inferred tensor shapes):
  - op#00  op=LN       shard=-1  x=[1x4096] + w=[4096]  ->  y=[1x4096]  (T=1, K=1282)
  - op#01  op=Add      shard=-1  a=[1x4096] + b=[1x4096]  ->  y=[1x4096]  (T=1, K=1282)
  - op#02  op=LN       shard=-1  x=[1x4096] + w=[4096]  ->  y=[1x4096]  (T=1, K=1282)
  - op#03  op=FFN_W3   shard=0   x=[1x4096] + w=[5504x4096]  ->  y=[1x5504]  (T=1, K=1282)
  - op#04  op=FFN_W3   shard=1   x=[1x4096] + w=[5504x4096]  ->  y=[1x5504]  (T=1, K=1282)
  - op#05  op=SwiGLU   shard=0   a=[1x5504] + b=[1x5504]  ->  y=[1x5504]  (T=1, K=1282)
  - op#06  op=SwiGLU   shard=1   a=[1x5504] + b=[1x5504]  ->  y=[1x5504]  (T=1, K=1282)
  - op#07  op=Add      shard=-1  a=[1x4096] + b=[1x4096]  ->  y=[1x4096]  (T=1, K=1282)
[gpu-debug] per-op timing breakdown (avg over iters):
  idx  op       sh  io                                                    time   est_flops    TFLOPs       bytes      GB/s
  ------------------------------------------------------------------------------------------------------------------------
    0  LN       -1  x[1x4096]+w[4096]->y[1x4096]                        0.067ms    20.480 K      0.00   24.00 KiB      0.36
    1  Add      -1  a[1x4096]+b[1x4096]->y[1x4096]                      0.017ms     4.096 K      0.00   24.00 KiB      1.48
    2  LN       -1  x[1x4096]+w[4096]->y[1x4096]                        0.058ms    20.480 K      0.00   24.00 KiB      0.42
    3  FFN_W3    0  x[1x4096]+w[5504x4096]->y[1x5504]                   0.059ms    45.089 M      0.77   43.02 MiB    768.77
    4  FFN_W3    1  x[1x4096]+w[5504x4096]->y[1x5504]                   0.040ms    45.089 M      1.13   43.02 MiB   1132.41
    5  SwiGLU    0  a[1x5504]+b[1x5504]->y[1x5504]                      0.009ms    33.024 K      0.00   32.25 KiB      3.71
    6  SwiGLU    1  a[1x5504]+b[1x5504]->y[1x5504]                      0.014ms    33.024 K      0.00   32.25 KiB      2.39
    7  Add      -1  a[1x4096]+b[1x4096]->y[1x4096]                      0.016ms     4.096 K      0.00   24.00 KiB      1.52
[gpu-debug] segment avg latency (cuda_events): 0.180 ms
[gpu-debug] sum(per-op)               : 0.280 ms (ratio=1.554)
[gpu-debug] NOTE: sum(per-op) may differ from segment latency due to Python overhead, event/launch overhead, and allocator/cache effects.
[gpu-debug] cuda mem before warmup: alloc=96.15 MiB reserved=110.00 MiB
[gpu-debug] cuda mem after warmup : alloc=96.15 MiB reserved=110.00 MiB
[gpu-debug] cuda mem peak (this segment): max_alloc=96.17 MiB max_reserved=110.00 MiB
========================================================================================
[gpu-debug] segment_key=npu|decode|87|ff6dcf33668f3ebc9cf61e7eb43c6a84
[gpu-debug] sig: device_type=npu phase=decode step=87 (count_hint=32)
[gpu-debug] ops_repr: LN:-1,Add:-1,LN:-1,FFN_W3:0,FFN_W3:1,SwiGLU:0,SwiGLU:1,Add:-1
[gpu-debug] cfg: device=cuda dtype=torch.bfloat16 dim=4096 ffn_dim=11008 n_heads=32 shards=2
[gpu-debug] op plan (with inferred tensor shapes):
  - op#00  op=LN       shard=-1  x=[1x4096] + w=[4096]  ->  y=[1x4096]  (T=1, K=1294)
  - op#01  op=Add      shard=-1  a=[1x4096] + b=[1x4096]  ->  y=[1x4096]  (T=1, K=1294)
  - op#02  op=LN       shard=-1  x=[1x4096] + w=[4096]  ->  y=[1x4096]  (T=1, K=1294)
  - op#03  op=FFN_W3   shard=0   x=[1x4096] + w=[5504x4096]  ->  y=[1x5504]  (T=1, K=1294)
  - op#04  op=FFN_W3   shard=1   x=[1x4096] + w=[5504x4096]  ->  y=[1x5504]  (T=1, K=1294)
  - op#05  op=SwiGLU   shard=0   a=[1x5504] + b=[1x5504]  ->  y=[1x5504]  (T=1, K=1294)
  - op#06  op=SwiGLU   shard=1   a=[1x5504] + b=[1x5504]  ->  y=[1x5504]  (T=1, K=1294)
  - op#07  op=Add      shard=-1  a=[1x4096] + b=[1x4096]  ->  y=[1x4096]  (T=1, K=1294)
[gpu-debug] per-op timing breakdown (avg over iters):
  idx  op       sh  io                                                    time   est_flops    TFLOPs       bytes      GB/s
  ------------------------------------------------------------------------------------------------------------------------
    0  LN       -1  x[1x4096]+w[4096]->y[1x4096]                        0.067ms    20.480 K      0.00   24.00 KiB      0.37
    1  Add      -1  a[1x4096]+b[1x4096]->y[1x4096]                      0.017ms     4.096 K      0.00   24.00 KiB      1.42
    2  LN       -1  x[1x4096]+w[4096]->y[1x4096]                        0.059ms    20.480 K      0.00   24.00 KiB      0.42
    3  FFN_W3    0  x[1x4096]+w[5504x4096]->y[1x5504]                   0.058ms    45.089 M      0.77   43.02 MiB    771.47
    4  FFN_W3    1  x[1x4096]+w[5504x4096]->y[1x5504]                   0.040ms    45.089 M      1.12   43.02 MiB   1118.04
    5  SwiGLU    0  a[1x5504]+b[1x5504]->y[1x5504]                      0.009ms    33.024 K      0.00   32.25 KiB      3.62
    6  SwiGLU    1  a[1x5504]+b[1x5504]->y[1x5504]                      0.014ms    33.024 K      0.00   32.25 KiB      2.32
    7  Add      -1  a[1x4096]+b[1x4096]->y[1x4096]                      0.016ms     4.096 K      0.00   24.00 KiB      1.51
[gpu-debug] segment avg latency (cuda_events): 0.182 ms
[gpu-debug] sum(per-op)               : 0.281 ms (ratio=1.544)
[gpu-debug] NOTE: sum(per-op) may differ from segment latency due to Python overhead, event/launch overhead, and allocator/cache effects.
[gpu-debug] cuda mem before warmup: alloc=96.15 MiB reserved=110.00 MiB
[gpu-debug] cuda mem after warmup : alloc=96.15 MiB reserved=110.00 MiB
[gpu-debug] cuda mem peak (this segment): max_alloc=96.17 MiB max_reserved=110.00 MiB
========================================================================================
[gpu-debug] segment_key=npu|decode|88|ff6dcf33668f3ebc9cf61e7eb43c6a84
[gpu-debug] sig: device_type=npu phase=decode step=88 (count_hint=32)
[gpu-debug] ops_repr: LN:-1,Add:-1,LN:-1,FFN_W3:0,FFN_W3:1,SwiGLU:0,SwiGLU:1,Add:-1
[gpu-debug] cfg: device=cuda dtype=torch.bfloat16 dim=4096 ffn_dim=11008 n_heads=32 shards=2
[gpu-debug] op plan (with inferred tensor shapes):
  - op#00  op=LN       shard=-1  x=[1x4096] + w=[4096]  ->  y=[1x4096]  (T=1, K=1306)
  - op#01  op=Add      shard=-1  a=[1x4096] + b=[1x4096]  ->  y=[1x4096]  (T=1, K=1306)
  - op#02  op=LN       shard=-1  x=[1x4096] + w=[4096]  ->  y=[1x4096]  (T=1, K=1306)
  - op#03  op=FFN_W3   shard=0   x=[1x4096] + w=[5504x4096]  ->  y=[1x5504]  (T=1, K=1306)
  - op#04  op=FFN_W3   shard=1   x=[1x4096] + w=[5504x4096]  ->  y=[1x5504]  (T=1, K=1306)
  - op#05  op=SwiGLU   shard=0   a=[1x5504] + b=[1x5504]  ->  y=[1x5504]  (T=1, K=1306)
  - op#06  op=SwiGLU   shard=1   a=[1x5504] + b=[1x5504]  ->  y=[1x5504]  (T=1, K=1306)
  - op#07  op=Add      shard=-1  a=[1x4096] + b=[1x4096]  ->  y=[1x4096]  (T=1, K=1306)
[gpu-debug] per-op timing breakdown (avg over iters):
  idx  op       sh  io                                                    time   est_flops    TFLOPs       bytes      GB/s
  ------------------------------------------------------------------------------------------------------------------------
    0  LN       -1  x[1x4096]+w[4096]->y[1x4096]                        0.067ms    20.480 K      0.00   24.00 KiB      0.37
    1  Add      -1  a[1x4096]+b[1x4096]->y[1x4096]                      0.017ms     4.096 K      0.00   24.00 KiB      1.48
    2  LN       -1  x[1x4096]+w[4096]->y[1x4096]                        0.058ms    20.480 K      0.00   24.00 KiB      0.43
    3  FFN_W3    0  x[1x4096]+w[5504x4096]->y[1x5504]                   0.058ms    45.089 M      0.77   43.02 MiB    771.47
    4  FFN_W3    1  x[1x4096]+w[5504x4096]->y[1x5504]                   0.040ms    45.089 M      1.12   43.02 MiB   1120.88
    5  SwiGLU    0  a[1x5504]+b[1x5504]->y[1x5504]                      0.009ms    33.024 K      0.00   32.25 KiB      3.66
    6  SwiGLU    1  a[1x5504]+b[1x5504]->y[1x5504]                      0.015ms    33.024 K      0.00   32.25 KiB      2.26
    7  Add      -1  a[1x4096]+b[1x4096]->y[1x4096]                      0.017ms     4.096 K      0.00   24.00 KiB      1.47
[gpu-debug] segment avg latency (cuda_events): 0.180 ms
[gpu-debug] sum(per-op)               : 0.280 ms (ratio=1.562)
[gpu-debug] NOTE: sum(per-op) may differ from segment latency due to Python overhead, event/launch overhead, and allocator/cache effects.
[gpu-debug] cuda mem before warmup: alloc=96.15 MiB reserved=110.00 MiB
[gpu-debug] cuda mem after warmup : alloc=96.15 MiB reserved=110.00 MiB
[gpu-debug] cuda mem peak (this segment): max_alloc=96.17 MiB max_reserved=110.00 MiB
========================================================================================
[gpu-debug] segment_key=npu|decode|89|ff6dcf33668f3ebc9cf61e7eb43c6a84
[gpu-debug] sig: device_type=npu phase=decode step=89 (count_hint=32)
[gpu-debug] ops_repr: LN:-1,Add:-1,LN:-1,FFN_W3:0,FFN_W3:1,SwiGLU:0,SwiGLU:1,Add:-1
[gpu-debug] cfg: device=cuda dtype=torch.bfloat16 dim=4096 ffn_dim=11008 n_heads=32 shards=2
[gpu-debug] op plan (with inferred tensor shapes):
  - op#00  op=LN       shard=-1  x=[1x4096] + w=[4096]  ->  y=[1x4096]  (T=1, K=1318)
  - op#01  op=Add      shard=-1  a=[1x4096] + b=[1x4096]  ->  y=[1x4096]  (T=1, K=1318)
  - op#02  op=LN       shard=-1  x=[1x4096] + w=[4096]  ->  y=[1x4096]  (T=1, K=1318)
  - op#03  op=FFN_W3   shard=0   x=[1x4096] + w=[5504x4096]  ->  y=[1x5504]  (T=1, K=1318)
  - op#04  op=FFN_W3   shard=1   x=[1x4096] + w=[5504x4096]  ->  y=[1x5504]  (T=1, K=1318)
  - op#05  op=SwiGLU   shard=0   a=[1x5504] + b=[1x5504]  ->  y=[1x5504]  (T=1, K=1318)
  - op#06  op=SwiGLU   shard=1   a=[1x5504] + b=[1x5504]  ->  y=[1x5504]  (T=1, K=1318)
  - op#07  op=Add      shard=-1  a=[1x4096] + b=[1x4096]  ->  y=[1x4096]  (T=1, K=1318)
[gpu-debug] per-op timing breakdown (avg over iters):
  idx  op       sh  io                                                    time   est_flops    TFLOPs       bytes      GB/s
  ------------------------------------------------------------------------------------------------------------------------
    0  LN       -1  x[1x4096]+w[4096]->y[1x4096]                        0.067ms    20.480 K      0.00   24.00 KiB      0.37
    1  Add      -1  a[1x4096]+b[1x4096]->y[1x4096]                      0.016ms     4.096 K      0.00   24.00 KiB      1.50
    2  LN       -1  x[1x4096]+w[4096]->y[1x4096]                        0.058ms    20.480 K      0.00   24.00 KiB      0.43
    3  FFN_W3    0  x[1x4096]+w[5504x4096]->y[1x5504]                   0.059ms    45.089 M      0.77   43.02 MiB    770.12
    4  FFN_W3    1  x[1x4096]+w[5504x4096]->y[1x5504]                   0.040ms    45.089 M      1.12   43.02 MiB   1120.88
    5  SwiGLU    0  a[1x5504]+b[1x5504]->y[1x5504]                      0.009ms    33.024 K      0.00   32.25 KiB      3.62
    6  SwiGLU    1  a[1x5504]+b[1x5504]->y[1x5504]                      0.016ms    33.024 K      0.00   32.25 KiB      2.08
    7  Add      -1  a[1x4096]+b[1x4096]->y[1x4096]                      0.017ms     4.096 K      0.00   24.00 KiB      1.47
[gpu-debug] segment avg latency (cuda_events): 0.180 ms
[gpu-debug] sum(per-op)               : 0.281 ms (ratio=1.565)
[gpu-debug] NOTE: sum(per-op) may differ from segment latency due to Python overhead, event/launch overhead, and allocator/cache effects.
[gpu-debug] cuda mem before warmup: alloc=96.15 MiB reserved=110.00 MiB
[gpu-debug] cuda mem after warmup : alloc=96.15 MiB reserved=110.00 MiB
[gpu-debug] cuda mem peak (this segment): max_alloc=96.17 MiB max_reserved=110.00 MiB
========================================================================================
[gpu-debug] segment_key=npu|decode|8|ff6dcf33668f3ebc9cf61e7eb43c6a84
[gpu-debug] sig: device_type=npu phase=decode step=8 (count_hint=32)
[gpu-debug] ops_repr: LN:-1,Add:-1,LN:-1,FFN_W3:0,FFN_W3:1,SwiGLU:0,SwiGLU:1,Add:-1
[gpu-debug] cfg: device=cuda dtype=torch.bfloat16 dim=4096 ffn_dim=11008 n_heads=32 shards=2
[gpu-debug] op plan (with inferred tensor shapes):
  - op#00  op=LN       shard=-1  x=[1x4096] + w=[4096]  ->  y=[1x4096]  (T=1, K=346)
  - op#01  op=Add      shard=-1  a=[1x4096] + b=[1x4096]  ->  y=[1x4096]  (T=1, K=346)
  - op#02  op=LN       shard=-1  x=[1x4096] + w=[4096]  ->  y=[1x4096]  (T=1, K=346)
  - op#03  op=FFN_W3   shard=0   x=[1x4096] + w=[5504x4096]  ->  y=[1x5504]  (T=1, K=346)
  - op#04  op=FFN_W3   shard=1   x=[1x4096] + w=[5504x4096]  ->  y=[1x5504]  (T=1, K=346)
  - op#05  op=SwiGLU   shard=0   a=[1x5504] + b=[1x5504]  ->  y=[1x5504]  (T=1, K=346)
  - op#06  op=SwiGLU   shard=1   a=[1x5504] + b=[1x5504]  ->  y=[1x5504]  (T=1, K=346)
  - op#07  op=Add      shard=-1  a=[1x4096] + b=[1x4096]  ->  y=[1x4096]  (T=1, K=346)
[gpu-debug] per-op timing breakdown (avg over iters):
  idx  op       sh  io                                                    time   est_flops    TFLOPs       bytes      GB/s
  ------------------------------------------------------------------------------------------------------------------------
    0  LN       -1  x[1x4096]+w[4096]->y[1x4096]                        0.066ms    20.480 K      0.00   24.00 KiB      0.37
    1  Add      -1  a[1x4096]+b[1x4096]->y[1x4096]                      0.017ms     4.096 K      0.00   24.00 KiB      1.45
    2  LN       -1  x[1x4096]+w[4096]->y[1x4096]                        0.059ms    20.480 K      0.00   24.00 KiB      0.42
    3  FFN_W3    0  x[1x4096]+w[5504x4096]->y[1x5504]                   0.059ms    45.089 M      0.77   43.02 MiB    767.43
    4  FFN_W3    1  x[1x4096]+w[5504x4096]->y[1x5504]                   0.040ms    45.089 M      1.13   43.02 MiB   1126.62
    5  SwiGLU    0  a[1x5504]+b[1x5504]->y[1x5504]                      0.009ms    33.024 K      0.00   32.25 KiB      3.71
    6  SwiGLU    1  a[1x5504]+b[1x5504]->y[1x5504]                      0.014ms    33.024 K      0.00   32.25 KiB      2.42
    7  Add      -1  a[1x4096]+b[1x4096]->y[1x4096]                      0.016ms     4.096 K      0.00   24.00 KiB      1.54
[gpu-debug] segment avg latency (cuda_events): 0.180 ms
[gpu-debug] sum(per-op)               : 0.279 ms (ratio=1.551)
[gpu-debug] NOTE: sum(per-op) may differ from segment latency due to Python overhead, event/launch overhead, and allocator/cache effects.
[gpu-debug] cuda mem before warmup: alloc=96.15 MiB reserved=110.00 MiB
[gpu-debug] cuda mem after warmup : alloc=96.15 MiB reserved=110.00 MiB
[gpu-debug] cuda mem peak (this segment): max_alloc=96.17 MiB max_reserved=110.00 MiB
========================================================================================
[gpu-debug] segment_key=npu|decode|90|ff6dcf33668f3ebc9cf61e7eb43c6a84
[gpu-debug] sig: device_type=npu phase=decode step=90 (count_hint=32)
[gpu-debug] ops_repr: LN:-1,Add:-1,LN:-1,FFN_W3:0,FFN_W3:1,SwiGLU:0,SwiGLU:1,Add:-1
[gpu-debug] cfg: device=cuda dtype=torch.bfloat16 dim=4096 ffn_dim=11008 n_heads=32 shards=2
[gpu-debug] op plan (with inferred tensor shapes):
  - op#00  op=LN       shard=-1  x=[1x4096] + w=[4096]  ->  y=[1x4096]  (T=1, K=1330)
  - op#01  op=Add      shard=-1  a=[1x4096] + b=[1x4096]  ->  y=[1x4096]  (T=1, K=1330)
  - op#02  op=LN       shard=-1  x=[1x4096] + w=[4096]  ->  y=[1x4096]  (T=1, K=1330)
  - op#03  op=FFN_W3   shard=0   x=[1x4096] + w=[5504x4096]  ->  y=[1x5504]  (T=1, K=1330)
  - op#04  op=FFN_W3   shard=1   x=[1x4096] + w=[5504x4096]  ->  y=[1x5504]  (T=1, K=1330)
  - op#05  op=SwiGLU   shard=0   a=[1x5504] + b=[1x5504]  ->  y=[1x5504]  (T=1, K=1330)
  - op#06  op=SwiGLU   shard=1   a=[1x5504] + b=[1x5504]  ->  y=[1x5504]  (T=1, K=1330)
  - op#07  op=Add      shard=-1  a=[1x4096] + b=[1x4096]  ->  y=[1x4096]  (T=1, K=1330)
[gpu-debug] per-op timing breakdown (avg over iters):
  idx  op       sh  io                                                    time   est_flops    TFLOPs       bytes      GB/s
  ------------------------------------------------------------------------------------------------------------------------
    0  LN       -1  x[1x4096]+w[4096]->y[1x4096]                        0.067ms    20.480 K      0.00   24.00 KiB      0.36
    1  Add      -1  a[1x4096]+b[1x4096]->y[1x4096]                      0.017ms     4.096 K      0.00   24.00 KiB      1.45
    2  LN       -1  x[1x4096]+w[4096]->y[1x4096]                        0.058ms    20.480 K      0.00   24.00 KiB      0.42
    3  FFN_W3    0  x[1x4096]+w[5504x4096]->y[1x5504]                   0.058ms    45.089 M      0.77   43.02 MiB    774.18
    4  FFN_W3    1  x[1x4096]+w[5504x4096]->y[1x5504]                   0.040ms    45.089 M      1.13   43.02 MiB   1126.62
    5  SwiGLU    0  a[1x5504]+b[1x5504]->y[1x5504]                      0.009ms    33.024 K      0.00   32.25 KiB      3.58
    6  SwiGLU    1  a[1x5504]+b[1x5504]->y[1x5504]                      0.014ms    33.024 K      0.00   32.25 KiB      2.35
    7  Add      -1  a[1x4096]+b[1x4096]->y[1x4096]                      0.017ms     4.096 K      0.00   24.00 KiB      1.43
[gpu-debug] segment avg latency (cuda_events): 0.180 ms
[gpu-debug] sum(per-op)               : 0.281 ms (ratio=1.561)
[gpu-debug] NOTE: sum(per-op) may differ from segment latency due to Python overhead, event/launch overhead, and allocator/cache effects.
[gpu-debug] cuda mem before warmup: alloc=96.15 MiB reserved=110.00 MiB
[gpu-debug] cuda mem after warmup : alloc=96.15 MiB reserved=110.00 MiB
[gpu-debug] cuda mem peak (this segment): max_alloc=96.17 MiB max_reserved=110.00 MiB
========================================================================================
[gpu-debug] segment_key=npu|decode|91|ff6dcf33668f3ebc9cf61e7eb43c6a84
[gpu-debug] sig: device_type=npu phase=decode step=91 (count_hint=32)
[gpu-debug] ops_repr: LN:-1,Add:-1,LN:-1,FFN_W3:0,FFN_W3:1,SwiGLU:0,SwiGLU:1,Add:-1
[gpu-debug] cfg: device=cuda dtype=torch.bfloat16 dim=4096 ffn_dim=11008 n_heads=32 shards=2
[gpu-debug] op plan (with inferred tensor shapes):
  - op#00  op=LN       shard=-1  x=[1x4096] + w=[4096]  ->  y=[1x4096]  (T=1, K=1342)
  - op#01  op=Add      shard=-1  a=[1x4096] + b=[1x4096]  ->  y=[1x4096]  (T=1, K=1342)
  - op#02  op=LN       shard=-1  x=[1x4096] + w=[4096]  ->  y=[1x4096]  (T=1, K=1342)
  - op#03  op=FFN_W3   shard=0   x=[1x4096] + w=[5504x4096]  ->  y=[1x5504]  (T=1, K=1342)
  - op#04  op=FFN_W3   shard=1   x=[1x4096] + w=[5504x4096]  ->  y=[1x5504]  (T=1, K=1342)
  - op#05  op=SwiGLU   shard=0   a=[1x5504] + b=[1x5504]  ->  y=[1x5504]  (T=1, K=1342)
  - op#06  op=SwiGLU   shard=1   a=[1x5504] + b=[1x5504]  ->  y=[1x5504]  (T=1, K=1342)
  - op#07  op=Add      shard=-1  a=[1x4096] + b=[1x4096]  ->  y=[1x4096]  (T=1, K=1342)
[gpu-debug] per-op timing breakdown (avg over iters):
  idx  op       sh  io                                                    time   est_flops    TFLOPs       bytes      GB/s
  ------------------------------------------------------------------------------------------------------------------------
    0  LN       -1  x[1x4096]+w[4096]->y[1x4096]                        0.066ms    20.480 K      0.00   24.00 KiB      0.37
    1  Add      -1  a[1x4096]+b[1x4096]->y[1x4096]                      0.017ms     4.096 K      0.00   24.00 KiB      1.43
    2  LN       -1  x[1x4096]+w[4096]->y[1x4096]                        0.059ms    20.480 K      0.00   24.00 KiB      0.42
    3  FFN_W3    0  x[1x4096]+w[5504x4096]->y[1x5504]                   0.059ms    45.089 M      0.76   43.02 MiB    763.44
    4  FFN_W3    1  x[1x4096]+w[5504x4096]->y[1x5504]                   0.040ms    45.089 M      1.12   43.02 MiB   1120.88
    5  SwiGLU    0  a[1x5504]+b[1x5504]->y[1x5504]                      0.009ms    33.024 K      0.00   32.25 KiB      3.75
    6  SwiGLU    1  a[1x5504]+b[1x5504]->y[1x5504]                      0.013ms    33.024 K      0.00   32.25 KiB      2.62
    7  Add      -1  a[1x4096]+b[1x4096]->y[1x4096]                      0.016ms     4.096 K      0.00   24.00 KiB      1.51
[gpu-debug] segment avg latency (cuda_events): 0.182 ms
[gpu-debug] sum(per-op)               : 0.280 ms (ratio=1.539)
[gpu-debug] NOTE: sum(per-op) may differ from segment latency due to Python overhead, event/launch overhead, and allocator/cache effects.
[gpu-debug] cuda mem before warmup: alloc=96.15 MiB reserved=110.00 MiB
[gpu-debug] cuda mem after warmup : alloc=96.15 MiB reserved=110.00 MiB
[gpu-debug] cuda mem peak (this segment): max_alloc=96.17 MiB max_reserved=110.00 MiB
  progress 100/110
========================================================================================
[gpu-debug] segment_key=npu|decode|92|ff6dcf33668f3ebc9cf61e7eb43c6a84
[gpu-debug] sig: device_type=npu phase=decode step=92 (count_hint=32)
[gpu-debug] ops_repr: LN:-1,Add:-1,LN:-1,FFN_W3:0,FFN_W3:1,SwiGLU:0,SwiGLU:1,Add:-1
[gpu-debug] cfg: device=cuda dtype=torch.bfloat16 dim=4096 ffn_dim=11008 n_heads=32 shards=2
[gpu-debug] op plan (with inferred tensor shapes):
  - op#00  op=LN       shard=-1  x=[1x4096] + w=[4096]  ->  y=[1x4096]  (T=1, K=1354)
  - op#01  op=Add      shard=-1  a=[1x4096] + b=[1x4096]  ->  y=[1x4096]  (T=1, K=1354)
  - op#02  op=LN       shard=-1  x=[1x4096] + w=[4096]  ->  y=[1x4096]  (T=1, K=1354)
  - op#03  op=FFN_W3   shard=0   x=[1x4096] + w=[5504x4096]  ->  y=[1x5504]  (T=1, K=1354)
  - op#04  op=FFN_W3   shard=1   x=[1x4096] + w=[5504x4096]  ->  y=[1x5504]  (T=1, K=1354)
  - op#05  op=SwiGLU   shard=0   a=[1x5504] + b=[1x5504]  ->  y=[1x5504]  (T=1, K=1354)
  - op#06  op=SwiGLU   shard=1   a=[1x5504] + b=[1x5504]  ->  y=[1x5504]  (T=1, K=1354)
  - op#07  op=Add      shard=-1  a=[1x4096] + b=[1x4096]  ->  y=[1x4096]  (T=1, K=1354)
[gpu-debug] per-op timing breakdown (avg over iters):
  idx  op       sh  io                                                    time   est_flops    TFLOPs       bytes      GB/s
  ------------------------------------------------------------------------------------------------------------------------
    0  LN       -1  x[1x4096]+w[4096]->y[1x4096]                        0.066ms    20.480 K      0.00   24.00 KiB      0.37
    1  Add      -1  a[1x4096]+b[1x4096]->y[1x4096]                      0.017ms     4.096 K      0.00   24.00 KiB      1.45
    2  LN       -1  x[1x4096]+w[4096]->y[1x4096]                        0.057ms    20.480 K      0.00   24.00 KiB      0.43
    3  FFN_W3    0  x[1x4096]+w[5504x4096]->y[1x5504]                   0.058ms    45.089 M      0.77   43.02 MiB    774.18
    4  FFN_W3    1  x[1x4096]+w[5504x4096]->y[1x5504]                   0.040ms    45.089 M      1.12   43.02 MiB   1123.74
    5  SwiGLU    0  a[1x5504]+b[1x5504]->y[1x5504]                      0.009ms    33.024 K      0.00   32.25 KiB      3.79
    6  SwiGLU    1  a[1x5504]+b[1x5504]->y[1x5504]                      0.016ms    33.024 K      0.00   32.25 KiB      2.04
    7  Add      -1  a[1x4096]+b[1x4096]->y[1x4096]                      0.017ms     4.096 K      0.00   24.00 KiB      1.48
[gpu-debug] segment avg latency (cuda_events): 0.180 ms
[gpu-debug] sum(per-op)               : 0.280 ms (ratio=1.553)
[gpu-debug] NOTE: sum(per-op) may differ from segment latency due to Python overhead, event/launch overhead, and allocator/cache effects.
[gpu-debug] cuda mem before warmup: alloc=96.15 MiB reserved=110.00 MiB
[gpu-debug] cuda mem after warmup : alloc=96.15 MiB reserved=110.00 MiB
[gpu-debug] cuda mem peak (this segment): max_alloc=96.17 MiB max_reserved=110.00 MiB
========================================================================================
[gpu-debug] segment_key=npu|decode|93|ff6dcf33668f3ebc9cf61e7eb43c6a84
[gpu-debug] sig: device_type=npu phase=decode step=93 (count_hint=32)
[gpu-debug] ops_repr: LN:-1,Add:-1,LN:-1,FFN_W3:0,FFN_W3:1,SwiGLU:0,SwiGLU:1,Add:-1
[gpu-debug] cfg: device=cuda dtype=torch.bfloat16 dim=4096 ffn_dim=11008 n_heads=32 shards=2
[gpu-debug] op plan (with inferred tensor shapes):
  - op#00  op=LN       shard=-1  x=[1x4096] + w=[4096]  ->  y=[1x4096]  (T=1, K=1366)
  - op#01  op=Add      shard=-1  a=[1x4096] + b=[1x4096]  ->  y=[1x4096]  (T=1, K=1366)
  - op#02  op=LN       shard=-1  x=[1x4096] + w=[4096]  ->  y=[1x4096]  (T=1, K=1366)
  - op#03  op=FFN_W3   shard=0   x=[1x4096] + w=[5504x4096]  ->  y=[1x5504]  (T=1, K=1366)
  - op#04  op=FFN_W3   shard=1   x=[1x4096] + w=[5504x4096]  ->  y=[1x5504]  (T=1, K=1366)
  - op#05  op=SwiGLU   shard=0   a=[1x5504] + b=[1x5504]  ->  y=[1x5504]  (T=1, K=1366)
  - op#06  op=SwiGLU   shard=1   a=[1x5504] + b=[1x5504]  ->  y=[1x5504]  (T=1, K=1366)
  - op#07  op=Add      shard=-1  a=[1x4096] + b=[1x4096]  ->  y=[1x4096]  (T=1, K=1366)
[gpu-debug] per-op timing breakdown (avg over iters):
  idx  op       sh  io                                                    time   est_flops    TFLOPs       bytes      GB/s
  ------------------------------------------------------------------------------------------------------------------------
    0  LN       -1  x[1x4096]+w[4096]->y[1x4096]                        0.066ms    20.480 K      0.00   24.00 KiB      0.37
    1  Add      -1  a[1x4096]+b[1x4096]->y[1x4096]                      0.017ms     4.096 K      0.00   24.00 KiB      1.46
    2  LN       -1  x[1x4096]+w[4096]->y[1x4096]                        0.060ms    20.480 K      0.00   24.00 KiB      0.41
    3  FFN_W3    0  x[1x4096]+w[5504x4096]->y[1x5504]                   0.060ms    45.089 M      0.76   43.02 MiB    755.59
    4  FFN_W3    1  x[1x4096]+w[5504x4096]->y[1x5504]                   0.040ms    45.089 M      1.13   43.02 MiB   1126.62
    5  SwiGLU    0  a[1x5504]+b[1x5504]->y[1x5504]                      0.009ms    33.024 K      0.00   32.25 KiB      3.84
    6  SwiGLU    1  a[1x5504]+b[1x5504]->y[1x5504]                      0.014ms    33.024 K      0.00   32.25 KiB      2.34
    7  Add      -1  a[1x4096]+b[1x4096]->y[1x4096]                      0.016ms     4.096 K      0.00   24.00 KiB      1.55
[gpu-debug] segment avg latency (cuda_events): 0.180 ms
[gpu-debug] sum(per-op)               : 0.281 ms (ratio=1.564)
[gpu-debug] NOTE: sum(per-op) may differ from segment latency due to Python overhead, event/launch overhead, and allocator/cache effects.
[gpu-debug] cuda mem before warmup: alloc=96.15 MiB reserved=110.00 MiB
[gpu-debug] cuda mem after warmup : alloc=96.15 MiB reserved=110.00 MiB
[gpu-debug] cuda mem peak (this segment): max_alloc=96.17 MiB max_reserved=110.00 MiB
========================================================================================
[gpu-debug] segment_key=npu|decode|94|ff6dcf33668f3ebc9cf61e7eb43c6a84
[gpu-debug] sig: device_type=npu phase=decode step=94 (count_hint=32)
[gpu-debug] ops_repr: LN:-1,Add:-1,LN:-1,FFN_W3:0,FFN_W3:1,SwiGLU:0,SwiGLU:1,Add:-1
[gpu-debug] cfg: device=cuda dtype=torch.bfloat16 dim=4096 ffn_dim=11008 n_heads=32 shards=2
[gpu-debug] op plan (with inferred tensor shapes):
  - op#00  op=LN       shard=-1  x=[1x4096] + w=[4096]  ->  y=[1x4096]  (T=1, K=1378)
  - op#01  op=Add      shard=-1  a=[1x4096] + b=[1x4096]  ->  y=[1x4096]  (T=1, K=1378)
  - op#02  op=LN       shard=-1  x=[1x4096] + w=[4096]  ->  y=[1x4096]  (T=1, K=1378)
  - op#03  op=FFN_W3   shard=0   x=[1x4096] + w=[5504x4096]  ->  y=[1x5504]  (T=1, K=1378)
  - op#04  op=FFN_W3   shard=1   x=[1x4096] + w=[5504x4096]  ->  y=[1x5504]  (T=1, K=1378)
  - op#05  op=SwiGLU   shard=0   a=[1x5504] + b=[1x5504]  ->  y=[1x5504]  (T=1, K=1378)
  - op#06  op=SwiGLU   shard=1   a=[1x5504] + b=[1x5504]  ->  y=[1x5504]  (T=1, K=1378)
  - op#07  op=Add      shard=-1  a=[1x4096] + b=[1x4096]  ->  y=[1x4096]  (T=1, K=1378)
[gpu-debug] per-op timing breakdown (avg over iters):
  idx  op       sh  io                                                    time   est_flops    TFLOPs       bytes      GB/s
  ------------------------------------------------------------------------------------------------------------------------
    0  LN       -1  x[1x4096]+w[4096]->y[1x4096]                        0.067ms    20.480 K      0.00   24.00 KiB      0.36
    1  Add      -1  a[1x4096]+b[1x4096]->y[1x4096]                      0.016ms     4.096 K      0.00   24.00 KiB      1.50
    2  LN       -1  x[1x4096]+w[4096]->y[1x4096]                        0.058ms    20.480 K      0.00   24.00 KiB      0.42
    3  FFN_W3    0  x[1x4096]+w[5504x4096]->y[1x5504]                   0.059ms    45.089 M      0.77   43.02 MiB    768.77
    4  FFN_W3    1  x[1x4096]+w[5504x4096]->y[1x5504]                   0.040ms    45.089 M      1.12   43.02 MiB   1120.88
    5  SwiGLU    0  a[1x5504]+b[1x5504]->y[1x5504]                      0.009ms    33.024 K      0.00   32.25 KiB      3.71
    6  SwiGLU    1  a[1x5504]+b[1x5504]->y[1x5504]                      0.013ms    33.024 K      0.00   32.25 KiB      2.54
    7  Add      -1  a[1x4096]+b[1x4096]->y[1x4096]                      0.017ms     4.096 K      0.00   24.00 KiB      1.47
[gpu-debug] segment avg latency (cuda_events): 0.180 ms
[gpu-debug] sum(per-op)               : 0.280 ms (ratio=1.553)
[gpu-debug] NOTE: sum(per-op) may differ from segment latency due to Python overhead, event/launch overhead, and allocator/cache effects.
[gpu-debug] cuda mem before warmup: alloc=96.15 MiB reserved=110.00 MiB
[gpu-debug] cuda mem after warmup : alloc=96.15 MiB reserved=110.00 MiB
[gpu-debug] cuda mem peak (this segment): max_alloc=96.17 MiB max_reserved=110.00 MiB
========================================================================================
[gpu-debug] segment_key=npu|decode|95|ff6dcf33668f3ebc9cf61e7eb43c6a84
[gpu-debug] sig: device_type=npu phase=decode step=95 (count_hint=32)
[gpu-debug] ops_repr: LN:-1,Add:-1,LN:-1,FFN_W3:0,FFN_W3:1,SwiGLU:0,SwiGLU:1,Add:-1
[gpu-debug] cfg: device=cuda dtype=torch.bfloat16 dim=4096 ffn_dim=11008 n_heads=32 shards=2
[gpu-debug] op plan (with inferred tensor shapes):
  - op#00  op=LN       shard=-1  x=[1x4096] + w=[4096]  ->  y=[1x4096]  (T=1, K=1390)
  - op#01  op=Add      shard=-1  a=[1x4096] + b=[1x4096]  ->  y=[1x4096]  (T=1, K=1390)
  - op#02  op=LN       shard=-1  x=[1x4096] + w=[4096]  ->  y=[1x4096]  (T=1, K=1390)
  - op#03  op=FFN_W3   shard=0   x=[1x4096] + w=[5504x4096]  ->  y=[1x5504]  (T=1, K=1390)
  - op#04  op=FFN_W3   shard=1   x=[1x4096] + w=[5504x4096]  ->  y=[1x5504]  (T=1, K=1390)
  - op#05  op=SwiGLU   shard=0   a=[1x5504] + b=[1x5504]  ->  y=[1x5504]  (T=1, K=1390)
  - op#06  op=SwiGLU   shard=1   a=[1x5504] + b=[1x5504]  ->  y=[1x5504]  (T=1, K=1390)
  - op#07  op=Add      shard=-1  a=[1x4096] + b=[1x4096]  ->  y=[1x4096]  (T=1, K=1390)
[gpu-debug] per-op timing breakdown (avg over iters):
  idx  op       sh  io                                                    time   est_flops    TFLOPs       bytes      GB/s
  ------------------------------------------------------------------------------------------------------------------------
    0  LN       -1  x[1x4096]+w[4096]->y[1x4096]                        0.066ms    20.480 K      0.00   24.00 KiB      0.37
    1  Add      -1  a[1x4096]+b[1x4096]->y[1x4096]                      0.016ms     4.096 K      0.00   24.00 KiB      1.49
    2  LN       -1  x[1x4096]+w[4096]->y[1x4096]                        0.058ms    20.480 K      0.00   24.00 KiB      0.42
    3  FFN_W3    0  x[1x4096]+w[5504x4096]->y[1x5504]                   0.059ms    45.089 M      0.77   43.02 MiB    768.77
    4  FFN_W3    1  x[1x4096]+w[5504x4096]->y[1x5504]                   0.040ms    45.089 M      1.12   43.02 MiB   1123.74
    5  SwiGLU    0  a[1x5504]+b[1x5504]->y[1x5504]                      0.009ms    33.024 K      0.00   32.25 KiB      3.71
    6  SwiGLU    1  a[1x5504]+b[1x5504]->y[1x5504]                      0.015ms    33.024 K      0.00   32.25 KiB      2.16
    7  Add      -1  a[1x4096]+b[1x4096]->y[1x4096]                      0.016ms     4.096 K      0.00   24.00 KiB      1.49
[gpu-debug] segment avg latency (cuda_events): 0.180 ms
[gpu-debug] sum(per-op)               : 0.280 ms (ratio=1.554)
[gpu-debug] NOTE: sum(per-op) may differ from segment latency due to Python overhead, event/launch overhead, and allocator/cache effects.
[gpu-debug] cuda mem before warmup: alloc=96.15 MiB reserved=110.00 MiB
[gpu-debug] cuda mem after warmup : alloc=96.15 MiB reserved=110.00 MiB
[gpu-debug] cuda mem peak (this segment): max_alloc=96.17 MiB max_reserved=110.00 MiB
========================================================================================
[gpu-debug] segment_key=npu|decode|96|ff6dcf33668f3ebc9cf61e7eb43c6a84
[gpu-debug] sig: device_type=npu phase=decode step=96 (count_hint=32)
[gpu-debug] ops_repr: LN:-1,Add:-1,LN:-1,FFN_W3:0,FFN_W3:1,SwiGLU:0,SwiGLU:1,Add:-1
[gpu-debug] cfg: device=cuda dtype=torch.bfloat16 dim=4096 ffn_dim=11008 n_heads=32 shards=2
[gpu-debug] op plan (with inferred tensor shapes):
  - op#00  op=LN       shard=-1  x=[1x4096] + w=[4096]  ->  y=[1x4096]  (T=1, K=1402)
  - op#01  op=Add      shard=-1  a=[1x4096] + b=[1x4096]  ->  y=[1x4096]  (T=1, K=1402)
  - op#02  op=LN       shard=-1  x=[1x4096] + w=[4096]  ->  y=[1x4096]  (T=1, K=1402)
  - op#03  op=FFN_W3   shard=0   x=[1x4096] + w=[5504x4096]  ->  y=[1x5504]  (T=1, K=1402)
  - op#04  op=FFN_W3   shard=1   x=[1x4096] + w=[5504x4096]  ->  y=[1x5504]  (T=1, K=1402)
  - op#05  op=SwiGLU   shard=0   a=[1x5504] + b=[1x5504]  ->  y=[1x5504]  (T=1, K=1402)
  - op#06  op=SwiGLU   shard=1   a=[1x5504] + b=[1x5504]  ->  y=[1x5504]  (T=1, K=1402)
  - op#07  op=Add      shard=-1  a=[1x4096] + b=[1x4096]  ->  y=[1x4096]  (T=1, K=1402)
[gpu-debug] per-op timing breakdown (avg over iters):
  idx  op       sh  io                                                    time   est_flops    TFLOPs       bytes      GB/s
  ------------------------------------------------------------------------------------------------------------------------
    0  LN       -1  x[1x4096]+w[4096]->y[1x4096]                        0.067ms    20.480 K      0.00   24.00 KiB      0.37
    1  Add      -1  a[1x4096]+b[1x4096]->y[1x4096]                      0.017ms     4.096 K      0.00   24.00 KiB      1.44
    2  LN       -1  x[1x4096]+w[4096]->y[1x4096]                        0.058ms    20.480 K      0.00   24.00 KiB      0.42
    3  FFN_W3    0  x[1x4096]+w[5504x4096]->y[1x5504]                   0.059ms    45.089 M      0.77   43.02 MiB    770.12
    4  FFN_W3    1  x[1x4096]+w[5504x4096]->y[1x5504]                   0.040ms    45.089 M      1.13   43.02 MiB   1129.51
    5  SwiGLU    0  a[1x5504]+b[1x5504]->y[1x5504]                      0.009ms    33.024 K      0.00   32.25 KiB      3.75
    6  SwiGLU    1  a[1x5504]+b[1x5504]->y[1x5504]                      0.014ms    33.024 K      0.00   32.25 KiB      2.34
    7  Add      -1  a[1x4096]+b[1x4096]->y[1x4096]                      0.017ms     4.096 K      0.00   24.00 KiB      1.47
[gpu-debug] segment avg latency (cuda_events): 0.181 ms
[gpu-debug] sum(per-op)               : 0.281 ms (ratio=1.554)
[gpu-debug] NOTE: sum(per-op) may differ from segment latency due to Python overhead, event/launch overhead, and allocator/cache effects.
[gpu-debug] cuda mem before warmup: alloc=96.15 MiB reserved=110.00 MiB
[gpu-debug] cuda mem after warmup : alloc=96.15 MiB reserved=110.00 MiB
[gpu-debug] cuda mem peak (this segment): max_alloc=96.17 MiB max_reserved=110.00 MiB
========================================================================================
[gpu-debug] segment_key=npu|decode|97|ff6dcf33668f3ebc9cf61e7eb43c6a84
[gpu-debug] sig: device_type=npu phase=decode step=97 (count_hint=32)
[gpu-debug] ops_repr: LN:-1,Add:-1,LN:-1,FFN_W3:0,FFN_W3:1,SwiGLU:0,SwiGLU:1,Add:-1
[gpu-debug] cfg: device=cuda dtype=torch.bfloat16 dim=4096 ffn_dim=11008 n_heads=32 shards=2
[gpu-debug] op plan (with inferred tensor shapes):
  - op#00  op=LN       shard=-1  x=[1x4096] + w=[4096]  ->  y=[1x4096]  (T=1, K=1414)
  - op#01  op=Add      shard=-1  a=[1x4096] + b=[1x4096]  ->  y=[1x4096]  (T=1, K=1414)
  - op#02  op=LN       shard=-1  x=[1x4096] + w=[4096]  ->  y=[1x4096]  (T=1, K=1414)
  - op#03  op=FFN_W3   shard=0   x=[1x4096] + w=[5504x4096]  ->  y=[1x5504]  (T=1, K=1414)
  - op#04  op=FFN_W3   shard=1   x=[1x4096] + w=[5504x4096]  ->  y=[1x5504]  (T=1, K=1414)
  - op#05  op=SwiGLU   shard=0   a=[1x5504] + b=[1x5504]  ->  y=[1x5504]  (T=1, K=1414)
  - op#06  op=SwiGLU   shard=1   a=[1x5504] + b=[1x5504]  ->  y=[1x5504]  (T=1, K=1414)
  - op#07  op=Add      shard=-1  a=[1x4096] + b=[1x4096]  ->  y=[1x4096]  (T=1, K=1414)
[gpu-debug] per-op timing breakdown (avg over iters):
  idx  op       sh  io                                                    time   est_flops    TFLOPs       bytes      GB/s
  ------------------------------------------------------------------------------------------------------------------------
    0  LN       -1  x[1x4096]+w[4096]->y[1x4096]                        0.067ms    20.480 K      0.00   24.00 KiB      0.37
    1  Add      -1  a[1x4096]+b[1x4096]->y[1x4096]                      0.017ms     4.096 K      0.00   24.00 KiB      1.47
    2  LN       -1  x[1x4096]+w[4096]->y[1x4096]                        0.058ms    20.480 K      0.00   24.00 KiB      0.43
    3  FFN_W3    0  x[1x4096]+w[5504x4096]->y[1x5504]                   0.059ms    45.089 M      0.76   43.02 MiB    763.44
    4  FFN_W3    1  x[1x4096]+w[5504x4096]->y[1x5504]                   0.040ms    45.089 M      1.13   43.02 MiB   1132.41
    5  SwiGLU    0  a[1x5504]+b[1x5504]->y[1x5504]                      0.009ms    33.024 K      0.00   32.25 KiB      3.84
    6  SwiGLU    1  a[1x5504]+b[1x5504]->y[1x5504]                      0.015ms    33.024 K      0.00   32.25 KiB      2.21
    7  Add      -1  a[1x4096]+b[1x4096]->y[1x4096]                      0.017ms     4.096 K      0.00   24.00 KiB      1.46
[gpu-debug] segment avg latency (cuda_events): 0.180 ms
[gpu-debug] sum(per-op)               : 0.281 ms (ratio=1.560)
[gpu-debug] NOTE: sum(per-op) may differ from segment latency due to Python overhead, event/launch overhead, and allocator/cache effects.
[gpu-debug] cuda mem before warmup: alloc=96.15 MiB reserved=110.00 MiB
[gpu-debug] cuda mem after warmup : alloc=96.15 MiB reserved=110.00 MiB
[gpu-debug] cuda mem peak (this segment): max_alloc=96.17 MiB max_reserved=110.00 MiB
========================================================================================
[gpu-debug] segment_key=npu|decode|98|ff6dcf33668f3ebc9cf61e7eb43c6a84
[gpu-debug] sig: device_type=npu phase=decode step=98 (count_hint=32)
[gpu-debug] ops_repr: LN:-1,Add:-1,LN:-1,FFN_W3:0,FFN_W3:1,SwiGLU:0,SwiGLU:1,Add:-1
[gpu-debug] cfg: device=cuda dtype=torch.bfloat16 dim=4096 ffn_dim=11008 n_heads=32 shards=2
[gpu-debug] op plan (with inferred tensor shapes):
  - op#00  op=LN       shard=-1  x=[1x4096] + w=[4096]  ->  y=[1x4096]  (T=1, K=1426)
  - op#01  op=Add      shard=-1  a=[1x4096] + b=[1x4096]  ->  y=[1x4096]  (T=1, K=1426)
  - op#02  op=LN       shard=-1  x=[1x4096] + w=[4096]  ->  y=[1x4096]  (T=1, K=1426)
  - op#03  op=FFN_W3   shard=0   x=[1x4096] + w=[5504x4096]  ->  y=[1x5504]  (T=1, K=1426)
  - op#04  op=FFN_W3   shard=1   x=[1x4096] + w=[5504x4096]  ->  y=[1x5504]  (T=1, K=1426)
  - op#05  op=SwiGLU   shard=0   a=[1x5504] + b=[1x5504]  ->  y=[1x5504]  (T=1, K=1426)
  - op#06  op=SwiGLU   shard=1   a=[1x5504] + b=[1x5504]  ->  y=[1x5504]  (T=1, K=1426)
  - op#07  op=Add      shard=-1  a=[1x4096] + b=[1x4096]  ->  y=[1x4096]  (T=1, K=1426)
[gpu-debug] per-op timing breakdown (avg over iters):
  idx  op       sh  io                                                    time   est_flops    TFLOPs       bytes      GB/s
  ------------------------------------------------------------------------------------------------------------------------
    0  LN       -1  x[1x4096]+w[4096]->y[1x4096]                        0.066ms    20.480 K      0.00   24.00 KiB      0.37
    1  Add      -1  a[1x4096]+b[1x4096]->y[1x4096]                      0.017ms     4.096 K      0.00   24.00 KiB      1.47
    2  LN       -1  x[1x4096]+w[4096]->y[1x4096]                        0.058ms    20.480 K      0.00   24.00 KiB      0.43
    3  FFN_W3    0  x[1x4096]+w[5504x4096]->y[1x5504]                   0.058ms    45.089 M      0.77   43.02 MiB    772.82
    4  FFN_W3    1  x[1x4096]+w[5504x4096]->y[1x5504]                   0.040ms    45.089 M      1.11   43.02 MiB   1115.21
    5  SwiGLU    0  a[1x5504]+b[1x5504]->y[1x5504]                      0.009ms    33.024 K      0.00   32.25 KiB      3.71
    6  SwiGLU    1  a[1x5504]+b[1x5504]->y[1x5504]                      0.016ms    33.024 K      0.00   32.25 KiB      2.08
    7  Add      -1  a[1x4096]+b[1x4096]->y[1x4096]                      0.017ms     4.096 K      0.00   24.00 KiB      1.47
[gpu-debug] segment avg latency (cuda_events): 0.180 ms
[gpu-debug] sum(per-op)               : 0.281 ms (ratio=1.557)
[gpu-debug] NOTE: sum(per-op) may differ from segment latency due to Python overhead, event/launch overhead, and allocator/cache effects.
[gpu-debug] cuda mem before warmup: alloc=96.15 MiB reserved=110.00 MiB
[gpu-debug] cuda mem after warmup : alloc=96.15 MiB reserved=110.00 MiB
[gpu-debug] cuda mem peak (this segment): max_alloc=96.17 MiB max_reserved=110.00 MiB
========================================================================================
[gpu-debug] segment_key=npu|decode|99|ff6dcf33668f3ebc9cf61e7eb43c6a84
[gpu-debug] sig: device_type=npu phase=decode step=99 (count_hint=32)
[gpu-debug] ops_repr: LN:-1,Add:-1,LN:-1,FFN_W3:0,FFN_W3:1,SwiGLU:0,SwiGLU:1,Add:-1
[gpu-debug] cfg: device=cuda dtype=torch.bfloat16 dim=4096 ffn_dim=11008 n_heads=32 shards=2
[gpu-debug] op plan (with inferred tensor shapes):
  - op#00  op=LN       shard=-1  x=[1x4096] + w=[4096]  ->  y=[1x4096]  (T=1, K=1438)
  - op#01  op=Add      shard=-1  a=[1x4096] + b=[1x4096]  ->  y=[1x4096]  (T=1, K=1438)
  - op#02  op=LN       shard=-1  x=[1x4096] + w=[4096]  ->  y=[1x4096]  (T=1, K=1438)
  - op#03  op=FFN_W3   shard=0   x=[1x4096] + w=[5504x4096]  ->  y=[1x5504]  (T=1, K=1438)
  - op#04  op=FFN_W3   shard=1   x=[1x4096] + w=[5504x4096]  ->  y=[1x5504]  (T=1, K=1438)
  - op#05  op=SwiGLU   shard=0   a=[1x5504] + b=[1x5504]  ->  y=[1x5504]  (T=1, K=1438)
  - op#06  op=SwiGLU   shard=1   a=[1x5504] + b=[1x5504]  ->  y=[1x5504]  (T=1, K=1438)
  - op#07  op=Add      shard=-1  a=[1x4096] + b=[1x4096]  ->  y=[1x4096]  (T=1, K=1438)
[gpu-debug] per-op timing breakdown (avg over iters):
  idx  op       sh  io                                                    time   est_flops    TFLOPs       bytes      GB/s
  ------------------------------------------------------------------------------------------------------------------------
    0  LN       -1  x[1x4096]+w[4096]->y[1x4096]                        0.067ms    20.480 K      0.00   24.00 KiB      0.37
    1  Add      -1  a[1x4096]+b[1x4096]->y[1x4096]                      0.016ms     4.096 K      0.00   24.00 KiB      1.51
    2  LN       -1  x[1x4096]+w[4096]->y[1x4096]                        0.059ms    20.480 K      0.00   24.00 KiB      0.42
    3  FFN_W3    0  x[1x4096]+w[5504x4096]->y[1x5504]                   0.059ms    45.089 M      0.77   43.02 MiB    766.10
    4  FFN_W3    1  x[1x4096]+w[5504x4096]->y[1x5504]                   0.040ms    45.089 M      1.13   43.02 MiB   1129.51
    5  SwiGLU    0  a[1x5504]+b[1x5504]->y[1x5504]                      0.009ms    33.024 K      0.00   32.25 KiB      3.75
    6  SwiGLU    1  a[1x5504]+b[1x5504]->y[1x5504]                      0.014ms    33.024 K      0.00   32.25 KiB      2.39
    7  Add      -1  a[1x4096]+b[1x4096]->y[1x4096]                      0.016ms     4.096 K      0.00   24.00 KiB      1.51
[gpu-debug] segment avg latency (cuda_events): 0.179 ms
[gpu-debug] sum(per-op)               : 0.280 ms (ratio=1.558)
[gpu-debug] NOTE: sum(per-op) may differ from segment latency due to Python overhead, event/launch overhead, and allocator/cache effects.
[gpu-debug] cuda mem before warmup: alloc=96.15 MiB reserved=110.00 MiB
[gpu-debug] cuda mem after warmup : alloc=96.15 MiB reserved=110.00 MiB
[gpu-debug] cuda mem peak (this segment): max_alloc=96.17 MiB max_reserved=110.00 MiB
========================================================================================
[gpu-debug] segment_key=npu|decode|9|ff6dcf33668f3ebc9cf61e7eb43c6a84
[gpu-debug] sig: device_type=npu phase=decode step=9 (count_hint=32)
[gpu-debug] ops_repr: LN:-1,Add:-1,LN:-1,FFN_W3:0,FFN_W3:1,SwiGLU:0,SwiGLU:1,Add:-1
[gpu-debug] cfg: device=cuda dtype=torch.bfloat16 dim=4096 ffn_dim=11008 n_heads=32 shards=2
[gpu-debug] op plan (with inferred tensor shapes):
  - op#00  op=LN       shard=-1  x=[1x4096] + w=[4096]  ->  y=[1x4096]  (T=1, K=358)
  - op#01  op=Add      shard=-1  a=[1x4096] + b=[1x4096]  ->  y=[1x4096]  (T=1, K=358)
  - op#02  op=LN       shard=-1  x=[1x4096] + w=[4096]  ->  y=[1x4096]  (T=1, K=358)
  - op#03  op=FFN_W3   shard=0   x=[1x4096] + w=[5504x4096]  ->  y=[1x5504]  (T=1, K=358)
  - op#04  op=FFN_W3   shard=1   x=[1x4096] + w=[5504x4096]  ->  y=[1x5504]  (T=1, K=358)
  - op#05  op=SwiGLU   shard=0   a=[1x5504] + b=[1x5504]  ->  y=[1x5504]  (T=1, K=358)
  - op#06  op=SwiGLU   shard=1   a=[1x5504] + b=[1x5504]  ->  y=[1x5504]  (T=1, K=358)
  - op#07  op=Add      shard=-1  a=[1x4096] + b=[1x4096]  ->  y=[1x4096]  (T=1, K=358)
[gpu-debug] per-op timing breakdown (avg over iters):
  idx  op       sh  io                                                    time   est_flops    TFLOPs       bytes      GB/s
  ------------------------------------------------------------------------------------------------------------------------
    0  LN       -1  x[1x4096]+w[4096]->y[1x4096]                        0.067ms    20.480 K      0.00   24.00 KiB      0.37
    1  Add      -1  a[1x4096]+b[1x4096]->y[1x4096]                      0.016ms     4.096 K      0.00   24.00 KiB      1.49
    2  LN       -1  x[1x4096]+w[4096]->y[1x4096]                        0.058ms    20.480 K      0.00   24.00 KiB      0.43
    3  FFN_W3    0  x[1x4096]+w[5504x4096]->y[1x5504]                   0.058ms    45.089 M      0.77   43.02 MiB    771.47
    4  FFN_W3    1  x[1x4096]+w[5504x4096]->y[1x5504]                   0.040ms    45.089 M      1.13   43.02 MiB   1129.51
    5  SwiGLU    0  a[1x5504]+b[1x5504]->y[1x5504]                      0.009ms    33.024 K      0.00   32.25 KiB      3.75
    6  SwiGLU    1  a[1x5504]+b[1x5504]->y[1x5504]                      0.014ms    33.024 K      0.00   32.25 KiB      2.42
    7  Add      -1  a[1x4096]+b[1x4096]->y[1x4096]                      0.017ms     4.096 K      0.00   24.00 KiB      1.45
[gpu-debug] segment avg latency (cuda_events): 0.179 ms
[gpu-debug] sum(per-op)               : 0.279 ms (ratio=1.560)
[gpu-debug] NOTE: sum(per-op) may differ from segment latency due to Python overhead, event/launch overhead, and allocator/cache effects.
[gpu-debug] cuda mem before warmup: alloc=96.15 MiB reserved=110.00 MiB
[gpu-debug] cuda mem after warmup : alloc=96.15 MiB reserved=110.00 MiB
[gpu-debug] cuda mem peak (this segment): max_alloc=96.17 MiB max_reserved=110.00 MiB
========================================================================================
[gpu-debug] segment_key=npu|prefill|-1|7f370cc7d97df3530a56c775d62964d4
[gpu-debug] sig: device_type=npu phase=prefill step=-1 (count_hint=32)
[gpu-debug] ops_repr: LN:-1,Q:0,K:0,V:0,Q:1,K:1,V:1,QK:0,QK:1,Softmax:0,Softmax:1,SV:0,SV:1,O:0,O:1,Add:-1,LN:-1,FFN_W1:0,FFN_W3:0,FFN_W1:1,FFN_W3:1,SwiGLU:0,SwiGLU:1,FFN_W2:0,FFN_W2:1,Add:-1
[gpu-debug] cfg: device=cuda dtype=torch.bfloat16 dim=4096 ffn_dim=11008 n_heads=32 shards=2
[gpu-debug] op plan (with inferred tensor shapes):
  - op#00  op=LN       shard=-1  x=[262x4096] + w=[4096]  ->  y=[262x4096]  (T=262, K=262)
  - op#01  op=Q        shard=0   x=[262x4096] + w=[2048x4096]  ->  y=[262x2048]  (T=262, K=262)
  - op#02  op=K        shard=0   x=[262x4096] + w=[2048x4096]  ->  y=[262x2048]  (T=262, K=262)
  - op#03  op=V        shard=0   x=[262x4096] + w=[2048x4096]  ->  y=[262x2048]  (T=262, K=262)
  - op#04  op=Q        shard=1   x=[262x4096] + w=[2048x4096]  ->  y=[262x2048]  (T=262, K=262)
  - op#05  op=K        shard=1   x=[262x4096] + w=[2048x4096]  ->  y=[262x2048]  (T=262, K=262)
  - op#06  op=V        shard=1   x=[262x4096] + w=[2048x4096]  ->  y=[262x2048]  (T=262, K=262)
  - op#07  op=QK       shard=0   q=[16x262x128] + k=[16x128x262]  ->  y=[16x262x262]  (T=262, K=262)
  - op#08  op=QK       shard=1   q=[16x262x128] + k=[16x128x262]  ->  y=[16x262x262]  (T=262, K=262)
  - op#09  op=Softmax  shard=0   scores=[16x262x262]  ->  y=[16x262x262]  (T=262, K=262)
  - op#10  op=Softmax  shard=1   scores=[16x262x262]  ->  y=[16x262x262]  (T=262, K=262)
  - op#11  op=SV       shard=0   p=[16x262x262] + v=[16x262x128]  ->  y=[16x262x128]  (T=262, K=262)
  - op#12  op=SV       shard=1   p=[16x262x262] + v=[16x262x128]  ->  y=[16x262x128]  (T=262, K=262)
  - op#13  op=O        shard=0   x=[262x2048] + w=[4096x2048]  ->  y=[262x4096]  (T=262, K=262)
  - op#14  op=O        shard=1   x=[262x2048] + w=[4096x2048]  ->  y=[262x4096]  (T=262, K=262)
  - op#15  op=Add      shard=-1  a=[262x4096] + b=[262x4096]  ->  y=[262x4096]  (T=262, K=262)
  - op#16  op=LN       shard=-1  x=[262x4096] + w=[4096]  ->  y=[262x4096]  (T=262, K=262)
  - op#17  op=FFN_W1   shard=0   x=[262x4096] + w=[5504x4096]  ->  y=[262x5504]  (T=262, K=262)
  - op#18  op=FFN_W3   shard=0   x=[262x4096] + w=[5504x4096]  ->  y=[262x5504]  (T=262, K=262)
  - op#19  op=FFN_W1   shard=1   x=[262x4096] + w=[5504x4096]  ->  y=[262x5504]  (T=262, K=262)
  - op#20  op=FFN_W3   shard=1   x=[262x4096] + w=[5504x4096]  ->  y=[262x5504]  (T=262, K=262)
  - op#21  op=SwiGLU   shard=0   a=[262x5504] + b=[262x5504]  ->  y=[262x5504]  (T=262, K=262)
  - op#22  op=SwiGLU   shard=1   a=[262x5504] + b=[262x5504]  ->  y=[262x5504]  (T=262, K=262)
  - op#23  op=FFN_W2   shard=0   x=[262x5504] + w=[4096x5504]  ->  y=[262x4096]  (T=262, K=262)
  - op#24  op=FFN_W2   shard=1   x=[262x5504] + w=[4096x5504]  ->  y=[262x4096]  (T=262, K=262)
  - op#25  op=Add      shard=-1  a=[262x4096] + b=[262x4096]  ->  y=[262x4096]  (T=262, K=262)
[gpu-debug] per-op timing breakdown (avg over iters):
  idx  op       sh  io                                                    time   est_flops    TFLOPs       bytes      GB/s
  ------------------------------------------------------------------------------------------------------------------------
    0  LN       -1  x[262x4096]+w[4096]->y[262x4096]                    0.075ms     5.366 M      0.07    4.10 MiB     57.38
    1  Q         0  x[262x4096]+w[2048x4096]->y[262x2048]               0.056ms     4.396 G     77.91   19.07 MiB    354.41
    2  K         0  x[262x4096]+w[2048x4096]->y[262x2048]               0.038ms     4.396 G    114.78   19.07 MiB    522.14
    3  V         0  x[262x4096]+w[2048x4096]->y[262x2048]               0.038ms     4.396 G    114.78   19.07 MiB    522.14
    4  Q         1  x[262x4096]+w[2048x4096]->y[262x2048]               0.038ms     4.396 G    114.47   19.07 MiB    520.75
    5  K         1  x[262x4096]+w[2048x4096]->y[262x2048]               0.037ms     4.396 G    118.58   19.07 MiB    539.45
    6  V         1  x[262x4096]+w[2048x4096]->y[262x2048]               0.038ms     4.396 G    114.47   19.07 MiB    520.75
    7  QK        0  q[16x262x128]+k[16x128x262]->y[16x262x262]          0.021ms   281.166 M     13.33    4.14 MiB    205.88
    8  QK        1  q[16x262x128]+k[16x128x262]->y[16x262x262]          0.023ms   281.166 M     12.20    4.14 MiB    188.49
    9  Softmax   0  scores[16x262x262]->y[16x262x262]                   0.019ms     5.492 M      0.29    4.19 MiB    230.66
   10  Softmax   1  scores[16x262x262]->y[16x262x262]                   0.017ms     5.492 M      0.32    4.19 MiB    258.45
   11  SV        0  p[16x262x262]+v[16x262x128]->y[16x262x128]          0.034ms   281.166 M      8.30    4.14 MiB    128.13
   12  SV        1  p[16x262x262]+v[16x262x128]->y[16x262x128]          0.030ms   281.166 M      9.37    4.14 MiB    144.75
   13  O         0  x[262x2048]+w[4096x2048]->y[262x4096]               0.050ms     4.396 G     87.25   19.07 MiB    396.91
   14  O         1  x[262x2048]+w[4096x2048]->y[262x4096]               0.035ms     4.396 G    125.88   19.07 MiB    572.67
   15  Add      -1  a[262x4096]+b[262x4096]->y[262x4096]                0.007ms     1.073 M      0.14    6.14 MiB    861.37
   16  LN       -1  x[262x4096]+w[4096]->y[262x4096]                    0.065ms     5.366 M      0.08    4.10 MiB     66.35
   17  FFN_W1    0  x[262x4096]+w[5504x4096]->y[262x5504]               0.114ms    11.813 G    103.65   47.80 MiB    439.75
   18  FFN_W3    0  x[262x4096]+w[5504x4096]->y[262x5504]               0.095ms    11.813 G    124.99   47.80 MiB    530.28
   19  FFN_W1    1  x[262x4096]+w[5504x4096]->y[262x5504]               0.095ms    11.813 G    124.85   47.80 MiB    529.70
   20  FFN_W3    1  x[262x4096]+w[5504x4096]->y[262x5504]               0.095ms    11.813 G    124.45   47.80 MiB    527.99
   21  SwiGLU    0  a[262x5504]+b[262x5504]->y[262x5504]                0.015ms     8.652 M      0.59    8.25 MiB    586.77
   22  SwiGLU    1  a[262x5504]+b[262x5504]->y[262x5504]                0.013ms     8.652 M      0.66    8.25 MiB    660.12
   23  FFN_W2    0  x[262x5504]+w[4096x5504]->y[262x4096]               0.079ms    11.813 G    150.41   47.80 MiB    638.13
   24  FFN_W2    1  x[262x5504]+w[4096x5504]->y[262x4096]               0.077ms    11.813 G    153.00   47.80 MiB    649.13
   25  Add      -1  a[262x4096]+b[262x4096]->y[262x4096]                0.008ms     1.073 M      0.14    6.14 MiB    816.62
[gpu-debug] segment avg latency (cuda_events): 0.986 ms
[gpu-debug] sum(per-op)               : 1.213 ms (ratio=1.230)
[gpu-debug] NOTE: sum(per-op) may differ from segment latency due to Python overhead, event/launch overhead, and allocator/cache effects.
[gpu-debug] cuda mem before warmup: alloc=96.15 MiB reserved=110.00 MiB
[gpu-debug] cuda mem after warmup : alloc=410.11 MiB reserved=434.00 MiB
[gpu-debug] cuda mem peak (this segment): max_alloc=415.62 MiB max_reserved=434.00 MiB
  progress 110/110
[run-gpu] wrote /lustre/home/2501111916/workspace/XPUPIM_0226_gpupim_parameter/TriForm/verify/hw_hardware_1gpu_2aim/st12/llama_7b_bf16_b1_s12/facil_262x1292.gpu_results.json
[slurm] wrote OK_FILE=/lustre/home/2501111916/workspace/XPUPIM_0226_gpupim_parameter/TriForm/verify/hw_hardware_1gpu_2aim/st12/llama_7b_bf16_b1_s12/facil_262x1292.gpu.ok
