[slurm] jobid=9730444 nodelist=l12gpu04
[slurm] CUDA_VISIBLE_DEVICES=0
Fri Feb 27 10:05:42 2026       
+-----------------------------------------------------------------------------------------+
| NVIDIA-SMI 560.35.03              Driver Version: 560.35.03      CUDA Version: 12.6     |
|-----------------------------------------+------------------------+----------------------+
| GPU  Name                 Persistence-M | Bus-Id          Disp.A | Volatile Uncorr. ECC |
| Fan  Temp   Perf          Pwr:Usage/Cap |           Memory-Usage | GPU-Util  Compute M. |
|                                         |                        |               MIG M. |
|=========================================+========================+======================|
|   0  NVIDIA A100-PCIE-40GB          On  |   00000000:98:00.0 Off |                    0 |
| N/A   28C    P0             34W /  250W |       1MiB /  40960MiB |      0%      Default |
|                                         |                        |             Disabled |
+-----------------------------------------+------------------------+----------------------+
                                                                                         
+-----------------------------------------------------------------------------------------+
| Processes:                                                                              |
|  GPU   GI   CI        PID   Type   Process name                              GPU Memory |
|        ID   ID                                                               Usage      |
|=========================================================================================|
|  No running processes found                                                             |
+-----------------------------------------------------------------------------------------+
torch: 2.8.0+cu126
cuda available: True
device: NVIDIA A100-PCIE-40GB
[slurm] PY_SCRIPT=/lustre/home/2501111916/workspace/XPUPIM_0226_gpupim_parameter/TriForm/verify/schedule_deploy_verify.py
[slurm] TASKS_JSON=/lustre/home/2501111916/workspace/XPUPIM_0226_gpupim_parameter/TriForm/verify/hw_hardware_1gpu_2aim/st12/llama_7b_bf16_b1_s12/facil_128x1292.gpu_tasks.json
[slurm] OUT_JSON=/lustre/home/2501111916/workspace/XPUPIM_0226_gpupim_parameter/TriForm/verify/hw_hardware_1gpu_2aim/st12/llama_7b_bf16_b1_s12/facil_128x1292.gpu_results.json
[slurm] WARMUP=3 ITERS=10 DEVICE=cuda GPU_DTYPE=bf16
[slurm] OK_FILE=/lustre/home/2501111916/workspace/XPUPIM_0226_gpupim_parameter/TriForm/verify/hw_hardware_1gpu_2aim/st12/llama_7b_bf16_b1_s12/facil_128x1292.gpu.ok
[slurm] Running: python /lustre/home/2501111916/workspace/XPUPIM_0226_gpupim_parameter/TriForm/verify/schedule_deploy_verify.py run-gpu --tasks /lustre/home/2501111916/workspace/XPUPIM_0226_gpupim_parameter/TriForm/verify/hw_hardware_1gpu_2aim/st12/llama_7b_bf16_b1_s12/facil_128x1292.gpu_tasks.json --out /lustre/home/2501111916/workspace/XPUPIM_0226_gpupim_parameter/TriForm/verify/hw_hardware_1gpu_2aim/st12/llama_7b_bf16_b1_s12/facil_128x1292.gpu_results.json --debug --debug-txt /lustre/home/2501111916/workspace/XPUPIM_0226_gpupim_parameter/TriForm/verify/hw_hardware_1gpu_2aim/st12/llama_7b_bf16_b1_s12/facil_128x1292.gpu_debug.log --warmup 3 --iters 10 --device cuda --gpu-dtype bf16
[run-gpu] tasks=110 warmup=3 iters=10 device=cuda dtype=bf16 segment_scope=layer
[run-gpu] extra weight_load_s=0.400513s (will be added in merge)
[run-gpu] GPU[0] NVIDIA A100-PCIE-40GB; SM=108, CC=8.0
[run-gpu] nvidia-smi -L: GPU 0: NVIDIA A100-PCIE-40GB (UUID: GPU-6d440a5b-63f1-384a-e57b-cc3200e8df52)
[run-gpu] nvidia-smi query: NVIDIA A100-PCIE-40GB, GPU-6d440a5b-63f1-384a-e57b-cc3200e8df52, 560.35.03, 40960
[run-gpu][debug] torch_default_dtype=torch.float32
[run-gpu][debug] torch.backends.cuda.matmul.allow_tf32=False
[run-gpu][debug] cudnn.enabled=True benchmark=False deterministic=False allow_tf32=True
[run-gpu][debug] nvidia-smi snapshot: 0, 0, 0, 4, 40960, 28, 35.11, 250.00
========================================================================================
[gpu-debug] segment_key=npu|decode|0|ff6dcf33668f3ebc9cf61e7eb43c6a84
[gpu-debug] sig: device_type=npu phase=decode step=0 (count_hint=32)
[gpu-debug] ops_repr: LN:-1,Add:-1,LN:-1,FFN_W3:0,FFN_W3:1,SwiGLU:0,SwiGLU:1,Add:-1
[gpu-debug] cfg: device=cuda dtype=torch.bfloat16 dim=4096 ffn_dim=11008 n_heads=32 shards=2
[gpu-debug] op plan (with inferred tensor shapes):
  - op#00  op=LN       shard=-1  x=[1x4096] + w=[4096]  ->  y=[1x4096]  (T=1, K=129)
  - op#01  op=Add      shard=-1  a=[1x4096] + b=[1x4096]  ->  y=[1x4096]  (T=1, K=129)
  - op#02  op=LN       shard=-1  x=[1x4096] + w=[4096]  ->  y=[1x4096]  (T=1, K=129)
  - op#03  op=FFN_W3   shard=0   x=[1x4096] + w=[5504x4096]  ->  y=[1x5504]  (T=1, K=129)
  - op#04  op=FFN_W3   shard=1   x=[1x4096] + w=[5504x4096]  ->  y=[1x5504]  (T=1, K=129)
  - op#05  op=SwiGLU   shard=0   a=[1x5504] + b=[1x5504]  ->  y=[1x5504]  (T=1, K=129)
  - op#06  op=SwiGLU   shard=1   a=[1x5504] + b=[1x5504]  ->  y=[1x5504]  (T=1, K=129)
  - op#07  op=Add      shard=-1  a=[1x4096] + b=[1x4096]  ->  y=[1x4096]  (T=1, K=129)
[gpu-debug] per-op timing breakdown (avg over iters):
  idx  op       sh  io                                                    time   est_flops    TFLOPs       bytes      GB/s
  ------------------------------------------------------------------------------------------------------------------------
    0  LN       -1  x[1x4096]+w[4096]->y[1x4096]                        0.067ms    20.480 K      0.00   24.00 KiB      0.36
    1  Add      -1  a[1x4096]+b[1x4096]->y[1x4096]                      0.017ms     4.096 K      0.00   24.00 KiB      1.46
    2  LN       -1  x[1x4096]+w[4096]->y[1x4096]                        0.057ms    20.480 K      0.00   24.00 KiB      0.43
    3  FFN_W3    0  x[1x4096]+w[5504x4096]->y[1x5504]                   0.065ms    45.089 M      0.70   43.02 MiB    697.01
    4  FFN_W3    1  x[1x4096]+w[5504x4096]->y[1x5504]                   0.048ms    45.089 M      0.94   43.02 MiB    939.25
    5  SwiGLU    0  a[1x5504]+b[1x5504]->y[1x5504]                      0.016ms    33.024 K      0.00   32.25 KiB      2.11
    6  SwiGLU    1  a[1x5504]+b[1x5504]->y[1x5504]                      0.015ms    33.024 K      0.00   32.25 KiB      2.18
    7  Add      -1  a[1x4096]+b[1x4096]->y[1x4096]                      0.010ms     4.096 K      0.00   24.00 KiB      2.55
[gpu-debug] segment avg latency (cuda_events): 0.208 ms
[gpu-debug] sum(per-op)               : 0.294 ms (ratio=1.416)
[gpu-debug] NOTE: sum(per-op) may differ from segment latency due to Python overhead, event/launch overhead, and allocator/cache effects.
[gpu-debug] cuda mem before warmup: alloc=0 B reserved=0 B
[gpu-debug] cuda mem after warmup : alloc=96.15 MiB reserved=110.00 MiB
[gpu-debug] cuda mem peak (this segment): max_alloc=96.17 MiB max_reserved=110.00 MiB
========================================================================================
[gpu-debug] segment_key=npu|decode|100|ff6dcf33668f3ebc9cf61e7eb43c6a84
[gpu-debug] sig: device_type=npu phase=decode step=100 (count_hint=32)
[gpu-debug] ops_repr: LN:-1,Add:-1,LN:-1,FFN_W3:0,FFN_W3:1,SwiGLU:0,SwiGLU:1,Add:-1
[gpu-debug] cfg: device=cuda dtype=torch.bfloat16 dim=4096 ffn_dim=11008 n_heads=32 shards=2
[gpu-debug] op plan (with inferred tensor shapes):
  - op#00  op=LN       shard=-1  x=[1x4096] + w=[4096]  ->  y=[1x4096]  (T=1, K=1316)
  - op#01  op=Add      shard=-1  a=[1x4096] + b=[1x4096]  ->  y=[1x4096]  (T=1, K=1316)
  - op#02  op=LN       shard=-1  x=[1x4096] + w=[4096]  ->  y=[1x4096]  (T=1, K=1316)
  - op#03  op=FFN_W3   shard=0   x=[1x4096] + w=[5504x4096]  ->  y=[1x5504]  (T=1, K=1316)
  - op#04  op=FFN_W3   shard=1   x=[1x4096] + w=[5504x4096]  ->  y=[1x5504]  (T=1, K=1316)
  - op#05  op=SwiGLU   shard=0   a=[1x5504] + b=[1x5504]  ->  y=[1x5504]  (T=1, K=1316)
  - op#06  op=SwiGLU   shard=1   a=[1x5504] + b=[1x5504]  ->  y=[1x5504]  (T=1, K=1316)
  - op#07  op=Add      shard=-1  a=[1x4096] + b=[1x4096]  ->  y=[1x4096]  (T=1, K=1316)
[gpu-debug] per-op timing breakdown (avg over iters):
  idx  op       sh  io                                                    time   est_flops    TFLOPs       bytes      GB/s
  ------------------------------------------------------------------------------------------------------------------------
    0  LN       -1  x[1x4096]+w[4096]->y[1x4096]                        0.065ms    20.480 K      0.00   24.00 KiB      0.38
    1  Add      -1  a[1x4096]+b[1x4096]->y[1x4096]                      0.017ms     4.096 K      0.00   24.00 KiB      1.48
    2  LN       -1  x[1x4096]+w[4096]->y[1x4096]                        0.058ms    20.480 K      0.00   24.00 KiB      0.43
    3  FFN_W3    0  x[1x4096]+w[5504x4096]->y[1x5504]                   0.064ms    45.089 M      0.70   43.02 MiB    702.56
    4  FFN_W3    1  x[1x4096]+w[5504x4096]->y[1x5504]                   0.048ms    45.089 M      0.94   43.02 MiB    945.30
    5  SwiGLU    0  a[1x5504]+b[1x5504]->y[1x5504]                      0.016ms    33.024 K      0.00   32.25 KiB      2.09
    6  SwiGLU    1  a[1x5504]+b[1x5504]->y[1x5504]                      0.015ms    33.024 K      0.00   32.25 KiB      2.15
    7  Add      -1  a[1x4096]+b[1x4096]->y[1x4096]                      0.010ms     4.096 K      0.00   24.00 KiB      2.58
[gpu-debug] segment avg latency (cuda_events): 0.201 ms
[gpu-debug] sum(per-op)               : 0.292 ms (ratio=1.452)
[gpu-debug] NOTE: sum(per-op) may differ from segment latency due to Python overhead, event/launch overhead, and allocator/cache effects.
[gpu-debug] cuda mem before warmup: alloc=96.15 MiB reserved=110.00 MiB
[gpu-debug] cuda mem after warmup : alloc=96.15 MiB reserved=110.00 MiB
[gpu-debug] cuda mem peak (this segment): max_alloc=96.17 MiB max_reserved=110.00 MiB
========================================================================================
[gpu-debug] segment_key=npu|decode|101|ff6dcf33668f3ebc9cf61e7eb43c6a84
[gpu-debug] sig: device_type=npu phase=decode step=101 (count_hint=32)
[gpu-debug] ops_repr: LN:-1,Add:-1,LN:-1,FFN_W3:0,FFN_W3:1,SwiGLU:0,SwiGLU:1,Add:-1
[gpu-debug] cfg: device=cuda dtype=torch.bfloat16 dim=4096 ffn_dim=11008 n_heads=32 shards=2
[gpu-debug] op plan (with inferred tensor shapes):
  - op#00  op=LN       shard=-1  x=[1x4096] + w=[4096]  ->  y=[1x4096]  (T=1, K=1328)
  - op#01  op=Add      shard=-1  a=[1x4096] + b=[1x4096]  ->  y=[1x4096]  (T=1, K=1328)
  - op#02  op=LN       shard=-1  x=[1x4096] + w=[4096]  ->  y=[1x4096]  (T=1, K=1328)
  - op#03  op=FFN_W3   shard=0   x=[1x4096] + w=[5504x4096]  ->  y=[1x5504]  (T=1, K=1328)
  - op#04  op=FFN_W3   shard=1   x=[1x4096] + w=[5504x4096]  ->  y=[1x5504]  (T=1, K=1328)
  - op#05  op=SwiGLU   shard=0   a=[1x5504] + b=[1x5504]  ->  y=[1x5504]  (T=1, K=1328)
  - op#06  op=SwiGLU   shard=1   a=[1x5504] + b=[1x5504]  ->  y=[1x5504]  (T=1, K=1328)
  - op#07  op=Add      shard=-1  a=[1x4096] + b=[1x4096]  ->  y=[1x4096]  (T=1, K=1328)
[gpu-debug] per-op timing breakdown (avg over iters):
  idx  op       sh  io                                                    time   est_flops    TFLOPs       bytes      GB/s
  ------------------------------------------------------------------------------------------------------------------------
    0  LN       -1  x[1x4096]+w[4096]->y[1x4096]                        0.066ms    20.480 K      0.00   24.00 KiB      0.37
    1  Add      -1  a[1x4096]+b[1x4096]->y[1x4096]                      0.016ms     4.096 K      0.00   24.00 KiB      1.53
    2  LN       -1  x[1x4096]+w[4096]->y[1x4096]                        0.057ms    20.480 K      0.00   24.00 KiB      0.43
    3  FFN_W3    0  x[1x4096]+w[5504x4096]->y[1x5504]                   0.064ms    45.089 M      0.70   43.02 MiB    704.81
    4  FFN_W3    1  x[1x4096]+w[5504x4096]->y[1x5504]                   0.048ms    45.089 M      0.94   43.02 MiB    943.27
    5  SwiGLU    0  a[1x5504]+b[1x5504]->y[1x5504]                      0.016ms    33.024 K      0.00   32.25 KiB      2.12
    6  SwiGLU    1  a[1x5504]+b[1x5504]->y[1x5504]                      0.015ms    33.024 K      0.00   32.25 KiB      2.19
    7  Add      -1  a[1x4096]+b[1x4096]->y[1x4096]                      0.009ms     4.096 K      0.00   24.00 KiB      2.64
[gpu-debug] segment avg latency (cuda_events): 0.200 ms
[gpu-debug] sum(per-op)               : 0.290 ms (ratio=1.446)
[gpu-debug] NOTE: sum(per-op) may differ from segment latency due to Python overhead, event/launch overhead, and allocator/cache effects.
[gpu-debug] cuda mem before warmup: alloc=96.15 MiB reserved=110.00 MiB
[gpu-debug] cuda mem after warmup : alloc=96.15 MiB reserved=110.00 MiB
[gpu-debug] cuda mem peak (this segment): max_alloc=96.17 MiB max_reserved=110.00 MiB
========================================================================================
[gpu-debug] segment_key=npu|decode|102|ff6dcf33668f3ebc9cf61e7eb43c6a84
[gpu-debug] sig: device_type=npu phase=decode step=102 (count_hint=32)
[gpu-debug] ops_repr: LN:-1,Add:-1,LN:-1,FFN_W3:0,FFN_W3:1,SwiGLU:0,SwiGLU:1,Add:-1
[gpu-debug] cfg: device=cuda dtype=torch.bfloat16 dim=4096 ffn_dim=11008 n_heads=32 shards=2
[gpu-debug] op plan (with inferred tensor shapes):
  - op#00  op=LN       shard=-1  x=[1x4096] + w=[4096]  ->  y=[1x4096]  (T=1, K=1340)
  - op#01  op=Add      shard=-1  a=[1x4096] + b=[1x4096]  ->  y=[1x4096]  (T=1, K=1340)
  - op#02  op=LN       shard=-1  x=[1x4096] + w=[4096]  ->  y=[1x4096]  (T=1, K=1340)
  - op#03  op=FFN_W3   shard=0   x=[1x4096] + w=[5504x4096]  ->  y=[1x5504]  (T=1, K=1340)
  - op#04  op=FFN_W3   shard=1   x=[1x4096] + w=[5504x4096]  ->  y=[1x5504]  (T=1, K=1340)
  - op#05  op=SwiGLU   shard=0   a=[1x5504] + b=[1x5504]  ->  y=[1x5504]  (T=1, K=1340)
  - op#06  op=SwiGLU   shard=1   a=[1x5504] + b=[1x5504]  ->  y=[1x5504]  (T=1, K=1340)
  - op#07  op=Add      shard=-1  a=[1x4096] + b=[1x4096]  ->  y=[1x4096]  (T=1, K=1340)
[gpu-debug] per-op timing breakdown (avg over iters):
  idx  op       sh  io                                                    time   est_flops    TFLOPs       bytes      GB/s
  ------------------------------------------------------------------------------------------------------------------------
    0  LN       -1  x[1x4096]+w[4096]->y[1x4096]                        0.065ms    20.480 K      0.00   24.00 KiB      0.38
    1  Add      -1  a[1x4096]+b[1x4096]->y[1x4096]                      0.016ms     4.096 K      0.00   24.00 KiB      1.50
    2  LN       -1  x[1x4096]+w[4096]->y[1x4096]                        0.058ms    20.480 K      0.00   24.00 KiB      0.43
    3  FFN_W3    0  x[1x4096]+w[5504x4096]->y[1x5504]                   0.065ms    45.089 M      0.69   43.02 MiB    693.71
    4  FFN_W3    1  x[1x4096]+w[5504x4096]->y[1x5504]                   0.048ms    45.089 M      0.94   43.02 MiB    943.27
    5  SwiGLU    0  a[1x5504]+b[1x5504]->y[1x5504]                      0.016ms    33.024 K      0.00   32.25 KiB      2.11
    6  SwiGLU    1  a[1x5504]+b[1x5504]->y[1x5504]                      0.015ms    33.024 K      0.00   32.25 KiB      2.16
    7  Add      -1  a[1x4096]+b[1x4096]->y[1x4096]                      0.010ms     4.096 K      0.00   24.00 KiB      2.55
[gpu-debug] segment avg latency (cuda_events): 0.199 ms
[gpu-debug] sum(per-op)               : 0.293 ms (ratio=1.469)
[gpu-debug] NOTE: sum(per-op) may differ from segment latency due to Python overhead, event/launch overhead, and allocator/cache effects.
[gpu-debug] cuda mem before warmup: alloc=96.15 MiB reserved=110.00 MiB
[gpu-debug] cuda mem after warmup : alloc=96.15 MiB reserved=110.00 MiB
[gpu-debug] cuda mem peak (this segment): max_alloc=96.17 MiB max_reserved=110.00 MiB
========================================================================================
[gpu-debug] segment_key=npu|decode|103|ff6dcf33668f3ebc9cf61e7eb43c6a84
[gpu-debug] sig: device_type=npu phase=decode step=103 (count_hint=32)
[gpu-debug] ops_repr: LN:-1,Add:-1,LN:-1,FFN_W3:0,FFN_W3:1,SwiGLU:0,SwiGLU:1,Add:-1
[gpu-debug] cfg: device=cuda dtype=torch.bfloat16 dim=4096 ffn_dim=11008 n_heads=32 shards=2
[gpu-debug] op plan (with inferred tensor shapes):
  - op#00  op=LN       shard=-1  x=[1x4096] + w=[4096]  ->  y=[1x4096]  (T=1, K=1352)
  - op#01  op=Add      shard=-1  a=[1x4096] + b=[1x4096]  ->  y=[1x4096]  (T=1, K=1352)
  - op#02  op=LN       shard=-1  x=[1x4096] + w=[4096]  ->  y=[1x4096]  (T=1, K=1352)
  - op#03  op=FFN_W3   shard=0   x=[1x4096] + w=[5504x4096]  ->  y=[1x5504]  (T=1, K=1352)
  - op#04  op=FFN_W3   shard=1   x=[1x4096] + w=[5504x4096]  ->  y=[1x5504]  (T=1, K=1352)
  - op#05  op=SwiGLU   shard=0   a=[1x5504] + b=[1x5504]  ->  y=[1x5504]  (T=1, K=1352)
  - op#06  op=SwiGLU   shard=1   a=[1x5504] + b=[1x5504]  ->  y=[1x5504]  (T=1, K=1352)
  - op#07  op=Add      shard=-1  a=[1x4096] + b=[1x4096]  ->  y=[1x4096]  (T=1, K=1352)
[gpu-debug] per-op timing breakdown (avg over iters):
  idx  op       sh  io                                                    time   est_flops    TFLOPs       bytes      GB/s
  ------------------------------------------------------------------------------------------------------------------------
    0  LN       -1  x[1x4096]+w[4096]->y[1x4096]                        0.065ms    20.480 K      0.00   24.00 KiB      0.38
    1  Add      -1  a[1x4096]+b[1x4096]->y[1x4096]                      0.016ms     4.096 K      0.00   24.00 KiB      1.53
    2  LN       -1  x[1x4096]+w[4096]->y[1x4096]                        0.056ms    20.480 K      0.00   24.00 KiB      0.44
    3  FFN_W3    0  x[1x4096]+w[5504x4096]->y[1x5504]                   0.064ms    45.089 M      0.70   43.02 MiB    703.69
    4  FFN_W3    1  x[1x4096]+w[5504x4096]->y[1x5504]                   0.048ms    45.089 M      0.94   43.02 MiB    939.25
    5  SwiGLU    0  a[1x5504]+b[1x5504]->y[1x5504]                      0.015ms    33.024 K      0.00   32.25 KiB      2.14
    6  SwiGLU    1  a[1x5504]+b[1x5504]->y[1x5504]                      0.015ms    33.024 K      0.00   32.25 KiB      2.16
    7  Add      -1  a[1x4096]+b[1x4096]->y[1x4096]                      0.010ms     4.096 K      0.00   24.00 KiB      2.58
[gpu-debug] segment avg latency (cuda_events): 0.200 ms
[gpu-debug] sum(per-op)               : 0.289 ms (ratio=1.447)
[gpu-debug] NOTE: sum(per-op) may differ from segment latency due to Python overhead, event/launch overhead, and allocator/cache effects.
[gpu-debug] cuda mem before warmup: alloc=96.15 MiB reserved=110.00 MiB
[gpu-debug] cuda mem after warmup : alloc=96.15 MiB reserved=110.00 MiB
[gpu-debug] cuda mem peak (this segment): max_alloc=96.17 MiB max_reserved=110.00 MiB
========================================================================================
[gpu-debug] segment_key=npu|decode|104|ff6dcf33668f3ebc9cf61e7eb43c6a84
[gpu-debug] sig: device_type=npu phase=decode step=104 (count_hint=32)
[gpu-debug] ops_repr: LN:-1,Add:-1,LN:-1,FFN_W3:0,FFN_W3:1,SwiGLU:0,SwiGLU:1,Add:-1
[gpu-debug] cfg: device=cuda dtype=torch.bfloat16 dim=4096 ffn_dim=11008 n_heads=32 shards=2
[gpu-debug] op plan (with inferred tensor shapes):
  - op#00  op=LN       shard=-1  x=[1x4096] + w=[4096]  ->  y=[1x4096]  (T=1, K=1364)
  - op#01  op=Add      shard=-1  a=[1x4096] + b=[1x4096]  ->  y=[1x4096]  (T=1, K=1364)
  - op#02  op=LN       shard=-1  x=[1x4096] + w=[4096]  ->  y=[1x4096]  (T=1, K=1364)
  - op#03  op=FFN_W3   shard=0   x=[1x4096] + w=[5504x4096]  ->  y=[1x5504]  (T=1, K=1364)
  - op#04  op=FFN_W3   shard=1   x=[1x4096] + w=[5504x4096]  ->  y=[1x5504]  (T=1, K=1364)
  - op#05  op=SwiGLU   shard=0   a=[1x5504] + b=[1x5504]  ->  y=[1x5504]  (T=1, K=1364)
  - op#06  op=SwiGLU   shard=1   a=[1x5504] + b=[1x5504]  ->  y=[1x5504]  (T=1, K=1364)
  - op#07  op=Add      shard=-1  a=[1x4096] + b=[1x4096]  ->  y=[1x4096]  (T=1, K=1364)
[gpu-debug] per-op timing breakdown (avg over iters):
  idx  op       sh  io                                                    time   est_flops    TFLOPs       bytes      GB/s
  ------------------------------------------------------------------------------------------------------------------------
    0  LN       -1  x[1x4096]+w[4096]->y[1x4096]                        0.065ms    20.480 K      0.00   24.00 KiB      0.38
    1  Add      -1  a[1x4096]+b[1x4096]->y[1x4096]                      0.016ms     4.096 K      0.00   24.00 KiB      1.52
    2  LN       -1  x[1x4096]+w[4096]->y[1x4096]                        0.057ms    20.480 K      0.00   24.00 KiB      0.43
    3  FFN_W3    0  x[1x4096]+w[5504x4096]->y[1x5504]                   0.064ms    45.089 M      0.71   43.02 MiB    705.94
    4  FFN_W3    1  x[1x4096]+w[5504x4096]->y[1x5504]                   0.048ms    45.089 M      0.94   43.02 MiB    937.25
    5  SwiGLU    0  a[1x5504]+b[1x5504]->y[1x5504]                      0.016ms    33.024 K      0.00   32.25 KiB      2.12
    6  SwiGLU    1  a[1x5504]+b[1x5504]->y[1x5504]                      0.015ms    33.024 K      0.00   32.25 KiB      2.19
    7  Add      -1  a[1x4096]+b[1x4096]->y[1x4096]                      0.009ms     4.096 K      0.00   24.00 KiB      2.61
[gpu-debug] segment avg latency (cuda_events): 0.200 ms
[gpu-debug] sum(per-op)               : 0.290 ms (ratio=1.452)
[gpu-debug] NOTE: sum(per-op) may differ from segment latency due to Python overhead, event/launch overhead, and allocator/cache effects.
[gpu-debug] cuda mem before warmup: alloc=96.15 MiB reserved=110.00 MiB
[gpu-debug] cuda mem after warmup : alloc=96.15 MiB reserved=110.00 MiB
[gpu-debug] cuda mem peak (this segment): max_alloc=96.17 MiB max_reserved=110.00 MiB
========================================================================================
[gpu-debug] segment_key=npu|decode|105|ff6dcf33668f3ebc9cf61e7eb43c6a84
[gpu-debug] sig: device_type=npu phase=decode step=105 (count_hint=32)
[gpu-debug] ops_repr: LN:-1,Add:-1,LN:-1,FFN_W3:0,FFN_W3:1,SwiGLU:0,SwiGLU:1,Add:-1
[gpu-debug] cfg: device=cuda dtype=torch.bfloat16 dim=4096 ffn_dim=11008 n_heads=32 shards=2
[gpu-debug] op plan (with inferred tensor shapes):
  - op#00  op=LN       shard=-1  x=[1x4096] + w=[4096]  ->  y=[1x4096]  (T=1, K=1376)
  - op#01  op=Add      shard=-1  a=[1x4096] + b=[1x4096]  ->  y=[1x4096]  (T=1, K=1376)
  - op#02  op=LN       shard=-1  x=[1x4096] + w=[4096]  ->  y=[1x4096]  (T=1, K=1376)
  - op#03  op=FFN_W3   shard=0   x=[1x4096] + w=[5504x4096]  ->  y=[1x5504]  (T=1, K=1376)
  - op#04  op=FFN_W3   shard=1   x=[1x4096] + w=[5504x4096]  ->  y=[1x5504]  (T=1, K=1376)
  - op#05  op=SwiGLU   shard=0   a=[1x5504] + b=[1x5504]  ->  y=[1x5504]  (T=1, K=1376)
  - op#06  op=SwiGLU   shard=1   a=[1x5504] + b=[1x5504]  ->  y=[1x5504]  (T=1, K=1376)
  - op#07  op=Add      shard=-1  a=[1x4096] + b=[1x4096]  ->  y=[1x4096]  (T=1, K=1376)
[gpu-debug] per-op timing breakdown (avg over iters):
  idx  op       sh  io                                                    time   est_flops    TFLOPs       bytes      GB/s
  ------------------------------------------------------------------------------------------------------------------------
    0  LN       -1  x[1x4096]+w[4096]->y[1x4096]                        0.065ms    20.480 K      0.00   24.00 KiB      0.38
    1  Add      -1  a[1x4096]+b[1x4096]->y[1x4096]                      0.016ms     4.096 K      0.00   24.00 KiB      1.50
    2  LN       -1  x[1x4096]+w[4096]->y[1x4096]                        0.056ms    20.480 K      0.00   24.00 KiB      0.44
    3  FFN_W3    0  x[1x4096]+w[5504x4096]->y[1x5504]                   0.064ms    45.089 M      0.71   43.02 MiB    707.07
    4  FFN_W3    1  x[1x4096]+w[5504x4096]->y[1x5504]                   0.048ms    45.089 M      0.94   43.02 MiB    943.27
    5  SwiGLU    0  a[1x5504]+b[1x5504]->y[1x5504]                      0.016ms    33.024 K      0.00   32.25 KiB      2.08
    6  SwiGLU    1  a[1x5504]+b[1x5504]->y[1x5504]                      0.015ms    33.024 K      0.00   32.25 KiB      2.22
    7  Add      -1  a[1x4096]+b[1x4096]->y[1x4096]                      0.010ms     4.096 K      0.00   24.00 KiB      2.58
[gpu-debug] segment avg latency (cuda_events): 0.200 ms
[gpu-debug] sum(per-op)               : 0.290 ms (ratio=1.449)
[gpu-debug] NOTE: sum(per-op) may differ from segment latency due to Python overhead, event/launch overhead, and allocator/cache effects.
[gpu-debug] cuda mem before warmup: alloc=96.15 MiB reserved=110.00 MiB
[gpu-debug] cuda mem after warmup : alloc=96.15 MiB reserved=110.00 MiB
[gpu-debug] cuda mem peak (this segment): max_alloc=96.17 MiB max_reserved=110.00 MiB
========================================================================================
[gpu-debug] segment_key=npu|decode|106|ff6dcf33668f3ebc9cf61e7eb43c6a84
[gpu-debug] sig: device_type=npu phase=decode step=106 (count_hint=32)
[gpu-debug] ops_repr: LN:-1,Add:-1,LN:-1,FFN_W3:0,FFN_W3:1,SwiGLU:0,SwiGLU:1,Add:-1
[gpu-debug] cfg: device=cuda dtype=torch.bfloat16 dim=4096 ffn_dim=11008 n_heads=32 shards=2
[gpu-debug] op plan (with inferred tensor shapes):
  - op#00  op=LN       shard=-1  x=[1x4096] + w=[4096]  ->  y=[1x4096]  (T=1, K=1388)
  - op#01  op=Add      shard=-1  a=[1x4096] + b=[1x4096]  ->  y=[1x4096]  (T=1, K=1388)
  - op#02  op=LN       shard=-1  x=[1x4096] + w=[4096]  ->  y=[1x4096]  (T=1, K=1388)
  - op#03  op=FFN_W3   shard=0   x=[1x4096] + w=[5504x4096]  ->  y=[1x5504]  (T=1, K=1388)
  - op#04  op=FFN_W3   shard=1   x=[1x4096] + w=[5504x4096]  ->  y=[1x5504]  (T=1, K=1388)
  - op#05  op=SwiGLU   shard=0   a=[1x5504] + b=[1x5504]  ->  y=[1x5504]  (T=1, K=1388)
  - op#06  op=SwiGLU   shard=1   a=[1x5504] + b=[1x5504]  ->  y=[1x5504]  (T=1, K=1388)
  - op#07  op=Add      shard=-1  a=[1x4096] + b=[1x4096]  ->  y=[1x4096]  (T=1, K=1388)
[gpu-debug] per-op timing breakdown (avg over iters):
  idx  op       sh  io                                                    time   est_flops    TFLOPs       bytes      GB/s
  ------------------------------------------------------------------------------------------------------------------------
    0  LN       -1  x[1x4096]+w[4096]->y[1x4096]                        0.065ms    20.480 K      0.00   24.00 KiB      0.38
    1  Add      -1  a[1x4096]+b[1x4096]->y[1x4096]                      0.017ms     4.096 K      0.00   24.00 KiB      1.47
    2  LN       -1  x[1x4096]+w[4096]->y[1x4096]                        0.057ms    20.480 K      0.00   24.00 KiB      0.43
    3  FFN_W3    0  x[1x4096]+w[5504x4096]->y[1x5504]                   0.064ms    45.089 M      0.70   43.02 MiB    702.56
    4  FFN_W3    1  x[1x4096]+w[5504x4096]->y[1x5504]                   0.048ms    45.089 M      0.94   43.02 MiB    939.25
    5  SwiGLU    0  a[1x5504]+b[1x5504]->y[1x5504]                      0.016ms    33.024 K      0.00   32.25 KiB      2.11
    6  SwiGLU    1  a[1x5504]+b[1x5504]->y[1x5504]                      0.015ms    33.024 K      0.00   32.25 KiB      2.19
    7  Add      -1  a[1x4096]+b[1x4096]->y[1x4096]                      0.010ms     4.096 K      0.00   24.00 KiB      2.58
[gpu-debug] segment avg latency (cuda_events): 0.202 ms
[gpu-debug] sum(per-op)               : 0.291 ms (ratio=1.442)
[gpu-debug] NOTE: sum(per-op) may differ from segment latency due to Python overhead, event/launch overhead, and allocator/cache effects.
[gpu-debug] cuda mem before warmup: alloc=96.15 MiB reserved=110.00 MiB
[gpu-debug] cuda mem after warmup : alloc=96.15 MiB reserved=110.00 MiB
[gpu-debug] cuda mem peak (this segment): max_alloc=96.17 MiB max_reserved=110.00 MiB
========================================================================================
[gpu-debug] segment_key=npu|decode|107|ff6dcf33668f3ebc9cf61e7eb43c6a84
[gpu-debug] sig: device_type=npu phase=decode step=107 (count_hint=32)
[gpu-debug] ops_repr: LN:-1,Add:-1,LN:-1,FFN_W3:0,FFN_W3:1,SwiGLU:0,SwiGLU:1,Add:-1
[gpu-debug] cfg: device=cuda dtype=torch.bfloat16 dim=4096 ffn_dim=11008 n_heads=32 shards=2
[gpu-debug] op plan (with inferred tensor shapes):
  - op#00  op=LN       shard=-1  x=[1x4096] + w=[4096]  ->  y=[1x4096]  (T=1, K=1400)
  - op#01  op=Add      shard=-1  a=[1x4096] + b=[1x4096]  ->  y=[1x4096]  (T=1, K=1400)
  - op#02  op=LN       shard=-1  x=[1x4096] + w=[4096]  ->  y=[1x4096]  (T=1, K=1400)
  - op#03  op=FFN_W3   shard=0   x=[1x4096] + w=[5504x4096]  ->  y=[1x5504]  (T=1, K=1400)
  - op#04  op=FFN_W3   shard=1   x=[1x4096] + w=[5504x4096]  ->  y=[1x5504]  (T=1, K=1400)
  - op#05  op=SwiGLU   shard=0   a=[1x5504] + b=[1x5504]  ->  y=[1x5504]  (T=1, K=1400)
  - op#06  op=SwiGLU   shard=1   a=[1x5504] + b=[1x5504]  ->  y=[1x5504]  (T=1, K=1400)
  - op#07  op=Add      shard=-1  a=[1x4096] + b=[1x4096]  ->  y=[1x4096]  (T=1, K=1400)
[gpu-debug] per-op timing breakdown (avg over iters):
  idx  op       sh  io                                                    time   est_flops    TFLOPs       bytes      GB/s
  ------------------------------------------------------------------------------------------------------------------------
    0  LN       -1  x[1x4096]+w[4096]->y[1x4096]                        0.065ms    20.480 K      0.00   24.00 KiB      0.38
    1  Add      -1  a[1x4096]+b[1x4096]->y[1x4096]                      0.016ms     4.096 K      0.00   24.00 KiB      1.51
    2  LN       -1  x[1x4096]+w[4096]->y[1x4096]                        0.057ms    20.480 K      0.00   24.00 KiB      0.43
    3  FFN_W3    0  x[1x4096]+w[5504x4096]->y[1x5504]                   0.064ms    45.089 M      0.70   43.02 MiB    700.33
    4  FFN_W3    1  x[1x4096]+w[5504x4096]->y[1x5504]                   0.048ms    45.089 M      0.94   43.02 MiB    939.25
    5  SwiGLU    0  a[1x5504]+b[1x5504]->y[1x5504]                      0.016ms    33.024 K      0.00   32.25 KiB      2.07
    6  SwiGLU    1  a[1x5504]+b[1x5504]->y[1x5504]                      0.015ms    33.024 K      0.00   32.25 KiB      2.21
    7  Add      -1  a[1x4096]+b[1x4096]->y[1x4096]                      0.010ms     4.096 K      0.00   24.00 KiB      2.53
[gpu-debug] segment avg latency (cuda_events): 0.199 ms
[gpu-debug] sum(per-op)               : 0.291 ms (ratio=1.460)
[gpu-debug] NOTE: sum(per-op) may differ from segment latency due to Python overhead, event/launch overhead, and allocator/cache effects.
[gpu-debug] cuda mem before warmup: alloc=96.15 MiB reserved=110.00 MiB
[gpu-debug] cuda mem after warmup : alloc=96.15 MiB reserved=110.00 MiB
[gpu-debug] cuda mem peak (this segment): max_alloc=96.17 MiB max_reserved=110.00 MiB
========================================================================================
[gpu-debug] segment_key=npu|decode|108|ff6dcf33668f3ebc9cf61e7eb43c6a84
[gpu-debug] sig: device_type=npu phase=decode step=108 (count_hint=32)
[gpu-debug] ops_repr: LN:-1,Add:-1,LN:-1,FFN_W3:0,FFN_W3:1,SwiGLU:0,SwiGLU:1,Add:-1
[gpu-debug] cfg: device=cuda dtype=torch.bfloat16 dim=4096 ffn_dim=11008 n_heads=32 shards=2
[gpu-debug] op plan (with inferred tensor shapes):
  - op#00  op=LN       shard=-1  x=[1x4096] + w=[4096]  ->  y=[1x4096]  (T=1, K=1412)
  - op#01  op=Add      shard=-1  a=[1x4096] + b=[1x4096]  ->  y=[1x4096]  (T=1, K=1412)
  - op#02  op=LN       shard=-1  x=[1x4096] + w=[4096]  ->  y=[1x4096]  (T=1, K=1412)
  - op#03  op=FFN_W3   shard=0   x=[1x4096] + w=[5504x4096]  ->  y=[1x5504]  (T=1, K=1412)
  - op#04  op=FFN_W3   shard=1   x=[1x4096] + w=[5504x4096]  ->  y=[1x5504]  (T=1, K=1412)
  - op#05  op=SwiGLU   shard=0   a=[1x5504] + b=[1x5504]  ->  y=[1x5504]  (T=1, K=1412)
  - op#06  op=SwiGLU   shard=1   a=[1x5504] + b=[1x5504]  ->  y=[1x5504]  (T=1, K=1412)
  - op#07  op=Add      shard=-1  a=[1x4096] + b=[1x4096]  ->  y=[1x4096]  (T=1, K=1412)
[gpu-debug] per-op timing breakdown (avg over iters):
  idx  op       sh  io                                                    time   est_flops    TFLOPs       bytes      GB/s
  ------------------------------------------------------------------------------------------------------------------------
    0  LN       -1  x[1x4096]+w[4096]->y[1x4096]                        0.066ms    20.480 K      0.00   24.00 KiB      0.37
    1  Add      -1  a[1x4096]+b[1x4096]->y[1x4096]                      0.016ms     4.096 K      0.00   24.00 KiB      1.53
    2  LN       -1  x[1x4096]+w[4096]->y[1x4096]                        0.057ms    20.480 K      0.00   24.00 KiB      0.43
    3  FFN_W3    0  x[1x4096]+w[5504x4096]->y[1x5504]                   0.064ms    45.089 M      0.70   43.02 MiB    701.45
    4  FFN_W3    1  x[1x4096]+w[5504x4096]->y[1x5504]                   0.048ms    45.089 M      0.95   43.02 MiB    947.33
    5  SwiGLU    0  a[1x5504]+b[1x5504]->y[1x5504]                      0.016ms    33.024 K      0.00   32.25 KiB      2.09
    6  SwiGLU    1  a[1x5504]+b[1x5504]->y[1x5504]                      0.015ms    33.024 K      0.00   32.25 KiB      2.21
    7  Add      -1  a[1x4096]+b[1x4096]->y[1x4096]                      0.009ms     4.096 K      0.00   24.00 KiB      2.64
[gpu-debug] segment avg latency (cuda_events): 0.198 ms
[gpu-debug] sum(per-op)               : 0.291 ms (ratio=1.467)
[gpu-debug] NOTE: sum(per-op) may differ from segment latency due to Python overhead, event/launch overhead, and allocator/cache effects.
[gpu-debug] cuda mem before warmup: alloc=96.15 MiB reserved=110.00 MiB
[gpu-debug] cuda mem after warmup : alloc=96.15 MiB reserved=110.00 MiB
[gpu-debug] cuda mem peak (this segment): max_alloc=96.17 MiB max_reserved=110.00 MiB
========================================================================================
[gpu-debug] segment_key=npu|decode|10|ff6dcf33668f3ebc9cf61e7eb43c6a84
[gpu-debug] sig: device_type=npu phase=decode step=10 (count_hint=32)
[gpu-debug] ops_repr: LN:-1,Add:-1,LN:-1,FFN_W3:0,FFN_W3:1,SwiGLU:0,SwiGLU:1,Add:-1
[gpu-debug] cfg: device=cuda dtype=torch.bfloat16 dim=4096 ffn_dim=11008 n_heads=32 shards=2
[gpu-debug] op plan (with inferred tensor shapes):
  - op#00  op=LN       shard=-1  x=[1x4096] + w=[4096]  ->  y=[1x4096]  (T=1, K=236)
  - op#01  op=Add      shard=-1  a=[1x4096] + b=[1x4096]  ->  y=[1x4096]  (T=1, K=236)
  - op#02  op=LN       shard=-1  x=[1x4096] + w=[4096]  ->  y=[1x4096]  (T=1, K=236)
  - op#03  op=FFN_W3   shard=0   x=[1x4096] + w=[5504x4096]  ->  y=[1x5504]  (T=1, K=236)
  - op#04  op=FFN_W3   shard=1   x=[1x4096] + w=[5504x4096]  ->  y=[1x5504]  (T=1, K=236)
  - op#05  op=SwiGLU   shard=0   a=[1x5504] + b=[1x5504]  ->  y=[1x5504]  (T=1, K=236)
  - op#06  op=SwiGLU   shard=1   a=[1x5504] + b=[1x5504]  ->  y=[1x5504]  (T=1, K=236)
  - op#07  op=Add      shard=-1  a=[1x4096] + b=[1x4096]  ->  y=[1x4096]  (T=1, K=236)
[gpu-debug] per-op timing breakdown (avg over iters):
  idx  op       sh  io                                                    time   est_flops    TFLOPs       bytes      GB/s
  ------------------------------------------------------------------------------------------------------------------------
    0  LN       -1  x[1x4096]+w[4096]->y[1x4096]                        0.066ms    20.480 K      0.00   24.00 KiB      0.37
    1  Add      -1  a[1x4096]+b[1x4096]->y[1x4096]                      0.016ms     4.096 K      0.00   24.00 KiB      1.52
    2  LN       -1  x[1x4096]+w[4096]->y[1x4096]                        0.056ms    20.480 K      0.00   24.00 KiB      0.44
    3  FFN_W3    0  x[1x4096]+w[5504x4096]->y[1x5504]                   0.064ms    45.089 M      0.71   43.02 MiB    707.07
    4  FFN_W3    1  x[1x4096]+w[5504x4096]->y[1x5504]                   0.047ms    45.089 M      0.95   43.02 MiB    953.48
    5  SwiGLU    0  a[1x5504]+b[1x5504]->y[1x5504]                      0.016ms    33.024 K      0.00   32.25 KiB      2.09
    6  SwiGLU    1  a[1x5504]+b[1x5504]->y[1x5504]                      0.015ms    33.024 K      0.00   32.25 KiB      2.16
    7  Add      -1  a[1x4096]+b[1x4096]->y[1x4096]                      0.010ms     4.096 K      0.00   24.00 KiB      2.58
[gpu-debug] segment avg latency (cuda_events): 0.200 ms
[gpu-debug] sum(per-op)               : 0.290 ms (ratio=1.451)
[gpu-debug] NOTE: sum(per-op) may differ from segment latency due to Python overhead, event/launch overhead, and allocator/cache effects.
[gpu-debug] cuda mem before warmup: alloc=96.15 MiB reserved=110.00 MiB
[gpu-debug] cuda mem after warmup : alloc=96.15 MiB reserved=110.00 MiB
[gpu-debug] cuda mem peak (this segment): max_alloc=96.17 MiB max_reserved=110.00 MiB
========================================================================================
[gpu-debug] segment_key=npu|decode|11|ff6dcf33668f3ebc9cf61e7eb43c6a84
[gpu-debug] sig: device_type=npu phase=decode step=11 (count_hint=32)
[gpu-debug] ops_repr: LN:-1,Add:-1,LN:-1,FFN_W3:0,FFN_W3:1,SwiGLU:0,SwiGLU:1,Add:-1
[gpu-debug] cfg: device=cuda dtype=torch.bfloat16 dim=4096 ffn_dim=11008 n_heads=32 shards=2
[gpu-debug] op plan (with inferred tensor shapes):
  - op#00  op=LN       shard=-1  x=[1x4096] + w=[4096]  ->  y=[1x4096]  (T=1, K=248)
  - op#01  op=Add      shard=-1  a=[1x4096] + b=[1x4096]  ->  y=[1x4096]  (T=1, K=248)
  - op#02  op=LN       shard=-1  x=[1x4096] + w=[4096]  ->  y=[1x4096]  (T=1, K=248)
  - op#03  op=FFN_W3   shard=0   x=[1x4096] + w=[5504x4096]  ->  y=[1x5504]  (T=1, K=248)
  - op#04  op=FFN_W3   shard=1   x=[1x4096] + w=[5504x4096]  ->  y=[1x5504]  (T=1, K=248)
  - op#05  op=SwiGLU   shard=0   a=[1x5504] + b=[1x5504]  ->  y=[1x5504]  (T=1, K=248)
  - op#06  op=SwiGLU   shard=1   a=[1x5504] + b=[1x5504]  ->  y=[1x5504]  (T=1, K=248)
  - op#07  op=Add      shard=-1  a=[1x4096] + b=[1x4096]  ->  y=[1x4096]  (T=1, K=248)
[gpu-debug] per-op timing breakdown (avg over iters):
  idx  op       sh  io                                                    time   est_flops    TFLOPs       bytes      GB/s
  ------------------------------------------------------------------------------------------------------------------------
    0  LN       -1  x[1x4096]+w[4096]->y[1x4096]                        0.065ms    20.480 K      0.00   24.00 KiB      0.38
    1  Add      -1  a[1x4096]+b[1x4096]->y[1x4096]                      0.016ms     4.096 K      0.00   24.00 KiB      1.51
    2  LN       -1  x[1x4096]+w[4096]->y[1x4096]                        0.057ms    20.480 K      0.00   24.00 KiB      0.43
    3  FFN_W3    0  x[1x4096]+w[5504x4096]->y[1x5504]                   0.065ms    45.089 M      0.69   43.02 MiB    694.81
    4  FFN_W3    1  x[1x4096]+w[5504x4096]->y[1x5504]                   0.048ms    45.089 M      0.94   43.02 MiB    943.27
    5  SwiGLU    0  a[1x5504]+b[1x5504]->y[1x5504]                      0.016ms    33.024 K      0.00   32.25 KiB      2.07
    6  SwiGLU    1  a[1x5504]+b[1x5504]->y[1x5504]                      0.015ms    33.024 K      0.00   32.25 KiB      2.19
    7  Add      -1  a[1x4096]+b[1x4096]->y[1x4096]                      0.010ms     4.096 K      0.00   24.00 KiB      2.58
[gpu-debug] segment avg latency (cuda_events): 0.200 ms
[gpu-debug] sum(per-op)               : 0.292 ms (ratio=1.462)
[gpu-debug] NOTE: sum(per-op) may differ from segment latency due to Python overhead, event/launch overhead, and allocator/cache effects.
[gpu-debug] cuda mem before warmup: alloc=96.15 MiB reserved=110.00 MiB
[gpu-debug] cuda mem after warmup : alloc=96.15 MiB reserved=110.00 MiB
[gpu-debug] cuda mem peak (this segment): max_alloc=96.17 MiB max_reserved=110.00 MiB
========================================================================================
[gpu-debug] segment_key=npu|decode|12|ff6dcf33668f3ebc9cf61e7eb43c6a84
[gpu-debug] sig: device_type=npu phase=decode step=12 (count_hint=32)
[gpu-debug] ops_repr: LN:-1,Add:-1,LN:-1,FFN_W3:0,FFN_W3:1,SwiGLU:0,SwiGLU:1,Add:-1
[gpu-debug] cfg: device=cuda dtype=torch.bfloat16 dim=4096 ffn_dim=11008 n_heads=32 shards=2
[gpu-debug] op plan (with inferred tensor shapes):
  - op#00  op=LN       shard=-1  x=[1x4096] + w=[4096]  ->  y=[1x4096]  (T=1, K=260)
  - op#01  op=Add      shard=-1  a=[1x4096] + b=[1x4096]  ->  y=[1x4096]  (T=1, K=260)
  - op#02  op=LN       shard=-1  x=[1x4096] + w=[4096]  ->  y=[1x4096]  (T=1, K=260)
  - op#03  op=FFN_W3   shard=0   x=[1x4096] + w=[5504x4096]  ->  y=[1x5504]  (T=1, K=260)
  - op#04  op=FFN_W3   shard=1   x=[1x4096] + w=[5504x4096]  ->  y=[1x5504]  (T=1, K=260)
  - op#05  op=SwiGLU   shard=0   a=[1x5504] + b=[1x5504]  ->  y=[1x5504]  (T=1, K=260)
  - op#06  op=SwiGLU   shard=1   a=[1x5504] + b=[1x5504]  ->  y=[1x5504]  (T=1, K=260)
  - op#07  op=Add      shard=-1  a=[1x4096] + b=[1x4096]  ->  y=[1x4096]  (T=1, K=260)
[gpu-debug] per-op timing breakdown (avg over iters):
  idx  op       sh  io                                                    time   est_flops    TFLOPs       bytes      GB/s
  ------------------------------------------------------------------------------------------------------------------------
    0  LN       -1  x[1x4096]+w[4096]->y[1x4096]                        0.065ms    20.480 K      0.00   24.00 KiB      0.38
    1  Add      -1  a[1x4096]+b[1x4096]->y[1x4096]                      0.016ms     4.096 K      0.00   24.00 KiB      1.54
    2  LN       -1  x[1x4096]+w[4096]->y[1x4096]                        0.056ms    20.480 K      0.00   24.00 KiB      0.44
    3  FFN_W3    0  x[1x4096]+w[5504x4096]->y[1x5504]                   0.064ms    45.089 M      0.70   43.02 MiB    702.56
    4  FFN_W3    1  x[1x4096]+w[5504x4096]->y[1x5504]                   0.048ms    45.089 M      0.94   43.02 MiB    941.26
    5  SwiGLU    0  a[1x5504]+b[1x5504]->y[1x5504]                      0.016ms    33.024 K      0.00   32.25 KiB      2.08
    6  SwiGLU    1  a[1x5504]+b[1x5504]->y[1x5504]                      0.015ms    33.024 K      0.00   32.25 KiB      2.21
    7  Add      -1  a[1x4096]+b[1x4096]->y[1x4096]                      0.009ms     4.096 K      0.00   24.00 KiB      2.61
[gpu-debug] segment avg latency (cuda_events): 0.202 ms
[gpu-debug] sum(per-op)               : 0.289 ms (ratio=1.435)
[gpu-debug] NOTE: sum(per-op) may differ from segment latency due to Python overhead, event/launch overhead, and allocator/cache effects.
[gpu-debug] cuda mem before warmup: alloc=96.15 MiB reserved=110.00 MiB
[gpu-debug] cuda mem after warmup : alloc=96.15 MiB reserved=110.00 MiB
[gpu-debug] cuda mem peak (this segment): max_alloc=96.17 MiB max_reserved=110.00 MiB
========================================================================================
[gpu-debug] segment_key=npu|decode|13|ff6dcf33668f3ebc9cf61e7eb43c6a84
[gpu-debug] sig: device_type=npu phase=decode step=13 (count_hint=32)
[gpu-debug] ops_repr: LN:-1,Add:-1,LN:-1,FFN_W3:0,FFN_W3:1,SwiGLU:0,SwiGLU:1,Add:-1
[gpu-debug] cfg: device=cuda dtype=torch.bfloat16 dim=4096 ffn_dim=11008 n_heads=32 shards=2
[gpu-debug] op plan (with inferred tensor shapes):
  - op#00  op=LN       shard=-1  x=[1x4096] + w=[4096]  ->  y=[1x4096]  (T=1, K=272)
  - op#01  op=Add      shard=-1  a=[1x4096] + b=[1x4096]  ->  y=[1x4096]  (T=1, K=272)
  - op#02  op=LN       shard=-1  x=[1x4096] + w=[4096]  ->  y=[1x4096]  (T=1, K=272)
  - op#03  op=FFN_W3   shard=0   x=[1x4096] + w=[5504x4096]  ->  y=[1x5504]  (T=1, K=272)
  - op#04  op=FFN_W3   shard=1   x=[1x4096] + w=[5504x4096]  ->  y=[1x5504]  (T=1, K=272)
  - op#05  op=SwiGLU   shard=0   a=[1x5504] + b=[1x5504]  ->  y=[1x5504]  (T=1, K=272)
  - op#06  op=SwiGLU   shard=1   a=[1x5504] + b=[1x5504]  ->  y=[1x5504]  (T=1, K=272)
  - op#07  op=Add      shard=-1  a=[1x4096] + b=[1x4096]  ->  y=[1x4096]  (T=1, K=272)
[gpu-debug] per-op timing breakdown (avg over iters):
  idx  op       sh  io                                                    time   est_flops    TFLOPs       bytes      GB/s
  ------------------------------------------------------------------------------------------------------------------------
    0  LN       -1  x[1x4096]+w[4096]->y[1x4096]                        0.065ms    20.480 K      0.00   24.00 KiB      0.38
    1  Add      -1  a[1x4096]+b[1x4096]->y[1x4096]                      0.016ms     4.096 K      0.00   24.00 KiB      1.53
    2  LN       -1  x[1x4096]+w[4096]->y[1x4096]                        0.057ms    20.480 K      0.00   24.00 KiB      0.43
    3  FFN_W3    0  x[1x4096]+w[5504x4096]->y[1x5504]                   0.064ms    45.089 M      0.71   43.02 MiB    705.94
    4  FFN_W3    1  x[1x4096]+w[5504x4096]->y[1x5504]                   0.048ms    45.089 M      0.95   43.02 MiB    949.37
    5  SwiGLU    0  a[1x5504]+b[1x5504]->y[1x5504]                      0.016ms    33.024 K      0.00   32.25 KiB      2.12
    6  SwiGLU    1  a[1x5504]+b[1x5504]->y[1x5504]                      0.015ms    33.024 K      0.00   32.25 KiB      2.16
    7  Add      -1  a[1x4096]+b[1x4096]->y[1x4096]                      0.010ms     4.096 K      0.00   24.00 KiB      2.55
[gpu-debug] segment avg latency (cuda_events): 0.199 ms
[gpu-debug] sum(per-op)               : 0.290 ms (ratio=1.455)
[gpu-debug] NOTE: sum(per-op) may differ from segment latency due to Python overhead, event/launch overhead, and allocator/cache effects.
[gpu-debug] cuda mem before warmup: alloc=96.15 MiB reserved=110.00 MiB
[gpu-debug] cuda mem after warmup : alloc=96.15 MiB reserved=110.00 MiB
[gpu-debug] cuda mem peak (this segment): max_alloc=96.17 MiB max_reserved=110.00 MiB
========================================================================================
[gpu-debug] segment_key=npu|decode|14|ff6dcf33668f3ebc9cf61e7eb43c6a84
[gpu-debug] sig: device_type=npu phase=decode step=14 (count_hint=32)
[gpu-debug] ops_repr: LN:-1,Add:-1,LN:-1,FFN_W3:0,FFN_W3:1,SwiGLU:0,SwiGLU:1,Add:-1
[gpu-debug] cfg: device=cuda dtype=torch.bfloat16 dim=4096 ffn_dim=11008 n_heads=32 shards=2
[gpu-debug] op plan (with inferred tensor shapes):
  - op#00  op=LN       shard=-1  x=[1x4096] + w=[4096]  ->  y=[1x4096]  (T=1, K=284)
  - op#01  op=Add      shard=-1  a=[1x4096] + b=[1x4096]  ->  y=[1x4096]  (T=1, K=284)
  - op#02  op=LN       shard=-1  x=[1x4096] + w=[4096]  ->  y=[1x4096]  (T=1, K=284)
  - op#03  op=FFN_W3   shard=0   x=[1x4096] + w=[5504x4096]  ->  y=[1x5504]  (T=1, K=284)
  - op#04  op=FFN_W3   shard=1   x=[1x4096] + w=[5504x4096]  ->  y=[1x5504]  (T=1, K=284)
  - op#05  op=SwiGLU   shard=0   a=[1x5504] + b=[1x5504]  ->  y=[1x5504]  (T=1, K=284)
  - op#06  op=SwiGLU   shard=1   a=[1x5504] + b=[1x5504]  ->  y=[1x5504]  (T=1, K=284)
  - op#07  op=Add      shard=-1  a=[1x4096] + b=[1x4096]  ->  y=[1x4096]  (T=1, K=284)
[gpu-debug] per-op timing breakdown (avg over iters):
  idx  op       sh  io                                                    time   est_flops    TFLOPs       bytes      GB/s
  ------------------------------------------------------------------------------------------------------------------------
    0  LN       -1  x[1x4096]+w[4096]->y[1x4096]                        0.065ms    20.480 K      0.00   24.00 KiB      0.38
    1  Add      -1  a[1x4096]+b[1x4096]->y[1x4096]                      0.016ms     4.096 K      0.00   24.00 KiB      1.52
    2  LN       -1  x[1x4096]+w[4096]->y[1x4096]                        0.057ms    20.480 K      0.00   24.00 KiB      0.43
    3  FFN_W3    0  x[1x4096]+w[5504x4096]->y[1x5504]                   0.064ms    45.089 M      0.70   43.02 MiB    703.69
    4  FFN_W3    1  x[1x4096]+w[5504x4096]->y[1x5504]                   0.048ms    45.089 M      0.95   43.02 MiB    949.37
    5  SwiGLU    0  a[1x5504]+b[1x5504]->y[1x5504]                      0.016ms    33.024 K      0.00   32.25 KiB      2.12
    6  SwiGLU    1  a[1x5504]+b[1x5504]->y[1x5504]                      0.015ms    33.024 K      0.00   32.25 KiB      2.16
    7  Add      -1  a[1x4096]+b[1x4096]->y[1x4096]                      0.009ms     4.096 K      0.00   24.00 KiB      2.61
[gpu-debug] segment avg latency (cuda_events): 0.199 ms
[gpu-debug] sum(per-op)               : 0.290 ms (ratio=1.454)
[gpu-debug] NOTE: sum(per-op) may differ from segment latency due to Python overhead, event/launch overhead, and allocator/cache effects.
[gpu-debug] cuda mem before warmup: alloc=96.15 MiB reserved=110.00 MiB
[gpu-debug] cuda mem after warmup : alloc=96.15 MiB reserved=110.00 MiB
[gpu-debug] cuda mem peak (this segment): max_alloc=96.17 MiB max_reserved=110.00 MiB
========================================================================================
[gpu-debug] segment_key=npu|decode|15|ff6dcf33668f3ebc9cf61e7eb43c6a84
[gpu-debug] sig: device_type=npu phase=decode step=15 (count_hint=32)
[gpu-debug] ops_repr: LN:-1,Add:-1,LN:-1,FFN_W3:0,FFN_W3:1,SwiGLU:0,SwiGLU:1,Add:-1
[gpu-debug] cfg: device=cuda dtype=torch.bfloat16 dim=4096 ffn_dim=11008 n_heads=32 shards=2
[gpu-debug] op plan (with inferred tensor shapes):
  - op#00  op=LN       shard=-1  x=[1x4096] + w=[4096]  ->  y=[1x4096]  (T=1, K=296)
  - op#01  op=Add      shard=-1  a=[1x4096] + b=[1x4096]  ->  y=[1x4096]  (T=1, K=296)
  - op#02  op=LN       shard=-1  x=[1x4096] + w=[4096]  ->  y=[1x4096]  (T=1, K=296)
  - op#03  op=FFN_W3   shard=0   x=[1x4096] + w=[5504x4096]  ->  y=[1x5504]  (T=1, K=296)
  - op#04  op=FFN_W3   shard=1   x=[1x4096] + w=[5504x4096]  ->  y=[1x5504]  (T=1, K=296)
  - op#05  op=SwiGLU   shard=0   a=[1x5504] + b=[1x5504]  ->  y=[1x5504]  (T=1, K=296)
  - op#06  op=SwiGLU   shard=1   a=[1x5504] + b=[1x5504]  ->  y=[1x5504]  (T=1, K=296)
  - op#07  op=Add      shard=-1  a=[1x4096] + b=[1x4096]  ->  y=[1x4096]  (T=1, K=296)
[gpu-debug] per-op timing breakdown (avg over iters):
  idx  op       sh  io                                                    time   est_flops    TFLOPs       bytes      GB/s
  ------------------------------------------------------------------------------------------------------------------------
    0  LN       -1  x[1x4096]+w[4096]->y[1x4096]                        0.065ms    20.480 K      0.00   24.00 KiB      0.38
    1  Add      -1  a[1x4096]+b[1x4096]->y[1x4096]                      0.016ms     4.096 K      0.00   24.00 KiB      1.50
    2  LN       -1  x[1x4096]+w[4096]->y[1x4096]                        0.057ms    20.480 K      0.00   24.00 KiB      0.43
    3  FFN_W3    0  x[1x4096]+w[5504x4096]->y[1x5504]                   0.064ms    45.089 M      0.70   43.02 MiB    700.33
    4  FFN_W3    1  x[1x4096]+w[5504x4096]->y[1x5504]                   0.048ms    45.089 M      0.94   43.02 MiB    945.30
    5  SwiGLU    0  a[1x5504]+b[1x5504]->y[1x5504]                      0.016ms    33.024 K      0.00   32.25 KiB      2.07
    6  SwiGLU    1  a[1x5504]+b[1x5504]->y[1x5504]                      0.015ms    33.024 K      0.00   32.25 KiB      2.21
    7  Add      -1  a[1x4096]+b[1x4096]->y[1x4096]                      0.009ms     4.096 K      0.00   24.00 KiB      2.64
[gpu-debug] segment avg latency (cuda_events): 0.200 ms
[gpu-debug] sum(per-op)               : 0.290 ms (ratio=1.449)
[gpu-debug] NOTE: sum(per-op) may differ from segment latency due to Python overhead, event/launch overhead, and allocator/cache effects.
[gpu-debug] cuda mem before warmup: alloc=96.15 MiB reserved=110.00 MiB
[gpu-debug] cuda mem after warmup : alloc=96.15 MiB reserved=110.00 MiB
[gpu-debug] cuda mem peak (this segment): max_alloc=96.17 MiB max_reserved=110.00 MiB
========================================================================================
[gpu-debug] segment_key=npu|decode|16|ff6dcf33668f3ebc9cf61e7eb43c6a84
[gpu-debug] sig: device_type=npu phase=decode step=16 (count_hint=32)
[gpu-debug] ops_repr: LN:-1,Add:-1,LN:-1,FFN_W3:0,FFN_W3:1,SwiGLU:0,SwiGLU:1,Add:-1
[gpu-debug] cfg: device=cuda dtype=torch.bfloat16 dim=4096 ffn_dim=11008 n_heads=32 shards=2
[gpu-debug] op plan (with inferred tensor shapes):
  - op#00  op=LN       shard=-1  x=[1x4096] + w=[4096]  ->  y=[1x4096]  (T=1, K=308)
  - op#01  op=Add      shard=-1  a=[1x4096] + b=[1x4096]  ->  y=[1x4096]  (T=1, K=308)
  - op#02  op=LN       shard=-1  x=[1x4096] + w=[4096]  ->  y=[1x4096]  (T=1, K=308)
  - op#03  op=FFN_W3   shard=0   x=[1x4096] + w=[5504x4096]  ->  y=[1x5504]  (T=1, K=308)
  - op#04  op=FFN_W3   shard=1   x=[1x4096] + w=[5504x4096]  ->  y=[1x5504]  (T=1, K=308)
  - op#05  op=SwiGLU   shard=0   a=[1x5504] + b=[1x5504]  ->  y=[1x5504]  (T=1, K=308)
  - op#06  op=SwiGLU   shard=1   a=[1x5504] + b=[1x5504]  ->  y=[1x5504]  (T=1, K=308)
  - op#07  op=Add      shard=-1  a=[1x4096] + b=[1x4096]  ->  y=[1x4096]  (T=1, K=308)
[gpu-debug] per-op timing breakdown (avg over iters):
  idx  op       sh  io                                                    time   est_flops    TFLOPs       bytes      GB/s
  ------------------------------------------------------------------------------------------------------------------------
    0  LN       -1  x[1x4096]+w[4096]->y[1x4096]                        0.066ms    20.480 K      0.00   24.00 KiB      0.38
    1  Add      -1  a[1x4096]+b[1x4096]->y[1x4096]                      0.016ms     4.096 K      0.00   24.00 KiB      1.54
    2  LN       -1  x[1x4096]+w[4096]->y[1x4096]                        0.057ms    20.480 K      0.00   24.00 KiB      0.43
    3  FFN_W3    0  x[1x4096]+w[5504x4096]->y[1x5504]                   0.064ms    45.089 M      0.71   43.02 MiB    705.94
    4  FFN_W3    1  x[1x4096]+w[5504x4096]->y[1x5504]                   0.048ms    45.089 M      0.94   43.02 MiB    941.26
    5  SwiGLU    0  a[1x5504]+b[1x5504]->y[1x5504]                      0.015ms    33.024 K      0.00   32.25 KiB      2.14
    6  SwiGLU    1  a[1x5504]+b[1x5504]->y[1x5504]                      0.015ms    33.024 K      0.00   32.25 KiB      2.21
    7  Add      -1  a[1x4096]+b[1x4096]->y[1x4096]                      0.010ms     4.096 K      0.00   24.00 KiB      2.55
[gpu-debug] segment avg latency (cuda_events): 0.200 ms
[gpu-debug] sum(per-op)               : 0.291 ms (ratio=1.454)
[gpu-debug] NOTE: sum(per-op) may differ from segment latency due to Python overhead, event/launch overhead, and allocator/cache effects.
[gpu-debug] cuda mem before warmup: alloc=96.15 MiB reserved=110.00 MiB
[gpu-debug] cuda mem after warmup : alloc=96.15 MiB reserved=110.00 MiB
[gpu-debug] cuda mem peak (this segment): max_alloc=96.17 MiB max_reserved=110.00 MiB
========================================================================================
[gpu-debug] segment_key=npu|decode|17|ff6dcf33668f3ebc9cf61e7eb43c6a84
[gpu-debug] sig: device_type=npu phase=decode step=17 (count_hint=32)
[gpu-debug] ops_repr: LN:-1,Add:-1,LN:-1,FFN_W3:0,FFN_W3:1,SwiGLU:0,SwiGLU:1,Add:-1
[gpu-debug] cfg: device=cuda dtype=torch.bfloat16 dim=4096 ffn_dim=11008 n_heads=32 shards=2
[gpu-debug] op plan (with inferred tensor shapes):
  - op#00  op=LN       shard=-1  x=[1x4096] + w=[4096]  ->  y=[1x4096]  (T=1, K=320)
  - op#01  op=Add      shard=-1  a=[1x4096] + b=[1x4096]  ->  y=[1x4096]  (T=1, K=320)
  - op#02  op=LN       shard=-1  x=[1x4096] + w=[4096]  ->  y=[1x4096]  (T=1, K=320)
  - op#03  op=FFN_W3   shard=0   x=[1x4096] + w=[5504x4096]  ->  y=[1x5504]  (T=1, K=320)
  - op#04  op=FFN_W3   shard=1   x=[1x4096] + w=[5504x4096]  ->  y=[1x5504]  (T=1, K=320)
  - op#05  op=SwiGLU   shard=0   a=[1x5504] + b=[1x5504]  ->  y=[1x5504]  (T=1, K=320)
  - op#06  op=SwiGLU   shard=1   a=[1x5504] + b=[1x5504]  ->  y=[1x5504]  (T=1, K=320)
  - op#07  op=Add      shard=-1  a=[1x4096] + b=[1x4096]  ->  y=[1x4096]  (T=1, K=320)
[gpu-debug] per-op timing breakdown (avg over iters):
  idx  op       sh  io                                                    time   est_flops    TFLOPs       bytes      GB/s
  ------------------------------------------------------------------------------------------------------------------------
    0  LN       -1  x[1x4096]+w[4096]->y[1x4096]                        0.065ms    20.480 K      0.00   24.00 KiB      0.38
    1  Add      -1  a[1x4096]+b[1x4096]->y[1x4096]                      0.016ms     4.096 K      0.00   24.00 KiB      1.53
    2  LN       -1  x[1x4096]+w[4096]->y[1x4096]                        0.057ms    20.480 K      0.00   24.00 KiB      0.43
    3  FFN_W3    0  x[1x4096]+w[5504x4096]->y[1x5504]                   0.064ms    45.089 M      0.70   43.02 MiB    702.56
    4  FFN_W3    1  x[1x4096]+w[5504x4096]->y[1x5504]                   0.048ms    45.089 M      0.94   43.02 MiB    945.30
    5  SwiGLU    0  a[1x5504]+b[1x5504]->y[1x5504]                      0.016ms    33.024 K      0.00   32.25 KiB      2.12
    6  SwiGLU    1  a[1x5504]+b[1x5504]->y[1x5504]                      0.015ms    33.024 K      0.00   32.25 KiB      2.18
    7  Add      -1  a[1x4096]+b[1x4096]->y[1x4096]                      0.010ms     4.096 K      0.00   24.00 KiB      2.55
[gpu-debug] segment avg latency (cuda_events): 0.199 ms
[gpu-debug] sum(per-op)               : 0.290 ms (ratio=1.456)
[gpu-debug] NOTE: sum(per-op) may differ from segment latency due to Python overhead, event/launch overhead, and allocator/cache effects.
[gpu-debug] cuda mem before warmup: alloc=96.15 MiB reserved=110.00 MiB
[gpu-debug] cuda mem after warmup : alloc=96.15 MiB reserved=110.00 MiB
[gpu-debug] cuda mem peak (this segment): max_alloc=96.17 MiB max_reserved=110.00 MiB
========================================================================================
[gpu-debug] segment_key=npu|decode|18|ff6dcf33668f3ebc9cf61e7eb43c6a84
[gpu-debug] sig: device_type=npu phase=decode step=18 (count_hint=32)
[gpu-debug] ops_repr: LN:-1,Add:-1,LN:-1,FFN_W3:0,FFN_W3:1,SwiGLU:0,SwiGLU:1,Add:-1
[gpu-debug] cfg: device=cuda dtype=torch.bfloat16 dim=4096 ffn_dim=11008 n_heads=32 shards=2
[gpu-debug] op plan (with inferred tensor shapes):
  - op#00  op=LN       shard=-1  x=[1x4096] + w=[4096]  ->  y=[1x4096]  (T=1, K=332)
  - op#01  op=Add      shard=-1  a=[1x4096] + b=[1x4096]  ->  y=[1x4096]  (T=1, K=332)
  - op#02  op=LN       shard=-1  x=[1x4096] + w=[4096]  ->  y=[1x4096]  (T=1, K=332)
  - op#03  op=FFN_W3   shard=0   x=[1x4096] + w=[5504x4096]  ->  y=[1x5504]  (T=1, K=332)
  - op#04  op=FFN_W3   shard=1   x=[1x4096] + w=[5504x4096]  ->  y=[1x5504]  (T=1, K=332)
  - op#05  op=SwiGLU   shard=0   a=[1x5504] + b=[1x5504]  ->  y=[1x5504]  (T=1, K=332)
  - op#06  op=SwiGLU   shard=1   a=[1x5504] + b=[1x5504]  ->  y=[1x5504]  (T=1, K=332)
  - op#07  op=Add      shard=-1  a=[1x4096] + b=[1x4096]  ->  y=[1x4096]  (T=1, K=332)
[gpu-debug] per-op timing breakdown (avg over iters):
  idx  op       sh  io                                                    time   est_flops    TFLOPs       bytes      GB/s
  ------------------------------------------------------------------------------------------------------------------------
    0  LN       -1  x[1x4096]+w[4096]->y[1x4096]                        0.065ms    20.480 K      0.00   24.00 KiB      0.38
    1  Add      -1  a[1x4096]+b[1x4096]->y[1x4096]                      0.016ms     4.096 K      0.00   24.00 KiB      1.55
    2  LN       -1  x[1x4096]+w[4096]->y[1x4096]                        0.057ms    20.480 K      0.00   24.00 KiB      0.43
    3  FFN_W3    0  x[1x4096]+w[5504x4096]->y[1x5504]                   0.064ms    45.089 M      0.70   43.02 MiB    701.45
    4  FFN_W3    1  x[1x4096]+w[5504x4096]->y[1x5504]                   0.048ms    45.089 M      0.94   43.02 MiB    945.30
    5  SwiGLU    0  a[1x5504]+b[1x5504]->y[1x5504]                      0.016ms    33.024 K      0.00   32.25 KiB      2.08
    6  SwiGLU    1  a[1x5504]+b[1x5504]->y[1x5504]                      0.015ms    33.024 K      0.00   32.25 KiB      2.21
    7  Add      -1  a[1x4096]+b[1x4096]->y[1x4096]                      0.010ms     4.096 K      0.00   24.00 KiB      2.55
[gpu-debug] segment avg latency (cuda_events): 0.199 ms
[gpu-debug] sum(per-op)               : 0.291 ms (ratio=1.460)
[gpu-debug] NOTE: sum(per-op) may differ from segment latency due to Python overhead, event/launch overhead, and allocator/cache effects.
[gpu-debug] cuda mem before warmup: alloc=96.15 MiB reserved=110.00 MiB
[gpu-debug] cuda mem after warmup : alloc=96.15 MiB reserved=110.00 MiB
[gpu-debug] cuda mem peak (this segment): max_alloc=96.17 MiB max_reserved=110.00 MiB
========================================================================================
[gpu-debug] segment_key=npu|decode|19|ff6dcf33668f3ebc9cf61e7eb43c6a84
[gpu-debug] sig: device_type=npu phase=decode step=19 (count_hint=32)
[gpu-debug] ops_repr: LN:-1,Add:-1,LN:-1,FFN_W3:0,FFN_W3:1,SwiGLU:0,SwiGLU:1,Add:-1
[gpu-debug] cfg: device=cuda dtype=torch.bfloat16 dim=4096 ffn_dim=11008 n_heads=32 shards=2
[gpu-debug] op plan (with inferred tensor shapes):
  - op#00  op=LN       shard=-1  x=[1x4096] + w=[4096]  ->  y=[1x4096]  (T=1, K=344)
  - op#01  op=Add      shard=-1  a=[1x4096] + b=[1x4096]  ->  y=[1x4096]  (T=1, K=344)
  - op#02  op=LN       shard=-1  x=[1x4096] + w=[4096]  ->  y=[1x4096]  (T=1, K=344)
  - op#03  op=FFN_W3   shard=0   x=[1x4096] + w=[5504x4096]  ->  y=[1x5504]  (T=1, K=344)
  - op#04  op=FFN_W3   shard=1   x=[1x4096] + w=[5504x4096]  ->  y=[1x5504]  (T=1, K=344)
  - op#05  op=SwiGLU   shard=0   a=[1x5504] + b=[1x5504]  ->  y=[1x5504]  (T=1, K=344)
  - op#06  op=SwiGLU   shard=1   a=[1x5504] + b=[1x5504]  ->  y=[1x5504]  (T=1, K=344)
  - op#07  op=Add      shard=-1  a=[1x4096] + b=[1x4096]  ->  y=[1x4096]  (T=1, K=344)
[gpu-debug] per-op timing breakdown (avg over iters):
  idx  op       sh  io                                                    time   est_flops    TFLOPs       bytes      GB/s
  ------------------------------------------------------------------------------------------------------------------------
    0  LN       -1  x[1x4096]+w[4096]->y[1x4096]                        0.065ms    20.480 K      0.00   24.00 KiB      0.38
    1  Add      -1  a[1x4096]+b[1x4096]->y[1x4096]                      0.016ms     4.096 K      0.00   24.00 KiB      1.52
    2  LN       -1  x[1x4096]+w[4096]->y[1x4096]                        0.057ms    20.480 K      0.00   24.00 KiB      0.43
    3  FFN_W3    0  x[1x4096]+w[5504x4096]->y[1x5504]                   0.064ms    45.089 M      0.70   43.02 MiB    703.69
    4  FFN_W3    1  x[1x4096]+w[5504x4096]->y[1x5504]                   0.048ms    45.089 M      0.95   43.02 MiB    947.33
    5  SwiGLU    0  a[1x5504]+b[1x5504]->y[1x5504]                      0.016ms    33.024 K      0.00   32.25 KiB      2.12
    6  SwiGLU    1  a[1x5504]+b[1x5504]->y[1x5504]                      0.015ms    33.024 K      0.00   32.25 KiB      2.19
    7  Add      -1  a[1x4096]+b[1x4096]->y[1x4096]                      0.009ms     4.096 K      0.00   24.00 KiB      2.61
[gpu-debug] segment avg latency (cuda_events): 0.200 ms
[gpu-debug] sum(per-op)               : 0.290 ms (ratio=1.447)
[gpu-debug] NOTE: sum(per-op) may differ from segment latency due to Python overhead, event/launch overhead, and allocator/cache effects.
[gpu-debug] cuda mem before warmup: alloc=96.15 MiB reserved=110.00 MiB
[gpu-debug] cuda mem after warmup : alloc=96.15 MiB reserved=110.00 MiB
[gpu-debug] cuda mem peak (this segment): max_alloc=96.17 MiB max_reserved=110.00 MiB
  progress 20/110
========================================================================================
[gpu-debug] segment_key=npu|decode|1|ff6dcf33668f3ebc9cf61e7eb43c6a84
[gpu-debug] sig: device_type=npu phase=decode step=1 (count_hint=32)
[gpu-debug] ops_repr: LN:-1,Add:-1,LN:-1,FFN_W3:0,FFN_W3:1,SwiGLU:0,SwiGLU:1,Add:-1
[gpu-debug] cfg: device=cuda dtype=torch.bfloat16 dim=4096 ffn_dim=11008 n_heads=32 shards=2
[gpu-debug] op plan (with inferred tensor shapes):
  - op#00  op=LN       shard=-1  x=[1x4096] + w=[4096]  ->  y=[1x4096]  (T=1, K=130)
  - op#01  op=Add      shard=-1  a=[1x4096] + b=[1x4096]  ->  y=[1x4096]  (T=1, K=130)
  - op#02  op=LN       shard=-1  x=[1x4096] + w=[4096]  ->  y=[1x4096]  (T=1, K=130)
  - op#03  op=FFN_W3   shard=0   x=[1x4096] + w=[5504x4096]  ->  y=[1x5504]  (T=1, K=130)
  - op#04  op=FFN_W3   shard=1   x=[1x4096] + w=[5504x4096]  ->  y=[1x5504]  (T=1, K=130)
  - op#05  op=SwiGLU   shard=0   a=[1x5504] + b=[1x5504]  ->  y=[1x5504]  (T=1, K=130)
  - op#06  op=SwiGLU   shard=1   a=[1x5504] + b=[1x5504]  ->  y=[1x5504]  (T=1, K=130)
  - op#07  op=Add      shard=-1  a=[1x4096] + b=[1x4096]  ->  y=[1x4096]  (T=1, K=130)
[gpu-debug] per-op timing breakdown (avg over iters):
  idx  op       sh  io                                                    time   est_flops    TFLOPs       bytes      GB/s
  ------------------------------------------------------------------------------------------------------------------------
    0  LN       -1  x[1x4096]+w[4096]->y[1x4096]                        0.065ms    20.480 K      0.00   24.00 KiB      0.38
    1  Add      -1  a[1x4096]+b[1x4096]->y[1x4096]                      0.017ms     4.096 K      0.00   24.00 KiB      1.44
    2  LN       -1  x[1x4096]+w[4096]->y[1x4096]                        0.057ms    20.480 K      0.00   24.00 KiB      0.43
    3  FFN_W3    0  x[1x4096]+w[5504x4096]->y[1x5504]                   0.064ms    45.089 M      0.71   43.02 MiB    707.07
    4  FFN_W3    1  x[1x4096]+w[5504x4096]->y[1x5504]                   0.048ms    45.089 M      0.94   43.02 MiB    941.26
    5  SwiGLU    0  a[1x5504]+b[1x5504]->y[1x5504]                      0.016ms    33.024 K      0.00   32.25 KiB      2.12
    6  SwiGLU    1  a[1x5504]+b[1x5504]->y[1x5504]                      0.015ms    33.024 K      0.00   32.25 KiB      2.19
    7  Add      -1  a[1x4096]+b[1x4096]->y[1x4096]                      0.009ms     4.096 K      0.00   24.00 KiB      2.61
[gpu-debug] segment avg latency (cuda_events): 0.200 ms
[gpu-debug] sum(per-op)               : 0.291 ms (ratio=1.456)
[gpu-debug] NOTE: sum(per-op) may differ from segment latency due to Python overhead, event/launch overhead, and allocator/cache effects.
[gpu-debug] cuda mem before warmup: alloc=96.15 MiB reserved=110.00 MiB
[gpu-debug] cuda mem after warmup : alloc=96.15 MiB reserved=110.00 MiB
[gpu-debug] cuda mem peak (this segment): max_alloc=96.17 MiB max_reserved=110.00 MiB
========================================================================================
[gpu-debug] segment_key=npu|decode|20|ff6dcf33668f3ebc9cf61e7eb43c6a84
[gpu-debug] sig: device_type=npu phase=decode step=20 (count_hint=32)
[gpu-debug] ops_repr: LN:-1,Add:-1,LN:-1,FFN_W3:0,FFN_W3:1,SwiGLU:0,SwiGLU:1,Add:-1
[gpu-debug] cfg: device=cuda dtype=torch.bfloat16 dim=4096 ffn_dim=11008 n_heads=32 shards=2
[gpu-debug] op plan (with inferred tensor shapes):
  - op#00  op=LN       shard=-1  x=[1x4096] + w=[4096]  ->  y=[1x4096]  (T=1, K=356)
  - op#01  op=Add      shard=-1  a=[1x4096] + b=[1x4096]  ->  y=[1x4096]  (T=1, K=356)
  - op#02  op=LN       shard=-1  x=[1x4096] + w=[4096]  ->  y=[1x4096]  (T=1, K=356)
  - op#03  op=FFN_W3   shard=0   x=[1x4096] + w=[5504x4096]  ->  y=[1x5504]  (T=1, K=356)
  - op#04  op=FFN_W3   shard=1   x=[1x4096] + w=[5504x4096]  ->  y=[1x5504]  (T=1, K=356)
  - op#05  op=SwiGLU   shard=0   a=[1x5504] + b=[1x5504]  ->  y=[1x5504]  (T=1, K=356)
  - op#06  op=SwiGLU   shard=1   a=[1x5504] + b=[1x5504]  ->  y=[1x5504]  (T=1, K=356)
  - op#07  op=Add      shard=-1  a=[1x4096] + b=[1x4096]  ->  y=[1x4096]  (T=1, K=356)
[gpu-debug] per-op timing breakdown (avg over iters):
  idx  op       sh  io                                                    time   est_flops    TFLOPs       bytes      GB/s
  ------------------------------------------------------------------------------------------------------------------------
    0  LN       -1  x[1x4096]+w[4096]->y[1x4096]                        0.065ms    20.480 K      0.00   24.00 KiB      0.38
    1  Add      -1  a[1x4096]+b[1x4096]->y[1x4096]                      0.016ms     4.096 K      0.00   24.00 KiB      1.55
    2  LN       -1  x[1x4096]+w[4096]->y[1x4096]                        0.057ms    20.480 K      0.00   24.00 KiB      0.43
    3  FFN_W3    0  x[1x4096]+w[5504x4096]->y[1x5504]                   0.065ms    45.089 M      0.70   43.02 MiB    698.11
    4  FFN_W3    1  x[1x4096]+w[5504x4096]->y[1x5504]                   0.048ms    45.089 M      0.94   43.02 MiB    943.27
    5  SwiGLU    0  a[1x5504]+b[1x5504]->y[1x5504]                      0.016ms    33.024 K      0.00   32.25 KiB      2.11
    6  SwiGLU    1  a[1x5504]+b[1x5504]->y[1x5504]                      0.015ms    33.024 K      0.00   32.25 KiB      2.18
    7  Add      -1  a[1x4096]+b[1x4096]->y[1x4096]                      0.009ms     4.096 K      0.00   24.00 KiB      2.64
[gpu-debug] segment avg latency (cuda_events): 0.200 ms
[gpu-debug] sum(per-op)               : 0.290 ms (ratio=1.454)
[gpu-debug] NOTE: sum(per-op) may differ from segment latency due to Python overhead, event/launch overhead, and allocator/cache effects.
[gpu-debug] cuda mem before warmup: alloc=96.15 MiB reserved=110.00 MiB
[gpu-debug] cuda mem after warmup : alloc=96.15 MiB reserved=110.00 MiB
[gpu-debug] cuda mem peak (this segment): max_alloc=96.17 MiB max_reserved=110.00 MiB
========================================================================================
[gpu-debug] segment_key=npu|decode|21|ff6dcf33668f3ebc9cf61e7eb43c6a84
[gpu-debug] sig: device_type=npu phase=decode step=21 (count_hint=32)
[gpu-debug] ops_repr: LN:-1,Add:-1,LN:-1,FFN_W3:0,FFN_W3:1,SwiGLU:0,SwiGLU:1,Add:-1
[gpu-debug] cfg: device=cuda dtype=torch.bfloat16 dim=4096 ffn_dim=11008 n_heads=32 shards=2
[gpu-debug] op plan (with inferred tensor shapes):
  - op#00  op=LN       shard=-1  x=[1x4096] + w=[4096]  ->  y=[1x4096]  (T=1, K=368)
  - op#01  op=Add      shard=-1  a=[1x4096] + b=[1x4096]  ->  y=[1x4096]  (T=1, K=368)
  - op#02  op=LN       shard=-1  x=[1x4096] + w=[4096]  ->  y=[1x4096]  (T=1, K=368)
  - op#03  op=FFN_W3   shard=0   x=[1x4096] + w=[5504x4096]  ->  y=[1x5504]  (T=1, K=368)
  - op#04  op=FFN_W3   shard=1   x=[1x4096] + w=[5504x4096]  ->  y=[1x5504]  (T=1, K=368)
  - op#05  op=SwiGLU   shard=0   a=[1x5504] + b=[1x5504]  ->  y=[1x5504]  (T=1, K=368)
  - op#06  op=SwiGLU   shard=1   a=[1x5504] + b=[1x5504]  ->  y=[1x5504]  (T=1, K=368)
  - op#07  op=Add      shard=-1  a=[1x4096] + b=[1x4096]  ->  y=[1x4096]  (T=1, K=368)
[gpu-debug] per-op timing breakdown (avg over iters):
  idx  op       sh  io                                                    time   est_flops    TFLOPs       bytes      GB/s
  ------------------------------------------------------------------------------------------------------------------------
    0  LN       -1  x[1x4096]+w[4096]->y[1x4096]                        0.065ms    20.480 K      0.00   24.00 KiB      0.38
    1  Add      -1  a[1x4096]+b[1x4096]->y[1x4096]                      0.016ms     4.096 K      0.00   24.00 KiB      1.52
    2  LN       -1  x[1x4096]+w[4096]->y[1x4096]                        0.058ms    20.480 K      0.00   24.00 KiB      0.43
    3  FFN_W3    0  x[1x4096]+w[5504x4096]->y[1x5504]                   0.064ms    45.089 M      0.71   43.02 MiB    709.35
    4  FFN_W3    1  x[1x4096]+w[5504x4096]->y[1x5504]                   0.048ms    45.089 M      0.95   43.02 MiB    947.33
    5  SwiGLU    0  a[1x5504]+b[1x5504]->y[1x5504]                      0.016ms    33.024 K      0.00   32.25 KiB      2.11
    6  SwiGLU    1  a[1x5504]+b[1x5504]->y[1x5504]                      0.015ms    33.024 K      0.00   32.25 KiB      2.18
    7  Add      -1  a[1x4096]+b[1x4096]->y[1x4096]                      0.009ms     4.096 K      0.00   24.00 KiB      2.61
[gpu-debug] segment avg latency (cuda_events): 0.200 ms
[gpu-debug] sum(per-op)               : 0.291 ms (ratio=1.452)
[gpu-debug] NOTE: sum(per-op) may differ from segment latency due to Python overhead, event/launch overhead, and allocator/cache effects.
[gpu-debug] cuda mem before warmup: alloc=96.15 MiB reserved=110.00 MiB
[gpu-debug] cuda mem after warmup : alloc=96.15 MiB reserved=110.00 MiB
[gpu-debug] cuda mem peak (this segment): max_alloc=96.17 MiB max_reserved=110.00 MiB
========================================================================================
[gpu-debug] segment_key=npu|decode|22|ff6dcf33668f3ebc9cf61e7eb43c6a84
[gpu-debug] sig: device_type=npu phase=decode step=22 (count_hint=32)
[gpu-debug] ops_repr: LN:-1,Add:-1,LN:-1,FFN_W3:0,FFN_W3:1,SwiGLU:0,SwiGLU:1,Add:-1
[gpu-debug] cfg: device=cuda dtype=torch.bfloat16 dim=4096 ffn_dim=11008 n_heads=32 shards=2
[gpu-debug] op plan (with inferred tensor shapes):
  - op#00  op=LN       shard=-1  x=[1x4096] + w=[4096]  ->  y=[1x4096]  (T=1, K=380)
  - op#01  op=Add      shard=-1  a=[1x4096] + b=[1x4096]  ->  y=[1x4096]  (T=1, K=380)
  - op#02  op=LN       shard=-1  x=[1x4096] + w=[4096]  ->  y=[1x4096]  (T=1, K=380)
  - op#03  op=FFN_W3   shard=0   x=[1x4096] + w=[5504x4096]  ->  y=[1x5504]  (T=1, K=380)
  - op#04  op=FFN_W3   shard=1   x=[1x4096] + w=[5504x4096]  ->  y=[1x5504]  (T=1, K=380)
  - op#05  op=SwiGLU   shard=0   a=[1x5504] + b=[1x5504]  ->  y=[1x5504]  (T=1, K=380)
  - op#06  op=SwiGLU   shard=1   a=[1x5504] + b=[1x5504]  ->  y=[1x5504]  (T=1, K=380)
  - op#07  op=Add      shard=-1  a=[1x4096] + b=[1x4096]  ->  y=[1x4096]  (T=1, K=380)
[gpu-debug] per-op timing breakdown (avg over iters):
  idx  op       sh  io                                                    time   est_flops    TFLOPs       bytes      GB/s
  ------------------------------------------------------------------------------------------------------------------------
    0  LN       -1  x[1x4096]+w[4096]->y[1x4096]                        0.065ms    20.480 K      0.00   24.00 KiB      0.38
    1  Add      -1  a[1x4096]+b[1x4096]->y[1x4096]                      0.016ms     4.096 K      0.00   24.00 KiB      1.52
    2  LN       -1  x[1x4096]+w[4096]->y[1x4096]                        0.057ms    20.480 K      0.00   24.00 KiB      0.43
    3  FFN_W3    0  x[1x4096]+w[5504x4096]->y[1x5504]                   0.064ms    45.089 M      0.70   43.02 MiB    700.33
    4  FFN_W3    1  x[1x4096]+w[5504x4096]->y[1x5504]                   0.047ms    45.089 M      0.95   43.02 MiB    951.42
    5  SwiGLU    0  a[1x5504]+b[1x5504]->y[1x5504]                      0.016ms    33.024 K      0.00   32.25 KiB      2.08
    6  SwiGLU    1  a[1x5504]+b[1x5504]->y[1x5504]                      0.015ms    33.024 K      0.00   32.25 KiB      2.21
    7  Add      -1  a[1x4096]+b[1x4096]->y[1x4096]                      0.010ms     4.096 K      0.00   24.00 KiB      2.55
[gpu-debug] segment avg latency (cuda_events): 0.199 ms
[gpu-debug] sum(per-op)               : 0.291 ms (ratio=1.459)
[gpu-debug] NOTE: sum(per-op) may differ from segment latency due to Python overhead, event/launch overhead, and allocator/cache effects.
[gpu-debug] cuda mem before warmup: alloc=96.15 MiB reserved=110.00 MiB
[gpu-debug] cuda mem after warmup : alloc=96.15 MiB reserved=110.00 MiB
[gpu-debug] cuda mem peak (this segment): max_alloc=96.17 MiB max_reserved=110.00 MiB
========================================================================================
[gpu-debug] segment_key=npu|decode|23|ff6dcf33668f3ebc9cf61e7eb43c6a84
[gpu-debug] sig: device_type=npu phase=decode step=23 (count_hint=32)
[gpu-debug] ops_repr: LN:-1,Add:-1,LN:-1,FFN_W3:0,FFN_W3:1,SwiGLU:0,SwiGLU:1,Add:-1
[gpu-debug] cfg: device=cuda dtype=torch.bfloat16 dim=4096 ffn_dim=11008 n_heads=32 shards=2
[gpu-debug] op plan (with inferred tensor shapes):
  - op#00  op=LN       shard=-1  x=[1x4096] + w=[4096]  ->  y=[1x4096]  (T=1, K=392)
  - op#01  op=Add      shard=-1  a=[1x4096] + b=[1x4096]  ->  y=[1x4096]  (T=1, K=392)
  - op#02  op=LN       shard=-1  x=[1x4096] + w=[4096]  ->  y=[1x4096]  (T=1, K=392)
  - op#03  op=FFN_W3   shard=0   x=[1x4096] + w=[5504x4096]  ->  y=[1x5504]  (T=1, K=392)
  - op#04  op=FFN_W3   shard=1   x=[1x4096] + w=[5504x4096]  ->  y=[1x5504]  (T=1, K=392)
  - op#05  op=SwiGLU   shard=0   a=[1x5504] + b=[1x5504]  ->  y=[1x5504]  (T=1, K=392)
  - op#06  op=SwiGLU   shard=1   a=[1x5504] + b=[1x5504]  ->  y=[1x5504]  (T=1, K=392)
  - op#07  op=Add      shard=-1  a=[1x4096] + b=[1x4096]  ->  y=[1x4096]  (T=1, K=392)
[gpu-debug] per-op timing breakdown (avg over iters):
  idx  op       sh  io                                                    time   est_flops    TFLOPs       bytes      GB/s
  ------------------------------------------------------------------------------------------------------------------------
    0  LN       -1  x[1x4096]+w[4096]->y[1x4096]                        0.065ms    20.480 K      0.00   24.00 KiB      0.38
    1  Add      -1  a[1x4096]+b[1x4096]->y[1x4096]                      0.016ms     4.096 K      0.00   24.00 KiB      1.56
    2  LN       -1  x[1x4096]+w[4096]->y[1x4096]                        0.057ms    20.480 K      0.00   24.00 KiB      0.43
    3  FFN_W3    0  x[1x4096]+w[5504x4096]->y[1x5504]                   0.064ms    45.089 M      0.70   43.02 MiB    703.69
    4  FFN_W3    1  x[1x4096]+w[5504x4096]->y[1x5504]                   0.048ms    45.089 M      0.94   43.02 MiB    945.30
    5  SwiGLU    0  a[1x5504]+b[1x5504]->y[1x5504]                      0.016ms    33.024 K      0.00   32.25 KiB      2.12
    6  SwiGLU    1  a[1x5504]+b[1x5504]->y[1x5504]                      0.015ms    33.024 K      0.00   32.25 KiB      2.22
    7  Add      -1  a[1x4096]+b[1x4096]->y[1x4096]                      0.010ms     4.096 K      0.00   24.00 KiB      2.58
[gpu-debug] segment avg latency (cuda_events): 0.200 ms
[gpu-debug] sum(per-op)               : 0.289 ms (ratio=1.445)
[gpu-debug] NOTE: sum(per-op) may differ from segment latency due to Python overhead, event/launch overhead, and allocator/cache effects.
[gpu-debug] cuda mem before warmup: alloc=96.15 MiB reserved=110.00 MiB
[gpu-debug] cuda mem after warmup : alloc=96.15 MiB reserved=110.00 MiB
[gpu-debug] cuda mem peak (this segment): max_alloc=96.17 MiB max_reserved=110.00 MiB
========================================================================================
[gpu-debug] segment_key=npu|decode|24|ff6dcf33668f3ebc9cf61e7eb43c6a84
[gpu-debug] sig: device_type=npu phase=decode step=24 (count_hint=32)
[gpu-debug] ops_repr: LN:-1,Add:-1,LN:-1,FFN_W3:0,FFN_W3:1,SwiGLU:0,SwiGLU:1,Add:-1
[gpu-debug] cfg: device=cuda dtype=torch.bfloat16 dim=4096 ffn_dim=11008 n_heads=32 shards=2
[gpu-debug] op plan (with inferred tensor shapes):
  - op#00  op=LN       shard=-1  x=[1x4096] + w=[4096]  ->  y=[1x4096]  (T=1, K=404)
  - op#01  op=Add      shard=-1  a=[1x4096] + b=[1x4096]  ->  y=[1x4096]  (T=1, K=404)
  - op#02  op=LN       shard=-1  x=[1x4096] + w=[4096]  ->  y=[1x4096]  (T=1, K=404)
  - op#03  op=FFN_W3   shard=0   x=[1x4096] + w=[5504x4096]  ->  y=[1x5504]  (T=1, K=404)
  - op#04  op=FFN_W3   shard=1   x=[1x4096] + w=[5504x4096]  ->  y=[1x5504]  (T=1, K=404)
  - op#05  op=SwiGLU   shard=0   a=[1x5504] + b=[1x5504]  ->  y=[1x5504]  (T=1, K=404)
  - op#06  op=SwiGLU   shard=1   a=[1x5504] + b=[1x5504]  ->  y=[1x5504]  (T=1, K=404)
  - op#07  op=Add      shard=-1  a=[1x4096] + b=[1x4096]  ->  y=[1x4096]  (T=1, K=404)
[gpu-debug] per-op timing breakdown (avg over iters):
  idx  op       sh  io                                                    time   est_flops    TFLOPs       bytes      GB/s
  ------------------------------------------------------------------------------------------------------------------------
    0  LN       -1  x[1x4096]+w[4096]->y[1x4096]                        0.065ms    20.480 K      0.00   24.00 KiB      0.38
    1  Add      -1  a[1x4096]+b[1x4096]->y[1x4096]                      0.016ms     4.096 K      0.00   24.00 KiB      1.51
    2  LN       -1  x[1x4096]+w[4096]->y[1x4096]                        0.062ms    20.480 K      0.00   24.00 KiB      0.40
    3  FFN_W3    0  x[1x4096]+w[5504x4096]->y[1x5504]                   0.066ms    45.089 M      0.68   43.02 MiB    684.02
    4  FFN_W3    1  x[1x4096]+w[5504x4096]->y[1x5504]                   0.048ms    45.089 M      0.94   43.02 MiB    939.25
    5  SwiGLU    0  a[1x5504]+b[1x5504]->y[1x5504]                      0.016ms    33.024 K      0.00   32.25 KiB      2.08
    6  SwiGLU    1  a[1x5504]+b[1x5504]->y[1x5504]                      0.015ms    33.024 K      0.00   32.25 KiB      2.22
    7  Add      -1  a[1x4096]+b[1x4096]->y[1x4096]                      0.010ms     4.096 K      0.00   24.00 KiB      2.53
[gpu-debug] segment avg latency (cuda_events): 0.200 ms
[gpu-debug] sum(per-op)               : 0.298 ms (ratio=1.486)
[gpu-debug] NOTE: sum(per-op) may differ from segment latency due to Python overhead, event/launch overhead, and allocator/cache effects.
[gpu-debug] cuda mem before warmup: alloc=96.15 MiB reserved=110.00 MiB
[gpu-debug] cuda mem after warmup : alloc=96.15 MiB reserved=110.00 MiB
[gpu-debug] cuda mem peak (this segment): max_alloc=96.17 MiB max_reserved=110.00 MiB
========================================================================================
[gpu-debug] segment_key=npu|decode|25|ff6dcf33668f3ebc9cf61e7eb43c6a84
[gpu-debug] sig: device_type=npu phase=decode step=25 (count_hint=32)
[gpu-debug] ops_repr: LN:-1,Add:-1,LN:-1,FFN_W3:0,FFN_W3:1,SwiGLU:0,SwiGLU:1,Add:-1
[gpu-debug] cfg: device=cuda dtype=torch.bfloat16 dim=4096 ffn_dim=11008 n_heads=32 shards=2
[gpu-debug] op plan (with inferred tensor shapes):
  - op#00  op=LN       shard=-1  x=[1x4096] + w=[4096]  ->  y=[1x4096]  (T=1, K=416)
  - op#01  op=Add      shard=-1  a=[1x4096] + b=[1x4096]  ->  y=[1x4096]  (T=1, K=416)
  - op#02  op=LN       shard=-1  x=[1x4096] + w=[4096]  ->  y=[1x4096]  (T=1, K=416)
  - op#03  op=FFN_W3   shard=0   x=[1x4096] + w=[5504x4096]  ->  y=[1x5504]  (T=1, K=416)
  - op#04  op=FFN_W3   shard=1   x=[1x4096] + w=[5504x4096]  ->  y=[1x5504]  (T=1, K=416)
  - op#05  op=SwiGLU   shard=0   a=[1x5504] + b=[1x5504]  ->  y=[1x5504]  (T=1, K=416)
  - op#06  op=SwiGLU   shard=1   a=[1x5504] + b=[1x5504]  ->  y=[1x5504]  (T=1, K=416)
  - op#07  op=Add      shard=-1  a=[1x4096] + b=[1x4096]  ->  y=[1x4096]  (T=1, K=416)
[gpu-debug] per-op timing breakdown (avg over iters):
  idx  op       sh  io                                                    time   est_flops    TFLOPs       bytes      GB/s
  ------------------------------------------------------------------------------------------------------------------------
    0  LN       -1  x[1x4096]+w[4096]->y[1x4096]                        0.065ms    20.480 K      0.00   24.00 KiB      0.38
    1  Add      -1  a[1x4096]+b[1x4096]->y[1x4096]                      0.017ms     4.096 K      0.00   24.00 KiB      1.47
    2  LN       -1  x[1x4096]+w[4096]->y[1x4096]                        0.057ms    20.480 K      0.00   24.00 KiB      0.43
    3  FFN_W3    0  x[1x4096]+w[5504x4096]->y[1x5504]                   0.064ms    45.089 M      0.70   43.02 MiB    704.81
    4  FFN_W3    1  x[1x4096]+w[5504x4096]->y[1x5504]                   0.048ms    45.089 M      0.94   43.02 MiB    945.30
    5  SwiGLU    0  a[1x5504]+b[1x5504]->y[1x5504]                      0.016ms    33.024 K      0.00   32.25 KiB      2.11
    6  SwiGLU    1  a[1x5504]+b[1x5504]->y[1x5504]                      0.015ms    33.024 K      0.00   32.25 KiB      2.22
    7  Add      -1  a[1x4096]+b[1x4096]->y[1x4096]                      0.009ms     4.096 K      0.00   24.00 KiB      2.61
[gpu-debug] segment avg latency (cuda_events): 0.200 ms
[gpu-debug] sum(per-op)               : 0.290 ms (ratio=1.450)
[gpu-debug] NOTE: sum(per-op) may differ from segment latency due to Python overhead, event/launch overhead, and allocator/cache effects.
[gpu-debug] cuda mem before warmup: alloc=96.15 MiB reserved=110.00 MiB
[gpu-debug] cuda mem after warmup : alloc=96.15 MiB reserved=110.00 MiB
[gpu-debug] cuda mem peak (this segment): max_alloc=96.17 MiB max_reserved=110.00 MiB
========================================================================================
[gpu-debug] segment_key=npu|decode|26|ff6dcf33668f3ebc9cf61e7eb43c6a84
[gpu-debug] sig: device_type=npu phase=decode step=26 (count_hint=32)
[gpu-debug] ops_repr: LN:-1,Add:-1,LN:-1,FFN_W3:0,FFN_W3:1,SwiGLU:0,SwiGLU:1,Add:-1
[gpu-debug] cfg: device=cuda dtype=torch.bfloat16 dim=4096 ffn_dim=11008 n_heads=32 shards=2
[gpu-debug] op plan (with inferred tensor shapes):
  - op#00  op=LN       shard=-1  x=[1x4096] + w=[4096]  ->  y=[1x4096]  (T=1, K=428)
  - op#01  op=Add      shard=-1  a=[1x4096] + b=[1x4096]  ->  y=[1x4096]  (T=1, K=428)
  - op#02  op=LN       shard=-1  x=[1x4096] + w=[4096]  ->  y=[1x4096]  (T=1, K=428)
  - op#03  op=FFN_W3   shard=0   x=[1x4096] + w=[5504x4096]  ->  y=[1x5504]  (T=1, K=428)
  - op#04  op=FFN_W3   shard=1   x=[1x4096] + w=[5504x4096]  ->  y=[1x5504]  (T=1, K=428)
  - op#05  op=SwiGLU   shard=0   a=[1x5504] + b=[1x5504]  ->  y=[1x5504]  (T=1, K=428)
  - op#06  op=SwiGLU   shard=1   a=[1x5504] + b=[1x5504]  ->  y=[1x5504]  (T=1, K=428)
  - op#07  op=Add      shard=-1  a=[1x4096] + b=[1x4096]  ->  y=[1x4096]  (T=1, K=428)
[gpu-debug] per-op timing breakdown (avg over iters):
  idx  op       sh  io                                                    time   est_flops    TFLOPs       bytes      GB/s
  ------------------------------------------------------------------------------------------------------------------------
    0  LN       -1  x[1x4096]+w[4096]->y[1x4096]                        0.065ms    20.480 K      0.00   24.00 KiB      0.38
    1  Add      -1  a[1x4096]+b[1x4096]->y[1x4096]                      0.017ms     4.096 K      0.00   24.00 KiB      1.45
    2  LN       -1  x[1x4096]+w[4096]->y[1x4096]                        0.056ms    20.480 K      0.00   24.00 KiB      0.44
    3  FFN_W3    0  x[1x4096]+w[5504x4096]->y[1x5504]                   0.064ms    45.089 M      0.70   43.02 MiB    702.56
    4  FFN_W3    1  x[1x4096]+w[5504x4096]->y[1x5504]                   0.048ms    45.089 M      0.94   43.02 MiB    941.26
    5  SwiGLU    0  a[1x5504]+b[1x5504]->y[1x5504]                      0.016ms    33.024 K      0.00   32.25 KiB      2.07
    6  SwiGLU    1  a[1x5504]+b[1x5504]->y[1x5504]                      0.015ms    33.024 K      0.00   32.25 KiB      2.26
    7  Add      -1  a[1x4096]+b[1x4096]->y[1x4096]                      0.010ms     4.096 K      0.00   24.00 KiB      2.50
[gpu-debug] segment avg latency (cuda_events): 0.200 ms
[gpu-debug] sum(per-op)               : 0.290 ms (ratio=1.451)
[gpu-debug] NOTE: sum(per-op) may differ from segment latency due to Python overhead, event/launch overhead, and allocator/cache effects.
[gpu-debug] cuda mem before warmup: alloc=96.15 MiB reserved=110.00 MiB
[gpu-debug] cuda mem after warmup : alloc=96.15 MiB reserved=110.00 MiB
[gpu-debug] cuda mem peak (this segment): max_alloc=96.17 MiB max_reserved=110.00 MiB
========================================================================================
[gpu-debug] segment_key=npu|decode|27|ff6dcf33668f3ebc9cf61e7eb43c6a84
[gpu-debug] sig: device_type=npu phase=decode step=27 (count_hint=32)
[gpu-debug] ops_repr: LN:-1,Add:-1,LN:-1,FFN_W3:0,FFN_W3:1,SwiGLU:0,SwiGLU:1,Add:-1
[gpu-debug] cfg: device=cuda dtype=torch.bfloat16 dim=4096 ffn_dim=11008 n_heads=32 shards=2
[gpu-debug] op plan (with inferred tensor shapes):
  - op#00  op=LN       shard=-1  x=[1x4096] + w=[4096]  ->  y=[1x4096]  (T=1, K=440)
  - op#01  op=Add      shard=-1  a=[1x4096] + b=[1x4096]  ->  y=[1x4096]  (T=1, K=440)
  - op#02  op=LN       shard=-1  x=[1x4096] + w=[4096]  ->  y=[1x4096]  (T=1, K=440)
  - op#03  op=FFN_W3   shard=0   x=[1x4096] + w=[5504x4096]  ->  y=[1x5504]  (T=1, K=440)
  - op#04  op=FFN_W3   shard=1   x=[1x4096] + w=[5504x4096]  ->  y=[1x5504]  (T=1, K=440)
  - op#05  op=SwiGLU   shard=0   a=[1x5504] + b=[1x5504]  ->  y=[1x5504]  (T=1, K=440)
  - op#06  op=SwiGLU   shard=1   a=[1x5504] + b=[1x5504]  ->  y=[1x5504]  (T=1, K=440)
  - op#07  op=Add      shard=-1  a=[1x4096] + b=[1x4096]  ->  y=[1x4096]  (T=1, K=440)
[gpu-debug] per-op timing breakdown (avg over iters):
  idx  op       sh  io                                                    time   est_flops    TFLOPs       bytes      GB/s
  ------------------------------------------------------------------------------------------------------------------------
    0  LN       -1  x[1x4096]+w[4096]->y[1x4096]                        0.065ms    20.480 K      0.00   24.00 KiB      0.38
    1  Add      -1  a[1x4096]+b[1x4096]->y[1x4096]                      0.016ms     4.096 K      0.00   24.00 KiB      1.54
    2  LN       -1  x[1x4096]+w[4096]->y[1x4096]                        0.056ms    20.480 K      0.00   24.00 KiB      0.44
    3  FFN_W3    0  x[1x4096]+w[5504x4096]->y[1x5504]                   0.064ms    45.089 M      0.70   43.02 MiB    700.33
    4  FFN_W3    1  x[1x4096]+w[5504x4096]->y[1x5504]                   0.048ms    45.089 M      0.94   43.02 MiB    941.26
    5  SwiGLU    0  a[1x5504]+b[1x5504]->y[1x5504]                      0.016ms    33.024 K      0.00   32.25 KiB      2.09
    6  SwiGLU    1  a[1x5504]+b[1x5504]->y[1x5504]                      0.015ms    33.024 K      0.00   32.25 KiB      2.24
    7  Add      -1  a[1x4096]+b[1x4096]->y[1x4096]                      0.010ms     4.096 K      0.00   24.00 KiB      2.55
[gpu-debug] segment avg latency (cuda_events): 0.199 ms
[gpu-debug] sum(per-op)               : 0.290 ms (ratio=1.453)
[gpu-debug] NOTE: sum(per-op) may differ from segment latency due to Python overhead, event/launch overhead, and allocator/cache effects.
[gpu-debug] cuda mem before warmup: alloc=96.15 MiB reserved=110.00 MiB
[gpu-debug] cuda mem after warmup : alloc=96.15 MiB reserved=110.00 MiB
[gpu-debug] cuda mem peak (this segment): max_alloc=96.17 MiB max_reserved=110.00 MiB
========================================================================================
[gpu-debug] segment_key=npu|decode|28|ff6dcf33668f3ebc9cf61e7eb43c6a84
[gpu-debug] sig: device_type=npu phase=decode step=28 (count_hint=32)
[gpu-debug] ops_repr: LN:-1,Add:-1,LN:-1,FFN_W3:0,FFN_W3:1,SwiGLU:0,SwiGLU:1,Add:-1
[gpu-debug] cfg: device=cuda dtype=torch.bfloat16 dim=4096 ffn_dim=11008 n_heads=32 shards=2
[gpu-debug] op plan (with inferred tensor shapes):
  - op#00  op=LN       shard=-1  x=[1x4096] + w=[4096]  ->  y=[1x4096]  (T=1, K=452)
  - op#01  op=Add      shard=-1  a=[1x4096] + b=[1x4096]  ->  y=[1x4096]  (T=1, K=452)
  - op#02  op=LN       shard=-1  x=[1x4096] + w=[4096]  ->  y=[1x4096]  (T=1, K=452)
  - op#03  op=FFN_W3   shard=0   x=[1x4096] + w=[5504x4096]  ->  y=[1x5504]  (T=1, K=452)
  - op#04  op=FFN_W3   shard=1   x=[1x4096] + w=[5504x4096]  ->  y=[1x5504]  (T=1, K=452)
  - op#05  op=SwiGLU   shard=0   a=[1x5504] + b=[1x5504]  ->  y=[1x5504]  (T=1, K=452)
  - op#06  op=SwiGLU   shard=1   a=[1x5504] + b=[1x5504]  ->  y=[1x5504]  (T=1, K=452)
  - op#07  op=Add      shard=-1  a=[1x4096] + b=[1x4096]  ->  y=[1x4096]  (T=1, K=452)
[gpu-debug] per-op timing breakdown (avg over iters):
  idx  op       sh  io                                                    time   est_flops    TFLOPs       bytes      GB/s
  ------------------------------------------------------------------------------------------------------------------------
    0  LN       -1  x[1x4096]+w[4096]->y[1x4096]                        0.065ms    20.480 K      0.00   24.00 KiB      0.38
    1  Add      -1  a[1x4096]+b[1x4096]->y[1x4096]                      0.016ms     4.096 K      0.00   24.00 KiB      1.52
    2  LN       -1  x[1x4096]+w[4096]->y[1x4096]                        0.057ms    20.480 K      0.00   24.00 KiB      0.43
    3  FFN_W3    0  x[1x4096]+w[5504x4096]->y[1x5504]                   0.064ms    45.089 M      0.70   43.02 MiB    700.33
    4  FFN_W3    1  x[1x4096]+w[5504x4096]->y[1x5504]                   0.048ms    45.089 M      0.94   43.02 MiB    941.26
    5  SwiGLU    0  a[1x5504]+b[1x5504]->y[1x5504]                      0.016ms    33.024 K      0.00   32.25 KiB      2.09
    6  SwiGLU    1  a[1x5504]+b[1x5504]->y[1x5504]                      0.015ms    33.024 K      0.00   32.25 KiB      2.19
    7  Add      -1  a[1x4096]+b[1x4096]->y[1x4096]                      0.010ms     4.096 K      0.00   24.00 KiB      2.55
[gpu-debug] segment avg latency (cuda_events): 0.200 ms
[gpu-debug] sum(per-op)               : 0.291 ms (ratio=1.459)
[gpu-debug] NOTE: sum(per-op) may differ from segment latency due to Python overhead, event/launch overhead, and allocator/cache effects.
[gpu-debug] cuda mem before warmup: alloc=96.15 MiB reserved=110.00 MiB
[gpu-debug] cuda mem after warmup : alloc=96.15 MiB reserved=110.00 MiB
[gpu-debug] cuda mem peak (this segment): max_alloc=96.17 MiB max_reserved=110.00 MiB
========================================================================================
[gpu-debug] segment_key=npu|decode|29|ff6dcf33668f3ebc9cf61e7eb43c6a84
[gpu-debug] sig: device_type=npu phase=decode step=29 (count_hint=32)
[gpu-debug] ops_repr: LN:-1,Add:-1,LN:-1,FFN_W3:0,FFN_W3:1,SwiGLU:0,SwiGLU:1,Add:-1
[gpu-debug] cfg: device=cuda dtype=torch.bfloat16 dim=4096 ffn_dim=11008 n_heads=32 shards=2
[gpu-debug] op plan (with inferred tensor shapes):
  - op#00  op=LN       shard=-1  x=[1x4096] + w=[4096]  ->  y=[1x4096]  (T=1, K=464)
  - op#01  op=Add      shard=-1  a=[1x4096] + b=[1x4096]  ->  y=[1x4096]  (T=1, K=464)
  - op#02  op=LN       shard=-1  x=[1x4096] + w=[4096]  ->  y=[1x4096]  (T=1, K=464)
  - op#03  op=FFN_W3   shard=0   x=[1x4096] + w=[5504x4096]  ->  y=[1x5504]  (T=1, K=464)
  - op#04  op=FFN_W3   shard=1   x=[1x4096] + w=[5504x4096]  ->  y=[1x5504]  (T=1, K=464)
  - op#05  op=SwiGLU   shard=0   a=[1x5504] + b=[1x5504]  ->  y=[1x5504]  (T=1, K=464)
  - op#06  op=SwiGLU   shard=1   a=[1x5504] + b=[1x5504]  ->  y=[1x5504]  (T=1, K=464)
  - op#07  op=Add      shard=-1  a=[1x4096] + b=[1x4096]  ->  y=[1x4096]  (T=1, K=464)
[gpu-debug] per-op timing breakdown (avg over iters):
  idx  op       sh  io                                                    time   est_flops    TFLOPs       bytes      GB/s
  ------------------------------------------------------------------------------------------------------------------------
    0  LN       -1  x[1x4096]+w[4096]->y[1x4096]                        0.065ms    20.480 K      0.00   24.00 KiB      0.38
    1  Add      -1  a[1x4096]+b[1x4096]->y[1x4096]                      0.016ms     4.096 K      0.00   24.00 KiB      1.52
    2  LN       -1  x[1x4096]+w[4096]->y[1x4096]                        0.056ms    20.480 K      0.00   24.00 KiB      0.44
    3  FFN_W3    0  x[1x4096]+w[5504x4096]->y[1x5504]                   0.064ms    45.089 M      0.70   43.02 MiB    703.69
    4  FFN_W3    1  x[1x4096]+w[5504x4096]->y[1x5504]                   0.048ms    45.089 M      0.94   43.02 MiB    937.25
    5  SwiGLU    0  a[1x5504]+b[1x5504]->y[1x5504]                      0.016ms    33.024 K      0.00   32.25 KiB      2.11
    6  SwiGLU    1  a[1x5504]+b[1x5504]->y[1x5504]                      0.015ms    33.024 K      0.00   32.25 KiB      2.22
    7  Add      -1  a[1x4096]+b[1x4096]->y[1x4096]                      0.010ms     4.096 K      0.00   24.00 KiB      2.45
[gpu-debug] segment avg latency (cuda_events): 0.200 ms
[gpu-debug] sum(per-op)               : 0.290 ms (ratio=1.454)
[gpu-debug] NOTE: sum(per-op) may differ from segment latency due to Python overhead, event/launch overhead, and allocator/cache effects.
[gpu-debug] cuda mem before warmup: alloc=96.15 MiB reserved=110.00 MiB
[gpu-debug] cuda mem after warmup : alloc=96.15 MiB reserved=110.00 MiB
[gpu-debug] cuda mem peak (this segment): max_alloc=96.17 MiB max_reserved=110.00 MiB
========================================================================================
[gpu-debug] segment_key=npu|decode|2|ff6dcf33668f3ebc9cf61e7eb43c6a84
[gpu-debug] sig: device_type=npu phase=decode step=2 (count_hint=32)
[gpu-debug] ops_repr: LN:-1,Add:-1,LN:-1,FFN_W3:0,FFN_W3:1,SwiGLU:0,SwiGLU:1,Add:-1
[gpu-debug] cfg: device=cuda dtype=torch.bfloat16 dim=4096 ffn_dim=11008 n_heads=32 shards=2
[gpu-debug] op plan (with inferred tensor shapes):
  - op#00  op=LN       shard=-1  x=[1x4096] + w=[4096]  ->  y=[1x4096]  (T=1, K=140)
  - op#01  op=Add      shard=-1  a=[1x4096] + b=[1x4096]  ->  y=[1x4096]  (T=1, K=140)
  - op#02  op=LN       shard=-1  x=[1x4096] + w=[4096]  ->  y=[1x4096]  (T=1, K=140)
  - op#03  op=FFN_W3   shard=0   x=[1x4096] + w=[5504x4096]  ->  y=[1x5504]  (T=1, K=140)
  - op#04  op=FFN_W3   shard=1   x=[1x4096] + w=[5504x4096]  ->  y=[1x5504]  (T=1, K=140)
  - op#05  op=SwiGLU   shard=0   a=[1x5504] + b=[1x5504]  ->  y=[1x5504]  (T=1, K=140)
  - op#06  op=SwiGLU   shard=1   a=[1x5504] + b=[1x5504]  ->  y=[1x5504]  (T=1, K=140)
  - op#07  op=Add      shard=-1  a=[1x4096] + b=[1x4096]  ->  y=[1x4096]  (T=1, K=140)
[gpu-debug] per-op timing breakdown (avg over iters):
  idx  op       sh  io                                                    time   est_flops    TFLOPs       bytes      GB/s
  ------------------------------------------------------------------------------------------------------------------------
    0  LN       -1  x[1x4096]+w[4096]->y[1x4096]                        0.065ms    20.480 K      0.00   24.00 KiB      0.38
    1  Add      -1  a[1x4096]+b[1x4096]->y[1x4096]                      0.016ms     4.096 K      0.00   24.00 KiB      1.50
    2  LN       -1  x[1x4096]+w[4096]->y[1x4096]                        0.057ms    20.480 K      0.00   24.00 KiB      0.43
    3  FFN_W3    0  x[1x4096]+w[5504x4096]->y[1x5504]                   0.065ms    45.089 M      0.69   43.02 MiB    693.71
    4  FFN_W3    1  x[1x4096]+w[5504x4096]->y[1x5504]                   0.048ms    45.089 M      0.94   43.02 MiB    945.30
    5  SwiGLU    0  a[1x5504]+b[1x5504]->y[1x5504]                      0.016ms    33.024 K      0.00   32.25 KiB      2.07
    6  SwiGLU    1  a[1x5504]+b[1x5504]->y[1x5504]                      0.015ms    33.024 K      0.00   32.25 KiB      2.21
    7  Add      -1  a[1x4096]+b[1x4096]->y[1x4096]                      0.010ms     4.096 K      0.00   24.00 KiB      2.55
[gpu-debug] segment avg latency (cuda_events): 0.199 ms
[gpu-debug] sum(per-op)               : 0.291 ms (ratio=1.458)
[gpu-debug] NOTE: sum(per-op) may differ from segment latency due to Python overhead, event/launch overhead, and allocator/cache effects.
[gpu-debug] cuda mem before warmup: alloc=96.15 MiB reserved=110.00 MiB
[gpu-debug] cuda mem after warmup : alloc=96.15 MiB reserved=110.00 MiB
[gpu-debug] cuda mem peak (this segment): max_alloc=96.17 MiB max_reserved=110.00 MiB
========================================================================================
[gpu-debug] segment_key=npu|decode|30|ff6dcf33668f3ebc9cf61e7eb43c6a84
[gpu-debug] sig: device_type=npu phase=decode step=30 (count_hint=32)
[gpu-debug] ops_repr: LN:-1,Add:-1,LN:-1,FFN_W3:0,FFN_W3:1,SwiGLU:0,SwiGLU:1,Add:-1
[gpu-debug] cfg: device=cuda dtype=torch.bfloat16 dim=4096 ffn_dim=11008 n_heads=32 shards=2
[gpu-debug] op plan (with inferred tensor shapes):
  - op#00  op=LN       shard=-1  x=[1x4096] + w=[4096]  ->  y=[1x4096]  (T=1, K=476)
  - op#01  op=Add      shard=-1  a=[1x4096] + b=[1x4096]  ->  y=[1x4096]  (T=1, K=476)
  - op#02  op=LN       shard=-1  x=[1x4096] + w=[4096]  ->  y=[1x4096]  (T=1, K=476)
  - op#03  op=FFN_W3   shard=0   x=[1x4096] + w=[5504x4096]  ->  y=[1x5504]  (T=1, K=476)
  - op#04  op=FFN_W3   shard=1   x=[1x4096] + w=[5504x4096]  ->  y=[1x5504]  (T=1, K=476)
  - op#05  op=SwiGLU   shard=0   a=[1x5504] + b=[1x5504]  ->  y=[1x5504]  (T=1, K=476)
  - op#06  op=SwiGLU   shard=1   a=[1x5504] + b=[1x5504]  ->  y=[1x5504]  (T=1, K=476)
  - op#07  op=Add      shard=-1  a=[1x4096] + b=[1x4096]  ->  y=[1x4096]  (T=1, K=476)
[gpu-debug] per-op timing breakdown (avg over iters):
  idx  op       sh  io                                                    time   est_flops    TFLOPs       bytes      GB/s
  ------------------------------------------------------------------------------------------------------------------------
    0  LN       -1  x[1x4096]+w[4096]->y[1x4096]                        0.065ms    20.480 K      0.00   24.00 KiB      0.38
    1  Add      -1  a[1x4096]+b[1x4096]->y[1x4096]                      0.016ms     4.096 K      0.00   24.00 KiB      1.52
    2  LN       -1  x[1x4096]+w[4096]->y[1x4096]                        0.057ms    20.480 K      0.00   24.00 KiB      0.43
    3  FFN_W3    0  x[1x4096]+w[5504x4096]->y[1x5504]                   0.064ms    45.089 M      0.70   43.02 MiB    702.56
    4  FFN_W3    1  x[1x4096]+w[5504x4096]->y[1x5504]                   0.048ms    45.089 M      0.94   43.02 MiB    945.30
    5  SwiGLU    0  a[1x5504]+b[1x5504]->y[1x5504]                      0.016ms    33.024 K      0.00   32.25 KiB      2.12
    6  SwiGLU    1  a[1x5504]+b[1x5504]->y[1x5504]                      0.015ms    33.024 K      0.00   32.25 KiB      2.18
    7  Add      -1  a[1x4096]+b[1x4096]->y[1x4096]                      0.009ms     4.096 K      0.00   24.00 KiB      2.64
[gpu-debug] segment avg latency (cuda_events): 0.200 ms
[gpu-debug] sum(per-op)               : 0.290 ms (ratio=1.451)
[gpu-debug] NOTE: sum(per-op) may differ from segment latency due to Python overhead, event/launch overhead, and allocator/cache effects.
[gpu-debug] cuda mem before warmup: alloc=96.15 MiB reserved=110.00 MiB
[gpu-debug] cuda mem after warmup : alloc=96.15 MiB reserved=110.00 MiB
[gpu-debug] cuda mem peak (this segment): max_alloc=96.17 MiB max_reserved=110.00 MiB
========================================================================================
[gpu-debug] segment_key=npu|decode|31|ff6dcf33668f3ebc9cf61e7eb43c6a84
[gpu-debug] sig: device_type=npu phase=decode step=31 (count_hint=32)
[gpu-debug] ops_repr: LN:-1,Add:-1,LN:-1,FFN_W3:0,FFN_W3:1,SwiGLU:0,SwiGLU:1,Add:-1
[gpu-debug] cfg: device=cuda dtype=torch.bfloat16 dim=4096 ffn_dim=11008 n_heads=32 shards=2
[gpu-debug] op plan (with inferred tensor shapes):
  - op#00  op=LN       shard=-1  x=[1x4096] + w=[4096]  ->  y=[1x4096]  (T=1, K=488)
  - op#01  op=Add      shard=-1  a=[1x4096] + b=[1x4096]  ->  y=[1x4096]  (T=1, K=488)
  - op#02  op=LN       shard=-1  x=[1x4096] + w=[4096]  ->  y=[1x4096]  (T=1, K=488)
  - op#03  op=FFN_W3   shard=0   x=[1x4096] + w=[5504x4096]  ->  y=[1x5504]  (T=1, K=488)
  - op#04  op=FFN_W3   shard=1   x=[1x4096] + w=[5504x4096]  ->  y=[1x5504]  (T=1, K=488)
  - op#05  op=SwiGLU   shard=0   a=[1x5504] + b=[1x5504]  ->  y=[1x5504]  (T=1, K=488)
  - op#06  op=SwiGLU   shard=1   a=[1x5504] + b=[1x5504]  ->  y=[1x5504]  (T=1, K=488)
  - op#07  op=Add      shard=-1  a=[1x4096] + b=[1x4096]  ->  y=[1x4096]  (T=1, K=488)
[gpu-debug] per-op timing breakdown (avg over iters):
  idx  op       sh  io                                                    time   est_flops    TFLOPs       bytes      GB/s
  ------------------------------------------------------------------------------------------------------------------------
    0  LN       -1  x[1x4096]+w[4096]->y[1x4096]                        0.065ms    20.480 K      0.00   24.00 KiB      0.38
    1  Add      -1  a[1x4096]+b[1x4096]->y[1x4096]                      0.016ms     4.096 K      0.00   24.00 KiB      1.51
    2  LN       -1  x[1x4096]+w[4096]->y[1x4096]                        0.057ms    20.480 K      0.00   24.00 KiB      0.43
    3  FFN_W3    0  x[1x4096]+w[5504x4096]->y[1x5504]                   0.064ms    45.089 M      0.70   43.02 MiB    701.45
    4  FFN_W3    1  x[1x4096]+w[5504x4096]->y[1x5504]                   0.048ms    45.089 M      0.94   43.02 MiB    945.30
    5  SwiGLU    0  a[1x5504]+b[1x5504]->y[1x5504]                      0.016ms    33.024 K      0.00   32.25 KiB      2.05
    6  SwiGLU    1  a[1x5504]+b[1x5504]->y[1x5504]                      0.015ms    33.024 K      0.00   32.25 KiB      2.21
    7  Add      -1  a[1x4096]+b[1x4096]->y[1x4096]                      0.010ms     4.096 K      0.00   24.00 KiB      2.53
[gpu-debug] segment avg latency (cuda_events): 0.199 ms
[gpu-debug] sum(per-op)               : 0.291 ms (ratio=1.460)
[gpu-debug] NOTE: sum(per-op) may differ from segment latency due to Python overhead, event/launch overhead, and allocator/cache effects.
[gpu-debug] cuda mem before warmup: alloc=96.15 MiB reserved=110.00 MiB
[gpu-debug] cuda mem after warmup : alloc=96.15 MiB reserved=110.00 MiB
[gpu-debug] cuda mem peak (this segment): max_alloc=96.17 MiB max_reserved=110.00 MiB
========================================================================================
[gpu-debug] segment_key=npu|decode|32|ff6dcf33668f3ebc9cf61e7eb43c6a84
[gpu-debug] sig: device_type=npu phase=decode step=32 (count_hint=32)
[gpu-debug] ops_repr: LN:-1,Add:-1,LN:-1,FFN_W3:0,FFN_W3:1,SwiGLU:0,SwiGLU:1,Add:-1
[gpu-debug] cfg: device=cuda dtype=torch.bfloat16 dim=4096 ffn_dim=11008 n_heads=32 shards=2
[gpu-debug] op plan (with inferred tensor shapes):
  - op#00  op=LN       shard=-1  x=[1x4096] + w=[4096]  ->  y=[1x4096]  (T=1, K=500)
  - op#01  op=Add      shard=-1  a=[1x4096] + b=[1x4096]  ->  y=[1x4096]  (T=1, K=500)
  - op#02  op=LN       shard=-1  x=[1x4096] + w=[4096]  ->  y=[1x4096]  (T=1, K=500)
  - op#03  op=FFN_W3   shard=0   x=[1x4096] + w=[5504x4096]  ->  y=[1x5504]  (T=1, K=500)
  - op#04  op=FFN_W3   shard=1   x=[1x4096] + w=[5504x4096]  ->  y=[1x5504]  (T=1, K=500)
  - op#05  op=SwiGLU   shard=0   a=[1x5504] + b=[1x5504]  ->  y=[1x5504]  (T=1, K=500)
  - op#06  op=SwiGLU   shard=1   a=[1x5504] + b=[1x5504]  ->  y=[1x5504]  (T=1, K=500)
  - op#07  op=Add      shard=-1  a=[1x4096] + b=[1x4096]  ->  y=[1x4096]  (T=1, K=500)
[gpu-debug] per-op timing breakdown (avg over iters):
  idx  op       sh  io                                                    time   est_flops    TFLOPs       bytes      GB/s
  ------------------------------------------------------------------------------------------------------------------------
    0  LN       -1  x[1x4096]+w[4096]->y[1x4096]                        0.065ms    20.480 K      0.00   24.00 KiB      0.38
    1  Add      -1  a[1x4096]+b[1x4096]->y[1x4096]                      0.016ms     4.096 K      0.00   24.00 KiB      1.52
    2  LN       -1  x[1x4096]+w[4096]->y[1x4096]                        0.056ms    20.480 K      0.00   24.00 KiB      0.44
    3  FFN_W3    0  x[1x4096]+w[5504x4096]->y[1x5504]                   0.064ms    45.089 M      0.70   43.02 MiB    702.56
    4  FFN_W3    1  x[1x4096]+w[5504x4096]->y[1x5504]                   0.048ms    45.089 M      0.94   43.02 MiB    941.26
    5  SwiGLU    0  a[1x5504]+b[1x5504]->y[1x5504]                      0.016ms    33.024 K      0.00   32.25 KiB      2.09
    6  SwiGLU    1  a[1x5504]+b[1x5504]->y[1x5504]                      0.015ms    33.024 K      0.00   32.25 KiB      2.22
    7  Add      -1  a[1x4096]+b[1x4096]->y[1x4096]                      0.009ms     4.096 K      0.00   24.00 KiB      2.64
[gpu-debug] segment avg latency (cuda_events): 0.200 ms
[gpu-debug] sum(per-op)               : 0.290 ms (ratio=1.451)
[gpu-debug] NOTE: sum(per-op) may differ from segment latency due to Python overhead, event/launch overhead, and allocator/cache effects.
[gpu-debug] cuda mem before warmup: alloc=96.15 MiB reserved=110.00 MiB
[gpu-debug] cuda mem after warmup : alloc=96.15 MiB reserved=110.00 MiB
[gpu-debug] cuda mem peak (this segment): max_alloc=96.17 MiB max_reserved=110.00 MiB
========================================================================================
[gpu-debug] segment_key=npu|decode|33|ff6dcf33668f3ebc9cf61e7eb43c6a84
[gpu-debug] sig: device_type=npu phase=decode step=33 (count_hint=32)
[gpu-debug] ops_repr: LN:-1,Add:-1,LN:-1,FFN_W3:0,FFN_W3:1,SwiGLU:0,SwiGLU:1,Add:-1
[gpu-debug] cfg: device=cuda dtype=torch.bfloat16 dim=4096 ffn_dim=11008 n_heads=32 shards=2
[gpu-debug] op plan (with inferred tensor shapes):
  - op#00  op=LN       shard=-1  x=[1x4096] + w=[4096]  ->  y=[1x4096]  (T=1, K=512)
  - op#01  op=Add      shard=-1  a=[1x4096] + b=[1x4096]  ->  y=[1x4096]  (T=1, K=512)
  - op#02  op=LN       shard=-1  x=[1x4096] + w=[4096]  ->  y=[1x4096]  (T=1, K=512)
  - op#03  op=FFN_W3   shard=0   x=[1x4096] + w=[5504x4096]  ->  y=[1x5504]  (T=1, K=512)
  - op#04  op=FFN_W3   shard=1   x=[1x4096] + w=[5504x4096]  ->  y=[1x5504]  (T=1, K=512)
  - op#05  op=SwiGLU   shard=0   a=[1x5504] + b=[1x5504]  ->  y=[1x5504]  (T=1, K=512)
  - op#06  op=SwiGLU   shard=1   a=[1x5504] + b=[1x5504]  ->  y=[1x5504]  (T=1, K=512)
  - op#07  op=Add      shard=-1  a=[1x4096] + b=[1x4096]  ->  y=[1x4096]  (T=1, K=512)
[gpu-debug] per-op timing breakdown (avg over iters):
  idx  op       sh  io                                                    time   est_flops    TFLOPs       bytes      GB/s
  ------------------------------------------------------------------------------------------------------------------------
    0  LN       -1  x[1x4096]+w[4096]->y[1x4096]                        0.065ms    20.480 K      0.00   24.00 KiB      0.38
    1  Add      -1  a[1x4096]+b[1x4096]->y[1x4096]                      0.017ms     4.096 K      0.00   24.00 KiB      1.43
    2  LN       -1  x[1x4096]+w[4096]->y[1x4096]                        0.057ms    20.480 K      0.00   24.00 KiB      0.43
    3  FFN_W3    0  x[1x4096]+w[5504x4096]->y[1x5504]                   0.065ms    45.089 M      0.70   43.02 MiB    699.22
    4  FFN_W3    1  x[1x4096]+w[5504x4096]->y[1x5504]                   0.048ms    45.089 M      0.94   43.02 MiB    941.26
    5  SwiGLU    0  a[1x5504]+b[1x5504]->y[1x5504]                      0.016ms    33.024 K      0.00   32.25 KiB      2.12
    6  SwiGLU    1  a[1x5504]+b[1x5504]->y[1x5504]                      0.015ms    33.024 K      0.00   32.25 KiB      2.16
    7  Add      -1  a[1x4096]+b[1x4096]->y[1x4096]                      0.010ms     4.096 K      0.00   24.00 KiB      2.50
[gpu-debug] segment avg latency (cuda_events): 0.199 ms
[gpu-debug] sum(per-op)               : 0.292 ms (ratio=1.467)
[gpu-debug] NOTE: sum(per-op) may differ from segment latency due to Python overhead, event/launch overhead, and allocator/cache effects.
[gpu-debug] cuda mem before warmup: alloc=96.15 MiB reserved=110.00 MiB
[gpu-debug] cuda mem after warmup : alloc=96.15 MiB reserved=110.00 MiB
[gpu-debug] cuda mem peak (this segment): max_alloc=96.17 MiB max_reserved=110.00 MiB
========================================================================================
[gpu-debug] segment_key=npu|decode|34|ff6dcf33668f3ebc9cf61e7eb43c6a84
[gpu-debug] sig: device_type=npu phase=decode step=34 (count_hint=32)
[gpu-debug] ops_repr: LN:-1,Add:-1,LN:-1,FFN_W3:0,FFN_W3:1,SwiGLU:0,SwiGLU:1,Add:-1
[gpu-debug] cfg: device=cuda dtype=torch.bfloat16 dim=4096 ffn_dim=11008 n_heads=32 shards=2
[gpu-debug] op plan (with inferred tensor shapes):
  - op#00  op=LN       shard=-1  x=[1x4096] + w=[4096]  ->  y=[1x4096]  (T=1, K=524)
  - op#01  op=Add      shard=-1  a=[1x4096] + b=[1x4096]  ->  y=[1x4096]  (T=1, K=524)
  - op#02  op=LN       shard=-1  x=[1x4096] + w=[4096]  ->  y=[1x4096]  (T=1, K=524)
  - op#03  op=FFN_W3   shard=0   x=[1x4096] + w=[5504x4096]  ->  y=[1x5504]  (T=1, K=524)
  - op#04  op=FFN_W3   shard=1   x=[1x4096] + w=[5504x4096]  ->  y=[1x5504]  (T=1, K=524)
  - op#05  op=SwiGLU   shard=0   a=[1x5504] + b=[1x5504]  ->  y=[1x5504]  (T=1, K=524)
  - op#06  op=SwiGLU   shard=1   a=[1x5504] + b=[1x5504]  ->  y=[1x5504]  (T=1, K=524)
  - op#07  op=Add      shard=-1  a=[1x4096] + b=[1x4096]  ->  y=[1x4096]  (T=1, K=524)
[gpu-debug] per-op timing breakdown (avg over iters):
  idx  op       sh  io                                                    time   est_flops    TFLOPs       bytes      GB/s
  ------------------------------------------------------------------------------------------------------------------------
    0  LN       -1  x[1x4096]+w[4096]->y[1x4096]                        0.065ms    20.480 K      0.00   24.00 KiB      0.38
    1  Add      -1  a[1x4096]+b[1x4096]->y[1x4096]                      0.016ms     4.096 K      0.00   24.00 KiB      1.52
    2  LN       -1  x[1x4096]+w[4096]->y[1x4096]                        0.057ms    20.480 K      0.00   24.00 KiB      0.43
    3  FFN_W3    0  x[1x4096]+w[5504x4096]->y[1x5504]                   0.064ms    45.089 M      0.71   43.02 MiB    708.21
    4  FFN_W3    1  x[1x4096]+w[5504x4096]->y[1x5504]                   0.048ms    45.089 M      0.94   43.02 MiB    941.26
    5  SwiGLU    0  a[1x5504]+b[1x5504]->y[1x5504]                      0.016ms    33.024 K      0.00   32.25 KiB      2.11
    6  SwiGLU    1  a[1x5504]+b[1x5504]->y[1x5504]                      0.015ms    33.024 K      0.00   32.25 KiB      2.18
    7  Add      -1  a[1x4096]+b[1x4096]->y[1x4096]                      0.010ms     4.096 K      0.00   24.00 KiB      2.58
[gpu-debug] segment avg latency (cuda_events): 0.202 ms
[gpu-debug] sum(per-op)               : 0.290 ms (ratio=1.430)
[gpu-debug] NOTE: sum(per-op) may differ from segment latency due to Python overhead, event/launch overhead, and allocator/cache effects.
[gpu-debug] cuda mem before warmup: alloc=96.15 MiB reserved=110.00 MiB
[gpu-debug] cuda mem after warmup : alloc=96.15 MiB reserved=110.00 MiB
[gpu-debug] cuda mem peak (this segment): max_alloc=96.17 MiB max_reserved=110.00 MiB
========================================================================================
[gpu-debug] segment_key=npu|decode|35|ff6dcf33668f3ebc9cf61e7eb43c6a84
[gpu-debug] sig: device_type=npu phase=decode step=35 (count_hint=32)
[gpu-debug] ops_repr: LN:-1,Add:-1,LN:-1,FFN_W3:0,FFN_W3:1,SwiGLU:0,SwiGLU:1,Add:-1
[gpu-debug] cfg: device=cuda dtype=torch.bfloat16 dim=4096 ffn_dim=11008 n_heads=32 shards=2
[gpu-debug] op plan (with inferred tensor shapes):
  - op#00  op=LN       shard=-1  x=[1x4096] + w=[4096]  ->  y=[1x4096]  (T=1, K=536)
  - op#01  op=Add      shard=-1  a=[1x4096] + b=[1x4096]  ->  y=[1x4096]  (T=1, K=536)
  - op#02  op=LN       shard=-1  x=[1x4096] + w=[4096]  ->  y=[1x4096]  (T=1, K=536)
  - op#03  op=FFN_W3   shard=0   x=[1x4096] + w=[5504x4096]  ->  y=[1x5504]  (T=1, K=536)
  - op#04  op=FFN_W3   shard=1   x=[1x4096] + w=[5504x4096]  ->  y=[1x5504]  (T=1, K=536)
  - op#05  op=SwiGLU   shard=0   a=[1x5504] + b=[1x5504]  ->  y=[1x5504]  (T=1, K=536)
  - op#06  op=SwiGLU   shard=1   a=[1x5504] + b=[1x5504]  ->  y=[1x5504]  (T=1, K=536)
  - op#07  op=Add      shard=-1  a=[1x4096] + b=[1x4096]  ->  y=[1x4096]  (T=1, K=536)
[gpu-debug] per-op timing breakdown (avg over iters):
  idx  op       sh  io                                                    time   est_flops    TFLOPs       bytes      GB/s
  ------------------------------------------------------------------------------------------------------------------------
    0  LN       -1  x[1x4096]+w[4096]->y[1x4096]                        0.065ms    20.480 K      0.00   24.00 KiB      0.38
    1  Add      -1  a[1x4096]+b[1x4096]->y[1x4096]                      0.016ms     4.096 K      0.00   24.00 KiB      1.51
    2  LN       -1  x[1x4096]+w[4096]->y[1x4096]                        0.057ms    20.480 K      0.00   24.00 KiB      0.43
    3  FFN_W3    0  x[1x4096]+w[5504x4096]->y[1x5504]                   0.065ms    45.089 M      0.70   43.02 MiB    697.01
    4  FFN_W3    1  x[1x4096]+w[5504x4096]->y[1x5504]                   0.048ms    45.089 M      0.94   43.02 MiB    941.26
    5  SwiGLU    0  a[1x5504]+b[1x5504]->y[1x5504]                      0.016ms    33.024 K      0.00   32.25 KiB      2.08
    6  SwiGLU    1  a[1x5504]+b[1x5504]->y[1x5504]                      0.015ms    33.024 K      0.00   32.25 KiB      2.22
    7  Add      -1  a[1x4096]+b[1x4096]->y[1x4096]                      0.010ms     4.096 K      0.00   24.00 KiB      2.50
[gpu-debug] segment avg latency (cuda_events): 0.199 ms
[gpu-debug] sum(per-op)               : 0.292 ms (ratio=1.463)
[gpu-debug] NOTE: sum(per-op) may differ from segment latency due to Python overhead, event/launch overhead, and allocator/cache effects.
[gpu-debug] cuda mem before warmup: alloc=96.15 MiB reserved=110.00 MiB
[gpu-debug] cuda mem after warmup : alloc=96.15 MiB reserved=110.00 MiB
[gpu-debug] cuda mem peak (this segment): max_alloc=96.17 MiB max_reserved=110.00 MiB
========================================================================================
[gpu-debug] segment_key=npu|decode|36|ff6dcf33668f3ebc9cf61e7eb43c6a84
[gpu-debug] sig: device_type=npu phase=decode step=36 (count_hint=32)
[gpu-debug] ops_repr: LN:-1,Add:-1,LN:-1,FFN_W3:0,FFN_W3:1,SwiGLU:0,SwiGLU:1,Add:-1
[gpu-debug] cfg: device=cuda dtype=torch.bfloat16 dim=4096 ffn_dim=11008 n_heads=32 shards=2
[gpu-debug] op plan (with inferred tensor shapes):
  - op#00  op=LN       shard=-1  x=[1x4096] + w=[4096]  ->  y=[1x4096]  (T=1, K=548)
  - op#01  op=Add      shard=-1  a=[1x4096] + b=[1x4096]  ->  y=[1x4096]  (T=1, K=548)
  - op#02  op=LN       shard=-1  x=[1x4096] + w=[4096]  ->  y=[1x4096]  (T=1, K=548)
  - op#03  op=FFN_W3   shard=0   x=[1x4096] + w=[5504x4096]  ->  y=[1x5504]  (T=1, K=548)
  - op#04  op=FFN_W3   shard=1   x=[1x4096] + w=[5504x4096]  ->  y=[1x5504]  (T=1, K=548)
  - op#05  op=SwiGLU   shard=0   a=[1x5504] + b=[1x5504]  ->  y=[1x5504]  (T=1, K=548)
  - op#06  op=SwiGLU   shard=1   a=[1x5504] + b=[1x5504]  ->  y=[1x5504]  (T=1, K=548)
  - op#07  op=Add      shard=-1  a=[1x4096] + b=[1x4096]  ->  y=[1x4096]  (T=1, K=548)
[gpu-debug] per-op timing breakdown (avg over iters):
  idx  op       sh  io                                                    time   est_flops    TFLOPs       bytes      GB/s
  ------------------------------------------------------------------------------------------------------------------------
    0  LN       -1  x[1x4096]+w[4096]->y[1x4096]                        0.065ms    20.480 K      0.00   24.00 KiB      0.38
    1  Add      -1  a[1x4096]+b[1x4096]->y[1x4096]                      0.016ms     4.096 K      0.00   24.00 KiB      1.51
    2  LN       -1  x[1x4096]+w[4096]->y[1x4096]                        0.056ms    20.480 K      0.00   24.00 KiB      0.44
    3  FFN_W3    0  x[1x4096]+w[5504x4096]->y[1x5504]                   0.064ms    45.089 M      0.70   43.02 MiB    704.81
    4  FFN_W3    1  x[1x4096]+w[5504x4096]->y[1x5504]                   0.048ms    45.089 M      0.94   43.02 MiB    943.27
    5  SwiGLU    0  a[1x5504]+b[1x5504]->y[1x5504]                      0.015ms    33.024 K      0.00   32.25 KiB      2.14
    6  SwiGLU    1  a[1x5504]+b[1x5504]->y[1x5504]                      0.015ms    33.024 K      0.00   32.25 KiB      2.16
    7  Add      -1  a[1x4096]+b[1x4096]->y[1x4096]                      0.009ms     4.096 K      0.00   24.00 KiB      2.64
[gpu-debug] segment avg latency (cuda_events): 0.200 ms
[gpu-debug] sum(per-op)               : 0.290 ms (ratio=1.452)
[gpu-debug] NOTE: sum(per-op) may differ from segment latency due to Python overhead, event/launch overhead, and allocator/cache effects.
[gpu-debug] cuda mem before warmup: alloc=96.15 MiB reserved=110.00 MiB
[gpu-debug] cuda mem after warmup : alloc=96.15 MiB reserved=110.00 MiB
[gpu-debug] cuda mem peak (this segment): max_alloc=96.17 MiB max_reserved=110.00 MiB
========================================================================================
[gpu-debug] segment_key=npu|decode|37|ff6dcf33668f3ebc9cf61e7eb43c6a84
[gpu-debug] sig: device_type=npu phase=decode step=37 (count_hint=32)
[gpu-debug] ops_repr: LN:-1,Add:-1,LN:-1,FFN_W3:0,FFN_W3:1,SwiGLU:0,SwiGLU:1,Add:-1
[gpu-debug] cfg: device=cuda dtype=torch.bfloat16 dim=4096 ffn_dim=11008 n_heads=32 shards=2
[gpu-debug] op plan (with inferred tensor shapes):
  - op#00  op=LN       shard=-1  x=[1x4096] + w=[4096]  ->  y=[1x4096]  (T=1, K=560)
  - op#01  op=Add      shard=-1  a=[1x4096] + b=[1x4096]  ->  y=[1x4096]  (T=1, K=560)
  - op#02  op=LN       shard=-1  x=[1x4096] + w=[4096]  ->  y=[1x4096]  (T=1, K=560)
  - op#03  op=FFN_W3   shard=0   x=[1x4096] + w=[5504x4096]  ->  y=[1x5504]  (T=1, K=560)
  - op#04  op=FFN_W3   shard=1   x=[1x4096] + w=[5504x4096]  ->  y=[1x5504]  (T=1, K=560)
  - op#05  op=SwiGLU   shard=0   a=[1x5504] + b=[1x5504]  ->  y=[1x5504]  (T=1, K=560)
  - op#06  op=SwiGLU   shard=1   a=[1x5504] + b=[1x5504]  ->  y=[1x5504]  (T=1, K=560)
  - op#07  op=Add      shard=-1  a=[1x4096] + b=[1x4096]  ->  y=[1x4096]  (T=1, K=560)
[gpu-debug] per-op timing breakdown (avg over iters):
  idx  op       sh  io                                                    time   est_flops    TFLOPs       bytes      GB/s
  ------------------------------------------------------------------------------------------------------------------------
    0  LN       -1  x[1x4096]+w[4096]->y[1x4096]                        0.065ms    20.480 K      0.00   24.00 KiB      0.38
    1  Add      -1  a[1x4096]+b[1x4096]->y[1x4096]                      0.016ms     4.096 K      0.00   24.00 KiB      1.54
    2  LN       -1  x[1x4096]+w[4096]->y[1x4096]                        0.057ms    20.480 K      0.00   24.00 KiB      0.43
    3  FFN_W3    0  x[1x4096]+w[5504x4096]->y[1x5504]                   0.064ms    45.089 M      0.70   43.02 MiB    703.69
    4  FFN_W3    1  x[1x4096]+w[5504x4096]->y[1x5504]                   0.048ms    45.089 M      0.94   43.02 MiB    945.30
    5  SwiGLU    0  a[1x5504]+b[1x5504]->y[1x5504]                      0.016ms    33.024 K      0.00   32.25 KiB      2.09
    6  SwiGLU    1  a[1x5504]+b[1x5504]->y[1x5504]                      0.015ms    33.024 K      0.00   32.25 KiB      2.16
    7  Add      -1  a[1x4096]+b[1x4096]->y[1x4096]                      0.009ms     4.096 K      0.00   24.00 KiB      2.67
[gpu-debug] segment avg latency (cuda_events): 0.199 ms
[gpu-debug] sum(per-op)               : 0.290 ms (ratio=1.455)
[gpu-debug] NOTE: sum(per-op) may differ from segment latency due to Python overhead, event/launch overhead, and allocator/cache effects.
[gpu-debug] cuda mem before warmup: alloc=96.15 MiB reserved=110.00 MiB
[gpu-debug] cuda mem after warmup : alloc=96.15 MiB reserved=110.00 MiB
[gpu-debug] cuda mem peak (this segment): max_alloc=96.17 MiB max_reserved=110.00 MiB
  progress 40/110
========================================================================================
[gpu-debug] segment_key=npu|decode|38|ff6dcf33668f3ebc9cf61e7eb43c6a84
[gpu-debug] sig: device_type=npu phase=decode step=38 (count_hint=32)
[gpu-debug] ops_repr: LN:-1,Add:-1,LN:-1,FFN_W3:0,FFN_W3:1,SwiGLU:0,SwiGLU:1,Add:-1
[gpu-debug] cfg: device=cuda dtype=torch.bfloat16 dim=4096 ffn_dim=11008 n_heads=32 shards=2
[gpu-debug] op plan (with inferred tensor shapes):
  - op#00  op=LN       shard=-1  x=[1x4096] + w=[4096]  ->  y=[1x4096]  (T=1, K=572)
  - op#01  op=Add      shard=-1  a=[1x4096] + b=[1x4096]  ->  y=[1x4096]  (T=1, K=572)
  - op#02  op=LN       shard=-1  x=[1x4096] + w=[4096]  ->  y=[1x4096]  (T=1, K=572)
  - op#03  op=FFN_W3   shard=0   x=[1x4096] + w=[5504x4096]  ->  y=[1x5504]  (T=1, K=572)
  - op#04  op=FFN_W3   shard=1   x=[1x4096] + w=[5504x4096]  ->  y=[1x5504]  (T=1, K=572)
  - op#05  op=SwiGLU   shard=0   a=[1x5504] + b=[1x5504]  ->  y=[1x5504]  (T=1, K=572)
  - op#06  op=SwiGLU   shard=1   a=[1x5504] + b=[1x5504]  ->  y=[1x5504]  (T=1, K=572)
  - op#07  op=Add      shard=-1  a=[1x4096] + b=[1x4096]  ->  y=[1x4096]  (T=1, K=572)
[gpu-debug] per-op timing breakdown (avg over iters):
  idx  op       sh  io                                                    time   est_flops    TFLOPs       bytes      GB/s
  ------------------------------------------------------------------------------------------------------------------------
    0  LN       -1  x[1x4096]+w[4096]->y[1x4096]                        0.065ms    20.480 K      0.00   24.00 KiB      0.38
    1  Add      -1  a[1x4096]+b[1x4096]->y[1x4096]                      0.016ms     4.096 K      0.00   24.00 KiB      1.54
    2  LN       -1  x[1x4096]+w[4096]->y[1x4096]                        0.057ms    20.480 K      0.00   24.00 KiB      0.43
    3  FFN_W3    0  x[1x4096]+w[5504x4096]->y[1x5504]                   0.064ms    45.089 M      0.71   43.02 MiB    709.35
    4  FFN_W3    1  x[1x4096]+w[5504x4096]->y[1x5504]                   0.048ms    45.089 M      0.94   43.02 MiB    941.26
    5  SwiGLU    0  a[1x5504]+b[1x5504]->y[1x5504]                      0.016ms    33.024 K      0.00   32.25 KiB      2.09
    6  SwiGLU    1  a[1x5504]+b[1x5504]->y[1x5504]                      0.015ms    33.024 K      0.00   32.25 KiB      2.19
    7  Add      -1  a[1x4096]+b[1x4096]->y[1x4096]                      0.010ms     4.096 K      0.00   24.00 KiB      2.58
[gpu-debug] segment avg latency (cuda_events): 0.200 ms
[gpu-debug] sum(per-op)               : 0.290 ms (ratio=1.451)
[gpu-debug] NOTE: sum(per-op) may differ from segment latency due to Python overhead, event/launch overhead, and allocator/cache effects.
[gpu-debug] cuda mem before warmup: alloc=96.15 MiB reserved=110.00 MiB
[gpu-debug] cuda mem after warmup : alloc=96.15 MiB reserved=110.00 MiB
[gpu-debug] cuda mem peak (this segment): max_alloc=96.17 MiB max_reserved=110.00 MiB
========================================================================================
[gpu-debug] segment_key=npu|decode|39|ff6dcf33668f3ebc9cf61e7eb43c6a84
[gpu-debug] sig: device_type=npu phase=decode step=39 (count_hint=32)
[gpu-debug] ops_repr: LN:-1,Add:-1,LN:-1,FFN_W3:0,FFN_W3:1,SwiGLU:0,SwiGLU:1,Add:-1
[gpu-debug] cfg: device=cuda dtype=torch.bfloat16 dim=4096 ffn_dim=11008 n_heads=32 shards=2
[gpu-debug] op plan (with inferred tensor shapes):
  - op#00  op=LN       shard=-1  x=[1x4096] + w=[4096]  ->  y=[1x4096]  (T=1, K=584)
  - op#01  op=Add      shard=-1  a=[1x4096] + b=[1x4096]  ->  y=[1x4096]  (T=1, K=584)
  - op#02  op=LN       shard=-1  x=[1x4096] + w=[4096]  ->  y=[1x4096]  (T=1, K=584)
  - op#03  op=FFN_W3   shard=0   x=[1x4096] + w=[5504x4096]  ->  y=[1x5504]  (T=1, K=584)
  - op#04  op=FFN_W3   shard=1   x=[1x4096] + w=[5504x4096]  ->  y=[1x5504]  (T=1, K=584)
  - op#05  op=SwiGLU   shard=0   a=[1x5504] + b=[1x5504]  ->  y=[1x5504]  (T=1, K=584)
  - op#06  op=SwiGLU   shard=1   a=[1x5504] + b=[1x5504]  ->  y=[1x5504]  (T=1, K=584)
  - op#07  op=Add      shard=-1  a=[1x4096] + b=[1x4096]  ->  y=[1x4096]  (T=1, K=584)
[gpu-debug] per-op timing breakdown (avg over iters):
  idx  op       sh  io                                                    time   est_flops    TFLOPs       bytes      GB/s
  ------------------------------------------------------------------------------------------------------------------------
    0  LN       -1  x[1x4096]+w[4096]->y[1x4096]                        0.065ms    20.480 K      0.00   24.00 KiB      0.38
    1  Add      -1  a[1x4096]+b[1x4096]->y[1x4096]                      0.016ms     4.096 K      0.00   24.00 KiB      1.52
    2  LN       -1  x[1x4096]+w[4096]->y[1x4096]                        0.056ms    20.480 K      0.00   24.00 KiB      0.44
    3  FFN_W3    0  x[1x4096]+w[5504x4096]->y[1x5504]                   0.063ms    45.089 M      0.71   43.02 MiB    710.50
    4  FFN_W3    1  x[1x4096]+w[5504x4096]->y[1x5504]                   0.047ms    45.089 M      0.97   43.02 MiB    966.03
    5  SwiGLU    0  a[1x5504]+b[1x5504]->y[1x5504]                      0.015ms    33.024 K      0.00   32.25 KiB      2.21
    6  SwiGLU    1  a[1x5504]+b[1x5504]->y[1x5504]                      0.014ms    33.024 K      0.00   32.25 KiB      2.35
    7  Add      -1  a[1x4096]+b[1x4096]->y[1x4096]                      0.010ms     4.096 K      0.00   24.00 KiB      2.47
[gpu-debug] segment avg latency (cuda_events): 0.204 ms
[gpu-debug] sum(per-op)               : 0.287 ms (ratio=1.410)
[gpu-debug] NOTE: sum(per-op) may differ from segment latency due to Python overhead, event/launch overhead, and allocator/cache effects.
[gpu-debug] cuda mem before warmup: alloc=96.15 MiB reserved=110.00 MiB
[gpu-debug] cuda mem after warmup : alloc=96.15 MiB reserved=110.00 MiB
[gpu-debug] cuda mem peak (this segment): max_alloc=96.17 MiB max_reserved=110.00 MiB
========================================================================================
[gpu-debug] segment_key=npu|decode|3|ff6dcf33668f3ebc9cf61e7eb43c6a84
[gpu-debug] sig: device_type=npu phase=decode step=3 (count_hint=32)
[gpu-debug] ops_repr: LN:-1,Add:-1,LN:-1,FFN_W3:0,FFN_W3:1,SwiGLU:0,SwiGLU:1,Add:-1
[gpu-debug] cfg: device=cuda dtype=torch.bfloat16 dim=4096 ffn_dim=11008 n_heads=32 shards=2
[gpu-debug] op plan (with inferred tensor shapes):
  - op#00  op=LN       shard=-1  x=[1x4096] + w=[4096]  ->  y=[1x4096]  (T=1, K=152)
  - op#01  op=Add      shard=-1  a=[1x4096] + b=[1x4096]  ->  y=[1x4096]  (T=1, K=152)
  - op#02  op=LN       shard=-1  x=[1x4096] + w=[4096]  ->  y=[1x4096]  (T=1, K=152)
  - op#03  op=FFN_W3   shard=0   x=[1x4096] + w=[5504x4096]  ->  y=[1x5504]  (T=1, K=152)
  - op#04  op=FFN_W3   shard=1   x=[1x4096] + w=[5504x4096]  ->  y=[1x5504]  (T=1, K=152)
  - op#05  op=SwiGLU   shard=0   a=[1x5504] + b=[1x5504]  ->  y=[1x5504]  (T=1, K=152)
  - op#06  op=SwiGLU   shard=1   a=[1x5504] + b=[1x5504]  ->  y=[1x5504]  (T=1, K=152)
  - op#07  op=Add      shard=-1  a=[1x4096] + b=[1x4096]  ->  y=[1x4096]  (T=1, K=152)
[gpu-debug] per-op timing breakdown (avg over iters):
  idx  op       sh  io                                                    time   est_flops    TFLOPs       bytes      GB/s
  ------------------------------------------------------------------------------------------------------------------------
    0  LN       -1  x[1x4096]+w[4096]->y[1x4096]                        0.065ms    20.480 K      0.00   24.00 KiB      0.38
    1  Add      -1  a[1x4096]+b[1x4096]->y[1x4096]                      0.015ms     4.096 K      0.00   24.00 KiB      1.59
    2  LN       -1  x[1x4096]+w[4096]->y[1x4096]                        0.056ms    20.480 K      0.00   24.00 KiB      0.44
    3  FFN_W3    0  x[1x4096]+w[5504x4096]->y[1x5504]                   0.058ms    45.089 M      0.78   43.02 MiB    782.43
    4  FFN_W3    1  x[1x4096]+w[5504x4096]->y[1x5504]                   0.041ms    45.089 M      1.11   43.02 MiB   1109.59
    5  SwiGLU    0  a[1x5504]+b[1x5504]->y[1x5504]                      0.009ms    33.024 K      0.00   32.25 KiB      3.54
    6  SwiGLU    1  a[1x5504]+b[1x5504]->y[1x5504]                      0.011ms    33.024 K      0.00   32.25 KiB      2.88
    7  Add      -1  a[1x4096]+b[1x4096]->y[1x4096]                      0.016ms     4.096 K      0.00   24.00 KiB      1.53
[gpu-debug] segment avg latency (cuda_events): 0.177 ms
[gpu-debug] sum(per-op)               : 0.272 ms (ratio=1.537)
[gpu-debug] NOTE: sum(per-op) may differ from segment latency due to Python overhead, event/launch overhead, and allocator/cache effects.
[gpu-debug] cuda mem before warmup: alloc=96.15 MiB reserved=110.00 MiB
[gpu-debug] cuda mem after warmup : alloc=96.15 MiB reserved=110.00 MiB
[gpu-debug] cuda mem peak (this segment): max_alloc=96.17 MiB max_reserved=110.00 MiB
========================================================================================
[gpu-debug] segment_key=npu|decode|40|ff6dcf33668f3ebc9cf61e7eb43c6a84
[gpu-debug] sig: device_type=npu phase=decode step=40 (count_hint=32)
[gpu-debug] ops_repr: LN:-1,Add:-1,LN:-1,FFN_W3:0,FFN_W3:1,SwiGLU:0,SwiGLU:1,Add:-1
[gpu-debug] cfg: device=cuda dtype=torch.bfloat16 dim=4096 ffn_dim=11008 n_heads=32 shards=2
[gpu-debug] op plan (with inferred tensor shapes):
  - op#00  op=LN       shard=-1  x=[1x4096] + w=[4096]  ->  y=[1x4096]  (T=1, K=596)
  - op#01  op=Add      shard=-1  a=[1x4096] + b=[1x4096]  ->  y=[1x4096]  (T=1, K=596)
  - op#02  op=LN       shard=-1  x=[1x4096] + w=[4096]  ->  y=[1x4096]  (T=1, K=596)
  - op#03  op=FFN_W3   shard=0   x=[1x4096] + w=[5504x4096]  ->  y=[1x5504]  (T=1, K=596)
  - op#04  op=FFN_W3   shard=1   x=[1x4096] + w=[5504x4096]  ->  y=[1x5504]  (T=1, K=596)
  - op#05  op=SwiGLU   shard=0   a=[1x5504] + b=[1x5504]  ->  y=[1x5504]  (T=1, K=596)
  - op#06  op=SwiGLU   shard=1   a=[1x5504] + b=[1x5504]  ->  y=[1x5504]  (T=1, K=596)
  - op#07  op=Add      shard=-1  a=[1x4096] + b=[1x4096]  ->  y=[1x4096]  (T=1, K=596)
[gpu-debug] per-op timing breakdown (avg over iters):
  idx  op       sh  io                                                    time   est_flops    TFLOPs       bytes      GB/s
  ------------------------------------------------------------------------------------------------------------------------
    0  LN       -1  x[1x4096]+w[4096]->y[1x4096]                        0.064ms    20.480 K      0.00   24.00 KiB      0.38
    1  Add      -1  a[1x4096]+b[1x4096]->y[1x4096]                      0.016ms     4.096 K      0.00   24.00 KiB      1.54
    2  LN       -1  x[1x4096]+w[4096]->y[1x4096]                        0.056ms    20.480 K      0.00   24.00 KiB      0.44
    3  FFN_W3    0  x[1x4096]+w[5504x4096]->y[1x5504]                   0.058ms    45.089 M      0.78   43.02 MiB    776.91
    4  FFN_W3    1  x[1x4096]+w[5504x4096]->y[1x5504]                   0.040ms    45.089 M      1.11   43.02 MiB   1115.21
    5  SwiGLU    0  a[1x5504]+b[1x5504]->y[1x5504]                      0.010ms    33.024 K      0.00   32.25 KiB      3.47
    6  SwiGLU    1  a[1x5504]+b[1x5504]->y[1x5504]                      0.011ms    33.024 K      0.00   32.25 KiB      3.04
    7  Add      -1  a[1x4096]+b[1x4096]->y[1x4096]                      0.016ms     4.096 K      0.00   24.00 KiB      1.57
[gpu-debug] segment avg latency (cuda_events): 0.177 ms
[gpu-debug] sum(per-op)               : 0.271 ms (ratio=1.530)
[gpu-debug] NOTE: sum(per-op) may differ from segment latency due to Python overhead, event/launch overhead, and allocator/cache effects.
[gpu-debug] cuda mem before warmup: alloc=96.15 MiB reserved=110.00 MiB
[gpu-debug] cuda mem after warmup : alloc=96.15 MiB reserved=110.00 MiB
[gpu-debug] cuda mem peak (this segment): max_alloc=96.17 MiB max_reserved=110.00 MiB
========================================================================================
[gpu-debug] segment_key=npu|decode|41|ff6dcf33668f3ebc9cf61e7eb43c6a84
[gpu-debug] sig: device_type=npu phase=decode step=41 (count_hint=32)
[gpu-debug] ops_repr: LN:-1,Add:-1,LN:-1,FFN_W3:0,FFN_W3:1,SwiGLU:0,SwiGLU:1,Add:-1
[gpu-debug] cfg: device=cuda dtype=torch.bfloat16 dim=4096 ffn_dim=11008 n_heads=32 shards=2
[gpu-debug] op plan (with inferred tensor shapes):
  - op#00  op=LN       shard=-1  x=[1x4096] + w=[4096]  ->  y=[1x4096]  (T=1, K=608)
  - op#01  op=Add      shard=-1  a=[1x4096] + b=[1x4096]  ->  y=[1x4096]  (T=1, K=608)
  - op#02  op=LN       shard=-1  x=[1x4096] + w=[4096]  ->  y=[1x4096]  (T=1, K=608)
  - op#03  op=FFN_W3   shard=0   x=[1x4096] + w=[5504x4096]  ->  y=[1x5504]  (T=1, K=608)
  - op#04  op=FFN_W3   shard=1   x=[1x4096] + w=[5504x4096]  ->  y=[1x5504]  (T=1, K=608)
  - op#05  op=SwiGLU   shard=0   a=[1x5504] + b=[1x5504]  ->  y=[1x5504]  (T=1, K=608)
  - op#06  op=SwiGLU   shard=1   a=[1x5504] + b=[1x5504]  ->  y=[1x5504]  (T=1, K=608)
  - op#07  op=Add      shard=-1  a=[1x4096] + b=[1x4096]  ->  y=[1x4096]  (T=1, K=608)
[gpu-debug] per-op timing breakdown (avg over iters):
  idx  op       sh  io                                                    time   est_flops    TFLOPs       bytes      GB/s
  ------------------------------------------------------------------------------------------------------------------------
    0  LN       -1  x[1x4096]+w[4096]->y[1x4096]                        0.065ms    20.480 K      0.00   24.00 KiB      0.38
    1  Add      -1  a[1x4096]+b[1x4096]->y[1x4096]                      0.016ms     4.096 K      0.00   24.00 KiB      1.53
    2  LN       -1  x[1x4096]+w[4096]->y[1x4096]                        0.056ms    20.480 K      0.00   24.00 KiB      0.44
    3  FFN_W3    0  x[1x4096]+w[5504x4096]->y[1x5504]                   0.058ms    45.089 M      0.78   43.02 MiB    783.82
    4  FFN_W3    1  x[1x4096]+w[5504x4096]->y[1x5504]                   0.041ms    45.089 M      1.11   43.02 MiB   1112.39
    5  SwiGLU    0  a[1x5504]+b[1x5504]->y[1x5504]                      0.010ms    33.024 K      0.00   32.25 KiB      3.47
    6  SwiGLU    1  a[1x5504]+b[1x5504]->y[1x5504]                      0.010ms    33.024 K      0.00   32.25 KiB      3.29
    7  Add      -1  a[1x4096]+b[1x4096]->y[1x4096]                      0.016ms     4.096 K      0.00   24.00 KiB      1.54
[gpu-debug] segment avg latency (cuda_events): 0.176 ms
[gpu-debug] sum(per-op)               : 0.271 ms (ratio=1.536)
[gpu-debug] NOTE: sum(per-op) may differ from segment latency due to Python overhead, event/launch overhead, and allocator/cache effects.
[gpu-debug] cuda mem before warmup: alloc=96.15 MiB reserved=110.00 MiB
[gpu-debug] cuda mem after warmup : alloc=96.15 MiB reserved=110.00 MiB
[gpu-debug] cuda mem peak (this segment): max_alloc=96.17 MiB max_reserved=110.00 MiB
========================================================================================
[gpu-debug] segment_key=npu|decode|42|ff6dcf33668f3ebc9cf61e7eb43c6a84
[gpu-debug] sig: device_type=npu phase=decode step=42 (count_hint=32)
[gpu-debug] ops_repr: LN:-1,Add:-1,LN:-1,FFN_W3:0,FFN_W3:1,SwiGLU:0,SwiGLU:1,Add:-1
[gpu-debug] cfg: device=cuda dtype=torch.bfloat16 dim=4096 ffn_dim=11008 n_heads=32 shards=2
[gpu-debug] op plan (with inferred tensor shapes):
  - op#00  op=LN       shard=-1  x=[1x4096] + w=[4096]  ->  y=[1x4096]  (T=1, K=620)
  - op#01  op=Add      shard=-1  a=[1x4096] + b=[1x4096]  ->  y=[1x4096]  (T=1, K=620)
  - op#02  op=LN       shard=-1  x=[1x4096] + w=[4096]  ->  y=[1x4096]  (T=1, K=620)
  - op#03  op=FFN_W3   shard=0   x=[1x4096] + w=[5504x4096]  ->  y=[1x5504]  (T=1, K=620)
  - op#04  op=FFN_W3   shard=1   x=[1x4096] + w=[5504x4096]  ->  y=[1x5504]  (T=1, K=620)
  - op#05  op=SwiGLU   shard=0   a=[1x5504] + b=[1x5504]  ->  y=[1x5504]  (T=1, K=620)
  - op#06  op=SwiGLU   shard=1   a=[1x5504] + b=[1x5504]  ->  y=[1x5504]  (T=1, K=620)
  - op#07  op=Add      shard=-1  a=[1x4096] + b=[1x4096]  ->  y=[1x4096]  (T=1, K=620)
[gpu-debug] per-op timing breakdown (avg over iters):
  idx  op       sh  io                                                    time   est_flops    TFLOPs       bytes      GB/s
  ------------------------------------------------------------------------------------------------------------------------
    0  LN       -1  x[1x4096]+w[4096]->y[1x4096]                        0.064ms    20.480 K      0.00   24.00 KiB      0.38
    1  Add      -1  a[1x4096]+b[1x4096]->y[1x4096]                      0.017ms     4.096 K      0.00   24.00 KiB      1.45
    2  LN       -1  x[1x4096]+w[4096]->y[1x4096]                        0.057ms    20.480 K      0.00   24.00 KiB      0.43
    3  FFN_W3    0  x[1x4096]+w[5504x4096]->y[1x5504]                   0.058ms    45.089 M      0.78   43.02 MiB    781.04
    4  FFN_W3    1  x[1x4096]+w[5504x4096]->y[1x5504]                   0.040ms    45.089 M      1.12   43.02 MiB   1120.88
    5  SwiGLU    0  a[1x5504]+b[1x5504]->y[1x5504]                      0.009ms    33.024 K      0.00   32.25 KiB      3.58
    6  SwiGLU    1  a[1x5504]+b[1x5504]->y[1x5504]                      0.010ms    33.024 K      0.00   32.25 KiB      3.29
    7  Add      -1  a[1x4096]+b[1x4096]->y[1x4096]                      0.016ms     4.096 K      0.00   24.00 KiB      1.56
[gpu-debug] segment avg latency (cuda_events): 0.176 ms
[gpu-debug] sum(per-op)               : 0.271 ms (ratio=1.541)
[gpu-debug] NOTE: sum(per-op) may differ from segment latency due to Python overhead, event/launch overhead, and allocator/cache effects.
[gpu-debug] cuda mem before warmup: alloc=96.15 MiB reserved=110.00 MiB
[gpu-debug] cuda mem after warmup : alloc=96.15 MiB reserved=110.00 MiB
[gpu-debug] cuda mem peak (this segment): max_alloc=96.17 MiB max_reserved=110.00 MiB
========================================================================================
[gpu-debug] segment_key=npu|decode|43|ff6dcf33668f3ebc9cf61e7eb43c6a84
[gpu-debug] sig: device_type=npu phase=decode step=43 (count_hint=32)
[gpu-debug] ops_repr: LN:-1,Add:-1,LN:-1,FFN_W3:0,FFN_W3:1,SwiGLU:0,SwiGLU:1,Add:-1
[gpu-debug] cfg: device=cuda dtype=torch.bfloat16 dim=4096 ffn_dim=11008 n_heads=32 shards=2
[gpu-debug] op plan (with inferred tensor shapes):
  - op#00  op=LN       shard=-1  x=[1x4096] + w=[4096]  ->  y=[1x4096]  (T=1, K=632)
  - op#01  op=Add      shard=-1  a=[1x4096] + b=[1x4096]  ->  y=[1x4096]  (T=1, K=632)
  - op#02  op=LN       shard=-1  x=[1x4096] + w=[4096]  ->  y=[1x4096]  (T=1, K=632)
  - op#03  op=FFN_W3   shard=0   x=[1x4096] + w=[5504x4096]  ->  y=[1x5504]  (T=1, K=632)
  - op#04  op=FFN_W3   shard=1   x=[1x4096] + w=[5504x4096]  ->  y=[1x5504]  (T=1, K=632)
  - op#05  op=SwiGLU   shard=0   a=[1x5504] + b=[1x5504]  ->  y=[1x5504]  (T=1, K=632)
  - op#06  op=SwiGLU   shard=1   a=[1x5504] + b=[1x5504]  ->  y=[1x5504]  (T=1, K=632)
  - op#07  op=Add      shard=-1  a=[1x4096] + b=[1x4096]  ->  y=[1x4096]  (T=1, K=632)
[gpu-debug] per-op timing breakdown (avg over iters):
  idx  op       sh  io                                                    time   est_flops    TFLOPs       bytes      GB/s
  ------------------------------------------------------------------------------------------------------------------------
    0  LN       -1  x[1x4096]+w[4096]->y[1x4096]                        0.064ms    20.480 K      0.00   24.00 KiB      0.38
    1  Add      -1  a[1x4096]+b[1x4096]->y[1x4096]                      0.017ms     4.096 K      0.00   24.00 KiB      1.41
    2  LN       -1  x[1x4096]+w[4096]->y[1x4096]                        0.056ms    20.480 K      0.00   24.00 KiB      0.44
    3  FFN_W3    0  x[1x4096]+w[5504x4096]->y[1x5504]                   0.058ms    45.089 M      0.78   43.02 MiB    776.91
    4  FFN_W3    1  x[1x4096]+w[5504x4096]->y[1x5504]                   0.040ms    45.089 M      1.12   43.02 MiB   1118.04
    5  SwiGLU    0  a[1x5504]+b[1x5504]->y[1x5504]                      0.009ms    33.024 K      0.00   32.25 KiB      3.54
    6  SwiGLU    1  a[1x5504]+b[1x5504]->y[1x5504]                      0.010ms    33.024 K      0.00   32.25 KiB      3.47
    7  Add      -1  a[1x4096]+b[1x4096]->y[1x4096]                      0.016ms     4.096 K      0.00   24.00 KiB      1.56
[gpu-debug] segment avg latency (cuda_events): 0.177 ms
[gpu-debug] sum(per-op)               : 0.270 ms (ratio=1.531)
[gpu-debug] NOTE: sum(per-op) may differ from segment latency due to Python overhead, event/launch overhead, and allocator/cache effects.
[gpu-debug] cuda mem before warmup: alloc=96.15 MiB reserved=110.00 MiB
[gpu-debug] cuda mem after warmup : alloc=96.15 MiB reserved=110.00 MiB
[gpu-debug] cuda mem peak (this segment): max_alloc=96.17 MiB max_reserved=110.00 MiB
========================================================================================
[gpu-debug] segment_key=npu|decode|44|ff6dcf33668f3ebc9cf61e7eb43c6a84
[gpu-debug] sig: device_type=npu phase=decode step=44 (count_hint=32)
[gpu-debug] ops_repr: LN:-1,Add:-1,LN:-1,FFN_W3:0,FFN_W3:1,SwiGLU:0,SwiGLU:1,Add:-1
[gpu-debug] cfg: device=cuda dtype=torch.bfloat16 dim=4096 ffn_dim=11008 n_heads=32 shards=2
[gpu-debug] op plan (with inferred tensor shapes):
  - op#00  op=LN       shard=-1  x=[1x4096] + w=[4096]  ->  y=[1x4096]  (T=1, K=644)
  - op#01  op=Add      shard=-1  a=[1x4096] + b=[1x4096]  ->  y=[1x4096]  (T=1, K=644)
  - op#02  op=LN       shard=-1  x=[1x4096] + w=[4096]  ->  y=[1x4096]  (T=1, K=644)
  - op#03  op=FFN_W3   shard=0   x=[1x4096] + w=[5504x4096]  ->  y=[1x5504]  (T=1, K=644)
  - op#04  op=FFN_W3   shard=1   x=[1x4096] + w=[5504x4096]  ->  y=[1x5504]  (T=1, K=644)
  - op#05  op=SwiGLU   shard=0   a=[1x5504] + b=[1x5504]  ->  y=[1x5504]  (T=1, K=644)
  - op#06  op=SwiGLU   shard=1   a=[1x5504] + b=[1x5504]  ->  y=[1x5504]  (T=1, K=644)
  - op#07  op=Add      shard=-1  a=[1x4096] + b=[1x4096]  ->  y=[1x4096]  (T=1, K=644)
[gpu-debug] per-op timing breakdown (avg over iters):
  idx  op       sh  io                                                    time   est_flops    TFLOPs       bytes      GB/s
  ------------------------------------------------------------------------------------------------------------------------
    0  LN       -1  x[1x4096]+w[4096]->y[1x4096]                        0.064ms    20.480 K      0.00   24.00 KiB      0.38
    1  Add      -1  a[1x4096]+b[1x4096]->y[1x4096]                      0.016ms     4.096 K      0.00   24.00 KiB      1.54
    2  LN       -1  x[1x4096]+w[4096]->y[1x4096]                        0.056ms    20.480 K      0.00   24.00 KiB      0.44
    3  FFN_W3    0  x[1x4096]+w[5504x4096]->y[1x5504]                   0.059ms    45.089 M      0.77   43.02 MiB    768.77
    4  FFN_W3    1  x[1x4096]+w[5504x4096]->y[1x5504]                   0.041ms    45.089 M      1.10   43.02 MiB   1104.03
    5  SwiGLU    0  a[1x5504]+b[1x5504]->y[1x5504]                      0.010ms    33.024 K      0.00   32.25 KiB      3.47
    6  SwiGLU    1  a[1x5504]+b[1x5504]->y[1x5504]                      0.010ms    33.024 K      0.00   32.25 KiB      3.19
    7  Add      -1  a[1x4096]+b[1x4096]->y[1x4096]                      0.015ms     4.096 K      0.00   24.00 KiB      1.61
[gpu-debug] segment avg latency (cuda_events): 0.175 ms
[gpu-debug] sum(per-op)               : 0.271 ms (ratio=1.548)
[gpu-debug] NOTE: sum(per-op) may differ from segment latency due to Python overhead, event/launch overhead, and allocator/cache effects.
[gpu-debug] cuda mem before warmup: alloc=96.15 MiB reserved=110.00 MiB
[gpu-debug] cuda mem after warmup : alloc=96.15 MiB reserved=110.00 MiB
[gpu-debug] cuda mem peak (this segment): max_alloc=96.17 MiB max_reserved=110.00 MiB
========================================================================================
[gpu-debug] segment_key=npu|decode|45|ff6dcf33668f3ebc9cf61e7eb43c6a84
[gpu-debug] sig: device_type=npu phase=decode step=45 (count_hint=32)
[gpu-debug] ops_repr: LN:-1,Add:-1,LN:-1,FFN_W3:0,FFN_W3:1,SwiGLU:0,SwiGLU:1,Add:-1
[gpu-debug] cfg: device=cuda dtype=torch.bfloat16 dim=4096 ffn_dim=11008 n_heads=32 shards=2
[gpu-debug] op plan (with inferred tensor shapes):
  - op#00  op=LN       shard=-1  x=[1x4096] + w=[4096]  ->  y=[1x4096]  (T=1, K=656)
  - op#01  op=Add      shard=-1  a=[1x4096] + b=[1x4096]  ->  y=[1x4096]  (T=1, K=656)
  - op#02  op=LN       shard=-1  x=[1x4096] + w=[4096]  ->  y=[1x4096]  (T=1, K=656)
  - op#03  op=FFN_W3   shard=0   x=[1x4096] + w=[5504x4096]  ->  y=[1x5504]  (T=1, K=656)
  - op#04  op=FFN_W3   shard=1   x=[1x4096] + w=[5504x4096]  ->  y=[1x5504]  (T=1, K=656)
  - op#05  op=SwiGLU   shard=0   a=[1x5504] + b=[1x5504]  ->  y=[1x5504]  (T=1, K=656)
  - op#06  op=SwiGLU   shard=1   a=[1x5504] + b=[1x5504]  ->  y=[1x5504]  (T=1, K=656)
  - op#07  op=Add      shard=-1  a=[1x4096] + b=[1x4096]  ->  y=[1x4096]  (T=1, K=656)
[gpu-debug] per-op timing breakdown (avg over iters):
  idx  op       sh  io                                                    time   est_flops    TFLOPs       bytes      GB/s
  ------------------------------------------------------------------------------------------------------------------------
    0  LN       -1  x[1x4096]+w[4096]->y[1x4096]                        0.065ms    20.480 K      0.00   24.00 KiB      0.38
    1  Add      -1  a[1x4096]+b[1x4096]->y[1x4096]                      0.016ms     4.096 K      0.00   24.00 KiB      1.53
    2  LN       -1  x[1x4096]+w[4096]->y[1x4096]                        0.056ms    20.480 K      0.00   24.00 KiB      0.44
    3  FFN_W3    0  x[1x4096]+w[5504x4096]->y[1x5504]                   0.058ms    45.089 M      0.78   43.02 MiB    782.43
    4  FFN_W3    1  x[1x4096]+w[5504x4096]->y[1x5504]                   0.040ms    45.089 M      1.12   43.02 MiB   1118.04
    5  SwiGLU    0  a[1x5504]+b[1x5504]->y[1x5504]                      0.010ms    33.024 K      0.00   32.25 KiB      3.43
    6  SwiGLU    1  a[1x5504]+b[1x5504]->y[1x5504]                      0.010ms    33.024 K      0.00   32.25 KiB      3.32
    7  Add      -1  a[1x4096]+b[1x4096]->y[1x4096]                      0.016ms     4.096 K      0.00   24.00 KiB      1.57
[gpu-debug] segment avg latency (cuda_events): 0.175 ms
[gpu-debug] sum(per-op)               : 0.270 ms (ratio=1.545)
[gpu-debug] NOTE: sum(per-op) may differ from segment latency due to Python overhead, event/launch overhead, and allocator/cache effects.
[gpu-debug] cuda mem before warmup: alloc=96.15 MiB reserved=110.00 MiB
[gpu-debug] cuda mem after warmup : alloc=96.15 MiB reserved=110.00 MiB
[gpu-debug] cuda mem peak (this segment): max_alloc=96.17 MiB max_reserved=110.00 MiB
========================================================================================
[gpu-debug] segment_key=npu|decode|46|ff6dcf33668f3ebc9cf61e7eb43c6a84
[gpu-debug] sig: device_type=npu phase=decode step=46 (count_hint=32)
[gpu-debug] ops_repr: LN:-1,Add:-1,LN:-1,FFN_W3:0,FFN_W3:1,SwiGLU:0,SwiGLU:1,Add:-1
[gpu-debug] cfg: device=cuda dtype=torch.bfloat16 dim=4096 ffn_dim=11008 n_heads=32 shards=2
[gpu-debug] op plan (with inferred tensor shapes):
  - op#00  op=LN       shard=-1  x=[1x4096] + w=[4096]  ->  y=[1x4096]  (T=1, K=668)
  - op#01  op=Add      shard=-1  a=[1x4096] + b=[1x4096]  ->  y=[1x4096]  (T=1, K=668)
  - op#02  op=LN       shard=-1  x=[1x4096] + w=[4096]  ->  y=[1x4096]  (T=1, K=668)
  - op#03  op=FFN_W3   shard=0   x=[1x4096] + w=[5504x4096]  ->  y=[1x5504]  (T=1, K=668)
  - op#04  op=FFN_W3   shard=1   x=[1x4096] + w=[5504x4096]  ->  y=[1x5504]  (T=1, K=668)
  - op#05  op=SwiGLU   shard=0   a=[1x5504] + b=[1x5504]  ->  y=[1x5504]  (T=1, K=668)
  - op#06  op=SwiGLU   shard=1   a=[1x5504] + b=[1x5504]  ->  y=[1x5504]  (T=1, K=668)
  - op#07  op=Add      shard=-1  a=[1x4096] + b=[1x4096]  ->  y=[1x4096]  (T=1, K=668)
[gpu-debug] per-op timing breakdown (avg over iters):
  idx  op       sh  io                                                    time   est_flops    TFLOPs       bytes      GB/s
  ------------------------------------------------------------------------------------------------------------------------
    0  LN       -1  x[1x4096]+w[4096]->y[1x4096]                        0.066ms    20.480 K      0.00   24.00 KiB      0.38
    1  Add      -1  a[1x4096]+b[1x4096]->y[1x4096]                      0.016ms     4.096 K      0.00   24.00 KiB      1.54
    2  LN       -1  x[1x4096]+w[4096]->y[1x4096]                        0.057ms    20.480 K      0.00   24.00 KiB      0.43
    3  FFN_W3    0  x[1x4096]+w[5504x4096]->y[1x5504]                   0.058ms    45.089 M      0.78   43.02 MiB    778.28
    4  FFN_W3    1  x[1x4096]+w[5504x4096]->y[1x5504]                   0.041ms    45.089 M      1.11   43.02 MiB   1112.39
    5  SwiGLU    0  a[1x5504]+b[1x5504]->y[1x5504]                      0.010ms    33.024 K      0.00   32.25 KiB      3.43
    6  SwiGLU    1  a[1x5504]+b[1x5504]->y[1x5504]                      0.010ms    33.024 K      0.00   32.25 KiB      3.29
    7  Add      -1  a[1x4096]+b[1x4096]->y[1x4096]                      0.016ms     4.096 K      0.00   24.00 KiB      1.58
[gpu-debug] segment avg latency (cuda_events): 0.176 ms
[gpu-debug] sum(per-op)               : 0.272 ms (ratio=1.543)
[gpu-debug] NOTE: sum(per-op) may differ from segment latency due to Python overhead, event/launch overhead, and allocator/cache effects.
[gpu-debug] cuda mem before warmup: alloc=96.15 MiB reserved=110.00 MiB
[gpu-debug] cuda mem after warmup : alloc=96.15 MiB reserved=110.00 MiB
[gpu-debug] cuda mem peak (this segment): max_alloc=96.17 MiB max_reserved=110.00 MiB
========================================================================================
[gpu-debug] segment_key=npu|decode|47|ff6dcf33668f3ebc9cf61e7eb43c6a84
[gpu-debug] sig: device_type=npu phase=decode step=47 (count_hint=32)
[gpu-debug] ops_repr: LN:-1,Add:-1,LN:-1,FFN_W3:0,FFN_W3:1,SwiGLU:0,SwiGLU:1,Add:-1
[gpu-debug] cfg: device=cuda dtype=torch.bfloat16 dim=4096 ffn_dim=11008 n_heads=32 shards=2
[gpu-debug] op plan (with inferred tensor shapes):
  - op#00  op=LN       shard=-1  x=[1x4096] + w=[4096]  ->  y=[1x4096]  (T=1, K=680)
  - op#01  op=Add      shard=-1  a=[1x4096] + b=[1x4096]  ->  y=[1x4096]  (T=1, K=680)
  - op#02  op=LN       shard=-1  x=[1x4096] + w=[4096]  ->  y=[1x4096]  (T=1, K=680)
  - op#03  op=FFN_W3   shard=0   x=[1x4096] + w=[5504x4096]  ->  y=[1x5504]  (T=1, K=680)
  - op#04  op=FFN_W3   shard=1   x=[1x4096] + w=[5504x4096]  ->  y=[1x5504]  (T=1, K=680)
  - op#05  op=SwiGLU   shard=0   a=[1x5504] + b=[1x5504]  ->  y=[1x5504]  (T=1, K=680)
  - op#06  op=SwiGLU   shard=1   a=[1x5504] + b=[1x5504]  ->  y=[1x5504]  (T=1, K=680)
  - op#07  op=Add      shard=-1  a=[1x4096] + b=[1x4096]  ->  y=[1x4096]  (T=1, K=680)
[gpu-debug] per-op timing breakdown (avg over iters):
  idx  op       sh  io                                                    time   est_flops    TFLOPs       bytes      GB/s
  ------------------------------------------------------------------------------------------------------------------------
    0  LN       -1  x[1x4096]+w[4096]->y[1x4096]                        0.064ms    20.480 K      0.00   24.00 KiB      0.38
    1  Add      -1  a[1x4096]+b[1x4096]->y[1x4096]                      0.016ms     4.096 K      0.00   24.00 KiB      1.54
    2  LN       -1  x[1x4096]+w[4096]->y[1x4096]                        0.059ms    20.480 K      0.00   24.00 KiB      0.42
    3  FFN_W3    0  x[1x4096]+w[5504x4096]->y[1x5504]                   0.058ms    45.089 M      0.78   43.02 MiB    781.04
    4  FFN_W3    1  x[1x4096]+w[5504x4096]->y[1x5504]                   0.040ms    45.089 M      1.12   43.02 MiB   1120.88
    5  SwiGLU    0  a[1x5504]+b[1x5504]->y[1x5504]                      0.009ms    33.024 K      0.00   32.25 KiB      3.54
    6  SwiGLU    1  a[1x5504]+b[1x5504]->y[1x5504]                      0.010ms    33.024 K      0.00   32.25 KiB      3.43
    7  Add      -1  a[1x4096]+b[1x4096]->y[1x4096]                      0.015ms     4.096 K      0.00   24.00 KiB      1.59
[gpu-debug] segment avg latency (cuda_events): 0.176 ms
[gpu-debug] sum(per-op)               : 0.271 ms (ratio=1.537)
[gpu-debug] NOTE: sum(per-op) may differ from segment latency due to Python overhead, event/launch overhead, and allocator/cache effects.
[gpu-debug] cuda mem before warmup: alloc=96.15 MiB reserved=110.00 MiB
[gpu-debug] cuda mem after warmup : alloc=96.15 MiB reserved=110.00 MiB
[gpu-debug] cuda mem peak (this segment): max_alloc=96.17 MiB max_reserved=110.00 MiB
========================================================================================
[gpu-debug] segment_key=npu|decode|48|ff6dcf33668f3ebc9cf61e7eb43c6a84
[gpu-debug] sig: device_type=npu phase=decode step=48 (count_hint=32)
[gpu-debug] ops_repr: LN:-1,Add:-1,LN:-1,FFN_W3:0,FFN_W3:1,SwiGLU:0,SwiGLU:1,Add:-1
[gpu-debug] cfg: device=cuda dtype=torch.bfloat16 dim=4096 ffn_dim=11008 n_heads=32 shards=2
[gpu-debug] op plan (with inferred tensor shapes):
  - op#00  op=LN       shard=-1  x=[1x4096] + w=[4096]  ->  y=[1x4096]  (T=1, K=692)
  - op#01  op=Add      shard=-1  a=[1x4096] + b=[1x4096]  ->  y=[1x4096]  (T=1, K=692)
  - op#02  op=LN       shard=-1  x=[1x4096] + w=[4096]  ->  y=[1x4096]  (T=1, K=692)
  - op#03  op=FFN_W3   shard=0   x=[1x4096] + w=[5504x4096]  ->  y=[1x5504]  (T=1, K=692)
  - op#04  op=FFN_W3   shard=1   x=[1x4096] + w=[5504x4096]  ->  y=[1x5504]  (T=1, K=692)
  - op#05  op=SwiGLU   shard=0   a=[1x5504] + b=[1x5504]  ->  y=[1x5504]  (T=1, K=692)
  - op#06  op=SwiGLU   shard=1   a=[1x5504] + b=[1x5504]  ->  y=[1x5504]  (T=1, K=692)
  - op#07  op=Add      shard=-1  a=[1x4096] + b=[1x4096]  ->  y=[1x4096]  (T=1, K=692)
[gpu-debug] per-op timing breakdown (avg over iters):
  idx  op       sh  io                                                    time   est_flops    TFLOPs       bytes      GB/s
  ------------------------------------------------------------------------------------------------------------------------
    0  LN       -1  x[1x4096]+w[4096]->y[1x4096]                        0.064ms    20.480 K      0.00   24.00 KiB      0.39
    1  Add      -1  a[1x4096]+b[1x4096]->y[1x4096]                      0.016ms     4.096 K      0.00   24.00 KiB      1.50
    2  LN       -1  x[1x4096]+w[4096]->y[1x4096]                        0.059ms    20.480 K      0.00   24.00 KiB      0.42
    3  FFN_W3    0  x[1x4096]+w[5504x4096]->y[1x5504]                   0.058ms    45.089 M      0.77   43.02 MiB    774.18
    4  FFN_W3    1  x[1x4096]+w[5504x4096]->y[1x5504]                   0.041ms    45.089 M      1.11   43.02 MiB   1112.39
    5  SwiGLU    0  a[1x5504]+b[1x5504]->y[1x5504]                      0.009ms    33.024 K      0.00   32.25 KiB      3.58
    6  SwiGLU    1  a[1x5504]+b[1x5504]->y[1x5504]                      0.010ms    33.024 K      0.00   32.25 KiB      3.36
    7  Add      -1  a[1x4096]+b[1x4096]->y[1x4096]                      0.016ms     4.096 K      0.00   24.00 KiB      1.57
[gpu-debug] segment avg latency (cuda_events): 0.176 ms
[gpu-debug] sum(per-op)               : 0.272 ms (ratio=1.543)
[gpu-debug] NOTE: sum(per-op) may differ from segment latency due to Python overhead, event/launch overhead, and allocator/cache effects.
[gpu-debug] cuda mem before warmup: alloc=96.15 MiB reserved=110.00 MiB
[gpu-debug] cuda mem after warmup : alloc=96.15 MiB reserved=110.00 MiB
[gpu-debug] cuda mem peak (this segment): max_alloc=96.17 MiB max_reserved=110.00 MiB
========================================================================================
[gpu-debug] segment_key=npu|decode|49|ff6dcf33668f3ebc9cf61e7eb43c6a84
[gpu-debug] sig: device_type=npu phase=decode step=49 (count_hint=32)
[gpu-debug] ops_repr: LN:-1,Add:-1,LN:-1,FFN_W3:0,FFN_W3:1,SwiGLU:0,SwiGLU:1,Add:-1
[gpu-debug] cfg: device=cuda dtype=torch.bfloat16 dim=4096 ffn_dim=11008 n_heads=32 shards=2
[gpu-debug] op plan (with inferred tensor shapes):
  - op#00  op=LN       shard=-1  x=[1x4096] + w=[4096]  ->  y=[1x4096]  (T=1, K=704)
  - op#01  op=Add      shard=-1  a=[1x4096] + b=[1x4096]  ->  y=[1x4096]  (T=1, K=704)
  - op#02  op=LN       shard=-1  x=[1x4096] + w=[4096]  ->  y=[1x4096]  (T=1, K=704)
  - op#03  op=FFN_W3   shard=0   x=[1x4096] + w=[5504x4096]  ->  y=[1x5504]  (T=1, K=704)
  - op#04  op=FFN_W3   shard=1   x=[1x4096] + w=[5504x4096]  ->  y=[1x5504]  (T=1, K=704)
  - op#05  op=SwiGLU   shard=0   a=[1x5504] + b=[1x5504]  ->  y=[1x5504]  (T=1, K=704)
  - op#06  op=SwiGLU   shard=1   a=[1x5504] + b=[1x5504]  ->  y=[1x5504]  (T=1, K=704)
  - op#07  op=Add      shard=-1  a=[1x4096] + b=[1x4096]  ->  y=[1x4096]  (T=1, K=704)
[gpu-debug] per-op timing breakdown (avg over iters):
  idx  op       sh  io                                                    time   est_flops    TFLOPs       bytes      GB/s
  ------------------------------------------------------------------------------------------------------------------------
    0  LN       -1  x[1x4096]+w[4096]->y[1x4096]                        0.065ms    20.480 K      0.00   24.00 KiB      0.38
    1  Add      -1  a[1x4096]+b[1x4096]->y[1x4096]                      0.016ms     4.096 K      0.00   24.00 KiB      1.52
    2  LN       -1  x[1x4096]+w[4096]->y[1x4096]                        0.056ms    20.480 K      0.00   24.00 KiB      0.44
    3  FFN_W3    0  x[1x4096]+w[5504x4096]->y[1x5504]                   0.058ms    45.089 M      0.78   43.02 MiB    779.66
    4  FFN_W3    1  x[1x4096]+w[5504x4096]->y[1x5504]                   0.041ms    45.089 M      1.11   43.02 MiB   1109.59
    5  SwiGLU    0  a[1x5504]+b[1x5504]->y[1x5504]                      0.010ms    33.024 K      0.00   32.25 KiB      3.43
    6  SwiGLU    1  a[1x5504]+b[1x5504]->y[1x5504]                      0.011ms    33.024 K      0.00   32.25 KiB      3.04
    7  Add      -1  a[1x4096]+b[1x4096]->y[1x4096]                      0.016ms     4.096 K      0.00   24.00 KiB      1.55
[gpu-debug] segment avg latency (cuda_events): 0.176 ms
[gpu-debug] sum(per-op)               : 0.272 ms (ratio=1.542)
[gpu-debug] NOTE: sum(per-op) may differ from segment latency due to Python overhead, event/launch overhead, and allocator/cache effects.
[gpu-debug] cuda mem before warmup: alloc=96.15 MiB reserved=110.00 MiB
[gpu-debug] cuda mem after warmup : alloc=96.15 MiB reserved=110.00 MiB
[gpu-debug] cuda mem peak (this segment): max_alloc=96.17 MiB max_reserved=110.00 MiB
========================================================================================
[gpu-debug] segment_key=npu|decode|4|ff6dcf33668f3ebc9cf61e7eb43c6a84
[gpu-debug] sig: device_type=npu phase=decode step=4 (count_hint=32)
[gpu-debug] ops_repr: LN:-1,Add:-1,LN:-1,FFN_W3:0,FFN_W3:1,SwiGLU:0,SwiGLU:1,Add:-1
[gpu-debug] cfg: device=cuda dtype=torch.bfloat16 dim=4096 ffn_dim=11008 n_heads=32 shards=2
[gpu-debug] op plan (with inferred tensor shapes):
  - op#00  op=LN       shard=-1  x=[1x4096] + w=[4096]  ->  y=[1x4096]  (T=1, K=164)
  - op#01  op=Add      shard=-1  a=[1x4096] + b=[1x4096]  ->  y=[1x4096]  (T=1, K=164)
  - op#02  op=LN       shard=-1  x=[1x4096] + w=[4096]  ->  y=[1x4096]  (T=1, K=164)
  - op#03  op=FFN_W3   shard=0   x=[1x4096] + w=[5504x4096]  ->  y=[1x5504]  (T=1, K=164)
  - op#04  op=FFN_W3   shard=1   x=[1x4096] + w=[5504x4096]  ->  y=[1x5504]  (T=1, K=164)
  - op#05  op=SwiGLU   shard=0   a=[1x5504] + b=[1x5504]  ->  y=[1x5504]  (T=1, K=164)
  - op#06  op=SwiGLU   shard=1   a=[1x5504] + b=[1x5504]  ->  y=[1x5504]  (T=1, K=164)
  - op#07  op=Add      shard=-1  a=[1x4096] + b=[1x4096]  ->  y=[1x4096]  (T=1, K=164)
[gpu-debug] per-op timing breakdown (avg over iters):
  idx  op       sh  io                                                    time   est_flops    TFLOPs       bytes      GB/s
  ------------------------------------------------------------------------------------------------------------------------
    0  LN       -1  x[1x4096]+w[4096]->y[1x4096]                        0.064ms    20.480 K      0.00   24.00 KiB      0.38
    1  Add      -1  a[1x4096]+b[1x4096]->y[1x4096]                      0.016ms     4.096 K      0.00   24.00 KiB      1.55
    2  LN       -1  x[1x4096]+w[4096]->y[1x4096]                        0.056ms    20.480 K      0.00   24.00 KiB      0.44
    3  FFN_W3    0  x[1x4096]+w[5504x4096]->y[1x5504]                   0.058ms    45.089 M      0.78   43.02 MiB    779.66
    4  FFN_W3    1  x[1x4096]+w[5504x4096]->y[1x5504]                   0.040ms    45.089 M      1.12   43.02 MiB   1118.04
    5  SwiGLU    0  a[1x5504]+b[1x5504]->y[1x5504]                      0.009ms    33.024 K      0.00   32.25 KiB      3.54
    6  SwiGLU    1  a[1x5504]+b[1x5504]->y[1x5504]                      0.011ms    33.024 K      0.00   32.25 KiB      2.93
    7  Add      -1  a[1x4096]+b[1x4096]->y[1x4096]                      0.016ms     4.096 K      0.00   24.00 KiB      1.54
[gpu-debug] segment avg latency (cuda_events): 0.176 ms
[gpu-debug] sum(per-op)               : 0.271 ms (ratio=1.542)
[gpu-debug] NOTE: sum(per-op) may differ from segment latency due to Python overhead, event/launch overhead, and allocator/cache effects.
[gpu-debug] cuda mem before warmup: alloc=96.15 MiB reserved=110.00 MiB
[gpu-debug] cuda mem after warmup : alloc=96.15 MiB reserved=110.00 MiB
[gpu-debug] cuda mem peak (this segment): max_alloc=96.17 MiB max_reserved=110.00 MiB
========================================================================================
[gpu-debug] segment_key=npu|decode|50|ff6dcf33668f3ebc9cf61e7eb43c6a84
[gpu-debug] sig: device_type=npu phase=decode step=50 (count_hint=32)
[gpu-debug] ops_repr: LN:-1,Add:-1,LN:-1,FFN_W3:0,FFN_W3:1,SwiGLU:0,SwiGLU:1,Add:-1
[gpu-debug] cfg: device=cuda dtype=torch.bfloat16 dim=4096 ffn_dim=11008 n_heads=32 shards=2
[gpu-debug] op plan (with inferred tensor shapes):
  - op#00  op=LN       shard=-1  x=[1x4096] + w=[4096]  ->  y=[1x4096]  (T=1, K=716)
  - op#01  op=Add      shard=-1  a=[1x4096] + b=[1x4096]  ->  y=[1x4096]  (T=1, K=716)
  - op#02  op=LN       shard=-1  x=[1x4096] + w=[4096]  ->  y=[1x4096]  (T=1, K=716)
  - op#03  op=FFN_W3   shard=0   x=[1x4096] + w=[5504x4096]  ->  y=[1x5504]  (T=1, K=716)
  - op#04  op=FFN_W3   shard=1   x=[1x4096] + w=[5504x4096]  ->  y=[1x5504]  (T=1, K=716)
  - op#05  op=SwiGLU   shard=0   a=[1x5504] + b=[1x5504]  ->  y=[1x5504]  (T=1, K=716)
  - op#06  op=SwiGLU   shard=1   a=[1x5504] + b=[1x5504]  ->  y=[1x5504]  (T=1, K=716)
  - op#07  op=Add      shard=-1  a=[1x4096] + b=[1x4096]  ->  y=[1x4096]  (T=1, K=716)
[gpu-debug] per-op timing breakdown (avg over iters):
  idx  op       sh  io                                                    time   est_flops    TFLOPs       bytes      GB/s
  ------------------------------------------------------------------------------------------------------------------------
    0  LN       -1  x[1x4096]+w[4096]->y[1x4096]                        0.065ms    20.480 K      0.00   24.00 KiB      0.38
    1  Add      -1  a[1x4096]+b[1x4096]->y[1x4096]                      0.016ms     4.096 K      0.00   24.00 KiB      1.53
    2  LN       -1  x[1x4096]+w[4096]->y[1x4096]                        0.056ms    20.480 K      0.00   24.00 KiB      0.44
    3  FFN_W3    0  x[1x4096]+w[5504x4096]->y[1x5504]                   0.058ms    45.089 M      0.78   43.02 MiB    781.04
    4  FFN_W3    1  x[1x4096]+w[5504x4096]->y[1x5504]                   0.041ms    45.089 M      1.11   43.02 MiB   1112.39
    5  SwiGLU    0  a[1x5504]+b[1x5504]->y[1x5504]                      0.009ms    33.024 K      0.00   32.25 KiB      3.54
    6  SwiGLU    1  a[1x5504]+b[1x5504]->y[1x5504]                      0.010ms    33.024 K      0.00   32.25 KiB      3.36
    7  Add      -1  a[1x4096]+b[1x4096]->y[1x4096]                      0.018ms     4.096 K      0.00   24.00 KiB      1.38
[gpu-debug] segment avg latency (cuda_events): 0.177 ms
[gpu-debug] sum(per-op)               : 0.272 ms (ratio=1.539)
[gpu-debug] NOTE: sum(per-op) may differ from segment latency due to Python overhead, event/launch overhead, and allocator/cache effects.
[gpu-debug] cuda mem before warmup: alloc=96.15 MiB reserved=110.00 MiB
[gpu-debug] cuda mem after warmup : alloc=96.15 MiB reserved=110.00 MiB
[gpu-debug] cuda mem peak (this segment): max_alloc=96.17 MiB max_reserved=110.00 MiB
========================================================================================
[gpu-debug] segment_key=npu|decode|51|ff6dcf33668f3ebc9cf61e7eb43c6a84
[gpu-debug] sig: device_type=npu phase=decode step=51 (count_hint=32)
[gpu-debug] ops_repr: LN:-1,Add:-1,LN:-1,FFN_W3:0,FFN_W3:1,SwiGLU:0,SwiGLU:1,Add:-1
[gpu-debug] cfg: device=cuda dtype=torch.bfloat16 dim=4096 ffn_dim=11008 n_heads=32 shards=2
[gpu-debug] op plan (with inferred tensor shapes):
  - op#00  op=LN       shard=-1  x=[1x4096] + w=[4096]  ->  y=[1x4096]  (T=1, K=728)
  - op#01  op=Add      shard=-1  a=[1x4096] + b=[1x4096]  ->  y=[1x4096]  (T=1, K=728)
  - op#02  op=LN       shard=-1  x=[1x4096] + w=[4096]  ->  y=[1x4096]  (T=1, K=728)
  - op#03  op=FFN_W3   shard=0   x=[1x4096] + w=[5504x4096]  ->  y=[1x5504]  (T=1, K=728)
  - op#04  op=FFN_W3   shard=1   x=[1x4096] + w=[5504x4096]  ->  y=[1x5504]  (T=1, K=728)
  - op#05  op=SwiGLU   shard=0   a=[1x5504] + b=[1x5504]  ->  y=[1x5504]  (T=1, K=728)
  - op#06  op=SwiGLU   shard=1   a=[1x5504] + b=[1x5504]  ->  y=[1x5504]  (T=1, K=728)
  - op#07  op=Add      shard=-1  a=[1x4096] + b=[1x4096]  ->  y=[1x4096]  (T=1, K=728)
[gpu-debug] per-op timing breakdown (avg over iters):
  idx  op       sh  io                                                    time   est_flops    TFLOPs       bytes      GB/s
  ------------------------------------------------------------------------------------------------------------------------
    0  LN       -1  x[1x4096]+w[4096]->y[1x4096]                        0.066ms    20.480 K      0.00   24.00 KiB      0.37
    1  Add      -1  a[1x4096]+b[1x4096]->y[1x4096]                      0.016ms     4.096 K      0.00   24.00 KiB      1.54
    2  LN       -1  x[1x4096]+w[4096]->y[1x4096]                        0.057ms    20.480 K      0.00   24.00 KiB      0.43
    3  FFN_W3    0  x[1x4096]+w[5504x4096]->y[1x5504]                   0.058ms    45.089 M      0.78   43.02 MiB    776.91
    4  FFN_W3    1  x[1x4096]+w[5504x4096]->y[1x5504]                   0.041ms    45.089 M      1.11   43.02 MiB   1112.39
    5  SwiGLU    0  a[1x5504]+b[1x5504]->y[1x5504]                      0.009ms    33.024 K      0.00   32.25 KiB      3.54
    6  SwiGLU    1  a[1x5504]+b[1x5504]->y[1x5504]                      0.010ms    33.024 K      0.00   32.25 KiB      3.26
    7  Add      -1  a[1x4096]+b[1x4096]->y[1x4096]                      0.016ms     4.096 K      0.00   24.00 KiB      1.55
[gpu-debug] segment avg latency (cuda_events): 0.176 ms
[gpu-debug] sum(per-op)               : 0.272 ms (ratio=1.544)
[gpu-debug] NOTE: sum(per-op) may differ from segment latency due to Python overhead, event/launch overhead, and allocator/cache effects.
[gpu-debug] cuda mem before warmup: alloc=96.15 MiB reserved=110.00 MiB
[gpu-debug] cuda mem after warmup : alloc=96.15 MiB reserved=110.00 MiB
[gpu-debug] cuda mem peak (this segment): max_alloc=96.17 MiB max_reserved=110.00 MiB
========================================================================================
[gpu-debug] segment_key=npu|decode|52|ff6dcf33668f3ebc9cf61e7eb43c6a84
[gpu-debug] sig: device_type=npu phase=decode step=52 (count_hint=32)
[gpu-debug] ops_repr: LN:-1,Add:-1,LN:-1,FFN_W3:0,FFN_W3:1,SwiGLU:0,SwiGLU:1,Add:-1
[gpu-debug] cfg: device=cuda dtype=torch.bfloat16 dim=4096 ffn_dim=11008 n_heads=32 shards=2
[gpu-debug] op plan (with inferred tensor shapes):
  - op#00  op=LN       shard=-1  x=[1x4096] + w=[4096]  ->  y=[1x4096]  (T=1, K=740)
  - op#01  op=Add      shard=-1  a=[1x4096] + b=[1x4096]  ->  y=[1x4096]  (T=1, K=740)
  - op#02  op=LN       shard=-1  x=[1x4096] + w=[4096]  ->  y=[1x4096]  (T=1, K=740)
  - op#03  op=FFN_W3   shard=0   x=[1x4096] + w=[5504x4096]  ->  y=[1x5504]  (T=1, K=740)
  - op#04  op=FFN_W3   shard=1   x=[1x4096] + w=[5504x4096]  ->  y=[1x5504]  (T=1, K=740)
  - op#05  op=SwiGLU   shard=0   a=[1x5504] + b=[1x5504]  ->  y=[1x5504]  (T=1, K=740)
  - op#06  op=SwiGLU   shard=1   a=[1x5504] + b=[1x5504]  ->  y=[1x5504]  (T=1, K=740)
  - op#07  op=Add      shard=-1  a=[1x4096] + b=[1x4096]  ->  y=[1x4096]  (T=1, K=740)
[gpu-debug] per-op timing breakdown (avg over iters):
  idx  op       sh  io                                                    time   est_flops    TFLOPs       bytes      GB/s
  ------------------------------------------------------------------------------------------------------------------------
    0  LN       -1  x[1x4096]+w[4096]->y[1x4096]                        0.065ms    20.480 K      0.00   24.00 KiB      0.38
    1  Add      -1  a[1x4096]+b[1x4096]->y[1x4096]                      0.016ms     4.096 K      0.00   24.00 KiB      1.52
    2  LN       -1  x[1x4096]+w[4096]->y[1x4096]                        0.056ms    20.480 K      0.00   24.00 KiB      0.44
    3  FFN_W3    0  x[1x4096]+w[5504x4096]->y[1x5504]                   0.058ms    45.089 M      0.78   43.02 MiB    783.82
    4  FFN_W3    1  x[1x4096]+w[5504x4096]->y[1x5504]                   0.041ms    45.089 M      1.10   43.02 MiB   1104.03
    5  SwiGLU    0  a[1x5504]+b[1x5504]->y[1x5504]                      0.009ms    33.024 K      0.00   32.25 KiB      3.54
    6  SwiGLU    1  a[1x5504]+b[1x5504]->y[1x5504]                      0.010ms    33.024 K      0.00   32.25 KiB      3.36
    7  Add      -1  a[1x4096]+b[1x4096]->y[1x4096]                      0.015ms     4.096 K      0.00   24.00 KiB      1.59
[gpu-debug] segment avg latency (cuda_events): 0.177 ms
[gpu-debug] sum(per-op)               : 0.270 ms (ratio=1.528)
[gpu-debug] NOTE: sum(per-op) may differ from segment latency due to Python overhead, event/launch overhead, and allocator/cache effects.
[gpu-debug] cuda mem before warmup: alloc=96.15 MiB reserved=110.00 MiB
[gpu-debug] cuda mem after warmup : alloc=96.15 MiB reserved=110.00 MiB
[gpu-debug] cuda mem peak (this segment): max_alloc=96.17 MiB max_reserved=110.00 MiB
========================================================================================
[gpu-debug] segment_key=npu|decode|53|ff6dcf33668f3ebc9cf61e7eb43c6a84
[gpu-debug] sig: device_type=npu phase=decode step=53 (count_hint=32)
[gpu-debug] ops_repr: LN:-1,Add:-1,LN:-1,FFN_W3:0,FFN_W3:1,SwiGLU:0,SwiGLU:1,Add:-1
[gpu-debug] cfg: device=cuda dtype=torch.bfloat16 dim=4096 ffn_dim=11008 n_heads=32 shards=2
[gpu-debug] op plan (with inferred tensor shapes):
  - op#00  op=LN       shard=-1  x=[1x4096] + w=[4096]  ->  y=[1x4096]  (T=1, K=752)
  - op#01  op=Add      shard=-1  a=[1x4096] + b=[1x4096]  ->  y=[1x4096]  (T=1, K=752)
  - op#02  op=LN       shard=-1  x=[1x4096] + w=[4096]  ->  y=[1x4096]  (T=1, K=752)
  - op#03  op=FFN_W3   shard=0   x=[1x4096] + w=[5504x4096]  ->  y=[1x5504]  (T=1, K=752)
  - op#04  op=FFN_W3   shard=1   x=[1x4096] + w=[5504x4096]  ->  y=[1x5504]  (T=1, K=752)
  - op#05  op=SwiGLU   shard=0   a=[1x5504] + b=[1x5504]  ->  y=[1x5504]  (T=1, K=752)
  - op#06  op=SwiGLU   shard=1   a=[1x5504] + b=[1x5504]  ->  y=[1x5504]  (T=1, K=752)
  - op#07  op=Add      shard=-1  a=[1x4096] + b=[1x4096]  ->  y=[1x4096]  (T=1, K=752)
[gpu-debug] per-op timing breakdown (avg over iters):
  idx  op       sh  io                                                    time   est_flops    TFLOPs       bytes      GB/s
  ------------------------------------------------------------------------------------------------------------------------
    0  LN       -1  x[1x4096]+w[4096]->y[1x4096]                        0.065ms    20.480 K      0.00   24.00 KiB      0.38
    1  Add      -1  a[1x4096]+b[1x4096]->y[1x4096]                      0.017ms     4.096 K      0.00   24.00 KiB      1.47
    2  LN       -1  x[1x4096]+w[4096]->y[1x4096]                        0.056ms    20.480 K      0.00   24.00 KiB      0.44
    3  FFN_W3    0  x[1x4096]+w[5504x4096]->y[1x5504]                   0.058ms    45.089 M      0.78   43.02 MiB    779.66
    4  FFN_W3    1  x[1x4096]+w[5504x4096]->y[1x5504]                   0.041ms    45.089 M      1.11   43.02 MiB   1112.39
    5  SwiGLU    0  a[1x5504]+b[1x5504]->y[1x5504]                      0.010ms    33.024 K      0.00   32.25 KiB      3.43
    6  SwiGLU    1  a[1x5504]+b[1x5504]->y[1x5504]                      0.010ms    33.024 K      0.00   32.25 KiB      3.47
    7  Add      -1  a[1x4096]+b[1x4096]->y[1x4096]                      0.015ms     4.096 K      0.00   24.00 KiB      1.59
[gpu-debug] segment avg latency (cuda_events): 0.177 ms
[gpu-debug] sum(per-op)               : 0.271 ms (ratio=1.535)
[gpu-debug] NOTE: sum(per-op) may differ from segment latency due to Python overhead, event/launch overhead, and allocator/cache effects.
[gpu-debug] cuda mem before warmup: alloc=96.15 MiB reserved=110.00 MiB
[gpu-debug] cuda mem after warmup : alloc=96.15 MiB reserved=110.00 MiB
[gpu-debug] cuda mem peak (this segment): max_alloc=96.17 MiB max_reserved=110.00 MiB
========================================================================================
[gpu-debug] segment_key=npu|decode|54|ff6dcf33668f3ebc9cf61e7eb43c6a84
[gpu-debug] sig: device_type=npu phase=decode step=54 (count_hint=32)
[gpu-debug] ops_repr: LN:-1,Add:-1,LN:-1,FFN_W3:0,FFN_W3:1,SwiGLU:0,SwiGLU:1,Add:-1
[gpu-debug] cfg: device=cuda dtype=torch.bfloat16 dim=4096 ffn_dim=11008 n_heads=32 shards=2
[gpu-debug] op plan (with inferred tensor shapes):
  - op#00  op=LN       shard=-1  x=[1x4096] + w=[4096]  ->  y=[1x4096]  (T=1, K=764)
  - op#01  op=Add      shard=-1  a=[1x4096] + b=[1x4096]  ->  y=[1x4096]  (T=1, K=764)
  - op#02  op=LN       shard=-1  x=[1x4096] + w=[4096]  ->  y=[1x4096]  (T=1, K=764)
  - op#03  op=FFN_W3   shard=0   x=[1x4096] + w=[5504x4096]  ->  y=[1x5504]  (T=1, K=764)
  - op#04  op=FFN_W3   shard=1   x=[1x4096] + w=[5504x4096]  ->  y=[1x5504]  (T=1, K=764)
  - op#05  op=SwiGLU   shard=0   a=[1x5504] + b=[1x5504]  ->  y=[1x5504]  (T=1, K=764)
  - op#06  op=SwiGLU   shard=1   a=[1x5504] + b=[1x5504]  ->  y=[1x5504]  (T=1, K=764)
  - op#07  op=Add      shard=-1  a=[1x4096] + b=[1x4096]  ->  y=[1x4096]  (T=1, K=764)
[gpu-debug] per-op timing breakdown (avg over iters):
  idx  op       sh  io                                                    time   est_flops    TFLOPs       bytes      GB/s
  ------------------------------------------------------------------------------------------------------------------------
    0  LN       -1  x[1x4096]+w[4096]->y[1x4096]                        0.064ms    20.480 K      0.00   24.00 KiB      0.38
    1  Add      -1  a[1x4096]+b[1x4096]->y[1x4096]                      0.016ms     4.096 K      0.00   24.00 KiB      1.54
    2  LN       -1  x[1x4096]+w[4096]->y[1x4096]                        0.058ms    20.480 K      0.00   24.00 KiB      0.42
    3  FFN_W3    0  x[1x4096]+w[5504x4096]->y[1x5504]                   0.058ms    45.089 M      0.78   43.02 MiB    782.43
    4  FFN_W3    1  x[1x4096]+w[5504x4096]->y[1x5504]                   0.040ms    45.089 M      1.11   43.02 MiB   1115.21
    5  SwiGLU    0  a[1x5504]+b[1x5504]->y[1x5504]                      0.009ms    33.024 K      0.00   32.25 KiB      3.51
    6  SwiGLU    1  a[1x5504]+b[1x5504]->y[1x5504]                      0.010ms    33.024 K      0.00   32.25 KiB      3.39
    7  Add      -1  a[1x4096]+b[1x4096]->y[1x4096]                      0.016ms     4.096 K      0.00   24.00 KiB      1.54
[gpu-debug] segment avg latency (cuda_events): 0.177 ms
[gpu-debug] sum(per-op)               : 0.271 ms (ratio=1.533)
[gpu-debug] NOTE: sum(per-op) may differ from segment latency due to Python overhead, event/launch overhead, and allocator/cache effects.
[gpu-debug] cuda mem before warmup: alloc=96.15 MiB reserved=110.00 MiB
[gpu-debug] cuda mem after warmup : alloc=96.15 MiB reserved=110.00 MiB
[gpu-debug] cuda mem peak (this segment): max_alloc=96.17 MiB max_reserved=110.00 MiB
========================================================================================
[gpu-debug] segment_key=npu|decode|55|ff6dcf33668f3ebc9cf61e7eb43c6a84
[gpu-debug] sig: device_type=npu phase=decode step=55 (count_hint=32)
[gpu-debug] ops_repr: LN:-1,Add:-1,LN:-1,FFN_W3:0,FFN_W3:1,SwiGLU:0,SwiGLU:1,Add:-1
[gpu-debug] cfg: device=cuda dtype=torch.bfloat16 dim=4096 ffn_dim=11008 n_heads=32 shards=2
[gpu-debug] op plan (with inferred tensor shapes):
  - op#00  op=LN       shard=-1  x=[1x4096] + w=[4096]  ->  y=[1x4096]  (T=1, K=776)
  - op#01  op=Add      shard=-1  a=[1x4096] + b=[1x4096]  ->  y=[1x4096]  (T=1, K=776)
  - op#02  op=LN       shard=-1  x=[1x4096] + w=[4096]  ->  y=[1x4096]  (T=1, K=776)
  - op#03  op=FFN_W3   shard=0   x=[1x4096] + w=[5504x4096]  ->  y=[1x5504]  (T=1, K=776)
  - op#04  op=FFN_W3   shard=1   x=[1x4096] + w=[5504x4096]  ->  y=[1x5504]  (T=1, K=776)
  - op#05  op=SwiGLU   shard=0   a=[1x5504] + b=[1x5504]  ->  y=[1x5504]  (T=1, K=776)
  - op#06  op=SwiGLU   shard=1   a=[1x5504] + b=[1x5504]  ->  y=[1x5504]  (T=1, K=776)
  - op#07  op=Add      shard=-1  a=[1x4096] + b=[1x4096]  ->  y=[1x4096]  (T=1, K=776)
[gpu-debug] per-op timing breakdown (avg over iters):
  idx  op       sh  io                                                    time   est_flops    TFLOPs       bytes      GB/s
  ------------------------------------------------------------------------------------------------------------------------
    0  LN       -1  x[1x4096]+w[4096]->y[1x4096]                        0.064ms    20.480 K      0.00   24.00 KiB      0.38
    1  Add      -1  a[1x4096]+b[1x4096]->y[1x4096]                      0.016ms     4.096 K      0.00   24.00 KiB      1.56
    2  LN       -1  x[1x4096]+w[4096]->y[1x4096]                        0.057ms    20.480 K      0.00   24.00 KiB      0.43
    3  FFN_W3    0  x[1x4096]+w[5504x4096]->y[1x5504]                   0.058ms    45.089 M      0.78   43.02 MiB    781.04
    4  FFN_W3    1  x[1x4096]+w[5504x4096]->y[1x5504]                   0.040ms    45.089 M      1.11   43.02 MiB   1115.21
    5  SwiGLU    0  a[1x5504]+b[1x5504]->y[1x5504]                      0.009ms    33.024 K      0.00   32.25 KiB      3.54
    6  SwiGLU    1  a[1x5504]+b[1x5504]->y[1x5504]                      0.011ms    33.024 K      0.00   32.25 KiB      3.01
    7  Add      -1  a[1x4096]+b[1x4096]->y[1x4096]                      0.016ms     4.096 K      0.00   24.00 KiB      1.56
[gpu-debug] segment avg latency (cuda_events): 0.177 ms
[gpu-debug] sum(per-op)               : 0.271 ms (ratio=1.534)
[gpu-debug] NOTE: sum(per-op) may differ from segment latency due to Python overhead, event/launch overhead, and allocator/cache effects.
[gpu-debug] cuda mem before warmup: alloc=96.15 MiB reserved=110.00 MiB
[gpu-debug] cuda mem after warmup : alloc=96.15 MiB reserved=110.00 MiB
[gpu-debug] cuda mem peak (this segment): max_alloc=96.17 MiB max_reserved=110.00 MiB
  progress 60/110
========================================================================================
[gpu-debug] segment_key=npu|decode|56|ff6dcf33668f3ebc9cf61e7eb43c6a84
[gpu-debug] sig: device_type=npu phase=decode step=56 (count_hint=32)
[gpu-debug] ops_repr: LN:-1,Add:-1,LN:-1,FFN_W3:0,FFN_W3:1,SwiGLU:0,SwiGLU:1,Add:-1
[gpu-debug] cfg: device=cuda dtype=torch.bfloat16 dim=4096 ffn_dim=11008 n_heads=32 shards=2
[gpu-debug] op plan (with inferred tensor shapes):
  - op#00  op=LN       shard=-1  x=[1x4096] + w=[4096]  ->  y=[1x4096]  (T=1, K=788)
  - op#01  op=Add      shard=-1  a=[1x4096] + b=[1x4096]  ->  y=[1x4096]  (T=1, K=788)
  - op#02  op=LN       shard=-1  x=[1x4096] + w=[4096]  ->  y=[1x4096]  (T=1, K=788)
  - op#03  op=FFN_W3   shard=0   x=[1x4096] + w=[5504x4096]  ->  y=[1x5504]  (T=1, K=788)
  - op#04  op=FFN_W3   shard=1   x=[1x4096] + w=[5504x4096]  ->  y=[1x5504]  (T=1, K=788)
  - op#05  op=SwiGLU   shard=0   a=[1x5504] + b=[1x5504]  ->  y=[1x5504]  (T=1, K=788)
  - op#06  op=SwiGLU   shard=1   a=[1x5504] + b=[1x5504]  ->  y=[1x5504]  (T=1, K=788)
  - op#07  op=Add      shard=-1  a=[1x4096] + b=[1x4096]  ->  y=[1x4096]  (T=1, K=788)
[gpu-debug] per-op timing breakdown (avg over iters):
  idx  op       sh  io                                                    time   est_flops    TFLOPs       bytes      GB/s
  ------------------------------------------------------------------------------------------------------------------------
    0  LN       -1  x[1x4096]+w[4096]->y[1x4096]                        0.065ms    20.480 K      0.00   24.00 KiB      0.38
    1  Add      -1  a[1x4096]+b[1x4096]->y[1x4096]                      0.016ms     4.096 K      0.00   24.00 KiB      1.51
    2  LN       -1  x[1x4096]+w[4096]->y[1x4096]                        0.056ms    20.480 K      0.00   24.00 KiB      0.44
    3  FFN_W3    0  x[1x4096]+w[5504x4096]->y[1x5504]                   0.057ms    45.089 M      0.78   43.02 MiB    785.22
    4  FFN_W3    1  x[1x4096]+w[5504x4096]->y[1x5504]                   0.041ms    45.089 M      1.11   43.02 MiB   1112.39
    5  SwiGLU    0  a[1x5504]+b[1x5504]->y[1x5504]                      0.009ms    33.024 K      0.00   32.25 KiB      3.58
    6  SwiGLU    1  a[1x5504]+b[1x5504]->y[1x5504]                      0.012ms    33.024 K      0.00   32.25 KiB      2.76
    7  Add      -1  a[1x4096]+b[1x4096]->y[1x4096]                      0.016ms     4.096 K      0.00   24.00 KiB      1.50
[gpu-debug] segment avg latency (cuda_events): 0.177 ms
[gpu-debug] sum(per-op)               : 0.273 ms (ratio=1.544)
[gpu-debug] NOTE: sum(per-op) may differ from segment latency due to Python overhead, event/launch overhead, and allocator/cache effects.
[gpu-debug] cuda mem before warmup: alloc=96.15 MiB reserved=110.00 MiB
[gpu-debug] cuda mem after warmup : alloc=96.15 MiB reserved=110.00 MiB
[gpu-debug] cuda mem peak (this segment): max_alloc=96.17 MiB max_reserved=110.00 MiB
========================================================================================
[gpu-debug] segment_key=npu|decode|57|ff6dcf33668f3ebc9cf61e7eb43c6a84
[gpu-debug] sig: device_type=npu phase=decode step=57 (count_hint=32)
[gpu-debug] ops_repr: LN:-1,Add:-1,LN:-1,FFN_W3:0,FFN_W3:1,SwiGLU:0,SwiGLU:1,Add:-1
[gpu-debug] cfg: device=cuda dtype=torch.bfloat16 dim=4096 ffn_dim=11008 n_heads=32 shards=2
[gpu-debug] op plan (with inferred tensor shapes):
  - op#00  op=LN       shard=-1  x=[1x4096] + w=[4096]  ->  y=[1x4096]  (T=1, K=800)
  - op#01  op=Add      shard=-1  a=[1x4096] + b=[1x4096]  ->  y=[1x4096]  (T=1, K=800)
  - op#02  op=LN       shard=-1  x=[1x4096] + w=[4096]  ->  y=[1x4096]  (T=1, K=800)
  - op#03  op=FFN_W3   shard=0   x=[1x4096] + w=[5504x4096]  ->  y=[1x5504]  (T=1, K=800)
  - op#04  op=FFN_W3   shard=1   x=[1x4096] + w=[5504x4096]  ->  y=[1x5504]  (T=1, K=800)
  - op#05  op=SwiGLU   shard=0   a=[1x5504] + b=[1x5504]  ->  y=[1x5504]  (T=1, K=800)
  - op#06  op=SwiGLU   shard=1   a=[1x5504] + b=[1x5504]  ->  y=[1x5504]  (T=1, K=800)
  - op#07  op=Add      shard=-1  a=[1x4096] + b=[1x4096]  ->  y=[1x4096]  (T=1, K=800)
[gpu-debug] per-op timing breakdown (avg over iters):
  idx  op       sh  io                                                    time   est_flops    TFLOPs       bytes      GB/s
  ------------------------------------------------------------------------------------------------------------------------
    0  LN       -1  x[1x4096]+w[4096]->y[1x4096]                        0.064ms    20.480 K      0.00   24.00 KiB      0.38
    1  Add      -1  a[1x4096]+b[1x4096]->y[1x4096]                      0.016ms     4.096 K      0.00   24.00 KiB      1.55
    2  LN       -1  x[1x4096]+w[4096]->y[1x4096]                        0.058ms    20.480 K      0.00   24.00 KiB      0.43
    3  FFN_W3    0  x[1x4096]+w[5504x4096]->y[1x5504]                   0.058ms    45.089 M      0.78   43.02 MiB    775.54
    4  FFN_W3    1  x[1x4096]+w[5504x4096]->y[1x5504]                   0.040ms    45.089 M      1.12   43.02 MiB   1118.04
    5  SwiGLU    0  a[1x5504]+b[1x5504]->y[1x5504]                      0.010ms    33.024 K      0.00   32.25 KiB      3.47
    6  SwiGLU    1  a[1x5504]+b[1x5504]->y[1x5504]                      0.010ms    33.024 K      0.00   32.25 KiB      3.22
    7  Add      -1  a[1x4096]+b[1x4096]->y[1x4096]                      0.016ms     4.096 K      0.00   24.00 KiB      1.53
[gpu-debug] segment avg latency (cuda_events): 0.177 ms
[gpu-debug] sum(per-op)               : 0.272 ms (ratio=1.537)
[gpu-debug] NOTE: sum(per-op) may differ from segment latency due to Python overhead, event/launch overhead, and allocator/cache effects.
[gpu-debug] cuda mem before warmup: alloc=96.15 MiB reserved=110.00 MiB
[gpu-debug] cuda mem after warmup : alloc=96.15 MiB reserved=110.00 MiB
[gpu-debug] cuda mem peak (this segment): max_alloc=96.17 MiB max_reserved=110.00 MiB
========================================================================================
[gpu-debug] segment_key=npu|decode|58|ff6dcf33668f3ebc9cf61e7eb43c6a84
[gpu-debug] sig: device_type=npu phase=decode step=58 (count_hint=32)
[gpu-debug] ops_repr: LN:-1,Add:-1,LN:-1,FFN_W3:0,FFN_W3:1,SwiGLU:0,SwiGLU:1,Add:-1
[gpu-debug] cfg: device=cuda dtype=torch.bfloat16 dim=4096 ffn_dim=11008 n_heads=32 shards=2
[gpu-debug] op plan (with inferred tensor shapes):
  - op#00  op=LN       shard=-1  x=[1x4096] + w=[4096]  ->  y=[1x4096]  (T=1, K=812)
  - op#01  op=Add      shard=-1  a=[1x4096] + b=[1x4096]  ->  y=[1x4096]  (T=1, K=812)
  - op#02  op=LN       shard=-1  x=[1x4096] + w=[4096]  ->  y=[1x4096]  (T=1, K=812)
  - op#03  op=FFN_W3   shard=0   x=[1x4096] + w=[5504x4096]  ->  y=[1x5504]  (T=1, K=812)
  - op#04  op=FFN_W3   shard=1   x=[1x4096] + w=[5504x4096]  ->  y=[1x5504]  (T=1, K=812)
  - op#05  op=SwiGLU   shard=0   a=[1x5504] + b=[1x5504]  ->  y=[1x5504]  (T=1, K=812)
  - op#06  op=SwiGLU   shard=1   a=[1x5504] + b=[1x5504]  ->  y=[1x5504]  (T=1, K=812)
  - op#07  op=Add      shard=-1  a=[1x4096] + b=[1x4096]  ->  y=[1x4096]  (T=1, K=812)
[gpu-debug] per-op timing breakdown (avg over iters):
  idx  op       sh  io                                                    time   est_flops    TFLOPs       bytes      GB/s
  ------------------------------------------------------------------------------------------------------------------------
    0  LN       -1  x[1x4096]+w[4096]->y[1x4096]                        0.064ms    20.480 K      0.00   24.00 KiB      0.38
    1  Add      -1  a[1x4096]+b[1x4096]->y[1x4096]                      0.016ms     4.096 K      0.00   24.00 KiB      1.54
    2  LN       -1  x[1x4096]+w[4096]->y[1x4096]                        0.056ms    20.480 K      0.00   24.00 KiB      0.44
    3  FFN_W3    0  x[1x4096]+w[5504x4096]->y[1x5504]                   0.058ms    45.089 M      0.78   43.02 MiB    776.91
    4  FFN_W3    1  x[1x4096]+w[5504x4096]->y[1x5504]                   0.041ms    45.089 M      1.10   43.02 MiB   1104.03
    5  SwiGLU    0  a[1x5504]+b[1x5504]->y[1x5504]                      0.009ms    33.024 K      0.00   32.25 KiB      3.54
    6  SwiGLU    1  a[1x5504]+b[1x5504]->y[1x5504]                      0.011ms    33.024 K      0.00   32.25 KiB      2.99
    7  Add      -1  a[1x4096]+b[1x4096]->y[1x4096]                      0.016ms     4.096 K      0.00   24.00 KiB      1.52
[gpu-debug] segment avg latency (cuda_events): 0.176 ms
[gpu-debug] sum(per-op)               : 0.272 ms (ratio=1.541)
[gpu-debug] NOTE: sum(per-op) may differ from segment latency due to Python overhead, event/launch overhead, and allocator/cache effects.
[gpu-debug] cuda mem before warmup: alloc=96.15 MiB reserved=110.00 MiB
[gpu-debug] cuda mem after warmup : alloc=96.15 MiB reserved=110.00 MiB
[gpu-debug] cuda mem peak (this segment): max_alloc=96.17 MiB max_reserved=110.00 MiB
========================================================================================
[gpu-debug] segment_key=npu|decode|59|ff6dcf33668f3ebc9cf61e7eb43c6a84
[gpu-debug] sig: device_type=npu phase=decode step=59 (count_hint=32)
[gpu-debug] ops_repr: LN:-1,Add:-1,LN:-1,FFN_W3:0,FFN_W3:1,SwiGLU:0,SwiGLU:1,Add:-1
[gpu-debug] cfg: device=cuda dtype=torch.bfloat16 dim=4096 ffn_dim=11008 n_heads=32 shards=2
[gpu-debug] op plan (with inferred tensor shapes):
  - op#00  op=LN       shard=-1  x=[1x4096] + w=[4096]  ->  y=[1x4096]  (T=1, K=824)
  - op#01  op=Add      shard=-1  a=[1x4096] + b=[1x4096]  ->  y=[1x4096]  (T=1, K=824)
  - op#02  op=LN       shard=-1  x=[1x4096] + w=[4096]  ->  y=[1x4096]  (T=1, K=824)
  - op#03  op=FFN_W3   shard=0   x=[1x4096] + w=[5504x4096]  ->  y=[1x5504]  (T=1, K=824)
  - op#04  op=FFN_W3   shard=1   x=[1x4096] + w=[5504x4096]  ->  y=[1x5504]  (T=1, K=824)
  - op#05  op=SwiGLU   shard=0   a=[1x5504] + b=[1x5504]  ->  y=[1x5504]  (T=1, K=824)
  - op#06  op=SwiGLU   shard=1   a=[1x5504] + b=[1x5504]  ->  y=[1x5504]  (T=1, K=824)
  - op#07  op=Add      shard=-1  a=[1x4096] + b=[1x4096]  ->  y=[1x4096]  (T=1, K=824)
[gpu-debug] per-op timing breakdown (avg over iters):
  idx  op       sh  io                                                    time   est_flops    TFLOPs       bytes      GB/s
  ------------------------------------------------------------------------------------------------------------------------
    0  LN       -1  x[1x4096]+w[4096]->y[1x4096]                        0.065ms    20.480 K      0.00   24.00 KiB      0.38
    1  Add      -1  a[1x4096]+b[1x4096]->y[1x4096]                      0.016ms     4.096 K      0.00   24.00 KiB      1.54
    2  LN       -1  x[1x4096]+w[4096]->y[1x4096]                        0.056ms    20.480 K      0.00   24.00 KiB      0.44
    3  FFN_W3    0  x[1x4096]+w[5504x4096]->y[1x5504]                   0.058ms    45.089 M      0.78   43.02 MiB    775.54
    4  FFN_W3    1  x[1x4096]+w[5504x4096]->y[1x5504]                   0.041ms    45.089 M      1.10   43.02 MiB   1104.03
    5  SwiGLU    0  a[1x5504]+b[1x5504]->y[1x5504]                      0.009ms    33.024 K      0.00   32.25 KiB      3.51
    6  SwiGLU    1  a[1x5504]+b[1x5504]->y[1x5504]                      0.010ms    33.024 K      0.00   32.25 KiB      3.36
    7  Add      -1  a[1x4096]+b[1x4096]->y[1x4096]                      0.017ms     4.096 K      0.00   24.00 KiB      1.45
[gpu-debug] segment avg latency (cuda_events): 0.176 ms
[gpu-debug] sum(per-op)               : 0.272 ms (ratio=1.542)
[gpu-debug] NOTE: sum(per-op) may differ from segment latency due to Python overhead, event/launch overhead, and allocator/cache effects.
[gpu-debug] cuda mem before warmup: alloc=96.15 MiB reserved=110.00 MiB
[gpu-debug] cuda mem after warmup : alloc=96.15 MiB reserved=110.00 MiB
[gpu-debug] cuda mem peak (this segment): max_alloc=96.17 MiB max_reserved=110.00 MiB
========================================================================================
[gpu-debug] segment_key=npu|decode|5|ff6dcf33668f3ebc9cf61e7eb43c6a84
[gpu-debug] sig: device_type=npu phase=decode step=5 (count_hint=32)
[gpu-debug] ops_repr: LN:-1,Add:-1,LN:-1,FFN_W3:0,FFN_W3:1,SwiGLU:0,SwiGLU:1,Add:-1
[gpu-debug] cfg: device=cuda dtype=torch.bfloat16 dim=4096 ffn_dim=11008 n_heads=32 shards=2
[gpu-debug] op plan (with inferred tensor shapes):
  - op#00  op=LN       shard=-1  x=[1x4096] + w=[4096]  ->  y=[1x4096]  (T=1, K=176)
  - op#01  op=Add      shard=-1  a=[1x4096] + b=[1x4096]  ->  y=[1x4096]  (T=1, K=176)
  - op#02  op=LN       shard=-1  x=[1x4096] + w=[4096]  ->  y=[1x4096]  (T=1, K=176)
  - op#03  op=FFN_W3   shard=0   x=[1x4096] + w=[5504x4096]  ->  y=[1x5504]  (T=1, K=176)
  - op#04  op=FFN_W3   shard=1   x=[1x4096] + w=[5504x4096]  ->  y=[1x5504]  (T=1, K=176)
  - op#05  op=SwiGLU   shard=0   a=[1x5504] + b=[1x5504]  ->  y=[1x5504]  (T=1, K=176)
  - op#06  op=SwiGLU   shard=1   a=[1x5504] + b=[1x5504]  ->  y=[1x5504]  (T=1, K=176)
  - op#07  op=Add      shard=-1  a=[1x4096] + b=[1x4096]  ->  y=[1x4096]  (T=1, K=176)
[gpu-debug] per-op timing breakdown (avg over iters):
  idx  op       sh  io                                                    time   est_flops    TFLOPs       bytes      GB/s
  ------------------------------------------------------------------------------------------------------------------------
    0  LN       -1  x[1x4096]+w[4096]->y[1x4096]                        0.066ms    20.480 K      0.00   24.00 KiB      0.37
    1  Add      -1  a[1x4096]+b[1x4096]->y[1x4096]                      0.016ms     4.096 K      0.00   24.00 KiB      1.56
    2  LN       -1  x[1x4096]+w[4096]->y[1x4096]                        0.057ms    20.480 K      0.00   24.00 KiB      0.43
    3  FFN_W3    0  x[1x4096]+w[5504x4096]->y[1x5504]                   0.058ms    45.089 M      0.78   43.02 MiB    778.28
    4  FFN_W3    1  x[1x4096]+w[5504x4096]->y[1x5504]                   0.040ms    45.089 M      1.11   43.02 MiB   1115.21
    5  SwiGLU    0  a[1x5504]+b[1x5504]->y[1x5504]                      0.009ms    33.024 K      0.00   32.25 KiB      3.51
    6  SwiGLU    1  a[1x5504]+b[1x5504]->y[1x5504]                      0.010ms    33.024 K      0.00   32.25 KiB      3.29
    7  Add      -1  a[1x4096]+b[1x4096]->y[1x4096]                      0.016ms     4.096 K      0.00   24.00 KiB      1.53
[gpu-debug] segment avg latency (cuda_events): 0.177 ms
[gpu-debug] sum(per-op)               : 0.272 ms (ratio=1.538)
[gpu-debug] NOTE: sum(per-op) may differ from segment latency due to Python overhead, event/launch overhead, and allocator/cache effects.
[gpu-debug] cuda mem before warmup: alloc=96.15 MiB reserved=110.00 MiB
[gpu-debug] cuda mem after warmup : alloc=96.15 MiB reserved=110.00 MiB
[gpu-debug] cuda mem peak (this segment): max_alloc=96.17 MiB max_reserved=110.00 MiB
========================================================================================
[gpu-debug] segment_key=npu|decode|60|ff6dcf33668f3ebc9cf61e7eb43c6a84
[gpu-debug] sig: device_type=npu phase=decode step=60 (count_hint=32)
[gpu-debug] ops_repr: LN:-1,Add:-1,LN:-1,FFN_W3:0,FFN_W3:1,SwiGLU:0,SwiGLU:1,Add:-1
[gpu-debug] cfg: device=cuda dtype=torch.bfloat16 dim=4096 ffn_dim=11008 n_heads=32 shards=2
[gpu-debug] op plan (with inferred tensor shapes):
  - op#00  op=LN       shard=-1  x=[1x4096] + w=[4096]  ->  y=[1x4096]  (T=1, K=836)
  - op#01  op=Add      shard=-1  a=[1x4096] + b=[1x4096]  ->  y=[1x4096]  (T=1, K=836)
  - op#02  op=LN       shard=-1  x=[1x4096] + w=[4096]  ->  y=[1x4096]  (T=1, K=836)
  - op#03  op=FFN_W3   shard=0   x=[1x4096] + w=[5504x4096]  ->  y=[1x5504]  (T=1, K=836)
  - op#04  op=FFN_W3   shard=1   x=[1x4096] + w=[5504x4096]  ->  y=[1x5504]  (T=1, K=836)
  - op#05  op=SwiGLU   shard=0   a=[1x5504] + b=[1x5504]  ->  y=[1x5504]  (T=1, K=836)
  - op#06  op=SwiGLU   shard=1   a=[1x5504] + b=[1x5504]  ->  y=[1x5504]  (T=1, K=836)
  - op#07  op=Add      shard=-1  a=[1x4096] + b=[1x4096]  ->  y=[1x4096]  (T=1, K=836)
[gpu-debug] per-op timing breakdown (avg over iters):
  idx  op       sh  io                                                    time   est_flops    TFLOPs       bytes      GB/s
  ------------------------------------------------------------------------------------------------------------------------
    0  LN       -1  x[1x4096]+w[4096]->y[1x4096]                        0.065ms    20.480 K      0.00   24.00 KiB      0.38
    1  Add      -1  a[1x4096]+b[1x4096]->y[1x4096]                      0.016ms     4.096 K      0.00   24.00 KiB      1.55
    2  LN       -1  x[1x4096]+w[4096]->y[1x4096]                        0.057ms    20.480 K      0.00   24.00 KiB      0.43
    3  FFN_W3    0  x[1x4096]+w[5504x4096]->y[1x5504]                   0.058ms    45.089 M      0.78   43.02 MiB    778.28
    4  FFN_W3    1  x[1x4096]+w[5504x4096]->y[1x5504]                   0.040ms    45.089 M      1.12   43.02 MiB   1118.04
    5  SwiGLU    0  a[1x5504]+b[1x5504]->y[1x5504]                      0.009ms    33.024 K      0.00   32.25 KiB      3.58
    6  SwiGLU    1  a[1x5504]+b[1x5504]->y[1x5504]                      0.011ms    33.024 K      0.00   32.25 KiB      3.01
    7  Add      -1  a[1x4096]+b[1x4096]->y[1x4096]                      0.016ms     4.096 K      0.00   24.00 KiB      1.56
[gpu-debug] segment avg latency (cuda_events): 0.179 ms
[gpu-debug] sum(per-op)               : 0.272 ms (ratio=1.521)
[gpu-debug] NOTE: sum(per-op) may differ from segment latency due to Python overhead, event/launch overhead, and allocator/cache effects.
[gpu-debug] cuda mem before warmup: alloc=96.15 MiB reserved=110.00 MiB
[gpu-debug] cuda mem after warmup : alloc=96.15 MiB reserved=110.00 MiB
[gpu-debug] cuda mem peak (this segment): max_alloc=96.17 MiB max_reserved=110.00 MiB
========================================================================================
[gpu-debug] segment_key=npu|decode|61|ff6dcf33668f3ebc9cf61e7eb43c6a84
[gpu-debug] sig: device_type=npu phase=decode step=61 (count_hint=32)
[gpu-debug] ops_repr: LN:-1,Add:-1,LN:-1,FFN_W3:0,FFN_W3:1,SwiGLU:0,SwiGLU:1,Add:-1
[gpu-debug] cfg: device=cuda dtype=torch.bfloat16 dim=4096 ffn_dim=11008 n_heads=32 shards=2
[gpu-debug] op plan (with inferred tensor shapes):
  - op#00  op=LN       shard=-1  x=[1x4096] + w=[4096]  ->  y=[1x4096]  (T=1, K=848)
  - op#01  op=Add      shard=-1  a=[1x4096] + b=[1x4096]  ->  y=[1x4096]  (T=1, K=848)
  - op#02  op=LN       shard=-1  x=[1x4096] + w=[4096]  ->  y=[1x4096]  (T=1, K=848)
  - op#03  op=FFN_W3   shard=0   x=[1x4096] + w=[5504x4096]  ->  y=[1x5504]  (T=1, K=848)
  - op#04  op=FFN_W3   shard=1   x=[1x4096] + w=[5504x4096]  ->  y=[1x5504]  (T=1, K=848)
  - op#05  op=SwiGLU   shard=0   a=[1x5504] + b=[1x5504]  ->  y=[1x5504]  (T=1, K=848)
  - op#06  op=SwiGLU   shard=1   a=[1x5504] + b=[1x5504]  ->  y=[1x5504]  (T=1, K=848)
  - op#07  op=Add      shard=-1  a=[1x4096] + b=[1x4096]  ->  y=[1x4096]  (T=1, K=848)
[gpu-debug] per-op timing breakdown (avg over iters):
  idx  op       sh  io                                                    time   est_flops    TFLOPs       bytes      GB/s
  ------------------------------------------------------------------------------------------------------------------------
    0  LN       -1  x[1x4096]+w[4096]->y[1x4096]                        0.066ms    20.480 K      0.00   24.00 KiB      0.37
    1  Add      -1  a[1x4096]+b[1x4096]->y[1x4096]                      0.016ms     4.096 K      0.00   24.00 KiB      1.56
    2  LN       -1  x[1x4096]+w[4096]->y[1x4096]                        0.056ms    20.480 K      0.00   24.00 KiB      0.44
    3  FFN_W3    0  x[1x4096]+w[5504x4096]->y[1x5504]                   0.058ms    45.089 M      0.78   43.02 MiB    779.66
    4  FFN_W3    1  x[1x4096]+w[5504x4096]->y[1x5504]                   0.041ms    45.089 M      1.11   43.02 MiB   1106.80
    5  SwiGLU    0  a[1x5504]+b[1x5504]->y[1x5504]                      0.010ms    33.024 K      0.00   32.25 KiB      3.43
    6  SwiGLU    1  a[1x5504]+b[1x5504]->y[1x5504]                      0.010ms    33.024 K      0.00   32.25 KiB      3.47
    7  Add      -1  a[1x4096]+b[1x4096]->y[1x4096]                      0.016ms     4.096 K      0.00   24.00 KiB      1.57
[gpu-debug] segment avg latency (cuda_events): 0.176 ms
[gpu-debug] sum(per-op)               : 0.271 ms (ratio=1.540)
[gpu-debug] NOTE: sum(per-op) may differ from segment latency due to Python overhead, event/launch overhead, and allocator/cache effects.
[gpu-debug] cuda mem before warmup: alloc=96.15 MiB reserved=110.00 MiB
[gpu-debug] cuda mem after warmup : alloc=96.15 MiB reserved=110.00 MiB
[gpu-debug] cuda mem peak (this segment): max_alloc=96.17 MiB max_reserved=110.00 MiB
========================================================================================
[gpu-debug] segment_key=npu|decode|62|ff6dcf33668f3ebc9cf61e7eb43c6a84
[gpu-debug] sig: device_type=npu phase=decode step=62 (count_hint=32)
[gpu-debug] ops_repr: LN:-1,Add:-1,LN:-1,FFN_W3:0,FFN_W3:1,SwiGLU:0,SwiGLU:1,Add:-1
[gpu-debug] cfg: device=cuda dtype=torch.bfloat16 dim=4096 ffn_dim=11008 n_heads=32 shards=2
[gpu-debug] op plan (with inferred tensor shapes):
  - op#00  op=LN       shard=-1  x=[1x4096] + w=[4096]  ->  y=[1x4096]  (T=1, K=860)
  - op#01  op=Add      shard=-1  a=[1x4096] + b=[1x4096]  ->  y=[1x4096]  (T=1, K=860)
  - op#02  op=LN       shard=-1  x=[1x4096] + w=[4096]  ->  y=[1x4096]  (T=1, K=860)
  - op#03  op=FFN_W3   shard=0   x=[1x4096] + w=[5504x4096]  ->  y=[1x5504]  (T=1, K=860)
  - op#04  op=FFN_W3   shard=1   x=[1x4096] + w=[5504x4096]  ->  y=[1x5504]  (T=1, K=860)
  - op#05  op=SwiGLU   shard=0   a=[1x5504] + b=[1x5504]  ->  y=[1x5504]  (T=1, K=860)
  - op#06  op=SwiGLU   shard=1   a=[1x5504] + b=[1x5504]  ->  y=[1x5504]  (T=1, K=860)
  - op#07  op=Add      shard=-1  a=[1x4096] + b=[1x4096]  ->  y=[1x4096]  (T=1, K=860)
[gpu-debug] per-op timing breakdown (avg over iters):
  idx  op       sh  io                                                    time   est_flops    TFLOPs       bytes      GB/s
  ------------------------------------------------------------------------------------------------------------------------
    0  LN       -1  x[1x4096]+w[4096]->y[1x4096]                        0.064ms    20.480 K      0.00   24.00 KiB      0.38
    1  Add      -1  a[1x4096]+b[1x4096]->y[1x4096]                      0.017ms     4.096 K      0.00   24.00 KiB      1.44
    2  LN       -1  x[1x4096]+w[4096]->y[1x4096]                        0.057ms    20.480 K      0.00   24.00 KiB      0.43
    3  FFN_W3    0  x[1x4096]+w[5504x4096]->y[1x5504]                   0.058ms    45.089 M      0.77   43.02 MiB    771.47
    4  FFN_W3    1  x[1x4096]+w[5504x4096]->y[1x5504]                   0.040ms    45.089 M      1.11   43.02 MiB   1115.21
    5  SwiGLU    0  a[1x5504]+b[1x5504]->y[1x5504]                      0.009ms    33.024 K      0.00   32.25 KiB      3.51
    6  SwiGLU    1  a[1x5504]+b[1x5504]->y[1x5504]                      0.010ms    33.024 K      0.00   32.25 KiB      3.36
    7  Add      -1  a[1x4096]+b[1x4096]->y[1x4096]                      0.016ms     4.096 K      0.00   24.00 KiB      1.57
[gpu-debug] segment avg latency (cuda_events): 0.176 ms
[gpu-debug] sum(per-op)               : 0.273 ms (ratio=1.549)
[gpu-debug] NOTE: sum(per-op) may differ from segment latency due to Python overhead, event/launch overhead, and allocator/cache effects.
[gpu-debug] cuda mem before warmup: alloc=96.15 MiB reserved=110.00 MiB
[gpu-debug] cuda mem after warmup : alloc=96.15 MiB reserved=110.00 MiB
[gpu-debug] cuda mem peak (this segment): max_alloc=96.17 MiB max_reserved=110.00 MiB
========================================================================================
[gpu-debug] segment_key=npu|decode|63|ff6dcf33668f3ebc9cf61e7eb43c6a84
[gpu-debug] sig: device_type=npu phase=decode step=63 (count_hint=32)
[gpu-debug] ops_repr: LN:-1,Add:-1,LN:-1,FFN_W3:0,FFN_W3:1,SwiGLU:0,SwiGLU:1,Add:-1
[gpu-debug] cfg: device=cuda dtype=torch.bfloat16 dim=4096 ffn_dim=11008 n_heads=32 shards=2
[gpu-debug] op plan (with inferred tensor shapes):
  - op#00  op=LN       shard=-1  x=[1x4096] + w=[4096]  ->  y=[1x4096]  (T=1, K=872)
  - op#01  op=Add      shard=-1  a=[1x4096] + b=[1x4096]  ->  y=[1x4096]  (T=1, K=872)
  - op#02  op=LN       shard=-1  x=[1x4096] + w=[4096]  ->  y=[1x4096]  (T=1, K=872)
  - op#03  op=FFN_W3   shard=0   x=[1x4096] + w=[5504x4096]  ->  y=[1x5504]  (T=1, K=872)
  - op#04  op=FFN_W3   shard=1   x=[1x4096] + w=[5504x4096]  ->  y=[1x5504]  (T=1, K=872)
  - op#05  op=SwiGLU   shard=0   a=[1x5504] + b=[1x5504]  ->  y=[1x5504]  (T=1, K=872)
  - op#06  op=SwiGLU   shard=1   a=[1x5504] + b=[1x5504]  ->  y=[1x5504]  (T=1, K=872)
  - op#07  op=Add      shard=-1  a=[1x4096] + b=[1x4096]  ->  y=[1x4096]  (T=1, K=872)
[gpu-debug] per-op timing breakdown (avg over iters):
  idx  op       sh  io                                                    time   est_flops    TFLOPs       bytes      GB/s
  ------------------------------------------------------------------------------------------------------------------------
    0  LN       -1  x[1x4096]+w[4096]->y[1x4096]                        0.064ms    20.480 K      0.00   24.00 KiB      0.38
    1  Add      -1  a[1x4096]+b[1x4096]->y[1x4096]                      0.016ms     4.096 K      0.00   24.00 KiB      1.55
    2  LN       -1  x[1x4096]+w[4096]->y[1x4096]                        0.058ms    20.480 K      0.00   24.00 KiB      0.42
    3  FFN_W3    0  x[1x4096]+w[5504x4096]->y[1x5504]                   0.058ms    45.089 M      0.77   43.02 MiB    772.82
    4  FFN_W3    1  x[1x4096]+w[5504x4096]->y[1x5504]                   0.041ms    45.089 M      1.11   43.02 MiB   1109.59
    5  SwiGLU    0  a[1x5504]+b[1x5504]->y[1x5504]                      0.009ms    33.024 K      0.00   32.25 KiB      3.51
    6  SwiGLU    1  a[1x5504]+b[1x5504]->y[1x5504]                      0.010ms    33.024 K      0.00   32.25 KiB      3.29
    7  Add      -1  a[1x4096]+b[1x4096]->y[1x4096]                      0.016ms     4.096 K      0.00   24.00 KiB      1.55
[gpu-debug] segment avg latency (cuda_events): 0.178 ms
[gpu-debug] sum(per-op)               : 0.273 ms (ratio=1.534)
[gpu-debug] NOTE: sum(per-op) may differ from segment latency due to Python overhead, event/launch overhead, and allocator/cache effects.
[gpu-debug] cuda mem before warmup: alloc=96.15 MiB reserved=110.00 MiB
[gpu-debug] cuda mem after warmup : alloc=96.15 MiB reserved=110.00 MiB
[gpu-debug] cuda mem peak (this segment): max_alloc=96.17 MiB max_reserved=110.00 MiB
========================================================================================
[gpu-debug] segment_key=npu|decode|64|ff6dcf33668f3ebc9cf61e7eb43c6a84
[gpu-debug] sig: device_type=npu phase=decode step=64 (count_hint=32)
[gpu-debug] ops_repr: LN:-1,Add:-1,LN:-1,FFN_W3:0,FFN_W3:1,SwiGLU:0,SwiGLU:1,Add:-1
[gpu-debug] cfg: device=cuda dtype=torch.bfloat16 dim=4096 ffn_dim=11008 n_heads=32 shards=2
[gpu-debug] op plan (with inferred tensor shapes):
  - op#00  op=LN       shard=-1  x=[1x4096] + w=[4096]  ->  y=[1x4096]  (T=1, K=884)
  - op#01  op=Add      shard=-1  a=[1x4096] + b=[1x4096]  ->  y=[1x4096]  (T=1, K=884)
  - op#02  op=LN       shard=-1  x=[1x4096] + w=[4096]  ->  y=[1x4096]  (T=1, K=884)
  - op#03  op=FFN_W3   shard=0   x=[1x4096] + w=[5504x4096]  ->  y=[1x5504]  (T=1, K=884)
  - op#04  op=FFN_W3   shard=1   x=[1x4096] + w=[5504x4096]  ->  y=[1x5504]  (T=1, K=884)
  - op#05  op=SwiGLU   shard=0   a=[1x5504] + b=[1x5504]  ->  y=[1x5504]  (T=1, K=884)
  - op#06  op=SwiGLU   shard=1   a=[1x5504] + b=[1x5504]  ->  y=[1x5504]  (T=1, K=884)
  - op#07  op=Add      shard=-1  a=[1x4096] + b=[1x4096]  ->  y=[1x4096]  (T=1, K=884)
[gpu-debug] per-op timing breakdown (avg over iters):
  idx  op       sh  io                                                    time   est_flops    TFLOPs       bytes      GB/s
  ------------------------------------------------------------------------------------------------------------------------
    0  LN       -1  x[1x4096]+w[4096]->y[1x4096]                        0.064ms    20.480 K      0.00   24.00 KiB      0.39
    1  Add      -1  a[1x4096]+b[1x4096]->y[1x4096]                      0.016ms     4.096 K      0.00   24.00 KiB      1.58
    2  LN       -1  x[1x4096]+w[4096]->y[1x4096]                        0.056ms    20.480 K      0.00   24.00 KiB      0.44
    3  FFN_W3    0  x[1x4096]+w[5504x4096]->y[1x5504]                   0.059ms    45.089 M      0.77   43.02 MiB    767.43
    4  FFN_W3    1  x[1x4096]+w[5504x4096]->y[1x5504]                   0.041ms    45.089 M      1.11   43.02 MiB   1109.59
    5  SwiGLU    0  a[1x5504]+b[1x5504]->y[1x5504]                      0.010ms    33.024 K      0.00   32.25 KiB      3.43
    6  SwiGLU    1  a[1x5504]+b[1x5504]->y[1x5504]                      0.010ms    33.024 K      0.00   32.25 KiB      3.32
    7  Add      -1  a[1x4096]+b[1x4096]->y[1x4096]                      0.016ms     4.096 K      0.00   24.00 KiB      1.58
[gpu-debug] segment avg latency (cuda_events): 0.177 ms
[gpu-debug] sum(per-op)               : 0.270 ms (ratio=1.528)
[gpu-debug] NOTE: sum(per-op) may differ from segment latency due to Python overhead, event/launch overhead, and allocator/cache effects.
[gpu-debug] cuda mem before warmup: alloc=96.15 MiB reserved=110.00 MiB
[gpu-debug] cuda mem after warmup : alloc=96.15 MiB reserved=110.00 MiB
[gpu-debug] cuda mem peak (this segment): max_alloc=96.17 MiB max_reserved=110.00 MiB
========================================================================================
[gpu-debug] segment_key=npu|decode|65|ff6dcf33668f3ebc9cf61e7eb43c6a84
[gpu-debug] sig: device_type=npu phase=decode step=65 (count_hint=32)
[gpu-debug] ops_repr: LN:-1,Add:-1,LN:-1,FFN_W3:0,FFN_W3:1,SwiGLU:0,SwiGLU:1,Add:-1
[gpu-debug] cfg: device=cuda dtype=torch.bfloat16 dim=4096 ffn_dim=11008 n_heads=32 shards=2
[gpu-debug] op plan (with inferred tensor shapes):
  - op#00  op=LN       shard=-1  x=[1x4096] + w=[4096]  ->  y=[1x4096]  (T=1, K=896)
  - op#01  op=Add      shard=-1  a=[1x4096] + b=[1x4096]  ->  y=[1x4096]  (T=1, K=896)
  - op#02  op=LN       shard=-1  x=[1x4096] + w=[4096]  ->  y=[1x4096]  (T=1, K=896)
  - op#03  op=FFN_W3   shard=0   x=[1x4096] + w=[5504x4096]  ->  y=[1x5504]  (T=1, K=896)
  - op#04  op=FFN_W3   shard=1   x=[1x4096] + w=[5504x4096]  ->  y=[1x5504]  (T=1, K=896)
  - op#05  op=SwiGLU   shard=0   a=[1x5504] + b=[1x5504]  ->  y=[1x5504]  (T=1, K=896)
  - op#06  op=SwiGLU   shard=1   a=[1x5504] + b=[1x5504]  ->  y=[1x5504]  (T=1, K=896)
  - op#07  op=Add      shard=-1  a=[1x4096] + b=[1x4096]  ->  y=[1x4096]  (T=1, K=896)
[gpu-debug] per-op timing breakdown (avg over iters):
  idx  op       sh  io                                                    time   est_flops    TFLOPs       bytes      GB/s
  ------------------------------------------------------------------------------------------------------------------------
    0  LN       -1  x[1x4096]+w[4096]->y[1x4096]                        0.064ms    20.480 K      0.00   24.00 KiB      0.38
    1  Add      -1  a[1x4096]+b[1x4096]->y[1x4096]                      0.016ms     4.096 K      0.00   24.00 KiB      1.49
    2  LN       -1  x[1x4096]+w[4096]->y[1x4096]                        0.057ms    20.480 K      0.00   24.00 KiB      0.43
    3  FFN_W3    0  x[1x4096]+w[5504x4096]->y[1x5504]                   0.058ms    45.089 M      0.78   43.02 MiB    779.66
    4  FFN_W3    1  x[1x4096]+w[5504x4096]->y[1x5504]                   0.041ms    45.089 M      1.11   43.02 MiB   1112.39
    5  SwiGLU    0  a[1x5504]+b[1x5504]->y[1x5504]                      0.009ms    33.024 K      0.00   32.25 KiB      3.54
    6  SwiGLU    1  a[1x5504]+b[1x5504]->y[1x5504]                      0.010ms    33.024 K      0.00   32.25 KiB      3.43
    7  Add      -1  a[1x4096]+b[1x4096]->y[1x4096]                      0.016ms     4.096 K      0.00   24.00 KiB      1.52
[gpu-debug] segment avg latency (cuda_events): 0.179 ms
[gpu-debug] sum(per-op)               : 0.271 ms (ratio=1.516)
[gpu-debug] NOTE: sum(per-op) may differ from segment latency due to Python overhead, event/launch overhead, and allocator/cache effects.
[gpu-debug] cuda mem before warmup: alloc=96.15 MiB reserved=110.00 MiB
[gpu-debug] cuda mem after warmup : alloc=96.15 MiB reserved=110.00 MiB
[gpu-debug] cuda mem peak (this segment): max_alloc=96.17 MiB max_reserved=110.00 MiB
========================================================================================
[gpu-debug] segment_key=npu|decode|66|ff6dcf33668f3ebc9cf61e7eb43c6a84
[gpu-debug] sig: device_type=npu phase=decode step=66 (count_hint=32)
[gpu-debug] ops_repr: LN:-1,Add:-1,LN:-1,FFN_W3:0,FFN_W3:1,SwiGLU:0,SwiGLU:1,Add:-1
[gpu-debug] cfg: device=cuda dtype=torch.bfloat16 dim=4096 ffn_dim=11008 n_heads=32 shards=2
[gpu-debug] op plan (with inferred tensor shapes):
  - op#00  op=LN       shard=-1  x=[1x4096] + w=[4096]  ->  y=[1x4096]  (T=1, K=908)
  - op#01  op=Add      shard=-1  a=[1x4096] + b=[1x4096]  ->  y=[1x4096]  (T=1, K=908)
  - op#02  op=LN       shard=-1  x=[1x4096] + w=[4096]  ->  y=[1x4096]  (T=1, K=908)
  - op#03  op=FFN_W3   shard=0   x=[1x4096] + w=[5504x4096]  ->  y=[1x5504]  (T=1, K=908)
  - op#04  op=FFN_W3   shard=1   x=[1x4096] + w=[5504x4096]  ->  y=[1x5504]  (T=1, K=908)
  - op#05  op=SwiGLU   shard=0   a=[1x5504] + b=[1x5504]  ->  y=[1x5504]  (T=1, K=908)
  - op#06  op=SwiGLU   shard=1   a=[1x5504] + b=[1x5504]  ->  y=[1x5504]  (T=1, K=908)
  - op#07  op=Add      shard=-1  a=[1x4096] + b=[1x4096]  ->  y=[1x4096]  (T=1, K=908)
[gpu-debug] per-op timing breakdown (avg over iters):
  idx  op       sh  io                                                    time   est_flops    TFLOPs       bytes      GB/s
  ------------------------------------------------------------------------------------------------------------------------
    0  LN       -1  x[1x4096]+w[4096]->y[1x4096]                        0.064ms    20.480 K      0.00   24.00 KiB      0.38
    1  Add      -1  a[1x4096]+b[1x4096]->y[1x4096]                      0.016ms     4.096 K      0.00   24.00 KiB      1.55
    2  LN       -1  x[1x4096]+w[4096]->y[1x4096]                        0.059ms    20.480 K      0.00   24.00 KiB      0.42
    3  FFN_W3    0  x[1x4096]+w[5504x4096]->y[1x5504]                   0.058ms    45.089 M      0.78   43.02 MiB    775.54
    4  FFN_W3    1  x[1x4096]+w[5504x4096]->y[1x5504]                   0.041ms    45.089 M      1.11   43.02 MiB   1112.39
    5  SwiGLU    0  a[1x5504]+b[1x5504]->y[1x5504]                      0.009ms    33.024 K      0.00   32.25 KiB      3.54
    6  SwiGLU    1  a[1x5504]+b[1x5504]->y[1x5504]                      0.010ms    33.024 K      0.00   32.25 KiB      3.32
    7  Add      -1  a[1x4096]+b[1x4096]->y[1x4096]                      0.015ms     4.096 K      0.00   24.00 KiB      1.59
[gpu-debug] segment avg latency (cuda_events): 0.177 ms
[gpu-debug] sum(per-op)               : 0.272 ms (ratio=1.539)
[gpu-debug] NOTE: sum(per-op) may differ from segment latency due to Python overhead, event/launch overhead, and allocator/cache effects.
[gpu-debug] cuda mem before warmup: alloc=96.15 MiB reserved=110.00 MiB
[gpu-debug] cuda mem after warmup : alloc=96.15 MiB reserved=110.00 MiB
[gpu-debug] cuda mem peak (this segment): max_alloc=96.17 MiB max_reserved=110.00 MiB
========================================================================================
[gpu-debug] segment_key=npu|decode|67|ff6dcf33668f3ebc9cf61e7eb43c6a84
[gpu-debug] sig: device_type=npu phase=decode step=67 (count_hint=32)
[gpu-debug] ops_repr: LN:-1,Add:-1,LN:-1,FFN_W3:0,FFN_W3:1,SwiGLU:0,SwiGLU:1,Add:-1
[gpu-debug] cfg: device=cuda dtype=torch.bfloat16 dim=4096 ffn_dim=11008 n_heads=32 shards=2
[gpu-debug] op plan (with inferred tensor shapes):
  - op#00  op=LN       shard=-1  x=[1x4096] + w=[4096]  ->  y=[1x4096]  (T=1, K=920)
  - op#01  op=Add      shard=-1  a=[1x4096] + b=[1x4096]  ->  y=[1x4096]  (T=1, K=920)
  - op#02  op=LN       shard=-1  x=[1x4096] + w=[4096]  ->  y=[1x4096]  (T=1, K=920)
  - op#03  op=FFN_W3   shard=0   x=[1x4096] + w=[5504x4096]  ->  y=[1x5504]  (T=1, K=920)
  - op#04  op=FFN_W3   shard=1   x=[1x4096] + w=[5504x4096]  ->  y=[1x5504]  (T=1, K=920)
  - op#05  op=SwiGLU   shard=0   a=[1x5504] + b=[1x5504]  ->  y=[1x5504]  (T=1, K=920)
  - op#06  op=SwiGLU   shard=1   a=[1x5504] + b=[1x5504]  ->  y=[1x5504]  (T=1, K=920)
  - op#07  op=Add      shard=-1  a=[1x4096] + b=[1x4096]  ->  y=[1x4096]  (T=1, K=920)
[gpu-debug] per-op timing breakdown (avg over iters):
  idx  op       sh  io                                                    time   est_flops    TFLOPs       bytes      GB/s
  ------------------------------------------------------------------------------------------------------------------------
    0  LN       -1  x[1x4096]+w[4096]->y[1x4096]                        0.064ms    20.480 K      0.00   24.00 KiB      0.38
    1  Add      -1  a[1x4096]+b[1x4096]->y[1x4096]                      0.016ms     4.096 K      0.00   24.00 KiB      1.57
    2  LN       -1  x[1x4096]+w[4096]->y[1x4096]                        0.056ms    20.480 K      0.00   24.00 KiB      0.44
    3  FFN_W3    0  x[1x4096]+w[5504x4096]->y[1x5504]                   0.058ms    45.089 M      0.77   43.02 MiB    772.82
    4  FFN_W3    1  x[1x4096]+w[5504x4096]->y[1x5504]                   0.040ms    45.089 M      1.13   43.02 MiB   1129.51
    5  SwiGLU    0  a[1x5504]+b[1x5504]->y[1x5504]                      0.009ms    33.024 K      0.00   32.25 KiB      3.66
    6  SwiGLU    1  a[1x5504]+b[1x5504]->y[1x5504]                      0.010ms    33.024 K      0.00   32.25 KiB      3.39
    7  Add      -1  a[1x4096]+b[1x4096]->y[1x4096]                      0.016ms     4.096 K      0.00   24.00 KiB      1.51
[gpu-debug] segment avg latency (cuda_events): 0.177 ms
[gpu-debug] sum(per-op)               : 0.269 ms (ratio=1.523)
[gpu-debug] NOTE: sum(per-op) may differ from segment latency due to Python overhead, event/launch overhead, and allocator/cache effects.
[gpu-debug] cuda mem before warmup: alloc=96.15 MiB reserved=110.00 MiB
[gpu-debug] cuda mem after warmup : alloc=96.15 MiB reserved=110.00 MiB
[gpu-debug] cuda mem peak (this segment): max_alloc=96.17 MiB max_reserved=110.00 MiB
========================================================================================
[gpu-debug] segment_key=npu|decode|68|ff6dcf33668f3ebc9cf61e7eb43c6a84
[gpu-debug] sig: device_type=npu phase=decode step=68 (count_hint=32)
[gpu-debug] ops_repr: LN:-1,Add:-1,LN:-1,FFN_W3:0,FFN_W3:1,SwiGLU:0,SwiGLU:1,Add:-1
[gpu-debug] cfg: device=cuda dtype=torch.bfloat16 dim=4096 ffn_dim=11008 n_heads=32 shards=2
[gpu-debug] op plan (with inferred tensor shapes):
  - op#00  op=LN       shard=-1  x=[1x4096] + w=[4096]  ->  y=[1x4096]  (T=1, K=932)
  - op#01  op=Add      shard=-1  a=[1x4096] + b=[1x4096]  ->  y=[1x4096]  (T=1, K=932)
  - op#02  op=LN       shard=-1  x=[1x4096] + w=[4096]  ->  y=[1x4096]  (T=1, K=932)
  - op#03  op=FFN_W3   shard=0   x=[1x4096] + w=[5504x4096]  ->  y=[1x5504]  (T=1, K=932)
  - op#04  op=FFN_W3   shard=1   x=[1x4096] + w=[5504x4096]  ->  y=[1x5504]  (T=1, K=932)
  - op#05  op=SwiGLU   shard=0   a=[1x5504] + b=[1x5504]  ->  y=[1x5504]  (T=1, K=932)
  - op#06  op=SwiGLU   shard=1   a=[1x5504] + b=[1x5504]  ->  y=[1x5504]  (T=1, K=932)
  - op#07  op=Add      shard=-1  a=[1x4096] + b=[1x4096]  ->  y=[1x4096]  (T=1, K=932)
[gpu-debug] per-op timing breakdown (avg over iters):
  idx  op       sh  io                                                    time   est_flops    TFLOPs       bytes      GB/s
  ------------------------------------------------------------------------------------------------------------------------
    0  LN       -1  x[1x4096]+w[4096]->y[1x4096]                        0.065ms    20.480 K      0.00   24.00 KiB      0.38
    1  Add      -1  a[1x4096]+b[1x4096]->y[1x4096]                      0.016ms     4.096 K      0.00   24.00 KiB      1.55
    2  LN       -1  x[1x4096]+w[4096]->y[1x4096]                        0.056ms    20.480 K      0.00   24.00 KiB      0.44
    3  FFN_W3    0  x[1x4096]+w[5504x4096]->y[1x5504]                   0.058ms    45.089 M      0.78   43.02 MiB    781.04
    4  FFN_W3    1  x[1x4096]+w[5504x4096]->y[1x5504]                   0.040ms    45.089 M      1.13   43.02 MiB   1126.62
    5  SwiGLU    0  a[1x5504]+b[1x5504]->y[1x5504]                      0.009ms    33.024 K      0.00   32.25 KiB      3.62
    6  SwiGLU    1  a[1x5504]+b[1x5504]->y[1x5504]                      0.012ms    33.024 K      0.00   32.25 KiB      2.85
    7  Add      -1  a[1x4096]+b[1x4096]->y[1x4096]                      0.016ms     4.096 K      0.00   24.00 KiB      1.56
[gpu-debug] segment avg latency (cuda_events): 0.176 ms
[gpu-debug] sum(per-op)               : 0.271 ms (ratio=1.544)
[gpu-debug] NOTE: sum(per-op) may differ from segment latency due to Python overhead, event/launch overhead, and allocator/cache effects.
[gpu-debug] cuda mem before warmup: alloc=96.15 MiB reserved=110.00 MiB
[gpu-debug] cuda mem after warmup : alloc=96.15 MiB reserved=110.00 MiB
[gpu-debug] cuda mem peak (this segment): max_alloc=96.17 MiB max_reserved=110.00 MiB
========================================================================================
[gpu-debug] segment_key=npu|decode|69|ff6dcf33668f3ebc9cf61e7eb43c6a84
[gpu-debug] sig: device_type=npu phase=decode step=69 (count_hint=32)
[gpu-debug] ops_repr: LN:-1,Add:-1,LN:-1,FFN_W3:0,FFN_W3:1,SwiGLU:0,SwiGLU:1,Add:-1
[gpu-debug] cfg: device=cuda dtype=torch.bfloat16 dim=4096 ffn_dim=11008 n_heads=32 shards=2
[gpu-debug] op plan (with inferred tensor shapes):
  - op#00  op=LN       shard=-1  x=[1x4096] + w=[4096]  ->  y=[1x4096]  (T=1, K=944)
  - op#01  op=Add      shard=-1  a=[1x4096] + b=[1x4096]  ->  y=[1x4096]  (T=1, K=944)
  - op#02  op=LN       shard=-1  x=[1x4096] + w=[4096]  ->  y=[1x4096]  (T=1, K=944)
  - op#03  op=FFN_W3   shard=0   x=[1x4096] + w=[5504x4096]  ->  y=[1x5504]  (T=1, K=944)
  - op#04  op=FFN_W3   shard=1   x=[1x4096] + w=[5504x4096]  ->  y=[1x5504]  (T=1, K=944)
  - op#05  op=SwiGLU   shard=0   a=[1x5504] + b=[1x5504]  ->  y=[1x5504]  (T=1, K=944)
  - op#06  op=SwiGLU   shard=1   a=[1x5504] + b=[1x5504]  ->  y=[1x5504]  (T=1, K=944)
  - op#07  op=Add      shard=-1  a=[1x4096] + b=[1x4096]  ->  y=[1x4096]  (T=1, K=944)
[gpu-debug] per-op timing breakdown (avg over iters):
  idx  op       sh  io                                                    time   est_flops    TFLOPs       bytes      GB/s
  ------------------------------------------------------------------------------------------------------------------------
    0  LN       -1  x[1x4096]+w[4096]->y[1x4096]                        0.064ms    20.480 K      0.00   24.00 KiB      0.38
    1  Add      -1  a[1x4096]+b[1x4096]->y[1x4096]                      0.016ms     4.096 K      0.00   24.00 KiB      1.56
    2  LN       -1  x[1x4096]+w[4096]->y[1x4096]                        0.056ms    20.480 K      0.00   24.00 KiB      0.44
    3  FFN_W3    0  x[1x4096]+w[5504x4096]->y[1x5504]                   0.057ms    45.089 M      0.78   43.02 MiB    785.22
    4  FFN_W3    1  x[1x4096]+w[5504x4096]->y[1x5504]                   0.040ms    45.089 M      1.11   43.02 MiB   1115.21
    5  SwiGLU    0  a[1x5504]+b[1x5504]->y[1x5504]                      0.009ms    33.024 K      0.00   32.25 KiB      3.62
    6  SwiGLU    1  a[1x5504]+b[1x5504]->y[1x5504]                      0.011ms    33.024 K      0.00   32.25 KiB      2.99
    7  Add      -1  a[1x4096]+b[1x4096]->y[1x4096]                      0.017ms     4.096 K      0.00   24.00 KiB      1.43
[gpu-debug] segment avg latency (cuda_events): 0.177 ms
[gpu-debug] sum(per-op)               : 0.271 ms (ratio=1.533)
[gpu-debug] NOTE: sum(per-op) may differ from segment latency due to Python overhead, event/launch overhead, and allocator/cache effects.
[gpu-debug] cuda mem before warmup: alloc=96.15 MiB reserved=110.00 MiB
[gpu-debug] cuda mem after warmup : alloc=96.15 MiB reserved=110.00 MiB
[gpu-debug] cuda mem peak (this segment): max_alloc=96.17 MiB max_reserved=110.00 MiB
========================================================================================
[gpu-debug] segment_key=npu|decode|6|ff6dcf33668f3ebc9cf61e7eb43c6a84
[gpu-debug] sig: device_type=npu phase=decode step=6 (count_hint=32)
[gpu-debug] ops_repr: LN:-1,Add:-1,LN:-1,FFN_W3:0,FFN_W3:1,SwiGLU:0,SwiGLU:1,Add:-1
[gpu-debug] cfg: device=cuda dtype=torch.bfloat16 dim=4096 ffn_dim=11008 n_heads=32 shards=2
[gpu-debug] op plan (with inferred tensor shapes):
  - op#00  op=LN       shard=-1  x=[1x4096] + w=[4096]  ->  y=[1x4096]  (T=1, K=188)
  - op#01  op=Add      shard=-1  a=[1x4096] + b=[1x4096]  ->  y=[1x4096]  (T=1, K=188)
  - op#02  op=LN       shard=-1  x=[1x4096] + w=[4096]  ->  y=[1x4096]  (T=1, K=188)
  - op#03  op=FFN_W3   shard=0   x=[1x4096] + w=[5504x4096]  ->  y=[1x5504]  (T=1, K=188)
  - op#04  op=FFN_W3   shard=1   x=[1x4096] + w=[5504x4096]  ->  y=[1x5504]  (T=1, K=188)
  - op#05  op=SwiGLU   shard=0   a=[1x5504] + b=[1x5504]  ->  y=[1x5504]  (T=1, K=188)
  - op#06  op=SwiGLU   shard=1   a=[1x5504] + b=[1x5504]  ->  y=[1x5504]  (T=1, K=188)
  - op#07  op=Add      shard=-1  a=[1x4096] + b=[1x4096]  ->  y=[1x4096]  (T=1, K=188)
[gpu-debug] per-op timing breakdown (avg over iters):
  idx  op       sh  io                                                    time   est_flops    TFLOPs       bytes      GB/s
  ------------------------------------------------------------------------------------------------------------------------
    0  LN       -1  x[1x4096]+w[4096]->y[1x4096]                        0.064ms    20.480 K      0.00   24.00 KiB      0.38
    1  Add      -1  a[1x4096]+b[1x4096]->y[1x4096]                      0.016ms     4.096 K      0.00   24.00 KiB      1.56
    2  LN       -1  x[1x4096]+w[4096]->y[1x4096]                        0.057ms    20.480 K      0.00   24.00 KiB      0.43
    3  FFN_W3    0  x[1x4096]+w[5504x4096]->y[1x5504]                   0.058ms    45.089 M      0.78   43.02 MiB    779.66
    4  FFN_W3    1  x[1x4096]+w[5504x4096]->y[1x5504]                   0.040ms    45.089 M      1.12   43.02 MiB   1118.04
    5  SwiGLU    0  a[1x5504]+b[1x5504]->y[1x5504]                      0.009ms    33.024 K      0.00   32.25 KiB      3.58
    6  SwiGLU    1  a[1x5504]+b[1x5504]->y[1x5504]                      0.011ms    33.024 K      0.00   32.25 KiB      2.91
    7  Add      -1  a[1x4096]+b[1x4096]->y[1x4096]                      0.016ms     4.096 K      0.00   24.00 KiB      1.58
[gpu-debug] segment avg latency (cuda_events): 0.177 ms
[gpu-debug] sum(per-op)               : 0.271 ms (ratio=1.533)
[gpu-debug] NOTE: sum(per-op) may differ from segment latency due to Python overhead, event/launch overhead, and allocator/cache effects.
[gpu-debug] cuda mem before warmup: alloc=96.15 MiB reserved=110.00 MiB
[gpu-debug] cuda mem after warmup : alloc=96.15 MiB reserved=110.00 MiB
[gpu-debug] cuda mem peak (this segment): max_alloc=96.17 MiB max_reserved=110.00 MiB
========================================================================================
[gpu-debug] segment_key=npu|decode|70|ff6dcf33668f3ebc9cf61e7eb43c6a84
[gpu-debug] sig: device_type=npu phase=decode step=70 (count_hint=32)
[gpu-debug] ops_repr: LN:-1,Add:-1,LN:-1,FFN_W3:0,FFN_W3:1,SwiGLU:0,SwiGLU:1,Add:-1
[gpu-debug] cfg: device=cuda dtype=torch.bfloat16 dim=4096 ffn_dim=11008 n_heads=32 shards=2
[gpu-debug] op plan (with inferred tensor shapes):
  - op#00  op=LN       shard=-1  x=[1x4096] + w=[4096]  ->  y=[1x4096]  (T=1, K=956)
  - op#01  op=Add      shard=-1  a=[1x4096] + b=[1x4096]  ->  y=[1x4096]  (T=1, K=956)
  - op#02  op=LN       shard=-1  x=[1x4096] + w=[4096]  ->  y=[1x4096]  (T=1, K=956)
  - op#03  op=FFN_W3   shard=0   x=[1x4096] + w=[5504x4096]  ->  y=[1x5504]  (T=1, K=956)
  - op#04  op=FFN_W3   shard=1   x=[1x4096] + w=[5504x4096]  ->  y=[1x5504]  (T=1, K=956)
  - op#05  op=SwiGLU   shard=0   a=[1x5504] + b=[1x5504]  ->  y=[1x5504]  (T=1, K=956)
  - op#06  op=SwiGLU   shard=1   a=[1x5504] + b=[1x5504]  ->  y=[1x5504]  (T=1, K=956)
  - op#07  op=Add      shard=-1  a=[1x4096] + b=[1x4096]  ->  y=[1x4096]  (T=1, K=956)
[gpu-debug] per-op timing breakdown (avg over iters):
  idx  op       sh  io                                                    time   est_flops    TFLOPs       bytes      GB/s
  ------------------------------------------------------------------------------------------------------------------------
    0  LN       -1  x[1x4096]+w[4096]->y[1x4096]                        0.066ms    20.480 K      0.00   24.00 KiB      0.37
    1  Add      -1  a[1x4096]+b[1x4096]->y[1x4096]                      0.016ms     4.096 K      0.00   24.00 KiB      1.52
    2  LN       -1  x[1x4096]+w[4096]->y[1x4096]                        0.056ms    20.480 K      0.00   24.00 KiB      0.44
    3  FFN_W3    0  x[1x4096]+w[5504x4096]->y[1x5504]                   0.058ms    45.089 M      0.78   43.02 MiB    782.43
    4  FFN_W3    1  x[1x4096]+w[5504x4096]->y[1x5504]                   0.040ms    45.089 M      1.12   43.02 MiB   1118.04
    5  SwiGLU    0  a[1x5504]+b[1x5504]->y[1x5504]                      0.009ms    33.024 K      0.00   32.25 KiB      3.58
    6  SwiGLU    1  a[1x5504]+b[1x5504]->y[1x5504]                      0.010ms    33.024 K      0.00   32.25 KiB      3.43
    7  Add      -1  a[1x4096]+b[1x4096]->y[1x4096]                      0.016ms     4.096 K      0.00   24.00 KiB      1.55
[gpu-debug] segment avg latency (cuda_events): 0.176 ms
[gpu-debug] sum(per-op)               : 0.271 ms (ratio=1.545)
[gpu-debug] NOTE: sum(per-op) may differ from segment latency due to Python overhead, event/launch overhead, and allocator/cache effects.
[gpu-debug] cuda mem before warmup: alloc=96.15 MiB reserved=110.00 MiB
[gpu-debug] cuda mem after warmup : alloc=96.15 MiB reserved=110.00 MiB
[gpu-debug] cuda mem peak (this segment): max_alloc=96.17 MiB max_reserved=110.00 MiB
========================================================================================
[gpu-debug] segment_key=npu|decode|71|ff6dcf33668f3ebc9cf61e7eb43c6a84
[gpu-debug] sig: device_type=npu phase=decode step=71 (count_hint=32)
[gpu-debug] ops_repr: LN:-1,Add:-1,LN:-1,FFN_W3:0,FFN_W3:1,SwiGLU:0,SwiGLU:1,Add:-1
[gpu-debug] cfg: device=cuda dtype=torch.bfloat16 dim=4096 ffn_dim=11008 n_heads=32 shards=2
[gpu-debug] op plan (with inferred tensor shapes):
  - op#00  op=LN       shard=-1  x=[1x4096] + w=[4096]  ->  y=[1x4096]  (T=1, K=968)
  - op#01  op=Add      shard=-1  a=[1x4096] + b=[1x4096]  ->  y=[1x4096]  (T=1, K=968)
  - op#02  op=LN       shard=-1  x=[1x4096] + w=[4096]  ->  y=[1x4096]  (T=1, K=968)
  - op#03  op=FFN_W3   shard=0   x=[1x4096] + w=[5504x4096]  ->  y=[1x5504]  (T=1, K=968)
  - op#04  op=FFN_W3   shard=1   x=[1x4096] + w=[5504x4096]  ->  y=[1x5504]  (T=1, K=968)
  - op#05  op=SwiGLU   shard=0   a=[1x5504] + b=[1x5504]  ->  y=[1x5504]  (T=1, K=968)
  - op#06  op=SwiGLU   shard=1   a=[1x5504] + b=[1x5504]  ->  y=[1x5504]  (T=1, K=968)
  - op#07  op=Add      shard=-1  a=[1x4096] + b=[1x4096]  ->  y=[1x4096]  (T=1, K=968)
[gpu-debug] per-op timing breakdown (avg over iters):
  idx  op       sh  io                                                    time   est_flops    TFLOPs       bytes      GB/s
  ------------------------------------------------------------------------------------------------------------------------
    0  LN       -1  x[1x4096]+w[4096]->y[1x4096]                        0.064ms    20.480 K      0.00   24.00 KiB      0.39
    1  Add      -1  a[1x4096]+b[1x4096]->y[1x4096]                      0.017ms     4.096 K      0.00   24.00 KiB      1.41
    2  LN       -1  x[1x4096]+w[4096]->y[1x4096]                        0.057ms    20.480 K      0.00   24.00 KiB      0.43
    3  FFN_W3    0  x[1x4096]+w[5504x4096]->y[1x5504]                   0.058ms    45.089 M      0.78   43.02 MiB    779.66
    4  FFN_W3    1  x[1x4096]+w[5504x4096]->y[1x5504]                   0.040ms    45.089 M      1.12   43.02 MiB   1120.88
    5  SwiGLU    0  a[1x5504]+b[1x5504]->y[1x5504]                      0.009ms    33.024 K      0.00   32.25 KiB      3.62
    6  SwiGLU    1  a[1x5504]+b[1x5504]->y[1x5504]                      0.010ms    33.024 K      0.00   32.25 KiB      3.43
    7  Add      -1  a[1x4096]+b[1x4096]->y[1x4096]                      0.016ms     4.096 K      0.00   24.00 KiB      1.54
[gpu-debug] segment avg latency (cuda_events): 0.177 ms
[gpu-debug] sum(per-op)               : 0.271 ms (ratio=1.526)
[gpu-debug] NOTE: sum(per-op) may differ from segment latency due to Python overhead, event/launch overhead, and allocator/cache effects.
[gpu-debug] cuda mem before warmup: alloc=96.15 MiB reserved=110.00 MiB
[gpu-debug] cuda mem after warmup : alloc=96.15 MiB reserved=110.00 MiB
[gpu-debug] cuda mem peak (this segment): max_alloc=96.17 MiB max_reserved=110.00 MiB
========================================================================================
[gpu-debug] segment_key=npu|decode|72|ff6dcf33668f3ebc9cf61e7eb43c6a84
[gpu-debug] sig: device_type=npu phase=decode step=72 (count_hint=32)
[gpu-debug] ops_repr: LN:-1,Add:-1,LN:-1,FFN_W3:0,FFN_W3:1,SwiGLU:0,SwiGLU:1,Add:-1
[gpu-debug] cfg: device=cuda dtype=torch.bfloat16 dim=4096 ffn_dim=11008 n_heads=32 shards=2
[gpu-debug] op plan (with inferred tensor shapes):
  - op#00  op=LN       shard=-1  x=[1x4096] + w=[4096]  ->  y=[1x4096]  (T=1, K=980)
  - op#01  op=Add      shard=-1  a=[1x4096] + b=[1x4096]  ->  y=[1x4096]  (T=1, K=980)
  - op#02  op=LN       shard=-1  x=[1x4096] + w=[4096]  ->  y=[1x4096]  (T=1, K=980)
  - op#03  op=FFN_W3   shard=0   x=[1x4096] + w=[5504x4096]  ->  y=[1x5504]  (T=1, K=980)
  - op#04  op=FFN_W3   shard=1   x=[1x4096] + w=[5504x4096]  ->  y=[1x5504]  (T=1, K=980)
  - op#05  op=SwiGLU   shard=0   a=[1x5504] + b=[1x5504]  ->  y=[1x5504]  (T=1, K=980)
  - op#06  op=SwiGLU   shard=1   a=[1x5504] + b=[1x5504]  ->  y=[1x5504]  (T=1, K=980)
  - op#07  op=Add      shard=-1  a=[1x4096] + b=[1x4096]  ->  y=[1x4096]  (T=1, K=980)
[gpu-debug] per-op timing breakdown (avg over iters):
  idx  op       sh  io                                                    time   est_flops    TFLOPs       bytes      GB/s
  ------------------------------------------------------------------------------------------------------------------------
    0  LN       -1  x[1x4096]+w[4096]->y[1x4096]                        0.064ms    20.480 K      0.00   24.00 KiB      0.38
    1  Add      -1  a[1x4096]+b[1x4096]->y[1x4096]                      0.016ms     4.096 K      0.00   24.00 KiB      1.56
    2  LN       -1  x[1x4096]+w[4096]->y[1x4096]                        0.058ms    20.480 K      0.00   24.00 KiB      0.42
    3  FFN_W3    0  x[1x4096]+w[5504x4096]->y[1x5504]                   0.058ms    45.089 M      0.78   43.02 MiB    781.04
    4  FFN_W3    1  x[1x4096]+w[5504x4096]->y[1x5504]                   0.040ms    45.089 M      1.12   43.02 MiB   1118.04
    5  SwiGLU    0  a[1x5504]+b[1x5504]->y[1x5504]                      0.009ms    33.024 K      0.00   32.25 KiB      3.62
    6  SwiGLU    1  a[1x5504]+b[1x5504]->y[1x5504]                      0.010ms    33.024 K      0.00   32.25 KiB      3.39
    7  Add      -1  a[1x4096]+b[1x4096]->y[1x4096]                      0.016ms     4.096 K      0.00   24.00 KiB      1.54
[gpu-debug] segment avg latency (cuda_events): 0.177 ms
[gpu-debug] sum(per-op)               : 0.271 ms (ratio=1.529)
[gpu-debug] NOTE: sum(per-op) may differ from segment latency due to Python overhead, event/launch overhead, and allocator/cache effects.
[gpu-debug] cuda mem before warmup: alloc=96.15 MiB reserved=110.00 MiB
[gpu-debug] cuda mem after warmup : alloc=96.15 MiB reserved=110.00 MiB
[gpu-debug] cuda mem peak (this segment): max_alloc=96.17 MiB max_reserved=110.00 MiB
========================================================================================
[gpu-debug] segment_key=npu|decode|73|ff6dcf33668f3ebc9cf61e7eb43c6a84
[gpu-debug] sig: device_type=npu phase=decode step=73 (count_hint=32)
[gpu-debug] ops_repr: LN:-1,Add:-1,LN:-1,FFN_W3:0,FFN_W3:1,SwiGLU:0,SwiGLU:1,Add:-1
[gpu-debug] cfg: device=cuda dtype=torch.bfloat16 dim=4096 ffn_dim=11008 n_heads=32 shards=2
[gpu-debug] op plan (with inferred tensor shapes):
  - op#00  op=LN       shard=-1  x=[1x4096] + w=[4096]  ->  y=[1x4096]  (T=1, K=992)
  - op#01  op=Add      shard=-1  a=[1x4096] + b=[1x4096]  ->  y=[1x4096]  (T=1, K=992)
  - op#02  op=LN       shard=-1  x=[1x4096] + w=[4096]  ->  y=[1x4096]  (T=1, K=992)
  - op#03  op=FFN_W3   shard=0   x=[1x4096] + w=[5504x4096]  ->  y=[1x5504]  (T=1, K=992)
  - op#04  op=FFN_W3   shard=1   x=[1x4096] + w=[5504x4096]  ->  y=[1x5504]  (T=1, K=992)
  - op#05  op=SwiGLU   shard=0   a=[1x5504] + b=[1x5504]  ->  y=[1x5504]  (T=1, K=992)
  - op#06  op=SwiGLU   shard=1   a=[1x5504] + b=[1x5504]  ->  y=[1x5504]  (T=1, K=992)
  - op#07  op=Add      shard=-1  a=[1x4096] + b=[1x4096]  ->  y=[1x4096]  (T=1, K=992)
[gpu-debug] per-op timing breakdown (avg over iters):
  idx  op       sh  io                                                    time   est_flops    TFLOPs       bytes      GB/s
  ------------------------------------------------------------------------------------------------------------------------
    0  LN       -1  x[1x4096]+w[4096]->y[1x4096]                        0.064ms    20.480 K      0.00   24.00 KiB      0.38
    1  Add      -1  a[1x4096]+b[1x4096]->y[1x4096]                      0.016ms     4.096 K      0.00   24.00 KiB      1.55
    2  LN       -1  x[1x4096]+w[4096]->y[1x4096]                        0.057ms    20.480 K      0.00   24.00 KiB      0.43
    3  FFN_W3    0  x[1x4096]+w[5504x4096]->y[1x5504]                   0.058ms    45.089 M      0.78   43.02 MiB    782.43
    4  FFN_W3    1  x[1x4096]+w[5504x4096]->y[1x5504]                   0.040ms    45.089 M      1.13   43.02 MiB   1132.41
    5  SwiGLU    0  a[1x5504]+b[1x5504]->y[1x5504]                      0.009ms    33.024 K      0.00   32.25 KiB      3.62
    6  SwiGLU    1  a[1x5504]+b[1x5504]->y[1x5504]                      0.012ms    33.024 K      0.00   32.25 KiB      2.85
    7  Add      -1  a[1x4096]+b[1x4096]->y[1x4096]                      0.016ms     4.096 K      0.00   24.00 KiB      1.56
[gpu-debug] segment avg latency (cuda_events): 0.175 ms
[gpu-debug] sum(per-op)               : 0.271 ms (ratio=1.547)
[gpu-debug] NOTE: sum(per-op) may differ from segment latency due to Python overhead, event/launch overhead, and allocator/cache effects.
[gpu-debug] cuda mem before warmup: alloc=96.15 MiB reserved=110.00 MiB
[gpu-debug] cuda mem after warmup : alloc=96.15 MiB reserved=110.00 MiB
[gpu-debug] cuda mem peak (this segment): max_alloc=96.17 MiB max_reserved=110.00 MiB
  progress 80/110
========================================================================================
[gpu-debug] segment_key=npu|decode|74|ff6dcf33668f3ebc9cf61e7eb43c6a84
[gpu-debug] sig: device_type=npu phase=decode step=74 (count_hint=32)
[gpu-debug] ops_repr: LN:-1,Add:-1,LN:-1,FFN_W3:0,FFN_W3:1,SwiGLU:0,SwiGLU:1,Add:-1
[gpu-debug] cfg: device=cuda dtype=torch.bfloat16 dim=4096 ffn_dim=11008 n_heads=32 shards=2
[gpu-debug] op plan (with inferred tensor shapes):
  - op#00  op=LN       shard=-1  x=[1x4096] + w=[4096]  ->  y=[1x4096]  (T=1, K=1004)
  - op#01  op=Add      shard=-1  a=[1x4096] + b=[1x4096]  ->  y=[1x4096]  (T=1, K=1004)
  - op#02  op=LN       shard=-1  x=[1x4096] + w=[4096]  ->  y=[1x4096]  (T=1, K=1004)
  - op#03  op=FFN_W3   shard=0   x=[1x4096] + w=[5504x4096]  ->  y=[1x5504]  (T=1, K=1004)
  - op#04  op=FFN_W3   shard=1   x=[1x4096] + w=[5504x4096]  ->  y=[1x5504]  (T=1, K=1004)
  - op#05  op=SwiGLU   shard=0   a=[1x5504] + b=[1x5504]  ->  y=[1x5504]  (T=1, K=1004)
  - op#06  op=SwiGLU   shard=1   a=[1x5504] + b=[1x5504]  ->  y=[1x5504]  (T=1, K=1004)
  - op#07  op=Add      shard=-1  a=[1x4096] + b=[1x4096]  ->  y=[1x4096]  (T=1, K=1004)
[gpu-debug] per-op timing breakdown (avg over iters):
  idx  op       sh  io                                                    time   est_flops    TFLOPs       bytes      GB/s
  ------------------------------------------------------------------------------------------------------------------------
    0  LN       -1  x[1x4096]+w[4096]->y[1x4096]                        0.065ms    20.480 K      0.00   24.00 KiB      0.38
    1  Add      -1  a[1x4096]+b[1x4096]->y[1x4096]                      0.016ms     4.096 K      0.00   24.00 KiB      1.51
    2  LN       -1  x[1x4096]+w[4096]->y[1x4096]                        0.057ms    20.480 K      0.00   24.00 KiB      0.43
    3  FFN_W3    0  x[1x4096]+w[5504x4096]->y[1x5504]                   0.058ms    45.089 M      0.78   43.02 MiB    781.04
    4  FFN_W3    1  x[1x4096]+w[5504x4096]->y[1x5504]                   0.040ms    45.089 M      1.12   43.02 MiB   1118.04
    5  SwiGLU    0  a[1x5504]+b[1x5504]->y[1x5504]                      0.009ms    33.024 K      0.00   32.25 KiB      3.54
    6  SwiGLU    1  a[1x5504]+b[1x5504]->y[1x5504]                      0.012ms    33.024 K      0.00   32.25 KiB      2.83
    7  Add      -1  a[1x4096]+b[1x4096]->y[1x4096]                      0.016ms     4.096 K      0.00   24.00 KiB      1.55
[gpu-debug] segment avg latency (cuda_events): 0.176 ms
[gpu-debug] sum(per-op)               : 0.273 ms (ratio=1.554)
[gpu-debug] NOTE: sum(per-op) may differ from segment latency due to Python overhead, event/launch overhead, and allocator/cache effects.
[gpu-debug] cuda mem before warmup: alloc=96.15 MiB reserved=110.00 MiB
[gpu-debug] cuda mem after warmup : alloc=96.15 MiB reserved=110.00 MiB
[gpu-debug] cuda mem peak (this segment): max_alloc=96.17 MiB max_reserved=110.00 MiB
========================================================================================
[gpu-debug] segment_key=npu|decode|75|ff6dcf33668f3ebc9cf61e7eb43c6a84
[gpu-debug] sig: device_type=npu phase=decode step=75 (count_hint=32)
[gpu-debug] ops_repr: LN:-1,Add:-1,LN:-1,FFN_W3:0,FFN_W3:1,SwiGLU:0,SwiGLU:1,Add:-1
[gpu-debug] cfg: device=cuda dtype=torch.bfloat16 dim=4096 ffn_dim=11008 n_heads=32 shards=2
[gpu-debug] op plan (with inferred tensor shapes):
  - op#00  op=LN       shard=-1  x=[1x4096] + w=[4096]  ->  y=[1x4096]  (T=1, K=1016)
  - op#01  op=Add      shard=-1  a=[1x4096] + b=[1x4096]  ->  y=[1x4096]  (T=1, K=1016)
  - op#02  op=LN       shard=-1  x=[1x4096] + w=[4096]  ->  y=[1x4096]  (T=1, K=1016)
  - op#03  op=FFN_W3   shard=0   x=[1x4096] + w=[5504x4096]  ->  y=[1x5504]  (T=1, K=1016)
  - op#04  op=FFN_W3   shard=1   x=[1x4096] + w=[5504x4096]  ->  y=[1x5504]  (T=1, K=1016)
  - op#05  op=SwiGLU   shard=0   a=[1x5504] + b=[1x5504]  ->  y=[1x5504]  (T=1, K=1016)
  - op#06  op=SwiGLU   shard=1   a=[1x5504] + b=[1x5504]  ->  y=[1x5504]  (T=1, K=1016)
  - op#07  op=Add      shard=-1  a=[1x4096] + b=[1x4096]  ->  y=[1x4096]  (T=1, K=1016)
[gpu-debug] per-op timing breakdown (avg over iters):
  idx  op       sh  io                                                    time   est_flops    TFLOPs       bytes      GB/s
  ------------------------------------------------------------------------------------------------------------------------
    0  LN       -1  x[1x4096]+w[4096]->y[1x4096]                        0.064ms    20.480 K      0.00   24.00 KiB      0.38
    1  Add      -1  a[1x4096]+b[1x4096]->y[1x4096]                      0.016ms     4.096 K      0.00   24.00 KiB      1.56
    2  LN       -1  x[1x4096]+w[4096]->y[1x4096]                        0.056ms    20.480 K      0.00   24.00 KiB      0.44
    3  FFN_W3    0  x[1x4096]+w[5504x4096]->y[1x5504]                   0.058ms    45.089 M      0.78   43.02 MiB    783.82
    4  FFN_W3    1  x[1x4096]+w[5504x4096]->y[1x5504]                   0.040ms    45.089 M      1.12   43.02 MiB   1123.74
    5  SwiGLU    0  a[1x5504]+b[1x5504]->y[1x5504]                      0.009ms    33.024 K      0.00   32.25 KiB      3.58
    6  SwiGLU    1  a[1x5504]+b[1x5504]->y[1x5504]                      0.012ms    33.024 K      0.00   32.25 KiB      2.76
    7  Add      -1  a[1x4096]+b[1x4096]->y[1x4096]                      0.016ms     4.096 K      0.00   24.00 KiB      1.52
[gpu-debug] segment avg latency (cuda_events): 0.176 ms
[gpu-debug] sum(per-op)               : 0.271 ms (ratio=1.537)
[gpu-debug] NOTE: sum(per-op) may differ from segment latency due to Python overhead, event/launch overhead, and allocator/cache effects.
[gpu-debug] cuda mem before warmup: alloc=96.15 MiB reserved=110.00 MiB
[gpu-debug] cuda mem after warmup : alloc=96.15 MiB reserved=110.00 MiB
[gpu-debug] cuda mem peak (this segment): max_alloc=96.17 MiB max_reserved=110.00 MiB
========================================================================================
[gpu-debug] segment_key=npu|decode|76|ff6dcf33668f3ebc9cf61e7eb43c6a84
[gpu-debug] sig: device_type=npu phase=decode step=76 (count_hint=32)
[gpu-debug] ops_repr: LN:-1,Add:-1,LN:-1,FFN_W3:0,FFN_W3:1,SwiGLU:0,SwiGLU:1,Add:-1
[gpu-debug] cfg: device=cuda dtype=torch.bfloat16 dim=4096 ffn_dim=11008 n_heads=32 shards=2
[gpu-debug] op plan (with inferred tensor shapes):
  - op#00  op=LN       shard=-1  x=[1x4096] + w=[4096]  ->  y=[1x4096]  (T=1, K=1028)
  - op#01  op=Add      shard=-1  a=[1x4096] + b=[1x4096]  ->  y=[1x4096]  (T=1, K=1028)
  - op#02  op=LN       shard=-1  x=[1x4096] + w=[4096]  ->  y=[1x4096]  (T=1, K=1028)
  - op#03  op=FFN_W3   shard=0   x=[1x4096] + w=[5504x4096]  ->  y=[1x5504]  (T=1, K=1028)
  - op#04  op=FFN_W3   shard=1   x=[1x4096] + w=[5504x4096]  ->  y=[1x5504]  (T=1, K=1028)
  - op#05  op=SwiGLU   shard=0   a=[1x5504] + b=[1x5504]  ->  y=[1x5504]  (T=1, K=1028)
  - op#06  op=SwiGLU   shard=1   a=[1x5504] + b=[1x5504]  ->  y=[1x5504]  (T=1, K=1028)
  - op#07  op=Add      shard=-1  a=[1x4096] + b=[1x4096]  ->  y=[1x4096]  (T=1, K=1028)
[gpu-debug] per-op timing breakdown (avg over iters):
  idx  op       sh  io                                                    time   est_flops    TFLOPs       bytes      GB/s
  ------------------------------------------------------------------------------------------------------------------------
    0  LN       -1  x[1x4096]+w[4096]->y[1x4096]                        0.065ms    20.480 K      0.00   24.00 KiB      0.38
    1  Add      -1  a[1x4096]+b[1x4096]->y[1x4096]                      0.016ms     4.096 K      0.00   24.00 KiB      1.53
    2  LN       -1  x[1x4096]+w[4096]->y[1x4096]                        0.056ms    20.480 K      0.00   24.00 KiB      0.44
    3  FFN_W3    0  x[1x4096]+w[5504x4096]->y[1x5504]                   0.057ms    45.089 M      0.79   43.02 MiB    786.62
    4  FFN_W3    1  x[1x4096]+w[5504x4096]->y[1x5504]                   0.040ms    45.089 M      1.13   43.02 MiB   1129.51
    5  SwiGLU    0  a[1x5504]+b[1x5504]->y[1x5504]                      0.010ms    33.024 K      0.00   32.25 KiB      3.47
    6  SwiGLU    1  a[1x5504]+b[1x5504]->y[1x5504]                      0.010ms    33.024 K      0.00   32.25 KiB      3.29
    7  Add      -1  a[1x4096]+b[1x4096]->y[1x4096]                      0.016ms     4.096 K      0.00   24.00 KiB      1.52
[gpu-debug] segment avg latency (cuda_events): 0.176 ms
[gpu-debug] sum(per-op)               : 0.270 ms (ratio=1.531)
[gpu-debug] NOTE: sum(per-op) may differ from segment latency due to Python overhead, event/launch overhead, and allocator/cache effects.
[gpu-debug] cuda mem before warmup: alloc=96.15 MiB reserved=110.00 MiB
[gpu-debug] cuda mem after warmup : alloc=96.15 MiB reserved=110.00 MiB
[gpu-debug] cuda mem peak (this segment): max_alloc=96.17 MiB max_reserved=110.00 MiB
========================================================================================
[gpu-debug] segment_key=npu|decode|77|ff6dcf33668f3ebc9cf61e7eb43c6a84
[gpu-debug] sig: device_type=npu phase=decode step=77 (count_hint=32)
[gpu-debug] ops_repr: LN:-1,Add:-1,LN:-1,FFN_W3:0,FFN_W3:1,SwiGLU:0,SwiGLU:1,Add:-1
[gpu-debug] cfg: device=cuda dtype=torch.bfloat16 dim=4096 ffn_dim=11008 n_heads=32 shards=2
[gpu-debug] op plan (with inferred tensor shapes):
  - op#00  op=LN       shard=-1  x=[1x4096] + w=[4096]  ->  y=[1x4096]  (T=1, K=1040)
  - op#01  op=Add      shard=-1  a=[1x4096] + b=[1x4096]  ->  y=[1x4096]  (T=1, K=1040)
  - op#02  op=LN       shard=-1  x=[1x4096] + w=[4096]  ->  y=[1x4096]  (T=1, K=1040)
  - op#03  op=FFN_W3   shard=0   x=[1x4096] + w=[5504x4096]  ->  y=[1x5504]  (T=1, K=1040)
  - op#04  op=FFN_W3   shard=1   x=[1x4096] + w=[5504x4096]  ->  y=[1x5504]  (T=1, K=1040)
  - op#05  op=SwiGLU   shard=0   a=[1x5504] + b=[1x5504]  ->  y=[1x5504]  (T=1, K=1040)
  - op#06  op=SwiGLU   shard=1   a=[1x5504] + b=[1x5504]  ->  y=[1x5504]  (T=1, K=1040)
  - op#07  op=Add      shard=-1  a=[1x4096] + b=[1x4096]  ->  y=[1x4096]  (T=1, K=1040)
[gpu-debug] per-op timing breakdown (avg over iters):
  idx  op       sh  io                                                    time   est_flops    TFLOPs       bytes      GB/s
  ------------------------------------------------------------------------------------------------------------------------
    0  LN       -1  x[1x4096]+w[4096]->y[1x4096]                        0.064ms    20.480 K      0.00   24.00 KiB      0.38
    1  Add      -1  a[1x4096]+b[1x4096]->y[1x4096]                      0.017ms     4.096 K      0.00   24.00 KiB      1.44
    2  LN       -1  x[1x4096]+w[4096]->y[1x4096]                        0.057ms    20.480 K      0.00   24.00 KiB      0.43
    3  FFN_W3    0  x[1x4096]+w[5504x4096]->y[1x5504]                   0.057ms    45.089 M      0.78   43.02 MiB    785.22
    4  FFN_W3    1  x[1x4096]+w[5504x4096]->y[1x5504]                   0.040ms    45.089 M      1.12   43.02 MiB   1118.04
    5  SwiGLU    0  a[1x5504]+b[1x5504]->y[1x5504]                      0.009ms    33.024 K      0.00   32.25 KiB      3.66
    6  SwiGLU    1  a[1x5504]+b[1x5504]->y[1x5504]                      0.010ms    33.024 K      0.00   32.25 KiB      3.29
    7  Add      -1  a[1x4096]+b[1x4096]->y[1x4096]                      0.016ms     4.096 K      0.00   24.00 KiB      1.56
[gpu-debug] segment avg latency (cuda_events): 0.176 ms
[gpu-debug] sum(per-op)               : 0.270 ms (ratio=1.540)
[gpu-debug] NOTE: sum(per-op) may differ from segment latency due to Python overhead, event/launch overhead, and allocator/cache effects.
[gpu-debug] cuda mem before warmup: alloc=96.15 MiB reserved=110.00 MiB
[gpu-debug] cuda mem after warmup : alloc=96.15 MiB reserved=110.00 MiB
[gpu-debug] cuda mem peak (this segment): max_alloc=96.17 MiB max_reserved=110.00 MiB
========================================================================================
[gpu-debug] segment_key=npu|decode|78|ff6dcf33668f3ebc9cf61e7eb43c6a84
[gpu-debug] sig: device_type=npu phase=decode step=78 (count_hint=32)
[gpu-debug] ops_repr: LN:-1,Add:-1,LN:-1,FFN_W3:0,FFN_W3:1,SwiGLU:0,SwiGLU:1,Add:-1
[gpu-debug] cfg: device=cuda dtype=torch.bfloat16 dim=4096 ffn_dim=11008 n_heads=32 shards=2
[gpu-debug] op plan (with inferred tensor shapes):
  - op#00  op=LN       shard=-1  x=[1x4096] + w=[4096]  ->  y=[1x4096]  (T=1, K=1052)
  - op#01  op=Add      shard=-1  a=[1x4096] + b=[1x4096]  ->  y=[1x4096]  (T=1, K=1052)
  - op#02  op=LN       shard=-1  x=[1x4096] + w=[4096]  ->  y=[1x4096]  (T=1, K=1052)
  - op#03  op=FFN_W3   shard=0   x=[1x4096] + w=[5504x4096]  ->  y=[1x5504]  (T=1, K=1052)
  - op#04  op=FFN_W3   shard=1   x=[1x4096] + w=[5504x4096]  ->  y=[1x5504]  (T=1, K=1052)
  - op#05  op=SwiGLU   shard=0   a=[1x5504] + b=[1x5504]  ->  y=[1x5504]  (T=1, K=1052)
  - op#06  op=SwiGLU   shard=1   a=[1x5504] + b=[1x5504]  ->  y=[1x5504]  (T=1, K=1052)
  - op#07  op=Add      shard=-1  a=[1x4096] + b=[1x4096]  ->  y=[1x4096]  (T=1, K=1052)
[gpu-debug] per-op timing breakdown (avg over iters):
  idx  op       sh  io                                                    time   est_flops    TFLOPs       bytes      GB/s
  ------------------------------------------------------------------------------------------------------------------------
    0  LN       -1  x[1x4096]+w[4096]->y[1x4096]                        0.065ms    20.480 K      0.00   24.00 KiB      0.38
    1  Add      -1  a[1x4096]+b[1x4096]->y[1x4096]                      0.016ms     4.096 K      0.00   24.00 KiB      1.56
    2  LN       -1  x[1x4096]+w[4096]->y[1x4096]                        0.058ms    20.480 K      0.00   24.00 KiB      0.42
    3  FFN_W3    0  x[1x4096]+w[5504x4096]->y[1x5504]                   0.058ms    45.089 M      0.78   43.02 MiB    781.04
    4  FFN_W3    1  x[1x4096]+w[5504x4096]->y[1x5504]                   0.040ms    45.089 M      1.12   43.02 MiB   1118.04
    5  SwiGLU    0  a[1x5504]+b[1x5504]->y[1x5504]                      0.009ms    33.024 K      0.00   32.25 KiB      3.62
    6  SwiGLU    1  a[1x5504]+b[1x5504]->y[1x5504]                      0.010ms    33.024 K      0.00   32.25 KiB      3.36
    7  Add      -1  a[1x4096]+b[1x4096]->y[1x4096]                      0.016ms     4.096 K      0.00   24.00 KiB      1.50
[gpu-debug] segment avg latency (cuda_events): 0.177 ms
[gpu-debug] sum(per-op)               : 0.272 ms (ratio=1.541)
[gpu-debug] NOTE: sum(per-op) may differ from segment latency due to Python overhead, event/launch overhead, and allocator/cache effects.
[gpu-debug] cuda mem before warmup: alloc=96.15 MiB reserved=110.00 MiB
[gpu-debug] cuda mem after warmup : alloc=96.15 MiB reserved=110.00 MiB
[gpu-debug] cuda mem peak (this segment): max_alloc=96.17 MiB max_reserved=110.00 MiB
========================================================================================
[gpu-debug] segment_key=npu|decode|79|ff6dcf33668f3ebc9cf61e7eb43c6a84
[gpu-debug] sig: device_type=npu phase=decode step=79 (count_hint=32)
[gpu-debug] ops_repr: LN:-1,Add:-1,LN:-1,FFN_W3:0,FFN_W3:1,SwiGLU:0,SwiGLU:1,Add:-1
[gpu-debug] cfg: device=cuda dtype=torch.bfloat16 dim=4096 ffn_dim=11008 n_heads=32 shards=2
[gpu-debug] op plan (with inferred tensor shapes):
  - op#00  op=LN       shard=-1  x=[1x4096] + w=[4096]  ->  y=[1x4096]  (T=1, K=1064)
  - op#01  op=Add      shard=-1  a=[1x4096] + b=[1x4096]  ->  y=[1x4096]  (T=1, K=1064)
  - op#02  op=LN       shard=-1  x=[1x4096] + w=[4096]  ->  y=[1x4096]  (T=1, K=1064)
  - op#03  op=FFN_W3   shard=0   x=[1x4096] + w=[5504x4096]  ->  y=[1x5504]  (T=1, K=1064)
  - op#04  op=FFN_W3   shard=1   x=[1x4096] + w=[5504x4096]  ->  y=[1x5504]  (T=1, K=1064)
  - op#05  op=SwiGLU   shard=0   a=[1x5504] + b=[1x5504]  ->  y=[1x5504]  (T=1, K=1064)
  - op#06  op=SwiGLU   shard=1   a=[1x5504] + b=[1x5504]  ->  y=[1x5504]  (T=1, K=1064)
  - op#07  op=Add      shard=-1  a=[1x4096] + b=[1x4096]  ->  y=[1x4096]  (T=1, K=1064)
[gpu-debug] per-op timing breakdown (avg over iters):
  idx  op       sh  io                                                    time   est_flops    TFLOPs       bytes      GB/s
  ------------------------------------------------------------------------------------------------------------------------
    0  LN       -1  x[1x4096]+w[4096]->y[1x4096]                        0.065ms    20.480 K      0.00   24.00 KiB      0.38
    1  Add      -1  a[1x4096]+b[1x4096]->y[1x4096]                      0.017ms     4.096 K      0.00   24.00 KiB      1.48
    2  LN       -1  x[1x4096]+w[4096]->y[1x4096]                        0.056ms    20.480 K      0.00   24.00 KiB      0.44
    3  FFN_W3    0  x[1x4096]+w[5504x4096]->y[1x5504]                   0.058ms    45.089 M      0.78   43.02 MiB    775.54
    4  FFN_W3    1  x[1x4096]+w[5504x4096]->y[1x5504]                   0.040ms    45.089 M      1.13   43.02 MiB   1126.62
    5  SwiGLU    0  a[1x5504]+b[1x5504]->y[1x5504]                      0.009ms    33.024 K      0.00   32.25 KiB      3.62
    6  SwiGLU    1  a[1x5504]+b[1x5504]->y[1x5504]                      0.010ms    33.024 K      0.00   32.25 KiB      3.47
    7  Add      -1  a[1x4096]+b[1x4096]->y[1x4096]                      0.016ms     4.096 K      0.00   24.00 KiB      1.55
[gpu-debug] segment avg latency (cuda_events): 0.176 ms
[gpu-debug] sum(per-op)               : 0.271 ms (ratio=1.535)
[gpu-debug] NOTE: sum(per-op) may differ from segment latency due to Python overhead, event/launch overhead, and allocator/cache effects.
[gpu-debug] cuda mem before warmup: alloc=96.15 MiB reserved=110.00 MiB
[gpu-debug] cuda mem after warmup : alloc=96.15 MiB reserved=110.00 MiB
[gpu-debug] cuda mem peak (this segment): max_alloc=96.17 MiB max_reserved=110.00 MiB
========================================================================================
[gpu-debug] segment_key=npu|decode|7|ff6dcf33668f3ebc9cf61e7eb43c6a84
[gpu-debug] sig: device_type=npu phase=decode step=7 (count_hint=32)
[gpu-debug] ops_repr: LN:-1,Add:-1,LN:-1,FFN_W3:0,FFN_W3:1,SwiGLU:0,SwiGLU:1,Add:-1
[gpu-debug] cfg: device=cuda dtype=torch.bfloat16 dim=4096 ffn_dim=11008 n_heads=32 shards=2
[gpu-debug] op plan (with inferred tensor shapes):
  - op#00  op=LN       shard=-1  x=[1x4096] + w=[4096]  ->  y=[1x4096]  (T=1, K=200)
  - op#01  op=Add      shard=-1  a=[1x4096] + b=[1x4096]  ->  y=[1x4096]  (T=1, K=200)
  - op#02  op=LN       shard=-1  x=[1x4096] + w=[4096]  ->  y=[1x4096]  (T=1, K=200)
  - op#03  op=FFN_W3   shard=0   x=[1x4096] + w=[5504x4096]  ->  y=[1x5504]  (T=1, K=200)
  - op#04  op=FFN_W3   shard=1   x=[1x4096] + w=[5504x4096]  ->  y=[1x5504]  (T=1, K=200)
  - op#05  op=SwiGLU   shard=0   a=[1x5504] + b=[1x5504]  ->  y=[1x5504]  (T=1, K=200)
  - op#06  op=SwiGLU   shard=1   a=[1x5504] + b=[1x5504]  ->  y=[1x5504]  (T=1, K=200)
  - op#07  op=Add      shard=-1  a=[1x4096] + b=[1x4096]  ->  y=[1x4096]  (T=1, K=200)
[gpu-debug] per-op timing breakdown (avg over iters):
  idx  op       sh  io                                                    time   est_flops    TFLOPs       bytes      GB/s
  ------------------------------------------------------------------------------------------------------------------------
    0  LN       -1  x[1x4096]+w[4096]->y[1x4096]                        0.064ms    20.480 K      0.00   24.00 KiB      0.38
    1  Add      -1  a[1x4096]+b[1x4096]->y[1x4096]                      0.016ms     4.096 K      0.00   24.00 KiB      1.53
    2  LN       -1  x[1x4096]+w[4096]->y[1x4096]                        0.056ms    20.480 K      0.00   24.00 KiB      0.44
    3  FFN_W3    0  x[1x4096]+w[5504x4096]->y[1x5504]                   0.058ms    45.089 M      0.78   43.02 MiB    781.04
    4  FFN_W3    1  x[1x4096]+w[5504x4096]->y[1x5504]                   0.040ms    45.089 M      1.12   43.02 MiB   1118.04
    5  SwiGLU    0  a[1x5504]+b[1x5504]->y[1x5504]                      0.009ms    33.024 K      0.00   32.25 KiB      3.58
    6  SwiGLU    1  a[1x5504]+b[1x5504]->y[1x5504]                      0.010ms    33.024 K      0.00   32.25 KiB      3.43
    7  Add      -1  a[1x4096]+b[1x4096]->y[1x4096]                      0.016ms     4.096 K      0.00   24.00 KiB      1.54
[gpu-debug] segment avg latency (cuda_events): 0.176 ms
[gpu-debug] sum(per-op)               : 0.270 ms (ratio=1.531)
[gpu-debug] NOTE: sum(per-op) may differ from segment latency due to Python overhead, event/launch overhead, and allocator/cache effects.
[gpu-debug] cuda mem before warmup: alloc=96.15 MiB reserved=110.00 MiB
[gpu-debug] cuda mem after warmup : alloc=96.15 MiB reserved=110.00 MiB
[gpu-debug] cuda mem peak (this segment): max_alloc=96.17 MiB max_reserved=110.00 MiB
========================================================================================
[gpu-debug] segment_key=npu|decode|80|ff6dcf33668f3ebc9cf61e7eb43c6a84
[gpu-debug] sig: device_type=npu phase=decode step=80 (count_hint=32)
[gpu-debug] ops_repr: LN:-1,Add:-1,LN:-1,FFN_W3:0,FFN_W3:1,SwiGLU:0,SwiGLU:1,Add:-1
[gpu-debug] cfg: device=cuda dtype=torch.bfloat16 dim=4096 ffn_dim=11008 n_heads=32 shards=2
[gpu-debug] op plan (with inferred tensor shapes):
  - op#00  op=LN       shard=-1  x=[1x4096] + w=[4096]  ->  y=[1x4096]  (T=1, K=1076)
  - op#01  op=Add      shard=-1  a=[1x4096] + b=[1x4096]  ->  y=[1x4096]  (T=1, K=1076)
  - op#02  op=LN       shard=-1  x=[1x4096] + w=[4096]  ->  y=[1x4096]  (T=1, K=1076)
  - op#03  op=FFN_W3   shard=0   x=[1x4096] + w=[5504x4096]  ->  y=[1x5504]  (T=1, K=1076)
  - op#04  op=FFN_W3   shard=1   x=[1x4096] + w=[5504x4096]  ->  y=[1x5504]  (T=1, K=1076)
  - op#05  op=SwiGLU   shard=0   a=[1x5504] + b=[1x5504]  ->  y=[1x5504]  (T=1, K=1076)
  - op#06  op=SwiGLU   shard=1   a=[1x5504] + b=[1x5504]  ->  y=[1x5504]  (T=1, K=1076)
  - op#07  op=Add      shard=-1  a=[1x4096] + b=[1x4096]  ->  y=[1x4096]  (T=1, K=1076)
[gpu-debug] per-op timing breakdown (avg over iters):
  idx  op       sh  io                                                    time   est_flops    TFLOPs       bytes      GB/s
  ------------------------------------------------------------------------------------------------------------------------
    0  LN       -1  x[1x4096]+w[4096]->y[1x4096]                        0.064ms    20.480 K      0.00   24.00 KiB      0.38
    1  Add      -1  a[1x4096]+b[1x4096]->y[1x4096]                      0.016ms     4.096 K      0.00   24.00 KiB      1.52
    2  LN       -1  x[1x4096]+w[4096]->y[1x4096]                        0.056ms    20.480 K      0.00   24.00 KiB      0.44
    3  FFN_W3    0  x[1x4096]+w[5504x4096]->y[1x5504]                   0.058ms    45.089 M      0.78   43.02 MiB    782.43
    4  FFN_W3    1  x[1x4096]+w[5504x4096]->y[1x5504]                   0.040ms    45.089 M      1.11   43.02 MiB   1115.21
    5  SwiGLU    0  a[1x5504]+b[1x5504]->y[1x5504]                      0.009ms    33.024 K      0.00   32.25 KiB      3.58
    6  SwiGLU    1  a[1x5504]+b[1x5504]->y[1x5504]                      0.011ms    33.024 K      0.00   32.25 KiB      2.99
    7  Add      -1  a[1x4096]+b[1x4096]->y[1x4096]                      0.016ms     4.096 K      0.00   24.00 KiB      1.55
[gpu-debug] segment avg latency (cuda_events): 0.176 ms
[gpu-debug] sum(per-op)               : 0.271 ms (ratio=1.538)
[gpu-debug] NOTE: sum(per-op) may differ from segment latency due to Python overhead, event/launch overhead, and allocator/cache effects.
[gpu-debug] cuda mem before warmup: alloc=96.15 MiB reserved=110.00 MiB
[gpu-debug] cuda mem after warmup : alloc=96.15 MiB reserved=110.00 MiB
[gpu-debug] cuda mem peak (this segment): max_alloc=96.17 MiB max_reserved=110.00 MiB
========================================================================================
[gpu-debug] segment_key=npu|decode|81|ff6dcf33668f3ebc9cf61e7eb43c6a84
[gpu-debug] sig: device_type=npu phase=decode step=81 (count_hint=32)
[gpu-debug] ops_repr: LN:-1,Add:-1,LN:-1,FFN_W3:0,FFN_W3:1,SwiGLU:0,SwiGLU:1,Add:-1
[gpu-debug] cfg: device=cuda dtype=torch.bfloat16 dim=4096 ffn_dim=11008 n_heads=32 shards=2
[gpu-debug] op plan (with inferred tensor shapes):
  - op#00  op=LN       shard=-1  x=[1x4096] + w=[4096]  ->  y=[1x4096]  (T=1, K=1088)
  - op#01  op=Add      shard=-1  a=[1x4096] + b=[1x4096]  ->  y=[1x4096]  (T=1, K=1088)
  - op#02  op=LN       shard=-1  x=[1x4096] + w=[4096]  ->  y=[1x4096]  (T=1, K=1088)
  - op#03  op=FFN_W3   shard=0   x=[1x4096] + w=[5504x4096]  ->  y=[1x5504]  (T=1, K=1088)
  - op#04  op=FFN_W3   shard=1   x=[1x4096] + w=[5504x4096]  ->  y=[1x5504]  (T=1, K=1088)
  - op#05  op=SwiGLU   shard=0   a=[1x5504] + b=[1x5504]  ->  y=[1x5504]  (T=1, K=1088)
  - op#06  op=SwiGLU   shard=1   a=[1x5504] + b=[1x5504]  ->  y=[1x5504]  (T=1, K=1088)
  - op#07  op=Add      shard=-1  a=[1x4096] + b=[1x4096]  ->  y=[1x4096]  (T=1, K=1088)
[gpu-debug] per-op timing breakdown (avg over iters):
  idx  op       sh  io                                                    time   est_flops    TFLOPs       bytes      GB/s
  ------------------------------------------------------------------------------------------------------------------------
    0  LN       -1  x[1x4096]+w[4096]->y[1x4096]                        0.065ms    20.480 K      0.00   24.00 KiB      0.38
    1  Add      -1  a[1x4096]+b[1x4096]->y[1x4096]                      0.016ms     4.096 K      0.00   24.00 KiB      1.57
    2  LN       -1  x[1x4096]+w[4096]->y[1x4096]                        0.056ms    20.480 K      0.00   24.00 KiB      0.44
    3  FFN_W3    0  x[1x4096]+w[5504x4096]->y[1x5504]                   0.058ms    45.089 M      0.78   43.02 MiB    781.04
    4  FFN_W3    1  x[1x4096]+w[5504x4096]->y[1x5504]                   0.040ms    45.089 M      1.12   43.02 MiB   1120.88
    5  SwiGLU    0  a[1x5504]+b[1x5504]->y[1x5504]                      0.009ms    33.024 K      0.00   32.25 KiB      3.54
    6  SwiGLU    1  a[1x5504]+b[1x5504]->y[1x5504]                      0.010ms    33.024 K      0.00   32.25 KiB      3.19
    7  Add      -1  a[1x4096]+b[1x4096]->y[1x4096]                      0.016ms     4.096 K      0.00   24.00 KiB      1.53
[gpu-debug] segment avg latency (cuda_events): 0.177 ms
[gpu-debug] sum(per-op)               : 0.270 ms (ratio=1.526)
[gpu-debug] NOTE: sum(per-op) may differ from segment latency due to Python overhead, event/launch overhead, and allocator/cache effects.
[gpu-debug] cuda mem before warmup: alloc=96.15 MiB reserved=110.00 MiB
[gpu-debug] cuda mem after warmup : alloc=96.15 MiB reserved=110.00 MiB
[gpu-debug] cuda mem peak (this segment): max_alloc=96.17 MiB max_reserved=110.00 MiB
========================================================================================
[gpu-debug] segment_key=npu|decode|82|ff6dcf33668f3ebc9cf61e7eb43c6a84
[gpu-debug] sig: device_type=npu phase=decode step=82 (count_hint=32)
[gpu-debug] ops_repr: LN:-1,Add:-1,LN:-1,FFN_W3:0,FFN_W3:1,SwiGLU:0,SwiGLU:1,Add:-1
[gpu-debug] cfg: device=cuda dtype=torch.bfloat16 dim=4096 ffn_dim=11008 n_heads=32 shards=2
[gpu-debug] op plan (with inferred tensor shapes):
  - op#00  op=LN       shard=-1  x=[1x4096] + w=[4096]  ->  y=[1x4096]  (T=1, K=1100)
  - op#01  op=Add      shard=-1  a=[1x4096] + b=[1x4096]  ->  y=[1x4096]  (T=1, K=1100)
  - op#02  op=LN       shard=-1  x=[1x4096] + w=[4096]  ->  y=[1x4096]  (T=1, K=1100)
  - op#03  op=FFN_W3   shard=0   x=[1x4096] + w=[5504x4096]  ->  y=[1x5504]  (T=1, K=1100)
  - op#04  op=FFN_W3   shard=1   x=[1x4096] + w=[5504x4096]  ->  y=[1x5504]  (T=1, K=1100)
  - op#05  op=SwiGLU   shard=0   a=[1x5504] + b=[1x5504]  ->  y=[1x5504]  (T=1, K=1100)
  - op#06  op=SwiGLU   shard=1   a=[1x5504] + b=[1x5504]  ->  y=[1x5504]  (T=1, K=1100)
  - op#07  op=Add      shard=-1  a=[1x4096] + b=[1x4096]  ->  y=[1x4096]  (T=1, K=1100)
[gpu-debug] per-op timing breakdown (avg over iters):
  idx  op       sh  io                                                    time   est_flops    TFLOPs       bytes      GB/s
  ------------------------------------------------------------------------------------------------------------------------
    0  LN       -1  x[1x4096]+w[4096]->y[1x4096]                        0.066ms    20.480 K      0.00   24.00 KiB      0.37
    1  Add      -1  a[1x4096]+b[1x4096]->y[1x4096]                      0.016ms     4.096 K      0.00   24.00 KiB      1.57
    2  LN       -1  x[1x4096]+w[4096]->y[1x4096]                        0.057ms    20.480 K      0.00   24.00 KiB      0.43
    3  FFN_W3    0  x[1x4096]+w[5504x4096]->y[1x5504]                   0.058ms    45.089 M      0.78   43.02 MiB    781.04
    4  FFN_W3    1  x[1x4096]+w[5504x4096]->y[1x5504]                   0.040ms    45.089 M      1.13   43.02 MiB   1129.51
    5  SwiGLU    0  a[1x5504]+b[1x5504]->y[1x5504]                      0.009ms    33.024 K      0.00   32.25 KiB      3.58
    6  SwiGLU    1  a[1x5504]+b[1x5504]->y[1x5504]                      0.010ms    33.024 K      0.00   32.25 KiB      3.19
    7  Add      -1  a[1x4096]+b[1x4096]->y[1x4096]                      0.016ms     4.096 K      0.00   24.00 KiB      1.56
[gpu-debug] segment avg latency (cuda_events): 0.177 ms
[gpu-debug] sum(per-op)               : 0.271 ms (ratio=1.534)
[gpu-debug] NOTE: sum(per-op) may differ from segment latency due to Python overhead, event/launch overhead, and allocator/cache effects.
[gpu-debug] cuda mem before warmup: alloc=96.15 MiB reserved=110.00 MiB
[gpu-debug] cuda mem after warmup : alloc=96.15 MiB reserved=110.00 MiB
[gpu-debug] cuda mem peak (this segment): max_alloc=96.17 MiB max_reserved=110.00 MiB
========================================================================================
[gpu-debug] segment_key=npu|decode|83|ff6dcf33668f3ebc9cf61e7eb43c6a84
[gpu-debug] sig: device_type=npu phase=decode step=83 (count_hint=32)
[gpu-debug] ops_repr: LN:-1,Add:-1,LN:-1,FFN_W3:0,FFN_W3:1,SwiGLU:0,SwiGLU:1,Add:-1
[gpu-debug] cfg: device=cuda dtype=torch.bfloat16 dim=4096 ffn_dim=11008 n_heads=32 shards=2
[gpu-debug] op plan (with inferred tensor shapes):
  - op#00  op=LN       shard=-1  x=[1x4096] + w=[4096]  ->  y=[1x4096]  (T=1, K=1112)
  - op#01  op=Add      shard=-1  a=[1x4096] + b=[1x4096]  ->  y=[1x4096]  (T=1, K=1112)
  - op#02  op=LN       shard=-1  x=[1x4096] + w=[4096]  ->  y=[1x4096]  (T=1, K=1112)
  - op#03  op=FFN_W3   shard=0   x=[1x4096] + w=[5504x4096]  ->  y=[1x5504]  (T=1, K=1112)
  - op#04  op=FFN_W3   shard=1   x=[1x4096] + w=[5504x4096]  ->  y=[1x5504]  (T=1, K=1112)
  - op#05  op=SwiGLU   shard=0   a=[1x5504] + b=[1x5504]  ->  y=[1x5504]  (T=1, K=1112)
  - op#06  op=SwiGLU   shard=1   a=[1x5504] + b=[1x5504]  ->  y=[1x5504]  (T=1, K=1112)
  - op#07  op=Add      shard=-1  a=[1x4096] + b=[1x4096]  ->  y=[1x4096]  (T=1, K=1112)
[gpu-debug] per-op timing breakdown (avg over iters):
  idx  op       sh  io                                                    time   est_flops    TFLOPs       bytes      GB/s
  ------------------------------------------------------------------------------------------------------------------------
    0  LN       -1  x[1x4096]+w[4096]->y[1x4096]                        0.065ms    20.480 K      0.00   24.00 KiB      0.38
    1  Add      -1  a[1x4096]+b[1x4096]->y[1x4096]                      0.016ms     4.096 K      0.00   24.00 KiB      1.54
    2  LN       -1  x[1x4096]+w[4096]->y[1x4096]                        0.056ms    20.480 K      0.00   24.00 KiB      0.44
    3  FFN_W3    0  x[1x4096]+w[5504x4096]->y[1x5504]                   0.058ms    45.089 M      0.78   43.02 MiB    783.82
    4  FFN_W3    1  x[1x4096]+w[5504x4096]->y[1x5504]                   0.040ms    45.089 M      1.12   43.02 MiB   1120.88
    5  SwiGLU    0  a[1x5504]+b[1x5504]->y[1x5504]                      0.009ms    33.024 K      0.00   32.25 KiB      3.58
    6  SwiGLU    1  a[1x5504]+b[1x5504]->y[1x5504]                      0.010ms    33.024 K      0.00   32.25 KiB      3.32
    7  Add      -1  a[1x4096]+b[1x4096]->y[1x4096]                      0.017ms     4.096 K      0.00   24.00 KiB      1.42
[gpu-debug] segment avg latency (cuda_events): 0.176 ms
[gpu-debug] sum(per-op)               : 0.271 ms (ratio=1.542)
[gpu-debug] NOTE: sum(per-op) may differ from segment latency due to Python overhead, event/launch overhead, and allocator/cache effects.
[gpu-debug] cuda mem before warmup: alloc=96.15 MiB reserved=110.00 MiB
[gpu-debug] cuda mem after warmup : alloc=96.15 MiB reserved=110.00 MiB
[gpu-debug] cuda mem peak (this segment): max_alloc=96.17 MiB max_reserved=110.00 MiB
========================================================================================
[gpu-debug] segment_key=npu|decode|84|ff6dcf33668f3ebc9cf61e7eb43c6a84
[gpu-debug] sig: device_type=npu phase=decode step=84 (count_hint=32)
[gpu-debug] ops_repr: LN:-1,Add:-1,LN:-1,FFN_W3:0,FFN_W3:1,SwiGLU:0,SwiGLU:1,Add:-1
[gpu-debug] cfg: device=cuda dtype=torch.bfloat16 dim=4096 ffn_dim=11008 n_heads=32 shards=2
[gpu-debug] op plan (with inferred tensor shapes):
  - op#00  op=LN       shard=-1  x=[1x4096] + w=[4096]  ->  y=[1x4096]  (T=1, K=1124)
  - op#01  op=Add      shard=-1  a=[1x4096] + b=[1x4096]  ->  y=[1x4096]  (T=1, K=1124)
  - op#02  op=LN       shard=-1  x=[1x4096] + w=[4096]  ->  y=[1x4096]  (T=1, K=1124)
  - op#03  op=FFN_W3   shard=0   x=[1x4096] + w=[5504x4096]  ->  y=[1x5504]  (T=1, K=1124)
  - op#04  op=FFN_W3   shard=1   x=[1x4096] + w=[5504x4096]  ->  y=[1x5504]  (T=1, K=1124)
  - op#05  op=SwiGLU   shard=0   a=[1x5504] + b=[1x5504]  ->  y=[1x5504]  (T=1, K=1124)
  - op#06  op=SwiGLU   shard=1   a=[1x5504] + b=[1x5504]  ->  y=[1x5504]  (T=1, K=1124)
  - op#07  op=Add      shard=-1  a=[1x4096] + b=[1x4096]  ->  y=[1x4096]  (T=1, K=1124)
[gpu-debug] per-op timing breakdown (avg over iters):
  idx  op       sh  io                                                    time   est_flops    TFLOPs       bytes      GB/s
  ------------------------------------------------------------------------------------------------------------------------
    0  LN       -1  x[1x4096]+w[4096]->y[1x4096]                        0.065ms    20.480 K      0.00   24.00 KiB      0.38
    1  Add      -1  a[1x4096]+b[1x4096]->y[1x4096]                      0.016ms     4.096 K      0.00   24.00 KiB      1.56
    2  LN       -1  x[1x4096]+w[4096]->y[1x4096]                        0.056ms    20.480 K      0.00   24.00 KiB      0.44
    3  FFN_W3    0  x[1x4096]+w[5504x4096]->y[1x5504]                   0.057ms    45.089 M      0.79   43.02 MiB    788.03
    4  FFN_W3    1  x[1x4096]+w[5504x4096]->y[1x5504]                   0.040ms    45.089 M      1.12   43.02 MiB   1123.74
    5  SwiGLU    0  a[1x5504]+b[1x5504]->y[1x5504]                      0.009ms    33.024 K      0.00   32.25 KiB      3.66
    6  SwiGLU    1  a[1x5504]+b[1x5504]->y[1x5504]                      0.010ms    33.024 K      0.00   32.25 KiB      3.43
    7  Add      -1  a[1x4096]+b[1x4096]->y[1x4096]                      0.016ms     4.096 K      0.00   24.00 KiB      1.58
[gpu-debug] segment avg latency (cuda_events): 0.177 ms
[gpu-debug] sum(per-op)               : 0.269 ms (ratio=1.518)
[gpu-debug] NOTE: sum(per-op) may differ from segment latency due to Python overhead, event/launch overhead, and allocator/cache effects.
[gpu-debug] cuda mem before warmup: alloc=96.15 MiB reserved=110.00 MiB
[gpu-debug] cuda mem after warmup : alloc=96.15 MiB reserved=110.00 MiB
[gpu-debug] cuda mem peak (this segment): max_alloc=96.17 MiB max_reserved=110.00 MiB
========================================================================================
[gpu-debug] segment_key=npu|decode|85|ff6dcf33668f3ebc9cf61e7eb43c6a84
[gpu-debug] sig: device_type=npu phase=decode step=85 (count_hint=32)
[gpu-debug] ops_repr: LN:-1,Add:-1,LN:-1,FFN_W3:0,FFN_W3:1,SwiGLU:0,SwiGLU:1,Add:-1
[gpu-debug] cfg: device=cuda dtype=torch.bfloat16 dim=4096 ffn_dim=11008 n_heads=32 shards=2
[gpu-debug] op plan (with inferred tensor shapes):
  - op#00  op=LN       shard=-1  x=[1x4096] + w=[4096]  ->  y=[1x4096]  (T=1, K=1136)
  - op#01  op=Add      shard=-1  a=[1x4096] + b=[1x4096]  ->  y=[1x4096]  (T=1, K=1136)
  - op#02  op=LN       shard=-1  x=[1x4096] + w=[4096]  ->  y=[1x4096]  (T=1, K=1136)
  - op#03  op=FFN_W3   shard=0   x=[1x4096] + w=[5504x4096]  ->  y=[1x5504]  (T=1, K=1136)
  - op#04  op=FFN_W3   shard=1   x=[1x4096] + w=[5504x4096]  ->  y=[1x5504]  (T=1, K=1136)
  - op#05  op=SwiGLU   shard=0   a=[1x5504] + b=[1x5504]  ->  y=[1x5504]  (T=1, K=1136)
  - op#06  op=SwiGLU   shard=1   a=[1x5504] + b=[1x5504]  ->  y=[1x5504]  (T=1, K=1136)
  - op#07  op=Add      shard=-1  a=[1x4096] + b=[1x4096]  ->  y=[1x4096]  (T=1, K=1136)
[gpu-debug] per-op timing breakdown (avg over iters):
  idx  op       sh  io                                                    time   est_flops    TFLOPs       bytes      GB/s
  ------------------------------------------------------------------------------------------------------------------------
    0  LN       -1  x[1x4096]+w[4096]->y[1x4096]                        0.065ms    20.480 K      0.00   24.00 KiB      0.38
    1  Add      -1  a[1x4096]+b[1x4096]->y[1x4096]                      0.017ms     4.096 K      0.00   24.00 KiB      1.47
    2  LN       -1  x[1x4096]+w[4096]->y[1x4096]                        0.056ms    20.480 K      0.00   24.00 KiB      0.44
    3  FFN_W3    0  x[1x4096]+w[5504x4096]->y[1x5504]                   0.057ms    45.089 M      0.79   43.02 MiB    789.44
    4  FFN_W3    1  x[1x4096]+w[5504x4096]->y[1x5504]                   0.040ms    45.089 M      1.12   43.02 MiB   1120.88
    5  SwiGLU    0  a[1x5504]+b[1x5504]->y[1x5504]                      0.009ms    33.024 K      0.00   32.25 KiB      3.62
    6  SwiGLU    1  a[1x5504]+b[1x5504]->y[1x5504]                      0.010ms    33.024 K      0.00   32.25 KiB      3.47
    7  Add      -1  a[1x4096]+b[1x4096]->y[1x4096]                      0.016ms     4.096 K      0.00   24.00 KiB      1.53
[gpu-debug] segment avg latency (cuda_events): 0.176 ms
[gpu-debug] sum(per-op)               : 0.270 ms (ratio=1.529)
[gpu-debug] NOTE: sum(per-op) may differ from segment latency due to Python overhead, event/launch overhead, and allocator/cache effects.
[gpu-debug] cuda mem before warmup: alloc=96.15 MiB reserved=110.00 MiB
[gpu-debug] cuda mem after warmup : alloc=96.15 MiB reserved=110.00 MiB
[gpu-debug] cuda mem peak (this segment): max_alloc=96.17 MiB max_reserved=110.00 MiB
========================================================================================
[gpu-debug] segment_key=npu|decode|86|ff6dcf33668f3ebc9cf61e7eb43c6a84
[gpu-debug] sig: device_type=npu phase=decode step=86 (count_hint=32)
[gpu-debug] ops_repr: LN:-1,Add:-1,LN:-1,FFN_W3:0,FFN_W3:1,SwiGLU:0,SwiGLU:1,Add:-1
[gpu-debug] cfg: device=cuda dtype=torch.bfloat16 dim=4096 ffn_dim=11008 n_heads=32 shards=2
[gpu-debug] op plan (with inferred tensor shapes):
  - op#00  op=LN       shard=-1  x=[1x4096] + w=[4096]  ->  y=[1x4096]  (T=1, K=1148)
  - op#01  op=Add      shard=-1  a=[1x4096] + b=[1x4096]  ->  y=[1x4096]  (T=1, K=1148)
  - op#02  op=LN       shard=-1  x=[1x4096] + w=[4096]  ->  y=[1x4096]  (T=1, K=1148)
  - op#03  op=FFN_W3   shard=0   x=[1x4096] + w=[5504x4096]  ->  y=[1x5504]  (T=1, K=1148)
  - op#04  op=FFN_W3   shard=1   x=[1x4096] + w=[5504x4096]  ->  y=[1x5504]  (T=1, K=1148)
  - op#05  op=SwiGLU   shard=0   a=[1x5504] + b=[1x5504]  ->  y=[1x5504]  (T=1, K=1148)
  - op#06  op=SwiGLU   shard=1   a=[1x5504] + b=[1x5504]  ->  y=[1x5504]  (T=1, K=1148)
  - op#07  op=Add      shard=-1  a=[1x4096] + b=[1x4096]  ->  y=[1x4096]  (T=1, K=1148)
[gpu-debug] per-op timing breakdown (avg over iters):
  idx  op       sh  io                                                    time   est_flops    TFLOPs       bytes      GB/s
  ------------------------------------------------------------------------------------------------------------------------
    0  LN       -1  x[1x4096]+w[4096]->y[1x4096]                        0.064ms    20.480 K      0.00   24.00 KiB      0.38
    1  Add      -1  a[1x4096]+b[1x4096]->y[1x4096]                      0.016ms     4.096 K      0.00   24.00 KiB      1.51
    2  LN       -1  x[1x4096]+w[4096]->y[1x4096]                        0.059ms    20.480 K      0.00   24.00 KiB      0.42
    3  FFN_W3    0  x[1x4096]+w[5504x4096]->y[1x5504]                   0.058ms    45.089 M      0.78   43.02 MiB    782.43
    4  FFN_W3    1  x[1x4096]+w[5504x4096]->y[1x5504]                   0.040ms    45.089 M      1.12   43.02 MiB   1123.74
    5  SwiGLU    0  a[1x5504]+b[1x5504]->y[1x5504]                      0.009ms    33.024 K      0.00   32.25 KiB      3.66
    6  SwiGLU    1  a[1x5504]+b[1x5504]->y[1x5504]                      0.010ms    33.024 K      0.00   32.25 KiB      3.32
    7  Add      -1  a[1x4096]+b[1x4096]->y[1x4096]                      0.016ms     4.096 K      0.00   24.00 KiB      1.56
[gpu-debug] segment avg latency (cuda_events): 0.176 ms
[gpu-debug] sum(per-op)               : 0.272 ms (ratio=1.540)
[gpu-debug] NOTE: sum(per-op) may differ from segment latency due to Python overhead, event/launch overhead, and allocator/cache effects.
[gpu-debug] cuda mem before warmup: alloc=96.15 MiB reserved=110.00 MiB
[gpu-debug] cuda mem after warmup : alloc=96.15 MiB reserved=110.00 MiB
[gpu-debug] cuda mem peak (this segment): max_alloc=96.17 MiB max_reserved=110.00 MiB
========================================================================================
[gpu-debug] segment_key=npu|decode|87|ff6dcf33668f3ebc9cf61e7eb43c6a84
[gpu-debug] sig: device_type=npu phase=decode step=87 (count_hint=32)
[gpu-debug] ops_repr: LN:-1,Add:-1,LN:-1,FFN_W3:0,FFN_W3:1,SwiGLU:0,SwiGLU:1,Add:-1
[gpu-debug] cfg: device=cuda dtype=torch.bfloat16 dim=4096 ffn_dim=11008 n_heads=32 shards=2
[gpu-debug] op plan (with inferred tensor shapes):
  - op#00  op=LN       shard=-1  x=[1x4096] + w=[4096]  ->  y=[1x4096]  (T=1, K=1160)
  - op#01  op=Add      shard=-1  a=[1x4096] + b=[1x4096]  ->  y=[1x4096]  (T=1, K=1160)
  - op#02  op=LN       shard=-1  x=[1x4096] + w=[4096]  ->  y=[1x4096]  (T=1, K=1160)
  - op#03  op=FFN_W3   shard=0   x=[1x4096] + w=[5504x4096]  ->  y=[1x5504]  (T=1, K=1160)
  - op#04  op=FFN_W3   shard=1   x=[1x4096] + w=[5504x4096]  ->  y=[1x5504]  (T=1, K=1160)
  - op#05  op=SwiGLU   shard=0   a=[1x5504] + b=[1x5504]  ->  y=[1x5504]  (T=1, K=1160)
  - op#06  op=SwiGLU   shard=1   a=[1x5504] + b=[1x5504]  ->  y=[1x5504]  (T=1, K=1160)
  - op#07  op=Add      shard=-1  a=[1x4096] + b=[1x4096]  ->  y=[1x4096]  (T=1, K=1160)
[gpu-debug] per-op timing breakdown (avg over iters):
  idx  op       sh  io                                                    time   est_flops    TFLOPs       bytes      GB/s
  ------------------------------------------------------------------------------------------------------------------------
    0  LN       -1  x[1x4096]+w[4096]->y[1x4096]                        0.067ms    20.480 K      0.00   24.00 KiB      0.37
    1  Add      -1  a[1x4096]+b[1x4096]->y[1x4096]                      0.016ms     4.096 K      0.00   24.00 KiB      1.55
    2  LN       -1  x[1x4096]+w[4096]->y[1x4096]                        0.056ms    20.480 K      0.00   24.00 KiB      0.44
    3  FFN_W3    0  x[1x4096]+w[5504x4096]->y[1x5504]                   0.058ms    45.089 M      0.78   43.02 MiB    782.43
    4  FFN_W3    1  x[1x4096]+w[5504x4096]->y[1x5504]                   0.040ms    45.089 M      1.12   43.02 MiB   1120.88
    5  SwiGLU    0  a[1x5504]+b[1x5504]->y[1x5504]                      0.009ms    33.024 K      0.00   32.25 KiB      3.58
    6  SwiGLU    1  a[1x5504]+b[1x5504]->y[1x5504]                      0.010ms    33.024 K      0.00   32.25 KiB      3.47
    7  Add      -1  a[1x4096]+b[1x4096]->y[1x4096]                      0.016ms     4.096 K      0.00   24.00 KiB      1.51
[gpu-debug] segment avg latency (cuda_events): 0.178 ms
[gpu-debug] sum(per-op)               : 0.272 ms (ratio=1.525)
[gpu-debug] NOTE: sum(per-op) may differ from segment latency due to Python overhead, event/launch overhead, and allocator/cache effects.
[gpu-debug] cuda mem before warmup: alloc=96.15 MiB reserved=110.00 MiB
[gpu-debug] cuda mem after warmup : alloc=96.15 MiB reserved=110.00 MiB
[gpu-debug] cuda mem peak (this segment): max_alloc=96.17 MiB max_reserved=110.00 MiB
========================================================================================
[gpu-debug] segment_key=npu|decode|88|ff6dcf33668f3ebc9cf61e7eb43c6a84
[gpu-debug] sig: device_type=npu phase=decode step=88 (count_hint=32)
[gpu-debug] ops_repr: LN:-1,Add:-1,LN:-1,FFN_W3:0,FFN_W3:1,SwiGLU:0,SwiGLU:1,Add:-1
[gpu-debug] cfg: device=cuda dtype=torch.bfloat16 dim=4096 ffn_dim=11008 n_heads=32 shards=2
[gpu-debug] op plan (with inferred tensor shapes):
  - op#00  op=LN       shard=-1  x=[1x4096] + w=[4096]  ->  y=[1x4096]  (T=1, K=1172)
  - op#01  op=Add      shard=-1  a=[1x4096] + b=[1x4096]  ->  y=[1x4096]  (T=1, K=1172)
  - op#02  op=LN       shard=-1  x=[1x4096] + w=[4096]  ->  y=[1x4096]  (T=1, K=1172)
  - op#03  op=FFN_W3   shard=0   x=[1x4096] + w=[5504x4096]  ->  y=[1x5504]  (T=1, K=1172)
  - op#04  op=FFN_W3   shard=1   x=[1x4096] + w=[5504x4096]  ->  y=[1x5504]  (T=1, K=1172)
  - op#05  op=SwiGLU   shard=0   a=[1x5504] + b=[1x5504]  ->  y=[1x5504]  (T=1, K=1172)
  - op#06  op=SwiGLU   shard=1   a=[1x5504] + b=[1x5504]  ->  y=[1x5504]  (T=1, K=1172)
  - op#07  op=Add      shard=-1  a=[1x4096] + b=[1x4096]  ->  y=[1x4096]  (T=1, K=1172)
[gpu-debug] per-op timing breakdown (avg over iters):
  idx  op       sh  io                                                    time   est_flops    TFLOPs       bytes      GB/s
  ------------------------------------------------------------------------------------------------------------------------
    0  LN       -1  x[1x4096]+w[4096]->y[1x4096]                        0.064ms    20.480 K      0.00   24.00 KiB      0.38
    1  Add      -1  a[1x4096]+b[1x4096]->y[1x4096]                      0.017ms     4.096 K      0.00   24.00 KiB      1.45
    2  LN       -1  x[1x4096]+w[4096]->y[1x4096]                        0.057ms    20.480 K      0.00   24.00 KiB      0.43
    3  FFN_W3    0  x[1x4096]+w[5504x4096]->y[1x5504]                   0.058ms    45.089 M      0.78   43.02 MiB    782.43
    4  FFN_W3    1  x[1x4096]+w[5504x4096]->y[1x5504]                   0.040ms    45.089 M      1.12   43.02 MiB   1120.88
    5  SwiGLU    0  a[1x5504]+b[1x5504]->y[1x5504]                      0.009ms    33.024 K      0.00   32.25 KiB      3.58
    6  SwiGLU    1  a[1x5504]+b[1x5504]->y[1x5504]                      0.010ms    33.024 K      0.00   32.25 KiB      3.43
    7  Add      -1  a[1x4096]+b[1x4096]->y[1x4096]                      0.016ms     4.096 K      0.00   24.00 KiB      1.58
[gpu-debug] segment avg latency (cuda_events): 0.176 ms
[gpu-debug] sum(per-op)               : 0.270 ms (ratio=1.530)
[gpu-debug] NOTE: sum(per-op) may differ from segment latency due to Python overhead, event/launch overhead, and allocator/cache effects.
[gpu-debug] cuda mem before warmup: alloc=96.15 MiB reserved=110.00 MiB
[gpu-debug] cuda mem after warmup : alloc=96.15 MiB reserved=110.00 MiB
[gpu-debug] cuda mem peak (this segment): max_alloc=96.17 MiB max_reserved=110.00 MiB
========================================================================================
[gpu-debug] segment_key=npu|decode|89|ff6dcf33668f3ebc9cf61e7eb43c6a84
[gpu-debug] sig: device_type=npu phase=decode step=89 (count_hint=32)
[gpu-debug] ops_repr: LN:-1,Add:-1,LN:-1,FFN_W3:0,FFN_W3:1,SwiGLU:0,SwiGLU:1,Add:-1
[gpu-debug] cfg: device=cuda dtype=torch.bfloat16 dim=4096 ffn_dim=11008 n_heads=32 shards=2
[gpu-debug] op plan (with inferred tensor shapes):
  - op#00  op=LN       shard=-1  x=[1x4096] + w=[4096]  ->  y=[1x4096]  (T=1, K=1184)
  - op#01  op=Add      shard=-1  a=[1x4096] + b=[1x4096]  ->  y=[1x4096]  (T=1, K=1184)
  - op#02  op=LN       shard=-1  x=[1x4096] + w=[4096]  ->  y=[1x4096]  (T=1, K=1184)
  - op#03  op=FFN_W3   shard=0   x=[1x4096] + w=[5504x4096]  ->  y=[1x5504]  (T=1, K=1184)
  - op#04  op=FFN_W3   shard=1   x=[1x4096] + w=[5504x4096]  ->  y=[1x5504]  (T=1, K=1184)
  - op#05  op=SwiGLU   shard=0   a=[1x5504] + b=[1x5504]  ->  y=[1x5504]  (T=1, K=1184)
  - op#06  op=SwiGLU   shard=1   a=[1x5504] + b=[1x5504]  ->  y=[1x5504]  (T=1, K=1184)
  - op#07  op=Add      shard=-1  a=[1x4096] + b=[1x4096]  ->  y=[1x4096]  (T=1, K=1184)
[gpu-debug] per-op timing breakdown (avg over iters):
  idx  op       sh  io                                                    time   est_flops    TFLOPs       bytes      GB/s
  ------------------------------------------------------------------------------------------------------------------------
    0  LN       -1  x[1x4096]+w[4096]->y[1x4096]                        0.064ms    20.480 K      0.00   24.00 KiB      0.38
    1  Add      -1  a[1x4096]+b[1x4096]->y[1x4096]                      0.016ms     4.096 K      0.00   24.00 KiB      1.57
    2  LN       -1  x[1x4096]+w[4096]->y[1x4096]                        0.057ms    20.480 K      0.00   24.00 KiB      0.43
    3  FFN_W3    0  x[1x4096]+w[5504x4096]->y[1x5504]                   0.058ms    45.089 M      0.78   43.02 MiB    781.04
    4  FFN_W3    1  x[1x4096]+w[5504x4096]->y[1x5504]                   0.040ms    45.089 M      1.13   43.02 MiB   1126.62
    5  SwiGLU    0  a[1x5504]+b[1x5504]->y[1x5504]                      0.009ms    33.024 K      0.00   32.25 KiB      3.62
    6  SwiGLU    1  a[1x5504]+b[1x5504]->y[1x5504]                      0.010ms    33.024 K      0.00   32.25 KiB      3.36
    7  Add      -1  a[1x4096]+b[1x4096]->y[1x4096]                      0.016ms     4.096 K      0.00   24.00 KiB      1.50
[gpu-debug] segment avg latency (cuda_events): 0.177 ms
[gpu-debug] sum(per-op)               : 0.269 ms (ratio=1.523)
[gpu-debug] NOTE: sum(per-op) may differ from segment latency due to Python overhead, event/launch overhead, and allocator/cache effects.
[gpu-debug] cuda mem before warmup: alloc=96.15 MiB reserved=110.00 MiB
[gpu-debug] cuda mem after warmup : alloc=96.15 MiB reserved=110.00 MiB
[gpu-debug] cuda mem peak (this segment): max_alloc=96.17 MiB max_reserved=110.00 MiB
========================================================================================
[gpu-debug] segment_key=npu|decode|8|ff6dcf33668f3ebc9cf61e7eb43c6a84
[gpu-debug] sig: device_type=npu phase=decode step=8 (count_hint=32)
[gpu-debug] ops_repr: LN:-1,Add:-1,LN:-1,FFN_W3:0,FFN_W3:1,SwiGLU:0,SwiGLU:1,Add:-1
[gpu-debug] cfg: device=cuda dtype=torch.bfloat16 dim=4096 ffn_dim=11008 n_heads=32 shards=2
[gpu-debug] op plan (with inferred tensor shapes):
  - op#00  op=LN       shard=-1  x=[1x4096] + w=[4096]  ->  y=[1x4096]  (T=1, K=212)
  - op#01  op=Add      shard=-1  a=[1x4096] + b=[1x4096]  ->  y=[1x4096]  (T=1, K=212)
  - op#02  op=LN       shard=-1  x=[1x4096] + w=[4096]  ->  y=[1x4096]  (T=1, K=212)
  - op#03  op=FFN_W3   shard=0   x=[1x4096] + w=[5504x4096]  ->  y=[1x5504]  (T=1, K=212)
  - op#04  op=FFN_W3   shard=1   x=[1x4096] + w=[5504x4096]  ->  y=[1x5504]  (T=1, K=212)
  - op#05  op=SwiGLU   shard=0   a=[1x5504] + b=[1x5504]  ->  y=[1x5504]  (T=1, K=212)
  - op#06  op=SwiGLU   shard=1   a=[1x5504] + b=[1x5504]  ->  y=[1x5504]  (T=1, K=212)
  - op#07  op=Add      shard=-1  a=[1x4096] + b=[1x4096]  ->  y=[1x4096]  (T=1, K=212)
[gpu-debug] per-op timing breakdown (avg over iters):
  idx  op       sh  io                                                    time   est_flops    TFLOPs       bytes      GB/s
  ------------------------------------------------------------------------------------------------------------------------
    0  LN       -1  x[1x4096]+w[4096]->y[1x4096]                        0.064ms    20.480 K      0.00   24.00 KiB      0.38
    1  Add      -1  a[1x4096]+b[1x4096]->y[1x4096]                      0.016ms     4.096 K      0.00   24.00 KiB      1.55
    2  LN       -1  x[1x4096]+w[4096]->y[1x4096]                        0.056ms    20.480 K      0.00   24.00 KiB      0.44
    3  FFN_W3    0  x[1x4096]+w[5504x4096]->y[1x5504]                   0.057ms    45.089 M      0.78   43.02 MiB    785.22
    4  FFN_W3    1  x[1x4096]+w[5504x4096]->y[1x5504]                   0.040ms    45.089 M      1.12   43.02 MiB   1123.74
    5  SwiGLU    0  a[1x5504]+b[1x5504]->y[1x5504]                      0.009ms    33.024 K      0.00   32.25 KiB      3.58
    6  SwiGLU    1  a[1x5504]+b[1x5504]->y[1x5504]                      0.011ms    33.024 K      0.00   32.25 KiB      2.91
    7  Add      -1  a[1x4096]+b[1x4096]->y[1x4096]                      0.016ms     4.096 K      0.00   24.00 KiB      1.55
[gpu-debug] segment avg latency (cuda_events): 0.177 ms
[gpu-debug] sum(per-op)               : 0.270 ms (ratio=1.529)
[gpu-debug] NOTE: sum(per-op) may differ from segment latency due to Python overhead, event/launch overhead, and allocator/cache effects.
[gpu-debug] cuda mem before warmup: alloc=96.15 MiB reserved=110.00 MiB
[gpu-debug] cuda mem after warmup : alloc=96.15 MiB reserved=110.00 MiB
[gpu-debug] cuda mem peak (this segment): max_alloc=96.17 MiB max_reserved=110.00 MiB
========================================================================================
[gpu-debug] segment_key=npu|decode|90|ff6dcf33668f3ebc9cf61e7eb43c6a84
[gpu-debug] sig: device_type=npu phase=decode step=90 (count_hint=32)
[gpu-debug] ops_repr: LN:-1,Add:-1,LN:-1,FFN_W3:0,FFN_W3:1,SwiGLU:0,SwiGLU:1,Add:-1
[gpu-debug] cfg: device=cuda dtype=torch.bfloat16 dim=4096 ffn_dim=11008 n_heads=32 shards=2
[gpu-debug] op plan (with inferred tensor shapes):
  - op#00  op=LN       shard=-1  x=[1x4096] + w=[4096]  ->  y=[1x4096]  (T=1, K=1196)
  - op#01  op=Add      shard=-1  a=[1x4096] + b=[1x4096]  ->  y=[1x4096]  (T=1, K=1196)
  - op#02  op=LN       shard=-1  x=[1x4096] + w=[4096]  ->  y=[1x4096]  (T=1, K=1196)
  - op#03  op=FFN_W3   shard=0   x=[1x4096] + w=[5504x4096]  ->  y=[1x5504]  (T=1, K=1196)
  - op#04  op=FFN_W3   shard=1   x=[1x4096] + w=[5504x4096]  ->  y=[1x5504]  (T=1, K=1196)
  - op#05  op=SwiGLU   shard=0   a=[1x5504] + b=[1x5504]  ->  y=[1x5504]  (T=1, K=1196)
  - op#06  op=SwiGLU   shard=1   a=[1x5504] + b=[1x5504]  ->  y=[1x5504]  (T=1, K=1196)
  - op#07  op=Add      shard=-1  a=[1x4096] + b=[1x4096]  ->  y=[1x4096]  (T=1, K=1196)
[gpu-debug] per-op timing breakdown (avg over iters):
  idx  op       sh  io                                                    time   est_flops    TFLOPs       bytes      GB/s
  ------------------------------------------------------------------------------------------------------------------------
    0  LN       -1  x[1x4096]+w[4096]->y[1x4096]                        0.064ms    20.480 K      0.00   24.00 KiB      0.38
    1  Add      -1  a[1x4096]+b[1x4096]->y[1x4096]                      0.016ms     4.096 K      0.00   24.00 KiB      1.54
    2  LN       -1  x[1x4096]+w[4096]->y[1x4096]                        0.056ms    20.480 K      0.00   24.00 KiB      0.44
    3  FFN_W3    0  x[1x4096]+w[5504x4096]->y[1x5504]                   0.057ms    45.089 M      0.78   43.02 MiB    785.22
    4  FFN_W3    1  x[1x4096]+w[5504x4096]->y[1x5504]                   0.040ms    45.089 M      1.13   43.02 MiB   1129.51
    5  SwiGLU    0  a[1x5504]+b[1x5504]->y[1x5504]                      0.009ms    33.024 K      0.00   32.25 KiB      3.62
    6  SwiGLU    1  a[1x5504]+b[1x5504]->y[1x5504]                      0.010ms    33.024 K      0.00   32.25 KiB      3.39
    7  Add      -1  a[1x4096]+b[1x4096]->y[1x4096]                      0.017ms     4.096 K      0.00   24.00 KiB      1.41
[gpu-debug] segment avg latency (cuda_events): 0.176 ms
[gpu-debug] sum(per-op)               : 0.270 ms (ratio=1.532)
[gpu-debug] NOTE: sum(per-op) may differ from segment latency due to Python overhead, event/launch overhead, and allocator/cache effects.
[gpu-debug] cuda mem before warmup: alloc=96.15 MiB reserved=110.00 MiB
[gpu-debug] cuda mem after warmup : alloc=96.15 MiB reserved=110.00 MiB
[gpu-debug] cuda mem peak (this segment): max_alloc=96.17 MiB max_reserved=110.00 MiB
========================================================================================
[gpu-debug] segment_key=npu|decode|91|ff6dcf33668f3ebc9cf61e7eb43c6a84
[gpu-debug] sig: device_type=npu phase=decode step=91 (count_hint=32)
[gpu-debug] ops_repr: LN:-1,Add:-1,LN:-1,FFN_W3:0,FFN_W3:1,SwiGLU:0,SwiGLU:1,Add:-1
[gpu-debug] cfg: device=cuda dtype=torch.bfloat16 dim=4096 ffn_dim=11008 n_heads=32 shards=2
[gpu-debug] op plan (with inferred tensor shapes):
  - op#00  op=LN       shard=-1  x=[1x4096] + w=[4096]  ->  y=[1x4096]  (T=1, K=1208)
  - op#01  op=Add      shard=-1  a=[1x4096] + b=[1x4096]  ->  y=[1x4096]  (T=1, K=1208)
  - op#02  op=LN       shard=-1  x=[1x4096] + w=[4096]  ->  y=[1x4096]  (T=1, K=1208)
  - op#03  op=FFN_W3   shard=0   x=[1x4096] + w=[5504x4096]  ->  y=[1x5504]  (T=1, K=1208)
  - op#04  op=FFN_W3   shard=1   x=[1x4096] + w=[5504x4096]  ->  y=[1x5504]  (T=1, K=1208)
  - op#05  op=SwiGLU   shard=0   a=[1x5504] + b=[1x5504]  ->  y=[1x5504]  (T=1, K=1208)
  - op#06  op=SwiGLU   shard=1   a=[1x5504] + b=[1x5504]  ->  y=[1x5504]  (T=1, K=1208)
  - op#07  op=Add      shard=-1  a=[1x4096] + b=[1x4096]  ->  y=[1x4096]  (T=1, K=1208)
[gpu-debug] per-op timing breakdown (avg over iters):
  idx  op       sh  io                                                    time   est_flops    TFLOPs       bytes      GB/s
  ------------------------------------------------------------------------------------------------------------------------
    0  LN       -1  x[1x4096]+w[4096]->y[1x4096]                        0.065ms    20.480 K      0.00   24.00 KiB      0.38
    1  Add      -1  a[1x4096]+b[1x4096]->y[1x4096]                      0.016ms     4.096 K      0.00   24.00 KiB      1.53
    2  LN       -1  x[1x4096]+w[4096]->y[1x4096]                        0.059ms    20.480 K      0.00   24.00 KiB      0.42
    3  FFN_W3    0  x[1x4096]+w[5504x4096]->y[1x5504]                   0.058ms    45.089 M      0.78   43.02 MiB    779.66
    4  FFN_W3    1  x[1x4096]+w[5504x4096]->y[1x5504]                   0.040ms    45.089 M      1.13   43.02 MiB   1126.62
    5  SwiGLU    0  a[1x5504]+b[1x5504]->y[1x5504]                      0.009ms    33.024 K      0.00   32.25 KiB      3.66
    6  SwiGLU    1  a[1x5504]+b[1x5504]->y[1x5504]                      0.010ms    33.024 K      0.00   32.25 KiB      3.26
    7  Add      -1  a[1x4096]+b[1x4096]->y[1x4096]                      0.016ms     4.096 K      0.00   24.00 KiB      1.54
[gpu-debug] segment avg latency (cuda_events): 0.283 ms
[gpu-debug] sum(per-op)               : 0.272 ms (ratio=0.963)
[gpu-debug] NOTE: sum(per-op) may differ from segment latency due to Python overhead, event/launch overhead, and allocator/cache effects.
[gpu-debug] cuda mem before warmup: alloc=96.15 MiB reserved=110.00 MiB
[gpu-debug] cuda mem after warmup : alloc=96.15 MiB reserved=110.00 MiB
[gpu-debug] cuda mem peak (this segment): max_alloc=96.17 MiB max_reserved=110.00 MiB
  progress 100/110
========================================================================================
[gpu-debug] segment_key=npu|decode|92|ff6dcf33668f3ebc9cf61e7eb43c6a84
[gpu-debug] sig: device_type=npu phase=decode step=92 (count_hint=32)
[gpu-debug] ops_repr: LN:-1,Add:-1,LN:-1,FFN_W3:0,FFN_W3:1,SwiGLU:0,SwiGLU:1,Add:-1
[gpu-debug] cfg: device=cuda dtype=torch.bfloat16 dim=4096 ffn_dim=11008 n_heads=32 shards=2
[gpu-debug] op plan (with inferred tensor shapes):
  - op#00  op=LN       shard=-1  x=[1x4096] + w=[4096]  ->  y=[1x4096]  (T=1, K=1220)
  - op#01  op=Add      shard=-1  a=[1x4096] + b=[1x4096]  ->  y=[1x4096]  (T=1, K=1220)
  - op#02  op=LN       shard=-1  x=[1x4096] + w=[4096]  ->  y=[1x4096]  (T=1, K=1220)
  - op#03  op=FFN_W3   shard=0   x=[1x4096] + w=[5504x4096]  ->  y=[1x5504]  (T=1, K=1220)
  - op#04  op=FFN_W3   shard=1   x=[1x4096] + w=[5504x4096]  ->  y=[1x5504]  (T=1, K=1220)
  - op#05  op=SwiGLU   shard=0   a=[1x5504] + b=[1x5504]  ->  y=[1x5504]  (T=1, K=1220)
  - op#06  op=SwiGLU   shard=1   a=[1x5504] + b=[1x5504]  ->  y=[1x5504]  (T=1, K=1220)
  - op#07  op=Add      shard=-1  a=[1x4096] + b=[1x4096]  ->  y=[1x4096]  (T=1, K=1220)
[gpu-debug] per-op timing breakdown (avg over iters):
  idx  op       sh  io                                                    time   est_flops    TFLOPs       bytes      GB/s
  ------------------------------------------------------------------------------------------------------------------------
    0  LN       -1  x[1x4096]+w[4096]->y[1x4096]                        0.064ms    20.480 K      0.00   24.00 KiB      0.38
    1  Add      -1  a[1x4096]+b[1x4096]->y[1x4096]                      0.016ms     4.096 K      0.00   24.00 KiB      1.55
    2  LN       -1  x[1x4096]+w[4096]->y[1x4096]                        0.058ms    20.480 K      0.00   24.00 KiB      0.42
    3  FFN_W3    0  x[1x4096]+w[5504x4096]->y[1x5504]                   0.058ms    45.089 M      0.78   43.02 MiB    782.43
    4  FFN_W3    1  x[1x4096]+w[5504x4096]->y[1x5504]                   0.040ms    45.089 M      1.12   43.02 MiB   1123.74
    5  SwiGLU    0  a[1x5504]+b[1x5504]->y[1x5504]                      0.009ms    33.024 K      0.00   32.25 KiB      3.66
    6  SwiGLU    1  a[1x5504]+b[1x5504]->y[1x5504]                      0.010ms    33.024 K      0.00   32.25 KiB      3.43
    7  Add      -1  a[1x4096]+b[1x4096]->y[1x4096]                      0.016ms     4.096 K      0.00   24.00 KiB      1.53
[gpu-debug] segment avg latency (cuda_events): 0.176 ms
[gpu-debug] sum(per-op)               : 0.271 ms (ratio=1.535)
[gpu-debug] NOTE: sum(per-op) may differ from segment latency due to Python overhead, event/launch overhead, and allocator/cache effects.
[gpu-debug] cuda mem before warmup: alloc=96.15 MiB reserved=110.00 MiB
[gpu-debug] cuda mem after warmup : alloc=96.15 MiB reserved=110.00 MiB
[gpu-debug] cuda mem peak (this segment): max_alloc=96.17 MiB max_reserved=110.00 MiB
========================================================================================
[gpu-debug] segment_key=npu|decode|93|ff6dcf33668f3ebc9cf61e7eb43c6a84
[gpu-debug] sig: device_type=npu phase=decode step=93 (count_hint=32)
[gpu-debug] ops_repr: LN:-1,Add:-1,LN:-1,FFN_W3:0,FFN_W3:1,SwiGLU:0,SwiGLU:1,Add:-1
[gpu-debug] cfg: device=cuda dtype=torch.bfloat16 dim=4096 ffn_dim=11008 n_heads=32 shards=2
[gpu-debug] op plan (with inferred tensor shapes):
  - op#00  op=LN       shard=-1  x=[1x4096] + w=[4096]  ->  y=[1x4096]  (T=1, K=1232)
  - op#01  op=Add      shard=-1  a=[1x4096] + b=[1x4096]  ->  y=[1x4096]  (T=1, K=1232)
  - op#02  op=LN       shard=-1  x=[1x4096] + w=[4096]  ->  y=[1x4096]  (T=1, K=1232)
  - op#03  op=FFN_W3   shard=0   x=[1x4096] + w=[5504x4096]  ->  y=[1x5504]  (T=1, K=1232)
  - op#04  op=FFN_W3   shard=1   x=[1x4096] + w=[5504x4096]  ->  y=[1x5504]  (T=1, K=1232)
  - op#05  op=SwiGLU   shard=0   a=[1x5504] + b=[1x5504]  ->  y=[1x5504]  (T=1, K=1232)
  - op#06  op=SwiGLU   shard=1   a=[1x5504] + b=[1x5504]  ->  y=[1x5504]  (T=1, K=1232)
  - op#07  op=Add      shard=-1  a=[1x4096] + b=[1x4096]  ->  y=[1x4096]  (T=1, K=1232)
[gpu-debug] per-op timing breakdown (avg over iters):
  idx  op       sh  io                                                    time   est_flops    TFLOPs       bytes      GB/s
  ------------------------------------------------------------------------------------------------------------------------
    0  LN       -1  x[1x4096]+w[4096]->y[1x4096]                        0.064ms    20.480 K      0.00   24.00 KiB      0.38
    1  Add      -1  a[1x4096]+b[1x4096]->y[1x4096]                      0.016ms     4.096 K      0.00   24.00 KiB      1.54
    2  LN       -1  x[1x4096]+w[4096]->y[1x4096]                        0.056ms    20.480 K      0.00   24.00 KiB      0.44
    3  FFN_W3    0  x[1x4096]+w[5504x4096]->y[1x5504]                   0.058ms    45.089 M      0.78   43.02 MiB    778.28
    4  FFN_W3    1  x[1x4096]+w[5504x4096]->y[1x5504]                   0.040ms    45.089 M      1.12   43.02 MiB   1120.88
    5  SwiGLU    0  a[1x5504]+b[1x5504]->y[1x5504]                      0.009ms    33.024 K      0.00   32.25 KiB      3.62
    6  SwiGLU    1  a[1x5504]+b[1x5504]->y[1x5504]                      0.011ms    33.024 K      0.00   32.25 KiB      2.93
    7  Add      -1  a[1x4096]+b[1x4096]->y[1x4096]                      0.016ms     4.096 K      0.00   24.00 KiB      1.58
[gpu-debug] segment avg latency (cuda_events): 0.176 ms
[gpu-debug] sum(per-op)               : 0.271 ms (ratio=1.542)
[gpu-debug] NOTE: sum(per-op) may differ from segment latency due to Python overhead, event/launch overhead, and allocator/cache effects.
[gpu-debug] cuda mem before warmup: alloc=96.15 MiB reserved=110.00 MiB
[gpu-debug] cuda mem after warmup : alloc=96.15 MiB reserved=110.00 MiB
[gpu-debug] cuda mem peak (this segment): max_alloc=96.17 MiB max_reserved=110.00 MiB
========================================================================================
[gpu-debug] segment_key=npu|decode|94|ff6dcf33668f3ebc9cf61e7eb43c6a84
[gpu-debug] sig: device_type=npu phase=decode step=94 (count_hint=32)
[gpu-debug] ops_repr: LN:-1,Add:-1,LN:-1,FFN_W3:0,FFN_W3:1,SwiGLU:0,SwiGLU:1,Add:-1
[gpu-debug] cfg: device=cuda dtype=torch.bfloat16 dim=4096 ffn_dim=11008 n_heads=32 shards=2
[gpu-debug] op plan (with inferred tensor shapes):
  - op#00  op=LN       shard=-1  x=[1x4096] + w=[4096]  ->  y=[1x4096]  (T=1, K=1244)
  - op#01  op=Add      shard=-1  a=[1x4096] + b=[1x4096]  ->  y=[1x4096]  (T=1, K=1244)
  - op#02  op=LN       shard=-1  x=[1x4096] + w=[4096]  ->  y=[1x4096]  (T=1, K=1244)
  - op#03  op=FFN_W3   shard=0   x=[1x4096] + w=[5504x4096]  ->  y=[1x5504]  (T=1, K=1244)
  - op#04  op=FFN_W3   shard=1   x=[1x4096] + w=[5504x4096]  ->  y=[1x5504]  (T=1, K=1244)
  - op#05  op=SwiGLU   shard=0   a=[1x5504] + b=[1x5504]  ->  y=[1x5504]  (T=1, K=1244)
  - op#06  op=SwiGLU   shard=1   a=[1x5504] + b=[1x5504]  ->  y=[1x5504]  (T=1, K=1244)
  - op#07  op=Add      shard=-1  a=[1x4096] + b=[1x4096]  ->  y=[1x4096]  (T=1, K=1244)
[gpu-debug] per-op timing breakdown (avg over iters):
  idx  op       sh  io                                                    time   est_flops    TFLOPs       bytes      GB/s
  ------------------------------------------------------------------------------------------------------------------------
    0  LN       -1  x[1x4096]+w[4096]->y[1x4096]                        0.064ms    20.480 K      0.00   24.00 KiB      0.38
    1  Add      -1  a[1x4096]+b[1x4096]->y[1x4096]                      0.016ms     4.096 K      0.00   24.00 KiB      1.56
    2  LN       -1  x[1x4096]+w[4096]->y[1x4096]                        0.056ms    20.480 K      0.00   24.00 KiB      0.44
    3  FFN_W3    0  x[1x4096]+w[5504x4096]->y[1x5504]                   0.058ms    45.089 M      0.78   43.02 MiB    779.66
    4  FFN_W3    1  x[1x4096]+w[5504x4096]->y[1x5504]                   0.040ms    45.089 M      1.13   43.02 MiB   1126.62
    5  SwiGLU    0  a[1x5504]+b[1x5504]->y[1x5504]                      0.009ms    33.024 K      0.00   32.25 KiB      3.66
    6  SwiGLU    1  a[1x5504]+b[1x5504]->y[1x5504]                      0.011ms    33.024 K      0.00   32.25 KiB      2.96
    7  Add      -1  a[1x4096]+b[1x4096]->y[1x4096]                      0.016ms     4.096 K      0.00   24.00 KiB      1.51
[gpu-debug] segment avg latency (cuda_events): 0.176 ms
[gpu-debug] sum(per-op)               : 0.271 ms (ratio=1.538)
[gpu-debug] NOTE: sum(per-op) may differ from segment latency due to Python overhead, event/launch overhead, and allocator/cache effects.
[gpu-debug] cuda mem before warmup: alloc=96.15 MiB reserved=110.00 MiB
[gpu-debug] cuda mem after warmup : alloc=96.15 MiB reserved=110.00 MiB
[gpu-debug] cuda mem peak (this segment): max_alloc=96.17 MiB max_reserved=110.00 MiB
========================================================================================
[gpu-debug] segment_key=npu|decode|95|ff6dcf33668f3ebc9cf61e7eb43c6a84
[gpu-debug] sig: device_type=npu phase=decode step=95 (count_hint=32)
[gpu-debug] ops_repr: LN:-1,Add:-1,LN:-1,FFN_W3:0,FFN_W3:1,SwiGLU:0,SwiGLU:1,Add:-1
[gpu-debug] cfg: device=cuda dtype=torch.bfloat16 dim=4096 ffn_dim=11008 n_heads=32 shards=2
[gpu-debug] op plan (with inferred tensor shapes):
  - op#00  op=LN       shard=-1  x=[1x4096] + w=[4096]  ->  y=[1x4096]  (T=1, K=1256)
  - op#01  op=Add      shard=-1  a=[1x4096] + b=[1x4096]  ->  y=[1x4096]  (T=1, K=1256)
  - op#02  op=LN       shard=-1  x=[1x4096] + w=[4096]  ->  y=[1x4096]  (T=1, K=1256)
  - op#03  op=FFN_W3   shard=0   x=[1x4096] + w=[5504x4096]  ->  y=[1x5504]  (T=1, K=1256)
  - op#04  op=FFN_W3   shard=1   x=[1x4096] + w=[5504x4096]  ->  y=[1x5504]  (T=1, K=1256)
  - op#05  op=SwiGLU   shard=0   a=[1x5504] + b=[1x5504]  ->  y=[1x5504]  (T=1, K=1256)
  - op#06  op=SwiGLU   shard=1   a=[1x5504] + b=[1x5504]  ->  y=[1x5504]  (T=1, K=1256)
  - op#07  op=Add      shard=-1  a=[1x4096] + b=[1x4096]  ->  y=[1x4096]  (T=1, K=1256)
[gpu-debug] per-op timing breakdown (avg over iters):
  idx  op       sh  io                                                    time   est_flops    TFLOPs       bytes      GB/s
  ------------------------------------------------------------------------------------------------------------------------
    0  LN       -1  x[1x4096]+w[4096]->y[1x4096]                        0.064ms    20.480 K      0.00   24.00 KiB      0.38
    1  Add      -1  a[1x4096]+b[1x4096]->y[1x4096]                      0.016ms     4.096 K      0.00   24.00 KiB      1.56
    2  LN       -1  x[1x4096]+w[4096]->y[1x4096]                        0.056ms    20.480 K      0.00   24.00 KiB      0.44
    3  FFN_W3    0  x[1x4096]+w[5504x4096]->y[1x5504]                   0.058ms    45.089 M      0.78   43.02 MiB    778.28
    4  FFN_W3    1  x[1x4096]+w[5504x4096]->y[1x5504]                   0.040ms    45.089 M      1.11   43.02 MiB   1115.21
    5  SwiGLU    0  a[1x5504]+b[1x5504]->y[1x5504]                      0.009ms    33.024 K      0.00   32.25 KiB      3.58
    6  SwiGLU    1  a[1x5504]+b[1x5504]->y[1x5504]                      0.010ms    33.024 K      0.00   32.25 KiB      3.39
    7  Add      -1  a[1x4096]+b[1x4096]->y[1x4096]                      0.015ms     4.096 K      0.00   24.00 KiB      1.59
[gpu-debug] segment avg latency (cuda_events): 0.176 ms
[gpu-debug] sum(per-op)               : 0.269 ms (ratio=1.526)
[gpu-debug] NOTE: sum(per-op) may differ from segment latency due to Python overhead, event/launch overhead, and allocator/cache effects.
[gpu-debug] cuda mem before warmup: alloc=96.15 MiB reserved=110.00 MiB
[gpu-debug] cuda mem after warmup : alloc=96.15 MiB reserved=110.00 MiB
[gpu-debug] cuda mem peak (this segment): max_alloc=96.17 MiB max_reserved=110.00 MiB
========================================================================================
[gpu-debug] segment_key=npu|decode|96|ff6dcf33668f3ebc9cf61e7eb43c6a84
[gpu-debug] sig: device_type=npu phase=decode step=96 (count_hint=32)
[gpu-debug] ops_repr: LN:-1,Add:-1,LN:-1,FFN_W3:0,FFN_W3:1,SwiGLU:0,SwiGLU:1,Add:-1
[gpu-debug] cfg: device=cuda dtype=torch.bfloat16 dim=4096 ffn_dim=11008 n_heads=32 shards=2
[gpu-debug] op plan (with inferred tensor shapes):
  - op#00  op=LN       shard=-1  x=[1x4096] + w=[4096]  ->  y=[1x4096]  (T=1, K=1268)
  - op#01  op=Add      shard=-1  a=[1x4096] + b=[1x4096]  ->  y=[1x4096]  (T=1, K=1268)
  - op#02  op=LN       shard=-1  x=[1x4096] + w=[4096]  ->  y=[1x4096]  (T=1, K=1268)
  - op#03  op=FFN_W3   shard=0   x=[1x4096] + w=[5504x4096]  ->  y=[1x5504]  (T=1, K=1268)
  - op#04  op=FFN_W3   shard=1   x=[1x4096] + w=[5504x4096]  ->  y=[1x5504]  (T=1, K=1268)
  - op#05  op=SwiGLU   shard=0   a=[1x5504] + b=[1x5504]  ->  y=[1x5504]  (T=1, K=1268)
  - op#06  op=SwiGLU   shard=1   a=[1x5504] + b=[1x5504]  ->  y=[1x5504]  (T=1, K=1268)
  - op#07  op=Add      shard=-1  a=[1x4096] + b=[1x4096]  ->  y=[1x4096]  (T=1, K=1268)
[gpu-debug] per-op timing breakdown (avg over iters):
  idx  op       sh  io                                                    time   est_flops    TFLOPs       bytes      GB/s
  ------------------------------------------------------------------------------------------------------------------------
    0  LN       -1  x[1x4096]+w[4096]->y[1x4096]                        0.064ms    20.480 K      0.00   24.00 KiB      0.38
    1  Add      -1  a[1x4096]+b[1x4096]->y[1x4096]                      0.016ms     4.096 K      0.00   24.00 KiB      1.52
    2  LN       -1  x[1x4096]+w[4096]->y[1x4096]                        0.056ms    20.480 K      0.00   24.00 KiB      0.44
    3  FFN_W3    0  x[1x4096]+w[5504x4096]->y[1x5504]                   0.058ms    45.089 M      0.78   43.02 MiB    778.28
    4  FFN_W3    1  x[1x4096]+w[5504x4096]->y[1x5504]                   0.040ms    45.089 M      1.12   43.02 MiB   1120.88
    5  SwiGLU    0  a[1x5504]+b[1x5504]->y[1x5504]                      0.009ms    33.024 K      0.00   32.25 KiB      3.62
    6  SwiGLU    1  a[1x5504]+b[1x5504]->y[1x5504]                      0.010ms    33.024 K      0.00   32.25 KiB      3.36
    7  Add      -1  a[1x4096]+b[1x4096]->y[1x4096]                      0.017ms     4.096 K      0.00   24.00 KiB      1.45
[gpu-debug] segment avg latency (cuda_events): 0.176 ms
[gpu-debug] sum(per-op)               : 0.271 ms (ratio=1.537)
[gpu-debug] NOTE: sum(per-op) may differ from segment latency due to Python overhead, event/launch overhead, and allocator/cache effects.
[gpu-debug] cuda mem before warmup: alloc=96.15 MiB reserved=110.00 MiB
[gpu-debug] cuda mem after warmup : alloc=96.15 MiB reserved=110.00 MiB
[gpu-debug] cuda mem peak (this segment): max_alloc=96.17 MiB max_reserved=110.00 MiB
========================================================================================
[gpu-debug] segment_key=npu|decode|97|ff6dcf33668f3ebc9cf61e7eb43c6a84
[gpu-debug] sig: device_type=npu phase=decode step=97 (count_hint=32)
[gpu-debug] ops_repr: LN:-1,Add:-1,LN:-1,FFN_W3:0,FFN_W3:1,SwiGLU:0,SwiGLU:1,Add:-1
[gpu-debug] cfg: device=cuda dtype=torch.bfloat16 dim=4096 ffn_dim=11008 n_heads=32 shards=2
[gpu-debug] op plan (with inferred tensor shapes):
  - op#00  op=LN       shard=-1  x=[1x4096] + w=[4096]  ->  y=[1x4096]  (T=1, K=1280)
  - op#01  op=Add      shard=-1  a=[1x4096] + b=[1x4096]  ->  y=[1x4096]  (T=1, K=1280)
  - op#02  op=LN       shard=-1  x=[1x4096] + w=[4096]  ->  y=[1x4096]  (T=1, K=1280)
  - op#03  op=FFN_W3   shard=0   x=[1x4096] + w=[5504x4096]  ->  y=[1x5504]  (T=1, K=1280)
  - op#04  op=FFN_W3   shard=1   x=[1x4096] + w=[5504x4096]  ->  y=[1x5504]  (T=1, K=1280)
  - op#05  op=SwiGLU   shard=0   a=[1x5504] + b=[1x5504]  ->  y=[1x5504]  (T=1, K=1280)
  - op#06  op=SwiGLU   shard=1   a=[1x5504] + b=[1x5504]  ->  y=[1x5504]  (T=1, K=1280)
  - op#07  op=Add      shard=-1  a=[1x4096] + b=[1x4096]  ->  y=[1x4096]  (T=1, K=1280)
[gpu-debug] per-op timing breakdown (avg over iters):
  idx  op       sh  io                                                    time   est_flops    TFLOPs       bytes      GB/s
  ------------------------------------------------------------------------------------------------------------------------
    0  LN       -1  x[1x4096]+w[4096]->y[1x4096]                        0.065ms    20.480 K      0.00   24.00 KiB      0.38
    1  Add      -1  a[1x4096]+b[1x4096]->y[1x4096]                      0.017ms     4.096 K      0.00   24.00 KiB      1.42
    2  LN       -1  x[1x4096]+w[4096]->y[1x4096]                        0.057ms    20.480 K      0.00   24.00 KiB      0.43
    3  FFN_W3    0  x[1x4096]+w[5504x4096]->y[1x5504]                   0.058ms    45.089 M      0.78   43.02 MiB    782.43
    4  FFN_W3    1  x[1x4096]+w[5504x4096]->y[1x5504]                   0.040ms    45.089 M      1.12   43.02 MiB   1118.04
    5  SwiGLU    0  a[1x5504]+b[1x5504]->y[1x5504]                      0.009ms    33.024 K      0.00   32.25 KiB      3.58
    6  SwiGLU    1  a[1x5504]+b[1x5504]->y[1x5504]                      0.010ms    33.024 K      0.00   32.25 KiB      3.43
    7  Add      -1  a[1x4096]+b[1x4096]->y[1x4096]                      0.015ms     4.096 K      0.00   24.00 KiB      1.59
[gpu-debug] segment avg latency (cuda_events): 0.176 ms
[gpu-debug] sum(per-op)               : 0.271 ms (ratio=1.543)
[gpu-debug] NOTE: sum(per-op) may differ from segment latency due to Python overhead, event/launch overhead, and allocator/cache effects.
[gpu-debug] cuda mem before warmup: alloc=96.15 MiB reserved=110.00 MiB
[gpu-debug] cuda mem after warmup : alloc=96.15 MiB reserved=110.00 MiB
[gpu-debug] cuda mem peak (this segment): max_alloc=96.17 MiB max_reserved=110.00 MiB
========================================================================================
[gpu-debug] segment_key=npu|decode|98|ff6dcf33668f3ebc9cf61e7eb43c6a84
[gpu-debug] sig: device_type=npu phase=decode step=98 (count_hint=32)
[gpu-debug] ops_repr: LN:-1,Add:-1,LN:-1,FFN_W3:0,FFN_W3:1,SwiGLU:0,SwiGLU:1,Add:-1
[gpu-debug] cfg: device=cuda dtype=torch.bfloat16 dim=4096 ffn_dim=11008 n_heads=32 shards=2
[gpu-debug] op plan (with inferred tensor shapes):
  - op#00  op=LN       shard=-1  x=[1x4096] + w=[4096]  ->  y=[1x4096]  (T=1, K=1292)
  - op#01  op=Add      shard=-1  a=[1x4096] + b=[1x4096]  ->  y=[1x4096]  (T=1, K=1292)
  - op#02  op=LN       shard=-1  x=[1x4096] + w=[4096]  ->  y=[1x4096]  (T=1, K=1292)
  - op#03  op=FFN_W3   shard=0   x=[1x4096] + w=[5504x4096]  ->  y=[1x5504]  (T=1, K=1292)
  - op#04  op=FFN_W3   shard=1   x=[1x4096] + w=[5504x4096]  ->  y=[1x5504]  (T=1, K=1292)
  - op#05  op=SwiGLU   shard=0   a=[1x5504] + b=[1x5504]  ->  y=[1x5504]  (T=1, K=1292)
  - op#06  op=SwiGLU   shard=1   a=[1x5504] + b=[1x5504]  ->  y=[1x5504]  (T=1, K=1292)
  - op#07  op=Add      shard=-1  a=[1x4096] + b=[1x4096]  ->  y=[1x4096]  (T=1, K=1292)
[gpu-debug] per-op timing breakdown (avg over iters):
  idx  op       sh  io                                                    time   est_flops    TFLOPs       bytes      GB/s
  ------------------------------------------------------------------------------------------------------------------------
    0  LN       -1  x[1x4096]+w[4096]->y[1x4096]                        0.064ms    20.480 K      0.00   24.00 KiB      0.38
    1  Add      -1  a[1x4096]+b[1x4096]->y[1x4096]                      0.016ms     4.096 K      0.00   24.00 KiB      1.51
    2  LN       -1  x[1x4096]+w[4096]->y[1x4096]                        0.058ms    20.480 K      0.00   24.00 KiB      0.42
    3  FFN_W3    0  x[1x4096]+w[5504x4096]->y[1x5504]                   0.058ms    45.089 M      0.78   43.02 MiB    779.66
    4  FFN_W3    1  x[1x4096]+w[5504x4096]->y[1x5504]                   0.040ms    45.089 M      1.12   43.02 MiB   1123.74
    5  SwiGLU    0  a[1x5504]+b[1x5504]->y[1x5504]                      0.009ms    33.024 K      0.00   32.25 KiB      3.62
    6  SwiGLU    1  a[1x5504]+b[1x5504]->y[1x5504]                      0.010ms    33.024 K      0.00   32.25 KiB      3.47
    7  Add      -1  a[1x4096]+b[1x4096]->y[1x4096]                      0.016ms     4.096 K      0.00   24.00 KiB      1.54
[gpu-debug] segment avg latency (cuda_events): 0.176 ms
[gpu-debug] sum(per-op)               : 0.271 ms (ratio=1.535)
[gpu-debug] NOTE: sum(per-op) may differ from segment latency due to Python overhead, event/launch overhead, and allocator/cache effects.
[gpu-debug] cuda mem before warmup: alloc=96.15 MiB reserved=110.00 MiB
[gpu-debug] cuda mem after warmup : alloc=96.15 MiB reserved=110.00 MiB
[gpu-debug] cuda mem peak (this segment): max_alloc=96.17 MiB max_reserved=110.00 MiB
========================================================================================
[gpu-debug] segment_key=npu|decode|99|ff6dcf33668f3ebc9cf61e7eb43c6a84
[gpu-debug] sig: device_type=npu phase=decode step=99 (count_hint=32)
[gpu-debug] ops_repr: LN:-1,Add:-1,LN:-1,FFN_W3:0,FFN_W3:1,SwiGLU:0,SwiGLU:1,Add:-1
[gpu-debug] cfg: device=cuda dtype=torch.bfloat16 dim=4096 ffn_dim=11008 n_heads=32 shards=2
[gpu-debug] op plan (with inferred tensor shapes):
  - op#00  op=LN       shard=-1  x=[1x4096] + w=[4096]  ->  y=[1x4096]  (T=1, K=1304)
  - op#01  op=Add      shard=-1  a=[1x4096] + b=[1x4096]  ->  y=[1x4096]  (T=1, K=1304)
  - op#02  op=LN       shard=-1  x=[1x4096] + w=[4096]  ->  y=[1x4096]  (T=1, K=1304)
  - op#03  op=FFN_W3   shard=0   x=[1x4096] + w=[5504x4096]  ->  y=[1x5504]  (T=1, K=1304)
  - op#04  op=FFN_W3   shard=1   x=[1x4096] + w=[5504x4096]  ->  y=[1x5504]  (T=1, K=1304)
  - op#05  op=SwiGLU   shard=0   a=[1x5504] + b=[1x5504]  ->  y=[1x5504]  (T=1, K=1304)
  - op#06  op=SwiGLU   shard=1   a=[1x5504] + b=[1x5504]  ->  y=[1x5504]  (T=1, K=1304)
  - op#07  op=Add      shard=-1  a=[1x4096] + b=[1x4096]  ->  y=[1x4096]  (T=1, K=1304)
[gpu-debug] per-op timing breakdown (avg over iters):
  idx  op       sh  io                                                    time   est_flops    TFLOPs       bytes      GB/s
  ------------------------------------------------------------------------------------------------------------------------
    0  LN       -1  x[1x4096]+w[4096]->y[1x4096]                        0.064ms    20.480 K      0.00   24.00 KiB      0.38
    1  Add      -1  a[1x4096]+b[1x4096]->y[1x4096]                      0.016ms     4.096 K      0.00   24.00 KiB      1.53
    2  LN       -1  x[1x4096]+w[4096]->y[1x4096]                        0.057ms    20.480 K      0.00   24.00 KiB      0.43
    3  FFN_W3    0  x[1x4096]+w[5504x4096]->y[1x5504]                   0.058ms    45.089 M      0.77   43.02 MiB    772.82
    4  FFN_W3    1  x[1x4096]+w[5504x4096]->y[1x5504]                   0.040ms    45.089 M      1.13   43.02 MiB   1126.62
    5  SwiGLU    0  a[1x5504]+b[1x5504]->y[1x5504]                      0.009ms    33.024 K      0.00   32.25 KiB      3.71
    6  SwiGLU    1  a[1x5504]+b[1x5504]->y[1x5504]                      0.009ms    33.024 K      0.00   32.25 KiB      3.51
    7  Add      -1  a[1x4096]+b[1x4096]->y[1x4096]                      0.016ms     4.096 K      0.00   24.00 KiB      1.56
[gpu-debug] segment avg latency (cuda_events): 0.176 ms
[gpu-debug] sum(per-op)               : 0.269 ms (ratio=1.528)
[gpu-debug] NOTE: sum(per-op) may differ from segment latency due to Python overhead, event/launch overhead, and allocator/cache effects.
[gpu-debug] cuda mem before warmup: alloc=96.15 MiB reserved=110.00 MiB
[gpu-debug] cuda mem after warmup : alloc=96.15 MiB reserved=110.00 MiB
[gpu-debug] cuda mem peak (this segment): max_alloc=96.17 MiB max_reserved=110.00 MiB
========================================================================================
[gpu-debug] segment_key=npu|decode|9|ff6dcf33668f3ebc9cf61e7eb43c6a84
[gpu-debug] sig: device_type=npu phase=decode step=9 (count_hint=32)
[gpu-debug] ops_repr: LN:-1,Add:-1,LN:-1,FFN_W3:0,FFN_W3:1,SwiGLU:0,SwiGLU:1,Add:-1
[gpu-debug] cfg: device=cuda dtype=torch.bfloat16 dim=4096 ffn_dim=11008 n_heads=32 shards=2
[gpu-debug] op plan (with inferred tensor shapes):
  - op#00  op=LN       shard=-1  x=[1x4096] + w=[4096]  ->  y=[1x4096]  (T=1, K=224)
  - op#01  op=Add      shard=-1  a=[1x4096] + b=[1x4096]  ->  y=[1x4096]  (T=1, K=224)
  - op#02  op=LN       shard=-1  x=[1x4096] + w=[4096]  ->  y=[1x4096]  (T=1, K=224)
  - op#03  op=FFN_W3   shard=0   x=[1x4096] + w=[5504x4096]  ->  y=[1x5504]  (T=1, K=224)
  - op#04  op=FFN_W3   shard=1   x=[1x4096] + w=[5504x4096]  ->  y=[1x5504]  (T=1, K=224)
  - op#05  op=SwiGLU   shard=0   a=[1x5504] + b=[1x5504]  ->  y=[1x5504]  (T=1, K=224)
  - op#06  op=SwiGLU   shard=1   a=[1x5504] + b=[1x5504]  ->  y=[1x5504]  (T=1, K=224)
  - op#07  op=Add      shard=-1  a=[1x4096] + b=[1x4096]  ->  y=[1x4096]  (T=1, K=224)
[gpu-debug] per-op timing breakdown (avg over iters):
  idx  op       sh  io                                                    time   est_flops    TFLOPs       bytes      GB/s
  ------------------------------------------------------------------------------------------------------------------------
    0  LN       -1  x[1x4096]+w[4096]->y[1x4096]                        0.064ms    20.480 K      0.00   24.00 KiB      0.38
    1  Add      -1  a[1x4096]+b[1x4096]->y[1x4096]                      0.016ms     4.096 K      0.00   24.00 KiB      1.58
    2  LN       -1  x[1x4096]+w[4096]->y[1x4096]                        0.056ms    20.480 K      0.00   24.00 KiB      0.44
    3  FFN_W3    0  x[1x4096]+w[5504x4096]->y[1x5504]                   0.057ms    45.089 M      0.78   43.02 MiB    785.22
    4  FFN_W3    1  x[1x4096]+w[5504x4096]->y[1x5504]                   0.040ms    45.089 M      1.13   43.02 MiB   1126.62
    5  SwiGLU    0  a[1x5504]+b[1x5504]->y[1x5504]                      0.009ms    33.024 K      0.00   32.25 KiB      3.71
    6  SwiGLU    1  a[1x5504]+b[1x5504]->y[1x5504]                      0.011ms    33.024 K      0.00   32.25 KiB      2.93
    7  Add      -1  a[1x4096]+b[1x4096]->y[1x4096]                      0.016ms     4.096 K      0.00   24.00 KiB      1.50
[gpu-debug] segment avg latency (cuda_events): 0.177 ms
[gpu-debug] sum(per-op)               : 0.270 ms (ratio=1.528)
[gpu-debug] NOTE: sum(per-op) may differ from segment latency due to Python overhead, event/launch overhead, and allocator/cache effects.
[gpu-debug] cuda mem before warmup: alloc=96.15 MiB reserved=110.00 MiB
[gpu-debug] cuda mem after warmup : alloc=96.15 MiB reserved=110.00 MiB
[gpu-debug] cuda mem peak (this segment): max_alloc=96.17 MiB max_reserved=110.00 MiB
========================================================================================
[gpu-debug] segment_key=npu|prefill|-1|7f370cc7d97df3530a56c775d62964d4
[gpu-debug] sig: device_type=npu phase=prefill step=-1 (count_hint=32)
[gpu-debug] ops_repr: LN:-1,Q:0,K:0,V:0,Q:1,K:1,V:1,QK:0,QK:1,Softmax:0,Softmax:1,SV:0,SV:1,O:0,O:1,Add:-1,LN:-1,FFN_W1:0,FFN_W3:0,FFN_W1:1,FFN_W3:1,SwiGLU:0,SwiGLU:1,FFN_W2:0,FFN_W2:1,Add:-1
[gpu-debug] cfg: device=cuda dtype=torch.bfloat16 dim=4096 ffn_dim=11008 n_heads=32 shards=2
[gpu-debug] op plan (with inferred tensor shapes):
  - op#00  op=LN       shard=-1  x=[128x4096] + w=[4096]  ->  y=[128x4096]  (T=128, K=128)
  - op#01  op=Q        shard=0   x=[128x4096] + w=[2048x4096]  ->  y=[128x2048]  (T=128, K=128)
  - op#02  op=K        shard=0   x=[128x4096] + w=[2048x4096]  ->  y=[128x2048]  (T=128, K=128)
  - op#03  op=V        shard=0   x=[128x4096] + w=[2048x4096]  ->  y=[128x2048]  (T=128, K=128)
  - op#04  op=Q        shard=1   x=[128x4096] + w=[2048x4096]  ->  y=[128x2048]  (T=128, K=128)
  - op#05  op=K        shard=1   x=[128x4096] + w=[2048x4096]  ->  y=[128x2048]  (T=128, K=128)
  - op#06  op=V        shard=1   x=[128x4096] + w=[2048x4096]  ->  y=[128x2048]  (T=128, K=128)
  - op#07  op=QK       shard=0   q=[16x128x128] + k=[16x128x128]  ->  y=[16x128x128]  (T=128, K=128)
  - op#08  op=QK       shard=1   q=[16x128x128] + k=[16x128x128]  ->  y=[16x128x128]  (T=128, K=128)
  - op#09  op=Softmax  shard=0   scores=[16x128x128]  ->  y=[16x128x128]  (T=128, K=128)
  - op#10  op=Softmax  shard=1   scores=[16x128x128]  ->  y=[16x128x128]  (T=128, K=128)
  - op#11  op=SV       shard=0   p=[16x128x128] + v=[16x128x128]  ->  y=[16x128x128]  (T=128, K=128)
  - op#12  op=SV       shard=1   p=[16x128x128] + v=[16x128x128]  ->  y=[16x128x128]  (T=128, K=128)
  - op#13  op=O        shard=0   x=[128x2048] + w=[4096x2048]  ->  y=[128x4096]  (T=128, K=128)
  - op#14  op=O        shard=1   x=[128x2048] + w=[4096x2048]  ->  y=[128x4096]  (T=128, K=128)
  - op#15  op=Add      shard=-1  a=[128x4096] + b=[128x4096]  ->  y=[128x4096]  (T=128, K=128)
  - op#16  op=LN       shard=-1  x=[128x4096] + w=[4096]  ->  y=[128x4096]  (T=128, K=128)
  - op#17  op=FFN_W1   shard=0   x=[128x4096] + w=[5504x4096]  ->  y=[128x5504]  (T=128, K=128)
  - op#18  op=FFN_W3   shard=0   x=[128x4096] + w=[5504x4096]  ->  y=[128x5504]  (T=128, K=128)
  - op#19  op=FFN_W1   shard=1   x=[128x4096] + w=[5504x4096]  ->  y=[128x5504]  (T=128, K=128)
  - op#20  op=FFN_W3   shard=1   x=[128x4096] + w=[5504x4096]  ->  y=[128x5504]  (T=128, K=128)
  - op#21  op=SwiGLU   shard=0   a=[128x5504] + b=[128x5504]  ->  y=[128x5504]  (T=128, K=128)
  - op#22  op=SwiGLU   shard=1   a=[128x5504] + b=[128x5504]  ->  y=[128x5504]  (T=128, K=128)
  - op#23  op=FFN_W2   shard=0   x=[128x5504] + w=[4096x5504]  ->  y=[128x4096]  (T=128, K=128)
  - op#24  op=FFN_W2   shard=1   x=[128x5504] + w=[4096x5504]  ->  y=[128x4096]  (T=128, K=128)
  - op#25  op=Add      shard=-1  a=[128x4096] + b=[128x4096]  ->  y=[128x4096]  (T=128, K=128)
[gpu-debug] per-op timing breakdown (avg over iters):
  idx  op       sh  io                                                    time   est_flops    TFLOPs       bytes      GB/s
  ------------------------------------------------------------------------------------------------------------------------
    0  LN       -1  x[128x4096]+w[4096]->y[128x4096]                    0.070ms     2.621 M      0.04    2.01 MiB     29.88
    1  Q         0  x[128x4096]+w[2048x4096]->y[128x2048]               0.047ms     2.147 G     45.89   17.50 MiB    392.12
    2  K         0  x[128x4096]+w[2048x4096]->y[128x2048]               0.034ms     2.147 G     63.55   17.50 MiB    543.03
    3  V         0  x[128x4096]+w[2048x4096]->y[128x2048]               0.029ms     2.147 G     73.58   17.50 MiB    628.77
    4  Q         1  x[128x4096]+w[2048x4096]->y[128x2048]               0.028ms     2.147 G     76.54   17.50 MiB    654.01
    5  K         1  x[128x4096]+w[2048x4096]->y[128x2048]               0.030ms     2.147 G     70.61   17.50 MiB    603.37
    6  V         1  x[128x4096]+w[2048x4096]->y[128x2048]               0.028ms     2.147 G     75.44   17.50 MiB    644.60
    7  QK        0  q[16x128x128]+k[16x128x128]->y[16x128x128]          0.044ms    67.109 M      1.51    1.50 MiB     35.39
    8  QK        1  q[16x128x128]+k[16x128x128]->y[16x128x128]          0.043ms    67.109 M      1.56    1.50 MiB     36.66
    9  Softmax   0  scores[16x128x128]->y[16x128x128]                   0.020ms     1.311 M      0.07    1.00 MiB     52.78
   10  Softmax   1  scores[16x128x128]->y[16x128x128]                   0.015ms     1.311 M      0.09    1.00 MiB     70.14
   11  SV        0  p[16x128x128]+v[16x128x128]->y[16x128x128]          0.030ms    67.109 M      2.26    1.50 MiB     52.97
   12  SV        1  p[16x128x128]+v[16x128x128]->y[16x128x128]          0.027ms    67.109 M      2.49    1.50 MiB     58.40
   13  O         0  x[128x2048]+w[4096x2048]->y[128x4096]               0.039ms     2.147 G     55.33   17.50 MiB    472.82
   14  O         1  x[128x2048]+w[4096x2048]->y[128x4096]               0.030ms     2.147 G     70.61   17.50 MiB    603.37
   15  Add      -1  a[128x4096]+b[128x4096]->y[128x4096]                0.012ms   524.288 K      0.04    3.00 MiB    269.47
   16  LN       -1  x[128x4096]+w[4096]->y[128x4096]                    0.070ms     2.621 M      0.04    2.01 MiB     29.97
   17  FFN_W1    0  x[128x4096]+w[5504x4096]->y[128x5504]               0.073ms     5.771 G     79.05   45.34 MiB    651.22
   18  FFN_W3    0  x[128x4096]+w[5504x4096]->y[128x5504]               0.054ms     5.771 G    106.74   45.34 MiB    879.39
   19  FFN_W1    1  x[128x4096]+w[5504x4096]->y[128x5504]               0.055ms     5.771 G    105.54   45.34 MiB    869.51
   20  FFN_W3    1  x[128x4096]+w[5504x4096]->y[128x5504]               0.056ms     5.771 G    103.04   45.34 MiB    848.85
   21  SwiGLU    0  a[128x5504]+b[128x5504]->y[128x5504]                0.012ms     4.227 M      0.36    4.03 MiB    355.86
   22  SwiGLU    1  a[128x5504]+b[128x5504]->y[128x5504]                0.011ms     4.227 M      0.38    4.03 MiB    378.72
   23  FFN_W2    0  x[128x5504]+w[4096x5504]->y[128x4096]               0.056ms     5.771 G    103.99   45.34 MiB    856.68
   24  FFN_W2    1  x[128x5504]+w[4096x5504]->y[128x4096]               0.057ms     5.771 G    101.55   45.34 MiB    836.61
   25  Add      -1  a[128x4096]+b[128x4096]->y[128x4096]                0.007ms   524.288 K      0.07    3.00 MiB    432.68
[gpu-debug] segment avg latency (cuda_events): 0.666 ms
[gpu-debug] sum(per-op)               : 0.978 ms (ratio=1.469)
[gpu-debug] NOTE: sum(per-op) may differ from segment latency due to Python overhead, event/launch overhead, and allocator/cache effects.
[gpu-debug] cuda mem before warmup: alloc=96.15 MiB reserved=110.00 MiB
[gpu-debug] cuda mem after warmup : alloc=403.50 MiB reserved=418.00 MiB
[gpu-debug] cuda mem peak (this segment): max_alloc=406.18 MiB max_reserved=418.00 MiB
  progress 110/110
[run-gpu] wrote /lustre/home/2501111916/workspace/XPUPIM_0226_gpupim_parameter/TriForm/verify/hw_hardware_1gpu_2aim/st12/llama_7b_bf16_b1_s12/facil_128x1292.gpu_results.json
[slurm] wrote OK_FILE=/lustre/home/2501111916/workspace/XPUPIM_0226_gpupim_parameter/TriForm/verify/hw_hardware_1gpu_2aim/st12/llama_7b_bf16_b1_s12/facil_128x1292.gpu.ok
