[slurm] jobid=9730402 nodelist=l12gpu04
[slurm] CUDA_VISIBLE_DEVICES=0
Fri Feb 27 10:04:00 2026       
+-----------------------------------------------------------------------------------------+
| NVIDIA-SMI 560.35.03              Driver Version: 560.35.03      CUDA Version: 12.6     |
|-----------------------------------------+------------------------+----------------------+
| GPU  Name                 Persistence-M | Bus-Id          Disp.A | Volatile Uncorr. ECC |
| Fan  Temp   Perf          Pwr:Usage/Cap |           Memory-Usage | GPU-Util  Compute M. |
|                                         |                        |               MIG M. |
|=========================================+========================+======================|
|   0  NVIDIA A100-PCIE-40GB          On  |   00000000:B1:00.0 Off |                    0 |
| N/A   33C    P0             32W /  250W |       1MiB /  40960MiB |      0%      Default |
|                                         |                        |             Disabled |
+-----------------------------------------+------------------------+----------------------+
                                                                                         
+-----------------------------------------------------------------------------------------+
| Processes:                                                                              |
|  GPU   GI   CI        PID   Type   Process name                              GPU Memory |
|        ID   ID                                                               Usage      |
|=========================================================================================|
|  No running processes found                                                             |
+-----------------------------------------------------------------------------------------+
torch: 2.8.0+cu126
cuda available: True
device: NVIDIA A100-PCIE-40GB
[slurm] PY_SCRIPT=/lustre/home/2501111916/workspace/XPUPIM_0226_gpupim_parameter/TriForm/verify/schedule_deploy_verify.py
[slurm] TASKS_JSON=/lustre/home/2501111916/workspace/XPUPIM_0226_gpupim_parameter/TriForm/verify/hw_hardware_1gpu_2aim/st12/llama_7b_bf16_b1_s12/attacc_128x262.gpu_tasks.json
[slurm] OUT_JSON=/lustre/home/2501111916/workspace/XPUPIM_0226_gpupim_parameter/TriForm/verify/hw_hardware_1gpu_2aim/st12/llama_7b_bf16_b1_s12/attacc_128x262.gpu_results.json
[slurm] WARMUP=3 ITERS=10 DEVICE=cuda GPU_DTYPE=bf16
[slurm] OK_FILE=/lustre/home/2501111916/workspace/XPUPIM_0226_gpupim_parameter/TriForm/verify/hw_hardware_1gpu_2aim/st12/llama_7b_bf16_b1_s12/attacc_128x262.gpu.ok
[slurm] Running: python /lustre/home/2501111916/workspace/XPUPIM_0226_gpupim_parameter/TriForm/verify/schedule_deploy_verify.py run-gpu --tasks /lustre/home/2501111916/workspace/XPUPIM_0226_gpupim_parameter/TriForm/verify/hw_hardware_1gpu_2aim/st12/llama_7b_bf16_b1_s12/attacc_128x262.gpu_tasks.json --out /lustre/home/2501111916/workspace/XPUPIM_0226_gpupim_parameter/TriForm/verify/hw_hardware_1gpu_2aim/st12/llama_7b_bf16_b1_s12/attacc_128x262.gpu_results.json --debug --debug-txt /lustre/home/2501111916/workspace/XPUPIM_0226_gpupim_parameter/TriForm/verify/hw_hardware_1gpu_2aim/st12/llama_7b_bf16_b1_s12/attacc_128x262.gpu_debug.log --warmup 3 --iters 10 --device cuda --gpu-dtype bf16
[run-gpu] tasks=24 warmup=3 iters=10 device=cuda dtype=bf16 segment_scope=layer
[run-gpu] extra weight_load_s=0.400513s (will be added in merge)
[run-gpu] GPU[0] NVIDIA A100-PCIE-40GB; SM=108, CC=8.0
[run-gpu] nvidia-smi -L: GPU 0: NVIDIA A100-PCIE-40GB (UUID: GPU-10fd0274-d52f-ca61-05e2-aaf982e4391e)
[run-gpu] nvidia-smi query: NVIDIA A100-PCIE-40GB, GPU-10fd0274-d52f-ca61-05e2-aaf982e4391e, 560.35.03, 40960
[run-gpu][debug] torch_default_dtype=torch.float32
[run-gpu][debug] torch.backends.cuda.matmul.allow_tf32=False
[run-gpu][debug] cudnn.enabled=True benchmark=False deterministic=False allow_tf32=True
[run-gpu][debug] nvidia-smi snapshot: 0, 0, 0, 4, 40960, 33, 33.17, 250.00
========================================================================================
[gpu-debug] segment_key=npu|decode|0|f47f2b13c8c0ddb8e4ddc9de5ce41aad
[gpu-debug] sig: device_type=npu phase=decode step=0 (count_hint=32)
[gpu-debug] ops_repr: LN:-1,Q:0,K:0,V:0,Q:1,K:1,V:1,O:0,O:1,Add:-1,LN:-1,FFN_W1:0,FFN_W3:0,FFN_W1:1,FFN_W3:1,SwiGLU:0,SwiGLU:1,FFN_W2:0,FFN_W2:1,Add:-1
[gpu-debug] cfg: device=cuda dtype=torch.bfloat16 dim=4096 ffn_dim=11008 n_heads=32 shards=2
[gpu-debug] op plan (with inferred tensor shapes):
  - op#00  op=LN       shard=-1  x=[1x4096] + w=[4096]  ->  y=[1x4096]  (T=1, K=129)
  - op#01  op=Q        shard=0   x=[1x4096] + w=[2048x4096]  ->  y=[1x2048]  (T=1, K=129)
  - op#02  op=K        shard=0   x=[1x4096] + w=[2048x4096]  ->  y=[1x2048]  (T=1, K=129)
  - op#03  op=V        shard=0   x=[1x4096] + w=[2048x4096]  ->  y=[1x2048]  (T=1, K=129)
  - op#04  op=Q        shard=1   x=[1x4096] + w=[2048x4096]  ->  y=[1x2048]  (T=1, K=129)
  - op#05  op=K        shard=1   x=[1x4096] + w=[2048x4096]  ->  y=[1x2048]  (T=1, K=129)
  - op#06  op=V        shard=1   x=[1x4096] + w=[2048x4096]  ->  y=[1x2048]  (T=1, K=129)
  - op#07  op=O        shard=0   x=[1x2048] + w=[4096x2048]  ->  y=[1x4096]  (T=1, K=129)
  - op#08  op=O        shard=1   x=[1x2048] + w=[4096x2048]  ->  y=[1x4096]  (T=1, K=129)
  - op#09  op=Add      shard=-1  a=[1x4096] + b=[1x4096]  ->  y=[1x4096]  (T=1, K=129)
  - op#10  op=LN       shard=-1  x=[1x4096] + w=[4096]  ->  y=[1x4096]  (T=1, K=129)
  - op#11  op=FFN_W1   shard=0   x=[1x4096] + w=[5504x4096]  ->  y=[1x5504]  (T=1, K=129)
  - op#12  op=FFN_W3   shard=0   x=[1x4096] + w=[5504x4096]  ->  y=[1x5504]  (T=1, K=129)
  - op#13  op=FFN_W1   shard=1   x=[1x4096] + w=[5504x4096]  ->  y=[1x5504]  (T=1, K=129)
  - op#14  op=FFN_W3   shard=1   x=[1x4096] + w=[5504x4096]  ->  y=[1x5504]  (T=1, K=129)
  - op#15  op=SwiGLU   shard=0   a=[1x5504] + b=[1x5504]  ->  y=[1x5504]  (T=1, K=129)
  - op#16  op=SwiGLU   shard=1   a=[1x5504] + b=[1x5504]  ->  y=[1x5504]  (T=1, K=129)
  - op#17  op=FFN_W2   shard=0   x=[1x5504] + w=[4096x5504]  ->  y=[1x4096]  (T=1, K=129)
  - op#18  op=FFN_W2   shard=1   x=[1x5504] + w=[4096x5504]  ->  y=[1x4096]  (T=1, K=129)
  - op#19  op=Add      shard=-1  a=[1x4096] + b=[1x4096]  ->  y=[1x4096]  (T=1, K=129)
[gpu-debug] per-op timing breakdown (avg over iters):
  idx  op       sh  io                                                    time   est_flops    TFLOPs       bytes      GB/s
  ------------------------------------------------------------------------------------------------------------------------
    0  LN       -1  x[1x4096]+w[4096]->y[1x4096]                        0.070ms    20.480 K      0.00   24.00 KiB      0.35
    1  Q         0  x[1x4096]+w[2048x4096]->y[1x2048]                   0.050ms    16.777 M      0.34   16.01 MiB    338.76
    2  K         0  x[1x4096]+w[2048x4096]->y[1x2048]                   0.033ms    16.777 M      0.51   16.01 MiB    506.05
    3  V         0  x[1x4096]+w[2048x4096]->y[1x2048]                   0.033ms    16.777 M      0.50   16.01 MiB    504.49
    4  Q         1  x[1x4096]+w[2048x4096]->y[1x2048]                   0.033ms    16.777 M      0.51   16.01 MiB    506.05
    5  K         1  x[1x4096]+w[2048x4096]->y[1x2048]                   0.034ms    16.777 M      0.49   16.01 MiB    489.43
    6  V         1  x[1x4096]+w[2048x4096]->y[1x2048]                   0.033ms    16.777 M      0.50   16.01 MiB    502.94
    7  O         0  x[1x2048]+w[4096x2048]->y[1x4096]                   0.027ms    16.777 M      0.61   16.01 MiB    611.79
    8  O         1  x[1x2048]+w[4096x2048]->y[1x4096]                   0.027ms    16.777 M      0.61   16.01 MiB    614.08
    9  Add      -1  a[1x4096]+b[1x4096]->y[1x4096]                      0.010ms     4.096 K      0.00   24.00 KiB      2.50
   10  LN       -1  x[1x4096]+w[4096]->y[1x4096]                        0.040ms    20.480 K      0.00   24.00 KiB      0.61
   11  FFN_W1    0  x[1x4096]+w[5504x4096]->y[1x5504]                   0.051ms    45.089 M      0.89   43.02 MiB    888.12
   12  FFN_W3    0  x[1x4096]+w[5504x4096]->y[1x5504]                   0.048ms    45.089 M      0.94   43.02 MiB    941.26
   13  FFN_W1    1  x[1x4096]+w[5504x4096]->y[1x5504]                   0.047ms    45.089 M      0.95   43.02 MiB    953.48
   14  FFN_W3    1  x[1x4096]+w[5504x4096]->y[1x5504]                   0.047ms    45.089 M      0.97   43.02 MiB    968.15
   15  SwiGLU    0  a[1x5504]+b[1x5504]->y[1x5504]                      0.016ms    33.024 K      0.00   32.25 KiB      2.09
   16  SwiGLU    1  a[1x5504]+b[1x5504]->y[1x5504]                      0.015ms    33.024 K      0.00   32.25 KiB      2.27
   17  FFN_W2    0  x[1x5504]+w[4096x5504]->y[1x4096]                   0.050ms    45.089 M      0.90   43.02 MiB    898.99
   18  FFN_W2    1  x[1x5504]+w[4096x5504]->y[1x4096]                   0.051ms    45.089 M      0.89   43.02 MiB    889.91
   19  Add      -1  a[1x4096]+b[1x4096]->y[1x4096]                      0.009ms     4.096 K      0.00   24.00 KiB      2.76
[gpu-debug] segment avg latency (cuda_events): 0.598 ms
[gpu-debug] sum(per-op)               : 0.725 ms (ratio=1.211)
[gpu-debug] NOTE: sum(per-op) may differ from segment latency due to Python overhead, event/launch overhead, and allocator/cache effects.
[gpu-debug] cuda mem before warmup: alloc=0 B reserved=0 B
[gpu-debug] cuda mem after warmup : alloc=400.16 MiB reserved=414.00 MiB
[gpu-debug] cuda mem peak (this segment): max_alloc=400.18 MiB max_reserved=414.00 MiB
========================================================================================
[gpu-debug] segment_key=npu|decode|10|f47f2b13c8c0ddb8e4ddc9de5ce41aad
[gpu-debug] sig: device_type=npu phase=decode step=10 (count_hint=32)
[gpu-debug] ops_repr: LN:-1,Q:0,K:0,V:0,Q:1,K:1,V:1,O:0,O:1,Add:-1,LN:-1,FFN_W1:0,FFN_W3:0,FFN_W1:1,FFN_W3:1,SwiGLU:0,SwiGLU:1,FFN_W2:0,FFN_W2:1,Add:-1
[gpu-debug] cfg: device=cuda dtype=torch.bfloat16 dim=4096 ffn_dim=11008 n_heads=32 shards=2
[gpu-debug] op plan (with inferred tensor shapes):
  - op#00  op=LN       shard=-1  x=[1x4096] + w=[4096]  ->  y=[1x4096]  (T=1, K=236)
  - op#01  op=Q        shard=0   x=[1x4096] + w=[2048x4096]  ->  y=[1x2048]  (T=1, K=236)
  - op#02  op=K        shard=0   x=[1x4096] + w=[2048x4096]  ->  y=[1x2048]  (T=1, K=236)
  - op#03  op=V        shard=0   x=[1x4096] + w=[2048x4096]  ->  y=[1x2048]  (T=1, K=236)
  - op#04  op=Q        shard=1   x=[1x4096] + w=[2048x4096]  ->  y=[1x2048]  (T=1, K=236)
  - op#05  op=K        shard=1   x=[1x4096] + w=[2048x4096]  ->  y=[1x2048]  (T=1, K=236)
  - op#06  op=V        shard=1   x=[1x4096] + w=[2048x4096]  ->  y=[1x2048]  (T=1, K=236)
  - op#07  op=O        shard=0   x=[1x2048] + w=[4096x2048]  ->  y=[1x4096]  (T=1, K=236)
  - op#08  op=O        shard=1   x=[1x2048] + w=[4096x2048]  ->  y=[1x4096]  (T=1, K=236)
  - op#09  op=Add      shard=-1  a=[1x4096] + b=[1x4096]  ->  y=[1x4096]  (T=1, K=236)
  - op#10  op=LN       shard=-1  x=[1x4096] + w=[4096]  ->  y=[1x4096]  (T=1, K=236)
  - op#11  op=FFN_W1   shard=0   x=[1x4096] + w=[5504x4096]  ->  y=[1x5504]  (T=1, K=236)
  - op#12  op=FFN_W3   shard=0   x=[1x4096] + w=[5504x4096]  ->  y=[1x5504]  (T=1, K=236)
  - op#13  op=FFN_W1   shard=1   x=[1x4096] + w=[5504x4096]  ->  y=[1x5504]  (T=1, K=236)
  - op#14  op=FFN_W3   shard=1   x=[1x4096] + w=[5504x4096]  ->  y=[1x5504]  (T=1, K=236)
  - op#15  op=SwiGLU   shard=0   a=[1x5504] + b=[1x5504]  ->  y=[1x5504]  (T=1, K=236)
  - op#16  op=SwiGLU   shard=1   a=[1x5504] + b=[1x5504]  ->  y=[1x5504]  (T=1, K=236)
  - op#17  op=FFN_W2   shard=0   x=[1x5504] + w=[4096x5504]  ->  y=[1x4096]  (T=1, K=236)
  - op#18  op=FFN_W2   shard=1   x=[1x5504] + w=[4096x5504]  ->  y=[1x4096]  (T=1, K=236)
  - op#19  op=Add      shard=-1  a=[1x4096] + b=[1x4096]  ->  y=[1x4096]  (T=1, K=236)
[gpu-debug] per-op timing breakdown (avg over iters):
  idx  op       sh  io                                                    time   est_flops    TFLOPs       bytes      GB/s
  ------------------------------------------------------------------------------------------------------------------------
    0  LN       -1  x[1x4096]+w[4096]->y[1x4096]                        0.069ms    20.480 K      0.00   24.00 KiB      0.36
    1  Q         0  x[1x4096]+w[2048x4096]->y[1x2048]                   0.049ms    16.777 M      0.35   16.01 MiB    345.91
    2  K         0  x[1x4096]+w[2048x4096]->y[1x2048]                   0.033ms    16.777 M      0.51   16.01 MiB    506.05
    3  V         0  x[1x4096]+w[2048x4096]->y[1x2048]                   0.033ms    16.777 M      0.51   16.01 MiB    509.19
    4  Q         1  x[1x4096]+w[2048x4096]->y[1x2048]                   0.033ms    16.777 M      0.50   16.01 MiB    502.94
    5  K         1  x[1x4096]+w[2048x4096]->y[1x2048]                   0.034ms    16.777 M      0.49   16.01 MiB    489.43
    6  V         1  x[1x4096]+w[2048x4096]->y[1x2048]                   0.034ms    16.777 M      0.50   16.01 MiB    498.36
    7  O         0  x[1x2048]+w[4096x2048]->y[1x4096]                   0.027ms    16.777 M      0.61   16.01 MiB    614.08
    8  O         1  x[1x2048]+w[4096x2048]->y[1x4096]                   0.027ms    16.777 M      0.61   16.01 MiB    614.08
    9  Add      -1  a[1x4096]+b[1x4096]->y[1x4096]                      0.010ms     4.096 K      0.00   24.00 KiB      2.47
   10  LN       -1  x[1x4096]+w[4096]->y[1x4096]                        0.039ms    20.480 K      0.00   24.00 KiB      0.63
   11  FFN_W1    0  x[1x4096]+w[5504x4096]->y[1x5504]                   0.049ms    45.089 M      0.92   43.02 MiB    921.56
   12  FFN_W3    0  x[1x4096]+w[5504x4096]->y[1x5504]                   0.048ms    45.089 M      0.93   43.02 MiB    933.28
   13  FFN_W1    1  x[1x4096]+w[5504x4096]->y[1x5504]                   0.048ms    45.089 M      0.95   43.02 MiB    949.37
   14  FFN_W3    1  x[1x4096]+w[5504x4096]->y[1x5504]                   0.046ms    45.089 M      0.97   43.02 MiB    970.28
   15  SwiGLU    0  a[1x5504]+b[1x5504]->y[1x5504]                      0.016ms    33.024 K      0.00   32.25 KiB      2.09
   16  SwiGLU    1  a[1x5504]+b[1x5504]->y[1x5504]                      0.015ms    33.024 K      0.00   32.25 KiB      2.24
   17  FFN_W2    0  x[1x5504]+w[4096x5504]->y[1x4096]                   0.050ms    45.089 M      0.90   43.02 MiB    902.68
   18  FFN_W2    1  x[1x5504]+w[4096x5504]->y[1x4096]                   0.051ms    45.089 M      0.89   43.02 MiB    889.91
   19  Add      -1  a[1x4096]+b[1x4096]->y[1x4096]                      0.009ms     4.096 K      0.00   24.00 KiB      2.73
[gpu-debug] segment avg latency (cuda_events): 0.594 ms
[gpu-debug] sum(per-op)               : 0.721 ms (ratio=1.212)
[gpu-debug] NOTE: sum(per-op) may differ from segment latency due to Python overhead, event/launch overhead, and allocator/cache effects.
[gpu-debug] cuda mem before warmup: alloc=400.16 MiB reserved=414.00 MiB
[gpu-debug] cuda mem after warmup : alloc=400.16 MiB reserved=414.00 MiB
[gpu-debug] cuda mem peak (this segment): max_alloc=400.18 MiB max_reserved=414.00 MiB
========================================================================================
[gpu-debug] segment_key=npu|decode|11|f47f2b13c8c0ddb8e4ddc9de5ce41aad
[gpu-debug] sig: device_type=npu phase=decode step=11 (count_hint=32)
[gpu-debug] ops_repr: LN:-1,Q:0,K:0,V:0,Q:1,K:1,V:1,O:0,O:1,Add:-1,LN:-1,FFN_W1:0,FFN_W3:0,FFN_W1:1,FFN_W3:1,SwiGLU:0,SwiGLU:1,FFN_W2:0,FFN_W2:1,Add:-1
[gpu-debug] cfg: device=cuda dtype=torch.bfloat16 dim=4096 ffn_dim=11008 n_heads=32 shards=2
[gpu-debug] op plan (with inferred tensor shapes):
  - op#00  op=LN       shard=-1  x=[1x4096] + w=[4096]  ->  y=[1x4096]  (T=1, K=248)
  - op#01  op=Q        shard=0   x=[1x4096] + w=[2048x4096]  ->  y=[1x2048]  (T=1, K=248)
  - op#02  op=K        shard=0   x=[1x4096] + w=[2048x4096]  ->  y=[1x2048]  (T=1, K=248)
  - op#03  op=V        shard=0   x=[1x4096] + w=[2048x4096]  ->  y=[1x2048]  (T=1, K=248)
  - op#04  op=Q        shard=1   x=[1x4096] + w=[2048x4096]  ->  y=[1x2048]  (T=1, K=248)
  - op#05  op=K        shard=1   x=[1x4096] + w=[2048x4096]  ->  y=[1x2048]  (T=1, K=248)
  - op#06  op=V        shard=1   x=[1x4096] + w=[2048x4096]  ->  y=[1x2048]  (T=1, K=248)
  - op#07  op=O        shard=0   x=[1x2048] + w=[4096x2048]  ->  y=[1x4096]  (T=1, K=248)
  - op#08  op=O        shard=1   x=[1x2048] + w=[4096x2048]  ->  y=[1x4096]  (T=1, K=248)
  - op#09  op=Add      shard=-1  a=[1x4096] + b=[1x4096]  ->  y=[1x4096]  (T=1, K=248)
  - op#10  op=LN       shard=-1  x=[1x4096] + w=[4096]  ->  y=[1x4096]  (T=1, K=248)
  - op#11  op=FFN_W1   shard=0   x=[1x4096] + w=[5504x4096]  ->  y=[1x5504]  (T=1, K=248)
  - op#12  op=FFN_W3   shard=0   x=[1x4096] + w=[5504x4096]  ->  y=[1x5504]  (T=1, K=248)
  - op#13  op=FFN_W1   shard=1   x=[1x4096] + w=[5504x4096]  ->  y=[1x5504]  (T=1, K=248)
  - op#14  op=FFN_W3   shard=1   x=[1x4096] + w=[5504x4096]  ->  y=[1x5504]  (T=1, K=248)
  - op#15  op=SwiGLU   shard=0   a=[1x5504] + b=[1x5504]  ->  y=[1x5504]  (T=1, K=248)
  - op#16  op=SwiGLU   shard=1   a=[1x5504] + b=[1x5504]  ->  y=[1x5504]  (T=1, K=248)
  - op#17  op=FFN_W2   shard=0   x=[1x5504] + w=[4096x5504]  ->  y=[1x4096]  (T=1, K=248)
  - op#18  op=FFN_W2   shard=1   x=[1x5504] + w=[4096x5504]  ->  y=[1x4096]  (T=1, K=248)
  - op#19  op=Add      shard=-1  a=[1x4096] + b=[1x4096]  ->  y=[1x4096]  (T=1, K=248)
[gpu-debug] per-op timing breakdown (avg over iters):
  idx  op       sh  io                                                    time   est_flops    TFLOPs       bytes      GB/s
  ------------------------------------------------------------------------------------------------------------------------
    0  LN       -1  x[1x4096]+w[4096]->y[1x4096]                        0.069ms    20.480 K      0.00   24.00 KiB      0.36
    1  Q         0  x[1x4096]+w[2048x4096]->y[1x2048]                   0.048ms    16.777 M      0.35   16.01 MiB    347.37
    2  K         0  x[1x4096]+w[2048x4096]->y[1x2048]                   0.033ms    16.777 M      0.51   16.01 MiB    506.05
    3  V         0  x[1x4096]+w[2048x4096]->y[1x2048]                   0.033ms    16.777 M      0.50   16.01 MiB    502.94
    4  Q         1  x[1x4096]+w[2048x4096]->y[1x2048]                   0.033ms    16.777 M      0.50   16.01 MiB    502.94
    5  K         1  x[1x4096]+w[2048x4096]->y[1x2048]                   0.034ms    16.777 M      0.49   16.01 MiB    495.35
    6  V         1  x[1x4096]+w[2048x4096]->y[1x2048]                   0.034ms    16.777 M      0.50   16.01 MiB    496.85
    7  O         0  x[1x2048]+w[4096x2048]->y[1x4096]                   0.027ms    16.777 M      0.61   16.01 MiB    614.08
    8  O         1  x[1x2048]+w[4096x2048]->y[1x4096]                   0.027ms    16.777 M      0.62   16.01 MiB    618.72
    9  Add      -1  a[1x4096]+b[1x4096]->y[1x4096]                      0.010ms     4.096 K      0.00   24.00 KiB      2.50
   10  LN       -1  x[1x4096]+w[4096]->y[1x4096]                        0.039ms    20.480 K      0.00   24.00 KiB      0.62
   11  FFN_W1    0  x[1x4096]+w[5504x4096]->y[1x5504]                   0.050ms    45.089 M      0.91   43.02 MiB    908.26
   12  FFN_W3    0  x[1x4096]+w[5504x4096]->y[1x5504]                   0.048ms    45.089 M      0.94   43.02 MiB    943.27
   13  FFN_W1    1  x[1x4096]+w[5504x4096]->y[1x5504]                   0.048ms    45.089 M      0.95   43.02 MiB    949.37
   14  FFN_W3    1  x[1x4096]+w[5504x4096]->y[1x5504]                   0.046ms    45.089 M      0.97   43.02 MiB    970.28
   15  SwiGLU    0  a[1x5504]+b[1x5504]->y[1x5504]                      0.016ms    33.024 K      0.00   32.25 KiB      2.09
   16  SwiGLU    1  a[1x5504]+b[1x5504]->y[1x5504]                      0.015ms    33.024 K      0.00   32.25 KiB      2.24
   17  FFN_W2    0  x[1x5504]+w[4096x5504]->y[1x4096]                   0.050ms    45.089 M      0.90   43.02 MiB    902.68
   18  FFN_W2    1  x[1x5504]+w[4096x5504]->y[1x4096]                   0.051ms    45.089 M      0.89   43.02 MiB    889.91
   19  Add      -1  a[1x4096]+b[1x4096]->y[1x4096]                      0.009ms     4.096 K      0.00   24.00 KiB      2.79
[gpu-debug] segment avg latency (cuda_events): 0.595 ms
[gpu-debug] sum(per-op)               : 0.720 ms (ratio=1.210)
[gpu-debug] NOTE: sum(per-op) may differ from segment latency due to Python overhead, event/launch overhead, and allocator/cache effects.
[gpu-debug] cuda mem before warmup: alloc=400.16 MiB reserved=414.00 MiB
[gpu-debug] cuda mem after warmup : alloc=400.16 MiB reserved=414.00 MiB
[gpu-debug] cuda mem peak (this segment): max_alloc=400.18 MiB max_reserved=414.00 MiB
========================================================================================
[gpu-debug] segment_key=npu|decode|12|f47f2b13c8c0ddb8e4ddc9de5ce41aad
[gpu-debug] sig: device_type=npu phase=decode step=12 (count_hint=32)
[gpu-debug] ops_repr: LN:-1,Q:0,K:0,V:0,Q:1,K:1,V:1,O:0,O:1,Add:-1,LN:-1,FFN_W1:0,FFN_W3:0,FFN_W1:1,FFN_W3:1,SwiGLU:0,SwiGLU:1,FFN_W2:0,FFN_W2:1,Add:-1
[gpu-debug] cfg: device=cuda dtype=torch.bfloat16 dim=4096 ffn_dim=11008 n_heads=32 shards=2
[gpu-debug] op plan (with inferred tensor shapes):
  - op#00  op=LN       shard=-1  x=[1x4096] + w=[4096]  ->  y=[1x4096]  (T=1, K=260)
  - op#01  op=Q        shard=0   x=[1x4096] + w=[2048x4096]  ->  y=[1x2048]  (T=1, K=260)
  - op#02  op=K        shard=0   x=[1x4096] + w=[2048x4096]  ->  y=[1x2048]  (T=1, K=260)
  - op#03  op=V        shard=0   x=[1x4096] + w=[2048x4096]  ->  y=[1x2048]  (T=1, K=260)
  - op#04  op=Q        shard=1   x=[1x4096] + w=[2048x4096]  ->  y=[1x2048]  (T=1, K=260)
  - op#05  op=K        shard=1   x=[1x4096] + w=[2048x4096]  ->  y=[1x2048]  (T=1, K=260)
  - op#06  op=V        shard=1   x=[1x4096] + w=[2048x4096]  ->  y=[1x2048]  (T=1, K=260)
  - op#07  op=O        shard=0   x=[1x2048] + w=[4096x2048]  ->  y=[1x4096]  (T=1, K=260)
  - op#08  op=O        shard=1   x=[1x2048] + w=[4096x2048]  ->  y=[1x4096]  (T=1, K=260)
  - op#09  op=Add      shard=-1  a=[1x4096] + b=[1x4096]  ->  y=[1x4096]  (T=1, K=260)
  - op#10  op=LN       shard=-1  x=[1x4096] + w=[4096]  ->  y=[1x4096]  (T=1, K=260)
  - op#11  op=FFN_W1   shard=0   x=[1x4096] + w=[5504x4096]  ->  y=[1x5504]  (T=1, K=260)
  - op#12  op=FFN_W3   shard=0   x=[1x4096] + w=[5504x4096]  ->  y=[1x5504]  (T=1, K=260)
  - op#13  op=FFN_W1   shard=1   x=[1x4096] + w=[5504x4096]  ->  y=[1x5504]  (T=1, K=260)
  - op#14  op=FFN_W3   shard=1   x=[1x4096] + w=[5504x4096]  ->  y=[1x5504]  (T=1, K=260)
  - op#15  op=SwiGLU   shard=0   a=[1x5504] + b=[1x5504]  ->  y=[1x5504]  (T=1, K=260)
  - op#16  op=SwiGLU   shard=1   a=[1x5504] + b=[1x5504]  ->  y=[1x5504]  (T=1, K=260)
  - op#17  op=FFN_W2   shard=0   x=[1x5504] + w=[4096x5504]  ->  y=[1x4096]  (T=1, K=260)
  - op#18  op=FFN_W2   shard=1   x=[1x5504] + w=[4096x5504]  ->  y=[1x4096]  (T=1, K=260)
  - op#19  op=Add      shard=-1  a=[1x4096] + b=[1x4096]  ->  y=[1x4096]  (T=1, K=260)
[gpu-debug] per-op timing breakdown (avg over iters):
  idx  op       sh  io                                                    time   est_flops    TFLOPs       bytes      GB/s
  ------------------------------------------------------------------------------------------------------------------------
    0  LN       -1  x[1x4096]+w[4096]->y[1x4096]                        0.068ms    20.480 K      0.00   24.00 KiB      0.36
    1  Q         0  x[1x4096]+w[2048x4096]->y[1x2048]                   0.048ms    16.777 M      0.35   16.01 MiB    346.64
    2  K         0  x[1x4096]+w[2048x4096]->y[1x2048]                   0.033ms    16.777 M      0.51   16.01 MiB    506.05
    3  V         0  x[1x4096]+w[2048x4096]->y[1x2048]                   0.033ms    16.777 M      0.50   16.01 MiB    502.94
    4  Q         1  x[1x4096]+w[2048x4096]->y[1x2048]                   0.033ms    16.777 M      0.51   16.01 MiB    509.19
    5  K         1  x[1x4096]+w[2048x4096]->y[1x2048]                   0.034ms    16.777 M      0.49   16.01 MiB    495.35
    6  V         1  x[1x4096]+w[2048x4096]->y[1x2048]                   0.033ms    16.777 M      0.50   16.01 MiB    501.41
    7  O         0  x[1x2048]+w[4096x2048]->y[1x4096]                   0.027ms    16.777 M      0.62   16.01 MiB    616.39
    8  O         1  x[1x2048]+w[4096x2048]->y[1x4096]                   0.027ms    16.777 M      0.61   16.01 MiB    611.79
    9  Add      -1  a[1x4096]+b[1x4096]->y[1x4096]                      0.010ms     4.096 K      0.00   24.00 KiB      2.55
   10  LN       -1  x[1x4096]+w[4096]->y[1x4096]                        0.040ms    20.480 K      0.00   24.00 KiB      0.62
   11  FFN_W1    0  x[1x4096]+w[5504x4096]->y[1x5504]                   0.050ms    45.089 M      0.90   43.02 MiB    904.53
   12  FFN_W3    0  x[1x4096]+w[5504x4096]->y[1x5504]                   0.048ms    45.089 M      0.94   43.02 MiB    939.25
   13  FFN_W1    1  x[1x4096]+w[5504x4096]->y[1x5504]                   0.048ms    45.089 M      0.95   43.02 MiB    949.37
   14  FFN_W3    1  x[1x4096]+w[5504x4096]->y[1x5504]                   0.046ms    45.089 M      0.97   43.02 MiB    972.42
   15  SwiGLU    0  a[1x5504]+b[1x5504]->y[1x5504]                      0.016ms    33.024 K      0.00   32.25 KiB      2.09
   16  SwiGLU    1  a[1x5504]+b[1x5504]->y[1x5504]                      0.015ms    33.024 K      0.00   32.25 KiB      2.22
   17  FFN_W2    0  x[1x5504]+w[4096x5504]->y[1x4096]                   0.050ms    45.089 M      0.89   43.02 MiB    895.34
   18  FFN_W2    1  x[1x5504]+w[4096x5504]->y[1x4096]                   0.051ms    45.089 M      0.89   43.02 MiB    886.33
   19  Add      -1  a[1x4096]+b[1x4096]->y[1x4096]                      0.009ms     4.096 K      0.00   24.00 KiB      2.70
[gpu-debug] segment avg latency (cuda_events): 0.596 ms
[gpu-debug] sum(per-op)               : 0.720 ms (ratio=1.209)
[gpu-debug] NOTE: sum(per-op) may differ from segment latency due to Python overhead, event/launch overhead, and allocator/cache effects.
[gpu-debug] cuda mem before warmup: alloc=400.16 MiB reserved=414.00 MiB
[gpu-debug] cuda mem after warmup : alloc=400.16 MiB reserved=414.00 MiB
[gpu-debug] cuda mem peak (this segment): max_alloc=400.18 MiB max_reserved=414.00 MiB
========================================================================================
[gpu-debug] segment_key=npu|decode|13|f47f2b13c8c0ddb8e4ddc9de5ce41aad
[gpu-debug] sig: device_type=npu phase=decode step=13 (count_hint=32)
[gpu-debug] ops_repr: LN:-1,Q:0,K:0,V:0,Q:1,K:1,V:1,O:0,O:1,Add:-1,LN:-1,FFN_W1:0,FFN_W3:0,FFN_W1:1,FFN_W3:1,SwiGLU:0,SwiGLU:1,FFN_W2:0,FFN_W2:1,Add:-1
[gpu-debug] cfg: device=cuda dtype=torch.bfloat16 dim=4096 ffn_dim=11008 n_heads=32 shards=2
[gpu-debug] op plan (with inferred tensor shapes):
  - op#00  op=LN       shard=-1  x=[1x4096] + w=[4096]  ->  y=[1x4096]  (T=1, K=272)
  - op#01  op=Q        shard=0   x=[1x4096] + w=[2048x4096]  ->  y=[1x2048]  (T=1, K=272)
  - op#02  op=K        shard=0   x=[1x4096] + w=[2048x4096]  ->  y=[1x2048]  (T=1, K=272)
  - op#03  op=V        shard=0   x=[1x4096] + w=[2048x4096]  ->  y=[1x2048]  (T=1, K=272)
  - op#04  op=Q        shard=1   x=[1x4096] + w=[2048x4096]  ->  y=[1x2048]  (T=1, K=272)
  - op#05  op=K        shard=1   x=[1x4096] + w=[2048x4096]  ->  y=[1x2048]  (T=1, K=272)
  - op#06  op=V        shard=1   x=[1x4096] + w=[2048x4096]  ->  y=[1x2048]  (T=1, K=272)
  - op#07  op=O        shard=0   x=[1x2048] + w=[4096x2048]  ->  y=[1x4096]  (T=1, K=272)
  - op#08  op=O        shard=1   x=[1x2048] + w=[4096x2048]  ->  y=[1x4096]  (T=1, K=272)
  - op#09  op=Add      shard=-1  a=[1x4096] + b=[1x4096]  ->  y=[1x4096]  (T=1, K=272)
  - op#10  op=LN       shard=-1  x=[1x4096] + w=[4096]  ->  y=[1x4096]  (T=1, K=272)
  - op#11  op=FFN_W1   shard=0   x=[1x4096] + w=[5504x4096]  ->  y=[1x5504]  (T=1, K=272)
  - op#12  op=FFN_W3   shard=0   x=[1x4096] + w=[5504x4096]  ->  y=[1x5504]  (T=1, K=272)
  - op#13  op=FFN_W1   shard=1   x=[1x4096] + w=[5504x4096]  ->  y=[1x5504]  (T=1, K=272)
  - op#14  op=FFN_W3   shard=1   x=[1x4096] + w=[5504x4096]  ->  y=[1x5504]  (T=1, K=272)
  - op#15  op=SwiGLU   shard=0   a=[1x5504] + b=[1x5504]  ->  y=[1x5504]  (T=1, K=272)
  - op#16  op=SwiGLU   shard=1   a=[1x5504] + b=[1x5504]  ->  y=[1x5504]  (T=1, K=272)
  - op#17  op=FFN_W2   shard=0   x=[1x5504] + w=[4096x5504]  ->  y=[1x4096]  (T=1, K=272)
  - op#18  op=FFN_W2   shard=1   x=[1x5504] + w=[4096x5504]  ->  y=[1x4096]  (T=1, K=272)
  - op#19  op=Add      shard=-1  a=[1x4096] + b=[1x4096]  ->  y=[1x4096]  (T=1, K=272)
[gpu-debug] per-op timing breakdown (avg over iters):
  idx  op       sh  io                                                    time   est_flops    TFLOPs       bytes      GB/s
  ------------------------------------------------------------------------------------------------------------------------
    0  LN       -1  x[1x4096]+w[4096]->y[1x4096]                        0.068ms    20.480 K      0.00   24.00 KiB      0.36
    1  Q         0  x[1x4096]+w[2048x4096]->y[1x2048]                   0.049ms    16.777 M      0.34   16.01 MiB    343.73
    2  K         0  x[1x4096]+w[2048x4096]->y[1x2048]                   0.034ms    16.777 M      0.50   16.01 MiB    499.88
    3  V         0  x[1x4096]+w[2048x4096]->y[1x2048]                   0.033ms    16.777 M      0.50   16.01 MiB    502.94
    4  Q         1  x[1x4096]+w[2048x4096]->y[1x2048]                   0.033ms    16.777 M      0.50   16.01 MiB    501.41
    5  K         1  x[1x4096]+w[2048x4096]->y[1x2048]                   0.034ms    16.777 M      0.50   16.01 MiB    496.85
    6  V         1  x[1x4096]+w[2048x4096]->y[1x2048]                   0.034ms    16.777 M      0.50   16.01 MiB    496.85
    7  O         0  x[1x2048]+w[4096x2048]->y[1x4096]                   0.027ms    16.777 M      0.61   16.01 MiB    614.08
    8  O         1  x[1x2048]+w[4096x2048]->y[1x4096]                   0.028ms    16.777 M      0.61   16.01 MiB    609.52
    9  Add      -1  a[1x4096]+b[1x4096]->y[1x4096]                      0.010ms     4.096 K      0.00   24.00 KiB      2.58
   10  LN       -1  x[1x4096]+w[4096]->y[1x4096]                        0.039ms    20.480 K      0.00   24.00 KiB      0.64
   11  FFN_W1    0  x[1x4096]+w[5504x4096]->y[1x5504]                   0.049ms    45.089 M      0.92   43.02 MiB    921.56
   12  FFN_W3    0  x[1x4096]+w[5504x4096]->y[1x5504]                   0.048ms    45.089 M      0.94   43.02 MiB    939.25
   13  FFN_W1    1  x[1x4096]+w[5504x4096]->y[1x5504]                   0.047ms    45.089 M      0.96   43.02 MiB    959.71
   14  FFN_W3    1  x[1x4096]+w[5504x4096]->y[1x5504]                   0.047ms    45.089 M      0.96   43.02 MiB    963.91
   15  SwiGLU    0  a[1x5504]+b[1x5504]->y[1x5504]                      0.016ms    33.024 K      0.00   32.25 KiB      2.09
   16  SwiGLU    1  a[1x5504]+b[1x5504]->y[1x5504]                      0.014ms    33.024 K      0.00   32.25 KiB      2.29
   17  FFN_W2    0  x[1x5504]+w[4096x5504]->y[1x4096]                   0.050ms    45.089 M      0.90   43.02 MiB    900.83
   18  FFN_W2    1  x[1x5504]+w[4096x5504]->y[1x4096]                   0.051ms    45.089 M      0.89   43.02 MiB    891.72
   19  Add      -1  a[1x4096]+b[1x4096]->y[1x4096]                      0.009ms     4.096 K      0.00   24.00 KiB      2.73
[gpu-debug] segment avg latency (cuda_events): 0.594 ms
[gpu-debug] sum(per-op)               : 0.718 ms (ratio=1.208)
[gpu-debug] NOTE: sum(per-op) may differ from segment latency due to Python overhead, event/launch overhead, and allocator/cache effects.
[gpu-debug] cuda mem before warmup: alloc=400.16 MiB reserved=414.00 MiB
[gpu-debug] cuda mem after warmup : alloc=400.16 MiB reserved=414.00 MiB
[gpu-debug] cuda mem peak (this segment): max_alloc=400.18 MiB max_reserved=414.00 MiB
========================================================================================
[gpu-debug] segment_key=npu|decode|14|f47f2b13c8c0ddb8e4ddc9de5ce41aad
[gpu-debug] sig: device_type=npu phase=decode step=14 (count_hint=32)
[gpu-debug] ops_repr: LN:-1,Q:0,K:0,V:0,Q:1,K:1,V:1,O:0,O:1,Add:-1,LN:-1,FFN_W1:0,FFN_W3:0,FFN_W1:1,FFN_W3:1,SwiGLU:0,SwiGLU:1,FFN_W2:0,FFN_W2:1,Add:-1
[gpu-debug] cfg: device=cuda dtype=torch.bfloat16 dim=4096 ffn_dim=11008 n_heads=32 shards=2
[gpu-debug] op plan (with inferred tensor shapes):
  - op#00  op=LN       shard=-1  x=[1x4096] + w=[4096]  ->  y=[1x4096]  (T=1, K=284)
  - op#01  op=Q        shard=0   x=[1x4096] + w=[2048x4096]  ->  y=[1x2048]  (T=1, K=284)
  - op#02  op=K        shard=0   x=[1x4096] + w=[2048x4096]  ->  y=[1x2048]  (T=1, K=284)
  - op#03  op=V        shard=0   x=[1x4096] + w=[2048x4096]  ->  y=[1x2048]  (T=1, K=284)
  - op#04  op=Q        shard=1   x=[1x4096] + w=[2048x4096]  ->  y=[1x2048]  (T=1, K=284)
  - op#05  op=K        shard=1   x=[1x4096] + w=[2048x4096]  ->  y=[1x2048]  (T=1, K=284)
  - op#06  op=V        shard=1   x=[1x4096] + w=[2048x4096]  ->  y=[1x2048]  (T=1, K=284)
  - op#07  op=O        shard=0   x=[1x2048] + w=[4096x2048]  ->  y=[1x4096]  (T=1, K=284)
  - op#08  op=O        shard=1   x=[1x2048] + w=[4096x2048]  ->  y=[1x4096]  (T=1, K=284)
  - op#09  op=Add      shard=-1  a=[1x4096] + b=[1x4096]  ->  y=[1x4096]  (T=1, K=284)
  - op#10  op=LN       shard=-1  x=[1x4096] + w=[4096]  ->  y=[1x4096]  (T=1, K=284)
  - op#11  op=FFN_W1   shard=0   x=[1x4096] + w=[5504x4096]  ->  y=[1x5504]  (T=1, K=284)
  - op#12  op=FFN_W3   shard=0   x=[1x4096] + w=[5504x4096]  ->  y=[1x5504]  (T=1, K=284)
  - op#13  op=FFN_W1   shard=1   x=[1x4096] + w=[5504x4096]  ->  y=[1x5504]  (T=1, K=284)
  - op#14  op=FFN_W3   shard=1   x=[1x4096] + w=[5504x4096]  ->  y=[1x5504]  (T=1, K=284)
  - op#15  op=SwiGLU   shard=0   a=[1x5504] + b=[1x5504]  ->  y=[1x5504]  (T=1, K=284)
  - op#16  op=SwiGLU   shard=1   a=[1x5504] + b=[1x5504]  ->  y=[1x5504]  (T=1, K=284)
  - op#17  op=FFN_W2   shard=0   x=[1x5504] + w=[4096x5504]  ->  y=[1x4096]  (T=1, K=284)
  - op#18  op=FFN_W2   shard=1   x=[1x5504] + w=[4096x5504]  ->  y=[1x4096]  (T=1, K=284)
  - op#19  op=Add      shard=-1  a=[1x4096] + b=[1x4096]  ->  y=[1x4096]  (T=1, K=284)
[gpu-debug] per-op timing breakdown (avg over iters):
  idx  op       sh  io                                                    time   est_flops    TFLOPs       bytes      GB/s
  ------------------------------------------------------------------------------------------------------------------------
    0  LN       -1  x[1x4096]+w[4096]->y[1x4096]                        0.068ms    20.480 K      0.00   24.00 KiB      0.36
    1  Q         0  x[1x4096]+w[2048x4096]->y[1x2048]                   0.049ms    16.777 M      0.34   16.01 MiB    345.18
    2  K         0  x[1x4096]+w[2048x4096]->y[1x2048]                   0.033ms    16.777 M      0.50   16.01 MiB    504.49
    3  V         0  x[1x4096]+w[2048x4096]->y[1x2048]                   0.033ms    16.777 M      0.51   16.01 MiB    506.05
    4  Q         1  x[1x4096]+w[2048x4096]->y[1x2048]                   0.033ms    16.777 M      0.50   16.01 MiB    501.41
    5  K         1  x[1x4096]+w[2048x4096]->y[1x2048]                   0.034ms    16.777 M      0.50   16.01 MiB    498.36
    6  V         1  x[1x4096]+w[2048x4096]->y[1x2048]                   0.034ms    16.777 M      0.50   16.01 MiB    499.88
    7  O         0  x[1x2048]+w[4096x2048]->y[1x4096]                   0.028ms    16.777 M      0.61   16.01 MiB    609.52
    8  O         1  x[1x2048]+w[4096x2048]->y[1x4096]                   0.027ms    16.777 M      0.61   16.01 MiB    611.79
    9  Add      -1  a[1x4096]+b[1x4096]->y[1x4096]                      0.010ms     4.096 K      0.00   24.00 KiB      2.50
   10  LN       -1  x[1x4096]+w[4096]->y[1x4096]                        0.039ms    20.480 K      0.00   24.00 KiB      0.64
   11  FFN_W1    0  x[1x4096]+w[5504x4096]->y[1x5504]                   0.050ms    45.089 M      0.91   43.02 MiB    906.39
   12  FFN_W3    0  x[1x4096]+w[5504x4096]->y[1x5504]                   0.048ms    45.089 M      0.94   43.02 MiB    943.27
   13  FFN_W1    1  x[1x4096]+w[5504x4096]->y[1x5504]                   0.048ms    45.089 M      0.95   43.02 MiB    947.33
   14  FFN_W3    1  x[1x4096]+w[5504x4096]->y[1x5504]                   0.046ms    45.089 M      0.97   43.02 MiB    974.57
   15  SwiGLU    0  a[1x5504]+b[1x5504]->y[1x5504]                      0.016ms    33.024 K      0.00   32.25 KiB      2.05
   16  SwiGLU    1  a[1x5504]+b[1x5504]->y[1x5504]                      0.015ms    33.024 K      0.00   32.25 KiB      2.26
   17  FFN_W2    0  x[1x5504]+w[4096x5504]->y[1x4096]                   0.050ms    45.089 M      0.90   43.02 MiB    902.68
   18  FFN_W2    1  x[1x5504]+w[4096x5504]->y[1x4096]                   0.051ms    45.089 M      0.89   43.02 MiB    888.12
   19  Add      -1  a[1x4096]+b[1x4096]->y[1x4096]                      0.009ms     4.096 K      0.00   24.00 KiB      2.70
[gpu-debug] segment avg latency (cuda_events): 0.596 ms
[gpu-debug] sum(per-op)               : 0.720 ms (ratio=1.208)
[gpu-debug] NOTE: sum(per-op) may differ from segment latency due to Python overhead, event/launch overhead, and allocator/cache effects.
[gpu-debug] cuda mem before warmup: alloc=400.16 MiB reserved=414.00 MiB
[gpu-debug] cuda mem after warmup : alloc=400.16 MiB reserved=414.00 MiB
[gpu-debug] cuda mem peak (this segment): max_alloc=400.18 MiB max_reserved=414.00 MiB
========================================================================================
[gpu-debug] segment_key=npu|decode|15|f47f2b13c8c0ddb8e4ddc9de5ce41aad
[gpu-debug] sig: device_type=npu phase=decode step=15 (count_hint=32)
[gpu-debug] ops_repr: LN:-1,Q:0,K:0,V:0,Q:1,K:1,V:1,O:0,O:1,Add:-1,LN:-1,FFN_W1:0,FFN_W3:0,FFN_W1:1,FFN_W3:1,SwiGLU:0,SwiGLU:1,FFN_W2:0,FFN_W2:1,Add:-1
[gpu-debug] cfg: device=cuda dtype=torch.bfloat16 dim=4096 ffn_dim=11008 n_heads=32 shards=2
[gpu-debug] op plan (with inferred tensor shapes):
  - op#00  op=LN       shard=-1  x=[1x4096] + w=[4096]  ->  y=[1x4096]  (T=1, K=296)
  - op#01  op=Q        shard=0   x=[1x4096] + w=[2048x4096]  ->  y=[1x2048]  (T=1, K=296)
  - op#02  op=K        shard=0   x=[1x4096] + w=[2048x4096]  ->  y=[1x2048]  (T=1, K=296)
  - op#03  op=V        shard=0   x=[1x4096] + w=[2048x4096]  ->  y=[1x2048]  (T=1, K=296)
  - op#04  op=Q        shard=1   x=[1x4096] + w=[2048x4096]  ->  y=[1x2048]  (T=1, K=296)
  - op#05  op=K        shard=1   x=[1x4096] + w=[2048x4096]  ->  y=[1x2048]  (T=1, K=296)
  - op#06  op=V        shard=1   x=[1x4096] + w=[2048x4096]  ->  y=[1x2048]  (T=1, K=296)
  - op#07  op=O        shard=0   x=[1x2048] + w=[4096x2048]  ->  y=[1x4096]  (T=1, K=296)
  - op#08  op=O        shard=1   x=[1x2048] + w=[4096x2048]  ->  y=[1x4096]  (T=1, K=296)
  - op#09  op=Add      shard=-1  a=[1x4096] + b=[1x4096]  ->  y=[1x4096]  (T=1, K=296)
  - op#10  op=LN       shard=-1  x=[1x4096] + w=[4096]  ->  y=[1x4096]  (T=1, K=296)
  - op#11  op=FFN_W1   shard=0   x=[1x4096] + w=[5504x4096]  ->  y=[1x5504]  (T=1, K=296)
  - op#12  op=FFN_W3   shard=0   x=[1x4096] + w=[5504x4096]  ->  y=[1x5504]  (T=1, K=296)
  - op#13  op=FFN_W1   shard=1   x=[1x4096] + w=[5504x4096]  ->  y=[1x5504]  (T=1, K=296)
  - op#14  op=FFN_W3   shard=1   x=[1x4096] + w=[5504x4096]  ->  y=[1x5504]  (T=1, K=296)
  - op#15  op=SwiGLU   shard=0   a=[1x5504] + b=[1x5504]  ->  y=[1x5504]  (T=1, K=296)
  - op#16  op=SwiGLU   shard=1   a=[1x5504] + b=[1x5504]  ->  y=[1x5504]  (T=1, K=296)
  - op#17  op=FFN_W2   shard=0   x=[1x5504] + w=[4096x5504]  ->  y=[1x4096]  (T=1, K=296)
  - op#18  op=FFN_W2   shard=1   x=[1x5504] + w=[4096x5504]  ->  y=[1x4096]  (T=1, K=296)
  - op#19  op=Add      shard=-1  a=[1x4096] + b=[1x4096]  ->  y=[1x4096]  (T=1, K=296)
[gpu-debug] per-op timing breakdown (avg over iters):
  idx  op       sh  io                                                    time   est_flops    TFLOPs       bytes      GB/s
  ------------------------------------------------------------------------------------------------------------------------
    0  LN       -1  x[1x4096]+w[4096]->y[1x4096]                        0.068ms    20.480 K      0.00   24.00 KiB      0.36
    1  Q         0  x[1x4096]+w[2048x4096]->y[1x2048]                   0.049ms    16.777 M      0.34   16.01 MiB    343.01
    2  K         0  x[1x4096]+w[2048x4096]->y[1x2048]                   0.033ms    16.777 M      0.50   16.01 MiB    502.94
    3  V         0  x[1x4096]+w[2048x4096]->y[1x2048]                   0.033ms    16.777 M      0.50   16.01 MiB    504.49
    4  Q         1  x[1x4096]+w[2048x4096]->y[1x2048]                   0.033ms    16.777 M      0.51   16.01 MiB    509.19
    5  K         1  x[1x4096]+w[2048x4096]->y[1x2048]                   0.034ms    16.777 M      0.49   16.01 MiB    492.37
    6  V         1  x[1x4096]+w[2048x4096]->y[1x2048]                   0.034ms    16.777 M      0.50   16.01 MiB    499.88
    7  O         0  x[1x2048]+w[4096x2048]->y[1x4096]                   0.028ms    16.777 M      0.61   16.01 MiB    609.52
    8  O         1  x[1x2048]+w[4096x2048]->y[1x4096]                   0.027ms    16.777 M      0.61   16.01 MiB    614.08
    9  Add      -1  a[1x4096]+b[1x4096]->y[1x4096]                      0.010ms     4.096 K      0.00   24.00 KiB      2.42
   10  LN       -1  x[1x4096]+w[4096]->y[1x4096]                        0.040ms    20.480 K      0.00   24.00 KiB      0.62
   11  FFN_W1    0  x[1x4096]+w[5504x4096]->y[1x5504]                   0.050ms    45.089 M      0.91   43.02 MiB    908.26
   12  FFN_W3    0  x[1x4096]+w[5504x4096]->y[1x5504]                   0.048ms    45.089 M      0.93   43.02 MiB    933.28
   13  FFN_W1    1  x[1x4096]+w[5504x4096]->y[1x5504]                   0.048ms    45.089 M      0.95   43.02 MiB    949.37
   14  FFN_W3    1  x[1x4096]+w[5504x4096]->y[1x5504]                   0.047ms    45.089 M      0.97   43.02 MiB    968.15
   15  SwiGLU    0  a[1x5504]+b[1x5504]->y[1x5504]                      0.016ms    33.024 K      0.00   32.25 KiB      2.12
   16  SwiGLU    1  a[1x5504]+b[1x5504]->y[1x5504]                      0.015ms    33.024 K      0.00   32.25 KiB      2.26
   17  FFN_W2    0  x[1x5504]+w[4096x5504]->y[1x4096]                   0.050ms    45.089 M      0.89   43.02 MiB    895.34
   18  FFN_W2    1  x[1x5504]+w[4096x5504]->y[1x4096]                   0.051ms    45.089 M      0.88   43.02 MiB    884.55
   19  Add      -1  a[1x4096]+b[1x4096]->y[1x4096]                      0.009ms     4.096 K      0.00   24.00 KiB      2.73
[gpu-debug] segment avg latency (cuda_events): 0.595 ms
[gpu-debug] sum(per-op)               : 0.722 ms (ratio=1.213)
[gpu-debug] NOTE: sum(per-op) may differ from segment latency due to Python overhead, event/launch overhead, and allocator/cache effects.
[gpu-debug] cuda mem before warmup: alloc=400.16 MiB reserved=414.00 MiB
[gpu-debug] cuda mem after warmup : alloc=400.16 MiB reserved=414.00 MiB
[gpu-debug] cuda mem peak (this segment): max_alloc=400.18 MiB max_reserved=414.00 MiB
========================================================================================
[gpu-debug] segment_key=npu|decode|16|f47f2b13c8c0ddb8e4ddc9de5ce41aad
[gpu-debug] sig: device_type=npu phase=decode step=16 (count_hint=32)
[gpu-debug] ops_repr: LN:-1,Q:0,K:0,V:0,Q:1,K:1,V:1,O:0,O:1,Add:-1,LN:-1,FFN_W1:0,FFN_W3:0,FFN_W1:1,FFN_W3:1,SwiGLU:0,SwiGLU:1,FFN_W2:0,FFN_W2:1,Add:-1
[gpu-debug] cfg: device=cuda dtype=torch.bfloat16 dim=4096 ffn_dim=11008 n_heads=32 shards=2
[gpu-debug] op plan (with inferred tensor shapes):
  - op#00  op=LN       shard=-1  x=[1x4096] + w=[4096]  ->  y=[1x4096]  (T=1, K=308)
  - op#01  op=Q        shard=0   x=[1x4096] + w=[2048x4096]  ->  y=[1x2048]  (T=1, K=308)
  - op#02  op=K        shard=0   x=[1x4096] + w=[2048x4096]  ->  y=[1x2048]  (T=1, K=308)
  - op#03  op=V        shard=0   x=[1x4096] + w=[2048x4096]  ->  y=[1x2048]  (T=1, K=308)
  - op#04  op=Q        shard=1   x=[1x4096] + w=[2048x4096]  ->  y=[1x2048]  (T=1, K=308)
  - op#05  op=K        shard=1   x=[1x4096] + w=[2048x4096]  ->  y=[1x2048]  (T=1, K=308)
  - op#06  op=V        shard=1   x=[1x4096] + w=[2048x4096]  ->  y=[1x2048]  (T=1, K=308)
  - op#07  op=O        shard=0   x=[1x2048] + w=[4096x2048]  ->  y=[1x4096]  (T=1, K=308)
  - op#08  op=O        shard=1   x=[1x2048] + w=[4096x2048]  ->  y=[1x4096]  (T=1, K=308)
  - op#09  op=Add      shard=-1  a=[1x4096] + b=[1x4096]  ->  y=[1x4096]  (T=1, K=308)
  - op#10  op=LN       shard=-1  x=[1x4096] + w=[4096]  ->  y=[1x4096]  (T=1, K=308)
  - op#11  op=FFN_W1   shard=0   x=[1x4096] + w=[5504x4096]  ->  y=[1x5504]  (T=1, K=308)
  - op#12  op=FFN_W3   shard=0   x=[1x4096] + w=[5504x4096]  ->  y=[1x5504]  (T=1, K=308)
  - op#13  op=FFN_W1   shard=1   x=[1x4096] + w=[5504x4096]  ->  y=[1x5504]  (T=1, K=308)
  - op#14  op=FFN_W3   shard=1   x=[1x4096] + w=[5504x4096]  ->  y=[1x5504]  (T=1, K=308)
  - op#15  op=SwiGLU   shard=0   a=[1x5504] + b=[1x5504]  ->  y=[1x5504]  (T=1, K=308)
  - op#16  op=SwiGLU   shard=1   a=[1x5504] + b=[1x5504]  ->  y=[1x5504]  (T=1, K=308)
  - op#17  op=FFN_W2   shard=0   x=[1x5504] + w=[4096x5504]  ->  y=[1x4096]  (T=1, K=308)
  - op#18  op=FFN_W2   shard=1   x=[1x5504] + w=[4096x5504]  ->  y=[1x4096]  (T=1, K=308)
  - op#19  op=Add      shard=-1  a=[1x4096] + b=[1x4096]  ->  y=[1x4096]  (T=1, K=308)
[gpu-debug] per-op timing breakdown (avg over iters):
  idx  op       sh  io                                                    time   est_flops    TFLOPs       bytes      GB/s
  ------------------------------------------------------------------------------------------------------------------------
    0  LN       -1  x[1x4096]+w[4096]->y[1x4096]                        0.068ms    20.480 K      0.00   24.00 KiB      0.36
    1  Q         0  x[1x4096]+w[2048x4096]->y[1x2048]                   0.048ms    16.777 M      0.35   16.01 MiB    346.64
    2  K         0  x[1x4096]+w[2048x4096]->y[1x2048]                   0.034ms    16.777 M      0.50   16.01 MiB    498.36
    3  V         0  x[1x4096]+w[2048x4096]->y[1x2048]                   0.033ms    16.777 M      0.51   16.01 MiB    507.62
    4  Q         1  x[1x4096]+w[2048x4096]->y[1x2048]                   0.033ms    16.777 M      0.51   16.01 MiB    506.05
    5  K         1  x[1x4096]+w[2048x4096]->y[1x2048]                   0.034ms    16.777 M      0.49   16.01 MiB    493.86
    6  V         1  x[1x4096]+w[2048x4096]->y[1x2048]                   0.034ms    16.777 M      0.50   16.01 MiB    498.36
    7  O         0  x[1x2048]+w[4096x2048]->y[1x4096]                   0.027ms    16.777 M      0.61   16.01 MiB    614.08
    8  O         1  x[1x2048]+w[4096x2048]->y[1x4096]                   0.027ms    16.777 M      0.61   16.01 MiB    614.08
    9  Add      -1  a[1x4096]+b[1x4096]->y[1x4096]                      0.010ms     4.096 K      0.00   24.00 KiB      2.50
   10  LN       -1  x[1x4096]+w[4096]->y[1x4096]                        0.039ms    20.480 K      0.00   24.00 KiB      0.63
   11  FFN_W1    0  x[1x4096]+w[5504x4096]->y[1x5504]                   0.049ms    45.089 M      0.92   43.02 MiB    919.64
   12  FFN_W3    0  x[1x4096]+w[5504x4096]->y[1x5504]                   0.048ms    45.089 M      0.94   43.02 MiB    937.25
   13  FFN_W1    1  x[1x4096]+w[5504x4096]->y[1x5504]                   0.048ms    45.089 M      0.95   43.02 MiB    949.37
   14  FFN_W3    1  x[1x4096]+w[5504x4096]->y[1x5504]                   0.047ms    45.089 M      0.96   43.02 MiB    961.81
   15  SwiGLU    0  a[1x5504]+b[1x5504]->y[1x5504]                      0.016ms    33.024 K      0.00   32.25 KiB      2.11
   16  SwiGLU    1  a[1x5504]+b[1x5504]->y[1x5504]                      0.015ms    33.024 K      0.00   32.25 KiB      2.21
   17  FFN_W2    0  x[1x5504]+w[4096x5504]->y[1x4096]                   0.050ms    45.089 M      0.90   43.02 MiB    900.83
   18  FFN_W2    1  x[1x5504]+w[4096x5504]->y[1x4096]                   0.051ms    45.089 M      0.89   43.02 MiB    891.72
   19  Add      -1  a[1x4096]+b[1x4096]->y[1x4096]                      0.009ms     4.096 K      0.00   24.00 KiB      2.67
[gpu-debug] segment avg latency (cuda_events): 0.596 ms
[gpu-debug] sum(per-op)               : 0.720 ms (ratio=1.209)
[gpu-debug] NOTE: sum(per-op) may differ from segment latency due to Python overhead, event/launch overhead, and allocator/cache effects.
[gpu-debug] cuda mem before warmup: alloc=400.16 MiB reserved=414.00 MiB
[gpu-debug] cuda mem after warmup : alloc=400.16 MiB reserved=414.00 MiB
[gpu-debug] cuda mem peak (this segment): max_alloc=400.18 MiB max_reserved=414.00 MiB
========================================================================================
[gpu-debug] segment_key=npu|decode|17|f47f2b13c8c0ddb8e4ddc9de5ce41aad
[gpu-debug] sig: device_type=npu phase=decode step=17 (count_hint=32)
[gpu-debug] ops_repr: LN:-1,Q:0,K:0,V:0,Q:1,K:1,V:1,O:0,O:1,Add:-1,LN:-1,FFN_W1:0,FFN_W3:0,FFN_W1:1,FFN_W3:1,SwiGLU:0,SwiGLU:1,FFN_W2:0,FFN_W2:1,Add:-1
[gpu-debug] cfg: device=cuda dtype=torch.bfloat16 dim=4096 ffn_dim=11008 n_heads=32 shards=2
[gpu-debug] op plan (with inferred tensor shapes):
  - op#00  op=LN       shard=-1  x=[1x4096] + w=[4096]  ->  y=[1x4096]  (T=1, K=320)
  - op#01  op=Q        shard=0   x=[1x4096] + w=[2048x4096]  ->  y=[1x2048]  (T=1, K=320)
  - op#02  op=K        shard=0   x=[1x4096] + w=[2048x4096]  ->  y=[1x2048]  (T=1, K=320)
  - op#03  op=V        shard=0   x=[1x4096] + w=[2048x4096]  ->  y=[1x2048]  (T=1, K=320)
  - op#04  op=Q        shard=1   x=[1x4096] + w=[2048x4096]  ->  y=[1x2048]  (T=1, K=320)
  - op#05  op=K        shard=1   x=[1x4096] + w=[2048x4096]  ->  y=[1x2048]  (T=1, K=320)
  - op#06  op=V        shard=1   x=[1x4096] + w=[2048x4096]  ->  y=[1x2048]  (T=1, K=320)
  - op#07  op=O        shard=0   x=[1x2048] + w=[4096x2048]  ->  y=[1x4096]  (T=1, K=320)
  - op#08  op=O        shard=1   x=[1x2048] + w=[4096x2048]  ->  y=[1x4096]  (T=1, K=320)
  - op#09  op=Add      shard=-1  a=[1x4096] + b=[1x4096]  ->  y=[1x4096]  (T=1, K=320)
  - op#10  op=LN       shard=-1  x=[1x4096] + w=[4096]  ->  y=[1x4096]  (T=1, K=320)
  - op#11  op=FFN_W1   shard=0   x=[1x4096] + w=[5504x4096]  ->  y=[1x5504]  (T=1, K=320)
  - op#12  op=FFN_W3   shard=0   x=[1x4096] + w=[5504x4096]  ->  y=[1x5504]  (T=1, K=320)
  - op#13  op=FFN_W1   shard=1   x=[1x4096] + w=[5504x4096]  ->  y=[1x5504]  (T=1, K=320)
  - op#14  op=FFN_W3   shard=1   x=[1x4096] + w=[5504x4096]  ->  y=[1x5504]  (T=1, K=320)
  - op#15  op=SwiGLU   shard=0   a=[1x5504] + b=[1x5504]  ->  y=[1x5504]  (T=1, K=320)
  - op#16  op=SwiGLU   shard=1   a=[1x5504] + b=[1x5504]  ->  y=[1x5504]  (T=1, K=320)
  - op#17  op=FFN_W2   shard=0   x=[1x5504] + w=[4096x5504]  ->  y=[1x4096]  (T=1, K=320)
  - op#18  op=FFN_W2   shard=1   x=[1x5504] + w=[4096x5504]  ->  y=[1x4096]  (T=1, K=320)
  - op#19  op=Add      shard=-1  a=[1x4096] + b=[1x4096]  ->  y=[1x4096]  (T=1, K=320)
[gpu-debug] per-op timing breakdown (avg over iters):
  idx  op       sh  io                                                    time   est_flops    TFLOPs       bytes      GB/s
  ------------------------------------------------------------------------------------------------------------------------
    0  LN       -1  x[1x4096]+w[4096]->y[1x4096]                        0.069ms    20.480 K      0.00   24.00 KiB      0.36
    1  Q         0  x[1x4096]+w[2048x4096]->y[1x2048]                   0.050ms    16.777 M      0.34   16.01 MiB    336.67
    2  K         0  x[1x4096]+w[2048x4096]->y[1x2048]                   0.034ms    16.777 M      0.50   16.01 MiB    499.88
    3  V         0  x[1x4096]+w[2048x4096]->y[1x2048]                   0.033ms    16.777 M      0.51   16.01 MiB    512.38
    4  Q         1  x[1x4096]+w[2048x4096]->y[1x2048]                   0.033ms    16.777 M      0.50   16.01 MiB    501.41
    5  K         1  x[1x4096]+w[2048x4096]->y[1x2048]                   0.034ms    16.777 M      0.50   16.01 MiB    498.36
    6  V         1  x[1x4096]+w[2048x4096]->y[1x2048]                   0.034ms    16.777 M      0.50   16.01 MiB    499.88
    7  O         0  x[1x2048]+w[4096x2048]->y[1x4096]                   0.028ms    16.777 M      0.61   16.01 MiB    609.52
    8  O         1  x[1x2048]+w[4096x2048]->y[1x4096]                   0.028ms    16.777 M      0.61   16.01 MiB    609.52
    9  Add      -1  a[1x4096]+b[1x4096]->y[1x4096]                      0.010ms     4.096 K      0.00   24.00 KiB      2.55
   10  LN       -1  x[1x4096]+w[4096]->y[1x4096]                        0.039ms    20.480 K      0.00   24.00 KiB      0.63
   11  FFN_W1    0  x[1x4096]+w[5504x4096]->y[1x5504]                   0.050ms    45.089 M      0.90   43.02 MiB    898.99
   12  FFN_W3    0  x[1x4096]+w[5504x4096]->y[1x5504]                   0.048ms    45.089 M      0.94   43.02 MiB    941.26
   13  FFN_W1    1  x[1x4096]+w[5504x4096]->y[1x5504]                   0.047ms    45.089 M      0.95   43.02 MiB    951.42
   14  FFN_W3    1  x[1x4096]+w[5504x4096]->y[1x5504]                   0.047ms    45.089 M      0.96   43.02 MiB    961.81
   15  SwiGLU    0  a[1x5504]+b[1x5504]->y[1x5504]                      0.016ms    33.024 K      0.00   32.25 KiB      2.07
   16  SwiGLU    1  a[1x5504]+b[1x5504]->y[1x5504]                      0.014ms    33.024 K      0.00   32.25 KiB      2.29
   17  FFN_W2    0  x[1x5504]+w[4096x5504]->y[1x4096]                   0.050ms    45.089 M      0.90   43.02 MiB    898.99
   18  FFN_W2    1  x[1x5504]+w[4096x5504]->y[1x4096]                   0.051ms    45.089 M      0.89   43.02 MiB    891.72
   19  Add      -1  a[1x4096]+b[1x4096]->y[1x4096]                      0.009ms     4.096 K      0.00   24.00 KiB      2.76
[gpu-debug] segment avg latency (cuda_events): 0.595 ms
[gpu-debug] sum(per-op)               : 0.722 ms (ratio=1.214)
[gpu-debug] NOTE: sum(per-op) may differ from segment latency due to Python overhead, event/launch overhead, and allocator/cache effects.
[gpu-debug] cuda mem before warmup: alloc=400.16 MiB reserved=414.00 MiB
[gpu-debug] cuda mem after warmup : alloc=400.16 MiB reserved=414.00 MiB
[gpu-debug] cuda mem peak (this segment): max_alloc=400.18 MiB max_reserved=414.00 MiB
========================================================================================
[gpu-debug] segment_key=npu|decode|18|f47f2b13c8c0ddb8e4ddc9de5ce41aad
[gpu-debug] sig: device_type=npu phase=decode step=18 (count_hint=32)
[gpu-debug] ops_repr: LN:-1,Q:0,K:0,V:0,Q:1,K:1,V:1,O:0,O:1,Add:-1,LN:-1,FFN_W1:0,FFN_W3:0,FFN_W1:1,FFN_W3:1,SwiGLU:0,SwiGLU:1,FFN_W2:0,FFN_W2:1,Add:-1
[gpu-debug] cfg: device=cuda dtype=torch.bfloat16 dim=4096 ffn_dim=11008 n_heads=32 shards=2
[gpu-debug] op plan (with inferred tensor shapes):
  - op#00  op=LN       shard=-1  x=[1x4096] + w=[4096]  ->  y=[1x4096]  (T=1, K=332)
  - op#01  op=Q        shard=0   x=[1x4096] + w=[2048x4096]  ->  y=[1x2048]  (T=1, K=332)
  - op#02  op=K        shard=0   x=[1x4096] + w=[2048x4096]  ->  y=[1x2048]  (T=1, K=332)
  - op#03  op=V        shard=0   x=[1x4096] + w=[2048x4096]  ->  y=[1x2048]  (T=1, K=332)
  - op#04  op=Q        shard=1   x=[1x4096] + w=[2048x4096]  ->  y=[1x2048]  (T=1, K=332)
  - op#05  op=K        shard=1   x=[1x4096] + w=[2048x4096]  ->  y=[1x2048]  (T=1, K=332)
  - op#06  op=V        shard=1   x=[1x4096] + w=[2048x4096]  ->  y=[1x2048]  (T=1, K=332)
  - op#07  op=O        shard=0   x=[1x2048] + w=[4096x2048]  ->  y=[1x4096]  (T=1, K=332)
  - op#08  op=O        shard=1   x=[1x2048] + w=[4096x2048]  ->  y=[1x4096]  (T=1, K=332)
  - op#09  op=Add      shard=-1  a=[1x4096] + b=[1x4096]  ->  y=[1x4096]  (T=1, K=332)
  - op#10  op=LN       shard=-1  x=[1x4096] + w=[4096]  ->  y=[1x4096]  (T=1, K=332)
  - op#11  op=FFN_W1   shard=0   x=[1x4096] + w=[5504x4096]  ->  y=[1x5504]  (T=1, K=332)
  - op#12  op=FFN_W3   shard=0   x=[1x4096] + w=[5504x4096]  ->  y=[1x5504]  (T=1, K=332)
  - op#13  op=FFN_W1   shard=1   x=[1x4096] + w=[5504x4096]  ->  y=[1x5504]  (T=1, K=332)
  - op#14  op=FFN_W3   shard=1   x=[1x4096] + w=[5504x4096]  ->  y=[1x5504]  (T=1, K=332)
  - op#15  op=SwiGLU   shard=0   a=[1x5504] + b=[1x5504]  ->  y=[1x5504]  (T=1, K=332)
  - op#16  op=SwiGLU   shard=1   a=[1x5504] + b=[1x5504]  ->  y=[1x5504]  (T=1, K=332)
  - op#17  op=FFN_W2   shard=0   x=[1x5504] + w=[4096x5504]  ->  y=[1x4096]  (T=1, K=332)
  - op#18  op=FFN_W2   shard=1   x=[1x5504] + w=[4096x5504]  ->  y=[1x4096]  (T=1, K=332)
  - op#19  op=Add      shard=-1  a=[1x4096] + b=[1x4096]  ->  y=[1x4096]  (T=1, K=332)
[gpu-debug] per-op timing breakdown (avg over iters):
  idx  op       sh  io                                                    time   est_flops    TFLOPs       bytes      GB/s
  ------------------------------------------------------------------------------------------------------------------------
    0  LN       -1  x[1x4096]+w[4096]->y[1x4096]                        0.068ms    20.480 K      0.00   24.00 KiB      0.36
    1  Q         0  x[1x4096]+w[2048x4096]->y[1x2048]                   0.039ms    16.777 M      0.43   16.01 MiB    428.09
    2  K         0  x[1x4096]+w[2048x4096]->y[1x2048]                   0.030ms    16.777 M      0.55   16.01 MiB    552.05
    3  V         0  x[1x4096]+w[2048x4096]->y[1x2048]                   0.027ms    16.777 M      0.62   16.01 MiB    623.42
    4  Q         1  x[1x4096]+w[2048x4096]->y[1x2048]                   0.027ms    16.777 M      0.63   16.01 MiB    628.20
    5  K         1  x[1x4096]+w[2048x4096]->y[1x2048]                   0.027ms    16.777 M      0.61   16.01 MiB    614.08
    6  V         1  x[1x4096]+w[2048x4096]->y[1x2048]                   0.027ms    16.777 M      0.63   16.01 MiB    630.62
    7  O         0  x[1x2048]+w[4096x2048]->y[1x4096]                   0.025ms    16.777 M      0.67   16.01 MiB    674.73
    8  O         1  x[1x2048]+w[4096x2048]->y[1x4096]                   0.027ms    16.777 M      0.63   16.01 MiB    625.80
    9  Add      -1  a[1x4096]+b[1x4096]->y[1x4096]                      0.015ms     4.096 K      0.00   24.00 KiB      1.63
   10  LN       -1  x[1x4096]+w[4096]->y[1x4096]                        0.065ms    20.480 K      0.00   24.00 KiB      0.38
   11  FFN_W1    0  x[1x4096]+w[5504x4096]->y[1x5504]                   0.056ms    45.089 M      0.81   43.02 MiB    808.27
   12  FFN_W3    0  x[1x4096]+w[5504x4096]->y[1x5504]                   0.041ms    45.089 M      1.11   43.02 MiB   1106.80
   13  FFN_W1    1  x[1x4096]+w[5504x4096]->y[1x5504]                   0.041ms    45.089 M      1.11   43.02 MiB   1106.80
   14  FFN_W3    1  x[1x4096]+w[5504x4096]->y[1x5504]                   0.040ms    45.089 M      1.14   43.02 MiB   1138.26
   15  SwiGLU    0  a[1x5504]+b[1x5504]->y[1x5504]                      0.010ms    33.024 K      0.00   32.25 KiB      3.36
   16  SwiGLU    1  a[1x5504]+b[1x5504]->y[1x5504]                      0.009ms    33.024 K      0.00   32.25 KiB      3.79
   17  FFN_W2    0  x[1x5504]+w[4096x5504]->y[1x4096]                   0.042ms    45.089 M      1.06   43.02 MiB   1064.03
   18  FFN_W2    1  x[1x5504]+w[4096x5504]->y[1x4096]                   0.042ms    45.089 M      1.06   43.02 MiB   1064.03
   19  Add      -1  a[1x4096]+b[1x4096]->y[1x4096]                      0.006ms     4.096 K      0.00   24.00 KiB      4.14
[gpu-debug] segment avg latency (cuda_events): 0.548 ms
[gpu-debug] sum(per-op)               : 0.663 ms (ratio=1.210)
[gpu-debug] NOTE: sum(per-op) may differ from segment latency due to Python overhead, event/launch overhead, and allocator/cache effects.
[gpu-debug] cuda mem before warmup: alloc=400.16 MiB reserved=414.00 MiB
[gpu-debug] cuda mem after warmup : alloc=400.16 MiB reserved=414.00 MiB
[gpu-debug] cuda mem peak (this segment): max_alloc=400.18 MiB max_reserved=414.00 MiB
========================================================================================
[gpu-debug] segment_key=npu|decode|19|f47f2b13c8c0ddb8e4ddc9de5ce41aad
[gpu-debug] sig: device_type=npu phase=decode step=19 (count_hint=32)
[gpu-debug] ops_repr: LN:-1,Q:0,K:0,V:0,Q:1,K:1,V:1,O:0,O:1,Add:-1,LN:-1,FFN_W1:0,FFN_W3:0,FFN_W1:1,FFN_W3:1,SwiGLU:0,SwiGLU:1,FFN_W2:0,FFN_W2:1,Add:-1
[gpu-debug] cfg: device=cuda dtype=torch.bfloat16 dim=4096 ffn_dim=11008 n_heads=32 shards=2
[gpu-debug] op plan (with inferred tensor shapes):
  - op#00  op=LN       shard=-1  x=[1x4096] + w=[4096]  ->  y=[1x4096]  (T=1, K=344)
  - op#01  op=Q        shard=0   x=[1x4096] + w=[2048x4096]  ->  y=[1x2048]  (T=1, K=344)
  - op#02  op=K        shard=0   x=[1x4096] + w=[2048x4096]  ->  y=[1x2048]  (T=1, K=344)
  - op#03  op=V        shard=0   x=[1x4096] + w=[2048x4096]  ->  y=[1x2048]  (T=1, K=344)
  - op#04  op=Q        shard=1   x=[1x4096] + w=[2048x4096]  ->  y=[1x2048]  (T=1, K=344)
  - op#05  op=K        shard=1   x=[1x4096] + w=[2048x4096]  ->  y=[1x2048]  (T=1, K=344)
  - op#06  op=V        shard=1   x=[1x4096] + w=[2048x4096]  ->  y=[1x2048]  (T=1, K=344)
  - op#07  op=O        shard=0   x=[1x2048] + w=[4096x2048]  ->  y=[1x4096]  (T=1, K=344)
  - op#08  op=O        shard=1   x=[1x2048] + w=[4096x2048]  ->  y=[1x4096]  (T=1, K=344)
  - op#09  op=Add      shard=-1  a=[1x4096] + b=[1x4096]  ->  y=[1x4096]  (T=1, K=344)
  - op#10  op=LN       shard=-1  x=[1x4096] + w=[4096]  ->  y=[1x4096]  (T=1, K=344)
  - op#11  op=FFN_W1   shard=0   x=[1x4096] + w=[5504x4096]  ->  y=[1x5504]  (T=1, K=344)
  - op#12  op=FFN_W3   shard=0   x=[1x4096] + w=[5504x4096]  ->  y=[1x5504]  (T=1, K=344)
  - op#13  op=FFN_W1   shard=1   x=[1x4096] + w=[5504x4096]  ->  y=[1x5504]  (T=1, K=344)
  - op#14  op=FFN_W3   shard=1   x=[1x4096] + w=[5504x4096]  ->  y=[1x5504]  (T=1, K=344)
  - op#15  op=SwiGLU   shard=0   a=[1x5504] + b=[1x5504]  ->  y=[1x5504]  (T=1, K=344)
  - op#16  op=SwiGLU   shard=1   a=[1x5504] + b=[1x5504]  ->  y=[1x5504]  (T=1, K=344)
  - op#17  op=FFN_W2   shard=0   x=[1x5504] + w=[4096x5504]  ->  y=[1x4096]  (T=1, K=344)
  - op#18  op=FFN_W2   shard=1   x=[1x5504] + w=[4096x5504]  ->  y=[1x4096]  (T=1, K=344)
  - op#19  op=Add      shard=-1  a=[1x4096] + b=[1x4096]  ->  y=[1x4096]  (T=1, K=344)
[gpu-debug] per-op timing breakdown (avg over iters):
  idx  op       sh  io                                                    time   est_flops    TFLOPs       bytes      GB/s
  ------------------------------------------------------------------------------------------------------------------------
    0  LN       -1  x[1x4096]+w[4096]->y[1x4096]                        0.068ms    20.480 K      0.00   24.00 KiB      0.36
    1  Q         0  x[1x4096]+w[2048x4096]->y[1x2048]                   0.039ms    16.777 M      0.43   16.01 MiB    426.98
    2  K         0  x[1x4096]+w[2048x4096]->y[1x2048]                   0.029ms    16.777 M      0.57   16.01 MiB    573.29
    3  V         0  x[1x4096]+w[2048x4096]->y[1x2048]                   0.028ms    16.777 M      0.60   16.01 MiB    598.39
    4  Q         1  x[1x4096]+w[2048x4096]->y[1x2048]                   0.027ms    16.777 M      0.62   16.01 MiB    621.06
    5  K         1  x[1x4096]+w[2048x4096]->y[1x2048]                   0.027ms    16.777 M      0.63   16.01 MiB    633.05
    6  V         1  x[1x4096]+w[2048x4096]->y[1x2048]                   0.027ms    16.777 M      0.63   16.01 MiB    625.80
    7  O         0  x[1x2048]+w[4096x2048]->y[1x4096]                   0.026ms    16.777 M      0.65   16.01 MiB    653.23
    8  O         1  x[1x2048]+w[4096x2048]->y[1x4096]                   0.027ms    16.777 M      0.61   16.01 MiB    614.08
    9  Add      -1  a[1x4096]+b[1x4096]->y[1x4096]                      0.015ms     4.096 K      0.00   24.00 KiB      1.68
   10  LN       -1  x[1x4096]+w[4096]->y[1x4096]                        0.065ms    20.480 K      0.00   24.00 KiB      0.38
   11  FFN_W1    0  x[1x4096]+w[5504x4096]->y[1x5504]                   0.055ms    45.089 M      0.82   43.02 MiB    815.75
   12  FFN_W3    0  x[1x4096]+w[5504x4096]->y[1x5504]                   0.041ms    45.089 M      1.10   43.02 MiB   1101.27
   13  FFN_W1    1  x[1x4096]+w[5504x4096]->y[1x5504]                   0.041ms    45.089 M      1.10   43.02 MiB   1104.03
   14  FFN_W3    1  x[1x4096]+w[5504x4096]->y[1x5504]                   0.040ms    45.089 M      1.13   43.02 MiB   1126.62
   15  SwiGLU    0  a[1x5504]+b[1x5504]->y[1x5504]                      0.010ms    33.024 K      0.00   32.25 KiB      3.32
   16  SwiGLU    1  a[1x5504]+b[1x5504]->y[1x5504]                      0.009ms    33.024 K      0.00   32.25 KiB      3.84
   17  FFN_W2    0  x[1x5504]+w[4096x5504]->y[1x4096]                   0.042ms    45.089 M      1.07   43.02 MiB   1071.79
   18  FFN_W2    1  x[1x5504]+w[4096x5504]->y[1x4096]                   0.042ms    45.089 M      1.07   43.02 MiB   1066.60
   19  Add      -1  a[1x4096]+b[1x4096]->y[1x4096]                      0.006ms     4.096 K      0.00   24.00 KiB      4.14
[gpu-debug] segment avg latency (cuda_events): 0.456 ms
[gpu-debug] sum(per-op)               : 0.664 ms (ratio=1.456)
[gpu-debug] NOTE: sum(per-op) may differ from segment latency due to Python overhead, event/launch overhead, and allocator/cache effects.
[gpu-debug] cuda mem before warmup: alloc=400.16 MiB reserved=414.00 MiB
[gpu-debug] cuda mem after warmup : alloc=400.16 MiB reserved=414.00 MiB
[gpu-debug] cuda mem peak (this segment): max_alloc=400.18 MiB max_reserved=414.00 MiB
========================================================================================
[gpu-debug] segment_key=npu|decode|1|f47f2b13c8c0ddb8e4ddc9de5ce41aad
[gpu-debug] sig: device_type=npu phase=decode step=1 (count_hint=32)
[gpu-debug] ops_repr: LN:-1,Q:0,K:0,V:0,Q:1,K:1,V:1,O:0,O:1,Add:-1,LN:-1,FFN_W1:0,FFN_W3:0,FFN_W1:1,FFN_W3:1,SwiGLU:0,SwiGLU:1,FFN_W2:0,FFN_W2:1,Add:-1
[gpu-debug] cfg: device=cuda dtype=torch.bfloat16 dim=4096 ffn_dim=11008 n_heads=32 shards=2
[gpu-debug] op plan (with inferred tensor shapes):
  - op#00  op=LN       shard=-1  x=[1x4096] + w=[4096]  ->  y=[1x4096]  (T=1, K=130)
  - op#01  op=Q        shard=0   x=[1x4096] + w=[2048x4096]  ->  y=[1x2048]  (T=1, K=130)
  - op#02  op=K        shard=0   x=[1x4096] + w=[2048x4096]  ->  y=[1x2048]  (T=1, K=130)
  - op#03  op=V        shard=0   x=[1x4096] + w=[2048x4096]  ->  y=[1x2048]  (T=1, K=130)
  - op#04  op=Q        shard=1   x=[1x4096] + w=[2048x4096]  ->  y=[1x2048]  (T=1, K=130)
  - op#05  op=K        shard=1   x=[1x4096] + w=[2048x4096]  ->  y=[1x2048]  (T=1, K=130)
  - op#06  op=V        shard=1   x=[1x4096] + w=[2048x4096]  ->  y=[1x2048]  (T=1, K=130)
  - op#07  op=O        shard=0   x=[1x2048] + w=[4096x2048]  ->  y=[1x4096]  (T=1, K=130)
  - op#08  op=O        shard=1   x=[1x2048] + w=[4096x2048]  ->  y=[1x4096]  (T=1, K=130)
  - op#09  op=Add      shard=-1  a=[1x4096] + b=[1x4096]  ->  y=[1x4096]  (T=1, K=130)
  - op#10  op=LN       shard=-1  x=[1x4096] + w=[4096]  ->  y=[1x4096]  (T=1, K=130)
  - op#11  op=FFN_W1   shard=0   x=[1x4096] + w=[5504x4096]  ->  y=[1x5504]  (T=1, K=130)
  - op#12  op=FFN_W3   shard=0   x=[1x4096] + w=[5504x4096]  ->  y=[1x5504]  (T=1, K=130)
  - op#13  op=FFN_W1   shard=1   x=[1x4096] + w=[5504x4096]  ->  y=[1x5504]  (T=1, K=130)
  - op#14  op=FFN_W3   shard=1   x=[1x4096] + w=[5504x4096]  ->  y=[1x5504]  (T=1, K=130)
  - op#15  op=SwiGLU   shard=0   a=[1x5504] + b=[1x5504]  ->  y=[1x5504]  (T=1, K=130)
  - op#16  op=SwiGLU   shard=1   a=[1x5504] + b=[1x5504]  ->  y=[1x5504]  (T=1, K=130)
  - op#17  op=FFN_W2   shard=0   x=[1x5504] + w=[4096x5504]  ->  y=[1x4096]  (T=1, K=130)
  - op#18  op=FFN_W2   shard=1   x=[1x5504] + w=[4096x5504]  ->  y=[1x4096]  (T=1, K=130)
  - op#19  op=Add      shard=-1  a=[1x4096] + b=[1x4096]  ->  y=[1x4096]  (T=1, K=130)
[gpu-debug] per-op timing breakdown (avg over iters):
  idx  op       sh  io                                                    time   est_flops    TFLOPs       bytes      GB/s
  ------------------------------------------------------------------------------------------------------------------------
    0  LN       -1  x[1x4096]+w[4096]->y[1x4096]                        0.068ms    20.480 K      0.00   24.00 KiB      0.36
    1  Q         0  x[1x4096]+w[2048x4096]->y[1x2048]                   0.039ms    16.777 M      0.43   16.01 MiB    426.98
    2  K         0  x[1x4096]+w[2048x4096]->y[1x2048]                   0.030ms    16.777 M      0.56   16.01 MiB    561.51
    3  V         0  x[1x4096]+w[2048x4096]->y[1x2048]                   0.027ms    16.777 M      0.62   16.01 MiB    618.72
    4  Q         1  x[1x4096]+w[2048x4096]->y[1x2048]                   0.027ms    16.777 M      0.63   16.01 MiB    625.80
    5  K         1  x[1x4096]+w[2048x4096]->y[1x2048]                   0.027ms    16.777 M      0.62   16.01 MiB    623.42
    6  V         1  x[1x4096]+w[2048x4096]->y[1x2048]                   0.027ms    16.777 M      0.61   16.01 MiB    611.79
    7  O         0  x[1x2048]+w[4096x2048]->y[1x4096]                   0.025ms    16.777 M      0.68   16.01 MiB    683.17
    8  O         1  x[1x2048]+w[4096x2048]->y[1x4096]                   0.027ms    16.777 M      0.62   16.01 MiB    618.72
    9  Add      -1  a[1x4096]+b[1x4096]->y[1x4096]                      0.015ms     4.096 K      0.00   24.00 KiB      1.69
   10  LN       -1  x[1x4096]+w[4096]->y[1x4096]                        0.065ms    20.480 K      0.00   24.00 KiB      0.38
   11  FFN_W1    0  x[1x4096]+w[5504x4096]->y[1x5504]                   0.055ms    45.089 M      0.81   43.02 MiB    814.25
   12  FFN_W3    0  x[1x4096]+w[5504x4096]->y[1x5504]                   0.041ms    45.089 M      1.10   43.02 MiB   1101.27
   13  FFN_W1    1  x[1x4096]+w[5504x4096]->y[1x5504]                   0.041ms    45.089 M      1.11   43.02 MiB   1106.80
   14  FFN_W3    1  x[1x4096]+w[5504x4096]->y[1x5504]                   0.040ms    45.089 M      1.13   43.02 MiB   1135.33
   15  SwiGLU    0  a[1x5504]+b[1x5504]->y[1x5504]                      0.010ms    33.024 K      0.00   32.25 KiB      3.39
   16  SwiGLU    1  a[1x5504]+b[1x5504]->y[1x5504]                      0.009ms    33.024 K      0.00   32.25 KiB      3.71
   17  FFN_W2    0  x[1x5504]+w[4096x5504]->y[1x4096]                   0.042ms    45.089 M      1.06   43.02 MiB   1061.46
   18  FFN_W2    1  x[1x5504]+w[4096x5504]->y[1x4096]                   0.043ms    45.089 M      1.05   43.02 MiB   1051.33
   19  Add      -1  a[1x4096]+b[1x4096]->y[1x4096]                      0.006ms     4.096 K      0.00   24.00 KiB      4.14
[gpu-debug] segment avg latency (cuda_events): 0.456 ms
[gpu-debug] sum(per-op)               : 0.663 ms (ratio=1.455)
[gpu-debug] NOTE: sum(per-op) may differ from segment latency due to Python overhead, event/launch overhead, and allocator/cache effects.
[gpu-debug] cuda mem before warmup: alloc=400.16 MiB reserved=414.00 MiB
[gpu-debug] cuda mem after warmup : alloc=400.16 MiB reserved=414.00 MiB
[gpu-debug] cuda mem peak (this segment): max_alloc=400.18 MiB max_reserved=414.00 MiB
========================================================================================
[gpu-debug] segment_key=npu|decode|20|f47f2b13c8c0ddb8e4ddc9de5ce41aad
[gpu-debug] sig: device_type=npu phase=decode step=20 (count_hint=32)
[gpu-debug] ops_repr: LN:-1,Q:0,K:0,V:0,Q:1,K:1,V:1,O:0,O:1,Add:-1,LN:-1,FFN_W1:0,FFN_W3:0,FFN_W1:1,FFN_W3:1,SwiGLU:0,SwiGLU:1,FFN_W2:0,FFN_W2:1,Add:-1
[gpu-debug] cfg: device=cuda dtype=torch.bfloat16 dim=4096 ffn_dim=11008 n_heads=32 shards=2
[gpu-debug] op plan (with inferred tensor shapes):
  - op#00  op=LN       shard=-1  x=[1x4096] + w=[4096]  ->  y=[1x4096]  (T=1, K=356)
  - op#01  op=Q        shard=0   x=[1x4096] + w=[2048x4096]  ->  y=[1x2048]  (T=1, K=356)
  - op#02  op=K        shard=0   x=[1x4096] + w=[2048x4096]  ->  y=[1x2048]  (T=1, K=356)
  - op#03  op=V        shard=0   x=[1x4096] + w=[2048x4096]  ->  y=[1x2048]  (T=1, K=356)
  - op#04  op=Q        shard=1   x=[1x4096] + w=[2048x4096]  ->  y=[1x2048]  (T=1, K=356)
  - op#05  op=K        shard=1   x=[1x4096] + w=[2048x4096]  ->  y=[1x2048]  (T=1, K=356)
  - op#06  op=V        shard=1   x=[1x4096] + w=[2048x4096]  ->  y=[1x2048]  (T=1, K=356)
  - op#07  op=O        shard=0   x=[1x2048] + w=[4096x2048]  ->  y=[1x4096]  (T=1, K=356)
  - op#08  op=O        shard=1   x=[1x2048] + w=[4096x2048]  ->  y=[1x4096]  (T=1, K=356)
  - op#09  op=Add      shard=-1  a=[1x4096] + b=[1x4096]  ->  y=[1x4096]  (T=1, K=356)
  - op#10  op=LN       shard=-1  x=[1x4096] + w=[4096]  ->  y=[1x4096]  (T=1, K=356)
  - op#11  op=FFN_W1   shard=0   x=[1x4096] + w=[5504x4096]  ->  y=[1x5504]  (T=1, K=356)
  - op#12  op=FFN_W3   shard=0   x=[1x4096] + w=[5504x4096]  ->  y=[1x5504]  (T=1, K=356)
  - op#13  op=FFN_W1   shard=1   x=[1x4096] + w=[5504x4096]  ->  y=[1x5504]  (T=1, K=356)
  - op#14  op=FFN_W3   shard=1   x=[1x4096] + w=[5504x4096]  ->  y=[1x5504]  (T=1, K=356)
  - op#15  op=SwiGLU   shard=0   a=[1x5504] + b=[1x5504]  ->  y=[1x5504]  (T=1, K=356)
  - op#16  op=SwiGLU   shard=1   a=[1x5504] + b=[1x5504]  ->  y=[1x5504]  (T=1, K=356)
  - op#17  op=FFN_W2   shard=0   x=[1x5504] + w=[4096x5504]  ->  y=[1x4096]  (T=1, K=356)
  - op#18  op=FFN_W2   shard=1   x=[1x5504] + w=[4096x5504]  ->  y=[1x4096]  (T=1, K=356)
  - op#19  op=Add      shard=-1  a=[1x4096] + b=[1x4096]  ->  y=[1x4096]  (T=1, K=356)
[gpu-debug] per-op timing breakdown (avg over iters):
  idx  op       sh  io                                                    time   est_flops    TFLOPs       bytes      GB/s
  ------------------------------------------------------------------------------------------------------------------------
    0  LN       -1  x[1x4096]+w[4096]->y[1x4096]                        0.068ms    20.480 K      0.00   24.00 KiB      0.36
    1  Q         0  x[1x4096]+w[2048x4096]->y[1x2048]                   0.039ms    16.777 M      0.43   16.01 MiB    428.09
    2  K         0  x[1x4096]+w[2048x4096]->y[1x2048]                   0.031ms    16.777 M      0.55   16.01 MiB    550.20
    3  V         0  x[1x4096]+w[2048x4096]->y[1x2048]                   0.028ms    16.777 M      0.61   16.01 MiB    609.52
    4  Q         1  x[1x4096]+w[2048x4096]->y[1x2048]                   0.027ms    16.777 M      0.63   16.01 MiB    628.20
    5  K         1  x[1x4096]+w[2048x4096]->y[1x2048]                   0.027ms    16.777 M      0.63   16.01 MiB    625.80
    6  V         1  x[1x4096]+w[2048x4096]->y[1x2048]                   0.026ms    16.777 M      0.64   16.01 MiB    640.47
    7  O         0  x[1x2048]+w[4096x2048]->y[1x4096]                   0.026ms    16.777 M      0.65   16.01 MiB    648.06
    8  O         1  x[1x2048]+w[4096x2048]->y[1x4096]                   0.027ms    16.777 M      0.62   16.01 MiB    616.39
    9  Add      -1  a[1x4096]+b[1x4096]->y[1x4096]                      0.015ms     4.096 K      0.00   24.00 KiB      1.63
   10  LN       -1  x[1x4096]+w[4096]->y[1x4096]                        0.065ms    20.480 K      0.00   24.00 KiB      0.38
   11  FFN_W1    0  x[1x4096]+w[5504x4096]->y[1x5504]                   0.056ms    45.089 M      0.81   43.02 MiB    811.25
   12  FFN_W3    0  x[1x4096]+w[5504x4096]->y[1x5504]                   0.041ms    45.089 M      1.10   43.02 MiB   1098.52
   13  FFN_W1    1  x[1x4096]+w[5504x4096]->y[1x5504]                   0.041ms    45.089 M      1.11   43.02 MiB   1106.80
   14  FFN_W3    1  x[1x4096]+w[5504x4096]->y[1x5504]                   0.040ms    45.089 M      1.12   43.02 MiB   1123.74
   15  SwiGLU    0  a[1x5504]+b[1x5504]->y[1x5504]                      0.010ms    33.024 K      0.00   32.25 KiB      3.29
   16  SwiGLU    1  a[1x5504]+b[1x5504]->y[1x5504]                      0.009ms    33.024 K      0.00   32.25 KiB      3.71
   17  FFN_W2    0  x[1x5504]+w[4096x5504]->y[1x4096]                   0.043ms    45.089 M      1.04   43.02 MiB   1041.39
   18  FFN_W2    1  x[1x5504]+w[4096x5504]->y[1x4096]                   0.043ms    45.089 M      1.06   43.02 MiB   1058.91
   19  Add      -1  a[1x4096]+b[1x4096]->y[1x4096]                      0.006ms     4.096 K      0.00   24.00 KiB      4.14
[gpu-debug] segment avg latency (cuda_events): 0.455 ms
[gpu-debug] sum(per-op)               : 0.667 ms (ratio=1.465)
[gpu-debug] NOTE: sum(per-op) may differ from segment latency due to Python overhead, event/launch overhead, and allocator/cache effects.
[gpu-debug] cuda mem before warmup: alloc=400.16 MiB reserved=414.00 MiB
[gpu-debug] cuda mem after warmup : alloc=400.16 MiB reserved=414.00 MiB
[gpu-debug] cuda mem peak (this segment): max_alloc=400.18 MiB max_reserved=414.00 MiB
========================================================================================
[gpu-debug] segment_key=npu|decode|21|f47f2b13c8c0ddb8e4ddc9de5ce41aad
[gpu-debug] sig: device_type=npu phase=decode step=21 (count_hint=32)
[gpu-debug] ops_repr: LN:-1,Q:0,K:0,V:0,Q:1,K:1,V:1,O:0,O:1,Add:-1,LN:-1,FFN_W1:0,FFN_W3:0,FFN_W1:1,FFN_W3:1,SwiGLU:0,SwiGLU:1,FFN_W2:0,FFN_W2:1,Add:-1
[gpu-debug] cfg: device=cuda dtype=torch.bfloat16 dim=4096 ffn_dim=11008 n_heads=32 shards=2
[gpu-debug] op plan (with inferred tensor shapes):
  - op#00  op=LN       shard=-1  x=[1x4096] + w=[4096]  ->  y=[1x4096]  (T=1, K=368)
  - op#01  op=Q        shard=0   x=[1x4096] + w=[2048x4096]  ->  y=[1x2048]  (T=1, K=368)
  - op#02  op=K        shard=0   x=[1x4096] + w=[2048x4096]  ->  y=[1x2048]  (T=1, K=368)
  - op#03  op=V        shard=0   x=[1x4096] + w=[2048x4096]  ->  y=[1x2048]  (T=1, K=368)
  - op#04  op=Q        shard=1   x=[1x4096] + w=[2048x4096]  ->  y=[1x2048]  (T=1, K=368)
  - op#05  op=K        shard=1   x=[1x4096] + w=[2048x4096]  ->  y=[1x2048]  (T=1, K=368)
  - op#06  op=V        shard=1   x=[1x4096] + w=[2048x4096]  ->  y=[1x2048]  (T=1, K=368)
  - op#07  op=O        shard=0   x=[1x2048] + w=[4096x2048]  ->  y=[1x4096]  (T=1, K=368)
  - op#08  op=O        shard=1   x=[1x2048] + w=[4096x2048]  ->  y=[1x4096]  (T=1, K=368)
  - op#09  op=Add      shard=-1  a=[1x4096] + b=[1x4096]  ->  y=[1x4096]  (T=1, K=368)
  - op#10  op=LN       shard=-1  x=[1x4096] + w=[4096]  ->  y=[1x4096]  (T=1, K=368)
  - op#11  op=FFN_W1   shard=0   x=[1x4096] + w=[5504x4096]  ->  y=[1x5504]  (T=1, K=368)
  - op#12  op=FFN_W3   shard=0   x=[1x4096] + w=[5504x4096]  ->  y=[1x5504]  (T=1, K=368)
  - op#13  op=FFN_W1   shard=1   x=[1x4096] + w=[5504x4096]  ->  y=[1x5504]  (T=1, K=368)
  - op#14  op=FFN_W3   shard=1   x=[1x4096] + w=[5504x4096]  ->  y=[1x5504]  (T=1, K=368)
  - op#15  op=SwiGLU   shard=0   a=[1x5504] + b=[1x5504]  ->  y=[1x5504]  (T=1, K=368)
  - op#16  op=SwiGLU   shard=1   a=[1x5504] + b=[1x5504]  ->  y=[1x5504]  (T=1, K=368)
  - op#17  op=FFN_W2   shard=0   x=[1x5504] + w=[4096x5504]  ->  y=[1x4096]  (T=1, K=368)
  - op#18  op=FFN_W2   shard=1   x=[1x5504] + w=[4096x5504]  ->  y=[1x4096]  (T=1, K=368)
  - op#19  op=Add      shard=-1  a=[1x4096] + b=[1x4096]  ->  y=[1x4096]  (T=1, K=368)
[gpu-debug] per-op timing breakdown (avg over iters):
  idx  op       sh  io                                                    time   est_flops    TFLOPs       bytes      GB/s
  ------------------------------------------------------------------------------------------------------------------------
    0  LN       -1  x[1x4096]+w[4096]->y[1x4096]                        0.067ms    20.480 K      0.00   24.00 KiB      0.37
    1  Q         0  x[1x4096]+w[2048x4096]->y[1x2048]                   0.039ms    16.777 M      0.43   16.01 MiB    425.87
    2  K         0  x[1x4096]+w[2048x4096]->y[1x2048]                   0.030ms    16.777 M      0.56   16.01 MiB    557.69
    3  V         0  x[1x4096]+w[2048x4096]->y[1x2048]                   0.027ms    16.777 M      0.62   16.01 MiB    618.72
    4  Q         1  x[1x4096]+w[2048x4096]->y[1x2048]                   0.026ms    16.777 M      0.64   16.01 MiB    637.98
    5  K         1  x[1x4096]+w[2048x4096]->y[1x2048]                   0.027ms    16.777 M      0.62   16.01 MiB    623.42
    6  V         1  x[1x4096]+w[2048x4096]->y[1x2048]                   0.027ms    16.777 M      0.62   16.01 MiB    623.42
    7  O         0  x[1x2048]+w[4096x2048]->y[1x4096]                   0.025ms    16.777 M      0.68   16.01 MiB    680.33
    8  O         1  x[1x2048]+w[4096x2048]->y[1x4096]                   0.027ms    16.777 M      0.63   16.01 MiB    630.62
    9  Add      -1  a[1x4096]+b[1x4096]->y[1x4096]                      0.015ms     4.096 K      0.00   24.00 KiB      1.69
   10  LN       -1  x[1x4096]+w[4096]->y[1x4096]                        0.065ms    20.480 K      0.00   24.00 KiB      0.38
   11  FFN_W1    0  x[1x4096]+w[5504x4096]->y[1x5504]                   0.055ms    45.089 M      0.81   43.02 MiB    814.25
   12  FFN_W3    0  x[1x4096]+w[5504x4096]->y[1x5504]                   0.041ms    45.089 M      1.10   43.02 MiB   1104.03
   13  FFN_W1    1  x[1x4096]+w[5504x4096]->y[1x5504]                   0.041ms    45.089 M      1.11   43.02 MiB   1106.80
   14  FFN_W3    1  x[1x4096]+w[5504x4096]->y[1x5504]                   0.040ms    45.089 M      1.13   43.02 MiB   1126.62
   15  SwiGLU    0  a[1x5504]+b[1x5504]->y[1x5504]                      0.010ms    33.024 K      0.00   32.25 KiB      3.32
   16  SwiGLU    1  a[1x5504]+b[1x5504]->y[1x5504]                      0.009ms    33.024 K      0.00   32.25 KiB      3.62
   17  FFN_W2    0  x[1x5504]+w[4096x5504]->y[1x4096]                   0.043ms    45.089 M      1.05   43.02 MiB   1051.33
   18  FFN_W2    1  x[1x5504]+w[4096x5504]->y[1x4096]                   0.043ms    45.089 M      1.06   43.02 MiB   1056.37
   19  Add      -1  a[1x4096]+b[1x4096]->y[1x4096]                      0.006ms     4.096 K      0.00   24.00 KiB      4.21
[gpu-debug] segment avg latency (cuda_events): 0.455 ms
[gpu-debug] sum(per-op)               : 0.662 ms (ratio=1.456)
[gpu-debug] NOTE: sum(per-op) may differ from segment latency due to Python overhead, event/launch overhead, and allocator/cache effects.
[gpu-debug] cuda mem before warmup: alloc=400.16 MiB reserved=414.00 MiB
[gpu-debug] cuda mem after warmup : alloc=400.16 MiB reserved=414.00 MiB
[gpu-debug] cuda mem peak (this segment): max_alloc=400.18 MiB max_reserved=414.00 MiB
========================================================================================
[gpu-debug] segment_key=npu|decode|22|f47f2b13c8c0ddb8e4ddc9de5ce41aad
[gpu-debug] sig: device_type=npu phase=decode step=22 (count_hint=32)
[gpu-debug] ops_repr: LN:-1,Q:0,K:0,V:0,Q:1,K:1,V:1,O:0,O:1,Add:-1,LN:-1,FFN_W1:0,FFN_W3:0,FFN_W1:1,FFN_W3:1,SwiGLU:0,SwiGLU:1,FFN_W2:0,FFN_W2:1,Add:-1
[gpu-debug] cfg: device=cuda dtype=torch.bfloat16 dim=4096 ffn_dim=11008 n_heads=32 shards=2
[gpu-debug] op plan (with inferred tensor shapes):
  - op#00  op=LN       shard=-1  x=[1x4096] + w=[4096]  ->  y=[1x4096]  (T=1, K=380)
  - op#01  op=Q        shard=0   x=[1x4096] + w=[2048x4096]  ->  y=[1x2048]  (T=1, K=380)
  - op#02  op=K        shard=0   x=[1x4096] + w=[2048x4096]  ->  y=[1x2048]  (T=1, K=380)
  - op#03  op=V        shard=0   x=[1x4096] + w=[2048x4096]  ->  y=[1x2048]  (T=1, K=380)
  - op#04  op=Q        shard=1   x=[1x4096] + w=[2048x4096]  ->  y=[1x2048]  (T=1, K=380)
  - op#05  op=K        shard=1   x=[1x4096] + w=[2048x4096]  ->  y=[1x2048]  (T=1, K=380)
  - op#06  op=V        shard=1   x=[1x4096] + w=[2048x4096]  ->  y=[1x2048]  (T=1, K=380)
  - op#07  op=O        shard=0   x=[1x2048] + w=[4096x2048]  ->  y=[1x4096]  (T=1, K=380)
  - op#08  op=O        shard=1   x=[1x2048] + w=[4096x2048]  ->  y=[1x4096]  (T=1, K=380)
  - op#09  op=Add      shard=-1  a=[1x4096] + b=[1x4096]  ->  y=[1x4096]  (T=1, K=380)
  - op#10  op=LN       shard=-1  x=[1x4096] + w=[4096]  ->  y=[1x4096]  (T=1, K=380)
  - op#11  op=FFN_W1   shard=0   x=[1x4096] + w=[5504x4096]  ->  y=[1x5504]  (T=1, K=380)
  - op#12  op=FFN_W3   shard=0   x=[1x4096] + w=[5504x4096]  ->  y=[1x5504]  (T=1, K=380)
  - op#13  op=FFN_W1   shard=1   x=[1x4096] + w=[5504x4096]  ->  y=[1x5504]  (T=1, K=380)
  - op#14  op=FFN_W3   shard=1   x=[1x4096] + w=[5504x4096]  ->  y=[1x5504]  (T=1, K=380)
  - op#15  op=SwiGLU   shard=0   a=[1x5504] + b=[1x5504]  ->  y=[1x5504]  (T=1, K=380)
  - op#16  op=SwiGLU   shard=1   a=[1x5504] + b=[1x5504]  ->  y=[1x5504]  (T=1, K=380)
  - op#17  op=FFN_W2   shard=0   x=[1x5504] + w=[4096x5504]  ->  y=[1x4096]  (T=1, K=380)
  - op#18  op=FFN_W2   shard=1   x=[1x5504] + w=[4096x5504]  ->  y=[1x4096]  (T=1, K=380)
  - op#19  op=Add      shard=-1  a=[1x4096] + b=[1x4096]  ->  y=[1x4096]  (T=1, K=380)
[gpu-debug] per-op timing breakdown (avg over iters):
  idx  op       sh  io                                                    time   est_flops    TFLOPs       bytes      GB/s
  ------------------------------------------------------------------------------------------------------------------------
    0  LN       -1  x[1x4096]+w[4096]->y[1x4096]                        0.068ms    20.480 K      0.00   24.00 KiB      0.36
    1  Q         0  x[1x4096]+w[2048x4096]->y[1x2048]                   0.039ms    16.777 M      0.43   16.01 MiB    425.87
    2  K         0  x[1x4096]+w[2048x4096]->y[1x2048]                   0.029ms    16.777 M      0.57   16.01 MiB    569.31
    3  V         0  x[1x4096]+w[2048x4096]->y[1x2048]                   0.027ms    16.777 M      0.61   16.01 MiB    614.08
    4  Q         1  x[1x4096]+w[2048x4096]->y[1x2048]                   0.027ms    16.777 M      0.61   16.01 MiB    614.08
    5  K         1  x[1x4096]+w[2048x4096]->y[1x2048]                   0.027ms    16.777 M      0.63   16.01 MiB    625.80
    6  V         1  x[1x4096]+w[2048x4096]->y[1x2048]                   0.027ms    16.777 M      0.63   16.01 MiB    633.05
    7  O         0  x[1x2048]+w[4096x2048]->y[1x4096]                   0.025ms    16.777 M      0.66   16.01 MiB    663.81
    8  O         1  x[1x2048]+w[4096x2048]->y[1x4096]                   0.027ms    16.777 M      0.62   16.01 MiB    618.72
    9  Add      -1  a[1x4096]+b[1x4096]->y[1x4096]                      0.015ms     4.096 K      0.00   24.00 KiB      1.69
   10  LN       -1  x[1x4096]+w[4096]->y[1x4096]                        0.065ms    20.480 K      0.00   24.00 KiB      0.38
   11  FFN_W1    0  x[1x4096]+w[5504x4096]->y[1x5504]                   0.055ms    45.089 M      0.82   43.02 MiB    820.31
   12  FFN_W3    0  x[1x4096]+w[5504x4096]->y[1x5504]                   0.041ms    45.089 M      1.10   43.02 MiB   1095.79
   13  FFN_W1    1  x[1x4096]+w[5504x4096]->y[1x5504]                   0.041ms    45.089 M      1.11   43.02 MiB   1109.59
   14  FFN_W3    1  x[1x4096]+w[5504x4096]->y[1x5504]                   0.040ms    45.089 M      1.13   43.02 MiB   1132.41
   15  SwiGLU    0  a[1x5504]+b[1x5504]->y[1x5504]                      0.010ms    33.024 K      0.00   32.25 KiB      3.39
   16  SwiGLU    1  a[1x5504]+b[1x5504]->y[1x5504]                      0.009ms    33.024 K      0.00   32.25 KiB      3.71
   17  FFN_W2    0  x[1x5504]+w[4096x5504]->y[1x4096]                   0.043ms    45.089 M      1.05   43.02 MiB   1053.85
   18  FFN_W2    1  x[1x5504]+w[4096x5504]->y[1x4096]                   0.043ms    45.089 M      1.06   43.02 MiB   1058.91
   19  Add      -1  a[1x4096]+b[1x4096]->y[1x4096]                      0.006ms     4.096 K      0.00   24.00 KiB      4.14
[gpu-debug] segment avg latency (cuda_events): 0.455 ms
[gpu-debug] sum(per-op)               : 0.664 ms (ratio=1.459)
[gpu-debug] NOTE: sum(per-op) may differ from segment latency due to Python overhead, event/launch overhead, and allocator/cache effects.
[gpu-debug] cuda mem before warmup: alloc=400.16 MiB reserved=414.00 MiB
[gpu-debug] cuda mem after warmup : alloc=400.16 MiB reserved=414.00 MiB
[gpu-debug] cuda mem peak (this segment): max_alloc=400.18 MiB max_reserved=414.00 MiB
========================================================================================
[gpu-debug] segment_key=npu|decode|2|f47f2b13c8c0ddb8e4ddc9de5ce41aad
[gpu-debug] sig: device_type=npu phase=decode step=2 (count_hint=32)
[gpu-debug] ops_repr: LN:-1,Q:0,K:0,V:0,Q:1,K:1,V:1,O:0,O:1,Add:-1,LN:-1,FFN_W1:0,FFN_W3:0,FFN_W1:1,FFN_W3:1,SwiGLU:0,SwiGLU:1,FFN_W2:0,FFN_W2:1,Add:-1
[gpu-debug] cfg: device=cuda dtype=torch.bfloat16 dim=4096 ffn_dim=11008 n_heads=32 shards=2
[gpu-debug] op plan (with inferred tensor shapes):
  - op#00  op=LN       shard=-1  x=[1x4096] + w=[4096]  ->  y=[1x4096]  (T=1, K=140)
  - op#01  op=Q        shard=0   x=[1x4096] + w=[2048x4096]  ->  y=[1x2048]  (T=1, K=140)
  - op#02  op=K        shard=0   x=[1x4096] + w=[2048x4096]  ->  y=[1x2048]  (T=1, K=140)
  - op#03  op=V        shard=0   x=[1x4096] + w=[2048x4096]  ->  y=[1x2048]  (T=1, K=140)
  - op#04  op=Q        shard=1   x=[1x4096] + w=[2048x4096]  ->  y=[1x2048]  (T=1, K=140)
  - op#05  op=K        shard=1   x=[1x4096] + w=[2048x4096]  ->  y=[1x2048]  (T=1, K=140)
  - op#06  op=V        shard=1   x=[1x4096] + w=[2048x4096]  ->  y=[1x2048]  (T=1, K=140)
  - op#07  op=O        shard=0   x=[1x2048] + w=[4096x2048]  ->  y=[1x4096]  (T=1, K=140)
  - op#08  op=O        shard=1   x=[1x2048] + w=[4096x2048]  ->  y=[1x4096]  (T=1, K=140)
  - op#09  op=Add      shard=-1  a=[1x4096] + b=[1x4096]  ->  y=[1x4096]  (T=1, K=140)
  - op#10  op=LN       shard=-1  x=[1x4096] + w=[4096]  ->  y=[1x4096]  (T=1, K=140)
  - op#11  op=FFN_W1   shard=0   x=[1x4096] + w=[5504x4096]  ->  y=[1x5504]  (T=1, K=140)
  - op#12  op=FFN_W3   shard=0   x=[1x4096] + w=[5504x4096]  ->  y=[1x5504]  (T=1, K=140)
  - op#13  op=FFN_W1   shard=1   x=[1x4096] + w=[5504x4096]  ->  y=[1x5504]  (T=1, K=140)
  - op#14  op=FFN_W3   shard=1   x=[1x4096] + w=[5504x4096]  ->  y=[1x5504]  (T=1, K=140)
  - op#15  op=SwiGLU   shard=0   a=[1x5504] + b=[1x5504]  ->  y=[1x5504]  (T=1, K=140)
  - op#16  op=SwiGLU   shard=1   a=[1x5504] + b=[1x5504]  ->  y=[1x5504]  (T=1, K=140)
  - op#17  op=FFN_W2   shard=0   x=[1x5504] + w=[4096x5504]  ->  y=[1x4096]  (T=1, K=140)
  - op#18  op=FFN_W2   shard=1   x=[1x5504] + w=[4096x5504]  ->  y=[1x4096]  (T=1, K=140)
  - op#19  op=Add      shard=-1  a=[1x4096] + b=[1x4096]  ->  y=[1x4096]  (T=1, K=140)
[gpu-debug] per-op timing breakdown (avg over iters):
  idx  op       sh  io                                                    time   est_flops    TFLOPs       bytes      GB/s
  ------------------------------------------------------------------------------------------------------------------------
    0  LN       -1  x[1x4096]+w[4096]->y[1x4096]                        0.068ms    20.480 K      0.00   24.00 KiB      0.36
    1  Q         0  x[1x4096]+w[2048x4096]->y[1x2048]                   0.039ms    16.777 M      0.43   16.01 MiB    429.21
    2  K         0  x[1x4096]+w[2048x4096]->y[1x2048]                   0.030ms    16.777 M      0.56   16.01 MiB    563.44
    3  V         0  x[1x4096]+w[2048x4096]->y[1x2048]                   0.027ms    16.777 M      0.61   16.01 MiB    611.79
    4  Q         1  x[1x4096]+w[2048x4096]->y[1x2048]                   0.027ms    16.777 M      0.62   16.01 MiB    621.06
    5  K         1  x[1x4096]+w[2048x4096]->y[1x2048]                   0.027ms    16.777 M      0.62   16.01 MiB    623.42
    6  V         1  x[1x4096]+w[2048x4096]->y[1x2048]                   0.027ms    16.777 M      0.62   16.01 MiB    623.42
    7  O         0  x[1x2048]+w[4096x2048]->y[1x4096]                   0.026ms    16.777 M      0.65   16.01 MiB    653.23
    8  O         1  x[1x2048]+w[4096x2048]->y[1x4096]                   0.027ms    16.777 M      0.62   16.01 MiB    621.06
    9  Add      -1  a[1x4096]+b[1x4096]->y[1x4096]                      0.015ms     4.096 K      0.00   24.00 KiB      1.63
   10  LN       -1  x[1x4096]+w[4096]->y[1x4096]                        0.065ms    20.480 K      0.00   24.00 KiB      0.38
   11  FFN_W1    0  x[1x4096]+w[5504x4096]->y[1x5504]                   0.055ms    45.089 M      0.82   43.02 MiB    817.27
   12  FFN_W3    0  x[1x4096]+w[5504x4096]->y[1x5504]                   0.041ms    45.089 M      1.09   43.02 MiB   1093.07
   13  FFN_W1    1  x[1x4096]+w[5504x4096]->y[1x5504]                   0.041ms    45.089 M      1.10   43.02 MiB   1104.03
   14  FFN_W3    1  x[1x4096]+w[5504x4096]->y[1x5504]                   0.040ms    45.089 M      1.13   43.02 MiB   1129.51
   15  SwiGLU    0  a[1x5504]+b[1x5504]->y[1x5504]                      0.010ms    33.024 K      0.00   32.25 KiB      3.39
   16  SwiGLU    1  a[1x5504]+b[1x5504]->y[1x5504]                      0.009ms    33.024 K      0.00   32.25 KiB      3.66
   17  FFN_W2    0  x[1x5504]+w[4096x5504]->y[1x4096]                   0.043ms    45.089 M      1.04   43.02 MiB   1043.86
   18  FFN_W2    1  x[1x5504]+w[4096x5504]->y[1x4096]                   0.043ms    45.089 M      1.06   43.02 MiB   1056.37
   19  Add      -1  a[1x4096]+b[1x4096]->y[1x4096]                      0.006ms     4.096 K      0.00   24.00 KiB      4.07
[gpu-debug] segment avg latency (cuda_events): 0.455 ms
[gpu-debug] sum(per-op)               : 0.666 ms (ratio=1.464)
[gpu-debug] NOTE: sum(per-op) may differ from segment latency due to Python overhead, event/launch overhead, and allocator/cache effects.
[gpu-debug] cuda mem before warmup: alloc=400.16 MiB reserved=414.00 MiB
[gpu-debug] cuda mem after warmup : alloc=400.16 MiB reserved=414.00 MiB
[gpu-debug] cuda mem peak (this segment): max_alloc=400.18 MiB max_reserved=414.00 MiB
========================================================================================
[gpu-debug] segment_key=npu|decode|3|f47f2b13c8c0ddb8e4ddc9de5ce41aad
[gpu-debug] sig: device_type=npu phase=decode step=3 (count_hint=32)
[gpu-debug] ops_repr: LN:-1,Q:0,K:0,V:0,Q:1,K:1,V:1,O:0,O:1,Add:-1,LN:-1,FFN_W1:0,FFN_W3:0,FFN_W1:1,FFN_W3:1,SwiGLU:0,SwiGLU:1,FFN_W2:0,FFN_W2:1,Add:-1
[gpu-debug] cfg: device=cuda dtype=torch.bfloat16 dim=4096 ffn_dim=11008 n_heads=32 shards=2
[gpu-debug] op plan (with inferred tensor shapes):
  - op#00  op=LN       shard=-1  x=[1x4096] + w=[4096]  ->  y=[1x4096]  (T=1, K=152)
  - op#01  op=Q        shard=0   x=[1x4096] + w=[2048x4096]  ->  y=[1x2048]  (T=1, K=152)
  - op#02  op=K        shard=0   x=[1x4096] + w=[2048x4096]  ->  y=[1x2048]  (T=1, K=152)
  - op#03  op=V        shard=0   x=[1x4096] + w=[2048x4096]  ->  y=[1x2048]  (T=1, K=152)
  - op#04  op=Q        shard=1   x=[1x4096] + w=[2048x4096]  ->  y=[1x2048]  (T=1, K=152)
  - op#05  op=K        shard=1   x=[1x4096] + w=[2048x4096]  ->  y=[1x2048]  (T=1, K=152)
  - op#06  op=V        shard=1   x=[1x4096] + w=[2048x4096]  ->  y=[1x2048]  (T=1, K=152)
  - op#07  op=O        shard=0   x=[1x2048] + w=[4096x2048]  ->  y=[1x4096]  (T=1, K=152)
  - op#08  op=O        shard=1   x=[1x2048] + w=[4096x2048]  ->  y=[1x4096]  (T=1, K=152)
  - op#09  op=Add      shard=-1  a=[1x4096] + b=[1x4096]  ->  y=[1x4096]  (T=1, K=152)
  - op#10  op=LN       shard=-1  x=[1x4096] + w=[4096]  ->  y=[1x4096]  (T=1, K=152)
  - op#11  op=FFN_W1   shard=0   x=[1x4096] + w=[5504x4096]  ->  y=[1x5504]  (T=1, K=152)
  - op#12  op=FFN_W3   shard=0   x=[1x4096] + w=[5504x4096]  ->  y=[1x5504]  (T=1, K=152)
  - op#13  op=FFN_W1   shard=1   x=[1x4096] + w=[5504x4096]  ->  y=[1x5504]  (T=1, K=152)
  - op#14  op=FFN_W3   shard=1   x=[1x4096] + w=[5504x4096]  ->  y=[1x5504]  (T=1, K=152)
  - op#15  op=SwiGLU   shard=0   a=[1x5504] + b=[1x5504]  ->  y=[1x5504]  (T=1, K=152)
  - op#16  op=SwiGLU   shard=1   a=[1x5504] + b=[1x5504]  ->  y=[1x5504]  (T=1, K=152)
  - op#17  op=FFN_W2   shard=0   x=[1x5504] + w=[4096x5504]  ->  y=[1x4096]  (T=1, K=152)
  - op#18  op=FFN_W2   shard=1   x=[1x5504] + w=[4096x5504]  ->  y=[1x4096]  (T=1, K=152)
  - op#19  op=Add      shard=-1  a=[1x4096] + b=[1x4096]  ->  y=[1x4096]  (T=1, K=152)
[gpu-debug] per-op timing breakdown (avg over iters):
  idx  op       sh  io                                                    time   est_flops    TFLOPs       bytes      GB/s
  ------------------------------------------------------------------------------------------------------------------------
    0  LN       -1  x[1x4096]+w[4096]->y[1x4096]                        0.068ms    20.480 K      0.00   24.00 KiB      0.36
    1  Q         0  x[1x4096]+w[2048x4096]->y[1x2048]                   0.040ms    16.777 M      0.42   16.01 MiB    422.58
    2  K         0  x[1x4096]+w[2048x4096]->y[1x2048]                   0.030ms    16.777 M      0.57   16.01 MiB    567.34
    3  V         0  x[1x4096]+w[2048x4096]->y[1x2048]                   0.027ms    16.777 M      0.62   16.01 MiB    616.39
    4  Q         1  x[1x4096]+w[2048x4096]->y[1x2048]                   0.027ms    16.777 M      0.63   16.01 MiB    628.20
    5  K         1  x[1x4096]+w[2048x4096]->y[1x2048]                   0.027ms    16.777 M      0.62   16.01 MiB    623.42
    6  V         1  x[1x4096]+w[2048x4096]->y[1x2048]                   0.026ms    16.777 M      0.64   16.01 MiB    635.50
    7  O         0  x[1x2048]+w[4096x2048]->y[1x4096]                   0.025ms    16.777 M      0.66   16.01 MiB    663.81
    8  O         1  x[1x2048]+w[4096x2048]->y[1x4096]                   0.027ms    16.777 M      0.63   16.01 MiB    625.80
    9  Add      -1  a[1x4096]+b[1x4096]->y[1x4096]                      0.015ms     4.096 K      0.00   24.00 KiB      1.63
   10  LN       -1  x[1x4096]+w[4096]->y[1x4096]                        0.065ms    20.480 K      0.00   24.00 KiB      0.38
   11  FFN_W1    0  x[1x4096]+w[5504x4096]->y[1x5504]                   0.055ms    45.089 M      0.82   43.02 MiB    817.27
   12  FFN_W3    0  x[1x4096]+w[5504x4096]->y[1x5504]                   0.041ms    45.089 M      1.09   43.02 MiB   1087.67
   13  FFN_W1    1  x[1x4096]+w[5504x4096]->y[1x5504]                   0.041ms    45.089 M      1.10   43.02 MiB   1104.03
   14  FFN_W3    1  x[1x4096]+w[5504x4096]->y[1x5504]                   0.040ms    45.089 M      1.13   43.02 MiB   1129.51
   15  SwiGLU    0  a[1x5504]+b[1x5504]->y[1x5504]                      0.010ms    33.024 K      0.00   32.25 KiB      3.47
   16  SwiGLU    1  a[1x5504]+b[1x5504]->y[1x5504]                      0.009ms    33.024 K      0.00   32.25 KiB      3.66
   17  FFN_W2    0  x[1x5504]+w[4096x5504]->y[1x4096]                   0.042ms    45.089 M      1.06   43.02 MiB   1061.46
   18  FFN_W2    1  x[1x5504]+w[4096x5504]->y[1x4096]                   0.043ms    45.089 M      1.06   43.02 MiB   1056.37
   19  Add      -1  a[1x4096]+b[1x4096]->y[1x4096]                      0.006ms     4.096 K      0.00   24.00 KiB      4.07
[gpu-debug] segment avg latency (cuda_events): 0.456 ms
[gpu-debug] sum(per-op)               : 0.664 ms (ratio=1.455)
[gpu-debug] NOTE: sum(per-op) may differ from segment latency due to Python overhead, event/launch overhead, and allocator/cache effects.
[gpu-debug] cuda mem before warmup: alloc=400.16 MiB reserved=414.00 MiB
[gpu-debug] cuda mem after warmup : alloc=400.16 MiB reserved=414.00 MiB
[gpu-debug] cuda mem peak (this segment): max_alloc=400.18 MiB max_reserved=414.00 MiB
========================================================================================
[gpu-debug] segment_key=npu|decode|4|f47f2b13c8c0ddb8e4ddc9de5ce41aad
[gpu-debug] sig: device_type=npu phase=decode step=4 (count_hint=32)
[gpu-debug] ops_repr: LN:-1,Q:0,K:0,V:0,Q:1,K:1,V:1,O:0,O:1,Add:-1,LN:-1,FFN_W1:0,FFN_W3:0,FFN_W1:1,FFN_W3:1,SwiGLU:0,SwiGLU:1,FFN_W2:0,FFN_W2:1,Add:-1
[gpu-debug] cfg: device=cuda dtype=torch.bfloat16 dim=4096 ffn_dim=11008 n_heads=32 shards=2
[gpu-debug] op plan (with inferred tensor shapes):
  - op#00  op=LN       shard=-1  x=[1x4096] + w=[4096]  ->  y=[1x4096]  (T=1, K=164)
  - op#01  op=Q        shard=0   x=[1x4096] + w=[2048x4096]  ->  y=[1x2048]  (T=1, K=164)
  - op#02  op=K        shard=0   x=[1x4096] + w=[2048x4096]  ->  y=[1x2048]  (T=1, K=164)
  - op#03  op=V        shard=0   x=[1x4096] + w=[2048x4096]  ->  y=[1x2048]  (T=1, K=164)
  - op#04  op=Q        shard=1   x=[1x4096] + w=[2048x4096]  ->  y=[1x2048]  (T=1, K=164)
  - op#05  op=K        shard=1   x=[1x4096] + w=[2048x4096]  ->  y=[1x2048]  (T=1, K=164)
  - op#06  op=V        shard=1   x=[1x4096] + w=[2048x4096]  ->  y=[1x2048]  (T=1, K=164)
  - op#07  op=O        shard=0   x=[1x2048] + w=[4096x2048]  ->  y=[1x4096]  (T=1, K=164)
  - op#08  op=O        shard=1   x=[1x2048] + w=[4096x2048]  ->  y=[1x4096]  (T=1, K=164)
  - op#09  op=Add      shard=-1  a=[1x4096] + b=[1x4096]  ->  y=[1x4096]  (T=1, K=164)
  - op#10  op=LN       shard=-1  x=[1x4096] + w=[4096]  ->  y=[1x4096]  (T=1, K=164)
  - op#11  op=FFN_W1   shard=0   x=[1x4096] + w=[5504x4096]  ->  y=[1x5504]  (T=1, K=164)
  - op#12  op=FFN_W3   shard=0   x=[1x4096] + w=[5504x4096]  ->  y=[1x5504]  (T=1, K=164)
  - op#13  op=FFN_W1   shard=1   x=[1x4096] + w=[5504x4096]  ->  y=[1x5504]  (T=1, K=164)
  - op#14  op=FFN_W3   shard=1   x=[1x4096] + w=[5504x4096]  ->  y=[1x5504]  (T=1, K=164)
  - op#15  op=SwiGLU   shard=0   a=[1x5504] + b=[1x5504]  ->  y=[1x5504]  (T=1, K=164)
  - op#16  op=SwiGLU   shard=1   a=[1x5504] + b=[1x5504]  ->  y=[1x5504]  (T=1, K=164)
  - op#17  op=FFN_W2   shard=0   x=[1x5504] + w=[4096x5504]  ->  y=[1x4096]  (T=1, K=164)
  - op#18  op=FFN_W2   shard=1   x=[1x5504] + w=[4096x5504]  ->  y=[1x4096]  (T=1, K=164)
  - op#19  op=Add      shard=-1  a=[1x4096] + b=[1x4096]  ->  y=[1x4096]  (T=1, K=164)
[gpu-debug] per-op timing breakdown (avg over iters):
  idx  op       sh  io                                                    time   est_flops    TFLOPs       bytes      GB/s
  ------------------------------------------------------------------------------------------------------------------------
    0  LN       -1  x[1x4096]+w[4096]->y[1x4096]                        0.068ms    20.480 K      0.00   24.00 KiB      0.36
    1  Q         0  x[1x4096]+w[2048x4096]->y[1x2048]                   0.039ms    16.777 M      0.43   16.01 MiB    433.76
    2  K         0  x[1x4096]+w[2048x4096]->y[1x2048]                   0.030ms    16.777 M      0.56   16.01 MiB    559.59
    3  V         0  x[1x4096]+w[2048x4096]->y[1x2048]                   0.027ms    16.777 M      0.62   16.01 MiB    621.06
    4  Q         1  x[1x4096]+w[2048x4096]->y[1x2048]                   0.027ms    16.777 M      0.62   16.01 MiB    618.72
    5  K         1  x[1x4096]+w[2048x4096]->y[1x2048]                   0.027ms    16.777 M      0.63   16.01 MiB    633.05
    6  V         1  x[1x4096]+w[2048x4096]->y[1x2048]                   0.026ms    16.777 M      0.64   16.01 MiB    635.50
    7  O         0  x[1x2048]+w[4096x2048]->y[1x4096]                   0.025ms    16.777 M      0.68   16.01 MiB    677.52
    8  O         1  x[1x2048]+w[4096x2048]->y[1x4096]                   0.027ms    16.777 M      0.62   16.01 MiB    623.42
    9  Add      -1  a[1x4096]+b[1x4096]->y[1x4096]                      0.015ms     4.096 K      0.00   24.00 KiB      1.69
   10  LN       -1  x[1x4096]+w[4096]->y[1x4096]                        0.065ms    20.480 K      0.00   24.00 KiB      0.38
   11  FFN_W1    0  x[1x4096]+w[5504x4096]->y[1x5504]                   0.056ms    45.089 M      0.81   43.02 MiB    811.25
   12  FFN_W3    0  x[1x4096]+w[5504x4096]->y[1x5504]                   0.041ms    45.089 M      1.10   43.02 MiB   1098.52
   13  FFN_W1    1  x[1x4096]+w[5504x4096]->y[1x5504]                   0.041ms    45.089 M      1.11   43.02 MiB   1109.59
   14  FFN_W3    1  x[1x4096]+w[5504x4096]->y[1x5504]                   0.040ms    45.089 M      1.13   43.02 MiB   1132.41
   15  SwiGLU    0  a[1x5504]+b[1x5504]->y[1x5504]                      0.010ms    33.024 K      0.00   32.25 KiB      3.29
   16  SwiGLU    1  a[1x5504]+b[1x5504]->y[1x5504]                      0.009ms    33.024 K      0.00   32.25 KiB      3.75
   17  FFN_W2    0  x[1x5504]+w[4096x5504]->y[1x4096]                   0.042ms    45.089 M      1.07   43.02 MiB   1074.41
   18  FFN_W2    1  x[1x5504]+w[4096x5504]->y[1x4096]                   0.043ms    45.089 M      1.06   43.02 MiB   1056.37
   19  Add      -1  a[1x4096]+b[1x4096]->y[1x4096]                      0.006ms     4.096 K      0.00   24.00 KiB      4.21
[gpu-debug] segment avg latency (cuda_events): 0.455 ms
[gpu-debug] sum(per-op)               : 0.661 ms (ratio=1.452)
[gpu-debug] NOTE: sum(per-op) may differ from segment latency due to Python overhead, event/launch overhead, and allocator/cache effects.
[gpu-debug] cuda mem before warmup: alloc=400.16 MiB reserved=414.00 MiB
[gpu-debug] cuda mem after warmup : alloc=400.16 MiB reserved=414.00 MiB
[gpu-debug] cuda mem peak (this segment): max_alloc=400.18 MiB max_reserved=414.00 MiB
========================================================================================
[gpu-debug] segment_key=npu|decode|5|f47f2b13c8c0ddb8e4ddc9de5ce41aad
[gpu-debug] sig: device_type=npu phase=decode step=5 (count_hint=32)
[gpu-debug] ops_repr: LN:-1,Q:0,K:0,V:0,Q:1,K:1,V:1,O:0,O:1,Add:-1,LN:-1,FFN_W1:0,FFN_W3:0,FFN_W1:1,FFN_W3:1,SwiGLU:0,SwiGLU:1,FFN_W2:0,FFN_W2:1,Add:-1
[gpu-debug] cfg: device=cuda dtype=torch.bfloat16 dim=4096 ffn_dim=11008 n_heads=32 shards=2
[gpu-debug] op plan (with inferred tensor shapes):
  - op#00  op=LN       shard=-1  x=[1x4096] + w=[4096]  ->  y=[1x4096]  (T=1, K=176)
  - op#01  op=Q        shard=0   x=[1x4096] + w=[2048x4096]  ->  y=[1x2048]  (T=1, K=176)
  - op#02  op=K        shard=0   x=[1x4096] + w=[2048x4096]  ->  y=[1x2048]  (T=1, K=176)
  - op#03  op=V        shard=0   x=[1x4096] + w=[2048x4096]  ->  y=[1x2048]  (T=1, K=176)
  - op#04  op=Q        shard=1   x=[1x4096] + w=[2048x4096]  ->  y=[1x2048]  (T=1, K=176)
  - op#05  op=K        shard=1   x=[1x4096] + w=[2048x4096]  ->  y=[1x2048]  (T=1, K=176)
  - op#06  op=V        shard=1   x=[1x4096] + w=[2048x4096]  ->  y=[1x2048]  (T=1, K=176)
  - op#07  op=O        shard=0   x=[1x2048] + w=[4096x2048]  ->  y=[1x4096]  (T=1, K=176)
  - op#08  op=O        shard=1   x=[1x2048] + w=[4096x2048]  ->  y=[1x4096]  (T=1, K=176)
  - op#09  op=Add      shard=-1  a=[1x4096] + b=[1x4096]  ->  y=[1x4096]  (T=1, K=176)
  - op#10  op=LN       shard=-1  x=[1x4096] + w=[4096]  ->  y=[1x4096]  (T=1, K=176)
  - op#11  op=FFN_W1   shard=0   x=[1x4096] + w=[5504x4096]  ->  y=[1x5504]  (T=1, K=176)
  - op#12  op=FFN_W3   shard=0   x=[1x4096] + w=[5504x4096]  ->  y=[1x5504]  (T=1, K=176)
  - op#13  op=FFN_W1   shard=1   x=[1x4096] + w=[5504x4096]  ->  y=[1x5504]  (T=1, K=176)
  - op#14  op=FFN_W3   shard=1   x=[1x4096] + w=[5504x4096]  ->  y=[1x5504]  (T=1, K=176)
  - op#15  op=SwiGLU   shard=0   a=[1x5504] + b=[1x5504]  ->  y=[1x5504]  (T=1, K=176)
  - op#16  op=SwiGLU   shard=1   a=[1x5504] + b=[1x5504]  ->  y=[1x5504]  (T=1, K=176)
  - op#17  op=FFN_W2   shard=0   x=[1x5504] + w=[4096x5504]  ->  y=[1x4096]  (T=1, K=176)
  - op#18  op=FFN_W2   shard=1   x=[1x5504] + w=[4096x5504]  ->  y=[1x4096]  (T=1, K=176)
  - op#19  op=Add      shard=-1  a=[1x4096] + b=[1x4096]  ->  y=[1x4096]  (T=1, K=176)
[gpu-debug] per-op timing breakdown (avg over iters):
  idx  op       sh  io                                                    time   est_flops    TFLOPs       bytes      GB/s
  ------------------------------------------------------------------------------------------------------------------------
    0  LN       -1  x[1x4096]+w[4096]->y[1x4096]                        0.068ms    20.480 K      0.00   24.00 KiB      0.36
    1  Q         0  x[1x4096]+w[2048x4096]->y[1x2048]                   0.039ms    16.777 M      0.43   16.01 MiB    429.21
    2  K         0  x[1x4096]+w[2048x4096]->y[1x2048]                   0.030ms    16.777 M      0.56   16.01 MiB    565.38
    3  V         0  x[1x4096]+w[2048x4096]->y[1x2048]                   0.027ms    16.777 M      0.63   16.01 MiB    625.80
    4  Q         1  x[1x4096]+w[2048x4096]->y[1x2048]                   0.027ms    16.777 M      0.62   16.01 MiB    621.06
    5  K         1  x[1x4096]+w[2048x4096]->y[1x2048]                   0.027ms    16.777 M      0.63   16.01 MiB    633.05
    6  V         1  x[1x4096]+w[2048x4096]->y[1x2048]                   0.027ms    16.777 M      0.63   16.01 MiB    628.20
    7  O         0  x[1x2048]+w[4096x2048]->y[1x4096]                   0.026ms    16.777 M      0.66   16.01 MiB    655.84
    8  O         1  x[1x2048]+w[4096x2048]->y[1x4096]                   0.027ms    16.777 M      0.62   16.01 MiB    616.39
    9  Add      -1  a[1x4096]+b[1x4096]->y[1x4096]                      0.015ms     4.096 K      0.00   24.00 KiB      1.63
   10  LN       -1  x[1x4096]+w[4096]->y[1x4096]                        0.064ms    20.480 K      0.00   24.00 KiB      0.38
   11  FFN_W1    0  x[1x4096]+w[5504x4096]->y[1x5504]                   0.056ms    45.089 M      0.81   43.02 MiB    806.79
   12  FFN_W3    0  x[1x4096]+w[5504x4096]->y[1x5504]                   0.041ms    45.089 M      1.10   43.02 MiB   1098.52
   13  FFN_W1    1  x[1x4096]+w[5504x4096]->y[1x5504]                   0.041ms    45.089 M      1.11   43.02 MiB   1106.80
   14  FFN_W3    1  x[1x4096]+w[5504x4096]->y[1x5504]                   0.040ms    45.089 M      1.12   43.02 MiB   1120.88
   15  SwiGLU    0  a[1x5504]+b[1x5504]->y[1x5504]                      0.010ms    33.024 K      0.00   32.25 KiB      3.36
   16  SwiGLU    1  a[1x5504]+b[1x5504]->y[1x5504]                      0.009ms    33.024 K      0.00   32.25 KiB      3.66
   17  FFN_W2    0  x[1x5504]+w[4096x5504]->y[1x4096]                   0.042ms    45.089 M      1.07   43.02 MiB   1071.79
   18  FFN_W2    1  x[1x5504]+w[4096x5504]->y[1x4096]                   0.043ms    45.089 M      1.05   43.02 MiB   1053.85
   19  Add      -1  a[1x4096]+b[1x4096]->y[1x4096]                      0.006ms     4.096 K      0.00   24.00 KiB      4.21
[gpu-debug] segment avg latency (cuda_events): 0.455 ms
[gpu-debug] sum(per-op)               : 0.663 ms (ratio=1.456)
[gpu-debug] NOTE: sum(per-op) may differ from segment latency due to Python overhead, event/launch overhead, and allocator/cache effects.
[gpu-debug] cuda mem before warmup: alloc=400.16 MiB reserved=414.00 MiB
[gpu-debug] cuda mem after warmup : alloc=400.16 MiB reserved=414.00 MiB
[gpu-debug] cuda mem peak (this segment): max_alloc=400.18 MiB max_reserved=414.00 MiB
========================================================================================
[gpu-debug] segment_key=npu|decode|6|f47f2b13c8c0ddb8e4ddc9de5ce41aad
[gpu-debug] sig: device_type=npu phase=decode step=6 (count_hint=32)
[gpu-debug] ops_repr: LN:-1,Q:0,K:0,V:0,Q:1,K:1,V:1,O:0,O:1,Add:-1,LN:-1,FFN_W1:0,FFN_W3:0,FFN_W1:1,FFN_W3:1,SwiGLU:0,SwiGLU:1,FFN_W2:0,FFN_W2:1,Add:-1
[gpu-debug] cfg: device=cuda dtype=torch.bfloat16 dim=4096 ffn_dim=11008 n_heads=32 shards=2
[gpu-debug] op plan (with inferred tensor shapes):
  - op#00  op=LN       shard=-1  x=[1x4096] + w=[4096]  ->  y=[1x4096]  (T=1, K=188)
  - op#01  op=Q        shard=0   x=[1x4096] + w=[2048x4096]  ->  y=[1x2048]  (T=1, K=188)
  - op#02  op=K        shard=0   x=[1x4096] + w=[2048x4096]  ->  y=[1x2048]  (T=1, K=188)
  - op#03  op=V        shard=0   x=[1x4096] + w=[2048x4096]  ->  y=[1x2048]  (T=1, K=188)
  - op#04  op=Q        shard=1   x=[1x4096] + w=[2048x4096]  ->  y=[1x2048]  (T=1, K=188)
  - op#05  op=K        shard=1   x=[1x4096] + w=[2048x4096]  ->  y=[1x2048]  (T=1, K=188)
  - op#06  op=V        shard=1   x=[1x4096] + w=[2048x4096]  ->  y=[1x2048]  (T=1, K=188)
  - op#07  op=O        shard=0   x=[1x2048] + w=[4096x2048]  ->  y=[1x4096]  (T=1, K=188)
  - op#08  op=O        shard=1   x=[1x2048] + w=[4096x2048]  ->  y=[1x4096]  (T=1, K=188)
  - op#09  op=Add      shard=-1  a=[1x4096] + b=[1x4096]  ->  y=[1x4096]  (T=1, K=188)
  - op#10  op=LN       shard=-1  x=[1x4096] + w=[4096]  ->  y=[1x4096]  (T=1, K=188)
  - op#11  op=FFN_W1   shard=0   x=[1x4096] + w=[5504x4096]  ->  y=[1x5504]  (T=1, K=188)
  - op#12  op=FFN_W3   shard=0   x=[1x4096] + w=[5504x4096]  ->  y=[1x5504]  (T=1, K=188)
  - op#13  op=FFN_W1   shard=1   x=[1x4096] + w=[5504x4096]  ->  y=[1x5504]  (T=1, K=188)
  - op#14  op=FFN_W3   shard=1   x=[1x4096] + w=[5504x4096]  ->  y=[1x5504]  (T=1, K=188)
  - op#15  op=SwiGLU   shard=0   a=[1x5504] + b=[1x5504]  ->  y=[1x5504]  (T=1, K=188)
  - op#16  op=SwiGLU   shard=1   a=[1x5504] + b=[1x5504]  ->  y=[1x5504]  (T=1, K=188)
  - op#17  op=FFN_W2   shard=0   x=[1x5504] + w=[4096x5504]  ->  y=[1x4096]  (T=1, K=188)
  - op#18  op=FFN_W2   shard=1   x=[1x5504] + w=[4096x5504]  ->  y=[1x4096]  (T=1, K=188)
  - op#19  op=Add      shard=-1  a=[1x4096] + b=[1x4096]  ->  y=[1x4096]  (T=1, K=188)
[gpu-debug] per-op timing breakdown (avg over iters):
  idx  op       sh  io                                                    time   est_flops    TFLOPs       bytes      GB/s
  ------------------------------------------------------------------------------------------------------------------------
    0  LN       -1  x[1x4096]+w[4096]->y[1x4096]                        0.068ms    20.480 K      0.00   24.00 KiB      0.36
    1  Q         0  x[1x4096]+w[2048x4096]->y[1x2048]                   0.039ms    16.777 M      0.43   16.01 MiB    426.98
    2  K         0  x[1x4096]+w[2048x4096]->y[1x2048]                   0.030ms    16.777 M      0.57   16.01 MiB    567.34
    3  V         0  x[1x4096]+w[2048x4096]->y[1x2048]                   0.027ms    16.777 M      0.62   16.01 MiB    621.06
    4  Q         1  x[1x4096]+w[2048x4096]->y[1x2048]                   0.027ms    16.777 M      0.63   16.01 MiB    630.62
    5  K         1  x[1x4096]+w[2048x4096]->y[1x2048]                   0.027ms    16.777 M      0.63   16.01 MiB    625.80
    6  V         1  x[1x4096]+w[2048x4096]->y[1x2048]                   0.026ms    16.777 M      0.64   16.01 MiB    637.98
    7  O         0  x[1x2048]+w[4096x2048]->y[1x4096]                   0.025ms    16.777 M      0.67   16.01 MiB    669.22
    8  O         1  x[1x2048]+w[4096x2048]->y[1x4096]                   0.027ms    16.777 M      0.62   16.01 MiB    616.39
    9  Add      -1  a[1x4096]+b[1x4096]->y[1x4096]                      0.015ms     4.096 K      0.00   24.00 KiB      1.64
   10  LN       -1  x[1x4096]+w[4096]->y[1x4096]                        0.065ms    20.480 K      0.00   24.00 KiB      0.38
   11  FFN_W1    0  x[1x4096]+w[5504x4096]->y[1x5504]                   0.056ms    45.089 M      0.81   43.02 MiB    809.76
   12  FFN_W3    0  x[1x4096]+w[5504x4096]->y[1x5504]                   0.041ms    45.089 M      1.09   43.02 MiB   1093.07
   13  FFN_W1    1  x[1x4096]+w[5504x4096]->y[1x5504]                   0.041ms    45.089 M      1.11   43.02 MiB   1109.59
   14  FFN_W3    1  x[1x4096]+w[5504x4096]->y[1x5504]                   0.040ms    45.089 M      1.13   43.02 MiB   1132.41
   15  SwiGLU    0  a[1x5504]+b[1x5504]->y[1x5504]                      0.010ms    33.024 K      0.00   32.25 KiB      3.29
   16  SwiGLU    1  a[1x5504]+b[1x5504]->y[1x5504]                      0.009ms    33.024 K      0.00   32.25 KiB      3.84
   17  FFN_W2    0  x[1x5504]+w[4096x5504]->y[1x4096]                   0.042ms    45.089 M      1.07   43.02 MiB   1066.60
   18  FFN_W2    1  x[1x5504]+w[4096x5504]->y[1x4096]                   0.043ms    45.089 M      1.06   43.02 MiB   1056.37
   19  Add      -1  a[1x4096]+b[1x4096]->y[1x4096]                      0.006ms     4.096 K      0.00   24.00 KiB      4.29
[gpu-debug] segment avg latency (cuda_events): 0.455 ms
[gpu-debug] sum(per-op)               : 0.662 ms (ratio=1.455)
[gpu-debug] NOTE: sum(per-op) may differ from segment latency due to Python overhead, event/launch overhead, and allocator/cache effects.
[gpu-debug] cuda mem before warmup: alloc=400.16 MiB reserved=414.00 MiB
[gpu-debug] cuda mem after warmup : alloc=400.16 MiB reserved=414.00 MiB
[gpu-debug] cuda mem peak (this segment): max_alloc=400.18 MiB max_reserved=414.00 MiB
  progress 20/24
========================================================================================
[gpu-debug] segment_key=npu|decode|7|f47f2b13c8c0ddb8e4ddc9de5ce41aad
[gpu-debug] sig: device_type=npu phase=decode step=7 (count_hint=32)
[gpu-debug] ops_repr: LN:-1,Q:0,K:0,V:0,Q:1,K:1,V:1,O:0,O:1,Add:-1,LN:-1,FFN_W1:0,FFN_W3:0,FFN_W1:1,FFN_W3:1,SwiGLU:0,SwiGLU:1,FFN_W2:0,FFN_W2:1,Add:-1
[gpu-debug] cfg: device=cuda dtype=torch.bfloat16 dim=4096 ffn_dim=11008 n_heads=32 shards=2
[gpu-debug] op plan (with inferred tensor shapes):
  - op#00  op=LN       shard=-1  x=[1x4096] + w=[4096]  ->  y=[1x4096]  (T=1, K=200)
  - op#01  op=Q        shard=0   x=[1x4096] + w=[2048x4096]  ->  y=[1x2048]  (T=1, K=200)
  - op#02  op=K        shard=0   x=[1x4096] + w=[2048x4096]  ->  y=[1x2048]  (T=1, K=200)
  - op#03  op=V        shard=0   x=[1x4096] + w=[2048x4096]  ->  y=[1x2048]  (T=1, K=200)
  - op#04  op=Q        shard=1   x=[1x4096] + w=[2048x4096]  ->  y=[1x2048]  (T=1, K=200)
  - op#05  op=K        shard=1   x=[1x4096] + w=[2048x4096]  ->  y=[1x2048]  (T=1, K=200)
  - op#06  op=V        shard=1   x=[1x4096] + w=[2048x4096]  ->  y=[1x2048]  (T=1, K=200)
  - op#07  op=O        shard=0   x=[1x2048] + w=[4096x2048]  ->  y=[1x4096]  (T=1, K=200)
  - op#08  op=O        shard=1   x=[1x2048] + w=[4096x2048]  ->  y=[1x4096]  (T=1, K=200)
  - op#09  op=Add      shard=-1  a=[1x4096] + b=[1x4096]  ->  y=[1x4096]  (T=1, K=200)
  - op#10  op=LN       shard=-1  x=[1x4096] + w=[4096]  ->  y=[1x4096]  (T=1, K=200)
  - op#11  op=FFN_W1   shard=0   x=[1x4096] + w=[5504x4096]  ->  y=[1x5504]  (T=1, K=200)
  - op#12  op=FFN_W3   shard=0   x=[1x4096] + w=[5504x4096]  ->  y=[1x5504]  (T=1, K=200)
  - op#13  op=FFN_W1   shard=1   x=[1x4096] + w=[5504x4096]  ->  y=[1x5504]  (T=1, K=200)
  - op#14  op=FFN_W3   shard=1   x=[1x4096] + w=[5504x4096]  ->  y=[1x5504]  (T=1, K=200)
  - op#15  op=SwiGLU   shard=0   a=[1x5504] + b=[1x5504]  ->  y=[1x5504]  (T=1, K=200)
  - op#16  op=SwiGLU   shard=1   a=[1x5504] + b=[1x5504]  ->  y=[1x5504]  (T=1, K=200)
  - op#17  op=FFN_W2   shard=0   x=[1x5504] + w=[4096x5504]  ->  y=[1x4096]  (T=1, K=200)
  - op#18  op=FFN_W2   shard=1   x=[1x5504] + w=[4096x5504]  ->  y=[1x4096]  (T=1, K=200)
  - op#19  op=Add      shard=-1  a=[1x4096] + b=[1x4096]  ->  y=[1x4096]  (T=1, K=200)
[gpu-debug] per-op timing breakdown (avg over iters):
  idx  op       sh  io                                                    time   est_flops    TFLOPs       bytes      GB/s
  ------------------------------------------------------------------------------------------------------------------------
    0  LN       -1  x[1x4096]+w[4096]->y[1x4096]                        0.068ms    20.480 K      0.00   24.00 KiB      0.36
    1  Q         0  x[1x4096]+w[2048x4096]->y[1x2048]                   0.039ms    16.777 M      0.43   16.01 MiB    426.98
    2  K         0  x[1x4096]+w[2048x4096]->y[1x2048]                   0.030ms    16.777 M      0.56   16.01 MiB    555.80
    3  V         0  x[1x4096]+w[2048x4096]->y[1x2048]                   0.027ms    16.777 M      0.62   16.01 MiB    621.06
    4  Q         1  x[1x4096]+w[2048x4096]->y[1x2048]                   0.027ms    16.777 M      0.63   16.01 MiB    625.80
    5  K         1  x[1x4096]+w[2048x4096]->y[1x2048]                   0.027ms    16.777 M      0.63   16.01 MiB    630.62
    6  V         1  x[1x4096]+w[2048x4096]->y[1x2048]                   0.026ms    16.777 M      0.64   16.01 MiB    637.98
    7  O         0  x[1x2048]+w[4096x2048]->y[1x4096]                   0.024ms    16.777 M      0.69   16.01 MiB    691.81
    8  O         1  x[1x2048]+w[4096x2048]->y[1x4096]                   0.028ms    16.777 M      0.61   16.01 MiB    607.26
    9  Add      -1  a[1x4096]+b[1x4096]->y[1x4096]                      0.014ms     4.096 K      0.00   24.00 KiB      1.71
   10  LN       -1  x[1x4096]+w[4096]->y[1x4096]                        0.064ms    20.480 K      0.00   24.00 KiB      0.38
   11  FFN_W1    0  x[1x4096]+w[5504x4096]->y[1x5504]                   0.056ms    45.089 M      0.81   43.02 MiB    806.79
   12  FFN_W3    0  x[1x4096]+w[5504x4096]->y[1x5504]                   0.041ms    45.089 M      1.10   43.02 MiB   1095.79
   13  FFN_W1    1  x[1x4096]+w[5504x4096]->y[1x5504]                   0.041ms    45.089 M      1.11   43.02 MiB   1109.59
   14  FFN_W3    1  x[1x4096]+w[5504x4096]->y[1x5504]                   0.040ms    45.089 M      1.13   43.02 MiB   1126.62
   15  SwiGLU    0  a[1x5504]+b[1x5504]->y[1x5504]                      0.010ms    33.024 K      0.00   32.25 KiB      3.29
   16  SwiGLU    1  a[1x5504]+b[1x5504]->y[1x5504]                      0.009ms    33.024 K      0.00   32.25 KiB      3.75
   17  FFN_W2    0  x[1x5504]+w[4096x5504]->y[1x4096]                   0.043ms    45.089 M      1.04   43.02 MiB   1038.93
   18  FFN_W2    1  x[1x5504]+w[4096x5504]->y[1x4096]                   0.043ms    45.089 M      1.05   43.02 MiB   1053.85
   19  Add      -1  a[1x4096]+b[1x4096]->y[1x4096]                      0.006ms     4.096 K      0.00   24.00 KiB      4.21
[gpu-debug] segment avg latency (cuda_events): 0.455 ms
[gpu-debug] sum(per-op)               : 0.663 ms (ratio=1.456)
[gpu-debug] NOTE: sum(per-op) may differ from segment latency due to Python overhead, event/launch overhead, and allocator/cache effects.
[gpu-debug] cuda mem before warmup: alloc=400.16 MiB reserved=414.00 MiB
[gpu-debug] cuda mem after warmup : alloc=400.16 MiB reserved=414.00 MiB
[gpu-debug] cuda mem peak (this segment): max_alloc=400.18 MiB max_reserved=414.00 MiB
========================================================================================
[gpu-debug] segment_key=npu|decode|8|f47f2b13c8c0ddb8e4ddc9de5ce41aad
[gpu-debug] sig: device_type=npu phase=decode step=8 (count_hint=32)
[gpu-debug] ops_repr: LN:-1,Q:0,K:0,V:0,Q:1,K:1,V:1,O:0,O:1,Add:-1,LN:-1,FFN_W1:0,FFN_W3:0,FFN_W1:1,FFN_W3:1,SwiGLU:0,SwiGLU:1,FFN_W2:0,FFN_W2:1,Add:-1
[gpu-debug] cfg: device=cuda dtype=torch.bfloat16 dim=4096 ffn_dim=11008 n_heads=32 shards=2
[gpu-debug] op plan (with inferred tensor shapes):
  - op#00  op=LN       shard=-1  x=[1x4096] + w=[4096]  ->  y=[1x4096]  (T=1, K=212)
  - op#01  op=Q        shard=0   x=[1x4096] + w=[2048x4096]  ->  y=[1x2048]  (T=1, K=212)
  - op#02  op=K        shard=0   x=[1x4096] + w=[2048x4096]  ->  y=[1x2048]  (T=1, K=212)
  - op#03  op=V        shard=0   x=[1x4096] + w=[2048x4096]  ->  y=[1x2048]  (T=1, K=212)
  - op#04  op=Q        shard=1   x=[1x4096] + w=[2048x4096]  ->  y=[1x2048]  (T=1, K=212)
  - op#05  op=K        shard=1   x=[1x4096] + w=[2048x4096]  ->  y=[1x2048]  (T=1, K=212)
  - op#06  op=V        shard=1   x=[1x4096] + w=[2048x4096]  ->  y=[1x2048]  (T=1, K=212)
  - op#07  op=O        shard=0   x=[1x2048] + w=[4096x2048]  ->  y=[1x4096]  (T=1, K=212)
  - op#08  op=O        shard=1   x=[1x2048] + w=[4096x2048]  ->  y=[1x4096]  (T=1, K=212)
  - op#09  op=Add      shard=-1  a=[1x4096] + b=[1x4096]  ->  y=[1x4096]  (T=1, K=212)
  - op#10  op=LN       shard=-1  x=[1x4096] + w=[4096]  ->  y=[1x4096]  (T=1, K=212)
  - op#11  op=FFN_W1   shard=0   x=[1x4096] + w=[5504x4096]  ->  y=[1x5504]  (T=1, K=212)
  - op#12  op=FFN_W3   shard=0   x=[1x4096] + w=[5504x4096]  ->  y=[1x5504]  (T=1, K=212)
  - op#13  op=FFN_W1   shard=1   x=[1x4096] + w=[5504x4096]  ->  y=[1x5504]  (T=1, K=212)
  - op#14  op=FFN_W3   shard=1   x=[1x4096] + w=[5504x4096]  ->  y=[1x5504]  (T=1, K=212)
  - op#15  op=SwiGLU   shard=0   a=[1x5504] + b=[1x5504]  ->  y=[1x5504]  (T=1, K=212)
  - op#16  op=SwiGLU   shard=1   a=[1x5504] + b=[1x5504]  ->  y=[1x5504]  (T=1, K=212)
  - op#17  op=FFN_W2   shard=0   x=[1x5504] + w=[4096x5504]  ->  y=[1x4096]  (T=1, K=212)
  - op#18  op=FFN_W2   shard=1   x=[1x5504] + w=[4096x5504]  ->  y=[1x4096]  (T=1, K=212)
  - op#19  op=Add      shard=-1  a=[1x4096] + b=[1x4096]  ->  y=[1x4096]  (T=1, K=212)
[gpu-debug] per-op timing breakdown (avg over iters):
  idx  op       sh  io                                                    time   est_flops    TFLOPs       bytes      GB/s
  ------------------------------------------------------------------------------------------------------------------------
    0  LN       -1  x[1x4096]+w[4096]->y[1x4096]                        0.068ms    20.480 K      0.00   24.00 KiB      0.36
    1  Q         0  x[1x4096]+w[2048x4096]->y[1x2048]                   0.040ms    16.777 M      0.42   16.01 MiB    423.67
    2  K         0  x[1x4096]+w[2048x4096]->y[1x2048]                   0.031ms    16.777 M      0.55   16.01 MiB    546.53
    3  V         0  x[1x4096]+w[2048x4096]->y[1x2048]                   0.027ms    16.777 M      0.62   16.01 MiB    621.06
    4  Q         1  x[1x4096]+w[2048x4096]->y[1x2048]                   0.027ms    16.777 M      0.62   16.01 MiB    618.72
    5  K         1  x[1x4096]+w[2048x4096]->y[1x2048]                   0.028ms    16.777 M      0.61   16.01 MiB    609.52
    6  V         1  x[1x4096]+w[2048x4096]->y[1x2048]                   0.027ms    16.777 M      0.63   16.01 MiB    628.20
    7  O         0  x[1x2048]+w[4096x2048]->y[1x4096]                   0.025ms    16.777 M      0.67   16.01 MiB    671.97
    8  O         1  x[1x2048]+w[4096x2048]->y[1x4096]                   0.027ms    16.777 M      0.61   16.01 MiB    614.08
    9  Add      -1  a[1x4096]+b[1x4096]->y[1x4096]                      0.015ms     4.096 K      0.00   24.00 KiB      1.63
   10  LN       -1  x[1x4096]+w[4096]->y[1x4096]                        0.064ms    20.480 K      0.00   24.00 KiB      0.38
   11  FFN_W1    0  x[1x4096]+w[5504x4096]->y[1x5504]                   0.056ms    45.089 M      0.80   43.02 MiB    805.32
   12  FFN_W3    0  x[1x4096]+w[5504x4096]->y[1x5504]                   0.041ms    45.089 M      1.11   43.02 MiB   1106.80
   13  FFN_W1    1  x[1x4096]+w[5504x4096]->y[1x5504]                   0.041ms    45.089 M      1.11   43.02 MiB   1109.59
   14  FFN_W3    1  x[1x4096]+w[5504x4096]->y[1x5504]                   0.040ms    45.089 M      1.13   43.02 MiB   1126.62
   15  SwiGLU    0  a[1x5504]+b[1x5504]->y[1x5504]                      0.010ms    33.024 K      0.00   32.25 KiB      3.47
   16  SwiGLU    1  a[1x5504]+b[1x5504]->y[1x5504]                      0.009ms    33.024 K      0.00   32.25 KiB      3.79
   17  FFN_W2    0  x[1x5504]+w[4096x5504]->y[1x4096]                   0.042ms    45.089 M      1.06   43.02 MiB   1064.03
   18  FFN_W2    1  x[1x5504]+w[4096x5504]->y[1x4096]                   0.043ms    45.089 M      1.06   43.02 MiB   1056.37
   19  Add      -1  a[1x4096]+b[1x4096]->y[1x4096]                      0.006ms     4.096 K      0.00   24.00 KiB      4.14
[gpu-debug] segment avg latency (cuda_events): 0.456 ms
[gpu-debug] sum(per-op)               : 0.665 ms (ratio=1.460)
[gpu-debug] NOTE: sum(per-op) may differ from segment latency due to Python overhead, event/launch overhead, and allocator/cache effects.
[gpu-debug] cuda mem before warmup: alloc=400.16 MiB reserved=414.00 MiB
[gpu-debug] cuda mem after warmup : alloc=400.16 MiB reserved=414.00 MiB
[gpu-debug] cuda mem peak (this segment): max_alloc=400.18 MiB max_reserved=414.00 MiB
========================================================================================
[gpu-debug] segment_key=npu|decode|9|f47f2b13c8c0ddb8e4ddc9de5ce41aad
[gpu-debug] sig: device_type=npu phase=decode step=9 (count_hint=32)
[gpu-debug] ops_repr: LN:-1,Q:0,K:0,V:0,Q:1,K:1,V:1,O:0,O:1,Add:-1,LN:-1,FFN_W1:0,FFN_W3:0,FFN_W1:1,FFN_W3:1,SwiGLU:0,SwiGLU:1,FFN_W2:0,FFN_W2:1,Add:-1
[gpu-debug] cfg: device=cuda dtype=torch.bfloat16 dim=4096 ffn_dim=11008 n_heads=32 shards=2
[gpu-debug] op plan (with inferred tensor shapes):
  - op#00  op=LN       shard=-1  x=[1x4096] + w=[4096]  ->  y=[1x4096]  (T=1, K=224)
  - op#01  op=Q        shard=0   x=[1x4096] + w=[2048x4096]  ->  y=[1x2048]  (T=1, K=224)
  - op#02  op=K        shard=0   x=[1x4096] + w=[2048x4096]  ->  y=[1x2048]  (T=1, K=224)
  - op#03  op=V        shard=0   x=[1x4096] + w=[2048x4096]  ->  y=[1x2048]  (T=1, K=224)
  - op#04  op=Q        shard=1   x=[1x4096] + w=[2048x4096]  ->  y=[1x2048]  (T=1, K=224)
  - op#05  op=K        shard=1   x=[1x4096] + w=[2048x4096]  ->  y=[1x2048]  (T=1, K=224)
  - op#06  op=V        shard=1   x=[1x4096] + w=[2048x4096]  ->  y=[1x2048]  (T=1, K=224)
  - op#07  op=O        shard=0   x=[1x2048] + w=[4096x2048]  ->  y=[1x4096]  (T=1, K=224)
  - op#08  op=O        shard=1   x=[1x2048] + w=[4096x2048]  ->  y=[1x4096]  (T=1, K=224)
  - op#09  op=Add      shard=-1  a=[1x4096] + b=[1x4096]  ->  y=[1x4096]  (T=1, K=224)
  - op#10  op=LN       shard=-1  x=[1x4096] + w=[4096]  ->  y=[1x4096]  (T=1, K=224)
  - op#11  op=FFN_W1   shard=0   x=[1x4096] + w=[5504x4096]  ->  y=[1x5504]  (T=1, K=224)
  - op#12  op=FFN_W3   shard=0   x=[1x4096] + w=[5504x4096]  ->  y=[1x5504]  (T=1, K=224)
  - op#13  op=FFN_W1   shard=1   x=[1x4096] + w=[5504x4096]  ->  y=[1x5504]  (T=1, K=224)
  - op#14  op=FFN_W3   shard=1   x=[1x4096] + w=[5504x4096]  ->  y=[1x5504]  (T=1, K=224)
  - op#15  op=SwiGLU   shard=0   a=[1x5504] + b=[1x5504]  ->  y=[1x5504]  (T=1, K=224)
  - op#16  op=SwiGLU   shard=1   a=[1x5504] + b=[1x5504]  ->  y=[1x5504]  (T=1, K=224)
  - op#17  op=FFN_W2   shard=0   x=[1x5504] + w=[4096x5504]  ->  y=[1x4096]  (T=1, K=224)
  - op#18  op=FFN_W2   shard=1   x=[1x5504] + w=[4096x5504]  ->  y=[1x4096]  (T=1, K=224)
  - op#19  op=Add      shard=-1  a=[1x4096] + b=[1x4096]  ->  y=[1x4096]  (T=1, K=224)
[gpu-debug] per-op timing breakdown (avg over iters):
  idx  op       sh  io                                                    time   est_flops    TFLOPs       bytes      GB/s
  ------------------------------------------------------------------------------------------------------------------------
    0  LN       -1  x[1x4096]+w[4096]->y[1x4096]                        0.069ms    20.480 K      0.00   24.00 KiB      0.36
    1  Q         0  x[1x4096]+w[2048x4096]->y[1x2048]                   0.039ms    16.777 M      0.43   16.01 MiB    430.34
    2  K         0  x[1x4096]+w[2048x4096]->y[1x2048]                   0.030ms    16.777 M      0.57   16.01 MiB    567.34
    3  V         0  x[1x4096]+w[2048x4096]->y[1x2048]                   0.028ms    16.777 M      0.59   16.01 MiB    594.06
    4  Q         1  x[1x4096]+w[2048x4096]->y[1x2048]                   0.027ms    16.777 M      0.63   16.01 MiB    628.20
    5  K         1  x[1x4096]+w[2048x4096]->y[1x2048]                   0.027ms    16.777 M      0.63   16.01 MiB    630.62
    6  V         1  x[1x4096]+w[2048x4096]->y[1x2048]                   0.027ms    16.777 M      0.62   16.01 MiB    623.42
    7  O         0  x[1x2048]+w[4096x2048]->y[1x4096]                   0.025ms    16.777 M      0.67   16.01 MiB    666.50
    8  O         1  x[1x2048]+w[4096x2048]->y[1x4096]                   0.028ms    16.777 M      0.60   16.01 MiB    596.22
    9  Add      -1  a[1x4096]+b[1x4096]->y[1x4096]                      0.015ms     4.096 K      0.00   24.00 KiB      1.61
   10  LN       -1  x[1x4096]+w[4096]->y[1x4096]                        0.065ms    20.480 K      0.00   24.00 KiB      0.38
   11  FFN_W1    0  x[1x4096]+w[5504x4096]->y[1x5504]                   0.055ms    45.089 M      0.82   43.02 MiB    820.31
   12  FFN_W3    0  x[1x4096]+w[5504x4096]->y[1x5504]                   0.041ms    45.089 M      1.10   43.02 MiB   1104.03
   13  FFN_W1    1  x[1x4096]+w[5504x4096]->y[1x5504]                   0.040ms    45.089 M      1.12   43.02 MiB   1118.04
   14  FFN_W3    1  x[1x4096]+w[5504x4096]->y[1x5504]                   0.040ms    45.089 M      1.13   43.02 MiB   1129.51
   15  SwiGLU    0  a[1x5504]+b[1x5504]->y[1x5504]                      0.010ms    33.024 K      0.00   32.25 KiB      3.39
   16  SwiGLU    1  a[1x5504]+b[1x5504]->y[1x5504]                      0.009ms    33.024 K      0.00   32.25 KiB      3.75
   17  FFN_W2    0  x[1x5504]+w[4096x5504]->y[1x4096]                   0.042ms    45.089 M      1.08   43.02 MiB   1082.33
   18  FFN_W2    1  x[1x5504]+w[4096x5504]->y[1x4096]                   0.042ms    45.089 M      1.06   43.02 MiB   1061.46
   19  Add      -1  a[1x4096]+b[1x4096]->y[1x4096]                      0.006ms     4.096 K      0.00   24.00 KiB      4.29
[gpu-debug] segment avg latency (cuda_events): 0.455 ms
[gpu-debug] sum(per-op)               : 0.664 ms (ratio=1.459)
[gpu-debug] NOTE: sum(per-op) may differ from segment latency due to Python overhead, event/launch overhead, and allocator/cache effects.
[gpu-debug] cuda mem before warmup: alloc=400.16 MiB reserved=414.00 MiB
[gpu-debug] cuda mem after warmup : alloc=400.16 MiB reserved=414.00 MiB
[gpu-debug] cuda mem peak (this segment): max_alloc=400.18 MiB max_reserved=414.00 MiB
========================================================================================
[gpu-debug] segment_key=npu|prefill|-1|7f370cc7d97df3530a56c775d62964d4
[gpu-debug] sig: device_type=npu phase=prefill step=-1 (count_hint=32)
[gpu-debug] ops_repr: LN:-1,Q:0,K:0,V:0,Q:1,K:1,V:1,QK:0,QK:1,Softmax:0,Softmax:1,SV:0,SV:1,O:0,O:1,Add:-1,LN:-1,FFN_W1:0,FFN_W3:0,FFN_W1:1,FFN_W3:1,SwiGLU:0,SwiGLU:1,FFN_W2:0,FFN_W2:1,Add:-1
[gpu-debug] cfg: device=cuda dtype=torch.bfloat16 dim=4096 ffn_dim=11008 n_heads=32 shards=2
[gpu-debug] op plan (with inferred tensor shapes):
  - op#00  op=LN       shard=-1  x=[128x4096] + w=[4096]  ->  y=[128x4096]  (T=128, K=128)
  - op#01  op=Q        shard=0   x=[128x4096] + w=[2048x4096]  ->  y=[128x2048]  (T=128, K=128)
  - op#02  op=K        shard=0   x=[128x4096] + w=[2048x4096]  ->  y=[128x2048]  (T=128, K=128)
  - op#03  op=V        shard=0   x=[128x4096] + w=[2048x4096]  ->  y=[128x2048]  (T=128, K=128)
  - op#04  op=Q        shard=1   x=[128x4096] + w=[2048x4096]  ->  y=[128x2048]  (T=128, K=128)
  - op#05  op=K        shard=1   x=[128x4096] + w=[2048x4096]  ->  y=[128x2048]  (T=128, K=128)
  - op#06  op=V        shard=1   x=[128x4096] + w=[2048x4096]  ->  y=[128x2048]  (T=128, K=128)
  - op#07  op=QK       shard=0   q=[16x128x128] + k=[16x128x128]  ->  y=[16x128x128]  (T=128, K=128)
  - op#08  op=QK       shard=1   q=[16x128x128] + k=[16x128x128]  ->  y=[16x128x128]  (T=128, K=128)
  - op#09  op=Softmax  shard=0   scores=[16x128x128]  ->  y=[16x128x128]  (T=128, K=128)
  - op#10  op=Softmax  shard=1   scores=[16x128x128]  ->  y=[16x128x128]  (T=128, K=128)
  - op#11  op=SV       shard=0   p=[16x128x128] + v=[16x128x128]  ->  y=[16x128x128]  (T=128, K=128)
  - op#12  op=SV       shard=1   p=[16x128x128] + v=[16x128x128]  ->  y=[16x128x128]  (T=128, K=128)
  - op#13  op=O        shard=0   x=[128x2048] + w=[4096x2048]  ->  y=[128x4096]  (T=128, K=128)
  - op#14  op=O        shard=1   x=[128x2048] + w=[4096x2048]  ->  y=[128x4096]  (T=128, K=128)
  - op#15  op=Add      shard=-1  a=[128x4096] + b=[128x4096]  ->  y=[128x4096]  (T=128, K=128)
  - op#16  op=LN       shard=-1  x=[128x4096] + w=[4096]  ->  y=[128x4096]  (T=128, K=128)
  - op#17  op=FFN_W1   shard=0   x=[128x4096] + w=[5504x4096]  ->  y=[128x5504]  (T=128, K=128)
  - op#18  op=FFN_W3   shard=0   x=[128x4096] + w=[5504x4096]  ->  y=[128x5504]  (T=128, K=128)
  - op#19  op=FFN_W1   shard=1   x=[128x4096] + w=[5504x4096]  ->  y=[128x5504]  (T=128, K=128)
  - op#20  op=FFN_W3   shard=1   x=[128x4096] + w=[5504x4096]  ->  y=[128x5504]  (T=128, K=128)
  - op#21  op=SwiGLU   shard=0   a=[128x5504] + b=[128x5504]  ->  y=[128x5504]  (T=128, K=128)
  - op#22  op=SwiGLU   shard=1   a=[128x5504] + b=[128x5504]  ->  y=[128x5504]  (T=128, K=128)
  - op#23  op=FFN_W2   shard=0   x=[128x5504] + w=[4096x5504]  ->  y=[128x4096]  (T=128, K=128)
  - op#24  op=FFN_W2   shard=1   x=[128x5504] + w=[4096x5504]  ->  y=[128x4096]  (T=128, K=128)
  - op#25  op=Add      shard=-1  a=[128x4096] + b=[128x4096]  ->  y=[128x4096]  (T=128, K=128)
[gpu-debug] per-op timing breakdown (avg over iters):
  idx  op       sh  io                                                    time   est_flops    TFLOPs       bytes      GB/s
  ------------------------------------------------------------------------------------------------------------------------
    0  LN       -1  x[128x4096]+w[4096]->y[128x4096]                    0.071ms     2.621 M      0.04    2.01 MiB     29.75
    1  Q         0  x[128x4096]+w[2048x4096]->y[128x2048]               0.048ms     2.147 G     45.00   17.50 MiB    384.55
    2  K         0  x[128x4096]+w[2048x4096]->y[128x2048]               0.035ms     2.147 G     60.79   17.50 MiB    519.42
    3  V         0  x[128x4096]+w[2048x4096]->y[128x2048]               0.029ms     2.147 G     74.10   17.50 MiB    633.22
    4  Q         1  x[128x4096]+w[2048x4096]->y[128x2048]               0.029ms     2.147 G     73.33   17.50 MiB    626.57
    5  K         1  x[128x4096]+w[2048x4096]->y[128x2048]               0.031ms     2.147 G     69.44   17.50 MiB    593.38
    6  V         1  x[128x4096]+w[2048x4096]->y[128x2048]               0.030ms     2.147 G     70.85   17.50 MiB    605.41
    7  QK        0  q[16x128x128]+k[16x128x128]->y[16x128x128]          0.047ms    67.109 M      1.43    1.50 MiB     33.54
    8  QK        1  q[16x128x128]+k[16x128x128]->y[16x128x128]          0.044ms    67.109 M      1.54    1.50 MiB     36.14
    9  Softmax   0  scores[16x128x128]->y[16x128x128]                   0.020ms     1.311 M      0.07    1.00 MiB     52.24
   10  Softmax   1  scores[16x128x128]->y[16x128x128]                   0.015ms     1.311 M      0.09    1.00 MiB     68.27
   11  SV        0  p[16x128x128]+v[16x128x128]->y[16x128x128]          0.031ms    67.109 M      2.18    1.50 MiB     51.20
   12  SV        1  p[16x128x128]+v[16x128x128]->y[16x128x128]          0.028ms    67.109 M      2.43    1.50 MiB     56.89
   13  O         0  x[128x2048]+w[4096x2048]->y[128x4096]               0.039ms     2.147 G     55.04   17.50 MiB    470.34
   14  O         1  x[128x2048]+w[4096x2048]->y[128x4096]               0.031ms     2.147 G     68.76   17.50 MiB    587.54
   15  Add      -1  a[128x4096]+b[128x4096]->y[128x4096]                0.012ms   524.288 K      0.04    3.00 MiB    251.80
   16  LN       -1  x[128x4096]+w[4096]->y[128x4096]                    0.069ms     2.621 M      0.04    2.01 MiB     30.46
   17  FFN_W1    0  x[128x4096]+w[5504x4096]->y[128x5504]               0.072ms     5.771 G     80.40   45.34 MiB    662.37
   18  FFN_W3    0  x[128x4096]+w[5504x4096]->y[128x5504]               0.054ms     5.771 G    106.14   45.34 MiB    874.43
   19  FFN_W1    1  x[128x4096]+w[5504x4096]->y[128x5504]               0.055ms     5.771 G    104.96   45.34 MiB    864.66
   20  FFN_W3    1  x[128x4096]+w[5504x4096]->y[128x5504]               0.055ms     5.771 G    105.35   45.34 MiB    867.89
   21  SwiGLU    0  a[128x5504]+b[128x5504]->y[128x5504]                0.012ms     4.227 M      0.35    4.03 MiB    352.82
   22  SwiGLU    1  a[128x5504]+b[128x5504]->y[128x5504]                0.011ms     4.227 M      0.37    4.03 MiB    368.57
   23  FFN_W2    0  x[128x5504]+w[4096x5504]->y[128x4096]               0.055ms     5.771 G    104.57   45.34 MiB    861.45
   24  FFN_W2    1  x[128x5504]+w[4096x5504]->y[128x4096]               0.058ms     5.771 G    100.11   45.34 MiB    824.72
   25  Add      -1  a[128x4096]+b[128x4096]->y[128x4096]                0.007ms   524.288 K      0.08    3.00 MiB    458.51
[gpu-debug] segment avg latency (cuda_events): 0.657 ms
[gpu-debug] sum(per-op)               : 0.988 ms (ratio=1.504)
[gpu-debug] NOTE: sum(per-op) may differ from segment latency due to Python overhead, event/launch overhead, and allocator/cache effects.
[gpu-debug] cuda mem before warmup: alloc=400.16 MiB reserved=414.00 MiB
[gpu-debug] cuda mem after warmup : alloc=403.50 MiB reserved=418.00 MiB
[gpu-debug] cuda mem peak (this segment): max_alloc=406.19 MiB max_reserved=418.00 MiB
  progress 24/24
[run-gpu] wrote /lustre/home/2501111916/workspace/XPUPIM_0226_gpupim_parameter/TriForm/verify/hw_hardware_1gpu_2aim/st12/llama_7b_bf16_b1_s12/attacc_128x262.gpu_results.json
[slurm] wrote OK_FILE=/lustre/home/2501111916/workspace/XPUPIM_0226_gpupim_parameter/TriForm/verify/hw_hardware_1gpu_2aim/st12/llama_7b_bf16_b1_s12/attacc_128x262.gpu.ok
