id	name	layer	head_shard	weight_id	orig_weight_size	new_weight_size	q_mode	q_wbits	q_gs	ws_pattern	ws_density	ws_storage	act_density	attn_pattern	attn_density
L0_LN1	LN	0	None	None	0	0									
L0_K_S0	K	0	0	L0_WK_S0	2097152	2097152									
L0_V_S0	V	0	0	L0_WV_S0	2097152	2097152									
L0_K_S1	K	0	1	L0_WK_S1	2097152	2097152									
L0_V_S1	V	0	1	L0_WV_S1	2097152	2097152									
L0_K_S2	K	0	2	L0_WK_S2	2097152	2097152									
L0_V_S2	V	0	2	L0_WV_S2	2097152	2097152									
L0_K_S3	K	0	3	L0_WK_S3	2097152	2097152									
L0_V_S3	V	0	3	L0_WV_S3	2097152	2097152									
L0_K_S4	K	0	4	L0_WK_S4	2097152	2097152									
L0_V_S4	V	0	4	L0_WV_S4	2097152	2097152									
L0_K_S5	K	0	5	L0_WK_S5	2097152	2097152									
L0_V_S5	V	0	5	L0_WV_S5	2097152	2097152									
L0_K_S6	K	0	6	L0_WK_S6	2097152	2097152									
L0_V_S6	V	0	6	L0_WV_S6	2097152	2097152									
L0_K_S7	K	0	7	L0_WK_S7	2097152	2097152									
L0_V_S7	V	0	7	L0_WV_S7	2097152	2097152									
L0_K_write_S0	K_write	0	0	None	0	0									
L0_V_write_S0	V_write	0	0	None	0	0									
L0_K_write_S1	K_write	0	1	None	0	0									
L0_V_write_S1	V_write	0	1	None	0	0									
L0_K_write_S2	K_write	0	2	None	0	0									
L0_V_write_S2	V_write	0	2	None	0	0									
L0_K_write_S3	K_write	0	3	None	0	0									
L0_V_write_S3	V_write	0	3	None	0	0									
L0_K_write_S4	K_write	0	4	None	0	0									
L0_V_write_S4	V_write	0	4	None	0	0									
L0_K_write_S5	K_write	0	5	None	0	0									
L0_V_write_S5	V_write	0	5	None	0	0									
L0_K_write_S6	K_write	0	6	None	0	0									
L0_V_write_S6	V_write	0	6	None	0	0									
L0_K_write_S7	K_write	0	7	None	0	0									
L0_V_write_S7	V_write	0	7	None	0	0									
L0_Q_S0	Q	0	0	L0_WQ_S0	2097152	2097152									
L0_QK_S0	QK	0	0	None	0	0									
L0_Softmax_S0	Softmax	0	0	None	0	0									
L0_SV_S0	SV	0	0	None	0	0									
L0_O_S0	O	0	0	L0_WO_S0	2097152	2097152									
L0_Q_S1	Q	0	1	L0_WQ_S1	2097152	2097152									
L0_QK_S1	QK	0	1	None	0	0									
L0_Softmax_S1	Softmax	0	1	None	0	0									
L0_SV_S1	SV	0	1	None	0	0									
L0_O_S1	O	0	1	L0_WO_S1	2097152	2097152									
L0_Q_S2	Q	0	2	L0_WQ_S2	2097152	2097152									
L0_QK_S2	QK	0	2	None	0	0									
L0_Softmax_S2	Softmax	0	2	None	0	0									
L0_SV_S2	SV	0	2	None	0	0									
L0_O_S2	O	0	2	L0_WO_S2	2097152	2097152									
L0_Q_S3	Q	0	3	L0_WQ_S3	2097152	2097152									
L0_QK_S3	QK	0	3	None	0	0									
L0_Softmax_S3	Softmax	0	3	None	0	0									
L0_SV_S3	SV	0	3	None	0	0									
L0_O_S3	O	0	3	L0_WO_S3	2097152	2097152									
L0_Q_S4	Q	0	4	L0_WQ_S4	2097152	2097152									
L0_QK_S4	QK	0	4	None	0	0									
L0_Softmax_S4	Softmax	0	4	None	0	0									
L0_SV_S4	SV	0	4	None	0	0									
L0_O_S4	O	0	4	L0_WO_S4	2097152	2097152									
L0_Q_S5	Q	0	5	L0_WQ_S5	2097152	2097152									
L0_QK_S5	QK	0	5	None	0	0									
L0_Softmax_S5	Softmax	0	5	None	0	0									
L0_SV_S5	SV	0	5	None	0	0									
L0_O_S5	O	0	5	L0_WO_S5	2097152	2097152									
L0_Q_S6	Q	0	6	L0_WQ_S6	2097152	2097152									
L0_QK_S6	QK	0	6	None	0	0									
L0_Softmax_S6	Softmax	0	6	None	0	0									
L0_SV_S6	SV	0	6	None	0	0									
L0_O_S6	O	0	6	L0_WO_S6	2097152	2097152									
L0_Q_S7	Q	0	7	L0_WQ_S7	2097152	2097152									
L0_QK_S7	QK	0	7	None	0	0									
L0_Softmax_S7	Softmax	0	7	None	0	0									
L0_SV_S7	SV	0	7	None	0	0									
L0_O_S7	O	0	7	L0_WO_S7	2097152	2097152									
L0_O_allreduce	AllReduce	0	None	None	0	0									
L0_Add1	Add	0	None	None	0	0									
L0_LN2	LN	0	None	None	0	0									
L0_FFN_W1_S0	FFN_W1	0	None	L0_W1_S0	5636096	5636096									
L0_FFN_W3_S0	FFN_W3	0	None	L0_W3_S0	5636096	5636096									
L0_Act_S0	SwiGLU	0	None	None	0	0									
L0_FFN_W2_S0	FFN_W2	0	None	L0_W2_S0	5636096	5636096									
L0_FFN_W1_S1	FFN_W1	0	None	L0_W1_S1	5636096	5636096									
L0_FFN_W3_S1	FFN_W3	0	None	L0_W3_S1	5636096	5636096									
L0_Act_S1	SwiGLU	0	None	None	0	0									
L0_FFN_W2_S1	FFN_W2	0	None	L0_W2_S1	5636096	5636096									
L0_FFN_W1_S2	FFN_W1	0	None	L0_W1_S2	5636096	5636096									
L0_FFN_W3_S2	FFN_W3	0	None	L0_W3_S2	5636096	5636096									
L0_Act_S2	SwiGLU	0	None	None	0	0									
L0_FFN_W2_S2	FFN_W2	0	None	L0_W2_S2	5636096	5636096									
L0_FFN_W1_S3	FFN_W1	0	None	L0_W1_S3	5636096	5636096									
L0_FFN_W3_S3	FFN_W3	0	None	L0_W3_S3	5636096	5636096									
L0_Act_S3	SwiGLU	0	None	None	0	0									
L0_FFN_W2_S3	FFN_W2	0	None	L0_W2_S3	5636096	5636096									
L0_FFN_W1_S4	FFN_W1	0	None	L0_W1_S4	5636096	5636096									
L0_FFN_W3_S4	FFN_W3	0	None	L0_W3_S4	5636096	5636096									
L0_Act_S4	SwiGLU	0	None	None	0	0									
L0_FFN_W2_S4	FFN_W2	0	None	L0_W2_S4	5636096	5636096									
L0_FFN_W1_S5	FFN_W1	0	None	L0_W1_S5	5636096	5636096									
L0_FFN_W3_S5	FFN_W3	0	None	L0_W3_S5	5636096	5636096									
L0_Act_S5	SwiGLU	0	None	None	0	0									
L0_FFN_W2_S5	FFN_W2	0	None	L0_W2_S5	5636096	5636096									
L0_FFN_W1_S6	FFN_W1	0	None	L0_W1_S6	5636096	5636096									
L0_FFN_W3_S6	FFN_W3	0	None	L0_W3_S6	5636096	5636096									
L0_Act_S6	SwiGLU	0	None	None	0	0									
L0_FFN_W2_S6	FFN_W2	0	None	L0_W2_S6	5636096	5636096									
L0_FFN_W1_S7	FFN_W1	0	None	L0_W1_S7	5636096	5636096									
L0_FFN_W3_S7	FFN_W3	0	None	L0_W3_S7	5636096	5636096									
L0_Act_S7	SwiGLU	0	None	None	0	0									
L0_FFN_W2_S7	FFN_W2	0	None	L0_W2_S7	5636096	5636096									
L0_FFN_allreduce	AllReduce	0	None	None	0	0									
L0_Add2	Add	0	None	None	0	0									
L1_LN1	LN	1	None	None	0	0									
L1_X	Identity	1	None	None	0	0									
L1_K_S0	K	1	0	L1_WK_S0	2097152	2097152									
L1_V_S0	V	1	0	L1_WV_S0	2097152	2097152									
L1_K_S1	K	1	1	L1_WK_S1	2097152	2097152									
L1_V_S1	V	1	1	L1_WV_S1	2097152	2097152									
L1_K_S2	K	1	2	L1_WK_S2	2097152	2097152									
L1_V_S2	V	1	2	L1_WV_S2	2097152	2097152									
L1_K_S3	K	1	3	L1_WK_S3	2097152	2097152									
L1_V_S3	V	1	3	L1_WV_S3	2097152	2097152									
L1_K_S4	K	1	4	L1_WK_S4	2097152	2097152									
L1_V_S4	V	1	4	L1_WV_S4	2097152	2097152									
L1_K_S5	K	1	5	L1_WK_S5	2097152	2097152									
L1_V_S5	V	1	5	L1_WV_S5	2097152	2097152									
L1_K_S6	K	1	6	L1_WK_S6	2097152	2097152									
L1_V_S6	V	1	6	L1_WV_S6	2097152	2097152									
L1_K_S7	K	1	7	L1_WK_S7	2097152	2097152									
L1_V_S7	V	1	7	L1_WV_S7	2097152	2097152									
L1_K_write_S0	K_write	1	0	None	0	0									
L1_V_write_S0	V_write	1	0	None	0	0									
L1_K_write_S1	K_write	1	1	None	0	0									
L1_V_write_S1	V_write	1	1	None	0	0									
L1_K_write_S2	K_write	1	2	None	0	0									
L1_V_write_S2	V_write	1	2	None	0	0									
L1_K_write_S3	K_write	1	3	None	0	0									
L1_V_write_S3	V_write	1	3	None	0	0									
L1_K_write_S4	K_write	1	4	None	0	0									
L1_V_write_S4	V_write	1	4	None	0	0									
L1_K_write_S5	K_write	1	5	None	0	0									
L1_V_write_S5	V_write	1	5	None	0	0									
L1_K_write_S6	K_write	1	6	None	0	0									
L1_V_write_S6	V_write	1	6	None	0	0									
L1_K_write_S7	K_write	1	7	None	0	0									
L1_V_write_S7	V_write	1	7	None	0	0									
L1_Q_S0	Q	1	0	L1_WQ_S0	2097152	2097152									
L1_QK_S0	QK	1	0	None	0	0									
L1_Softmax_S0	Softmax	1	0	None	0	0									
L1_SV_S0	SV	1	0	None	0	0									
L1_O_S0	O	1	0	L1_WO_S0	2097152	2097152									
L1_Q_S1	Q	1	1	L1_WQ_S1	2097152	2097152									
L1_QK_S1	QK	1	1	None	0	0									
L1_Softmax_S1	Softmax	1	1	None	0	0									
L1_SV_S1	SV	1	1	None	0	0									
L1_O_S1	O	1	1	L1_WO_S1	2097152	2097152									
L1_Q_S2	Q	1	2	L1_WQ_S2	2097152	2097152									
L1_QK_S2	QK	1	2	None	0	0									
L1_Softmax_S2	Softmax	1	2	None	0	0									
L1_SV_S2	SV	1	2	None	0	0									
L1_O_S2	O	1	2	L1_WO_S2	2097152	2097152									
L1_Q_S3	Q	1	3	L1_WQ_S3	2097152	2097152									
L1_QK_S3	QK	1	3	None	0	0									
L1_Softmax_S3	Softmax	1	3	None	0	0									
L1_SV_S3	SV	1	3	None	0	0									
L1_O_S3	O	1	3	L1_WO_S3	2097152	2097152									
L1_Q_S4	Q	1	4	L1_WQ_S4	2097152	2097152									
L1_QK_S4	QK	1	4	None	0	0									
L1_Softmax_S4	Softmax	1	4	None	0	0									
L1_SV_S4	SV	1	4	None	0	0									
L1_O_S4	O	1	4	L1_WO_S4	2097152	2097152									
L1_Q_S5	Q	1	5	L1_WQ_S5	2097152	2097152									
L1_QK_S5	QK	1	5	None	0	0									
L1_Softmax_S5	Softmax	1	5	None	0	0									
L1_SV_S5	SV	1	5	None	0	0									
L1_O_S5	O	1	5	L1_WO_S5	2097152	2097152									
L1_Q_S6	Q	1	6	L1_WQ_S6	2097152	2097152									
L1_QK_S6	QK	1	6	None	0	0									
L1_Softmax_S6	Softmax	1	6	None	0	0									
L1_SV_S6	SV	1	6	None	0	0									
L1_O_S6	O	1	6	L1_WO_S6	2097152	2097152									
L1_Q_S7	Q	1	7	L1_WQ_S7	2097152	2097152									
L1_QK_S7	QK	1	7	None	0	0									
L1_Softmax_S7	Softmax	1	7	None	0	0									
L1_SV_S7	SV	1	7	None	0	0									
L1_O_S7	O	1	7	L1_WO_S7	2097152	2097152									
L1_O_allreduce	AllReduce	1	None	None	0	0									
L1_Add1	Add	1	None	None	0	0									
L1_LN2	LN	1	None	None	0	0									
L1_FFN_W1_S0	FFN_W1	1	None	L1_W1_S0	5636096	5636096									
L1_FFN_W3_S0	FFN_W3	1	None	L1_W3_S0	5636096	5636096									
L1_Act_S0	SwiGLU	1	None	None	0	0									
L1_FFN_W2_S0	FFN_W2	1	None	L1_W2_S0	5636096	5636096									
L1_FFN_W1_S1	FFN_W1	1	None	L1_W1_S1	5636096	5636096									
L1_FFN_W3_S1	FFN_W3	1	None	L1_W3_S1	5636096	5636096									
L1_Act_S1	SwiGLU	1	None	None	0	0									
L1_FFN_W2_S1	FFN_W2	1	None	L1_W2_S1	5636096	5636096									
L1_FFN_W1_S2	FFN_W1	1	None	L1_W1_S2	5636096	5636096									
L1_FFN_W3_S2	FFN_W3	1	None	L1_W3_S2	5636096	5636096									
L1_Act_S2	SwiGLU	1	None	None	0	0									
L1_FFN_W2_S2	FFN_W2	1	None	L1_W2_S2	5636096	5636096									
L1_FFN_W1_S3	FFN_W1	1	None	L1_W1_S3	5636096	5636096									
L1_FFN_W3_S3	FFN_W3	1	None	L1_W3_S3	5636096	5636096									
L1_Act_S3	SwiGLU	1	None	None	0	0									
L1_FFN_W2_S3	FFN_W2	1	None	L1_W2_S3	5636096	5636096									
L1_FFN_W1_S4	FFN_W1	1	None	L1_W1_S4	5636096	5636096									
L1_FFN_W3_S4	FFN_W3	1	None	L1_W3_S4	5636096	5636096									
L1_Act_S4	SwiGLU	1	None	None	0	0									
L1_FFN_W2_S4	FFN_W2	1	None	L1_W2_S4	5636096	5636096									
L1_FFN_W1_S5	FFN_W1	1	None	L1_W1_S5	5636096	5636096									
L1_FFN_W3_S5	FFN_W3	1	None	L1_W3_S5	5636096	5636096									
L1_Act_S5	SwiGLU	1	None	None	0	0									
L1_FFN_W2_S5	FFN_W2	1	None	L1_W2_S5	5636096	5636096									
L1_FFN_W1_S6	FFN_W1	1	None	L1_W1_S6	5636096	5636096									
L1_FFN_W3_S6	FFN_W3	1	None	L1_W3_S6	5636096	5636096									
L1_Act_S6	SwiGLU	1	None	None	0	0									
L1_FFN_W2_S6	FFN_W2	1	None	L1_W2_S6	5636096	5636096									
L1_FFN_W1_S7	FFN_W1	1	None	L1_W1_S7	5636096	5636096									
L1_FFN_W3_S7	FFN_W3	1	None	L1_W3_S7	5636096	5636096									
L1_Act_S7	SwiGLU	1	None	None	0	0									
L1_FFN_W2_S7	FFN_W2	1	None	L1_W2_S7	5636096	5636096									
L1_FFN_allreduce	AllReduce	1	None	None	0	0									
L1_Add2	Add	1	None	None	0	0									
L2_LN1	LN	2	None	None	0	0									
L2_X	Identity	2	None	None	0	0									
L2_K_S0	K	2	0	L2_WK_S0	2097152	2097152									
L2_V_S0	V	2	0	L2_WV_S0	2097152	2097152									
L2_K_S1	K	2	1	L2_WK_S1	2097152	2097152									
L2_V_S1	V	2	1	L2_WV_S1	2097152	2097152									
L2_K_S2	K	2	2	L2_WK_S2	2097152	2097152									
L2_V_S2	V	2	2	L2_WV_S2	2097152	2097152									
L2_K_S3	K	2	3	L2_WK_S3	2097152	2097152									
L2_V_S3	V	2	3	L2_WV_S3	2097152	2097152									
L2_K_S4	K	2	4	L2_WK_S4	2097152	2097152									
L2_V_S4	V	2	4	L2_WV_S4	2097152	2097152									
L2_K_S5	K	2	5	L2_WK_S5	2097152	2097152									
L2_V_S5	V	2	5	L2_WV_S5	2097152	2097152									
L2_K_S6	K	2	6	L2_WK_S6	2097152	2097152									
L2_V_S6	V	2	6	L2_WV_S6	2097152	2097152									
L2_K_S7	K	2	7	L2_WK_S7	2097152	2097152									
L2_V_S7	V	2	7	L2_WV_S7	2097152	2097152									
L2_K_write_S0	K_write	2	0	None	0	0									
L2_V_write_S0	V_write	2	0	None	0	0									
L2_K_write_S1	K_write	2	1	None	0	0									
L2_V_write_S1	V_write	2	1	None	0	0									
L2_K_write_S2	K_write	2	2	None	0	0									
L2_V_write_S2	V_write	2	2	None	0	0									
L2_K_write_S3	K_write	2	3	None	0	0									
L2_V_write_S3	V_write	2	3	None	0	0									
L2_K_write_S4	K_write	2	4	None	0	0									
L2_V_write_S4	V_write	2	4	None	0	0									
L2_K_write_S5	K_write	2	5	None	0	0									
L2_V_write_S5	V_write	2	5	None	0	0									
L2_K_write_S6	K_write	2	6	None	0	0									
L2_V_write_S6	V_write	2	6	None	0	0									
L2_K_write_S7	K_write	2	7	None	0	0									
L2_V_write_S7	V_write	2	7	None	0	0									
L2_Q_S0	Q	2	0	L2_WQ_S0	2097152	2097152									
L2_QK_S0	QK	2	0	None	0	0									
L2_Softmax_S0	Softmax	2	0	None	0	0									
L2_SV_S0	SV	2	0	None	0	0									
L2_O_S0	O	2	0	L2_WO_S0	2097152	2097152									
L2_Q_S1	Q	2	1	L2_WQ_S1	2097152	2097152									
L2_QK_S1	QK	2	1	None	0	0									
L2_Softmax_S1	Softmax	2	1	None	0	0									
L2_SV_S1	SV	2	1	None	0	0									
L2_O_S1	O	2	1	L2_WO_S1	2097152	2097152									
L2_Q_S2	Q	2	2	L2_WQ_S2	2097152	2097152									
L2_QK_S2	QK	2	2	None	0	0									
L2_Softmax_S2	Softmax	2	2	None	0	0									
L2_SV_S2	SV	2	2	None	0	0									
L2_O_S2	O	2	2	L2_WO_S2	2097152	2097152									
L2_Q_S3	Q	2	3	L2_WQ_S3	2097152	2097152									
L2_QK_S3	QK	2	3	None	0	0									
L2_Softmax_S3	Softmax	2	3	None	0	0									
L2_SV_S3	SV	2	3	None	0	0									
L2_O_S3	O	2	3	L2_WO_S3	2097152	2097152									
L2_Q_S4	Q	2	4	L2_WQ_S4	2097152	2097152									
L2_QK_S4	QK	2	4	None	0	0									
L2_Softmax_S4	Softmax	2	4	None	0	0									
L2_SV_S4	SV	2	4	None	0	0									
L2_O_S4	O	2	4	L2_WO_S4	2097152	2097152									
L2_Q_S5	Q	2	5	L2_WQ_S5	2097152	2097152									
L2_QK_S5	QK	2	5	None	0	0									
L2_Softmax_S5	Softmax	2	5	None	0	0									
L2_SV_S5	SV	2	5	None	0	0									
L2_O_S5	O	2	5	L2_WO_S5	2097152	2097152									
L2_Q_S6	Q	2	6	L2_WQ_S6	2097152	2097152									
L2_QK_S6	QK	2	6	None	0	0									
L2_Softmax_S6	Softmax	2	6	None	0	0									
L2_SV_S6	SV	2	6	None	0	0									
L2_O_S6	O	2	6	L2_WO_S6	2097152	2097152									
L2_Q_S7	Q	2	7	L2_WQ_S7	2097152	2097152									
L2_QK_S7	QK	2	7	None	0	0									
L2_Softmax_S7	Softmax	2	7	None	0	0									
L2_SV_S7	SV	2	7	None	0	0									
L2_O_S7	O	2	7	L2_WO_S7	2097152	2097152									
L2_O_allreduce	AllReduce	2	None	None	0	0									
L2_Add1	Add	2	None	None	0	0									
L2_LN2	LN	2	None	None	0	0									
L2_FFN_W1_S0	FFN_W1	2	None	L2_W1_S0	5636096	5636096									
L2_FFN_W3_S0	FFN_W3	2	None	L2_W3_S0	5636096	5636096									
L2_Act_S0	SwiGLU	2	None	None	0	0									
L2_FFN_W2_S0	FFN_W2	2	None	L2_W2_S0	5636096	5636096									
L2_FFN_W1_S1	FFN_W1	2	None	L2_W1_S1	5636096	5636096									
L2_FFN_W3_S1	FFN_W3	2	None	L2_W3_S1	5636096	5636096									
L2_Act_S1	SwiGLU	2	None	None	0	0									
L2_FFN_W2_S1	FFN_W2	2	None	L2_W2_S1	5636096	5636096									
L2_FFN_W1_S2	FFN_W1	2	None	L2_W1_S2	5636096	5636096									
L2_FFN_W3_S2	FFN_W3	2	None	L2_W3_S2	5636096	5636096									
L2_Act_S2	SwiGLU	2	None	None	0	0									
L2_FFN_W2_S2	FFN_W2	2	None	L2_W2_S2	5636096	5636096									
L2_FFN_W1_S3	FFN_W1	2	None	L2_W1_S3	5636096	5636096									
L2_FFN_W3_S3	FFN_W3	2	None	L2_W3_S3	5636096	5636096									
L2_Act_S3	SwiGLU	2	None	None	0	0									
L2_FFN_W2_S3	FFN_W2	2	None	L2_W2_S3	5636096	5636096									
L2_FFN_W1_S4	FFN_W1	2	None	L2_W1_S4	5636096	5636096									
L2_FFN_W3_S4	FFN_W3	2	None	L2_W3_S4	5636096	5636096									
L2_Act_S4	SwiGLU	2	None	None	0	0									
L2_FFN_W2_S4	FFN_W2	2	None	L2_W2_S4	5636096	5636096									
L2_FFN_W1_S5	FFN_W1	2	None	L2_W1_S5	5636096	5636096									
L2_FFN_W3_S5	FFN_W3	2	None	L2_W3_S5	5636096	5636096									
L2_Act_S5	SwiGLU	2	None	None	0	0									
L2_FFN_W2_S5	FFN_W2	2	None	L2_W2_S5	5636096	5636096									
L2_FFN_W1_S6	FFN_W1	2	None	L2_W1_S6	5636096	5636096									
L2_FFN_W3_S6	FFN_W3	2	None	L2_W3_S6	5636096	5636096									
L2_Act_S6	SwiGLU	2	None	None	0	0									
L2_FFN_W2_S6	FFN_W2	2	None	L2_W2_S6	5636096	5636096									
L2_FFN_W1_S7	FFN_W1	2	None	L2_W1_S7	5636096	5636096									
L2_FFN_W3_S7	FFN_W3	2	None	L2_W3_S7	5636096	5636096									
L2_Act_S7	SwiGLU	2	None	None	0	0									
L2_FFN_W2_S7	FFN_W2	2	None	L2_W2_S7	5636096	5636096									
L2_FFN_allreduce	AllReduce	2	None	None	0	0									
L2_Add2	Add	2	None	None	0	0									
L3_LN1	LN	3	None	None	0	0									
L3_X	Identity	3	None	None	0	0									
L3_K_S0	K	3	0	L3_WK_S0	2097152	2097152									
L3_V_S0	V	3	0	L3_WV_S0	2097152	2097152									
L3_K_S1	K	3	1	L3_WK_S1	2097152	2097152									
L3_V_S1	V	3	1	L3_WV_S1	2097152	2097152									
L3_K_S2	K	3	2	L3_WK_S2	2097152	2097152									
L3_V_S2	V	3	2	L3_WV_S2	2097152	2097152									
L3_K_S3	K	3	3	L3_WK_S3	2097152	2097152									
L3_V_S3	V	3	3	L3_WV_S3	2097152	2097152									
L3_K_S4	K	3	4	L3_WK_S4	2097152	2097152									
L3_V_S4	V	3	4	L3_WV_S4	2097152	2097152									
L3_K_S5	K	3	5	L3_WK_S5	2097152	2097152									
L3_V_S5	V	3	5	L3_WV_S5	2097152	2097152									
L3_K_S6	K	3	6	L3_WK_S6	2097152	2097152									
L3_V_S6	V	3	6	L3_WV_S6	2097152	2097152									
L3_K_S7	K	3	7	L3_WK_S7	2097152	2097152									
L3_V_S7	V	3	7	L3_WV_S7	2097152	2097152									
L3_K_write_S0	K_write	3	0	None	0	0									
L3_V_write_S0	V_write	3	0	None	0	0									
L3_K_write_S1	K_write	3	1	None	0	0									
L3_V_write_S1	V_write	3	1	None	0	0									
L3_K_write_S2	K_write	3	2	None	0	0									
L3_V_write_S2	V_write	3	2	None	0	0									
L3_K_write_S3	K_write	3	3	None	0	0									
L3_V_write_S3	V_write	3	3	None	0	0									
L3_K_write_S4	K_write	3	4	None	0	0									
L3_V_write_S4	V_write	3	4	None	0	0									
L3_K_write_S5	K_write	3	5	None	0	0									
L3_V_write_S5	V_write	3	5	None	0	0									
L3_K_write_S6	K_write	3	6	None	0	0									
L3_V_write_S6	V_write	3	6	None	0	0									
L3_K_write_S7	K_write	3	7	None	0	0									
L3_V_write_S7	V_write	3	7	None	0	0									
L3_Q_S0	Q	3	0	L3_WQ_S0	2097152	2097152									
L3_QK_S0	QK	3	0	None	0	0									
L3_Softmax_S0	Softmax	3	0	None	0	0									
L3_SV_S0	SV	3	0	None	0	0									
L3_O_S0	O	3	0	L3_WO_S0	2097152	2097152									
L3_Q_S1	Q	3	1	L3_WQ_S1	2097152	2097152									
L3_QK_S1	QK	3	1	None	0	0									
L3_Softmax_S1	Softmax	3	1	None	0	0									
L3_SV_S1	SV	3	1	None	0	0									
L3_O_S1	O	3	1	L3_WO_S1	2097152	2097152									
L3_Q_S2	Q	3	2	L3_WQ_S2	2097152	2097152									
L3_QK_S2	QK	3	2	None	0	0									
L3_Softmax_S2	Softmax	3	2	None	0	0									
L3_SV_S2	SV	3	2	None	0	0									
L3_O_S2	O	3	2	L3_WO_S2	2097152	2097152									
L3_Q_S3	Q	3	3	L3_WQ_S3	2097152	2097152									
L3_QK_S3	QK	3	3	None	0	0									
L3_Softmax_S3	Softmax	3	3	None	0	0									
L3_SV_S3	SV	3	3	None	0	0									
L3_O_S3	O	3	3	L3_WO_S3	2097152	2097152									
L3_Q_S4	Q	3	4	L3_WQ_S4	2097152	2097152									
L3_QK_S4	QK	3	4	None	0	0									
L3_Softmax_S4	Softmax	3	4	None	0	0									
L3_SV_S4	SV	3	4	None	0	0									
L3_O_S4	O	3	4	L3_WO_S4	2097152	2097152									
L3_Q_S5	Q	3	5	L3_WQ_S5	2097152	2097152									
L3_QK_S5	QK	3	5	None	0	0									
L3_Softmax_S5	Softmax	3	5	None	0	0									
L3_SV_S5	SV	3	5	None	0	0									
L3_O_S5	O	3	5	L3_WO_S5	2097152	2097152									
L3_Q_S6	Q	3	6	L3_WQ_S6	2097152	2097152									
L3_QK_S6	QK	3	6	None	0	0									
L3_Softmax_S6	Softmax	3	6	None	0	0									
L3_SV_S6	SV	3	6	None	0	0									
L3_O_S6	O	3	6	L3_WO_S6	2097152	2097152									
L3_Q_S7	Q	3	7	L3_WQ_S7	2097152	2097152									
L3_QK_S7	QK	3	7	None	0	0									
L3_Softmax_S7	Softmax	3	7	None	0	0									
L3_SV_S7	SV	3	7	None	0	0									
L3_O_S7	O	3	7	L3_WO_S7	2097152	2097152									
L3_O_allreduce	AllReduce	3	None	None	0	0									
L3_Add1	Add	3	None	None	0	0									
L3_LN2	LN	3	None	None	0	0									
L3_FFN_W1_S0	FFN_W1	3	None	L3_W1_S0	5636096	5636096									
L3_FFN_W3_S0	FFN_W3	3	None	L3_W3_S0	5636096	5636096									
L3_Act_S0	SwiGLU	3	None	None	0	0									
L3_FFN_W2_S0	FFN_W2	3	None	L3_W2_S0	5636096	5636096									
L3_FFN_W1_S1	FFN_W1	3	None	L3_W1_S1	5636096	5636096									
L3_FFN_W3_S1	FFN_W3	3	None	L3_W3_S1	5636096	5636096									
L3_Act_S1	SwiGLU	3	None	None	0	0									
L3_FFN_W2_S1	FFN_W2	3	None	L3_W2_S1	5636096	5636096									
L3_FFN_W1_S2	FFN_W1	3	None	L3_W1_S2	5636096	5636096									
L3_FFN_W3_S2	FFN_W3	3	None	L3_W3_S2	5636096	5636096									
L3_Act_S2	SwiGLU	3	None	None	0	0									
L3_FFN_W2_S2	FFN_W2	3	None	L3_W2_S2	5636096	5636096									
L3_FFN_W1_S3	FFN_W1	3	None	L3_W1_S3	5636096	5636096									
L3_FFN_W3_S3	FFN_W3	3	None	L3_W3_S3	5636096	5636096									
L3_Act_S3	SwiGLU	3	None	None	0	0									
L3_FFN_W2_S3	FFN_W2	3	None	L3_W2_S3	5636096	5636096									
L3_FFN_W1_S4	FFN_W1	3	None	L3_W1_S4	5636096	5636096									
L3_FFN_W3_S4	FFN_W3	3	None	L3_W3_S4	5636096	5636096									
L3_Act_S4	SwiGLU	3	None	None	0	0									
L3_FFN_W2_S4	FFN_W2	3	None	L3_W2_S4	5636096	5636096									
L3_FFN_W1_S5	FFN_W1	3	None	L3_W1_S5	5636096	5636096									
L3_FFN_W3_S5	FFN_W3	3	None	L3_W3_S5	5636096	5636096									
L3_Act_S5	SwiGLU	3	None	None	0	0									
L3_FFN_W2_S5	FFN_W2	3	None	L3_W2_S5	5636096	5636096									
L3_FFN_W1_S6	FFN_W1	3	None	L3_W1_S6	5636096	5636096									
L3_FFN_W3_S6	FFN_W3	3	None	L3_W3_S6	5636096	5636096									
L3_Act_S6	SwiGLU	3	None	None	0	0									
L3_FFN_W2_S6	FFN_W2	3	None	L3_W2_S6	5636096	5636096									
L3_FFN_W1_S7	FFN_W1	3	None	L3_W1_S7	5636096	5636096									
L3_FFN_W3_S7	FFN_W3	3	None	L3_W3_S7	5636096	5636096									
L3_Act_S7	SwiGLU	3	None	None	0	0									
L3_FFN_W2_S7	FFN_W2	3	None	L3_W2_S7	5636096	5636096									
L3_FFN_allreduce	AllReduce	3	None	None	0	0									
L3_Add2	Add	3	None	None	0	0									
L4_LN1	LN	4	None	None	0	0									
L4_X	Identity	4	None	None	0	0									
L4_K_S0	K	4	0	L4_WK_S0	2097152	2097152									
L4_V_S0	V	4	0	L4_WV_S0	2097152	2097152									
L4_K_S1	K	4	1	L4_WK_S1	2097152	2097152									
L4_V_S1	V	4	1	L4_WV_S1	2097152	2097152									
L4_K_S2	K	4	2	L4_WK_S2	2097152	2097152									
L4_V_S2	V	4	2	L4_WV_S2	2097152	2097152									
L4_K_S3	K	4	3	L4_WK_S3	2097152	2097152									
L4_V_S3	V	4	3	L4_WV_S3	2097152	2097152									
L4_K_S4	K	4	4	L4_WK_S4	2097152	2097152									
L4_V_S4	V	4	4	L4_WV_S4	2097152	2097152									
L4_K_S5	K	4	5	L4_WK_S5	2097152	2097152									
L4_V_S5	V	4	5	L4_WV_S5	2097152	2097152									
L4_K_S6	K	4	6	L4_WK_S6	2097152	2097152									
L4_V_S6	V	4	6	L4_WV_S6	2097152	2097152									
L4_K_S7	K	4	7	L4_WK_S7	2097152	2097152									
L4_V_S7	V	4	7	L4_WV_S7	2097152	2097152									
L4_K_write_S0	K_write	4	0	None	0	0									
L4_V_write_S0	V_write	4	0	None	0	0									
L4_K_write_S1	K_write	4	1	None	0	0									
L4_V_write_S1	V_write	4	1	None	0	0									
L4_K_write_S2	K_write	4	2	None	0	0									
L4_V_write_S2	V_write	4	2	None	0	0									
L4_K_write_S3	K_write	4	3	None	0	0									
L4_V_write_S3	V_write	4	3	None	0	0									
L4_K_write_S4	K_write	4	4	None	0	0									
L4_V_write_S4	V_write	4	4	None	0	0									
L4_K_write_S5	K_write	4	5	None	0	0									
L4_V_write_S5	V_write	4	5	None	0	0									
L4_K_write_S6	K_write	4	6	None	0	0									
L4_V_write_S6	V_write	4	6	None	0	0									
L4_K_write_S7	K_write	4	7	None	0	0									
L4_V_write_S7	V_write	4	7	None	0	0									
L4_Q_S0	Q	4	0	L4_WQ_S0	2097152	2097152									
L4_QK_S0	QK	4	0	None	0	0									
L4_Softmax_S0	Softmax	4	0	None	0	0									
L4_SV_S0	SV	4	0	None	0	0									
L4_O_S0	O	4	0	L4_WO_S0	2097152	2097152									
L4_Q_S1	Q	4	1	L4_WQ_S1	2097152	2097152									
L4_QK_S1	QK	4	1	None	0	0									
L4_Softmax_S1	Softmax	4	1	None	0	0									
L4_SV_S1	SV	4	1	None	0	0									
L4_O_S1	O	4	1	L4_WO_S1	2097152	2097152									
L4_Q_S2	Q	4	2	L4_WQ_S2	2097152	2097152									
L4_QK_S2	QK	4	2	None	0	0									
L4_Softmax_S2	Softmax	4	2	None	0	0									
L4_SV_S2	SV	4	2	None	0	0									
L4_O_S2	O	4	2	L4_WO_S2	2097152	2097152									
L4_Q_S3	Q	4	3	L4_WQ_S3	2097152	2097152									
L4_QK_S3	QK	4	3	None	0	0									
L4_Softmax_S3	Softmax	4	3	None	0	0									
L4_SV_S3	SV	4	3	None	0	0									
L4_O_S3	O	4	3	L4_WO_S3	2097152	2097152									
L4_Q_S4	Q	4	4	L4_WQ_S4	2097152	2097152									
L4_QK_S4	QK	4	4	None	0	0									
L4_Softmax_S4	Softmax	4	4	None	0	0									
L4_SV_S4	SV	4	4	None	0	0									
L4_O_S4	O	4	4	L4_WO_S4	2097152	2097152									
L4_Q_S5	Q	4	5	L4_WQ_S5	2097152	2097152									
L4_QK_S5	QK	4	5	None	0	0									
L4_Softmax_S5	Softmax	4	5	None	0	0									
L4_SV_S5	SV	4	5	None	0	0									
L4_O_S5	O	4	5	L4_WO_S5	2097152	2097152									
L4_Q_S6	Q	4	6	L4_WQ_S6	2097152	2097152									
L4_QK_S6	QK	4	6	None	0	0									
L4_Softmax_S6	Softmax	4	6	None	0	0									
L4_SV_S6	SV	4	6	None	0	0									
L4_O_S6	O	4	6	L4_WO_S6	2097152	2097152									
L4_Q_S7	Q	4	7	L4_WQ_S7	2097152	2097152									
L4_QK_S7	QK	4	7	None	0	0									
L4_Softmax_S7	Softmax	4	7	None	0	0									
L4_SV_S7	SV	4	7	None	0	0									
L4_O_S7	O	4	7	L4_WO_S7	2097152	2097152									
L4_O_allreduce	AllReduce	4	None	None	0	0									
L4_Add1	Add	4	None	None	0	0									
L4_LN2	LN	4	None	None	0	0									
L4_FFN_W1_S0	FFN_W1	4	None	L4_W1_S0	5636096	5636096									
L4_FFN_W3_S0	FFN_W3	4	None	L4_W3_S0	5636096	5636096									
L4_Act_S0	SwiGLU	4	None	None	0	0									
L4_FFN_W2_S0	FFN_W2	4	None	L4_W2_S0	5636096	5636096									
L4_FFN_W1_S1	FFN_W1	4	None	L4_W1_S1	5636096	5636096									
L4_FFN_W3_S1	FFN_W3	4	None	L4_W3_S1	5636096	5636096									
L4_Act_S1	SwiGLU	4	None	None	0	0									
L4_FFN_W2_S1	FFN_W2	4	None	L4_W2_S1	5636096	5636096									
L4_FFN_W1_S2	FFN_W1	4	None	L4_W1_S2	5636096	5636096									
L4_FFN_W3_S2	FFN_W3	4	None	L4_W3_S2	5636096	5636096									
L4_Act_S2	SwiGLU	4	None	None	0	0									
L4_FFN_W2_S2	FFN_W2	4	None	L4_W2_S2	5636096	5636096									
L4_FFN_W1_S3	FFN_W1	4	None	L4_W1_S3	5636096	5636096									
L4_FFN_W3_S3	FFN_W3	4	None	L4_W3_S3	5636096	5636096									
L4_Act_S3	SwiGLU	4	None	None	0	0									
L4_FFN_W2_S3	FFN_W2	4	None	L4_W2_S3	5636096	5636096									
L4_FFN_W1_S4	FFN_W1	4	None	L4_W1_S4	5636096	5636096									
L4_FFN_W3_S4	FFN_W3	4	None	L4_W3_S4	5636096	5636096									
L4_Act_S4	SwiGLU	4	None	None	0	0									
L4_FFN_W2_S4	FFN_W2	4	None	L4_W2_S4	5636096	5636096									
L4_FFN_W1_S5	FFN_W1	4	None	L4_W1_S5	5636096	5636096									
L4_FFN_W3_S5	FFN_W3	4	None	L4_W3_S5	5636096	5636096									
L4_Act_S5	SwiGLU	4	None	None	0	0									
L4_FFN_W2_S5	FFN_W2	4	None	L4_W2_S5	5636096	5636096									
L4_FFN_W1_S6	FFN_W1	4	None	L4_W1_S6	5636096	5636096									
L4_FFN_W3_S6	FFN_W3	4	None	L4_W3_S6	5636096	5636096									
L4_Act_S6	SwiGLU	4	None	None	0	0									
L4_FFN_W2_S6	FFN_W2	4	None	L4_W2_S6	5636096	5636096									
L4_FFN_W1_S7	FFN_W1	4	None	L4_W1_S7	5636096	5636096									
L4_FFN_W3_S7	FFN_W3	4	None	L4_W3_S7	5636096	5636096									
L4_Act_S7	SwiGLU	4	None	None	0	0									
L4_FFN_W2_S7	FFN_W2	4	None	L4_W2_S7	5636096	5636096									
L4_FFN_allreduce	AllReduce	4	None	None	0	0									
L4_Add2	Add	4	None	None	0	0									
L5_LN1	LN	5	None	None	0	0									
L5_X	Identity	5	None	None	0	0									
L5_K_S0	K	5	0	L5_WK_S0	2097152	2097152									
L5_V_S0	V	5	0	L5_WV_S0	2097152	2097152									
L5_K_S1	K	5	1	L5_WK_S1	2097152	2097152									
L5_V_S1	V	5	1	L5_WV_S1	2097152	2097152									
L5_K_S2	K	5	2	L5_WK_S2	2097152	2097152									
L5_V_S2	V	5	2	L5_WV_S2	2097152	2097152									
L5_K_S3	K	5	3	L5_WK_S3	2097152	2097152									
L5_V_S3	V	5	3	L5_WV_S3	2097152	2097152									
L5_K_S4	K	5	4	L5_WK_S4	2097152	2097152									
L5_V_S4	V	5	4	L5_WV_S4	2097152	2097152									
L5_K_S5	K	5	5	L5_WK_S5	2097152	2097152									
L5_V_S5	V	5	5	L5_WV_S5	2097152	2097152									
L5_K_S6	K	5	6	L5_WK_S6	2097152	2097152									
L5_V_S6	V	5	6	L5_WV_S6	2097152	2097152									
L5_K_S7	K	5	7	L5_WK_S7	2097152	2097152									
L5_V_S7	V	5	7	L5_WV_S7	2097152	2097152									
L5_K_write_S0	K_write	5	0	None	0	0									
L5_V_write_S0	V_write	5	0	None	0	0									
L5_K_write_S1	K_write	5	1	None	0	0									
L5_V_write_S1	V_write	5	1	None	0	0									
L5_K_write_S2	K_write	5	2	None	0	0									
L5_V_write_S2	V_write	5	2	None	0	0									
L5_K_write_S3	K_write	5	3	None	0	0									
L5_V_write_S3	V_write	5	3	None	0	0									
L5_K_write_S4	K_write	5	4	None	0	0									
L5_V_write_S4	V_write	5	4	None	0	0									
L5_K_write_S5	K_write	5	5	None	0	0									
L5_V_write_S5	V_write	5	5	None	0	0									
L5_K_write_S6	K_write	5	6	None	0	0									
L5_V_write_S6	V_write	5	6	None	0	0									
L5_K_write_S7	K_write	5	7	None	0	0									
L5_V_write_S7	V_write	5	7	None	0	0									
L5_Q_S0	Q	5	0	L5_WQ_S0	2097152	2097152									
L5_QK_S0	QK	5	0	None	0	0									
L5_Softmax_S0	Softmax	5	0	None	0	0									
L5_SV_S0	SV	5	0	None	0	0									
L5_O_S0	O	5	0	L5_WO_S0	2097152	2097152									
L5_Q_S1	Q	5	1	L5_WQ_S1	2097152	2097152									
L5_QK_S1	QK	5	1	None	0	0									
L5_Softmax_S1	Softmax	5	1	None	0	0									
L5_SV_S1	SV	5	1	None	0	0									
L5_O_S1	O	5	1	L5_WO_S1	2097152	2097152									
L5_Q_S2	Q	5	2	L5_WQ_S2	2097152	2097152									
L5_QK_S2	QK	5	2	None	0	0									
L5_Softmax_S2	Softmax	5	2	None	0	0									
L5_SV_S2	SV	5	2	None	0	0									
L5_O_S2	O	5	2	L5_WO_S2	2097152	2097152									
L5_Q_S3	Q	5	3	L5_WQ_S3	2097152	2097152									
L5_QK_S3	QK	5	3	None	0	0									
L5_Softmax_S3	Softmax	5	3	None	0	0									
L5_SV_S3	SV	5	3	None	0	0									
L5_O_S3	O	5	3	L5_WO_S3	2097152	2097152									
L5_Q_S4	Q	5	4	L5_WQ_S4	2097152	2097152									
L5_QK_S4	QK	5	4	None	0	0									
L5_Softmax_S4	Softmax	5	4	None	0	0									
L5_SV_S4	SV	5	4	None	0	0									
L5_O_S4	O	5	4	L5_WO_S4	2097152	2097152									
L5_Q_S5	Q	5	5	L5_WQ_S5	2097152	2097152									
L5_QK_S5	QK	5	5	None	0	0									
L5_Softmax_S5	Softmax	5	5	None	0	0									
L5_SV_S5	SV	5	5	None	0	0									
L5_O_S5	O	5	5	L5_WO_S5	2097152	2097152									
L5_Q_S6	Q	5	6	L5_WQ_S6	2097152	2097152									
L5_QK_S6	QK	5	6	None	0	0									
L5_Softmax_S6	Softmax	5	6	None	0	0									
L5_SV_S6	SV	5	6	None	0	0									
L5_O_S6	O	5	6	L5_WO_S6	2097152	2097152									
L5_Q_S7	Q	5	7	L5_WQ_S7	2097152	2097152									
L5_QK_S7	QK	5	7	None	0	0									
L5_Softmax_S7	Softmax	5	7	None	0	0									
L5_SV_S7	SV	5	7	None	0	0									
L5_O_S7	O	5	7	L5_WO_S7	2097152	2097152									
L5_O_allreduce	AllReduce	5	None	None	0	0									
L5_Add1	Add	5	None	None	0	0									
L5_LN2	LN	5	None	None	0	0									
L5_FFN_W1_S0	FFN_W1	5	None	L5_W1_S0	5636096	5636096									
L5_FFN_W3_S0	FFN_W3	5	None	L5_W3_S0	5636096	5636096									
L5_Act_S0	SwiGLU	5	None	None	0	0									
L5_FFN_W2_S0	FFN_W2	5	None	L5_W2_S0	5636096	5636096									
L5_FFN_W1_S1	FFN_W1	5	None	L5_W1_S1	5636096	5636096									
L5_FFN_W3_S1	FFN_W3	5	None	L5_W3_S1	5636096	5636096									
L5_Act_S1	SwiGLU	5	None	None	0	0									
L5_FFN_W2_S1	FFN_W2	5	None	L5_W2_S1	5636096	5636096									
L5_FFN_W1_S2	FFN_W1	5	None	L5_W1_S2	5636096	5636096									
L5_FFN_W3_S2	FFN_W3	5	None	L5_W3_S2	5636096	5636096									
L5_Act_S2	SwiGLU	5	None	None	0	0									
L5_FFN_W2_S2	FFN_W2	5	None	L5_W2_S2	5636096	5636096									
L5_FFN_W1_S3	FFN_W1	5	None	L5_W1_S3	5636096	5636096									
L5_FFN_W3_S3	FFN_W3	5	None	L5_W3_S3	5636096	5636096									
L5_Act_S3	SwiGLU	5	None	None	0	0									
L5_FFN_W2_S3	FFN_W2	5	None	L5_W2_S3	5636096	5636096									
L5_FFN_W1_S4	FFN_W1	5	None	L5_W1_S4	5636096	5636096									
L5_FFN_W3_S4	FFN_W3	5	None	L5_W3_S4	5636096	5636096									
L5_Act_S4	SwiGLU	5	None	None	0	0									
L5_FFN_W2_S4	FFN_W2	5	None	L5_W2_S4	5636096	5636096									
L5_FFN_W1_S5	FFN_W1	5	None	L5_W1_S5	5636096	5636096									
L5_FFN_W3_S5	FFN_W3	5	None	L5_W3_S5	5636096	5636096									
L5_Act_S5	SwiGLU	5	None	None	0	0									
L5_FFN_W2_S5	FFN_W2	5	None	L5_W2_S5	5636096	5636096									
L5_FFN_W1_S6	FFN_W1	5	None	L5_W1_S6	5636096	5636096									
L5_FFN_W3_S6	FFN_W3	5	None	L5_W3_S6	5636096	5636096									
L5_Act_S6	SwiGLU	5	None	None	0	0									
L5_FFN_W2_S6	FFN_W2	5	None	L5_W2_S6	5636096	5636096									
L5_FFN_W1_S7	FFN_W1	5	None	L5_W1_S7	5636096	5636096									
L5_FFN_W3_S7	FFN_W3	5	None	L5_W3_S7	5636096	5636096									
L5_Act_S7	SwiGLU	5	None	None	0	0									
L5_FFN_W2_S7	FFN_W2	5	None	L5_W2_S7	5636096	5636096									
L5_FFN_allreduce	AllReduce	5	None	None	0	0									
L5_Add2	Add	5	None	None	0	0									
L6_LN1	LN	6	None	None	0	0									
L6_X	Identity	6	None	None	0	0									
L6_K_S0	K	6	0	L6_WK_S0	2097152	2097152									
L6_V_S0	V	6	0	L6_WV_S0	2097152	2097152									
L6_K_S1	K	6	1	L6_WK_S1	2097152	2097152									
L6_V_S1	V	6	1	L6_WV_S1	2097152	2097152									
L6_K_S2	K	6	2	L6_WK_S2	2097152	2097152									
L6_V_S2	V	6	2	L6_WV_S2	2097152	2097152									
L6_K_S3	K	6	3	L6_WK_S3	2097152	2097152									
L6_V_S3	V	6	3	L6_WV_S3	2097152	2097152									
L6_K_S4	K	6	4	L6_WK_S4	2097152	2097152									
L6_V_S4	V	6	4	L6_WV_S4	2097152	2097152									
L6_K_S5	K	6	5	L6_WK_S5	2097152	2097152									
L6_V_S5	V	6	5	L6_WV_S5	2097152	2097152									
L6_K_S6	K	6	6	L6_WK_S6	2097152	2097152									
L6_V_S6	V	6	6	L6_WV_S6	2097152	2097152									
L6_K_S7	K	6	7	L6_WK_S7	2097152	2097152									
L6_V_S7	V	6	7	L6_WV_S7	2097152	2097152									
L6_K_write_S0	K_write	6	0	None	0	0									
L6_V_write_S0	V_write	6	0	None	0	0									
L6_K_write_S1	K_write	6	1	None	0	0									
L6_V_write_S1	V_write	6	1	None	0	0									
L6_K_write_S2	K_write	6	2	None	0	0									
L6_V_write_S2	V_write	6	2	None	0	0									
L6_K_write_S3	K_write	6	3	None	0	0									
L6_V_write_S3	V_write	6	3	None	0	0									
L6_K_write_S4	K_write	6	4	None	0	0									
L6_V_write_S4	V_write	6	4	None	0	0									
L6_K_write_S5	K_write	6	5	None	0	0									
L6_V_write_S5	V_write	6	5	None	0	0									
L6_K_write_S6	K_write	6	6	None	0	0									
L6_V_write_S6	V_write	6	6	None	0	0									
L6_K_write_S7	K_write	6	7	None	0	0									
L6_V_write_S7	V_write	6	7	None	0	0									
L6_Q_S0	Q	6	0	L6_WQ_S0	2097152	2097152									
L6_QK_S0	QK	6	0	None	0	0									
L6_Softmax_S0	Softmax	6	0	None	0	0									
L6_SV_S0	SV	6	0	None	0	0									
L6_O_S0	O	6	0	L6_WO_S0	2097152	2097152									
L6_Q_S1	Q	6	1	L6_WQ_S1	2097152	2097152									
L6_QK_S1	QK	6	1	None	0	0									
L6_Softmax_S1	Softmax	6	1	None	0	0									
L6_SV_S1	SV	6	1	None	0	0									
L6_O_S1	O	6	1	L6_WO_S1	2097152	2097152									
L6_Q_S2	Q	6	2	L6_WQ_S2	2097152	2097152									
L6_QK_S2	QK	6	2	None	0	0									
L6_Softmax_S2	Softmax	6	2	None	0	0									
L6_SV_S2	SV	6	2	None	0	0									
L6_O_S2	O	6	2	L6_WO_S2	2097152	2097152									
L6_Q_S3	Q	6	3	L6_WQ_S3	2097152	2097152									
L6_QK_S3	QK	6	3	None	0	0									
L6_Softmax_S3	Softmax	6	3	None	0	0									
L6_SV_S3	SV	6	3	None	0	0									
L6_O_S3	O	6	3	L6_WO_S3	2097152	2097152									
L6_Q_S4	Q	6	4	L6_WQ_S4	2097152	2097152									
L6_QK_S4	QK	6	4	None	0	0									
L6_Softmax_S4	Softmax	6	4	None	0	0									
L6_SV_S4	SV	6	4	None	0	0									
L6_O_S4	O	6	4	L6_WO_S4	2097152	2097152									
L6_Q_S5	Q	6	5	L6_WQ_S5	2097152	2097152									
L6_QK_S5	QK	6	5	None	0	0									
L6_Softmax_S5	Softmax	6	5	None	0	0									
L6_SV_S5	SV	6	5	None	0	0									
L6_O_S5	O	6	5	L6_WO_S5	2097152	2097152									
L6_Q_S6	Q	6	6	L6_WQ_S6	2097152	2097152									
L6_QK_S6	QK	6	6	None	0	0									
L6_Softmax_S6	Softmax	6	6	None	0	0									
L6_SV_S6	SV	6	6	None	0	0									
L6_O_S6	O	6	6	L6_WO_S6	2097152	2097152									
L6_Q_S7	Q	6	7	L6_WQ_S7	2097152	2097152									
L6_QK_S7	QK	6	7	None	0	0									
L6_Softmax_S7	Softmax	6	7	None	0	0									
L6_SV_S7	SV	6	7	None	0	0									
L6_O_S7	O	6	7	L6_WO_S7	2097152	2097152									
L6_O_allreduce	AllReduce	6	None	None	0	0									
L6_Add1	Add	6	None	None	0	0									
L6_LN2	LN	6	None	None	0	0									
L6_FFN_W1_S0	FFN_W1	6	None	L6_W1_S0	5636096	5636096									
L6_FFN_W3_S0	FFN_W3	6	None	L6_W3_S0	5636096	5636096									
L6_Act_S0	SwiGLU	6	None	None	0	0									
L6_FFN_W2_S0	FFN_W2	6	None	L6_W2_S0	5636096	5636096									
L6_FFN_W1_S1	FFN_W1	6	None	L6_W1_S1	5636096	5636096									
L6_FFN_W3_S1	FFN_W3	6	None	L6_W3_S1	5636096	5636096									
L6_Act_S1	SwiGLU	6	None	None	0	0									
L6_FFN_W2_S1	FFN_W2	6	None	L6_W2_S1	5636096	5636096									
L6_FFN_W1_S2	FFN_W1	6	None	L6_W1_S2	5636096	5636096									
L6_FFN_W3_S2	FFN_W3	6	None	L6_W3_S2	5636096	5636096									
L6_Act_S2	SwiGLU	6	None	None	0	0									
L6_FFN_W2_S2	FFN_W2	6	None	L6_W2_S2	5636096	5636096									
L6_FFN_W1_S3	FFN_W1	6	None	L6_W1_S3	5636096	5636096									
L6_FFN_W3_S3	FFN_W3	6	None	L6_W3_S3	5636096	5636096									
L6_Act_S3	SwiGLU	6	None	None	0	0									
L6_FFN_W2_S3	FFN_W2	6	None	L6_W2_S3	5636096	5636096									
L6_FFN_W1_S4	FFN_W1	6	None	L6_W1_S4	5636096	5636096									
L6_FFN_W3_S4	FFN_W3	6	None	L6_W3_S4	5636096	5636096									
L6_Act_S4	SwiGLU	6	None	None	0	0									
L6_FFN_W2_S4	FFN_W2	6	None	L6_W2_S4	5636096	5636096									
L6_FFN_W1_S5	FFN_W1	6	None	L6_W1_S5	5636096	5636096									
L6_FFN_W3_S5	FFN_W3	6	None	L6_W3_S5	5636096	5636096									
L6_Act_S5	SwiGLU	6	None	None	0	0									
L6_FFN_W2_S5	FFN_W2	6	None	L6_W2_S5	5636096	5636096									
L6_FFN_W1_S6	FFN_W1	6	None	L6_W1_S6	5636096	5636096									
L6_FFN_W3_S6	FFN_W3	6	None	L6_W3_S6	5636096	5636096									
L6_Act_S6	SwiGLU	6	None	None	0	0									
L6_FFN_W2_S6	FFN_W2	6	None	L6_W2_S6	5636096	5636096									
L6_FFN_W1_S7	FFN_W1	6	None	L6_W1_S7	5636096	5636096									
L6_FFN_W3_S7	FFN_W3	6	None	L6_W3_S7	5636096	5636096									
L6_Act_S7	SwiGLU	6	None	None	0	0									
L6_FFN_W2_S7	FFN_W2	6	None	L6_W2_S7	5636096	5636096									
L6_FFN_allreduce	AllReduce	6	None	None	0	0									
L6_Add2	Add	6	None	None	0	0									
L7_LN1	LN	7	None	None	0	0									
L7_X	Identity	7	None	None	0	0									
L7_K_S0	K	7	0	L7_WK_S0	2097152	2097152									
L7_V_S0	V	7	0	L7_WV_S0	2097152	2097152									
L7_K_S1	K	7	1	L7_WK_S1	2097152	2097152									
L7_V_S1	V	7	1	L7_WV_S1	2097152	2097152									
L7_K_S2	K	7	2	L7_WK_S2	2097152	2097152									
L7_V_S2	V	7	2	L7_WV_S2	2097152	2097152									
L7_K_S3	K	7	3	L7_WK_S3	2097152	2097152									
L7_V_S3	V	7	3	L7_WV_S3	2097152	2097152									
L7_K_S4	K	7	4	L7_WK_S4	2097152	2097152									
L7_V_S4	V	7	4	L7_WV_S4	2097152	2097152									
L7_K_S5	K	7	5	L7_WK_S5	2097152	2097152									
L7_V_S5	V	7	5	L7_WV_S5	2097152	2097152									
L7_K_S6	K	7	6	L7_WK_S6	2097152	2097152									
L7_V_S6	V	7	6	L7_WV_S6	2097152	2097152									
L7_K_S7	K	7	7	L7_WK_S7	2097152	2097152									
L7_V_S7	V	7	7	L7_WV_S7	2097152	2097152									
L7_K_write_S0	K_write	7	0	None	0	0									
L7_V_write_S0	V_write	7	0	None	0	0									
L7_K_write_S1	K_write	7	1	None	0	0									
L7_V_write_S1	V_write	7	1	None	0	0									
L7_K_write_S2	K_write	7	2	None	0	0									
L7_V_write_S2	V_write	7	2	None	0	0									
L7_K_write_S3	K_write	7	3	None	0	0									
L7_V_write_S3	V_write	7	3	None	0	0									
L7_K_write_S4	K_write	7	4	None	0	0									
L7_V_write_S4	V_write	7	4	None	0	0									
L7_K_write_S5	K_write	7	5	None	0	0									
L7_V_write_S5	V_write	7	5	None	0	0									
L7_K_write_S6	K_write	7	6	None	0	0									
L7_V_write_S6	V_write	7	6	None	0	0									
L7_K_write_S7	K_write	7	7	None	0	0									
L7_V_write_S7	V_write	7	7	None	0	0									
L7_Q_S0	Q	7	0	L7_WQ_S0	2097152	2097152									
L7_QK_S0	QK	7	0	None	0	0									
L7_Softmax_S0	Softmax	7	0	None	0	0									
L7_SV_S0	SV	7	0	None	0	0									
L7_O_S0	O	7	0	L7_WO_S0	2097152	2097152									
L7_Q_S1	Q	7	1	L7_WQ_S1	2097152	2097152									
L7_QK_S1	QK	7	1	None	0	0									
L7_Softmax_S1	Softmax	7	1	None	0	0									
L7_SV_S1	SV	7	1	None	0	0									
L7_O_S1	O	7	1	L7_WO_S1	2097152	2097152									
L7_Q_S2	Q	7	2	L7_WQ_S2	2097152	2097152									
L7_QK_S2	QK	7	2	None	0	0									
L7_Softmax_S2	Softmax	7	2	None	0	0									
L7_SV_S2	SV	7	2	None	0	0									
L7_O_S2	O	7	2	L7_WO_S2	2097152	2097152									
L7_Q_S3	Q	7	3	L7_WQ_S3	2097152	2097152									
L7_QK_S3	QK	7	3	None	0	0									
L7_Softmax_S3	Softmax	7	3	None	0	0									
L7_SV_S3	SV	7	3	None	0	0									
L7_O_S3	O	7	3	L7_WO_S3	2097152	2097152									
L7_Q_S4	Q	7	4	L7_WQ_S4	2097152	2097152									
L7_QK_S4	QK	7	4	None	0	0									
L7_Softmax_S4	Softmax	7	4	None	0	0									
L7_SV_S4	SV	7	4	None	0	0									
L7_O_S4	O	7	4	L7_WO_S4	2097152	2097152									
L7_Q_S5	Q	7	5	L7_WQ_S5	2097152	2097152									
L7_QK_S5	QK	7	5	None	0	0									
L7_Softmax_S5	Softmax	7	5	None	0	0									
L7_SV_S5	SV	7	5	None	0	0									
L7_O_S5	O	7	5	L7_WO_S5	2097152	2097152									
L7_Q_S6	Q	7	6	L7_WQ_S6	2097152	2097152									
L7_QK_S6	QK	7	6	None	0	0									
L7_Softmax_S6	Softmax	7	6	None	0	0									
L7_SV_S6	SV	7	6	None	0	0									
L7_O_S6	O	7	6	L7_WO_S6	2097152	2097152									
L7_Q_S7	Q	7	7	L7_WQ_S7	2097152	2097152									
L7_QK_S7	QK	7	7	None	0	0									
L7_Softmax_S7	Softmax	7	7	None	0	0									
L7_SV_S7	SV	7	7	None	0	0									
L7_O_S7	O	7	7	L7_WO_S7	2097152	2097152									
L7_O_allreduce	AllReduce	7	None	None	0	0									
L7_Add1	Add	7	None	None	0	0									
L7_LN2	LN	7	None	None	0	0									
L7_FFN_W1_S0	FFN_W1	7	None	L7_W1_S0	5636096	5636096									
L7_FFN_W3_S0	FFN_W3	7	None	L7_W3_S0	5636096	5636096									
L7_Act_S0	SwiGLU	7	None	None	0	0									
L7_FFN_W2_S0	FFN_W2	7	None	L7_W2_S0	5636096	5636096									
L7_FFN_W1_S1	FFN_W1	7	None	L7_W1_S1	5636096	5636096									
L7_FFN_W3_S1	FFN_W3	7	None	L7_W3_S1	5636096	5636096									
L7_Act_S1	SwiGLU	7	None	None	0	0									
L7_FFN_W2_S1	FFN_W2	7	None	L7_W2_S1	5636096	5636096									
L7_FFN_W1_S2	FFN_W1	7	None	L7_W1_S2	5636096	5636096									
L7_FFN_W3_S2	FFN_W3	7	None	L7_W3_S2	5636096	5636096									
L7_Act_S2	SwiGLU	7	None	None	0	0									
L7_FFN_W2_S2	FFN_W2	7	None	L7_W2_S2	5636096	5636096									
L7_FFN_W1_S3	FFN_W1	7	None	L7_W1_S3	5636096	5636096									
L7_FFN_W3_S3	FFN_W3	7	None	L7_W3_S3	5636096	5636096									
L7_Act_S3	SwiGLU	7	None	None	0	0									
L7_FFN_W2_S3	FFN_W2	7	None	L7_W2_S3	5636096	5636096									
L7_FFN_W1_S4	FFN_W1	7	None	L7_W1_S4	5636096	5636096									
L7_FFN_W3_S4	FFN_W3	7	None	L7_W3_S4	5636096	5636096									
L7_Act_S4	SwiGLU	7	None	None	0	0									
L7_FFN_W2_S4	FFN_W2	7	None	L7_W2_S4	5636096	5636096									
L7_FFN_W1_S5	FFN_W1	7	None	L7_W1_S5	5636096	5636096									
L7_FFN_W3_S5	FFN_W3	7	None	L7_W3_S5	5636096	5636096									
L7_Act_S5	SwiGLU	7	None	None	0	0									
L7_FFN_W2_S5	FFN_W2	7	None	L7_W2_S5	5636096	5636096									
L7_FFN_W1_S6	FFN_W1	7	None	L7_W1_S6	5636096	5636096									
L7_FFN_W3_S6	FFN_W3	7	None	L7_W3_S6	5636096	5636096									
L7_Act_S6	SwiGLU	7	None	None	0	0									
L7_FFN_W2_S6	FFN_W2	7	None	L7_W2_S6	5636096	5636096									
L7_FFN_W1_S7	FFN_W1	7	None	L7_W1_S7	5636096	5636096									
L7_FFN_W3_S7	FFN_W3	7	None	L7_W3_S7	5636096	5636096									
L7_Act_S7	SwiGLU	7	None	None	0	0									
L7_FFN_W2_S7	FFN_W2	7	None	L7_W2_S7	5636096	5636096									
L7_FFN_allreduce	AllReduce	7	None	None	0	0									
L7_Add2	Add	7	None	None	0	0									
L8_LN1	LN	8	None	None	0	0									
L8_X	Identity	8	None	None	0	0									
L8_K_S0	K	8	0	L8_WK_S0	2097152	2097152									
L8_V_S0	V	8	0	L8_WV_S0	2097152	2097152									
L8_K_S1	K	8	1	L8_WK_S1	2097152	2097152									
L8_V_S1	V	8	1	L8_WV_S1	2097152	2097152									
L8_K_S2	K	8	2	L8_WK_S2	2097152	2097152									
L8_V_S2	V	8	2	L8_WV_S2	2097152	2097152									
L8_K_S3	K	8	3	L8_WK_S3	2097152	2097152									
L8_V_S3	V	8	3	L8_WV_S3	2097152	2097152									
L8_K_S4	K	8	4	L8_WK_S4	2097152	2097152									
L8_V_S4	V	8	4	L8_WV_S4	2097152	2097152									
L8_K_S5	K	8	5	L8_WK_S5	2097152	2097152									
L8_V_S5	V	8	5	L8_WV_S5	2097152	2097152									
L8_K_S6	K	8	6	L8_WK_S6	2097152	2097152									
L8_V_S6	V	8	6	L8_WV_S6	2097152	2097152									
L8_K_S7	K	8	7	L8_WK_S7	2097152	2097152									
L8_V_S7	V	8	7	L8_WV_S7	2097152	2097152									
L8_K_write_S0	K_write	8	0	None	0	0									
L8_V_write_S0	V_write	8	0	None	0	0									
L8_K_write_S1	K_write	8	1	None	0	0									
L8_V_write_S1	V_write	8	1	None	0	0									
L8_K_write_S2	K_write	8	2	None	0	0									
L8_V_write_S2	V_write	8	2	None	0	0									
L8_K_write_S3	K_write	8	3	None	0	0									
L8_V_write_S3	V_write	8	3	None	0	0									
L8_K_write_S4	K_write	8	4	None	0	0									
L8_V_write_S4	V_write	8	4	None	0	0									
L8_K_write_S5	K_write	8	5	None	0	0									
L8_V_write_S5	V_write	8	5	None	0	0									
L8_K_write_S6	K_write	8	6	None	0	0									
L8_V_write_S6	V_write	8	6	None	0	0									
L8_K_write_S7	K_write	8	7	None	0	0									
L8_V_write_S7	V_write	8	7	None	0	0									
L8_Q_S0	Q	8	0	L8_WQ_S0	2097152	2097152									
L8_QK_S0	QK	8	0	None	0	0									
L8_Softmax_S0	Softmax	8	0	None	0	0									
L8_SV_S0	SV	8	0	None	0	0									
L8_O_S0	O	8	0	L8_WO_S0	2097152	2097152									
L8_Q_S1	Q	8	1	L8_WQ_S1	2097152	2097152									
L8_QK_S1	QK	8	1	None	0	0									
L8_Softmax_S1	Softmax	8	1	None	0	0									
L8_SV_S1	SV	8	1	None	0	0									
L8_O_S1	O	8	1	L8_WO_S1	2097152	2097152									
L8_Q_S2	Q	8	2	L8_WQ_S2	2097152	2097152									
L8_QK_S2	QK	8	2	None	0	0									
L8_Softmax_S2	Softmax	8	2	None	0	0									
L8_SV_S2	SV	8	2	None	0	0									
L8_O_S2	O	8	2	L8_WO_S2	2097152	2097152									
L8_Q_S3	Q	8	3	L8_WQ_S3	2097152	2097152									
L8_QK_S3	QK	8	3	None	0	0									
L8_Softmax_S3	Softmax	8	3	None	0	0									
L8_SV_S3	SV	8	3	None	0	0									
L8_O_S3	O	8	3	L8_WO_S3	2097152	2097152									
L8_Q_S4	Q	8	4	L8_WQ_S4	2097152	2097152									
L8_QK_S4	QK	8	4	None	0	0									
L8_Softmax_S4	Softmax	8	4	None	0	0									
L8_SV_S4	SV	8	4	None	0	0									
L8_O_S4	O	8	4	L8_WO_S4	2097152	2097152									
L8_Q_S5	Q	8	5	L8_WQ_S5	2097152	2097152									
L8_QK_S5	QK	8	5	None	0	0									
L8_Softmax_S5	Softmax	8	5	None	0	0									
L8_SV_S5	SV	8	5	None	0	0									
L8_O_S5	O	8	5	L8_WO_S5	2097152	2097152									
L8_Q_S6	Q	8	6	L8_WQ_S6	2097152	2097152									
L8_QK_S6	QK	8	6	None	0	0									
L8_Softmax_S6	Softmax	8	6	None	0	0									
L8_SV_S6	SV	8	6	None	0	0									
L8_O_S6	O	8	6	L8_WO_S6	2097152	2097152									
L8_Q_S7	Q	8	7	L8_WQ_S7	2097152	2097152									
L8_QK_S7	QK	8	7	None	0	0									
L8_Softmax_S7	Softmax	8	7	None	0	0									
L8_SV_S7	SV	8	7	None	0	0									
L8_O_S7	O	8	7	L8_WO_S7	2097152	2097152									
L8_O_allreduce	AllReduce	8	None	None	0	0									
L8_Add1	Add	8	None	None	0	0									
L8_LN2	LN	8	None	None	0	0									
L8_FFN_W1_S0	FFN_W1	8	None	L8_W1_S0	5636096	5636096									
L8_FFN_W3_S0	FFN_W3	8	None	L8_W3_S0	5636096	5636096									
L8_Act_S0	SwiGLU	8	None	None	0	0									
L8_FFN_W2_S0	FFN_W2	8	None	L8_W2_S0	5636096	5636096									
L8_FFN_W1_S1	FFN_W1	8	None	L8_W1_S1	5636096	5636096									
L8_FFN_W3_S1	FFN_W3	8	None	L8_W3_S1	5636096	5636096									
L8_Act_S1	SwiGLU	8	None	None	0	0									
L8_FFN_W2_S1	FFN_W2	8	None	L8_W2_S1	5636096	5636096									
L8_FFN_W1_S2	FFN_W1	8	None	L8_W1_S2	5636096	5636096									
L8_FFN_W3_S2	FFN_W3	8	None	L8_W3_S2	5636096	5636096									
L8_Act_S2	SwiGLU	8	None	None	0	0									
L8_FFN_W2_S2	FFN_W2	8	None	L8_W2_S2	5636096	5636096									
L8_FFN_W1_S3	FFN_W1	8	None	L8_W1_S3	5636096	5636096									
L8_FFN_W3_S3	FFN_W3	8	None	L8_W3_S3	5636096	5636096									
L8_Act_S3	SwiGLU	8	None	None	0	0									
L8_FFN_W2_S3	FFN_W2	8	None	L8_W2_S3	5636096	5636096									
L8_FFN_W1_S4	FFN_W1	8	None	L8_W1_S4	5636096	5636096									
L8_FFN_W3_S4	FFN_W3	8	None	L8_W3_S4	5636096	5636096									
L8_Act_S4	SwiGLU	8	None	None	0	0									
L8_FFN_W2_S4	FFN_W2	8	None	L8_W2_S4	5636096	5636096									
L8_FFN_W1_S5	FFN_W1	8	None	L8_W1_S5	5636096	5636096									
L8_FFN_W3_S5	FFN_W3	8	None	L8_W3_S5	5636096	5636096									
L8_Act_S5	SwiGLU	8	None	None	0	0									
L8_FFN_W2_S5	FFN_W2	8	None	L8_W2_S5	5636096	5636096									
L8_FFN_W1_S6	FFN_W1	8	None	L8_W1_S6	5636096	5636096									
L8_FFN_W3_S6	FFN_W3	8	None	L8_W3_S6	5636096	5636096									
L8_Act_S6	SwiGLU	8	None	None	0	0									
L8_FFN_W2_S6	FFN_W2	8	None	L8_W2_S6	5636096	5636096									
L8_FFN_W1_S7	FFN_W1	8	None	L8_W1_S7	5636096	5636096									
L8_FFN_W3_S7	FFN_W3	8	None	L8_W3_S7	5636096	5636096									
L8_Act_S7	SwiGLU	8	None	None	0	0									
L8_FFN_W2_S7	FFN_W2	8	None	L8_W2_S7	5636096	5636096									
L8_FFN_allreduce	AllReduce	8	None	None	0	0									
L8_Add2	Add	8	None	None	0	0									
L9_LN1	LN	9	None	None	0	0									
L9_X	Identity	9	None	None	0	0									
L9_K_S0	K	9	0	L9_WK_S0	2097152	2097152									
L9_V_S0	V	9	0	L9_WV_S0	2097152	2097152									
L9_K_S1	K	9	1	L9_WK_S1	2097152	2097152									
L9_V_S1	V	9	1	L9_WV_S1	2097152	2097152									
L9_K_S2	K	9	2	L9_WK_S2	2097152	2097152									
L9_V_S2	V	9	2	L9_WV_S2	2097152	2097152									
L9_K_S3	K	9	3	L9_WK_S3	2097152	2097152									
L9_V_S3	V	9	3	L9_WV_S3	2097152	2097152									
L9_K_S4	K	9	4	L9_WK_S4	2097152	2097152									
L9_V_S4	V	9	4	L9_WV_S4	2097152	2097152									
L9_K_S5	K	9	5	L9_WK_S5	2097152	2097152									
L9_V_S5	V	9	5	L9_WV_S5	2097152	2097152									
L9_K_S6	K	9	6	L9_WK_S6	2097152	2097152									
L9_V_S6	V	9	6	L9_WV_S6	2097152	2097152									
L9_K_S7	K	9	7	L9_WK_S7	2097152	2097152									
L9_V_S7	V	9	7	L9_WV_S7	2097152	2097152									
L9_K_write_S0	K_write	9	0	None	0	0									
L9_V_write_S0	V_write	9	0	None	0	0									
L9_K_write_S1	K_write	9	1	None	0	0									
L9_V_write_S1	V_write	9	1	None	0	0									
L9_K_write_S2	K_write	9	2	None	0	0									
L9_V_write_S2	V_write	9	2	None	0	0									
L9_K_write_S3	K_write	9	3	None	0	0									
L9_V_write_S3	V_write	9	3	None	0	0									
L9_K_write_S4	K_write	9	4	None	0	0									
L9_V_write_S4	V_write	9	4	None	0	0									
L9_K_write_S5	K_write	9	5	None	0	0									
L9_V_write_S5	V_write	9	5	None	0	0									
L9_K_write_S6	K_write	9	6	None	0	0									
L9_V_write_S6	V_write	9	6	None	0	0									
L9_K_write_S7	K_write	9	7	None	0	0									
L9_V_write_S7	V_write	9	7	None	0	0									
L9_Q_S0	Q	9	0	L9_WQ_S0	2097152	2097152									
L9_QK_S0	QK	9	0	None	0	0									
L9_Softmax_S0	Softmax	9	0	None	0	0									
L9_SV_S0	SV	9	0	None	0	0									
L9_O_S0	O	9	0	L9_WO_S0	2097152	2097152									
L9_Q_S1	Q	9	1	L9_WQ_S1	2097152	2097152									
L9_QK_S1	QK	9	1	None	0	0									
L9_Softmax_S1	Softmax	9	1	None	0	0									
L9_SV_S1	SV	9	1	None	0	0									
L9_O_S1	O	9	1	L9_WO_S1	2097152	2097152									
L9_Q_S2	Q	9	2	L9_WQ_S2	2097152	2097152									
L9_QK_S2	QK	9	2	None	0	0									
L9_Softmax_S2	Softmax	9	2	None	0	0									
L9_SV_S2	SV	9	2	None	0	0									
L9_O_S2	O	9	2	L9_WO_S2	2097152	2097152									
L9_Q_S3	Q	9	3	L9_WQ_S3	2097152	2097152									
L9_QK_S3	QK	9	3	None	0	0									
L9_Softmax_S3	Softmax	9	3	None	0	0									
L9_SV_S3	SV	9	3	None	0	0									
L9_O_S3	O	9	3	L9_WO_S3	2097152	2097152									
L9_Q_S4	Q	9	4	L9_WQ_S4	2097152	2097152									
L9_QK_S4	QK	9	4	None	0	0									
L9_Softmax_S4	Softmax	9	4	None	0	0									
L9_SV_S4	SV	9	4	None	0	0									
L9_O_S4	O	9	4	L9_WO_S4	2097152	2097152									
L9_Q_S5	Q	9	5	L9_WQ_S5	2097152	2097152									
L9_QK_S5	QK	9	5	None	0	0									
L9_Softmax_S5	Softmax	9	5	None	0	0									
L9_SV_S5	SV	9	5	None	0	0									
L9_O_S5	O	9	5	L9_WO_S5	2097152	2097152									
L9_Q_S6	Q	9	6	L9_WQ_S6	2097152	2097152									
L9_QK_S6	QK	9	6	None	0	0									
L9_Softmax_S6	Softmax	9	6	None	0	0									
L9_SV_S6	SV	9	6	None	0	0									
L9_O_S6	O	9	6	L9_WO_S6	2097152	2097152									
L9_Q_S7	Q	9	7	L9_WQ_S7	2097152	2097152									
L9_QK_S7	QK	9	7	None	0	0									
L9_Softmax_S7	Softmax	9	7	None	0	0									
L9_SV_S7	SV	9	7	None	0	0									
L9_O_S7	O	9	7	L9_WO_S7	2097152	2097152									
L9_O_allreduce	AllReduce	9	None	None	0	0									
L9_Add1	Add	9	None	None	0	0									
L9_LN2	LN	9	None	None	0	0									
L9_FFN_W1_S0	FFN_W1	9	None	L9_W1_S0	5636096	5636096									
L9_FFN_W3_S0	FFN_W3	9	None	L9_W3_S0	5636096	5636096									
L9_Act_S0	SwiGLU	9	None	None	0	0									
L9_FFN_W2_S0	FFN_W2	9	None	L9_W2_S0	5636096	5636096									
L9_FFN_W1_S1	FFN_W1	9	None	L9_W1_S1	5636096	5636096									
L9_FFN_W3_S1	FFN_W3	9	None	L9_W3_S1	5636096	5636096									
L9_Act_S1	SwiGLU	9	None	None	0	0									
L9_FFN_W2_S1	FFN_W2	9	None	L9_W2_S1	5636096	5636096									
L9_FFN_W1_S2	FFN_W1	9	None	L9_W1_S2	5636096	5636096									
L9_FFN_W3_S2	FFN_W3	9	None	L9_W3_S2	5636096	5636096									
L9_Act_S2	SwiGLU	9	None	None	0	0									
L9_FFN_W2_S2	FFN_W2	9	None	L9_W2_S2	5636096	5636096									
L9_FFN_W1_S3	FFN_W1	9	None	L9_W1_S3	5636096	5636096									
L9_FFN_W3_S3	FFN_W3	9	None	L9_W3_S3	5636096	5636096									
L9_Act_S3	SwiGLU	9	None	None	0	0									
L9_FFN_W2_S3	FFN_W2	9	None	L9_W2_S3	5636096	5636096									
L9_FFN_W1_S4	FFN_W1	9	None	L9_W1_S4	5636096	5636096									
L9_FFN_W3_S4	FFN_W3	9	None	L9_W3_S4	5636096	5636096									
L9_Act_S4	SwiGLU	9	None	None	0	0									
L9_FFN_W2_S4	FFN_W2	9	None	L9_W2_S4	5636096	5636096									
L9_FFN_W1_S5	FFN_W1	9	None	L9_W1_S5	5636096	5636096									
L9_FFN_W3_S5	FFN_W3	9	None	L9_W3_S5	5636096	5636096									
L9_Act_S5	SwiGLU	9	None	None	0	0									
L9_FFN_W2_S5	FFN_W2	9	None	L9_W2_S5	5636096	5636096									
L9_FFN_W1_S6	FFN_W1	9	None	L9_W1_S6	5636096	5636096									
L9_FFN_W3_S6	FFN_W3	9	None	L9_W3_S6	5636096	5636096									
L9_Act_S6	SwiGLU	9	None	None	0	0									
L9_FFN_W2_S6	FFN_W2	9	None	L9_W2_S6	5636096	5636096									
L9_FFN_W1_S7	FFN_W1	9	None	L9_W1_S7	5636096	5636096									
L9_FFN_W3_S7	FFN_W3	9	None	L9_W3_S7	5636096	5636096									
L9_Act_S7	SwiGLU	9	None	None	0	0									
L9_FFN_W2_S7	FFN_W2	9	None	L9_W2_S7	5636096	5636096									
L9_FFN_allreduce	AllReduce	9	None	None	0	0									
L9_Add2	Add	9	None	None	0	0									
L10_LN1	LN	10	None	None	0	0									
L10_X	Identity	10	None	None	0	0									
L10_K_S0	K	10	0	L10_WK_S0	2097152	2097152									
L10_V_S0	V	10	0	L10_WV_S0	2097152	2097152									
L10_K_S1	K	10	1	L10_WK_S1	2097152	2097152									
L10_V_S1	V	10	1	L10_WV_S1	2097152	2097152									
L10_K_S2	K	10	2	L10_WK_S2	2097152	2097152									
L10_V_S2	V	10	2	L10_WV_S2	2097152	2097152									
L10_K_S3	K	10	3	L10_WK_S3	2097152	2097152									
L10_V_S3	V	10	3	L10_WV_S3	2097152	2097152									
L10_K_S4	K	10	4	L10_WK_S4	2097152	2097152									
L10_V_S4	V	10	4	L10_WV_S4	2097152	2097152									
L10_K_S5	K	10	5	L10_WK_S5	2097152	2097152									
L10_V_S5	V	10	5	L10_WV_S5	2097152	2097152									
L10_K_S6	K	10	6	L10_WK_S6	2097152	2097152									
L10_V_S6	V	10	6	L10_WV_S6	2097152	2097152									
L10_K_S7	K	10	7	L10_WK_S7	2097152	2097152									
L10_V_S7	V	10	7	L10_WV_S7	2097152	2097152									
L10_K_write_S0	K_write	10	0	None	0	0									
L10_V_write_S0	V_write	10	0	None	0	0									
L10_K_write_S1	K_write	10	1	None	0	0									
L10_V_write_S1	V_write	10	1	None	0	0									
L10_K_write_S2	K_write	10	2	None	0	0									
L10_V_write_S2	V_write	10	2	None	0	0									
L10_K_write_S3	K_write	10	3	None	0	0									
L10_V_write_S3	V_write	10	3	None	0	0									
L10_K_write_S4	K_write	10	4	None	0	0									
L10_V_write_S4	V_write	10	4	None	0	0									
L10_K_write_S5	K_write	10	5	None	0	0									
L10_V_write_S5	V_write	10	5	None	0	0									
L10_K_write_S6	K_write	10	6	None	0	0									
L10_V_write_S6	V_write	10	6	None	0	0									
L10_K_write_S7	K_write	10	7	None	0	0									
L10_V_write_S7	V_write	10	7	None	0	0									
L10_Q_S0	Q	10	0	L10_WQ_S0	2097152	2097152									
L10_QK_S0	QK	10	0	None	0	0									
L10_Softmax_S0	Softmax	10	0	None	0	0									
L10_SV_S0	SV	10	0	None	0	0									
L10_O_S0	O	10	0	L10_WO_S0	2097152	2097152									
L10_Q_S1	Q	10	1	L10_WQ_S1	2097152	2097152									
L10_QK_S1	QK	10	1	None	0	0									
L10_Softmax_S1	Softmax	10	1	None	0	0									
L10_SV_S1	SV	10	1	None	0	0									
L10_O_S1	O	10	1	L10_WO_S1	2097152	2097152									
L10_Q_S2	Q	10	2	L10_WQ_S2	2097152	2097152									
L10_QK_S2	QK	10	2	None	0	0									
L10_Softmax_S2	Softmax	10	2	None	0	0									
L10_SV_S2	SV	10	2	None	0	0									
L10_O_S2	O	10	2	L10_WO_S2	2097152	2097152									
L10_Q_S3	Q	10	3	L10_WQ_S3	2097152	2097152									
L10_QK_S3	QK	10	3	None	0	0									
L10_Softmax_S3	Softmax	10	3	None	0	0									
L10_SV_S3	SV	10	3	None	0	0									
L10_O_S3	O	10	3	L10_WO_S3	2097152	2097152									
L10_Q_S4	Q	10	4	L10_WQ_S4	2097152	2097152									
L10_QK_S4	QK	10	4	None	0	0									
L10_Softmax_S4	Softmax	10	4	None	0	0									
L10_SV_S4	SV	10	4	None	0	0									
L10_O_S4	O	10	4	L10_WO_S4	2097152	2097152									
L10_Q_S5	Q	10	5	L10_WQ_S5	2097152	2097152									
L10_QK_S5	QK	10	5	None	0	0									
L10_Softmax_S5	Softmax	10	5	None	0	0									
L10_SV_S5	SV	10	5	None	0	0									
L10_O_S5	O	10	5	L10_WO_S5	2097152	2097152									
L10_Q_S6	Q	10	6	L10_WQ_S6	2097152	2097152									
L10_QK_S6	QK	10	6	None	0	0									
L10_Softmax_S6	Softmax	10	6	None	0	0									
L10_SV_S6	SV	10	6	None	0	0									
L10_O_S6	O	10	6	L10_WO_S6	2097152	2097152									
L10_Q_S7	Q	10	7	L10_WQ_S7	2097152	2097152									
L10_QK_S7	QK	10	7	None	0	0									
L10_Softmax_S7	Softmax	10	7	None	0	0									
L10_SV_S7	SV	10	7	None	0	0									
L10_O_S7	O	10	7	L10_WO_S7	2097152	2097152									
L10_O_allreduce	AllReduce	10	None	None	0	0									
L10_Add1	Add	10	None	None	0	0									
L10_LN2	LN	10	None	None	0	0									
L10_FFN_W1_S0	FFN_W1	10	None	L10_W1_S0	5636096	5636096									
L10_FFN_W3_S0	FFN_W3	10	None	L10_W3_S0	5636096	5636096									
L10_Act_S0	SwiGLU	10	None	None	0	0									
L10_FFN_W2_S0	FFN_W2	10	None	L10_W2_S0	5636096	5636096									
L10_FFN_W1_S1	FFN_W1	10	None	L10_W1_S1	5636096	5636096									
L10_FFN_W3_S1	FFN_W3	10	None	L10_W3_S1	5636096	5636096									
L10_Act_S1	SwiGLU	10	None	None	0	0									
L10_FFN_W2_S1	FFN_W2	10	None	L10_W2_S1	5636096	5636096									
L10_FFN_W1_S2	FFN_W1	10	None	L10_W1_S2	5636096	5636096									
L10_FFN_W3_S2	FFN_W3	10	None	L10_W3_S2	5636096	5636096									
L10_Act_S2	SwiGLU	10	None	None	0	0									
L10_FFN_W2_S2	FFN_W2	10	None	L10_W2_S2	5636096	5636096									
L10_FFN_W1_S3	FFN_W1	10	None	L10_W1_S3	5636096	5636096									
L10_FFN_W3_S3	FFN_W3	10	None	L10_W3_S3	5636096	5636096									
L10_Act_S3	SwiGLU	10	None	None	0	0									
L10_FFN_W2_S3	FFN_W2	10	None	L10_W2_S3	5636096	5636096									
L10_FFN_W1_S4	FFN_W1	10	None	L10_W1_S4	5636096	5636096									
L10_FFN_W3_S4	FFN_W3	10	None	L10_W3_S4	5636096	5636096									
L10_Act_S4	SwiGLU	10	None	None	0	0									
L10_FFN_W2_S4	FFN_W2	10	None	L10_W2_S4	5636096	5636096									
L10_FFN_W1_S5	FFN_W1	10	None	L10_W1_S5	5636096	5636096									
L10_FFN_W3_S5	FFN_W3	10	None	L10_W3_S5	5636096	5636096									
L10_Act_S5	SwiGLU	10	None	None	0	0									
L10_FFN_W2_S5	FFN_W2	10	None	L10_W2_S5	5636096	5636096									
L10_FFN_W1_S6	FFN_W1	10	None	L10_W1_S6	5636096	5636096									
L10_FFN_W3_S6	FFN_W3	10	None	L10_W3_S6	5636096	5636096									
L10_Act_S6	SwiGLU	10	None	None	0	0									
L10_FFN_W2_S6	FFN_W2	10	None	L10_W2_S6	5636096	5636096									
L10_FFN_W1_S7	FFN_W1	10	None	L10_W1_S7	5636096	5636096									
L10_FFN_W3_S7	FFN_W3	10	None	L10_W3_S7	5636096	5636096									
L10_Act_S7	SwiGLU	10	None	None	0	0									
L10_FFN_W2_S7	FFN_W2	10	None	L10_W2_S7	5636096	5636096									
L10_FFN_allreduce	AllReduce	10	None	None	0	0									
L10_Add2	Add	10	None	None	0	0									
L11_LN1	LN	11	None	None	0	0									
L11_X	Identity	11	None	None	0	0									
L11_K_S0	K	11	0	L11_WK_S0	2097152	2097152									
L11_V_S0	V	11	0	L11_WV_S0	2097152	2097152									
L11_K_S1	K	11	1	L11_WK_S1	2097152	2097152									
L11_V_S1	V	11	1	L11_WV_S1	2097152	2097152									
L11_K_S2	K	11	2	L11_WK_S2	2097152	2097152									
L11_V_S2	V	11	2	L11_WV_S2	2097152	2097152									
L11_K_S3	K	11	3	L11_WK_S3	2097152	2097152									
L11_V_S3	V	11	3	L11_WV_S3	2097152	2097152									
L11_K_S4	K	11	4	L11_WK_S4	2097152	2097152									
L11_V_S4	V	11	4	L11_WV_S4	2097152	2097152									
L11_K_S5	K	11	5	L11_WK_S5	2097152	2097152									
L11_V_S5	V	11	5	L11_WV_S5	2097152	2097152									
L11_K_S6	K	11	6	L11_WK_S6	2097152	2097152									
L11_V_S6	V	11	6	L11_WV_S6	2097152	2097152									
L11_K_S7	K	11	7	L11_WK_S7	2097152	2097152									
L11_V_S7	V	11	7	L11_WV_S7	2097152	2097152									
L11_K_write_S0	K_write	11	0	None	0	0									
L11_V_write_S0	V_write	11	0	None	0	0									
L11_K_write_S1	K_write	11	1	None	0	0									
L11_V_write_S1	V_write	11	1	None	0	0									
L11_K_write_S2	K_write	11	2	None	0	0									
L11_V_write_S2	V_write	11	2	None	0	0									
L11_K_write_S3	K_write	11	3	None	0	0									
L11_V_write_S3	V_write	11	3	None	0	0									
L11_K_write_S4	K_write	11	4	None	0	0									
L11_V_write_S4	V_write	11	4	None	0	0									
L11_K_write_S5	K_write	11	5	None	0	0									
L11_V_write_S5	V_write	11	5	None	0	0									
L11_K_write_S6	K_write	11	6	None	0	0									
L11_V_write_S6	V_write	11	6	None	0	0									
L11_K_write_S7	K_write	11	7	None	0	0									
L11_V_write_S7	V_write	11	7	None	0	0									
L11_Q_S0	Q	11	0	L11_WQ_S0	2097152	2097152									
L11_QK_S0	QK	11	0	None	0	0									
L11_Softmax_S0	Softmax	11	0	None	0	0									
L11_SV_S0	SV	11	0	None	0	0									
L11_O_S0	O	11	0	L11_WO_S0	2097152	2097152									
L11_Q_S1	Q	11	1	L11_WQ_S1	2097152	2097152									
L11_QK_S1	QK	11	1	None	0	0									
L11_Softmax_S1	Softmax	11	1	None	0	0									
L11_SV_S1	SV	11	1	None	0	0									
L11_O_S1	O	11	1	L11_WO_S1	2097152	2097152									
L11_Q_S2	Q	11	2	L11_WQ_S2	2097152	2097152									
L11_QK_S2	QK	11	2	None	0	0									
L11_Softmax_S2	Softmax	11	2	None	0	0									
L11_SV_S2	SV	11	2	None	0	0									
L11_O_S2	O	11	2	L11_WO_S2	2097152	2097152									
L11_Q_S3	Q	11	3	L11_WQ_S3	2097152	2097152									
L11_QK_S3	QK	11	3	None	0	0									
L11_Softmax_S3	Softmax	11	3	None	0	0									
L11_SV_S3	SV	11	3	None	0	0									
L11_O_S3	O	11	3	L11_WO_S3	2097152	2097152									
L11_Q_S4	Q	11	4	L11_WQ_S4	2097152	2097152									
L11_QK_S4	QK	11	4	None	0	0									
L11_Softmax_S4	Softmax	11	4	None	0	0									
L11_SV_S4	SV	11	4	None	0	0									
L11_O_S4	O	11	4	L11_WO_S4	2097152	2097152									
L11_Q_S5	Q	11	5	L11_WQ_S5	2097152	2097152									
L11_QK_S5	QK	11	5	None	0	0									
L11_Softmax_S5	Softmax	11	5	None	0	0									
L11_SV_S5	SV	11	5	None	0	0									
L11_O_S5	O	11	5	L11_WO_S5	2097152	2097152									
L11_Q_S6	Q	11	6	L11_WQ_S6	2097152	2097152									
L11_QK_S6	QK	11	6	None	0	0									
L11_Softmax_S6	Softmax	11	6	None	0	0									
L11_SV_S6	SV	11	6	None	0	0									
L11_O_S6	O	11	6	L11_WO_S6	2097152	2097152									
L11_Q_S7	Q	11	7	L11_WQ_S7	2097152	2097152									
L11_QK_S7	QK	11	7	None	0	0									
L11_Softmax_S7	Softmax	11	7	None	0	0									
L11_SV_S7	SV	11	7	None	0	0									
L11_O_S7	O	11	7	L11_WO_S7	2097152	2097152									
L11_O_allreduce	AllReduce	11	None	None	0	0									
L11_Add1	Add	11	None	None	0	0									
L11_LN2	LN	11	None	None	0	0									
L11_FFN_W1_S0	FFN_W1	11	None	L11_W1_S0	5636096	5636096									
L11_FFN_W3_S0	FFN_W3	11	None	L11_W3_S0	5636096	5636096									
L11_Act_S0	SwiGLU	11	None	None	0	0									
L11_FFN_W2_S0	FFN_W2	11	None	L11_W2_S0	5636096	5636096									
L11_FFN_W1_S1	FFN_W1	11	None	L11_W1_S1	5636096	5636096									
L11_FFN_W3_S1	FFN_W3	11	None	L11_W3_S1	5636096	5636096									
L11_Act_S1	SwiGLU	11	None	None	0	0									
L11_FFN_W2_S1	FFN_W2	11	None	L11_W2_S1	5636096	5636096									
L11_FFN_W1_S2	FFN_W1	11	None	L11_W1_S2	5636096	5636096									
L11_FFN_W3_S2	FFN_W3	11	None	L11_W3_S2	5636096	5636096									
L11_Act_S2	SwiGLU	11	None	None	0	0									
L11_FFN_W2_S2	FFN_W2	11	None	L11_W2_S2	5636096	5636096									
L11_FFN_W1_S3	FFN_W1	11	None	L11_W1_S3	5636096	5636096									
L11_FFN_W3_S3	FFN_W3	11	None	L11_W3_S3	5636096	5636096									
L11_Act_S3	SwiGLU	11	None	None	0	0									
L11_FFN_W2_S3	FFN_W2	11	None	L11_W2_S3	5636096	5636096									
L11_FFN_W1_S4	FFN_W1	11	None	L11_W1_S4	5636096	5636096									
L11_FFN_W3_S4	FFN_W3	11	None	L11_W3_S4	5636096	5636096									
L11_Act_S4	SwiGLU	11	None	None	0	0									
L11_FFN_W2_S4	FFN_W2	11	None	L11_W2_S4	5636096	5636096									
L11_FFN_W1_S5	FFN_W1	11	None	L11_W1_S5	5636096	5636096									
L11_FFN_W3_S5	FFN_W3	11	None	L11_W3_S5	5636096	5636096									
L11_Act_S5	SwiGLU	11	None	None	0	0									
L11_FFN_W2_S5	FFN_W2	11	None	L11_W2_S5	5636096	5636096									
L11_FFN_W1_S6	FFN_W1	11	None	L11_W1_S6	5636096	5636096									
L11_FFN_W3_S6	FFN_W3	11	None	L11_W3_S6	5636096	5636096									
L11_Act_S6	SwiGLU	11	None	None	0	0									
L11_FFN_W2_S6	FFN_W2	11	None	L11_W2_S6	5636096	5636096									
L11_FFN_W1_S7	FFN_W1	11	None	L11_W1_S7	5636096	5636096									
L11_FFN_W3_S7	FFN_W3	11	None	L11_W3_S7	5636096	5636096									
L11_Act_S7	SwiGLU	11	None	None	0	0									
L11_FFN_W2_S7	FFN_W2	11	None	L11_W2_S7	5636096	5636096									
L11_FFN_allreduce	AllReduce	11	None	None	0	0									
L11_Add2	Add	11	None	None	0	0									
L12_LN1	LN	12	None	None	0	0									
L12_X	Identity	12	None	None	0	0									
L12_K_S0	K	12	0	L12_WK_S0	2097152	2097152									
L12_V_S0	V	12	0	L12_WV_S0	2097152	2097152									
L12_K_S1	K	12	1	L12_WK_S1	2097152	2097152									
L12_V_S1	V	12	1	L12_WV_S1	2097152	2097152									
L12_K_S2	K	12	2	L12_WK_S2	2097152	2097152									
L12_V_S2	V	12	2	L12_WV_S2	2097152	2097152									
L12_K_S3	K	12	3	L12_WK_S3	2097152	2097152									
L12_V_S3	V	12	3	L12_WV_S3	2097152	2097152									
L12_K_S4	K	12	4	L12_WK_S4	2097152	2097152									
L12_V_S4	V	12	4	L12_WV_S4	2097152	2097152									
L12_K_S5	K	12	5	L12_WK_S5	2097152	2097152									
L12_V_S5	V	12	5	L12_WV_S5	2097152	2097152									
L12_K_S6	K	12	6	L12_WK_S6	2097152	2097152									
L12_V_S6	V	12	6	L12_WV_S6	2097152	2097152									
L12_K_S7	K	12	7	L12_WK_S7	2097152	2097152									
L12_V_S7	V	12	7	L12_WV_S7	2097152	2097152									
L12_K_write_S0	K_write	12	0	None	0	0									
L12_V_write_S0	V_write	12	0	None	0	0									
L12_K_write_S1	K_write	12	1	None	0	0									
L12_V_write_S1	V_write	12	1	None	0	0									
L12_K_write_S2	K_write	12	2	None	0	0									
L12_V_write_S2	V_write	12	2	None	0	0									
L12_K_write_S3	K_write	12	3	None	0	0									
L12_V_write_S3	V_write	12	3	None	0	0									
L12_K_write_S4	K_write	12	4	None	0	0									
L12_V_write_S4	V_write	12	4	None	0	0									
L12_K_write_S5	K_write	12	5	None	0	0									
L12_V_write_S5	V_write	12	5	None	0	0									
L12_K_write_S6	K_write	12	6	None	0	0									
L12_V_write_S6	V_write	12	6	None	0	0									
L12_K_write_S7	K_write	12	7	None	0	0									
L12_V_write_S7	V_write	12	7	None	0	0									
L12_Q_S0	Q	12	0	L12_WQ_S0	2097152	2097152									
L12_QK_S0	QK	12	0	None	0	0									
L12_Softmax_S0	Softmax	12	0	None	0	0									
L12_SV_S0	SV	12	0	None	0	0									
L12_O_S0	O	12	0	L12_WO_S0	2097152	2097152									
L12_Q_S1	Q	12	1	L12_WQ_S1	2097152	2097152									
L12_QK_S1	QK	12	1	None	0	0									
L12_Softmax_S1	Softmax	12	1	None	0	0									
L12_SV_S1	SV	12	1	None	0	0									
L12_O_S1	O	12	1	L12_WO_S1	2097152	2097152									
L12_Q_S2	Q	12	2	L12_WQ_S2	2097152	2097152									
L12_QK_S2	QK	12	2	None	0	0									
L12_Softmax_S2	Softmax	12	2	None	0	0									
L12_SV_S2	SV	12	2	None	0	0									
L12_O_S2	O	12	2	L12_WO_S2	2097152	2097152									
L12_Q_S3	Q	12	3	L12_WQ_S3	2097152	2097152									
L12_QK_S3	QK	12	3	None	0	0									
L12_Softmax_S3	Softmax	12	3	None	0	0									
L12_SV_S3	SV	12	3	None	0	0									
L12_O_S3	O	12	3	L12_WO_S3	2097152	2097152									
L12_Q_S4	Q	12	4	L12_WQ_S4	2097152	2097152									
L12_QK_S4	QK	12	4	None	0	0									
L12_Softmax_S4	Softmax	12	4	None	0	0									
L12_SV_S4	SV	12	4	None	0	0									
L12_O_S4	O	12	4	L12_WO_S4	2097152	2097152									
L12_Q_S5	Q	12	5	L12_WQ_S5	2097152	2097152									
L12_QK_S5	QK	12	5	None	0	0									
L12_Softmax_S5	Softmax	12	5	None	0	0									
L12_SV_S5	SV	12	5	None	0	0									
L12_O_S5	O	12	5	L12_WO_S5	2097152	2097152									
L12_Q_S6	Q	12	6	L12_WQ_S6	2097152	2097152									
L12_QK_S6	QK	12	6	None	0	0									
L12_Softmax_S6	Softmax	12	6	None	0	0									
L12_SV_S6	SV	12	6	None	0	0									
L12_O_S6	O	12	6	L12_WO_S6	2097152	2097152									
L12_Q_S7	Q	12	7	L12_WQ_S7	2097152	2097152									
L12_QK_S7	QK	12	7	None	0	0									
L12_Softmax_S7	Softmax	12	7	None	0	0									
L12_SV_S7	SV	12	7	None	0	0									
L12_O_S7	O	12	7	L12_WO_S7	2097152	2097152									
L12_O_allreduce	AllReduce	12	None	None	0	0									
L12_Add1	Add	12	None	None	0	0									
L12_LN2	LN	12	None	None	0	0									
L12_FFN_W1_S0	FFN_W1	12	None	L12_W1_S0	5636096	5636096									
L12_FFN_W3_S0	FFN_W3	12	None	L12_W3_S0	5636096	5636096									
L12_Act_S0	SwiGLU	12	None	None	0	0									
L12_FFN_W2_S0	FFN_W2	12	None	L12_W2_S0	5636096	5636096									
L12_FFN_W1_S1	FFN_W1	12	None	L12_W1_S1	5636096	5636096									
L12_FFN_W3_S1	FFN_W3	12	None	L12_W3_S1	5636096	5636096									
L12_Act_S1	SwiGLU	12	None	None	0	0									
L12_FFN_W2_S1	FFN_W2	12	None	L12_W2_S1	5636096	5636096									
L12_FFN_W1_S2	FFN_W1	12	None	L12_W1_S2	5636096	5636096									
L12_FFN_W3_S2	FFN_W3	12	None	L12_W3_S2	5636096	5636096									
L12_Act_S2	SwiGLU	12	None	None	0	0									
L12_FFN_W2_S2	FFN_W2	12	None	L12_W2_S2	5636096	5636096									
L12_FFN_W1_S3	FFN_W1	12	None	L12_W1_S3	5636096	5636096									
L12_FFN_W3_S3	FFN_W3	12	None	L12_W3_S3	5636096	5636096									
L12_Act_S3	SwiGLU	12	None	None	0	0									
L12_FFN_W2_S3	FFN_W2	12	None	L12_W2_S3	5636096	5636096									
L12_FFN_W1_S4	FFN_W1	12	None	L12_W1_S4	5636096	5636096									
L12_FFN_W3_S4	FFN_W3	12	None	L12_W3_S4	5636096	5636096									
L12_Act_S4	SwiGLU	12	None	None	0	0									
L12_FFN_W2_S4	FFN_W2	12	None	L12_W2_S4	5636096	5636096									
L12_FFN_W1_S5	FFN_W1	12	None	L12_W1_S5	5636096	5636096									
L12_FFN_W3_S5	FFN_W3	12	None	L12_W3_S5	5636096	5636096									
L12_Act_S5	SwiGLU	12	None	None	0	0									
L12_FFN_W2_S5	FFN_W2	12	None	L12_W2_S5	5636096	5636096									
L12_FFN_W1_S6	FFN_W1	12	None	L12_W1_S6	5636096	5636096									
L12_FFN_W3_S6	FFN_W3	12	None	L12_W3_S6	5636096	5636096									
L12_Act_S6	SwiGLU	12	None	None	0	0									
L12_FFN_W2_S6	FFN_W2	12	None	L12_W2_S6	5636096	5636096									
L12_FFN_W1_S7	FFN_W1	12	None	L12_W1_S7	5636096	5636096									
L12_FFN_W3_S7	FFN_W3	12	None	L12_W3_S7	5636096	5636096									
L12_Act_S7	SwiGLU	12	None	None	0	0									
L12_FFN_W2_S7	FFN_W2	12	None	L12_W2_S7	5636096	5636096									
L12_FFN_allreduce	AllReduce	12	None	None	0	0									
L12_Add2	Add	12	None	None	0	0									
L13_LN1	LN	13	None	None	0	0									
L13_X	Identity	13	None	None	0	0									
L13_K_S0	K	13	0	L13_WK_S0	2097152	2097152									
L13_V_S0	V	13	0	L13_WV_S0	2097152	2097152									
L13_K_S1	K	13	1	L13_WK_S1	2097152	2097152									
L13_V_S1	V	13	1	L13_WV_S1	2097152	2097152									
L13_K_S2	K	13	2	L13_WK_S2	2097152	2097152									
L13_V_S2	V	13	2	L13_WV_S2	2097152	2097152									
L13_K_S3	K	13	3	L13_WK_S3	2097152	2097152									
L13_V_S3	V	13	3	L13_WV_S3	2097152	2097152									
L13_K_S4	K	13	4	L13_WK_S4	2097152	2097152									
L13_V_S4	V	13	4	L13_WV_S4	2097152	2097152									
L13_K_S5	K	13	5	L13_WK_S5	2097152	2097152									
L13_V_S5	V	13	5	L13_WV_S5	2097152	2097152									
L13_K_S6	K	13	6	L13_WK_S6	2097152	2097152									
L13_V_S6	V	13	6	L13_WV_S6	2097152	2097152									
L13_K_S7	K	13	7	L13_WK_S7	2097152	2097152									
L13_V_S7	V	13	7	L13_WV_S7	2097152	2097152									
L13_K_write_S0	K_write	13	0	None	0	0									
L13_V_write_S0	V_write	13	0	None	0	0									
L13_K_write_S1	K_write	13	1	None	0	0									
L13_V_write_S1	V_write	13	1	None	0	0									
L13_K_write_S2	K_write	13	2	None	0	0									
L13_V_write_S2	V_write	13	2	None	0	0									
L13_K_write_S3	K_write	13	3	None	0	0									
L13_V_write_S3	V_write	13	3	None	0	0									
L13_K_write_S4	K_write	13	4	None	0	0									
L13_V_write_S4	V_write	13	4	None	0	0									
L13_K_write_S5	K_write	13	5	None	0	0									
L13_V_write_S5	V_write	13	5	None	0	0									
L13_K_write_S6	K_write	13	6	None	0	0									
L13_V_write_S6	V_write	13	6	None	0	0									
L13_K_write_S7	K_write	13	7	None	0	0									
L13_V_write_S7	V_write	13	7	None	0	0									
L13_Q_S0	Q	13	0	L13_WQ_S0	2097152	2097152									
L13_QK_S0	QK	13	0	None	0	0									
L13_Softmax_S0	Softmax	13	0	None	0	0									
L13_SV_S0	SV	13	0	None	0	0									
L13_O_S0	O	13	0	L13_WO_S0	2097152	2097152									
L13_Q_S1	Q	13	1	L13_WQ_S1	2097152	2097152									
L13_QK_S1	QK	13	1	None	0	0									
L13_Softmax_S1	Softmax	13	1	None	0	0									
L13_SV_S1	SV	13	1	None	0	0									
L13_O_S1	O	13	1	L13_WO_S1	2097152	2097152									
L13_Q_S2	Q	13	2	L13_WQ_S2	2097152	2097152									
L13_QK_S2	QK	13	2	None	0	0									
L13_Softmax_S2	Softmax	13	2	None	0	0									
L13_SV_S2	SV	13	2	None	0	0									
L13_O_S2	O	13	2	L13_WO_S2	2097152	2097152									
L13_Q_S3	Q	13	3	L13_WQ_S3	2097152	2097152									
L13_QK_S3	QK	13	3	None	0	0									
L13_Softmax_S3	Softmax	13	3	None	0	0									
L13_SV_S3	SV	13	3	None	0	0									
L13_O_S3	O	13	3	L13_WO_S3	2097152	2097152									
L13_Q_S4	Q	13	4	L13_WQ_S4	2097152	2097152									
L13_QK_S4	QK	13	4	None	0	0									
L13_Softmax_S4	Softmax	13	4	None	0	0									
L13_SV_S4	SV	13	4	None	0	0									
L13_O_S4	O	13	4	L13_WO_S4	2097152	2097152									
L13_Q_S5	Q	13	5	L13_WQ_S5	2097152	2097152									
L13_QK_S5	QK	13	5	None	0	0									
L13_Softmax_S5	Softmax	13	5	None	0	0									
L13_SV_S5	SV	13	5	None	0	0									
L13_O_S5	O	13	5	L13_WO_S5	2097152	2097152									
L13_Q_S6	Q	13	6	L13_WQ_S6	2097152	2097152									
L13_QK_S6	QK	13	6	None	0	0									
L13_Softmax_S6	Softmax	13	6	None	0	0									
L13_SV_S6	SV	13	6	None	0	0									
L13_O_S6	O	13	6	L13_WO_S6	2097152	2097152									
L13_Q_S7	Q	13	7	L13_WQ_S7	2097152	2097152									
L13_QK_S7	QK	13	7	None	0	0									
L13_Softmax_S7	Softmax	13	7	None	0	0									
L13_SV_S7	SV	13	7	None	0	0									
L13_O_S7	O	13	7	L13_WO_S7	2097152	2097152									
L13_O_allreduce	AllReduce	13	None	None	0	0									
L13_Add1	Add	13	None	None	0	0									
L13_LN2	LN	13	None	None	0	0									
L13_FFN_W1_S0	FFN_W1	13	None	L13_W1_S0	5636096	5636096									
L13_FFN_W3_S0	FFN_W3	13	None	L13_W3_S0	5636096	5636096									
L13_Act_S0	SwiGLU	13	None	None	0	0									
L13_FFN_W2_S0	FFN_W2	13	None	L13_W2_S0	5636096	5636096									
L13_FFN_W1_S1	FFN_W1	13	None	L13_W1_S1	5636096	5636096									
L13_FFN_W3_S1	FFN_W3	13	None	L13_W3_S1	5636096	5636096									
L13_Act_S1	SwiGLU	13	None	None	0	0									
L13_FFN_W2_S1	FFN_W2	13	None	L13_W2_S1	5636096	5636096									
L13_FFN_W1_S2	FFN_W1	13	None	L13_W1_S2	5636096	5636096									
L13_FFN_W3_S2	FFN_W3	13	None	L13_W3_S2	5636096	5636096									
L13_Act_S2	SwiGLU	13	None	None	0	0									
L13_FFN_W2_S2	FFN_W2	13	None	L13_W2_S2	5636096	5636096									
L13_FFN_W1_S3	FFN_W1	13	None	L13_W1_S3	5636096	5636096									
L13_FFN_W3_S3	FFN_W3	13	None	L13_W3_S3	5636096	5636096									
L13_Act_S3	SwiGLU	13	None	None	0	0									
L13_FFN_W2_S3	FFN_W2	13	None	L13_W2_S3	5636096	5636096									
L13_FFN_W1_S4	FFN_W1	13	None	L13_W1_S4	5636096	5636096									
L13_FFN_W3_S4	FFN_W3	13	None	L13_W3_S4	5636096	5636096									
L13_Act_S4	SwiGLU	13	None	None	0	0									
L13_FFN_W2_S4	FFN_W2	13	None	L13_W2_S4	5636096	5636096									
L13_FFN_W1_S5	FFN_W1	13	None	L13_W1_S5	5636096	5636096									
L13_FFN_W3_S5	FFN_W3	13	None	L13_W3_S5	5636096	5636096									
L13_Act_S5	SwiGLU	13	None	None	0	0									
L13_FFN_W2_S5	FFN_W2	13	None	L13_W2_S5	5636096	5636096									
L13_FFN_W1_S6	FFN_W1	13	None	L13_W1_S6	5636096	5636096									
L13_FFN_W3_S6	FFN_W3	13	None	L13_W3_S6	5636096	5636096									
L13_Act_S6	SwiGLU	13	None	None	0	0									
L13_FFN_W2_S6	FFN_W2	13	None	L13_W2_S6	5636096	5636096									
L13_FFN_W1_S7	FFN_W1	13	None	L13_W1_S7	5636096	5636096									
L13_FFN_W3_S7	FFN_W3	13	None	L13_W3_S7	5636096	5636096									
L13_Act_S7	SwiGLU	13	None	None	0	0									
L13_FFN_W2_S7	FFN_W2	13	None	L13_W2_S7	5636096	5636096									
L13_FFN_allreduce	AllReduce	13	None	None	0	0									
L13_Add2	Add	13	None	None	0	0									
L14_LN1	LN	14	None	None	0	0									
L14_X	Identity	14	None	None	0	0									
L14_K_S0	K	14	0	L14_WK_S0	2097152	2097152									
L14_V_S0	V	14	0	L14_WV_S0	2097152	2097152									
L14_K_S1	K	14	1	L14_WK_S1	2097152	2097152									
L14_V_S1	V	14	1	L14_WV_S1	2097152	2097152									
L14_K_S2	K	14	2	L14_WK_S2	2097152	2097152									
L14_V_S2	V	14	2	L14_WV_S2	2097152	2097152									
L14_K_S3	K	14	3	L14_WK_S3	2097152	2097152									
L14_V_S3	V	14	3	L14_WV_S3	2097152	2097152									
L14_K_S4	K	14	4	L14_WK_S4	2097152	2097152									
L14_V_S4	V	14	4	L14_WV_S4	2097152	2097152									
L14_K_S5	K	14	5	L14_WK_S5	2097152	2097152									
L14_V_S5	V	14	5	L14_WV_S5	2097152	2097152									
L14_K_S6	K	14	6	L14_WK_S6	2097152	2097152									
L14_V_S6	V	14	6	L14_WV_S6	2097152	2097152									
L14_K_S7	K	14	7	L14_WK_S7	2097152	2097152									
L14_V_S7	V	14	7	L14_WV_S7	2097152	2097152									
L14_K_write_S0	K_write	14	0	None	0	0									
L14_V_write_S0	V_write	14	0	None	0	0									
L14_K_write_S1	K_write	14	1	None	0	0									
L14_V_write_S1	V_write	14	1	None	0	0									
L14_K_write_S2	K_write	14	2	None	0	0									
L14_V_write_S2	V_write	14	2	None	0	0									
L14_K_write_S3	K_write	14	3	None	0	0									
L14_V_write_S3	V_write	14	3	None	0	0									
L14_K_write_S4	K_write	14	4	None	0	0									
L14_V_write_S4	V_write	14	4	None	0	0									
L14_K_write_S5	K_write	14	5	None	0	0									
L14_V_write_S5	V_write	14	5	None	0	0									
L14_K_write_S6	K_write	14	6	None	0	0									
L14_V_write_S6	V_write	14	6	None	0	0									
L14_K_write_S7	K_write	14	7	None	0	0									
L14_V_write_S7	V_write	14	7	None	0	0									
L14_Q_S0	Q	14	0	L14_WQ_S0	2097152	2097152									
L14_QK_S0	QK	14	0	None	0	0									
L14_Softmax_S0	Softmax	14	0	None	0	0									
L14_SV_S0	SV	14	0	None	0	0									
L14_O_S0	O	14	0	L14_WO_S0	2097152	2097152									
L14_Q_S1	Q	14	1	L14_WQ_S1	2097152	2097152									
L14_QK_S1	QK	14	1	None	0	0									
L14_Softmax_S1	Softmax	14	1	None	0	0									
L14_SV_S1	SV	14	1	None	0	0									
L14_O_S1	O	14	1	L14_WO_S1	2097152	2097152									
L14_Q_S2	Q	14	2	L14_WQ_S2	2097152	2097152									
L14_QK_S2	QK	14	2	None	0	0									
L14_Softmax_S2	Softmax	14	2	None	0	0									
L14_SV_S2	SV	14	2	None	0	0									
L14_O_S2	O	14	2	L14_WO_S2	2097152	2097152									
L14_Q_S3	Q	14	3	L14_WQ_S3	2097152	2097152									
L14_QK_S3	QK	14	3	None	0	0									
L14_Softmax_S3	Softmax	14	3	None	0	0									
L14_SV_S3	SV	14	3	None	0	0									
L14_O_S3	O	14	3	L14_WO_S3	2097152	2097152									
L14_Q_S4	Q	14	4	L14_WQ_S4	2097152	2097152									
L14_QK_S4	QK	14	4	None	0	0									
L14_Softmax_S4	Softmax	14	4	None	0	0									
L14_SV_S4	SV	14	4	None	0	0									
L14_O_S4	O	14	4	L14_WO_S4	2097152	2097152									
L14_Q_S5	Q	14	5	L14_WQ_S5	2097152	2097152									
L14_QK_S5	QK	14	5	None	0	0									
L14_Softmax_S5	Softmax	14	5	None	0	0									
L14_SV_S5	SV	14	5	None	0	0									
L14_O_S5	O	14	5	L14_WO_S5	2097152	2097152									
L14_Q_S6	Q	14	6	L14_WQ_S6	2097152	2097152									
L14_QK_S6	QK	14	6	None	0	0									
L14_Softmax_S6	Softmax	14	6	None	0	0									
L14_SV_S6	SV	14	6	None	0	0									
L14_O_S6	O	14	6	L14_WO_S6	2097152	2097152									
L14_Q_S7	Q	14	7	L14_WQ_S7	2097152	2097152									
L14_QK_S7	QK	14	7	None	0	0									
L14_Softmax_S7	Softmax	14	7	None	0	0									
L14_SV_S7	SV	14	7	None	0	0									
L14_O_S7	O	14	7	L14_WO_S7	2097152	2097152									
L14_O_allreduce	AllReduce	14	None	None	0	0									
L14_Add1	Add	14	None	None	0	0									
L14_LN2	LN	14	None	None	0	0									
L14_FFN_W1_S0	FFN_W1	14	None	L14_W1_S0	5636096	5636096									
L14_FFN_W3_S0	FFN_W3	14	None	L14_W3_S0	5636096	5636096									
L14_Act_S0	SwiGLU	14	None	None	0	0									
L14_FFN_W2_S0	FFN_W2	14	None	L14_W2_S0	5636096	5636096									
L14_FFN_W1_S1	FFN_W1	14	None	L14_W1_S1	5636096	5636096									
L14_FFN_W3_S1	FFN_W3	14	None	L14_W3_S1	5636096	5636096									
L14_Act_S1	SwiGLU	14	None	None	0	0									
L14_FFN_W2_S1	FFN_W2	14	None	L14_W2_S1	5636096	5636096									
L14_FFN_W1_S2	FFN_W1	14	None	L14_W1_S2	5636096	5636096									
L14_FFN_W3_S2	FFN_W3	14	None	L14_W3_S2	5636096	5636096									
L14_Act_S2	SwiGLU	14	None	None	0	0									
L14_FFN_W2_S2	FFN_W2	14	None	L14_W2_S2	5636096	5636096									
L14_FFN_W1_S3	FFN_W1	14	None	L14_W1_S3	5636096	5636096									
L14_FFN_W3_S3	FFN_W3	14	None	L14_W3_S3	5636096	5636096									
L14_Act_S3	SwiGLU	14	None	None	0	0									
L14_FFN_W2_S3	FFN_W2	14	None	L14_W2_S3	5636096	5636096									
L14_FFN_W1_S4	FFN_W1	14	None	L14_W1_S4	5636096	5636096									
L14_FFN_W3_S4	FFN_W3	14	None	L14_W3_S4	5636096	5636096									
L14_Act_S4	SwiGLU	14	None	None	0	0									
L14_FFN_W2_S4	FFN_W2	14	None	L14_W2_S4	5636096	5636096									
L14_FFN_W1_S5	FFN_W1	14	None	L14_W1_S5	5636096	5636096									
L14_FFN_W3_S5	FFN_W3	14	None	L14_W3_S5	5636096	5636096									
L14_Act_S5	SwiGLU	14	None	None	0	0									
L14_FFN_W2_S5	FFN_W2	14	None	L14_W2_S5	5636096	5636096									
L14_FFN_W1_S6	FFN_W1	14	None	L14_W1_S6	5636096	5636096									
L14_FFN_W3_S6	FFN_W3	14	None	L14_W3_S6	5636096	5636096									
L14_Act_S6	SwiGLU	14	None	None	0	0									
L14_FFN_W2_S6	FFN_W2	14	None	L14_W2_S6	5636096	5636096									
L14_FFN_W1_S7	FFN_W1	14	None	L14_W1_S7	5636096	5636096									
L14_FFN_W3_S7	FFN_W3	14	None	L14_W3_S7	5636096	5636096									
L14_Act_S7	SwiGLU	14	None	None	0	0									
L14_FFN_W2_S7	FFN_W2	14	None	L14_W2_S7	5636096	5636096									
L14_FFN_allreduce	AllReduce	14	None	None	0	0									
L14_Add2	Add	14	None	None	0	0									
L15_LN1	LN	15	None	None	0	0									
L15_X	Identity	15	None	None	0	0									
L15_K_S0	K	15	0	L15_WK_S0	2097152	2097152									
L15_V_S0	V	15	0	L15_WV_S0	2097152	2097152									
L15_K_S1	K	15	1	L15_WK_S1	2097152	2097152									
L15_V_S1	V	15	1	L15_WV_S1	2097152	2097152									
L15_K_S2	K	15	2	L15_WK_S2	2097152	2097152									
L15_V_S2	V	15	2	L15_WV_S2	2097152	2097152									
L15_K_S3	K	15	3	L15_WK_S3	2097152	2097152									
L15_V_S3	V	15	3	L15_WV_S3	2097152	2097152									
L15_K_S4	K	15	4	L15_WK_S4	2097152	2097152									
L15_V_S4	V	15	4	L15_WV_S4	2097152	2097152									
L15_K_S5	K	15	5	L15_WK_S5	2097152	2097152									
L15_V_S5	V	15	5	L15_WV_S5	2097152	2097152									
L15_K_S6	K	15	6	L15_WK_S6	2097152	2097152									
L15_V_S6	V	15	6	L15_WV_S6	2097152	2097152									
L15_K_S7	K	15	7	L15_WK_S7	2097152	2097152									
L15_V_S7	V	15	7	L15_WV_S7	2097152	2097152									
L15_K_write_S0	K_write	15	0	None	0	0									
L15_V_write_S0	V_write	15	0	None	0	0									
L15_K_write_S1	K_write	15	1	None	0	0									
L15_V_write_S1	V_write	15	1	None	0	0									
L15_K_write_S2	K_write	15	2	None	0	0									
L15_V_write_S2	V_write	15	2	None	0	0									
L15_K_write_S3	K_write	15	3	None	0	0									
L15_V_write_S3	V_write	15	3	None	0	0									
L15_K_write_S4	K_write	15	4	None	0	0									
L15_V_write_S4	V_write	15	4	None	0	0									
L15_K_write_S5	K_write	15	5	None	0	0									
L15_V_write_S5	V_write	15	5	None	0	0									
L15_K_write_S6	K_write	15	6	None	0	0									
L15_V_write_S6	V_write	15	6	None	0	0									
L15_K_write_S7	K_write	15	7	None	0	0									
L15_V_write_S7	V_write	15	7	None	0	0									
L15_Q_S0	Q	15	0	L15_WQ_S0	2097152	2097152									
L15_QK_S0	QK	15	0	None	0	0									
L15_Softmax_S0	Softmax	15	0	None	0	0									
L15_SV_S0	SV	15	0	None	0	0									
L15_O_S0	O	15	0	L15_WO_S0	2097152	2097152									
L15_Q_S1	Q	15	1	L15_WQ_S1	2097152	2097152									
L15_QK_S1	QK	15	1	None	0	0									
L15_Softmax_S1	Softmax	15	1	None	0	0									
L15_SV_S1	SV	15	1	None	0	0									
L15_O_S1	O	15	1	L15_WO_S1	2097152	2097152									
L15_Q_S2	Q	15	2	L15_WQ_S2	2097152	2097152									
L15_QK_S2	QK	15	2	None	0	0									
L15_Softmax_S2	Softmax	15	2	None	0	0									
L15_SV_S2	SV	15	2	None	0	0									
L15_O_S2	O	15	2	L15_WO_S2	2097152	2097152									
L15_Q_S3	Q	15	3	L15_WQ_S3	2097152	2097152									
L15_QK_S3	QK	15	3	None	0	0									
L15_Softmax_S3	Softmax	15	3	None	0	0									
L15_SV_S3	SV	15	3	None	0	0									
L15_O_S3	O	15	3	L15_WO_S3	2097152	2097152									
L15_Q_S4	Q	15	4	L15_WQ_S4	2097152	2097152									
L15_QK_S4	QK	15	4	None	0	0									
L15_Softmax_S4	Softmax	15	4	None	0	0									
L15_SV_S4	SV	15	4	None	0	0									
L15_O_S4	O	15	4	L15_WO_S4	2097152	2097152									
L15_Q_S5	Q	15	5	L15_WQ_S5	2097152	2097152									
L15_QK_S5	QK	15	5	None	0	0									
L15_Softmax_S5	Softmax	15	5	None	0	0									
L15_SV_S5	SV	15	5	None	0	0									
L15_O_S5	O	15	5	L15_WO_S5	2097152	2097152									
L15_Q_S6	Q	15	6	L15_WQ_S6	2097152	2097152									
L15_QK_S6	QK	15	6	None	0	0									
L15_Softmax_S6	Softmax	15	6	None	0	0									
L15_SV_S6	SV	15	6	None	0	0									
L15_O_S6	O	15	6	L15_WO_S6	2097152	2097152									
L15_Q_S7	Q	15	7	L15_WQ_S7	2097152	2097152									
L15_QK_S7	QK	15	7	None	0	0									
L15_Softmax_S7	Softmax	15	7	None	0	0									
L15_SV_S7	SV	15	7	None	0	0									
L15_O_S7	O	15	7	L15_WO_S7	2097152	2097152									
L15_O_allreduce	AllReduce	15	None	None	0	0									
L15_Add1	Add	15	None	None	0	0									
L15_LN2	LN	15	None	None	0	0									
L15_FFN_W1_S0	FFN_W1	15	None	L15_W1_S0	5636096	5636096									
L15_FFN_W3_S0	FFN_W3	15	None	L15_W3_S0	5636096	5636096									
L15_Act_S0	SwiGLU	15	None	None	0	0									
L15_FFN_W2_S0	FFN_W2	15	None	L15_W2_S0	5636096	5636096									
L15_FFN_W1_S1	FFN_W1	15	None	L15_W1_S1	5636096	5636096									
L15_FFN_W3_S1	FFN_W3	15	None	L15_W3_S1	5636096	5636096									
L15_Act_S1	SwiGLU	15	None	None	0	0									
L15_FFN_W2_S1	FFN_W2	15	None	L15_W2_S1	5636096	5636096									
L15_FFN_W1_S2	FFN_W1	15	None	L15_W1_S2	5636096	5636096									
L15_FFN_W3_S2	FFN_W3	15	None	L15_W3_S2	5636096	5636096									
L15_Act_S2	SwiGLU	15	None	None	0	0									
L15_FFN_W2_S2	FFN_W2	15	None	L15_W2_S2	5636096	5636096									
L15_FFN_W1_S3	FFN_W1	15	None	L15_W1_S3	5636096	5636096									
L15_FFN_W3_S3	FFN_W3	15	None	L15_W3_S3	5636096	5636096									
L15_Act_S3	SwiGLU	15	None	None	0	0									
L15_FFN_W2_S3	FFN_W2	15	None	L15_W2_S3	5636096	5636096									
L15_FFN_W1_S4	FFN_W1	15	None	L15_W1_S4	5636096	5636096									
L15_FFN_W3_S4	FFN_W3	15	None	L15_W3_S4	5636096	5636096									
L15_Act_S4	SwiGLU	15	None	None	0	0									
L15_FFN_W2_S4	FFN_W2	15	None	L15_W2_S4	5636096	5636096									
L15_FFN_W1_S5	FFN_W1	15	None	L15_W1_S5	5636096	5636096									
L15_FFN_W3_S5	FFN_W3	15	None	L15_W3_S5	5636096	5636096									
L15_Act_S5	SwiGLU	15	None	None	0	0									
L15_FFN_W2_S5	FFN_W2	15	None	L15_W2_S5	5636096	5636096									
L15_FFN_W1_S6	FFN_W1	15	None	L15_W1_S6	5636096	5636096									
L15_FFN_W3_S6	FFN_W3	15	None	L15_W3_S6	5636096	5636096									
L15_Act_S6	SwiGLU	15	None	None	0	0									
L15_FFN_W2_S6	FFN_W2	15	None	L15_W2_S6	5636096	5636096									
L15_FFN_W1_S7	FFN_W1	15	None	L15_W1_S7	5636096	5636096									
L15_FFN_W3_S7	FFN_W3	15	None	L15_W3_S7	5636096	5636096									
L15_Act_S7	SwiGLU	15	None	None	0	0									
L15_FFN_W2_S7	FFN_W2	15	None	L15_W2_S7	5636096	5636096									
L15_FFN_allreduce	AllReduce	15	None	None	0	0									
L15_Add2	Add	15	None	None	0	0									
L16_LN1	LN	16	None	None	0	0									
L16_X	Identity	16	None	None	0	0									
L16_K_S0	K	16	0	L16_WK_S0	2097152	2097152									
L16_V_S0	V	16	0	L16_WV_S0	2097152	2097152									
L16_K_S1	K	16	1	L16_WK_S1	2097152	2097152									
L16_V_S1	V	16	1	L16_WV_S1	2097152	2097152									
L16_K_S2	K	16	2	L16_WK_S2	2097152	2097152									
L16_V_S2	V	16	2	L16_WV_S2	2097152	2097152									
L16_K_S3	K	16	3	L16_WK_S3	2097152	2097152									
L16_V_S3	V	16	3	L16_WV_S3	2097152	2097152									
L16_K_S4	K	16	4	L16_WK_S4	2097152	2097152									
L16_V_S4	V	16	4	L16_WV_S4	2097152	2097152									
L16_K_S5	K	16	5	L16_WK_S5	2097152	2097152									
L16_V_S5	V	16	5	L16_WV_S5	2097152	2097152									
L16_K_S6	K	16	6	L16_WK_S6	2097152	2097152									
L16_V_S6	V	16	6	L16_WV_S6	2097152	2097152									
L16_K_S7	K	16	7	L16_WK_S7	2097152	2097152									
L16_V_S7	V	16	7	L16_WV_S7	2097152	2097152									
L16_K_write_S0	K_write	16	0	None	0	0									
L16_V_write_S0	V_write	16	0	None	0	0									
L16_K_write_S1	K_write	16	1	None	0	0									
L16_V_write_S1	V_write	16	1	None	0	0									
L16_K_write_S2	K_write	16	2	None	0	0									
L16_V_write_S2	V_write	16	2	None	0	0									
L16_K_write_S3	K_write	16	3	None	0	0									
L16_V_write_S3	V_write	16	3	None	0	0									
L16_K_write_S4	K_write	16	4	None	0	0									
L16_V_write_S4	V_write	16	4	None	0	0									
L16_K_write_S5	K_write	16	5	None	0	0									
L16_V_write_S5	V_write	16	5	None	0	0									
L16_K_write_S6	K_write	16	6	None	0	0									
L16_V_write_S6	V_write	16	6	None	0	0									
L16_K_write_S7	K_write	16	7	None	0	0									
L16_V_write_S7	V_write	16	7	None	0	0									
L16_Q_S0	Q	16	0	L16_WQ_S0	2097152	2097152									
L16_QK_S0	QK	16	0	None	0	0									
L16_Softmax_S0	Softmax	16	0	None	0	0									
L16_SV_S0	SV	16	0	None	0	0									
L16_O_S0	O	16	0	L16_WO_S0	2097152	2097152									
L16_Q_S1	Q	16	1	L16_WQ_S1	2097152	2097152									
L16_QK_S1	QK	16	1	None	0	0									
L16_Softmax_S1	Softmax	16	1	None	0	0									
L16_SV_S1	SV	16	1	None	0	0									
L16_O_S1	O	16	1	L16_WO_S1	2097152	2097152									
L16_Q_S2	Q	16	2	L16_WQ_S2	2097152	2097152									
L16_QK_S2	QK	16	2	None	0	0									
L16_Softmax_S2	Softmax	16	2	None	0	0									
L16_SV_S2	SV	16	2	None	0	0									
L16_O_S2	O	16	2	L16_WO_S2	2097152	2097152									
L16_Q_S3	Q	16	3	L16_WQ_S3	2097152	2097152									
L16_QK_S3	QK	16	3	None	0	0									
L16_Softmax_S3	Softmax	16	3	None	0	0									
L16_SV_S3	SV	16	3	None	0	0									
L16_O_S3	O	16	3	L16_WO_S3	2097152	2097152									
L16_Q_S4	Q	16	4	L16_WQ_S4	2097152	2097152									
L16_QK_S4	QK	16	4	None	0	0									
L16_Softmax_S4	Softmax	16	4	None	0	0									
L16_SV_S4	SV	16	4	None	0	0									
L16_O_S4	O	16	4	L16_WO_S4	2097152	2097152									
L16_Q_S5	Q	16	5	L16_WQ_S5	2097152	2097152									
L16_QK_S5	QK	16	5	None	0	0									
L16_Softmax_S5	Softmax	16	5	None	0	0									
L16_SV_S5	SV	16	5	None	0	0									
L16_O_S5	O	16	5	L16_WO_S5	2097152	2097152									
L16_Q_S6	Q	16	6	L16_WQ_S6	2097152	2097152									
L16_QK_S6	QK	16	6	None	0	0									
L16_Softmax_S6	Softmax	16	6	None	0	0									
L16_SV_S6	SV	16	6	None	0	0									
L16_O_S6	O	16	6	L16_WO_S6	2097152	2097152									
L16_Q_S7	Q	16	7	L16_WQ_S7	2097152	2097152									
L16_QK_S7	QK	16	7	None	0	0									
L16_Softmax_S7	Softmax	16	7	None	0	0									
L16_SV_S7	SV	16	7	None	0	0									
L16_O_S7	O	16	7	L16_WO_S7	2097152	2097152									
L16_O_allreduce	AllReduce	16	None	None	0	0									
L16_Add1	Add	16	None	None	0	0									
L16_LN2	LN	16	None	None	0	0									
L16_FFN_W1_S0	FFN_W1	16	None	L16_W1_S0	5636096	5636096									
L16_FFN_W3_S0	FFN_W3	16	None	L16_W3_S0	5636096	5636096									
L16_Act_S0	SwiGLU	16	None	None	0	0									
L16_FFN_W2_S0	FFN_W2	16	None	L16_W2_S0	5636096	5636096									
L16_FFN_W1_S1	FFN_W1	16	None	L16_W1_S1	5636096	5636096									
L16_FFN_W3_S1	FFN_W3	16	None	L16_W3_S1	5636096	5636096									
L16_Act_S1	SwiGLU	16	None	None	0	0									
L16_FFN_W2_S1	FFN_W2	16	None	L16_W2_S1	5636096	5636096									
L16_FFN_W1_S2	FFN_W1	16	None	L16_W1_S2	5636096	5636096									
L16_FFN_W3_S2	FFN_W3	16	None	L16_W3_S2	5636096	5636096									
L16_Act_S2	SwiGLU	16	None	None	0	0									
L16_FFN_W2_S2	FFN_W2	16	None	L16_W2_S2	5636096	5636096									
L16_FFN_W1_S3	FFN_W1	16	None	L16_W1_S3	5636096	5636096									
L16_FFN_W3_S3	FFN_W3	16	None	L16_W3_S3	5636096	5636096									
L16_Act_S3	SwiGLU	16	None	None	0	0									
L16_FFN_W2_S3	FFN_W2	16	None	L16_W2_S3	5636096	5636096									
L16_FFN_W1_S4	FFN_W1	16	None	L16_W1_S4	5636096	5636096									
L16_FFN_W3_S4	FFN_W3	16	None	L16_W3_S4	5636096	5636096									
L16_Act_S4	SwiGLU	16	None	None	0	0									
L16_FFN_W2_S4	FFN_W2	16	None	L16_W2_S4	5636096	5636096									
L16_FFN_W1_S5	FFN_W1	16	None	L16_W1_S5	5636096	5636096									
L16_FFN_W3_S5	FFN_W3	16	None	L16_W3_S5	5636096	5636096									
L16_Act_S5	SwiGLU	16	None	None	0	0									
L16_FFN_W2_S5	FFN_W2	16	None	L16_W2_S5	5636096	5636096									
L16_FFN_W1_S6	FFN_W1	16	None	L16_W1_S6	5636096	5636096									
L16_FFN_W3_S6	FFN_W3	16	None	L16_W3_S6	5636096	5636096									
L16_Act_S6	SwiGLU	16	None	None	0	0									
L16_FFN_W2_S6	FFN_W2	16	None	L16_W2_S6	5636096	5636096									
L16_FFN_W1_S7	FFN_W1	16	None	L16_W1_S7	5636096	5636096									
L16_FFN_W3_S7	FFN_W3	16	None	L16_W3_S7	5636096	5636096									
L16_Act_S7	SwiGLU	16	None	None	0	0									
L16_FFN_W2_S7	FFN_W2	16	None	L16_W2_S7	5636096	5636096									
L16_FFN_allreduce	AllReduce	16	None	None	0	0									
L16_Add2	Add	16	None	None	0	0									
L17_LN1	LN	17	None	None	0	0									
L17_X	Identity	17	None	None	0	0									
L17_K_S0	K	17	0	L17_WK_S0	2097152	2097152									
L17_V_S0	V	17	0	L17_WV_S0	2097152	2097152									
L17_K_S1	K	17	1	L17_WK_S1	2097152	2097152									
L17_V_S1	V	17	1	L17_WV_S1	2097152	2097152									
L17_K_S2	K	17	2	L17_WK_S2	2097152	2097152									
L17_V_S2	V	17	2	L17_WV_S2	2097152	2097152									
L17_K_S3	K	17	3	L17_WK_S3	2097152	2097152									
L17_V_S3	V	17	3	L17_WV_S3	2097152	2097152									
L17_K_S4	K	17	4	L17_WK_S4	2097152	2097152									
L17_V_S4	V	17	4	L17_WV_S4	2097152	2097152									
L17_K_S5	K	17	5	L17_WK_S5	2097152	2097152									
L17_V_S5	V	17	5	L17_WV_S5	2097152	2097152									
L17_K_S6	K	17	6	L17_WK_S6	2097152	2097152									
L17_V_S6	V	17	6	L17_WV_S6	2097152	2097152									
L17_K_S7	K	17	7	L17_WK_S7	2097152	2097152									
L17_V_S7	V	17	7	L17_WV_S7	2097152	2097152									
L17_K_write_S0	K_write	17	0	None	0	0									
L17_V_write_S0	V_write	17	0	None	0	0									
L17_K_write_S1	K_write	17	1	None	0	0									
L17_V_write_S1	V_write	17	1	None	0	0									
L17_K_write_S2	K_write	17	2	None	0	0									
L17_V_write_S2	V_write	17	2	None	0	0									
L17_K_write_S3	K_write	17	3	None	0	0									
L17_V_write_S3	V_write	17	3	None	0	0									
L17_K_write_S4	K_write	17	4	None	0	0									
L17_V_write_S4	V_write	17	4	None	0	0									
L17_K_write_S5	K_write	17	5	None	0	0									
L17_V_write_S5	V_write	17	5	None	0	0									
L17_K_write_S6	K_write	17	6	None	0	0									
L17_V_write_S6	V_write	17	6	None	0	0									
L17_K_write_S7	K_write	17	7	None	0	0									
L17_V_write_S7	V_write	17	7	None	0	0									
L17_Q_S0	Q	17	0	L17_WQ_S0	2097152	2097152									
L17_QK_S0	QK	17	0	None	0	0									
L17_Softmax_S0	Softmax	17	0	None	0	0									
L17_SV_S0	SV	17	0	None	0	0									
L17_O_S0	O	17	0	L17_WO_S0	2097152	2097152									
L17_Q_S1	Q	17	1	L17_WQ_S1	2097152	2097152									
L17_QK_S1	QK	17	1	None	0	0									
L17_Softmax_S1	Softmax	17	1	None	0	0									
L17_SV_S1	SV	17	1	None	0	0									
L17_O_S1	O	17	1	L17_WO_S1	2097152	2097152									
L17_Q_S2	Q	17	2	L17_WQ_S2	2097152	2097152									
L17_QK_S2	QK	17	2	None	0	0									
L17_Softmax_S2	Softmax	17	2	None	0	0									
L17_SV_S2	SV	17	2	None	0	0									
L17_O_S2	O	17	2	L17_WO_S2	2097152	2097152									
L17_Q_S3	Q	17	3	L17_WQ_S3	2097152	2097152									
L17_QK_S3	QK	17	3	None	0	0									
L17_Softmax_S3	Softmax	17	3	None	0	0									
L17_SV_S3	SV	17	3	None	0	0									
L17_O_S3	O	17	3	L17_WO_S3	2097152	2097152									
L17_Q_S4	Q	17	4	L17_WQ_S4	2097152	2097152									
L17_QK_S4	QK	17	4	None	0	0									
L17_Softmax_S4	Softmax	17	4	None	0	0									
L17_SV_S4	SV	17	4	None	0	0									
L17_O_S4	O	17	4	L17_WO_S4	2097152	2097152									
L17_Q_S5	Q	17	5	L17_WQ_S5	2097152	2097152									
L17_QK_S5	QK	17	5	None	0	0									
L17_Softmax_S5	Softmax	17	5	None	0	0									
L17_SV_S5	SV	17	5	None	0	0									
L17_O_S5	O	17	5	L17_WO_S5	2097152	2097152									
L17_Q_S6	Q	17	6	L17_WQ_S6	2097152	2097152									
L17_QK_S6	QK	17	6	None	0	0									
L17_Softmax_S6	Softmax	17	6	None	0	0									
L17_SV_S6	SV	17	6	None	0	0									
L17_O_S6	O	17	6	L17_WO_S6	2097152	2097152									
L17_Q_S7	Q	17	7	L17_WQ_S7	2097152	2097152									
L17_QK_S7	QK	17	7	None	0	0									
L17_Softmax_S7	Softmax	17	7	None	0	0									
L17_SV_S7	SV	17	7	None	0	0									
L17_O_S7	O	17	7	L17_WO_S7	2097152	2097152									
L17_O_allreduce	AllReduce	17	None	None	0	0									
L17_Add1	Add	17	None	None	0	0									
L17_LN2	LN	17	None	None	0	0									
L17_FFN_W1_S0	FFN_W1	17	None	L17_W1_S0	5636096	5636096									
L17_FFN_W3_S0	FFN_W3	17	None	L17_W3_S0	5636096	5636096									
L17_Act_S0	SwiGLU	17	None	None	0	0									
L17_FFN_W2_S0	FFN_W2	17	None	L17_W2_S0	5636096	5636096									
L17_FFN_W1_S1	FFN_W1	17	None	L17_W1_S1	5636096	5636096									
L17_FFN_W3_S1	FFN_W3	17	None	L17_W3_S1	5636096	5636096									
L17_Act_S1	SwiGLU	17	None	None	0	0									
L17_FFN_W2_S1	FFN_W2	17	None	L17_W2_S1	5636096	5636096									
L17_FFN_W1_S2	FFN_W1	17	None	L17_W1_S2	5636096	5636096									
L17_FFN_W3_S2	FFN_W3	17	None	L17_W3_S2	5636096	5636096									
L17_Act_S2	SwiGLU	17	None	None	0	0									
L17_FFN_W2_S2	FFN_W2	17	None	L17_W2_S2	5636096	5636096									
L17_FFN_W1_S3	FFN_W1	17	None	L17_W1_S3	5636096	5636096									
L17_FFN_W3_S3	FFN_W3	17	None	L17_W3_S3	5636096	5636096									
L17_Act_S3	SwiGLU	17	None	None	0	0									
L17_FFN_W2_S3	FFN_W2	17	None	L17_W2_S3	5636096	5636096									
L17_FFN_W1_S4	FFN_W1	17	None	L17_W1_S4	5636096	5636096									
L17_FFN_W3_S4	FFN_W3	17	None	L17_W3_S4	5636096	5636096									
L17_Act_S4	SwiGLU	17	None	None	0	0									
L17_FFN_W2_S4	FFN_W2	17	None	L17_W2_S4	5636096	5636096									
L17_FFN_W1_S5	FFN_W1	17	None	L17_W1_S5	5636096	5636096									
L17_FFN_W3_S5	FFN_W3	17	None	L17_W3_S5	5636096	5636096									
L17_Act_S5	SwiGLU	17	None	None	0	0									
L17_FFN_W2_S5	FFN_W2	17	None	L17_W2_S5	5636096	5636096									
L17_FFN_W1_S6	FFN_W1	17	None	L17_W1_S6	5636096	5636096									
L17_FFN_W3_S6	FFN_W3	17	None	L17_W3_S6	5636096	5636096									
L17_Act_S6	SwiGLU	17	None	None	0	0									
L17_FFN_W2_S6	FFN_W2	17	None	L17_W2_S6	5636096	5636096									
L17_FFN_W1_S7	FFN_W1	17	None	L17_W1_S7	5636096	5636096									
L17_FFN_W3_S7	FFN_W3	17	None	L17_W3_S7	5636096	5636096									
L17_Act_S7	SwiGLU	17	None	None	0	0									
L17_FFN_W2_S7	FFN_W2	17	None	L17_W2_S7	5636096	5636096									
L17_FFN_allreduce	AllReduce	17	None	None	0	0									
L17_Add2	Add	17	None	None	0	0									
L18_LN1	LN	18	None	None	0	0									
L18_X	Identity	18	None	None	0	0									
L18_K_S0	K	18	0	L18_WK_S0	2097152	2097152									
L18_V_S0	V	18	0	L18_WV_S0	2097152	2097152									
L18_K_S1	K	18	1	L18_WK_S1	2097152	2097152									
L18_V_S1	V	18	1	L18_WV_S1	2097152	2097152									
L18_K_S2	K	18	2	L18_WK_S2	2097152	2097152									
L18_V_S2	V	18	2	L18_WV_S2	2097152	2097152									
L18_K_S3	K	18	3	L18_WK_S3	2097152	2097152									
L18_V_S3	V	18	3	L18_WV_S3	2097152	2097152									
L18_K_S4	K	18	4	L18_WK_S4	2097152	2097152									
L18_V_S4	V	18	4	L18_WV_S4	2097152	2097152									
L18_K_S5	K	18	5	L18_WK_S5	2097152	2097152									
L18_V_S5	V	18	5	L18_WV_S5	2097152	2097152									
L18_K_S6	K	18	6	L18_WK_S6	2097152	2097152									
L18_V_S6	V	18	6	L18_WV_S6	2097152	2097152									
L18_K_S7	K	18	7	L18_WK_S7	2097152	2097152									
L18_V_S7	V	18	7	L18_WV_S7	2097152	2097152									
L18_K_write_S0	K_write	18	0	None	0	0									
L18_V_write_S0	V_write	18	0	None	0	0									
L18_K_write_S1	K_write	18	1	None	0	0									
L18_V_write_S1	V_write	18	1	None	0	0									
L18_K_write_S2	K_write	18	2	None	0	0									
L18_V_write_S2	V_write	18	2	None	0	0									
L18_K_write_S3	K_write	18	3	None	0	0									
L18_V_write_S3	V_write	18	3	None	0	0									
L18_K_write_S4	K_write	18	4	None	0	0									
L18_V_write_S4	V_write	18	4	None	0	0									
L18_K_write_S5	K_write	18	5	None	0	0									
L18_V_write_S5	V_write	18	5	None	0	0									
L18_K_write_S6	K_write	18	6	None	0	0									
L18_V_write_S6	V_write	18	6	None	0	0									
L18_K_write_S7	K_write	18	7	None	0	0									
L18_V_write_S7	V_write	18	7	None	0	0									
L18_Q_S0	Q	18	0	L18_WQ_S0	2097152	2097152									
L18_QK_S0	QK	18	0	None	0	0									
L18_Softmax_S0	Softmax	18	0	None	0	0									
L18_SV_S0	SV	18	0	None	0	0									
L18_O_S0	O	18	0	L18_WO_S0	2097152	2097152									
L18_Q_S1	Q	18	1	L18_WQ_S1	2097152	2097152									
L18_QK_S1	QK	18	1	None	0	0									
L18_Softmax_S1	Softmax	18	1	None	0	0									
L18_SV_S1	SV	18	1	None	0	0									
L18_O_S1	O	18	1	L18_WO_S1	2097152	2097152									
L18_Q_S2	Q	18	2	L18_WQ_S2	2097152	2097152									
L18_QK_S2	QK	18	2	None	0	0									
L18_Softmax_S2	Softmax	18	2	None	0	0									
L18_SV_S2	SV	18	2	None	0	0									
L18_O_S2	O	18	2	L18_WO_S2	2097152	2097152									
L18_Q_S3	Q	18	3	L18_WQ_S3	2097152	2097152									
L18_QK_S3	QK	18	3	None	0	0									
L18_Softmax_S3	Softmax	18	3	None	0	0									
L18_SV_S3	SV	18	3	None	0	0									
L18_O_S3	O	18	3	L18_WO_S3	2097152	2097152									
L18_Q_S4	Q	18	4	L18_WQ_S4	2097152	2097152									
L18_QK_S4	QK	18	4	None	0	0									
L18_Softmax_S4	Softmax	18	4	None	0	0									
L18_SV_S4	SV	18	4	None	0	0									
L18_O_S4	O	18	4	L18_WO_S4	2097152	2097152									
L18_Q_S5	Q	18	5	L18_WQ_S5	2097152	2097152									
L18_QK_S5	QK	18	5	None	0	0									
L18_Softmax_S5	Softmax	18	5	None	0	0									
L18_SV_S5	SV	18	5	None	0	0									
L18_O_S5	O	18	5	L18_WO_S5	2097152	2097152									
L18_Q_S6	Q	18	6	L18_WQ_S6	2097152	2097152									
L18_QK_S6	QK	18	6	None	0	0									
L18_Softmax_S6	Softmax	18	6	None	0	0									
L18_SV_S6	SV	18	6	None	0	0									
L18_O_S6	O	18	6	L18_WO_S6	2097152	2097152									
L18_Q_S7	Q	18	7	L18_WQ_S7	2097152	2097152									
L18_QK_S7	QK	18	7	None	0	0									
L18_Softmax_S7	Softmax	18	7	None	0	0									
L18_SV_S7	SV	18	7	None	0	0									
L18_O_S7	O	18	7	L18_WO_S7	2097152	2097152									
L18_O_allreduce	AllReduce	18	None	None	0	0									
L18_Add1	Add	18	None	None	0	0									
L18_LN2	LN	18	None	None	0	0									
L18_FFN_W1_S0	FFN_W1	18	None	L18_W1_S0	5636096	5636096									
L18_FFN_W3_S0	FFN_W3	18	None	L18_W3_S0	5636096	5636096									
L18_Act_S0	SwiGLU	18	None	None	0	0									
L18_FFN_W2_S0	FFN_W2	18	None	L18_W2_S0	5636096	5636096									
L18_FFN_W1_S1	FFN_W1	18	None	L18_W1_S1	5636096	5636096									
L18_FFN_W3_S1	FFN_W3	18	None	L18_W3_S1	5636096	5636096									
L18_Act_S1	SwiGLU	18	None	None	0	0									
L18_FFN_W2_S1	FFN_W2	18	None	L18_W2_S1	5636096	5636096									
L18_FFN_W1_S2	FFN_W1	18	None	L18_W1_S2	5636096	5636096									
L18_FFN_W3_S2	FFN_W3	18	None	L18_W3_S2	5636096	5636096									
L18_Act_S2	SwiGLU	18	None	None	0	0									
L18_FFN_W2_S2	FFN_W2	18	None	L18_W2_S2	5636096	5636096									
L18_FFN_W1_S3	FFN_W1	18	None	L18_W1_S3	5636096	5636096									
L18_FFN_W3_S3	FFN_W3	18	None	L18_W3_S3	5636096	5636096									
L18_Act_S3	SwiGLU	18	None	None	0	0									
L18_FFN_W2_S3	FFN_W2	18	None	L18_W2_S3	5636096	5636096									
L18_FFN_W1_S4	FFN_W1	18	None	L18_W1_S4	5636096	5636096									
L18_FFN_W3_S4	FFN_W3	18	None	L18_W3_S4	5636096	5636096									
L18_Act_S4	SwiGLU	18	None	None	0	0									
L18_FFN_W2_S4	FFN_W2	18	None	L18_W2_S4	5636096	5636096									
L18_FFN_W1_S5	FFN_W1	18	None	L18_W1_S5	5636096	5636096									
L18_FFN_W3_S5	FFN_W3	18	None	L18_W3_S5	5636096	5636096									
L18_Act_S5	SwiGLU	18	None	None	0	0									
L18_FFN_W2_S5	FFN_W2	18	None	L18_W2_S5	5636096	5636096									
L18_FFN_W1_S6	FFN_W1	18	None	L18_W1_S6	5636096	5636096									
L18_FFN_W3_S6	FFN_W3	18	None	L18_W3_S6	5636096	5636096									
L18_Act_S6	SwiGLU	18	None	None	0	0									
L18_FFN_W2_S6	FFN_W2	18	None	L18_W2_S6	5636096	5636096									
L18_FFN_W1_S7	FFN_W1	18	None	L18_W1_S7	5636096	5636096									
L18_FFN_W3_S7	FFN_W3	18	None	L18_W3_S7	5636096	5636096									
L18_Act_S7	SwiGLU	18	None	None	0	0									
L18_FFN_W2_S7	FFN_W2	18	None	L18_W2_S7	5636096	5636096									
L18_FFN_allreduce	AllReduce	18	None	None	0	0									
L18_Add2	Add	18	None	None	0	0									
L19_LN1	LN	19	None	None	0	0									
L19_X	Identity	19	None	None	0	0									
L19_K_S0	K	19	0	L19_WK_S0	2097152	2097152									
L19_V_S0	V	19	0	L19_WV_S0	2097152	2097152									
L19_K_S1	K	19	1	L19_WK_S1	2097152	2097152									
L19_V_S1	V	19	1	L19_WV_S1	2097152	2097152									
L19_K_S2	K	19	2	L19_WK_S2	2097152	2097152									
L19_V_S2	V	19	2	L19_WV_S2	2097152	2097152									
L19_K_S3	K	19	3	L19_WK_S3	2097152	2097152									
L19_V_S3	V	19	3	L19_WV_S3	2097152	2097152									
L19_K_S4	K	19	4	L19_WK_S4	2097152	2097152									
L19_V_S4	V	19	4	L19_WV_S4	2097152	2097152									
L19_K_S5	K	19	5	L19_WK_S5	2097152	2097152									
L19_V_S5	V	19	5	L19_WV_S5	2097152	2097152									
L19_K_S6	K	19	6	L19_WK_S6	2097152	2097152									
L19_V_S6	V	19	6	L19_WV_S6	2097152	2097152									
L19_K_S7	K	19	7	L19_WK_S7	2097152	2097152									
L19_V_S7	V	19	7	L19_WV_S7	2097152	2097152									
L19_K_write_S0	K_write	19	0	None	0	0									
L19_V_write_S0	V_write	19	0	None	0	0									
L19_K_write_S1	K_write	19	1	None	0	0									
L19_V_write_S1	V_write	19	1	None	0	0									
L19_K_write_S2	K_write	19	2	None	0	0									
L19_V_write_S2	V_write	19	2	None	0	0									
L19_K_write_S3	K_write	19	3	None	0	0									
L19_V_write_S3	V_write	19	3	None	0	0									
L19_K_write_S4	K_write	19	4	None	0	0									
L19_V_write_S4	V_write	19	4	None	0	0									
L19_K_write_S5	K_write	19	5	None	0	0									
L19_V_write_S5	V_write	19	5	None	0	0									
L19_K_write_S6	K_write	19	6	None	0	0									
L19_V_write_S6	V_write	19	6	None	0	0									
L19_K_write_S7	K_write	19	7	None	0	0									
L19_V_write_S7	V_write	19	7	None	0	0									
L19_Q_S0	Q	19	0	L19_WQ_S0	2097152	2097152									
L19_QK_S0	QK	19	0	None	0	0									
L19_Softmax_S0	Softmax	19	0	None	0	0									
L19_SV_S0	SV	19	0	None	0	0									
L19_O_S0	O	19	0	L19_WO_S0	2097152	2097152									
L19_Q_S1	Q	19	1	L19_WQ_S1	2097152	2097152									
L19_QK_S1	QK	19	1	None	0	0									
L19_Softmax_S1	Softmax	19	1	None	0	0									
L19_SV_S1	SV	19	1	None	0	0									
L19_O_S1	O	19	1	L19_WO_S1	2097152	2097152									
L19_Q_S2	Q	19	2	L19_WQ_S2	2097152	2097152									
L19_QK_S2	QK	19	2	None	0	0									
L19_Softmax_S2	Softmax	19	2	None	0	0									
L19_SV_S2	SV	19	2	None	0	0									
L19_O_S2	O	19	2	L19_WO_S2	2097152	2097152									
L19_Q_S3	Q	19	3	L19_WQ_S3	2097152	2097152									
L19_QK_S3	QK	19	3	None	0	0									
L19_Softmax_S3	Softmax	19	3	None	0	0									
L19_SV_S3	SV	19	3	None	0	0									
L19_O_S3	O	19	3	L19_WO_S3	2097152	2097152									
L19_Q_S4	Q	19	4	L19_WQ_S4	2097152	2097152									
L19_QK_S4	QK	19	4	None	0	0									
L19_Softmax_S4	Softmax	19	4	None	0	0									
L19_SV_S4	SV	19	4	None	0	0									
L19_O_S4	O	19	4	L19_WO_S4	2097152	2097152									
L19_Q_S5	Q	19	5	L19_WQ_S5	2097152	2097152									
L19_QK_S5	QK	19	5	None	0	0									
L19_Softmax_S5	Softmax	19	5	None	0	0									
L19_SV_S5	SV	19	5	None	0	0									
L19_O_S5	O	19	5	L19_WO_S5	2097152	2097152									
L19_Q_S6	Q	19	6	L19_WQ_S6	2097152	2097152									
L19_QK_S6	QK	19	6	None	0	0									
L19_Softmax_S6	Softmax	19	6	None	0	0									
L19_SV_S6	SV	19	6	None	0	0									
L19_O_S6	O	19	6	L19_WO_S6	2097152	2097152									
L19_Q_S7	Q	19	7	L19_WQ_S7	2097152	2097152									
L19_QK_S7	QK	19	7	None	0	0									
L19_Softmax_S7	Softmax	19	7	None	0	0									
L19_SV_S7	SV	19	7	None	0	0									
L19_O_S7	O	19	7	L19_WO_S7	2097152	2097152									
L19_O_allreduce	AllReduce	19	None	None	0	0									
L19_Add1	Add	19	None	None	0	0									
L19_LN2	LN	19	None	None	0	0									
L19_FFN_W1_S0	FFN_W1	19	None	L19_W1_S0	5636096	5636096									
L19_FFN_W3_S0	FFN_W3	19	None	L19_W3_S0	5636096	5636096									
L19_Act_S0	SwiGLU	19	None	None	0	0									
L19_FFN_W2_S0	FFN_W2	19	None	L19_W2_S0	5636096	5636096									
L19_FFN_W1_S1	FFN_W1	19	None	L19_W1_S1	5636096	5636096									
L19_FFN_W3_S1	FFN_W3	19	None	L19_W3_S1	5636096	5636096									
L19_Act_S1	SwiGLU	19	None	None	0	0									
L19_FFN_W2_S1	FFN_W2	19	None	L19_W2_S1	5636096	5636096									
L19_FFN_W1_S2	FFN_W1	19	None	L19_W1_S2	5636096	5636096									
L19_FFN_W3_S2	FFN_W3	19	None	L19_W3_S2	5636096	5636096									
L19_Act_S2	SwiGLU	19	None	None	0	0									
L19_FFN_W2_S2	FFN_W2	19	None	L19_W2_S2	5636096	5636096									
L19_FFN_W1_S3	FFN_W1	19	None	L19_W1_S3	5636096	5636096									
L19_FFN_W3_S3	FFN_W3	19	None	L19_W3_S3	5636096	5636096									
L19_Act_S3	SwiGLU	19	None	None	0	0									
L19_FFN_W2_S3	FFN_W2	19	None	L19_W2_S3	5636096	5636096									
L19_FFN_W1_S4	FFN_W1	19	None	L19_W1_S4	5636096	5636096									
L19_FFN_W3_S4	FFN_W3	19	None	L19_W3_S4	5636096	5636096									
L19_Act_S4	SwiGLU	19	None	None	0	0									
L19_FFN_W2_S4	FFN_W2	19	None	L19_W2_S4	5636096	5636096									
L19_FFN_W1_S5	FFN_W1	19	None	L19_W1_S5	5636096	5636096									
L19_FFN_W3_S5	FFN_W3	19	None	L19_W3_S5	5636096	5636096									
L19_Act_S5	SwiGLU	19	None	None	0	0									
L19_FFN_W2_S5	FFN_W2	19	None	L19_W2_S5	5636096	5636096									
L19_FFN_W1_S6	FFN_W1	19	None	L19_W1_S6	5636096	5636096									
L19_FFN_W3_S6	FFN_W3	19	None	L19_W3_S6	5636096	5636096									
L19_Act_S6	SwiGLU	19	None	None	0	0									
L19_FFN_W2_S6	FFN_W2	19	None	L19_W2_S6	5636096	5636096									
L19_FFN_W1_S7	FFN_W1	19	None	L19_W1_S7	5636096	5636096									
L19_FFN_W3_S7	FFN_W3	19	None	L19_W3_S7	5636096	5636096									
L19_Act_S7	SwiGLU	19	None	None	0	0									
L19_FFN_W2_S7	FFN_W2	19	None	L19_W2_S7	5636096	5636096									
L19_FFN_allreduce	AllReduce	19	None	None	0	0									
L19_Add2	Add	19	None	None	0	0									
L20_LN1	LN	20	None	None	0	0									
L20_X	Identity	20	None	None	0	0									
L20_K_S0	K	20	0	L20_WK_S0	2097152	2097152									
L20_V_S0	V	20	0	L20_WV_S0	2097152	2097152									
L20_K_S1	K	20	1	L20_WK_S1	2097152	2097152									
L20_V_S1	V	20	1	L20_WV_S1	2097152	2097152									
L20_K_S2	K	20	2	L20_WK_S2	2097152	2097152									
L20_V_S2	V	20	2	L20_WV_S2	2097152	2097152									
L20_K_S3	K	20	3	L20_WK_S3	2097152	2097152									
L20_V_S3	V	20	3	L20_WV_S3	2097152	2097152									
L20_K_S4	K	20	4	L20_WK_S4	2097152	2097152									
L20_V_S4	V	20	4	L20_WV_S4	2097152	2097152									
L20_K_S5	K	20	5	L20_WK_S5	2097152	2097152									
L20_V_S5	V	20	5	L20_WV_S5	2097152	2097152									
L20_K_S6	K	20	6	L20_WK_S6	2097152	2097152									
L20_V_S6	V	20	6	L20_WV_S6	2097152	2097152									
L20_K_S7	K	20	7	L20_WK_S7	2097152	2097152									
L20_V_S7	V	20	7	L20_WV_S7	2097152	2097152									
L20_K_write_S0	K_write	20	0	None	0	0									
L20_V_write_S0	V_write	20	0	None	0	0									
L20_K_write_S1	K_write	20	1	None	0	0									
L20_V_write_S1	V_write	20	1	None	0	0									
L20_K_write_S2	K_write	20	2	None	0	0									
L20_V_write_S2	V_write	20	2	None	0	0									
L20_K_write_S3	K_write	20	3	None	0	0									
L20_V_write_S3	V_write	20	3	None	0	0									
L20_K_write_S4	K_write	20	4	None	0	0									
L20_V_write_S4	V_write	20	4	None	0	0									
L20_K_write_S5	K_write	20	5	None	0	0									
L20_V_write_S5	V_write	20	5	None	0	0									
L20_K_write_S6	K_write	20	6	None	0	0									
L20_V_write_S6	V_write	20	6	None	0	0									
L20_K_write_S7	K_write	20	7	None	0	0									
L20_V_write_S7	V_write	20	7	None	0	0									
L20_Q_S0	Q	20	0	L20_WQ_S0	2097152	2097152									
L20_QK_S0	QK	20	0	None	0	0									
L20_Softmax_S0	Softmax	20	0	None	0	0									
L20_SV_S0	SV	20	0	None	0	0									
L20_O_S0	O	20	0	L20_WO_S0	2097152	2097152									
L20_Q_S1	Q	20	1	L20_WQ_S1	2097152	2097152									
L20_QK_S1	QK	20	1	None	0	0									
L20_Softmax_S1	Softmax	20	1	None	0	0									
L20_SV_S1	SV	20	1	None	0	0									
L20_O_S1	O	20	1	L20_WO_S1	2097152	2097152									
L20_Q_S2	Q	20	2	L20_WQ_S2	2097152	2097152									
L20_QK_S2	QK	20	2	None	0	0									
L20_Softmax_S2	Softmax	20	2	None	0	0									
L20_SV_S2	SV	20	2	None	0	0									
L20_O_S2	O	20	2	L20_WO_S2	2097152	2097152									
L20_Q_S3	Q	20	3	L20_WQ_S3	2097152	2097152									
L20_QK_S3	QK	20	3	None	0	0									
L20_Softmax_S3	Softmax	20	3	None	0	0									
L20_SV_S3	SV	20	3	None	0	0									
L20_O_S3	O	20	3	L20_WO_S3	2097152	2097152									
L20_Q_S4	Q	20	4	L20_WQ_S4	2097152	2097152									
L20_QK_S4	QK	20	4	None	0	0									
L20_Softmax_S4	Softmax	20	4	None	0	0									
L20_SV_S4	SV	20	4	None	0	0									
L20_O_S4	O	20	4	L20_WO_S4	2097152	2097152									
L20_Q_S5	Q	20	5	L20_WQ_S5	2097152	2097152									
L20_QK_S5	QK	20	5	None	0	0									
L20_Softmax_S5	Softmax	20	5	None	0	0									
L20_SV_S5	SV	20	5	None	0	0									
L20_O_S5	O	20	5	L20_WO_S5	2097152	2097152									
L20_Q_S6	Q	20	6	L20_WQ_S6	2097152	2097152									
L20_QK_S6	QK	20	6	None	0	0									
L20_Softmax_S6	Softmax	20	6	None	0	0									
L20_SV_S6	SV	20	6	None	0	0									
L20_O_S6	O	20	6	L20_WO_S6	2097152	2097152									
L20_Q_S7	Q	20	7	L20_WQ_S7	2097152	2097152									
L20_QK_S7	QK	20	7	None	0	0									
L20_Softmax_S7	Softmax	20	7	None	0	0									
L20_SV_S7	SV	20	7	None	0	0									
L20_O_S7	O	20	7	L20_WO_S7	2097152	2097152									
L20_O_allreduce	AllReduce	20	None	None	0	0									
L20_Add1	Add	20	None	None	0	0									
L20_LN2	LN	20	None	None	0	0									
L20_FFN_W1_S0	FFN_W1	20	None	L20_W1_S0	5636096	5636096									
L20_FFN_W3_S0	FFN_W3	20	None	L20_W3_S0	5636096	5636096									
L20_Act_S0	SwiGLU	20	None	None	0	0									
L20_FFN_W2_S0	FFN_W2	20	None	L20_W2_S0	5636096	5636096									
L20_FFN_W1_S1	FFN_W1	20	None	L20_W1_S1	5636096	5636096									
L20_FFN_W3_S1	FFN_W3	20	None	L20_W3_S1	5636096	5636096									
L20_Act_S1	SwiGLU	20	None	None	0	0									
L20_FFN_W2_S1	FFN_W2	20	None	L20_W2_S1	5636096	5636096									
L20_FFN_W1_S2	FFN_W1	20	None	L20_W1_S2	5636096	5636096									
L20_FFN_W3_S2	FFN_W3	20	None	L20_W3_S2	5636096	5636096									
L20_Act_S2	SwiGLU	20	None	None	0	0									
L20_FFN_W2_S2	FFN_W2	20	None	L20_W2_S2	5636096	5636096									
L20_FFN_W1_S3	FFN_W1	20	None	L20_W1_S3	5636096	5636096									
L20_FFN_W3_S3	FFN_W3	20	None	L20_W3_S3	5636096	5636096									
L20_Act_S3	SwiGLU	20	None	None	0	0									
L20_FFN_W2_S3	FFN_W2	20	None	L20_W2_S3	5636096	5636096									
L20_FFN_W1_S4	FFN_W1	20	None	L20_W1_S4	5636096	5636096									
L20_FFN_W3_S4	FFN_W3	20	None	L20_W3_S4	5636096	5636096									
L20_Act_S4	SwiGLU	20	None	None	0	0									
L20_FFN_W2_S4	FFN_W2	20	None	L20_W2_S4	5636096	5636096									
L20_FFN_W1_S5	FFN_W1	20	None	L20_W1_S5	5636096	5636096									
L20_FFN_W3_S5	FFN_W3	20	None	L20_W3_S5	5636096	5636096									
L20_Act_S5	SwiGLU	20	None	None	0	0									
L20_FFN_W2_S5	FFN_W2	20	None	L20_W2_S5	5636096	5636096									
L20_FFN_W1_S6	FFN_W1	20	None	L20_W1_S6	5636096	5636096									
L20_FFN_W3_S6	FFN_W3	20	None	L20_W3_S6	5636096	5636096									
L20_Act_S6	SwiGLU	20	None	None	0	0									
L20_FFN_W2_S6	FFN_W2	20	None	L20_W2_S6	5636096	5636096									
L20_FFN_W1_S7	FFN_W1	20	None	L20_W1_S7	5636096	5636096									
L20_FFN_W3_S7	FFN_W3	20	None	L20_W3_S7	5636096	5636096									
L20_Act_S7	SwiGLU	20	None	None	0	0									
L20_FFN_W2_S7	FFN_W2	20	None	L20_W2_S7	5636096	5636096									
L20_FFN_allreduce	AllReduce	20	None	None	0	0									
L20_Add2	Add	20	None	None	0	0									
L21_LN1	LN	21	None	None	0	0									
L21_X	Identity	21	None	None	0	0									
L21_K_S0	K	21	0	L21_WK_S0	2097152	2097152									
L21_V_S0	V	21	0	L21_WV_S0	2097152	2097152									
L21_K_S1	K	21	1	L21_WK_S1	2097152	2097152									
L21_V_S1	V	21	1	L21_WV_S1	2097152	2097152									
L21_K_S2	K	21	2	L21_WK_S2	2097152	2097152									
L21_V_S2	V	21	2	L21_WV_S2	2097152	2097152									
L21_K_S3	K	21	3	L21_WK_S3	2097152	2097152									
L21_V_S3	V	21	3	L21_WV_S3	2097152	2097152									
L21_K_S4	K	21	4	L21_WK_S4	2097152	2097152									
L21_V_S4	V	21	4	L21_WV_S4	2097152	2097152									
L21_K_S5	K	21	5	L21_WK_S5	2097152	2097152									
L21_V_S5	V	21	5	L21_WV_S5	2097152	2097152									
L21_K_S6	K	21	6	L21_WK_S6	2097152	2097152									
L21_V_S6	V	21	6	L21_WV_S6	2097152	2097152									
L21_K_S7	K	21	7	L21_WK_S7	2097152	2097152									
L21_V_S7	V	21	7	L21_WV_S7	2097152	2097152									
L21_K_write_S0	K_write	21	0	None	0	0									
L21_V_write_S0	V_write	21	0	None	0	0									
L21_K_write_S1	K_write	21	1	None	0	0									
L21_V_write_S1	V_write	21	1	None	0	0									
L21_K_write_S2	K_write	21	2	None	0	0									
L21_V_write_S2	V_write	21	2	None	0	0									
L21_K_write_S3	K_write	21	3	None	0	0									
L21_V_write_S3	V_write	21	3	None	0	0									
L21_K_write_S4	K_write	21	4	None	0	0									
L21_V_write_S4	V_write	21	4	None	0	0									
L21_K_write_S5	K_write	21	5	None	0	0									
L21_V_write_S5	V_write	21	5	None	0	0									
L21_K_write_S6	K_write	21	6	None	0	0									
L21_V_write_S6	V_write	21	6	None	0	0									
L21_K_write_S7	K_write	21	7	None	0	0									
L21_V_write_S7	V_write	21	7	None	0	0									
L21_Q_S0	Q	21	0	L21_WQ_S0	2097152	2097152									
L21_QK_S0	QK	21	0	None	0	0									
L21_Softmax_S0	Softmax	21	0	None	0	0									
L21_SV_S0	SV	21	0	None	0	0									
L21_O_S0	O	21	0	L21_WO_S0	2097152	2097152									
L21_Q_S1	Q	21	1	L21_WQ_S1	2097152	2097152									
L21_QK_S1	QK	21	1	None	0	0									
L21_Softmax_S1	Softmax	21	1	None	0	0									
L21_SV_S1	SV	21	1	None	0	0									
L21_O_S1	O	21	1	L21_WO_S1	2097152	2097152									
L21_Q_S2	Q	21	2	L21_WQ_S2	2097152	2097152									
L21_QK_S2	QK	21	2	None	0	0									
L21_Softmax_S2	Softmax	21	2	None	0	0									
L21_SV_S2	SV	21	2	None	0	0									
L21_O_S2	O	21	2	L21_WO_S2	2097152	2097152									
L21_Q_S3	Q	21	3	L21_WQ_S3	2097152	2097152									
L21_QK_S3	QK	21	3	None	0	0									
L21_Softmax_S3	Softmax	21	3	None	0	0									
L21_SV_S3	SV	21	3	None	0	0									
L21_O_S3	O	21	3	L21_WO_S3	2097152	2097152									
L21_Q_S4	Q	21	4	L21_WQ_S4	2097152	2097152									
L21_QK_S4	QK	21	4	None	0	0									
L21_Softmax_S4	Softmax	21	4	None	0	0									
L21_SV_S4	SV	21	4	None	0	0									
L21_O_S4	O	21	4	L21_WO_S4	2097152	2097152									
L21_Q_S5	Q	21	5	L21_WQ_S5	2097152	2097152									
L21_QK_S5	QK	21	5	None	0	0									
L21_Softmax_S5	Softmax	21	5	None	0	0									
L21_SV_S5	SV	21	5	None	0	0									
L21_O_S5	O	21	5	L21_WO_S5	2097152	2097152									
L21_Q_S6	Q	21	6	L21_WQ_S6	2097152	2097152									
L21_QK_S6	QK	21	6	None	0	0									
L21_Softmax_S6	Softmax	21	6	None	0	0									
L21_SV_S6	SV	21	6	None	0	0									
L21_O_S6	O	21	6	L21_WO_S6	2097152	2097152									
L21_Q_S7	Q	21	7	L21_WQ_S7	2097152	2097152									
L21_QK_S7	QK	21	7	None	0	0									
L21_Softmax_S7	Softmax	21	7	None	0	0									
L21_SV_S7	SV	21	7	None	0	0									
L21_O_S7	O	21	7	L21_WO_S7	2097152	2097152									
L21_O_allreduce	AllReduce	21	None	None	0	0									
L21_Add1	Add	21	None	None	0	0									
L21_LN2	LN	21	None	None	0	0									
L21_FFN_W1_S0	FFN_W1	21	None	L21_W1_S0	5636096	5636096									
L21_FFN_W3_S0	FFN_W3	21	None	L21_W3_S0	5636096	5636096									
L21_Act_S0	SwiGLU	21	None	None	0	0									
L21_FFN_W2_S0	FFN_W2	21	None	L21_W2_S0	5636096	5636096									
L21_FFN_W1_S1	FFN_W1	21	None	L21_W1_S1	5636096	5636096									
L21_FFN_W3_S1	FFN_W3	21	None	L21_W3_S1	5636096	5636096									
L21_Act_S1	SwiGLU	21	None	None	0	0									
L21_FFN_W2_S1	FFN_W2	21	None	L21_W2_S1	5636096	5636096									
L21_FFN_W1_S2	FFN_W1	21	None	L21_W1_S2	5636096	5636096									
L21_FFN_W3_S2	FFN_W3	21	None	L21_W3_S2	5636096	5636096									
L21_Act_S2	SwiGLU	21	None	None	0	0									
L21_FFN_W2_S2	FFN_W2	21	None	L21_W2_S2	5636096	5636096									
L21_FFN_W1_S3	FFN_W1	21	None	L21_W1_S3	5636096	5636096									
L21_FFN_W3_S3	FFN_W3	21	None	L21_W3_S3	5636096	5636096									
L21_Act_S3	SwiGLU	21	None	None	0	0									
L21_FFN_W2_S3	FFN_W2	21	None	L21_W2_S3	5636096	5636096									
L21_FFN_W1_S4	FFN_W1	21	None	L21_W1_S4	5636096	5636096									
L21_FFN_W3_S4	FFN_W3	21	None	L21_W3_S4	5636096	5636096									
L21_Act_S4	SwiGLU	21	None	None	0	0									
L21_FFN_W2_S4	FFN_W2	21	None	L21_W2_S4	5636096	5636096									
L21_FFN_W1_S5	FFN_W1	21	None	L21_W1_S5	5636096	5636096									
L21_FFN_W3_S5	FFN_W3	21	None	L21_W3_S5	5636096	5636096									
L21_Act_S5	SwiGLU	21	None	None	0	0									
L21_FFN_W2_S5	FFN_W2	21	None	L21_W2_S5	5636096	5636096									
L21_FFN_W1_S6	FFN_W1	21	None	L21_W1_S6	5636096	5636096									
L21_FFN_W3_S6	FFN_W3	21	None	L21_W3_S6	5636096	5636096									
L21_Act_S6	SwiGLU	21	None	None	0	0									
L21_FFN_W2_S6	FFN_W2	21	None	L21_W2_S6	5636096	5636096									
L21_FFN_W1_S7	FFN_W1	21	None	L21_W1_S7	5636096	5636096									
L21_FFN_W3_S7	FFN_W3	21	None	L21_W3_S7	5636096	5636096									
L21_Act_S7	SwiGLU	21	None	None	0	0									
L21_FFN_W2_S7	FFN_W2	21	None	L21_W2_S7	5636096	5636096									
L21_FFN_allreduce	AllReduce	21	None	None	0	0									
L21_Add2	Add	21	None	None	0	0									
L22_LN1	LN	22	None	None	0	0									
L22_X	Identity	22	None	None	0	0									
L22_K_S0	K	22	0	L22_WK_S0	2097152	2097152									
L22_V_S0	V	22	0	L22_WV_S0	2097152	2097152									
L22_K_S1	K	22	1	L22_WK_S1	2097152	2097152									
L22_V_S1	V	22	1	L22_WV_S1	2097152	2097152									
L22_K_S2	K	22	2	L22_WK_S2	2097152	2097152									
L22_V_S2	V	22	2	L22_WV_S2	2097152	2097152									
L22_K_S3	K	22	3	L22_WK_S3	2097152	2097152									
L22_V_S3	V	22	3	L22_WV_S3	2097152	2097152									
L22_K_S4	K	22	4	L22_WK_S4	2097152	2097152									
L22_V_S4	V	22	4	L22_WV_S4	2097152	2097152									
L22_K_S5	K	22	5	L22_WK_S5	2097152	2097152									
L22_V_S5	V	22	5	L22_WV_S5	2097152	2097152									
L22_K_S6	K	22	6	L22_WK_S6	2097152	2097152									
L22_V_S6	V	22	6	L22_WV_S6	2097152	2097152									
L22_K_S7	K	22	7	L22_WK_S7	2097152	2097152									
L22_V_S7	V	22	7	L22_WV_S7	2097152	2097152									
L22_K_write_S0	K_write	22	0	None	0	0									
L22_V_write_S0	V_write	22	0	None	0	0									
L22_K_write_S1	K_write	22	1	None	0	0									
L22_V_write_S1	V_write	22	1	None	0	0									
L22_K_write_S2	K_write	22	2	None	0	0									
L22_V_write_S2	V_write	22	2	None	0	0									
L22_K_write_S3	K_write	22	3	None	0	0									
L22_V_write_S3	V_write	22	3	None	0	0									
L22_K_write_S4	K_write	22	4	None	0	0									
L22_V_write_S4	V_write	22	4	None	0	0									
L22_K_write_S5	K_write	22	5	None	0	0									
L22_V_write_S5	V_write	22	5	None	0	0									
L22_K_write_S6	K_write	22	6	None	0	0									
L22_V_write_S6	V_write	22	6	None	0	0									
L22_K_write_S7	K_write	22	7	None	0	0									
L22_V_write_S7	V_write	22	7	None	0	0									
L22_Q_S0	Q	22	0	L22_WQ_S0	2097152	2097152									
L22_QK_S0	QK	22	0	None	0	0									
L22_Softmax_S0	Softmax	22	0	None	0	0									
L22_SV_S0	SV	22	0	None	0	0									
L22_O_S0	O	22	0	L22_WO_S0	2097152	2097152									
L22_Q_S1	Q	22	1	L22_WQ_S1	2097152	2097152									
L22_QK_S1	QK	22	1	None	0	0									
L22_Softmax_S1	Softmax	22	1	None	0	0									
L22_SV_S1	SV	22	1	None	0	0									
L22_O_S1	O	22	1	L22_WO_S1	2097152	2097152									
L22_Q_S2	Q	22	2	L22_WQ_S2	2097152	2097152									
L22_QK_S2	QK	22	2	None	0	0									
L22_Softmax_S2	Softmax	22	2	None	0	0									
L22_SV_S2	SV	22	2	None	0	0									
L22_O_S2	O	22	2	L22_WO_S2	2097152	2097152									
L22_Q_S3	Q	22	3	L22_WQ_S3	2097152	2097152									
L22_QK_S3	QK	22	3	None	0	0									
L22_Softmax_S3	Softmax	22	3	None	0	0									
L22_SV_S3	SV	22	3	None	0	0									
L22_O_S3	O	22	3	L22_WO_S3	2097152	2097152									
L22_Q_S4	Q	22	4	L22_WQ_S4	2097152	2097152									
L22_QK_S4	QK	22	4	None	0	0									
L22_Softmax_S4	Softmax	22	4	None	0	0									
L22_SV_S4	SV	22	4	None	0	0									
L22_O_S4	O	22	4	L22_WO_S4	2097152	2097152									
L22_Q_S5	Q	22	5	L22_WQ_S5	2097152	2097152									
L22_QK_S5	QK	22	5	None	0	0									
L22_Softmax_S5	Softmax	22	5	None	0	0									
L22_SV_S5	SV	22	5	None	0	0									
L22_O_S5	O	22	5	L22_WO_S5	2097152	2097152									
L22_Q_S6	Q	22	6	L22_WQ_S6	2097152	2097152									
L22_QK_S6	QK	22	6	None	0	0									
L22_Softmax_S6	Softmax	22	6	None	0	0									
L22_SV_S6	SV	22	6	None	0	0									
L22_O_S6	O	22	6	L22_WO_S6	2097152	2097152									
L22_Q_S7	Q	22	7	L22_WQ_S7	2097152	2097152									
L22_QK_S7	QK	22	7	None	0	0									
L22_Softmax_S7	Softmax	22	7	None	0	0									
L22_SV_S7	SV	22	7	None	0	0									
L22_O_S7	O	22	7	L22_WO_S7	2097152	2097152									
L22_O_allreduce	AllReduce	22	None	None	0	0									
L22_Add1	Add	22	None	None	0	0									
L22_LN2	LN	22	None	None	0	0									
L22_FFN_W1_S0	FFN_W1	22	None	L22_W1_S0	5636096	5636096									
L22_FFN_W3_S0	FFN_W3	22	None	L22_W3_S0	5636096	5636096									
L22_Act_S0	SwiGLU	22	None	None	0	0									
L22_FFN_W2_S0	FFN_W2	22	None	L22_W2_S0	5636096	5636096									
L22_FFN_W1_S1	FFN_W1	22	None	L22_W1_S1	5636096	5636096									
L22_FFN_W3_S1	FFN_W3	22	None	L22_W3_S1	5636096	5636096									
L22_Act_S1	SwiGLU	22	None	None	0	0									
L22_FFN_W2_S1	FFN_W2	22	None	L22_W2_S1	5636096	5636096									
L22_FFN_W1_S2	FFN_W1	22	None	L22_W1_S2	5636096	5636096									
L22_FFN_W3_S2	FFN_W3	22	None	L22_W3_S2	5636096	5636096									
L22_Act_S2	SwiGLU	22	None	None	0	0									
L22_FFN_W2_S2	FFN_W2	22	None	L22_W2_S2	5636096	5636096									
L22_FFN_W1_S3	FFN_W1	22	None	L22_W1_S3	5636096	5636096									
L22_FFN_W3_S3	FFN_W3	22	None	L22_W3_S3	5636096	5636096									
L22_Act_S3	SwiGLU	22	None	None	0	0									
L22_FFN_W2_S3	FFN_W2	22	None	L22_W2_S3	5636096	5636096									
L22_FFN_W1_S4	FFN_W1	22	None	L22_W1_S4	5636096	5636096									
L22_FFN_W3_S4	FFN_W3	22	None	L22_W3_S4	5636096	5636096									
L22_Act_S4	SwiGLU	22	None	None	0	0									
L22_FFN_W2_S4	FFN_W2	22	None	L22_W2_S4	5636096	5636096									
L22_FFN_W1_S5	FFN_W1	22	None	L22_W1_S5	5636096	5636096									
L22_FFN_W3_S5	FFN_W3	22	None	L22_W3_S5	5636096	5636096									
L22_Act_S5	SwiGLU	22	None	None	0	0									
L22_FFN_W2_S5	FFN_W2	22	None	L22_W2_S5	5636096	5636096									
L22_FFN_W1_S6	FFN_W1	22	None	L22_W1_S6	5636096	5636096									
L22_FFN_W3_S6	FFN_W3	22	None	L22_W3_S6	5636096	5636096									
L22_Act_S6	SwiGLU	22	None	None	0	0									
L22_FFN_W2_S6	FFN_W2	22	None	L22_W2_S6	5636096	5636096									
L22_FFN_W1_S7	FFN_W1	22	None	L22_W1_S7	5636096	5636096									
L22_FFN_W3_S7	FFN_W3	22	None	L22_W3_S7	5636096	5636096									
L22_Act_S7	SwiGLU	22	None	None	0	0									
L22_FFN_W2_S7	FFN_W2	22	None	L22_W2_S7	5636096	5636096									
L22_FFN_allreduce	AllReduce	22	None	None	0	0									
L22_Add2	Add	22	None	None	0	0									
L23_LN1	LN	23	None	None	0	0									
L23_X	Identity	23	None	None	0	0									
L23_K_S0	K	23	0	L23_WK_S0	2097152	2097152									
L23_V_S0	V	23	0	L23_WV_S0	2097152	2097152									
L23_K_S1	K	23	1	L23_WK_S1	2097152	2097152									
L23_V_S1	V	23	1	L23_WV_S1	2097152	2097152									
L23_K_S2	K	23	2	L23_WK_S2	2097152	2097152									
L23_V_S2	V	23	2	L23_WV_S2	2097152	2097152									
L23_K_S3	K	23	3	L23_WK_S3	2097152	2097152									
L23_V_S3	V	23	3	L23_WV_S3	2097152	2097152									
L23_K_S4	K	23	4	L23_WK_S4	2097152	2097152									
L23_V_S4	V	23	4	L23_WV_S4	2097152	2097152									
L23_K_S5	K	23	5	L23_WK_S5	2097152	2097152									
L23_V_S5	V	23	5	L23_WV_S5	2097152	2097152									
L23_K_S6	K	23	6	L23_WK_S6	2097152	2097152									
L23_V_S6	V	23	6	L23_WV_S6	2097152	2097152									
L23_K_S7	K	23	7	L23_WK_S7	2097152	2097152									
L23_V_S7	V	23	7	L23_WV_S7	2097152	2097152									
L23_K_write_S0	K_write	23	0	None	0	0									
L23_V_write_S0	V_write	23	0	None	0	0									
L23_K_write_S1	K_write	23	1	None	0	0									
L23_V_write_S1	V_write	23	1	None	0	0									
L23_K_write_S2	K_write	23	2	None	0	0									
L23_V_write_S2	V_write	23	2	None	0	0									
L23_K_write_S3	K_write	23	3	None	0	0									
L23_V_write_S3	V_write	23	3	None	0	0									
L23_K_write_S4	K_write	23	4	None	0	0									
L23_V_write_S4	V_write	23	4	None	0	0									
L23_K_write_S5	K_write	23	5	None	0	0									
L23_V_write_S5	V_write	23	5	None	0	0									
L23_K_write_S6	K_write	23	6	None	0	0									
L23_V_write_S6	V_write	23	6	None	0	0									
L23_K_write_S7	K_write	23	7	None	0	0									
L23_V_write_S7	V_write	23	7	None	0	0									
L23_Q_S0	Q	23	0	L23_WQ_S0	2097152	2097152									
L23_QK_S0	QK	23	0	None	0	0									
L23_Softmax_S0	Softmax	23	0	None	0	0									
L23_SV_S0	SV	23	0	None	0	0									
L23_O_S0	O	23	0	L23_WO_S0	2097152	2097152									
L23_Q_S1	Q	23	1	L23_WQ_S1	2097152	2097152									
L23_QK_S1	QK	23	1	None	0	0									
L23_Softmax_S1	Softmax	23	1	None	0	0									
L23_SV_S1	SV	23	1	None	0	0									
L23_O_S1	O	23	1	L23_WO_S1	2097152	2097152									
L23_Q_S2	Q	23	2	L23_WQ_S2	2097152	2097152									
L23_QK_S2	QK	23	2	None	0	0									
L23_Softmax_S2	Softmax	23	2	None	0	0									
L23_SV_S2	SV	23	2	None	0	0									
L23_O_S2	O	23	2	L23_WO_S2	2097152	2097152									
L23_Q_S3	Q	23	3	L23_WQ_S3	2097152	2097152									
L23_QK_S3	QK	23	3	None	0	0									
L23_Softmax_S3	Softmax	23	3	None	0	0									
L23_SV_S3	SV	23	3	None	0	0									
L23_O_S3	O	23	3	L23_WO_S3	2097152	2097152									
L23_Q_S4	Q	23	4	L23_WQ_S4	2097152	2097152									
L23_QK_S4	QK	23	4	None	0	0									
L23_Softmax_S4	Softmax	23	4	None	0	0									
L23_SV_S4	SV	23	4	None	0	0									
L23_O_S4	O	23	4	L23_WO_S4	2097152	2097152									
L23_Q_S5	Q	23	5	L23_WQ_S5	2097152	2097152									
L23_QK_S5	QK	23	5	None	0	0									
L23_Softmax_S5	Softmax	23	5	None	0	0									
L23_SV_S5	SV	23	5	None	0	0									
L23_O_S5	O	23	5	L23_WO_S5	2097152	2097152									
L23_Q_S6	Q	23	6	L23_WQ_S6	2097152	2097152									
L23_QK_S6	QK	23	6	None	0	0									
L23_Softmax_S6	Softmax	23	6	None	0	0									
L23_SV_S6	SV	23	6	None	0	0									
L23_O_S6	O	23	6	L23_WO_S6	2097152	2097152									
L23_Q_S7	Q	23	7	L23_WQ_S7	2097152	2097152									
L23_QK_S7	QK	23	7	None	0	0									
L23_Softmax_S7	Softmax	23	7	None	0	0									
L23_SV_S7	SV	23	7	None	0	0									
L23_O_S7	O	23	7	L23_WO_S7	2097152	2097152									
L23_O_allreduce	AllReduce	23	None	None	0	0									
L23_Add1	Add	23	None	None	0	0									
L23_LN2	LN	23	None	None	0	0									
L23_FFN_W1_S0	FFN_W1	23	None	L23_W1_S0	5636096	5636096									
L23_FFN_W3_S0	FFN_W3	23	None	L23_W3_S0	5636096	5636096									
L23_Act_S0	SwiGLU	23	None	None	0	0									
L23_FFN_W2_S0	FFN_W2	23	None	L23_W2_S0	5636096	5636096									
L23_FFN_W1_S1	FFN_W1	23	None	L23_W1_S1	5636096	5636096									
L23_FFN_W3_S1	FFN_W3	23	None	L23_W3_S1	5636096	5636096									
L23_Act_S1	SwiGLU	23	None	None	0	0									
L23_FFN_W2_S1	FFN_W2	23	None	L23_W2_S1	5636096	5636096									
L23_FFN_W1_S2	FFN_W1	23	None	L23_W1_S2	5636096	5636096									
L23_FFN_W3_S2	FFN_W3	23	None	L23_W3_S2	5636096	5636096									
L23_Act_S2	SwiGLU	23	None	None	0	0									
L23_FFN_W2_S2	FFN_W2	23	None	L23_W2_S2	5636096	5636096									
L23_FFN_W1_S3	FFN_W1	23	None	L23_W1_S3	5636096	5636096									
L23_FFN_W3_S3	FFN_W3	23	None	L23_W3_S3	5636096	5636096									
L23_Act_S3	SwiGLU	23	None	None	0	0									
L23_FFN_W2_S3	FFN_W2	23	None	L23_W2_S3	5636096	5636096									
L23_FFN_W1_S4	FFN_W1	23	None	L23_W1_S4	5636096	5636096									
L23_FFN_W3_S4	FFN_W3	23	None	L23_W3_S4	5636096	5636096									
L23_Act_S4	SwiGLU	23	None	None	0	0									
L23_FFN_W2_S4	FFN_W2	23	None	L23_W2_S4	5636096	5636096									
L23_FFN_W1_S5	FFN_W1	23	None	L23_W1_S5	5636096	5636096									
L23_FFN_W3_S5	FFN_W3	23	None	L23_W3_S5	5636096	5636096									
L23_Act_S5	SwiGLU	23	None	None	0	0									
L23_FFN_W2_S5	FFN_W2	23	None	L23_W2_S5	5636096	5636096									
L23_FFN_W1_S6	FFN_W1	23	None	L23_W1_S6	5636096	5636096									
L23_FFN_W3_S6	FFN_W3	23	None	L23_W3_S6	5636096	5636096									
L23_Act_S6	SwiGLU	23	None	None	0	0									
L23_FFN_W2_S6	FFN_W2	23	None	L23_W2_S6	5636096	5636096									
L23_FFN_W1_S7	FFN_W1	23	None	L23_W1_S7	5636096	5636096									
L23_FFN_W3_S7	FFN_W3	23	None	L23_W3_S7	5636096	5636096									
L23_Act_S7	SwiGLU	23	None	None	0	0									
L23_FFN_W2_S7	FFN_W2	23	None	L23_W2_S7	5636096	5636096									
L23_FFN_allreduce	AllReduce	23	None	None	0	0									
L23_Add2	Add	23	None	None	0	0									
L24_LN1	LN	24	None	None	0	0									
L24_X	Identity	24	None	None	0	0									
L24_K_S0	K	24	0	L24_WK_S0	2097152	2097152									
L24_V_S0	V	24	0	L24_WV_S0	2097152	2097152									
L24_K_S1	K	24	1	L24_WK_S1	2097152	2097152									
L24_V_S1	V	24	1	L24_WV_S1	2097152	2097152									
L24_K_S2	K	24	2	L24_WK_S2	2097152	2097152									
L24_V_S2	V	24	2	L24_WV_S2	2097152	2097152									
L24_K_S3	K	24	3	L24_WK_S3	2097152	2097152									
L24_V_S3	V	24	3	L24_WV_S3	2097152	2097152									
L24_K_S4	K	24	4	L24_WK_S4	2097152	2097152									
L24_V_S4	V	24	4	L24_WV_S4	2097152	2097152									
L24_K_S5	K	24	5	L24_WK_S5	2097152	2097152									
L24_V_S5	V	24	5	L24_WV_S5	2097152	2097152									
L24_K_S6	K	24	6	L24_WK_S6	2097152	2097152									
L24_V_S6	V	24	6	L24_WV_S6	2097152	2097152									
L24_K_S7	K	24	7	L24_WK_S7	2097152	2097152									
L24_V_S7	V	24	7	L24_WV_S7	2097152	2097152									
L24_K_write_S0	K_write	24	0	None	0	0									
L24_V_write_S0	V_write	24	0	None	0	0									
L24_K_write_S1	K_write	24	1	None	0	0									
L24_V_write_S1	V_write	24	1	None	0	0									
L24_K_write_S2	K_write	24	2	None	0	0									
L24_V_write_S2	V_write	24	2	None	0	0									
L24_K_write_S3	K_write	24	3	None	0	0									
L24_V_write_S3	V_write	24	3	None	0	0									
L24_K_write_S4	K_write	24	4	None	0	0									
L24_V_write_S4	V_write	24	4	None	0	0									
L24_K_write_S5	K_write	24	5	None	0	0									
L24_V_write_S5	V_write	24	5	None	0	0									
L24_K_write_S6	K_write	24	6	None	0	0									
L24_V_write_S6	V_write	24	6	None	0	0									
L24_K_write_S7	K_write	24	7	None	0	0									
L24_V_write_S7	V_write	24	7	None	0	0									
L24_Q_S0	Q	24	0	L24_WQ_S0	2097152	2097152									
L24_QK_S0	QK	24	0	None	0	0									
L24_Softmax_S0	Softmax	24	0	None	0	0									
L24_SV_S0	SV	24	0	None	0	0									
L24_O_S0	O	24	0	L24_WO_S0	2097152	2097152									
L24_Q_S1	Q	24	1	L24_WQ_S1	2097152	2097152									
L24_QK_S1	QK	24	1	None	0	0									
L24_Softmax_S1	Softmax	24	1	None	0	0									
L24_SV_S1	SV	24	1	None	0	0									
L24_O_S1	O	24	1	L24_WO_S1	2097152	2097152									
L24_Q_S2	Q	24	2	L24_WQ_S2	2097152	2097152									
L24_QK_S2	QK	24	2	None	0	0									
L24_Softmax_S2	Softmax	24	2	None	0	0									
L24_SV_S2	SV	24	2	None	0	0									
L24_O_S2	O	24	2	L24_WO_S2	2097152	2097152									
L24_Q_S3	Q	24	3	L24_WQ_S3	2097152	2097152									
L24_QK_S3	QK	24	3	None	0	0									
L24_Softmax_S3	Softmax	24	3	None	0	0									
L24_SV_S3	SV	24	3	None	0	0									
L24_O_S3	O	24	3	L24_WO_S3	2097152	2097152									
L24_Q_S4	Q	24	4	L24_WQ_S4	2097152	2097152									
L24_QK_S4	QK	24	4	None	0	0									
L24_Softmax_S4	Softmax	24	4	None	0	0									
L24_SV_S4	SV	24	4	None	0	0									
L24_O_S4	O	24	4	L24_WO_S4	2097152	2097152									
L24_Q_S5	Q	24	5	L24_WQ_S5	2097152	2097152									
L24_QK_S5	QK	24	5	None	0	0									
L24_Softmax_S5	Softmax	24	5	None	0	0									
L24_SV_S5	SV	24	5	None	0	0									
L24_O_S5	O	24	5	L24_WO_S5	2097152	2097152									
L24_Q_S6	Q	24	6	L24_WQ_S6	2097152	2097152									
L24_QK_S6	QK	24	6	None	0	0									
L24_Softmax_S6	Softmax	24	6	None	0	0									
L24_SV_S6	SV	24	6	None	0	0									
L24_O_S6	O	24	6	L24_WO_S6	2097152	2097152									
L24_Q_S7	Q	24	7	L24_WQ_S7	2097152	2097152									
L24_QK_S7	QK	24	7	None	0	0									
L24_Softmax_S7	Softmax	24	7	None	0	0									
L24_SV_S7	SV	24	7	None	0	0									
L24_O_S7	O	24	7	L24_WO_S7	2097152	2097152									
L24_O_allreduce	AllReduce	24	None	None	0	0									
L24_Add1	Add	24	None	None	0	0									
L24_LN2	LN	24	None	None	0	0									
L24_FFN_W1_S0	FFN_W1	24	None	L24_W1_S0	5636096	5636096									
L24_FFN_W3_S0	FFN_W3	24	None	L24_W3_S0	5636096	5636096									
L24_Act_S0	SwiGLU	24	None	None	0	0									
L24_FFN_W2_S0	FFN_W2	24	None	L24_W2_S0	5636096	5636096									
L24_FFN_W1_S1	FFN_W1	24	None	L24_W1_S1	5636096	5636096									
L24_FFN_W3_S1	FFN_W3	24	None	L24_W3_S1	5636096	5636096									
L24_Act_S1	SwiGLU	24	None	None	0	0									
L24_FFN_W2_S1	FFN_W2	24	None	L24_W2_S1	5636096	5636096									
L24_FFN_W1_S2	FFN_W1	24	None	L24_W1_S2	5636096	5636096									
L24_FFN_W3_S2	FFN_W3	24	None	L24_W3_S2	5636096	5636096									
L24_Act_S2	SwiGLU	24	None	None	0	0									
L24_FFN_W2_S2	FFN_W2	24	None	L24_W2_S2	5636096	5636096									
L24_FFN_W1_S3	FFN_W1	24	None	L24_W1_S3	5636096	5636096									
L24_FFN_W3_S3	FFN_W3	24	None	L24_W3_S3	5636096	5636096									
L24_Act_S3	SwiGLU	24	None	None	0	0									
L24_FFN_W2_S3	FFN_W2	24	None	L24_W2_S3	5636096	5636096									
L24_FFN_W1_S4	FFN_W1	24	None	L24_W1_S4	5636096	5636096									
L24_FFN_W3_S4	FFN_W3	24	None	L24_W3_S4	5636096	5636096									
L24_Act_S4	SwiGLU	24	None	None	0	0									
L24_FFN_W2_S4	FFN_W2	24	None	L24_W2_S4	5636096	5636096									
L24_FFN_W1_S5	FFN_W1	24	None	L24_W1_S5	5636096	5636096									
L24_FFN_W3_S5	FFN_W3	24	None	L24_W3_S5	5636096	5636096									
L24_Act_S5	SwiGLU	24	None	None	0	0									
L24_FFN_W2_S5	FFN_W2	24	None	L24_W2_S5	5636096	5636096									
L24_FFN_W1_S6	FFN_W1	24	None	L24_W1_S6	5636096	5636096									
L24_FFN_W3_S6	FFN_W3	24	None	L24_W3_S6	5636096	5636096									
L24_Act_S6	SwiGLU	24	None	None	0	0									
L24_FFN_W2_S6	FFN_W2	24	None	L24_W2_S6	5636096	5636096									
L24_FFN_W1_S7	FFN_W1	24	None	L24_W1_S7	5636096	5636096									
L24_FFN_W3_S7	FFN_W3	24	None	L24_W3_S7	5636096	5636096									
L24_Act_S7	SwiGLU	24	None	None	0	0									
L24_FFN_W2_S7	FFN_W2	24	None	L24_W2_S7	5636096	5636096									
L24_FFN_allreduce	AllReduce	24	None	None	0	0									
L24_Add2	Add	24	None	None	0	0									
L25_LN1	LN	25	None	None	0	0									
L25_X	Identity	25	None	None	0	0									
L25_K_S0	K	25	0	L25_WK_S0	2097152	2097152									
L25_V_S0	V	25	0	L25_WV_S0	2097152	2097152									
L25_K_S1	K	25	1	L25_WK_S1	2097152	2097152									
L25_V_S1	V	25	1	L25_WV_S1	2097152	2097152									
L25_K_S2	K	25	2	L25_WK_S2	2097152	2097152									
L25_V_S2	V	25	2	L25_WV_S2	2097152	2097152									
L25_K_S3	K	25	3	L25_WK_S3	2097152	2097152									
L25_V_S3	V	25	3	L25_WV_S3	2097152	2097152									
L25_K_S4	K	25	4	L25_WK_S4	2097152	2097152									
L25_V_S4	V	25	4	L25_WV_S4	2097152	2097152									
L25_K_S5	K	25	5	L25_WK_S5	2097152	2097152									
L25_V_S5	V	25	5	L25_WV_S5	2097152	2097152									
L25_K_S6	K	25	6	L25_WK_S6	2097152	2097152									
L25_V_S6	V	25	6	L25_WV_S6	2097152	2097152									
L25_K_S7	K	25	7	L25_WK_S7	2097152	2097152									
L25_V_S7	V	25	7	L25_WV_S7	2097152	2097152									
L25_K_write_S0	K_write	25	0	None	0	0									
L25_V_write_S0	V_write	25	0	None	0	0									
L25_K_write_S1	K_write	25	1	None	0	0									
L25_V_write_S1	V_write	25	1	None	0	0									
L25_K_write_S2	K_write	25	2	None	0	0									
L25_V_write_S2	V_write	25	2	None	0	0									
L25_K_write_S3	K_write	25	3	None	0	0									
L25_V_write_S3	V_write	25	3	None	0	0									
L25_K_write_S4	K_write	25	4	None	0	0									
L25_V_write_S4	V_write	25	4	None	0	0									
L25_K_write_S5	K_write	25	5	None	0	0									
L25_V_write_S5	V_write	25	5	None	0	0									
L25_K_write_S6	K_write	25	6	None	0	0									
L25_V_write_S6	V_write	25	6	None	0	0									
L25_K_write_S7	K_write	25	7	None	0	0									
L25_V_write_S7	V_write	25	7	None	0	0									
L25_Q_S0	Q	25	0	L25_WQ_S0	2097152	2097152									
L25_QK_S0	QK	25	0	None	0	0									
L25_Softmax_S0	Softmax	25	0	None	0	0									
L25_SV_S0	SV	25	0	None	0	0									
L25_O_S0	O	25	0	L25_WO_S0	2097152	2097152									
L25_Q_S1	Q	25	1	L25_WQ_S1	2097152	2097152									
L25_QK_S1	QK	25	1	None	0	0									
L25_Softmax_S1	Softmax	25	1	None	0	0									
L25_SV_S1	SV	25	1	None	0	0									
L25_O_S1	O	25	1	L25_WO_S1	2097152	2097152									
L25_Q_S2	Q	25	2	L25_WQ_S2	2097152	2097152									
L25_QK_S2	QK	25	2	None	0	0									
L25_Softmax_S2	Softmax	25	2	None	0	0									
L25_SV_S2	SV	25	2	None	0	0									
L25_O_S2	O	25	2	L25_WO_S2	2097152	2097152									
L25_Q_S3	Q	25	3	L25_WQ_S3	2097152	2097152									
L25_QK_S3	QK	25	3	None	0	0									
L25_Softmax_S3	Softmax	25	3	None	0	0									
L25_SV_S3	SV	25	3	None	0	0									
L25_O_S3	O	25	3	L25_WO_S3	2097152	2097152									
L25_Q_S4	Q	25	4	L25_WQ_S4	2097152	2097152									
L25_QK_S4	QK	25	4	None	0	0									
L25_Softmax_S4	Softmax	25	4	None	0	0									
L25_SV_S4	SV	25	4	None	0	0									
L25_O_S4	O	25	4	L25_WO_S4	2097152	2097152									
L25_Q_S5	Q	25	5	L25_WQ_S5	2097152	2097152									
L25_QK_S5	QK	25	5	None	0	0									
L25_Softmax_S5	Softmax	25	5	None	0	0									
L25_SV_S5	SV	25	5	None	0	0									
L25_O_S5	O	25	5	L25_WO_S5	2097152	2097152									
L25_Q_S6	Q	25	6	L25_WQ_S6	2097152	2097152									
L25_QK_S6	QK	25	6	None	0	0									
L25_Softmax_S6	Softmax	25	6	None	0	0									
L25_SV_S6	SV	25	6	None	0	0									
L25_O_S6	O	25	6	L25_WO_S6	2097152	2097152									
L25_Q_S7	Q	25	7	L25_WQ_S7	2097152	2097152									
L25_QK_S7	QK	25	7	None	0	0									
L25_Softmax_S7	Softmax	25	7	None	0	0									
L25_SV_S7	SV	25	7	None	0	0									
L25_O_S7	O	25	7	L25_WO_S7	2097152	2097152									
L25_O_allreduce	AllReduce	25	None	None	0	0									
L25_Add1	Add	25	None	None	0	0									
L25_LN2	LN	25	None	None	0	0									
L25_FFN_W1_S0	FFN_W1	25	None	L25_W1_S0	5636096	5636096									
L25_FFN_W3_S0	FFN_W3	25	None	L25_W3_S0	5636096	5636096									
L25_Act_S0	SwiGLU	25	None	None	0	0									
L25_FFN_W2_S0	FFN_W2	25	None	L25_W2_S0	5636096	5636096									
L25_FFN_W1_S1	FFN_W1	25	None	L25_W1_S1	5636096	5636096									
L25_FFN_W3_S1	FFN_W3	25	None	L25_W3_S1	5636096	5636096									
L25_Act_S1	SwiGLU	25	None	None	0	0									
L25_FFN_W2_S1	FFN_W2	25	None	L25_W2_S1	5636096	5636096									
L25_FFN_W1_S2	FFN_W1	25	None	L25_W1_S2	5636096	5636096									
L25_FFN_W3_S2	FFN_W3	25	None	L25_W3_S2	5636096	5636096									
L25_Act_S2	SwiGLU	25	None	None	0	0									
L25_FFN_W2_S2	FFN_W2	25	None	L25_W2_S2	5636096	5636096									
L25_FFN_W1_S3	FFN_W1	25	None	L25_W1_S3	5636096	5636096									
L25_FFN_W3_S3	FFN_W3	25	None	L25_W3_S3	5636096	5636096									
L25_Act_S3	SwiGLU	25	None	None	0	0									
L25_FFN_W2_S3	FFN_W2	25	None	L25_W2_S3	5636096	5636096									
L25_FFN_W1_S4	FFN_W1	25	None	L25_W1_S4	5636096	5636096									
L25_FFN_W3_S4	FFN_W3	25	None	L25_W3_S4	5636096	5636096									
L25_Act_S4	SwiGLU	25	None	None	0	0									
L25_FFN_W2_S4	FFN_W2	25	None	L25_W2_S4	5636096	5636096									
L25_FFN_W1_S5	FFN_W1	25	None	L25_W1_S5	5636096	5636096									
L25_FFN_W3_S5	FFN_W3	25	None	L25_W3_S5	5636096	5636096									
L25_Act_S5	SwiGLU	25	None	None	0	0									
L25_FFN_W2_S5	FFN_W2	25	None	L25_W2_S5	5636096	5636096									
L25_FFN_W1_S6	FFN_W1	25	None	L25_W1_S6	5636096	5636096									
L25_FFN_W3_S6	FFN_W3	25	None	L25_W3_S6	5636096	5636096									
L25_Act_S6	SwiGLU	25	None	None	0	0									
L25_FFN_W2_S6	FFN_W2	25	None	L25_W2_S6	5636096	5636096									
L25_FFN_W1_S7	FFN_W1	25	None	L25_W1_S7	5636096	5636096									
L25_FFN_W3_S7	FFN_W3	25	None	L25_W3_S7	5636096	5636096									
L25_Act_S7	SwiGLU	25	None	None	0	0									
L25_FFN_W2_S7	FFN_W2	25	None	L25_W2_S7	5636096	5636096									
L25_FFN_allreduce	AllReduce	25	None	None	0	0									
L25_Add2	Add	25	None	None	0	0									
L26_LN1	LN	26	None	None	0	0									
L26_X	Identity	26	None	None	0	0									
L26_K_S0	K	26	0	L26_WK_S0	2097152	2097152									
L26_V_S0	V	26	0	L26_WV_S0	2097152	2097152									
L26_K_S1	K	26	1	L26_WK_S1	2097152	2097152									
L26_V_S1	V	26	1	L26_WV_S1	2097152	2097152									
L26_K_S2	K	26	2	L26_WK_S2	2097152	2097152									
L26_V_S2	V	26	2	L26_WV_S2	2097152	2097152									
L26_K_S3	K	26	3	L26_WK_S3	2097152	2097152									
L26_V_S3	V	26	3	L26_WV_S3	2097152	2097152									
L26_K_S4	K	26	4	L26_WK_S4	2097152	2097152									
L26_V_S4	V	26	4	L26_WV_S4	2097152	2097152									
L26_K_S5	K	26	5	L26_WK_S5	2097152	2097152									
L26_V_S5	V	26	5	L26_WV_S5	2097152	2097152									
L26_K_S6	K	26	6	L26_WK_S6	2097152	2097152									
L26_V_S6	V	26	6	L26_WV_S6	2097152	2097152									
L26_K_S7	K	26	7	L26_WK_S7	2097152	2097152									
L26_V_S7	V	26	7	L26_WV_S7	2097152	2097152									
L26_K_write_S0	K_write	26	0	None	0	0									
L26_V_write_S0	V_write	26	0	None	0	0									
L26_K_write_S1	K_write	26	1	None	0	0									
L26_V_write_S1	V_write	26	1	None	0	0									
L26_K_write_S2	K_write	26	2	None	0	0									
L26_V_write_S2	V_write	26	2	None	0	0									
L26_K_write_S3	K_write	26	3	None	0	0									
L26_V_write_S3	V_write	26	3	None	0	0									
L26_K_write_S4	K_write	26	4	None	0	0									
L26_V_write_S4	V_write	26	4	None	0	0									
L26_K_write_S5	K_write	26	5	None	0	0									
L26_V_write_S5	V_write	26	5	None	0	0									
L26_K_write_S6	K_write	26	6	None	0	0									
L26_V_write_S6	V_write	26	6	None	0	0									
L26_K_write_S7	K_write	26	7	None	0	0									
L26_V_write_S7	V_write	26	7	None	0	0									
L26_Q_S0	Q	26	0	L26_WQ_S0	2097152	2097152									
L26_QK_S0	QK	26	0	None	0	0									
L26_Softmax_S0	Softmax	26	0	None	0	0									
L26_SV_S0	SV	26	0	None	0	0									
L26_O_S0	O	26	0	L26_WO_S0	2097152	2097152									
L26_Q_S1	Q	26	1	L26_WQ_S1	2097152	2097152									
L26_QK_S1	QK	26	1	None	0	0									
L26_Softmax_S1	Softmax	26	1	None	0	0									
L26_SV_S1	SV	26	1	None	0	0									
L26_O_S1	O	26	1	L26_WO_S1	2097152	2097152									
L26_Q_S2	Q	26	2	L26_WQ_S2	2097152	2097152									
L26_QK_S2	QK	26	2	None	0	0									
L26_Softmax_S2	Softmax	26	2	None	0	0									
L26_SV_S2	SV	26	2	None	0	0									
L26_O_S2	O	26	2	L26_WO_S2	2097152	2097152									
L26_Q_S3	Q	26	3	L26_WQ_S3	2097152	2097152									
L26_QK_S3	QK	26	3	None	0	0									
L26_Softmax_S3	Softmax	26	3	None	0	0									
L26_SV_S3	SV	26	3	None	0	0									
L26_O_S3	O	26	3	L26_WO_S3	2097152	2097152									
L26_Q_S4	Q	26	4	L26_WQ_S4	2097152	2097152									
L26_QK_S4	QK	26	4	None	0	0									
L26_Softmax_S4	Softmax	26	4	None	0	0									
L26_SV_S4	SV	26	4	None	0	0									
L26_O_S4	O	26	4	L26_WO_S4	2097152	2097152									
L26_Q_S5	Q	26	5	L26_WQ_S5	2097152	2097152									
L26_QK_S5	QK	26	5	None	0	0									
L26_Softmax_S5	Softmax	26	5	None	0	0									
L26_SV_S5	SV	26	5	None	0	0									
L26_O_S5	O	26	5	L26_WO_S5	2097152	2097152									
L26_Q_S6	Q	26	6	L26_WQ_S6	2097152	2097152									
L26_QK_S6	QK	26	6	None	0	0									
L26_Softmax_S6	Softmax	26	6	None	0	0									
L26_SV_S6	SV	26	6	None	0	0									
L26_O_S6	O	26	6	L26_WO_S6	2097152	2097152									
L26_Q_S7	Q	26	7	L26_WQ_S7	2097152	2097152									
L26_QK_S7	QK	26	7	None	0	0									
L26_Softmax_S7	Softmax	26	7	None	0	0									
L26_SV_S7	SV	26	7	None	0	0									
L26_O_S7	O	26	7	L26_WO_S7	2097152	2097152									
L26_O_allreduce	AllReduce	26	None	None	0	0									
L26_Add1	Add	26	None	None	0	0									
L26_LN2	LN	26	None	None	0	0									
L26_FFN_W1_S0	FFN_W1	26	None	L26_W1_S0	5636096	5636096									
L26_FFN_W3_S0	FFN_W3	26	None	L26_W3_S0	5636096	5636096									
L26_Act_S0	SwiGLU	26	None	None	0	0									
L26_FFN_W2_S0	FFN_W2	26	None	L26_W2_S0	5636096	5636096									
L26_FFN_W1_S1	FFN_W1	26	None	L26_W1_S1	5636096	5636096									
L26_FFN_W3_S1	FFN_W3	26	None	L26_W3_S1	5636096	5636096									
L26_Act_S1	SwiGLU	26	None	None	0	0									
L26_FFN_W2_S1	FFN_W2	26	None	L26_W2_S1	5636096	5636096									
L26_FFN_W1_S2	FFN_W1	26	None	L26_W1_S2	5636096	5636096									
L26_FFN_W3_S2	FFN_W3	26	None	L26_W3_S2	5636096	5636096									
L26_Act_S2	SwiGLU	26	None	None	0	0									
L26_FFN_W2_S2	FFN_W2	26	None	L26_W2_S2	5636096	5636096									
L26_FFN_W1_S3	FFN_W1	26	None	L26_W1_S3	5636096	5636096									
L26_FFN_W3_S3	FFN_W3	26	None	L26_W3_S3	5636096	5636096									
L26_Act_S3	SwiGLU	26	None	None	0	0									
L26_FFN_W2_S3	FFN_W2	26	None	L26_W2_S3	5636096	5636096									
L26_FFN_W1_S4	FFN_W1	26	None	L26_W1_S4	5636096	5636096									
L26_FFN_W3_S4	FFN_W3	26	None	L26_W3_S4	5636096	5636096									
L26_Act_S4	SwiGLU	26	None	None	0	0									
L26_FFN_W2_S4	FFN_W2	26	None	L26_W2_S4	5636096	5636096									
L26_FFN_W1_S5	FFN_W1	26	None	L26_W1_S5	5636096	5636096									
L26_FFN_W3_S5	FFN_W3	26	None	L26_W3_S5	5636096	5636096									
L26_Act_S5	SwiGLU	26	None	None	0	0									
L26_FFN_W2_S5	FFN_W2	26	None	L26_W2_S5	5636096	5636096									
L26_FFN_W1_S6	FFN_W1	26	None	L26_W1_S6	5636096	5636096									
L26_FFN_W3_S6	FFN_W3	26	None	L26_W3_S6	5636096	5636096									
L26_Act_S6	SwiGLU	26	None	None	0	0									
L26_FFN_W2_S6	FFN_W2	26	None	L26_W2_S6	5636096	5636096									
L26_FFN_W1_S7	FFN_W1	26	None	L26_W1_S7	5636096	5636096									
L26_FFN_W3_S7	FFN_W3	26	None	L26_W3_S7	5636096	5636096									
L26_Act_S7	SwiGLU	26	None	None	0	0									
L26_FFN_W2_S7	FFN_W2	26	None	L26_W2_S7	5636096	5636096									
L26_FFN_allreduce	AllReduce	26	None	None	0	0									
L26_Add2	Add	26	None	None	0	0									
L27_LN1	LN	27	None	None	0	0									
L27_X	Identity	27	None	None	0	0									
L27_K_S0	K	27	0	L27_WK_S0	2097152	2097152									
L27_V_S0	V	27	0	L27_WV_S0	2097152	2097152									
L27_K_S1	K	27	1	L27_WK_S1	2097152	2097152									
L27_V_S1	V	27	1	L27_WV_S1	2097152	2097152									
L27_K_S2	K	27	2	L27_WK_S2	2097152	2097152									
L27_V_S2	V	27	2	L27_WV_S2	2097152	2097152									
L27_K_S3	K	27	3	L27_WK_S3	2097152	2097152									
L27_V_S3	V	27	3	L27_WV_S3	2097152	2097152									
L27_K_S4	K	27	4	L27_WK_S4	2097152	2097152									
L27_V_S4	V	27	4	L27_WV_S4	2097152	2097152									
L27_K_S5	K	27	5	L27_WK_S5	2097152	2097152									
L27_V_S5	V	27	5	L27_WV_S5	2097152	2097152									
L27_K_S6	K	27	6	L27_WK_S6	2097152	2097152									
L27_V_S6	V	27	6	L27_WV_S6	2097152	2097152									
L27_K_S7	K	27	7	L27_WK_S7	2097152	2097152									
L27_V_S7	V	27	7	L27_WV_S7	2097152	2097152									
L27_K_write_S0	K_write	27	0	None	0	0									
L27_V_write_S0	V_write	27	0	None	0	0									
L27_K_write_S1	K_write	27	1	None	0	0									
L27_V_write_S1	V_write	27	1	None	0	0									
L27_K_write_S2	K_write	27	2	None	0	0									
L27_V_write_S2	V_write	27	2	None	0	0									
L27_K_write_S3	K_write	27	3	None	0	0									
L27_V_write_S3	V_write	27	3	None	0	0									
L27_K_write_S4	K_write	27	4	None	0	0									
L27_V_write_S4	V_write	27	4	None	0	0									
L27_K_write_S5	K_write	27	5	None	0	0									
L27_V_write_S5	V_write	27	5	None	0	0									
L27_K_write_S6	K_write	27	6	None	0	0									
L27_V_write_S6	V_write	27	6	None	0	0									
L27_K_write_S7	K_write	27	7	None	0	0									
L27_V_write_S7	V_write	27	7	None	0	0									
L27_Q_S0	Q	27	0	L27_WQ_S0	2097152	2097152									
L27_QK_S0	QK	27	0	None	0	0									
L27_Softmax_S0	Softmax	27	0	None	0	0									
L27_SV_S0	SV	27	0	None	0	0									
L27_O_S0	O	27	0	L27_WO_S0	2097152	2097152									
L27_Q_S1	Q	27	1	L27_WQ_S1	2097152	2097152									
L27_QK_S1	QK	27	1	None	0	0									
L27_Softmax_S1	Softmax	27	1	None	0	0									
L27_SV_S1	SV	27	1	None	0	0									
L27_O_S1	O	27	1	L27_WO_S1	2097152	2097152									
L27_Q_S2	Q	27	2	L27_WQ_S2	2097152	2097152									
L27_QK_S2	QK	27	2	None	0	0									
L27_Softmax_S2	Softmax	27	2	None	0	0									
L27_SV_S2	SV	27	2	None	0	0									
L27_O_S2	O	27	2	L27_WO_S2	2097152	2097152									
L27_Q_S3	Q	27	3	L27_WQ_S3	2097152	2097152									
L27_QK_S3	QK	27	3	None	0	0									
L27_Softmax_S3	Softmax	27	3	None	0	0									
L27_SV_S3	SV	27	3	None	0	0									
L27_O_S3	O	27	3	L27_WO_S3	2097152	2097152									
L27_Q_S4	Q	27	4	L27_WQ_S4	2097152	2097152									
L27_QK_S4	QK	27	4	None	0	0									
L27_Softmax_S4	Softmax	27	4	None	0	0									
L27_SV_S4	SV	27	4	None	0	0									
L27_O_S4	O	27	4	L27_WO_S4	2097152	2097152									
L27_Q_S5	Q	27	5	L27_WQ_S5	2097152	2097152									
L27_QK_S5	QK	27	5	None	0	0									
L27_Softmax_S5	Softmax	27	5	None	0	0									
L27_SV_S5	SV	27	5	None	0	0									
L27_O_S5	O	27	5	L27_WO_S5	2097152	2097152									
L27_Q_S6	Q	27	6	L27_WQ_S6	2097152	2097152									
L27_QK_S6	QK	27	6	None	0	0									
L27_Softmax_S6	Softmax	27	6	None	0	0									
L27_SV_S6	SV	27	6	None	0	0									
L27_O_S6	O	27	6	L27_WO_S6	2097152	2097152									
L27_Q_S7	Q	27	7	L27_WQ_S7	2097152	2097152									
L27_QK_S7	QK	27	7	None	0	0									
L27_Softmax_S7	Softmax	27	7	None	0	0									
L27_SV_S7	SV	27	7	None	0	0									
L27_O_S7	O	27	7	L27_WO_S7	2097152	2097152									
L27_O_allreduce	AllReduce	27	None	None	0	0									
L27_Add1	Add	27	None	None	0	0									
L27_LN2	LN	27	None	None	0	0									
L27_FFN_W1_S0	FFN_W1	27	None	L27_W1_S0	5636096	5636096									
L27_FFN_W3_S0	FFN_W3	27	None	L27_W3_S0	5636096	5636096									
L27_Act_S0	SwiGLU	27	None	None	0	0									
L27_FFN_W2_S0	FFN_W2	27	None	L27_W2_S0	5636096	5636096									
L27_FFN_W1_S1	FFN_W1	27	None	L27_W1_S1	5636096	5636096									
L27_FFN_W3_S1	FFN_W3	27	None	L27_W3_S1	5636096	5636096									
L27_Act_S1	SwiGLU	27	None	None	0	0									
L27_FFN_W2_S1	FFN_W2	27	None	L27_W2_S1	5636096	5636096									
L27_FFN_W1_S2	FFN_W1	27	None	L27_W1_S2	5636096	5636096									
L27_FFN_W3_S2	FFN_W3	27	None	L27_W3_S2	5636096	5636096									
L27_Act_S2	SwiGLU	27	None	None	0	0									
L27_FFN_W2_S2	FFN_W2	27	None	L27_W2_S2	5636096	5636096									
L27_FFN_W1_S3	FFN_W1	27	None	L27_W1_S3	5636096	5636096									
L27_FFN_W3_S3	FFN_W3	27	None	L27_W3_S3	5636096	5636096									
L27_Act_S3	SwiGLU	27	None	None	0	0									
L27_FFN_W2_S3	FFN_W2	27	None	L27_W2_S3	5636096	5636096									
L27_FFN_W1_S4	FFN_W1	27	None	L27_W1_S4	5636096	5636096									
L27_FFN_W3_S4	FFN_W3	27	None	L27_W3_S4	5636096	5636096									
L27_Act_S4	SwiGLU	27	None	None	0	0									
L27_FFN_W2_S4	FFN_W2	27	None	L27_W2_S4	5636096	5636096									
L27_FFN_W1_S5	FFN_W1	27	None	L27_W1_S5	5636096	5636096									
L27_FFN_W3_S5	FFN_W3	27	None	L27_W3_S5	5636096	5636096									
L27_Act_S5	SwiGLU	27	None	None	0	0									
L27_FFN_W2_S5	FFN_W2	27	None	L27_W2_S5	5636096	5636096									
L27_FFN_W1_S6	FFN_W1	27	None	L27_W1_S6	5636096	5636096									
L27_FFN_W3_S6	FFN_W3	27	None	L27_W3_S6	5636096	5636096									
L27_Act_S6	SwiGLU	27	None	None	0	0									
L27_FFN_W2_S6	FFN_W2	27	None	L27_W2_S6	5636096	5636096									
L27_FFN_W1_S7	FFN_W1	27	None	L27_W1_S7	5636096	5636096									
L27_FFN_W3_S7	FFN_W3	27	None	L27_W3_S7	5636096	5636096									
L27_Act_S7	SwiGLU	27	None	None	0	0									
L27_FFN_W2_S7	FFN_W2	27	None	L27_W2_S7	5636096	5636096									
L27_FFN_allreduce	AllReduce	27	None	None	0	0									
L27_Add2	Add	27	None	None	0	0									
L28_LN1	LN	28	None	None	0	0									
L28_X	Identity	28	None	None	0	0									
L28_K_S0	K	28	0	L28_WK_S0	2097152	2097152									
L28_V_S0	V	28	0	L28_WV_S0	2097152	2097152									
L28_K_S1	K	28	1	L28_WK_S1	2097152	2097152									
L28_V_S1	V	28	1	L28_WV_S1	2097152	2097152									
L28_K_S2	K	28	2	L28_WK_S2	2097152	2097152									
L28_V_S2	V	28	2	L28_WV_S2	2097152	2097152									
L28_K_S3	K	28	3	L28_WK_S3	2097152	2097152									
L28_V_S3	V	28	3	L28_WV_S3	2097152	2097152									
L28_K_S4	K	28	4	L28_WK_S4	2097152	2097152									
L28_V_S4	V	28	4	L28_WV_S4	2097152	2097152									
L28_K_S5	K	28	5	L28_WK_S5	2097152	2097152									
L28_V_S5	V	28	5	L28_WV_S5	2097152	2097152									
L28_K_S6	K	28	6	L28_WK_S6	2097152	2097152									
L28_V_S6	V	28	6	L28_WV_S6	2097152	2097152									
L28_K_S7	K	28	7	L28_WK_S7	2097152	2097152									
L28_V_S7	V	28	7	L28_WV_S7	2097152	2097152									
L28_K_write_S0	K_write	28	0	None	0	0									
L28_V_write_S0	V_write	28	0	None	0	0									
L28_K_write_S1	K_write	28	1	None	0	0									
L28_V_write_S1	V_write	28	1	None	0	0									
L28_K_write_S2	K_write	28	2	None	0	0									
L28_V_write_S2	V_write	28	2	None	0	0									
L28_K_write_S3	K_write	28	3	None	0	0									
L28_V_write_S3	V_write	28	3	None	0	0									
L28_K_write_S4	K_write	28	4	None	0	0									
L28_V_write_S4	V_write	28	4	None	0	0									
L28_K_write_S5	K_write	28	5	None	0	0									
L28_V_write_S5	V_write	28	5	None	0	0									
L28_K_write_S6	K_write	28	6	None	0	0									
L28_V_write_S6	V_write	28	6	None	0	0									
L28_K_write_S7	K_write	28	7	None	0	0									
L28_V_write_S7	V_write	28	7	None	0	0									
L28_Q_S0	Q	28	0	L28_WQ_S0	2097152	2097152									
L28_QK_S0	QK	28	0	None	0	0									
L28_Softmax_S0	Softmax	28	0	None	0	0									
L28_SV_S0	SV	28	0	None	0	0									
L28_O_S0	O	28	0	L28_WO_S0	2097152	2097152									
L28_Q_S1	Q	28	1	L28_WQ_S1	2097152	2097152									
L28_QK_S1	QK	28	1	None	0	0									
L28_Softmax_S1	Softmax	28	1	None	0	0									
L28_SV_S1	SV	28	1	None	0	0									
L28_O_S1	O	28	1	L28_WO_S1	2097152	2097152									
L28_Q_S2	Q	28	2	L28_WQ_S2	2097152	2097152									
L28_QK_S2	QK	28	2	None	0	0									
L28_Softmax_S2	Softmax	28	2	None	0	0									
L28_SV_S2	SV	28	2	None	0	0									
L28_O_S2	O	28	2	L28_WO_S2	2097152	2097152									
L28_Q_S3	Q	28	3	L28_WQ_S3	2097152	2097152									
L28_QK_S3	QK	28	3	None	0	0									
L28_Softmax_S3	Softmax	28	3	None	0	0									
L28_SV_S3	SV	28	3	None	0	0									
L28_O_S3	O	28	3	L28_WO_S3	2097152	2097152									
L28_Q_S4	Q	28	4	L28_WQ_S4	2097152	2097152									
L28_QK_S4	QK	28	4	None	0	0									
L28_Softmax_S4	Softmax	28	4	None	0	0									
L28_SV_S4	SV	28	4	None	0	0									
L28_O_S4	O	28	4	L28_WO_S4	2097152	2097152									
L28_Q_S5	Q	28	5	L28_WQ_S5	2097152	2097152									
L28_QK_S5	QK	28	5	None	0	0									
L28_Softmax_S5	Softmax	28	5	None	0	0									
L28_SV_S5	SV	28	5	None	0	0									
L28_O_S5	O	28	5	L28_WO_S5	2097152	2097152									
L28_Q_S6	Q	28	6	L28_WQ_S6	2097152	2097152									
L28_QK_S6	QK	28	6	None	0	0									
L28_Softmax_S6	Softmax	28	6	None	0	0									
L28_SV_S6	SV	28	6	None	0	0									
L28_O_S6	O	28	6	L28_WO_S6	2097152	2097152									
L28_Q_S7	Q	28	7	L28_WQ_S7	2097152	2097152									
L28_QK_S7	QK	28	7	None	0	0									
L28_Softmax_S7	Softmax	28	7	None	0	0									
L28_SV_S7	SV	28	7	None	0	0									
L28_O_S7	O	28	7	L28_WO_S7	2097152	2097152									
L28_O_allreduce	AllReduce	28	None	None	0	0									
L28_Add1	Add	28	None	None	0	0									
L28_LN2	LN	28	None	None	0	0									
L28_FFN_W1_S0	FFN_W1	28	None	L28_W1_S0	5636096	5636096									
L28_FFN_W3_S0	FFN_W3	28	None	L28_W3_S0	5636096	5636096									
L28_Act_S0	SwiGLU	28	None	None	0	0									
L28_FFN_W2_S0	FFN_W2	28	None	L28_W2_S0	5636096	5636096									
L28_FFN_W1_S1	FFN_W1	28	None	L28_W1_S1	5636096	5636096									
L28_FFN_W3_S1	FFN_W3	28	None	L28_W3_S1	5636096	5636096									
L28_Act_S1	SwiGLU	28	None	None	0	0									
L28_FFN_W2_S1	FFN_W2	28	None	L28_W2_S1	5636096	5636096									
L28_FFN_W1_S2	FFN_W1	28	None	L28_W1_S2	5636096	5636096									
L28_FFN_W3_S2	FFN_W3	28	None	L28_W3_S2	5636096	5636096									
L28_Act_S2	SwiGLU	28	None	None	0	0									
L28_FFN_W2_S2	FFN_W2	28	None	L28_W2_S2	5636096	5636096									
L28_FFN_W1_S3	FFN_W1	28	None	L28_W1_S3	5636096	5636096									
L28_FFN_W3_S3	FFN_W3	28	None	L28_W3_S3	5636096	5636096									
L28_Act_S3	SwiGLU	28	None	None	0	0									
L28_FFN_W2_S3	FFN_W2	28	None	L28_W2_S3	5636096	5636096									
L28_FFN_W1_S4	FFN_W1	28	None	L28_W1_S4	5636096	5636096									
L28_FFN_W3_S4	FFN_W3	28	None	L28_W3_S4	5636096	5636096									
L28_Act_S4	SwiGLU	28	None	None	0	0									
L28_FFN_W2_S4	FFN_W2	28	None	L28_W2_S4	5636096	5636096									
L28_FFN_W1_S5	FFN_W1	28	None	L28_W1_S5	5636096	5636096									
L28_FFN_W3_S5	FFN_W3	28	None	L28_W3_S5	5636096	5636096									
L28_Act_S5	SwiGLU	28	None	None	0	0									
L28_FFN_W2_S5	FFN_W2	28	None	L28_W2_S5	5636096	5636096									
L28_FFN_W1_S6	FFN_W1	28	None	L28_W1_S6	5636096	5636096									
L28_FFN_W3_S6	FFN_W3	28	None	L28_W3_S6	5636096	5636096									
L28_Act_S6	SwiGLU	28	None	None	0	0									
L28_FFN_W2_S6	FFN_W2	28	None	L28_W2_S6	5636096	5636096									
L28_FFN_W1_S7	FFN_W1	28	None	L28_W1_S7	5636096	5636096									
L28_FFN_W3_S7	FFN_W3	28	None	L28_W3_S7	5636096	5636096									
L28_Act_S7	SwiGLU	28	None	None	0	0									
L28_FFN_W2_S7	FFN_W2	28	None	L28_W2_S7	5636096	5636096									
L28_FFN_allreduce	AllReduce	28	None	None	0	0									
L28_Add2	Add	28	None	None	0	0									
L29_LN1	LN	29	None	None	0	0									
L29_X	Identity	29	None	None	0	0									
L29_K_S0	K	29	0	L29_WK_S0	2097152	2097152									
L29_V_S0	V	29	0	L29_WV_S0	2097152	2097152									
L29_K_S1	K	29	1	L29_WK_S1	2097152	2097152									
L29_V_S1	V	29	1	L29_WV_S1	2097152	2097152									
L29_K_S2	K	29	2	L29_WK_S2	2097152	2097152									
L29_V_S2	V	29	2	L29_WV_S2	2097152	2097152									
L29_K_S3	K	29	3	L29_WK_S3	2097152	2097152									
L29_V_S3	V	29	3	L29_WV_S3	2097152	2097152									
L29_K_S4	K	29	4	L29_WK_S4	2097152	2097152									
L29_V_S4	V	29	4	L29_WV_S4	2097152	2097152									
L29_K_S5	K	29	5	L29_WK_S5	2097152	2097152									
L29_V_S5	V	29	5	L29_WV_S5	2097152	2097152									
L29_K_S6	K	29	6	L29_WK_S6	2097152	2097152									
L29_V_S6	V	29	6	L29_WV_S6	2097152	2097152									
L29_K_S7	K	29	7	L29_WK_S7	2097152	2097152									
L29_V_S7	V	29	7	L29_WV_S7	2097152	2097152									
L29_K_write_S0	K_write	29	0	None	0	0									
L29_V_write_S0	V_write	29	0	None	0	0									
L29_K_write_S1	K_write	29	1	None	0	0									
L29_V_write_S1	V_write	29	1	None	0	0									
L29_K_write_S2	K_write	29	2	None	0	0									
L29_V_write_S2	V_write	29	2	None	0	0									
L29_K_write_S3	K_write	29	3	None	0	0									
L29_V_write_S3	V_write	29	3	None	0	0									
L29_K_write_S4	K_write	29	4	None	0	0									
L29_V_write_S4	V_write	29	4	None	0	0									
L29_K_write_S5	K_write	29	5	None	0	0									
L29_V_write_S5	V_write	29	5	None	0	0									
L29_K_write_S6	K_write	29	6	None	0	0									
L29_V_write_S6	V_write	29	6	None	0	0									
L29_K_write_S7	K_write	29	7	None	0	0									
L29_V_write_S7	V_write	29	7	None	0	0									
L29_Q_S0	Q	29	0	L29_WQ_S0	2097152	2097152									
L29_QK_S0	QK	29	0	None	0	0									
L29_Softmax_S0	Softmax	29	0	None	0	0									
L29_SV_S0	SV	29	0	None	0	0									
L29_O_S0	O	29	0	L29_WO_S0	2097152	2097152									
L29_Q_S1	Q	29	1	L29_WQ_S1	2097152	2097152									
L29_QK_S1	QK	29	1	None	0	0									
L29_Softmax_S1	Softmax	29	1	None	0	0									
L29_SV_S1	SV	29	1	None	0	0									
L29_O_S1	O	29	1	L29_WO_S1	2097152	2097152									
L29_Q_S2	Q	29	2	L29_WQ_S2	2097152	2097152									
L29_QK_S2	QK	29	2	None	0	0									
L29_Softmax_S2	Softmax	29	2	None	0	0									
L29_SV_S2	SV	29	2	None	0	0									
L29_O_S2	O	29	2	L29_WO_S2	2097152	2097152									
L29_Q_S3	Q	29	3	L29_WQ_S3	2097152	2097152									
L29_QK_S3	QK	29	3	None	0	0									
L29_Softmax_S3	Softmax	29	3	None	0	0									
L29_SV_S3	SV	29	3	None	0	0									
L29_O_S3	O	29	3	L29_WO_S3	2097152	2097152									
L29_Q_S4	Q	29	4	L29_WQ_S4	2097152	2097152									
L29_QK_S4	QK	29	4	None	0	0									
L29_Softmax_S4	Softmax	29	4	None	0	0									
L29_SV_S4	SV	29	4	None	0	0									
L29_O_S4	O	29	4	L29_WO_S4	2097152	2097152									
L29_Q_S5	Q	29	5	L29_WQ_S5	2097152	2097152									
L29_QK_S5	QK	29	5	None	0	0									
L29_Softmax_S5	Softmax	29	5	None	0	0									
L29_SV_S5	SV	29	5	None	0	0									
L29_O_S5	O	29	5	L29_WO_S5	2097152	2097152									
L29_Q_S6	Q	29	6	L29_WQ_S6	2097152	2097152									
L29_QK_S6	QK	29	6	None	0	0									
L29_Softmax_S6	Softmax	29	6	None	0	0									
L29_SV_S6	SV	29	6	None	0	0									
L29_O_S6	O	29	6	L29_WO_S6	2097152	2097152									
L29_Q_S7	Q	29	7	L29_WQ_S7	2097152	2097152									
L29_QK_S7	QK	29	7	None	0	0									
L29_Softmax_S7	Softmax	29	7	None	0	0									
L29_SV_S7	SV	29	7	None	0	0									
L29_O_S7	O	29	7	L29_WO_S7	2097152	2097152									
L29_O_allreduce	AllReduce	29	None	None	0	0									
L29_Add1	Add	29	None	None	0	0									
L29_LN2	LN	29	None	None	0	0									
L29_FFN_W1_S0	FFN_W1	29	None	L29_W1_S0	5636096	5636096									
L29_FFN_W3_S0	FFN_W3	29	None	L29_W3_S0	5636096	5636096									
L29_Act_S0	SwiGLU	29	None	None	0	0									
L29_FFN_W2_S0	FFN_W2	29	None	L29_W2_S0	5636096	5636096									
L29_FFN_W1_S1	FFN_W1	29	None	L29_W1_S1	5636096	5636096									
L29_FFN_W3_S1	FFN_W3	29	None	L29_W3_S1	5636096	5636096									
L29_Act_S1	SwiGLU	29	None	None	0	0									
L29_FFN_W2_S1	FFN_W2	29	None	L29_W2_S1	5636096	5636096									
L29_FFN_W1_S2	FFN_W1	29	None	L29_W1_S2	5636096	5636096									
L29_FFN_W3_S2	FFN_W3	29	None	L29_W3_S2	5636096	5636096									
L29_Act_S2	SwiGLU	29	None	None	0	0									
L29_FFN_W2_S2	FFN_W2	29	None	L29_W2_S2	5636096	5636096									
L29_FFN_W1_S3	FFN_W1	29	None	L29_W1_S3	5636096	5636096									
L29_FFN_W3_S3	FFN_W3	29	None	L29_W3_S3	5636096	5636096									
L29_Act_S3	SwiGLU	29	None	None	0	0									
L29_FFN_W2_S3	FFN_W2	29	None	L29_W2_S3	5636096	5636096									
L29_FFN_W1_S4	FFN_W1	29	None	L29_W1_S4	5636096	5636096									
L29_FFN_W3_S4	FFN_W3	29	None	L29_W3_S4	5636096	5636096									
L29_Act_S4	SwiGLU	29	None	None	0	0									
L29_FFN_W2_S4	FFN_W2	29	None	L29_W2_S4	5636096	5636096									
L29_FFN_W1_S5	FFN_W1	29	None	L29_W1_S5	5636096	5636096									
L29_FFN_W3_S5	FFN_W3	29	None	L29_W3_S5	5636096	5636096									
L29_Act_S5	SwiGLU	29	None	None	0	0									
L29_FFN_W2_S5	FFN_W2	29	None	L29_W2_S5	5636096	5636096									
L29_FFN_W1_S6	FFN_W1	29	None	L29_W1_S6	5636096	5636096									
L29_FFN_W3_S6	FFN_W3	29	None	L29_W3_S6	5636096	5636096									
L29_Act_S6	SwiGLU	29	None	None	0	0									
L29_FFN_W2_S6	FFN_W2	29	None	L29_W2_S6	5636096	5636096									
L29_FFN_W1_S7	FFN_W1	29	None	L29_W1_S7	5636096	5636096									
L29_FFN_W3_S7	FFN_W3	29	None	L29_W3_S7	5636096	5636096									
L29_Act_S7	SwiGLU	29	None	None	0	0									
L29_FFN_W2_S7	FFN_W2	29	None	L29_W2_S7	5636096	5636096									
L29_FFN_allreduce	AllReduce	29	None	None	0	0									
L29_Add2	Add	29	None	None	0	0									
L30_LN1	LN	30	None	None	0	0									
L30_X	Identity	30	None	None	0	0									
L30_K_S0	K	30	0	L30_WK_S0	2097152	2097152									
L30_V_S0	V	30	0	L30_WV_S0	2097152	2097152									
L30_K_S1	K	30	1	L30_WK_S1	2097152	2097152									
L30_V_S1	V	30	1	L30_WV_S1	2097152	2097152									
L30_K_S2	K	30	2	L30_WK_S2	2097152	2097152									
L30_V_S2	V	30	2	L30_WV_S2	2097152	2097152									
L30_K_S3	K	30	3	L30_WK_S3	2097152	2097152									
L30_V_S3	V	30	3	L30_WV_S3	2097152	2097152									
L30_K_S4	K	30	4	L30_WK_S4	2097152	2097152									
L30_V_S4	V	30	4	L30_WV_S4	2097152	2097152									
L30_K_S5	K	30	5	L30_WK_S5	2097152	2097152									
L30_V_S5	V	30	5	L30_WV_S5	2097152	2097152									
L30_K_S6	K	30	6	L30_WK_S6	2097152	2097152									
L30_V_S6	V	30	6	L30_WV_S6	2097152	2097152									
L30_K_S7	K	30	7	L30_WK_S7	2097152	2097152									
L30_V_S7	V	30	7	L30_WV_S7	2097152	2097152									
L30_K_write_S0	K_write	30	0	None	0	0									
L30_V_write_S0	V_write	30	0	None	0	0									
L30_K_write_S1	K_write	30	1	None	0	0									
L30_V_write_S1	V_write	30	1	None	0	0									
L30_K_write_S2	K_write	30	2	None	0	0									
L30_V_write_S2	V_write	30	2	None	0	0									
L30_K_write_S3	K_write	30	3	None	0	0									
L30_V_write_S3	V_write	30	3	None	0	0									
L30_K_write_S4	K_write	30	4	None	0	0									
L30_V_write_S4	V_write	30	4	None	0	0									
L30_K_write_S5	K_write	30	5	None	0	0									
L30_V_write_S5	V_write	30	5	None	0	0									
L30_K_write_S6	K_write	30	6	None	0	0									
L30_V_write_S6	V_write	30	6	None	0	0									
L30_K_write_S7	K_write	30	7	None	0	0									
L30_V_write_S7	V_write	30	7	None	0	0									
L30_Q_S0	Q	30	0	L30_WQ_S0	2097152	2097152									
L30_QK_S0	QK	30	0	None	0	0									
L30_Softmax_S0	Softmax	30	0	None	0	0									
L30_SV_S0	SV	30	0	None	0	0									
L30_O_S0	O	30	0	L30_WO_S0	2097152	2097152									
L30_Q_S1	Q	30	1	L30_WQ_S1	2097152	2097152									
L30_QK_S1	QK	30	1	None	0	0									
L30_Softmax_S1	Softmax	30	1	None	0	0									
L30_SV_S1	SV	30	1	None	0	0									
L30_O_S1	O	30	1	L30_WO_S1	2097152	2097152									
L30_Q_S2	Q	30	2	L30_WQ_S2	2097152	2097152									
L30_QK_S2	QK	30	2	None	0	0									
L30_Softmax_S2	Softmax	30	2	None	0	0									
L30_SV_S2	SV	30	2	None	0	0									
L30_O_S2	O	30	2	L30_WO_S2	2097152	2097152									
L30_Q_S3	Q	30	3	L30_WQ_S3	2097152	2097152									
L30_QK_S3	QK	30	3	None	0	0									
L30_Softmax_S3	Softmax	30	3	None	0	0									
L30_SV_S3	SV	30	3	None	0	0									
L30_O_S3	O	30	3	L30_WO_S3	2097152	2097152									
L30_Q_S4	Q	30	4	L30_WQ_S4	2097152	2097152									
L30_QK_S4	QK	30	4	None	0	0									
L30_Softmax_S4	Softmax	30	4	None	0	0									
L30_SV_S4	SV	30	4	None	0	0									
L30_O_S4	O	30	4	L30_WO_S4	2097152	2097152									
L30_Q_S5	Q	30	5	L30_WQ_S5	2097152	2097152									
L30_QK_S5	QK	30	5	None	0	0									
L30_Softmax_S5	Softmax	30	5	None	0	0									
L30_SV_S5	SV	30	5	None	0	0									
L30_O_S5	O	30	5	L30_WO_S5	2097152	2097152									
L30_Q_S6	Q	30	6	L30_WQ_S6	2097152	2097152									
L30_QK_S6	QK	30	6	None	0	0									
L30_Softmax_S6	Softmax	30	6	None	0	0									
L30_SV_S6	SV	30	6	None	0	0									
L30_O_S6	O	30	6	L30_WO_S6	2097152	2097152									
L30_Q_S7	Q	30	7	L30_WQ_S7	2097152	2097152									
L30_QK_S7	QK	30	7	None	0	0									
L30_Softmax_S7	Softmax	30	7	None	0	0									
L30_SV_S7	SV	30	7	None	0	0									
L30_O_S7	O	30	7	L30_WO_S7	2097152	2097152									
L30_O_allreduce	AllReduce	30	None	None	0	0									
L30_Add1	Add	30	None	None	0	0									
L30_LN2	LN	30	None	None	0	0									
L30_FFN_W1_S0	FFN_W1	30	None	L30_W1_S0	5636096	5636096									
L30_FFN_W3_S0	FFN_W3	30	None	L30_W3_S0	5636096	5636096									
L30_Act_S0	SwiGLU	30	None	None	0	0									
L30_FFN_W2_S0	FFN_W2	30	None	L30_W2_S0	5636096	5636096									
L30_FFN_W1_S1	FFN_W1	30	None	L30_W1_S1	5636096	5636096									
L30_FFN_W3_S1	FFN_W3	30	None	L30_W3_S1	5636096	5636096									
L30_Act_S1	SwiGLU	30	None	None	0	0									
L30_FFN_W2_S1	FFN_W2	30	None	L30_W2_S1	5636096	5636096									
L30_FFN_W1_S2	FFN_W1	30	None	L30_W1_S2	5636096	5636096									
L30_FFN_W3_S2	FFN_W3	30	None	L30_W3_S2	5636096	5636096									
L30_Act_S2	SwiGLU	30	None	None	0	0									
L30_FFN_W2_S2	FFN_W2	30	None	L30_W2_S2	5636096	5636096									
L30_FFN_W1_S3	FFN_W1	30	None	L30_W1_S3	5636096	5636096									
L30_FFN_W3_S3	FFN_W3	30	None	L30_W3_S3	5636096	5636096									
L30_Act_S3	SwiGLU	30	None	None	0	0									
L30_FFN_W2_S3	FFN_W2	30	None	L30_W2_S3	5636096	5636096									
L30_FFN_W1_S4	FFN_W1	30	None	L30_W1_S4	5636096	5636096									
L30_FFN_W3_S4	FFN_W3	30	None	L30_W3_S4	5636096	5636096									
L30_Act_S4	SwiGLU	30	None	None	0	0									
L30_FFN_W2_S4	FFN_W2	30	None	L30_W2_S4	5636096	5636096									
L30_FFN_W1_S5	FFN_W1	30	None	L30_W1_S5	5636096	5636096									
L30_FFN_W3_S5	FFN_W3	30	None	L30_W3_S5	5636096	5636096									
L30_Act_S5	SwiGLU	30	None	None	0	0									
L30_FFN_W2_S5	FFN_W2	30	None	L30_W2_S5	5636096	5636096									
L30_FFN_W1_S6	FFN_W1	30	None	L30_W1_S6	5636096	5636096									
L30_FFN_W3_S6	FFN_W3	30	None	L30_W3_S6	5636096	5636096									
L30_Act_S6	SwiGLU	30	None	None	0	0									
L30_FFN_W2_S6	FFN_W2	30	None	L30_W2_S6	5636096	5636096									
L30_FFN_W1_S7	FFN_W1	30	None	L30_W1_S7	5636096	5636096									
L30_FFN_W3_S7	FFN_W3	30	None	L30_W3_S7	5636096	5636096									
L30_Act_S7	SwiGLU	30	None	None	0	0									
L30_FFN_W2_S7	FFN_W2	30	None	L30_W2_S7	5636096	5636096									
L30_FFN_allreduce	AllReduce	30	None	None	0	0									
L30_Add2	Add	30	None	None	0	0									
L31_LN1	LN	31	None	None	0	0									
L31_X	Identity	31	None	None	0	0									
L31_K_S0	K	31	0	L31_WK_S0	2097152	2097152									
L31_V_S0	V	31	0	L31_WV_S0	2097152	2097152									
L31_K_S1	K	31	1	L31_WK_S1	2097152	2097152									
L31_V_S1	V	31	1	L31_WV_S1	2097152	2097152									
L31_K_S2	K	31	2	L31_WK_S2	2097152	2097152									
L31_V_S2	V	31	2	L31_WV_S2	2097152	2097152									
L31_K_S3	K	31	3	L31_WK_S3	2097152	2097152									
L31_V_S3	V	31	3	L31_WV_S3	2097152	2097152									
L31_K_S4	K	31	4	L31_WK_S4	2097152	2097152									
L31_V_S4	V	31	4	L31_WV_S4	2097152	2097152									
L31_K_S5	K	31	5	L31_WK_S5	2097152	2097152									
L31_V_S5	V	31	5	L31_WV_S5	2097152	2097152									
L31_K_S6	K	31	6	L31_WK_S6	2097152	2097152									
L31_V_S6	V	31	6	L31_WV_S6	2097152	2097152									
L31_K_S7	K	31	7	L31_WK_S7	2097152	2097152									
L31_V_S7	V	31	7	L31_WV_S7	2097152	2097152									
L31_K_write_S0	K_write	31	0	None	0	0									
L31_V_write_S0	V_write	31	0	None	0	0									
L31_K_write_S1	K_write	31	1	None	0	0									
L31_V_write_S1	V_write	31	1	None	0	0									
L31_K_write_S2	K_write	31	2	None	0	0									
L31_V_write_S2	V_write	31	2	None	0	0									
L31_K_write_S3	K_write	31	3	None	0	0									
L31_V_write_S3	V_write	31	3	None	0	0									
L31_K_write_S4	K_write	31	4	None	0	0									
L31_V_write_S4	V_write	31	4	None	0	0									
L31_K_write_S5	K_write	31	5	None	0	0									
L31_V_write_S5	V_write	31	5	None	0	0									
L31_K_write_S6	K_write	31	6	None	0	0									
L31_V_write_S6	V_write	31	6	None	0	0									
L31_K_write_S7	K_write	31	7	None	0	0									
L31_V_write_S7	V_write	31	7	None	0	0									
L31_Q_S0	Q	31	0	L31_WQ_S0	2097152	2097152									
L31_QK_S0	QK	31	0	None	0	0									
L31_Softmax_S0	Softmax	31	0	None	0	0									
L31_SV_S0	SV	31	0	None	0	0									
L31_O_S0	O	31	0	L31_WO_S0	2097152	2097152									
L31_Q_S1	Q	31	1	L31_WQ_S1	2097152	2097152									
L31_QK_S1	QK	31	1	None	0	0									
L31_Softmax_S1	Softmax	31	1	None	0	0									
L31_SV_S1	SV	31	1	None	0	0									
L31_O_S1	O	31	1	L31_WO_S1	2097152	2097152									
L31_Q_S2	Q	31	2	L31_WQ_S2	2097152	2097152									
L31_QK_S2	QK	31	2	None	0	0									
L31_Softmax_S2	Softmax	31	2	None	0	0									
L31_SV_S2	SV	31	2	None	0	0									
L31_O_S2	O	31	2	L31_WO_S2	2097152	2097152									
L31_Q_S3	Q	31	3	L31_WQ_S3	2097152	2097152									
L31_QK_S3	QK	31	3	None	0	0									
L31_Softmax_S3	Softmax	31	3	None	0	0									
L31_SV_S3	SV	31	3	None	0	0									
L31_O_S3	O	31	3	L31_WO_S3	2097152	2097152									
L31_Q_S4	Q	31	4	L31_WQ_S4	2097152	2097152									
L31_QK_S4	QK	31	4	None	0	0									
L31_Softmax_S4	Softmax	31	4	None	0	0									
L31_SV_S4	SV	31	4	None	0	0									
L31_O_S4	O	31	4	L31_WO_S4	2097152	2097152									
L31_Q_S5	Q	31	5	L31_WQ_S5	2097152	2097152									
L31_QK_S5	QK	31	5	None	0	0									
L31_Softmax_S5	Softmax	31	5	None	0	0									
L31_SV_S5	SV	31	5	None	0	0									
L31_O_S5	O	31	5	L31_WO_S5	2097152	2097152									
L31_Q_S6	Q	31	6	L31_WQ_S6	2097152	2097152									
L31_QK_S6	QK	31	6	None	0	0									
L31_Softmax_S6	Softmax	31	6	None	0	0									
L31_SV_S6	SV	31	6	None	0	0									
L31_O_S6	O	31	6	L31_WO_S6	2097152	2097152									
L31_Q_S7	Q	31	7	L31_WQ_S7	2097152	2097152									
L31_QK_S7	QK	31	7	None	0	0									
L31_Softmax_S7	Softmax	31	7	None	0	0									
L31_SV_S7	SV	31	7	None	0	0									
L31_O_S7	O	31	7	L31_WO_S7	2097152	2097152									
L31_O_allreduce	AllReduce	31	None	None	0	0									
L31_Add1	Add	31	None	None	0	0									
L31_LN2	LN	31	None	None	0	0									
L31_FFN_W1_S0	FFN_W1	31	None	L31_W1_S0	5636096	5636096									
L31_FFN_W3_S0	FFN_W3	31	None	L31_W3_S0	5636096	5636096									
L31_Act_S0	SwiGLU	31	None	None	0	0									
L31_FFN_W2_S0	FFN_W2	31	None	L31_W2_S0	5636096	5636096									
L31_FFN_W1_S1	FFN_W1	31	None	L31_W1_S1	5636096	5636096									
L31_FFN_W3_S1	FFN_W3	31	None	L31_W3_S1	5636096	5636096									
L31_Act_S1	SwiGLU	31	None	None	0	0									
L31_FFN_W2_S1	FFN_W2	31	None	L31_W2_S1	5636096	5636096									
L31_FFN_W1_S2	FFN_W1	31	None	L31_W1_S2	5636096	5636096									
L31_FFN_W3_S2	FFN_W3	31	None	L31_W3_S2	5636096	5636096									
L31_Act_S2	SwiGLU	31	None	None	0	0									
L31_FFN_W2_S2	FFN_W2	31	None	L31_W2_S2	5636096	5636096									
L31_FFN_W1_S3	FFN_W1	31	None	L31_W1_S3	5636096	5636096									
L31_FFN_W3_S3	FFN_W3	31	None	L31_W3_S3	5636096	5636096									
L31_Act_S3	SwiGLU	31	None	None	0	0									
L31_FFN_W2_S3	FFN_W2	31	None	L31_W2_S3	5636096	5636096									
L31_FFN_W1_S4	FFN_W1	31	None	L31_W1_S4	5636096	5636096									
L31_FFN_W3_S4	FFN_W3	31	None	L31_W3_S4	5636096	5636096									
L31_Act_S4	SwiGLU	31	None	None	0	0									
L31_FFN_W2_S4	FFN_W2	31	None	L31_W2_S4	5636096	5636096									
L31_FFN_W1_S5	FFN_W1	31	None	L31_W1_S5	5636096	5636096									
L31_FFN_W3_S5	FFN_W3	31	None	L31_W3_S5	5636096	5636096									
L31_Act_S5	SwiGLU	31	None	None	0	0									
L31_FFN_W2_S5	FFN_W2	31	None	L31_W2_S5	5636096	5636096									
L31_FFN_W1_S6	FFN_W1	31	None	L31_W1_S6	5636096	5636096									
L31_FFN_W3_S6	FFN_W3	31	None	L31_W3_S6	5636096	5636096									
L31_Act_S6	SwiGLU	31	None	None	0	0									
L31_FFN_W2_S6	FFN_W2	31	None	L31_W2_S6	5636096	5636096									
L31_FFN_W1_S7	FFN_W1	31	None	L31_W1_S7	5636096	5636096									
L31_FFN_W3_S7	FFN_W3	31	None	L31_W3_S7	5636096	5636096									
L31_Act_S7	SwiGLU	31	None	None	0	0									
L31_FFN_W2_S7	FFN_W2	31	None	L31_W2_S7	5636096	5636096									
L31_FFN_allreduce	AllReduce	31	None	None	0	0									
L31_Add2	Add	31	None	None	0	0									
