schedule,phase,sample_step,token_index,layer,device,device_type,n_ops,ops_repr,schedule_sum_s,measured_s,measured_key,measured_step,measured_mode,schedule_sum_scaled_s,measured_scaled_s,delta_s,ratio,delta_scaled_s,ratio_scaled
attacc_prefill-1024xdecode_256_ops_trace.csv,prefill,-1,-1,0,GPU0,npu,26,"LN:-1,Q:0,K:0,V:0,Q:1,K:1,V:1,QK:0,QK:1,Softmax:0,Softmax:1,SV:0,SV:1,O:0,O:1,Add:-1,LN:-1,FFN_W1:0,FFN_W3:0,FFN_W1:1,FFN_W3:1,SwiGLU:0,SwiGLU:1,FFN_W2:0,FFN_W2:1,Add:-1",0.019596569351516456,0.004684902572631836,npu|prefill|-1|7f370cc7d97df3530a56c775d62964d4,-1,sample_step,0.019596569351516456,0.004684902572631836,-0.01491166677888462,0.23906748618065135,-0.01491166677888462,0.23906748618065135
attacc_prefill-1024xdecode_256_ops_trace.csv,prefill,-1,-1,1,GPU0,npu,26,"LN:-1,Q:0,K:0,V:0,Q:1,K:1,V:1,QK:0,QK:1,Softmax:0,Softmax:1,SV:0,SV:1,O:0,O:1,Add:-1,LN:-1,FFN_W1:0,FFN_W3:0,FFN_W1:1,FFN_W3:1,SwiGLU:0,SwiGLU:1,FFN_W2:0,FFN_W2:1,Add:-1",0.019596569351516453,0.004684902572631836,npu|prefill|-1|7f370cc7d97df3530a56c775d62964d4,-1,sample_step,0.019596569351516453,0.004684902572631836,-0.014911666778884617,0.2390674861806514,-0.014911666778884617,0.2390674861806514
attacc_prefill-1024xdecode_256_ops_trace.csv,prefill,-1,-1,2,GPU0,npu,26,"LN:-1,Q:0,K:0,V:0,Q:1,K:1,V:1,QK:0,QK:1,Softmax:0,Softmax:1,SV:0,SV:1,O:0,O:1,Add:-1,LN:-1,FFN_W1:0,FFN_W3:0,FFN_W1:1,FFN_W3:1,SwiGLU:0,SwiGLU:1,FFN_W2:0,FFN_W2:1,Add:-1",0.019596569351516466,0.004684902572631836,npu|prefill|-1|7f370cc7d97df3530a56c775d62964d4,-1,sample_step,0.019596569351516466,0.004684902572631836,-0.014911666778884631,0.23906748618065124,-0.014911666778884631,0.23906748618065124
attacc_prefill-1024xdecode_256_ops_trace.csv,prefill,-1,-1,3,GPU0,npu,26,"LN:-1,Q:0,K:0,V:0,Q:1,K:1,V:1,QK:0,QK:1,Softmax:0,Softmax:1,SV:0,SV:1,O:0,O:1,Add:-1,LN:-1,FFN_W1:0,FFN_W3:0,FFN_W1:1,FFN_W3:1,SwiGLU:0,SwiGLU:1,FFN_W2:0,FFN_W2:1,Add:-1",0.019596569351516466,0.004684902572631836,npu|prefill|-1|7f370cc7d97df3530a56c775d62964d4,-1,sample_step,0.019596569351516466,0.004684902572631836,-0.014911666778884631,0.23906748618065124,-0.014911666778884631,0.23906748618065124
attacc_prefill-1024xdecode_256_ops_trace.csv,prefill,-1,-1,4,GPU0,npu,26,"LN:-1,Q:0,K:0,V:0,Q:1,K:1,V:1,QK:0,QK:1,Softmax:0,Softmax:1,SV:0,SV:1,O:0,O:1,Add:-1,LN:-1,FFN_W1:0,FFN_W3:0,FFN_W1:1,FFN_W3:1,SwiGLU:0,SwiGLU:1,FFN_W2:0,FFN_W2:1,Add:-1",0.019596569351516466,0.004684902572631836,npu|prefill|-1|7f370cc7d97df3530a56c775d62964d4,-1,sample_step,0.019596569351516466,0.004684902572631836,-0.014911666778884631,0.23906748618065124,-0.014911666778884631,0.23906748618065124
attacc_prefill-1024xdecode_256_ops_trace.csv,prefill,-1,-1,5,GPU0,npu,26,"LN:-1,Q:0,K:0,V:0,Q:1,K:1,V:1,QK:0,QK:1,Softmax:0,Softmax:1,SV:0,SV:1,O:0,O:1,Add:-1,LN:-1,FFN_W1:0,FFN_W3:0,FFN_W1:1,FFN_W3:1,SwiGLU:0,SwiGLU:1,FFN_W2:0,FFN_W2:1,Add:-1",0.019596569351516466,0.004684902572631836,npu|prefill|-1|7f370cc7d97df3530a56c775d62964d4,-1,sample_step,0.019596569351516466,0.004684902572631836,-0.014911666778884631,0.23906748618065124,-0.014911666778884631,0.23906748618065124
attacc_prefill-1024xdecode_256_ops_trace.csv,prefill,-1,-1,6,GPU0,npu,26,"LN:-1,Q:0,K:0,V:0,Q:1,K:1,V:1,QK:0,QK:1,Softmax:0,Softmax:1,SV:0,SV:1,O:0,O:1,Add:-1,LN:-1,FFN_W1:0,FFN_W3:0,FFN_W1:1,FFN_W3:1,SwiGLU:0,SwiGLU:1,FFN_W2:0,FFN_W2:1,Add:-1",0.01959656935151644,0.004684902572631836,npu|prefill|-1|7f370cc7d97df3530a56c775d62964d4,-1,sample_step,0.01959656935151644,0.004684902572631836,-0.014911666778884603,0.23906748618065157,-0.014911666778884603,0.23906748618065157
attacc_prefill-1024xdecode_256_ops_trace.csv,prefill,-1,-1,7,GPU0,npu,26,"LN:-1,Q:0,K:0,V:0,Q:1,K:1,V:1,QK:0,QK:1,Softmax:0,Softmax:1,SV:0,SV:1,O:0,O:1,Add:-1,LN:-1,FFN_W1:0,FFN_W3:0,FFN_W1:1,FFN_W3:1,SwiGLU:0,SwiGLU:1,FFN_W2:0,FFN_W2:1,Add:-1",0.019596569351516494,0.004684902572631836,npu|prefill|-1|7f370cc7d97df3530a56c775d62964d4,-1,sample_step,0.019596569351516494,0.004684902572631836,-0.014911666778884659,0.2390674861806509,-0.014911666778884659,0.2390674861806509
attacc_prefill-1024xdecode_256_ops_trace.csv,prefill,-1,-1,8,GPU0,npu,26,"LN:-1,Q:0,K:0,V:0,Q:1,K:1,V:1,QK:0,QK:1,Softmax:0,Softmax:1,SV:0,SV:1,O:0,O:1,Add:-1,LN:-1,FFN_W1:0,FFN_W3:0,FFN_W1:1,FFN_W3:1,SwiGLU:0,SwiGLU:1,FFN_W2:0,FFN_W2:1,Add:-1",0.019596569351516494,0.004684902572631836,npu|prefill|-1|7f370cc7d97df3530a56c775d62964d4,-1,sample_step,0.019596569351516494,0.004684902572631836,-0.014911666778884659,0.2390674861806509,-0.014911666778884659,0.2390674861806509
attacc_prefill-1024xdecode_256_ops_trace.csv,prefill,-1,-1,9,GPU0,npu,26,"LN:-1,Q:0,K:0,V:0,Q:1,K:1,V:1,QK:0,QK:1,Softmax:0,Softmax:1,SV:0,SV:1,O:0,O:1,Add:-1,LN:-1,FFN_W1:0,FFN_W3:0,FFN_W1:1,FFN_W3:1,SwiGLU:0,SwiGLU:1,FFN_W2:0,FFN_W2:1,Add:-1",0.019596569351516494,0.004684902572631836,npu|prefill|-1|7f370cc7d97df3530a56c775d62964d4,-1,sample_step,0.019596569351516494,0.004684902572631836,-0.014911666778884659,0.2390674861806509,-0.014911666778884659,0.2390674861806509
attacc_prefill-1024xdecode_256_ops_trace.csv,prefill,-1,-1,10,GPU0,npu,26,"LN:-1,Q:0,K:0,V:0,Q:1,K:1,V:1,QK:0,QK:1,Softmax:0,Softmax:1,SV:0,SV:1,O:0,O:1,Add:-1,LN:-1,FFN_W1:0,FFN_W3:0,FFN_W1:1,FFN_W3:1,SwiGLU:0,SwiGLU:1,FFN_W2:0,FFN_W2:1,Add:-1",0.019596569351516494,0.004684902572631836,npu|prefill|-1|7f370cc7d97df3530a56c775d62964d4,-1,sample_step,0.019596569351516494,0.004684902572631836,-0.014911666778884659,0.2390674861806509,-0.014911666778884659,0.2390674861806509
attacc_prefill-1024xdecode_256_ops_trace.csv,prefill,-1,-1,11,GPU0,npu,26,"LN:-1,Q:0,K:0,V:0,Q:1,K:1,V:1,QK:0,QK:1,Softmax:0,Softmax:1,SV:0,SV:1,O:0,O:1,Add:-1,LN:-1,FFN_W1:0,FFN_W3:0,FFN_W1:1,FFN_W3:1,SwiGLU:0,SwiGLU:1,FFN_W2:0,FFN_W2:1,Add:-1",0.019596569351516494,0.004684902572631836,npu|prefill|-1|7f370cc7d97df3530a56c775d62964d4,-1,sample_step,0.019596569351516494,0.004684902572631836,-0.014911666778884659,0.2390674861806509,-0.014911666778884659,0.2390674861806509
attacc_prefill-1024xdecode_256_ops_trace.csv,prefill,-1,-1,12,GPU0,npu,26,"LN:-1,Q:0,K:0,V:0,Q:1,K:1,V:1,QK:0,QK:1,Softmax:0,Softmax:1,SV:0,SV:1,O:0,O:1,Add:-1,LN:-1,FFN_W1:0,FFN_W3:0,FFN_W1:1,FFN_W3:1,SwiGLU:0,SwiGLU:1,FFN_W2:0,FFN_W2:1,Add:-1",0.01959656935151655,0.004684902572631836,npu|prefill|-1|7f370cc7d97df3530a56c775d62964d4,-1,sample_step,0.01959656935151655,0.004684902572631836,-0.014911666778884714,0.2390674861806502,-0.014911666778884714,0.2390674861806502
attacc_prefill-1024xdecode_256_ops_trace.csv,prefill,-1,-1,13,GPU0,npu,26,"LN:-1,Q:0,K:0,V:0,Q:1,K:1,V:1,QK:0,QK:1,Softmax:0,Softmax:1,SV:0,SV:1,O:0,O:1,Add:-1,LN:-1,FFN_W1:0,FFN_W3:0,FFN_W1:1,FFN_W3:1,SwiGLU:0,SwiGLU:1,FFN_W2:0,FFN_W2:1,Add:-1",0.019596569351516494,0.004684902572631836,npu|prefill|-1|7f370cc7d97df3530a56c775d62964d4,-1,sample_step,0.019596569351516494,0.004684902572631836,-0.014911666778884659,0.2390674861806509,-0.014911666778884659,0.2390674861806509
attacc_prefill-1024xdecode_256_ops_trace.csv,prefill,-1,-1,14,GPU0,npu,26,"LN:-1,Q:0,K:0,V:0,Q:1,K:1,V:1,QK:0,QK:1,Softmax:0,Softmax:1,SV:0,SV:1,O:0,O:1,Add:-1,LN:-1,FFN_W1:0,FFN_W3:0,FFN_W1:1,FFN_W3:1,SwiGLU:0,SwiGLU:1,FFN_W2:0,FFN_W2:1,Add:-1",0.019596569351516494,0.004684902572631836,npu|prefill|-1|7f370cc7d97df3530a56c775d62964d4,-1,sample_step,0.019596569351516494,0.004684902572631836,-0.014911666778884659,0.2390674861806509,-0.014911666778884659,0.2390674861806509
attacc_prefill-1024xdecode_256_ops_trace.csv,prefill,-1,-1,15,GPU0,npu,26,"LN:-1,Q:0,K:0,V:0,Q:1,K:1,V:1,QK:0,QK:1,Softmax:0,Softmax:1,SV:0,SV:1,O:0,O:1,Add:-1,LN:-1,FFN_W1:0,FFN_W3:0,FFN_W1:1,FFN_W3:1,SwiGLU:0,SwiGLU:1,FFN_W2:0,FFN_W2:1,Add:-1",0.019596569351516494,0.004684902572631836,npu|prefill|-1|7f370cc7d97df3530a56c775d62964d4,-1,sample_step,0.019596569351516494,0.004684902572631836,-0.014911666778884659,0.2390674861806509,-0.014911666778884659,0.2390674861806509
attacc_prefill-1024xdecode_256_ops_trace.csv,prefill,-1,-1,16,GPU0,npu,26,"LN:-1,Q:0,K:0,V:0,Q:1,K:1,V:1,QK:0,QK:1,Softmax:0,Softmax:1,SV:0,SV:1,O:0,O:1,Add:-1,LN:-1,FFN_W1:0,FFN_W3:0,FFN_W1:1,FFN_W3:1,SwiGLU:0,SwiGLU:1,FFN_W2:0,FFN_W2:1,Add:-1",0.019596569351516494,0.004684902572631836,npu|prefill|-1|7f370cc7d97df3530a56c775d62964d4,-1,sample_step,0.019596569351516494,0.004684902572631836,-0.014911666778884659,0.2390674861806509,-0.014911666778884659,0.2390674861806509
attacc_prefill-1024xdecode_256_ops_trace.csv,prefill,-1,-1,17,GPU0,npu,26,"LN:-1,Q:0,K:0,V:0,Q:1,K:1,V:1,QK:0,QK:1,Softmax:0,Softmax:1,SV:0,SV:1,O:0,O:1,Add:-1,LN:-1,FFN_W1:0,FFN_W3:0,FFN_W1:1,FFN_W3:1,SwiGLU:0,SwiGLU:1,FFN_W2:0,FFN_W2:1,Add:-1",0.019596569351516494,0.004684902572631836,npu|prefill|-1|7f370cc7d97df3530a56c775d62964d4,-1,sample_step,0.019596569351516494,0.004684902572631836,-0.014911666778884659,0.2390674861806509,-0.014911666778884659,0.2390674861806509
attacc_prefill-1024xdecode_256_ops_trace.csv,prefill,-1,-1,18,GPU0,npu,26,"LN:-1,Q:0,K:0,V:0,Q:1,K:1,V:1,QK:0,QK:1,Softmax:0,Softmax:1,SV:0,SV:1,O:0,O:1,Add:-1,LN:-1,FFN_W1:0,FFN_W3:0,FFN_W1:1,FFN_W3:1,SwiGLU:0,SwiGLU:1,FFN_W2:0,FFN_W2:1,Add:-1",0.019596569351516494,0.004684902572631836,npu|prefill|-1|7f370cc7d97df3530a56c775d62964d4,-1,sample_step,0.019596569351516494,0.004684902572631836,-0.014911666778884659,0.2390674861806509,-0.014911666778884659,0.2390674861806509
attacc_prefill-1024xdecode_256_ops_trace.csv,prefill,-1,-1,19,GPU0,npu,26,"LN:-1,Q:0,K:0,V:0,Q:1,K:1,V:1,QK:0,QK:1,Softmax:0,Softmax:1,SV:0,SV:1,O:0,O:1,Add:-1,LN:-1,FFN_W1:0,FFN_W3:0,FFN_W1:1,FFN_W3:1,SwiGLU:0,SwiGLU:1,FFN_W2:0,FFN_W2:1,Add:-1",0.019596569351516494,0.004684902572631836,npu|prefill|-1|7f370cc7d97df3530a56c775d62964d4,-1,sample_step,0.019596569351516494,0.004684902572631836,-0.014911666778884659,0.2390674861806509,-0.014911666778884659,0.2390674861806509
attacc_prefill-1024xdecode_256_ops_trace.csv,prefill,-1,-1,20,GPU0,npu,26,"LN:-1,Q:0,K:0,V:0,Q:1,K:1,V:1,QK:0,QK:1,Softmax:0,Softmax:1,SV:0,SV:1,O:0,O:1,Add:-1,LN:-1,FFN_W1:0,FFN_W3:0,FFN_W1:1,FFN_W3:1,SwiGLU:0,SwiGLU:1,FFN_W2:0,FFN_W2:1,Add:-1",0.019596569351516494,0.004684902572631836,npu|prefill|-1|7f370cc7d97df3530a56c775d62964d4,-1,sample_step,0.019596569351516494,0.004684902572631836,-0.014911666778884659,0.2390674861806509,-0.014911666778884659,0.2390674861806509
attacc_prefill-1024xdecode_256_ops_trace.csv,prefill,-1,-1,21,GPU0,npu,26,"LN:-1,Q:0,K:0,V:0,Q:1,K:1,V:1,QK:0,QK:1,Softmax:0,Softmax:1,SV:0,SV:1,O:0,O:1,Add:-1,LN:-1,FFN_W1:0,FFN_W3:0,FFN_W1:1,FFN_W3:1,SwiGLU:0,SwiGLU:1,FFN_W2:0,FFN_W2:1,Add:-1",0.019596569351516494,0.004684902572631836,npu|prefill|-1|7f370cc7d97df3530a56c775d62964d4,-1,sample_step,0.019596569351516494,0.004684902572631836,-0.014911666778884659,0.2390674861806509,-0.014911666778884659,0.2390674861806509
attacc_prefill-1024xdecode_256_ops_trace.csv,prefill,-1,-1,22,GPU0,npu,26,"LN:-1,Q:0,K:0,V:0,Q:1,K:1,V:1,QK:0,QK:1,Softmax:0,Softmax:1,SV:0,SV:1,O:0,O:1,Add:-1,LN:-1,FFN_W1:0,FFN_W3:0,FFN_W1:1,FFN_W3:1,SwiGLU:0,SwiGLU:1,FFN_W2:0,FFN_W2:1,Add:-1",0.019596569351516494,0.004684902572631836,npu|prefill|-1|7f370cc7d97df3530a56c775d62964d4,-1,sample_step,0.019596569351516494,0.004684902572631836,-0.014911666778884659,0.2390674861806509,-0.014911666778884659,0.2390674861806509
attacc_prefill-1024xdecode_256_ops_trace.csv,prefill,-1,-1,23,GPU0,npu,26,"LN:-1,Q:0,K:0,V:0,Q:1,K:1,V:1,QK:0,QK:1,Softmax:0,Softmax:1,SV:0,SV:1,O:0,O:1,Add:-1,LN:-1,FFN_W1:0,FFN_W3:0,FFN_W1:1,FFN_W3:1,SwiGLU:0,SwiGLU:1,FFN_W2:0,FFN_W2:1,Add:-1",0.019596569351516494,0.004684902572631836,npu|prefill|-1|7f370cc7d97df3530a56c775d62964d4,-1,sample_step,0.019596569351516494,0.004684902572631836,-0.014911666778884659,0.2390674861806509,-0.014911666778884659,0.2390674861806509
attacc_prefill-1024xdecode_256_ops_trace.csv,prefill,-1,-1,24,GPU0,npu,26,"LN:-1,Q:0,K:0,V:0,Q:1,K:1,V:1,QK:0,QK:1,Softmax:0,Softmax:1,SV:0,SV:1,O:0,O:1,Add:-1,LN:-1,FFN_W1:0,FFN_W3:0,FFN_W1:1,FFN_W3:1,SwiGLU:0,SwiGLU:1,FFN_W2:0,FFN_W2:1,Add:-1",0.019596569351516494,0.004684902572631836,npu|prefill|-1|7f370cc7d97df3530a56c775d62964d4,-1,sample_step,0.019596569351516494,0.004684902572631836,-0.014911666778884659,0.2390674861806509,-0.014911666778884659,0.2390674861806509
attacc_prefill-1024xdecode_256_ops_trace.csv,prefill,-1,-1,25,GPU0,npu,26,"LN:-1,Q:0,K:0,V:0,Q:1,K:1,V:1,QK:0,QK:1,Softmax:0,Softmax:1,SV:0,SV:1,O:0,O:1,Add:-1,LN:-1,FFN_W1:0,FFN_W3:0,FFN_W1:1,FFN_W3:1,SwiGLU:0,SwiGLU:1,FFN_W2:0,FFN_W2:1,Add:-1",0.019596569351516182,0.004684902572631836,npu|prefill|-1|7f370cc7d97df3530a56c775d62964d4,-1,sample_step,0.019596569351516182,0.004684902572631836,-0.014911666778884346,0.2390674861806547,-0.014911666778884346,0.2390674861806547
attacc_prefill-1024xdecode_256_ops_trace.csv,prefill,-1,-1,26,GPU0,npu,26,"LN:-1,Q:0,K:0,V:0,Q:1,K:1,V:1,QK:0,QK:1,Softmax:0,Softmax:1,SV:0,SV:1,O:0,O:1,Add:-1,LN:-1,FFN_W1:0,FFN_W3:0,FFN_W1:1,FFN_W3:1,SwiGLU:0,SwiGLU:1,FFN_W2:0,FFN_W2:1,Add:-1",0.01959656935151596,0.004684902572631836,npu|prefill|-1|7f370cc7d97df3530a56c775d62964d4,-1,sample_step,0.01959656935151596,0.004684902572631836,-0.014911666778884124,0.2390674861806574,-0.014911666778884124,0.2390674861806574
attacc_prefill-1024xdecode_256_ops_trace.csv,prefill,-1,-1,27,GPU0,npu,26,"LN:-1,Q:0,K:0,V:0,Q:1,K:1,V:1,QK:0,QK:1,Softmax:0,Softmax:1,SV:0,SV:1,O:0,O:1,Add:-1,LN:-1,FFN_W1:0,FFN_W3:0,FFN_W1:1,FFN_W3:1,SwiGLU:0,SwiGLU:1,FFN_W2:0,FFN_W2:1,Add:-1",0.01959656935151596,0.004684902572631836,npu|prefill|-1|7f370cc7d97df3530a56c775d62964d4,-1,sample_step,0.01959656935151596,0.004684902572631836,-0.014911666778884124,0.2390674861806574,-0.014911666778884124,0.2390674861806574
attacc_prefill-1024xdecode_256_ops_trace.csv,prefill,-1,-1,28,GPU0,npu,26,"LN:-1,Q:0,K:0,V:0,Q:1,K:1,V:1,QK:0,QK:1,Softmax:0,Softmax:1,SV:0,SV:1,O:0,O:1,Add:-1,LN:-1,FFN_W1:0,FFN_W3:0,FFN_W1:1,FFN_W3:1,SwiGLU:0,SwiGLU:1,FFN_W2:0,FFN_W2:1,Add:-1",0.01959656935151596,0.004684902572631836,npu|prefill|-1|7f370cc7d97df3530a56c775d62964d4,-1,sample_step,0.01959656935151596,0.004684902572631836,-0.014911666778884124,0.2390674861806574,-0.014911666778884124,0.2390674861806574
attacc_prefill-1024xdecode_256_ops_trace.csv,prefill,-1,-1,29,GPU0,npu,26,"LN:-1,Q:0,K:0,V:0,Q:1,K:1,V:1,QK:0,QK:1,Softmax:0,Softmax:1,SV:0,SV:1,O:0,O:1,Add:-1,LN:-1,FFN_W1:0,FFN_W3:0,FFN_W1:1,FFN_W3:1,SwiGLU:0,SwiGLU:1,FFN_W2:0,FFN_W2:1,Add:-1",0.01959656935151596,0.004684902572631836,npu|prefill|-1|7f370cc7d97df3530a56c775d62964d4,-1,sample_step,0.01959656935151596,0.004684902572631836,-0.014911666778884124,0.2390674861806574,-0.014911666778884124,0.2390674861806574
attacc_prefill-1024xdecode_256_ops_trace.csv,prefill,-1,-1,30,GPU0,npu,26,"LN:-1,Q:0,K:0,V:0,Q:1,K:1,V:1,QK:0,QK:1,Softmax:0,Softmax:1,SV:0,SV:1,O:0,O:1,Add:-1,LN:-1,FFN_W1:0,FFN_W3:0,FFN_W1:1,FFN_W3:1,SwiGLU:0,SwiGLU:1,FFN_W2:0,FFN_W2:1,Add:-1",0.01959656935151596,0.004684902572631836,npu|prefill|-1|7f370cc7d97df3530a56c775d62964d4,-1,sample_step,0.01959656935151596,0.004684902572631836,-0.014911666778884124,0.2390674861806574,-0.014911666778884124,0.2390674861806574
attacc_prefill-1024xdecode_256_ops_trace.csv,prefill,-1,-1,31,GPU0,npu,26,"LN:-1,Q:0,K:0,V:0,Q:1,K:1,V:1,QK:0,QK:1,Softmax:0,Softmax:1,SV:0,SV:1,O:0,O:1,Add:-1,LN:-1,FFN_W1:0,FFN_W3:0,FFN_W1:1,FFN_W3:1,SwiGLU:0,SwiGLU:1,FFN_W2:0,FFN_W2:1,Add:-1",0.01959656935151596,0.004684902572631836,npu|prefill|-1|7f370cc7d97df3530a56c775d62964d4,-1,sample_step,0.01959656935151596,0.004684902572631836,-0.014911666778884124,0.2390674861806574,-0.014911666778884124,0.2390674861806574
attacc_prefill-1024xdecode_256_ops_trace.csv,decode,0,0,0,GPU0,npu,20,"LN:-1,Q:0,K:0,V:0,Q:1,K:1,V:1,O:0,O:1,Add:-1,LN:-1,FFN_W1:0,FFN_W3:0,FFN_W1:1,FFN_W3:1,SwiGLU:0,SwiGLU:1,FFN_W2:0,FFN_W2:1,Add:-1",0.0004794696229177831,0.000601087999343872,npu|decode|0|f47f2b13c8c0ddb8e4ddc9de5ce41aad,0,sample_step,0.0004794696229177831,0.000601087999343872,0.00012161837642608891,1.2536518907829608,0.00012161837642608891,1.2536518907829608
attacc_prefill-1024xdecode_256_ops_trace.csv,decode,0,0,0,PIM0,pim,3,"QK:0,Softmax:0,SV:0",9.438999999944464e-06,1.3179e-05,pim|decode|0|8d3c4a27f3148da54f43fbe5a8786c55,0,sample_step,9.438999999944464e-06,1.3179e-05,3.7400000000555363e-06,1.3962284140351247,3.7400000000555363e-06,1.3962284140351247
attacc_prefill-1024xdecode_256_ops_trace.csv,decode,0,0,0,PIM1,pim,3,"QK:1,Softmax:1,SV:1",9.438999999944464e-06,1.3179e-05,pim|decode|0|583a2f400a32ef30361deb25375d6d1d,0,sample_step,9.438999999944464e-06,1.3179e-05,3.7400000000555363e-06,1.3962284140351247,3.7400000000555363e-06,1.3962284140351247
attacc_prefill-1024xdecode_256_ops_trace.csv,decode,0,0,1,GPU0,npu,20,"LN:-1,Q:0,K:0,V:0,Q:1,K:1,V:1,O:0,O:1,Add:-1,LN:-1,FFN_W1:0,FFN_W3:0,FFN_W1:1,FFN_W3:1,SwiGLU:0,SwiGLU:1,FFN_W2:0,FFN_W2:1,Add:-1",0.0004794696229177831,0.000601087999343872,npu|decode|0|f47f2b13c8c0ddb8e4ddc9de5ce41aad,0,sample_step,0.0004794696229177831,0.000601087999343872,0.00012161837642608891,1.2536518907829608,0.00012161837642608891,1.2536518907829608
attacc_prefill-1024xdecode_256_ops_trace.csv,decode,0,0,1,PIM0,pim,3,"QK:0,Softmax:0,SV:0",9.438999999944464e-06,1.3179e-05,pim|decode|0|8d3c4a27f3148da54f43fbe5a8786c55,0,sample_step,9.438999999944464e-06,1.3179e-05,3.7400000000555363e-06,1.3962284140351247,3.7400000000555363e-06,1.3962284140351247
attacc_prefill-1024xdecode_256_ops_trace.csv,decode,0,0,1,PIM1,pim,3,"QK:1,Softmax:1,SV:1",9.438999999944464e-06,1.3179e-05,pim|decode|0|583a2f400a32ef30361deb25375d6d1d,0,sample_step,9.438999999944464e-06,1.3179e-05,3.7400000000555363e-06,1.3962284140351247,3.7400000000555363e-06,1.3962284140351247
attacc_prefill-1024xdecode_256_ops_trace.csv,decode,0,0,2,GPU0,npu,20,"LN:-1,Q:0,K:0,V:0,Q:1,K:1,V:1,O:0,O:1,Add:-1,LN:-1,FFN_W1:0,FFN_W3:0,FFN_W1:1,FFN_W3:1,SwiGLU:0,SwiGLU:1,FFN_W2:0,FFN_W2:1,Add:-1",0.0004794696229177831,0.000601087999343872,npu|decode|0|f47f2b13c8c0ddb8e4ddc9de5ce41aad,0,sample_step,0.0004794696229177831,0.000601087999343872,0.00012161837642608891,1.2536518907829608,0.00012161837642608891,1.2536518907829608
attacc_prefill-1024xdecode_256_ops_trace.csv,decode,0,0,2,PIM0,pim,3,"QK:0,Softmax:0,SV:0",9.438999999944464e-06,1.3179e-05,pim|decode|0|8d3c4a27f3148da54f43fbe5a8786c55,0,sample_step,9.438999999944464e-06,1.3179e-05,3.7400000000555363e-06,1.3962284140351247,3.7400000000555363e-06,1.3962284140351247
attacc_prefill-1024xdecode_256_ops_trace.csv,decode,0,0,2,PIM1,pim,3,"QK:1,Softmax:1,SV:1",9.438999999944464e-06,1.3179e-05,pim|decode|0|583a2f400a32ef30361deb25375d6d1d,0,sample_step,9.438999999944464e-06,1.3179e-05,3.7400000000555363e-06,1.3962284140351247,3.7400000000555363e-06,1.3962284140351247
attacc_prefill-1024xdecode_256_ops_trace.csv,decode,0,0,3,GPU0,npu,20,"LN:-1,Q:0,K:0,V:0,Q:1,K:1,V:1,O:0,O:1,Add:-1,LN:-1,FFN_W1:0,FFN_W3:0,FFN_W1:1,FFN_W3:1,SwiGLU:0,SwiGLU:1,FFN_W2:0,FFN_W2:1,Add:-1",0.0004794696229177831,0.000601087999343872,npu|decode|0|f47f2b13c8c0ddb8e4ddc9de5ce41aad,0,sample_step,0.0004794696229177831,0.000601087999343872,0.00012161837642608891,1.2536518907829608,0.00012161837642608891,1.2536518907829608
attacc_prefill-1024xdecode_256_ops_trace.csv,decode,0,0,3,PIM0,pim,3,"QK:0,Softmax:0,SV:0",9.438999999944464e-06,1.3179e-05,pim|decode|0|8d3c4a27f3148da54f43fbe5a8786c55,0,sample_step,9.438999999944464e-06,1.3179e-05,3.7400000000555363e-06,1.3962284140351247,3.7400000000555363e-06,1.3962284140351247
attacc_prefill-1024xdecode_256_ops_trace.csv,decode,0,0,3,PIM1,pim,3,"QK:1,Softmax:1,SV:1",9.438999999944464e-06,1.3179e-05,pim|decode|0|583a2f400a32ef30361deb25375d6d1d,0,sample_step,9.438999999944464e-06,1.3179e-05,3.7400000000555363e-06,1.3962284140351247,3.7400000000555363e-06,1.3962284140351247
attacc_prefill-1024xdecode_256_ops_trace.csv,decode,0,0,4,GPU0,npu,20,"LN:-1,Q:0,K:0,V:0,Q:1,K:1,V:1,O:0,O:1,Add:-1,LN:-1,FFN_W1:0,FFN_W3:0,FFN_W1:1,FFN_W3:1,SwiGLU:0,SwiGLU:1,FFN_W2:0,FFN_W2:1,Add:-1",0.0004794696229177831,0.000601087999343872,npu|decode|0|f47f2b13c8c0ddb8e4ddc9de5ce41aad,0,sample_step,0.0004794696229177831,0.000601087999343872,0.00012161837642608891,1.2536518907829608,0.00012161837642608891,1.2536518907829608
attacc_prefill-1024xdecode_256_ops_trace.csv,decode,0,0,4,PIM0,pim,3,"QK:0,Softmax:0,SV:0",9.438999999944464e-06,1.3179e-05,pim|decode|0|8d3c4a27f3148da54f43fbe5a8786c55,0,sample_step,9.438999999944464e-06,1.3179e-05,3.7400000000555363e-06,1.3962284140351247,3.7400000000555363e-06,1.3962284140351247
attacc_prefill-1024xdecode_256_ops_trace.csv,decode,0,0,4,PIM1,pim,3,"QK:1,Softmax:1,SV:1",9.438999999944464e-06,1.3179e-05,pim|decode|0|583a2f400a32ef30361deb25375d6d1d,0,sample_step,9.438999999944464e-06,1.3179e-05,3.7400000000555363e-06,1.3962284140351247,3.7400000000555363e-06,1.3962284140351247
attacc_prefill-1024xdecode_256_ops_trace.csv,decode,0,0,5,GPU0,npu,20,"LN:-1,Q:0,K:0,V:0,Q:1,K:1,V:1,O:0,O:1,Add:-1,LN:-1,FFN_W1:0,FFN_W3:0,FFN_W1:1,FFN_W3:1,SwiGLU:0,SwiGLU:1,FFN_W2:0,FFN_W2:1,Add:-1",0.0004794696229177831,0.000601087999343872,npu|decode|0|f47f2b13c8c0ddb8e4ddc9de5ce41aad,0,sample_step,0.0004794696229177831,0.000601087999343872,0.00012161837642608891,1.2536518907829608,0.00012161837642608891,1.2536518907829608
attacc_prefill-1024xdecode_256_ops_trace.csv,decode,0,0,5,PIM0,pim,3,"QK:0,Softmax:0,SV:0",9.438999999944464e-06,1.3179e-05,pim|decode|0|8d3c4a27f3148da54f43fbe5a8786c55,0,sample_step,9.438999999944464e-06,1.3179e-05,3.7400000000555363e-06,1.3962284140351247,3.7400000000555363e-06,1.3962284140351247
attacc_prefill-1024xdecode_256_ops_trace.csv,decode,0,0,5,PIM1,pim,3,"QK:1,Softmax:1,SV:1",9.438999999944464e-06,1.3179e-05,pim|decode|0|583a2f400a32ef30361deb25375d6d1d,0,sample_step,9.438999999944464e-06,1.3179e-05,3.7400000000555363e-06,1.3962284140351247,3.7400000000555363e-06,1.3962284140351247
attacc_prefill-1024xdecode_256_ops_trace.csv,decode,0,0,6,GPU0,npu,20,"LN:-1,Q:0,K:0,V:0,Q:1,K:1,V:1,O:0,O:1,Add:-1,LN:-1,FFN_W1:0,FFN_W3:0,FFN_W1:1,FFN_W3:1,SwiGLU:0,SwiGLU:1,FFN_W2:0,FFN_W2:1,Add:-1",0.0004794696229177831,0.000601087999343872,npu|decode|0|f47f2b13c8c0ddb8e4ddc9de5ce41aad,0,sample_step,0.0004794696229177831,0.000601087999343872,0.00012161837642608891,1.2536518907829608,0.00012161837642608891,1.2536518907829608
attacc_prefill-1024xdecode_256_ops_trace.csv,decode,0,0,6,PIM0,pim,3,"QK:0,Softmax:0,SV:0",9.438999999944464e-06,1.3179e-05,pim|decode|0|8d3c4a27f3148da54f43fbe5a8786c55,0,sample_step,9.438999999944464e-06,1.3179e-05,3.7400000000555363e-06,1.3962284140351247,3.7400000000555363e-06,1.3962284140351247
attacc_prefill-1024xdecode_256_ops_trace.csv,decode,0,0,6,PIM1,pim,3,"QK:1,Softmax:1,SV:1",9.438999999944464e-06,1.3179e-05,pim|decode|0|583a2f400a32ef30361deb25375d6d1d,0,sample_step,9.438999999944464e-06,1.3179e-05,3.7400000000555363e-06,1.3962284140351247,3.7400000000555363e-06,1.3962284140351247
attacc_prefill-1024xdecode_256_ops_trace.csv,decode,0,0,7,GPU0,npu,20,"LN:-1,Q:0,K:0,V:0,Q:1,K:1,V:1,O:0,O:1,Add:-1,LN:-1,FFN_W1:0,FFN_W3:0,FFN_W1:1,FFN_W3:1,SwiGLU:0,SwiGLU:1,FFN_W2:0,FFN_W2:1,Add:-1",0.0004794696229177831,0.000601087999343872,npu|decode|0|f47f2b13c8c0ddb8e4ddc9de5ce41aad,0,sample_step,0.0004794696229177831,0.000601087999343872,0.00012161837642608891,1.2536518907829608,0.00012161837642608891,1.2536518907829608
attacc_prefill-1024xdecode_256_ops_trace.csv,decode,0,0,7,PIM0,pim,3,"QK:0,Softmax:0,SV:0",9.438999999944464e-06,1.3179e-05,pim|decode|0|8d3c4a27f3148da54f43fbe5a8786c55,0,sample_step,9.438999999944464e-06,1.3179e-05,3.7400000000555363e-06,1.3962284140351247,3.7400000000555363e-06,1.3962284140351247
attacc_prefill-1024xdecode_256_ops_trace.csv,decode,0,0,7,PIM1,pim,3,"QK:1,Softmax:1,SV:1",9.438999999944464e-06,1.3179e-05,pim|decode|0|583a2f400a32ef30361deb25375d6d1d,0,sample_step,9.438999999944464e-06,1.3179e-05,3.7400000000555363e-06,1.3962284140351247,3.7400000000555363e-06,1.3962284140351247
attacc_prefill-1024xdecode_256_ops_trace.csv,decode,0,0,8,GPU0,npu,20,"LN:-1,Q:0,K:0,V:0,Q:1,K:1,V:1,O:0,O:1,Add:-1,LN:-1,FFN_W1:0,FFN_W3:0,FFN_W1:1,FFN_W3:1,SwiGLU:0,SwiGLU:1,FFN_W2:0,FFN_W2:1,Add:-1",0.0004794696229177831,0.000601087999343872,npu|decode|0|f47f2b13c8c0ddb8e4ddc9de5ce41aad,0,sample_step,0.0004794696229177831,0.000601087999343872,0.00012161837642608891,1.2536518907829608,0.00012161837642608891,1.2536518907829608
attacc_prefill-1024xdecode_256_ops_trace.csv,decode,0,0,8,PIM0,pim,3,"QK:0,Softmax:0,SV:0",9.438999999944464e-06,1.3179e-05,pim|decode|0|8d3c4a27f3148da54f43fbe5a8786c55,0,sample_step,9.438999999944464e-06,1.3179e-05,3.7400000000555363e-06,1.3962284140351247,3.7400000000555363e-06,1.3962284140351247
attacc_prefill-1024xdecode_256_ops_trace.csv,decode,0,0,8,PIM1,pim,3,"QK:1,Softmax:1,SV:1",9.438999999944464e-06,1.3179e-05,pim|decode|0|583a2f400a32ef30361deb25375d6d1d,0,sample_step,9.438999999944464e-06,1.3179e-05,3.7400000000555363e-06,1.3962284140351247,3.7400000000555363e-06,1.3962284140351247
attacc_prefill-1024xdecode_256_ops_trace.csv,decode,0,0,9,GPU0,npu,20,"LN:-1,Q:0,K:0,V:0,Q:1,K:1,V:1,O:0,O:1,Add:-1,LN:-1,FFN_W1:0,FFN_W3:0,FFN_W1:1,FFN_W3:1,SwiGLU:0,SwiGLU:1,FFN_W2:0,FFN_W2:1,Add:-1",0.0004794696229177831,0.000601087999343872,npu|decode|0|f47f2b13c8c0ddb8e4ddc9de5ce41aad,0,sample_step,0.0004794696229177831,0.000601087999343872,0.00012161837642608891,1.2536518907829608,0.00012161837642608891,1.2536518907829608
attacc_prefill-1024xdecode_256_ops_trace.csv,decode,0,0,9,PIM0,pim,3,"QK:0,Softmax:0,SV:0",9.438999999944464e-06,1.3179e-05,pim|decode|0|8d3c4a27f3148da54f43fbe5a8786c55,0,sample_step,9.438999999944464e-06,1.3179e-05,3.7400000000555363e-06,1.3962284140351247,3.7400000000555363e-06,1.3962284140351247
attacc_prefill-1024xdecode_256_ops_trace.csv,decode,0,0,9,PIM1,pim,3,"QK:1,Softmax:1,SV:1",9.438999999944464e-06,1.3179e-05,pim|decode|0|583a2f400a32ef30361deb25375d6d1d,0,sample_step,9.438999999944464e-06,1.3179e-05,3.7400000000555363e-06,1.3962284140351247,3.7400000000555363e-06,1.3962284140351247
attacc_prefill-1024xdecode_256_ops_trace.csv,decode,0,0,10,GPU0,npu,20,"LN:-1,Q:0,K:0,V:0,Q:1,K:1,V:1,O:0,O:1,Add:-1,LN:-1,FFN_W1:0,FFN_W3:0,FFN_W1:1,FFN_W3:1,SwiGLU:0,SwiGLU:1,FFN_W2:0,FFN_W2:1,Add:-1",0.0004794696229177831,0.000601087999343872,npu|decode|0|f47f2b13c8c0ddb8e4ddc9de5ce41aad,0,sample_step,0.0004794696229177831,0.000601087999343872,0.00012161837642608891,1.2536518907829608,0.00012161837642608891,1.2536518907829608
attacc_prefill-1024xdecode_256_ops_trace.csv,decode,0,0,10,PIM0,pim,3,"QK:0,Softmax:0,SV:0",9.438999999944464e-06,1.3179e-05,pim|decode|0|8d3c4a27f3148da54f43fbe5a8786c55,0,sample_step,9.438999999944464e-06,1.3179e-05,3.7400000000555363e-06,1.3962284140351247,3.7400000000555363e-06,1.3962284140351247
attacc_prefill-1024xdecode_256_ops_trace.csv,decode,0,0,10,PIM1,pim,3,"QK:1,Softmax:1,SV:1",9.438999999944464e-06,1.3179e-05,pim|decode|0|583a2f400a32ef30361deb25375d6d1d,0,sample_step,9.438999999944464e-06,1.3179e-05,3.7400000000555363e-06,1.3962284140351247,3.7400000000555363e-06,1.3962284140351247
attacc_prefill-1024xdecode_256_ops_trace.csv,decode,0,0,11,GPU0,npu,20,"LN:-1,Q:0,K:0,V:0,Q:1,K:1,V:1,O:0,O:1,Add:-1,LN:-1,FFN_W1:0,FFN_W3:0,FFN_W1:1,FFN_W3:1,SwiGLU:0,SwiGLU:1,FFN_W2:0,FFN_W2:1,Add:-1",0.0004794696229177831,0.000601087999343872,npu|decode|0|f47f2b13c8c0ddb8e4ddc9de5ce41aad,0,sample_step,0.0004794696229177831,0.000601087999343872,0.00012161837642608891,1.2536518907829608,0.00012161837642608891,1.2536518907829608
attacc_prefill-1024xdecode_256_ops_trace.csv,decode,0,0,11,PIM0,pim,3,"QK:0,Softmax:0,SV:0",9.438999999944464e-06,1.3179e-05,pim|decode|0|8d3c4a27f3148da54f43fbe5a8786c55,0,sample_step,9.438999999944464e-06,1.3179e-05,3.7400000000555363e-06,1.3962284140351247,3.7400000000555363e-06,1.3962284140351247
attacc_prefill-1024xdecode_256_ops_trace.csv,decode,0,0,11,PIM1,pim,3,"QK:1,Softmax:1,SV:1",9.438999999944464e-06,1.3179e-05,pim|decode|0|583a2f400a32ef30361deb25375d6d1d,0,sample_step,9.438999999944464e-06,1.3179e-05,3.7400000000555363e-06,1.3962284140351247,3.7400000000555363e-06,1.3962284140351247
attacc_prefill-1024xdecode_256_ops_trace.csv,decode,0,0,12,GPU0,npu,20,"LN:-1,Q:0,K:0,V:0,Q:1,K:1,V:1,O:0,O:1,Add:-1,LN:-1,FFN_W1:0,FFN_W3:0,FFN_W1:1,FFN_W3:1,SwiGLU:0,SwiGLU:1,FFN_W2:0,FFN_W2:1,Add:-1",0.0004794696229177831,0.000601087999343872,npu|decode|0|f47f2b13c8c0ddb8e4ddc9de5ce41aad,0,sample_step,0.0004794696229177831,0.000601087999343872,0.00012161837642608891,1.2536518907829608,0.00012161837642608891,1.2536518907829608
attacc_prefill-1024xdecode_256_ops_trace.csv,decode,0,0,12,PIM0,pim,3,"QK:0,Softmax:0,SV:0",9.438999999944464e-06,1.3179e-05,pim|decode|0|8d3c4a27f3148da54f43fbe5a8786c55,0,sample_step,9.438999999944464e-06,1.3179e-05,3.7400000000555363e-06,1.3962284140351247,3.7400000000555363e-06,1.3962284140351247
attacc_prefill-1024xdecode_256_ops_trace.csv,decode,0,0,12,PIM1,pim,3,"QK:1,Softmax:1,SV:1",9.438999999944464e-06,1.3179e-05,pim|decode|0|583a2f400a32ef30361deb25375d6d1d,0,sample_step,9.438999999944464e-06,1.3179e-05,3.7400000000555363e-06,1.3962284140351247,3.7400000000555363e-06,1.3962284140351247
attacc_prefill-1024xdecode_256_ops_trace.csv,decode,0,0,13,GPU0,npu,20,"LN:-1,Q:0,K:0,V:0,Q:1,K:1,V:1,O:0,O:1,Add:-1,LN:-1,FFN_W1:0,FFN_W3:0,FFN_W1:1,FFN_W3:1,SwiGLU:0,SwiGLU:1,FFN_W2:0,FFN_W2:1,Add:-1",0.0004794696229177831,0.000601087999343872,npu|decode|0|f47f2b13c8c0ddb8e4ddc9de5ce41aad,0,sample_step,0.0004794696229177831,0.000601087999343872,0.00012161837642608891,1.2536518907829608,0.00012161837642608891,1.2536518907829608
attacc_prefill-1024xdecode_256_ops_trace.csv,decode,0,0,13,PIM0,pim,3,"QK:0,Softmax:0,SV:0",9.438999999944464e-06,1.3179e-05,pim|decode|0|8d3c4a27f3148da54f43fbe5a8786c55,0,sample_step,9.438999999944464e-06,1.3179e-05,3.7400000000555363e-06,1.3962284140351247,3.7400000000555363e-06,1.3962284140351247
attacc_prefill-1024xdecode_256_ops_trace.csv,decode,0,0,13,PIM1,pim,3,"QK:1,Softmax:1,SV:1",9.438999999944464e-06,1.3179e-05,pim|decode|0|583a2f400a32ef30361deb25375d6d1d,0,sample_step,9.438999999944464e-06,1.3179e-05,3.7400000000555363e-06,1.3962284140351247,3.7400000000555363e-06,1.3962284140351247
attacc_prefill-1024xdecode_256_ops_trace.csv,decode,0,0,14,GPU0,npu,20,"LN:-1,Q:0,K:0,V:0,Q:1,K:1,V:1,O:0,O:1,Add:-1,LN:-1,FFN_W1:0,FFN_W3:0,FFN_W1:1,FFN_W3:1,SwiGLU:0,SwiGLU:1,FFN_W2:0,FFN_W2:1,Add:-1",0.0004794696229177831,0.000601087999343872,npu|decode|0|f47f2b13c8c0ddb8e4ddc9de5ce41aad,0,sample_step,0.0004794696229177831,0.000601087999343872,0.00012161837642608891,1.2536518907829608,0.00012161837642608891,1.2536518907829608
attacc_prefill-1024xdecode_256_ops_trace.csv,decode,0,0,14,PIM0,pim,3,"QK:0,Softmax:0,SV:0",9.438999999944464e-06,1.3179e-05,pim|decode|0|8d3c4a27f3148da54f43fbe5a8786c55,0,sample_step,9.438999999944464e-06,1.3179e-05,3.7400000000555363e-06,1.3962284140351247,3.7400000000555363e-06,1.3962284140351247
attacc_prefill-1024xdecode_256_ops_trace.csv,decode,0,0,14,PIM1,pim,3,"QK:1,Softmax:1,SV:1",9.438999999944464e-06,1.3179e-05,pim|decode|0|583a2f400a32ef30361deb25375d6d1d,0,sample_step,9.438999999944464e-06,1.3179e-05,3.7400000000555363e-06,1.3962284140351247,3.7400000000555363e-06,1.3962284140351247
attacc_prefill-1024xdecode_256_ops_trace.csv,decode,0,0,15,GPU0,npu,20,"LN:-1,Q:0,K:0,V:0,Q:1,K:1,V:1,O:0,O:1,Add:-1,LN:-1,FFN_W1:0,FFN_W3:0,FFN_W1:1,FFN_W3:1,SwiGLU:0,SwiGLU:1,FFN_W2:0,FFN_W2:1,Add:-1",0.0004794696229177831,0.000601087999343872,npu|decode|0|f47f2b13c8c0ddb8e4ddc9de5ce41aad,0,sample_step,0.0004794696229177831,0.000601087999343872,0.00012161837642608891,1.2536518907829608,0.00012161837642608891,1.2536518907829608
attacc_prefill-1024xdecode_256_ops_trace.csv,decode,0,0,15,PIM0,pim,3,"QK:0,Softmax:0,SV:0",9.438999999944464e-06,1.3179e-05,pim|decode|0|8d3c4a27f3148da54f43fbe5a8786c55,0,sample_step,9.438999999944464e-06,1.3179e-05,3.7400000000555363e-06,1.3962284140351247,3.7400000000555363e-06,1.3962284140351247
attacc_prefill-1024xdecode_256_ops_trace.csv,decode,0,0,15,PIM1,pim,3,"QK:1,Softmax:1,SV:1",9.438999999944464e-06,1.3179e-05,pim|decode|0|583a2f400a32ef30361deb25375d6d1d,0,sample_step,9.438999999944464e-06,1.3179e-05,3.7400000000555363e-06,1.3962284140351247,3.7400000000555363e-06,1.3962284140351247
attacc_prefill-1024xdecode_256_ops_trace.csv,decode,0,0,16,GPU0,npu,20,"LN:-1,Q:0,K:0,V:0,Q:1,K:1,V:1,O:0,O:1,Add:-1,LN:-1,FFN_W1:0,FFN_W3:0,FFN_W1:1,FFN_W3:1,SwiGLU:0,SwiGLU:1,FFN_W2:0,FFN_W2:1,Add:-1",0.0004794696229177831,0.000601087999343872,npu|decode|0|f47f2b13c8c0ddb8e4ddc9de5ce41aad,0,sample_step,0.0004794696229177831,0.000601087999343872,0.00012161837642608891,1.2536518907829608,0.00012161837642608891,1.2536518907829608
attacc_prefill-1024xdecode_256_ops_trace.csv,decode,0,0,16,PIM0,pim,3,"QK:0,Softmax:0,SV:0",9.438999999944464e-06,1.3179e-05,pim|decode|0|8d3c4a27f3148da54f43fbe5a8786c55,0,sample_step,9.438999999944464e-06,1.3179e-05,3.7400000000555363e-06,1.3962284140351247,3.7400000000555363e-06,1.3962284140351247
attacc_prefill-1024xdecode_256_ops_trace.csv,decode,0,0,16,PIM1,pim,3,"QK:1,Softmax:1,SV:1",9.438999999944464e-06,1.3179e-05,pim|decode|0|583a2f400a32ef30361deb25375d6d1d,0,sample_step,9.438999999944464e-06,1.3179e-05,3.7400000000555363e-06,1.3962284140351247,3.7400000000555363e-06,1.3962284140351247
attacc_prefill-1024xdecode_256_ops_trace.csv,decode,0,0,17,GPU0,npu,20,"LN:-1,Q:0,K:0,V:0,Q:1,K:1,V:1,O:0,O:1,Add:-1,LN:-1,FFN_W1:0,FFN_W3:0,FFN_W1:1,FFN_W3:1,SwiGLU:0,SwiGLU:1,FFN_W2:0,FFN_W2:1,Add:-1",0.0004794696229177831,0.000601087999343872,npu|decode|0|f47f2b13c8c0ddb8e4ddc9de5ce41aad,0,sample_step,0.0004794696229177831,0.000601087999343872,0.00012161837642608891,1.2536518907829608,0.00012161837642608891,1.2536518907829608
attacc_prefill-1024xdecode_256_ops_trace.csv,decode,0,0,17,PIM0,pim,3,"QK:0,Softmax:0,SV:0",9.438999999944464e-06,1.3179e-05,pim|decode|0|8d3c4a27f3148da54f43fbe5a8786c55,0,sample_step,9.438999999944464e-06,1.3179e-05,3.7400000000555363e-06,1.3962284140351247,3.7400000000555363e-06,1.3962284140351247
attacc_prefill-1024xdecode_256_ops_trace.csv,decode,0,0,17,PIM1,pim,3,"QK:1,Softmax:1,SV:1",9.438999999944464e-06,1.3179e-05,pim|decode|0|583a2f400a32ef30361deb25375d6d1d,0,sample_step,9.438999999944464e-06,1.3179e-05,3.7400000000555363e-06,1.3962284140351247,3.7400000000555363e-06,1.3962284140351247
attacc_prefill-1024xdecode_256_ops_trace.csv,decode,0,0,18,GPU0,npu,20,"LN:-1,Q:0,K:0,V:0,Q:1,K:1,V:1,O:0,O:1,Add:-1,LN:-1,FFN_W1:0,FFN_W3:0,FFN_W1:1,FFN_W3:1,SwiGLU:0,SwiGLU:1,FFN_W2:0,FFN_W2:1,Add:-1",0.0004794696229177831,0.000601087999343872,npu|decode|0|f47f2b13c8c0ddb8e4ddc9de5ce41aad,0,sample_step,0.0004794696229177831,0.000601087999343872,0.00012161837642608891,1.2536518907829608,0.00012161837642608891,1.2536518907829608
attacc_prefill-1024xdecode_256_ops_trace.csv,decode,0,0,18,PIM0,pim,3,"QK:0,Softmax:0,SV:0",9.438999999944464e-06,1.3179e-05,pim|decode|0|8d3c4a27f3148da54f43fbe5a8786c55,0,sample_step,9.438999999944464e-06,1.3179e-05,3.7400000000555363e-06,1.3962284140351247,3.7400000000555363e-06,1.3962284140351247
attacc_prefill-1024xdecode_256_ops_trace.csv,decode,0,0,18,PIM1,pim,3,"QK:1,Softmax:1,SV:1",9.438999999944464e-06,1.3179e-05,pim|decode|0|583a2f400a32ef30361deb25375d6d1d,0,sample_step,9.438999999944464e-06,1.3179e-05,3.7400000000555363e-06,1.3962284140351247,3.7400000000555363e-06,1.3962284140351247
attacc_prefill-1024xdecode_256_ops_trace.csv,decode,0,0,19,GPU0,npu,20,"LN:-1,Q:0,K:0,V:0,Q:1,K:1,V:1,O:0,O:1,Add:-1,LN:-1,FFN_W1:0,FFN_W3:0,FFN_W1:1,FFN_W3:1,SwiGLU:0,SwiGLU:1,FFN_W2:0,FFN_W2:1,Add:-1",0.0004794696229177831,0.000601087999343872,npu|decode|0|f47f2b13c8c0ddb8e4ddc9de5ce41aad,0,sample_step,0.0004794696229177831,0.000601087999343872,0.00012161837642608891,1.2536518907829608,0.00012161837642608891,1.2536518907829608
attacc_prefill-1024xdecode_256_ops_trace.csv,decode,0,0,19,PIM0,pim,3,"QK:0,Softmax:0,SV:0",9.438999999944464e-06,1.3179e-05,pim|decode|0|8d3c4a27f3148da54f43fbe5a8786c55,0,sample_step,9.438999999944464e-06,1.3179e-05,3.7400000000555363e-06,1.3962284140351247,3.7400000000555363e-06,1.3962284140351247
attacc_prefill-1024xdecode_256_ops_trace.csv,decode,0,0,19,PIM1,pim,3,"QK:1,Softmax:1,SV:1",9.438999999944464e-06,1.3179e-05,pim|decode|0|583a2f400a32ef30361deb25375d6d1d,0,sample_step,9.438999999944464e-06,1.3179e-05,3.7400000000555363e-06,1.3962284140351247,3.7400000000555363e-06,1.3962284140351247
attacc_prefill-1024xdecode_256_ops_trace.csv,decode,0,0,20,GPU0,npu,20,"LN:-1,Q:0,K:0,V:0,Q:1,K:1,V:1,O:0,O:1,Add:-1,LN:-1,FFN_W1:0,FFN_W3:0,FFN_W1:1,FFN_W3:1,SwiGLU:0,SwiGLU:1,FFN_W2:0,FFN_W2:1,Add:-1",0.0004794696229177831,0.000601087999343872,npu|decode|0|f47f2b13c8c0ddb8e4ddc9de5ce41aad,0,sample_step,0.0004794696229177831,0.000601087999343872,0.00012161837642608891,1.2536518907829608,0.00012161837642608891,1.2536518907829608
attacc_prefill-1024xdecode_256_ops_trace.csv,decode,0,0,20,PIM0,pim,3,"QK:0,Softmax:0,SV:0",9.438999999944464e-06,1.3179e-05,pim|decode|0|8d3c4a27f3148da54f43fbe5a8786c55,0,sample_step,9.438999999944464e-06,1.3179e-05,3.7400000000555363e-06,1.3962284140351247,3.7400000000555363e-06,1.3962284140351247
attacc_prefill-1024xdecode_256_ops_trace.csv,decode,0,0,20,PIM1,pim,3,"QK:1,Softmax:1,SV:1",9.438999999944464e-06,1.3179e-05,pim|decode|0|583a2f400a32ef30361deb25375d6d1d,0,sample_step,9.438999999944464e-06,1.3179e-05,3.7400000000555363e-06,1.3962284140351247,3.7400000000555363e-06,1.3962284140351247
attacc_prefill-1024xdecode_256_ops_trace.csv,decode,0,0,21,GPU0,npu,20,"LN:-1,Q:0,K:0,V:0,Q:1,K:1,V:1,O:0,O:1,Add:-1,LN:-1,FFN_W1:0,FFN_W3:0,FFN_W1:1,FFN_W3:1,SwiGLU:0,SwiGLU:1,FFN_W2:0,FFN_W2:1,Add:-1",0.0004794696229177831,0.000601087999343872,npu|decode|0|f47f2b13c8c0ddb8e4ddc9de5ce41aad,0,sample_step,0.0004794696229177831,0.000601087999343872,0.00012161837642608891,1.2536518907829608,0.00012161837642608891,1.2536518907829608
attacc_prefill-1024xdecode_256_ops_trace.csv,decode,0,0,21,PIM0,pim,3,"QK:0,Softmax:0,SV:0",9.438999999944464e-06,1.3179e-05,pim|decode|0|8d3c4a27f3148da54f43fbe5a8786c55,0,sample_step,9.438999999944464e-06,1.3179e-05,3.7400000000555363e-06,1.3962284140351247,3.7400000000555363e-06,1.3962284140351247
attacc_prefill-1024xdecode_256_ops_trace.csv,decode,0,0,21,PIM1,pim,3,"QK:1,Softmax:1,SV:1",9.438999999944464e-06,1.3179e-05,pim|decode|0|583a2f400a32ef30361deb25375d6d1d,0,sample_step,9.438999999944464e-06,1.3179e-05,3.7400000000555363e-06,1.3962284140351247,3.7400000000555363e-06,1.3962284140351247
attacc_prefill-1024xdecode_256_ops_trace.csv,decode,0,0,22,GPU0,npu,20,"LN:-1,Q:0,K:0,V:0,Q:1,K:1,V:1,O:0,O:1,Add:-1,LN:-1,FFN_W1:0,FFN_W3:0,FFN_W1:1,FFN_W3:1,SwiGLU:0,SwiGLU:1,FFN_W2:0,FFN_W2:1,Add:-1",0.0004794696229177831,0.000601087999343872,npu|decode|0|f47f2b13c8c0ddb8e4ddc9de5ce41aad,0,sample_step,0.0004794696229177831,0.000601087999343872,0.00012161837642608891,1.2536518907829608,0.00012161837642608891,1.2536518907829608
attacc_prefill-1024xdecode_256_ops_trace.csv,decode,0,0,22,PIM0,pim,3,"QK:0,Softmax:0,SV:0",9.438999999944464e-06,1.3179e-05,pim|decode|0|8d3c4a27f3148da54f43fbe5a8786c55,0,sample_step,9.438999999944464e-06,1.3179e-05,3.7400000000555363e-06,1.3962284140351247,3.7400000000555363e-06,1.3962284140351247
attacc_prefill-1024xdecode_256_ops_trace.csv,decode,0,0,22,PIM1,pim,3,"QK:1,Softmax:1,SV:1",9.438999999944464e-06,1.3179e-05,pim|decode|0|583a2f400a32ef30361deb25375d6d1d,0,sample_step,9.438999999944464e-06,1.3179e-05,3.7400000000555363e-06,1.3962284140351247,3.7400000000555363e-06,1.3962284140351247
attacc_prefill-1024xdecode_256_ops_trace.csv,decode,0,0,23,GPU0,npu,20,"LN:-1,Q:0,K:0,V:0,Q:1,K:1,V:1,O:0,O:1,Add:-1,LN:-1,FFN_W1:0,FFN_W3:0,FFN_W1:1,FFN_W3:1,SwiGLU:0,SwiGLU:1,FFN_W2:0,FFN_W2:1,Add:-1",0.0004794696229177831,0.000601087999343872,npu|decode|0|f47f2b13c8c0ddb8e4ddc9de5ce41aad,0,sample_step,0.0004794696229177831,0.000601087999343872,0.00012161837642608891,1.2536518907829608,0.00012161837642608891,1.2536518907829608
attacc_prefill-1024xdecode_256_ops_trace.csv,decode,0,0,23,PIM0,pim,3,"QK:0,Softmax:0,SV:0",9.438999999944464e-06,1.3179e-05,pim|decode|0|8d3c4a27f3148da54f43fbe5a8786c55,0,sample_step,9.438999999944464e-06,1.3179e-05,3.7400000000555363e-06,1.3962284140351247,3.7400000000555363e-06,1.3962284140351247
attacc_prefill-1024xdecode_256_ops_trace.csv,decode,0,0,23,PIM1,pim,3,"QK:1,Softmax:1,SV:1",9.438999999944464e-06,1.3179e-05,pim|decode|0|583a2f400a32ef30361deb25375d6d1d,0,sample_step,9.438999999944464e-06,1.3179e-05,3.7400000000555363e-06,1.3962284140351247,3.7400000000555363e-06,1.3962284140351247
attacc_prefill-1024xdecode_256_ops_trace.csv,decode,0,0,24,GPU0,npu,20,"LN:-1,Q:0,K:0,V:0,Q:1,K:1,V:1,O:0,O:1,Add:-1,LN:-1,FFN_W1:0,FFN_W3:0,FFN_W1:1,FFN_W3:1,SwiGLU:0,SwiGLU:1,FFN_W2:0,FFN_W2:1,Add:-1",0.0004794696229177831,0.000601087999343872,npu|decode|0|f47f2b13c8c0ddb8e4ddc9de5ce41aad,0,sample_step,0.0004794696229177831,0.000601087999343872,0.00012161837642608891,1.2536518907829608,0.00012161837642608891,1.2536518907829608
attacc_prefill-1024xdecode_256_ops_trace.csv,decode,0,0,24,PIM0,pim,3,"QK:0,Softmax:0,SV:0",9.438999999944464e-06,1.3179e-05,pim|decode|0|8d3c4a27f3148da54f43fbe5a8786c55,0,sample_step,9.438999999944464e-06,1.3179e-05,3.7400000000555363e-06,1.3962284140351247,3.7400000000555363e-06,1.3962284140351247
attacc_prefill-1024xdecode_256_ops_trace.csv,decode,0,0,24,PIM1,pim,3,"QK:1,Softmax:1,SV:1",9.438999999944464e-06,1.3179e-05,pim|decode|0|583a2f400a32ef30361deb25375d6d1d,0,sample_step,9.438999999944464e-06,1.3179e-05,3.7400000000555363e-06,1.3962284140351247,3.7400000000555363e-06,1.3962284140351247
attacc_prefill-1024xdecode_256_ops_trace.csv,decode,0,0,25,GPU0,npu,20,"LN:-1,Q:0,K:0,V:0,Q:1,K:1,V:1,O:0,O:1,Add:-1,LN:-1,FFN_W1:0,FFN_W3:0,FFN_W1:1,FFN_W3:1,SwiGLU:0,SwiGLU:1,FFN_W2:0,FFN_W2:1,Add:-1",0.0004794696229177831,0.000601087999343872,npu|decode|0|f47f2b13c8c0ddb8e4ddc9de5ce41aad,0,sample_step,0.0004794696229177831,0.000601087999343872,0.00012161837642608891,1.2536518907829608,0.00012161837642608891,1.2536518907829608
attacc_prefill-1024xdecode_256_ops_trace.csv,decode,0,0,25,PIM0,pim,3,"QK:0,Softmax:0,SV:0",9.438999999944464e-06,1.3179e-05,pim|decode|0|8d3c4a27f3148da54f43fbe5a8786c55,0,sample_step,9.438999999944464e-06,1.3179e-05,3.7400000000555363e-06,1.3962284140351247,3.7400000000555363e-06,1.3962284140351247
attacc_prefill-1024xdecode_256_ops_trace.csv,decode,0,0,25,PIM1,pim,3,"QK:1,Softmax:1,SV:1",9.438999999944464e-06,1.3179e-05,pim|decode|0|583a2f400a32ef30361deb25375d6d1d,0,sample_step,9.438999999944464e-06,1.3179e-05,3.7400000000555363e-06,1.3962284140351247,3.7400000000555363e-06,1.3962284140351247
attacc_prefill-1024xdecode_256_ops_trace.csv,decode,0,0,26,GPU0,npu,20,"LN:-1,Q:0,K:0,V:0,Q:1,K:1,V:1,O:0,O:1,Add:-1,LN:-1,FFN_W1:0,FFN_W3:0,FFN_W1:1,FFN_W3:1,SwiGLU:0,SwiGLU:1,FFN_W2:0,FFN_W2:1,Add:-1",0.0004794696229177831,0.000601087999343872,npu|decode|0|f47f2b13c8c0ddb8e4ddc9de5ce41aad,0,sample_step,0.0004794696229177831,0.000601087999343872,0.00012161837642608891,1.2536518907829608,0.00012161837642608891,1.2536518907829608
attacc_prefill-1024xdecode_256_ops_trace.csv,decode,0,0,26,PIM0,pim,3,"QK:0,Softmax:0,SV:0",9.438999999944464e-06,1.3179e-05,pim|decode|0|8d3c4a27f3148da54f43fbe5a8786c55,0,sample_step,9.438999999944464e-06,1.3179e-05,3.7400000000555363e-06,1.3962284140351247,3.7400000000555363e-06,1.3962284140351247
attacc_prefill-1024xdecode_256_ops_trace.csv,decode,0,0,26,PIM1,pim,3,"QK:1,Softmax:1,SV:1",9.438999999944464e-06,1.3179e-05,pim|decode|0|583a2f400a32ef30361deb25375d6d1d,0,sample_step,9.438999999944464e-06,1.3179e-05,3.7400000000555363e-06,1.3962284140351247,3.7400000000555363e-06,1.3962284140351247
attacc_prefill-1024xdecode_256_ops_trace.csv,decode,0,0,27,GPU0,npu,20,"LN:-1,Q:0,K:0,V:0,Q:1,K:1,V:1,O:0,O:1,Add:-1,LN:-1,FFN_W1:0,FFN_W3:0,FFN_W1:1,FFN_W3:1,SwiGLU:0,SwiGLU:1,FFN_W2:0,FFN_W2:1,Add:-1",0.0004794696229177831,0.000601087999343872,npu|decode|0|f47f2b13c8c0ddb8e4ddc9de5ce41aad,0,sample_step,0.0004794696229177831,0.000601087999343872,0.00012161837642608891,1.2536518907829608,0.00012161837642608891,1.2536518907829608
attacc_prefill-1024xdecode_256_ops_trace.csv,decode,0,0,27,PIM0,pim,3,"QK:0,Softmax:0,SV:0",9.438999999944464e-06,1.3179e-05,pim|decode|0|8d3c4a27f3148da54f43fbe5a8786c55,0,sample_step,9.438999999944464e-06,1.3179e-05,3.7400000000555363e-06,1.3962284140351247,3.7400000000555363e-06,1.3962284140351247
attacc_prefill-1024xdecode_256_ops_trace.csv,decode,0,0,27,PIM1,pim,3,"QK:1,Softmax:1,SV:1",9.438999999944464e-06,1.3179e-05,pim|decode|0|583a2f400a32ef30361deb25375d6d1d,0,sample_step,9.438999999944464e-06,1.3179e-05,3.7400000000555363e-06,1.3962284140351247,3.7400000000555363e-06,1.3962284140351247
attacc_prefill-1024xdecode_256_ops_trace.csv,decode,0,0,28,GPU0,npu,20,"LN:-1,Q:0,K:0,V:0,Q:1,K:1,V:1,O:0,O:1,Add:-1,LN:-1,FFN_W1:0,FFN_W3:0,FFN_W1:1,FFN_W3:1,SwiGLU:0,SwiGLU:1,FFN_W2:0,FFN_W2:1,Add:-1",0.0004794696229177831,0.000601087999343872,npu|decode|0|f47f2b13c8c0ddb8e4ddc9de5ce41aad,0,sample_step,0.0004794696229177831,0.000601087999343872,0.00012161837642608891,1.2536518907829608,0.00012161837642608891,1.2536518907829608
attacc_prefill-1024xdecode_256_ops_trace.csv,decode,0,0,28,PIM0,pim,3,"QK:0,Softmax:0,SV:0",9.438999999944464e-06,1.3179e-05,pim|decode|0|8d3c4a27f3148da54f43fbe5a8786c55,0,sample_step,9.438999999944464e-06,1.3179e-05,3.7400000000555363e-06,1.3962284140351247,3.7400000000555363e-06,1.3962284140351247
attacc_prefill-1024xdecode_256_ops_trace.csv,decode,0,0,28,PIM1,pim,3,"QK:1,Softmax:1,SV:1",9.438999999944464e-06,1.3179e-05,pim|decode|0|583a2f400a32ef30361deb25375d6d1d,0,sample_step,9.438999999944464e-06,1.3179e-05,3.7400000000555363e-06,1.3962284140351247,3.7400000000555363e-06,1.3962284140351247
attacc_prefill-1024xdecode_256_ops_trace.csv,decode,0,0,29,GPU0,npu,20,"LN:-1,Q:0,K:0,V:0,Q:1,K:1,V:1,O:0,O:1,Add:-1,LN:-1,FFN_W1:0,FFN_W3:0,FFN_W1:1,FFN_W3:1,SwiGLU:0,SwiGLU:1,FFN_W2:0,FFN_W2:1,Add:-1",0.0004794696229177831,0.000601087999343872,npu|decode|0|f47f2b13c8c0ddb8e4ddc9de5ce41aad,0,sample_step,0.0004794696229177831,0.000601087999343872,0.00012161837642608891,1.2536518907829608,0.00012161837642608891,1.2536518907829608
attacc_prefill-1024xdecode_256_ops_trace.csv,decode,0,0,29,PIM0,pim,3,"QK:0,Softmax:0,SV:0",9.438999999944464e-06,1.3179e-05,pim|decode|0|8d3c4a27f3148da54f43fbe5a8786c55,0,sample_step,9.438999999944464e-06,1.3179e-05,3.7400000000555363e-06,1.3962284140351247,3.7400000000555363e-06,1.3962284140351247
attacc_prefill-1024xdecode_256_ops_trace.csv,decode,0,0,29,PIM1,pim,3,"QK:1,Softmax:1,SV:1",9.438999999944464e-06,1.3179e-05,pim|decode|0|583a2f400a32ef30361deb25375d6d1d,0,sample_step,9.438999999944464e-06,1.3179e-05,3.7400000000555363e-06,1.3962284140351247,3.7400000000555363e-06,1.3962284140351247
attacc_prefill-1024xdecode_256_ops_trace.csv,decode,0,0,30,GPU0,npu,20,"LN:-1,Q:0,K:0,V:0,Q:1,K:1,V:1,O:0,O:1,Add:-1,LN:-1,FFN_W1:0,FFN_W3:0,FFN_W1:1,FFN_W3:1,SwiGLU:0,SwiGLU:1,FFN_W2:0,FFN_W2:1,Add:-1",0.0004794696229177831,0.000601087999343872,npu|decode|0|f47f2b13c8c0ddb8e4ddc9de5ce41aad,0,sample_step,0.0004794696229177831,0.000601087999343872,0.00012161837642608891,1.2536518907829608,0.00012161837642608891,1.2536518907829608
attacc_prefill-1024xdecode_256_ops_trace.csv,decode,0,0,30,PIM0,pim,3,"QK:0,Softmax:0,SV:0",9.438999999944464e-06,1.3179e-05,pim|decode|0|8d3c4a27f3148da54f43fbe5a8786c55,0,sample_step,9.438999999944464e-06,1.3179e-05,3.7400000000555363e-06,1.3962284140351247,3.7400000000555363e-06,1.3962284140351247
attacc_prefill-1024xdecode_256_ops_trace.csv,decode,0,0,30,PIM1,pim,3,"QK:1,Softmax:1,SV:1",9.438999999944464e-06,1.3179e-05,pim|decode|0|583a2f400a32ef30361deb25375d6d1d,0,sample_step,9.438999999944464e-06,1.3179e-05,3.7400000000555363e-06,1.3962284140351247,3.7400000000555363e-06,1.3962284140351247
attacc_prefill-1024xdecode_256_ops_trace.csv,decode,0,0,31,GPU0,npu,20,"LN:-1,Q:0,K:0,V:0,Q:1,K:1,V:1,O:0,O:1,Add:-1,LN:-1,FFN_W1:0,FFN_W3:0,FFN_W1:1,FFN_W3:1,SwiGLU:0,SwiGLU:1,FFN_W2:0,FFN_W2:1,Add:-1",0.0004794696229177831,0.000601087999343872,npu|decode|0|f47f2b13c8c0ddb8e4ddc9de5ce41aad,0,sample_step,0.0004794696229177831,0.000601087999343872,0.00012161837642608891,1.2536518907829608,0.00012161837642608891,1.2536518907829608
attacc_prefill-1024xdecode_256_ops_trace.csv,decode,0,0,31,PIM0,pim,3,"QK:0,Softmax:0,SV:0",9.438999999944464e-06,1.3179e-05,pim|decode|0|8d3c4a27f3148da54f43fbe5a8786c55,0,sample_step,9.438999999944464e-06,1.3179e-05,3.7400000000555363e-06,1.3962284140351247,3.7400000000555363e-06,1.3962284140351247
attacc_prefill-1024xdecode_256_ops_trace.csv,decode,0,0,31,PIM1,pim,3,"QK:1,Softmax:1,SV:1",9.438999999944464e-06,1.3179e-05,pim|decode|0|583a2f400a32ef30361deb25375d6d1d,0,sample_step,9.438999999944464e-06,1.3179e-05,3.7400000000555363e-06,1.3962284140351247,3.7400000000555363e-06,1.3962284140351247
attacc_prefill-1024xdecode_256_ops_trace.csv,decode,1,1,0,GPU0,npu,20,"LN:-1,Q:0,K:0,V:0,Q:1,K:1,V:1,O:0,O:1,Add:-1,LN:-1,FFN_W1:0,FFN_W3:0,FFN_W1:1,FFN_W3:1,SwiGLU:0,SwiGLU:1,FFN_W2:0,FFN_W2:1,Add:-1",0.0004794696229177831,0.0005980160236358643,npu|decode|1|f47f2b13c8c0ddb8e4ddc9de5ce41aad,1,sample_step,0.030206586243820336,0.03767500948905945,0.00011854640071808114,1.2472448619303018,0.007468423245239112,1.2472448619303018
attacc_prefill-1024xdecode_256_ops_trace.csv,decode,1,1,0,PIM0,pim,3,"QK:0,Softmax:0,SV:0",1.3178999999974295e-05,1.3179e-05,pim|decode|1|8d3c4a27f3148da54f43fbe5a8786c55,1,sample_step,0.0008302769999983806,0.000830277,2.5705755883273507e-17,1.0000000000019504,1.619472785041598e-15,1.0000000000019504
attacc_prefill-1024xdecode_256_ops_trace.csv,decode,1,1,0,PIM1,pim,3,"QK:1,Softmax:1,SV:1",1.3178999999974295e-05,1.3179e-05,pim|decode|1|583a2f400a32ef30361deb25375d6d1d,1,sample_step,0.0008302769999983806,0.000830277,2.5705755883273507e-17,1.0000000000019504,1.619472785041598e-15,1.0000000000019504
attacc_prefill-1024xdecode_256_ops_trace.csv,decode,1,1,1,GPU0,npu,20,"LN:-1,Q:0,K:0,V:0,Q:1,K:1,V:1,O:0,O:1,Add:-1,LN:-1,FFN_W1:0,FFN_W3:0,FFN_W1:1,FFN_W3:1,SwiGLU:0,SwiGLU:1,FFN_W2:0,FFN_W2:1,Add:-1",0.0004794696229177831,0.0005980160236358643,npu|decode|1|f47f2b13c8c0ddb8e4ddc9de5ce41aad,1,sample_step,0.030206586243820336,0.03767500948905945,0.00011854640071808114,1.2472448619303018,0.007468423245239112,1.2472448619303018
attacc_prefill-1024xdecode_256_ops_trace.csv,decode,1,1,1,PIM0,pim,3,"QK:0,Softmax:0,SV:0",1.3178999999974295e-05,1.3179e-05,pim|decode|1|8d3c4a27f3148da54f43fbe5a8786c55,1,sample_step,0.0008302769999983806,0.000830277,2.5705755883273507e-17,1.0000000000019504,1.619472785041598e-15,1.0000000000019504
attacc_prefill-1024xdecode_256_ops_trace.csv,decode,1,1,1,PIM1,pim,3,"QK:1,Softmax:1,SV:1",1.3178999999974295e-05,1.3179e-05,pim|decode|1|583a2f400a32ef30361deb25375d6d1d,1,sample_step,0.0008302769999983806,0.000830277,2.5705755883273507e-17,1.0000000000019504,1.619472785041598e-15,1.0000000000019504
attacc_prefill-1024xdecode_256_ops_trace.csv,decode,1,1,2,GPU0,npu,20,"LN:-1,Q:0,K:0,V:0,Q:1,K:1,V:1,O:0,O:1,Add:-1,LN:-1,FFN_W1:0,FFN_W3:0,FFN_W1:1,FFN_W3:1,SwiGLU:0,SwiGLU:1,FFN_W2:0,FFN_W2:1,Add:-1",0.0004794696229177831,0.0005980160236358643,npu|decode|1|f47f2b13c8c0ddb8e4ddc9de5ce41aad,1,sample_step,0.030206586243820336,0.03767500948905945,0.00011854640071808114,1.2472448619303018,0.007468423245239112,1.2472448619303018
attacc_prefill-1024xdecode_256_ops_trace.csv,decode,1,1,2,PIM0,pim,3,"QK:0,Softmax:0,SV:0",1.3178999999974295e-05,1.3179e-05,pim|decode|1|8d3c4a27f3148da54f43fbe5a8786c55,1,sample_step,0.0008302769999983806,0.000830277,2.5705755883273507e-17,1.0000000000019504,1.619472785041598e-15,1.0000000000019504
attacc_prefill-1024xdecode_256_ops_trace.csv,decode,1,1,2,PIM1,pim,3,"QK:1,Softmax:1,SV:1",1.3178999999974295e-05,1.3179e-05,pim|decode|1|583a2f400a32ef30361deb25375d6d1d,1,sample_step,0.0008302769999983806,0.000830277,2.5705755883273507e-17,1.0000000000019504,1.619472785041598e-15,1.0000000000019504
attacc_prefill-1024xdecode_256_ops_trace.csv,decode,1,1,3,GPU0,npu,20,"LN:-1,Q:0,K:0,V:0,Q:1,K:1,V:1,O:0,O:1,Add:-1,LN:-1,FFN_W1:0,FFN_W3:0,FFN_W1:1,FFN_W3:1,SwiGLU:0,SwiGLU:1,FFN_W2:0,FFN_W2:1,Add:-1",0.0004794696229177831,0.0005980160236358643,npu|decode|1|f47f2b13c8c0ddb8e4ddc9de5ce41aad,1,sample_step,0.030206586243820336,0.03767500948905945,0.00011854640071808114,1.2472448619303018,0.007468423245239112,1.2472448619303018
attacc_prefill-1024xdecode_256_ops_trace.csv,decode,1,1,3,PIM0,pim,3,"QK:0,Softmax:0,SV:0",1.3178999999974295e-05,1.3179e-05,pim|decode|1|8d3c4a27f3148da54f43fbe5a8786c55,1,sample_step,0.0008302769999983806,0.000830277,2.5705755883273507e-17,1.0000000000019504,1.619472785041598e-15,1.0000000000019504
attacc_prefill-1024xdecode_256_ops_trace.csv,decode,1,1,3,PIM1,pim,3,"QK:1,Softmax:1,SV:1",1.3178999999974295e-05,1.3179e-05,pim|decode|1|583a2f400a32ef30361deb25375d6d1d,1,sample_step,0.0008302769999983806,0.000830277,2.5705755883273507e-17,1.0000000000019504,1.619472785041598e-15,1.0000000000019504
attacc_prefill-1024xdecode_256_ops_trace.csv,decode,1,1,4,GPU0,npu,20,"LN:-1,Q:0,K:0,V:0,Q:1,K:1,V:1,O:0,O:1,Add:-1,LN:-1,FFN_W1:0,FFN_W3:0,FFN_W1:1,FFN_W3:1,SwiGLU:0,SwiGLU:1,FFN_W2:0,FFN_W2:1,Add:-1",0.0004794696229177831,0.0005980160236358643,npu|decode|1|f47f2b13c8c0ddb8e4ddc9de5ce41aad,1,sample_step,0.030206586243820336,0.03767500948905945,0.00011854640071808114,1.2472448619303018,0.007468423245239112,1.2472448619303018
attacc_prefill-1024xdecode_256_ops_trace.csv,decode,1,1,4,PIM0,pim,3,"QK:0,Softmax:0,SV:0",1.3178999999974295e-05,1.3179e-05,pim|decode|1|8d3c4a27f3148da54f43fbe5a8786c55,1,sample_step,0.0008302769999983806,0.000830277,2.5705755883273507e-17,1.0000000000019504,1.619472785041598e-15,1.0000000000019504
attacc_prefill-1024xdecode_256_ops_trace.csv,decode,1,1,4,PIM1,pim,3,"QK:1,Softmax:1,SV:1",1.3178999999974295e-05,1.3179e-05,pim|decode|1|583a2f400a32ef30361deb25375d6d1d,1,sample_step,0.0008302769999983806,0.000830277,2.5705755883273507e-17,1.0000000000019504,1.619472785041598e-15,1.0000000000019504
attacc_prefill-1024xdecode_256_ops_trace.csv,decode,1,1,5,GPU0,npu,20,"LN:-1,Q:0,K:0,V:0,Q:1,K:1,V:1,O:0,O:1,Add:-1,LN:-1,FFN_W1:0,FFN_W3:0,FFN_W1:1,FFN_W3:1,SwiGLU:0,SwiGLU:1,FFN_W2:0,FFN_W2:1,Add:-1",0.0004794696229177831,0.0005980160236358643,npu|decode|1|f47f2b13c8c0ddb8e4ddc9de5ce41aad,1,sample_step,0.030206586243820336,0.03767500948905945,0.00011854640071808114,1.2472448619303018,0.007468423245239112,1.2472448619303018
attacc_prefill-1024xdecode_256_ops_trace.csv,decode,1,1,5,PIM0,pim,3,"QK:0,Softmax:0,SV:0",1.3178999999974295e-05,1.3179e-05,pim|decode|1|8d3c4a27f3148da54f43fbe5a8786c55,1,sample_step,0.0008302769999983806,0.000830277,2.5705755883273507e-17,1.0000000000019504,1.619472785041598e-15,1.0000000000019504
attacc_prefill-1024xdecode_256_ops_trace.csv,decode,1,1,5,PIM1,pim,3,"QK:1,Softmax:1,SV:1",1.3178999999974295e-05,1.3179e-05,pim|decode|1|583a2f400a32ef30361deb25375d6d1d,1,sample_step,0.0008302769999983806,0.000830277,2.5705755883273507e-17,1.0000000000019504,1.619472785041598e-15,1.0000000000019504
attacc_prefill-1024xdecode_256_ops_trace.csv,decode,1,1,6,GPU0,npu,20,"LN:-1,Q:0,K:0,V:0,Q:1,K:1,V:1,O:0,O:1,Add:-1,LN:-1,FFN_W1:0,FFN_W3:0,FFN_W1:1,FFN_W3:1,SwiGLU:0,SwiGLU:1,FFN_W2:0,FFN_W2:1,Add:-1",0.0004794696229177831,0.0005980160236358643,npu|decode|1|f47f2b13c8c0ddb8e4ddc9de5ce41aad,1,sample_step,0.030206586243820336,0.03767500948905945,0.00011854640071808114,1.2472448619303018,0.007468423245239112,1.2472448619303018
attacc_prefill-1024xdecode_256_ops_trace.csv,decode,1,1,6,PIM0,pim,3,"QK:0,Softmax:0,SV:0",1.3178999999974295e-05,1.3179e-05,pim|decode|1|8d3c4a27f3148da54f43fbe5a8786c55,1,sample_step,0.0008302769999983806,0.000830277,2.5705755883273507e-17,1.0000000000019504,1.619472785041598e-15,1.0000000000019504
attacc_prefill-1024xdecode_256_ops_trace.csv,decode,1,1,6,PIM1,pim,3,"QK:1,Softmax:1,SV:1",1.3178999999974295e-05,1.3179e-05,pim|decode|1|583a2f400a32ef30361deb25375d6d1d,1,sample_step,0.0008302769999983806,0.000830277,2.5705755883273507e-17,1.0000000000019504,1.619472785041598e-15,1.0000000000019504
attacc_prefill-1024xdecode_256_ops_trace.csv,decode,1,1,7,GPU0,npu,20,"LN:-1,Q:0,K:0,V:0,Q:1,K:1,V:1,O:0,O:1,Add:-1,LN:-1,FFN_W1:0,FFN_W3:0,FFN_W1:1,FFN_W3:1,SwiGLU:0,SwiGLU:1,FFN_W2:0,FFN_W2:1,Add:-1",0.0004794696229177831,0.0005980160236358643,npu|decode|1|f47f2b13c8c0ddb8e4ddc9de5ce41aad,1,sample_step,0.030206586243820336,0.03767500948905945,0.00011854640071808114,1.2472448619303018,0.007468423245239112,1.2472448619303018
attacc_prefill-1024xdecode_256_ops_trace.csv,decode,1,1,7,PIM0,pim,3,"QK:0,Softmax:0,SV:0",1.3178999999974295e-05,1.3179e-05,pim|decode|1|8d3c4a27f3148da54f43fbe5a8786c55,1,sample_step,0.0008302769999983806,0.000830277,2.5705755883273507e-17,1.0000000000019504,1.619472785041598e-15,1.0000000000019504
attacc_prefill-1024xdecode_256_ops_trace.csv,decode,1,1,7,PIM1,pim,3,"QK:1,Softmax:1,SV:1",1.3178999999974295e-05,1.3179e-05,pim|decode|1|583a2f400a32ef30361deb25375d6d1d,1,sample_step,0.0008302769999983806,0.000830277,2.5705755883273507e-17,1.0000000000019504,1.619472785041598e-15,1.0000000000019504
attacc_prefill-1024xdecode_256_ops_trace.csv,decode,1,1,8,GPU0,npu,20,"LN:-1,Q:0,K:0,V:0,Q:1,K:1,V:1,O:0,O:1,Add:-1,LN:-1,FFN_W1:0,FFN_W3:0,FFN_W1:1,FFN_W3:1,SwiGLU:0,SwiGLU:1,FFN_W2:0,FFN_W2:1,Add:-1",0.0004794696229177831,0.0005980160236358643,npu|decode|1|f47f2b13c8c0ddb8e4ddc9de5ce41aad,1,sample_step,0.030206586243820336,0.03767500948905945,0.00011854640071808114,1.2472448619303018,0.007468423245239112,1.2472448619303018
attacc_prefill-1024xdecode_256_ops_trace.csv,decode,1,1,8,PIM0,pim,3,"QK:0,Softmax:0,SV:0",1.3178999999974295e-05,1.3179e-05,pim|decode|1|8d3c4a27f3148da54f43fbe5a8786c55,1,sample_step,0.0008302769999983806,0.000830277,2.5705755883273507e-17,1.0000000000019504,1.619472785041598e-15,1.0000000000019504
attacc_prefill-1024xdecode_256_ops_trace.csv,decode,1,1,8,PIM1,pim,3,"QK:1,Softmax:1,SV:1",1.3178999999974295e-05,1.3179e-05,pim|decode|1|583a2f400a32ef30361deb25375d6d1d,1,sample_step,0.0008302769999983806,0.000830277,2.5705755883273507e-17,1.0000000000019504,1.619472785041598e-15,1.0000000000019504
attacc_prefill-1024xdecode_256_ops_trace.csv,decode,1,1,9,GPU0,npu,20,"LN:-1,Q:0,K:0,V:0,Q:1,K:1,V:1,O:0,O:1,Add:-1,LN:-1,FFN_W1:0,FFN_W3:0,FFN_W1:1,FFN_W3:1,SwiGLU:0,SwiGLU:1,FFN_W2:0,FFN_W2:1,Add:-1",0.0004794696229177831,0.0005980160236358643,npu|decode|1|f47f2b13c8c0ddb8e4ddc9de5ce41aad,1,sample_step,0.030206586243820336,0.03767500948905945,0.00011854640071808114,1.2472448619303018,0.007468423245239112,1.2472448619303018
attacc_prefill-1024xdecode_256_ops_trace.csv,decode,1,1,9,PIM0,pim,3,"QK:0,Softmax:0,SV:0",1.3178999999974295e-05,1.3179e-05,pim|decode|1|8d3c4a27f3148da54f43fbe5a8786c55,1,sample_step,0.0008302769999983806,0.000830277,2.5705755883273507e-17,1.0000000000019504,1.619472785041598e-15,1.0000000000019504
attacc_prefill-1024xdecode_256_ops_trace.csv,decode,1,1,9,PIM1,pim,3,"QK:1,Softmax:1,SV:1",1.3178999999974295e-05,1.3179e-05,pim|decode|1|583a2f400a32ef30361deb25375d6d1d,1,sample_step,0.0008302769999983806,0.000830277,2.5705755883273507e-17,1.0000000000019504,1.619472785041598e-15,1.0000000000019504
attacc_prefill-1024xdecode_256_ops_trace.csv,decode,1,1,10,GPU0,npu,20,"LN:-1,Q:0,K:0,V:0,Q:1,K:1,V:1,O:0,O:1,Add:-1,LN:-1,FFN_W1:0,FFN_W3:0,FFN_W1:1,FFN_W3:1,SwiGLU:0,SwiGLU:1,FFN_W2:0,FFN_W2:1,Add:-1",0.0004794696229177831,0.0005980160236358643,npu|decode|1|f47f2b13c8c0ddb8e4ddc9de5ce41aad,1,sample_step,0.030206586243820336,0.03767500948905945,0.00011854640071808114,1.2472448619303018,0.007468423245239112,1.2472448619303018
attacc_prefill-1024xdecode_256_ops_trace.csv,decode,1,1,10,PIM0,pim,3,"QK:0,Softmax:0,SV:0",1.3178999999974295e-05,1.3179e-05,pim|decode|1|8d3c4a27f3148da54f43fbe5a8786c55,1,sample_step,0.0008302769999983806,0.000830277,2.5705755883273507e-17,1.0000000000019504,1.619472785041598e-15,1.0000000000019504
attacc_prefill-1024xdecode_256_ops_trace.csv,decode,1,1,10,PIM1,pim,3,"QK:1,Softmax:1,SV:1",1.3178999999974295e-05,1.3179e-05,pim|decode|1|583a2f400a32ef30361deb25375d6d1d,1,sample_step,0.0008302769999983806,0.000830277,2.5705755883273507e-17,1.0000000000019504,1.619472785041598e-15,1.0000000000019504
attacc_prefill-1024xdecode_256_ops_trace.csv,decode,1,1,11,GPU0,npu,20,"LN:-1,Q:0,K:0,V:0,Q:1,K:1,V:1,O:0,O:1,Add:-1,LN:-1,FFN_W1:0,FFN_W3:0,FFN_W1:1,FFN_W3:1,SwiGLU:0,SwiGLU:1,FFN_W2:0,FFN_W2:1,Add:-1",0.0004794696229177831,0.0005980160236358643,npu|decode|1|f47f2b13c8c0ddb8e4ddc9de5ce41aad,1,sample_step,0.030206586243820336,0.03767500948905945,0.00011854640071808114,1.2472448619303018,0.007468423245239112,1.2472448619303018
attacc_prefill-1024xdecode_256_ops_trace.csv,decode,1,1,11,PIM0,pim,3,"QK:0,Softmax:0,SV:0",1.3178999999974295e-05,1.3179e-05,pim|decode|1|8d3c4a27f3148da54f43fbe5a8786c55,1,sample_step,0.0008302769999983806,0.000830277,2.5705755883273507e-17,1.0000000000019504,1.619472785041598e-15,1.0000000000019504
attacc_prefill-1024xdecode_256_ops_trace.csv,decode,1,1,11,PIM1,pim,3,"QK:1,Softmax:1,SV:1",1.3178999999974295e-05,1.3179e-05,pim|decode|1|583a2f400a32ef30361deb25375d6d1d,1,sample_step,0.0008302769999983806,0.000830277,2.5705755883273507e-17,1.0000000000019504,1.619472785041598e-15,1.0000000000019504
attacc_prefill-1024xdecode_256_ops_trace.csv,decode,1,1,12,GPU0,npu,20,"LN:-1,Q:0,K:0,V:0,Q:1,K:1,V:1,O:0,O:1,Add:-1,LN:-1,FFN_W1:0,FFN_W3:0,FFN_W1:1,FFN_W3:1,SwiGLU:0,SwiGLU:1,FFN_W2:0,FFN_W2:1,Add:-1",0.0004794696229177831,0.0005980160236358643,npu|decode|1|f47f2b13c8c0ddb8e4ddc9de5ce41aad,1,sample_step,0.030206586243820336,0.03767500948905945,0.00011854640071808114,1.2472448619303018,0.007468423245239112,1.2472448619303018
attacc_prefill-1024xdecode_256_ops_trace.csv,decode,1,1,12,PIM0,pim,3,"QK:0,Softmax:0,SV:0",1.3178999999974295e-05,1.3179e-05,pim|decode|1|8d3c4a27f3148da54f43fbe5a8786c55,1,sample_step,0.0008302769999983806,0.000830277,2.5705755883273507e-17,1.0000000000019504,1.619472785041598e-15,1.0000000000019504
attacc_prefill-1024xdecode_256_ops_trace.csv,decode,1,1,12,PIM1,pim,3,"QK:1,Softmax:1,SV:1",1.3178999999974295e-05,1.3179e-05,pim|decode|1|583a2f400a32ef30361deb25375d6d1d,1,sample_step,0.0008302769999983806,0.000830277,2.5705755883273507e-17,1.0000000000019504,1.619472785041598e-15,1.0000000000019504
attacc_prefill-1024xdecode_256_ops_trace.csv,decode,1,1,13,GPU0,npu,20,"LN:-1,Q:0,K:0,V:0,Q:1,K:1,V:1,O:0,O:1,Add:-1,LN:-1,FFN_W1:0,FFN_W3:0,FFN_W1:1,FFN_W3:1,SwiGLU:0,SwiGLU:1,FFN_W2:0,FFN_W2:1,Add:-1",0.0004794696229177831,0.0005980160236358643,npu|decode|1|f47f2b13c8c0ddb8e4ddc9de5ce41aad,1,sample_step,0.030206586243820336,0.03767500948905945,0.00011854640071808114,1.2472448619303018,0.007468423245239112,1.2472448619303018
attacc_prefill-1024xdecode_256_ops_trace.csv,decode,1,1,13,PIM0,pim,3,"QK:0,Softmax:0,SV:0",1.3178999999974295e-05,1.3179e-05,pim|decode|1|8d3c4a27f3148da54f43fbe5a8786c55,1,sample_step,0.0008302769999983806,0.000830277,2.5705755883273507e-17,1.0000000000019504,1.619472785041598e-15,1.0000000000019504
attacc_prefill-1024xdecode_256_ops_trace.csv,decode,1,1,13,PIM1,pim,3,"QK:1,Softmax:1,SV:1",1.3178999999974295e-05,1.3179e-05,pim|decode|1|583a2f400a32ef30361deb25375d6d1d,1,sample_step,0.0008302769999983806,0.000830277,2.5705755883273507e-17,1.0000000000019504,1.619472785041598e-15,1.0000000000019504
attacc_prefill-1024xdecode_256_ops_trace.csv,decode,1,1,14,GPU0,npu,20,"LN:-1,Q:0,K:0,V:0,Q:1,K:1,V:1,O:0,O:1,Add:-1,LN:-1,FFN_W1:0,FFN_W3:0,FFN_W1:1,FFN_W3:1,SwiGLU:0,SwiGLU:1,FFN_W2:0,FFN_W2:1,Add:-1",0.0004794696229177831,0.0005980160236358643,npu|decode|1|f47f2b13c8c0ddb8e4ddc9de5ce41aad,1,sample_step,0.030206586243820336,0.03767500948905945,0.00011854640071808114,1.2472448619303018,0.007468423245239112,1.2472448619303018
attacc_prefill-1024xdecode_256_ops_trace.csv,decode,1,1,14,PIM0,pim,3,"QK:0,Softmax:0,SV:0",1.3178999999974295e-05,1.3179e-05,pim|decode|1|8d3c4a27f3148da54f43fbe5a8786c55,1,sample_step,0.0008302769999983806,0.000830277,2.5705755883273507e-17,1.0000000000019504,1.619472785041598e-15,1.0000000000019504
attacc_prefill-1024xdecode_256_ops_trace.csv,decode,1,1,14,PIM1,pim,3,"QK:1,Softmax:1,SV:1",1.3178999999974295e-05,1.3179e-05,pim|decode|1|583a2f400a32ef30361deb25375d6d1d,1,sample_step,0.0008302769999983806,0.000830277,2.5705755883273507e-17,1.0000000000019504,1.619472785041598e-15,1.0000000000019504
attacc_prefill-1024xdecode_256_ops_trace.csv,decode,1,1,15,GPU0,npu,20,"LN:-1,Q:0,K:0,V:0,Q:1,K:1,V:1,O:0,O:1,Add:-1,LN:-1,FFN_W1:0,FFN_W3:0,FFN_W1:1,FFN_W3:1,SwiGLU:0,SwiGLU:1,FFN_W2:0,FFN_W2:1,Add:-1",0.0004794696229177831,0.0005980160236358643,npu|decode|1|f47f2b13c8c0ddb8e4ddc9de5ce41aad,1,sample_step,0.030206586243820336,0.03767500948905945,0.00011854640071808114,1.2472448619303018,0.007468423245239112,1.2472448619303018
attacc_prefill-1024xdecode_256_ops_trace.csv,decode,1,1,15,PIM0,pim,3,"QK:0,Softmax:0,SV:0",1.3178999999974295e-05,1.3179e-05,pim|decode|1|8d3c4a27f3148da54f43fbe5a8786c55,1,sample_step,0.0008302769999983806,0.000830277,2.5705755883273507e-17,1.0000000000019504,1.619472785041598e-15,1.0000000000019504
attacc_prefill-1024xdecode_256_ops_trace.csv,decode,1,1,15,PIM1,pim,3,"QK:1,Softmax:1,SV:1",1.3178999999974295e-05,1.3179e-05,pim|decode|1|583a2f400a32ef30361deb25375d6d1d,1,sample_step,0.0008302769999983806,0.000830277,2.5705755883273507e-17,1.0000000000019504,1.619472785041598e-15,1.0000000000019504
attacc_prefill-1024xdecode_256_ops_trace.csv,decode,1,1,16,GPU0,npu,20,"LN:-1,Q:0,K:0,V:0,Q:1,K:1,V:1,O:0,O:1,Add:-1,LN:-1,FFN_W1:0,FFN_W3:0,FFN_W1:1,FFN_W3:1,SwiGLU:0,SwiGLU:1,FFN_W2:0,FFN_W2:1,Add:-1",0.0004794696229177831,0.0005980160236358643,npu|decode|1|f47f2b13c8c0ddb8e4ddc9de5ce41aad,1,sample_step,0.030206586243820336,0.03767500948905945,0.00011854640071808114,1.2472448619303018,0.007468423245239112,1.2472448619303018
attacc_prefill-1024xdecode_256_ops_trace.csv,decode,1,1,16,PIM0,pim,3,"QK:0,Softmax:0,SV:0",1.3178999999974295e-05,1.3179e-05,pim|decode|1|8d3c4a27f3148da54f43fbe5a8786c55,1,sample_step,0.0008302769999983806,0.000830277,2.5705755883273507e-17,1.0000000000019504,1.619472785041598e-15,1.0000000000019504
attacc_prefill-1024xdecode_256_ops_trace.csv,decode,1,1,16,PIM1,pim,3,"QK:1,Softmax:1,SV:1",1.3178999999974295e-05,1.3179e-05,pim|decode|1|583a2f400a32ef30361deb25375d6d1d,1,sample_step,0.0008302769999983806,0.000830277,2.5705755883273507e-17,1.0000000000019504,1.619472785041598e-15,1.0000000000019504
attacc_prefill-1024xdecode_256_ops_trace.csv,decode,1,1,17,GPU0,npu,20,"LN:-1,Q:0,K:0,V:0,Q:1,K:1,V:1,O:0,O:1,Add:-1,LN:-1,FFN_W1:0,FFN_W3:0,FFN_W1:1,FFN_W3:1,SwiGLU:0,SwiGLU:1,FFN_W2:0,FFN_W2:1,Add:-1",0.0004794696229177831,0.0005980160236358643,npu|decode|1|f47f2b13c8c0ddb8e4ddc9de5ce41aad,1,sample_step,0.030206586243820336,0.03767500948905945,0.00011854640071808114,1.2472448619303018,0.007468423245239112,1.2472448619303018
attacc_prefill-1024xdecode_256_ops_trace.csv,decode,1,1,17,PIM0,pim,3,"QK:0,Softmax:0,SV:0",1.3178999999974295e-05,1.3179e-05,pim|decode|1|8d3c4a27f3148da54f43fbe5a8786c55,1,sample_step,0.0008302769999983806,0.000830277,2.5705755883273507e-17,1.0000000000019504,1.619472785041598e-15,1.0000000000019504
attacc_prefill-1024xdecode_256_ops_trace.csv,decode,1,1,17,PIM1,pim,3,"QK:1,Softmax:1,SV:1",1.3178999999974295e-05,1.3179e-05,pim|decode|1|583a2f400a32ef30361deb25375d6d1d,1,sample_step,0.0008302769999983806,0.000830277,2.5705755883273507e-17,1.0000000000019504,1.619472785041598e-15,1.0000000000019504
attacc_prefill-1024xdecode_256_ops_trace.csv,decode,1,1,18,GPU0,npu,20,"LN:-1,Q:0,K:0,V:0,Q:1,K:1,V:1,O:0,O:1,Add:-1,LN:-1,FFN_W1:0,FFN_W3:0,FFN_W1:1,FFN_W3:1,SwiGLU:0,SwiGLU:1,FFN_W2:0,FFN_W2:1,Add:-1",0.0004794696229177831,0.0005980160236358643,npu|decode|1|f47f2b13c8c0ddb8e4ddc9de5ce41aad,1,sample_step,0.030206586243820336,0.03767500948905945,0.00011854640071808114,1.2472448619303018,0.007468423245239112,1.2472448619303018
attacc_prefill-1024xdecode_256_ops_trace.csv,decode,1,1,18,PIM0,pim,3,"QK:0,Softmax:0,SV:0",1.3178999999974295e-05,1.3179e-05,pim|decode|1|8d3c4a27f3148da54f43fbe5a8786c55,1,sample_step,0.0008302769999983806,0.000830277,2.5705755883273507e-17,1.0000000000019504,1.619472785041598e-15,1.0000000000019504
attacc_prefill-1024xdecode_256_ops_trace.csv,decode,1,1,18,PIM1,pim,3,"QK:1,Softmax:1,SV:1",1.3178999999974295e-05,1.3179e-05,pim|decode|1|583a2f400a32ef30361deb25375d6d1d,1,sample_step,0.0008302769999983806,0.000830277,2.5705755883273507e-17,1.0000000000019504,1.619472785041598e-15,1.0000000000019504
attacc_prefill-1024xdecode_256_ops_trace.csv,decode,1,1,19,GPU0,npu,20,"LN:-1,Q:0,K:0,V:0,Q:1,K:1,V:1,O:0,O:1,Add:-1,LN:-1,FFN_W1:0,FFN_W3:0,FFN_W1:1,FFN_W3:1,SwiGLU:0,SwiGLU:1,FFN_W2:0,FFN_W2:1,Add:-1",0.0004794696229177831,0.0005980160236358643,npu|decode|1|f47f2b13c8c0ddb8e4ddc9de5ce41aad,1,sample_step,0.030206586243820336,0.03767500948905945,0.00011854640071808114,1.2472448619303018,0.007468423245239112,1.2472448619303018
attacc_prefill-1024xdecode_256_ops_trace.csv,decode,1,1,19,PIM0,pim,3,"QK:0,Softmax:0,SV:0",1.3178999999974295e-05,1.3179e-05,pim|decode|1|8d3c4a27f3148da54f43fbe5a8786c55,1,sample_step,0.0008302769999983806,0.000830277,2.5705755883273507e-17,1.0000000000019504,1.619472785041598e-15,1.0000000000019504
attacc_prefill-1024xdecode_256_ops_trace.csv,decode,1,1,19,PIM1,pim,3,"QK:1,Softmax:1,SV:1",1.3178999999974295e-05,1.3179e-05,pim|decode|1|583a2f400a32ef30361deb25375d6d1d,1,sample_step,0.0008302769999983806,0.000830277,2.5705755883273507e-17,1.0000000000019504,1.619472785041598e-15,1.0000000000019504
attacc_prefill-1024xdecode_256_ops_trace.csv,decode,1,1,20,GPU0,npu,20,"LN:-1,Q:0,K:0,V:0,Q:1,K:1,V:1,O:0,O:1,Add:-1,LN:-1,FFN_W1:0,FFN_W3:0,FFN_W1:1,FFN_W3:1,SwiGLU:0,SwiGLU:1,FFN_W2:0,FFN_W2:1,Add:-1",0.0004794696229177831,0.0005980160236358643,npu|decode|1|f47f2b13c8c0ddb8e4ddc9de5ce41aad,1,sample_step,0.030206586243820336,0.03767500948905945,0.00011854640071808114,1.2472448619303018,0.007468423245239112,1.2472448619303018
attacc_prefill-1024xdecode_256_ops_trace.csv,decode,1,1,20,PIM0,pim,3,"QK:0,Softmax:0,SV:0",1.3178999999974295e-05,1.3179e-05,pim|decode|1|8d3c4a27f3148da54f43fbe5a8786c55,1,sample_step,0.0008302769999983806,0.000830277,2.5705755883273507e-17,1.0000000000019504,1.619472785041598e-15,1.0000000000019504
attacc_prefill-1024xdecode_256_ops_trace.csv,decode,1,1,20,PIM1,pim,3,"QK:1,Softmax:1,SV:1",1.3178999999974295e-05,1.3179e-05,pim|decode|1|583a2f400a32ef30361deb25375d6d1d,1,sample_step,0.0008302769999983806,0.000830277,2.5705755883273507e-17,1.0000000000019504,1.619472785041598e-15,1.0000000000019504
attacc_prefill-1024xdecode_256_ops_trace.csv,decode,1,1,21,GPU0,npu,20,"LN:-1,Q:0,K:0,V:0,Q:1,K:1,V:1,O:0,O:1,Add:-1,LN:-1,FFN_W1:0,FFN_W3:0,FFN_W1:1,FFN_W3:1,SwiGLU:0,SwiGLU:1,FFN_W2:0,FFN_W2:1,Add:-1",0.0004794696229177831,0.0005980160236358643,npu|decode|1|f47f2b13c8c0ddb8e4ddc9de5ce41aad,1,sample_step,0.030206586243820336,0.03767500948905945,0.00011854640071808114,1.2472448619303018,0.007468423245239112,1.2472448619303018
attacc_prefill-1024xdecode_256_ops_trace.csv,decode,1,1,21,PIM0,pim,3,"QK:0,Softmax:0,SV:0",1.3178999999974295e-05,1.3179e-05,pim|decode|1|8d3c4a27f3148da54f43fbe5a8786c55,1,sample_step,0.0008302769999983806,0.000830277,2.5705755883273507e-17,1.0000000000019504,1.619472785041598e-15,1.0000000000019504
attacc_prefill-1024xdecode_256_ops_trace.csv,decode,1,1,21,PIM1,pim,3,"QK:1,Softmax:1,SV:1",1.3178999999974295e-05,1.3179e-05,pim|decode|1|583a2f400a32ef30361deb25375d6d1d,1,sample_step,0.0008302769999983806,0.000830277,2.5705755883273507e-17,1.0000000000019504,1.619472785041598e-15,1.0000000000019504
attacc_prefill-1024xdecode_256_ops_trace.csv,decode,1,1,22,GPU0,npu,20,"LN:-1,Q:0,K:0,V:0,Q:1,K:1,V:1,O:0,O:1,Add:-1,LN:-1,FFN_W1:0,FFN_W3:0,FFN_W1:1,FFN_W3:1,SwiGLU:0,SwiGLU:1,FFN_W2:0,FFN_W2:1,Add:-1",0.0004794696229177831,0.0005980160236358643,npu|decode|1|f47f2b13c8c0ddb8e4ddc9de5ce41aad,1,sample_step,0.030206586243820336,0.03767500948905945,0.00011854640071808114,1.2472448619303018,0.007468423245239112,1.2472448619303018
attacc_prefill-1024xdecode_256_ops_trace.csv,decode,1,1,22,PIM0,pim,3,"QK:0,Softmax:0,SV:0",1.3178999999974295e-05,1.3179e-05,pim|decode|1|8d3c4a27f3148da54f43fbe5a8786c55,1,sample_step,0.0008302769999983806,0.000830277,2.5705755883273507e-17,1.0000000000019504,1.619472785041598e-15,1.0000000000019504
attacc_prefill-1024xdecode_256_ops_trace.csv,decode,1,1,22,PIM1,pim,3,"QK:1,Softmax:1,SV:1",1.3178999999974295e-05,1.3179e-05,pim|decode|1|583a2f400a32ef30361deb25375d6d1d,1,sample_step,0.0008302769999983806,0.000830277,2.5705755883273507e-17,1.0000000000019504,1.619472785041598e-15,1.0000000000019504
attacc_prefill-1024xdecode_256_ops_trace.csv,decode,1,1,23,GPU0,npu,20,"LN:-1,Q:0,K:0,V:0,Q:1,K:1,V:1,O:0,O:1,Add:-1,LN:-1,FFN_W1:0,FFN_W3:0,FFN_W1:1,FFN_W3:1,SwiGLU:0,SwiGLU:1,FFN_W2:0,FFN_W2:1,Add:-1",0.0004794696229177831,0.0005980160236358643,npu|decode|1|f47f2b13c8c0ddb8e4ddc9de5ce41aad,1,sample_step,0.030206586243820336,0.03767500948905945,0.00011854640071808114,1.2472448619303018,0.007468423245239112,1.2472448619303018
attacc_prefill-1024xdecode_256_ops_trace.csv,decode,1,1,23,PIM0,pim,3,"QK:0,Softmax:0,SV:0",1.3178999999974295e-05,1.3179e-05,pim|decode|1|8d3c4a27f3148da54f43fbe5a8786c55,1,sample_step,0.0008302769999983806,0.000830277,2.5705755883273507e-17,1.0000000000019504,1.619472785041598e-15,1.0000000000019504
attacc_prefill-1024xdecode_256_ops_trace.csv,decode,1,1,23,PIM1,pim,3,"QK:1,Softmax:1,SV:1",1.3178999999974295e-05,1.3179e-05,pim|decode|1|583a2f400a32ef30361deb25375d6d1d,1,sample_step,0.0008302769999983806,0.000830277,2.5705755883273507e-17,1.0000000000019504,1.619472785041598e-15,1.0000000000019504
attacc_prefill-1024xdecode_256_ops_trace.csv,decode,1,1,24,GPU0,npu,20,"LN:-1,Q:0,K:0,V:0,Q:1,K:1,V:1,O:0,O:1,Add:-1,LN:-1,FFN_W1:0,FFN_W3:0,FFN_W1:1,FFN_W3:1,SwiGLU:0,SwiGLU:1,FFN_W2:0,FFN_W2:1,Add:-1",0.0004794696229177831,0.0005980160236358643,npu|decode|1|f47f2b13c8c0ddb8e4ddc9de5ce41aad,1,sample_step,0.030206586243820336,0.03767500948905945,0.00011854640071808114,1.2472448619303018,0.007468423245239112,1.2472448619303018
attacc_prefill-1024xdecode_256_ops_trace.csv,decode,1,1,24,PIM0,pim,3,"QK:0,Softmax:0,SV:0",1.3178999999974295e-05,1.3179e-05,pim|decode|1|8d3c4a27f3148da54f43fbe5a8786c55,1,sample_step,0.0008302769999983806,0.000830277,2.5705755883273507e-17,1.0000000000019504,1.619472785041598e-15,1.0000000000019504
attacc_prefill-1024xdecode_256_ops_trace.csv,decode,1,1,24,PIM1,pim,3,"QK:1,Softmax:1,SV:1",1.3178999999974295e-05,1.3179e-05,pim|decode|1|583a2f400a32ef30361deb25375d6d1d,1,sample_step,0.0008302769999983806,0.000830277,2.5705755883273507e-17,1.0000000000019504,1.619472785041598e-15,1.0000000000019504
attacc_prefill-1024xdecode_256_ops_trace.csv,decode,1,1,25,GPU0,npu,20,"LN:-1,Q:0,K:0,V:0,Q:1,K:1,V:1,O:0,O:1,Add:-1,LN:-1,FFN_W1:0,FFN_W3:0,FFN_W1:1,FFN_W3:1,SwiGLU:0,SwiGLU:1,FFN_W2:0,FFN_W2:1,Add:-1",0.0004794696229177831,0.0005980160236358643,npu|decode|1|f47f2b13c8c0ddb8e4ddc9de5ce41aad,1,sample_step,0.030206586243820336,0.03767500948905945,0.00011854640071808114,1.2472448619303018,0.007468423245239112,1.2472448619303018
attacc_prefill-1024xdecode_256_ops_trace.csv,decode,1,1,25,PIM0,pim,3,"QK:0,Softmax:0,SV:0",1.3178999999974295e-05,1.3179e-05,pim|decode|1|8d3c4a27f3148da54f43fbe5a8786c55,1,sample_step,0.0008302769999983806,0.000830277,2.5705755883273507e-17,1.0000000000019504,1.619472785041598e-15,1.0000000000019504
attacc_prefill-1024xdecode_256_ops_trace.csv,decode,1,1,25,PIM1,pim,3,"QK:1,Softmax:1,SV:1",1.3178999999974295e-05,1.3179e-05,pim|decode|1|583a2f400a32ef30361deb25375d6d1d,1,sample_step,0.0008302769999983806,0.000830277,2.5705755883273507e-17,1.0000000000019504,1.619472785041598e-15,1.0000000000019504
attacc_prefill-1024xdecode_256_ops_trace.csv,decode,1,1,26,GPU0,npu,20,"LN:-1,Q:0,K:0,V:0,Q:1,K:1,V:1,O:0,O:1,Add:-1,LN:-1,FFN_W1:0,FFN_W3:0,FFN_W1:1,FFN_W3:1,SwiGLU:0,SwiGLU:1,FFN_W2:0,FFN_W2:1,Add:-1",0.0004794696229177831,0.0005980160236358643,npu|decode|1|f47f2b13c8c0ddb8e4ddc9de5ce41aad,1,sample_step,0.030206586243820336,0.03767500948905945,0.00011854640071808114,1.2472448619303018,0.007468423245239112,1.2472448619303018
attacc_prefill-1024xdecode_256_ops_trace.csv,decode,1,1,26,PIM0,pim,3,"QK:0,Softmax:0,SV:0",1.3178999999974295e-05,1.3179e-05,pim|decode|1|8d3c4a27f3148da54f43fbe5a8786c55,1,sample_step,0.0008302769999983806,0.000830277,2.5705755883273507e-17,1.0000000000019504,1.619472785041598e-15,1.0000000000019504
attacc_prefill-1024xdecode_256_ops_trace.csv,decode,1,1,26,PIM1,pim,3,"QK:1,Softmax:1,SV:1",1.3178999999974295e-05,1.3179e-05,pim|decode|1|583a2f400a32ef30361deb25375d6d1d,1,sample_step,0.0008302769999983806,0.000830277,2.5705755883273507e-17,1.0000000000019504,1.619472785041598e-15,1.0000000000019504
attacc_prefill-1024xdecode_256_ops_trace.csv,decode,1,1,27,GPU0,npu,20,"LN:-1,Q:0,K:0,V:0,Q:1,K:1,V:1,O:0,O:1,Add:-1,LN:-1,FFN_W1:0,FFN_W3:0,FFN_W1:1,FFN_W3:1,SwiGLU:0,SwiGLU:1,FFN_W2:0,FFN_W2:1,Add:-1",0.0004794696229177831,0.0005980160236358643,npu|decode|1|f47f2b13c8c0ddb8e4ddc9de5ce41aad,1,sample_step,0.030206586243820336,0.03767500948905945,0.00011854640071808114,1.2472448619303018,0.007468423245239112,1.2472448619303018
attacc_prefill-1024xdecode_256_ops_trace.csv,decode,1,1,27,PIM0,pim,3,"QK:0,Softmax:0,SV:0",1.3178999999974295e-05,1.3179e-05,pim|decode|1|8d3c4a27f3148da54f43fbe5a8786c55,1,sample_step,0.0008302769999983806,0.000830277,2.5705755883273507e-17,1.0000000000019504,1.619472785041598e-15,1.0000000000019504
attacc_prefill-1024xdecode_256_ops_trace.csv,decode,1,1,27,PIM1,pim,3,"QK:1,Softmax:1,SV:1",1.3178999999974295e-05,1.3179e-05,pim|decode|1|583a2f400a32ef30361deb25375d6d1d,1,sample_step,0.0008302769999983806,0.000830277,2.5705755883273507e-17,1.0000000000019504,1.619472785041598e-15,1.0000000000019504
attacc_prefill-1024xdecode_256_ops_trace.csv,decode,1,1,28,GPU0,npu,20,"LN:-1,Q:0,K:0,V:0,Q:1,K:1,V:1,O:0,O:1,Add:-1,LN:-1,FFN_W1:0,FFN_W3:0,FFN_W1:1,FFN_W3:1,SwiGLU:0,SwiGLU:1,FFN_W2:0,FFN_W2:1,Add:-1",0.0004794696229177831,0.0005980160236358643,npu|decode|1|f47f2b13c8c0ddb8e4ddc9de5ce41aad,1,sample_step,0.030206586243820336,0.03767500948905945,0.00011854640071808114,1.2472448619303018,0.007468423245239112,1.2472448619303018
attacc_prefill-1024xdecode_256_ops_trace.csv,decode,1,1,28,PIM0,pim,3,"QK:0,Softmax:0,SV:0",1.3178999999974295e-05,1.3179e-05,pim|decode|1|8d3c4a27f3148da54f43fbe5a8786c55,1,sample_step,0.0008302769999983806,0.000830277,2.5705755883273507e-17,1.0000000000019504,1.619472785041598e-15,1.0000000000019504
attacc_prefill-1024xdecode_256_ops_trace.csv,decode,1,1,28,PIM1,pim,3,"QK:1,Softmax:1,SV:1",1.3178999999974295e-05,1.3179e-05,pim|decode|1|583a2f400a32ef30361deb25375d6d1d,1,sample_step,0.0008302769999983806,0.000830277,2.5705755883273507e-17,1.0000000000019504,1.619472785041598e-15,1.0000000000019504
attacc_prefill-1024xdecode_256_ops_trace.csv,decode,1,1,29,GPU0,npu,20,"LN:-1,Q:0,K:0,V:0,Q:1,K:1,V:1,O:0,O:1,Add:-1,LN:-1,FFN_W1:0,FFN_W3:0,FFN_W1:1,FFN_W3:1,SwiGLU:0,SwiGLU:1,FFN_W2:0,FFN_W2:1,Add:-1",0.0004794696229177831,0.0005980160236358643,npu|decode|1|f47f2b13c8c0ddb8e4ddc9de5ce41aad,1,sample_step,0.030206586243820336,0.03767500948905945,0.00011854640071808114,1.2472448619303018,0.007468423245239112,1.2472448619303018
attacc_prefill-1024xdecode_256_ops_trace.csv,decode,1,1,29,PIM0,pim,3,"QK:0,Softmax:0,SV:0",1.3178999999974295e-05,1.3179e-05,pim|decode|1|8d3c4a27f3148da54f43fbe5a8786c55,1,sample_step,0.0008302769999983806,0.000830277,2.5705755883273507e-17,1.0000000000019504,1.619472785041598e-15,1.0000000000019504
attacc_prefill-1024xdecode_256_ops_trace.csv,decode,1,1,29,PIM1,pim,3,"QK:1,Softmax:1,SV:1",1.3178999999974295e-05,1.3179e-05,pim|decode|1|583a2f400a32ef30361deb25375d6d1d,1,sample_step,0.0008302769999983806,0.000830277,2.5705755883273507e-17,1.0000000000019504,1.619472785041598e-15,1.0000000000019504
attacc_prefill-1024xdecode_256_ops_trace.csv,decode,1,1,30,GPU0,npu,20,"LN:-1,Q:0,K:0,V:0,Q:1,K:1,V:1,O:0,O:1,Add:-1,LN:-1,FFN_W1:0,FFN_W3:0,FFN_W1:1,FFN_W3:1,SwiGLU:0,SwiGLU:1,FFN_W2:0,FFN_W2:1,Add:-1",0.0004794696229177831,0.0005980160236358643,npu|decode|1|f47f2b13c8c0ddb8e4ddc9de5ce41aad,1,sample_step,0.030206586243820336,0.03767500948905945,0.00011854640071808114,1.2472448619303018,0.007468423245239112,1.2472448619303018
attacc_prefill-1024xdecode_256_ops_trace.csv,decode,1,1,30,PIM0,pim,3,"QK:0,Softmax:0,SV:0",1.3178999999974295e-05,1.3179e-05,pim|decode|1|8d3c4a27f3148da54f43fbe5a8786c55,1,sample_step,0.0008302769999983806,0.000830277,2.5705755883273507e-17,1.0000000000019504,1.619472785041598e-15,1.0000000000019504
attacc_prefill-1024xdecode_256_ops_trace.csv,decode,1,1,30,PIM1,pim,3,"QK:1,Softmax:1,SV:1",1.3178999999974295e-05,1.3179e-05,pim|decode|1|583a2f400a32ef30361deb25375d6d1d,1,sample_step,0.0008302769999983806,0.000830277,2.5705755883273507e-17,1.0000000000019504,1.619472785041598e-15,1.0000000000019504
attacc_prefill-1024xdecode_256_ops_trace.csv,decode,1,1,31,GPU0,npu,20,"LN:-1,Q:0,K:0,V:0,Q:1,K:1,V:1,O:0,O:1,Add:-1,LN:-1,FFN_W1:0,FFN_W3:0,FFN_W1:1,FFN_W3:1,SwiGLU:0,SwiGLU:1,FFN_W2:0,FFN_W2:1,Add:-1",0.0004794696229177831,0.0005980160236358643,npu|decode|1|f47f2b13c8c0ddb8e4ddc9de5ce41aad,1,sample_step,0.030206586243820336,0.03767500948905945,0.00011854640071808114,1.2472448619303018,0.007468423245239112,1.2472448619303018
attacc_prefill-1024xdecode_256_ops_trace.csv,decode,1,1,31,PIM0,pim,3,"QK:0,Softmax:0,SV:0",1.3178999999974295e-05,1.3179e-05,pim|decode|1|8d3c4a27f3148da54f43fbe5a8786c55,1,sample_step,0.0008302769999983806,0.000830277,2.5705755883273507e-17,1.0000000000019504,1.619472785041598e-15,1.0000000000019504
attacc_prefill-1024xdecode_256_ops_trace.csv,decode,1,1,31,PIM1,pim,3,"QK:1,Softmax:1,SV:1",1.3178999999974295e-05,1.3179e-05,pim|decode|1|583a2f400a32ef30361deb25375d6d1d,1,sample_step,0.0008302769999983806,0.000830277,2.5705755883273507e-17,1.0000000000019504,1.619472785041598e-15,1.0000000000019504
attacc_prefill-1024xdecode_256_ops_trace.csv,decode,2,63,0,GPU0,npu,20,"LN:-1,Q:0,K:0,V:0,Q:1,K:1,V:1,O:0,O:1,Add:-1,LN:-1,FFN_W1:0,FFN_W3:0,FFN_W1:1,FFN_W3:1,SwiGLU:0,SwiGLU:1,FFN_W2:0,FFN_W2:1,Add:-1",0.00047946962291778306,0.0005983232021331787,npu|decode|2|f47f2b13c8c0ddb8e4ddc9de5ce41aad,2,sample_step,0.030686055866738116,0.038292684936523436,0.00011885357921539563,1.2478855250351826,0.00760662906978532,1.2478855250351826
attacc_prefill-1024xdecode_256_ops_trace.csv,decode,2,63,0,PIM0,pim,3,"QK:0,Softmax:0,SV:0",1.3353000000160264e-05,1.3352999999999999e-05,pim|decode|2|8d3c4a27f3148da54f43fbe5a8786c55,2,sample_step,0.0008545920000102569,0.0008545919999999999,-1.6026540988409166e-16,0.9999999999879978,-1.0256986232581866e-14,0.9999999999879978
attacc_prefill-1024xdecode_256_ops_trace.csv,decode,2,63,0,PIM1,pim,3,"QK:1,Softmax:1,SV:1",1.3353000000160264e-05,1.3352999999999999e-05,pim|decode|2|583a2f400a32ef30361deb25375d6d1d,2,sample_step,0.0008545920000102569,0.0008545919999999999,-1.6026540988409166e-16,0.9999999999879978,-1.0256986232581866e-14,0.9999999999879978
attacc_prefill-1024xdecode_256_ops_trace.csv,decode,2,63,1,GPU0,npu,20,"LN:-1,Q:0,K:0,V:0,Q:1,K:1,V:1,O:0,O:1,Add:-1,LN:-1,FFN_W1:0,FFN_W3:0,FFN_W1:1,FFN_W3:1,SwiGLU:0,SwiGLU:1,FFN_W2:0,FFN_W2:1,Add:-1",0.00047946962291778306,0.0005983232021331787,npu|decode|2|f47f2b13c8c0ddb8e4ddc9de5ce41aad,2,sample_step,0.030686055866738116,0.038292684936523436,0.00011885357921539563,1.2478855250351826,0.00760662906978532,1.2478855250351826
attacc_prefill-1024xdecode_256_ops_trace.csv,decode,2,63,1,PIM0,pim,3,"QK:0,Softmax:0,SV:0",1.3353000000160264e-05,1.3352999999999999e-05,pim|decode|2|8d3c4a27f3148da54f43fbe5a8786c55,2,sample_step,0.0008545920000102569,0.0008545919999999999,-1.6026540988409166e-16,0.9999999999879978,-1.0256986232581866e-14,0.9999999999879978
attacc_prefill-1024xdecode_256_ops_trace.csv,decode,2,63,1,PIM1,pim,3,"QK:1,Softmax:1,SV:1",1.3353000000160264e-05,1.3352999999999999e-05,pim|decode|2|583a2f400a32ef30361deb25375d6d1d,2,sample_step,0.0008545920000102569,0.0008545919999999999,-1.6026540988409166e-16,0.9999999999879978,-1.0256986232581866e-14,0.9999999999879978
attacc_prefill-1024xdecode_256_ops_trace.csv,decode,2,63,2,GPU0,npu,20,"LN:-1,Q:0,K:0,V:0,Q:1,K:1,V:1,O:0,O:1,Add:-1,LN:-1,FFN_W1:0,FFN_W3:0,FFN_W1:1,FFN_W3:1,SwiGLU:0,SwiGLU:1,FFN_W2:0,FFN_W2:1,Add:-1",0.00047946962291778306,0.0005983232021331787,npu|decode|2|f47f2b13c8c0ddb8e4ddc9de5ce41aad,2,sample_step,0.030686055866738116,0.038292684936523436,0.00011885357921539563,1.2478855250351826,0.00760662906978532,1.2478855250351826
attacc_prefill-1024xdecode_256_ops_trace.csv,decode,2,63,2,PIM0,pim,3,"QK:0,Softmax:0,SV:0",1.3353000000160264e-05,1.3352999999999999e-05,pim|decode|2|8d3c4a27f3148da54f43fbe5a8786c55,2,sample_step,0.0008545920000102569,0.0008545919999999999,-1.6026540988409166e-16,0.9999999999879978,-1.0256986232581866e-14,0.9999999999879978
attacc_prefill-1024xdecode_256_ops_trace.csv,decode,2,63,2,PIM1,pim,3,"QK:1,Softmax:1,SV:1",1.3353000000160264e-05,1.3352999999999999e-05,pim|decode|2|583a2f400a32ef30361deb25375d6d1d,2,sample_step,0.0008545920000102569,0.0008545919999999999,-1.6026540988409166e-16,0.9999999999879978,-1.0256986232581866e-14,0.9999999999879978
attacc_prefill-1024xdecode_256_ops_trace.csv,decode,2,63,3,GPU0,npu,20,"LN:-1,Q:0,K:0,V:0,Q:1,K:1,V:1,O:0,O:1,Add:-1,LN:-1,FFN_W1:0,FFN_W3:0,FFN_W1:1,FFN_W3:1,SwiGLU:0,SwiGLU:1,FFN_W2:0,FFN_W2:1,Add:-1",0.00047946962291778306,0.0005983232021331787,npu|decode|2|f47f2b13c8c0ddb8e4ddc9de5ce41aad,2,sample_step,0.030686055866738116,0.038292684936523436,0.00011885357921539563,1.2478855250351826,0.00760662906978532,1.2478855250351826
attacc_prefill-1024xdecode_256_ops_trace.csv,decode,2,63,3,PIM0,pim,3,"QK:0,Softmax:0,SV:0",1.3353000000160264e-05,1.3352999999999999e-05,pim|decode|2|8d3c4a27f3148da54f43fbe5a8786c55,2,sample_step,0.0008545920000102569,0.0008545919999999999,-1.6026540988409166e-16,0.9999999999879978,-1.0256986232581866e-14,0.9999999999879978
attacc_prefill-1024xdecode_256_ops_trace.csv,decode,2,63,3,PIM1,pim,3,"QK:1,Softmax:1,SV:1",1.3353000000160264e-05,1.3352999999999999e-05,pim|decode|2|583a2f400a32ef30361deb25375d6d1d,2,sample_step,0.0008545920000102569,0.0008545919999999999,-1.6026540988409166e-16,0.9999999999879978,-1.0256986232581866e-14,0.9999999999879978
attacc_prefill-1024xdecode_256_ops_trace.csv,decode,2,63,4,GPU0,npu,20,"LN:-1,Q:0,K:0,V:0,Q:1,K:1,V:1,O:0,O:1,Add:-1,LN:-1,FFN_W1:0,FFN_W3:0,FFN_W1:1,FFN_W3:1,SwiGLU:0,SwiGLU:1,FFN_W2:0,FFN_W2:1,Add:-1",0.00047946962291778306,0.0005983232021331787,npu|decode|2|f47f2b13c8c0ddb8e4ddc9de5ce41aad,2,sample_step,0.030686055866738116,0.038292684936523436,0.00011885357921539563,1.2478855250351826,0.00760662906978532,1.2478855250351826
attacc_prefill-1024xdecode_256_ops_trace.csv,decode,2,63,4,PIM0,pim,3,"QK:0,Softmax:0,SV:0",1.3353000000160264e-05,1.3352999999999999e-05,pim|decode|2|8d3c4a27f3148da54f43fbe5a8786c55,2,sample_step,0.0008545920000102569,0.0008545919999999999,-1.6026540988409166e-16,0.9999999999879978,-1.0256986232581866e-14,0.9999999999879978
attacc_prefill-1024xdecode_256_ops_trace.csv,decode,2,63,4,PIM1,pim,3,"QK:1,Softmax:1,SV:1",1.3353000000160264e-05,1.3352999999999999e-05,pim|decode|2|583a2f400a32ef30361deb25375d6d1d,2,sample_step,0.0008545920000102569,0.0008545919999999999,-1.6026540988409166e-16,0.9999999999879978,-1.0256986232581866e-14,0.9999999999879978
attacc_prefill-1024xdecode_256_ops_trace.csv,decode,2,63,5,GPU0,npu,20,"LN:-1,Q:0,K:0,V:0,Q:1,K:1,V:1,O:0,O:1,Add:-1,LN:-1,FFN_W1:0,FFN_W3:0,FFN_W1:1,FFN_W3:1,SwiGLU:0,SwiGLU:1,FFN_W2:0,FFN_W2:1,Add:-1",0.00047946962291778306,0.0005983232021331787,npu|decode|2|f47f2b13c8c0ddb8e4ddc9de5ce41aad,2,sample_step,0.030686055866738116,0.038292684936523436,0.00011885357921539563,1.2478855250351826,0.00760662906978532,1.2478855250351826
attacc_prefill-1024xdecode_256_ops_trace.csv,decode,2,63,5,PIM0,pim,3,"QK:0,Softmax:0,SV:0",1.3353000000160264e-05,1.3352999999999999e-05,pim|decode|2|8d3c4a27f3148da54f43fbe5a8786c55,2,sample_step,0.0008545920000102569,0.0008545919999999999,-1.6026540988409166e-16,0.9999999999879978,-1.0256986232581866e-14,0.9999999999879978
attacc_prefill-1024xdecode_256_ops_trace.csv,decode,2,63,5,PIM1,pim,3,"QK:1,Softmax:1,SV:1",1.3353000000160264e-05,1.3352999999999999e-05,pim|decode|2|583a2f400a32ef30361deb25375d6d1d,2,sample_step,0.0008545920000102569,0.0008545919999999999,-1.6026540988409166e-16,0.9999999999879978,-1.0256986232581866e-14,0.9999999999879978
attacc_prefill-1024xdecode_256_ops_trace.csv,decode,2,63,6,GPU0,npu,20,"LN:-1,Q:0,K:0,V:0,Q:1,K:1,V:1,O:0,O:1,Add:-1,LN:-1,FFN_W1:0,FFN_W3:0,FFN_W1:1,FFN_W3:1,SwiGLU:0,SwiGLU:1,FFN_W2:0,FFN_W2:1,Add:-1",0.00047946962291778306,0.0005983232021331787,npu|decode|2|f47f2b13c8c0ddb8e4ddc9de5ce41aad,2,sample_step,0.030686055866738116,0.038292684936523436,0.00011885357921539563,1.2478855250351826,0.00760662906978532,1.2478855250351826
attacc_prefill-1024xdecode_256_ops_trace.csv,decode,2,63,6,PIM0,pim,3,"QK:0,Softmax:0,SV:0",1.3353000000160264e-05,1.3352999999999999e-05,pim|decode|2|8d3c4a27f3148da54f43fbe5a8786c55,2,sample_step,0.0008545920000102569,0.0008545919999999999,-1.6026540988409166e-16,0.9999999999879978,-1.0256986232581866e-14,0.9999999999879978
attacc_prefill-1024xdecode_256_ops_trace.csv,decode,2,63,6,PIM1,pim,3,"QK:1,Softmax:1,SV:1",1.3353000000160264e-05,1.3352999999999999e-05,pim|decode|2|583a2f400a32ef30361deb25375d6d1d,2,sample_step,0.0008545920000102569,0.0008545919999999999,-1.6026540988409166e-16,0.9999999999879978,-1.0256986232581866e-14,0.9999999999879978
attacc_prefill-1024xdecode_256_ops_trace.csv,decode,2,63,7,GPU0,npu,20,"LN:-1,Q:0,K:0,V:0,Q:1,K:1,V:1,O:0,O:1,Add:-1,LN:-1,FFN_W1:0,FFN_W3:0,FFN_W1:1,FFN_W3:1,SwiGLU:0,SwiGLU:1,FFN_W2:0,FFN_W2:1,Add:-1",0.00047946962291778306,0.0005983232021331787,npu|decode|2|f47f2b13c8c0ddb8e4ddc9de5ce41aad,2,sample_step,0.030686055866738116,0.038292684936523436,0.00011885357921539563,1.2478855250351826,0.00760662906978532,1.2478855250351826
attacc_prefill-1024xdecode_256_ops_trace.csv,decode,2,63,7,PIM0,pim,3,"QK:0,Softmax:0,SV:0",1.3353000000160264e-05,1.3352999999999999e-05,pim|decode|2|8d3c4a27f3148da54f43fbe5a8786c55,2,sample_step,0.0008545920000102569,0.0008545919999999999,-1.6026540988409166e-16,0.9999999999879978,-1.0256986232581866e-14,0.9999999999879978
attacc_prefill-1024xdecode_256_ops_trace.csv,decode,2,63,7,PIM1,pim,3,"QK:1,Softmax:1,SV:1",1.3353000000160264e-05,1.3352999999999999e-05,pim|decode|2|583a2f400a32ef30361deb25375d6d1d,2,sample_step,0.0008545920000102569,0.0008545919999999999,-1.6026540988409166e-16,0.9999999999879978,-1.0256986232581866e-14,0.9999999999879978
attacc_prefill-1024xdecode_256_ops_trace.csv,decode,2,63,8,GPU0,npu,20,"LN:-1,Q:0,K:0,V:0,Q:1,K:1,V:1,O:0,O:1,Add:-1,LN:-1,FFN_W1:0,FFN_W3:0,FFN_W1:1,FFN_W3:1,SwiGLU:0,SwiGLU:1,FFN_W2:0,FFN_W2:1,Add:-1",0.00047946962291778306,0.0005983232021331787,npu|decode|2|f47f2b13c8c0ddb8e4ddc9de5ce41aad,2,sample_step,0.030686055866738116,0.038292684936523436,0.00011885357921539563,1.2478855250351826,0.00760662906978532,1.2478855250351826
attacc_prefill-1024xdecode_256_ops_trace.csv,decode,2,63,8,PIM0,pim,3,"QK:0,Softmax:0,SV:0",1.3353000000160264e-05,1.3352999999999999e-05,pim|decode|2|8d3c4a27f3148da54f43fbe5a8786c55,2,sample_step,0.0008545920000102569,0.0008545919999999999,-1.6026540988409166e-16,0.9999999999879978,-1.0256986232581866e-14,0.9999999999879978
attacc_prefill-1024xdecode_256_ops_trace.csv,decode,2,63,8,PIM1,pim,3,"QK:1,Softmax:1,SV:1",1.3353000000160264e-05,1.3352999999999999e-05,pim|decode|2|583a2f400a32ef30361deb25375d6d1d,2,sample_step,0.0008545920000102569,0.0008545919999999999,-1.6026540988409166e-16,0.9999999999879978,-1.0256986232581866e-14,0.9999999999879978
attacc_prefill-1024xdecode_256_ops_trace.csv,decode,2,63,9,GPU0,npu,20,"LN:-1,Q:0,K:0,V:0,Q:1,K:1,V:1,O:0,O:1,Add:-1,LN:-1,FFN_W1:0,FFN_W3:0,FFN_W1:1,FFN_W3:1,SwiGLU:0,SwiGLU:1,FFN_W2:0,FFN_W2:1,Add:-1",0.00047946962291778306,0.0005983232021331787,npu|decode|2|f47f2b13c8c0ddb8e4ddc9de5ce41aad,2,sample_step,0.030686055866738116,0.038292684936523436,0.00011885357921539563,1.2478855250351826,0.00760662906978532,1.2478855250351826
attacc_prefill-1024xdecode_256_ops_trace.csv,decode,2,63,9,PIM0,pim,3,"QK:0,Softmax:0,SV:0",1.3353000000160264e-05,1.3352999999999999e-05,pim|decode|2|8d3c4a27f3148da54f43fbe5a8786c55,2,sample_step,0.0008545920000102569,0.0008545919999999999,-1.6026540988409166e-16,0.9999999999879978,-1.0256986232581866e-14,0.9999999999879978
attacc_prefill-1024xdecode_256_ops_trace.csv,decode,2,63,9,PIM1,pim,3,"QK:1,Softmax:1,SV:1",1.3353000000160264e-05,1.3352999999999999e-05,pim|decode|2|583a2f400a32ef30361deb25375d6d1d,2,sample_step,0.0008545920000102569,0.0008545919999999999,-1.6026540988409166e-16,0.9999999999879978,-1.0256986232581866e-14,0.9999999999879978
attacc_prefill-1024xdecode_256_ops_trace.csv,decode,2,63,10,GPU0,npu,20,"LN:-1,Q:0,K:0,V:0,Q:1,K:1,V:1,O:0,O:1,Add:-1,LN:-1,FFN_W1:0,FFN_W3:0,FFN_W1:1,FFN_W3:1,SwiGLU:0,SwiGLU:1,FFN_W2:0,FFN_W2:1,Add:-1",0.00047946962291778306,0.0005983232021331787,npu|decode|2|f47f2b13c8c0ddb8e4ddc9de5ce41aad,2,sample_step,0.030686055866738116,0.038292684936523436,0.00011885357921539563,1.2478855250351826,0.00760662906978532,1.2478855250351826
attacc_prefill-1024xdecode_256_ops_trace.csv,decode,2,63,10,PIM0,pim,3,"QK:0,Softmax:0,SV:0",1.3353000000160264e-05,1.3352999999999999e-05,pim|decode|2|8d3c4a27f3148da54f43fbe5a8786c55,2,sample_step,0.0008545920000102569,0.0008545919999999999,-1.6026540988409166e-16,0.9999999999879978,-1.0256986232581866e-14,0.9999999999879978
attacc_prefill-1024xdecode_256_ops_trace.csv,decode,2,63,10,PIM1,pim,3,"QK:1,Softmax:1,SV:1",1.3353000000160264e-05,1.3352999999999999e-05,pim|decode|2|583a2f400a32ef30361deb25375d6d1d,2,sample_step,0.0008545920000102569,0.0008545919999999999,-1.6026540988409166e-16,0.9999999999879978,-1.0256986232581866e-14,0.9999999999879978
attacc_prefill-1024xdecode_256_ops_trace.csv,decode,2,63,11,GPU0,npu,20,"LN:-1,Q:0,K:0,V:0,Q:1,K:1,V:1,O:0,O:1,Add:-1,LN:-1,FFN_W1:0,FFN_W3:0,FFN_W1:1,FFN_W3:1,SwiGLU:0,SwiGLU:1,FFN_W2:0,FFN_W2:1,Add:-1",0.00047946962291778306,0.0005983232021331787,npu|decode|2|f47f2b13c8c0ddb8e4ddc9de5ce41aad,2,sample_step,0.030686055866738116,0.038292684936523436,0.00011885357921539563,1.2478855250351826,0.00760662906978532,1.2478855250351826
attacc_prefill-1024xdecode_256_ops_trace.csv,decode,2,63,11,PIM0,pim,3,"QK:0,Softmax:0,SV:0",1.3353000000160264e-05,1.3352999999999999e-05,pim|decode|2|8d3c4a27f3148da54f43fbe5a8786c55,2,sample_step,0.0008545920000102569,0.0008545919999999999,-1.6026540988409166e-16,0.9999999999879978,-1.0256986232581866e-14,0.9999999999879978
attacc_prefill-1024xdecode_256_ops_trace.csv,decode,2,63,11,PIM1,pim,3,"QK:1,Softmax:1,SV:1",1.3353000000160264e-05,1.3352999999999999e-05,pim|decode|2|583a2f400a32ef30361deb25375d6d1d,2,sample_step,0.0008545920000102569,0.0008545919999999999,-1.6026540988409166e-16,0.9999999999879978,-1.0256986232581866e-14,0.9999999999879978
attacc_prefill-1024xdecode_256_ops_trace.csv,decode,2,63,12,GPU0,npu,20,"LN:-1,Q:0,K:0,V:0,Q:1,K:1,V:1,O:0,O:1,Add:-1,LN:-1,FFN_W1:0,FFN_W3:0,FFN_W1:1,FFN_W3:1,SwiGLU:0,SwiGLU:1,FFN_W2:0,FFN_W2:1,Add:-1",0.00047946962291778306,0.0005983232021331787,npu|decode|2|f47f2b13c8c0ddb8e4ddc9de5ce41aad,2,sample_step,0.030686055866738116,0.038292684936523436,0.00011885357921539563,1.2478855250351826,0.00760662906978532,1.2478855250351826
attacc_prefill-1024xdecode_256_ops_trace.csv,decode,2,63,12,PIM0,pim,3,"QK:0,Softmax:0,SV:0",1.3353000000160264e-05,1.3352999999999999e-05,pim|decode|2|8d3c4a27f3148da54f43fbe5a8786c55,2,sample_step,0.0008545920000102569,0.0008545919999999999,-1.6026540988409166e-16,0.9999999999879978,-1.0256986232581866e-14,0.9999999999879978
attacc_prefill-1024xdecode_256_ops_trace.csv,decode,2,63,12,PIM1,pim,3,"QK:1,Softmax:1,SV:1",1.3353000000160264e-05,1.3352999999999999e-05,pim|decode|2|583a2f400a32ef30361deb25375d6d1d,2,sample_step,0.0008545920000102569,0.0008545919999999999,-1.6026540988409166e-16,0.9999999999879978,-1.0256986232581866e-14,0.9999999999879978
attacc_prefill-1024xdecode_256_ops_trace.csv,decode,2,63,13,GPU0,npu,20,"LN:-1,Q:0,K:0,V:0,Q:1,K:1,V:1,O:0,O:1,Add:-1,LN:-1,FFN_W1:0,FFN_W3:0,FFN_W1:1,FFN_W3:1,SwiGLU:0,SwiGLU:1,FFN_W2:0,FFN_W2:1,Add:-1",0.00047946962291778306,0.0005983232021331787,npu|decode|2|f47f2b13c8c0ddb8e4ddc9de5ce41aad,2,sample_step,0.030686055866738116,0.038292684936523436,0.00011885357921539563,1.2478855250351826,0.00760662906978532,1.2478855250351826
attacc_prefill-1024xdecode_256_ops_trace.csv,decode,2,63,13,PIM0,pim,3,"QK:0,Softmax:0,SV:0",1.3353000000160264e-05,1.3352999999999999e-05,pim|decode|2|8d3c4a27f3148da54f43fbe5a8786c55,2,sample_step,0.0008545920000102569,0.0008545919999999999,-1.6026540988409166e-16,0.9999999999879978,-1.0256986232581866e-14,0.9999999999879978
attacc_prefill-1024xdecode_256_ops_trace.csv,decode,2,63,13,PIM1,pim,3,"QK:1,Softmax:1,SV:1",1.3353000000160264e-05,1.3352999999999999e-05,pim|decode|2|583a2f400a32ef30361deb25375d6d1d,2,sample_step,0.0008545920000102569,0.0008545919999999999,-1.6026540988409166e-16,0.9999999999879978,-1.0256986232581866e-14,0.9999999999879978
attacc_prefill-1024xdecode_256_ops_trace.csv,decode,2,63,14,GPU0,npu,20,"LN:-1,Q:0,K:0,V:0,Q:1,K:1,V:1,O:0,O:1,Add:-1,LN:-1,FFN_W1:0,FFN_W3:0,FFN_W1:1,FFN_W3:1,SwiGLU:0,SwiGLU:1,FFN_W2:0,FFN_W2:1,Add:-1",0.00047946962291778306,0.0005983232021331787,npu|decode|2|f47f2b13c8c0ddb8e4ddc9de5ce41aad,2,sample_step,0.030686055866738116,0.038292684936523436,0.00011885357921539563,1.2478855250351826,0.00760662906978532,1.2478855250351826
attacc_prefill-1024xdecode_256_ops_trace.csv,decode,2,63,14,PIM0,pim,3,"QK:0,Softmax:0,SV:0",1.3353000000160264e-05,1.3352999999999999e-05,pim|decode|2|8d3c4a27f3148da54f43fbe5a8786c55,2,sample_step,0.0008545920000102569,0.0008545919999999999,-1.6026540988409166e-16,0.9999999999879978,-1.0256986232581866e-14,0.9999999999879978
attacc_prefill-1024xdecode_256_ops_trace.csv,decode,2,63,14,PIM1,pim,3,"QK:1,Softmax:1,SV:1",1.3353000000160264e-05,1.3352999999999999e-05,pim|decode|2|583a2f400a32ef30361deb25375d6d1d,2,sample_step,0.0008545920000102569,0.0008545919999999999,-1.6026540988409166e-16,0.9999999999879978,-1.0256986232581866e-14,0.9999999999879978
attacc_prefill-1024xdecode_256_ops_trace.csv,decode,2,63,15,GPU0,npu,20,"LN:-1,Q:0,K:0,V:0,Q:1,K:1,V:1,O:0,O:1,Add:-1,LN:-1,FFN_W1:0,FFN_W3:0,FFN_W1:1,FFN_W3:1,SwiGLU:0,SwiGLU:1,FFN_W2:0,FFN_W2:1,Add:-1",0.00047946962291778306,0.0005983232021331787,npu|decode|2|f47f2b13c8c0ddb8e4ddc9de5ce41aad,2,sample_step,0.030686055866738116,0.038292684936523436,0.00011885357921539563,1.2478855250351826,0.00760662906978532,1.2478855250351826
attacc_prefill-1024xdecode_256_ops_trace.csv,decode,2,63,15,PIM0,pim,3,"QK:0,Softmax:0,SV:0",1.3353000000160264e-05,1.3352999999999999e-05,pim|decode|2|8d3c4a27f3148da54f43fbe5a8786c55,2,sample_step,0.0008545920000102569,0.0008545919999999999,-1.6026540988409166e-16,0.9999999999879978,-1.0256986232581866e-14,0.9999999999879978
attacc_prefill-1024xdecode_256_ops_trace.csv,decode,2,63,15,PIM1,pim,3,"QK:1,Softmax:1,SV:1",1.3353000000160264e-05,1.3352999999999999e-05,pim|decode|2|583a2f400a32ef30361deb25375d6d1d,2,sample_step,0.0008545920000102569,0.0008545919999999999,-1.6026540988409166e-16,0.9999999999879978,-1.0256986232581866e-14,0.9999999999879978
attacc_prefill-1024xdecode_256_ops_trace.csv,decode,2,63,16,GPU0,npu,20,"LN:-1,Q:0,K:0,V:0,Q:1,K:1,V:1,O:0,O:1,Add:-1,LN:-1,FFN_W1:0,FFN_W3:0,FFN_W1:1,FFN_W3:1,SwiGLU:0,SwiGLU:1,FFN_W2:0,FFN_W2:1,Add:-1",0.00047946962291778306,0.0005983232021331787,npu|decode|2|f47f2b13c8c0ddb8e4ddc9de5ce41aad,2,sample_step,0.030686055866738116,0.038292684936523436,0.00011885357921539563,1.2478855250351826,0.00760662906978532,1.2478855250351826
attacc_prefill-1024xdecode_256_ops_trace.csv,decode,2,63,16,PIM0,pim,3,"QK:0,Softmax:0,SV:0",1.3353000000160264e-05,1.3352999999999999e-05,pim|decode|2|8d3c4a27f3148da54f43fbe5a8786c55,2,sample_step,0.0008545920000102569,0.0008545919999999999,-1.6026540988409166e-16,0.9999999999879978,-1.0256986232581866e-14,0.9999999999879978
attacc_prefill-1024xdecode_256_ops_trace.csv,decode,2,63,16,PIM1,pim,3,"QK:1,Softmax:1,SV:1",1.3353000000160264e-05,1.3352999999999999e-05,pim|decode|2|583a2f400a32ef30361deb25375d6d1d,2,sample_step,0.0008545920000102569,0.0008545919999999999,-1.6026540988409166e-16,0.9999999999879978,-1.0256986232581866e-14,0.9999999999879978
attacc_prefill-1024xdecode_256_ops_trace.csv,decode,2,63,17,GPU0,npu,20,"LN:-1,Q:0,K:0,V:0,Q:1,K:1,V:1,O:0,O:1,Add:-1,LN:-1,FFN_W1:0,FFN_W3:0,FFN_W1:1,FFN_W3:1,SwiGLU:0,SwiGLU:1,FFN_W2:0,FFN_W2:1,Add:-1",0.00047946962291778306,0.0005983232021331787,npu|decode|2|f47f2b13c8c0ddb8e4ddc9de5ce41aad,2,sample_step,0.030686055866738116,0.038292684936523436,0.00011885357921539563,1.2478855250351826,0.00760662906978532,1.2478855250351826
attacc_prefill-1024xdecode_256_ops_trace.csv,decode,2,63,17,PIM0,pim,3,"QK:0,Softmax:0,SV:0",1.3353000000160264e-05,1.3352999999999999e-05,pim|decode|2|8d3c4a27f3148da54f43fbe5a8786c55,2,sample_step,0.0008545920000102569,0.0008545919999999999,-1.6026540988409166e-16,0.9999999999879978,-1.0256986232581866e-14,0.9999999999879978
attacc_prefill-1024xdecode_256_ops_trace.csv,decode,2,63,17,PIM1,pim,3,"QK:1,Softmax:1,SV:1",1.3353000000160264e-05,1.3352999999999999e-05,pim|decode|2|583a2f400a32ef30361deb25375d6d1d,2,sample_step,0.0008545920000102569,0.0008545919999999999,-1.6026540988409166e-16,0.9999999999879978,-1.0256986232581866e-14,0.9999999999879978
attacc_prefill-1024xdecode_256_ops_trace.csv,decode,2,63,18,GPU0,npu,20,"LN:-1,Q:0,K:0,V:0,Q:1,K:1,V:1,O:0,O:1,Add:-1,LN:-1,FFN_W1:0,FFN_W3:0,FFN_W1:1,FFN_W3:1,SwiGLU:0,SwiGLU:1,FFN_W2:0,FFN_W2:1,Add:-1",0.00047946962291778306,0.0005983232021331787,npu|decode|2|f47f2b13c8c0ddb8e4ddc9de5ce41aad,2,sample_step,0.030686055866738116,0.038292684936523436,0.00011885357921539563,1.2478855250351826,0.00760662906978532,1.2478855250351826
attacc_prefill-1024xdecode_256_ops_trace.csv,decode,2,63,18,PIM0,pim,3,"QK:0,Softmax:0,SV:0",1.3353000000160264e-05,1.3352999999999999e-05,pim|decode|2|8d3c4a27f3148da54f43fbe5a8786c55,2,sample_step,0.0008545920000102569,0.0008545919999999999,-1.6026540988409166e-16,0.9999999999879978,-1.0256986232581866e-14,0.9999999999879978
attacc_prefill-1024xdecode_256_ops_trace.csv,decode,2,63,18,PIM1,pim,3,"QK:1,Softmax:1,SV:1",1.3353000000160264e-05,1.3352999999999999e-05,pim|decode|2|583a2f400a32ef30361deb25375d6d1d,2,sample_step,0.0008545920000102569,0.0008545919999999999,-1.6026540988409166e-16,0.9999999999879978,-1.0256986232581866e-14,0.9999999999879978
attacc_prefill-1024xdecode_256_ops_trace.csv,decode,2,63,19,GPU0,npu,20,"LN:-1,Q:0,K:0,V:0,Q:1,K:1,V:1,O:0,O:1,Add:-1,LN:-1,FFN_W1:0,FFN_W3:0,FFN_W1:1,FFN_W3:1,SwiGLU:0,SwiGLU:1,FFN_W2:0,FFN_W2:1,Add:-1",0.00047946962291778306,0.0005983232021331787,npu|decode|2|f47f2b13c8c0ddb8e4ddc9de5ce41aad,2,sample_step,0.030686055866738116,0.038292684936523436,0.00011885357921539563,1.2478855250351826,0.00760662906978532,1.2478855250351826
attacc_prefill-1024xdecode_256_ops_trace.csv,decode,2,63,19,PIM0,pim,3,"QK:0,Softmax:0,SV:0",1.3353000000160264e-05,1.3352999999999999e-05,pim|decode|2|8d3c4a27f3148da54f43fbe5a8786c55,2,sample_step,0.0008545920000102569,0.0008545919999999999,-1.6026540988409166e-16,0.9999999999879978,-1.0256986232581866e-14,0.9999999999879978
attacc_prefill-1024xdecode_256_ops_trace.csv,decode,2,63,19,PIM1,pim,3,"QK:1,Softmax:1,SV:1",1.3353000000160264e-05,1.3352999999999999e-05,pim|decode|2|583a2f400a32ef30361deb25375d6d1d,2,sample_step,0.0008545920000102569,0.0008545919999999999,-1.6026540988409166e-16,0.9999999999879978,-1.0256986232581866e-14,0.9999999999879978
attacc_prefill-1024xdecode_256_ops_trace.csv,decode,2,63,20,GPU0,npu,20,"LN:-1,Q:0,K:0,V:0,Q:1,K:1,V:1,O:0,O:1,Add:-1,LN:-1,FFN_W1:0,FFN_W3:0,FFN_W1:1,FFN_W3:1,SwiGLU:0,SwiGLU:1,FFN_W2:0,FFN_W2:1,Add:-1",0.00047946962291778306,0.0005983232021331787,npu|decode|2|f47f2b13c8c0ddb8e4ddc9de5ce41aad,2,sample_step,0.030686055866738116,0.038292684936523436,0.00011885357921539563,1.2478855250351826,0.00760662906978532,1.2478855250351826
attacc_prefill-1024xdecode_256_ops_trace.csv,decode,2,63,20,PIM0,pim,3,"QK:0,Softmax:0,SV:0",1.3353000000160264e-05,1.3352999999999999e-05,pim|decode|2|8d3c4a27f3148da54f43fbe5a8786c55,2,sample_step,0.0008545920000102569,0.0008545919999999999,-1.6026540988409166e-16,0.9999999999879978,-1.0256986232581866e-14,0.9999999999879978
attacc_prefill-1024xdecode_256_ops_trace.csv,decode,2,63,20,PIM1,pim,3,"QK:1,Softmax:1,SV:1",1.3353000000160264e-05,1.3352999999999999e-05,pim|decode|2|583a2f400a32ef30361deb25375d6d1d,2,sample_step,0.0008545920000102569,0.0008545919999999999,-1.6026540988409166e-16,0.9999999999879978,-1.0256986232581866e-14,0.9999999999879978
attacc_prefill-1024xdecode_256_ops_trace.csv,decode,2,63,21,GPU0,npu,20,"LN:-1,Q:0,K:0,V:0,Q:1,K:1,V:1,O:0,O:1,Add:-1,LN:-1,FFN_W1:0,FFN_W3:0,FFN_W1:1,FFN_W3:1,SwiGLU:0,SwiGLU:1,FFN_W2:0,FFN_W2:1,Add:-1",0.00047946962291778306,0.0005983232021331787,npu|decode|2|f47f2b13c8c0ddb8e4ddc9de5ce41aad,2,sample_step,0.030686055866738116,0.038292684936523436,0.00011885357921539563,1.2478855250351826,0.00760662906978532,1.2478855250351826
attacc_prefill-1024xdecode_256_ops_trace.csv,decode,2,63,21,PIM0,pim,3,"QK:0,Softmax:0,SV:0",1.3353000000160264e-05,1.3352999999999999e-05,pim|decode|2|8d3c4a27f3148da54f43fbe5a8786c55,2,sample_step,0.0008545920000102569,0.0008545919999999999,-1.6026540988409166e-16,0.9999999999879978,-1.0256986232581866e-14,0.9999999999879978
attacc_prefill-1024xdecode_256_ops_trace.csv,decode,2,63,21,PIM1,pim,3,"QK:1,Softmax:1,SV:1",1.3353000000160264e-05,1.3352999999999999e-05,pim|decode|2|583a2f400a32ef30361deb25375d6d1d,2,sample_step,0.0008545920000102569,0.0008545919999999999,-1.6026540988409166e-16,0.9999999999879978,-1.0256986232581866e-14,0.9999999999879978
attacc_prefill-1024xdecode_256_ops_trace.csv,decode,2,63,22,GPU0,npu,20,"LN:-1,Q:0,K:0,V:0,Q:1,K:1,V:1,O:0,O:1,Add:-1,LN:-1,FFN_W1:0,FFN_W3:0,FFN_W1:1,FFN_W3:1,SwiGLU:0,SwiGLU:1,FFN_W2:0,FFN_W2:1,Add:-1",0.00047946962291778306,0.0005983232021331787,npu|decode|2|f47f2b13c8c0ddb8e4ddc9de5ce41aad,2,sample_step,0.030686055866738116,0.038292684936523436,0.00011885357921539563,1.2478855250351826,0.00760662906978532,1.2478855250351826
attacc_prefill-1024xdecode_256_ops_trace.csv,decode,2,63,22,PIM0,pim,3,"QK:0,Softmax:0,SV:0",1.3353000000160264e-05,1.3352999999999999e-05,pim|decode|2|8d3c4a27f3148da54f43fbe5a8786c55,2,sample_step,0.0008545920000102569,0.0008545919999999999,-1.6026540988409166e-16,0.9999999999879978,-1.0256986232581866e-14,0.9999999999879978
attacc_prefill-1024xdecode_256_ops_trace.csv,decode,2,63,22,PIM1,pim,3,"QK:1,Softmax:1,SV:1",1.3353000000160264e-05,1.3352999999999999e-05,pim|decode|2|583a2f400a32ef30361deb25375d6d1d,2,sample_step,0.0008545920000102569,0.0008545919999999999,-1.6026540988409166e-16,0.9999999999879978,-1.0256986232581866e-14,0.9999999999879978
attacc_prefill-1024xdecode_256_ops_trace.csv,decode,2,63,23,GPU0,npu,20,"LN:-1,Q:0,K:0,V:0,Q:1,K:1,V:1,O:0,O:1,Add:-1,LN:-1,FFN_W1:0,FFN_W3:0,FFN_W1:1,FFN_W3:1,SwiGLU:0,SwiGLU:1,FFN_W2:0,FFN_W2:1,Add:-1",0.00047946962291778306,0.0005983232021331787,npu|decode|2|f47f2b13c8c0ddb8e4ddc9de5ce41aad,2,sample_step,0.030686055866738116,0.038292684936523436,0.00011885357921539563,1.2478855250351826,0.00760662906978532,1.2478855250351826
attacc_prefill-1024xdecode_256_ops_trace.csv,decode,2,63,23,PIM0,pim,3,"QK:0,Softmax:0,SV:0",1.3353000000160264e-05,1.3352999999999999e-05,pim|decode|2|8d3c4a27f3148da54f43fbe5a8786c55,2,sample_step,0.0008545920000102569,0.0008545919999999999,-1.6026540988409166e-16,0.9999999999879978,-1.0256986232581866e-14,0.9999999999879978
attacc_prefill-1024xdecode_256_ops_trace.csv,decode,2,63,23,PIM1,pim,3,"QK:1,Softmax:1,SV:1",1.3353000000160264e-05,1.3352999999999999e-05,pim|decode|2|583a2f400a32ef30361deb25375d6d1d,2,sample_step,0.0008545920000102569,0.0008545919999999999,-1.6026540988409166e-16,0.9999999999879978,-1.0256986232581866e-14,0.9999999999879978
attacc_prefill-1024xdecode_256_ops_trace.csv,decode,2,63,24,GPU0,npu,20,"LN:-1,Q:0,K:0,V:0,Q:1,K:1,V:1,O:0,O:1,Add:-1,LN:-1,FFN_W1:0,FFN_W3:0,FFN_W1:1,FFN_W3:1,SwiGLU:0,SwiGLU:1,FFN_W2:0,FFN_W2:1,Add:-1",0.00047946962291778306,0.0005983232021331787,npu|decode|2|f47f2b13c8c0ddb8e4ddc9de5ce41aad,2,sample_step,0.030686055866738116,0.038292684936523436,0.00011885357921539563,1.2478855250351826,0.00760662906978532,1.2478855250351826
attacc_prefill-1024xdecode_256_ops_trace.csv,decode,2,63,24,PIM0,pim,3,"QK:0,Softmax:0,SV:0",1.3353000000160264e-05,1.3352999999999999e-05,pim|decode|2|8d3c4a27f3148da54f43fbe5a8786c55,2,sample_step,0.0008545920000102569,0.0008545919999999999,-1.6026540988409166e-16,0.9999999999879978,-1.0256986232581866e-14,0.9999999999879978
attacc_prefill-1024xdecode_256_ops_trace.csv,decode,2,63,24,PIM1,pim,3,"QK:1,Softmax:1,SV:1",1.3353000000160264e-05,1.3352999999999999e-05,pim|decode|2|583a2f400a32ef30361deb25375d6d1d,2,sample_step,0.0008545920000102569,0.0008545919999999999,-1.6026540988409166e-16,0.9999999999879978,-1.0256986232581866e-14,0.9999999999879978
attacc_prefill-1024xdecode_256_ops_trace.csv,decode,2,63,25,GPU0,npu,20,"LN:-1,Q:0,K:0,V:0,Q:1,K:1,V:1,O:0,O:1,Add:-1,LN:-1,FFN_W1:0,FFN_W3:0,FFN_W1:1,FFN_W3:1,SwiGLU:0,SwiGLU:1,FFN_W2:0,FFN_W2:1,Add:-1",0.00047946962291778306,0.0005983232021331787,npu|decode|2|f47f2b13c8c0ddb8e4ddc9de5ce41aad,2,sample_step,0.030686055866738116,0.038292684936523436,0.00011885357921539563,1.2478855250351826,0.00760662906978532,1.2478855250351826
attacc_prefill-1024xdecode_256_ops_trace.csv,decode,2,63,25,PIM0,pim,3,"QK:0,Softmax:0,SV:0",1.3353000000160264e-05,1.3352999999999999e-05,pim|decode|2|8d3c4a27f3148da54f43fbe5a8786c55,2,sample_step,0.0008545920000102569,0.0008545919999999999,-1.6026540988409166e-16,0.9999999999879978,-1.0256986232581866e-14,0.9999999999879978
attacc_prefill-1024xdecode_256_ops_trace.csv,decode,2,63,25,PIM1,pim,3,"QK:1,Softmax:1,SV:1",1.3353000000160264e-05,1.3352999999999999e-05,pim|decode|2|583a2f400a32ef30361deb25375d6d1d,2,sample_step,0.0008545920000102569,0.0008545919999999999,-1.6026540988409166e-16,0.9999999999879978,-1.0256986232581866e-14,0.9999999999879978
attacc_prefill-1024xdecode_256_ops_trace.csv,decode,2,63,26,GPU0,npu,20,"LN:-1,Q:0,K:0,V:0,Q:1,K:1,V:1,O:0,O:1,Add:-1,LN:-1,FFN_W1:0,FFN_W3:0,FFN_W1:1,FFN_W3:1,SwiGLU:0,SwiGLU:1,FFN_W2:0,FFN_W2:1,Add:-1",0.00047946962291778306,0.0005983232021331787,npu|decode|2|f47f2b13c8c0ddb8e4ddc9de5ce41aad,2,sample_step,0.030686055866738116,0.038292684936523436,0.00011885357921539563,1.2478855250351826,0.00760662906978532,1.2478855250351826
attacc_prefill-1024xdecode_256_ops_trace.csv,decode,2,63,26,PIM0,pim,3,"QK:0,Softmax:0,SV:0",1.3353000000160264e-05,1.3352999999999999e-05,pim|decode|2|8d3c4a27f3148da54f43fbe5a8786c55,2,sample_step,0.0008545920000102569,0.0008545919999999999,-1.6026540988409166e-16,0.9999999999879978,-1.0256986232581866e-14,0.9999999999879978
attacc_prefill-1024xdecode_256_ops_trace.csv,decode,2,63,26,PIM1,pim,3,"QK:1,Softmax:1,SV:1",1.3353000000160264e-05,1.3352999999999999e-05,pim|decode|2|583a2f400a32ef30361deb25375d6d1d,2,sample_step,0.0008545920000102569,0.0008545919999999999,-1.6026540988409166e-16,0.9999999999879978,-1.0256986232581866e-14,0.9999999999879978
attacc_prefill-1024xdecode_256_ops_trace.csv,decode,2,63,27,GPU0,npu,20,"LN:-1,Q:0,K:0,V:0,Q:1,K:1,V:1,O:0,O:1,Add:-1,LN:-1,FFN_W1:0,FFN_W3:0,FFN_W1:1,FFN_W3:1,SwiGLU:0,SwiGLU:1,FFN_W2:0,FFN_W2:1,Add:-1",0.00047946962291778306,0.0005983232021331787,npu|decode|2|f47f2b13c8c0ddb8e4ddc9de5ce41aad,2,sample_step,0.030686055866738116,0.038292684936523436,0.00011885357921539563,1.2478855250351826,0.00760662906978532,1.2478855250351826
attacc_prefill-1024xdecode_256_ops_trace.csv,decode,2,63,27,PIM0,pim,3,"QK:0,Softmax:0,SV:0",1.3353000000160264e-05,1.3352999999999999e-05,pim|decode|2|8d3c4a27f3148da54f43fbe5a8786c55,2,sample_step,0.0008545920000102569,0.0008545919999999999,-1.6026540988409166e-16,0.9999999999879978,-1.0256986232581866e-14,0.9999999999879978
attacc_prefill-1024xdecode_256_ops_trace.csv,decode,2,63,27,PIM1,pim,3,"QK:1,Softmax:1,SV:1",1.3353000000160264e-05,1.3352999999999999e-05,pim|decode|2|583a2f400a32ef30361deb25375d6d1d,2,sample_step,0.0008545920000102569,0.0008545919999999999,-1.6026540988409166e-16,0.9999999999879978,-1.0256986232581866e-14,0.9999999999879978
attacc_prefill-1024xdecode_256_ops_trace.csv,decode,2,63,28,GPU0,npu,20,"LN:-1,Q:0,K:0,V:0,Q:1,K:1,V:1,O:0,O:1,Add:-1,LN:-1,FFN_W1:0,FFN_W3:0,FFN_W1:1,FFN_W3:1,SwiGLU:0,SwiGLU:1,FFN_W2:0,FFN_W2:1,Add:-1",0.00047946962291778306,0.0005983232021331787,npu|decode|2|f47f2b13c8c0ddb8e4ddc9de5ce41aad,2,sample_step,0.030686055866738116,0.038292684936523436,0.00011885357921539563,1.2478855250351826,0.00760662906978532,1.2478855250351826
attacc_prefill-1024xdecode_256_ops_trace.csv,decode,2,63,28,PIM0,pim,3,"QK:0,Softmax:0,SV:0",1.3353000000160264e-05,1.3352999999999999e-05,pim|decode|2|8d3c4a27f3148da54f43fbe5a8786c55,2,sample_step,0.0008545920000102569,0.0008545919999999999,-1.6026540988409166e-16,0.9999999999879978,-1.0256986232581866e-14,0.9999999999879978
attacc_prefill-1024xdecode_256_ops_trace.csv,decode,2,63,28,PIM1,pim,3,"QK:1,Softmax:1,SV:1",1.3353000000160264e-05,1.3352999999999999e-05,pim|decode|2|583a2f400a32ef30361deb25375d6d1d,2,sample_step,0.0008545920000102569,0.0008545919999999999,-1.6026540988409166e-16,0.9999999999879978,-1.0256986232581866e-14,0.9999999999879978
attacc_prefill-1024xdecode_256_ops_trace.csv,decode,2,63,29,GPU0,npu,20,"LN:-1,Q:0,K:0,V:0,Q:1,K:1,V:1,O:0,O:1,Add:-1,LN:-1,FFN_W1:0,FFN_W3:0,FFN_W1:1,FFN_W3:1,SwiGLU:0,SwiGLU:1,FFN_W2:0,FFN_W2:1,Add:-1",0.00047946962291778306,0.0005983232021331787,npu|decode|2|f47f2b13c8c0ddb8e4ddc9de5ce41aad,2,sample_step,0.030686055866738116,0.038292684936523436,0.00011885357921539563,1.2478855250351826,0.00760662906978532,1.2478855250351826
attacc_prefill-1024xdecode_256_ops_trace.csv,decode,2,63,29,PIM0,pim,3,"QK:0,Softmax:0,SV:0",1.3353000000160264e-05,1.3352999999999999e-05,pim|decode|2|8d3c4a27f3148da54f43fbe5a8786c55,2,sample_step,0.0008545920000102569,0.0008545919999999999,-1.6026540988409166e-16,0.9999999999879978,-1.0256986232581866e-14,0.9999999999879978
attacc_prefill-1024xdecode_256_ops_trace.csv,decode,2,63,29,PIM1,pim,3,"QK:1,Softmax:1,SV:1",1.3353000000160264e-05,1.3352999999999999e-05,pim|decode|2|583a2f400a32ef30361deb25375d6d1d,2,sample_step,0.0008545920000102569,0.0008545919999999999,-1.6026540988409166e-16,0.9999999999879978,-1.0256986232581866e-14,0.9999999999879978
attacc_prefill-1024xdecode_256_ops_trace.csv,decode,2,63,30,GPU0,npu,20,"LN:-1,Q:0,K:0,V:0,Q:1,K:1,V:1,O:0,O:1,Add:-1,LN:-1,FFN_W1:0,FFN_W3:0,FFN_W1:1,FFN_W3:1,SwiGLU:0,SwiGLU:1,FFN_W2:0,FFN_W2:1,Add:-1",0.00047946962291778306,0.0005983232021331787,npu|decode|2|f47f2b13c8c0ddb8e4ddc9de5ce41aad,2,sample_step,0.030686055866738116,0.038292684936523436,0.00011885357921539563,1.2478855250351826,0.00760662906978532,1.2478855250351826
attacc_prefill-1024xdecode_256_ops_trace.csv,decode,2,63,30,PIM0,pim,3,"QK:0,Softmax:0,SV:0",1.3353000000160264e-05,1.3352999999999999e-05,pim|decode|2|8d3c4a27f3148da54f43fbe5a8786c55,2,sample_step,0.0008545920000102569,0.0008545919999999999,-1.6026540988409166e-16,0.9999999999879978,-1.0256986232581866e-14,0.9999999999879978
attacc_prefill-1024xdecode_256_ops_trace.csv,decode,2,63,30,PIM1,pim,3,"QK:1,Softmax:1,SV:1",1.3353000000160264e-05,1.3352999999999999e-05,pim|decode|2|583a2f400a32ef30361deb25375d6d1d,2,sample_step,0.0008545920000102569,0.0008545919999999999,-1.6026540988409166e-16,0.9999999999879978,-1.0256986232581866e-14,0.9999999999879978
attacc_prefill-1024xdecode_256_ops_trace.csv,decode,2,63,31,GPU0,npu,20,"LN:-1,Q:0,K:0,V:0,Q:1,K:1,V:1,O:0,O:1,Add:-1,LN:-1,FFN_W1:0,FFN_W3:0,FFN_W1:1,FFN_W3:1,SwiGLU:0,SwiGLU:1,FFN_W2:0,FFN_W2:1,Add:-1",0.00047946962291778306,0.0005983232021331787,npu|decode|2|f47f2b13c8c0ddb8e4ddc9de5ce41aad,2,sample_step,0.030686055866738116,0.038292684936523436,0.00011885357921539563,1.2478855250351826,0.00760662906978532,1.2478855250351826
attacc_prefill-1024xdecode_256_ops_trace.csv,decode,2,63,31,PIM0,pim,3,"QK:0,Softmax:0,SV:0",1.3353000000160264e-05,1.3352999999999999e-05,pim|decode|2|8d3c4a27f3148da54f43fbe5a8786c55,2,sample_step,0.0008545920000102569,0.0008545919999999999,-1.6026540988409166e-16,0.9999999999879978,-1.0256986232581866e-14,0.9999999999879978
attacc_prefill-1024xdecode_256_ops_trace.csv,decode,2,63,31,PIM1,pim,3,"QK:1,Softmax:1,SV:1",1.3353000000160264e-05,1.3352999999999999e-05,pim|decode|2|583a2f400a32ef30361deb25375d6d1d,2,sample_step,0.0008545920000102569,0.0008545919999999999,-1.6026540988409166e-16,0.9999999999879978,-1.0256986232581866e-14,0.9999999999879978
attacc_prefill-1024xdecode_256_ops_trace.csv,decode,3,127,0,GPU0,npu,20,"LN:-1,Q:0,K:0,V:0,Q:1,K:1,V:1,O:0,O:1,Add:-1,LN:-1,FFN_W1:0,FFN_W3:0,FFN_W1:1,FFN_W3:1,SwiGLU:0,SwiGLU:1,FFN_W2:0,FFN_W2:1,Add:-1",0.0004794696229151185,0.0005979135990142822,npu|decode|3|f47f2b13c8c0ddb8e4ddc9de5ce41aad,3,sample_step,0.030686055866567585,0.03826647033691406,0.00011844397609916371,1.2470312412682965,0.007580414470346478,1.2470312412682965
attacc_prefill-1024xdecode_256_ops_trace.csv,decode,3,127,0,PIM0,pim,3,"QK:0,Softmax:0,SV:0",1.349000000017142e-05,1.3490000000000001e-05,pim|decode|3|8d3c4a27f3148da54f43fbe5a8786c55,3,sample_step,0.0008633600000109709,0.0008633600000000001,-1.7141913973353629e-16,0.9999999999872928,-1.0970824942946322e-14,0.9999999999872928
attacc_prefill-1024xdecode_256_ops_trace.csv,decode,3,127,0,PIM1,pim,3,"QK:1,Softmax:1,SV:1",1.349000000017142e-05,1.3490000000000001e-05,pim|decode|3|583a2f400a32ef30361deb25375d6d1d,3,sample_step,0.0008633600000109709,0.0008633600000000001,-1.7141913973353629e-16,0.9999999999872928,-1.0970824942946322e-14,0.9999999999872928
attacc_prefill-1024xdecode_256_ops_trace.csv,decode,3,127,1,GPU0,npu,20,"LN:-1,Q:0,K:0,V:0,Q:1,K:1,V:1,O:0,O:1,Add:-1,LN:-1,FFN_W1:0,FFN_W3:0,FFN_W1:1,FFN_W3:1,SwiGLU:0,SwiGLU:1,FFN_W2:0,FFN_W2:1,Add:-1",0.0004794696229151185,0.0005979135990142822,npu|decode|3|f47f2b13c8c0ddb8e4ddc9de5ce41aad,3,sample_step,0.030686055866567585,0.03826647033691406,0.00011844397609916371,1.2470312412682965,0.007580414470346478,1.2470312412682965
attacc_prefill-1024xdecode_256_ops_trace.csv,decode,3,127,1,PIM0,pim,3,"QK:0,Softmax:0,SV:0",1.349000000017142e-05,1.3490000000000001e-05,pim|decode|3|8d3c4a27f3148da54f43fbe5a8786c55,3,sample_step,0.0008633600000109709,0.0008633600000000001,-1.7141913973353629e-16,0.9999999999872928,-1.0970824942946322e-14,0.9999999999872928
attacc_prefill-1024xdecode_256_ops_trace.csv,decode,3,127,1,PIM1,pim,3,"QK:1,Softmax:1,SV:1",1.349000000017142e-05,1.3490000000000001e-05,pim|decode|3|583a2f400a32ef30361deb25375d6d1d,3,sample_step,0.0008633600000109709,0.0008633600000000001,-1.7141913973353629e-16,0.9999999999872928,-1.0970824942946322e-14,0.9999999999872928
attacc_prefill-1024xdecode_256_ops_trace.csv,decode,3,127,2,GPU0,npu,20,"LN:-1,Q:0,K:0,V:0,Q:1,K:1,V:1,O:0,O:1,Add:-1,LN:-1,FFN_W1:0,FFN_W3:0,FFN_W1:1,FFN_W3:1,SwiGLU:0,SwiGLU:1,FFN_W2:0,FFN_W2:1,Add:-1",0.0004794696229151185,0.0005979135990142822,npu|decode|3|f47f2b13c8c0ddb8e4ddc9de5ce41aad,3,sample_step,0.030686055866567585,0.03826647033691406,0.00011844397609916371,1.2470312412682965,0.007580414470346478,1.2470312412682965
attacc_prefill-1024xdecode_256_ops_trace.csv,decode,3,127,2,PIM0,pim,3,"QK:0,Softmax:0,SV:0",1.349000000017142e-05,1.3490000000000001e-05,pim|decode|3|8d3c4a27f3148da54f43fbe5a8786c55,3,sample_step,0.0008633600000109709,0.0008633600000000001,-1.7141913973353629e-16,0.9999999999872928,-1.0970824942946322e-14,0.9999999999872928
attacc_prefill-1024xdecode_256_ops_trace.csv,decode,3,127,2,PIM1,pim,3,"QK:1,Softmax:1,SV:1",1.349000000017142e-05,1.3490000000000001e-05,pim|decode|3|583a2f400a32ef30361deb25375d6d1d,3,sample_step,0.0008633600000109709,0.0008633600000000001,-1.7141913973353629e-16,0.9999999999872928,-1.0970824942946322e-14,0.9999999999872928
attacc_prefill-1024xdecode_256_ops_trace.csv,decode,3,127,3,GPU0,npu,20,"LN:-1,Q:0,K:0,V:0,Q:1,K:1,V:1,O:0,O:1,Add:-1,LN:-1,FFN_W1:0,FFN_W3:0,FFN_W1:1,FFN_W3:1,SwiGLU:0,SwiGLU:1,FFN_W2:0,FFN_W2:1,Add:-1",0.0004794696229151185,0.0005979135990142822,npu|decode|3|f47f2b13c8c0ddb8e4ddc9de5ce41aad,3,sample_step,0.030686055866567585,0.03826647033691406,0.00011844397609916371,1.2470312412682965,0.007580414470346478,1.2470312412682965
attacc_prefill-1024xdecode_256_ops_trace.csv,decode,3,127,3,PIM0,pim,3,"QK:0,Softmax:0,SV:0",1.349000000017142e-05,1.3490000000000001e-05,pim|decode|3|8d3c4a27f3148da54f43fbe5a8786c55,3,sample_step,0.0008633600000109709,0.0008633600000000001,-1.7141913973353629e-16,0.9999999999872928,-1.0970824942946322e-14,0.9999999999872928
attacc_prefill-1024xdecode_256_ops_trace.csv,decode,3,127,3,PIM1,pim,3,"QK:1,Softmax:1,SV:1",1.349000000017142e-05,1.3490000000000001e-05,pim|decode|3|583a2f400a32ef30361deb25375d6d1d,3,sample_step,0.0008633600000109709,0.0008633600000000001,-1.7141913973353629e-16,0.9999999999872928,-1.0970824942946322e-14,0.9999999999872928
attacc_prefill-1024xdecode_256_ops_trace.csv,decode,3,127,4,GPU0,npu,20,"LN:-1,Q:0,K:0,V:0,Q:1,K:1,V:1,O:0,O:1,Add:-1,LN:-1,FFN_W1:0,FFN_W3:0,FFN_W1:1,FFN_W3:1,SwiGLU:0,SwiGLU:1,FFN_W2:0,FFN_W2:1,Add:-1",0.0004794696229151185,0.0005979135990142822,npu|decode|3|f47f2b13c8c0ddb8e4ddc9de5ce41aad,3,sample_step,0.030686055866567585,0.03826647033691406,0.00011844397609916371,1.2470312412682965,0.007580414470346478,1.2470312412682965
attacc_prefill-1024xdecode_256_ops_trace.csv,decode,3,127,4,PIM0,pim,3,"QK:0,Softmax:0,SV:0",1.349000000017142e-05,1.3490000000000001e-05,pim|decode|3|8d3c4a27f3148da54f43fbe5a8786c55,3,sample_step,0.0008633600000109709,0.0008633600000000001,-1.7141913973353629e-16,0.9999999999872928,-1.0970824942946322e-14,0.9999999999872928
attacc_prefill-1024xdecode_256_ops_trace.csv,decode,3,127,4,PIM1,pim,3,"QK:1,Softmax:1,SV:1",1.349000000017142e-05,1.3490000000000001e-05,pim|decode|3|583a2f400a32ef30361deb25375d6d1d,3,sample_step,0.0008633600000109709,0.0008633600000000001,-1.7141913973353629e-16,0.9999999999872928,-1.0970824942946322e-14,0.9999999999872928
attacc_prefill-1024xdecode_256_ops_trace.csv,decode,3,127,5,GPU0,npu,20,"LN:-1,Q:0,K:0,V:0,Q:1,K:1,V:1,O:0,O:1,Add:-1,LN:-1,FFN_W1:0,FFN_W3:0,FFN_W1:1,FFN_W3:1,SwiGLU:0,SwiGLU:1,FFN_W2:0,FFN_W2:1,Add:-1",0.0004794696229151185,0.0005979135990142822,npu|decode|3|f47f2b13c8c0ddb8e4ddc9de5ce41aad,3,sample_step,0.030686055866567585,0.03826647033691406,0.00011844397609916371,1.2470312412682965,0.007580414470346478,1.2470312412682965
attacc_prefill-1024xdecode_256_ops_trace.csv,decode,3,127,5,PIM0,pim,3,"QK:0,Softmax:0,SV:0",1.349000000017142e-05,1.3490000000000001e-05,pim|decode|3|8d3c4a27f3148da54f43fbe5a8786c55,3,sample_step,0.0008633600000109709,0.0008633600000000001,-1.7141913973353629e-16,0.9999999999872928,-1.0970824942946322e-14,0.9999999999872928
attacc_prefill-1024xdecode_256_ops_trace.csv,decode,3,127,5,PIM1,pim,3,"QK:1,Softmax:1,SV:1",1.349000000017142e-05,1.3490000000000001e-05,pim|decode|3|583a2f400a32ef30361deb25375d6d1d,3,sample_step,0.0008633600000109709,0.0008633600000000001,-1.7141913973353629e-16,0.9999999999872928,-1.0970824942946322e-14,0.9999999999872928
attacc_prefill-1024xdecode_256_ops_trace.csv,decode,3,127,6,GPU0,npu,20,"LN:-1,Q:0,K:0,V:0,Q:1,K:1,V:1,O:0,O:1,Add:-1,LN:-1,FFN_W1:0,FFN_W3:0,FFN_W1:1,FFN_W3:1,SwiGLU:0,SwiGLU:1,FFN_W2:0,FFN_W2:1,Add:-1",0.0004794696229151185,0.0005979135990142822,npu|decode|3|f47f2b13c8c0ddb8e4ddc9de5ce41aad,3,sample_step,0.030686055866567585,0.03826647033691406,0.00011844397609916371,1.2470312412682965,0.007580414470346478,1.2470312412682965
attacc_prefill-1024xdecode_256_ops_trace.csv,decode,3,127,6,PIM0,pim,3,"QK:0,Softmax:0,SV:0",1.349000000017142e-05,1.3490000000000001e-05,pim|decode|3|8d3c4a27f3148da54f43fbe5a8786c55,3,sample_step,0.0008633600000109709,0.0008633600000000001,-1.7141913973353629e-16,0.9999999999872928,-1.0970824942946322e-14,0.9999999999872928
attacc_prefill-1024xdecode_256_ops_trace.csv,decode,3,127,6,PIM1,pim,3,"QK:1,Softmax:1,SV:1",1.349000000017142e-05,1.3490000000000001e-05,pim|decode|3|583a2f400a32ef30361deb25375d6d1d,3,sample_step,0.0008633600000109709,0.0008633600000000001,-1.7141913973353629e-16,0.9999999999872928,-1.0970824942946322e-14,0.9999999999872928
attacc_prefill-1024xdecode_256_ops_trace.csv,decode,3,127,7,GPU0,npu,20,"LN:-1,Q:0,K:0,V:0,Q:1,K:1,V:1,O:0,O:1,Add:-1,LN:-1,FFN_W1:0,FFN_W3:0,FFN_W1:1,FFN_W3:1,SwiGLU:0,SwiGLU:1,FFN_W2:0,FFN_W2:1,Add:-1",0.0004794696229151185,0.0005979135990142822,npu|decode|3|f47f2b13c8c0ddb8e4ddc9de5ce41aad,3,sample_step,0.030686055866567585,0.03826647033691406,0.00011844397609916371,1.2470312412682965,0.007580414470346478,1.2470312412682965
attacc_prefill-1024xdecode_256_ops_trace.csv,decode,3,127,7,PIM0,pim,3,"QK:0,Softmax:0,SV:0",1.349000000017142e-05,1.3490000000000001e-05,pim|decode|3|8d3c4a27f3148da54f43fbe5a8786c55,3,sample_step,0.0008633600000109709,0.0008633600000000001,-1.7141913973353629e-16,0.9999999999872928,-1.0970824942946322e-14,0.9999999999872928
attacc_prefill-1024xdecode_256_ops_trace.csv,decode,3,127,7,PIM1,pim,3,"QK:1,Softmax:1,SV:1",1.349000000017142e-05,1.3490000000000001e-05,pim|decode|3|583a2f400a32ef30361deb25375d6d1d,3,sample_step,0.0008633600000109709,0.0008633600000000001,-1.7141913973353629e-16,0.9999999999872928,-1.0970824942946322e-14,0.9999999999872928
attacc_prefill-1024xdecode_256_ops_trace.csv,decode,3,127,8,GPU0,npu,20,"LN:-1,Q:0,K:0,V:0,Q:1,K:1,V:1,O:0,O:1,Add:-1,LN:-1,FFN_W1:0,FFN_W3:0,FFN_W1:1,FFN_W3:1,SwiGLU:0,SwiGLU:1,FFN_W2:0,FFN_W2:1,Add:-1",0.0004794696229151185,0.0005979135990142822,npu|decode|3|f47f2b13c8c0ddb8e4ddc9de5ce41aad,3,sample_step,0.030686055866567585,0.03826647033691406,0.00011844397609916371,1.2470312412682965,0.007580414470346478,1.2470312412682965
attacc_prefill-1024xdecode_256_ops_trace.csv,decode,3,127,8,PIM0,pim,3,"QK:0,Softmax:0,SV:0",1.349000000017142e-05,1.3490000000000001e-05,pim|decode|3|8d3c4a27f3148da54f43fbe5a8786c55,3,sample_step,0.0008633600000109709,0.0008633600000000001,-1.7141913973353629e-16,0.9999999999872928,-1.0970824942946322e-14,0.9999999999872928
attacc_prefill-1024xdecode_256_ops_trace.csv,decode,3,127,8,PIM1,pim,3,"QK:1,Softmax:1,SV:1",1.349000000017142e-05,1.3490000000000001e-05,pim|decode|3|583a2f400a32ef30361deb25375d6d1d,3,sample_step,0.0008633600000109709,0.0008633600000000001,-1.7141913973353629e-16,0.9999999999872928,-1.0970824942946322e-14,0.9999999999872928
attacc_prefill-1024xdecode_256_ops_trace.csv,decode,3,127,9,GPU0,npu,20,"LN:-1,Q:0,K:0,V:0,Q:1,K:1,V:1,O:0,O:1,Add:-1,LN:-1,FFN_W1:0,FFN_W3:0,FFN_W1:1,FFN_W3:1,SwiGLU:0,SwiGLU:1,FFN_W2:0,FFN_W2:1,Add:-1",0.0004794696229151185,0.0005979135990142822,npu|decode|3|f47f2b13c8c0ddb8e4ddc9de5ce41aad,3,sample_step,0.030686055866567585,0.03826647033691406,0.00011844397609916371,1.2470312412682965,0.007580414470346478,1.2470312412682965
attacc_prefill-1024xdecode_256_ops_trace.csv,decode,3,127,9,PIM0,pim,3,"QK:0,Softmax:0,SV:0",1.349000000017142e-05,1.3490000000000001e-05,pim|decode|3|8d3c4a27f3148da54f43fbe5a8786c55,3,sample_step,0.0008633600000109709,0.0008633600000000001,-1.7141913973353629e-16,0.9999999999872928,-1.0970824942946322e-14,0.9999999999872928
attacc_prefill-1024xdecode_256_ops_trace.csv,decode,3,127,9,PIM1,pim,3,"QK:1,Softmax:1,SV:1",1.349000000017142e-05,1.3490000000000001e-05,pim|decode|3|583a2f400a32ef30361deb25375d6d1d,3,sample_step,0.0008633600000109709,0.0008633600000000001,-1.7141913973353629e-16,0.9999999999872928,-1.0970824942946322e-14,0.9999999999872928
attacc_prefill-1024xdecode_256_ops_trace.csv,decode,3,127,10,GPU0,npu,20,"LN:-1,Q:0,K:0,V:0,Q:1,K:1,V:1,O:0,O:1,Add:-1,LN:-1,FFN_W1:0,FFN_W3:0,FFN_W1:1,FFN_W3:1,SwiGLU:0,SwiGLU:1,FFN_W2:0,FFN_W2:1,Add:-1",0.0004794696229151185,0.0005979135990142822,npu|decode|3|f47f2b13c8c0ddb8e4ddc9de5ce41aad,3,sample_step,0.030686055866567585,0.03826647033691406,0.00011844397609916371,1.2470312412682965,0.007580414470346478,1.2470312412682965
attacc_prefill-1024xdecode_256_ops_trace.csv,decode,3,127,10,PIM0,pim,3,"QK:0,Softmax:0,SV:0",1.349000000017142e-05,1.3490000000000001e-05,pim|decode|3|8d3c4a27f3148da54f43fbe5a8786c55,3,sample_step,0.0008633600000109709,0.0008633600000000001,-1.7141913973353629e-16,0.9999999999872928,-1.0970824942946322e-14,0.9999999999872928
attacc_prefill-1024xdecode_256_ops_trace.csv,decode,3,127,10,PIM1,pim,3,"QK:1,Softmax:1,SV:1",1.349000000017142e-05,1.3490000000000001e-05,pim|decode|3|583a2f400a32ef30361deb25375d6d1d,3,sample_step,0.0008633600000109709,0.0008633600000000001,-1.7141913973353629e-16,0.9999999999872928,-1.0970824942946322e-14,0.9999999999872928
attacc_prefill-1024xdecode_256_ops_trace.csv,decode,3,127,11,GPU0,npu,20,"LN:-1,Q:0,K:0,V:0,Q:1,K:1,V:1,O:0,O:1,Add:-1,LN:-1,FFN_W1:0,FFN_W3:0,FFN_W1:1,FFN_W3:1,SwiGLU:0,SwiGLU:1,FFN_W2:0,FFN_W2:1,Add:-1",0.0004794696229151185,0.0005979135990142822,npu|decode|3|f47f2b13c8c0ddb8e4ddc9de5ce41aad,3,sample_step,0.030686055866567585,0.03826647033691406,0.00011844397609916371,1.2470312412682965,0.007580414470346478,1.2470312412682965
attacc_prefill-1024xdecode_256_ops_trace.csv,decode,3,127,11,PIM0,pim,3,"QK:0,Softmax:0,SV:0",1.349000000017142e-05,1.3490000000000001e-05,pim|decode|3|8d3c4a27f3148da54f43fbe5a8786c55,3,sample_step,0.0008633600000109709,0.0008633600000000001,-1.7141913973353629e-16,0.9999999999872928,-1.0970824942946322e-14,0.9999999999872928
attacc_prefill-1024xdecode_256_ops_trace.csv,decode,3,127,11,PIM1,pim,3,"QK:1,Softmax:1,SV:1",1.349000000017142e-05,1.3490000000000001e-05,pim|decode|3|583a2f400a32ef30361deb25375d6d1d,3,sample_step,0.0008633600000109709,0.0008633600000000001,-1.7141913973353629e-16,0.9999999999872928,-1.0970824942946322e-14,0.9999999999872928
attacc_prefill-1024xdecode_256_ops_trace.csv,decode,3,127,12,GPU0,npu,20,"LN:-1,Q:0,K:0,V:0,Q:1,K:1,V:1,O:0,O:1,Add:-1,LN:-1,FFN_W1:0,FFN_W3:0,FFN_W1:1,FFN_W3:1,SwiGLU:0,SwiGLU:1,FFN_W2:0,FFN_W2:1,Add:-1",0.0004794696229151185,0.0005979135990142822,npu|decode|3|f47f2b13c8c0ddb8e4ddc9de5ce41aad,3,sample_step,0.030686055866567585,0.03826647033691406,0.00011844397609916371,1.2470312412682965,0.007580414470346478,1.2470312412682965
attacc_prefill-1024xdecode_256_ops_trace.csv,decode,3,127,12,PIM0,pim,3,"QK:0,Softmax:0,SV:0",1.349000000017142e-05,1.3490000000000001e-05,pim|decode|3|8d3c4a27f3148da54f43fbe5a8786c55,3,sample_step,0.0008633600000109709,0.0008633600000000001,-1.7141913973353629e-16,0.9999999999872928,-1.0970824942946322e-14,0.9999999999872928
attacc_prefill-1024xdecode_256_ops_trace.csv,decode,3,127,12,PIM1,pim,3,"QK:1,Softmax:1,SV:1",1.349000000017142e-05,1.3490000000000001e-05,pim|decode|3|583a2f400a32ef30361deb25375d6d1d,3,sample_step,0.0008633600000109709,0.0008633600000000001,-1.7141913973353629e-16,0.9999999999872928,-1.0970824942946322e-14,0.9999999999872928
attacc_prefill-1024xdecode_256_ops_trace.csv,decode,3,127,13,GPU0,npu,20,"LN:-1,Q:0,K:0,V:0,Q:1,K:1,V:1,O:0,O:1,Add:-1,LN:-1,FFN_W1:0,FFN_W3:0,FFN_W1:1,FFN_W3:1,SwiGLU:0,SwiGLU:1,FFN_W2:0,FFN_W2:1,Add:-1",0.0004794696229151185,0.0005979135990142822,npu|decode|3|f47f2b13c8c0ddb8e4ddc9de5ce41aad,3,sample_step,0.030686055866567585,0.03826647033691406,0.00011844397609916371,1.2470312412682965,0.007580414470346478,1.2470312412682965
attacc_prefill-1024xdecode_256_ops_trace.csv,decode,3,127,13,PIM0,pim,3,"QK:0,Softmax:0,SV:0",1.349000000017142e-05,1.3490000000000001e-05,pim|decode|3|8d3c4a27f3148da54f43fbe5a8786c55,3,sample_step,0.0008633600000109709,0.0008633600000000001,-1.7141913973353629e-16,0.9999999999872928,-1.0970824942946322e-14,0.9999999999872928
attacc_prefill-1024xdecode_256_ops_trace.csv,decode,3,127,13,PIM1,pim,3,"QK:1,Softmax:1,SV:1",1.349000000017142e-05,1.3490000000000001e-05,pim|decode|3|583a2f400a32ef30361deb25375d6d1d,3,sample_step,0.0008633600000109709,0.0008633600000000001,-1.7141913973353629e-16,0.9999999999872928,-1.0970824942946322e-14,0.9999999999872928
attacc_prefill-1024xdecode_256_ops_trace.csv,decode,3,127,14,GPU0,npu,20,"LN:-1,Q:0,K:0,V:0,Q:1,K:1,V:1,O:0,O:1,Add:-1,LN:-1,FFN_W1:0,FFN_W3:0,FFN_W1:1,FFN_W3:1,SwiGLU:0,SwiGLU:1,FFN_W2:0,FFN_W2:1,Add:-1",0.0004794696229151185,0.0005979135990142822,npu|decode|3|f47f2b13c8c0ddb8e4ddc9de5ce41aad,3,sample_step,0.030686055866567585,0.03826647033691406,0.00011844397609916371,1.2470312412682965,0.007580414470346478,1.2470312412682965
attacc_prefill-1024xdecode_256_ops_trace.csv,decode,3,127,14,PIM0,pim,3,"QK:0,Softmax:0,SV:0",1.349000000017142e-05,1.3490000000000001e-05,pim|decode|3|8d3c4a27f3148da54f43fbe5a8786c55,3,sample_step,0.0008633600000109709,0.0008633600000000001,-1.7141913973353629e-16,0.9999999999872928,-1.0970824942946322e-14,0.9999999999872928
attacc_prefill-1024xdecode_256_ops_trace.csv,decode,3,127,14,PIM1,pim,3,"QK:1,Softmax:1,SV:1",1.349000000017142e-05,1.3490000000000001e-05,pim|decode|3|583a2f400a32ef30361deb25375d6d1d,3,sample_step,0.0008633600000109709,0.0008633600000000001,-1.7141913973353629e-16,0.9999999999872928,-1.0970824942946322e-14,0.9999999999872928
attacc_prefill-1024xdecode_256_ops_trace.csv,decode,3,127,15,GPU0,npu,20,"LN:-1,Q:0,K:0,V:0,Q:1,K:1,V:1,O:0,O:1,Add:-1,LN:-1,FFN_W1:0,FFN_W3:0,FFN_W1:1,FFN_W3:1,SwiGLU:0,SwiGLU:1,FFN_W2:0,FFN_W2:1,Add:-1",0.0004794696229151185,0.0005979135990142822,npu|decode|3|f47f2b13c8c0ddb8e4ddc9de5ce41aad,3,sample_step,0.030686055866567585,0.03826647033691406,0.00011844397609916371,1.2470312412682965,0.007580414470346478,1.2470312412682965
attacc_prefill-1024xdecode_256_ops_trace.csv,decode,3,127,15,PIM0,pim,3,"QK:0,Softmax:0,SV:0",1.349000000017142e-05,1.3490000000000001e-05,pim|decode|3|8d3c4a27f3148da54f43fbe5a8786c55,3,sample_step,0.0008633600000109709,0.0008633600000000001,-1.7141913973353629e-16,0.9999999999872928,-1.0970824942946322e-14,0.9999999999872928
attacc_prefill-1024xdecode_256_ops_trace.csv,decode,3,127,15,PIM1,pim,3,"QK:1,Softmax:1,SV:1",1.349000000017142e-05,1.3490000000000001e-05,pim|decode|3|583a2f400a32ef30361deb25375d6d1d,3,sample_step,0.0008633600000109709,0.0008633600000000001,-1.7141913973353629e-16,0.9999999999872928,-1.0970824942946322e-14,0.9999999999872928
attacc_prefill-1024xdecode_256_ops_trace.csv,decode,3,127,16,GPU0,npu,20,"LN:-1,Q:0,K:0,V:0,Q:1,K:1,V:1,O:0,O:1,Add:-1,LN:-1,FFN_W1:0,FFN_W3:0,FFN_W1:1,FFN_W3:1,SwiGLU:0,SwiGLU:1,FFN_W2:0,FFN_W2:1,Add:-1",0.0004794696229151185,0.0005979135990142822,npu|decode|3|f47f2b13c8c0ddb8e4ddc9de5ce41aad,3,sample_step,0.030686055866567585,0.03826647033691406,0.00011844397609916371,1.2470312412682965,0.007580414470346478,1.2470312412682965
attacc_prefill-1024xdecode_256_ops_trace.csv,decode,3,127,16,PIM0,pim,3,"QK:0,Softmax:0,SV:0",1.349000000017142e-05,1.3490000000000001e-05,pim|decode|3|8d3c4a27f3148da54f43fbe5a8786c55,3,sample_step,0.0008633600000109709,0.0008633600000000001,-1.7141913973353629e-16,0.9999999999872928,-1.0970824942946322e-14,0.9999999999872928
attacc_prefill-1024xdecode_256_ops_trace.csv,decode,3,127,16,PIM1,pim,3,"QK:1,Softmax:1,SV:1",1.349000000017142e-05,1.3490000000000001e-05,pim|decode|3|583a2f400a32ef30361deb25375d6d1d,3,sample_step,0.0008633600000109709,0.0008633600000000001,-1.7141913973353629e-16,0.9999999999872928,-1.0970824942946322e-14,0.9999999999872928
attacc_prefill-1024xdecode_256_ops_trace.csv,decode,3,127,17,GPU0,npu,20,"LN:-1,Q:0,K:0,V:0,Q:1,K:1,V:1,O:0,O:1,Add:-1,LN:-1,FFN_W1:0,FFN_W3:0,FFN_W1:1,FFN_W3:1,SwiGLU:0,SwiGLU:1,FFN_W2:0,FFN_W2:1,Add:-1",0.0004794696229151185,0.0005979135990142822,npu|decode|3|f47f2b13c8c0ddb8e4ddc9de5ce41aad,3,sample_step,0.030686055866567585,0.03826647033691406,0.00011844397609916371,1.2470312412682965,0.007580414470346478,1.2470312412682965
attacc_prefill-1024xdecode_256_ops_trace.csv,decode,3,127,17,PIM0,pim,3,"QK:0,Softmax:0,SV:0",1.349000000017142e-05,1.3490000000000001e-05,pim|decode|3|8d3c4a27f3148da54f43fbe5a8786c55,3,sample_step,0.0008633600000109709,0.0008633600000000001,-1.7141913973353629e-16,0.9999999999872928,-1.0970824942946322e-14,0.9999999999872928
attacc_prefill-1024xdecode_256_ops_trace.csv,decode,3,127,17,PIM1,pim,3,"QK:1,Softmax:1,SV:1",1.349000000017142e-05,1.3490000000000001e-05,pim|decode|3|583a2f400a32ef30361deb25375d6d1d,3,sample_step,0.0008633600000109709,0.0008633600000000001,-1.7141913973353629e-16,0.9999999999872928,-1.0970824942946322e-14,0.9999999999872928
attacc_prefill-1024xdecode_256_ops_trace.csv,decode,3,127,18,GPU0,npu,20,"LN:-1,Q:0,K:0,V:0,Q:1,K:1,V:1,O:0,O:1,Add:-1,LN:-1,FFN_W1:0,FFN_W3:0,FFN_W1:1,FFN_W3:1,SwiGLU:0,SwiGLU:1,FFN_W2:0,FFN_W2:1,Add:-1",0.0004794696229151185,0.0005979135990142822,npu|decode|3|f47f2b13c8c0ddb8e4ddc9de5ce41aad,3,sample_step,0.030686055866567585,0.03826647033691406,0.00011844397609916371,1.2470312412682965,0.007580414470346478,1.2470312412682965
attacc_prefill-1024xdecode_256_ops_trace.csv,decode,3,127,18,PIM0,pim,3,"QK:0,Softmax:0,SV:0",1.349000000017142e-05,1.3490000000000001e-05,pim|decode|3|8d3c4a27f3148da54f43fbe5a8786c55,3,sample_step,0.0008633600000109709,0.0008633600000000001,-1.7141913973353629e-16,0.9999999999872928,-1.0970824942946322e-14,0.9999999999872928
attacc_prefill-1024xdecode_256_ops_trace.csv,decode,3,127,18,PIM1,pim,3,"QK:1,Softmax:1,SV:1",1.349000000017142e-05,1.3490000000000001e-05,pim|decode|3|583a2f400a32ef30361deb25375d6d1d,3,sample_step,0.0008633600000109709,0.0008633600000000001,-1.7141913973353629e-16,0.9999999999872928,-1.0970824942946322e-14,0.9999999999872928
attacc_prefill-1024xdecode_256_ops_trace.csv,decode,3,127,19,GPU0,npu,20,"LN:-1,Q:0,K:0,V:0,Q:1,K:1,V:1,O:0,O:1,Add:-1,LN:-1,FFN_W1:0,FFN_W3:0,FFN_W1:1,FFN_W3:1,SwiGLU:0,SwiGLU:1,FFN_W2:0,FFN_W2:1,Add:-1",0.0004794696229151185,0.0005979135990142822,npu|decode|3|f47f2b13c8c0ddb8e4ddc9de5ce41aad,3,sample_step,0.030686055866567585,0.03826647033691406,0.00011844397609916371,1.2470312412682965,0.007580414470346478,1.2470312412682965
attacc_prefill-1024xdecode_256_ops_trace.csv,decode,3,127,19,PIM0,pim,3,"QK:0,Softmax:0,SV:0",1.349000000017142e-05,1.3490000000000001e-05,pim|decode|3|8d3c4a27f3148da54f43fbe5a8786c55,3,sample_step,0.0008633600000109709,0.0008633600000000001,-1.7141913973353629e-16,0.9999999999872928,-1.0970824942946322e-14,0.9999999999872928
attacc_prefill-1024xdecode_256_ops_trace.csv,decode,3,127,19,PIM1,pim,3,"QK:1,Softmax:1,SV:1",1.349000000017142e-05,1.3490000000000001e-05,pim|decode|3|583a2f400a32ef30361deb25375d6d1d,3,sample_step,0.0008633600000109709,0.0008633600000000001,-1.7141913973353629e-16,0.9999999999872928,-1.0970824942946322e-14,0.9999999999872928
attacc_prefill-1024xdecode_256_ops_trace.csv,decode,3,127,20,GPU0,npu,20,"LN:-1,Q:0,K:0,V:0,Q:1,K:1,V:1,O:0,O:1,Add:-1,LN:-1,FFN_W1:0,FFN_W3:0,FFN_W1:1,FFN_W3:1,SwiGLU:0,SwiGLU:1,FFN_W2:0,FFN_W2:1,Add:-1",0.0004794696229151185,0.0005979135990142822,npu|decode|3|f47f2b13c8c0ddb8e4ddc9de5ce41aad,3,sample_step,0.030686055866567585,0.03826647033691406,0.00011844397609916371,1.2470312412682965,0.007580414470346478,1.2470312412682965
attacc_prefill-1024xdecode_256_ops_trace.csv,decode,3,127,20,PIM0,pim,3,"QK:0,Softmax:0,SV:0",1.349000000017142e-05,1.3490000000000001e-05,pim|decode|3|8d3c4a27f3148da54f43fbe5a8786c55,3,sample_step,0.0008633600000109709,0.0008633600000000001,-1.7141913973353629e-16,0.9999999999872928,-1.0970824942946322e-14,0.9999999999872928
attacc_prefill-1024xdecode_256_ops_trace.csv,decode,3,127,20,PIM1,pim,3,"QK:1,Softmax:1,SV:1",1.349000000017142e-05,1.3490000000000001e-05,pim|decode|3|583a2f400a32ef30361deb25375d6d1d,3,sample_step,0.0008633600000109709,0.0008633600000000001,-1.7141913973353629e-16,0.9999999999872928,-1.0970824942946322e-14,0.9999999999872928
attacc_prefill-1024xdecode_256_ops_trace.csv,decode,3,127,21,GPU0,npu,20,"LN:-1,Q:0,K:0,V:0,Q:1,K:1,V:1,O:0,O:1,Add:-1,LN:-1,FFN_W1:0,FFN_W3:0,FFN_W1:1,FFN_W3:1,SwiGLU:0,SwiGLU:1,FFN_W2:0,FFN_W2:1,Add:-1",0.0004794696229151185,0.0005979135990142822,npu|decode|3|f47f2b13c8c0ddb8e4ddc9de5ce41aad,3,sample_step,0.030686055866567585,0.03826647033691406,0.00011844397609916371,1.2470312412682965,0.007580414470346478,1.2470312412682965
attacc_prefill-1024xdecode_256_ops_trace.csv,decode,3,127,21,PIM0,pim,3,"QK:0,Softmax:0,SV:0",1.349000000017142e-05,1.3490000000000001e-05,pim|decode|3|8d3c4a27f3148da54f43fbe5a8786c55,3,sample_step,0.0008633600000109709,0.0008633600000000001,-1.7141913973353629e-16,0.9999999999872928,-1.0970824942946322e-14,0.9999999999872928
attacc_prefill-1024xdecode_256_ops_trace.csv,decode,3,127,21,PIM1,pim,3,"QK:1,Softmax:1,SV:1",1.349000000017142e-05,1.3490000000000001e-05,pim|decode|3|583a2f400a32ef30361deb25375d6d1d,3,sample_step,0.0008633600000109709,0.0008633600000000001,-1.7141913973353629e-16,0.9999999999872928,-1.0970824942946322e-14,0.9999999999872928
attacc_prefill-1024xdecode_256_ops_trace.csv,decode,3,127,22,GPU0,npu,20,"LN:-1,Q:0,K:0,V:0,Q:1,K:1,V:1,O:0,O:1,Add:-1,LN:-1,FFN_W1:0,FFN_W3:0,FFN_W1:1,FFN_W3:1,SwiGLU:0,SwiGLU:1,FFN_W2:0,FFN_W2:1,Add:-1",0.0004794696229151185,0.0005979135990142822,npu|decode|3|f47f2b13c8c0ddb8e4ddc9de5ce41aad,3,sample_step,0.030686055866567585,0.03826647033691406,0.00011844397609916371,1.2470312412682965,0.007580414470346478,1.2470312412682965
attacc_prefill-1024xdecode_256_ops_trace.csv,decode,3,127,22,PIM0,pim,3,"QK:0,Softmax:0,SV:0",1.349000000017142e-05,1.3490000000000001e-05,pim|decode|3|8d3c4a27f3148da54f43fbe5a8786c55,3,sample_step,0.0008633600000109709,0.0008633600000000001,-1.7141913973353629e-16,0.9999999999872928,-1.0970824942946322e-14,0.9999999999872928
attacc_prefill-1024xdecode_256_ops_trace.csv,decode,3,127,22,PIM1,pim,3,"QK:1,Softmax:1,SV:1",1.349000000017142e-05,1.3490000000000001e-05,pim|decode|3|583a2f400a32ef30361deb25375d6d1d,3,sample_step,0.0008633600000109709,0.0008633600000000001,-1.7141913973353629e-16,0.9999999999872928,-1.0970824942946322e-14,0.9999999999872928
attacc_prefill-1024xdecode_256_ops_trace.csv,decode,3,127,23,GPU0,npu,20,"LN:-1,Q:0,K:0,V:0,Q:1,K:1,V:1,O:0,O:1,Add:-1,LN:-1,FFN_W1:0,FFN_W3:0,FFN_W1:1,FFN_W3:1,SwiGLU:0,SwiGLU:1,FFN_W2:0,FFN_W2:1,Add:-1",0.0004794696229151185,0.0005979135990142822,npu|decode|3|f47f2b13c8c0ddb8e4ddc9de5ce41aad,3,sample_step,0.030686055866567585,0.03826647033691406,0.00011844397609916371,1.2470312412682965,0.007580414470346478,1.2470312412682965
attacc_prefill-1024xdecode_256_ops_trace.csv,decode,3,127,23,PIM0,pim,3,"QK:0,Softmax:0,SV:0",1.349000000017142e-05,1.3490000000000001e-05,pim|decode|3|8d3c4a27f3148da54f43fbe5a8786c55,3,sample_step,0.0008633600000109709,0.0008633600000000001,-1.7141913973353629e-16,0.9999999999872928,-1.0970824942946322e-14,0.9999999999872928
attacc_prefill-1024xdecode_256_ops_trace.csv,decode,3,127,23,PIM1,pim,3,"QK:1,Softmax:1,SV:1",1.349000000017142e-05,1.3490000000000001e-05,pim|decode|3|583a2f400a32ef30361deb25375d6d1d,3,sample_step,0.0008633600000109709,0.0008633600000000001,-1.7141913973353629e-16,0.9999999999872928,-1.0970824942946322e-14,0.9999999999872928
attacc_prefill-1024xdecode_256_ops_trace.csv,decode,3,127,24,GPU0,npu,20,"LN:-1,Q:0,K:0,V:0,Q:1,K:1,V:1,O:0,O:1,Add:-1,LN:-1,FFN_W1:0,FFN_W3:0,FFN_W1:1,FFN_W3:1,SwiGLU:0,SwiGLU:1,FFN_W2:0,FFN_W2:1,Add:-1",0.0004794696229151185,0.0005979135990142822,npu|decode|3|f47f2b13c8c0ddb8e4ddc9de5ce41aad,3,sample_step,0.030686055866567585,0.03826647033691406,0.00011844397609916371,1.2470312412682965,0.007580414470346478,1.2470312412682965
attacc_prefill-1024xdecode_256_ops_trace.csv,decode,3,127,24,PIM0,pim,3,"QK:0,Softmax:0,SV:0",1.349000000017142e-05,1.3490000000000001e-05,pim|decode|3|8d3c4a27f3148da54f43fbe5a8786c55,3,sample_step,0.0008633600000109709,0.0008633600000000001,-1.7141913973353629e-16,0.9999999999872928,-1.0970824942946322e-14,0.9999999999872928
attacc_prefill-1024xdecode_256_ops_trace.csv,decode,3,127,24,PIM1,pim,3,"QK:1,Softmax:1,SV:1",1.349000000017142e-05,1.3490000000000001e-05,pim|decode|3|583a2f400a32ef30361deb25375d6d1d,3,sample_step,0.0008633600000109709,0.0008633600000000001,-1.7141913973353629e-16,0.9999999999872928,-1.0970824942946322e-14,0.9999999999872928
attacc_prefill-1024xdecode_256_ops_trace.csv,decode,3,127,25,GPU0,npu,20,"LN:-1,Q:0,K:0,V:0,Q:1,K:1,V:1,O:0,O:1,Add:-1,LN:-1,FFN_W1:0,FFN_W3:0,FFN_W1:1,FFN_W3:1,SwiGLU:0,SwiGLU:1,FFN_W2:0,FFN_W2:1,Add:-1",0.0004794696229151185,0.0005979135990142822,npu|decode|3|f47f2b13c8c0ddb8e4ddc9de5ce41aad,3,sample_step,0.030686055866567585,0.03826647033691406,0.00011844397609916371,1.2470312412682965,0.007580414470346478,1.2470312412682965
attacc_prefill-1024xdecode_256_ops_trace.csv,decode,3,127,25,PIM0,pim,3,"QK:0,Softmax:0,SV:0",1.349000000017142e-05,1.3490000000000001e-05,pim|decode|3|8d3c4a27f3148da54f43fbe5a8786c55,3,sample_step,0.0008633600000109709,0.0008633600000000001,-1.7141913973353629e-16,0.9999999999872928,-1.0970824942946322e-14,0.9999999999872928
attacc_prefill-1024xdecode_256_ops_trace.csv,decode,3,127,25,PIM1,pim,3,"QK:1,Softmax:1,SV:1",1.349000000017142e-05,1.3490000000000001e-05,pim|decode|3|583a2f400a32ef30361deb25375d6d1d,3,sample_step,0.0008633600000109709,0.0008633600000000001,-1.7141913973353629e-16,0.9999999999872928,-1.0970824942946322e-14,0.9999999999872928
attacc_prefill-1024xdecode_256_ops_trace.csv,decode,3,127,26,GPU0,npu,20,"LN:-1,Q:0,K:0,V:0,Q:1,K:1,V:1,O:0,O:1,Add:-1,LN:-1,FFN_W1:0,FFN_W3:0,FFN_W1:1,FFN_W3:1,SwiGLU:0,SwiGLU:1,FFN_W2:0,FFN_W2:1,Add:-1",0.0004794696229151185,0.0005979135990142822,npu|decode|3|f47f2b13c8c0ddb8e4ddc9de5ce41aad,3,sample_step,0.030686055866567585,0.03826647033691406,0.00011844397609916371,1.2470312412682965,0.007580414470346478,1.2470312412682965
attacc_prefill-1024xdecode_256_ops_trace.csv,decode,3,127,26,PIM0,pim,3,"QK:0,Softmax:0,SV:0",1.349000000017142e-05,1.3490000000000001e-05,pim|decode|3|8d3c4a27f3148da54f43fbe5a8786c55,3,sample_step,0.0008633600000109709,0.0008633600000000001,-1.7141913973353629e-16,0.9999999999872928,-1.0970824942946322e-14,0.9999999999872928
attacc_prefill-1024xdecode_256_ops_trace.csv,decode,3,127,26,PIM1,pim,3,"QK:1,Softmax:1,SV:1",1.349000000017142e-05,1.3490000000000001e-05,pim|decode|3|583a2f400a32ef30361deb25375d6d1d,3,sample_step,0.0008633600000109709,0.0008633600000000001,-1.7141913973353629e-16,0.9999999999872928,-1.0970824942946322e-14,0.9999999999872928
attacc_prefill-1024xdecode_256_ops_trace.csv,decode,3,127,27,GPU0,npu,20,"LN:-1,Q:0,K:0,V:0,Q:1,K:1,V:1,O:0,O:1,Add:-1,LN:-1,FFN_W1:0,FFN_W3:0,FFN_W1:1,FFN_W3:1,SwiGLU:0,SwiGLU:1,FFN_W2:0,FFN_W2:1,Add:-1",0.0004794696229151185,0.0005979135990142822,npu|decode|3|f47f2b13c8c0ddb8e4ddc9de5ce41aad,3,sample_step,0.030686055866567585,0.03826647033691406,0.00011844397609916371,1.2470312412682965,0.007580414470346478,1.2470312412682965
attacc_prefill-1024xdecode_256_ops_trace.csv,decode,3,127,27,PIM0,pim,3,"QK:0,Softmax:0,SV:0",1.349000000017142e-05,1.3490000000000001e-05,pim|decode|3|8d3c4a27f3148da54f43fbe5a8786c55,3,sample_step,0.0008633600000109709,0.0008633600000000001,-1.7141913973353629e-16,0.9999999999872928,-1.0970824942946322e-14,0.9999999999872928
attacc_prefill-1024xdecode_256_ops_trace.csv,decode,3,127,27,PIM1,pim,3,"QK:1,Softmax:1,SV:1",1.349000000017142e-05,1.3490000000000001e-05,pim|decode|3|583a2f400a32ef30361deb25375d6d1d,3,sample_step,0.0008633600000109709,0.0008633600000000001,-1.7141913973353629e-16,0.9999999999872928,-1.0970824942946322e-14,0.9999999999872928
attacc_prefill-1024xdecode_256_ops_trace.csv,decode,3,127,28,GPU0,npu,20,"LN:-1,Q:0,K:0,V:0,Q:1,K:1,V:1,O:0,O:1,Add:-1,LN:-1,FFN_W1:0,FFN_W3:0,FFN_W1:1,FFN_W3:1,SwiGLU:0,SwiGLU:1,FFN_W2:0,FFN_W2:1,Add:-1",0.0004794696229151185,0.0005979135990142822,npu|decode|3|f47f2b13c8c0ddb8e4ddc9de5ce41aad,3,sample_step,0.030686055866567585,0.03826647033691406,0.00011844397609916371,1.2470312412682965,0.007580414470346478,1.2470312412682965
attacc_prefill-1024xdecode_256_ops_trace.csv,decode,3,127,28,PIM0,pim,3,"QK:0,Softmax:0,SV:0",1.349000000017142e-05,1.3490000000000001e-05,pim|decode|3|8d3c4a27f3148da54f43fbe5a8786c55,3,sample_step,0.0008633600000109709,0.0008633600000000001,-1.7141913973353629e-16,0.9999999999872928,-1.0970824942946322e-14,0.9999999999872928
attacc_prefill-1024xdecode_256_ops_trace.csv,decode,3,127,28,PIM1,pim,3,"QK:1,Softmax:1,SV:1",1.349000000017142e-05,1.3490000000000001e-05,pim|decode|3|583a2f400a32ef30361deb25375d6d1d,3,sample_step,0.0008633600000109709,0.0008633600000000001,-1.7141913973353629e-16,0.9999999999872928,-1.0970824942946322e-14,0.9999999999872928
attacc_prefill-1024xdecode_256_ops_trace.csv,decode,3,127,29,GPU0,npu,20,"LN:-1,Q:0,K:0,V:0,Q:1,K:1,V:1,O:0,O:1,Add:-1,LN:-1,FFN_W1:0,FFN_W3:0,FFN_W1:1,FFN_W3:1,SwiGLU:0,SwiGLU:1,FFN_W2:0,FFN_W2:1,Add:-1",0.0004794696229151185,0.0005979135990142822,npu|decode|3|f47f2b13c8c0ddb8e4ddc9de5ce41aad,3,sample_step,0.030686055866567585,0.03826647033691406,0.00011844397609916371,1.2470312412682965,0.007580414470346478,1.2470312412682965
attacc_prefill-1024xdecode_256_ops_trace.csv,decode,3,127,29,PIM0,pim,3,"QK:0,Softmax:0,SV:0",1.349000000017142e-05,1.3490000000000001e-05,pim|decode|3|8d3c4a27f3148da54f43fbe5a8786c55,3,sample_step,0.0008633600000109709,0.0008633600000000001,-1.7141913973353629e-16,0.9999999999872928,-1.0970824942946322e-14,0.9999999999872928
attacc_prefill-1024xdecode_256_ops_trace.csv,decode,3,127,29,PIM1,pim,3,"QK:1,Softmax:1,SV:1",1.349000000017142e-05,1.3490000000000001e-05,pim|decode|3|583a2f400a32ef30361deb25375d6d1d,3,sample_step,0.0008633600000109709,0.0008633600000000001,-1.7141913973353629e-16,0.9999999999872928,-1.0970824942946322e-14,0.9999999999872928
attacc_prefill-1024xdecode_256_ops_trace.csv,decode,3,127,30,GPU0,npu,20,"LN:-1,Q:0,K:0,V:0,Q:1,K:1,V:1,O:0,O:1,Add:-1,LN:-1,FFN_W1:0,FFN_W3:0,FFN_W1:1,FFN_W3:1,SwiGLU:0,SwiGLU:1,FFN_W2:0,FFN_W2:1,Add:-1",0.0004794696229151185,0.0005979135990142822,npu|decode|3|f47f2b13c8c0ddb8e4ddc9de5ce41aad,3,sample_step,0.030686055866567585,0.03826647033691406,0.00011844397609916371,1.2470312412682965,0.007580414470346478,1.2470312412682965
attacc_prefill-1024xdecode_256_ops_trace.csv,decode,3,127,30,PIM0,pim,3,"QK:0,Softmax:0,SV:0",1.349000000017142e-05,1.3490000000000001e-05,pim|decode|3|8d3c4a27f3148da54f43fbe5a8786c55,3,sample_step,0.0008633600000109709,0.0008633600000000001,-1.7141913973353629e-16,0.9999999999872928,-1.0970824942946322e-14,0.9999999999872928
attacc_prefill-1024xdecode_256_ops_trace.csv,decode,3,127,30,PIM1,pim,3,"QK:1,Softmax:1,SV:1",1.349000000017142e-05,1.3490000000000001e-05,pim|decode|3|583a2f400a32ef30361deb25375d6d1d,3,sample_step,0.0008633600000109709,0.0008633600000000001,-1.7141913973353629e-16,0.9999999999872928,-1.0970824942946322e-14,0.9999999999872928
attacc_prefill-1024xdecode_256_ops_trace.csv,decode,3,127,31,GPU0,npu,20,"LN:-1,Q:0,K:0,V:0,Q:1,K:1,V:1,O:0,O:1,Add:-1,LN:-1,FFN_W1:0,FFN_W3:0,FFN_W1:1,FFN_W3:1,SwiGLU:0,SwiGLU:1,FFN_W2:0,FFN_W2:1,Add:-1",0.0004794696229151185,0.0005979135990142822,npu|decode|3|f47f2b13c8c0ddb8e4ddc9de5ce41aad,3,sample_step,0.030686055866567585,0.03826647033691406,0.00011844397609916371,1.2470312412682965,0.007580414470346478,1.2470312412682965
attacc_prefill-1024xdecode_256_ops_trace.csv,decode,3,127,31,PIM0,pim,3,"QK:0,Softmax:0,SV:0",1.349000000017142e-05,1.3490000000000001e-05,pim|decode|3|8d3c4a27f3148da54f43fbe5a8786c55,3,sample_step,0.0008633600000109709,0.0008633600000000001,-1.7141913973353629e-16,0.9999999999872928,-1.0970824942946322e-14,0.9999999999872928
attacc_prefill-1024xdecode_256_ops_trace.csv,decode,3,127,31,PIM1,pim,3,"QK:1,Softmax:1,SV:1",1.349000000017142e-05,1.3490000000000001e-05,pim|decode|3|583a2f400a32ef30361deb25375d6d1d,3,sample_step,0.0008633600000109709,0.0008633600000000001,-1.7141913973353629e-16,0.9999999999872928,-1.0970824942946322e-14,0.9999999999872928
attacc_prefill-1024xdecode_256_ops_trace.csv,decode,4,191,0,GPU0,npu,20,"LN:-1,Q:0,K:0,V:0,Q:1,K:1,V:1,O:0,O:1,Add:-1,LN:-1,FFN_W1:0,FFN_W3:0,FFN_W1:1,FFN_W3:1,SwiGLU:0,SwiGLU:1,FFN_W2:0,FFN_W2:1,Add:-1",0.0004794696229151185,0.0005991424083709717,npu|decode|4|f47f2b13c8c0ddb8e4ddc9de5ce41aad,4,sample_step,0.030686055866567585,0.03834511413574219,0.00011967278545585317,1.2495940925897595,0.007659058269174603,1.2495940925897595
attacc_prefill-1024xdecode_256_ops_trace.csv,decode,4,191,0,PIM0,pim,3,"QK:0,Softmax:0,SV:0",1.3663999999913301e-05,1.3664e-05,pim|decode|4|8d3c4a27f3148da54f43fbe5a8786c55,4,sample_step,0.0008744959999944513,0.000874496,8.669890434916117e-17,1.0000000000063451,5.5487298783463146e-15,1.0000000000063451
attacc_prefill-1024xdecode_256_ops_trace.csv,decode,4,191,0,PIM1,pim,3,"QK:1,Softmax:1,SV:1",1.3663999999913301e-05,1.3664e-05,pim|decode|4|583a2f400a32ef30361deb25375d6d1d,4,sample_step,0.0008744959999944513,0.000874496,8.669890434916117e-17,1.0000000000063451,5.5487298783463146e-15,1.0000000000063451
attacc_prefill-1024xdecode_256_ops_trace.csv,decode,4,191,1,GPU0,npu,20,"LN:-1,Q:0,K:0,V:0,Q:1,K:1,V:1,O:0,O:1,Add:-1,LN:-1,FFN_W1:0,FFN_W3:0,FFN_W1:1,FFN_W3:1,SwiGLU:0,SwiGLU:1,FFN_W2:0,FFN_W2:1,Add:-1",0.0004794696229151185,0.0005991424083709717,npu|decode|4|f47f2b13c8c0ddb8e4ddc9de5ce41aad,4,sample_step,0.030686055866567585,0.03834511413574219,0.00011967278545585317,1.2495940925897595,0.007659058269174603,1.2495940925897595
attacc_prefill-1024xdecode_256_ops_trace.csv,decode,4,191,1,PIM0,pim,3,"QK:0,Softmax:0,SV:0",1.3663999999913301e-05,1.3664e-05,pim|decode|4|8d3c4a27f3148da54f43fbe5a8786c55,4,sample_step,0.0008744959999944513,0.000874496,8.669890434916117e-17,1.0000000000063451,5.5487298783463146e-15,1.0000000000063451
attacc_prefill-1024xdecode_256_ops_trace.csv,decode,4,191,1,PIM1,pim,3,"QK:1,Softmax:1,SV:1",1.3663999999913301e-05,1.3664e-05,pim|decode|4|583a2f400a32ef30361deb25375d6d1d,4,sample_step,0.0008744959999944513,0.000874496,8.669890434916117e-17,1.0000000000063451,5.5487298783463146e-15,1.0000000000063451
attacc_prefill-1024xdecode_256_ops_trace.csv,decode,4,191,2,GPU0,npu,20,"LN:-1,Q:0,K:0,V:0,Q:1,K:1,V:1,O:0,O:1,Add:-1,LN:-1,FFN_W1:0,FFN_W3:0,FFN_W1:1,FFN_W3:1,SwiGLU:0,SwiGLU:1,FFN_W2:0,FFN_W2:1,Add:-1",0.0004794696229151185,0.0005991424083709717,npu|decode|4|f47f2b13c8c0ddb8e4ddc9de5ce41aad,4,sample_step,0.030686055866567585,0.03834511413574219,0.00011967278545585317,1.2495940925897595,0.007659058269174603,1.2495940925897595
attacc_prefill-1024xdecode_256_ops_trace.csv,decode,4,191,2,PIM0,pim,3,"QK:0,Softmax:0,SV:0",1.3663999999913301e-05,1.3664e-05,pim|decode|4|8d3c4a27f3148da54f43fbe5a8786c55,4,sample_step,0.0008744959999944513,0.000874496,8.669890434916117e-17,1.0000000000063451,5.5487298783463146e-15,1.0000000000063451
attacc_prefill-1024xdecode_256_ops_trace.csv,decode,4,191,2,PIM1,pim,3,"QK:1,Softmax:1,SV:1",1.3663999999913301e-05,1.3664e-05,pim|decode|4|583a2f400a32ef30361deb25375d6d1d,4,sample_step,0.0008744959999944513,0.000874496,8.669890434916117e-17,1.0000000000063451,5.5487298783463146e-15,1.0000000000063451
attacc_prefill-1024xdecode_256_ops_trace.csv,decode,4,191,3,GPU0,npu,20,"LN:-1,Q:0,K:0,V:0,Q:1,K:1,V:1,O:0,O:1,Add:-1,LN:-1,FFN_W1:0,FFN_W3:0,FFN_W1:1,FFN_W3:1,SwiGLU:0,SwiGLU:1,FFN_W2:0,FFN_W2:1,Add:-1",0.0004794696229151185,0.0005991424083709717,npu|decode|4|f47f2b13c8c0ddb8e4ddc9de5ce41aad,4,sample_step,0.030686055866567585,0.03834511413574219,0.00011967278545585317,1.2495940925897595,0.007659058269174603,1.2495940925897595
attacc_prefill-1024xdecode_256_ops_trace.csv,decode,4,191,3,PIM0,pim,3,"QK:0,Softmax:0,SV:0",1.3663999999913301e-05,1.3664e-05,pim|decode|4|8d3c4a27f3148da54f43fbe5a8786c55,4,sample_step,0.0008744959999944513,0.000874496,8.669890434916117e-17,1.0000000000063451,5.5487298783463146e-15,1.0000000000063451
attacc_prefill-1024xdecode_256_ops_trace.csv,decode,4,191,3,PIM1,pim,3,"QK:1,Softmax:1,SV:1",1.3663999999913301e-05,1.3664e-05,pim|decode|4|583a2f400a32ef30361deb25375d6d1d,4,sample_step,0.0008744959999944513,0.000874496,8.669890434916117e-17,1.0000000000063451,5.5487298783463146e-15,1.0000000000063451
attacc_prefill-1024xdecode_256_ops_trace.csv,decode,4,191,4,GPU0,npu,20,"LN:-1,Q:0,K:0,V:0,Q:1,K:1,V:1,O:0,O:1,Add:-1,LN:-1,FFN_W1:0,FFN_W3:0,FFN_W1:1,FFN_W3:1,SwiGLU:0,SwiGLU:1,FFN_W2:0,FFN_W2:1,Add:-1",0.0004794696229151185,0.0005991424083709717,npu|decode|4|f47f2b13c8c0ddb8e4ddc9de5ce41aad,4,sample_step,0.030686055866567585,0.03834511413574219,0.00011967278545585317,1.2495940925897595,0.007659058269174603,1.2495940925897595
attacc_prefill-1024xdecode_256_ops_trace.csv,decode,4,191,4,PIM0,pim,3,"QK:0,Softmax:0,SV:0",1.3663999999913301e-05,1.3664e-05,pim|decode|4|8d3c4a27f3148da54f43fbe5a8786c55,4,sample_step,0.0008744959999944513,0.000874496,8.669890434916117e-17,1.0000000000063451,5.5487298783463146e-15,1.0000000000063451
attacc_prefill-1024xdecode_256_ops_trace.csv,decode,4,191,4,PIM1,pim,3,"QK:1,Softmax:1,SV:1",1.3663999999913301e-05,1.3664e-05,pim|decode|4|583a2f400a32ef30361deb25375d6d1d,4,sample_step,0.0008744959999944513,0.000874496,8.669890434916117e-17,1.0000000000063451,5.5487298783463146e-15,1.0000000000063451
attacc_prefill-1024xdecode_256_ops_trace.csv,decode,4,191,5,GPU0,npu,20,"LN:-1,Q:0,K:0,V:0,Q:1,K:1,V:1,O:0,O:1,Add:-1,LN:-1,FFN_W1:0,FFN_W3:0,FFN_W1:1,FFN_W3:1,SwiGLU:0,SwiGLU:1,FFN_W2:0,FFN_W2:1,Add:-1",0.0004794696229151185,0.0005991424083709717,npu|decode|4|f47f2b13c8c0ddb8e4ddc9de5ce41aad,4,sample_step,0.030686055866567585,0.03834511413574219,0.00011967278545585317,1.2495940925897595,0.007659058269174603,1.2495940925897595
attacc_prefill-1024xdecode_256_ops_trace.csv,decode,4,191,5,PIM0,pim,3,"QK:0,Softmax:0,SV:0",1.3663999999913301e-05,1.3664e-05,pim|decode|4|8d3c4a27f3148da54f43fbe5a8786c55,4,sample_step,0.0008744959999944513,0.000874496,8.669890434916117e-17,1.0000000000063451,5.5487298783463146e-15,1.0000000000063451
attacc_prefill-1024xdecode_256_ops_trace.csv,decode,4,191,5,PIM1,pim,3,"QK:1,Softmax:1,SV:1",1.3663999999913301e-05,1.3664e-05,pim|decode|4|583a2f400a32ef30361deb25375d6d1d,4,sample_step,0.0008744959999944513,0.000874496,8.669890434916117e-17,1.0000000000063451,5.5487298783463146e-15,1.0000000000063451
attacc_prefill-1024xdecode_256_ops_trace.csv,decode,4,191,6,GPU0,npu,20,"LN:-1,Q:0,K:0,V:0,Q:1,K:1,V:1,O:0,O:1,Add:-1,LN:-1,FFN_W1:0,FFN_W3:0,FFN_W1:1,FFN_W3:1,SwiGLU:0,SwiGLU:1,FFN_W2:0,FFN_W2:1,Add:-1",0.0004794696229151185,0.0005991424083709717,npu|decode|4|f47f2b13c8c0ddb8e4ddc9de5ce41aad,4,sample_step,0.030686055866567585,0.03834511413574219,0.00011967278545585317,1.2495940925897595,0.007659058269174603,1.2495940925897595
attacc_prefill-1024xdecode_256_ops_trace.csv,decode,4,191,6,PIM0,pim,3,"QK:0,Softmax:0,SV:0",1.3663999999913301e-05,1.3664e-05,pim|decode|4|8d3c4a27f3148da54f43fbe5a8786c55,4,sample_step,0.0008744959999944513,0.000874496,8.669890434916117e-17,1.0000000000063451,5.5487298783463146e-15,1.0000000000063451
attacc_prefill-1024xdecode_256_ops_trace.csv,decode,4,191,6,PIM1,pim,3,"QK:1,Softmax:1,SV:1",1.3663999999913301e-05,1.3664e-05,pim|decode|4|583a2f400a32ef30361deb25375d6d1d,4,sample_step,0.0008744959999944513,0.000874496,8.669890434916117e-17,1.0000000000063451,5.5487298783463146e-15,1.0000000000063451
attacc_prefill-1024xdecode_256_ops_trace.csv,decode,4,191,7,GPU0,npu,20,"LN:-1,Q:0,K:0,V:0,Q:1,K:1,V:1,O:0,O:1,Add:-1,LN:-1,FFN_W1:0,FFN_W3:0,FFN_W1:1,FFN_W3:1,SwiGLU:0,SwiGLU:1,FFN_W2:0,FFN_W2:1,Add:-1",0.0004794696229151185,0.0005991424083709717,npu|decode|4|f47f2b13c8c0ddb8e4ddc9de5ce41aad,4,sample_step,0.030686055866567585,0.03834511413574219,0.00011967278545585317,1.2495940925897595,0.007659058269174603,1.2495940925897595
attacc_prefill-1024xdecode_256_ops_trace.csv,decode,4,191,7,PIM0,pim,3,"QK:0,Softmax:0,SV:0",1.3663999999913301e-05,1.3664e-05,pim|decode|4|8d3c4a27f3148da54f43fbe5a8786c55,4,sample_step,0.0008744959999944513,0.000874496,8.669890434916117e-17,1.0000000000063451,5.5487298783463146e-15,1.0000000000063451
attacc_prefill-1024xdecode_256_ops_trace.csv,decode,4,191,7,PIM1,pim,3,"QK:1,Softmax:1,SV:1",1.3663999999913301e-05,1.3664e-05,pim|decode|4|583a2f400a32ef30361deb25375d6d1d,4,sample_step,0.0008744959999944513,0.000874496,8.669890434916117e-17,1.0000000000063451,5.5487298783463146e-15,1.0000000000063451
attacc_prefill-1024xdecode_256_ops_trace.csv,decode,4,191,8,GPU0,npu,20,"LN:-1,Q:0,K:0,V:0,Q:1,K:1,V:1,O:0,O:1,Add:-1,LN:-1,FFN_W1:0,FFN_W3:0,FFN_W1:1,FFN_W3:1,SwiGLU:0,SwiGLU:1,FFN_W2:0,FFN_W2:1,Add:-1",0.0004794696229151185,0.0005991424083709717,npu|decode|4|f47f2b13c8c0ddb8e4ddc9de5ce41aad,4,sample_step,0.030686055866567585,0.03834511413574219,0.00011967278545585317,1.2495940925897595,0.007659058269174603,1.2495940925897595
attacc_prefill-1024xdecode_256_ops_trace.csv,decode,4,191,8,PIM0,pim,3,"QK:0,Softmax:0,SV:0",1.3663999999913301e-05,1.3664e-05,pim|decode|4|8d3c4a27f3148da54f43fbe5a8786c55,4,sample_step,0.0008744959999944513,0.000874496,8.669890434916117e-17,1.0000000000063451,5.5487298783463146e-15,1.0000000000063451
attacc_prefill-1024xdecode_256_ops_trace.csv,decode,4,191,8,PIM1,pim,3,"QK:1,Softmax:1,SV:1",1.3663999999913301e-05,1.3664e-05,pim|decode|4|583a2f400a32ef30361deb25375d6d1d,4,sample_step,0.0008744959999944513,0.000874496,8.669890434916117e-17,1.0000000000063451,5.5487298783463146e-15,1.0000000000063451
attacc_prefill-1024xdecode_256_ops_trace.csv,decode,4,191,9,GPU0,npu,20,"LN:-1,Q:0,K:0,V:0,Q:1,K:1,V:1,O:0,O:1,Add:-1,LN:-1,FFN_W1:0,FFN_W3:0,FFN_W1:1,FFN_W3:1,SwiGLU:0,SwiGLU:1,FFN_W2:0,FFN_W2:1,Add:-1",0.0004794696229151185,0.0005991424083709717,npu|decode|4|f47f2b13c8c0ddb8e4ddc9de5ce41aad,4,sample_step,0.030686055866567585,0.03834511413574219,0.00011967278545585317,1.2495940925897595,0.007659058269174603,1.2495940925897595
attacc_prefill-1024xdecode_256_ops_trace.csv,decode,4,191,9,PIM0,pim,3,"QK:0,Softmax:0,SV:0",1.3663999999913301e-05,1.3664e-05,pim|decode|4|8d3c4a27f3148da54f43fbe5a8786c55,4,sample_step,0.0008744959999944513,0.000874496,8.669890434916117e-17,1.0000000000063451,5.5487298783463146e-15,1.0000000000063451
attacc_prefill-1024xdecode_256_ops_trace.csv,decode,4,191,9,PIM1,pim,3,"QK:1,Softmax:1,SV:1",1.3663999999913301e-05,1.3664e-05,pim|decode|4|583a2f400a32ef30361deb25375d6d1d,4,sample_step,0.0008744959999944513,0.000874496,8.669890434916117e-17,1.0000000000063451,5.5487298783463146e-15,1.0000000000063451
attacc_prefill-1024xdecode_256_ops_trace.csv,decode,4,191,10,GPU0,npu,20,"LN:-1,Q:0,K:0,V:0,Q:1,K:1,V:1,O:0,O:1,Add:-1,LN:-1,FFN_W1:0,FFN_W3:0,FFN_W1:1,FFN_W3:1,SwiGLU:0,SwiGLU:1,FFN_W2:0,FFN_W2:1,Add:-1",0.0004794696229151185,0.0005991424083709717,npu|decode|4|f47f2b13c8c0ddb8e4ddc9de5ce41aad,4,sample_step,0.030686055866567585,0.03834511413574219,0.00011967278545585317,1.2495940925897595,0.007659058269174603,1.2495940925897595
attacc_prefill-1024xdecode_256_ops_trace.csv,decode,4,191,10,PIM0,pim,3,"QK:0,Softmax:0,SV:0",1.3663999999913301e-05,1.3664e-05,pim|decode|4|8d3c4a27f3148da54f43fbe5a8786c55,4,sample_step,0.0008744959999944513,0.000874496,8.669890434916117e-17,1.0000000000063451,5.5487298783463146e-15,1.0000000000063451
attacc_prefill-1024xdecode_256_ops_trace.csv,decode,4,191,10,PIM1,pim,3,"QK:1,Softmax:1,SV:1",1.3663999999913301e-05,1.3664e-05,pim|decode|4|583a2f400a32ef30361deb25375d6d1d,4,sample_step,0.0008744959999944513,0.000874496,8.669890434916117e-17,1.0000000000063451,5.5487298783463146e-15,1.0000000000063451
attacc_prefill-1024xdecode_256_ops_trace.csv,decode,4,191,11,GPU0,npu,20,"LN:-1,Q:0,K:0,V:0,Q:1,K:1,V:1,O:0,O:1,Add:-1,LN:-1,FFN_W1:0,FFN_W3:0,FFN_W1:1,FFN_W3:1,SwiGLU:0,SwiGLU:1,FFN_W2:0,FFN_W2:1,Add:-1",0.0004794696229151185,0.0005991424083709717,npu|decode|4|f47f2b13c8c0ddb8e4ddc9de5ce41aad,4,sample_step,0.030686055866567585,0.03834511413574219,0.00011967278545585317,1.2495940925897595,0.007659058269174603,1.2495940925897595
attacc_prefill-1024xdecode_256_ops_trace.csv,decode,4,191,11,PIM0,pim,3,"QK:0,Softmax:0,SV:0",1.3663999999913301e-05,1.3664e-05,pim|decode|4|8d3c4a27f3148da54f43fbe5a8786c55,4,sample_step,0.0008744959999944513,0.000874496,8.669890434916117e-17,1.0000000000063451,5.5487298783463146e-15,1.0000000000063451
attacc_prefill-1024xdecode_256_ops_trace.csv,decode,4,191,11,PIM1,pim,3,"QK:1,Softmax:1,SV:1",1.3663999999913301e-05,1.3664e-05,pim|decode|4|583a2f400a32ef30361deb25375d6d1d,4,sample_step,0.0008744959999944513,0.000874496,8.669890434916117e-17,1.0000000000063451,5.5487298783463146e-15,1.0000000000063451
attacc_prefill-1024xdecode_256_ops_trace.csv,decode,4,191,12,GPU0,npu,20,"LN:-1,Q:0,K:0,V:0,Q:1,K:1,V:1,O:0,O:1,Add:-1,LN:-1,FFN_W1:0,FFN_W3:0,FFN_W1:1,FFN_W3:1,SwiGLU:0,SwiGLU:1,FFN_W2:0,FFN_W2:1,Add:-1",0.0004794696229151185,0.0005991424083709717,npu|decode|4|f47f2b13c8c0ddb8e4ddc9de5ce41aad,4,sample_step,0.030686055866567585,0.03834511413574219,0.00011967278545585317,1.2495940925897595,0.007659058269174603,1.2495940925897595
attacc_prefill-1024xdecode_256_ops_trace.csv,decode,4,191,12,PIM0,pim,3,"QK:0,Softmax:0,SV:0",1.3663999999913301e-05,1.3664e-05,pim|decode|4|8d3c4a27f3148da54f43fbe5a8786c55,4,sample_step,0.0008744959999944513,0.000874496,8.669890434916117e-17,1.0000000000063451,5.5487298783463146e-15,1.0000000000063451
attacc_prefill-1024xdecode_256_ops_trace.csv,decode,4,191,12,PIM1,pim,3,"QK:1,Softmax:1,SV:1",1.3663999999913301e-05,1.3664e-05,pim|decode|4|583a2f400a32ef30361deb25375d6d1d,4,sample_step,0.0008744959999944513,0.000874496,8.669890434916117e-17,1.0000000000063451,5.5487298783463146e-15,1.0000000000063451
attacc_prefill-1024xdecode_256_ops_trace.csv,decode,4,191,13,GPU0,npu,20,"LN:-1,Q:0,K:0,V:0,Q:1,K:1,V:1,O:0,O:1,Add:-1,LN:-1,FFN_W1:0,FFN_W3:0,FFN_W1:1,FFN_W3:1,SwiGLU:0,SwiGLU:1,FFN_W2:0,FFN_W2:1,Add:-1",0.0004794696229151185,0.0005991424083709717,npu|decode|4|f47f2b13c8c0ddb8e4ddc9de5ce41aad,4,sample_step,0.030686055866567585,0.03834511413574219,0.00011967278545585317,1.2495940925897595,0.007659058269174603,1.2495940925897595
attacc_prefill-1024xdecode_256_ops_trace.csv,decode,4,191,13,PIM0,pim,3,"QK:0,Softmax:0,SV:0",1.3663999999913301e-05,1.3664e-05,pim|decode|4|8d3c4a27f3148da54f43fbe5a8786c55,4,sample_step,0.0008744959999944513,0.000874496,8.669890434916117e-17,1.0000000000063451,5.5487298783463146e-15,1.0000000000063451
attacc_prefill-1024xdecode_256_ops_trace.csv,decode,4,191,13,PIM1,pim,3,"QK:1,Softmax:1,SV:1",1.3663999999913301e-05,1.3664e-05,pim|decode|4|583a2f400a32ef30361deb25375d6d1d,4,sample_step,0.0008744959999944513,0.000874496,8.669890434916117e-17,1.0000000000063451,5.5487298783463146e-15,1.0000000000063451
attacc_prefill-1024xdecode_256_ops_trace.csv,decode,4,191,14,GPU0,npu,20,"LN:-1,Q:0,K:0,V:0,Q:1,K:1,V:1,O:0,O:1,Add:-1,LN:-1,FFN_W1:0,FFN_W3:0,FFN_W1:1,FFN_W3:1,SwiGLU:0,SwiGLU:1,FFN_W2:0,FFN_W2:1,Add:-1",0.0004794696229151185,0.0005991424083709717,npu|decode|4|f47f2b13c8c0ddb8e4ddc9de5ce41aad,4,sample_step,0.030686055866567585,0.03834511413574219,0.00011967278545585317,1.2495940925897595,0.007659058269174603,1.2495940925897595
attacc_prefill-1024xdecode_256_ops_trace.csv,decode,4,191,14,PIM0,pim,3,"QK:0,Softmax:0,SV:0",1.3663999999913301e-05,1.3664e-05,pim|decode|4|8d3c4a27f3148da54f43fbe5a8786c55,4,sample_step,0.0008744959999944513,0.000874496,8.669890434916117e-17,1.0000000000063451,5.5487298783463146e-15,1.0000000000063451
attacc_prefill-1024xdecode_256_ops_trace.csv,decode,4,191,14,PIM1,pim,3,"QK:1,Softmax:1,SV:1",1.3663999999913301e-05,1.3664e-05,pim|decode|4|583a2f400a32ef30361deb25375d6d1d,4,sample_step,0.0008744959999944513,0.000874496,8.669890434916117e-17,1.0000000000063451,5.5487298783463146e-15,1.0000000000063451
attacc_prefill-1024xdecode_256_ops_trace.csv,decode,4,191,15,GPU0,npu,20,"LN:-1,Q:0,K:0,V:0,Q:1,K:1,V:1,O:0,O:1,Add:-1,LN:-1,FFN_W1:0,FFN_W3:0,FFN_W1:1,FFN_W3:1,SwiGLU:0,SwiGLU:1,FFN_W2:0,FFN_W2:1,Add:-1",0.0004794696229151185,0.0005991424083709717,npu|decode|4|f47f2b13c8c0ddb8e4ddc9de5ce41aad,4,sample_step,0.030686055866567585,0.03834511413574219,0.00011967278545585317,1.2495940925897595,0.007659058269174603,1.2495940925897595
attacc_prefill-1024xdecode_256_ops_trace.csv,decode,4,191,15,PIM0,pim,3,"QK:0,Softmax:0,SV:0",1.3663999999913301e-05,1.3664e-05,pim|decode|4|8d3c4a27f3148da54f43fbe5a8786c55,4,sample_step,0.0008744959999944513,0.000874496,8.669890434916117e-17,1.0000000000063451,5.5487298783463146e-15,1.0000000000063451
attacc_prefill-1024xdecode_256_ops_trace.csv,decode,4,191,15,PIM1,pim,3,"QK:1,Softmax:1,SV:1",1.3663999999913301e-05,1.3664e-05,pim|decode|4|583a2f400a32ef30361deb25375d6d1d,4,sample_step,0.0008744959999944513,0.000874496,8.669890434916117e-17,1.0000000000063451,5.5487298783463146e-15,1.0000000000063451
attacc_prefill-1024xdecode_256_ops_trace.csv,decode,4,191,16,GPU0,npu,20,"LN:-1,Q:0,K:0,V:0,Q:1,K:1,V:1,O:0,O:1,Add:-1,LN:-1,FFN_W1:0,FFN_W3:0,FFN_W1:1,FFN_W3:1,SwiGLU:0,SwiGLU:1,FFN_W2:0,FFN_W2:1,Add:-1",0.0004794696229151185,0.0005991424083709717,npu|decode|4|f47f2b13c8c0ddb8e4ddc9de5ce41aad,4,sample_step,0.030686055866567585,0.03834511413574219,0.00011967278545585317,1.2495940925897595,0.007659058269174603,1.2495940925897595
attacc_prefill-1024xdecode_256_ops_trace.csv,decode,4,191,16,PIM0,pim,3,"QK:0,Softmax:0,SV:0",1.3663999999913301e-05,1.3664e-05,pim|decode|4|8d3c4a27f3148da54f43fbe5a8786c55,4,sample_step,0.0008744959999944513,0.000874496,8.669890434916117e-17,1.0000000000063451,5.5487298783463146e-15,1.0000000000063451
attacc_prefill-1024xdecode_256_ops_trace.csv,decode,4,191,16,PIM1,pim,3,"QK:1,Softmax:1,SV:1",1.3663999999913301e-05,1.3664e-05,pim|decode|4|583a2f400a32ef30361deb25375d6d1d,4,sample_step,0.0008744959999944513,0.000874496,8.669890434916117e-17,1.0000000000063451,5.5487298783463146e-15,1.0000000000063451
attacc_prefill-1024xdecode_256_ops_trace.csv,decode,4,191,17,GPU0,npu,20,"LN:-1,Q:0,K:0,V:0,Q:1,K:1,V:1,O:0,O:1,Add:-1,LN:-1,FFN_W1:0,FFN_W3:0,FFN_W1:1,FFN_W3:1,SwiGLU:0,SwiGLU:1,FFN_W2:0,FFN_W2:1,Add:-1",0.0004794696229151185,0.0005991424083709717,npu|decode|4|f47f2b13c8c0ddb8e4ddc9de5ce41aad,4,sample_step,0.030686055866567585,0.03834511413574219,0.00011967278545585317,1.2495940925897595,0.007659058269174603,1.2495940925897595
attacc_prefill-1024xdecode_256_ops_trace.csv,decode,4,191,17,PIM0,pim,3,"QK:0,Softmax:0,SV:0",1.3663999999913301e-05,1.3664e-05,pim|decode|4|8d3c4a27f3148da54f43fbe5a8786c55,4,sample_step,0.0008744959999944513,0.000874496,8.669890434916117e-17,1.0000000000063451,5.5487298783463146e-15,1.0000000000063451
attacc_prefill-1024xdecode_256_ops_trace.csv,decode,4,191,17,PIM1,pim,3,"QK:1,Softmax:1,SV:1",1.3663999999913301e-05,1.3664e-05,pim|decode|4|583a2f400a32ef30361deb25375d6d1d,4,sample_step,0.0008744959999944513,0.000874496,8.669890434916117e-17,1.0000000000063451,5.5487298783463146e-15,1.0000000000063451
attacc_prefill-1024xdecode_256_ops_trace.csv,decode,4,191,18,GPU0,npu,20,"LN:-1,Q:0,K:0,V:0,Q:1,K:1,V:1,O:0,O:1,Add:-1,LN:-1,FFN_W1:0,FFN_W3:0,FFN_W1:1,FFN_W3:1,SwiGLU:0,SwiGLU:1,FFN_W2:0,FFN_W2:1,Add:-1",0.0004794696229151185,0.0005991424083709717,npu|decode|4|f47f2b13c8c0ddb8e4ddc9de5ce41aad,4,sample_step,0.030686055866567585,0.03834511413574219,0.00011967278545585317,1.2495940925897595,0.007659058269174603,1.2495940925897595
attacc_prefill-1024xdecode_256_ops_trace.csv,decode,4,191,18,PIM0,pim,3,"QK:0,Softmax:0,SV:0",1.3663999999913301e-05,1.3664e-05,pim|decode|4|8d3c4a27f3148da54f43fbe5a8786c55,4,sample_step,0.0008744959999944513,0.000874496,8.669890434916117e-17,1.0000000000063451,5.5487298783463146e-15,1.0000000000063451
attacc_prefill-1024xdecode_256_ops_trace.csv,decode,4,191,18,PIM1,pim,3,"QK:1,Softmax:1,SV:1",1.3663999999913301e-05,1.3664e-05,pim|decode|4|583a2f400a32ef30361deb25375d6d1d,4,sample_step,0.0008744959999944513,0.000874496,8.669890434916117e-17,1.0000000000063451,5.5487298783463146e-15,1.0000000000063451
attacc_prefill-1024xdecode_256_ops_trace.csv,decode,4,191,19,GPU0,npu,20,"LN:-1,Q:0,K:0,V:0,Q:1,K:1,V:1,O:0,O:1,Add:-1,LN:-1,FFN_W1:0,FFN_W3:0,FFN_W1:1,FFN_W3:1,SwiGLU:0,SwiGLU:1,FFN_W2:0,FFN_W2:1,Add:-1",0.0004794696229151185,0.0005991424083709717,npu|decode|4|f47f2b13c8c0ddb8e4ddc9de5ce41aad,4,sample_step,0.030686055866567585,0.03834511413574219,0.00011967278545585317,1.2495940925897595,0.007659058269174603,1.2495940925897595
attacc_prefill-1024xdecode_256_ops_trace.csv,decode,4,191,19,PIM0,pim,3,"QK:0,Softmax:0,SV:0",1.3663999999913301e-05,1.3664e-05,pim|decode|4|8d3c4a27f3148da54f43fbe5a8786c55,4,sample_step,0.0008744959999944513,0.000874496,8.669890434916117e-17,1.0000000000063451,5.5487298783463146e-15,1.0000000000063451
attacc_prefill-1024xdecode_256_ops_trace.csv,decode,4,191,19,PIM1,pim,3,"QK:1,Softmax:1,SV:1",1.3663999999913301e-05,1.3664e-05,pim|decode|4|583a2f400a32ef30361deb25375d6d1d,4,sample_step,0.0008744959999944513,0.000874496,8.669890434916117e-17,1.0000000000063451,5.5487298783463146e-15,1.0000000000063451
attacc_prefill-1024xdecode_256_ops_trace.csv,decode,4,191,20,GPU0,npu,20,"LN:-1,Q:0,K:0,V:0,Q:1,K:1,V:1,O:0,O:1,Add:-1,LN:-1,FFN_W1:0,FFN_W3:0,FFN_W1:1,FFN_W3:1,SwiGLU:0,SwiGLU:1,FFN_W2:0,FFN_W2:1,Add:-1",0.0004794696229151185,0.0005991424083709717,npu|decode|4|f47f2b13c8c0ddb8e4ddc9de5ce41aad,4,sample_step,0.030686055866567585,0.03834511413574219,0.00011967278545585317,1.2495940925897595,0.007659058269174603,1.2495940925897595
attacc_prefill-1024xdecode_256_ops_trace.csv,decode,4,191,20,PIM0,pim,3,"QK:0,Softmax:0,SV:0",1.3663999999913301e-05,1.3664e-05,pim|decode|4|8d3c4a27f3148da54f43fbe5a8786c55,4,sample_step,0.0008744959999944513,0.000874496,8.669890434916117e-17,1.0000000000063451,5.5487298783463146e-15,1.0000000000063451
attacc_prefill-1024xdecode_256_ops_trace.csv,decode,4,191,20,PIM1,pim,3,"QK:1,Softmax:1,SV:1",1.3663999999913301e-05,1.3664e-05,pim|decode|4|583a2f400a32ef30361deb25375d6d1d,4,sample_step,0.0008744959999944513,0.000874496,8.669890434916117e-17,1.0000000000063451,5.5487298783463146e-15,1.0000000000063451
attacc_prefill-1024xdecode_256_ops_trace.csv,decode,4,191,21,GPU0,npu,20,"LN:-1,Q:0,K:0,V:0,Q:1,K:1,V:1,O:0,O:1,Add:-1,LN:-1,FFN_W1:0,FFN_W3:0,FFN_W1:1,FFN_W3:1,SwiGLU:0,SwiGLU:1,FFN_W2:0,FFN_W2:1,Add:-1",0.0004794696229151185,0.0005991424083709717,npu|decode|4|f47f2b13c8c0ddb8e4ddc9de5ce41aad,4,sample_step,0.030686055866567585,0.03834511413574219,0.00011967278545585317,1.2495940925897595,0.007659058269174603,1.2495940925897595
attacc_prefill-1024xdecode_256_ops_trace.csv,decode,4,191,21,PIM0,pim,3,"QK:0,Softmax:0,SV:0",1.3663999999913301e-05,1.3664e-05,pim|decode|4|8d3c4a27f3148da54f43fbe5a8786c55,4,sample_step,0.0008744959999944513,0.000874496,8.669890434916117e-17,1.0000000000063451,5.5487298783463146e-15,1.0000000000063451
attacc_prefill-1024xdecode_256_ops_trace.csv,decode,4,191,21,PIM1,pim,3,"QK:1,Softmax:1,SV:1",1.3663999999913301e-05,1.3664e-05,pim|decode|4|583a2f400a32ef30361deb25375d6d1d,4,sample_step,0.0008744959999944513,0.000874496,8.669890434916117e-17,1.0000000000063451,5.5487298783463146e-15,1.0000000000063451
attacc_prefill-1024xdecode_256_ops_trace.csv,decode,4,191,22,GPU0,npu,20,"LN:-1,Q:0,K:0,V:0,Q:1,K:1,V:1,O:0,O:1,Add:-1,LN:-1,FFN_W1:0,FFN_W3:0,FFN_W1:1,FFN_W3:1,SwiGLU:0,SwiGLU:1,FFN_W2:0,FFN_W2:1,Add:-1",0.0004794696229151185,0.0005991424083709717,npu|decode|4|f47f2b13c8c0ddb8e4ddc9de5ce41aad,4,sample_step,0.030686055866567585,0.03834511413574219,0.00011967278545585317,1.2495940925897595,0.007659058269174603,1.2495940925897595
attacc_prefill-1024xdecode_256_ops_trace.csv,decode,4,191,22,PIM0,pim,3,"QK:0,Softmax:0,SV:0",1.3663999999913301e-05,1.3664e-05,pim|decode|4|8d3c4a27f3148da54f43fbe5a8786c55,4,sample_step,0.0008744959999944513,0.000874496,8.669890434916117e-17,1.0000000000063451,5.5487298783463146e-15,1.0000000000063451
attacc_prefill-1024xdecode_256_ops_trace.csv,decode,4,191,22,PIM1,pim,3,"QK:1,Softmax:1,SV:1",1.3663999999913301e-05,1.3664e-05,pim|decode|4|583a2f400a32ef30361deb25375d6d1d,4,sample_step,0.0008744959999944513,0.000874496,8.669890434916117e-17,1.0000000000063451,5.5487298783463146e-15,1.0000000000063451
attacc_prefill-1024xdecode_256_ops_trace.csv,decode,4,191,23,GPU0,npu,20,"LN:-1,Q:0,K:0,V:0,Q:1,K:1,V:1,O:0,O:1,Add:-1,LN:-1,FFN_W1:0,FFN_W3:0,FFN_W1:1,FFN_W3:1,SwiGLU:0,SwiGLU:1,FFN_W2:0,FFN_W2:1,Add:-1",0.0004794696229151185,0.0005991424083709717,npu|decode|4|f47f2b13c8c0ddb8e4ddc9de5ce41aad,4,sample_step,0.030686055866567585,0.03834511413574219,0.00011967278545585317,1.2495940925897595,0.007659058269174603,1.2495940925897595
attacc_prefill-1024xdecode_256_ops_trace.csv,decode,4,191,23,PIM0,pim,3,"QK:0,Softmax:0,SV:0",1.3663999999913301e-05,1.3664e-05,pim|decode|4|8d3c4a27f3148da54f43fbe5a8786c55,4,sample_step,0.0008744959999944513,0.000874496,8.669890434916117e-17,1.0000000000063451,5.5487298783463146e-15,1.0000000000063451
attacc_prefill-1024xdecode_256_ops_trace.csv,decode,4,191,23,PIM1,pim,3,"QK:1,Softmax:1,SV:1",1.3663999999913301e-05,1.3664e-05,pim|decode|4|583a2f400a32ef30361deb25375d6d1d,4,sample_step,0.0008744959999944513,0.000874496,8.669890434916117e-17,1.0000000000063451,5.5487298783463146e-15,1.0000000000063451
attacc_prefill-1024xdecode_256_ops_trace.csv,decode,4,191,24,GPU0,npu,20,"LN:-1,Q:0,K:0,V:0,Q:1,K:1,V:1,O:0,O:1,Add:-1,LN:-1,FFN_W1:0,FFN_W3:0,FFN_W1:1,FFN_W3:1,SwiGLU:0,SwiGLU:1,FFN_W2:0,FFN_W2:1,Add:-1",0.0004794696229151185,0.0005991424083709717,npu|decode|4|f47f2b13c8c0ddb8e4ddc9de5ce41aad,4,sample_step,0.030686055866567585,0.03834511413574219,0.00011967278545585317,1.2495940925897595,0.007659058269174603,1.2495940925897595
attacc_prefill-1024xdecode_256_ops_trace.csv,decode,4,191,24,PIM0,pim,3,"QK:0,Softmax:0,SV:0",1.3663999999913301e-05,1.3664e-05,pim|decode|4|8d3c4a27f3148da54f43fbe5a8786c55,4,sample_step,0.0008744959999944513,0.000874496,8.669890434916117e-17,1.0000000000063451,5.5487298783463146e-15,1.0000000000063451
attacc_prefill-1024xdecode_256_ops_trace.csv,decode,4,191,24,PIM1,pim,3,"QK:1,Softmax:1,SV:1",1.3663999999913301e-05,1.3664e-05,pim|decode|4|583a2f400a32ef30361deb25375d6d1d,4,sample_step,0.0008744959999944513,0.000874496,8.669890434916117e-17,1.0000000000063451,5.5487298783463146e-15,1.0000000000063451
attacc_prefill-1024xdecode_256_ops_trace.csv,decode,4,191,25,GPU0,npu,20,"LN:-1,Q:0,K:0,V:0,Q:1,K:1,V:1,O:0,O:1,Add:-1,LN:-1,FFN_W1:0,FFN_W3:0,FFN_W1:1,FFN_W3:1,SwiGLU:0,SwiGLU:1,FFN_W2:0,FFN_W2:1,Add:-1",0.0004794696229151185,0.0005991424083709717,npu|decode|4|f47f2b13c8c0ddb8e4ddc9de5ce41aad,4,sample_step,0.030686055866567585,0.03834511413574219,0.00011967278545585317,1.2495940925897595,0.007659058269174603,1.2495940925897595
attacc_prefill-1024xdecode_256_ops_trace.csv,decode,4,191,25,PIM0,pim,3,"QK:0,Softmax:0,SV:0",1.3663999999913301e-05,1.3664e-05,pim|decode|4|8d3c4a27f3148da54f43fbe5a8786c55,4,sample_step,0.0008744959999944513,0.000874496,8.669890434916117e-17,1.0000000000063451,5.5487298783463146e-15,1.0000000000063451
attacc_prefill-1024xdecode_256_ops_trace.csv,decode,4,191,25,PIM1,pim,3,"QK:1,Softmax:1,SV:1",1.3663999999913301e-05,1.3664e-05,pim|decode|4|583a2f400a32ef30361deb25375d6d1d,4,sample_step,0.0008744959999944513,0.000874496,8.669890434916117e-17,1.0000000000063451,5.5487298783463146e-15,1.0000000000063451
attacc_prefill-1024xdecode_256_ops_trace.csv,decode,4,191,26,GPU0,npu,20,"LN:-1,Q:0,K:0,V:0,Q:1,K:1,V:1,O:0,O:1,Add:-1,LN:-1,FFN_W1:0,FFN_W3:0,FFN_W1:1,FFN_W3:1,SwiGLU:0,SwiGLU:1,FFN_W2:0,FFN_W2:1,Add:-1",0.0004794696229151185,0.0005991424083709717,npu|decode|4|f47f2b13c8c0ddb8e4ddc9de5ce41aad,4,sample_step,0.030686055866567585,0.03834511413574219,0.00011967278545585317,1.2495940925897595,0.007659058269174603,1.2495940925897595
attacc_prefill-1024xdecode_256_ops_trace.csv,decode,4,191,26,PIM0,pim,3,"QK:0,Softmax:0,SV:0",1.3663999999913301e-05,1.3664e-05,pim|decode|4|8d3c4a27f3148da54f43fbe5a8786c55,4,sample_step,0.0008744959999944513,0.000874496,8.669890434916117e-17,1.0000000000063451,5.5487298783463146e-15,1.0000000000063451
attacc_prefill-1024xdecode_256_ops_trace.csv,decode,4,191,26,PIM1,pim,3,"QK:1,Softmax:1,SV:1",1.3663999999913301e-05,1.3664e-05,pim|decode|4|583a2f400a32ef30361deb25375d6d1d,4,sample_step,0.0008744959999944513,0.000874496,8.669890434916117e-17,1.0000000000063451,5.5487298783463146e-15,1.0000000000063451
attacc_prefill-1024xdecode_256_ops_trace.csv,decode,4,191,27,GPU0,npu,20,"LN:-1,Q:0,K:0,V:0,Q:1,K:1,V:1,O:0,O:1,Add:-1,LN:-1,FFN_W1:0,FFN_W3:0,FFN_W1:1,FFN_W3:1,SwiGLU:0,SwiGLU:1,FFN_W2:0,FFN_W2:1,Add:-1",0.0004794696229151185,0.0005991424083709717,npu|decode|4|f47f2b13c8c0ddb8e4ddc9de5ce41aad,4,sample_step,0.030686055866567585,0.03834511413574219,0.00011967278545585317,1.2495940925897595,0.007659058269174603,1.2495940925897595
attacc_prefill-1024xdecode_256_ops_trace.csv,decode,4,191,27,PIM0,pim,3,"QK:0,Softmax:0,SV:0",1.3663999999913301e-05,1.3664e-05,pim|decode|4|8d3c4a27f3148da54f43fbe5a8786c55,4,sample_step,0.0008744959999944513,0.000874496,8.669890434916117e-17,1.0000000000063451,5.5487298783463146e-15,1.0000000000063451
attacc_prefill-1024xdecode_256_ops_trace.csv,decode,4,191,27,PIM1,pim,3,"QK:1,Softmax:1,SV:1",1.3663999999913301e-05,1.3664e-05,pim|decode|4|583a2f400a32ef30361deb25375d6d1d,4,sample_step,0.0008744959999944513,0.000874496,8.669890434916117e-17,1.0000000000063451,5.5487298783463146e-15,1.0000000000063451
attacc_prefill-1024xdecode_256_ops_trace.csv,decode,4,191,28,GPU0,npu,20,"LN:-1,Q:0,K:0,V:0,Q:1,K:1,V:1,O:0,O:1,Add:-1,LN:-1,FFN_W1:0,FFN_W3:0,FFN_W1:1,FFN_W3:1,SwiGLU:0,SwiGLU:1,FFN_W2:0,FFN_W2:1,Add:-1",0.0004794696229151185,0.0005991424083709717,npu|decode|4|f47f2b13c8c0ddb8e4ddc9de5ce41aad,4,sample_step,0.030686055866567585,0.03834511413574219,0.00011967278545585317,1.2495940925897595,0.007659058269174603,1.2495940925897595
attacc_prefill-1024xdecode_256_ops_trace.csv,decode,4,191,28,PIM0,pim,3,"QK:0,Softmax:0,SV:0",1.3663999999913301e-05,1.3664e-05,pim|decode|4|8d3c4a27f3148da54f43fbe5a8786c55,4,sample_step,0.0008744959999944513,0.000874496,8.669890434916117e-17,1.0000000000063451,5.5487298783463146e-15,1.0000000000063451
attacc_prefill-1024xdecode_256_ops_trace.csv,decode,4,191,28,PIM1,pim,3,"QK:1,Softmax:1,SV:1",1.3663999999913301e-05,1.3664e-05,pim|decode|4|583a2f400a32ef30361deb25375d6d1d,4,sample_step,0.0008744959999944513,0.000874496,8.669890434916117e-17,1.0000000000063451,5.5487298783463146e-15,1.0000000000063451
attacc_prefill-1024xdecode_256_ops_trace.csv,decode,4,191,29,GPU0,npu,20,"LN:-1,Q:0,K:0,V:0,Q:1,K:1,V:1,O:0,O:1,Add:-1,LN:-1,FFN_W1:0,FFN_W3:0,FFN_W1:1,FFN_W3:1,SwiGLU:0,SwiGLU:1,FFN_W2:0,FFN_W2:1,Add:-1",0.0004794696229151185,0.0005991424083709717,npu|decode|4|f47f2b13c8c0ddb8e4ddc9de5ce41aad,4,sample_step,0.030686055866567585,0.03834511413574219,0.00011967278545585317,1.2495940925897595,0.007659058269174603,1.2495940925897595
attacc_prefill-1024xdecode_256_ops_trace.csv,decode,4,191,29,PIM0,pim,3,"QK:0,Softmax:0,SV:0",1.3663999999913301e-05,1.3664e-05,pim|decode|4|8d3c4a27f3148da54f43fbe5a8786c55,4,sample_step,0.0008744959999944513,0.000874496,8.669890434916117e-17,1.0000000000063451,5.5487298783463146e-15,1.0000000000063451
attacc_prefill-1024xdecode_256_ops_trace.csv,decode,4,191,29,PIM1,pim,3,"QK:1,Softmax:1,SV:1",1.3663999999913301e-05,1.3664e-05,pim|decode|4|583a2f400a32ef30361deb25375d6d1d,4,sample_step,0.0008744959999944513,0.000874496,8.669890434916117e-17,1.0000000000063451,5.5487298783463146e-15,1.0000000000063451
attacc_prefill-1024xdecode_256_ops_trace.csv,decode,4,191,30,GPU0,npu,20,"LN:-1,Q:0,K:0,V:0,Q:1,K:1,V:1,O:0,O:1,Add:-1,LN:-1,FFN_W1:0,FFN_W3:0,FFN_W1:1,FFN_W3:1,SwiGLU:0,SwiGLU:1,FFN_W2:0,FFN_W2:1,Add:-1",0.0004794696229151185,0.0005991424083709717,npu|decode|4|f47f2b13c8c0ddb8e4ddc9de5ce41aad,4,sample_step,0.030686055866567585,0.03834511413574219,0.00011967278545585317,1.2495940925897595,0.007659058269174603,1.2495940925897595
attacc_prefill-1024xdecode_256_ops_trace.csv,decode,4,191,30,PIM0,pim,3,"QK:0,Softmax:0,SV:0",1.3663999999913301e-05,1.3664e-05,pim|decode|4|8d3c4a27f3148da54f43fbe5a8786c55,4,sample_step,0.0008744959999944513,0.000874496,8.669890434916117e-17,1.0000000000063451,5.5487298783463146e-15,1.0000000000063451
attacc_prefill-1024xdecode_256_ops_trace.csv,decode,4,191,30,PIM1,pim,3,"QK:1,Softmax:1,SV:1",1.3663999999913301e-05,1.3664e-05,pim|decode|4|583a2f400a32ef30361deb25375d6d1d,4,sample_step,0.0008744959999944513,0.000874496,8.669890434916117e-17,1.0000000000063451,5.5487298783463146e-15,1.0000000000063451
attacc_prefill-1024xdecode_256_ops_trace.csv,decode,4,191,31,GPU0,npu,20,"LN:-1,Q:0,K:0,V:0,Q:1,K:1,V:1,O:0,O:1,Add:-1,LN:-1,FFN_W1:0,FFN_W3:0,FFN_W1:1,FFN_W3:1,SwiGLU:0,SwiGLU:1,FFN_W2:0,FFN_W2:1,Add:-1",0.0004794696229151185,0.0005991424083709717,npu|decode|4|f47f2b13c8c0ddb8e4ddc9de5ce41aad,4,sample_step,0.030686055866567585,0.03834511413574219,0.00011967278545585317,1.2495940925897595,0.007659058269174603,1.2495940925897595
attacc_prefill-1024xdecode_256_ops_trace.csv,decode,4,191,31,PIM0,pim,3,"QK:0,Softmax:0,SV:0",1.3663999999913301e-05,1.3664e-05,pim|decode|4|8d3c4a27f3148da54f43fbe5a8786c55,4,sample_step,0.0008744959999944513,0.000874496,8.669890434916117e-17,1.0000000000063451,5.5487298783463146e-15,1.0000000000063451
attacc_prefill-1024xdecode_256_ops_trace.csv,decode,4,191,31,PIM1,pim,3,"QK:1,Softmax:1,SV:1",1.3663999999913301e-05,1.3664e-05,pim|decode|4|583a2f400a32ef30361deb25375d6d1d,4,sample_step,0.0008744959999944513,0.000874496,8.669890434916117e-17,1.0000000000063451,5.5487298783463146e-15,1.0000000000063451
