schedule,phase,sample_step,token_index,layer,device,device_type,n_ops,ops_repr,schedule_sum_s,measured_s,measured_key,measured_step,measured_mode,schedule_sum_scaled_s,measured_scaled_s,delta_s,ratio,delta_scaled_s,ratio_scaled
attn_on_pim_prefill-1024xdecode_256_ops_trace.csv,prefill,-1,-1,0,GPU0,npu,12,"LN:-1,Add:-1,LN:-1,FFN_W1:0,FFN_W3:0,FFN_W1:1,FFN_W3:1,SwiGLU:0,SwiGLU:1,FFN_W2:0,FFN_W2:1,Add:-1",0.012969732943399146,0.00255283203125,npu|prefill|-1|2ef4409498d14c672a4fbbfe6786cce6,-1,sample_step,0.012969732943399146,0.00255283203125,-0.010416900912149146,0.19682996114035223,-0.010416900912149146,0.19682996114035223
attn_on_pim_prefill-1024xdecode_256_ops_trace.csv,prefill,-1,-1,0,PIM0,pim,7,"Q:0,K:0,V:0,QK:0,Softmax:0,SV:0,O:0",0.030634956379166203,0.02742784,pim|prefill|-1|61397802f1888ea563dd9b1ea38edd23,-1,sample_step,0.030634956379166203,0.02742784,-0.003207116379166205,0.8953118672841572,-0.003207116379166205,0.8953118672841572
attn_on_pim_prefill-1024xdecode_256_ops_trace.csv,prefill,-1,-1,0,PIM1,pim,7,"Q:1,K:1,V:1,QK:1,Softmax:1,SV:1,O:1",0.030634956379166203,0.02742784,pim|prefill|-1|9c4e6c099d863efd94751a80c7e404c5,-1,sample_step,0.030634956379166203,0.02742784,-0.003207116379166205,0.8953118672841572,-0.003207116379166205,0.8953118672841572
attn_on_pim_prefill-1024xdecode_256_ops_trace.csv,prefill,-1,-1,1,GPU0,npu,12,"LN:-1,Add:-1,LN:-1,FFN_W1:0,FFN_W3:0,FFN_W1:1,FFN_W3:1,SwiGLU:0,SwiGLU:1,FFN_W2:0,FFN_W2:1,Add:-1",0.012969732943399176,0.00255283203125,npu|prefill|-1|2ef4409498d14c672a4fbbfe6786cce6,-1,sample_step,0.012969732943399176,0.00255283203125,-0.010416900912149175,0.19682996114035178,-0.010416900912149175,0.19682996114035178
attn_on_pim_prefill-1024xdecode_256_ops_trace.csv,prefill,-1,-1,1,PIM0,pim,7,"Q:0,K:0,V:0,QK:0,Softmax:0,SV:0,O:0",0.030634956379166304,0.02742784,pim|prefill|-1|61397802f1888ea563dd9b1ea38edd23,-1,sample_step,0.030634956379166304,0.02742784,-0.0032071163791663054,0.8953118672841544,-0.0032071163791663054,0.8953118672841544
attn_on_pim_prefill-1024xdecode_256_ops_trace.csv,prefill,-1,-1,1,PIM1,pim,7,"Q:1,K:1,V:1,QK:1,Softmax:1,SV:1,O:1",0.030634956379166304,0.02742784,pim|prefill|-1|9c4e6c099d863efd94751a80c7e404c5,-1,sample_step,0.030634956379166304,0.02742784,-0.0032071163791663054,0.8953118672841544,-0.0032071163791663054,0.8953118672841544
attn_on_pim_prefill-1024xdecode_256_ops_trace.csv,prefill,-1,-1,2,GPU0,npu,12,"LN:-1,Add:-1,LN:-1,FFN_W1:0,FFN_W3:0,FFN_W1:1,FFN_W3:1,SwiGLU:0,SwiGLU:1,FFN_W2:0,FFN_W2:1,Add:-1",0.012969732943399148,0.00255283203125,npu|prefill|-1|2ef4409498d14c672a4fbbfe6786cce6,-1,sample_step,0.012969732943399148,0.00255283203125,-0.010416900912149148,0.1968299611403522,-0.010416900912149148,0.1968299611403522
attn_on_pim_prefill-1024xdecode_256_ops_trace.csv,prefill,-1,-1,2,PIM0,pim,7,"Q:0,K:0,V:0,QK:0,Softmax:0,SV:0,O:0",0.030634956379166304,0.02742784,pim|prefill|-1|61397802f1888ea563dd9b1ea38edd23,-1,sample_step,0.030634956379166304,0.02742784,-0.0032071163791663054,0.8953118672841544,-0.0032071163791663054,0.8953118672841544
attn_on_pim_prefill-1024xdecode_256_ops_trace.csv,prefill,-1,-1,2,PIM1,pim,7,"Q:1,K:1,V:1,QK:1,Softmax:1,SV:1,O:1",0.030634956379166304,0.02742784,pim|prefill|-1|9c4e6c099d863efd94751a80c7e404c5,-1,sample_step,0.030634956379166304,0.02742784,-0.0032071163791663054,0.8953118672841544,-0.0032071163791663054,0.8953118672841544
attn_on_pim_prefill-1024xdecode_256_ops_trace.csv,prefill,-1,-1,3,GPU0,npu,12,"LN:-1,Add:-1,LN:-1,FFN_W1:0,FFN_W3:0,FFN_W1:1,FFN_W3:1,SwiGLU:0,SwiGLU:1,FFN_W2:0,FFN_W2:1,Add:-1",0.012969732943399148,0.00255283203125,npu|prefill|-1|2ef4409498d14c672a4fbbfe6786cce6,-1,sample_step,0.012969732943399148,0.00255283203125,-0.010416900912149148,0.1968299611403522,-0.010416900912149148,0.1968299611403522
attn_on_pim_prefill-1024xdecode_256_ops_trace.csv,prefill,-1,-1,3,PIM0,pim,7,"Q:0,K:0,V:0,QK:0,Softmax:0,SV:0,O:0",0.0306349563791663,0.02742784,pim|prefill|-1|61397802f1888ea563dd9b1ea38edd23,-1,sample_step,0.0306349563791663,0.02742784,-0.003207116379166302,0.8953118672841545,-0.003207116379166302,0.8953118672841545
attn_on_pim_prefill-1024xdecode_256_ops_trace.csv,prefill,-1,-1,3,PIM1,pim,7,"Q:1,K:1,V:1,QK:1,Softmax:1,SV:1,O:1",0.0306349563791663,0.02742784,pim|prefill|-1|9c4e6c099d863efd94751a80c7e404c5,-1,sample_step,0.0306349563791663,0.02742784,-0.003207116379166302,0.8953118672841545,-0.003207116379166302,0.8953118672841545
attn_on_pim_prefill-1024xdecode_256_ops_trace.csv,prefill,-1,-1,4,GPU0,npu,12,"LN:-1,Add:-1,LN:-1,FFN_W1:0,FFN_W3:0,FFN_W1:1,FFN_W3:1,SwiGLU:0,SwiGLU:1,FFN_W2:0,FFN_W2:1,Add:-1",0.012969732943399148,0.00255283203125,npu|prefill|-1|2ef4409498d14c672a4fbbfe6786cce6,-1,sample_step,0.012969732943399148,0.00255283203125,-0.010416900912149148,0.1968299611403522,-0.010416900912149148,0.1968299611403522
attn_on_pim_prefill-1024xdecode_256_ops_trace.csv,prefill,-1,-1,4,PIM0,pim,7,"Q:0,K:0,V:0,QK:0,Softmax:0,SV:0,O:0",0.0306349563791663,0.02742784,pim|prefill|-1|61397802f1888ea563dd9b1ea38edd23,-1,sample_step,0.0306349563791663,0.02742784,-0.003207116379166302,0.8953118672841545,-0.003207116379166302,0.8953118672841545
attn_on_pim_prefill-1024xdecode_256_ops_trace.csv,prefill,-1,-1,4,PIM1,pim,7,"Q:1,K:1,V:1,QK:1,Softmax:1,SV:1,O:1",0.0306349563791663,0.02742784,pim|prefill|-1|9c4e6c099d863efd94751a80c7e404c5,-1,sample_step,0.0306349563791663,0.02742784,-0.003207116379166302,0.8953118672841545,-0.003207116379166302,0.8953118672841545
attn_on_pim_prefill-1024xdecode_256_ops_trace.csv,prefill,-1,-1,5,GPU0,npu,12,"LN:-1,Add:-1,LN:-1,FFN_W1:0,FFN_W3:0,FFN_W1:1,FFN_W3:1,SwiGLU:0,SwiGLU:1,FFN_W2:0,FFN_W2:1,Add:-1",0.012969732943399176,0.00255283203125,npu|prefill|-1|2ef4409498d14c672a4fbbfe6786cce6,-1,sample_step,0.012969732943399176,0.00255283203125,-0.010416900912149175,0.19682996114035178,-0.010416900912149175,0.19682996114035178
attn_on_pim_prefill-1024xdecode_256_ops_trace.csv,prefill,-1,-1,5,PIM0,pim,7,"Q:0,K:0,V:0,QK:0,Softmax:0,SV:0,O:0",0.0306349563791663,0.02742784,pim|prefill|-1|61397802f1888ea563dd9b1ea38edd23,-1,sample_step,0.0306349563791663,0.02742784,-0.003207116379166302,0.8953118672841545,-0.003207116379166302,0.8953118672841545
attn_on_pim_prefill-1024xdecode_256_ops_trace.csv,prefill,-1,-1,5,PIM1,pim,7,"Q:1,K:1,V:1,QK:1,Softmax:1,SV:1,O:1",0.0306349563791663,0.02742784,pim|prefill|-1|9c4e6c099d863efd94751a80c7e404c5,-1,sample_step,0.0306349563791663,0.02742784,-0.003207116379166302,0.8953118672841545,-0.003207116379166302,0.8953118672841545
attn_on_pim_prefill-1024xdecode_256_ops_trace.csv,prefill,-1,-1,6,GPU0,npu,12,"LN:-1,Add:-1,LN:-1,FFN_W1:0,FFN_W3:0,FFN_W1:1,FFN_W3:1,SwiGLU:0,SwiGLU:1,FFN_W2:0,FFN_W2:1,Add:-1",0.012969732943399148,0.00255283203125,npu|prefill|-1|2ef4409498d14c672a4fbbfe6786cce6,-1,sample_step,0.012969732943399148,0.00255283203125,-0.010416900912149148,0.1968299611403522,-0.010416900912149148,0.1968299611403522
attn_on_pim_prefill-1024xdecode_256_ops_trace.csv,prefill,-1,-1,6,PIM0,pim,7,"Q:0,K:0,V:0,QK:0,Softmax:0,SV:0,O:0",0.030634956379166203,0.02742784,pim|prefill|-1|61397802f1888ea563dd9b1ea38edd23,-1,sample_step,0.030634956379166203,0.02742784,-0.003207116379166205,0.8953118672841572,-0.003207116379166205,0.8953118672841572
attn_on_pim_prefill-1024xdecode_256_ops_trace.csv,prefill,-1,-1,6,PIM1,pim,7,"Q:1,K:1,V:1,QK:1,Softmax:1,SV:1,O:1",0.030634956379166203,0.02742784,pim|prefill|-1|9c4e6c099d863efd94751a80c7e404c5,-1,sample_step,0.030634956379166203,0.02742784,-0.003207116379166205,0.8953118672841572,-0.003207116379166205,0.8953118672841572
attn_on_pim_prefill-1024xdecode_256_ops_trace.csv,prefill,-1,-1,7,GPU0,npu,12,"LN:-1,Add:-1,LN:-1,FFN_W1:0,FFN_W3:0,FFN_W1:1,FFN_W3:1,SwiGLU:0,SwiGLU:1,FFN_W2:0,FFN_W2:1,Add:-1",0.012969732943399148,0.00255283203125,npu|prefill|-1|2ef4409498d14c672a4fbbfe6786cce6,-1,sample_step,0.012969732943399148,0.00255283203125,-0.010416900912149148,0.1968299611403522,-0.010416900912149148,0.1968299611403522
attn_on_pim_prefill-1024xdecode_256_ops_trace.csv,prefill,-1,-1,7,PIM0,pim,7,"Q:0,K:0,V:0,QK:0,Softmax:0,SV:0,O:0",0.030634956379166203,0.02742784,pim|prefill|-1|61397802f1888ea563dd9b1ea38edd23,-1,sample_step,0.030634956379166203,0.02742784,-0.003207116379166205,0.8953118672841572,-0.003207116379166205,0.8953118672841572
attn_on_pim_prefill-1024xdecode_256_ops_trace.csv,prefill,-1,-1,7,PIM1,pim,7,"Q:1,K:1,V:1,QK:1,Softmax:1,SV:1,O:1",0.030634956379166203,0.02742784,pim|prefill|-1|9c4e6c099d863efd94751a80c7e404c5,-1,sample_step,0.030634956379166203,0.02742784,-0.003207116379166205,0.8953118672841572,-0.003207116379166205,0.8953118672841572
attn_on_pim_prefill-1024xdecode_256_ops_trace.csv,prefill,-1,-1,8,GPU0,npu,12,"LN:-1,Add:-1,LN:-1,FFN_W1:0,FFN_W3:0,FFN_W1:1,FFN_W3:1,SwiGLU:0,SwiGLU:1,FFN_W2:0,FFN_W2:1,Add:-1",0.012969732943399148,0.00255283203125,npu|prefill|-1|2ef4409498d14c672a4fbbfe6786cce6,-1,sample_step,0.012969732943399148,0.00255283203125,-0.010416900912149148,0.1968299611403522,-0.010416900912149148,0.1968299611403522
attn_on_pim_prefill-1024xdecode_256_ops_trace.csv,prefill,-1,-1,8,PIM0,pim,7,"Q:0,K:0,V:0,QK:0,Softmax:0,SV:0,O:0",0.030634956379166203,0.02742784,pim|prefill|-1|61397802f1888ea563dd9b1ea38edd23,-1,sample_step,0.030634956379166203,0.02742784,-0.003207116379166205,0.8953118672841572,-0.003207116379166205,0.8953118672841572
attn_on_pim_prefill-1024xdecode_256_ops_trace.csv,prefill,-1,-1,8,PIM1,pim,7,"Q:1,K:1,V:1,QK:1,Softmax:1,SV:1,O:1",0.030634956379166203,0.02742784,pim|prefill|-1|9c4e6c099d863efd94751a80c7e404c5,-1,sample_step,0.030634956379166203,0.02742784,-0.003207116379166205,0.8953118672841572,-0.003207116379166205,0.8953118672841572
attn_on_pim_prefill-1024xdecode_256_ops_trace.csv,prefill,-1,-1,9,GPU0,npu,12,"LN:-1,Add:-1,LN:-1,FFN_W1:0,FFN_W3:0,FFN_W1:1,FFN_W3:1,SwiGLU:0,SwiGLU:1,FFN_W2:0,FFN_W2:1,Add:-1",0.012969732943399148,0.00255283203125,npu|prefill|-1|2ef4409498d14c672a4fbbfe6786cce6,-1,sample_step,0.012969732943399148,0.00255283203125,-0.010416900912149148,0.1968299611403522,-0.010416900912149148,0.1968299611403522
attn_on_pim_prefill-1024xdecode_256_ops_trace.csv,prefill,-1,-1,9,PIM0,pim,7,"Q:0,K:0,V:0,QK:0,Softmax:0,SV:0,O:0",0.030634956379166203,0.02742784,pim|prefill|-1|61397802f1888ea563dd9b1ea38edd23,-1,sample_step,0.030634956379166203,0.02742784,-0.003207116379166205,0.8953118672841572,-0.003207116379166205,0.8953118672841572
attn_on_pim_prefill-1024xdecode_256_ops_trace.csv,prefill,-1,-1,9,PIM1,pim,7,"Q:1,K:1,V:1,QK:1,Softmax:1,SV:1,O:1",0.030634956379166203,0.02742784,pim|prefill|-1|9c4e6c099d863efd94751a80c7e404c5,-1,sample_step,0.030634956379166203,0.02742784,-0.003207116379166205,0.8953118672841572,-0.003207116379166205,0.8953118672841572
attn_on_pim_prefill-1024xdecode_256_ops_trace.csv,prefill,-1,-1,10,GPU0,npu,12,"LN:-1,Add:-1,LN:-1,FFN_W1:0,FFN_W3:0,FFN_W1:1,FFN_W3:1,SwiGLU:0,SwiGLU:1,FFN_W2:0,FFN_W2:1,Add:-1",0.012969732943399148,0.00255283203125,npu|prefill|-1|2ef4409498d14c672a4fbbfe6786cce6,-1,sample_step,0.012969732943399148,0.00255283203125,-0.010416900912149148,0.1968299611403522,-0.010416900912149148,0.1968299611403522
attn_on_pim_prefill-1024xdecode_256_ops_trace.csv,prefill,-1,-1,10,PIM0,pim,7,"Q:0,K:0,V:0,QK:0,Softmax:0,SV:0,O:0",0.030634956379166203,0.02742784,pim|prefill|-1|61397802f1888ea563dd9b1ea38edd23,-1,sample_step,0.030634956379166203,0.02742784,-0.003207116379166205,0.8953118672841572,-0.003207116379166205,0.8953118672841572
attn_on_pim_prefill-1024xdecode_256_ops_trace.csv,prefill,-1,-1,10,PIM1,pim,7,"Q:1,K:1,V:1,QK:1,Softmax:1,SV:1,O:1",0.030634956379166203,0.02742784,pim|prefill|-1|9c4e6c099d863efd94751a80c7e404c5,-1,sample_step,0.030634956379166203,0.02742784,-0.003207116379166205,0.8953118672841572,-0.003207116379166205,0.8953118672841572
attn_on_pim_prefill-1024xdecode_256_ops_trace.csv,prefill,-1,-1,11,GPU0,npu,12,"LN:-1,Add:-1,LN:-1,FFN_W1:0,FFN_W3:0,FFN_W1:1,FFN_W3:1,SwiGLU:0,SwiGLU:1,FFN_W2:0,FFN_W2:1,Add:-1",0.01296973294339884,0.00255283203125,npu|prefill|-1|2ef4409498d14c672a4fbbfe6786cce6,-1,sample_step,0.01296973294339884,0.00255283203125,-0.010416900912148839,0.1968299611403569,-0.010416900912148839,0.1968299611403569
attn_on_pim_prefill-1024xdecode_256_ops_trace.csv,prefill,-1,-1,11,PIM0,pim,7,"Q:0,K:0,V:0,QK:0,Softmax:0,SV:0,O:0",0.030634956379166203,0.02742784,pim|prefill|-1|61397802f1888ea563dd9b1ea38edd23,-1,sample_step,0.030634956379166203,0.02742784,-0.003207116379166205,0.8953118672841572,-0.003207116379166205,0.8953118672841572
attn_on_pim_prefill-1024xdecode_256_ops_trace.csv,prefill,-1,-1,11,PIM1,pim,7,"Q:1,K:1,V:1,QK:1,Softmax:1,SV:1,O:1",0.030634956379166203,0.02742784,pim|prefill|-1|9c4e6c099d863efd94751a80c7e404c5,-1,sample_step,0.030634956379166203,0.02742784,-0.003207116379166205,0.8953118672841572,-0.003207116379166205,0.8953118672841572
attn_on_pim_prefill-1024xdecode_256_ops_trace.csv,prefill,-1,-1,12,GPU0,npu,12,"LN:-1,Add:-1,LN:-1,FFN_W1:0,FFN_W3:0,FFN_W1:1,FFN_W3:1,SwiGLU:0,SwiGLU:1,FFN_W2:0,FFN_W2:1,Add:-1",0.01296973294339884,0.00255283203125,npu|prefill|-1|2ef4409498d14c672a4fbbfe6786cce6,-1,sample_step,0.01296973294339884,0.00255283203125,-0.010416900912148839,0.1968299611403569,-0.010416900912148839,0.1968299611403569
attn_on_pim_prefill-1024xdecode_256_ops_trace.csv,prefill,-1,-1,12,PIM0,pim,7,"Q:0,K:0,V:0,QK:0,Softmax:0,SV:0,O:0",0.030634956379166203,0.02742784,pim|prefill|-1|61397802f1888ea563dd9b1ea38edd23,-1,sample_step,0.030634956379166203,0.02742784,-0.003207116379166205,0.8953118672841572,-0.003207116379166205,0.8953118672841572
attn_on_pim_prefill-1024xdecode_256_ops_trace.csv,prefill,-1,-1,12,PIM1,pim,7,"Q:1,K:1,V:1,QK:1,Softmax:1,SV:1,O:1",0.030634956379166203,0.02742784,pim|prefill|-1|9c4e6c099d863efd94751a80c7e404c5,-1,sample_step,0.030634956379166203,0.02742784,-0.003207116379166205,0.8953118672841572,-0.003207116379166205,0.8953118672841572
attn_on_pim_prefill-1024xdecode_256_ops_trace.csv,prefill,-1,-1,13,GPU0,npu,12,"LN:-1,Add:-1,LN:-1,FFN_W1:0,FFN_W3:0,FFN_W1:1,FFN_W3:1,SwiGLU:0,SwiGLU:1,FFN_W2:0,FFN_W2:1,Add:-1",0.01296973294339884,0.00255283203125,npu|prefill|-1|2ef4409498d14c672a4fbbfe6786cce6,-1,sample_step,0.01296973294339884,0.00255283203125,-0.010416900912148839,0.1968299611403569,-0.010416900912148839,0.1968299611403569
attn_on_pim_prefill-1024xdecode_256_ops_trace.csv,prefill,-1,-1,13,PIM0,pim,7,"Q:0,K:0,V:0,QK:0,Softmax:0,SV:0,O:0",0.030634956379166203,0.02742784,pim|prefill|-1|61397802f1888ea563dd9b1ea38edd23,-1,sample_step,0.030634956379166203,0.02742784,-0.003207116379166205,0.8953118672841572,-0.003207116379166205,0.8953118672841572
attn_on_pim_prefill-1024xdecode_256_ops_trace.csv,prefill,-1,-1,13,PIM1,pim,7,"Q:1,K:1,V:1,QK:1,Softmax:1,SV:1,O:1",0.030634956379166203,0.02742784,pim|prefill|-1|9c4e6c099d863efd94751a80c7e404c5,-1,sample_step,0.030634956379166203,0.02742784,-0.003207116379166205,0.8953118672841572,-0.003207116379166205,0.8953118672841572
attn_on_pim_prefill-1024xdecode_256_ops_trace.csv,prefill,-1,-1,14,GPU0,npu,12,"LN:-1,Add:-1,LN:-1,FFN_W1:0,FFN_W3:0,FFN_W1:1,FFN_W3:1,SwiGLU:0,SwiGLU:1,FFN_W2:0,FFN_W2:1,Add:-1",0.01296973294339884,0.00255283203125,npu|prefill|-1|2ef4409498d14c672a4fbbfe6786cce6,-1,sample_step,0.01296973294339884,0.00255283203125,-0.010416900912148839,0.1968299611403569,-0.010416900912148839,0.1968299611403569
attn_on_pim_prefill-1024xdecode_256_ops_trace.csv,prefill,-1,-1,14,PIM0,pim,7,"Q:0,K:0,V:0,QK:0,Softmax:0,SV:0,O:0",0.030634956379166203,0.02742784,pim|prefill|-1|61397802f1888ea563dd9b1ea38edd23,-1,sample_step,0.030634956379166203,0.02742784,-0.003207116379166205,0.8953118672841572,-0.003207116379166205,0.8953118672841572
attn_on_pim_prefill-1024xdecode_256_ops_trace.csv,prefill,-1,-1,14,PIM1,pim,7,"Q:1,K:1,V:1,QK:1,Softmax:1,SV:1,O:1",0.030634956379166203,0.02742784,pim|prefill|-1|9c4e6c099d863efd94751a80c7e404c5,-1,sample_step,0.030634956379166203,0.02742784,-0.003207116379166205,0.8953118672841572,-0.003207116379166205,0.8953118672841572
attn_on_pim_prefill-1024xdecode_256_ops_trace.csv,prefill,-1,-1,15,GPU0,npu,12,"LN:-1,Add:-1,LN:-1,FFN_W1:0,FFN_W3:0,FFN_W1:1,FFN_W3:1,SwiGLU:0,SwiGLU:1,FFN_W2:0,FFN_W2:1,Add:-1",0.01296973294339884,0.00255283203125,npu|prefill|-1|2ef4409498d14c672a4fbbfe6786cce6,-1,sample_step,0.01296973294339884,0.00255283203125,-0.010416900912148839,0.1968299611403569,-0.010416900912148839,0.1968299611403569
attn_on_pim_prefill-1024xdecode_256_ops_trace.csv,prefill,-1,-1,15,PIM0,pim,7,"Q:0,K:0,V:0,QK:0,Softmax:0,SV:0,O:0",0.030634956379166203,0.02742784,pim|prefill|-1|61397802f1888ea563dd9b1ea38edd23,-1,sample_step,0.030634956379166203,0.02742784,-0.003207116379166205,0.8953118672841572,-0.003207116379166205,0.8953118672841572
attn_on_pim_prefill-1024xdecode_256_ops_trace.csv,prefill,-1,-1,15,PIM1,pim,7,"Q:1,K:1,V:1,QK:1,Softmax:1,SV:1,O:1",0.030634956379166203,0.02742784,pim|prefill|-1|9c4e6c099d863efd94751a80c7e404c5,-1,sample_step,0.030634956379166203,0.02742784,-0.003207116379166205,0.8953118672841572,-0.003207116379166205,0.8953118672841572
attn_on_pim_prefill-1024xdecode_256_ops_trace.csv,prefill,-1,-1,16,GPU0,npu,12,"LN:-1,Add:-1,LN:-1,FFN_W1:0,FFN_W3:0,FFN_W1:1,FFN_W3:1,SwiGLU:0,SwiGLU:1,FFN_W2:0,FFN_W2:1,Add:-1",0.01296973294339884,0.00255283203125,npu|prefill|-1|2ef4409498d14c672a4fbbfe6786cce6,-1,sample_step,0.01296973294339884,0.00255283203125,-0.010416900912148839,0.1968299611403569,-0.010416900912148839,0.1968299611403569
attn_on_pim_prefill-1024xdecode_256_ops_trace.csv,prefill,-1,-1,16,PIM0,pim,7,"Q:0,K:0,V:0,QK:0,Softmax:0,SV:0,O:0",0.030634956379166203,0.02742784,pim|prefill|-1|61397802f1888ea563dd9b1ea38edd23,-1,sample_step,0.030634956379166203,0.02742784,-0.003207116379166205,0.8953118672841572,-0.003207116379166205,0.8953118672841572
attn_on_pim_prefill-1024xdecode_256_ops_trace.csv,prefill,-1,-1,16,PIM1,pim,7,"Q:1,K:1,V:1,QK:1,Softmax:1,SV:1,O:1",0.030634956379166203,0.02742784,pim|prefill|-1|9c4e6c099d863efd94751a80c7e404c5,-1,sample_step,0.030634956379166203,0.02742784,-0.003207116379166205,0.8953118672841572,-0.003207116379166205,0.8953118672841572
attn_on_pim_prefill-1024xdecode_256_ops_trace.csv,prefill,-1,-1,17,GPU0,npu,12,"LN:-1,Add:-1,LN:-1,FFN_W1:0,FFN_W3:0,FFN_W1:1,FFN_W3:1,SwiGLU:0,SwiGLU:1,FFN_W2:0,FFN_W2:1,Add:-1",0.01296973294339884,0.00255283203125,npu|prefill|-1|2ef4409498d14c672a4fbbfe6786cce6,-1,sample_step,0.01296973294339884,0.00255283203125,-0.010416900912148839,0.1968299611403569,-0.010416900912148839,0.1968299611403569
attn_on_pim_prefill-1024xdecode_256_ops_trace.csv,prefill,-1,-1,17,PIM0,pim,7,"Q:0,K:0,V:0,QK:0,Softmax:0,SV:0,O:0",0.030634956379166203,0.02742784,pim|prefill|-1|61397802f1888ea563dd9b1ea38edd23,-1,sample_step,0.030634956379166203,0.02742784,-0.003207116379166205,0.8953118672841572,-0.003207116379166205,0.8953118672841572
attn_on_pim_prefill-1024xdecode_256_ops_trace.csv,prefill,-1,-1,17,PIM1,pim,7,"Q:1,K:1,V:1,QK:1,Softmax:1,SV:1,O:1",0.030634956379166203,0.02742784,pim|prefill|-1|9c4e6c099d863efd94751a80c7e404c5,-1,sample_step,0.030634956379166203,0.02742784,-0.003207116379166205,0.8953118672841572,-0.003207116379166205,0.8953118672841572
attn_on_pim_prefill-1024xdecode_256_ops_trace.csv,prefill,-1,-1,18,GPU0,npu,12,"LN:-1,Add:-1,LN:-1,FFN_W1:0,FFN_W3:0,FFN_W1:1,FFN_W3:1,SwiGLU:0,SwiGLU:1,FFN_W2:0,FFN_W2:1,Add:-1",0.01296973294339884,0.00255283203125,npu|prefill|-1|2ef4409498d14c672a4fbbfe6786cce6,-1,sample_step,0.01296973294339884,0.00255283203125,-0.010416900912148839,0.1968299611403569,-0.010416900912148839,0.1968299611403569
attn_on_pim_prefill-1024xdecode_256_ops_trace.csv,prefill,-1,-1,18,PIM0,pim,7,"Q:0,K:0,V:0,QK:0,Softmax:0,SV:0,O:0",0.030634956379166203,0.02742784,pim|prefill|-1|61397802f1888ea563dd9b1ea38edd23,-1,sample_step,0.030634956379166203,0.02742784,-0.003207116379166205,0.8953118672841572,-0.003207116379166205,0.8953118672841572
attn_on_pim_prefill-1024xdecode_256_ops_trace.csv,prefill,-1,-1,18,PIM1,pim,7,"Q:1,K:1,V:1,QK:1,Softmax:1,SV:1,O:1",0.030634956379166203,0.02742784,pim|prefill|-1|9c4e6c099d863efd94751a80c7e404c5,-1,sample_step,0.030634956379166203,0.02742784,-0.003207116379166205,0.8953118672841572,-0.003207116379166205,0.8953118672841572
attn_on_pim_prefill-1024xdecode_256_ops_trace.csv,prefill,-1,-1,19,GPU0,npu,12,"LN:-1,Add:-1,LN:-1,FFN_W1:0,FFN_W3:0,FFN_W1:1,FFN_W3:1,SwiGLU:0,SwiGLU:1,FFN_W2:0,FFN_W2:1,Add:-1",0.01296973294339884,0.00255283203125,npu|prefill|-1|2ef4409498d14c672a4fbbfe6786cce6,-1,sample_step,0.01296973294339884,0.00255283203125,-0.010416900912148839,0.1968299611403569,-0.010416900912148839,0.1968299611403569
attn_on_pim_prefill-1024xdecode_256_ops_trace.csv,prefill,-1,-1,19,PIM0,pim,7,"Q:0,K:0,V:0,QK:0,Softmax:0,SV:0,O:0",0.030634956379166203,0.02742784,pim|prefill|-1|61397802f1888ea563dd9b1ea38edd23,-1,sample_step,0.030634956379166203,0.02742784,-0.003207116379166205,0.8953118672841572,-0.003207116379166205,0.8953118672841572
attn_on_pim_prefill-1024xdecode_256_ops_trace.csv,prefill,-1,-1,19,PIM1,pim,7,"Q:1,K:1,V:1,QK:1,Softmax:1,SV:1,O:1",0.030634956379166203,0.02742784,pim|prefill|-1|9c4e6c099d863efd94751a80c7e404c5,-1,sample_step,0.030634956379166203,0.02742784,-0.003207116379166205,0.8953118672841572,-0.003207116379166205,0.8953118672841572
attn_on_pim_prefill-1024xdecode_256_ops_trace.csv,prefill,-1,-1,20,GPU0,npu,12,"LN:-1,Add:-1,LN:-1,FFN_W1:0,FFN_W3:0,FFN_W1:1,FFN_W3:1,SwiGLU:0,SwiGLU:1,FFN_W2:0,FFN_W2:1,Add:-1",0.01296973294339884,0.00255283203125,npu|prefill|-1|2ef4409498d14c672a4fbbfe6786cce6,-1,sample_step,0.01296973294339884,0.00255283203125,-0.010416900912148839,0.1968299611403569,-0.010416900912148839,0.1968299611403569
attn_on_pim_prefill-1024xdecode_256_ops_trace.csv,prefill,-1,-1,20,PIM0,pim,7,"Q:0,K:0,V:0,QK:0,Softmax:0,SV:0,O:0",0.030634956379166203,0.02742784,pim|prefill|-1|61397802f1888ea563dd9b1ea38edd23,-1,sample_step,0.030634956379166203,0.02742784,-0.003207116379166205,0.8953118672841572,-0.003207116379166205,0.8953118672841572
attn_on_pim_prefill-1024xdecode_256_ops_trace.csv,prefill,-1,-1,20,PIM1,pim,7,"Q:1,K:1,V:1,QK:1,Softmax:1,SV:1,O:1",0.030634956379166203,0.02742784,pim|prefill|-1|9c4e6c099d863efd94751a80c7e404c5,-1,sample_step,0.030634956379166203,0.02742784,-0.003207116379166205,0.8953118672841572,-0.003207116379166205,0.8953118672841572
attn_on_pim_prefill-1024xdecode_256_ops_trace.csv,prefill,-1,-1,21,GPU0,npu,12,"LN:-1,Add:-1,LN:-1,FFN_W1:0,FFN_W3:0,FFN_W1:1,FFN_W3:1,SwiGLU:0,SwiGLU:1,FFN_W2:0,FFN_W2:1,Add:-1",0.01296973294339884,0.00255283203125,npu|prefill|-1|2ef4409498d14c672a4fbbfe6786cce6,-1,sample_step,0.01296973294339884,0.00255283203125,-0.010416900912148839,0.1968299611403569,-0.010416900912148839,0.1968299611403569
attn_on_pim_prefill-1024xdecode_256_ops_trace.csv,prefill,-1,-1,21,PIM0,pim,7,"Q:0,K:0,V:0,QK:0,Softmax:0,SV:0,O:0",0.030634956379166203,0.02742784,pim|prefill|-1|61397802f1888ea563dd9b1ea38edd23,-1,sample_step,0.030634956379166203,0.02742784,-0.003207116379166205,0.8953118672841572,-0.003207116379166205,0.8953118672841572
attn_on_pim_prefill-1024xdecode_256_ops_trace.csv,prefill,-1,-1,21,PIM1,pim,7,"Q:1,K:1,V:1,QK:1,Softmax:1,SV:1,O:1",0.030634956379166203,0.02742784,pim|prefill|-1|9c4e6c099d863efd94751a80c7e404c5,-1,sample_step,0.030634956379166203,0.02742784,-0.003207116379166205,0.8953118672841572,-0.003207116379166205,0.8953118672841572
attn_on_pim_prefill-1024xdecode_256_ops_trace.csv,prefill,-1,-1,22,GPU0,npu,12,"LN:-1,Add:-1,LN:-1,FFN_W1:0,FFN_W3:0,FFN_W1:1,FFN_W3:1,SwiGLU:0,SwiGLU:1,FFN_W2:0,FFN_W2:1,Add:-1",0.01296973294339937,0.00255283203125,npu|prefill|-1|2ef4409498d14c672a4fbbfe6786cce6,-1,sample_step,0.01296973294339937,0.00255283203125,-0.01041690091214937,0.19682996114034884,-0.01041690091214937,0.19682996114034884
attn_on_pim_prefill-1024xdecode_256_ops_trace.csv,prefill,-1,-1,22,PIM0,pim,7,"Q:0,K:0,V:0,QK:0,Softmax:0,SV:0,O:0",0.0306349563791662,0.02742784,pim|prefill|-1|61397802f1888ea563dd9b1ea38edd23,-1,sample_step,0.0306349563791662,0.02742784,-0.0032071163791662013,0.8953118672841573,-0.0032071163791662013,0.8953118672841573
attn_on_pim_prefill-1024xdecode_256_ops_trace.csv,prefill,-1,-1,22,PIM1,pim,7,"Q:1,K:1,V:1,QK:1,Softmax:1,SV:1,O:1",0.0306349563791662,0.02742784,pim|prefill|-1|9c4e6c099d863efd94751a80c7e404c5,-1,sample_step,0.0306349563791662,0.02742784,-0.0032071163791662013,0.8953118672841573,-0.0032071163791662013,0.8953118672841573
attn_on_pim_prefill-1024xdecode_256_ops_trace.csv,prefill,-1,-1,23,GPU0,npu,12,"LN:-1,Add:-1,LN:-1,FFN_W1:0,FFN_W3:0,FFN_W1:1,FFN_W3:1,SwiGLU:0,SwiGLU:1,FFN_W2:0,FFN_W2:1,Add:-1",0.012969732943399481,0.00255283203125,npu|prefill|-1|2ef4409498d14c672a4fbbfe6786cce6,-1,sample_step,0.012969732943399481,0.00255283203125,-0.01041690091214948,0.19682996114034715,-0.01041690091214948,0.19682996114034715
attn_on_pim_prefill-1024xdecode_256_ops_trace.csv,prefill,-1,-1,23,PIM0,pim,7,"Q:0,K:0,V:0,QK:0,Softmax:0,SV:0,O:0",0.030634956379165898,0.02742784,pim|prefill|-1|61397802f1888ea563dd9b1ea38edd23,-1,sample_step,0.030634956379165898,0.02742784,-0.0032071163791658995,0.8953118672841662,-0.0032071163791658995,0.8953118672841662
attn_on_pim_prefill-1024xdecode_256_ops_trace.csv,prefill,-1,-1,23,PIM1,pim,7,"Q:1,K:1,V:1,QK:1,Softmax:1,SV:1,O:1",0.030634956379165898,0.02742784,pim|prefill|-1|9c4e6c099d863efd94751a80c7e404c5,-1,sample_step,0.030634956379165898,0.02742784,-0.0032071163791658995,0.8953118672841662,-0.0032071163791658995,0.8953118672841662
attn_on_pim_prefill-1024xdecode_256_ops_trace.csv,prefill,-1,-1,24,GPU0,npu,12,"LN:-1,Add:-1,LN:-1,FFN_W1:0,FFN_W3:0,FFN_W1:1,FFN_W3:1,SwiGLU:0,SwiGLU:1,FFN_W2:0,FFN_W2:1,Add:-1",0.012969732943399481,0.00255283203125,npu|prefill|-1|2ef4409498d14c672a4fbbfe6786cce6,-1,sample_step,0.012969732943399481,0.00255283203125,-0.01041690091214948,0.19682996114034715,-0.01041690091214948,0.19682996114034715
attn_on_pim_prefill-1024xdecode_256_ops_trace.csv,prefill,-1,-1,24,PIM0,pim,7,"Q:0,K:0,V:0,QK:0,Softmax:0,SV:0,O:0",0.030634956379165898,0.02742784,pim|prefill|-1|61397802f1888ea563dd9b1ea38edd23,-1,sample_step,0.030634956379165898,0.02742784,-0.0032071163791658995,0.8953118672841662,-0.0032071163791658995,0.8953118672841662
attn_on_pim_prefill-1024xdecode_256_ops_trace.csv,prefill,-1,-1,24,PIM1,pim,7,"Q:1,K:1,V:1,QK:1,Softmax:1,SV:1,O:1",0.030634956379165898,0.02742784,pim|prefill|-1|9c4e6c099d863efd94751a80c7e404c5,-1,sample_step,0.030634956379165898,0.02742784,-0.0032071163791658995,0.8953118672841662,-0.0032071163791658995,0.8953118672841662
attn_on_pim_prefill-1024xdecode_256_ops_trace.csv,prefill,-1,-1,25,GPU0,npu,12,"LN:-1,Add:-1,LN:-1,FFN_W1:0,FFN_W3:0,FFN_W1:1,FFN_W3:1,SwiGLU:0,SwiGLU:1,FFN_W2:0,FFN_W2:1,Add:-1",0.012969732943399481,0.00255283203125,npu|prefill|-1|2ef4409498d14c672a4fbbfe6786cce6,-1,sample_step,0.012969732943399481,0.00255283203125,-0.01041690091214948,0.19682996114034715,-0.01041690091214948,0.19682996114034715
attn_on_pim_prefill-1024xdecode_256_ops_trace.csv,prefill,-1,-1,25,PIM0,pim,7,"Q:0,K:0,V:0,QK:0,Softmax:0,SV:0,O:0",0.030634956379165898,0.02742784,pim|prefill|-1|61397802f1888ea563dd9b1ea38edd23,-1,sample_step,0.030634956379165898,0.02742784,-0.0032071163791658995,0.8953118672841662,-0.0032071163791658995,0.8953118672841662
attn_on_pim_prefill-1024xdecode_256_ops_trace.csv,prefill,-1,-1,25,PIM1,pim,7,"Q:1,K:1,V:1,QK:1,Softmax:1,SV:1,O:1",0.030634956379165898,0.02742784,pim|prefill|-1|9c4e6c099d863efd94751a80c7e404c5,-1,sample_step,0.030634956379165898,0.02742784,-0.0032071163791658995,0.8953118672841662,-0.0032071163791658995,0.8953118672841662
attn_on_pim_prefill-1024xdecode_256_ops_trace.csv,prefill,-1,-1,26,GPU0,npu,12,"LN:-1,Add:-1,LN:-1,FFN_W1:0,FFN_W3:0,FFN_W1:1,FFN_W3:1,SwiGLU:0,SwiGLU:1,FFN_W2:0,FFN_W2:1,Add:-1",0.012969732943399481,0.00255283203125,npu|prefill|-1|2ef4409498d14c672a4fbbfe6786cce6,-1,sample_step,0.012969732943399481,0.00255283203125,-0.01041690091214948,0.19682996114034715,-0.01041690091214948,0.19682996114034715
attn_on_pim_prefill-1024xdecode_256_ops_trace.csv,prefill,-1,-1,26,PIM0,pim,7,"Q:0,K:0,V:0,QK:0,Softmax:0,SV:0,O:0",0.030634956379165898,0.02742784,pim|prefill|-1|61397802f1888ea563dd9b1ea38edd23,-1,sample_step,0.030634956379165898,0.02742784,-0.0032071163791658995,0.8953118672841662,-0.0032071163791658995,0.8953118672841662
attn_on_pim_prefill-1024xdecode_256_ops_trace.csv,prefill,-1,-1,26,PIM1,pim,7,"Q:1,K:1,V:1,QK:1,Softmax:1,SV:1,O:1",0.030634956379165898,0.02742784,pim|prefill|-1|9c4e6c099d863efd94751a80c7e404c5,-1,sample_step,0.030634956379165898,0.02742784,-0.0032071163791658995,0.8953118672841662,-0.0032071163791658995,0.8953118672841662
attn_on_pim_prefill-1024xdecode_256_ops_trace.csv,prefill,-1,-1,27,GPU0,npu,12,"LN:-1,Add:-1,LN:-1,FFN_W1:0,FFN_W3:0,FFN_W1:1,FFN_W3:1,SwiGLU:0,SwiGLU:1,FFN_W2:0,FFN_W2:1,Add:-1",0.012969732943399481,0.00255283203125,npu|prefill|-1|2ef4409498d14c672a4fbbfe6786cce6,-1,sample_step,0.012969732943399481,0.00255283203125,-0.01041690091214948,0.19682996114034715,-0.01041690091214948,0.19682996114034715
attn_on_pim_prefill-1024xdecode_256_ops_trace.csv,prefill,-1,-1,27,PIM0,pim,7,"Q:0,K:0,V:0,QK:0,Softmax:0,SV:0,O:0",0.030634956379165898,0.02742784,pim|prefill|-1|61397802f1888ea563dd9b1ea38edd23,-1,sample_step,0.030634956379165898,0.02742784,-0.0032071163791658995,0.8953118672841662,-0.0032071163791658995,0.8953118672841662
attn_on_pim_prefill-1024xdecode_256_ops_trace.csv,prefill,-1,-1,27,PIM1,pim,7,"Q:1,K:1,V:1,QK:1,Softmax:1,SV:1,O:1",0.030634956379165898,0.02742784,pim|prefill|-1|9c4e6c099d863efd94751a80c7e404c5,-1,sample_step,0.030634956379165898,0.02742784,-0.0032071163791658995,0.8953118672841662,-0.0032071163791658995,0.8953118672841662
attn_on_pim_prefill-1024xdecode_256_ops_trace.csv,prefill,-1,-1,28,GPU0,npu,12,"LN:-1,Add:-1,LN:-1,FFN_W1:0,FFN_W3:0,FFN_W1:1,FFN_W3:1,SwiGLU:0,SwiGLU:1,FFN_W2:0,FFN_W2:1,Add:-1",0.012969732943399481,0.00255283203125,npu|prefill|-1|2ef4409498d14c672a4fbbfe6786cce6,-1,sample_step,0.012969732943399481,0.00255283203125,-0.01041690091214948,0.19682996114034715,-0.01041690091214948,0.19682996114034715
attn_on_pim_prefill-1024xdecode_256_ops_trace.csv,prefill,-1,-1,28,PIM0,pim,7,"Q:0,K:0,V:0,QK:0,Softmax:0,SV:0,O:0",0.030634956379165898,0.02742784,pim|prefill|-1|61397802f1888ea563dd9b1ea38edd23,-1,sample_step,0.030634956379165898,0.02742784,-0.0032071163791658995,0.8953118672841662,-0.0032071163791658995,0.8953118672841662
attn_on_pim_prefill-1024xdecode_256_ops_trace.csv,prefill,-1,-1,28,PIM1,pim,7,"Q:1,K:1,V:1,QK:1,Softmax:1,SV:1,O:1",0.030634956379165898,0.02742784,pim|prefill|-1|9c4e6c099d863efd94751a80c7e404c5,-1,sample_step,0.030634956379165898,0.02742784,-0.0032071163791658995,0.8953118672841662,-0.0032071163791658995,0.8953118672841662
attn_on_pim_prefill-1024xdecode_256_ops_trace.csv,prefill,-1,-1,29,GPU0,npu,12,"LN:-1,Add:-1,LN:-1,FFN_W1:0,FFN_W3:0,FFN_W1:1,FFN_W3:1,SwiGLU:0,SwiGLU:1,FFN_W2:0,FFN_W2:1,Add:-1",0.012969732943399481,0.00255283203125,npu|prefill|-1|2ef4409498d14c672a4fbbfe6786cce6,-1,sample_step,0.012969732943399481,0.00255283203125,-0.01041690091214948,0.19682996114034715,-0.01041690091214948,0.19682996114034715
attn_on_pim_prefill-1024xdecode_256_ops_trace.csv,prefill,-1,-1,29,PIM0,pim,7,"Q:0,K:0,V:0,QK:0,Softmax:0,SV:0,O:0",0.030634956379165898,0.02742784,pim|prefill|-1|61397802f1888ea563dd9b1ea38edd23,-1,sample_step,0.030634956379165898,0.02742784,-0.0032071163791658995,0.8953118672841662,-0.0032071163791658995,0.8953118672841662
attn_on_pim_prefill-1024xdecode_256_ops_trace.csv,prefill,-1,-1,29,PIM1,pim,7,"Q:1,K:1,V:1,QK:1,Softmax:1,SV:1,O:1",0.030634956379165898,0.02742784,pim|prefill|-1|9c4e6c099d863efd94751a80c7e404c5,-1,sample_step,0.030634956379165898,0.02742784,-0.0032071163791658995,0.8953118672841662,-0.0032071163791658995,0.8953118672841662
attn_on_pim_prefill-1024xdecode_256_ops_trace.csv,prefill,-1,-1,30,GPU0,npu,12,"LN:-1,Add:-1,LN:-1,FFN_W1:0,FFN_W3:0,FFN_W1:1,FFN_W3:1,SwiGLU:0,SwiGLU:1,FFN_W2:0,FFN_W2:1,Add:-1",0.012969732943399481,0.00255283203125,npu|prefill|-1|2ef4409498d14c672a4fbbfe6786cce6,-1,sample_step,0.012969732943399481,0.00255283203125,-0.01041690091214948,0.19682996114034715,-0.01041690091214948,0.19682996114034715
attn_on_pim_prefill-1024xdecode_256_ops_trace.csv,prefill,-1,-1,30,PIM0,pim,7,"Q:0,K:0,V:0,QK:0,Softmax:0,SV:0,O:0",0.030634956379165898,0.02742784,pim|prefill|-1|61397802f1888ea563dd9b1ea38edd23,-1,sample_step,0.030634956379165898,0.02742784,-0.0032071163791658995,0.8953118672841662,-0.0032071163791658995,0.8953118672841662
attn_on_pim_prefill-1024xdecode_256_ops_trace.csv,prefill,-1,-1,30,PIM1,pim,7,"Q:1,K:1,V:1,QK:1,Softmax:1,SV:1,O:1",0.030634956379165898,0.02742784,pim|prefill|-1|9c4e6c099d863efd94751a80c7e404c5,-1,sample_step,0.030634956379165898,0.02742784,-0.0032071163791658995,0.8953118672841662,-0.0032071163791658995,0.8953118672841662
attn_on_pim_prefill-1024xdecode_256_ops_trace.csv,prefill,-1,-1,31,GPU0,npu,12,"LN:-1,Add:-1,LN:-1,FFN_W1:0,FFN_W3:0,FFN_W1:1,FFN_W3:1,SwiGLU:0,SwiGLU:1,FFN_W2:0,FFN_W2:1,Add:-1",0.012969732943399481,0.00255283203125,npu|prefill|-1|2ef4409498d14c672a4fbbfe6786cce6,-1,sample_step,0.012969732943399481,0.00255283203125,-0.01041690091214948,0.19682996114034715,-0.01041690091214948,0.19682996114034715
attn_on_pim_prefill-1024xdecode_256_ops_trace.csv,prefill,-1,-1,31,PIM0,pim,7,"Q:0,K:0,V:0,QK:0,Softmax:0,SV:0,O:0",0.030634956379165898,0.02742784,pim|prefill|-1|61397802f1888ea563dd9b1ea38edd23,-1,sample_step,0.030634956379165898,0.02742784,-0.0032071163791658995,0.8953118672841662,-0.0032071163791658995,0.8953118672841662
attn_on_pim_prefill-1024xdecode_256_ops_trace.csv,prefill,-1,-1,31,PIM1,pim,7,"Q:1,K:1,V:1,QK:1,Softmax:1,SV:1,O:1",0.030634956379165898,0.02742784,pim|prefill|-1|9c4e6c099d863efd94751a80c7e404c5,-1,sample_step,0.030634956379165898,0.02742784,-0.0032071163791658995,0.8953118672841662,-0.0032071163791658995,0.8953118672841662
attn_on_pim_prefill-1024xdecode_256_ops_trace.csv,decode,0,0,0,GPU0,npu,12,"LN:-1,Add:-1,LN:-1,FFN_W1:0,FFN_W3:0,FFN_W1:1,FFN_W3:1,SwiGLU:0,SwiGLU:1,FFN_W2:0,FFN_W2:1,Add:-1",0.00032135900410334983,0.00036290559768676755,npu|decode|0|2ef4409498d14c672a4fbbfe6786cce6,0,sample_step,0.00032135900410334983,0.00036290559768676755,4.1546593583417714e-05,1.1292840500901484,4.1546593583417714e-05,1.1292840500901484
attn_on_pim_prefill-1024xdecode_256_ops_trace.csv,decode,0,0,0,PIM0,pim,7,"Q:0,K:0,V:0,QK:0,Softmax:0,SV:0,O:0",3.0599697265598635e-05,3.0525e-05,pim|decode|0|61397802f1888ea563dd9b1ea38edd23,0,sample_step,3.0599697265598635e-05,3.0525e-05,-7.46972655986321e-08,0.9975588887383338,-7.46972655986321e-08,0.9975588887383338
attn_on_pim_prefill-1024xdecode_256_ops_trace.csv,decode,0,0,0,PIM1,pim,7,"Q:1,K:1,V:1,QK:1,Softmax:1,SV:1,O:1",3.0599697265598635e-05,3.0525e-05,pim|decode|0|9c4e6c099d863efd94751a80c7e404c5,0,sample_step,3.0599697265598635e-05,3.0525e-05,-7.46972655986321e-08,0.9975588887383338,-7.46972655986321e-08,0.9975588887383338
attn_on_pim_prefill-1024xdecode_256_ops_trace.csv,decode,0,0,1,GPU0,npu,12,"LN:-1,Add:-1,LN:-1,FFN_W1:0,FFN_W3:0,FFN_W1:1,FFN_W3:1,SwiGLU:0,SwiGLU:1,FFN_W2:0,FFN_W2:1,Add:-1",0.00032135900410334983,0.00036290559768676755,npu|decode|0|2ef4409498d14c672a4fbbfe6786cce6,0,sample_step,0.00032135900410334983,0.00036290559768676755,4.1546593583417714e-05,1.1292840500901484,4.1546593583417714e-05,1.1292840500901484
attn_on_pim_prefill-1024xdecode_256_ops_trace.csv,decode,0,0,1,PIM0,pim,7,"Q:0,K:0,V:0,QK:0,Softmax:0,SV:0,O:0",3.0599697265598635e-05,3.0525e-05,pim|decode|0|61397802f1888ea563dd9b1ea38edd23,0,sample_step,3.0599697265598635e-05,3.0525e-05,-7.46972655986321e-08,0.9975588887383338,-7.46972655986321e-08,0.9975588887383338
attn_on_pim_prefill-1024xdecode_256_ops_trace.csv,decode,0,0,1,PIM1,pim,7,"Q:1,K:1,V:1,QK:1,Softmax:1,SV:1,O:1",3.0599697265598635e-05,3.0525e-05,pim|decode|0|9c4e6c099d863efd94751a80c7e404c5,0,sample_step,3.0599697265598635e-05,3.0525e-05,-7.46972655986321e-08,0.9975588887383338,-7.46972655986321e-08,0.9975588887383338
attn_on_pim_prefill-1024xdecode_256_ops_trace.csv,decode,0,0,2,GPU0,npu,12,"LN:-1,Add:-1,LN:-1,FFN_W1:0,FFN_W3:0,FFN_W1:1,FFN_W3:1,SwiGLU:0,SwiGLU:1,FFN_W2:0,FFN_W2:1,Add:-1",0.00032135900410334983,0.00036290559768676755,npu|decode|0|2ef4409498d14c672a4fbbfe6786cce6,0,sample_step,0.00032135900410334983,0.00036290559768676755,4.1546593583417714e-05,1.1292840500901484,4.1546593583417714e-05,1.1292840500901484
attn_on_pim_prefill-1024xdecode_256_ops_trace.csv,decode,0,0,2,PIM0,pim,7,"Q:0,K:0,V:0,QK:0,Softmax:0,SV:0,O:0",3.0599697265598635e-05,3.0525e-05,pim|decode|0|61397802f1888ea563dd9b1ea38edd23,0,sample_step,3.0599697265598635e-05,3.0525e-05,-7.46972655986321e-08,0.9975588887383338,-7.46972655986321e-08,0.9975588887383338
attn_on_pim_prefill-1024xdecode_256_ops_trace.csv,decode,0,0,2,PIM1,pim,7,"Q:1,K:1,V:1,QK:1,Softmax:1,SV:1,O:1",3.0599697265598635e-05,3.0525e-05,pim|decode|0|9c4e6c099d863efd94751a80c7e404c5,0,sample_step,3.0599697265598635e-05,3.0525e-05,-7.46972655986321e-08,0.9975588887383338,-7.46972655986321e-08,0.9975588887383338
attn_on_pim_prefill-1024xdecode_256_ops_trace.csv,decode,0,0,3,GPU0,npu,12,"LN:-1,Add:-1,LN:-1,FFN_W1:0,FFN_W3:0,FFN_W1:1,FFN_W3:1,SwiGLU:0,SwiGLU:1,FFN_W2:0,FFN_W2:1,Add:-1",0.00032135900410334983,0.00036290559768676755,npu|decode|0|2ef4409498d14c672a4fbbfe6786cce6,0,sample_step,0.00032135900410334983,0.00036290559768676755,4.1546593583417714e-05,1.1292840500901484,4.1546593583417714e-05,1.1292840500901484
attn_on_pim_prefill-1024xdecode_256_ops_trace.csv,decode,0,0,3,PIM0,pim,7,"Q:0,K:0,V:0,QK:0,Softmax:0,SV:0,O:0",3.0599697265598635e-05,3.0525e-05,pim|decode|0|61397802f1888ea563dd9b1ea38edd23,0,sample_step,3.0599697265598635e-05,3.0525e-05,-7.46972655986321e-08,0.9975588887383338,-7.46972655986321e-08,0.9975588887383338
attn_on_pim_prefill-1024xdecode_256_ops_trace.csv,decode,0,0,3,PIM1,pim,7,"Q:1,K:1,V:1,QK:1,Softmax:1,SV:1,O:1",3.0599697265598635e-05,3.0525e-05,pim|decode|0|9c4e6c099d863efd94751a80c7e404c5,0,sample_step,3.0599697265598635e-05,3.0525e-05,-7.46972655986321e-08,0.9975588887383338,-7.46972655986321e-08,0.9975588887383338
attn_on_pim_prefill-1024xdecode_256_ops_trace.csv,decode,0,0,4,GPU0,npu,12,"LN:-1,Add:-1,LN:-1,FFN_W1:0,FFN_W3:0,FFN_W1:1,FFN_W3:1,SwiGLU:0,SwiGLU:1,FFN_W2:0,FFN_W2:1,Add:-1",0.00032135900410334983,0.00036290559768676755,npu|decode|0|2ef4409498d14c672a4fbbfe6786cce6,0,sample_step,0.00032135900410334983,0.00036290559768676755,4.1546593583417714e-05,1.1292840500901484,4.1546593583417714e-05,1.1292840500901484
attn_on_pim_prefill-1024xdecode_256_ops_trace.csv,decode,0,0,4,PIM0,pim,7,"Q:0,K:0,V:0,QK:0,Softmax:0,SV:0,O:0",3.0599697265598635e-05,3.0525e-05,pim|decode|0|61397802f1888ea563dd9b1ea38edd23,0,sample_step,3.0599697265598635e-05,3.0525e-05,-7.46972655986321e-08,0.9975588887383338,-7.46972655986321e-08,0.9975588887383338
attn_on_pim_prefill-1024xdecode_256_ops_trace.csv,decode,0,0,4,PIM1,pim,7,"Q:1,K:1,V:1,QK:1,Softmax:1,SV:1,O:1",3.0599697265598635e-05,3.0525e-05,pim|decode|0|9c4e6c099d863efd94751a80c7e404c5,0,sample_step,3.0599697265598635e-05,3.0525e-05,-7.46972655986321e-08,0.9975588887383338,-7.46972655986321e-08,0.9975588887383338
attn_on_pim_prefill-1024xdecode_256_ops_trace.csv,decode,0,0,5,GPU0,npu,12,"LN:-1,Add:-1,LN:-1,FFN_W1:0,FFN_W3:0,FFN_W1:1,FFN_W3:1,SwiGLU:0,SwiGLU:1,FFN_W2:0,FFN_W2:1,Add:-1",0.00032135900410334983,0.00036290559768676755,npu|decode|0|2ef4409498d14c672a4fbbfe6786cce6,0,sample_step,0.00032135900410334983,0.00036290559768676755,4.1546593583417714e-05,1.1292840500901484,4.1546593583417714e-05,1.1292840500901484
attn_on_pim_prefill-1024xdecode_256_ops_trace.csv,decode,0,0,5,PIM0,pim,7,"Q:0,K:0,V:0,QK:0,Softmax:0,SV:0,O:0",3.0599697265598635e-05,3.0525e-05,pim|decode|0|61397802f1888ea563dd9b1ea38edd23,0,sample_step,3.0599697265598635e-05,3.0525e-05,-7.46972655986321e-08,0.9975588887383338,-7.46972655986321e-08,0.9975588887383338
attn_on_pim_prefill-1024xdecode_256_ops_trace.csv,decode,0,0,5,PIM1,pim,7,"Q:1,K:1,V:1,QK:1,Softmax:1,SV:1,O:1",3.0599697265598635e-05,3.0525e-05,pim|decode|0|9c4e6c099d863efd94751a80c7e404c5,0,sample_step,3.0599697265598635e-05,3.0525e-05,-7.46972655986321e-08,0.9975588887383338,-7.46972655986321e-08,0.9975588887383338
attn_on_pim_prefill-1024xdecode_256_ops_trace.csv,decode,0,0,6,GPU0,npu,12,"LN:-1,Add:-1,LN:-1,FFN_W1:0,FFN_W3:0,FFN_W1:1,FFN_W3:1,SwiGLU:0,SwiGLU:1,FFN_W2:0,FFN_W2:1,Add:-1",0.00032135900410334983,0.00036290559768676755,npu|decode|0|2ef4409498d14c672a4fbbfe6786cce6,0,sample_step,0.00032135900410334983,0.00036290559768676755,4.1546593583417714e-05,1.1292840500901484,4.1546593583417714e-05,1.1292840500901484
attn_on_pim_prefill-1024xdecode_256_ops_trace.csv,decode,0,0,6,PIM0,pim,7,"Q:0,K:0,V:0,QK:0,Softmax:0,SV:0,O:0",3.0599697265598635e-05,3.0525e-05,pim|decode|0|61397802f1888ea563dd9b1ea38edd23,0,sample_step,3.0599697265598635e-05,3.0525e-05,-7.46972655986321e-08,0.9975588887383338,-7.46972655986321e-08,0.9975588887383338
attn_on_pim_prefill-1024xdecode_256_ops_trace.csv,decode,0,0,6,PIM1,pim,7,"Q:1,K:1,V:1,QK:1,Softmax:1,SV:1,O:1",3.0599697265598635e-05,3.0525e-05,pim|decode|0|9c4e6c099d863efd94751a80c7e404c5,0,sample_step,3.0599697265598635e-05,3.0525e-05,-7.46972655986321e-08,0.9975588887383338,-7.46972655986321e-08,0.9975588887383338
attn_on_pim_prefill-1024xdecode_256_ops_trace.csv,decode,0,0,7,GPU0,npu,12,"LN:-1,Add:-1,LN:-1,FFN_W1:0,FFN_W3:0,FFN_W1:1,FFN_W3:1,SwiGLU:0,SwiGLU:1,FFN_W2:0,FFN_W2:1,Add:-1",0.00032135900410334983,0.00036290559768676755,npu|decode|0|2ef4409498d14c672a4fbbfe6786cce6,0,sample_step,0.00032135900410334983,0.00036290559768676755,4.1546593583417714e-05,1.1292840500901484,4.1546593583417714e-05,1.1292840500901484
attn_on_pim_prefill-1024xdecode_256_ops_trace.csv,decode,0,0,7,PIM0,pim,7,"Q:0,K:0,V:0,QK:0,Softmax:0,SV:0,O:0",3.0599697265598635e-05,3.0525e-05,pim|decode|0|61397802f1888ea563dd9b1ea38edd23,0,sample_step,3.0599697265598635e-05,3.0525e-05,-7.46972655986321e-08,0.9975588887383338,-7.46972655986321e-08,0.9975588887383338
attn_on_pim_prefill-1024xdecode_256_ops_trace.csv,decode,0,0,7,PIM1,pim,7,"Q:1,K:1,V:1,QK:1,Softmax:1,SV:1,O:1",3.0599697265598635e-05,3.0525e-05,pim|decode|0|9c4e6c099d863efd94751a80c7e404c5,0,sample_step,3.0599697265598635e-05,3.0525e-05,-7.46972655986321e-08,0.9975588887383338,-7.46972655986321e-08,0.9975588887383338
attn_on_pim_prefill-1024xdecode_256_ops_trace.csv,decode,0,0,8,GPU0,npu,12,"LN:-1,Add:-1,LN:-1,FFN_W1:0,FFN_W3:0,FFN_W1:1,FFN_W3:1,SwiGLU:0,SwiGLU:1,FFN_W2:0,FFN_W2:1,Add:-1",0.00032135900410334983,0.00036290559768676755,npu|decode|0|2ef4409498d14c672a4fbbfe6786cce6,0,sample_step,0.00032135900410334983,0.00036290559768676755,4.1546593583417714e-05,1.1292840500901484,4.1546593583417714e-05,1.1292840500901484
attn_on_pim_prefill-1024xdecode_256_ops_trace.csv,decode,0,0,8,PIM0,pim,7,"Q:0,K:0,V:0,QK:0,Softmax:0,SV:0,O:0",3.0599697265598635e-05,3.0525e-05,pim|decode|0|61397802f1888ea563dd9b1ea38edd23,0,sample_step,3.0599697265598635e-05,3.0525e-05,-7.46972655986321e-08,0.9975588887383338,-7.46972655986321e-08,0.9975588887383338
attn_on_pim_prefill-1024xdecode_256_ops_trace.csv,decode,0,0,8,PIM1,pim,7,"Q:1,K:1,V:1,QK:1,Softmax:1,SV:1,O:1",3.0599697265598635e-05,3.0525e-05,pim|decode|0|9c4e6c099d863efd94751a80c7e404c5,0,sample_step,3.0599697265598635e-05,3.0525e-05,-7.46972655986321e-08,0.9975588887383338,-7.46972655986321e-08,0.9975588887383338
attn_on_pim_prefill-1024xdecode_256_ops_trace.csv,decode,0,0,9,GPU0,npu,12,"LN:-1,Add:-1,LN:-1,FFN_W1:0,FFN_W3:0,FFN_W1:1,FFN_W3:1,SwiGLU:0,SwiGLU:1,FFN_W2:0,FFN_W2:1,Add:-1",0.00032135900410334983,0.00036290559768676755,npu|decode|0|2ef4409498d14c672a4fbbfe6786cce6,0,sample_step,0.00032135900410334983,0.00036290559768676755,4.1546593583417714e-05,1.1292840500901484,4.1546593583417714e-05,1.1292840500901484
attn_on_pim_prefill-1024xdecode_256_ops_trace.csv,decode,0,0,9,PIM0,pim,7,"Q:0,K:0,V:0,QK:0,Softmax:0,SV:0,O:0",3.0599697265598635e-05,3.0525e-05,pim|decode|0|61397802f1888ea563dd9b1ea38edd23,0,sample_step,3.0599697265598635e-05,3.0525e-05,-7.46972655986321e-08,0.9975588887383338,-7.46972655986321e-08,0.9975588887383338
attn_on_pim_prefill-1024xdecode_256_ops_trace.csv,decode,0,0,9,PIM1,pim,7,"Q:1,K:1,V:1,QK:1,Softmax:1,SV:1,O:1",3.0599697265598635e-05,3.0525e-05,pim|decode|0|9c4e6c099d863efd94751a80c7e404c5,0,sample_step,3.0599697265598635e-05,3.0525e-05,-7.46972655986321e-08,0.9975588887383338,-7.46972655986321e-08,0.9975588887383338
attn_on_pim_prefill-1024xdecode_256_ops_trace.csv,decode,0,0,10,GPU0,npu,12,"LN:-1,Add:-1,LN:-1,FFN_W1:0,FFN_W3:0,FFN_W1:1,FFN_W3:1,SwiGLU:0,SwiGLU:1,FFN_W2:0,FFN_W2:1,Add:-1",0.00032135900410334983,0.00036290559768676755,npu|decode|0|2ef4409498d14c672a4fbbfe6786cce6,0,sample_step,0.00032135900410334983,0.00036290559768676755,4.1546593583417714e-05,1.1292840500901484,4.1546593583417714e-05,1.1292840500901484
attn_on_pim_prefill-1024xdecode_256_ops_trace.csv,decode,0,0,10,PIM0,pim,7,"Q:0,K:0,V:0,QK:0,Softmax:0,SV:0,O:0",3.0599697265598635e-05,3.0525e-05,pim|decode|0|61397802f1888ea563dd9b1ea38edd23,0,sample_step,3.0599697265598635e-05,3.0525e-05,-7.46972655986321e-08,0.9975588887383338,-7.46972655986321e-08,0.9975588887383338
attn_on_pim_prefill-1024xdecode_256_ops_trace.csv,decode,0,0,10,PIM1,pim,7,"Q:1,K:1,V:1,QK:1,Softmax:1,SV:1,O:1",3.0599697265598635e-05,3.0525e-05,pim|decode|0|9c4e6c099d863efd94751a80c7e404c5,0,sample_step,3.0599697265598635e-05,3.0525e-05,-7.46972655986321e-08,0.9975588887383338,-7.46972655986321e-08,0.9975588887383338
attn_on_pim_prefill-1024xdecode_256_ops_trace.csv,decode,0,0,11,GPU0,npu,12,"LN:-1,Add:-1,LN:-1,FFN_W1:0,FFN_W3:0,FFN_W1:1,FFN_W3:1,SwiGLU:0,SwiGLU:1,FFN_W2:0,FFN_W2:1,Add:-1",0.00032135900410334983,0.00036290559768676755,npu|decode|0|2ef4409498d14c672a4fbbfe6786cce6,0,sample_step,0.00032135900410334983,0.00036290559768676755,4.1546593583417714e-05,1.1292840500901484,4.1546593583417714e-05,1.1292840500901484
attn_on_pim_prefill-1024xdecode_256_ops_trace.csv,decode,0,0,11,PIM0,pim,7,"Q:0,K:0,V:0,QK:0,Softmax:0,SV:0,O:0",3.0599697265598635e-05,3.0525e-05,pim|decode|0|61397802f1888ea563dd9b1ea38edd23,0,sample_step,3.0599697265598635e-05,3.0525e-05,-7.46972655986321e-08,0.9975588887383338,-7.46972655986321e-08,0.9975588887383338
attn_on_pim_prefill-1024xdecode_256_ops_trace.csv,decode,0,0,11,PIM1,pim,7,"Q:1,K:1,V:1,QK:1,Softmax:1,SV:1,O:1",3.0599697265598635e-05,3.0525e-05,pim|decode|0|9c4e6c099d863efd94751a80c7e404c5,0,sample_step,3.0599697265598635e-05,3.0525e-05,-7.46972655986321e-08,0.9975588887383338,-7.46972655986321e-08,0.9975588887383338
attn_on_pim_prefill-1024xdecode_256_ops_trace.csv,decode,0,0,12,GPU0,npu,12,"LN:-1,Add:-1,LN:-1,FFN_W1:0,FFN_W3:0,FFN_W1:1,FFN_W3:1,SwiGLU:0,SwiGLU:1,FFN_W2:0,FFN_W2:1,Add:-1",0.00032135900410334983,0.00036290559768676755,npu|decode|0|2ef4409498d14c672a4fbbfe6786cce6,0,sample_step,0.00032135900410334983,0.00036290559768676755,4.1546593583417714e-05,1.1292840500901484,4.1546593583417714e-05,1.1292840500901484
attn_on_pim_prefill-1024xdecode_256_ops_trace.csv,decode,0,0,12,PIM0,pim,7,"Q:0,K:0,V:0,QK:0,Softmax:0,SV:0,O:0",3.0599697265598635e-05,3.0525e-05,pim|decode|0|61397802f1888ea563dd9b1ea38edd23,0,sample_step,3.0599697265598635e-05,3.0525e-05,-7.46972655986321e-08,0.9975588887383338,-7.46972655986321e-08,0.9975588887383338
attn_on_pim_prefill-1024xdecode_256_ops_trace.csv,decode,0,0,12,PIM1,pim,7,"Q:1,K:1,V:1,QK:1,Softmax:1,SV:1,O:1",3.0599697265598635e-05,3.0525e-05,pim|decode|0|9c4e6c099d863efd94751a80c7e404c5,0,sample_step,3.0599697265598635e-05,3.0525e-05,-7.46972655986321e-08,0.9975588887383338,-7.46972655986321e-08,0.9975588887383338
attn_on_pim_prefill-1024xdecode_256_ops_trace.csv,decode,0,0,13,GPU0,npu,12,"LN:-1,Add:-1,LN:-1,FFN_W1:0,FFN_W3:0,FFN_W1:1,FFN_W3:1,SwiGLU:0,SwiGLU:1,FFN_W2:0,FFN_W2:1,Add:-1",0.00032135900410334983,0.00036290559768676755,npu|decode|0|2ef4409498d14c672a4fbbfe6786cce6,0,sample_step,0.00032135900410334983,0.00036290559768676755,4.1546593583417714e-05,1.1292840500901484,4.1546593583417714e-05,1.1292840500901484
attn_on_pim_prefill-1024xdecode_256_ops_trace.csv,decode,0,0,13,PIM0,pim,7,"Q:0,K:0,V:0,QK:0,Softmax:0,SV:0,O:0",3.0599697265598635e-05,3.0525e-05,pim|decode|0|61397802f1888ea563dd9b1ea38edd23,0,sample_step,3.0599697265598635e-05,3.0525e-05,-7.46972655986321e-08,0.9975588887383338,-7.46972655986321e-08,0.9975588887383338
attn_on_pim_prefill-1024xdecode_256_ops_trace.csv,decode,0,0,13,PIM1,pim,7,"Q:1,K:1,V:1,QK:1,Softmax:1,SV:1,O:1",3.0599697265598635e-05,3.0525e-05,pim|decode|0|9c4e6c099d863efd94751a80c7e404c5,0,sample_step,3.0599697265598635e-05,3.0525e-05,-7.46972655986321e-08,0.9975588887383338,-7.46972655986321e-08,0.9975588887383338
attn_on_pim_prefill-1024xdecode_256_ops_trace.csv,decode,0,0,14,GPU0,npu,12,"LN:-1,Add:-1,LN:-1,FFN_W1:0,FFN_W3:0,FFN_W1:1,FFN_W3:1,SwiGLU:0,SwiGLU:1,FFN_W2:0,FFN_W2:1,Add:-1",0.00032135900410334983,0.00036290559768676755,npu|decode|0|2ef4409498d14c672a4fbbfe6786cce6,0,sample_step,0.00032135900410334983,0.00036290559768676755,4.1546593583417714e-05,1.1292840500901484,4.1546593583417714e-05,1.1292840500901484
attn_on_pim_prefill-1024xdecode_256_ops_trace.csv,decode,0,0,14,PIM0,pim,7,"Q:0,K:0,V:0,QK:0,Softmax:0,SV:0,O:0",3.0599697265598635e-05,3.0525e-05,pim|decode|0|61397802f1888ea563dd9b1ea38edd23,0,sample_step,3.0599697265598635e-05,3.0525e-05,-7.46972655986321e-08,0.9975588887383338,-7.46972655986321e-08,0.9975588887383338
attn_on_pim_prefill-1024xdecode_256_ops_trace.csv,decode,0,0,14,PIM1,pim,7,"Q:1,K:1,V:1,QK:1,Softmax:1,SV:1,O:1",3.0599697265598635e-05,3.0525e-05,pim|decode|0|9c4e6c099d863efd94751a80c7e404c5,0,sample_step,3.0599697265598635e-05,3.0525e-05,-7.46972655986321e-08,0.9975588887383338,-7.46972655986321e-08,0.9975588887383338
attn_on_pim_prefill-1024xdecode_256_ops_trace.csv,decode,0,0,15,GPU0,npu,12,"LN:-1,Add:-1,LN:-1,FFN_W1:0,FFN_W3:0,FFN_W1:1,FFN_W3:1,SwiGLU:0,SwiGLU:1,FFN_W2:0,FFN_W2:1,Add:-1",0.00032135900410334983,0.00036290559768676755,npu|decode|0|2ef4409498d14c672a4fbbfe6786cce6,0,sample_step,0.00032135900410334983,0.00036290559768676755,4.1546593583417714e-05,1.1292840500901484,4.1546593583417714e-05,1.1292840500901484
attn_on_pim_prefill-1024xdecode_256_ops_trace.csv,decode,0,0,15,PIM0,pim,7,"Q:0,K:0,V:0,QK:0,Softmax:0,SV:0,O:0",3.0599697265598635e-05,3.0525e-05,pim|decode|0|61397802f1888ea563dd9b1ea38edd23,0,sample_step,3.0599697265598635e-05,3.0525e-05,-7.46972655986321e-08,0.9975588887383338,-7.46972655986321e-08,0.9975588887383338
attn_on_pim_prefill-1024xdecode_256_ops_trace.csv,decode,0,0,15,PIM1,pim,7,"Q:1,K:1,V:1,QK:1,Softmax:1,SV:1,O:1",3.0599697265598635e-05,3.0525e-05,pim|decode|0|9c4e6c099d863efd94751a80c7e404c5,0,sample_step,3.0599697265598635e-05,3.0525e-05,-7.46972655986321e-08,0.9975588887383338,-7.46972655986321e-08,0.9975588887383338
attn_on_pim_prefill-1024xdecode_256_ops_trace.csv,decode,0,0,16,GPU0,npu,12,"LN:-1,Add:-1,LN:-1,FFN_W1:0,FFN_W3:0,FFN_W1:1,FFN_W3:1,SwiGLU:0,SwiGLU:1,FFN_W2:0,FFN_W2:1,Add:-1",0.00032135900410334983,0.00036290559768676755,npu|decode|0|2ef4409498d14c672a4fbbfe6786cce6,0,sample_step,0.00032135900410334983,0.00036290559768676755,4.1546593583417714e-05,1.1292840500901484,4.1546593583417714e-05,1.1292840500901484
attn_on_pim_prefill-1024xdecode_256_ops_trace.csv,decode,0,0,16,PIM0,pim,7,"Q:0,K:0,V:0,QK:0,Softmax:0,SV:0,O:0",3.0599697265598635e-05,3.0525e-05,pim|decode|0|61397802f1888ea563dd9b1ea38edd23,0,sample_step,3.0599697265598635e-05,3.0525e-05,-7.46972655986321e-08,0.9975588887383338,-7.46972655986321e-08,0.9975588887383338
attn_on_pim_prefill-1024xdecode_256_ops_trace.csv,decode,0,0,16,PIM1,pim,7,"Q:1,K:1,V:1,QK:1,Softmax:1,SV:1,O:1",3.0599697265598635e-05,3.0525e-05,pim|decode|0|9c4e6c099d863efd94751a80c7e404c5,0,sample_step,3.0599697265598635e-05,3.0525e-05,-7.46972655986321e-08,0.9975588887383338,-7.46972655986321e-08,0.9975588887383338
attn_on_pim_prefill-1024xdecode_256_ops_trace.csv,decode,0,0,17,GPU0,npu,12,"LN:-1,Add:-1,LN:-1,FFN_W1:0,FFN_W3:0,FFN_W1:1,FFN_W3:1,SwiGLU:0,SwiGLU:1,FFN_W2:0,FFN_W2:1,Add:-1",0.00032135900410334983,0.00036290559768676755,npu|decode|0|2ef4409498d14c672a4fbbfe6786cce6,0,sample_step,0.00032135900410334983,0.00036290559768676755,4.1546593583417714e-05,1.1292840500901484,4.1546593583417714e-05,1.1292840500901484
attn_on_pim_prefill-1024xdecode_256_ops_trace.csv,decode,0,0,17,PIM0,pim,7,"Q:0,K:0,V:0,QK:0,Softmax:0,SV:0,O:0",3.0599697265598635e-05,3.0525e-05,pim|decode|0|61397802f1888ea563dd9b1ea38edd23,0,sample_step,3.0599697265598635e-05,3.0525e-05,-7.46972655986321e-08,0.9975588887383338,-7.46972655986321e-08,0.9975588887383338
attn_on_pim_prefill-1024xdecode_256_ops_trace.csv,decode,0,0,17,PIM1,pim,7,"Q:1,K:1,V:1,QK:1,Softmax:1,SV:1,O:1",3.0599697265598635e-05,3.0525e-05,pim|decode|0|9c4e6c099d863efd94751a80c7e404c5,0,sample_step,3.0599697265598635e-05,3.0525e-05,-7.46972655986321e-08,0.9975588887383338,-7.46972655986321e-08,0.9975588887383338
attn_on_pim_prefill-1024xdecode_256_ops_trace.csv,decode,0,0,18,GPU0,npu,12,"LN:-1,Add:-1,LN:-1,FFN_W1:0,FFN_W3:0,FFN_W1:1,FFN_W3:1,SwiGLU:0,SwiGLU:1,FFN_W2:0,FFN_W2:1,Add:-1",0.00032135900410334983,0.00036290559768676755,npu|decode|0|2ef4409498d14c672a4fbbfe6786cce6,0,sample_step,0.00032135900410334983,0.00036290559768676755,4.1546593583417714e-05,1.1292840500901484,4.1546593583417714e-05,1.1292840500901484
attn_on_pim_prefill-1024xdecode_256_ops_trace.csv,decode,0,0,18,PIM0,pim,7,"Q:0,K:0,V:0,QK:0,Softmax:0,SV:0,O:0",3.0599697265598635e-05,3.0525e-05,pim|decode|0|61397802f1888ea563dd9b1ea38edd23,0,sample_step,3.0599697265598635e-05,3.0525e-05,-7.46972655986321e-08,0.9975588887383338,-7.46972655986321e-08,0.9975588887383338
attn_on_pim_prefill-1024xdecode_256_ops_trace.csv,decode,0,0,18,PIM1,pim,7,"Q:1,K:1,V:1,QK:1,Softmax:1,SV:1,O:1",3.0599697265598635e-05,3.0525e-05,pim|decode|0|9c4e6c099d863efd94751a80c7e404c5,0,sample_step,3.0599697265598635e-05,3.0525e-05,-7.46972655986321e-08,0.9975588887383338,-7.46972655986321e-08,0.9975588887383338
attn_on_pim_prefill-1024xdecode_256_ops_trace.csv,decode,0,0,19,GPU0,npu,12,"LN:-1,Add:-1,LN:-1,FFN_W1:0,FFN_W3:0,FFN_W1:1,FFN_W3:1,SwiGLU:0,SwiGLU:1,FFN_W2:0,FFN_W2:1,Add:-1",0.00032135900410334983,0.00036290559768676755,npu|decode|0|2ef4409498d14c672a4fbbfe6786cce6,0,sample_step,0.00032135900410334983,0.00036290559768676755,4.1546593583417714e-05,1.1292840500901484,4.1546593583417714e-05,1.1292840500901484
attn_on_pim_prefill-1024xdecode_256_ops_trace.csv,decode,0,0,19,PIM0,pim,7,"Q:0,K:0,V:0,QK:0,Softmax:0,SV:0,O:0",3.0599697265598635e-05,3.0525e-05,pim|decode|0|61397802f1888ea563dd9b1ea38edd23,0,sample_step,3.0599697265598635e-05,3.0525e-05,-7.46972655986321e-08,0.9975588887383338,-7.46972655986321e-08,0.9975588887383338
attn_on_pim_prefill-1024xdecode_256_ops_trace.csv,decode,0,0,19,PIM1,pim,7,"Q:1,K:1,V:1,QK:1,Softmax:1,SV:1,O:1",3.0599697265598635e-05,3.0525e-05,pim|decode|0|9c4e6c099d863efd94751a80c7e404c5,0,sample_step,3.0599697265598635e-05,3.0525e-05,-7.46972655986321e-08,0.9975588887383338,-7.46972655986321e-08,0.9975588887383338
attn_on_pim_prefill-1024xdecode_256_ops_trace.csv,decode,0,0,20,GPU0,npu,12,"LN:-1,Add:-1,LN:-1,FFN_W1:0,FFN_W3:0,FFN_W1:1,FFN_W3:1,SwiGLU:0,SwiGLU:1,FFN_W2:0,FFN_W2:1,Add:-1",0.00032135900410334983,0.00036290559768676755,npu|decode|0|2ef4409498d14c672a4fbbfe6786cce6,0,sample_step,0.00032135900410334983,0.00036290559768676755,4.1546593583417714e-05,1.1292840500901484,4.1546593583417714e-05,1.1292840500901484
attn_on_pim_prefill-1024xdecode_256_ops_trace.csv,decode,0,0,20,PIM0,pim,7,"Q:0,K:0,V:0,QK:0,Softmax:0,SV:0,O:0",3.0599697265598635e-05,3.0525e-05,pim|decode|0|61397802f1888ea563dd9b1ea38edd23,0,sample_step,3.0599697265598635e-05,3.0525e-05,-7.46972655986321e-08,0.9975588887383338,-7.46972655986321e-08,0.9975588887383338
attn_on_pim_prefill-1024xdecode_256_ops_trace.csv,decode,0,0,20,PIM1,pim,7,"Q:1,K:1,V:1,QK:1,Softmax:1,SV:1,O:1",3.0599697265598635e-05,3.0525e-05,pim|decode|0|9c4e6c099d863efd94751a80c7e404c5,0,sample_step,3.0599697265598635e-05,3.0525e-05,-7.46972655986321e-08,0.9975588887383338,-7.46972655986321e-08,0.9975588887383338
attn_on_pim_prefill-1024xdecode_256_ops_trace.csv,decode,0,0,21,GPU0,npu,12,"LN:-1,Add:-1,LN:-1,FFN_W1:0,FFN_W3:0,FFN_W1:1,FFN_W3:1,SwiGLU:0,SwiGLU:1,FFN_W2:0,FFN_W2:1,Add:-1",0.00032135900410334983,0.00036290559768676755,npu|decode|0|2ef4409498d14c672a4fbbfe6786cce6,0,sample_step,0.00032135900410334983,0.00036290559768676755,4.1546593583417714e-05,1.1292840500901484,4.1546593583417714e-05,1.1292840500901484
attn_on_pim_prefill-1024xdecode_256_ops_trace.csv,decode,0,0,21,PIM0,pim,7,"Q:0,K:0,V:0,QK:0,Softmax:0,SV:0,O:0",3.0599697265598635e-05,3.0525e-05,pim|decode|0|61397802f1888ea563dd9b1ea38edd23,0,sample_step,3.0599697265598635e-05,3.0525e-05,-7.46972655986321e-08,0.9975588887383338,-7.46972655986321e-08,0.9975588887383338
attn_on_pim_prefill-1024xdecode_256_ops_trace.csv,decode,0,0,21,PIM1,pim,7,"Q:1,K:1,V:1,QK:1,Softmax:1,SV:1,O:1",3.0599697265598635e-05,3.0525e-05,pim|decode|0|9c4e6c099d863efd94751a80c7e404c5,0,sample_step,3.0599697265598635e-05,3.0525e-05,-7.46972655986321e-08,0.9975588887383338,-7.46972655986321e-08,0.9975588887383338
attn_on_pim_prefill-1024xdecode_256_ops_trace.csv,decode,0,0,22,GPU0,npu,12,"LN:-1,Add:-1,LN:-1,FFN_W1:0,FFN_W3:0,FFN_W1:1,FFN_W3:1,SwiGLU:0,SwiGLU:1,FFN_W2:0,FFN_W2:1,Add:-1",0.00032135900410334983,0.00036290559768676755,npu|decode|0|2ef4409498d14c672a4fbbfe6786cce6,0,sample_step,0.00032135900410334983,0.00036290559768676755,4.1546593583417714e-05,1.1292840500901484,4.1546593583417714e-05,1.1292840500901484
attn_on_pim_prefill-1024xdecode_256_ops_trace.csv,decode,0,0,22,PIM0,pim,7,"Q:0,K:0,V:0,QK:0,Softmax:0,SV:0,O:0",3.0599697265598635e-05,3.0525e-05,pim|decode|0|61397802f1888ea563dd9b1ea38edd23,0,sample_step,3.0599697265598635e-05,3.0525e-05,-7.46972655986321e-08,0.9975588887383338,-7.46972655986321e-08,0.9975588887383338
attn_on_pim_prefill-1024xdecode_256_ops_trace.csv,decode,0,0,22,PIM1,pim,7,"Q:1,K:1,V:1,QK:1,Softmax:1,SV:1,O:1",3.0599697265598635e-05,3.0525e-05,pim|decode|0|9c4e6c099d863efd94751a80c7e404c5,0,sample_step,3.0599697265598635e-05,3.0525e-05,-7.46972655986321e-08,0.9975588887383338,-7.46972655986321e-08,0.9975588887383338
attn_on_pim_prefill-1024xdecode_256_ops_trace.csv,decode,0,0,23,GPU0,npu,12,"LN:-1,Add:-1,LN:-1,FFN_W1:0,FFN_W3:0,FFN_W1:1,FFN_W3:1,SwiGLU:0,SwiGLU:1,FFN_W2:0,FFN_W2:1,Add:-1",0.00032135900410334983,0.00036290559768676755,npu|decode|0|2ef4409498d14c672a4fbbfe6786cce6,0,sample_step,0.00032135900410334983,0.00036290559768676755,4.1546593583417714e-05,1.1292840500901484,4.1546593583417714e-05,1.1292840500901484
attn_on_pim_prefill-1024xdecode_256_ops_trace.csv,decode,0,0,23,PIM0,pim,7,"Q:0,K:0,V:0,QK:0,Softmax:0,SV:0,O:0",3.0599697265598635e-05,3.0525e-05,pim|decode|0|61397802f1888ea563dd9b1ea38edd23,0,sample_step,3.0599697265598635e-05,3.0525e-05,-7.46972655986321e-08,0.9975588887383338,-7.46972655986321e-08,0.9975588887383338
attn_on_pim_prefill-1024xdecode_256_ops_trace.csv,decode,0,0,23,PIM1,pim,7,"Q:1,K:1,V:1,QK:1,Softmax:1,SV:1,O:1",3.0599697265598635e-05,3.0525e-05,pim|decode|0|9c4e6c099d863efd94751a80c7e404c5,0,sample_step,3.0599697265598635e-05,3.0525e-05,-7.46972655986321e-08,0.9975588887383338,-7.46972655986321e-08,0.9975588887383338
attn_on_pim_prefill-1024xdecode_256_ops_trace.csv,decode,0,0,24,GPU0,npu,12,"LN:-1,Add:-1,LN:-1,FFN_W1:0,FFN_W3:0,FFN_W1:1,FFN_W3:1,SwiGLU:0,SwiGLU:1,FFN_W2:0,FFN_W2:1,Add:-1",0.00032135900410334983,0.00036290559768676755,npu|decode|0|2ef4409498d14c672a4fbbfe6786cce6,0,sample_step,0.00032135900410334983,0.00036290559768676755,4.1546593583417714e-05,1.1292840500901484,4.1546593583417714e-05,1.1292840500901484
attn_on_pim_prefill-1024xdecode_256_ops_trace.csv,decode,0,0,24,PIM0,pim,7,"Q:0,K:0,V:0,QK:0,Softmax:0,SV:0,O:0",3.0599697265598635e-05,3.0525e-05,pim|decode|0|61397802f1888ea563dd9b1ea38edd23,0,sample_step,3.0599697265598635e-05,3.0525e-05,-7.46972655986321e-08,0.9975588887383338,-7.46972655986321e-08,0.9975588887383338
attn_on_pim_prefill-1024xdecode_256_ops_trace.csv,decode,0,0,24,PIM1,pim,7,"Q:1,K:1,V:1,QK:1,Softmax:1,SV:1,O:1",3.0599697265598635e-05,3.0525e-05,pim|decode|0|9c4e6c099d863efd94751a80c7e404c5,0,sample_step,3.0599697265598635e-05,3.0525e-05,-7.46972655986321e-08,0.9975588887383338,-7.46972655986321e-08,0.9975588887383338
attn_on_pim_prefill-1024xdecode_256_ops_trace.csv,decode,0,0,25,GPU0,npu,12,"LN:-1,Add:-1,LN:-1,FFN_W1:0,FFN_W3:0,FFN_W1:1,FFN_W3:1,SwiGLU:0,SwiGLU:1,FFN_W2:0,FFN_W2:1,Add:-1",0.00032135900410334983,0.00036290559768676755,npu|decode|0|2ef4409498d14c672a4fbbfe6786cce6,0,sample_step,0.00032135900410334983,0.00036290559768676755,4.1546593583417714e-05,1.1292840500901484,4.1546593583417714e-05,1.1292840500901484
attn_on_pim_prefill-1024xdecode_256_ops_trace.csv,decode,0,0,25,PIM0,pim,7,"Q:0,K:0,V:0,QK:0,Softmax:0,SV:0,O:0",3.0599697265598635e-05,3.0525e-05,pim|decode|0|61397802f1888ea563dd9b1ea38edd23,0,sample_step,3.0599697265598635e-05,3.0525e-05,-7.46972655986321e-08,0.9975588887383338,-7.46972655986321e-08,0.9975588887383338
attn_on_pim_prefill-1024xdecode_256_ops_trace.csv,decode,0,0,25,PIM1,pim,7,"Q:1,K:1,V:1,QK:1,Softmax:1,SV:1,O:1",3.0599697265598635e-05,3.0525e-05,pim|decode|0|9c4e6c099d863efd94751a80c7e404c5,0,sample_step,3.0599697265598635e-05,3.0525e-05,-7.46972655986321e-08,0.9975588887383338,-7.46972655986321e-08,0.9975588887383338
attn_on_pim_prefill-1024xdecode_256_ops_trace.csv,decode,0,0,26,GPU0,npu,12,"LN:-1,Add:-1,LN:-1,FFN_W1:0,FFN_W3:0,FFN_W1:1,FFN_W3:1,SwiGLU:0,SwiGLU:1,FFN_W2:0,FFN_W2:1,Add:-1",0.00032135900410334983,0.00036290559768676755,npu|decode|0|2ef4409498d14c672a4fbbfe6786cce6,0,sample_step,0.00032135900410334983,0.00036290559768676755,4.1546593583417714e-05,1.1292840500901484,4.1546593583417714e-05,1.1292840500901484
attn_on_pim_prefill-1024xdecode_256_ops_trace.csv,decode,0,0,26,PIM0,pim,7,"Q:0,K:0,V:0,QK:0,Softmax:0,SV:0,O:0",3.0599697265598635e-05,3.0525e-05,pim|decode|0|61397802f1888ea563dd9b1ea38edd23,0,sample_step,3.0599697265598635e-05,3.0525e-05,-7.46972655986321e-08,0.9975588887383338,-7.46972655986321e-08,0.9975588887383338
attn_on_pim_prefill-1024xdecode_256_ops_trace.csv,decode,0,0,26,PIM1,pim,7,"Q:1,K:1,V:1,QK:1,Softmax:1,SV:1,O:1",3.0599697265598635e-05,3.0525e-05,pim|decode|0|9c4e6c099d863efd94751a80c7e404c5,0,sample_step,3.0599697265598635e-05,3.0525e-05,-7.46972655986321e-08,0.9975588887383338,-7.46972655986321e-08,0.9975588887383338
attn_on_pim_prefill-1024xdecode_256_ops_trace.csv,decode,0,0,27,GPU0,npu,12,"LN:-1,Add:-1,LN:-1,FFN_W1:0,FFN_W3:0,FFN_W1:1,FFN_W3:1,SwiGLU:0,SwiGLU:1,FFN_W2:0,FFN_W2:1,Add:-1",0.00032135900410334983,0.00036290559768676755,npu|decode|0|2ef4409498d14c672a4fbbfe6786cce6,0,sample_step,0.00032135900410334983,0.00036290559768676755,4.1546593583417714e-05,1.1292840500901484,4.1546593583417714e-05,1.1292840500901484
attn_on_pim_prefill-1024xdecode_256_ops_trace.csv,decode,0,0,27,PIM0,pim,7,"Q:0,K:0,V:0,QK:0,Softmax:0,SV:0,O:0",3.0599697265598635e-05,3.0525e-05,pim|decode|0|61397802f1888ea563dd9b1ea38edd23,0,sample_step,3.0599697265598635e-05,3.0525e-05,-7.46972655986321e-08,0.9975588887383338,-7.46972655986321e-08,0.9975588887383338
attn_on_pim_prefill-1024xdecode_256_ops_trace.csv,decode,0,0,27,PIM1,pim,7,"Q:1,K:1,V:1,QK:1,Softmax:1,SV:1,O:1",3.0599697265598635e-05,3.0525e-05,pim|decode|0|9c4e6c099d863efd94751a80c7e404c5,0,sample_step,3.0599697265598635e-05,3.0525e-05,-7.46972655986321e-08,0.9975588887383338,-7.46972655986321e-08,0.9975588887383338
attn_on_pim_prefill-1024xdecode_256_ops_trace.csv,decode,0,0,28,GPU0,npu,12,"LN:-1,Add:-1,LN:-1,FFN_W1:0,FFN_W3:0,FFN_W1:1,FFN_W3:1,SwiGLU:0,SwiGLU:1,FFN_W2:0,FFN_W2:1,Add:-1",0.00032135900410334983,0.00036290559768676755,npu|decode|0|2ef4409498d14c672a4fbbfe6786cce6,0,sample_step,0.00032135900410334983,0.00036290559768676755,4.1546593583417714e-05,1.1292840500901484,4.1546593583417714e-05,1.1292840500901484
attn_on_pim_prefill-1024xdecode_256_ops_trace.csv,decode,0,0,28,PIM0,pim,7,"Q:0,K:0,V:0,QK:0,Softmax:0,SV:0,O:0",3.0599697265598635e-05,3.0525e-05,pim|decode|0|61397802f1888ea563dd9b1ea38edd23,0,sample_step,3.0599697265598635e-05,3.0525e-05,-7.46972655986321e-08,0.9975588887383338,-7.46972655986321e-08,0.9975588887383338
attn_on_pim_prefill-1024xdecode_256_ops_trace.csv,decode,0,0,28,PIM1,pim,7,"Q:1,K:1,V:1,QK:1,Softmax:1,SV:1,O:1",3.0599697265598635e-05,3.0525e-05,pim|decode|0|9c4e6c099d863efd94751a80c7e404c5,0,sample_step,3.0599697265598635e-05,3.0525e-05,-7.46972655986321e-08,0.9975588887383338,-7.46972655986321e-08,0.9975588887383338
attn_on_pim_prefill-1024xdecode_256_ops_trace.csv,decode,0,0,29,GPU0,npu,12,"LN:-1,Add:-1,LN:-1,FFN_W1:0,FFN_W3:0,FFN_W1:1,FFN_W3:1,SwiGLU:0,SwiGLU:1,FFN_W2:0,FFN_W2:1,Add:-1",0.00032135900410334983,0.00036290559768676755,npu|decode|0|2ef4409498d14c672a4fbbfe6786cce6,0,sample_step,0.00032135900410334983,0.00036290559768676755,4.1546593583417714e-05,1.1292840500901484,4.1546593583417714e-05,1.1292840500901484
attn_on_pim_prefill-1024xdecode_256_ops_trace.csv,decode,0,0,29,PIM0,pim,7,"Q:0,K:0,V:0,QK:0,Softmax:0,SV:0,O:0",3.0599697265598635e-05,3.0525e-05,pim|decode|0|61397802f1888ea563dd9b1ea38edd23,0,sample_step,3.0599697265598635e-05,3.0525e-05,-7.46972655986321e-08,0.9975588887383338,-7.46972655986321e-08,0.9975588887383338
attn_on_pim_prefill-1024xdecode_256_ops_trace.csv,decode,0,0,29,PIM1,pim,7,"Q:1,K:1,V:1,QK:1,Softmax:1,SV:1,O:1",3.0599697265598635e-05,3.0525e-05,pim|decode|0|9c4e6c099d863efd94751a80c7e404c5,0,sample_step,3.0599697265598635e-05,3.0525e-05,-7.46972655986321e-08,0.9975588887383338,-7.46972655986321e-08,0.9975588887383338
attn_on_pim_prefill-1024xdecode_256_ops_trace.csv,decode,0,0,30,GPU0,npu,12,"LN:-1,Add:-1,LN:-1,FFN_W1:0,FFN_W3:0,FFN_W1:1,FFN_W3:1,SwiGLU:0,SwiGLU:1,FFN_W2:0,FFN_W2:1,Add:-1",0.00032135900410334983,0.00036290559768676755,npu|decode|0|2ef4409498d14c672a4fbbfe6786cce6,0,sample_step,0.00032135900410334983,0.00036290559768676755,4.1546593583417714e-05,1.1292840500901484,4.1546593583417714e-05,1.1292840500901484
attn_on_pim_prefill-1024xdecode_256_ops_trace.csv,decode,0,0,30,PIM0,pim,7,"Q:0,K:0,V:0,QK:0,Softmax:0,SV:0,O:0",3.0599697265598635e-05,3.0525e-05,pim|decode|0|61397802f1888ea563dd9b1ea38edd23,0,sample_step,3.0599697265598635e-05,3.0525e-05,-7.46972655986321e-08,0.9975588887383338,-7.46972655986321e-08,0.9975588887383338
attn_on_pim_prefill-1024xdecode_256_ops_trace.csv,decode,0,0,30,PIM1,pim,7,"Q:1,K:1,V:1,QK:1,Softmax:1,SV:1,O:1",3.0599697265598635e-05,3.0525e-05,pim|decode|0|9c4e6c099d863efd94751a80c7e404c5,0,sample_step,3.0599697265598635e-05,3.0525e-05,-7.46972655986321e-08,0.9975588887383338,-7.46972655986321e-08,0.9975588887383338
attn_on_pim_prefill-1024xdecode_256_ops_trace.csv,decode,0,0,31,GPU0,npu,12,"LN:-1,Add:-1,LN:-1,FFN_W1:0,FFN_W3:0,FFN_W1:1,FFN_W3:1,SwiGLU:0,SwiGLU:1,FFN_W2:0,FFN_W2:1,Add:-1",0.00032135900410334983,0.00036290559768676755,npu|decode|0|2ef4409498d14c672a4fbbfe6786cce6,0,sample_step,0.00032135900410334983,0.00036290559768676755,4.1546593583417714e-05,1.1292840500901484,4.1546593583417714e-05,1.1292840500901484
attn_on_pim_prefill-1024xdecode_256_ops_trace.csv,decode,0,0,31,PIM0,pim,7,"Q:0,K:0,V:0,QK:0,Softmax:0,SV:0,O:0",3.0599697265598635e-05,3.0525e-05,pim|decode|0|61397802f1888ea563dd9b1ea38edd23,0,sample_step,3.0599697265598635e-05,3.0525e-05,-7.46972655986321e-08,0.9975588887383338,-7.46972655986321e-08,0.9975588887383338
attn_on_pim_prefill-1024xdecode_256_ops_trace.csv,decode,0,0,31,PIM1,pim,7,"Q:1,K:1,V:1,QK:1,Softmax:1,SV:1,O:1",3.0599697265598635e-05,3.0525e-05,pim|decode|0|9c4e6c099d863efd94751a80c7e404c5,0,sample_step,3.0599697265598635e-05,3.0525e-05,-7.46972655986321e-08,0.9975588887383338,-7.46972655986321e-08,0.9975588887383338
attn_on_pim_prefill-1024xdecode_256_ops_trace.csv,decode,1,1,0,GPU0,npu,12,"LN:-1,Add:-1,LN:-1,FFN_W1:0,FFN_W3:0,FFN_W1:1,FFN_W3:1,SwiGLU:0,SwiGLU:1,FFN_W2:0,FFN_W2:1,Add:-1",0.00032135900410334983,0.0003602432012557983,npu|decode|1|2ef4409498d14c672a4fbbfe6786cce6,1,sample_step,0.02024561725851104,0.022695321679115293,3.888419715244849e-05,1.120999245877496,0.0024497044206042533,1.120999245877496
attn_on_pim_prefill-1024xdecode_256_ops_trace.csv,decode,1,1,0,PIM0,pim,7,"Q:0,K:0,V:0,QK:0,Softmax:0,SV:0,O:0",3.4339697265517444e-05,3.0525e-05,pim|decode|1|61397802f1888ea563dd9b1ea38edd23,1,sample_step,0.002163400927727599,0.0019230750000000002,-3.8146972655174404e-06,0.8889129034533451,-0.00024032592772759874,0.8889129034533451
attn_on_pim_prefill-1024xdecode_256_ops_trace.csv,decode,1,1,0,PIM1,pim,7,"Q:1,K:1,V:1,QK:1,Softmax:1,SV:1,O:1",3.4339697265517444e-05,3.0525e-05,pim|decode|1|9c4e6c099d863efd94751a80c7e404c5,1,sample_step,0.002163400927727599,0.0019230750000000002,-3.8146972655174404e-06,0.8889129034533451,-0.00024032592772759874,0.8889129034533451
attn_on_pim_prefill-1024xdecode_256_ops_trace.csv,decode,1,1,1,GPU0,npu,12,"LN:-1,Add:-1,LN:-1,FFN_W1:0,FFN_W3:0,FFN_W1:1,FFN_W3:1,SwiGLU:0,SwiGLU:1,FFN_W2:0,FFN_W2:1,Add:-1",0.00032135900410334983,0.0003602432012557983,npu|decode|1|2ef4409498d14c672a4fbbfe6786cce6,1,sample_step,0.02024561725851104,0.022695321679115293,3.888419715244849e-05,1.120999245877496,0.0024497044206042533,1.120999245877496
attn_on_pim_prefill-1024xdecode_256_ops_trace.csv,decode,1,1,1,PIM0,pim,7,"Q:0,K:0,V:0,QK:0,Softmax:0,SV:0,O:0",3.4339697265517444e-05,3.0525e-05,pim|decode|1|61397802f1888ea563dd9b1ea38edd23,1,sample_step,0.002163400927727599,0.0019230750000000002,-3.8146972655174404e-06,0.8889129034533451,-0.00024032592772759874,0.8889129034533451
attn_on_pim_prefill-1024xdecode_256_ops_trace.csv,decode,1,1,1,PIM1,pim,7,"Q:1,K:1,V:1,QK:1,Softmax:1,SV:1,O:1",3.4339697265517444e-05,3.0525e-05,pim|decode|1|9c4e6c099d863efd94751a80c7e404c5,1,sample_step,0.002163400927727599,0.0019230750000000002,-3.8146972655174404e-06,0.8889129034533451,-0.00024032592772759874,0.8889129034533451
attn_on_pim_prefill-1024xdecode_256_ops_trace.csv,decode,1,1,2,GPU0,npu,12,"LN:-1,Add:-1,LN:-1,FFN_W1:0,FFN_W3:0,FFN_W1:1,FFN_W3:1,SwiGLU:0,SwiGLU:1,FFN_W2:0,FFN_W2:1,Add:-1",0.00032135900410334983,0.0003602432012557983,npu|decode|1|2ef4409498d14c672a4fbbfe6786cce6,1,sample_step,0.02024561725851104,0.022695321679115293,3.888419715244849e-05,1.120999245877496,0.0024497044206042533,1.120999245877496
attn_on_pim_prefill-1024xdecode_256_ops_trace.csv,decode,1,1,2,PIM0,pim,7,"Q:0,K:0,V:0,QK:0,Softmax:0,SV:0,O:0",3.4339697265517444e-05,3.0525e-05,pim|decode|1|61397802f1888ea563dd9b1ea38edd23,1,sample_step,0.002163400927727599,0.0019230750000000002,-3.8146972655174404e-06,0.8889129034533451,-0.00024032592772759874,0.8889129034533451
attn_on_pim_prefill-1024xdecode_256_ops_trace.csv,decode,1,1,2,PIM1,pim,7,"Q:1,K:1,V:1,QK:1,Softmax:1,SV:1,O:1",3.4339697265517444e-05,3.0525e-05,pim|decode|1|9c4e6c099d863efd94751a80c7e404c5,1,sample_step,0.002163400927727599,0.0019230750000000002,-3.8146972655174404e-06,0.8889129034533451,-0.00024032592772759874,0.8889129034533451
attn_on_pim_prefill-1024xdecode_256_ops_trace.csv,decode,1,1,3,GPU0,npu,12,"LN:-1,Add:-1,LN:-1,FFN_W1:0,FFN_W3:0,FFN_W1:1,FFN_W3:1,SwiGLU:0,SwiGLU:1,FFN_W2:0,FFN_W2:1,Add:-1",0.00032135900410334983,0.0003602432012557983,npu|decode|1|2ef4409498d14c672a4fbbfe6786cce6,1,sample_step,0.02024561725851104,0.022695321679115293,3.888419715244849e-05,1.120999245877496,0.0024497044206042533,1.120999245877496
attn_on_pim_prefill-1024xdecode_256_ops_trace.csv,decode,1,1,3,PIM0,pim,7,"Q:0,K:0,V:0,QK:0,Softmax:0,SV:0,O:0",3.4339697265517444e-05,3.0525e-05,pim|decode|1|61397802f1888ea563dd9b1ea38edd23,1,sample_step,0.002163400927727599,0.0019230750000000002,-3.8146972655174404e-06,0.8889129034533451,-0.00024032592772759874,0.8889129034533451
attn_on_pim_prefill-1024xdecode_256_ops_trace.csv,decode,1,1,3,PIM1,pim,7,"Q:1,K:1,V:1,QK:1,Softmax:1,SV:1,O:1",3.4339697265517444e-05,3.0525e-05,pim|decode|1|9c4e6c099d863efd94751a80c7e404c5,1,sample_step,0.002163400927727599,0.0019230750000000002,-3.8146972655174404e-06,0.8889129034533451,-0.00024032592772759874,0.8889129034533451
attn_on_pim_prefill-1024xdecode_256_ops_trace.csv,decode,1,1,4,GPU0,npu,12,"LN:-1,Add:-1,LN:-1,FFN_W1:0,FFN_W3:0,FFN_W1:1,FFN_W3:1,SwiGLU:0,SwiGLU:1,FFN_W2:0,FFN_W2:1,Add:-1",0.00032135900410334983,0.0003602432012557983,npu|decode|1|2ef4409498d14c672a4fbbfe6786cce6,1,sample_step,0.02024561725851104,0.022695321679115293,3.888419715244849e-05,1.120999245877496,0.0024497044206042533,1.120999245877496
attn_on_pim_prefill-1024xdecode_256_ops_trace.csv,decode,1,1,4,PIM0,pim,7,"Q:0,K:0,V:0,QK:0,Softmax:0,SV:0,O:0",3.4339697265517444e-05,3.0525e-05,pim|decode|1|61397802f1888ea563dd9b1ea38edd23,1,sample_step,0.002163400927727599,0.0019230750000000002,-3.8146972655174404e-06,0.8889129034533451,-0.00024032592772759874,0.8889129034533451
attn_on_pim_prefill-1024xdecode_256_ops_trace.csv,decode,1,1,4,PIM1,pim,7,"Q:1,K:1,V:1,QK:1,Softmax:1,SV:1,O:1",3.4339697265517444e-05,3.0525e-05,pim|decode|1|9c4e6c099d863efd94751a80c7e404c5,1,sample_step,0.002163400927727599,0.0019230750000000002,-3.8146972655174404e-06,0.8889129034533451,-0.00024032592772759874,0.8889129034533451
attn_on_pim_prefill-1024xdecode_256_ops_trace.csv,decode,1,1,5,GPU0,npu,12,"LN:-1,Add:-1,LN:-1,FFN_W1:0,FFN_W3:0,FFN_W1:1,FFN_W3:1,SwiGLU:0,SwiGLU:1,FFN_W2:0,FFN_W2:1,Add:-1",0.00032135900410334983,0.0003602432012557983,npu|decode|1|2ef4409498d14c672a4fbbfe6786cce6,1,sample_step,0.02024561725851104,0.022695321679115293,3.888419715244849e-05,1.120999245877496,0.0024497044206042533,1.120999245877496
attn_on_pim_prefill-1024xdecode_256_ops_trace.csv,decode,1,1,5,PIM0,pim,7,"Q:0,K:0,V:0,QK:0,Softmax:0,SV:0,O:0",3.4339697265517444e-05,3.0525e-05,pim|decode|1|61397802f1888ea563dd9b1ea38edd23,1,sample_step,0.002163400927727599,0.0019230750000000002,-3.8146972655174404e-06,0.8889129034533451,-0.00024032592772759874,0.8889129034533451
attn_on_pim_prefill-1024xdecode_256_ops_trace.csv,decode,1,1,5,PIM1,pim,7,"Q:1,K:1,V:1,QK:1,Softmax:1,SV:1,O:1",3.4339697265517444e-05,3.0525e-05,pim|decode|1|9c4e6c099d863efd94751a80c7e404c5,1,sample_step,0.002163400927727599,0.0019230750000000002,-3.8146972655174404e-06,0.8889129034533451,-0.00024032592772759874,0.8889129034533451
attn_on_pim_prefill-1024xdecode_256_ops_trace.csv,decode,1,1,6,GPU0,npu,12,"LN:-1,Add:-1,LN:-1,FFN_W1:0,FFN_W3:0,FFN_W1:1,FFN_W3:1,SwiGLU:0,SwiGLU:1,FFN_W2:0,FFN_W2:1,Add:-1",0.00032135900410334983,0.0003602432012557983,npu|decode|1|2ef4409498d14c672a4fbbfe6786cce6,1,sample_step,0.02024561725851104,0.022695321679115293,3.888419715244849e-05,1.120999245877496,0.0024497044206042533,1.120999245877496
attn_on_pim_prefill-1024xdecode_256_ops_trace.csv,decode,1,1,6,PIM0,pim,7,"Q:0,K:0,V:0,QK:0,Softmax:0,SV:0,O:0",3.4339697265517444e-05,3.0525e-05,pim|decode|1|61397802f1888ea563dd9b1ea38edd23,1,sample_step,0.002163400927727599,0.0019230750000000002,-3.8146972655174404e-06,0.8889129034533451,-0.00024032592772759874,0.8889129034533451
attn_on_pim_prefill-1024xdecode_256_ops_trace.csv,decode,1,1,6,PIM1,pim,7,"Q:1,K:1,V:1,QK:1,Softmax:1,SV:1,O:1",3.4339697265517444e-05,3.0525e-05,pim|decode|1|9c4e6c099d863efd94751a80c7e404c5,1,sample_step,0.002163400927727599,0.0019230750000000002,-3.8146972655174404e-06,0.8889129034533451,-0.00024032592772759874,0.8889129034533451
attn_on_pim_prefill-1024xdecode_256_ops_trace.csv,decode,1,1,7,GPU0,npu,12,"LN:-1,Add:-1,LN:-1,FFN_W1:0,FFN_W3:0,FFN_W1:1,FFN_W3:1,SwiGLU:0,SwiGLU:1,FFN_W2:0,FFN_W2:1,Add:-1",0.00032135900410334983,0.0003602432012557983,npu|decode|1|2ef4409498d14c672a4fbbfe6786cce6,1,sample_step,0.02024561725851104,0.022695321679115293,3.888419715244849e-05,1.120999245877496,0.0024497044206042533,1.120999245877496
attn_on_pim_prefill-1024xdecode_256_ops_trace.csv,decode,1,1,7,PIM0,pim,7,"Q:0,K:0,V:0,QK:0,Softmax:0,SV:0,O:0",3.4339697265517444e-05,3.0525e-05,pim|decode|1|61397802f1888ea563dd9b1ea38edd23,1,sample_step,0.002163400927727599,0.0019230750000000002,-3.8146972655174404e-06,0.8889129034533451,-0.00024032592772759874,0.8889129034533451
attn_on_pim_prefill-1024xdecode_256_ops_trace.csv,decode,1,1,7,PIM1,pim,7,"Q:1,K:1,V:1,QK:1,Softmax:1,SV:1,O:1",3.4339697265517444e-05,3.0525e-05,pim|decode|1|9c4e6c099d863efd94751a80c7e404c5,1,sample_step,0.002163400927727599,0.0019230750000000002,-3.8146972655174404e-06,0.8889129034533451,-0.00024032592772759874,0.8889129034533451
attn_on_pim_prefill-1024xdecode_256_ops_trace.csv,decode,1,1,8,GPU0,npu,12,"LN:-1,Add:-1,LN:-1,FFN_W1:0,FFN_W3:0,FFN_W1:1,FFN_W3:1,SwiGLU:0,SwiGLU:1,FFN_W2:0,FFN_W2:1,Add:-1",0.00032135900410334983,0.0003602432012557983,npu|decode|1|2ef4409498d14c672a4fbbfe6786cce6,1,sample_step,0.02024561725851104,0.022695321679115293,3.888419715244849e-05,1.120999245877496,0.0024497044206042533,1.120999245877496
attn_on_pim_prefill-1024xdecode_256_ops_trace.csv,decode,1,1,8,PIM0,pim,7,"Q:0,K:0,V:0,QK:0,Softmax:0,SV:0,O:0",3.4339697265517444e-05,3.0525e-05,pim|decode|1|61397802f1888ea563dd9b1ea38edd23,1,sample_step,0.002163400927727599,0.0019230750000000002,-3.8146972655174404e-06,0.8889129034533451,-0.00024032592772759874,0.8889129034533451
attn_on_pim_prefill-1024xdecode_256_ops_trace.csv,decode,1,1,8,PIM1,pim,7,"Q:1,K:1,V:1,QK:1,Softmax:1,SV:1,O:1",3.4339697265517444e-05,3.0525e-05,pim|decode|1|9c4e6c099d863efd94751a80c7e404c5,1,sample_step,0.002163400927727599,0.0019230750000000002,-3.8146972655174404e-06,0.8889129034533451,-0.00024032592772759874,0.8889129034533451
attn_on_pim_prefill-1024xdecode_256_ops_trace.csv,decode,1,1,9,GPU0,npu,12,"LN:-1,Add:-1,LN:-1,FFN_W1:0,FFN_W3:0,FFN_W1:1,FFN_W3:1,SwiGLU:0,SwiGLU:1,FFN_W2:0,FFN_W2:1,Add:-1",0.00032135900410334983,0.0003602432012557983,npu|decode|1|2ef4409498d14c672a4fbbfe6786cce6,1,sample_step,0.02024561725851104,0.022695321679115293,3.888419715244849e-05,1.120999245877496,0.0024497044206042533,1.120999245877496
attn_on_pim_prefill-1024xdecode_256_ops_trace.csv,decode,1,1,9,PIM0,pim,7,"Q:0,K:0,V:0,QK:0,Softmax:0,SV:0,O:0",3.4339697265517444e-05,3.0525e-05,pim|decode|1|61397802f1888ea563dd9b1ea38edd23,1,sample_step,0.002163400927727599,0.0019230750000000002,-3.8146972655174404e-06,0.8889129034533451,-0.00024032592772759874,0.8889129034533451
attn_on_pim_prefill-1024xdecode_256_ops_trace.csv,decode,1,1,9,PIM1,pim,7,"Q:1,K:1,V:1,QK:1,Softmax:1,SV:1,O:1",3.4339697265517444e-05,3.0525e-05,pim|decode|1|9c4e6c099d863efd94751a80c7e404c5,1,sample_step,0.002163400927727599,0.0019230750000000002,-3.8146972655174404e-06,0.8889129034533451,-0.00024032592772759874,0.8889129034533451
attn_on_pim_prefill-1024xdecode_256_ops_trace.csv,decode,1,1,10,GPU0,npu,12,"LN:-1,Add:-1,LN:-1,FFN_W1:0,FFN_W3:0,FFN_W1:1,FFN_W3:1,SwiGLU:0,SwiGLU:1,FFN_W2:0,FFN_W2:1,Add:-1",0.00032135900410334983,0.0003602432012557983,npu|decode|1|2ef4409498d14c672a4fbbfe6786cce6,1,sample_step,0.02024561725851104,0.022695321679115293,3.888419715244849e-05,1.120999245877496,0.0024497044206042533,1.120999245877496
attn_on_pim_prefill-1024xdecode_256_ops_trace.csv,decode,1,1,10,PIM0,pim,7,"Q:0,K:0,V:0,QK:0,Softmax:0,SV:0,O:0",3.4339697265517444e-05,3.0525e-05,pim|decode|1|61397802f1888ea563dd9b1ea38edd23,1,sample_step,0.002163400927727599,0.0019230750000000002,-3.8146972655174404e-06,0.8889129034533451,-0.00024032592772759874,0.8889129034533451
attn_on_pim_prefill-1024xdecode_256_ops_trace.csv,decode,1,1,10,PIM1,pim,7,"Q:1,K:1,V:1,QK:1,Softmax:1,SV:1,O:1",3.4339697265517444e-05,3.0525e-05,pim|decode|1|9c4e6c099d863efd94751a80c7e404c5,1,sample_step,0.002163400927727599,0.0019230750000000002,-3.8146972655174404e-06,0.8889129034533451,-0.00024032592772759874,0.8889129034533451
attn_on_pim_prefill-1024xdecode_256_ops_trace.csv,decode,1,1,11,GPU0,npu,12,"LN:-1,Add:-1,LN:-1,FFN_W1:0,FFN_W3:0,FFN_W1:1,FFN_W3:1,SwiGLU:0,SwiGLU:1,FFN_W2:0,FFN_W2:1,Add:-1",0.00032135900410334983,0.0003602432012557983,npu|decode|1|2ef4409498d14c672a4fbbfe6786cce6,1,sample_step,0.02024561725851104,0.022695321679115293,3.888419715244849e-05,1.120999245877496,0.0024497044206042533,1.120999245877496
attn_on_pim_prefill-1024xdecode_256_ops_trace.csv,decode,1,1,11,PIM0,pim,7,"Q:0,K:0,V:0,QK:0,Softmax:0,SV:0,O:0",3.4339697265517444e-05,3.0525e-05,pim|decode|1|61397802f1888ea563dd9b1ea38edd23,1,sample_step,0.002163400927727599,0.0019230750000000002,-3.8146972655174404e-06,0.8889129034533451,-0.00024032592772759874,0.8889129034533451
attn_on_pim_prefill-1024xdecode_256_ops_trace.csv,decode,1,1,11,PIM1,pim,7,"Q:1,K:1,V:1,QK:1,Softmax:1,SV:1,O:1",3.4339697265517444e-05,3.0525e-05,pim|decode|1|9c4e6c099d863efd94751a80c7e404c5,1,sample_step,0.002163400927727599,0.0019230750000000002,-3.8146972655174404e-06,0.8889129034533451,-0.00024032592772759874,0.8889129034533451
attn_on_pim_prefill-1024xdecode_256_ops_trace.csv,decode,1,1,12,GPU0,npu,12,"LN:-1,Add:-1,LN:-1,FFN_W1:0,FFN_W3:0,FFN_W1:1,FFN_W3:1,SwiGLU:0,SwiGLU:1,FFN_W2:0,FFN_W2:1,Add:-1",0.00032135900410334983,0.0003602432012557983,npu|decode|1|2ef4409498d14c672a4fbbfe6786cce6,1,sample_step,0.02024561725851104,0.022695321679115293,3.888419715244849e-05,1.120999245877496,0.0024497044206042533,1.120999245877496
attn_on_pim_prefill-1024xdecode_256_ops_trace.csv,decode,1,1,12,PIM0,pim,7,"Q:0,K:0,V:0,QK:0,Softmax:0,SV:0,O:0",3.4339697265517444e-05,3.0525e-05,pim|decode|1|61397802f1888ea563dd9b1ea38edd23,1,sample_step,0.002163400927727599,0.0019230750000000002,-3.8146972655174404e-06,0.8889129034533451,-0.00024032592772759874,0.8889129034533451
attn_on_pim_prefill-1024xdecode_256_ops_trace.csv,decode,1,1,12,PIM1,pim,7,"Q:1,K:1,V:1,QK:1,Softmax:1,SV:1,O:1",3.4339697265517444e-05,3.0525e-05,pim|decode|1|9c4e6c099d863efd94751a80c7e404c5,1,sample_step,0.002163400927727599,0.0019230750000000002,-3.8146972655174404e-06,0.8889129034533451,-0.00024032592772759874,0.8889129034533451
attn_on_pim_prefill-1024xdecode_256_ops_trace.csv,decode,1,1,13,GPU0,npu,12,"LN:-1,Add:-1,LN:-1,FFN_W1:0,FFN_W3:0,FFN_W1:1,FFN_W3:1,SwiGLU:0,SwiGLU:1,FFN_W2:0,FFN_W2:1,Add:-1",0.00032135900410334983,0.0003602432012557983,npu|decode|1|2ef4409498d14c672a4fbbfe6786cce6,1,sample_step,0.02024561725851104,0.022695321679115293,3.888419715244849e-05,1.120999245877496,0.0024497044206042533,1.120999245877496
attn_on_pim_prefill-1024xdecode_256_ops_trace.csv,decode,1,1,13,PIM0,pim,7,"Q:0,K:0,V:0,QK:0,Softmax:0,SV:0,O:0",3.4339697265517444e-05,3.0525e-05,pim|decode|1|61397802f1888ea563dd9b1ea38edd23,1,sample_step,0.002163400927727599,0.0019230750000000002,-3.8146972655174404e-06,0.8889129034533451,-0.00024032592772759874,0.8889129034533451
attn_on_pim_prefill-1024xdecode_256_ops_trace.csv,decode,1,1,13,PIM1,pim,7,"Q:1,K:1,V:1,QK:1,Softmax:1,SV:1,O:1",3.4339697265517444e-05,3.0525e-05,pim|decode|1|9c4e6c099d863efd94751a80c7e404c5,1,sample_step,0.002163400927727599,0.0019230750000000002,-3.8146972655174404e-06,0.8889129034533451,-0.00024032592772759874,0.8889129034533451
attn_on_pim_prefill-1024xdecode_256_ops_trace.csv,decode,1,1,14,GPU0,npu,12,"LN:-1,Add:-1,LN:-1,FFN_W1:0,FFN_W3:0,FFN_W1:1,FFN_W3:1,SwiGLU:0,SwiGLU:1,FFN_W2:0,FFN_W2:1,Add:-1",0.00032135900410334983,0.0003602432012557983,npu|decode|1|2ef4409498d14c672a4fbbfe6786cce6,1,sample_step,0.02024561725851104,0.022695321679115293,3.888419715244849e-05,1.120999245877496,0.0024497044206042533,1.120999245877496
attn_on_pim_prefill-1024xdecode_256_ops_trace.csv,decode,1,1,14,PIM0,pim,7,"Q:0,K:0,V:0,QK:0,Softmax:0,SV:0,O:0",3.4339697265517444e-05,3.0525e-05,pim|decode|1|61397802f1888ea563dd9b1ea38edd23,1,sample_step,0.002163400927727599,0.0019230750000000002,-3.8146972655174404e-06,0.8889129034533451,-0.00024032592772759874,0.8889129034533451
attn_on_pim_prefill-1024xdecode_256_ops_trace.csv,decode,1,1,14,PIM1,pim,7,"Q:1,K:1,V:1,QK:1,Softmax:1,SV:1,O:1",3.4339697265517444e-05,3.0525e-05,pim|decode|1|9c4e6c099d863efd94751a80c7e404c5,1,sample_step,0.002163400927727599,0.0019230750000000002,-3.8146972655174404e-06,0.8889129034533451,-0.00024032592772759874,0.8889129034533451
attn_on_pim_prefill-1024xdecode_256_ops_trace.csv,decode,1,1,15,GPU0,npu,12,"LN:-1,Add:-1,LN:-1,FFN_W1:0,FFN_W3:0,FFN_W1:1,FFN_W3:1,SwiGLU:0,SwiGLU:1,FFN_W2:0,FFN_W2:1,Add:-1",0.00032135900410334983,0.0003602432012557983,npu|decode|1|2ef4409498d14c672a4fbbfe6786cce6,1,sample_step,0.02024561725851104,0.022695321679115293,3.888419715244849e-05,1.120999245877496,0.0024497044206042533,1.120999245877496
attn_on_pim_prefill-1024xdecode_256_ops_trace.csv,decode,1,1,15,PIM0,pim,7,"Q:0,K:0,V:0,QK:0,Softmax:0,SV:0,O:0",3.4339697265517444e-05,3.0525e-05,pim|decode|1|61397802f1888ea563dd9b1ea38edd23,1,sample_step,0.002163400927727599,0.0019230750000000002,-3.8146972655174404e-06,0.8889129034533451,-0.00024032592772759874,0.8889129034533451
attn_on_pim_prefill-1024xdecode_256_ops_trace.csv,decode,1,1,15,PIM1,pim,7,"Q:1,K:1,V:1,QK:1,Softmax:1,SV:1,O:1",3.4339697265517444e-05,3.0525e-05,pim|decode|1|9c4e6c099d863efd94751a80c7e404c5,1,sample_step,0.002163400927727599,0.0019230750000000002,-3.8146972655174404e-06,0.8889129034533451,-0.00024032592772759874,0.8889129034533451
attn_on_pim_prefill-1024xdecode_256_ops_trace.csv,decode,1,1,16,GPU0,npu,12,"LN:-1,Add:-1,LN:-1,FFN_W1:0,FFN_W3:0,FFN_W1:1,FFN_W3:1,SwiGLU:0,SwiGLU:1,FFN_W2:0,FFN_W2:1,Add:-1",0.00032135900410334983,0.0003602432012557983,npu|decode|1|2ef4409498d14c672a4fbbfe6786cce6,1,sample_step,0.02024561725851104,0.022695321679115293,3.888419715244849e-05,1.120999245877496,0.0024497044206042533,1.120999245877496
attn_on_pim_prefill-1024xdecode_256_ops_trace.csv,decode,1,1,16,PIM0,pim,7,"Q:0,K:0,V:0,QK:0,Softmax:0,SV:0,O:0",3.4339697265517444e-05,3.0525e-05,pim|decode|1|61397802f1888ea563dd9b1ea38edd23,1,sample_step,0.002163400927727599,0.0019230750000000002,-3.8146972655174404e-06,0.8889129034533451,-0.00024032592772759874,0.8889129034533451
attn_on_pim_prefill-1024xdecode_256_ops_trace.csv,decode,1,1,16,PIM1,pim,7,"Q:1,K:1,V:1,QK:1,Softmax:1,SV:1,O:1",3.4339697265517444e-05,3.0525e-05,pim|decode|1|9c4e6c099d863efd94751a80c7e404c5,1,sample_step,0.002163400927727599,0.0019230750000000002,-3.8146972655174404e-06,0.8889129034533451,-0.00024032592772759874,0.8889129034533451
attn_on_pim_prefill-1024xdecode_256_ops_trace.csv,decode,1,1,17,GPU0,npu,12,"LN:-1,Add:-1,LN:-1,FFN_W1:0,FFN_W3:0,FFN_W1:1,FFN_W3:1,SwiGLU:0,SwiGLU:1,FFN_W2:0,FFN_W2:1,Add:-1",0.00032135900410334983,0.0003602432012557983,npu|decode|1|2ef4409498d14c672a4fbbfe6786cce6,1,sample_step,0.02024561725851104,0.022695321679115293,3.888419715244849e-05,1.120999245877496,0.0024497044206042533,1.120999245877496
attn_on_pim_prefill-1024xdecode_256_ops_trace.csv,decode,1,1,17,PIM0,pim,7,"Q:0,K:0,V:0,QK:0,Softmax:0,SV:0,O:0",3.4339697265517444e-05,3.0525e-05,pim|decode|1|61397802f1888ea563dd9b1ea38edd23,1,sample_step,0.002163400927727599,0.0019230750000000002,-3.8146972655174404e-06,0.8889129034533451,-0.00024032592772759874,0.8889129034533451
attn_on_pim_prefill-1024xdecode_256_ops_trace.csv,decode,1,1,17,PIM1,pim,7,"Q:1,K:1,V:1,QK:1,Softmax:1,SV:1,O:1",3.4339697265517444e-05,3.0525e-05,pim|decode|1|9c4e6c099d863efd94751a80c7e404c5,1,sample_step,0.002163400927727599,0.0019230750000000002,-3.8146972655174404e-06,0.8889129034533451,-0.00024032592772759874,0.8889129034533451
attn_on_pim_prefill-1024xdecode_256_ops_trace.csv,decode,1,1,18,GPU0,npu,12,"LN:-1,Add:-1,LN:-1,FFN_W1:0,FFN_W3:0,FFN_W1:1,FFN_W3:1,SwiGLU:0,SwiGLU:1,FFN_W2:0,FFN_W2:1,Add:-1",0.00032135900410334983,0.0003602432012557983,npu|decode|1|2ef4409498d14c672a4fbbfe6786cce6,1,sample_step,0.02024561725851104,0.022695321679115293,3.888419715244849e-05,1.120999245877496,0.0024497044206042533,1.120999245877496
attn_on_pim_prefill-1024xdecode_256_ops_trace.csv,decode,1,1,18,PIM0,pim,7,"Q:0,K:0,V:0,QK:0,Softmax:0,SV:0,O:0",3.4339697265517444e-05,3.0525e-05,pim|decode|1|61397802f1888ea563dd9b1ea38edd23,1,sample_step,0.002163400927727599,0.0019230750000000002,-3.8146972655174404e-06,0.8889129034533451,-0.00024032592772759874,0.8889129034533451
attn_on_pim_prefill-1024xdecode_256_ops_trace.csv,decode,1,1,18,PIM1,pim,7,"Q:1,K:1,V:1,QK:1,Softmax:1,SV:1,O:1",3.4339697265517444e-05,3.0525e-05,pim|decode|1|9c4e6c099d863efd94751a80c7e404c5,1,sample_step,0.002163400927727599,0.0019230750000000002,-3.8146972655174404e-06,0.8889129034533451,-0.00024032592772759874,0.8889129034533451
attn_on_pim_prefill-1024xdecode_256_ops_trace.csv,decode,1,1,19,GPU0,npu,12,"LN:-1,Add:-1,LN:-1,FFN_W1:0,FFN_W3:0,FFN_W1:1,FFN_W3:1,SwiGLU:0,SwiGLU:1,FFN_W2:0,FFN_W2:1,Add:-1",0.00032135900410334983,0.0003602432012557983,npu|decode|1|2ef4409498d14c672a4fbbfe6786cce6,1,sample_step,0.02024561725851104,0.022695321679115293,3.888419715244849e-05,1.120999245877496,0.0024497044206042533,1.120999245877496
attn_on_pim_prefill-1024xdecode_256_ops_trace.csv,decode,1,1,19,PIM0,pim,7,"Q:0,K:0,V:0,QK:0,Softmax:0,SV:0,O:0",3.4339697265517444e-05,3.0525e-05,pim|decode|1|61397802f1888ea563dd9b1ea38edd23,1,sample_step,0.002163400927727599,0.0019230750000000002,-3.8146972655174404e-06,0.8889129034533451,-0.00024032592772759874,0.8889129034533451
attn_on_pim_prefill-1024xdecode_256_ops_trace.csv,decode,1,1,19,PIM1,pim,7,"Q:1,K:1,V:1,QK:1,Softmax:1,SV:1,O:1",3.4339697265517444e-05,3.0525e-05,pim|decode|1|9c4e6c099d863efd94751a80c7e404c5,1,sample_step,0.002163400927727599,0.0019230750000000002,-3.8146972655174404e-06,0.8889129034533451,-0.00024032592772759874,0.8889129034533451
attn_on_pim_prefill-1024xdecode_256_ops_trace.csv,decode,1,1,20,GPU0,npu,12,"LN:-1,Add:-1,LN:-1,FFN_W1:0,FFN_W3:0,FFN_W1:1,FFN_W3:1,SwiGLU:0,SwiGLU:1,FFN_W2:0,FFN_W2:1,Add:-1",0.00032135900410334983,0.0003602432012557983,npu|decode|1|2ef4409498d14c672a4fbbfe6786cce6,1,sample_step,0.02024561725851104,0.022695321679115293,3.888419715244849e-05,1.120999245877496,0.0024497044206042533,1.120999245877496
attn_on_pim_prefill-1024xdecode_256_ops_trace.csv,decode,1,1,20,PIM0,pim,7,"Q:0,K:0,V:0,QK:0,Softmax:0,SV:0,O:0",3.4339697265517444e-05,3.0525e-05,pim|decode|1|61397802f1888ea563dd9b1ea38edd23,1,sample_step,0.002163400927727599,0.0019230750000000002,-3.8146972655174404e-06,0.8889129034533451,-0.00024032592772759874,0.8889129034533451
attn_on_pim_prefill-1024xdecode_256_ops_trace.csv,decode,1,1,20,PIM1,pim,7,"Q:1,K:1,V:1,QK:1,Softmax:1,SV:1,O:1",3.4339697265517444e-05,3.0525e-05,pim|decode|1|9c4e6c099d863efd94751a80c7e404c5,1,sample_step,0.002163400927727599,0.0019230750000000002,-3.8146972655174404e-06,0.8889129034533451,-0.00024032592772759874,0.8889129034533451
attn_on_pim_prefill-1024xdecode_256_ops_trace.csv,decode,1,1,21,GPU0,npu,12,"LN:-1,Add:-1,LN:-1,FFN_W1:0,FFN_W3:0,FFN_W1:1,FFN_W3:1,SwiGLU:0,SwiGLU:1,FFN_W2:0,FFN_W2:1,Add:-1",0.00032135900410334983,0.0003602432012557983,npu|decode|1|2ef4409498d14c672a4fbbfe6786cce6,1,sample_step,0.02024561725851104,0.022695321679115293,3.888419715244849e-05,1.120999245877496,0.0024497044206042533,1.120999245877496
attn_on_pim_prefill-1024xdecode_256_ops_trace.csv,decode,1,1,21,PIM0,pim,7,"Q:0,K:0,V:0,QK:0,Softmax:0,SV:0,O:0",3.4339697265517444e-05,3.0525e-05,pim|decode|1|61397802f1888ea563dd9b1ea38edd23,1,sample_step,0.002163400927727599,0.0019230750000000002,-3.8146972655174404e-06,0.8889129034533451,-0.00024032592772759874,0.8889129034533451
attn_on_pim_prefill-1024xdecode_256_ops_trace.csv,decode,1,1,21,PIM1,pim,7,"Q:1,K:1,V:1,QK:1,Softmax:1,SV:1,O:1",3.4339697265517444e-05,3.0525e-05,pim|decode|1|9c4e6c099d863efd94751a80c7e404c5,1,sample_step,0.002163400927727599,0.0019230750000000002,-3.8146972655174404e-06,0.8889129034533451,-0.00024032592772759874,0.8889129034533451
attn_on_pim_prefill-1024xdecode_256_ops_trace.csv,decode,1,1,22,GPU0,npu,12,"LN:-1,Add:-1,LN:-1,FFN_W1:0,FFN_W3:0,FFN_W1:1,FFN_W3:1,SwiGLU:0,SwiGLU:1,FFN_W2:0,FFN_W2:1,Add:-1",0.00032135900410334983,0.0003602432012557983,npu|decode|1|2ef4409498d14c672a4fbbfe6786cce6,1,sample_step,0.02024561725851104,0.022695321679115293,3.888419715244849e-05,1.120999245877496,0.0024497044206042533,1.120999245877496
attn_on_pim_prefill-1024xdecode_256_ops_trace.csv,decode,1,1,22,PIM0,pim,7,"Q:0,K:0,V:0,QK:0,Softmax:0,SV:0,O:0",3.4339697265517444e-05,3.0525e-05,pim|decode|1|61397802f1888ea563dd9b1ea38edd23,1,sample_step,0.002163400927727599,0.0019230750000000002,-3.8146972655174404e-06,0.8889129034533451,-0.00024032592772759874,0.8889129034533451
attn_on_pim_prefill-1024xdecode_256_ops_trace.csv,decode,1,1,22,PIM1,pim,7,"Q:1,K:1,V:1,QK:1,Softmax:1,SV:1,O:1",3.4339697265517444e-05,3.0525e-05,pim|decode|1|9c4e6c099d863efd94751a80c7e404c5,1,sample_step,0.002163400927727599,0.0019230750000000002,-3.8146972655174404e-06,0.8889129034533451,-0.00024032592772759874,0.8889129034533451
attn_on_pim_prefill-1024xdecode_256_ops_trace.csv,decode,1,1,23,GPU0,npu,12,"LN:-1,Add:-1,LN:-1,FFN_W1:0,FFN_W3:0,FFN_W1:1,FFN_W3:1,SwiGLU:0,SwiGLU:1,FFN_W2:0,FFN_W2:1,Add:-1",0.00032135900410334983,0.0003602432012557983,npu|decode|1|2ef4409498d14c672a4fbbfe6786cce6,1,sample_step,0.02024561725851104,0.022695321679115293,3.888419715244849e-05,1.120999245877496,0.0024497044206042533,1.120999245877496
attn_on_pim_prefill-1024xdecode_256_ops_trace.csv,decode,1,1,23,PIM0,pim,7,"Q:0,K:0,V:0,QK:0,Softmax:0,SV:0,O:0",3.4339697265517444e-05,3.0525e-05,pim|decode|1|61397802f1888ea563dd9b1ea38edd23,1,sample_step,0.002163400927727599,0.0019230750000000002,-3.8146972655174404e-06,0.8889129034533451,-0.00024032592772759874,0.8889129034533451
attn_on_pim_prefill-1024xdecode_256_ops_trace.csv,decode,1,1,23,PIM1,pim,7,"Q:1,K:1,V:1,QK:1,Softmax:1,SV:1,O:1",3.4339697265517444e-05,3.0525e-05,pim|decode|1|9c4e6c099d863efd94751a80c7e404c5,1,sample_step,0.002163400927727599,0.0019230750000000002,-3.8146972655174404e-06,0.8889129034533451,-0.00024032592772759874,0.8889129034533451
attn_on_pim_prefill-1024xdecode_256_ops_trace.csv,decode,1,1,24,GPU0,npu,12,"LN:-1,Add:-1,LN:-1,FFN_W1:0,FFN_W3:0,FFN_W1:1,FFN_W3:1,SwiGLU:0,SwiGLU:1,FFN_W2:0,FFN_W2:1,Add:-1",0.00032135900410334983,0.0003602432012557983,npu|decode|1|2ef4409498d14c672a4fbbfe6786cce6,1,sample_step,0.02024561725851104,0.022695321679115293,3.888419715244849e-05,1.120999245877496,0.0024497044206042533,1.120999245877496
attn_on_pim_prefill-1024xdecode_256_ops_trace.csv,decode,1,1,24,PIM0,pim,7,"Q:0,K:0,V:0,QK:0,Softmax:0,SV:0,O:0",3.4339697265517444e-05,3.0525e-05,pim|decode|1|61397802f1888ea563dd9b1ea38edd23,1,sample_step,0.002163400927727599,0.0019230750000000002,-3.8146972655174404e-06,0.8889129034533451,-0.00024032592772759874,0.8889129034533451
attn_on_pim_prefill-1024xdecode_256_ops_trace.csv,decode,1,1,24,PIM1,pim,7,"Q:1,K:1,V:1,QK:1,Softmax:1,SV:1,O:1",3.4339697265517444e-05,3.0525e-05,pim|decode|1|9c4e6c099d863efd94751a80c7e404c5,1,sample_step,0.002163400927727599,0.0019230750000000002,-3.8146972655174404e-06,0.8889129034533451,-0.00024032592772759874,0.8889129034533451
attn_on_pim_prefill-1024xdecode_256_ops_trace.csv,decode,1,1,25,GPU0,npu,12,"LN:-1,Add:-1,LN:-1,FFN_W1:0,FFN_W3:0,FFN_W1:1,FFN_W3:1,SwiGLU:0,SwiGLU:1,FFN_W2:0,FFN_W2:1,Add:-1",0.00032135900410334983,0.0003602432012557983,npu|decode|1|2ef4409498d14c672a4fbbfe6786cce6,1,sample_step,0.02024561725851104,0.022695321679115293,3.888419715244849e-05,1.120999245877496,0.0024497044206042533,1.120999245877496
attn_on_pim_prefill-1024xdecode_256_ops_trace.csv,decode,1,1,25,PIM0,pim,7,"Q:0,K:0,V:0,QK:0,Softmax:0,SV:0,O:0",3.4339697265517444e-05,3.0525e-05,pim|decode|1|61397802f1888ea563dd9b1ea38edd23,1,sample_step,0.002163400927727599,0.0019230750000000002,-3.8146972655174404e-06,0.8889129034533451,-0.00024032592772759874,0.8889129034533451
attn_on_pim_prefill-1024xdecode_256_ops_trace.csv,decode,1,1,25,PIM1,pim,7,"Q:1,K:1,V:1,QK:1,Softmax:1,SV:1,O:1",3.4339697265517444e-05,3.0525e-05,pim|decode|1|9c4e6c099d863efd94751a80c7e404c5,1,sample_step,0.002163400927727599,0.0019230750000000002,-3.8146972655174404e-06,0.8889129034533451,-0.00024032592772759874,0.8889129034533451
attn_on_pim_prefill-1024xdecode_256_ops_trace.csv,decode,1,1,26,GPU0,npu,12,"LN:-1,Add:-1,LN:-1,FFN_W1:0,FFN_W3:0,FFN_W1:1,FFN_W3:1,SwiGLU:0,SwiGLU:1,FFN_W2:0,FFN_W2:1,Add:-1",0.00032135900410334983,0.0003602432012557983,npu|decode|1|2ef4409498d14c672a4fbbfe6786cce6,1,sample_step,0.02024561725851104,0.022695321679115293,3.888419715244849e-05,1.120999245877496,0.0024497044206042533,1.120999245877496
attn_on_pim_prefill-1024xdecode_256_ops_trace.csv,decode,1,1,26,PIM0,pim,7,"Q:0,K:0,V:0,QK:0,Softmax:0,SV:0,O:0",3.4339697265517444e-05,3.0525e-05,pim|decode|1|61397802f1888ea563dd9b1ea38edd23,1,sample_step,0.002163400927727599,0.0019230750000000002,-3.8146972655174404e-06,0.8889129034533451,-0.00024032592772759874,0.8889129034533451
attn_on_pim_prefill-1024xdecode_256_ops_trace.csv,decode,1,1,26,PIM1,pim,7,"Q:1,K:1,V:1,QK:1,Softmax:1,SV:1,O:1",3.4339697265517444e-05,3.0525e-05,pim|decode|1|9c4e6c099d863efd94751a80c7e404c5,1,sample_step,0.002163400927727599,0.0019230750000000002,-3.8146972655174404e-06,0.8889129034533451,-0.00024032592772759874,0.8889129034533451
attn_on_pim_prefill-1024xdecode_256_ops_trace.csv,decode,1,1,27,GPU0,npu,12,"LN:-1,Add:-1,LN:-1,FFN_W1:0,FFN_W3:0,FFN_W1:1,FFN_W3:1,SwiGLU:0,SwiGLU:1,FFN_W2:0,FFN_W2:1,Add:-1",0.00032135900410334983,0.0003602432012557983,npu|decode|1|2ef4409498d14c672a4fbbfe6786cce6,1,sample_step,0.02024561725851104,0.022695321679115293,3.888419715244849e-05,1.120999245877496,0.0024497044206042533,1.120999245877496
attn_on_pim_prefill-1024xdecode_256_ops_trace.csv,decode,1,1,27,PIM0,pim,7,"Q:0,K:0,V:0,QK:0,Softmax:0,SV:0,O:0",3.4339697265517444e-05,3.0525e-05,pim|decode|1|61397802f1888ea563dd9b1ea38edd23,1,sample_step,0.002163400927727599,0.0019230750000000002,-3.8146972655174404e-06,0.8889129034533451,-0.00024032592772759874,0.8889129034533451
attn_on_pim_prefill-1024xdecode_256_ops_trace.csv,decode,1,1,27,PIM1,pim,7,"Q:1,K:1,V:1,QK:1,Softmax:1,SV:1,O:1",3.4339697265517444e-05,3.0525e-05,pim|decode|1|9c4e6c099d863efd94751a80c7e404c5,1,sample_step,0.002163400927727599,0.0019230750000000002,-3.8146972655174404e-06,0.8889129034533451,-0.00024032592772759874,0.8889129034533451
attn_on_pim_prefill-1024xdecode_256_ops_trace.csv,decode,1,1,28,GPU0,npu,12,"LN:-1,Add:-1,LN:-1,FFN_W1:0,FFN_W3:0,FFN_W1:1,FFN_W3:1,SwiGLU:0,SwiGLU:1,FFN_W2:0,FFN_W2:1,Add:-1",0.00032135900410334983,0.0003602432012557983,npu|decode|1|2ef4409498d14c672a4fbbfe6786cce6,1,sample_step,0.02024561725851104,0.022695321679115293,3.888419715244849e-05,1.120999245877496,0.0024497044206042533,1.120999245877496
attn_on_pim_prefill-1024xdecode_256_ops_trace.csv,decode,1,1,28,PIM0,pim,7,"Q:0,K:0,V:0,QK:0,Softmax:0,SV:0,O:0",3.4339697265517444e-05,3.0525e-05,pim|decode|1|61397802f1888ea563dd9b1ea38edd23,1,sample_step,0.002163400927727599,0.0019230750000000002,-3.8146972655174404e-06,0.8889129034533451,-0.00024032592772759874,0.8889129034533451
attn_on_pim_prefill-1024xdecode_256_ops_trace.csv,decode,1,1,28,PIM1,pim,7,"Q:1,K:1,V:1,QK:1,Softmax:1,SV:1,O:1",3.4339697265517444e-05,3.0525e-05,pim|decode|1|9c4e6c099d863efd94751a80c7e404c5,1,sample_step,0.002163400927727599,0.0019230750000000002,-3.8146972655174404e-06,0.8889129034533451,-0.00024032592772759874,0.8889129034533451
attn_on_pim_prefill-1024xdecode_256_ops_trace.csv,decode,1,1,29,GPU0,npu,12,"LN:-1,Add:-1,LN:-1,FFN_W1:0,FFN_W3:0,FFN_W1:1,FFN_W3:1,SwiGLU:0,SwiGLU:1,FFN_W2:0,FFN_W2:1,Add:-1",0.00032135900410334983,0.0003602432012557983,npu|decode|1|2ef4409498d14c672a4fbbfe6786cce6,1,sample_step,0.02024561725851104,0.022695321679115293,3.888419715244849e-05,1.120999245877496,0.0024497044206042533,1.120999245877496
attn_on_pim_prefill-1024xdecode_256_ops_trace.csv,decode,1,1,29,PIM0,pim,7,"Q:0,K:0,V:0,QK:0,Softmax:0,SV:0,O:0",3.4339697265517444e-05,3.0525e-05,pim|decode|1|61397802f1888ea563dd9b1ea38edd23,1,sample_step,0.002163400927727599,0.0019230750000000002,-3.8146972655174404e-06,0.8889129034533451,-0.00024032592772759874,0.8889129034533451
attn_on_pim_prefill-1024xdecode_256_ops_trace.csv,decode,1,1,29,PIM1,pim,7,"Q:1,K:1,V:1,QK:1,Softmax:1,SV:1,O:1",3.4339697265517444e-05,3.0525e-05,pim|decode|1|9c4e6c099d863efd94751a80c7e404c5,1,sample_step,0.002163400927727599,0.0019230750000000002,-3.8146972655174404e-06,0.8889129034533451,-0.00024032592772759874,0.8889129034533451
attn_on_pim_prefill-1024xdecode_256_ops_trace.csv,decode,1,1,30,GPU0,npu,12,"LN:-1,Add:-1,LN:-1,FFN_W1:0,FFN_W3:0,FFN_W1:1,FFN_W3:1,SwiGLU:0,SwiGLU:1,FFN_W2:0,FFN_W2:1,Add:-1",0.00032135900410334983,0.0003602432012557983,npu|decode|1|2ef4409498d14c672a4fbbfe6786cce6,1,sample_step,0.02024561725851104,0.022695321679115293,3.888419715244849e-05,1.120999245877496,0.0024497044206042533,1.120999245877496
attn_on_pim_prefill-1024xdecode_256_ops_trace.csv,decode,1,1,30,PIM0,pim,7,"Q:0,K:0,V:0,QK:0,Softmax:0,SV:0,O:0",3.4339697265517444e-05,3.0525e-05,pim|decode|1|61397802f1888ea563dd9b1ea38edd23,1,sample_step,0.002163400927727599,0.0019230750000000002,-3.8146972655174404e-06,0.8889129034533451,-0.00024032592772759874,0.8889129034533451
attn_on_pim_prefill-1024xdecode_256_ops_trace.csv,decode,1,1,30,PIM1,pim,7,"Q:1,K:1,V:1,QK:1,Softmax:1,SV:1,O:1",3.4339697265517444e-05,3.0525e-05,pim|decode|1|9c4e6c099d863efd94751a80c7e404c5,1,sample_step,0.002163400927727599,0.0019230750000000002,-3.8146972655174404e-06,0.8889129034533451,-0.00024032592772759874,0.8889129034533451
attn_on_pim_prefill-1024xdecode_256_ops_trace.csv,decode,1,1,31,GPU0,npu,12,"LN:-1,Add:-1,LN:-1,FFN_W1:0,FFN_W3:0,FFN_W1:1,FFN_W3:1,SwiGLU:0,SwiGLU:1,FFN_W2:0,FFN_W2:1,Add:-1",0.00032135900410334983,0.0003602432012557983,npu|decode|1|2ef4409498d14c672a4fbbfe6786cce6,1,sample_step,0.02024561725851104,0.022695321679115293,3.888419715244849e-05,1.120999245877496,0.0024497044206042533,1.120999245877496
attn_on_pim_prefill-1024xdecode_256_ops_trace.csv,decode,1,1,31,PIM0,pim,7,"Q:0,K:0,V:0,QK:0,Softmax:0,SV:0,O:0",3.4339697265517444e-05,3.0525e-05,pim|decode|1|61397802f1888ea563dd9b1ea38edd23,1,sample_step,0.002163400927727599,0.0019230750000000002,-3.8146972655174404e-06,0.8889129034533451,-0.00024032592772759874,0.8889129034533451
attn_on_pim_prefill-1024xdecode_256_ops_trace.csv,decode,1,1,31,PIM1,pim,7,"Q:1,K:1,V:1,QK:1,Softmax:1,SV:1,O:1",3.4339697265517444e-05,3.0525e-05,pim|decode|1|9c4e6c099d863efd94751a80c7e404c5,1,sample_step,0.002163400927727599,0.0019230750000000002,-3.8146972655174404e-06,0.8889129034533451,-0.00024032592772759874,0.8889129034533451
attn_on_pim_prefill-1024xdecode_256_ops_trace.csv,decode,2,63,0,GPU0,npu,12,"LN:-1,Add:-1,LN:-1,FFN_W1:0,FFN_W3:0,FFN_W1:1,FFN_W3:1,SwiGLU:0,SwiGLU:1,FFN_W2:0,FFN_W2:1,Add:-1",0.00032135900410246165,0.000358297610282898,npu|decode|2|2ef4409498d14c672a4fbbfe6786cce6,2,sample_step,0.020566976262557546,0.02293104705810547,3.6938606180436336e-05,1.1149449858534504,0.0023640707955479255,1.1149449858534504
attn_on_pim_prefill-1024xdecode_256_ops_trace.csv,decode,2,63,0,PIM0,pim,7,"Q:0,K:0,V:0,QK:0,Softmax:0,SV:0,O:0",3.451369726548137e-05,3.0699000000000005e-05,pim|decode|2|61397802f1888ea563dd9b1ea38edd23,2,sample_step,0.0022088766249908076,0.0019647360000000003,-3.8146972654813635e-06,0.8894729464612704,-0.00024414062499080727,0.8894729464612704
attn_on_pim_prefill-1024xdecode_256_ops_trace.csv,decode,2,63,0,PIM1,pim,7,"Q:1,K:1,V:1,QK:1,Softmax:1,SV:1,O:1",3.451369726548137e-05,3.0699000000000005e-05,pim|decode|2|9c4e6c099d863efd94751a80c7e404c5,2,sample_step,0.0022088766249908076,0.0019647360000000003,-3.8146972654813635e-06,0.8894729464612704,-0.00024414062499080727,0.8894729464612704
attn_on_pim_prefill-1024xdecode_256_ops_trace.csv,decode,2,63,1,GPU0,npu,12,"LN:-1,Add:-1,LN:-1,FFN_W1:0,FFN_W3:0,FFN_W1:1,FFN_W3:1,SwiGLU:0,SwiGLU:1,FFN_W2:0,FFN_W2:1,Add:-1",0.00032135900410246165,0.000358297610282898,npu|decode|2|2ef4409498d14c672a4fbbfe6786cce6,2,sample_step,0.020566976262557546,0.02293104705810547,3.6938606180436336e-05,1.1149449858534504,0.0023640707955479255,1.1149449858534504
attn_on_pim_prefill-1024xdecode_256_ops_trace.csv,decode,2,63,1,PIM0,pim,7,"Q:0,K:0,V:0,QK:0,Softmax:0,SV:0,O:0",3.451369726548137e-05,3.0699000000000005e-05,pim|decode|2|61397802f1888ea563dd9b1ea38edd23,2,sample_step,0.0022088766249908076,0.0019647360000000003,-3.8146972654813635e-06,0.8894729464612704,-0.00024414062499080727,0.8894729464612704
attn_on_pim_prefill-1024xdecode_256_ops_trace.csv,decode,2,63,1,PIM1,pim,7,"Q:1,K:1,V:1,QK:1,Softmax:1,SV:1,O:1",3.451369726548137e-05,3.0699000000000005e-05,pim|decode|2|9c4e6c099d863efd94751a80c7e404c5,2,sample_step,0.0022088766249908076,0.0019647360000000003,-3.8146972654813635e-06,0.8894729464612704,-0.00024414062499080727,0.8894729464612704
attn_on_pim_prefill-1024xdecode_256_ops_trace.csv,decode,2,63,2,GPU0,npu,12,"LN:-1,Add:-1,LN:-1,FFN_W1:0,FFN_W3:0,FFN_W1:1,FFN_W3:1,SwiGLU:0,SwiGLU:1,FFN_W2:0,FFN_W2:1,Add:-1",0.00032135900410246165,0.000358297610282898,npu|decode|2|2ef4409498d14c672a4fbbfe6786cce6,2,sample_step,0.020566976262557546,0.02293104705810547,3.6938606180436336e-05,1.1149449858534504,0.0023640707955479255,1.1149449858534504
attn_on_pim_prefill-1024xdecode_256_ops_trace.csv,decode,2,63,2,PIM0,pim,7,"Q:0,K:0,V:0,QK:0,Softmax:0,SV:0,O:0",3.451369726548137e-05,3.0699000000000005e-05,pim|decode|2|61397802f1888ea563dd9b1ea38edd23,2,sample_step,0.0022088766249908076,0.0019647360000000003,-3.8146972654813635e-06,0.8894729464612704,-0.00024414062499080727,0.8894729464612704
attn_on_pim_prefill-1024xdecode_256_ops_trace.csv,decode,2,63,2,PIM1,pim,7,"Q:1,K:1,V:1,QK:1,Softmax:1,SV:1,O:1",3.451369726548137e-05,3.0699000000000005e-05,pim|decode|2|9c4e6c099d863efd94751a80c7e404c5,2,sample_step,0.0022088766249908076,0.0019647360000000003,-3.8146972654813635e-06,0.8894729464612704,-0.00024414062499080727,0.8894729464612704
attn_on_pim_prefill-1024xdecode_256_ops_trace.csv,decode,2,63,3,GPU0,npu,12,"LN:-1,Add:-1,LN:-1,FFN_W1:0,FFN_W3:0,FFN_W1:1,FFN_W3:1,SwiGLU:0,SwiGLU:1,FFN_W2:0,FFN_W2:1,Add:-1",0.00032135900410246165,0.000358297610282898,npu|decode|2|2ef4409498d14c672a4fbbfe6786cce6,2,sample_step,0.020566976262557546,0.02293104705810547,3.6938606180436336e-05,1.1149449858534504,0.0023640707955479255,1.1149449858534504
attn_on_pim_prefill-1024xdecode_256_ops_trace.csv,decode,2,63,3,PIM0,pim,7,"Q:0,K:0,V:0,QK:0,Softmax:0,SV:0,O:0",3.451369726548137e-05,3.0699000000000005e-05,pim|decode|2|61397802f1888ea563dd9b1ea38edd23,2,sample_step,0.0022088766249908076,0.0019647360000000003,-3.8146972654813635e-06,0.8894729464612704,-0.00024414062499080727,0.8894729464612704
attn_on_pim_prefill-1024xdecode_256_ops_trace.csv,decode,2,63,3,PIM1,pim,7,"Q:1,K:1,V:1,QK:1,Softmax:1,SV:1,O:1",3.451369726548137e-05,3.0699000000000005e-05,pim|decode|2|9c4e6c099d863efd94751a80c7e404c5,2,sample_step,0.0022088766249908076,0.0019647360000000003,-3.8146972654813635e-06,0.8894729464612704,-0.00024414062499080727,0.8894729464612704
attn_on_pim_prefill-1024xdecode_256_ops_trace.csv,decode,2,63,4,GPU0,npu,12,"LN:-1,Add:-1,LN:-1,FFN_W1:0,FFN_W3:0,FFN_W1:1,FFN_W3:1,SwiGLU:0,SwiGLU:1,FFN_W2:0,FFN_W2:1,Add:-1",0.00032135900410246165,0.000358297610282898,npu|decode|2|2ef4409498d14c672a4fbbfe6786cce6,2,sample_step,0.020566976262557546,0.02293104705810547,3.6938606180436336e-05,1.1149449858534504,0.0023640707955479255,1.1149449858534504
attn_on_pim_prefill-1024xdecode_256_ops_trace.csv,decode,2,63,4,PIM0,pim,7,"Q:0,K:0,V:0,QK:0,Softmax:0,SV:0,O:0",3.451369726548137e-05,3.0699000000000005e-05,pim|decode|2|61397802f1888ea563dd9b1ea38edd23,2,sample_step,0.0022088766249908076,0.0019647360000000003,-3.8146972654813635e-06,0.8894729464612704,-0.00024414062499080727,0.8894729464612704
attn_on_pim_prefill-1024xdecode_256_ops_trace.csv,decode,2,63,4,PIM1,pim,7,"Q:1,K:1,V:1,QK:1,Softmax:1,SV:1,O:1",3.451369726548137e-05,3.0699000000000005e-05,pim|decode|2|9c4e6c099d863efd94751a80c7e404c5,2,sample_step,0.0022088766249908076,0.0019647360000000003,-3.8146972654813635e-06,0.8894729464612704,-0.00024414062499080727,0.8894729464612704
attn_on_pim_prefill-1024xdecode_256_ops_trace.csv,decode,2,63,5,GPU0,npu,12,"LN:-1,Add:-1,LN:-1,FFN_W1:0,FFN_W3:0,FFN_W1:1,FFN_W3:1,SwiGLU:0,SwiGLU:1,FFN_W2:0,FFN_W2:1,Add:-1",0.00032135900410246165,0.000358297610282898,npu|decode|2|2ef4409498d14c672a4fbbfe6786cce6,2,sample_step,0.020566976262557546,0.02293104705810547,3.6938606180436336e-05,1.1149449858534504,0.0023640707955479255,1.1149449858534504
attn_on_pim_prefill-1024xdecode_256_ops_trace.csv,decode,2,63,5,PIM0,pim,7,"Q:0,K:0,V:0,QK:0,Softmax:0,SV:0,O:0",3.451369726548137e-05,3.0699000000000005e-05,pim|decode|2|61397802f1888ea563dd9b1ea38edd23,2,sample_step,0.0022088766249908076,0.0019647360000000003,-3.8146972654813635e-06,0.8894729464612704,-0.00024414062499080727,0.8894729464612704
attn_on_pim_prefill-1024xdecode_256_ops_trace.csv,decode,2,63,5,PIM1,pim,7,"Q:1,K:1,V:1,QK:1,Softmax:1,SV:1,O:1",3.451369726548137e-05,3.0699000000000005e-05,pim|decode|2|9c4e6c099d863efd94751a80c7e404c5,2,sample_step,0.0022088766249908076,0.0019647360000000003,-3.8146972654813635e-06,0.8894729464612704,-0.00024414062499080727,0.8894729464612704
attn_on_pim_prefill-1024xdecode_256_ops_trace.csv,decode,2,63,6,GPU0,npu,12,"LN:-1,Add:-1,LN:-1,FFN_W1:0,FFN_W3:0,FFN_W1:1,FFN_W3:1,SwiGLU:0,SwiGLU:1,FFN_W2:0,FFN_W2:1,Add:-1",0.00032135900410246165,0.000358297610282898,npu|decode|2|2ef4409498d14c672a4fbbfe6786cce6,2,sample_step,0.020566976262557546,0.02293104705810547,3.6938606180436336e-05,1.1149449858534504,0.0023640707955479255,1.1149449858534504
attn_on_pim_prefill-1024xdecode_256_ops_trace.csv,decode,2,63,6,PIM0,pim,7,"Q:0,K:0,V:0,QK:0,Softmax:0,SV:0,O:0",3.451369726548137e-05,3.0699000000000005e-05,pim|decode|2|61397802f1888ea563dd9b1ea38edd23,2,sample_step,0.0022088766249908076,0.0019647360000000003,-3.8146972654813635e-06,0.8894729464612704,-0.00024414062499080727,0.8894729464612704
attn_on_pim_prefill-1024xdecode_256_ops_trace.csv,decode,2,63,6,PIM1,pim,7,"Q:1,K:1,V:1,QK:1,Softmax:1,SV:1,O:1",3.451369726548137e-05,3.0699000000000005e-05,pim|decode|2|9c4e6c099d863efd94751a80c7e404c5,2,sample_step,0.0022088766249908076,0.0019647360000000003,-3.8146972654813635e-06,0.8894729464612704,-0.00024414062499080727,0.8894729464612704
attn_on_pim_prefill-1024xdecode_256_ops_trace.csv,decode,2,63,7,GPU0,npu,12,"LN:-1,Add:-1,LN:-1,FFN_W1:0,FFN_W3:0,FFN_W1:1,FFN_W3:1,SwiGLU:0,SwiGLU:1,FFN_W2:0,FFN_W2:1,Add:-1",0.00032135900410246165,0.000358297610282898,npu|decode|2|2ef4409498d14c672a4fbbfe6786cce6,2,sample_step,0.020566976262557546,0.02293104705810547,3.6938606180436336e-05,1.1149449858534504,0.0023640707955479255,1.1149449858534504
attn_on_pim_prefill-1024xdecode_256_ops_trace.csv,decode,2,63,7,PIM0,pim,7,"Q:0,K:0,V:0,QK:0,Softmax:0,SV:0,O:0",3.451369726548137e-05,3.0699000000000005e-05,pim|decode|2|61397802f1888ea563dd9b1ea38edd23,2,sample_step,0.0022088766249908076,0.0019647360000000003,-3.8146972654813635e-06,0.8894729464612704,-0.00024414062499080727,0.8894729464612704
attn_on_pim_prefill-1024xdecode_256_ops_trace.csv,decode,2,63,7,PIM1,pim,7,"Q:1,K:1,V:1,QK:1,Softmax:1,SV:1,O:1",3.451369726548137e-05,3.0699000000000005e-05,pim|decode|2|9c4e6c099d863efd94751a80c7e404c5,2,sample_step,0.0022088766249908076,0.0019647360000000003,-3.8146972654813635e-06,0.8894729464612704,-0.00024414062499080727,0.8894729464612704
attn_on_pim_prefill-1024xdecode_256_ops_trace.csv,decode,2,63,8,GPU0,npu,12,"LN:-1,Add:-1,LN:-1,FFN_W1:0,FFN_W3:0,FFN_W1:1,FFN_W3:1,SwiGLU:0,SwiGLU:1,FFN_W2:0,FFN_W2:1,Add:-1",0.00032135900410246165,0.000358297610282898,npu|decode|2|2ef4409498d14c672a4fbbfe6786cce6,2,sample_step,0.020566976262557546,0.02293104705810547,3.6938606180436336e-05,1.1149449858534504,0.0023640707955479255,1.1149449858534504
attn_on_pim_prefill-1024xdecode_256_ops_trace.csv,decode,2,63,8,PIM0,pim,7,"Q:0,K:0,V:0,QK:0,Softmax:0,SV:0,O:0",3.451369726548137e-05,3.0699000000000005e-05,pim|decode|2|61397802f1888ea563dd9b1ea38edd23,2,sample_step,0.0022088766249908076,0.0019647360000000003,-3.8146972654813635e-06,0.8894729464612704,-0.00024414062499080727,0.8894729464612704
attn_on_pim_prefill-1024xdecode_256_ops_trace.csv,decode,2,63,8,PIM1,pim,7,"Q:1,K:1,V:1,QK:1,Softmax:1,SV:1,O:1",3.451369726548137e-05,3.0699000000000005e-05,pim|decode|2|9c4e6c099d863efd94751a80c7e404c5,2,sample_step,0.0022088766249908076,0.0019647360000000003,-3.8146972654813635e-06,0.8894729464612704,-0.00024414062499080727,0.8894729464612704
attn_on_pim_prefill-1024xdecode_256_ops_trace.csv,decode,2,63,9,GPU0,npu,12,"LN:-1,Add:-1,LN:-1,FFN_W1:0,FFN_W3:0,FFN_W1:1,FFN_W3:1,SwiGLU:0,SwiGLU:1,FFN_W2:0,FFN_W2:1,Add:-1",0.00032135900410246165,0.000358297610282898,npu|decode|2|2ef4409498d14c672a4fbbfe6786cce6,2,sample_step,0.020566976262557546,0.02293104705810547,3.6938606180436336e-05,1.1149449858534504,0.0023640707955479255,1.1149449858534504
attn_on_pim_prefill-1024xdecode_256_ops_trace.csv,decode,2,63,9,PIM0,pim,7,"Q:0,K:0,V:0,QK:0,Softmax:0,SV:0,O:0",3.451369726548137e-05,3.0699000000000005e-05,pim|decode|2|61397802f1888ea563dd9b1ea38edd23,2,sample_step,0.0022088766249908076,0.0019647360000000003,-3.8146972654813635e-06,0.8894729464612704,-0.00024414062499080727,0.8894729464612704
attn_on_pim_prefill-1024xdecode_256_ops_trace.csv,decode,2,63,9,PIM1,pim,7,"Q:1,K:1,V:1,QK:1,Softmax:1,SV:1,O:1",3.451369726548137e-05,3.0699000000000005e-05,pim|decode|2|9c4e6c099d863efd94751a80c7e404c5,2,sample_step,0.0022088766249908076,0.0019647360000000003,-3.8146972654813635e-06,0.8894729464612704,-0.00024414062499080727,0.8894729464612704
attn_on_pim_prefill-1024xdecode_256_ops_trace.csv,decode,2,63,10,GPU0,npu,12,"LN:-1,Add:-1,LN:-1,FFN_W1:0,FFN_W3:0,FFN_W1:1,FFN_W3:1,SwiGLU:0,SwiGLU:1,FFN_W2:0,FFN_W2:1,Add:-1",0.00032135900410246165,0.000358297610282898,npu|decode|2|2ef4409498d14c672a4fbbfe6786cce6,2,sample_step,0.020566976262557546,0.02293104705810547,3.6938606180436336e-05,1.1149449858534504,0.0023640707955479255,1.1149449858534504
attn_on_pim_prefill-1024xdecode_256_ops_trace.csv,decode,2,63,10,PIM0,pim,7,"Q:0,K:0,V:0,QK:0,Softmax:0,SV:0,O:0",3.451369726548137e-05,3.0699000000000005e-05,pim|decode|2|61397802f1888ea563dd9b1ea38edd23,2,sample_step,0.0022088766249908076,0.0019647360000000003,-3.8146972654813635e-06,0.8894729464612704,-0.00024414062499080727,0.8894729464612704
attn_on_pim_prefill-1024xdecode_256_ops_trace.csv,decode,2,63,10,PIM1,pim,7,"Q:1,K:1,V:1,QK:1,Softmax:1,SV:1,O:1",3.451369726548137e-05,3.0699000000000005e-05,pim|decode|2|9c4e6c099d863efd94751a80c7e404c5,2,sample_step,0.0022088766249908076,0.0019647360000000003,-3.8146972654813635e-06,0.8894729464612704,-0.00024414062499080727,0.8894729464612704
attn_on_pim_prefill-1024xdecode_256_ops_trace.csv,decode,2,63,11,GPU0,npu,12,"LN:-1,Add:-1,LN:-1,FFN_W1:0,FFN_W3:0,FFN_W1:1,FFN_W3:1,SwiGLU:0,SwiGLU:1,FFN_W2:0,FFN_W2:1,Add:-1",0.00032135900410246165,0.000358297610282898,npu|decode|2|2ef4409498d14c672a4fbbfe6786cce6,2,sample_step,0.020566976262557546,0.02293104705810547,3.6938606180436336e-05,1.1149449858534504,0.0023640707955479255,1.1149449858534504
attn_on_pim_prefill-1024xdecode_256_ops_trace.csv,decode,2,63,11,PIM0,pim,7,"Q:0,K:0,V:0,QK:0,Softmax:0,SV:0,O:0",3.451369726548137e-05,3.0699000000000005e-05,pim|decode|2|61397802f1888ea563dd9b1ea38edd23,2,sample_step,0.0022088766249908076,0.0019647360000000003,-3.8146972654813635e-06,0.8894729464612704,-0.00024414062499080727,0.8894729464612704
attn_on_pim_prefill-1024xdecode_256_ops_trace.csv,decode,2,63,11,PIM1,pim,7,"Q:1,K:1,V:1,QK:1,Softmax:1,SV:1,O:1",3.451369726548137e-05,3.0699000000000005e-05,pim|decode|2|9c4e6c099d863efd94751a80c7e404c5,2,sample_step,0.0022088766249908076,0.0019647360000000003,-3.8146972654813635e-06,0.8894729464612704,-0.00024414062499080727,0.8894729464612704
attn_on_pim_prefill-1024xdecode_256_ops_trace.csv,decode,2,63,12,GPU0,npu,12,"LN:-1,Add:-1,LN:-1,FFN_W1:0,FFN_W3:0,FFN_W1:1,FFN_W3:1,SwiGLU:0,SwiGLU:1,FFN_W2:0,FFN_W2:1,Add:-1",0.00032135900410246165,0.000358297610282898,npu|decode|2|2ef4409498d14c672a4fbbfe6786cce6,2,sample_step,0.020566976262557546,0.02293104705810547,3.6938606180436336e-05,1.1149449858534504,0.0023640707955479255,1.1149449858534504
attn_on_pim_prefill-1024xdecode_256_ops_trace.csv,decode,2,63,12,PIM0,pim,7,"Q:0,K:0,V:0,QK:0,Softmax:0,SV:0,O:0",3.451369726548137e-05,3.0699000000000005e-05,pim|decode|2|61397802f1888ea563dd9b1ea38edd23,2,sample_step,0.0022088766249908076,0.0019647360000000003,-3.8146972654813635e-06,0.8894729464612704,-0.00024414062499080727,0.8894729464612704
attn_on_pim_prefill-1024xdecode_256_ops_trace.csv,decode,2,63,12,PIM1,pim,7,"Q:1,K:1,V:1,QK:1,Softmax:1,SV:1,O:1",3.451369726548137e-05,3.0699000000000005e-05,pim|decode|2|9c4e6c099d863efd94751a80c7e404c5,2,sample_step,0.0022088766249908076,0.0019647360000000003,-3.8146972654813635e-06,0.8894729464612704,-0.00024414062499080727,0.8894729464612704
attn_on_pim_prefill-1024xdecode_256_ops_trace.csv,decode,2,63,13,GPU0,npu,12,"LN:-1,Add:-1,LN:-1,FFN_W1:0,FFN_W3:0,FFN_W1:1,FFN_W3:1,SwiGLU:0,SwiGLU:1,FFN_W2:0,FFN_W2:1,Add:-1",0.00032135900410246165,0.000358297610282898,npu|decode|2|2ef4409498d14c672a4fbbfe6786cce6,2,sample_step,0.020566976262557546,0.02293104705810547,3.6938606180436336e-05,1.1149449858534504,0.0023640707955479255,1.1149449858534504
attn_on_pim_prefill-1024xdecode_256_ops_trace.csv,decode,2,63,13,PIM0,pim,7,"Q:0,K:0,V:0,QK:0,Softmax:0,SV:0,O:0",3.451369726548137e-05,3.0699000000000005e-05,pim|decode|2|61397802f1888ea563dd9b1ea38edd23,2,sample_step,0.0022088766249908076,0.0019647360000000003,-3.8146972654813635e-06,0.8894729464612704,-0.00024414062499080727,0.8894729464612704
attn_on_pim_prefill-1024xdecode_256_ops_trace.csv,decode,2,63,13,PIM1,pim,7,"Q:1,K:1,V:1,QK:1,Softmax:1,SV:1,O:1",3.451369726548137e-05,3.0699000000000005e-05,pim|decode|2|9c4e6c099d863efd94751a80c7e404c5,2,sample_step,0.0022088766249908076,0.0019647360000000003,-3.8146972654813635e-06,0.8894729464612704,-0.00024414062499080727,0.8894729464612704
attn_on_pim_prefill-1024xdecode_256_ops_trace.csv,decode,2,63,14,GPU0,npu,12,"LN:-1,Add:-1,LN:-1,FFN_W1:0,FFN_W3:0,FFN_W1:1,FFN_W3:1,SwiGLU:0,SwiGLU:1,FFN_W2:0,FFN_W2:1,Add:-1",0.00032135900410246165,0.000358297610282898,npu|decode|2|2ef4409498d14c672a4fbbfe6786cce6,2,sample_step,0.020566976262557546,0.02293104705810547,3.6938606180436336e-05,1.1149449858534504,0.0023640707955479255,1.1149449858534504
attn_on_pim_prefill-1024xdecode_256_ops_trace.csv,decode,2,63,14,PIM0,pim,7,"Q:0,K:0,V:0,QK:0,Softmax:0,SV:0,O:0",3.451369726548137e-05,3.0699000000000005e-05,pim|decode|2|61397802f1888ea563dd9b1ea38edd23,2,sample_step,0.0022088766249908076,0.0019647360000000003,-3.8146972654813635e-06,0.8894729464612704,-0.00024414062499080727,0.8894729464612704
attn_on_pim_prefill-1024xdecode_256_ops_trace.csv,decode,2,63,14,PIM1,pim,7,"Q:1,K:1,V:1,QK:1,Softmax:1,SV:1,O:1",3.451369726548137e-05,3.0699000000000005e-05,pim|decode|2|9c4e6c099d863efd94751a80c7e404c5,2,sample_step,0.0022088766249908076,0.0019647360000000003,-3.8146972654813635e-06,0.8894729464612704,-0.00024414062499080727,0.8894729464612704
attn_on_pim_prefill-1024xdecode_256_ops_trace.csv,decode,2,63,15,GPU0,npu,12,"LN:-1,Add:-1,LN:-1,FFN_W1:0,FFN_W3:0,FFN_W1:1,FFN_W3:1,SwiGLU:0,SwiGLU:1,FFN_W2:0,FFN_W2:1,Add:-1",0.00032135900410246165,0.000358297610282898,npu|decode|2|2ef4409498d14c672a4fbbfe6786cce6,2,sample_step,0.020566976262557546,0.02293104705810547,3.6938606180436336e-05,1.1149449858534504,0.0023640707955479255,1.1149449858534504
attn_on_pim_prefill-1024xdecode_256_ops_trace.csv,decode,2,63,15,PIM0,pim,7,"Q:0,K:0,V:0,QK:0,Softmax:0,SV:0,O:0",3.451369726548137e-05,3.0699000000000005e-05,pim|decode|2|61397802f1888ea563dd9b1ea38edd23,2,sample_step,0.0022088766249908076,0.0019647360000000003,-3.8146972654813635e-06,0.8894729464612704,-0.00024414062499080727,0.8894729464612704
attn_on_pim_prefill-1024xdecode_256_ops_trace.csv,decode,2,63,15,PIM1,pim,7,"Q:1,K:1,V:1,QK:1,Softmax:1,SV:1,O:1",3.451369726548137e-05,3.0699000000000005e-05,pim|decode|2|9c4e6c099d863efd94751a80c7e404c5,2,sample_step,0.0022088766249908076,0.0019647360000000003,-3.8146972654813635e-06,0.8894729464612704,-0.00024414062499080727,0.8894729464612704
attn_on_pim_prefill-1024xdecode_256_ops_trace.csv,decode,2,63,16,GPU0,npu,12,"LN:-1,Add:-1,LN:-1,FFN_W1:0,FFN_W3:0,FFN_W1:1,FFN_W3:1,SwiGLU:0,SwiGLU:1,FFN_W2:0,FFN_W2:1,Add:-1",0.00032135900410246165,0.000358297610282898,npu|decode|2|2ef4409498d14c672a4fbbfe6786cce6,2,sample_step,0.020566976262557546,0.02293104705810547,3.6938606180436336e-05,1.1149449858534504,0.0023640707955479255,1.1149449858534504
attn_on_pim_prefill-1024xdecode_256_ops_trace.csv,decode,2,63,16,PIM0,pim,7,"Q:0,K:0,V:0,QK:0,Softmax:0,SV:0,O:0",3.451369726548137e-05,3.0699000000000005e-05,pim|decode|2|61397802f1888ea563dd9b1ea38edd23,2,sample_step,0.0022088766249908076,0.0019647360000000003,-3.8146972654813635e-06,0.8894729464612704,-0.00024414062499080727,0.8894729464612704
attn_on_pim_prefill-1024xdecode_256_ops_trace.csv,decode,2,63,16,PIM1,pim,7,"Q:1,K:1,V:1,QK:1,Softmax:1,SV:1,O:1",3.451369726548137e-05,3.0699000000000005e-05,pim|decode|2|9c4e6c099d863efd94751a80c7e404c5,2,sample_step,0.0022088766249908076,0.0019647360000000003,-3.8146972654813635e-06,0.8894729464612704,-0.00024414062499080727,0.8894729464612704
attn_on_pim_prefill-1024xdecode_256_ops_trace.csv,decode,2,63,17,GPU0,npu,12,"LN:-1,Add:-1,LN:-1,FFN_W1:0,FFN_W3:0,FFN_W1:1,FFN_W3:1,SwiGLU:0,SwiGLU:1,FFN_W2:0,FFN_W2:1,Add:-1",0.00032135900410246165,0.000358297610282898,npu|decode|2|2ef4409498d14c672a4fbbfe6786cce6,2,sample_step,0.020566976262557546,0.02293104705810547,3.6938606180436336e-05,1.1149449858534504,0.0023640707955479255,1.1149449858534504
attn_on_pim_prefill-1024xdecode_256_ops_trace.csv,decode,2,63,17,PIM0,pim,7,"Q:0,K:0,V:0,QK:0,Softmax:0,SV:0,O:0",3.451369726548137e-05,3.0699000000000005e-05,pim|decode|2|61397802f1888ea563dd9b1ea38edd23,2,sample_step,0.0022088766249908076,0.0019647360000000003,-3.8146972654813635e-06,0.8894729464612704,-0.00024414062499080727,0.8894729464612704
attn_on_pim_prefill-1024xdecode_256_ops_trace.csv,decode,2,63,17,PIM1,pim,7,"Q:1,K:1,V:1,QK:1,Softmax:1,SV:1,O:1",3.451369726548137e-05,3.0699000000000005e-05,pim|decode|2|9c4e6c099d863efd94751a80c7e404c5,2,sample_step,0.0022088766249908076,0.0019647360000000003,-3.8146972654813635e-06,0.8894729464612704,-0.00024414062499080727,0.8894729464612704
attn_on_pim_prefill-1024xdecode_256_ops_trace.csv,decode,2,63,18,GPU0,npu,12,"LN:-1,Add:-1,LN:-1,FFN_W1:0,FFN_W3:0,FFN_W1:1,FFN_W3:1,SwiGLU:0,SwiGLU:1,FFN_W2:0,FFN_W2:1,Add:-1",0.00032135900410246165,0.000358297610282898,npu|decode|2|2ef4409498d14c672a4fbbfe6786cce6,2,sample_step,0.020566976262557546,0.02293104705810547,3.6938606180436336e-05,1.1149449858534504,0.0023640707955479255,1.1149449858534504
attn_on_pim_prefill-1024xdecode_256_ops_trace.csv,decode,2,63,18,PIM0,pim,7,"Q:0,K:0,V:0,QK:0,Softmax:0,SV:0,O:0",3.451369726548137e-05,3.0699000000000005e-05,pim|decode|2|61397802f1888ea563dd9b1ea38edd23,2,sample_step,0.0022088766249908076,0.0019647360000000003,-3.8146972654813635e-06,0.8894729464612704,-0.00024414062499080727,0.8894729464612704
attn_on_pim_prefill-1024xdecode_256_ops_trace.csv,decode,2,63,18,PIM1,pim,7,"Q:1,K:1,V:1,QK:1,Softmax:1,SV:1,O:1",3.451369726548137e-05,3.0699000000000005e-05,pim|decode|2|9c4e6c099d863efd94751a80c7e404c5,2,sample_step,0.0022088766249908076,0.0019647360000000003,-3.8146972654813635e-06,0.8894729464612704,-0.00024414062499080727,0.8894729464612704
attn_on_pim_prefill-1024xdecode_256_ops_trace.csv,decode,2,63,19,GPU0,npu,12,"LN:-1,Add:-1,LN:-1,FFN_W1:0,FFN_W3:0,FFN_W1:1,FFN_W3:1,SwiGLU:0,SwiGLU:1,FFN_W2:0,FFN_W2:1,Add:-1",0.00032135900410246165,0.000358297610282898,npu|decode|2|2ef4409498d14c672a4fbbfe6786cce6,2,sample_step,0.020566976262557546,0.02293104705810547,3.6938606180436336e-05,1.1149449858534504,0.0023640707955479255,1.1149449858534504
attn_on_pim_prefill-1024xdecode_256_ops_trace.csv,decode,2,63,19,PIM0,pim,7,"Q:0,K:0,V:0,QK:0,Softmax:0,SV:0,O:0",3.451369726548137e-05,3.0699000000000005e-05,pim|decode|2|61397802f1888ea563dd9b1ea38edd23,2,sample_step,0.0022088766249908076,0.0019647360000000003,-3.8146972654813635e-06,0.8894729464612704,-0.00024414062499080727,0.8894729464612704
attn_on_pim_prefill-1024xdecode_256_ops_trace.csv,decode,2,63,19,PIM1,pim,7,"Q:1,K:1,V:1,QK:1,Softmax:1,SV:1,O:1",3.451369726548137e-05,3.0699000000000005e-05,pim|decode|2|9c4e6c099d863efd94751a80c7e404c5,2,sample_step,0.0022088766249908076,0.0019647360000000003,-3.8146972654813635e-06,0.8894729464612704,-0.00024414062499080727,0.8894729464612704
attn_on_pim_prefill-1024xdecode_256_ops_trace.csv,decode,2,63,20,GPU0,npu,12,"LN:-1,Add:-1,LN:-1,FFN_W1:0,FFN_W3:0,FFN_W1:1,FFN_W3:1,SwiGLU:0,SwiGLU:1,FFN_W2:0,FFN_W2:1,Add:-1",0.00032135900410246165,0.000358297610282898,npu|decode|2|2ef4409498d14c672a4fbbfe6786cce6,2,sample_step,0.020566976262557546,0.02293104705810547,3.6938606180436336e-05,1.1149449858534504,0.0023640707955479255,1.1149449858534504
attn_on_pim_prefill-1024xdecode_256_ops_trace.csv,decode,2,63,20,PIM0,pim,7,"Q:0,K:0,V:0,QK:0,Softmax:0,SV:0,O:0",3.451369726548137e-05,3.0699000000000005e-05,pim|decode|2|61397802f1888ea563dd9b1ea38edd23,2,sample_step,0.0022088766249908076,0.0019647360000000003,-3.8146972654813635e-06,0.8894729464612704,-0.00024414062499080727,0.8894729464612704
attn_on_pim_prefill-1024xdecode_256_ops_trace.csv,decode,2,63,20,PIM1,pim,7,"Q:1,K:1,V:1,QK:1,Softmax:1,SV:1,O:1",3.451369726548137e-05,3.0699000000000005e-05,pim|decode|2|9c4e6c099d863efd94751a80c7e404c5,2,sample_step,0.0022088766249908076,0.0019647360000000003,-3.8146972654813635e-06,0.8894729464612704,-0.00024414062499080727,0.8894729464612704
attn_on_pim_prefill-1024xdecode_256_ops_trace.csv,decode,2,63,21,GPU0,npu,12,"LN:-1,Add:-1,LN:-1,FFN_W1:0,FFN_W3:0,FFN_W1:1,FFN_W3:1,SwiGLU:0,SwiGLU:1,FFN_W2:0,FFN_W2:1,Add:-1",0.00032135900410246165,0.000358297610282898,npu|decode|2|2ef4409498d14c672a4fbbfe6786cce6,2,sample_step,0.020566976262557546,0.02293104705810547,3.6938606180436336e-05,1.1149449858534504,0.0023640707955479255,1.1149449858534504
attn_on_pim_prefill-1024xdecode_256_ops_trace.csv,decode,2,63,21,PIM0,pim,7,"Q:0,K:0,V:0,QK:0,Softmax:0,SV:0,O:0",3.451369726548137e-05,3.0699000000000005e-05,pim|decode|2|61397802f1888ea563dd9b1ea38edd23,2,sample_step,0.0022088766249908076,0.0019647360000000003,-3.8146972654813635e-06,0.8894729464612704,-0.00024414062499080727,0.8894729464612704
attn_on_pim_prefill-1024xdecode_256_ops_trace.csv,decode,2,63,21,PIM1,pim,7,"Q:1,K:1,V:1,QK:1,Softmax:1,SV:1,O:1",3.451369726548137e-05,3.0699000000000005e-05,pim|decode|2|9c4e6c099d863efd94751a80c7e404c5,2,sample_step,0.0022088766249908076,0.0019647360000000003,-3.8146972654813635e-06,0.8894729464612704,-0.00024414062499080727,0.8894729464612704
attn_on_pim_prefill-1024xdecode_256_ops_trace.csv,decode,2,63,22,GPU0,npu,12,"LN:-1,Add:-1,LN:-1,FFN_W1:0,FFN_W3:0,FFN_W1:1,FFN_W3:1,SwiGLU:0,SwiGLU:1,FFN_W2:0,FFN_W2:1,Add:-1",0.00032135900410246165,0.000358297610282898,npu|decode|2|2ef4409498d14c672a4fbbfe6786cce6,2,sample_step,0.020566976262557546,0.02293104705810547,3.6938606180436336e-05,1.1149449858534504,0.0023640707955479255,1.1149449858534504
attn_on_pim_prefill-1024xdecode_256_ops_trace.csv,decode,2,63,22,PIM0,pim,7,"Q:0,K:0,V:0,QK:0,Softmax:0,SV:0,O:0",3.451369726548137e-05,3.0699000000000005e-05,pim|decode|2|61397802f1888ea563dd9b1ea38edd23,2,sample_step,0.0022088766249908076,0.0019647360000000003,-3.8146972654813635e-06,0.8894729464612704,-0.00024414062499080727,0.8894729464612704
attn_on_pim_prefill-1024xdecode_256_ops_trace.csv,decode,2,63,22,PIM1,pim,7,"Q:1,K:1,V:1,QK:1,Softmax:1,SV:1,O:1",3.451369726548137e-05,3.0699000000000005e-05,pim|decode|2|9c4e6c099d863efd94751a80c7e404c5,2,sample_step,0.0022088766249908076,0.0019647360000000003,-3.8146972654813635e-06,0.8894729464612704,-0.00024414062499080727,0.8894729464612704
attn_on_pim_prefill-1024xdecode_256_ops_trace.csv,decode,2,63,23,GPU0,npu,12,"LN:-1,Add:-1,LN:-1,FFN_W1:0,FFN_W3:0,FFN_W1:1,FFN_W3:1,SwiGLU:0,SwiGLU:1,FFN_W2:0,FFN_W2:1,Add:-1",0.00032135900410246165,0.000358297610282898,npu|decode|2|2ef4409498d14c672a4fbbfe6786cce6,2,sample_step,0.020566976262557546,0.02293104705810547,3.6938606180436336e-05,1.1149449858534504,0.0023640707955479255,1.1149449858534504
attn_on_pim_prefill-1024xdecode_256_ops_trace.csv,decode,2,63,23,PIM0,pim,7,"Q:0,K:0,V:0,QK:0,Softmax:0,SV:0,O:0",3.451369726548137e-05,3.0699000000000005e-05,pim|decode|2|61397802f1888ea563dd9b1ea38edd23,2,sample_step,0.0022088766249908076,0.0019647360000000003,-3.8146972654813635e-06,0.8894729464612704,-0.00024414062499080727,0.8894729464612704
attn_on_pim_prefill-1024xdecode_256_ops_trace.csv,decode,2,63,23,PIM1,pim,7,"Q:1,K:1,V:1,QK:1,Softmax:1,SV:1,O:1",3.451369726548137e-05,3.0699000000000005e-05,pim|decode|2|9c4e6c099d863efd94751a80c7e404c5,2,sample_step,0.0022088766249908076,0.0019647360000000003,-3.8146972654813635e-06,0.8894729464612704,-0.00024414062499080727,0.8894729464612704
attn_on_pim_prefill-1024xdecode_256_ops_trace.csv,decode,2,63,24,GPU0,npu,12,"LN:-1,Add:-1,LN:-1,FFN_W1:0,FFN_W3:0,FFN_W1:1,FFN_W3:1,SwiGLU:0,SwiGLU:1,FFN_W2:0,FFN_W2:1,Add:-1",0.00032135900410246165,0.000358297610282898,npu|decode|2|2ef4409498d14c672a4fbbfe6786cce6,2,sample_step,0.020566976262557546,0.02293104705810547,3.6938606180436336e-05,1.1149449858534504,0.0023640707955479255,1.1149449858534504
attn_on_pim_prefill-1024xdecode_256_ops_trace.csv,decode,2,63,24,PIM0,pim,7,"Q:0,K:0,V:0,QK:0,Softmax:0,SV:0,O:0",3.451369726548137e-05,3.0699000000000005e-05,pim|decode|2|61397802f1888ea563dd9b1ea38edd23,2,sample_step,0.0022088766249908076,0.0019647360000000003,-3.8146972654813635e-06,0.8894729464612704,-0.00024414062499080727,0.8894729464612704
attn_on_pim_prefill-1024xdecode_256_ops_trace.csv,decode,2,63,24,PIM1,pim,7,"Q:1,K:1,V:1,QK:1,Softmax:1,SV:1,O:1",3.451369726548137e-05,3.0699000000000005e-05,pim|decode|2|9c4e6c099d863efd94751a80c7e404c5,2,sample_step,0.0022088766249908076,0.0019647360000000003,-3.8146972654813635e-06,0.8894729464612704,-0.00024414062499080727,0.8894729464612704
attn_on_pim_prefill-1024xdecode_256_ops_trace.csv,decode,2,63,25,GPU0,npu,12,"LN:-1,Add:-1,LN:-1,FFN_W1:0,FFN_W3:0,FFN_W1:1,FFN_W3:1,SwiGLU:0,SwiGLU:1,FFN_W2:0,FFN_W2:1,Add:-1",0.00032135900410246165,0.000358297610282898,npu|decode|2|2ef4409498d14c672a4fbbfe6786cce6,2,sample_step,0.020566976262557546,0.02293104705810547,3.6938606180436336e-05,1.1149449858534504,0.0023640707955479255,1.1149449858534504
attn_on_pim_prefill-1024xdecode_256_ops_trace.csv,decode,2,63,25,PIM0,pim,7,"Q:0,K:0,V:0,QK:0,Softmax:0,SV:0,O:0",3.451369726548137e-05,3.0699000000000005e-05,pim|decode|2|61397802f1888ea563dd9b1ea38edd23,2,sample_step,0.0022088766249908076,0.0019647360000000003,-3.8146972654813635e-06,0.8894729464612704,-0.00024414062499080727,0.8894729464612704
attn_on_pim_prefill-1024xdecode_256_ops_trace.csv,decode,2,63,25,PIM1,pim,7,"Q:1,K:1,V:1,QK:1,Softmax:1,SV:1,O:1",3.451369726548137e-05,3.0699000000000005e-05,pim|decode|2|9c4e6c099d863efd94751a80c7e404c5,2,sample_step,0.0022088766249908076,0.0019647360000000003,-3.8146972654813635e-06,0.8894729464612704,-0.00024414062499080727,0.8894729464612704
attn_on_pim_prefill-1024xdecode_256_ops_trace.csv,decode,2,63,26,GPU0,npu,12,"LN:-1,Add:-1,LN:-1,FFN_W1:0,FFN_W3:0,FFN_W1:1,FFN_W3:1,SwiGLU:0,SwiGLU:1,FFN_W2:0,FFN_W2:1,Add:-1",0.00032135900410246165,0.000358297610282898,npu|decode|2|2ef4409498d14c672a4fbbfe6786cce6,2,sample_step,0.020566976262557546,0.02293104705810547,3.6938606180436336e-05,1.1149449858534504,0.0023640707955479255,1.1149449858534504
attn_on_pim_prefill-1024xdecode_256_ops_trace.csv,decode,2,63,26,PIM0,pim,7,"Q:0,K:0,V:0,QK:0,Softmax:0,SV:0,O:0",3.451369726548137e-05,3.0699000000000005e-05,pim|decode|2|61397802f1888ea563dd9b1ea38edd23,2,sample_step,0.0022088766249908076,0.0019647360000000003,-3.8146972654813635e-06,0.8894729464612704,-0.00024414062499080727,0.8894729464612704
attn_on_pim_prefill-1024xdecode_256_ops_trace.csv,decode,2,63,26,PIM1,pim,7,"Q:1,K:1,V:1,QK:1,Softmax:1,SV:1,O:1",3.451369726548137e-05,3.0699000000000005e-05,pim|decode|2|9c4e6c099d863efd94751a80c7e404c5,2,sample_step,0.0022088766249908076,0.0019647360000000003,-3.8146972654813635e-06,0.8894729464612704,-0.00024414062499080727,0.8894729464612704
attn_on_pim_prefill-1024xdecode_256_ops_trace.csv,decode,2,63,27,GPU0,npu,12,"LN:-1,Add:-1,LN:-1,FFN_W1:0,FFN_W3:0,FFN_W1:1,FFN_W3:1,SwiGLU:0,SwiGLU:1,FFN_W2:0,FFN_W2:1,Add:-1",0.00032135900410246165,0.000358297610282898,npu|decode|2|2ef4409498d14c672a4fbbfe6786cce6,2,sample_step,0.020566976262557546,0.02293104705810547,3.6938606180436336e-05,1.1149449858534504,0.0023640707955479255,1.1149449858534504
attn_on_pim_prefill-1024xdecode_256_ops_trace.csv,decode,2,63,27,PIM0,pim,7,"Q:0,K:0,V:0,QK:0,Softmax:0,SV:0,O:0",3.451369726548137e-05,3.0699000000000005e-05,pim|decode|2|61397802f1888ea563dd9b1ea38edd23,2,sample_step,0.0022088766249908076,0.0019647360000000003,-3.8146972654813635e-06,0.8894729464612704,-0.00024414062499080727,0.8894729464612704
attn_on_pim_prefill-1024xdecode_256_ops_trace.csv,decode,2,63,27,PIM1,pim,7,"Q:1,K:1,V:1,QK:1,Softmax:1,SV:1,O:1",3.451369726548137e-05,3.0699000000000005e-05,pim|decode|2|9c4e6c099d863efd94751a80c7e404c5,2,sample_step,0.0022088766249908076,0.0019647360000000003,-3.8146972654813635e-06,0.8894729464612704,-0.00024414062499080727,0.8894729464612704
attn_on_pim_prefill-1024xdecode_256_ops_trace.csv,decode,2,63,28,GPU0,npu,12,"LN:-1,Add:-1,LN:-1,FFN_W1:0,FFN_W3:0,FFN_W1:1,FFN_W3:1,SwiGLU:0,SwiGLU:1,FFN_W2:0,FFN_W2:1,Add:-1",0.00032135900410246165,0.000358297610282898,npu|decode|2|2ef4409498d14c672a4fbbfe6786cce6,2,sample_step,0.020566976262557546,0.02293104705810547,3.6938606180436336e-05,1.1149449858534504,0.0023640707955479255,1.1149449858534504
attn_on_pim_prefill-1024xdecode_256_ops_trace.csv,decode,2,63,28,PIM0,pim,7,"Q:0,K:0,V:0,QK:0,Softmax:0,SV:0,O:0",3.451369726548137e-05,3.0699000000000005e-05,pim|decode|2|61397802f1888ea563dd9b1ea38edd23,2,sample_step,0.0022088766249908076,0.0019647360000000003,-3.8146972654813635e-06,0.8894729464612704,-0.00024414062499080727,0.8894729464612704
attn_on_pim_prefill-1024xdecode_256_ops_trace.csv,decode,2,63,28,PIM1,pim,7,"Q:1,K:1,V:1,QK:1,Softmax:1,SV:1,O:1",3.451369726548137e-05,3.0699000000000005e-05,pim|decode|2|9c4e6c099d863efd94751a80c7e404c5,2,sample_step,0.0022088766249908076,0.0019647360000000003,-3.8146972654813635e-06,0.8894729464612704,-0.00024414062499080727,0.8894729464612704
attn_on_pim_prefill-1024xdecode_256_ops_trace.csv,decode,2,63,29,GPU0,npu,12,"LN:-1,Add:-1,LN:-1,FFN_W1:0,FFN_W3:0,FFN_W1:1,FFN_W3:1,SwiGLU:0,SwiGLU:1,FFN_W2:0,FFN_W2:1,Add:-1",0.00032135900410246165,0.000358297610282898,npu|decode|2|2ef4409498d14c672a4fbbfe6786cce6,2,sample_step,0.020566976262557546,0.02293104705810547,3.6938606180436336e-05,1.1149449858534504,0.0023640707955479255,1.1149449858534504
attn_on_pim_prefill-1024xdecode_256_ops_trace.csv,decode,2,63,29,PIM0,pim,7,"Q:0,K:0,V:0,QK:0,Softmax:0,SV:0,O:0",3.451369726548137e-05,3.0699000000000005e-05,pim|decode|2|61397802f1888ea563dd9b1ea38edd23,2,sample_step,0.0022088766249908076,0.0019647360000000003,-3.8146972654813635e-06,0.8894729464612704,-0.00024414062499080727,0.8894729464612704
attn_on_pim_prefill-1024xdecode_256_ops_trace.csv,decode,2,63,29,PIM1,pim,7,"Q:1,K:1,V:1,QK:1,Softmax:1,SV:1,O:1",3.451369726548137e-05,3.0699000000000005e-05,pim|decode|2|9c4e6c099d863efd94751a80c7e404c5,2,sample_step,0.0022088766249908076,0.0019647360000000003,-3.8146972654813635e-06,0.8894729464612704,-0.00024414062499080727,0.8894729464612704
attn_on_pim_prefill-1024xdecode_256_ops_trace.csv,decode,2,63,30,GPU0,npu,12,"LN:-1,Add:-1,LN:-1,FFN_W1:0,FFN_W3:0,FFN_W1:1,FFN_W3:1,SwiGLU:0,SwiGLU:1,FFN_W2:0,FFN_W2:1,Add:-1",0.00032135900410246165,0.000358297610282898,npu|decode|2|2ef4409498d14c672a4fbbfe6786cce6,2,sample_step,0.020566976262557546,0.02293104705810547,3.6938606180436336e-05,1.1149449858534504,0.0023640707955479255,1.1149449858534504
attn_on_pim_prefill-1024xdecode_256_ops_trace.csv,decode,2,63,30,PIM0,pim,7,"Q:0,K:0,V:0,QK:0,Softmax:0,SV:0,O:0",3.451369726548137e-05,3.0699000000000005e-05,pim|decode|2|61397802f1888ea563dd9b1ea38edd23,2,sample_step,0.0022088766249908076,0.0019647360000000003,-3.8146972654813635e-06,0.8894729464612704,-0.00024414062499080727,0.8894729464612704
attn_on_pim_prefill-1024xdecode_256_ops_trace.csv,decode,2,63,30,PIM1,pim,7,"Q:1,K:1,V:1,QK:1,Softmax:1,SV:1,O:1",3.451369726548137e-05,3.0699000000000005e-05,pim|decode|2|9c4e6c099d863efd94751a80c7e404c5,2,sample_step,0.0022088766249908076,0.0019647360000000003,-3.8146972654813635e-06,0.8894729464612704,-0.00024414062499080727,0.8894729464612704
attn_on_pim_prefill-1024xdecode_256_ops_trace.csv,decode,2,63,31,GPU0,npu,12,"LN:-1,Add:-1,LN:-1,FFN_W1:0,FFN_W3:0,FFN_W1:1,FFN_W3:1,SwiGLU:0,SwiGLU:1,FFN_W2:0,FFN_W2:1,Add:-1",0.00032135900410246165,0.000358297610282898,npu|decode|2|2ef4409498d14c672a4fbbfe6786cce6,2,sample_step,0.020566976262557546,0.02293104705810547,3.6938606180436336e-05,1.1149449858534504,0.0023640707955479255,1.1149449858534504
attn_on_pim_prefill-1024xdecode_256_ops_trace.csv,decode,2,63,31,PIM0,pim,7,"Q:0,K:0,V:0,QK:0,Softmax:0,SV:0,O:0",3.451369726548137e-05,3.0699000000000005e-05,pim|decode|2|61397802f1888ea563dd9b1ea38edd23,2,sample_step,0.0022088766249908076,0.0019647360000000003,-3.8146972654813635e-06,0.8894729464612704,-0.00024414062499080727,0.8894729464612704
attn_on_pim_prefill-1024xdecode_256_ops_trace.csv,decode,2,63,31,PIM1,pim,7,"Q:1,K:1,V:1,QK:1,Softmax:1,SV:1,O:1",3.451369726548137e-05,3.0699000000000005e-05,pim|decode|2|9c4e6c099d863efd94751a80c7e404c5,2,sample_step,0.0022088766249908076,0.0019647360000000003,-3.8146972654813635e-06,0.8894729464612704,-0.00024414062499080727,0.8894729464612704
attn_on_pim_prefill-1024xdecode_256_ops_trace.csv,decode,3,127,0,GPU0,npu,12,"LN:-1,Add:-1,LN:-1,FFN_W1:0,FFN_W3:0,FFN_W1:1,FFN_W3:1,SwiGLU:0,SwiGLU:1,FFN_W2:0,FFN_W2:1,Add:-1",0.00032135900410246165,0.0003564543962478638,npu|decode|3|2ef4409498d14c672a4fbbfe6786cce6,3,sample_step,0.020566976262557546,0.022813081359863284,3.509539214540216e-05,1.1092093008049415,0.002246105097305738,1.1092093008049415
attn_on_pim_prefill-1024xdecode_256_ops_trace.csv,decode,3,127,0,PIM0,pim,7,"Q:0,K:0,V:0,QK:0,Softmax:0,SV:0,O:0",3.465069726571457e-05,3.0836e-05,pim|decode|3|61397802f1888ea563dd9b1ea38edd23,3,sample_step,0.0022176446250057325,0.001973504,-3.814697265714569e-06,0.8899099421733988,-0.0002441406250057324,0.8899099421733988
attn_on_pim_prefill-1024xdecode_256_ops_trace.csv,decode,3,127,0,PIM1,pim,7,"Q:1,K:1,V:1,QK:1,Softmax:1,SV:1,O:1",3.465069726571457e-05,3.0836e-05,pim|decode|3|9c4e6c099d863efd94751a80c7e404c5,3,sample_step,0.0022176446250057325,0.001973504,-3.814697265714569e-06,0.8899099421733988,-0.0002441406250057324,0.8899099421733988
attn_on_pim_prefill-1024xdecode_256_ops_trace.csv,decode,3,127,1,GPU0,npu,12,"LN:-1,Add:-1,LN:-1,FFN_W1:0,FFN_W3:0,FFN_W1:1,FFN_W3:1,SwiGLU:0,SwiGLU:1,FFN_W2:0,FFN_W2:1,Add:-1",0.00032135900410246165,0.0003564543962478638,npu|decode|3|2ef4409498d14c672a4fbbfe6786cce6,3,sample_step,0.020566976262557546,0.022813081359863284,3.509539214540216e-05,1.1092093008049415,0.002246105097305738,1.1092093008049415
attn_on_pim_prefill-1024xdecode_256_ops_trace.csv,decode,3,127,1,PIM0,pim,7,"Q:0,K:0,V:0,QK:0,Softmax:0,SV:0,O:0",3.465069726571457e-05,3.0836e-05,pim|decode|3|61397802f1888ea563dd9b1ea38edd23,3,sample_step,0.0022176446250057325,0.001973504,-3.814697265714569e-06,0.8899099421733988,-0.0002441406250057324,0.8899099421733988
attn_on_pim_prefill-1024xdecode_256_ops_trace.csv,decode,3,127,1,PIM1,pim,7,"Q:1,K:1,V:1,QK:1,Softmax:1,SV:1,O:1",3.465069726571457e-05,3.0836e-05,pim|decode|3|9c4e6c099d863efd94751a80c7e404c5,3,sample_step,0.0022176446250057325,0.001973504,-3.814697265714569e-06,0.8899099421733988,-0.0002441406250057324,0.8899099421733988
attn_on_pim_prefill-1024xdecode_256_ops_trace.csv,decode,3,127,2,GPU0,npu,12,"LN:-1,Add:-1,LN:-1,FFN_W1:0,FFN_W3:0,FFN_W1:1,FFN_W3:1,SwiGLU:0,SwiGLU:1,FFN_W2:0,FFN_W2:1,Add:-1",0.00032135900410246165,0.0003564543962478638,npu|decode|3|2ef4409498d14c672a4fbbfe6786cce6,3,sample_step,0.020566976262557546,0.022813081359863284,3.509539214540216e-05,1.1092093008049415,0.002246105097305738,1.1092093008049415
attn_on_pim_prefill-1024xdecode_256_ops_trace.csv,decode,3,127,2,PIM0,pim,7,"Q:0,K:0,V:0,QK:0,Softmax:0,SV:0,O:0",3.465069726571457e-05,3.0836e-05,pim|decode|3|61397802f1888ea563dd9b1ea38edd23,3,sample_step,0.0022176446250057325,0.001973504,-3.814697265714569e-06,0.8899099421733988,-0.0002441406250057324,0.8899099421733988
attn_on_pim_prefill-1024xdecode_256_ops_trace.csv,decode,3,127,2,PIM1,pim,7,"Q:1,K:1,V:1,QK:1,Softmax:1,SV:1,O:1",3.465069726571457e-05,3.0836e-05,pim|decode|3|9c4e6c099d863efd94751a80c7e404c5,3,sample_step,0.0022176446250057325,0.001973504,-3.814697265714569e-06,0.8899099421733988,-0.0002441406250057324,0.8899099421733988
attn_on_pim_prefill-1024xdecode_256_ops_trace.csv,decode,3,127,3,GPU0,npu,12,"LN:-1,Add:-1,LN:-1,FFN_W1:0,FFN_W3:0,FFN_W1:1,FFN_W3:1,SwiGLU:0,SwiGLU:1,FFN_W2:0,FFN_W2:1,Add:-1",0.00032135900410246165,0.0003564543962478638,npu|decode|3|2ef4409498d14c672a4fbbfe6786cce6,3,sample_step,0.020566976262557546,0.022813081359863284,3.509539214540216e-05,1.1092093008049415,0.002246105097305738,1.1092093008049415
attn_on_pim_prefill-1024xdecode_256_ops_trace.csv,decode,3,127,3,PIM0,pim,7,"Q:0,K:0,V:0,QK:0,Softmax:0,SV:0,O:0",3.465069726571457e-05,3.0836e-05,pim|decode|3|61397802f1888ea563dd9b1ea38edd23,3,sample_step,0.0022176446250057325,0.001973504,-3.814697265714569e-06,0.8899099421733988,-0.0002441406250057324,0.8899099421733988
attn_on_pim_prefill-1024xdecode_256_ops_trace.csv,decode,3,127,3,PIM1,pim,7,"Q:1,K:1,V:1,QK:1,Softmax:1,SV:1,O:1",3.465069726571457e-05,3.0836e-05,pim|decode|3|9c4e6c099d863efd94751a80c7e404c5,3,sample_step,0.0022176446250057325,0.001973504,-3.814697265714569e-06,0.8899099421733988,-0.0002441406250057324,0.8899099421733988
attn_on_pim_prefill-1024xdecode_256_ops_trace.csv,decode,3,127,4,GPU0,npu,12,"LN:-1,Add:-1,LN:-1,FFN_W1:0,FFN_W3:0,FFN_W1:1,FFN_W3:1,SwiGLU:0,SwiGLU:1,FFN_W2:0,FFN_W2:1,Add:-1",0.00032135900410246165,0.0003564543962478638,npu|decode|3|2ef4409498d14c672a4fbbfe6786cce6,3,sample_step,0.020566976262557546,0.022813081359863284,3.509539214540216e-05,1.1092093008049415,0.002246105097305738,1.1092093008049415
attn_on_pim_prefill-1024xdecode_256_ops_trace.csv,decode,3,127,4,PIM0,pim,7,"Q:0,K:0,V:0,QK:0,Softmax:0,SV:0,O:0",3.465069726571457e-05,3.0836e-05,pim|decode|3|61397802f1888ea563dd9b1ea38edd23,3,sample_step,0.0022176446250057325,0.001973504,-3.814697265714569e-06,0.8899099421733988,-0.0002441406250057324,0.8899099421733988
attn_on_pim_prefill-1024xdecode_256_ops_trace.csv,decode,3,127,4,PIM1,pim,7,"Q:1,K:1,V:1,QK:1,Softmax:1,SV:1,O:1",3.465069726571457e-05,3.0836e-05,pim|decode|3|9c4e6c099d863efd94751a80c7e404c5,3,sample_step,0.0022176446250057325,0.001973504,-3.814697265714569e-06,0.8899099421733988,-0.0002441406250057324,0.8899099421733988
attn_on_pim_prefill-1024xdecode_256_ops_trace.csv,decode,3,127,5,GPU0,npu,12,"LN:-1,Add:-1,LN:-1,FFN_W1:0,FFN_W3:0,FFN_W1:1,FFN_W3:1,SwiGLU:0,SwiGLU:1,FFN_W2:0,FFN_W2:1,Add:-1",0.00032135900410246165,0.0003564543962478638,npu|decode|3|2ef4409498d14c672a4fbbfe6786cce6,3,sample_step,0.020566976262557546,0.022813081359863284,3.509539214540216e-05,1.1092093008049415,0.002246105097305738,1.1092093008049415
attn_on_pim_prefill-1024xdecode_256_ops_trace.csv,decode,3,127,5,PIM0,pim,7,"Q:0,K:0,V:0,QK:0,Softmax:0,SV:0,O:0",3.465069726571457e-05,3.0836e-05,pim|decode|3|61397802f1888ea563dd9b1ea38edd23,3,sample_step,0.0022176446250057325,0.001973504,-3.814697265714569e-06,0.8899099421733988,-0.0002441406250057324,0.8899099421733988
attn_on_pim_prefill-1024xdecode_256_ops_trace.csv,decode,3,127,5,PIM1,pim,7,"Q:1,K:1,V:1,QK:1,Softmax:1,SV:1,O:1",3.465069726571457e-05,3.0836e-05,pim|decode|3|9c4e6c099d863efd94751a80c7e404c5,3,sample_step,0.0022176446250057325,0.001973504,-3.814697265714569e-06,0.8899099421733988,-0.0002441406250057324,0.8899099421733988
attn_on_pim_prefill-1024xdecode_256_ops_trace.csv,decode,3,127,6,GPU0,npu,12,"LN:-1,Add:-1,LN:-1,FFN_W1:0,FFN_W3:0,FFN_W1:1,FFN_W3:1,SwiGLU:0,SwiGLU:1,FFN_W2:0,FFN_W2:1,Add:-1",0.00032135900410246165,0.0003564543962478638,npu|decode|3|2ef4409498d14c672a4fbbfe6786cce6,3,sample_step,0.020566976262557546,0.022813081359863284,3.509539214540216e-05,1.1092093008049415,0.002246105097305738,1.1092093008049415
attn_on_pim_prefill-1024xdecode_256_ops_trace.csv,decode,3,127,6,PIM0,pim,7,"Q:0,K:0,V:0,QK:0,Softmax:0,SV:0,O:0",3.465069726571457e-05,3.0836e-05,pim|decode|3|61397802f1888ea563dd9b1ea38edd23,3,sample_step,0.0022176446250057325,0.001973504,-3.814697265714569e-06,0.8899099421733988,-0.0002441406250057324,0.8899099421733988
attn_on_pim_prefill-1024xdecode_256_ops_trace.csv,decode,3,127,6,PIM1,pim,7,"Q:1,K:1,V:1,QK:1,Softmax:1,SV:1,O:1",3.465069726571457e-05,3.0836e-05,pim|decode|3|9c4e6c099d863efd94751a80c7e404c5,3,sample_step,0.0022176446250057325,0.001973504,-3.814697265714569e-06,0.8899099421733988,-0.0002441406250057324,0.8899099421733988
attn_on_pim_prefill-1024xdecode_256_ops_trace.csv,decode,3,127,7,GPU0,npu,12,"LN:-1,Add:-1,LN:-1,FFN_W1:0,FFN_W3:0,FFN_W1:1,FFN_W3:1,SwiGLU:0,SwiGLU:1,FFN_W2:0,FFN_W2:1,Add:-1",0.00032135900410246165,0.0003564543962478638,npu|decode|3|2ef4409498d14c672a4fbbfe6786cce6,3,sample_step,0.020566976262557546,0.022813081359863284,3.509539214540216e-05,1.1092093008049415,0.002246105097305738,1.1092093008049415
attn_on_pim_prefill-1024xdecode_256_ops_trace.csv,decode,3,127,7,PIM0,pim,7,"Q:0,K:0,V:0,QK:0,Softmax:0,SV:0,O:0",3.465069726571457e-05,3.0836e-05,pim|decode|3|61397802f1888ea563dd9b1ea38edd23,3,sample_step,0.0022176446250057325,0.001973504,-3.814697265714569e-06,0.8899099421733988,-0.0002441406250057324,0.8899099421733988
attn_on_pim_prefill-1024xdecode_256_ops_trace.csv,decode,3,127,7,PIM1,pim,7,"Q:1,K:1,V:1,QK:1,Softmax:1,SV:1,O:1",3.465069726571457e-05,3.0836e-05,pim|decode|3|9c4e6c099d863efd94751a80c7e404c5,3,sample_step,0.0022176446250057325,0.001973504,-3.814697265714569e-06,0.8899099421733988,-0.0002441406250057324,0.8899099421733988
attn_on_pim_prefill-1024xdecode_256_ops_trace.csv,decode,3,127,8,GPU0,npu,12,"LN:-1,Add:-1,LN:-1,FFN_W1:0,FFN_W3:0,FFN_W1:1,FFN_W3:1,SwiGLU:0,SwiGLU:1,FFN_W2:0,FFN_W2:1,Add:-1",0.00032135900410246165,0.0003564543962478638,npu|decode|3|2ef4409498d14c672a4fbbfe6786cce6,3,sample_step,0.020566976262557546,0.022813081359863284,3.509539214540216e-05,1.1092093008049415,0.002246105097305738,1.1092093008049415
attn_on_pim_prefill-1024xdecode_256_ops_trace.csv,decode,3,127,8,PIM0,pim,7,"Q:0,K:0,V:0,QK:0,Softmax:0,SV:0,O:0",3.465069726571457e-05,3.0836e-05,pim|decode|3|61397802f1888ea563dd9b1ea38edd23,3,sample_step,0.0022176446250057325,0.001973504,-3.814697265714569e-06,0.8899099421733988,-0.0002441406250057324,0.8899099421733988
attn_on_pim_prefill-1024xdecode_256_ops_trace.csv,decode,3,127,8,PIM1,pim,7,"Q:1,K:1,V:1,QK:1,Softmax:1,SV:1,O:1",3.465069726571457e-05,3.0836e-05,pim|decode|3|9c4e6c099d863efd94751a80c7e404c5,3,sample_step,0.0022176446250057325,0.001973504,-3.814697265714569e-06,0.8899099421733988,-0.0002441406250057324,0.8899099421733988
attn_on_pim_prefill-1024xdecode_256_ops_trace.csv,decode,3,127,9,GPU0,npu,12,"LN:-1,Add:-1,LN:-1,FFN_W1:0,FFN_W3:0,FFN_W1:1,FFN_W3:1,SwiGLU:0,SwiGLU:1,FFN_W2:0,FFN_W2:1,Add:-1",0.00032135900410246165,0.0003564543962478638,npu|decode|3|2ef4409498d14c672a4fbbfe6786cce6,3,sample_step,0.020566976262557546,0.022813081359863284,3.509539214540216e-05,1.1092093008049415,0.002246105097305738,1.1092093008049415
attn_on_pim_prefill-1024xdecode_256_ops_trace.csv,decode,3,127,9,PIM0,pim,7,"Q:0,K:0,V:0,QK:0,Softmax:0,SV:0,O:0",3.465069726571457e-05,3.0836e-05,pim|decode|3|61397802f1888ea563dd9b1ea38edd23,3,sample_step,0.0022176446250057325,0.001973504,-3.814697265714569e-06,0.8899099421733988,-0.0002441406250057324,0.8899099421733988
attn_on_pim_prefill-1024xdecode_256_ops_trace.csv,decode,3,127,9,PIM1,pim,7,"Q:1,K:1,V:1,QK:1,Softmax:1,SV:1,O:1",3.465069726571457e-05,3.0836e-05,pim|decode|3|9c4e6c099d863efd94751a80c7e404c5,3,sample_step,0.0022176446250057325,0.001973504,-3.814697265714569e-06,0.8899099421733988,-0.0002441406250057324,0.8899099421733988
attn_on_pim_prefill-1024xdecode_256_ops_trace.csv,decode,3,127,10,GPU0,npu,12,"LN:-1,Add:-1,LN:-1,FFN_W1:0,FFN_W3:0,FFN_W1:1,FFN_W3:1,SwiGLU:0,SwiGLU:1,FFN_W2:0,FFN_W2:1,Add:-1",0.00032135900410246165,0.0003564543962478638,npu|decode|3|2ef4409498d14c672a4fbbfe6786cce6,3,sample_step,0.020566976262557546,0.022813081359863284,3.509539214540216e-05,1.1092093008049415,0.002246105097305738,1.1092093008049415
attn_on_pim_prefill-1024xdecode_256_ops_trace.csv,decode,3,127,10,PIM0,pim,7,"Q:0,K:0,V:0,QK:0,Softmax:0,SV:0,O:0",3.465069726571457e-05,3.0836e-05,pim|decode|3|61397802f1888ea563dd9b1ea38edd23,3,sample_step,0.0022176446250057325,0.001973504,-3.814697265714569e-06,0.8899099421733988,-0.0002441406250057324,0.8899099421733988
attn_on_pim_prefill-1024xdecode_256_ops_trace.csv,decode,3,127,10,PIM1,pim,7,"Q:1,K:1,V:1,QK:1,Softmax:1,SV:1,O:1",3.465069726571457e-05,3.0836e-05,pim|decode|3|9c4e6c099d863efd94751a80c7e404c5,3,sample_step,0.0022176446250057325,0.001973504,-3.814697265714569e-06,0.8899099421733988,-0.0002441406250057324,0.8899099421733988
attn_on_pim_prefill-1024xdecode_256_ops_trace.csv,decode,3,127,11,GPU0,npu,12,"LN:-1,Add:-1,LN:-1,FFN_W1:0,FFN_W3:0,FFN_W1:1,FFN_W3:1,SwiGLU:0,SwiGLU:1,FFN_W2:0,FFN_W2:1,Add:-1",0.00032135900410246165,0.0003564543962478638,npu|decode|3|2ef4409498d14c672a4fbbfe6786cce6,3,sample_step,0.020566976262557546,0.022813081359863284,3.509539214540216e-05,1.1092093008049415,0.002246105097305738,1.1092093008049415
attn_on_pim_prefill-1024xdecode_256_ops_trace.csv,decode,3,127,11,PIM0,pim,7,"Q:0,K:0,V:0,QK:0,Softmax:0,SV:0,O:0",3.465069726571457e-05,3.0836e-05,pim|decode|3|61397802f1888ea563dd9b1ea38edd23,3,sample_step,0.0022176446250057325,0.001973504,-3.814697265714569e-06,0.8899099421733988,-0.0002441406250057324,0.8899099421733988
attn_on_pim_prefill-1024xdecode_256_ops_trace.csv,decode,3,127,11,PIM1,pim,7,"Q:1,K:1,V:1,QK:1,Softmax:1,SV:1,O:1",3.465069726571457e-05,3.0836e-05,pim|decode|3|9c4e6c099d863efd94751a80c7e404c5,3,sample_step,0.0022176446250057325,0.001973504,-3.814697265714569e-06,0.8899099421733988,-0.0002441406250057324,0.8899099421733988
attn_on_pim_prefill-1024xdecode_256_ops_trace.csv,decode,3,127,12,GPU0,npu,12,"LN:-1,Add:-1,LN:-1,FFN_W1:0,FFN_W3:0,FFN_W1:1,FFN_W3:1,SwiGLU:0,SwiGLU:1,FFN_W2:0,FFN_W2:1,Add:-1",0.00032135900410246165,0.0003564543962478638,npu|decode|3|2ef4409498d14c672a4fbbfe6786cce6,3,sample_step,0.020566976262557546,0.022813081359863284,3.509539214540216e-05,1.1092093008049415,0.002246105097305738,1.1092093008049415
attn_on_pim_prefill-1024xdecode_256_ops_trace.csv,decode,3,127,12,PIM0,pim,7,"Q:0,K:0,V:0,QK:0,Softmax:0,SV:0,O:0",3.465069726571457e-05,3.0836e-05,pim|decode|3|61397802f1888ea563dd9b1ea38edd23,3,sample_step,0.0022176446250057325,0.001973504,-3.814697265714569e-06,0.8899099421733988,-0.0002441406250057324,0.8899099421733988
attn_on_pim_prefill-1024xdecode_256_ops_trace.csv,decode,3,127,12,PIM1,pim,7,"Q:1,K:1,V:1,QK:1,Softmax:1,SV:1,O:1",3.465069726571457e-05,3.0836e-05,pim|decode|3|9c4e6c099d863efd94751a80c7e404c5,3,sample_step,0.0022176446250057325,0.001973504,-3.814697265714569e-06,0.8899099421733988,-0.0002441406250057324,0.8899099421733988
attn_on_pim_prefill-1024xdecode_256_ops_trace.csv,decode,3,127,13,GPU0,npu,12,"LN:-1,Add:-1,LN:-1,FFN_W1:0,FFN_W3:0,FFN_W1:1,FFN_W3:1,SwiGLU:0,SwiGLU:1,FFN_W2:0,FFN_W2:1,Add:-1",0.00032135900410246165,0.0003564543962478638,npu|decode|3|2ef4409498d14c672a4fbbfe6786cce6,3,sample_step,0.020566976262557546,0.022813081359863284,3.509539214540216e-05,1.1092093008049415,0.002246105097305738,1.1092093008049415
attn_on_pim_prefill-1024xdecode_256_ops_trace.csv,decode,3,127,13,PIM0,pim,7,"Q:0,K:0,V:0,QK:0,Softmax:0,SV:0,O:0",3.465069726571457e-05,3.0836e-05,pim|decode|3|61397802f1888ea563dd9b1ea38edd23,3,sample_step,0.0022176446250057325,0.001973504,-3.814697265714569e-06,0.8899099421733988,-0.0002441406250057324,0.8899099421733988
attn_on_pim_prefill-1024xdecode_256_ops_trace.csv,decode,3,127,13,PIM1,pim,7,"Q:1,K:1,V:1,QK:1,Softmax:1,SV:1,O:1",3.465069726571457e-05,3.0836e-05,pim|decode|3|9c4e6c099d863efd94751a80c7e404c5,3,sample_step,0.0022176446250057325,0.001973504,-3.814697265714569e-06,0.8899099421733988,-0.0002441406250057324,0.8899099421733988
attn_on_pim_prefill-1024xdecode_256_ops_trace.csv,decode,3,127,14,GPU0,npu,12,"LN:-1,Add:-1,LN:-1,FFN_W1:0,FFN_W3:0,FFN_W1:1,FFN_W3:1,SwiGLU:0,SwiGLU:1,FFN_W2:0,FFN_W2:1,Add:-1",0.00032135900410246165,0.0003564543962478638,npu|decode|3|2ef4409498d14c672a4fbbfe6786cce6,3,sample_step,0.020566976262557546,0.022813081359863284,3.509539214540216e-05,1.1092093008049415,0.002246105097305738,1.1092093008049415
attn_on_pim_prefill-1024xdecode_256_ops_trace.csv,decode,3,127,14,PIM0,pim,7,"Q:0,K:0,V:0,QK:0,Softmax:0,SV:0,O:0",3.465069726571457e-05,3.0836e-05,pim|decode|3|61397802f1888ea563dd9b1ea38edd23,3,sample_step,0.0022176446250057325,0.001973504,-3.814697265714569e-06,0.8899099421733988,-0.0002441406250057324,0.8899099421733988
attn_on_pim_prefill-1024xdecode_256_ops_trace.csv,decode,3,127,14,PIM1,pim,7,"Q:1,K:1,V:1,QK:1,Softmax:1,SV:1,O:1",3.465069726571457e-05,3.0836e-05,pim|decode|3|9c4e6c099d863efd94751a80c7e404c5,3,sample_step,0.0022176446250057325,0.001973504,-3.814697265714569e-06,0.8899099421733988,-0.0002441406250057324,0.8899099421733988
attn_on_pim_prefill-1024xdecode_256_ops_trace.csv,decode,3,127,15,GPU0,npu,12,"LN:-1,Add:-1,LN:-1,FFN_W1:0,FFN_W3:0,FFN_W1:1,FFN_W3:1,SwiGLU:0,SwiGLU:1,FFN_W2:0,FFN_W2:1,Add:-1",0.00032135900410246165,0.0003564543962478638,npu|decode|3|2ef4409498d14c672a4fbbfe6786cce6,3,sample_step,0.020566976262557546,0.022813081359863284,3.509539214540216e-05,1.1092093008049415,0.002246105097305738,1.1092093008049415
attn_on_pim_prefill-1024xdecode_256_ops_trace.csv,decode,3,127,15,PIM0,pim,7,"Q:0,K:0,V:0,QK:0,Softmax:0,SV:0,O:0",3.465069726571457e-05,3.0836e-05,pim|decode|3|61397802f1888ea563dd9b1ea38edd23,3,sample_step,0.0022176446250057325,0.001973504,-3.814697265714569e-06,0.8899099421733988,-0.0002441406250057324,0.8899099421733988
attn_on_pim_prefill-1024xdecode_256_ops_trace.csv,decode,3,127,15,PIM1,pim,7,"Q:1,K:1,V:1,QK:1,Softmax:1,SV:1,O:1",3.465069726571457e-05,3.0836e-05,pim|decode|3|9c4e6c099d863efd94751a80c7e404c5,3,sample_step,0.0022176446250057325,0.001973504,-3.814697265714569e-06,0.8899099421733988,-0.0002441406250057324,0.8899099421733988
attn_on_pim_prefill-1024xdecode_256_ops_trace.csv,decode,3,127,16,GPU0,npu,12,"LN:-1,Add:-1,LN:-1,FFN_W1:0,FFN_W3:0,FFN_W1:1,FFN_W3:1,SwiGLU:0,SwiGLU:1,FFN_W2:0,FFN_W2:1,Add:-1",0.00032135900410246165,0.0003564543962478638,npu|decode|3|2ef4409498d14c672a4fbbfe6786cce6,3,sample_step,0.020566976262557546,0.022813081359863284,3.509539214540216e-05,1.1092093008049415,0.002246105097305738,1.1092093008049415
attn_on_pim_prefill-1024xdecode_256_ops_trace.csv,decode,3,127,16,PIM0,pim,7,"Q:0,K:0,V:0,QK:0,Softmax:0,SV:0,O:0",3.465069726571457e-05,3.0836e-05,pim|decode|3|61397802f1888ea563dd9b1ea38edd23,3,sample_step,0.0022176446250057325,0.001973504,-3.814697265714569e-06,0.8899099421733988,-0.0002441406250057324,0.8899099421733988
attn_on_pim_prefill-1024xdecode_256_ops_trace.csv,decode,3,127,16,PIM1,pim,7,"Q:1,K:1,V:1,QK:1,Softmax:1,SV:1,O:1",3.465069726571457e-05,3.0836e-05,pim|decode|3|9c4e6c099d863efd94751a80c7e404c5,3,sample_step,0.0022176446250057325,0.001973504,-3.814697265714569e-06,0.8899099421733988,-0.0002441406250057324,0.8899099421733988
attn_on_pim_prefill-1024xdecode_256_ops_trace.csv,decode,3,127,17,GPU0,npu,12,"LN:-1,Add:-1,LN:-1,FFN_W1:0,FFN_W3:0,FFN_W1:1,FFN_W3:1,SwiGLU:0,SwiGLU:1,FFN_W2:0,FFN_W2:1,Add:-1",0.00032135900410246165,0.0003564543962478638,npu|decode|3|2ef4409498d14c672a4fbbfe6786cce6,3,sample_step,0.020566976262557546,0.022813081359863284,3.509539214540216e-05,1.1092093008049415,0.002246105097305738,1.1092093008049415
attn_on_pim_prefill-1024xdecode_256_ops_trace.csv,decode,3,127,17,PIM0,pim,7,"Q:0,K:0,V:0,QK:0,Softmax:0,SV:0,O:0",3.465069726571457e-05,3.0836e-05,pim|decode|3|61397802f1888ea563dd9b1ea38edd23,3,sample_step,0.0022176446250057325,0.001973504,-3.814697265714569e-06,0.8899099421733988,-0.0002441406250057324,0.8899099421733988
attn_on_pim_prefill-1024xdecode_256_ops_trace.csv,decode,3,127,17,PIM1,pim,7,"Q:1,K:1,V:1,QK:1,Softmax:1,SV:1,O:1",3.465069726571457e-05,3.0836e-05,pim|decode|3|9c4e6c099d863efd94751a80c7e404c5,3,sample_step,0.0022176446250057325,0.001973504,-3.814697265714569e-06,0.8899099421733988,-0.0002441406250057324,0.8899099421733988
attn_on_pim_prefill-1024xdecode_256_ops_trace.csv,decode,3,127,18,GPU0,npu,12,"LN:-1,Add:-1,LN:-1,FFN_W1:0,FFN_W3:0,FFN_W1:1,FFN_W3:1,SwiGLU:0,SwiGLU:1,FFN_W2:0,FFN_W2:1,Add:-1",0.00032135900410246165,0.0003564543962478638,npu|decode|3|2ef4409498d14c672a4fbbfe6786cce6,3,sample_step,0.020566976262557546,0.022813081359863284,3.509539214540216e-05,1.1092093008049415,0.002246105097305738,1.1092093008049415
attn_on_pim_prefill-1024xdecode_256_ops_trace.csv,decode,3,127,18,PIM0,pim,7,"Q:0,K:0,V:0,QK:0,Softmax:0,SV:0,O:0",3.465069726571457e-05,3.0836e-05,pim|decode|3|61397802f1888ea563dd9b1ea38edd23,3,sample_step,0.0022176446250057325,0.001973504,-3.814697265714569e-06,0.8899099421733988,-0.0002441406250057324,0.8899099421733988
attn_on_pim_prefill-1024xdecode_256_ops_trace.csv,decode,3,127,18,PIM1,pim,7,"Q:1,K:1,V:1,QK:1,Softmax:1,SV:1,O:1",3.465069726571457e-05,3.0836e-05,pim|decode|3|9c4e6c099d863efd94751a80c7e404c5,3,sample_step,0.0022176446250057325,0.001973504,-3.814697265714569e-06,0.8899099421733988,-0.0002441406250057324,0.8899099421733988
attn_on_pim_prefill-1024xdecode_256_ops_trace.csv,decode,3,127,19,GPU0,npu,12,"LN:-1,Add:-1,LN:-1,FFN_W1:0,FFN_W3:0,FFN_W1:1,FFN_W3:1,SwiGLU:0,SwiGLU:1,FFN_W2:0,FFN_W2:1,Add:-1",0.00032135900410246165,0.0003564543962478638,npu|decode|3|2ef4409498d14c672a4fbbfe6786cce6,3,sample_step,0.020566976262557546,0.022813081359863284,3.509539214540216e-05,1.1092093008049415,0.002246105097305738,1.1092093008049415
attn_on_pim_prefill-1024xdecode_256_ops_trace.csv,decode,3,127,19,PIM0,pim,7,"Q:0,K:0,V:0,QK:0,Softmax:0,SV:0,O:0",3.465069726571457e-05,3.0836e-05,pim|decode|3|61397802f1888ea563dd9b1ea38edd23,3,sample_step,0.0022176446250057325,0.001973504,-3.814697265714569e-06,0.8899099421733988,-0.0002441406250057324,0.8899099421733988
attn_on_pim_prefill-1024xdecode_256_ops_trace.csv,decode,3,127,19,PIM1,pim,7,"Q:1,K:1,V:1,QK:1,Softmax:1,SV:1,O:1",3.465069726571457e-05,3.0836e-05,pim|decode|3|9c4e6c099d863efd94751a80c7e404c5,3,sample_step,0.0022176446250057325,0.001973504,-3.814697265714569e-06,0.8899099421733988,-0.0002441406250057324,0.8899099421733988
attn_on_pim_prefill-1024xdecode_256_ops_trace.csv,decode,3,127,20,GPU0,npu,12,"LN:-1,Add:-1,LN:-1,FFN_W1:0,FFN_W3:0,FFN_W1:1,FFN_W3:1,SwiGLU:0,SwiGLU:1,FFN_W2:0,FFN_W2:1,Add:-1",0.00032135900410246165,0.0003564543962478638,npu|decode|3|2ef4409498d14c672a4fbbfe6786cce6,3,sample_step,0.020566976262557546,0.022813081359863284,3.509539214540216e-05,1.1092093008049415,0.002246105097305738,1.1092093008049415
attn_on_pim_prefill-1024xdecode_256_ops_trace.csv,decode,3,127,20,PIM0,pim,7,"Q:0,K:0,V:0,QK:0,Softmax:0,SV:0,O:0",3.465069726571457e-05,3.0836e-05,pim|decode|3|61397802f1888ea563dd9b1ea38edd23,3,sample_step,0.0022176446250057325,0.001973504,-3.814697265714569e-06,0.8899099421733988,-0.0002441406250057324,0.8899099421733988
attn_on_pim_prefill-1024xdecode_256_ops_trace.csv,decode,3,127,20,PIM1,pim,7,"Q:1,K:1,V:1,QK:1,Softmax:1,SV:1,O:1",3.465069726571457e-05,3.0836e-05,pim|decode|3|9c4e6c099d863efd94751a80c7e404c5,3,sample_step,0.0022176446250057325,0.001973504,-3.814697265714569e-06,0.8899099421733988,-0.0002441406250057324,0.8899099421733988
attn_on_pim_prefill-1024xdecode_256_ops_trace.csv,decode,3,127,21,GPU0,npu,12,"LN:-1,Add:-1,LN:-1,FFN_W1:0,FFN_W3:0,FFN_W1:1,FFN_W3:1,SwiGLU:0,SwiGLU:1,FFN_W2:0,FFN_W2:1,Add:-1",0.00032135900410246165,0.0003564543962478638,npu|decode|3|2ef4409498d14c672a4fbbfe6786cce6,3,sample_step,0.020566976262557546,0.022813081359863284,3.509539214540216e-05,1.1092093008049415,0.002246105097305738,1.1092093008049415
attn_on_pim_prefill-1024xdecode_256_ops_trace.csv,decode,3,127,21,PIM0,pim,7,"Q:0,K:0,V:0,QK:0,Softmax:0,SV:0,O:0",3.465069726571457e-05,3.0836e-05,pim|decode|3|61397802f1888ea563dd9b1ea38edd23,3,sample_step,0.0022176446250057325,0.001973504,-3.814697265714569e-06,0.8899099421733988,-0.0002441406250057324,0.8899099421733988
attn_on_pim_prefill-1024xdecode_256_ops_trace.csv,decode,3,127,21,PIM1,pim,7,"Q:1,K:1,V:1,QK:1,Softmax:1,SV:1,O:1",3.465069726571457e-05,3.0836e-05,pim|decode|3|9c4e6c099d863efd94751a80c7e404c5,3,sample_step,0.0022176446250057325,0.001973504,-3.814697265714569e-06,0.8899099421733988,-0.0002441406250057324,0.8899099421733988
attn_on_pim_prefill-1024xdecode_256_ops_trace.csv,decode,3,127,22,GPU0,npu,12,"LN:-1,Add:-1,LN:-1,FFN_W1:0,FFN_W3:0,FFN_W1:1,FFN_W3:1,SwiGLU:0,SwiGLU:1,FFN_W2:0,FFN_W2:1,Add:-1",0.00032135900410246165,0.0003564543962478638,npu|decode|3|2ef4409498d14c672a4fbbfe6786cce6,3,sample_step,0.020566976262557546,0.022813081359863284,3.509539214540216e-05,1.1092093008049415,0.002246105097305738,1.1092093008049415
attn_on_pim_prefill-1024xdecode_256_ops_trace.csv,decode,3,127,22,PIM0,pim,7,"Q:0,K:0,V:0,QK:0,Softmax:0,SV:0,O:0",3.465069726571457e-05,3.0836e-05,pim|decode|3|61397802f1888ea563dd9b1ea38edd23,3,sample_step,0.0022176446250057325,0.001973504,-3.814697265714569e-06,0.8899099421733988,-0.0002441406250057324,0.8899099421733988
attn_on_pim_prefill-1024xdecode_256_ops_trace.csv,decode,3,127,22,PIM1,pim,7,"Q:1,K:1,V:1,QK:1,Softmax:1,SV:1,O:1",3.465069726571457e-05,3.0836e-05,pim|decode|3|9c4e6c099d863efd94751a80c7e404c5,3,sample_step,0.0022176446250057325,0.001973504,-3.814697265714569e-06,0.8899099421733988,-0.0002441406250057324,0.8899099421733988
attn_on_pim_prefill-1024xdecode_256_ops_trace.csv,decode,3,127,23,GPU0,npu,12,"LN:-1,Add:-1,LN:-1,FFN_W1:0,FFN_W3:0,FFN_W1:1,FFN_W3:1,SwiGLU:0,SwiGLU:1,FFN_W2:0,FFN_W2:1,Add:-1",0.00032135900410246165,0.0003564543962478638,npu|decode|3|2ef4409498d14c672a4fbbfe6786cce6,3,sample_step,0.020566976262557546,0.022813081359863284,3.509539214540216e-05,1.1092093008049415,0.002246105097305738,1.1092093008049415
attn_on_pim_prefill-1024xdecode_256_ops_trace.csv,decode,3,127,23,PIM0,pim,7,"Q:0,K:0,V:0,QK:0,Softmax:0,SV:0,O:0",3.465069726571457e-05,3.0836e-05,pim|decode|3|61397802f1888ea563dd9b1ea38edd23,3,sample_step,0.0022176446250057325,0.001973504,-3.814697265714569e-06,0.8899099421733988,-0.0002441406250057324,0.8899099421733988
attn_on_pim_prefill-1024xdecode_256_ops_trace.csv,decode,3,127,23,PIM1,pim,7,"Q:1,K:1,V:1,QK:1,Softmax:1,SV:1,O:1",3.465069726571457e-05,3.0836e-05,pim|decode|3|9c4e6c099d863efd94751a80c7e404c5,3,sample_step,0.0022176446250057325,0.001973504,-3.814697265714569e-06,0.8899099421733988,-0.0002441406250057324,0.8899099421733988
attn_on_pim_prefill-1024xdecode_256_ops_trace.csv,decode,3,127,24,GPU0,npu,12,"LN:-1,Add:-1,LN:-1,FFN_W1:0,FFN_W3:0,FFN_W1:1,FFN_W3:1,SwiGLU:0,SwiGLU:1,FFN_W2:0,FFN_W2:1,Add:-1",0.00032135900410246165,0.0003564543962478638,npu|decode|3|2ef4409498d14c672a4fbbfe6786cce6,3,sample_step,0.020566976262557546,0.022813081359863284,3.509539214540216e-05,1.1092093008049415,0.002246105097305738,1.1092093008049415
attn_on_pim_prefill-1024xdecode_256_ops_trace.csv,decode,3,127,24,PIM0,pim,7,"Q:0,K:0,V:0,QK:0,Softmax:0,SV:0,O:0",3.465069726571457e-05,3.0836e-05,pim|decode|3|61397802f1888ea563dd9b1ea38edd23,3,sample_step,0.0022176446250057325,0.001973504,-3.814697265714569e-06,0.8899099421733988,-0.0002441406250057324,0.8899099421733988
attn_on_pim_prefill-1024xdecode_256_ops_trace.csv,decode,3,127,24,PIM1,pim,7,"Q:1,K:1,V:1,QK:1,Softmax:1,SV:1,O:1",3.465069726571457e-05,3.0836e-05,pim|decode|3|9c4e6c099d863efd94751a80c7e404c5,3,sample_step,0.0022176446250057325,0.001973504,-3.814697265714569e-06,0.8899099421733988,-0.0002441406250057324,0.8899099421733988
attn_on_pim_prefill-1024xdecode_256_ops_trace.csv,decode,3,127,25,GPU0,npu,12,"LN:-1,Add:-1,LN:-1,FFN_W1:0,FFN_W3:0,FFN_W1:1,FFN_W3:1,SwiGLU:0,SwiGLU:1,FFN_W2:0,FFN_W2:1,Add:-1",0.00032135900410246165,0.0003564543962478638,npu|decode|3|2ef4409498d14c672a4fbbfe6786cce6,3,sample_step,0.020566976262557546,0.022813081359863284,3.509539214540216e-05,1.1092093008049415,0.002246105097305738,1.1092093008049415
attn_on_pim_prefill-1024xdecode_256_ops_trace.csv,decode,3,127,25,PIM0,pim,7,"Q:0,K:0,V:0,QK:0,Softmax:0,SV:0,O:0",3.465069726571457e-05,3.0836e-05,pim|decode|3|61397802f1888ea563dd9b1ea38edd23,3,sample_step,0.0022176446250057325,0.001973504,-3.814697265714569e-06,0.8899099421733988,-0.0002441406250057324,0.8899099421733988
attn_on_pim_prefill-1024xdecode_256_ops_trace.csv,decode,3,127,25,PIM1,pim,7,"Q:1,K:1,V:1,QK:1,Softmax:1,SV:1,O:1",3.465069726571457e-05,3.0836e-05,pim|decode|3|9c4e6c099d863efd94751a80c7e404c5,3,sample_step,0.0022176446250057325,0.001973504,-3.814697265714569e-06,0.8899099421733988,-0.0002441406250057324,0.8899099421733988
attn_on_pim_prefill-1024xdecode_256_ops_trace.csv,decode,3,127,26,GPU0,npu,12,"LN:-1,Add:-1,LN:-1,FFN_W1:0,FFN_W3:0,FFN_W1:1,FFN_W3:1,SwiGLU:0,SwiGLU:1,FFN_W2:0,FFN_W2:1,Add:-1",0.00032135900410246165,0.0003564543962478638,npu|decode|3|2ef4409498d14c672a4fbbfe6786cce6,3,sample_step,0.020566976262557546,0.022813081359863284,3.509539214540216e-05,1.1092093008049415,0.002246105097305738,1.1092093008049415
attn_on_pim_prefill-1024xdecode_256_ops_trace.csv,decode,3,127,26,PIM0,pim,7,"Q:0,K:0,V:0,QK:0,Softmax:0,SV:0,O:0",3.465069726571457e-05,3.0836e-05,pim|decode|3|61397802f1888ea563dd9b1ea38edd23,3,sample_step,0.0022176446250057325,0.001973504,-3.814697265714569e-06,0.8899099421733988,-0.0002441406250057324,0.8899099421733988
attn_on_pim_prefill-1024xdecode_256_ops_trace.csv,decode,3,127,26,PIM1,pim,7,"Q:1,K:1,V:1,QK:1,Softmax:1,SV:1,O:1",3.465069726571457e-05,3.0836e-05,pim|decode|3|9c4e6c099d863efd94751a80c7e404c5,3,sample_step,0.0022176446250057325,0.001973504,-3.814697265714569e-06,0.8899099421733988,-0.0002441406250057324,0.8899099421733988
attn_on_pim_prefill-1024xdecode_256_ops_trace.csv,decode,3,127,27,GPU0,npu,12,"LN:-1,Add:-1,LN:-1,FFN_W1:0,FFN_W3:0,FFN_W1:1,FFN_W3:1,SwiGLU:0,SwiGLU:1,FFN_W2:0,FFN_W2:1,Add:-1",0.00032135900410246165,0.0003564543962478638,npu|decode|3|2ef4409498d14c672a4fbbfe6786cce6,3,sample_step,0.020566976262557546,0.022813081359863284,3.509539214540216e-05,1.1092093008049415,0.002246105097305738,1.1092093008049415
attn_on_pim_prefill-1024xdecode_256_ops_trace.csv,decode,3,127,27,PIM0,pim,7,"Q:0,K:0,V:0,QK:0,Softmax:0,SV:0,O:0",3.465069726571457e-05,3.0836e-05,pim|decode|3|61397802f1888ea563dd9b1ea38edd23,3,sample_step,0.0022176446250057325,0.001973504,-3.814697265714569e-06,0.8899099421733988,-0.0002441406250057324,0.8899099421733988
attn_on_pim_prefill-1024xdecode_256_ops_trace.csv,decode,3,127,27,PIM1,pim,7,"Q:1,K:1,V:1,QK:1,Softmax:1,SV:1,O:1",3.465069726571457e-05,3.0836e-05,pim|decode|3|9c4e6c099d863efd94751a80c7e404c5,3,sample_step,0.0022176446250057325,0.001973504,-3.814697265714569e-06,0.8899099421733988,-0.0002441406250057324,0.8899099421733988
attn_on_pim_prefill-1024xdecode_256_ops_trace.csv,decode,3,127,28,GPU0,npu,12,"LN:-1,Add:-1,LN:-1,FFN_W1:0,FFN_W3:0,FFN_W1:1,FFN_W3:1,SwiGLU:0,SwiGLU:1,FFN_W2:0,FFN_W2:1,Add:-1",0.00032135900410246165,0.0003564543962478638,npu|decode|3|2ef4409498d14c672a4fbbfe6786cce6,3,sample_step,0.020566976262557546,0.022813081359863284,3.509539214540216e-05,1.1092093008049415,0.002246105097305738,1.1092093008049415
attn_on_pim_prefill-1024xdecode_256_ops_trace.csv,decode,3,127,28,PIM0,pim,7,"Q:0,K:0,V:0,QK:0,Softmax:0,SV:0,O:0",3.465069726571457e-05,3.0836e-05,pim|decode|3|61397802f1888ea563dd9b1ea38edd23,3,sample_step,0.0022176446250057325,0.001973504,-3.814697265714569e-06,0.8899099421733988,-0.0002441406250057324,0.8899099421733988
attn_on_pim_prefill-1024xdecode_256_ops_trace.csv,decode,3,127,28,PIM1,pim,7,"Q:1,K:1,V:1,QK:1,Softmax:1,SV:1,O:1",3.465069726571457e-05,3.0836e-05,pim|decode|3|9c4e6c099d863efd94751a80c7e404c5,3,sample_step,0.0022176446250057325,0.001973504,-3.814697265714569e-06,0.8899099421733988,-0.0002441406250057324,0.8899099421733988
attn_on_pim_prefill-1024xdecode_256_ops_trace.csv,decode,3,127,29,GPU0,npu,12,"LN:-1,Add:-1,LN:-1,FFN_W1:0,FFN_W3:0,FFN_W1:1,FFN_W3:1,SwiGLU:0,SwiGLU:1,FFN_W2:0,FFN_W2:1,Add:-1",0.00032135900410246165,0.0003564543962478638,npu|decode|3|2ef4409498d14c672a4fbbfe6786cce6,3,sample_step,0.020566976262557546,0.022813081359863284,3.509539214540216e-05,1.1092093008049415,0.002246105097305738,1.1092093008049415
attn_on_pim_prefill-1024xdecode_256_ops_trace.csv,decode,3,127,29,PIM0,pim,7,"Q:0,K:0,V:0,QK:0,Softmax:0,SV:0,O:0",3.465069726571457e-05,3.0836e-05,pim|decode|3|61397802f1888ea563dd9b1ea38edd23,3,sample_step,0.0022176446250057325,0.001973504,-3.814697265714569e-06,0.8899099421733988,-0.0002441406250057324,0.8899099421733988
attn_on_pim_prefill-1024xdecode_256_ops_trace.csv,decode,3,127,29,PIM1,pim,7,"Q:1,K:1,V:1,QK:1,Softmax:1,SV:1,O:1",3.465069726571457e-05,3.0836e-05,pim|decode|3|9c4e6c099d863efd94751a80c7e404c5,3,sample_step,0.0022176446250057325,0.001973504,-3.814697265714569e-06,0.8899099421733988,-0.0002441406250057324,0.8899099421733988
attn_on_pim_prefill-1024xdecode_256_ops_trace.csv,decode,3,127,30,GPU0,npu,12,"LN:-1,Add:-1,LN:-1,FFN_W1:0,FFN_W3:0,FFN_W1:1,FFN_W3:1,SwiGLU:0,SwiGLU:1,FFN_W2:0,FFN_W2:1,Add:-1",0.00032135900410246165,0.0003564543962478638,npu|decode|3|2ef4409498d14c672a4fbbfe6786cce6,3,sample_step,0.020566976262557546,0.022813081359863284,3.509539214540216e-05,1.1092093008049415,0.002246105097305738,1.1092093008049415
attn_on_pim_prefill-1024xdecode_256_ops_trace.csv,decode,3,127,30,PIM0,pim,7,"Q:0,K:0,V:0,QK:0,Softmax:0,SV:0,O:0",3.465069726571457e-05,3.0836e-05,pim|decode|3|61397802f1888ea563dd9b1ea38edd23,3,sample_step,0.0022176446250057325,0.001973504,-3.814697265714569e-06,0.8899099421733988,-0.0002441406250057324,0.8899099421733988
attn_on_pim_prefill-1024xdecode_256_ops_trace.csv,decode,3,127,30,PIM1,pim,7,"Q:1,K:1,V:1,QK:1,Softmax:1,SV:1,O:1",3.465069726571457e-05,3.0836e-05,pim|decode|3|9c4e6c099d863efd94751a80c7e404c5,3,sample_step,0.0022176446250057325,0.001973504,-3.814697265714569e-06,0.8899099421733988,-0.0002441406250057324,0.8899099421733988
attn_on_pim_prefill-1024xdecode_256_ops_trace.csv,decode,3,127,31,GPU0,npu,12,"LN:-1,Add:-1,LN:-1,FFN_W1:0,FFN_W3:0,FFN_W1:1,FFN_W3:1,SwiGLU:0,SwiGLU:1,FFN_W2:0,FFN_W2:1,Add:-1",0.00032135900410246165,0.0003564543962478638,npu|decode|3|2ef4409498d14c672a4fbbfe6786cce6,3,sample_step,0.020566976262557546,0.022813081359863284,3.509539214540216e-05,1.1092093008049415,0.002246105097305738,1.1092093008049415
attn_on_pim_prefill-1024xdecode_256_ops_trace.csv,decode,3,127,31,PIM0,pim,7,"Q:0,K:0,V:0,QK:0,Softmax:0,SV:0,O:0",3.465069726571457e-05,3.0836e-05,pim|decode|3|61397802f1888ea563dd9b1ea38edd23,3,sample_step,0.0022176446250057325,0.001973504,-3.814697265714569e-06,0.8899099421733988,-0.0002441406250057324,0.8899099421733988
attn_on_pim_prefill-1024xdecode_256_ops_trace.csv,decode,3,127,31,PIM1,pim,7,"Q:1,K:1,V:1,QK:1,Softmax:1,SV:1,O:1",3.465069726571457e-05,3.0836e-05,pim|decode|3|9c4e6c099d863efd94751a80c7e404c5,3,sample_step,0.0022176446250057325,0.001973504,-3.814697265714569e-06,0.8899099421733988,-0.0002441406250057324,0.8899099421733988
attn_on_pim_prefill-1024xdecode_256_ops_trace.csv,decode,4,191,0,GPU0,npu,12,"LN:-1,Add:-1,LN:-1,FFN_W1:0,FFN_W3:0,FFN_W1:1,FFN_W3:1,SwiGLU:0,SwiGLU:1,FFN_W2:0,FFN_W2:1,Add:-1",0.00032135900410246165,0.0003577856063842774,npu|decode|4|2ef4409498d14c672a4fbbfe6786cce6,4,sample_step,0.020566976262557546,0.022898278808593752,3.642660228181572e-05,1.1133517400066422,0.002331302546036206,1.1133517400066422
attn_on_pim_prefill-1024xdecode_256_ops_trace.csv,decode,4,191,0,PIM0,pim,7,"Q:0,K:0,V:0,QK:0,Softmax:0,SV:0,O:0",3.482469726545645e-05,3.101e-05,pim|decode|4|61397802f1888ea563dd9b1ea38edd23,4,sample_step,0.002228780624989213,0.00198464,-3.8146972654564472e-06,0.890460002096261,-0.00024414062498921262,0.890460002096261
attn_on_pim_prefill-1024xdecode_256_ops_trace.csv,decode,4,191,0,PIM1,pim,7,"Q:1,K:1,V:1,QK:1,Softmax:1,SV:1,O:1",3.482469726545645e-05,3.101e-05,pim|decode|4|9c4e6c099d863efd94751a80c7e404c5,4,sample_step,0.002228780624989213,0.00198464,-3.8146972654564472e-06,0.890460002096261,-0.00024414062498921262,0.890460002096261
attn_on_pim_prefill-1024xdecode_256_ops_trace.csv,decode,4,191,1,GPU0,npu,12,"LN:-1,Add:-1,LN:-1,FFN_W1:0,FFN_W3:0,FFN_W1:1,FFN_W3:1,SwiGLU:0,SwiGLU:1,FFN_W2:0,FFN_W2:1,Add:-1",0.00032135900410246165,0.0003577856063842774,npu|decode|4|2ef4409498d14c672a4fbbfe6786cce6,4,sample_step,0.020566976262557546,0.022898278808593752,3.642660228181572e-05,1.1133517400066422,0.002331302546036206,1.1133517400066422
attn_on_pim_prefill-1024xdecode_256_ops_trace.csv,decode,4,191,1,PIM0,pim,7,"Q:0,K:0,V:0,QK:0,Softmax:0,SV:0,O:0",3.482469726545645e-05,3.101e-05,pim|decode|4|61397802f1888ea563dd9b1ea38edd23,4,sample_step,0.002228780624989213,0.00198464,-3.8146972654564472e-06,0.890460002096261,-0.00024414062498921262,0.890460002096261
attn_on_pim_prefill-1024xdecode_256_ops_trace.csv,decode,4,191,1,PIM1,pim,7,"Q:1,K:1,V:1,QK:1,Softmax:1,SV:1,O:1",3.482469726545645e-05,3.101e-05,pim|decode|4|9c4e6c099d863efd94751a80c7e404c5,4,sample_step,0.002228780624989213,0.00198464,-3.8146972654564472e-06,0.890460002096261,-0.00024414062498921262,0.890460002096261
attn_on_pim_prefill-1024xdecode_256_ops_trace.csv,decode,4,191,2,GPU0,npu,12,"LN:-1,Add:-1,LN:-1,FFN_W1:0,FFN_W3:0,FFN_W1:1,FFN_W3:1,SwiGLU:0,SwiGLU:1,FFN_W2:0,FFN_W2:1,Add:-1",0.00032135900410246165,0.0003577856063842774,npu|decode|4|2ef4409498d14c672a4fbbfe6786cce6,4,sample_step,0.020566976262557546,0.022898278808593752,3.642660228181572e-05,1.1133517400066422,0.002331302546036206,1.1133517400066422
attn_on_pim_prefill-1024xdecode_256_ops_trace.csv,decode,4,191,2,PIM0,pim,7,"Q:0,K:0,V:0,QK:0,Softmax:0,SV:0,O:0",3.482469726545645e-05,3.101e-05,pim|decode|4|61397802f1888ea563dd9b1ea38edd23,4,sample_step,0.002228780624989213,0.00198464,-3.8146972654564472e-06,0.890460002096261,-0.00024414062498921262,0.890460002096261
attn_on_pim_prefill-1024xdecode_256_ops_trace.csv,decode,4,191,2,PIM1,pim,7,"Q:1,K:1,V:1,QK:1,Softmax:1,SV:1,O:1",3.482469726545645e-05,3.101e-05,pim|decode|4|9c4e6c099d863efd94751a80c7e404c5,4,sample_step,0.002228780624989213,0.00198464,-3.8146972654564472e-06,0.890460002096261,-0.00024414062498921262,0.890460002096261
attn_on_pim_prefill-1024xdecode_256_ops_trace.csv,decode,4,191,3,GPU0,npu,12,"LN:-1,Add:-1,LN:-1,FFN_W1:0,FFN_W3:0,FFN_W1:1,FFN_W3:1,SwiGLU:0,SwiGLU:1,FFN_W2:0,FFN_W2:1,Add:-1",0.00032135900410246165,0.0003577856063842774,npu|decode|4|2ef4409498d14c672a4fbbfe6786cce6,4,sample_step,0.020566976262557546,0.022898278808593752,3.642660228181572e-05,1.1133517400066422,0.002331302546036206,1.1133517400066422
attn_on_pim_prefill-1024xdecode_256_ops_trace.csv,decode,4,191,3,PIM0,pim,7,"Q:0,K:0,V:0,QK:0,Softmax:0,SV:0,O:0",3.482469726545645e-05,3.101e-05,pim|decode|4|61397802f1888ea563dd9b1ea38edd23,4,sample_step,0.002228780624989213,0.00198464,-3.8146972654564472e-06,0.890460002096261,-0.00024414062498921262,0.890460002096261
attn_on_pim_prefill-1024xdecode_256_ops_trace.csv,decode,4,191,3,PIM1,pim,7,"Q:1,K:1,V:1,QK:1,Softmax:1,SV:1,O:1",3.482469726545645e-05,3.101e-05,pim|decode|4|9c4e6c099d863efd94751a80c7e404c5,4,sample_step,0.002228780624989213,0.00198464,-3.8146972654564472e-06,0.890460002096261,-0.00024414062498921262,0.890460002096261
attn_on_pim_prefill-1024xdecode_256_ops_trace.csv,decode,4,191,4,GPU0,npu,12,"LN:-1,Add:-1,LN:-1,FFN_W1:0,FFN_W3:0,FFN_W1:1,FFN_W3:1,SwiGLU:0,SwiGLU:1,FFN_W2:0,FFN_W2:1,Add:-1",0.00032135900410246165,0.0003577856063842774,npu|decode|4|2ef4409498d14c672a4fbbfe6786cce6,4,sample_step,0.020566976262557546,0.022898278808593752,3.642660228181572e-05,1.1133517400066422,0.002331302546036206,1.1133517400066422
attn_on_pim_prefill-1024xdecode_256_ops_trace.csv,decode,4,191,4,PIM0,pim,7,"Q:0,K:0,V:0,QK:0,Softmax:0,SV:0,O:0",3.482469726545645e-05,3.101e-05,pim|decode|4|61397802f1888ea563dd9b1ea38edd23,4,sample_step,0.002228780624989213,0.00198464,-3.8146972654564472e-06,0.890460002096261,-0.00024414062498921262,0.890460002096261
attn_on_pim_prefill-1024xdecode_256_ops_trace.csv,decode,4,191,4,PIM1,pim,7,"Q:1,K:1,V:1,QK:1,Softmax:1,SV:1,O:1",3.482469726545645e-05,3.101e-05,pim|decode|4|9c4e6c099d863efd94751a80c7e404c5,4,sample_step,0.002228780624989213,0.00198464,-3.8146972654564472e-06,0.890460002096261,-0.00024414062498921262,0.890460002096261
attn_on_pim_prefill-1024xdecode_256_ops_trace.csv,decode,4,191,5,GPU0,npu,12,"LN:-1,Add:-1,LN:-1,FFN_W1:0,FFN_W3:0,FFN_W1:1,FFN_W3:1,SwiGLU:0,SwiGLU:1,FFN_W2:0,FFN_W2:1,Add:-1",0.00032135900410246165,0.0003577856063842774,npu|decode|4|2ef4409498d14c672a4fbbfe6786cce6,4,sample_step,0.020566976262557546,0.022898278808593752,3.642660228181572e-05,1.1133517400066422,0.002331302546036206,1.1133517400066422
attn_on_pim_prefill-1024xdecode_256_ops_trace.csv,decode,4,191,5,PIM0,pim,7,"Q:0,K:0,V:0,QK:0,Softmax:0,SV:0,O:0",3.482469726545645e-05,3.101e-05,pim|decode|4|61397802f1888ea563dd9b1ea38edd23,4,sample_step,0.002228780624989213,0.00198464,-3.8146972654564472e-06,0.890460002096261,-0.00024414062498921262,0.890460002096261
attn_on_pim_prefill-1024xdecode_256_ops_trace.csv,decode,4,191,5,PIM1,pim,7,"Q:1,K:1,V:1,QK:1,Softmax:1,SV:1,O:1",3.482469726545645e-05,3.101e-05,pim|decode|4|9c4e6c099d863efd94751a80c7e404c5,4,sample_step,0.002228780624989213,0.00198464,-3.8146972654564472e-06,0.890460002096261,-0.00024414062498921262,0.890460002096261
attn_on_pim_prefill-1024xdecode_256_ops_trace.csv,decode,4,191,6,GPU0,npu,12,"LN:-1,Add:-1,LN:-1,FFN_W1:0,FFN_W3:0,FFN_W1:1,FFN_W3:1,SwiGLU:0,SwiGLU:1,FFN_W2:0,FFN_W2:1,Add:-1",0.00032135900410246165,0.0003577856063842774,npu|decode|4|2ef4409498d14c672a4fbbfe6786cce6,4,sample_step,0.020566976262557546,0.022898278808593752,3.642660228181572e-05,1.1133517400066422,0.002331302546036206,1.1133517400066422
attn_on_pim_prefill-1024xdecode_256_ops_trace.csv,decode,4,191,6,PIM0,pim,7,"Q:0,K:0,V:0,QK:0,Softmax:0,SV:0,O:0",3.482469726545645e-05,3.101e-05,pim|decode|4|61397802f1888ea563dd9b1ea38edd23,4,sample_step,0.002228780624989213,0.00198464,-3.8146972654564472e-06,0.890460002096261,-0.00024414062498921262,0.890460002096261
attn_on_pim_prefill-1024xdecode_256_ops_trace.csv,decode,4,191,6,PIM1,pim,7,"Q:1,K:1,V:1,QK:1,Softmax:1,SV:1,O:1",3.482469726545645e-05,3.101e-05,pim|decode|4|9c4e6c099d863efd94751a80c7e404c5,4,sample_step,0.002228780624989213,0.00198464,-3.8146972654564472e-06,0.890460002096261,-0.00024414062498921262,0.890460002096261
attn_on_pim_prefill-1024xdecode_256_ops_trace.csv,decode,4,191,7,GPU0,npu,12,"LN:-1,Add:-1,LN:-1,FFN_W1:0,FFN_W3:0,FFN_W1:1,FFN_W3:1,SwiGLU:0,SwiGLU:1,FFN_W2:0,FFN_W2:1,Add:-1",0.00032135900410246165,0.0003577856063842774,npu|decode|4|2ef4409498d14c672a4fbbfe6786cce6,4,sample_step,0.020566976262557546,0.022898278808593752,3.642660228181572e-05,1.1133517400066422,0.002331302546036206,1.1133517400066422
attn_on_pim_prefill-1024xdecode_256_ops_trace.csv,decode,4,191,7,PIM0,pim,7,"Q:0,K:0,V:0,QK:0,Softmax:0,SV:0,O:0",3.482469726545645e-05,3.101e-05,pim|decode|4|61397802f1888ea563dd9b1ea38edd23,4,sample_step,0.002228780624989213,0.00198464,-3.8146972654564472e-06,0.890460002096261,-0.00024414062498921262,0.890460002096261
attn_on_pim_prefill-1024xdecode_256_ops_trace.csv,decode,4,191,7,PIM1,pim,7,"Q:1,K:1,V:1,QK:1,Softmax:1,SV:1,O:1",3.482469726545645e-05,3.101e-05,pim|decode|4|9c4e6c099d863efd94751a80c7e404c5,4,sample_step,0.002228780624989213,0.00198464,-3.8146972654564472e-06,0.890460002096261,-0.00024414062498921262,0.890460002096261
attn_on_pim_prefill-1024xdecode_256_ops_trace.csv,decode,4,191,8,GPU0,npu,12,"LN:-1,Add:-1,LN:-1,FFN_W1:0,FFN_W3:0,FFN_W1:1,FFN_W3:1,SwiGLU:0,SwiGLU:1,FFN_W2:0,FFN_W2:1,Add:-1",0.00032135900410246165,0.0003577856063842774,npu|decode|4|2ef4409498d14c672a4fbbfe6786cce6,4,sample_step,0.020566976262557546,0.022898278808593752,3.642660228181572e-05,1.1133517400066422,0.002331302546036206,1.1133517400066422
attn_on_pim_prefill-1024xdecode_256_ops_trace.csv,decode,4,191,8,PIM0,pim,7,"Q:0,K:0,V:0,QK:0,Softmax:0,SV:0,O:0",3.482469726545645e-05,3.101e-05,pim|decode|4|61397802f1888ea563dd9b1ea38edd23,4,sample_step,0.002228780624989213,0.00198464,-3.8146972654564472e-06,0.890460002096261,-0.00024414062498921262,0.890460002096261
attn_on_pim_prefill-1024xdecode_256_ops_trace.csv,decode,4,191,8,PIM1,pim,7,"Q:1,K:1,V:1,QK:1,Softmax:1,SV:1,O:1",3.482469726545645e-05,3.101e-05,pim|decode|4|9c4e6c099d863efd94751a80c7e404c5,4,sample_step,0.002228780624989213,0.00198464,-3.8146972654564472e-06,0.890460002096261,-0.00024414062498921262,0.890460002096261
attn_on_pim_prefill-1024xdecode_256_ops_trace.csv,decode,4,191,9,GPU0,npu,12,"LN:-1,Add:-1,LN:-1,FFN_W1:0,FFN_W3:0,FFN_W1:1,FFN_W3:1,SwiGLU:0,SwiGLU:1,FFN_W2:0,FFN_W2:1,Add:-1",0.00032135900410246165,0.0003577856063842774,npu|decode|4|2ef4409498d14c672a4fbbfe6786cce6,4,sample_step,0.020566976262557546,0.022898278808593752,3.642660228181572e-05,1.1133517400066422,0.002331302546036206,1.1133517400066422
attn_on_pim_prefill-1024xdecode_256_ops_trace.csv,decode,4,191,9,PIM0,pim,7,"Q:0,K:0,V:0,QK:0,Softmax:0,SV:0,O:0",3.482469726545645e-05,3.101e-05,pim|decode|4|61397802f1888ea563dd9b1ea38edd23,4,sample_step,0.002228780624989213,0.00198464,-3.8146972654564472e-06,0.890460002096261,-0.00024414062498921262,0.890460002096261
attn_on_pim_prefill-1024xdecode_256_ops_trace.csv,decode,4,191,9,PIM1,pim,7,"Q:1,K:1,V:1,QK:1,Softmax:1,SV:1,O:1",3.482469726545645e-05,3.101e-05,pim|decode|4|9c4e6c099d863efd94751a80c7e404c5,4,sample_step,0.002228780624989213,0.00198464,-3.8146972654564472e-06,0.890460002096261,-0.00024414062498921262,0.890460002096261
attn_on_pim_prefill-1024xdecode_256_ops_trace.csv,decode,4,191,10,GPU0,npu,12,"LN:-1,Add:-1,LN:-1,FFN_W1:0,FFN_W3:0,FFN_W1:1,FFN_W3:1,SwiGLU:0,SwiGLU:1,FFN_W2:0,FFN_W2:1,Add:-1",0.00032135900410246165,0.0003577856063842774,npu|decode|4|2ef4409498d14c672a4fbbfe6786cce6,4,sample_step,0.020566976262557546,0.022898278808593752,3.642660228181572e-05,1.1133517400066422,0.002331302546036206,1.1133517400066422
attn_on_pim_prefill-1024xdecode_256_ops_trace.csv,decode,4,191,10,PIM0,pim,7,"Q:0,K:0,V:0,QK:0,Softmax:0,SV:0,O:0",3.482469726545645e-05,3.101e-05,pim|decode|4|61397802f1888ea563dd9b1ea38edd23,4,sample_step,0.002228780624989213,0.00198464,-3.8146972654564472e-06,0.890460002096261,-0.00024414062498921262,0.890460002096261
attn_on_pim_prefill-1024xdecode_256_ops_trace.csv,decode,4,191,10,PIM1,pim,7,"Q:1,K:1,V:1,QK:1,Softmax:1,SV:1,O:1",3.482469726545645e-05,3.101e-05,pim|decode|4|9c4e6c099d863efd94751a80c7e404c5,4,sample_step,0.002228780624989213,0.00198464,-3.8146972654564472e-06,0.890460002096261,-0.00024414062498921262,0.890460002096261
attn_on_pim_prefill-1024xdecode_256_ops_trace.csv,decode,4,191,11,GPU0,npu,12,"LN:-1,Add:-1,LN:-1,FFN_W1:0,FFN_W3:0,FFN_W1:1,FFN_W3:1,SwiGLU:0,SwiGLU:1,FFN_W2:0,FFN_W2:1,Add:-1",0.00032135900410246165,0.0003577856063842774,npu|decode|4|2ef4409498d14c672a4fbbfe6786cce6,4,sample_step,0.020566976262557546,0.022898278808593752,3.642660228181572e-05,1.1133517400066422,0.002331302546036206,1.1133517400066422
attn_on_pim_prefill-1024xdecode_256_ops_trace.csv,decode,4,191,11,PIM0,pim,7,"Q:0,K:0,V:0,QK:0,Softmax:0,SV:0,O:0",3.482469726545645e-05,3.101e-05,pim|decode|4|61397802f1888ea563dd9b1ea38edd23,4,sample_step,0.002228780624989213,0.00198464,-3.8146972654564472e-06,0.890460002096261,-0.00024414062498921262,0.890460002096261
attn_on_pim_prefill-1024xdecode_256_ops_trace.csv,decode,4,191,11,PIM1,pim,7,"Q:1,K:1,V:1,QK:1,Softmax:1,SV:1,O:1",3.482469726545645e-05,3.101e-05,pim|decode|4|9c4e6c099d863efd94751a80c7e404c5,4,sample_step,0.002228780624989213,0.00198464,-3.8146972654564472e-06,0.890460002096261,-0.00024414062498921262,0.890460002096261
attn_on_pim_prefill-1024xdecode_256_ops_trace.csv,decode,4,191,12,GPU0,npu,12,"LN:-1,Add:-1,LN:-1,FFN_W1:0,FFN_W3:0,FFN_W1:1,FFN_W3:1,SwiGLU:0,SwiGLU:1,FFN_W2:0,FFN_W2:1,Add:-1",0.00032135900410246165,0.0003577856063842774,npu|decode|4|2ef4409498d14c672a4fbbfe6786cce6,4,sample_step,0.020566976262557546,0.022898278808593752,3.642660228181572e-05,1.1133517400066422,0.002331302546036206,1.1133517400066422
attn_on_pim_prefill-1024xdecode_256_ops_trace.csv,decode,4,191,12,PIM0,pim,7,"Q:0,K:0,V:0,QK:0,Softmax:0,SV:0,O:0",3.482469726545645e-05,3.101e-05,pim|decode|4|61397802f1888ea563dd9b1ea38edd23,4,sample_step,0.002228780624989213,0.00198464,-3.8146972654564472e-06,0.890460002096261,-0.00024414062498921262,0.890460002096261
attn_on_pim_prefill-1024xdecode_256_ops_trace.csv,decode,4,191,12,PIM1,pim,7,"Q:1,K:1,V:1,QK:1,Softmax:1,SV:1,O:1",3.482469726545645e-05,3.101e-05,pim|decode|4|9c4e6c099d863efd94751a80c7e404c5,4,sample_step,0.002228780624989213,0.00198464,-3.8146972654564472e-06,0.890460002096261,-0.00024414062498921262,0.890460002096261
attn_on_pim_prefill-1024xdecode_256_ops_trace.csv,decode,4,191,13,GPU0,npu,12,"LN:-1,Add:-1,LN:-1,FFN_W1:0,FFN_W3:0,FFN_W1:1,FFN_W3:1,SwiGLU:0,SwiGLU:1,FFN_W2:0,FFN_W2:1,Add:-1",0.00032135900410246165,0.0003577856063842774,npu|decode|4|2ef4409498d14c672a4fbbfe6786cce6,4,sample_step,0.020566976262557546,0.022898278808593752,3.642660228181572e-05,1.1133517400066422,0.002331302546036206,1.1133517400066422
attn_on_pim_prefill-1024xdecode_256_ops_trace.csv,decode,4,191,13,PIM0,pim,7,"Q:0,K:0,V:0,QK:0,Softmax:0,SV:0,O:0",3.482469726545645e-05,3.101e-05,pim|decode|4|61397802f1888ea563dd9b1ea38edd23,4,sample_step,0.002228780624989213,0.00198464,-3.8146972654564472e-06,0.890460002096261,-0.00024414062498921262,0.890460002096261
attn_on_pim_prefill-1024xdecode_256_ops_trace.csv,decode,4,191,13,PIM1,pim,7,"Q:1,K:1,V:1,QK:1,Softmax:1,SV:1,O:1",3.482469726545645e-05,3.101e-05,pim|decode|4|9c4e6c099d863efd94751a80c7e404c5,4,sample_step,0.002228780624989213,0.00198464,-3.8146972654564472e-06,0.890460002096261,-0.00024414062498921262,0.890460002096261
attn_on_pim_prefill-1024xdecode_256_ops_trace.csv,decode,4,191,14,GPU0,npu,12,"LN:-1,Add:-1,LN:-1,FFN_W1:0,FFN_W3:0,FFN_W1:1,FFN_W3:1,SwiGLU:0,SwiGLU:1,FFN_W2:0,FFN_W2:1,Add:-1",0.00032135900410246165,0.0003577856063842774,npu|decode|4|2ef4409498d14c672a4fbbfe6786cce6,4,sample_step,0.020566976262557546,0.022898278808593752,3.642660228181572e-05,1.1133517400066422,0.002331302546036206,1.1133517400066422
attn_on_pim_prefill-1024xdecode_256_ops_trace.csv,decode,4,191,14,PIM0,pim,7,"Q:0,K:0,V:0,QK:0,Softmax:0,SV:0,O:0",3.482469726545645e-05,3.101e-05,pim|decode|4|61397802f1888ea563dd9b1ea38edd23,4,sample_step,0.002228780624989213,0.00198464,-3.8146972654564472e-06,0.890460002096261,-0.00024414062498921262,0.890460002096261
attn_on_pim_prefill-1024xdecode_256_ops_trace.csv,decode,4,191,14,PIM1,pim,7,"Q:1,K:1,V:1,QK:1,Softmax:1,SV:1,O:1",3.482469726545645e-05,3.101e-05,pim|decode|4|9c4e6c099d863efd94751a80c7e404c5,4,sample_step,0.002228780624989213,0.00198464,-3.8146972654564472e-06,0.890460002096261,-0.00024414062498921262,0.890460002096261
attn_on_pim_prefill-1024xdecode_256_ops_trace.csv,decode,4,191,15,GPU0,npu,12,"LN:-1,Add:-1,LN:-1,FFN_W1:0,FFN_W3:0,FFN_W1:1,FFN_W3:1,SwiGLU:0,SwiGLU:1,FFN_W2:0,FFN_W2:1,Add:-1",0.00032135900410246165,0.0003577856063842774,npu|decode|4|2ef4409498d14c672a4fbbfe6786cce6,4,sample_step,0.020566976262557546,0.022898278808593752,3.642660228181572e-05,1.1133517400066422,0.002331302546036206,1.1133517400066422
attn_on_pim_prefill-1024xdecode_256_ops_trace.csv,decode,4,191,15,PIM0,pim,7,"Q:0,K:0,V:0,QK:0,Softmax:0,SV:0,O:0",3.482469726545645e-05,3.101e-05,pim|decode|4|61397802f1888ea563dd9b1ea38edd23,4,sample_step,0.002228780624989213,0.00198464,-3.8146972654564472e-06,0.890460002096261,-0.00024414062498921262,0.890460002096261
attn_on_pim_prefill-1024xdecode_256_ops_trace.csv,decode,4,191,15,PIM1,pim,7,"Q:1,K:1,V:1,QK:1,Softmax:1,SV:1,O:1",3.482469726545645e-05,3.101e-05,pim|decode|4|9c4e6c099d863efd94751a80c7e404c5,4,sample_step,0.002228780624989213,0.00198464,-3.8146972654564472e-06,0.890460002096261,-0.00024414062498921262,0.890460002096261
attn_on_pim_prefill-1024xdecode_256_ops_trace.csv,decode,4,191,16,GPU0,npu,12,"LN:-1,Add:-1,LN:-1,FFN_W1:0,FFN_W3:0,FFN_W1:1,FFN_W3:1,SwiGLU:0,SwiGLU:1,FFN_W2:0,FFN_W2:1,Add:-1",0.00032135900410246165,0.0003577856063842774,npu|decode|4|2ef4409498d14c672a4fbbfe6786cce6,4,sample_step,0.020566976262557546,0.022898278808593752,3.642660228181572e-05,1.1133517400066422,0.002331302546036206,1.1133517400066422
attn_on_pim_prefill-1024xdecode_256_ops_trace.csv,decode,4,191,16,PIM0,pim,7,"Q:0,K:0,V:0,QK:0,Softmax:0,SV:0,O:0",3.482469726545645e-05,3.101e-05,pim|decode|4|61397802f1888ea563dd9b1ea38edd23,4,sample_step,0.002228780624989213,0.00198464,-3.8146972654564472e-06,0.890460002096261,-0.00024414062498921262,0.890460002096261
attn_on_pim_prefill-1024xdecode_256_ops_trace.csv,decode,4,191,16,PIM1,pim,7,"Q:1,K:1,V:1,QK:1,Softmax:1,SV:1,O:1",3.482469726545645e-05,3.101e-05,pim|decode|4|9c4e6c099d863efd94751a80c7e404c5,4,sample_step,0.002228780624989213,0.00198464,-3.8146972654564472e-06,0.890460002096261,-0.00024414062498921262,0.890460002096261
attn_on_pim_prefill-1024xdecode_256_ops_trace.csv,decode,4,191,17,GPU0,npu,12,"LN:-1,Add:-1,LN:-1,FFN_W1:0,FFN_W3:0,FFN_W1:1,FFN_W3:1,SwiGLU:0,SwiGLU:1,FFN_W2:0,FFN_W2:1,Add:-1",0.00032135900410246165,0.0003577856063842774,npu|decode|4|2ef4409498d14c672a4fbbfe6786cce6,4,sample_step,0.020566976262557546,0.022898278808593752,3.642660228181572e-05,1.1133517400066422,0.002331302546036206,1.1133517400066422
attn_on_pim_prefill-1024xdecode_256_ops_trace.csv,decode,4,191,17,PIM0,pim,7,"Q:0,K:0,V:0,QK:0,Softmax:0,SV:0,O:0",3.482469726545645e-05,3.101e-05,pim|decode|4|61397802f1888ea563dd9b1ea38edd23,4,sample_step,0.002228780624989213,0.00198464,-3.8146972654564472e-06,0.890460002096261,-0.00024414062498921262,0.890460002096261
attn_on_pim_prefill-1024xdecode_256_ops_trace.csv,decode,4,191,17,PIM1,pim,7,"Q:1,K:1,V:1,QK:1,Softmax:1,SV:1,O:1",3.482469726545645e-05,3.101e-05,pim|decode|4|9c4e6c099d863efd94751a80c7e404c5,4,sample_step,0.002228780624989213,0.00198464,-3.8146972654564472e-06,0.890460002096261,-0.00024414062498921262,0.890460002096261
attn_on_pim_prefill-1024xdecode_256_ops_trace.csv,decode,4,191,18,GPU0,npu,12,"LN:-1,Add:-1,LN:-1,FFN_W1:0,FFN_W3:0,FFN_W1:1,FFN_W3:1,SwiGLU:0,SwiGLU:1,FFN_W2:0,FFN_W2:1,Add:-1",0.00032135900410246165,0.0003577856063842774,npu|decode|4|2ef4409498d14c672a4fbbfe6786cce6,4,sample_step,0.020566976262557546,0.022898278808593752,3.642660228181572e-05,1.1133517400066422,0.002331302546036206,1.1133517400066422
attn_on_pim_prefill-1024xdecode_256_ops_trace.csv,decode,4,191,18,PIM0,pim,7,"Q:0,K:0,V:0,QK:0,Softmax:0,SV:0,O:0",3.482469726545645e-05,3.101e-05,pim|decode|4|61397802f1888ea563dd9b1ea38edd23,4,sample_step,0.002228780624989213,0.00198464,-3.8146972654564472e-06,0.890460002096261,-0.00024414062498921262,0.890460002096261
attn_on_pim_prefill-1024xdecode_256_ops_trace.csv,decode,4,191,18,PIM1,pim,7,"Q:1,K:1,V:1,QK:1,Softmax:1,SV:1,O:1",3.482469726545645e-05,3.101e-05,pim|decode|4|9c4e6c099d863efd94751a80c7e404c5,4,sample_step,0.002228780624989213,0.00198464,-3.8146972654564472e-06,0.890460002096261,-0.00024414062498921262,0.890460002096261
attn_on_pim_prefill-1024xdecode_256_ops_trace.csv,decode,4,191,19,GPU0,npu,12,"LN:-1,Add:-1,LN:-1,FFN_W1:0,FFN_W3:0,FFN_W1:1,FFN_W3:1,SwiGLU:0,SwiGLU:1,FFN_W2:0,FFN_W2:1,Add:-1",0.00032135900410246165,0.0003577856063842774,npu|decode|4|2ef4409498d14c672a4fbbfe6786cce6,4,sample_step,0.020566976262557546,0.022898278808593752,3.642660228181572e-05,1.1133517400066422,0.002331302546036206,1.1133517400066422
attn_on_pim_prefill-1024xdecode_256_ops_trace.csv,decode,4,191,19,PIM0,pim,7,"Q:0,K:0,V:0,QK:0,Softmax:0,SV:0,O:0",3.482469726545645e-05,3.101e-05,pim|decode|4|61397802f1888ea563dd9b1ea38edd23,4,sample_step,0.002228780624989213,0.00198464,-3.8146972654564472e-06,0.890460002096261,-0.00024414062498921262,0.890460002096261
attn_on_pim_prefill-1024xdecode_256_ops_trace.csv,decode,4,191,19,PIM1,pim,7,"Q:1,K:1,V:1,QK:1,Softmax:1,SV:1,O:1",3.482469726545645e-05,3.101e-05,pim|decode|4|9c4e6c099d863efd94751a80c7e404c5,4,sample_step,0.002228780624989213,0.00198464,-3.8146972654564472e-06,0.890460002096261,-0.00024414062498921262,0.890460002096261
attn_on_pim_prefill-1024xdecode_256_ops_trace.csv,decode,4,191,20,GPU0,npu,12,"LN:-1,Add:-1,LN:-1,FFN_W1:0,FFN_W3:0,FFN_W1:1,FFN_W3:1,SwiGLU:0,SwiGLU:1,FFN_W2:0,FFN_W2:1,Add:-1",0.00032135900410246165,0.0003577856063842774,npu|decode|4|2ef4409498d14c672a4fbbfe6786cce6,4,sample_step,0.020566976262557546,0.022898278808593752,3.642660228181572e-05,1.1133517400066422,0.002331302546036206,1.1133517400066422
attn_on_pim_prefill-1024xdecode_256_ops_trace.csv,decode,4,191,20,PIM0,pim,7,"Q:0,K:0,V:0,QK:0,Softmax:0,SV:0,O:0",3.482469726545645e-05,3.101e-05,pim|decode|4|61397802f1888ea563dd9b1ea38edd23,4,sample_step,0.002228780624989213,0.00198464,-3.8146972654564472e-06,0.890460002096261,-0.00024414062498921262,0.890460002096261
attn_on_pim_prefill-1024xdecode_256_ops_trace.csv,decode,4,191,20,PIM1,pim,7,"Q:1,K:1,V:1,QK:1,Softmax:1,SV:1,O:1",3.482469726545645e-05,3.101e-05,pim|decode|4|9c4e6c099d863efd94751a80c7e404c5,4,sample_step,0.002228780624989213,0.00198464,-3.8146972654564472e-06,0.890460002096261,-0.00024414062498921262,0.890460002096261
attn_on_pim_prefill-1024xdecode_256_ops_trace.csv,decode,4,191,21,GPU0,npu,12,"LN:-1,Add:-1,LN:-1,FFN_W1:0,FFN_W3:0,FFN_W1:1,FFN_W3:1,SwiGLU:0,SwiGLU:1,FFN_W2:0,FFN_W2:1,Add:-1",0.00032135900410246165,0.0003577856063842774,npu|decode|4|2ef4409498d14c672a4fbbfe6786cce6,4,sample_step,0.020566976262557546,0.022898278808593752,3.642660228181572e-05,1.1133517400066422,0.002331302546036206,1.1133517400066422
attn_on_pim_prefill-1024xdecode_256_ops_trace.csv,decode,4,191,21,PIM0,pim,7,"Q:0,K:0,V:0,QK:0,Softmax:0,SV:0,O:0",3.482469726545645e-05,3.101e-05,pim|decode|4|61397802f1888ea563dd9b1ea38edd23,4,sample_step,0.002228780624989213,0.00198464,-3.8146972654564472e-06,0.890460002096261,-0.00024414062498921262,0.890460002096261
attn_on_pim_prefill-1024xdecode_256_ops_trace.csv,decode,4,191,21,PIM1,pim,7,"Q:1,K:1,V:1,QK:1,Softmax:1,SV:1,O:1",3.482469726545645e-05,3.101e-05,pim|decode|4|9c4e6c099d863efd94751a80c7e404c5,4,sample_step,0.002228780624989213,0.00198464,-3.8146972654564472e-06,0.890460002096261,-0.00024414062498921262,0.890460002096261
attn_on_pim_prefill-1024xdecode_256_ops_trace.csv,decode,4,191,22,GPU0,npu,12,"LN:-1,Add:-1,LN:-1,FFN_W1:0,FFN_W3:0,FFN_W1:1,FFN_W3:1,SwiGLU:0,SwiGLU:1,FFN_W2:0,FFN_W2:1,Add:-1",0.00032135900410246165,0.0003577856063842774,npu|decode|4|2ef4409498d14c672a4fbbfe6786cce6,4,sample_step,0.020566976262557546,0.022898278808593752,3.642660228181572e-05,1.1133517400066422,0.002331302546036206,1.1133517400066422
attn_on_pim_prefill-1024xdecode_256_ops_trace.csv,decode,4,191,22,PIM0,pim,7,"Q:0,K:0,V:0,QK:0,Softmax:0,SV:0,O:0",3.482469726545645e-05,3.101e-05,pim|decode|4|61397802f1888ea563dd9b1ea38edd23,4,sample_step,0.002228780624989213,0.00198464,-3.8146972654564472e-06,0.890460002096261,-0.00024414062498921262,0.890460002096261
attn_on_pim_prefill-1024xdecode_256_ops_trace.csv,decode,4,191,22,PIM1,pim,7,"Q:1,K:1,V:1,QK:1,Softmax:1,SV:1,O:1",3.482469726545645e-05,3.101e-05,pim|decode|4|9c4e6c099d863efd94751a80c7e404c5,4,sample_step,0.002228780624989213,0.00198464,-3.8146972654564472e-06,0.890460002096261,-0.00024414062498921262,0.890460002096261
attn_on_pim_prefill-1024xdecode_256_ops_trace.csv,decode,4,191,23,GPU0,npu,12,"LN:-1,Add:-1,LN:-1,FFN_W1:0,FFN_W3:0,FFN_W1:1,FFN_W3:1,SwiGLU:0,SwiGLU:1,FFN_W2:0,FFN_W2:1,Add:-1",0.00032135900410246165,0.0003577856063842774,npu|decode|4|2ef4409498d14c672a4fbbfe6786cce6,4,sample_step,0.020566976262557546,0.022898278808593752,3.642660228181572e-05,1.1133517400066422,0.002331302546036206,1.1133517400066422
attn_on_pim_prefill-1024xdecode_256_ops_trace.csv,decode,4,191,23,PIM0,pim,7,"Q:0,K:0,V:0,QK:0,Softmax:0,SV:0,O:0",3.482469726545645e-05,3.101e-05,pim|decode|4|61397802f1888ea563dd9b1ea38edd23,4,sample_step,0.002228780624989213,0.00198464,-3.8146972654564472e-06,0.890460002096261,-0.00024414062498921262,0.890460002096261
attn_on_pim_prefill-1024xdecode_256_ops_trace.csv,decode,4,191,23,PIM1,pim,7,"Q:1,K:1,V:1,QK:1,Softmax:1,SV:1,O:1",3.482469726545645e-05,3.101e-05,pim|decode|4|9c4e6c099d863efd94751a80c7e404c5,4,sample_step,0.002228780624989213,0.00198464,-3.8146972654564472e-06,0.890460002096261,-0.00024414062498921262,0.890460002096261
attn_on_pim_prefill-1024xdecode_256_ops_trace.csv,decode,4,191,24,GPU0,npu,12,"LN:-1,Add:-1,LN:-1,FFN_W1:0,FFN_W3:0,FFN_W1:1,FFN_W3:1,SwiGLU:0,SwiGLU:1,FFN_W2:0,FFN_W2:1,Add:-1",0.00032135900410246165,0.0003577856063842774,npu|decode|4|2ef4409498d14c672a4fbbfe6786cce6,4,sample_step,0.020566976262557546,0.022898278808593752,3.642660228181572e-05,1.1133517400066422,0.002331302546036206,1.1133517400066422
attn_on_pim_prefill-1024xdecode_256_ops_trace.csv,decode,4,191,24,PIM0,pim,7,"Q:0,K:0,V:0,QK:0,Softmax:0,SV:0,O:0",3.482469726545645e-05,3.101e-05,pim|decode|4|61397802f1888ea563dd9b1ea38edd23,4,sample_step,0.002228780624989213,0.00198464,-3.8146972654564472e-06,0.890460002096261,-0.00024414062498921262,0.890460002096261
attn_on_pim_prefill-1024xdecode_256_ops_trace.csv,decode,4,191,24,PIM1,pim,7,"Q:1,K:1,V:1,QK:1,Softmax:1,SV:1,O:1",3.482469726545645e-05,3.101e-05,pim|decode|4|9c4e6c099d863efd94751a80c7e404c5,4,sample_step,0.002228780624989213,0.00198464,-3.8146972654564472e-06,0.890460002096261,-0.00024414062498921262,0.890460002096261
attn_on_pim_prefill-1024xdecode_256_ops_trace.csv,decode,4,191,25,GPU0,npu,12,"LN:-1,Add:-1,LN:-1,FFN_W1:0,FFN_W3:0,FFN_W1:1,FFN_W3:1,SwiGLU:0,SwiGLU:1,FFN_W2:0,FFN_W2:1,Add:-1",0.00032135900410246165,0.0003577856063842774,npu|decode|4|2ef4409498d14c672a4fbbfe6786cce6,4,sample_step,0.020566976262557546,0.022898278808593752,3.642660228181572e-05,1.1133517400066422,0.002331302546036206,1.1133517400066422
attn_on_pim_prefill-1024xdecode_256_ops_trace.csv,decode,4,191,25,PIM0,pim,7,"Q:0,K:0,V:0,QK:0,Softmax:0,SV:0,O:0",3.482469726545645e-05,3.101e-05,pim|decode|4|61397802f1888ea563dd9b1ea38edd23,4,sample_step,0.002228780624989213,0.00198464,-3.8146972654564472e-06,0.890460002096261,-0.00024414062498921262,0.890460002096261
attn_on_pim_prefill-1024xdecode_256_ops_trace.csv,decode,4,191,25,PIM1,pim,7,"Q:1,K:1,V:1,QK:1,Softmax:1,SV:1,O:1",3.482469726545645e-05,3.101e-05,pim|decode|4|9c4e6c099d863efd94751a80c7e404c5,4,sample_step,0.002228780624989213,0.00198464,-3.8146972654564472e-06,0.890460002096261,-0.00024414062498921262,0.890460002096261
attn_on_pim_prefill-1024xdecode_256_ops_trace.csv,decode,4,191,26,GPU0,npu,12,"LN:-1,Add:-1,LN:-1,FFN_W1:0,FFN_W3:0,FFN_W1:1,FFN_W3:1,SwiGLU:0,SwiGLU:1,FFN_W2:0,FFN_W2:1,Add:-1",0.00032135900410246165,0.0003577856063842774,npu|decode|4|2ef4409498d14c672a4fbbfe6786cce6,4,sample_step,0.020566976262557546,0.022898278808593752,3.642660228181572e-05,1.1133517400066422,0.002331302546036206,1.1133517400066422
attn_on_pim_prefill-1024xdecode_256_ops_trace.csv,decode,4,191,26,PIM0,pim,7,"Q:0,K:0,V:0,QK:0,Softmax:0,SV:0,O:0",3.482469726545645e-05,3.101e-05,pim|decode|4|61397802f1888ea563dd9b1ea38edd23,4,sample_step,0.002228780624989213,0.00198464,-3.8146972654564472e-06,0.890460002096261,-0.00024414062498921262,0.890460002096261
attn_on_pim_prefill-1024xdecode_256_ops_trace.csv,decode,4,191,26,PIM1,pim,7,"Q:1,K:1,V:1,QK:1,Softmax:1,SV:1,O:1",3.482469726545645e-05,3.101e-05,pim|decode|4|9c4e6c099d863efd94751a80c7e404c5,4,sample_step,0.002228780624989213,0.00198464,-3.8146972654564472e-06,0.890460002096261,-0.00024414062498921262,0.890460002096261
attn_on_pim_prefill-1024xdecode_256_ops_trace.csv,decode,4,191,27,GPU0,npu,12,"LN:-1,Add:-1,LN:-1,FFN_W1:0,FFN_W3:0,FFN_W1:1,FFN_W3:1,SwiGLU:0,SwiGLU:1,FFN_W2:0,FFN_W2:1,Add:-1",0.00032135900410246165,0.0003577856063842774,npu|decode|4|2ef4409498d14c672a4fbbfe6786cce6,4,sample_step,0.020566976262557546,0.022898278808593752,3.642660228181572e-05,1.1133517400066422,0.002331302546036206,1.1133517400066422
attn_on_pim_prefill-1024xdecode_256_ops_trace.csv,decode,4,191,27,PIM0,pim,7,"Q:0,K:0,V:0,QK:0,Softmax:0,SV:0,O:0",3.482469726545645e-05,3.101e-05,pim|decode|4|61397802f1888ea563dd9b1ea38edd23,4,sample_step,0.002228780624989213,0.00198464,-3.8146972654564472e-06,0.890460002096261,-0.00024414062498921262,0.890460002096261
attn_on_pim_prefill-1024xdecode_256_ops_trace.csv,decode,4,191,27,PIM1,pim,7,"Q:1,K:1,V:1,QK:1,Softmax:1,SV:1,O:1",3.482469726545645e-05,3.101e-05,pim|decode|4|9c4e6c099d863efd94751a80c7e404c5,4,sample_step,0.002228780624989213,0.00198464,-3.8146972654564472e-06,0.890460002096261,-0.00024414062498921262,0.890460002096261
attn_on_pim_prefill-1024xdecode_256_ops_trace.csv,decode,4,191,28,GPU0,npu,12,"LN:-1,Add:-1,LN:-1,FFN_W1:0,FFN_W3:0,FFN_W1:1,FFN_W3:1,SwiGLU:0,SwiGLU:1,FFN_W2:0,FFN_W2:1,Add:-1",0.00032135900410246165,0.0003577856063842774,npu|decode|4|2ef4409498d14c672a4fbbfe6786cce6,4,sample_step,0.020566976262557546,0.022898278808593752,3.642660228181572e-05,1.1133517400066422,0.002331302546036206,1.1133517400066422
attn_on_pim_prefill-1024xdecode_256_ops_trace.csv,decode,4,191,28,PIM0,pim,7,"Q:0,K:0,V:0,QK:0,Softmax:0,SV:0,O:0",3.482469726545645e-05,3.101e-05,pim|decode|4|61397802f1888ea563dd9b1ea38edd23,4,sample_step,0.002228780624989213,0.00198464,-3.8146972654564472e-06,0.890460002096261,-0.00024414062498921262,0.890460002096261
attn_on_pim_prefill-1024xdecode_256_ops_trace.csv,decode,4,191,28,PIM1,pim,7,"Q:1,K:1,V:1,QK:1,Softmax:1,SV:1,O:1",3.482469726545645e-05,3.101e-05,pim|decode|4|9c4e6c099d863efd94751a80c7e404c5,4,sample_step,0.002228780624989213,0.00198464,-3.8146972654564472e-06,0.890460002096261,-0.00024414062498921262,0.890460002096261
attn_on_pim_prefill-1024xdecode_256_ops_trace.csv,decode,4,191,29,GPU0,npu,12,"LN:-1,Add:-1,LN:-1,FFN_W1:0,FFN_W3:0,FFN_W1:1,FFN_W3:1,SwiGLU:0,SwiGLU:1,FFN_W2:0,FFN_W2:1,Add:-1",0.00032135900410246165,0.0003577856063842774,npu|decode|4|2ef4409498d14c672a4fbbfe6786cce6,4,sample_step,0.020566976262557546,0.022898278808593752,3.642660228181572e-05,1.1133517400066422,0.002331302546036206,1.1133517400066422
attn_on_pim_prefill-1024xdecode_256_ops_trace.csv,decode,4,191,29,PIM0,pim,7,"Q:0,K:0,V:0,QK:0,Softmax:0,SV:0,O:0",3.482469726545645e-05,3.101e-05,pim|decode|4|61397802f1888ea563dd9b1ea38edd23,4,sample_step,0.002228780624989213,0.00198464,-3.8146972654564472e-06,0.890460002096261,-0.00024414062498921262,0.890460002096261
attn_on_pim_prefill-1024xdecode_256_ops_trace.csv,decode,4,191,29,PIM1,pim,7,"Q:1,K:1,V:1,QK:1,Softmax:1,SV:1,O:1",3.482469726545645e-05,3.101e-05,pim|decode|4|9c4e6c099d863efd94751a80c7e404c5,4,sample_step,0.002228780624989213,0.00198464,-3.8146972654564472e-06,0.890460002096261,-0.00024414062498921262,0.890460002096261
attn_on_pim_prefill-1024xdecode_256_ops_trace.csv,decode,4,191,30,GPU0,npu,12,"LN:-1,Add:-1,LN:-1,FFN_W1:0,FFN_W3:0,FFN_W1:1,FFN_W3:1,SwiGLU:0,SwiGLU:1,FFN_W2:0,FFN_W2:1,Add:-1",0.00032135900410246165,0.0003577856063842774,npu|decode|4|2ef4409498d14c672a4fbbfe6786cce6,4,sample_step,0.020566976262557546,0.022898278808593752,3.642660228181572e-05,1.1133517400066422,0.002331302546036206,1.1133517400066422
attn_on_pim_prefill-1024xdecode_256_ops_trace.csv,decode,4,191,30,PIM0,pim,7,"Q:0,K:0,V:0,QK:0,Softmax:0,SV:0,O:0",3.482469726545645e-05,3.101e-05,pim|decode|4|61397802f1888ea563dd9b1ea38edd23,4,sample_step,0.002228780624989213,0.00198464,-3.8146972654564472e-06,0.890460002096261,-0.00024414062498921262,0.890460002096261
attn_on_pim_prefill-1024xdecode_256_ops_trace.csv,decode,4,191,30,PIM1,pim,7,"Q:1,K:1,V:1,QK:1,Softmax:1,SV:1,O:1",3.482469726545645e-05,3.101e-05,pim|decode|4|9c4e6c099d863efd94751a80c7e404c5,4,sample_step,0.002228780624989213,0.00198464,-3.8146972654564472e-06,0.890460002096261,-0.00024414062498921262,0.890460002096261
attn_on_pim_prefill-1024xdecode_256_ops_trace.csv,decode,4,191,31,GPU0,npu,12,"LN:-1,Add:-1,LN:-1,FFN_W1:0,FFN_W3:0,FFN_W1:1,FFN_W3:1,SwiGLU:0,SwiGLU:1,FFN_W2:0,FFN_W2:1,Add:-1",0.00032135900410246165,0.0003577856063842774,npu|decode|4|2ef4409498d14c672a4fbbfe6786cce6,4,sample_step,0.020566976262557546,0.022898278808593752,3.642660228181572e-05,1.1133517400066422,0.002331302546036206,1.1133517400066422
attn_on_pim_prefill-1024xdecode_256_ops_trace.csv,decode,4,191,31,PIM0,pim,7,"Q:0,K:0,V:0,QK:0,Softmax:0,SV:0,O:0",3.482469726545645e-05,3.101e-05,pim|decode|4|61397802f1888ea563dd9b1ea38edd23,4,sample_step,0.002228780624989213,0.00198464,-3.8146972654564472e-06,0.890460002096261,-0.00024414062498921262,0.890460002096261
attn_on_pim_prefill-1024xdecode_256_ops_trace.csv,decode,4,191,31,PIM1,pim,7,"Q:1,K:1,V:1,QK:1,Softmax:1,SV:1,O:1",3.482469726545645e-05,3.101e-05,pim|decode|4|9c4e6c099d863efd94751a80c7e404c5,4,sample_step,0.002228780624989213,0.00198464,-3.8146972654564472e-06,0.890460002096261,-0.00024414062498921262,0.890460002096261
