schedule,phase,sample_step,token_index,layer,device,device_type,n_ops,ops_repr,schedule_sum_s,measured_s,measured_key,measured_step,measured_mode,schedule_sum_scaled_s,measured_scaled_s,delta_s,ratio,delta_scaled_s,ratio_scaled
facil_prefill-1024xdecode_128_ops_trace.csv,prefill,-1,-1,0,GPU0,npu,26,"LN:-1,Q:0,K:0,V:0,Q:1,K:1,V:1,QK:0,QK:1,Softmax:0,Softmax:1,SV:0,SV:1,O:0,O:1,Add:-1,LN:-1,FFN_W1:0,FFN_W3:0,FFN_W1:1,FFN_W3:1,SwiGLU:0,SwiGLU:1,FFN_W2:0,FFN_W2:1,Add:-1",0.019596569351516456,0.004838707351684571,npu|prefill|-1|7f370cc7d97df3530a56c775d62964d4,-1,sample_step,0.019596569351516456,0.004838707351684571,-0.014757861999831885,0.24691604254242253,-0.014757861999831885,0.24691604254242253
facil_prefill-1024xdecode_128_ops_trace.csv,prefill,-1,-1,1,GPU0,npu,26,"LN:-1,Q:0,K:0,V:0,Q:1,K:1,V:1,QK:0,QK:1,Softmax:0,Softmax:1,SV:0,SV:1,O:0,O:1,Add:-1,LN:-1,FFN_W1:0,FFN_W3:0,FFN_W1:1,FFN_W3:1,SwiGLU:0,SwiGLU:1,FFN_W2:0,FFN_W2:1,Add:-1",0.019596569351516453,0.004838707351684571,npu|prefill|-1|7f370cc7d97df3530a56c775d62964d4,-1,sample_step,0.019596569351516453,0.004838707351684571,-0.014757861999831881,0.24691604254242255,-0.014757861999831881,0.24691604254242255
facil_prefill-1024xdecode_128_ops_trace.csv,prefill,-1,-1,2,GPU0,npu,26,"LN:-1,Q:0,K:0,V:0,Q:1,K:1,V:1,QK:0,QK:1,Softmax:0,Softmax:1,SV:0,SV:1,O:0,O:1,Add:-1,LN:-1,FFN_W1:0,FFN_W3:0,FFN_W1:1,FFN_W3:1,SwiGLU:0,SwiGLU:1,FFN_W2:0,FFN_W2:1,Add:-1",0.019596569351516466,0.004838707351684571,npu|prefill|-1|7f370cc7d97df3530a56c775d62964d4,-1,sample_step,0.019596569351516466,0.004838707351684571,-0.014757861999831895,0.2469160425424224,-0.014757861999831895,0.2469160425424224
facil_prefill-1024xdecode_128_ops_trace.csv,prefill,-1,-1,3,GPU0,npu,26,"LN:-1,Q:0,K:0,V:0,Q:1,K:1,V:1,QK:0,QK:1,Softmax:0,Softmax:1,SV:0,SV:1,O:0,O:1,Add:-1,LN:-1,FFN_W1:0,FFN_W3:0,FFN_W1:1,FFN_W3:1,SwiGLU:0,SwiGLU:1,FFN_W2:0,FFN_W2:1,Add:-1",0.019596569351516466,0.004838707351684571,npu|prefill|-1|7f370cc7d97df3530a56c775d62964d4,-1,sample_step,0.019596569351516466,0.004838707351684571,-0.014757861999831895,0.2469160425424224,-0.014757861999831895,0.2469160425424224
facil_prefill-1024xdecode_128_ops_trace.csv,prefill,-1,-1,4,GPU0,npu,26,"LN:-1,Q:0,K:0,V:0,Q:1,K:1,V:1,QK:0,QK:1,Softmax:0,Softmax:1,SV:0,SV:1,O:0,O:1,Add:-1,LN:-1,FFN_W1:0,FFN_W3:0,FFN_W1:1,FFN_W3:1,SwiGLU:0,SwiGLU:1,FFN_W2:0,FFN_W2:1,Add:-1",0.019596569351516466,0.004838707351684571,npu|prefill|-1|7f370cc7d97df3530a56c775d62964d4,-1,sample_step,0.019596569351516466,0.004838707351684571,-0.014757861999831895,0.2469160425424224,-0.014757861999831895,0.2469160425424224
facil_prefill-1024xdecode_128_ops_trace.csv,prefill,-1,-1,5,GPU0,npu,26,"LN:-1,Q:0,K:0,V:0,Q:1,K:1,V:1,QK:0,QK:1,Softmax:0,Softmax:1,SV:0,SV:1,O:0,O:1,Add:-1,LN:-1,FFN_W1:0,FFN_W3:0,FFN_W1:1,FFN_W3:1,SwiGLU:0,SwiGLU:1,FFN_W2:0,FFN_W2:1,Add:-1",0.019596569351516466,0.004838707351684571,npu|prefill|-1|7f370cc7d97df3530a56c775d62964d4,-1,sample_step,0.019596569351516466,0.004838707351684571,-0.014757861999831895,0.2469160425424224,-0.014757861999831895,0.2469160425424224
facil_prefill-1024xdecode_128_ops_trace.csv,prefill,-1,-1,6,GPU0,npu,26,"LN:-1,Q:0,K:0,V:0,Q:1,K:1,V:1,QK:0,QK:1,Softmax:0,Softmax:1,SV:0,SV:1,O:0,O:1,Add:-1,LN:-1,FFN_W1:0,FFN_W3:0,FFN_W1:1,FFN_W3:1,SwiGLU:0,SwiGLU:1,FFN_W2:0,FFN_W2:1,Add:-1",0.01959656935151644,0.004838707351684571,npu|prefill|-1|7f370cc7d97df3530a56c775d62964d4,-1,sample_step,0.01959656935151644,0.004838707351684571,-0.014757861999831867,0.24691604254242275,-0.014757861999831867,0.24691604254242275
facil_prefill-1024xdecode_128_ops_trace.csv,prefill,-1,-1,7,GPU0,npu,26,"LN:-1,Q:0,K:0,V:0,Q:1,K:1,V:1,QK:0,QK:1,Softmax:0,Softmax:1,SV:0,SV:1,O:0,O:1,Add:-1,LN:-1,FFN_W1:0,FFN_W3:0,FFN_W1:1,FFN_W3:1,SwiGLU:0,SwiGLU:1,FFN_W2:0,FFN_W2:1,Add:-1",0.019596569351516494,0.004838707351684571,npu|prefill|-1|7f370cc7d97df3530a56c775d62964d4,-1,sample_step,0.019596569351516494,0.004838707351684571,-0.014757861999831923,0.24691604254242205,-0.014757861999831923,0.24691604254242205
facil_prefill-1024xdecode_128_ops_trace.csv,prefill,-1,-1,8,GPU0,npu,26,"LN:-1,Q:0,K:0,V:0,Q:1,K:1,V:1,QK:0,QK:1,Softmax:0,Softmax:1,SV:0,SV:1,O:0,O:1,Add:-1,LN:-1,FFN_W1:0,FFN_W3:0,FFN_W1:1,FFN_W3:1,SwiGLU:0,SwiGLU:1,FFN_W2:0,FFN_W2:1,Add:-1",0.019596569351516494,0.004838707351684571,npu|prefill|-1|7f370cc7d97df3530a56c775d62964d4,-1,sample_step,0.019596569351516494,0.004838707351684571,-0.014757861999831923,0.24691604254242205,-0.014757861999831923,0.24691604254242205
facil_prefill-1024xdecode_128_ops_trace.csv,prefill,-1,-1,9,GPU0,npu,26,"LN:-1,Q:0,K:0,V:0,Q:1,K:1,V:1,QK:0,QK:1,Softmax:0,Softmax:1,SV:0,SV:1,O:0,O:1,Add:-1,LN:-1,FFN_W1:0,FFN_W3:0,FFN_W1:1,FFN_W3:1,SwiGLU:0,SwiGLU:1,FFN_W2:0,FFN_W2:1,Add:-1",0.019596569351516494,0.004838707351684571,npu|prefill|-1|7f370cc7d97df3530a56c775d62964d4,-1,sample_step,0.019596569351516494,0.004838707351684571,-0.014757861999831923,0.24691604254242205,-0.014757861999831923,0.24691604254242205
facil_prefill-1024xdecode_128_ops_trace.csv,prefill,-1,-1,10,GPU0,npu,26,"LN:-1,Q:0,K:0,V:0,Q:1,K:1,V:1,QK:0,QK:1,Softmax:0,Softmax:1,SV:0,SV:1,O:0,O:1,Add:-1,LN:-1,FFN_W1:0,FFN_W3:0,FFN_W1:1,FFN_W3:1,SwiGLU:0,SwiGLU:1,FFN_W2:0,FFN_W2:1,Add:-1",0.019596569351516494,0.004838707351684571,npu|prefill|-1|7f370cc7d97df3530a56c775d62964d4,-1,sample_step,0.019596569351516494,0.004838707351684571,-0.014757861999831923,0.24691604254242205,-0.014757861999831923,0.24691604254242205
facil_prefill-1024xdecode_128_ops_trace.csv,prefill,-1,-1,11,GPU0,npu,26,"LN:-1,Q:0,K:0,V:0,Q:1,K:1,V:1,QK:0,QK:1,Softmax:0,Softmax:1,SV:0,SV:1,O:0,O:1,Add:-1,LN:-1,FFN_W1:0,FFN_W3:0,FFN_W1:1,FFN_W3:1,SwiGLU:0,SwiGLU:1,FFN_W2:0,FFN_W2:1,Add:-1",0.019596569351516494,0.004838707351684571,npu|prefill|-1|7f370cc7d97df3530a56c775d62964d4,-1,sample_step,0.019596569351516494,0.004838707351684571,-0.014757861999831923,0.24691604254242205,-0.014757861999831923,0.24691604254242205
facil_prefill-1024xdecode_128_ops_trace.csv,prefill,-1,-1,12,GPU0,npu,26,"LN:-1,Q:0,K:0,V:0,Q:1,K:1,V:1,QK:0,QK:1,Softmax:0,Softmax:1,SV:0,SV:1,O:0,O:1,Add:-1,LN:-1,FFN_W1:0,FFN_W3:0,FFN_W1:1,FFN_W3:1,SwiGLU:0,SwiGLU:1,FFN_W2:0,FFN_W2:1,Add:-1",0.01959656935151655,0.004838707351684571,npu|prefill|-1|7f370cc7d97df3530a56c775d62964d4,-1,sample_step,0.01959656935151655,0.004838707351684571,-0.014757861999831978,0.24691604254242133,-0.014757861999831978,0.24691604254242133
facil_prefill-1024xdecode_128_ops_trace.csv,prefill,-1,-1,13,GPU0,npu,26,"LN:-1,Q:0,K:0,V:0,Q:1,K:1,V:1,QK:0,QK:1,Softmax:0,Softmax:1,SV:0,SV:1,O:0,O:1,Add:-1,LN:-1,FFN_W1:0,FFN_W3:0,FFN_W1:1,FFN_W3:1,SwiGLU:0,SwiGLU:1,FFN_W2:0,FFN_W2:1,Add:-1",0.019596569351516494,0.004838707351684571,npu|prefill|-1|7f370cc7d97df3530a56c775d62964d4,-1,sample_step,0.019596569351516494,0.004838707351684571,-0.014757861999831923,0.24691604254242205,-0.014757861999831923,0.24691604254242205
facil_prefill-1024xdecode_128_ops_trace.csv,prefill,-1,-1,14,GPU0,npu,26,"LN:-1,Q:0,K:0,V:0,Q:1,K:1,V:1,QK:0,QK:1,Softmax:0,Softmax:1,SV:0,SV:1,O:0,O:1,Add:-1,LN:-1,FFN_W1:0,FFN_W3:0,FFN_W1:1,FFN_W3:1,SwiGLU:0,SwiGLU:1,FFN_W2:0,FFN_W2:1,Add:-1",0.019596569351516494,0.004838707351684571,npu|prefill|-1|7f370cc7d97df3530a56c775d62964d4,-1,sample_step,0.019596569351516494,0.004838707351684571,-0.014757861999831923,0.24691604254242205,-0.014757861999831923,0.24691604254242205
facil_prefill-1024xdecode_128_ops_trace.csv,prefill,-1,-1,15,GPU0,npu,26,"LN:-1,Q:0,K:0,V:0,Q:1,K:1,V:1,QK:0,QK:1,Softmax:0,Softmax:1,SV:0,SV:1,O:0,O:1,Add:-1,LN:-1,FFN_W1:0,FFN_W3:0,FFN_W1:1,FFN_W3:1,SwiGLU:0,SwiGLU:1,FFN_W2:0,FFN_W2:1,Add:-1",0.019596569351516494,0.004838707351684571,npu|prefill|-1|7f370cc7d97df3530a56c775d62964d4,-1,sample_step,0.019596569351516494,0.004838707351684571,-0.014757861999831923,0.24691604254242205,-0.014757861999831923,0.24691604254242205
facil_prefill-1024xdecode_128_ops_trace.csv,prefill,-1,-1,16,GPU0,npu,26,"LN:-1,Q:0,K:0,V:0,Q:1,K:1,V:1,QK:0,QK:1,Softmax:0,Softmax:1,SV:0,SV:1,O:0,O:1,Add:-1,LN:-1,FFN_W1:0,FFN_W3:0,FFN_W1:1,FFN_W3:1,SwiGLU:0,SwiGLU:1,FFN_W2:0,FFN_W2:1,Add:-1",0.019596569351516494,0.004838707351684571,npu|prefill|-1|7f370cc7d97df3530a56c775d62964d4,-1,sample_step,0.019596569351516494,0.004838707351684571,-0.014757861999831923,0.24691604254242205,-0.014757861999831923,0.24691604254242205
facil_prefill-1024xdecode_128_ops_trace.csv,prefill,-1,-1,17,GPU0,npu,26,"LN:-1,Q:0,K:0,V:0,Q:1,K:1,V:1,QK:0,QK:1,Softmax:0,Softmax:1,SV:0,SV:1,O:0,O:1,Add:-1,LN:-1,FFN_W1:0,FFN_W3:0,FFN_W1:1,FFN_W3:1,SwiGLU:0,SwiGLU:1,FFN_W2:0,FFN_W2:1,Add:-1",0.019596569351516494,0.004838707351684571,npu|prefill|-1|7f370cc7d97df3530a56c775d62964d4,-1,sample_step,0.019596569351516494,0.004838707351684571,-0.014757861999831923,0.24691604254242205,-0.014757861999831923,0.24691604254242205
facil_prefill-1024xdecode_128_ops_trace.csv,prefill,-1,-1,18,GPU0,npu,26,"LN:-1,Q:0,K:0,V:0,Q:1,K:1,V:1,QK:0,QK:1,Softmax:0,Softmax:1,SV:0,SV:1,O:0,O:1,Add:-1,LN:-1,FFN_W1:0,FFN_W3:0,FFN_W1:1,FFN_W3:1,SwiGLU:0,SwiGLU:1,FFN_W2:0,FFN_W2:1,Add:-1",0.019596569351516494,0.004838707351684571,npu|prefill|-1|7f370cc7d97df3530a56c775d62964d4,-1,sample_step,0.019596569351516494,0.004838707351684571,-0.014757861999831923,0.24691604254242205,-0.014757861999831923,0.24691604254242205
facil_prefill-1024xdecode_128_ops_trace.csv,prefill,-1,-1,19,GPU0,npu,26,"LN:-1,Q:0,K:0,V:0,Q:1,K:1,V:1,QK:0,QK:1,Softmax:0,Softmax:1,SV:0,SV:1,O:0,O:1,Add:-1,LN:-1,FFN_W1:0,FFN_W3:0,FFN_W1:1,FFN_W3:1,SwiGLU:0,SwiGLU:1,FFN_W2:0,FFN_W2:1,Add:-1",0.019596569351516494,0.004838707351684571,npu|prefill|-1|7f370cc7d97df3530a56c775d62964d4,-1,sample_step,0.019596569351516494,0.004838707351684571,-0.014757861999831923,0.24691604254242205,-0.014757861999831923,0.24691604254242205
facil_prefill-1024xdecode_128_ops_trace.csv,prefill,-1,-1,20,GPU0,npu,26,"LN:-1,Q:0,K:0,V:0,Q:1,K:1,V:1,QK:0,QK:1,Softmax:0,Softmax:1,SV:0,SV:1,O:0,O:1,Add:-1,LN:-1,FFN_W1:0,FFN_W3:0,FFN_W1:1,FFN_W3:1,SwiGLU:0,SwiGLU:1,FFN_W2:0,FFN_W2:1,Add:-1",0.019596569351516494,0.004838707351684571,npu|prefill|-1|7f370cc7d97df3530a56c775d62964d4,-1,sample_step,0.019596569351516494,0.004838707351684571,-0.014757861999831923,0.24691604254242205,-0.014757861999831923,0.24691604254242205
facil_prefill-1024xdecode_128_ops_trace.csv,prefill,-1,-1,21,GPU0,npu,26,"LN:-1,Q:0,K:0,V:0,Q:1,K:1,V:1,QK:0,QK:1,Softmax:0,Softmax:1,SV:0,SV:1,O:0,O:1,Add:-1,LN:-1,FFN_W1:0,FFN_W3:0,FFN_W1:1,FFN_W3:1,SwiGLU:0,SwiGLU:1,FFN_W2:0,FFN_W2:1,Add:-1",0.019596569351516494,0.004838707351684571,npu|prefill|-1|7f370cc7d97df3530a56c775d62964d4,-1,sample_step,0.019596569351516494,0.004838707351684571,-0.014757861999831923,0.24691604254242205,-0.014757861999831923,0.24691604254242205
facil_prefill-1024xdecode_128_ops_trace.csv,prefill,-1,-1,22,GPU0,npu,26,"LN:-1,Q:0,K:0,V:0,Q:1,K:1,V:1,QK:0,QK:1,Softmax:0,Softmax:1,SV:0,SV:1,O:0,O:1,Add:-1,LN:-1,FFN_W1:0,FFN_W3:0,FFN_W1:1,FFN_W3:1,SwiGLU:0,SwiGLU:1,FFN_W2:0,FFN_W2:1,Add:-1",0.019596569351516494,0.004838707351684571,npu|prefill|-1|7f370cc7d97df3530a56c775d62964d4,-1,sample_step,0.019596569351516494,0.004838707351684571,-0.014757861999831923,0.24691604254242205,-0.014757861999831923,0.24691604254242205
facil_prefill-1024xdecode_128_ops_trace.csv,prefill,-1,-1,23,GPU0,npu,26,"LN:-1,Q:0,K:0,V:0,Q:1,K:1,V:1,QK:0,QK:1,Softmax:0,Softmax:1,SV:0,SV:1,O:0,O:1,Add:-1,LN:-1,FFN_W1:0,FFN_W3:0,FFN_W1:1,FFN_W3:1,SwiGLU:0,SwiGLU:1,FFN_W2:0,FFN_W2:1,Add:-1",0.019596569351516494,0.004838707351684571,npu|prefill|-1|7f370cc7d97df3530a56c775d62964d4,-1,sample_step,0.019596569351516494,0.004838707351684571,-0.014757861999831923,0.24691604254242205,-0.014757861999831923,0.24691604254242205
facil_prefill-1024xdecode_128_ops_trace.csv,prefill,-1,-1,24,GPU0,npu,26,"LN:-1,Q:0,K:0,V:0,Q:1,K:1,V:1,QK:0,QK:1,Softmax:0,Softmax:1,SV:0,SV:1,O:0,O:1,Add:-1,LN:-1,FFN_W1:0,FFN_W3:0,FFN_W1:1,FFN_W3:1,SwiGLU:0,SwiGLU:1,FFN_W2:0,FFN_W2:1,Add:-1",0.019596569351516494,0.004838707351684571,npu|prefill|-1|7f370cc7d97df3530a56c775d62964d4,-1,sample_step,0.019596569351516494,0.004838707351684571,-0.014757861999831923,0.24691604254242205,-0.014757861999831923,0.24691604254242205
facil_prefill-1024xdecode_128_ops_trace.csv,prefill,-1,-1,25,GPU0,npu,26,"LN:-1,Q:0,K:0,V:0,Q:1,K:1,V:1,QK:0,QK:1,Softmax:0,Softmax:1,SV:0,SV:1,O:0,O:1,Add:-1,LN:-1,FFN_W1:0,FFN_W3:0,FFN_W1:1,FFN_W3:1,SwiGLU:0,SwiGLU:1,FFN_W2:0,FFN_W2:1,Add:-1",0.019596569351516182,0.004838707351684571,npu|prefill|-1|7f370cc7d97df3530a56c775d62964d4,-1,sample_step,0.019596569351516182,0.004838707351684571,-0.01475786199983161,0.24691604254242597,-0.01475786199983161,0.24691604254242597
facil_prefill-1024xdecode_128_ops_trace.csv,prefill,-1,-1,26,GPU0,npu,26,"LN:-1,Q:0,K:0,V:0,Q:1,K:1,V:1,QK:0,QK:1,Softmax:0,Softmax:1,SV:0,SV:1,O:0,O:1,Add:-1,LN:-1,FFN_W1:0,FFN_W3:0,FFN_W1:1,FFN_W3:1,SwiGLU:0,SwiGLU:1,FFN_W2:0,FFN_W2:1,Add:-1",0.01959656935151596,0.004838707351684571,npu|prefill|-1|7f370cc7d97df3530a56c775d62964d4,-1,sample_step,0.01959656935151596,0.004838707351684571,-0.014757861999831388,0.24691604254242877,-0.014757861999831388,0.24691604254242877
facil_prefill-1024xdecode_128_ops_trace.csv,prefill,-1,-1,27,GPU0,npu,26,"LN:-1,Q:0,K:0,V:0,Q:1,K:1,V:1,QK:0,QK:1,Softmax:0,Softmax:1,SV:0,SV:1,O:0,O:1,Add:-1,LN:-1,FFN_W1:0,FFN_W3:0,FFN_W1:1,FFN_W3:1,SwiGLU:0,SwiGLU:1,FFN_W2:0,FFN_W2:1,Add:-1",0.01959656935151596,0.004838707351684571,npu|prefill|-1|7f370cc7d97df3530a56c775d62964d4,-1,sample_step,0.01959656935151596,0.004838707351684571,-0.014757861999831388,0.24691604254242877,-0.014757861999831388,0.24691604254242877
facil_prefill-1024xdecode_128_ops_trace.csv,prefill,-1,-1,28,GPU0,npu,26,"LN:-1,Q:0,K:0,V:0,Q:1,K:1,V:1,QK:0,QK:1,Softmax:0,Softmax:1,SV:0,SV:1,O:0,O:1,Add:-1,LN:-1,FFN_W1:0,FFN_W3:0,FFN_W1:1,FFN_W3:1,SwiGLU:0,SwiGLU:1,FFN_W2:0,FFN_W2:1,Add:-1",0.01959656935151596,0.004838707351684571,npu|prefill|-1|7f370cc7d97df3530a56c775d62964d4,-1,sample_step,0.01959656935151596,0.004838707351684571,-0.014757861999831388,0.24691604254242877,-0.014757861999831388,0.24691604254242877
facil_prefill-1024xdecode_128_ops_trace.csv,prefill,-1,-1,29,GPU0,npu,26,"LN:-1,Q:0,K:0,V:0,Q:1,K:1,V:1,QK:0,QK:1,Softmax:0,Softmax:1,SV:0,SV:1,O:0,O:1,Add:-1,LN:-1,FFN_W1:0,FFN_W3:0,FFN_W1:1,FFN_W3:1,SwiGLU:0,SwiGLU:1,FFN_W2:0,FFN_W2:1,Add:-1",0.01959656935151596,0.004838707351684571,npu|prefill|-1|7f370cc7d97df3530a56c775d62964d4,-1,sample_step,0.01959656935151596,0.004838707351684571,-0.014757861999831388,0.24691604254242877,-0.014757861999831388,0.24691604254242877
facil_prefill-1024xdecode_128_ops_trace.csv,prefill,-1,-1,30,GPU0,npu,26,"LN:-1,Q:0,K:0,V:0,Q:1,K:1,V:1,QK:0,QK:1,Softmax:0,Softmax:1,SV:0,SV:1,O:0,O:1,Add:-1,LN:-1,FFN_W1:0,FFN_W3:0,FFN_W1:1,FFN_W3:1,SwiGLU:0,SwiGLU:1,FFN_W2:0,FFN_W2:1,Add:-1",0.01959656935151596,0.004838707351684571,npu|prefill|-1|7f370cc7d97df3530a56c775d62964d4,-1,sample_step,0.01959656935151596,0.004838707351684571,-0.014757861999831388,0.24691604254242877,-0.014757861999831388,0.24691604254242877
facil_prefill-1024xdecode_128_ops_trace.csv,prefill,-1,-1,31,GPU0,npu,26,"LN:-1,Q:0,K:0,V:0,Q:1,K:1,V:1,QK:0,QK:1,Softmax:0,Softmax:1,SV:0,SV:1,O:0,O:1,Add:-1,LN:-1,FFN_W1:0,FFN_W3:0,FFN_W1:1,FFN_W3:1,SwiGLU:0,SwiGLU:1,FFN_W2:0,FFN_W2:1,Add:-1",0.01959656935151596,0.004838707351684571,npu|prefill|-1|7f370cc7d97df3530a56c775d62964d4,-1,sample_step,0.01959656935151596,0.004838707351684571,-0.014757861999831388,0.24691604254242877,-0.014757861999831388,0.24691604254242877
facil_prefill-1024xdecode_128_ops_trace.csv,decode,0,0,0,GPU0,npu,8,"LN:-1,Add:-1,LN:-1,FFN_W3:0,FFN_W3:1,SwiGLU:0,SwiGLU:1,Add:-1",0.0001712978600718618,0.0002012160062789917,npu|decode|0|ff6dcf33668f3ebc9cf61e7eb43c6a84,0,sample_step,0.0001712978600718618,0.0002012160062789917,2.9918146207129906e-05,1.1746556915222341,2.9918146207129906e-05,1.1746556915222341
facil_prefill-1024xdecode_128_ops_trace.csv,decode,0,0,0,PIM0,pim,9,"Q:0,K:0,V:0,QK:0,Softmax:0,SV:0,O:0,FFN_W1:0,FFN_W2:0",0.007563938013671645,5.3699e-05,pim|decode|0|d9f2c5d5d25b036a5f39277c4750a787,0,sample_step,0.007563938013671645,5.3699e-05,-0.007510239013671645,0.00709934427052949,-0.007510239013671645,0.00709934427052949
facil_prefill-1024xdecode_128_ops_trace.csv,decode,0,0,0,PIM1,pim,9,"Q:1,K:1,V:1,QK:1,Softmax:1,SV:1,O:1,FFN_W1:1,FFN_W2:1",0.007563938013671645,5.3699e-05,pim|decode|0|73f0b93ba2927d0614be9f9ec9b9774c,0,sample_step,0.007563938013671645,5.3699e-05,-0.007510239013671645,0.00709934427052949,-0.007510239013671645,0.00709934427052949
facil_prefill-1024xdecode_128_ops_trace.csv,decode,0,0,1,GPU0,npu,8,"LN:-1,Add:-1,LN:-1,FFN_W3:0,FFN_W3:1,SwiGLU:0,SwiGLU:1,Add:-1",0.0001712978600718618,0.0002012160062789917,npu|decode|0|ff6dcf33668f3ebc9cf61e7eb43c6a84,0,sample_step,0.0001712978600718618,0.0002012160062789917,2.9918146207129906e-05,1.1746556915222341,2.9918146207129906e-05,1.1746556915222341
facil_prefill-1024xdecode_128_ops_trace.csv,decode,0,0,1,PIM0,pim,9,"Q:0,K:0,V:0,QK:0,Softmax:0,SV:0,O:0,FFN_W1:0,FFN_W2:0",0.007563938013671645,5.3699e-05,pim|decode|0|d9f2c5d5d25b036a5f39277c4750a787,0,sample_step,0.007563938013671645,5.3699e-05,-0.007510239013671645,0.00709934427052949,-0.007510239013671645,0.00709934427052949
facil_prefill-1024xdecode_128_ops_trace.csv,decode,0,0,1,PIM1,pim,9,"Q:1,K:1,V:1,QK:1,Softmax:1,SV:1,O:1,FFN_W1:1,FFN_W2:1",0.007563938013671645,5.3699e-05,pim|decode|0|73f0b93ba2927d0614be9f9ec9b9774c,0,sample_step,0.007563938013671645,5.3699e-05,-0.007510239013671645,0.00709934427052949,-0.007510239013671645,0.00709934427052949
facil_prefill-1024xdecode_128_ops_trace.csv,decode,0,0,2,GPU0,npu,8,"LN:-1,Add:-1,LN:-1,FFN_W3:0,FFN_W3:1,SwiGLU:0,SwiGLU:1,Add:-1",0.0001712978600718618,0.0002012160062789917,npu|decode|0|ff6dcf33668f3ebc9cf61e7eb43c6a84,0,sample_step,0.0001712978600718618,0.0002012160062789917,2.9918146207129906e-05,1.1746556915222341,2.9918146207129906e-05,1.1746556915222341
facil_prefill-1024xdecode_128_ops_trace.csv,decode,0,0,2,PIM0,pim,9,"Q:0,K:0,V:0,QK:0,Softmax:0,SV:0,O:0,FFN_W1:0,FFN_W2:0",0.007563938013671645,5.3699e-05,pim|decode|0|d9f2c5d5d25b036a5f39277c4750a787,0,sample_step,0.007563938013671645,5.3699e-05,-0.007510239013671645,0.00709934427052949,-0.007510239013671645,0.00709934427052949
facil_prefill-1024xdecode_128_ops_trace.csv,decode,0,0,2,PIM1,pim,9,"Q:1,K:1,V:1,QK:1,Softmax:1,SV:1,O:1,FFN_W1:1,FFN_W2:1",0.007563938013671645,5.3699e-05,pim|decode|0|73f0b93ba2927d0614be9f9ec9b9774c,0,sample_step,0.007563938013671645,5.3699e-05,-0.007510239013671645,0.00709934427052949,-0.007510239013671645,0.00709934427052949
facil_prefill-1024xdecode_128_ops_trace.csv,decode,0,0,3,GPU0,npu,8,"LN:-1,Add:-1,LN:-1,FFN_W3:0,FFN_W3:1,SwiGLU:0,SwiGLU:1,Add:-1",0.0001712978600718618,0.0002012160062789917,npu|decode|0|ff6dcf33668f3ebc9cf61e7eb43c6a84,0,sample_step,0.0001712978600718618,0.0002012160062789917,2.9918146207129906e-05,1.1746556915222341,2.9918146207129906e-05,1.1746556915222341
facil_prefill-1024xdecode_128_ops_trace.csv,decode,0,0,3,PIM0,pim,9,"Q:0,K:0,V:0,QK:0,Softmax:0,SV:0,O:0,FFN_W1:0,FFN_W2:0",0.007563938013671645,5.3699e-05,pim|decode|0|d9f2c5d5d25b036a5f39277c4750a787,0,sample_step,0.007563938013671645,5.3699e-05,-0.007510239013671645,0.00709934427052949,-0.007510239013671645,0.00709934427052949
facil_prefill-1024xdecode_128_ops_trace.csv,decode,0,0,3,PIM1,pim,9,"Q:1,K:1,V:1,QK:1,Softmax:1,SV:1,O:1,FFN_W1:1,FFN_W2:1",0.007563938013671645,5.3699e-05,pim|decode|0|73f0b93ba2927d0614be9f9ec9b9774c,0,sample_step,0.007563938013671645,5.3699e-05,-0.007510239013671645,0.00709934427052949,-0.007510239013671645,0.00709934427052949
facil_prefill-1024xdecode_128_ops_trace.csv,decode,0,0,4,GPU0,npu,8,"LN:-1,Add:-1,LN:-1,FFN_W3:0,FFN_W3:1,SwiGLU:0,SwiGLU:1,Add:-1",0.0001712978600718618,0.0002012160062789917,npu|decode|0|ff6dcf33668f3ebc9cf61e7eb43c6a84,0,sample_step,0.0001712978600718618,0.0002012160062789917,2.9918146207129906e-05,1.1746556915222341,2.9918146207129906e-05,1.1746556915222341
facil_prefill-1024xdecode_128_ops_trace.csv,decode,0,0,4,PIM0,pim,9,"Q:0,K:0,V:0,QK:0,Softmax:0,SV:0,O:0,FFN_W1:0,FFN_W2:0",0.007563938013671645,5.3699e-05,pim|decode|0|d9f2c5d5d25b036a5f39277c4750a787,0,sample_step,0.007563938013671645,5.3699e-05,-0.007510239013671645,0.00709934427052949,-0.007510239013671645,0.00709934427052949
facil_prefill-1024xdecode_128_ops_trace.csv,decode,0,0,4,PIM1,pim,9,"Q:1,K:1,V:1,QK:1,Softmax:1,SV:1,O:1,FFN_W1:1,FFN_W2:1",0.007563938013671645,5.3699e-05,pim|decode|0|73f0b93ba2927d0614be9f9ec9b9774c,0,sample_step,0.007563938013671645,5.3699e-05,-0.007510239013671645,0.00709934427052949,-0.007510239013671645,0.00709934427052949
facil_prefill-1024xdecode_128_ops_trace.csv,decode,0,0,5,GPU0,npu,8,"LN:-1,Add:-1,LN:-1,FFN_W3:0,FFN_W3:1,SwiGLU:0,SwiGLU:1,Add:-1",0.0001712978600718618,0.0002012160062789917,npu|decode|0|ff6dcf33668f3ebc9cf61e7eb43c6a84,0,sample_step,0.0001712978600718618,0.0002012160062789917,2.9918146207129906e-05,1.1746556915222341,2.9918146207129906e-05,1.1746556915222341
facil_prefill-1024xdecode_128_ops_trace.csv,decode,0,0,5,PIM0,pim,9,"Q:0,K:0,V:0,QK:0,Softmax:0,SV:0,O:0,FFN_W1:0,FFN_W2:0",0.007563938013671645,5.3699e-05,pim|decode|0|d9f2c5d5d25b036a5f39277c4750a787,0,sample_step,0.007563938013671645,5.3699e-05,-0.007510239013671645,0.00709934427052949,-0.007510239013671645,0.00709934427052949
facil_prefill-1024xdecode_128_ops_trace.csv,decode,0,0,5,PIM1,pim,9,"Q:1,K:1,V:1,QK:1,Softmax:1,SV:1,O:1,FFN_W1:1,FFN_W2:1",0.007563938013671645,5.3699e-05,pim|decode|0|73f0b93ba2927d0614be9f9ec9b9774c,0,sample_step,0.007563938013671645,5.3699e-05,-0.007510239013671645,0.00709934427052949,-0.007510239013671645,0.00709934427052949
facil_prefill-1024xdecode_128_ops_trace.csv,decode,0,0,6,GPU0,npu,8,"LN:-1,Add:-1,LN:-1,FFN_W3:0,FFN_W3:1,SwiGLU:0,SwiGLU:1,Add:-1",0.0001712978600718618,0.0002012160062789917,npu|decode|0|ff6dcf33668f3ebc9cf61e7eb43c6a84,0,sample_step,0.0001712978600718618,0.0002012160062789917,2.9918146207129906e-05,1.1746556915222341,2.9918146207129906e-05,1.1746556915222341
facil_prefill-1024xdecode_128_ops_trace.csv,decode,0,0,6,PIM0,pim,9,"Q:0,K:0,V:0,QK:0,Softmax:0,SV:0,O:0,FFN_W1:0,FFN_W2:0",0.007563938013671645,5.3699e-05,pim|decode|0|d9f2c5d5d25b036a5f39277c4750a787,0,sample_step,0.007563938013671645,5.3699e-05,-0.007510239013671645,0.00709934427052949,-0.007510239013671645,0.00709934427052949
facil_prefill-1024xdecode_128_ops_trace.csv,decode,0,0,6,PIM1,pim,9,"Q:1,K:1,V:1,QK:1,Softmax:1,SV:1,O:1,FFN_W1:1,FFN_W2:1",0.007563938013671645,5.3699e-05,pim|decode|0|73f0b93ba2927d0614be9f9ec9b9774c,0,sample_step,0.007563938013671645,5.3699e-05,-0.007510239013671645,0.00709934427052949,-0.007510239013671645,0.00709934427052949
facil_prefill-1024xdecode_128_ops_trace.csv,decode,0,0,7,GPU0,npu,8,"LN:-1,Add:-1,LN:-1,FFN_W3:0,FFN_W3:1,SwiGLU:0,SwiGLU:1,Add:-1",0.0001712978600718618,0.0002012160062789917,npu|decode|0|ff6dcf33668f3ebc9cf61e7eb43c6a84,0,sample_step,0.0001712978600718618,0.0002012160062789917,2.9918146207129906e-05,1.1746556915222341,2.9918146207129906e-05,1.1746556915222341
facil_prefill-1024xdecode_128_ops_trace.csv,decode,0,0,7,PIM0,pim,9,"Q:0,K:0,V:0,QK:0,Softmax:0,SV:0,O:0,FFN_W1:0,FFN_W2:0",0.007563938013671645,5.3699e-05,pim|decode|0|d9f2c5d5d25b036a5f39277c4750a787,0,sample_step,0.007563938013671645,5.3699e-05,-0.007510239013671645,0.00709934427052949,-0.007510239013671645,0.00709934427052949
facil_prefill-1024xdecode_128_ops_trace.csv,decode,0,0,7,PIM1,pim,9,"Q:1,K:1,V:1,QK:1,Softmax:1,SV:1,O:1,FFN_W1:1,FFN_W2:1",0.007563938013671645,5.3699e-05,pim|decode|0|73f0b93ba2927d0614be9f9ec9b9774c,0,sample_step,0.007563938013671645,5.3699e-05,-0.007510239013671645,0.00709934427052949,-0.007510239013671645,0.00709934427052949
facil_prefill-1024xdecode_128_ops_trace.csv,decode,0,0,8,GPU0,npu,8,"LN:-1,Add:-1,LN:-1,FFN_W3:0,FFN_W3:1,SwiGLU:0,SwiGLU:1,Add:-1",0.0001712978600718618,0.0002012160062789917,npu|decode|0|ff6dcf33668f3ebc9cf61e7eb43c6a84,0,sample_step,0.0001712978600718618,0.0002012160062789917,2.9918146207129906e-05,1.1746556915222341,2.9918146207129906e-05,1.1746556915222341
facil_prefill-1024xdecode_128_ops_trace.csv,decode,0,0,8,PIM0,pim,9,"Q:0,K:0,V:0,QK:0,Softmax:0,SV:0,O:0,FFN_W1:0,FFN_W2:0",0.007563938013671645,5.3699e-05,pim|decode|0|d9f2c5d5d25b036a5f39277c4750a787,0,sample_step,0.007563938013671645,5.3699e-05,-0.007510239013671645,0.00709934427052949,-0.007510239013671645,0.00709934427052949
facil_prefill-1024xdecode_128_ops_trace.csv,decode,0,0,8,PIM1,pim,9,"Q:1,K:1,V:1,QK:1,Softmax:1,SV:1,O:1,FFN_W1:1,FFN_W2:1",0.007563938013671645,5.3699e-05,pim|decode|0|73f0b93ba2927d0614be9f9ec9b9774c,0,sample_step,0.007563938013671645,5.3699e-05,-0.007510239013671645,0.00709934427052949,-0.007510239013671645,0.00709934427052949
facil_prefill-1024xdecode_128_ops_trace.csv,decode,0,0,9,GPU0,npu,8,"LN:-1,Add:-1,LN:-1,FFN_W3:0,FFN_W3:1,SwiGLU:0,SwiGLU:1,Add:-1",0.0001712978600718618,0.0002012160062789917,npu|decode|0|ff6dcf33668f3ebc9cf61e7eb43c6a84,0,sample_step,0.0001712978600718618,0.0002012160062789917,2.9918146207129906e-05,1.1746556915222341,2.9918146207129906e-05,1.1746556915222341
facil_prefill-1024xdecode_128_ops_trace.csv,decode,0,0,9,PIM0,pim,9,"Q:0,K:0,V:0,QK:0,Softmax:0,SV:0,O:0,FFN_W1:0,FFN_W2:0",0.007563938013671645,5.3699e-05,pim|decode|0|d9f2c5d5d25b036a5f39277c4750a787,0,sample_step,0.007563938013671645,5.3699e-05,-0.007510239013671645,0.00709934427052949,-0.007510239013671645,0.00709934427052949
facil_prefill-1024xdecode_128_ops_trace.csv,decode,0,0,9,PIM1,pim,9,"Q:1,K:1,V:1,QK:1,Softmax:1,SV:1,O:1,FFN_W1:1,FFN_W2:1",0.007563938013671645,5.3699e-05,pim|decode|0|73f0b93ba2927d0614be9f9ec9b9774c,0,sample_step,0.007563938013671645,5.3699e-05,-0.007510239013671645,0.00709934427052949,-0.007510239013671645,0.00709934427052949
facil_prefill-1024xdecode_128_ops_trace.csv,decode,0,0,10,GPU0,npu,8,"LN:-1,Add:-1,LN:-1,FFN_W3:0,FFN_W3:1,SwiGLU:0,SwiGLU:1,Add:-1",0.0001712978600718618,0.0002012160062789917,npu|decode|0|ff6dcf33668f3ebc9cf61e7eb43c6a84,0,sample_step,0.0001712978600718618,0.0002012160062789917,2.9918146207129906e-05,1.1746556915222341,2.9918146207129906e-05,1.1746556915222341
facil_prefill-1024xdecode_128_ops_trace.csv,decode,0,0,10,PIM0,pim,9,"Q:0,K:0,V:0,QK:0,Softmax:0,SV:0,O:0,FFN_W1:0,FFN_W2:0",0.007563938013671645,5.3699e-05,pim|decode|0|d9f2c5d5d25b036a5f39277c4750a787,0,sample_step,0.007563938013671645,5.3699e-05,-0.007510239013671645,0.00709934427052949,-0.007510239013671645,0.00709934427052949
facil_prefill-1024xdecode_128_ops_trace.csv,decode,0,0,10,PIM1,pim,9,"Q:1,K:1,V:1,QK:1,Softmax:1,SV:1,O:1,FFN_W1:1,FFN_W2:1",0.007563938013671645,5.3699e-05,pim|decode|0|73f0b93ba2927d0614be9f9ec9b9774c,0,sample_step,0.007563938013671645,5.3699e-05,-0.007510239013671645,0.00709934427052949,-0.007510239013671645,0.00709934427052949
facil_prefill-1024xdecode_128_ops_trace.csv,decode,0,0,11,GPU0,npu,8,"LN:-1,Add:-1,LN:-1,FFN_W3:0,FFN_W3:1,SwiGLU:0,SwiGLU:1,Add:-1",0.0001712978600718618,0.0002012160062789917,npu|decode|0|ff6dcf33668f3ebc9cf61e7eb43c6a84,0,sample_step,0.0001712978600718618,0.0002012160062789917,2.9918146207129906e-05,1.1746556915222341,2.9918146207129906e-05,1.1746556915222341
facil_prefill-1024xdecode_128_ops_trace.csv,decode,0,0,11,PIM0,pim,9,"Q:0,K:0,V:0,QK:0,Softmax:0,SV:0,O:0,FFN_W1:0,FFN_W2:0",0.007563938013671645,5.3699e-05,pim|decode|0|d9f2c5d5d25b036a5f39277c4750a787,0,sample_step,0.007563938013671645,5.3699e-05,-0.007510239013671645,0.00709934427052949,-0.007510239013671645,0.00709934427052949
facil_prefill-1024xdecode_128_ops_trace.csv,decode,0,0,11,PIM1,pim,9,"Q:1,K:1,V:1,QK:1,Softmax:1,SV:1,O:1,FFN_W1:1,FFN_W2:1",0.007563938013671645,5.3699e-05,pim|decode|0|73f0b93ba2927d0614be9f9ec9b9774c,0,sample_step,0.007563938013671645,5.3699e-05,-0.007510239013671645,0.00709934427052949,-0.007510239013671645,0.00709934427052949
facil_prefill-1024xdecode_128_ops_trace.csv,decode,0,0,12,GPU0,npu,8,"LN:-1,Add:-1,LN:-1,FFN_W3:0,FFN_W3:1,SwiGLU:0,SwiGLU:1,Add:-1",0.0001712978600718618,0.0002012160062789917,npu|decode|0|ff6dcf33668f3ebc9cf61e7eb43c6a84,0,sample_step,0.0001712978600718618,0.0002012160062789917,2.9918146207129906e-05,1.1746556915222341,2.9918146207129906e-05,1.1746556915222341
facil_prefill-1024xdecode_128_ops_trace.csv,decode,0,0,12,PIM0,pim,9,"Q:0,K:0,V:0,QK:0,Softmax:0,SV:0,O:0,FFN_W1:0,FFN_W2:0",0.007563938013671645,5.3699e-05,pim|decode|0|d9f2c5d5d25b036a5f39277c4750a787,0,sample_step,0.007563938013671645,5.3699e-05,-0.007510239013671645,0.00709934427052949,-0.007510239013671645,0.00709934427052949
facil_prefill-1024xdecode_128_ops_trace.csv,decode,0,0,12,PIM1,pim,9,"Q:1,K:1,V:1,QK:1,Softmax:1,SV:1,O:1,FFN_W1:1,FFN_W2:1",0.007563938013671645,5.3699e-05,pim|decode|0|73f0b93ba2927d0614be9f9ec9b9774c,0,sample_step,0.007563938013671645,5.3699e-05,-0.007510239013671645,0.00709934427052949,-0.007510239013671645,0.00709934427052949
facil_prefill-1024xdecode_128_ops_trace.csv,decode,0,0,13,GPU0,npu,8,"LN:-1,Add:-1,LN:-1,FFN_W3:0,FFN_W3:1,SwiGLU:0,SwiGLU:1,Add:-1",0.0001712978600718618,0.0002012160062789917,npu|decode|0|ff6dcf33668f3ebc9cf61e7eb43c6a84,0,sample_step,0.0001712978600718618,0.0002012160062789917,2.9918146207129906e-05,1.1746556915222341,2.9918146207129906e-05,1.1746556915222341
facil_prefill-1024xdecode_128_ops_trace.csv,decode,0,0,13,PIM0,pim,9,"Q:0,K:0,V:0,QK:0,Softmax:0,SV:0,O:0,FFN_W1:0,FFN_W2:0",0.007563938013671645,5.3699e-05,pim|decode|0|d9f2c5d5d25b036a5f39277c4750a787,0,sample_step,0.007563938013671645,5.3699e-05,-0.007510239013671645,0.00709934427052949,-0.007510239013671645,0.00709934427052949
facil_prefill-1024xdecode_128_ops_trace.csv,decode,0,0,13,PIM1,pim,9,"Q:1,K:1,V:1,QK:1,Softmax:1,SV:1,O:1,FFN_W1:1,FFN_W2:1",0.007563938013671645,5.3699e-05,pim|decode|0|73f0b93ba2927d0614be9f9ec9b9774c,0,sample_step,0.007563938013671645,5.3699e-05,-0.007510239013671645,0.00709934427052949,-0.007510239013671645,0.00709934427052949
facil_prefill-1024xdecode_128_ops_trace.csv,decode,0,0,14,GPU0,npu,8,"LN:-1,Add:-1,LN:-1,FFN_W3:0,FFN_W3:1,SwiGLU:0,SwiGLU:1,Add:-1",0.0001712978600718618,0.0002012160062789917,npu|decode|0|ff6dcf33668f3ebc9cf61e7eb43c6a84,0,sample_step,0.0001712978600718618,0.0002012160062789917,2.9918146207129906e-05,1.1746556915222341,2.9918146207129906e-05,1.1746556915222341
facil_prefill-1024xdecode_128_ops_trace.csv,decode,0,0,14,PIM0,pim,9,"Q:0,K:0,V:0,QK:0,Softmax:0,SV:0,O:0,FFN_W1:0,FFN_W2:0",0.007563938013671645,5.3699e-05,pim|decode|0|d9f2c5d5d25b036a5f39277c4750a787,0,sample_step,0.007563938013671645,5.3699e-05,-0.007510239013671645,0.00709934427052949,-0.007510239013671645,0.00709934427052949
facil_prefill-1024xdecode_128_ops_trace.csv,decode,0,0,14,PIM1,pim,9,"Q:1,K:1,V:1,QK:1,Softmax:1,SV:1,O:1,FFN_W1:1,FFN_W2:1",0.007563938013671645,5.3699e-05,pim|decode|0|73f0b93ba2927d0614be9f9ec9b9774c,0,sample_step,0.007563938013671645,5.3699e-05,-0.007510239013671645,0.00709934427052949,-0.007510239013671645,0.00709934427052949
facil_prefill-1024xdecode_128_ops_trace.csv,decode,0,0,15,GPU0,npu,8,"LN:-1,Add:-1,LN:-1,FFN_W3:0,FFN_W3:1,SwiGLU:0,SwiGLU:1,Add:-1",0.0001712978600718618,0.0002012160062789917,npu|decode|0|ff6dcf33668f3ebc9cf61e7eb43c6a84,0,sample_step,0.0001712978600718618,0.0002012160062789917,2.9918146207129906e-05,1.1746556915222341,2.9918146207129906e-05,1.1746556915222341
facil_prefill-1024xdecode_128_ops_trace.csv,decode,0,0,15,PIM0,pim,9,"Q:0,K:0,V:0,QK:0,Softmax:0,SV:0,O:0,FFN_W1:0,FFN_W2:0",0.007563938013671645,5.3699e-05,pim|decode|0|d9f2c5d5d25b036a5f39277c4750a787,0,sample_step,0.007563938013671645,5.3699e-05,-0.007510239013671645,0.00709934427052949,-0.007510239013671645,0.00709934427052949
facil_prefill-1024xdecode_128_ops_trace.csv,decode,0,0,15,PIM1,pim,9,"Q:1,K:1,V:1,QK:1,Softmax:1,SV:1,O:1,FFN_W1:1,FFN_W2:1",0.007563938013671645,5.3699e-05,pim|decode|0|73f0b93ba2927d0614be9f9ec9b9774c,0,sample_step,0.007563938013671645,5.3699e-05,-0.007510239013671645,0.00709934427052949,-0.007510239013671645,0.00709934427052949
facil_prefill-1024xdecode_128_ops_trace.csv,decode,0,0,16,GPU0,npu,8,"LN:-1,Add:-1,LN:-1,FFN_W3:0,FFN_W3:1,SwiGLU:0,SwiGLU:1,Add:-1",0.0001712978600718618,0.0002012160062789917,npu|decode|0|ff6dcf33668f3ebc9cf61e7eb43c6a84,0,sample_step,0.0001712978600718618,0.0002012160062789917,2.9918146207129906e-05,1.1746556915222341,2.9918146207129906e-05,1.1746556915222341
facil_prefill-1024xdecode_128_ops_trace.csv,decode,0,0,16,PIM0,pim,9,"Q:0,K:0,V:0,QK:0,Softmax:0,SV:0,O:0,FFN_W1:0,FFN_W2:0",0.007563938013671645,5.3699e-05,pim|decode|0|d9f2c5d5d25b036a5f39277c4750a787,0,sample_step,0.007563938013671645,5.3699e-05,-0.007510239013671645,0.00709934427052949,-0.007510239013671645,0.00709934427052949
facil_prefill-1024xdecode_128_ops_trace.csv,decode,0,0,16,PIM1,pim,9,"Q:1,K:1,V:1,QK:1,Softmax:1,SV:1,O:1,FFN_W1:1,FFN_W2:1",0.007563938013671645,5.3699e-05,pim|decode|0|73f0b93ba2927d0614be9f9ec9b9774c,0,sample_step,0.007563938013671645,5.3699e-05,-0.007510239013671645,0.00709934427052949,-0.007510239013671645,0.00709934427052949
facil_prefill-1024xdecode_128_ops_trace.csv,decode,0,0,17,GPU0,npu,8,"LN:-1,Add:-1,LN:-1,FFN_W3:0,FFN_W3:1,SwiGLU:0,SwiGLU:1,Add:-1",0.0001712978600718618,0.0002012160062789917,npu|decode|0|ff6dcf33668f3ebc9cf61e7eb43c6a84,0,sample_step,0.0001712978600718618,0.0002012160062789917,2.9918146207129906e-05,1.1746556915222341,2.9918146207129906e-05,1.1746556915222341
facil_prefill-1024xdecode_128_ops_trace.csv,decode,0,0,17,PIM0,pim,9,"Q:0,K:0,V:0,QK:0,Softmax:0,SV:0,O:0,FFN_W1:0,FFN_W2:0",0.007563938013671645,5.3699e-05,pim|decode|0|d9f2c5d5d25b036a5f39277c4750a787,0,sample_step,0.007563938013671645,5.3699e-05,-0.007510239013671645,0.00709934427052949,-0.007510239013671645,0.00709934427052949
facil_prefill-1024xdecode_128_ops_trace.csv,decode,0,0,17,PIM1,pim,9,"Q:1,K:1,V:1,QK:1,Softmax:1,SV:1,O:1,FFN_W1:1,FFN_W2:1",0.007563938013671645,5.3699e-05,pim|decode|0|73f0b93ba2927d0614be9f9ec9b9774c,0,sample_step,0.007563938013671645,5.3699e-05,-0.007510239013671645,0.00709934427052949,-0.007510239013671645,0.00709934427052949
facil_prefill-1024xdecode_128_ops_trace.csv,decode,0,0,18,GPU0,npu,8,"LN:-1,Add:-1,LN:-1,FFN_W3:0,FFN_W3:1,SwiGLU:0,SwiGLU:1,Add:-1",0.0001712978600718618,0.0002012160062789917,npu|decode|0|ff6dcf33668f3ebc9cf61e7eb43c6a84,0,sample_step,0.0001712978600718618,0.0002012160062789917,2.9918146207129906e-05,1.1746556915222341,2.9918146207129906e-05,1.1746556915222341
facil_prefill-1024xdecode_128_ops_trace.csv,decode,0,0,18,PIM0,pim,9,"Q:0,K:0,V:0,QK:0,Softmax:0,SV:0,O:0,FFN_W1:0,FFN_W2:0",0.007563938013671645,5.3699e-05,pim|decode|0|d9f2c5d5d25b036a5f39277c4750a787,0,sample_step,0.007563938013671645,5.3699e-05,-0.007510239013671645,0.00709934427052949,-0.007510239013671645,0.00709934427052949
facil_prefill-1024xdecode_128_ops_trace.csv,decode,0,0,18,PIM1,pim,9,"Q:1,K:1,V:1,QK:1,Softmax:1,SV:1,O:1,FFN_W1:1,FFN_W2:1",0.007563938013671645,5.3699e-05,pim|decode|0|73f0b93ba2927d0614be9f9ec9b9774c,0,sample_step,0.007563938013671645,5.3699e-05,-0.007510239013671645,0.00709934427052949,-0.007510239013671645,0.00709934427052949
facil_prefill-1024xdecode_128_ops_trace.csv,decode,0,0,19,GPU0,npu,8,"LN:-1,Add:-1,LN:-1,FFN_W3:0,FFN_W3:1,SwiGLU:0,SwiGLU:1,Add:-1",0.0001712978600718618,0.0002012160062789917,npu|decode|0|ff6dcf33668f3ebc9cf61e7eb43c6a84,0,sample_step,0.0001712978600718618,0.0002012160062789917,2.9918146207129906e-05,1.1746556915222341,2.9918146207129906e-05,1.1746556915222341
facil_prefill-1024xdecode_128_ops_trace.csv,decode,0,0,19,PIM0,pim,9,"Q:0,K:0,V:0,QK:0,Softmax:0,SV:0,O:0,FFN_W1:0,FFN_W2:0",0.007563938013671645,5.3699e-05,pim|decode|0|d9f2c5d5d25b036a5f39277c4750a787,0,sample_step,0.007563938013671645,5.3699e-05,-0.007510239013671645,0.00709934427052949,-0.007510239013671645,0.00709934427052949
facil_prefill-1024xdecode_128_ops_trace.csv,decode,0,0,19,PIM1,pim,9,"Q:1,K:1,V:1,QK:1,Softmax:1,SV:1,O:1,FFN_W1:1,FFN_W2:1",0.007563938013671645,5.3699e-05,pim|decode|0|73f0b93ba2927d0614be9f9ec9b9774c,0,sample_step,0.007563938013671645,5.3699e-05,-0.007510239013671645,0.00709934427052949,-0.007510239013671645,0.00709934427052949
facil_prefill-1024xdecode_128_ops_trace.csv,decode,0,0,20,GPU0,npu,8,"LN:-1,Add:-1,LN:-1,FFN_W3:0,FFN_W3:1,SwiGLU:0,SwiGLU:1,Add:-1",0.0001712978600718618,0.0002012160062789917,npu|decode|0|ff6dcf33668f3ebc9cf61e7eb43c6a84,0,sample_step,0.0001712978600718618,0.0002012160062789917,2.9918146207129906e-05,1.1746556915222341,2.9918146207129906e-05,1.1746556915222341
facil_prefill-1024xdecode_128_ops_trace.csv,decode,0,0,20,PIM0,pim,9,"Q:0,K:0,V:0,QK:0,Softmax:0,SV:0,O:0,FFN_W1:0,FFN_W2:0",0.007563938013671645,5.3699e-05,pim|decode|0|d9f2c5d5d25b036a5f39277c4750a787,0,sample_step,0.007563938013671645,5.3699e-05,-0.007510239013671645,0.00709934427052949,-0.007510239013671645,0.00709934427052949
facil_prefill-1024xdecode_128_ops_trace.csv,decode,0,0,20,PIM1,pim,9,"Q:1,K:1,V:1,QK:1,Softmax:1,SV:1,O:1,FFN_W1:1,FFN_W2:1",0.007563938013671645,5.3699e-05,pim|decode|0|73f0b93ba2927d0614be9f9ec9b9774c,0,sample_step,0.007563938013671645,5.3699e-05,-0.007510239013671645,0.00709934427052949,-0.007510239013671645,0.00709934427052949
facil_prefill-1024xdecode_128_ops_trace.csv,decode,0,0,21,GPU0,npu,8,"LN:-1,Add:-1,LN:-1,FFN_W3:0,FFN_W3:1,SwiGLU:0,SwiGLU:1,Add:-1",0.0001712978600718618,0.0002012160062789917,npu|decode|0|ff6dcf33668f3ebc9cf61e7eb43c6a84,0,sample_step,0.0001712978600718618,0.0002012160062789917,2.9918146207129906e-05,1.1746556915222341,2.9918146207129906e-05,1.1746556915222341
facil_prefill-1024xdecode_128_ops_trace.csv,decode,0,0,21,PIM0,pim,9,"Q:0,K:0,V:0,QK:0,Softmax:0,SV:0,O:0,FFN_W1:0,FFN_W2:0",0.007563938013671645,5.3699e-05,pim|decode|0|d9f2c5d5d25b036a5f39277c4750a787,0,sample_step,0.007563938013671645,5.3699e-05,-0.007510239013671645,0.00709934427052949,-0.007510239013671645,0.00709934427052949
facil_prefill-1024xdecode_128_ops_trace.csv,decode,0,0,21,PIM1,pim,9,"Q:1,K:1,V:1,QK:1,Softmax:1,SV:1,O:1,FFN_W1:1,FFN_W2:1",0.007563938013671645,5.3699e-05,pim|decode|0|73f0b93ba2927d0614be9f9ec9b9774c,0,sample_step,0.007563938013671645,5.3699e-05,-0.007510239013671645,0.00709934427052949,-0.007510239013671645,0.00709934427052949
facil_prefill-1024xdecode_128_ops_trace.csv,decode,0,0,22,GPU0,npu,8,"LN:-1,Add:-1,LN:-1,FFN_W3:0,FFN_W3:1,SwiGLU:0,SwiGLU:1,Add:-1",0.0001712978600718618,0.0002012160062789917,npu|decode|0|ff6dcf33668f3ebc9cf61e7eb43c6a84,0,sample_step,0.0001712978600718618,0.0002012160062789917,2.9918146207129906e-05,1.1746556915222341,2.9918146207129906e-05,1.1746556915222341
facil_prefill-1024xdecode_128_ops_trace.csv,decode,0,0,22,PIM0,pim,9,"Q:0,K:0,V:0,QK:0,Softmax:0,SV:0,O:0,FFN_W1:0,FFN_W2:0",0.007563938013671645,5.3699e-05,pim|decode|0|d9f2c5d5d25b036a5f39277c4750a787,0,sample_step,0.007563938013671645,5.3699e-05,-0.007510239013671645,0.00709934427052949,-0.007510239013671645,0.00709934427052949
facil_prefill-1024xdecode_128_ops_trace.csv,decode,0,0,22,PIM1,pim,9,"Q:1,K:1,V:1,QK:1,Softmax:1,SV:1,O:1,FFN_W1:1,FFN_W2:1",0.007563938013671645,5.3699e-05,pim|decode|0|73f0b93ba2927d0614be9f9ec9b9774c,0,sample_step,0.007563938013671645,5.3699e-05,-0.007510239013671645,0.00709934427052949,-0.007510239013671645,0.00709934427052949
facil_prefill-1024xdecode_128_ops_trace.csv,decode,0,0,23,GPU0,npu,8,"LN:-1,Add:-1,LN:-1,FFN_W3:0,FFN_W3:1,SwiGLU:0,SwiGLU:1,Add:-1",0.0001712978600718618,0.0002012160062789917,npu|decode|0|ff6dcf33668f3ebc9cf61e7eb43c6a84,0,sample_step,0.0001712978600718618,0.0002012160062789917,2.9918146207129906e-05,1.1746556915222341,2.9918146207129906e-05,1.1746556915222341
facil_prefill-1024xdecode_128_ops_trace.csv,decode,0,0,23,PIM0,pim,9,"Q:0,K:0,V:0,QK:0,Softmax:0,SV:0,O:0,FFN_W1:0,FFN_W2:0",0.007563938013671645,5.3699e-05,pim|decode|0|d9f2c5d5d25b036a5f39277c4750a787,0,sample_step,0.007563938013671645,5.3699e-05,-0.007510239013671645,0.00709934427052949,-0.007510239013671645,0.00709934427052949
facil_prefill-1024xdecode_128_ops_trace.csv,decode,0,0,23,PIM1,pim,9,"Q:1,K:1,V:1,QK:1,Softmax:1,SV:1,O:1,FFN_W1:1,FFN_W2:1",0.007563938013671645,5.3699e-05,pim|decode|0|73f0b93ba2927d0614be9f9ec9b9774c,0,sample_step,0.007563938013671645,5.3699e-05,-0.007510239013671645,0.00709934427052949,-0.007510239013671645,0.00709934427052949
facil_prefill-1024xdecode_128_ops_trace.csv,decode,0,0,24,GPU0,npu,8,"LN:-1,Add:-1,LN:-1,FFN_W3:0,FFN_W3:1,SwiGLU:0,SwiGLU:1,Add:-1",0.0001712978600718618,0.0002012160062789917,npu|decode|0|ff6dcf33668f3ebc9cf61e7eb43c6a84,0,sample_step,0.0001712978600718618,0.0002012160062789917,2.9918146207129906e-05,1.1746556915222341,2.9918146207129906e-05,1.1746556915222341
facil_prefill-1024xdecode_128_ops_trace.csv,decode,0,0,24,PIM0,pim,9,"Q:0,K:0,V:0,QK:0,Softmax:0,SV:0,O:0,FFN_W1:0,FFN_W2:0",0.007563938013671645,5.3699e-05,pim|decode|0|d9f2c5d5d25b036a5f39277c4750a787,0,sample_step,0.007563938013671645,5.3699e-05,-0.007510239013671645,0.00709934427052949,-0.007510239013671645,0.00709934427052949
facil_prefill-1024xdecode_128_ops_trace.csv,decode,0,0,24,PIM1,pim,9,"Q:1,K:1,V:1,QK:1,Softmax:1,SV:1,O:1,FFN_W1:1,FFN_W2:1",0.007563938013671645,5.3699e-05,pim|decode|0|73f0b93ba2927d0614be9f9ec9b9774c,0,sample_step,0.007563938013671645,5.3699e-05,-0.007510239013671645,0.00709934427052949,-0.007510239013671645,0.00709934427052949
facil_prefill-1024xdecode_128_ops_trace.csv,decode,0,0,25,GPU0,npu,8,"LN:-1,Add:-1,LN:-1,FFN_W3:0,FFN_W3:1,SwiGLU:0,SwiGLU:1,Add:-1",0.0001712978600718618,0.0002012160062789917,npu|decode|0|ff6dcf33668f3ebc9cf61e7eb43c6a84,0,sample_step,0.0001712978600718618,0.0002012160062789917,2.9918146207129906e-05,1.1746556915222341,2.9918146207129906e-05,1.1746556915222341
facil_prefill-1024xdecode_128_ops_trace.csv,decode,0,0,25,PIM0,pim,9,"Q:0,K:0,V:0,QK:0,Softmax:0,SV:0,O:0,FFN_W1:0,FFN_W2:0",0.007563938013671645,5.3699e-05,pim|decode|0|d9f2c5d5d25b036a5f39277c4750a787,0,sample_step,0.007563938013671645,5.3699e-05,-0.007510239013671645,0.00709934427052949,-0.007510239013671645,0.00709934427052949
facil_prefill-1024xdecode_128_ops_trace.csv,decode,0,0,25,PIM1,pim,9,"Q:1,K:1,V:1,QK:1,Softmax:1,SV:1,O:1,FFN_W1:1,FFN_W2:1",0.007563938013671645,5.3699e-05,pim|decode|0|73f0b93ba2927d0614be9f9ec9b9774c,0,sample_step,0.007563938013671645,5.3699e-05,-0.007510239013671645,0.00709934427052949,-0.007510239013671645,0.00709934427052949
facil_prefill-1024xdecode_128_ops_trace.csv,decode,0,0,26,GPU0,npu,8,"LN:-1,Add:-1,LN:-1,FFN_W3:0,FFN_W3:1,SwiGLU:0,SwiGLU:1,Add:-1",0.0001712978600718618,0.0002012160062789917,npu|decode|0|ff6dcf33668f3ebc9cf61e7eb43c6a84,0,sample_step,0.0001712978600718618,0.0002012160062789917,2.9918146207129906e-05,1.1746556915222341,2.9918146207129906e-05,1.1746556915222341
facil_prefill-1024xdecode_128_ops_trace.csv,decode,0,0,26,PIM0,pim,9,"Q:0,K:0,V:0,QK:0,Softmax:0,SV:0,O:0,FFN_W1:0,FFN_W2:0",0.007563938013671645,5.3699e-05,pim|decode|0|d9f2c5d5d25b036a5f39277c4750a787,0,sample_step,0.007563938013671645,5.3699e-05,-0.007510239013671645,0.00709934427052949,-0.007510239013671645,0.00709934427052949
facil_prefill-1024xdecode_128_ops_trace.csv,decode,0,0,26,PIM1,pim,9,"Q:1,K:1,V:1,QK:1,Softmax:1,SV:1,O:1,FFN_W1:1,FFN_W2:1",0.007563938013671645,5.3699e-05,pim|decode|0|73f0b93ba2927d0614be9f9ec9b9774c,0,sample_step,0.007563938013671645,5.3699e-05,-0.007510239013671645,0.00709934427052949,-0.007510239013671645,0.00709934427052949
facil_prefill-1024xdecode_128_ops_trace.csv,decode,0,0,27,GPU0,npu,8,"LN:-1,Add:-1,LN:-1,FFN_W3:0,FFN_W3:1,SwiGLU:0,SwiGLU:1,Add:-1",0.0001712978600718618,0.0002012160062789917,npu|decode|0|ff6dcf33668f3ebc9cf61e7eb43c6a84,0,sample_step,0.0001712978600718618,0.0002012160062789917,2.9918146207129906e-05,1.1746556915222341,2.9918146207129906e-05,1.1746556915222341
facil_prefill-1024xdecode_128_ops_trace.csv,decode,0,0,27,PIM0,pim,9,"Q:0,K:0,V:0,QK:0,Softmax:0,SV:0,O:0,FFN_W1:0,FFN_W2:0",0.007563938013671645,5.3699e-05,pim|decode|0|d9f2c5d5d25b036a5f39277c4750a787,0,sample_step,0.007563938013671645,5.3699e-05,-0.007510239013671645,0.00709934427052949,-0.007510239013671645,0.00709934427052949
facil_prefill-1024xdecode_128_ops_trace.csv,decode,0,0,27,PIM1,pim,9,"Q:1,K:1,V:1,QK:1,Softmax:1,SV:1,O:1,FFN_W1:1,FFN_W2:1",0.007563938013671645,5.3699e-05,pim|decode|0|73f0b93ba2927d0614be9f9ec9b9774c,0,sample_step,0.007563938013671645,5.3699e-05,-0.007510239013671645,0.00709934427052949,-0.007510239013671645,0.00709934427052949
facil_prefill-1024xdecode_128_ops_trace.csv,decode,0,0,28,GPU0,npu,8,"LN:-1,Add:-1,LN:-1,FFN_W3:0,FFN_W3:1,SwiGLU:0,SwiGLU:1,Add:-1",0.0001712978600718618,0.0002012160062789917,npu|decode|0|ff6dcf33668f3ebc9cf61e7eb43c6a84,0,sample_step,0.0001712978600718618,0.0002012160062789917,2.9918146207129906e-05,1.1746556915222341,2.9918146207129906e-05,1.1746556915222341
facil_prefill-1024xdecode_128_ops_trace.csv,decode,0,0,28,PIM0,pim,9,"Q:0,K:0,V:0,QK:0,Softmax:0,SV:0,O:0,FFN_W1:0,FFN_W2:0",0.007563938013671645,5.3699e-05,pim|decode|0|d9f2c5d5d25b036a5f39277c4750a787,0,sample_step,0.007563938013671645,5.3699e-05,-0.007510239013671645,0.00709934427052949,-0.007510239013671645,0.00709934427052949
facil_prefill-1024xdecode_128_ops_trace.csv,decode,0,0,28,PIM1,pim,9,"Q:1,K:1,V:1,QK:1,Softmax:1,SV:1,O:1,FFN_W1:1,FFN_W2:1",0.007563938013671645,5.3699e-05,pim|decode|0|73f0b93ba2927d0614be9f9ec9b9774c,0,sample_step,0.007563938013671645,5.3699e-05,-0.007510239013671645,0.00709934427052949,-0.007510239013671645,0.00709934427052949
facil_prefill-1024xdecode_128_ops_trace.csv,decode,0,0,29,GPU0,npu,8,"LN:-1,Add:-1,LN:-1,FFN_W3:0,FFN_W3:1,SwiGLU:0,SwiGLU:1,Add:-1",0.0001712978600718618,0.0002012160062789917,npu|decode|0|ff6dcf33668f3ebc9cf61e7eb43c6a84,0,sample_step,0.0001712978600718618,0.0002012160062789917,2.9918146207129906e-05,1.1746556915222341,2.9918146207129906e-05,1.1746556915222341
facil_prefill-1024xdecode_128_ops_trace.csv,decode,0,0,29,PIM0,pim,9,"Q:0,K:0,V:0,QK:0,Softmax:0,SV:0,O:0,FFN_W1:0,FFN_W2:0",0.007563938013671645,5.3699e-05,pim|decode|0|d9f2c5d5d25b036a5f39277c4750a787,0,sample_step,0.007563938013671645,5.3699e-05,-0.007510239013671645,0.00709934427052949,-0.007510239013671645,0.00709934427052949
facil_prefill-1024xdecode_128_ops_trace.csv,decode,0,0,29,PIM1,pim,9,"Q:1,K:1,V:1,QK:1,Softmax:1,SV:1,O:1,FFN_W1:1,FFN_W2:1",0.007563938013671645,5.3699e-05,pim|decode|0|73f0b93ba2927d0614be9f9ec9b9774c,0,sample_step,0.007563938013671645,5.3699e-05,-0.007510239013671645,0.00709934427052949,-0.007510239013671645,0.00709934427052949
facil_prefill-1024xdecode_128_ops_trace.csv,decode,0,0,30,GPU0,npu,8,"LN:-1,Add:-1,LN:-1,FFN_W3:0,FFN_W3:1,SwiGLU:0,SwiGLU:1,Add:-1",0.0001712978600718618,0.0002012160062789917,npu|decode|0|ff6dcf33668f3ebc9cf61e7eb43c6a84,0,sample_step,0.0001712978600718618,0.0002012160062789917,2.9918146207129906e-05,1.1746556915222341,2.9918146207129906e-05,1.1746556915222341
facil_prefill-1024xdecode_128_ops_trace.csv,decode,0,0,30,PIM0,pim,9,"Q:0,K:0,V:0,QK:0,Softmax:0,SV:0,O:0,FFN_W1:0,FFN_W2:0",0.007563938013671645,5.3699e-05,pim|decode|0|d9f2c5d5d25b036a5f39277c4750a787,0,sample_step,0.007563938013671645,5.3699e-05,-0.007510239013671645,0.00709934427052949,-0.007510239013671645,0.00709934427052949
facil_prefill-1024xdecode_128_ops_trace.csv,decode,0,0,30,PIM1,pim,9,"Q:1,K:1,V:1,QK:1,Softmax:1,SV:1,O:1,FFN_W1:1,FFN_W2:1",0.007563938013671645,5.3699e-05,pim|decode|0|73f0b93ba2927d0614be9f9ec9b9774c,0,sample_step,0.007563938013671645,5.3699e-05,-0.007510239013671645,0.00709934427052949,-0.007510239013671645,0.00709934427052949
facil_prefill-1024xdecode_128_ops_trace.csv,decode,0,0,31,GPU0,npu,8,"LN:-1,Add:-1,LN:-1,FFN_W3:0,FFN_W3:1,SwiGLU:0,SwiGLU:1,Add:-1",0.0001712978600718618,0.0002012160062789917,npu|decode|0|ff6dcf33668f3ebc9cf61e7eb43c6a84,0,sample_step,0.0001712978600718618,0.0002012160062789917,2.9918146207129906e-05,1.1746556915222341,2.9918146207129906e-05,1.1746556915222341
facil_prefill-1024xdecode_128_ops_trace.csv,decode,0,0,31,PIM0,pim,9,"Q:0,K:0,V:0,QK:0,Softmax:0,SV:0,O:0,FFN_W1:0,FFN_W2:0",0.007563938013671645,5.3699e-05,pim|decode|0|d9f2c5d5d25b036a5f39277c4750a787,0,sample_step,0.007563938013671645,5.3699e-05,-0.007510239013671645,0.00709934427052949,-0.007510239013671645,0.00709934427052949
facil_prefill-1024xdecode_128_ops_trace.csv,decode,0,0,31,PIM1,pim,9,"Q:1,K:1,V:1,QK:1,Softmax:1,SV:1,O:1,FFN_W1:1,FFN_W2:1",0.007563938013671645,5.3699e-05,pim|decode|0|73f0b93ba2927d0614be9f9ec9b9774c,0,sample_step,0.007563938013671645,5.3699e-05,-0.007510239013671645,0.00709934427052949,-0.007510239013671645,0.00709934427052949
facil_prefill-1024xdecode_128_ops_trace.csv,decode,1,1,0,GPU0,npu,8,"LN:-1,Add:-1,LN:-1,FFN_W3:0,FFN_W3:1,SwiGLU:0,SwiGLU:1,Add:-1",0.0001712978600718618,0.00019650559425354002,npu|decode|1|ff6dcf33668f3ebc9cf61e7eb43c6a84,1,sample_step,0.010791765184527293,0.012379852437973021,2.5207734181678226e-05,1.1471573210027448,0.0015880872534457281,1.1471573210027448
facil_prefill-1024xdecode_128_ops_trace.csv,decode,1,1,0,PIM0,pim,9,"Q:0,K:0,V:0,QK:0,Softmax:0,SV:0,O:0,FFN_W1:0,FFN_W2:0",6.263969671638225e-05,5.3699e-05,pim|decode|1|d9f2c5d5d25b036a5f39277c4750a787,1,sample_step,0.003946300893132082,0.003383037,-8.940696716382252e-06,0.8572678798739461,-0.0005632638931320818,0.8572678798739461
facil_prefill-1024xdecode_128_ops_trace.csv,decode,1,1,0,PIM1,pim,9,"Q:1,K:1,V:1,QK:1,Softmax:1,SV:1,O:1,FFN_W1:1,FFN_W2:1",6.263969671638225e-05,5.3699e-05,pim|decode|1|73f0b93ba2927d0614be9f9ec9b9774c,1,sample_step,0.003946300893132082,0.003383037,-8.940696716382252e-06,0.8572678798739461,-0.0005632638931320818,0.8572678798739461
facil_prefill-1024xdecode_128_ops_trace.csv,decode,1,1,1,GPU0,npu,8,"LN:-1,Add:-1,LN:-1,FFN_W3:0,FFN_W3:1,SwiGLU:0,SwiGLU:1,Add:-1",0.0001712978600718618,0.00019650559425354002,npu|decode|1|ff6dcf33668f3ebc9cf61e7eb43c6a84,1,sample_step,0.010791765184527293,0.012379852437973021,2.5207734181678226e-05,1.1471573210027448,0.0015880872534457281,1.1471573210027448
facil_prefill-1024xdecode_128_ops_trace.csv,decode,1,1,1,PIM0,pim,9,"Q:0,K:0,V:0,QK:0,Softmax:0,SV:0,O:0,FFN_W1:0,FFN_W2:0",6.263969671638225e-05,5.3699e-05,pim|decode|1|d9f2c5d5d25b036a5f39277c4750a787,1,sample_step,0.003946300893132082,0.003383037,-8.940696716382252e-06,0.8572678798739461,-0.0005632638931320818,0.8572678798739461
facil_prefill-1024xdecode_128_ops_trace.csv,decode,1,1,1,PIM1,pim,9,"Q:1,K:1,V:1,QK:1,Softmax:1,SV:1,O:1,FFN_W1:1,FFN_W2:1",6.263969671638225e-05,5.3699e-05,pim|decode|1|73f0b93ba2927d0614be9f9ec9b9774c,1,sample_step,0.003946300893132082,0.003383037,-8.940696716382252e-06,0.8572678798739461,-0.0005632638931320818,0.8572678798739461
facil_prefill-1024xdecode_128_ops_trace.csv,decode,1,1,2,GPU0,npu,8,"LN:-1,Add:-1,LN:-1,FFN_W3:0,FFN_W3:1,SwiGLU:0,SwiGLU:1,Add:-1",0.0001712978600718618,0.00019650559425354002,npu|decode|1|ff6dcf33668f3ebc9cf61e7eb43c6a84,1,sample_step,0.010791765184527293,0.012379852437973021,2.5207734181678226e-05,1.1471573210027448,0.0015880872534457281,1.1471573210027448
facil_prefill-1024xdecode_128_ops_trace.csv,decode,1,1,2,PIM0,pim,9,"Q:0,K:0,V:0,QK:0,Softmax:0,SV:0,O:0,FFN_W1:0,FFN_W2:0",6.263969671638225e-05,5.3699e-05,pim|decode|1|d9f2c5d5d25b036a5f39277c4750a787,1,sample_step,0.003946300893132082,0.003383037,-8.940696716382252e-06,0.8572678798739461,-0.0005632638931320818,0.8572678798739461
facil_prefill-1024xdecode_128_ops_trace.csv,decode,1,1,2,PIM1,pim,9,"Q:1,K:1,V:1,QK:1,Softmax:1,SV:1,O:1,FFN_W1:1,FFN_W2:1",6.263969671638225e-05,5.3699e-05,pim|decode|1|73f0b93ba2927d0614be9f9ec9b9774c,1,sample_step,0.003946300893132082,0.003383037,-8.940696716382252e-06,0.8572678798739461,-0.0005632638931320818,0.8572678798739461
facil_prefill-1024xdecode_128_ops_trace.csv,decode,1,1,3,GPU0,npu,8,"LN:-1,Add:-1,LN:-1,FFN_W3:0,FFN_W3:1,SwiGLU:0,SwiGLU:1,Add:-1",0.0001712978600718618,0.00019650559425354002,npu|decode|1|ff6dcf33668f3ebc9cf61e7eb43c6a84,1,sample_step,0.010791765184527293,0.012379852437973021,2.5207734181678226e-05,1.1471573210027448,0.0015880872534457281,1.1471573210027448
facil_prefill-1024xdecode_128_ops_trace.csv,decode,1,1,3,PIM0,pim,9,"Q:0,K:0,V:0,QK:0,Softmax:0,SV:0,O:0,FFN_W1:0,FFN_W2:0",6.263969671638225e-05,5.3699e-05,pim|decode|1|d9f2c5d5d25b036a5f39277c4750a787,1,sample_step,0.003946300893132082,0.003383037,-8.940696716382252e-06,0.8572678798739461,-0.0005632638931320818,0.8572678798739461
facil_prefill-1024xdecode_128_ops_trace.csv,decode,1,1,3,PIM1,pim,9,"Q:1,K:1,V:1,QK:1,Softmax:1,SV:1,O:1,FFN_W1:1,FFN_W2:1",6.263969671638225e-05,5.3699e-05,pim|decode|1|73f0b93ba2927d0614be9f9ec9b9774c,1,sample_step,0.003946300893132082,0.003383037,-8.940696716382252e-06,0.8572678798739461,-0.0005632638931320818,0.8572678798739461
facil_prefill-1024xdecode_128_ops_trace.csv,decode,1,1,4,GPU0,npu,8,"LN:-1,Add:-1,LN:-1,FFN_W3:0,FFN_W3:1,SwiGLU:0,SwiGLU:1,Add:-1",0.0001712978600718618,0.00019650559425354002,npu|decode|1|ff6dcf33668f3ebc9cf61e7eb43c6a84,1,sample_step,0.010791765184527293,0.012379852437973021,2.5207734181678226e-05,1.1471573210027448,0.0015880872534457281,1.1471573210027448
facil_prefill-1024xdecode_128_ops_trace.csv,decode,1,1,4,PIM0,pim,9,"Q:0,K:0,V:0,QK:0,Softmax:0,SV:0,O:0,FFN_W1:0,FFN_W2:0",6.263969671638225e-05,5.3699e-05,pim|decode|1|d9f2c5d5d25b036a5f39277c4750a787,1,sample_step,0.003946300893132082,0.003383037,-8.940696716382252e-06,0.8572678798739461,-0.0005632638931320818,0.8572678798739461
facil_prefill-1024xdecode_128_ops_trace.csv,decode,1,1,4,PIM1,pim,9,"Q:1,K:1,V:1,QK:1,Softmax:1,SV:1,O:1,FFN_W1:1,FFN_W2:1",6.263969671638225e-05,5.3699e-05,pim|decode|1|73f0b93ba2927d0614be9f9ec9b9774c,1,sample_step,0.003946300893132082,0.003383037,-8.940696716382252e-06,0.8572678798739461,-0.0005632638931320818,0.8572678798739461
facil_prefill-1024xdecode_128_ops_trace.csv,decode,1,1,5,GPU0,npu,8,"LN:-1,Add:-1,LN:-1,FFN_W3:0,FFN_W3:1,SwiGLU:0,SwiGLU:1,Add:-1",0.0001712978600718618,0.00019650559425354002,npu|decode|1|ff6dcf33668f3ebc9cf61e7eb43c6a84,1,sample_step,0.010791765184527293,0.012379852437973021,2.5207734181678226e-05,1.1471573210027448,0.0015880872534457281,1.1471573210027448
facil_prefill-1024xdecode_128_ops_trace.csv,decode,1,1,5,PIM0,pim,9,"Q:0,K:0,V:0,QK:0,Softmax:0,SV:0,O:0,FFN_W1:0,FFN_W2:0",6.263969671638225e-05,5.3699e-05,pim|decode|1|d9f2c5d5d25b036a5f39277c4750a787,1,sample_step,0.003946300893132082,0.003383037,-8.940696716382252e-06,0.8572678798739461,-0.0005632638931320818,0.8572678798739461
facil_prefill-1024xdecode_128_ops_trace.csv,decode,1,1,5,PIM1,pim,9,"Q:1,K:1,V:1,QK:1,Softmax:1,SV:1,O:1,FFN_W1:1,FFN_W2:1",6.263969671638225e-05,5.3699e-05,pim|decode|1|73f0b93ba2927d0614be9f9ec9b9774c,1,sample_step,0.003946300893132082,0.003383037,-8.940696716382252e-06,0.8572678798739461,-0.0005632638931320818,0.8572678798739461
facil_prefill-1024xdecode_128_ops_trace.csv,decode,1,1,6,GPU0,npu,8,"LN:-1,Add:-1,LN:-1,FFN_W3:0,FFN_W3:1,SwiGLU:0,SwiGLU:1,Add:-1",0.0001712978600718618,0.00019650559425354002,npu|decode|1|ff6dcf33668f3ebc9cf61e7eb43c6a84,1,sample_step,0.010791765184527293,0.012379852437973021,2.5207734181678226e-05,1.1471573210027448,0.0015880872534457281,1.1471573210027448
facil_prefill-1024xdecode_128_ops_trace.csv,decode,1,1,6,PIM0,pim,9,"Q:0,K:0,V:0,QK:0,Softmax:0,SV:0,O:0,FFN_W1:0,FFN_W2:0",6.263969671638225e-05,5.3699e-05,pim|decode|1|d9f2c5d5d25b036a5f39277c4750a787,1,sample_step,0.003946300893132082,0.003383037,-8.940696716382252e-06,0.8572678798739461,-0.0005632638931320818,0.8572678798739461
facil_prefill-1024xdecode_128_ops_trace.csv,decode,1,1,6,PIM1,pim,9,"Q:1,K:1,V:1,QK:1,Softmax:1,SV:1,O:1,FFN_W1:1,FFN_W2:1",6.263969671638225e-05,5.3699e-05,pim|decode|1|73f0b93ba2927d0614be9f9ec9b9774c,1,sample_step,0.003946300893132082,0.003383037,-8.940696716382252e-06,0.8572678798739461,-0.0005632638931320818,0.8572678798739461
facil_prefill-1024xdecode_128_ops_trace.csv,decode,1,1,7,GPU0,npu,8,"LN:-1,Add:-1,LN:-1,FFN_W3:0,FFN_W3:1,SwiGLU:0,SwiGLU:1,Add:-1",0.0001712978600718618,0.00019650559425354002,npu|decode|1|ff6dcf33668f3ebc9cf61e7eb43c6a84,1,sample_step,0.010791765184527293,0.012379852437973021,2.5207734181678226e-05,1.1471573210027448,0.0015880872534457281,1.1471573210027448
facil_prefill-1024xdecode_128_ops_trace.csv,decode,1,1,7,PIM0,pim,9,"Q:0,K:0,V:0,QK:0,Softmax:0,SV:0,O:0,FFN_W1:0,FFN_W2:0",6.263969671638225e-05,5.3699e-05,pim|decode|1|d9f2c5d5d25b036a5f39277c4750a787,1,sample_step,0.003946300893132082,0.003383037,-8.940696716382252e-06,0.8572678798739461,-0.0005632638931320818,0.8572678798739461
facil_prefill-1024xdecode_128_ops_trace.csv,decode,1,1,7,PIM1,pim,9,"Q:1,K:1,V:1,QK:1,Softmax:1,SV:1,O:1,FFN_W1:1,FFN_W2:1",6.263969671638225e-05,5.3699e-05,pim|decode|1|73f0b93ba2927d0614be9f9ec9b9774c,1,sample_step,0.003946300893132082,0.003383037,-8.940696716382252e-06,0.8572678798739461,-0.0005632638931320818,0.8572678798739461
facil_prefill-1024xdecode_128_ops_trace.csv,decode,1,1,8,GPU0,npu,8,"LN:-1,Add:-1,LN:-1,FFN_W3:0,FFN_W3:1,SwiGLU:0,SwiGLU:1,Add:-1",0.0001712978600718618,0.00019650559425354002,npu|decode|1|ff6dcf33668f3ebc9cf61e7eb43c6a84,1,sample_step,0.010791765184527293,0.012379852437973021,2.5207734181678226e-05,1.1471573210027448,0.0015880872534457281,1.1471573210027448
facil_prefill-1024xdecode_128_ops_trace.csv,decode,1,1,8,PIM0,pim,9,"Q:0,K:0,V:0,QK:0,Softmax:0,SV:0,O:0,FFN_W1:0,FFN_W2:0",6.263969671638225e-05,5.3699e-05,pim|decode|1|d9f2c5d5d25b036a5f39277c4750a787,1,sample_step,0.003946300893132082,0.003383037,-8.940696716382252e-06,0.8572678798739461,-0.0005632638931320818,0.8572678798739461
facil_prefill-1024xdecode_128_ops_trace.csv,decode,1,1,8,PIM1,pim,9,"Q:1,K:1,V:1,QK:1,Softmax:1,SV:1,O:1,FFN_W1:1,FFN_W2:1",6.263969671638225e-05,5.3699e-05,pim|decode|1|73f0b93ba2927d0614be9f9ec9b9774c,1,sample_step,0.003946300893132082,0.003383037,-8.940696716382252e-06,0.8572678798739461,-0.0005632638931320818,0.8572678798739461
facil_prefill-1024xdecode_128_ops_trace.csv,decode,1,1,9,GPU0,npu,8,"LN:-1,Add:-1,LN:-1,FFN_W3:0,FFN_W3:1,SwiGLU:0,SwiGLU:1,Add:-1",0.0001712978600718618,0.00019650559425354002,npu|decode|1|ff6dcf33668f3ebc9cf61e7eb43c6a84,1,sample_step,0.010791765184527293,0.012379852437973021,2.5207734181678226e-05,1.1471573210027448,0.0015880872534457281,1.1471573210027448
facil_prefill-1024xdecode_128_ops_trace.csv,decode,1,1,9,PIM0,pim,9,"Q:0,K:0,V:0,QK:0,Softmax:0,SV:0,O:0,FFN_W1:0,FFN_W2:0",6.263969671638225e-05,5.3699e-05,pim|decode|1|d9f2c5d5d25b036a5f39277c4750a787,1,sample_step,0.003946300893132082,0.003383037,-8.940696716382252e-06,0.8572678798739461,-0.0005632638931320818,0.8572678798739461
facil_prefill-1024xdecode_128_ops_trace.csv,decode,1,1,9,PIM1,pim,9,"Q:1,K:1,V:1,QK:1,Softmax:1,SV:1,O:1,FFN_W1:1,FFN_W2:1",6.263969671638225e-05,5.3699e-05,pim|decode|1|73f0b93ba2927d0614be9f9ec9b9774c,1,sample_step,0.003946300893132082,0.003383037,-8.940696716382252e-06,0.8572678798739461,-0.0005632638931320818,0.8572678798739461
facil_prefill-1024xdecode_128_ops_trace.csv,decode,1,1,10,GPU0,npu,8,"LN:-1,Add:-1,LN:-1,FFN_W3:0,FFN_W3:1,SwiGLU:0,SwiGLU:1,Add:-1",0.0001712978600718618,0.00019650559425354002,npu|decode|1|ff6dcf33668f3ebc9cf61e7eb43c6a84,1,sample_step,0.010791765184527293,0.012379852437973021,2.5207734181678226e-05,1.1471573210027448,0.0015880872534457281,1.1471573210027448
facil_prefill-1024xdecode_128_ops_trace.csv,decode,1,1,10,PIM0,pim,9,"Q:0,K:0,V:0,QK:0,Softmax:0,SV:0,O:0,FFN_W1:0,FFN_W2:0",6.263969671638225e-05,5.3699e-05,pim|decode|1|d9f2c5d5d25b036a5f39277c4750a787,1,sample_step,0.003946300893132082,0.003383037,-8.940696716382252e-06,0.8572678798739461,-0.0005632638931320818,0.8572678798739461
facil_prefill-1024xdecode_128_ops_trace.csv,decode,1,1,10,PIM1,pim,9,"Q:1,K:1,V:1,QK:1,Softmax:1,SV:1,O:1,FFN_W1:1,FFN_W2:1",6.263969671638225e-05,5.3699e-05,pim|decode|1|73f0b93ba2927d0614be9f9ec9b9774c,1,sample_step,0.003946300893132082,0.003383037,-8.940696716382252e-06,0.8572678798739461,-0.0005632638931320818,0.8572678798739461
facil_prefill-1024xdecode_128_ops_trace.csv,decode,1,1,11,GPU0,npu,8,"LN:-1,Add:-1,LN:-1,FFN_W3:0,FFN_W3:1,SwiGLU:0,SwiGLU:1,Add:-1",0.0001712978600718618,0.00019650559425354002,npu|decode|1|ff6dcf33668f3ebc9cf61e7eb43c6a84,1,sample_step,0.010791765184527293,0.012379852437973021,2.5207734181678226e-05,1.1471573210027448,0.0015880872534457281,1.1471573210027448
facil_prefill-1024xdecode_128_ops_trace.csv,decode,1,1,11,PIM0,pim,9,"Q:0,K:0,V:0,QK:0,Softmax:0,SV:0,O:0,FFN_W1:0,FFN_W2:0",6.263969671638225e-05,5.3699e-05,pim|decode|1|d9f2c5d5d25b036a5f39277c4750a787,1,sample_step,0.003946300893132082,0.003383037,-8.940696716382252e-06,0.8572678798739461,-0.0005632638931320818,0.8572678798739461
facil_prefill-1024xdecode_128_ops_trace.csv,decode,1,1,11,PIM1,pim,9,"Q:1,K:1,V:1,QK:1,Softmax:1,SV:1,O:1,FFN_W1:1,FFN_W2:1",6.263969671638225e-05,5.3699e-05,pim|decode|1|73f0b93ba2927d0614be9f9ec9b9774c,1,sample_step,0.003946300893132082,0.003383037,-8.940696716382252e-06,0.8572678798739461,-0.0005632638931320818,0.8572678798739461
facil_prefill-1024xdecode_128_ops_trace.csv,decode,1,1,12,GPU0,npu,8,"LN:-1,Add:-1,LN:-1,FFN_W3:0,FFN_W3:1,SwiGLU:0,SwiGLU:1,Add:-1",0.0001712978600718618,0.00019650559425354002,npu|decode|1|ff6dcf33668f3ebc9cf61e7eb43c6a84,1,sample_step,0.010791765184527293,0.012379852437973021,2.5207734181678226e-05,1.1471573210027448,0.0015880872534457281,1.1471573210027448
facil_prefill-1024xdecode_128_ops_trace.csv,decode,1,1,12,PIM0,pim,9,"Q:0,K:0,V:0,QK:0,Softmax:0,SV:0,O:0,FFN_W1:0,FFN_W2:0",6.263969671638225e-05,5.3699e-05,pim|decode|1|d9f2c5d5d25b036a5f39277c4750a787,1,sample_step,0.003946300893132082,0.003383037,-8.940696716382252e-06,0.8572678798739461,-0.0005632638931320818,0.8572678798739461
facil_prefill-1024xdecode_128_ops_trace.csv,decode,1,1,12,PIM1,pim,9,"Q:1,K:1,V:1,QK:1,Softmax:1,SV:1,O:1,FFN_W1:1,FFN_W2:1",6.263969671638225e-05,5.3699e-05,pim|decode|1|73f0b93ba2927d0614be9f9ec9b9774c,1,sample_step,0.003946300893132082,0.003383037,-8.940696716382252e-06,0.8572678798739461,-0.0005632638931320818,0.8572678798739461
facil_prefill-1024xdecode_128_ops_trace.csv,decode,1,1,13,GPU0,npu,8,"LN:-1,Add:-1,LN:-1,FFN_W3:0,FFN_W3:1,SwiGLU:0,SwiGLU:1,Add:-1",0.0001712978600718618,0.00019650559425354002,npu|decode|1|ff6dcf33668f3ebc9cf61e7eb43c6a84,1,sample_step,0.010791765184527293,0.012379852437973021,2.5207734181678226e-05,1.1471573210027448,0.0015880872534457281,1.1471573210027448
facil_prefill-1024xdecode_128_ops_trace.csv,decode,1,1,13,PIM0,pim,9,"Q:0,K:0,V:0,QK:0,Softmax:0,SV:0,O:0,FFN_W1:0,FFN_W2:0",6.263969671638225e-05,5.3699e-05,pim|decode|1|d9f2c5d5d25b036a5f39277c4750a787,1,sample_step,0.003946300893132082,0.003383037,-8.940696716382252e-06,0.8572678798739461,-0.0005632638931320818,0.8572678798739461
facil_prefill-1024xdecode_128_ops_trace.csv,decode,1,1,13,PIM1,pim,9,"Q:1,K:1,V:1,QK:1,Softmax:1,SV:1,O:1,FFN_W1:1,FFN_W2:1",6.263969671638225e-05,5.3699e-05,pim|decode|1|73f0b93ba2927d0614be9f9ec9b9774c,1,sample_step,0.003946300893132082,0.003383037,-8.940696716382252e-06,0.8572678798739461,-0.0005632638931320818,0.8572678798739461
facil_prefill-1024xdecode_128_ops_trace.csv,decode,1,1,14,GPU0,npu,8,"LN:-1,Add:-1,LN:-1,FFN_W3:0,FFN_W3:1,SwiGLU:0,SwiGLU:1,Add:-1",0.0001712978600718618,0.00019650559425354002,npu|decode|1|ff6dcf33668f3ebc9cf61e7eb43c6a84,1,sample_step,0.010791765184527293,0.012379852437973021,2.5207734181678226e-05,1.1471573210027448,0.0015880872534457281,1.1471573210027448
facil_prefill-1024xdecode_128_ops_trace.csv,decode,1,1,14,PIM0,pim,9,"Q:0,K:0,V:0,QK:0,Softmax:0,SV:0,O:0,FFN_W1:0,FFN_W2:0",6.263969671638225e-05,5.3699e-05,pim|decode|1|d9f2c5d5d25b036a5f39277c4750a787,1,sample_step,0.003946300893132082,0.003383037,-8.940696716382252e-06,0.8572678798739461,-0.0005632638931320818,0.8572678798739461
facil_prefill-1024xdecode_128_ops_trace.csv,decode,1,1,14,PIM1,pim,9,"Q:1,K:1,V:1,QK:1,Softmax:1,SV:1,O:1,FFN_W1:1,FFN_W2:1",6.263969671638225e-05,5.3699e-05,pim|decode|1|73f0b93ba2927d0614be9f9ec9b9774c,1,sample_step,0.003946300893132082,0.003383037,-8.940696716382252e-06,0.8572678798739461,-0.0005632638931320818,0.8572678798739461
facil_prefill-1024xdecode_128_ops_trace.csv,decode,1,1,15,GPU0,npu,8,"LN:-1,Add:-1,LN:-1,FFN_W3:0,FFN_W3:1,SwiGLU:0,SwiGLU:1,Add:-1",0.0001712978600718618,0.00019650559425354002,npu|decode|1|ff6dcf33668f3ebc9cf61e7eb43c6a84,1,sample_step,0.010791765184527293,0.012379852437973021,2.5207734181678226e-05,1.1471573210027448,0.0015880872534457281,1.1471573210027448
facil_prefill-1024xdecode_128_ops_trace.csv,decode,1,1,15,PIM0,pim,9,"Q:0,K:0,V:0,QK:0,Softmax:0,SV:0,O:0,FFN_W1:0,FFN_W2:0",6.263969671638225e-05,5.3699e-05,pim|decode|1|d9f2c5d5d25b036a5f39277c4750a787,1,sample_step,0.003946300893132082,0.003383037,-8.940696716382252e-06,0.8572678798739461,-0.0005632638931320818,0.8572678798739461
facil_prefill-1024xdecode_128_ops_trace.csv,decode,1,1,15,PIM1,pim,9,"Q:1,K:1,V:1,QK:1,Softmax:1,SV:1,O:1,FFN_W1:1,FFN_W2:1",6.263969671638225e-05,5.3699e-05,pim|decode|1|73f0b93ba2927d0614be9f9ec9b9774c,1,sample_step,0.003946300893132082,0.003383037,-8.940696716382252e-06,0.8572678798739461,-0.0005632638931320818,0.8572678798739461
facil_prefill-1024xdecode_128_ops_trace.csv,decode,1,1,16,GPU0,npu,8,"LN:-1,Add:-1,LN:-1,FFN_W3:0,FFN_W3:1,SwiGLU:0,SwiGLU:1,Add:-1",0.0001712978600718618,0.00019650559425354002,npu|decode|1|ff6dcf33668f3ebc9cf61e7eb43c6a84,1,sample_step,0.010791765184527293,0.012379852437973021,2.5207734181678226e-05,1.1471573210027448,0.0015880872534457281,1.1471573210027448
facil_prefill-1024xdecode_128_ops_trace.csv,decode,1,1,16,PIM0,pim,9,"Q:0,K:0,V:0,QK:0,Softmax:0,SV:0,O:0,FFN_W1:0,FFN_W2:0",6.263969671638225e-05,5.3699e-05,pim|decode|1|d9f2c5d5d25b036a5f39277c4750a787,1,sample_step,0.003946300893132082,0.003383037,-8.940696716382252e-06,0.8572678798739461,-0.0005632638931320818,0.8572678798739461
facil_prefill-1024xdecode_128_ops_trace.csv,decode,1,1,16,PIM1,pim,9,"Q:1,K:1,V:1,QK:1,Softmax:1,SV:1,O:1,FFN_W1:1,FFN_W2:1",6.263969671638225e-05,5.3699e-05,pim|decode|1|73f0b93ba2927d0614be9f9ec9b9774c,1,sample_step,0.003946300893132082,0.003383037,-8.940696716382252e-06,0.8572678798739461,-0.0005632638931320818,0.8572678798739461
facil_prefill-1024xdecode_128_ops_trace.csv,decode,1,1,17,GPU0,npu,8,"LN:-1,Add:-1,LN:-1,FFN_W3:0,FFN_W3:1,SwiGLU:0,SwiGLU:1,Add:-1",0.0001712978600718618,0.00019650559425354002,npu|decode|1|ff6dcf33668f3ebc9cf61e7eb43c6a84,1,sample_step,0.010791765184527293,0.012379852437973021,2.5207734181678226e-05,1.1471573210027448,0.0015880872534457281,1.1471573210027448
facil_prefill-1024xdecode_128_ops_trace.csv,decode,1,1,17,PIM0,pim,9,"Q:0,K:0,V:0,QK:0,Softmax:0,SV:0,O:0,FFN_W1:0,FFN_W2:0",6.263969671638225e-05,5.3699e-05,pim|decode|1|d9f2c5d5d25b036a5f39277c4750a787,1,sample_step,0.003946300893132082,0.003383037,-8.940696716382252e-06,0.8572678798739461,-0.0005632638931320818,0.8572678798739461
facil_prefill-1024xdecode_128_ops_trace.csv,decode,1,1,17,PIM1,pim,9,"Q:1,K:1,V:1,QK:1,Softmax:1,SV:1,O:1,FFN_W1:1,FFN_W2:1",6.263969671638225e-05,5.3699e-05,pim|decode|1|73f0b93ba2927d0614be9f9ec9b9774c,1,sample_step,0.003946300893132082,0.003383037,-8.940696716382252e-06,0.8572678798739461,-0.0005632638931320818,0.8572678798739461
facil_prefill-1024xdecode_128_ops_trace.csv,decode,1,1,18,GPU0,npu,8,"LN:-1,Add:-1,LN:-1,FFN_W3:0,FFN_W3:1,SwiGLU:0,SwiGLU:1,Add:-1",0.0001712978600718618,0.00019650559425354002,npu|decode|1|ff6dcf33668f3ebc9cf61e7eb43c6a84,1,sample_step,0.010791765184527293,0.012379852437973021,2.5207734181678226e-05,1.1471573210027448,0.0015880872534457281,1.1471573210027448
facil_prefill-1024xdecode_128_ops_trace.csv,decode,1,1,18,PIM0,pim,9,"Q:0,K:0,V:0,QK:0,Softmax:0,SV:0,O:0,FFN_W1:0,FFN_W2:0",6.263969671638225e-05,5.3699e-05,pim|decode|1|d9f2c5d5d25b036a5f39277c4750a787,1,sample_step,0.003946300893132082,0.003383037,-8.940696716382252e-06,0.8572678798739461,-0.0005632638931320818,0.8572678798739461
facil_prefill-1024xdecode_128_ops_trace.csv,decode,1,1,18,PIM1,pim,9,"Q:1,K:1,V:1,QK:1,Softmax:1,SV:1,O:1,FFN_W1:1,FFN_W2:1",6.263969671638225e-05,5.3699e-05,pim|decode|1|73f0b93ba2927d0614be9f9ec9b9774c,1,sample_step,0.003946300893132082,0.003383037,-8.940696716382252e-06,0.8572678798739461,-0.0005632638931320818,0.8572678798739461
facil_prefill-1024xdecode_128_ops_trace.csv,decode,1,1,19,GPU0,npu,8,"LN:-1,Add:-1,LN:-1,FFN_W3:0,FFN_W3:1,SwiGLU:0,SwiGLU:1,Add:-1",0.0001712978600718618,0.00019650559425354002,npu|decode|1|ff6dcf33668f3ebc9cf61e7eb43c6a84,1,sample_step,0.010791765184527293,0.012379852437973021,2.5207734181678226e-05,1.1471573210027448,0.0015880872534457281,1.1471573210027448
facil_prefill-1024xdecode_128_ops_trace.csv,decode,1,1,19,PIM0,pim,9,"Q:0,K:0,V:0,QK:0,Softmax:0,SV:0,O:0,FFN_W1:0,FFN_W2:0",6.263969671638225e-05,5.3699e-05,pim|decode|1|d9f2c5d5d25b036a5f39277c4750a787,1,sample_step,0.003946300893132082,0.003383037,-8.940696716382252e-06,0.8572678798739461,-0.0005632638931320818,0.8572678798739461
facil_prefill-1024xdecode_128_ops_trace.csv,decode,1,1,19,PIM1,pim,9,"Q:1,K:1,V:1,QK:1,Softmax:1,SV:1,O:1,FFN_W1:1,FFN_W2:1",6.263969671638225e-05,5.3699e-05,pim|decode|1|73f0b93ba2927d0614be9f9ec9b9774c,1,sample_step,0.003946300893132082,0.003383037,-8.940696716382252e-06,0.8572678798739461,-0.0005632638931320818,0.8572678798739461
facil_prefill-1024xdecode_128_ops_trace.csv,decode,1,1,20,GPU0,npu,8,"LN:-1,Add:-1,LN:-1,FFN_W3:0,FFN_W3:1,SwiGLU:0,SwiGLU:1,Add:-1",0.0001712978600718618,0.00019650559425354002,npu|decode|1|ff6dcf33668f3ebc9cf61e7eb43c6a84,1,sample_step,0.010791765184527293,0.012379852437973021,2.5207734181678226e-05,1.1471573210027448,0.0015880872534457281,1.1471573210027448
facil_prefill-1024xdecode_128_ops_trace.csv,decode,1,1,20,PIM0,pim,9,"Q:0,K:0,V:0,QK:0,Softmax:0,SV:0,O:0,FFN_W1:0,FFN_W2:0",6.263969671638225e-05,5.3699e-05,pim|decode|1|d9f2c5d5d25b036a5f39277c4750a787,1,sample_step,0.003946300893132082,0.003383037,-8.940696716382252e-06,0.8572678798739461,-0.0005632638931320818,0.8572678798739461
facil_prefill-1024xdecode_128_ops_trace.csv,decode,1,1,20,PIM1,pim,9,"Q:1,K:1,V:1,QK:1,Softmax:1,SV:1,O:1,FFN_W1:1,FFN_W2:1",6.263969671638225e-05,5.3699e-05,pim|decode|1|73f0b93ba2927d0614be9f9ec9b9774c,1,sample_step,0.003946300893132082,0.003383037,-8.940696716382252e-06,0.8572678798739461,-0.0005632638931320818,0.8572678798739461
facil_prefill-1024xdecode_128_ops_trace.csv,decode,1,1,21,GPU0,npu,8,"LN:-1,Add:-1,LN:-1,FFN_W3:0,FFN_W3:1,SwiGLU:0,SwiGLU:1,Add:-1",0.0001712978600718618,0.00019650559425354002,npu|decode|1|ff6dcf33668f3ebc9cf61e7eb43c6a84,1,sample_step,0.010791765184527293,0.012379852437973021,2.5207734181678226e-05,1.1471573210027448,0.0015880872534457281,1.1471573210027448
facil_prefill-1024xdecode_128_ops_trace.csv,decode,1,1,21,PIM0,pim,9,"Q:0,K:0,V:0,QK:0,Softmax:0,SV:0,O:0,FFN_W1:0,FFN_W2:0",6.263969671638225e-05,5.3699e-05,pim|decode|1|d9f2c5d5d25b036a5f39277c4750a787,1,sample_step,0.003946300893132082,0.003383037,-8.940696716382252e-06,0.8572678798739461,-0.0005632638931320818,0.8572678798739461
facil_prefill-1024xdecode_128_ops_trace.csv,decode,1,1,21,PIM1,pim,9,"Q:1,K:1,V:1,QK:1,Softmax:1,SV:1,O:1,FFN_W1:1,FFN_W2:1",6.263969671638225e-05,5.3699e-05,pim|decode|1|73f0b93ba2927d0614be9f9ec9b9774c,1,sample_step,0.003946300893132082,0.003383037,-8.940696716382252e-06,0.8572678798739461,-0.0005632638931320818,0.8572678798739461
facil_prefill-1024xdecode_128_ops_trace.csv,decode,1,1,22,GPU0,npu,8,"LN:-1,Add:-1,LN:-1,FFN_W3:0,FFN_W3:1,SwiGLU:0,SwiGLU:1,Add:-1",0.0001712978600718618,0.00019650559425354002,npu|decode|1|ff6dcf33668f3ebc9cf61e7eb43c6a84,1,sample_step,0.010791765184527293,0.012379852437973021,2.5207734181678226e-05,1.1471573210027448,0.0015880872534457281,1.1471573210027448
facil_prefill-1024xdecode_128_ops_trace.csv,decode,1,1,22,PIM0,pim,9,"Q:0,K:0,V:0,QK:0,Softmax:0,SV:0,O:0,FFN_W1:0,FFN_W2:0",6.263969671638225e-05,5.3699e-05,pim|decode|1|d9f2c5d5d25b036a5f39277c4750a787,1,sample_step,0.003946300893132082,0.003383037,-8.940696716382252e-06,0.8572678798739461,-0.0005632638931320818,0.8572678798739461
facil_prefill-1024xdecode_128_ops_trace.csv,decode,1,1,22,PIM1,pim,9,"Q:1,K:1,V:1,QK:1,Softmax:1,SV:1,O:1,FFN_W1:1,FFN_W2:1",6.263969671638225e-05,5.3699e-05,pim|decode|1|73f0b93ba2927d0614be9f9ec9b9774c,1,sample_step,0.003946300893132082,0.003383037,-8.940696716382252e-06,0.8572678798739461,-0.0005632638931320818,0.8572678798739461
facil_prefill-1024xdecode_128_ops_trace.csv,decode,1,1,23,GPU0,npu,8,"LN:-1,Add:-1,LN:-1,FFN_W3:0,FFN_W3:1,SwiGLU:0,SwiGLU:1,Add:-1",0.0001712978600718618,0.00019650559425354002,npu|decode|1|ff6dcf33668f3ebc9cf61e7eb43c6a84,1,sample_step,0.010791765184527293,0.012379852437973021,2.5207734181678226e-05,1.1471573210027448,0.0015880872534457281,1.1471573210027448
facil_prefill-1024xdecode_128_ops_trace.csv,decode,1,1,23,PIM0,pim,9,"Q:0,K:0,V:0,QK:0,Softmax:0,SV:0,O:0,FFN_W1:0,FFN_W2:0",6.263969671638225e-05,5.3699e-05,pim|decode|1|d9f2c5d5d25b036a5f39277c4750a787,1,sample_step,0.003946300893132082,0.003383037,-8.940696716382252e-06,0.8572678798739461,-0.0005632638931320818,0.8572678798739461
facil_prefill-1024xdecode_128_ops_trace.csv,decode,1,1,23,PIM1,pim,9,"Q:1,K:1,V:1,QK:1,Softmax:1,SV:1,O:1,FFN_W1:1,FFN_W2:1",6.263969671638225e-05,5.3699e-05,pim|decode|1|73f0b93ba2927d0614be9f9ec9b9774c,1,sample_step,0.003946300893132082,0.003383037,-8.940696716382252e-06,0.8572678798739461,-0.0005632638931320818,0.8572678798739461
facil_prefill-1024xdecode_128_ops_trace.csv,decode,1,1,24,GPU0,npu,8,"LN:-1,Add:-1,LN:-1,FFN_W3:0,FFN_W3:1,SwiGLU:0,SwiGLU:1,Add:-1",0.0001712978600718618,0.00019650559425354002,npu|decode|1|ff6dcf33668f3ebc9cf61e7eb43c6a84,1,sample_step,0.010791765184527293,0.012379852437973021,2.5207734181678226e-05,1.1471573210027448,0.0015880872534457281,1.1471573210027448
facil_prefill-1024xdecode_128_ops_trace.csv,decode,1,1,24,PIM0,pim,9,"Q:0,K:0,V:0,QK:0,Softmax:0,SV:0,O:0,FFN_W1:0,FFN_W2:0",6.263969671638225e-05,5.3699e-05,pim|decode|1|d9f2c5d5d25b036a5f39277c4750a787,1,sample_step,0.003946300893132082,0.003383037,-8.940696716382252e-06,0.8572678798739461,-0.0005632638931320818,0.8572678798739461
facil_prefill-1024xdecode_128_ops_trace.csv,decode,1,1,24,PIM1,pim,9,"Q:1,K:1,V:1,QK:1,Softmax:1,SV:1,O:1,FFN_W1:1,FFN_W2:1",6.263969671638225e-05,5.3699e-05,pim|decode|1|73f0b93ba2927d0614be9f9ec9b9774c,1,sample_step,0.003946300893132082,0.003383037,-8.940696716382252e-06,0.8572678798739461,-0.0005632638931320818,0.8572678798739461
facil_prefill-1024xdecode_128_ops_trace.csv,decode,1,1,25,GPU0,npu,8,"LN:-1,Add:-1,LN:-1,FFN_W3:0,FFN_W3:1,SwiGLU:0,SwiGLU:1,Add:-1",0.0001712978600718618,0.00019650559425354002,npu|decode|1|ff6dcf33668f3ebc9cf61e7eb43c6a84,1,sample_step,0.010791765184527293,0.012379852437973021,2.5207734181678226e-05,1.1471573210027448,0.0015880872534457281,1.1471573210027448
facil_prefill-1024xdecode_128_ops_trace.csv,decode,1,1,25,PIM0,pim,9,"Q:0,K:0,V:0,QK:0,Softmax:0,SV:0,O:0,FFN_W1:0,FFN_W2:0",6.263969671638225e-05,5.3699e-05,pim|decode|1|d9f2c5d5d25b036a5f39277c4750a787,1,sample_step,0.003946300893132082,0.003383037,-8.940696716382252e-06,0.8572678798739461,-0.0005632638931320818,0.8572678798739461
facil_prefill-1024xdecode_128_ops_trace.csv,decode,1,1,25,PIM1,pim,9,"Q:1,K:1,V:1,QK:1,Softmax:1,SV:1,O:1,FFN_W1:1,FFN_W2:1",6.263969671638225e-05,5.3699e-05,pim|decode|1|73f0b93ba2927d0614be9f9ec9b9774c,1,sample_step,0.003946300893132082,0.003383037,-8.940696716382252e-06,0.8572678798739461,-0.0005632638931320818,0.8572678798739461
facil_prefill-1024xdecode_128_ops_trace.csv,decode,1,1,26,GPU0,npu,8,"LN:-1,Add:-1,LN:-1,FFN_W3:0,FFN_W3:1,SwiGLU:0,SwiGLU:1,Add:-1",0.0001712978600718618,0.00019650559425354002,npu|decode|1|ff6dcf33668f3ebc9cf61e7eb43c6a84,1,sample_step,0.010791765184527293,0.012379852437973021,2.5207734181678226e-05,1.1471573210027448,0.0015880872534457281,1.1471573210027448
facil_prefill-1024xdecode_128_ops_trace.csv,decode,1,1,26,PIM0,pim,9,"Q:0,K:0,V:0,QK:0,Softmax:0,SV:0,O:0,FFN_W1:0,FFN_W2:0",6.263969671638225e-05,5.3699e-05,pim|decode|1|d9f2c5d5d25b036a5f39277c4750a787,1,sample_step,0.003946300893132082,0.003383037,-8.940696716382252e-06,0.8572678798739461,-0.0005632638931320818,0.8572678798739461
facil_prefill-1024xdecode_128_ops_trace.csv,decode,1,1,26,PIM1,pim,9,"Q:1,K:1,V:1,QK:1,Softmax:1,SV:1,O:1,FFN_W1:1,FFN_W2:1",6.263969671638225e-05,5.3699e-05,pim|decode|1|73f0b93ba2927d0614be9f9ec9b9774c,1,sample_step,0.003946300893132082,0.003383037,-8.940696716382252e-06,0.8572678798739461,-0.0005632638931320818,0.8572678798739461
facil_prefill-1024xdecode_128_ops_trace.csv,decode,1,1,27,GPU0,npu,8,"LN:-1,Add:-1,LN:-1,FFN_W3:0,FFN_W3:1,SwiGLU:0,SwiGLU:1,Add:-1",0.0001712978600718618,0.00019650559425354002,npu|decode|1|ff6dcf33668f3ebc9cf61e7eb43c6a84,1,sample_step,0.010791765184527293,0.012379852437973021,2.5207734181678226e-05,1.1471573210027448,0.0015880872534457281,1.1471573210027448
facil_prefill-1024xdecode_128_ops_trace.csv,decode,1,1,27,PIM0,pim,9,"Q:0,K:0,V:0,QK:0,Softmax:0,SV:0,O:0,FFN_W1:0,FFN_W2:0",6.263969671638225e-05,5.3699e-05,pim|decode|1|d9f2c5d5d25b036a5f39277c4750a787,1,sample_step,0.003946300893132082,0.003383037,-8.940696716382252e-06,0.8572678798739461,-0.0005632638931320818,0.8572678798739461
facil_prefill-1024xdecode_128_ops_trace.csv,decode,1,1,27,PIM1,pim,9,"Q:1,K:1,V:1,QK:1,Softmax:1,SV:1,O:1,FFN_W1:1,FFN_W2:1",6.263969671638225e-05,5.3699e-05,pim|decode|1|73f0b93ba2927d0614be9f9ec9b9774c,1,sample_step,0.003946300893132082,0.003383037,-8.940696716382252e-06,0.8572678798739461,-0.0005632638931320818,0.8572678798739461
facil_prefill-1024xdecode_128_ops_trace.csv,decode,1,1,28,GPU0,npu,8,"LN:-1,Add:-1,LN:-1,FFN_W3:0,FFN_W3:1,SwiGLU:0,SwiGLU:1,Add:-1",0.0001712978600718618,0.00019650559425354002,npu|decode|1|ff6dcf33668f3ebc9cf61e7eb43c6a84,1,sample_step,0.010791765184527293,0.012379852437973021,2.5207734181678226e-05,1.1471573210027448,0.0015880872534457281,1.1471573210027448
facil_prefill-1024xdecode_128_ops_trace.csv,decode,1,1,28,PIM0,pim,9,"Q:0,K:0,V:0,QK:0,Softmax:0,SV:0,O:0,FFN_W1:0,FFN_W2:0",6.263969671638225e-05,5.3699e-05,pim|decode|1|d9f2c5d5d25b036a5f39277c4750a787,1,sample_step,0.003946300893132082,0.003383037,-8.940696716382252e-06,0.8572678798739461,-0.0005632638931320818,0.8572678798739461
facil_prefill-1024xdecode_128_ops_trace.csv,decode,1,1,28,PIM1,pim,9,"Q:1,K:1,V:1,QK:1,Softmax:1,SV:1,O:1,FFN_W1:1,FFN_W2:1",6.263969671638225e-05,5.3699e-05,pim|decode|1|73f0b93ba2927d0614be9f9ec9b9774c,1,sample_step,0.003946300893132082,0.003383037,-8.940696716382252e-06,0.8572678798739461,-0.0005632638931320818,0.8572678798739461
facil_prefill-1024xdecode_128_ops_trace.csv,decode,1,1,29,GPU0,npu,8,"LN:-1,Add:-1,LN:-1,FFN_W3:0,FFN_W3:1,SwiGLU:0,SwiGLU:1,Add:-1",0.0001712978600718618,0.00019650559425354002,npu|decode|1|ff6dcf33668f3ebc9cf61e7eb43c6a84,1,sample_step,0.010791765184527293,0.012379852437973021,2.5207734181678226e-05,1.1471573210027448,0.0015880872534457281,1.1471573210027448
facil_prefill-1024xdecode_128_ops_trace.csv,decode,1,1,29,PIM0,pim,9,"Q:0,K:0,V:0,QK:0,Softmax:0,SV:0,O:0,FFN_W1:0,FFN_W2:0",6.263969671638225e-05,5.3699e-05,pim|decode|1|d9f2c5d5d25b036a5f39277c4750a787,1,sample_step,0.003946300893132082,0.003383037,-8.940696716382252e-06,0.8572678798739461,-0.0005632638931320818,0.8572678798739461
facil_prefill-1024xdecode_128_ops_trace.csv,decode,1,1,29,PIM1,pim,9,"Q:1,K:1,V:1,QK:1,Softmax:1,SV:1,O:1,FFN_W1:1,FFN_W2:1",6.263969671638225e-05,5.3699e-05,pim|decode|1|73f0b93ba2927d0614be9f9ec9b9774c,1,sample_step,0.003946300893132082,0.003383037,-8.940696716382252e-06,0.8572678798739461,-0.0005632638931320818,0.8572678798739461
facil_prefill-1024xdecode_128_ops_trace.csv,decode,1,1,30,GPU0,npu,8,"LN:-1,Add:-1,LN:-1,FFN_W3:0,FFN_W3:1,SwiGLU:0,SwiGLU:1,Add:-1",0.0001712978600718618,0.00019650559425354002,npu|decode|1|ff6dcf33668f3ebc9cf61e7eb43c6a84,1,sample_step,0.010791765184527293,0.012379852437973021,2.5207734181678226e-05,1.1471573210027448,0.0015880872534457281,1.1471573210027448
facil_prefill-1024xdecode_128_ops_trace.csv,decode,1,1,30,PIM0,pim,9,"Q:0,K:0,V:0,QK:0,Softmax:0,SV:0,O:0,FFN_W1:0,FFN_W2:0",6.263969671638225e-05,5.3699e-05,pim|decode|1|d9f2c5d5d25b036a5f39277c4750a787,1,sample_step,0.003946300893132082,0.003383037,-8.940696716382252e-06,0.8572678798739461,-0.0005632638931320818,0.8572678798739461
facil_prefill-1024xdecode_128_ops_trace.csv,decode,1,1,30,PIM1,pim,9,"Q:1,K:1,V:1,QK:1,Softmax:1,SV:1,O:1,FFN_W1:1,FFN_W2:1",6.263969671638225e-05,5.3699e-05,pim|decode|1|73f0b93ba2927d0614be9f9ec9b9774c,1,sample_step,0.003946300893132082,0.003383037,-8.940696716382252e-06,0.8572678798739461,-0.0005632638931320818,0.8572678798739461
facil_prefill-1024xdecode_128_ops_trace.csv,decode,1,1,31,GPU0,npu,8,"LN:-1,Add:-1,LN:-1,FFN_W3:0,FFN_W3:1,SwiGLU:0,SwiGLU:1,Add:-1",0.0001712978600718618,0.00019650559425354002,npu|decode|1|ff6dcf33668f3ebc9cf61e7eb43c6a84,1,sample_step,0.010791765184527293,0.012379852437973021,2.5207734181678226e-05,1.1471573210027448,0.0015880872534457281,1.1471573210027448
facil_prefill-1024xdecode_128_ops_trace.csv,decode,1,1,31,PIM0,pim,9,"Q:0,K:0,V:0,QK:0,Softmax:0,SV:0,O:0,FFN_W1:0,FFN_W2:0",6.263969671638225e-05,5.3699e-05,pim|decode|1|d9f2c5d5d25b036a5f39277c4750a787,1,sample_step,0.003946300893132082,0.003383037,-8.940696716382252e-06,0.8572678798739461,-0.0005632638931320818,0.8572678798739461
facil_prefill-1024xdecode_128_ops_trace.csv,decode,1,1,31,PIM1,pim,9,"Q:1,K:1,V:1,QK:1,Softmax:1,SV:1,O:1,FFN_W1:1,FFN_W2:1",6.263969671638225e-05,5.3699e-05,pim|decode|1|73f0b93ba2927d0614be9f9ec9b9774c,1,sample_step,0.003946300893132082,0.003383037,-8.940696716382252e-06,0.8572678798739461,-0.0005632638931320818,0.8572678798739461
facil_prefill-1024xdecode_128_ops_trace.csv,decode,2,63,0,GPU0,npu,8,"LN:-1,Add:-1,LN:-1,FFN_W3:0,FFN_W3:1,SwiGLU:0,SwiGLU:1,Add:-1",0.00017129786007163972,0.00019384319782257082,npu|decode|2|ff6dcf33668f3ebc9cf61e7eb43c6a84,2,sample_step,0.010963063044584942,0.012405964660644532,2.25453377509311e-05,1.1316148242686876,0.0014429016160595904,1.1316148242686876
facil_prefill-1024xdecode_128_ops_trace.csv,decode,2,63,0,PIM0,pim,9,"Q:0,K:0,V:0,QK:0,Softmax:0,SV:0,O:0,FFN_W1:0,FFN_W2:0",6.281369671623516e-05,5.3873000000000004e-05,pim|decode|2|d9f2c5d5d25b036a5f39277c4750a787,2,sample_step,0.00402007658983905,0.0034478720000000003,-8.940696716235153e-06,0.8576632616191129,-0.0005722045898390498,0.8576632616191129
facil_prefill-1024xdecode_128_ops_trace.csv,decode,2,63,0,PIM1,pim,9,"Q:1,K:1,V:1,QK:1,Softmax:1,SV:1,O:1,FFN_W1:1,FFN_W2:1",6.281369671623516e-05,5.3873000000000004e-05,pim|decode|2|73f0b93ba2927d0614be9f9ec9b9774c,2,sample_step,0.00402007658983905,0.0034478720000000003,-8.940696716235153e-06,0.8576632616191129,-0.0005722045898390498,0.8576632616191129
facil_prefill-1024xdecode_128_ops_trace.csv,decode,2,63,1,GPU0,npu,8,"LN:-1,Add:-1,LN:-1,FFN_W3:0,FFN_W3:1,SwiGLU:0,SwiGLU:1,Add:-1",0.00017129786007163972,0.00019384319782257082,npu|decode|2|ff6dcf33668f3ebc9cf61e7eb43c6a84,2,sample_step,0.010963063044584942,0.012405964660644532,2.25453377509311e-05,1.1316148242686876,0.0014429016160595904,1.1316148242686876
facil_prefill-1024xdecode_128_ops_trace.csv,decode,2,63,1,PIM0,pim,9,"Q:0,K:0,V:0,QK:0,Softmax:0,SV:0,O:0,FFN_W1:0,FFN_W2:0",6.281369671623516e-05,5.3873000000000004e-05,pim|decode|2|d9f2c5d5d25b036a5f39277c4750a787,2,sample_step,0.00402007658983905,0.0034478720000000003,-8.940696716235153e-06,0.8576632616191129,-0.0005722045898390498,0.8576632616191129
facil_prefill-1024xdecode_128_ops_trace.csv,decode,2,63,1,PIM1,pim,9,"Q:1,K:1,V:1,QK:1,Softmax:1,SV:1,O:1,FFN_W1:1,FFN_W2:1",6.281369671623516e-05,5.3873000000000004e-05,pim|decode|2|73f0b93ba2927d0614be9f9ec9b9774c,2,sample_step,0.00402007658983905,0.0034478720000000003,-8.940696716235153e-06,0.8576632616191129,-0.0005722045898390498,0.8576632616191129
facil_prefill-1024xdecode_128_ops_trace.csv,decode,2,63,2,GPU0,npu,8,"LN:-1,Add:-1,LN:-1,FFN_W3:0,FFN_W3:1,SwiGLU:0,SwiGLU:1,Add:-1",0.00017129786007163972,0.00019384319782257082,npu|decode|2|ff6dcf33668f3ebc9cf61e7eb43c6a84,2,sample_step,0.010963063044584942,0.012405964660644532,2.25453377509311e-05,1.1316148242686876,0.0014429016160595904,1.1316148242686876
facil_prefill-1024xdecode_128_ops_trace.csv,decode,2,63,2,PIM0,pim,9,"Q:0,K:0,V:0,QK:0,Softmax:0,SV:0,O:0,FFN_W1:0,FFN_W2:0",6.281369671623516e-05,5.3873000000000004e-05,pim|decode|2|d9f2c5d5d25b036a5f39277c4750a787,2,sample_step,0.00402007658983905,0.0034478720000000003,-8.940696716235153e-06,0.8576632616191129,-0.0005722045898390498,0.8576632616191129
facil_prefill-1024xdecode_128_ops_trace.csv,decode,2,63,2,PIM1,pim,9,"Q:1,K:1,V:1,QK:1,Softmax:1,SV:1,O:1,FFN_W1:1,FFN_W2:1",6.281369671623516e-05,5.3873000000000004e-05,pim|decode|2|73f0b93ba2927d0614be9f9ec9b9774c,2,sample_step,0.00402007658983905,0.0034478720000000003,-8.940696716235153e-06,0.8576632616191129,-0.0005722045898390498,0.8576632616191129
facil_prefill-1024xdecode_128_ops_trace.csv,decode,2,63,3,GPU0,npu,8,"LN:-1,Add:-1,LN:-1,FFN_W3:0,FFN_W3:1,SwiGLU:0,SwiGLU:1,Add:-1",0.00017129786007163972,0.00019384319782257082,npu|decode|2|ff6dcf33668f3ebc9cf61e7eb43c6a84,2,sample_step,0.010963063044584942,0.012405964660644532,2.25453377509311e-05,1.1316148242686876,0.0014429016160595904,1.1316148242686876
facil_prefill-1024xdecode_128_ops_trace.csv,decode,2,63,3,PIM0,pim,9,"Q:0,K:0,V:0,QK:0,Softmax:0,SV:0,O:0,FFN_W1:0,FFN_W2:0",6.281369671623516e-05,5.3873000000000004e-05,pim|decode|2|d9f2c5d5d25b036a5f39277c4750a787,2,sample_step,0.00402007658983905,0.0034478720000000003,-8.940696716235153e-06,0.8576632616191129,-0.0005722045898390498,0.8576632616191129
facil_prefill-1024xdecode_128_ops_trace.csv,decode,2,63,3,PIM1,pim,9,"Q:1,K:1,V:1,QK:1,Softmax:1,SV:1,O:1,FFN_W1:1,FFN_W2:1",6.281369671623516e-05,5.3873000000000004e-05,pim|decode|2|73f0b93ba2927d0614be9f9ec9b9774c,2,sample_step,0.00402007658983905,0.0034478720000000003,-8.940696716235153e-06,0.8576632616191129,-0.0005722045898390498,0.8576632616191129
facil_prefill-1024xdecode_128_ops_trace.csv,decode,2,63,4,GPU0,npu,8,"LN:-1,Add:-1,LN:-1,FFN_W3:0,FFN_W3:1,SwiGLU:0,SwiGLU:1,Add:-1",0.00017129786007163972,0.00019384319782257082,npu|decode|2|ff6dcf33668f3ebc9cf61e7eb43c6a84,2,sample_step,0.010963063044584942,0.012405964660644532,2.25453377509311e-05,1.1316148242686876,0.0014429016160595904,1.1316148242686876
facil_prefill-1024xdecode_128_ops_trace.csv,decode,2,63,4,PIM0,pim,9,"Q:0,K:0,V:0,QK:0,Softmax:0,SV:0,O:0,FFN_W1:0,FFN_W2:0",6.281369671623516e-05,5.3873000000000004e-05,pim|decode|2|d9f2c5d5d25b036a5f39277c4750a787,2,sample_step,0.00402007658983905,0.0034478720000000003,-8.940696716235153e-06,0.8576632616191129,-0.0005722045898390498,0.8576632616191129
facil_prefill-1024xdecode_128_ops_trace.csv,decode,2,63,4,PIM1,pim,9,"Q:1,K:1,V:1,QK:1,Softmax:1,SV:1,O:1,FFN_W1:1,FFN_W2:1",6.281369671623516e-05,5.3873000000000004e-05,pim|decode|2|73f0b93ba2927d0614be9f9ec9b9774c,2,sample_step,0.00402007658983905,0.0034478720000000003,-8.940696716235153e-06,0.8576632616191129,-0.0005722045898390498,0.8576632616191129
facil_prefill-1024xdecode_128_ops_trace.csv,decode,2,63,5,GPU0,npu,8,"LN:-1,Add:-1,LN:-1,FFN_W3:0,FFN_W3:1,SwiGLU:0,SwiGLU:1,Add:-1",0.00017129786007163972,0.00019384319782257082,npu|decode|2|ff6dcf33668f3ebc9cf61e7eb43c6a84,2,sample_step,0.010963063044584942,0.012405964660644532,2.25453377509311e-05,1.1316148242686876,0.0014429016160595904,1.1316148242686876
facil_prefill-1024xdecode_128_ops_trace.csv,decode,2,63,5,PIM0,pim,9,"Q:0,K:0,V:0,QK:0,Softmax:0,SV:0,O:0,FFN_W1:0,FFN_W2:0",6.281369671623516e-05,5.3873000000000004e-05,pim|decode|2|d9f2c5d5d25b036a5f39277c4750a787,2,sample_step,0.00402007658983905,0.0034478720000000003,-8.940696716235153e-06,0.8576632616191129,-0.0005722045898390498,0.8576632616191129
facil_prefill-1024xdecode_128_ops_trace.csv,decode,2,63,5,PIM1,pim,9,"Q:1,K:1,V:1,QK:1,Softmax:1,SV:1,O:1,FFN_W1:1,FFN_W2:1",6.281369671623516e-05,5.3873000000000004e-05,pim|decode|2|73f0b93ba2927d0614be9f9ec9b9774c,2,sample_step,0.00402007658983905,0.0034478720000000003,-8.940696716235153e-06,0.8576632616191129,-0.0005722045898390498,0.8576632616191129
facil_prefill-1024xdecode_128_ops_trace.csv,decode,2,63,6,GPU0,npu,8,"LN:-1,Add:-1,LN:-1,FFN_W3:0,FFN_W3:1,SwiGLU:0,SwiGLU:1,Add:-1",0.00017129786007163972,0.00019384319782257082,npu|decode|2|ff6dcf33668f3ebc9cf61e7eb43c6a84,2,sample_step,0.010963063044584942,0.012405964660644532,2.25453377509311e-05,1.1316148242686876,0.0014429016160595904,1.1316148242686876
facil_prefill-1024xdecode_128_ops_trace.csv,decode,2,63,6,PIM0,pim,9,"Q:0,K:0,V:0,QK:0,Softmax:0,SV:0,O:0,FFN_W1:0,FFN_W2:0",6.281369671623516e-05,5.3873000000000004e-05,pim|decode|2|d9f2c5d5d25b036a5f39277c4750a787,2,sample_step,0.00402007658983905,0.0034478720000000003,-8.940696716235153e-06,0.8576632616191129,-0.0005722045898390498,0.8576632616191129
facil_prefill-1024xdecode_128_ops_trace.csv,decode,2,63,6,PIM1,pim,9,"Q:1,K:1,V:1,QK:1,Softmax:1,SV:1,O:1,FFN_W1:1,FFN_W2:1",6.281369671623516e-05,5.3873000000000004e-05,pim|decode|2|73f0b93ba2927d0614be9f9ec9b9774c,2,sample_step,0.00402007658983905,0.0034478720000000003,-8.940696716235153e-06,0.8576632616191129,-0.0005722045898390498,0.8576632616191129
facil_prefill-1024xdecode_128_ops_trace.csv,decode,2,63,7,GPU0,npu,8,"LN:-1,Add:-1,LN:-1,FFN_W3:0,FFN_W3:1,SwiGLU:0,SwiGLU:1,Add:-1",0.00017129786007163972,0.00019384319782257082,npu|decode|2|ff6dcf33668f3ebc9cf61e7eb43c6a84,2,sample_step,0.010963063044584942,0.012405964660644532,2.25453377509311e-05,1.1316148242686876,0.0014429016160595904,1.1316148242686876
facil_prefill-1024xdecode_128_ops_trace.csv,decode,2,63,7,PIM0,pim,9,"Q:0,K:0,V:0,QK:0,Softmax:0,SV:0,O:0,FFN_W1:0,FFN_W2:0",6.281369671623516e-05,5.3873000000000004e-05,pim|decode|2|d9f2c5d5d25b036a5f39277c4750a787,2,sample_step,0.00402007658983905,0.0034478720000000003,-8.940696716235153e-06,0.8576632616191129,-0.0005722045898390498,0.8576632616191129
facil_prefill-1024xdecode_128_ops_trace.csv,decode,2,63,7,PIM1,pim,9,"Q:1,K:1,V:1,QK:1,Softmax:1,SV:1,O:1,FFN_W1:1,FFN_W2:1",6.281369671623516e-05,5.3873000000000004e-05,pim|decode|2|73f0b93ba2927d0614be9f9ec9b9774c,2,sample_step,0.00402007658983905,0.0034478720000000003,-8.940696716235153e-06,0.8576632616191129,-0.0005722045898390498,0.8576632616191129
facil_prefill-1024xdecode_128_ops_trace.csv,decode,2,63,8,GPU0,npu,8,"LN:-1,Add:-1,LN:-1,FFN_W3:0,FFN_W3:1,SwiGLU:0,SwiGLU:1,Add:-1",0.00017129786007163972,0.00019384319782257082,npu|decode|2|ff6dcf33668f3ebc9cf61e7eb43c6a84,2,sample_step,0.010963063044584942,0.012405964660644532,2.25453377509311e-05,1.1316148242686876,0.0014429016160595904,1.1316148242686876
facil_prefill-1024xdecode_128_ops_trace.csv,decode,2,63,8,PIM0,pim,9,"Q:0,K:0,V:0,QK:0,Softmax:0,SV:0,O:0,FFN_W1:0,FFN_W2:0",6.281369671623516e-05,5.3873000000000004e-05,pim|decode|2|d9f2c5d5d25b036a5f39277c4750a787,2,sample_step,0.00402007658983905,0.0034478720000000003,-8.940696716235153e-06,0.8576632616191129,-0.0005722045898390498,0.8576632616191129
facil_prefill-1024xdecode_128_ops_trace.csv,decode,2,63,8,PIM1,pim,9,"Q:1,K:1,V:1,QK:1,Softmax:1,SV:1,O:1,FFN_W1:1,FFN_W2:1",6.281369671623516e-05,5.3873000000000004e-05,pim|decode|2|73f0b93ba2927d0614be9f9ec9b9774c,2,sample_step,0.00402007658983905,0.0034478720000000003,-8.940696716235153e-06,0.8576632616191129,-0.0005722045898390498,0.8576632616191129
facil_prefill-1024xdecode_128_ops_trace.csv,decode,2,63,9,GPU0,npu,8,"LN:-1,Add:-1,LN:-1,FFN_W3:0,FFN_W3:1,SwiGLU:0,SwiGLU:1,Add:-1",0.00017129786007163972,0.00019384319782257082,npu|decode|2|ff6dcf33668f3ebc9cf61e7eb43c6a84,2,sample_step,0.010963063044584942,0.012405964660644532,2.25453377509311e-05,1.1316148242686876,0.0014429016160595904,1.1316148242686876
facil_prefill-1024xdecode_128_ops_trace.csv,decode,2,63,9,PIM0,pim,9,"Q:0,K:0,V:0,QK:0,Softmax:0,SV:0,O:0,FFN_W1:0,FFN_W2:0",6.281369671623516e-05,5.3873000000000004e-05,pim|decode|2|d9f2c5d5d25b036a5f39277c4750a787,2,sample_step,0.00402007658983905,0.0034478720000000003,-8.940696716235153e-06,0.8576632616191129,-0.0005722045898390498,0.8576632616191129
facil_prefill-1024xdecode_128_ops_trace.csv,decode,2,63,9,PIM1,pim,9,"Q:1,K:1,V:1,QK:1,Softmax:1,SV:1,O:1,FFN_W1:1,FFN_W2:1",6.281369671623516e-05,5.3873000000000004e-05,pim|decode|2|73f0b93ba2927d0614be9f9ec9b9774c,2,sample_step,0.00402007658983905,0.0034478720000000003,-8.940696716235153e-06,0.8576632616191129,-0.0005722045898390498,0.8576632616191129
facil_prefill-1024xdecode_128_ops_trace.csv,decode,2,63,10,GPU0,npu,8,"LN:-1,Add:-1,LN:-1,FFN_W3:0,FFN_W3:1,SwiGLU:0,SwiGLU:1,Add:-1",0.00017129786007163972,0.00019384319782257082,npu|decode|2|ff6dcf33668f3ebc9cf61e7eb43c6a84,2,sample_step,0.010963063044584942,0.012405964660644532,2.25453377509311e-05,1.1316148242686876,0.0014429016160595904,1.1316148242686876
facil_prefill-1024xdecode_128_ops_trace.csv,decode,2,63,10,PIM0,pim,9,"Q:0,K:0,V:0,QK:0,Softmax:0,SV:0,O:0,FFN_W1:0,FFN_W2:0",6.281369671623516e-05,5.3873000000000004e-05,pim|decode|2|d9f2c5d5d25b036a5f39277c4750a787,2,sample_step,0.00402007658983905,0.0034478720000000003,-8.940696716235153e-06,0.8576632616191129,-0.0005722045898390498,0.8576632616191129
facil_prefill-1024xdecode_128_ops_trace.csv,decode,2,63,10,PIM1,pim,9,"Q:1,K:1,V:1,QK:1,Softmax:1,SV:1,O:1,FFN_W1:1,FFN_W2:1",6.281369671623516e-05,5.3873000000000004e-05,pim|decode|2|73f0b93ba2927d0614be9f9ec9b9774c,2,sample_step,0.00402007658983905,0.0034478720000000003,-8.940696716235153e-06,0.8576632616191129,-0.0005722045898390498,0.8576632616191129
facil_prefill-1024xdecode_128_ops_trace.csv,decode,2,63,11,GPU0,npu,8,"LN:-1,Add:-1,LN:-1,FFN_W3:0,FFN_W3:1,SwiGLU:0,SwiGLU:1,Add:-1",0.00017129786007163972,0.00019384319782257082,npu|decode|2|ff6dcf33668f3ebc9cf61e7eb43c6a84,2,sample_step,0.010963063044584942,0.012405964660644532,2.25453377509311e-05,1.1316148242686876,0.0014429016160595904,1.1316148242686876
facil_prefill-1024xdecode_128_ops_trace.csv,decode,2,63,11,PIM0,pim,9,"Q:0,K:0,V:0,QK:0,Softmax:0,SV:0,O:0,FFN_W1:0,FFN_W2:0",6.281369671623516e-05,5.3873000000000004e-05,pim|decode|2|d9f2c5d5d25b036a5f39277c4750a787,2,sample_step,0.00402007658983905,0.0034478720000000003,-8.940696716235153e-06,0.8576632616191129,-0.0005722045898390498,0.8576632616191129
facil_prefill-1024xdecode_128_ops_trace.csv,decode,2,63,11,PIM1,pim,9,"Q:1,K:1,V:1,QK:1,Softmax:1,SV:1,O:1,FFN_W1:1,FFN_W2:1",6.281369671623516e-05,5.3873000000000004e-05,pim|decode|2|73f0b93ba2927d0614be9f9ec9b9774c,2,sample_step,0.00402007658983905,0.0034478720000000003,-8.940696716235153e-06,0.8576632616191129,-0.0005722045898390498,0.8576632616191129
facil_prefill-1024xdecode_128_ops_trace.csv,decode,2,63,12,GPU0,npu,8,"LN:-1,Add:-1,LN:-1,FFN_W3:0,FFN_W3:1,SwiGLU:0,SwiGLU:1,Add:-1",0.00017129786007163972,0.00019384319782257082,npu|decode|2|ff6dcf33668f3ebc9cf61e7eb43c6a84,2,sample_step,0.010963063044584942,0.012405964660644532,2.25453377509311e-05,1.1316148242686876,0.0014429016160595904,1.1316148242686876
facil_prefill-1024xdecode_128_ops_trace.csv,decode,2,63,12,PIM0,pim,9,"Q:0,K:0,V:0,QK:0,Softmax:0,SV:0,O:0,FFN_W1:0,FFN_W2:0",6.281369671623516e-05,5.3873000000000004e-05,pim|decode|2|d9f2c5d5d25b036a5f39277c4750a787,2,sample_step,0.00402007658983905,0.0034478720000000003,-8.940696716235153e-06,0.8576632616191129,-0.0005722045898390498,0.8576632616191129
facil_prefill-1024xdecode_128_ops_trace.csv,decode,2,63,12,PIM1,pim,9,"Q:1,K:1,V:1,QK:1,Softmax:1,SV:1,O:1,FFN_W1:1,FFN_W2:1",6.281369671623516e-05,5.3873000000000004e-05,pim|decode|2|73f0b93ba2927d0614be9f9ec9b9774c,2,sample_step,0.00402007658983905,0.0034478720000000003,-8.940696716235153e-06,0.8576632616191129,-0.0005722045898390498,0.8576632616191129
facil_prefill-1024xdecode_128_ops_trace.csv,decode,2,63,13,GPU0,npu,8,"LN:-1,Add:-1,LN:-1,FFN_W3:0,FFN_W3:1,SwiGLU:0,SwiGLU:1,Add:-1",0.00017129786007163972,0.00019384319782257082,npu|decode|2|ff6dcf33668f3ebc9cf61e7eb43c6a84,2,sample_step,0.010963063044584942,0.012405964660644532,2.25453377509311e-05,1.1316148242686876,0.0014429016160595904,1.1316148242686876
facil_prefill-1024xdecode_128_ops_trace.csv,decode,2,63,13,PIM0,pim,9,"Q:0,K:0,V:0,QK:0,Softmax:0,SV:0,O:0,FFN_W1:0,FFN_W2:0",6.281369671623516e-05,5.3873000000000004e-05,pim|decode|2|d9f2c5d5d25b036a5f39277c4750a787,2,sample_step,0.00402007658983905,0.0034478720000000003,-8.940696716235153e-06,0.8576632616191129,-0.0005722045898390498,0.8576632616191129
facil_prefill-1024xdecode_128_ops_trace.csv,decode,2,63,13,PIM1,pim,9,"Q:1,K:1,V:1,QK:1,Softmax:1,SV:1,O:1,FFN_W1:1,FFN_W2:1",6.281369671623516e-05,5.3873000000000004e-05,pim|decode|2|73f0b93ba2927d0614be9f9ec9b9774c,2,sample_step,0.00402007658983905,0.0034478720000000003,-8.940696716235153e-06,0.8576632616191129,-0.0005722045898390498,0.8576632616191129
facil_prefill-1024xdecode_128_ops_trace.csv,decode,2,63,14,GPU0,npu,8,"LN:-1,Add:-1,LN:-1,FFN_W3:0,FFN_W3:1,SwiGLU:0,SwiGLU:1,Add:-1",0.00017129786007163972,0.00019384319782257082,npu|decode|2|ff6dcf33668f3ebc9cf61e7eb43c6a84,2,sample_step,0.010963063044584942,0.012405964660644532,2.25453377509311e-05,1.1316148242686876,0.0014429016160595904,1.1316148242686876
facil_prefill-1024xdecode_128_ops_trace.csv,decode,2,63,14,PIM0,pim,9,"Q:0,K:0,V:0,QK:0,Softmax:0,SV:0,O:0,FFN_W1:0,FFN_W2:0",6.281369671623516e-05,5.3873000000000004e-05,pim|decode|2|d9f2c5d5d25b036a5f39277c4750a787,2,sample_step,0.00402007658983905,0.0034478720000000003,-8.940696716235153e-06,0.8576632616191129,-0.0005722045898390498,0.8576632616191129
facil_prefill-1024xdecode_128_ops_trace.csv,decode,2,63,14,PIM1,pim,9,"Q:1,K:1,V:1,QK:1,Softmax:1,SV:1,O:1,FFN_W1:1,FFN_W2:1",6.281369671623516e-05,5.3873000000000004e-05,pim|decode|2|73f0b93ba2927d0614be9f9ec9b9774c,2,sample_step,0.00402007658983905,0.0034478720000000003,-8.940696716235153e-06,0.8576632616191129,-0.0005722045898390498,0.8576632616191129
facil_prefill-1024xdecode_128_ops_trace.csv,decode,2,63,15,GPU0,npu,8,"LN:-1,Add:-1,LN:-1,FFN_W3:0,FFN_W3:1,SwiGLU:0,SwiGLU:1,Add:-1",0.00017129786007163972,0.00019384319782257082,npu|decode|2|ff6dcf33668f3ebc9cf61e7eb43c6a84,2,sample_step,0.010963063044584942,0.012405964660644532,2.25453377509311e-05,1.1316148242686876,0.0014429016160595904,1.1316148242686876
facil_prefill-1024xdecode_128_ops_trace.csv,decode,2,63,15,PIM0,pim,9,"Q:0,K:0,V:0,QK:0,Softmax:0,SV:0,O:0,FFN_W1:0,FFN_W2:0",6.281369671623516e-05,5.3873000000000004e-05,pim|decode|2|d9f2c5d5d25b036a5f39277c4750a787,2,sample_step,0.00402007658983905,0.0034478720000000003,-8.940696716235153e-06,0.8576632616191129,-0.0005722045898390498,0.8576632616191129
facil_prefill-1024xdecode_128_ops_trace.csv,decode,2,63,15,PIM1,pim,9,"Q:1,K:1,V:1,QK:1,Softmax:1,SV:1,O:1,FFN_W1:1,FFN_W2:1",6.281369671623516e-05,5.3873000000000004e-05,pim|decode|2|73f0b93ba2927d0614be9f9ec9b9774c,2,sample_step,0.00402007658983905,0.0034478720000000003,-8.940696716235153e-06,0.8576632616191129,-0.0005722045898390498,0.8576632616191129
facil_prefill-1024xdecode_128_ops_trace.csv,decode,2,63,16,GPU0,npu,8,"LN:-1,Add:-1,LN:-1,FFN_W3:0,FFN_W3:1,SwiGLU:0,SwiGLU:1,Add:-1",0.00017129786007163972,0.00019384319782257082,npu|decode|2|ff6dcf33668f3ebc9cf61e7eb43c6a84,2,sample_step,0.010963063044584942,0.012405964660644532,2.25453377509311e-05,1.1316148242686876,0.0014429016160595904,1.1316148242686876
facil_prefill-1024xdecode_128_ops_trace.csv,decode,2,63,16,PIM0,pim,9,"Q:0,K:0,V:0,QK:0,Softmax:0,SV:0,O:0,FFN_W1:0,FFN_W2:0",6.281369671623516e-05,5.3873000000000004e-05,pim|decode|2|d9f2c5d5d25b036a5f39277c4750a787,2,sample_step,0.00402007658983905,0.0034478720000000003,-8.940696716235153e-06,0.8576632616191129,-0.0005722045898390498,0.8576632616191129
facil_prefill-1024xdecode_128_ops_trace.csv,decode,2,63,16,PIM1,pim,9,"Q:1,K:1,V:1,QK:1,Softmax:1,SV:1,O:1,FFN_W1:1,FFN_W2:1",6.281369671623516e-05,5.3873000000000004e-05,pim|decode|2|73f0b93ba2927d0614be9f9ec9b9774c,2,sample_step,0.00402007658983905,0.0034478720000000003,-8.940696716235153e-06,0.8576632616191129,-0.0005722045898390498,0.8576632616191129
facil_prefill-1024xdecode_128_ops_trace.csv,decode,2,63,17,GPU0,npu,8,"LN:-1,Add:-1,LN:-1,FFN_W3:0,FFN_W3:1,SwiGLU:0,SwiGLU:1,Add:-1",0.00017129786007163972,0.00019384319782257082,npu|decode|2|ff6dcf33668f3ebc9cf61e7eb43c6a84,2,sample_step,0.010963063044584942,0.012405964660644532,2.25453377509311e-05,1.1316148242686876,0.0014429016160595904,1.1316148242686876
facil_prefill-1024xdecode_128_ops_trace.csv,decode,2,63,17,PIM0,pim,9,"Q:0,K:0,V:0,QK:0,Softmax:0,SV:0,O:0,FFN_W1:0,FFN_W2:0",6.281369671623516e-05,5.3873000000000004e-05,pim|decode|2|d9f2c5d5d25b036a5f39277c4750a787,2,sample_step,0.00402007658983905,0.0034478720000000003,-8.940696716235153e-06,0.8576632616191129,-0.0005722045898390498,0.8576632616191129
facil_prefill-1024xdecode_128_ops_trace.csv,decode,2,63,17,PIM1,pim,9,"Q:1,K:1,V:1,QK:1,Softmax:1,SV:1,O:1,FFN_W1:1,FFN_W2:1",6.281369671623516e-05,5.3873000000000004e-05,pim|decode|2|73f0b93ba2927d0614be9f9ec9b9774c,2,sample_step,0.00402007658983905,0.0034478720000000003,-8.940696716235153e-06,0.8576632616191129,-0.0005722045898390498,0.8576632616191129
facil_prefill-1024xdecode_128_ops_trace.csv,decode,2,63,18,GPU0,npu,8,"LN:-1,Add:-1,LN:-1,FFN_W3:0,FFN_W3:1,SwiGLU:0,SwiGLU:1,Add:-1",0.00017129786007163972,0.00019384319782257082,npu|decode|2|ff6dcf33668f3ebc9cf61e7eb43c6a84,2,sample_step,0.010963063044584942,0.012405964660644532,2.25453377509311e-05,1.1316148242686876,0.0014429016160595904,1.1316148242686876
facil_prefill-1024xdecode_128_ops_trace.csv,decode,2,63,18,PIM0,pim,9,"Q:0,K:0,V:0,QK:0,Softmax:0,SV:0,O:0,FFN_W1:0,FFN_W2:0",6.281369671623516e-05,5.3873000000000004e-05,pim|decode|2|d9f2c5d5d25b036a5f39277c4750a787,2,sample_step,0.00402007658983905,0.0034478720000000003,-8.940696716235153e-06,0.8576632616191129,-0.0005722045898390498,0.8576632616191129
facil_prefill-1024xdecode_128_ops_trace.csv,decode,2,63,18,PIM1,pim,9,"Q:1,K:1,V:1,QK:1,Softmax:1,SV:1,O:1,FFN_W1:1,FFN_W2:1",6.281369671623516e-05,5.3873000000000004e-05,pim|decode|2|73f0b93ba2927d0614be9f9ec9b9774c,2,sample_step,0.00402007658983905,0.0034478720000000003,-8.940696716235153e-06,0.8576632616191129,-0.0005722045898390498,0.8576632616191129
facil_prefill-1024xdecode_128_ops_trace.csv,decode,2,63,19,GPU0,npu,8,"LN:-1,Add:-1,LN:-1,FFN_W3:0,FFN_W3:1,SwiGLU:0,SwiGLU:1,Add:-1",0.00017129786007163972,0.00019384319782257082,npu|decode|2|ff6dcf33668f3ebc9cf61e7eb43c6a84,2,sample_step,0.010963063044584942,0.012405964660644532,2.25453377509311e-05,1.1316148242686876,0.0014429016160595904,1.1316148242686876
facil_prefill-1024xdecode_128_ops_trace.csv,decode,2,63,19,PIM0,pim,9,"Q:0,K:0,V:0,QK:0,Softmax:0,SV:0,O:0,FFN_W1:0,FFN_W2:0",6.281369671623516e-05,5.3873000000000004e-05,pim|decode|2|d9f2c5d5d25b036a5f39277c4750a787,2,sample_step,0.00402007658983905,0.0034478720000000003,-8.940696716235153e-06,0.8576632616191129,-0.0005722045898390498,0.8576632616191129
facil_prefill-1024xdecode_128_ops_trace.csv,decode,2,63,19,PIM1,pim,9,"Q:1,K:1,V:1,QK:1,Softmax:1,SV:1,O:1,FFN_W1:1,FFN_W2:1",6.281369671623516e-05,5.3873000000000004e-05,pim|decode|2|73f0b93ba2927d0614be9f9ec9b9774c,2,sample_step,0.00402007658983905,0.0034478720000000003,-8.940696716235153e-06,0.8576632616191129,-0.0005722045898390498,0.8576632616191129
facil_prefill-1024xdecode_128_ops_trace.csv,decode,2,63,20,GPU0,npu,8,"LN:-1,Add:-1,LN:-1,FFN_W3:0,FFN_W3:1,SwiGLU:0,SwiGLU:1,Add:-1",0.00017129786007163972,0.00019384319782257082,npu|decode|2|ff6dcf33668f3ebc9cf61e7eb43c6a84,2,sample_step,0.010963063044584942,0.012405964660644532,2.25453377509311e-05,1.1316148242686876,0.0014429016160595904,1.1316148242686876
facil_prefill-1024xdecode_128_ops_trace.csv,decode,2,63,20,PIM0,pim,9,"Q:0,K:0,V:0,QK:0,Softmax:0,SV:0,O:0,FFN_W1:0,FFN_W2:0",6.281369671623516e-05,5.3873000000000004e-05,pim|decode|2|d9f2c5d5d25b036a5f39277c4750a787,2,sample_step,0.00402007658983905,0.0034478720000000003,-8.940696716235153e-06,0.8576632616191129,-0.0005722045898390498,0.8576632616191129
facil_prefill-1024xdecode_128_ops_trace.csv,decode,2,63,20,PIM1,pim,9,"Q:1,K:1,V:1,QK:1,Softmax:1,SV:1,O:1,FFN_W1:1,FFN_W2:1",6.281369671623516e-05,5.3873000000000004e-05,pim|decode|2|73f0b93ba2927d0614be9f9ec9b9774c,2,sample_step,0.00402007658983905,0.0034478720000000003,-8.940696716235153e-06,0.8576632616191129,-0.0005722045898390498,0.8576632616191129
facil_prefill-1024xdecode_128_ops_trace.csv,decode,2,63,21,GPU0,npu,8,"LN:-1,Add:-1,LN:-1,FFN_W3:0,FFN_W3:1,SwiGLU:0,SwiGLU:1,Add:-1",0.00017129786007163972,0.00019384319782257082,npu|decode|2|ff6dcf33668f3ebc9cf61e7eb43c6a84,2,sample_step,0.010963063044584942,0.012405964660644532,2.25453377509311e-05,1.1316148242686876,0.0014429016160595904,1.1316148242686876
facil_prefill-1024xdecode_128_ops_trace.csv,decode,2,63,21,PIM0,pim,9,"Q:0,K:0,V:0,QK:0,Softmax:0,SV:0,O:0,FFN_W1:0,FFN_W2:0",6.281369671623516e-05,5.3873000000000004e-05,pim|decode|2|d9f2c5d5d25b036a5f39277c4750a787,2,sample_step,0.00402007658983905,0.0034478720000000003,-8.940696716235153e-06,0.8576632616191129,-0.0005722045898390498,0.8576632616191129
facil_prefill-1024xdecode_128_ops_trace.csv,decode,2,63,21,PIM1,pim,9,"Q:1,K:1,V:1,QK:1,Softmax:1,SV:1,O:1,FFN_W1:1,FFN_W2:1",6.281369671623516e-05,5.3873000000000004e-05,pim|decode|2|73f0b93ba2927d0614be9f9ec9b9774c,2,sample_step,0.00402007658983905,0.0034478720000000003,-8.940696716235153e-06,0.8576632616191129,-0.0005722045898390498,0.8576632616191129
facil_prefill-1024xdecode_128_ops_trace.csv,decode,2,63,22,GPU0,npu,8,"LN:-1,Add:-1,LN:-1,FFN_W3:0,FFN_W3:1,SwiGLU:0,SwiGLU:1,Add:-1",0.00017129786007163972,0.00019384319782257082,npu|decode|2|ff6dcf33668f3ebc9cf61e7eb43c6a84,2,sample_step,0.010963063044584942,0.012405964660644532,2.25453377509311e-05,1.1316148242686876,0.0014429016160595904,1.1316148242686876
facil_prefill-1024xdecode_128_ops_trace.csv,decode,2,63,22,PIM0,pim,9,"Q:0,K:0,V:0,QK:0,Softmax:0,SV:0,O:0,FFN_W1:0,FFN_W2:0",6.281369671623516e-05,5.3873000000000004e-05,pim|decode|2|d9f2c5d5d25b036a5f39277c4750a787,2,sample_step,0.00402007658983905,0.0034478720000000003,-8.940696716235153e-06,0.8576632616191129,-0.0005722045898390498,0.8576632616191129
facil_prefill-1024xdecode_128_ops_trace.csv,decode,2,63,22,PIM1,pim,9,"Q:1,K:1,V:1,QK:1,Softmax:1,SV:1,O:1,FFN_W1:1,FFN_W2:1",6.281369671623516e-05,5.3873000000000004e-05,pim|decode|2|73f0b93ba2927d0614be9f9ec9b9774c,2,sample_step,0.00402007658983905,0.0034478720000000003,-8.940696716235153e-06,0.8576632616191129,-0.0005722045898390498,0.8576632616191129
facil_prefill-1024xdecode_128_ops_trace.csv,decode,2,63,23,GPU0,npu,8,"LN:-1,Add:-1,LN:-1,FFN_W3:0,FFN_W3:1,SwiGLU:0,SwiGLU:1,Add:-1",0.00017129786007163972,0.00019384319782257082,npu|decode|2|ff6dcf33668f3ebc9cf61e7eb43c6a84,2,sample_step,0.010963063044584942,0.012405964660644532,2.25453377509311e-05,1.1316148242686876,0.0014429016160595904,1.1316148242686876
facil_prefill-1024xdecode_128_ops_trace.csv,decode,2,63,23,PIM0,pim,9,"Q:0,K:0,V:0,QK:0,Softmax:0,SV:0,O:0,FFN_W1:0,FFN_W2:0",6.281369671623516e-05,5.3873000000000004e-05,pim|decode|2|d9f2c5d5d25b036a5f39277c4750a787,2,sample_step,0.00402007658983905,0.0034478720000000003,-8.940696716235153e-06,0.8576632616191129,-0.0005722045898390498,0.8576632616191129
facil_prefill-1024xdecode_128_ops_trace.csv,decode,2,63,23,PIM1,pim,9,"Q:1,K:1,V:1,QK:1,Softmax:1,SV:1,O:1,FFN_W1:1,FFN_W2:1",6.281369671623516e-05,5.3873000000000004e-05,pim|decode|2|73f0b93ba2927d0614be9f9ec9b9774c,2,sample_step,0.00402007658983905,0.0034478720000000003,-8.940696716235153e-06,0.8576632616191129,-0.0005722045898390498,0.8576632616191129
facil_prefill-1024xdecode_128_ops_trace.csv,decode,2,63,24,GPU0,npu,8,"LN:-1,Add:-1,LN:-1,FFN_W3:0,FFN_W3:1,SwiGLU:0,SwiGLU:1,Add:-1",0.00017129786007163972,0.00019384319782257082,npu|decode|2|ff6dcf33668f3ebc9cf61e7eb43c6a84,2,sample_step,0.010963063044584942,0.012405964660644532,2.25453377509311e-05,1.1316148242686876,0.0014429016160595904,1.1316148242686876
facil_prefill-1024xdecode_128_ops_trace.csv,decode,2,63,24,PIM0,pim,9,"Q:0,K:0,V:0,QK:0,Softmax:0,SV:0,O:0,FFN_W1:0,FFN_W2:0",6.281369671623516e-05,5.3873000000000004e-05,pim|decode|2|d9f2c5d5d25b036a5f39277c4750a787,2,sample_step,0.00402007658983905,0.0034478720000000003,-8.940696716235153e-06,0.8576632616191129,-0.0005722045898390498,0.8576632616191129
facil_prefill-1024xdecode_128_ops_trace.csv,decode,2,63,24,PIM1,pim,9,"Q:1,K:1,V:1,QK:1,Softmax:1,SV:1,O:1,FFN_W1:1,FFN_W2:1",6.281369671623516e-05,5.3873000000000004e-05,pim|decode|2|73f0b93ba2927d0614be9f9ec9b9774c,2,sample_step,0.00402007658983905,0.0034478720000000003,-8.940696716235153e-06,0.8576632616191129,-0.0005722045898390498,0.8576632616191129
facil_prefill-1024xdecode_128_ops_trace.csv,decode,2,63,25,GPU0,npu,8,"LN:-1,Add:-1,LN:-1,FFN_W3:0,FFN_W3:1,SwiGLU:0,SwiGLU:1,Add:-1",0.00017129786007163972,0.00019384319782257082,npu|decode|2|ff6dcf33668f3ebc9cf61e7eb43c6a84,2,sample_step,0.010963063044584942,0.012405964660644532,2.25453377509311e-05,1.1316148242686876,0.0014429016160595904,1.1316148242686876
facil_prefill-1024xdecode_128_ops_trace.csv,decode,2,63,25,PIM0,pim,9,"Q:0,K:0,V:0,QK:0,Softmax:0,SV:0,O:0,FFN_W1:0,FFN_W2:0",6.281369671623516e-05,5.3873000000000004e-05,pim|decode|2|d9f2c5d5d25b036a5f39277c4750a787,2,sample_step,0.00402007658983905,0.0034478720000000003,-8.940696716235153e-06,0.8576632616191129,-0.0005722045898390498,0.8576632616191129
facil_prefill-1024xdecode_128_ops_trace.csv,decode,2,63,25,PIM1,pim,9,"Q:1,K:1,V:1,QK:1,Softmax:1,SV:1,O:1,FFN_W1:1,FFN_W2:1",6.281369671623516e-05,5.3873000000000004e-05,pim|decode|2|73f0b93ba2927d0614be9f9ec9b9774c,2,sample_step,0.00402007658983905,0.0034478720000000003,-8.940696716235153e-06,0.8576632616191129,-0.0005722045898390498,0.8576632616191129
facil_prefill-1024xdecode_128_ops_trace.csv,decode,2,63,26,GPU0,npu,8,"LN:-1,Add:-1,LN:-1,FFN_W3:0,FFN_W3:1,SwiGLU:0,SwiGLU:1,Add:-1",0.00017129786007163972,0.00019384319782257082,npu|decode|2|ff6dcf33668f3ebc9cf61e7eb43c6a84,2,sample_step,0.010963063044584942,0.012405964660644532,2.25453377509311e-05,1.1316148242686876,0.0014429016160595904,1.1316148242686876
facil_prefill-1024xdecode_128_ops_trace.csv,decode,2,63,26,PIM0,pim,9,"Q:0,K:0,V:0,QK:0,Softmax:0,SV:0,O:0,FFN_W1:0,FFN_W2:0",6.281369671623516e-05,5.3873000000000004e-05,pim|decode|2|d9f2c5d5d25b036a5f39277c4750a787,2,sample_step,0.00402007658983905,0.0034478720000000003,-8.940696716235153e-06,0.8576632616191129,-0.0005722045898390498,0.8576632616191129
facil_prefill-1024xdecode_128_ops_trace.csv,decode,2,63,26,PIM1,pim,9,"Q:1,K:1,V:1,QK:1,Softmax:1,SV:1,O:1,FFN_W1:1,FFN_W2:1",6.281369671623516e-05,5.3873000000000004e-05,pim|decode|2|73f0b93ba2927d0614be9f9ec9b9774c,2,sample_step,0.00402007658983905,0.0034478720000000003,-8.940696716235153e-06,0.8576632616191129,-0.0005722045898390498,0.8576632616191129
facil_prefill-1024xdecode_128_ops_trace.csv,decode,2,63,27,GPU0,npu,8,"LN:-1,Add:-1,LN:-1,FFN_W3:0,FFN_W3:1,SwiGLU:0,SwiGLU:1,Add:-1",0.00017129786007163972,0.00019384319782257082,npu|decode|2|ff6dcf33668f3ebc9cf61e7eb43c6a84,2,sample_step,0.010963063044584942,0.012405964660644532,2.25453377509311e-05,1.1316148242686876,0.0014429016160595904,1.1316148242686876
facil_prefill-1024xdecode_128_ops_trace.csv,decode,2,63,27,PIM0,pim,9,"Q:0,K:0,V:0,QK:0,Softmax:0,SV:0,O:0,FFN_W1:0,FFN_W2:0",6.281369671623516e-05,5.3873000000000004e-05,pim|decode|2|d9f2c5d5d25b036a5f39277c4750a787,2,sample_step,0.00402007658983905,0.0034478720000000003,-8.940696716235153e-06,0.8576632616191129,-0.0005722045898390498,0.8576632616191129
facil_prefill-1024xdecode_128_ops_trace.csv,decode,2,63,27,PIM1,pim,9,"Q:1,K:1,V:1,QK:1,Softmax:1,SV:1,O:1,FFN_W1:1,FFN_W2:1",6.281369671623516e-05,5.3873000000000004e-05,pim|decode|2|73f0b93ba2927d0614be9f9ec9b9774c,2,sample_step,0.00402007658983905,0.0034478720000000003,-8.940696716235153e-06,0.8576632616191129,-0.0005722045898390498,0.8576632616191129
facil_prefill-1024xdecode_128_ops_trace.csv,decode,2,63,28,GPU0,npu,8,"LN:-1,Add:-1,LN:-1,FFN_W3:0,FFN_W3:1,SwiGLU:0,SwiGLU:1,Add:-1",0.00017129786007163972,0.00019384319782257082,npu|decode|2|ff6dcf33668f3ebc9cf61e7eb43c6a84,2,sample_step,0.010963063044584942,0.012405964660644532,2.25453377509311e-05,1.1316148242686876,0.0014429016160595904,1.1316148242686876
facil_prefill-1024xdecode_128_ops_trace.csv,decode,2,63,28,PIM0,pim,9,"Q:0,K:0,V:0,QK:0,Softmax:0,SV:0,O:0,FFN_W1:0,FFN_W2:0",6.281369671623516e-05,5.3873000000000004e-05,pim|decode|2|d9f2c5d5d25b036a5f39277c4750a787,2,sample_step,0.00402007658983905,0.0034478720000000003,-8.940696716235153e-06,0.8576632616191129,-0.0005722045898390498,0.8576632616191129
facil_prefill-1024xdecode_128_ops_trace.csv,decode,2,63,28,PIM1,pim,9,"Q:1,K:1,V:1,QK:1,Softmax:1,SV:1,O:1,FFN_W1:1,FFN_W2:1",6.281369671623516e-05,5.3873000000000004e-05,pim|decode|2|73f0b93ba2927d0614be9f9ec9b9774c,2,sample_step,0.00402007658983905,0.0034478720000000003,-8.940696716235153e-06,0.8576632616191129,-0.0005722045898390498,0.8576632616191129
facil_prefill-1024xdecode_128_ops_trace.csv,decode,2,63,29,GPU0,npu,8,"LN:-1,Add:-1,LN:-1,FFN_W3:0,FFN_W3:1,SwiGLU:0,SwiGLU:1,Add:-1",0.00017129786007163972,0.00019384319782257082,npu|decode|2|ff6dcf33668f3ebc9cf61e7eb43c6a84,2,sample_step,0.010963063044584942,0.012405964660644532,2.25453377509311e-05,1.1316148242686876,0.0014429016160595904,1.1316148242686876
facil_prefill-1024xdecode_128_ops_trace.csv,decode,2,63,29,PIM0,pim,9,"Q:0,K:0,V:0,QK:0,Softmax:0,SV:0,O:0,FFN_W1:0,FFN_W2:0",6.281369671623516e-05,5.3873000000000004e-05,pim|decode|2|d9f2c5d5d25b036a5f39277c4750a787,2,sample_step,0.00402007658983905,0.0034478720000000003,-8.940696716235153e-06,0.8576632616191129,-0.0005722045898390498,0.8576632616191129
facil_prefill-1024xdecode_128_ops_trace.csv,decode,2,63,29,PIM1,pim,9,"Q:1,K:1,V:1,QK:1,Softmax:1,SV:1,O:1,FFN_W1:1,FFN_W2:1",6.281369671623516e-05,5.3873000000000004e-05,pim|decode|2|73f0b93ba2927d0614be9f9ec9b9774c,2,sample_step,0.00402007658983905,0.0034478720000000003,-8.940696716235153e-06,0.8576632616191129,-0.0005722045898390498,0.8576632616191129
facil_prefill-1024xdecode_128_ops_trace.csv,decode,2,63,30,GPU0,npu,8,"LN:-1,Add:-1,LN:-1,FFN_W3:0,FFN_W3:1,SwiGLU:0,SwiGLU:1,Add:-1",0.00017129786007163972,0.00019384319782257082,npu|decode|2|ff6dcf33668f3ebc9cf61e7eb43c6a84,2,sample_step,0.010963063044584942,0.012405964660644532,2.25453377509311e-05,1.1316148242686876,0.0014429016160595904,1.1316148242686876
facil_prefill-1024xdecode_128_ops_trace.csv,decode,2,63,30,PIM0,pim,9,"Q:0,K:0,V:0,QK:0,Softmax:0,SV:0,O:0,FFN_W1:0,FFN_W2:0",6.281369671623516e-05,5.3873000000000004e-05,pim|decode|2|d9f2c5d5d25b036a5f39277c4750a787,2,sample_step,0.00402007658983905,0.0034478720000000003,-8.940696716235153e-06,0.8576632616191129,-0.0005722045898390498,0.8576632616191129
facil_prefill-1024xdecode_128_ops_trace.csv,decode,2,63,30,PIM1,pim,9,"Q:1,K:1,V:1,QK:1,Softmax:1,SV:1,O:1,FFN_W1:1,FFN_W2:1",6.281369671623516e-05,5.3873000000000004e-05,pim|decode|2|73f0b93ba2927d0614be9f9ec9b9774c,2,sample_step,0.00402007658983905,0.0034478720000000003,-8.940696716235153e-06,0.8576632616191129,-0.0005722045898390498,0.8576632616191129
facil_prefill-1024xdecode_128_ops_trace.csv,decode,2,63,31,GPU0,npu,8,"LN:-1,Add:-1,LN:-1,FFN_W3:0,FFN_W3:1,SwiGLU:0,SwiGLU:1,Add:-1",0.00017129786007163972,0.00019384319782257082,npu|decode|2|ff6dcf33668f3ebc9cf61e7eb43c6a84,2,sample_step,0.010963063044584942,0.012405964660644532,2.25453377509311e-05,1.1316148242686876,0.0014429016160595904,1.1316148242686876
facil_prefill-1024xdecode_128_ops_trace.csv,decode,2,63,31,PIM0,pim,9,"Q:0,K:0,V:0,QK:0,Softmax:0,SV:0,O:0,FFN_W1:0,FFN_W2:0",6.281369671623516e-05,5.3873000000000004e-05,pim|decode|2|d9f2c5d5d25b036a5f39277c4750a787,2,sample_step,0.00402007658983905,0.0034478720000000003,-8.940696716235153e-06,0.8576632616191129,-0.0005722045898390498,0.8576632616191129
facil_prefill-1024xdecode_128_ops_trace.csv,decode,2,63,31,PIM1,pim,9,"Q:1,K:1,V:1,QK:1,Softmax:1,SV:1,O:1,FFN_W1:1,FFN_W2:1",6.281369671623516e-05,5.3873000000000004e-05,pim|decode|2|73f0b93ba2927d0614be9f9ec9b9774c,2,sample_step,0.00402007658983905,0.0034478720000000003,-8.940696716235153e-06,0.8576632616191129,-0.0005722045898390498,0.8576632616191129
