================================================================================
[run-pim][debug] Using cost_model_pim_backend._get_pim_latency_via_trace
[run-pim][debug] shard_policy='fine' shards=2
[run-pim][debug] model: dim=4096 ffn_dim=11008 n_heads=32 n_kv_heads=auto->n_heads
[run-pim][debug] lengths: prefill_len=1024 decode_stride=64 decode_context_lens_len=2
[run-pim][debug] pim_config=/lustre/home/2501111916/workspace/XPUPIM_0226_gpupim_parameter/TriForm/algorithms/aim_simulator/PIM_AiM.json (from pim_hw_json_path)
[run-pim][debug] ramulator_config=/lustre/home/2501111916/workspace/XPUPIM_0226_gpupim_parameter/TriForm/algorithms/aim_simulator/example.yaml
[run-pim][debug] ramulator_bin=/lustre/home/2501111916/workspace/XPUPIM_0226_gpupim_parameter/TriForm/algorithms/ramulator2 (exported as env RAMULATOR2_BIN)
[run-pim][debug] ramulator_timeout_s=3000
[run-pim][debug] cache_enabled=False
[run-pim][debug] schedule cfg.pim_freq_ghz=1.0
[run-pim][debug] cost_model config.PIM_FREQ_GHZ=1.0
================================================================================
========================================================================================
[pim-debug] segment_key=pim|decode|0|0415d769098778997a25dc690bb43e1c
[pim-debug] sig: device_type=pim phase=decode step=0 (count_hint=2)
[pim-debug] ops_repr: Q:0,QK:1,SV:1,O:0,FFN_W3:1,FFN_W2:1
[pim-debug] cfg: shard_policy='fine' shards=2 dim=4096 ffn_dim=11008 n_heads=32 n_kv_heads=auto->n_heads
[pim-debug] pim_config=/lustre/home/2501111916/workspace/XPUPIM_0226_gpupim_parameter/TriForm/algorithms/aim_simulator/PIM_AiM.json
[pim-debug] ramulator_config=/lustre/home/2501111916/workspace/XPUPIM_0226_gpupim_parameter/TriForm/algorithms/aim_simulator/example.yaml
[pim-debug] cost_model config.PIM_FREQ_GHZ=1.0
[pim-debug] op plan (logical shapes inferred from schedule cfg):
  - op#00  op=Q        shard=0   x=[1x4096] + w=[2048x4096]  ->  y=[1x2048]  (T=1, K=1025)
  - op#01  op=QK       shard=1   q=[16x1x128] + k=[16x128x1025]  ->  y=[16x1x1025]  (T=1, K=1025)
  - op#02  op=SV       shard=1   p=[16x1x1025] + v=[16x1025x128]  ->  y=[16x1x128]  (T=1, K=1025)
  - op#03  op=O        shard=0   x=[1x2048] + w=[4096x2048]  ->  y=[1x4096]  (T=1, K=1025)
  - op#04  op=FFN_W3   shard=1   x=[1x4096] + w=[5504x4096]  ->  y=[1x5504]  (T=1, K=1025)
  - op#05  op=FFN_W2   shard=1   x=[1x5504] + w=[4096x5504]  ->  y=[1x4096]  (T=1, K=1025)
[pim-debug] NOTE: CENT(AiM) trace backend internally uses x shape (1,1,dim) and handles prefill by repeating ops;
           the table below shows the *effective parameters* passed into cost_model_pim_backend for each op.
[pim-debug] op#00 op=Q        norm=q_proj     sh=0  dim=4096  heads=16  hd=128 q_dim=2048  kv_heads=16  kv_dim=2048  o_dim=2048  ffn_dim=5504   seqlen=1025   qlen=1   cache=N lat=    0.004ms cycles≈4428
[pim-debug] op#01 op=QK       norm=score      sh=1  dim=4096  heads=16  hd=128 q_dim=2048  kv_heads=16  kv_dim=2048  o_dim=2048  ffn_dim=5504   seqlen=1025   qlen=1   cache=N lat=    0.005ms cycles≈5424
[pim-debug] op#02 op=SV       norm=output     sh=1  dim=4096  heads=16  hd=128 q_dim=2048  kv_heads=16  kv_dim=2048  o_dim=2048  ffn_dim=5504   seqlen=1025   qlen=1   cache=N lat=    0.004ms cycles≈3698
[pim-debug] op#03 op=O        norm=wo_proj    sh=0  dim=4096  heads=16  hd=128 q_dim=2048  kv_heads=16  kv_dim=2048  o_dim=2048  ffn_dim=5504   seqlen=1025   qlen=1   cache=N lat=    0.004ms cycles≈4062
[pim-debug] op#04 op=FFN_W3   norm=ffn_up     sh=1  dim=4096  heads=16  hd=128 q_dim=2048  kv_heads=16  kv_dim=2048  o_dim=2048  ffn_dim=5504   seqlen=1025   qlen=1   cache=N lat=    0.011ms cycles≈10896
[pim-debug] op#05 op=FFN_W2   norm=ffn_down   sh=1  dim=4096  heads=16  hd=128 q_dim=2048  kv_heads=16  kv_dim=2048  o_dim=2048  ffn_dim=5504   seqlen=1025   qlen=1   cache=N lat=    0.011ms cycles≈11466
[pim-debug] segment total latency: 0.040 ms
========================================================================================
[pim-debug] segment_key=pim|decode|0|0e839fe061940f17ae1386aa9e7a6a7d
[pim-debug] sig: device_type=pim phase=decode step=0 (count_hint=1)
[pim-debug] ops_repr: LN:-1,Q:0,QK:0,Softmax:0,SV:0,O:0,Add:-1,LN:-1,FFN_W3:0,FFN_W2:0,Add:-1
[pim-debug] cfg: shard_policy='fine' shards=2 dim=4096 ffn_dim=11008 n_heads=32 n_kv_heads=auto->n_heads
[pim-debug] pim_config=/lustre/home/2501111916/workspace/XPUPIM_0226_gpupim_parameter/TriForm/algorithms/aim_simulator/PIM_AiM.json
[pim-debug] ramulator_config=/lustre/home/2501111916/workspace/XPUPIM_0226_gpupim_parameter/TriForm/algorithms/aim_simulator/example.yaml
[pim-debug] cost_model config.PIM_FREQ_GHZ=1.0
[pim-debug] op plan (logical shapes inferred from schedule cfg):
  - op#00  op=LN       shard=-1  x=[1x4096] + w=[4096]  ->  y=[1x4096]  (T=1, K=1025)
  - op#01  op=Q        shard=0   x=[1x4096] + w=[2048x4096]  ->  y=[1x2048]  (T=1, K=1025)
  - op#02  op=QK       shard=0   q=[16x1x128] + k=[16x128x1025]  ->  y=[16x1x1025]  (T=1, K=1025)
  - op#03  op=Softmax  shard=0   scores=[16x1x1025]  ->  y=[16x1x1025]  (T=1, K=1025)
  - op#04  op=SV       shard=0   p=[16x1x1025] + v=[16x1025x128]  ->  y=[16x1x128]  (T=1, K=1025)
  - op#05  op=O        shard=0   x=[1x2048] + w=[4096x2048]  ->  y=[1x4096]  (T=1, K=1025)
  - op#06  op=Add      shard=-1  a=[1x4096] + b=[1x4096]  ->  y=[1x4096]  (T=1, K=1025)
  - op#07  op=LN       shard=-1  x=[1x4096] + w=[4096]  ->  y=[1x4096]  (T=1, K=1025)
  - op#08  op=FFN_W3   shard=0   x=[1x4096] + w=[5504x4096]  ->  y=[1x5504]  (T=1, K=1025)
  - op#09  op=FFN_W2   shard=0   x=[1x5504] + w=[4096x5504]  ->  y=[1x4096]  (T=1, K=1025)
  - op#10  op=Add      shard=-1  a=[1x4096] + b=[1x4096]  ->  y=[1x4096]  (T=1, K=1025)
[pim-debug] NOTE: CENT(AiM) trace backend internally uses x shape (1,1,dim) and handles prefill by repeating ops;
           the table below shows the *effective parameters* passed into cost_model_pim_backend for each op.
[pim-debug] op#00 op=LN       norm=rmsnorm    sh=-1 dim=4096  heads=32  hd=128 q_dim=4096  kv_heads=32  kv_dim=4096  o_dim=4096  ffn_dim=11008  seqlen=1025   qlen=1   cache=N lat=    0.001ms cycles≈1314
[pim-debug] op#01 op=Q        norm=q_proj     sh=0  dim=4096  heads=16  hd=128 q_dim=2048  kv_heads=16  kv_dim=2048  o_dim=2048  ffn_dim=5504   seqlen=1025   qlen=1   cache=N lat=    0.004ms cycles≈4428
[pim-debug] op#02 op=QK       norm=score      sh=0  dim=4096  heads=16  hd=128 q_dim=2048  kv_heads=16  kv_dim=2048  o_dim=2048  ffn_dim=5504   seqlen=1025   qlen=1   cache=N lat=    0.005ms cycles≈5424
[pim-debug] op#03 op=Softmax  norm=softmax    sh=0  dim=4096  heads=16  hd=128 q_dim=2048  kv_heads=16  kv_dim=2048  o_dim=2048  ffn_dim=5504   seqlen=1025   qlen=1   cache=N lat=    0.004ms cycles≈4057
[pim-debug] op#04 op=SV       norm=output     sh=0  dim=4096  heads=16  hd=128 q_dim=2048  kv_heads=16  kv_dim=2048  o_dim=2048  ffn_dim=5504   seqlen=1025   qlen=1   cache=N lat=    0.004ms cycles≈3698
[pim-debug] op#05 op=O        norm=wo_proj    sh=0  dim=4096  heads=16  hd=128 q_dim=2048  kv_heads=16  kv_dim=2048  o_dim=2048  ffn_dim=5504   seqlen=1025   qlen=1   cache=N lat=    0.004ms cycles≈4062
[pim-debug] op#06 op=Add      norm=residual   sh=-1 dim=4096  heads=32  hd=128 q_dim=4096  kv_heads=32  kv_dim=4096  o_dim=4096  ffn_dim=11008  seqlen=1025   qlen=1   cache=N lat=    0.000ms cycles≈3
[pim-debug] op#07 op=LN       norm=rmsnorm    sh=-1 dim=4096  heads=32  hd=128 q_dim=4096  kv_heads=32  kv_dim=4096  o_dim=4096  ffn_dim=11008  seqlen=1025   qlen=1   cache=N lat=    0.001ms cycles≈1314
[pim-debug] op#08 op=FFN_W3   norm=ffn_up     sh=0  dim=4096  heads=16  hd=128 q_dim=2048  kv_heads=16  kv_dim=2048  o_dim=2048  ffn_dim=5504   seqlen=1025   qlen=1   cache=N lat=    0.011ms cycles≈10896
[pim-debug] op#09 op=FFN_W2   norm=ffn_down   sh=0  dim=4096  heads=16  hd=128 q_dim=2048  kv_heads=16  kv_dim=2048  o_dim=2048  ffn_dim=5504   seqlen=1025   qlen=1   cache=N lat=    0.011ms cycles≈11466
[pim-debug] op#10 op=Add      norm=residual   sh=-1 dim=4096  heads=32  hd=128 q_dim=4096  kv_heads=32  kv_dim=4096  o_dim=4096  ffn_dim=11008  seqlen=1025   qlen=1   cache=N lat=    0.000ms cycles≈3
[pim-debug] segment total latency: 0.047 ms
========================================================================================
[pim-debug] segment_key=pim|decode|0|2571f32976c58115e8ee152919f7457a
[pim-debug] sig: device_type=pim phase=decode step=0 (count_hint=1)
[pim-debug] ops_repr: Q:1,QK:1,Softmax:1,SV:1,O:1,FFN_W3:1,SwiGLU:0,SwiGLU:1,FFN_W2:1
[pim-debug] cfg: shard_policy='fine' shards=2 dim=4096 ffn_dim=11008 n_heads=32 n_kv_heads=auto->n_heads
[pim-debug] pim_config=/lustre/home/2501111916/workspace/XPUPIM_0226_gpupim_parameter/TriForm/algorithms/aim_simulator/PIM_AiM.json
[pim-debug] ramulator_config=/lustre/home/2501111916/workspace/XPUPIM_0226_gpupim_parameter/TriForm/algorithms/aim_simulator/example.yaml
[pim-debug] cost_model config.PIM_FREQ_GHZ=1.0
[pim-debug] op plan (logical shapes inferred from schedule cfg):
  - op#00  op=Q        shard=1   x=[1x4096] + w=[2048x4096]  ->  y=[1x2048]  (T=1, K=1025)
  - op#01  op=QK       shard=1   q=[16x1x128] + k=[16x128x1025]  ->  y=[16x1x1025]  (T=1, K=1025)
  - op#02  op=Softmax  shard=1   scores=[16x1x1025]  ->  y=[16x1x1025]  (T=1, K=1025)
  - op#03  op=SV       shard=1   p=[16x1x1025] + v=[16x1025x128]  ->  y=[16x1x128]  (T=1, K=1025)
  - op#04  op=O        shard=1   x=[1x2048] + w=[4096x2048]  ->  y=[1x4096]  (T=1, K=1025)
  - op#05  op=FFN_W3   shard=1   x=[1x4096] + w=[5504x4096]  ->  y=[1x5504]  (T=1, K=1025)
  - op#06  op=SwiGLU   shard=0   a=[1x5504] + b=[1x5504]  ->  y=[1x5504]  (T=1, K=1025)
  - op#07  op=SwiGLU   shard=1   a=[1x5504] + b=[1x5504]  ->  y=[1x5504]  (T=1, K=1025)
  - op#08  op=FFN_W2   shard=1   x=[1x5504] + w=[4096x5504]  ->  y=[1x4096]  (T=1, K=1025)
[pim-debug] NOTE: CENT(AiM) trace backend internally uses x shape (1,1,dim) and handles prefill by repeating ops;
           the table below shows the *effective parameters* passed into cost_model_pim_backend for each op.
[pim-debug] op#00 op=Q        norm=q_proj     sh=1  dim=4096  heads=16  hd=128 q_dim=2048  kv_heads=16  kv_dim=2048  o_dim=2048  ffn_dim=5504   seqlen=1025   qlen=1   cache=N lat=    0.004ms cycles≈4428
[pim-debug] op#01 op=QK       norm=score      sh=1  dim=4096  heads=16  hd=128 q_dim=2048  kv_heads=16  kv_dim=2048  o_dim=2048  ffn_dim=5504   seqlen=1025   qlen=1   cache=N lat=    0.005ms cycles≈5424
[pim-debug] op#02 op=Softmax  norm=softmax    sh=1  dim=4096  heads=16  hd=128 q_dim=2048  kv_heads=16  kv_dim=2048  o_dim=2048  ffn_dim=5504   seqlen=1025   qlen=1   cache=N lat=    0.004ms cycles≈4057
[pim-debug] op#03 op=SV       norm=output     sh=1  dim=4096  heads=16  hd=128 q_dim=2048  kv_heads=16  kv_dim=2048  o_dim=2048  ffn_dim=5504   seqlen=1025   qlen=1   cache=N lat=    0.004ms cycles≈3698
[pim-debug] op#04 op=O        norm=wo_proj    sh=1  dim=4096  heads=16  hd=128 q_dim=2048  kv_heads=16  kv_dim=2048  o_dim=2048  ffn_dim=5504   seqlen=1025   qlen=1   cache=N lat=    0.004ms cycles≈4062
[pim-debug] op#05 op=FFN_W3   norm=ffn_up     sh=1  dim=4096  heads=16  hd=128 q_dim=2048  kv_heads=16  kv_dim=2048  o_dim=2048  ffn_dim=5504   seqlen=1025   qlen=1   cache=N lat=    0.011ms cycles≈10896
[pim-debug] op#06 op=SwiGLU   norm=silu       sh=0  dim=4096  heads=16  hd=128 q_dim=2048  kv_heads=16  kv_dim=2048  o_dim=2048  ffn_dim=5504   seqlen=1025   qlen=1   cache=N lat=    0.001ms cycles≈503
[pim-debug] op#07 op=SwiGLU   norm=silu       sh=1  dim=4096  heads=16  hd=128 q_dim=2048  kv_heads=16  kv_dim=2048  o_dim=2048  ffn_dim=5504   seqlen=1025   qlen=1   cache=N lat=    0.001ms cycles≈503
[pim-debug] op#08 op=FFN_W2   norm=ffn_down   sh=1  dim=4096  heads=16  hd=128 q_dim=2048  kv_heads=16  kv_dim=2048  o_dim=2048  ffn_dim=5504   seqlen=1025   qlen=1   cache=N lat=    0.011ms cycles≈11466
[pim-debug] segment total latency: 0.045 ms
========================================================================================
[pim-debug] segment_key=pim|decode|0|271f044ca9667c486b4772c1cb05aef8
[pim-debug] sig: device_type=pim phase=decode step=0 (count_hint=2)
[pim-debug] ops_repr: Q:1,QK:1,Softmax:1,SV:1,O:1,FFN_W3:0,SwiGLU:1,FFN_W2:0
[pim-debug] cfg: shard_policy='fine' shards=2 dim=4096 ffn_dim=11008 n_heads=32 n_kv_heads=auto->n_heads
[pim-debug] pim_config=/lustre/home/2501111916/workspace/XPUPIM_0226_gpupim_parameter/TriForm/algorithms/aim_simulator/PIM_AiM.json
[pim-debug] ramulator_config=/lustre/home/2501111916/workspace/XPUPIM_0226_gpupim_parameter/TriForm/algorithms/aim_simulator/example.yaml
[pim-debug] cost_model config.PIM_FREQ_GHZ=1.0
[pim-debug] op plan (logical shapes inferred from schedule cfg):
  - op#00  op=Q        shard=1   x=[1x4096] + w=[2048x4096]  ->  y=[1x2048]  (T=1, K=1025)
  - op#01  op=QK       shard=1   q=[16x1x128] + k=[16x128x1025]  ->  y=[16x1x1025]  (T=1, K=1025)
  - op#02  op=Softmax  shard=1   scores=[16x1x1025]  ->  y=[16x1x1025]  (T=1, K=1025)
  - op#03  op=SV       shard=1   p=[16x1x1025] + v=[16x1025x128]  ->  y=[16x1x128]  (T=1, K=1025)
  - op#04  op=O        shard=1   x=[1x2048] + w=[4096x2048]  ->  y=[1x4096]  (T=1, K=1025)
  - op#05  op=FFN_W3   shard=0   x=[1x4096] + w=[5504x4096]  ->  y=[1x5504]  (T=1, K=1025)
  - op#06  op=SwiGLU   shard=1   a=[1x5504] + b=[1x5504]  ->  y=[1x5504]  (T=1, K=1025)
  - op#07  op=FFN_W2   shard=0   x=[1x5504] + w=[4096x5504]  ->  y=[1x4096]  (T=1, K=1025)
[pim-debug] NOTE: CENT(AiM) trace backend internally uses x shape (1,1,dim) and handles prefill by repeating ops;
           the table below shows the *effective parameters* passed into cost_model_pim_backend for each op.
[pim-debug] op#00 op=Q        norm=q_proj     sh=1  dim=4096  heads=16  hd=128 q_dim=2048  kv_heads=16  kv_dim=2048  o_dim=2048  ffn_dim=5504   seqlen=1025   qlen=1   cache=N lat=    0.004ms cycles≈4428
[pim-debug] op#01 op=QK       norm=score      sh=1  dim=4096  heads=16  hd=128 q_dim=2048  kv_heads=16  kv_dim=2048  o_dim=2048  ffn_dim=5504   seqlen=1025   qlen=1   cache=N lat=    0.005ms cycles≈5424
[pim-debug] op#02 op=Softmax  norm=softmax    sh=1  dim=4096  heads=16  hd=128 q_dim=2048  kv_heads=16  kv_dim=2048  o_dim=2048  ffn_dim=5504   seqlen=1025   qlen=1   cache=N lat=    0.004ms cycles≈4057
[pim-debug] op#03 op=SV       norm=output     sh=1  dim=4096  heads=16  hd=128 q_dim=2048  kv_heads=16  kv_dim=2048  o_dim=2048  ffn_dim=5504   seqlen=1025   qlen=1   cache=N lat=    0.004ms cycles≈3698
[pim-debug] op#04 op=O        norm=wo_proj    sh=1  dim=4096  heads=16  hd=128 q_dim=2048  kv_heads=16  kv_dim=2048  o_dim=2048  ffn_dim=5504   seqlen=1025   qlen=1   cache=N lat=    0.004ms cycles≈4062
[pim-debug] op#05 op=FFN_W3   norm=ffn_up     sh=0  dim=4096  heads=16  hd=128 q_dim=2048  kv_heads=16  kv_dim=2048  o_dim=2048  ffn_dim=5504   seqlen=1025   qlen=1   cache=N lat=    0.011ms cycles≈10896
[pim-debug] op#06 op=SwiGLU   norm=silu       sh=1  dim=4096  heads=16  hd=128 q_dim=2048  kv_heads=16  kv_dim=2048  o_dim=2048  ffn_dim=5504   seqlen=1025   qlen=1   cache=N lat=    0.001ms cycles≈503
[pim-debug] op#07 op=FFN_W2   norm=ffn_down   sh=0  dim=4096  heads=16  hd=128 q_dim=2048  kv_heads=16  kv_dim=2048  o_dim=2048  ffn_dim=5504   seqlen=1025   qlen=1   cache=N lat=    0.011ms cycles≈11466
[pim-debug] segment total latency: 0.045 ms
========================================================================================
[pim-debug] segment_key=pim|decode|0|29146eb6ac2b5301d405a02716e91614
[pim-debug] sig: device_type=pim phase=decode step=0 (count_hint=2)
[pim-debug] ops_repr: LN:-1,Q:1,QK:0,Softmax:0,SV:0,O:0,Add:-1,LN:-1,FFN_W3:1,SwiGLU:1,FFN_W2:1,Add:-1
[pim-debug] cfg: shard_policy='fine' shards=2 dim=4096 ffn_dim=11008 n_heads=32 n_kv_heads=auto->n_heads
[pim-debug] pim_config=/lustre/home/2501111916/workspace/XPUPIM_0226_gpupim_parameter/TriForm/algorithms/aim_simulator/PIM_AiM.json
[pim-debug] ramulator_config=/lustre/home/2501111916/workspace/XPUPIM_0226_gpupim_parameter/TriForm/algorithms/aim_simulator/example.yaml
[pim-debug] cost_model config.PIM_FREQ_GHZ=1.0
[pim-debug] op plan (logical shapes inferred from schedule cfg):
  - op#00  op=LN       shard=-1  x=[1x4096] + w=[4096]  ->  y=[1x4096]  (T=1, K=1025)
  - op#01  op=Q        shard=1   x=[1x4096] + w=[2048x4096]  ->  y=[1x2048]  (T=1, K=1025)
  - op#02  op=QK       shard=0   q=[16x1x128] + k=[16x128x1025]  ->  y=[16x1x1025]  (T=1, K=1025)
  - op#03  op=Softmax  shard=0   scores=[16x1x1025]  ->  y=[16x1x1025]  (T=1, K=1025)
  - op#04  op=SV       shard=0   p=[16x1x1025] + v=[16x1025x128]  ->  y=[16x1x128]  (T=1, K=1025)
  - op#05  op=O        shard=0   x=[1x2048] + w=[4096x2048]  ->  y=[1x4096]  (T=1, K=1025)
  - op#06  op=Add      shard=-1  a=[1x4096] + b=[1x4096]  ->  y=[1x4096]  (T=1, K=1025)
  - op#07  op=LN       shard=-1  x=[1x4096] + w=[4096]  ->  y=[1x4096]  (T=1, K=1025)
  - op#08  op=FFN_W3   shard=1   x=[1x4096] + w=[5504x4096]  ->  y=[1x5504]  (T=1, K=1025)
  - op#09  op=SwiGLU   shard=1   a=[1x5504] + b=[1x5504]  ->  y=[1x5504]  (T=1, K=1025)
  - op#10  op=FFN_W2   shard=1   x=[1x5504] + w=[4096x5504]  ->  y=[1x4096]  (T=1, K=1025)
  - op#11  op=Add      shard=-1  a=[1x4096] + b=[1x4096]  ->  y=[1x4096]  (T=1, K=1025)
[pim-debug] NOTE: CENT(AiM) trace backend internally uses x shape (1,1,dim) and handles prefill by repeating ops;
           the table below shows the *effective parameters* passed into cost_model_pim_backend for each op.
[pim-debug] op#00 op=LN       norm=rmsnorm    sh=-1 dim=4096  heads=32  hd=128 q_dim=4096  kv_heads=32  kv_dim=4096  o_dim=4096  ffn_dim=11008  seqlen=1025   qlen=1   cache=N lat=    0.001ms cycles≈1314
[pim-debug] op#01 op=Q        norm=q_proj     sh=1  dim=4096  heads=16  hd=128 q_dim=2048  kv_heads=16  kv_dim=2048  o_dim=2048  ffn_dim=5504   seqlen=1025   qlen=1   cache=N lat=    0.004ms cycles≈4428
[pim-debug] op#02 op=QK       norm=score      sh=0  dim=4096  heads=16  hd=128 q_dim=2048  kv_heads=16  kv_dim=2048  o_dim=2048  ffn_dim=5504   seqlen=1025   qlen=1   cache=N lat=    0.005ms cycles≈5424
[pim-debug] op#03 op=Softmax  norm=softmax    sh=0  dim=4096  heads=16  hd=128 q_dim=2048  kv_heads=16  kv_dim=2048  o_dim=2048  ffn_dim=5504   seqlen=1025   qlen=1   cache=N lat=    0.004ms cycles≈4057
[pim-debug] op#04 op=SV       norm=output     sh=0  dim=4096  heads=16  hd=128 q_dim=2048  kv_heads=16  kv_dim=2048  o_dim=2048  ffn_dim=5504   seqlen=1025   qlen=1   cache=N lat=    0.004ms cycles≈3698
[pim-debug] op#05 op=O        norm=wo_proj    sh=0  dim=4096  heads=16  hd=128 q_dim=2048  kv_heads=16  kv_dim=2048  o_dim=2048  ffn_dim=5504   seqlen=1025   qlen=1   cache=N lat=    0.004ms cycles≈4062
[pim-debug] op#06 op=Add      norm=residual   sh=-1 dim=4096  heads=32  hd=128 q_dim=4096  kv_heads=32  kv_dim=4096  o_dim=4096  ffn_dim=11008  seqlen=1025   qlen=1   cache=N lat=    0.000ms cycles≈3
[pim-debug] op#07 op=LN       norm=rmsnorm    sh=-1 dim=4096  heads=32  hd=128 q_dim=4096  kv_heads=32  kv_dim=4096  o_dim=4096  ffn_dim=11008  seqlen=1025   qlen=1   cache=N lat=    0.001ms cycles≈1314
[pim-debug] op#08 op=FFN_W3   norm=ffn_up     sh=1  dim=4096  heads=16  hd=128 q_dim=2048  kv_heads=16  kv_dim=2048  o_dim=2048  ffn_dim=5504   seqlen=1025   qlen=1   cache=N lat=    0.011ms cycles≈10896
[pim-debug] op#09 op=SwiGLU   norm=silu       sh=1  dim=4096  heads=16  hd=128 q_dim=2048  kv_heads=16  kv_dim=2048  o_dim=2048  ffn_dim=5504   seqlen=1025   qlen=1   cache=N lat=    0.001ms cycles≈503
[pim-debug] op#10 op=FFN_W2   norm=ffn_down   sh=1  dim=4096  heads=16  hd=128 q_dim=2048  kv_heads=16  kv_dim=2048  o_dim=2048  ffn_dim=5504   seqlen=1025   qlen=1   cache=N lat=    0.011ms cycles≈11466
[pim-debug] op#11 op=Add      norm=residual   sh=-1 dim=4096  heads=32  hd=128 q_dim=4096  kv_heads=32  kv_dim=4096  o_dim=4096  ffn_dim=11008  seqlen=1025   qlen=1   cache=N lat=    0.000ms cycles≈3
[pim-debug] segment total latency: 0.047 ms
========================================================================================
[pim-debug] segment_key=pim|decode|0|2979af7f7f4226124a70d0335e494479
[pim-debug] sig: device_type=pim phase=decode step=0 (count_hint=1)
[pim-debug] ops_repr: Q:1,QK:1,Softmax:1,SV:1,O:1,FFN_W3:0,SwiGLU:1,SwiGLU:0,FFN_W2:0
[pim-debug] cfg: shard_policy='fine' shards=2 dim=4096 ffn_dim=11008 n_heads=32 n_kv_heads=auto->n_heads
[pim-debug] pim_config=/lustre/home/2501111916/workspace/XPUPIM_0226_gpupim_parameter/TriForm/algorithms/aim_simulator/PIM_AiM.json
[pim-debug] ramulator_config=/lustre/home/2501111916/workspace/XPUPIM_0226_gpupim_parameter/TriForm/algorithms/aim_simulator/example.yaml
[pim-debug] cost_model config.PIM_FREQ_GHZ=1.0
[pim-debug] op plan (logical shapes inferred from schedule cfg):
  - op#00  op=Q        shard=1   x=[1x4096] + w=[2048x4096]  ->  y=[1x2048]  (T=1, K=1025)
  - op#01  op=QK       shard=1   q=[16x1x128] + k=[16x128x1025]  ->  y=[16x1x1025]  (T=1, K=1025)
  - op#02  op=Softmax  shard=1   scores=[16x1x1025]  ->  y=[16x1x1025]  (T=1, K=1025)
  - op#03  op=SV       shard=1   p=[16x1x1025] + v=[16x1025x128]  ->  y=[16x1x128]  (T=1, K=1025)
  - op#04  op=O        shard=1   x=[1x2048] + w=[4096x2048]  ->  y=[1x4096]  (T=1, K=1025)
  - op#05  op=FFN_W3   shard=0   x=[1x4096] + w=[5504x4096]  ->  y=[1x5504]  (T=1, K=1025)
  - op#06  op=SwiGLU   shard=1   a=[1x5504] + b=[1x5504]  ->  y=[1x5504]  (T=1, K=1025)
  - op#07  op=SwiGLU   shard=0   a=[1x5504] + b=[1x5504]  ->  y=[1x5504]  (T=1, K=1025)
  - op#08  op=FFN_W2   shard=0   x=[1x5504] + w=[4096x5504]  ->  y=[1x4096]  (T=1, K=1025)
[pim-debug] NOTE: CENT(AiM) trace backend internally uses x shape (1,1,dim) and handles prefill by repeating ops;
           the table below shows the *effective parameters* passed into cost_model_pim_backend for each op.
[pim-debug] op#00 op=Q        norm=q_proj     sh=1  dim=4096  heads=16  hd=128 q_dim=2048  kv_heads=16  kv_dim=2048  o_dim=2048  ffn_dim=5504   seqlen=1025   qlen=1   cache=N lat=    0.004ms cycles≈4428
[pim-debug] op#01 op=QK       norm=score      sh=1  dim=4096  heads=16  hd=128 q_dim=2048  kv_heads=16  kv_dim=2048  o_dim=2048  ffn_dim=5504   seqlen=1025   qlen=1   cache=N lat=    0.005ms cycles≈5424
[pim-debug] op#02 op=Softmax  norm=softmax    sh=1  dim=4096  heads=16  hd=128 q_dim=2048  kv_heads=16  kv_dim=2048  o_dim=2048  ffn_dim=5504   seqlen=1025   qlen=1   cache=N lat=    0.004ms cycles≈4057
[pim-debug] op#03 op=SV       norm=output     sh=1  dim=4096  heads=16  hd=128 q_dim=2048  kv_heads=16  kv_dim=2048  o_dim=2048  ffn_dim=5504   seqlen=1025   qlen=1   cache=N lat=    0.004ms cycles≈3698
[pim-debug] op#04 op=O        norm=wo_proj    sh=1  dim=4096  heads=16  hd=128 q_dim=2048  kv_heads=16  kv_dim=2048  o_dim=2048  ffn_dim=5504   seqlen=1025   qlen=1   cache=N lat=    0.004ms cycles≈4062
[pim-debug] op#05 op=FFN_W3   norm=ffn_up     sh=0  dim=4096  heads=16  hd=128 q_dim=2048  kv_heads=16  kv_dim=2048  o_dim=2048  ffn_dim=5504   seqlen=1025   qlen=1   cache=N lat=    0.011ms cycles≈10896
[pim-debug] op#06 op=SwiGLU   norm=silu       sh=1  dim=4096  heads=16  hd=128 q_dim=2048  kv_heads=16  kv_dim=2048  o_dim=2048  ffn_dim=5504   seqlen=1025   qlen=1   cache=N lat=    0.001ms cycles≈503
[pim-debug] op#07 op=SwiGLU   norm=silu       sh=0  dim=4096  heads=16  hd=128 q_dim=2048  kv_heads=16  kv_dim=2048  o_dim=2048  ffn_dim=5504   seqlen=1025   qlen=1   cache=N lat=    0.001ms cycles≈503
[pim-debug] op#08 op=FFN_W2   norm=ffn_down   sh=0  dim=4096  heads=16  hd=128 q_dim=2048  kv_heads=16  kv_dim=2048  o_dim=2048  ffn_dim=5504   seqlen=1025   qlen=1   cache=N lat=    0.011ms cycles≈11466
[pim-debug] segment total latency: 0.045 ms
========================================================================================
[pim-debug] segment_key=pim|decode|0|2a6062024fc57145e9ce1d3397ceabb3
[pim-debug] sig: device_type=pim phase=decode step=0 (count_hint=2)
[pim-debug] ops_repr: Q:1,QK:1,SV:1,O:0,FFN_W3:1,SwiGLU:0,FFN_W2:1
[pim-debug] cfg: shard_policy='fine' shards=2 dim=4096 ffn_dim=11008 n_heads=32 n_kv_heads=auto->n_heads
[pim-debug] pim_config=/lustre/home/2501111916/workspace/XPUPIM_0226_gpupim_parameter/TriForm/algorithms/aim_simulator/PIM_AiM.json
[pim-debug] ramulator_config=/lustre/home/2501111916/workspace/XPUPIM_0226_gpupim_parameter/TriForm/algorithms/aim_simulator/example.yaml
[pim-debug] cost_model config.PIM_FREQ_GHZ=1.0
[pim-debug] op plan (logical shapes inferred from schedule cfg):
  - op#00  op=Q        shard=1   x=[1x4096] + w=[2048x4096]  ->  y=[1x2048]  (T=1, K=1025)
  - op#01  op=QK       shard=1   q=[16x1x128] + k=[16x128x1025]  ->  y=[16x1x1025]  (T=1, K=1025)
  - op#02  op=SV       shard=1   p=[16x1x1025] + v=[16x1025x128]  ->  y=[16x1x128]  (T=1, K=1025)
  - op#03  op=O        shard=0   x=[1x2048] + w=[4096x2048]  ->  y=[1x4096]  (T=1, K=1025)
  - op#04  op=FFN_W3   shard=1   x=[1x4096] + w=[5504x4096]  ->  y=[1x5504]  (T=1, K=1025)
  - op#05  op=SwiGLU   shard=0   a=[1x5504] + b=[1x5504]  ->  y=[1x5504]  (T=1, K=1025)
  - op#06  op=FFN_W2   shard=1   x=[1x5504] + w=[4096x5504]  ->  y=[1x4096]  (T=1, K=1025)
[pim-debug] NOTE: CENT(AiM) trace backend internally uses x shape (1,1,dim) and handles prefill by repeating ops;
           the table below shows the *effective parameters* passed into cost_model_pim_backend for each op.
[pim-debug] op#00 op=Q        norm=q_proj     sh=1  dim=4096  heads=16  hd=128 q_dim=2048  kv_heads=16  kv_dim=2048  o_dim=2048  ffn_dim=5504   seqlen=1025   qlen=1   cache=N lat=    0.004ms cycles≈4428
[pim-debug] op#01 op=QK       norm=score      sh=1  dim=4096  heads=16  hd=128 q_dim=2048  kv_heads=16  kv_dim=2048  o_dim=2048  ffn_dim=5504   seqlen=1025   qlen=1   cache=N lat=    0.005ms cycles≈5424
[pim-debug] op#02 op=SV       norm=output     sh=1  dim=4096  heads=16  hd=128 q_dim=2048  kv_heads=16  kv_dim=2048  o_dim=2048  ffn_dim=5504   seqlen=1025   qlen=1   cache=N lat=    0.004ms cycles≈3698
[pim-debug] op#03 op=O        norm=wo_proj    sh=0  dim=4096  heads=16  hd=128 q_dim=2048  kv_heads=16  kv_dim=2048  o_dim=2048  ffn_dim=5504   seqlen=1025   qlen=1   cache=N lat=    0.004ms cycles≈4062
[pim-debug] op#04 op=FFN_W3   norm=ffn_up     sh=1  dim=4096  heads=16  hd=128 q_dim=2048  kv_heads=16  kv_dim=2048  o_dim=2048  ffn_dim=5504   seqlen=1025   qlen=1   cache=N lat=    0.011ms cycles≈10896
[pim-debug] op#05 op=SwiGLU   norm=silu       sh=0  dim=4096  heads=16  hd=128 q_dim=2048  kv_heads=16  kv_dim=2048  o_dim=2048  ffn_dim=5504   seqlen=1025   qlen=1   cache=N lat=    0.001ms cycles≈503
[pim-debug] op#06 op=FFN_W2   norm=ffn_down   sh=1  dim=4096  heads=16  hd=128 q_dim=2048  kv_heads=16  kv_dim=2048  o_dim=2048  ffn_dim=5504   seqlen=1025   qlen=1   cache=N lat=    0.011ms cycles≈11466
[pim-debug] segment total latency: 0.040 ms
========================================================================================
[pim-debug] segment_key=pim|decode|0|2cb0316405290a10aae3c08cc28941d2
[pim-debug] sig: device_type=pim phase=decode step=0 (count_hint=2)
[pim-debug] ops_repr: Q:1,QK:1,Softmax:1,SV:1,O:1,FFN_W3:0,FFN_W2:0
[pim-debug] cfg: shard_policy='fine' shards=2 dim=4096 ffn_dim=11008 n_heads=32 n_kv_heads=auto->n_heads
[pim-debug] pim_config=/lustre/home/2501111916/workspace/XPUPIM_0226_gpupim_parameter/TriForm/algorithms/aim_simulator/PIM_AiM.json
[pim-debug] ramulator_config=/lustre/home/2501111916/workspace/XPUPIM_0226_gpupim_parameter/TriForm/algorithms/aim_simulator/example.yaml
[pim-debug] cost_model config.PIM_FREQ_GHZ=1.0
[pim-debug] op plan (logical shapes inferred from schedule cfg):
  - op#00  op=Q        shard=1   x=[1x4096] + w=[2048x4096]  ->  y=[1x2048]  (T=1, K=1025)
  - op#01  op=QK       shard=1   q=[16x1x128] + k=[16x128x1025]  ->  y=[16x1x1025]  (T=1, K=1025)
  - op#02  op=Softmax  shard=1   scores=[16x1x1025]  ->  y=[16x1x1025]  (T=1, K=1025)
  - op#03  op=SV       shard=1   p=[16x1x1025] + v=[16x1025x128]  ->  y=[16x1x128]  (T=1, K=1025)
  - op#04  op=O        shard=1   x=[1x2048] + w=[4096x2048]  ->  y=[1x4096]  (T=1, K=1025)
  - op#05  op=FFN_W3   shard=0   x=[1x4096] + w=[5504x4096]  ->  y=[1x5504]  (T=1, K=1025)
  - op#06  op=FFN_W2   shard=0   x=[1x5504] + w=[4096x5504]  ->  y=[1x4096]  (T=1, K=1025)
[pim-debug] NOTE: CENT(AiM) trace backend internally uses x shape (1,1,dim) and handles prefill by repeating ops;
           the table below shows the *effective parameters* passed into cost_model_pim_backend for each op.
[pim-debug] op#00 op=Q        norm=q_proj     sh=1  dim=4096  heads=16  hd=128 q_dim=2048  kv_heads=16  kv_dim=2048  o_dim=2048  ffn_dim=5504   seqlen=1025   qlen=1   cache=N lat=    0.004ms cycles≈4428
[pim-debug] op#01 op=QK       norm=score      sh=1  dim=4096  heads=16  hd=128 q_dim=2048  kv_heads=16  kv_dim=2048  o_dim=2048  ffn_dim=5504   seqlen=1025   qlen=1   cache=N lat=    0.005ms cycles≈5424
[pim-debug] op#02 op=Softmax  norm=softmax    sh=1  dim=4096  heads=16  hd=128 q_dim=2048  kv_heads=16  kv_dim=2048  o_dim=2048  ffn_dim=5504   seqlen=1025   qlen=1   cache=N lat=    0.004ms cycles≈4057
[pim-debug] op#03 op=SV       norm=output     sh=1  dim=4096  heads=16  hd=128 q_dim=2048  kv_heads=16  kv_dim=2048  o_dim=2048  ffn_dim=5504   seqlen=1025   qlen=1   cache=N lat=    0.004ms cycles≈3698
[pim-debug] op#04 op=O        norm=wo_proj    sh=1  dim=4096  heads=16  hd=128 q_dim=2048  kv_heads=16  kv_dim=2048  o_dim=2048  ffn_dim=5504   seqlen=1025   qlen=1   cache=N lat=    0.004ms cycles≈4062
[pim-debug] op#05 op=FFN_W3   norm=ffn_up     sh=0  dim=4096  heads=16  hd=128 q_dim=2048  kv_heads=16  kv_dim=2048  o_dim=2048  ffn_dim=5504   seqlen=1025   qlen=1   cache=N lat=    0.011ms cycles≈10896
[pim-debug] op#06 op=FFN_W2   norm=ffn_down   sh=0  dim=4096  heads=16  hd=128 q_dim=2048  kv_heads=16  kv_dim=2048  o_dim=2048  ffn_dim=5504   seqlen=1025   qlen=1   cache=N lat=    0.011ms cycles≈11466
[pim-debug] segment total latency: 0.044 ms
========================================================================================
[pim-debug] segment_key=pim|decode|0|2ef8a7aba5dad2e5416dc0a4c06ca985
[pim-debug] sig: device_type=pim phase=decode step=0 (count_hint=2)
[pim-debug] ops_repr: Q:0,QK:1,Softmax:1,SV:1,O:1,FFN_W3:1,SwiGLU:0,SwiGLU:1,FFN_W2:1
[pim-debug] cfg: shard_policy='fine' shards=2 dim=4096 ffn_dim=11008 n_heads=32 n_kv_heads=auto->n_heads
[pim-debug] pim_config=/lustre/home/2501111916/workspace/XPUPIM_0226_gpupim_parameter/TriForm/algorithms/aim_simulator/PIM_AiM.json
[pim-debug] ramulator_config=/lustre/home/2501111916/workspace/XPUPIM_0226_gpupim_parameter/TriForm/algorithms/aim_simulator/example.yaml
[pim-debug] cost_model config.PIM_FREQ_GHZ=1.0
[pim-debug] op plan (logical shapes inferred from schedule cfg):
  - op#00  op=Q        shard=0   x=[1x4096] + w=[2048x4096]  ->  y=[1x2048]  (T=1, K=1025)
  - op#01  op=QK       shard=1   q=[16x1x128] + k=[16x128x1025]  ->  y=[16x1x1025]  (T=1, K=1025)
  - op#02  op=Softmax  shard=1   scores=[16x1x1025]  ->  y=[16x1x1025]  (T=1, K=1025)
  - op#03  op=SV       shard=1   p=[16x1x1025] + v=[16x1025x128]  ->  y=[16x1x128]  (T=1, K=1025)
  - op#04  op=O        shard=1   x=[1x2048] + w=[4096x2048]  ->  y=[1x4096]  (T=1, K=1025)
  - op#05  op=FFN_W3   shard=1   x=[1x4096] + w=[5504x4096]  ->  y=[1x5504]  (T=1, K=1025)
  - op#06  op=SwiGLU   shard=0   a=[1x5504] + b=[1x5504]  ->  y=[1x5504]  (T=1, K=1025)
  - op#07  op=SwiGLU   shard=1   a=[1x5504] + b=[1x5504]  ->  y=[1x5504]  (T=1, K=1025)
  - op#08  op=FFN_W2   shard=1   x=[1x5504] + w=[4096x5504]  ->  y=[1x4096]  (T=1, K=1025)
[pim-debug] NOTE: CENT(AiM) trace backend internally uses x shape (1,1,dim) and handles prefill by repeating ops;
           the table below shows the *effective parameters* passed into cost_model_pim_backend for each op.
[pim-debug] op#00 op=Q        norm=q_proj     sh=0  dim=4096  heads=16  hd=128 q_dim=2048  kv_heads=16  kv_dim=2048  o_dim=2048  ffn_dim=5504   seqlen=1025   qlen=1   cache=N lat=    0.004ms cycles≈4428
[pim-debug] op#01 op=QK       norm=score      sh=1  dim=4096  heads=16  hd=128 q_dim=2048  kv_heads=16  kv_dim=2048  o_dim=2048  ffn_dim=5504   seqlen=1025   qlen=1   cache=N lat=    0.005ms cycles≈5424
[pim-debug] op#02 op=Softmax  norm=softmax    sh=1  dim=4096  heads=16  hd=128 q_dim=2048  kv_heads=16  kv_dim=2048  o_dim=2048  ffn_dim=5504   seqlen=1025   qlen=1   cache=N lat=    0.004ms cycles≈4057
[pim-debug] op#03 op=SV       norm=output     sh=1  dim=4096  heads=16  hd=128 q_dim=2048  kv_heads=16  kv_dim=2048  o_dim=2048  ffn_dim=5504   seqlen=1025   qlen=1   cache=N lat=    0.004ms cycles≈3698
[pim-debug] op#04 op=O        norm=wo_proj    sh=1  dim=4096  heads=16  hd=128 q_dim=2048  kv_heads=16  kv_dim=2048  o_dim=2048  ffn_dim=5504   seqlen=1025   qlen=1   cache=N lat=    0.004ms cycles≈4062
[pim-debug] op#05 op=FFN_W3   norm=ffn_up     sh=1  dim=4096  heads=16  hd=128 q_dim=2048  kv_heads=16  kv_dim=2048  o_dim=2048  ffn_dim=5504   seqlen=1025   qlen=1   cache=N lat=    0.011ms cycles≈10896
[pim-debug] op#06 op=SwiGLU   norm=silu       sh=0  dim=4096  heads=16  hd=128 q_dim=2048  kv_heads=16  kv_dim=2048  o_dim=2048  ffn_dim=5504   seqlen=1025   qlen=1   cache=N lat=    0.001ms cycles≈503
[pim-debug] op#07 op=SwiGLU   norm=silu       sh=1  dim=4096  heads=16  hd=128 q_dim=2048  kv_heads=16  kv_dim=2048  o_dim=2048  ffn_dim=5504   seqlen=1025   qlen=1   cache=N lat=    0.001ms cycles≈503
[pim-debug] op#08 op=FFN_W2   norm=ffn_down   sh=1  dim=4096  heads=16  hd=128 q_dim=2048  kv_heads=16  kv_dim=2048  o_dim=2048  ffn_dim=5504   seqlen=1025   qlen=1   cache=N lat=    0.011ms cycles≈11466
[pim-debug] segment total latency: 0.045 ms
========================================================================================
[pim-debug] segment_key=pim|decode|0|333b6a01eb4df549ae60c2bc3831f26c
[pim-debug] sig: device_type=pim phase=decode step=0 (count_hint=4)
[pim-debug] ops_repr: LN:-1,Q:0,QK:0,O:1,SV:0,Add:-1,LN:-1,FFN_W3:0,SwiGLU:0,FFN_W2:0,SwiGLU:1,Add:-1
[pim-debug] cfg: shard_policy='fine' shards=2 dim=4096 ffn_dim=11008 n_heads=32 n_kv_heads=auto->n_heads
[pim-debug] pim_config=/lustre/home/2501111916/workspace/XPUPIM_0226_gpupim_parameter/TriForm/algorithms/aim_simulator/PIM_AiM.json
[pim-debug] ramulator_config=/lustre/home/2501111916/workspace/XPUPIM_0226_gpupim_parameter/TriForm/algorithms/aim_simulator/example.yaml
[pim-debug] cost_model config.PIM_FREQ_GHZ=1.0
[pim-debug] op plan (logical shapes inferred from schedule cfg):
  - op#00  op=LN       shard=-1  x=[1x4096] + w=[4096]  ->  y=[1x4096]  (T=1, K=1025)
  - op#01  op=Q        shard=0   x=[1x4096] + w=[2048x4096]  ->  y=[1x2048]  (T=1, K=1025)
  - op#02  op=QK       shard=0   q=[16x1x128] + k=[16x128x1025]  ->  y=[16x1x1025]  (T=1, K=1025)
  - op#03  op=O        shard=1   x=[1x2048] + w=[4096x2048]  ->  y=[1x4096]  (T=1, K=1025)
  - op#04  op=SV       shard=0   p=[16x1x1025] + v=[16x1025x128]  ->  y=[16x1x128]  (T=1, K=1025)
  - op#05  op=Add      shard=-1  a=[1x4096] + b=[1x4096]  ->  y=[1x4096]  (T=1, K=1025)
  - op#06  op=LN       shard=-1  x=[1x4096] + w=[4096]  ->  y=[1x4096]  (T=1, K=1025)
  - op#07  op=FFN_W3   shard=0   x=[1x4096] + w=[5504x4096]  ->  y=[1x5504]  (T=1, K=1025)
  - op#08  op=SwiGLU   shard=0   a=[1x5504] + b=[1x5504]  ->  y=[1x5504]  (T=1, K=1025)
  - op#09  op=FFN_W2   shard=0   x=[1x5504] + w=[4096x5504]  ->  y=[1x4096]  (T=1, K=1025)
  - op#10  op=SwiGLU   shard=1   a=[1x5504] + b=[1x5504]  ->  y=[1x5504]  (T=1, K=1025)
  - op#11  op=Add      shard=-1  a=[1x4096] + b=[1x4096]  ->  y=[1x4096]  (T=1, K=1025)
[pim-debug] NOTE: CENT(AiM) trace backend internally uses x shape (1,1,dim) and handles prefill by repeating ops;
           the table below shows the *effective parameters* passed into cost_model_pim_backend for each op.
[pim-debug] op#00 op=LN       norm=rmsnorm    sh=-1 dim=4096  heads=32  hd=128 q_dim=4096  kv_heads=32  kv_dim=4096  o_dim=4096  ffn_dim=11008  seqlen=1025   qlen=1   cache=N lat=    0.001ms cycles≈1314
[pim-debug] op#01 op=Q        norm=q_proj     sh=0  dim=4096  heads=16  hd=128 q_dim=2048  kv_heads=16  kv_dim=2048  o_dim=2048  ffn_dim=5504   seqlen=1025   qlen=1   cache=N lat=    0.004ms cycles≈4428
[pim-debug] op#02 op=QK       norm=score      sh=0  dim=4096  heads=16  hd=128 q_dim=2048  kv_heads=16  kv_dim=2048  o_dim=2048  ffn_dim=5504   seqlen=1025   qlen=1   cache=N lat=    0.005ms cycles≈5424
[pim-debug] op#03 op=O        norm=wo_proj    sh=1  dim=4096  heads=16  hd=128 q_dim=2048  kv_heads=16  kv_dim=2048  o_dim=2048  ffn_dim=5504   seqlen=1025   qlen=1   cache=N lat=    0.004ms cycles≈4062
[pim-debug] op#04 op=SV       norm=output     sh=0  dim=4096  heads=16  hd=128 q_dim=2048  kv_heads=16  kv_dim=2048  o_dim=2048  ffn_dim=5504   seqlen=1025   qlen=1   cache=N lat=    0.004ms cycles≈3698
[pim-debug] op#05 op=Add      norm=residual   sh=-1 dim=4096  heads=32  hd=128 q_dim=4096  kv_heads=32  kv_dim=4096  o_dim=4096  ffn_dim=11008  seqlen=1025   qlen=1   cache=N lat=    0.000ms cycles≈3
[pim-debug] op#06 op=LN       norm=rmsnorm    sh=-1 dim=4096  heads=32  hd=128 q_dim=4096  kv_heads=32  kv_dim=4096  o_dim=4096  ffn_dim=11008  seqlen=1025   qlen=1   cache=N lat=    0.001ms cycles≈1314
[pim-debug] op#07 op=FFN_W3   norm=ffn_up     sh=0  dim=4096  heads=16  hd=128 q_dim=2048  kv_heads=16  kv_dim=2048  o_dim=2048  ffn_dim=5504   seqlen=1025   qlen=1   cache=N lat=    0.011ms cycles≈10896
[pim-debug] op#08 op=SwiGLU   norm=silu       sh=0  dim=4096  heads=16  hd=128 q_dim=2048  kv_heads=16  kv_dim=2048  o_dim=2048  ffn_dim=5504   seqlen=1025   qlen=1   cache=N lat=    0.001ms cycles≈503
[pim-debug] op#09 op=FFN_W2   norm=ffn_down   sh=0  dim=4096  heads=16  hd=128 q_dim=2048  kv_heads=16  kv_dim=2048  o_dim=2048  ffn_dim=5504   seqlen=1025   qlen=1   cache=N lat=    0.011ms cycles≈11466
[pim-debug] op#10 op=SwiGLU   norm=silu       sh=1  dim=4096  heads=16  hd=128 q_dim=2048  kv_heads=16  kv_dim=2048  o_dim=2048  ffn_dim=5504   seqlen=1025   qlen=1   cache=N lat=    0.001ms cycles≈503
[pim-debug] op#11 op=Add      norm=residual   sh=-1 dim=4096  heads=32  hd=128 q_dim=4096  kv_heads=32  kv_dim=4096  o_dim=4096  ffn_dim=11008  seqlen=1025   qlen=1   cache=N lat=    0.000ms cycles≈3
[pim-debug] segment total latency: 0.044 ms
========================================================================================
[pim-debug] segment_key=pim|decode|0|45530eecf9bf01e9768e30225e0eb483
[pim-debug] sig: device_type=pim phase=decode step=0 (count_hint=2)
[pim-debug] ops_repr: LN:-1,Q:1,QK:0,Softmax:0,SV:0,O:0,Add:-1,LN:-1,FFN_W3:1,FFN_W2:1,SwiGLU:0,Add:-1
[pim-debug] cfg: shard_policy='fine' shards=2 dim=4096 ffn_dim=11008 n_heads=32 n_kv_heads=auto->n_heads
[pim-debug] pim_config=/lustre/home/2501111916/workspace/XPUPIM_0226_gpupim_parameter/TriForm/algorithms/aim_simulator/PIM_AiM.json
[pim-debug] ramulator_config=/lustre/home/2501111916/workspace/XPUPIM_0226_gpupim_parameter/TriForm/algorithms/aim_simulator/example.yaml
[pim-debug] cost_model config.PIM_FREQ_GHZ=1.0
[pim-debug] op plan (logical shapes inferred from schedule cfg):
  - op#00  op=LN       shard=-1  x=[1x4096] + w=[4096]  ->  y=[1x4096]  (T=1, K=1025)
  - op#01  op=Q        shard=1   x=[1x4096] + w=[2048x4096]  ->  y=[1x2048]  (T=1, K=1025)
  - op#02  op=QK       shard=0   q=[16x1x128] + k=[16x128x1025]  ->  y=[16x1x1025]  (T=1, K=1025)
  - op#03  op=Softmax  shard=0   scores=[16x1x1025]  ->  y=[16x1x1025]  (T=1, K=1025)
  - op#04  op=SV       shard=0   p=[16x1x1025] + v=[16x1025x128]  ->  y=[16x1x128]  (T=1, K=1025)
  - op#05  op=O        shard=0   x=[1x2048] + w=[4096x2048]  ->  y=[1x4096]  (T=1, K=1025)
  - op#06  op=Add      shard=-1  a=[1x4096] + b=[1x4096]  ->  y=[1x4096]  (T=1, K=1025)
  - op#07  op=LN       shard=-1  x=[1x4096] + w=[4096]  ->  y=[1x4096]  (T=1, K=1025)
  - op#08  op=FFN_W3   shard=1   x=[1x4096] + w=[5504x4096]  ->  y=[1x5504]  (T=1, K=1025)
  - op#09  op=FFN_W2   shard=1   x=[1x5504] + w=[4096x5504]  ->  y=[1x4096]  (T=1, K=1025)
  - op#10  op=SwiGLU   shard=0   a=[1x5504] + b=[1x5504]  ->  y=[1x5504]  (T=1, K=1025)
  - op#11  op=Add      shard=-1  a=[1x4096] + b=[1x4096]  ->  y=[1x4096]  (T=1, K=1025)
[pim-debug] NOTE: CENT(AiM) trace backend internally uses x shape (1,1,dim) and handles prefill by repeating ops;
           the table below shows the *effective parameters* passed into cost_model_pim_backend for each op.
[pim-debug] op#00 op=LN       norm=rmsnorm    sh=-1 dim=4096  heads=32  hd=128 q_dim=4096  kv_heads=32  kv_dim=4096  o_dim=4096  ffn_dim=11008  seqlen=1025   qlen=1   cache=N lat=    0.001ms cycles≈1314
[pim-debug] op#01 op=Q        norm=q_proj     sh=1  dim=4096  heads=16  hd=128 q_dim=2048  kv_heads=16  kv_dim=2048  o_dim=2048  ffn_dim=5504   seqlen=1025   qlen=1   cache=N lat=    0.004ms cycles≈4428
[pim-debug] op#02 op=QK       norm=score      sh=0  dim=4096  heads=16  hd=128 q_dim=2048  kv_heads=16  kv_dim=2048  o_dim=2048  ffn_dim=5504   seqlen=1025   qlen=1   cache=N lat=    0.005ms cycles≈5424
[pim-debug] op#03 op=Softmax  norm=softmax    sh=0  dim=4096  heads=16  hd=128 q_dim=2048  kv_heads=16  kv_dim=2048  o_dim=2048  ffn_dim=5504   seqlen=1025   qlen=1   cache=N lat=    0.004ms cycles≈4057
[pim-debug] op#04 op=SV       norm=output     sh=0  dim=4096  heads=16  hd=128 q_dim=2048  kv_heads=16  kv_dim=2048  o_dim=2048  ffn_dim=5504   seqlen=1025   qlen=1   cache=N lat=    0.004ms cycles≈3698
[pim-debug] op#05 op=O        norm=wo_proj    sh=0  dim=4096  heads=16  hd=128 q_dim=2048  kv_heads=16  kv_dim=2048  o_dim=2048  ffn_dim=5504   seqlen=1025   qlen=1   cache=N lat=    0.004ms cycles≈4062
[pim-debug] op#06 op=Add      norm=residual   sh=-1 dim=4096  heads=32  hd=128 q_dim=4096  kv_heads=32  kv_dim=4096  o_dim=4096  ffn_dim=11008  seqlen=1025   qlen=1   cache=N lat=    0.000ms cycles≈3
[pim-debug] op#07 op=LN       norm=rmsnorm    sh=-1 dim=4096  heads=32  hd=128 q_dim=4096  kv_heads=32  kv_dim=4096  o_dim=4096  ffn_dim=11008  seqlen=1025   qlen=1   cache=N lat=    0.001ms cycles≈1314
[pim-debug] op#08 op=FFN_W3   norm=ffn_up     sh=1  dim=4096  heads=16  hd=128 q_dim=2048  kv_heads=16  kv_dim=2048  o_dim=2048  ffn_dim=5504   seqlen=1025   qlen=1   cache=N lat=    0.011ms cycles≈10896
[pim-debug] op#09 op=FFN_W2   norm=ffn_down   sh=1  dim=4096  heads=16  hd=128 q_dim=2048  kv_heads=16  kv_dim=2048  o_dim=2048  ffn_dim=5504   seqlen=1025   qlen=1   cache=N lat=    0.011ms cycles≈11466
[pim-debug] op#10 op=SwiGLU   norm=silu       sh=0  dim=4096  heads=16  hd=128 q_dim=2048  kv_heads=16  kv_dim=2048  o_dim=2048  ffn_dim=5504   seqlen=1025   qlen=1   cache=N lat=    0.001ms cycles≈503
[pim-debug] op#11 op=Add      norm=residual   sh=-1 dim=4096  heads=32  hd=128 q_dim=4096  kv_heads=32  kv_dim=4096  o_dim=4096  ffn_dim=11008  seqlen=1025   qlen=1   cache=N lat=    0.000ms cycles≈3
[pim-debug] segment total latency: 0.047 ms
========================================================================================
[pim-debug] segment_key=pim|decode|0|4f3f7c63af89ac3a2fd795feaa707571
[pim-debug] sig: device_type=pim phase=decode step=0 (count_hint=1)
[pim-debug] ops_repr: LN:-1,Q:1,QK:0,O:1,SV:0,Add:-1,LN:-1,FFN_W3:0,FFN_W2:0,SwiGLU:1,Add:-1
[pim-debug] cfg: shard_policy='fine' shards=2 dim=4096 ffn_dim=11008 n_heads=32 n_kv_heads=auto->n_heads
[pim-debug] pim_config=/lustre/home/2501111916/workspace/XPUPIM_0226_gpupim_parameter/TriForm/algorithms/aim_simulator/PIM_AiM.json
[pim-debug] ramulator_config=/lustre/home/2501111916/workspace/XPUPIM_0226_gpupim_parameter/TriForm/algorithms/aim_simulator/example.yaml
[pim-debug] cost_model config.PIM_FREQ_GHZ=1.0
[pim-debug] op plan (logical shapes inferred from schedule cfg):
  - op#00  op=LN       shard=-1  x=[1x4096] + w=[4096]  ->  y=[1x4096]  (T=1, K=1025)
  - op#01  op=Q        shard=1   x=[1x4096] + w=[2048x4096]  ->  y=[1x2048]  (T=1, K=1025)
  - op#02  op=QK       shard=0   q=[16x1x128] + k=[16x128x1025]  ->  y=[16x1x1025]  (T=1, K=1025)
  - op#03  op=O        shard=1   x=[1x2048] + w=[4096x2048]  ->  y=[1x4096]  (T=1, K=1025)
  - op#04  op=SV       shard=0   p=[16x1x1025] + v=[16x1025x128]  ->  y=[16x1x128]  (T=1, K=1025)
  - op#05  op=Add      shard=-1  a=[1x4096] + b=[1x4096]  ->  y=[1x4096]  (T=1, K=1025)
  - op#06  op=LN       shard=-1  x=[1x4096] + w=[4096]  ->  y=[1x4096]  (T=1, K=1025)
  - op#07  op=FFN_W3   shard=0   x=[1x4096] + w=[5504x4096]  ->  y=[1x5504]  (T=1, K=1025)
  - op#08  op=FFN_W2   shard=0   x=[1x5504] + w=[4096x5504]  ->  y=[1x4096]  (T=1, K=1025)
  - op#09  op=SwiGLU   shard=1   a=[1x5504] + b=[1x5504]  ->  y=[1x5504]  (T=1, K=1025)
  - op#10  op=Add      shard=-1  a=[1x4096] + b=[1x4096]  ->  y=[1x4096]  (T=1, K=1025)
[pim-debug] NOTE: CENT(AiM) trace backend internally uses x shape (1,1,dim) and handles prefill by repeating ops;
           the table below shows the *effective parameters* passed into cost_model_pim_backend for each op.
[pim-debug] op#00 op=LN       norm=rmsnorm    sh=-1 dim=4096  heads=32  hd=128 q_dim=4096  kv_heads=32  kv_dim=4096  o_dim=4096  ffn_dim=11008  seqlen=1025   qlen=1   cache=N lat=    0.001ms cycles≈1314
[pim-debug] op#01 op=Q        norm=q_proj     sh=1  dim=4096  heads=16  hd=128 q_dim=2048  kv_heads=16  kv_dim=2048  o_dim=2048  ffn_dim=5504   seqlen=1025   qlen=1   cache=N lat=    0.004ms cycles≈4428
[pim-debug] op#02 op=QK       norm=score      sh=0  dim=4096  heads=16  hd=128 q_dim=2048  kv_heads=16  kv_dim=2048  o_dim=2048  ffn_dim=5504   seqlen=1025   qlen=1   cache=N lat=    0.005ms cycles≈5424
[pim-debug] op#03 op=O        norm=wo_proj    sh=1  dim=4096  heads=16  hd=128 q_dim=2048  kv_heads=16  kv_dim=2048  o_dim=2048  ffn_dim=5504   seqlen=1025   qlen=1   cache=N lat=    0.004ms cycles≈4062
[pim-debug] op#04 op=SV       norm=output     sh=0  dim=4096  heads=16  hd=128 q_dim=2048  kv_heads=16  kv_dim=2048  o_dim=2048  ffn_dim=5504   seqlen=1025   qlen=1   cache=N lat=    0.004ms cycles≈3698
[pim-debug] op#05 op=Add      norm=residual   sh=-1 dim=4096  heads=32  hd=128 q_dim=4096  kv_heads=32  kv_dim=4096  o_dim=4096  ffn_dim=11008  seqlen=1025   qlen=1   cache=N lat=    0.000ms cycles≈3
[pim-debug] op#06 op=LN       norm=rmsnorm    sh=-1 dim=4096  heads=32  hd=128 q_dim=4096  kv_heads=32  kv_dim=4096  o_dim=4096  ffn_dim=11008  seqlen=1025   qlen=1   cache=N lat=    0.001ms cycles≈1314
[pim-debug] op#07 op=FFN_W3   norm=ffn_up     sh=0  dim=4096  heads=16  hd=128 q_dim=2048  kv_heads=16  kv_dim=2048  o_dim=2048  ffn_dim=5504   seqlen=1025   qlen=1   cache=N lat=    0.011ms cycles≈10896
[pim-debug] op#08 op=FFN_W2   norm=ffn_down   sh=0  dim=4096  heads=16  hd=128 q_dim=2048  kv_heads=16  kv_dim=2048  o_dim=2048  ffn_dim=5504   seqlen=1025   qlen=1   cache=N lat=    0.011ms cycles≈11466
[pim-debug] op#09 op=SwiGLU   norm=silu       sh=1  dim=4096  heads=16  hd=128 q_dim=2048  kv_heads=16  kv_dim=2048  o_dim=2048  ffn_dim=5504   seqlen=1025   qlen=1   cache=N lat=    0.001ms cycles≈503
[pim-debug] op#10 op=Add      norm=residual   sh=-1 dim=4096  heads=32  hd=128 q_dim=4096  kv_heads=32  kv_dim=4096  o_dim=4096  ffn_dim=11008  seqlen=1025   qlen=1   cache=N lat=    0.000ms cycles≈3
[pim-debug] segment total latency: 0.043 ms
========================================================================================
[pim-debug] segment_key=pim|decode|0|5038e048198972c1c255072a9e701683
[pim-debug] sig: device_type=pim phase=decode step=0 (count_hint=2)
[pim-debug] ops_repr: LN:-1,Q:0,QK:0,O:1,SV:0,Add:-1,LN:-1,FFN_W3:0,SwiGLU:0,FFN_W2:0,Add:-1
[pim-debug] cfg: shard_policy='fine' shards=2 dim=4096 ffn_dim=11008 n_heads=32 n_kv_heads=auto->n_heads
[pim-debug] pim_config=/lustre/home/2501111916/workspace/XPUPIM_0226_gpupim_parameter/TriForm/algorithms/aim_simulator/PIM_AiM.json
[pim-debug] ramulator_config=/lustre/home/2501111916/workspace/XPUPIM_0226_gpupim_parameter/TriForm/algorithms/aim_simulator/example.yaml
[pim-debug] cost_model config.PIM_FREQ_GHZ=1.0
[pim-debug] op plan (logical shapes inferred from schedule cfg):
  - op#00  op=LN       shard=-1  x=[1x4096] + w=[4096]  ->  y=[1x4096]  (T=1, K=1025)
  - op#01  op=Q        shard=0   x=[1x4096] + w=[2048x4096]  ->  y=[1x2048]  (T=1, K=1025)
  - op#02  op=QK       shard=0   q=[16x1x128] + k=[16x128x1025]  ->  y=[16x1x1025]  (T=1, K=1025)
  - op#03  op=O        shard=1   x=[1x2048] + w=[4096x2048]  ->  y=[1x4096]  (T=1, K=1025)
  - op#04  op=SV       shard=0   p=[16x1x1025] + v=[16x1025x128]  ->  y=[16x1x128]  (T=1, K=1025)
  - op#05  op=Add      shard=-1  a=[1x4096] + b=[1x4096]  ->  y=[1x4096]  (T=1, K=1025)
  - op#06  op=LN       shard=-1  x=[1x4096] + w=[4096]  ->  y=[1x4096]  (T=1, K=1025)
  - op#07  op=FFN_W3   shard=0   x=[1x4096] + w=[5504x4096]  ->  y=[1x5504]  (T=1, K=1025)
  - op#08  op=SwiGLU   shard=0   a=[1x5504] + b=[1x5504]  ->  y=[1x5504]  (T=1, K=1025)
  - op#09  op=FFN_W2   shard=0   x=[1x5504] + w=[4096x5504]  ->  y=[1x4096]  (T=1, K=1025)
  - op#10  op=Add      shard=-1  a=[1x4096] + b=[1x4096]  ->  y=[1x4096]  (T=1, K=1025)
[pim-debug] NOTE: CENT(AiM) trace backend internally uses x shape (1,1,dim) and handles prefill by repeating ops;
           the table below shows the *effective parameters* passed into cost_model_pim_backend for each op.
[pim-debug] op#00 op=LN       norm=rmsnorm    sh=-1 dim=4096  heads=32  hd=128 q_dim=4096  kv_heads=32  kv_dim=4096  o_dim=4096  ffn_dim=11008  seqlen=1025   qlen=1   cache=N lat=    0.001ms cycles≈1314
[pim-debug] op#01 op=Q        norm=q_proj     sh=0  dim=4096  heads=16  hd=128 q_dim=2048  kv_heads=16  kv_dim=2048  o_dim=2048  ffn_dim=5504   seqlen=1025   qlen=1   cache=N lat=    0.004ms cycles≈4428
[pim-debug] op#02 op=QK       norm=score      sh=0  dim=4096  heads=16  hd=128 q_dim=2048  kv_heads=16  kv_dim=2048  o_dim=2048  ffn_dim=5504   seqlen=1025   qlen=1   cache=N lat=    0.005ms cycles≈5424
[pim-debug] op#03 op=O        norm=wo_proj    sh=1  dim=4096  heads=16  hd=128 q_dim=2048  kv_heads=16  kv_dim=2048  o_dim=2048  ffn_dim=5504   seqlen=1025   qlen=1   cache=N lat=    0.004ms cycles≈4062
[pim-debug] op#04 op=SV       norm=output     sh=0  dim=4096  heads=16  hd=128 q_dim=2048  kv_heads=16  kv_dim=2048  o_dim=2048  ffn_dim=5504   seqlen=1025   qlen=1   cache=N lat=    0.004ms cycles≈3698
[pim-debug] op#05 op=Add      norm=residual   sh=-1 dim=4096  heads=32  hd=128 q_dim=4096  kv_heads=32  kv_dim=4096  o_dim=4096  ffn_dim=11008  seqlen=1025   qlen=1   cache=N lat=    0.000ms cycles≈3
[pim-debug] op#06 op=LN       norm=rmsnorm    sh=-1 dim=4096  heads=32  hd=128 q_dim=4096  kv_heads=32  kv_dim=4096  o_dim=4096  ffn_dim=11008  seqlen=1025   qlen=1   cache=N lat=    0.001ms cycles≈1314
[pim-debug] op#07 op=FFN_W3   norm=ffn_up     sh=0  dim=4096  heads=16  hd=128 q_dim=2048  kv_heads=16  kv_dim=2048  o_dim=2048  ffn_dim=5504   seqlen=1025   qlen=1   cache=N lat=    0.011ms cycles≈10896
[pim-debug] op#08 op=SwiGLU   norm=silu       sh=0  dim=4096  heads=16  hd=128 q_dim=2048  kv_heads=16  kv_dim=2048  o_dim=2048  ffn_dim=5504   seqlen=1025   qlen=1   cache=N lat=    0.001ms cycles≈503
[pim-debug] op#09 op=FFN_W2   norm=ffn_down   sh=0  dim=4096  heads=16  hd=128 q_dim=2048  kv_heads=16  kv_dim=2048  o_dim=2048  ffn_dim=5504   seqlen=1025   qlen=1   cache=N lat=    0.011ms cycles≈11466
[pim-debug] op#10 op=Add      norm=residual   sh=-1 dim=4096  heads=32  hd=128 q_dim=4096  kv_heads=32  kv_dim=4096  o_dim=4096  ffn_dim=11008  seqlen=1025   qlen=1   cache=N lat=    0.000ms cycles≈3
[pim-debug] segment total latency: 0.043 ms
========================================================================================
[pim-debug] segment_key=pim|decode|0|57b4a5b0a41dd467c4ff82ff7bcdf3e0
[pim-debug] sig: device_type=pim phase=decode step=0 (count_hint=1)
[pim-debug] ops_repr: LN:-1,Q:1,QK:0,Softmax:0,SV:0,O:0,Add:-1,LN:-1,FFN_W3:1,SwiGLU:1,FFN_W2:1,SwiGLU:0,Add:-1
[pim-debug] cfg: shard_policy='fine' shards=2 dim=4096 ffn_dim=11008 n_heads=32 n_kv_heads=auto->n_heads
[pim-debug] pim_config=/lustre/home/2501111916/workspace/XPUPIM_0226_gpupim_parameter/TriForm/algorithms/aim_simulator/PIM_AiM.json
[pim-debug] ramulator_config=/lustre/home/2501111916/workspace/XPUPIM_0226_gpupim_parameter/TriForm/algorithms/aim_simulator/example.yaml
[pim-debug] cost_model config.PIM_FREQ_GHZ=1.0
[pim-debug] op plan (logical shapes inferred from schedule cfg):
  - op#00  op=LN       shard=-1  x=[1x4096] + w=[4096]  ->  y=[1x4096]  (T=1, K=1025)
  - op#01  op=Q        shard=1   x=[1x4096] + w=[2048x4096]  ->  y=[1x2048]  (T=1, K=1025)
  - op#02  op=QK       shard=0   q=[16x1x128] + k=[16x128x1025]  ->  y=[16x1x1025]  (T=1, K=1025)
  - op#03  op=Softmax  shard=0   scores=[16x1x1025]  ->  y=[16x1x1025]  (T=1, K=1025)
  - op#04  op=SV       shard=0   p=[16x1x1025] + v=[16x1025x128]  ->  y=[16x1x128]  (T=1, K=1025)
  - op#05  op=O        shard=0   x=[1x2048] + w=[4096x2048]  ->  y=[1x4096]  (T=1, K=1025)
  - op#06  op=Add      shard=-1  a=[1x4096] + b=[1x4096]  ->  y=[1x4096]  (T=1, K=1025)
  - op#07  op=LN       shard=-1  x=[1x4096] + w=[4096]  ->  y=[1x4096]  (T=1, K=1025)
  - op#08  op=FFN_W3   shard=1   x=[1x4096] + w=[5504x4096]  ->  y=[1x5504]  (T=1, K=1025)
  - op#09  op=SwiGLU   shard=1   a=[1x5504] + b=[1x5504]  ->  y=[1x5504]  (T=1, K=1025)
  - op#10  op=FFN_W2   shard=1   x=[1x5504] + w=[4096x5504]  ->  y=[1x4096]  (T=1, K=1025)
  - op#11  op=SwiGLU   shard=0   a=[1x5504] + b=[1x5504]  ->  y=[1x5504]  (T=1, K=1025)
  - op#12  op=Add      shard=-1  a=[1x4096] + b=[1x4096]  ->  y=[1x4096]  (T=1, K=1025)
[pim-debug] NOTE: CENT(AiM) trace backend internally uses x shape (1,1,dim) and handles prefill by repeating ops;
           the table below shows the *effective parameters* passed into cost_model_pim_backend for each op.
[pim-debug] op#00 op=LN       norm=rmsnorm    sh=-1 dim=4096  heads=32  hd=128 q_dim=4096  kv_heads=32  kv_dim=4096  o_dim=4096  ffn_dim=11008  seqlen=1025   qlen=1   cache=N lat=    0.001ms cycles≈1314
[pim-debug] op#01 op=Q        norm=q_proj     sh=1  dim=4096  heads=16  hd=128 q_dim=2048  kv_heads=16  kv_dim=2048  o_dim=2048  ffn_dim=5504   seqlen=1025   qlen=1   cache=N lat=    0.004ms cycles≈4428
[pim-debug] op#02 op=QK       norm=score      sh=0  dim=4096  heads=16  hd=128 q_dim=2048  kv_heads=16  kv_dim=2048  o_dim=2048  ffn_dim=5504   seqlen=1025   qlen=1   cache=N lat=    0.005ms cycles≈5424
[pim-debug] op#03 op=Softmax  norm=softmax    sh=0  dim=4096  heads=16  hd=128 q_dim=2048  kv_heads=16  kv_dim=2048  o_dim=2048  ffn_dim=5504   seqlen=1025   qlen=1   cache=N lat=    0.004ms cycles≈4057
[pim-debug] op#04 op=SV       norm=output     sh=0  dim=4096  heads=16  hd=128 q_dim=2048  kv_heads=16  kv_dim=2048  o_dim=2048  ffn_dim=5504   seqlen=1025   qlen=1   cache=N lat=    0.004ms cycles≈3698
[pim-debug] op#05 op=O        norm=wo_proj    sh=0  dim=4096  heads=16  hd=128 q_dim=2048  kv_heads=16  kv_dim=2048  o_dim=2048  ffn_dim=5504   seqlen=1025   qlen=1   cache=N lat=    0.004ms cycles≈4062
[pim-debug] op#06 op=Add      norm=residual   sh=-1 dim=4096  heads=32  hd=128 q_dim=4096  kv_heads=32  kv_dim=4096  o_dim=4096  ffn_dim=11008  seqlen=1025   qlen=1   cache=N lat=    0.000ms cycles≈3
[pim-debug] op#07 op=LN       norm=rmsnorm    sh=-1 dim=4096  heads=32  hd=128 q_dim=4096  kv_heads=32  kv_dim=4096  o_dim=4096  ffn_dim=11008  seqlen=1025   qlen=1   cache=N lat=    0.001ms cycles≈1314
[pim-debug] op#08 op=FFN_W3   norm=ffn_up     sh=1  dim=4096  heads=16  hd=128 q_dim=2048  kv_heads=16  kv_dim=2048  o_dim=2048  ffn_dim=5504   seqlen=1025   qlen=1   cache=N lat=    0.011ms cycles≈10896
[pim-debug] op#09 op=SwiGLU   norm=silu       sh=1  dim=4096  heads=16  hd=128 q_dim=2048  kv_heads=16  kv_dim=2048  o_dim=2048  ffn_dim=5504   seqlen=1025   qlen=1   cache=N lat=    0.001ms cycles≈503
[pim-debug] op#10 op=FFN_W2   norm=ffn_down   sh=1  dim=4096  heads=16  hd=128 q_dim=2048  kv_heads=16  kv_dim=2048  o_dim=2048  ffn_dim=5504   seqlen=1025   qlen=1   cache=N lat=    0.011ms cycles≈11466
[pim-debug] op#11 op=SwiGLU   norm=silu       sh=0  dim=4096  heads=16  hd=128 q_dim=2048  kv_heads=16  kv_dim=2048  o_dim=2048  ffn_dim=5504   seqlen=1025   qlen=1   cache=N lat=    0.001ms cycles≈503
[pim-debug] op#12 op=Add      norm=residual   sh=-1 dim=4096  heads=32  hd=128 q_dim=4096  kv_heads=32  kv_dim=4096  o_dim=4096  ffn_dim=11008  seqlen=1025   qlen=1   cache=N lat=    0.000ms cycles≈3
[pim-debug] segment total latency: 0.048 ms
========================================================================================
[pim-debug] segment_key=pim|decode|0|646691efc7e53ef2f9518ae0b1f44228
[pim-debug] sig: device_type=pim phase=decode step=0 (count_hint=1)
[pim-debug] ops_repr: Q:0,QK:1,Softmax:1,SV:1,O:1,FFN_W3:0,FFN_W2:0
[pim-debug] cfg: shard_policy='fine' shards=2 dim=4096 ffn_dim=11008 n_heads=32 n_kv_heads=auto->n_heads
[pim-debug] pim_config=/lustre/home/2501111916/workspace/XPUPIM_0226_gpupim_parameter/TriForm/algorithms/aim_simulator/PIM_AiM.json
[pim-debug] ramulator_config=/lustre/home/2501111916/workspace/XPUPIM_0226_gpupim_parameter/TriForm/algorithms/aim_simulator/example.yaml
[pim-debug] cost_model config.PIM_FREQ_GHZ=1.0
[pim-debug] op plan (logical shapes inferred from schedule cfg):
  - op#00  op=Q        shard=0   x=[1x4096] + w=[2048x4096]  ->  y=[1x2048]  (T=1, K=1025)
  - op#01  op=QK       shard=1   q=[16x1x128] + k=[16x128x1025]  ->  y=[16x1x1025]  (T=1, K=1025)
  - op#02  op=Softmax  shard=1   scores=[16x1x1025]  ->  y=[16x1x1025]  (T=1, K=1025)
  - op#03  op=SV       shard=1   p=[16x1x1025] + v=[16x1025x128]  ->  y=[16x1x128]  (T=1, K=1025)
  - op#04  op=O        shard=1   x=[1x2048] + w=[4096x2048]  ->  y=[1x4096]  (T=1, K=1025)
  - op#05  op=FFN_W3   shard=0   x=[1x4096] + w=[5504x4096]  ->  y=[1x5504]  (T=1, K=1025)
  - op#06  op=FFN_W2   shard=0   x=[1x5504] + w=[4096x5504]  ->  y=[1x4096]  (T=1, K=1025)
[pim-debug] NOTE: CENT(AiM) trace backend internally uses x shape (1,1,dim) and handles prefill by repeating ops;
           the table below shows the *effective parameters* passed into cost_model_pim_backend for each op.
[pim-debug] op#00 op=Q        norm=q_proj     sh=0  dim=4096  heads=16  hd=128 q_dim=2048  kv_heads=16  kv_dim=2048  o_dim=2048  ffn_dim=5504   seqlen=1025   qlen=1   cache=N lat=    0.004ms cycles≈4428
[pim-debug] op#01 op=QK       norm=score      sh=1  dim=4096  heads=16  hd=128 q_dim=2048  kv_heads=16  kv_dim=2048  o_dim=2048  ffn_dim=5504   seqlen=1025   qlen=1   cache=N lat=    0.005ms cycles≈5424
[pim-debug] op#02 op=Softmax  norm=softmax    sh=1  dim=4096  heads=16  hd=128 q_dim=2048  kv_heads=16  kv_dim=2048  o_dim=2048  ffn_dim=5504   seqlen=1025   qlen=1   cache=N lat=    0.004ms cycles≈4057
[pim-debug] op#03 op=SV       norm=output     sh=1  dim=4096  heads=16  hd=128 q_dim=2048  kv_heads=16  kv_dim=2048  o_dim=2048  ffn_dim=5504   seqlen=1025   qlen=1   cache=N lat=    0.004ms cycles≈3698
[pim-debug] op#04 op=O        norm=wo_proj    sh=1  dim=4096  heads=16  hd=128 q_dim=2048  kv_heads=16  kv_dim=2048  o_dim=2048  ffn_dim=5504   seqlen=1025   qlen=1   cache=N lat=    0.004ms cycles≈4062
[pim-debug] op#05 op=FFN_W3   norm=ffn_up     sh=0  dim=4096  heads=16  hd=128 q_dim=2048  kv_heads=16  kv_dim=2048  o_dim=2048  ffn_dim=5504   seqlen=1025   qlen=1   cache=N lat=    0.011ms cycles≈10896
[pim-debug] op#06 op=FFN_W2   norm=ffn_down   sh=0  dim=4096  heads=16  hd=128 q_dim=2048  kv_heads=16  kv_dim=2048  o_dim=2048  ffn_dim=5504   seqlen=1025   qlen=1   cache=N lat=    0.011ms cycles≈11466
[pim-debug] segment total latency: 0.044 ms
========================================================================================
[pim-debug] segment_key=pim|decode|0|6b5782c441af3728bc9f60d853d428dd
[pim-debug] sig: device_type=pim phase=decode step=0 (count_hint=1)
[pim-debug] ops_repr: LN:-1,Q:1,QK:0,Softmax:0,SV:0,O:0,Add:-1,LN:-1,FFN_W3:0,SwiGLU:0,FFN_W2:0,SwiGLU:1,Add:-1
[pim-debug] cfg: shard_policy='fine' shards=2 dim=4096 ffn_dim=11008 n_heads=32 n_kv_heads=auto->n_heads
[pim-debug] pim_config=/lustre/home/2501111916/workspace/XPUPIM_0226_gpupim_parameter/TriForm/algorithms/aim_simulator/PIM_AiM.json
[pim-debug] ramulator_config=/lustre/home/2501111916/workspace/XPUPIM_0226_gpupim_parameter/TriForm/algorithms/aim_simulator/example.yaml
[pim-debug] cost_model config.PIM_FREQ_GHZ=1.0
[pim-debug] op plan (logical shapes inferred from schedule cfg):
  - op#00  op=LN       shard=-1  x=[1x4096] + w=[4096]  ->  y=[1x4096]  (T=1, K=1025)
  - op#01  op=Q        shard=1   x=[1x4096] + w=[2048x4096]  ->  y=[1x2048]  (T=1, K=1025)
  - op#02  op=QK       shard=0   q=[16x1x128] + k=[16x128x1025]  ->  y=[16x1x1025]  (T=1, K=1025)
  - op#03  op=Softmax  shard=0   scores=[16x1x1025]  ->  y=[16x1x1025]  (T=1, K=1025)
  - op#04  op=SV       shard=0   p=[16x1x1025] + v=[16x1025x128]  ->  y=[16x1x128]  (T=1, K=1025)
  - op#05  op=O        shard=0   x=[1x2048] + w=[4096x2048]  ->  y=[1x4096]  (T=1, K=1025)
  - op#06  op=Add      shard=-1  a=[1x4096] + b=[1x4096]  ->  y=[1x4096]  (T=1, K=1025)
  - op#07  op=LN       shard=-1  x=[1x4096] + w=[4096]  ->  y=[1x4096]  (T=1, K=1025)
  - op#08  op=FFN_W3   shard=0   x=[1x4096] + w=[5504x4096]  ->  y=[1x5504]  (T=1, K=1025)
  - op#09  op=SwiGLU   shard=0   a=[1x5504] + b=[1x5504]  ->  y=[1x5504]  (T=1, K=1025)
  - op#10  op=FFN_W2   shard=0   x=[1x5504] + w=[4096x5504]  ->  y=[1x4096]  (T=1, K=1025)
  - op#11  op=SwiGLU   shard=1   a=[1x5504] + b=[1x5504]  ->  y=[1x5504]  (T=1, K=1025)
  - op#12  op=Add      shard=-1  a=[1x4096] + b=[1x4096]  ->  y=[1x4096]  (T=1, K=1025)
[pim-debug] NOTE: CENT(AiM) trace backend internally uses x shape (1,1,dim) and handles prefill by repeating ops;
           the table below shows the *effective parameters* passed into cost_model_pim_backend for each op.
[pim-debug] op#00 op=LN       norm=rmsnorm    sh=-1 dim=4096  heads=32  hd=128 q_dim=4096  kv_heads=32  kv_dim=4096  o_dim=4096  ffn_dim=11008  seqlen=1025   qlen=1   cache=N lat=    0.001ms cycles≈1314
[pim-debug] op#01 op=Q        norm=q_proj     sh=1  dim=4096  heads=16  hd=128 q_dim=2048  kv_heads=16  kv_dim=2048  o_dim=2048  ffn_dim=5504   seqlen=1025   qlen=1   cache=N lat=    0.004ms cycles≈4428
[pim-debug] op#02 op=QK       norm=score      sh=0  dim=4096  heads=16  hd=128 q_dim=2048  kv_heads=16  kv_dim=2048  o_dim=2048  ffn_dim=5504   seqlen=1025   qlen=1   cache=N lat=    0.005ms cycles≈5424
[pim-debug] op#03 op=Softmax  norm=softmax    sh=0  dim=4096  heads=16  hd=128 q_dim=2048  kv_heads=16  kv_dim=2048  o_dim=2048  ffn_dim=5504   seqlen=1025   qlen=1   cache=N lat=    0.004ms cycles≈4057
[pim-debug] op#04 op=SV       norm=output     sh=0  dim=4096  heads=16  hd=128 q_dim=2048  kv_heads=16  kv_dim=2048  o_dim=2048  ffn_dim=5504   seqlen=1025   qlen=1   cache=N lat=    0.004ms cycles≈3698
[pim-debug] op#05 op=O        norm=wo_proj    sh=0  dim=4096  heads=16  hd=128 q_dim=2048  kv_heads=16  kv_dim=2048  o_dim=2048  ffn_dim=5504   seqlen=1025   qlen=1   cache=N lat=    0.004ms cycles≈4062
[pim-debug] op#06 op=Add      norm=residual   sh=-1 dim=4096  heads=32  hd=128 q_dim=4096  kv_heads=32  kv_dim=4096  o_dim=4096  ffn_dim=11008  seqlen=1025   qlen=1   cache=N lat=    0.000ms cycles≈3
[pim-debug] op#07 op=LN       norm=rmsnorm    sh=-1 dim=4096  heads=32  hd=128 q_dim=4096  kv_heads=32  kv_dim=4096  o_dim=4096  ffn_dim=11008  seqlen=1025   qlen=1   cache=N lat=    0.001ms cycles≈1314
[pim-debug] op#08 op=FFN_W3   norm=ffn_up     sh=0  dim=4096  heads=16  hd=128 q_dim=2048  kv_heads=16  kv_dim=2048  o_dim=2048  ffn_dim=5504   seqlen=1025   qlen=1   cache=N lat=    0.011ms cycles≈10896
[pim-debug] op#09 op=SwiGLU   norm=silu       sh=0  dim=4096  heads=16  hd=128 q_dim=2048  kv_heads=16  kv_dim=2048  o_dim=2048  ffn_dim=5504   seqlen=1025   qlen=1   cache=N lat=    0.001ms cycles≈503
[pim-debug] op#10 op=FFN_W2   norm=ffn_down   sh=0  dim=4096  heads=16  hd=128 q_dim=2048  kv_heads=16  kv_dim=2048  o_dim=2048  ffn_dim=5504   seqlen=1025   qlen=1   cache=N lat=    0.011ms cycles≈11466
[pim-debug] op#11 op=SwiGLU   norm=silu       sh=1  dim=4096  heads=16  hd=128 q_dim=2048  kv_heads=16  kv_dim=2048  o_dim=2048  ffn_dim=5504   seqlen=1025   qlen=1   cache=N lat=    0.001ms cycles≈503
[pim-debug] op#12 op=Add      norm=residual   sh=-1 dim=4096  heads=32  hd=128 q_dim=4096  kv_heads=32  kv_dim=4096  o_dim=4096  ffn_dim=11008  seqlen=1025   qlen=1   cache=N lat=    0.000ms cycles≈3
[pim-debug] segment total latency: 0.048 ms
========================================================================================
[pim-debug] segment_key=pim|decode|0|6c229fac7b8076d8f5f95c7daaf4a25d
[pim-debug] sig: device_type=pim phase=decode step=0 (count_hint=1)
[pim-debug] ops_repr: Q:0,QK:1,SV:1,O:0,FFN_W3:0,FFN_W2:0
[pim-debug] cfg: shard_policy='fine' shards=2 dim=4096 ffn_dim=11008 n_heads=32 n_kv_heads=auto->n_heads
[pim-debug] pim_config=/lustre/home/2501111916/workspace/XPUPIM_0226_gpupim_parameter/TriForm/algorithms/aim_simulator/PIM_AiM.json
[pim-debug] ramulator_config=/lustre/home/2501111916/workspace/XPUPIM_0226_gpupim_parameter/TriForm/algorithms/aim_simulator/example.yaml
[pim-debug] cost_model config.PIM_FREQ_GHZ=1.0
[pim-debug] op plan (logical shapes inferred from schedule cfg):
  - op#00  op=Q        shard=0   x=[1x4096] + w=[2048x4096]  ->  y=[1x2048]  (T=1, K=1025)
  - op#01  op=QK       shard=1   q=[16x1x128] + k=[16x128x1025]  ->  y=[16x1x1025]  (T=1, K=1025)
  - op#02  op=SV       shard=1   p=[16x1x1025] + v=[16x1025x128]  ->  y=[16x1x128]  (T=1, K=1025)
  - op#03  op=O        shard=0   x=[1x2048] + w=[4096x2048]  ->  y=[1x4096]  (T=1, K=1025)
  - op#04  op=FFN_W3   shard=0   x=[1x4096] + w=[5504x4096]  ->  y=[1x5504]  (T=1, K=1025)
  - op#05  op=FFN_W2   shard=0   x=[1x5504] + w=[4096x5504]  ->  y=[1x4096]  (T=1, K=1025)
[pim-debug] NOTE: CENT(AiM) trace backend internally uses x shape (1,1,dim) and handles prefill by repeating ops;
           the table below shows the *effective parameters* passed into cost_model_pim_backend for each op.
[pim-debug] op#00 op=Q        norm=q_proj     sh=0  dim=4096  heads=16  hd=128 q_dim=2048  kv_heads=16  kv_dim=2048  o_dim=2048  ffn_dim=5504   seqlen=1025   qlen=1   cache=N lat=    0.004ms cycles≈4428
[pim-debug] op#01 op=QK       norm=score      sh=1  dim=4096  heads=16  hd=128 q_dim=2048  kv_heads=16  kv_dim=2048  o_dim=2048  ffn_dim=5504   seqlen=1025   qlen=1   cache=N lat=    0.005ms cycles≈5424
[pim-debug] op#02 op=SV       norm=output     sh=1  dim=4096  heads=16  hd=128 q_dim=2048  kv_heads=16  kv_dim=2048  o_dim=2048  ffn_dim=5504   seqlen=1025   qlen=1   cache=N lat=    0.004ms cycles≈3698
[pim-debug] op#03 op=O        norm=wo_proj    sh=0  dim=4096  heads=16  hd=128 q_dim=2048  kv_heads=16  kv_dim=2048  o_dim=2048  ffn_dim=5504   seqlen=1025   qlen=1   cache=N lat=    0.004ms cycles≈4062
[pim-debug] op#04 op=FFN_W3   norm=ffn_up     sh=0  dim=4096  heads=16  hd=128 q_dim=2048  kv_heads=16  kv_dim=2048  o_dim=2048  ffn_dim=5504   seqlen=1025   qlen=1   cache=N lat=    0.011ms cycles≈10896
[pim-debug] op#05 op=FFN_W2   norm=ffn_down   sh=0  dim=4096  heads=16  hd=128 q_dim=2048  kv_heads=16  kv_dim=2048  o_dim=2048  ffn_dim=5504   seqlen=1025   qlen=1   cache=N lat=    0.011ms cycles≈11466
[pim-debug] segment total latency: 0.040 ms
========================================================================================
[pim-debug] segment_key=pim|decode|0|7d78755c2562acf3b3b912593b83a32b
[pim-debug] sig: device_type=pim phase=decode step=0 (count_hint=2)
[pim-debug] ops_repr: Q:0,QK:1,SV:1,O:0,FFN_W3:0,SwiGLU:1,FFN_W2:0
[pim-debug] cfg: shard_policy='fine' shards=2 dim=4096 ffn_dim=11008 n_heads=32 n_kv_heads=auto->n_heads
[pim-debug] pim_config=/lustre/home/2501111916/workspace/XPUPIM_0226_gpupim_parameter/TriForm/algorithms/aim_simulator/PIM_AiM.json
[pim-debug] ramulator_config=/lustre/home/2501111916/workspace/XPUPIM_0226_gpupim_parameter/TriForm/algorithms/aim_simulator/example.yaml
[pim-debug] cost_model config.PIM_FREQ_GHZ=1.0
[pim-debug] op plan (logical shapes inferred from schedule cfg):
  - op#00  op=Q        shard=0   x=[1x4096] + w=[2048x4096]  ->  y=[1x2048]  (T=1, K=1025)
  - op#01  op=QK       shard=1   q=[16x1x128] + k=[16x128x1025]  ->  y=[16x1x1025]  (T=1, K=1025)
  - op#02  op=SV       shard=1   p=[16x1x1025] + v=[16x1025x128]  ->  y=[16x1x128]  (T=1, K=1025)
  - op#03  op=O        shard=0   x=[1x2048] + w=[4096x2048]  ->  y=[1x4096]  (T=1, K=1025)
  - op#04  op=FFN_W3   shard=0   x=[1x4096] + w=[5504x4096]  ->  y=[1x5504]  (T=1, K=1025)
  - op#05  op=SwiGLU   shard=1   a=[1x5504] + b=[1x5504]  ->  y=[1x5504]  (T=1, K=1025)
  - op#06  op=FFN_W2   shard=0   x=[1x5504] + w=[4096x5504]  ->  y=[1x4096]  (T=1, K=1025)
[pim-debug] NOTE: CENT(AiM) trace backend internally uses x shape (1,1,dim) and handles prefill by repeating ops;
           the table below shows the *effective parameters* passed into cost_model_pim_backend for each op.
[pim-debug] op#00 op=Q        norm=q_proj     sh=0  dim=4096  heads=16  hd=128 q_dim=2048  kv_heads=16  kv_dim=2048  o_dim=2048  ffn_dim=5504   seqlen=1025   qlen=1   cache=N lat=    0.004ms cycles≈4428
[pim-debug] op#01 op=QK       norm=score      sh=1  dim=4096  heads=16  hd=128 q_dim=2048  kv_heads=16  kv_dim=2048  o_dim=2048  ffn_dim=5504   seqlen=1025   qlen=1   cache=N lat=    0.005ms cycles≈5424
[pim-debug] op#02 op=SV       norm=output     sh=1  dim=4096  heads=16  hd=128 q_dim=2048  kv_heads=16  kv_dim=2048  o_dim=2048  ffn_dim=5504   seqlen=1025   qlen=1   cache=N lat=    0.004ms cycles≈3698
[pim-debug] op#03 op=O        norm=wo_proj    sh=0  dim=4096  heads=16  hd=128 q_dim=2048  kv_heads=16  kv_dim=2048  o_dim=2048  ffn_dim=5504   seqlen=1025   qlen=1   cache=N lat=    0.004ms cycles≈4062
[pim-debug] op#04 op=FFN_W3   norm=ffn_up     sh=0  dim=4096  heads=16  hd=128 q_dim=2048  kv_heads=16  kv_dim=2048  o_dim=2048  ffn_dim=5504   seqlen=1025   qlen=1   cache=N lat=    0.011ms cycles≈10896
[pim-debug] op#05 op=SwiGLU   norm=silu       sh=1  dim=4096  heads=16  hd=128 q_dim=2048  kv_heads=16  kv_dim=2048  o_dim=2048  ffn_dim=5504   seqlen=1025   qlen=1   cache=N lat=    0.001ms cycles≈503
[pim-debug] op#06 op=FFN_W2   norm=ffn_down   sh=0  dim=4096  heads=16  hd=128 q_dim=2048  kv_heads=16  kv_dim=2048  o_dim=2048  ffn_dim=5504   seqlen=1025   qlen=1   cache=N lat=    0.011ms cycles≈11466
[pim-debug] segment total latency: 0.040 ms
========================================================================================
[pim-debug] segment_key=pim|decode|0|7dafb8827d5636d6df24d3ee38b097aa
[pim-debug] sig: device_type=pim phase=decode step=0 (count_hint=2)
[pim-debug] ops_repr: LN:-1,Q:1,QK:0,Softmax:0,SV:0,O:0,Add:-1,LN:-1,FFN_W3:0,FFN_W2:0,Add:-1
[pim-debug] cfg: shard_policy='fine' shards=2 dim=4096 ffn_dim=11008 n_heads=32 n_kv_heads=auto->n_heads
[pim-debug] pim_config=/lustre/home/2501111916/workspace/XPUPIM_0226_gpupim_parameter/TriForm/algorithms/aim_simulator/PIM_AiM.json
[pim-debug] ramulator_config=/lustre/home/2501111916/workspace/XPUPIM_0226_gpupim_parameter/TriForm/algorithms/aim_simulator/example.yaml
[pim-debug] cost_model config.PIM_FREQ_GHZ=1.0
[pim-debug] op plan (logical shapes inferred from schedule cfg):
  - op#00  op=LN       shard=-1  x=[1x4096] + w=[4096]  ->  y=[1x4096]  (T=1, K=1025)
  - op#01  op=Q        shard=1   x=[1x4096] + w=[2048x4096]  ->  y=[1x2048]  (T=1, K=1025)
  - op#02  op=QK       shard=0   q=[16x1x128] + k=[16x128x1025]  ->  y=[16x1x1025]  (T=1, K=1025)
  - op#03  op=Softmax  shard=0   scores=[16x1x1025]  ->  y=[16x1x1025]  (T=1, K=1025)
  - op#04  op=SV       shard=0   p=[16x1x1025] + v=[16x1025x128]  ->  y=[16x1x128]  (T=1, K=1025)
  - op#05  op=O        shard=0   x=[1x2048] + w=[4096x2048]  ->  y=[1x4096]  (T=1, K=1025)
  - op#06  op=Add      shard=-1  a=[1x4096] + b=[1x4096]  ->  y=[1x4096]  (T=1, K=1025)
  - op#07  op=LN       shard=-1  x=[1x4096] + w=[4096]  ->  y=[1x4096]  (T=1, K=1025)
  - op#08  op=FFN_W3   shard=0   x=[1x4096] + w=[5504x4096]  ->  y=[1x5504]  (T=1, K=1025)
  - op#09  op=FFN_W2   shard=0   x=[1x5504] + w=[4096x5504]  ->  y=[1x4096]  (T=1, K=1025)
  - op#10  op=Add      shard=-1  a=[1x4096] + b=[1x4096]  ->  y=[1x4096]  (T=1, K=1025)
[pim-debug] NOTE: CENT(AiM) trace backend internally uses x shape (1,1,dim) and handles prefill by repeating ops;
           the table below shows the *effective parameters* passed into cost_model_pim_backend for each op.
[pim-debug] op#00 op=LN       norm=rmsnorm    sh=-1 dim=4096  heads=32  hd=128 q_dim=4096  kv_heads=32  kv_dim=4096  o_dim=4096  ffn_dim=11008  seqlen=1025   qlen=1   cache=N lat=    0.001ms cycles≈1314
[pim-debug] op#01 op=Q        norm=q_proj     sh=1  dim=4096  heads=16  hd=128 q_dim=2048  kv_heads=16  kv_dim=2048  o_dim=2048  ffn_dim=5504   seqlen=1025   qlen=1   cache=N lat=    0.004ms cycles≈4428
[pim-debug] op#02 op=QK       norm=score      sh=0  dim=4096  heads=16  hd=128 q_dim=2048  kv_heads=16  kv_dim=2048  o_dim=2048  ffn_dim=5504   seqlen=1025   qlen=1   cache=N lat=    0.005ms cycles≈5424
[pim-debug] op#03 op=Softmax  norm=softmax    sh=0  dim=4096  heads=16  hd=128 q_dim=2048  kv_heads=16  kv_dim=2048  o_dim=2048  ffn_dim=5504   seqlen=1025   qlen=1   cache=N lat=    0.004ms cycles≈4057
[pim-debug] op#04 op=SV       norm=output     sh=0  dim=4096  heads=16  hd=128 q_dim=2048  kv_heads=16  kv_dim=2048  o_dim=2048  ffn_dim=5504   seqlen=1025   qlen=1   cache=N lat=    0.004ms cycles≈3698
[pim-debug] op#05 op=O        norm=wo_proj    sh=0  dim=4096  heads=16  hd=128 q_dim=2048  kv_heads=16  kv_dim=2048  o_dim=2048  ffn_dim=5504   seqlen=1025   qlen=1   cache=N lat=    0.004ms cycles≈4062
[pim-debug] op#06 op=Add      norm=residual   sh=-1 dim=4096  heads=32  hd=128 q_dim=4096  kv_heads=32  kv_dim=4096  o_dim=4096  ffn_dim=11008  seqlen=1025   qlen=1   cache=N lat=    0.000ms cycles≈3
[pim-debug] op#07 op=LN       norm=rmsnorm    sh=-1 dim=4096  heads=32  hd=128 q_dim=4096  kv_heads=32  kv_dim=4096  o_dim=4096  ffn_dim=11008  seqlen=1025   qlen=1   cache=N lat=    0.001ms cycles≈1314
[pim-debug] op#08 op=FFN_W3   norm=ffn_up     sh=0  dim=4096  heads=16  hd=128 q_dim=2048  kv_heads=16  kv_dim=2048  o_dim=2048  ffn_dim=5504   seqlen=1025   qlen=1   cache=N lat=    0.011ms cycles≈10896
[pim-debug] op#09 op=FFN_W2   norm=ffn_down   sh=0  dim=4096  heads=16  hd=128 q_dim=2048  kv_heads=16  kv_dim=2048  o_dim=2048  ffn_dim=5504   seqlen=1025   qlen=1   cache=N lat=    0.011ms cycles≈11466
[pim-debug] op#10 op=Add      norm=residual   sh=-1 dim=4096  heads=32  hd=128 q_dim=4096  kv_heads=32  kv_dim=4096  o_dim=4096  ffn_dim=11008  seqlen=1025   qlen=1   cache=N lat=    0.000ms cycles≈3
[pim-debug] segment total latency: 0.047 ms
========================================================================================
[pim-debug] segment_key=pim|decode|0|824bc67f81807f5b6bcf70fffd6637b7
[pim-debug] sig: device_type=pim phase=decode step=0 (count_hint=2)
[pim-debug] ops_repr: Q:0,QK:1,Softmax:1,SV:1,O:1,FFN_W3:0,SwiGLU:1,FFN_W2:0
[pim-debug] cfg: shard_policy='fine' shards=2 dim=4096 ffn_dim=11008 n_heads=32 n_kv_heads=auto->n_heads
[pim-debug] pim_config=/lustre/home/2501111916/workspace/XPUPIM_0226_gpupim_parameter/TriForm/algorithms/aim_simulator/PIM_AiM.json
[pim-debug] ramulator_config=/lustre/home/2501111916/workspace/XPUPIM_0226_gpupim_parameter/TriForm/algorithms/aim_simulator/example.yaml
[pim-debug] cost_model config.PIM_FREQ_GHZ=1.0
[pim-debug] op plan (logical shapes inferred from schedule cfg):
  - op#00  op=Q        shard=0   x=[1x4096] + w=[2048x4096]  ->  y=[1x2048]  (T=1, K=1025)
  - op#01  op=QK       shard=1   q=[16x1x128] + k=[16x128x1025]  ->  y=[16x1x1025]  (T=1, K=1025)
  - op#02  op=Softmax  shard=1   scores=[16x1x1025]  ->  y=[16x1x1025]  (T=1, K=1025)
  - op#03  op=SV       shard=1   p=[16x1x1025] + v=[16x1025x128]  ->  y=[16x1x128]  (T=1, K=1025)
  - op#04  op=O        shard=1   x=[1x2048] + w=[4096x2048]  ->  y=[1x4096]  (T=1, K=1025)
  - op#05  op=FFN_W3   shard=0   x=[1x4096] + w=[5504x4096]  ->  y=[1x5504]  (T=1, K=1025)
  - op#06  op=SwiGLU   shard=1   a=[1x5504] + b=[1x5504]  ->  y=[1x5504]  (T=1, K=1025)
  - op#07  op=FFN_W2   shard=0   x=[1x5504] + w=[4096x5504]  ->  y=[1x4096]  (T=1, K=1025)
[pim-debug] NOTE: CENT(AiM) trace backend internally uses x shape (1,1,dim) and handles prefill by repeating ops;
           the table below shows the *effective parameters* passed into cost_model_pim_backend for each op.
[pim-debug] op#00 op=Q        norm=q_proj     sh=0  dim=4096  heads=16  hd=128 q_dim=2048  kv_heads=16  kv_dim=2048  o_dim=2048  ffn_dim=5504   seqlen=1025   qlen=1   cache=N lat=    0.004ms cycles≈4428
[pim-debug] op#01 op=QK       norm=score      sh=1  dim=4096  heads=16  hd=128 q_dim=2048  kv_heads=16  kv_dim=2048  o_dim=2048  ffn_dim=5504   seqlen=1025   qlen=1   cache=N lat=    0.005ms cycles≈5424
[pim-debug] op#02 op=Softmax  norm=softmax    sh=1  dim=4096  heads=16  hd=128 q_dim=2048  kv_heads=16  kv_dim=2048  o_dim=2048  ffn_dim=5504   seqlen=1025   qlen=1   cache=N lat=    0.004ms cycles≈4057
[pim-debug] op#03 op=SV       norm=output     sh=1  dim=4096  heads=16  hd=128 q_dim=2048  kv_heads=16  kv_dim=2048  o_dim=2048  ffn_dim=5504   seqlen=1025   qlen=1   cache=N lat=    0.004ms cycles≈3698
[pim-debug] op#04 op=O        norm=wo_proj    sh=1  dim=4096  heads=16  hd=128 q_dim=2048  kv_heads=16  kv_dim=2048  o_dim=2048  ffn_dim=5504   seqlen=1025   qlen=1   cache=N lat=    0.004ms cycles≈4062
[pim-debug] op#05 op=FFN_W3   norm=ffn_up     sh=0  dim=4096  heads=16  hd=128 q_dim=2048  kv_heads=16  kv_dim=2048  o_dim=2048  ffn_dim=5504   seqlen=1025   qlen=1   cache=N lat=    0.011ms cycles≈10896
[pim-debug] op#06 op=SwiGLU   norm=silu       sh=1  dim=4096  heads=16  hd=128 q_dim=2048  kv_heads=16  kv_dim=2048  o_dim=2048  ffn_dim=5504   seqlen=1025   qlen=1   cache=N lat=    0.001ms cycles≈503
[pim-debug] op#07 op=FFN_W2   norm=ffn_down   sh=0  dim=4096  heads=16  hd=128 q_dim=2048  kv_heads=16  kv_dim=2048  o_dim=2048  ffn_dim=5504   seqlen=1025   qlen=1   cache=N lat=    0.011ms cycles≈11466
[pim-debug] segment total latency: 0.045 ms
========================================================================================
[pim-debug] segment_key=pim|decode|0|86034ba8b469928b75d812aa844f5048
[pim-debug] sig: device_type=pim phase=decode step=0 (count_hint=3)
[pim-debug] ops_repr: LN:-1,Q:1,QK:0,O:1,SV:0,Add:-1,LN:-1,FFN_W3:0,FFN_W2:0,Add:-1
[pim-debug] cfg: shard_policy='fine' shards=2 dim=4096 ffn_dim=11008 n_heads=32 n_kv_heads=auto->n_heads
[pim-debug] pim_config=/lustre/home/2501111916/workspace/XPUPIM_0226_gpupim_parameter/TriForm/algorithms/aim_simulator/PIM_AiM.json
[pim-debug] ramulator_config=/lustre/home/2501111916/workspace/XPUPIM_0226_gpupim_parameter/TriForm/algorithms/aim_simulator/example.yaml
[pim-debug] cost_model config.PIM_FREQ_GHZ=1.0
[pim-debug] op plan (logical shapes inferred from schedule cfg):
  - op#00  op=LN       shard=-1  x=[1x4096] + w=[4096]  ->  y=[1x4096]  (T=1, K=1025)
  - op#01  op=Q        shard=1   x=[1x4096] + w=[2048x4096]  ->  y=[1x2048]  (T=1, K=1025)
  - op#02  op=QK       shard=0   q=[16x1x128] + k=[16x128x1025]  ->  y=[16x1x1025]  (T=1, K=1025)
  - op#03  op=O        shard=1   x=[1x2048] + w=[4096x2048]  ->  y=[1x4096]  (T=1, K=1025)
  - op#04  op=SV       shard=0   p=[16x1x1025] + v=[16x1025x128]  ->  y=[16x1x128]  (T=1, K=1025)
  - op#05  op=Add      shard=-1  a=[1x4096] + b=[1x4096]  ->  y=[1x4096]  (T=1, K=1025)
  - op#06  op=LN       shard=-1  x=[1x4096] + w=[4096]  ->  y=[1x4096]  (T=1, K=1025)
  - op#07  op=FFN_W3   shard=0   x=[1x4096] + w=[5504x4096]  ->  y=[1x5504]  (T=1, K=1025)
  - op#08  op=FFN_W2   shard=0   x=[1x5504] + w=[4096x5504]  ->  y=[1x4096]  (T=1, K=1025)
  - op#09  op=Add      shard=-1  a=[1x4096] + b=[1x4096]  ->  y=[1x4096]  (T=1, K=1025)
[pim-debug] NOTE: CENT(AiM) trace backend internally uses x shape (1,1,dim) and handles prefill by repeating ops;
           the table below shows the *effective parameters* passed into cost_model_pim_backend for each op.
[pim-debug] op#00 op=LN       norm=rmsnorm    sh=-1 dim=4096  heads=32  hd=128 q_dim=4096  kv_heads=32  kv_dim=4096  o_dim=4096  ffn_dim=11008  seqlen=1025   qlen=1   cache=N lat=    0.001ms cycles≈1314
[pim-debug] op#01 op=Q        norm=q_proj     sh=1  dim=4096  heads=16  hd=128 q_dim=2048  kv_heads=16  kv_dim=2048  o_dim=2048  ffn_dim=5504   seqlen=1025   qlen=1   cache=N lat=    0.004ms cycles≈4428
[pim-debug] op#02 op=QK       norm=score      sh=0  dim=4096  heads=16  hd=128 q_dim=2048  kv_heads=16  kv_dim=2048  o_dim=2048  ffn_dim=5504   seqlen=1025   qlen=1   cache=N lat=    0.005ms cycles≈5424
[pim-debug] op#03 op=O        norm=wo_proj    sh=1  dim=4096  heads=16  hd=128 q_dim=2048  kv_heads=16  kv_dim=2048  o_dim=2048  ffn_dim=5504   seqlen=1025   qlen=1   cache=N lat=    0.004ms cycles≈4062
[pim-debug] op#04 op=SV       norm=output     sh=0  dim=4096  heads=16  hd=128 q_dim=2048  kv_heads=16  kv_dim=2048  o_dim=2048  ffn_dim=5504   seqlen=1025   qlen=1   cache=N lat=    0.004ms cycles≈3698
[pim-debug] op#05 op=Add      norm=residual   sh=-1 dim=4096  heads=32  hd=128 q_dim=4096  kv_heads=32  kv_dim=4096  o_dim=4096  ffn_dim=11008  seqlen=1025   qlen=1   cache=N lat=    0.000ms cycles≈3
[pim-debug] op#06 op=LN       norm=rmsnorm    sh=-1 dim=4096  heads=32  hd=128 q_dim=4096  kv_heads=32  kv_dim=4096  o_dim=4096  ffn_dim=11008  seqlen=1025   qlen=1   cache=N lat=    0.001ms cycles≈1314
[pim-debug] op#07 op=FFN_W3   norm=ffn_up     sh=0  dim=4096  heads=16  hd=128 q_dim=2048  kv_heads=16  kv_dim=2048  o_dim=2048  ffn_dim=5504   seqlen=1025   qlen=1   cache=N lat=    0.011ms cycles≈10896
[pim-debug] op#08 op=FFN_W2   norm=ffn_down   sh=0  dim=4096  heads=16  hd=128 q_dim=2048  kv_heads=16  kv_dim=2048  o_dim=2048  ffn_dim=5504   seqlen=1025   qlen=1   cache=N lat=    0.011ms cycles≈11466
[pim-debug] op#09 op=Add      norm=residual   sh=-1 dim=4096  heads=32  hd=128 q_dim=4096  kv_heads=32  kv_dim=4096  o_dim=4096  ffn_dim=11008  seqlen=1025   qlen=1   cache=N lat=    0.000ms cycles≈3
[pim-debug] segment total latency: 0.043 ms
========================================================================================
[pim-debug] segment_key=pim|decode|0|908b50cd15c7d12b22f9c01e32f82f10
[pim-debug] sig: device_type=pim phase=decode step=0 (count_hint=2)
[pim-debug] ops_repr: LN:-1,Q:1,QK:0,O:1,SV:0,Add:-1,LN:-1,FFN_W3:1,FFN_W2:1,SwiGLU:0,Add:-1
[pim-debug] cfg: shard_policy='fine' shards=2 dim=4096 ffn_dim=11008 n_heads=32 n_kv_heads=auto->n_heads
[pim-debug] pim_config=/lustre/home/2501111916/workspace/XPUPIM_0226_gpupim_parameter/TriForm/algorithms/aim_simulator/PIM_AiM.json
[pim-debug] ramulator_config=/lustre/home/2501111916/workspace/XPUPIM_0226_gpupim_parameter/TriForm/algorithms/aim_simulator/example.yaml
[pim-debug] cost_model config.PIM_FREQ_GHZ=1.0
[pim-debug] op plan (logical shapes inferred from schedule cfg):
  - op#00  op=LN       shard=-1  x=[1x4096] + w=[4096]  ->  y=[1x4096]  (T=1, K=1025)
  - op#01  op=Q        shard=1   x=[1x4096] + w=[2048x4096]  ->  y=[1x2048]  (T=1, K=1025)
  - op#02  op=QK       shard=0   q=[16x1x128] + k=[16x128x1025]  ->  y=[16x1x1025]  (T=1, K=1025)
  - op#03  op=O        shard=1   x=[1x2048] + w=[4096x2048]  ->  y=[1x4096]  (T=1, K=1025)
  - op#04  op=SV       shard=0   p=[16x1x1025] + v=[16x1025x128]  ->  y=[16x1x128]  (T=1, K=1025)
  - op#05  op=Add      shard=-1  a=[1x4096] + b=[1x4096]  ->  y=[1x4096]  (T=1, K=1025)
  - op#06  op=LN       shard=-1  x=[1x4096] + w=[4096]  ->  y=[1x4096]  (T=1, K=1025)
  - op#07  op=FFN_W3   shard=1   x=[1x4096] + w=[5504x4096]  ->  y=[1x5504]  (T=1, K=1025)
  - op#08  op=FFN_W2   shard=1   x=[1x5504] + w=[4096x5504]  ->  y=[1x4096]  (T=1, K=1025)
  - op#09  op=SwiGLU   shard=0   a=[1x5504] + b=[1x5504]  ->  y=[1x5504]  (T=1, K=1025)
  - op#10  op=Add      shard=-1  a=[1x4096] + b=[1x4096]  ->  y=[1x4096]  (T=1, K=1025)
[pim-debug] NOTE: CENT(AiM) trace backend internally uses x shape (1,1,dim) and handles prefill by repeating ops;
           the table below shows the *effective parameters* passed into cost_model_pim_backend for each op.
[pim-debug] op#00 op=LN       norm=rmsnorm    sh=-1 dim=4096  heads=32  hd=128 q_dim=4096  kv_heads=32  kv_dim=4096  o_dim=4096  ffn_dim=11008  seqlen=1025   qlen=1   cache=N lat=    0.001ms cycles≈1314
[pim-debug] op#01 op=Q        norm=q_proj     sh=1  dim=4096  heads=16  hd=128 q_dim=2048  kv_heads=16  kv_dim=2048  o_dim=2048  ffn_dim=5504   seqlen=1025   qlen=1   cache=N lat=    0.004ms cycles≈4428
[pim-debug] op#02 op=QK       norm=score      sh=0  dim=4096  heads=16  hd=128 q_dim=2048  kv_heads=16  kv_dim=2048  o_dim=2048  ffn_dim=5504   seqlen=1025   qlen=1   cache=N lat=    0.005ms cycles≈5424
[pim-debug] op#03 op=O        norm=wo_proj    sh=1  dim=4096  heads=16  hd=128 q_dim=2048  kv_heads=16  kv_dim=2048  o_dim=2048  ffn_dim=5504   seqlen=1025   qlen=1   cache=N lat=    0.004ms cycles≈4062
[pim-debug] op#04 op=SV       norm=output     sh=0  dim=4096  heads=16  hd=128 q_dim=2048  kv_heads=16  kv_dim=2048  o_dim=2048  ffn_dim=5504   seqlen=1025   qlen=1   cache=N lat=    0.004ms cycles≈3698
[pim-debug] op#05 op=Add      norm=residual   sh=-1 dim=4096  heads=32  hd=128 q_dim=4096  kv_heads=32  kv_dim=4096  o_dim=4096  ffn_dim=11008  seqlen=1025   qlen=1   cache=N lat=    0.000ms cycles≈3
[pim-debug] op#06 op=LN       norm=rmsnorm    sh=-1 dim=4096  heads=32  hd=128 q_dim=4096  kv_heads=32  kv_dim=4096  o_dim=4096  ffn_dim=11008  seqlen=1025   qlen=1   cache=N lat=    0.001ms cycles≈1314
[pim-debug] op#07 op=FFN_W3   norm=ffn_up     sh=1  dim=4096  heads=16  hd=128 q_dim=2048  kv_heads=16  kv_dim=2048  o_dim=2048  ffn_dim=5504   seqlen=1025   qlen=1   cache=N lat=    0.011ms cycles≈10896
[pim-debug] op#08 op=FFN_W2   norm=ffn_down   sh=1  dim=4096  heads=16  hd=128 q_dim=2048  kv_heads=16  kv_dim=2048  o_dim=2048  ffn_dim=5504   seqlen=1025   qlen=1   cache=N lat=    0.011ms cycles≈11466
[pim-debug] op#09 op=SwiGLU   norm=silu       sh=0  dim=4096  heads=16  hd=128 q_dim=2048  kv_heads=16  kv_dim=2048  o_dim=2048  ffn_dim=5504   seqlen=1025   qlen=1   cache=N lat=    0.001ms cycles≈503
[pim-debug] op#10 op=Add      norm=residual   sh=-1 dim=4096  heads=32  hd=128 q_dim=4096  kv_heads=32  kv_dim=4096  o_dim=4096  ffn_dim=11008  seqlen=1025   qlen=1   cache=N lat=    0.000ms cycles≈3
[pim-debug] segment total latency: 0.043 ms
========================================================================================
[pim-debug] segment_key=pim|decode|0|940ee48fa8def7a663c697c0e38acc9e
[pim-debug] sig: device_type=pim phase=decode step=0 (count_hint=3)
[pim-debug] ops_repr: Q:0,QK:1,SV:1,O:0,FFN_W3:1,SwiGLU:0,SwiGLU:1,FFN_W2:1
[pim-debug] cfg: shard_policy='fine' shards=2 dim=4096 ffn_dim=11008 n_heads=32 n_kv_heads=auto->n_heads
[pim-debug] pim_config=/lustre/home/2501111916/workspace/XPUPIM_0226_gpupim_parameter/TriForm/algorithms/aim_simulator/PIM_AiM.json
[pim-debug] ramulator_config=/lustre/home/2501111916/workspace/XPUPIM_0226_gpupim_parameter/TriForm/algorithms/aim_simulator/example.yaml
[pim-debug] cost_model config.PIM_FREQ_GHZ=1.0
[pim-debug] op plan (logical shapes inferred from schedule cfg):
  - op#00  op=Q        shard=0   x=[1x4096] + w=[2048x4096]  ->  y=[1x2048]  (T=1, K=1025)
  - op#01  op=QK       shard=1   q=[16x1x128] + k=[16x128x1025]  ->  y=[16x1x1025]  (T=1, K=1025)
  - op#02  op=SV       shard=1   p=[16x1x1025] + v=[16x1025x128]  ->  y=[16x1x128]  (T=1, K=1025)
  - op#03  op=O        shard=0   x=[1x2048] + w=[4096x2048]  ->  y=[1x4096]  (T=1, K=1025)
  - op#04  op=FFN_W3   shard=1   x=[1x4096] + w=[5504x4096]  ->  y=[1x5504]  (T=1, K=1025)
  - op#05  op=SwiGLU   shard=0   a=[1x5504] + b=[1x5504]  ->  y=[1x5504]  (T=1, K=1025)
  - op#06  op=SwiGLU   shard=1   a=[1x5504] + b=[1x5504]  ->  y=[1x5504]  (T=1, K=1025)
  - op#07  op=FFN_W2   shard=1   x=[1x5504] + w=[4096x5504]  ->  y=[1x4096]  (T=1, K=1025)
[pim-debug] NOTE: CENT(AiM) trace backend internally uses x shape (1,1,dim) and handles prefill by repeating ops;
           the table below shows the *effective parameters* passed into cost_model_pim_backend for each op.
[pim-debug] op#00 op=Q        norm=q_proj     sh=0  dim=4096  heads=16  hd=128 q_dim=2048  kv_heads=16  kv_dim=2048  o_dim=2048  ffn_dim=5504   seqlen=1025   qlen=1   cache=N lat=    0.004ms cycles≈4428
[pim-debug] op#01 op=QK       norm=score      sh=1  dim=4096  heads=16  hd=128 q_dim=2048  kv_heads=16  kv_dim=2048  o_dim=2048  ffn_dim=5504   seqlen=1025   qlen=1   cache=N lat=    0.005ms cycles≈5424
[pim-debug] op#02 op=SV       norm=output     sh=1  dim=4096  heads=16  hd=128 q_dim=2048  kv_heads=16  kv_dim=2048  o_dim=2048  ffn_dim=5504   seqlen=1025   qlen=1   cache=N lat=    0.004ms cycles≈3698
[pim-debug] op#03 op=O        norm=wo_proj    sh=0  dim=4096  heads=16  hd=128 q_dim=2048  kv_heads=16  kv_dim=2048  o_dim=2048  ffn_dim=5504   seqlen=1025   qlen=1   cache=N lat=    0.004ms cycles≈4062
[pim-debug] op#04 op=FFN_W3   norm=ffn_up     sh=1  dim=4096  heads=16  hd=128 q_dim=2048  kv_heads=16  kv_dim=2048  o_dim=2048  ffn_dim=5504   seqlen=1025   qlen=1   cache=N lat=    0.011ms cycles≈10896
[pim-debug] op#05 op=SwiGLU   norm=silu       sh=0  dim=4096  heads=16  hd=128 q_dim=2048  kv_heads=16  kv_dim=2048  o_dim=2048  ffn_dim=5504   seqlen=1025   qlen=1   cache=N lat=    0.001ms cycles≈503
[pim-debug] op#06 op=SwiGLU   norm=silu       sh=1  dim=4096  heads=16  hd=128 q_dim=2048  kv_heads=16  kv_dim=2048  o_dim=2048  ffn_dim=5504   seqlen=1025   qlen=1   cache=N lat=    0.001ms cycles≈503
[pim-debug] op#07 op=FFN_W2   norm=ffn_down   sh=1  dim=4096  heads=16  hd=128 q_dim=2048  kv_heads=16  kv_dim=2048  o_dim=2048  ffn_dim=5504   seqlen=1025   qlen=1   cache=N lat=    0.011ms cycles≈11466
[pim-debug] segment total latency: 0.041 ms
========================================================================================
[pim-debug] segment_key=pim|decode|0|98db888a2a3e385cbc4910d1e8c0e2b6
[pim-debug] sig: device_type=pim phase=decode step=0 (count_hint=2)
[pim-debug] ops_repr: Q:0,QK:1,Softmax:1,SV:1,O:1,FFN_W3:0,SwiGLU:0,FFN_W2:0
[pim-debug] cfg: shard_policy='fine' shards=2 dim=4096 ffn_dim=11008 n_heads=32 n_kv_heads=auto->n_heads
[pim-debug] pim_config=/lustre/home/2501111916/workspace/XPUPIM_0226_gpupim_parameter/TriForm/algorithms/aim_simulator/PIM_AiM.json
[pim-debug] ramulator_config=/lustre/home/2501111916/workspace/XPUPIM_0226_gpupim_parameter/TriForm/algorithms/aim_simulator/example.yaml
[pim-debug] cost_model config.PIM_FREQ_GHZ=1.0
[pim-debug] op plan (logical shapes inferred from schedule cfg):
  - op#00  op=Q        shard=0   x=[1x4096] + w=[2048x4096]  ->  y=[1x2048]  (T=1, K=1025)
  - op#01  op=QK       shard=1   q=[16x1x128] + k=[16x128x1025]  ->  y=[16x1x1025]  (T=1, K=1025)
  - op#02  op=Softmax  shard=1   scores=[16x1x1025]  ->  y=[16x1x1025]  (T=1, K=1025)
  - op#03  op=SV       shard=1   p=[16x1x1025] + v=[16x1025x128]  ->  y=[16x1x128]  (T=1, K=1025)
  - op#04  op=O        shard=1   x=[1x2048] + w=[4096x2048]  ->  y=[1x4096]  (T=1, K=1025)
  - op#05  op=FFN_W3   shard=0   x=[1x4096] + w=[5504x4096]  ->  y=[1x5504]  (T=1, K=1025)
  - op#06  op=SwiGLU   shard=0   a=[1x5504] + b=[1x5504]  ->  y=[1x5504]  (T=1, K=1025)
  - op#07  op=FFN_W2   shard=0   x=[1x5504] + w=[4096x5504]  ->  y=[1x4096]  (T=1, K=1025)
[pim-debug] NOTE: CENT(AiM) trace backend internally uses x shape (1,1,dim) and handles prefill by repeating ops;
           the table below shows the *effective parameters* passed into cost_model_pim_backend for each op.
[pim-debug] op#00 op=Q        norm=q_proj     sh=0  dim=4096  heads=16  hd=128 q_dim=2048  kv_heads=16  kv_dim=2048  o_dim=2048  ffn_dim=5504   seqlen=1025   qlen=1   cache=N lat=    0.004ms cycles≈4428
[pim-debug] op#01 op=QK       norm=score      sh=1  dim=4096  heads=16  hd=128 q_dim=2048  kv_heads=16  kv_dim=2048  o_dim=2048  ffn_dim=5504   seqlen=1025   qlen=1   cache=N lat=    0.005ms cycles≈5424
[pim-debug] op#02 op=Softmax  norm=softmax    sh=1  dim=4096  heads=16  hd=128 q_dim=2048  kv_heads=16  kv_dim=2048  o_dim=2048  ffn_dim=5504   seqlen=1025   qlen=1   cache=N lat=    0.004ms cycles≈4057
[pim-debug] op#03 op=SV       norm=output     sh=1  dim=4096  heads=16  hd=128 q_dim=2048  kv_heads=16  kv_dim=2048  o_dim=2048  ffn_dim=5504   seqlen=1025   qlen=1   cache=N lat=    0.004ms cycles≈3698
[pim-debug] op#04 op=O        norm=wo_proj    sh=1  dim=4096  heads=16  hd=128 q_dim=2048  kv_heads=16  kv_dim=2048  o_dim=2048  ffn_dim=5504   seqlen=1025   qlen=1   cache=N lat=    0.004ms cycles≈4062
[pim-debug] op#05 op=FFN_W3   norm=ffn_up     sh=0  dim=4096  heads=16  hd=128 q_dim=2048  kv_heads=16  kv_dim=2048  o_dim=2048  ffn_dim=5504   seqlen=1025   qlen=1   cache=N lat=    0.011ms cycles≈10896
[pim-debug] op#06 op=SwiGLU   norm=silu       sh=0  dim=4096  heads=16  hd=128 q_dim=2048  kv_heads=16  kv_dim=2048  o_dim=2048  ffn_dim=5504   seqlen=1025   qlen=1   cache=N lat=    0.001ms cycles≈503
[pim-debug] op#07 op=FFN_W2   norm=ffn_down   sh=0  dim=4096  heads=16  hd=128 q_dim=2048  kv_heads=16  kv_dim=2048  o_dim=2048  ffn_dim=5504   seqlen=1025   qlen=1   cache=N lat=    0.011ms cycles≈11466
[pim-debug] segment total latency: 0.045 ms
========================================================================================
[pim-debug] segment_key=pim|decode|0|98e1f7e1ba923edadad4d80fdfc1c4f1
[pim-debug] sig: device_type=pim phase=decode step=0 (count_hint=2)
[pim-debug] ops_repr: LN:-1,Q:0,QK:0,Softmax:0,SV:0,O:0,Add:-1,LN:-1,FFN_W3:1,FFN_W2:1,SwiGLU:0,Add:-1
[pim-debug] cfg: shard_policy='fine' shards=2 dim=4096 ffn_dim=11008 n_heads=32 n_kv_heads=auto->n_heads
[pim-debug] pim_config=/lustre/home/2501111916/workspace/XPUPIM_0226_gpupim_parameter/TriForm/algorithms/aim_simulator/PIM_AiM.json
[pim-debug] ramulator_config=/lustre/home/2501111916/workspace/XPUPIM_0226_gpupim_parameter/TriForm/algorithms/aim_simulator/example.yaml
[pim-debug] cost_model config.PIM_FREQ_GHZ=1.0
[pim-debug] op plan (logical shapes inferred from schedule cfg):
  - op#00  op=LN       shard=-1  x=[1x4096] + w=[4096]  ->  y=[1x4096]  (T=1, K=1025)
  - op#01  op=Q        shard=0   x=[1x4096] + w=[2048x4096]  ->  y=[1x2048]  (T=1, K=1025)
  - op#02  op=QK       shard=0   q=[16x1x128] + k=[16x128x1025]  ->  y=[16x1x1025]  (T=1, K=1025)
  - op#03  op=Softmax  shard=0   scores=[16x1x1025]  ->  y=[16x1x1025]  (T=1, K=1025)
  - op#04  op=SV       shard=0   p=[16x1x1025] + v=[16x1025x128]  ->  y=[16x1x128]  (T=1, K=1025)
  - op#05  op=O        shard=0   x=[1x2048] + w=[4096x2048]  ->  y=[1x4096]  (T=1, K=1025)
  - op#06  op=Add      shard=-1  a=[1x4096] + b=[1x4096]  ->  y=[1x4096]  (T=1, K=1025)
  - op#07  op=LN       shard=-1  x=[1x4096] + w=[4096]  ->  y=[1x4096]  (T=1, K=1025)
  - op#08  op=FFN_W3   shard=1   x=[1x4096] + w=[5504x4096]  ->  y=[1x5504]  (T=1, K=1025)
  - op#09  op=FFN_W2   shard=1   x=[1x5504] + w=[4096x5504]  ->  y=[1x4096]  (T=1, K=1025)
  - op#10  op=SwiGLU   shard=0   a=[1x5504] + b=[1x5504]  ->  y=[1x5504]  (T=1, K=1025)
  - op#11  op=Add      shard=-1  a=[1x4096] + b=[1x4096]  ->  y=[1x4096]  (T=1, K=1025)
[pim-debug] NOTE: CENT(AiM) trace backend internally uses x shape (1,1,dim) and handles prefill by repeating ops;
           the table below shows the *effective parameters* passed into cost_model_pim_backend for each op.
[pim-debug] op#00 op=LN       norm=rmsnorm    sh=-1 dim=4096  heads=32  hd=128 q_dim=4096  kv_heads=32  kv_dim=4096  o_dim=4096  ffn_dim=11008  seqlen=1025   qlen=1   cache=N lat=    0.001ms cycles≈1314
[pim-debug] op#01 op=Q        norm=q_proj     sh=0  dim=4096  heads=16  hd=128 q_dim=2048  kv_heads=16  kv_dim=2048  o_dim=2048  ffn_dim=5504   seqlen=1025   qlen=1   cache=N lat=    0.004ms cycles≈4428
[pim-debug] op#02 op=QK       norm=score      sh=0  dim=4096  heads=16  hd=128 q_dim=2048  kv_heads=16  kv_dim=2048  o_dim=2048  ffn_dim=5504   seqlen=1025   qlen=1   cache=N lat=    0.005ms cycles≈5424
[pim-debug] op#03 op=Softmax  norm=softmax    sh=0  dim=4096  heads=16  hd=128 q_dim=2048  kv_heads=16  kv_dim=2048  o_dim=2048  ffn_dim=5504   seqlen=1025   qlen=1   cache=N lat=    0.004ms cycles≈4057
[pim-debug] op#04 op=SV       norm=output     sh=0  dim=4096  heads=16  hd=128 q_dim=2048  kv_heads=16  kv_dim=2048  o_dim=2048  ffn_dim=5504   seqlen=1025   qlen=1   cache=N lat=    0.004ms cycles≈3698
[pim-debug] op#05 op=O        norm=wo_proj    sh=0  dim=4096  heads=16  hd=128 q_dim=2048  kv_heads=16  kv_dim=2048  o_dim=2048  ffn_dim=5504   seqlen=1025   qlen=1   cache=N lat=    0.004ms cycles≈4062
[pim-debug] op#06 op=Add      norm=residual   sh=-1 dim=4096  heads=32  hd=128 q_dim=4096  kv_heads=32  kv_dim=4096  o_dim=4096  ffn_dim=11008  seqlen=1025   qlen=1   cache=N lat=    0.000ms cycles≈3
[pim-debug] op#07 op=LN       norm=rmsnorm    sh=-1 dim=4096  heads=32  hd=128 q_dim=4096  kv_heads=32  kv_dim=4096  o_dim=4096  ffn_dim=11008  seqlen=1025   qlen=1   cache=N lat=    0.001ms cycles≈1314
[pim-debug] op#08 op=FFN_W3   norm=ffn_up     sh=1  dim=4096  heads=16  hd=128 q_dim=2048  kv_heads=16  kv_dim=2048  o_dim=2048  ffn_dim=5504   seqlen=1025   qlen=1   cache=N lat=    0.011ms cycles≈10896
[pim-debug] op#09 op=FFN_W2   norm=ffn_down   sh=1  dim=4096  heads=16  hd=128 q_dim=2048  kv_heads=16  kv_dim=2048  o_dim=2048  ffn_dim=5504   seqlen=1025   qlen=1   cache=N lat=    0.011ms cycles≈11466
[pim-debug] op#10 op=SwiGLU   norm=silu       sh=0  dim=4096  heads=16  hd=128 q_dim=2048  kv_heads=16  kv_dim=2048  o_dim=2048  ffn_dim=5504   seqlen=1025   qlen=1   cache=N lat=    0.001ms cycles≈503
[pim-debug] op#11 op=Add      norm=residual   sh=-1 dim=4096  heads=32  hd=128 q_dim=4096  kv_heads=32  kv_dim=4096  o_dim=4096  ffn_dim=11008  seqlen=1025   qlen=1   cache=N lat=    0.000ms cycles≈3
[pim-debug] segment total latency: 0.047 ms
========================================================================================
[pim-debug] segment_key=pim|decode|0|99625c0ec31ffbccaf04529b0f023c0d
[pim-debug] sig: device_type=pim phase=decode step=0 (count_hint=1)
[pim-debug] ops_repr: Q:0,QK:1,SV:1,O:0,FFN_W3:0,SwiGLU:0,FFN_W2:0
[pim-debug] cfg: shard_policy='fine' shards=2 dim=4096 ffn_dim=11008 n_heads=32 n_kv_heads=auto->n_heads
[pim-debug] pim_config=/lustre/home/2501111916/workspace/XPUPIM_0226_gpupim_parameter/TriForm/algorithms/aim_simulator/PIM_AiM.json
[pim-debug] ramulator_config=/lustre/home/2501111916/workspace/XPUPIM_0226_gpupim_parameter/TriForm/algorithms/aim_simulator/example.yaml
[pim-debug] cost_model config.PIM_FREQ_GHZ=1.0
[pim-debug] op plan (logical shapes inferred from schedule cfg):
  - op#00  op=Q        shard=0   x=[1x4096] + w=[2048x4096]  ->  y=[1x2048]  (T=1, K=1025)
  - op#01  op=QK       shard=1   q=[16x1x128] + k=[16x128x1025]  ->  y=[16x1x1025]  (T=1, K=1025)
  - op#02  op=SV       shard=1   p=[16x1x1025] + v=[16x1025x128]  ->  y=[16x1x128]  (T=1, K=1025)
  - op#03  op=O        shard=0   x=[1x2048] + w=[4096x2048]  ->  y=[1x4096]  (T=1, K=1025)
  - op#04  op=FFN_W3   shard=0   x=[1x4096] + w=[5504x4096]  ->  y=[1x5504]  (T=1, K=1025)
  - op#05  op=SwiGLU   shard=0   a=[1x5504] + b=[1x5504]  ->  y=[1x5504]  (T=1, K=1025)
  - op#06  op=FFN_W2   shard=0   x=[1x5504] + w=[4096x5504]  ->  y=[1x4096]  (T=1, K=1025)
[pim-debug] NOTE: CENT(AiM) trace backend internally uses x shape (1,1,dim) and handles prefill by repeating ops;
           the table below shows the *effective parameters* passed into cost_model_pim_backend for each op.
[pim-debug] op#00 op=Q        norm=q_proj     sh=0  dim=4096  heads=16  hd=128 q_dim=2048  kv_heads=16  kv_dim=2048  o_dim=2048  ffn_dim=5504   seqlen=1025   qlen=1   cache=N lat=    0.004ms cycles≈4428
[pim-debug] op#01 op=QK       norm=score      sh=1  dim=4096  heads=16  hd=128 q_dim=2048  kv_heads=16  kv_dim=2048  o_dim=2048  ffn_dim=5504   seqlen=1025   qlen=1   cache=N lat=    0.005ms cycles≈5424
[pim-debug] op#02 op=SV       norm=output     sh=1  dim=4096  heads=16  hd=128 q_dim=2048  kv_heads=16  kv_dim=2048  o_dim=2048  ffn_dim=5504   seqlen=1025   qlen=1   cache=N lat=    0.004ms cycles≈3698
[pim-debug] op#03 op=O        norm=wo_proj    sh=0  dim=4096  heads=16  hd=128 q_dim=2048  kv_heads=16  kv_dim=2048  o_dim=2048  ffn_dim=5504   seqlen=1025   qlen=1   cache=N lat=    0.004ms cycles≈4062
[pim-debug] op#04 op=FFN_W3   norm=ffn_up     sh=0  dim=4096  heads=16  hd=128 q_dim=2048  kv_heads=16  kv_dim=2048  o_dim=2048  ffn_dim=5504   seqlen=1025   qlen=1   cache=N lat=    0.011ms cycles≈10896
[pim-debug] op#05 op=SwiGLU   norm=silu       sh=0  dim=4096  heads=16  hd=128 q_dim=2048  kv_heads=16  kv_dim=2048  o_dim=2048  ffn_dim=5504   seqlen=1025   qlen=1   cache=N lat=    0.001ms cycles≈503
[pim-debug] op#06 op=FFN_W2   norm=ffn_down   sh=0  dim=4096  heads=16  hd=128 q_dim=2048  kv_heads=16  kv_dim=2048  o_dim=2048  ffn_dim=5504   seqlen=1025   qlen=1   cache=N lat=    0.011ms cycles≈11466
[pim-debug] segment total latency: 0.040 ms
========================================================================================
[pim-debug] segment_key=pim|decode|0|af19c015ffcc7c9269c3e1d85319b36e
[pim-debug] sig: device_type=pim phase=decode step=0 (count_hint=1)
[pim-debug] ops_repr: LN:-1,Q:1,QK:0,O:1,SV:0,Add:-1,LN:-1,FFN_W3:1,SwiGLU:1,FFN_W2:1,SwiGLU:0,Add:-1
[pim-debug] cfg: shard_policy='fine' shards=2 dim=4096 ffn_dim=11008 n_heads=32 n_kv_heads=auto->n_heads
[pim-debug] pim_config=/lustre/home/2501111916/workspace/XPUPIM_0226_gpupim_parameter/TriForm/algorithms/aim_simulator/PIM_AiM.json
[pim-debug] ramulator_config=/lustre/home/2501111916/workspace/XPUPIM_0226_gpupim_parameter/TriForm/algorithms/aim_simulator/example.yaml
[pim-debug] cost_model config.PIM_FREQ_GHZ=1.0
[pim-debug] op plan (logical shapes inferred from schedule cfg):
  - op#00  op=LN       shard=-1  x=[1x4096] + w=[4096]  ->  y=[1x4096]  (T=1, K=1025)
  - op#01  op=Q        shard=1   x=[1x4096] + w=[2048x4096]  ->  y=[1x2048]  (T=1, K=1025)
  - op#02  op=QK       shard=0   q=[16x1x128] + k=[16x128x1025]  ->  y=[16x1x1025]  (T=1, K=1025)
  - op#03  op=O        shard=1   x=[1x2048] + w=[4096x2048]  ->  y=[1x4096]  (T=1, K=1025)
  - op#04  op=SV       shard=0   p=[16x1x1025] + v=[16x1025x128]  ->  y=[16x1x128]  (T=1, K=1025)
  - op#05  op=Add      shard=-1  a=[1x4096] + b=[1x4096]  ->  y=[1x4096]  (T=1, K=1025)
  - op#06  op=LN       shard=-1  x=[1x4096] + w=[4096]  ->  y=[1x4096]  (T=1, K=1025)
  - op#07  op=FFN_W3   shard=1   x=[1x4096] + w=[5504x4096]  ->  y=[1x5504]  (T=1, K=1025)
  - op#08  op=SwiGLU   shard=1   a=[1x5504] + b=[1x5504]  ->  y=[1x5504]  (T=1, K=1025)
  - op#09  op=FFN_W2   shard=1   x=[1x5504] + w=[4096x5504]  ->  y=[1x4096]  (T=1, K=1025)
  - op#10  op=SwiGLU   shard=0   a=[1x5504] + b=[1x5504]  ->  y=[1x5504]  (T=1, K=1025)
  - op#11  op=Add      shard=-1  a=[1x4096] + b=[1x4096]  ->  y=[1x4096]  (T=1, K=1025)
[pim-debug] NOTE: CENT(AiM) trace backend internally uses x shape (1,1,dim) and handles prefill by repeating ops;
           the table below shows the *effective parameters* passed into cost_model_pim_backend for each op.
[pim-debug] op#00 op=LN       norm=rmsnorm    sh=-1 dim=4096  heads=32  hd=128 q_dim=4096  kv_heads=32  kv_dim=4096  o_dim=4096  ffn_dim=11008  seqlen=1025   qlen=1   cache=N lat=    0.001ms cycles≈1314
[pim-debug] op#01 op=Q        norm=q_proj     sh=1  dim=4096  heads=16  hd=128 q_dim=2048  kv_heads=16  kv_dim=2048  o_dim=2048  ffn_dim=5504   seqlen=1025   qlen=1   cache=N lat=    0.004ms cycles≈4428
[pim-debug] op#02 op=QK       norm=score      sh=0  dim=4096  heads=16  hd=128 q_dim=2048  kv_heads=16  kv_dim=2048  o_dim=2048  ffn_dim=5504   seqlen=1025   qlen=1   cache=N lat=    0.005ms cycles≈5424
[pim-debug] op#03 op=O        norm=wo_proj    sh=1  dim=4096  heads=16  hd=128 q_dim=2048  kv_heads=16  kv_dim=2048  o_dim=2048  ffn_dim=5504   seqlen=1025   qlen=1   cache=N lat=    0.004ms cycles≈4062
[pim-debug] op#04 op=SV       norm=output     sh=0  dim=4096  heads=16  hd=128 q_dim=2048  kv_heads=16  kv_dim=2048  o_dim=2048  ffn_dim=5504   seqlen=1025   qlen=1   cache=N lat=    0.004ms cycles≈3698
[pim-debug] op#05 op=Add      norm=residual   sh=-1 dim=4096  heads=32  hd=128 q_dim=4096  kv_heads=32  kv_dim=4096  o_dim=4096  ffn_dim=11008  seqlen=1025   qlen=1   cache=N lat=    0.000ms cycles≈3
[pim-debug] op#06 op=LN       norm=rmsnorm    sh=-1 dim=4096  heads=32  hd=128 q_dim=4096  kv_heads=32  kv_dim=4096  o_dim=4096  ffn_dim=11008  seqlen=1025   qlen=1   cache=N lat=    0.001ms cycles≈1314
[pim-debug] op#07 op=FFN_W3   norm=ffn_up     sh=1  dim=4096  heads=16  hd=128 q_dim=2048  kv_heads=16  kv_dim=2048  o_dim=2048  ffn_dim=5504   seqlen=1025   qlen=1   cache=N lat=    0.011ms cycles≈10896
[pim-debug] op#08 op=SwiGLU   norm=silu       sh=1  dim=4096  heads=16  hd=128 q_dim=2048  kv_heads=16  kv_dim=2048  o_dim=2048  ffn_dim=5504   seqlen=1025   qlen=1   cache=N lat=    0.001ms cycles≈503
[pim-debug] op#09 op=FFN_W2   norm=ffn_down   sh=1  dim=4096  heads=16  hd=128 q_dim=2048  kv_heads=16  kv_dim=2048  o_dim=2048  ffn_dim=5504   seqlen=1025   qlen=1   cache=N lat=    0.011ms cycles≈11466
[pim-debug] op#10 op=SwiGLU   norm=silu       sh=0  dim=4096  heads=16  hd=128 q_dim=2048  kv_heads=16  kv_dim=2048  o_dim=2048  ffn_dim=5504   seqlen=1025   qlen=1   cache=N lat=    0.001ms cycles≈503
[pim-debug] op#11 op=Add      norm=residual   sh=-1 dim=4096  heads=32  hd=128 q_dim=4096  kv_heads=32  kv_dim=4096  o_dim=4096  ffn_dim=11008  seqlen=1025   qlen=1   cache=N lat=    0.000ms cycles≈3
[pim-debug] segment total latency: 0.044 ms
========================================================================================
[pim-debug] segment_key=pim|decode|0|b395ffc74cc8a51ac6ff8d0814582965
[pim-debug] sig: device_type=pim phase=decode step=0 (count_hint=2)
[pim-debug] ops_repr: LN:-1,Q:0,QK:0,O:1,SV:0,Add:-1,LN:-1,FFN_W3:0,FFN_W2:0,SwiGLU:1,Add:-1
[pim-debug] cfg: shard_policy='fine' shards=2 dim=4096 ffn_dim=11008 n_heads=32 n_kv_heads=auto->n_heads
[pim-debug] pim_config=/lustre/home/2501111916/workspace/XPUPIM_0226_gpupim_parameter/TriForm/algorithms/aim_simulator/PIM_AiM.json
[pim-debug] ramulator_config=/lustre/home/2501111916/workspace/XPUPIM_0226_gpupim_parameter/TriForm/algorithms/aim_simulator/example.yaml
[pim-debug] cost_model config.PIM_FREQ_GHZ=1.0
[pim-debug] op plan (logical shapes inferred from schedule cfg):
  - op#00  op=LN       shard=-1  x=[1x4096] + w=[4096]  ->  y=[1x4096]  (T=1, K=1025)
  - op#01  op=Q        shard=0   x=[1x4096] + w=[2048x4096]  ->  y=[1x2048]  (T=1, K=1025)
  - op#02  op=QK       shard=0   q=[16x1x128] + k=[16x128x1025]  ->  y=[16x1x1025]  (T=1, K=1025)
  - op#03  op=O        shard=1   x=[1x2048] + w=[4096x2048]  ->  y=[1x4096]  (T=1, K=1025)
  - op#04  op=SV       shard=0   p=[16x1x1025] + v=[16x1025x128]  ->  y=[16x1x128]  (T=1, K=1025)
  - op#05  op=Add      shard=-1  a=[1x4096] + b=[1x4096]  ->  y=[1x4096]  (T=1, K=1025)
  - op#06  op=LN       shard=-1  x=[1x4096] + w=[4096]  ->  y=[1x4096]  (T=1, K=1025)
  - op#07  op=FFN_W3   shard=0   x=[1x4096] + w=[5504x4096]  ->  y=[1x5504]  (T=1, K=1025)
  - op#08  op=FFN_W2   shard=0   x=[1x5504] + w=[4096x5504]  ->  y=[1x4096]  (T=1, K=1025)
  - op#09  op=SwiGLU   shard=1   a=[1x5504] + b=[1x5504]  ->  y=[1x5504]  (T=1, K=1025)
  - op#10  op=Add      shard=-1  a=[1x4096] + b=[1x4096]  ->  y=[1x4096]  (T=1, K=1025)
[pim-debug] NOTE: CENT(AiM) trace backend internally uses x shape (1,1,dim) and handles prefill by repeating ops;
           the table below shows the *effective parameters* passed into cost_model_pim_backend for each op.
[pim-debug] op#00 op=LN       norm=rmsnorm    sh=-1 dim=4096  heads=32  hd=128 q_dim=4096  kv_heads=32  kv_dim=4096  o_dim=4096  ffn_dim=11008  seqlen=1025   qlen=1   cache=N lat=    0.001ms cycles≈1314
[pim-debug] op#01 op=Q        norm=q_proj     sh=0  dim=4096  heads=16  hd=128 q_dim=2048  kv_heads=16  kv_dim=2048  o_dim=2048  ffn_dim=5504   seqlen=1025   qlen=1   cache=N lat=    0.004ms cycles≈4428
[pim-debug] op#02 op=QK       norm=score      sh=0  dim=4096  heads=16  hd=128 q_dim=2048  kv_heads=16  kv_dim=2048  o_dim=2048  ffn_dim=5504   seqlen=1025   qlen=1   cache=N lat=    0.005ms cycles≈5424
[pim-debug] op#03 op=O        norm=wo_proj    sh=1  dim=4096  heads=16  hd=128 q_dim=2048  kv_heads=16  kv_dim=2048  o_dim=2048  ffn_dim=5504   seqlen=1025   qlen=1   cache=N lat=    0.004ms cycles≈4062
[pim-debug] op#04 op=SV       norm=output     sh=0  dim=4096  heads=16  hd=128 q_dim=2048  kv_heads=16  kv_dim=2048  o_dim=2048  ffn_dim=5504   seqlen=1025   qlen=1   cache=N lat=    0.004ms cycles≈3698
[pim-debug] op#05 op=Add      norm=residual   sh=-1 dim=4096  heads=32  hd=128 q_dim=4096  kv_heads=32  kv_dim=4096  o_dim=4096  ffn_dim=11008  seqlen=1025   qlen=1   cache=N lat=    0.000ms cycles≈3
[pim-debug] op#06 op=LN       norm=rmsnorm    sh=-1 dim=4096  heads=32  hd=128 q_dim=4096  kv_heads=32  kv_dim=4096  o_dim=4096  ffn_dim=11008  seqlen=1025   qlen=1   cache=N lat=    0.001ms cycles≈1314
[pim-debug] op#07 op=FFN_W3   norm=ffn_up     sh=0  dim=4096  heads=16  hd=128 q_dim=2048  kv_heads=16  kv_dim=2048  o_dim=2048  ffn_dim=5504   seqlen=1025   qlen=1   cache=N lat=    0.011ms cycles≈10896
[pim-debug] op#08 op=FFN_W2   norm=ffn_down   sh=0  dim=4096  heads=16  hd=128 q_dim=2048  kv_heads=16  kv_dim=2048  o_dim=2048  ffn_dim=5504   seqlen=1025   qlen=1   cache=N lat=    0.011ms cycles≈11466
[pim-debug] op#09 op=SwiGLU   norm=silu       sh=1  dim=4096  heads=16  hd=128 q_dim=2048  kv_heads=16  kv_dim=2048  o_dim=2048  ffn_dim=5504   seqlen=1025   qlen=1   cache=N lat=    0.001ms cycles≈503
[pim-debug] op#10 op=Add      norm=residual   sh=-1 dim=4096  heads=32  hd=128 q_dim=4096  kv_heads=32  kv_dim=4096  o_dim=4096  ffn_dim=11008  seqlen=1025   qlen=1   cache=N lat=    0.000ms cycles≈3
[pim-debug] segment total latency: 0.043 ms
========================================================================================
[pim-debug] segment_key=pim|decode|0|b48d30930923a1363760947283906f65
[pim-debug] sig: device_type=pim phase=decode step=0 (count_hint=1)
[pim-debug] ops_repr: LN:-1,Q:1,QK:0,O:1,SV:0,Add:-1,LN:-1,FFN_W3:1,SwiGLU:1,FFN_W2:1,Add:-1
[pim-debug] cfg: shard_policy='fine' shards=2 dim=4096 ffn_dim=11008 n_heads=32 n_kv_heads=auto->n_heads
[pim-debug] pim_config=/lustre/home/2501111916/workspace/XPUPIM_0226_gpupim_parameter/TriForm/algorithms/aim_simulator/PIM_AiM.json
[pim-debug] ramulator_config=/lustre/home/2501111916/workspace/XPUPIM_0226_gpupim_parameter/TriForm/algorithms/aim_simulator/example.yaml
[pim-debug] cost_model config.PIM_FREQ_GHZ=1.0
[pim-debug] op plan (logical shapes inferred from schedule cfg):
  - op#00  op=LN       shard=-1  x=[1x4096] + w=[4096]  ->  y=[1x4096]  (T=1, K=1025)
  - op#01  op=Q        shard=1   x=[1x4096] + w=[2048x4096]  ->  y=[1x2048]  (T=1, K=1025)
  - op#02  op=QK       shard=0   q=[16x1x128] + k=[16x128x1025]  ->  y=[16x1x1025]  (T=1, K=1025)
  - op#03  op=O        shard=1   x=[1x2048] + w=[4096x2048]  ->  y=[1x4096]  (T=1, K=1025)
  - op#04  op=SV       shard=0   p=[16x1x1025] + v=[16x1025x128]  ->  y=[16x1x128]  (T=1, K=1025)
  - op#05  op=Add      shard=-1  a=[1x4096] + b=[1x4096]  ->  y=[1x4096]  (T=1, K=1025)
  - op#06  op=LN       shard=-1  x=[1x4096] + w=[4096]  ->  y=[1x4096]  (T=1, K=1025)
  - op#07  op=FFN_W3   shard=1   x=[1x4096] + w=[5504x4096]  ->  y=[1x5504]  (T=1, K=1025)
  - op#08  op=SwiGLU   shard=1   a=[1x5504] + b=[1x5504]  ->  y=[1x5504]  (T=1, K=1025)
  - op#09  op=FFN_W2   shard=1   x=[1x5504] + w=[4096x5504]  ->  y=[1x4096]  (T=1, K=1025)
  - op#10  op=Add      shard=-1  a=[1x4096] + b=[1x4096]  ->  y=[1x4096]  (T=1, K=1025)
[pim-debug] NOTE: CENT(AiM) trace backend internally uses x shape (1,1,dim) and handles prefill by repeating ops;
           the table below shows the *effective parameters* passed into cost_model_pim_backend for each op.
[pim-debug] op#00 op=LN       norm=rmsnorm    sh=-1 dim=4096  heads=32  hd=128 q_dim=4096  kv_heads=32  kv_dim=4096  o_dim=4096  ffn_dim=11008  seqlen=1025   qlen=1   cache=N lat=    0.001ms cycles≈1314
[pim-debug] op#01 op=Q        norm=q_proj     sh=1  dim=4096  heads=16  hd=128 q_dim=2048  kv_heads=16  kv_dim=2048  o_dim=2048  ffn_dim=5504   seqlen=1025   qlen=1   cache=N lat=    0.004ms cycles≈4428
[pim-debug] op#02 op=QK       norm=score      sh=0  dim=4096  heads=16  hd=128 q_dim=2048  kv_heads=16  kv_dim=2048  o_dim=2048  ffn_dim=5504   seqlen=1025   qlen=1   cache=N lat=    0.005ms cycles≈5424
[pim-debug] op#03 op=O        norm=wo_proj    sh=1  dim=4096  heads=16  hd=128 q_dim=2048  kv_heads=16  kv_dim=2048  o_dim=2048  ffn_dim=5504   seqlen=1025   qlen=1   cache=N lat=    0.004ms cycles≈4062
[pim-debug] op#04 op=SV       norm=output     sh=0  dim=4096  heads=16  hd=128 q_dim=2048  kv_heads=16  kv_dim=2048  o_dim=2048  ffn_dim=5504   seqlen=1025   qlen=1   cache=N lat=    0.004ms cycles≈3698
[pim-debug] op#05 op=Add      norm=residual   sh=-1 dim=4096  heads=32  hd=128 q_dim=4096  kv_heads=32  kv_dim=4096  o_dim=4096  ffn_dim=11008  seqlen=1025   qlen=1   cache=N lat=    0.000ms cycles≈3
[pim-debug] op#06 op=LN       norm=rmsnorm    sh=-1 dim=4096  heads=32  hd=128 q_dim=4096  kv_heads=32  kv_dim=4096  o_dim=4096  ffn_dim=11008  seqlen=1025   qlen=1   cache=N lat=    0.001ms cycles≈1314
[pim-debug] op#07 op=FFN_W3   norm=ffn_up     sh=1  dim=4096  heads=16  hd=128 q_dim=2048  kv_heads=16  kv_dim=2048  o_dim=2048  ffn_dim=5504   seqlen=1025   qlen=1   cache=N lat=    0.011ms cycles≈10896
[pim-debug] op#08 op=SwiGLU   norm=silu       sh=1  dim=4096  heads=16  hd=128 q_dim=2048  kv_heads=16  kv_dim=2048  o_dim=2048  ffn_dim=5504   seqlen=1025   qlen=1   cache=N lat=    0.001ms cycles≈503
[pim-debug] op#09 op=FFN_W2   norm=ffn_down   sh=1  dim=4096  heads=16  hd=128 q_dim=2048  kv_heads=16  kv_dim=2048  o_dim=2048  ffn_dim=5504   seqlen=1025   qlen=1   cache=N lat=    0.011ms cycles≈11466
[pim-debug] op#10 op=Add      norm=residual   sh=-1 dim=4096  heads=32  hd=128 q_dim=4096  kv_heads=32  kv_dim=4096  o_dim=4096  ffn_dim=11008  seqlen=1025   qlen=1   cache=N lat=    0.000ms cycles≈3
[pim-debug] segment total latency: 0.043 ms
========================================================================================
[pim-debug] segment_key=pim|decode|0|c682606332607f925f5b7c380eef0ae4
[pim-debug] sig: device_type=pim phase=decode step=0 (count_hint=2)
[pim-debug] ops_repr: LN:-1,Q:1,QK:0,O:1,SV:0,Add:-1,LN:-1,FFN_W3:0,SwiGLU:0,FFN_W2:0,SwiGLU:1,Add:-1
[pim-debug] cfg: shard_policy='fine' shards=2 dim=4096 ffn_dim=11008 n_heads=32 n_kv_heads=auto->n_heads
[pim-debug] pim_config=/lustre/home/2501111916/workspace/XPUPIM_0226_gpupim_parameter/TriForm/algorithms/aim_simulator/PIM_AiM.json
[pim-debug] ramulator_config=/lustre/home/2501111916/workspace/XPUPIM_0226_gpupim_parameter/TriForm/algorithms/aim_simulator/example.yaml
[pim-debug] cost_model config.PIM_FREQ_GHZ=1.0
[pim-debug] op plan (logical shapes inferred from schedule cfg):
  - op#00  op=LN       shard=-1  x=[1x4096] + w=[4096]  ->  y=[1x4096]  (T=1, K=1025)
  - op#01  op=Q        shard=1   x=[1x4096] + w=[2048x4096]  ->  y=[1x2048]  (T=1, K=1025)
  - op#02  op=QK       shard=0   q=[16x1x128] + k=[16x128x1025]  ->  y=[16x1x1025]  (T=1, K=1025)
  - op#03  op=O        shard=1   x=[1x2048] + w=[4096x2048]  ->  y=[1x4096]  (T=1, K=1025)
  - op#04  op=SV       shard=0   p=[16x1x1025] + v=[16x1025x128]  ->  y=[16x1x128]  (T=1, K=1025)
  - op#05  op=Add      shard=-1  a=[1x4096] + b=[1x4096]  ->  y=[1x4096]  (T=1, K=1025)
  - op#06  op=LN       shard=-1  x=[1x4096] + w=[4096]  ->  y=[1x4096]  (T=1, K=1025)
  - op#07  op=FFN_W3   shard=0   x=[1x4096] + w=[5504x4096]  ->  y=[1x5504]  (T=1, K=1025)
  - op#08  op=SwiGLU   shard=0   a=[1x5504] + b=[1x5504]  ->  y=[1x5504]  (T=1, K=1025)
  - op#09  op=FFN_W2   shard=0   x=[1x5504] + w=[4096x5504]  ->  y=[1x4096]  (T=1, K=1025)
  - op#10  op=SwiGLU   shard=1   a=[1x5504] + b=[1x5504]  ->  y=[1x5504]  (T=1, K=1025)
  - op#11  op=Add      shard=-1  a=[1x4096] + b=[1x4096]  ->  y=[1x4096]  (T=1, K=1025)
[pim-debug] NOTE: CENT(AiM) trace backend internally uses x shape (1,1,dim) and handles prefill by repeating ops;
           the table below shows the *effective parameters* passed into cost_model_pim_backend for each op.
[pim-debug] op#00 op=LN       norm=rmsnorm    sh=-1 dim=4096  heads=32  hd=128 q_dim=4096  kv_heads=32  kv_dim=4096  o_dim=4096  ffn_dim=11008  seqlen=1025   qlen=1   cache=N lat=    0.001ms cycles≈1314
[pim-debug] op#01 op=Q        norm=q_proj     sh=1  dim=4096  heads=16  hd=128 q_dim=2048  kv_heads=16  kv_dim=2048  o_dim=2048  ffn_dim=5504   seqlen=1025   qlen=1   cache=N lat=    0.004ms cycles≈4428
[pim-debug] op#02 op=QK       norm=score      sh=0  dim=4096  heads=16  hd=128 q_dim=2048  kv_heads=16  kv_dim=2048  o_dim=2048  ffn_dim=5504   seqlen=1025   qlen=1   cache=N lat=    0.005ms cycles≈5424
[pim-debug] op#03 op=O        norm=wo_proj    sh=1  dim=4096  heads=16  hd=128 q_dim=2048  kv_heads=16  kv_dim=2048  o_dim=2048  ffn_dim=5504   seqlen=1025   qlen=1   cache=N lat=    0.004ms cycles≈4062
[pim-debug] op#04 op=SV       norm=output     sh=0  dim=4096  heads=16  hd=128 q_dim=2048  kv_heads=16  kv_dim=2048  o_dim=2048  ffn_dim=5504   seqlen=1025   qlen=1   cache=N lat=    0.004ms cycles≈3698
[pim-debug] op#05 op=Add      norm=residual   sh=-1 dim=4096  heads=32  hd=128 q_dim=4096  kv_heads=32  kv_dim=4096  o_dim=4096  ffn_dim=11008  seqlen=1025   qlen=1   cache=N lat=    0.000ms cycles≈3
[pim-debug] op#06 op=LN       norm=rmsnorm    sh=-1 dim=4096  heads=32  hd=128 q_dim=4096  kv_heads=32  kv_dim=4096  o_dim=4096  ffn_dim=11008  seqlen=1025   qlen=1   cache=N lat=    0.001ms cycles≈1314
[pim-debug] op#07 op=FFN_W3   norm=ffn_up     sh=0  dim=4096  heads=16  hd=128 q_dim=2048  kv_heads=16  kv_dim=2048  o_dim=2048  ffn_dim=5504   seqlen=1025   qlen=1   cache=N lat=    0.011ms cycles≈10896
[pim-debug] op#08 op=SwiGLU   norm=silu       sh=0  dim=4096  heads=16  hd=128 q_dim=2048  kv_heads=16  kv_dim=2048  o_dim=2048  ffn_dim=5504   seqlen=1025   qlen=1   cache=N lat=    0.001ms cycles≈503
[pim-debug] op#09 op=FFN_W2   norm=ffn_down   sh=0  dim=4096  heads=16  hd=128 q_dim=2048  kv_heads=16  kv_dim=2048  o_dim=2048  ffn_dim=5504   seqlen=1025   qlen=1   cache=N lat=    0.011ms cycles≈11466
[pim-debug] op#10 op=SwiGLU   norm=silu       sh=1  dim=4096  heads=16  hd=128 q_dim=2048  kv_heads=16  kv_dim=2048  o_dim=2048  ffn_dim=5504   seqlen=1025   qlen=1   cache=N lat=    0.001ms cycles≈503
[pim-debug] op#11 op=Add      norm=residual   sh=-1 dim=4096  heads=32  hd=128 q_dim=4096  kv_heads=32  kv_dim=4096  o_dim=4096  ffn_dim=11008  seqlen=1025   qlen=1   cache=N lat=    0.000ms cycles≈3
[pim-debug] segment total latency: 0.044 ms
========================================================================================
[pim-debug] segment_key=pim|decode|0|d62eb5fe6f0328baff7b61cd6b3a8c16
[pim-debug] sig: device_type=pim phase=decode step=0 (count_hint=1)
[pim-debug] ops_repr: Q:0,QK:1,Softmax:1,SV:1,O:1,FFN_W3:1,FFN_W2:1
[pim-debug] cfg: shard_policy='fine' shards=2 dim=4096 ffn_dim=11008 n_heads=32 n_kv_heads=auto->n_heads
[pim-debug] pim_config=/lustre/home/2501111916/workspace/XPUPIM_0226_gpupim_parameter/TriForm/algorithms/aim_simulator/PIM_AiM.json
[pim-debug] ramulator_config=/lustre/home/2501111916/workspace/XPUPIM_0226_gpupim_parameter/TriForm/algorithms/aim_simulator/example.yaml
[pim-debug] cost_model config.PIM_FREQ_GHZ=1.0
[pim-debug] op plan (logical shapes inferred from schedule cfg):
  - op#00  op=Q        shard=0   x=[1x4096] + w=[2048x4096]  ->  y=[1x2048]  (T=1, K=1025)
  - op#01  op=QK       shard=1   q=[16x1x128] + k=[16x128x1025]  ->  y=[16x1x1025]  (T=1, K=1025)
  - op#02  op=Softmax  shard=1   scores=[16x1x1025]  ->  y=[16x1x1025]  (T=1, K=1025)
  - op#03  op=SV       shard=1   p=[16x1x1025] + v=[16x1025x128]  ->  y=[16x1x128]  (T=1, K=1025)
  - op#04  op=O        shard=1   x=[1x2048] + w=[4096x2048]  ->  y=[1x4096]  (T=1, K=1025)
  - op#05  op=FFN_W3   shard=1   x=[1x4096] + w=[5504x4096]  ->  y=[1x5504]  (T=1, K=1025)
  - op#06  op=FFN_W2   shard=1   x=[1x5504] + w=[4096x5504]  ->  y=[1x4096]  (T=1, K=1025)
[pim-debug] NOTE: CENT(AiM) trace backend internally uses x shape (1,1,dim) and handles prefill by repeating ops;
           the table below shows the *effective parameters* passed into cost_model_pim_backend for each op.
[pim-debug] op#00 op=Q        norm=q_proj     sh=0  dim=4096  heads=16  hd=128 q_dim=2048  kv_heads=16  kv_dim=2048  o_dim=2048  ffn_dim=5504   seqlen=1025   qlen=1   cache=N lat=    0.004ms cycles≈4428
[pim-debug] op#01 op=QK       norm=score      sh=1  dim=4096  heads=16  hd=128 q_dim=2048  kv_heads=16  kv_dim=2048  o_dim=2048  ffn_dim=5504   seqlen=1025   qlen=1   cache=N lat=    0.005ms cycles≈5424
[pim-debug] op#02 op=Softmax  norm=softmax    sh=1  dim=4096  heads=16  hd=128 q_dim=2048  kv_heads=16  kv_dim=2048  o_dim=2048  ffn_dim=5504   seqlen=1025   qlen=1   cache=N lat=    0.004ms cycles≈4057
[pim-debug] op#03 op=SV       norm=output     sh=1  dim=4096  heads=16  hd=128 q_dim=2048  kv_heads=16  kv_dim=2048  o_dim=2048  ffn_dim=5504   seqlen=1025   qlen=1   cache=N lat=    0.004ms cycles≈3698
[pim-debug] op#04 op=O        norm=wo_proj    sh=1  dim=4096  heads=16  hd=128 q_dim=2048  kv_heads=16  kv_dim=2048  o_dim=2048  ffn_dim=5504   seqlen=1025   qlen=1   cache=N lat=    0.004ms cycles≈4062
[pim-debug] op#05 op=FFN_W3   norm=ffn_up     sh=1  dim=4096  heads=16  hd=128 q_dim=2048  kv_heads=16  kv_dim=2048  o_dim=2048  ffn_dim=5504   seqlen=1025   qlen=1   cache=N lat=    0.011ms cycles≈10896
[pim-debug] op#06 op=FFN_W2   norm=ffn_down   sh=1  dim=4096  heads=16  hd=128 q_dim=2048  kv_heads=16  kv_dim=2048  o_dim=2048  ffn_dim=5504   seqlen=1025   qlen=1   cache=N lat=    0.011ms cycles≈11466
[pim-debug] segment total latency: 0.044 ms
========================================================================================
[pim-debug] segment_key=pim|decode|0|dcb6f1dbfa5557f97cb69c203f5d9164
[pim-debug] sig: device_type=pim phase=decode step=0 (count_hint=2)
[pim-debug] ops_repr: LN:-1,Q:0,QK:0,Softmax:0,SV:0,O:0,Add:-1,LN:-1,FFN_W3:1,SwiGLU:1,FFN_W2:1,SwiGLU:0,Add:-1
[pim-debug] cfg: shard_policy='fine' shards=2 dim=4096 ffn_dim=11008 n_heads=32 n_kv_heads=auto->n_heads
[pim-debug] pim_config=/lustre/home/2501111916/workspace/XPUPIM_0226_gpupim_parameter/TriForm/algorithms/aim_simulator/PIM_AiM.json
[pim-debug] ramulator_config=/lustre/home/2501111916/workspace/XPUPIM_0226_gpupim_parameter/TriForm/algorithms/aim_simulator/example.yaml
[pim-debug] cost_model config.PIM_FREQ_GHZ=1.0
[pim-debug] op plan (logical shapes inferred from schedule cfg):
  - op#00  op=LN       shard=-1  x=[1x4096] + w=[4096]  ->  y=[1x4096]  (T=1, K=1025)
  - op#01  op=Q        shard=0   x=[1x4096] + w=[2048x4096]  ->  y=[1x2048]  (T=1, K=1025)
  - op#02  op=QK       shard=0   q=[16x1x128] + k=[16x128x1025]  ->  y=[16x1x1025]  (T=1, K=1025)
  - op#03  op=Softmax  shard=0   scores=[16x1x1025]  ->  y=[16x1x1025]  (T=1, K=1025)
  - op#04  op=SV       shard=0   p=[16x1x1025] + v=[16x1025x128]  ->  y=[16x1x128]  (T=1, K=1025)
  - op#05  op=O        shard=0   x=[1x2048] + w=[4096x2048]  ->  y=[1x4096]  (T=1, K=1025)
  - op#06  op=Add      shard=-1  a=[1x4096] + b=[1x4096]  ->  y=[1x4096]  (T=1, K=1025)
  - op#07  op=LN       shard=-1  x=[1x4096] + w=[4096]  ->  y=[1x4096]  (T=1, K=1025)
  - op#08  op=FFN_W3   shard=1   x=[1x4096] + w=[5504x4096]  ->  y=[1x5504]  (T=1, K=1025)
  - op#09  op=SwiGLU   shard=1   a=[1x5504] + b=[1x5504]  ->  y=[1x5504]  (T=1, K=1025)
  - op#10  op=FFN_W2   shard=1   x=[1x5504] + w=[4096x5504]  ->  y=[1x4096]  (T=1, K=1025)
  - op#11  op=SwiGLU   shard=0   a=[1x5504] + b=[1x5504]  ->  y=[1x5504]  (T=1, K=1025)
  - op#12  op=Add      shard=-1  a=[1x4096] + b=[1x4096]  ->  y=[1x4096]  (T=1, K=1025)
[pim-debug] NOTE: CENT(AiM) trace backend internally uses x shape (1,1,dim) and handles prefill by repeating ops;
           the table below shows the *effective parameters* passed into cost_model_pim_backend for each op.
[pim-debug] op#00 op=LN       norm=rmsnorm    sh=-1 dim=4096  heads=32  hd=128 q_dim=4096  kv_heads=32  kv_dim=4096  o_dim=4096  ffn_dim=11008  seqlen=1025   qlen=1   cache=N lat=    0.001ms cycles≈1314
[pim-debug] op#01 op=Q        norm=q_proj     sh=0  dim=4096  heads=16  hd=128 q_dim=2048  kv_heads=16  kv_dim=2048  o_dim=2048  ffn_dim=5504   seqlen=1025   qlen=1   cache=N lat=    0.004ms cycles≈4428
[pim-debug] op#02 op=QK       norm=score      sh=0  dim=4096  heads=16  hd=128 q_dim=2048  kv_heads=16  kv_dim=2048  o_dim=2048  ffn_dim=5504   seqlen=1025   qlen=1   cache=N lat=    0.005ms cycles≈5424
[pim-debug] op#03 op=Softmax  norm=softmax    sh=0  dim=4096  heads=16  hd=128 q_dim=2048  kv_heads=16  kv_dim=2048  o_dim=2048  ffn_dim=5504   seqlen=1025   qlen=1   cache=N lat=    0.004ms cycles≈4057
[pim-debug] op#04 op=SV       norm=output     sh=0  dim=4096  heads=16  hd=128 q_dim=2048  kv_heads=16  kv_dim=2048  o_dim=2048  ffn_dim=5504   seqlen=1025   qlen=1   cache=N lat=    0.004ms cycles≈3698
[pim-debug] op#05 op=O        norm=wo_proj    sh=0  dim=4096  heads=16  hd=128 q_dim=2048  kv_heads=16  kv_dim=2048  o_dim=2048  ffn_dim=5504   seqlen=1025   qlen=1   cache=N lat=    0.004ms cycles≈4062
[pim-debug] op#06 op=Add      norm=residual   sh=-1 dim=4096  heads=32  hd=128 q_dim=4096  kv_heads=32  kv_dim=4096  o_dim=4096  ffn_dim=11008  seqlen=1025   qlen=1   cache=N lat=    0.000ms cycles≈3
[pim-debug] op#07 op=LN       norm=rmsnorm    sh=-1 dim=4096  heads=32  hd=128 q_dim=4096  kv_heads=32  kv_dim=4096  o_dim=4096  ffn_dim=11008  seqlen=1025   qlen=1   cache=N lat=    0.001ms cycles≈1314
[pim-debug] op#08 op=FFN_W3   norm=ffn_up     sh=1  dim=4096  heads=16  hd=128 q_dim=2048  kv_heads=16  kv_dim=2048  o_dim=2048  ffn_dim=5504   seqlen=1025   qlen=1   cache=N lat=    0.011ms cycles≈10896
[pim-debug] op#09 op=SwiGLU   norm=silu       sh=1  dim=4096  heads=16  hd=128 q_dim=2048  kv_heads=16  kv_dim=2048  o_dim=2048  ffn_dim=5504   seqlen=1025   qlen=1   cache=N lat=    0.001ms cycles≈503
[pim-debug] op#10 op=FFN_W2   norm=ffn_down   sh=1  dim=4096  heads=16  hd=128 q_dim=2048  kv_heads=16  kv_dim=2048  o_dim=2048  ffn_dim=5504   seqlen=1025   qlen=1   cache=N lat=    0.011ms cycles≈11466
[pim-debug] op#11 op=SwiGLU   norm=silu       sh=0  dim=4096  heads=16  hd=128 q_dim=2048  kv_heads=16  kv_dim=2048  o_dim=2048  ffn_dim=5504   seqlen=1025   qlen=1   cache=N lat=    0.001ms cycles≈503
[pim-debug] op#12 op=Add      norm=residual   sh=-1 dim=4096  heads=32  hd=128 q_dim=4096  kv_heads=32  kv_dim=4096  o_dim=4096  ffn_dim=11008  seqlen=1025   qlen=1   cache=N lat=    0.000ms cycles≈3
[pim-debug] segment total latency: 0.048 ms
========================================================================================
[pim-debug] segment_key=pim|decode|0|dd7c6cc85b2973768e5d3340ddfdeaa6
[pim-debug] sig: device_type=pim phase=decode step=0 (count_hint=1)
[pim-debug] ops_repr: LN:-1,Q:0,QK:0,Softmax:0,SV:0,O:0,Add:-1,LN:-1,FFN_W3:1,FFN_W2:1,Add:-1
[pim-debug] cfg: shard_policy='fine' shards=2 dim=4096 ffn_dim=11008 n_heads=32 n_kv_heads=auto->n_heads
[pim-debug] pim_config=/lustre/home/2501111916/workspace/XPUPIM_0226_gpupim_parameter/TriForm/algorithms/aim_simulator/PIM_AiM.json
[pim-debug] ramulator_config=/lustre/home/2501111916/workspace/XPUPIM_0226_gpupim_parameter/TriForm/algorithms/aim_simulator/example.yaml
[pim-debug] cost_model config.PIM_FREQ_GHZ=1.0
[pim-debug] op plan (logical shapes inferred from schedule cfg):
  - op#00  op=LN       shard=-1  x=[1x4096] + w=[4096]  ->  y=[1x4096]  (T=1, K=1025)
  - op#01  op=Q        shard=0   x=[1x4096] + w=[2048x4096]  ->  y=[1x2048]  (T=1, K=1025)
  - op#02  op=QK       shard=0   q=[16x1x128] + k=[16x128x1025]  ->  y=[16x1x1025]  (T=1, K=1025)
  - op#03  op=Softmax  shard=0   scores=[16x1x1025]  ->  y=[16x1x1025]  (T=1, K=1025)
  - op#04  op=SV       shard=0   p=[16x1x1025] + v=[16x1025x128]  ->  y=[16x1x128]  (T=1, K=1025)
  - op#05  op=O        shard=0   x=[1x2048] + w=[4096x2048]  ->  y=[1x4096]  (T=1, K=1025)
  - op#06  op=Add      shard=-1  a=[1x4096] + b=[1x4096]  ->  y=[1x4096]  (T=1, K=1025)
  - op#07  op=LN       shard=-1  x=[1x4096] + w=[4096]  ->  y=[1x4096]  (T=1, K=1025)
  - op#08  op=FFN_W3   shard=1   x=[1x4096] + w=[5504x4096]  ->  y=[1x5504]  (T=1, K=1025)
  - op#09  op=FFN_W2   shard=1   x=[1x5504] + w=[4096x5504]  ->  y=[1x4096]  (T=1, K=1025)
  - op#10  op=Add      shard=-1  a=[1x4096] + b=[1x4096]  ->  y=[1x4096]  (T=1, K=1025)
[pim-debug] NOTE: CENT(AiM) trace backend internally uses x shape (1,1,dim) and handles prefill by repeating ops;
           the table below shows the *effective parameters* passed into cost_model_pim_backend for each op.
[pim-debug] op#00 op=LN       norm=rmsnorm    sh=-1 dim=4096  heads=32  hd=128 q_dim=4096  kv_heads=32  kv_dim=4096  o_dim=4096  ffn_dim=11008  seqlen=1025   qlen=1   cache=N lat=    0.001ms cycles≈1314
[pim-debug] op#01 op=Q        norm=q_proj     sh=0  dim=4096  heads=16  hd=128 q_dim=2048  kv_heads=16  kv_dim=2048  o_dim=2048  ffn_dim=5504   seqlen=1025   qlen=1   cache=N lat=    0.004ms cycles≈4428
[pim-debug] op#02 op=QK       norm=score      sh=0  dim=4096  heads=16  hd=128 q_dim=2048  kv_heads=16  kv_dim=2048  o_dim=2048  ffn_dim=5504   seqlen=1025   qlen=1   cache=N lat=    0.005ms cycles≈5424
[pim-debug] op#03 op=Softmax  norm=softmax    sh=0  dim=4096  heads=16  hd=128 q_dim=2048  kv_heads=16  kv_dim=2048  o_dim=2048  ffn_dim=5504   seqlen=1025   qlen=1   cache=N lat=    0.004ms cycles≈4057
[pim-debug] op#04 op=SV       norm=output     sh=0  dim=4096  heads=16  hd=128 q_dim=2048  kv_heads=16  kv_dim=2048  o_dim=2048  ffn_dim=5504   seqlen=1025   qlen=1   cache=N lat=    0.004ms cycles≈3698
[pim-debug] op#05 op=O        norm=wo_proj    sh=0  dim=4096  heads=16  hd=128 q_dim=2048  kv_heads=16  kv_dim=2048  o_dim=2048  ffn_dim=5504   seqlen=1025   qlen=1   cache=N lat=    0.004ms cycles≈4062
[pim-debug] op#06 op=Add      norm=residual   sh=-1 dim=4096  heads=32  hd=128 q_dim=4096  kv_heads=32  kv_dim=4096  o_dim=4096  ffn_dim=11008  seqlen=1025   qlen=1   cache=N lat=    0.000ms cycles≈3
[pim-debug] op#07 op=LN       norm=rmsnorm    sh=-1 dim=4096  heads=32  hd=128 q_dim=4096  kv_heads=32  kv_dim=4096  o_dim=4096  ffn_dim=11008  seqlen=1025   qlen=1   cache=N lat=    0.001ms cycles≈1314
[pim-debug] op#08 op=FFN_W3   norm=ffn_up     sh=1  dim=4096  heads=16  hd=128 q_dim=2048  kv_heads=16  kv_dim=2048  o_dim=2048  ffn_dim=5504   seqlen=1025   qlen=1   cache=N lat=    0.011ms cycles≈10896
[pim-debug] op#09 op=FFN_W2   norm=ffn_down   sh=1  dim=4096  heads=16  hd=128 q_dim=2048  kv_heads=16  kv_dim=2048  o_dim=2048  ffn_dim=5504   seqlen=1025   qlen=1   cache=N lat=    0.011ms cycles≈11466
[pim-debug] op#10 op=Add      norm=residual   sh=-1 dim=4096  heads=32  hd=128 q_dim=4096  kv_heads=32  kv_dim=4096  o_dim=4096  ffn_dim=11008  seqlen=1025   qlen=1   cache=N lat=    0.000ms cycles≈3
[pim-debug] segment total latency: 0.047 ms
========================================================================================
[pim-debug] segment_key=pim|decode|0|deeaa3c5f521a19c988ab8cc7e17f0bd
[pim-debug] sig: device_type=pim phase=decode step=0 (count_hint=2)
[pim-debug] ops_repr: Q:1,QK:1,SV:1,O:0,FFN_W3:1,SwiGLU:1,FFN_W2:1
[pim-debug] cfg: shard_policy='fine' shards=2 dim=4096 ffn_dim=11008 n_heads=32 n_kv_heads=auto->n_heads
[pim-debug] pim_config=/lustre/home/2501111916/workspace/XPUPIM_0226_gpupim_parameter/TriForm/algorithms/aim_simulator/PIM_AiM.json
[pim-debug] ramulator_config=/lustre/home/2501111916/workspace/XPUPIM_0226_gpupim_parameter/TriForm/algorithms/aim_simulator/example.yaml
[pim-debug] cost_model config.PIM_FREQ_GHZ=1.0
[pim-debug] op plan (logical shapes inferred from schedule cfg):
  - op#00  op=Q        shard=1   x=[1x4096] + w=[2048x4096]  ->  y=[1x2048]  (T=1, K=1025)
  - op#01  op=QK       shard=1   q=[16x1x128] + k=[16x128x1025]  ->  y=[16x1x1025]  (T=1, K=1025)
  - op#02  op=SV       shard=1   p=[16x1x1025] + v=[16x1025x128]  ->  y=[16x1x128]  (T=1, K=1025)
  - op#03  op=O        shard=0   x=[1x2048] + w=[4096x2048]  ->  y=[1x4096]  (T=1, K=1025)
  - op#04  op=FFN_W3   shard=1   x=[1x4096] + w=[5504x4096]  ->  y=[1x5504]  (T=1, K=1025)
  - op#05  op=SwiGLU   shard=1   a=[1x5504] + b=[1x5504]  ->  y=[1x5504]  (T=1, K=1025)
  - op#06  op=FFN_W2   shard=1   x=[1x5504] + w=[4096x5504]  ->  y=[1x4096]  (T=1, K=1025)
[pim-debug] NOTE: CENT(AiM) trace backend internally uses x shape (1,1,dim) and handles prefill by repeating ops;
           the table below shows the *effective parameters* passed into cost_model_pim_backend for each op.
[pim-debug] op#00 op=Q        norm=q_proj     sh=1  dim=4096  heads=16  hd=128 q_dim=2048  kv_heads=16  kv_dim=2048  o_dim=2048  ffn_dim=5504   seqlen=1025   qlen=1   cache=N lat=    0.004ms cycles≈4428
[pim-debug] op#01 op=QK       norm=score      sh=1  dim=4096  heads=16  hd=128 q_dim=2048  kv_heads=16  kv_dim=2048  o_dim=2048  ffn_dim=5504   seqlen=1025   qlen=1   cache=N lat=    0.005ms cycles≈5424
[pim-debug] op#02 op=SV       norm=output     sh=1  dim=4096  heads=16  hd=128 q_dim=2048  kv_heads=16  kv_dim=2048  o_dim=2048  ffn_dim=5504   seqlen=1025   qlen=1   cache=N lat=    0.004ms cycles≈3698
[pim-debug] op#03 op=O        norm=wo_proj    sh=0  dim=4096  heads=16  hd=128 q_dim=2048  kv_heads=16  kv_dim=2048  o_dim=2048  ffn_dim=5504   seqlen=1025   qlen=1   cache=N lat=    0.004ms cycles≈4062
[pim-debug] op#04 op=FFN_W3   norm=ffn_up     sh=1  dim=4096  heads=16  hd=128 q_dim=2048  kv_heads=16  kv_dim=2048  o_dim=2048  ffn_dim=5504   seqlen=1025   qlen=1   cache=N lat=    0.011ms cycles≈10896
[pim-debug] op#05 op=SwiGLU   norm=silu       sh=1  dim=4096  heads=16  hd=128 q_dim=2048  kv_heads=16  kv_dim=2048  o_dim=2048  ffn_dim=5504   seqlen=1025   qlen=1   cache=N lat=    0.001ms cycles≈503
[pim-debug] op#06 op=FFN_W2   norm=ffn_down   sh=1  dim=4096  heads=16  hd=128 q_dim=2048  kv_heads=16  kv_dim=2048  o_dim=2048  ffn_dim=5504   seqlen=1025   qlen=1   cache=N lat=    0.011ms cycles≈11466
[pim-debug] segment total latency: 0.040 ms
========================================================================================
[pim-debug] segment_key=pim|decode|0|e5c39b5c2573b0fa13095a3a939b1dda
[pim-debug] sig: device_type=pim phase=decode step=0 (count_hint=1)
[pim-debug] ops_repr: Q:0,QK:1,SV:1,O:0,FFN_W3:1,SwiGLU:0,FFN_W2:1
[pim-debug] cfg: shard_policy='fine' shards=2 dim=4096 ffn_dim=11008 n_heads=32 n_kv_heads=auto->n_heads
[pim-debug] pim_config=/lustre/home/2501111916/workspace/XPUPIM_0226_gpupim_parameter/TriForm/algorithms/aim_simulator/PIM_AiM.json
[pim-debug] ramulator_config=/lustre/home/2501111916/workspace/XPUPIM_0226_gpupim_parameter/TriForm/algorithms/aim_simulator/example.yaml
[pim-debug] cost_model config.PIM_FREQ_GHZ=1.0
[pim-debug] op plan (logical shapes inferred from schedule cfg):
  - op#00  op=Q        shard=0   x=[1x4096] + w=[2048x4096]  ->  y=[1x2048]  (T=1, K=1025)
  - op#01  op=QK       shard=1   q=[16x1x128] + k=[16x128x1025]  ->  y=[16x1x1025]  (T=1, K=1025)
  - op#02  op=SV       shard=1   p=[16x1x1025] + v=[16x1025x128]  ->  y=[16x1x128]  (T=1, K=1025)
  - op#03  op=O        shard=0   x=[1x2048] + w=[4096x2048]  ->  y=[1x4096]  (T=1, K=1025)
  - op#04  op=FFN_W3   shard=1   x=[1x4096] + w=[5504x4096]  ->  y=[1x5504]  (T=1, K=1025)
  - op#05  op=SwiGLU   shard=0   a=[1x5504] + b=[1x5504]  ->  y=[1x5504]  (T=1, K=1025)
  - op#06  op=FFN_W2   shard=1   x=[1x5504] + w=[4096x5504]  ->  y=[1x4096]  (T=1, K=1025)
[pim-debug] NOTE: CENT(AiM) trace backend internally uses x shape (1,1,dim) and handles prefill by repeating ops;
           the table below shows the *effective parameters* passed into cost_model_pim_backend for each op.
[pim-debug] op#00 op=Q        norm=q_proj     sh=0  dim=4096  heads=16  hd=128 q_dim=2048  kv_heads=16  kv_dim=2048  o_dim=2048  ffn_dim=5504   seqlen=1025   qlen=1   cache=N lat=    0.004ms cycles≈4428
[pim-debug] op#01 op=QK       norm=score      sh=1  dim=4096  heads=16  hd=128 q_dim=2048  kv_heads=16  kv_dim=2048  o_dim=2048  ffn_dim=5504   seqlen=1025   qlen=1   cache=N lat=    0.005ms cycles≈5424
[pim-debug] op#02 op=SV       norm=output     sh=1  dim=4096  heads=16  hd=128 q_dim=2048  kv_heads=16  kv_dim=2048  o_dim=2048  ffn_dim=5504   seqlen=1025   qlen=1   cache=N lat=    0.004ms cycles≈3698
[pim-debug] op#03 op=O        norm=wo_proj    sh=0  dim=4096  heads=16  hd=128 q_dim=2048  kv_heads=16  kv_dim=2048  o_dim=2048  ffn_dim=5504   seqlen=1025   qlen=1   cache=N lat=    0.004ms cycles≈4062
[pim-debug] op#04 op=FFN_W3   norm=ffn_up     sh=1  dim=4096  heads=16  hd=128 q_dim=2048  kv_heads=16  kv_dim=2048  o_dim=2048  ffn_dim=5504   seqlen=1025   qlen=1   cache=N lat=    0.011ms cycles≈10896
[pim-debug] op#05 op=SwiGLU   norm=silu       sh=0  dim=4096  heads=16  hd=128 q_dim=2048  kv_heads=16  kv_dim=2048  o_dim=2048  ffn_dim=5504   seqlen=1025   qlen=1   cache=N lat=    0.001ms cycles≈503
[pim-debug] op#06 op=FFN_W2   norm=ffn_down   sh=1  dim=4096  heads=16  hd=128 q_dim=2048  kv_heads=16  kv_dim=2048  o_dim=2048  ffn_dim=5504   seqlen=1025   qlen=1   cache=N lat=    0.011ms cycles≈11466
[pim-debug] segment total latency: 0.040 ms
========================================================================================
[pim-debug] segment_key=pim|decode|0|fc13f6e80375c9c314693270c1dcea1a
[pim-debug] sig: device_type=pim phase=decode step=0 (count_hint=4)
[pim-debug] ops_repr: Q:1,QK:1,SV:1,O:0,FFN_W3:1,FFN_W2:1
[pim-debug] cfg: shard_policy='fine' shards=2 dim=4096 ffn_dim=11008 n_heads=32 n_kv_heads=auto->n_heads
[pim-debug] pim_config=/lustre/home/2501111916/workspace/XPUPIM_0226_gpupim_parameter/TriForm/algorithms/aim_simulator/PIM_AiM.json
[pim-debug] ramulator_config=/lustre/home/2501111916/workspace/XPUPIM_0226_gpupim_parameter/TriForm/algorithms/aim_simulator/example.yaml
[pim-debug] cost_model config.PIM_FREQ_GHZ=1.0
[pim-debug] op plan (logical shapes inferred from schedule cfg):
  - op#00  op=Q        shard=1   x=[1x4096] + w=[2048x4096]  ->  y=[1x2048]  (T=1, K=1025)
  - op#01  op=QK       shard=1   q=[16x1x128] + k=[16x128x1025]  ->  y=[16x1x1025]  (T=1, K=1025)
  - op#02  op=SV       shard=1   p=[16x1x1025] + v=[16x1025x128]  ->  y=[16x1x128]  (T=1, K=1025)
  - op#03  op=O        shard=0   x=[1x2048] + w=[4096x2048]  ->  y=[1x4096]  (T=1, K=1025)
  - op#04  op=FFN_W3   shard=1   x=[1x4096] + w=[5504x4096]  ->  y=[1x5504]  (T=1, K=1025)
  - op#05  op=FFN_W2   shard=1   x=[1x5504] + w=[4096x5504]  ->  y=[1x4096]  (T=1, K=1025)
[pim-debug] NOTE: CENT(AiM) trace backend internally uses x shape (1,1,dim) and handles prefill by repeating ops;
           the table below shows the *effective parameters* passed into cost_model_pim_backend for each op.
[pim-debug] op#00 op=Q        norm=q_proj     sh=1  dim=4096  heads=16  hd=128 q_dim=2048  kv_heads=16  kv_dim=2048  o_dim=2048  ffn_dim=5504   seqlen=1025   qlen=1   cache=N lat=    0.004ms cycles≈4428
[pim-debug] op#01 op=QK       norm=score      sh=1  dim=4096  heads=16  hd=128 q_dim=2048  kv_heads=16  kv_dim=2048  o_dim=2048  ffn_dim=5504   seqlen=1025   qlen=1   cache=N lat=    0.005ms cycles≈5424
[pim-debug] op#02 op=SV       norm=output     sh=1  dim=4096  heads=16  hd=128 q_dim=2048  kv_heads=16  kv_dim=2048  o_dim=2048  ffn_dim=5504   seqlen=1025   qlen=1   cache=N lat=    0.004ms cycles≈3698
[pim-debug] op#03 op=O        norm=wo_proj    sh=0  dim=4096  heads=16  hd=128 q_dim=2048  kv_heads=16  kv_dim=2048  o_dim=2048  ffn_dim=5504   seqlen=1025   qlen=1   cache=N lat=    0.004ms cycles≈4062
[pim-debug] op#04 op=FFN_W3   norm=ffn_up     sh=1  dim=4096  heads=16  hd=128 q_dim=2048  kv_heads=16  kv_dim=2048  o_dim=2048  ffn_dim=5504   seqlen=1025   qlen=1   cache=N lat=    0.011ms cycles≈10896
[pim-debug] op#05 op=FFN_W2   norm=ffn_down   sh=1  dim=4096  heads=16  hd=128 q_dim=2048  kv_heads=16  kv_dim=2048  o_dim=2048  ffn_dim=5504   seqlen=1025   qlen=1   cache=N lat=    0.011ms cycles≈11466
[pim-debug] segment total latency: 0.040 ms
========================================================================================
[pim-debug] segment_key=pim|decode|1|0415d769098778997a25dc690bb43e1c
[pim-debug] sig: device_type=pim phase=decode step=1 (count_hint=1)
[pim-debug] ops_repr: Q:0,QK:1,SV:1,O:0,FFN_W3:1,FFN_W2:1
[pim-debug] cfg: shard_policy='fine' shards=2 dim=4096 ffn_dim=11008 n_heads=32 n_kv_heads=auto->n_heads
[pim-debug] pim_config=/lustre/home/2501111916/workspace/XPUPIM_0226_gpupim_parameter/TriForm/algorithms/aim_simulator/PIM_AiM.json
[pim-debug] ramulator_config=/lustre/home/2501111916/workspace/XPUPIM_0226_gpupim_parameter/TriForm/algorithms/aim_simulator/example.yaml
[pim-debug] cost_model config.PIM_FREQ_GHZ=1.0
[pim-debug] op plan (logical shapes inferred from schedule cfg):
  - op#00  op=Q        shard=0   x=[1x4096] + w=[2048x4096]  ->  y=[1x2048]  (T=1, K=1026)
  - op#01  op=QK       shard=1   q=[16x1x128] + k=[16x128x1026]  ->  y=[16x1x1026]  (T=1, K=1026)
  - op#02  op=SV       shard=1   p=[16x1x1026] + v=[16x1026x128]  ->  y=[16x1x128]  (T=1, K=1026)
  - op#03  op=O        shard=0   x=[1x2048] + w=[4096x2048]  ->  y=[1x4096]  (T=1, K=1026)
  - op#04  op=FFN_W3   shard=1   x=[1x4096] + w=[5504x4096]  ->  y=[1x5504]  (T=1, K=1026)
  - op#05  op=FFN_W2   shard=1   x=[1x5504] + w=[4096x5504]  ->  y=[1x4096]  (T=1, K=1026)
[pim-debug] NOTE: CENT(AiM) trace backend internally uses x shape (1,1,dim) and handles prefill by repeating ops;
           the table below shows the *effective parameters* passed into cost_model_pim_backend for each op.
[pim-debug] op#00 op=Q        norm=q_proj     sh=0  dim=4096  heads=16  hd=128 q_dim=2048  kv_heads=16  kv_dim=2048  o_dim=2048  ffn_dim=5504   seqlen=1026   qlen=1   cache=N lat=    0.004ms cycles≈4428
[pim-debug] op#01 op=QK       norm=score      sh=1  dim=4096  heads=16  hd=128 q_dim=2048  kv_heads=16  kv_dim=2048  o_dim=2048  ffn_dim=5504   seqlen=1026   qlen=1   cache=N lat=    0.005ms cycles≈5424
[pim-debug] op#02 op=SV       norm=output     sh=1  dim=4096  heads=16  hd=128 q_dim=2048  kv_heads=16  kv_dim=2048  o_dim=2048  ffn_dim=5504   seqlen=1026   qlen=1   cache=N lat=    0.004ms cycles≈3698
[pim-debug] op#03 op=O        norm=wo_proj    sh=0  dim=4096  heads=16  hd=128 q_dim=2048  kv_heads=16  kv_dim=2048  o_dim=2048  ffn_dim=5504   seqlen=1026   qlen=1   cache=N lat=    0.004ms cycles≈4062
[pim-debug] op#04 op=FFN_W3   norm=ffn_up     sh=1  dim=4096  heads=16  hd=128 q_dim=2048  kv_heads=16  kv_dim=2048  o_dim=2048  ffn_dim=5504   seqlen=1026   qlen=1   cache=N lat=    0.011ms cycles≈10896
[pim-debug] op#05 op=FFN_W2   norm=ffn_down   sh=1  dim=4096  heads=16  hd=128 q_dim=2048  kv_heads=16  kv_dim=2048  o_dim=2048  ffn_dim=5504   seqlen=1026   qlen=1   cache=N lat=    0.011ms cycles≈11466
[pim-debug] segment total latency: 0.040 ms
========================================================================================
[pim-debug] segment_key=pim|decode|1|09ead37b38db6726c05730718f336a4b
[pim-debug] sig: device_type=pim phase=decode step=1 (count_hint=3)
[pim-debug] ops_repr: LN:-1,Q:0,QK:0,O:1,SV:0,Add:-1,LN:-1,FFN_W3:0,FFN_W2:0,Add:-1
[pim-debug] cfg: shard_policy='fine' shards=2 dim=4096 ffn_dim=11008 n_heads=32 n_kv_heads=auto->n_heads
[pim-debug] pim_config=/lustre/home/2501111916/workspace/XPUPIM_0226_gpupim_parameter/TriForm/algorithms/aim_simulator/PIM_AiM.json
[pim-debug] ramulator_config=/lustre/home/2501111916/workspace/XPUPIM_0226_gpupim_parameter/TriForm/algorithms/aim_simulator/example.yaml
[pim-debug] cost_model config.PIM_FREQ_GHZ=1.0
[pim-debug] op plan (logical shapes inferred from schedule cfg):
  - op#00  op=LN       shard=-1  x=[1x4096] + w=[4096]  ->  y=[1x4096]  (T=1, K=1026)
  - op#01  op=Q        shard=0   x=[1x4096] + w=[2048x4096]  ->  y=[1x2048]  (T=1, K=1026)
  - op#02  op=QK       shard=0   q=[16x1x128] + k=[16x128x1026]  ->  y=[16x1x1026]  (T=1, K=1026)
  - op#03  op=O        shard=1   x=[1x2048] + w=[4096x2048]  ->  y=[1x4096]  (T=1, K=1026)
  - op#04  op=SV       shard=0   p=[16x1x1026] + v=[16x1026x128]  ->  y=[16x1x128]  (T=1, K=1026)
  - op#05  op=Add      shard=-1  a=[1x4096] + b=[1x4096]  ->  y=[1x4096]  (T=1, K=1026)
  - op#06  op=LN       shard=-1  x=[1x4096] + w=[4096]  ->  y=[1x4096]  (T=1, K=1026)
  - op#07  op=FFN_W3   shard=0   x=[1x4096] + w=[5504x4096]  ->  y=[1x5504]  (T=1, K=1026)
  - op#08  op=FFN_W2   shard=0   x=[1x5504] + w=[4096x5504]  ->  y=[1x4096]  (T=1, K=1026)
  - op#09  op=Add      shard=-1  a=[1x4096] + b=[1x4096]  ->  y=[1x4096]  (T=1, K=1026)
[pim-debug] NOTE: CENT(AiM) trace backend internally uses x shape (1,1,dim) and handles prefill by repeating ops;
           the table below shows the *effective parameters* passed into cost_model_pim_backend for each op.
[pim-debug] op#00 op=LN       norm=rmsnorm    sh=-1 dim=4096  heads=32  hd=128 q_dim=4096  kv_heads=32  kv_dim=4096  o_dim=4096  ffn_dim=11008  seqlen=1026   qlen=1   cache=N lat=    0.001ms cycles≈1314
[pim-debug] op#01 op=Q        norm=q_proj     sh=0  dim=4096  heads=16  hd=128 q_dim=2048  kv_heads=16  kv_dim=2048  o_dim=2048  ffn_dim=5504   seqlen=1026   qlen=1   cache=N lat=    0.004ms cycles≈4428
[pim-debug] op#02 op=QK       norm=score      sh=0  dim=4096  heads=16  hd=128 q_dim=2048  kv_heads=16  kv_dim=2048  o_dim=2048  ffn_dim=5504   seqlen=1026   qlen=1   cache=N lat=    0.005ms cycles≈5424
[pim-debug] op#03 op=O        norm=wo_proj    sh=1  dim=4096  heads=16  hd=128 q_dim=2048  kv_heads=16  kv_dim=2048  o_dim=2048  ffn_dim=5504   seqlen=1026   qlen=1   cache=N lat=    0.004ms cycles≈4062
[pim-debug] op#04 op=SV       norm=output     sh=0  dim=4096  heads=16  hd=128 q_dim=2048  kv_heads=16  kv_dim=2048  o_dim=2048  ffn_dim=5504   seqlen=1026   qlen=1   cache=N lat=    0.004ms cycles≈3698
[pim-debug] op#05 op=Add      norm=residual   sh=-1 dim=4096  heads=32  hd=128 q_dim=4096  kv_heads=32  kv_dim=4096  o_dim=4096  ffn_dim=11008  seqlen=1026   qlen=1   cache=N lat=    0.000ms cycles≈3
[pim-debug] op#06 op=LN       norm=rmsnorm    sh=-1 dim=4096  heads=32  hd=128 q_dim=4096  kv_heads=32  kv_dim=4096  o_dim=4096  ffn_dim=11008  seqlen=1026   qlen=1   cache=N lat=    0.001ms cycles≈1314
[pim-debug] op#07 op=FFN_W3   norm=ffn_up     sh=0  dim=4096  heads=16  hd=128 q_dim=2048  kv_heads=16  kv_dim=2048  o_dim=2048  ffn_dim=5504   seqlen=1026   qlen=1   cache=N lat=    0.011ms cycles≈10896
[pim-debug] op#08 op=FFN_W2   norm=ffn_down   sh=0  dim=4096  heads=16  hd=128 q_dim=2048  kv_heads=16  kv_dim=2048  o_dim=2048  ffn_dim=5504   seqlen=1026   qlen=1   cache=N lat=    0.011ms cycles≈11466
[pim-debug] op#09 op=Add      norm=residual   sh=-1 dim=4096  heads=32  hd=128 q_dim=4096  kv_heads=32  kv_dim=4096  o_dim=4096  ffn_dim=11008  seqlen=1026   qlen=1   cache=N lat=    0.000ms cycles≈3
[pim-debug] segment total latency: 0.043 ms
========================================================================================
[pim-debug] segment_key=pim|decode|1|271f044ca9667c486b4772c1cb05aef8
[pim-debug] sig: device_type=pim phase=decode step=1 (count_hint=1)
[pim-debug] ops_repr: Q:1,QK:1,Softmax:1,SV:1,O:1,FFN_W3:0,SwiGLU:1,FFN_W2:0
[pim-debug] cfg: shard_policy='fine' shards=2 dim=4096 ffn_dim=11008 n_heads=32 n_kv_heads=auto->n_heads
[pim-debug] pim_config=/lustre/home/2501111916/workspace/XPUPIM_0226_gpupim_parameter/TriForm/algorithms/aim_simulator/PIM_AiM.json
[pim-debug] ramulator_config=/lustre/home/2501111916/workspace/XPUPIM_0226_gpupim_parameter/TriForm/algorithms/aim_simulator/example.yaml
[pim-debug] cost_model config.PIM_FREQ_GHZ=1.0
[pim-debug] op plan (logical shapes inferred from schedule cfg):
  - op#00  op=Q        shard=1   x=[1x4096] + w=[2048x4096]  ->  y=[1x2048]  (T=1, K=1026)
  - op#01  op=QK       shard=1   q=[16x1x128] + k=[16x128x1026]  ->  y=[16x1x1026]  (T=1, K=1026)
  - op#02  op=Softmax  shard=1   scores=[16x1x1026]  ->  y=[16x1x1026]  (T=1, K=1026)
  - op#03  op=SV       shard=1   p=[16x1x1026] + v=[16x1026x128]  ->  y=[16x1x128]  (T=1, K=1026)
  - op#04  op=O        shard=1   x=[1x2048] + w=[4096x2048]  ->  y=[1x4096]  (T=1, K=1026)
  - op#05  op=FFN_W3   shard=0   x=[1x4096] + w=[5504x4096]  ->  y=[1x5504]  (T=1, K=1026)
  - op#06  op=SwiGLU   shard=1   a=[1x5504] + b=[1x5504]  ->  y=[1x5504]  (T=1, K=1026)
  - op#07  op=FFN_W2   shard=0   x=[1x5504] + w=[4096x5504]  ->  y=[1x4096]  (T=1, K=1026)
[pim-debug] NOTE: CENT(AiM) trace backend internally uses x shape (1,1,dim) and handles prefill by repeating ops;
           the table below shows the *effective parameters* passed into cost_model_pim_backend for each op.
[pim-debug] op#00 op=Q        norm=q_proj     sh=1  dim=4096  heads=16  hd=128 q_dim=2048  kv_heads=16  kv_dim=2048  o_dim=2048  ffn_dim=5504   seqlen=1026   qlen=1   cache=N lat=    0.004ms cycles≈4428
[pim-debug] op#01 op=QK       norm=score      sh=1  dim=4096  heads=16  hd=128 q_dim=2048  kv_heads=16  kv_dim=2048  o_dim=2048  ffn_dim=5504   seqlen=1026   qlen=1   cache=N lat=    0.005ms cycles≈5424
[pim-debug] op#02 op=Softmax  norm=softmax    sh=1  dim=4096  heads=16  hd=128 q_dim=2048  kv_heads=16  kv_dim=2048  o_dim=2048  ffn_dim=5504   seqlen=1026   qlen=1   cache=N lat=    0.004ms cycles≈4057
[pim-debug] op#03 op=SV       norm=output     sh=1  dim=4096  heads=16  hd=128 q_dim=2048  kv_heads=16  kv_dim=2048  o_dim=2048  ffn_dim=5504   seqlen=1026   qlen=1   cache=N lat=    0.004ms cycles≈3698
[pim-debug] op#04 op=O        norm=wo_proj    sh=1  dim=4096  heads=16  hd=128 q_dim=2048  kv_heads=16  kv_dim=2048  o_dim=2048  ffn_dim=5504   seqlen=1026   qlen=1   cache=N lat=    0.004ms cycles≈4062
[pim-debug] op#05 op=FFN_W3   norm=ffn_up     sh=0  dim=4096  heads=16  hd=128 q_dim=2048  kv_heads=16  kv_dim=2048  o_dim=2048  ffn_dim=5504   seqlen=1026   qlen=1   cache=N lat=    0.011ms cycles≈10896
[pim-debug] op#06 op=SwiGLU   norm=silu       sh=1  dim=4096  heads=16  hd=128 q_dim=2048  kv_heads=16  kv_dim=2048  o_dim=2048  ffn_dim=5504   seqlen=1026   qlen=1   cache=N lat=    0.001ms cycles≈503
[pim-debug] op#07 op=FFN_W2   norm=ffn_down   sh=0  dim=4096  heads=16  hd=128 q_dim=2048  kv_heads=16  kv_dim=2048  o_dim=2048  ffn_dim=5504   seqlen=1026   qlen=1   cache=N lat=    0.011ms cycles≈11466
[pim-debug] segment total latency: 0.045 ms
========================================================================================
[pim-debug] segment_key=pim|decode|1|29146eb6ac2b5301d405a02716e91614
[pim-debug] sig: device_type=pim phase=decode step=1 (count_hint=1)
[pim-debug] ops_repr: LN:-1,Q:1,QK:0,Softmax:0,SV:0,O:0,Add:-1,LN:-1,FFN_W3:1,SwiGLU:1,FFN_W2:1,Add:-1
[pim-debug] cfg: shard_policy='fine' shards=2 dim=4096 ffn_dim=11008 n_heads=32 n_kv_heads=auto->n_heads
[pim-debug] pim_config=/lustre/home/2501111916/workspace/XPUPIM_0226_gpupim_parameter/TriForm/algorithms/aim_simulator/PIM_AiM.json
[pim-debug] ramulator_config=/lustre/home/2501111916/workspace/XPUPIM_0226_gpupim_parameter/TriForm/algorithms/aim_simulator/example.yaml
[pim-debug] cost_model config.PIM_FREQ_GHZ=1.0
[pim-debug] op plan (logical shapes inferred from schedule cfg):
  - op#00  op=LN       shard=-1  x=[1x4096] + w=[4096]  ->  y=[1x4096]  (T=1, K=1026)
  - op#01  op=Q        shard=1   x=[1x4096] + w=[2048x4096]  ->  y=[1x2048]  (T=1, K=1026)
  - op#02  op=QK       shard=0   q=[16x1x128] + k=[16x128x1026]  ->  y=[16x1x1026]  (T=1, K=1026)
  - op#03  op=Softmax  shard=0   scores=[16x1x1026]  ->  y=[16x1x1026]  (T=1, K=1026)
  - op#04  op=SV       shard=0   p=[16x1x1026] + v=[16x1026x128]  ->  y=[16x1x128]  (T=1, K=1026)
  - op#05  op=O        shard=0   x=[1x2048] + w=[4096x2048]  ->  y=[1x4096]  (T=1, K=1026)
  - op#06  op=Add      shard=-1  a=[1x4096] + b=[1x4096]  ->  y=[1x4096]  (T=1, K=1026)
  - op#07  op=LN       shard=-1  x=[1x4096] + w=[4096]  ->  y=[1x4096]  (T=1, K=1026)
  - op#08  op=FFN_W3   shard=1   x=[1x4096] + w=[5504x4096]  ->  y=[1x5504]  (T=1, K=1026)
  - op#09  op=SwiGLU   shard=1   a=[1x5504] + b=[1x5504]  ->  y=[1x5504]  (T=1, K=1026)
  - op#10  op=FFN_W2   shard=1   x=[1x5504] + w=[4096x5504]  ->  y=[1x4096]  (T=1, K=1026)
  - op#11  op=Add      shard=-1  a=[1x4096] + b=[1x4096]  ->  y=[1x4096]  (T=1, K=1026)
[pim-debug] NOTE: CENT(AiM) trace backend internally uses x shape (1,1,dim) and handles prefill by repeating ops;
           the table below shows the *effective parameters* passed into cost_model_pim_backend for each op.
[pim-debug] op#00 op=LN       norm=rmsnorm    sh=-1 dim=4096  heads=32  hd=128 q_dim=4096  kv_heads=32  kv_dim=4096  o_dim=4096  ffn_dim=11008  seqlen=1026   qlen=1   cache=N lat=    0.001ms cycles≈1314
[pim-debug] op#01 op=Q        norm=q_proj     sh=1  dim=4096  heads=16  hd=128 q_dim=2048  kv_heads=16  kv_dim=2048  o_dim=2048  ffn_dim=5504   seqlen=1026   qlen=1   cache=N lat=    0.004ms cycles≈4428
[pim-debug] op#02 op=QK       norm=score      sh=0  dim=4096  heads=16  hd=128 q_dim=2048  kv_heads=16  kv_dim=2048  o_dim=2048  ffn_dim=5504   seqlen=1026   qlen=1   cache=N lat=    0.005ms cycles≈5424
[pim-debug] op#03 op=Softmax  norm=softmax    sh=0  dim=4096  heads=16  hd=128 q_dim=2048  kv_heads=16  kv_dim=2048  o_dim=2048  ffn_dim=5504   seqlen=1026   qlen=1   cache=N lat=    0.004ms cycles≈4057
[pim-debug] op#04 op=SV       norm=output     sh=0  dim=4096  heads=16  hd=128 q_dim=2048  kv_heads=16  kv_dim=2048  o_dim=2048  ffn_dim=5504   seqlen=1026   qlen=1   cache=N lat=    0.004ms cycles≈3698
[pim-debug] op#05 op=O        norm=wo_proj    sh=0  dim=4096  heads=16  hd=128 q_dim=2048  kv_heads=16  kv_dim=2048  o_dim=2048  ffn_dim=5504   seqlen=1026   qlen=1   cache=N lat=    0.004ms cycles≈4062
[pim-debug] op#06 op=Add      norm=residual   sh=-1 dim=4096  heads=32  hd=128 q_dim=4096  kv_heads=32  kv_dim=4096  o_dim=4096  ffn_dim=11008  seqlen=1026   qlen=1   cache=N lat=    0.000ms cycles≈3
[pim-debug] op#07 op=LN       norm=rmsnorm    sh=-1 dim=4096  heads=32  hd=128 q_dim=4096  kv_heads=32  kv_dim=4096  o_dim=4096  ffn_dim=11008  seqlen=1026   qlen=1   cache=N lat=    0.001ms cycles≈1314
[pim-debug] op#08 op=FFN_W3   norm=ffn_up     sh=1  dim=4096  heads=16  hd=128 q_dim=2048  kv_heads=16  kv_dim=2048  o_dim=2048  ffn_dim=5504   seqlen=1026   qlen=1   cache=N lat=    0.011ms cycles≈10896
[pim-debug] op#09 op=SwiGLU   norm=silu       sh=1  dim=4096  heads=16  hd=128 q_dim=2048  kv_heads=16  kv_dim=2048  o_dim=2048  ffn_dim=5504   seqlen=1026   qlen=1   cache=N lat=    0.001ms cycles≈503
[pim-debug] op#10 op=FFN_W2   norm=ffn_down   sh=1  dim=4096  heads=16  hd=128 q_dim=2048  kv_heads=16  kv_dim=2048  o_dim=2048  ffn_dim=5504   seqlen=1026   qlen=1   cache=N lat=    0.011ms cycles≈11466
[pim-debug] op#11 op=Add      norm=residual   sh=-1 dim=4096  heads=32  hd=128 q_dim=4096  kv_heads=32  kv_dim=4096  o_dim=4096  ffn_dim=11008  seqlen=1026   qlen=1   cache=N lat=    0.000ms cycles≈3
[pim-debug] segment total latency: 0.047 ms
========================================================================================
[pim-debug] segment_key=pim|decode|1|2979af7f7f4226124a70d0335e494479
[pim-debug] sig: device_type=pim phase=decode step=1 (count_hint=2)
[pim-debug] ops_repr: Q:1,QK:1,Softmax:1,SV:1,O:1,FFN_W3:0,SwiGLU:1,SwiGLU:0,FFN_W2:0
[pim-debug] cfg: shard_policy='fine' shards=2 dim=4096 ffn_dim=11008 n_heads=32 n_kv_heads=auto->n_heads
[pim-debug] pim_config=/lustre/home/2501111916/workspace/XPUPIM_0226_gpupim_parameter/TriForm/algorithms/aim_simulator/PIM_AiM.json
[pim-debug] ramulator_config=/lustre/home/2501111916/workspace/XPUPIM_0226_gpupim_parameter/TriForm/algorithms/aim_simulator/example.yaml
[pim-debug] cost_model config.PIM_FREQ_GHZ=1.0
[pim-debug] op plan (logical shapes inferred from schedule cfg):
  - op#00  op=Q        shard=1   x=[1x4096] + w=[2048x4096]  ->  y=[1x2048]  (T=1, K=1026)
  - op#01  op=QK       shard=1   q=[16x1x128] + k=[16x128x1026]  ->  y=[16x1x1026]  (T=1, K=1026)
  - op#02  op=Softmax  shard=1   scores=[16x1x1026]  ->  y=[16x1x1026]  (T=1, K=1026)
  - op#03  op=SV       shard=1   p=[16x1x1026] + v=[16x1026x128]  ->  y=[16x1x128]  (T=1, K=1026)
  - op#04  op=O        shard=1   x=[1x2048] + w=[4096x2048]  ->  y=[1x4096]  (T=1, K=1026)
  - op#05  op=FFN_W3   shard=0   x=[1x4096] + w=[5504x4096]  ->  y=[1x5504]  (T=1, K=1026)
  - op#06  op=SwiGLU   shard=1   a=[1x5504] + b=[1x5504]  ->  y=[1x5504]  (T=1, K=1026)
  - op#07  op=SwiGLU   shard=0   a=[1x5504] + b=[1x5504]  ->  y=[1x5504]  (T=1, K=1026)
  - op#08  op=FFN_W2   shard=0   x=[1x5504] + w=[4096x5504]  ->  y=[1x4096]  (T=1, K=1026)
[pim-debug] NOTE: CENT(AiM) trace backend internally uses x shape (1,1,dim) and handles prefill by repeating ops;
           the table below shows the *effective parameters* passed into cost_model_pim_backend for each op.
[pim-debug] op#00 op=Q        norm=q_proj     sh=1  dim=4096  heads=16  hd=128 q_dim=2048  kv_heads=16  kv_dim=2048  o_dim=2048  ffn_dim=5504   seqlen=1026   qlen=1   cache=N lat=    0.004ms cycles≈4428
[pim-debug] op#01 op=QK       norm=score      sh=1  dim=4096  heads=16  hd=128 q_dim=2048  kv_heads=16  kv_dim=2048  o_dim=2048  ffn_dim=5504   seqlen=1026   qlen=1   cache=N lat=    0.005ms cycles≈5424
[pim-debug] op#02 op=Softmax  norm=softmax    sh=1  dim=4096  heads=16  hd=128 q_dim=2048  kv_heads=16  kv_dim=2048  o_dim=2048  ffn_dim=5504   seqlen=1026   qlen=1   cache=N lat=    0.004ms cycles≈4057
[pim-debug] op#03 op=SV       norm=output     sh=1  dim=4096  heads=16  hd=128 q_dim=2048  kv_heads=16  kv_dim=2048  o_dim=2048  ffn_dim=5504   seqlen=1026   qlen=1   cache=N lat=    0.004ms cycles≈3698
[pim-debug] op#04 op=O        norm=wo_proj    sh=1  dim=4096  heads=16  hd=128 q_dim=2048  kv_heads=16  kv_dim=2048  o_dim=2048  ffn_dim=5504   seqlen=1026   qlen=1   cache=N lat=    0.004ms cycles≈4062
[pim-debug] op#05 op=FFN_W3   norm=ffn_up     sh=0  dim=4096  heads=16  hd=128 q_dim=2048  kv_heads=16  kv_dim=2048  o_dim=2048  ffn_dim=5504   seqlen=1026   qlen=1   cache=N lat=    0.011ms cycles≈10896
[pim-debug] op#06 op=SwiGLU   norm=silu       sh=1  dim=4096  heads=16  hd=128 q_dim=2048  kv_heads=16  kv_dim=2048  o_dim=2048  ffn_dim=5504   seqlen=1026   qlen=1   cache=N lat=    0.001ms cycles≈503
[pim-debug] op#07 op=SwiGLU   norm=silu       sh=0  dim=4096  heads=16  hd=128 q_dim=2048  kv_heads=16  kv_dim=2048  o_dim=2048  ffn_dim=5504   seqlen=1026   qlen=1   cache=N lat=    0.001ms cycles≈503
[pim-debug] op#08 op=FFN_W2   norm=ffn_down   sh=0  dim=4096  heads=16  hd=128 q_dim=2048  kv_heads=16  kv_dim=2048  o_dim=2048  ffn_dim=5504   seqlen=1026   qlen=1   cache=N lat=    0.011ms cycles≈11466
[pim-debug] segment total latency: 0.045 ms
========================================================================================
[pim-debug] segment_key=pim|decode|1|2cb0316405290a10aae3c08cc28941d2
[pim-debug] sig: device_type=pim phase=decode step=1 (count_hint=1)
[pim-debug] ops_repr: Q:1,QK:1,Softmax:1,SV:1,O:1,FFN_W3:0,FFN_W2:0
[pim-debug] cfg: shard_policy='fine' shards=2 dim=4096 ffn_dim=11008 n_heads=32 n_kv_heads=auto->n_heads
[pim-debug] pim_config=/lustre/home/2501111916/workspace/XPUPIM_0226_gpupim_parameter/TriForm/algorithms/aim_simulator/PIM_AiM.json
[pim-debug] ramulator_config=/lustre/home/2501111916/workspace/XPUPIM_0226_gpupim_parameter/TriForm/algorithms/aim_simulator/example.yaml
[pim-debug] cost_model config.PIM_FREQ_GHZ=1.0
[pim-debug] op plan (logical shapes inferred from schedule cfg):
  - op#00  op=Q        shard=1   x=[1x4096] + w=[2048x4096]  ->  y=[1x2048]  (T=1, K=1026)
  - op#01  op=QK       shard=1   q=[16x1x128] + k=[16x128x1026]  ->  y=[16x1x1026]  (T=1, K=1026)
  - op#02  op=Softmax  shard=1   scores=[16x1x1026]  ->  y=[16x1x1026]  (T=1, K=1026)
  - op#03  op=SV       shard=1   p=[16x1x1026] + v=[16x1026x128]  ->  y=[16x1x128]  (T=1, K=1026)
  - op#04  op=O        shard=1   x=[1x2048] + w=[4096x2048]  ->  y=[1x4096]  (T=1, K=1026)
  - op#05  op=FFN_W3   shard=0   x=[1x4096] + w=[5504x4096]  ->  y=[1x5504]  (T=1, K=1026)
  - op#06  op=FFN_W2   shard=0   x=[1x5504] + w=[4096x5504]  ->  y=[1x4096]  (T=1, K=1026)
[pim-debug] NOTE: CENT(AiM) trace backend internally uses x shape (1,1,dim) and handles prefill by repeating ops;
           the table below shows the *effective parameters* passed into cost_model_pim_backend for each op.
[pim-debug] op#00 op=Q        norm=q_proj     sh=1  dim=4096  heads=16  hd=128 q_dim=2048  kv_heads=16  kv_dim=2048  o_dim=2048  ffn_dim=5504   seqlen=1026   qlen=1   cache=N lat=    0.004ms cycles≈4428
[pim-debug] op#01 op=QK       norm=score      sh=1  dim=4096  heads=16  hd=128 q_dim=2048  kv_heads=16  kv_dim=2048  o_dim=2048  ffn_dim=5504   seqlen=1026   qlen=1   cache=N lat=    0.005ms cycles≈5424
[pim-debug] op#02 op=Softmax  norm=softmax    sh=1  dim=4096  heads=16  hd=128 q_dim=2048  kv_heads=16  kv_dim=2048  o_dim=2048  ffn_dim=5504   seqlen=1026   qlen=1   cache=N lat=    0.004ms cycles≈4057
[pim-debug] op#03 op=SV       norm=output     sh=1  dim=4096  heads=16  hd=128 q_dim=2048  kv_heads=16  kv_dim=2048  o_dim=2048  ffn_dim=5504   seqlen=1026   qlen=1   cache=N lat=    0.004ms cycles≈3698
[pim-debug] op#04 op=O        norm=wo_proj    sh=1  dim=4096  heads=16  hd=128 q_dim=2048  kv_heads=16  kv_dim=2048  o_dim=2048  ffn_dim=5504   seqlen=1026   qlen=1   cache=N lat=    0.004ms cycles≈4062
[pim-debug] op#05 op=FFN_W3   norm=ffn_up     sh=0  dim=4096  heads=16  hd=128 q_dim=2048  kv_heads=16  kv_dim=2048  o_dim=2048  ffn_dim=5504   seqlen=1026   qlen=1   cache=N lat=    0.011ms cycles≈10896
[pim-debug] op#06 op=FFN_W2   norm=ffn_down   sh=0  dim=4096  heads=16  hd=128 q_dim=2048  kv_heads=16  kv_dim=2048  o_dim=2048  ffn_dim=5504   seqlen=1026   qlen=1   cache=N lat=    0.011ms cycles≈11466
[pim-debug] segment total latency: 0.044 ms
========================================================================================
[pim-debug] segment_key=pim|decode|1|333b6a01eb4df549ae60c2bc3831f26c
[pim-debug] sig: device_type=pim phase=decode step=1 (count_hint=1)
[pim-debug] ops_repr: LN:-1,Q:0,QK:0,O:1,SV:0,Add:-1,LN:-1,FFN_W3:0,SwiGLU:0,FFN_W2:0,SwiGLU:1,Add:-1
[pim-debug] cfg: shard_policy='fine' shards=2 dim=4096 ffn_dim=11008 n_heads=32 n_kv_heads=auto->n_heads
[pim-debug] pim_config=/lustre/home/2501111916/workspace/XPUPIM_0226_gpupim_parameter/TriForm/algorithms/aim_simulator/PIM_AiM.json
[pim-debug] ramulator_config=/lustre/home/2501111916/workspace/XPUPIM_0226_gpupim_parameter/TriForm/algorithms/aim_simulator/example.yaml
[pim-debug] cost_model config.PIM_FREQ_GHZ=1.0
[pim-debug] op plan (logical shapes inferred from schedule cfg):
  - op#00  op=LN       shard=-1  x=[1x4096] + w=[4096]  ->  y=[1x4096]  (T=1, K=1026)
  - op#01  op=Q        shard=0   x=[1x4096] + w=[2048x4096]  ->  y=[1x2048]  (T=1, K=1026)
  - op#02  op=QK       shard=0   q=[16x1x128] + k=[16x128x1026]  ->  y=[16x1x1026]  (T=1, K=1026)
  - op#03  op=O        shard=1   x=[1x2048] + w=[4096x2048]  ->  y=[1x4096]  (T=1, K=1026)
  - op#04  op=SV       shard=0   p=[16x1x1026] + v=[16x1026x128]  ->  y=[16x1x128]  (T=1, K=1026)
  - op#05  op=Add      shard=-1  a=[1x4096] + b=[1x4096]  ->  y=[1x4096]  (T=1, K=1026)
  - op#06  op=LN       shard=-1  x=[1x4096] + w=[4096]  ->  y=[1x4096]  (T=1, K=1026)
  - op#07  op=FFN_W3   shard=0   x=[1x4096] + w=[5504x4096]  ->  y=[1x5504]  (T=1, K=1026)
  - op#08  op=SwiGLU   shard=0   a=[1x5504] + b=[1x5504]  ->  y=[1x5504]  (T=1, K=1026)
  - op#09  op=FFN_W2   shard=0   x=[1x5504] + w=[4096x5504]  ->  y=[1x4096]  (T=1, K=1026)
  - op#10  op=SwiGLU   shard=1   a=[1x5504] + b=[1x5504]  ->  y=[1x5504]  (T=1, K=1026)
  - op#11  op=Add      shard=-1  a=[1x4096] + b=[1x4096]  ->  y=[1x4096]  (T=1, K=1026)
[pim-debug] NOTE: CENT(AiM) trace backend internally uses x shape (1,1,dim) and handles prefill by repeating ops;
           the table below shows the *effective parameters* passed into cost_model_pim_backend for each op.
[pim-debug] op#00 op=LN       norm=rmsnorm    sh=-1 dim=4096  heads=32  hd=128 q_dim=4096  kv_heads=32  kv_dim=4096  o_dim=4096  ffn_dim=11008  seqlen=1026   qlen=1   cache=N lat=    0.001ms cycles≈1314
[pim-debug] op#01 op=Q        norm=q_proj     sh=0  dim=4096  heads=16  hd=128 q_dim=2048  kv_heads=16  kv_dim=2048  o_dim=2048  ffn_dim=5504   seqlen=1026   qlen=1   cache=N lat=    0.004ms cycles≈4428
[pim-debug] op#02 op=QK       norm=score      sh=0  dim=4096  heads=16  hd=128 q_dim=2048  kv_heads=16  kv_dim=2048  o_dim=2048  ffn_dim=5504   seqlen=1026   qlen=1   cache=N lat=    0.005ms cycles≈5424
[pim-debug] op#03 op=O        norm=wo_proj    sh=1  dim=4096  heads=16  hd=128 q_dim=2048  kv_heads=16  kv_dim=2048  o_dim=2048  ffn_dim=5504   seqlen=1026   qlen=1   cache=N lat=    0.004ms cycles≈4062
[pim-debug] op#04 op=SV       norm=output     sh=0  dim=4096  heads=16  hd=128 q_dim=2048  kv_heads=16  kv_dim=2048  o_dim=2048  ffn_dim=5504   seqlen=1026   qlen=1   cache=N lat=    0.004ms cycles≈3698
[pim-debug] op#05 op=Add      norm=residual   sh=-1 dim=4096  heads=32  hd=128 q_dim=4096  kv_heads=32  kv_dim=4096  o_dim=4096  ffn_dim=11008  seqlen=1026   qlen=1   cache=N lat=    0.000ms cycles≈3
[pim-debug] op#06 op=LN       norm=rmsnorm    sh=-1 dim=4096  heads=32  hd=128 q_dim=4096  kv_heads=32  kv_dim=4096  o_dim=4096  ffn_dim=11008  seqlen=1026   qlen=1   cache=N lat=    0.001ms cycles≈1314
[pim-debug] op#07 op=FFN_W3   norm=ffn_up     sh=0  dim=4096  heads=16  hd=128 q_dim=2048  kv_heads=16  kv_dim=2048  o_dim=2048  ffn_dim=5504   seqlen=1026   qlen=1   cache=N lat=    0.011ms cycles≈10896
[pim-debug] op#08 op=SwiGLU   norm=silu       sh=0  dim=4096  heads=16  hd=128 q_dim=2048  kv_heads=16  kv_dim=2048  o_dim=2048  ffn_dim=5504   seqlen=1026   qlen=1   cache=N lat=    0.001ms cycles≈503
[pim-debug] op#09 op=FFN_W2   norm=ffn_down   sh=0  dim=4096  heads=16  hd=128 q_dim=2048  kv_heads=16  kv_dim=2048  o_dim=2048  ffn_dim=5504   seqlen=1026   qlen=1   cache=N lat=    0.011ms cycles≈11466
[pim-debug] op#10 op=SwiGLU   norm=silu       sh=1  dim=4096  heads=16  hd=128 q_dim=2048  kv_heads=16  kv_dim=2048  o_dim=2048  ffn_dim=5504   seqlen=1026   qlen=1   cache=N lat=    0.001ms cycles≈503
[pim-debug] op#11 op=Add      norm=residual   sh=-1 dim=4096  heads=32  hd=128 q_dim=4096  kv_heads=32  kv_dim=4096  o_dim=4096  ffn_dim=11008  seqlen=1026   qlen=1   cache=N lat=    0.000ms cycles≈3
[pim-debug] segment total latency: 0.044 ms
========================================================================================
[pim-debug] segment_key=pim|decode|1|3bbfc050ac30db5d77f18cc2684f9dc0
[pim-debug] sig: device_type=pim phase=decode step=1 (count_hint=1)
[pim-debug] ops_repr: LN:-1,Q:0,QK:0,Softmax:0,SV:0,O:0,Add:-1,LN:-1,FFN_W3:0,SwiGLU:0,FFN_W2:0,SwiGLU:1,Add:-1
[pim-debug] cfg: shard_policy='fine' shards=2 dim=4096 ffn_dim=11008 n_heads=32 n_kv_heads=auto->n_heads
[pim-debug] pim_config=/lustre/home/2501111916/workspace/XPUPIM_0226_gpupim_parameter/TriForm/algorithms/aim_simulator/PIM_AiM.json
[pim-debug] ramulator_config=/lustre/home/2501111916/workspace/XPUPIM_0226_gpupim_parameter/TriForm/algorithms/aim_simulator/example.yaml
[pim-debug] cost_model config.PIM_FREQ_GHZ=1.0
[pim-debug] op plan (logical shapes inferred from schedule cfg):
  - op#00  op=LN       shard=-1  x=[1x4096] + w=[4096]  ->  y=[1x4096]  (T=1, K=1026)
  - op#01  op=Q        shard=0   x=[1x4096] + w=[2048x4096]  ->  y=[1x2048]  (T=1, K=1026)
  - op#02  op=QK       shard=0   q=[16x1x128] + k=[16x128x1026]  ->  y=[16x1x1026]  (T=1, K=1026)
  - op#03  op=Softmax  shard=0   scores=[16x1x1026]  ->  y=[16x1x1026]  (T=1, K=1026)
  - op#04  op=SV       shard=0   p=[16x1x1026] + v=[16x1026x128]  ->  y=[16x1x128]  (T=1, K=1026)
  - op#05  op=O        shard=0   x=[1x2048] + w=[4096x2048]  ->  y=[1x4096]  (T=1, K=1026)
  - op#06  op=Add      shard=-1  a=[1x4096] + b=[1x4096]  ->  y=[1x4096]  (T=1, K=1026)
  - op#07  op=LN       shard=-1  x=[1x4096] + w=[4096]  ->  y=[1x4096]  (T=1, K=1026)
  - op#08  op=FFN_W3   shard=0   x=[1x4096] + w=[5504x4096]  ->  y=[1x5504]  (T=1, K=1026)
  - op#09  op=SwiGLU   shard=0   a=[1x5504] + b=[1x5504]  ->  y=[1x5504]  (T=1, K=1026)
  - op#10  op=FFN_W2   shard=0   x=[1x5504] + w=[4096x5504]  ->  y=[1x4096]  (T=1, K=1026)
  - op#11  op=SwiGLU   shard=1   a=[1x5504] + b=[1x5504]  ->  y=[1x5504]  (T=1, K=1026)
  - op#12  op=Add      shard=-1  a=[1x4096] + b=[1x4096]  ->  y=[1x4096]  (T=1, K=1026)
[pim-debug] NOTE: CENT(AiM) trace backend internally uses x shape (1,1,dim) and handles prefill by repeating ops;
           the table below shows the *effective parameters* passed into cost_model_pim_backend for each op.
[pim-debug] op#00 op=LN       norm=rmsnorm    sh=-1 dim=4096  heads=32  hd=128 q_dim=4096  kv_heads=32  kv_dim=4096  o_dim=4096  ffn_dim=11008  seqlen=1026   qlen=1   cache=N lat=    0.001ms cycles≈1314
[pim-debug] op#01 op=Q        norm=q_proj     sh=0  dim=4096  heads=16  hd=128 q_dim=2048  kv_heads=16  kv_dim=2048  o_dim=2048  ffn_dim=5504   seqlen=1026   qlen=1   cache=N lat=    0.004ms cycles≈4428
[pim-debug] op#02 op=QK       norm=score      sh=0  dim=4096  heads=16  hd=128 q_dim=2048  kv_heads=16  kv_dim=2048  o_dim=2048  ffn_dim=5504   seqlen=1026   qlen=1   cache=N lat=    0.005ms cycles≈5424
[pim-debug] op#03 op=Softmax  norm=softmax    sh=0  dim=4096  heads=16  hd=128 q_dim=2048  kv_heads=16  kv_dim=2048  o_dim=2048  ffn_dim=5504   seqlen=1026   qlen=1   cache=N lat=    0.004ms cycles≈4057
[pim-debug] op#04 op=SV       norm=output     sh=0  dim=4096  heads=16  hd=128 q_dim=2048  kv_heads=16  kv_dim=2048  o_dim=2048  ffn_dim=5504   seqlen=1026   qlen=1   cache=N lat=    0.004ms cycles≈3698
[pim-debug] op#05 op=O        norm=wo_proj    sh=0  dim=4096  heads=16  hd=128 q_dim=2048  kv_heads=16  kv_dim=2048  o_dim=2048  ffn_dim=5504   seqlen=1026   qlen=1   cache=N lat=    0.004ms cycles≈4062
[pim-debug] op#06 op=Add      norm=residual   sh=-1 dim=4096  heads=32  hd=128 q_dim=4096  kv_heads=32  kv_dim=4096  o_dim=4096  ffn_dim=11008  seqlen=1026   qlen=1   cache=N lat=    0.000ms cycles≈3
[pim-debug] op#07 op=LN       norm=rmsnorm    sh=-1 dim=4096  heads=32  hd=128 q_dim=4096  kv_heads=32  kv_dim=4096  o_dim=4096  ffn_dim=11008  seqlen=1026   qlen=1   cache=N lat=    0.001ms cycles≈1314
[pim-debug] op#08 op=FFN_W3   norm=ffn_up     sh=0  dim=4096  heads=16  hd=128 q_dim=2048  kv_heads=16  kv_dim=2048  o_dim=2048  ffn_dim=5504   seqlen=1026   qlen=1   cache=N lat=    0.011ms cycles≈10896
[pim-debug] op#09 op=SwiGLU   norm=silu       sh=0  dim=4096  heads=16  hd=128 q_dim=2048  kv_heads=16  kv_dim=2048  o_dim=2048  ffn_dim=5504   seqlen=1026   qlen=1   cache=N lat=    0.001ms cycles≈503
[pim-debug] op#10 op=FFN_W2   norm=ffn_down   sh=0  dim=4096  heads=16  hd=128 q_dim=2048  kv_heads=16  kv_dim=2048  o_dim=2048  ffn_dim=5504   seqlen=1026   qlen=1   cache=N lat=    0.011ms cycles≈11466
[pim-debug] op#11 op=SwiGLU   norm=silu       sh=1  dim=4096  heads=16  hd=128 q_dim=2048  kv_heads=16  kv_dim=2048  o_dim=2048  ffn_dim=5504   seqlen=1026   qlen=1   cache=N lat=    0.001ms cycles≈503
[pim-debug] op#12 op=Add      norm=residual   sh=-1 dim=4096  heads=32  hd=128 q_dim=4096  kv_heads=32  kv_dim=4096  o_dim=4096  ffn_dim=11008  seqlen=1026   qlen=1   cache=N lat=    0.000ms cycles≈3
[pim-debug] segment total latency: 0.048 ms
========================================================================================
[pim-debug] segment_key=pim|decode|1|44bcf5e30dbdece8ffda5f3ba3da5d6b
[pim-debug] sig: device_type=pim phase=decode step=1 (count_hint=1)
[pim-debug] ops_repr: LN:-1,Q:0,QK:0,O:1,SV:0,Add:-1,LN:-1,FFN_W3:0,FFN_W2:0
[pim-debug] cfg: shard_policy='fine' shards=2 dim=4096 ffn_dim=11008 n_heads=32 n_kv_heads=auto->n_heads
[pim-debug] pim_config=/lustre/home/2501111916/workspace/XPUPIM_0226_gpupim_parameter/TriForm/algorithms/aim_simulator/PIM_AiM.json
[pim-debug] ramulator_config=/lustre/home/2501111916/workspace/XPUPIM_0226_gpupim_parameter/TriForm/algorithms/aim_simulator/example.yaml
[pim-debug] cost_model config.PIM_FREQ_GHZ=1.0
[pim-debug] op plan (logical shapes inferred from schedule cfg):
  - op#00  op=LN       shard=-1  x=[1x4096] + w=[4096]  ->  y=[1x4096]  (T=1, K=1026)
  - op#01  op=Q        shard=0   x=[1x4096] + w=[2048x4096]  ->  y=[1x2048]  (T=1, K=1026)
  - op#02  op=QK       shard=0   q=[16x1x128] + k=[16x128x1026]  ->  y=[16x1x1026]  (T=1, K=1026)
  - op#03  op=O        shard=1   x=[1x2048] + w=[4096x2048]  ->  y=[1x4096]  (T=1, K=1026)
  - op#04  op=SV       shard=0   p=[16x1x1026] + v=[16x1026x128]  ->  y=[16x1x128]  (T=1, K=1026)
  - op#05  op=Add      shard=-1  a=[1x4096] + b=[1x4096]  ->  y=[1x4096]  (T=1, K=1026)
  - op#06  op=LN       shard=-1  x=[1x4096] + w=[4096]  ->  y=[1x4096]  (T=1, K=1026)
  - op#07  op=FFN_W3   shard=0   x=[1x4096] + w=[5504x4096]  ->  y=[1x5504]  (T=1, K=1026)
  - op#08  op=FFN_W2   shard=0   x=[1x5504] + w=[4096x5504]  ->  y=[1x4096]  (T=1, K=1026)
[pim-debug] NOTE: CENT(AiM) trace backend internally uses x shape (1,1,dim) and handles prefill by repeating ops;
           the table below shows the *effective parameters* passed into cost_model_pim_backend for each op.
[pim-debug] op#00 op=LN       norm=rmsnorm    sh=-1 dim=4096  heads=32  hd=128 q_dim=4096  kv_heads=32  kv_dim=4096  o_dim=4096  ffn_dim=11008  seqlen=1026   qlen=1   cache=N lat=    0.001ms cycles≈1314
[pim-debug] op#01 op=Q        norm=q_proj     sh=0  dim=4096  heads=16  hd=128 q_dim=2048  kv_heads=16  kv_dim=2048  o_dim=2048  ffn_dim=5504   seqlen=1026   qlen=1   cache=N lat=    0.004ms cycles≈4428
[pim-debug] op#02 op=QK       norm=score      sh=0  dim=4096  heads=16  hd=128 q_dim=2048  kv_heads=16  kv_dim=2048  o_dim=2048  ffn_dim=5504   seqlen=1026   qlen=1   cache=N lat=    0.005ms cycles≈5424
[pim-debug] op#03 op=O        norm=wo_proj    sh=1  dim=4096  heads=16  hd=128 q_dim=2048  kv_heads=16  kv_dim=2048  o_dim=2048  ffn_dim=5504   seqlen=1026   qlen=1   cache=N lat=    0.004ms cycles≈4062
[pim-debug] op#04 op=SV       norm=output     sh=0  dim=4096  heads=16  hd=128 q_dim=2048  kv_heads=16  kv_dim=2048  o_dim=2048  ffn_dim=5504   seqlen=1026   qlen=1   cache=N lat=    0.004ms cycles≈3698
[pim-debug] op#05 op=Add      norm=residual   sh=-1 dim=4096  heads=32  hd=128 q_dim=4096  kv_heads=32  kv_dim=4096  o_dim=4096  ffn_dim=11008  seqlen=1026   qlen=1   cache=N lat=    0.000ms cycles≈3
[pim-debug] op#06 op=LN       norm=rmsnorm    sh=-1 dim=4096  heads=32  hd=128 q_dim=4096  kv_heads=32  kv_dim=4096  o_dim=4096  ffn_dim=11008  seqlen=1026   qlen=1   cache=N lat=    0.001ms cycles≈1314
[pim-debug] op#07 op=FFN_W3   norm=ffn_up     sh=0  dim=4096  heads=16  hd=128 q_dim=2048  kv_heads=16  kv_dim=2048  o_dim=2048  ffn_dim=5504   seqlen=1026   qlen=1   cache=N lat=    0.011ms cycles≈10896
[pim-debug] op#08 op=FFN_W2   norm=ffn_down   sh=0  dim=4096  heads=16  hd=128 q_dim=2048  kv_heads=16  kv_dim=2048  o_dim=2048  ffn_dim=5504   seqlen=1026   qlen=1   cache=N lat=    0.011ms cycles≈11466
[pim-debug] segment total latency: 0.043 ms
========================================================================================
[pim-debug] segment_key=pim|decode|1|4ab03b6240bb93902b9a8ed9b70be63f
[pim-debug] sig: device_type=pim phase=decode step=1 (count_hint=1)
[pim-debug] ops_repr: Q:1,QK:1,Softmax:1,SV:1,O:1,FFN_W3:0,SwiGLU:0,FFN_W2:0
[pim-debug] cfg: shard_policy='fine' shards=2 dim=4096 ffn_dim=11008 n_heads=32 n_kv_heads=auto->n_heads
[pim-debug] pim_config=/lustre/home/2501111916/workspace/XPUPIM_0226_gpupim_parameter/TriForm/algorithms/aim_simulator/PIM_AiM.json
[pim-debug] ramulator_config=/lustre/home/2501111916/workspace/XPUPIM_0226_gpupim_parameter/TriForm/algorithms/aim_simulator/example.yaml
[pim-debug] cost_model config.PIM_FREQ_GHZ=1.0
[pim-debug] op plan (logical shapes inferred from schedule cfg):
  - op#00  op=Q        shard=1   x=[1x4096] + w=[2048x4096]  ->  y=[1x2048]  (T=1, K=1026)
  - op#01  op=QK       shard=1   q=[16x1x128] + k=[16x128x1026]  ->  y=[16x1x1026]  (T=1, K=1026)
  - op#02  op=Softmax  shard=1   scores=[16x1x1026]  ->  y=[16x1x1026]  (T=1, K=1026)
  - op#03  op=SV       shard=1   p=[16x1x1026] + v=[16x1026x128]  ->  y=[16x1x128]  (T=1, K=1026)
  - op#04  op=O        shard=1   x=[1x2048] + w=[4096x2048]  ->  y=[1x4096]  (T=1, K=1026)
  - op#05  op=FFN_W3   shard=0   x=[1x4096] + w=[5504x4096]  ->  y=[1x5504]  (T=1, K=1026)
  - op#06  op=SwiGLU   shard=0   a=[1x5504] + b=[1x5504]  ->  y=[1x5504]  (T=1, K=1026)
  - op#07  op=FFN_W2   shard=0   x=[1x5504] + w=[4096x5504]  ->  y=[1x4096]  (T=1, K=1026)
[pim-debug] NOTE: CENT(AiM) trace backend internally uses x shape (1,1,dim) and handles prefill by repeating ops;
           the table below shows the *effective parameters* passed into cost_model_pim_backend for each op.
[pim-debug] op#00 op=Q        norm=q_proj     sh=1  dim=4096  heads=16  hd=128 q_dim=2048  kv_heads=16  kv_dim=2048  o_dim=2048  ffn_dim=5504   seqlen=1026   qlen=1   cache=N lat=    0.004ms cycles≈4428
[pim-debug] op#01 op=QK       norm=score      sh=1  dim=4096  heads=16  hd=128 q_dim=2048  kv_heads=16  kv_dim=2048  o_dim=2048  ffn_dim=5504   seqlen=1026   qlen=1   cache=N lat=    0.005ms cycles≈5424
[pim-debug] op#02 op=Softmax  norm=softmax    sh=1  dim=4096  heads=16  hd=128 q_dim=2048  kv_heads=16  kv_dim=2048  o_dim=2048  ffn_dim=5504   seqlen=1026   qlen=1   cache=N lat=    0.004ms cycles≈4057
[pim-debug] op#03 op=SV       norm=output     sh=1  dim=4096  heads=16  hd=128 q_dim=2048  kv_heads=16  kv_dim=2048  o_dim=2048  ffn_dim=5504   seqlen=1026   qlen=1   cache=N lat=    0.004ms cycles≈3698
[pim-debug] op#04 op=O        norm=wo_proj    sh=1  dim=4096  heads=16  hd=128 q_dim=2048  kv_heads=16  kv_dim=2048  o_dim=2048  ffn_dim=5504   seqlen=1026   qlen=1   cache=N lat=    0.004ms cycles≈4062
[pim-debug] op#05 op=FFN_W3   norm=ffn_up     sh=0  dim=4096  heads=16  hd=128 q_dim=2048  kv_heads=16  kv_dim=2048  o_dim=2048  ffn_dim=5504   seqlen=1026   qlen=1   cache=N lat=    0.011ms cycles≈10896
[pim-debug] op#06 op=SwiGLU   norm=silu       sh=0  dim=4096  heads=16  hd=128 q_dim=2048  kv_heads=16  kv_dim=2048  o_dim=2048  ffn_dim=5504   seqlen=1026   qlen=1   cache=N lat=    0.001ms cycles≈503
[pim-debug] op#07 op=FFN_W2   norm=ffn_down   sh=0  dim=4096  heads=16  hd=128 q_dim=2048  kv_heads=16  kv_dim=2048  o_dim=2048  ffn_dim=5504   seqlen=1026   qlen=1   cache=N lat=    0.011ms cycles≈11466
[pim-debug] segment total latency: 0.045 ms
========================================================================================
[pim-debug] segment_key=pim|decode|1|4f3f7c63af89ac3a2fd795feaa707571
[pim-debug] sig: device_type=pim phase=decode step=1 (count_hint=1)
[pim-debug] ops_repr: LN:-1,Q:1,QK:0,O:1,SV:0,Add:-1,LN:-1,FFN_W3:0,FFN_W2:0,SwiGLU:1,Add:-1
[pim-debug] cfg: shard_policy='fine' shards=2 dim=4096 ffn_dim=11008 n_heads=32 n_kv_heads=auto->n_heads
[pim-debug] pim_config=/lustre/home/2501111916/workspace/XPUPIM_0226_gpupim_parameter/TriForm/algorithms/aim_simulator/PIM_AiM.json
[pim-debug] ramulator_config=/lustre/home/2501111916/workspace/XPUPIM_0226_gpupim_parameter/TriForm/algorithms/aim_simulator/example.yaml
[pim-debug] cost_model config.PIM_FREQ_GHZ=1.0
[pim-debug] op plan (logical shapes inferred from schedule cfg):
  - op#00  op=LN       shard=-1  x=[1x4096] + w=[4096]  ->  y=[1x4096]  (T=1, K=1026)
  - op#01  op=Q        shard=1   x=[1x4096] + w=[2048x4096]  ->  y=[1x2048]  (T=1, K=1026)
  - op#02  op=QK       shard=0   q=[16x1x128] + k=[16x128x1026]  ->  y=[16x1x1026]  (T=1, K=1026)
  - op#03  op=O        shard=1   x=[1x2048] + w=[4096x2048]  ->  y=[1x4096]  (T=1, K=1026)
  - op#04  op=SV       shard=0   p=[16x1x1026] + v=[16x1026x128]  ->  y=[16x1x128]  (T=1, K=1026)
  - op#05  op=Add      shard=-1  a=[1x4096] + b=[1x4096]  ->  y=[1x4096]  (T=1, K=1026)
  - op#06  op=LN       shard=-1  x=[1x4096] + w=[4096]  ->  y=[1x4096]  (T=1, K=1026)
  - op#07  op=FFN_W3   shard=0   x=[1x4096] + w=[5504x4096]  ->  y=[1x5504]  (T=1, K=1026)
  - op#08  op=FFN_W2   shard=0   x=[1x5504] + w=[4096x5504]  ->  y=[1x4096]  (T=1, K=1026)
  - op#09  op=SwiGLU   shard=1   a=[1x5504] + b=[1x5504]  ->  y=[1x5504]  (T=1, K=1026)
  - op#10  op=Add      shard=-1  a=[1x4096] + b=[1x4096]  ->  y=[1x4096]  (T=1, K=1026)
[pim-debug] NOTE: CENT(AiM) trace backend internally uses x shape (1,1,dim) and handles prefill by repeating ops;
           the table below shows the *effective parameters* passed into cost_model_pim_backend for each op.
[pim-debug] op#00 op=LN       norm=rmsnorm    sh=-1 dim=4096  heads=32  hd=128 q_dim=4096  kv_heads=32  kv_dim=4096  o_dim=4096  ffn_dim=11008  seqlen=1026   qlen=1   cache=N lat=    0.001ms cycles≈1314
[pim-debug] op#01 op=Q        norm=q_proj     sh=1  dim=4096  heads=16  hd=128 q_dim=2048  kv_heads=16  kv_dim=2048  o_dim=2048  ffn_dim=5504   seqlen=1026   qlen=1   cache=N lat=    0.004ms cycles≈4428
[pim-debug] op#02 op=QK       norm=score      sh=0  dim=4096  heads=16  hd=128 q_dim=2048  kv_heads=16  kv_dim=2048  o_dim=2048  ffn_dim=5504   seqlen=1026   qlen=1   cache=N lat=    0.005ms cycles≈5424
[pim-debug] op#03 op=O        norm=wo_proj    sh=1  dim=4096  heads=16  hd=128 q_dim=2048  kv_heads=16  kv_dim=2048  o_dim=2048  ffn_dim=5504   seqlen=1026   qlen=1   cache=N lat=    0.004ms cycles≈4062
[pim-debug] op#04 op=SV       norm=output     sh=0  dim=4096  heads=16  hd=128 q_dim=2048  kv_heads=16  kv_dim=2048  o_dim=2048  ffn_dim=5504   seqlen=1026   qlen=1   cache=N lat=    0.004ms cycles≈3698
[pim-debug] op#05 op=Add      norm=residual   sh=-1 dim=4096  heads=32  hd=128 q_dim=4096  kv_heads=32  kv_dim=4096  o_dim=4096  ffn_dim=11008  seqlen=1026   qlen=1   cache=N lat=    0.000ms cycles≈3
[pim-debug] op#06 op=LN       norm=rmsnorm    sh=-1 dim=4096  heads=32  hd=128 q_dim=4096  kv_heads=32  kv_dim=4096  o_dim=4096  ffn_dim=11008  seqlen=1026   qlen=1   cache=N lat=    0.001ms cycles≈1314
[pim-debug] op#07 op=FFN_W3   norm=ffn_up     sh=0  dim=4096  heads=16  hd=128 q_dim=2048  kv_heads=16  kv_dim=2048  o_dim=2048  ffn_dim=5504   seqlen=1026   qlen=1   cache=N lat=    0.011ms cycles≈10896
[pim-debug] op#08 op=FFN_W2   norm=ffn_down   sh=0  dim=4096  heads=16  hd=128 q_dim=2048  kv_heads=16  kv_dim=2048  o_dim=2048  ffn_dim=5504   seqlen=1026   qlen=1   cache=N lat=    0.011ms cycles≈11466
[pim-debug] op#09 op=SwiGLU   norm=silu       sh=1  dim=4096  heads=16  hd=128 q_dim=2048  kv_heads=16  kv_dim=2048  o_dim=2048  ffn_dim=5504   seqlen=1026   qlen=1   cache=N lat=    0.001ms cycles≈503
[pim-debug] op#10 op=Add      norm=residual   sh=-1 dim=4096  heads=32  hd=128 q_dim=4096  kv_heads=32  kv_dim=4096  o_dim=4096  ffn_dim=11008  seqlen=1026   qlen=1   cache=N lat=    0.000ms cycles≈3
[pim-debug] segment total latency: 0.043 ms
========================================================================================
[pim-debug] segment_key=pim|decode|1|5038e048198972c1c255072a9e701683
[pim-debug] sig: device_type=pim phase=decode step=1 (count_hint=3)
[pim-debug] ops_repr: LN:-1,Q:0,QK:0,O:1,SV:0,Add:-1,LN:-1,FFN_W3:0,SwiGLU:0,FFN_W2:0,Add:-1
[pim-debug] cfg: shard_policy='fine' shards=2 dim=4096 ffn_dim=11008 n_heads=32 n_kv_heads=auto->n_heads
[pim-debug] pim_config=/lustre/home/2501111916/workspace/XPUPIM_0226_gpupim_parameter/TriForm/algorithms/aim_simulator/PIM_AiM.json
[pim-debug] ramulator_config=/lustre/home/2501111916/workspace/XPUPIM_0226_gpupim_parameter/TriForm/algorithms/aim_simulator/example.yaml
[pim-debug] cost_model config.PIM_FREQ_GHZ=1.0
[pim-debug] op plan (logical shapes inferred from schedule cfg):
  - op#00  op=LN       shard=-1  x=[1x4096] + w=[4096]  ->  y=[1x4096]  (T=1, K=1026)
  - op#01  op=Q        shard=0   x=[1x4096] + w=[2048x4096]  ->  y=[1x2048]  (T=1, K=1026)
  - op#02  op=QK       shard=0   q=[16x1x128] + k=[16x128x1026]  ->  y=[16x1x1026]  (T=1, K=1026)
  - op#03  op=O        shard=1   x=[1x2048] + w=[4096x2048]  ->  y=[1x4096]  (T=1, K=1026)
  - op#04  op=SV       shard=0   p=[16x1x1026] + v=[16x1026x128]  ->  y=[16x1x128]  (T=1, K=1026)
  - op#05  op=Add      shard=-1  a=[1x4096] + b=[1x4096]  ->  y=[1x4096]  (T=1, K=1026)
  - op#06  op=LN       shard=-1  x=[1x4096] + w=[4096]  ->  y=[1x4096]  (T=1, K=1026)
  - op#07  op=FFN_W3   shard=0   x=[1x4096] + w=[5504x4096]  ->  y=[1x5504]  (T=1, K=1026)
  - op#08  op=SwiGLU   shard=0   a=[1x5504] + b=[1x5504]  ->  y=[1x5504]  (T=1, K=1026)
  - op#09  op=FFN_W2   shard=0   x=[1x5504] + w=[4096x5504]  ->  y=[1x4096]  (T=1, K=1026)
  - op#10  op=Add      shard=-1  a=[1x4096] + b=[1x4096]  ->  y=[1x4096]  (T=1, K=1026)
[pim-debug] NOTE: CENT(AiM) trace backend internally uses x shape (1,1,dim) and handles prefill by repeating ops;
           the table below shows the *effective parameters* passed into cost_model_pim_backend for each op.
[pim-debug] op#00 op=LN       norm=rmsnorm    sh=-1 dim=4096  heads=32  hd=128 q_dim=4096  kv_heads=32  kv_dim=4096  o_dim=4096  ffn_dim=11008  seqlen=1026   qlen=1   cache=N lat=    0.001ms cycles≈1314
[pim-debug] op#01 op=Q        norm=q_proj     sh=0  dim=4096  heads=16  hd=128 q_dim=2048  kv_heads=16  kv_dim=2048  o_dim=2048  ffn_dim=5504   seqlen=1026   qlen=1   cache=N lat=    0.004ms cycles≈4428
[pim-debug] op#02 op=QK       norm=score      sh=0  dim=4096  heads=16  hd=128 q_dim=2048  kv_heads=16  kv_dim=2048  o_dim=2048  ffn_dim=5504   seqlen=1026   qlen=1   cache=N lat=    0.005ms cycles≈5424
[pim-debug] op#03 op=O        norm=wo_proj    sh=1  dim=4096  heads=16  hd=128 q_dim=2048  kv_heads=16  kv_dim=2048  o_dim=2048  ffn_dim=5504   seqlen=1026   qlen=1   cache=N lat=    0.004ms cycles≈4062
[pim-debug] op#04 op=SV       norm=output     sh=0  dim=4096  heads=16  hd=128 q_dim=2048  kv_heads=16  kv_dim=2048  o_dim=2048  ffn_dim=5504   seqlen=1026   qlen=1   cache=N lat=    0.004ms cycles≈3698
[pim-debug] op#05 op=Add      norm=residual   sh=-1 dim=4096  heads=32  hd=128 q_dim=4096  kv_heads=32  kv_dim=4096  o_dim=4096  ffn_dim=11008  seqlen=1026   qlen=1   cache=N lat=    0.000ms cycles≈3
[pim-debug] op#06 op=LN       norm=rmsnorm    sh=-1 dim=4096  heads=32  hd=128 q_dim=4096  kv_heads=32  kv_dim=4096  o_dim=4096  ffn_dim=11008  seqlen=1026   qlen=1   cache=N lat=    0.001ms cycles≈1314
[pim-debug] op#07 op=FFN_W3   norm=ffn_up     sh=0  dim=4096  heads=16  hd=128 q_dim=2048  kv_heads=16  kv_dim=2048  o_dim=2048  ffn_dim=5504   seqlen=1026   qlen=1   cache=N lat=    0.011ms cycles≈10896
[pim-debug] op#08 op=SwiGLU   norm=silu       sh=0  dim=4096  heads=16  hd=128 q_dim=2048  kv_heads=16  kv_dim=2048  o_dim=2048  ffn_dim=5504   seqlen=1026   qlen=1   cache=N lat=    0.001ms cycles≈503
[pim-debug] op#09 op=FFN_W2   norm=ffn_down   sh=0  dim=4096  heads=16  hd=128 q_dim=2048  kv_heads=16  kv_dim=2048  o_dim=2048  ffn_dim=5504   seqlen=1026   qlen=1   cache=N lat=    0.011ms cycles≈11466
[pim-debug] op#10 op=Add      norm=residual   sh=-1 dim=4096  heads=32  hd=128 q_dim=4096  kv_heads=32  kv_dim=4096  o_dim=4096  ffn_dim=11008  seqlen=1026   qlen=1   cache=N lat=    0.000ms cycles≈3
[pim-debug] segment total latency: 0.043 ms
========================================================================================
[pim-debug] segment_key=pim|decode|1|5134d03711e4f1a991f1d269be68cb2d
[pim-debug] sig: device_type=pim phase=decode step=1 (count_hint=3)
[pim-debug] ops_repr: Q:1,QK:1,SV:1,O:0,FFN_W3:1,SwiGLU:0,SwiGLU:1,FFN_W2:1
[pim-debug] cfg: shard_policy='fine' shards=2 dim=4096 ffn_dim=11008 n_heads=32 n_kv_heads=auto->n_heads
[pim-debug] pim_config=/lustre/home/2501111916/workspace/XPUPIM_0226_gpupim_parameter/TriForm/algorithms/aim_simulator/PIM_AiM.json
[pim-debug] ramulator_config=/lustre/home/2501111916/workspace/XPUPIM_0226_gpupim_parameter/TriForm/algorithms/aim_simulator/example.yaml
[pim-debug] cost_model config.PIM_FREQ_GHZ=1.0
[pim-debug] op plan (logical shapes inferred from schedule cfg):
  - op#00  op=Q        shard=1   x=[1x4096] + w=[2048x4096]  ->  y=[1x2048]  (T=1, K=1026)
  - op#01  op=QK       shard=1   q=[16x1x128] + k=[16x128x1026]  ->  y=[16x1x1026]  (T=1, K=1026)
  - op#02  op=SV       shard=1   p=[16x1x1026] + v=[16x1026x128]  ->  y=[16x1x128]  (T=1, K=1026)
  - op#03  op=O        shard=0   x=[1x2048] + w=[4096x2048]  ->  y=[1x4096]  (T=1, K=1026)
  - op#04  op=FFN_W3   shard=1   x=[1x4096] + w=[5504x4096]  ->  y=[1x5504]  (T=1, K=1026)
  - op#05  op=SwiGLU   shard=0   a=[1x5504] + b=[1x5504]  ->  y=[1x5504]  (T=1, K=1026)
  - op#06  op=SwiGLU   shard=1   a=[1x5504] + b=[1x5504]  ->  y=[1x5504]  (T=1, K=1026)
  - op#07  op=FFN_W2   shard=1   x=[1x5504] + w=[4096x5504]  ->  y=[1x4096]  (T=1, K=1026)
[pim-debug] NOTE: CENT(AiM) trace backend internally uses x shape (1,1,dim) and handles prefill by repeating ops;
           the table below shows the *effective parameters* passed into cost_model_pim_backend for each op.
[pim-debug] op#00 op=Q        norm=q_proj     sh=1  dim=4096  heads=16  hd=128 q_dim=2048  kv_heads=16  kv_dim=2048  o_dim=2048  ffn_dim=5504   seqlen=1026   qlen=1   cache=N lat=    0.004ms cycles≈4428
[pim-debug] op#01 op=QK       norm=score      sh=1  dim=4096  heads=16  hd=128 q_dim=2048  kv_heads=16  kv_dim=2048  o_dim=2048  ffn_dim=5504   seqlen=1026   qlen=1   cache=N lat=    0.005ms cycles≈5424
[pim-debug] op#02 op=SV       norm=output     sh=1  dim=4096  heads=16  hd=128 q_dim=2048  kv_heads=16  kv_dim=2048  o_dim=2048  ffn_dim=5504   seqlen=1026   qlen=1   cache=N lat=    0.004ms cycles≈3698
[pim-debug] op#03 op=O        norm=wo_proj    sh=0  dim=4096  heads=16  hd=128 q_dim=2048  kv_heads=16  kv_dim=2048  o_dim=2048  ffn_dim=5504   seqlen=1026   qlen=1   cache=N lat=    0.004ms cycles≈4062
[pim-debug] op#04 op=FFN_W3   norm=ffn_up     sh=1  dim=4096  heads=16  hd=128 q_dim=2048  kv_heads=16  kv_dim=2048  o_dim=2048  ffn_dim=5504   seqlen=1026   qlen=1   cache=N lat=    0.011ms cycles≈10896
[pim-debug] op#05 op=SwiGLU   norm=silu       sh=0  dim=4096  heads=16  hd=128 q_dim=2048  kv_heads=16  kv_dim=2048  o_dim=2048  ffn_dim=5504   seqlen=1026   qlen=1   cache=N lat=    0.001ms cycles≈503
[pim-debug] op#06 op=SwiGLU   norm=silu       sh=1  dim=4096  heads=16  hd=128 q_dim=2048  kv_heads=16  kv_dim=2048  o_dim=2048  ffn_dim=5504   seqlen=1026   qlen=1   cache=N lat=    0.001ms cycles≈503
[pim-debug] op#07 op=FFN_W2   norm=ffn_down   sh=1  dim=4096  heads=16  hd=128 q_dim=2048  kv_heads=16  kv_dim=2048  o_dim=2048  ffn_dim=5504   seqlen=1026   qlen=1   cache=N lat=    0.011ms cycles≈11466
[pim-debug] segment total latency: 0.041 ms
========================================================================================
[pim-debug] segment_key=pim|decode|1|57b4a5b0a41dd467c4ff82ff7bcdf3e0
[pim-debug] sig: device_type=pim phase=decode step=1 (count_hint=3)
[pim-debug] ops_repr: LN:-1,Q:1,QK:0,Softmax:0,SV:0,O:0,Add:-1,LN:-1,FFN_W3:1,SwiGLU:1,FFN_W2:1,SwiGLU:0,Add:-1
[pim-debug] cfg: shard_policy='fine' shards=2 dim=4096 ffn_dim=11008 n_heads=32 n_kv_heads=auto->n_heads
[pim-debug] pim_config=/lustre/home/2501111916/workspace/XPUPIM_0226_gpupim_parameter/TriForm/algorithms/aim_simulator/PIM_AiM.json
[pim-debug] ramulator_config=/lustre/home/2501111916/workspace/XPUPIM_0226_gpupim_parameter/TriForm/algorithms/aim_simulator/example.yaml
[pim-debug] cost_model config.PIM_FREQ_GHZ=1.0
[pim-debug] op plan (logical shapes inferred from schedule cfg):
  - op#00  op=LN       shard=-1  x=[1x4096] + w=[4096]  ->  y=[1x4096]  (T=1, K=1026)
  - op#01  op=Q        shard=1   x=[1x4096] + w=[2048x4096]  ->  y=[1x2048]  (T=1, K=1026)
  - op#02  op=QK       shard=0   q=[16x1x128] + k=[16x128x1026]  ->  y=[16x1x1026]  (T=1, K=1026)
  - op#03  op=Softmax  shard=0   scores=[16x1x1026]  ->  y=[16x1x1026]  (T=1, K=1026)
  - op#04  op=SV       shard=0   p=[16x1x1026] + v=[16x1026x128]  ->  y=[16x1x128]  (T=1, K=1026)
  - op#05  op=O        shard=0   x=[1x2048] + w=[4096x2048]  ->  y=[1x4096]  (T=1, K=1026)
  - op#06  op=Add      shard=-1  a=[1x4096] + b=[1x4096]  ->  y=[1x4096]  (T=1, K=1026)
  - op#07  op=LN       shard=-1  x=[1x4096] + w=[4096]  ->  y=[1x4096]  (T=1, K=1026)
  - op#08  op=FFN_W3   shard=1   x=[1x4096] + w=[5504x4096]  ->  y=[1x5504]  (T=1, K=1026)
  - op#09  op=SwiGLU   shard=1   a=[1x5504] + b=[1x5504]  ->  y=[1x5504]  (T=1, K=1026)
  - op#10  op=FFN_W2   shard=1   x=[1x5504] + w=[4096x5504]  ->  y=[1x4096]  (T=1, K=1026)
  - op#11  op=SwiGLU   shard=0   a=[1x5504] + b=[1x5504]  ->  y=[1x5504]  (T=1, K=1026)
  - op#12  op=Add      shard=-1  a=[1x4096] + b=[1x4096]  ->  y=[1x4096]  (T=1, K=1026)
[pim-debug] NOTE: CENT(AiM) trace backend internally uses x shape (1,1,dim) and handles prefill by repeating ops;
           the table below shows the *effective parameters* passed into cost_model_pim_backend for each op.
[pim-debug] op#00 op=LN       norm=rmsnorm    sh=-1 dim=4096  heads=32  hd=128 q_dim=4096  kv_heads=32  kv_dim=4096  o_dim=4096  ffn_dim=11008  seqlen=1026   qlen=1   cache=N lat=    0.001ms cycles≈1314
[pim-debug] op#01 op=Q        norm=q_proj     sh=1  dim=4096  heads=16  hd=128 q_dim=2048  kv_heads=16  kv_dim=2048  o_dim=2048  ffn_dim=5504   seqlen=1026   qlen=1   cache=N lat=    0.004ms cycles≈4428
[pim-debug] op#02 op=QK       norm=score      sh=0  dim=4096  heads=16  hd=128 q_dim=2048  kv_heads=16  kv_dim=2048  o_dim=2048  ffn_dim=5504   seqlen=1026   qlen=1   cache=N lat=    0.005ms cycles≈5424
[pim-debug] op#03 op=Softmax  norm=softmax    sh=0  dim=4096  heads=16  hd=128 q_dim=2048  kv_heads=16  kv_dim=2048  o_dim=2048  ffn_dim=5504   seqlen=1026   qlen=1   cache=N lat=    0.004ms cycles≈4057
[pim-debug] op#04 op=SV       norm=output     sh=0  dim=4096  heads=16  hd=128 q_dim=2048  kv_heads=16  kv_dim=2048  o_dim=2048  ffn_dim=5504   seqlen=1026   qlen=1   cache=N lat=    0.004ms cycles≈3698
[pim-debug] op#05 op=O        norm=wo_proj    sh=0  dim=4096  heads=16  hd=128 q_dim=2048  kv_heads=16  kv_dim=2048  o_dim=2048  ffn_dim=5504   seqlen=1026   qlen=1   cache=N lat=    0.004ms cycles≈4062
[pim-debug] op#06 op=Add      norm=residual   sh=-1 dim=4096  heads=32  hd=128 q_dim=4096  kv_heads=32  kv_dim=4096  o_dim=4096  ffn_dim=11008  seqlen=1026   qlen=1   cache=N lat=    0.000ms cycles≈3
[pim-debug] op#07 op=LN       norm=rmsnorm    sh=-1 dim=4096  heads=32  hd=128 q_dim=4096  kv_heads=32  kv_dim=4096  o_dim=4096  ffn_dim=11008  seqlen=1026   qlen=1   cache=N lat=    0.001ms cycles≈1314
[pim-debug] op#08 op=FFN_W3   norm=ffn_up     sh=1  dim=4096  heads=16  hd=128 q_dim=2048  kv_heads=16  kv_dim=2048  o_dim=2048  ffn_dim=5504   seqlen=1026   qlen=1   cache=N lat=    0.011ms cycles≈10896
[pim-debug] op#09 op=SwiGLU   norm=silu       sh=1  dim=4096  heads=16  hd=128 q_dim=2048  kv_heads=16  kv_dim=2048  o_dim=2048  ffn_dim=5504   seqlen=1026   qlen=1   cache=N lat=    0.001ms cycles≈503
[pim-debug] op#10 op=FFN_W2   norm=ffn_down   sh=1  dim=4096  heads=16  hd=128 q_dim=2048  kv_heads=16  kv_dim=2048  o_dim=2048  ffn_dim=5504   seqlen=1026   qlen=1   cache=N lat=    0.011ms cycles≈11466
[pim-debug] op#11 op=SwiGLU   norm=silu       sh=0  dim=4096  heads=16  hd=128 q_dim=2048  kv_heads=16  kv_dim=2048  o_dim=2048  ffn_dim=5504   seqlen=1026   qlen=1   cache=N lat=    0.001ms cycles≈503
[pim-debug] op#12 op=Add      norm=residual   sh=-1 dim=4096  heads=32  hd=128 q_dim=4096  kv_heads=32  kv_dim=4096  o_dim=4096  ffn_dim=11008  seqlen=1026   qlen=1   cache=N lat=    0.000ms cycles≈3
[pim-debug] segment total latency: 0.048 ms
========================================================================================
[pim-debug] segment_key=pim|decode|1|5a5e35fbb9ec7a22d4cab7b9b4075a1d
[pim-debug] sig: device_type=pim phase=decode step=1 (count_hint=1)
[pim-debug] ops_repr: LN:-1,Q:1,QK:0,Softmax:0,SV:0,O:0,Add:-1,LN:-1,FFN_W3:1,FFN_W2:1,Add:-1
[pim-debug] cfg: shard_policy='fine' shards=2 dim=4096 ffn_dim=11008 n_heads=32 n_kv_heads=auto->n_heads
[pim-debug] pim_config=/lustre/home/2501111916/workspace/XPUPIM_0226_gpupim_parameter/TriForm/algorithms/aim_simulator/PIM_AiM.json
[pim-debug] ramulator_config=/lustre/home/2501111916/workspace/XPUPIM_0226_gpupim_parameter/TriForm/algorithms/aim_simulator/example.yaml
[pim-debug] cost_model config.PIM_FREQ_GHZ=1.0
[pim-debug] op plan (logical shapes inferred from schedule cfg):
  - op#00  op=LN       shard=-1  x=[1x4096] + w=[4096]  ->  y=[1x4096]  (T=1, K=1026)
  - op#01  op=Q        shard=1   x=[1x4096] + w=[2048x4096]  ->  y=[1x2048]  (T=1, K=1026)
  - op#02  op=QK       shard=0   q=[16x1x128] + k=[16x128x1026]  ->  y=[16x1x1026]  (T=1, K=1026)
  - op#03  op=Softmax  shard=0   scores=[16x1x1026]  ->  y=[16x1x1026]  (T=1, K=1026)
  - op#04  op=SV       shard=0   p=[16x1x1026] + v=[16x1026x128]  ->  y=[16x1x128]  (T=1, K=1026)
  - op#05  op=O        shard=0   x=[1x2048] + w=[4096x2048]  ->  y=[1x4096]  (T=1, K=1026)
  - op#06  op=Add      shard=-1  a=[1x4096] + b=[1x4096]  ->  y=[1x4096]  (T=1, K=1026)
  - op#07  op=LN       shard=-1  x=[1x4096] + w=[4096]  ->  y=[1x4096]  (T=1, K=1026)
  - op#08  op=FFN_W3   shard=1   x=[1x4096] + w=[5504x4096]  ->  y=[1x5504]  (T=1, K=1026)
  - op#09  op=FFN_W2   shard=1   x=[1x5504] + w=[4096x5504]  ->  y=[1x4096]  (T=1, K=1026)
  - op#10  op=Add      shard=-1  a=[1x4096] + b=[1x4096]  ->  y=[1x4096]  (T=1, K=1026)
[pim-debug] NOTE: CENT(AiM) trace backend internally uses x shape (1,1,dim) and handles prefill by repeating ops;
           the table below shows the *effective parameters* passed into cost_model_pim_backend for each op.
[pim-debug] op#00 op=LN       norm=rmsnorm    sh=-1 dim=4096  heads=32  hd=128 q_dim=4096  kv_heads=32  kv_dim=4096  o_dim=4096  ffn_dim=11008  seqlen=1026   qlen=1   cache=N lat=    0.001ms cycles≈1314
[pim-debug] op#01 op=Q        norm=q_proj     sh=1  dim=4096  heads=16  hd=128 q_dim=2048  kv_heads=16  kv_dim=2048  o_dim=2048  ffn_dim=5504   seqlen=1026   qlen=1   cache=N lat=    0.004ms cycles≈4428
[pim-debug] op#02 op=QK       norm=score      sh=0  dim=4096  heads=16  hd=128 q_dim=2048  kv_heads=16  kv_dim=2048  o_dim=2048  ffn_dim=5504   seqlen=1026   qlen=1   cache=N lat=    0.005ms cycles≈5424
[pim-debug] op#03 op=Softmax  norm=softmax    sh=0  dim=4096  heads=16  hd=128 q_dim=2048  kv_heads=16  kv_dim=2048  o_dim=2048  ffn_dim=5504   seqlen=1026   qlen=1   cache=N lat=    0.004ms cycles≈4057
[pim-debug] op#04 op=SV       norm=output     sh=0  dim=4096  heads=16  hd=128 q_dim=2048  kv_heads=16  kv_dim=2048  o_dim=2048  ffn_dim=5504   seqlen=1026   qlen=1   cache=N lat=    0.004ms cycles≈3698
[pim-debug] op#05 op=O        norm=wo_proj    sh=0  dim=4096  heads=16  hd=128 q_dim=2048  kv_heads=16  kv_dim=2048  o_dim=2048  ffn_dim=5504   seqlen=1026   qlen=1   cache=N lat=    0.004ms cycles≈4062
[pim-debug] op#06 op=Add      norm=residual   sh=-1 dim=4096  heads=32  hd=128 q_dim=4096  kv_heads=32  kv_dim=4096  o_dim=4096  ffn_dim=11008  seqlen=1026   qlen=1   cache=N lat=    0.000ms cycles≈3
[pim-debug] op#07 op=LN       norm=rmsnorm    sh=-1 dim=4096  heads=32  hd=128 q_dim=4096  kv_heads=32  kv_dim=4096  o_dim=4096  ffn_dim=11008  seqlen=1026   qlen=1   cache=N lat=    0.001ms cycles≈1314
[pim-debug] op#08 op=FFN_W3   norm=ffn_up     sh=1  dim=4096  heads=16  hd=128 q_dim=2048  kv_heads=16  kv_dim=2048  o_dim=2048  ffn_dim=5504   seqlen=1026   qlen=1   cache=N lat=    0.011ms cycles≈10896
[pim-debug] op#09 op=FFN_W2   norm=ffn_down   sh=1  dim=4096  heads=16  hd=128 q_dim=2048  kv_heads=16  kv_dim=2048  o_dim=2048  ffn_dim=5504   seqlen=1026   qlen=1   cache=N lat=    0.011ms cycles≈11466
[pim-debug] op#10 op=Add      norm=residual   sh=-1 dim=4096  heads=32  hd=128 q_dim=4096  kv_heads=32  kv_dim=4096  o_dim=4096  ffn_dim=11008  seqlen=1026   qlen=1   cache=N lat=    0.000ms cycles≈3
[pim-debug] segment total latency: 0.047 ms
========================================================================================
[pim-debug] segment_key=pim|decode|1|5cbff95cf3d0160a38d6df92c46902c6
[pim-debug] sig: device_type=pim phase=decode step=1 (count_hint=1)
[pim-debug] ops_repr: LN:-1,Q:1,QK:0,Softmax:0,SV:0,O:0,Add:-1,LN:-1,FFN_W3:0,SwiGLU:0,FFN_W2:0,Add:-1
[pim-debug] cfg: shard_policy='fine' shards=2 dim=4096 ffn_dim=11008 n_heads=32 n_kv_heads=auto->n_heads
[pim-debug] pim_config=/lustre/home/2501111916/workspace/XPUPIM_0226_gpupim_parameter/TriForm/algorithms/aim_simulator/PIM_AiM.json
[pim-debug] ramulator_config=/lustre/home/2501111916/workspace/XPUPIM_0226_gpupim_parameter/TriForm/algorithms/aim_simulator/example.yaml
[pim-debug] cost_model config.PIM_FREQ_GHZ=1.0
[pim-debug] op plan (logical shapes inferred from schedule cfg):
  - op#00  op=LN       shard=-1  x=[1x4096] + w=[4096]  ->  y=[1x4096]  (T=1, K=1026)
  - op#01  op=Q        shard=1   x=[1x4096] + w=[2048x4096]  ->  y=[1x2048]  (T=1, K=1026)
  - op#02  op=QK       shard=0   q=[16x1x128] + k=[16x128x1026]  ->  y=[16x1x1026]  (T=1, K=1026)
  - op#03  op=Softmax  shard=0   scores=[16x1x1026]  ->  y=[16x1x1026]  (T=1, K=1026)
  - op#04  op=SV       shard=0   p=[16x1x1026] + v=[16x1026x128]  ->  y=[16x1x128]  (T=1, K=1026)
  - op#05  op=O        shard=0   x=[1x2048] + w=[4096x2048]  ->  y=[1x4096]  (T=1, K=1026)
  - op#06  op=Add      shard=-1  a=[1x4096] + b=[1x4096]  ->  y=[1x4096]  (T=1, K=1026)
  - op#07  op=LN       shard=-1  x=[1x4096] + w=[4096]  ->  y=[1x4096]  (T=1, K=1026)
  - op#08  op=FFN_W3   shard=0   x=[1x4096] + w=[5504x4096]  ->  y=[1x5504]  (T=1, K=1026)
  - op#09  op=SwiGLU   shard=0   a=[1x5504] + b=[1x5504]  ->  y=[1x5504]  (T=1, K=1026)
  - op#10  op=FFN_W2   shard=0   x=[1x5504] + w=[4096x5504]  ->  y=[1x4096]  (T=1, K=1026)
  - op#11  op=Add      shard=-1  a=[1x4096] + b=[1x4096]  ->  y=[1x4096]  (T=1, K=1026)
[pim-debug] NOTE: CENT(AiM) trace backend internally uses x shape (1,1,dim) and handles prefill by repeating ops;
           the table below shows the *effective parameters* passed into cost_model_pim_backend for each op.
[pim-debug] op#00 op=LN       norm=rmsnorm    sh=-1 dim=4096  heads=32  hd=128 q_dim=4096  kv_heads=32  kv_dim=4096  o_dim=4096  ffn_dim=11008  seqlen=1026   qlen=1   cache=N lat=    0.001ms cycles≈1314
[pim-debug] op#01 op=Q        norm=q_proj     sh=1  dim=4096  heads=16  hd=128 q_dim=2048  kv_heads=16  kv_dim=2048  o_dim=2048  ffn_dim=5504   seqlen=1026   qlen=1   cache=N lat=    0.004ms cycles≈4428
[pim-debug] op#02 op=QK       norm=score      sh=0  dim=4096  heads=16  hd=128 q_dim=2048  kv_heads=16  kv_dim=2048  o_dim=2048  ffn_dim=5504   seqlen=1026   qlen=1   cache=N lat=    0.005ms cycles≈5424
[pim-debug] op#03 op=Softmax  norm=softmax    sh=0  dim=4096  heads=16  hd=128 q_dim=2048  kv_heads=16  kv_dim=2048  o_dim=2048  ffn_dim=5504   seqlen=1026   qlen=1   cache=N lat=    0.004ms cycles≈4057
[pim-debug] op#04 op=SV       norm=output     sh=0  dim=4096  heads=16  hd=128 q_dim=2048  kv_heads=16  kv_dim=2048  o_dim=2048  ffn_dim=5504   seqlen=1026   qlen=1   cache=N lat=    0.004ms cycles≈3698
[pim-debug] op#05 op=O        norm=wo_proj    sh=0  dim=4096  heads=16  hd=128 q_dim=2048  kv_heads=16  kv_dim=2048  o_dim=2048  ffn_dim=5504   seqlen=1026   qlen=1   cache=N lat=    0.004ms cycles≈4062
[pim-debug] op#06 op=Add      norm=residual   sh=-1 dim=4096  heads=32  hd=128 q_dim=4096  kv_heads=32  kv_dim=4096  o_dim=4096  ffn_dim=11008  seqlen=1026   qlen=1   cache=N lat=    0.000ms cycles≈3
[pim-debug] op#07 op=LN       norm=rmsnorm    sh=-1 dim=4096  heads=32  hd=128 q_dim=4096  kv_heads=32  kv_dim=4096  o_dim=4096  ffn_dim=11008  seqlen=1026   qlen=1   cache=N lat=    0.001ms cycles≈1314
[pim-debug] op#08 op=FFN_W3   norm=ffn_up     sh=0  dim=4096  heads=16  hd=128 q_dim=2048  kv_heads=16  kv_dim=2048  o_dim=2048  ffn_dim=5504   seqlen=1026   qlen=1   cache=N lat=    0.011ms cycles≈10896
[pim-debug] op#09 op=SwiGLU   norm=silu       sh=0  dim=4096  heads=16  hd=128 q_dim=2048  kv_heads=16  kv_dim=2048  o_dim=2048  ffn_dim=5504   seqlen=1026   qlen=1   cache=N lat=    0.001ms cycles≈503
[pim-debug] op#10 op=FFN_W2   norm=ffn_down   sh=0  dim=4096  heads=16  hd=128 q_dim=2048  kv_heads=16  kv_dim=2048  o_dim=2048  ffn_dim=5504   seqlen=1026   qlen=1   cache=N lat=    0.011ms cycles≈11466
[pim-debug] op#11 op=Add      norm=residual   sh=-1 dim=4096  heads=32  hd=128 q_dim=4096  kv_heads=32  kv_dim=4096  o_dim=4096  ffn_dim=11008  seqlen=1026   qlen=1   cache=N lat=    0.000ms cycles≈3
[pim-debug] segment total latency: 0.047 ms
========================================================================================
[pim-debug] segment_key=pim|decode|1|646691efc7e53ef2f9518ae0b1f44228
[pim-debug] sig: device_type=pim phase=decode step=1 (count_hint=3)
[pim-debug] ops_repr: Q:0,QK:1,Softmax:1,SV:1,O:1,FFN_W3:0,FFN_W2:0
[pim-debug] cfg: shard_policy='fine' shards=2 dim=4096 ffn_dim=11008 n_heads=32 n_kv_heads=auto->n_heads
[pim-debug] pim_config=/lustre/home/2501111916/workspace/XPUPIM_0226_gpupim_parameter/TriForm/algorithms/aim_simulator/PIM_AiM.json
[pim-debug] ramulator_config=/lustre/home/2501111916/workspace/XPUPIM_0226_gpupim_parameter/TriForm/algorithms/aim_simulator/example.yaml
[pim-debug] cost_model config.PIM_FREQ_GHZ=1.0
[pim-debug] op plan (logical shapes inferred from schedule cfg):
  - op#00  op=Q        shard=0   x=[1x4096] + w=[2048x4096]  ->  y=[1x2048]  (T=1, K=1026)
  - op#01  op=QK       shard=1   q=[16x1x128] + k=[16x128x1026]  ->  y=[16x1x1026]  (T=1, K=1026)
  - op#02  op=Softmax  shard=1   scores=[16x1x1026]  ->  y=[16x1x1026]  (T=1, K=1026)
  - op#03  op=SV       shard=1   p=[16x1x1026] + v=[16x1026x128]  ->  y=[16x1x128]  (T=1, K=1026)
  - op#04  op=O        shard=1   x=[1x2048] + w=[4096x2048]  ->  y=[1x4096]  (T=1, K=1026)
  - op#05  op=FFN_W3   shard=0   x=[1x4096] + w=[5504x4096]  ->  y=[1x5504]  (T=1, K=1026)
  - op#06  op=FFN_W2   shard=0   x=[1x5504] + w=[4096x5504]  ->  y=[1x4096]  (T=1, K=1026)
[pim-debug] NOTE: CENT(AiM) trace backend internally uses x shape (1,1,dim) and handles prefill by repeating ops;
           the table below shows the *effective parameters* passed into cost_model_pim_backend for each op.
[pim-debug] op#00 op=Q        norm=q_proj     sh=0  dim=4096  heads=16  hd=128 q_dim=2048  kv_heads=16  kv_dim=2048  o_dim=2048  ffn_dim=5504   seqlen=1026   qlen=1   cache=N lat=    0.004ms cycles≈4428
[pim-debug] op#01 op=QK       norm=score      sh=1  dim=4096  heads=16  hd=128 q_dim=2048  kv_heads=16  kv_dim=2048  o_dim=2048  ffn_dim=5504   seqlen=1026   qlen=1   cache=N lat=    0.005ms cycles≈5424
[pim-debug] op#02 op=Softmax  norm=softmax    sh=1  dim=4096  heads=16  hd=128 q_dim=2048  kv_heads=16  kv_dim=2048  o_dim=2048  ffn_dim=5504   seqlen=1026   qlen=1   cache=N lat=    0.004ms cycles≈4057
[pim-debug] op#03 op=SV       norm=output     sh=1  dim=4096  heads=16  hd=128 q_dim=2048  kv_heads=16  kv_dim=2048  o_dim=2048  ffn_dim=5504   seqlen=1026   qlen=1   cache=N lat=    0.004ms cycles≈3698
[pim-debug] op#04 op=O        norm=wo_proj    sh=1  dim=4096  heads=16  hd=128 q_dim=2048  kv_heads=16  kv_dim=2048  o_dim=2048  ffn_dim=5504   seqlen=1026   qlen=1   cache=N lat=    0.004ms cycles≈4062
[pim-debug] op#05 op=FFN_W3   norm=ffn_up     sh=0  dim=4096  heads=16  hd=128 q_dim=2048  kv_heads=16  kv_dim=2048  o_dim=2048  ffn_dim=5504   seqlen=1026   qlen=1   cache=N lat=    0.011ms cycles≈10896
[pim-debug] op#06 op=FFN_W2   norm=ffn_down   sh=0  dim=4096  heads=16  hd=128 q_dim=2048  kv_heads=16  kv_dim=2048  o_dim=2048  ffn_dim=5504   seqlen=1026   qlen=1   cache=N lat=    0.011ms cycles≈11466
[pim-debug] segment total latency: 0.044 ms
========================================================================================
[pim-debug] segment_key=pim|decode|1|6b5782c441af3728bc9f60d853d428dd
[pim-debug] sig: device_type=pim phase=decode step=1 (count_hint=2)
[pim-debug] ops_repr: LN:-1,Q:1,QK:0,Softmax:0,SV:0,O:0,Add:-1,LN:-1,FFN_W3:0,SwiGLU:0,FFN_W2:0,SwiGLU:1,Add:-1
[pim-debug] cfg: shard_policy='fine' shards=2 dim=4096 ffn_dim=11008 n_heads=32 n_kv_heads=auto->n_heads
[pim-debug] pim_config=/lustre/home/2501111916/workspace/XPUPIM_0226_gpupim_parameter/TriForm/algorithms/aim_simulator/PIM_AiM.json
[pim-debug] ramulator_config=/lustre/home/2501111916/workspace/XPUPIM_0226_gpupim_parameter/TriForm/algorithms/aim_simulator/example.yaml
[pim-debug] cost_model config.PIM_FREQ_GHZ=1.0
[pim-debug] op plan (logical shapes inferred from schedule cfg):
  - op#00  op=LN       shard=-1  x=[1x4096] + w=[4096]  ->  y=[1x4096]  (T=1, K=1026)
  - op#01  op=Q        shard=1   x=[1x4096] + w=[2048x4096]  ->  y=[1x2048]  (T=1, K=1026)
  - op#02  op=QK       shard=0   q=[16x1x128] + k=[16x128x1026]  ->  y=[16x1x1026]  (T=1, K=1026)
  - op#03  op=Softmax  shard=0   scores=[16x1x1026]  ->  y=[16x1x1026]  (T=1, K=1026)
  - op#04  op=SV       shard=0   p=[16x1x1026] + v=[16x1026x128]  ->  y=[16x1x128]  (T=1, K=1026)
  - op#05  op=O        shard=0   x=[1x2048] + w=[4096x2048]  ->  y=[1x4096]  (T=1, K=1026)
  - op#06  op=Add      shard=-1  a=[1x4096] + b=[1x4096]  ->  y=[1x4096]  (T=1, K=1026)
  - op#07  op=LN       shard=-1  x=[1x4096] + w=[4096]  ->  y=[1x4096]  (T=1, K=1026)
  - op#08  op=FFN_W3   shard=0   x=[1x4096] + w=[5504x4096]  ->  y=[1x5504]  (T=1, K=1026)
  - op#09  op=SwiGLU   shard=0   a=[1x5504] + b=[1x5504]  ->  y=[1x5504]  (T=1, K=1026)
  - op#10  op=FFN_W2   shard=0   x=[1x5504] + w=[4096x5504]  ->  y=[1x4096]  (T=1, K=1026)
  - op#11  op=SwiGLU   shard=1   a=[1x5504] + b=[1x5504]  ->  y=[1x5504]  (T=1, K=1026)
  - op#12  op=Add      shard=-1  a=[1x4096] + b=[1x4096]  ->  y=[1x4096]  (T=1, K=1026)
[pim-debug] NOTE: CENT(AiM) trace backend internally uses x shape (1,1,dim) and handles prefill by repeating ops;
           the table below shows the *effective parameters* passed into cost_model_pim_backend for each op.
[pim-debug] op#00 op=LN       norm=rmsnorm    sh=-1 dim=4096  heads=32  hd=128 q_dim=4096  kv_heads=32  kv_dim=4096  o_dim=4096  ffn_dim=11008  seqlen=1026   qlen=1   cache=N lat=    0.001ms cycles≈1314
[pim-debug] op#01 op=Q        norm=q_proj     sh=1  dim=4096  heads=16  hd=128 q_dim=2048  kv_heads=16  kv_dim=2048  o_dim=2048  ffn_dim=5504   seqlen=1026   qlen=1   cache=N lat=    0.004ms cycles≈4428
[pim-debug] op#02 op=QK       norm=score      sh=0  dim=4096  heads=16  hd=128 q_dim=2048  kv_heads=16  kv_dim=2048  o_dim=2048  ffn_dim=5504   seqlen=1026   qlen=1   cache=N lat=    0.005ms cycles≈5424
[pim-debug] op#03 op=Softmax  norm=softmax    sh=0  dim=4096  heads=16  hd=128 q_dim=2048  kv_heads=16  kv_dim=2048  o_dim=2048  ffn_dim=5504   seqlen=1026   qlen=1   cache=N lat=    0.004ms cycles≈4057
[pim-debug] op#04 op=SV       norm=output     sh=0  dim=4096  heads=16  hd=128 q_dim=2048  kv_heads=16  kv_dim=2048  o_dim=2048  ffn_dim=5504   seqlen=1026   qlen=1   cache=N lat=    0.004ms cycles≈3698
[pim-debug] op#05 op=O        norm=wo_proj    sh=0  dim=4096  heads=16  hd=128 q_dim=2048  kv_heads=16  kv_dim=2048  o_dim=2048  ffn_dim=5504   seqlen=1026   qlen=1   cache=N lat=    0.004ms cycles≈4062
[pim-debug] op#06 op=Add      norm=residual   sh=-1 dim=4096  heads=32  hd=128 q_dim=4096  kv_heads=32  kv_dim=4096  o_dim=4096  ffn_dim=11008  seqlen=1026   qlen=1   cache=N lat=    0.000ms cycles≈3
[pim-debug] op#07 op=LN       norm=rmsnorm    sh=-1 dim=4096  heads=32  hd=128 q_dim=4096  kv_heads=32  kv_dim=4096  o_dim=4096  ffn_dim=11008  seqlen=1026   qlen=1   cache=N lat=    0.001ms cycles≈1314
[pim-debug] op#08 op=FFN_W3   norm=ffn_up     sh=0  dim=4096  heads=16  hd=128 q_dim=2048  kv_heads=16  kv_dim=2048  o_dim=2048  ffn_dim=5504   seqlen=1026   qlen=1   cache=N lat=    0.011ms cycles≈10896
[pim-debug] op#09 op=SwiGLU   norm=silu       sh=0  dim=4096  heads=16  hd=128 q_dim=2048  kv_heads=16  kv_dim=2048  o_dim=2048  ffn_dim=5504   seqlen=1026   qlen=1   cache=N lat=    0.001ms cycles≈503
[pim-debug] op#10 op=FFN_W2   norm=ffn_down   sh=0  dim=4096  heads=16  hd=128 q_dim=2048  kv_heads=16  kv_dim=2048  o_dim=2048  ffn_dim=5504   seqlen=1026   qlen=1   cache=N lat=    0.011ms cycles≈11466
[pim-debug] op#11 op=SwiGLU   norm=silu       sh=1  dim=4096  heads=16  hd=128 q_dim=2048  kv_heads=16  kv_dim=2048  o_dim=2048  ffn_dim=5504   seqlen=1026   qlen=1   cache=N lat=    0.001ms cycles≈503
[pim-debug] op#12 op=Add      norm=residual   sh=-1 dim=4096  heads=32  hd=128 q_dim=4096  kv_heads=32  kv_dim=4096  o_dim=4096  ffn_dim=11008  seqlen=1026   qlen=1   cache=N lat=    0.000ms cycles≈3
[pim-debug] segment total latency: 0.048 ms
========================================================================================
[pim-debug] segment_key=pim|decode|1|7d78755c2562acf3b3b912593b83a32b
[pim-debug] sig: device_type=pim phase=decode step=1 (count_hint=1)
[pim-debug] ops_repr: Q:0,QK:1,SV:1,O:0,FFN_W3:0,SwiGLU:1,FFN_W2:0
[pim-debug] cfg: shard_policy='fine' shards=2 dim=4096 ffn_dim=11008 n_heads=32 n_kv_heads=auto->n_heads
[pim-debug] pim_config=/lustre/home/2501111916/workspace/XPUPIM_0226_gpupim_parameter/TriForm/algorithms/aim_simulator/PIM_AiM.json
[pim-debug] ramulator_config=/lustre/home/2501111916/workspace/XPUPIM_0226_gpupim_parameter/TriForm/algorithms/aim_simulator/example.yaml
[pim-debug] cost_model config.PIM_FREQ_GHZ=1.0
[pim-debug] op plan (logical shapes inferred from schedule cfg):
  - op#00  op=Q        shard=0   x=[1x4096] + w=[2048x4096]  ->  y=[1x2048]  (T=1, K=1026)
  - op#01  op=QK       shard=1   q=[16x1x128] + k=[16x128x1026]  ->  y=[16x1x1026]  (T=1, K=1026)
  - op#02  op=SV       shard=1   p=[16x1x1026] + v=[16x1026x128]  ->  y=[16x1x128]  (T=1, K=1026)
  - op#03  op=O        shard=0   x=[1x2048] + w=[4096x2048]  ->  y=[1x4096]  (T=1, K=1026)
  - op#04  op=FFN_W3   shard=0   x=[1x4096] + w=[5504x4096]  ->  y=[1x5504]  (T=1, K=1026)
  - op#05  op=SwiGLU   shard=1   a=[1x5504] + b=[1x5504]  ->  y=[1x5504]  (T=1, K=1026)
  - op#06  op=FFN_W2   shard=0   x=[1x5504] + w=[4096x5504]  ->  y=[1x4096]  (T=1, K=1026)
[pim-debug] NOTE: CENT(AiM) trace backend internally uses x shape (1,1,dim) and handles prefill by repeating ops;
           the table below shows the *effective parameters* passed into cost_model_pim_backend for each op.
[pim-debug] op#00 op=Q        norm=q_proj     sh=0  dim=4096  heads=16  hd=128 q_dim=2048  kv_heads=16  kv_dim=2048  o_dim=2048  ffn_dim=5504   seqlen=1026   qlen=1   cache=N lat=    0.004ms cycles≈4428
[pim-debug] op#01 op=QK       norm=score      sh=1  dim=4096  heads=16  hd=128 q_dim=2048  kv_heads=16  kv_dim=2048  o_dim=2048  ffn_dim=5504   seqlen=1026   qlen=1   cache=N lat=    0.005ms cycles≈5424
[pim-debug] op#02 op=SV       norm=output     sh=1  dim=4096  heads=16  hd=128 q_dim=2048  kv_heads=16  kv_dim=2048  o_dim=2048  ffn_dim=5504   seqlen=1026   qlen=1   cache=N lat=    0.004ms cycles≈3698
[pim-debug] op#03 op=O        norm=wo_proj    sh=0  dim=4096  heads=16  hd=128 q_dim=2048  kv_heads=16  kv_dim=2048  o_dim=2048  ffn_dim=5504   seqlen=1026   qlen=1   cache=N lat=    0.004ms cycles≈4062
[pim-debug] op#04 op=FFN_W3   norm=ffn_up     sh=0  dim=4096  heads=16  hd=128 q_dim=2048  kv_heads=16  kv_dim=2048  o_dim=2048  ffn_dim=5504   seqlen=1026   qlen=1   cache=N lat=    0.011ms cycles≈10896
[pim-debug] op#05 op=SwiGLU   norm=silu       sh=1  dim=4096  heads=16  hd=128 q_dim=2048  kv_heads=16  kv_dim=2048  o_dim=2048  ffn_dim=5504   seqlen=1026   qlen=1   cache=N lat=    0.001ms cycles≈503
[pim-debug] op#06 op=FFN_W2   norm=ffn_down   sh=0  dim=4096  heads=16  hd=128 q_dim=2048  kv_heads=16  kv_dim=2048  o_dim=2048  ffn_dim=5504   seqlen=1026   qlen=1   cache=N lat=    0.011ms cycles≈11466
[pim-debug] segment total latency: 0.040 ms
========================================================================================
[pim-debug] segment_key=pim|decode|1|86034ba8b469928b75d812aa844f5048
[pim-debug] sig: device_type=pim phase=decode step=1 (count_hint=3)
[pim-debug] ops_repr: LN:-1,Q:1,QK:0,O:1,SV:0,Add:-1,LN:-1,FFN_W3:0,FFN_W2:0,Add:-1
[pim-debug] cfg: shard_policy='fine' shards=2 dim=4096 ffn_dim=11008 n_heads=32 n_kv_heads=auto->n_heads
[pim-debug] pim_config=/lustre/home/2501111916/workspace/XPUPIM_0226_gpupim_parameter/TriForm/algorithms/aim_simulator/PIM_AiM.json
[pim-debug] ramulator_config=/lustre/home/2501111916/workspace/XPUPIM_0226_gpupim_parameter/TriForm/algorithms/aim_simulator/example.yaml
[pim-debug] cost_model config.PIM_FREQ_GHZ=1.0
[pim-debug] op plan (logical shapes inferred from schedule cfg):
  - op#00  op=LN       shard=-1  x=[1x4096] + w=[4096]  ->  y=[1x4096]  (T=1, K=1026)
  - op#01  op=Q        shard=1   x=[1x4096] + w=[2048x4096]  ->  y=[1x2048]  (T=1, K=1026)
  - op#02  op=QK       shard=0   q=[16x1x128] + k=[16x128x1026]  ->  y=[16x1x1026]  (T=1, K=1026)
  - op#03  op=O        shard=1   x=[1x2048] + w=[4096x2048]  ->  y=[1x4096]  (T=1, K=1026)
  - op#04  op=SV       shard=0   p=[16x1x1026] + v=[16x1026x128]  ->  y=[16x1x128]  (T=1, K=1026)
  - op#05  op=Add      shard=-1  a=[1x4096] + b=[1x4096]  ->  y=[1x4096]  (T=1, K=1026)
  - op#06  op=LN       shard=-1  x=[1x4096] + w=[4096]  ->  y=[1x4096]  (T=1, K=1026)
  - op#07  op=FFN_W3   shard=0   x=[1x4096] + w=[5504x4096]  ->  y=[1x5504]  (T=1, K=1026)
  - op#08  op=FFN_W2   shard=0   x=[1x5504] + w=[4096x5504]  ->  y=[1x4096]  (T=1, K=1026)
  - op#09  op=Add      shard=-1  a=[1x4096] + b=[1x4096]  ->  y=[1x4096]  (T=1, K=1026)
[pim-debug] NOTE: CENT(AiM) trace backend internally uses x shape (1,1,dim) and handles prefill by repeating ops;
           the table below shows the *effective parameters* passed into cost_model_pim_backend for each op.
[pim-debug] op#00 op=LN       norm=rmsnorm    sh=-1 dim=4096  heads=32  hd=128 q_dim=4096  kv_heads=32  kv_dim=4096  o_dim=4096  ffn_dim=11008  seqlen=1026   qlen=1   cache=N lat=    0.001ms cycles≈1314
[pim-debug] op#01 op=Q        norm=q_proj     sh=1  dim=4096  heads=16  hd=128 q_dim=2048  kv_heads=16  kv_dim=2048  o_dim=2048  ffn_dim=5504   seqlen=1026   qlen=1   cache=N lat=    0.004ms cycles≈4428
[pim-debug] op#02 op=QK       norm=score      sh=0  dim=4096  heads=16  hd=128 q_dim=2048  kv_heads=16  kv_dim=2048  o_dim=2048  ffn_dim=5504   seqlen=1026   qlen=1   cache=N lat=    0.005ms cycles≈5424
[pim-debug] op#03 op=O        norm=wo_proj    sh=1  dim=4096  heads=16  hd=128 q_dim=2048  kv_heads=16  kv_dim=2048  o_dim=2048  ffn_dim=5504   seqlen=1026   qlen=1   cache=N lat=    0.004ms cycles≈4062
[pim-debug] op#04 op=SV       norm=output     sh=0  dim=4096  heads=16  hd=128 q_dim=2048  kv_heads=16  kv_dim=2048  o_dim=2048  ffn_dim=5504   seqlen=1026   qlen=1   cache=N lat=    0.004ms cycles≈3698
[pim-debug] op#05 op=Add      norm=residual   sh=-1 dim=4096  heads=32  hd=128 q_dim=4096  kv_heads=32  kv_dim=4096  o_dim=4096  ffn_dim=11008  seqlen=1026   qlen=1   cache=N lat=    0.000ms cycles≈3
[pim-debug] op#06 op=LN       norm=rmsnorm    sh=-1 dim=4096  heads=32  hd=128 q_dim=4096  kv_heads=32  kv_dim=4096  o_dim=4096  ffn_dim=11008  seqlen=1026   qlen=1   cache=N lat=    0.001ms cycles≈1314
[pim-debug] op#07 op=FFN_W3   norm=ffn_up     sh=0  dim=4096  heads=16  hd=128 q_dim=2048  kv_heads=16  kv_dim=2048  o_dim=2048  ffn_dim=5504   seqlen=1026   qlen=1   cache=N lat=    0.011ms cycles≈10896
[pim-debug] op#08 op=FFN_W2   norm=ffn_down   sh=0  dim=4096  heads=16  hd=128 q_dim=2048  kv_heads=16  kv_dim=2048  o_dim=2048  ffn_dim=5504   seqlen=1026   qlen=1   cache=N lat=    0.011ms cycles≈11466
[pim-debug] op#09 op=Add      norm=residual   sh=-1 dim=4096  heads=32  hd=128 q_dim=4096  kv_heads=32  kv_dim=4096  o_dim=4096  ffn_dim=11008  seqlen=1026   qlen=1   cache=N lat=    0.000ms cycles≈3
[pim-debug] segment total latency: 0.043 ms
========================================================================================
[pim-debug] segment_key=pim|decode|1|8a9cb0788074f628eb363fa0070ddb6c
[pim-debug] sig: device_type=pim phase=decode step=1 (count_hint=1)
[pim-debug] ops_repr: Q:1,QK:1,SV:1,O:0,FFN_W3:1,SwiGLU:0,SwiGLU:1,FFN_W2:1,Add:-1
[pim-debug] cfg: shard_policy='fine' shards=2 dim=4096 ffn_dim=11008 n_heads=32 n_kv_heads=auto->n_heads
[pim-debug] pim_config=/lustre/home/2501111916/workspace/XPUPIM_0226_gpupim_parameter/TriForm/algorithms/aim_simulator/PIM_AiM.json
[pim-debug] ramulator_config=/lustre/home/2501111916/workspace/XPUPIM_0226_gpupim_parameter/TriForm/algorithms/aim_simulator/example.yaml
[pim-debug] cost_model config.PIM_FREQ_GHZ=1.0
[pim-debug] op plan (logical shapes inferred from schedule cfg):
  - op#00  op=Q        shard=1   x=[1x4096] + w=[2048x4096]  ->  y=[1x2048]  (T=1, K=1026)
  - op#01  op=QK       shard=1   q=[16x1x128] + k=[16x128x1026]  ->  y=[16x1x1026]  (T=1, K=1026)
  - op#02  op=SV       shard=1   p=[16x1x1026] + v=[16x1026x128]  ->  y=[16x1x128]  (T=1, K=1026)
  - op#03  op=O        shard=0   x=[1x2048] + w=[4096x2048]  ->  y=[1x4096]  (T=1, K=1026)
  - op#04  op=FFN_W3   shard=1   x=[1x4096] + w=[5504x4096]  ->  y=[1x5504]  (T=1, K=1026)
  - op#05  op=SwiGLU   shard=0   a=[1x5504] + b=[1x5504]  ->  y=[1x5504]  (T=1, K=1026)
  - op#06  op=SwiGLU   shard=1   a=[1x5504] + b=[1x5504]  ->  y=[1x5504]  (T=1, K=1026)
  - op#07  op=FFN_W2   shard=1   x=[1x5504] + w=[4096x5504]  ->  y=[1x4096]  (T=1, K=1026)
  - op#08  op=Add      shard=-1  a=[1x4096] + b=[1x4096]  ->  y=[1x4096]  (T=1, K=1026)
[pim-debug] NOTE: CENT(AiM) trace backend internally uses x shape (1,1,dim) and handles prefill by repeating ops;
           the table below shows the *effective parameters* passed into cost_model_pim_backend for each op.
[pim-debug] op#00 op=Q        norm=q_proj     sh=1  dim=4096  heads=16  hd=128 q_dim=2048  kv_heads=16  kv_dim=2048  o_dim=2048  ffn_dim=5504   seqlen=1026   qlen=1   cache=N lat=    0.004ms cycles≈4428
[pim-debug] op#01 op=QK       norm=score      sh=1  dim=4096  heads=16  hd=128 q_dim=2048  kv_heads=16  kv_dim=2048  o_dim=2048  ffn_dim=5504   seqlen=1026   qlen=1   cache=N lat=    0.005ms cycles≈5424
[pim-debug] op#02 op=SV       norm=output     sh=1  dim=4096  heads=16  hd=128 q_dim=2048  kv_heads=16  kv_dim=2048  o_dim=2048  ffn_dim=5504   seqlen=1026   qlen=1   cache=N lat=    0.004ms cycles≈3698
[pim-debug] op#03 op=O        norm=wo_proj    sh=0  dim=4096  heads=16  hd=128 q_dim=2048  kv_heads=16  kv_dim=2048  o_dim=2048  ffn_dim=5504   seqlen=1026   qlen=1   cache=N lat=    0.004ms cycles≈4062
[pim-debug] op#04 op=FFN_W3   norm=ffn_up     sh=1  dim=4096  heads=16  hd=128 q_dim=2048  kv_heads=16  kv_dim=2048  o_dim=2048  ffn_dim=5504   seqlen=1026   qlen=1   cache=N lat=    0.011ms cycles≈10896
[pim-debug] op#05 op=SwiGLU   norm=silu       sh=0  dim=4096  heads=16  hd=128 q_dim=2048  kv_heads=16  kv_dim=2048  o_dim=2048  ffn_dim=5504   seqlen=1026   qlen=1   cache=N lat=    0.001ms cycles≈503
[pim-debug] op#06 op=SwiGLU   norm=silu       sh=1  dim=4096  heads=16  hd=128 q_dim=2048  kv_heads=16  kv_dim=2048  o_dim=2048  ffn_dim=5504   seqlen=1026   qlen=1   cache=N lat=    0.001ms cycles≈503
[pim-debug] op#07 op=FFN_W2   norm=ffn_down   sh=1  dim=4096  heads=16  hd=128 q_dim=2048  kv_heads=16  kv_dim=2048  o_dim=2048  ffn_dim=5504   seqlen=1026   qlen=1   cache=N lat=    0.011ms cycles≈11466
[pim-debug] op#08 op=Add      norm=residual   sh=-1 dim=4096  heads=32  hd=128 q_dim=4096  kv_heads=32  kv_dim=4096  o_dim=4096  ffn_dim=11008  seqlen=1026   qlen=1   cache=N lat=    0.000ms cycles≈3
[pim-debug] segment total latency: 0.041 ms
========================================================================================
[pim-debug] segment_key=pim|decode|1|90110e2d1f83ad55b69ecbb48e9df118
[pim-debug] sig: device_type=pim phase=decode step=1 (count_hint=1)
[pim-debug] ops_repr: LN:-1,Q:0,QK:0,Softmax:0,SV:0,O:0,Add:-1,LN:-1,FFN_W3:1,SwiGLU:1,FFN_W2:1,Add:-1
[pim-debug] cfg: shard_policy='fine' shards=2 dim=4096 ffn_dim=11008 n_heads=32 n_kv_heads=auto->n_heads
[pim-debug] pim_config=/lustre/home/2501111916/workspace/XPUPIM_0226_gpupim_parameter/TriForm/algorithms/aim_simulator/PIM_AiM.json
[pim-debug] ramulator_config=/lustre/home/2501111916/workspace/XPUPIM_0226_gpupim_parameter/TriForm/algorithms/aim_simulator/example.yaml
[pim-debug] cost_model config.PIM_FREQ_GHZ=1.0
[pim-debug] op plan (logical shapes inferred from schedule cfg):
  - op#00  op=LN       shard=-1  x=[1x4096] + w=[4096]  ->  y=[1x4096]  (T=1, K=1026)
  - op#01  op=Q        shard=0   x=[1x4096] + w=[2048x4096]  ->  y=[1x2048]  (T=1, K=1026)
  - op#02  op=QK       shard=0   q=[16x1x128] + k=[16x128x1026]  ->  y=[16x1x1026]  (T=1, K=1026)
  - op#03  op=Softmax  shard=0   scores=[16x1x1026]  ->  y=[16x1x1026]  (T=1, K=1026)
  - op#04  op=SV       shard=0   p=[16x1x1026] + v=[16x1026x128]  ->  y=[16x1x128]  (T=1, K=1026)
  - op#05  op=O        shard=0   x=[1x2048] + w=[4096x2048]  ->  y=[1x4096]  (T=1, K=1026)
  - op#06  op=Add      shard=-1  a=[1x4096] + b=[1x4096]  ->  y=[1x4096]  (T=1, K=1026)
  - op#07  op=LN       shard=-1  x=[1x4096] + w=[4096]  ->  y=[1x4096]  (T=1, K=1026)
  - op#08  op=FFN_W3   shard=1   x=[1x4096] + w=[5504x4096]  ->  y=[1x5504]  (T=1, K=1026)
  - op#09  op=SwiGLU   shard=1   a=[1x5504] + b=[1x5504]  ->  y=[1x5504]  (T=1, K=1026)
  - op#10  op=FFN_W2   shard=1   x=[1x5504] + w=[4096x5504]  ->  y=[1x4096]  (T=1, K=1026)
  - op#11  op=Add      shard=-1  a=[1x4096] + b=[1x4096]  ->  y=[1x4096]  (T=1, K=1026)
[pim-debug] NOTE: CENT(AiM) trace backend internally uses x shape (1,1,dim) and handles prefill by repeating ops;
           the table below shows the *effective parameters* passed into cost_model_pim_backend for each op.
[pim-debug] op#00 op=LN       norm=rmsnorm    sh=-1 dim=4096  heads=32  hd=128 q_dim=4096  kv_heads=32  kv_dim=4096  o_dim=4096  ffn_dim=11008  seqlen=1026   qlen=1   cache=N lat=    0.001ms cycles≈1314
[pim-debug] op#01 op=Q        norm=q_proj     sh=0  dim=4096  heads=16  hd=128 q_dim=2048  kv_heads=16  kv_dim=2048  o_dim=2048  ffn_dim=5504   seqlen=1026   qlen=1   cache=N lat=    0.004ms cycles≈4428
[pim-debug] op#02 op=QK       norm=score      sh=0  dim=4096  heads=16  hd=128 q_dim=2048  kv_heads=16  kv_dim=2048  o_dim=2048  ffn_dim=5504   seqlen=1026   qlen=1   cache=N lat=    0.005ms cycles≈5424
[pim-debug] op#03 op=Softmax  norm=softmax    sh=0  dim=4096  heads=16  hd=128 q_dim=2048  kv_heads=16  kv_dim=2048  o_dim=2048  ffn_dim=5504   seqlen=1026   qlen=1   cache=N lat=    0.004ms cycles≈4057
[pim-debug] op#04 op=SV       norm=output     sh=0  dim=4096  heads=16  hd=128 q_dim=2048  kv_heads=16  kv_dim=2048  o_dim=2048  ffn_dim=5504   seqlen=1026   qlen=1   cache=N lat=    0.004ms cycles≈3698
[pim-debug] op#05 op=O        norm=wo_proj    sh=0  dim=4096  heads=16  hd=128 q_dim=2048  kv_heads=16  kv_dim=2048  o_dim=2048  ffn_dim=5504   seqlen=1026   qlen=1   cache=N lat=    0.004ms cycles≈4062
[pim-debug] op#06 op=Add      norm=residual   sh=-1 dim=4096  heads=32  hd=128 q_dim=4096  kv_heads=32  kv_dim=4096  o_dim=4096  ffn_dim=11008  seqlen=1026   qlen=1   cache=N lat=    0.000ms cycles≈3
[pim-debug] op#07 op=LN       norm=rmsnorm    sh=-1 dim=4096  heads=32  hd=128 q_dim=4096  kv_heads=32  kv_dim=4096  o_dim=4096  ffn_dim=11008  seqlen=1026   qlen=1   cache=N lat=    0.001ms cycles≈1314
[pim-debug] op#08 op=FFN_W3   norm=ffn_up     sh=1  dim=4096  heads=16  hd=128 q_dim=2048  kv_heads=16  kv_dim=2048  o_dim=2048  ffn_dim=5504   seqlen=1026   qlen=1   cache=N lat=    0.011ms cycles≈10896
[pim-debug] op#09 op=SwiGLU   norm=silu       sh=1  dim=4096  heads=16  hd=128 q_dim=2048  kv_heads=16  kv_dim=2048  o_dim=2048  ffn_dim=5504   seqlen=1026   qlen=1   cache=N lat=    0.001ms cycles≈503
[pim-debug] op#10 op=FFN_W2   norm=ffn_down   sh=1  dim=4096  heads=16  hd=128 q_dim=2048  kv_heads=16  kv_dim=2048  o_dim=2048  ffn_dim=5504   seqlen=1026   qlen=1   cache=N lat=    0.011ms cycles≈11466
[pim-debug] op#11 op=Add      norm=residual   sh=-1 dim=4096  heads=32  hd=128 q_dim=4096  kv_heads=32  kv_dim=4096  o_dim=4096  ffn_dim=11008  seqlen=1026   qlen=1   cache=N lat=    0.000ms cycles≈3
[pim-debug] segment total latency: 0.047 ms
========================================================================================
[pim-debug] segment_key=pim|decode|1|908b50cd15c7d12b22f9c01e32f82f10
[pim-debug] sig: device_type=pim phase=decode step=1 (count_hint=1)
[pim-debug] ops_repr: LN:-1,Q:1,QK:0,O:1,SV:0,Add:-1,LN:-1,FFN_W3:1,FFN_W2:1,SwiGLU:0,Add:-1
[pim-debug] cfg: shard_policy='fine' shards=2 dim=4096 ffn_dim=11008 n_heads=32 n_kv_heads=auto->n_heads
[pim-debug] pim_config=/lustre/home/2501111916/workspace/XPUPIM_0226_gpupim_parameter/TriForm/algorithms/aim_simulator/PIM_AiM.json
[pim-debug] ramulator_config=/lustre/home/2501111916/workspace/XPUPIM_0226_gpupim_parameter/TriForm/algorithms/aim_simulator/example.yaml
[pim-debug] cost_model config.PIM_FREQ_GHZ=1.0
[pim-debug] op plan (logical shapes inferred from schedule cfg):
  - op#00  op=LN       shard=-1  x=[1x4096] + w=[4096]  ->  y=[1x4096]  (T=1, K=1026)
  - op#01  op=Q        shard=1   x=[1x4096] + w=[2048x4096]  ->  y=[1x2048]  (T=1, K=1026)
  - op#02  op=QK       shard=0   q=[16x1x128] + k=[16x128x1026]  ->  y=[16x1x1026]  (T=1, K=1026)
  - op#03  op=O        shard=1   x=[1x2048] + w=[4096x2048]  ->  y=[1x4096]  (T=1, K=1026)
  - op#04  op=SV       shard=0   p=[16x1x1026] + v=[16x1026x128]  ->  y=[16x1x128]  (T=1, K=1026)
  - op#05  op=Add      shard=-1  a=[1x4096] + b=[1x4096]  ->  y=[1x4096]  (T=1, K=1026)
  - op#06  op=LN       shard=-1  x=[1x4096] + w=[4096]  ->  y=[1x4096]  (T=1, K=1026)
  - op#07  op=FFN_W3   shard=1   x=[1x4096] + w=[5504x4096]  ->  y=[1x5504]  (T=1, K=1026)
  - op#08  op=FFN_W2   shard=1   x=[1x5504] + w=[4096x5504]  ->  y=[1x4096]  (T=1, K=1026)
  - op#09  op=SwiGLU   shard=0   a=[1x5504] + b=[1x5504]  ->  y=[1x5504]  (T=1, K=1026)
  - op#10  op=Add      shard=-1  a=[1x4096] + b=[1x4096]  ->  y=[1x4096]  (T=1, K=1026)
[pim-debug] NOTE: CENT(AiM) trace backend internally uses x shape (1,1,dim) and handles prefill by repeating ops;
           the table below shows the *effective parameters* passed into cost_model_pim_backend for each op.
[pim-debug] op#00 op=LN       norm=rmsnorm    sh=-1 dim=4096  heads=32  hd=128 q_dim=4096  kv_heads=32  kv_dim=4096  o_dim=4096  ffn_dim=11008  seqlen=1026   qlen=1   cache=N lat=    0.001ms cycles≈1314
[pim-debug] op#01 op=Q        norm=q_proj     sh=1  dim=4096  heads=16  hd=128 q_dim=2048  kv_heads=16  kv_dim=2048  o_dim=2048  ffn_dim=5504   seqlen=1026   qlen=1   cache=N lat=    0.004ms cycles≈4428
[pim-debug] op#02 op=QK       norm=score      sh=0  dim=4096  heads=16  hd=128 q_dim=2048  kv_heads=16  kv_dim=2048  o_dim=2048  ffn_dim=5504   seqlen=1026   qlen=1   cache=N lat=    0.005ms cycles≈5424
[pim-debug] op#03 op=O        norm=wo_proj    sh=1  dim=4096  heads=16  hd=128 q_dim=2048  kv_heads=16  kv_dim=2048  o_dim=2048  ffn_dim=5504   seqlen=1026   qlen=1   cache=N lat=    0.004ms cycles≈4062
[pim-debug] op#04 op=SV       norm=output     sh=0  dim=4096  heads=16  hd=128 q_dim=2048  kv_heads=16  kv_dim=2048  o_dim=2048  ffn_dim=5504   seqlen=1026   qlen=1   cache=N lat=    0.004ms cycles≈3698
[pim-debug] op#05 op=Add      norm=residual   sh=-1 dim=4096  heads=32  hd=128 q_dim=4096  kv_heads=32  kv_dim=4096  o_dim=4096  ffn_dim=11008  seqlen=1026   qlen=1   cache=N lat=    0.000ms cycles≈3
[pim-debug] op#06 op=LN       norm=rmsnorm    sh=-1 dim=4096  heads=32  hd=128 q_dim=4096  kv_heads=32  kv_dim=4096  o_dim=4096  ffn_dim=11008  seqlen=1026   qlen=1   cache=N lat=    0.001ms cycles≈1314
[pim-debug] op#07 op=FFN_W3   norm=ffn_up     sh=1  dim=4096  heads=16  hd=128 q_dim=2048  kv_heads=16  kv_dim=2048  o_dim=2048  ffn_dim=5504   seqlen=1026   qlen=1   cache=N lat=    0.011ms cycles≈10896
[pim-debug] op#08 op=FFN_W2   norm=ffn_down   sh=1  dim=4096  heads=16  hd=128 q_dim=2048  kv_heads=16  kv_dim=2048  o_dim=2048  ffn_dim=5504   seqlen=1026   qlen=1   cache=N lat=    0.011ms cycles≈11466
[pim-debug] op#09 op=SwiGLU   norm=silu       sh=0  dim=4096  heads=16  hd=128 q_dim=2048  kv_heads=16  kv_dim=2048  o_dim=2048  ffn_dim=5504   seqlen=1026   qlen=1   cache=N lat=    0.001ms cycles≈503
[pim-debug] op#10 op=Add      norm=residual   sh=-1 dim=4096  heads=32  hd=128 q_dim=4096  kv_heads=32  kv_dim=4096  o_dim=4096  ffn_dim=11008  seqlen=1026   qlen=1   cache=N lat=    0.000ms cycles≈3
[pim-debug] segment total latency: 0.043 ms
========================================================================================
[pim-debug] segment_key=pim|decode|1|940ee48fa8def7a663c697c0e38acc9e
[pim-debug] sig: device_type=pim phase=decode step=1 (count_hint=3)
[pim-debug] ops_repr: Q:0,QK:1,SV:1,O:0,FFN_W3:1,SwiGLU:0,SwiGLU:1,FFN_W2:1
[pim-debug] cfg: shard_policy='fine' shards=2 dim=4096 ffn_dim=11008 n_heads=32 n_kv_heads=auto->n_heads
[pim-debug] pim_config=/lustre/home/2501111916/workspace/XPUPIM_0226_gpupim_parameter/TriForm/algorithms/aim_simulator/PIM_AiM.json
[pim-debug] ramulator_config=/lustre/home/2501111916/workspace/XPUPIM_0226_gpupim_parameter/TriForm/algorithms/aim_simulator/example.yaml
[pim-debug] cost_model config.PIM_FREQ_GHZ=1.0
[pim-debug] op plan (logical shapes inferred from schedule cfg):
  - op#00  op=Q        shard=0   x=[1x4096] + w=[2048x4096]  ->  y=[1x2048]  (T=1, K=1026)
  - op#01  op=QK       shard=1   q=[16x1x128] + k=[16x128x1026]  ->  y=[16x1x1026]  (T=1, K=1026)
  - op#02  op=SV       shard=1   p=[16x1x1026] + v=[16x1026x128]  ->  y=[16x1x128]  (T=1, K=1026)
  - op#03  op=O        shard=0   x=[1x2048] + w=[4096x2048]  ->  y=[1x4096]  (T=1, K=1026)
  - op#04  op=FFN_W3   shard=1   x=[1x4096] + w=[5504x4096]  ->  y=[1x5504]  (T=1, K=1026)
  - op#05  op=SwiGLU   shard=0   a=[1x5504] + b=[1x5504]  ->  y=[1x5504]  (T=1, K=1026)
  - op#06  op=SwiGLU   shard=1   a=[1x5504] + b=[1x5504]  ->  y=[1x5504]  (T=1, K=1026)
  - op#07  op=FFN_W2   shard=1   x=[1x5504] + w=[4096x5504]  ->  y=[1x4096]  (T=1, K=1026)
[pim-debug] NOTE: CENT(AiM) trace backend internally uses x shape (1,1,dim) and handles prefill by repeating ops;
           the table below shows the *effective parameters* passed into cost_model_pim_backend for each op.
[pim-debug] op#00 op=Q        norm=q_proj     sh=0  dim=4096  heads=16  hd=128 q_dim=2048  kv_heads=16  kv_dim=2048  o_dim=2048  ffn_dim=5504   seqlen=1026   qlen=1   cache=N lat=    0.004ms cycles≈4428
[pim-debug] op#01 op=QK       norm=score      sh=1  dim=4096  heads=16  hd=128 q_dim=2048  kv_heads=16  kv_dim=2048  o_dim=2048  ffn_dim=5504   seqlen=1026   qlen=1   cache=N lat=    0.005ms cycles≈5424
[pim-debug] op#02 op=SV       norm=output     sh=1  dim=4096  heads=16  hd=128 q_dim=2048  kv_heads=16  kv_dim=2048  o_dim=2048  ffn_dim=5504   seqlen=1026   qlen=1   cache=N lat=    0.004ms cycles≈3698
[pim-debug] op#03 op=O        norm=wo_proj    sh=0  dim=4096  heads=16  hd=128 q_dim=2048  kv_heads=16  kv_dim=2048  o_dim=2048  ffn_dim=5504   seqlen=1026   qlen=1   cache=N lat=    0.004ms cycles≈4062
[pim-debug] op#04 op=FFN_W3   norm=ffn_up     sh=1  dim=4096  heads=16  hd=128 q_dim=2048  kv_heads=16  kv_dim=2048  o_dim=2048  ffn_dim=5504   seqlen=1026   qlen=1   cache=N lat=    0.011ms cycles≈10896
[pim-debug] op#05 op=SwiGLU   norm=silu       sh=0  dim=4096  heads=16  hd=128 q_dim=2048  kv_heads=16  kv_dim=2048  o_dim=2048  ffn_dim=5504   seqlen=1026   qlen=1   cache=N lat=    0.001ms cycles≈503
[pim-debug] op#06 op=SwiGLU   norm=silu       sh=1  dim=4096  heads=16  hd=128 q_dim=2048  kv_heads=16  kv_dim=2048  o_dim=2048  ffn_dim=5504   seqlen=1026   qlen=1   cache=N lat=    0.001ms cycles≈503
[pim-debug] op#07 op=FFN_W2   norm=ffn_down   sh=1  dim=4096  heads=16  hd=128 q_dim=2048  kv_heads=16  kv_dim=2048  o_dim=2048  ffn_dim=5504   seqlen=1026   qlen=1   cache=N lat=    0.011ms cycles≈11466
[pim-debug] segment total latency: 0.041 ms
========================================================================================
[pim-debug] segment_key=pim|decode|1|946d6b1a9f44203f834ba480be7072bb
[pim-debug] sig: device_type=pim phase=decode step=1 (count_hint=1)
[pim-debug] ops_repr: Q:0,QK:1,Softmax:1,SV:1,O:1,FFN_W3:0,SwiGLU:1,SwiGLU:0,FFN_W2:0
[pim-debug] cfg: shard_policy='fine' shards=2 dim=4096 ffn_dim=11008 n_heads=32 n_kv_heads=auto->n_heads
[pim-debug] pim_config=/lustre/home/2501111916/workspace/XPUPIM_0226_gpupim_parameter/TriForm/algorithms/aim_simulator/PIM_AiM.json
[pim-debug] ramulator_config=/lustre/home/2501111916/workspace/XPUPIM_0226_gpupim_parameter/TriForm/algorithms/aim_simulator/example.yaml
[pim-debug] cost_model config.PIM_FREQ_GHZ=1.0
[pim-debug] op plan (logical shapes inferred from schedule cfg):
  - op#00  op=Q        shard=0   x=[1x4096] + w=[2048x4096]  ->  y=[1x2048]  (T=1, K=1026)
  - op#01  op=QK       shard=1   q=[16x1x128] + k=[16x128x1026]  ->  y=[16x1x1026]  (T=1, K=1026)
  - op#02  op=Softmax  shard=1   scores=[16x1x1026]  ->  y=[16x1x1026]  (T=1, K=1026)
  - op#03  op=SV       shard=1   p=[16x1x1026] + v=[16x1026x128]  ->  y=[16x1x128]  (T=1, K=1026)
  - op#04  op=O        shard=1   x=[1x2048] + w=[4096x2048]  ->  y=[1x4096]  (T=1, K=1026)
  - op#05  op=FFN_W3   shard=0   x=[1x4096] + w=[5504x4096]  ->  y=[1x5504]  (T=1, K=1026)
  - op#06  op=SwiGLU   shard=1   a=[1x5504] + b=[1x5504]  ->  y=[1x5504]  (T=1, K=1026)
  - op#07  op=SwiGLU   shard=0   a=[1x5504] + b=[1x5504]  ->  y=[1x5504]  (T=1, K=1026)
  - op#08  op=FFN_W2   shard=0   x=[1x5504] + w=[4096x5504]  ->  y=[1x4096]  (T=1, K=1026)
[pim-debug] NOTE: CENT(AiM) trace backend internally uses x shape (1,1,dim) and handles prefill by repeating ops;
           the table below shows the *effective parameters* passed into cost_model_pim_backend for each op.
[pim-debug] op#00 op=Q        norm=q_proj     sh=0  dim=4096  heads=16  hd=128 q_dim=2048  kv_heads=16  kv_dim=2048  o_dim=2048  ffn_dim=5504   seqlen=1026   qlen=1   cache=N lat=    0.004ms cycles≈4428
[pim-debug] op#01 op=QK       norm=score      sh=1  dim=4096  heads=16  hd=128 q_dim=2048  kv_heads=16  kv_dim=2048  o_dim=2048  ffn_dim=5504   seqlen=1026   qlen=1   cache=N lat=    0.005ms cycles≈5424
[pim-debug] op#02 op=Softmax  norm=softmax    sh=1  dim=4096  heads=16  hd=128 q_dim=2048  kv_heads=16  kv_dim=2048  o_dim=2048  ffn_dim=5504   seqlen=1026   qlen=1   cache=N lat=    0.004ms cycles≈4057
[pim-debug] op#03 op=SV       norm=output     sh=1  dim=4096  heads=16  hd=128 q_dim=2048  kv_heads=16  kv_dim=2048  o_dim=2048  ffn_dim=5504   seqlen=1026   qlen=1   cache=N lat=    0.004ms cycles≈3698
[pim-debug] op#04 op=O        norm=wo_proj    sh=1  dim=4096  heads=16  hd=128 q_dim=2048  kv_heads=16  kv_dim=2048  o_dim=2048  ffn_dim=5504   seqlen=1026   qlen=1   cache=N lat=    0.004ms cycles≈4062
[pim-debug] op#05 op=FFN_W3   norm=ffn_up     sh=0  dim=4096  heads=16  hd=128 q_dim=2048  kv_heads=16  kv_dim=2048  o_dim=2048  ffn_dim=5504   seqlen=1026   qlen=1   cache=N lat=    0.011ms cycles≈10896
[pim-debug] op#06 op=SwiGLU   norm=silu       sh=1  dim=4096  heads=16  hd=128 q_dim=2048  kv_heads=16  kv_dim=2048  o_dim=2048  ffn_dim=5504   seqlen=1026   qlen=1   cache=N lat=    0.001ms cycles≈503
[pim-debug] op#07 op=SwiGLU   norm=silu       sh=0  dim=4096  heads=16  hd=128 q_dim=2048  kv_heads=16  kv_dim=2048  o_dim=2048  ffn_dim=5504   seqlen=1026   qlen=1   cache=N lat=    0.001ms cycles≈503
[pim-debug] op#08 op=FFN_W2   norm=ffn_down   sh=0  dim=4096  heads=16  hd=128 q_dim=2048  kv_heads=16  kv_dim=2048  o_dim=2048  ffn_dim=5504   seqlen=1026   qlen=1   cache=N lat=    0.011ms cycles≈11466
[pim-debug] segment total latency: 0.045 ms
========================================================================================
[pim-debug] segment_key=pim|decode|1|98db888a2a3e385cbc4910d1e8c0e2b6
[pim-debug] sig: device_type=pim phase=decode step=1 (count_hint=1)
[pim-debug] ops_repr: Q:0,QK:1,Softmax:1,SV:1,O:1,FFN_W3:0,SwiGLU:0,FFN_W2:0
[pim-debug] cfg: shard_policy='fine' shards=2 dim=4096 ffn_dim=11008 n_heads=32 n_kv_heads=auto->n_heads
[pim-debug] pim_config=/lustre/home/2501111916/workspace/XPUPIM_0226_gpupim_parameter/TriForm/algorithms/aim_simulator/PIM_AiM.json
[pim-debug] ramulator_config=/lustre/home/2501111916/workspace/XPUPIM_0226_gpupim_parameter/TriForm/algorithms/aim_simulator/example.yaml
[pim-debug] cost_model config.PIM_FREQ_GHZ=1.0
[pim-debug] op plan (logical shapes inferred from schedule cfg):
  - op#00  op=Q        shard=0   x=[1x4096] + w=[2048x4096]  ->  y=[1x2048]  (T=1, K=1026)
  - op#01  op=QK       shard=1   q=[16x1x128] + k=[16x128x1026]  ->  y=[16x1x1026]  (T=1, K=1026)
  - op#02  op=Softmax  shard=1   scores=[16x1x1026]  ->  y=[16x1x1026]  (T=1, K=1026)
  - op#03  op=SV       shard=1   p=[16x1x1026] + v=[16x1026x128]  ->  y=[16x1x128]  (T=1, K=1026)
  - op#04  op=O        shard=1   x=[1x2048] + w=[4096x2048]  ->  y=[1x4096]  (T=1, K=1026)
  - op#05  op=FFN_W3   shard=0   x=[1x4096] + w=[5504x4096]  ->  y=[1x5504]  (T=1, K=1026)
  - op#06  op=SwiGLU   shard=0   a=[1x5504] + b=[1x5504]  ->  y=[1x5504]  (T=1, K=1026)
  - op#07  op=FFN_W2   shard=0   x=[1x5504] + w=[4096x5504]  ->  y=[1x4096]  (T=1, K=1026)
[pim-debug] NOTE: CENT(AiM) trace backend internally uses x shape (1,1,dim) and handles prefill by repeating ops;
           the table below shows the *effective parameters* passed into cost_model_pim_backend for each op.
[pim-debug] op#00 op=Q        norm=q_proj     sh=0  dim=4096  heads=16  hd=128 q_dim=2048  kv_heads=16  kv_dim=2048  o_dim=2048  ffn_dim=5504   seqlen=1026   qlen=1   cache=N lat=    0.004ms cycles≈4428
[pim-debug] op#01 op=QK       norm=score      sh=1  dim=4096  heads=16  hd=128 q_dim=2048  kv_heads=16  kv_dim=2048  o_dim=2048  ffn_dim=5504   seqlen=1026   qlen=1   cache=N lat=    0.005ms cycles≈5424
[pim-debug] op#02 op=Softmax  norm=softmax    sh=1  dim=4096  heads=16  hd=128 q_dim=2048  kv_heads=16  kv_dim=2048  o_dim=2048  ffn_dim=5504   seqlen=1026   qlen=1   cache=N lat=    0.004ms cycles≈4057
[pim-debug] op#03 op=SV       norm=output     sh=1  dim=4096  heads=16  hd=128 q_dim=2048  kv_heads=16  kv_dim=2048  o_dim=2048  ffn_dim=5504   seqlen=1026   qlen=1   cache=N lat=    0.004ms cycles≈3698
[pim-debug] op#04 op=O        norm=wo_proj    sh=1  dim=4096  heads=16  hd=128 q_dim=2048  kv_heads=16  kv_dim=2048  o_dim=2048  ffn_dim=5504   seqlen=1026   qlen=1   cache=N lat=    0.004ms cycles≈4062
[pim-debug] op#05 op=FFN_W3   norm=ffn_up     sh=0  dim=4096  heads=16  hd=128 q_dim=2048  kv_heads=16  kv_dim=2048  o_dim=2048  ffn_dim=5504   seqlen=1026   qlen=1   cache=N lat=    0.011ms cycles≈10896
[pim-debug] op#06 op=SwiGLU   norm=silu       sh=0  dim=4096  heads=16  hd=128 q_dim=2048  kv_heads=16  kv_dim=2048  o_dim=2048  ffn_dim=5504   seqlen=1026   qlen=1   cache=N lat=    0.001ms cycles≈503
[pim-debug] op#07 op=FFN_W2   norm=ffn_down   sh=0  dim=4096  heads=16  hd=128 q_dim=2048  kv_heads=16  kv_dim=2048  o_dim=2048  ffn_dim=5504   seqlen=1026   qlen=1   cache=N lat=    0.011ms cycles≈11466
[pim-debug] segment total latency: 0.045 ms
========================================================================================
[pim-debug] segment_key=pim|decode|1|98e1f7e1ba923edadad4d80fdfc1c4f1
[pim-debug] sig: device_type=pim phase=decode step=1 (count_hint=1)
[pim-debug] ops_repr: LN:-1,Q:0,QK:0,Softmax:0,SV:0,O:0,Add:-1,LN:-1,FFN_W3:1,FFN_W2:1,SwiGLU:0,Add:-1
[pim-debug] cfg: shard_policy='fine' shards=2 dim=4096 ffn_dim=11008 n_heads=32 n_kv_heads=auto->n_heads
[pim-debug] pim_config=/lustre/home/2501111916/workspace/XPUPIM_0226_gpupim_parameter/TriForm/algorithms/aim_simulator/PIM_AiM.json
[pim-debug] ramulator_config=/lustre/home/2501111916/workspace/XPUPIM_0226_gpupim_parameter/TriForm/algorithms/aim_simulator/example.yaml
[pim-debug] cost_model config.PIM_FREQ_GHZ=1.0
[pim-debug] op plan (logical shapes inferred from schedule cfg):
  - op#00  op=LN       shard=-1  x=[1x4096] + w=[4096]  ->  y=[1x4096]  (T=1, K=1026)
  - op#01  op=Q        shard=0   x=[1x4096] + w=[2048x4096]  ->  y=[1x2048]  (T=1, K=1026)
  - op#02  op=QK       shard=0   q=[16x1x128] + k=[16x128x1026]  ->  y=[16x1x1026]  (T=1, K=1026)
  - op#03  op=Softmax  shard=0   scores=[16x1x1026]  ->  y=[16x1x1026]  (T=1, K=1026)
  - op#04  op=SV       shard=0   p=[16x1x1026] + v=[16x1026x128]  ->  y=[16x1x128]  (T=1, K=1026)
  - op#05  op=O        shard=0   x=[1x2048] + w=[4096x2048]  ->  y=[1x4096]  (T=1, K=1026)
  - op#06  op=Add      shard=-1  a=[1x4096] + b=[1x4096]  ->  y=[1x4096]  (T=1, K=1026)
  - op#07  op=LN       shard=-1  x=[1x4096] + w=[4096]  ->  y=[1x4096]  (T=1, K=1026)
  - op#08  op=FFN_W3   shard=1   x=[1x4096] + w=[5504x4096]  ->  y=[1x5504]  (T=1, K=1026)
  - op#09  op=FFN_W2   shard=1   x=[1x5504] + w=[4096x5504]  ->  y=[1x4096]  (T=1, K=1026)
  - op#10  op=SwiGLU   shard=0   a=[1x5504] + b=[1x5504]  ->  y=[1x5504]  (T=1, K=1026)
  - op#11  op=Add      shard=-1  a=[1x4096] + b=[1x4096]  ->  y=[1x4096]  (T=1, K=1026)
[pim-debug] NOTE: CENT(AiM) trace backend internally uses x shape (1,1,dim) and handles prefill by repeating ops;
           the table below shows the *effective parameters* passed into cost_model_pim_backend for each op.
[pim-debug] op#00 op=LN       norm=rmsnorm    sh=-1 dim=4096  heads=32  hd=128 q_dim=4096  kv_heads=32  kv_dim=4096  o_dim=4096  ffn_dim=11008  seqlen=1026   qlen=1   cache=N lat=    0.001ms cycles≈1314
[pim-debug] op#01 op=Q        norm=q_proj     sh=0  dim=4096  heads=16  hd=128 q_dim=2048  kv_heads=16  kv_dim=2048  o_dim=2048  ffn_dim=5504   seqlen=1026   qlen=1   cache=N lat=    0.004ms cycles≈4428
[pim-debug] op#02 op=QK       norm=score      sh=0  dim=4096  heads=16  hd=128 q_dim=2048  kv_heads=16  kv_dim=2048  o_dim=2048  ffn_dim=5504   seqlen=1026   qlen=1   cache=N lat=    0.005ms cycles≈5424
[pim-debug] op#03 op=Softmax  norm=softmax    sh=0  dim=4096  heads=16  hd=128 q_dim=2048  kv_heads=16  kv_dim=2048  o_dim=2048  ffn_dim=5504   seqlen=1026   qlen=1   cache=N lat=    0.004ms cycles≈4057
[pim-debug] op#04 op=SV       norm=output     sh=0  dim=4096  heads=16  hd=128 q_dim=2048  kv_heads=16  kv_dim=2048  o_dim=2048  ffn_dim=5504   seqlen=1026   qlen=1   cache=N lat=    0.004ms cycles≈3698
[pim-debug] op#05 op=O        norm=wo_proj    sh=0  dim=4096  heads=16  hd=128 q_dim=2048  kv_heads=16  kv_dim=2048  o_dim=2048  ffn_dim=5504   seqlen=1026   qlen=1   cache=N lat=    0.004ms cycles≈4062
[pim-debug] op#06 op=Add      norm=residual   sh=-1 dim=4096  heads=32  hd=128 q_dim=4096  kv_heads=32  kv_dim=4096  o_dim=4096  ffn_dim=11008  seqlen=1026   qlen=1   cache=N lat=    0.000ms cycles≈3
[pim-debug] op#07 op=LN       norm=rmsnorm    sh=-1 dim=4096  heads=32  hd=128 q_dim=4096  kv_heads=32  kv_dim=4096  o_dim=4096  ffn_dim=11008  seqlen=1026   qlen=1   cache=N lat=    0.001ms cycles≈1314
[pim-debug] op#08 op=FFN_W3   norm=ffn_up     sh=1  dim=4096  heads=16  hd=128 q_dim=2048  kv_heads=16  kv_dim=2048  o_dim=2048  ffn_dim=5504   seqlen=1026   qlen=1   cache=N lat=    0.011ms cycles≈10896
[pim-debug] op#09 op=FFN_W2   norm=ffn_down   sh=1  dim=4096  heads=16  hd=128 q_dim=2048  kv_heads=16  kv_dim=2048  o_dim=2048  ffn_dim=5504   seqlen=1026   qlen=1   cache=N lat=    0.011ms cycles≈11466
[pim-debug] op#10 op=SwiGLU   norm=silu       sh=0  dim=4096  heads=16  hd=128 q_dim=2048  kv_heads=16  kv_dim=2048  o_dim=2048  ffn_dim=5504   seqlen=1026   qlen=1   cache=N lat=    0.001ms cycles≈503
[pim-debug] op#11 op=Add      norm=residual   sh=-1 dim=4096  heads=32  hd=128 q_dim=4096  kv_heads=32  kv_dim=4096  o_dim=4096  ffn_dim=11008  seqlen=1026   qlen=1   cache=N lat=    0.000ms cycles≈3
[pim-debug] segment total latency: 0.047 ms
========================================================================================
[pim-debug] segment_key=pim|decode|1|99625c0ec31ffbccaf04529b0f023c0d
[pim-debug] sig: device_type=pim phase=decode step=1 (count_hint=1)
[pim-debug] ops_repr: Q:0,QK:1,SV:1,O:0,FFN_W3:0,SwiGLU:0,FFN_W2:0
[pim-debug] cfg: shard_policy='fine' shards=2 dim=4096 ffn_dim=11008 n_heads=32 n_kv_heads=auto->n_heads
[pim-debug] pim_config=/lustre/home/2501111916/workspace/XPUPIM_0226_gpupim_parameter/TriForm/algorithms/aim_simulator/PIM_AiM.json
[pim-debug] ramulator_config=/lustre/home/2501111916/workspace/XPUPIM_0226_gpupim_parameter/TriForm/algorithms/aim_simulator/example.yaml
[pim-debug] cost_model config.PIM_FREQ_GHZ=1.0
[pim-debug] op plan (logical shapes inferred from schedule cfg):
  - op#00  op=Q        shard=0   x=[1x4096] + w=[2048x4096]  ->  y=[1x2048]  (T=1, K=1026)
  - op#01  op=QK       shard=1   q=[16x1x128] + k=[16x128x1026]  ->  y=[16x1x1026]  (T=1, K=1026)
  - op#02  op=SV       shard=1   p=[16x1x1026] + v=[16x1026x128]  ->  y=[16x1x128]  (T=1, K=1026)
  - op#03  op=O        shard=0   x=[1x2048] + w=[4096x2048]  ->  y=[1x4096]  (T=1, K=1026)
  - op#04  op=FFN_W3   shard=0   x=[1x4096] + w=[5504x4096]  ->  y=[1x5504]  (T=1, K=1026)
  - op#05  op=SwiGLU   shard=0   a=[1x5504] + b=[1x5504]  ->  y=[1x5504]  (T=1, K=1026)
  - op#06  op=FFN_W2   shard=0   x=[1x5504] + w=[4096x5504]  ->  y=[1x4096]  (T=1, K=1026)
[pim-debug] NOTE: CENT(AiM) trace backend internally uses x shape (1,1,dim) and handles prefill by repeating ops;
           the table below shows the *effective parameters* passed into cost_model_pim_backend for each op.
[pim-debug] op#00 op=Q        norm=q_proj     sh=0  dim=4096  heads=16  hd=128 q_dim=2048  kv_heads=16  kv_dim=2048  o_dim=2048  ffn_dim=5504   seqlen=1026   qlen=1   cache=N lat=    0.004ms cycles≈4428
[pim-debug] op#01 op=QK       norm=score      sh=1  dim=4096  heads=16  hd=128 q_dim=2048  kv_heads=16  kv_dim=2048  o_dim=2048  ffn_dim=5504   seqlen=1026   qlen=1   cache=N lat=    0.005ms cycles≈5424
[pim-debug] op#02 op=SV       norm=output     sh=1  dim=4096  heads=16  hd=128 q_dim=2048  kv_heads=16  kv_dim=2048  o_dim=2048  ffn_dim=5504   seqlen=1026   qlen=1   cache=N lat=    0.004ms cycles≈3698
[pim-debug] op#03 op=O        norm=wo_proj    sh=0  dim=4096  heads=16  hd=128 q_dim=2048  kv_heads=16  kv_dim=2048  o_dim=2048  ffn_dim=5504   seqlen=1026   qlen=1   cache=N lat=    0.004ms cycles≈4062
[pim-debug] op#04 op=FFN_W3   norm=ffn_up     sh=0  dim=4096  heads=16  hd=128 q_dim=2048  kv_heads=16  kv_dim=2048  o_dim=2048  ffn_dim=5504   seqlen=1026   qlen=1   cache=N lat=    0.011ms cycles≈10896
[pim-debug] op#05 op=SwiGLU   norm=silu       sh=0  dim=4096  heads=16  hd=128 q_dim=2048  kv_heads=16  kv_dim=2048  o_dim=2048  ffn_dim=5504   seqlen=1026   qlen=1   cache=N lat=    0.001ms cycles≈503
[pim-debug] op#06 op=FFN_W2   norm=ffn_down   sh=0  dim=4096  heads=16  hd=128 q_dim=2048  kv_heads=16  kv_dim=2048  o_dim=2048  ffn_dim=5504   seqlen=1026   qlen=1   cache=N lat=    0.011ms cycles≈11466
[pim-debug] segment total latency: 0.040 ms
========================================================================================
[pim-debug] segment_key=pim|decode|1|9b97e7419f749ba1c6d9020d205384d4
[pim-debug] sig: device_type=pim phase=decode step=1 (count_hint=1)
[pim-debug] ops_repr: Q:1,QK:1,Softmax:1,SV:1,O:1,FFN_W3:1,FFN_W2:1
[pim-debug] cfg: shard_policy='fine' shards=2 dim=4096 ffn_dim=11008 n_heads=32 n_kv_heads=auto->n_heads
[pim-debug] pim_config=/lustre/home/2501111916/workspace/XPUPIM_0226_gpupim_parameter/TriForm/algorithms/aim_simulator/PIM_AiM.json
[pim-debug] ramulator_config=/lustre/home/2501111916/workspace/XPUPIM_0226_gpupim_parameter/TriForm/algorithms/aim_simulator/example.yaml
[pim-debug] cost_model config.PIM_FREQ_GHZ=1.0
[pim-debug] op plan (logical shapes inferred from schedule cfg):
  - op#00  op=Q        shard=1   x=[1x4096] + w=[2048x4096]  ->  y=[1x2048]  (T=1, K=1026)
  - op#01  op=QK       shard=1   q=[16x1x128] + k=[16x128x1026]  ->  y=[16x1x1026]  (T=1, K=1026)
  - op#02  op=Softmax  shard=1   scores=[16x1x1026]  ->  y=[16x1x1026]  (T=1, K=1026)
  - op#03  op=SV       shard=1   p=[16x1x1026] + v=[16x1026x128]  ->  y=[16x1x128]  (T=1, K=1026)
  - op#04  op=O        shard=1   x=[1x2048] + w=[4096x2048]  ->  y=[1x4096]  (T=1, K=1026)
  - op#05  op=FFN_W3   shard=1   x=[1x4096] + w=[5504x4096]  ->  y=[1x5504]  (T=1, K=1026)
  - op#06  op=FFN_W2   shard=1   x=[1x5504] + w=[4096x5504]  ->  y=[1x4096]  (T=1, K=1026)
[pim-debug] NOTE: CENT(AiM) trace backend internally uses x shape (1,1,dim) and handles prefill by repeating ops;
           the table below shows the *effective parameters* passed into cost_model_pim_backend for each op.
[pim-debug] op#00 op=Q        norm=q_proj     sh=1  dim=4096  heads=16  hd=128 q_dim=2048  kv_heads=16  kv_dim=2048  o_dim=2048  ffn_dim=5504   seqlen=1026   qlen=1   cache=N lat=    0.004ms cycles≈4428
[pim-debug] op#01 op=QK       norm=score      sh=1  dim=4096  heads=16  hd=128 q_dim=2048  kv_heads=16  kv_dim=2048  o_dim=2048  ffn_dim=5504   seqlen=1026   qlen=1   cache=N lat=    0.005ms cycles≈5424
[pim-debug] op#02 op=Softmax  norm=softmax    sh=1  dim=4096  heads=16  hd=128 q_dim=2048  kv_heads=16  kv_dim=2048  o_dim=2048  ffn_dim=5504   seqlen=1026   qlen=1   cache=N lat=    0.004ms cycles≈4057
[pim-debug] op#03 op=SV       norm=output     sh=1  dim=4096  heads=16  hd=128 q_dim=2048  kv_heads=16  kv_dim=2048  o_dim=2048  ffn_dim=5504   seqlen=1026   qlen=1   cache=N lat=    0.004ms cycles≈3698
[pim-debug] op#04 op=O        norm=wo_proj    sh=1  dim=4096  heads=16  hd=128 q_dim=2048  kv_heads=16  kv_dim=2048  o_dim=2048  ffn_dim=5504   seqlen=1026   qlen=1   cache=N lat=    0.004ms cycles≈4062
[pim-debug] op#05 op=FFN_W3   norm=ffn_up     sh=1  dim=4096  heads=16  hd=128 q_dim=2048  kv_heads=16  kv_dim=2048  o_dim=2048  ffn_dim=5504   seqlen=1026   qlen=1   cache=N lat=    0.011ms cycles≈10896
[pim-debug] op#06 op=FFN_W2   norm=ffn_down   sh=1  dim=4096  heads=16  hd=128 q_dim=2048  kv_heads=16  kv_dim=2048  o_dim=2048  ffn_dim=5504   seqlen=1026   qlen=1   cache=N lat=    0.011ms cycles≈11466
[pim-debug] segment total latency: 0.044 ms
========================================================================================
[pim-debug] segment_key=pim|decode|1|acd79a07d238c79feeb458c40901e1d5
[pim-debug] sig: device_type=pim phase=decode step=1 (count_hint=2)
[pim-debug] ops_repr: Q:0,QK:1,SV:1,O:0,FFN_W3:0,SwiGLU:1,SwiGLU:0,FFN_W2:0
[pim-debug] cfg: shard_policy='fine' shards=2 dim=4096 ffn_dim=11008 n_heads=32 n_kv_heads=auto->n_heads
[pim-debug] pim_config=/lustre/home/2501111916/workspace/XPUPIM_0226_gpupim_parameter/TriForm/algorithms/aim_simulator/PIM_AiM.json
[pim-debug] ramulator_config=/lustre/home/2501111916/workspace/XPUPIM_0226_gpupim_parameter/TriForm/algorithms/aim_simulator/example.yaml
[pim-debug] cost_model config.PIM_FREQ_GHZ=1.0
[pim-debug] op plan (logical shapes inferred from schedule cfg):
  - op#00  op=Q        shard=0   x=[1x4096] + w=[2048x4096]  ->  y=[1x2048]  (T=1, K=1026)
  - op#01  op=QK       shard=1   q=[16x1x128] + k=[16x128x1026]  ->  y=[16x1x1026]  (T=1, K=1026)
  - op#02  op=SV       shard=1   p=[16x1x1026] + v=[16x1026x128]  ->  y=[16x1x128]  (T=1, K=1026)
  - op#03  op=O        shard=0   x=[1x2048] + w=[4096x2048]  ->  y=[1x4096]  (T=1, K=1026)
  - op#04  op=FFN_W3   shard=0   x=[1x4096] + w=[5504x4096]  ->  y=[1x5504]  (T=1, K=1026)
  - op#05  op=SwiGLU   shard=1   a=[1x5504] + b=[1x5504]  ->  y=[1x5504]  (T=1, K=1026)
  - op#06  op=SwiGLU   shard=0   a=[1x5504] + b=[1x5504]  ->  y=[1x5504]  (T=1, K=1026)
  - op#07  op=FFN_W2   shard=0   x=[1x5504] + w=[4096x5504]  ->  y=[1x4096]  (T=1, K=1026)
[pim-debug] NOTE: CENT(AiM) trace backend internally uses x shape (1,1,dim) and handles prefill by repeating ops;
           the table below shows the *effective parameters* passed into cost_model_pim_backend for each op.
[pim-debug] op#00 op=Q        norm=q_proj     sh=0  dim=4096  heads=16  hd=128 q_dim=2048  kv_heads=16  kv_dim=2048  o_dim=2048  ffn_dim=5504   seqlen=1026   qlen=1   cache=N lat=    0.004ms cycles≈4428
[pim-debug] op#01 op=QK       norm=score      sh=1  dim=4096  heads=16  hd=128 q_dim=2048  kv_heads=16  kv_dim=2048  o_dim=2048  ffn_dim=5504   seqlen=1026   qlen=1   cache=N lat=    0.005ms cycles≈5424
[pim-debug] op#02 op=SV       norm=output     sh=1  dim=4096  heads=16  hd=128 q_dim=2048  kv_heads=16  kv_dim=2048  o_dim=2048  ffn_dim=5504   seqlen=1026   qlen=1   cache=N lat=    0.004ms cycles≈3698
[pim-debug] op#03 op=O        norm=wo_proj    sh=0  dim=4096  heads=16  hd=128 q_dim=2048  kv_heads=16  kv_dim=2048  o_dim=2048  ffn_dim=5504   seqlen=1026   qlen=1   cache=N lat=    0.004ms cycles≈4062
[pim-debug] op#04 op=FFN_W3   norm=ffn_up     sh=0  dim=4096  heads=16  hd=128 q_dim=2048  kv_heads=16  kv_dim=2048  o_dim=2048  ffn_dim=5504   seqlen=1026   qlen=1   cache=N lat=    0.011ms cycles≈10896
[pim-debug] op#05 op=SwiGLU   norm=silu       sh=1  dim=4096  heads=16  hd=128 q_dim=2048  kv_heads=16  kv_dim=2048  o_dim=2048  ffn_dim=5504   seqlen=1026   qlen=1   cache=N lat=    0.001ms cycles≈503
[pim-debug] op#06 op=SwiGLU   norm=silu       sh=0  dim=4096  heads=16  hd=128 q_dim=2048  kv_heads=16  kv_dim=2048  o_dim=2048  ffn_dim=5504   seqlen=1026   qlen=1   cache=N lat=    0.001ms cycles≈503
[pim-debug] op#07 op=FFN_W2   norm=ffn_down   sh=0  dim=4096  heads=16  hd=128 q_dim=2048  kv_heads=16  kv_dim=2048  o_dim=2048  ffn_dim=5504   seqlen=1026   qlen=1   cache=N lat=    0.011ms cycles≈11466
[pim-debug] segment total latency: 0.041 ms
========================================================================================
[pim-debug] segment_key=pim|decode|1|b48d30930923a1363760947283906f65
[pim-debug] sig: device_type=pim phase=decode step=1 (count_hint=1)
[pim-debug] ops_repr: LN:-1,Q:1,QK:0,O:1,SV:0,Add:-1,LN:-1,FFN_W3:1,SwiGLU:1,FFN_W2:1,Add:-1
[pim-debug] cfg: shard_policy='fine' shards=2 dim=4096 ffn_dim=11008 n_heads=32 n_kv_heads=auto->n_heads
[pim-debug] pim_config=/lustre/home/2501111916/workspace/XPUPIM_0226_gpupim_parameter/TriForm/algorithms/aim_simulator/PIM_AiM.json
[pim-debug] ramulator_config=/lustre/home/2501111916/workspace/XPUPIM_0226_gpupim_parameter/TriForm/algorithms/aim_simulator/example.yaml
[pim-debug] cost_model config.PIM_FREQ_GHZ=1.0
[pim-debug] op plan (logical shapes inferred from schedule cfg):
  - op#00  op=LN       shard=-1  x=[1x4096] + w=[4096]  ->  y=[1x4096]  (T=1, K=1026)
  - op#01  op=Q        shard=1   x=[1x4096] + w=[2048x4096]  ->  y=[1x2048]  (T=1, K=1026)
  - op#02  op=QK       shard=0   q=[16x1x128] + k=[16x128x1026]  ->  y=[16x1x1026]  (T=1, K=1026)
  - op#03  op=O        shard=1   x=[1x2048] + w=[4096x2048]  ->  y=[1x4096]  (T=1, K=1026)
  - op#04  op=SV       shard=0   p=[16x1x1026] + v=[16x1026x128]  ->  y=[16x1x128]  (T=1, K=1026)
  - op#05  op=Add      shard=-1  a=[1x4096] + b=[1x4096]  ->  y=[1x4096]  (T=1, K=1026)
  - op#06  op=LN       shard=-1  x=[1x4096] + w=[4096]  ->  y=[1x4096]  (T=1, K=1026)
  - op#07  op=FFN_W3   shard=1   x=[1x4096] + w=[5504x4096]  ->  y=[1x5504]  (T=1, K=1026)
  - op#08  op=SwiGLU   shard=1   a=[1x5504] + b=[1x5504]  ->  y=[1x5504]  (T=1, K=1026)
  - op#09  op=FFN_W2   shard=1   x=[1x5504] + w=[4096x5504]  ->  y=[1x4096]  (T=1, K=1026)
  - op#10  op=Add      shard=-1  a=[1x4096] + b=[1x4096]  ->  y=[1x4096]  (T=1, K=1026)
[pim-debug] NOTE: CENT(AiM) trace backend internally uses x shape (1,1,dim) and handles prefill by repeating ops;
           the table below shows the *effective parameters* passed into cost_model_pim_backend for each op.
[pim-debug] op#00 op=LN       norm=rmsnorm    sh=-1 dim=4096  heads=32  hd=128 q_dim=4096  kv_heads=32  kv_dim=4096  o_dim=4096  ffn_dim=11008  seqlen=1026   qlen=1   cache=N lat=    0.001ms cycles≈1314
[pim-debug] op#01 op=Q        norm=q_proj     sh=1  dim=4096  heads=16  hd=128 q_dim=2048  kv_heads=16  kv_dim=2048  o_dim=2048  ffn_dim=5504   seqlen=1026   qlen=1   cache=N lat=    0.004ms cycles≈4428
[pim-debug] op#02 op=QK       norm=score      sh=0  dim=4096  heads=16  hd=128 q_dim=2048  kv_heads=16  kv_dim=2048  o_dim=2048  ffn_dim=5504   seqlen=1026   qlen=1   cache=N lat=    0.005ms cycles≈5424
[pim-debug] op#03 op=O        norm=wo_proj    sh=1  dim=4096  heads=16  hd=128 q_dim=2048  kv_heads=16  kv_dim=2048  o_dim=2048  ffn_dim=5504   seqlen=1026   qlen=1   cache=N lat=    0.004ms cycles≈4062
[pim-debug] op#04 op=SV       norm=output     sh=0  dim=4096  heads=16  hd=128 q_dim=2048  kv_heads=16  kv_dim=2048  o_dim=2048  ffn_dim=5504   seqlen=1026   qlen=1   cache=N lat=    0.004ms cycles≈3698
[pim-debug] op#05 op=Add      norm=residual   sh=-1 dim=4096  heads=32  hd=128 q_dim=4096  kv_heads=32  kv_dim=4096  o_dim=4096  ffn_dim=11008  seqlen=1026   qlen=1   cache=N lat=    0.000ms cycles≈3
[pim-debug] op#06 op=LN       norm=rmsnorm    sh=-1 dim=4096  heads=32  hd=128 q_dim=4096  kv_heads=32  kv_dim=4096  o_dim=4096  ffn_dim=11008  seqlen=1026   qlen=1   cache=N lat=    0.001ms cycles≈1314
[pim-debug] op#07 op=FFN_W3   norm=ffn_up     sh=1  dim=4096  heads=16  hd=128 q_dim=2048  kv_heads=16  kv_dim=2048  o_dim=2048  ffn_dim=5504   seqlen=1026   qlen=1   cache=N lat=    0.011ms cycles≈10896
[pim-debug] op#08 op=SwiGLU   norm=silu       sh=1  dim=4096  heads=16  hd=128 q_dim=2048  kv_heads=16  kv_dim=2048  o_dim=2048  ffn_dim=5504   seqlen=1026   qlen=1   cache=N lat=    0.001ms cycles≈503
[pim-debug] op#09 op=FFN_W2   norm=ffn_down   sh=1  dim=4096  heads=16  hd=128 q_dim=2048  kv_heads=16  kv_dim=2048  o_dim=2048  ffn_dim=5504   seqlen=1026   qlen=1   cache=N lat=    0.011ms cycles≈11466
[pim-debug] op#10 op=Add      norm=residual   sh=-1 dim=4096  heads=32  hd=128 q_dim=4096  kv_heads=32  kv_dim=4096  o_dim=4096  ffn_dim=11008  seqlen=1026   qlen=1   cache=N lat=    0.000ms cycles≈3
[pim-debug] segment total latency: 0.043 ms
========================================================================================
[pim-debug] segment_key=pim|decode|1|b9509d58ce4c38f9fb67fee8e8cd508d
[pim-debug] sig: device_type=pim phase=decode step=1 (count_hint=2)
[pim-debug] ops_repr: LN:-1,Q:1,QK:0,O:1,SV:0,Add:-1,LN:-1,FFN_W3:1,FFN_W2:1,Add:-1
[pim-debug] cfg: shard_policy='fine' shards=2 dim=4096 ffn_dim=11008 n_heads=32 n_kv_heads=auto->n_heads
[pim-debug] pim_config=/lustre/home/2501111916/workspace/XPUPIM_0226_gpupim_parameter/TriForm/algorithms/aim_simulator/PIM_AiM.json
[pim-debug] ramulator_config=/lustre/home/2501111916/workspace/XPUPIM_0226_gpupim_parameter/TriForm/algorithms/aim_simulator/example.yaml
[pim-debug] cost_model config.PIM_FREQ_GHZ=1.0
[pim-debug] op plan (logical shapes inferred from schedule cfg):
  - op#00  op=LN       shard=-1  x=[1x4096] + w=[4096]  ->  y=[1x4096]  (T=1, K=1026)
  - op#01  op=Q        shard=1   x=[1x4096] + w=[2048x4096]  ->  y=[1x2048]  (T=1, K=1026)
  - op#02  op=QK       shard=0   q=[16x1x128] + k=[16x128x1026]  ->  y=[16x1x1026]  (T=1, K=1026)
  - op#03  op=O        shard=1   x=[1x2048] + w=[4096x2048]  ->  y=[1x4096]  (T=1, K=1026)
  - op#04  op=SV       shard=0   p=[16x1x1026] + v=[16x1026x128]  ->  y=[16x1x128]  (T=1, K=1026)
  - op#05  op=Add      shard=-1  a=[1x4096] + b=[1x4096]  ->  y=[1x4096]  (T=1, K=1026)
  - op#06  op=LN       shard=-1  x=[1x4096] + w=[4096]  ->  y=[1x4096]  (T=1, K=1026)
  - op#07  op=FFN_W3   shard=1   x=[1x4096] + w=[5504x4096]  ->  y=[1x5504]  (T=1, K=1026)
  - op#08  op=FFN_W2   shard=1   x=[1x5504] + w=[4096x5504]  ->  y=[1x4096]  (T=1, K=1026)
  - op#09  op=Add      shard=-1  a=[1x4096] + b=[1x4096]  ->  y=[1x4096]  (T=1, K=1026)
[pim-debug] NOTE: CENT(AiM) trace backend internally uses x shape (1,1,dim) and handles prefill by repeating ops;
           the table below shows the *effective parameters* passed into cost_model_pim_backend for each op.
[pim-debug] op#00 op=LN       norm=rmsnorm    sh=-1 dim=4096  heads=32  hd=128 q_dim=4096  kv_heads=32  kv_dim=4096  o_dim=4096  ffn_dim=11008  seqlen=1026   qlen=1   cache=N lat=    0.001ms cycles≈1314
[pim-debug] op#01 op=Q        norm=q_proj     sh=1  dim=4096  heads=16  hd=128 q_dim=2048  kv_heads=16  kv_dim=2048  o_dim=2048  ffn_dim=5504   seqlen=1026   qlen=1   cache=N lat=    0.004ms cycles≈4428
[pim-debug] op#02 op=QK       norm=score      sh=0  dim=4096  heads=16  hd=128 q_dim=2048  kv_heads=16  kv_dim=2048  o_dim=2048  ffn_dim=5504   seqlen=1026   qlen=1   cache=N lat=    0.005ms cycles≈5424
[pim-debug] op#03 op=O        norm=wo_proj    sh=1  dim=4096  heads=16  hd=128 q_dim=2048  kv_heads=16  kv_dim=2048  o_dim=2048  ffn_dim=5504   seqlen=1026   qlen=1   cache=N lat=    0.004ms cycles≈4062
[pim-debug] op#04 op=SV       norm=output     sh=0  dim=4096  heads=16  hd=128 q_dim=2048  kv_heads=16  kv_dim=2048  o_dim=2048  ffn_dim=5504   seqlen=1026   qlen=1   cache=N lat=    0.004ms cycles≈3698
[pim-debug] op#05 op=Add      norm=residual   sh=-1 dim=4096  heads=32  hd=128 q_dim=4096  kv_heads=32  kv_dim=4096  o_dim=4096  ffn_dim=11008  seqlen=1026   qlen=1   cache=N lat=    0.000ms cycles≈3
[pim-debug] op#06 op=LN       norm=rmsnorm    sh=-1 dim=4096  heads=32  hd=128 q_dim=4096  kv_heads=32  kv_dim=4096  o_dim=4096  ffn_dim=11008  seqlen=1026   qlen=1   cache=N lat=    0.001ms cycles≈1314
[pim-debug] op#07 op=FFN_W3   norm=ffn_up     sh=1  dim=4096  heads=16  hd=128 q_dim=2048  kv_heads=16  kv_dim=2048  o_dim=2048  ffn_dim=5504   seqlen=1026   qlen=1   cache=N lat=    0.011ms cycles≈10896
[pim-debug] op#08 op=FFN_W2   norm=ffn_down   sh=1  dim=4096  heads=16  hd=128 q_dim=2048  kv_heads=16  kv_dim=2048  o_dim=2048  ffn_dim=5504   seqlen=1026   qlen=1   cache=N lat=    0.011ms cycles≈11466
[pim-debug] op#09 op=Add      norm=residual   sh=-1 dim=4096  heads=32  hd=128 q_dim=4096  kv_heads=32  kv_dim=4096  o_dim=4096  ffn_dim=11008  seqlen=1026   qlen=1   cache=N lat=    0.000ms cycles≈3
[pim-debug] segment total latency: 0.043 ms
========================================================================================
[pim-debug] segment_key=pim|decode|1|c682606332607f925f5b7c380eef0ae4
[pim-debug] sig: device_type=pim phase=decode step=1 (count_hint=1)
[pim-debug] ops_repr: LN:-1,Q:1,QK:0,O:1,SV:0,Add:-1,LN:-1,FFN_W3:0,SwiGLU:0,FFN_W2:0,SwiGLU:1,Add:-1
[pim-debug] cfg: shard_policy='fine' shards=2 dim=4096 ffn_dim=11008 n_heads=32 n_kv_heads=auto->n_heads
[pim-debug] pim_config=/lustre/home/2501111916/workspace/XPUPIM_0226_gpupim_parameter/TriForm/algorithms/aim_simulator/PIM_AiM.json
[pim-debug] ramulator_config=/lustre/home/2501111916/workspace/XPUPIM_0226_gpupim_parameter/TriForm/algorithms/aim_simulator/example.yaml
[pim-debug] cost_model config.PIM_FREQ_GHZ=1.0
[pim-debug] op plan (logical shapes inferred from schedule cfg):
  - op#00  op=LN       shard=-1  x=[1x4096] + w=[4096]  ->  y=[1x4096]  (T=1, K=1026)
  - op#01  op=Q        shard=1   x=[1x4096] + w=[2048x4096]  ->  y=[1x2048]  (T=1, K=1026)
  - op#02  op=QK       shard=0   q=[16x1x128] + k=[16x128x1026]  ->  y=[16x1x1026]  (T=1, K=1026)
  - op#03  op=O        shard=1   x=[1x2048] + w=[4096x2048]  ->  y=[1x4096]  (T=1, K=1026)
  - op#04  op=SV       shard=0   p=[16x1x1026] + v=[16x1026x128]  ->  y=[16x1x128]  (T=1, K=1026)
  - op#05  op=Add      shard=-1  a=[1x4096] + b=[1x4096]  ->  y=[1x4096]  (T=1, K=1026)
  - op#06  op=LN       shard=-1  x=[1x4096] + w=[4096]  ->  y=[1x4096]  (T=1, K=1026)
  - op#07  op=FFN_W3   shard=0   x=[1x4096] + w=[5504x4096]  ->  y=[1x5504]  (T=1, K=1026)
  - op#08  op=SwiGLU   shard=0   a=[1x5504] + b=[1x5504]  ->  y=[1x5504]  (T=1, K=1026)
  - op#09  op=FFN_W2   shard=0   x=[1x5504] + w=[4096x5504]  ->  y=[1x4096]  (T=1, K=1026)
  - op#10  op=SwiGLU   shard=1   a=[1x5504] + b=[1x5504]  ->  y=[1x5504]  (T=1, K=1026)
  - op#11  op=Add      shard=-1  a=[1x4096] + b=[1x4096]  ->  y=[1x4096]  (T=1, K=1026)
[pim-debug] NOTE: CENT(AiM) trace backend internally uses x shape (1,1,dim) and handles prefill by repeating ops;
           the table below shows the *effective parameters* passed into cost_model_pim_backend for each op.
[pim-debug] op#00 op=LN       norm=rmsnorm    sh=-1 dim=4096  heads=32  hd=128 q_dim=4096  kv_heads=32  kv_dim=4096  o_dim=4096  ffn_dim=11008  seqlen=1026   qlen=1   cache=N lat=    0.001ms cycles≈1314
[pim-debug] op#01 op=Q        norm=q_proj     sh=1  dim=4096  heads=16  hd=128 q_dim=2048  kv_heads=16  kv_dim=2048  o_dim=2048  ffn_dim=5504   seqlen=1026   qlen=1   cache=N lat=    0.004ms cycles≈4428
[pim-debug] op#02 op=QK       norm=score      sh=0  dim=4096  heads=16  hd=128 q_dim=2048  kv_heads=16  kv_dim=2048  o_dim=2048  ffn_dim=5504   seqlen=1026   qlen=1   cache=N lat=    0.005ms cycles≈5424
[pim-debug] op#03 op=O        norm=wo_proj    sh=1  dim=4096  heads=16  hd=128 q_dim=2048  kv_heads=16  kv_dim=2048  o_dim=2048  ffn_dim=5504   seqlen=1026   qlen=1   cache=N lat=    0.004ms cycles≈4062
[pim-debug] op#04 op=SV       norm=output     sh=0  dim=4096  heads=16  hd=128 q_dim=2048  kv_heads=16  kv_dim=2048  o_dim=2048  ffn_dim=5504   seqlen=1026   qlen=1   cache=N lat=    0.004ms cycles≈3698
[pim-debug] op#05 op=Add      norm=residual   sh=-1 dim=4096  heads=32  hd=128 q_dim=4096  kv_heads=32  kv_dim=4096  o_dim=4096  ffn_dim=11008  seqlen=1026   qlen=1   cache=N lat=    0.000ms cycles≈3
[pim-debug] op#06 op=LN       norm=rmsnorm    sh=-1 dim=4096  heads=32  hd=128 q_dim=4096  kv_heads=32  kv_dim=4096  o_dim=4096  ffn_dim=11008  seqlen=1026   qlen=1   cache=N lat=    0.001ms cycles≈1314
[pim-debug] op#07 op=FFN_W3   norm=ffn_up     sh=0  dim=4096  heads=16  hd=128 q_dim=2048  kv_heads=16  kv_dim=2048  o_dim=2048  ffn_dim=5504   seqlen=1026   qlen=1   cache=N lat=    0.011ms cycles≈10896
[pim-debug] op#08 op=SwiGLU   norm=silu       sh=0  dim=4096  heads=16  hd=128 q_dim=2048  kv_heads=16  kv_dim=2048  o_dim=2048  ffn_dim=5504   seqlen=1026   qlen=1   cache=N lat=    0.001ms cycles≈503
[pim-debug] op#09 op=FFN_W2   norm=ffn_down   sh=0  dim=4096  heads=16  hd=128 q_dim=2048  kv_heads=16  kv_dim=2048  o_dim=2048  ffn_dim=5504   seqlen=1026   qlen=1   cache=N lat=    0.011ms cycles≈11466
[pim-debug] op#10 op=SwiGLU   norm=silu       sh=1  dim=4096  heads=16  hd=128 q_dim=2048  kv_heads=16  kv_dim=2048  o_dim=2048  ffn_dim=5504   seqlen=1026   qlen=1   cache=N lat=    0.001ms cycles≈503
[pim-debug] op#11 op=Add      norm=residual   sh=-1 dim=4096  heads=32  hd=128 q_dim=4096  kv_heads=32  kv_dim=4096  o_dim=4096  ffn_dim=11008  seqlen=1026   qlen=1   cache=N lat=    0.000ms cycles≈3
[pim-debug] segment total latency: 0.044 ms
========================================================================================
[pim-debug] segment_key=pim|decode|1|c7556c817892f5b8f8e5f432c4c001ca
[pim-debug] sig: device_type=pim phase=decode step=1 (count_hint=1)
[pim-debug] ops_repr: Q:0,QK:1,SV:1,O:0,FFN_W3:1,SwiGLU:1,FFN_W2:1
[pim-debug] cfg: shard_policy='fine' shards=2 dim=4096 ffn_dim=11008 n_heads=32 n_kv_heads=auto->n_heads
[pim-debug] pim_config=/lustre/home/2501111916/workspace/XPUPIM_0226_gpupim_parameter/TriForm/algorithms/aim_simulator/PIM_AiM.json
[pim-debug] ramulator_config=/lustre/home/2501111916/workspace/XPUPIM_0226_gpupim_parameter/TriForm/algorithms/aim_simulator/example.yaml
[pim-debug] cost_model config.PIM_FREQ_GHZ=1.0
[pim-debug] op plan (logical shapes inferred from schedule cfg):
  - op#00  op=Q        shard=0   x=[1x4096] + w=[2048x4096]  ->  y=[1x2048]  (T=1, K=1026)
  - op#01  op=QK       shard=1   q=[16x1x128] + k=[16x128x1026]  ->  y=[16x1x1026]  (T=1, K=1026)
  - op#02  op=SV       shard=1   p=[16x1x1026] + v=[16x1026x128]  ->  y=[16x1x128]  (T=1, K=1026)
  - op#03  op=O        shard=0   x=[1x2048] + w=[4096x2048]  ->  y=[1x4096]  (T=1, K=1026)
  - op#04  op=FFN_W3   shard=1   x=[1x4096] + w=[5504x4096]  ->  y=[1x5504]  (T=1, K=1026)
  - op#05  op=SwiGLU   shard=1   a=[1x5504] + b=[1x5504]  ->  y=[1x5504]  (T=1, K=1026)
  - op#06  op=FFN_W2   shard=1   x=[1x5504] + w=[4096x5504]  ->  y=[1x4096]  (T=1, K=1026)
[pim-debug] NOTE: CENT(AiM) trace backend internally uses x shape (1,1,dim) and handles prefill by repeating ops;
           the table below shows the *effective parameters* passed into cost_model_pim_backend for each op.
[pim-debug] op#00 op=Q        norm=q_proj     sh=0  dim=4096  heads=16  hd=128 q_dim=2048  kv_heads=16  kv_dim=2048  o_dim=2048  ffn_dim=5504   seqlen=1026   qlen=1   cache=N lat=    0.004ms cycles≈4428
[pim-debug] op#01 op=QK       norm=score      sh=1  dim=4096  heads=16  hd=128 q_dim=2048  kv_heads=16  kv_dim=2048  o_dim=2048  ffn_dim=5504   seqlen=1026   qlen=1   cache=N lat=    0.005ms cycles≈5424
[pim-debug] op#02 op=SV       norm=output     sh=1  dim=4096  heads=16  hd=128 q_dim=2048  kv_heads=16  kv_dim=2048  o_dim=2048  ffn_dim=5504   seqlen=1026   qlen=1   cache=N lat=    0.004ms cycles≈3698
[pim-debug] op#03 op=O        norm=wo_proj    sh=0  dim=4096  heads=16  hd=128 q_dim=2048  kv_heads=16  kv_dim=2048  o_dim=2048  ffn_dim=5504   seqlen=1026   qlen=1   cache=N lat=    0.004ms cycles≈4062
[pim-debug] op#04 op=FFN_W3   norm=ffn_up     sh=1  dim=4096  heads=16  hd=128 q_dim=2048  kv_heads=16  kv_dim=2048  o_dim=2048  ffn_dim=5504   seqlen=1026   qlen=1   cache=N lat=    0.011ms cycles≈10896
[pim-debug] op#05 op=SwiGLU   norm=silu       sh=1  dim=4096  heads=16  hd=128 q_dim=2048  kv_heads=16  kv_dim=2048  o_dim=2048  ffn_dim=5504   seqlen=1026   qlen=1   cache=N lat=    0.001ms cycles≈503
[pim-debug] op#06 op=FFN_W2   norm=ffn_down   sh=1  dim=4096  heads=16  hd=128 q_dim=2048  kv_heads=16  kv_dim=2048  o_dim=2048  ffn_dim=5504   seqlen=1026   qlen=1   cache=N lat=    0.011ms cycles≈11466
[pim-debug] segment total latency: 0.040 ms
========================================================================================
[pim-debug] segment_key=pim|decode|1|d62eb5fe6f0328baff7b61cd6b3a8c16
[pim-debug] sig: device_type=pim phase=decode step=1 (count_hint=2)
[pim-debug] ops_repr: Q:0,QK:1,Softmax:1,SV:1,O:1,FFN_W3:1,FFN_W2:1
[pim-debug] cfg: shard_policy='fine' shards=2 dim=4096 ffn_dim=11008 n_heads=32 n_kv_heads=auto->n_heads
[pim-debug] pim_config=/lustre/home/2501111916/workspace/XPUPIM_0226_gpupim_parameter/TriForm/algorithms/aim_simulator/PIM_AiM.json
[pim-debug] ramulator_config=/lustre/home/2501111916/workspace/XPUPIM_0226_gpupim_parameter/TriForm/algorithms/aim_simulator/example.yaml
[pim-debug] cost_model config.PIM_FREQ_GHZ=1.0
[pim-debug] op plan (logical shapes inferred from schedule cfg):
  - op#00  op=Q        shard=0   x=[1x4096] + w=[2048x4096]  ->  y=[1x2048]  (T=1, K=1026)
  - op#01  op=QK       shard=1   q=[16x1x128] + k=[16x128x1026]  ->  y=[16x1x1026]  (T=1, K=1026)
  - op#02  op=Softmax  shard=1   scores=[16x1x1026]  ->  y=[16x1x1026]  (T=1, K=1026)
  - op#03  op=SV       shard=1   p=[16x1x1026] + v=[16x1026x128]  ->  y=[16x1x128]  (T=1, K=1026)
  - op#04  op=O        shard=1   x=[1x2048] + w=[4096x2048]  ->  y=[1x4096]  (T=1, K=1026)
  - op#05  op=FFN_W3   shard=1   x=[1x4096] + w=[5504x4096]  ->  y=[1x5504]  (T=1, K=1026)
  - op#06  op=FFN_W2   shard=1   x=[1x5504] + w=[4096x5504]  ->  y=[1x4096]  (T=1, K=1026)
[pim-debug] NOTE: CENT(AiM) trace backend internally uses x shape (1,1,dim) and handles prefill by repeating ops;
           the table below shows the *effective parameters* passed into cost_model_pim_backend for each op.
[pim-debug] op#00 op=Q        norm=q_proj     sh=0  dim=4096  heads=16  hd=128 q_dim=2048  kv_heads=16  kv_dim=2048  o_dim=2048  ffn_dim=5504   seqlen=1026   qlen=1   cache=N lat=    0.004ms cycles≈4428
[pim-debug] op#01 op=QK       norm=score      sh=1  dim=4096  heads=16  hd=128 q_dim=2048  kv_heads=16  kv_dim=2048  o_dim=2048  ffn_dim=5504   seqlen=1026   qlen=1   cache=N lat=    0.005ms cycles≈5424
[pim-debug] op#02 op=Softmax  norm=softmax    sh=1  dim=4096  heads=16  hd=128 q_dim=2048  kv_heads=16  kv_dim=2048  o_dim=2048  ffn_dim=5504   seqlen=1026   qlen=1   cache=N lat=    0.004ms cycles≈4057
[pim-debug] op#03 op=SV       norm=output     sh=1  dim=4096  heads=16  hd=128 q_dim=2048  kv_heads=16  kv_dim=2048  o_dim=2048  ffn_dim=5504   seqlen=1026   qlen=1   cache=N lat=    0.004ms cycles≈3698
[pim-debug] op#04 op=O        norm=wo_proj    sh=1  dim=4096  heads=16  hd=128 q_dim=2048  kv_heads=16  kv_dim=2048  o_dim=2048  ffn_dim=5504   seqlen=1026   qlen=1   cache=N lat=    0.004ms cycles≈4062
[pim-debug] op#05 op=FFN_W3   norm=ffn_up     sh=1  dim=4096  heads=16  hd=128 q_dim=2048  kv_heads=16  kv_dim=2048  o_dim=2048  ffn_dim=5504   seqlen=1026   qlen=1   cache=N lat=    0.011ms cycles≈10896
[pim-debug] op#06 op=FFN_W2   norm=ffn_down   sh=1  dim=4096  heads=16  hd=128 q_dim=2048  kv_heads=16  kv_dim=2048  o_dim=2048  ffn_dim=5504   seqlen=1026   qlen=1   cache=N lat=    0.011ms cycles≈11466
[pim-debug] segment total latency: 0.044 ms
========================================================================================
[pim-debug] segment_key=pim|decode|1|dcb6f1dbfa5557f97cb69c203f5d9164
[pim-debug] sig: device_type=pim phase=decode step=1 (count_hint=1)
[pim-debug] ops_repr: LN:-1,Q:0,QK:0,Softmax:0,SV:0,O:0,Add:-1,LN:-1,FFN_W3:1,SwiGLU:1,FFN_W2:1,SwiGLU:0,Add:-1
[pim-debug] cfg: shard_policy='fine' shards=2 dim=4096 ffn_dim=11008 n_heads=32 n_kv_heads=auto->n_heads
[pim-debug] pim_config=/lustre/home/2501111916/workspace/XPUPIM_0226_gpupim_parameter/TriForm/algorithms/aim_simulator/PIM_AiM.json
[pim-debug] ramulator_config=/lustre/home/2501111916/workspace/XPUPIM_0226_gpupim_parameter/TriForm/algorithms/aim_simulator/example.yaml
[pim-debug] cost_model config.PIM_FREQ_GHZ=1.0
[pim-debug] op plan (logical shapes inferred from schedule cfg):
  - op#00  op=LN       shard=-1  x=[1x4096] + w=[4096]  ->  y=[1x4096]  (T=1, K=1026)
  - op#01  op=Q        shard=0   x=[1x4096] + w=[2048x4096]  ->  y=[1x2048]  (T=1, K=1026)
  - op#02  op=QK       shard=0   q=[16x1x128] + k=[16x128x1026]  ->  y=[16x1x1026]  (T=1, K=1026)
  - op#03  op=Softmax  shard=0   scores=[16x1x1026]  ->  y=[16x1x1026]  (T=1, K=1026)
  - op#04  op=SV       shard=0   p=[16x1x1026] + v=[16x1026x128]  ->  y=[16x1x128]  (T=1, K=1026)
  - op#05  op=O        shard=0   x=[1x2048] + w=[4096x2048]  ->  y=[1x4096]  (T=1, K=1026)
  - op#06  op=Add      shard=-1  a=[1x4096] + b=[1x4096]  ->  y=[1x4096]  (T=1, K=1026)
  - op#07  op=LN       shard=-1  x=[1x4096] + w=[4096]  ->  y=[1x4096]  (T=1, K=1026)
  - op#08  op=FFN_W3   shard=1   x=[1x4096] + w=[5504x4096]  ->  y=[1x5504]  (T=1, K=1026)
  - op#09  op=SwiGLU   shard=1   a=[1x5504] + b=[1x5504]  ->  y=[1x5504]  (T=1, K=1026)
  - op#10  op=FFN_W2   shard=1   x=[1x5504] + w=[4096x5504]  ->  y=[1x4096]  (T=1, K=1026)
  - op#11  op=SwiGLU   shard=0   a=[1x5504] + b=[1x5504]  ->  y=[1x5504]  (T=1, K=1026)
  - op#12  op=Add      shard=-1  a=[1x4096] + b=[1x4096]  ->  y=[1x4096]  (T=1, K=1026)
[pim-debug] NOTE: CENT(AiM) trace backend internally uses x shape (1,1,dim) and handles prefill by repeating ops;
           the table below shows the *effective parameters* passed into cost_model_pim_backend for each op.
[pim-debug] op#00 op=LN       norm=rmsnorm    sh=-1 dim=4096  heads=32  hd=128 q_dim=4096  kv_heads=32  kv_dim=4096  o_dim=4096  ffn_dim=11008  seqlen=1026   qlen=1   cache=N lat=    0.001ms cycles≈1314
[pim-debug] op#01 op=Q        norm=q_proj     sh=0  dim=4096  heads=16  hd=128 q_dim=2048  kv_heads=16  kv_dim=2048  o_dim=2048  ffn_dim=5504   seqlen=1026   qlen=1   cache=N lat=    0.004ms cycles≈4428
[pim-debug] op#02 op=QK       norm=score      sh=0  dim=4096  heads=16  hd=128 q_dim=2048  kv_heads=16  kv_dim=2048  o_dim=2048  ffn_dim=5504   seqlen=1026   qlen=1   cache=N lat=    0.005ms cycles≈5424
[pim-debug] op#03 op=Softmax  norm=softmax    sh=0  dim=4096  heads=16  hd=128 q_dim=2048  kv_heads=16  kv_dim=2048  o_dim=2048  ffn_dim=5504   seqlen=1026   qlen=1   cache=N lat=    0.004ms cycles≈4057
[pim-debug] op#04 op=SV       norm=output     sh=0  dim=4096  heads=16  hd=128 q_dim=2048  kv_heads=16  kv_dim=2048  o_dim=2048  ffn_dim=5504   seqlen=1026   qlen=1   cache=N lat=    0.004ms cycles≈3698
[pim-debug] op#05 op=O        norm=wo_proj    sh=0  dim=4096  heads=16  hd=128 q_dim=2048  kv_heads=16  kv_dim=2048  o_dim=2048  ffn_dim=5504   seqlen=1026   qlen=1   cache=N lat=    0.004ms cycles≈4062
[pim-debug] op#06 op=Add      norm=residual   sh=-1 dim=4096  heads=32  hd=128 q_dim=4096  kv_heads=32  kv_dim=4096  o_dim=4096  ffn_dim=11008  seqlen=1026   qlen=1   cache=N lat=    0.000ms cycles≈3
[pim-debug] op#07 op=LN       norm=rmsnorm    sh=-1 dim=4096  heads=32  hd=128 q_dim=4096  kv_heads=32  kv_dim=4096  o_dim=4096  ffn_dim=11008  seqlen=1026   qlen=1   cache=N lat=    0.001ms cycles≈1314
[pim-debug] op#08 op=FFN_W3   norm=ffn_up     sh=1  dim=4096  heads=16  hd=128 q_dim=2048  kv_heads=16  kv_dim=2048  o_dim=2048  ffn_dim=5504   seqlen=1026   qlen=1   cache=N lat=    0.011ms cycles≈10896
[pim-debug] op#09 op=SwiGLU   norm=silu       sh=1  dim=4096  heads=16  hd=128 q_dim=2048  kv_heads=16  kv_dim=2048  o_dim=2048  ffn_dim=5504   seqlen=1026   qlen=1   cache=N lat=    0.001ms cycles≈503
[pim-debug] op#10 op=FFN_W2   norm=ffn_down   sh=1  dim=4096  heads=16  hd=128 q_dim=2048  kv_heads=16  kv_dim=2048  o_dim=2048  ffn_dim=5504   seqlen=1026   qlen=1   cache=N lat=    0.011ms cycles≈11466
[pim-debug] op#11 op=SwiGLU   norm=silu       sh=0  dim=4096  heads=16  hd=128 q_dim=2048  kv_heads=16  kv_dim=2048  o_dim=2048  ffn_dim=5504   seqlen=1026   qlen=1   cache=N lat=    0.001ms cycles≈503
[pim-debug] op#12 op=Add      norm=residual   sh=-1 dim=4096  heads=32  hd=128 q_dim=4096  kv_heads=32  kv_dim=4096  o_dim=4096  ffn_dim=11008  seqlen=1026   qlen=1   cache=N lat=    0.000ms cycles≈3
[pim-debug] segment total latency: 0.048 ms
========================================================================================
[pim-debug] segment_key=pim|decode|1|dd4870d4bd5979d030256a5b30d8ff88
[pim-debug] sig: device_type=pim phase=decode step=1 (count_hint=1)
[pim-debug] ops_repr: Q:0,QK:1,Softmax:1,SV:1,O:1,FFN_W3:1,SwiGLU:1,FFN_W2:1
[pim-debug] cfg: shard_policy='fine' shards=2 dim=4096 ffn_dim=11008 n_heads=32 n_kv_heads=auto->n_heads
[pim-debug] pim_config=/lustre/home/2501111916/workspace/XPUPIM_0226_gpupim_parameter/TriForm/algorithms/aim_simulator/PIM_AiM.json
[pim-debug] ramulator_config=/lustre/home/2501111916/workspace/XPUPIM_0226_gpupim_parameter/TriForm/algorithms/aim_simulator/example.yaml
[pim-debug] cost_model config.PIM_FREQ_GHZ=1.0
[pim-debug] op plan (logical shapes inferred from schedule cfg):
  - op#00  op=Q        shard=0   x=[1x4096] + w=[2048x4096]  ->  y=[1x2048]  (T=1, K=1026)
  - op#01  op=QK       shard=1   q=[16x1x128] + k=[16x128x1026]  ->  y=[16x1x1026]  (T=1, K=1026)
  - op#02  op=Softmax  shard=1   scores=[16x1x1026]  ->  y=[16x1x1026]  (T=1, K=1026)
  - op#03  op=SV       shard=1   p=[16x1x1026] + v=[16x1026x128]  ->  y=[16x1x128]  (T=1, K=1026)
  - op#04  op=O        shard=1   x=[1x2048] + w=[4096x2048]  ->  y=[1x4096]  (T=1, K=1026)
  - op#05  op=FFN_W3   shard=1   x=[1x4096] + w=[5504x4096]  ->  y=[1x5504]  (T=1, K=1026)
  - op#06  op=SwiGLU   shard=1   a=[1x5504] + b=[1x5504]  ->  y=[1x5504]  (T=1, K=1026)
  - op#07  op=FFN_W2   shard=1   x=[1x5504] + w=[4096x5504]  ->  y=[1x4096]  (T=1, K=1026)
[pim-debug] NOTE: CENT(AiM) trace backend internally uses x shape (1,1,dim) and handles prefill by repeating ops;
           the table below shows the *effective parameters* passed into cost_model_pim_backend for each op.
[pim-debug] op#00 op=Q        norm=q_proj     sh=0  dim=4096  heads=16  hd=128 q_dim=2048  kv_heads=16  kv_dim=2048  o_dim=2048  ffn_dim=5504   seqlen=1026   qlen=1   cache=N lat=    0.004ms cycles≈4428
[pim-debug] op#01 op=QK       norm=score      sh=1  dim=4096  heads=16  hd=128 q_dim=2048  kv_heads=16  kv_dim=2048  o_dim=2048  ffn_dim=5504   seqlen=1026   qlen=1   cache=N lat=    0.005ms cycles≈5424
[pim-debug] op#02 op=Softmax  norm=softmax    sh=1  dim=4096  heads=16  hd=128 q_dim=2048  kv_heads=16  kv_dim=2048  o_dim=2048  ffn_dim=5504   seqlen=1026   qlen=1   cache=N lat=    0.004ms cycles≈4057
[pim-debug] op#03 op=SV       norm=output     sh=1  dim=4096  heads=16  hd=128 q_dim=2048  kv_heads=16  kv_dim=2048  o_dim=2048  ffn_dim=5504   seqlen=1026   qlen=1   cache=N lat=    0.004ms cycles≈3698
[pim-debug] op#04 op=O        norm=wo_proj    sh=1  dim=4096  heads=16  hd=128 q_dim=2048  kv_heads=16  kv_dim=2048  o_dim=2048  ffn_dim=5504   seqlen=1026   qlen=1   cache=N lat=    0.004ms cycles≈4062
[pim-debug] op#05 op=FFN_W3   norm=ffn_up     sh=1  dim=4096  heads=16  hd=128 q_dim=2048  kv_heads=16  kv_dim=2048  o_dim=2048  ffn_dim=5504   seqlen=1026   qlen=1   cache=N lat=    0.011ms cycles≈10896
[pim-debug] op#06 op=SwiGLU   norm=silu       sh=1  dim=4096  heads=16  hd=128 q_dim=2048  kv_heads=16  kv_dim=2048  o_dim=2048  ffn_dim=5504   seqlen=1026   qlen=1   cache=N lat=    0.001ms cycles≈503
[pim-debug] op#07 op=FFN_W2   norm=ffn_down   sh=1  dim=4096  heads=16  hd=128 q_dim=2048  kv_heads=16  kv_dim=2048  o_dim=2048  ffn_dim=5504   seqlen=1026   qlen=1   cache=N lat=    0.011ms cycles≈11466
[pim-debug] segment total latency: 0.045 ms
========================================================================================
[pim-debug] segment_key=pim|decode|1|dd7c6cc85b2973768e5d3340ddfdeaa6
[pim-debug] sig: device_type=pim phase=decode step=1 (count_hint=2)
[pim-debug] ops_repr: LN:-1,Q:0,QK:0,Softmax:0,SV:0,O:0,Add:-1,LN:-1,FFN_W3:1,FFN_W2:1,Add:-1
[pim-debug] cfg: shard_policy='fine' shards=2 dim=4096 ffn_dim=11008 n_heads=32 n_kv_heads=auto->n_heads
[pim-debug] pim_config=/lustre/home/2501111916/workspace/XPUPIM_0226_gpupim_parameter/TriForm/algorithms/aim_simulator/PIM_AiM.json
[pim-debug] ramulator_config=/lustre/home/2501111916/workspace/XPUPIM_0226_gpupim_parameter/TriForm/algorithms/aim_simulator/example.yaml
[pim-debug] cost_model config.PIM_FREQ_GHZ=1.0
[pim-debug] op plan (logical shapes inferred from schedule cfg):
  - op#00  op=LN       shard=-1  x=[1x4096] + w=[4096]  ->  y=[1x4096]  (T=1, K=1026)
  - op#01  op=Q        shard=0   x=[1x4096] + w=[2048x4096]  ->  y=[1x2048]  (T=1, K=1026)
  - op#02  op=QK       shard=0   q=[16x1x128] + k=[16x128x1026]  ->  y=[16x1x1026]  (T=1, K=1026)
  - op#03  op=Softmax  shard=0   scores=[16x1x1026]  ->  y=[16x1x1026]  (T=1, K=1026)
  - op#04  op=SV       shard=0   p=[16x1x1026] + v=[16x1026x128]  ->  y=[16x1x128]  (T=1, K=1026)
  - op#05  op=O        shard=0   x=[1x2048] + w=[4096x2048]  ->  y=[1x4096]  (T=1, K=1026)
  - op#06  op=Add      shard=-1  a=[1x4096] + b=[1x4096]  ->  y=[1x4096]  (T=1, K=1026)
  - op#07  op=LN       shard=-1  x=[1x4096] + w=[4096]  ->  y=[1x4096]  (T=1, K=1026)
  - op#08  op=FFN_W3   shard=1   x=[1x4096] + w=[5504x4096]  ->  y=[1x5504]  (T=1, K=1026)
  - op#09  op=FFN_W2   shard=1   x=[1x5504] + w=[4096x5504]  ->  y=[1x4096]  (T=1, K=1026)
  - op#10  op=Add      shard=-1  a=[1x4096] + b=[1x4096]  ->  y=[1x4096]  (T=1, K=1026)
[pim-debug] NOTE: CENT(AiM) trace backend internally uses x shape (1,1,dim) and handles prefill by repeating ops;
           the table below shows the *effective parameters* passed into cost_model_pim_backend for each op.
[pim-debug] op#00 op=LN       norm=rmsnorm    sh=-1 dim=4096  heads=32  hd=128 q_dim=4096  kv_heads=32  kv_dim=4096  o_dim=4096  ffn_dim=11008  seqlen=1026   qlen=1   cache=N lat=    0.001ms cycles≈1314
[pim-debug] op#01 op=Q        norm=q_proj     sh=0  dim=4096  heads=16  hd=128 q_dim=2048  kv_heads=16  kv_dim=2048  o_dim=2048  ffn_dim=5504   seqlen=1026   qlen=1   cache=N lat=    0.004ms cycles≈4428
[pim-debug] op#02 op=QK       norm=score      sh=0  dim=4096  heads=16  hd=128 q_dim=2048  kv_heads=16  kv_dim=2048  o_dim=2048  ffn_dim=5504   seqlen=1026   qlen=1   cache=N lat=    0.005ms cycles≈5424
[pim-debug] op#03 op=Softmax  norm=softmax    sh=0  dim=4096  heads=16  hd=128 q_dim=2048  kv_heads=16  kv_dim=2048  o_dim=2048  ffn_dim=5504   seqlen=1026   qlen=1   cache=N lat=    0.004ms cycles≈4057
[pim-debug] op#04 op=SV       norm=output     sh=0  dim=4096  heads=16  hd=128 q_dim=2048  kv_heads=16  kv_dim=2048  o_dim=2048  ffn_dim=5504   seqlen=1026   qlen=1   cache=N lat=    0.004ms cycles≈3698
[pim-debug] op#05 op=O        norm=wo_proj    sh=0  dim=4096  heads=16  hd=128 q_dim=2048  kv_heads=16  kv_dim=2048  o_dim=2048  ffn_dim=5504   seqlen=1026   qlen=1   cache=N lat=    0.004ms cycles≈4062
[pim-debug] op#06 op=Add      norm=residual   sh=-1 dim=4096  heads=32  hd=128 q_dim=4096  kv_heads=32  kv_dim=4096  o_dim=4096  ffn_dim=11008  seqlen=1026   qlen=1   cache=N lat=    0.000ms cycles≈3
[pim-debug] op#07 op=LN       norm=rmsnorm    sh=-1 dim=4096  heads=32  hd=128 q_dim=4096  kv_heads=32  kv_dim=4096  o_dim=4096  ffn_dim=11008  seqlen=1026   qlen=1   cache=N lat=    0.001ms cycles≈1314
[pim-debug] op#08 op=FFN_W3   norm=ffn_up     sh=1  dim=4096  heads=16  hd=128 q_dim=2048  kv_heads=16  kv_dim=2048  o_dim=2048  ffn_dim=5504   seqlen=1026   qlen=1   cache=N lat=    0.011ms cycles≈10896
[pim-debug] op#09 op=FFN_W2   norm=ffn_down   sh=1  dim=4096  heads=16  hd=128 q_dim=2048  kv_heads=16  kv_dim=2048  o_dim=2048  ffn_dim=5504   seqlen=1026   qlen=1   cache=N lat=    0.011ms cycles≈11466
[pim-debug] op#10 op=Add      norm=residual   sh=-1 dim=4096  heads=32  hd=128 q_dim=4096  kv_heads=32  kv_dim=4096  o_dim=4096  ffn_dim=11008  seqlen=1026   qlen=1   cache=N lat=    0.000ms cycles≈3
[pim-debug] segment total latency: 0.047 ms
========================================================================================
[pim-debug] segment_key=pim|decode|1|deeaa3c5f521a19c988ab8cc7e17f0bd
[pim-debug] sig: device_type=pim phase=decode step=1 (count_hint=3)
[pim-debug] ops_repr: Q:1,QK:1,SV:1,O:0,FFN_W3:1,SwiGLU:1,FFN_W2:1
[pim-debug] cfg: shard_policy='fine' shards=2 dim=4096 ffn_dim=11008 n_heads=32 n_kv_heads=auto->n_heads
[pim-debug] pim_config=/lustre/home/2501111916/workspace/XPUPIM_0226_gpupim_parameter/TriForm/algorithms/aim_simulator/PIM_AiM.json
[pim-debug] ramulator_config=/lustre/home/2501111916/workspace/XPUPIM_0226_gpupim_parameter/TriForm/algorithms/aim_simulator/example.yaml
[pim-debug] cost_model config.PIM_FREQ_GHZ=1.0
[pim-debug] op plan (logical shapes inferred from schedule cfg):
  - op#00  op=Q        shard=1   x=[1x4096] + w=[2048x4096]  ->  y=[1x2048]  (T=1, K=1026)
  - op#01  op=QK       shard=1   q=[16x1x128] + k=[16x128x1026]  ->  y=[16x1x1026]  (T=1, K=1026)
  - op#02  op=SV       shard=1   p=[16x1x1026] + v=[16x1026x128]  ->  y=[16x1x128]  (T=1, K=1026)
  - op#03  op=O        shard=0   x=[1x2048] + w=[4096x2048]  ->  y=[1x4096]  (T=1, K=1026)
  - op#04  op=FFN_W3   shard=1   x=[1x4096] + w=[5504x4096]  ->  y=[1x5504]  (T=1, K=1026)
  - op#05  op=SwiGLU   shard=1   a=[1x5504] + b=[1x5504]  ->  y=[1x5504]  (T=1, K=1026)
  - op#06  op=FFN_W2   shard=1   x=[1x5504] + w=[4096x5504]  ->  y=[1x4096]  (T=1, K=1026)
[pim-debug] NOTE: CENT(AiM) trace backend internally uses x shape (1,1,dim) and handles prefill by repeating ops;
           the table below shows the *effective parameters* passed into cost_model_pim_backend for each op.
[pim-debug] op#00 op=Q        norm=q_proj     sh=1  dim=4096  heads=16  hd=128 q_dim=2048  kv_heads=16  kv_dim=2048  o_dim=2048  ffn_dim=5504   seqlen=1026   qlen=1   cache=N lat=    0.004ms cycles≈4428
[pim-debug] op#01 op=QK       norm=score      sh=1  dim=4096  heads=16  hd=128 q_dim=2048  kv_heads=16  kv_dim=2048  o_dim=2048  ffn_dim=5504   seqlen=1026   qlen=1   cache=N lat=    0.005ms cycles≈5424
[pim-debug] op#02 op=SV       norm=output     sh=1  dim=4096  heads=16  hd=128 q_dim=2048  kv_heads=16  kv_dim=2048  o_dim=2048  ffn_dim=5504   seqlen=1026   qlen=1   cache=N lat=    0.004ms cycles≈3698
[pim-debug] op#03 op=O        norm=wo_proj    sh=0  dim=4096  heads=16  hd=128 q_dim=2048  kv_heads=16  kv_dim=2048  o_dim=2048  ffn_dim=5504   seqlen=1026   qlen=1   cache=N lat=    0.004ms cycles≈4062
[pim-debug] op#04 op=FFN_W3   norm=ffn_up     sh=1  dim=4096  heads=16  hd=128 q_dim=2048  kv_heads=16  kv_dim=2048  o_dim=2048  ffn_dim=5504   seqlen=1026   qlen=1   cache=N lat=    0.011ms cycles≈10896
[pim-debug] op#05 op=SwiGLU   norm=silu       sh=1  dim=4096  heads=16  hd=128 q_dim=2048  kv_heads=16  kv_dim=2048  o_dim=2048  ffn_dim=5504   seqlen=1026   qlen=1   cache=N lat=    0.001ms cycles≈503
[pim-debug] op#06 op=FFN_W2   norm=ffn_down   sh=1  dim=4096  heads=16  hd=128 q_dim=2048  kv_heads=16  kv_dim=2048  o_dim=2048  ffn_dim=5504   seqlen=1026   qlen=1   cache=N lat=    0.011ms cycles≈11466
[pim-debug] segment total latency: 0.040 ms
========================================================================================
[pim-debug] segment_key=pim|decode|1|e5c39b5c2573b0fa13095a3a939b1dda
[pim-debug] sig: device_type=pim phase=decode step=1 (count_hint=1)
[pim-debug] ops_repr: Q:0,QK:1,SV:1,O:0,FFN_W3:1,SwiGLU:0,FFN_W2:1
[pim-debug] cfg: shard_policy='fine' shards=2 dim=4096 ffn_dim=11008 n_heads=32 n_kv_heads=auto->n_heads
[pim-debug] pim_config=/lustre/home/2501111916/workspace/XPUPIM_0226_gpupim_parameter/TriForm/algorithms/aim_simulator/PIM_AiM.json
[pim-debug] ramulator_config=/lustre/home/2501111916/workspace/XPUPIM_0226_gpupim_parameter/TriForm/algorithms/aim_simulator/example.yaml
[pim-debug] cost_model config.PIM_FREQ_GHZ=1.0
[pim-debug] op plan (logical shapes inferred from schedule cfg):
  - op#00  op=Q        shard=0   x=[1x4096] + w=[2048x4096]  ->  y=[1x2048]  (T=1, K=1026)
  - op#01  op=QK       shard=1   q=[16x1x128] + k=[16x128x1026]  ->  y=[16x1x1026]  (T=1, K=1026)
  - op#02  op=SV       shard=1   p=[16x1x1026] + v=[16x1026x128]  ->  y=[16x1x128]  (T=1, K=1026)
  - op#03  op=O        shard=0   x=[1x2048] + w=[4096x2048]  ->  y=[1x4096]  (T=1, K=1026)
  - op#04  op=FFN_W3   shard=1   x=[1x4096] + w=[5504x4096]  ->  y=[1x5504]  (T=1, K=1026)
  - op#05  op=SwiGLU   shard=0   a=[1x5504] + b=[1x5504]  ->  y=[1x5504]  (T=1, K=1026)
  - op#06  op=FFN_W2   shard=1   x=[1x5504] + w=[4096x5504]  ->  y=[1x4096]  (T=1, K=1026)
[pim-debug] NOTE: CENT(AiM) trace backend internally uses x shape (1,1,dim) and handles prefill by repeating ops;
           the table below shows the *effective parameters* passed into cost_model_pim_backend for each op.
[pim-debug] op#00 op=Q        norm=q_proj     sh=0  dim=4096  heads=16  hd=128 q_dim=2048  kv_heads=16  kv_dim=2048  o_dim=2048  ffn_dim=5504   seqlen=1026   qlen=1   cache=N lat=    0.004ms cycles≈4428
[pim-debug] op#01 op=QK       norm=score      sh=1  dim=4096  heads=16  hd=128 q_dim=2048  kv_heads=16  kv_dim=2048  o_dim=2048  ffn_dim=5504   seqlen=1026   qlen=1   cache=N lat=    0.005ms cycles≈5424
[pim-debug] op#02 op=SV       norm=output     sh=1  dim=4096  heads=16  hd=128 q_dim=2048  kv_heads=16  kv_dim=2048  o_dim=2048  ffn_dim=5504   seqlen=1026   qlen=1   cache=N lat=    0.004ms cycles≈3698
[pim-debug] op#03 op=O        norm=wo_proj    sh=0  dim=4096  heads=16  hd=128 q_dim=2048  kv_heads=16  kv_dim=2048  o_dim=2048  ffn_dim=5504   seqlen=1026   qlen=1   cache=N lat=    0.004ms cycles≈4062
[pim-debug] op#04 op=FFN_W3   norm=ffn_up     sh=1  dim=4096  heads=16  hd=128 q_dim=2048  kv_heads=16  kv_dim=2048  o_dim=2048  ffn_dim=5504   seqlen=1026   qlen=1   cache=N lat=    0.011ms cycles≈10896
[pim-debug] op#05 op=SwiGLU   norm=silu       sh=0  dim=4096  heads=16  hd=128 q_dim=2048  kv_heads=16  kv_dim=2048  o_dim=2048  ffn_dim=5504   seqlen=1026   qlen=1   cache=N lat=    0.001ms cycles≈503
[pim-debug] op#06 op=FFN_W2   norm=ffn_down   sh=1  dim=4096  heads=16  hd=128 q_dim=2048  kv_heads=16  kv_dim=2048  o_dim=2048  ffn_dim=5504   seqlen=1026   qlen=1   cache=N lat=    0.011ms cycles≈11466
[pim-debug] segment total latency: 0.040 ms
========================================================================================
[pim-debug] segment_key=pim|decode|1|f0a5bb0e7f169d83c121ff4ba450ab65
[pim-debug] sig: device_type=pim phase=decode step=1 (count_hint=1)
[pim-debug] ops_repr: LN:-1,Q:1,QK:0,O:1,SV:0,Add:-1,LN:-1,FFN_W3:0,SwiGLU:0,FFN_W2:0,Add:-1
[pim-debug] cfg: shard_policy='fine' shards=2 dim=4096 ffn_dim=11008 n_heads=32 n_kv_heads=auto->n_heads
[pim-debug] pim_config=/lustre/home/2501111916/workspace/XPUPIM_0226_gpupim_parameter/TriForm/algorithms/aim_simulator/PIM_AiM.json
[pim-debug] ramulator_config=/lustre/home/2501111916/workspace/XPUPIM_0226_gpupim_parameter/TriForm/algorithms/aim_simulator/example.yaml
[pim-debug] cost_model config.PIM_FREQ_GHZ=1.0
[pim-debug] op plan (logical shapes inferred from schedule cfg):
  - op#00  op=LN       shard=-1  x=[1x4096] + w=[4096]  ->  y=[1x4096]  (T=1, K=1026)
  - op#01  op=Q        shard=1   x=[1x4096] + w=[2048x4096]  ->  y=[1x2048]  (T=1, K=1026)
  - op#02  op=QK       shard=0   q=[16x1x128] + k=[16x128x1026]  ->  y=[16x1x1026]  (T=1, K=1026)
  - op#03  op=O        shard=1   x=[1x2048] + w=[4096x2048]  ->  y=[1x4096]  (T=1, K=1026)
  - op#04  op=SV       shard=0   p=[16x1x1026] + v=[16x1026x128]  ->  y=[16x1x128]  (T=1, K=1026)
  - op#05  op=Add      shard=-1  a=[1x4096] + b=[1x4096]  ->  y=[1x4096]  (T=1, K=1026)
  - op#06  op=LN       shard=-1  x=[1x4096] + w=[4096]  ->  y=[1x4096]  (T=1, K=1026)
  - op#07  op=FFN_W3   shard=0   x=[1x4096] + w=[5504x4096]  ->  y=[1x5504]  (T=1, K=1026)
  - op#08  op=SwiGLU   shard=0   a=[1x5504] + b=[1x5504]  ->  y=[1x5504]  (T=1, K=1026)
  - op#09  op=FFN_W2   shard=0   x=[1x5504] + w=[4096x5504]  ->  y=[1x4096]  (T=1, K=1026)
  - op#10  op=Add      shard=-1  a=[1x4096] + b=[1x4096]  ->  y=[1x4096]  (T=1, K=1026)
[pim-debug] NOTE: CENT(AiM) trace backend internally uses x shape (1,1,dim) and handles prefill by repeating ops;
           the table below shows the *effective parameters* passed into cost_model_pim_backend for each op.
[pim-debug] op#00 op=LN       norm=rmsnorm    sh=-1 dim=4096  heads=32  hd=128 q_dim=4096  kv_heads=32  kv_dim=4096  o_dim=4096  ffn_dim=11008  seqlen=1026   qlen=1   cache=N lat=    0.001ms cycles≈1314
[pim-debug] op#01 op=Q        norm=q_proj     sh=1  dim=4096  heads=16  hd=128 q_dim=2048  kv_heads=16  kv_dim=2048  o_dim=2048  ffn_dim=5504   seqlen=1026   qlen=1   cache=N lat=    0.004ms cycles≈4428
[pim-debug] op#02 op=QK       norm=score      sh=0  dim=4096  heads=16  hd=128 q_dim=2048  kv_heads=16  kv_dim=2048  o_dim=2048  ffn_dim=5504   seqlen=1026   qlen=1   cache=N lat=    0.005ms cycles≈5424
[pim-debug] op#03 op=O        norm=wo_proj    sh=1  dim=4096  heads=16  hd=128 q_dim=2048  kv_heads=16  kv_dim=2048  o_dim=2048  ffn_dim=5504   seqlen=1026   qlen=1   cache=N lat=    0.004ms cycles≈4062
[pim-debug] op#04 op=SV       norm=output     sh=0  dim=4096  heads=16  hd=128 q_dim=2048  kv_heads=16  kv_dim=2048  o_dim=2048  ffn_dim=5504   seqlen=1026   qlen=1   cache=N lat=    0.004ms cycles≈3698
[pim-debug] op#05 op=Add      norm=residual   sh=-1 dim=4096  heads=32  hd=128 q_dim=4096  kv_heads=32  kv_dim=4096  o_dim=4096  ffn_dim=11008  seqlen=1026   qlen=1   cache=N lat=    0.000ms cycles≈3
[pim-debug] op#06 op=LN       norm=rmsnorm    sh=-1 dim=4096  heads=32  hd=128 q_dim=4096  kv_heads=32  kv_dim=4096  o_dim=4096  ffn_dim=11008  seqlen=1026   qlen=1   cache=N lat=    0.001ms cycles≈1314
[pim-debug] op#07 op=FFN_W3   norm=ffn_up     sh=0  dim=4096  heads=16  hd=128 q_dim=2048  kv_heads=16  kv_dim=2048  o_dim=2048  ffn_dim=5504   seqlen=1026   qlen=1   cache=N lat=    0.011ms cycles≈10896
[pim-debug] op#08 op=SwiGLU   norm=silu       sh=0  dim=4096  heads=16  hd=128 q_dim=2048  kv_heads=16  kv_dim=2048  o_dim=2048  ffn_dim=5504   seqlen=1026   qlen=1   cache=N lat=    0.001ms cycles≈503
[pim-debug] op#09 op=FFN_W2   norm=ffn_down   sh=0  dim=4096  heads=16  hd=128 q_dim=2048  kv_heads=16  kv_dim=2048  o_dim=2048  ffn_dim=5504   seqlen=1026   qlen=1   cache=N lat=    0.011ms cycles≈11466
[pim-debug] op#10 op=Add      norm=residual   sh=-1 dim=4096  heads=32  hd=128 q_dim=4096  kv_heads=32  kv_dim=4096  o_dim=4096  ffn_dim=11008  seqlen=1026   qlen=1   cache=N lat=    0.000ms cycles≈3
[pim-debug] segment total latency: 0.043 ms
========================================================================================
[pim-debug] segment_key=pim|decode|1|fc13f6e80375c9c314693270c1dcea1a
[pim-debug] sig: device_type=pim phase=decode step=1 (count_hint=1)
[pim-debug] ops_repr: Q:1,QK:1,SV:1,O:0,FFN_W3:1,FFN_W2:1
[pim-debug] cfg: shard_policy='fine' shards=2 dim=4096 ffn_dim=11008 n_heads=32 n_kv_heads=auto->n_heads
[pim-debug] pim_config=/lustre/home/2501111916/workspace/XPUPIM_0226_gpupim_parameter/TriForm/algorithms/aim_simulator/PIM_AiM.json
[pim-debug] ramulator_config=/lustre/home/2501111916/workspace/XPUPIM_0226_gpupim_parameter/TriForm/algorithms/aim_simulator/example.yaml
[pim-debug] cost_model config.PIM_FREQ_GHZ=1.0
[pim-debug] op plan (logical shapes inferred from schedule cfg):
  - op#00  op=Q        shard=1   x=[1x4096] + w=[2048x4096]  ->  y=[1x2048]  (T=1, K=1026)
  - op#01  op=QK       shard=1   q=[16x1x128] + k=[16x128x1026]  ->  y=[16x1x1026]  (T=1, K=1026)
  - op#02  op=SV       shard=1   p=[16x1x1026] + v=[16x1026x128]  ->  y=[16x1x128]  (T=1, K=1026)
  - op#03  op=O        shard=0   x=[1x2048] + w=[4096x2048]  ->  y=[1x4096]  (T=1, K=1026)
  - op#04  op=FFN_W3   shard=1   x=[1x4096] + w=[5504x4096]  ->  y=[1x5504]  (T=1, K=1026)
  - op#05  op=FFN_W2   shard=1   x=[1x5504] + w=[4096x5504]  ->  y=[1x4096]  (T=1, K=1026)
[pim-debug] NOTE: CENT(AiM) trace backend internally uses x shape (1,1,dim) and handles prefill by repeating ops;
           the table below shows the *effective parameters* passed into cost_model_pim_backend for each op.
[pim-debug] op#00 op=Q        norm=q_proj     sh=1  dim=4096  heads=16  hd=128 q_dim=2048  kv_heads=16  kv_dim=2048  o_dim=2048  ffn_dim=5504   seqlen=1026   qlen=1   cache=N lat=    0.004ms cycles≈4428
[pim-debug] op#01 op=QK       norm=score      sh=1  dim=4096  heads=16  hd=128 q_dim=2048  kv_heads=16  kv_dim=2048  o_dim=2048  ffn_dim=5504   seqlen=1026   qlen=1   cache=N lat=    0.005ms cycles≈5424
[pim-debug] op#02 op=SV       norm=output     sh=1  dim=4096  heads=16  hd=128 q_dim=2048  kv_heads=16  kv_dim=2048  o_dim=2048  ffn_dim=5504   seqlen=1026   qlen=1   cache=N lat=    0.004ms cycles≈3698
[pim-debug] op#03 op=O        norm=wo_proj    sh=0  dim=4096  heads=16  hd=128 q_dim=2048  kv_heads=16  kv_dim=2048  o_dim=2048  ffn_dim=5504   seqlen=1026   qlen=1   cache=N lat=    0.004ms cycles≈4062
[pim-debug] op#04 op=FFN_W3   norm=ffn_up     sh=1  dim=4096  heads=16  hd=128 q_dim=2048  kv_heads=16  kv_dim=2048  o_dim=2048  ffn_dim=5504   seqlen=1026   qlen=1   cache=N lat=    0.011ms cycles≈10896
[pim-debug] op#05 op=FFN_W2   norm=ffn_down   sh=1  dim=4096  heads=16  hd=128 q_dim=2048  kv_heads=16  kv_dim=2048  o_dim=2048  ffn_dim=5504   seqlen=1026   qlen=1   cache=N lat=    0.011ms cycles≈11466
[pim-debug] segment total latency: 0.040 ms
========================================================================================
[pim-debug] segment_key=pim|prefill|-1|02c77d5162c0698eebcd2ae8dbe8cf96
[pim-debug] sig: device_type=pim phase=prefill step=-1 (count_hint=1)
[pim-debug] ops_repr: Q:0,O:0,Add:-1,FFN_W3:0,SwiGLU:0,FFN_W2:0,Add:-1
[pim-debug] cfg: shard_policy='fine' shards=2 dim=4096 ffn_dim=11008 n_heads=32 n_kv_heads=auto->n_heads
[pim-debug] pim_config=/lustre/home/2501111916/workspace/XPUPIM_0226_gpupim_parameter/TriForm/algorithms/aim_simulator/PIM_AiM.json
[pim-debug] ramulator_config=/lustre/home/2501111916/workspace/XPUPIM_0226_gpupim_parameter/TriForm/algorithms/aim_simulator/example.yaml
[pim-debug] cost_model config.PIM_FREQ_GHZ=1.0
[pim-debug] op plan (logical shapes inferred from schedule cfg):
  - op#00  op=Q        shard=0   x=[1024x4096] + w=[2048x4096]  ->  y=[1024x2048]  (T=1024, K=1024)
  - op#01  op=O        shard=0   x=[1024x2048] + w=[4096x2048]  ->  y=[1024x4096]  (T=1024, K=1024)
  - op#02  op=Add      shard=-1  a=[1024x4096] + b=[1024x4096]  ->  y=[1024x4096]  (T=1024, K=1024)
  - op#03  op=FFN_W3   shard=0   x=[1024x4096] + w=[5504x4096]  ->  y=[1024x5504]  (T=1024, K=1024)
  - op#04  op=SwiGLU   shard=0   a=[1024x5504] + b=[1024x5504]  ->  y=[1024x5504]  (T=1024, K=1024)
  - op#05  op=FFN_W2   shard=0   x=[1024x5504] + w=[4096x5504]  ->  y=[1024x4096]  (T=1024, K=1024)
  - op#06  op=Add      shard=-1  a=[1024x4096] + b=[1024x4096]  ->  y=[1024x4096]  (T=1024, K=1024)
[pim-debug] NOTE: CENT(AiM) trace backend internally uses x shape (1,1,dim) and handles prefill by repeating ops;
           the table below shows the *effective parameters* passed into cost_model_pim_backend for each op.
[pim-debug] op#00 op=Q        norm=q_proj     sh=0  dim=4096  heads=16  hd=128 q_dim=2048  kv_heads=16  kv_dim=2048  o_dim=2048  ffn_dim=5504   seqlen=1024   qlen=1024 cache=N lat=    4.534ms cycles≈4534272
[pim-debug] op#01 op=O        norm=wo_proj    sh=0  dim=4096  heads=16  hd=128 q_dim=2048  kv_heads=16  kv_dim=2048  o_dim=2048  ffn_dim=5504   seqlen=1024   qlen=1024 cache=N lat=    4.159ms cycles≈4159488
[pim-debug] op#02 op=Add      norm=residual   sh=-1 dim=4096  heads=32  hd=128 q_dim=4096  kv_heads=32  kv_dim=4096  o_dim=4096  ffn_dim=11008  seqlen=1024   qlen=1024 cache=N lat=    0.003ms cycles≈3072
[pim-debug] op#03 op=FFN_W3   norm=ffn_up     sh=0  dim=4096  heads=16  hd=128 q_dim=2048  kv_heads=16  kv_dim=2048  o_dim=2048  ffn_dim=5504   seqlen=1024   qlen=1024 cache=N lat=   11.158ms cycles≈11157504
[pim-debug] op#04 op=SwiGLU   norm=silu       sh=0  dim=4096  heads=16  hd=128 q_dim=2048  kv_heads=16  kv_dim=2048  o_dim=2048  ffn_dim=5504   seqlen=1024   qlen=1024 cache=N lat=    0.515ms cycles≈515072
[pim-debug] op#05 op=FFN_W2   norm=ffn_down   sh=0  dim=4096  heads=16  hd=128 q_dim=2048  kv_heads=16  kv_dim=2048  o_dim=2048  ffn_dim=5504   seqlen=1024   qlen=1024 cache=N lat=   11.741ms cycles≈11741184
[pim-debug] op#06 op=Add      norm=residual   sh=-1 dim=4096  heads=32  hd=128 q_dim=4096  kv_heads=32  kv_dim=4096  o_dim=4096  ffn_dim=11008  seqlen=1024   qlen=1024 cache=N lat=    0.003ms cycles≈3072
[pim-debug] segment total latency: 32.114 ms
========================================================================================
[pim-debug] segment_key=pim|prefill|-1|140f7bfdff699239313bf82f214d442a
[pim-debug] sig: device_type=pim phase=prefill step=-1 (count_hint=7)
[pim-debug] ops_repr: Q:1,O:0,FFN_W3:1,SwiGLU:1,FFN_W2:1
[pim-debug] cfg: shard_policy='fine' shards=2 dim=4096 ffn_dim=11008 n_heads=32 n_kv_heads=auto->n_heads
[pim-debug] pim_config=/lustre/home/2501111916/workspace/XPUPIM_0226_gpupim_parameter/TriForm/algorithms/aim_simulator/PIM_AiM.json
[pim-debug] ramulator_config=/lustre/home/2501111916/workspace/XPUPIM_0226_gpupim_parameter/TriForm/algorithms/aim_simulator/example.yaml
[pim-debug] cost_model config.PIM_FREQ_GHZ=1.0
[pim-debug] op plan (logical shapes inferred from schedule cfg):
  - op#00  op=Q        shard=1   x=[1024x4096] + w=[2048x4096]  ->  y=[1024x2048]  (T=1024, K=1024)
  - op#01  op=O        shard=0   x=[1024x2048] + w=[4096x2048]  ->  y=[1024x4096]  (T=1024, K=1024)
  - op#02  op=FFN_W3   shard=1   x=[1024x4096] + w=[5504x4096]  ->  y=[1024x5504]  (T=1024, K=1024)
  - op#03  op=SwiGLU   shard=1   a=[1024x5504] + b=[1024x5504]  ->  y=[1024x5504]  (T=1024, K=1024)
  - op#04  op=FFN_W2   shard=1   x=[1024x5504] + w=[4096x5504]  ->  y=[1024x4096]  (T=1024, K=1024)
[pim-debug] NOTE: CENT(AiM) trace backend internally uses x shape (1,1,dim) and handles prefill by repeating ops;
           the table below shows the *effective parameters* passed into cost_model_pim_backend for each op.
[pim-debug] op#00 op=Q        norm=q_proj     sh=1  dim=4096  heads=16  hd=128 q_dim=2048  kv_heads=16  kv_dim=2048  o_dim=2048  ffn_dim=5504   seqlen=1024   qlen=1024 cache=N lat=    4.534ms cycles≈4534272
[pim-debug] op#01 op=O        norm=wo_proj    sh=0  dim=4096  heads=16  hd=128 q_dim=2048  kv_heads=16  kv_dim=2048  o_dim=2048  ffn_dim=5504   seqlen=1024   qlen=1024 cache=N lat=    4.159ms cycles≈4159488
[pim-debug] op#02 op=FFN_W3   norm=ffn_up     sh=1  dim=4096  heads=16  hd=128 q_dim=2048  kv_heads=16  kv_dim=2048  o_dim=2048  ffn_dim=5504   seqlen=1024   qlen=1024 cache=N lat=   11.158ms cycles≈11157504
[pim-debug] op#03 op=SwiGLU   norm=silu       sh=1  dim=4096  heads=16  hd=128 q_dim=2048  kv_heads=16  kv_dim=2048  o_dim=2048  ffn_dim=5504   seqlen=1024   qlen=1024 cache=N lat=    0.515ms cycles≈515072
[pim-debug] op#04 op=FFN_W2   norm=ffn_down   sh=1  dim=4096  heads=16  hd=128 q_dim=2048  kv_heads=16  kv_dim=2048  o_dim=2048  ffn_dim=5504   seqlen=1024   qlen=1024 cache=N lat=   11.741ms cycles≈11741184
[pim-debug] segment total latency: 32.108 ms
========================================================================================
[pim-debug] segment_key=pim|prefill|-1|156f39ff6cb6cf76774be61f9fa6dbfb
[pim-debug] sig: device_type=pim phase=prefill step=-1 (count_hint=6)
[pim-debug] ops_repr: Q:0,O:0,FFN_W3:1,SwiGLU:1,FFN_W2:1
[pim-debug] cfg: shard_policy='fine' shards=2 dim=4096 ffn_dim=11008 n_heads=32 n_kv_heads=auto->n_heads
[pim-debug] pim_config=/lustre/home/2501111916/workspace/XPUPIM_0226_gpupim_parameter/TriForm/algorithms/aim_simulator/PIM_AiM.json
[pim-debug] ramulator_config=/lustre/home/2501111916/workspace/XPUPIM_0226_gpupim_parameter/TriForm/algorithms/aim_simulator/example.yaml
[pim-debug] cost_model config.PIM_FREQ_GHZ=1.0
[pim-debug] op plan (logical shapes inferred from schedule cfg):
  - op#00  op=Q        shard=0   x=[1024x4096] + w=[2048x4096]  ->  y=[1024x2048]  (T=1024, K=1024)
  - op#01  op=O        shard=0   x=[1024x2048] + w=[4096x2048]  ->  y=[1024x4096]  (T=1024, K=1024)
  - op#02  op=FFN_W3   shard=1   x=[1024x4096] + w=[5504x4096]  ->  y=[1024x5504]  (T=1024, K=1024)
  - op#03  op=SwiGLU   shard=1   a=[1024x5504] + b=[1024x5504]  ->  y=[1024x5504]  (T=1024, K=1024)
  - op#04  op=FFN_W2   shard=1   x=[1024x5504] + w=[4096x5504]  ->  y=[1024x4096]  (T=1024, K=1024)
[pim-debug] NOTE: CENT(AiM) trace backend internally uses x shape (1,1,dim) and handles prefill by repeating ops;
           the table below shows the *effective parameters* passed into cost_model_pim_backend for each op.
[pim-debug] op#00 op=Q        norm=q_proj     sh=0  dim=4096  heads=16  hd=128 q_dim=2048  kv_heads=16  kv_dim=2048  o_dim=2048  ffn_dim=5504   seqlen=1024   qlen=1024 cache=N lat=    4.534ms cycles≈4534272
[pim-debug] op#01 op=O        norm=wo_proj    sh=0  dim=4096  heads=16  hd=128 q_dim=2048  kv_heads=16  kv_dim=2048  o_dim=2048  ffn_dim=5504   seqlen=1024   qlen=1024 cache=N lat=    4.159ms cycles≈4159488
[pim-debug] op#02 op=FFN_W3   norm=ffn_up     sh=1  dim=4096  heads=16  hd=128 q_dim=2048  kv_heads=16  kv_dim=2048  o_dim=2048  ffn_dim=5504   seqlen=1024   qlen=1024 cache=N lat=   11.158ms cycles≈11157504
[pim-debug] op#03 op=SwiGLU   norm=silu       sh=1  dim=4096  heads=16  hd=128 q_dim=2048  kv_heads=16  kv_dim=2048  o_dim=2048  ffn_dim=5504   seqlen=1024   qlen=1024 cache=N lat=    0.515ms cycles≈515072
[pim-debug] op#04 op=FFN_W2   norm=ffn_down   sh=1  dim=4096  heads=16  hd=128 q_dim=2048  kv_heads=16  kv_dim=2048  o_dim=2048  ffn_dim=5504   seqlen=1024   qlen=1024 cache=N lat=   11.741ms cycles≈11741184
[pim-debug] segment total latency: 32.108 ms
========================================================================================
[pim-debug] segment_key=pim|prefill|-1|1977e9d269964fea67b7d83104ed13c1
[pim-debug] sig: device_type=pim phase=prefill step=-1 (count_hint=1)
[pim-debug] ops_repr: Q:1,O:1,FFN_W3:1,SwiGLU:1,FFN_W2:1
[pim-debug] cfg: shard_policy='fine' shards=2 dim=4096 ffn_dim=11008 n_heads=32 n_kv_heads=auto->n_heads
[pim-debug] pim_config=/lustre/home/2501111916/workspace/XPUPIM_0226_gpupim_parameter/TriForm/algorithms/aim_simulator/PIM_AiM.json
[pim-debug] ramulator_config=/lustre/home/2501111916/workspace/XPUPIM_0226_gpupim_parameter/TriForm/algorithms/aim_simulator/example.yaml
[pim-debug] cost_model config.PIM_FREQ_GHZ=1.0
[pim-debug] op plan (logical shapes inferred from schedule cfg):
  - op#00  op=Q        shard=1   x=[1024x4096] + w=[2048x4096]  ->  y=[1024x2048]  (T=1024, K=1024)
  - op#01  op=O        shard=1   x=[1024x2048] + w=[4096x2048]  ->  y=[1024x4096]  (T=1024, K=1024)
  - op#02  op=FFN_W3   shard=1   x=[1024x4096] + w=[5504x4096]  ->  y=[1024x5504]  (T=1024, K=1024)
  - op#03  op=SwiGLU   shard=1   a=[1024x5504] + b=[1024x5504]  ->  y=[1024x5504]  (T=1024, K=1024)
  - op#04  op=FFN_W2   shard=1   x=[1024x5504] + w=[4096x5504]  ->  y=[1024x4096]  (T=1024, K=1024)
[pim-debug] NOTE: CENT(AiM) trace backend internally uses x shape (1,1,dim) and handles prefill by repeating ops;
           the table below shows the *effective parameters* passed into cost_model_pim_backend for each op.
[pim-debug] op#00 op=Q        norm=q_proj     sh=1  dim=4096  heads=16  hd=128 q_dim=2048  kv_heads=16  kv_dim=2048  o_dim=2048  ffn_dim=5504   seqlen=1024   qlen=1024 cache=N lat=    4.534ms cycles≈4534272
[pim-debug] op#01 op=O        norm=wo_proj    sh=1  dim=4096  heads=16  hd=128 q_dim=2048  kv_heads=16  kv_dim=2048  o_dim=2048  ffn_dim=5504   seqlen=1024   qlen=1024 cache=N lat=    4.159ms cycles≈4159488
[pim-debug] op#02 op=FFN_W3   norm=ffn_up     sh=1  dim=4096  heads=16  hd=128 q_dim=2048  kv_heads=16  kv_dim=2048  o_dim=2048  ffn_dim=5504   seqlen=1024   qlen=1024 cache=N lat=   11.158ms cycles≈11157504
[pim-debug] op#03 op=SwiGLU   norm=silu       sh=1  dim=4096  heads=16  hd=128 q_dim=2048  kv_heads=16  kv_dim=2048  o_dim=2048  ffn_dim=5504   seqlen=1024   qlen=1024 cache=N lat=    0.515ms cycles≈515072
[pim-debug] op#04 op=FFN_W2   norm=ffn_down   sh=1  dim=4096  heads=16  hd=128 q_dim=2048  kv_heads=16  kv_dim=2048  o_dim=2048  ffn_dim=5504   seqlen=1024   qlen=1024 cache=N lat=   11.741ms cycles≈11741184
[pim-debug] segment total latency: 32.108 ms
========================================================================================
[pim-debug] segment_key=pim|prefill|-1|2afd42430a7ad9446f3336eee2c3209c
[pim-debug] sig: device_type=pim phase=prefill step=-1 (count_hint=5)
[pim-debug] ops_repr: Q:0,O:1,FFN_W3:0,SwiGLU:0,FFN_W2:0
[pim-debug] cfg: shard_policy='fine' shards=2 dim=4096 ffn_dim=11008 n_heads=32 n_kv_heads=auto->n_heads
[pim-debug] pim_config=/lustre/home/2501111916/workspace/XPUPIM_0226_gpupim_parameter/TriForm/algorithms/aim_simulator/PIM_AiM.json
[pim-debug] ramulator_config=/lustre/home/2501111916/workspace/XPUPIM_0226_gpupim_parameter/TriForm/algorithms/aim_simulator/example.yaml
[pim-debug] cost_model config.PIM_FREQ_GHZ=1.0
[pim-debug] op plan (logical shapes inferred from schedule cfg):
  - op#00  op=Q        shard=0   x=[1024x4096] + w=[2048x4096]  ->  y=[1024x2048]  (T=1024, K=1024)
  - op#01  op=O        shard=1   x=[1024x2048] + w=[4096x2048]  ->  y=[1024x4096]  (T=1024, K=1024)
  - op#02  op=FFN_W3   shard=0   x=[1024x4096] + w=[5504x4096]  ->  y=[1024x5504]  (T=1024, K=1024)
  - op#03  op=SwiGLU   shard=0   a=[1024x5504] + b=[1024x5504]  ->  y=[1024x5504]  (T=1024, K=1024)
  - op#04  op=FFN_W2   shard=0   x=[1024x5504] + w=[4096x5504]  ->  y=[1024x4096]  (T=1024, K=1024)
[pim-debug] NOTE: CENT(AiM) trace backend internally uses x shape (1,1,dim) and handles prefill by repeating ops;
           the table below shows the *effective parameters* passed into cost_model_pim_backend for each op.
[pim-debug] op#00 op=Q        norm=q_proj     sh=0  dim=4096  heads=16  hd=128 q_dim=2048  kv_heads=16  kv_dim=2048  o_dim=2048  ffn_dim=5504   seqlen=1024   qlen=1024 cache=N lat=    4.534ms cycles≈4534272
[pim-debug] op#01 op=O        norm=wo_proj    sh=1  dim=4096  heads=16  hd=128 q_dim=2048  kv_heads=16  kv_dim=2048  o_dim=2048  ffn_dim=5504   seqlen=1024   qlen=1024 cache=N lat=    4.159ms cycles≈4159488
[pim-debug] op#02 op=FFN_W3   norm=ffn_up     sh=0  dim=4096  heads=16  hd=128 q_dim=2048  kv_heads=16  kv_dim=2048  o_dim=2048  ffn_dim=5504   seqlen=1024   qlen=1024 cache=N lat=   11.158ms cycles≈11157504
[pim-debug] op#03 op=SwiGLU   norm=silu       sh=0  dim=4096  heads=16  hd=128 q_dim=2048  kv_heads=16  kv_dim=2048  o_dim=2048  ffn_dim=5504   seqlen=1024   qlen=1024 cache=N lat=    0.515ms cycles≈515072
[pim-debug] op#04 op=FFN_W2   norm=ffn_down   sh=0  dim=4096  heads=16  hd=128 q_dim=2048  kv_heads=16  kv_dim=2048  o_dim=2048  ffn_dim=5504   seqlen=1024   qlen=1024 cache=N lat=   11.741ms cycles≈11741184
[pim-debug] segment total latency: 32.108 ms
========================================================================================
[pim-debug] segment_key=pim|prefill|-1|3e322fc6c7dd3108976bf1b5c2d2d9c9
[pim-debug] sig: device_type=pim phase=prefill step=-1 (count_hint=7)
[pim-debug] ops_repr: Q:0,O:1,Add:-1,FFN_W3:0,SwiGLU:0,FFN_W2:0,Add:-1
[pim-debug] cfg: shard_policy='fine' shards=2 dim=4096 ffn_dim=11008 n_heads=32 n_kv_heads=auto->n_heads
[pim-debug] pim_config=/lustre/home/2501111916/workspace/XPUPIM_0226_gpupim_parameter/TriForm/algorithms/aim_simulator/PIM_AiM.json
[pim-debug] ramulator_config=/lustre/home/2501111916/workspace/XPUPIM_0226_gpupim_parameter/TriForm/algorithms/aim_simulator/example.yaml
[pim-debug] cost_model config.PIM_FREQ_GHZ=1.0
[pim-debug] op plan (logical shapes inferred from schedule cfg):
  - op#00  op=Q        shard=0   x=[1024x4096] + w=[2048x4096]  ->  y=[1024x2048]  (T=1024, K=1024)
  - op#01  op=O        shard=1   x=[1024x2048] + w=[4096x2048]  ->  y=[1024x4096]  (T=1024, K=1024)
  - op#02  op=Add      shard=-1  a=[1024x4096] + b=[1024x4096]  ->  y=[1024x4096]  (T=1024, K=1024)
  - op#03  op=FFN_W3   shard=0   x=[1024x4096] + w=[5504x4096]  ->  y=[1024x5504]  (T=1024, K=1024)
  - op#04  op=SwiGLU   shard=0   a=[1024x5504] + b=[1024x5504]  ->  y=[1024x5504]  (T=1024, K=1024)
  - op#05  op=FFN_W2   shard=0   x=[1024x5504] + w=[4096x5504]  ->  y=[1024x4096]  (T=1024, K=1024)
  - op#06  op=Add      shard=-1  a=[1024x4096] + b=[1024x4096]  ->  y=[1024x4096]  (T=1024, K=1024)
[pim-debug] NOTE: CENT(AiM) trace backend internally uses x shape (1,1,dim) and handles prefill by repeating ops;
           the table below shows the *effective parameters* passed into cost_model_pim_backend for each op.
[pim-debug] op#00 op=Q        norm=q_proj     sh=0  dim=4096  heads=16  hd=128 q_dim=2048  kv_heads=16  kv_dim=2048  o_dim=2048  ffn_dim=5504   seqlen=1024   qlen=1024 cache=N lat=    4.534ms cycles≈4534272
[pim-debug] op#01 op=O        norm=wo_proj    sh=1  dim=4096  heads=16  hd=128 q_dim=2048  kv_heads=16  kv_dim=2048  o_dim=2048  ffn_dim=5504   seqlen=1024   qlen=1024 cache=N lat=    4.159ms cycles≈4159488
[pim-debug] op#02 op=Add      norm=residual   sh=-1 dim=4096  heads=32  hd=128 q_dim=4096  kv_heads=32  kv_dim=4096  o_dim=4096  ffn_dim=11008  seqlen=1024   qlen=1024 cache=N lat=    0.003ms cycles≈3072
[pim-debug] op#03 op=FFN_W3   norm=ffn_up     sh=0  dim=4096  heads=16  hd=128 q_dim=2048  kv_heads=16  kv_dim=2048  o_dim=2048  ffn_dim=5504   seqlen=1024   qlen=1024 cache=N lat=   11.158ms cycles≈11157504
[pim-debug] op#04 op=SwiGLU   norm=silu       sh=0  dim=4096  heads=16  hd=128 q_dim=2048  kv_heads=16  kv_dim=2048  o_dim=2048  ffn_dim=5504   seqlen=1024   qlen=1024 cache=N lat=    0.515ms cycles≈515072
[pim-debug] op#05 op=FFN_W2   norm=ffn_down   sh=0  dim=4096  heads=16  hd=128 q_dim=2048  kv_heads=16  kv_dim=2048  o_dim=2048  ffn_dim=5504   seqlen=1024   qlen=1024 cache=N lat=   11.741ms cycles≈11741184
[pim-debug] op#06 op=Add      norm=residual   sh=-1 dim=4096  heads=32  hd=128 q_dim=4096  kv_heads=32  kv_dim=4096  o_dim=4096  ffn_dim=11008  seqlen=1024   qlen=1024 cache=N lat=    0.003ms cycles≈3072
[pim-debug] segment total latency: 32.114 ms
========================================================================================
[pim-debug] segment_key=pim|prefill|-1|4f1834c8a0ab98f303525a77e18f43f5
[pim-debug] sig: device_type=pim phase=prefill step=-1 (count_hint=1)
[pim-debug] ops_repr: Q:1,O:0,FFN_W3:1,SwiGLU:1,FFN_W2:1,Add:-1
[pim-debug] cfg: shard_policy='fine' shards=2 dim=4096 ffn_dim=11008 n_heads=32 n_kv_heads=auto->n_heads
[pim-debug] pim_config=/lustre/home/2501111916/workspace/XPUPIM_0226_gpupim_parameter/TriForm/algorithms/aim_simulator/PIM_AiM.json
[pim-debug] ramulator_config=/lustre/home/2501111916/workspace/XPUPIM_0226_gpupim_parameter/TriForm/algorithms/aim_simulator/example.yaml
[pim-debug] cost_model config.PIM_FREQ_GHZ=1.0
[pim-debug] op plan (logical shapes inferred from schedule cfg):
  - op#00  op=Q        shard=1   x=[1024x4096] + w=[2048x4096]  ->  y=[1024x2048]  (T=1024, K=1024)
  - op#01  op=O        shard=0   x=[1024x2048] + w=[4096x2048]  ->  y=[1024x4096]  (T=1024, K=1024)
  - op#02  op=FFN_W3   shard=1   x=[1024x4096] + w=[5504x4096]  ->  y=[1024x5504]  (T=1024, K=1024)
  - op#03  op=SwiGLU   shard=1   a=[1024x5504] + b=[1024x5504]  ->  y=[1024x5504]  (T=1024, K=1024)
  - op#04  op=FFN_W2   shard=1   x=[1024x5504] + w=[4096x5504]  ->  y=[1024x4096]  (T=1024, K=1024)
  - op#05  op=Add      shard=-1  a=[1024x4096] + b=[1024x4096]  ->  y=[1024x4096]  (T=1024, K=1024)
[pim-debug] NOTE: CENT(AiM) trace backend internally uses x shape (1,1,dim) and handles prefill by repeating ops;
           the table below shows the *effective parameters* passed into cost_model_pim_backend for each op.
[pim-debug] op#00 op=Q        norm=q_proj     sh=1  dim=4096  heads=16  hd=128 q_dim=2048  kv_heads=16  kv_dim=2048  o_dim=2048  ffn_dim=5504   seqlen=1024   qlen=1024 cache=N lat=    4.534ms cycles≈4534272
[pim-debug] op#01 op=O        norm=wo_proj    sh=0  dim=4096  heads=16  hd=128 q_dim=2048  kv_heads=16  kv_dim=2048  o_dim=2048  ffn_dim=5504   seqlen=1024   qlen=1024 cache=N lat=    4.159ms cycles≈4159488
[pim-debug] op#02 op=FFN_W3   norm=ffn_up     sh=1  dim=4096  heads=16  hd=128 q_dim=2048  kv_heads=16  kv_dim=2048  o_dim=2048  ffn_dim=5504   seqlen=1024   qlen=1024 cache=N lat=   11.158ms cycles≈11157504
[pim-debug] op#03 op=SwiGLU   norm=silu       sh=1  dim=4096  heads=16  hd=128 q_dim=2048  kv_heads=16  kv_dim=2048  o_dim=2048  ffn_dim=5504   seqlen=1024   qlen=1024 cache=N lat=    0.515ms cycles≈515072
[pim-debug] op#04 op=FFN_W2   norm=ffn_down   sh=1  dim=4096  heads=16  hd=128 q_dim=2048  kv_heads=16  kv_dim=2048  o_dim=2048  ffn_dim=5504   seqlen=1024   qlen=1024 cache=N lat=   11.741ms cycles≈11741184
[pim-debug] op#05 op=Add      norm=residual   sh=-1 dim=4096  heads=32  hd=128 q_dim=4096  kv_heads=32  kv_dim=4096  o_dim=4096  ffn_dim=11008  seqlen=1024   qlen=1024 cache=N lat=    0.003ms cycles≈3072
[pim-debug] segment total latency: 32.111 ms
========================================================================================
[pim-debug] segment_key=pim|prefill|-1|6f28d6ce092d5ab0f2c0aa6302a9c230
[pim-debug] sig: device_type=pim phase=prefill step=-1 (count_hint=3)
[pim-debug] ops_repr: Q:1,O:0,Add:-1,FFN_W3:0,SwiGLU:0,FFN_W2:0,Add:-1
[pim-debug] cfg: shard_policy='fine' shards=2 dim=4096 ffn_dim=11008 n_heads=32 n_kv_heads=auto->n_heads
[pim-debug] pim_config=/lustre/home/2501111916/workspace/XPUPIM_0226_gpupim_parameter/TriForm/algorithms/aim_simulator/PIM_AiM.json
[pim-debug] ramulator_config=/lustre/home/2501111916/workspace/XPUPIM_0226_gpupim_parameter/TriForm/algorithms/aim_simulator/example.yaml
[pim-debug] cost_model config.PIM_FREQ_GHZ=1.0
[pim-debug] op plan (logical shapes inferred from schedule cfg):
  - op#00  op=Q        shard=1   x=[1024x4096] + w=[2048x4096]  ->  y=[1024x2048]  (T=1024, K=1024)
  - op#01  op=O        shard=0   x=[1024x2048] + w=[4096x2048]  ->  y=[1024x4096]  (T=1024, K=1024)
  - op#02  op=Add      shard=-1  a=[1024x4096] + b=[1024x4096]  ->  y=[1024x4096]  (T=1024, K=1024)
  - op#03  op=FFN_W3   shard=0   x=[1024x4096] + w=[5504x4096]  ->  y=[1024x5504]  (T=1024, K=1024)
  - op#04  op=SwiGLU   shard=0   a=[1024x5504] + b=[1024x5504]  ->  y=[1024x5504]  (T=1024, K=1024)
  - op#05  op=FFN_W2   shard=0   x=[1024x5504] + w=[4096x5504]  ->  y=[1024x4096]  (T=1024, K=1024)
  - op#06  op=Add      shard=-1  a=[1024x4096] + b=[1024x4096]  ->  y=[1024x4096]  (T=1024, K=1024)
[pim-debug] NOTE: CENT(AiM) trace backend internally uses x shape (1,1,dim) and handles prefill by repeating ops;
           the table below shows the *effective parameters* passed into cost_model_pim_backend for each op.
[pim-debug] op#00 op=Q        norm=q_proj     sh=1  dim=4096  heads=16  hd=128 q_dim=2048  kv_heads=16  kv_dim=2048  o_dim=2048  ffn_dim=5504   seqlen=1024   qlen=1024 cache=N lat=    4.534ms cycles≈4534272
[pim-debug] op#01 op=O        norm=wo_proj    sh=0  dim=4096  heads=16  hd=128 q_dim=2048  kv_heads=16  kv_dim=2048  o_dim=2048  ffn_dim=5504   seqlen=1024   qlen=1024 cache=N lat=    4.159ms cycles≈4159488
[pim-debug] op#02 op=Add      norm=residual   sh=-1 dim=4096  heads=32  hd=128 q_dim=4096  kv_heads=32  kv_dim=4096  o_dim=4096  ffn_dim=11008  seqlen=1024   qlen=1024 cache=N lat=    0.003ms cycles≈3072
[pim-debug] op#03 op=FFN_W3   norm=ffn_up     sh=0  dim=4096  heads=16  hd=128 q_dim=2048  kv_heads=16  kv_dim=2048  o_dim=2048  ffn_dim=5504   seqlen=1024   qlen=1024 cache=N lat=   11.158ms cycles≈11157504
[pim-debug] op#04 op=SwiGLU   norm=silu       sh=0  dim=4096  heads=16  hd=128 q_dim=2048  kv_heads=16  kv_dim=2048  o_dim=2048  ffn_dim=5504   seqlen=1024   qlen=1024 cache=N lat=    0.515ms cycles≈515072
[pim-debug] op#05 op=FFN_W2   norm=ffn_down   sh=0  dim=4096  heads=16  hd=128 q_dim=2048  kv_heads=16  kv_dim=2048  o_dim=2048  ffn_dim=5504   seqlen=1024   qlen=1024 cache=N lat=   11.741ms cycles≈11741184
[pim-debug] op#06 op=Add      norm=residual   sh=-1 dim=4096  heads=32  hd=128 q_dim=4096  kv_heads=32  kv_dim=4096  o_dim=4096  ffn_dim=11008  seqlen=1024   qlen=1024 cache=N lat=    0.003ms cycles≈3072
[pim-debug] segment total latency: 32.114 ms
========================================================================================
[pim-debug] segment_key=pim|prefill|-1|6f9ad9c429c37a609dfac3a5effc0bd1
[pim-debug] sig: device_type=pim phase=prefill step=-1 (count_hint=4)
[pim-debug] ops_repr: Q:1,O:1,Add:-1,FFN_W3:1,SwiGLU:1,FFN_W2:1,Add:-1
[pim-debug] cfg: shard_policy='fine' shards=2 dim=4096 ffn_dim=11008 n_heads=32 n_kv_heads=auto->n_heads
[pim-debug] pim_config=/lustre/home/2501111916/workspace/XPUPIM_0226_gpupim_parameter/TriForm/algorithms/aim_simulator/PIM_AiM.json
[pim-debug] ramulator_config=/lustre/home/2501111916/workspace/XPUPIM_0226_gpupim_parameter/TriForm/algorithms/aim_simulator/example.yaml
[pim-debug] cost_model config.PIM_FREQ_GHZ=1.0
[pim-debug] op plan (logical shapes inferred from schedule cfg):
  - op#00  op=Q        shard=1   x=[1024x4096] + w=[2048x4096]  ->  y=[1024x2048]  (T=1024, K=1024)
  - op#01  op=O        shard=1   x=[1024x2048] + w=[4096x2048]  ->  y=[1024x4096]  (T=1024, K=1024)
  - op#02  op=Add      shard=-1  a=[1024x4096] + b=[1024x4096]  ->  y=[1024x4096]  (T=1024, K=1024)
  - op#03  op=FFN_W3   shard=1   x=[1024x4096] + w=[5504x4096]  ->  y=[1024x5504]  (T=1024, K=1024)
  - op#04  op=SwiGLU   shard=1   a=[1024x5504] + b=[1024x5504]  ->  y=[1024x5504]  (T=1024, K=1024)
  - op#05  op=FFN_W2   shard=1   x=[1024x5504] + w=[4096x5504]  ->  y=[1024x4096]  (T=1024, K=1024)
  - op#06  op=Add      shard=-1  a=[1024x4096] + b=[1024x4096]  ->  y=[1024x4096]  (T=1024, K=1024)
[pim-debug] NOTE: CENT(AiM) trace backend internally uses x shape (1,1,dim) and handles prefill by repeating ops;
           the table below shows the *effective parameters* passed into cost_model_pim_backend for each op.
[pim-debug] op#00 op=Q        norm=q_proj     sh=1  dim=4096  heads=16  hd=128 q_dim=2048  kv_heads=16  kv_dim=2048  o_dim=2048  ffn_dim=5504   seqlen=1024   qlen=1024 cache=N lat=    4.534ms cycles≈4534272
[pim-debug] op#01 op=O        norm=wo_proj    sh=1  dim=4096  heads=16  hd=128 q_dim=2048  kv_heads=16  kv_dim=2048  o_dim=2048  ffn_dim=5504   seqlen=1024   qlen=1024 cache=N lat=    4.159ms cycles≈4159488
[pim-debug] op#02 op=Add      norm=residual   sh=-1 dim=4096  heads=32  hd=128 q_dim=4096  kv_heads=32  kv_dim=4096  o_dim=4096  ffn_dim=11008  seqlen=1024   qlen=1024 cache=N lat=    0.003ms cycles≈3072
[pim-debug] op#03 op=FFN_W3   norm=ffn_up     sh=1  dim=4096  heads=16  hd=128 q_dim=2048  kv_heads=16  kv_dim=2048  o_dim=2048  ffn_dim=5504   seqlen=1024   qlen=1024 cache=N lat=   11.158ms cycles≈11157504
[pim-debug] op#04 op=SwiGLU   norm=silu       sh=1  dim=4096  heads=16  hd=128 q_dim=2048  kv_heads=16  kv_dim=2048  o_dim=2048  ffn_dim=5504   seqlen=1024   qlen=1024 cache=N lat=    0.515ms cycles≈515072
[pim-debug] op#05 op=FFN_W2   norm=ffn_down   sh=1  dim=4096  heads=16  hd=128 q_dim=2048  kv_heads=16  kv_dim=2048  o_dim=2048  ffn_dim=5504   seqlen=1024   qlen=1024 cache=N lat=   11.741ms cycles≈11741184
[pim-debug] op#06 op=Add      norm=residual   sh=-1 dim=4096  heads=32  hd=128 q_dim=4096  kv_heads=32  kv_dim=4096  o_dim=4096  ffn_dim=11008  seqlen=1024   qlen=1024 cache=N lat=    0.003ms cycles≈3072
[pim-debug] segment total latency: 32.114 ms
========================================================================================
[pim-debug] segment_key=pim|prefill|-1|9d6ca710b95af63b6c7cdafcbc959e6e
[pim-debug] sig: device_type=pim phase=prefill step=-1 (count_hint=3)
[pim-debug] ops_repr: Q:0,O:1,FFN_W3:1,SwiGLU:1,FFN_W2:1
[pim-debug] cfg: shard_policy='fine' shards=2 dim=4096 ffn_dim=11008 n_heads=32 n_kv_heads=auto->n_heads
[pim-debug] pim_config=/lustre/home/2501111916/workspace/XPUPIM_0226_gpupim_parameter/TriForm/algorithms/aim_simulator/PIM_AiM.json
[pim-debug] ramulator_config=/lustre/home/2501111916/workspace/XPUPIM_0226_gpupim_parameter/TriForm/algorithms/aim_simulator/example.yaml
[pim-debug] cost_model config.PIM_FREQ_GHZ=1.0
[pim-debug] op plan (logical shapes inferred from schedule cfg):
  - op#00  op=Q        shard=0   x=[1024x4096] + w=[2048x4096]  ->  y=[1024x2048]  (T=1024, K=1024)
  - op#01  op=O        shard=1   x=[1024x2048] + w=[4096x2048]  ->  y=[1024x4096]  (T=1024, K=1024)
  - op#02  op=FFN_W3   shard=1   x=[1024x4096] + w=[5504x4096]  ->  y=[1024x5504]  (T=1024, K=1024)
  - op#03  op=SwiGLU   shard=1   a=[1024x5504] + b=[1024x5504]  ->  y=[1024x5504]  (T=1024, K=1024)
  - op#04  op=FFN_W2   shard=1   x=[1024x5504] + w=[4096x5504]  ->  y=[1024x4096]  (T=1024, K=1024)
[pim-debug] NOTE: CENT(AiM) trace backend internally uses x shape (1,1,dim) and handles prefill by repeating ops;
           the table below shows the *effective parameters* passed into cost_model_pim_backend for each op.
[pim-debug] op#00 op=Q        norm=q_proj     sh=0  dim=4096  heads=16  hd=128 q_dim=2048  kv_heads=16  kv_dim=2048  o_dim=2048  ffn_dim=5504   seqlen=1024   qlen=1024 cache=N lat=    4.534ms cycles≈4534272
[pim-debug] op#01 op=O        norm=wo_proj    sh=1  dim=4096  heads=16  hd=128 q_dim=2048  kv_heads=16  kv_dim=2048  o_dim=2048  ffn_dim=5504   seqlen=1024   qlen=1024 cache=N lat=    4.159ms cycles≈4159488
[pim-debug] op#02 op=FFN_W3   norm=ffn_up     sh=1  dim=4096  heads=16  hd=128 q_dim=2048  kv_heads=16  kv_dim=2048  o_dim=2048  ffn_dim=5504   seqlen=1024   qlen=1024 cache=N lat=   11.158ms cycles≈11157504
[pim-debug] op#03 op=SwiGLU   norm=silu       sh=1  dim=4096  heads=16  hd=128 q_dim=2048  kv_heads=16  kv_dim=2048  o_dim=2048  ffn_dim=5504   seqlen=1024   qlen=1024 cache=N lat=    0.515ms cycles≈515072
[pim-debug] op#04 op=FFN_W2   norm=ffn_down   sh=1  dim=4096  heads=16  hd=128 q_dim=2048  kv_heads=16  kv_dim=2048  o_dim=2048  ffn_dim=5504   seqlen=1024   qlen=1024 cache=N lat=   11.741ms cycles≈11741184
[pim-debug] segment total latency: 32.108 ms
========================================================================================
[pim-debug] segment_key=pim|prefill|-1|a0917c228b8f572f1118629fd0950bd9
[pim-debug] sig: device_type=pim phase=prefill step=-1 (count_hint=5)
[pim-debug] ops_repr: Q:1,O:1,FFN_W3:0,SwiGLU:0,FFN_W2:0
[pim-debug] cfg: shard_policy='fine' shards=2 dim=4096 ffn_dim=11008 n_heads=32 n_kv_heads=auto->n_heads
[pim-debug] pim_config=/lustre/home/2501111916/workspace/XPUPIM_0226_gpupim_parameter/TriForm/algorithms/aim_simulator/PIM_AiM.json
[pim-debug] ramulator_config=/lustre/home/2501111916/workspace/XPUPIM_0226_gpupim_parameter/TriForm/algorithms/aim_simulator/example.yaml
[pim-debug] cost_model config.PIM_FREQ_GHZ=1.0
[pim-debug] op plan (logical shapes inferred from schedule cfg):
  - op#00  op=Q        shard=1   x=[1024x4096] + w=[2048x4096]  ->  y=[1024x2048]  (T=1024, K=1024)
  - op#01  op=O        shard=1   x=[1024x2048] + w=[4096x2048]  ->  y=[1024x4096]  (T=1024, K=1024)
  - op#02  op=FFN_W3   shard=0   x=[1024x4096] + w=[5504x4096]  ->  y=[1024x5504]  (T=1024, K=1024)
  - op#03  op=SwiGLU   shard=0   a=[1024x5504] + b=[1024x5504]  ->  y=[1024x5504]  (T=1024, K=1024)
  - op#04  op=FFN_W2   shard=0   x=[1024x5504] + w=[4096x5504]  ->  y=[1024x4096]  (T=1024, K=1024)
[pim-debug] NOTE: CENT(AiM) trace backend internally uses x shape (1,1,dim) and handles prefill by repeating ops;
           the table below shows the *effective parameters* passed into cost_model_pim_backend for each op.
[pim-debug] op#00 op=Q        norm=q_proj     sh=1  dim=4096  heads=16  hd=128 q_dim=2048  kv_heads=16  kv_dim=2048  o_dim=2048  ffn_dim=5504   seqlen=1024   qlen=1024 cache=N lat=    4.534ms cycles≈4534272
[pim-debug] op#01 op=O        norm=wo_proj    sh=1  dim=4096  heads=16  hd=128 q_dim=2048  kv_heads=16  kv_dim=2048  o_dim=2048  ffn_dim=5504   seqlen=1024   qlen=1024 cache=N lat=    4.159ms cycles≈4159488
[pim-debug] op#02 op=FFN_W3   norm=ffn_up     sh=0  dim=4096  heads=16  hd=128 q_dim=2048  kv_heads=16  kv_dim=2048  o_dim=2048  ffn_dim=5504   seqlen=1024   qlen=1024 cache=N lat=   11.158ms cycles≈11157504
[pim-debug] op#03 op=SwiGLU   norm=silu       sh=0  dim=4096  heads=16  hd=128 q_dim=2048  kv_heads=16  kv_dim=2048  o_dim=2048  ffn_dim=5504   seqlen=1024   qlen=1024 cache=N lat=    0.515ms cycles≈515072
[pim-debug] op#04 op=FFN_W2   norm=ffn_down   sh=0  dim=4096  heads=16  hd=128 q_dim=2048  kv_heads=16  kv_dim=2048  o_dim=2048  ffn_dim=5504   seqlen=1024   qlen=1024 cache=N lat=   11.741ms cycles≈11741184
[pim-debug] segment total latency: 32.108 ms
========================================================================================
[pim-debug] segment_key=pim|prefill|-1|aa1682d7760156caef1341fbab2bcd51
[pim-debug] sig: device_type=pim phase=prefill step=-1 (count_hint=6)
[pim-debug] ops_repr: Q:1,O:1,Add:-1,FFN_W3:0,SwiGLU:0,FFN_W2:0,Add:-1
[pim-debug] cfg: shard_policy='fine' shards=2 dim=4096 ffn_dim=11008 n_heads=32 n_kv_heads=auto->n_heads
[pim-debug] pim_config=/lustre/home/2501111916/workspace/XPUPIM_0226_gpupim_parameter/TriForm/algorithms/aim_simulator/PIM_AiM.json
[pim-debug] ramulator_config=/lustre/home/2501111916/workspace/XPUPIM_0226_gpupim_parameter/TriForm/algorithms/aim_simulator/example.yaml
[pim-debug] cost_model config.PIM_FREQ_GHZ=1.0
[pim-debug] op plan (logical shapes inferred from schedule cfg):
  - op#00  op=Q        shard=1   x=[1024x4096] + w=[2048x4096]  ->  y=[1024x2048]  (T=1024, K=1024)
  - op#01  op=O        shard=1   x=[1024x2048] + w=[4096x2048]  ->  y=[1024x4096]  (T=1024, K=1024)
  - op#02  op=Add      shard=-1  a=[1024x4096] + b=[1024x4096]  ->  y=[1024x4096]  (T=1024, K=1024)
  - op#03  op=FFN_W3   shard=0   x=[1024x4096] + w=[5504x4096]  ->  y=[1024x5504]  (T=1024, K=1024)
  - op#04  op=SwiGLU   shard=0   a=[1024x5504] + b=[1024x5504]  ->  y=[1024x5504]  (T=1024, K=1024)
  - op#05  op=FFN_W2   shard=0   x=[1024x5504] + w=[4096x5504]  ->  y=[1024x4096]  (T=1024, K=1024)
  - op#06  op=Add      shard=-1  a=[1024x4096] + b=[1024x4096]  ->  y=[1024x4096]  (T=1024, K=1024)
[pim-debug] NOTE: CENT(AiM) trace backend internally uses x shape (1,1,dim) and handles prefill by repeating ops;
           the table below shows the *effective parameters* passed into cost_model_pim_backend for each op.
[pim-debug] op#00 op=Q        norm=q_proj     sh=1  dim=4096  heads=16  hd=128 q_dim=2048  kv_heads=16  kv_dim=2048  o_dim=2048  ffn_dim=5504   seqlen=1024   qlen=1024 cache=N lat=    4.534ms cycles≈4534272
[pim-debug] op#01 op=O        norm=wo_proj    sh=1  dim=4096  heads=16  hd=128 q_dim=2048  kv_heads=16  kv_dim=2048  o_dim=2048  ffn_dim=5504   seqlen=1024   qlen=1024 cache=N lat=    4.159ms cycles≈4159488
[pim-debug] op#02 op=Add      norm=residual   sh=-1 dim=4096  heads=32  hd=128 q_dim=4096  kv_heads=32  kv_dim=4096  o_dim=4096  ffn_dim=11008  seqlen=1024   qlen=1024 cache=N lat=    0.003ms cycles≈3072
[pim-debug] op#03 op=FFN_W3   norm=ffn_up     sh=0  dim=4096  heads=16  hd=128 q_dim=2048  kv_heads=16  kv_dim=2048  o_dim=2048  ffn_dim=5504   seqlen=1024   qlen=1024 cache=N lat=   11.158ms cycles≈11157504
[pim-debug] op#04 op=SwiGLU   norm=silu       sh=0  dim=4096  heads=16  hd=128 q_dim=2048  kv_heads=16  kv_dim=2048  o_dim=2048  ffn_dim=5504   seqlen=1024   qlen=1024 cache=N lat=    0.515ms cycles≈515072
[pim-debug] op#05 op=FFN_W2   norm=ffn_down   sh=0  dim=4096  heads=16  hd=128 q_dim=2048  kv_heads=16  kv_dim=2048  o_dim=2048  ffn_dim=5504   seqlen=1024   qlen=1024 cache=N lat=   11.741ms cycles≈11741184
[pim-debug] op#06 op=Add      norm=residual   sh=-1 dim=4096  heads=32  hd=128 q_dim=4096  kv_heads=32  kv_dim=4096  o_dim=4096  ffn_dim=11008  seqlen=1024   qlen=1024 cache=N lat=    0.003ms cycles≈3072
[pim-debug] segment total latency: 32.114 ms
========================================================================================
[pim-debug] segment_key=pim|prefill|-1|b8472ddaee06e13aae23fac8cf8823a0
[pim-debug] sig: device_type=pim phase=prefill step=-1 (count_hint=5)
[pim-debug] ops_repr: Q:0,O:0,Add:-1,FFN_W3:1,SwiGLU:1,FFN_W2:1,Add:-1
[pim-debug] cfg: shard_policy='fine' shards=2 dim=4096 ffn_dim=11008 n_heads=32 n_kv_heads=auto->n_heads
[pim-debug] pim_config=/lustre/home/2501111916/workspace/XPUPIM_0226_gpupim_parameter/TriForm/algorithms/aim_simulator/PIM_AiM.json
[pim-debug] ramulator_config=/lustre/home/2501111916/workspace/XPUPIM_0226_gpupim_parameter/TriForm/algorithms/aim_simulator/example.yaml
[pim-debug] cost_model config.PIM_FREQ_GHZ=1.0
[pim-debug] op plan (logical shapes inferred from schedule cfg):
  - op#00  op=Q        shard=0   x=[1024x4096] + w=[2048x4096]  ->  y=[1024x2048]  (T=1024, K=1024)
  - op#01  op=O        shard=0   x=[1024x2048] + w=[4096x2048]  ->  y=[1024x4096]  (T=1024, K=1024)
  - op#02  op=Add      shard=-1  a=[1024x4096] + b=[1024x4096]  ->  y=[1024x4096]  (T=1024, K=1024)
  - op#03  op=FFN_W3   shard=1   x=[1024x4096] + w=[5504x4096]  ->  y=[1024x5504]  (T=1024, K=1024)
  - op#04  op=SwiGLU   shard=1   a=[1024x5504] + b=[1024x5504]  ->  y=[1024x5504]  (T=1024, K=1024)
  - op#05  op=FFN_W2   shard=1   x=[1024x5504] + w=[4096x5504]  ->  y=[1024x4096]  (T=1024, K=1024)
  - op#06  op=Add      shard=-1  a=[1024x4096] + b=[1024x4096]  ->  y=[1024x4096]  (T=1024, K=1024)
[pim-debug] NOTE: CENT(AiM) trace backend internally uses x shape (1,1,dim) and handles prefill by repeating ops;
           the table below shows the *effective parameters* passed into cost_model_pim_backend for each op.
[pim-debug] op#00 op=Q        norm=q_proj     sh=0  dim=4096  heads=16  hd=128 q_dim=2048  kv_heads=16  kv_dim=2048  o_dim=2048  ffn_dim=5504   seqlen=1024   qlen=1024 cache=N lat=    4.534ms cycles≈4534272
[pim-debug] op#01 op=O        norm=wo_proj    sh=0  dim=4096  heads=16  hd=128 q_dim=2048  kv_heads=16  kv_dim=2048  o_dim=2048  ffn_dim=5504   seqlen=1024   qlen=1024 cache=N lat=    4.159ms cycles≈4159488
[pim-debug] op#02 op=Add      norm=residual   sh=-1 dim=4096  heads=32  hd=128 q_dim=4096  kv_heads=32  kv_dim=4096  o_dim=4096  ffn_dim=11008  seqlen=1024   qlen=1024 cache=N lat=    0.003ms cycles≈3072
[pim-debug] op#03 op=FFN_W3   norm=ffn_up     sh=1  dim=4096  heads=16  hd=128 q_dim=2048  kv_heads=16  kv_dim=2048  o_dim=2048  ffn_dim=5504   seqlen=1024   qlen=1024 cache=N lat=   11.158ms cycles≈11157504
[pim-debug] op#04 op=SwiGLU   norm=silu       sh=1  dim=4096  heads=16  hd=128 q_dim=2048  kv_heads=16  kv_dim=2048  o_dim=2048  ffn_dim=5504   seqlen=1024   qlen=1024 cache=N lat=    0.515ms cycles≈515072
[pim-debug] op#05 op=FFN_W2   norm=ffn_down   sh=1  dim=4096  heads=16  hd=128 q_dim=2048  kv_heads=16  kv_dim=2048  o_dim=2048  ffn_dim=5504   seqlen=1024   qlen=1024 cache=N lat=   11.741ms cycles≈11741184
[pim-debug] op#06 op=Add      norm=residual   sh=-1 dim=4096  heads=32  hd=128 q_dim=4096  kv_heads=32  kv_dim=4096  o_dim=4096  ffn_dim=11008  seqlen=1024   qlen=1024 cache=N lat=    0.003ms cycles≈3072
[pim-debug] segment total latency: 32.114 ms
========================================================================================
[pim-debug] segment_key=pim|prefill|-1|c110797d66af2e4068c8b9628b0f45a9
[pim-debug] sig: device_type=pim phase=prefill step=-1 (count_hint=5)
[pim-debug] ops_repr: Q:1,O:0,Add:-1,FFN_W3:1,SwiGLU:1,FFN_W2:1,Add:-1
[pim-debug] cfg: shard_policy='fine' shards=2 dim=4096 ffn_dim=11008 n_heads=32 n_kv_heads=auto->n_heads
[pim-debug] pim_config=/lustre/home/2501111916/workspace/XPUPIM_0226_gpupim_parameter/TriForm/algorithms/aim_simulator/PIM_AiM.json
[pim-debug] ramulator_config=/lustre/home/2501111916/workspace/XPUPIM_0226_gpupim_parameter/TriForm/algorithms/aim_simulator/example.yaml
[pim-debug] cost_model config.PIM_FREQ_GHZ=1.0
[pim-debug] op plan (logical shapes inferred from schedule cfg):
  - op#00  op=Q        shard=1   x=[1024x4096] + w=[2048x4096]  ->  y=[1024x2048]  (T=1024, K=1024)
  - op#01  op=O        shard=0   x=[1024x2048] + w=[4096x2048]  ->  y=[1024x4096]  (T=1024, K=1024)
  - op#02  op=Add      shard=-1  a=[1024x4096] + b=[1024x4096]  ->  y=[1024x4096]  (T=1024, K=1024)
  - op#03  op=FFN_W3   shard=1   x=[1024x4096] + w=[5504x4096]  ->  y=[1024x5504]  (T=1024, K=1024)
  - op#04  op=SwiGLU   shard=1   a=[1024x5504] + b=[1024x5504]  ->  y=[1024x5504]  (T=1024, K=1024)
  - op#05  op=FFN_W2   shard=1   x=[1024x5504] + w=[4096x5504]  ->  y=[1024x4096]  (T=1024, K=1024)
  - op#06  op=Add      shard=-1  a=[1024x4096] + b=[1024x4096]  ->  y=[1024x4096]  (T=1024, K=1024)
[pim-debug] NOTE: CENT(AiM) trace backend internally uses x shape (1,1,dim) and handles prefill by repeating ops;
           the table below shows the *effective parameters* passed into cost_model_pim_backend for each op.
[pim-debug] op#00 op=Q        norm=q_proj     sh=1  dim=4096  heads=16  hd=128 q_dim=2048  kv_heads=16  kv_dim=2048  o_dim=2048  ffn_dim=5504   seqlen=1024   qlen=1024 cache=N lat=    4.534ms cycles≈4534272
[pim-debug] op#01 op=O        norm=wo_proj    sh=0  dim=4096  heads=16  hd=128 q_dim=2048  kv_heads=16  kv_dim=2048  o_dim=2048  ffn_dim=5504   seqlen=1024   qlen=1024 cache=N lat=    4.159ms cycles≈4159488
[pim-debug] op#02 op=Add      norm=residual   sh=-1 dim=4096  heads=32  hd=128 q_dim=4096  kv_heads=32  kv_dim=4096  o_dim=4096  ffn_dim=11008  seqlen=1024   qlen=1024 cache=N lat=    0.003ms cycles≈3072
[pim-debug] op#03 op=FFN_W3   norm=ffn_up     sh=1  dim=4096  heads=16  hd=128 q_dim=2048  kv_heads=16  kv_dim=2048  o_dim=2048  ffn_dim=5504   seqlen=1024   qlen=1024 cache=N lat=   11.158ms cycles≈11157504
[pim-debug] op#04 op=SwiGLU   norm=silu       sh=1  dim=4096  heads=16  hd=128 q_dim=2048  kv_heads=16  kv_dim=2048  o_dim=2048  ffn_dim=5504   seqlen=1024   qlen=1024 cache=N lat=    0.515ms cycles≈515072
[pim-debug] op#05 op=FFN_W2   norm=ffn_down   sh=1  dim=4096  heads=16  hd=128 q_dim=2048  kv_heads=16  kv_dim=2048  o_dim=2048  ffn_dim=5504   seqlen=1024   qlen=1024 cache=N lat=   11.741ms cycles≈11741184
[pim-debug] op#06 op=Add      norm=residual   sh=-1 dim=4096  heads=32  hd=128 q_dim=4096  kv_heads=32  kv_dim=4096  o_dim=4096  ffn_dim=11008  seqlen=1024   qlen=1024 cache=N lat=    0.003ms cycles≈3072
[pim-debug] segment total latency: 32.114 ms
========================================================================================
[pim-debug] segment_key=pim|prefill|-1|c496e5994d4487b0137f6301c6b34ce5
[pim-debug] sig: device_type=pim phase=prefill step=-1 (count_hint=4)
[pim-debug] ops_repr: Q:0,O:0,FFN_W3:0,SwiGLU:0,FFN_W2:0
[pim-debug] cfg: shard_policy='fine' shards=2 dim=4096 ffn_dim=11008 n_heads=32 n_kv_heads=auto->n_heads
[pim-debug] pim_config=/lustre/home/2501111916/workspace/XPUPIM_0226_gpupim_parameter/TriForm/algorithms/aim_simulator/PIM_AiM.json
[pim-debug] ramulator_config=/lustre/home/2501111916/workspace/XPUPIM_0226_gpupim_parameter/TriForm/algorithms/aim_simulator/example.yaml
[pim-debug] cost_model config.PIM_FREQ_GHZ=1.0
[pim-debug] op plan (logical shapes inferred from schedule cfg):
  - op#00  op=Q        shard=0   x=[1024x4096] + w=[2048x4096]  ->  y=[1024x2048]  (T=1024, K=1024)
  - op#01  op=O        shard=0   x=[1024x2048] + w=[4096x2048]  ->  y=[1024x4096]  (T=1024, K=1024)
  - op#02  op=FFN_W3   shard=0   x=[1024x4096] + w=[5504x4096]  ->  y=[1024x5504]  (T=1024, K=1024)
  - op#03  op=SwiGLU   shard=0   a=[1024x5504] + b=[1024x5504]  ->  y=[1024x5504]  (T=1024, K=1024)
  - op#04  op=FFN_W2   shard=0   x=[1024x5504] + w=[4096x5504]  ->  y=[1024x4096]  (T=1024, K=1024)
[pim-debug] NOTE: CENT(AiM) trace backend internally uses x shape (1,1,dim) and handles prefill by repeating ops;
           the table below shows the *effective parameters* passed into cost_model_pim_backend for each op.
[pim-debug] op#00 op=Q        norm=q_proj     sh=0  dim=4096  heads=16  hd=128 q_dim=2048  kv_heads=16  kv_dim=2048  o_dim=2048  ffn_dim=5504   seqlen=1024   qlen=1024 cache=N lat=    4.534ms cycles≈4534272
[pim-debug] op#01 op=O        norm=wo_proj    sh=0  dim=4096  heads=16  hd=128 q_dim=2048  kv_heads=16  kv_dim=2048  o_dim=2048  ffn_dim=5504   seqlen=1024   qlen=1024 cache=N lat=    4.159ms cycles≈4159488
[pim-debug] op#02 op=FFN_W3   norm=ffn_up     sh=0  dim=4096  heads=16  hd=128 q_dim=2048  kv_heads=16  kv_dim=2048  o_dim=2048  ffn_dim=5504   seqlen=1024   qlen=1024 cache=N lat=   11.158ms cycles≈11157504
[pim-debug] op#03 op=SwiGLU   norm=silu       sh=0  dim=4096  heads=16  hd=128 q_dim=2048  kv_heads=16  kv_dim=2048  o_dim=2048  ffn_dim=5504   seqlen=1024   qlen=1024 cache=N lat=    0.515ms cycles≈515072
[pim-debug] op#04 op=FFN_W2   norm=ffn_down   sh=0  dim=4096  heads=16  hd=128 q_dim=2048  kv_heads=16  kv_dim=2048  o_dim=2048  ffn_dim=5504   seqlen=1024   qlen=1024 cache=N lat=   11.741ms cycles≈11741184
[pim-debug] segment total latency: 32.108 ms
========================================================================================
[pim-debug] segment_key=pim|prefill|-1|e914292ea62715bfbbf51076b670f634
[pim-debug] sig: device_type=pim phase=prefill step=-1 (count_hint=1)
[pim-debug] ops_repr: Q:0,O:1,Add:-1,FFN_W3:0,SwiGLU:0,FFN_W2:0
[pim-debug] cfg: shard_policy='fine' shards=2 dim=4096 ffn_dim=11008 n_heads=32 n_kv_heads=auto->n_heads
[pim-debug] pim_config=/lustre/home/2501111916/workspace/XPUPIM_0226_gpupim_parameter/TriForm/algorithms/aim_simulator/PIM_AiM.json
[pim-debug] ramulator_config=/lustre/home/2501111916/workspace/XPUPIM_0226_gpupim_parameter/TriForm/algorithms/aim_simulator/example.yaml
[pim-debug] cost_model config.PIM_FREQ_GHZ=1.0
[pim-debug] op plan (logical shapes inferred from schedule cfg):
  - op#00  op=Q        shard=0   x=[1024x4096] + w=[2048x4096]  ->  y=[1024x2048]  (T=1024, K=1024)
  - op#01  op=O        shard=1   x=[1024x2048] + w=[4096x2048]  ->  y=[1024x4096]  (T=1024, K=1024)
  - op#02  op=Add      shard=-1  a=[1024x4096] + b=[1024x4096]  ->  y=[1024x4096]  (T=1024, K=1024)
  - op#03  op=FFN_W3   shard=0   x=[1024x4096] + w=[5504x4096]  ->  y=[1024x5504]  (T=1024, K=1024)
  - op#04  op=SwiGLU   shard=0   a=[1024x5504] + b=[1024x5504]  ->  y=[1024x5504]  (T=1024, K=1024)
  - op#05  op=FFN_W2   shard=0   x=[1024x5504] + w=[4096x5504]  ->  y=[1024x4096]  (T=1024, K=1024)
[pim-debug] NOTE: CENT(AiM) trace backend internally uses x shape (1,1,dim) and handles prefill by repeating ops;
           the table below shows the *effective parameters* passed into cost_model_pim_backend for each op.
[pim-debug] op#00 op=Q        norm=q_proj     sh=0  dim=4096  heads=16  hd=128 q_dim=2048  kv_heads=16  kv_dim=2048  o_dim=2048  ffn_dim=5504   seqlen=1024   qlen=1024 cache=N lat=    4.534ms cycles≈4534272
[pim-debug] op#01 op=O        norm=wo_proj    sh=1  dim=4096  heads=16  hd=128 q_dim=2048  kv_heads=16  kv_dim=2048  o_dim=2048  ffn_dim=5504   seqlen=1024   qlen=1024 cache=N lat=    4.159ms cycles≈4159488
[pim-debug] op#02 op=Add      norm=residual   sh=-1 dim=4096  heads=32  hd=128 q_dim=4096  kv_heads=32  kv_dim=4096  o_dim=4096  ffn_dim=11008  seqlen=1024   qlen=1024 cache=N lat=    0.003ms cycles≈3072
[pim-debug] op#03 op=FFN_W3   norm=ffn_up     sh=0  dim=4096  heads=16  hd=128 q_dim=2048  kv_heads=16  kv_dim=2048  o_dim=2048  ffn_dim=5504   seqlen=1024   qlen=1024 cache=N lat=   11.158ms cycles≈11157504
[pim-debug] op#04 op=SwiGLU   norm=silu       sh=0  dim=4096  heads=16  hd=128 q_dim=2048  kv_heads=16  kv_dim=2048  o_dim=2048  ffn_dim=5504   seqlen=1024   qlen=1024 cache=N lat=    0.515ms cycles≈515072
[pim-debug] op#05 op=FFN_W2   norm=ffn_down   sh=0  dim=4096  heads=16  hd=128 q_dim=2048  kv_heads=16  kv_dim=2048  o_dim=2048  ffn_dim=5504   seqlen=1024   qlen=1024 cache=N lat=   11.741ms cycles≈11741184
[pim-debug] segment total latency: 32.111 ms
