[slurm] jobid=9740392 nodelist=l12gpu02
[slurm] CUDA_VISIBLE_DEVICES=0
Sat Feb 28 09:07:37 2026       
+-----------------------------------------------------------------------------------------+
| NVIDIA-SMI 560.35.03              Driver Version: 560.35.03      CUDA Version: 12.6     |
|-----------------------------------------+------------------------+----------------------+
| GPU  Name                 Persistence-M | Bus-Id          Disp.A | Volatile Uncorr. ECC |
| Fan  Temp   Perf          Pwr:Usage/Cap |           Memory-Usage | GPU-Util  Compute M. |
|                                         |                        |               MIG M. |
|=========================================+========================+======================|
|   0  NVIDIA A100-PCIE-40GB          On  |   00000000:98:00.0 Off |                    0 |
| N/A   30C    P0             32W /  250W |       1MiB /  40960MiB |      0%      Default |
|                                         |                        |             Disabled |
+-----------------------------------------+------------------------+----------------------+
                                                                                         
+-----------------------------------------------------------------------------------------+
| Processes:                                                                              |
|  GPU   GI   CI        PID   Type   Process name                              GPU Memory |
|        ID   ID                                                               Usage      |
|=========================================================================================|
|  No running processes found                                                             |
+-----------------------------------------------------------------------------------------+
torch: 2.8.0+cu126
cuda available: True
device: NVIDIA A100-PCIE-40GB
[slurm] PY_SCRIPT=/lustre/home/2501111916/workspace/XPUPIM_0226_gpupim_parameter/TriForm/verify/schedule_deploy_verify.py
[slurm] TASKS_JSON=/lustre/home/2501111916/workspace/XPUPIM_0226_gpupim_parameter/TriForm/verify/hw_hardware_1gpu_2aim/st64/llama_7b_bf16_b4_s64/attacc_1024x1024.gpu_tasks.json
[slurm] OUT_JSON=/lustre/home/2501111916/workspace/XPUPIM_0226_gpupim_parameter/TriForm/verify/hw_hardware_1gpu_2aim/st64/llama_7b_bf16_b4_s64/attacc_1024x1024.gpu_results.json
[slurm] WARMUP=3 ITERS=10 DEVICE=cuda GPU_DTYPE=bf16 BATCH=1
[slurm] OK_FILE=/lustre/home/2501111916/workspace/XPUPIM_0226_gpupim_parameter/TriForm/verify/hw_hardware_1gpu_2aim/st64/llama_7b_bf16_b4_s64/attacc_1024x1024.gpu.ok
[slurm] Running: python /lustre/home/2501111916/workspace/XPUPIM_0226_gpupim_parameter/TriForm/verify/schedule_deploy_verify.py run-gpu --tasks /lustre/home/2501111916/workspace/XPUPIM_0226_gpupim_parameter/TriForm/verify/hw_hardware_1gpu_2aim/st64/llama_7b_bf16_b4_s64/attacc_1024x1024.gpu_tasks.json --out /lustre/home/2501111916/workspace/XPUPIM_0226_gpupim_parameter/TriForm/verify/hw_hardware_1gpu_2aim/st64/llama_7b_bf16_b4_s64/attacc_1024x1024.gpu_results.json --warmup 3 --iters 10 --debug --debug-txt /lustre/home/2501111916/workspace/XPUPIM_0226_gpupim_parameter/TriForm/verify/hw_hardware_1gpu_2aim/st64/llama_7b_bf16_b4_s64/attacc_1024x1024.gpu_debug.log --device cuda --gpu-dtype bf16 --batch 1
[run-gpu] tasks=18 warmup=3 iters=10 device=cuda dtype=bf16 batch=1 segment_scope=layer
[run-gpu] extra weight_load_s=0.400513s (will be added in merge)
[run-gpu] GPU[0] NVIDIA A100-PCIE-40GB; SM=108, CC=8.0
[run-gpu] nvidia-smi -L: GPU 0: NVIDIA A100-PCIE-40GB (UUID: GPU-4cd2dd8b-d779-5b24-29b5-80b860f437dd)
[run-gpu] nvidia-smi query: NVIDIA A100-PCIE-40GB, GPU-4cd2dd8b-d779-5b24-29b5-80b860f437dd, 560.35.03, 40960
[run-gpu][debug] torch_default_dtype=torch.float32
[run-gpu][debug] torch.backends.cuda.matmul.allow_tf32=False
[run-gpu][debug] cudnn.enabled=True benchmark=False deterministic=False allow_tf32=True
[run-gpu][debug] nvidia-smi snapshot: 0, 0, 0, 4, 40960, 30, 33.69, 250.00
========================================================================================
[gpu-debug] segment_key=npu|decode|0|f47f2b13c8c0ddb8e4ddc9de5ce41aad
[gpu-debug] sig: device_type=npu phase=decode step=0 (count_hint=32)
[gpu-debug] ops_repr: LN:-1,Q:0,K:0,V:0,Q:1,K:1,V:1,O:0,O:1,Add:-1,LN:-1,FFN_W1:0,FFN_W3:0,FFN_W1:1,FFN_W3:1,SwiGLU:0,SwiGLU:1,FFN_W2:0,FFN_W2:1,Add:-1
[gpu-debug] cfg: device=cuda dtype=torch.bfloat16 batch=1 dim=4096 ffn_dim=11008 n_heads=32 shards=2
[gpu-debug] op plan (with inferred tensor shapes):
  - op#00  op=LN       shard=-1  x=[1x1x4096] + w=[4096]  ->  y=[1x1x4096]  (T=1, K=1025)
  - op#01  op=Q        shard=0   x=[1x1x4096] + w=[2048x4096]  ->  y=[1x1x2048]  (T=1, K=1025)
  - op#02  op=K        shard=0   x=[1x1x4096] + w=[2048x4096]  ->  y=[1x1x2048]  (T=1, K=1025)
  - op#03  op=V        shard=0   x=[1x1x4096] + w=[2048x4096]  ->  y=[1x1x2048]  (T=1, K=1025)
  - op#04  op=Q        shard=1   x=[1x1x4096] + w=[2048x4096]  ->  y=[1x1x2048]  (T=1, K=1025)
  - op#05  op=K        shard=1   x=[1x1x4096] + w=[2048x4096]  ->  y=[1x1x2048]  (T=1, K=1025)
  - op#06  op=V        shard=1   x=[1x1x4096] + w=[2048x4096]  ->  y=[1x1x2048]  (T=1, K=1025)
  - op#07  op=O        shard=0   x=[1x1x2048] + w=[4096x2048]  ->  y=[1x1x4096]  (T=1, K=1025)
  - op#08  op=O        shard=1   x=[1x1x2048] + w=[4096x2048]  ->  y=[1x1x4096]  (T=1, K=1025)
  - op#09  op=Add      shard=-1  a=[1x1x4096] + b=[1x1x4096]  ->  y=[1x1x4096]  (T=1, K=1025)
  - op#10  op=LN       shard=-1  x=[1x1x4096] + w=[4096]  ->  y=[1x1x4096]  (T=1, K=1025)
  - op#11  op=FFN_W1   shard=0   x=[1x1x4096] + w=[5504x4096]  ->  y=[1x1x5504]  (T=1, K=1025)
  - op#12  op=FFN_W3   shard=0   x=[1x1x4096] + w=[5504x4096]  ->  y=[1x1x5504]  (T=1, K=1025)
  - op#13  op=FFN_W1   shard=1   x=[1x1x4096] + w=[5504x4096]  ->  y=[1x1x5504]  (T=1, K=1025)
  - op#14  op=FFN_W3   shard=1   x=[1x1x4096] + w=[5504x4096]  ->  y=[1x1x5504]  (T=1, K=1025)
  - op#15  op=SwiGLU   shard=0   a=[1x1x5504] + b=[1x1x5504]  ->  y=[1x1x5504]  (T=1, K=1025)
  - op#16  op=SwiGLU   shard=1   a=[1x1x5504] + b=[1x1x5504]  ->  y=[1x1x5504]  (T=1, K=1025)
  - op#17  op=FFN_W2   shard=0   x=[1x1x5504] + w=[4096x5504]  ->  y=[1x1x4096]  (T=1, K=1025)
  - op#18  op=FFN_W2   shard=1   x=[1x1x5504] + w=[4096x5504]  ->  y=[1x1x4096]  (T=1, K=1025)
  - op#19  op=Add      shard=-1  a=[1x1x4096] + b=[1x1x4096]  ->  y=[1x1x4096]  (T=1, K=1025)
[gpu-debug] per-op timing breakdown (avg over iters):
  idx  op       sh  io                                                    time   est_flops    TFLOPs       bytes      GB/s
  ------------------------------------------------------------------------------------------------------------------------
    0  LN       -1  x[1x1x4096]+w[4096]->y[1x1x4096]                    0.069ms    20.480 K      0.00   24.00 KiB      0.36
    1  Q         0  x[1x1x4096]+w[2048x4096]->y[1x1x2048]               0.053ms    16.777 M      0.32   16.01 MiB    318.99
    2  K         0  x[1x1x4096]+w[2048x4096]->y[1x1x2048]               0.035ms    16.777 M      0.48   16.01 MiB    479.42
    3  V         0  x[1x1x4096]+w[2048x4096]->y[1x1x2048]               0.034ms    16.777 M      0.49   16.01 MiB    490.90
    4  Q         1  x[1x1x4096]+w[2048x4096]->y[1x1x2048]               0.034ms    16.777 M      0.49   16.01 MiB    490.90
    5  K         1  x[1x1x4096]+w[2048x4096]->y[1x1x2048]               0.035ms    16.777 M      0.48   16.01 MiB    479.42
    6  V         1  x[1x1x4096]+w[2048x4096]->y[1x1x2048]               0.035ms    16.777 M      0.48   16.01 MiB    483.66
    7  O         0  x[1x1x2048]+w[4096x2048]->y[1x1x4096]               0.028ms    16.777 M      0.60   16.01 MiB    602.79
    8  O         1  x[1x1x2048]+w[4096x2048]->y[1x1x4096]               0.028ms    16.777 M      0.60   16.01 MiB    605.02
    9  Add      -1  a[1x1x4096]+b[1x1x4096]->y[1x1x4096]                0.010ms     4.096 K      0.00   24.00 KiB      2.38
   10  LN       -1  x[1x1x4096]+w[4096]->y[1x1x4096]                    0.042ms    20.480 K      0.00   24.00 KiB      0.59
   11  FFN_W1    0  x[1x1x4096]+w[5504x4096]->y[1x1x5504]               0.052ms    45.089 M      0.88   43.02 MiB    875.76
   12  FFN_W3    0  x[1x1x4096]+w[5504x4096]->y[1x1x5504]               0.048ms    45.089 M      0.93   43.02 MiB    931.31
   13  FFN_W1    1  x[1x1x4096]+w[5504x4096]->y[1x1x5504]               0.048ms    45.089 M      0.95   43.02 MiB    947.33
   14  FFN_W3    1  x[1x1x4096]+w[5504x4096]->y[1x1x5504]               0.047ms    45.089 M      0.96   43.02 MiB    959.71
   15  SwiGLU    0  a[1x1x5504]+b[1x1x5504]->y[1x1x5504]                0.017ms    33.024 K      0.00   32.25 KiB      1.99
   16  SwiGLU    1  a[1x1x5504]+b[1x1x5504]->y[1x1x5504]                0.015ms    33.024 K      0.00   32.25 KiB      2.15
   17  FFN_W2    0  x[1x1x5504]+w[4096x5504]->y[1x1x4096]               0.051ms    45.089 M      0.89   43.02 MiB    889.91
   18  FFN_W2    1  x[1x1x5504]+w[4096x5504]->y[1x1x4096]               0.052ms    45.089 M      0.87   43.02 MiB    872.29
   19  Add      -1  a[1x1x4096]+b[1x1x4096]->y[1x1x4096]                0.010ms     4.096 K      0.00   24.00 KiB      2.58
[gpu-debug] segment avg latency (cuda_events): 0.609 ms
[gpu-debug] sum(per-op)               : 0.741 ms (ratio=1.216)
[gpu-debug] NOTE: sum(per-op) may differ from segment latency due to Python overhead, event/launch overhead, and allocator/cache effects.
[gpu-debug] cuda mem before warmup: alloc=0 B reserved=0 B
[gpu-debug] cuda mem after warmup : alloc=400.16 MiB reserved=414.00 MiB
[gpu-debug] cuda mem peak (this segment): max_alloc=400.18 MiB max_reserved=414.00 MiB
========================================================================================
[gpu-debug] segment_key=npu|decode|10|f47f2b13c8c0ddb8e4ddc9de5ce41aad
[gpu-debug] sig: device_type=npu phase=decode step=10 (count_hint=32)
[gpu-debug] ops_repr: LN:-1,Q:0,K:0,V:0,Q:1,K:1,V:1,O:0,O:1,Add:-1,LN:-1,FFN_W1:0,FFN_W3:0,FFN_W1:1,FFN_W3:1,SwiGLU:0,SwiGLU:1,FFN_W2:0,FFN_W2:1,Add:-1
[gpu-debug] cfg: device=cuda dtype=torch.bfloat16 batch=1 dim=4096 ffn_dim=11008 n_heads=32 shards=2
[gpu-debug] op plan (with inferred tensor shapes):
  - op#00  op=LN       shard=-1  x=[1x1x4096] + w=[4096]  ->  y=[1x1x4096]  (T=1, K=1600)
  - op#01  op=Q        shard=0   x=[1x1x4096] + w=[2048x4096]  ->  y=[1x1x2048]  (T=1, K=1600)
  - op#02  op=K        shard=0   x=[1x1x4096] + w=[2048x4096]  ->  y=[1x1x2048]  (T=1, K=1600)
  - op#03  op=V        shard=0   x=[1x1x4096] + w=[2048x4096]  ->  y=[1x1x2048]  (T=1, K=1600)
  - op#04  op=Q        shard=1   x=[1x1x4096] + w=[2048x4096]  ->  y=[1x1x2048]  (T=1, K=1600)
  - op#05  op=K        shard=1   x=[1x1x4096] + w=[2048x4096]  ->  y=[1x1x2048]  (T=1, K=1600)
  - op#06  op=V        shard=1   x=[1x1x4096] + w=[2048x4096]  ->  y=[1x1x2048]  (T=1, K=1600)
  - op#07  op=O        shard=0   x=[1x1x2048] + w=[4096x2048]  ->  y=[1x1x4096]  (T=1, K=1600)
  - op#08  op=O        shard=1   x=[1x1x2048] + w=[4096x2048]  ->  y=[1x1x4096]  (T=1, K=1600)
  - op#09  op=Add      shard=-1  a=[1x1x4096] + b=[1x1x4096]  ->  y=[1x1x4096]  (T=1, K=1600)
  - op#10  op=LN       shard=-1  x=[1x1x4096] + w=[4096]  ->  y=[1x1x4096]  (T=1, K=1600)
  - op#11  op=FFN_W1   shard=0   x=[1x1x4096] + w=[5504x4096]  ->  y=[1x1x5504]  (T=1, K=1600)
  - op#12  op=FFN_W3   shard=0   x=[1x1x4096] + w=[5504x4096]  ->  y=[1x1x5504]  (T=1, K=1600)
  - op#13  op=FFN_W1   shard=1   x=[1x1x4096] + w=[5504x4096]  ->  y=[1x1x5504]  (T=1, K=1600)
  - op#14  op=FFN_W3   shard=1   x=[1x1x4096] + w=[5504x4096]  ->  y=[1x1x5504]  (T=1, K=1600)
  - op#15  op=SwiGLU   shard=0   a=[1x1x5504] + b=[1x1x5504]  ->  y=[1x1x5504]  (T=1, K=1600)
  - op#16  op=SwiGLU   shard=1   a=[1x1x5504] + b=[1x1x5504]  ->  y=[1x1x5504]  (T=1, K=1600)
  - op#17  op=FFN_W2   shard=0   x=[1x1x5504] + w=[4096x5504]  ->  y=[1x1x4096]  (T=1, K=1600)
  - op#18  op=FFN_W2   shard=1   x=[1x1x5504] + w=[4096x5504]  ->  y=[1x1x4096]  (T=1, K=1600)
  - op#19  op=Add      shard=-1  a=[1x1x4096] + b=[1x1x4096]  ->  y=[1x1x4096]  (T=1, K=1600)
[gpu-debug] per-op timing breakdown (avg over iters):
  idx  op       sh  io                                                    time   est_flops    TFLOPs       bytes      GB/s
  ------------------------------------------------------------------------------------------------------------------------
    0  LN       -1  x[1x1x4096]+w[4096]->y[1x1x4096]                    0.068ms    20.480 K      0.00   24.00 KiB      0.36
    1  Q         0  x[1x1x4096]+w[2048x4096]->y[1x1x2048]               0.052ms    16.777 M      0.32   16.01 MiB    322.76
    2  K         0  x[1x1x4096]+w[2048x4096]->y[1x1x2048]               0.034ms    16.777 M      0.49   16.01 MiB    489.43
    3  V         0  x[1x1x4096]+w[2048x4096]->y[1x1x2048]               0.034ms    16.777 M      0.49   16.01 MiB    490.90
    4  Q         1  x[1x1x4096]+w[2048x4096]->y[1x1x2048]               0.035ms    16.777 M      0.49   16.01 MiB    486.53
    5  K         1  x[1x1x4096]+w[2048x4096]->y[1x1x2048]               0.035ms    16.777 M      0.48   16.01 MiB    482.24
    6  V         1  x[1x1x4096]+w[2048x4096]->y[1x1x2048]               0.035ms    16.777 M      0.49   16.01 MiB    486.53
    7  O         0  x[1x1x2048]+w[4096x2048]->y[1x1x4096]               0.028ms    16.777 M      0.60   16.01 MiB    598.39
    8  O         1  x[1x1x2048]+w[4096x2048]->y[1x1x4096]               0.028ms    16.777 M      0.60   16.01 MiB    602.79
    9  Add      -1  a[1x1x4096]+b[1x1x4096]->y[1x1x4096]                0.010ms     4.096 K      0.00   24.00 KiB      2.38
   10  LN       -1  x[1x1x4096]+w[4096]->y[1x1x4096]                    0.039ms    20.480 K      0.00   24.00 KiB      0.63
   11  FFN_W1    0  x[1x1x4096]+w[5504x4096]->y[1x1x5504]               0.049ms    45.089 M      0.92   43.02 MiB    919.64
   12  FFN_W3    0  x[1x1x4096]+w[5504x4096]->y[1x1x5504]               0.048ms    45.089 M      0.93   43.02 MiB    933.28
   13  FFN_W1    1  x[1x1x4096]+w[5504x4096]->y[1x1x5504]               0.048ms    45.089 M      0.94   43.02 MiB    941.26
   14  FFN_W3    1  x[1x1x4096]+w[5504x4096]->y[1x1x5504]               0.047ms    45.089 M      0.95   43.02 MiB    953.48
   15  SwiGLU    0  a[1x1x5504]+b[1x1x5504]->y[1x1x5504]                0.017ms    33.024 K      0.00   32.25 KiB      1.99
   16  SwiGLU    1  a[1x1x5504]+b[1x1x5504]->y[1x1x5504]                0.015ms    33.024 K      0.00   32.25 KiB      2.16
   17  FFN_W2    0  x[1x1x5504]+w[4096x5504]->y[1x1x4096]               0.051ms    45.089 M      0.89   43.02 MiB    888.12
   18  FFN_W2    1  x[1x1x5504]+w[4096x5504]->y[1x1x4096]               0.051ms    45.089 M      0.88   43.02 MiB    879.26
   19  Add      -1  a[1x1x4096]+b[1x1x4096]->y[1x1x4096]                0.010ms     4.096 K      0.00   24.00 KiB      2.55
[gpu-debug] segment avg latency (cuda_events): 0.606 ms
[gpu-debug] sum(per-op)               : 0.734 ms (ratio=1.211)
[gpu-debug] NOTE: sum(per-op) may differ from segment latency due to Python overhead, event/launch overhead, and allocator/cache effects.
[gpu-debug] cuda mem before warmup: alloc=400.16 MiB reserved=414.00 MiB
[gpu-debug] cuda mem after warmup : alloc=400.16 MiB reserved=414.00 MiB
[gpu-debug] cuda mem peak (this segment): max_alloc=400.18 MiB max_reserved=414.00 MiB
========================================================================================
[gpu-debug] segment_key=npu|decode|11|f47f2b13c8c0ddb8e4ddc9de5ce41aad
[gpu-debug] sig: device_type=npu phase=decode step=11 (count_hint=32)
[gpu-debug] ops_repr: LN:-1,Q:0,K:0,V:0,Q:1,K:1,V:1,O:0,O:1,Add:-1,LN:-1,FFN_W1:0,FFN_W3:0,FFN_W1:1,FFN_W3:1,SwiGLU:0,SwiGLU:1,FFN_W2:0,FFN_W2:1,Add:-1
[gpu-debug] cfg: device=cuda dtype=torch.bfloat16 batch=1 dim=4096 ffn_dim=11008 n_heads=32 shards=2
[gpu-debug] op plan (with inferred tensor shapes):
  - op#00  op=LN       shard=-1  x=[1x1x4096] + w=[4096]  ->  y=[1x1x4096]  (T=1, K=1664)
  - op#01  op=Q        shard=0   x=[1x1x4096] + w=[2048x4096]  ->  y=[1x1x2048]  (T=1, K=1664)
  - op#02  op=K        shard=0   x=[1x1x4096] + w=[2048x4096]  ->  y=[1x1x2048]  (T=1, K=1664)
  - op#03  op=V        shard=0   x=[1x1x4096] + w=[2048x4096]  ->  y=[1x1x2048]  (T=1, K=1664)
  - op#04  op=Q        shard=1   x=[1x1x4096] + w=[2048x4096]  ->  y=[1x1x2048]  (T=1, K=1664)
  - op#05  op=K        shard=1   x=[1x1x4096] + w=[2048x4096]  ->  y=[1x1x2048]  (T=1, K=1664)
  - op#06  op=V        shard=1   x=[1x1x4096] + w=[2048x4096]  ->  y=[1x1x2048]  (T=1, K=1664)
  - op#07  op=O        shard=0   x=[1x1x2048] + w=[4096x2048]  ->  y=[1x1x4096]  (T=1, K=1664)
  - op#08  op=O        shard=1   x=[1x1x2048] + w=[4096x2048]  ->  y=[1x1x4096]  (T=1, K=1664)
  - op#09  op=Add      shard=-1  a=[1x1x4096] + b=[1x1x4096]  ->  y=[1x1x4096]  (T=1, K=1664)
  - op#10  op=LN       shard=-1  x=[1x1x4096] + w=[4096]  ->  y=[1x1x4096]  (T=1, K=1664)
  - op#11  op=FFN_W1   shard=0   x=[1x1x4096] + w=[5504x4096]  ->  y=[1x1x5504]  (T=1, K=1664)
  - op#12  op=FFN_W3   shard=0   x=[1x1x4096] + w=[5504x4096]  ->  y=[1x1x5504]  (T=1, K=1664)
  - op#13  op=FFN_W1   shard=1   x=[1x1x4096] + w=[5504x4096]  ->  y=[1x1x5504]  (T=1, K=1664)
  - op#14  op=FFN_W3   shard=1   x=[1x1x4096] + w=[5504x4096]  ->  y=[1x1x5504]  (T=1, K=1664)
  - op#15  op=SwiGLU   shard=0   a=[1x1x5504] + b=[1x1x5504]  ->  y=[1x1x5504]  (T=1, K=1664)
  - op#16  op=SwiGLU   shard=1   a=[1x1x5504] + b=[1x1x5504]  ->  y=[1x1x5504]  (T=1, K=1664)
  - op#17  op=FFN_W2   shard=0   x=[1x1x5504] + w=[4096x5504]  ->  y=[1x1x4096]  (T=1, K=1664)
  - op#18  op=FFN_W2   shard=1   x=[1x1x5504] + w=[4096x5504]  ->  y=[1x1x4096]  (T=1, K=1664)
  - op#19  op=Add      shard=-1  a=[1x1x4096] + b=[1x1x4096]  ->  y=[1x1x4096]  (T=1, K=1664)
[gpu-debug] per-op timing breakdown (avg over iters):
  idx  op       sh  io                                                    time   est_flops    TFLOPs       bytes      GB/s
  ------------------------------------------------------------------------------------------------------------------------
    0  LN       -1  x[1x1x4096]+w[4096]->y[1x1x4096]                    0.067ms    20.480 K      0.00   24.00 KiB      0.37
    1  Q         0  x[1x1x4096]+w[2048x4096]->y[1x1x2048]               0.052ms    16.777 M      0.32   16.01 MiB    324.03
    2  K         0  x[1x1x4096]+w[2048x4096]->y[1x1x2048]               0.035ms    16.777 M      0.48   16.01 MiB    485.09
    3  V         0  x[1x1x4096]+w[2048x4096]->y[1x1x2048]               0.035ms    16.777 M      0.49   16.01 MiB    486.53
    4  Q         1  x[1x1x4096]+w[2048x4096]->y[1x1x2048]               0.034ms    16.777 M      0.49   16.01 MiB    487.98
    5  K         1  x[1x1x4096]+w[2048x4096]->y[1x1x2048]               0.035ms    16.777 M      0.48   16.01 MiB    480.82
    6  V         1  x[1x1x4096]+w[2048x4096]->y[1x1x2048]               0.034ms    16.777 M      0.49   16.01 MiB    487.98
    7  O         0  x[1x1x2048]+w[4096x2048]->y[1x1x4096]               0.028ms    16.777 M      0.60   16.01 MiB    596.22
    8  O         1  x[1x1x2048]+w[4096x2048]->y[1x1x4096]               0.028ms    16.777 M      0.60   16.01 MiB    602.79
    9  Add      -1  a[1x1x4096]+b[1x1x4096]->y[1x1x4096]                0.010ms     4.096 K      0.00   24.00 KiB      2.38
   10  LN       -1  x[1x1x4096]+w[4096]->y[1x1x4096]                    0.039ms    20.480 K      0.00   24.00 KiB      0.63
   11  FFN_W1    0  x[1x1x4096]+w[5504x4096]->y[1x1x5504]               0.049ms    45.089 M      0.92   43.02 MiB    915.82
   12  FFN_W3    0  x[1x1x4096]+w[5504x4096]->y[1x1x5504]               0.049ms    45.089 M      0.92   43.02 MiB    923.50
   13  FFN_W1    1  x[1x1x4096]+w[5504x4096]->y[1x1x5504]               0.048ms    45.089 M      0.94   43.02 MiB    945.30
   14  FFN_W3    1  x[1x1x4096]+w[5504x4096]->y[1x1x5504]               0.047ms    45.089 M      0.95   43.02 MiB    951.42
   15  SwiGLU    0  a[1x1x5504]+b[1x1x5504]->y[1x1x5504]                0.017ms    33.024 K      0.00   32.25 KiB      1.98
   16  SwiGLU    1  a[1x1x5504]+b[1x1x5504]->y[1x1x5504]                0.015ms    33.024 K      0.00   32.25 KiB      2.21
   17  FFN_W2    0  x[1x1x5504]+w[4096x5504]->y[1x1x4096]               0.051ms    45.089 M      0.89   43.02 MiB    886.33
   18  FFN_W2    1  x[1x1x5504]+w[4096x5504]->y[1x1x4096]               0.051ms    45.089 M      0.88   43.02 MiB    877.51
   19  Add      -1  a[1x1x4096]+b[1x1x4096]->y[1x1x4096]                0.010ms     4.096 K      0.00   24.00 KiB      2.53
[gpu-debug] segment avg latency (cuda_events): 0.605 ms
[gpu-debug] sum(per-op)               : 0.734 ms (ratio=1.214)
[gpu-debug] NOTE: sum(per-op) may differ from segment latency due to Python overhead, event/launch overhead, and allocator/cache effects.
[gpu-debug] cuda mem before warmup: alloc=400.16 MiB reserved=414.00 MiB
[gpu-debug] cuda mem after warmup : alloc=400.16 MiB reserved=414.00 MiB
[gpu-debug] cuda mem peak (this segment): max_alloc=400.18 MiB max_reserved=414.00 MiB
========================================================================================
[gpu-debug] segment_key=npu|decode|12|f47f2b13c8c0ddb8e4ddc9de5ce41aad
[gpu-debug] sig: device_type=npu phase=decode step=12 (count_hint=32)
[gpu-debug] ops_repr: LN:-1,Q:0,K:0,V:0,Q:1,K:1,V:1,O:0,O:1,Add:-1,LN:-1,FFN_W1:0,FFN_W3:0,FFN_W1:1,FFN_W3:1,SwiGLU:0,SwiGLU:1,FFN_W2:0,FFN_W2:1,Add:-1
[gpu-debug] cfg: device=cuda dtype=torch.bfloat16 batch=1 dim=4096 ffn_dim=11008 n_heads=32 shards=2
[gpu-debug] op plan (with inferred tensor shapes):
  - op#00  op=LN       shard=-1  x=[1x1x4096] + w=[4096]  ->  y=[1x1x4096]  (T=1, K=1728)
  - op#01  op=Q        shard=0   x=[1x1x4096] + w=[2048x4096]  ->  y=[1x1x2048]  (T=1, K=1728)
  - op#02  op=K        shard=0   x=[1x1x4096] + w=[2048x4096]  ->  y=[1x1x2048]  (T=1, K=1728)
  - op#03  op=V        shard=0   x=[1x1x4096] + w=[2048x4096]  ->  y=[1x1x2048]  (T=1, K=1728)
  - op#04  op=Q        shard=1   x=[1x1x4096] + w=[2048x4096]  ->  y=[1x1x2048]  (T=1, K=1728)
  - op#05  op=K        shard=1   x=[1x1x4096] + w=[2048x4096]  ->  y=[1x1x2048]  (T=1, K=1728)
  - op#06  op=V        shard=1   x=[1x1x4096] + w=[2048x4096]  ->  y=[1x1x2048]  (T=1, K=1728)
  - op#07  op=O        shard=0   x=[1x1x2048] + w=[4096x2048]  ->  y=[1x1x4096]  (T=1, K=1728)
  - op#08  op=O        shard=1   x=[1x1x2048] + w=[4096x2048]  ->  y=[1x1x4096]  (T=1, K=1728)
  - op#09  op=Add      shard=-1  a=[1x1x4096] + b=[1x1x4096]  ->  y=[1x1x4096]  (T=1, K=1728)
  - op#10  op=LN       shard=-1  x=[1x1x4096] + w=[4096]  ->  y=[1x1x4096]  (T=1, K=1728)
  - op#11  op=FFN_W1   shard=0   x=[1x1x4096] + w=[5504x4096]  ->  y=[1x1x5504]  (T=1, K=1728)
  - op#12  op=FFN_W3   shard=0   x=[1x1x4096] + w=[5504x4096]  ->  y=[1x1x5504]  (T=1, K=1728)
  - op#13  op=FFN_W1   shard=1   x=[1x1x4096] + w=[5504x4096]  ->  y=[1x1x5504]  (T=1, K=1728)
  - op#14  op=FFN_W3   shard=1   x=[1x1x4096] + w=[5504x4096]  ->  y=[1x1x5504]  (T=1, K=1728)
  - op#15  op=SwiGLU   shard=0   a=[1x1x5504] + b=[1x1x5504]  ->  y=[1x1x5504]  (T=1, K=1728)
  - op#16  op=SwiGLU   shard=1   a=[1x1x5504] + b=[1x1x5504]  ->  y=[1x1x5504]  (T=1, K=1728)
  - op#17  op=FFN_W2   shard=0   x=[1x1x5504] + w=[4096x5504]  ->  y=[1x1x4096]  (T=1, K=1728)
  - op#18  op=FFN_W2   shard=1   x=[1x1x5504] + w=[4096x5504]  ->  y=[1x1x4096]  (T=1, K=1728)
  - op#19  op=Add      shard=-1  a=[1x1x4096] + b=[1x1x4096]  ->  y=[1x1x4096]  (T=1, K=1728)
[gpu-debug] per-op timing breakdown (avg over iters):
  idx  op       sh  io                                                    time   est_flops    TFLOPs       bytes      GB/s
  ------------------------------------------------------------------------------------------------------------------------
    0  LN       -1  x[1x1x4096]+w[4096]->y[1x1x4096]                    0.068ms    20.480 K      0.00   24.00 KiB      0.36
    1  Q         0  x[1x1x4096]+w[2048x4096]->y[1x1x2048]               0.052ms    16.777 M      0.32   16.01 MiB    324.03
    2  K         0  x[1x1x4096]+w[2048x4096]->y[1x1x2048]               0.034ms    16.777 M      0.49   16.01 MiB    492.37
    3  V         0  x[1x1x4096]+w[2048x4096]->y[1x1x2048]               0.035ms    16.777 M      0.48   16.01 MiB    483.66
    4  Q         1  x[1x1x4096]+w[2048x4096]->y[1x1x2048]               0.034ms    16.777 M      0.49   16.01 MiB    490.90
    5  K         1  x[1x1x4096]+w[2048x4096]->y[1x1x2048]               0.035ms    16.777 M      0.48   16.01 MiB    479.42
    6  V         1  x[1x1x4096]+w[2048x4096]->y[1x1x2048]               0.035ms    16.777 M      0.48   16.01 MiB    485.09
    7  O         0  x[1x1x2048]+w[4096x2048]->y[1x1x4096]               0.028ms    16.777 M      0.60   16.01 MiB    600.59
    8  O         1  x[1x1x2048]+w[4096x2048]->y[1x1x4096]               0.028ms    16.777 M      0.61   16.01 MiB    609.52
    9  Add      -1  a[1x1x4096]+b[1x1x4096]->y[1x1x4096]                0.011ms     4.096 K      0.00   24.00 KiB      2.33
   10  LN       -1  x[1x1x4096]+w[4096]->y[1x1x4096]                    0.039ms    20.480 K      0.00   24.00 KiB      0.62
   11  FFN_W1    0  x[1x1x4096]+w[5504x4096]->y[1x1x5504]               0.050ms    45.089 M      0.90   43.02 MiB    904.53
   12  FFN_W3    0  x[1x1x4096]+w[5504x4096]->y[1x1x5504]               0.049ms    45.089 M      0.93   43.02 MiB    927.38
   13  FFN_W1    1  x[1x1x4096]+w[5504x4096]->y[1x1x5504]               0.048ms    45.089 M      0.94   43.02 MiB    945.30
   14  FFN_W3    1  x[1x1x4096]+w[5504x4096]->y[1x1x5504]               0.047ms    45.089 M      0.96   43.02 MiB    961.81
   15  SwiGLU    0  a[1x1x5504]+b[1x1x5504]->y[1x1x5504]                0.017ms    33.024 K      0.00   32.25 KiB      1.97
   16  SwiGLU    1  a[1x1x5504]+b[1x1x5504]->y[1x1x5504]                0.015ms    33.024 K      0.00   32.25 KiB      2.18
   17  FFN_W2    0  x[1x1x5504]+w[4096x5504]->y[1x1x4096]               0.051ms    45.089 M      0.89   43.02 MiB    888.12
   18  FFN_W2    1  x[1x1x5504]+w[4096x5504]->y[1x1x4096]               0.052ms    45.089 M      0.87   43.02 MiB    874.02
   19  Add      -1  a[1x1x4096]+b[1x1x4096]->y[1x1x4096]                0.009ms     4.096 K      0.00   24.00 KiB      2.61
[gpu-debug] segment avg latency (cuda_events): 0.606 ms
[gpu-debug] sum(per-op)               : 0.735 ms (ratio=1.212)
[gpu-debug] NOTE: sum(per-op) may differ from segment latency due to Python overhead, event/launch overhead, and allocator/cache effects.
[gpu-debug] cuda mem before warmup: alloc=400.16 MiB reserved=414.00 MiB
[gpu-debug] cuda mem after warmup : alloc=400.16 MiB reserved=414.00 MiB
[gpu-debug] cuda mem peak (this segment): max_alloc=400.18 MiB max_reserved=414.00 MiB
========================================================================================
[gpu-debug] segment_key=npu|decode|13|f47f2b13c8c0ddb8e4ddc9de5ce41aad
[gpu-debug] sig: device_type=npu phase=decode step=13 (count_hint=32)
[gpu-debug] ops_repr: LN:-1,Q:0,K:0,V:0,Q:1,K:1,V:1,O:0,O:1,Add:-1,LN:-1,FFN_W1:0,FFN_W3:0,FFN_W1:1,FFN_W3:1,SwiGLU:0,SwiGLU:1,FFN_W2:0,FFN_W2:1,Add:-1
[gpu-debug] cfg: device=cuda dtype=torch.bfloat16 batch=1 dim=4096 ffn_dim=11008 n_heads=32 shards=2
[gpu-debug] op plan (with inferred tensor shapes):
  - op#00  op=LN       shard=-1  x=[1x1x4096] + w=[4096]  ->  y=[1x1x4096]  (T=1, K=1792)
  - op#01  op=Q        shard=0   x=[1x1x4096] + w=[2048x4096]  ->  y=[1x1x2048]  (T=1, K=1792)
  - op#02  op=K        shard=0   x=[1x1x4096] + w=[2048x4096]  ->  y=[1x1x2048]  (T=1, K=1792)
  - op#03  op=V        shard=0   x=[1x1x4096] + w=[2048x4096]  ->  y=[1x1x2048]  (T=1, K=1792)
  - op#04  op=Q        shard=1   x=[1x1x4096] + w=[2048x4096]  ->  y=[1x1x2048]  (T=1, K=1792)
  - op#05  op=K        shard=1   x=[1x1x4096] + w=[2048x4096]  ->  y=[1x1x2048]  (T=1, K=1792)
  - op#06  op=V        shard=1   x=[1x1x4096] + w=[2048x4096]  ->  y=[1x1x2048]  (T=1, K=1792)
  - op#07  op=O        shard=0   x=[1x1x2048] + w=[4096x2048]  ->  y=[1x1x4096]  (T=1, K=1792)
  - op#08  op=O        shard=1   x=[1x1x2048] + w=[4096x2048]  ->  y=[1x1x4096]  (T=1, K=1792)
  - op#09  op=Add      shard=-1  a=[1x1x4096] + b=[1x1x4096]  ->  y=[1x1x4096]  (T=1, K=1792)
  - op#10  op=LN       shard=-1  x=[1x1x4096] + w=[4096]  ->  y=[1x1x4096]  (T=1, K=1792)
  - op#11  op=FFN_W1   shard=0   x=[1x1x4096] + w=[5504x4096]  ->  y=[1x1x5504]  (T=1, K=1792)
  - op#12  op=FFN_W3   shard=0   x=[1x1x4096] + w=[5504x4096]  ->  y=[1x1x5504]  (T=1, K=1792)
  - op#13  op=FFN_W1   shard=1   x=[1x1x4096] + w=[5504x4096]  ->  y=[1x1x5504]  (T=1, K=1792)
  - op#14  op=FFN_W3   shard=1   x=[1x1x4096] + w=[5504x4096]  ->  y=[1x1x5504]  (T=1, K=1792)
  - op#15  op=SwiGLU   shard=0   a=[1x1x5504] + b=[1x1x5504]  ->  y=[1x1x5504]  (T=1, K=1792)
  - op#16  op=SwiGLU   shard=1   a=[1x1x5504] + b=[1x1x5504]  ->  y=[1x1x5504]  (T=1, K=1792)
  - op#17  op=FFN_W2   shard=0   x=[1x1x5504] + w=[4096x5504]  ->  y=[1x1x4096]  (T=1, K=1792)
  - op#18  op=FFN_W2   shard=1   x=[1x1x5504] + w=[4096x5504]  ->  y=[1x1x4096]  (T=1, K=1792)
  - op#19  op=Add      shard=-1  a=[1x1x4096] + b=[1x1x4096]  ->  y=[1x1x4096]  (T=1, K=1792)
[gpu-debug] per-op timing breakdown (avg over iters):
  idx  op       sh  io                                                    time   est_flops    TFLOPs       bytes      GB/s
  ------------------------------------------------------------------------------------------------------------------------
    0  LN       -1  x[1x1x4096]+w[4096]->y[1x1x4096]                    0.067ms    20.480 K      0.00   24.00 KiB      0.37
    1  Q         0  x[1x1x4096]+w[2048x4096]->y[1x1x2048]               0.052ms    16.777 M      0.32   16.01 MiB    321.49
    2  K         0  x[1x1x4096]+w[2048x4096]->y[1x1x2048]               0.035ms    16.777 M      0.48   16.01 MiB    480.82
    3  V         0  x[1x1x4096]+w[2048x4096]->y[1x1x2048]               0.035ms    16.777 M      0.49   16.01 MiB    486.53
    4  Q         1  x[1x1x4096]+w[2048x4096]->y[1x1x2048]               0.035ms    16.777 M      0.49   16.01 MiB    486.53
    5  K         1  x[1x1x4096]+w[2048x4096]->y[1x1x2048]               0.035ms    16.777 M      0.48   16.01 MiB    480.82
    6  V         1  x[1x1x4096]+w[2048x4096]->y[1x1x2048]               0.035ms    16.777 M      0.48   16.01 MiB    483.66
    7  O         0  x[1x1x2048]+w[4096x2048]->y[1x1x4096]               0.028ms    16.777 M      0.61   16.01 MiB    607.26
    8  O         1  x[1x1x2048]+w[4096x2048]->y[1x1x4096]               0.028ms    16.777 M      0.60   16.01 MiB    598.39
    9  Add      -1  a[1x1x4096]+b[1x1x4096]->y[1x1x4096]                0.010ms     4.096 K      0.00   24.00 KiB      2.40
   10  LN       -1  x[1x1x4096]+w[4096]->y[1x1x4096]                    0.040ms    20.480 K      0.00   24.00 KiB      0.62
   11  FFN_W1    0  x[1x1x4096]+w[5504x4096]->y[1x1x5504]               0.049ms    45.089 M      0.92   43.02 MiB    921.56
   12  FFN_W3    0  x[1x1x4096]+w[5504x4096]->y[1x1x5504]               0.049ms    45.089 M      0.93   43.02 MiB    925.44
   13  FFN_W1    1  x[1x1x4096]+w[5504x4096]->y[1x1x5504]               0.048ms    45.089 M      0.94   43.02 MiB    943.27
   14  FFN_W3    1  x[1x1x4096]+w[5504x4096]->y[1x1x5504]               0.047ms    45.089 M      0.96   43.02 MiB    955.55
   15  SwiGLU    0  a[1x1x5504]+b[1x1x5504]->y[1x1x5504]                0.017ms    33.024 K      0.00   32.25 KiB      1.93
   16  SwiGLU    1  a[1x1x5504]+b[1x1x5504]->y[1x1x5504]                0.015ms    33.024 K      0.00   32.25 KiB      2.18
   17  FFN_W2    0  x[1x1x5504]+w[4096x5504]->y[1x1x4096]               0.051ms    45.089 M      0.89   43.02 MiB    888.12
   18  FFN_W2    1  x[1x1x5504]+w[4096x5504]->y[1x1x4096]               0.051ms    45.089 M      0.88   43.02 MiB    877.51
   19  Add      -1  a[1x1x4096]+b[1x1x4096]->y[1x1x4096]                0.009ms     4.096 K      0.00   24.00 KiB      2.61
[gpu-debug] segment avg latency (cuda_events): 0.605 ms
[gpu-debug] sum(per-op)               : 0.735 ms (ratio=1.215)
[gpu-debug] NOTE: sum(per-op) may differ from segment latency due to Python overhead, event/launch overhead, and allocator/cache effects.
[gpu-debug] cuda mem before warmup: alloc=400.16 MiB reserved=414.00 MiB
[gpu-debug] cuda mem after warmup : alloc=400.16 MiB reserved=414.00 MiB
[gpu-debug] cuda mem peak (this segment): max_alloc=400.18 MiB max_reserved=414.00 MiB
========================================================================================
[gpu-debug] segment_key=npu|decode|14|f47f2b13c8c0ddb8e4ddc9de5ce41aad
[gpu-debug] sig: device_type=npu phase=decode step=14 (count_hint=32)
[gpu-debug] ops_repr: LN:-1,Q:0,K:0,V:0,Q:1,K:1,V:1,O:0,O:1,Add:-1,LN:-1,FFN_W1:0,FFN_W3:0,FFN_W1:1,FFN_W3:1,SwiGLU:0,SwiGLU:1,FFN_W2:0,FFN_W2:1,Add:-1
[gpu-debug] cfg: device=cuda dtype=torch.bfloat16 batch=1 dim=4096 ffn_dim=11008 n_heads=32 shards=2
[gpu-debug] op plan (with inferred tensor shapes):
  - op#00  op=LN       shard=-1  x=[1x1x4096] + w=[4096]  ->  y=[1x1x4096]  (T=1, K=1856)
  - op#01  op=Q        shard=0   x=[1x1x4096] + w=[2048x4096]  ->  y=[1x1x2048]  (T=1, K=1856)
  - op#02  op=K        shard=0   x=[1x1x4096] + w=[2048x4096]  ->  y=[1x1x2048]  (T=1, K=1856)
  - op#03  op=V        shard=0   x=[1x1x4096] + w=[2048x4096]  ->  y=[1x1x2048]  (T=1, K=1856)
  - op#04  op=Q        shard=1   x=[1x1x4096] + w=[2048x4096]  ->  y=[1x1x2048]  (T=1, K=1856)
  - op#05  op=K        shard=1   x=[1x1x4096] + w=[2048x4096]  ->  y=[1x1x2048]  (T=1, K=1856)
  - op#06  op=V        shard=1   x=[1x1x4096] + w=[2048x4096]  ->  y=[1x1x2048]  (T=1, K=1856)
  - op#07  op=O        shard=0   x=[1x1x2048] + w=[4096x2048]  ->  y=[1x1x4096]  (T=1, K=1856)
  - op#08  op=O        shard=1   x=[1x1x2048] + w=[4096x2048]  ->  y=[1x1x4096]  (T=1, K=1856)
  - op#09  op=Add      shard=-1  a=[1x1x4096] + b=[1x1x4096]  ->  y=[1x1x4096]  (T=1, K=1856)
  - op#10  op=LN       shard=-1  x=[1x1x4096] + w=[4096]  ->  y=[1x1x4096]  (T=1, K=1856)
  - op#11  op=FFN_W1   shard=0   x=[1x1x4096] + w=[5504x4096]  ->  y=[1x1x5504]  (T=1, K=1856)
  - op#12  op=FFN_W3   shard=0   x=[1x1x4096] + w=[5504x4096]  ->  y=[1x1x5504]  (T=1, K=1856)
  - op#13  op=FFN_W1   shard=1   x=[1x1x4096] + w=[5504x4096]  ->  y=[1x1x5504]  (T=1, K=1856)
  - op#14  op=FFN_W3   shard=1   x=[1x1x4096] + w=[5504x4096]  ->  y=[1x1x5504]  (T=1, K=1856)
  - op#15  op=SwiGLU   shard=0   a=[1x1x5504] + b=[1x1x5504]  ->  y=[1x1x5504]  (T=1, K=1856)
  - op#16  op=SwiGLU   shard=1   a=[1x1x5504] + b=[1x1x5504]  ->  y=[1x1x5504]  (T=1, K=1856)
  - op#17  op=FFN_W2   shard=0   x=[1x1x5504] + w=[4096x5504]  ->  y=[1x1x4096]  (T=1, K=1856)
  - op#18  op=FFN_W2   shard=1   x=[1x1x5504] + w=[4096x5504]  ->  y=[1x1x4096]  (T=1, K=1856)
  - op#19  op=Add      shard=-1  a=[1x1x4096] + b=[1x1x4096]  ->  y=[1x1x4096]  (T=1, K=1856)
[gpu-debug] per-op timing breakdown (avg over iters):
  idx  op       sh  io                                                    time   est_flops    TFLOPs       bytes      GB/s
  ------------------------------------------------------------------------------------------------------------------------
    0  LN       -1  x[1x1x4096]+w[4096]->y[1x1x4096]                    0.067ms    20.480 K      0.00   24.00 KiB      0.37
    1  Q         0  x[1x1x4096]+w[2048x4096]->y[1x1x2048]               0.052ms    16.777 M      0.32   16.01 MiB    322.76
    2  K         0  x[1x1x4096]+w[2048x4096]->y[1x1x2048]               0.035ms    16.777 M      0.48   16.01 MiB    485.09
    3  V         0  x[1x1x4096]+w[2048x4096]->y[1x1x2048]               0.034ms    16.777 M      0.49   16.01 MiB    492.37
    4  Q         1  x[1x1x4096]+w[2048x4096]->y[1x1x2048]               0.035ms    16.777 M      0.48   16.01 MiB    485.09
    5  K         1  x[1x1x4096]+w[2048x4096]->y[1x1x2048]               0.035ms    16.777 M      0.48   16.01 MiB    485.09
    6  V         1  x[1x1x4096]+w[2048x4096]->y[1x1x2048]               0.035ms    16.777 M      0.48   16.01 MiB    485.09
    7  O         0  x[1x1x2048]+w[4096x2048]->y[1x1x4096]               0.028ms    16.777 M      0.60   16.01 MiB    605.02
    8  O         1  x[1x1x2048]+w[4096x2048]->y[1x1x4096]               0.028ms    16.777 M      0.60   16.01 MiB    602.79
    9  Add      -1  a[1x1x4096]+b[1x1x4096]->y[1x1x4096]                0.010ms     4.096 K      0.00   24.00 KiB      2.42
   10  LN       -1  x[1x1x4096]+w[4096]->y[1x1x4096]                    0.040ms    20.480 K      0.00   24.00 KiB      0.62
   11  FFN_W1    0  x[1x1x4096]+w[5504x4096]->y[1x1x5504]               0.049ms    45.089 M      0.92   43.02 MiB    919.64
   12  FFN_W3    0  x[1x1x4096]+w[5504x4096]->y[1x1x5504]               0.049ms    45.089 M      0.92   43.02 MiB    919.64
   13  FFN_W1    1  x[1x1x4096]+w[5504x4096]->y[1x1x5504]               0.048ms    45.089 M      0.95   43.02 MiB    949.37
   14  FFN_W3    1  x[1x1x4096]+w[5504x4096]->y[1x1x5504]               0.047ms    45.089 M      0.96   43.02 MiB    963.91
   15  SwiGLU    0  a[1x1x5504]+b[1x1x5504]->y[1x1x5504]                0.017ms    33.024 K      0.00   32.25 KiB      1.98
   16  SwiGLU    1  a[1x1x5504]+b[1x1x5504]->y[1x1x5504]                0.015ms    33.024 K      0.00   32.25 KiB      2.16
   17  FFN_W2    0  x[1x1x5504]+w[4096x5504]->y[1x1x4096]               0.051ms    45.089 M      0.89   43.02 MiB    889.91
   18  FFN_W2    1  x[1x1x5504]+w[4096x5504]->y[1x1x4096]               0.052ms    45.089 M      0.87   43.02 MiB    872.29
   19  Add      -1  a[1x1x4096]+b[1x1x4096]->y[1x1x4096]                0.009ms     4.096 K      0.00   24.00 KiB      2.64
[gpu-debug] segment avg latency (cuda_events): 0.605 ms
[gpu-debug] sum(per-op)               : 0.733 ms (ratio=1.211)
[gpu-debug] NOTE: sum(per-op) may differ from segment latency due to Python overhead, event/launch overhead, and allocator/cache effects.
[gpu-debug] cuda mem before warmup: alloc=400.16 MiB reserved=414.00 MiB
[gpu-debug] cuda mem after warmup : alloc=400.16 MiB reserved=414.00 MiB
[gpu-debug] cuda mem peak (this segment): max_alloc=400.18 MiB max_reserved=414.00 MiB
========================================================================================
[gpu-debug] segment_key=npu|decode|15|f47f2b13c8c0ddb8e4ddc9de5ce41aad
[gpu-debug] sig: device_type=npu phase=decode step=15 (count_hint=32)
[gpu-debug] ops_repr: LN:-1,Q:0,K:0,V:0,Q:1,K:1,V:1,O:0,O:1,Add:-1,LN:-1,FFN_W1:0,FFN_W3:0,FFN_W1:1,FFN_W3:1,SwiGLU:0,SwiGLU:1,FFN_W2:0,FFN_W2:1,Add:-1
[gpu-debug] cfg: device=cuda dtype=torch.bfloat16 batch=1 dim=4096 ffn_dim=11008 n_heads=32 shards=2
[gpu-debug] op plan (with inferred tensor shapes):
  - op#00  op=LN       shard=-1  x=[1x1x4096] + w=[4096]  ->  y=[1x1x4096]  (T=1, K=1920)
  - op#01  op=Q        shard=0   x=[1x1x4096] + w=[2048x4096]  ->  y=[1x1x2048]  (T=1, K=1920)
  - op#02  op=K        shard=0   x=[1x1x4096] + w=[2048x4096]  ->  y=[1x1x2048]  (T=1, K=1920)
  - op#03  op=V        shard=0   x=[1x1x4096] + w=[2048x4096]  ->  y=[1x1x2048]  (T=1, K=1920)
  - op#04  op=Q        shard=1   x=[1x1x4096] + w=[2048x4096]  ->  y=[1x1x2048]  (T=1, K=1920)
  - op#05  op=K        shard=1   x=[1x1x4096] + w=[2048x4096]  ->  y=[1x1x2048]  (T=1, K=1920)
  - op#06  op=V        shard=1   x=[1x1x4096] + w=[2048x4096]  ->  y=[1x1x2048]  (T=1, K=1920)
  - op#07  op=O        shard=0   x=[1x1x2048] + w=[4096x2048]  ->  y=[1x1x4096]  (T=1, K=1920)
  - op#08  op=O        shard=1   x=[1x1x2048] + w=[4096x2048]  ->  y=[1x1x4096]  (T=1, K=1920)
  - op#09  op=Add      shard=-1  a=[1x1x4096] + b=[1x1x4096]  ->  y=[1x1x4096]  (T=1, K=1920)
  - op#10  op=LN       shard=-1  x=[1x1x4096] + w=[4096]  ->  y=[1x1x4096]  (T=1, K=1920)
  - op#11  op=FFN_W1   shard=0   x=[1x1x4096] + w=[5504x4096]  ->  y=[1x1x5504]  (T=1, K=1920)
  - op#12  op=FFN_W3   shard=0   x=[1x1x4096] + w=[5504x4096]  ->  y=[1x1x5504]  (T=1, K=1920)
  - op#13  op=FFN_W1   shard=1   x=[1x1x4096] + w=[5504x4096]  ->  y=[1x1x5504]  (T=1, K=1920)
  - op#14  op=FFN_W3   shard=1   x=[1x1x4096] + w=[5504x4096]  ->  y=[1x1x5504]  (T=1, K=1920)
  - op#15  op=SwiGLU   shard=0   a=[1x1x5504] + b=[1x1x5504]  ->  y=[1x1x5504]  (T=1, K=1920)
  - op#16  op=SwiGLU   shard=1   a=[1x1x5504] + b=[1x1x5504]  ->  y=[1x1x5504]  (T=1, K=1920)
  - op#17  op=FFN_W2   shard=0   x=[1x1x5504] + w=[4096x5504]  ->  y=[1x1x4096]  (T=1, K=1920)
  - op#18  op=FFN_W2   shard=1   x=[1x1x5504] + w=[4096x5504]  ->  y=[1x1x4096]  (T=1, K=1920)
  - op#19  op=Add      shard=-1  a=[1x1x4096] + b=[1x1x4096]  ->  y=[1x1x4096]  (T=1, K=1920)
[gpu-debug] per-op timing breakdown (avg over iters):
  idx  op       sh  io                                                    time   est_flops    TFLOPs       bytes      GB/s
  ------------------------------------------------------------------------------------------------------------------------
    0  LN       -1  x[1x1x4096]+w[4096]->y[1x1x4096]                    0.067ms    20.480 K      0.00   24.00 KiB      0.37
    1  Q         0  x[1x1x4096]+w[2048x4096]->y[1x1x2048]               0.051ms    16.777 M      0.33   16.01 MiB    326.61
    2  K         0  x[1x1x4096]+w[2048x4096]->y[1x1x2048]               0.034ms    16.777 M      0.49   16.01 MiB    487.98
    3  V         0  x[1x1x4096]+w[2048x4096]->y[1x1x2048]               0.034ms    16.777 M      0.49   16.01 MiB    492.37
    4  Q         1  x[1x1x4096]+w[2048x4096]->y[1x1x2048]               0.034ms    16.777 M      0.49   16.01 MiB    493.86
    5  K         1  x[1x1x4096]+w[2048x4096]->y[1x1x2048]               0.035ms    16.777 M      0.48   16.01 MiB    482.24
    6  V         1  x[1x1x4096]+w[2048x4096]->y[1x1x2048]               0.034ms    16.777 M      0.49   16.01 MiB    487.98
    7  O         0  x[1x1x2048]+w[4096x2048]->y[1x1x4096]               0.028ms    16.777 M      0.60   16.01 MiB    600.59
    8  O         1  x[1x1x2048]+w[4096x2048]->y[1x1x4096]               0.028ms    16.777 M      0.60   16.01 MiB    602.79
    9  Add      -1  a[1x1x4096]+b[1x1x4096]->y[1x1x4096]                0.010ms     4.096 K      0.00   24.00 KiB      2.40
   10  LN       -1  x[1x1x4096]+w[4096]->y[1x1x4096]                    0.040ms    20.480 K      0.00   24.00 KiB      0.62
   11  FFN_W1    0  x[1x1x4096]+w[5504x4096]->y[1x1x5504]               0.049ms    45.089 M      0.93   43.02 MiB    927.38
   12  FFN_W3    0  x[1x1x4096]+w[5504x4096]->y[1x1x5504]               0.049ms    45.089 M      0.92   43.02 MiB    921.56
   13  FFN_W1    1  x[1x1x4096]+w[5504x4096]->y[1x1x5504]               0.048ms    45.089 M      0.95   43.02 MiB    949.37
   14  FFN_W3    1  x[1x1x4096]+w[5504x4096]->y[1x1x5504]               0.047ms    45.089 M      0.96   43.02 MiB    957.62
   15  SwiGLU    0  a[1x1x5504]+b[1x1x5504]->y[1x1x5504]                0.016ms    33.024 K      0.00   32.25 KiB      2.03
   16  SwiGLU    1  a[1x1x5504]+b[1x1x5504]->y[1x1x5504]                0.015ms    33.024 K      0.00   32.25 KiB      2.16
   17  FFN_W2    0  x[1x1x5504]+w[4096x5504]->y[1x1x4096]               0.051ms    45.089 M      0.89   43.02 MiB    888.12
   18  FFN_W2    1  x[1x1x5504]+w[4096x5504]->y[1x1x4096]               0.052ms    45.089 M      0.88   43.02 MiB    875.76
   19  Add      -1  a[1x1x4096]+b[1x1x4096]->y[1x1x4096]                0.009ms     4.096 K      0.00   24.00 KiB      2.61
[gpu-debug] segment avg latency (cuda_events): 0.606 ms
[gpu-debug] sum(per-op)               : 0.731 ms (ratio=1.207)
[gpu-debug] NOTE: sum(per-op) may differ from segment latency due to Python overhead, event/launch overhead, and allocator/cache effects.
[gpu-debug] cuda mem before warmup: alloc=400.16 MiB reserved=414.00 MiB
[gpu-debug] cuda mem after warmup : alloc=400.16 MiB reserved=414.00 MiB
[gpu-debug] cuda mem peak (this segment): max_alloc=400.18 MiB max_reserved=414.00 MiB
========================================================================================
[gpu-debug] segment_key=npu|decode|16|f47f2b13c8c0ddb8e4ddc9de5ce41aad
[gpu-debug] sig: device_type=npu phase=decode step=16 (count_hint=32)
[gpu-debug] ops_repr: LN:-1,Q:0,K:0,V:0,Q:1,K:1,V:1,O:0,O:1,Add:-1,LN:-1,FFN_W1:0,FFN_W3:0,FFN_W1:1,FFN_W3:1,SwiGLU:0,SwiGLU:1,FFN_W2:0,FFN_W2:1,Add:-1
[gpu-debug] cfg: device=cuda dtype=torch.bfloat16 batch=1 dim=4096 ffn_dim=11008 n_heads=32 shards=2
[gpu-debug] op plan (with inferred tensor shapes):
  - op#00  op=LN       shard=-1  x=[1x1x4096] + w=[4096]  ->  y=[1x1x4096]  (T=1, K=1984)
  - op#01  op=Q        shard=0   x=[1x1x4096] + w=[2048x4096]  ->  y=[1x1x2048]  (T=1, K=1984)
  - op#02  op=K        shard=0   x=[1x1x4096] + w=[2048x4096]  ->  y=[1x1x2048]  (T=1, K=1984)
  - op#03  op=V        shard=0   x=[1x1x4096] + w=[2048x4096]  ->  y=[1x1x2048]  (T=1, K=1984)
  - op#04  op=Q        shard=1   x=[1x1x4096] + w=[2048x4096]  ->  y=[1x1x2048]  (T=1, K=1984)
  - op#05  op=K        shard=1   x=[1x1x4096] + w=[2048x4096]  ->  y=[1x1x2048]  (T=1, K=1984)
  - op#06  op=V        shard=1   x=[1x1x4096] + w=[2048x4096]  ->  y=[1x1x2048]  (T=1, K=1984)
  - op#07  op=O        shard=0   x=[1x1x2048] + w=[4096x2048]  ->  y=[1x1x4096]  (T=1, K=1984)
  - op#08  op=O        shard=1   x=[1x1x2048] + w=[4096x2048]  ->  y=[1x1x4096]  (T=1, K=1984)
  - op#09  op=Add      shard=-1  a=[1x1x4096] + b=[1x1x4096]  ->  y=[1x1x4096]  (T=1, K=1984)
  - op#10  op=LN       shard=-1  x=[1x1x4096] + w=[4096]  ->  y=[1x1x4096]  (T=1, K=1984)
  - op#11  op=FFN_W1   shard=0   x=[1x1x4096] + w=[5504x4096]  ->  y=[1x1x5504]  (T=1, K=1984)
  - op#12  op=FFN_W3   shard=0   x=[1x1x4096] + w=[5504x4096]  ->  y=[1x1x5504]  (T=1, K=1984)
  - op#13  op=FFN_W1   shard=1   x=[1x1x4096] + w=[5504x4096]  ->  y=[1x1x5504]  (T=1, K=1984)
  - op#14  op=FFN_W3   shard=1   x=[1x1x4096] + w=[5504x4096]  ->  y=[1x1x5504]  (T=1, K=1984)
  - op#15  op=SwiGLU   shard=0   a=[1x1x5504] + b=[1x1x5504]  ->  y=[1x1x5504]  (T=1, K=1984)
  - op#16  op=SwiGLU   shard=1   a=[1x1x5504] + b=[1x1x5504]  ->  y=[1x1x5504]  (T=1, K=1984)
  - op#17  op=FFN_W2   shard=0   x=[1x1x5504] + w=[4096x5504]  ->  y=[1x1x4096]  (T=1, K=1984)
  - op#18  op=FFN_W2   shard=1   x=[1x1x5504] + w=[4096x5504]  ->  y=[1x1x4096]  (T=1, K=1984)
  - op#19  op=Add      shard=-1  a=[1x1x4096] + b=[1x1x4096]  ->  y=[1x1x4096]  (T=1, K=1984)
[gpu-debug] per-op timing breakdown (avg over iters):
  idx  op       sh  io                                                    time   est_flops    TFLOPs       bytes      GB/s
  ------------------------------------------------------------------------------------------------------------------------
    0  LN       -1  x[1x1x4096]+w[4096]->y[1x1x4096]                    0.066ms    20.480 K      0.00   24.00 KiB      0.37
    1  Q         0  x[1x1x4096]+w[2048x4096]->y[1x1x2048]               0.044ms    16.777 M      0.38   16.01 MiB    383.98
    2  K         0  x[1x1x4096]+w[2048x4096]->y[1x1x2048]               0.031ms    16.777 M      0.55   16.01 MiB    546.53
    3  V         0  x[1x1x4096]+w[2048x4096]->y[1x1x2048]               0.028ms    16.777 M      0.60   16.01 MiB    596.22
    4  Q         1  x[1x1x4096]+w[2048x4096]->y[1x1x2048]               0.028ms    16.777 M      0.60   16.01 MiB    600.59
    5  K         1  x[1x1x4096]+w[2048x4096]->y[1x1x2048]               0.027ms    16.777 M      0.61   16.01 MiB    614.08
    6  V         1  x[1x1x4096]+w[2048x4096]->y[1x1x2048]               0.027ms    16.777 M      0.62   16.01 MiB    616.39
    7  O         0  x[1x1x2048]+w[4096x2048]->y[1x1x4096]               0.024ms    16.777 M      0.69   16.01 MiB    694.75
    8  O         1  x[1x1x2048]+w[4096x2048]->y[1x1x4096]               0.027ms    16.777 M      0.61   16.01 MiB    611.79
    9  Add      -1  a[1x1x4096]+b[1x1x4096]->y[1x1x4096]                0.014ms     4.096 K      0.00   24.00 KiB      1.80
   10  LN       -1  x[1x1x4096]+w[4096]->y[1x1x4096]                    0.062ms    20.480 K      0.00   24.00 KiB      0.39
   11  FFN_W1    0  x[1x1x4096]+w[5504x4096]->y[1x1x5504]               0.058ms    45.089 M      0.77   43.02 MiB    771.47
   12  FFN_W3    0  x[1x1x4096]+w[5504x4096]->y[1x1x5504]               0.044ms    45.089 M      1.03   43.02 MiB   1034.06
   13  FFN_W1    1  x[1x1x4096]+w[5504x4096]->y[1x1x5504]               0.043ms    45.089 M      1.04   43.02 MiB   1043.86
   14  FFN_W3    1  x[1x1x4096]+w[5504x4096]->y[1x1x5504]               0.042ms    45.089 M      1.07   43.02 MiB   1071.79
   15  SwiGLU    0  a[1x1x5504]+b[1x1x5504]->y[1x1x5504]                0.012ms    33.024 K      0.00   32.25 KiB      2.73
   16  SwiGLU    1  a[1x1x5504]+b[1x1x5504]->y[1x1x5504]                0.011ms    33.024 K      0.00   32.25 KiB      3.10
   17  FFN_W2    0  x[1x1x5504]+w[4096x5504]->y[1x1x4096]               0.045ms    45.089 M      1.01   43.02 MiB   1012.66
   18  FFN_W2    1  x[1x1x5504]+w[4096x5504]->y[1x1x4096]               0.046ms    45.089 M      0.99   43.02 MiB    989.90
   19  Add      -1  a[1x1x4096]+b[1x1x4096]->y[1x1x4096]                0.007ms     4.096 K      0.00   24.00 KiB      3.58
[gpu-debug] segment avg latency (cuda_events): 0.559 ms
[gpu-debug] sum(per-op)               : 0.685 ms (ratio=1.226)
[gpu-debug] NOTE: sum(per-op) may differ from segment latency due to Python overhead, event/launch overhead, and allocator/cache effects.
[gpu-debug] cuda mem before warmup: alloc=400.16 MiB reserved=414.00 MiB
[gpu-debug] cuda mem after warmup : alloc=400.16 MiB reserved=414.00 MiB
[gpu-debug] cuda mem peak (this segment): max_alloc=400.18 MiB max_reserved=414.00 MiB
========================================================================================
[gpu-debug] segment_key=npu|decode|1|f47f2b13c8c0ddb8e4ddc9de5ce41aad
[gpu-debug] sig: device_type=npu phase=decode step=1 (count_hint=32)
[gpu-debug] ops_repr: LN:-1,Q:0,K:0,V:0,Q:1,K:1,V:1,O:0,O:1,Add:-1,LN:-1,FFN_W1:0,FFN_W3:0,FFN_W1:1,FFN_W3:1,SwiGLU:0,SwiGLU:1,FFN_W2:0,FFN_W2:1,Add:-1
[gpu-debug] cfg: device=cuda dtype=torch.bfloat16 batch=1 dim=4096 ffn_dim=11008 n_heads=32 shards=2
[gpu-debug] op plan (with inferred tensor shapes):
  - op#00  op=LN       shard=-1  x=[1x1x4096] + w=[4096]  ->  y=[1x1x4096]  (T=1, K=1026)
  - op#01  op=Q        shard=0   x=[1x1x4096] + w=[2048x4096]  ->  y=[1x1x2048]  (T=1, K=1026)
  - op#02  op=K        shard=0   x=[1x1x4096] + w=[2048x4096]  ->  y=[1x1x2048]  (T=1, K=1026)
  - op#03  op=V        shard=0   x=[1x1x4096] + w=[2048x4096]  ->  y=[1x1x2048]  (T=1, K=1026)
  - op#04  op=Q        shard=1   x=[1x1x4096] + w=[2048x4096]  ->  y=[1x1x2048]  (T=1, K=1026)
  - op#05  op=K        shard=1   x=[1x1x4096] + w=[2048x4096]  ->  y=[1x1x2048]  (T=1, K=1026)
  - op#06  op=V        shard=1   x=[1x1x4096] + w=[2048x4096]  ->  y=[1x1x2048]  (T=1, K=1026)
  - op#07  op=O        shard=0   x=[1x1x2048] + w=[4096x2048]  ->  y=[1x1x4096]  (T=1, K=1026)
  - op#08  op=O        shard=1   x=[1x1x2048] + w=[4096x2048]  ->  y=[1x1x4096]  (T=1, K=1026)
  - op#09  op=Add      shard=-1  a=[1x1x4096] + b=[1x1x4096]  ->  y=[1x1x4096]  (T=1, K=1026)
  - op#10  op=LN       shard=-1  x=[1x1x4096] + w=[4096]  ->  y=[1x1x4096]  (T=1, K=1026)
  - op#11  op=FFN_W1   shard=0   x=[1x1x4096] + w=[5504x4096]  ->  y=[1x1x5504]  (T=1, K=1026)
  - op#12  op=FFN_W3   shard=0   x=[1x1x4096] + w=[5504x4096]  ->  y=[1x1x5504]  (T=1, K=1026)
  - op#13  op=FFN_W1   shard=1   x=[1x1x4096] + w=[5504x4096]  ->  y=[1x1x5504]  (T=1, K=1026)
  - op#14  op=FFN_W3   shard=1   x=[1x1x4096] + w=[5504x4096]  ->  y=[1x1x5504]  (T=1, K=1026)
  - op#15  op=SwiGLU   shard=0   a=[1x1x5504] + b=[1x1x5504]  ->  y=[1x1x5504]  (T=1, K=1026)
  - op#16  op=SwiGLU   shard=1   a=[1x1x5504] + b=[1x1x5504]  ->  y=[1x1x5504]  (T=1, K=1026)
  - op#17  op=FFN_W2   shard=0   x=[1x1x5504] + w=[4096x5504]  ->  y=[1x1x4096]  (T=1, K=1026)
  - op#18  op=FFN_W2   shard=1   x=[1x1x5504] + w=[4096x5504]  ->  y=[1x1x4096]  (T=1, K=1026)
  - op#19  op=Add      shard=-1  a=[1x1x4096] + b=[1x1x4096]  ->  y=[1x1x4096]  (T=1, K=1026)
[gpu-debug] per-op timing breakdown (avg over iters):
  idx  op       sh  io                                                    time   est_flops    TFLOPs       bytes      GB/s
  ------------------------------------------------------------------------------------------------------------------------
    0  LN       -1  x[1x1x4096]+w[4096]->y[1x1x4096]                    0.067ms    20.480 K      0.00   24.00 KiB      0.37
    1  Q         0  x[1x1x4096]+w[2048x4096]->y[1x1x2048]               0.044ms    16.777 M      0.38   16.01 MiB    383.98
    2  K         0  x[1x1x4096]+w[2048x4096]->y[1x1x2048]               0.030ms    16.777 M      0.56   16.01 MiB    555.80
    3  V         0  x[1x1x4096]+w[2048x4096]->y[1x1x2048]               0.028ms    16.777 M      0.60   16.01 MiB    600.59
    4  Q         1  x[1x1x4096]+w[2048x4096]->y[1x1x2048]               0.027ms    16.777 M      0.61   16.01 MiB    614.08
    5  K         1  x[1x1x4096]+w[2048x4096]->y[1x1x2048]               0.027ms    16.777 M      0.61   16.01 MiB    614.08
    6  V         1  x[1x1x4096]+w[2048x4096]->y[1x1x2048]               0.029ms    16.777 M      0.59   16.01 MiB    585.57
    7  O         0  x[1x1x2048]+w[4096x2048]->y[1x1x4096]               0.025ms    16.777 M      0.68   16.01 MiB    677.52
    8  O         1  x[1x1x2048]+w[4096x2048]->y[1x1x4096]               0.027ms    16.777 M      0.61   16.01 MiB    614.08
    9  Add      -1  a[1x1x4096]+b[1x1x4096]->y[1x1x4096]                0.012ms     4.096 K      0.00   24.00 KiB      2.00
   10  LN       -1  x[1x1x4096]+w[4096]->y[1x1x4096]                    0.062ms    20.480 K      0.00   24.00 KiB      0.40
   11  FFN_W1    0  x[1x1x4096]+w[5504x4096]->y[1x1x5504]               0.059ms    45.089 M      0.77   43.02 MiB    767.43
   12  FFN_W3    0  x[1x1x4096]+w[5504x4096]->y[1x1x5504]               0.044ms    45.089 M      1.03   43.02 MiB   1029.22
   13  FFN_W1    1  x[1x1x4096]+w[5504x4096]->y[1x1x5504]               0.043ms    45.089 M      1.05   43.02 MiB   1053.85
   14  FFN_W3    1  x[1x1x4096]+w[5504x4096]->y[1x1x5504]               0.042ms    45.089 M      1.07   43.02 MiB   1069.19
   15  SwiGLU    0  a[1x1x5504]+b[1x1x5504]->y[1x1x5504]                0.012ms    33.024 K      0.00   32.25 KiB      2.73
   16  SwiGLU    1  a[1x1x5504]+b[1x1x5504]->y[1x1x5504]                0.011ms    33.024 K      0.00   32.25 KiB      3.10
   17  FFN_W2    0  x[1x1x5504]+w[4096x5504]->y[1x1x4096]               0.044ms    45.089 M      1.02   43.02 MiB   1019.69
   18  FFN_W2    1  x[1x1x5504]+w[4096x5504]->y[1x1x4096]               0.045ms    45.089 M      1.00   43.02 MiB    998.88
   19  Add      -1  a[1x1x4096]+b[1x1x4096]->y[1x1x4096]                0.007ms     4.096 K      0.00   24.00 KiB      3.48
[gpu-debug] segment avg latency (cuda_events): 0.498 ms
[gpu-debug] sum(per-op)               : 0.686 ms (ratio=1.377)
[gpu-debug] NOTE: sum(per-op) may differ from segment latency due to Python overhead, event/launch overhead, and allocator/cache effects.
[gpu-debug] cuda mem before warmup: alloc=400.16 MiB reserved=414.00 MiB
[gpu-debug] cuda mem after warmup : alloc=400.16 MiB reserved=414.00 MiB
[gpu-debug] cuda mem peak (this segment): max_alloc=400.18 MiB max_reserved=414.00 MiB
========================================================================================
[gpu-debug] segment_key=npu|decode|2|f47f2b13c8c0ddb8e4ddc9de5ce41aad
[gpu-debug] sig: device_type=npu phase=decode step=2 (count_hint=32)
[gpu-debug] ops_repr: LN:-1,Q:0,K:0,V:0,Q:1,K:1,V:1,O:0,O:1,Add:-1,LN:-1,FFN_W1:0,FFN_W3:0,FFN_W1:1,FFN_W3:1,SwiGLU:0,SwiGLU:1,FFN_W2:0,FFN_W2:1,Add:-1
[gpu-debug] cfg: device=cuda dtype=torch.bfloat16 batch=1 dim=4096 ffn_dim=11008 n_heads=32 shards=2
[gpu-debug] op plan (with inferred tensor shapes):
  - op#00  op=LN       shard=-1  x=[1x1x4096] + w=[4096]  ->  y=[1x1x4096]  (T=1, K=1088)
  - op#01  op=Q        shard=0   x=[1x1x4096] + w=[2048x4096]  ->  y=[1x1x2048]  (T=1, K=1088)
  - op#02  op=K        shard=0   x=[1x1x4096] + w=[2048x4096]  ->  y=[1x1x2048]  (T=1, K=1088)
  - op#03  op=V        shard=0   x=[1x1x4096] + w=[2048x4096]  ->  y=[1x1x2048]  (T=1, K=1088)
  - op#04  op=Q        shard=1   x=[1x1x4096] + w=[2048x4096]  ->  y=[1x1x2048]  (T=1, K=1088)
  - op#05  op=K        shard=1   x=[1x1x4096] + w=[2048x4096]  ->  y=[1x1x2048]  (T=1, K=1088)
  - op#06  op=V        shard=1   x=[1x1x4096] + w=[2048x4096]  ->  y=[1x1x2048]  (T=1, K=1088)
  - op#07  op=O        shard=0   x=[1x1x2048] + w=[4096x2048]  ->  y=[1x1x4096]  (T=1, K=1088)
  - op#08  op=O        shard=1   x=[1x1x2048] + w=[4096x2048]  ->  y=[1x1x4096]  (T=1, K=1088)
  - op#09  op=Add      shard=-1  a=[1x1x4096] + b=[1x1x4096]  ->  y=[1x1x4096]  (T=1, K=1088)
  - op#10  op=LN       shard=-1  x=[1x1x4096] + w=[4096]  ->  y=[1x1x4096]  (T=1, K=1088)
  - op#11  op=FFN_W1   shard=0   x=[1x1x4096] + w=[5504x4096]  ->  y=[1x1x5504]  (T=1, K=1088)
  - op#12  op=FFN_W3   shard=0   x=[1x1x4096] + w=[5504x4096]  ->  y=[1x1x5504]  (T=1, K=1088)
  - op#13  op=FFN_W1   shard=1   x=[1x1x4096] + w=[5504x4096]  ->  y=[1x1x5504]  (T=1, K=1088)
  - op#14  op=FFN_W3   shard=1   x=[1x1x4096] + w=[5504x4096]  ->  y=[1x1x5504]  (T=1, K=1088)
  - op#15  op=SwiGLU   shard=0   a=[1x1x5504] + b=[1x1x5504]  ->  y=[1x1x5504]  (T=1, K=1088)
  - op#16  op=SwiGLU   shard=1   a=[1x1x5504] + b=[1x1x5504]  ->  y=[1x1x5504]  (T=1, K=1088)
  - op#17  op=FFN_W2   shard=0   x=[1x1x5504] + w=[4096x5504]  ->  y=[1x1x4096]  (T=1, K=1088)
  - op#18  op=FFN_W2   shard=1   x=[1x1x5504] + w=[4096x5504]  ->  y=[1x1x4096]  (T=1, K=1088)
  - op#19  op=Add      shard=-1  a=[1x1x4096] + b=[1x1x4096]  ->  y=[1x1x4096]  (T=1, K=1088)
[gpu-debug] per-op timing breakdown (avg over iters):
  idx  op       sh  io                                                    time   est_flops    TFLOPs       bytes      GB/s
  ------------------------------------------------------------------------------------------------------------------------
    0  LN       -1  x[1x1x4096]+w[4096]->y[1x1x4096]                    0.067ms    20.480 K      0.00   24.00 KiB      0.37
    1  Q         0  x[1x1x4096]+w[2048x4096]->y[1x1x2048]               0.044ms    16.777 M      0.38   16.01 MiB    383.08
    2  K         0  x[1x1x4096]+w[2048x4096]->y[1x1x2048]               0.031ms    16.777 M      0.55   16.01 MiB    550.20
    3  V         0  x[1x1x4096]+w[2048x4096]->y[1x1x2048]               0.028ms    16.777 M      0.60   16.01 MiB    600.59
    4  Q         1  x[1x1x4096]+w[2048x4096]->y[1x1x2048]               0.027ms    16.777 M      0.62   16.01 MiB    621.06
    5  K         1  x[1x1x4096]+w[2048x4096]->y[1x1x2048]               0.028ms    16.777 M      0.61   16.01 MiB    607.26
    6  V         1  x[1x1x4096]+w[2048x4096]->y[1x1x2048]               0.029ms    16.777 M      0.59   16.01 MiB    587.67
    7  O         0  x[1x1x2048]+w[4096x2048]->y[1x1x4096]               0.025ms    16.777 M      0.68   16.01 MiB    677.52
    8  O         1  x[1x1x2048]+w[4096x2048]->y[1x1x4096]               0.028ms    16.777 M      0.61   16.01 MiB    609.52
    9  Add      -1  a[1x1x4096]+b[1x1x4096]->y[1x1x4096]                0.012ms     4.096 K      0.00   24.00 KiB      1.97
   10  LN       -1  x[1x1x4096]+w[4096]->y[1x1x4096]                    0.062ms    20.480 K      0.00   24.00 KiB      0.40
   11  FFN_W1    0  x[1x1x4096]+w[5504x4096]->y[1x1x5504]               0.059ms    45.089 M      0.76   43.02 MiB    758.19
   12  FFN_W3    0  x[1x1x4096]+w[5504x4096]->y[1x1x5504]               0.044ms    45.089 M      1.04   43.02 MiB   1036.49
   13  FFN_W1    1  x[1x1x4096]+w[5504x4096]->y[1x1x5504]               0.043ms    45.089 M      1.05   43.02 MiB   1046.34
   14  FFN_W3    1  x[1x1x4096]+w[5504x4096]->y[1x1x5504]               0.042ms    45.089 M      1.07   43.02 MiB   1069.19
   15  SwiGLU    0  a[1x1x5504]+b[1x1x5504]->y[1x1x5504]                0.012ms    33.024 K      0.00   32.25 KiB      2.80
   16  SwiGLU    1  a[1x1x5504]+b[1x1x5504]->y[1x1x5504]                0.011ms    33.024 K      0.00   32.25 KiB      3.01
   17  FFN_W2    0  x[1x1x5504]+w[4096x5504]->y[1x1x4096]               0.044ms    45.089 M      1.01   43.02 MiB   1014.99
   18  FFN_W2    1  x[1x1x5504]+w[4096x5504]->y[1x1x4096]               0.045ms    45.089 M      1.00   43.02 MiB    996.62
   19  Add      -1  a[1x1x4096]+b[1x1x4096]->y[1x1x4096]                0.007ms     4.096 K      0.00   24.00 KiB      3.53
[gpu-debug] segment avg latency (cuda_events): 0.497 ms
[gpu-debug] sum(per-op)               : 0.687 ms (ratio=1.383)
[gpu-debug] NOTE: sum(per-op) may differ from segment latency due to Python overhead, event/launch overhead, and allocator/cache effects.
[gpu-debug] cuda mem before warmup: alloc=400.16 MiB reserved=414.00 MiB
[gpu-debug] cuda mem after warmup : alloc=400.16 MiB reserved=414.00 MiB
[gpu-debug] cuda mem peak (this segment): max_alloc=400.18 MiB max_reserved=414.00 MiB
========================================================================================
[gpu-debug] segment_key=npu|decode|3|f47f2b13c8c0ddb8e4ddc9de5ce41aad
[gpu-debug] sig: device_type=npu phase=decode step=3 (count_hint=32)
[gpu-debug] ops_repr: LN:-1,Q:0,K:0,V:0,Q:1,K:1,V:1,O:0,O:1,Add:-1,LN:-1,FFN_W1:0,FFN_W3:0,FFN_W1:1,FFN_W3:1,SwiGLU:0,SwiGLU:1,FFN_W2:0,FFN_W2:1,Add:-1
[gpu-debug] cfg: device=cuda dtype=torch.bfloat16 batch=1 dim=4096 ffn_dim=11008 n_heads=32 shards=2
[gpu-debug] op plan (with inferred tensor shapes):
  - op#00  op=LN       shard=-1  x=[1x1x4096] + w=[4096]  ->  y=[1x1x4096]  (T=1, K=1152)
  - op#01  op=Q        shard=0   x=[1x1x4096] + w=[2048x4096]  ->  y=[1x1x2048]  (T=1, K=1152)
  - op#02  op=K        shard=0   x=[1x1x4096] + w=[2048x4096]  ->  y=[1x1x2048]  (T=1, K=1152)
  - op#03  op=V        shard=0   x=[1x1x4096] + w=[2048x4096]  ->  y=[1x1x2048]  (T=1, K=1152)
  - op#04  op=Q        shard=1   x=[1x1x4096] + w=[2048x4096]  ->  y=[1x1x2048]  (T=1, K=1152)
  - op#05  op=K        shard=1   x=[1x1x4096] + w=[2048x4096]  ->  y=[1x1x2048]  (T=1, K=1152)
  - op#06  op=V        shard=1   x=[1x1x4096] + w=[2048x4096]  ->  y=[1x1x2048]  (T=1, K=1152)
  - op#07  op=O        shard=0   x=[1x1x2048] + w=[4096x2048]  ->  y=[1x1x4096]  (T=1, K=1152)
  - op#08  op=O        shard=1   x=[1x1x2048] + w=[4096x2048]  ->  y=[1x1x4096]  (T=1, K=1152)
  - op#09  op=Add      shard=-1  a=[1x1x4096] + b=[1x1x4096]  ->  y=[1x1x4096]  (T=1, K=1152)
  - op#10  op=LN       shard=-1  x=[1x1x4096] + w=[4096]  ->  y=[1x1x4096]  (T=1, K=1152)
  - op#11  op=FFN_W1   shard=0   x=[1x1x4096] + w=[5504x4096]  ->  y=[1x1x5504]  (T=1, K=1152)
  - op#12  op=FFN_W3   shard=0   x=[1x1x4096] + w=[5504x4096]  ->  y=[1x1x5504]  (T=1, K=1152)
  - op#13  op=FFN_W1   shard=1   x=[1x1x4096] + w=[5504x4096]  ->  y=[1x1x5504]  (T=1, K=1152)
  - op#14  op=FFN_W3   shard=1   x=[1x1x4096] + w=[5504x4096]  ->  y=[1x1x5504]  (T=1, K=1152)
  - op#15  op=SwiGLU   shard=0   a=[1x1x5504] + b=[1x1x5504]  ->  y=[1x1x5504]  (T=1, K=1152)
  - op#16  op=SwiGLU   shard=1   a=[1x1x5504] + b=[1x1x5504]  ->  y=[1x1x5504]  (T=1, K=1152)
  - op#17  op=FFN_W2   shard=0   x=[1x1x5504] + w=[4096x5504]  ->  y=[1x1x4096]  (T=1, K=1152)
  - op#18  op=FFN_W2   shard=1   x=[1x1x5504] + w=[4096x5504]  ->  y=[1x1x4096]  (T=1, K=1152)
  - op#19  op=Add      shard=-1  a=[1x1x4096] + b=[1x1x4096]  ->  y=[1x1x4096]  (T=1, K=1152)
[gpu-debug] per-op timing breakdown (avg over iters):
  idx  op       sh  io                                                    time   est_flops    TFLOPs       bytes      GB/s
  ------------------------------------------------------------------------------------------------------------------------
    0  LN       -1  x[1x1x4096]+w[4096]->y[1x1x4096]                    0.065ms    20.480 K      0.00   24.00 KiB      0.38
    1  Q         0  x[1x1x4096]+w[2048x4096]->y[1x1x2048]               0.045ms    16.777 M      0.37   16.01 MiB    374.34
    2  K         0  x[1x1x4096]+w[2048x4096]->y[1x1x2048]               0.031ms    16.777 M      0.55   16.01 MiB    546.53
    3  V         0  x[1x1x4096]+w[2048x4096]->y[1x1x2048]               0.028ms    16.777 M      0.60   16.01 MiB    600.59
    4  Q         1  x[1x1x4096]+w[2048x4096]->y[1x1x2048]               0.028ms    16.777 M      0.61   16.01 MiB    609.52
    5  K         1  x[1x1x4096]+w[2048x4096]->y[1x1x2048]               0.027ms    16.777 M      0.62   16.01 MiB    621.06
    6  V         1  x[1x1x4096]+w[2048x4096]->y[1x1x2048]               0.027ms    16.777 M      0.62   16.01 MiB    616.39
    7  O         0  x[1x1x2048]+w[4096x2048]->y[1x1x4096]               0.025ms    16.777 M      0.67   16.01 MiB    674.73
    8  O         1  x[1x1x2048]+w[4096x2048]->y[1x1x4096]               0.029ms    16.777 M      0.59   16.01 MiB    587.67
    9  Add      -1  a[1x1x4096]+b[1x1x4096]->y[1x1x4096]                0.012ms     4.096 K      0.00   24.00 KiB      2.07
   10  LN       -1  x[1x1x4096]+w[4096]->y[1x1x4096]                    0.063ms    20.480 K      0.00   24.00 KiB      0.39
   11  FFN_W1    0  x[1x1x4096]+w[5504x4096]->y[1x1x5504]               0.058ms    45.089 M      0.77   43.02 MiB    771.47
   12  FFN_W3    0  x[1x1x4096]+w[5504x4096]->y[1x1x5504]               0.043ms    45.089 M      1.04   43.02 MiB   1038.93
   13  FFN_W1    1  x[1x1x4096]+w[5504x4096]->y[1x1x5504]               0.043ms    45.089 M      1.05   43.02 MiB   1053.85
   14  FFN_W3    1  x[1x1x4096]+w[5504x4096]->y[1x1x5504]               0.042ms    45.089 M      1.07   43.02 MiB   1071.79
   15  SwiGLU    0  a[1x1x5504]+b[1x1x5504]->y[1x1x5504]                0.012ms    33.024 K      0.00   32.25 KiB      2.76
   16  SwiGLU    1  a[1x1x5504]+b[1x1x5504]->y[1x1x5504]                0.010ms    33.024 K      0.00   32.25 KiB      3.16
   17  FFN_W2    0  x[1x1x5504]+w[4096x5504]->y[1x1x4096]               0.044ms    45.089 M      1.01   43.02 MiB   1014.99
   18  FFN_W2    1  x[1x1x5504]+w[4096x5504]->y[1x1x4096]               0.045ms    45.089 M      0.99   43.02 MiB    994.37
   19  Add      -1  a[1x1x4096]+b[1x1x4096]->y[1x1x4096]                0.007ms     4.096 K      0.00   24.00 KiB      3.53
[gpu-debug] segment avg latency (cuda_events): 0.497 ms
[gpu-debug] sum(per-op)               : 0.685 ms (ratio=1.376)
[gpu-debug] NOTE: sum(per-op) may differ from segment latency due to Python overhead, event/launch overhead, and allocator/cache effects.
[gpu-debug] cuda mem before warmup: alloc=400.16 MiB reserved=414.00 MiB
[gpu-debug] cuda mem after warmup : alloc=400.16 MiB reserved=414.00 MiB
[gpu-debug] cuda mem peak (this segment): max_alloc=400.18 MiB max_reserved=414.00 MiB
========================================================================================
[gpu-debug] segment_key=npu|decode|4|f47f2b13c8c0ddb8e4ddc9de5ce41aad
[gpu-debug] sig: device_type=npu phase=decode step=4 (count_hint=32)
[gpu-debug] ops_repr: LN:-1,Q:0,K:0,V:0,Q:1,K:1,V:1,O:0,O:1,Add:-1,LN:-1,FFN_W1:0,FFN_W3:0,FFN_W1:1,FFN_W3:1,SwiGLU:0,SwiGLU:1,FFN_W2:0,FFN_W2:1,Add:-1
[gpu-debug] cfg: device=cuda dtype=torch.bfloat16 batch=1 dim=4096 ffn_dim=11008 n_heads=32 shards=2
[gpu-debug] op plan (with inferred tensor shapes):
  - op#00  op=LN       shard=-1  x=[1x1x4096] + w=[4096]  ->  y=[1x1x4096]  (T=1, K=1216)
  - op#01  op=Q        shard=0   x=[1x1x4096] + w=[2048x4096]  ->  y=[1x1x2048]  (T=1, K=1216)
  - op#02  op=K        shard=0   x=[1x1x4096] + w=[2048x4096]  ->  y=[1x1x2048]  (T=1, K=1216)
  - op#03  op=V        shard=0   x=[1x1x4096] + w=[2048x4096]  ->  y=[1x1x2048]  (T=1, K=1216)
  - op#04  op=Q        shard=1   x=[1x1x4096] + w=[2048x4096]  ->  y=[1x1x2048]  (T=1, K=1216)
  - op#05  op=K        shard=1   x=[1x1x4096] + w=[2048x4096]  ->  y=[1x1x2048]  (T=1, K=1216)
  - op#06  op=V        shard=1   x=[1x1x4096] + w=[2048x4096]  ->  y=[1x1x2048]  (T=1, K=1216)
  - op#07  op=O        shard=0   x=[1x1x2048] + w=[4096x2048]  ->  y=[1x1x4096]  (T=1, K=1216)
  - op#08  op=O        shard=1   x=[1x1x2048] + w=[4096x2048]  ->  y=[1x1x4096]  (T=1, K=1216)
  - op#09  op=Add      shard=-1  a=[1x1x4096] + b=[1x1x4096]  ->  y=[1x1x4096]  (T=1, K=1216)
  - op#10  op=LN       shard=-1  x=[1x1x4096] + w=[4096]  ->  y=[1x1x4096]  (T=1, K=1216)
  - op#11  op=FFN_W1   shard=0   x=[1x1x4096] + w=[5504x4096]  ->  y=[1x1x5504]  (T=1, K=1216)
  - op#12  op=FFN_W3   shard=0   x=[1x1x4096] + w=[5504x4096]  ->  y=[1x1x5504]  (T=1, K=1216)
  - op#13  op=FFN_W1   shard=1   x=[1x1x4096] + w=[5504x4096]  ->  y=[1x1x5504]  (T=1, K=1216)
  - op#14  op=FFN_W3   shard=1   x=[1x1x4096] + w=[5504x4096]  ->  y=[1x1x5504]  (T=1, K=1216)
  - op#15  op=SwiGLU   shard=0   a=[1x1x5504] + b=[1x1x5504]  ->  y=[1x1x5504]  (T=1, K=1216)
  - op#16  op=SwiGLU   shard=1   a=[1x1x5504] + b=[1x1x5504]  ->  y=[1x1x5504]  (T=1, K=1216)
  - op#17  op=FFN_W2   shard=0   x=[1x1x5504] + w=[4096x5504]  ->  y=[1x1x4096]  (T=1, K=1216)
  - op#18  op=FFN_W2   shard=1   x=[1x1x5504] + w=[4096x5504]  ->  y=[1x1x4096]  (T=1, K=1216)
  - op#19  op=Add      shard=-1  a=[1x1x4096] + b=[1x1x4096]  ->  y=[1x1x4096]  (T=1, K=1216)
[gpu-debug] per-op timing breakdown (avg over iters):
  idx  op       sh  io                                                    time   est_flops    TFLOPs       bytes      GB/s
  ------------------------------------------------------------------------------------------------------------------------
    0  LN       -1  x[1x1x4096]+w[4096]->y[1x1x4096]                    0.066ms    20.480 K      0.00   24.00 KiB      0.37
    1  Q         0  x[1x1x4096]+w[2048x4096]->y[1x1x2048]               0.045ms    16.777 M      0.38   16.01 MiB    376.06
    2  K         0  x[1x1x4096]+w[2048x4096]->y[1x1x2048]               0.031ms    16.777 M      0.54   16.01 MiB    539.34
    3  V         0  x[1x1x4096]+w[2048x4096]->y[1x1x2048]               0.028ms    16.777 M      0.60   16.01 MiB    602.79
    4  Q         1  x[1x1x4096]+w[2048x4096]->y[1x1x2048]               0.027ms    16.777 M      0.62   16.01 MiB    616.39
    5  K         1  x[1x1x4096]+w[2048x4096]->y[1x1x2048]               0.027ms    16.777 M      0.61   16.01 MiB    611.79
    6  V         1  x[1x1x4096]+w[2048x4096]->y[1x1x2048]               0.027ms    16.777 M      0.62   16.01 MiB    621.06
    7  O         0  x[1x1x2048]+w[4096x2048]->y[1x1x4096]               0.025ms    16.777 M      0.67   16.01 MiB    666.50
    8  O         1  x[1x1x2048]+w[4096x2048]->y[1x1x4096]               0.028ms    16.777 M      0.60   16.01 MiB    598.39
    9  Add      -1  a[1x1x4096]+b[1x1x4096]->y[1x1x4096]                0.012ms     4.096 K      0.00   24.00 KiB      2.02
   10  LN       -1  x[1x1x4096]+w[4096]->y[1x1x4096]                    0.062ms    20.480 K      0.00   24.00 KiB      0.40
   11  FFN_W1    0  x[1x1x4096]+w[5504x4096]->y[1x1x5504]               0.058ms    45.089 M      0.77   43.02 MiB    774.18
   12  FFN_W3    0  x[1x1x4096]+w[5504x4096]->y[1x1x5504]               0.043ms    45.089 M      1.04   43.02 MiB   1043.86
   13  FFN_W1    1  x[1x1x4096]+w[5504x4096]->y[1x1x5504]               0.043ms    45.089 M      1.05   43.02 MiB   1046.34
   14  FFN_W3    1  x[1x1x4096]+w[5504x4096]->y[1x1x5504]               0.042ms    45.089 M      1.07   43.02 MiB   1071.79
   15  SwiGLU    0  a[1x1x5504]+b[1x1x5504]->y[1x1x5504]                0.012ms    33.024 K      0.00   32.25 KiB      2.71
   16  SwiGLU    1  a[1x1x5504]+b[1x1x5504]->y[1x1x5504]                0.010ms    33.024 K      0.00   32.25 KiB      3.16
   17  FFN_W2    0  x[1x1x5504]+w[4096x5504]->y[1x1x4096]               0.044ms    45.089 M      1.02   43.02 MiB   1024.44
   18  FFN_W2    1  x[1x1x5504]+w[4096x5504]->y[1x1x4096]               0.046ms    45.089 M      0.99   43.02 MiB    989.90
   19  Add      -1  a[1x1x4096]+b[1x1x4096]->y[1x1x4096]                0.007ms     4.096 K      0.00   24.00 KiB      3.58
[gpu-debug] segment avg latency (cuda_events): 0.497 ms
[gpu-debug] sum(per-op)               : 0.684 ms (ratio=1.376)
[gpu-debug] NOTE: sum(per-op) may differ from segment latency due to Python overhead, event/launch overhead, and allocator/cache effects.
[gpu-debug] cuda mem before warmup: alloc=400.16 MiB reserved=414.00 MiB
[gpu-debug] cuda mem after warmup : alloc=400.16 MiB reserved=414.00 MiB
[gpu-debug] cuda mem peak (this segment): max_alloc=400.18 MiB max_reserved=414.00 MiB
========================================================================================
[gpu-debug] segment_key=npu|decode|5|f47f2b13c8c0ddb8e4ddc9de5ce41aad
[gpu-debug] sig: device_type=npu phase=decode step=5 (count_hint=32)
[gpu-debug] ops_repr: LN:-1,Q:0,K:0,V:0,Q:1,K:1,V:1,O:0,O:1,Add:-1,LN:-1,FFN_W1:0,FFN_W3:0,FFN_W1:1,FFN_W3:1,SwiGLU:0,SwiGLU:1,FFN_W2:0,FFN_W2:1,Add:-1
[gpu-debug] cfg: device=cuda dtype=torch.bfloat16 batch=1 dim=4096 ffn_dim=11008 n_heads=32 shards=2
[gpu-debug] op plan (with inferred tensor shapes):
  - op#00  op=LN       shard=-1  x=[1x1x4096] + w=[4096]  ->  y=[1x1x4096]  (T=1, K=1280)
  - op#01  op=Q        shard=0   x=[1x1x4096] + w=[2048x4096]  ->  y=[1x1x2048]  (T=1, K=1280)
  - op#02  op=K        shard=0   x=[1x1x4096] + w=[2048x4096]  ->  y=[1x1x2048]  (T=1, K=1280)
  - op#03  op=V        shard=0   x=[1x1x4096] + w=[2048x4096]  ->  y=[1x1x2048]  (T=1, K=1280)
  - op#04  op=Q        shard=1   x=[1x1x4096] + w=[2048x4096]  ->  y=[1x1x2048]  (T=1, K=1280)
  - op#05  op=K        shard=1   x=[1x1x4096] + w=[2048x4096]  ->  y=[1x1x2048]  (T=1, K=1280)
  - op#06  op=V        shard=1   x=[1x1x4096] + w=[2048x4096]  ->  y=[1x1x2048]  (T=1, K=1280)
  - op#07  op=O        shard=0   x=[1x1x2048] + w=[4096x2048]  ->  y=[1x1x4096]  (T=1, K=1280)
  - op#08  op=O        shard=1   x=[1x1x2048] + w=[4096x2048]  ->  y=[1x1x4096]  (T=1, K=1280)
  - op#09  op=Add      shard=-1  a=[1x1x4096] + b=[1x1x4096]  ->  y=[1x1x4096]  (T=1, K=1280)
  - op#10  op=LN       shard=-1  x=[1x1x4096] + w=[4096]  ->  y=[1x1x4096]  (T=1, K=1280)
  - op#11  op=FFN_W1   shard=0   x=[1x1x4096] + w=[5504x4096]  ->  y=[1x1x5504]  (T=1, K=1280)
  - op#12  op=FFN_W3   shard=0   x=[1x1x4096] + w=[5504x4096]  ->  y=[1x1x5504]  (T=1, K=1280)
  - op#13  op=FFN_W1   shard=1   x=[1x1x4096] + w=[5504x4096]  ->  y=[1x1x5504]  (T=1, K=1280)
  - op#14  op=FFN_W3   shard=1   x=[1x1x4096] + w=[5504x4096]  ->  y=[1x1x5504]  (T=1, K=1280)
  - op#15  op=SwiGLU   shard=0   a=[1x1x5504] + b=[1x1x5504]  ->  y=[1x1x5504]  (T=1, K=1280)
  - op#16  op=SwiGLU   shard=1   a=[1x1x5504] + b=[1x1x5504]  ->  y=[1x1x5504]  (T=1, K=1280)
  - op#17  op=FFN_W2   shard=0   x=[1x1x5504] + w=[4096x5504]  ->  y=[1x1x4096]  (T=1, K=1280)
  - op#18  op=FFN_W2   shard=1   x=[1x1x5504] + w=[4096x5504]  ->  y=[1x1x4096]  (T=1, K=1280)
  - op#19  op=Add      shard=-1  a=[1x1x4096] + b=[1x1x4096]  ->  y=[1x1x4096]  (T=1, K=1280)
[gpu-debug] per-op timing breakdown (avg over iters):
  idx  op       sh  io                                                    time   est_flops    TFLOPs       bytes      GB/s
  ------------------------------------------------------------------------------------------------------------------------
    0  LN       -1  x[1x1x4096]+w[4096]->y[1x1x4096]                    0.066ms    20.480 K      0.00   24.00 KiB      0.37
    1  Q         0  x[1x1x4096]+w[2048x4096]->y[1x1x2048]               0.044ms    16.777 M      0.38   16.01 MiB    379.54
    2  K         0  x[1x1x4096]+w[2048x4096]->y[1x1x2048]               0.032ms    16.777 M      0.53   16.01 MiB    532.34
    3  V         0  x[1x1x4096]+w[2048x4096]->y[1x1x2048]               0.028ms    16.777 M      0.59   16.01 MiB    594.06
    4  Q         1  x[1x1x4096]+w[2048x4096]->y[1x1x2048]               0.027ms    16.777 M      0.62   16.01 MiB    616.39
    5  K         1  x[1x1x4096]+w[2048x4096]->y[1x1x2048]               0.028ms    16.777 M      0.61   16.01 MiB    609.52
    6  V         1  x[1x1x4096]+w[2048x4096]->y[1x1x2048]               0.027ms    16.777 M      0.62   16.01 MiB    623.42
    7  O         0  x[1x1x2048]+w[4096x2048]->y[1x1x4096]               0.024ms    16.777 M      0.69   16.01 MiB    686.03
    8  O         1  x[1x1x2048]+w[4096x2048]->y[1x1x4096]               0.028ms    16.777 M      0.59   16.01 MiB    589.78
    9  Add      -1  a[1x1x4096]+b[1x1x4096]->y[1x1x4096]                0.014ms     4.096 K      0.00   24.00 KiB      1.80
   10  LN       -1  x[1x1x4096]+w[4096]->y[1x1x4096]                    0.062ms    20.480 K      0.00   24.00 KiB      0.39
   11  FFN_W1    0  x[1x1x4096]+w[5504x4096]->y[1x1x5504]               0.058ms    45.089 M      0.77   43.02 MiB    774.18
   12  FFN_W3    0  x[1x1x4096]+w[5504x4096]->y[1x1x5504]               0.043ms    45.089 M      1.04   43.02 MiB   1038.93
   13  FFN_W1    1  x[1x1x4096]+w[5504x4096]->y[1x1x5504]               0.043ms    45.089 M      1.05   43.02 MiB   1048.83
   14  FFN_W3    1  x[1x1x4096]+w[5504x4096]->y[1x1x5504]               0.042ms    45.089 M      1.07   43.02 MiB   1071.79
   15  SwiGLU    0  a[1x1x5504]+b[1x1x5504]->y[1x1x5504]                0.012ms    33.024 K      0.00   32.25 KiB      2.78
   16  SwiGLU    1  a[1x1x5504]+b[1x1x5504]->y[1x1x5504]                0.011ms    33.024 K      0.00   32.25 KiB      3.01
   17  FFN_W2    0  x[1x1x5504]+w[4096x5504]->y[1x1x4096]               0.044ms    45.089 M      1.02   43.02 MiB   1024.44
   18  FFN_W2    1  x[1x1x5504]+w[4096x5504]->y[1x1x4096]               0.045ms    45.089 M      1.00   43.02 MiB    998.88
   19  Add      -1  a[1x1x4096]+b[1x1x4096]->y[1x1x4096]                0.007ms     4.096 K      0.00   24.00 KiB      3.58
[gpu-debug] segment avg latency (cuda_events): 0.500 ms
[gpu-debug] sum(per-op)               : 0.686 ms (ratio=1.372)
[gpu-debug] NOTE: sum(per-op) may differ from segment latency due to Python overhead, event/launch overhead, and allocator/cache effects.
[gpu-debug] cuda mem before warmup: alloc=400.16 MiB reserved=414.00 MiB
[gpu-debug] cuda mem after warmup : alloc=400.16 MiB reserved=414.00 MiB
[gpu-debug] cuda mem peak (this segment): max_alloc=400.18 MiB max_reserved=414.00 MiB
========================================================================================
[gpu-debug] segment_key=npu|decode|6|f47f2b13c8c0ddb8e4ddc9de5ce41aad
[gpu-debug] sig: device_type=npu phase=decode step=6 (count_hint=32)
[gpu-debug] ops_repr: LN:-1,Q:0,K:0,V:0,Q:1,K:1,V:1,O:0,O:1,Add:-1,LN:-1,FFN_W1:0,FFN_W3:0,FFN_W1:1,FFN_W3:1,SwiGLU:0,SwiGLU:1,FFN_W2:0,FFN_W2:1,Add:-1
[gpu-debug] cfg: device=cuda dtype=torch.bfloat16 batch=1 dim=4096 ffn_dim=11008 n_heads=32 shards=2
[gpu-debug] op plan (with inferred tensor shapes):
  - op#00  op=LN       shard=-1  x=[1x1x4096] + w=[4096]  ->  y=[1x1x4096]  (T=1, K=1344)
  - op#01  op=Q        shard=0   x=[1x1x4096] + w=[2048x4096]  ->  y=[1x1x2048]  (T=1, K=1344)
  - op#02  op=K        shard=0   x=[1x1x4096] + w=[2048x4096]  ->  y=[1x1x2048]  (T=1, K=1344)
  - op#03  op=V        shard=0   x=[1x1x4096] + w=[2048x4096]  ->  y=[1x1x2048]  (T=1, K=1344)
  - op#04  op=Q        shard=1   x=[1x1x4096] + w=[2048x4096]  ->  y=[1x1x2048]  (T=1, K=1344)
  - op#05  op=K        shard=1   x=[1x1x4096] + w=[2048x4096]  ->  y=[1x1x2048]  (T=1, K=1344)
  - op#06  op=V        shard=1   x=[1x1x4096] + w=[2048x4096]  ->  y=[1x1x2048]  (T=1, K=1344)
  - op#07  op=O        shard=0   x=[1x1x2048] + w=[4096x2048]  ->  y=[1x1x4096]  (T=1, K=1344)
  - op#08  op=O        shard=1   x=[1x1x2048] + w=[4096x2048]  ->  y=[1x1x4096]  (T=1, K=1344)
  - op#09  op=Add      shard=-1  a=[1x1x4096] + b=[1x1x4096]  ->  y=[1x1x4096]  (T=1, K=1344)
  - op#10  op=LN       shard=-1  x=[1x1x4096] + w=[4096]  ->  y=[1x1x4096]  (T=1, K=1344)
  - op#11  op=FFN_W1   shard=0   x=[1x1x4096] + w=[5504x4096]  ->  y=[1x1x5504]  (T=1, K=1344)
  - op#12  op=FFN_W3   shard=0   x=[1x1x4096] + w=[5504x4096]  ->  y=[1x1x5504]  (T=1, K=1344)
  - op#13  op=FFN_W1   shard=1   x=[1x1x4096] + w=[5504x4096]  ->  y=[1x1x5504]  (T=1, K=1344)
  - op#14  op=FFN_W3   shard=1   x=[1x1x4096] + w=[5504x4096]  ->  y=[1x1x5504]  (T=1, K=1344)
  - op#15  op=SwiGLU   shard=0   a=[1x1x5504] + b=[1x1x5504]  ->  y=[1x1x5504]  (T=1, K=1344)
  - op#16  op=SwiGLU   shard=1   a=[1x1x5504] + b=[1x1x5504]  ->  y=[1x1x5504]  (T=1, K=1344)
  - op#17  op=FFN_W2   shard=0   x=[1x1x5504] + w=[4096x5504]  ->  y=[1x1x4096]  (T=1, K=1344)
  - op#18  op=FFN_W2   shard=1   x=[1x1x5504] + w=[4096x5504]  ->  y=[1x1x4096]  (T=1, K=1344)
  - op#19  op=Add      shard=-1  a=[1x1x4096] + b=[1x1x4096]  ->  y=[1x1x4096]  (T=1, K=1344)
[gpu-debug] per-op timing breakdown (avg over iters):
  idx  op       sh  io                                                    time   est_flops    TFLOPs       bytes      GB/s
  ------------------------------------------------------------------------------------------------------------------------
    0  LN       -1  x[1x1x4096]+w[4096]->y[1x1x4096]                    0.066ms    20.480 K      0.00   24.00 KiB      0.37
    1  Q         0  x[1x1x4096]+w[2048x4096]->y[1x1x2048]               0.044ms    16.777 M      0.38   16.01 MiB    383.08
    2  K         0  x[1x1x4096]+w[2048x4096]->y[1x1x2048]               0.031ms    16.777 M      0.55   16.01 MiB    548.36
    3  V         0  x[1x1x4096]+w[2048x4096]->y[1x1x2048]               0.033ms    16.777 M      0.51   16.01 MiB    510.78
    4  Q         1  x[1x1x4096]+w[2048x4096]->y[1x1x2048]               0.028ms    16.777 M      0.59   16.01 MiB    594.06
    5  K         1  x[1x1x4096]+w[2048x4096]->y[1x1x2048]               0.027ms    16.777 M      0.62   16.01 MiB    616.39
    6  V         1  x[1x1x4096]+w[2048x4096]->y[1x1x2048]               0.027ms    16.777 M      0.62   16.01 MiB    618.72
    7  O         0  x[1x1x2048]+w[4096x2048]->y[1x1x4096]               0.025ms    16.777 M      0.68   16.01 MiB    683.17
    8  O         1  x[1x1x2048]+w[4096x2048]->y[1x1x4096]               0.028ms    16.777 M      0.59   16.01 MiB    589.78
    9  Add      -1  a[1x1x4096]+b[1x1x4096]->y[1x1x4096]                0.012ms     4.096 K      0.00   24.00 KiB      2.00
   10  LN       -1  x[1x1x4096]+w[4096]->y[1x1x4096]                    0.062ms    20.480 K      0.00   24.00 KiB      0.39
   11  FFN_W1    0  x[1x1x4096]+w[5504x4096]->y[1x1x5504]               0.058ms    45.089 M      0.77   43.02 MiB    774.18
   12  FFN_W3    0  x[1x1x4096]+w[5504x4096]->y[1x1x5504]               0.043ms    45.089 M      1.04   43.02 MiB   1038.93
   13  FFN_W1    1  x[1x1x4096]+w[5504x4096]->y[1x1x5504]               0.043ms    45.089 M      1.05   43.02 MiB   1051.33
   14  FFN_W3    1  x[1x1x4096]+w[5504x4096]->y[1x1x5504]               0.042ms    45.089 M      1.06   43.02 MiB   1061.46
   15  SwiGLU    0  a[1x1x5504]+b[1x1x5504]->y[1x1x5504]                0.012ms    33.024 K      0.00   32.25 KiB      2.76
   16  SwiGLU    1  a[1x1x5504]+b[1x1x5504]->y[1x1x5504]                0.010ms    33.024 K      0.00   32.25 KiB      3.16
   17  FFN_W2    0  x[1x1x5504]+w[4096x5504]->y[1x1x4096]               0.045ms    45.089 M      1.01   43.02 MiB   1012.66
   18  FFN_W2    1  x[1x1x5504]+w[4096x5504]->y[1x1x4096]               0.045ms    45.089 M      1.01   43.02 MiB   1010.34
   19  Add      -1  a[1x1x4096]+b[1x1x4096]->y[1x1x4096]                0.007ms     4.096 K      0.00   24.00 KiB      3.43
[gpu-debug] segment avg latency (cuda_events): 0.498 ms
[gpu-debug] sum(per-op)               : 0.689 ms (ratio=1.386)
[gpu-debug] NOTE: sum(per-op) may differ from segment latency due to Python overhead, event/launch overhead, and allocator/cache effects.
[gpu-debug] cuda mem before warmup: alloc=400.16 MiB reserved=414.00 MiB
[gpu-debug] cuda mem after warmup : alloc=400.16 MiB reserved=414.00 MiB
[gpu-debug] cuda mem peak (this segment): max_alloc=400.18 MiB max_reserved=414.00 MiB
========================================================================================
[gpu-debug] segment_key=npu|decode|7|f47f2b13c8c0ddb8e4ddc9de5ce41aad
[gpu-debug] sig: device_type=npu phase=decode step=7 (count_hint=32)
[gpu-debug] ops_repr: LN:-1,Q:0,K:0,V:0,Q:1,K:1,V:1,O:0,O:1,Add:-1,LN:-1,FFN_W1:0,FFN_W3:0,FFN_W1:1,FFN_W3:1,SwiGLU:0,SwiGLU:1,FFN_W2:0,FFN_W2:1,Add:-1
[gpu-debug] cfg: device=cuda dtype=torch.bfloat16 batch=1 dim=4096 ffn_dim=11008 n_heads=32 shards=2
[gpu-debug] op plan (with inferred tensor shapes):
  - op#00  op=LN       shard=-1  x=[1x1x4096] + w=[4096]  ->  y=[1x1x4096]  (T=1, K=1408)
  - op#01  op=Q        shard=0   x=[1x1x4096] + w=[2048x4096]  ->  y=[1x1x2048]  (T=1, K=1408)
  - op#02  op=K        shard=0   x=[1x1x4096] + w=[2048x4096]  ->  y=[1x1x2048]  (T=1, K=1408)
  - op#03  op=V        shard=0   x=[1x1x4096] + w=[2048x4096]  ->  y=[1x1x2048]  (T=1, K=1408)
  - op#04  op=Q        shard=1   x=[1x1x4096] + w=[2048x4096]  ->  y=[1x1x2048]  (T=1, K=1408)
  - op#05  op=K        shard=1   x=[1x1x4096] + w=[2048x4096]  ->  y=[1x1x2048]  (T=1, K=1408)
  - op#06  op=V        shard=1   x=[1x1x4096] + w=[2048x4096]  ->  y=[1x1x2048]  (T=1, K=1408)
  - op#07  op=O        shard=0   x=[1x1x2048] + w=[4096x2048]  ->  y=[1x1x4096]  (T=1, K=1408)
  - op#08  op=O        shard=1   x=[1x1x2048] + w=[4096x2048]  ->  y=[1x1x4096]  (T=1, K=1408)
  - op#09  op=Add      shard=-1  a=[1x1x4096] + b=[1x1x4096]  ->  y=[1x1x4096]  (T=1, K=1408)
  - op#10  op=LN       shard=-1  x=[1x1x4096] + w=[4096]  ->  y=[1x1x4096]  (T=1, K=1408)
  - op#11  op=FFN_W1   shard=0   x=[1x1x4096] + w=[5504x4096]  ->  y=[1x1x5504]  (T=1, K=1408)
  - op#12  op=FFN_W3   shard=0   x=[1x1x4096] + w=[5504x4096]  ->  y=[1x1x5504]  (T=1, K=1408)
  - op#13  op=FFN_W1   shard=1   x=[1x1x4096] + w=[5504x4096]  ->  y=[1x1x5504]  (T=1, K=1408)
  - op#14  op=FFN_W3   shard=1   x=[1x1x4096] + w=[5504x4096]  ->  y=[1x1x5504]  (T=1, K=1408)
  - op#15  op=SwiGLU   shard=0   a=[1x1x5504] + b=[1x1x5504]  ->  y=[1x1x5504]  (T=1, K=1408)
  - op#16  op=SwiGLU   shard=1   a=[1x1x5504] + b=[1x1x5504]  ->  y=[1x1x5504]  (T=1, K=1408)
  - op#17  op=FFN_W2   shard=0   x=[1x1x5504] + w=[4096x5504]  ->  y=[1x1x4096]  (T=1, K=1408)
  - op#18  op=FFN_W2   shard=1   x=[1x1x5504] + w=[4096x5504]  ->  y=[1x1x4096]  (T=1, K=1408)
  - op#19  op=Add      shard=-1  a=[1x1x4096] + b=[1x1x4096]  ->  y=[1x1x4096]  (T=1, K=1408)
[gpu-debug] per-op timing breakdown (avg over iters):
  idx  op       sh  io                                                    time   est_flops    TFLOPs       bytes      GB/s
  ------------------------------------------------------------------------------------------------------------------------
    0  LN       -1  x[1x1x4096]+w[4096]->y[1x1x4096]                    0.066ms    20.480 K      0.00   24.00 KiB      0.38
    1  Q         0  x[1x1x4096]+w[2048x4096]->y[1x1x2048]               0.043ms    16.777 M      0.39   16.01 MiB    386.70
    2  K         0  x[1x1x4096]+w[2048x4096]->y[1x1x2048]               0.030ms    16.777 M      0.56   16.01 MiB    557.69
    3  V         0  x[1x1x4096]+w[2048x4096]->y[1x1x2048]               0.029ms    16.777 M      0.59   16.01 MiB    585.57
    4  Q         1  x[1x1x4096]+w[2048x4096]->y[1x1x2048]               0.028ms    16.777 M      0.61   16.01 MiB    609.52
    5  K         1  x[1x1x4096]+w[2048x4096]->y[1x1x2048]               0.027ms    16.777 M      0.62   16.01 MiB    618.72
    6  V         1  x[1x1x4096]+w[2048x4096]->y[1x1x2048]               0.027ms    16.777 M      0.63   16.01 MiB    628.20
    7  O         0  x[1x1x2048]+w[4096x2048]->y[1x1x4096]               0.024ms    16.777 M      0.69   16.01 MiB    691.81
    8  O         1  x[1x1x2048]+w[4096x2048]->y[1x1x4096]               0.027ms    16.777 M      0.62   16.01 MiB    621.06
    9  Add      -1  a[1x1x4096]+b[1x1x4096]->y[1x1x4096]                0.012ms     4.096 K      0.00   24.00 KiB      1.97
   10  LN       -1  x[1x1x4096]+w[4096]->y[1x1x4096]                    0.063ms    20.480 K      0.00   24.00 KiB      0.39
   11  FFN_W1    0  x[1x1x4096]+w[5504x4096]->y[1x1x5504]               0.058ms    45.089 M      0.78   43.02 MiB    779.66
   12  FFN_W3    0  x[1x1x4096]+w[5504x4096]->y[1x1x5504]               0.044ms    45.089 M      1.03   43.02 MiB   1034.06
   13  FFN_W1    1  x[1x1x4096]+w[5504x4096]->y[1x1x5504]               0.043ms    45.089 M      1.05   43.02 MiB   1048.83
   14  FFN_W3    1  x[1x1x4096]+w[5504x4096]->y[1x1x5504]               0.042ms    45.089 M      1.08   43.02 MiB   1077.04
   15  SwiGLU    0  a[1x1x5504]+b[1x1x5504]->y[1x1x5504]                0.012ms    33.024 K      0.00   32.25 KiB      2.69
   16  SwiGLU    1  a[1x1x5504]+b[1x1x5504]->y[1x1x5504]                0.011ms    33.024 K      0.00   32.25 KiB      3.13
   17  FFN_W2    0  x[1x1x5504]+w[4096x5504]->y[1x1x4096]               0.044ms    45.089 M      1.01   43.02 MiB   1014.99
   18  FFN_W2    1  x[1x1x5504]+w[4096x5504]->y[1x1x4096]               0.045ms    45.089 M      1.00   43.02 MiB    996.62
   19  Add      -1  a[1x1x4096]+b[1x1x4096]->y[1x1x4096]                0.007ms     4.096 K      0.00   24.00 KiB      3.43
[gpu-debug] segment avg latency (cuda_events): 0.496 ms
[gpu-debug] sum(per-op)               : 0.682 ms (ratio=1.373)
[gpu-debug] NOTE: sum(per-op) may differ from segment latency due to Python overhead, event/launch overhead, and allocator/cache effects.
[gpu-debug] cuda mem before warmup: alloc=400.16 MiB reserved=414.00 MiB
[gpu-debug] cuda mem after warmup : alloc=400.16 MiB reserved=414.00 MiB
[gpu-debug] cuda mem peak (this segment): max_alloc=400.18 MiB max_reserved=414.00 MiB
========================================================================================
[gpu-debug] segment_key=npu|decode|8|f47f2b13c8c0ddb8e4ddc9de5ce41aad
[gpu-debug] sig: device_type=npu phase=decode step=8 (count_hint=32)
[gpu-debug] ops_repr: LN:-1,Q:0,K:0,V:0,Q:1,K:1,V:1,O:0,O:1,Add:-1,LN:-1,FFN_W1:0,FFN_W3:0,FFN_W1:1,FFN_W3:1,SwiGLU:0,SwiGLU:1,FFN_W2:0,FFN_W2:1,Add:-1
[gpu-debug] cfg: device=cuda dtype=torch.bfloat16 batch=1 dim=4096 ffn_dim=11008 n_heads=32 shards=2
[gpu-debug] op plan (with inferred tensor shapes):
  - op#00  op=LN       shard=-1  x=[1x1x4096] + w=[4096]  ->  y=[1x1x4096]  (T=1, K=1472)
  - op#01  op=Q        shard=0   x=[1x1x4096] + w=[2048x4096]  ->  y=[1x1x2048]  (T=1, K=1472)
  - op#02  op=K        shard=0   x=[1x1x4096] + w=[2048x4096]  ->  y=[1x1x2048]  (T=1, K=1472)
  - op#03  op=V        shard=0   x=[1x1x4096] + w=[2048x4096]  ->  y=[1x1x2048]  (T=1, K=1472)
  - op#04  op=Q        shard=1   x=[1x1x4096] + w=[2048x4096]  ->  y=[1x1x2048]  (T=1, K=1472)
  - op#05  op=K        shard=1   x=[1x1x4096] + w=[2048x4096]  ->  y=[1x1x2048]  (T=1, K=1472)
  - op#06  op=V        shard=1   x=[1x1x4096] + w=[2048x4096]  ->  y=[1x1x2048]  (T=1, K=1472)
  - op#07  op=O        shard=0   x=[1x1x2048] + w=[4096x2048]  ->  y=[1x1x4096]  (T=1, K=1472)
  - op#08  op=O        shard=1   x=[1x1x2048] + w=[4096x2048]  ->  y=[1x1x4096]  (T=1, K=1472)
  - op#09  op=Add      shard=-1  a=[1x1x4096] + b=[1x1x4096]  ->  y=[1x1x4096]  (T=1, K=1472)
  - op#10  op=LN       shard=-1  x=[1x1x4096] + w=[4096]  ->  y=[1x1x4096]  (T=1, K=1472)
  - op#11  op=FFN_W1   shard=0   x=[1x1x4096] + w=[5504x4096]  ->  y=[1x1x5504]  (T=1, K=1472)
  - op#12  op=FFN_W3   shard=0   x=[1x1x4096] + w=[5504x4096]  ->  y=[1x1x5504]  (T=1, K=1472)
  - op#13  op=FFN_W1   shard=1   x=[1x1x4096] + w=[5504x4096]  ->  y=[1x1x5504]  (T=1, K=1472)
  - op#14  op=FFN_W3   shard=1   x=[1x1x4096] + w=[5504x4096]  ->  y=[1x1x5504]  (T=1, K=1472)
  - op#15  op=SwiGLU   shard=0   a=[1x1x5504] + b=[1x1x5504]  ->  y=[1x1x5504]  (T=1, K=1472)
  - op#16  op=SwiGLU   shard=1   a=[1x1x5504] + b=[1x1x5504]  ->  y=[1x1x5504]  (T=1, K=1472)
  - op#17  op=FFN_W2   shard=0   x=[1x1x5504] + w=[4096x5504]  ->  y=[1x1x4096]  (T=1, K=1472)
  - op#18  op=FFN_W2   shard=1   x=[1x1x5504] + w=[4096x5504]  ->  y=[1x1x4096]  (T=1, K=1472)
  - op#19  op=Add      shard=-1  a=[1x1x4096] + b=[1x1x4096]  ->  y=[1x1x4096]  (T=1, K=1472)
[gpu-debug] per-op timing breakdown (avg over iters):
  idx  op       sh  io                                                    time   est_flops    TFLOPs       bytes      GB/s
  ------------------------------------------------------------------------------------------------------------------------
    0  LN       -1  x[1x1x4096]+w[4096]->y[1x1x4096]                    0.067ms    20.480 K      0.00   24.00 KiB      0.37
    1  Q         0  x[1x1x4096]+w[2048x4096]->y[1x1x2048]               0.043ms    16.777 M      0.39   16.01 MiB    387.61
    2  K         0  x[1x1x4096]+w[2048x4096]->y[1x1x2048]               0.030ms    16.777 M      0.55   16.01 MiB    552.05
    3  V         0  x[1x1x4096]+w[2048x4096]->y[1x1x2048]               0.028ms    16.777 M      0.61   16.01 MiB    609.52
    4  Q         1  x[1x1x4096]+w[2048x4096]->y[1x1x2048]               0.027ms    16.777 M      0.61   16.01 MiB    614.08
    5  K         1  x[1x1x4096]+w[2048x4096]->y[1x1x2048]               0.028ms    16.777 M      0.60   16.01 MiB    605.02
    6  V         1  x[1x1x4096]+w[2048x4096]->y[1x1x2048]               0.028ms    16.777 M      0.60   16.01 MiB    600.59
    7  O         0  x[1x1x2048]+w[4096x2048]->y[1x1x4096]               0.024ms    16.777 M      0.69   16.01 MiB    691.81
    8  O         1  x[1x1x2048]+w[4096x2048]->y[1x1x4096]               0.027ms    16.777 M      0.62   16.01 MiB    616.39
    9  Add      -1  a[1x1x4096]+b[1x1x4096]->y[1x1x4096]                0.012ms     4.096 K      0.00   24.00 KiB      2.07
   10  LN       -1  x[1x1x4096]+w[4096]->y[1x1x4096]                    0.063ms    20.480 K      0.00   24.00 KiB      0.39
   11  FFN_W1    0  x[1x1x4096]+w[5504x4096]->y[1x1x5504]               0.058ms    45.089 M      0.77   43.02 MiB    772.82
   12  FFN_W3    0  x[1x1x4096]+w[5504x4096]->y[1x1x5504]               0.044ms    45.089 M      1.03   43.02 MiB   1029.22
   13  FFN_W1    1  x[1x1x4096]+w[5504x4096]->y[1x1x5504]               0.043ms    45.089 M      1.05   43.02 MiB   1053.85
   14  FFN_W3    1  x[1x1x4096]+w[5504x4096]->y[1x1x5504]               0.042ms    45.089 M      1.07   43.02 MiB   1071.79
   15  SwiGLU    0  a[1x1x5504]+b[1x1x5504]->y[1x1x5504]                0.012ms    33.024 K      0.00   32.25 KiB      2.73
   16  SwiGLU    1  a[1x1x5504]+b[1x1x5504]->y[1x1x5504]                0.011ms    33.024 K      0.00   32.25 KiB      3.10
   17  FFN_W2    0  x[1x1x5504]+w[4096x5504]->y[1x1x4096]               0.044ms    45.089 M      1.02   43.02 MiB   1017.34
   18  FFN_W2    1  x[1x1x5504]+w[4096x5504]->y[1x1x4096]               0.045ms    45.089 M      0.99   43.02 MiB    994.37
   19  Add      -1  a[1x1x4096]+b[1x1x4096]->y[1x1x4096]                0.007ms     4.096 K      0.00   24.00 KiB      3.53
[gpu-debug] segment avg latency (cuda_events): 0.498 ms
[gpu-debug] sum(per-op)               : 0.684 ms (ratio=1.373)
[gpu-debug] NOTE: sum(per-op) may differ from segment latency due to Python overhead, event/launch overhead, and allocator/cache effects.
[gpu-debug] cuda mem before warmup: alloc=400.16 MiB reserved=414.00 MiB
[gpu-debug] cuda mem after warmup : alloc=400.16 MiB reserved=414.00 MiB
[gpu-debug] cuda mem peak (this segment): max_alloc=400.18 MiB max_reserved=414.00 MiB
========================================================================================
[gpu-debug] segment_key=npu|decode|9|f47f2b13c8c0ddb8e4ddc9de5ce41aad
[gpu-debug] sig: device_type=npu phase=decode step=9 (count_hint=32)
[gpu-debug] ops_repr: LN:-1,Q:0,K:0,V:0,Q:1,K:1,V:1,O:0,O:1,Add:-1,LN:-1,FFN_W1:0,FFN_W3:0,FFN_W1:1,FFN_W3:1,SwiGLU:0,SwiGLU:1,FFN_W2:0,FFN_W2:1,Add:-1
[gpu-debug] cfg: device=cuda dtype=torch.bfloat16 batch=1 dim=4096 ffn_dim=11008 n_heads=32 shards=2
[gpu-debug] op plan (with inferred tensor shapes):
  - op#00  op=LN       shard=-1  x=[1x1x4096] + w=[4096]  ->  y=[1x1x4096]  (T=1, K=1536)
  - op#01  op=Q        shard=0   x=[1x1x4096] + w=[2048x4096]  ->  y=[1x1x2048]  (T=1, K=1536)
  - op#02  op=K        shard=0   x=[1x1x4096] + w=[2048x4096]  ->  y=[1x1x2048]  (T=1, K=1536)
  - op#03  op=V        shard=0   x=[1x1x4096] + w=[2048x4096]  ->  y=[1x1x2048]  (T=1, K=1536)
  - op#04  op=Q        shard=1   x=[1x1x4096] + w=[2048x4096]  ->  y=[1x1x2048]  (T=1, K=1536)
  - op#05  op=K        shard=1   x=[1x1x4096] + w=[2048x4096]  ->  y=[1x1x2048]  (T=1, K=1536)
  - op#06  op=V        shard=1   x=[1x1x4096] + w=[2048x4096]  ->  y=[1x1x2048]  (T=1, K=1536)
  - op#07  op=O        shard=0   x=[1x1x2048] + w=[4096x2048]  ->  y=[1x1x4096]  (T=1, K=1536)
  - op#08  op=O        shard=1   x=[1x1x2048] + w=[4096x2048]  ->  y=[1x1x4096]  (T=1, K=1536)
  - op#09  op=Add      shard=-1  a=[1x1x4096] + b=[1x1x4096]  ->  y=[1x1x4096]  (T=1, K=1536)
  - op#10  op=LN       shard=-1  x=[1x1x4096] + w=[4096]  ->  y=[1x1x4096]  (T=1, K=1536)
  - op#11  op=FFN_W1   shard=0   x=[1x1x4096] + w=[5504x4096]  ->  y=[1x1x5504]  (T=1, K=1536)
  - op#12  op=FFN_W3   shard=0   x=[1x1x4096] + w=[5504x4096]  ->  y=[1x1x5504]  (T=1, K=1536)
  - op#13  op=FFN_W1   shard=1   x=[1x1x4096] + w=[5504x4096]  ->  y=[1x1x5504]  (T=1, K=1536)
  - op#14  op=FFN_W3   shard=1   x=[1x1x4096] + w=[5504x4096]  ->  y=[1x1x5504]  (T=1, K=1536)
  - op#15  op=SwiGLU   shard=0   a=[1x1x5504] + b=[1x1x5504]  ->  y=[1x1x5504]  (T=1, K=1536)
  - op#16  op=SwiGLU   shard=1   a=[1x1x5504] + b=[1x1x5504]  ->  y=[1x1x5504]  (T=1, K=1536)
  - op#17  op=FFN_W2   shard=0   x=[1x1x5504] + w=[4096x5504]  ->  y=[1x1x4096]  (T=1, K=1536)
  - op#18  op=FFN_W2   shard=1   x=[1x1x5504] + w=[4096x5504]  ->  y=[1x1x4096]  (T=1, K=1536)
  - op#19  op=Add      shard=-1  a=[1x1x4096] + b=[1x1x4096]  ->  y=[1x1x4096]  (T=1, K=1536)
[gpu-debug] per-op timing breakdown (avg over iters):
  idx  op       sh  io                                                    time   est_flops    TFLOPs       bytes      GB/s
  ------------------------------------------------------------------------------------------------------------------------
    0  LN       -1  x[1x1x4096]+w[4096]->y[1x1x4096]                    0.066ms    20.480 K      0.00   24.00 KiB      0.37
    1  Q         0  x[1x1x4096]+w[2048x4096]->y[1x1x2048]               0.044ms    16.777 M      0.38   16.01 MiB    383.98
    2  K         0  x[1x1x4096]+w[2048x4096]->y[1x1x2048]               0.030ms    16.777 M      0.56   16.01 MiB    555.80
    3  V         0  x[1x1x4096]+w[2048x4096]->y[1x1x2048]               0.027ms    16.777 M      0.61   16.01 MiB    614.08
    4  Q         1  x[1x1x4096]+w[2048x4096]->y[1x1x2048]               0.028ms    16.777 M      0.61   16.01 MiB    607.26
    5  K         1  x[1x1x4096]+w[2048x4096]->y[1x1x2048]               0.027ms    16.777 M      0.62   16.01 MiB    616.39
    6  V         1  x[1x1x4096]+w[2048x4096]->y[1x1x2048]               0.028ms    16.777 M      0.61   16.01 MiB    607.26
    7  O         0  x[1x1x2048]+w[4096x2048]->y[1x1x4096]               0.025ms    16.777 M      0.66   16.01 MiB    661.13
    8  O         1  x[1x1x2048]+w[4096x2048]->y[1x1x4096]               0.027ms    16.777 M      0.62   16.01 MiB    618.72
    9  Add      -1  a[1x1x4096]+b[1x1x4096]->y[1x1x4096]                0.012ms     4.096 K      0.00   24.00 KiB      2.03
   10  LN       -1  x[1x1x4096]+w[4096]->y[1x1x4096]                    0.062ms    20.480 K      0.00   24.00 KiB      0.40
   11  FFN_W1    0  x[1x1x4096]+w[5504x4096]->y[1x1x5504]               0.059ms    45.089 M      0.77   43.02 MiB    770.12
   12  FFN_W3    0  x[1x1x4096]+w[5504x4096]->y[1x1x5504]               0.044ms    45.089 M      1.03   43.02 MiB   1034.06
   13  FFN_W1    1  x[1x1x4096]+w[5504x4096]->y[1x1x5504]               0.043ms    45.089 M      1.05   43.02 MiB   1046.34
   14  FFN_W3    1  x[1x1x4096]+w[5504x4096]->y[1x1x5504]               0.042ms    45.089 M      1.07   43.02 MiB   1069.19
   15  SwiGLU    0  a[1x1x5504]+b[1x1x5504]->y[1x1x5504]                0.012ms    33.024 K      0.00   32.25 KiB      2.73
   16  SwiGLU    1  a[1x1x5504]+b[1x1x5504]->y[1x1x5504]                0.011ms    33.024 K      0.00   32.25 KiB      3.10
   17  FFN_W2    0  x[1x1x5504]+w[4096x5504]->y[1x1x4096]               0.044ms    45.089 M      1.01   43.02 MiB   1014.99
   18  FFN_W2    1  x[1x1x5504]+w[4096x5504]->y[1x1x4096]               0.045ms    45.089 M      0.99   43.02 MiB    994.37
   19  Add      -1  a[1x1x4096]+b[1x1x4096]->y[1x1x4096]                0.007ms     4.096 K      0.00   24.00 KiB      3.58
[gpu-debug] segment avg latency (cuda_events): 0.498 ms
[gpu-debug] sum(per-op)               : 0.684 ms (ratio=1.372)
[gpu-debug] NOTE: sum(per-op) may differ from segment latency due to Python overhead, event/launch overhead, and allocator/cache effects.
[gpu-debug] cuda mem before warmup: alloc=400.16 MiB reserved=414.00 MiB
[gpu-debug] cuda mem after warmup : alloc=400.16 MiB reserved=414.00 MiB
[gpu-debug] cuda mem peak (this segment): max_alloc=400.18 MiB max_reserved=414.00 MiB
========================================================================================
[gpu-debug] segment_key=npu|prefill|-1|7f370cc7d97df3530a56c775d62964d4
[gpu-debug] sig: device_type=npu phase=prefill step=-1 (count_hint=32)
[gpu-debug] ops_repr: LN:-1,Q:0,K:0,V:0,Q:1,K:1,V:1,QK:0,QK:1,Softmax:0,Softmax:1,SV:0,SV:1,O:0,O:1,Add:-1,LN:-1,FFN_W1:0,FFN_W3:0,FFN_W1:1,FFN_W3:1,SwiGLU:0,SwiGLU:1,FFN_W2:0,FFN_W2:1,Add:-1
[gpu-debug] cfg: device=cuda dtype=torch.bfloat16 batch=1 dim=4096 ffn_dim=11008 n_heads=32 shards=2
[gpu-debug] op plan (with inferred tensor shapes):
  - op#00  op=LN       shard=-1  x=[1x1024x4096] + w=[4096]  ->  y=[1x1024x4096]  (T=1024, K=1024)
  - op#01  op=Q        shard=0   x=[1x1024x4096] + w=[2048x4096]  ->  y=[1x1024x2048]  (T=1024, K=1024)
  - op#02  op=K        shard=0   x=[1x1024x4096] + w=[2048x4096]  ->  y=[1x1024x2048]  (T=1024, K=1024)
  - op#03  op=V        shard=0   x=[1x1024x4096] + w=[2048x4096]  ->  y=[1x1024x2048]  (T=1024, K=1024)
  - op#04  op=Q        shard=1   x=[1x1024x4096] + w=[2048x4096]  ->  y=[1x1024x2048]  (T=1024, K=1024)
  - op#05  op=K        shard=1   x=[1x1024x4096] + w=[2048x4096]  ->  y=[1x1024x2048]  (T=1024, K=1024)
  - op#06  op=V        shard=1   x=[1x1024x4096] + w=[2048x4096]  ->  y=[1x1024x2048]  (T=1024, K=1024)
  - op#07  op=QK       shard=0   q=[1x16x1024x128] + k=[1x16x128x1024]  ->  y=[1x16x1024x1024]  (T=1024, K=1024)
  - op#08  op=QK       shard=1   q=[1x16x1024x128] + k=[1x16x128x1024]  ->  y=[1x16x1024x1024]  (T=1024, K=1024)
  - op#09  op=Softmax  shard=0   scores=[1x16x1024x1024]  ->  y=[1x16x1024x1024]  (T=1024, K=1024)
  - op#10  op=Softmax  shard=1   scores=[1x16x1024x1024]  ->  y=[1x16x1024x1024]  (T=1024, K=1024)
  - op#11  op=SV       shard=0   p=[1x16x1024x1024] + v=[1x16x1024x128]  ->  y=[1x16x1024x128]  (T=1024, K=1024)
  - op#12  op=SV       shard=1   p=[1x16x1024x1024] + v=[1x16x1024x128]  ->  y=[1x16x1024x128]  (T=1024, K=1024)
  - op#13  op=O        shard=0   x=[1x1024x2048] + w=[4096x2048]  ->  y=[1x1024x4096]  (T=1024, K=1024)
  - op#14  op=O        shard=1   x=[1x1024x2048] + w=[4096x2048]  ->  y=[1x1024x4096]  (T=1024, K=1024)
  - op#15  op=Add      shard=-1  a=[1x1024x4096] + b=[1x1024x4096]  ->  y=[1x1024x4096]  (T=1024, K=1024)
  - op#16  op=LN       shard=-1  x=[1x1024x4096] + w=[4096]  ->  y=[1x1024x4096]  (T=1024, K=1024)
  - op#17  op=FFN_W1   shard=0   x=[1x1024x4096] + w=[5504x4096]  ->  y=[1x1024x5504]  (T=1024, K=1024)
  - op#18  op=FFN_W3   shard=0   x=[1x1024x4096] + w=[5504x4096]  ->  y=[1x1024x5504]  (T=1024, K=1024)
  - op#19  op=FFN_W1   shard=1   x=[1x1024x4096] + w=[5504x4096]  ->  y=[1x1024x5504]  (T=1024, K=1024)
  - op#20  op=FFN_W3   shard=1   x=[1x1024x4096] + w=[5504x4096]  ->  y=[1x1024x5504]  (T=1024, K=1024)
  - op#21  op=SwiGLU   shard=0   a=[1x1024x5504] + b=[1x1024x5504]  ->  y=[1x1024x5504]  (T=1024, K=1024)
  - op#22  op=SwiGLU   shard=1   a=[1x1024x5504] + b=[1x1024x5504]  ->  y=[1x1024x5504]  (T=1024, K=1024)
  - op#23  op=FFN_W2   shard=0   x=[1x1024x5504] + w=[4096x5504]  ->  y=[1x1024x4096]  (T=1024, K=1024)
  - op#24  op=FFN_W2   shard=1   x=[1x1024x5504] + w=[4096x5504]  ->  y=[1x1024x4096]  (T=1024, K=1024)
  - op#25  op=Add      shard=-1  a=[1x1024x4096] + b=[1x1024x4096]  ->  y=[1x1024x4096]  (T=1024, K=1024)
[gpu-debug] per-op timing breakdown (avg over iters):
  idx  op       sh  io                                                    time   est_flops    TFLOPs       bytes      GB/s
  ------------------------------------------------------------------------------------------------------------------------
    0  LN       -1  x[1x1024x4096]+w[4096]->y[1x1024x4096]              0.087ms    20.972 M      0.24   16.01 MiB    192.62
    1  Q         0  x[1x1024x4096]+w[2048x4096]->y[1x1024x2048]         0.110ms    17.180 G    156.50   28.00 MiB    267.46
    2  K         0  x[1x1024x4096]+w[2048x4096]->y[1x1024x2048]         0.101ms    17.180 G    169.81   28.00 MiB    290.20
    3  V         0  x[1x1024x4096]+w[2048x4096]->y[1x1024x2048]         0.102ms    17.180 G    168.11   28.00 MiB    287.29
    4  Q         1  x[1x1024x4096]+w[2048x4096]->y[1x1024x2048]         0.101ms    17.180 G    169.47   28.00 MiB    289.62
    5  K         1  x[1x1024x4096]+w[2048x4096]->y[1x1024x2048]         0.101ms    17.180 G    169.98   28.00 MiB    290.50
    6  V         1  x[1x1024x4096]+w[2048x4096]->y[1x1024x2048]         0.101ms    17.180 G    170.33   28.00 MiB    291.09
    7  QK        0  q[1x16x1024x128]+k[1x16x128x1024]->y[1x16x1...      0.108ms     4.295 G     39.61   40.00 MiB    386.78
    8  QK        1  q[1x16x1024x128]+k[1x16x128x1024]->y[1x16x1...      0.111ms     4.295 G     38.73   40.00 MiB    378.21
    9  Softmax   0  scores[1x16x1024x1024]->y[1x16x1024x1024]           0.073ms    83.886 M      1.15   64.00 MiB    920.45
   10  Softmax   1  scores[1x16x1024x1024]->y[1x16x1024x1024]           0.070ms    83.886 M      1.20   64.00 MiB    960.94
   11  SV        0  p[1x16x1024x1024]+v[1x16x1024x128]->y[1x16x...      0.058ms     4.295 G     73.84   40.00 MiB    721.13
   12  SV        1  p[1x16x1024x1024]+v[1x16x1024x128]->y[1x16x...      0.052ms     4.295 G     83.22   40.00 MiB    812.70
   13  O         0  x[1x1024x2048]+w[4096x2048]->y[1x1024x4096]         0.123ms    17.180 G    139.23   28.00 MiB    237.94
   14  O         1  x[1x1024x2048]+w[4096x2048]->y[1x1024x4096]         0.123ms    17.180 G    140.04   28.00 MiB    239.33
   15  Add      -1  a[1x1024x4096]+b[1x1024x4096]->y[1x1024x4096]       0.013ms     4.194 M      0.33   24.00 MiB   1950.48
   16  LN       -1  x[1x1024x4096]+w[4096]->y[1x1024x4096]              0.069ms    20.972 M      0.30   16.01 MiB    242.84
   17  FFN_W1    0  x[1x1024x4096]+w[5504x4096]->y[1x1024x5504]         0.228ms    46.171 G    202.46   61.75 MiB    283.93
   18  FFN_W3    0  x[1x1024x4096]+w[5504x4096]->y[1x1024x5504]         0.227ms    46.171 G    203.10   61.75 MiB    284.83
   19  FFN_W1    1  x[1x1024x4096]+w[5504x4096]->y[1x1024x5504]         0.228ms    46.171 G    202.74   61.75 MiB    284.32
   20  FFN_W3    1  x[1x1024x4096]+w[5504x4096]->y[1x1024x5504]         0.228ms    46.171 G    202.19   61.75 MiB    283.55
   21  SwiGLU    0  a[1x1024x5504]+b[1x1024x5504]->y[1x1024x5504]       0.031ms    33.817 M      1.09   32.25 MiB   1089.90
   22  SwiGLU    1  a[1x1024x5504]+b[1x1024x5504]->y[1x1024x5504]       0.033ms    33.817 M      1.04   32.25 MiB   1035.24
   23  FFN_W2    0  x[1x1024x5504]+w[4096x5504]->y[1x1024x4096]         0.298ms    46.171 G    155.10   61.75 MiB    217.52
   24  FFN_W2    1  x[1x1024x5504]+w[4096x5504]->y[1x1024x4096]         0.298ms    46.171 G    155.10   61.75 MiB    217.52
   25  Add      -1  a[1x1024x4096]+b[1x1024x4096]->y[1x1024x4096]       0.014ms     4.194 M      0.29   24.00 MiB   1742.98
[gpu-debug] segment avg latency (cuda_events): 3.417 ms
[gpu-debug] sum(per-op)               : 3.088 ms (ratio=0.904)
[gpu-debug] NOTE: sum(per-op) may differ from segment latency due to Python overhead, event/launch overhead, and allocator/cache effects.
[gpu-debug] cuda mem before warmup: alloc=400.16 MiB reserved=414.00 MiB
[gpu-debug] cuda mem after warmup : alloc=462.91 MiB reserved=574.00 MiB
[gpu-debug] cuda mem peak (this segment): max_alloc=526.91 MiB max_reserved=574.00 MiB
  progress 18/18
[run-gpu] wrote /lustre/home/2501111916/workspace/XPUPIM_0226_gpupim_parameter/TriForm/verify/hw_hardware_1gpu_2aim/st64/llama_7b_bf16_b4_s64/attacc_1024x1024.gpu_results.json
[slurm] wrote OK_FILE=/lustre/home/2501111916/workspace/XPUPIM_0226_gpupim_parameter/TriForm/verify/hw_hardware_1gpu_2aim/st64/llama_7b_bf16_b4_s64/attacc_1024x1024.gpu.ok
