AiM EWMUL 8 0xffffffff 36
R MEM 0 2 36
R MEM 0 6 36
R MEM 1 2 36
R MEM 1 6 36
R MEM 2 2 36
R MEM 2 6 36
R MEM 3 2 36
R MEM 3 6 36
R MEM 4 2 36
R MEM 4 6 36
R MEM 5 2 36
R MEM 5 6 36
R MEM 0 2 36
R MEM 0 6 36
R MEM 1 2 36
R MEM 1 6 36
R MEM 2 2 36
R MEM 2 6 36
R MEM 3 2 36
R MEM 3 6 36
R MEM 4 2 36
R MEM 4 6 36
R MEM 5 2 36
R MEM 5 6 36
R MEM 0 2 36
R MEM 0 6 36
R MEM 1 2 36
R MEM 1 6 36
R MEM 2 2 36
R MEM 2 6 36
R MEM 3 2 36
R MEM 3 6 36
R MEM 4 2 36
R MEM 4 6 36
R MEM 5 2 36
R MEM 5 6 36
R MEM 0 2 36
R MEM 0 6 36
R MEM 1 2 36
R MEM 1 6 36
R MEM 2 2 36
R MEM 2 6 36
R MEM 3 2 36
R MEM 3 6 36
R MEM 4 2 36
R MEM 4 6 36
R MEM 5 2 36
R MEM 5 6 36
R MEM 0 2 36
R MEM 0 6 36
R MEM 1 2 36
R MEM 1 6 36
R MEM 2 2 36
R MEM 2 6 36
R MEM 3 2 36
R MEM 3 6 36
R MEM 4 2 36
R MEM 4 6 36
R MEM 5 2 36
R MEM 5 6 36
R MEM 0 2 36
R MEM 0 6 36
R MEM 1 2 36
R MEM 1 6 36
R MEM 2 2 36
R MEM 2 6 36
R MEM 3 2 36
R MEM 3 6 36
R MEM 4 2 36
R MEM 4 6 36
R MEM 5 2 36
R MEM 5 6 36
R MEM 0 2 36
R MEM 0 6 36
R MEM 1 2 36
R MEM 1 6 36
R MEM 2 2 36
R MEM 2 6 36
R MEM 3 2 36
R MEM 3 6 36
R MEM 4 2 36
R MEM 4 6 36
R MEM 5 2 36
R MEM 5 6 36
R MEM 0 2 36
R MEM 0 6 36
R MEM 1 2 36
R MEM 1 6 36
R MEM 2 2 36
R MEM 2 6 36
R MEM 3 2 36
R MEM 3 6 36
R MEM 4 2 36
R MEM 4 6 36
R MEM 5 2 36
R MEM 5 6 36
W MEM 0 0 36
W MEM 0 4 36
W MEM 1 0 36
W MEM 1 4 36
W MEM 2 0 36
W MEM 2 4 36
W MEM 3 0 36
W MEM 3 4 36
W MEM 4 0 36
W MEM 4 4 36
W MEM 5 0 36
W MEM 5 4 36
W MEM 0 0 36
W MEM 0 4 36
W MEM 1 0 36
W MEM 1 4 36
W MEM 2 0 36
W MEM 2 4 36
W MEM 3 0 36
W MEM 3 4 36
W MEM 4 0 36
W MEM 4 4 36
W MEM 5 0 36
W MEM 5 4 36
W MEM 0 0 36
W MEM 0 4 36
W MEM 1 0 36
W MEM 1 4 36
W MEM 2 0 36
W MEM 2 4 36
W MEM 3 0 36
W MEM 3 4 36
W MEM 4 0 36
W MEM 4 4 36
W MEM 5 0 36
W MEM 5 4 36
W MEM 0 0 36
W MEM 0 4 36
W MEM 1 0 36
W MEM 1 4 36
W MEM 2 0 36
W MEM 2 4 36
W MEM 3 0 36
W MEM 3 4 36
W MEM 4 0 36
W MEM 4 4 36
W MEM 5 0 36
W MEM 5 4 36
W MEM 0 0 36
W MEM 0 4 36
W MEM 1 0 36
W MEM 1 4 36
W MEM 2 0 36
W MEM 2 4 36
W MEM 3 0 36
W MEM 3 4 36
W MEM 4 0 36
W MEM 4 4 36
W MEM 5 0 36
W MEM 5 4 36
W MEM 0 0 36
W MEM 0 4 36
W MEM 1 0 36
W MEM 1 4 36
W MEM 2 0 36
W MEM 2 4 36
W MEM 3 0 36
W MEM 3 4 36
W MEM 4 0 36
W MEM 4 4 36
W MEM 5 0 36
W MEM 5 4 36
W MEM 0 0 36
W MEM 0 4 36
W MEM 1 0 36
W MEM 1 4 36
W MEM 2 0 36
W MEM 2 4 36
W MEM 3 0 36
W MEM 3 4 36
W MEM 4 0 36
W MEM 4 4 36
W MEM 5 0 36
W MEM 5 4 36
W MEM 0 0 36
W MEM 0 4 36
W MEM 1 0 36
W MEM 1 4 36
W MEM 2 0 36
W MEM 2 4 36
W MEM 3 0 36
W MEM 3 4 36
W MEM 4 0 36
W MEM 4 4 36
W MEM 5 0 36
W MEM 5 4 36
AiM EWMUL 8 0xffffffff 36
R MEM 0 2 36
R MEM 0 6 36
R MEM 1 2 36
R MEM 1 6 36
R MEM 2 2 36
R MEM 2 6 36
R MEM 3 2 36
R MEM 3 6 36
R MEM 4 2 36
R MEM 4 6 36
R MEM 5 2 36
R MEM 5 6 36
R MEM 0 2 36
R MEM 0 6 36
R MEM 1 2 36
R MEM 1 6 36
R MEM 2 2 36
R MEM 2 6 36
R MEM 3 2 36
R MEM 3 6 36
R MEM 4 2 36
R MEM 4 6 36
R MEM 5 2 36
R MEM 5 6 36
R MEM 0 2 36
R MEM 0 6 36
R MEM 1 2 36
R MEM 1 6 36
R MEM 2 2 36
R MEM 2 6 36
R MEM 3 2 36
R MEM 3 6 36
R MEM 4 2 36
R MEM 4 6 36
R MEM 5 2 36
R MEM 5 6 36
R MEM 0 2 36
R MEM 0 6 36
R MEM 1 2 36
R MEM 1 6 36
R MEM 2 2 36
R MEM 2 6 36
R MEM 3 2 36
R MEM 3 6 36
R MEM 4 2 36
R MEM 4 6 36
R MEM 5 2 36
R MEM 5 6 36
R MEM 0 2 36
R MEM 0 6 36
R MEM 1 2 36
R MEM 1 6 36
R MEM 2 2 36
R MEM 2 6 36
R MEM 3 2 36
R MEM 3 6 36
R MEM 4 2 36
R MEM 4 6 36
R MEM 5 2 36
R MEM 5 6 36
R MEM 0 2 36
R MEM 0 6 36
R MEM 1 2 36
R MEM 1 6 36
R MEM 2 2 36
R MEM 2 6 36
R MEM 3 2 36
R MEM 3 6 36
R MEM 4 2 36
R MEM 4 6 36
R MEM 5 2 36
R MEM 5 6 36
R MEM 0 2 36
R MEM 0 6 36
R MEM 1 2 36
R MEM 1 6 36
R MEM 2 2 36
R MEM 2 6 36
R MEM 3 2 36
R MEM 3 6 36
R MEM 4 2 36
R MEM 4 6 36
R MEM 5 2 36
R MEM 5 6 36
R MEM 0 2 36
R MEM 0 6 36
R MEM 1 2 36
R MEM 1 6 36
R MEM 2 2 36
R MEM 2 6 36
R MEM 3 2 36
R MEM 3 6 36
R MEM 4 2 36
R MEM 4 6 36
R MEM 5 2 36
R MEM 5 6 36
AiM EWMUL 16 0xffffffff 36
R MEM 0 2 36
R MEM 0 6 36
R MEM 1 2 36
R MEM 1 6 36
R MEM 2 2 36
R MEM 2 6 36
R MEM 3 2 36
R MEM 3 6 36
R MEM 4 2 36
R MEM 4 6 36
R MEM 5 2 36
R MEM 5 6 36
R MEM 0 2 36
R MEM 0 6 36
R MEM 1 2 36
R MEM 1 6 36
R MEM 2 2 36
R MEM 2 6 36
R MEM 3 2 36
R MEM 3 6 36
R MEM 4 2 36
R MEM 4 6 36
R MEM 5 2 36
R MEM 5 6 36
R MEM 0 2 36
R MEM 0 6 36
R MEM 1 2 36
R MEM 1 6 36
R MEM 2 2 36
R MEM 2 6 36
R MEM 3 2 36
R MEM 3 6 36
R MEM 4 2 36
R MEM 4 6 36
R MEM 5 2 36
R MEM 5 6 36
R MEM 0 2 36
R MEM 0 6 36
R MEM 1 2 36
R MEM 1 6 36
R MEM 2 2 36
R MEM 2 6 36
R MEM 3 2 36
R MEM 3 6 36
R MEM 4 2 36
R MEM 4 6 36
R MEM 5 2 36
R MEM 5 6 36
R MEM 0 2 36
R MEM 0 6 36
R MEM 1 2 36
R MEM 1 6 36
R MEM 2 2 36
R MEM 2 6 36
R MEM 3 2 36
R MEM 3 6 36
R MEM 4 2 36
R MEM 4 6 36
R MEM 5 2 36
R MEM 5 6 36
R MEM 0 2 36
R MEM 0 6 36
R MEM 1 2 36
R MEM 1 6 36
R MEM 2 2 36
R MEM 2 6 36
R MEM 3 2 36
R MEM 3 6 36
R MEM 4 2 36
R MEM 4 6 36
R MEM 5 2 36
R MEM 5 6 36
R MEM 0 2 36
R MEM 0 6 36
R MEM 1 2 36
R MEM 1 6 36
R MEM 2 2 36
R MEM 2 6 36
R MEM 3 2 36
R MEM 3 6 36
R MEM 4 2 36
R MEM 4 6 36
R MEM 5 2 36
R MEM 5 6 36
R MEM 0 2 36
R MEM 0 6 36
R MEM 1 2 36
R MEM 1 6 36
R MEM 2 2 36
R MEM 2 6 36
R MEM 3 2 36
R MEM 3 6 36
R MEM 4 2 36
R MEM 4 6 36
R MEM 5 2 36
R MEM 5 6 36
R MEM 0 2 36
R MEM 0 6 36
R MEM 1 2 36
R MEM 1 6 36
R MEM 2 2 36
R MEM 2 6 36
R MEM 3 2 36
R MEM 3 6 36
R MEM 4 2 36
R MEM 4 6 36
R MEM 5 2 36
R MEM 5 6 36
R MEM 0 2 36
R MEM 0 6 36
R MEM 1 2 36
R MEM 1 6 36
R MEM 2 2 36
R MEM 2 6 36
R MEM 3 2 36
R MEM 3 6 36
R MEM 4 2 36
R MEM 4 6 36
R MEM 5 2 36
R MEM 5 6 36
R MEM 0 2 36
R MEM 0 6 36
R MEM 1 2 36
R MEM 1 6 36
R MEM 2 2 36
R MEM 2 6 36
R MEM 3 2 36
R MEM 3 6 36
R MEM 4 2 36
R MEM 4 6 36
R MEM 5 2 36
R MEM 5 6 36
R MEM 0 2 36
R MEM 0 6 36
R MEM 1 2 36
R MEM 1 6 36
R MEM 2 2 36
R MEM 2 6 36
R MEM 3 2 36
R MEM 3 6 36
R MEM 4 2 36
R MEM 4 6 36
R MEM 5 2 36
R MEM 5 6 36
R MEM 0 2 36
R MEM 0 6 36
R MEM 1 2 36
R MEM 1 6 36
R MEM 2 2 36
R MEM 2 6 36
R MEM 3 2 36
R MEM 3 6 36
R MEM 4 2 36
R MEM 4 6 36
R MEM 5 2 36
R MEM 5 6 36
R MEM 0 2 36
R MEM 0 6 36
R MEM 1 2 36
R MEM 1 6 36
R MEM 2 2 36
R MEM 2 6 36
R MEM 3 2 36
R MEM 3 6 36
R MEM 4 2 36
R MEM 4 6 36
R MEM 5 2 36
R MEM 5 6 36
R MEM 0 2 36
R MEM 0 6 36
R MEM 1 2 36
R MEM 1 6 36
R MEM 2 2 36
R MEM 2 6 36
R MEM 3 2 36
R MEM 3 6 36
R MEM 4 2 36
R MEM 4 6 36
R MEM 5 2 36
R MEM 5 6 36
R MEM 0 2 36
R MEM 0 6 36
R MEM 1 2 36
R MEM 1 6 36
R MEM 2 2 36
R MEM 2 6 36
R MEM 3 2 36
R MEM 3 6 36
R MEM 4 2 36
R MEM 4 6 36
R MEM 5 2 36
R MEM 5 6 36
W MEM 0 0 36
W MEM 0 4 36
W MEM 1 0 36
W MEM 1 4 36
W MEM 2 0 36
W MEM 2 4 36
W MEM 3 0 36
W MEM 3 4 36
W MEM 4 0 36
W MEM 4 4 36
W MEM 5 0 36
W MEM 5 4 36
W MEM 0 0 36
W MEM 0 4 36
W MEM 1 0 36
W MEM 1 4 36
W MEM 2 0 36
W MEM 2 4 36
W MEM 3 0 36
W MEM 3 4 36
W MEM 4 0 36
W MEM 4 4 36
W MEM 5 0 36
W MEM 5 4 36
W MEM 0 0 36
W MEM 0 4 36
W MEM 1 0 36
W MEM 1 4 36
W MEM 2 0 36
W MEM 2 4 36
W MEM 3 0 36
W MEM 3 4 36
W MEM 4 0 36
W MEM 4 4 36
W MEM 5 0 36
W MEM 5 4 36
W MEM 0 0 36
W MEM 0 4 36
W MEM 1 0 36
W MEM 1 4 36
W MEM 2 0 36
W MEM 2 4 36
W MEM 3 0 36
W MEM 3 4 36
W MEM 4 0 36
W MEM 4 4 36
W MEM 5 0 36
W MEM 5 4 36
W MEM 0 0 36
W MEM 0 4 36
W MEM 1 0 36
W MEM 1 4 36
W MEM 2 0 36
W MEM 2 4 36
W MEM 3 0 36
W MEM 3 4 36
W MEM 4 0 36
W MEM 4 4 36
W MEM 5 0 36
W MEM 5 4 36
W MEM 0 0 36
W MEM 0 4 36
W MEM 1 0 36
W MEM 1 4 36
W MEM 2 0 36
W MEM 2 4 36
W MEM 3 0 36
W MEM 3 4 36
W MEM 4 0 36
W MEM 4 4 36
W MEM 5 0 36
W MEM 5 4 36
W MEM 0 0 36
W MEM 0 4 36
W MEM 1 0 36
W MEM 1 4 36
W MEM 2 0 36
W MEM 2 4 36
W MEM 3 0 36
W MEM 3 4 36
W MEM 4 0 36
W MEM 4 4 36
W MEM 5 0 36
W MEM 5 4 36
W MEM 0 0 36
W MEM 0 4 36
W MEM 1 0 36
W MEM 1 4 36
W MEM 2 0 36
W MEM 2 4 36
W MEM 3 0 36
W MEM 3 4 36
W MEM 4 0 36
W MEM 4 4 36
W MEM 5 0 36
W MEM 5 4 36
W MEM 0 0 36
W MEM 0 4 36
W MEM 1 0 36
W MEM 1 4 36
W MEM 2 0 36
W MEM 2 4 36
W MEM 3 0 36
W MEM 3 4 36
W MEM 4 0 36
W MEM 4 4 36
W MEM 5 0 36
W MEM 5 4 36
W MEM 0 0 36
W MEM 0 4 36
W MEM 1 0 36
W MEM 1 4 36
W MEM 2 0 36
W MEM 2 4 36
W MEM 3 0 36
W MEM 3 4 36
W MEM 4 0 36
W MEM 4 4 36
W MEM 5 0 36
W MEM 5 4 36
W MEM 0 0 36
W MEM 0 4 36
W MEM 1 0 36
W MEM 1 4 36
W MEM 2 0 36
W MEM 2 4 36
W MEM 3 0 36
W MEM 3 4 36
W MEM 4 0 36
W MEM 4 4 36
W MEM 5 0 36
W MEM 5 4 36
W MEM 0 0 36
W MEM 0 4 36
W MEM 1 0 36
W MEM 1 4 36
W MEM 2 0 36
W MEM 2 4 36
W MEM 3 0 36
W MEM 3 4 36
W MEM 4 0 36
W MEM 4 4 36
W MEM 5 0 36
W MEM 5 4 36
W MEM 0 0 36
W MEM 0 4 36
W MEM 1 0 36
W MEM 1 4 36
W MEM 2 0 36
W MEM 2 4 36
W MEM 3 0 36
W MEM 3 4 36
W MEM 4 0 36
W MEM 4 4 36
W MEM 5 0 36
W MEM 5 4 36
W MEM 0 0 36
W MEM 0 4 36
W MEM 1 0 36
W MEM 1 4 36
W MEM 2 0 36
W MEM 2 4 36
W MEM 3 0 36
W MEM 3 4 36
W MEM 4 0 36
W MEM 4 4 36
W MEM 5 0 36
W MEM 5 4 36
W MEM 0 0 36
W MEM 0 4 36
W MEM 1 0 36
W MEM 1 4 36
W MEM 2 0 36
W MEM 2 4 36
W MEM 3 0 36
W MEM 3 4 36
W MEM 4 0 36
W MEM 4 4 36
W MEM 5 0 36
W MEM 5 4 36
W MEM 0 0 36
W MEM 0 4 36
W MEM 1 0 36
W MEM 1 4 36
W MEM 2 0 36
W MEM 2 4 36
W MEM 3 0 36
W MEM 3 4 36
W MEM 4 0 36
W MEM 4 4 36
W MEM 5 0 36
W MEM 5 4 36
AiM EWMUL 16 0xffffffff 36
R MEM 0 2 36
R MEM 0 6 36
R MEM 1 2 36
R MEM 1 6 36
R MEM 2 2 36
R MEM 2 6 36
R MEM 3 2 36
R MEM 3 6 36
R MEM 4 2 36
R MEM 4 6 36
R MEM 5 2 36
R MEM 5 6 36
R MEM 0 2 36
R MEM 0 6 36
R MEM 1 2 36
R MEM 1 6 36
R MEM 2 2 36
R MEM 2 6 36
R MEM 3 2 36
R MEM 3 6 36
R MEM 4 2 36
R MEM 4 6 36
R MEM 5 2 36
R MEM 5 6 36
R MEM 0 2 36
R MEM 0 6 36
R MEM 1 2 36
R MEM 1 6 36
R MEM 2 2 36
R MEM 2 6 36
R MEM 3 2 36
R MEM 3 6 36
R MEM 4 2 36
R MEM 4 6 36
R MEM 5 2 36
R MEM 5 6 36
R MEM 0 2 36
R MEM 0 6 36
R MEM 1 2 36
R MEM 1 6 36
R MEM 2 2 36
R MEM 2 6 36
R MEM 3 2 36
R MEM 3 6 36
R MEM 4 2 36
R MEM 4 6 36
R MEM 5 2 36
R MEM 5 6 36
R MEM 0 2 36
R MEM 0 6 36
R MEM 1 2 36
R MEM 1 6 36
R MEM 2 2 36
R MEM 2 6 36
R MEM 3 2 36
R MEM 3 6 36
R MEM 4 2 36
R MEM 4 6 36
R MEM 5 2 36
R MEM 5 6 36
R MEM 0 2 36
R MEM 0 6 36
R MEM 1 2 36
R MEM 1 6 36
R MEM 2 2 36
R MEM 2 6 36
R MEM 3 2 36
R MEM 3 6 36
R MEM 4 2 36
R MEM 4 6 36
R MEM 5 2 36
R MEM 5 6 36
R MEM 0 2 36
R MEM 0 6 36
R MEM 1 2 36
R MEM 1 6 36
R MEM 2 2 36
R MEM 2 6 36
R MEM 3 2 36
R MEM 3 6 36
R MEM 4 2 36
R MEM 4 6 36
R MEM 5 2 36
R MEM 5 6 36
R MEM 0 2 36
R MEM 0 6 36
R MEM 1 2 36
R MEM 1 6 36
R MEM 2 2 36
R MEM 2 6 36
R MEM 3 2 36
R MEM 3 6 36
R MEM 4 2 36
R MEM 4 6 36
R MEM 5 2 36
R MEM 5 6 36
R MEM 0 2 36
R MEM 0 6 36
R MEM 1 2 36
R MEM 1 6 36
R MEM 2 2 36
R MEM 2 6 36
R MEM 3 2 36
R MEM 3 6 36
R MEM 4 2 36
R MEM 4 6 36
R MEM 5 2 36
R MEM 5 6 36
R MEM 0 2 36
R MEM 0 6 36
R MEM 1 2 36
R MEM 1 6 36
R MEM 2 2 36
R MEM 2 6 36
R MEM 3 2 36
R MEM 3 6 36
R MEM 4 2 36
R MEM 4 6 36
R MEM 5 2 36
R MEM 5 6 36
R MEM 0 2 36
R MEM 0 6 36
R MEM 1 2 36
R MEM 1 6 36
R MEM 2 2 36
R MEM 2 6 36
R MEM 3 2 36
R MEM 3 6 36
R MEM 4 2 36
R MEM 4 6 36
R MEM 5 2 36
R MEM 5 6 36
R MEM 0 2 36
R MEM 0 6 36
R MEM 1 2 36
R MEM 1 6 36
R MEM 2 2 36
R MEM 2 6 36
R MEM 3 2 36
R MEM 3 6 36
R MEM 4 2 36
R MEM 4 6 36
R MEM 5 2 36
R MEM 5 6 36
R MEM 0 2 36
R MEM 0 6 36
R MEM 1 2 36
R MEM 1 6 36
R MEM 2 2 36
R MEM 2 6 36
R MEM 3 2 36
R MEM 3 6 36
R MEM 4 2 36
R MEM 4 6 36
R MEM 5 2 36
R MEM 5 6 36
R MEM 0 2 36
R MEM 0 6 36
R MEM 1 2 36
R MEM 1 6 36
R MEM 2 2 36
R MEM 2 6 36
R MEM 3 2 36
R MEM 3 6 36
R MEM 4 2 36
R MEM 4 6 36
R MEM 5 2 36
R MEM 5 6 36
R MEM 0 2 36
R MEM 0 6 36
R MEM 1 2 36
R MEM 1 6 36
R MEM 2 2 36
R MEM 2 6 36
R MEM 3 2 36
R MEM 3 6 36
R MEM 4 2 36
R MEM 4 6 36
R MEM 5 2 36
R MEM 5 6 36
R MEM 0 2 36
R MEM 0 6 36
R MEM 1 2 36
R MEM 1 6 36
R MEM 2 2 36
R MEM 2 6 36
R MEM 3 2 36
R MEM 3 6 36
R MEM 4 2 36
R MEM 4 6 36
R MEM 5 2 36
R MEM 5 6 36
AiM EWMUL 16 0xffffffff 36
AiM EWMUL 16 0xffffffff 37
R MEM 0 2 36
R MEM 0 6 36
R MEM 1 2 36
R MEM 1 6 36
R MEM 2 2 36
R MEM 2 6 36
R MEM 3 2 36
R MEM 3 6 36
R MEM 4 2 36
R MEM 4 6 36
R MEM 5 2 36
R MEM 5 6 36
R MEM 0 2 36
R MEM 0 6 36
R MEM 1 2 36
R MEM 1 6 36
R MEM 2 2 36
R MEM 2 6 36
R MEM 3 2 36
R MEM 3 6 36
R MEM 4 2 36
R MEM 4 6 36
R MEM 5 2 36
R MEM 5 6 36
R MEM 0 2 36
R MEM 0 6 36
R MEM 1 2 36
R MEM 1 6 36
R MEM 2 2 36
R MEM 2 6 36
R MEM 3 2 36
R MEM 3 6 36
R MEM 4 2 36
R MEM 4 6 36
R MEM 5 2 36
R MEM 5 6 36
R MEM 0 2 36
R MEM 0 6 36
R MEM 1 2 36
R MEM 1 6 36
R MEM 2 2 36
R MEM 2 6 36
R MEM 3 2 36
R MEM 3 6 36
R MEM 4 2 36
R MEM 4 6 36
R MEM 5 2 36
R MEM 5 6 36
R MEM 0 2 36
R MEM 0 6 36
R MEM 1 2 36
R MEM 1 6 36
R MEM 2 2 36
R MEM 2 6 36
R MEM 3 2 36
R MEM 3 6 36
R MEM 4 2 36
R MEM 4 6 36
R MEM 5 2 36
R MEM 5 6 36
R MEM 0 2 36
R MEM 0 6 36
R MEM 1 2 36
R MEM 1 6 36
R MEM 2 2 36
R MEM 2 6 36
R MEM 3 2 36
R MEM 3 6 36
R MEM 4 2 36
R MEM 4 6 36
R MEM 5 2 36
R MEM 5 6 36
R MEM 0 2 36
R MEM 0 6 36
R MEM 1 2 36
R MEM 1 6 36
R MEM 2 2 36
R MEM 2 6 36
R MEM 3 2 36
R MEM 3 6 36
R MEM 4 2 36
R MEM 4 6 36
R MEM 5 2 36
R MEM 5 6 36
R MEM 0 2 36
R MEM 0 6 36
R MEM 1 2 36
R MEM 1 6 36
R MEM 2 2 36
R MEM 2 6 36
R MEM 3 2 36
R MEM 3 6 36
R MEM 4 2 36
R MEM 4 6 36
R MEM 5 2 36
R MEM 5 6 36
R MEM 0 2 36
R MEM 0 6 36
R MEM 1 2 36
R MEM 1 6 36
R MEM 2 2 36
R MEM 2 6 36
R MEM 3 2 36
R MEM 3 6 36
R MEM 4 2 36
R MEM 4 6 36
R MEM 5 2 36
R MEM 5 6 36
R MEM 0 2 36
R MEM 0 6 36
R MEM 1 2 36
R MEM 1 6 36
R MEM 2 2 36
R MEM 2 6 36
R MEM 3 2 36
R MEM 3 6 36
R MEM 4 2 36
R MEM 4 6 36
R MEM 5 2 36
R MEM 5 6 36
R MEM 0 2 36
R MEM 0 6 36
R MEM 1 2 36
R MEM 1 6 36
R MEM 2 2 36
R MEM 2 6 36
R MEM 3 2 36
R MEM 3 6 36
R MEM 4 2 36
R MEM 4 6 36
R MEM 5 2 36
R MEM 5 6 36
R MEM 0 2 36
R MEM 0 6 36
R MEM 1 2 36
R MEM 1 6 36
R MEM 2 2 36
R MEM 2 6 36
R MEM 3 2 36
R MEM 3 6 36
R MEM 4 2 36
R MEM 4 6 36
R MEM 5 2 36
R MEM 5 6 36
R MEM 0 2 36
R MEM 0 6 36
R MEM 1 2 36
R MEM 1 6 36
R MEM 2 2 36
R MEM 2 6 36
R MEM 3 2 36
R MEM 3 6 36
R MEM 4 2 36
R MEM 4 6 36
R MEM 5 2 36
R MEM 5 6 36
R MEM 0 2 36
R MEM 0 6 36
R MEM 1 2 36
R MEM 1 6 36
R MEM 2 2 36
R MEM 2 6 36
R MEM 3 2 36
R MEM 3 6 36
R MEM 4 2 36
R MEM 4 6 36
R MEM 5 2 36
R MEM 5 6 36
R MEM 0 2 36
R MEM 0 6 36
R MEM 1 2 36
R MEM 1 6 36
R MEM 2 2 36
R MEM 2 6 36
R MEM 3 2 36
R MEM 3 6 36
R MEM 4 2 36
R MEM 4 6 36
R MEM 5 2 36
R MEM 5 6 36
R MEM 0 2 36
R MEM 0 6 36
R MEM 1 2 36
R MEM 1 6 36
R MEM 2 2 36
R MEM 2 6 36
R MEM 3 2 36
R MEM 3 6 36
R MEM 4 2 36
R MEM 4 6 36
R MEM 5 2 36
R MEM 5 6 36
R MEM 0 2 37
R MEM 0 6 37
R MEM 1 2 37
R MEM 1 6 37
R MEM 2 2 37
R MEM 2 6 37
R MEM 3 2 37
R MEM 3 6 37
R MEM 4 2 37
R MEM 4 6 37
R MEM 5 2 37
R MEM 5 6 37
R MEM 0 2 37
R MEM 0 6 37
R MEM 1 2 37
R MEM 1 6 37
R MEM 2 2 37
R MEM 2 6 37
R MEM 3 2 37
R MEM 3 6 37
R MEM 4 2 37
R MEM 4 6 37
R MEM 5 2 37
R MEM 5 6 37
R MEM 0 2 37
R MEM 0 6 37
R MEM 1 2 37
R MEM 1 6 37
R MEM 2 2 37
R MEM 2 6 37
R MEM 3 2 37
R MEM 3 6 37
R MEM 4 2 37
R MEM 4 6 37
R MEM 5 2 37
R MEM 5 6 37
R MEM 0 2 37
R MEM 0 6 37
R MEM 1 2 37
R MEM 1 6 37
R MEM 2 2 37
R MEM 2 6 37
R MEM 3 2 37
R MEM 3 6 37
R MEM 4 2 37
R MEM 4 6 37
R MEM 5 2 37
R MEM 5 6 37
R MEM 0 2 37
R MEM 0 6 37
R MEM 1 2 37
R MEM 1 6 37
R MEM 2 2 37
R MEM 2 6 37
R MEM 3 2 37
R MEM 3 6 37
R MEM 4 2 37
R MEM 4 6 37
R MEM 5 2 37
R MEM 5 6 37
R MEM 0 2 37
R MEM 0 6 37
R MEM 1 2 37
R MEM 1 6 37
R MEM 2 2 37
R MEM 2 6 37
R MEM 3 2 37
R MEM 3 6 37
R MEM 4 2 37
R MEM 4 6 37
R MEM 5 2 37
R MEM 5 6 37
R MEM 0 2 37
R MEM 0 6 37
R MEM 1 2 37
R MEM 1 6 37
R MEM 2 2 37
R MEM 2 6 37
R MEM 3 2 37
R MEM 3 6 37
R MEM 4 2 37
R MEM 4 6 37
R MEM 5 2 37
R MEM 5 6 37
R MEM 0 2 37
R MEM 0 6 37
R MEM 1 2 37
R MEM 1 6 37
R MEM 2 2 37
R MEM 2 6 37
R MEM 3 2 37
R MEM 3 6 37
R MEM 4 2 37
R MEM 4 6 37
R MEM 5 2 37
R MEM 5 6 37
R MEM 0 2 37
R MEM 0 6 37
R MEM 1 2 37
R MEM 1 6 37
R MEM 2 2 37
R MEM 2 6 37
R MEM 3 2 37
R MEM 3 6 37
R MEM 4 2 37
R MEM 4 6 37
R MEM 5 2 37
R MEM 5 6 37
R MEM 0 2 37
R MEM 0 6 37
R MEM 1 2 37
R MEM 1 6 37
R MEM 2 2 37
R MEM 2 6 37
R MEM 3 2 37
R MEM 3 6 37
R MEM 4 2 37
R MEM 4 6 37
R MEM 5 2 37
R MEM 5 6 37
R MEM 0 2 37
R MEM 0 6 37
R MEM 1 2 37
R MEM 1 6 37
R MEM 2 2 37
R MEM 2 6 37
R MEM 3 2 37
R MEM 3 6 37
R MEM 4 2 37
R MEM 4 6 37
R MEM 5 2 37
R MEM 5 6 37
R MEM 0 2 37
R MEM 0 6 37
R MEM 1 2 37
R MEM 1 6 37
R MEM 2 2 37
R MEM 2 6 37
R MEM 3 2 37
R MEM 3 6 37
R MEM 4 2 37
R MEM 4 6 37
R MEM 5 2 37
R MEM 5 6 37
R MEM 0 2 37
R MEM 0 6 37
R MEM 1 2 37
R MEM 1 6 37
R MEM 2 2 37
R MEM 2 6 37
R MEM 3 2 37
R MEM 3 6 37
R MEM 4 2 37
R MEM 4 6 37
R MEM 5 2 37
R MEM 5 6 37
R MEM 0 2 37
R MEM 0 6 37
R MEM 1 2 37
R MEM 1 6 37
R MEM 2 2 37
R MEM 2 6 37
R MEM 3 2 37
R MEM 3 6 37
R MEM 4 2 37
R MEM 4 6 37
R MEM 5 2 37
R MEM 5 6 37
R MEM 0 2 37
R MEM 0 6 37
R MEM 1 2 37
R MEM 1 6 37
R MEM 2 2 37
R MEM 2 6 37
R MEM 3 2 37
R MEM 3 6 37
R MEM 4 2 37
R MEM 4 6 37
R MEM 5 2 37
R MEM 5 6 37
R MEM 0 2 37
R MEM 0 6 37
R MEM 1 2 37
R MEM 1 6 37
R MEM 2 2 37
R MEM 2 6 37
R MEM 3 2 37
R MEM 3 6 37
R MEM 4 2 37
R MEM 4 6 37
R MEM 5 2 37
R MEM 5 6 37
W MEM 0 0 36
W MEM 0 4 36
W MEM 1 0 36
W MEM 1 4 36
W MEM 2 0 36
W MEM 2 4 36
W MEM 3 0 36
W MEM 3 4 36
W MEM 4 0 36
W MEM 4 4 36
W MEM 5 0 36
W MEM 5 4 36
W MEM 0 0 36
W MEM 0 4 36
W MEM 1 0 36
W MEM 1 4 36
W MEM 2 0 36
W MEM 2 4 36
W MEM 3 0 36
W MEM 3 4 36
W MEM 4 0 36
W MEM 4 4 36
W MEM 5 0 36
W MEM 5 4 36
W MEM 0 0 36
W MEM 0 4 36
W MEM 1 0 36
W MEM 1 4 36
W MEM 2 0 36
W MEM 2 4 36
W MEM 3 0 36
W MEM 3 4 36
W MEM 4 0 36
W MEM 4 4 36
W MEM 5 0 36
W MEM 5 4 36
W MEM 0 0 36
W MEM 0 4 36
W MEM 1 0 36
W MEM 1 4 36
W MEM 2 0 36
W MEM 2 4 36
W MEM 3 0 36
W MEM 3 4 36
W MEM 4 0 36
W MEM 4 4 36
W MEM 5 0 36
W MEM 5 4 36
W MEM 0 0 36
W MEM 0 4 36
W MEM 1 0 36
W MEM 1 4 36
W MEM 2 0 36
W MEM 2 4 36
W MEM 3 0 36
W MEM 3 4 36
W MEM 4 0 36
W MEM 4 4 36
W MEM 5 0 36
W MEM 5 4 36
W MEM 0 0 36
W MEM 0 4 36
W MEM 1 0 36
W MEM 1 4 36
W MEM 2 0 36
W MEM 2 4 36
W MEM 3 0 36
W MEM 3 4 36
W MEM 4 0 36
W MEM 4 4 36
W MEM 5 0 36
W MEM 5 4 36
W MEM 0 0 36
W MEM 0 4 36
W MEM 1 0 36
W MEM 1 4 36
W MEM 2 0 36
W MEM 2 4 36
W MEM 3 0 36
W MEM 3 4 36
W MEM 4 0 36
W MEM 4 4 36
W MEM 5 0 36
W MEM 5 4 36
W MEM 0 0 36
W MEM 0 4 36
W MEM 1 0 36
W MEM 1 4 36
W MEM 2 0 36
W MEM 2 4 36
W MEM 3 0 36
W MEM 3 4 36
W MEM 4 0 36
W MEM 4 4 36
W MEM 5 0 36
W MEM 5 4 36
W MEM 0 0 36
W MEM 0 4 36
W MEM 1 0 36
W MEM 1 4 36
W MEM 2 0 36
W MEM 2 4 36
W MEM 3 0 36
W MEM 3 4 36
W MEM 4 0 36
W MEM 4 4 36
W MEM 5 0 36
W MEM 5 4 36
W MEM 0 0 36
W MEM 0 4 36
W MEM 1 0 36
W MEM 1 4 36
W MEM 2 0 36
W MEM 2 4 36
W MEM 3 0 36
W MEM 3 4 36
W MEM 4 0 36
W MEM 4 4 36
W MEM 5 0 36
W MEM 5 4 36
W MEM 0 0 36
W MEM 0 4 36
W MEM 1 0 36
W MEM 1 4 36
W MEM 2 0 36
W MEM 2 4 36
W MEM 3 0 36
W MEM 3 4 36
W MEM 4 0 36
W MEM 4 4 36
W MEM 5 0 36
W MEM 5 4 36
W MEM 0 0 36
W MEM 0 4 36
W MEM 1 0 36
W MEM 1 4 36
W MEM 2 0 36
W MEM 2 4 36
W MEM 3 0 36
W MEM 3 4 36
W MEM 4 0 36
W MEM 4 4 36
W MEM 5 0 36
W MEM 5 4 36
W MEM 0 0 36
W MEM 0 4 36
W MEM 1 0 36
W MEM 1 4 36
W MEM 2 0 36
W MEM 2 4 36
W MEM 3 0 36
W MEM 3 4 36
W MEM 4 0 36
W MEM 4 4 36
W MEM 5 0 36
W MEM 5 4 36
W MEM 0 0 36
W MEM 0 4 36
W MEM 1 0 36
W MEM 1 4 36
W MEM 2 0 36
W MEM 2 4 36
W MEM 3 0 36
W MEM 3 4 36
W MEM 4 0 36
W MEM 4 4 36
W MEM 5 0 36
W MEM 5 4 36
W MEM 0 0 36
W MEM 0 4 36
W MEM 1 0 36
W MEM 1 4 36
W MEM 2 0 36
W MEM 2 4 36
W MEM 3 0 36
W MEM 3 4 36
W MEM 4 0 36
W MEM 4 4 36
W MEM 5 0 36
W MEM 5 4 36
W MEM 0 0 36
W MEM 0 4 36
W MEM 1 0 36
W MEM 1 4 36
W MEM 2 0 36
W MEM 2 4 36
W MEM 3 0 36
W MEM 3 4 36
W MEM 4 0 36
W MEM 4 4 36
W MEM 5 0 36
W MEM 5 4 36
W MEM 0 0 37
W MEM 0 4 37
W MEM 1 0 37
W MEM 1 4 37
W MEM 2 0 37
W MEM 2 4 37
W MEM 3 0 37
W MEM 3 4 37
W MEM 4 0 37
W MEM 4 4 37
W MEM 5 0 37
W MEM 5 4 37
W MEM 0 0 37
W MEM 0 4 37
W MEM 1 0 37
W MEM 1 4 37
W MEM 2 0 37
W MEM 2 4 37
W MEM 3 0 37
W MEM 3 4 37
W MEM 4 0 37
W MEM 4 4 37
W MEM 5 0 37
W MEM 5 4 37
W MEM 0 0 37
W MEM 0 4 37
W MEM 1 0 37
W MEM 1 4 37
W MEM 2 0 37
W MEM 2 4 37
W MEM 3 0 37
W MEM 3 4 37
W MEM 4 0 37
W MEM 4 4 37
W MEM 5 0 37
W MEM 5 4 37
W MEM 0 0 37
W MEM 0 4 37
W MEM 1 0 37
W MEM 1 4 37
W MEM 2 0 37
W MEM 2 4 37
W MEM 3 0 37
W MEM 3 4 37
W MEM 4 0 37
W MEM 4 4 37
W MEM 5 0 37
W MEM 5 4 37
W MEM 0 0 37
W MEM 0 4 37
W MEM 1 0 37
W MEM 1 4 37
W MEM 2 0 37
W MEM 2 4 37
W MEM 3 0 37
W MEM 3 4 37
W MEM 4 0 37
W MEM 4 4 37
W MEM 5 0 37
W MEM 5 4 37
W MEM 0 0 37
W MEM 0 4 37
W MEM 1 0 37
W MEM 1 4 37
W MEM 2 0 37
W MEM 2 4 37
W MEM 3 0 37
W MEM 3 4 37
W MEM 4 0 37
W MEM 4 4 37
W MEM 5 0 37
W MEM 5 4 37
W MEM 0 0 37
W MEM 0 4 37
W MEM 1 0 37
W MEM 1 4 37
W MEM 2 0 37
W MEM 2 4 37
W MEM 3 0 37
W MEM 3 4 37
W MEM 4 0 37
W MEM 4 4 37
W MEM 5 0 37
W MEM 5 4 37
W MEM 0 0 37
W MEM 0 4 37
W MEM 1 0 37
W MEM 1 4 37
W MEM 2 0 37
W MEM 2 4 37
W MEM 3 0 37
W MEM 3 4 37
W MEM 4 0 37
W MEM 4 4 37
W MEM 5 0 37
W MEM 5 4 37
W MEM 0 0 37
W MEM 0 4 37
W MEM 1 0 37
W MEM 1 4 37
W MEM 2 0 37
W MEM 2 4 37
W MEM 3 0 37
W MEM 3 4 37
W MEM 4 0 37
W MEM 4 4 37
W MEM 5 0 37
W MEM 5 4 37
W MEM 0 0 37
W MEM 0 4 37
W MEM 1 0 37
W MEM 1 4 37
W MEM 2 0 37
W MEM 2 4 37
W MEM 3 0 37
W MEM 3 4 37
W MEM 4 0 37
W MEM 4 4 37
W MEM 5 0 37
W MEM 5 4 37
W MEM 0 0 37
W MEM 0 4 37
W MEM 1 0 37
W MEM 1 4 37
W MEM 2 0 37
W MEM 2 4 37
W MEM 3 0 37
W MEM 3 4 37
W MEM 4 0 37
W MEM 4 4 37
W MEM 5 0 37
W MEM 5 4 37
W MEM 0 0 37
W MEM 0 4 37
W MEM 1 0 37
W MEM 1 4 37
W MEM 2 0 37
W MEM 2 4 37
W MEM 3 0 37
W MEM 3 4 37
W MEM 4 0 37
W MEM 4 4 37
W MEM 5 0 37
W MEM 5 4 37
W MEM 0 0 37
W MEM 0 4 37
W MEM 1 0 37
W MEM 1 4 37
W MEM 2 0 37
W MEM 2 4 37
W MEM 3 0 37
W MEM 3 4 37
W MEM 4 0 37
W MEM 4 4 37
W MEM 5 0 37
W MEM 5 4 37
W MEM 0 0 37
W MEM 0 4 37
W MEM 1 0 37
W MEM 1 4 37
W MEM 2 0 37
W MEM 2 4 37
W MEM 3 0 37
W MEM 3 4 37
W MEM 4 0 37
W MEM 4 4 37
W MEM 5 0 37
W MEM 5 4 37
W MEM 0 0 37
W MEM 0 4 37
W MEM 1 0 37
W MEM 1 4 37
W MEM 2 0 37
W MEM 2 4 37
W MEM 3 0 37
W MEM 3 4 37
W MEM 4 0 37
W MEM 4 4 37
W MEM 5 0 37
W MEM 5 4 37
W MEM 0 0 37
W MEM 0 4 37
W MEM 1 0 37
W MEM 1 4 37
W MEM 2 0 37
W MEM 2 4 37
W MEM 3 0 37
W MEM 3 4 37
W MEM 4 0 37
W MEM 4 4 37
W MEM 5 0 37
W MEM 5 4 37
AiM EWMUL 16 0xffffffff 36
AiM EWMUL 16 0xffffffff 37
R MEM 0 2 36
R MEM 0 6 36
R MEM 1 2 36
R MEM 1 6 36
R MEM 2 2 36
R MEM 2 6 36
R MEM 3 2 36
R MEM 3 6 36
R MEM 4 2 36
R MEM 4 6 36
R MEM 5 2 36
R MEM 5 6 36
R MEM 0 2 36
R MEM 0 6 36
R MEM 1 2 36
R MEM 1 6 36
R MEM 2 2 36
R MEM 2 6 36
R MEM 3 2 36
R MEM 3 6 36
R MEM 4 2 36
R MEM 4 6 36
R MEM 5 2 36
R MEM 5 6 36
R MEM 0 2 36
R MEM 0 6 36
R MEM 1 2 36
R MEM 1 6 36
R MEM 2 2 36
R MEM 2 6 36
R MEM 3 2 36
R MEM 3 6 36
R MEM 4 2 36
R MEM 4 6 36
R MEM 5 2 36
R MEM 5 6 36
R MEM 0 2 36
R MEM 0 6 36
R MEM 1 2 36
R MEM 1 6 36
R MEM 2 2 36
R MEM 2 6 36
R MEM 3 2 36
R MEM 3 6 36
R MEM 4 2 36
R MEM 4 6 36
R MEM 5 2 36
R MEM 5 6 36
R MEM 0 2 36
R MEM 0 6 36
R MEM 1 2 36
R MEM 1 6 36
R MEM 2 2 36
R MEM 2 6 36
R MEM 3 2 36
R MEM 3 6 36
R MEM 4 2 36
R MEM 4 6 36
R MEM 5 2 36
R MEM 5 6 36
R MEM 0 2 36
R MEM 0 6 36
R MEM 1 2 36
R MEM 1 6 36
R MEM 2 2 36
R MEM 2 6 36
R MEM 3 2 36
R MEM 3 6 36
R MEM 4 2 36
R MEM 4 6 36
R MEM 5 2 36
R MEM 5 6 36
R MEM 0 2 36
R MEM 0 6 36
R MEM 1 2 36
R MEM 1 6 36
R MEM 2 2 36
R MEM 2 6 36
R MEM 3 2 36
R MEM 3 6 36
R MEM 4 2 36
R MEM 4 6 36
R MEM 5 2 36
R MEM 5 6 36
R MEM 0 2 36
R MEM 0 6 36
R MEM 1 2 36
R MEM 1 6 36
R MEM 2 2 36
R MEM 2 6 36
R MEM 3 2 36
R MEM 3 6 36
R MEM 4 2 36
R MEM 4 6 36
R MEM 5 2 36
R MEM 5 6 36
R MEM 0 2 36
R MEM 0 6 36
R MEM 1 2 36
R MEM 1 6 36
R MEM 2 2 36
R MEM 2 6 36
R MEM 3 2 36
R MEM 3 6 36
R MEM 4 2 36
R MEM 4 6 36
R MEM 5 2 36
R MEM 5 6 36
R MEM 0 2 36
R MEM 0 6 36
R MEM 1 2 36
R MEM 1 6 36
R MEM 2 2 36
R MEM 2 6 36
R MEM 3 2 36
R MEM 3 6 36
R MEM 4 2 36
R MEM 4 6 36
R MEM 5 2 36
R MEM 5 6 36
R MEM 0 2 36
R MEM 0 6 36
R MEM 1 2 36
R MEM 1 6 36
R MEM 2 2 36
R MEM 2 6 36
R MEM 3 2 36
R MEM 3 6 36
R MEM 4 2 36
R MEM 4 6 36
R MEM 5 2 36
R MEM 5 6 36
R MEM 0 2 36
R MEM 0 6 36
R MEM 1 2 36
R MEM 1 6 36
R MEM 2 2 36
R MEM 2 6 36
R MEM 3 2 36
R MEM 3 6 36
R MEM 4 2 36
R MEM 4 6 36
R MEM 5 2 36
R MEM 5 6 36
R MEM 0 2 36
R MEM 0 6 36
R MEM 1 2 36
R MEM 1 6 36
R MEM 2 2 36
R MEM 2 6 36
R MEM 3 2 36
R MEM 3 6 36
R MEM 4 2 36
R MEM 4 6 36
R MEM 5 2 36
R MEM 5 6 36
R MEM 0 2 36
R MEM 0 6 36
R MEM 1 2 36
R MEM 1 6 36
R MEM 2 2 36
R MEM 2 6 36
R MEM 3 2 36
R MEM 3 6 36
R MEM 4 2 36
R MEM 4 6 36
R MEM 5 2 36
R MEM 5 6 36
R MEM 0 2 36
R MEM 0 6 36
R MEM 1 2 36
R MEM 1 6 36
R MEM 2 2 36
R MEM 2 6 36
R MEM 3 2 36
R MEM 3 6 36
R MEM 4 2 36
R MEM 4 6 36
R MEM 5 2 36
R MEM 5 6 36
R MEM 0 2 36
R MEM 0 6 36
R MEM 1 2 36
R MEM 1 6 36
R MEM 2 2 36
R MEM 2 6 36
R MEM 3 2 36
R MEM 3 6 36
R MEM 4 2 36
R MEM 4 6 36
R MEM 5 2 36
R MEM 5 6 36
R MEM 0 2 37
R MEM 0 6 37
R MEM 1 2 37
R MEM 1 6 37
R MEM 2 2 37
R MEM 2 6 37
R MEM 3 2 37
R MEM 3 6 37
R MEM 4 2 37
R MEM 4 6 37
R MEM 5 2 37
R MEM 5 6 37
R MEM 0 2 37
R MEM 0 6 37
R MEM 1 2 37
R MEM 1 6 37
R MEM 2 2 37
R MEM 2 6 37
R MEM 3 2 37
R MEM 3 6 37
R MEM 4 2 37
R MEM 4 6 37
R MEM 5 2 37
R MEM 5 6 37
R MEM 0 2 37
R MEM 0 6 37
R MEM 1 2 37
R MEM 1 6 37
R MEM 2 2 37
R MEM 2 6 37
R MEM 3 2 37
R MEM 3 6 37
R MEM 4 2 37
R MEM 4 6 37
R MEM 5 2 37
R MEM 5 6 37
R MEM 0 2 37
R MEM 0 6 37
R MEM 1 2 37
R MEM 1 6 37
R MEM 2 2 37
R MEM 2 6 37
R MEM 3 2 37
R MEM 3 6 37
R MEM 4 2 37
R MEM 4 6 37
R MEM 5 2 37
R MEM 5 6 37
R MEM 0 2 37
R MEM 0 6 37
R MEM 1 2 37
R MEM 1 6 37
R MEM 2 2 37
R MEM 2 6 37
R MEM 3 2 37
R MEM 3 6 37
R MEM 4 2 37
R MEM 4 6 37
R MEM 5 2 37
R MEM 5 6 37
R MEM 0 2 37
R MEM 0 6 37
R MEM 1 2 37
R MEM 1 6 37
R MEM 2 2 37
R MEM 2 6 37
R MEM 3 2 37
R MEM 3 6 37
R MEM 4 2 37
R MEM 4 6 37
R MEM 5 2 37
R MEM 5 6 37
R MEM 0 2 37
R MEM 0 6 37
R MEM 1 2 37
R MEM 1 6 37
R MEM 2 2 37
R MEM 2 6 37
R MEM 3 2 37
R MEM 3 6 37
R MEM 4 2 37
R MEM 4 6 37
R MEM 5 2 37
R MEM 5 6 37
R MEM 0 2 37
R MEM 0 6 37
R MEM 1 2 37
R MEM 1 6 37
R MEM 2 2 37
R MEM 2 6 37
R MEM 3 2 37
R MEM 3 6 37
R MEM 4 2 37
R MEM 4 6 37
R MEM 5 2 37
R MEM 5 6 37
R MEM 0 2 37
R MEM 0 6 37
R MEM 1 2 37
R MEM 1 6 37
R MEM 2 2 37
R MEM 2 6 37
R MEM 3 2 37
R MEM 3 6 37
R MEM 4 2 37
R MEM 4 6 37
R MEM 5 2 37
R MEM 5 6 37
R MEM 0 2 37
R MEM 0 6 37
R MEM 1 2 37
R MEM 1 6 37
R MEM 2 2 37
R MEM 2 6 37
R MEM 3 2 37
R MEM 3 6 37
R MEM 4 2 37
R MEM 4 6 37
R MEM 5 2 37
R MEM 5 6 37
R MEM 0 2 37
R MEM 0 6 37
R MEM 1 2 37
R MEM 1 6 37
R MEM 2 2 37
R MEM 2 6 37
R MEM 3 2 37
R MEM 3 6 37
R MEM 4 2 37
R MEM 4 6 37
R MEM 5 2 37
R MEM 5 6 37
R MEM 0 2 37
R MEM 0 6 37
R MEM 1 2 37
R MEM 1 6 37
R MEM 2 2 37
R MEM 2 6 37
R MEM 3 2 37
R MEM 3 6 37
R MEM 4 2 37
R MEM 4 6 37
R MEM 5 2 37
R MEM 5 6 37
R MEM 0 2 37
R MEM 0 6 37
R MEM 1 2 37
R MEM 1 6 37
R MEM 2 2 37
R MEM 2 6 37
R MEM 3 2 37
R MEM 3 6 37
R MEM 4 2 37
R MEM 4 6 37
R MEM 5 2 37
R MEM 5 6 37
R MEM 0 2 37
R MEM 0 6 37
R MEM 1 2 37
R MEM 1 6 37
R MEM 2 2 37
R MEM 2 6 37
R MEM 3 2 37
R MEM 3 6 37
R MEM 4 2 37
R MEM 4 6 37
R MEM 5 2 37
R MEM 5 6 37
R MEM 0 2 37
R MEM 0 6 37
R MEM 1 2 37
R MEM 1 6 37
R MEM 2 2 37
R MEM 2 6 37
R MEM 3 2 37
R MEM 3 6 37
R MEM 4 2 37
R MEM 4 6 37
R MEM 5 2 37
R MEM 5 6 37
R MEM 0 2 37
R MEM 0 6 37
R MEM 1 2 37
R MEM 1 6 37
R MEM 2 2 37
R MEM 2 6 37
R MEM 3 2 37
R MEM 3 6 37
R MEM 4 2 37
R MEM 4 6 37
R MEM 5 2 37
R MEM 5 6 37
AiM EWMUL 16 0xffffffff 36
AiM EWMUL 16 0xffffffff 37
AiM EWMUL 16 0xffffffff 38
AiM EWMUL 16 0xffffffff 39
R MEM 0 2 36
R MEM 0 6 36
R MEM 1 2 36
R MEM 1 6 36
R MEM 2 2 36
R MEM 2 6 36
R MEM 3 2 36
R MEM 3 6 36
R MEM 4 2 36
R MEM 4 6 36
R MEM 5 2 36
R MEM 5 6 36
R MEM 0 2 36
R MEM 0 6 36
R MEM 1 2 36
R MEM 1 6 36
R MEM 2 2 36
R MEM 2 6 36
R MEM 3 2 36
R MEM 3 6 36
R MEM 4 2 36
R MEM 4 6 36
R MEM 5 2 36
R MEM 5 6 36
R MEM 0 2 36
R MEM 0 6 36
R MEM 1 2 36
R MEM 1 6 36
R MEM 2 2 36
R MEM 2 6 36
R MEM 3 2 36
R MEM 3 6 36
R MEM 4 2 36
R MEM 4 6 36
R MEM 5 2 36
R MEM 5 6 36
R MEM 0 2 36
R MEM 0 6 36
R MEM 1 2 36
R MEM 1 6 36
R MEM 2 2 36
R MEM 2 6 36
R MEM 3 2 36
R MEM 3 6 36
R MEM 4 2 36
R MEM 4 6 36
R MEM 5 2 36
R MEM 5 6 36
R MEM 0 2 36
R MEM 0 6 36
R MEM 1 2 36
R MEM 1 6 36
R MEM 2 2 36
R MEM 2 6 36
R MEM 3 2 36
R MEM 3 6 36
R MEM 4 2 36
R MEM 4 6 36
R MEM 5 2 36
R MEM 5 6 36
R MEM 0 2 36
R MEM 0 6 36
R MEM 1 2 36
R MEM 1 6 36
R MEM 2 2 36
R MEM 2 6 36
R MEM 3 2 36
R MEM 3 6 36
R MEM 4 2 36
R MEM 4 6 36
R MEM 5 2 36
R MEM 5 6 36
R MEM 0 2 36
R MEM 0 6 36
R MEM 1 2 36
R MEM 1 6 36
R MEM 2 2 36
R MEM 2 6 36
R MEM 3 2 36
R MEM 3 6 36
R MEM 4 2 36
R MEM 4 6 36
R MEM 5 2 36
R MEM 5 6 36
R MEM 0 2 36
R MEM 0 6 36
R MEM 1 2 36
R MEM 1 6 36
R MEM 2 2 36
R MEM 2 6 36
R MEM 3 2 36
R MEM 3 6 36
R MEM 4 2 36
R MEM 4 6 36
R MEM 5 2 36
R MEM 5 6 36
R MEM 0 2 36
R MEM 0 6 36
R MEM 1 2 36
R MEM 1 6 36
R MEM 2 2 36
R MEM 2 6 36
R MEM 3 2 36
R MEM 3 6 36
R MEM 4 2 36
R MEM 4 6 36
R MEM 5 2 36
R MEM 5 6 36
R MEM 0 2 36
R MEM 0 6 36
R MEM 1 2 36
R MEM 1 6 36
R MEM 2 2 36
R MEM 2 6 36
R MEM 3 2 36
R MEM 3 6 36
R MEM 4 2 36
R MEM 4 6 36
R MEM 5 2 36
R MEM 5 6 36
R MEM 0 2 36
R MEM 0 6 36
R MEM 1 2 36
R MEM 1 6 36
R MEM 2 2 36
R MEM 2 6 36
R MEM 3 2 36
R MEM 3 6 36
R MEM 4 2 36
R MEM 4 6 36
R MEM 5 2 36
R MEM 5 6 36
R MEM 0 2 36
R MEM 0 6 36
R MEM 1 2 36
R MEM 1 6 36
R MEM 2 2 36
R MEM 2 6 36
R MEM 3 2 36
R MEM 3 6 36
R MEM 4 2 36
R MEM 4 6 36
R MEM 5 2 36
R MEM 5 6 36
R MEM 0 2 36
R MEM 0 6 36
R MEM 1 2 36
R MEM 1 6 36
R MEM 2 2 36
R MEM 2 6 36
R MEM 3 2 36
R MEM 3 6 36
R MEM 4 2 36
R MEM 4 6 36
R MEM 5 2 36
R MEM 5 6 36
R MEM 0 2 36
R MEM 0 6 36
R MEM 1 2 36
R MEM 1 6 36
R MEM 2 2 36
R MEM 2 6 36
R MEM 3 2 36
R MEM 3 6 36
R MEM 4 2 36
R MEM 4 6 36
R MEM 5 2 36
R MEM 5 6 36
R MEM 0 2 36
R MEM 0 6 36
R MEM 1 2 36
R MEM 1 6 36
R MEM 2 2 36
R MEM 2 6 36
R MEM 3 2 36
R MEM 3 6 36
R MEM 4 2 36
R MEM 4 6 36
R MEM 5 2 36
R MEM 5 6 36
R MEM 0 2 36
R MEM 0 6 36
R MEM 1 2 36
R MEM 1 6 36
R MEM 2 2 36
R MEM 2 6 36
R MEM 3 2 36
R MEM 3 6 36
R MEM 4 2 36
R MEM 4 6 36
R MEM 5 2 36
R MEM 5 6 36
R MEM 0 2 37
R MEM 0 6 37
R MEM 1 2 37
R MEM 1 6 37
R MEM 2 2 37
R MEM 2 6 37
R MEM 3 2 37
R MEM 3 6 37
R MEM 4 2 37
R MEM 4 6 37
R MEM 5 2 37
R MEM 5 6 37
R MEM 0 2 37
R MEM 0 6 37
R MEM 1 2 37
R MEM 1 6 37
R MEM 2 2 37
R MEM 2 6 37
R MEM 3 2 37
R MEM 3 6 37
R MEM 4 2 37
R MEM 4 6 37
R MEM 5 2 37
R MEM 5 6 37
R MEM 0 2 37
R MEM 0 6 37
R MEM 1 2 37
R MEM 1 6 37
R MEM 2 2 37
R MEM 2 6 37
R MEM 3 2 37
R MEM 3 6 37
R MEM 4 2 37
R MEM 4 6 37
R MEM 5 2 37
R MEM 5 6 37
R MEM 0 2 37
R MEM 0 6 37
R MEM 1 2 37
R MEM 1 6 37
R MEM 2 2 37
R MEM 2 6 37
R MEM 3 2 37
R MEM 3 6 37
R MEM 4 2 37
R MEM 4 6 37
R MEM 5 2 37
R MEM 5 6 37
R MEM 0 2 37
R MEM 0 6 37
R MEM 1 2 37
R MEM 1 6 37
R MEM 2 2 37
R MEM 2 6 37
R MEM 3 2 37
R MEM 3 6 37
R MEM 4 2 37
R MEM 4 6 37
R MEM 5 2 37
R MEM 5 6 37
R MEM 0 2 37
R MEM 0 6 37
R MEM 1 2 37
R MEM 1 6 37
R MEM 2 2 37
R MEM 2 6 37
R MEM 3 2 37
R MEM 3 6 37
R MEM 4 2 37
R MEM 4 6 37
R MEM 5 2 37
R MEM 5 6 37
R MEM 0 2 37
R MEM 0 6 37
R MEM 1 2 37
R MEM 1 6 37
R MEM 2 2 37
R MEM 2 6 37
R MEM 3 2 37
R MEM 3 6 37
R MEM 4 2 37
R MEM 4 6 37
R MEM 5 2 37
R MEM 5 6 37
R MEM 0 2 37
R MEM 0 6 37
R MEM 1 2 37
R MEM 1 6 37
R MEM 2 2 37
R MEM 2 6 37
R MEM 3 2 37
R MEM 3 6 37
R MEM 4 2 37
R MEM 4 6 37
R MEM 5 2 37
R MEM 5 6 37
R MEM 0 2 37
R MEM 0 6 37
R MEM 1 2 37
R MEM 1 6 37
R MEM 2 2 37
R MEM 2 6 37
R MEM 3 2 37
R MEM 3 6 37
R MEM 4 2 37
R MEM 4 6 37
R MEM 5 2 37
R MEM 5 6 37
R MEM 0 2 37
R MEM 0 6 37
R MEM 1 2 37
R MEM 1 6 37
R MEM 2 2 37
R MEM 2 6 37
R MEM 3 2 37
R MEM 3 6 37
R MEM 4 2 37
R MEM 4 6 37
R MEM 5 2 37
R MEM 5 6 37
R MEM 0 2 37
R MEM 0 6 37
R MEM 1 2 37
R MEM 1 6 37
R MEM 2 2 37
R MEM 2 6 37
R MEM 3 2 37
R MEM 3 6 37
R MEM 4 2 37
R MEM 4 6 37
R MEM 5 2 37
R MEM 5 6 37
R MEM 0 2 37
R MEM 0 6 37
R MEM 1 2 37
R MEM 1 6 37
R MEM 2 2 37
R MEM 2 6 37
R MEM 3 2 37
R MEM 3 6 37
R MEM 4 2 37
R MEM 4 6 37
R MEM 5 2 37
R MEM 5 6 37
R MEM 0 2 37
R MEM 0 6 37
R MEM 1 2 37
R MEM 1 6 37
R MEM 2 2 37
R MEM 2 6 37
R MEM 3 2 37
R MEM 3 6 37
R MEM 4 2 37
R MEM 4 6 37
R MEM 5 2 37
R MEM 5 6 37
R MEM 0 2 37
R MEM 0 6 37
R MEM 1 2 37
R MEM 1 6 37
R MEM 2 2 37
R MEM 2 6 37
R MEM 3 2 37
R MEM 3 6 37
R MEM 4 2 37
R MEM 4 6 37
R MEM 5 2 37
R MEM 5 6 37
R MEM 0 2 37
R MEM 0 6 37
R MEM 1 2 37
R MEM 1 6 37
R MEM 2 2 37
R MEM 2 6 37
R MEM 3 2 37
R MEM 3 6 37
R MEM 4 2 37
R MEM 4 6 37
R MEM 5 2 37
R MEM 5 6 37
R MEM 0 2 37
R MEM 0 6 37
R MEM 1 2 37
R MEM 1 6 37
R MEM 2 2 37
R MEM 2 6 37
R MEM 3 2 37
R MEM 3 6 37
R MEM 4 2 37
R MEM 4 6 37
R MEM 5 2 37
R MEM 5 6 37
R MEM 0 2 38
R MEM 0 6 38
R MEM 1 2 38
R MEM 1 6 38
R MEM 2 2 38
R MEM 2 6 38
R MEM 3 2 38
R MEM 3 6 38
R MEM 4 2 38
R MEM 4 6 38
R MEM 5 2 38
R MEM 5 6 38
R MEM 0 2 38
R MEM 0 6 38
R MEM 1 2 38
R MEM 1 6 38
R MEM 2 2 38
R MEM 2 6 38
R MEM 3 2 38
R MEM 3 6 38
R MEM 4 2 38
R MEM 4 6 38
R MEM 5 2 38
R MEM 5 6 38
R MEM 0 2 38
R MEM 0 6 38
R MEM 1 2 38
R MEM 1 6 38
R MEM 2 2 38
R MEM 2 6 38
R MEM 3 2 38
R MEM 3 6 38
R MEM 4 2 38
R MEM 4 6 38
R MEM 5 2 38
R MEM 5 6 38
R MEM 0 2 38
R MEM 0 6 38
R MEM 1 2 38
R MEM 1 6 38
R MEM 2 2 38
R MEM 2 6 38
R MEM 3 2 38
R MEM 3 6 38
R MEM 4 2 38
R MEM 4 6 38
R MEM 5 2 38
R MEM 5 6 38
R MEM 0 2 38
R MEM 0 6 38
R MEM 1 2 38
R MEM 1 6 38
R MEM 2 2 38
R MEM 2 6 38
R MEM 3 2 38
R MEM 3 6 38
R MEM 4 2 38
R MEM 4 6 38
R MEM 5 2 38
R MEM 5 6 38
R MEM 0 2 38
R MEM 0 6 38
R MEM 1 2 38
R MEM 1 6 38
R MEM 2 2 38
R MEM 2 6 38
R MEM 3 2 38
R MEM 3 6 38
R MEM 4 2 38
R MEM 4 6 38
R MEM 5 2 38
R MEM 5 6 38
R MEM 0 2 38
R MEM 0 6 38
R MEM 1 2 38
R MEM 1 6 38
R MEM 2 2 38
R MEM 2 6 38
R MEM 3 2 38
R MEM 3 6 38
R MEM 4 2 38
R MEM 4 6 38
R MEM 5 2 38
R MEM 5 6 38
R MEM 0 2 38
R MEM 0 6 38
R MEM 1 2 38
R MEM 1 6 38
R MEM 2 2 38
R MEM 2 6 38
R MEM 3 2 38
R MEM 3 6 38
R MEM 4 2 38
R MEM 4 6 38
R MEM 5 2 38
R MEM 5 6 38
R MEM 0 2 38
R MEM 0 6 38
R MEM 1 2 38
R MEM 1 6 38
R MEM 2 2 38
R MEM 2 6 38
R MEM 3 2 38
R MEM 3 6 38
R MEM 4 2 38
R MEM 4 6 38
R MEM 5 2 38
R MEM 5 6 38
R MEM 0 2 38
R MEM 0 6 38
R MEM 1 2 38
R MEM 1 6 38
R MEM 2 2 38
R MEM 2 6 38
R MEM 3 2 38
R MEM 3 6 38
R MEM 4 2 38
R MEM 4 6 38
R MEM 5 2 38
R MEM 5 6 38
R MEM 0 2 38
R MEM 0 6 38
R MEM 1 2 38
R MEM 1 6 38
R MEM 2 2 38
R MEM 2 6 38
R MEM 3 2 38
R MEM 3 6 38
R MEM 4 2 38
R MEM 4 6 38
R MEM 5 2 38
R MEM 5 6 38
R MEM 0 2 38
R MEM 0 6 38
R MEM 1 2 38
R MEM 1 6 38
R MEM 2 2 38
R MEM 2 6 38
R MEM 3 2 38
R MEM 3 6 38
R MEM 4 2 38
R MEM 4 6 38
R MEM 5 2 38
R MEM 5 6 38
R MEM 0 2 38
R MEM 0 6 38
R MEM 1 2 38
R MEM 1 6 38
R MEM 2 2 38
R MEM 2 6 38
R MEM 3 2 38
R MEM 3 6 38
R MEM 4 2 38
R MEM 4 6 38
R MEM 5 2 38
R MEM 5 6 38
R MEM 0 2 38
R MEM 0 6 38
R MEM 1 2 38
R MEM 1 6 38
R MEM 2 2 38
R MEM 2 6 38
R MEM 3 2 38
R MEM 3 6 38
R MEM 4 2 38
R MEM 4 6 38
R MEM 5 2 38
R MEM 5 6 38
R MEM 0 2 38
R MEM 0 6 38
R MEM 1 2 38
R MEM 1 6 38
R MEM 2 2 38
R MEM 2 6 38
R MEM 3 2 38
R MEM 3 6 38
R MEM 4 2 38
R MEM 4 6 38
R MEM 5 2 38
R MEM 5 6 38
R MEM 0 2 38
R MEM 0 6 38
R MEM 1 2 38
R MEM 1 6 38
R MEM 2 2 38
R MEM 2 6 38
R MEM 3 2 38
R MEM 3 6 38
R MEM 4 2 38
R MEM 4 6 38
R MEM 5 2 38
R MEM 5 6 38
R MEM 0 2 39
R MEM 0 6 39
R MEM 1 2 39
R MEM 1 6 39
R MEM 2 2 39
R MEM 2 6 39
R MEM 3 2 39
R MEM 3 6 39
R MEM 4 2 39
R MEM 4 6 39
R MEM 5 2 39
R MEM 5 6 39
R MEM 0 2 39
R MEM 0 6 39
R MEM 1 2 39
R MEM 1 6 39
R MEM 2 2 39
R MEM 2 6 39
R MEM 3 2 39
R MEM 3 6 39
R MEM 4 2 39
R MEM 4 6 39
R MEM 5 2 39
R MEM 5 6 39
R MEM 0 2 39
R MEM 0 6 39
R MEM 1 2 39
R MEM 1 6 39
R MEM 2 2 39
R MEM 2 6 39
R MEM 3 2 39
R MEM 3 6 39
R MEM 4 2 39
R MEM 4 6 39
R MEM 5 2 39
R MEM 5 6 39
R MEM 0 2 39
R MEM 0 6 39
R MEM 1 2 39
R MEM 1 6 39
R MEM 2 2 39
R MEM 2 6 39
R MEM 3 2 39
R MEM 3 6 39
R MEM 4 2 39
R MEM 4 6 39
R MEM 5 2 39
R MEM 5 6 39
R MEM 0 2 39
R MEM 0 6 39
R MEM 1 2 39
R MEM 1 6 39
R MEM 2 2 39
R MEM 2 6 39
R MEM 3 2 39
R MEM 3 6 39
R MEM 4 2 39
R MEM 4 6 39
R MEM 5 2 39
R MEM 5 6 39
R MEM 0 2 39
R MEM 0 6 39
R MEM 1 2 39
R MEM 1 6 39
R MEM 2 2 39
R MEM 2 6 39
R MEM 3 2 39
R MEM 3 6 39
R MEM 4 2 39
R MEM 4 6 39
R MEM 5 2 39
R MEM 5 6 39
R MEM 0 2 39
R MEM 0 6 39
R MEM 1 2 39
R MEM 1 6 39
R MEM 2 2 39
R MEM 2 6 39
R MEM 3 2 39
R MEM 3 6 39
R MEM 4 2 39
R MEM 4 6 39
R MEM 5 2 39
R MEM 5 6 39
R MEM 0 2 39
R MEM 0 6 39
R MEM 1 2 39
R MEM 1 6 39
R MEM 2 2 39
R MEM 2 6 39
R MEM 3 2 39
R MEM 3 6 39
R MEM 4 2 39
R MEM 4 6 39
R MEM 5 2 39
R MEM 5 6 39
R MEM 0 2 39
R MEM 0 6 39
R MEM 1 2 39
R MEM 1 6 39
R MEM 2 2 39
R MEM 2 6 39
R MEM 3 2 39
R MEM 3 6 39
R MEM 4 2 39
R MEM 4 6 39
R MEM 5 2 39
R MEM 5 6 39
R MEM 0 2 39
R MEM 0 6 39
R MEM 1 2 39
R MEM 1 6 39
R MEM 2 2 39
R MEM 2 6 39
R MEM 3 2 39
R MEM 3 6 39
R MEM 4 2 39
R MEM 4 6 39
R MEM 5 2 39
R MEM 5 6 39
R MEM 0 2 39
R MEM 0 6 39
R MEM 1 2 39
R MEM 1 6 39
R MEM 2 2 39
R MEM 2 6 39
R MEM 3 2 39
R MEM 3 6 39
R MEM 4 2 39
R MEM 4 6 39
R MEM 5 2 39
R MEM 5 6 39
R MEM 0 2 39
R MEM 0 6 39
R MEM 1 2 39
R MEM 1 6 39
R MEM 2 2 39
R MEM 2 6 39
R MEM 3 2 39
R MEM 3 6 39
R MEM 4 2 39
R MEM 4 6 39
R MEM 5 2 39
R MEM 5 6 39
R MEM 0 2 39
R MEM 0 6 39
R MEM 1 2 39
R MEM 1 6 39
R MEM 2 2 39
R MEM 2 6 39
R MEM 3 2 39
R MEM 3 6 39
R MEM 4 2 39
R MEM 4 6 39
R MEM 5 2 39
R MEM 5 6 39
R MEM 0 2 39
R MEM 0 6 39
R MEM 1 2 39
R MEM 1 6 39
R MEM 2 2 39
R MEM 2 6 39
R MEM 3 2 39
R MEM 3 6 39
R MEM 4 2 39
R MEM 4 6 39
R MEM 5 2 39
R MEM 5 6 39
R MEM 0 2 39
R MEM 0 6 39
R MEM 1 2 39
R MEM 1 6 39
R MEM 2 2 39
R MEM 2 6 39
R MEM 3 2 39
R MEM 3 6 39
R MEM 4 2 39
R MEM 4 6 39
R MEM 5 2 39
R MEM 5 6 39
R MEM 0 2 39
R MEM 0 6 39
R MEM 1 2 39
R MEM 1 6 39
R MEM 2 2 39
R MEM 2 6 39
R MEM 3 2 39
R MEM 3 6 39
R MEM 4 2 39
R MEM 4 6 39
R MEM 5 2 39
R MEM 5 6 39
W MEM 0 0 36
W MEM 0 4 36
W MEM 1 0 36
W MEM 1 4 36
W MEM 2 0 36
W MEM 2 4 36
W MEM 3 0 36
W MEM 3 4 36
W MEM 4 0 36
W MEM 4 4 36
W MEM 5 0 36
W MEM 5 4 36
W MEM 0 0 36
W MEM 0 4 36
W MEM 1 0 36
W MEM 1 4 36
W MEM 2 0 36
W MEM 2 4 36
W MEM 3 0 36
W MEM 3 4 36
W MEM 4 0 36
W MEM 4 4 36
W MEM 5 0 36
W MEM 5 4 36
W MEM 0 0 36
W MEM 0 4 36
W MEM 1 0 36
W MEM 1 4 36
W MEM 2 0 36
W MEM 2 4 36
W MEM 3 0 36
W MEM 3 4 36
W MEM 4 0 36
W MEM 4 4 36
W MEM 5 0 36
W MEM 5 4 36
W MEM 0 0 36
W MEM 0 4 36
W MEM 1 0 36
W MEM 1 4 36
W MEM 2 0 36
W MEM 2 4 36
W MEM 3 0 36
W MEM 3 4 36
W MEM 4 0 36
W MEM 4 4 36
W MEM 5 0 36
W MEM 5 4 36
W MEM 0 0 36
W MEM 0 4 36
W MEM 1 0 36
W MEM 1 4 36
W MEM 2 0 36
W MEM 2 4 36
W MEM 3 0 36
W MEM 3 4 36
W MEM 4 0 36
W MEM 4 4 36
W MEM 5 0 36
W MEM 5 4 36
W MEM 0 0 36
W MEM 0 4 36
W MEM 1 0 36
W MEM 1 4 36
W MEM 2 0 36
W MEM 2 4 36
W MEM 3 0 36
W MEM 3 4 36
W MEM 4 0 36
W MEM 4 4 36
W MEM 5 0 36
W MEM 5 4 36
W MEM 0 0 36
W MEM 0 4 36
W MEM 1 0 36
W MEM 1 4 36
W MEM 2 0 36
W MEM 2 4 36
W MEM 3 0 36
W MEM 3 4 36
W MEM 4 0 36
W MEM 4 4 36
W MEM 5 0 36
W MEM 5 4 36
W MEM 0 0 36
W MEM 0 4 36
W MEM 1 0 36
W MEM 1 4 36
W MEM 2 0 36
W MEM 2 4 36
W MEM 3 0 36
W MEM 3 4 36
W MEM 4 0 36
W MEM 4 4 36
W MEM 5 0 36
W MEM 5 4 36
W MEM 0 0 36
W MEM 0 4 36
W MEM 1 0 36
W MEM 1 4 36
W MEM 2 0 36
W MEM 2 4 36
W MEM 3 0 36
W MEM 3 4 36
W MEM 4 0 36
W MEM 4 4 36
W MEM 5 0 36
W MEM 5 4 36
W MEM 0 0 36
W MEM 0 4 36
W MEM 1 0 36
W MEM 1 4 36
W MEM 2 0 36
W MEM 2 4 36
W MEM 3 0 36
W MEM 3 4 36
W MEM 4 0 36
W MEM 4 4 36
W MEM 5 0 36
W MEM 5 4 36
W MEM 0 0 36
W MEM 0 4 36
W MEM 1 0 36
W MEM 1 4 36
W MEM 2 0 36
W MEM 2 4 36
W MEM 3 0 36
W MEM 3 4 36
W MEM 4 0 36
W MEM 4 4 36
W MEM 5 0 36
W MEM 5 4 36
W MEM 0 0 36
W MEM 0 4 36
W MEM 1 0 36
W MEM 1 4 36
W MEM 2 0 36
W MEM 2 4 36
W MEM 3 0 36
W MEM 3 4 36
W MEM 4 0 36
W MEM 4 4 36
W MEM 5 0 36
W MEM 5 4 36
W MEM 0 0 36
W MEM 0 4 36
W MEM 1 0 36
W MEM 1 4 36
W MEM 2 0 36
W MEM 2 4 36
W MEM 3 0 36
W MEM 3 4 36
W MEM 4 0 36
W MEM 4 4 36
W MEM 5 0 36
W MEM 5 4 36
W MEM 0 0 36
W MEM 0 4 36
W MEM 1 0 36
W MEM 1 4 36
W MEM 2 0 36
W MEM 2 4 36
W MEM 3 0 36
W MEM 3 4 36
W MEM 4 0 36
W MEM 4 4 36
W MEM 5 0 36
W MEM 5 4 36
W MEM 0 0 36
W MEM 0 4 36
W MEM 1 0 36
W MEM 1 4 36
W MEM 2 0 36
W MEM 2 4 36
W MEM 3 0 36
W MEM 3 4 36
W MEM 4 0 36
W MEM 4 4 36
W MEM 5 0 36
W MEM 5 4 36
W MEM 0 0 36
W MEM 0 4 36
W MEM 1 0 36
W MEM 1 4 36
W MEM 2 0 36
W MEM 2 4 36
W MEM 3 0 36
W MEM 3 4 36
W MEM 4 0 36
W MEM 4 4 36
W MEM 5 0 36
W MEM 5 4 36
W MEM 0 0 37
W MEM 0 4 37
W MEM 1 0 37
W MEM 1 4 37
W MEM 2 0 37
W MEM 2 4 37
W MEM 3 0 37
W MEM 3 4 37
W MEM 4 0 37
W MEM 4 4 37
W MEM 5 0 37
W MEM 5 4 37
W MEM 0 0 37
W MEM 0 4 37
W MEM 1 0 37
W MEM 1 4 37
W MEM 2 0 37
W MEM 2 4 37
W MEM 3 0 37
W MEM 3 4 37
W MEM 4 0 37
W MEM 4 4 37
W MEM 5 0 37
W MEM 5 4 37
W MEM 0 0 37
W MEM 0 4 37
W MEM 1 0 37
W MEM 1 4 37
W MEM 2 0 37
W MEM 2 4 37
W MEM 3 0 37
W MEM 3 4 37
W MEM 4 0 37
W MEM 4 4 37
W MEM 5 0 37
W MEM 5 4 37
W MEM 0 0 37
W MEM 0 4 37
W MEM 1 0 37
W MEM 1 4 37
W MEM 2 0 37
W MEM 2 4 37
W MEM 3 0 37
W MEM 3 4 37
W MEM 4 0 37
W MEM 4 4 37
W MEM 5 0 37
W MEM 5 4 37
W MEM 0 0 37
W MEM 0 4 37
W MEM 1 0 37
W MEM 1 4 37
W MEM 2 0 37
W MEM 2 4 37
W MEM 3 0 37
W MEM 3 4 37
W MEM 4 0 37
W MEM 4 4 37
W MEM 5 0 37
W MEM 5 4 37
W MEM 0 0 37
W MEM 0 4 37
W MEM 1 0 37
W MEM 1 4 37
W MEM 2 0 37
W MEM 2 4 37
W MEM 3 0 37
W MEM 3 4 37
W MEM 4 0 37
W MEM 4 4 37
W MEM 5 0 37
W MEM 5 4 37
W MEM 0 0 37
W MEM 0 4 37
W MEM 1 0 37
W MEM 1 4 37
W MEM 2 0 37
W MEM 2 4 37
W MEM 3 0 37
W MEM 3 4 37
W MEM 4 0 37
W MEM 4 4 37
W MEM 5 0 37
W MEM 5 4 37
W MEM 0 0 37
W MEM 0 4 37
W MEM 1 0 37
W MEM 1 4 37
W MEM 2 0 37
W MEM 2 4 37
W MEM 3 0 37
W MEM 3 4 37
W MEM 4 0 37
W MEM 4 4 37
W MEM 5 0 37
W MEM 5 4 37
W MEM 0 0 37
W MEM 0 4 37
W MEM 1 0 37
W MEM 1 4 37
W MEM 2 0 37
W MEM 2 4 37
W MEM 3 0 37
W MEM 3 4 37
W MEM 4 0 37
W MEM 4 4 37
W MEM 5 0 37
W MEM 5 4 37
W MEM 0 0 37
W MEM 0 4 37
W MEM 1 0 37
W MEM 1 4 37
W MEM 2 0 37
W MEM 2 4 37
W MEM 3 0 37
W MEM 3 4 37
W MEM 4 0 37
W MEM 4 4 37
W MEM 5 0 37
W MEM 5 4 37
W MEM 0 0 37
W MEM 0 4 37
W MEM 1 0 37
W MEM 1 4 37
W MEM 2 0 37
W MEM 2 4 37
W MEM 3 0 37
W MEM 3 4 37
W MEM 4 0 37
W MEM 4 4 37
W MEM 5 0 37
W MEM 5 4 37
W MEM 0 0 37
W MEM 0 4 37
W MEM 1 0 37
W MEM 1 4 37
W MEM 2 0 37
W MEM 2 4 37
W MEM 3 0 37
W MEM 3 4 37
W MEM 4 0 37
W MEM 4 4 37
W MEM 5 0 37
W MEM 5 4 37
W MEM 0 0 37
W MEM 0 4 37
W MEM 1 0 37
W MEM 1 4 37
W MEM 2 0 37
W MEM 2 4 37
W MEM 3 0 37
W MEM 3 4 37
W MEM 4 0 37
W MEM 4 4 37
W MEM 5 0 37
W MEM 5 4 37
W MEM 0 0 37
W MEM 0 4 37
W MEM 1 0 37
W MEM 1 4 37
W MEM 2 0 37
W MEM 2 4 37
W MEM 3 0 37
W MEM 3 4 37
W MEM 4 0 37
W MEM 4 4 37
W MEM 5 0 37
W MEM 5 4 37
W MEM 0 0 37
W MEM 0 4 37
W MEM 1 0 37
W MEM 1 4 37
W MEM 2 0 37
W MEM 2 4 37
W MEM 3 0 37
W MEM 3 4 37
W MEM 4 0 37
W MEM 4 4 37
W MEM 5 0 37
W MEM 5 4 37
W MEM 0 0 37
W MEM 0 4 37
W MEM 1 0 37
W MEM 1 4 37
W MEM 2 0 37
W MEM 2 4 37
W MEM 3 0 37
W MEM 3 4 37
W MEM 4 0 37
W MEM 4 4 37
W MEM 5 0 37
W MEM 5 4 37
W MEM 0 0 38
W MEM 0 4 38
W MEM 1 0 38
W MEM 1 4 38
W MEM 2 0 38
W MEM 2 4 38
W MEM 3 0 38
W MEM 3 4 38
W MEM 4 0 38
W MEM 4 4 38
W MEM 5 0 38
W MEM 5 4 38
W MEM 0 0 38
W MEM 0 4 38
W MEM 1 0 38
W MEM 1 4 38
W MEM 2 0 38
W MEM 2 4 38
W MEM 3 0 38
W MEM 3 4 38
W MEM 4 0 38
W MEM 4 4 38
W MEM 5 0 38
W MEM 5 4 38
W MEM 0 0 38
W MEM 0 4 38
W MEM 1 0 38
W MEM 1 4 38
W MEM 2 0 38
W MEM 2 4 38
W MEM 3 0 38
W MEM 3 4 38
W MEM 4 0 38
W MEM 4 4 38
W MEM 5 0 38
W MEM 5 4 38
W MEM 0 0 38
W MEM 0 4 38
W MEM 1 0 38
W MEM 1 4 38
W MEM 2 0 38
W MEM 2 4 38
W MEM 3 0 38
W MEM 3 4 38
W MEM 4 0 38
W MEM 4 4 38
W MEM 5 0 38
W MEM 5 4 38
W MEM 0 0 38
W MEM 0 4 38
W MEM 1 0 38
W MEM 1 4 38
W MEM 2 0 38
W MEM 2 4 38
W MEM 3 0 38
W MEM 3 4 38
W MEM 4 0 38
W MEM 4 4 38
W MEM 5 0 38
W MEM 5 4 38
W MEM 0 0 38
W MEM 0 4 38
W MEM 1 0 38
W MEM 1 4 38
W MEM 2 0 38
W MEM 2 4 38
W MEM 3 0 38
W MEM 3 4 38
W MEM 4 0 38
W MEM 4 4 38
W MEM 5 0 38
W MEM 5 4 38
W MEM 0 0 38
W MEM 0 4 38
W MEM 1 0 38
W MEM 1 4 38
W MEM 2 0 38
W MEM 2 4 38
W MEM 3 0 38
W MEM 3 4 38
W MEM 4 0 38
W MEM 4 4 38
W MEM 5 0 38
W MEM 5 4 38
W MEM 0 0 38
W MEM 0 4 38
W MEM 1 0 38
W MEM 1 4 38
W MEM 2 0 38
W MEM 2 4 38
W MEM 3 0 38
W MEM 3 4 38
W MEM 4 0 38
W MEM 4 4 38
W MEM 5 0 38
W MEM 5 4 38
W MEM 0 0 38
W MEM 0 4 38
W MEM 1 0 38
W MEM 1 4 38
W MEM 2 0 38
W MEM 2 4 38
W MEM 3 0 38
W MEM 3 4 38
W MEM 4 0 38
W MEM 4 4 38
W MEM 5 0 38
W MEM 5 4 38
W MEM 0 0 38
W MEM 0 4 38
W MEM 1 0 38
W MEM 1 4 38
W MEM 2 0 38
W MEM 2 4 38
W MEM 3 0 38
W MEM 3 4 38
W MEM 4 0 38
W MEM 4 4 38
W MEM 5 0 38
W MEM 5 4 38
W MEM 0 0 38
W MEM 0 4 38
W MEM 1 0 38
W MEM 1 4 38
W MEM 2 0 38
W MEM 2 4 38
W MEM 3 0 38
W MEM 3 4 38
W MEM 4 0 38
W MEM 4 4 38
W MEM 5 0 38
W MEM 5 4 38
W MEM 0 0 38
W MEM 0 4 38
W MEM 1 0 38
W MEM 1 4 38
W MEM 2 0 38
W MEM 2 4 38
W MEM 3 0 38
W MEM 3 4 38
W MEM 4 0 38
W MEM 4 4 38
W MEM 5 0 38
W MEM 5 4 38
W MEM 0 0 38
W MEM 0 4 38
W MEM 1 0 38
W MEM 1 4 38
W MEM 2 0 38
W MEM 2 4 38
W MEM 3 0 38
W MEM 3 4 38
W MEM 4 0 38
W MEM 4 4 38
W MEM 5 0 38
W MEM 5 4 38
W MEM 0 0 38
W MEM 0 4 38
W MEM 1 0 38
W MEM 1 4 38
W MEM 2 0 38
W MEM 2 4 38
W MEM 3 0 38
W MEM 3 4 38
W MEM 4 0 38
W MEM 4 4 38
W MEM 5 0 38
W MEM 5 4 38
W MEM 0 0 38
W MEM 0 4 38
W MEM 1 0 38
W MEM 1 4 38
W MEM 2 0 38
W MEM 2 4 38
W MEM 3 0 38
W MEM 3 4 38
W MEM 4 0 38
W MEM 4 4 38
W MEM 5 0 38
W MEM 5 4 38
W MEM 0 0 38
W MEM 0 4 38
W MEM 1 0 38
W MEM 1 4 38
W MEM 2 0 38
W MEM 2 4 38
W MEM 3 0 38
W MEM 3 4 38
W MEM 4 0 38
W MEM 4 4 38
W MEM 5 0 38
W MEM 5 4 38
W MEM 0 0 39
W MEM 0 4 39
W MEM 1 0 39
W MEM 1 4 39
W MEM 2 0 39
W MEM 2 4 39
W MEM 3 0 39
W MEM 3 4 39
W MEM 4 0 39
W MEM 4 4 39
W MEM 5 0 39
W MEM 5 4 39
W MEM 0 0 39
W MEM 0 4 39
W MEM 1 0 39
W MEM 1 4 39
W MEM 2 0 39
W MEM 2 4 39
W MEM 3 0 39
W MEM 3 4 39
W MEM 4 0 39
W MEM 4 4 39
W MEM 5 0 39
W MEM 5 4 39
W MEM 0 0 39
W MEM 0 4 39
W MEM 1 0 39
W MEM 1 4 39
W MEM 2 0 39
W MEM 2 4 39
W MEM 3 0 39
W MEM 3 4 39
W MEM 4 0 39
W MEM 4 4 39
W MEM 5 0 39
W MEM 5 4 39
W MEM 0 0 39
W MEM 0 4 39
W MEM 1 0 39
W MEM 1 4 39
W MEM 2 0 39
W MEM 2 4 39
W MEM 3 0 39
W MEM 3 4 39
W MEM 4 0 39
W MEM 4 4 39
W MEM 5 0 39
W MEM 5 4 39
W MEM 0 0 39
W MEM 0 4 39
W MEM 1 0 39
W MEM 1 4 39
W MEM 2 0 39
W MEM 2 4 39
W MEM 3 0 39
W MEM 3 4 39
W MEM 4 0 39
W MEM 4 4 39
W MEM 5 0 39
W MEM 5 4 39
W MEM 0 0 39
W MEM 0 4 39
W MEM 1 0 39
W MEM 1 4 39
W MEM 2 0 39
W MEM 2 4 39
W MEM 3 0 39
W MEM 3 4 39
W MEM 4 0 39
W MEM 4 4 39
W MEM 5 0 39
W MEM 5 4 39
W MEM 0 0 39
W MEM 0 4 39
W MEM 1 0 39
W MEM 1 4 39
W MEM 2 0 39
W MEM 2 4 39
W MEM 3 0 39
W MEM 3 4 39
W MEM 4 0 39
W MEM 4 4 39
W MEM 5 0 39
W MEM 5 4 39
W MEM 0 0 39
W MEM 0 4 39
W MEM 1 0 39
W MEM 1 4 39
W MEM 2 0 39
W MEM 2 4 39
W MEM 3 0 39
W MEM 3 4 39
W MEM 4 0 39
W MEM 4 4 39
W MEM 5 0 39
W MEM 5 4 39
W MEM 0 0 39
W MEM 0 4 39
W MEM 1 0 39
W MEM 1 4 39
W MEM 2 0 39
W MEM 2 4 39
W MEM 3 0 39
W MEM 3 4 39
W MEM 4 0 39
W MEM 4 4 39
W MEM 5 0 39
W MEM 5 4 39
W MEM 0 0 39
W MEM 0 4 39
W MEM 1 0 39
W MEM 1 4 39
W MEM 2 0 39
W MEM 2 4 39
W MEM 3 0 39
W MEM 3 4 39
W MEM 4 0 39
W MEM 4 4 39
W MEM 5 0 39
W MEM 5 4 39
W MEM 0 0 39
W MEM 0 4 39
W MEM 1 0 39
W MEM 1 4 39
W MEM 2 0 39
W MEM 2 4 39
W MEM 3 0 39
W MEM 3 4 39
W MEM 4 0 39
W MEM 4 4 39
W MEM 5 0 39
W MEM 5 4 39
W MEM 0 0 39
W MEM 0 4 39
W MEM 1 0 39
W MEM 1 4 39
W MEM 2 0 39
W MEM 2 4 39
W MEM 3 0 39
W MEM 3 4 39
W MEM 4 0 39
W MEM 4 4 39
W MEM 5 0 39
W MEM 5 4 39
W MEM 0 0 39
W MEM 0 4 39
W MEM 1 0 39
W MEM 1 4 39
W MEM 2 0 39
W MEM 2 4 39
W MEM 3 0 39
W MEM 3 4 39
W MEM 4 0 39
W MEM 4 4 39
W MEM 5 0 39
W MEM 5 4 39
W MEM 0 0 39
W MEM 0 4 39
W MEM 1 0 39
W MEM 1 4 39
W MEM 2 0 39
W MEM 2 4 39
W MEM 3 0 39
W MEM 3 4 39
W MEM 4 0 39
W MEM 4 4 39
W MEM 5 0 39
W MEM 5 4 39
W MEM 0 0 39
W MEM 0 4 39
W MEM 1 0 39
W MEM 1 4 39
W MEM 2 0 39
W MEM 2 4 39
W MEM 3 0 39
W MEM 3 4 39
W MEM 4 0 39
W MEM 4 4 39
W MEM 5 0 39
W MEM 5 4 39
W MEM 0 0 39
W MEM 0 4 39
W MEM 1 0 39
W MEM 1 4 39
W MEM 2 0 39
W MEM 2 4 39
W MEM 3 0 39
W MEM 3 4 39
W MEM 4 0 39
W MEM 4 4 39
W MEM 5 0 39
W MEM 5 4 39
AiM EWMUL 16 0xffffffff 36
AiM EWMUL 16 0xffffffff 37
AiM EWMUL 16 0xffffffff 38
AiM EWMUL 16 0xffffffff 39
R MEM 0 2 36
R MEM 0 6 36
R MEM 1 2 36
R MEM 1 6 36
R MEM 2 2 36
R MEM 2 6 36
R MEM 3 2 36
R MEM 3 6 36
R MEM 4 2 36
R MEM 4 6 36
R MEM 5 2 36
R MEM 5 6 36
R MEM 0 2 36
R MEM 0 6 36
R MEM 1 2 36
R MEM 1 6 36
R MEM 2 2 36
R MEM 2 6 36
R MEM 3 2 36
R MEM 3 6 36
R MEM 4 2 36
R MEM 4 6 36
R MEM 5 2 36
R MEM 5 6 36
R MEM 0 2 36
R MEM 0 6 36
R MEM 1 2 36
R MEM 1 6 36
R MEM 2 2 36
R MEM 2 6 36
R MEM 3 2 36
R MEM 3 6 36
R MEM 4 2 36
R MEM 4 6 36
R MEM 5 2 36
R MEM 5 6 36
R MEM 0 2 36
R MEM 0 6 36
R MEM 1 2 36
R MEM 1 6 36
R MEM 2 2 36
R MEM 2 6 36
R MEM 3 2 36
R MEM 3 6 36
R MEM 4 2 36
R MEM 4 6 36
R MEM 5 2 36
R MEM 5 6 36
R MEM 0 2 36
R MEM 0 6 36
R MEM 1 2 36
R MEM 1 6 36
R MEM 2 2 36
R MEM 2 6 36
R MEM 3 2 36
R MEM 3 6 36
R MEM 4 2 36
R MEM 4 6 36
R MEM 5 2 36
R MEM 5 6 36
R MEM 0 2 36
R MEM 0 6 36
R MEM 1 2 36
R MEM 1 6 36
R MEM 2 2 36
R MEM 2 6 36
R MEM 3 2 36
R MEM 3 6 36
R MEM 4 2 36
R MEM 4 6 36
R MEM 5 2 36
R MEM 5 6 36
R MEM 0 2 36
R MEM 0 6 36
R MEM 1 2 36
R MEM 1 6 36
R MEM 2 2 36
R MEM 2 6 36
R MEM 3 2 36
R MEM 3 6 36
R MEM 4 2 36
R MEM 4 6 36
R MEM 5 2 36
R MEM 5 6 36
R MEM 0 2 36
R MEM 0 6 36
R MEM 1 2 36
R MEM 1 6 36
R MEM 2 2 36
R MEM 2 6 36
R MEM 3 2 36
R MEM 3 6 36
R MEM 4 2 36
R MEM 4 6 36
R MEM 5 2 36
R MEM 5 6 36
R MEM 0 2 36
R MEM 0 6 36
R MEM 1 2 36
R MEM 1 6 36
R MEM 2 2 36
R MEM 2 6 36
R MEM 3 2 36
R MEM 3 6 36
R MEM 4 2 36
R MEM 4 6 36
R MEM 5 2 36
R MEM 5 6 36
R MEM 0 2 36
R MEM 0 6 36
R MEM 1 2 36
R MEM 1 6 36
R MEM 2 2 36
R MEM 2 6 36
R MEM 3 2 36
R MEM 3 6 36
R MEM 4 2 36
R MEM 4 6 36
R MEM 5 2 36
R MEM 5 6 36
R MEM 0 2 36
R MEM 0 6 36
R MEM 1 2 36
R MEM 1 6 36
R MEM 2 2 36
R MEM 2 6 36
R MEM 3 2 36
R MEM 3 6 36
R MEM 4 2 36
R MEM 4 6 36
R MEM 5 2 36
R MEM 5 6 36
R MEM 0 2 36
R MEM 0 6 36
R MEM 1 2 36
R MEM 1 6 36
R MEM 2 2 36
R MEM 2 6 36
R MEM 3 2 36
R MEM 3 6 36
R MEM 4 2 36
R MEM 4 6 36
R MEM 5 2 36
R MEM 5 6 36
R MEM 0 2 36
R MEM 0 6 36
R MEM 1 2 36
R MEM 1 6 36
R MEM 2 2 36
R MEM 2 6 36
R MEM 3 2 36
R MEM 3 6 36
R MEM 4 2 36
R MEM 4 6 36
R MEM 5 2 36
R MEM 5 6 36
R MEM 0 2 36
R MEM 0 6 36
R MEM 1 2 36
R MEM 1 6 36
R MEM 2 2 36
R MEM 2 6 36
R MEM 3 2 36
R MEM 3 6 36
R MEM 4 2 36
R MEM 4 6 36
R MEM 5 2 36
R MEM 5 6 36
R MEM 0 2 36
R MEM 0 6 36
R MEM 1 2 36
R MEM 1 6 36
R MEM 2 2 36
R MEM 2 6 36
R MEM 3 2 36
R MEM 3 6 36
R MEM 4 2 36
R MEM 4 6 36
R MEM 5 2 36
R MEM 5 6 36
R MEM 0 2 36
R MEM 0 6 36
R MEM 1 2 36
R MEM 1 6 36
R MEM 2 2 36
R MEM 2 6 36
R MEM 3 2 36
R MEM 3 6 36
R MEM 4 2 36
R MEM 4 6 36
R MEM 5 2 36
R MEM 5 6 36
R MEM 0 2 37
R MEM 0 6 37
R MEM 1 2 37
R MEM 1 6 37
R MEM 2 2 37
R MEM 2 6 37
R MEM 3 2 37
R MEM 3 6 37
R MEM 4 2 37
R MEM 4 6 37
R MEM 5 2 37
R MEM 5 6 37
R MEM 0 2 37
R MEM 0 6 37
R MEM 1 2 37
R MEM 1 6 37
R MEM 2 2 37
R MEM 2 6 37
R MEM 3 2 37
R MEM 3 6 37
R MEM 4 2 37
R MEM 4 6 37
R MEM 5 2 37
R MEM 5 6 37
R MEM 0 2 37
R MEM 0 6 37
R MEM 1 2 37
R MEM 1 6 37
R MEM 2 2 37
R MEM 2 6 37
R MEM 3 2 37
R MEM 3 6 37
R MEM 4 2 37
R MEM 4 6 37
R MEM 5 2 37
R MEM 5 6 37
R MEM 0 2 37
R MEM 0 6 37
R MEM 1 2 37
R MEM 1 6 37
R MEM 2 2 37
R MEM 2 6 37
R MEM 3 2 37
R MEM 3 6 37
R MEM 4 2 37
R MEM 4 6 37
R MEM 5 2 37
R MEM 5 6 37
R MEM 0 2 37
R MEM 0 6 37
R MEM 1 2 37
R MEM 1 6 37
R MEM 2 2 37
R MEM 2 6 37
R MEM 3 2 37
R MEM 3 6 37
R MEM 4 2 37
R MEM 4 6 37
R MEM 5 2 37
R MEM 5 6 37
R MEM 0 2 37
R MEM 0 6 37
R MEM 1 2 37
R MEM 1 6 37
R MEM 2 2 37
R MEM 2 6 37
R MEM 3 2 37
R MEM 3 6 37
R MEM 4 2 37
R MEM 4 6 37
R MEM 5 2 37
R MEM 5 6 37
R MEM 0 2 37
R MEM 0 6 37
R MEM 1 2 37
R MEM 1 6 37
R MEM 2 2 37
R MEM 2 6 37
R MEM 3 2 37
R MEM 3 6 37
R MEM 4 2 37
R MEM 4 6 37
R MEM 5 2 37
R MEM 5 6 37
R MEM 0 2 37
R MEM 0 6 37
R MEM 1 2 37
R MEM 1 6 37
R MEM 2 2 37
R MEM 2 6 37
R MEM 3 2 37
R MEM 3 6 37
R MEM 4 2 37
R MEM 4 6 37
R MEM 5 2 37
R MEM 5 6 37
R MEM 0 2 37
R MEM 0 6 37
R MEM 1 2 37
R MEM 1 6 37
R MEM 2 2 37
R MEM 2 6 37
R MEM 3 2 37
R MEM 3 6 37
R MEM 4 2 37
R MEM 4 6 37
R MEM 5 2 37
R MEM 5 6 37
R MEM 0 2 37
R MEM 0 6 37
R MEM 1 2 37
R MEM 1 6 37
R MEM 2 2 37
R MEM 2 6 37
R MEM 3 2 37
R MEM 3 6 37
R MEM 4 2 37
R MEM 4 6 37
R MEM 5 2 37
R MEM 5 6 37
R MEM 0 2 37
R MEM 0 6 37
R MEM 1 2 37
R MEM 1 6 37
R MEM 2 2 37
R MEM 2 6 37
R MEM 3 2 37
R MEM 3 6 37
R MEM 4 2 37
R MEM 4 6 37
R MEM 5 2 37
R MEM 5 6 37
R MEM 0 2 37
R MEM 0 6 37
R MEM 1 2 37
R MEM 1 6 37
R MEM 2 2 37
R MEM 2 6 37
R MEM 3 2 37
R MEM 3 6 37
R MEM 4 2 37
R MEM 4 6 37
R MEM 5 2 37
R MEM 5 6 37
R MEM 0 2 37
R MEM 0 6 37
R MEM 1 2 37
R MEM 1 6 37
R MEM 2 2 37
R MEM 2 6 37
R MEM 3 2 37
R MEM 3 6 37
R MEM 4 2 37
R MEM 4 6 37
R MEM 5 2 37
R MEM 5 6 37
R MEM 0 2 37
R MEM 0 6 37
R MEM 1 2 37
R MEM 1 6 37
R MEM 2 2 37
R MEM 2 6 37
R MEM 3 2 37
R MEM 3 6 37
R MEM 4 2 37
R MEM 4 6 37
R MEM 5 2 37
R MEM 5 6 37
R MEM 0 2 37
R MEM 0 6 37
R MEM 1 2 37
R MEM 1 6 37
R MEM 2 2 37
R MEM 2 6 37
R MEM 3 2 37
R MEM 3 6 37
R MEM 4 2 37
R MEM 4 6 37
R MEM 5 2 37
R MEM 5 6 37
R MEM 0 2 37
R MEM 0 6 37
R MEM 1 2 37
R MEM 1 6 37
R MEM 2 2 37
R MEM 2 6 37
R MEM 3 2 37
R MEM 3 6 37
R MEM 4 2 37
R MEM 4 6 37
R MEM 5 2 37
R MEM 5 6 37
R MEM 0 2 38
R MEM 0 6 38
R MEM 1 2 38
R MEM 1 6 38
R MEM 2 2 38
R MEM 2 6 38
R MEM 3 2 38
R MEM 3 6 38
R MEM 4 2 38
R MEM 4 6 38
R MEM 5 2 38
R MEM 5 6 38
R MEM 0 2 38
R MEM 0 6 38
R MEM 1 2 38
R MEM 1 6 38
R MEM 2 2 38
R MEM 2 6 38
R MEM 3 2 38
R MEM 3 6 38
R MEM 4 2 38
R MEM 4 6 38
R MEM 5 2 38
R MEM 5 6 38
R MEM 0 2 38
R MEM 0 6 38
R MEM 1 2 38
R MEM 1 6 38
R MEM 2 2 38
R MEM 2 6 38
R MEM 3 2 38
R MEM 3 6 38
R MEM 4 2 38
R MEM 4 6 38
R MEM 5 2 38
R MEM 5 6 38
R MEM 0 2 38
R MEM 0 6 38
R MEM 1 2 38
R MEM 1 6 38
R MEM 2 2 38
R MEM 2 6 38
R MEM 3 2 38
R MEM 3 6 38
R MEM 4 2 38
R MEM 4 6 38
R MEM 5 2 38
R MEM 5 6 38
R MEM 0 2 38
R MEM 0 6 38
R MEM 1 2 38
R MEM 1 6 38
R MEM 2 2 38
R MEM 2 6 38
R MEM 3 2 38
R MEM 3 6 38
R MEM 4 2 38
R MEM 4 6 38
R MEM 5 2 38
R MEM 5 6 38
R MEM 0 2 38
R MEM 0 6 38
R MEM 1 2 38
R MEM 1 6 38
R MEM 2 2 38
R MEM 2 6 38
R MEM 3 2 38
R MEM 3 6 38
R MEM 4 2 38
R MEM 4 6 38
R MEM 5 2 38
R MEM 5 6 38
R MEM 0 2 38
R MEM 0 6 38
R MEM 1 2 38
R MEM 1 6 38
R MEM 2 2 38
R MEM 2 6 38
R MEM 3 2 38
R MEM 3 6 38
R MEM 4 2 38
R MEM 4 6 38
R MEM 5 2 38
R MEM 5 6 38
R MEM 0 2 38
R MEM 0 6 38
R MEM 1 2 38
R MEM 1 6 38
R MEM 2 2 38
R MEM 2 6 38
R MEM 3 2 38
R MEM 3 6 38
R MEM 4 2 38
R MEM 4 6 38
R MEM 5 2 38
R MEM 5 6 38
R MEM 0 2 38
R MEM 0 6 38
R MEM 1 2 38
R MEM 1 6 38
R MEM 2 2 38
R MEM 2 6 38
R MEM 3 2 38
R MEM 3 6 38
R MEM 4 2 38
R MEM 4 6 38
R MEM 5 2 38
R MEM 5 6 38
R MEM 0 2 38
R MEM 0 6 38
R MEM 1 2 38
R MEM 1 6 38
R MEM 2 2 38
R MEM 2 6 38
R MEM 3 2 38
R MEM 3 6 38
R MEM 4 2 38
R MEM 4 6 38
R MEM 5 2 38
R MEM 5 6 38
R MEM 0 2 38
R MEM 0 6 38
R MEM 1 2 38
R MEM 1 6 38
R MEM 2 2 38
R MEM 2 6 38
R MEM 3 2 38
R MEM 3 6 38
R MEM 4 2 38
R MEM 4 6 38
R MEM 5 2 38
R MEM 5 6 38
R MEM 0 2 38
R MEM 0 6 38
R MEM 1 2 38
R MEM 1 6 38
R MEM 2 2 38
R MEM 2 6 38
R MEM 3 2 38
R MEM 3 6 38
R MEM 4 2 38
R MEM 4 6 38
R MEM 5 2 38
R MEM 5 6 38
R MEM 0 2 38
R MEM 0 6 38
R MEM 1 2 38
R MEM 1 6 38
R MEM 2 2 38
R MEM 2 6 38
R MEM 3 2 38
R MEM 3 6 38
R MEM 4 2 38
R MEM 4 6 38
R MEM 5 2 38
R MEM 5 6 38
R MEM 0 2 38
R MEM 0 6 38
R MEM 1 2 38
R MEM 1 6 38
R MEM 2 2 38
R MEM 2 6 38
R MEM 3 2 38
R MEM 3 6 38
R MEM 4 2 38
R MEM 4 6 38
R MEM 5 2 38
R MEM 5 6 38
R MEM 0 2 38
R MEM 0 6 38
R MEM 1 2 38
R MEM 1 6 38
R MEM 2 2 38
R MEM 2 6 38
R MEM 3 2 38
R MEM 3 6 38
R MEM 4 2 38
R MEM 4 6 38
R MEM 5 2 38
R MEM 5 6 38
R MEM 0 2 38
R MEM 0 6 38
R MEM 1 2 38
R MEM 1 6 38
R MEM 2 2 38
R MEM 2 6 38
R MEM 3 2 38
R MEM 3 6 38
R MEM 4 2 38
R MEM 4 6 38
R MEM 5 2 38
R MEM 5 6 38
R MEM 0 2 39
R MEM 0 6 39
R MEM 1 2 39
R MEM 1 6 39
R MEM 2 2 39
R MEM 2 6 39
R MEM 3 2 39
R MEM 3 6 39
R MEM 4 2 39
R MEM 4 6 39
R MEM 5 2 39
R MEM 5 6 39
R MEM 0 2 39
R MEM 0 6 39
R MEM 1 2 39
R MEM 1 6 39
R MEM 2 2 39
R MEM 2 6 39
R MEM 3 2 39
R MEM 3 6 39
R MEM 4 2 39
R MEM 4 6 39
R MEM 5 2 39
R MEM 5 6 39
R MEM 0 2 39
R MEM 0 6 39
R MEM 1 2 39
R MEM 1 6 39
R MEM 2 2 39
R MEM 2 6 39
R MEM 3 2 39
R MEM 3 6 39
R MEM 4 2 39
R MEM 4 6 39
R MEM 5 2 39
R MEM 5 6 39
R MEM 0 2 39
R MEM 0 6 39
R MEM 1 2 39
R MEM 1 6 39
R MEM 2 2 39
R MEM 2 6 39
R MEM 3 2 39
R MEM 3 6 39
R MEM 4 2 39
R MEM 4 6 39
R MEM 5 2 39
R MEM 5 6 39
R MEM 0 2 39
R MEM 0 6 39
R MEM 1 2 39
R MEM 1 6 39
R MEM 2 2 39
R MEM 2 6 39
R MEM 3 2 39
R MEM 3 6 39
R MEM 4 2 39
R MEM 4 6 39
R MEM 5 2 39
R MEM 5 6 39
R MEM 0 2 39
R MEM 0 6 39
R MEM 1 2 39
R MEM 1 6 39
R MEM 2 2 39
R MEM 2 6 39
R MEM 3 2 39
R MEM 3 6 39
R MEM 4 2 39
R MEM 4 6 39
R MEM 5 2 39
R MEM 5 6 39
R MEM 0 2 39
R MEM 0 6 39
R MEM 1 2 39
R MEM 1 6 39
R MEM 2 2 39
R MEM 2 6 39
R MEM 3 2 39
R MEM 3 6 39
R MEM 4 2 39
R MEM 4 6 39
R MEM 5 2 39
R MEM 5 6 39
R MEM 0 2 39
R MEM 0 6 39
R MEM 1 2 39
R MEM 1 6 39
R MEM 2 2 39
R MEM 2 6 39
R MEM 3 2 39
R MEM 3 6 39
R MEM 4 2 39
R MEM 4 6 39
R MEM 5 2 39
R MEM 5 6 39
R MEM 0 2 39
R MEM 0 6 39
R MEM 1 2 39
R MEM 1 6 39
R MEM 2 2 39
R MEM 2 6 39
R MEM 3 2 39
R MEM 3 6 39
R MEM 4 2 39
R MEM 4 6 39
R MEM 5 2 39
R MEM 5 6 39
R MEM 0 2 39
R MEM 0 6 39
R MEM 1 2 39
R MEM 1 6 39
R MEM 2 2 39
R MEM 2 6 39
R MEM 3 2 39
R MEM 3 6 39
R MEM 4 2 39
R MEM 4 6 39
R MEM 5 2 39
R MEM 5 6 39
R MEM 0 2 39
R MEM 0 6 39
R MEM 1 2 39
R MEM 1 6 39
R MEM 2 2 39
R MEM 2 6 39
R MEM 3 2 39
R MEM 3 6 39
R MEM 4 2 39
R MEM 4 6 39
R MEM 5 2 39
R MEM 5 6 39
R MEM 0 2 39
R MEM 0 6 39
R MEM 1 2 39
R MEM 1 6 39
R MEM 2 2 39
R MEM 2 6 39
R MEM 3 2 39
R MEM 3 6 39
R MEM 4 2 39
R MEM 4 6 39
R MEM 5 2 39
R MEM 5 6 39
R MEM 0 2 39
R MEM 0 6 39
R MEM 1 2 39
R MEM 1 6 39
R MEM 2 2 39
R MEM 2 6 39
R MEM 3 2 39
R MEM 3 6 39
R MEM 4 2 39
R MEM 4 6 39
R MEM 5 2 39
R MEM 5 6 39
R MEM 0 2 39
R MEM 0 6 39
R MEM 1 2 39
R MEM 1 6 39
R MEM 2 2 39
R MEM 2 6 39
R MEM 3 2 39
R MEM 3 6 39
R MEM 4 2 39
R MEM 4 6 39
R MEM 5 2 39
R MEM 5 6 39
R MEM 0 2 39
R MEM 0 6 39
R MEM 1 2 39
R MEM 1 6 39
R MEM 2 2 39
R MEM 2 6 39
R MEM 3 2 39
R MEM 3 6 39
R MEM 4 2 39
R MEM 4 6 39
R MEM 5 2 39
R MEM 5 6 39
R MEM 0 2 39
R MEM 0 6 39
R MEM 1 2 39
R MEM 1 6 39
R MEM 2 2 39
R MEM 2 6 39
R MEM 3 2 39
R MEM 3 6 39
R MEM 4 2 39
R MEM 4 6 39
R MEM 5 2 39
R MEM 5 6 39
AiM EWMUL 16 0xffffffff 36
AiM EWMUL 16 0xffffffff 37
AiM EWMUL 16 0xffffffff 38
AiM EWMUL 16 0xffffffff 39
AiM EWMUL 16 0xffffffff 40
AiM EWMUL 16 0xffffffff 41
AiM EWMUL 16 0xffffffff 42
AiM EWMUL 16 0xffffffff 43
R MEM 0 2 36
R MEM 0 6 36
R MEM 1 2 36
R MEM 1 6 36
R MEM 2 2 36
R MEM 2 6 36
R MEM 3 2 36
R MEM 3 6 36
R MEM 4 2 36
R MEM 4 6 36
R MEM 5 2 36
R MEM 5 6 36
R MEM 0 2 36
R MEM 0 6 36
R MEM 1 2 36
R MEM 1 6 36
R MEM 2 2 36
R MEM 2 6 36
R MEM 3 2 36
R MEM 3 6 36
R MEM 4 2 36
R MEM 4 6 36
R MEM 5 2 36
R MEM 5 6 36
R MEM 0 2 36
R MEM 0 6 36
R MEM 1 2 36
R MEM 1 6 36
R MEM 2 2 36
R MEM 2 6 36
R MEM 3 2 36
R MEM 3 6 36
R MEM 4 2 36
R MEM 4 6 36
R MEM 5 2 36
R MEM 5 6 36
R MEM 0 2 36
R MEM 0 6 36
R MEM 1 2 36
R MEM 1 6 36
R MEM 2 2 36
R MEM 2 6 36
R MEM 3 2 36
R MEM 3 6 36
R MEM 4 2 36
R MEM 4 6 36
R MEM 5 2 36
R MEM 5 6 36
R MEM 0 2 36
R MEM 0 6 36
R MEM 1 2 36
R MEM 1 6 36
R MEM 2 2 36
R MEM 2 6 36
R MEM 3 2 36
R MEM 3 6 36
R MEM 4 2 36
R MEM 4 6 36
R MEM 5 2 36
R MEM 5 6 36
R MEM 0 2 36
R MEM 0 6 36
R MEM 1 2 36
R MEM 1 6 36
R MEM 2 2 36
R MEM 2 6 36
R MEM 3 2 36
R MEM 3 6 36
R MEM 4 2 36
R MEM 4 6 36
R MEM 5 2 36
R MEM 5 6 36
R MEM 0 2 36
R MEM 0 6 36
R MEM 1 2 36
R MEM 1 6 36
R MEM 2 2 36
R MEM 2 6 36
R MEM 3 2 36
R MEM 3 6 36
R MEM 4 2 36
R MEM 4 6 36
R MEM 5 2 36
R MEM 5 6 36
R MEM 0 2 36
R MEM 0 6 36
R MEM 1 2 36
R MEM 1 6 36
R MEM 2 2 36
R MEM 2 6 36
R MEM 3 2 36
R MEM 3 6 36
R MEM 4 2 36
R MEM 4 6 36
R MEM 5 2 36
R MEM 5 6 36
R MEM 0 2 36
R MEM 0 6 36
R MEM 1 2 36
R MEM 1 6 36
R MEM 2 2 36
R MEM 2 6 36
R MEM 3 2 36
R MEM 3 6 36
R MEM 4 2 36
R MEM 4 6 36
R MEM 5 2 36
R MEM 5 6 36
R MEM 0 2 36
R MEM 0 6 36
R MEM 1 2 36
R MEM 1 6 36
R MEM 2 2 36
R MEM 2 6 36
R MEM 3 2 36
R MEM 3 6 36
R MEM 4 2 36
R MEM 4 6 36
R MEM 5 2 36
R MEM 5 6 36
R MEM 0 2 36
R MEM 0 6 36
R MEM 1 2 36
R MEM 1 6 36
R MEM 2 2 36
R MEM 2 6 36
R MEM 3 2 36
R MEM 3 6 36
R MEM 4 2 36
R MEM 4 6 36
R MEM 5 2 36
R MEM 5 6 36
R MEM 0 2 36
R MEM 0 6 36
R MEM 1 2 36
R MEM 1 6 36
R MEM 2 2 36
R MEM 2 6 36
R MEM 3 2 36
R MEM 3 6 36
R MEM 4 2 36
R MEM 4 6 36
R MEM 5 2 36
R MEM 5 6 36
R MEM 0 2 36
R MEM 0 6 36
R MEM 1 2 36
R MEM 1 6 36
R MEM 2 2 36
R MEM 2 6 36
R MEM 3 2 36
R MEM 3 6 36
R MEM 4 2 36
R MEM 4 6 36
R MEM 5 2 36
R MEM 5 6 36
R MEM 0 2 36
R MEM 0 6 36
R MEM 1 2 36
R MEM 1 6 36
R MEM 2 2 36
R MEM 2 6 36
R MEM 3 2 36
R MEM 3 6 36
R MEM 4 2 36
R MEM 4 6 36
R MEM 5 2 36
R MEM 5 6 36
R MEM 0 2 36
R MEM 0 6 36
R MEM 1 2 36
R MEM 1 6 36
R MEM 2 2 36
R MEM 2 6 36
R MEM 3 2 36
R MEM 3 6 36
R MEM 4 2 36
R MEM 4 6 36
R MEM 5 2 36
R MEM 5 6 36
R MEM 0 2 36
R MEM 0 6 36
R MEM 1 2 36
R MEM 1 6 36
R MEM 2 2 36
R MEM 2 6 36
R MEM 3 2 36
R MEM 3 6 36
R MEM 4 2 36
R MEM 4 6 36
R MEM 5 2 36
R MEM 5 6 36
R MEM 0 2 37
R MEM 0 6 37
R MEM 1 2 37
R MEM 1 6 37
R MEM 2 2 37
R MEM 2 6 37
R MEM 3 2 37
R MEM 3 6 37
R MEM 4 2 37
R MEM 4 6 37
R MEM 5 2 37
R MEM 5 6 37
R MEM 0 2 37
R MEM 0 6 37
R MEM 1 2 37
R MEM 1 6 37
R MEM 2 2 37
R MEM 2 6 37
R MEM 3 2 37
R MEM 3 6 37
R MEM 4 2 37
R MEM 4 6 37
R MEM 5 2 37
R MEM 5 6 37
R MEM 0 2 37
R MEM 0 6 37
R MEM 1 2 37
R MEM 1 6 37
R MEM 2 2 37
R MEM 2 6 37
R MEM 3 2 37
R MEM 3 6 37
R MEM 4 2 37
R MEM 4 6 37
R MEM 5 2 37
R MEM 5 6 37
R MEM 0 2 37
R MEM 0 6 37
R MEM 1 2 37
R MEM 1 6 37
R MEM 2 2 37
R MEM 2 6 37
R MEM 3 2 37
R MEM 3 6 37
R MEM 4 2 37
R MEM 4 6 37
R MEM 5 2 37
R MEM 5 6 37
R MEM 0 2 37
R MEM 0 6 37
R MEM 1 2 37
R MEM 1 6 37
R MEM 2 2 37
R MEM 2 6 37
R MEM 3 2 37
R MEM 3 6 37
R MEM 4 2 37
R MEM 4 6 37
R MEM 5 2 37
R MEM 5 6 37
R MEM 0 2 37
R MEM 0 6 37
R MEM 1 2 37
R MEM 1 6 37
R MEM 2 2 37
R MEM 2 6 37
R MEM 3 2 37
R MEM 3 6 37
R MEM 4 2 37
R MEM 4 6 37
R MEM 5 2 37
R MEM 5 6 37
R MEM 0 2 37
R MEM 0 6 37
R MEM 1 2 37
R MEM 1 6 37
R MEM 2 2 37
R MEM 2 6 37
R MEM 3 2 37
R MEM 3 6 37
R MEM 4 2 37
R MEM 4 6 37
R MEM 5 2 37
R MEM 5 6 37
R MEM 0 2 37
R MEM 0 6 37
R MEM 1 2 37
R MEM 1 6 37
R MEM 2 2 37
R MEM 2 6 37
R MEM 3 2 37
R MEM 3 6 37
R MEM 4 2 37
R MEM 4 6 37
R MEM 5 2 37
R MEM 5 6 37
R MEM 0 2 37
R MEM 0 6 37
R MEM 1 2 37
R MEM 1 6 37
R MEM 2 2 37
R MEM 2 6 37
R MEM 3 2 37
R MEM 3 6 37
R MEM 4 2 37
R MEM 4 6 37
R MEM 5 2 37
R MEM 5 6 37
R MEM 0 2 37
R MEM 0 6 37
R MEM 1 2 37
R MEM 1 6 37
R MEM 2 2 37
R MEM 2 6 37
R MEM 3 2 37
R MEM 3 6 37
R MEM 4 2 37
R MEM 4 6 37
R MEM 5 2 37
R MEM 5 6 37
R MEM 0 2 37
R MEM 0 6 37
R MEM 1 2 37
R MEM 1 6 37
R MEM 2 2 37
R MEM 2 6 37
R MEM 3 2 37
R MEM 3 6 37
R MEM 4 2 37
R MEM 4 6 37
R MEM 5 2 37
R MEM 5 6 37
R MEM 0 2 37
R MEM 0 6 37
R MEM 1 2 37
R MEM 1 6 37
R MEM 2 2 37
R MEM 2 6 37
R MEM 3 2 37
R MEM 3 6 37
R MEM 4 2 37
R MEM 4 6 37
R MEM 5 2 37
R MEM 5 6 37
R MEM 0 2 37
R MEM 0 6 37
R MEM 1 2 37
R MEM 1 6 37
R MEM 2 2 37
R MEM 2 6 37
R MEM 3 2 37
R MEM 3 6 37
R MEM 4 2 37
R MEM 4 6 37
R MEM 5 2 37
R MEM 5 6 37
R MEM 0 2 37
R MEM 0 6 37
R MEM 1 2 37
R MEM 1 6 37
R MEM 2 2 37
R MEM 2 6 37
R MEM 3 2 37
R MEM 3 6 37
R MEM 4 2 37
R MEM 4 6 37
R MEM 5 2 37
R MEM 5 6 37
R MEM 0 2 37
R MEM 0 6 37
R MEM 1 2 37
R MEM 1 6 37
R MEM 2 2 37
R MEM 2 6 37
R MEM 3 2 37
R MEM 3 6 37
R MEM 4 2 37
R MEM 4 6 37
R MEM 5 2 37
R MEM 5 6 37
R MEM 0 2 37
R MEM 0 6 37
R MEM 1 2 37
R MEM 1 6 37
R MEM 2 2 37
R MEM 2 6 37
R MEM 3 2 37
R MEM 3 6 37
R MEM 4 2 37
R MEM 4 6 37
R MEM 5 2 37
R MEM 5 6 37
R MEM 0 2 38
R MEM 0 6 38
R MEM 1 2 38
R MEM 1 6 38
R MEM 2 2 38
R MEM 2 6 38
R MEM 3 2 38
R MEM 3 6 38
R MEM 4 2 38
R MEM 4 6 38
R MEM 5 2 38
R MEM 5 6 38
R MEM 0 2 38
R MEM 0 6 38
R MEM 1 2 38
R MEM 1 6 38
R MEM 2 2 38
R MEM 2 6 38
R MEM 3 2 38
R MEM 3 6 38
R MEM 4 2 38
R MEM 4 6 38
R MEM 5 2 38
R MEM 5 6 38
R MEM 0 2 38
R MEM 0 6 38
R MEM 1 2 38
R MEM 1 6 38
R MEM 2 2 38
R MEM 2 6 38
R MEM 3 2 38
R MEM 3 6 38
R MEM 4 2 38
R MEM 4 6 38
R MEM 5 2 38
R MEM 5 6 38
R MEM 0 2 38
R MEM 0 6 38
R MEM 1 2 38
R MEM 1 6 38
R MEM 2 2 38
R MEM 2 6 38
R MEM 3 2 38
R MEM 3 6 38
R MEM 4 2 38
R MEM 4 6 38
R MEM 5 2 38
R MEM 5 6 38
R MEM 0 2 38
R MEM 0 6 38
R MEM 1 2 38
R MEM 1 6 38
R MEM 2 2 38
R MEM 2 6 38
R MEM 3 2 38
R MEM 3 6 38
R MEM 4 2 38
R MEM 4 6 38
R MEM 5 2 38
R MEM 5 6 38
R MEM 0 2 38
R MEM 0 6 38
R MEM 1 2 38
R MEM 1 6 38
R MEM 2 2 38
R MEM 2 6 38
R MEM 3 2 38
R MEM 3 6 38
R MEM 4 2 38
R MEM 4 6 38
R MEM 5 2 38
R MEM 5 6 38
R MEM 0 2 38
R MEM 0 6 38
R MEM 1 2 38
R MEM 1 6 38
R MEM 2 2 38
R MEM 2 6 38
R MEM 3 2 38
R MEM 3 6 38
R MEM 4 2 38
R MEM 4 6 38
R MEM 5 2 38
R MEM 5 6 38
R MEM 0 2 38
R MEM 0 6 38
R MEM 1 2 38
R MEM 1 6 38
R MEM 2 2 38
R MEM 2 6 38
R MEM 3 2 38
R MEM 3 6 38
R MEM 4 2 38
R MEM 4 6 38
R MEM 5 2 38
R MEM 5 6 38
R MEM 0 2 38
R MEM 0 6 38
R MEM 1 2 38
R MEM 1 6 38
R MEM 2 2 38
R MEM 2 6 38
R MEM 3 2 38
R MEM 3 6 38
R MEM 4 2 38
R MEM 4 6 38
R MEM 5 2 38
R MEM 5 6 38
R MEM 0 2 38
R MEM 0 6 38
R MEM 1 2 38
R MEM 1 6 38
R MEM 2 2 38
R MEM 2 6 38
R MEM 3 2 38
R MEM 3 6 38
R MEM 4 2 38
R MEM 4 6 38
R MEM 5 2 38
R MEM 5 6 38
R MEM 0 2 38
R MEM 0 6 38
R MEM 1 2 38
R MEM 1 6 38
R MEM 2 2 38
R MEM 2 6 38
R MEM 3 2 38
R MEM 3 6 38
R MEM 4 2 38
R MEM 4 6 38
R MEM 5 2 38
R MEM 5 6 38
R MEM 0 2 38
R MEM 0 6 38
R MEM 1 2 38
R MEM 1 6 38
R MEM 2 2 38
R MEM 2 6 38
R MEM 3 2 38
R MEM 3 6 38
R MEM 4 2 38
R MEM 4 6 38
R MEM 5 2 38
R MEM 5 6 38
R MEM 0 2 38
R MEM 0 6 38
R MEM 1 2 38
R MEM 1 6 38
R MEM 2 2 38
R MEM 2 6 38
R MEM 3 2 38
R MEM 3 6 38
R MEM 4 2 38
R MEM 4 6 38
R MEM 5 2 38
R MEM 5 6 38
R MEM 0 2 38
R MEM 0 6 38
R MEM 1 2 38
R MEM 1 6 38
R MEM 2 2 38
R MEM 2 6 38
R MEM 3 2 38
R MEM 3 6 38
R MEM 4 2 38
R MEM 4 6 38
R MEM 5 2 38
R MEM 5 6 38
R MEM 0 2 38
R MEM 0 6 38
R MEM 1 2 38
R MEM 1 6 38
R MEM 2 2 38
R MEM 2 6 38
R MEM 3 2 38
R MEM 3 6 38
R MEM 4 2 38
R MEM 4 6 38
R MEM 5 2 38
R MEM 5 6 38
R MEM 0 2 38
R MEM 0 6 38
R MEM 1 2 38
R MEM 1 6 38
R MEM 2 2 38
R MEM 2 6 38
R MEM 3 2 38
R MEM 3 6 38
R MEM 4 2 38
R MEM 4 6 38
R MEM 5 2 38
R MEM 5 6 38
R MEM 0 2 39
R MEM 0 6 39
R MEM 1 2 39
R MEM 1 6 39
R MEM 2 2 39
R MEM 2 6 39
R MEM 3 2 39
R MEM 3 6 39
R MEM 4 2 39
R MEM 4 6 39
R MEM 5 2 39
R MEM 5 6 39
R MEM 0 2 39
R MEM 0 6 39
R MEM 1 2 39
R MEM 1 6 39
R MEM 2 2 39
R MEM 2 6 39
R MEM 3 2 39
R MEM 3 6 39
R MEM 4 2 39
R MEM 4 6 39
R MEM 5 2 39
R MEM 5 6 39
R MEM 0 2 39
R MEM 0 6 39
R MEM 1 2 39
R MEM 1 6 39
R MEM 2 2 39
R MEM 2 6 39
R MEM 3 2 39
R MEM 3 6 39
R MEM 4 2 39
R MEM 4 6 39
R MEM 5 2 39
R MEM 5 6 39
R MEM 0 2 39
R MEM 0 6 39
R MEM 1 2 39
R MEM 1 6 39
R MEM 2 2 39
R MEM 2 6 39
R MEM 3 2 39
R MEM 3 6 39
R MEM 4 2 39
R MEM 4 6 39
R MEM 5 2 39
R MEM 5 6 39
R MEM 0 2 39
R MEM 0 6 39
R MEM 1 2 39
R MEM 1 6 39
R MEM 2 2 39
R MEM 2 6 39
R MEM 3 2 39
R MEM 3 6 39
R MEM 4 2 39
R MEM 4 6 39
R MEM 5 2 39
R MEM 5 6 39
R MEM 0 2 39
R MEM 0 6 39
R MEM 1 2 39
R MEM 1 6 39
R MEM 2 2 39
R MEM 2 6 39
R MEM 3 2 39
R MEM 3 6 39
R MEM 4 2 39
R MEM 4 6 39
R MEM 5 2 39
R MEM 5 6 39
R MEM 0 2 39
R MEM 0 6 39
R MEM 1 2 39
R MEM 1 6 39
R MEM 2 2 39
R MEM 2 6 39
R MEM 3 2 39
R MEM 3 6 39
R MEM 4 2 39
R MEM 4 6 39
R MEM 5 2 39
R MEM 5 6 39
R MEM 0 2 39
R MEM 0 6 39
R MEM 1 2 39
R MEM 1 6 39
R MEM 2 2 39
R MEM 2 6 39
R MEM 3 2 39
R MEM 3 6 39
R MEM 4 2 39
R MEM 4 6 39
R MEM 5 2 39
R MEM 5 6 39
R MEM 0 2 39
R MEM 0 6 39
R MEM 1 2 39
R MEM 1 6 39
R MEM 2 2 39
R MEM 2 6 39
R MEM 3 2 39
R MEM 3 6 39
R MEM 4 2 39
R MEM 4 6 39
R MEM 5 2 39
R MEM 5 6 39
R MEM 0 2 39
R MEM 0 6 39
R MEM 1 2 39
R MEM 1 6 39
R MEM 2 2 39
R MEM 2 6 39
R MEM 3 2 39
R MEM 3 6 39
R MEM 4 2 39
R MEM 4 6 39
R MEM 5 2 39
R MEM 5 6 39
R MEM 0 2 39
R MEM 0 6 39
R MEM 1 2 39
R MEM 1 6 39
R MEM 2 2 39
R MEM 2 6 39
R MEM 3 2 39
R MEM 3 6 39
R MEM 4 2 39
R MEM 4 6 39
R MEM 5 2 39
R MEM 5 6 39
R MEM 0 2 39
R MEM 0 6 39
R MEM 1 2 39
R MEM 1 6 39
R MEM 2 2 39
R MEM 2 6 39
R MEM 3 2 39
R MEM 3 6 39
R MEM 4 2 39
R MEM 4 6 39
R MEM 5 2 39
R MEM 5 6 39
R MEM 0 2 39
R MEM 0 6 39
R MEM 1 2 39
R MEM 1 6 39
R MEM 2 2 39
R MEM 2 6 39
R MEM 3 2 39
R MEM 3 6 39
R MEM 4 2 39
R MEM 4 6 39
R MEM 5 2 39
R MEM 5 6 39
R MEM 0 2 39
R MEM 0 6 39
R MEM 1 2 39
R MEM 1 6 39
R MEM 2 2 39
R MEM 2 6 39
R MEM 3 2 39
R MEM 3 6 39
R MEM 4 2 39
R MEM 4 6 39
R MEM 5 2 39
R MEM 5 6 39
R MEM 0 2 39
R MEM 0 6 39
R MEM 1 2 39
R MEM 1 6 39
R MEM 2 2 39
R MEM 2 6 39
R MEM 3 2 39
R MEM 3 6 39
R MEM 4 2 39
R MEM 4 6 39
R MEM 5 2 39
R MEM 5 6 39
R MEM 0 2 39
R MEM 0 6 39
R MEM 1 2 39
R MEM 1 6 39
R MEM 2 2 39
R MEM 2 6 39
R MEM 3 2 39
R MEM 3 6 39
R MEM 4 2 39
R MEM 4 6 39
R MEM 5 2 39
R MEM 5 6 39
R MEM 0 2 40
R MEM 0 6 40
R MEM 1 2 40
R MEM 1 6 40
R MEM 2 2 40
R MEM 2 6 40
R MEM 3 2 40
R MEM 3 6 40
R MEM 4 2 40
R MEM 4 6 40
R MEM 5 2 40
R MEM 5 6 40
R MEM 0 2 40
R MEM 0 6 40
R MEM 1 2 40
R MEM 1 6 40
R MEM 2 2 40
R MEM 2 6 40
R MEM 3 2 40
R MEM 3 6 40
R MEM 4 2 40
R MEM 4 6 40
R MEM 5 2 40
R MEM 5 6 40
R MEM 0 2 40
R MEM 0 6 40
R MEM 1 2 40
R MEM 1 6 40
R MEM 2 2 40
R MEM 2 6 40
R MEM 3 2 40
R MEM 3 6 40
R MEM 4 2 40
R MEM 4 6 40
R MEM 5 2 40
R MEM 5 6 40
R MEM 0 2 40
R MEM 0 6 40
R MEM 1 2 40
R MEM 1 6 40
R MEM 2 2 40
R MEM 2 6 40
R MEM 3 2 40
R MEM 3 6 40
R MEM 4 2 40
R MEM 4 6 40
R MEM 5 2 40
R MEM 5 6 40
R MEM 0 2 40
R MEM 0 6 40
R MEM 1 2 40
R MEM 1 6 40
R MEM 2 2 40
R MEM 2 6 40
R MEM 3 2 40
R MEM 3 6 40
R MEM 4 2 40
R MEM 4 6 40
R MEM 5 2 40
R MEM 5 6 40
R MEM 0 2 40
R MEM 0 6 40
R MEM 1 2 40
R MEM 1 6 40
R MEM 2 2 40
R MEM 2 6 40
R MEM 3 2 40
R MEM 3 6 40
R MEM 4 2 40
R MEM 4 6 40
R MEM 5 2 40
R MEM 5 6 40
R MEM 0 2 40
R MEM 0 6 40
R MEM 1 2 40
R MEM 1 6 40
R MEM 2 2 40
R MEM 2 6 40
R MEM 3 2 40
R MEM 3 6 40
R MEM 4 2 40
R MEM 4 6 40
R MEM 5 2 40
R MEM 5 6 40
R MEM 0 2 40
R MEM 0 6 40
R MEM 1 2 40
R MEM 1 6 40
R MEM 2 2 40
R MEM 2 6 40
R MEM 3 2 40
R MEM 3 6 40
R MEM 4 2 40
R MEM 4 6 40
R MEM 5 2 40
R MEM 5 6 40
R MEM 0 2 40
R MEM 0 6 40
R MEM 1 2 40
R MEM 1 6 40
R MEM 2 2 40
R MEM 2 6 40
R MEM 3 2 40
R MEM 3 6 40
R MEM 4 2 40
R MEM 4 6 40
R MEM 5 2 40
R MEM 5 6 40
R MEM 0 2 40
R MEM 0 6 40
R MEM 1 2 40
R MEM 1 6 40
R MEM 2 2 40
R MEM 2 6 40
R MEM 3 2 40
R MEM 3 6 40
R MEM 4 2 40
R MEM 4 6 40
R MEM 5 2 40
R MEM 5 6 40
R MEM 0 2 40
R MEM 0 6 40
R MEM 1 2 40
R MEM 1 6 40
R MEM 2 2 40
R MEM 2 6 40
R MEM 3 2 40
R MEM 3 6 40
R MEM 4 2 40
R MEM 4 6 40
R MEM 5 2 40
R MEM 5 6 40
R MEM 0 2 40
R MEM 0 6 40
R MEM 1 2 40
R MEM 1 6 40
R MEM 2 2 40
R MEM 2 6 40
R MEM 3 2 40
R MEM 3 6 40
R MEM 4 2 40
R MEM 4 6 40
R MEM 5 2 40
R MEM 5 6 40
R MEM 0 2 40
R MEM 0 6 40
R MEM 1 2 40
R MEM 1 6 40
R MEM 2 2 40
R MEM 2 6 40
R MEM 3 2 40
R MEM 3 6 40
R MEM 4 2 40
R MEM 4 6 40
R MEM 5 2 40
R MEM 5 6 40
R MEM 0 2 40
R MEM 0 6 40
R MEM 1 2 40
R MEM 1 6 40
R MEM 2 2 40
R MEM 2 6 40
R MEM 3 2 40
R MEM 3 6 40
R MEM 4 2 40
R MEM 4 6 40
R MEM 5 2 40
R MEM 5 6 40
R MEM 0 2 40
R MEM 0 6 40
R MEM 1 2 40
R MEM 1 6 40
R MEM 2 2 40
R MEM 2 6 40
R MEM 3 2 40
R MEM 3 6 40
R MEM 4 2 40
R MEM 4 6 40
R MEM 5 2 40
R MEM 5 6 40
R MEM 0 2 40
R MEM 0 6 40
R MEM 1 2 40
R MEM 1 6 40
R MEM 2 2 40
R MEM 2 6 40
R MEM 3 2 40
R MEM 3 6 40
R MEM 4 2 40
R MEM 4 6 40
R MEM 5 2 40
R MEM 5 6 40
R MEM 0 2 41
R MEM 0 6 41
R MEM 1 2 41
R MEM 1 6 41
R MEM 2 2 41
R MEM 2 6 41
R MEM 3 2 41
R MEM 3 6 41
R MEM 4 2 41
R MEM 4 6 41
R MEM 5 2 41
R MEM 5 6 41
R MEM 0 2 41
R MEM 0 6 41
R MEM 1 2 41
R MEM 1 6 41
R MEM 2 2 41
R MEM 2 6 41
R MEM 3 2 41
R MEM 3 6 41
R MEM 4 2 41
R MEM 4 6 41
R MEM 5 2 41
R MEM 5 6 41
R MEM 0 2 41
R MEM 0 6 41
R MEM 1 2 41
R MEM 1 6 41
R MEM 2 2 41
R MEM 2 6 41
R MEM 3 2 41
R MEM 3 6 41
R MEM 4 2 41
R MEM 4 6 41
R MEM 5 2 41
R MEM 5 6 41
R MEM 0 2 41
R MEM 0 6 41
R MEM 1 2 41
R MEM 1 6 41
R MEM 2 2 41
R MEM 2 6 41
R MEM 3 2 41
R MEM 3 6 41
R MEM 4 2 41
R MEM 4 6 41
R MEM 5 2 41
R MEM 5 6 41
R MEM 0 2 41
R MEM 0 6 41
R MEM 1 2 41
R MEM 1 6 41
R MEM 2 2 41
R MEM 2 6 41
R MEM 3 2 41
R MEM 3 6 41
R MEM 4 2 41
R MEM 4 6 41
R MEM 5 2 41
R MEM 5 6 41
R MEM 0 2 41
R MEM 0 6 41
R MEM 1 2 41
R MEM 1 6 41
R MEM 2 2 41
R MEM 2 6 41
R MEM 3 2 41
R MEM 3 6 41
R MEM 4 2 41
R MEM 4 6 41
R MEM 5 2 41
R MEM 5 6 41
R MEM 0 2 41
R MEM 0 6 41
R MEM 1 2 41
R MEM 1 6 41
R MEM 2 2 41
R MEM 2 6 41
R MEM 3 2 41
R MEM 3 6 41
R MEM 4 2 41
R MEM 4 6 41
R MEM 5 2 41
R MEM 5 6 41
R MEM 0 2 41
R MEM 0 6 41
R MEM 1 2 41
R MEM 1 6 41
R MEM 2 2 41
R MEM 2 6 41
R MEM 3 2 41
R MEM 3 6 41
R MEM 4 2 41
R MEM 4 6 41
R MEM 5 2 41
R MEM 5 6 41
R MEM 0 2 41
R MEM 0 6 41
R MEM 1 2 41
R MEM 1 6 41
R MEM 2 2 41
R MEM 2 6 41
R MEM 3 2 41
R MEM 3 6 41
R MEM 4 2 41
R MEM 4 6 41
R MEM 5 2 41
R MEM 5 6 41
R MEM 0 2 41
R MEM 0 6 41
R MEM 1 2 41
R MEM 1 6 41
R MEM 2 2 41
R MEM 2 6 41
R MEM 3 2 41
R MEM 3 6 41
R MEM 4 2 41
R MEM 4 6 41
R MEM 5 2 41
R MEM 5 6 41
R MEM 0 2 41
R MEM 0 6 41
R MEM 1 2 41
R MEM 1 6 41
R MEM 2 2 41
R MEM 2 6 41
R MEM 3 2 41
R MEM 3 6 41
R MEM 4 2 41
R MEM 4 6 41
R MEM 5 2 41
R MEM 5 6 41
R MEM 0 2 41
R MEM 0 6 41
R MEM 1 2 41
R MEM 1 6 41
R MEM 2 2 41
R MEM 2 6 41
R MEM 3 2 41
R MEM 3 6 41
R MEM 4 2 41
R MEM 4 6 41
R MEM 5 2 41
R MEM 5 6 41
R MEM 0 2 41
R MEM 0 6 41
R MEM 1 2 41
R MEM 1 6 41
R MEM 2 2 41
R MEM 2 6 41
R MEM 3 2 41
R MEM 3 6 41
R MEM 4 2 41
R MEM 4 6 41
R MEM 5 2 41
R MEM 5 6 41
R MEM 0 2 41
R MEM 0 6 41
R MEM 1 2 41
R MEM 1 6 41
R MEM 2 2 41
R MEM 2 6 41
R MEM 3 2 41
R MEM 3 6 41
R MEM 4 2 41
R MEM 4 6 41
R MEM 5 2 41
R MEM 5 6 41
R MEM 0 2 41
R MEM 0 6 41
R MEM 1 2 41
R MEM 1 6 41
R MEM 2 2 41
R MEM 2 6 41
R MEM 3 2 41
R MEM 3 6 41
R MEM 4 2 41
R MEM 4 6 41
R MEM 5 2 41
R MEM 5 6 41
R MEM 0 2 41
R MEM 0 6 41
R MEM 1 2 41
R MEM 1 6 41
R MEM 2 2 41
R MEM 2 6 41
R MEM 3 2 41
R MEM 3 6 41
R MEM 4 2 41
R MEM 4 6 41
R MEM 5 2 41
R MEM 5 6 41
R MEM 0 2 42
R MEM 0 6 42
R MEM 1 2 42
R MEM 1 6 42
R MEM 2 2 42
R MEM 2 6 42
R MEM 3 2 42
R MEM 3 6 42
R MEM 4 2 42
R MEM 4 6 42
R MEM 5 2 42
R MEM 5 6 42
R MEM 0 2 42
R MEM 0 6 42
R MEM 1 2 42
R MEM 1 6 42
R MEM 2 2 42
R MEM 2 6 42
R MEM 3 2 42
R MEM 3 6 42
R MEM 4 2 42
R MEM 4 6 42
R MEM 5 2 42
R MEM 5 6 42
R MEM 0 2 42
R MEM 0 6 42
R MEM 1 2 42
R MEM 1 6 42
R MEM 2 2 42
R MEM 2 6 42
R MEM 3 2 42
R MEM 3 6 42
R MEM 4 2 42
R MEM 4 6 42
R MEM 5 2 42
R MEM 5 6 42
R MEM 0 2 42
R MEM 0 6 42
R MEM 1 2 42
R MEM 1 6 42
R MEM 2 2 42
R MEM 2 6 42
R MEM 3 2 42
R MEM 3 6 42
R MEM 4 2 42
R MEM 4 6 42
R MEM 5 2 42
R MEM 5 6 42
R MEM 0 2 42
R MEM 0 6 42
R MEM 1 2 42
R MEM 1 6 42
R MEM 2 2 42
R MEM 2 6 42
R MEM 3 2 42
R MEM 3 6 42
R MEM 4 2 42
R MEM 4 6 42
R MEM 5 2 42
R MEM 5 6 42
R MEM 0 2 42
R MEM 0 6 42
R MEM 1 2 42
R MEM 1 6 42
R MEM 2 2 42
R MEM 2 6 42
R MEM 3 2 42
R MEM 3 6 42
R MEM 4 2 42
R MEM 4 6 42
R MEM 5 2 42
R MEM 5 6 42
R MEM 0 2 42
R MEM 0 6 42
R MEM 1 2 42
R MEM 1 6 42
R MEM 2 2 42
R MEM 2 6 42
R MEM 3 2 42
R MEM 3 6 42
R MEM 4 2 42
R MEM 4 6 42
R MEM 5 2 42
R MEM 5 6 42
R MEM 0 2 42
R MEM 0 6 42
R MEM 1 2 42
R MEM 1 6 42
R MEM 2 2 42
R MEM 2 6 42
R MEM 3 2 42
R MEM 3 6 42
R MEM 4 2 42
R MEM 4 6 42
R MEM 5 2 42
R MEM 5 6 42
R MEM 0 2 42
R MEM 0 6 42
R MEM 1 2 42
R MEM 1 6 42
R MEM 2 2 42
R MEM 2 6 42
R MEM 3 2 42
R MEM 3 6 42
R MEM 4 2 42
R MEM 4 6 42
R MEM 5 2 42
R MEM 5 6 42
R MEM 0 2 42
R MEM 0 6 42
R MEM 1 2 42
R MEM 1 6 42
R MEM 2 2 42
R MEM 2 6 42
R MEM 3 2 42
R MEM 3 6 42
R MEM 4 2 42
R MEM 4 6 42
R MEM 5 2 42
R MEM 5 6 42
R MEM 0 2 42
R MEM 0 6 42
R MEM 1 2 42
R MEM 1 6 42
R MEM 2 2 42
R MEM 2 6 42
R MEM 3 2 42
R MEM 3 6 42
R MEM 4 2 42
R MEM 4 6 42
R MEM 5 2 42
R MEM 5 6 42
R MEM 0 2 42
R MEM 0 6 42
R MEM 1 2 42
R MEM 1 6 42
R MEM 2 2 42
R MEM 2 6 42
R MEM 3 2 42
R MEM 3 6 42
R MEM 4 2 42
R MEM 4 6 42
R MEM 5 2 42
R MEM 5 6 42
R MEM 0 2 42
R MEM 0 6 42
R MEM 1 2 42
R MEM 1 6 42
R MEM 2 2 42
R MEM 2 6 42
R MEM 3 2 42
R MEM 3 6 42
R MEM 4 2 42
R MEM 4 6 42
R MEM 5 2 42
R MEM 5 6 42
R MEM 0 2 42
R MEM 0 6 42
R MEM 1 2 42
R MEM 1 6 42
R MEM 2 2 42
R MEM 2 6 42
R MEM 3 2 42
R MEM 3 6 42
R MEM 4 2 42
R MEM 4 6 42
R MEM 5 2 42
R MEM 5 6 42
R MEM 0 2 42
R MEM 0 6 42
R MEM 1 2 42
R MEM 1 6 42
R MEM 2 2 42
R MEM 2 6 42
R MEM 3 2 42
R MEM 3 6 42
R MEM 4 2 42
R MEM 4 6 42
R MEM 5 2 42
R MEM 5 6 42
R MEM 0 2 42
R MEM 0 6 42
R MEM 1 2 42
R MEM 1 6 42
R MEM 2 2 42
R MEM 2 6 42
R MEM 3 2 42
R MEM 3 6 42
R MEM 4 2 42
R MEM 4 6 42
R MEM 5 2 42
R MEM 5 6 42
R MEM 0 2 43
R MEM 0 6 43
R MEM 1 2 43
R MEM 1 6 43
R MEM 2 2 43
R MEM 2 6 43
R MEM 3 2 43
R MEM 3 6 43
R MEM 4 2 43
R MEM 4 6 43
R MEM 5 2 43
R MEM 5 6 43
R MEM 0 2 43
R MEM 0 6 43
R MEM 1 2 43
R MEM 1 6 43
R MEM 2 2 43
R MEM 2 6 43
R MEM 3 2 43
R MEM 3 6 43
R MEM 4 2 43
R MEM 4 6 43
R MEM 5 2 43
R MEM 5 6 43
R MEM 0 2 43
R MEM 0 6 43
R MEM 1 2 43
R MEM 1 6 43
R MEM 2 2 43
R MEM 2 6 43
R MEM 3 2 43
R MEM 3 6 43
R MEM 4 2 43
R MEM 4 6 43
R MEM 5 2 43
R MEM 5 6 43
R MEM 0 2 43
R MEM 0 6 43
R MEM 1 2 43
R MEM 1 6 43
R MEM 2 2 43
R MEM 2 6 43
R MEM 3 2 43
R MEM 3 6 43
R MEM 4 2 43
R MEM 4 6 43
R MEM 5 2 43
R MEM 5 6 43
R MEM 0 2 43
R MEM 0 6 43
R MEM 1 2 43
R MEM 1 6 43
R MEM 2 2 43
R MEM 2 6 43
R MEM 3 2 43
R MEM 3 6 43
R MEM 4 2 43
R MEM 4 6 43
R MEM 5 2 43
R MEM 5 6 43
R MEM 0 2 43
R MEM 0 6 43
R MEM 1 2 43
R MEM 1 6 43
R MEM 2 2 43
R MEM 2 6 43
R MEM 3 2 43
R MEM 3 6 43
R MEM 4 2 43
R MEM 4 6 43
R MEM 5 2 43
R MEM 5 6 43
R MEM 0 2 43
R MEM 0 6 43
R MEM 1 2 43
R MEM 1 6 43
R MEM 2 2 43
R MEM 2 6 43
R MEM 3 2 43
R MEM 3 6 43
R MEM 4 2 43
R MEM 4 6 43
R MEM 5 2 43
R MEM 5 6 43
R MEM 0 2 43
R MEM 0 6 43
R MEM 1 2 43
R MEM 1 6 43
R MEM 2 2 43
R MEM 2 6 43
R MEM 3 2 43
R MEM 3 6 43
R MEM 4 2 43
R MEM 4 6 43
R MEM 5 2 43
R MEM 5 6 43
R MEM 0 2 43
R MEM 0 6 43
R MEM 1 2 43
R MEM 1 6 43
R MEM 2 2 43
R MEM 2 6 43
R MEM 3 2 43
R MEM 3 6 43
R MEM 4 2 43
R MEM 4 6 43
R MEM 5 2 43
R MEM 5 6 43
R MEM 0 2 43
R MEM 0 6 43
R MEM 1 2 43
R MEM 1 6 43
R MEM 2 2 43
R MEM 2 6 43
R MEM 3 2 43
R MEM 3 6 43
R MEM 4 2 43
R MEM 4 6 43
R MEM 5 2 43
R MEM 5 6 43
R MEM 0 2 43
R MEM 0 6 43
R MEM 1 2 43
R MEM 1 6 43
R MEM 2 2 43
R MEM 2 6 43
R MEM 3 2 43
R MEM 3 6 43
R MEM 4 2 43
R MEM 4 6 43
R MEM 5 2 43
R MEM 5 6 43
R MEM 0 2 43
R MEM 0 6 43
R MEM 1 2 43
R MEM 1 6 43
R MEM 2 2 43
R MEM 2 6 43
R MEM 3 2 43
R MEM 3 6 43
R MEM 4 2 43
R MEM 4 6 43
R MEM 5 2 43
R MEM 5 6 43
R MEM 0 2 43
R MEM 0 6 43
R MEM 1 2 43
R MEM 1 6 43
R MEM 2 2 43
R MEM 2 6 43
R MEM 3 2 43
R MEM 3 6 43
R MEM 4 2 43
R MEM 4 6 43
R MEM 5 2 43
R MEM 5 6 43
R MEM 0 2 43
R MEM 0 6 43
R MEM 1 2 43
R MEM 1 6 43
R MEM 2 2 43
R MEM 2 6 43
R MEM 3 2 43
R MEM 3 6 43
R MEM 4 2 43
R MEM 4 6 43
R MEM 5 2 43
R MEM 5 6 43
R MEM 0 2 43
R MEM 0 6 43
R MEM 1 2 43
R MEM 1 6 43
R MEM 2 2 43
R MEM 2 6 43
R MEM 3 2 43
R MEM 3 6 43
R MEM 4 2 43
R MEM 4 6 43
R MEM 5 2 43
R MEM 5 6 43
R MEM 0 2 43
R MEM 0 6 43
R MEM 1 2 43
R MEM 1 6 43
R MEM 2 2 43
R MEM 2 6 43
R MEM 3 2 43
R MEM 3 6 43
R MEM 4 2 43
R MEM 4 6 43
R MEM 5 2 43
R MEM 5 6 43
W MEM 0 0 36
W MEM 0 4 36
W MEM 1 0 36
W MEM 1 4 36
W MEM 2 0 36
W MEM 2 4 36
W MEM 3 0 36
W MEM 3 4 36
W MEM 4 0 36
W MEM 4 4 36
W MEM 5 0 36
W MEM 5 4 36
W MEM 0 0 36
W MEM 0 4 36
W MEM 1 0 36
W MEM 1 4 36
W MEM 2 0 36
W MEM 2 4 36
W MEM 3 0 36
W MEM 3 4 36
W MEM 4 0 36
W MEM 4 4 36
W MEM 5 0 36
W MEM 5 4 36
W MEM 0 0 36
W MEM 0 4 36
W MEM 1 0 36
W MEM 1 4 36
W MEM 2 0 36
W MEM 2 4 36
W MEM 3 0 36
W MEM 3 4 36
W MEM 4 0 36
W MEM 4 4 36
W MEM 5 0 36
W MEM 5 4 36
W MEM 0 0 36
W MEM 0 4 36
W MEM 1 0 36
W MEM 1 4 36
W MEM 2 0 36
W MEM 2 4 36
W MEM 3 0 36
W MEM 3 4 36
W MEM 4 0 36
W MEM 4 4 36
W MEM 5 0 36
W MEM 5 4 36
W MEM 0 0 36
W MEM 0 4 36
W MEM 1 0 36
W MEM 1 4 36
W MEM 2 0 36
W MEM 2 4 36
W MEM 3 0 36
W MEM 3 4 36
W MEM 4 0 36
W MEM 4 4 36
W MEM 5 0 36
W MEM 5 4 36
W MEM 0 0 36
W MEM 0 4 36
W MEM 1 0 36
W MEM 1 4 36
W MEM 2 0 36
W MEM 2 4 36
W MEM 3 0 36
W MEM 3 4 36
W MEM 4 0 36
W MEM 4 4 36
W MEM 5 0 36
W MEM 5 4 36
W MEM 0 0 36
W MEM 0 4 36
W MEM 1 0 36
W MEM 1 4 36
W MEM 2 0 36
W MEM 2 4 36
W MEM 3 0 36
W MEM 3 4 36
W MEM 4 0 36
W MEM 4 4 36
W MEM 5 0 36
W MEM 5 4 36
W MEM 0 0 36
W MEM 0 4 36
W MEM 1 0 36
W MEM 1 4 36
W MEM 2 0 36
W MEM 2 4 36
W MEM 3 0 36
W MEM 3 4 36
W MEM 4 0 36
W MEM 4 4 36
W MEM 5 0 36
W MEM 5 4 36
W MEM 0 0 36
W MEM 0 4 36
W MEM 1 0 36
W MEM 1 4 36
W MEM 2 0 36
W MEM 2 4 36
W MEM 3 0 36
W MEM 3 4 36
W MEM 4 0 36
W MEM 4 4 36
W MEM 5 0 36
W MEM 5 4 36
W MEM 0 0 36
W MEM 0 4 36
W MEM 1 0 36
W MEM 1 4 36
W MEM 2 0 36
W MEM 2 4 36
W MEM 3 0 36
W MEM 3 4 36
W MEM 4 0 36
W MEM 4 4 36
W MEM 5 0 36
W MEM 5 4 36
W MEM 0 0 36
W MEM 0 4 36
W MEM 1 0 36
W MEM 1 4 36
W MEM 2 0 36
W MEM 2 4 36
W MEM 3 0 36
W MEM 3 4 36
W MEM 4 0 36
W MEM 4 4 36
W MEM 5 0 36
W MEM 5 4 36
W MEM 0 0 36
W MEM 0 4 36
W MEM 1 0 36
W MEM 1 4 36
W MEM 2 0 36
W MEM 2 4 36
W MEM 3 0 36
W MEM 3 4 36
W MEM 4 0 36
W MEM 4 4 36
W MEM 5 0 36
W MEM 5 4 36
W MEM 0 0 36
W MEM 0 4 36
W MEM 1 0 36
W MEM 1 4 36
W MEM 2 0 36
W MEM 2 4 36
W MEM 3 0 36
W MEM 3 4 36
W MEM 4 0 36
W MEM 4 4 36
W MEM 5 0 36
W MEM 5 4 36
W MEM 0 0 36
W MEM 0 4 36
W MEM 1 0 36
W MEM 1 4 36
W MEM 2 0 36
W MEM 2 4 36
W MEM 3 0 36
W MEM 3 4 36
W MEM 4 0 36
W MEM 4 4 36
W MEM 5 0 36
W MEM 5 4 36
W MEM 0 0 36
W MEM 0 4 36
W MEM 1 0 36
W MEM 1 4 36
W MEM 2 0 36
W MEM 2 4 36
W MEM 3 0 36
W MEM 3 4 36
W MEM 4 0 36
W MEM 4 4 36
W MEM 5 0 36
W MEM 5 4 36
W MEM 0 0 36
W MEM 0 4 36
W MEM 1 0 36
W MEM 1 4 36
W MEM 2 0 36
W MEM 2 4 36
W MEM 3 0 36
W MEM 3 4 36
W MEM 4 0 36
W MEM 4 4 36
W MEM 5 0 36
W MEM 5 4 36
W MEM 0 0 37
W MEM 0 4 37
W MEM 1 0 37
W MEM 1 4 37
W MEM 2 0 37
W MEM 2 4 37
W MEM 3 0 37
W MEM 3 4 37
W MEM 4 0 37
W MEM 4 4 37
W MEM 5 0 37
W MEM 5 4 37
W MEM 0 0 37
W MEM 0 4 37
W MEM 1 0 37
W MEM 1 4 37
W MEM 2 0 37
W MEM 2 4 37
W MEM 3 0 37
W MEM 3 4 37
W MEM 4 0 37
W MEM 4 4 37
W MEM 5 0 37
W MEM 5 4 37
W MEM 0 0 37
W MEM 0 4 37
W MEM 1 0 37
W MEM 1 4 37
W MEM 2 0 37
W MEM 2 4 37
W MEM 3 0 37
W MEM 3 4 37
W MEM 4 0 37
W MEM 4 4 37
W MEM 5 0 37
W MEM 5 4 37
W MEM 0 0 37
W MEM 0 4 37
W MEM 1 0 37
W MEM 1 4 37
W MEM 2 0 37
W MEM 2 4 37
W MEM 3 0 37
W MEM 3 4 37
W MEM 4 0 37
W MEM 4 4 37
W MEM 5 0 37
W MEM 5 4 37
W MEM 0 0 37
W MEM 0 4 37
W MEM 1 0 37
W MEM 1 4 37
W MEM 2 0 37
W MEM 2 4 37
W MEM 3 0 37
W MEM 3 4 37
W MEM 4 0 37
W MEM 4 4 37
W MEM 5 0 37
W MEM 5 4 37
W MEM 0 0 37
W MEM 0 4 37
W MEM 1 0 37
W MEM 1 4 37
W MEM 2 0 37
W MEM 2 4 37
W MEM 3 0 37
W MEM 3 4 37
W MEM 4 0 37
W MEM 4 4 37
W MEM 5 0 37
W MEM 5 4 37
W MEM 0 0 37
W MEM 0 4 37
W MEM 1 0 37
W MEM 1 4 37
W MEM 2 0 37
W MEM 2 4 37
W MEM 3 0 37
W MEM 3 4 37
W MEM 4 0 37
W MEM 4 4 37
W MEM 5 0 37
W MEM 5 4 37
W MEM 0 0 37
W MEM 0 4 37
W MEM 1 0 37
W MEM 1 4 37
W MEM 2 0 37
W MEM 2 4 37
W MEM 3 0 37
W MEM 3 4 37
W MEM 4 0 37
W MEM 4 4 37
W MEM 5 0 37
W MEM 5 4 37
W MEM 0 0 37
W MEM 0 4 37
W MEM 1 0 37
W MEM 1 4 37
W MEM 2 0 37
W MEM 2 4 37
W MEM 3 0 37
W MEM 3 4 37
W MEM 4 0 37
W MEM 4 4 37
W MEM 5 0 37
W MEM 5 4 37
W MEM 0 0 37
W MEM 0 4 37
W MEM 1 0 37
W MEM 1 4 37
W MEM 2 0 37
W MEM 2 4 37
W MEM 3 0 37
W MEM 3 4 37
W MEM 4 0 37
W MEM 4 4 37
W MEM 5 0 37
W MEM 5 4 37
W MEM 0 0 37
W MEM 0 4 37
W MEM 1 0 37
W MEM 1 4 37
W MEM 2 0 37
W MEM 2 4 37
W MEM 3 0 37
W MEM 3 4 37
W MEM 4 0 37
W MEM 4 4 37
W MEM 5 0 37
W MEM 5 4 37
W MEM 0 0 37
W MEM 0 4 37
W MEM 1 0 37
W MEM 1 4 37
W MEM 2 0 37
W MEM 2 4 37
W MEM 3 0 37
W MEM 3 4 37
W MEM 4 0 37
W MEM 4 4 37
W MEM 5 0 37
W MEM 5 4 37
W MEM 0 0 37
W MEM 0 4 37
W MEM 1 0 37
W MEM 1 4 37
W MEM 2 0 37
W MEM 2 4 37
W MEM 3 0 37
W MEM 3 4 37
W MEM 4 0 37
W MEM 4 4 37
W MEM 5 0 37
W MEM 5 4 37
W MEM 0 0 37
W MEM 0 4 37
W MEM 1 0 37
W MEM 1 4 37
W MEM 2 0 37
W MEM 2 4 37
W MEM 3 0 37
W MEM 3 4 37
W MEM 4 0 37
W MEM 4 4 37
W MEM 5 0 37
W MEM 5 4 37
W MEM 0 0 37
W MEM 0 4 37
W MEM 1 0 37
W MEM 1 4 37
W MEM 2 0 37
W MEM 2 4 37
W MEM 3 0 37
W MEM 3 4 37
W MEM 4 0 37
W MEM 4 4 37
W MEM 5 0 37
W MEM 5 4 37
W MEM 0 0 37
W MEM 0 4 37
W MEM 1 0 37
W MEM 1 4 37
W MEM 2 0 37
W MEM 2 4 37
W MEM 3 0 37
W MEM 3 4 37
W MEM 4 0 37
W MEM 4 4 37
W MEM 5 0 37
W MEM 5 4 37
W MEM 0 0 38
W MEM 0 4 38
W MEM 1 0 38
W MEM 1 4 38
W MEM 2 0 38
W MEM 2 4 38
W MEM 3 0 38
W MEM 3 4 38
W MEM 4 0 38
W MEM 4 4 38
W MEM 5 0 38
W MEM 5 4 38
W MEM 0 0 38
W MEM 0 4 38
W MEM 1 0 38
W MEM 1 4 38
W MEM 2 0 38
W MEM 2 4 38
W MEM 3 0 38
W MEM 3 4 38
W MEM 4 0 38
W MEM 4 4 38
W MEM 5 0 38
W MEM 5 4 38
W MEM 0 0 38
W MEM 0 4 38
W MEM 1 0 38
W MEM 1 4 38
W MEM 2 0 38
W MEM 2 4 38
W MEM 3 0 38
W MEM 3 4 38
W MEM 4 0 38
W MEM 4 4 38
W MEM 5 0 38
W MEM 5 4 38
W MEM 0 0 38
W MEM 0 4 38
W MEM 1 0 38
W MEM 1 4 38
W MEM 2 0 38
W MEM 2 4 38
W MEM 3 0 38
W MEM 3 4 38
W MEM 4 0 38
W MEM 4 4 38
W MEM 5 0 38
W MEM 5 4 38
W MEM 0 0 38
W MEM 0 4 38
W MEM 1 0 38
W MEM 1 4 38
W MEM 2 0 38
W MEM 2 4 38
W MEM 3 0 38
W MEM 3 4 38
W MEM 4 0 38
W MEM 4 4 38
W MEM 5 0 38
W MEM 5 4 38
W MEM 0 0 38
W MEM 0 4 38
W MEM 1 0 38
W MEM 1 4 38
W MEM 2 0 38
W MEM 2 4 38
W MEM 3 0 38
W MEM 3 4 38
W MEM 4 0 38
W MEM 4 4 38
W MEM 5 0 38
W MEM 5 4 38
W MEM 0 0 38
W MEM 0 4 38
W MEM 1 0 38
W MEM 1 4 38
W MEM 2 0 38
W MEM 2 4 38
W MEM 3 0 38
W MEM 3 4 38
W MEM 4 0 38
W MEM 4 4 38
W MEM 5 0 38
W MEM 5 4 38
W MEM 0 0 38
W MEM 0 4 38
W MEM 1 0 38
W MEM 1 4 38
W MEM 2 0 38
W MEM 2 4 38
W MEM 3 0 38
W MEM 3 4 38
W MEM 4 0 38
W MEM 4 4 38
W MEM 5 0 38
W MEM 5 4 38
W MEM 0 0 38
W MEM 0 4 38
W MEM 1 0 38
W MEM 1 4 38
W MEM 2 0 38
W MEM 2 4 38
W MEM 3 0 38
W MEM 3 4 38
W MEM 4 0 38
W MEM 4 4 38
W MEM 5 0 38
W MEM 5 4 38
W MEM 0 0 38
W MEM 0 4 38
W MEM 1 0 38
W MEM 1 4 38
W MEM 2 0 38
W MEM 2 4 38
W MEM 3 0 38
W MEM 3 4 38
W MEM 4 0 38
W MEM 4 4 38
W MEM 5 0 38
W MEM 5 4 38
W MEM 0 0 38
W MEM 0 4 38
W MEM 1 0 38
W MEM 1 4 38
W MEM 2 0 38
W MEM 2 4 38
W MEM 3 0 38
W MEM 3 4 38
W MEM 4 0 38
W MEM 4 4 38
W MEM 5 0 38
W MEM 5 4 38
W MEM 0 0 38
W MEM 0 4 38
W MEM 1 0 38
W MEM 1 4 38
W MEM 2 0 38
W MEM 2 4 38
W MEM 3 0 38
W MEM 3 4 38
W MEM 4 0 38
W MEM 4 4 38
W MEM 5 0 38
W MEM 5 4 38
W MEM 0 0 38
W MEM 0 4 38
W MEM 1 0 38
W MEM 1 4 38
W MEM 2 0 38
W MEM 2 4 38
W MEM 3 0 38
W MEM 3 4 38
W MEM 4 0 38
W MEM 4 4 38
W MEM 5 0 38
W MEM 5 4 38
W MEM 0 0 38
W MEM 0 4 38
W MEM 1 0 38
W MEM 1 4 38
W MEM 2 0 38
W MEM 2 4 38
W MEM 3 0 38
W MEM 3 4 38
W MEM 4 0 38
W MEM 4 4 38
W MEM 5 0 38
W MEM 5 4 38
W MEM 0 0 38
W MEM 0 4 38
W MEM 1 0 38
W MEM 1 4 38
W MEM 2 0 38
W MEM 2 4 38
W MEM 3 0 38
W MEM 3 4 38
W MEM 4 0 38
W MEM 4 4 38
W MEM 5 0 38
W MEM 5 4 38
W MEM 0 0 38
W MEM 0 4 38
W MEM 1 0 38
W MEM 1 4 38
W MEM 2 0 38
W MEM 2 4 38
W MEM 3 0 38
W MEM 3 4 38
W MEM 4 0 38
W MEM 4 4 38
W MEM 5 0 38
W MEM 5 4 38
W MEM 0 0 39
W MEM 0 4 39
W MEM 1 0 39
W MEM 1 4 39
W MEM 2 0 39
W MEM 2 4 39
W MEM 3 0 39
W MEM 3 4 39
W MEM 4 0 39
W MEM 4 4 39
W MEM 5 0 39
W MEM 5 4 39
W MEM 0 0 39
W MEM 0 4 39
W MEM 1 0 39
W MEM 1 4 39
W MEM 2 0 39
W MEM 2 4 39
W MEM 3 0 39
W MEM 3 4 39
W MEM 4 0 39
W MEM 4 4 39
W MEM 5 0 39
W MEM 5 4 39
W MEM 0 0 39
W MEM 0 4 39
W MEM 1 0 39
W MEM 1 4 39
W MEM 2 0 39
W MEM 2 4 39
W MEM 3 0 39
W MEM 3 4 39
W MEM 4 0 39
W MEM 4 4 39
W MEM 5 0 39
W MEM 5 4 39
W MEM 0 0 39
W MEM 0 4 39
W MEM 1 0 39
W MEM 1 4 39
W MEM 2 0 39
W MEM 2 4 39
W MEM 3 0 39
W MEM 3 4 39
W MEM 4 0 39
W MEM 4 4 39
W MEM 5 0 39
W MEM 5 4 39
W MEM 0 0 39
W MEM 0 4 39
W MEM 1 0 39
W MEM 1 4 39
W MEM 2 0 39
W MEM 2 4 39
W MEM 3 0 39
W MEM 3 4 39
W MEM 4 0 39
W MEM 4 4 39
W MEM 5 0 39
W MEM 5 4 39
W MEM 0 0 39
W MEM 0 4 39
W MEM 1 0 39
W MEM 1 4 39
W MEM 2 0 39
W MEM 2 4 39
W MEM 3 0 39
W MEM 3 4 39
W MEM 4 0 39
W MEM 4 4 39
W MEM 5 0 39
W MEM 5 4 39
W MEM 0 0 39
W MEM 0 4 39
W MEM 1 0 39
W MEM 1 4 39
W MEM 2 0 39
W MEM 2 4 39
W MEM 3 0 39
W MEM 3 4 39
W MEM 4 0 39
W MEM 4 4 39
W MEM 5 0 39
W MEM 5 4 39
W MEM 0 0 39
W MEM 0 4 39
W MEM 1 0 39
W MEM 1 4 39
W MEM 2 0 39
W MEM 2 4 39
W MEM 3 0 39
W MEM 3 4 39
W MEM 4 0 39
W MEM 4 4 39
W MEM 5 0 39
W MEM 5 4 39
W MEM 0 0 39
W MEM 0 4 39
W MEM 1 0 39
W MEM 1 4 39
W MEM 2 0 39
W MEM 2 4 39
W MEM 3 0 39
W MEM 3 4 39
W MEM 4 0 39
W MEM 4 4 39
W MEM 5 0 39
W MEM 5 4 39
W MEM 0 0 39
W MEM 0 4 39
W MEM 1 0 39
W MEM 1 4 39
W MEM 2 0 39
W MEM 2 4 39
W MEM 3 0 39
W MEM 3 4 39
W MEM 4 0 39
W MEM 4 4 39
W MEM 5 0 39
W MEM 5 4 39
W MEM 0 0 39
W MEM 0 4 39
W MEM 1 0 39
W MEM 1 4 39
W MEM 2 0 39
W MEM 2 4 39
W MEM 3 0 39
W MEM 3 4 39
W MEM 4 0 39
W MEM 4 4 39
W MEM 5 0 39
W MEM 5 4 39
W MEM 0 0 39
W MEM 0 4 39
W MEM 1 0 39
W MEM 1 4 39
W MEM 2 0 39
W MEM 2 4 39
W MEM 3 0 39
W MEM 3 4 39
W MEM 4 0 39
W MEM 4 4 39
W MEM 5 0 39
W MEM 5 4 39
W MEM 0 0 39
W MEM 0 4 39
W MEM 1 0 39
W MEM 1 4 39
W MEM 2 0 39
W MEM 2 4 39
W MEM 3 0 39
W MEM 3 4 39
W MEM 4 0 39
W MEM 4 4 39
W MEM 5 0 39
W MEM 5 4 39
W MEM 0 0 39
W MEM 0 4 39
W MEM 1 0 39
W MEM 1 4 39
W MEM 2 0 39
W MEM 2 4 39
W MEM 3 0 39
W MEM 3 4 39
W MEM 4 0 39
W MEM 4 4 39
W MEM 5 0 39
W MEM 5 4 39
W MEM 0 0 39
W MEM 0 4 39
W MEM 1 0 39
W MEM 1 4 39
W MEM 2 0 39
W MEM 2 4 39
W MEM 3 0 39
W MEM 3 4 39
W MEM 4 0 39
W MEM 4 4 39
W MEM 5 0 39
W MEM 5 4 39
W MEM 0 0 39
W MEM 0 4 39
W MEM 1 0 39
W MEM 1 4 39
W MEM 2 0 39
W MEM 2 4 39
W MEM 3 0 39
W MEM 3 4 39
W MEM 4 0 39
W MEM 4 4 39
W MEM 5 0 39
W MEM 5 4 39
W MEM 0 0 40
W MEM 0 4 40
W MEM 1 0 40
W MEM 1 4 40
W MEM 2 0 40
W MEM 2 4 40
W MEM 3 0 40
W MEM 3 4 40
W MEM 4 0 40
W MEM 4 4 40
W MEM 5 0 40
W MEM 5 4 40
W MEM 0 0 40
W MEM 0 4 40
W MEM 1 0 40
W MEM 1 4 40
W MEM 2 0 40
W MEM 2 4 40
W MEM 3 0 40
W MEM 3 4 40
W MEM 4 0 40
W MEM 4 4 40
W MEM 5 0 40
W MEM 5 4 40
W MEM 0 0 40
W MEM 0 4 40
W MEM 1 0 40
W MEM 1 4 40
W MEM 2 0 40
W MEM 2 4 40
W MEM 3 0 40
W MEM 3 4 40
W MEM 4 0 40
W MEM 4 4 40
W MEM 5 0 40
W MEM 5 4 40
W MEM 0 0 40
W MEM 0 4 40
W MEM 1 0 40
W MEM 1 4 40
W MEM 2 0 40
W MEM 2 4 40
W MEM 3 0 40
W MEM 3 4 40
W MEM 4 0 40
W MEM 4 4 40
W MEM 5 0 40
W MEM 5 4 40
W MEM 0 0 40
W MEM 0 4 40
W MEM 1 0 40
W MEM 1 4 40
W MEM 2 0 40
W MEM 2 4 40
W MEM 3 0 40
W MEM 3 4 40
W MEM 4 0 40
W MEM 4 4 40
W MEM 5 0 40
W MEM 5 4 40
W MEM 0 0 40
W MEM 0 4 40
W MEM 1 0 40
W MEM 1 4 40
W MEM 2 0 40
W MEM 2 4 40
W MEM 3 0 40
W MEM 3 4 40
W MEM 4 0 40
W MEM 4 4 40
W MEM 5 0 40
W MEM 5 4 40
W MEM 0 0 40
W MEM 0 4 40
W MEM 1 0 40
W MEM 1 4 40
W MEM 2 0 40
W MEM 2 4 40
W MEM 3 0 40
W MEM 3 4 40
W MEM 4 0 40
W MEM 4 4 40
W MEM 5 0 40
W MEM 5 4 40
W MEM 0 0 40
W MEM 0 4 40
W MEM 1 0 40
W MEM 1 4 40
W MEM 2 0 40
W MEM 2 4 40
W MEM 3 0 40
W MEM 3 4 40
W MEM 4 0 40
W MEM 4 4 40
W MEM 5 0 40
W MEM 5 4 40
W MEM 0 0 40
W MEM 0 4 40
W MEM 1 0 40
W MEM 1 4 40
W MEM 2 0 40
W MEM 2 4 40
W MEM 3 0 40
W MEM 3 4 40
W MEM 4 0 40
W MEM 4 4 40
W MEM 5 0 40
W MEM 5 4 40
W MEM 0 0 40
W MEM 0 4 40
W MEM 1 0 40
W MEM 1 4 40
W MEM 2 0 40
W MEM 2 4 40
W MEM 3 0 40
W MEM 3 4 40
W MEM 4 0 40
W MEM 4 4 40
W MEM 5 0 40
W MEM 5 4 40
W MEM 0 0 40
W MEM 0 4 40
W MEM 1 0 40
W MEM 1 4 40
W MEM 2 0 40
W MEM 2 4 40
W MEM 3 0 40
W MEM 3 4 40
W MEM 4 0 40
W MEM 4 4 40
W MEM 5 0 40
W MEM 5 4 40
W MEM 0 0 40
W MEM 0 4 40
W MEM 1 0 40
W MEM 1 4 40
W MEM 2 0 40
W MEM 2 4 40
W MEM 3 0 40
W MEM 3 4 40
W MEM 4 0 40
W MEM 4 4 40
W MEM 5 0 40
W MEM 5 4 40
W MEM 0 0 40
W MEM 0 4 40
W MEM 1 0 40
W MEM 1 4 40
W MEM 2 0 40
W MEM 2 4 40
W MEM 3 0 40
W MEM 3 4 40
W MEM 4 0 40
W MEM 4 4 40
W MEM 5 0 40
W MEM 5 4 40
W MEM 0 0 40
W MEM 0 4 40
W MEM 1 0 40
W MEM 1 4 40
W MEM 2 0 40
W MEM 2 4 40
W MEM 3 0 40
W MEM 3 4 40
W MEM 4 0 40
W MEM 4 4 40
W MEM 5 0 40
W MEM 5 4 40
W MEM 0 0 40
W MEM 0 4 40
W MEM 1 0 40
W MEM 1 4 40
W MEM 2 0 40
W MEM 2 4 40
W MEM 3 0 40
W MEM 3 4 40
W MEM 4 0 40
W MEM 4 4 40
W MEM 5 0 40
W MEM 5 4 40
W MEM 0 0 40
W MEM 0 4 40
W MEM 1 0 40
W MEM 1 4 40
W MEM 2 0 40
W MEM 2 4 40
W MEM 3 0 40
W MEM 3 4 40
W MEM 4 0 40
W MEM 4 4 40
W MEM 5 0 40
W MEM 5 4 40
W MEM 0 0 41
W MEM 0 4 41
W MEM 1 0 41
W MEM 1 4 41
W MEM 2 0 41
W MEM 2 4 41
W MEM 3 0 41
W MEM 3 4 41
W MEM 4 0 41
W MEM 4 4 41
W MEM 5 0 41
W MEM 5 4 41
W MEM 0 0 41
W MEM 0 4 41
W MEM 1 0 41
W MEM 1 4 41
W MEM 2 0 41
W MEM 2 4 41
W MEM 3 0 41
W MEM 3 4 41
W MEM 4 0 41
W MEM 4 4 41
W MEM 5 0 41
W MEM 5 4 41
W MEM 0 0 41
W MEM 0 4 41
W MEM 1 0 41
W MEM 1 4 41
W MEM 2 0 41
W MEM 2 4 41
W MEM 3 0 41
W MEM 3 4 41
W MEM 4 0 41
W MEM 4 4 41
W MEM 5 0 41
W MEM 5 4 41
W MEM 0 0 41
W MEM 0 4 41
W MEM 1 0 41
W MEM 1 4 41
W MEM 2 0 41
W MEM 2 4 41
W MEM 3 0 41
W MEM 3 4 41
W MEM 4 0 41
W MEM 4 4 41
W MEM 5 0 41
W MEM 5 4 41
W MEM 0 0 41
W MEM 0 4 41
W MEM 1 0 41
W MEM 1 4 41
W MEM 2 0 41
W MEM 2 4 41
W MEM 3 0 41
W MEM 3 4 41
W MEM 4 0 41
W MEM 4 4 41
W MEM 5 0 41
W MEM 5 4 41
W MEM 0 0 41
W MEM 0 4 41
W MEM 1 0 41
W MEM 1 4 41
W MEM 2 0 41
W MEM 2 4 41
W MEM 3 0 41
W MEM 3 4 41
W MEM 4 0 41
W MEM 4 4 41
W MEM 5 0 41
W MEM 5 4 41
W MEM 0 0 41
W MEM 0 4 41
W MEM 1 0 41
W MEM 1 4 41
W MEM 2 0 41
W MEM 2 4 41
W MEM 3 0 41
W MEM 3 4 41
W MEM 4 0 41
W MEM 4 4 41
W MEM 5 0 41
W MEM 5 4 41
W MEM 0 0 41
W MEM 0 4 41
W MEM 1 0 41
W MEM 1 4 41
W MEM 2 0 41
W MEM 2 4 41
W MEM 3 0 41
W MEM 3 4 41
W MEM 4 0 41
W MEM 4 4 41
W MEM 5 0 41
W MEM 5 4 41
W MEM 0 0 41
W MEM 0 4 41
W MEM 1 0 41
W MEM 1 4 41
W MEM 2 0 41
W MEM 2 4 41
W MEM 3 0 41
W MEM 3 4 41
W MEM 4 0 41
W MEM 4 4 41
W MEM 5 0 41
W MEM 5 4 41
W MEM 0 0 41
W MEM 0 4 41
W MEM 1 0 41
W MEM 1 4 41
W MEM 2 0 41
W MEM 2 4 41
W MEM 3 0 41
W MEM 3 4 41
W MEM 4 0 41
W MEM 4 4 41
W MEM 5 0 41
W MEM 5 4 41
W MEM 0 0 41
W MEM 0 4 41
W MEM 1 0 41
W MEM 1 4 41
W MEM 2 0 41
W MEM 2 4 41
W MEM 3 0 41
W MEM 3 4 41
W MEM 4 0 41
W MEM 4 4 41
W MEM 5 0 41
W MEM 5 4 41
W MEM 0 0 41
W MEM 0 4 41
W MEM 1 0 41
W MEM 1 4 41
W MEM 2 0 41
W MEM 2 4 41
W MEM 3 0 41
W MEM 3 4 41
W MEM 4 0 41
W MEM 4 4 41
W MEM 5 0 41
W MEM 5 4 41
W MEM 0 0 41
W MEM 0 4 41
W MEM 1 0 41
W MEM 1 4 41
W MEM 2 0 41
W MEM 2 4 41
W MEM 3 0 41
W MEM 3 4 41
W MEM 4 0 41
W MEM 4 4 41
W MEM 5 0 41
W MEM 5 4 41
W MEM 0 0 41
W MEM 0 4 41
W MEM 1 0 41
W MEM 1 4 41
W MEM 2 0 41
W MEM 2 4 41
W MEM 3 0 41
W MEM 3 4 41
W MEM 4 0 41
W MEM 4 4 41
W MEM 5 0 41
W MEM 5 4 41
W MEM 0 0 41
W MEM 0 4 41
W MEM 1 0 41
W MEM 1 4 41
W MEM 2 0 41
W MEM 2 4 41
W MEM 3 0 41
W MEM 3 4 41
W MEM 4 0 41
W MEM 4 4 41
W MEM 5 0 41
W MEM 5 4 41
W MEM 0 0 41
W MEM 0 4 41
W MEM 1 0 41
W MEM 1 4 41
W MEM 2 0 41
W MEM 2 4 41
W MEM 3 0 41
W MEM 3 4 41
W MEM 4 0 41
W MEM 4 4 41
W MEM 5 0 41
W MEM 5 4 41
W MEM 0 0 42
W MEM 0 4 42
W MEM 1 0 42
W MEM 1 4 42
W MEM 2 0 42
W MEM 2 4 42
W MEM 3 0 42
W MEM 3 4 42
W MEM 4 0 42
W MEM 4 4 42
W MEM 5 0 42
W MEM 5 4 42
W MEM 0 0 42
W MEM 0 4 42
W MEM 1 0 42
W MEM 1 4 42
W MEM 2 0 42
W MEM 2 4 42
W MEM 3 0 42
W MEM 3 4 42
W MEM 4 0 42
W MEM 4 4 42
W MEM 5 0 42
W MEM 5 4 42
W MEM 0 0 42
W MEM 0 4 42
W MEM 1 0 42
W MEM 1 4 42
W MEM 2 0 42
W MEM 2 4 42
W MEM 3 0 42
W MEM 3 4 42
W MEM 4 0 42
W MEM 4 4 42
W MEM 5 0 42
W MEM 5 4 42
W MEM 0 0 42
W MEM 0 4 42
W MEM 1 0 42
W MEM 1 4 42
W MEM 2 0 42
W MEM 2 4 42
W MEM 3 0 42
W MEM 3 4 42
W MEM 4 0 42
W MEM 4 4 42
W MEM 5 0 42
W MEM 5 4 42
W MEM 0 0 42
W MEM 0 4 42
W MEM 1 0 42
W MEM 1 4 42
W MEM 2 0 42
W MEM 2 4 42
W MEM 3 0 42
W MEM 3 4 42
W MEM 4 0 42
W MEM 4 4 42
W MEM 5 0 42
W MEM 5 4 42
W MEM 0 0 42
W MEM 0 4 42
W MEM 1 0 42
W MEM 1 4 42
W MEM 2 0 42
W MEM 2 4 42
W MEM 3 0 42
W MEM 3 4 42
W MEM 4 0 42
W MEM 4 4 42
W MEM 5 0 42
W MEM 5 4 42
W MEM 0 0 42
W MEM 0 4 42
W MEM 1 0 42
W MEM 1 4 42
W MEM 2 0 42
W MEM 2 4 42
W MEM 3 0 42
W MEM 3 4 42
W MEM 4 0 42
W MEM 4 4 42
W MEM 5 0 42
W MEM 5 4 42
W MEM 0 0 42
W MEM 0 4 42
W MEM 1 0 42
W MEM 1 4 42
W MEM 2 0 42
W MEM 2 4 42
W MEM 3 0 42
W MEM 3 4 42
W MEM 4 0 42
W MEM 4 4 42
W MEM 5 0 42
W MEM 5 4 42
W MEM 0 0 42
W MEM 0 4 42
W MEM 1 0 42
W MEM 1 4 42
W MEM 2 0 42
W MEM 2 4 42
W MEM 3 0 42
W MEM 3 4 42
W MEM 4 0 42
W MEM 4 4 42
W MEM 5 0 42
W MEM 5 4 42
W MEM 0 0 42
W MEM 0 4 42
W MEM 1 0 42
W MEM 1 4 42
W MEM 2 0 42
W MEM 2 4 42
W MEM 3 0 42
W MEM 3 4 42
W MEM 4 0 42
W MEM 4 4 42
W MEM 5 0 42
W MEM 5 4 42
W MEM 0 0 42
W MEM 0 4 42
W MEM 1 0 42
W MEM 1 4 42
W MEM 2 0 42
W MEM 2 4 42
W MEM 3 0 42
W MEM 3 4 42
W MEM 4 0 42
W MEM 4 4 42
W MEM 5 0 42
W MEM 5 4 42
W MEM 0 0 42
W MEM 0 4 42
W MEM 1 0 42
W MEM 1 4 42
W MEM 2 0 42
W MEM 2 4 42
W MEM 3 0 42
W MEM 3 4 42
W MEM 4 0 42
W MEM 4 4 42
W MEM 5 0 42
W MEM 5 4 42
W MEM 0 0 42
W MEM 0 4 42
W MEM 1 0 42
W MEM 1 4 42
W MEM 2 0 42
W MEM 2 4 42
W MEM 3 0 42
W MEM 3 4 42
W MEM 4 0 42
W MEM 4 4 42
W MEM 5 0 42
W MEM 5 4 42
W MEM 0 0 42
W MEM 0 4 42
W MEM 1 0 42
W MEM 1 4 42
W MEM 2 0 42
W MEM 2 4 42
W MEM 3 0 42
W MEM 3 4 42
W MEM 4 0 42
W MEM 4 4 42
W MEM 5 0 42
W MEM 5 4 42
W MEM 0 0 42
W MEM 0 4 42
W MEM 1 0 42
W MEM 1 4 42
W MEM 2 0 42
W MEM 2 4 42
W MEM 3 0 42
W MEM 3 4 42
W MEM 4 0 42
W MEM 4 4 42
W MEM 5 0 42
W MEM 5 4 42
W MEM 0 0 42
W MEM 0 4 42
W MEM 1 0 42
W MEM 1 4 42
W MEM 2 0 42
W MEM 2 4 42
W MEM 3 0 42
W MEM 3 4 42
W MEM 4 0 42
W MEM 4 4 42
W MEM 5 0 42
W MEM 5 4 42
W MEM 0 0 43
W MEM 0 4 43
W MEM 1 0 43
W MEM 1 4 43
W MEM 2 0 43
W MEM 2 4 43
W MEM 3 0 43
W MEM 3 4 43
W MEM 4 0 43
W MEM 4 4 43
W MEM 5 0 43
W MEM 5 4 43
W MEM 0 0 43
W MEM 0 4 43
W MEM 1 0 43
W MEM 1 4 43
W MEM 2 0 43
W MEM 2 4 43
W MEM 3 0 43
W MEM 3 4 43
W MEM 4 0 43
W MEM 4 4 43
W MEM 5 0 43
W MEM 5 4 43
W MEM 0 0 43
W MEM 0 4 43
W MEM 1 0 43
W MEM 1 4 43
W MEM 2 0 43
W MEM 2 4 43
W MEM 3 0 43
W MEM 3 4 43
W MEM 4 0 43
W MEM 4 4 43
W MEM 5 0 43
W MEM 5 4 43
W MEM 0 0 43
W MEM 0 4 43
W MEM 1 0 43
W MEM 1 4 43
W MEM 2 0 43
W MEM 2 4 43
W MEM 3 0 43
W MEM 3 4 43
W MEM 4 0 43
W MEM 4 4 43
W MEM 5 0 43
W MEM 5 4 43
W MEM 0 0 43
W MEM 0 4 43
W MEM 1 0 43
W MEM 1 4 43
W MEM 2 0 43
W MEM 2 4 43
W MEM 3 0 43
W MEM 3 4 43
W MEM 4 0 43
W MEM 4 4 43
W MEM 5 0 43
W MEM 5 4 43
W MEM 0 0 43
W MEM 0 4 43
W MEM 1 0 43
W MEM 1 4 43
W MEM 2 0 43
W MEM 2 4 43
W MEM 3 0 43
W MEM 3 4 43
W MEM 4 0 43
W MEM 4 4 43
W MEM 5 0 43
W MEM 5 4 43
W MEM 0 0 43
W MEM 0 4 43
W MEM 1 0 43
W MEM 1 4 43
W MEM 2 0 43
W MEM 2 4 43
W MEM 3 0 43
W MEM 3 4 43
W MEM 4 0 43
W MEM 4 4 43
W MEM 5 0 43
W MEM 5 4 43
W MEM 0 0 43
W MEM 0 4 43
W MEM 1 0 43
W MEM 1 4 43
W MEM 2 0 43
W MEM 2 4 43
W MEM 3 0 43
W MEM 3 4 43
W MEM 4 0 43
W MEM 4 4 43
W MEM 5 0 43
W MEM 5 4 43
W MEM 0 0 43
W MEM 0 4 43
W MEM 1 0 43
W MEM 1 4 43
W MEM 2 0 43
W MEM 2 4 43
W MEM 3 0 43
W MEM 3 4 43
W MEM 4 0 43
W MEM 4 4 43
W MEM 5 0 43
W MEM 5 4 43
W MEM 0 0 43
W MEM 0 4 43
W MEM 1 0 43
W MEM 1 4 43
W MEM 2 0 43
W MEM 2 4 43
W MEM 3 0 43
W MEM 3 4 43
W MEM 4 0 43
W MEM 4 4 43
W MEM 5 0 43
W MEM 5 4 43
W MEM 0 0 43
W MEM 0 4 43
W MEM 1 0 43
W MEM 1 4 43
W MEM 2 0 43
W MEM 2 4 43
W MEM 3 0 43
W MEM 3 4 43
W MEM 4 0 43
W MEM 4 4 43
W MEM 5 0 43
W MEM 5 4 43
W MEM 0 0 43
W MEM 0 4 43
W MEM 1 0 43
W MEM 1 4 43
W MEM 2 0 43
W MEM 2 4 43
W MEM 3 0 43
W MEM 3 4 43
W MEM 4 0 43
W MEM 4 4 43
W MEM 5 0 43
W MEM 5 4 43
W MEM 0 0 43
W MEM 0 4 43
W MEM 1 0 43
W MEM 1 4 43
W MEM 2 0 43
W MEM 2 4 43
W MEM 3 0 43
W MEM 3 4 43
W MEM 4 0 43
W MEM 4 4 43
W MEM 5 0 43
W MEM 5 4 43
W MEM 0 0 43
W MEM 0 4 43
W MEM 1 0 43
W MEM 1 4 43
W MEM 2 0 43
W MEM 2 4 43
W MEM 3 0 43
W MEM 3 4 43
W MEM 4 0 43
W MEM 4 4 43
W MEM 5 0 43
W MEM 5 4 43
W MEM 0 0 43
W MEM 0 4 43
W MEM 1 0 43
W MEM 1 4 43
W MEM 2 0 43
W MEM 2 4 43
W MEM 3 0 43
W MEM 3 4 43
W MEM 4 0 43
W MEM 4 4 43
W MEM 5 0 43
W MEM 5 4 43
W MEM 0 0 43
W MEM 0 4 43
W MEM 1 0 43
W MEM 1 4 43
W MEM 2 0 43
W MEM 2 4 43
W MEM 3 0 43
W MEM 3 4 43
W MEM 4 0 43
W MEM 4 4 43
W MEM 5 0 43
W MEM 5 4 43
AiM EWMUL 16 0xffffffff 36
AiM EWMUL 16 0xffffffff 37
AiM EWMUL 16 0xffffffff 38
AiM EWMUL 16 0xffffffff 39
AiM EWMUL 16 0xffffffff 40
AiM EWMUL 16 0xffffffff 41
AiM EWMUL 16 0xffffffff 42
AiM EWMUL 16 0xffffffff 43
R MEM 0 2 36
R MEM 0 6 36
R MEM 1 2 36
R MEM 1 6 36
R MEM 2 2 36
R MEM 2 6 36
R MEM 3 2 36
R MEM 3 6 36
R MEM 4 2 36
R MEM 4 6 36
R MEM 5 2 36
R MEM 5 6 36
R MEM 0 2 36
R MEM 0 6 36
R MEM 1 2 36
R MEM 1 6 36
R MEM 2 2 36
R MEM 2 6 36
R MEM 3 2 36
R MEM 3 6 36
R MEM 4 2 36
R MEM 4 6 36
R MEM 5 2 36
R MEM 5 6 36
R MEM 0 2 36
R MEM 0 6 36
R MEM 1 2 36
R MEM 1 6 36
R MEM 2 2 36
R MEM 2 6 36
R MEM 3 2 36
R MEM 3 6 36
R MEM 4 2 36
R MEM 4 6 36
R MEM 5 2 36
R MEM 5 6 36
R MEM 0 2 36
R MEM 0 6 36
R MEM 1 2 36
R MEM 1 6 36
R MEM 2 2 36
R MEM 2 6 36
R MEM 3 2 36
R MEM 3 6 36
R MEM 4 2 36
R MEM 4 6 36
R MEM 5 2 36
R MEM 5 6 36
R MEM 0 2 36
R MEM 0 6 36
R MEM 1 2 36
R MEM 1 6 36
R MEM 2 2 36
R MEM 2 6 36
R MEM 3 2 36
R MEM 3 6 36
R MEM 4 2 36
R MEM 4 6 36
R MEM 5 2 36
R MEM 5 6 36
R MEM 0 2 36
R MEM 0 6 36
R MEM 1 2 36
R MEM 1 6 36
R MEM 2 2 36
R MEM 2 6 36
R MEM 3 2 36
R MEM 3 6 36
R MEM 4 2 36
R MEM 4 6 36
R MEM 5 2 36
R MEM 5 6 36
R MEM 0 2 36
R MEM 0 6 36
R MEM 1 2 36
R MEM 1 6 36
R MEM 2 2 36
R MEM 2 6 36
R MEM 3 2 36
R MEM 3 6 36
R MEM 4 2 36
R MEM 4 6 36
R MEM 5 2 36
R MEM 5 6 36
R MEM 0 2 36
R MEM 0 6 36
R MEM 1 2 36
R MEM 1 6 36
R MEM 2 2 36
R MEM 2 6 36
R MEM 3 2 36
R MEM 3 6 36
R MEM 4 2 36
R MEM 4 6 36
R MEM 5 2 36
R MEM 5 6 36
R MEM 0 2 36
R MEM 0 6 36
R MEM 1 2 36
R MEM 1 6 36
R MEM 2 2 36
R MEM 2 6 36
R MEM 3 2 36
R MEM 3 6 36
R MEM 4 2 36
R MEM 4 6 36
R MEM 5 2 36
R MEM 5 6 36
R MEM 0 2 36
R MEM 0 6 36
R MEM 1 2 36
R MEM 1 6 36
R MEM 2 2 36
R MEM 2 6 36
R MEM 3 2 36
R MEM 3 6 36
R MEM 4 2 36
R MEM 4 6 36
R MEM 5 2 36
R MEM 5 6 36
R MEM 0 2 36
R MEM 0 6 36
R MEM 1 2 36
R MEM 1 6 36
R MEM 2 2 36
R MEM 2 6 36
R MEM 3 2 36
R MEM 3 6 36
R MEM 4 2 36
R MEM 4 6 36
R MEM 5 2 36
R MEM 5 6 36
R MEM 0 2 36
R MEM 0 6 36
R MEM 1 2 36
R MEM 1 6 36
R MEM 2 2 36
R MEM 2 6 36
R MEM 3 2 36
R MEM 3 6 36
R MEM 4 2 36
R MEM 4 6 36
R MEM 5 2 36
R MEM 5 6 36
R MEM 0 2 36
R MEM 0 6 36
R MEM 1 2 36
R MEM 1 6 36
R MEM 2 2 36
R MEM 2 6 36
R MEM 3 2 36
R MEM 3 6 36
R MEM 4 2 36
R MEM 4 6 36
R MEM 5 2 36
R MEM 5 6 36
R MEM 0 2 36
R MEM 0 6 36
R MEM 1 2 36
R MEM 1 6 36
R MEM 2 2 36
R MEM 2 6 36
R MEM 3 2 36
R MEM 3 6 36
R MEM 4 2 36
R MEM 4 6 36
R MEM 5 2 36
R MEM 5 6 36
R MEM 0 2 36
R MEM 0 6 36
R MEM 1 2 36
R MEM 1 6 36
R MEM 2 2 36
R MEM 2 6 36
R MEM 3 2 36
R MEM 3 6 36
R MEM 4 2 36
R MEM 4 6 36
R MEM 5 2 36
R MEM 5 6 36
R MEM 0 2 36
R MEM 0 6 36
R MEM 1 2 36
R MEM 1 6 36
R MEM 2 2 36
R MEM 2 6 36
R MEM 3 2 36
R MEM 3 6 36
R MEM 4 2 36
R MEM 4 6 36
R MEM 5 2 36
R MEM 5 6 36
R MEM 0 2 37
R MEM 0 6 37
R MEM 1 2 37
R MEM 1 6 37
R MEM 2 2 37
R MEM 2 6 37
R MEM 3 2 37
R MEM 3 6 37
R MEM 4 2 37
R MEM 4 6 37
R MEM 5 2 37
R MEM 5 6 37
R MEM 0 2 37
R MEM 0 6 37
R MEM 1 2 37
R MEM 1 6 37
R MEM 2 2 37
R MEM 2 6 37
R MEM 3 2 37
R MEM 3 6 37
R MEM 4 2 37
R MEM 4 6 37
R MEM 5 2 37
R MEM 5 6 37
R MEM 0 2 37
R MEM 0 6 37
R MEM 1 2 37
R MEM 1 6 37
R MEM 2 2 37
R MEM 2 6 37
R MEM 3 2 37
R MEM 3 6 37
R MEM 4 2 37
R MEM 4 6 37
R MEM 5 2 37
R MEM 5 6 37
R MEM 0 2 37
R MEM 0 6 37
R MEM 1 2 37
R MEM 1 6 37
R MEM 2 2 37
R MEM 2 6 37
R MEM 3 2 37
R MEM 3 6 37
R MEM 4 2 37
R MEM 4 6 37
R MEM 5 2 37
R MEM 5 6 37
R MEM 0 2 37
R MEM 0 6 37
R MEM 1 2 37
R MEM 1 6 37
R MEM 2 2 37
R MEM 2 6 37
R MEM 3 2 37
R MEM 3 6 37
R MEM 4 2 37
R MEM 4 6 37
R MEM 5 2 37
R MEM 5 6 37
R MEM 0 2 37
R MEM 0 6 37
R MEM 1 2 37
R MEM 1 6 37
R MEM 2 2 37
R MEM 2 6 37
R MEM 3 2 37
R MEM 3 6 37
R MEM 4 2 37
R MEM 4 6 37
R MEM 5 2 37
R MEM 5 6 37
R MEM 0 2 37
R MEM 0 6 37
R MEM 1 2 37
R MEM 1 6 37
R MEM 2 2 37
R MEM 2 6 37
R MEM 3 2 37
R MEM 3 6 37
R MEM 4 2 37
R MEM 4 6 37
R MEM 5 2 37
R MEM 5 6 37
R MEM 0 2 37
R MEM 0 6 37
R MEM 1 2 37
R MEM 1 6 37
R MEM 2 2 37
R MEM 2 6 37
R MEM 3 2 37
R MEM 3 6 37
R MEM 4 2 37
R MEM 4 6 37
R MEM 5 2 37
R MEM 5 6 37
R MEM 0 2 37
R MEM 0 6 37
R MEM 1 2 37
R MEM 1 6 37
R MEM 2 2 37
R MEM 2 6 37
R MEM 3 2 37
R MEM 3 6 37
R MEM 4 2 37
R MEM 4 6 37
R MEM 5 2 37
R MEM 5 6 37
R MEM 0 2 37
R MEM 0 6 37
R MEM 1 2 37
R MEM 1 6 37
R MEM 2 2 37
R MEM 2 6 37
R MEM 3 2 37
R MEM 3 6 37
R MEM 4 2 37
R MEM 4 6 37
R MEM 5 2 37
R MEM 5 6 37
R MEM 0 2 37
R MEM 0 6 37
R MEM 1 2 37
R MEM 1 6 37
R MEM 2 2 37
R MEM 2 6 37
R MEM 3 2 37
R MEM 3 6 37
R MEM 4 2 37
R MEM 4 6 37
R MEM 5 2 37
R MEM 5 6 37
R MEM 0 2 37
R MEM 0 6 37
R MEM 1 2 37
R MEM 1 6 37
R MEM 2 2 37
R MEM 2 6 37
R MEM 3 2 37
R MEM 3 6 37
R MEM 4 2 37
R MEM 4 6 37
R MEM 5 2 37
R MEM 5 6 37
R MEM 0 2 37
R MEM 0 6 37
R MEM 1 2 37
R MEM 1 6 37
R MEM 2 2 37
R MEM 2 6 37
R MEM 3 2 37
R MEM 3 6 37
R MEM 4 2 37
R MEM 4 6 37
R MEM 5 2 37
R MEM 5 6 37
R MEM 0 2 37
R MEM 0 6 37
R MEM 1 2 37
R MEM 1 6 37
R MEM 2 2 37
R MEM 2 6 37
R MEM 3 2 37
R MEM 3 6 37
R MEM 4 2 37
R MEM 4 6 37
R MEM 5 2 37
R MEM 5 6 37
R MEM 0 2 37
R MEM 0 6 37
R MEM 1 2 37
R MEM 1 6 37
R MEM 2 2 37
R MEM 2 6 37
R MEM 3 2 37
R MEM 3 6 37
R MEM 4 2 37
R MEM 4 6 37
R MEM 5 2 37
R MEM 5 6 37
R MEM 0 2 37
R MEM 0 6 37
R MEM 1 2 37
R MEM 1 6 37
R MEM 2 2 37
R MEM 2 6 37
R MEM 3 2 37
R MEM 3 6 37
R MEM 4 2 37
R MEM 4 6 37
R MEM 5 2 37
R MEM 5 6 37
R MEM 0 2 38
R MEM 0 6 38
R MEM 1 2 38
R MEM 1 6 38
R MEM 2 2 38
R MEM 2 6 38
R MEM 3 2 38
R MEM 3 6 38
R MEM 4 2 38
R MEM 4 6 38
R MEM 5 2 38
R MEM 5 6 38
R MEM 0 2 38
R MEM 0 6 38
R MEM 1 2 38
R MEM 1 6 38
R MEM 2 2 38
R MEM 2 6 38
R MEM 3 2 38
R MEM 3 6 38
R MEM 4 2 38
R MEM 4 6 38
R MEM 5 2 38
R MEM 5 6 38
R MEM 0 2 38
R MEM 0 6 38
R MEM 1 2 38
R MEM 1 6 38
R MEM 2 2 38
R MEM 2 6 38
R MEM 3 2 38
R MEM 3 6 38
R MEM 4 2 38
R MEM 4 6 38
R MEM 5 2 38
R MEM 5 6 38
R MEM 0 2 38
R MEM 0 6 38
R MEM 1 2 38
R MEM 1 6 38
R MEM 2 2 38
R MEM 2 6 38
R MEM 3 2 38
R MEM 3 6 38
R MEM 4 2 38
R MEM 4 6 38
R MEM 5 2 38
R MEM 5 6 38
R MEM 0 2 38
R MEM 0 6 38
R MEM 1 2 38
R MEM 1 6 38
R MEM 2 2 38
R MEM 2 6 38
R MEM 3 2 38
R MEM 3 6 38
R MEM 4 2 38
R MEM 4 6 38
R MEM 5 2 38
R MEM 5 6 38
R MEM 0 2 38
R MEM 0 6 38
R MEM 1 2 38
R MEM 1 6 38
R MEM 2 2 38
R MEM 2 6 38
R MEM 3 2 38
R MEM 3 6 38
R MEM 4 2 38
R MEM 4 6 38
R MEM 5 2 38
R MEM 5 6 38
R MEM 0 2 38
R MEM 0 6 38
R MEM 1 2 38
R MEM 1 6 38
R MEM 2 2 38
R MEM 2 6 38
R MEM 3 2 38
R MEM 3 6 38
R MEM 4 2 38
R MEM 4 6 38
R MEM 5 2 38
R MEM 5 6 38
R MEM 0 2 38
R MEM 0 6 38
R MEM 1 2 38
R MEM 1 6 38
R MEM 2 2 38
R MEM 2 6 38
R MEM 3 2 38
R MEM 3 6 38
R MEM 4 2 38
R MEM 4 6 38
R MEM 5 2 38
R MEM 5 6 38
R MEM 0 2 38
R MEM 0 6 38
R MEM 1 2 38
R MEM 1 6 38
R MEM 2 2 38
R MEM 2 6 38
R MEM 3 2 38
R MEM 3 6 38
R MEM 4 2 38
R MEM 4 6 38
R MEM 5 2 38
R MEM 5 6 38
R MEM 0 2 38
R MEM 0 6 38
R MEM 1 2 38
R MEM 1 6 38
R MEM 2 2 38
R MEM 2 6 38
R MEM 3 2 38
R MEM 3 6 38
R MEM 4 2 38
R MEM 4 6 38
R MEM 5 2 38
R MEM 5 6 38
R MEM 0 2 38
R MEM 0 6 38
R MEM 1 2 38
R MEM 1 6 38
R MEM 2 2 38
R MEM 2 6 38
R MEM 3 2 38
R MEM 3 6 38
R MEM 4 2 38
R MEM 4 6 38
R MEM 5 2 38
R MEM 5 6 38
R MEM 0 2 38
R MEM 0 6 38
R MEM 1 2 38
R MEM 1 6 38
R MEM 2 2 38
R MEM 2 6 38
R MEM 3 2 38
R MEM 3 6 38
R MEM 4 2 38
R MEM 4 6 38
R MEM 5 2 38
R MEM 5 6 38
R MEM 0 2 38
R MEM 0 6 38
R MEM 1 2 38
R MEM 1 6 38
R MEM 2 2 38
R MEM 2 6 38
R MEM 3 2 38
R MEM 3 6 38
R MEM 4 2 38
R MEM 4 6 38
R MEM 5 2 38
R MEM 5 6 38
R MEM 0 2 38
R MEM 0 6 38
R MEM 1 2 38
R MEM 1 6 38
R MEM 2 2 38
R MEM 2 6 38
R MEM 3 2 38
R MEM 3 6 38
R MEM 4 2 38
R MEM 4 6 38
R MEM 5 2 38
R MEM 5 6 38
R MEM 0 2 38
R MEM 0 6 38
R MEM 1 2 38
R MEM 1 6 38
R MEM 2 2 38
R MEM 2 6 38
R MEM 3 2 38
R MEM 3 6 38
R MEM 4 2 38
R MEM 4 6 38
R MEM 5 2 38
R MEM 5 6 38
R MEM 0 2 38
R MEM 0 6 38
R MEM 1 2 38
R MEM 1 6 38
R MEM 2 2 38
R MEM 2 6 38
R MEM 3 2 38
R MEM 3 6 38
R MEM 4 2 38
R MEM 4 6 38
R MEM 5 2 38
R MEM 5 6 38
R MEM 0 2 39
R MEM 0 6 39
R MEM 1 2 39
R MEM 1 6 39
R MEM 2 2 39
R MEM 2 6 39
R MEM 3 2 39
R MEM 3 6 39
R MEM 4 2 39
R MEM 4 6 39
R MEM 5 2 39
R MEM 5 6 39
R MEM 0 2 39
R MEM 0 6 39
R MEM 1 2 39
R MEM 1 6 39
R MEM 2 2 39
R MEM 2 6 39
R MEM 3 2 39
R MEM 3 6 39
R MEM 4 2 39
R MEM 4 6 39
R MEM 5 2 39
R MEM 5 6 39
R MEM 0 2 39
R MEM 0 6 39
R MEM 1 2 39
R MEM 1 6 39
R MEM 2 2 39
R MEM 2 6 39
R MEM 3 2 39
R MEM 3 6 39
R MEM 4 2 39
R MEM 4 6 39
R MEM 5 2 39
R MEM 5 6 39
R MEM 0 2 39
R MEM 0 6 39
R MEM 1 2 39
R MEM 1 6 39
R MEM 2 2 39
R MEM 2 6 39
R MEM 3 2 39
R MEM 3 6 39
R MEM 4 2 39
R MEM 4 6 39
R MEM 5 2 39
R MEM 5 6 39
R MEM 0 2 39
R MEM 0 6 39
R MEM 1 2 39
R MEM 1 6 39
R MEM 2 2 39
R MEM 2 6 39
R MEM 3 2 39
R MEM 3 6 39
R MEM 4 2 39
R MEM 4 6 39
R MEM 5 2 39
R MEM 5 6 39
R MEM 0 2 39
R MEM 0 6 39
R MEM 1 2 39
R MEM 1 6 39
R MEM 2 2 39
R MEM 2 6 39
R MEM 3 2 39
R MEM 3 6 39
R MEM 4 2 39
R MEM 4 6 39
R MEM 5 2 39
R MEM 5 6 39
R MEM 0 2 39
R MEM 0 6 39
R MEM 1 2 39
R MEM 1 6 39
R MEM 2 2 39
R MEM 2 6 39
R MEM 3 2 39
R MEM 3 6 39
R MEM 4 2 39
R MEM 4 6 39
R MEM 5 2 39
R MEM 5 6 39
R MEM 0 2 39
R MEM 0 6 39
R MEM 1 2 39
R MEM 1 6 39
R MEM 2 2 39
R MEM 2 6 39
R MEM 3 2 39
R MEM 3 6 39
R MEM 4 2 39
R MEM 4 6 39
R MEM 5 2 39
R MEM 5 6 39
R MEM 0 2 39
R MEM 0 6 39
R MEM 1 2 39
R MEM 1 6 39
R MEM 2 2 39
R MEM 2 6 39
R MEM 3 2 39
R MEM 3 6 39
R MEM 4 2 39
R MEM 4 6 39
R MEM 5 2 39
R MEM 5 6 39
R MEM 0 2 39
R MEM 0 6 39
R MEM 1 2 39
R MEM 1 6 39
R MEM 2 2 39
R MEM 2 6 39
R MEM 3 2 39
R MEM 3 6 39
R MEM 4 2 39
R MEM 4 6 39
R MEM 5 2 39
R MEM 5 6 39
R MEM 0 2 39
R MEM 0 6 39
R MEM 1 2 39
R MEM 1 6 39
R MEM 2 2 39
R MEM 2 6 39
R MEM 3 2 39
R MEM 3 6 39
R MEM 4 2 39
R MEM 4 6 39
R MEM 5 2 39
R MEM 5 6 39
R MEM 0 2 39
R MEM 0 6 39
R MEM 1 2 39
R MEM 1 6 39
R MEM 2 2 39
R MEM 2 6 39
R MEM 3 2 39
R MEM 3 6 39
R MEM 4 2 39
R MEM 4 6 39
R MEM 5 2 39
R MEM 5 6 39
R MEM 0 2 39
R MEM 0 6 39
R MEM 1 2 39
R MEM 1 6 39
R MEM 2 2 39
R MEM 2 6 39
R MEM 3 2 39
R MEM 3 6 39
R MEM 4 2 39
R MEM 4 6 39
R MEM 5 2 39
R MEM 5 6 39
R MEM 0 2 39
R MEM 0 6 39
R MEM 1 2 39
R MEM 1 6 39
R MEM 2 2 39
R MEM 2 6 39
R MEM 3 2 39
R MEM 3 6 39
R MEM 4 2 39
R MEM 4 6 39
R MEM 5 2 39
R MEM 5 6 39
R MEM 0 2 39
R MEM 0 6 39
R MEM 1 2 39
R MEM 1 6 39
R MEM 2 2 39
R MEM 2 6 39
R MEM 3 2 39
R MEM 3 6 39
R MEM 4 2 39
R MEM 4 6 39
R MEM 5 2 39
R MEM 5 6 39
R MEM 0 2 39
R MEM 0 6 39
R MEM 1 2 39
R MEM 1 6 39
R MEM 2 2 39
R MEM 2 6 39
R MEM 3 2 39
R MEM 3 6 39
R MEM 4 2 39
R MEM 4 6 39
R MEM 5 2 39
R MEM 5 6 39
R MEM 0 2 40
R MEM 0 6 40
R MEM 1 2 40
R MEM 1 6 40
R MEM 2 2 40
R MEM 2 6 40
R MEM 3 2 40
R MEM 3 6 40
R MEM 4 2 40
R MEM 4 6 40
R MEM 5 2 40
R MEM 5 6 40
R MEM 0 2 40
R MEM 0 6 40
R MEM 1 2 40
R MEM 1 6 40
R MEM 2 2 40
R MEM 2 6 40
R MEM 3 2 40
R MEM 3 6 40
R MEM 4 2 40
R MEM 4 6 40
R MEM 5 2 40
R MEM 5 6 40
R MEM 0 2 40
R MEM 0 6 40
R MEM 1 2 40
R MEM 1 6 40
R MEM 2 2 40
R MEM 2 6 40
R MEM 3 2 40
R MEM 3 6 40
R MEM 4 2 40
R MEM 4 6 40
R MEM 5 2 40
R MEM 5 6 40
R MEM 0 2 40
R MEM 0 6 40
R MEM 1 2 40
R MEM 1 6 40
R MEM 2 2 40
R MEM 2 6 40
R MEM 3 2 40
R MEM 3 6 40
R MEM 4 2 40
R MEM 4 6 40
R MEM 5 2 40
R MEM 5 6 40
R MEM 0 2 40
R MEM 0 6 40
R MEM 1 2 40
R MEM 1 6 40
R MEM 2 2 40
R MEM 2 6 40
R MEM 3 2 40
R MEM 3 6 40
R MEM 4 2 40
R MEM 4 6 40
R MEM 5 2 40
R MEM 5 6 40
R MEM 0 2 40
R MEM 0 6 40
R MEM 1 2 40
R MEM 1 6 40
R MEM 2 2 40
R MEM 2 6 40
R MEM 3 2 40
R MEM 3 6 40
R MEM 4 2 40
R MEM 4 6 40
R MEM 5 2 40
R MEM 5 6 40
R MEM 0 2 40
R MEM 0 6 40
R MEM 1 2 40
R MEM 1 6 40
R MEM 2 2 40
R MEM 2 6 40
R MEM 3 2 40
R MEM 3 6 40
R MEM 4 2 40
R MEM 4 6 40
R MEM 5 2 40
R MEM 5 6 40
R MEM 0 2 40
R MEM 0 6 40
R MEM 1 2 40
R MEM 1 6 40
R MEM 2 2 40
R MEM 2 6 40
R MEM 3 2 40
R MEM 3 6 40
R MEM 4 2 40
R MEM 4 6 40
R MEM 5 2 40
R MEM 5 6 40
R MEM 0 2 40
R MEM 0 6 40
R MEM 1 2 40
R MEM 1 6 40
R MEM 2 2 40
R MEM 2 6 40
R MEM 3 2 40
R MEM 3 6 40
R MEM 4 2 40
R MEM 4 6 40
R MEM 5 2 40
R MEM 5 6 40
R MEM 0 2 40
R MEM 0 6 40
R MEM 1 2 40
R MEM 1 6 40
R MEM 2 2 40
R MEM 2 6 40
R MEM 3 2 40
R MEM 3 6 40
R MEM 4 2 40
R MEM 4 6 40
R MEM 5 2 40
R MEM 5 6 40
R MEM 0 2 40
R MEM 0 6 40
R MEM 1 2 40
R MEM 1 6 40
R MEM 2 2 40
R MEM 2 6 40
R MEM 3 2 40
R MEM 3 6 40
R MEM 4 2 40
R MEM 4 6 40
R MEM 5 2 40
R MEM 5 6 40
R MEM 0 2 40
R MEM 0 6 40
R MEM 1 2 40
R MEM 1 6 40
R MEM 2 2 40
R MEM 2 6 40
R MEM 3 2 40
R MEM 3 6 40
R MEM 4 2 40
R MEM 4 6 40
R MEM 5 2 40
R MEM 5 6 40
R MEM 0 2 40
R MEM 0 6 40
R MEM 1 2 40
R MEM 1 6 40
R MEM 2 2 40
R MEM 2 6 40
R MEM 3 2 40
R MEM 3 6 40
R MEM 4 2 40
R MEM 4 6 40
R MEM 5 2 40
R MEM 5 6 40
R MEM 0 2 40
R MEM 0 6 40
R MEM 1 2 40
R MEM 1 6 40
R MEM 2 2 40
R MEM 2 6 40
R MEM 3 2 40
R MEM 3 6 40
R MEM 4 2 40
R MEM 4 6 40
R MEM 5 2 40
R MEM 5 6 40
R MEM 0 2 40
R MEM 0 6 40
R MEM 1 2 40
R MEM 1 6 40
R MEM 2 2 40
R MEM 2 6 40
R MEM 3 2 40
R MEM 3 6 40
R MEM 4 2 40
R MEM 4 6 40
R MEM 5 2 40
R MEM 5 6 40
R MEM 0 2 40
R MEM 0 6 40
R MEM 1 2 40
R MEM 1 6 40
R MEM 2 2 40
R MEM 2 6 40
R MEM 3 2 40
R MEM 3 6 40
R MEM 4 2 40
R MEM 4 6 40
R MEM 5 2 40
R MEM 5 6 40
R MEM 0 2 41
R MEM 0 6 41
R MEM 1 2 41
R MEM 1 6 41
R MEM 2 2 41
R MEM 2 6 41
R MEM 3 2 41
R MEM 3 6 41
R MEM 4 2 41
R MEM 4 6 41
R MEM 5 2 41
R MEM 5 6 41
R MEM 0 2 41
R MEM 0 6 41
R MEM 1 2 41
R MEM 1 6 41
R MEM 2 2 41
R MEM 2 6 41
R MEM 3 2 41
R MEM 3 6 41
R MEM 4 2 41
R MEM 4 6 41
R MEM 5 2 41
R MEM 5 6 41
R MEM 0 2 41
R MEM 0 6 41
R MEM 1 2 41
R MEM 1 6 41
R MEM 2 2 41
R MEM 2 6 41
R MEM 3 2 41
R MEM 3 6 41
R MEM 4 2 41
R MEM 4 6 41
R MEM 5 2 41
R MEM 5 6 41
R MEM 0 2 41
R MEM 0 6 41
R MEM 1 2 41
R MEM 1 6 41
R MEM 2 2 41
R MEM 2 6 41
R MEM 3 2 41
R MEM 3 6 41
R MEM 4 2 41
R MEM 4 6 41
R MEM 5 2 41
R MEM 5 6 41
R MEM 0 2 41
R MEM 0 6 41
R MEM 1 2 41
R MEM 1 6 41
R MEM 2 2 41
R MEM 2 6 41
R MEM 3 2 41
R MEM 3 6 41
R MEM 4 2 41
R MEM 4 6 41
R MEM 5 2 41
R MEM 5 6 41
R MEM 0 2 41
R MEM 0 6 41
R MEM 1 2 41
R MEM 1 6 41
R MEM 2 2 41
R MEM 2 6 41
R MEM 3 2 41
R MEM 3 6 41
R MEM 4 2 41
R MEM 4 6 41
R MEM 5 2 41
R MEM 5 6 41
R MEM 0 2 41
R MEM 0 6 41
R MEM 1 2 41
R MEM 1 6 41
R MEM 2 2 41
R MEM 2 6 41
R MEM 3 2 41
R MEM 3 6 41
R MEM 4 2 41
R MEM 4 6 41
R MEM 5 2 41
R MEM 5 6 41
R MEM 0 2 41
R MEM 0 6 41
R MEM 1 2 41
R MEM 1 6 41
R MEM 2 2 41
R MEM 2 6 41
R MEM 3 2 41
R MEM 3 6 41
R MEM 4 2 41
R MEM 4 6 41
R MEM 5 2 41
R MEM 5 6 41
R MEM 0 2 41
R MEM 0 6 41
R MEM 1 2 41
R MEM 1 6 41
R MEM 2 2 41
R MEM 2 6 41
R MEM 3 2 41
R MEM 3 6 41
R MEM 4 2 41
R MEM 4 6 41
R MEM 5 2 41
R MEM 5 6 41
R MEM 0 2 41
R MEM 0 6 41
R MEM 1 2 41
R MEM 1 6 41
R MEM 2 2 41
R MEM 2 6 41
R MEM 3 2 41
R MEM 3 6 41
R MEM 4 2 41
R MEM 4 6 41
R MEM 5 2 41
R MEM 5 6 41
R MEM 0 2 41
R MEM 0 6 41
R MEM 1 2 41
R MEM 1 6 41
R MEM 2 2 41
R MEM 2 6 41
R MEM 3 2 41
R MEM 3 6 41
R MEM 4 2 41
R MEM 4 6 41
R MEM 5 2 41
R MEM 5 6 41
R MEM 0 2 41
R MEM 0 6 41
R MEM 1 2 41
R MEM 1 6 41
R MEM 2 2 41
R MEM 2 6 41
R MEM 3 2 41
R MEM 3 6 41
R MEM 4 2 41
R MEM 4 6 41
R MEM 5 2 41
R MEM 5 6 41
R MEM 0 2 41
R MEM 0 6 41
R MEM 1 2 41
R MEM 1 6 41
R MEM 2 2 41
R MEM 2 6 41
R MEM 3 2 41
R MEM 3 6 41
R MEM 4 2 41
R MEM 4 6 41
R MEM 5 2 41
R MEM 5 6 41
R MEM 0 2 41
R MEM 0 6 41
R MEM 1 2 41
R MEM 1 6 41
R MEM 2 2 41
R MEM 2 6 41
R MEM 3 2 41
R MEM 3 6 41
R MEM 4 2 41
R MEM 4 6 41
R MEM 5 2 41
R MEM 5 6 41
R MEM 0 2 41
R MEM 0 6 41
R MEM 1 2 41
R MEM 1 6 41
R MEM 2 2 41
R MEM 2 6 41
R MEM 3 2 41
R MEM 3 6 41
R MEM 4 2 41
R MEM 4 6 41
R MEM 5 2 41
R MEM 5 6 41
R MEM 0 2 41
R MEM 0 6 41
R MEM 1 2 41
R MEM 1 6 41
R MEM 2 2 41
R MEM 2 6 41
R MEM 3 2 41
R MEM 3 6 41
R MEM 4 2 41
R MEM 4 6 41
R MEM 5 2 41
R MEM 5 6 41
R MEM 0 2 42
R MEM 0 6 42
R MEM 1 2 42
R MEM 1 6 42
R MEM 2 2 42
R MEM 2 6 42
R MEM 3 2 42
R MEM 3 6 42
R MEM 4 2 42
R MEM 4 6 42
R MEM 5 2 42
R MEM 5 6 42
R MEM 0 2 42
R MEM 0 6 42
R MEM 1 2 42
R MEM 1 6 42
R MEM 2 2 42
R MEM 2 6 42
R MEM 3 2 42
R MEM 3 6 42
R MEM 4 2 42
R MEM 4 6 42
R MEM 5 2 42
R MEM 5 6 42
R MEM 0 2 42
R MEM 0 6 42
R MEM 1 2 42
R MEM 1 6 42
R MEM 2 2 42
R MEM 2 6 42
R MEM 3 2 42
R MEM 3 6 42
R MEM 4 2 42
R MEM 4 6 42
R MEM 5 2 42
R MEM 5 6 42
R MEM 0 2 42
R MEM 0 6 42
R MEM 1 2 42
R MEM 1 6 42
R MEM 2 2 42
R MEM 2 6 42
R MEM 3 2 42
R MEM 3 6 42
R MEM 4 2 42
R MEM 4 6 42
R MEM 5 2 42
R MEM 5 6 42
R MEM 0 2 42
R MEM 0 6 42
R MEM 1 2 42
R MEM 1 6 42
R MEM 2 2 42
R MEM 2 6 42
R MEM 3 2 42
R MEM 3 6 42
R MEM 4 2 42
R MEM 4 6 42
R MEM 5 2 42
R MEM 5 6 42
R MEM 0 2 42
R MEM 0 6 42
R MEM 1 2 42
R MEM 1 6 42
R MEM 2 2 42
R MEM 2 6 42
R MEM 3 2 42
R MEM 3 6 42
R MEM 4 2 42
R MEM 4 6 42
R MEM 5 2 42
R MEM 5 6 42
R MEM 0 2 42
R MEM 0 6 42
R MEM 1 2 42
R MEM 1 6 42
R MEM 2 2 42
R MEM 2 6 42
R MEM 3 2 42
R MEM 3 6 42
R MEM 4 2 42
R MEM 4 6 42
R MEM 5 2 42
R MEM 5 6 42
R MEM 0 2 42
R MEM 0 6 42
R MEM 1 2 42
R MEM 1 6 42
R MEM 2 2 42
R MEM 2 6 42
R MEM 3 2 42
R MEM 3 6 42
R MEM 4 2 42
R MEM 4 6 42
R MEM 5 2 42
R MEM 5 6 42
R MEM 0 2 42
R MEM 0 6 42
R MEM 1 2 42
R MEM 1 6 42
R MEM 2 2 42
R MEM 2 6 42
R MEM 3 2 42
R MEM 3 6 42
R MEM 4 2 42
R MEM 4 6 42
R MEM 5 2 42
R MEM 5 6 42
R MEM 0 2 42
R MEM 0 6 42
R MEM 1 2 42
R MEM 1 6 42
R MEM 2 2 42
R MEM 2 6 42
R MEM 3 2 42
R MEM 3 6 42
R MEM 4 2 42
R MEM 4 6 42
R MEM 5 2 42
R MEM 5 6 42
R MEM 0 2 42
R MEM 0 6 42
R MEM 1 2 42
R MEM 1 6 42
R MEM 2 2 42
R MEM 2 6 42
R MEM 3 2 42
R MEM 3 6 42
R MEM 4 2 42
R MEM 4 6 42
R MEM 5 2 42
R MEM 5 6 42
R MEM 0 2 42
R MEM 0 6 42
R MEM 1 2 42
R MEM 1 6 42
R MEM 2 2 42
R MEM 2 6 42
R MEM 3 2 42
R MEM 3 6 42
R MEM 4 2 42
R MEM 4 6 42
R MEM 5 2 42
R MEM 5 6 42
R MEM 0 2 42
R MEM 0 6 42
R MEM 1 2 42
R MEM 1 6 42
R MEM 2 2 42
R MEM 2 6 42
R MEM 3 2 42
R MEM 3 6 42
R MEM 4 2 42
R MEM 4 6 42
R MEM 5 2 42
R MEM 5 6 42
R MEM 0 2 42
R MEM 0 6 42
R MEM 1 2 42
R MEM 1 6 42
R MEM 2 2 42
R MEM 2 6 42
R MEM 3 2 42
R MEM 3 6 42
R MEM 4 2 42
R MEM 4 6 42
R MEM 5 2 42
R MEM 5 6 42
R MEM 0 2 42
R MEM 0 6 42
R MEM 1 2 42
R MEM 1 6 42
R MEM 2 2 42
R MEM 2 6 42
R MEM 3 2 42
R MEM 3 6 42
R MEM 4 2 42
R MEM 4 6 42
R MEM 5 2 42
R MEM 5 6 42
R MEM 0 2 42
R MEM 0 6 42
R MEM 1 2 42
R MEM 1 6 42
R MEM 2 2 42
R MEM 2 6 42
R MEM 3 2 42
R MEM 3 6 42
R MEM 4 2 42
R MEM 4 6 42
R MEM 5 2 42
R MEM 5 6 42
R MEM 0 2 43
R MEM 0 6 43
R MEM 1 2 43
R MEM 1 6 43
R MEM 2 2 43
R MEM 2 6 43
R MEM 3 2 43
R MEM 3 6 43
R MEM 4 2 43
R MEM 4 6 43
R MEM 5 2 43
R MEM 5 6 43
R MEM 0 2 43
R MEM 0 6 43
R MEM 1 2 43
R MEM 1 6 43
R MEM 2 2 43
R MEM 2 6 43
R MEM 3 2 43
R MEM 3 6 43
R MEM 4 2 43
R MEM 4 6 43
R MEM 5 2 43
R MEM 5 6 43
R MEM 0 2 43
R MEM 0 6 43
R MEM 1 2 43
R MEM 1 6 43
R MEM 2 2 43
R MEM 2 6 43
R MEM 3 2 43
R MEM 3 6 43
R MEM 4 2 43
R MEM 4 6 43
R MEM 5 2 43
R MEM 5 6 43
R MEM 0 2 43
R MEM 0 6 43
R MEM 1 2 43
R MEM 1 6 43
R MEM 2 2 43
R MEM 2 6 43
R MEM 3 2 43
R MEM 3 6 43
R MEM 4 2 43
R MEM 4 6 43
R MEM 5 2 43
R MEM 5 6 43
R MEM 0 2 43
R MEM 0 6 43
R MEM 1 2 43
R MEM 1 6 43
R MEM 2 2 43
R MEM 2 6 43
R MEM 3 2 43
R MEM 3 6 43
R MEM 4 2 43
R MEM 4 6 43
R MEM 5 2 43
R MEM 5 6 43
R MEM 0 2 43
R MEM 0 6 43
R MEM 1 2 43
R MEM 1 6 43
R MEM 2 2 43
R MEM 2 6 43
R MEM 3 2 43
R MEM 3 6 43
R MEM 4 2 43
R MEM 4 6 43
R MEM 5 2 43
R MEM 5 6 43
R MEM 0 2 43
R MEM 0 6 43
R MEM 1 2 43
R MEM 1 6 43
R MEM 2 2 43
R MEM 2 6 43
R MEM 3 2 43
R MEM 3 6 43
R MEM 4 2 43
R MEM 4 6 43
R MEM 5 2 43
R MEM 5 6 43
R MEM 0 2 43
R MEM 0 6 43
R MEM 1 2 43
R MEM 1 6 43
R MEM 2 2 43
R MEM 2 6 43
R MEM 3 2 43
R MEM 3 6 43
R MEM 4 2 43
R MEM 4 6 43
R MEM 5 2 43
R MEM 5 6 43
R MEM 0 2 43
R MEM 0 6 43
R MEM 1 2 43
R MEM 1 6 43
R MEM 2 2 43
R MEM 2 6 43
R MEM 3 2 43
R MEM 3 6 43
R MEM 4 2 43
R MEM 4 6 43
R MEM 5 2 43
R MEM 5 6 43
R MEM 0 2 43
R MEM 0 6 43
R MEM 1 2 43
R MEM 1 6 43
R MEM 2 2 43
R MEM 2 6 43
R MEM 3 2 43
R MEM 3 6 43
R MEM 4 2 43
R MEM 4 6 43
R MEM 5 2 43
R MEM 5 6 43
R MEM 0 2 43
R MEM 0 6 43
R MEM 1 2 43
R MEM 1 6 43
R MEM 2 2 43
R MEM 2 6 43
R MEM 3 2 43
R MEM 3 6 43
R MEM 4 2 43
R MEM 4 6 43
R MEM 5 2 43
R MEM 5 6 43
R MEM 0 2 43
R MEM 0 6 43
R MEM 1 2 43
R MEM 1 6 43
R MEM 2 2 43
R MEM 2 6 43
R MEM 3 2 43
R MEM 3 6 43
R MEM 4 2 43
R MEM 4 6 43
R MEM 5 2 43
R MEM 5 6 43
R MEM 0 2 43
R MEM 0 6 43
R MEM 1 2 43
R MEM 1 6 43
R MEM 2 2 43
R MEM 2 6 43
R MEM 3 2 43
R MEM 3 6 43
R MEM 4 2 43
R MEM 4 6 43
R MEM 5 2 43
R MEM 5 6 43
R MEM 0 2 43
R MEM 0 6 43
R MEM 1 2 43
R MEM 1 6 43
R MEM 2 2 43
R MEM 2 6 43
R MEM 3 2 43
R MEM 3 6 43
R MEM 4 2 43
R MEM 4 6 43
R MEM 5 2 43
R MEM 5 6 43
R MEM 0 2 43
R MEM 0 6 43
R MEM 1 2 43
R MEM 1 6 43
R MEM 2 2 43
R MEM 2 6 43
R MEM 3 2 43
R MEM 3 6 43
R MEM 4 2 43
R MEM 4 6 43
R MEM 5 2 43
R MEM 5 6 43
R MEM 0 2 43
R MEM 0 6 43
R MEM 1 2 43
R MEM 1 6 43
R MEM 2 2 43
R MEM 2 6 43
R MEM 3 2 43
R MEM 3 6 43
R MEM 4 2 43
R MEM 4 6 43
R MEM 5 2 43
R MEM 5 6 43
AiM EWMUL 16 0xffffffff 36
AiM EWMUL 16 0xffffffff 37
AiM EWMUL 16 0xffffffff 38
AiM EWMUL 16 0xffffffff 39
AiM EWMUL 16 0xffffffff 40
AiM EWMUL 16 0xffffffff 41
AiM EWMUL 16 0xffffffff 42
AiM EWMUL 16 0xffffffff 43
AiM EWMUL 16 0xffffffff 44
AiM EWMUL 16 0xffffffff 45
AiM EWMUL 16 0xffffffff 46
AiM EWMUL 16 0xffffffff 47
AiM EWMUL 16 0xffffffff 48
AiM EWMUL 16 0xffffffff 49
AiM EWMUL 16 0xffffffff 50
AiM EWMUL 16 0xffffffff 51
R MEM 0 2 36
R MEM 0 6 36
R MEM 1 2 36
R MEM 1 6 36
R MEM 2 2 36
R MEM 2 6 36
R MEM 3 2 36
R MEM 3 6 36
R MEM 4 2 36
R MEM 4 6 36
R MEM 5 2 36
R MEM 5 6 36
R MEM 0 2 36
R MEM 0 6 36
R MEM 1 2 36
R MEM 1 6 36
R MEM 2 2 36
R MEM 2 6 36
R MEM 3 2 36
R MEM 3 6 36
R MEM 4 2 36
R MEM 4 6 36
R MEM 5 2 36
R MEM 5 6 36
R MEM 0 2 36
R MEM 0 6 36
R MEM 1 2 36
R MEM 1 6 36
R MEM 2 2 36
R MEM 2 6 36
R MEM 3 2 36
R MEM 3 6 36
R MEM 4 2 36
R MEM 4 6 36
R MEM 5 2 36
R MEM 5 6 36
R MEM 0 2 36
R MEM 0 6 36
R MEM 1 2 36
R MEM 1 6 36
R MEM 2 2 36
R MEM 2 6 36
R MEM 3 2 36
R MEM 3 6 36
R MEM 4 2 36
R MEM 4 6 36
R MEM 5 2 36
R MEM 5 6 36
R MEM 0 2 36
R MEM 0 6 36
R MEM 1 2 36
R MEM 1 6 36
R MEM 2 2 36
R MEM 2 6 36
R MEM 3 2 36
R MEM 3 6 36
R MEM 4 2 36
R MEM 4 6 36
R MEM 5 2 36
R MEM 5 6 36
R MEM 0 2 36
R MEM 0 6 36
R MEM 1 2 36
R MEM 1 6 36
R MEM 2 2 36
R MEM 2 6 36
R MEM 3 2 36
R MEM 3 6 36
R MEM 4 2 36
R MEM 4 6 36
R MEM 5 2 36
R MEM 5 6 36
R MEM 0 2 36
R MEM 0 6 36
R MEM 1 2 36
R MEM 1 6 36
R MEM 2 2 36
R MEM 2 6 36
R MEM 3 2 36
R MEM 3 6 36
R MEM 4 2 36
R MEM 4 6 36
R MEM 5 2 36
R MEM 5 6 36
R MEM 0 2 36
R MEM 0 6 36
R MEM 1 2 36
R MEM 1 6 36
R MEM 2 2 36
R MEM 2 6 36
R MEM 3 2 36
R MEM 3 6 36
R MEM 4 2 36
R MEM 4 6 36
R MEM 5 2 36
R MEM 5 6 36
R MEM 0 2 36
R MEM 0 6 36
R MEM 1 2 36
R MEM 1 6 36
R MEM 2 2 36
R MEM 2 6 36
R MEM 3 2 36
R MEM 3 6 36
R MEM 4 2 36
R MEM 4 6 36
R MEM 5 2 36
R MEM 5 6 36
R MEM 0 2 36
R MEM 0 6 36
R MEM 1 2 36
R MEM 1 6 36
R MEM 2 2 36
R MEM 2 6 36
R MEM 3 2 36
R MEM 3 6 36
R MEM 4 2 36
R MEM 4 6 36
R MEM 5 2 36
R MEM 5 6 36
R MEM 0 2 36
R MEM 0 6 36
R MEM 1 2 36
R MEM 1 6 36
R MEM 2 2 36
R MEM 2 6 36
R MEM 3 2 36
R MEM 3 6 36
R MEM 4 2 36
R MEM 4 6 36
R MEM 5 2 36
R MEM 5 6 36
R MEM 0 2 36
R MEM 0 6 36
R MEM 1 2 36
R MEM 1 6 36
R MEM 2 2 36
R MEM 2 6 36
R MEM 3 2 36
R MEM 3 6 36
R MEM 4 2 36
R MEM 4 6 36
R MEM 5 2 36
R MEM 5 6 36
R MEM 0 2 36
R MEM 0 6 36
R MEM 1 2 36
R MEM 1 6 36
R MEM 2 2 36
R MEM 2 6 36
R MEM 3 2 36
R MEM 3 6 36
R MEM 4 2 36
R MEM 4 6 36
R MEM 5 2 36
R MEM 5 6 36
R MEM 0 2 36
R MEM 0 6 36
R MEM 1 2 36
R MEM 1 6 36
R MEM 2 2 36
R MEM 2 6 36
R MEM 3 2 36
R MEM 3 6 36
R MEM 4 2 36
R MEM 4 6 36
R MEM 5 2 36
R MEM 5 6 36
R MEM 0 2 36
R MEM 0 6 36
R MEM 1 2 36
R MEM 1 6 36
R MEM 2 2 36
R MEM 2 6 36
R MEM 3 2 36
R MEM 3 6 36
R MEM 4 2 36
R MEM 4 6 36
R MEM 5 2 36
R MEM 5 6 36
R MEM 0 2 36
R MEM 0 6 36
R MEM 1 2 36
R MEM 1 6 36
R MEM 2 2 36
R MEM 2 6 36
R MEM 3 2 36
R MEM 3 6 36
R MEM 4 2 36
R MEM 4 6 36
R MEM 5 2 36
R MEM 5 6 36
R MEM 0 2 37
R MEM 0 6 37
R MEM 1 2 37
R MEM 1 6 37
R MEM 2 2 37
R MEM 2 6 37
R MEM 3 2 37
R MEM 3 6 37
R MEM 4 2 37
R MEM 4 6 37
R MEM 5 2 37
R MEM 5 6 37
R MEM 0 2 37
R MEM 0 6 37
R MEM 1 2 37
R MEM 1 6 37
R MEM 2 2 37
R MEM 2 6 37
R MEM 3 2 37
R MEM 3 6 37
R MEM 4 2 37
R MEM 4 6 37
R MEM 5 2 37
R MEM 5 6 37
R MEM 0 2 37
R MEM 0 6 37
R MEM 1 2 37
R MEM 1 6 37
R MEM 2 2 37
R MEM 2 6 37
R MEM 3 2 37
R MEM 3 6 37
R MEM 4 2 37
R MEM 4 6 37
R MEM 5 2 37
R MEM 5 6 37
R MEM 0 2 37
R MEM 0 6 37
R MEM 1 2 37
R MEM 1 6 37
R MEM 2 2 37
R MEM 2 6 37
R MEM 3 2 37
R MEM 3 6 37
R MEM 4 2 37
R MEM 4 6 37
R MEM 5 2 37
R MEM 5 6 37
R MEM 0 2 37
R MEM 0 6 37
R MEM 1 2 37
R MEM 1 6 37
R MEM 2 2 37
R MEM 2 6 37
R MEM 3 2 37
R MEM 3 6 37
R MEM 4 2 37
R MEM 4 6 37
R MEM 5 2 37
R MEM 5 6 37
R MEM 0 2 37
R MEM 0 6 37
R MEM 1 2 37
R MEM 1 6 37
R MEM 2 2 37
R MEM 2 6 37
R MEM 3 2 37
R MEM 3 6 37
R MEM 4 2 37
R MEM 4 6 37
R MEM 5 2 37
R MEM 5 6 37
R MEM 0 2 37
R MEM 0 6 37
R MEM 1 2 37
R MEM 1 6 37
R MEM 2 2 37
R MEM 2 6 37
R MEM 3 2 37
R MEM 3 6 37
R MEM 4 2 37
R MEM 4 6 37
R MEM 5 2 37
R MEM 5 6 37
R MEM 0 2 37
R MEM 0 6 37
R MEM 1 2 37
R MEM 1 6 37
R MEM 2 2 37
R MEM 2 6 37
R MEM 3 2 37
R MEM 3 6 37
R MEM 4 2 37
R MEM 4 6 37
R MEM 5 2 37
R MEM 5 6 37
R MEM 0 2 37
R MEM 0 6 37
R MEM 1 2 37
R MEM 1 6 37
R MEM 2 2 37
R MEM 2 6 37
R MEM 3 2 37
R MEM 3 6 37
R MEM 4 2 37
R MEM 4 6 37
R MEM 5 2 37
R MEM 5 6 37
R MEM 0 2 37
R MEM 0 6 37
R MEM 1 2 37
R MEM 1 6 37
R MEM 2 2 37
R MEM 2 6 37
R MEM 3 2 37
R MEM 3 6 37
R MEM 4 2 37
R MEM 4 6 37
R MEM 5 2 37
R MEM 5 6 37
R MEM 0 2 37
R MEM 0 6 37
R MEM 1 2 37
R MEM 1 6 37
R MEM 2 2 37
R MEM 2 6 37
R MEM 3 2 37
R MEM 3 6 37
R MEM 4 2 37
R MEM 4 6 37
R MEM 5 2 37
R MEM 5 6 37
R MEM 0 2 37
R MEM 0 6 37
R MEM 1 2 37
R MEM 1 6 37
R MEM 2 2 37
R MEM 2 6 37
R MEM 3 2 37
R MEM 3 6 37
R MEM 4 2 37
R MEM 4 6 37
R MEM 5 2 37
R MEM 5 6 37
R MEM 0 2 37
R MEM 0 6 37
R MEM 1 2 37
R MEM 1 6 37
R MEM 2 2 37
R MEM 2 6 37
R MEM 3 2 37
R MEM 3 6 37
R MEM 4 2 37
R MEM 4 6 37
R MEM 5 2 37
R MEM 5 6 37
R MEM 0 2 37
R MEM 0 6 37
R MEM 1 2 37
R MEM 1 6 37
R MEM 2 2 37
R MEM 2 6 37
R MEM 3 2 37
R MEM 3 6 37
R MEM 4 2 37
R MEM 4 6 37
R MEM 5 2 37
R MEM 5 6 37
R MEM 0 2 37
R MEM 0 6 37
R MEM 1 2 37
R MEM 1 6 37
R MEM 2 2 37
R MEM 2 6 37
R MEM 3 2 37
R MEM 3 6 37
R MEM 4 2 37
R MEM 4 6 37
R MEM 5 2 37
R MEM 5 6 37
R MEM 0 2 37
R MEM 0 6 37
R MEM 1 2 37
R MEM 1 6 37
R MEM 2 2 37
R MEM 2 6 37
R MEM 3 2 37
R MEM 3 6 37
R MEM 4 2 37
R MEM 4 6 37
R MEM 5 2 37
R MEM 5 6 37
R MEM 0 2 38
R MEM 0 6 38
R MEM 1 2 38
R MEM 1 6 38
R MEM 2 2 38
R MEM 2 6 38
R MEM 3 2 38
R MEM 3 6 38
R MEM 4 2 38
R MEM 4 6 38
R MEM 5 2 38
R MEM 5 6 38
R MEM 0 2 38
R MEM 0 6 38
R MEM 1 2 38
R MEM 1 6 38
R MEM 2 2 38
R MEM 2 6 38
R MEM 3 2 38
R MEM 3 6 38
R MEM 4 2 38
R MEM 4 6 38
R MEM 5 2 38
R MEM 5 6 38
R MEM 0 2 38
R MEM 0 6 38
R MEM 1 2 38
R MEM 1 6 38
R MEM 2 2 38
R MEM 2 6 38
R MEM 3 2 38
R MEM 3 6 38
R MEM 4 2 38
R MEM 4 6 38
R MEM 5 2 38
R MEM 5 6 38
R MEM 0 2 38
R MEM 0 6 38
R MEM 1 2 38
R MEM 1 6 38
R MEM 2 2 38
R MEM 2 6 38
R MEM 3 2 38
R MEM 3 6 38
R MEM 4 2 38
R MEM 4 6 38
R MEM 5 2 38
R MEM 5 6 38
R MEM 0 2 38
R MEM 0 6 38
R MEM 1 2 38
R MEM 1 6 38
R MEM 2 2 38
R MEM 2 6 38
R MEM 3 2 38
R MEM 3 6 38
R MEM 4 2 38
R MEM 4 6 38
R MEM 5 2 38
R MEM 5 6 38
R MEM 0 2 38
R MEM 0 6 38
R MEM 1 2 38
R MEM 1 6 38
R MEM 2 2 38
R MEM 2 6 38
R MEM 3 2 38
R MEM 3 6 38
R MEM 4 2 38
R MEM 4 6 38
R MEM 5 2 38
R MEM 5 6 38
R MEM 0 2 38
R MEM 0 6 38
R MEM 1 2 38
R MEM 1 6 38
R MEM 2 2 38
R MEM 2 6 38
R MEM 3 2 38
R MEM 3 6 38
R MEM 4 2 38
R MEM 4 6 38
R MEM 5 2 38
R MEM 5 6 38
R MEM 0 2 38
R MEM 0 6 38
R MEM 1 2 38
R MEM 1 6 38
R MEM 2 2 38
R MEM 2 6 38
R MEM 3 2 38
R MEM 3 6 38
R MEM 4 2 38
R MEM 4 6 38
R MEM 5 2 38
R MEM 5 6 38
R MEM 0 2 38
R MEM 0 6 38
R MEM 1 2 38
R MEM 1 6 38
R MEM 2 2 38
R MEM 2 6 38
R MEM 3 2 38
R MEM 3 6 38
R MEM 4 2 38
R MEM 4 6 38
R MEM 5 2 38
R MEM 5 6 38
R MEM 0 2 38
R MEM 0 6 38
R MEM 1 2 38
R MEM 1 6 38
R MEM 2 2 38
R MEM 2 6 38
R MEM 3 2 38
R MEM 3 6 38
R MEM 4 2 38
R MEM 4 6 38
R MEM 5 2 38
R MEM 5 6 38
R MEM 0 2 38
R MEM 0 6 38
R MEM 1 2 38
R MEM 1 6 38
R MEM 2 2 38
R MEM 2 6 38
R MEM 3 2 38
R MEM 3 6 38
R MEM 4 2 38
R MEM 4 6 38
R MEM 5 2 38
R MEM 5 6 38
R MEM 0 2 38
R MEM 0 6 38
R MEM 1 2 38
R MEM 1 6 38
R MEM 2 2 38
R MEM 2 6 38
R MEM 3 2 38
R MEM 3 6 38
R MEM 4 2 38
R MEM 4 6 38
R MEM 5 2 38
R MEM 5 6 38
R MEM 0 2 38
R MEM 0 6 38
R MEM 1 2 38
R MEM 1 6 38
R MEM 2 2 38
R MEM 2 6 38
R MEM 3 2 38
R MEM 3 6 38
R MEM 4 2 38
R MEM 4 6 38
R MEM 5 2 38
R MEM 5 6 38
R MEM 0 2 38
R MEM 0 6 38
R MEM 1 2 38
R MEM 1 6 38
R MEM 2 2 38
R MEM 2 6 38
R MEM 3 2 38
R MEM 3 6 38
R MEM 4 2 38
R MEM 4 6 38
R MEM 5 2 38
R MEM 5 6 38
R MEM 0 2 38
R MEM 0 6 38
R MEM 1 2 38
R MEM 1 6 38
R MEM 2 2 38
R MEM 2 6 38
R MEM 3 2 38
R MEM 3 6 38
R MEM 4 2 38
R MEM 4 6 38
R MEM 5 2 38
R MEM 5 6 38
R MEM 0 2 38
R MEM 0 6 38
R MEM 1 2 38
R MEM 1 6 38
R MEM 2 2 38
R MEM 2 6 38
R MEM 3 2 38
R MEM 3 6 38
R MEM 4 2 38
R MEM 4 6 38
R MEM 5 2 38
R MEM 5 6 38
R MEM 0 2 39
R MEM 0 6 39
R MEM 1 2 39
R MEM 1 6 39
R MEM 2 2 39
R MEM 2 6 39
R MEM 3 2 39
R MEM 3 6 39
R MEM 4 2 39
R MEM 4 6 39
R MEM 5 2 39
R MEM 5 6 39
R MEM 0 2 39
R MEM 0 6 39
R MEM 1 2 39
R MEM 1 6 39
R MEM 2 2 39
R MEM 2 6 39
R MEM 3 2 39
R MEM 3 6 39
R MEM 4 2 39
R MEM 4 6 39
R MEM 5 2 39
R MEM 5 6 39
R MEM 0 2 39
R MEM 0 6 39
R MEM 1 2 39
R MEM 1 6 39
R MEM 2 2 39
R MEM 2 6 39
R MEM 3 2 39
R MEM 3 6 39
R MEM 4 2 39
R MEM 4 6 39
R MEM 5 2 39
R MEM 5 6 39
R MEM 0 2 39
R MEM 0 6 39
R MEM 1 2 39
R MEM 1 6 39
R MEM 2 2 39
R MEM 2 6 39
R MEM 3 2 39
R MEM 3 6 39
R MEM 4 2 39
R MEM 4 6 39
R MEM 5 2 39
R MEM 5 6 39
R MEM 0 2 39
R MEM 0 6 39
R MEM 1 2 39
R MEM 1 6 39
R MEM 2 2 39
R MEM 2 6 39
R MEM 3 2 39
R MEM 3 6 39
R MEM 4 2 39
R MEM 4 6 39
R MEM 5 2 39
R MEM 5 6 39
R MEM 0 2 39
R MEM 0 6 39
R MEM 1 2 39
R MEM 1 6 39
R MEM 2 2 39
R MEM 2 6 39
R MEM 3 2 39
R MEM 3 6 39
R MEM 4 2 39
R MEM 4 6 39
R MEM 5 2 39
R MEM 5 6 39
R MEM 0 2 39
R MEM 0 6 39
R MEM 1 2 39
R MEM 1 6 39
R MEM 2 2 39
R MEM 2 6 39
R MEM 3 2 39
R MEM 3 6 39
R MEM 4 2 39
R MEM 4 6 39
R MEM 5 2 39
R MEM 5 6 39
R MEM 0 2 39
R MEM 0 6 39
R MEM 1 2 39
R MEM 1 6 39
R MEM 2 2 39
R MEM 2 6 39
R MEM 3 2 39
R MEM 3 6 39
R MEM 4 2 39
R MEM 4 6 39
R MEM 5 2 39
R MEM 5 6 39
R MEM 0 2 39
R MEM 0 6 39
R MEM 1 2 39
R MEM 1 6 39
R MEM 2 2 39
R MEM 2 6 39
R MEM 3 2 39
R MEM 3 6 39
R MEM 4 2 39
R MEM 4 6 39
R MEM 5 2 39
R MEM 5 6 39
R MEM 0 2 39
R MEM 0 6 39
R MEM 1 2 39
R MEM 1 6 39
R MEM 2 2 39
R MEM 2 6 39
R MEM 3 2 39
R MEM 3 6 39
R MEM 4 2 39
R MEM 4 6 39
R MEM 5 2 39
R MEM 5 6 39
R MEM 0 2 39
R MEM 0 6 39
R MEM 1 2 39
R MEM 1 6 39
R MEM 2 2 39
R MEM 2 6 39
R MEM 3 2 39
R MEM 3 6 39
R MEM 4 2 39
R MEM 4 6 39
R MEM 5 2 39
R MEM 5 6 39
R MEM 0 2 39
R MEM 0 6 39
R MEM 1 2 39
R MEM 1 6 39
R MEM 2 2 39
R MEM 2 6 39
R MEM 3 2 39
R MEM 3 6 39
R MEM 4 2 39
R MEM 4 6 39
R MEM 5 2 39
R MEM 5 6 39
R MEM 0 2 39
R MEM 0 6 39
R MEM 1 2 39
R MEM 1 6 39
R MEM 2 2 39
R MEM 2 6 39
R MEM 3 2 39
R MEM 3 6 39
R MEM 4 2 39
R MEM 4 6 39
R MEM 5 2 39
R MEM 5 6 39
R MEM 0 2 39
R MEM 0 6 39
R MEM 1 2 39
R MEM 1 6 39
R MEM 2 2 39
R MEM 2 6 39
R MEM 3 2 39
R MEM 3 6 39
R MEM 4 2 39
R MEM 4 6 39
R MEM 5 2 39
R MEM 5 6 39
R MEM 0 2 39
R MEM 0 6 39
R MEM 1 2 39
R MEM 1 6 39
R MEM 2 2 39
R MEM 2 6 39
R MEM 3 2 39
R MEM 3 6 39
R MEM 4 2 39
R MEM 4 6 39
R MEM 5 2 39
R MEM 5 6 39
R MEM 0 2 39
R MEM 0 6 39
R MEM 1 2 39
R MEM 1 6 39
R MEM 2 2 39
R MEM 2 6 39
R MEM 3 2 39
R MEM 3 6 39
R MEM 4 2 39
R MEM 4 6 39
R MEM 5 2 39
R MEM 5 6 39
R MEM 0 2 40
R MEM 0 6 40
R MEM 1 2 40
R MEM 1 6 40
R MEM 2 2 40
R MEM 2 6 40
R MEM 3 2 40
R MEM 3 6 40
R MEM 4 2 40
R MEM 4 6 40
R MEM 5 2 40
R MEM 5 6 40
R MEM 0 2 40
R MEM 0 6 40
R MEM 1 2 40
R MEM 1 6 40
R MEM 2 2 40
R MEM 2 6 40
R MEM 3 2 40
R MEM 3 6 40
R MEM 4 2 40
R MEM 4 6 40
R MEM 5 2 40
R MEM 5 6 40
R MEM 0 2 40
R MEM 0 6 40
R MEM 1 2 40
R MEM 1 6 40
R MEM 2 2 40
R MEM 2 6 40
R MEM 3 2 40
R MEM 3 6 40
R MEM 4 2 40
R MEM 4 6 40
R MEM 5 2 40
R MEM 5 6 40
R MEM 0 2 40
R MEM 0 6 40
R MEM 1 2 40
R MEM 1 6 40
R MEM 2 2 40
R MEM 2 6 40
R MEM 3 2 40
R MEM 3 6 40
R MEM 4 2 40
R MEM 4 6 40
R MEM 5 2 40
R MEM 5 6 40
R MEM 0 2 40
R MEM 0 6 40
R MEM 1 2 40
R MEM 1 6 40
R MEM 2 2 40
R MEM 2 6 40
R MEM 3 2 40
R MEM 3 6 40
R MEM 4 2 40
R MEM 4 6 40
R MEM 5 2 40
R MEM 5 6 40
R MEM 0 2 40
R MEM 0 6 40
R MEM 1 2 40
R MEM 1 6 40
R MEM 2 2 40
R MEM 2 6 40
R MEM 3 2 40
R MEM 3 6 40
R MEM 4 2 40
R MEM 4 6 40
R MEM 5 2 40
R MEM 5 6 40
R MEM 0 2 40
R MEM 0 6 40
R MEM 1 2 40
R MEM 1 6 40
R MEM 2 2 40
R MEM 2 6 40
R MEM 3 2 40
R MEM 3 6 40
R MEM 4 2 40
R MEM 4 6 40
R MEM 5 2 40
R MEM 5 6 40
R MEM 0 2 40
R MEM 0 6 40
R MEM 1 2 40
R MEM 1 6 40
R MEM 2 2 40
R MEM 2 6 40
R MEM 3 2 40
R MEM 3 6 40
R MEM 4 2 40
R MEM 4 6 40
R MEM 5 2 40
R MEM 5 6 40
R MEM 0 2 40
R MEM 0 6 40
R MEM 1 2 40
R MEM 1 6 40
R MEM 2 2 40
R MEM 2 6 40
R MEM 3 2 40
R MEM 3 6 40
R MEM 4 2 40
R MEM 4 6 40
R MEM 5 2 40
R MEM 5 6 40
R MEM 0 2 40
R MEM 0 6 40
R MEM 1 2 40
R MEM 1 6 40
R MEM 2 2 40
R MEM 2 6 40
R MEM 3 2 40
R MEM 3 6 40
R MEM 4 2 40
R MEM 4 6 40
R MEM 5 2 40
R MEM 5 6 40
R MEM 0 2 40
R MEM 0 6 40
R MEM 1 2 40
R MEM 1 6 40
R MEM 2 2 40
R MEM 2 6 40
R MEM 3 2 40
R MEM 3 6 40
R MEM 4 2 40
R MEM 4 6 40
R MEM 5 2 40
R MEM 5 6 40
R MEM 0 2 40
R MEM 0 6 40
R MEM 1 2 40
R MEM 1 6 40
R MEM 2 2 40
R MEM 2 6 40
R MEM 3 2 40
R MEM 3 6 40
R MEM 4 2 40
R MEM 4 6 40
R MEM 5 2 40
R MEM 5 6 40
R MEM 0 2 40
R MEM 0 6 40
R MEM 1 2 40
R MEM 1 6 40
R MEM 2 2 40
R MEM 2 6 40
R MEM 3 2 40
R MEM 3 6 40
R MEM 4 2 40
R MEM 4 6 40
R MEM 5 2 40
R MEM 5 6 40
R MEM 0 2 40
R MEM 0 6 40
R MEM 1 2 40
R MEM 1 6 40
R MEM 2 2 40
R MEM 2 6 40
R MEM 3 2 40
R MEM 3 6 40
R MEM 4 2 40
R MEM 4 6 40
R MEM 5 2 40
R MEM 5 6 40
R MEM 0 2 40
R MEM 0 6 40
R MEM 1 2 40
R MEM 1 6 40
R MEM 2 2 40
R MEM 2 6 40
R MEM 3 2 40
R MEM 3 6 40
R MEM 4 2 40
R MEM 4 6 40
R MEM 5 2 40
R MEM 5 6 40
R MEM 0 2 40
R MEM 0 6 40
R MEM 1 2 40
R MEM 1 6 40
R MEM 2 2 40
R MEM 2 6 40
R MEM 3 2 40
R MEM 3 6 40
R MEM 4 2 40
R MEM 4 6 40
R MEM 5 2 40
R MEM 5 6 40
R MEM 0 2 41
R MEM 0 6 41
R MEM 1 2 41
R MEM 1 6 41
R MEM 2 2 41
R MEM 2 6 41
R MEM 3 2 41
R MEM 3 6 41
R MEM 4 2 41
R MEM 4 6 41
R MEM 5 2 41
R MEM 5 6 41
R MEM 0 2 41
R MEM 0 6 41
R MEM 1 2 41
R MEM 1 6 41
R MEM 2 2 41
R MEM 2 6 41
R MEM 3 2 41
R MEM 3 6 41
R MEM 4 2 41
R MEM 4 6 41
R MEM 5 2 41
R MEM 5 6 41
R MEM 0 2 41
R MEM 0 6 41
R MEM 1 2 41
R MEM 1 6 41
R MEM 2 2 41
R MEM 2 6 41
R MEM 3 2 41
R MEM 3 6 41
R MEM 4 2 41
R MEM 4 6 41
R MEM 5 2 41
R MEM 5 6 41
R MEM 0 2 41
R MEM 0 6 41
R MEM 1 2 41
R MEM 1 6 41
R MEM 2 2 41
R MEM 2 6 41
R MEM 3 2 41
R MEM 3 6 41
R MEM 4 2 41
R MEM 4 6 41
R MEM 5 2 41
R MEM 5 6 41
R MEM 0 2 41
R MEM 0 6 41
R MEM 1 2 41
R MEM 1 6 41
R MEM 2 2 41
R MEM 2 6 41
R MEM 3 2 41
R MEM 3 6 41
R MEM 4 2 41
R MEM 4 6 41
R MEM 5 2 41
R MEM 5 6 41
R MEM 0 2 41
R MEM 0 6 41
R MEM 1 2 41
R MEM 1 6 41
R MEM 2 2 41
R MEM 2 6 41
R MEM 3 2 41
R MEM 3 6 41
R MEM 4 2 41
R MEM 4 6 41
R MEM 5 2 41
R MEM 5 6 41
R MEM 0 2 41
R MEM 0 6 41
R MEM 1 2 41
R MEM 1 6 41
R MEM 2 2 41
R MEM 2 6 41
R MEM 3 2 41
R MEM 3 6 41
R MEM 4 2 41
R MEM 4 6 41
R MEM 5 2 41
R MEM 5 6 41
R MEM 0 2 41
R MEM 0 6 41
R MEM 1 2 41
R MEM 1 6 41
R MEM 2 2 41
R MEM 2 6 41
R MEM 3 2 41
R MEM 3 6 41
R MEM 4 2 41
R MEM 4 6 41
R MEM 5 2 41
R MEM 5 6 41
R MEM 0 2 41
R MEM 0 6 41
R MEM 1 2 41
R MEM 1 6 41
R MEM 2 2 41
R MEM 2 6 41
R MEM 3 2 41
R MEM 3 6 41
R MEM 4 2 41
R MEM 4 6 41
R MEM 5 2 41
R MEM 5 6 41
R MEM 0 2 41
R MEM 0 6 41
R MEM 1 2 41
R MEM 1 6 41
R MEM 2 2 41
R MEM 2 6 41
R MEM 3 2 41
R MEM 3 6 41
R MEM 4 2 41
R MEM 4 6 41
R MEM 5 2 41
R MEM 5 6 41
R MEM 0 2 41
R MEM 0 6 41
R MEM 1 2 41
R MEM 1 6 41
R MEM 2 2 41
R MEM 2 6 41
R MEM 3 2 41
R MEM 3 6 41
R MEM 4 2 41
R MEM 4 6 41
R MEM 5 2 41
R MEM 5 6 41
R MEM 0 2 41
R MEM 0 6 41
R MEM 1 2 41
R MEM 1 6 41
R MEM 2 2 41
R MEM 2 6 41
R MEM 3 2 41
R MEM 3 6 41
R MEM 4 2 41
R MEM 4 6 41
R MEM 5 2 41
R MEM 5 6 41
R MEM 0 2 41
R MEM 0 6 41
R MEM 1 2 41
R MEM 1 6 41
R MEM 2 2 41
R MEM 2 6 41
R MEM 3 2 41
R MEM 3 6 41
R MEM 4 2 41
R MEM 4 6 41
R MEM 5 2 41
R MEM 5 6 41
R MEM 0 2 41
R MEM 0 6 41
R MEM 1 2 41
R MEM 1 6 41
R MEM 2 2 41
R MEM 2 6 41
R MEM 3 2 41
R MEM 3 6 41
R MEM 4 2 41
R MEM 4 6 41
R MEM 5 2 41
R MEM 5 6 41
R MEM 0 2 41
R MEM 0 6 41
R MEM 1 2 41
R MEM 1 6 41
R MEM 2 2 41
R MEM 2 6 41
R MEM 3 2 41
R MEM 3 6 41
R MEM 4 2 41
R MEM 4 6 41
R MEM 5 2 41
R MEM 5 6 41
R MEM 0 2 41
R MEM 0 6 41
R MEM 1 2 41
R MEM 1 6 41
R MEM 2 2 41
R MEM 2 6 41
R MEM 3 2 41
R MEM 3 6 41
R MEM 4 2 41
R MEM 4 6 41
R MEM 5 2 41
R MEM 5 6 41
R MEM 0 2 42
R MEM 0 6 42
R MEM 1 2 42
R MEM 1 6 42
R MEM 2 2 42
R MEM 2 6 42
R MEM 3 2 42
R MEM 3 6 42
R MEM 4 2 42
R MEM 4 6 42
R MEM 5 2 42
R MEM 5 6 42
R MEM 0 2 42
R MEM 0 6 42
R MEM 1 2 42
R MEM 1 6 42
R MEM 2 2 42
R MEM 2 6 42
R MEM 3 2 42
R MEM 3 6 42
R MEM 4 2 42
R MEM 4 6 42
R MEM 5 2 42
R MEM 5 6 42
R MEM 0 2 42
R MEM 0 6 42
R MEM 1 2 42
R MEM 1 6 42
R MEM 2 2 42
R MEM 2 6 42
R MEM 3 2 42
R MEM 3 6 42
R MEM 4 2 42
R MEM 4 6 42
R MEM 5 2 42
R MEM 5 6 42
R MEM 0 2 42
R MEM 0 6 42
R MEM 1 2 42
R MEM 1 6 42
R MEM 2 2 42
R MEM 2 6 42
R MEM 3 2 42
R MEM 3 6 42
R MEM 4 2 42
R MEM 4 6 42
R MEM 5 2 42
R MEM 5 6 42
R MEM 0 2 42
R MEM 0 6 42
R MEM 1 2 42
R MEM 1 6 42
R MEM 2 2 42
R MEM 2 6 42
R MEM 3 2 42
R MEM 3 6 42
R MEM 4 2 42
R MEM 4 6 42
R MEM 5 2 42
R MEM 5 6 42
R MEM 0 2 42
R MEM 0 6 42
R MEM 1 2 42
R MEM 1 6 42
R MEM 2 2 42
R MEM 2 6 42
R MEM 3 2 42
R MEM 3 6 42
R MEM 4 2 42
R MEM 4 6 42
R MEM 5 2 42
R MEM 5 6 42
R MEM 0 2 42
R MEM 0 6 42
R MEM 1 2 42
R MEM 1 6 42
R MEM 2 2 42
R MEM 2 6 42
R MEM 3 2 42
R MEM 3 6 42
R MEM 4 2 42
R MEM 4 6 42
R MEM 5 2 42
R MEM 5 6 42
R MEM 0 2 42
R MEM 0 6 42
R MEM 1 2 42
R MEM 1 6 42
R MEM 2 2 42
R MEM 2 6 42
R MEM 3 2 42
R MEM 3 6 42
R MEM 4 2 42
R MEM 4 6 42
R MEM 5 2 42
R MEM 5 6 42
R MEM 0 2 42
R MEM 0 6 42
R MEM 1 2 42
R MEM 1 6 42
R MEM 2 2 42
R MEM 2 6 42
R MEM 3 2 42
R MEM 3 6 42
R MEM 4 2 42
R MEM 4 6 42
R MEM 5 2 42
R MEM 5 6 42
R MEM 0 2 42
R MEM 0 6 42
R MEM 1 2 42
R MEM 1 6 42
R MEM 2 2 42
R MEM 2 6 42
R MEM 3 2 42
R MEM 3 6 42
R MEM 4 2 42
R MEM 4 6 42
R MEM 5 2 42
R MEM 5 6 42
R MEM 0 2 42
R MEM 0 6 42
R MEM 1 2 42
R MEM 1 6 42
R MEM 2 2 42
R MEM 2 6 42
R MEM 3 2 42
R MEM 3 6 42
R MEM 4 2 42
R MEM 4 6 42
R MEM 5 2 42
R MEM 5 6 42
R MEM 0 2 42
R MEM 0 6 42
R MEM 1 2 42
R MEM 1 6 42
R MEM 2 2 42
R MEM 2 6 42
R MEM 3 2 42
R MEM 3 6 42
R MEM 4 2 42
R MEM 4 6 42
R MEM 5 2 42
R MEM 5 6 42
R MEM 0 2 42
R MEM 0 6 42
R MEM 1 2 42
R MEM 1 6 42
R MEM 2 2 42
R MEM 2 6 42
R MEM 3 2 42
R MEM 3 6 42
R MEM 4 2 42
R MEM 4 6 42
R MEM 5 2 42
R MEM 5 6 42
R MEM 0 2 42
R MEM 0 6 42
R MEM 1 2 42
R MEM 1 6 42
R MEM 2 2 42
R MEM 2 6 42
R MEM 3 2 42
R MEM 3 6 42
R MEM 4 2 42
R MEM 4 6 42
R MEM 5 2 42
R MEM 5 6 42
R MEM 0 2 42
R MEM 0 6 42
R MEM 1 2 42
R MEM 1 6 42
R MEM 2 2 42
R MEM 2 6 42
R MEM 3 2 42
R MEM 3 6 42
R MEM 4 2 42
R MEM 4 6 42
R MEM 5 2 42
R MEM 5 6 42
R MEM 0 2 42
R MEM 0 6 42
R MEM 1 2 42
R MEM 1 6 42
R MEM 2 2 42
R MEM 2 6 42
R MEM 3 2 42
R MEM 3 6 42
R MEM 4 2 42
R MEM 4 6 42
R MEM 5 2 42
R MEM 5 6 42
R MEM 0 2 43
R MEM 0 6 43
R MEM 1 2 43
R MEM 1 6 43
R MEM 2 2 43
R MEM 2 6 43
R MEM 3 2 43
R MEM 3 6 43
R MEM 4 2 43
R MEM 4 6 43
R MEM 5 2 43
R MEM 5 6 43
R MEM 0 2 43
R MEM 0 6 43
R MEM 1 2 43
R MEM 1 6 43
R MEM 2 2 43
R MEM 2 6 43
R MEM 3 2 43
R MEM 3 6 43
R MEM 4 2 43
R MEM 4 6 43
R MEM 5 2 43
R MEM 5 6 43
R MEM 0 2 43
R MEM 0 6 43
R MEM 1 2 43
R MEM 1 6 43
R MEM 2 2 43
R MEM 2 6 43
R MEM 3 2 43
R MEM 3 6 43
R MEM 4 2 43
R MEM 4 6 43
R MEM 5 2 43
R MEM 5 6 43
R MEM 0 2 43
R MEM 0 6 43
R MEM 1 2 43
R MEM 1 6 43
R MEM 2 2 43
R MEM 2 6 43
R MEM 3 2 43
R MEM 3 6 43
R MEM 4 2 43
R MEM 4 6 43
R MEM 5 2 43
R MEM 5 6 43
R MEM 0 2 43
R MEM 0 6 43
R MEM 1 2 43
R MEM 1 6 43
R MEM 2 2 43
R MEM 2 6 43
R MEM 3 2 43
R MEM 3 6 43
R MEM 4 2 43
R MEM 4 6 43
R MEM 5 2 43
R MEM 5 6 43
R MEM 0 2 43
R MEM 0 6 43
R MEM 1 2 43
R MEM 1 6 43
R MEM 2 2 43
R MEM 2 6 43
R MEM 3 2 43
R MEM 3 6 43
R MEM 4 2 43
R MEM 4 6 43
R MEM 5 2 43
R MEM 5 6 43
R MEM 0 2 43
R MEM 0 6 43
R MEM 1 2 43
R MEM 1 6 43
R MEM 2 2 43
R MEM 2 6 43
R MEM 3 2 43
R MEM 3 6 43
R MEM 4 2 43
R MEM 4 6 43
R MEM 5 2 43
R MEM 5 6 43
R MEM 0 2 43
R MEM 0 6 43
R MEM 1 2 43
R MEM 1 6 43
R MEM 2 2 43
R MEM 2 6 43
R MEM 3 2 43
R MEM 3 6 43
R MEM 4 2 43
R MEM 4 6 43
R MEM 5 2 43
R MEM 5 6 43
R MEM 0 2 43
R MEM 0 6 43
R MEM 1 2 43
R MEM 1 6 43
R MEM 2 2 43
R MEM 2 6 43
R MEM 3 2 43
R MEM 3 6 43
R MEM 4 2 43
R MEM 4 6 43
R MEM 5 2 43
R MEM 5 6 43
R MEM 0 2 43
R MEM 0 6 43
R MEM 1 2 43
R MEM 1 6 43
R MEM 2 2 43
R MEM 2 6 43
R MEM 3 2 43
R MEM 3 6 43
R MEM 4 2 43
R MEM 4 6 43
R MEM 5 2 43
R MEM 5 6 43
R MEM 0 2 43
R MEM 0 6 43
R MEM 1 2 43
R MEM 1 6 43
R MEM 2 2 43
R MEM 2 6 43
R MEM 3 2 43
R MEM 3 6 43
R MEM 4 2 43
R MEM 4 6 43
R MEM 5 2 43
R MEM 5 6 43
R MEM 0 2 43
R MEM 0 6 43
R MEM 1 2 43
R MEM 1 6 43
R MEM 2 2 43
R MEM 2 6 43
R MEM 3 2 43
R MEM 3 6 43
R MEM 4 2 43
R MEM 4 6 43
R MEM 5 2 43
R MEM 5 6 43
R MEM 0 2 43
R MEM 0 6 43
R MEM 1 2 43
R MEM 1 6 43
R MEM 2 2 43
R MEM 2 6 43
R MEM 3 2 43
R MEM 3 6 43
R MEM 4 2 43
R MEM 4 6 43
R MEM 5 2 43
R MEM 5 6 43
R MEM 0 2 43
R MEM 0 6 43
R MEM 1 2 43
R MEM 1 6 43
R MEM 2 2 43
R MEM 2 6 43
R MEM 3 2 43
R MEM 3 6 43
R MEM 4 2 43
R MEM 4 6 43
R MEM 5 2 43
R MEM 5 6 43
R MEM 0 2 43
R MEM 0 6 43
R MEM 1 2 43
R MEM 1 6 43
R MEM 2 2 43
R MEM 2 6 43
R MEM 3 2 43
R MEM 3 6 43
R MEM 4 2 43
R MEM 4 6 43
R MEM 5 2 43
R MEM 5 6 43
R MEM 0 2 43
R MEM 0 6 43
R MEM 1 2 43
R MEM 1 6 43
R MEM 2 2 43
R MEM 2 6 43
R MEM 3 2 43
R MEM 3 6 43
R MEM 4 2 43
R MEM 4 6 43
R MEM 5 2 43
R MEM 5 6 43
R MEM 0 2 44
R MEM 0 6 44
R MEM 1 2 44
R MEM 1 6 44
R MEM 2 2 44
R MEM 2 6 44
R MEM 3 2 44
R MEM 3 6 44
R MEM 4 2 44
R MEM 4 6 44
R MEM 5 2 44
R MEM 5 6 44
R MEM 0 2 44
R MEM 0 6 44
R MEM 1 2 44
R MEM 1 6 44
R MEM 2 2 44
R MEM 2 6 44
R MEM 3 2 44
R MEM 3 6 44
R MEM 4 2 44
R MEM 4 6 44
R MEM 5 2 44
R MEM 5 6 44
R MEM 0 2 44
R MEM 0 6 44
R MEM 1 2 44
R MEM 1 6 44
R MEM 2 2 44
R MEM 2 6 44
R MEM 3 2 44
R MEM 3 6 44
R MEM 4 2 44
R MEM 4 6 44
R MEM 5 2 44
R MEM 5 6 44
R MEM 0 2 44
R MEM 0 6 44
R MEM 1 2 44
R MEM 1 6 44
R MEM 2 2 44
R MEM 2 6 44
R MEM 3 2 44
R MEM 3 6 44
R MEM 4 2 44
R MEM 4 6 44
R MEM 5 2 44
R MEM 5 6 44
R MEM 0 2 44
R MEM 0 6 44
R MEM 1 2 44
R MEM 1 6 44
R MEM 2 2 44
R MEM 2 6 44
R MEM 3 2 44
R MEM 3 6 44
R MEM 4 2 44
R MEM 4 6 44
R MEM 5 2 44
R MEM 5 6 44
R MEM 0 2 44
R MEM 0 6 44
R MEM 1 2 44
R MEM 1 6 44
R MEM 2 2 44
R MEM 2 6 44
R MEM 3 2 44
R MEM 3 6 44
R MEM 4 2 44
R MEM 4 6 44
R MEM 5 2 44
R MEM 5 6 44
R MEM 0 2 44
R MEM 0 6 44
R MEM 1 2 44
R MEM 1 6 44
R MEM 2 2 44
R MEM 2 6 44
R MEM 3 2 44
R MEM 3 6 44
R MEM 4 2 44
R MEM 4 6 44
R MEM 5 2 44
R MEM 5 6 44
R MEM 0 2 44
R MEM 0 6 44
R MEM 1 2 44
R MEM 1 6 44
R MEM 2 2 44
R MEM 2 6 44
R MEM 3 2 44
R MEM 3 6 44
R MEM 4 2 44
R MEM 4 6 44
R MEM 5 2 44
R MEM 5 6 44
R MEM 0 2 44
R MEM 0 6 44
R MEM 1 2 44
R MEM 1 6 44
R MEM 2 2 44
R MEM 2 6 44
R MEM 3 2 44
R MEM 3 6 44
R MEM 4 2 44
R MEM 4 6 44
R MEM 5 2 44
R MEM 5 6 44
R MEM 0 2 44
R MEM 0 6 44
R MEM 1 2 44
R MEM 1 6 44
R MEM 2 2 44
R MEM 2 6 44
R MEM 3 2 44
R MEM 3 6 44
R MEM 4 2 44
R MEM 4 6 44
R MEM 5 2 44
R MEM 5 6 44
R MEM 0 2 44
R MEM 0 6 44
R MEM 1 2 44
R MEM 1 6 44
R MEM 2 2 44
R MEM 2 6 44
R MEM 3 2 44
R MEM 3 6 44
R MEM 4 2 44
R MEM 4 6 44
R MEM 5 2 44
R MEM 5 6 44
R MEM 0 2 44
R MEM 0 6 44
R MEM 1 2 44
R MEM 1 6 44
R MEM 2 2 44
R MEM 2 6 44
R MEM 3 2 44
R MEM 3 6 44
R MEM 4 2 44
R MEM 4 6 44
R MEM 5 2 44
R MEM 5 6 44
R MEM 0 2 44
R MEM 0 6 44
R MEM 1 2 44
R MEM 1 6 44
R MEM 2 2 44
R MEM 2 6 44
R MEM 3 2 44
R MEM 3 6 44
R MEM 4 2 44
R MEM 4 6 44
R MEM 5 2 44
R MEM 5 6 44
R MEM 0 2 44
R MEM 0 6 44
R MEM 1 2 44
R MEM 1 6 44
R MEM 2 2 44
R MEM 2 6 44
R MEM 3 2 44
R MEM 3 6 44
R MEM 4 2 44
R MEM 4 6 44
R MEM 5 2 44
R MEM 5 6 44
R MEM 0 2 44
R MEM 0 6 44
R MEM 1 2 44
R MEM 1 6 44
R MEM 2 2 44
R MEM 2 6 44
R MEM 3 2 44
R MEM 3 6 44
R MEM 4 2 44
R MEM 4 6 44
R MEM 5 2 44
R MEM 5 6 44
R MEM 0 2 44
R MEM 0 6 44
R MEM 1 2 44
R MEM 1 6 44
R MEM 2 2 44
R MEM 2 6 44
R MEM 3 2 44
R MEM 3 6 44
R MEM 4 2 44
R MEM 4 6 44
R MEM 5 2 44
R MEM 5 6 44
R MEM 0 2 45
R MEM 0 6 45
R MEM 1 2 45
R MEM 1 6 45
R MEM 2 2 45
R MEM 2 6 45
R MEM 3 2 45
R MEM 3 6 45
R MEM 4 2 45
R MEM 4 6 45
R MEM 5 2 45
R MEM 5 6 45
R MEM 0 2 45
R MEM 0 6 45
R MEM 1 2 45
R MEM 1 6 45
R MEM 2 2 45
R MEM 2 6 45
R MEM 3 2 45
R MEM 3 6 45
R MEM 4 2 45
R MEM 4 6 45
R MEM 5 2 45
R MEM 5 6 45
R MEM 0 2 45
R MEM 0 6 45
R MEM 1 2 45
R MEM 1 6 45
R MEM 2 2 45
R MEM 2 6 45
R MEM 3 2 45
R MEM 3 6 45
R MEM 4 2 45
R MEM 4 6 45
R MEM 5 2 45
R MEM 5 6 45
R MEM 0 2 45
R MEM 0 6 45
R MEM 1 2 45
R MEM 1 6 45
R MEM 2 2 45
R MEM 2 6 45
R MEM 3 2 45
R MEM 3 6 45
R MEM 4 2 45
R MEM 4 6 45
R MEM 5 2 45
R MEM 5 6 45
R MEM 0 2 45
R MEM 0 6 45
R MEM 1 2 45
R MEM 1 6 45
R MEM 2 2 45
R MEM 2 6 45
R MEM 3 2 45
R MEM 3 6 45
R MEM 4 2 45
R MEM 4 6 45
R MEM 5 2 45
R MEM 5 6 45
R MEM 0 2 45
R MEM 0 6 45
R MEM 1 2 45
R MEM 1 6 45
R MEM 2 2 45
R MEM 2 6 45
R MEM 3 2 45
R MEM 3 6 45
R MEM 4 2 45
R MEM 4 6 45
R MEM 5 2 45
R MEM 5 6 45
R MEM 0 2 45
R MEM 0 6 45
R MEM 1 2 45
R MEM 1 6 45
R MEM 2 2 45
R MEM 2 6 45
R MEM 3 2 45
R MEM 3 6 45
R MEM 4 2 45
R MEM 4 6 45
R MEM 5 2 45
R MEM 5 6 45
R MEM 0 2 45
R MEM 0 6 45
R MEM 1 2 45
R MEM 1 6 45
R MEM 2 2 45
R MEM 2 6 45
R MEM 3 2 45
R MEM 3 6 45
R MEM 4 2 45
R MEM 4 6 45
R MEM 5 2 45
R MEM 5 6 45
R MEM 0 2 45
R MEM 0 6 45
R MEM 1 2 45
R MEM 1 6 45
R MEM 2 2 45
R MEM 2 6 45
R MEM 3 2 45
R MEM 3 6 45
R MEM 4 2 45
R MEM 4 6 45
R MEM 5 2 45
R MEM 5 6 45
R MEM 0 2 45
R MEM 0 6 45
R MEM 1 2 45
R MEM 1 6 45
R MEM 2 2 45
R MEM 2 6 45
R MEM 3 2 45
R MEM 3 6 45
R MEM 4 2 45
R MEM 4 6 45
R MEM 5 2 45
R MEM 5 6 45
R MEM 0 2 45
R MEM 0 6 45
R MEM 1 2 45
R MEM 1 6 45
R MEM 2 2 45
R MEM 2 6 45
R MEM 3 2 45
R MEM 3 6 45
R MEM 4 2 45
R MEM 4 6 45
R MEM 5 2 45
R MEM 5 6 45
R MEM 0 2 45
R MEM 0 6 45
R MEM 1 2 45
R MEM 1 6 45
R MEM 2 2 45
R MEM 2 6 45
R MEM 3 2 45
R MEM 3 6 45
R MEM 4 2 45
R MEM 4 6 45
R MEM 5 2 45
R MEM 5 6 45
R MEM 0 2 45
R MEM 0 6 45
R MEM 1 2 45
R MEM 1 6 45
R MEM 2 2 45
R MEM 2 6 45
R MEM 3 2 45
R MEM 3 6 45
R MEM 4 2 45
R MEM 4 6 45
R MEM 5 2 45
R MEM 5 6 45
R MEM 0 2 45
R MEM 0 6 45
R MEM 1 2 45
R MEM 1 6 45
R MEM 2 2 45
R MEM 2 6 45
R MEM 3 2 45
R MEM 3 6 45
R MEM 4 2 45
R MEM 4 6 45
R MEM 5 2 45
R MEM 5 6 45
R MEM 0 2 45
R MEM 0 6 45
R MEM 1 2 45
R MEM 1 6 45
R MEM 2 2 45
R MEM 2 6 45
R MEM 3 2 45
R MEM 3 6 45
R MEM 4 2 45
R MEM 4 6 45
R MEM 5 2 45
R MEM 5 6 45
R MEM 0 2 45
R MEM 0 6 45
R MEM 1 2 45
R MEM 1 6 45
R MEM 2 2 45
R MEM 2 6 45
R MEM 3 2 45
R MEM 3 6 45
R MEM 4 2 45
R MEM 4 6 45
R MEM 5 2 45
R MEM 5 6 45
R MEM 0 2 46
R MEM 0 6 46
R MEM 1 2 46
R MEM 1 6 46
R MEM 2 2 46
R MEM 2 6 46
R MEM 3 2 46
R MEM 3 6 46
R MEM 4 2 46
R MEM 4 6 46
R MEM 5 2 46
R MEM 5 6 46
R MEM 0 2 46
R MEM 0 6 46
R MEM 1 2 46
R MEM 1 6 46
R MEM 2 2 46
R MEM 2 6 46
R MEM 3 2 46
R MEM 3 6 46
R MEM 4 2 46
R MEM 4 6 46
R MEM 5 2 46
R MEM 5 6 46
R MEM 0 2 46
R MEM 0 6 46
R MEM 1 2 46
R MEM 1 6 46
R MEM 2 2 46
R MEM 2 6 46
R MEM 3 2 46
R MEM 3 6 46
R MEM 4 2 46
R MEM 4 6 46
R MEM 5 2 46
R MEM 5 6 46
R MEM 0 2 46
R MEM 0 6 46
R MEM 1 2 46
R MEM 1 6 46
R MEM 2 2 46
R MEM 2 6 46
R MEM 3 2 46
R MEM 3 6 46
R MEM 4 2 46
R MEM 4 6 46
R MEM 5 2 46
R MEM 5 6 46
R MEM 0 2 46
R MEM 0 6 46
R MEM 1 2 46
R MEM 1 6 46
R MEM 2 2 46
R MEM 2 6 46
R MEM 3 2 46
R MEM 3 6 46
R MEM 4 2 46
R MEM 4 6 46
R MEM 5 2 46
R MEM 5 6 46
R MEM 0 2 46
R MEM 0 6 46
R MEM 1 2 46
R MEM 1 6 46
R MEM 2 2 46
R MEM 2 6 46
R MEM 3 2 46
R MEM 3 6 46
R MEM 4 2 46
R MEM 4 6 46
R MEM 5 2 46
R MEM 5 6 46
R MEM 0 2 46
R MEM 0 6 46
R MEM 1 2 46
R MEM 1 6 46
R MEM 2 2 46
R MEM 2 6 46
R MEM 3 2 46
R MEM 3 6 46
R MEM 4 2 46
R MEM 4 6 46
R MEM 5 2 46
R MEM 5 6 46
R MEM 0 2 46
R MEM 0 6 46
R MEM 1 2 46
R MEM 1 6 46
R MEM 2 2 46
R MEM 2 6 46
R MEM 3 2 46
R MEM 3 6 46
R MEM 4 2 46
R MEM 4 6 46
R MEM 5 2 46
R MEM 5 6 46
R MEM 0 2 46
R MEM 0 6 46
R MEM 1 2 46
R MEM 1 6 46
R MEM 2 2 46
R MEM 2 6 46
R MEM 3 2 46
R MEM 3 6 46
R MEM 4 2 46
R MEM 4 6 46
R MEM 5 2 46
R MEM 5 6 46
R MEM 0 2 46
R MEM 0 6 46
R MEM 1 2 46
R MEM 1 6 46
R MEM 2 2 46
R MEM 2 6 46
R MEM 3 2 46
R MEM 3 6 46
R MEM 4 2 46
R MEM 4 6 46
R MEM 5 2 46
R MEM 5 6 46
R MEM 0 2 46
R MEM 0 6 46
R MEM 1 2 46
R MEM 1 6 46
R MEM 2 2 46
R MEM 2 6 46
R MEM 3 2 46
R MEM 3 6 46
R MEM 4 2 46
R MEM 4 6 46
R MEM 5 2 46
R MEM 5 6 46
R MEM 0 2 46
R MEM 0 6 46
R MEM 1 2 46
R MEM 1 6 46
R MEM 2 2 46
R MEM 2 6 46
R MEM 3 2 46
R MEM 3 6 46
R MEM 4 2 46
R MEM 4 6 46
R MEM 5 2 46
R MEM 5 6 46
R MEM 0 2 46
R MEM 0 6 46
R MEM 1 2 46
R MEM 1 6 46
R MEM 2 2 46
R MEM 2 6 46
R MEM 3 2 46
R MEM 3 6 46
R MEM 4 2 46
R MEM 4 6 46
R MEM 5 2 46
R MEM 5 6 46
R MEM 0 2 46
R MEM 0 6 46
R MEM 1 2 46
R MEM 1 6 46
R MEM 2 2 46
R MEM 2 6 46
R MEM 3 2 46
R MEM 3 6 46
R MEM 4 2 46
R MEM 4 6 46
R MEM 5 2 46
R MEM 5 6 46
R MEM 0 2 46
R MEM 0 6 46
R MEM 1 2 46
R MEM 1 6 46
R MEM 2 2 46
R MEM 2 6 46
R MEM 3 2 46
R MEM 3 6 46
R MEM 4 2 46
R MEM 4 6 46
R MEM 5 2 46
R MEM 5 6 46
R MEM 0 2 46
R MEM 0 6 46
R MEM 1 2 46
R MEM 1 6 46
R MEM 2 2 46
R MEM 2 6 46
R MEM 3 2 46
R MEM 3 6 46
R MEM 4 2 46
R MEM 4 6 46
R MEM 5 2 46
R MEM 5 6 46
R MEM 0 2 47
R MEM 0 6 47
R MEM 1 2 47
R MEM 1 6 47
R MEM 2 2 47
R MEM 2 6 47
R MEM 3 2 47
R MEM 3 6 47
R MEM 4 2 47
R MEM 4 6 47
R MEM 5 2 47
R MEM 5 6 47
R MEM 0 2 47
R MEM 0 6 47
R MEM 1 2 47
R MEM 1 6 47
R MEM 2 2 47
R MEM 2 6 47
R MEM 3 2 47
R MEM 3 6 47
R MEM 4 2 47
R MEM 4 6 47
R MEM 5 2 47
R MEM 5 6 47
R MEM 0 2 47
R MEM 0 6 47
R MEM 1 2 47
R MEM 1 6 47
R MEM 2 2 47
R MEM 2 6 47
R MEM 3 2 47
R MEM 3 6 47
R MEM 4 2 47
R MEM 4 6 47
R MEM 5 2 47
R MEM 5 6 47
R MEM 0 2 47
R MEM 0 6 47
R MEM 1 2 47
R MEM 1 6 47
R MEM 2 2 47
R MEM 2 6 47
R MEM 3 2 47
R MEM 3 6 47
R MEM 4 2 47
R MEM 4 6 47
R MEM 5 2 47
R MEM 5 6 47
R MEM 0 2 47
R MEM 0 6 47
R MEM 1 2 47
R MEM 1 6 47
R MEM 2 2 47
R MEM 2 6 47
R MEM 3 2 47
R MEM 3 6 47
R MEM 4 2 47
R MEM 4 6 47
R MEM 5 2 47
R MEM 5 6 47
R MEM 0 2 47
R MEM 0 6 47
R MEM 1 2 47
R MEM 1 6 47
R MEM 2 2 47
R MEM 2 6 47
R MEM 3 2 47
R MEM 3 6 47
R MEM 4 2 47
R MEM 4 6 47
R MEM 5 2 47
R MEM 5 6 47
R MEM 0 2 47
R MEM 0 6 47
R MEM 1 2 47
R MEM 1 6 47
R MEM 2 2 47
R MEM 2 6 47
R MEM 3 2 47
R MEM 3 6 47
R MEM 4 2 47
R MEM 4 6 47
R MEM 5 2 47
R MEM 5 6 47
R MEM 0 2 47
R MEM 0 6 47
R MEM 1 2 47
R MEM 1 6 47
R MEM 2 2 47
R MEM 2 6 47
R MEM 3 2 47
R MEM 3 6 47
R MEM 4 2 47
R MEM 4 6 47
R MEM 5 2 47
R MEM 5 6 47
R MEM 0 2 47
R MEM 0 6 47
R MEM 1 2 47
R MEM 1 6 47
R MEM 2 2 47
R MEM 2 6 47
R MEM 3 2 47
R MEM 3 6 47
R MEM 4 2 47
R MEM 4 6 47
R MEM 5 2 47
R MEM 5 6 47
R MEM 0 2 47
R MEM 0 6 47
R MEM 1 2 47
R MEM 1 6 47
R MEM 2 2 47
R MEM 2 6 47
R MEM 3 2 47
R MEM 3 6 47
R MEM 4 2 47
R MEM 4 6 47
R MEM 5 2 47
R MEM 5 6 47
R MEM 0 2 47
R MEM 0 6 47
R MEM 1 2 47
R MEM 1 6 47
R MEM 2 2 47
R MEM 2 6 47
R MEM 3 2 47
R MEM 3 6 47
R MEM 4 2 47
R MEM 4 6 47
R MEM 5 2 47
R MEM 5 6 47
R MEM 0 2 47
R MEM 0 6 47
R MEM 1 2 47
R MEM 1 6 47
R MEM 2 2 47
R MEM 2 6 47
R MEM 3 2 47
R MEM 3 6 47
R MEM 4 2 47
R MEM 4 6 47
R MEM 5 2 47
R MEM 5 6 47
R MEM 0 2 47
R MEM 0 6 47
R MEM 1 2 47
R MEM 1 6 47
R MEM 2 2 47
R MEM 2 6 47
R MEM 3 2 47
R MEM 3 6 47
R MEM 4 2 47
R MEM 4 6 47
R MEM 5 2 47
R MEM 5 6 47
R MEM 0 2 47
R MEM 0 6 47
R MEM 1 2 47
R MEM 1 6 47
R MEM 2 2 47
R MEM 2 6 47
R MEM 3 2 47
R MEM 3 6 47
R MEM 4 2 47
R MEM 4 6 47
R MEM 5 2 47
R MEM 5 6 47
R MEM 0 2 47
R MEM 0 6 47
R MEM 1 2 47
R MEM 1 6 47
R MEM 2 2 47
R MEM 2 6 47
R MEM 3 2 47
R MEM 3 6 47
R MEM 4 2 47
R MEM 4 6 47
R MEM 5 2 47
R MEM 5 6 47
R MEM 0 2 47
R MEM 0 6 47
R MEM 1 2 47
R MEM 1 6 47
R MEM 2 2 47
R MEM 2 6 47
R MEM 3 2 47
R MEM 3 6 47
R MEM 4 2 47
R MEM 4 6 47
R MEM 5 2 47
R MEM 5 6 47
R MEM 0 2 48
R MEM 0 6 48
R MEM 1 2 48
R MEM 1 6 48
R MEM 2 2 48
R MEM 2 6 48
R MEM 3 2 48
R MEM 3 6 48
R MEM 4 2 48
R MEM 4 6 48
R MEM 5 2 48
R MEM 5 6 48
R MEM 0 2 48
R MEM 0 6 48
R MEM 1 2 48
R MEM 1 6 48
R MEM 2 2 48
R MEM 2 6 48
R MEM 3 2 48
R MEM 3 6 48
R MEM 4 2 48
R MEM 4 6 48
R MEM 5 2 48
R MEM 5 6 48
R MEM 0 2 48
R MEM 0 6 48
R MEM 1 2 48
R MEM 1 6 48
R MEM 2 2 48
R MEM 2 6 48
R MEM 3 2 48
R MEM 3 6 48
R MEM 4 2 48
R MEM 4 6 48
R MEM 5 2 48
R MEM 5 6 48
R MEM 0 2 48
R MEM 0 6 48
R MEM 1 2 48
R MEM 1 6 48
R MEM 2 2 48
R MEM 2 6 48
R MEM 3 2 48
R MEM 3 6 48
R MEM 4 2 48
R MEM 4 6 48
R MEM 5 2 48
R MEM 5 6 48
R MEM 0 2 48
R MEM 0 6 48
R MEM 1 2 48
R MEM 1 6 48
R MEM 2 2 48
R MEM 2 6 48
R MEM 3 2 48
R MEM 3 6 48
R MEM 4 2 48
R MEM 4 6 48
R MEM 5 2 48
R MEM 5 6 48
R MEM 0 2 48
R MEM 0 6 48
R MEM 1 2 48
R MEM 1 6 48
R MEM 2 2 48
R MEM 2 6 48
R MEM 3 2 48
R MEM 3 6 48
R MEM 4 2 48
R MEM 4 6 48
R MEM 5 2 48
R MEM 5 6 48
R MEM 0 2 48
R MEM 0 6 48
R MEM 1 2 48
R MEM 1 6 48
R MEM 2 2 48
R MEM 2 6 48
R MEM 3 2 48
R MEM 3 6 48
R MEM 4 2 48
R MEM 4 6 48
R MEM 5 2 48
R MEM 5 6 48
R MEM 0 2 48
R MEM 0 6 48
R MEM 1 2 48
R MEM 1 6 48
R MEM 2 2 48
R MEM 2 6 48
R MEM 3 2 48
R MEM 3 6 48
R MEM 4 2 48
R MEM 4 6 48
R MEM 5 2 48
R MEM 5 6 48
R MEM 0 2 48
R MEM 0 6 48
R MEM 1 2 48
R MEM 1 6 48
R MEM 2 2 48
R MEM 2 6 48
R MEM 3 2 48
R MEM 3 6 48
R MEM 4 2 48
R MEM 4 6 48
R MEM 5 2 48
R MEM 5 6 48
R MEM 0 2 48
R MEM 0 6 48
R MEM 1 2 48
R MEM 1 6 48
R MEM 2 2 48
R MEM 2 6 48
R MEM 3 2 48
R MEM 3 6 48
R MEM 4 2 48
R MEM 4 6 48
R MEM 5 2 48
R MEM 5 6 48
R MEM 0 2 48
R MEM 0 6 48
R MEM 1 2 48
R MEM 1 6 48
R MEM 2 2 48
R MEM 2 6 48
R MEM 3 2 48
R MEM 3 6 48
R MEM 4 2 48
R MEM 4 6 48
R MEM 5 2 48
R MEM 5 6 48
R MEM 0 2 48
R MEM 0 6 48
R MEM 1 2 48
R MEM 1 6 48
R MEM 2 2 48
R MEM 2 6 48
R MEM 3 2 48
R MEM 3 6 48
R MEM 4 2 48
R MEM 4 6 48
R MEM 5 2 48
R MEM 5 6 48
R MEM 0 2 48
R MEM 0 6 48
R MEM 1 2 48
R MEM 1 6 48
R MEM 2 2 48
R MEM 2 6 48
R MEM 3 2 48
R MEM 3 6 48
R MEM 4 2 48
R MEM 4 6 48
R MEM 5 2 48
R MEM 5 6 48
R MEM 0 2 48
R MEM 0 6 48
R MEM 1 2 48
R MEM 1 6 48
R MEM 2 2 48
R MEM 2 6 48
R MEM 3 2 48
R MEM 3 6 48
R MEM 4 2 48
R MEM 4 6 48
R MEM 5 2 48
R MEM 5 6 48
R MEM 0 2 48
R MEM 0 6 48
R MEM 1 2 48
R MEM 1 6 48
R MEM 2 2 48
R MEM 2 6 48
R MEM 3 2 48
R MEM 3 6 48
R MEM 4 2 48
R MEM 4 6 48
R MEM 5 2 48
R MEM 5 6 48
R MEM 0 2 48
R MEM 0 6 48
R MEM 1 2 48
R MEM 1 6 48
R MEM 2 2 48
R MEM 2 6 48
R MEM 3 2 48
R MEM 3 6 48
R MEM 4 2 48
R MEM 4 6 48
R MEM 5 2 48
R MEM 5 6 48
R MEM 0 2 49
R MEM 0 6 49
R MEM 1 2 49
R MEM 1 6 49
R MEM 2 2 49
R MEM 2 6 49
R MEM 3 2 49
R MEM 3 6 49
R MEM 4 2 49
R MEM 4 6 49
R MEM 5 2 49
R MEM 5 6 49
R MEM 0 2 49
R MEM 0 6 49
R MEM 1 2 49
R MEM 1 6 49
R MEM 2 2 49
R MEM 2 6 49
R MEM 3 2 49
R MEM 3 6 49
R MEM 4 2 49
R MEM 4 6 49
R MEM 5 2 49
R MEM 5 6 49
R MEM 0 2 49
R MEM 0 6 49
R MEM 1 2 49
R MEM 1 6 49
R MEM 2 2 49
R MEM 2 6 49
R MEM 3 2 49
R MEM 3 6 49
R MEM 4 2 49
R MEM 4 6 49
R MEM 5 2 49
R MEM 5 6 49
R MEM 0 2 49
R MEM 0 6 49
R MEM 1 2 49
R MEM 1 6 49
R MEM 2 2 49
R MEM 2 6 49
R MEM 3 2 49
R MEM 3 6 49
R MEM 4 2 49
R MEM 4 6 49
R MEM 5 2 49
R MEM 5 6 49
R MEM 0 2 49
R MEM 0 6 49
R MEM 1 2 49
R MEM 1 6 49
R MEM 2 2 49
R MEM 2 6 49
R MEM 3 2 49
R MEM 3 6 49
R MEM 4 2 49
R MEM 4 6 49
R MEM 5 2 49
R MEM 5 6 49
R MEM 0 2 49
R MEM 0 6 49
R MEM 1 2 49
R MEM 1 6 49
R MEM 2 2 49
R MEM 2 6 49
R MEM 3 2 49
R MEM 3 6 49
R MEM 4 2 49
R MEM 4 6 49
R MEM 5 2 49
R MEM 5 6 49
R MEM 0 2 49
R MEM 0 6 49
R MEM 1 2 49
R MEM 1 6 49
R MEM 2 2 49
R MEM 2 6 49
R MEM 3 2 49
R MEM 3 6 49
R MEM 4 2 49
R MEM 4 6 49
R MEM 5 2 49
R MEM 5 6 49
R MEM 0 2 49
R MEM 0 6 49
R MEM 1 2 49
R MEM 1 6 49
R MEM 2 2 49
R MEM 2 6 49
R MEM 3 2 49
R MEM 3 6 49
R MEM 4 2 49
R MEM 4 6 49
R MEM 5 2 49
R MEM 5 6 49
R MEM 0 2 49
R MEM 0 6 49
R MEM 1 2 49
R MEM 1 6 49
R MEM 2 2 49
R MEM 2 6 49
R MEM 3 2 49
R MEM 3 6 49
R MEM 4 2 49
R MEM 4 6 49
R MEM 5 2 49
R MEM 5 6 49
R MEM 0 2 49
R MEM 0 6 49
R MEM 1 2 49
R MEM 1 6 49
R MEM 2 2 49
R MEM 2 6 49
R MEM 3 2 49
R MEM 3 6 49
R MEM 4 2 49
R MEM 4 6 49
R MEM 5 2 49
R MEM 5 6 49
R MEM 0 2 49
R MEM 0 6 49
R MEM 1 2 49
R MEM 1 6 49
R MEM 2 2 49
R MEM 2 6 49
R MEM 3 2 49
R MEM 3 6 49
R MEM 4 2 49
R MEM 4 6 49
R MEM 5 2 49
R MEM 5 6 49
R MEM 0 2 49
R MEM 0 6 49
R MEM 1 2 49
R MEM 1 6 49
R MEM 2 2 49
R MEM 2 6 49
R MEM 3 2 49
R MEM 3 6 49
R MEM 4 2 49
R MEM 4 6 49
R MEM 5 2 49
R MEM 5 6 49
R MEM 0 2 49
R MEM 0 6 49
R MEM 1 2 49
R MEM 1 6 49
R MEM 2 2 49
R MEM 2 6 49
R MEM 3 2 49
R MEM 3 6 49
R MEM 4 2 49
R MEM 4 6 49
R MEM 5 2 49
R MEM 5 6 49
R MEM 0 2 49
R MEM 0 6 49
R MEM 1 2 49
R MEM 1 6 49
R MEM 2 2 49
R MEM 2 6 49
R MEM 3 2 49
R MEM 3 6 49
R MEM 4 2 49
R MEM 4 6 49
R MEM 5 2 49
R MEM 5 6 49
R MEM 0 2 49
R MEM 0 6 49
R MEM 1 2 49
R MEM 1 6 49
R MEM 2 2 49
R MEM 2 6 49
R MEM 3 2 49
R MEM 3 6 49
R MEM 4 2 49
R MEM 4 6 49
R MEM 5 2 49
R MEM 5 6 49
R MEM 0 2 49
R MEM 0 6 49
R MEM 1 2 49
R MEM 1 6 49
R MEM 2 2 49
R MEM 2 6 49
R MEM 3 2 49
R MEM 3 6 49
R MEM 4 2 49
R MEM 4 6 49
R MEM 5 2 49
R MEM 5 6 49
R MEM 0 2 50
R MEM 0 6 50
R MEM 1 2 50
R MEM 1 6 50
R MEM 2 2 50
R MEM 2 6 50
R MEM 3 2 50
R MEM 3 6 50
R MEM 4 2 50
R MEM 4 6 50
R MEM 5 2 50
R MEM 5 6 50
R MEM 0 2 50
R MEM 0 6 50
R MEM 1 2 50
R MEM 1 6 50
R MEM 2 2 50
R MEM 2 6 50
R MEM 3 2 50
R MEM 3 6 50
R MEM 4 2 50
R MEM 4 6 50
R MEM 5 2 50
R MEM 5 6 50
R MEM 0 2 50
R MEM 0 6 50
R MEM 1 2 50
R MEM 1 6 50
R MEM 2 2 50
R MEM 2 6 50
R MEM 3 2 50
R MEM 3 6 50
R MEM 4 2 50
R MEM 4 6 50
R MEM 5 2 50
R MEM 5 6 50
R MEM 0 2 50
R MEM 0 6 50
R MEM 1 2 50
R MEM 1 6 50
R MEM 2 2 50
R MEM 2 6 50
R MEM 3 2 50
R MEM 3 6 50
R MEM 4 2 50
R MEM 4 6 50
R MEM 5 2 50
R MEM 5 6 50
R MEM 0 2 50
R MEM 0 6 50
R MEM 1 2 50
R MEM 1 6 50
R MEM 2 2 50
R MEM 2 6 50
R MEM 3 2 50
R MEM 3 6 50
R MEM 4 2 50
R MEM 4 6 50
R MEM 5 2 50
R MEM 5 6 50
R MEM 0 2 50
R MEM 0 6 50
R MEM 1 2 50
R MEM 1 6 50
R MEM 2 2 50
R MEM 2 6 50
R MEM 3 2 50
R MEM 3 6 50
R MEM 4 2 50
R MEM 4 6 50
R MEM 5 2 50
R MEM 5 6 50
R MEM 0 2 50
R MEM 0 6 50
R MEM 1 2 50
R MEM 1 6 50
R MEM 2 2 50
R MEM 2 6 50
R MEM 3 2 50
R MEM 3 6 50
R MEM 4 2 50
R MEM 4 6 50
R MEM 5 2 50
R MEM 5 6 50
R MEM 0 2 50
R MEM 0 6 50
R MEM 1 2 50
R MEM 1 6 50
R MEM 2 2 50
R MEM 2 6 50
R MEM 3 2 50
R MEM 3 6 50
R MEM 4 2 50
R MEM 4 6 50
R MEM 5 2 50
R MEM 5 6 50
R MEM 0 2 50
R MEM 0 6 50
R MEM 1 2 50
R MEM 1 6 50
R MEM 2 2 50
R MEM 2 6 50
R MEM 3 2 50
R MEM 3 6 50
R MEM 4 2 50
R MEM 4 6 50
R MEM 5 2 50
R MEM 5 6 50
R MEM 0 2 50
R MEM 0 6 50
R MEM 1 2 50
R MEM 1 6 50
R MEM 2 2 50
R MEM 2 6 50
R MEM 3 2 50
R MEM 3 6 50
R MEM 4 2 50
R MEM 4 6 50
R MEM 5 2 50
R MEM 5 6 50
R MEM 0 2 50
R MEM 0 6 50
R MEM 1 2 50
R MEM 1 6 50
R MEM 2 2 50
R MEM 2 6 50
R MEM 3 2 50
R MEM 3 6 50
R MEM 4 2 50
R MEM 4 6 50
R MEM 5 2 50
R MEM 5 6 50
R MEM 0 2 50
R MEM 0 6 50
R MEM 1 2 50
R MEM 1 6 50
R MEM 2 2 50
R MEM 2 6 50
R MEM 3 2 50
R MEM 3 6 50
R MEM 4 2 50
R MEM 4 6 50
R MEM 5 2 50
R MEM 5 6 50
R MEM 0 2 50
R MEM 0 6 50
R MEM 1 2 50
R MEM 1 6 50
R MEM 2 2 50
R MEM 2 6 50
R MEM 3 2 50
R MEM 3 6 50
R MEM 4 2 50
R MEM 4 6 50
R MEM 5 2 50
R MEM 5 6 50
R MEM 0 2 50
R MEM 0 6 50
R MEM 1 2 50
R MEM 1 6 50
R MEM 2 2 50
R MEM 2 6 50
R MEM 3 2 50
R MEM 3 6 50
R MEM 4 2 50
R MEM 4 6 50
R MEM 5 2 50
R MEM 5 6 50
R MEM 0 2 50
R MEM 0 6 50
R MEM 1 2 50
R MEM 1 6 50
R MEM 2 2 50
R MEM 2 6 50
R MEM 3 2 50
R MEM 3 6 50
R MEM 4 2 50
R MEM 4 6 50
R MEM 5 2 50
R MEM 5 6 50
R MEM 0 2 50
R MEM 0 6 50
R MEM 1 2 50
R MEM 1 6 50
R MEM 2 2 50
R MEM 2 6 50
R MEM 3 2 50
R MEM 3 6 50
R MEM 4 2 50
R MEM 4 6 50
R MEM 5 2 50
R MEM 5 6 50
R MEM 0 2 51
R MEM 0 6 51
R MEM 1 2 51
R MEM 1 6 51
R MEM 2 2 51
R MEM 2 6 51
R MEM 3 2 51
R MEM 3 6 51
R MEM 4 2 51
R MEM 4 6 51
R MEM 5 2 51
R MEM 5 6 51
R MEM 0 2 51
R MEM 0 6 51
R MEM 1 2 51
R MEM 1 6 51
R MEM 2 2 51
R MEM 2 6 51
R MEM 3 2 51
R MEM 3 6 51
R MEM 4 2 51
R MEM 4 6 51
R MEM 5 2 51
R MEM 5 6 51
R MEM 0 2 51
R MEM 0 6 51
R MEM 1 2 51
R MEM 1 6 51
R MEM 2 2 51
R MEM 2 6 51
R MEM 3 2 51
R MEM 3 6 51
R MEM 4 2 51
R MEM 4 6 51
R MEM 5 2 51
R MEM 5 6 51
R MEM 0 2 51
R MEM 0 6 51
R MEM 1 2 51
R MEM 1 6 51
R MEM 2 2 51
R MEM 2 6 51
R MEM 3 2 51
R MEM 3 6 51
R MEM 4 2 51
R MEM 4 6 51
R MEM 5 2 51
R MEM 5 6 51
R MEM 0 2 51
R MEM 0 6 51
R MEM 1 2 51
R MEM 1 6 51
R MEM 2 2 51
R MEM 2 6 51
R MEM 3 2 51
R MEM 3 6 51
R MEM 4 2 51
R MEM 4 6 51
R MEM 5 2 51
R MEM 5 6 51
R MEM 0 2 51
R MEM 0 6 51
R MEM 1 2 51
R MEM 1 6 51
R MEM 2 2 51
R MEM 2 6 51
R MEM 3 2 51
R MEM 3 6 51
R MEM 4 2 51
R MEM 4 6 51
R MEM 5 2 51
R MEM 5 6 51
R MEM 0 2 51
R MEM 0 6 51
R MEM 1 2 51
R MEM 1 6 51
R MEM 2 2 51
R MEM 2 6 51
R MEM 3 2 51
R MEM 3 6 51
R MEM 4 2 51
R MEM 4 6 51
R MEM 5 2 51
R MEM 5 6 51
R MEM 0 2 51
R MEM 0 6 51
R MEM 1 2 51
R MEM 1 6 51
R MEM 2 2 51
R MEM 2 6 51
R MEM 3 2 51
R MEM 3 6 51
R MEM 4 2 51
R MEM 4 6 51
R MEM 5 2 51
R MEM 5 6 51
R MEM 0 2 51
R MEM 0 6 51
R MEM 1 2 51
R MEM 1 6 51
R MEM 2 2 51
R MEM 2 6 51
R MEM 3 2 51
R MEM 3 6 51
R MEM 4 2 51
R MEM 4 6 51
R MEM 5 2 51
R MEM 5 6 51
R MEM 0 2 51
R MEM 0 6 51
R MEM 1 2 51
R MEM 1 6 51
R MEM 2 2 51
R MEM 2 6 51
R MEM 3 2 51
R MEM 3 6 51
R MEM 4 2 51
R MEM 4 6 51
R MEM 5 2 51
R MEM 5 6 51
R MEM 0 2 51
R MEM 0 6 51
R MEM 1 2 51
R MEM 1 6 51
R MEM 2 2 51
R MEM 2 6 51
R MEM 3 2 51
R MEM 3 6 51
R MEM 4 2 51
R MEM 4 6 51
R MEM 5 2 51
R MEM 5 6 51
R MEM 0 2 51
R MEM 0 6 51
R MEM 1 2 51
R MEM 1 6 51
R MEM 2 2 51
R MEM 2 6 51
R MEM 3 2 51
R MEM 3 6 51
R MEM 4 2 51
R MEM 4 6 51
R MEM 5 2 51
R MEM 5 6 51
R MEM 0 2 51
R MEM 0 6 51
R MEM 1 2 51
R MEM 1 6 51
R MEM 2 2 51
R MEM 2 6 51
R MEM 3 2 51
R MEM 3 6 51
R MEM 4 2 51
R MEM 4 6 51
R MEM 5 2 51
R MEM 5 6 51
R MEM 0 2 51
R MEM 0 6 51
R MEM 1 2 51
R MEM 1 6 51
R MEM 2 2 51
R MEM 2 6 51
R MEM 3 2 51
R MEM 3 6 51
R MEM 4 2 51
R MEM 4 6 51
R MEM 5 2 51
R MEM 5 6 51
R MEM 0 2 51
R MEM 0 6 51
R MEM 1 2 51
R MEM 1 6 51
R MEM 2 2 51
R MEM 2 6 51
R MEM 3 2 51
R MEM 3 6 51
R MEM 4 2 51
R MEM 4 6 51
R MEM 5 2 51
R MEM 5 6 51
R MEM 0 2 51
R MEM 0 6 51
R MEM 1 2 51
R MEM 1 6 51
R MEM 2 2 51
R MEM 2 6 51
R MEM 3 2 51
R MEM 3 6 51
R MEM 4 2 51
R MEM 4 6 51
R MEM 5 2 51
R MEM 5 6 51
W MEM 0 0 36
W MEM 0 4 36
W MEM 1 0 36
W MEM 1 4 36
W MEM 2 0 36
W MEM 2 4 36
W MEM 3 0 36
W MEM 3 4 36
W MEM 4 0 36
W MEM 4 4 36
W MEM 5 0 36
W MEM 5 4 36
W MEM 0 0 36
W MEM 0 4 36
W MEM 1 0 36
W MEM 1 4 36
W MEM 2 0 36
W MEM 2 4 36
W MEM 3 0 36
W MEM 3 4 36
W MEM 4 0 36
W MEM 4 4 36
W MEM 5 0 36
W MEM 5 4 36
W MEM 0 0 36
W MEM 0 4 36
W MEM 1 0 36
W MEM 1 4 36
W MEM 2 0 36
W MEM 2 4 36
W MEM 3 0 36
W MEM 3 4 36
W MEM 4 0 36
W MEM 4 4 36
W MEM 5 0 36
W MEM 5 4 36
W MEM 0 0 36
W MEM 0 4 36
W MEM 1 0 36
W MEM 1 4 36
W MEM 2 0 36
W MEM 2 4 36
W MEM 3 0 36
W MEM 3 4 36
W MEM 4 0 36
W MEM 4 4 36
W MEM 5 0 36
W MEM 5 4 36
W MEM 0 0 36
W MEM 0 4 36
W MEM 1 0 36
W MEM 1 4 36
W MEM 2 0 36
W MEM 2 4 36
W MEM 3 0 36
W MEM 3 4 36
W MEM 4 0 36
W MEM 4 4 36
W MEM 5 0 36
W MEM 5 4 36
W MEM 0 0 36
W MEM 0 4 36
W MEM 1 0 36
W MEM 1 4 36
W MEM 2 0 36
W MEM 2 4 36
W MEM 3 0 36
W MEM 3 4 36
W MEM 4 0 36
W MEM 4 4 36
W MEM 5 0 36
W MEM 5 4 36
W MEM 0 0 36
W MEM 0 4 36
W MEM 1 0 36
W MEM 1 4 36
W MEM 2 0 36
W MEM 2 4 36
W MEM 3 0 36
W MEM 3 4 36
W MEM 4 0 36
W MEM 4 4 36
W MEM 5 0 36
W MEM 5 4 36
W MEM 0 0 36
W MEM 0 4 36
W MEM 1 0 36
W MEM 1 4 36
W MEM 2 0 36
W MEM 2 4 36
W MEM 3 0 36
W MEM 3 4 36
W MEM 4 0 36
W MEM 4 4 36
W MEM 5 0 36
W MEM 5 4 36
W MEM 0 0 36
W MEM 0 4 36
W MEM 1 0 36
W MEM 1 4 36
W MEM 2 0 36
W MEM 2 4 36
W MEM 3 0 36
W MEM 3 4 36
W MEM 4 0 36
W MEM 4 4 36
W MEM 5 0 36
W MEM 5 4 36
W MEM 0 0 36
W MEM 0 4 36
W MEM 1 0 36
W MEM 1 4 36
W MEM 2 0 36
W MEM 2 4 36
W MEM 3 0 36
W MEM 3 4 36
W MEM 4 0 36
W MEM 4 4 36
W MEM 5 0 36
W MEM 5 4 36
W MEM 0 0 36
W MEM 0 4 36
W MEM 1 0 36
W MEM 1 4 36
W MEM 2 0 36
W MEM 2 4 36
W MEM 3 0 36
W MEM 3 4 36
W MEM 4 0 36
W MEM 4 4 36
W MEM 5 0 36
W MEM 5 4 36
W MEM 0 0 36
W MEM 0 4 36
W MEM 1 0 36
W MEM 1 4 36
W MEM 2 0 36
W MEM 2 4 36
W MEM 3 0 36
W MEM 3 4 36
W MEM 4 0 36
W MEM 4 4 36
W MEM 5 0 36
W MEM 5 4 36
W MEM 0 0 36
W MEM 0 4 36
W MEM 1 0 36
W MEM 1 4 36
W MEM 2 0 36
W MEM 2 4 36
W MEM 3 0 36
W MEM 3 4 36
W MEM 4 0 36
W MEM 4 4 36
W MEM 5 0 36
W MEM 5 4 36
W MEM 0 0 36
W MEM 0 4 36
W MEM 1 0 36
W MEM 1 4 36
W MEM 2 0 36
W MEM 2 4 36
W MEM 3 0 36
W MEM 3 4 36
W MEM 4 0 36
W MEM 4 4 36
W MEM 5 0 36
W MEM 5 4 36
W MEM 0 0 36
W MEM 0 4 36
W MEM 1 0 36
W MEM 1 4 36
W MEM 2 0 36
W MEM 2 4 36
W MEM 3 0 36
W MEM 3 4 36
W MEM 4 0 36
W MEM 4 4 36
W MEM 5 0 36
W MEM 5 4 36
W MEM 0 0 36
W MEM 0 4 36
W MEM 1 0 36
W MEM 1 4 36
W MEM 2 0 36
W MEM 2 4 36
W MEM 3 0 36
W MEM 3 4 36
W MEM 4 0 36
W MEM 4 4 36
W MEM 5 0 36
W MEM 5 4 36
W MEM 0 0 37
W MEM 0 4 37
W MEM 1 0 37
W MEM 1 4 37
W MEM 2 0 37
W MEM 2 4 37
W MEM 3 0 37
W MEM 3 4 37
W MEM 4 0 37
W MEM 4 4 37
W MEM 5 0 37
W MEM 5 4 37
W MEM 0 0 37
W MEM 0 4 37
W MEM 1 0 37
W MEM 1 4 37
W MEM 2 0 37
W MEM 2 4 37
W MEM 3 0 37
W MEM 3 4 37
W MEM 4 0 37
W MEM 4 4 37
W MEM 5 0 37
W MEM 5 4 37
W MEM 0 0 37
W MEM 0 4 37
W MEM 1 0 37
W MEM 1 4 37
W MEM 2 0 37
W MEM 2 4 37
W MEM 3 0 37
W MEM 3 4 37
W MEM 4 0 37
W MEM 4 4 37
W MEM 5 0 37
W MEM 5 4 37
W MEM 0 0 37
W MEM 0 4 37
W MEM 1 0 37
W MEM 1 4 37
W MEM 2 0 37
W MEM 2 4 37
W MEM 3 0 37
W MEM 3 4 37
W MEM 4 0 37
W MEM 4 4 37
W MEM 5 0 37
W MEM 5 4 37
W MEM 0 0 37
W MEM 0 4 37
W MEM 1 0 37
W MEM 1 4 37
W MEM 2 0 37
W MEM 2 4 37
W MEM 3 0 37
W MEM 3 4 37
W MEM 4 0 37
W MEM 4 4 37
W MEM 5 0 37
W MEM 5 4 37
W MEM 0 0 37
W MEM 0 4 37
W MEM 1 0 37
W MEM 1 4 37
W MEM 2 0 37
W MEM 2 4 37
W MEM 3 0 37
W MEM 3 4 37
W MEM 4 0 37
W MEM 4 4 37
W MEM 5 0 37
W MEM 5 4 37
W MEM 0 0 37
W MEM 0 4 37
W MEM 1 0 37
W MEM 1 4 37
W MEM 2 0 37
W MEM 2 4 37
W MEM 3 0 37
W MEM 3 4 37
W MEM 4 0 37
W MEM 4 4 37
W MEM 5 0 37
W MEM 5 4 37
W MEM 0 0 37
W MEM 0 4 37
W MEM 1 0 37
W MEM 1 4 37
W MEM 2 0 37
W MEM 2 4 37
W MEM 3 0 37
W MEM 3 4 37
W MEM 4 0 37
W MEM 4 4 37
W MEM 5 0 37
W MEM 5 4 37
W MEM 0 0 37
W MEM 0 4 37
W MEM 1 0 37
W MEM 1 4 37
W MEM 2 0 37
W MEM 2 4 37
W MEM 3 0 37
W MEM 3 4 37
W MEM 4 0 37
W MEM 4 4 37
W MEM 5 0 37
W MEM 5 4 37
W MEM 0 0 37
W MEM 0 4 37
W MEM 1 0 37
W MEM 1 4 37
W MEM 2 0 37
W MEM 2 4 37
W MEM 3 0 37
W MEM 3 4 37
W MEM 4 0 37
W MEM 4 4 37
W MEM 5 0 37
W MEM 5 4 37
W MEM 0 0 37
W MEM 0 4 37
W MEM 1 0 37
W MEM 1 4 37
W MEM 2 0 37
W MEM 2 4 37
W MEM 3 0 37
W MEM 3 4 37
W MEM 4 0 37
W MEM 4 4 37
W MEM 5 0 37
W MEM 5 4 37
W MEM 0 0 37
W MEM 0 4 37
W MEM 1 0 37
W MEM 1 4 37
W MEM 2 0 37
W MEM 2 4 37
W MEM 3 0 37
W MEM 3 4 37
W MEM 4 0 37
W MEM 4 4 37
W MEM 5 0 37
W MEM 5 4 37
W MEM 0 0 37
W MEM 0 4 37
W MEM 1 0 37
W MEM 1 4 37
W MEM 2 0 37
W MEM 2 4 37
W MEM 3 0 37
W MEM 3 4 37
W MEM 4 0 37
W MEM 4 4 37
W MEM 5 0 37
W MEM 5 4 37
W MEM 0 0 37
W MEM 0 4 37
W MEM 1 0 37
W MEM 1 4 37
W MEM 2 0 37
W MEM 2 4 37
W MEM 3 0 37
W MEM 3 4 37
W MEM 4 0 37
W MEM 4 4 37
W MEM 5 0 37
W MEM 5 4 37
W MEM 0 0 37
W MEM 0 4 37
W MEM 1 0 37
W MEM 1 4 37
W MEM 2 0 37
W MEM 2 4 37
W MEM 3 0 37
W MEM 3 4 37
W MEM 4 0 37
W MEM 4 4 37
W MEM 5 0 37
W MEM 5 4 37
W MEM 0 0 37
W MEM 0 4 37
W MEM 1 0 37
W MEM 1 4 37
W MEM 2 0 37
W MEM 2 4 37
W MEM 3 0 37
W MEM 3 4 37
W MEM 4 0 37
W MEM 4 4 37
W MEM 5 0 37
W MEM 5 4 37
W MEM 0 0 38
W MEM 0 4 38
W MEM 1 0 38
W MEM 1 4 38
W MEM 2 0 38
W MEM 2 4 38
W MEM 3 0 38
W MEM 3 4 38
W MEM 4 0 38
W MEM 4 4 38
W MEM 5 0 38
W MEM 5 4 38
W MEM 0 0 38
W MEM 0 4 38
W MEM 1 0 38
W MEM 1 4 38
W MEM 2 0 38
W MEM 2 4 38
W MEM 3 0 38
W MEM 3 4 38
W MEM 4 0 38
W MEM 4 4 38
W MEM 5 0 38
W MEM 5 4 38
W MEM 0 0 38
W MEM 0 4 38
W MEM 1 0 38
W MEM 1 4 38
W MEM 2 0 38
W MEM 2 4 38
W MEM 3 0 38
W MEM 3 4 38
W MEM 4 0 38
W MEM 4 4 38
W MEM 5 0 38
W MEM 5 4 38
W MEM 0 0 38
W MEM 0 4 38
W MEM 1 0 38
W MEM 1 4 38
W MEM 2 0 38
W MEM 2 4 38
W MEM 3 0 38
W MEM 3 4 38
W MEM 4 0 38
W MEM 4 4 38
W MEM 5 0 38
W MEM 5 4 38
W MEM 0 0 38
W MEM 0 4 38
W MEM 1 0 38
W MEM 1 4 38
W MEM 2 0 38
W MEM 2 4 38
W MEM 3 0 38
W MEM 3 4 38
W MEM 4 0 38
W MEM 4 4 38
W MEM 5 0 38
W MEM 5 4 38
W MEM 0 0 38
W MEM 0 4 38
W MEM 1 0 38
W MEM 1 4 38
W MEM 2 0 38
W MEM 2 4 38
W MEM 3 0 38
W MEM 3 4 38
W MEM 4 0 38
W MEM 4 4 38
W MEM 5 0 38
W MEM 5 4 38
W MEM 0 0 38
W MEM 0 4 38
W MEM 1 0 38
W MEM 1 4 38
W MEM 2 0 38
W MEM 2 4 38
W MEM 3 0 38
W MEM 3 4 38
W MEM 4 0 38
W MEM 4 4 38
W MEM 5 0 38
W MEM 5 4 38
W MEM 0 0 38
W MEM 0 4 38
W MEM 1 0 38
W MEM 1 4 38
W MEM 2 0 38
W MEM 2 4 38
W MEM 3 0 38
W MEM 3 4 38
W MEM 4 0 38
W MEM 4 4 38
W MEM 5 0 38
W MEM 5 4 38
W MEM 0 0 38
W MEM 0 4 38
W MEM 1 0 38
W MEM 1 4 38
W MEM 2 0 38
W MEM 2 4 38
W MEM 3 0 38
W MEM 3 4 38
W MEM 4 0 38
W MEM 4 4 38
W MEM 5 0 38
W MEM 5 4 38
W MEM 0 0 38
W MEM 0 4 38
W MEM 1 0 38
W MEM 1 4 38
W MEM 2 0 38
W MEM 2 4 38
W MEM 3 0 38
W MEM 3 4 38
W MEM 4 0 38
W MEM 4 4 38
W MEM 5 0 38
W MEM 5 4 38
W MEM 0 0 38
W MEM 0 4 38
W MEM 1 0 38
W MEM 1 4 38
W MEM 2 0 38
W MEM 2 4 38
W MEM 3 0 38
W MEM 3 4 38
W MEM 4 0 38
W MEM 4 4 38
W MEM 5 0 38
W MEM 5 4 38
W MEM 0 0 38
W MEM 0 4 38
W MEM 1 0 38
W MEM 1 4 38
W MEM 2 0 38
W MEM 2 4 38
W MEM 3 0 38
W MEM 3 4 38
W MEM 4 0 38
W MEM 4 4 38
W MEM 5 0 38
W MEM 5 4 38
W MEM 0 0 38
W MEM 0 4 38
W MEM 1 0 38
W MEM 1 4 38
W MEM 2 0 38
W MEM 2 4 38
W MEM 3 0 38
W MEM 3 4 38
W MEM 4 0 38
W MEM 4 4 38
W MEM 5 0 38
W MEM 5 4 38
W MEM 0 0 38
W MEM 0 4 38
W MEM 1 0 38
W MEM 1 4 38
W MEM 2 0 38
W MEM 2 4 38
W MEM 3 0 38
W MEM 3 4 38
W MEM 4 0 38
W MEM 4 4 38
W MEM 5 0 38
W MEM 5 4 38
W MEM 0 0 38
W MEM 0 4 38
W MEM 1 0 38
W MEM 1 4 38
W MEM 2 0 38
W MEM 2 4 38
W MEM 3 0 38
W MEM 3 4 38
W MEM 4 0 38
W MEM 4 4 38
W MEM 5 0 38
W MEM 5 4 38
W MEM 0 0 38
W MEM 0 4 38
W MEM 1 0 38
W MEM 1 4 38
W MEM 2 0 38
W MEM 2 4 38
W MEM 3 0 38
W MEM 3 4 38
W MEM 4 0 38
W MEM 4 4 38
W MEM 5 0 38
W MEM 5 4 38
W MEM 0 0 39
W MEM 0 4 39
W MEM 1 0 39
W MEM 1 4 39
W MEM 2 0 39
W MEM 2 4 39
W MEM 3 0 39
W MEM 3 4 39
W MEM 4 0 39
W MEM 4 4 39
W MEM 5 0 39
W MEM 5 4 39
W MEM 0 0 39
W MEM 0 4 39
W MEM 1 0 39
W MEM 1 4 39
W MEM 2 0 39
W MEM 2 4 39
W MEM 3 0 39
W MEM 3 4 39
W MEM 4 0 39
W MEM 4 4 39
W MEM 5 0 39
W MEM 5 4 39
W MEM 0 0 39
W MEM 0 4 39
W MEM 1 0 39
W MEM 1 4 39
W MEM 2 0 39
W MEM 2 4 39
W MEM 3 0 39
W MEM 3 4 39
W MEM 4 0 39
W MEM 4 4 39
W MEM 5 0 39
W MEM 5 4 39
W MEM 0 0 39
W MEM 0 4 39
W MEM 1 0 39
W MEM 1 4 39
W MEM 2 0 39
W MEM 2 4 39
W MEM 3 0 39
W MEM 3 4 39
W MEM 4 0 39
W MEM 4 4 39
W MEM 5 0 39
W MEM 5 4 39
W MEM 0 0 39
W MEM 0 4 39
W MEM 1 0 39
W MEM 1 4 39
W MEM 2 0 39
W MEM 2 4 39
W MEM 3 0 39
W MEM 3 4 39
W MEM 4 0 39
W MEM 4 4 39
W MEM 5 0 39
W MEM 5 4 39
W MEM 0 0 39
W MEM 0 4 39
W MEM 1 0 39
W MEM 1 4 39
W MEM 2 0 39
W MEM 2 4 39
W MEM 3 0 39
W MEM 3 4 39
W MEM 4 0 39
W MEM 4 4 39
W MEM 5 0 39
W MEM 5 4 39
W MEM 0 0 39
W MEM 0 4 39
W MEM 1 0 39
W MEM 1 4 39
W MEM 2 0 39
W MEM 2 4 39
W MEM 3 0 39
W MEM 3 4 39
W MEM 4 0 39
W MEM 4 4 39
W MEM 5 0 39
W MEM 5 4 39
W MEM 0 0 39
W MEM 0 4 39
W MEM 1 0 39
W MEM 1 4 39
W MEM 2 0 39
W MEM 2 4 39
W MEM 3 0 39
W MEM 3 4 39
W MEM 4 0 39
W MEM 4 4 39
W MEM 5 0 39
W MEM 5 4 39
W MEM 0 0 39
W MEM 0 4 39
W MEM 1 0 39
W MEM 1 4 39
W MEM 2 0 39
W MEM 2 4 39
W MEM 3 0 39
W MEM 3 4 39
W MEM 4 0 39
W MEM 4 4 39
W MEM 5 0 39
W MEM 5 4 39
W MEM 0 0 39
W MEM 0 4 39
W MEM 1 0 39
W MEM 1 4 39
W MEM 2 0 39
W MEM 2 4 39
W MEM 3 0 39
W MEM 3 4 39
W MEM 4 0 39
W MEM 4 4 39
W MEM 5 0 39
W MEM 5 4 39
W MEM 0 0 39
W MEM 0 4 39
W MEM 1 0 39
W MEM 1 4 39
W MEM 2 0 39
W MEM 2 4 39
W MEM 3 0 39
W MEM 3 4 39
W MEM 4 0 39
W MEM 4 4 39
W MEM 5 0 39
W MEM 5 4 39
W MEM 0 0 39
W MEM 0 4 39
W MEM 1 0 39
W MEM 1 4 39
W MEM 2 0 39
W MEM 2 4 39
W MEM 3 0 39
W MEM 3 4 39
W MEM 4 0 39
W MEM 4 4 39
W MEM 5 0 39
W MEM 5 4 39
W MEM 0 0 39
W MEM 0 4 39
W MEM 1 0 39
W MEM 1 4 39
W MEM 2 0 39
W MEM 2 4 39
W MEM 3 0 39
W MEM 3 4 39
W MEM 4 0 39
W MEM 4 4 39
W MEM 5 0 39
W MEM 5 4 39
W MEM 0 0 39
W MEM 0 4 39
W MEM 1 0 39
W MEM 1 4 39
W MEM 2 0 39
W MEM 2 4 39
W MEM 3 0 39
W MEM 3 4 39
W MEM 4 0 39
W MEM 4 4 39
W MEM 5 0 39
W MEM 5 4 39
W MEM 0 0 39
W MEM 0 4 39
W MEM 1 0 39
W MEM 1 4 39
W MEM 2 0 39
W MEM 2 4 39
W MEM 3 0 39
W MEM 3 4 39
W MEM 4 0 39
W MEM 4 4 39
W MEM 5 0 39
W MEM 5 4 39
W MEM 0 0 39
W MEM 0 4 39
W MEM 1 0 39
W MEM 1 4 39
W MEM 2 0 39
W MEM 2 4 39
W MEM 3 0 39
W MEM 3 4 39
W MEM 4 0 39
W MEM 4 4 39
W MEM 5 0 39
W MEM 5 4 39
W MEM 0 0 40
W MEM 0 4 40
W MEM 1 0 40
W MEM 1 4 40
W MEM 2 0 40
W MEM 2 4 40
W MEM 3 0 40
W MEM 3 4 40
W MEM 4 0 40
W MEM 4 4 40
W MEM 5 0 40
W MEM 5 4 40
W MEM 0 0 40
W MEM 0 4 40
W MEM 1 0 40
W MEM 1 4 40
W MEM 2 0 40
W MEM 2 4 40
W MEM 3 0 40
W MEM 3 4 40
W MEM 4 0 40
W MEM 4 4 40
W MEM 5 0 40
W MEM 5 4 40
W MEM 0 0 40
W MEM 0 4 40
W MEM 1 0 40
W MEM 1 4 40
W MEM 2 0 40
W MEM 2 4 40
W MEM 3 0 40
W MEM 3 4 40
W MEM 4 0 40
W MEM 4 4 40
W MEM 5 0 40
W MEM 5 4 40
W MEM 0 0 40
W MEM 0 4 40
W MEM 1 0 40
W MEM 1 4 40
W MEM 2 0 40
W MEM 2 4 40
W MEM 3 0 40
W MEM 3 4 40
W MEM 4 0 40
W MEM 4 4 40
W MEM 5 0 40
W MEM 5 4 40
W MEM 0 0 40
W MEM 0 4 40
W MEM 1 0 40
W MEM 1 4 40
W MEM 2 0 40
W MEM 2 4 40
W MEM 3 0 40
W MEM 3 4 40
W MEM 4 0 40
W MEM 4 4 40
W MEM 5 0 40
W MEM 5 4 40
W MEM 0 0 40
W MEM 0 4 40
W MEM 1 0 40
W MEM 1 4 40
W MEM 2 0 40
W MEM 2 4 40
W MEM 3 0 40
W MEM 3 4 40
W MEM 4 0 40
W MEM 4 4 40
W MEM 5 0 40
W MEM 5 4 40
W MEM 0 0 40
W MEM 0 4 40
W MEM 1 0 40
W MEM 1 4 40
W MEM 2 0 40
W MEM 2 4 40
W MEM 3 0 40
W MEM 3 4 40
W MEM 4 0 40
W MEM 4 4 40
W MEM 5 0 40
W MEM 5 4 40
W MEM 0 0 40
W MEM 0 4 40
W MEM 1 0 40
W MEM 1 4 40
W MEM 2 0 40
W MEM 2 4 40
W MEM 3 0 40
W MEM 3 4 40
W MEM 4 0 40
W MEM 4 4 40
W MEM 5 0 40
W MEM 5 4 40
W MEM 0 0 40
W MEM 0 4 40
W MEM 1 0 40
W MEM 1 4 40
W MEM 2 0 40
W MEM 2 4 40
W MEM 3 0 40
W MEM 3 4 40
W MEM 4 0 40
W MEM 4 4 40
W MEM 5 0 40
W MEM 5 4 40
W MEM 0 0 40
W MEM 0 4 40
W MEM 1 0 40
W MEM 1 4 40
W MEM 2 0 40
W MEM 2 4 40
W MEM 3 0 40
W MEM 3 4 40
W MEM 4 0 40
W MEM 4 4 40
W MEM 5 0 40
W MEM 5 4 40
W MEM 0 0 40
W MEM 0 4 40
W MEM 1 0 40
W MEM 1 4 40
W MEM 2 0 40
W MEM 2 4 40
W MEM 3 0 40
W MEM 3 4 40
W MEM 4 0 40
W MEM 4 4 40
W MEM 5 0 40
W MEM 5 4 40
W MEM 0 0 40
W MEM 0 4 40
W MEM 1 0 40
W MEM 1 4 40
W MEM 2 0 40
W MEM 2 4 40
W MEM 3 0 40
W MEM 3 4 40
W MEM 4 0 40
W MEM 4 4 40
W MEM 5 0 40
W MEM 5 4 40
W MEM 0 0 40
W MEM 0 4 40
W MEM 1 0 40
W MEM 1 4 40
W MEM 2 0 40
W MEM 2 4 40
W MEM 3 0 40
W MEM 3 4 40
W MEM 4 0 40
W MEM 4 4 40
W MEM 5 0 40
W MEM 5 4 40
W MEM 0 0 40
W MEM 0 4 40
W MEM 1 0 40
W MEM 1 4 40
W MEM 2 0 40
W MEM 2 4 40
W MEM 3 0 40
W MEM 3 4 40
W MEM 4 0 40
W MEM 4 4 40
W MEM 5 0 40
W MEM 5 4 40
W MEM 0 0 40
W MEM 0 4 40
W MEM 1 0 40
W MEM 1 4 40
W MEM 2 0 40
W MEM 2 4 40
W MEM 3 0 40
W MEM 3 4 40
W MEM 4 0 40
W MEM 4 4 40
W MEM 5 0 40
W MEM 5 4 40
W MEM 0 0 40
W MEM 0 4 40
W MEM 1 0 40
W MEM 1 4 40
W MEM 2 0 40
W MEM 2 4 40
W MEM 3 0 40
W MEM 3 4 40
W MEM 4 0 40
W MEM 4 4 40
W MEM 5 0 40
W MEM 5 4 40
W MEM 0 0 41
W MEM 0 4 41
W MEM 1 0 41
W MEM 1 4 41
W MEM 2 0 41
W MEM 2 4 41
W MEM 3 0 41
W MEM 3 4 41
W MEM 4 0 41
W MEM 4 4 41
W MEM 5 0 41
W MEM 5 4 41
W MEM 0 0 41
W MEM 0 4 41
W MEM 1 0 41
W MEM 1 4 41
W MEM 2 0 41
W MEM 2 4 41
W MEM 3 0 41
W MEM 3 4 41
W MEM 4 0 41
W MEM 4 4 41
W MEM 5 0 41
W MEM 5 4 41
W MEM 0 0 41
W MEM 0 4 41
W MEM 1 0 41
W MEM 1 4 41
W MEM 2 0 41
W MEM 2 4 41
W MEM 3 0 41
W MEM 3 4 41
W MEM 4 0 41
W MEM 4 4 41
W MEM 5 0 41
W MEM 5 4 41
W MEM 0 0 41
W MEM 0 4 41
W MEM 1 0 41
W MEM 1 4 41
W MEM 2 0 41
W MEM 2 4 41
W MEM 3 0 41
W MEM 3 4 41
W MEM 4 0 41
W MEM 4 4 41
W MEM 5 0 41
W MEM 5 4 41
W MEM 0 0 41
W MEM 0 4 41
W MEM 1 0 41
W MEM 1 4 41
W MEM 2 0 41
W MEM 2 4 41
W MEM 3 0 41
W MEM 3 4 41
W MEM 4 0 41
W MEM 4 4 41
W MEM 5 0 41
W MEM 5 4 41
W MEM 0 0 41
W MEM 0 4 41
W MEM 1 0 41
W MEM 1 4 41
W MEM 2 0 41
W MEM 2 4 41
W MEM 3 0 41
W MEM 3 4 41
W MEM 4 0 41
W MEM 4 4 41
W MEM 5 0 41
W MEM 5 4 41
W MEM 0 0 41
W MEM 0 4 41
W MEM 1 0 41
W MEM 1 4 41
W MEM 2 0 41
W MEM 2 4 41
W MEM 3 0 41
W MEM 3 4 41
W MEM 4 0 41
W MEM 4 4 41
W MEM 5 0 41
W MEM 5 4 41
W MEM 0 0 41
W MEM 0 4 41
W MEM 1 0 41
W MEM 1 4 41
W MEM 2 0 41
W MEM 2 4 41
W MEM 3 0 41
W MEM 3 4 41
W MEM 4 0 41
W MEM 4 4 41
W MEM 5 0 41
W MEM 5 4 41
W MEM 0 0 41
W MEM 0 4 41
W MEM 1 0 41
W MEM 1 4 41
W MEM 2 0 41
W MEM 2 4 41
W MEM 3 0 41
W MEM 3 4 41
W MEM 4 0 41
W MEM 4 4 41
W MEM 5 0 41
W MEM 5 4 41
W MEM 0 0 41
W MEM 0 4 41
W MEM 1 0 41
W MEM 1 4 41
W MEM 2 0 41
W MEM 2 4 41
W MEM 3 0 41
W MEM 3 4 41
W MEM 4 0 41
W MEM 4 4 41
W MEM 5 0 41
W MEM 5 4 41
W MEM 0 0 41
W MEM 0 4 41
W MEM 1 0 41
W MEM 1 4 41
W MEM 2 0 41
W MEM 2 4 41
W MEM 3 0 41
W MEM 3 4 41
W MEM 4 0 41
W MEM 4 4 41
W MEM 5 0 41
W MEM 5 4 41
W MEM 0 0 41
W MEM 0 4 41
W MEM 1 0 41
W MEM 1 4 41
W MEM 2 0 41
W MEM 2 4 41
W MEM 3 0 41
W MEM 3 4 41
W MEM 4 0 41
W MEM 4 4 41
W MEM 5 0 41
W MEM 5 4 41
W MEM 0 0 41
W MEM 0 4 41
W MEM 1 0 41
W MEM 1 4 41
W MEM 2 0 41
W MEM 2 4 41
W MEM 3 0 41
W MEM 3 4 41
W MEM 4 0 41
W MEM 4 4 41
W MEM 5 0 41
W MEM 5 4 41
W MEM 0 0 41
W MEM 0 4 41
W MEM 1 0 41
W MEM 1 4 41
W MEM 2 0 41
W MEM 2 4 41
W MEM 3 0 41
W MEM 3 4 41
W MEM 4 0 41
W MEM 4 4 41
W MEM 5 0 41
W MEM 5 4 41
W MEM 0 0 41
W MEM 0 4 41
W MEM 1 0 41
W MEM 1 4 41
W MEM 2 0 41
W MEM 2 4 41
W MEM 3 0 41
W MEM 3 4 41
W MEM 4 0 41
W MEM 4 4 41
W MEM 5 0 41
W MEM 5 4 41
W MEM 0 0 41
W MEM 0 4 41
W MEM 1 0 41
W MEM 1 4 41
W MEM 2 0 41
W MEM 2 4 41
W MEM 3 0 41
W MEM 3 4 41
W MEM 4 0 41
W MEM 4 4 41
W MEM 5 0 41
W MEM 5 4 41
W MEM 0 0 42
W MEM 0 4 42
W MEM 1 0 42
W MEM 1 4 42
W MEM 2 0 42
W MEM 2 4 42
W MEM 3 0 42
W MEM 3 4 42
W MEM 4 0 42
W MEM 4 4 42
W MEM 5 0 42
W MEM 5 4 42
W MEM 0 0 42
W MEM 0 4 42
W MEM 1 0 42
W MEM 1 4 42
W MEM 2 0 42
W MEM 2 4 42
W MEM 3 0 42
W MEM 3 4 42
W MEM 4 0 42
W MEM 4 4 42
W MEM 5 0 42
W MEM 5 4 42
W MEM 0 0 42
W MEM 0 4 42
W MEM 1 0 42
W MEM 1 4 42
W MEM 2 0 42
W MEM 2 4 42
W MEM 3 0 42
W MEM 3 4 42
W MEM 4 0 42
W MEM 4 4 42
W MEM 5 0 42
W MEM 5 4 42
W MEM 0 0 42
W MEM 0 4 42
W MEM 1 0 42
W MEM 1 4 42
W MEM 2 0 42
W MEM 2 4 42
W MEM 3 0 42
W MEM 3 4 42
W MEM 4 0 42
W MEM 4 4 42
W MEM 5 0 42
W MEM 5 4 42
W MEM 0 0 42
W MEM 0 4 42
W MEM 1 0 42
W MEM 1 4 42
W MEM 2 0 42
W MEM 2 4 42
W MEM 3 0 42
W MEM 3 4 42
W MEM 4 0 42
W MEM 4 4 42
W MEM 5 0 42
W MEM 5 4 42
W MEM 0 0 42
W MEM 0 4 42
W MEM 1 0 42
W MEM 1 4 42
W MEM 2 0 42
W MEM 2 4 42
W MEM 3 0 42
W MEM 3 4 42
W MEM 4 0 42
W MEM 4 4 42
W MEM 5 0 42
W MEM 5 4 42
W MEM 0 0 42
W MEM 0 4 42
W MEM 1 0 42
W MEM 1 4 42
W MEM 2 0 42
W MEM 2 4 42
W MEM 3 0 42
W MEM 3 4 42
W MEM 4 0 42
W MEM 4 4 42
W MEM 5 0 42
W MEM 5 4 42
W MEM 0 0 42
W MEM 0 4 42
W MEM 1 0 42
W MEM 1 4 42
W MEM 2 0 42
W MEM 2 4 42
W MEM 3 0 42
W MEM 3 4 42
W MEM 4 0 42
W MEM 4 4 42
W MEM 5 0 42
W MEM 5 4 42
W MEM 0 0 42
W MEM 0 4 42
W MEM 1 0 42
W MEM 1 4 42
W MEM 2 0 42
W MEM 2 4 42
W MEM 3 0 42
W MEM 3 4 42
W MEM 4 0 42
W MEM 4 4 42
W MEM 5 0 42
W MEM 5 4 42
W MEM 0 0 42
W MEM 0 4 42
W MEM 1 0 42
W MEM 1 4 42
W MEM 2 0 42
W MEM 2 4 42
W MEM 3 0 42
W MEM 3 4 42
W MEM 4 0 42
W MEM 4 4 42
W MEM 5 0 42
W MEM 5 4 42
W MEM 0 0 42
W MEM 0 4 42
W MEM 1 0 42
W MEM 1 4 42
W MEM 2 0 42
W MEM 2 4 42
W MEM 3 0 42
W MEM 3 4 42
W MEM 4 0 42
W MEM 4 4 42
W MEM 5 0 42
W MEM 5 4 42
W MEM 0 0 42
W MEM 0 4 42
W MEM 1 0 42
W MEM 1 4 42
W MEM 2 0 42
W MEM 2 4 42
W MEM 3 0 42
W MEM 3 4 42
W MEM 4 0 42
W MEM 4 4 42
W MEM 5 0 42
W MEM 5 4 42
W MEM 0 0 42
W MEM 0 4 42
W MEM 1 0 42
W MEM 1 4 42
W MEM 2 0 42
W MEM 2 4 42
W MEM 3 0 42
W MEM 3 4 42
W MEM 4 0 42
W MEM 4 4 42
W MEM 5 0 42
W MEM 5 4 42
W MEM 0 0 42
W MEM 0 4 42
W MEM 1 0 42
W MEM 1 4 42
W MEM 2 0 42
W MEM 2 4 42
W MEM 3 0 42
W MEM 3 4 42
W MEM 4 0 42
W MEM 4 4 42
W MEM 5 0 42
W MEM 5 4 42
W MEM 0 0 42
W MEM 0 4 42
W MEM 1 0 42
W MEM 1 4 42
W MEM 2 0 42
W MEM 2 4 42
W MEM 3 0 42
W MEM 3 4 42
W MEM 4 0 42
W MEM 4 4 42
W MEM 5 0 42
W MEM 5 4 42
W MEM 0 0 42
W MEM 0 4 42
W MEM 1 0 42
W MEM 1 4 42
W MEM 2 0 42
W MEM 2 4 42
W MEM 3 0 42
W MEM 3 4 42
W MEM 4 0 42
W MEM 4 4 42
W MEM 5 0 42
W MEM 5 4 42
W MEM 0 0 43
W MEM 0 4 43
W MEM 1 0 43
W MEM 1 4 43
W MEM 2 0 43
W MEM 2 4 43
W MEM 3 0 43
W MEM 3 4 43
W MEM 4 0 43
W MEM 4 4 43
W MEM 5 0 43
W MEM 5 4 43
W MEM 0 0 43
W MEM 0 4 43
W MEM 1 0 43
W MEM 1 4 43
W MEM 2 0 43
W MEM 2 4 43
W MEM 3 0 43
W MEM 3 4 43
W MEM 4 0 43
W MEM 4 4 43
W MEM 5 0 43
W MEM 5 4 43
W MEM 0 0 43
W MEM 0 4 43
W MEM 1 0 43
W MEM 1 4 43
W MEM 2 0 43
W MEM 2 4 43
W MEM 3 0 43
W MEM 3 4 43
W MEM 4 0 43
W MEM 4 4 43
W MEM 5 0 43
W MEM 5 4 43
W MEM 0 0 43
W MEM 0 4 43
W MEM 1 0 43
W MEM 1 4 43
W MEM 2 0 43
W MEM 2 4 43
W MEM 3 0 43
W MEM 3 4 43
W MEM 4 0 43
W MEM 4 4 43
W MEM 5 0 43
W MEM 5 4 43
W MEM 0 0 43
W MEM 0 4 43
W MEM 1 0 43
W MEM 1 4 43
W MEM 2 0 43
W MEM 2 4 43
W MEM 3 0 43
W MEM 3 4 43
W MEM 4 0 43
W MEM 4 4 43
W MEM 5 0 43
W MEM 5 4 43
W MEM 0 0 43
W MEM 0 4 43
W MEM 1 0 43
W MEM 1 4 43
W MEM 2 0 43
W MEM 2 4 43
W MEM 3 0 43
W MEM 3 4 43
W MEM 4 0 43
W MEM 4 4 43
W MEM 5 0 43
W MEM 5 4 43
W MEM 0 0 43
W MEM 0 4 43
W MEM 1 0 43
W MEM 1 4 43
W MEM 2 0 43
W MEM 2 4 43
W MEM 3 0 43
W MEM 3 4 43
W MEM 4 0 43
W MEM 4 4 43
W MEM 5 0 43
W MEM 5 4 43
W MEM 0 0 43
W MEM 0 4 43
W MEM 1 0 43
W MEM 1 4 43
W MEM 2 0 43
W MEM 2 4 43
W MEM 3 0 43
W MEM 3 4 43
W MEM 4 0 43
W MEM 4 4 43
W MEM 5 0 43
W MEM 5 4 43
W MEM 0 0 43
W MEM 0 4 43
W MEM 1 0 43
W MEM 1 4 43
W MEM 2 0 43
W MEM 2 4 43
W MEM 3 0 43
W MEM 3 4 43
W MEM 4 0 43
W MEM 4 4 43
W MEM 5 0 43
W MEM 5 4 43
W MEM 0 0 43
W MEM 0 4 43
W MEM 1 0 43
W MEM 1 4 43
W MEM 2 0 43
W MEM 2 4 43
W MEM 3 0 43
W MEM 3 4 43
W MEM 4 0 43
W MEM 4 4 43
W MEM 5 0 43
W MEM 5 4 43
W MEM 0 0 43
W MEM 0 4 43
W MEM 1 0 43
W MEM 1 4 43
W MEM 2 0 43
W MEM 2 4 43
W MEM 3 0 43
W MEM 3 4 43
W MEM 4 0 43
W MEM 4 4 43
W MEM 5 0 43
W MEM 5 4 43
W MEM 0 0 43
W MEM 0 4 43
W MEM 1 0 43
W MEM 1 4 43
W MEM 2 0 43
W MEM 2 4 43
W MEM 3 0 43
W MEM 3 4 43
W MEM 4 0 43
W MEM 4 4 43
W MEM 5 0 43
W MEM 5 4 43
W MEM 0 0 43
W MEM 0 4 43
W MEM 1 0 43
W MEM 1 4 43
W MEM 2 0 43
W MEM 2 4 43
W MEM 3 0 43
W MEM 3 4 43
W MEM 4 0 43
W MEM 4 4 43
W MEM 5 0 43
W MEM 5 4 43
W MEM 0 0 43
W MEM 0 4 43
W MEM 1 0 43
W MEM 1 4 43
W MEM 2 0 43
W MEM 2 4 43
W MEM 3 0 43
W MEM 3 4 43
W MEM 4 0 43
W MEM 4 4 43
W MEM 5 0 43
W MEM 5 4 43
W MEM 0 0 43
W MEM 0 4 43
W MEM 1 0 43
W MEM 1 4 43
W MEM 2 0 43
W MEM 2 4 43
W MEM 3 0 43
W MEM 3 4 43
W MEM 4 0 43
W MEM 4 4 43
W MEM 5 0 43
W MEM 5 4 43
W MEM 0 0 43
W MEM 0 4 43
W MEM 1 0 43
W MEM 1 4 43
W MEM 2 0 43
W MEM 2 4 43
W MEM 3 0 43
W MEM 3 4 43
W MEM 4 0 43
W MEM 4 4 43
W MEM 5 0 43
W MEM 5 4 43
W MEM 0 0 44
W MEM 0 4 44
W MEM 1 0 44
W MEM 1 4 44
W MEM 2 0 44
W MEM 2 4 44
W MEM 3 0 44
W MEM 3 4 44
W MEM 4 0 44
W MEM 4 4 44
W MEM 5 0 44
W MEM 5 4 44
W MEM 0 0 44
W MEM 0 4 44
W MEM 1 0 44
W MEM 1 4 44
W MEM 2 0 44
W MEM 2 4 44
W MEM 3 0 44
W MEM 3 4 44
W MEM 4 0 44
W MEM 4 4 44
W MEM 5 0 44
W MEM 5 4 44
W MEM 0 0 44
W MEM 0 4 44
W MEM 1 0 44
W MEM 1 4 44
W MEM 2 0 44
W MEM 2 4 44
W MEM 3 0 44
W MEM 3 4 44
W MEM 4 0 44
W MEM 4 4 44
W MEM 5 0 44
W MEM 5 4 44
W MEM 0 0 44
W MEM 0 4 44
W MEM 1 0 44
W MEM 1 4 44
W MEM 2 0 44
W MEM 2 4 44
W MEM 3 0 44
W MEM 3 4 44
W MEM 4 0 44
W MEM 4 4 44
W MEM 5 0 44
W MEM 5 4 44
W MEM 0 0 44
W MEM 0 4 44
W MEM 1 0 44
W MEM 1 4 44
W MEM 2 0 44
W MEM 2 4 44
W MEM 3 0 44
W MEM 3 4 44
W MEM 4 0 44
W MEM 4 4 44
W MEM 5 0 44
W MEM 5 4 44
W MEM 0 0 44
W MEM 0 4 44
W MEM 1 0 44
W MEM 1 4 44
W MEM 2 0 44
W MEM 2 4 44
W MEM 3 0 44
W MEM 3 4 44
W MEM 4 0 44
W MEM 4 4 44
W MEM 5 0 44
W MEM 5 4 44
W MEM 0 0 44
W MEM 0 4 44
W MEM 1 0 44
W MEM 1 4 44
W MEM 2 0 44
W MEM 2 4 44
W MEM 3 0 44
W MEM 3 4 44
W MEM 4 0 44
W MEM 4 4 44
W MEM 5 0 44
W MEM 5 4 44
W MEM 0 0 44
W MEM 0 4 44
W MEM 1 0 44
W MEM 1 4 44
W MEM 2 0 44
W MEM 2 4 44
W MEM 3 0 44
W MEM 3 4 44
W MEM 4 0 44
W MEM 4 4 44
W MEM 5 0 44
W MEM 5 4 44
W MEM 0 0 44
W MEM 0 4 44
W MEM 1 0 44
W MEM 1 4 44
W MEM 2 0 44
W MEM 2 4 44
W MEM 3 0 44
W MEM 3 4 44
W MEM 4 0 44
W MEM 4 4 44
W MEM 5 0 44
W MEM 5 4 44
W MEM 0 0 44
W MEM 0 4 44
W MEM 1 0 44
W MEM 1 4 44
W MEM 2 0 44
W MEM 2 4 44
W MEM 3 0 44
W MEM 3 4 44
W MEM 4 0 44
W MEM 4 4 44
W MEM 5 0 44
W MEM 5 4 44
W MEM 0 0 44
W MEM 0 4 44
W MEM 1 0 44
W MEM 1 4 44
W MEM 2 0 44
W MEM 2 4 44
W MEM 3 0 44
W MEM 3 4 44
W MEM 4 0 44
W MEM 4 4 44
W MEM 5 0 44
W MEM 5 4 44
W MEM 0 0 44
W MEM 0 4 44
W MEM 1 0 44
W MEM 1 4 44
W MEM 2 0 44
W MEM 2 4 44
W MEM 3 0 44
W MEM 3 4 44
W MEM 4 0 44
W MEM 4 4 44
W MEM 5 0 44
W MEM 5 4 44
W MEM 0 0 44
W MEM 0 4 44
W MEM 1 0 44
W MEM 1 4 44
W MEM 2 0 44
W MEM 2 4 44
W MEM 3 0 44
W MEM 3 4 44
W MEM 4 0 44
W MEM 4 4 44
W MEM 5 0 44
W MEM 5 4 44
W MEM 0 0 44
W MEM 0 4 44
W MEM 1 0 44
W MEM 1 4 44
W MEM 2 0 44
W MEM 2 4 44
W MEM 3 0 44
W MEM 3 4 44
W MEM 4 0 44
W MEM 4 4 44
W MEM 5 0 44
W MEM 5 4 44
W MEM 0 0 44
W MEM 0 4 44
W MEM 1 0 44
W MEM 1 4 44
W MEM 2 0 44
W MEM 2 4 44
W MEM 3 0 44
W MEM 3 4 44
W MEM 4 0 44
W MEM 4 4 44
W MEM 5 0 44
W MEM 5 4 44
W MEM 0 0 44
W MEM 0 4 44
W MEM 1 0 44
W MEM 1 4 44
W MEM 2 0 44
W MEM 2 4 44
W MEM 3 0 44
W MEM 3 4 44
W MEM 4 0 44
W MEM 4 4 44
W MEM 5 0 44
W MEM 5 4 44
W MEM 0 0 45
W MEM 0 4 45
W MEM 1 0 45
W MEM 1 4 45
W MEM 2 0 45
W MEM 2 4 45
W MEM 3 0 45
W MEM 3 4 45
W MEM 4 0 45
W MEM 4 4 45
W MEM 5 0 45
W MEM 5 4 45
W MEM 0 0 45
W MEM 0 4 45
W MEM 1 0 45
W MEM 1 4 45
W MEM 2 0 45
W MEM 2 4 45
W MEM 3 0 45
W MEM 3 4 45
W MEM 4 0 45
W MEM 4 4 45
W MEM 5 0 45
W MEM 5 4 45
W MEM 0 0 45
W MEM 0 4 45
W MEM 1 0 45
W MEM 1 4 45
W MEM 2 0 45
W MEM 2 4 45
W MEM 3 0 45
W MEM 3 4 45
W MEM 4 0 45
W MEM 4 4 45
W MEM 5 0 45
W MEM 5 4 45
W MEM 0 0 45
W MEM 0 4 45
W MEM 1 0 45
W MEM 1 4 45
W MEM 2 0 45
W MEM 2 4 45
W MEM 3 0 45
W MEM 3 4 45
W MEM 4 0 45
W MEM 4 4 45
W MEM 5 0 45
W MEM 5 4 45
W MEM 0 0 45
W MEM 0 4 45
W MEM 1 0 45
W MEM 1 4 45
W MEM 2 0 45
W MEM 2 4 45
W MEM 3 0 45
W MEM 3 4 45
W MEM 4 0 45
W MEM 4 4 45
W MEM 5 0 45
W MEM 5 4 45
W MEM 0 0 45
W MEM 0 4 45
W MEM 1 0 45
W MEM 1 4 45
W MEM 2 0 45
W MEM 2 4 45
W MEM 3 0 45
W MEM 3 4 45
W MEM 4 0 45
W MEM 4 4 45
W MEM 5 0 45
W MEM 5 4 45
W MEM 0 0 45
W MEM 0 4 45
W MEM 1 0 45
W MEM 1 4 45
W MEM 2 0 45
W MEM 2 4 45
W MEM 3 0 45
W MEM 3 4 45
W MEM 4 0 45
W MEM 4 4 45
W MEM 5 0 45
W MEM 5 4 45
W MEM 0 0 45
W MEM 0 4 45
W MEM 1 0 45
W MEM 1 4 45
W MEM 2 0 45
W MEM 2 4 45
W MEM 3 0 45
W MEM 3 4 45
W MEM 4 0 45
W MEM 4 4 45
W MEM 5 0 45
W MEM 5 4 45
W MEM 0 0 45
W MEM 0 4 45
W MEM 1 0 45
W MEM 1 4 45
W MEM 2 0 45
W MEM 2 4 45
W MEM 3 0 45
W MEM 3 4 45
W MEM 4 0 45
W MEM 4 4 45
W MEM 5 0 45
W MEM 5 4 45
W MEM 0 0 45
W MEM 0 4 45
W MEM 1 0 45
W MEM 1 4 45
W MEM 2 0 45
W MEM 2 4 45
W MEM 3 0 45
W MEM 3 4 45
W MEM 4 0 45
W MEM 4 4 45
W MEM 5 0 45
W MEM 5 4 45
W MEM 0 0 45
W MEM 0 4 45
W MEM 1 0 45
W MEM 1 4 45
W MEM 2 0 45
W MEM 2 4 45
W MEM 3 0 45
W MEM 3 4 45
W MEM 4 0 45
W MEM 4 4 45
W MEM 5 0 45
W MEM 5 4 45
W MEM 0 0 45
W MEM 0 4 45
W MEM 1 0 45
W MEM 1 4 45
W MEM 2 0 45
W MEM 2 4 45
W MEM 3 0 45
W MEM 3 4 45
W MEM 4 0 45
W MEM 4 4 45
W MEM 5 0 45
W MEM 5 4 45
W MEM 0 0 45
W MEM 0 4 45
W MEM 1 0 45
W MEM 1 4 45
W MEM 2 0 45
W MEM 2 4 45
W MEM 3 0 45
W MEM 3 4 45
W MEM 4 0 45
W MEM 4 4 45
W MEM 5 0 45
W MEM 5 4 45
W MEM 0 0 45
W MEM 0 4 45
W MEM 1 0 45
W MEM 1 4 45
W MEM 2 0 45
W MEM 2 4 45
W MEM 3 0 45
W MEM 3 4 45
W MEM 4 0 45
W MEM 4 4 45
W MEM 5 0 45
W MEM 5 4 45
W MEM 0 0 45
W MEM 0 4 45
W MEM 1 0 45
W MEM 1 4 45
W MEM 2 0 45
W MEM 2 4 45
W MEM 3 0 45
W MEM 3 4 45
W MEM 4 0 45
W MEM 4 4 45
W MEM 5 0 45
W MEM 5 4 45
W MEM 0 0 45
W MEM 0 4 45
W MEM 1 0 45
W MEM 1 4 45
W MEM 2 0 45
W MEM 2 4 45
W MEM 3 0 45
W MEM 3 4 45
W MEM 4 0 45
W MEM 4 4 45
W MEM 5 0 45
W MEM 5 4 45
W MEM 0 0 46
W MEM 0 4 46
W MEM 1 0 46
W MEM 1 4 46
W MEM 2 0 46
W MEM 2 4 46
W MEM 3 0 46
W MEM 3 4 46
W MEM 4 0 46
W MEM 4 4 46
W MEM 5 0 46
W MEM 5 4 46
W MEM 0 0 46
W MEM 0 4 46
W MEM 1 0 46
W MEM 1 4 46
W MEM 2 0 46
W MEM 2 4 46
W MEM 3 0 46
W MEM 3 4 46
W MEM 4 0 46
W MEM 4 4 46
W MEM 5 0 46
W MEM 5 4 46
W MEM 0 0 46
W MEM 0 4 46
W MEM 1 0 46
W MEM 1 4 46
W MEM 2 0 46
W MEM 2 4 46
W MEM 3 0 46
W MEM 3 4 46
W MEM 4 0 46
W MEM 4 4 46
W MEM 5 0 46
W MEM 5 4 46
W MEM 0 0 46
W MEM 0 4 46
W MEM 1 0 46
W MEM 1 4 46
W MEM 2 0 46
W MEM 2 4 46
W MEM 3 0 46
W MEM 3 4 46
W MEM 4 0 46
W MEM 4 4 46
W MEM 5 0 46
W MEM 5 4 46
W MEM 0 0 46
W MEM 0 4 46
W MEM 1 0 46
W MEM 1 4 46
W MEM 2 0 46
W MEM 2 4 46
W MEM 3 0 46
W MEM 3 4 46
W MEM 4 0 46
W MEM 4 4 46
W MEM 5 0 46
W MEM 5 4 46
W MEM 0 0 46
W MEM 0 4 46
W MEM 1 0 46
W MEM 1 4 46
W MEM 2 0 46
W MEM 2 4 46
W MEM 3 0 46
W MEM 3 4 46
W MEM 4 0 46
W MEM 4 4 46
W MEM 5 0 46
W MEM 5 4 46
W MEM 0 0 46
W MEM 0 4 46
W MEM 1 0 46
W MEM 1 4 46
W MEM 2 0 46
W MEM 2 4 46
W MEM 3 0 46
W MEM 3 4 46
W MEM 4 0 46
W MEM 4 4 46
W MEM 5 0 46
W MEM 5 4 46
W MEM 0 0 46
W MEM 0 4 46
W MEM 1 0 46
W MEM 1 4 46
W MEM 2 0 46
W MEM 2 4 46
W MEM 3 0 46
W MEM 3 4 46
W MEM 4 0 46
W MEM 4 4 46
W MEM 5 0 46
W MEM 5 4 46
W MEM 0 0 46
W MEM 0 4 46
W MEM 1 0 46
W MEM 1 4 46
W MEM 2 0 46
W MEM 2 4 46
W MEM 3 0 46
W MEM 3 4 46
W MEM 4 0 46
W MEM 4 4 46
W MEM 5 0 46
W MEM 5 4 46
W MEM 0 0 46
W MEM 0 4 46
W MEM 1 0 46
W MEM 1 4 46
W MEM 2 0 46
W MEM 2 4 46
W MEM 3 0 46
W MEM 3 4 46
W MEM 4 0 46
W MEM 4 4 46
W MEM 5 0 46
W MEM 5 4 46
W MEM 0 0 46
W MEM 0 4 46
W MEM 1 0 46
W MEM 1 4 46
W MEM 2 0 46
W MEM 2 4 46
W MEM 3 0 46
W MEM 3 4 46
W MEM 4 0 46
W MEM 4 4 46
W MEM 5 0 46
W MEM 5 4 46
W MEM 0 0 46
W MEM 0 4 46
W MEM 1 0 46
W MEM 1 4 46
W MEM 2 0 46
W MEM 2 4 46
W MEM 3 0 46
W MEM 3 4 46
W MEM 4 0 46
W MEM 4 4 46
W MEM 5 0 46
W MEM 5 4 46
W MEM 0 0 46
W MEM 0 4 46
W MEM 1 0 46
W MEM 1 4 46
W MEM 2 0 46
W MEM 2 4 46
W MEM 3 0 46
W MEM 3 4 46
W MEM 4 0 46
W MEM 4 4 46
W MEM 5 0 46
W MEM 5 4 46
W MEM 0 0 46
W MEM 0 4 46
W MEM 1 0 46
W MEM 1 4 46
W MEM 2 0 46
W MEM 2 4 46
W MEM 3 0 46
W MEM 3 4 46
W MEM 4 0 46
W MEM 4 4 46
W MEM 5 0 46
W MEM 5 4 46
W MEM 0 0 46
W MEM 0 4 46
W MEM 1 0 46
W MEM 1 4 46
W MEM 2 0 46
W MEM 2 4 46
W MEM 3 0 46
W MEM 3 4 46
W MEM 4 0 46
W MEM 4 4 46
W MEM 5 0 46
W MEM 5 4 46
W MEM 0 0 46
W MEM 0 4 46
W MEM 1 0 46
W MEM 1 4 46
W MEM 2 0 46
W MEM 2 4 46
W MEM 3 0 46
W MEM 3 4 46
W MEM 4 0 46
W MEM 4 4 46
W MEM 5 0 46
W MEM 5 4 46
W MEM 0 0 47
W MEM 0 4 47
W MEM 1 0 47
W MEM 1 4 47
W MEM 2 0 47
W MEM 2 4 47
W MEM 3 0 47
W MEM 3 4 47
W MEM 4 0 47
W MEM 4 4 47
W MEM 5 0 47
W MEM 5 4 47
W MEM 0 0 47
W MEM 0 4 47
W MEM 1 0 47
W MEM 1 4 47
W MEM 2 0 47
W MEM 2 4 47
W MEM 3 0 47
W MEM 3 4 47
W MEM 4 0 47
W MEM 4 4 47
W MEM 5 0 47
W MEM 5 4 47
W MEM 0 0 47
W MEM 0 4 47
W MEM 1 0 47
W MEM 1 4 47
W MEM 2 0 47
W MEM 2 4 47
W MEM 3 0 47
W MEM 3 4 47
W MEM 4 0 47
W MEM 4 4 47
W MEM 5 0 47
W MEM 5 4 47
W MEM 0 0 47
W MEM 0 4 47
W MEM 1 0 47
W MEM 1 4 47
W MEM 2 0 47
W MEM 2 4 47
W MEM 3 0 47
W MEM 3 4 47
W MEM 4 0 47
W MEM 4 4 47
W MEM 5 0 47
W MEM 5 4 47
W MEM 0 0 47
W MEM 0 4 47
W MEM 1 0 47
W MEM 1 4 47
W MEM 2 0 47
W MEM 2 4 47
W MEM 3 0 47
W MEM 3 4 47
W MEM 4 0 47
W MEM 4 4 47
W MEM 5 0 47
W MEM 5 4 47
W MEM 0 0 47
W MEM 0 4 47
W MEM 1 0 47
W MEM 1 4 47
W MEM 2 0 47
W MEM 2 4 47
W MEM 3 0 47
W MEM 3 4 47
W MEM 4 0 47
W MEM 4 4 47
W MEM 5 0 47
W MEM 5 4 47
W MEM 0 0 47
W MEM 0 4 47
W MEM 1 0 47
W MEM 1 4 47
W MEM 2 0 47
W MEM 2 4 47
W MEM 3 0 47
W MEM 3 4 47
W MEM 4 0 47
W MEM 4 4 47
W MEM 5 0 47
W MEM 5 4 47
W MEM 0 0 47
W MEM 0 4 47
W MEM 1 0 47
W MEM 1 4 47
W MEM 2 0 47
W MEM 2 4 47
W MEM 3 0 47
W MEM 3 4 47
W MEM 4 0 47
W MEM 4 4 47
W MEM 5 0 47
W MEM 5 4 47
W MEM 0 0 47
W MEM 0 4 47
W MEM 1 0 47
W MEM 1 4 47
W MEM 2 0 47
W MEM 2 4 47
W MEM 3 0 47
W MEM 3 4 47
W MEM 4 0 47
W MEM 4 4 47
W MEM 5 0 47
W MEM 5 4 47
W MEM 0 0 47
W MEM 0 4 47
W MEM 1 0 47
W MEM 1 4 47
W MEM 2 0 47
W MEM 2 4 47
W MEM 3 0 47
W MEM 3 4 47
W MEM 4 0 47
W MEM 4 4 47
W MEM 5 0 47
W MEM 5 4 47
W MEM 0 0 47
W MEM 0 4 47
W MEM 1 0 47
W MEM 1 4 47
W MEM 2 0 47
W MEM 2 4 47
W MEM 3 0 47
W MEM 3 4 47
W MEM 4 0 47
W MEM 4 4 47
W MEM 5 0 47
W MEM 5 4 47
W MEM 0 0 47
W MEM 0 4 47
W MEM 1 0 47
W MEM 1 4 47
W MEM 2 0 47
W MEM 2 4 47
W MEM 3 0 47
W MEM 3 4 47
W MEM 4 0 47
W MEM 4 4 47
W MEM 5 0 47
W MEM 5 4 47
W MEM 0 0 47
W MEM 0 4 47
W MEM 1 0 47
W MEM 1 4 47
W MEM 2 0 47
W MEM 2 4 47
W MEM 3 0 47
W MEM 3 4 47
W MEM 4 0 47
W MEM 4 4 47
W MEM 5 0 47
W MEM 5 4 47
W MEM 0 0 47
W MEM 0 4 47
W MEM 1 0 47
W MEM 1 4 47
W MEM 2 0 47
W MEM 2 4 47
W MEM 3 0 47
W MEM 3 4 47
W MEM 4 0 47
W MEM 4 4 47
W MEM 5 0 47
W MEM 5 4 47
W MEM 0 0 47
W MEM 0 4 47
W MEM 1 0 47
W MEM 1 4 47
W MEM 2 0 47
W MEM 2 4 47
W MEM 3 0 47
W MEM 3 4 47
W MEM 4 0 47
W MEM 4 4 47
W MEM 5 0 47
W MEM 5 4 47
W MEM 0 0 47
W MEM 0 4 47
W MEM 1 0 47
W MEM 1 4 47
W MEM 2 0 47
W MEM 2 4 47
W MEM 3 0 47
W MEM 3 4 47
W MEM 4 0 47
W MEM 4 4 47
W MEM 5 0 47
W MEM 5 4 47
W MEM 0 0 48
W MEM 0 4 48
W MEM 1 0 48
W MEM 1 4 48
W MEM 2 0 48
W MEM 2 4 48
W MEM 3 0 48
W MEM 3 4 48
W MEM 4 0 48
W MEM 4 4 48
W MEM 5 0 48
W MEM 5 4 48
W MEM 0 0 48
W MEM 0 4 48
W MEM 1 0 48
W MEM 1 4 48
W MEM 2 0 48
W MEM 2 4 48
W MEM 3 0 48
W MEM 3 4 48
W MEM 4 0 48
W MEM 4 4 48
W MEM 5 0 48
W MEM 5 4 48
W MEM 0 0 48
W MEM 0 4 48
W MEM 1 0 48
W MEM 1 4 48
W MEM 2 0 48
W MEM 2 4 48
W MEM 3 0 48
W MEM 3 4 48
W MEM 4 0 48
W MEM 4 4 48
W MEM 5 0 48
W MEM 5 4 48
W MEM 0 0 48
W MEM 0 4 48
W MEM 1 0 48
W MEM 1 4 48
W MEM 2 0 48
W MEM 2 4 48
W MEM 3 0 48
W MEM 3 4 48
W MEM 4 0 48
W MEM 4 4 48
W MEM 5 0 48
W MEM 5 4 48
W MEM 0 0 48
W MEM 0 4 48
W MEM 1 0 48
W MEM 1 4 48
W MEM 2 0 48
W MEM 2 4 48
W MEM 3 0 48
W MEM 3 4 48
W MEM 4 0 48
W MEM 4 4 48
W MEM 5 0 48
W MEM 5 4 48
W MEM 0 0 48
W MEM 0 4 48
W MEM 1 0 48
W MEM 1 4 48
W MEM 2 0 48
W MEM 2 4 48
W MEM 3 0 48
W MEM 3 4 48
W MEM 4 0 48
W MEM 4 4 48
W MEM 5 0 48
W MEM 5 4 48
W MEM 0 0 48
W MEM 0 4 48
W MEM 1 0 48
W MEM 1 4 48
W MEM 2 0 48
W MEM 2 4 48
W MEM 3 0 48
W MEM 3 4 48
W MEM 4 0 48
W MEM 4 4 48
W MEM 5 0 48
W MEM 5 4 48
W MEM 0 0 48
W MEM 0 4 48
W MEM 1 0 48
W MEM 1 4 48
W MEM 2 0 48
W MEM 2 4 48
W MEM 3 0 48
W MEM 3 4 48
W MEM 4 0 48
W MEM 4 4 48
W MEM 5 0 48
W MEM 5 4 48
W MEM 0 0 48
W MEM 0 4 48
W MEM 1 0 48
W MEM 1 4 48
W MEM 2 0 48
W MEM 2 4 48
W MEM 3 0 48
W MEM 3 4 48
W MEM 4 0 48
W MEM 4 4 48
W MEM 5 0 48
W MEM 5 4 48
W MEM 0 0 48
W MEM 0 4 48
W MEM 1 0 48
W MEM 1 4 48
W MEM 2 0 48
W MEM 2 4 48
W MEM 3 0 48
W MEM 3 4 48
W MEM 4 0 48
W MEM 4 4 48
W MEM 5 0 48
W MEM 5 4 48
W MEM 0 0 48
W MEM 0 4 48
W MEM 1 0 48
W MEM 1 4 48
W MEM 2 0 48
W MEM 2 4 48
W MEM 3 0 48
W MEM 3 4 48
W MEM 4 0 48
W MEM 4 4 48
W MEM 5 0 48
W MEM 5 4 48
W MEM 0 0 48
W MEM 0 4 48
W MEM 1 0 48
W MEM 1 4 48
W MEM 2 0 48
W MEM 2 4 48
W MEM 3 0 48
W MEM 3 4 48
W MEM 4 0 48
W MEM 4 4 48
W MEM 5 0 48
W MEM 5 4 48
W MEM 0 0 48
W MEM 0 4 48
W MEM 1 0 48
W MEM 1 4 48
W MEM 2 0 48
W MEM 2 4 48
W MEM 3 0 48
W MEM 3 4 48
W MEM 4 0 48
W MEM 4 4 48
W MEM 5 0 48
W MEM 5 4 48
W MEM 0 0 48
W MEM 0 4 48
W MEM 1 0 48
W MEM 1 4 48
W MEM 2 0 48
W MEM 2 4 48
W MEM 3 0 48
W MEM 3 4 48
W MEM 4 0 48
W MEM 4 4 48
W MEM 5 0 48
W MEM 5 4 48
W MEM 0 0 48
W MEM 0 4 48
W MEM 1 0 48
W MEM 1 4 48
W MEM 2 0 48
W MEM 2 4 48
W MEM 3 0 48
W MEM 3 4 48
W MEM 4 0 48
W MEM 4 4 48
W MEM 5 0 48
W MEM 5 4 48
W MEM 0 0 48
W MEM 0 4 48
W MEM 1 0 48
W MEM 1 4 48
W MEM 2 0 48
W MEM 2 4 48
W MEM 3 0 48
W MEM 3 4 48
W MEM 4 0 48
W MEM 4 4 48
W MEM 5 0 48
W MEM 5 4 48
W MEM 0 0 49
W MEM 0 4 49
W MEM 1 0 49
W MEM 1 4 49
W MEM 2 0 49
W MEM 2 4 49
W MEM 3 0 49
W MEM 3 4 49
W MEM 4 0 49
W MEM 4 4 49
W MEM 5 0 49
W MEM 5 4 49
W MEM 0 0 49
W MEM 0 4 49
W MEM 1 0 49
W MEM 1 4 49
W MEM 2 0 49
W MEM 2 4 49
W MEM 3 0 49
W MEM 3 4 49
W MEM 4 0 49
W MEM 4 4 49
W MEM 5 0 49
W MEM 5 4 49
W MEM 0 0 49
W MEM 0 4 49
W MEM 1 0 49
W MEM 1 4 49
W MEM 2 0 49
W MEM 2 4 49
W MEM 3 0 49
W MEM 3 4 49
W MEM 4 0 49
W MEM 4 4 49
W MEM 5 0 49
W MEM 5 4 49
W MEM 0 0 49
W MEM 0 4 49
W MEM 1 0 49
W MEM 1 4 49
W MEM 2 0 49
W MEM 2 4 49
W MEM 3 0 49
W MEM 3 4 49
W MEM 4 0 49
W MEM 4 4 49
W MEM 5 0 49
W MEM 5 4 49
W MEM 0 0 49
W MEM 0 4 49
W MEM 1 0 49
W MEM 1 4 49
W MEM 2 0 49
W MEM 2 4 49
W MEM 3 0 49
W MEM 3 4 49
W MEM 4 0 49
W MEM 4 4 49
W MEM 5 0 49
W MEM 5 4 49
W MEM 0 0 49
W MEM 0 4 49
W MEM 1 0 49
W MEM 1 4 49
W MEM 2 0 49
W MEM 2 4 49
W MEM 3 0 49
W MEM 3 4 49
W MEM 4 0 49
W MEM 4 4 49
W MEM 5 0 49
W MEM 5 4 49
W MEM 0 0 49
W MEM 0 4 49
W MEM 1 0 49
W MEM 1 4 49
W MEM 2 0 49
W MEM 2 4 49
W MEM 3 0 49
W MEM 3 4 49
W MEM 4 0 49
W MEM 4 4 49
W MEM 5 0 49
W MEM 5 4 49
W MEM 0 0 49
W MEM 0 4 49
W MEM 1 0 49
W MEM 1 4 49
W MEM 2 0 49
W MEM 2 4 49
W MEM 3 0 49
W MEM 3 4 49
W MEM 4 0 49
W MEM 4 4 49
W MEM 5 0 49
W MEM 5 4 49
W MEM 0 0 49
W MEM 0 4 49
W MEM 1 0 49
W MEM 1 4 49
W MEM 2 0 49
W MEM 2 4 49
W MEM 3 0 49
W MEM 3 4 49
W MEM 4 0 49
W MEM 4 4 49
W MEM 5 0 49
W MEM 5 4 49
W MEM 0 0 49
W MEM 0 4 49
W MEM 1 0 49
W MEM 1 4 49
W MEM 2 0 49
W MEM 2 4 49
W MEM 3 0 49
W MEM 3 4 49
W MEM 4 0 49
W MEM 4 4 49
W MEM 5 0 49
W MEM 5 4 49
W MEM 0 0 49
W MEM 0 4 49
W MEM 1 0 49
W MEM 1 4 49
W MEM 2 0 49
W MEM 2 4 49
W MEM 3 0 49
W MEM 3 4 49
W MEM 4 0 49
W MEM 4 4 49
W MEM 5 0 49
W MEM 5 4 49
W MEM 0 0 49
W MEM 0 4 49
W MEM 1 0 49
W MEM 1 4 49
W MEM 2 0 49
W MEM 2 4 49
W MEM 3 0 49
W MEM 3 4 49
W MEM 4 0 49
W MEM 4 4 49
W MEM 5 0 49
W MEM 5 4 49
W MEM 0 0 49
W MEM 0 4 49
W MEM 1 0 49
W MEM 1 4 49
W MEM 2 0 49
W MEM 2 4 49
W MEM 3 0 49
W MEM 3 4 49
W MEM 4 0 49
W MEM 4 4 49
W MEM 5 0 49
W MEM 5 4 49
W MEM 0 0 49
W MEM 0 4 49
W MEM 1 0 49
W MEM 1 4 49
W MEM 2 0 49
W MEM 2 4 49
W MEM 3 0 49
W MEM 3 4 49
W MEM 4 0 49
W MEM 4 4 49
W MEM 5 0 49
W MEM 5 4 49
W MEM 0 0 49
W MEM 0 4 49
W MEM 1 0 49
W MEM 1 4 49
W MEM 2 0 49
W MEM 2 4 49
W MEM 3 0 49
W MEM 3 4 49
W MEM 4 0 49
W MEM 4 4 49
W MEM 5 0 49
W MEM 5 4 49
W MEM 0 0 49
W MEM 0 4 49
W MEM 1 0 49
W MEM 1 4 49
W MEM 2 0 49
W MEM 2 4 49
W MEM 3 0 49
W MEM 3 4 49
W MEM 4 0 49
W MEM 4 4 49
W MEM 5 0 49
W MEM 5 4 49
W MEM 0 0 50
W MEM 0 4 50
W MEM 1 0 50
W MEM 1 4 50
W MEM 2 0 50
W MEM 2 4 50
W MEM 3 0 50
W MEM 3 4 50
W MEM 4 0 50
W MEM 4 4 50
W MEM 5 0 50
W MEM 5 4 50
W MEM 0 0 50
W MEM 0 4 50
W MEM 1 0 50
W MEM 1 4 50
W MEM 2 0 50
W MEM 2 4 50
W MEM 3 0 50
W MEM 3 4 50
W MEM 4 0 50
W MEM 4 4 50
W MEM 5 0 50
W MEM 5 4 50
W MEM 0 0 50
W MEM 0 4 50
W MEM 1 0 50
W MEM 1 4 50
W MEM 2 0 50
W MEM 2 4 50
W MEM 3 0 50
W MEM 3 4 50
W MEM 4 0 50
W MEM 4 4 50
W MEM 5 0 50
W MEM 5 4 50
W MEM 0 0 50
W MEM 0 4 50
W MEM 1 0 50
W MEM 1 4 50
W MEM 2 0 50
W MEM 2 4 50
W MEM 3 0 50
W MEM 3 4 50
W MEM 4 0 50
W MEM 4 4 50
W MEM 5 0 50
W MEM 5 4 50
W MEM 0 0 50
W MEM 0 4 50
W MEM 1 0 50
W MEM 1 4 50
W MEM 2 0 50
W MEM 2 4 50
W MEM 3 0 50
W MEM 3 4 50
W MEM 4 0 50
W MEM 4 4 50
W MEM 5 0 50
W MEM 5 4 50
W MEM 0 0 50
W MEM 0 4 50
W MEM 1 0 50
W MEM 1 4 50
W MEM 2 0 50
W MEM 2 4 50
W MEM 3 0 50
W MEM 3 4 50
W MEM 4 0 50
W MEM 4 4 50
W MEM 5 0 50
W MEM 5 4 50
W MEM 0 0 50
W MEM 0 4 50
W MEM 1 0 50
W MEM 1 4 50
W MEM 2 0 50
W MEM 2 4 50
W MEM 3 0 50
W MEM 3 4 50
W MEM 4 0 50
W MEM 4 4 50
W MEM 5 0 50
W MEM 5 4 50
W MEM 0 0 50
W MEM 0 4 50
W MEM 1 0 50
W MEM 1 4 50
W MEM 2 0 50
W MEM 2 4 50
W MEM 3 0 50
W MEM 3 4 50
W MEM 4 0 50
W MEM 4 4 50
W MEM 5 0 50
W MEM 5 4 50
W MEM 0 0 50
W MEM 0 4 50
W MEM 1 0 50
W MEM 1 4 50
W MEM 2 0 50
W MEM 2 4 50
W MEM 3 0 50
W MEM 3 4 50
W MEM 4 0 50
W MEM 4 4 50
W MEM 5 0 50
W MEM 5 4 50
W MEM 0 0 50
W MEM 0 4 50
W MEM 1 0 50
W MEM 1 4 50
W MEM 2 0 50
W MEM 2 4 50
W MEM 3 0 50
W MEM 3 4 50
W MEM 4 0 50
W MEM 4 4 50
W MEM 5 0 50
W MEM 5 4 50
W MEM 0 0 50
W MEM 0 4 50
W MEM 1 0 50
W MEM 1 4 50
W MEM 2 0 50
W MEM 2 4 50
W MEM 3 0 50
W MEM 3 4 50
W MEM 4 0 50
W MEM 4 4 50
W MEM 5 0 50
W MEM 5 4 50
W MEM 0 0 50
W MEM 0 4 50
W MEM 1 0 50
W MEM 1 4 50
W MEM 2 0 50
W MEM 2 4 50
W MEM 3 0 50
W MEM 3 4 50
W MEM 4 0 50
W MEM 4 4 50
W MEM 5 0 50
W MEM 5 4 50
W MEM 0 0 50
W MEM 0 4 50
W MEM 1 0 50
W MEM 1 4 50
W MEM 2 0 50
W MEM 2 4 50
W MEM 3 0 50
W MEM 3 4 50
W MEM 4 0 50
W MEM 4 4 50
W MEM 5 0 50
W MEM 5 4 50
W MEM 0 0 50
W MEM 0 4 50
W MEM 1 0 50
W MEM 1 4 50
W MEM 2 0 50
W MEM 2 4 50
W MEM 3 0 50
W MEM 3 4 50
W MEM 4 0 50
W MEM 4 4 50
W MEM 5 0 50
W MEM 5 4 50
W MEM 0 0 50
W MEM 0 4 50
W MEM 1 0 50
W MEM 1 4 50
W MEM 2 0 50
W MEM 2 4 50
W MEM 3 0 50
W MEM 3 4 50
W MEM 4 0 50
W MEM 4 4 50
W MEM 5 0 50
W MEM 5 4 50
W MEM 0 0 50
W MEM 0 4 50
W MEM 1 0 50
W MEM 1 4 50
W MEM 2 0 50
W MEM 2 4 50
W MEM 3 0 50
W MEM 3 4 50
W MEM 4 0 50
W MEM 4 4 50
W MEM 5 0 50
W MEM 5 4 50
W MEM 0 0 51
W MEM 0 4 51
W MEM 1 0 51
W MEM 1 4 51
W MEM 2 0 51
W MEM 2 4 51
W MEM 3 0 51
W MEM 3 4 51
W MEM 4 0 51
W MEM 4 4 51
W MEM 5 0 51
W MEM 5 4 51
W MEM 0 0 51
W MEM 0 4 51
W MEM 1 0 51
W MEM 1 4 51
W MEM 2 0 51
W MEM 2 4 51
W MEM 3 0 51
W MEM 3 4 51
W MEM 4 0 51
W MEM 4 4 51
W MEM 5 0 51
W MEM 5 4 51
W MEM 0 0 51
W MEM 0 4 51
W MEM 1 0 51
W MEM 1 4 51
W MEM 2 0 51
W MEM 2 4 51
W MEM 3 0 51
W MEM 3 4 51
W MEM 4 0 51
W MEM 4 4 51
W MEM 5 0 51
W MEM 5 4 51
W MEM 0 0 51
W MEM 0 4 51
W MEM 1 0 51
W MEM 1 4 51
W MEM 2 0 51
W MEM 2 4 51
W MEM 3 0 51
W MEM 3 4 51
W MEM 4 0 51
W MEM 4 4 51
W MEM 5 0 51
W MEM 5 4 51
W MEM 0 0 51
W MEM 0 4 51
W MEM 1 0 51
W MEM 1 4 51
W MEM 2 0 51
W MEM 2 4 51
W MEM 3 0 51
W MEM 3 4 51
W MEM 4 0 51
W MEM 4 4 51
W MEM 5 0 51
W MEM 5 4 51
W MEM 0 0 51
W MEM 0 4 51
W MEM 1 0 51
W MEM 1 4 51
W MEM 2 0 51
W MEM 2 4 51
W MEM 3 0 51
W MEM 3 4 51
W MEM 4 0 51
W MEM 4 4 51
W MEM 5 0 51
W MEM 5 4 51
W MEM 0 0 51
W MEM 0 4 51
W MEM 1 0 51
W MEM 1 4 51
W MEM 2 0 51
W MEM 2 4 51
W MEM 3 0 51
W MEM 3 4 51
W MEM 4 0 51
W MEM 4 4 51
W MEM 5 0 51
W MEM 5 4 51
W MEM 0 0 51
W MEM 0 4 51
W MEM 1 0 51
W MEM 1 4 51
W MEM 2 0 51
W MEM 2 4 51
W MEM 3 0 51
W MEM 3 4 51
W MEM 4 0 51
W MEM 4 4 51
W MEM 5 0 51
W MEM 5 4 51
W MEM 0 0 51
W MEM 0 4 51
W MEM 1 0 51
W MEM 1 4 51
W MEM 2 0 51
W MEM 2 4 51
W MEM 3 0 51
W MEM 3 4 51
W MEM 4 0 51
W MEM 4 4 51
W MEM 5 0 51
W MEM 5 4 51
W MEM 0 0 51
W MEM 0 4 51
W MEM 1 0 51
W MEM 1 4 51
W MEM 2 0 51
W MEM 2 4 51
W MEM 3 0 51
W MEM 3 4 51
W MEM 4 0 51
W MEM 4 4 51
W MEM 5 0 51
W MEM 5 4 51
W MEM 0 0 51
W MEM 0 4 51
W MEM 1 0 51
W MEM 1 4 51
W MEM 2 0 51
W MEM 2 4 51
W MEM 3 0 51
W MEM 3 4 51
W MEM 4 0 51
W MEM 4 4 51
W MEM 5 0 51
W MEM 5 4 51
W MEM 0 0 51
W MEM 0 4 51
W MEM 1 0 51
W MEM 1 4 51
W MEM 2 0 51
W MEM 2 4 51
W MEM 3 0 51
W MEM 3 4 51
W MEM 4 0 51
W MEM 4 4 51
W MEM 5 0 51
W MEM 5 4 51
W MEM 0 0 51
W MEM 0 4 51
W MEM 1 0 51
W MEM 1 4 51
W MEM 2 0 51
W MEM 2 4 51
W MEM 3 0 51
W MEM 3 4 51
W MEM 4 0 51
W MEM 4 4 51
W MEM 5 0 51
W MEM 5 4 51
W MEM 0 0 51
W MEM 0 4 51
W MEM 1 0 51
W MEM 1 4 51
W MEM 2 0 51
W MEM 2 4 51
W MEM 3 0 51
W MEM 3 4 51
W MEM 4 0 51
W MEM 4 4 51
W MEM 5 0 51
W MEM 5 4 51
W MEM 0 0 51
W MEM 0 4 51
W MEM 1 0 51
W MEM 1 4 51
W MEM 2 0 51
W MEM 2 4 51
W MEM 3 0 51
W MEM 3 4 51
W MEM 4 0 51
W MEM 4 4 51
W MEM 5 0 51
W MEM 5 4 51
W MEM 0 0 51
W MEM 0 4 51
W MEM 1 0 51
W MEM 1 4 51
W MEM 2 0 51
W MEM 2 4 51
W MEM 3 0 51
W MEM 3 4 51
W MEM 4 0 51
W MEM 4 4 51
W MEM 5 0 51
W MEM 5 4 51
AiM EWMUL 16 0xffffffff 36
AiM EWMUL 16 0xffffffff 37
AiM EWMUL 16 0xffffffff 38
AiM EWMUL 16 0xffffffff 39
AiM EWMUL 16 0xffffffff 40
AiM EWMUL 16 0xffffffff 41
AiM EWMUL 16 0xffffffff 42
AiM EWMUL 16 0xffffffff 43
AiM EWMUL 16 0xffffffff 44
AiM EWMUL 16 0xffffffff 45
AiM EWMUL 16 0xffffffff 46
AiM EWMUL 16 0xffffffff 47
AiM EWMUL 16 0xffffffff 48
AiM EWMUL 16 0xffffffff 49
AiM EWMUL 16 0xffffffff 50
AiM EWMUL 16 0xffffffff 51
R MEM 0 2 36
R MEM 0 6 36
R MEM 1 2 36
R MEM 1 6 36
R MEM 2 2 36
R MEM 2 6 36
R MEM 3 2 36
R MEM 3 6 36
R MEM 4 2 36
R MEM 4 6 36
R MEM 5 2 36
R MEM 5 6 36
R MEM 0 2 36
R MEM 0 6 36
R MEM 1 2 36
R MEM 1 6 36
R MEM 2 2 36
R MEM 2 6 36
R MEM 3 2 36
R MEM 3 6 36
R MEM 4 2 36
R MEM 4 6 36
R MEM 5 2 36
R MEM 5 6 36
R MEM 0 2 36
R MEM 0 6 36
R MEM 1 2 36
R MEM 1 6 36
R MEM 2 2 36
R MEM 2 6 36
R MEM 3 2 36
R MEM 3 6 36
R MEM 4 2 36
R MEM 4 6 36
R MEM 5 2 36
R MEM 5 6 36
R MEM 0 2 36
R MEM 0 6 36
R MEM 1 2 36
R MEM 1 6 36
R MEM 2 2 36
R MEM 2 6 36
R MEM 3 2 36
R MEM 3 6 36
R MEM 4 2 36
R MEM 4 6 36
R MEM 5 2 36
R MEM 5 6 36
R MEM 0 2 36
R MEM 0 6 36
R MEM 1 2 36
R MEM 1 6 36
R MEM 2 2 36
R MEM 2 6 36
R MEM 3 2 36
R MEM 3 6 36
R MEM 4 2 36
R MEM 4 6 36
R MEM 5 2 36
R MEM 5 6 36
R MEM 0 2 36
R MEM 0 6 36
R MEM 1 2 36
R MEM 1 6 36
R MEM 2 2 36
R MEM 2 6 36
R MEM 3 2 36
R MEM 3 6 36
R MEM 4 2 36
R MEM 4 6 36
R MEM 5 2 36
R MEM 5 6 36
R MEM 0 2 36
R MEM 0 6 36
R MEM 1 2 36
R MEM 1 6 36
R MEM 2 2 36
R MEM 2 6 36
R MEM 3 2 36
R MEM 3 6 36
R MEM 4 2 36
R MEM 4 6 36
R MEM 5 2 36
R MEM 5 6 36
R MEM 0 2 36
R MEM 0 6 36
R MEM 1 2 36
R MEM 1 6 36
R MEM 2 2 36
R MEM 2 6 36
R MEM 3 2 36
R MEM 3 6 36
R MEM 4 2 36
R MEM 4 6 36
R MEM 5 2 36
R MEM 5 6 36
R MEM 0 2 36
R MEM 0 6 36
R MEM 1 2 36
R MEM 1 6 36
R MEM 2 2 36
R MEM 2 6 36
R MEM 3 2 36
R MEM 3 6 36
R MEM 4 2 36
R MEM 4 6 36
R MEM 5 2 36
R MEM 5 6 36
R MEM 0 2 36
R MEM 0 6 36
R MEM 1 2 36
R MEM 1 6 36
R MEM 2 2 36
R MEM 2 6 36
R MEM 3 2 36
R MEM 3 6 36
R MEM 4 2 36
R MEM 4 6 36
R MEM 5 2 36
R MEM 5 6 36
R MEM 0 2 36
R MEM 0 6 36
R MEM 1 2 36
R MEM 1 6 36
R MEM 2 2 36
R MEM 2 6 36
R MEM 3 2 36
R MEM 3 6 36
R MEM 4 2 36
R MEM 4 6 36
R MEM 5 2 36
R MEM 5 6 36
R MEM 0 2 36
R MEM 0 6 36
R MEM 1 2 36
R MEM 1 6 36
R MEM 2 2 36
R MEM 2 6 36
R MEM 3 2 36
R MEM 3 6 36
R MEM 4 2 36
R MEM 4 6 36
R MEM 5 2 36
R MEM 5 6 36
R MEM 0 2 36
R MEM 0 6 36
R MEM 1 2 36
R MEM 1 6 36
R MEM 2 2 36
R MEM 2 6 36
R MEM 3 2 36
R MEM 3 6 36
R MEM 4 2 36
R MEM 4 6 36
R MEM 5 2 36
R MEM 5 6 36
R MEM 0 2 36
R MEM 0 6 36
R MEM 1 2 36
R MEM 1 6 36
R MEM 2 2 36
R MEM 2 6 36
R MEM 3 2 36
R MEM 3 6 36
R MEM 4 2 36
R MEM 4 6 36
R MEM 5 2 36
R MEM 5 6 36
R MEM 0 2 36
R MEM 0 6 36
R MEM 1 2 36
R MEM 1 6 36
R MEM 2 2 36
R MEM 2 6 36
R MEM 3 2 36
R MEM 3 6 36
R MEM 4 2 36
R MEM 4 6 36
R MEM 5 2 36
R MEM 5 6 36
R MEM 0 2 36
R MEM 0 6 36
R MEM 1 2 36
R MEM 1 6 36
R MEM 2 2 36
R MEM 2 6 36
R MEM 3 2 36
R MEM 3 6 36
R MEM 4 2 36
R MEM 4 6 36
R MEM 5 2 36
R MEM 5 6 36
R MEM 0 2 37
R MEM 0 6 37
R MEM 1 2 37
R MEM 1 6 37
R MEM 2 2 37
R MEM 2 6 37
R MEM 3 2 37
R MEM 3 6 37
R MEM 4 2 37
R MEM 4 6 37
R MEM 5 2 37
R MEM 5 6 37
R MEM 0 2 37
R MEM 0 6 37
R MEM 1 2 37
R MEM 1 6 37
R MEM 2 2 37
R MEM 2 6 37
R MEM 3 2 37
R MEM 3 6 37
R MEM 4 2 37
R MEM 4 6 37
R MEM 5 2 37
R MEM 5 6 37
R MEM 0 2 37
R MEM 0 6 37
R MEM 1 2 37
R MEM 1 6 37
R MEM 2 2 37
R MEM 2 6 37
R MEM 3 2 37
R MEM 3 6 37
R MEM 4 2 37
R MEM 4 6 37
R MEM 5 2 37
R MEM 5 6 37
R MEM 0 2 37
R MEM 0 6 37
R MEM 1 2 37
R MEM 1 6 37
R MEM 2 2 37
R MEM 2 6 37
R MEM 3 2 37
R MEM 3 6 37
R MEM 4 2 37
R MEM 4 6 37
R MEM 5 2 37
R MEM 5 6 37
R MEM 0 2 37
R MEM 0 6 37
R MEM 1 2 37
R MEM 1 6 37
R MEM 2 2 37
R MEM 2 6 37
R MEM 3 2 37
R MEM 3 6 37
R MEM 4 2 37
R MEM 4 6 37
R MEM 5 2 37
R MEM 5 6 37
R MEM 0 2 37
R MEM 0 6 37
R MEM 1 2 37
R MEM 1 6 37
R MEM 2 2 37
R MEM 2 6 37
R MEM 3 2 37
R MEM 3 6 37
R MEM 4 2 37
R MEM 4 6 37
R MEM 5 2 37
R MEM 5 6 37
R MEM 0 2 37
R MEM 0 6 37
R MEM 1 2 37
R MEM 1 6 37
R MEM 2 2 37
R MEM 2 6 37
R MEM 3 2 37
R MEM 3 6 37
R MEM 4 2 37
R MEM 4 6 37
R MEM 5 2 37
R MEM 5 6 37
R MEM 0 2 37
R MEM 0 6 37
R MEM 1 2 37
R MEM 1 6 37
R MEM 2 2 37
R MEM 2 6 37
R MEM 3 2 37
R MEM 3 6 37
R MEM 4 2 37
R MEM 4 6 37
R MEM 5 2 37
R MEM 5 6 37
R MEM 0 2 37
R MEM 0 6 37
R MEM 1 2 37
R MEM 1 6 37
R MEM 2 2 37
R MEM 2 6 37
R MEM 3 2 37
R MEM 3 6 37
R MEM 4 2 37
R MEM 4 6 37
R MEM 5 2 37
R MEM 5 6 37
R MEM 0 2 37
R MEM 0 6 37
R MEM 1 2 37
R MEM 1 6 37
R MEM 2 2 37
R MEM 2 6 37
R MEM 3 2 37
R MEM 3 6 37
R MEM 4 2 37
R MEM 4 6 37
R MEM 5 2 37
R MEM 5 6 37
R MEM 0 2 37
R MEM 0 6 37
R MEM 1 2 37
R MEM 1 6 37
R MEM 2 2 37
R MEM 2 6 37
R MEM 3 2 37
R MEM 3 6 37
R MEM 4 2 37
R MEM 4 6 37
R MEM 5 2 37
R MEM 5 6 37
R MEM 0 2 37
R MEM 0 6 37
R MEM 1 2 37
R MEM 1 6 37
R MEM 2 2 37
R MEM 2 6 37
R MEM 3 2 37
R MEM 3 6 37
R MEM 4 2 37
R MEM 4 6 37
R MEM 5 2 37
R MEM 5 6 37
R MEM 0 2 37
R MEM 0 6 37
R MEM 1 2 37
R MEM 1 6 37
R MEM 2 2 37
R MEM 2 6 37
R MEM 3 2 37
R MEM 3 6 37
R MEM 4 2 37
R MEM 4 6 37
R MEM 5 2 37
R MEM 5 6 37
R MEM 0 2 37
R MEM 0 6 37
R MEM 1 2 37
R MEM 1 6 37
R MEM 2 2 37
R MEM 2 6 37
R MEM 3 2 37
R MEM 3 6 37
R MEM 4 2 37
R MEM 4 6 37
R MEM 5 2 37
R MEM 5 6 37
R MEM 0 2 37
R MEM 0 6 37
R MEM 1 2 37
R MEM 1 6 37
R MEM 2 2 37
R MEM 2 6 37
R MEM 3 2 37
R MEM 3 6 37
R MEM 4 2 37
R MEM 4 6 37
R MEM 5 2 37
R MEM 5 6 37
R MEM 0 2 37
R MEM 0 6 37
R MEM 1 2 37
R MEM 1 6 37
R MEM 2 2 37
R MEM 2 6 37
R MEM 3 2 37
R MEM 3 6 37
R MEM 4 2 37
R MEM 4 6 37
R MEM 5 2 37
R MEM 5 6 37
R MEM 0 2 38
R MEM 0 6 38
R MEM 1 2 38
R MEM 1 6 38
R MEM 2 2 38
R MEM 2 6 38
R MEM 3 2 38
R MEM 3 6 38
R MEM 4 2 38
R MEM 4 6 38
R MEM 5 2 38
R MEM 5 6 38
R MEM 0 2 38
R MEM 0 6 38
R MEM 1 2 38
R MEM 1 6 38
R MEM 2 2 38
R MEM 2 6 38
R MEM 3 2 38
R MEM 3 6 38
R MEM 4 2 38
R MEM 4 6 38
R MEM 5 2 38
R MEM 5 6 38
R MEM 0 2 38
R MEM 0 6 38
R MEM 1 2 38
R MEM 1 6 38
R MEM 2 2 38
R MEM 2 6 38
R MEM 3 2 38
R MEM 3 6 38
R MEM 4 2 38
R MEM 4 6 38
R MEM 5 2 38
R MEM 5 6 38
R MEM 0 2 38
R MEM 0 6 38
R MEM 1 2 38
R MEM 1 6 38
R MEM 2 2 38
R MEM 2 6 38
R MEM 3 2 38
R MEM 3 6 38
R MEM 4 2 38
R MEM 4 6 38
R MEM 5 2 38
R MEM 5 6 38
R MEM 0 2 38
R MEM 0 6 38
R MEM 1 2 38
R MEM 1 6 38
R MEM 2 2 38
R MEM 2 6 38
R MEM 3 2 38
R MEM 3 6 38
R MEM 4 2 38
R MEM 4 6 38
R MEM 5 2 38
R MEM 5 6 38
R MEM 0 2 38
R MEM 0 6 38
R MEM 1 2 38
R MEM 1 6 38
R MEM 2 2 38
R MEM 2 6 38
R MEM 3 2 38
R MEM 3 6 38
R MEM 4 2 38
R MEM 4 6 38
R MEM 5 2 38
R MEM 5 6 38
R MEM 0 2 38
R MEM 0 6 38
R MEM 1 2 38
R MEM 1 6 38
R MEM 2 2 38
R MEM 2 6 38
R MEM 3 2 38
R MEM 3 6 38
R MEM 4 2 38
R MEM 4 6 38
R MEM 5 2 38
R MEM 5 6 38
R MEM 0 2 38
R MEM 0 6 38
R MEM 1 2 38
R MEM 1 6 38
R MEM 2 2 38
R MEM 2 6 38
R MEM 3 2 38
R MEM 3 6 38
R MEM 4 2 38
R MEM 4 6 38
R MEM 5 2 38
R MEM 5 6 38
R MEM 0 2 38
R MEM 0 6 38
R MEM 1 2 38
R MEM 1 6 38
R MEM 2 2 38
R MEM 2 6 38
R MEM 3 2 38
R MEM 3 6 38
R MEM 4 2 38
R MEM 4 6 38
R MEM 5 2 38
R MEM 5 6 38
R MEM 0 2 38
R MEM 0 6 38
R MEM 1 2 38
R MEM 1 6 38
R MEM 2 2 38
R MEM 2 6 38
R MEM 3 2 38
R MEM 3 6 38
R MEM 4 2 38
R MEM 4 6 38
R MEM 5 2 38
R MEM 5 6 38
R MEM 0 2 38
R MEM 0 6 38
R MEM 1 2 38
R MEM 1 6 38
R MEM 2 2 38
R MEM 2 6 38
R MEM 3 2 38
R MEM 3 6 38
R MEM 4 2 38
R MEM 4 6 38
R MEM 5 2 38
R MEM 5 6 38
R MEM 0 2 38
R MEM 0 6 38
R MEM 1 2 38
R MEM 1 6 38
R MEM 2 2 38
R MEM 2 6 38
R MEM 3 2 38
R MEM 3 6 38
R MEM 4 2 38
R MEM 4 6 38
R MEM 5 2 38
R MEM 5 6 38
R MEM 0 2 38
R MEM 0 6 38
R MEM 1 2 38
R MEM 1 6 38
R MEM 2 2 38
R MEM 2 6 38
R MEM 3 2 38
R MEM 3 6 38
R MEM 4 2 38
R MEM 4 6 38
R MEM 5 2 38
R MEM 5 6 38
R MEM 0 2 38
R MEM 0 6 38
R MEM 1 2 38
R MEM 1 6 38
R MEM 2 2 38
R MEM 2 6 38
R MEM 3 2 38
R MEM 3 6 38
R MEM 4 2 38
R MEM 4 6 38
R MEM 5 2 38
R MEM 5 6 38
R MEM 0 2 38
R MEM 0 6 38
R MEM 1 2 38
R MEM 1 6 38
R MEM 2 2 38
R MEM 2 6 38
R MEM 3 2 38
R MEM 3 6 38
R MEM 4 2 38
R MEM 4 6 38
R MEM 5 2 38
R MEM 5 6 38
R MEM 0 2 38
R MEM 0 6 38
R MEM 1 2 38
R MEM 1 6 38
R MEM 2 2 38
R MEM 2 6 38
R MEM 3 2 38
R MEM 3 6 38
R MEM 4 2 38
R MEM 4 6 38
R MEM 5 2 38
R MEM 5 6 38
R MEM 0 2 39
R MEM 0 6 39
R MEM 1 2 39
R MEM 1 6 39
R MEM 2 2 39
R MEM 2 6 39
R MEM 3 2 39
R MEM 3 6 39
R MEM 4 2 39
R MEM 4 6 39
R MEM 5 2 39
R MEM 5 6 39
R MEM 0 2 39
R MEM 0 6 39
R MEM 1 2 39
R MEM 1 6 39
R MEM 2 2 39
R MEM 2 6 39
R MEM 3 2 39
R MEM 3 6 39
R MEM 4 2 39
R MEM 4 6 39
R MEM 5 2 39
R MEM 5 6 39
R MEM 0 2 39
R MEM 0 6 39
R MEM 1 2 39
R MEM 1 6 39
R MEM 2 2 39
R MEM 2 6 39
R MEM 3 2 39
R MEM 3 6 39
R MEM 4 2 39
R MEM 4 6 39
R MEM 5 2 39
R MEM 5 6 39
R MEM 0 2 39
R MEM 0 6 39
R MEM 1 2 39
R MEM 1 6 39
R MEM 2 2 39
R MEM 2 6 39
R MEM 3 2 39
R MEM 3 6 39
R MEM 4 2 39
R MEM 4 6 39
R MEM 5 2 39
R MEM 5 6 39
R MEM 0 2 39
R MEM 0 6 39
R MEM 1 2 39
R MEM 1 6 39
R MEM 2 2 39
R MEM 2 6 39
R MEM 3 2 39
R MEM 3 6 39
R MEM 4 2 39
R MEM 4 6 39
R MEM 5 2 39
R MEM 5 6 39
R MEM 0 2 39
R MEM 0 6 39
R MEM 1 2 39
R MEM 1 6 39
R MEM 2 2 39
R MEM 2 6 39
R MEM 3 2 39
R MEM 3 6 39
R MEM 4 2 39
R MEM 4 6 39
R MEM 5 2 39
R MEM 5 6 39
R MEM 0 2 39
R MEM 0 6 39
R MEM 1 2 39
R MEM 1 6 39
R MEM 2 2 39
R MEM 2 6 39
R MEM 3 2 39
R MEM 3 6 39
R MEM 4 2 39
R MEM 4 6 39
R MEM 5 2 39
R MEM 5 6 39
R MEM 0 2 39
R MEM 0 6 39
R MEM 1 2 39
R MEM 1 6 39
R MEM 2 2 39
R MEM 2 6 39
R MEM 3 2 39
R MEM 3 6 39
R MEM 4 2 39
R MEM 4 6 39
R MEM 5 2 39
R MEM 5 6 39
R MEM 0 2 39
R MEM 0 6 39
R MEM 1 2 39
R MEM 1 6 39
R MEM 2 2 39
R MEM 2 6 39
R MEM 3 2 39
R MEM 3 6 39
R MEM 4 2 39
R MEM 4 6 39
R MEM 5 2 39
R MEM 5 6 39
R MEM 0 2 39
R MEM 0 6 39
R MEM 1 2 39
R MEM 1 6 39
R MEM 2 2 39
R MEM 2 6 39
R MEM 3 2 39
R MEM 3 6 39
R MEM 4 2 39
R MEM 4 6 39
R MEM 5 2 39
R MEM 5 6 39
R MEM 0 2 39
R MEM 0 6 39
R MEM 1 2 39
R MEM 1 6 39
R MEM 2 2 39
R MEM 2 6 39
R MEM 3 2 39
R MEM 3 6 39
R MEM 4 2 39
R MEM 4 6 39
R MEM 5 2 39
R MEM 5 6 39
R MEM 0 2 39
R MEM 0 6 39
R MEM 1 2 39
R MEM 1 6 39
R MEM 2 2 39
R MEM 2 6 39
R MEM 3 2 39
R MEM 3 6 39
R MEM 4 2 39
R MEM 4 6 39
R MEM 5 2 39
R MEM 5 6 39
R MEM 0 2 39
R MEM 0 6 39
R MEM 1 2 39
R MEM 1 6 39
R MEM 2 2 39
R MEM 2 6 39
R MEM 3 2 39
R MEM 3 6 39
R MEM 4 2 39
R MEM 4 6 39
R MEM 5 2 39
R MEM 5 6 39
R MEM 0 2 39
R MEM 0 6 39
R MEM 1 2 39
R MEM 1 6 39
R MEM 2 2 39
R MEM 2 6 39
R MEM 3 2 39
R MEM 3 6 39
R MEM 4 2 39
R MEM 4 6 39
R MEM 5 2 39
R MEM 5 6 39
R MEM 0 2 39
R MEM 0 6 39
R MEM 1 2 39
R MEM 1 6 39
R MEM 2 2 39
R MEM 2 6 39
R MEM 3 2 39
R MEM 3 6 39
R MEM 4 2 39
R MEM 4 6 39
R MEM 5 2 39
R MEM 5 6 39
R MEM 0 2 39
R MEM 0 6 39
R MEM 1 2 39
R MEM 1 6 39
R MEM 2 2 39
R MEM 2 6 39
R MEM 3 2 39
R MEM 3 6 39
R MEM 4 2 39
R MEM 4 6 39
R MEM 5 2 39
R MEM 5 6 39
R MEM 0 2 40
R MEM 0 6 40
R MEM 1 2 40
R MEM 1 6 40
R MEM 2 2 40
R MEM 2 6 40
R MEM 3 2 40
R MEM 3 6 40
R MEM 4 2 40
R MEM 4 6 40
R MEM 5 2 40
R MEM 5 6 40
R MEM 0 2 40
R MEM 0 6 40
R MEM 1 2 40
R MEM 1 6 40
R MEM 2 2 40
R MEM 2 6 40
R MEM 3 2 40
R MEM 3 6 40
R MEM 4 2 40
R MEM 4 6 40
R MEM 5 2 40
R MEM 5 6 40
R MEM 0 2 40
R MEM 0 6 40
R MEM 1 2 40
R MEM 1 6 40
R MEM 2 2 40
R MEM 2 6 40
R MEM 3 2 40
R MEM 3 6 40
R MEM 4 2 40
R MEM 4 6 40
R MEM 5 2 40
R MEM 5 6 40
R MEM 0 2 40
R MEM 0 6 40
R MEM 1 2 40
R MEM 1 6 40
R MEM 2 2 40
R MEM 2 6 40
R MEM 3 2 40
R MEM 3 6 40
R MEM 4 2 40
R MEM 4 6 40
R MEM 5 2 40
R MEM 5 6 40
R MEM 0 2 40
R MEM 0 6 40
R MEM 1 2 40
R MEM 1 6 40
R MEM 2 2 40
R MEM 2 6 40
R MEM 3 2 40
R MEM 3 6 40
R MEM 4 2 40
R MEM 4 6 40
R MEM 5 2 40
R MEM 5 6 40
R MEM 0 2 40
R MEM 0 6 40
R MEM 1 2 40
R MEM 1 6 40
R MEM 2 2 40
R MEM 2 6 40
R MEM 3 2 40
R MEM 3 6 40
R MEM 4 2 40
R MEM 4 6 40
R MEM 5 2 40
R MEM 5 6 40
R MEM 0 2 40
R MEM 0 6 40
R MEM 1 2 40
R MEM 1 6 40
R MEM 2 2 40
R MEM 2 6 40
R MEM 3 2 40
R MEM 3 6 40
R MEM 4 2 40
R MEM 4 6 40
R MEM 5 2 40
R MEM 5 6 40
R MEM 0 2 40
R MEM 0 6 40
R MEM 1 2 40
R MEM 1 6 40
R MEM 2 2 40
R MEM 2 6 40
R MEM 3 2 40
R MEM 3 6 40
R MEM 4 2 40
R MEM 4 6 40
R MEM 5 2 40
R MEM 5 6 40
R MEM 0 2 40
R MEM 0 6 40
R MEM 1 2 40
R MEM 1 6 40
R MEM 2 2 40
R MEM 2 6 40
R MEM 3 2 40
R MEM 3 6 40
R MEM 4 2 40
R MEM 4 6 40
R MEM 5 2 40
R MEM 5 6 40
R MEM 0 2 40
R MEM 0 6 40
R MEM 1 2 40
R MEM 1 6 40
R MEM 2 2 40
R MEM 2 6 40
R MEM 3 2 40
R MEM 3 6 40
R MEM 4 2 40
R MEM 4 6 40
R MEM 5 2 40
R MEM 5 6 40
R MEM 0 2 40
R MEM 0 6 40
R MEM 1 2 40
R MEM 1 6 40
R MEM 2 2 40
R MEM 2 6 40
R MEM 3 2 40
R MEM 3 6 40
R MEM 4 2 40
R MEM 4 6 40
R MEM 5 2 40
R MEM 5 6 40
R MEM 0 2 40
R MEM 0 6 40
R MEM 1 2 40
R MEM 1 6 40
R MEM 2 2 40
R MEM 2 6 40
R MEM 3 2 40
R MEM 3 6 40
R MEM 4 2 40
R MEM 4 6 40
R MEM 5 2 40
R MEM 5 6 40
R MEM 0 2 40
R MEM 0 6 40
R MEM 1 2 40
R MEM 1 6 40
R MEM 2 2 40
R MEM 2 6 40
R MEM 3 2 40
R MEM 3 6 40
R MEM 4 2 40
R MEM 4 6 40
R MEM 5 2 40
R MEM 5 6 40
R MEM 0 2 40
R MEM 0 6 40
R MEM 1 2 40
R MEM 1 6 40
R MEM 2 2 40
R MEM 2 6 40
R MEM 3 2 40
R MEM 3 6 40
R MEM 4 2 40
R MEM 4 6 40
R MEM 5 2 40
R MEM 5 6 40
R MEM 0 2 40
R MEM 0 6 40
R MEM 1 2 40
R MEM 1 6 40
R MEM 2 2 40
R MEM 2 6 40
R MEM 3 2 40
R MEM 3 6 40
R MEM 4 2 40
R MEM 4 6 40
R MEM 5 2 40
R MEM 5 6 40
R MEM 0 2 40
R MEM 0 6 40
R MEM 1 2 40
R MEM 1 6 40
R MEM 2 2 40
R MEM 2 6 40
R MEM 3 2 40
R MEM 3 6 40
R MEM 4 2 40
R MEM 4 6 40
R MEM 5 2 40
R MEM 5 6 40
R MEM 0 2 41
R MEM 0 6 41
R MEM 1 2 41
R MEM 1 6 41
R MEM 2 2 41
R MEM 2 6 41
R MEM 3 2 41
R MEM 3 6 41
R MEM 4 2 41
R MEM 4 6 41
R MEM 5 2 41
R MEM 5 6 41
R MEM 0 2 41
R MEM 0 6 41
R MEM 1 2 41
R MEM 1 6 41
R MEM 2 2 41
R MEM 2 6 41
R MEM 3 2 41
R MEM 3 6 41
R MEM 4 2 41
R MEM 4 6 41
R MEM 5 2 41
R MEM 5 6 41
R MEM 0 2 41
R MEM 0 6 41
R MEM 1 2 41
R MEM 1 6 41
R MEM 2 2 41
R MEM 2 6 41
R MEM 3 2 41
R MEM 3 6 41
R MEM 4 2 41
R MEM 4 6 41
R MEM 5 2 41
R MEM 5 6 41
R MEM 0 2 41
R MEM 0 6 41
R MEM 1 2 41
R MEM 1 6 41
R MEM 2 2 41
R MEM 2 6 41
R MEM 3 2 41
R MEM 3 6 41
R MEM 4 2 41
R MEM 4 6 41
R MEM 5 2 41
R MEM 5 6 41
R MEM 0 2 41
R MEM 0 6 41
R MEM 1 2 41
R MEM 1 6 41
R MEM 2 2 41
R MEM 2 6 41
R MEM 3 2 41
R MEM 3 6 41
R MEM 4 2 41
R MEM 4 6 41
R MEM 5 2 41
R MEM 5 6 41
R MEM 0 2 41
R MEM 0 6 41
R MEM 1 2 41
R MEM 1 6 41
R MEM 2 2 41
R MEM 2 6 41
R MEM 3 2 41
R MEM 3 6 41
R MEM 4 2 41
R MEM 4 6 41
R MEM 5 2 41
R MEM 5 6 41
R MEM 0 2 41
R MEM 0 6 41
R MEM 1 2 41
R MEM 1 6 41
R MEM 2 2 41
R MEM 2 6 41
R MEM 3 2 41
R MEM 3 6 41
R MEM 4 2 41
R MEM 4 6 41
R MEM 5 2 41
R MEM 5 6 41
R MEM 0 2 41
R MEM 0 6 41
R MEM 1 2 41
R MEM 1 6 41
R MEM 2 2 41
R MEM 2 6 41
R MEM 3 2 41
R MEM 3 6 41
R MEM 4 2 41
R MEM 4 6 41
R MEM 5 2 41
R MEM 5 6 41
R MEM 0 2 41
R MEM 0 6 41
R MEM 1 2 41
R MEM 1 6 41
R MEM 2 2 41
R MEM 2 6 41
R MEM 3 2 41
R MEM 3 6 41
R MEM 4 2 41
R MEM 4 6 41
R MEM 5 2 41
R MEM 5 6 41
R MEM 0 2 41
R MEM 0 6 41
R MEM 1 2 41
R MEM 1 6 41
R MEM 2 2 41
R MEM 2 6 41
R MEM 3 2 41
R MEM 3 6 41
R MEM 4 2 41
R MEM 4 6 41
R MEM 5 2 41
R MEM 5 6 41
R MEM 0 2 41
R MEM 0 6 41
R MEM 1 2 41
R MEM 1 6 41
R MEM 2 2 41
R MEM 2 6 41
R MEM 3 2 41
R MEM 3 6 41
R MEM 4 2 41
R MEM 4 6 41
R MEM 5 2 41
R MEM 5 6 41
R MEM 0 2 41
R MEM 0 6 41
R MEM 1 2 41
R MEM 1 6 41
R MEM 2 2 41
R MEM 2 6 41
R MEM 3 2 41
R MEM 3 6 41
R MEM 4 2 41
R MEM 4 6 41
R MEM 5 2 41
R MEM 5 6 41
R MEM 0 2 41
R MEM 0 6 41
R MEM 1 2 41
R MEM 1 6 41
R MEM 2 2 41
R MEM 2 6 41
R MEM 3 2 41
R MEM 3 6 41
R MEM 4 2 41
R MEM 4 6 41
R MEM 5 2 41
R MEM 5 6 41
R MEM 0 2 41
R MEM 0 6 41
R MEM 1 2 41
R MEM 1 6 41
R MEM 2 2 41
R MEM 2 6 41
R MEM 3 2 41
R MEM 3 6 41
R MEM 4 2 41
R MEM 4 6 41
R MEM 5 2 41
R MEM 5 6 41
R MEM 0 2 41
R MEM 0 6 41
R MEM 1 2 41
R MEM 1 6 41
R MEM 2 2 41
R MEM 2 6 41
R MEM 3 2 41
R MEM 3 6 41
R MEM 4 2 41
R MEM 4 6 41
R MEM 5 2 41
R MEM 5 6 41
R MEM 0 2 41
R MEM 0 6 41
R MEM 1 2 41
R MEM 1 6 41
R MEM 2 2 41
R MEM 2 6 41
R MEM 3 2 41
R MEM 3 6 41
R MEM 4 2 41
R MEM 4 6 41
R MEM 5 2 41
R MEM 5 6 41
R MEM 0 2 42
R MEM 0 6 42
R MEM 1 2 42
R MEM 1 6 42
R MEM 2 2 42
R MEM 2 6 42
R MEM 3 2 42
R MEM 3 6 42
R MEM 4 2 42
R MEM 4 6 42
R MEM 5 2 42
R MEM 5 6 42
R MEM 0 2 42
R MEM 0 6 42
R MEM 1 2 42
R MEM 1 6 42
R MEM 2 2 42
R MEM 2 6 42
R MEM 3 2 42
R MEM 3 6 42
R MEM 4 2 42
R MEM 4 6 42
R MEM 5 2 42
R MEM 5 6 42
R MEM 0 2 42
R MEM 0 6 42
R MEM 1 2 42
R MEM 1 6 42
R MEM 2 2 42
R MEM 2 6 42
R MEM 3 2 42
R MEM 3 6 42
R MEM 4 2 42
R MEM 4 6 42
R MEM 5 2 42
R MEM 5 6 42
R MEM 0 2 42
R MEM 0 6 42
R MEM 1 2 42
R MEM 1 6 42
R MEM 2 2 42
R MEM 2 6 42
R MEM 3 2 42
R MEM 3 6 42
R MEM 4 2 42
R MEM 4 6 42
R MEM 5 2 42
R MEM 5 6 42
R MEM 0 2 42
R MEM 0 6 42
R MEM 1 2 42
R MEM 1 6 42
R MEM 2 2 42
R MEM 2 6 42
R MEM 3 2 42
R MEM 3 6 42
R MEM 4 2 42
R MEM 4 6 42
R MEM 5 2 42
R MEM 5 6 42
R MEM 0 2 42
R MEM 0 6 42
R MEM 1 2 42
R MEM 1 6 42
R MEM 2 2 42
R MEM 2 6 42
R MEM 3 2 42
R MEM 3 6 42
R MEM 4 2 42
R MEM 4 6 42
R MEM 5 2 42
R MEM 5 6 42
R MEM 0 2 42
R MEM 0 6 42
R MEM 1 2 42
R MEM 1 6 42
R MEM 2 2 42
R MEM 2 6 42
R MEM 3 2 42
R MEM 3 6 42
R MEM 4 2 42
R MEM 4 6 42
R MEM 5 2 42
R MEM 5 6 42
R MEM 0 2 42
R MEM 0 6 42
R MEM 1 2 42
R MEM 1 6 42
R MEM 2 2 42
R MEM 2 6 42
R MEM 3 2 42
R MEM 3 6 42
R MEM 4 2 42
R MEM 4 6 42
R MEM 5 2 42
R MEM 5 6 42
R MEM 0 2 42
R MEM 0 6 42
R MEM 1 2 42
R MEM 1 6 42
R MEM 2 2 42
R MEM 2 6 42
R MEM 3 2 42
R MEM 3 6 42
R MEM 4 2 42
R MEM 4 6 42
R MEM 5 2 42
R MEM 5 6 42
R MEM 0 2 42
R MEM 0 6 42
R MEM 1 2 42
R MEM 1 6 42
R MEM 2 2 42
R MEM 2 6 42
R MEM 3 2 42
R MEM 3 6 42
R MEM 4 2 42
R MEM 4 6 42
R MEM 5 2 42
R MEM 5 6 42
R MEM 0 2 42
R MEM 0 6 42
R MEM 1 2 42
R MEM 1 6 42
R MEM 2 2 42
R MEM 2 6 42
R MEM 3 2 42
R MEM 3 6 42
R MEM 4 2 42
R MEM 4 6 42
R MEM 5 2 42
R MEM 5 6 42
R MEM 0 2 42
R MEM 0 6 42
R MEM 1 2 42
R MEM 1 6 42
R MEM 2 2 42
R MEM 2 6 42
R MEM 3 2 42
R MEM 3 6 42
R MEM 4 2 42
R MEM 4 6 42
R MEM 5 2 42
R MEM 5 6 42
R MEM 0 2 42
R MEM 0 6 42
R MEM 1 2 42
R MEM 1 6 42
R MEM 2 2 42
R MEM 2 6 42
R MEM 3 2 42
R MEM 3 6 42
R MEM 4 2 42
R MEM 4 6 42
R MEM 5 2 42
R MEM 5 6 42
R MEM 0 2 42
R MEM 0 6 42
R MEM 1 2 42
R MEM 1 6 42
R MEM 2 2 42
R MEM 2 6 42
R MEM 3 2 42
R MEM 3 6 42
R MEM 4 2 42
R MEM 4 6 42
R MEM 5 2 42
R MEM 5 6 42
R MEM 0 2 42
R MEM 0 6 42
R MEM 1 2 42
R MEM 1 6 42
R MEM 2 2 42
R MEM 2 6 42
R MEM 3 2 42
R MEM 3 6 42
R MEM 4 2 42
R MEM 4 6 42
R MEM 5 2 42
R MEM 5 6 42
R MEM 0 2 42
R MEM 0 6 42
R MEM 1 2 42
R MEM 1 6 42
R MEM 2 2 42
R MEM 2 6 42
R MEM 3 2 42
R MEM 3 6 42
R MEM 4 2 42
R MEM 4 6 42
R MEM 5 2 42
R MEM 5 6 42
R MEM 0 2 43
R MEM 0 6 43
R MEM 1 2 43
R MEM 1 6 43
R MEM 2 2 43
R MEM 2 6 43
R MEM 3 2 43
R MEM 3 6 43
R MEM 4 2 43
R MEM 4 6 43
R MEM 5 2 43
R MEM 5 6 43
R MEM 0 2 43
R MEM 0 6 43
R MEM 1 2 43
R MEM 1 6 43
R MEM 2 2 43
R MEM 2 6 43
R MEM 3 2 43
R MEM 3 6 43
R MEM 4 2 43
R MEM 4 6 43
R MEM 5 2 43
R MEM 5 6 43
R MEM 0 2 43
R MEM 0 6 43
R MEM 1 2 43
R MEM 1 6 43
R MEM 2 2 43
R MEM 2 6 43
R MEM 3 2 43
R MEM 3 6 43
R MEM 4 2 43
R MEM 4 6 43
R MEM 5 2 43
R MEM 5 6 43
R MEM 0 2 43
R MEM 0 6 43
R MEM 1 2 43
R MEM 1 6 43
R MEM 2 2 43
R MEM 2 6 43
R MEM 3 2 43
R MEM 3 6 43
R MEM 4 2 43
R MEM 4 6 43
R MEM 5 2 43
R MEM 5 6 43
R MEM 0 2 43
R MEM 0 6 43
R MEM 1 2 43
R MEM 1 6 43
R MEM 2 2 43
R MEM 2 6 43
R MEM 3 2 43
R MEM 3 6 43
R MEM 4 2 43
R MEM 4 6 43
R MEM 5 2 43
R MEM 5 6 43
R MEM 0 2 43
R MEM 0 6 43
R MEM 1 2 43
R MEM 1 6 43
R MEM 2 2 43
R MEM 2 6 43
R MEM 3 2 43
R MEM 3 6 43
R MEM 4 2 43
R MEM 4 6 43
R MEM 5 2 43
R MEM 5 6 43
R MEM 0 2 43
R MEM 0 6 43
R MEM 1 2 43
R MEM 1 6 43
R MEM 2 2 43
R MEM 2 6 43
R MEM 3 2 43
R MEM 3 6 43
R MEM 4 2 43
R MEM 4 6 43
R MEM 5 2 43
R MEM 5 6 43
R MEM 0 2 43
R MEM 0 6 43
R MEM 1 2 43
R MEM 1 6 43
R MEM 2 2 43
R MEM 2 6 43
R MEM 3 2 43
R MEM 3 6 43
R MEM 4 2 43
R MEM 4 6 43
R MEM 5 2 43
R MEM 5 6 43
R MEM 0 2 43
R MEM 0 6 43
R MEM 1 2 43
R MEM 1 6 43
R MEM 2 2 43
R MEM 2 6 43
R MEM 3 2 43
R MEM 3 6 43
R MEM 4 2 43
R MEM 4 6 43
R MEM 5 2 43
R MEM 5 6 43
R MEM 0 2 43
R MEM 0 6 43
R MEM 1 2 43
R MEM 1 6 43
R MEM 2 2 43
R MEM 2 6 43
R MEM 3 2 43
R MEM 3 6 43
R MEM 4 2 43
R MEM 4 6 43
R MEM 5 2 43
R MEM 5 6 43
R MEM 0 2 43
R MEM 0 6 43
R MEM 1 2 43
R MEM 1 6 43
R MEM 2 2 43
R MEM 2 6 43
R MEM 3 2 43
R MEM 3 6 43
R MEM 4 2 43
R MEM 4 6 43
R MEM 5 2 43
R MEM 5 6 43
R MEM 0 2 43
R MEM 0 6 43
R MEM 1 2 43
R MEM 1 6 43
R MEM 2 2 43
R MEM 2 6 43
R MEM 3 2 43
R MEM 3 6 43
R MEM 4 2 43
R MEM 4 6 43
R MEM 5 2 43
R MEM 5 6 43
R MEM 0 2 43
R MEM 0 6 43
R MEM 1 2 43
R MEM 1 6 43
R MEM 2 2 43
R MEM 2 6 43
R MEM 3 2 43
R MEM 3 6 43
R MEM 4 2 43
R MEM 4 6 43
R MEM 5 2 43
R MEM 5 6 43
R MEM 0 2 43
R MEM 0 6 43
R MEM 1 2 43
R MEM 1 6 43
R MEM 2 2 43
R MEM 2 6 43
R MEM 3 2 43
R MEM 3 6 43
R MEM 4 2 43
R MEM 4 6 43
R MEM 5 2 43
R MEM 5 6 43
R MEM 0 2 43
R MEM 0 6 43
R MEM 1 2 43
R MEM 1 6 43
R MEM 2 2 43
R MEM 2 6 43
R MEM 3 2 43
R MEM 3 6 43
R MEM 4 2 43
R MEM 4 6 43
R MEM 5 2 43
R MEM 5 6 43
R MEM 0 2 43
R MEM 0 6 43
R MEM 1 2 43
R MEM 1 6 43
R MEM 2 2 43
R MEM 2 6 43
R MEM 3 2 43
R MEM 3 6 43
R MEM 4 2 43
R MEM 4 6 43
R MEM 5 2 43
R MEM 5 6 43
R MEM 0 2 44
R MEM 0 6 44
R MEM 1 2 44
R MEM 1 6 44
R MEM 2 2 44
R MEM 2 6 44
R MEM 3 2 44
R MEM 3 6 44
R MEM 4 2 44
R MEM 4 6 44
R MEM 5 2 44
R MEM 5 6 44
R MEM 0 2 44
R MEM 0 6 44
R MEM 1 2 44
R MEM 1 6 44
R MEM 2 2 44
R MEM 2 6 44
R MEM 3 2 44
R MEM 3 6 44
R MEM 4 2 44
R MEM 4 6 44
R MEM 5 2 44
R MEM 5 6 44
R MEM 0 2 44
R MEM 0 6 44
R MEM 1 2 44
R MEM 1 6 44
R MEM 2 2 44
R MEM 2 6 44
R MEM 3 2 44
R MEM 3 6 44
R MEM 4 2 44
R MEM 4 6 44
R MEM 5 2 44
R MEM 5 6 44
R MEM 0 2 44
R MEM 0 6 44
R MEM 1 2 44
R MEM 1 6 44
R MEM 2 2 44
R MEM 2 6 44
R MEM 3 2 44
R MEM 3 6 44
R MEM 4 2 44
R MEM 4 6 44
R MEM 5 2 44
R MEM 5 6 44
R MEM 0 2 44
R MEM 0 6 44
R MEM 1 2 44
R MEM 1 6 44
R MEM 2 2 44
R MEM 2 6 44
R MEM 3 2 44
R MEM 3 6 44
R MEM 4 2 44
R MEM 4 6 44
R MEM 5 2 44
R MEM 5 6 44
R MEM 0 2 44
R MEM 0 6 44
R MEM 1 2 44
R MEM 1 6 44
R MEM 2 2 44
R MEM 2 6 44
R MEM 3 2 44
R MEM 3 6 44
R MEM 4 2 44
R MEM 4 6 44
R MEM 5 2 44
R MEM 5 6 44
R MEM 0 2 44
R MEM 0 6 44
R MEM 1 2 44
R MEM 1 6 44
R MEM 2 2 44
R MEM 2 6 44
R MEM 3 2 44
R MEM 3 6 44
R MEM 4 2 44
R MEM 4 6 44
R MEM 5 2 44
R MEM 5 6 44
R MEM 0 2 44
R MEM 0 6 44
R MEM 1 2 44
R MEM 1 6 44
R MEM 2 2 44
R MEM 2 6 44
R MEM 3 2 44
R MEM 3 6 44
R MEM 4 2 44
R MEM 4 6 44
R MEM 5 2 44
R MEM 5 6 44
R MEM 0 2 44
R MEM 0 6 44
R MEM 1 2 44
R MEM 1 6 44
R MEM 2 2 44
R MEM 2 6 44
R MEM 3 2 44
R MEM 3 6 44
R MEM 4 2 44
R MEM 4 6 44
R MEM 5 2 44
R MEM 5 6 44
R MEM 0 2 44
R MEM 0 6 44
R MEM 1 2 44
R MEM 1 6 44
R MEM 2 2 44
R MEM 2 6 44
R MEM 3 2 44
R MEM 3 6 44
R MEM 4 2 44
R MEM 4 6 44
R MEM 5 2 44
R MEM 5 6 44
R MEM 0 2 44
R MEM 0 6 44
R MEM 1 2 44
R MEM 1 6 44
R MEM 2 2 44
R MEM 2 6 44
R MEM 3 2 44
R MEM 3 6 44
R MEM 4 2 44
R MEM 4 6 44
R MEM 5 2 44
R MEM 5 6 44
R MEM 0 2 44
R MEM 0 6 44
R MEM 1 2 44
R MEM 1 6 44
R MEM 2 2 44
R MEM 2 6 44
R MEM 3 2 44
R MEM 3 6 44
R MEM 4 2 44
R MEM 4 6 44
R MEM 5 2 44
R MEM 5 6 44
R MEM 0 2 44
R MEM 0 6 44
R MEM 1 2 44
R MEM 1 6 44
R MEM 2 2 44
R MEM 2 6 44
R MEM 3 2 44
R MEM 3 6 44
R MEM 4 2 44
R MEM 4 6 44
R MEM 5 2 44
R MEM 5 6 44
R MEM 0 2 44
R MEM 0 6 44
R MEM 1 2 44
R MEM 1 6 44
R MEM 2 2 44
R MEM 2 6 44
R MEM 3 2 44
R MEM 3 6 44
R MEM 4 2 44
R MEM 4 6 44
R MEM 5 2 44
R MEM 5 6 44
R MEM 0 2 44
R MEM 0 6 44
R MEM 1 2 44
R MEM 1 6 44
R MEM 2 2 44
R MEM 2 6 44
R MEM 3 2 44
R MEM 3 6 44
R MEM 4 2 44
R MEM 4 6 44
R MEM 5 2 44
R MEM 5 6 44
R MEM 0 2 44
R MEM 0 6 44
R MEM 1 2 44
R MEM 1 6 44
R MEM 2 2 44
R MEM 2 6 44
R MEM 3 2 44
R MEM 3 6 44
R MEM 4 2 44
R MEM 4 6 44
R MEM 5 2 44
R MEM 5 6 44
R MEM 0 2 45
R MEM 0 6 45
R MEM 1 2 45
R MEM 1 6 45
R MEM 2 2 45
R MEM 2 6 45
R MEM 3 2 45
R MEM 3 6 45
R MEM 4 2 45
R MEM 4 6 45
R MEM 5 2 45
R MEM 5 6 45
R MEM 0 2 45
R MEM 0 6 45
R MEM 1 2 45
R MEM 1 6 45
R MEM 2 2 45
R MEM 2 6 45
R MEM 3 2 45
R MEM 3 6 45
R MEM 4 2 45
R MEM 4 6 45
R MEM 5 2 45
R MEM 5 6 45
R MEM 0 2 45
R MEM 0 6 45
R MEM 1 2 45
R MEM 1 6 45
R MEM 2 2 45
R MEM 2 6 45
R MEM 3 2 45
R MEM 3 6 45
R MEM 4 2 45
R MEM 4 6 45
R MEM 5 2 45
R MEM 5 6 45
R MEM 0 2 45
R MEM 0 6 45
R MEM 1 2 45
R MEM 1 6 45
R MEM 2 2 45
R MEM 2 6 45
R MEM 3 2 45
R MEM 3 6 45
R MEM 4 2 45
R MEM 4 6 45
R MEM 5 2 45
R MEM 5 6 45
R MEM 0 2 45
R MEM 0 6 45
R MEM 1 2 45
R MEM 1 6 45
R MEM 2 2 45
R MEM 2 6 45
R MEM 3 2 45
R MEM 3 6 45
R MEM 4 2 45
R MEM 4 6 45
R MEM 5 2 45
R MEM 5 6 45
R MEM 0 2 45
R MEM 0 6 45
R MEM 1 2 45
R MEM 1 6 45
R MEM 2 2 45
R MEM 2 6 45
R MEM 3 2 45
R MEM 3 6 45
R MEM 4 2 45
R MEM 4 6 45
R MEM 5 2 45
R MEM 5 6 45
R MEM 0 2 45
R MEM 0 6 45
R MEM 1 2 45
R MEM 1 6 45
R MEM 2 2 45
R MEM 2 6 45
R MEM 3 2 45
R MEM 3 6 45
R MEM 4 2 45
R MEM 4 6 45
R MEM 5 2 45
R MEM 5 6 45
R MEM 0 2 45
R MEM 0 6 45
R MEM 1 2 45
R MEM 1 6 45
R MEM 2 2 45
R MEM 2 6 45
R MEM 3 2 45
R MEM 3 6 45
R MEM 4 2 45
R MEM 4 6 45
R MEM 5 2 45
R MEM 5 6 45
R MEM 0 2 45
R MEM 0 6 45
R MEM 1 2 45
R MEM 1 6 45
R MEM 2 2 45
R MEM 2 6 45
R MEM 3 2 45
R MEM 3 6 45
R MEM 4 2 45
R MEM 4 6 45
R MEM 5 2 45
R MEM 5 6 45
R MEM 0 2 45
R MEM 0 6 45
R MEM 1 2 45
R MEM 1 6 45
R MEM 2 2 45
R MEM 2 6 45
R MEM 3 2 45
R MEM 3 6 45
R MEM 4 2 45
R MEM 4 6 45
R MEM 5 2 45
R MEM 5 6 45
R MEM 0 2 45
R MEM 0 6 45
R MEM 1 2 45
R MEM 1 6 45
R MEM 2 2 45
R MEM 2 6 45
R MEM 3 2 45
R MEM 3 6 45
R MEM 4 2 45
R MEM 4 6 45
R MEM 5 2 45
R MEM 5 6 45
R MEM 0 2 45
R MEM 0 6 45
R MEM 1 2 45
R MEM 1 6 45
R MEM 2 2 45
R MEM 2 6 45
R MEM 3 2 45
R MEM 3 6 45
R MEM 4 2 45
R MEM 4 6 45
R MEM 5 2 45
R MEM 5 6 45
R MEM 0 2 45
R MEM 0 6 45
R MEM 1 2 45
R MEM 1 6 45
R MEM 2 2 45
R MEM 2 6 45
R MEM 3 2 45
R MEM 3 6 45
R MEM 4 2 45
R MEM 4 6 45
R MEM 5 2 45
R MEM 5 6 45
R MEM 0 2 45
R MEM 0 6 45
R MEM 1 2 45
R MEM 1 6 45
R MEM 2 2 45
R MEM 2 6 45
R MEM 3 2 45
R MEM 3 6 45
R MEM 4 2 45
R MEM 4 6 45
R MEM 5 2 45
R MEM 5 6 45
R MEM 0 2 45
R MEM 0 6 45
R MEM 1 2 45
R MEM 1 6 45
R MEM 2 2 45
R MEM 2 6 45
R MEM 3 2 45
R MEM 3 6 45
R MEM 4 2 45
R MEM 4 6 45
R MEM 5 2 45
R MEM 5 6 45
R MEM 0 2 45
R MEM 0 6 45
R MEM 1 2 45
R MEM 1 6 45
R MEM 2 2 45
R MEM 2 6 45
R MEM 3 2 45
R MEM 3 6 45
R MEM 4 2 45
R MEM 4 6 45
R MEM 5 2 45
R MEM 5 6 45
R MEM 0 2 46
R MEM 0 6 46
R MEM 1 2 46
R MEM 1 6 46
R MEM 2 2 46
R MEM 2 6 46
R MEM 3 2 46
R MEM 3 6 46
R MEM 4 2 46
R MEM 4 6 46
R MEM 5 2 46
R MEM 5 6 46
R MEM 0 2 46
R MEM 0 6 46
R MEM 1 2 46
R MEM 1 6 46
R MEM 2 2 46
R MEM 2 6 46
R MEM 3 2 46
R MEM 3 6 46
R MEM 4 2 46
R MEM 4 6 46
R MEM 5 2 46
R MEM 5 6 46
R MEM 0 2 46
R MEM 0 6 46
R MEM 1 2 46
R MEM 1 6 46
R MEM 2 2 46
R MEM 2 6 46
R MEM 3 2 46
R MEM 3 6 46
R MEM 4 2 46
R MEM 4 6 46
R MEM 5 2 46
R MEM 5 6 46
R MEM 0 2 46
R MEM 0 6 46
R MEM 1 2 46
R MEM 1 6 46
R MEM 2 2 46
R MEM 2 6 46
R MEM 3 2 46
R MEM 3 6 46
R MEM 4 2 46
R MEM 4 6 46
R MEM 5 2 46
R MEM 5 6 46
R MEM 0 2 46
R MEM 0 6 46
R MEM 1 2 46
R MEM 1 6 46
R MEM 2 2 46
R MEM 2 6 46
R MEM 3 2 46
R MEM 3 6 46
R MEM 4 2 46
R MEM 4 6 46
R MEM 5 2 46
R MEM 5 6 46
R MEM 0 2 46
R MEM 0 6 46
R MEM 1 2 46
R MEM 1 6 46
R MEM 2 2 46
R MEM 2 6 46
R MEM 3 2 46
R MEM 3 6 46
R MEM 4 2 46
R MEM 4 6 46
R MEM 5 2 46
R MEM 5 6 46
R MEM 0 2 46
R MEM 0 6 46
R MEM 1 2 46
R MEM 1 6 46
R MEM 2 2 46
R MEM 2 6 46
R MEM 3 2 46
R MEM 3 6 46
R MEM 4 2 46
R MEM 4 6 46
R MEM 5 2 46
R MEM 5 6 46
R MEM 0 2 46
R MEM 0 6 46
R MEM 1 2 46
R MEM 1 6 46
R MEM 2 2 46
R MEM 2 6 46
R MEM 3 2 46
R MEM 3 6 46
R MEM 4 2 46
R MEM 4 6 46
R MEM 5 2 46
R MEM 5 6 46
R MEM 0 2 46
R MEM 0 6 46
R MEM 1 2 46
R MEM 1 6 46
R MEM 2 2 46
R MEM 2 6 46
R MEM 3 2 46
R MEM 3 6 46
R MEM 4 2 46
R MEM 4 6 46
R MEM 5 2 46
R MEM 5 6 46
R MEM 0 2 46
R MEM 0 6 46
R MEM 1 2 46
R MEM 1 6 46
R MEM 2 2 46
R MEM 2 6 46
R MEM 3 2 46
R MEM 3 6 46
R MEM 4 2 46
R MEM 4 6 46
R MEM 5 2 46
R MEM 5 6 46
R MEM 0 2 46
R MEM 0 6 46
R MEM 1 2 46
R MEM 1 6 46
R MEM 2 2 46
R MEM 2 6 46
R MEM 3 2 46
R MEM 3 6 46
R MEM 4 2 46
R MEM 4 6 46
R MEM 5 2 46
R MEM 5 6 46
R MEM 0 2 46
R MEM 0 6 46
R MEM 1 2 46
R MEM 1 6 46
R MEM 2 2 46
R MEM 2 6 46
R MEM 3 2 46
R MEM 3 6 46
R MEM 4 2 46
R MEM 4 6 46
R MEM 5 2 46
R MEM 5 6 46
R MEM 0 2 46
R MEM 0 6 46
R MEM 1 2 46
R MEM 1 6 46
R MEM 2 2 46
R MEM 2 6 46
R MEM 3 2 46
R MEM 3 6 46
R MEM 4 2 46
R MEM 4 6 46
R MEM 5 2 46
R MEM 5 6 46
R MEM 0 2 46
R MEM 0 6 46
R MEM 1 2 46
R MEM 1 6 46
R MEM 2 2 46
R MEM 2 6 46
R MEM 3 2 46
R MEM 3 6 46
R MEM 4 2 46
R MEM 4 6 46
R MEM 5 2 46
R MEM 5 6 46
R MEM 0 2 46
R MEM 0 6 46
R MEM 1 2 46
R MEM 1 6 46
R MEM 2 2 46
R MEM 2 6 46
R MEM 3 2 46
R MEM 3 6 46
R MEM 4 2 46
R MEM 4 6 46
R MEM 5 2 46
R MEM 5 6 46
R MEM 0 2 46
R MEM 0 6 46
R MEM 1 2 46
R MEM 1 6 46
R MEM 2 2 46
R MEM 2 6 46
R MEM 3 2 46
R MEM 3 6 46
R MEM 4 2 46
R MEM 4 6 46
R MEM 5 2 46
R MEM 5 6 46
R MEM 0 2 47
R MEM 0 6 47
R MEM 1 2 47
R MEM 1 6 47
R MEM 2 2 47
R MEM 2 6 47
R MEM 3 2 47
R MEM 3 6 47
R MEM 4 2 47
R MEM 4 6 47
R MEM 5 2 47
R MEM 5 6 47
R MEM 0 2 47
R MEM 0 6 47
R MEM 1 2 47
R MEM 1 6 47
R MEM 2 2 47
R MEM 2 6 47
R MEM 3 2 47
R MEM 3 6 47
R MEM 4 2 47
R MEM 4 6 47
R MEM 5 2 47
R MEM 5 6 47
R MEM 0 2 47
R MEM 0 6 47
R MEM 1 2 47
R MEM 1 6 47
R MEM 2 2 47
R MEM 2 6 47
R MEM 3 2 47
R MEM 3 6 47
R MEM 4 2 47
R MEM 4 6 47
R MEM 5 2 47
R MEM 5 6 47
R MEM 0 2 47
R MEM 0 6 47
R MEM 1 2 47
R MEM 1 6 47
R MEM 2 2 47
R MEM 2 6 47
R MEM 3 2 47
R MEM 3 6 47
R MEM 4 2 47
R MEM 4 6 47
R MEM 5 2 47
R MEM 5 6 47
R MEM 0 2 47
R MEM 0 6 47
R MEM 1 2 47
R MEM 1 6 47
R MEM 2 2 47
R MEM 2 6 47
R MEM 3 2 47
R MEM 3 6 47
R MEM 4 2 47
R MEM 4 6 47
R MEM 5 2 47
R MEM 5 6 47
R MEM 0 2 47
R MEM 0 6 47
R MEM 1 2 47
R MEM 1 6 47
R MEM 2 2 47
R MEM 2 6 47
R MEM 3 2 47
R MEM 3 6 47
R MEM 4 2 47
R MEM 4 6 47
R MEM 5 2 47
R MEM 5 6 47
R MEM 0 2 47
R MEM 0 6 47
R MEM 1 2 47
R MEM 1 6 47
R MEM 2 2 47
R MEM 2 6 47
R MEM 3 2 47
R MEM 3 6 47
R MEM 4 2 47
R MEM 4 6 47
R MEM 5 2 47
R MEM 5 6 47
R MEM 0 2 47
R MEM 0 6 47
R MEM 1 2 47
R MEM 1 6 47
R MEM 2 2 47
R MEM 2 6 47
R MEM 3 2 47
R MEM 3 6 47
R MEM 4 2 47
R MEM 4 6 47
R MEM 5 2 47
R MEM 5 6 47
R MEM 0 2 47
R MEM 0 6 47
R MEM 1 2 47
R MEM 1 6 47
R MEM 2 2 47
R MEM 2 6 47
R MEM 3 2 47
R MEM 3 6 47
R MEM 4 2 47
R MEM 4 6 47
R MEM 5 2 47
R MEM 5 6 47
R MEM 0 2 47
R MEM 0 6 47
R MEM 1 2 47
R MEM 1 6 47
R MEM 2 2 47
R MEM 2 6 47
R MEM 3 2 47
R MEM 3 6 47
R MEM 4 2 47
R MEM 4 6 47
R MEM 5 2 47
R MEM 5 6 47
R MEM 0 2 47
R MEM 0 6 47
R MEM 1 2 47
R MEM 1 6 47
R MEM 2 2 47
R MEM 2 6 47
R MEM 3 2 47
R MEM 3 6 47
R MEM 4 2 47
R MEM 4 6 47
R MEM 5 2 47
R MEM 5 6 47
R MEM 0 2 47
R MEM 0 6 47
R MEM 1 2 47
R MEM 1 6 47
R MEM 2 2 47
R MEM 2 6 47
R MEM 3 2 47
R MEM 3 6 47
R MEM 4 2 47
R MEM 4 6 47
R MEM 5 2 47
R MEM 5 6 47
R MEM 0 2 47
R MEM 0 6 47
R MEM 1 2 47
R MEM 1 6 47
R MEM 2 2 47
R MEM 2 6 47
R MEM 3 2 47
R MEM 3 6 47
R MEM 4 2 47
R MEM 4 6 47
R MEM 5 2 47
R MEM 5 6 47
R MEM 0 2 47
R MEM 0 6 47
R MEM 1 2 47
R MEM 1 6 47
R MEM 2 2 47
R MEM 2 6 47
R MEM 3 2 47
R MEM 3 6 47
R MEM 4 2 47
R MEM 4 6 47
R MEM 5 2 47
R MEM 5 6 47
R MEM 0 2 47
R MEM 0 6 47
R MEM 1 2 47
R MEM 1 6 47
R MEM 2 2 47
R MEM 2 6 47
R MEM 3 2 47
R MEM 3 6 47
R MEM 4 2 47
R MEM 4 6 47
R MEM 5 2 47
R MEM 5 6 47
R MEM 0 2 47
R MEM 0 6 47
R MEM 1 2 47
R MEM 1 6 47
R MEM 2 2 47
R MEM 2 6 47
R MEM 3 2 47
R MEM 3 6 47
R MEM 4 2 47
R MEM 4 6 47
R MEM 5 2 47
R MEM 5 6 47
R MEM 0 2 48
R MEM 0 6 48
R MEM 1 2 48
R MEM 1 6 48
R MEM 2 2 48
R MEM 2 6 48
R MEM 3 2 48
R MEM 3 6 48
R MEM 4 2 48
R MEM 4 6 48
R MEM 5 2 48
R MEM 5 6 48
R MEM 0 2 48
R MEM 0 6 48
R MEM 1 2 48
R MEM 1 6 48
R MEM 2 2 48
R MEM 2 6 48
R MEM 3 2 48
R MEM 3 6 48
R MEM 4 2 48
R MEM 4 6 48
R MEM 5 2 48
R MEM 5 6 48
R MEM 0 2 48
R MEM 0 6 48
R MEM 1 2 48
R MEM 1 6 48
R MEM 2 2 48
R MEM 2 6 48
R MEM 3 2 48
R MEM 3 6 48
R MEM 4 2 48
R MEM 4 6 48
R MEM 5 2 48
R MEM 5 6 48
R MEM 0 2 48
R MEM 0 6 48
R MEM 1 2 48
R MEM 1 6 48
R MEM 2 2 48
R MEM 2 6 48
R MEM 3 2 48
R MEM 3 6 48
R MEM 4 2 48
R MEM 4 6 48
R MEM 5 2 48
R MEM 5 6 48
R MEM 0 2 48
R MEM 0 6 48
R MEM 1 2 48
R MEM 1 6 48
R MEM 2 2 48
R MEM 2 6 48
R MEM 3 2 48
R MEM 3 6 48
R MEM 4 2 48
R MEM 4 6 48
R MEM 5 2 48
R MEM 5 6 48
R MEM 0 2 48
R MEM 0 6 48
R MEM 1 2 48
R MEM 1 6 48
R MEM 2 2 48
R MEM 2 6 48
R MEM 3 2 48
R MEM 3 6 48
R MEM 4 2 48
R MEM 4 6 48
R MEM 5 2 48
R MEM 5 6 48
R MEM 0 2 48
R MEM 0 6 48
R MEM 1 2 48
R MEM 1 6 48
R MEM 2 2 48
R MEM 2 6 48
R MEM 3 2 48
R MEM 3 6 48
R MEM 4 2 48
R MEM 4 6 48
R MEM 5 2 48
R MEM 5 6 48
R MEM 0 2 48
R MEM 0 6 48
R MEM 1 2 48
R MEM 1 6 48
R MEM 2 2 48
R MEM 2 6 48
R MEM 3 2 48
R MEM 3 6 48
R MEM 4 2 48
R MEM 4 6 48
R MEM 5 2 48
R MEM 5 6 48
R MEM 0 2 48
R MEM 0 6 48
R MEM 1 2 48
R MEM 1 6 48
R MEM 2 2 48
R MEM 2 6 48
R MEM 3 2 48
R MEM 3 6 48
R MEM 4 2 48
R MEM 4 6 48
R MEM 5 2 48
R MEM 5 6 48
R MEM 0 2 48
R MEM 0 6 48
R MEM 1 2 48
R MEM 1 6 48
R MEM 2 2 48
R MEM 2 6 48
R MEM 3 2 48
R MEM 3 6 48
R MEM 4 2 48
R MEM 4 6 48
R MEM 5 2 48
R MEM 5 6 48
R MEM 0 2 48
R MEM 0 6 48
R MEM 1 2 48
R MEM 1 6 48
R MEM 2 2 48
R MEM 2 6 48
R MEM 3 2 48
R MEM 3 6 48
R MEM 4 2 48
R MEM 4 6 48
R MEM 5 2 48
R MEM 5 6 48
R MEM 0 2 48
R MEM 0 6 48
R MEM 1 2 48
R MEM 1 6 48
R MEM 2 2 48
R MEM 2 6 48
R MEM 3 2 48
R MEM 3 6 48
R MEM 4 2 48
R MEM 4 6 48
R MEM 5 2 48
R MEM 5 6 48
R MEM 0 2 48
R MEM 0 6 48
R MEM 1 2 48
R MEM 1 6 48
R MEM 2 2 48
R MEM 2 6 48
R MEM 3 2 48
R MEM 3 6 48
R MEM 4 2 48
R MEM 4 6 48
R MEM 5 2 48
R MEM 5 6 48
R MEM 0 2 48
R MEM 0 6 48
R MEM 1 2 48
R MEM 1 6 48
R MEM 2 2 48
R MEM 2 6 48
R MEM 3 2 48
R MEM 3 6 48
R MEM 4 2 48
R MEM 4 6 48
R MEM 5 2 48
R MEM 5 6 48
R MEM 0 2 48
R MEM 0 6 48
R MEM 1 2 48
R MEM 1 6 48
R MEM 2 2 48
R MEM 2 6 48
R MEM 3 2 48
R MEM 3 6 48
R MEM 4 2 48
R MEM 4 6 48
R MEM 5 2 48
R MEM 5 6 48
R MEM 0 2 48
R MEM 0 6 48
R MEM 1 2 48
R MEM 1 6 48
R MEM 2 2 48
R MEM 2 6 48
R MEM 3 2 48
R MEM 3 6 48
R MEM 4 2 48
R MEM 4 6 48
R MEM 5 2 48
R MEM 5 6 48
R MEM 0 2 49
R MEM 0 6 49
R MEM 1 2 49
R MEM 1 6 49
R MEM 2 2 49
R MEM 2 6 49
R MEM 3 2 49
R MEM 3 6 49
R MEM 4 2 49
R MEM 4 6 49
R MEM 5 2 49
R MEM 5 6 49
R MEM 0 2 49
R MEM 0 6 49
R MEM 1 2 49
R MEM 1 6 49
R MEM 2 2 49
R MEM 2 6 49
R MEM 3 2 49
R MEM 3 6 49
R MEM 4 2 49
R MEM 4 6 49
R MEM 5 2 49
R MEM 5 6 49
R MEM 0 2 49
R MEM 0 6 49
R MEM 1 2 49
R MEM 1 6 49
R MEM 2 2 49
R MEM 2 6 49
R MEM 3 2 49
R MEM 3 6 49
R MEM 4 2 49
R MEM 4 6 49
R MEM 5 2 49
R MEM 5 6 49
R MEM 0 2 49
R MEM 0 6 49
R MEM 1 2 49
R MEM 1 6 49
R MEM 2 2 49
R MEM 2 6 49
R MEM 3 2 49
R MEM 3 6 49
R MEM 4 2 49
R MEM 4 6 49
R MEM 5 2 49
R MEM 5 6 49
R MEM 0 2 49
R MEM 0 6 49
R MEM 1 2 49
R MEM 1 6 49
R MEM 2 2 49
R MEM 2 6 49
R MEM 3 2 49
R MEM 3 6 49
R MEM 4 2 49
R MEM 4 6 49
R MEM 5 2 49
R MEM 5 6 49
R MEM 0 2 49
R MEM 0 6 49
R MEM 1 2 49
R MEM 1 6 49
R MEM 2 2 49
R MEM 2 6 49
R MEM 3 2 49
R MEM 3 6 49
R MEM 4 2 49
R MEM 4 6 49
R MEM 5 2 49
R MEM 5 6 49
R MEM 0 2 49
R MEM 0 6 49
R MEM 1 2 49
R MEM 1 6 49
R MEM 2 2 49
R MEM 2 6 49
R MEM 3 2 49
R MEM 3 6 49
R MEM 4 2 49
R MEM 4 6 49
R MEM 5 2 49
R MEM 5 6 49
R MEM 0 2 49
R MEM 0 6 49
R MEM 1 2 49
R MEM 1 6 49
R MEM 2 2 49
R MEM 2 6 49
R MEM 3 2 49
R MEM 3 6 49
R MEM 4 2 49
R MEM 4 6 49
R MEM 5 2 49
R MEM 5 6 49
R MEM 0 2 49
R MEM 0 6 49
R MEM 1 2 49
R MEM 1 6 49
R MEM 2 2 49
R MEM 2 6 49
R MEM 3 2 49
R MEM 3 6 49
R MEM 4 2 49
R MEM 4 6 49
R MEM 5 2 49
R MEM 5 6 49
R MEM 0 2 49
R MEM 0 6 49
R MEM 1 2 49
R MEM 1 6 49
R MEM 2 2 49
R MEM 2 6 49
R MEM 3 2 49
R MEM 3 6 49
R MEM 4 2 49
R MEM 4 6 49
R MEM 5 2 49
R MEM 5 6 49
R MEM 0 2 49
R MEM 0 6 49
R MEM 1 2 49
R MEM 1 6 49
R MEM 2 2 49
R MEM 2 6 49
R MEM 3 2 49
R MEM 3 6 49
R MEM 4 2 49
R MEM 4 6 49
R MEM 5 2 49
R MEM 5 6 49
R MEM 0 2 49
R MEM 0 6 49
R MEM 1 2 49
R MEM 1 6 49
R MEM 2 2 49
R MEM 2 6 49
R MEM 3 2 49
R MEM 3 6 49
R MEM 4 2 49
R MEM 4 6 49
R MEM 5 2 49
R MEM 5 6 49
R MEM 0 2 49
R MEM 0 6 49
R MEM 1 2 49
R MEM 1 6 49
R MEM 2 2 49
R MEM 2 6 49
R MEM 3 2 49
R MEM 3 6 49
R MEM 4 2 49
R MEM 4 6 49
R MEM 5 2 49
R MEM 5 6 49
R MEM 0 2 49
R MEM 0 6 49
R MEM 1 2 49
R MEM 1 6 49
R MEM 2 2 49
R MEM 2 6 49
R MEM 3 2 49
R MEM 3 6 49
R MEM 4 2 49
R MEM 4 6 49
R MEM 5 2 49
R MEM 5 6 49
R MEM 0 2 49
R MEM 0 6 49
R MEM 1 2 49
R MEM 1 6 49
R MEM 2 2 49
R MEM 2 6 49
R MEM 3 2 49
R MEM 3 6 49
R MEM 4 2 49
R MEM 4 6 49
R MEM 5 2 49
R MEM 5 6 49
R MEM 0 2 49
R MEM 0 6 49
R MEM 1 2 49
R MEM 1 6 49
R MEM 2 2 49
R MEM 2 6 49
R MEM 3 2 49
R MEM 3 6 49
R MEM 4 2 49
R MEM 4 6 49
R MEM 5 2 49
R MEM 5 6 49
R MEM 0 2 50
R MEM 0 6 50
R MEM 1 2 50
R MEM 1 6 50
R MEM 2 2 50
R MEM 2 6 50
R MEM 3 2 50
R MEM 3 6 50
R MEM 4 2 50
R MEM 4 6 50
R MEM 5 2 50
R MEM 5 6 50
R MEM 0 2 50
R MEM 0 6 50
R MEM 1 2 50
R MEM 1 6 50
R MEM 2 2 50
R MEM 2 6 50
R MEM 3 2 50
R MEM 3 6 50
R MEM 4 2 50
R MEM 4 6 50
R MEM 5 2 50
R MEM 5 6 50
R MEM 0 2 50
R MEM 0 6 50
R MEM 1 2 50
R MEM 1 6 50
R MEM 2 2 50
R MEM 2 6 50
R MEM 3 2 50
R MEM 3 6 50
R MEM 4 2 50
R MEM 4 6 50
R MEM 5 2 50
R MEM 5 6 50
R MEM 0 2 50
R MEM 0 6 50
R MEM 1 2 50
R MEM 1 6 50
R MEM 2 2 50
R MEM 2 6 50
R MEM 3 2 50
R MEM 3 6 50
R MEM 4 2 50
R MEM 4 6 50
R MEM 5 2 50
R MEM 5 6 50
R MEM 0 2 50
R MEM 0 6 50
R MEM 1 2 50
R MEM 1 6 50
R MEM 2 2 50
R MEM 2 6 50
R MEM 3 2 50
R MEM 3 6 50
R MEM 4 2 50
R MEM 4 6 50
R MEM 5 2 50
R MEM 5 6 50
R MEM 0 2 50
R MEM 0 6 50
R MEM 1 2 50
R MEM 1 6 50
R MEM 2 2 50
R MEM 2 6 50
R MEM 3 2 50
R MEM 3 6 50
R MEM 4 2 50
R MEM 4 6 50
R MEM 5 2 50
R MEM 5 6 50
R MEM 0 2 50
R MEM 0 6 50
R MEM 1 2 50
R MEM 1 6 50
R MEM 2 2 50
R MEM 2 6 50
R MEM 3 2 50
R MEM 3 6 50
R MEM 4 2 50
R MEM 4 6 50
R MEM 5 2 50
R MEM 5 6 50
R MEM 0 2 50
R MEM 0 6 50
R MEM 1 2 50
R MEM 1 6 50
R MEM 2 2 50
R MEM 2 6 50
R MEM 3 2 50
R MEM 3 6 50
R MEM 4 2 50
R MEM 4 6 50
R MEM 5 2 50
R MEM 5 6 50
R MEM 0 2 50
R MEM 0 6 50
R MEM 1 2 50
R MEM 1 6 50
R MEM 2 2 50
R MEM 2 6 50
R MEM 3 2 50
R MEM 3 6 50
R MEM 4 2 50
R MEM 4 6 50
R MEM 5 2 50
R MEM 5 6 50
R MEM 0 2 50
R MEM 0 6 50
R MEM 1 2 50
R MEM 1 6 50
R MEM 2 2 50
R MEM 2 6 50
R MEM 3 2 50
R MEM 3 6 50
R MEM 4 2 50
R MEM 4 6 50
R MEM 5 2 50
R MEM 5 6 50
R MEM 0 2 50
R MEM 0 6 50
R MEM 1 2 50
R MEM 1 6 50
R MEM 2 2 50
R MEM 2 6 50
R MEM 3 2 50
R MEM 3 6 50
R MEM 4 2 50
R MEM 4 6 50
R MEM 5 2 50
R MEM 5 6 50
R MEM 0 2 50
R MEM 0 6 50
R MEM 1 2 50
R MEM 1 6 50
R MEM 2 2 50
R MEM 2 6 50
R MEM 3 2 50
R MEM 3 6 50
R MEM 4 2 50
R MEM 4 6 50
R MEM 5 2 50
R MEM 5 6 50
R MEM 0 2 50
R MEM 0 6 50
R MEM 1 2 50
R MEM 1 6 50
R MEM 2 2 50
R MEM 2 6 50
R MEM 3 2 50
R MEM 3 6 50
R MEM 4 2 50
R MEM 4 6 50
R MEM 5 2 50
R MEM 5 6 50
R MEM 0 2 50
R MEM 0 6 50
R MEM 1 2 50
R MEM 1 6 50
R MEM 2 2 50
R MEM 2 6 50
R MEM 3 2 50
R MEM 3 6 50
R MEM 4 2 50
R MEM 4 6 50
R MEM 5 2 50
R MEM 5 6 50
R MEM 0 2 50
R MEM 0 6 50
R MEM 1 2 50
R MEM 1 6 50
R MEM 2 2 50
R MEM 2 6 50
R MEM 3 2 50
R MEM 3 6 50
R MEM 4 2 50
R MEM 4 6 50
R MEM 5 2 50
R MEM 5 6 50
R MEM 0 2 50
R MEM 0 6 50
R MEM 1 2 50
R MEM 1 6 50
R MEM 2 2 50
R MEM 2 6 50
R MEM 3 2 50
R MEM 3 6 50
R MEM 4 2 50
R MEM 4 6 50
R MEM 5 2 50
R MEM 5 6 50
R MEM 0 2 51
R MEM 0 6 51
R MEM 1 2 51
R MEM 1 6 51
R MEM 2 2 51
R MEM 2 6 51
R MEM 3 2 51
R MEM 3 6 51
R MEM 4 2 51
R MEM 4 6 51
R MEM 5 2 51
R MEM 5 6 51
R MEM 0 2 51
R MEM 0 6 51
R MEM 1 2 51
R MEM 1 6 51
R MEM 2 2 51
R MEM 2 6 51
R MEM 3 2 51
R MEM 3 6 51
R MEM 4 2 51
R MEM 4 6 51
R MEM 5 2 51
R MEM 5 6 51
R MEM 0 2 51
R MEM 0 6 51
R MEM 1 2 51
R MEM 1 6 51
R MEM 2 2 51
R MEM 2 6 51
R MEM 3 2 51
R MEM 3 6 51
R MEM 4 2 51
R MEM 4 6 51
R MEM 5 2 51
R MEM 5 6 51
R MEM 0 2 51
R MEM 0 6 51
R MEM 1 2 51
R MEM 1 6 51
R MEM 2 2 51
R MEM 2 6 51
R MEM 3 2 51
R MEM 3 6 51
R MEM 4 2 51
R MEM 4 6 51
R MEM 5 2 51
R MEM 5 6 51
R MEM 0 2 51
R MEM 0 6 51
R MEM 1 2 51
R MEM 1 6 51
R MEM 2 2 51
R MEM 2 6 51
R MEM 3 2 51
R MEM 3 6 51
R MEM 4 2 51
R MEM 4 6 51
R MEM 5 2 51
R MEM 5 6 51
R MEM 0 2 51
R MEM 0 6 51
R MEM 1 2 51
R MEM 1 6 51
R MEM 2 2 51
R MEM 2 6 51
R MEM 3 2 51
R MEM 3 6 51
R MEM 4 2 51
R MEM 4 6 51
R MEM 5 2 51
R MEM 5 6 51
R MEM 0 2 51
R MEM 0 6 51
R MEM 1 2 51
R MEM 1 6 51
R MEM 2 2 51
R MEM 2 6 51
R MEM 3 2 51
R MEM 3 6 51
R MEM 4 2 51
R MEM 4 6 51
R MEM 5 2 51
R MEM 5 6 51
R MEM 0 2 51
R MEM 0 6 51
R MEM 1 2 51
R MEM 1 6 51
R MEM 2 2 51
R MEM 2 6 51
R MEM 3 2 51
R MEM 3 6 51
R MEM 4 2 51
R MEM 4 6 51
R MEM 5 2 51
R MEM 5 6 51
R MEM 0 2 51
R MEM 0 6 51
R MEM 1 2 51
R MEM 1 6 51
R MEM 2 2 51
R MEM 2 6 51
R MEM 3 2 51
R MEM 3 6 51
R MEM 4 2 51
R MEM 4 6 51
R MEM 5 2 51
R MEM 5 6 51
R MEM 0 2 51
R MEM 0 6 51
R MEM 1 2 51
R MEM 1 6 51
R MEM 2 2 51
R MEM 2 6 51
R MEM 3 2 51
R MEM 3 6 51
R MEM 4 2 51
R MEM 4 6 51
R MEM 5 2 51
R MEM 5 6 51
R MEM 0 2 51
R MEM 0 6 51
R MEM 1 2 51
R MEM 1 6 51
R MEM 2 2 51
R MEM 2 6 51
R MEM 3 2 51
R MEM 3 6 51
R MEM 4 2 51
R MEM 4 6 51
R MEM 5 2 51
R MEM 5 6 51
R MEM 0 2 51
R MEM 0 6 51
R MEM 1 2 51
R MEM 1 6 51
R MEM 2 2 51
R MEM 2 6 51
R MEM 3 2 51
R MEM 3 6 51
R MEM 4 2 51
R MEM 4 6 51
R MEM 5 2 51
R MEM 5 6 51
R MEM 0 2 51
R MEM 0 6 51
R MEM 1 2 51
R MEM 1 6 51
R MEM 2 2 51
R MEM 2 6 51
R MEM 3 2 51
R MEM 3 6 51
R MEM 4 2 51
R MEM 4 6 51
R MEM 5 2 51
R MEM 5 6 51
R MEM 0 2 51
R MEM 0 6 51
R MEM 1 2 51
R MEM 1 6 51
R MEM 2 2 51
R MEM 2 6 51
R MEM 3 2 51
R MEM 3 6 51
R MEM 4 2 51
R MEM 4 6 51
R MEM 5 2 51
R MEM 5 6 51
R MEM 0 2 51
R MEM 0 6 51
R MEM 1 2 51
R MEM 1 6 51
R MEM 2 2 51
R MEM 2 6 51
R MEM 3 2 51
R MEM 3 6 51
R MEM 4 2 51
R MEM 4 6 51
R MEM 5 2 51
R MEM 5 6 51
R MEM 0 2 51
R MEM 0 6 51
R MEM 1 2 51
R MEM 1 6 51
R MEM 2 2 51
R MEM 2 6 51
R MEM 3 2 51
R MEM 3 6 51
R MEM 4 2 51
R MEM 4 6 51
R MEM 5 2 51
R MEM 5 6 51
