schedule,phase,sample_step,token_index,layer,device,device_type,n_ops,ops_repr,schedule_sum_s,measured_s,measured_key,measured_step,measured_mode,schedule_sum_scaled_s,measured_scaled_s,delta_s,ratio,delta_scaled_s,ratio_scaled
heft_prefill-1024xdecode_128_ops_trace.csv,prefill,-1,-1,0,GPU0,npu,26,"LN:-1,Q:0,Q:1,K:0,K:1,V:0,V:1,QK:0,QK:1,Softmax:0,Softmax:1,SV:0,SV:1,O:0,O:1,Add:-1,LN:-1,FFN_W1:0,FFN_W3:0,FFN_W1:1,FFN_W3:1,SwiGLU:0,SwiGLU:1,FFN_W2:0,FFN_W2:1,Add:-1",0.07692537072727951,0.004368179321289063,npu|prefill|-1|0dcd1718e40c0ca622f960dfe34b1859,-1,sample_step,0.07692537072727951,0.004368179321289063,-0.07255719140599044,0.05678463788982438,-0.07255719140599044,0.05678463788982438
heft_prefill-1024xdecode_128_ops_trace.csv,prefill,-1,-1,1,GPU0,npu,26,"LN:-1,Q:0,Q:1,K:0,K:1,V:0,V:1,QK:0,QK:1,Softmax:0,Softmax:1,SV:0,SV:1,O:0,O:1,Add:-1,LN:-1,FFN_W1:0,FFN_W3:0,FFN_W1:1,FFN_W3:1,SwiGLU:0,SwiGLU:1,FFN_W2:0,FFN_W2:1,Add:-1",0.0769253707272796,0.004368179321289063,npu|prefill|-1|0dcd1718e40c0ca622f960dfe34b1859,-1,sample_step,0.0769253707272796,0.004368179321289063,-0.07255719140599054,0.0567846378898243,-0.07255719140599054,0.0567846378898243
heft_prefill-1024xdecode_128_ops_trace.csv,prefill,-1,-1,2,GPU0,npu,26,"LN:-1,Q:0,Q:1,K:0,K:1,V:0,V:1,QK:0,QK:1,Softmax:0,Softmax:1,SV:0,SV:1,O:0,O:1,Add:-1,LN:-1,FFN_W1:0,FFN_W3:0,FFN_W1:1,FFN_W3:1,SwiGLU:0,SwiGLU:1,FFN_W2:0,FFN_W2:1,Add:-1",0.0769253707272796,0.004368179321289063,npu|prefill|-1|0dcd1718e40c0ca622f960dfe34b1859,-1,sample_step,0.0769253707272796,0.004368179321289063,-0.07255719140599054,0.0567846378898243,-0.07255719140599054,0.0567846378898243
heft_prefill-1024xdecode_128_ops_trace.csv,prefill,-1,-1,3,GPU0,npu,26,"LN:-1,Q:0,Q:1,K:0,K:1,V:0,V:1,QK:0,QK:1,Softmax:0,Softmax:1,SV:0,SV:1,O:0,O:1,Add:-1,LN:-1,FFN_W1:0,FFN_W3:0,FFN_W1:1,FFN_W3:1,SwiGLU:0,SwiGLU:1,FFN_W2:0,FFN_W2:1,Add:-1",0.0769253707272794,0.004368179321289063,npu|prefill|-1|0dcd1718e40c0ca622f960dfe34b1859,-1,sample_step,0.0769253707272794,0.004368179321289063,-0.07255719140599033,0.056784637889824456,-0.07255719140599033,0.056784637889824456
heft_prefill-1024xdecode_128_ops_trace.csv,prefill,-1,-1,4,GPU0,npu,26,"LN:-1,Q:0,Q:1,K:0,K:1,V:0,V:1,QK:0,QK:1,Softmax:0,Softmax:1,SV:0,SV:1,O:0,O:1,Add:-1,LN:-1,FFN_W1:0,FFN_W3:0,FFN_W1:1,FFN_W3:1,SwiGLU:0,SwiGLU:1,FFN_W2:0,FFN_W2:1,Add:-1",0.0769253707272794,0.004368179321289063,npu|prefill|-1|0dcd1718e40c0ca622f960dfe34b1859,-1,sample_step,0.0769253707272794,0.004368179321289063,-0.07255719140599033,0.056784637889824456,-0.07255719140599033,0.056784637889824456
heft_prefill-1024xdecode_128_ops_trace.csv,prefill,-1,-1,5,GPU0,npu,26,"LN:-1,Q:0,Q:1,K:0,K:1,V:0,V:1,QK:0,QK:1,Softmax:0,Softmax:1,SV:0,SV:1,O:0,O:1,Add:-1,LN:-1,FFN_W1:0,FFN_W3:0,FFN_W1:1,FFN_W3:1,SwiGLU:0,SwiGLU:1,FFN_W2:0,FFN_W2:1,Add:-1",0.0769253707272794,0.004368179321289063,npu|prefill|-1|0dcd1718e40c0ca622f960dfe34b1859,-1,sample_step,0.0769253707272794,0.004368179321289063,-0.07255719140599033,0.056784637889824456,-0.07255719140599033,0.056784637889824456
heft_prefill-1024xdecode_128_ops_trace.csv,prefill,-1,-1,6,GPU0,npu,26,"LN:-1,Q:0,Q:1,K:0,K:1,V:0,V:1,QK:0,QK:1,Softmax:0,Softmax:1,SV:0,SV:1,O:0,O:1,Add:-1,LN:-1,FFN_W1:0,FFN_W3:0,FFN_W1:1,FFN_W3:1,SwiGLU:0,SwiGLU:1,FFN_W2:0,FFN_W2:1,Add:-1",0.07692537072727909,0.004368179321289063,npu|prefill|-1|0dcd1718e40c0ca622f960dfe34b1859,-1,sample_step,0.07692537072727909,0.004368179321289063,-0.07255719140599003,0.056784637889824685,-0.07255719140599003,0.056784637889824685
heft_prefill-1024xdecode_128_ops_trace.csv,prefill,-1,-1,7,GPU0,npu,26,"LN:-1,Q:0,Q:1,K:0,K:1,V:0,V:1,QK:0,QK:1,Softmax:0,Softmax:1,SV:0,SV:1,O:0,O:1,Add:-1,LN:-1,FFN_W1:0,FFN_W3:0,FFN_W1:1,FFN_W3:1,SwiGLU:0,SwiGLU:1,FFN_W2:0,FFN_W2:1,Add:-1",0.076925370727279,0.004368179321289063,npu|prefill|-1|0dcd1718e40c0ca622f960dfe34b1859,-1,sample_step,0.076925370727279,0.004368179321289063,-0.07255719140598993,0.056784637889824754,-0.07255719140598993,0.056784637889824754
heft_prefill-1024xdecode_128_ops_trace.csv,prefill,-1,-1,8,GPU0,npu,26,"LN:-1,Q:0,Q:1,K:0,K:1,V:0,V:1,QK:0,QK:1,Softmax:0,Softmax:1,SV:0,SV:1,O:0,O:1,Add:-1,LN:-1,FFN_W1:0,FFN_W3:0,FFN_W1:1,FFN_W3:1,SwiGLU:0,SwiGLU:1,FFN_W2:0,FFN_W2:1,Add:-1",0.076925370727279,0.004368179321289063,npu|prefill|-1|0dcd1718e40c0ca622f960dfe34b1859,-1,sample_step,0.076925370727279,0.004368179321289063,-0.07255719140598993,0.056784637889824754,-0.07255719140598993,0.056784637889824754
heft_prefill-1024xdecode_128_ops_trace.csv,prefill,-1,-1,9,GPU0,npu,26,"LN:-1,Q:0,Q:1,K:0,K:1,V:0,V:1,QK:0,QK:1,Softmax:0,Softmax:1,SV:0,SV:1,O:0,O:1,Add:-1,LN:-1,FFN_W1:0,FFN_W3:0,FFN_W1:1,FFN_W3:1,SwiGLU:0,SwiGLU:1,FFN_W2:0,FFN_W2:1,Add:-1",0.076925370727279,0.004368179321289063,npu|prefill|-1|0dcd1718e40c0ca622f960dfe34b1859,-1,sample_step,0.076925370727279,0.004368179321289063,-0.07255719140598993,0.056784637889824754,-0.07255719140598993,0.056784637889824754
heft_prefill-1024xdecode_128_ops_trace.csv,prefill,-1,-1,10,GPU0,npu,26,"LN:-1,Q:0,Q:1,K:0,K:1,V:0,V:1,QK:0,QK:1,Softmax:0,Softmax:1,SV:0,SV:1,O:0,O:1,Add:-1,LN:-1,FFN_W1:0,FFN_W3:0,FFN_W1:1,FFN_W3:1,SwiGLU:0,SwiGLU:1,FFN_W2:0,FFN_W2:1,Add:-1",0.076925370727279,0.004368179321289063,npu|prefill|-1|0dcd1718e40c0ca622f960dfe34b1859,-1,sample_step,0.076925370727279,0.004368179321289063,-0.07255719140598993,0.056784637889824754,-0.07255719140598993,0.056784637889824754
heft_prefill-1024xdecode_128_ops_trace.csv,prefill,-1,-1,11,GPU0,npu,26,"LN:-1,Q:0,Q:1,K:0,K:1,V:0,V:1,QK:0,QK:1,Softmax:0,Softmax:1,SV:0,SV:1,O:0,O:1,Add:-1,LN:-1,FFN_W1:0,FFN_W3:0,FFN_W1:1,FFN_W3:1,SwiGLU:0,SwiGLU:1,FFN_W2:0,FFN_W2:1,Add:-1",0.076925370727279,0.004368179321289063,npu|prefill|-1|0dcd1718e40c0ca622f960dfe34b1859,-1,sample_step,0.076925370727279,0.004368179321289063,-0.07255719140598993,0.056784637889824754,-0.07255719140598993,0.056784637889824754
heft_prefill-1024xdecode_128_ops_trace.csv,prefill,-1,-1,12,GPU0,npu,26,"LN:-1,Q:0,Q:1,K:0,K:1,V:0,V:1,QK:0,QK:1,Softmax:0,Softmax:1,SV:0,SV:1,O:0,O:1,Add:-1,LN:-1,FFN_W1:0,FFN_W3:0,FFN_W1:1,FFN_W3:1,SwiGLU:0,SwiGLU:1,FFN_W2:0,FFN_W2:1,Add:-1",0.07692537072727879,0.004368179321289063,npu|prefill|-1|0dcd1718e40c0ca622f960dfe34b1859,-1,sample_step,0.07692537072727879,0.004368179321289063,-0.07255719140598972,0.05678463788982491,-0.07255719140598972,0.05678463788982491
heft_prefill-1024xdecode_128_ops_trace.csv,prefill,-1,-1,13,GPU0,npu,26,"LN:-1,Q:0,Q:1,K:0,K:1,V:0,V:1,QK:0,QK:1,Softmax:0,Softmax:1,SV:0,SV:1,O:0,O:1,Add:-1,LN:-1,FFN_W1:0,FFN_W3:0,FFN_W1:1,FFN_W3:1,SwiGLU:0,SwiGLU:1,FFN_W2:0,FFN_W2:1,Add:-1",0.07692537072728,0.004368179321289063,npu|prefill|-1|0dcd1718e40c0ca622f960dfe34b1859,-1,sample_step,0.07692537072728,0.004368179321289063,-0.07255719140599094,0.056784637889824005,-0.07255719140599094,0.056784637889824005
heft_prefill-1024xdecode_128_ops_trace.csv,prefill,-1,-1,14,GPU0,npu,26,"LN:-1,Q:0,Q:1,K:0,K:1,V:0,V:1,QK:0,QK:1,Softmax:0,Softmax:1,SV:0,SV:1,O:0,O:1,Add:-1,LN:-1,FFN_W1:0,FFN_W3:0,FFN_W1:1,FFN_W3:1,SwiGLU:0,SwiGLU:1,FFN_W2:0,FFN_W2:1,Add:-1",0.07692537072728,0.004368179321289063,npu|prefill|-1|0dcd1718e40c0ca622f960dfe34b1859,-1,sample_step,0.07692537072728,0.004368179321289063,-0.07255719140599094,0.056784637889824005,-0.07255719140599094,0.056784637889824005
heft_prefill-1024xdecode_128_ops_trace.csv,prefill,-1,-1,15,GPU0,npu,26,"LN:-1,Q:0,Q:1,K:0,K:1,V:0,V:1,QK:0,QK:1,Softmax:0,Softmax:1,SV:0,SV:1,O:0,O:1,Add:-1,LN:-1,FFN_W1:0,FFN_W3:0,FFN_W1:1,FFN_W3:1,SwiGLU:0,SwiGLU:1,FFN_W2:0,FFN_W2:1,Add:-1",0.07692537072728,0.004368179321289063,npu|prefill|-1|0dcd1718e40c0ca622f960dfe34b1859,-1,sample_step,0.07692537072728,0.004368179321289063,-0.07255719140599094,0.056784637889824005,-0.07255719140599094,0.056784637889824005
heft_prefill-1024xdecode_128_ops_trace.csv,prefill,-1,-1,16,GPU0,npu,26,"LN:-1,Q:0,Q:1,K:0,K:1,V:0,V:1,QK:0,QK:1,Softmax:0,Softmax:1,SV:0,SV:1,O:0,O:1,Add:-1,LN:-1,FFN_W1:0,FFN_W3:0,FFN_W1:1,FFN_W3:1,SwiGLU:0,SwiGLU:1,FFN_W2:0,FFN_W2:1,Add:-1",0.07692537072728,0.004368179321289063,npu|prefill|-1|0dcd1718e40c0ca622f960dfe34b1859,-1,sample_step,0.07692537072728,0.004368179321289063,-0.07255719140599094,0.056784637889824005,-0.07255719140599094,0.056784637889824005
heft_prefill-1024xdecode_128_ops_trace.csv,prefill,-1,-1,17,GPU0,npu,26,"LN:-1,Q:0,Q:1,K:0,K:1,V:0,V:1,QK:0,QK:1,Softmax:0,Softmax:1,SV:0,SV:1,O:0,O:1,Add:-1,LN:-1,FFN_W1:0,FFN_W3:0,FFN_W1:1,FFN_W3:1,SwiGLU:0,SwiGLU:1,FFN_W2:0,FFN_W2:1,Add:-1",0.07692537072728,0.004368179321289063,npu|prefill|-1|0dcd1718e40c0ca622f960dfe34b1859,-1,sample_step,0.07692537072728,0.004368179321289063,-0.07255719140599094,0.056784637889824005,-0.07255719140599094,0.056784637889824005
heft_prefill-1024xdecode_128_ops_trace.csv,prefill,-1,-1,18,GPU0,npu,26,"LN:-1,Q:0,Q:1,K:0,K:1,V:0,V:1,QK:0,QK:1,Softmax:0,Softmax:1,SV:0,SV:1,O:0,O:1,Add:-1,LN:-1,FFN_W1:0,FFN_W3:0,FFN_W1:1,FFN_W3:1,SwiGLU:0,SwiGLU:1,FFN_W2:0,FFN_W2:1,Add:-1",0.07692537072728,0.004368179321289063,npu|prefill|-1|0dcd1718e40c0ca622f960dfe34b1859,-1,sample_step,0.07692537072728,0.004368179321289063,-0.07255719140599094,0.056784637889824005,-0.07255719140599094,0.056784637889824005
heft_prefill-1024xdecode_128_ops_trace.csv,prefill,-1,-1,19,GPU0,npu,26,"LN:-1,Q:0,Q:1,K:0,K:1,V:0,V:1,QK:0,QK:1,Softmax:0,Softmax:1,SV:0,SV:1,O:0,O:1,Add:-1,LN:-1,FFN_W1:0,FFN_W3:0,FFN_W1:1,FFN_W3:1,SwiGLU:0,SwiGLU:1,FFN_W2:0,FFN_W2:1,Add:-1",0.07692537072728,0.004368179321289063,npu|prefill|-1|0dcd1718e40c0ca622f960dfe34b1859,-1,sample_step,0.07692537072728,0.004368179321289063,-0.07255719140599094,0.056784637889824005,-0.07255719140599094,0.056784637889824005
heft_prefill-1024xdecode_128_ops_trace.csv,prefill,-1,-1,20,GPU0,npu,26,"LN:-1,Q:0,Q:1,K:0,K:1,V:0,V:1,QK:0,QK:1,Softmax:0,Softmax:1,SV:0,SV:1,O:0,O:1,Add:-1,LN:-1,FFN_W1:0,FFN_W3:0,FFN_W1:1,FFN_W3:1,SwiGLU:0,SwiGLU:1,FFN_W2:0,FFN_W2:1,Add:-1",0.07692537072728,0.004368179321289063,npu|prefill|-1|0dcd1718e40c0ca622f960dfe34b1859,-1,sample_step,0.07692537072728,0.004368179321289063,-0.07255719140599094,0.056784637889824005,-0.07255719140599094,0.056784637889824005
heft_prefill-1024xdecode_128_ops_trace.csv,prefill,-1,-1,21,GPU0,npu,26,"LN:-1,Q:0,Q:1,K:0,K:1,V:0,V:1,QK:0,QK:1,Softmax:0,Softmax:1,SV:0,SV:1,O:0,O:1,Add:-1,LN:-1,FFN_W1:0,FFN_W3:0,FFN_W1:1,FFN_W3:1,SwiGLU:0,SwiGLU:1,FFN_W2:0,FFN_W2:1,Add:-1",0.07692537072728,0.004368179321289063,npu|prefill|-1|0dcd1718e40c0ca622f960dfe34b1859,-1,sample_step,0.07692537072728,0.004368179321289063,-0.07255719140599094,0.056784637889824005,-0.07255719140599094,0.056784637889824005
heft_prefill-1024xdecode_128_ops_trace.csv,prefill,-1,-1,22,GPU0,npu,26,"LN:-1,Q:0,Q:1,K:0,K:1,V:0,V:1,QK:0,QK:1,Softmax:0,Softmax:1,SV:0,SV:1,O:0,O:1,Add:-1,LN:-1,FFN_W1:0,FFN_W3:0,FFN_W1:1,FFN_W3:1,SwiGLU:0,SwiGLU:1,FFN_W2:0,FFN_W2:1,Add:-1",0.07692537072728,0.004368179321289063,npu|prefill|-1|0dcd1718e40c0ca622f960dfe34b1859,-1,sample_step,0.07692537072728,0.004368179321289063,-0.07255719140599094,0.056784637889824005,-0.07255719140599094,0.056784637889824005
heft_prefill-1024xdecode_128_ops_trace.csv,prefill,-1,-1,23,GPU0,npu,26,"LN:-1,Q:0,Q:1,K:0,K:1,V:0,V:1,QK:0,QK:1,Softmax:0,Softmax:1,SV:0,SV:1,O:0,O:1,Add:-1,LN:-1,FFN_W1:0,FFN_W3:0,FFN_W1:1,FFN_W3:1,SwiGLU:0,SwiGLU:1,FFN_W2:0,FFN_W2:1,Add:-1",0.07692537072728,0.004368179321289063,npu|prefill|-1|0dcd1718e40c0ca622f960dfe34b1859,-1,sample_step,0.07692537072728,0.004368179321289063,-0.07255719140599094,0.056784637889824005,-0.07255719140599094,0.056784637889824005
heft_prefill-1024xdecode_128_ops_trace.csv,prefill,-1,-1,24,GPU0,npu,26,"LN:-1,Q:0,Q:1,K:0,K:1,V:0,V:1,QK:0,QK:1,Softmax:0,Softmax:1,SV:0,SV:1,O:0,O:1,Add:-1,LN:-1,FFN_W1:0,FFN_W3:0,FFN_W1:1,FFN_W3:1,SwiGLU:0,SwiGLU:1,FFN_W2:0,FFN_W2:1,Add:-1",0.07692537072728,0.004368179321289063,npu|prefill|-1|0dcd1718e40c0ca622f960dfe34b1859,-1,sample_step,0.07692537072728,0.004368179321289063,-0.07255719140599094,0.056784637889824005,-0.07255719140599094,0.056784637889824005
heft_prefill-1024xdecode_128_ops_trace.csv,prefill,-1,-1,25,GPU0,npu,26,"LN:-1,Q:0,Q:1,K:0,K:1,V:0,V:1,QK:0,QK:1,Softmax:0,Softmax:1,SV:0,SV:1,O:0,O:1,Add:-1,LN:-1,FFN_W1:0,FFN_W3:0,FFN_W1:1,FFN_W3:1,SwiGLU:0,SwiGLU:1,FFN_W2:0,FFN_W2:1,Add:-1",0.0769253707272797,0.004368179321289063,npu|prefill|-1|0dcd1718e40c0ca622f960dfe34b1859,-1,sample_step,0.0769253707272797,0.004368179321289063,-0.07255719140599064,0.056784637889824234,-0.07255719140599064,0.056784637889824234
heft_prefill-1024xdecode_128_ops_trace.csv,prefill,-1,-1,26,GPU0,npu,26,"LN:-1,Q:0,Q:1,K:0,K:1,V:0,V:1,QK:0,QK:1,Softmax:0,Softmax:1,SV:0,SV:1,O:0,O:1,Add:-1,LN:-1,FFN_W1:0,FFN_W3:0,FFN_W1:1,FFN_W3:1,SwiGLU:0,SwiGLU:1,FFN_W2:0,FFN_W2:1,Add:-1",0.07692537072727719,0.004368179321289063,npu|prefill|-1|0dcd1718e40c0ca622f960dfe34b1859,-1,sample_step,0.07692537072727719,0.004368179321289063,-0.07255719140598813,0.05678463788982609,-0.07255719140598813,0.05678463788982609
heft_prefill-1024xdecode_128_ops_trace.csv,prefill,-1,-1,27,GPU0,npu,26,"LN:-1,Q:0,Q:1,K:0,K:1,V:0,V:1,QK:0,QK:1,Softmax:0,Softmax:1,SV:0,SV:1,O:0,O:1,Add:-1,LN:-1,FFN_W1:0,FFN_W3:0,FFN_W1:1,FFN_W3:1,SwiGLU:0,SwiGLU:1,FFN_W2:0,FFN_W2:1,Add:-1",0.07692537072727719,0.004368179321289063,npu|prefill|-1|0dcd1718e40c0ca622f960dfe34b1859,-1,sample_step,0.07692537072727719,0.004368179321289063,-0.07255719140598813,0.05678463788982609,-0.07255719140598813,0.05678463788982609
heft_prefill-1024xdecode_128_ops_trace.csv,prefill,-1,-1,28,GPU0,npu,26,"LN:-1,Q:0,Q:1,K:0,K:1,V:0,V:1,QK:0,QK:1,Softmax:0,Softmax:1,SV:0,SV:1,O:0,O:1,Add:-1,LN:-1,FFN_W1:0,FFN_W3:0,FFN_W1:1,FFN_W3:1,SwiGLU:0,SwiGLU:1,FFN_W2:0,FFN_W2:1,Add:-1",0.07692537072727719,0.004368179321289063,npu|prefill|-1|0dcd1718e40c0ca622f960dfe34b1859,-1,sample_step,0.07692537072727719,0.004368179321289063,-0.07255719140598813,0.05678463788982609,-0.07255719140598813,0.05678463788982609
heft_prefill-1024xdecode_128_ops_trace.csv,prefill,-1,-1,29,GPU0,npu,26,"LN:-1,Q:0,Q:1,K:0,K:1,V:0,V:1,QK:0,QK:1,Softmax:0,Softmax:1,SV:0,SV:1,O:0,O:1,Add:-1,LN:-1,FFN_W1:0,FFN_W3:0,FFN_W1:1,FFN_W3:1,SwiGLU:0,SwiGLU:1,FFN_W2:0,FFN_W2:1,Add:-1",0.07692537072727719,0.004368179321289063,npu|prefill|-1|0dcd1718e40c0ca622f960dfe34b1859,-1,sample_step,0.07692537072727719,0.004368179321289063,-0.07255719140598813,0.05678463788982609,-0.07255719140598813,0.05678463788982609
heft_prefill-1024xdecode_128_ops_trace.csv,prefill,-1,-1,30,GPU0,npu,26,"LN:-1,Q:0,Q:1,K:0,K:1,V:0,V:1,QK:0,QK:1,Softmax:0,Softmax:1,SV:0,SV:1,O:0,O:1,Add:-1,LN:-1,FFN_W1:0,FFN_W3:0,FFN_W1:1,FFN_W3:1,SwiGLU:0,SwiGLU:1,FFN_W2:0,FFN_W2:1,Add:-1",0.07692537072727719,0.004368179321289063,npu|prefill|-1|0dcd1718e40c0ca622f960dfe34b1859,-1,sample_step,0.07692537072727719,0.004368179321289063,-0.07255719140598813,0.05678463788982609,-0.07255719140598813,0.05678463788982609
heft_prefill-1024xdecode_128_ops_trace.csv,prefill,-1,-1,31,GPU0,npu,26,"LN:-1,Q:0,Q:1,K:0,K:1,V:0,V:1,QK:0,QK:1,Softmax:0,Softmax:1,SV:0,SV:1,O:0,O:1,Add:-1,LN:-1,FFN_W1:0,FFN_W3:0,FFN_W1:1,FFN_W3:1,SwiGLU:0,SwiGLU:1,FFN_W2:0,FFN_W2:1,Add:-1",0.07692537072727719,0.004368179321289063,npu|prefill|-1|0dcd1718e40c0ca622f960dfe34b1859,-1,sample_step,0.07692537072727719,0.004368179321289063,-0.07255719140598813,0.05678463788982609,-0.07255719140598813,0.05678463788982609
heft_prefill-1024xdecode_128_ops_trace.csv,decode,0,0,0,GPU0,npu,21,"LN:-1,Q:0,Q:1,K:0,K:1,V:0,V:1,Softmax:0,Softmax:1,O:0,O:1,Add:-1,LN:-1,FFN_W1:0,FFN_W3:0,FFN_W1:1,FFN_W3:1,SwiGLU:1,FFN_W2:0,FFN_W2:1,Add:-1",0.0005762362560033374,0.0005912576198577881,npu|decode|0|73e08628dbda71a17eeeee8768ee282d,0,sample_step,0.0005762362560033374,0.0005912576198577881,1.5021363854450737e-05,1.0260680644405058,1.5021363854450737e-05,1.0260680644405058
heft_prefill-1024xdecode_128_ops_trace.csv,decode,0,0,0,PIM0,pim,3,"QK:0,SV:0,SwiGLU:0",0.00020912000000002806,9.625e-06,pim|decode|0|ad5b8ee1d993c4b98653976b3384d9da,0,sample_step,0.00020912000000002806,9.625e-06,-0.00019949500000002805,0.046026205049726036,-0.00019949500000002805,0.046026205049726036
heft_prefill-1024xdecode_128_ops_trace.csv,decode,0,0,0,PIM1,pim,2,"QK:1,SV:1",0.00019302400000006259,9.122e-06,pim|decode|0|9ba94a90ae2a2c31a7bb0139c1e338eb,0,sample_step,0.00019302400000006259,9.122e-06,-0.0001839020000000626,0.047258372015899795,-0.0001839020000000626,0.047258372015899795
heft_prefill-1024xdecode_128_ops_trace.csv,decode,0,0,1,GPU0,npu,21,"LN:-1,Q:0,Q:1,K:0,K:1,V:0,V:1,Softmax:0,Softmax:1,O:0,O:1,Add:-1,LN:-1,FFN_W1:0,FFN_W3:0,FFN_W1:1,FFN_W3:1,SwiGLU:1,FFN_W2:0,FFN_W2:1,Add:-1",0.0005762362560033374,0.0005912576198577881,npu|decode|0|73e08628dbda71a17eeeee8768ee282d,0,sample_step,0.0005762362560033374,0.0005912576198577881,1.5021363854450737e-05,1.0260680644405058,1.5021363854450737e-05,1.0260680644405058
heft_prefill-1024xdecode_128_ops_trace.csv,decode,0,0,1,PIM0,pim,3,"QK:0,SV:0,SwiGLU:0",0.00020912000000002806,9.625e-06,pim|decode|0|ad5b8ee1d993c4b98653976b3384d9da,0,sample_step,0.00020912000000002806,9.625e-06,-0.00019949500000002805,0.046026205049726036,-0.00019949500000002805,0.046026205049726036
heft_prefill-1024xdecode_128_ops_trace.csv,decode,0,0,1,PIM1,pim,2,"QK:1,SV:1",0.00019302400000006259,9.122e-06,pim|decode|0|9ba94a90ae2a2c31a7bb0139c1e338eb,0,sample_step,0.00019302400000006259,9.122e-06,-0.0001839020000000626,0.047258372015899795,-0.0001839020000000626,0.047258372015899795
heft_prefill-1024xdecode_128_ops_trace.csv,decode,0,0,2,GPU0,npu,21,"LN:-1,Q:0,Q:1,K:0,K:1,V:0,V:1,Softmax:0,Softmax:1,O:0,O:1,Add:-1,LN:-1,FFN_W1:0,FFN_W3:0,FFN_W1:1,FFN_W3:1,SwiGLU:1,FFN_W2:0,FFN_W2:1,Add:-1",0.0005762362560033374,0.0005912576198577881,npu|decode|0|73e08628dbda71a17eeeee8768ee282d,0,sample_step,0.0005762362560033374,0.0005912576198577881,1.5021363854450737e-05,1.0260680644405058,1.5021363854450737e-05,1.0260680644405058
heft_prefill-1024xdecode_128_ops_trace.csv,decode,0,0,2,PIM0,pim,3,"QK:0,SV:0,SwiGLU:0",0.00020912000000002806,9.625e-06,pim|decode|0|ad5b8ee1d993c4b98653976b3384d9da,0,sample_step,0.00020912000000002806,9.625e-06,-0.00019949500000002805,0.046026205049726036,-0.00019949500000002805,0.046026205049726036
heft_prefill-1024xdecode_128_ops_trace.csv,decode,0,0,2,PIM1,pim,2,"QK:1,SV:1",0.00019302400000006259,9.122e-06,pim|decode|0|9ba94a90ae2a2c31a7bb0139c1e338eb,0,sample_step,0.00019302400000006259,9.122e-06,-0.0001839020000000626,0.047258372015899795,-0.0001839020000000626,0.047258372015899795
heft_prefill-1024xdecode_128_ops_trace.csv,decode,0,0,3,GPU0,npu,21,"LN:-1,Q:0,Q:1,K:0,K:1,V:0,V:1,Softmax:0,Softmax:1,O:0,O:1,Add:-1,LN:-1,FFN_W1:0,FFN_W3:0,FFN_W1:1,FFN_W3:1,SwiGLU:1,FFN_W2:0,FFN_W2:1,Add:-1",0.0005762362560033374,0.0005912576198577881,npu|decode|0|73e08628dbda71a17eeeee8768ee282d,0,sample_step,0.0005762362560033374,0.0005912576198577881,1.5021363854450737e-05,1.0260680644405058,1.5021363854450737e-05,1.0260680644405058
heft_prefill-1024xdecode_128_ops_trace.csv,decode,0,0,3,PIM0,pim,3,"QK:0,SV:0,SwiGLU:0",0.00020912000000002806,9.625e-06,pim|decode|0|ad5b8ee1d993c4b98653976b3384d9da,0,sample_step,0.00020912000000002806,9.625e-06,-0.00019949500000002805,0.046026205049726036,-0.00019949500000002805,0.046026205049726036
heft_prefill-1024xdecode_128_ops_trace.csv,decode,0,0,3,PIM1,pim,2,"QK:1,SV:1",0.00019302400000006259,9.122e-06,pim|decode|0|9ba94a90ae2a2c31a7bb0139c1e338eb,0,sample_step,0.00019302400000006259,9.122e-06,-0.0001839020000000626,0.047258372015899795,-0.0001839020000000626,0.047258372015899795
heft_prefill-1024xdecode_128_ops_trace.csv,decode,0,0,4,GPU0,npu,21,"LN:-1,Q:0,Q:1,K:0,K:1,V:0,V:1,Softmax:0,Softmax:1,O:0,O:1,Add:-1,LN:-1,FFN_W1:0,FFN_W3:0,FFN_W1:1,FFN_W3:1,SwiGLU:1,FFN_W2:0,FFN_W2:1,Add:-1",0.0005762362560033374,0.0005912576198577881,npu|decode|0|73e08628dbda71a17eeeee8768ee282d,0,sample_step,0.0005762362560033374,0.0005912576198577881,1.5021363854450737e-05,1.0260680644405058,1.5021363854450737e-05,1.0260680644405058
heft_prefill-1024xdecode_128_ops_trace.csv,decode,0,0,4,PIM0,pim,3,"QK:0,SV:0,SwiGLU:0",0.00020912000000002806,9.625e-06,pim|decode|0|ad5b8ee1d993c4b98653976b3384d9da,0,sample_step,0.00020912000000002806,9.625e-06,-0.00019949500000002805,0.046026205049726036,-0.00019949500000002805,0.046026205049726036
heft_prefill-1024xdecode_128_ops_trace.csv,decode,0,0,4,PIM1,pim,2,"QK:1,SV:1",0.00019302400000006259,9.122e-06,pim|decode|0|9ba94a90ae2a2c31a7bb0139c1e338eb,0,sample_step,0.00019302400000006259,9.122e-06,-0.0001839020000000626,0.047258372015899795,-0.0001839020000000626,0.047258372015899795
heft_prefill-1024xdecode_128_ops_trace.csv,decode,0,0,5,GPU0,npu,21,"LN:-1,Q:0,Q:1,K:0,K:1,V:0,V:1,Softmax:0,Softmax:1,O:0,O:1,Add:-1,LN:-1,FFN_W1:0,FFN_W3:0,FFN_W1:1,FFN_W3:1,SwiGLU:1,FFN_W2:0,FFN_W2:1,Add:-1",0.0005762362560033374,0.0005912576198577881,npu|decode|0|73e08628dbda71a17eeeee8768ee282d,0,sample_step,0.0005762362560033374,0.0005912576198577881,1.5021363854450737e-05,1.0260680644405058,1.5021363854450737e-05,1.0260680644405058
heft_prefill-1024xdecode_128_ops_trace.csv,decode,0,0,5,PIM0,pim,3,"QK:0,SV:0,SwiGLU:0",0.00020912000000002806,9.625e-06,pim|decode|0|ad5b8ee1d993c4b98653976b3384d9da,0,sample_step,0.00020912000000002806,9.625e-06,-0.00019949500000002805,0.046026205049726036,-0.00019949500000002805,0.046026205049726036
heft_prefill-1024xdecode_128_ops_trace.csv,decode,0,0,5,PIM1,pim,2,"QK:1,SV:1",0.00019302400000006259,9.122e-06,pim|decode|0|9ba94a90ae2a2c31a7bb0139c1e338eb,0,sample_step,0.00019302400000006259,9.122e-06,-0.0001839020000000626,0.047258372015899795,-0.0001839020000000626,0.047258372015899795
heft_prefill-1024xdecode_128_ops_trace.csv,decode,0,0,6,GPU0,npu,21,"LN:-1,Q:0,Q:1,K:0,K:1,V:0,V:1,Softmax:0,Softmax:1,O:0,O:1,Add:-1,LN:-1,FFN_W1:0,FFN_W3:0,FFN_W1:1,FFN_W3:1,SwiGLU:1,FFN_W2:0,FFN_W2:1,Add:-1",0.0005762362560033374,0.0005912576198577881,npu|decode|0|73e08628dbda71a17eeeee8768ee282d,0,sample_step,0.0005762362560033374,0.0005912576198577881,1.5021363854450737e-05,1.0260680644405058,1.5021363854450737e-05,1.0260680644405058
heft_prefill-1024xdecode_128_ops_trace.csv,decode,0,0,6,PIM0,pim,3,"QK:0,SV:0,SwiGLU:0",0.00020912000000002806,9.625e-06,pim|decode|0|ad5b8ee1d993c4b98653976b3384d9da,0,sample_step,0.00020912000000002806,9.625e-06,-0.00019949500000002805,0.046026205049726036,-0.00019949500000002805,0.046026205049726036
heft_prefill-1024xdecode_128_ops_trace.csv,decode,0,0,6,PIM1,pim,2,"QK:1,SV:1",0.00019302400000006259,9.122e-06,pim|decode|0|9ba94a90ae2a2c31a7bb0139c1e338eb,0,sample_step,0.00019302400000006259,9.122e-06,-0.0001839020000000626,0.047258372015899795,-0.0001839020000000626,0.047258372015899795
heft_prefill-1024xdecode_128_ops_trace.csv,decode,0,0,7,GPU0,npu,21,"LN:-1,Q:0,Q:1,K:0,K:1,V:0,V:1,Softmax:0,Softmax:1,O:0,O:1,Add:-1,LN:-1,FFN_W1:0,FFN_W3:0,FFN_W1:1,FFN_W3:1,SwiGLU:1,FFN_W2:0,FFN_W2:1,Add:-1",0.0005762362560033374,0.0005912576198577881,npu|decode|0|73e08628dbda71a17eeeee8768ee282d,0,sample_step,0.0005762362560033374,0.0005912576198577881,1.5021363854450737e-05,1.0260680644405058,1.5021363854450737e-05,1.0260680644405058
heft_prefill-1024xdecode_128_ops_trace.csv,decode,0,0,7,PIM0,pim,3,"QK:0,SV:0,SwiGLU:0",0.00020912000000002806,9.625e-06,pim|decode|0|ad5b8ee1d993c4b98653976b3384d9da,0,sample_step,0.00020912000000002806,9.625e-06,-0.00019949500000002805,0.046026205049726036,-0.00019949500000002805,0.046026205049726036
heft_prefill-1024xdecode_128_ops_trace.csv,decode,0,0,7,PIM1,pim,2,"QK:1,SV:1",0.00019302400000006259,9.122e-06,pim|decode|0|9ba94a90ae2a2c31a7bb0139c1e338eb,0,sample_step,0.00019302400000006259,9.122e-06,-0.0001839020000000626,0.047258372015899795,-0.0001839020000000626,0.047258372015899795
heft_prefill-1024xdecode_128_ops_trace.csv,decode,0,0,8,GPU0,npu,21,"LN:-1,Q:0,Q:1,K:0,K:1,V:0,V:1,Softmax:0,Softmax:1,O:0,O:1,Add:-1,LN:-1,FFN_W1:0,FFN_W3:0,FFN_W1:1,FFN_W3:1,SwiGLU:1,FFN_W2:0,FFN_W2:1,Add:-1",0.0005762362560033374,0.0005912576198577881,npu|decode|0|73e08628dbda71a17eeeee8768ee282d,0,sample_step,0.0005762362560033374,0.0005912576198577881,1.5021363854450737e-05,1.0260680644405058,1.5021363854450737e-05,1.0260680644405058
heft_prefill-1024xdecode_128_ops_trace.csv,decode,0,0,8,PIM0,pim,3,"QK:0,SV:0,SwiGLU:0",0.00020912000000002806,9.625e-06,pim|decode|0|ad5b8ee1d993c4b98653976b3384d9da,0,sample_step,0.00020912000000002806,9.625e-06,-0.00019949500000002805,0.046026205049726036,-0.00019949500000002805,0.046026205049726036
heft_prefill-1024xdecode_128_ops_trace.csv,decode,0,0,8,PIM1,pim,2,"QK:1,SV:1",0.00019302400000006259,9.122e-06,pim|decode|0|9ba94a90ae2a2c31a7bb0139c1e338eb,0,sample_step,0.00019302400000006259,9.122e-06,-0.0001839020000000626,0.047258372015899795,-0.0001839020000000626,0.047258372015899795
heft_prefill-1024xdecode_128_ops_trace.csv,decode,0,0,9,GPU0,npu,21,"LN:-1,Q:0,Q:1,K:0,K:1,V:0,V:1,Softmax:0,Softmax:1,O:0,O:1,Add:-1,LN:-1,FFN_W1:0,FFN_W3:0,FFN_W1:1,FFN_W3:1,SwiGLU:1,FFN_W2:0,FFN_W2:1,Add:-1",0.0005762362560033374,0.0005912576198577881,npu|decode|0|73e08628dbda71a17eeeee8768ee282d,0,sample_step,0.0005762362560033374,0.0005912576198577881,1.5021363854450737e-05,1.0260680644405058,1.5021363854450737e-05,1.0260680644405058
heft_prefill-1024xdecode_128_ops_trace.csv,decode,0,0,9,PIM0,pim,3,"QK:0,SV:0,SwiGLU:0",0.00020912000000002806,9.625e-06,pim|decode|0|ad5b8ee1d993c4b98653976b3384d9da,0,sample_step,0.00020912000000002806,9.625e-06,-0.00019949500000002805,0.046026205049726036,-0.00019949500000002805,0.046026205049726036
heft_prefill-1024xdecode_128_ops_trace.csv,decode,0,0,9,PIM1,pim,2,"QK:1,SV:1",0.00019302400000006259,9.122e-06,pim|decode|0|9ba94a90ae2a2c31a7bb0139c1e338eb,0,sample_step,0.00019302400000006259,9.122e-06,-0.0001839020000000626,0.047258372015899795,-0.0001839020000000626,0.047258372015899795
heft_prefill-1024xdecode_128_ops_trace.csv,decode,0,0,10,GPU0,npu,21,"LN:-1,Q:0,Q:1,K:0,K:1,V:0,V:1,Softmax:0,Softmax:1,O:0,O:1,Add:-1,LN:-1,FFN_W1:0,FFN_W3:0,FFN_W1:1,FFN_W3:1,SwiGLU:1,FFN_W2:0,FFN_W2:1,Add:-1",0.0005762362560033374,0.0005912576198577881,npu|decode|0|73e08628dbda71a17eeeee8768ee282d,0,sample_step,0.0005762362560033374,0.0005912576198577881,1.5021363854450737e-05,1.0260680644405058,1.5021363854450737e-05,1.0260680644405058
heft_prefill-1024xdecode_128_ops_trace.csv,decode,0,0,10,PIM0,pim,3,"QK:0,SV:0,SwiGLU:0",0.00020912000000002806,9.625e-06,pim|decode|0|ad5b8ee1d993c4b98653976b3384d9da,0,sample_step,0.00020912000000002806,9.625e-06,-0.00019949500000002805,0.046026205049726036,-0.00019949500000002805,0.046026205049726036
heft_prefill-1024xdecode_128_ops_trace.csv,decode,0,0,10,PIM1,pim,2,"QK:1,SV:1",0.00019302400000006259,9.122e-06,pim|decode|0|9ba94a90ae2a2c31a7bb0139c1e338eb,0,sample_step,0.00019302400000006259,9.122e-06,-0.0001839020000000626,0.047258372015899795,-0.0001839020000000626,0.047258372015899795
heft_prefill-1024xdecode_128_ops_trace.csv,decode,0,0,11,GPU0,npu,21,"LN:-1,Q:0,Q:1,K:0,K:1,V:0,V:1,Softmax:0,Softmax:1,O:0,O:1,Add:-1,LN:-1,FFN_W1:0,FFN_W3:0,FFN_W1:1,FFN_W3:1,SwiGLU:1,FFN_W2:0,FFN_W2:1,Add:-1",0.0005762362560033374,0.0005912576198577881,npu|decode|0|73e08628dbda71a17eeeee8768ee282d,0,sample_step,0.0005762362560033374,0.0005912576198577881,1.5021363854450737e-05,1.0260680644405058,1.5021363854450737e-05,1.0260680644405058
heft_prefill-1024xdecode_128_ops_trace.csv,decode,0,0,11,PIM0,pim,3,"QK:0,SV:0,SwiGLU:0",0.00020912000000002806,9.625e-06,pim|decode|0|ad5b8ee1d993c4b98653976b3384d9da,0,sample_step,0.00020912000000002806,9.625e-06,-0.00019949500000002805,0.046026205049726036,-0.00019949500000002805,0.046026205049726036
heft_prefill-1024xdecode_128_ops_trace.csv,decode,0,0,11,PIM1,pim,2,"QK:1,SV:1",0.00019302400000006259,9.122e-06,pim|decode|0|9ba94a90ae2a2c31a7bb0139c1e338eb,0,sample_step,0.00019302400000006259,9.122e-06,-0.0001839020000000626,0.047258372015899795,-0.0001839020000000626,0.047258372015899795
heft_prefill-1024xdecode_128_ops_trace.csv,decode,0,0,12,GPU0,npu,21,"LN:-1,Q:0,Q:1,K:0,K:1,V:0,V:1,Softmax:0,Softmax:1,O:0,O:1,Add:-1,LN:-1,FFN_W1:0,FFN_W3:0,FFN_W1:1,FFN_W3:1,SwiGLU:1,FFN_W2:0,FFN_W2:1,Add:-1",0.0005762362560033374,0.0005912576198577881,npu|decode|0|73e08628dbda71a17eeeee8768ee282d,0,sample_step,0.0005762362560033374,0.0005912576198577881,1.5021363854450737e-05,1.0260680644405058,1.5021363854450737e-05,1.0260680644405058
heft_prefill-1024xdecode_128_ops_trace.csv,decode,0,0,12,PIM0,pim,3,"QK:0,SV:0,SwiGLU:0",0.00020912000000002806,9.625e-06,pim|decode|0|ad5b8ee1d993c4b98653976b3384d9da,0,sample_step,0.00020912000000002806,9.625e-06,-0.00019949500000002805,0.046026205049726036,-0.00019949500000002805,0.046026205049726036
heft_prefill-1024xdecode_128_ops_trace.csv,decode,0,0,12,PIM1,pim,2,"QK:1,SV:1",0.00019302400000006259,9.122e-06,pim|decode|0|9ba94a90ae2a2c31a7bb0139c1e338eb,0,sample_step,0.00019302400000006259,9.122e-06,-0.0001839020000000626,0.047258372015899795,-0.0001839020000000626,0.047258372015899795
heft_prefill-1024xdecode_128_ops_trace.csv,decode,0,0,13,GPU0,npu,21,"LN:-1,Q:0,Q:1,K:0,K:1,V:0,V:1,Softmax:0,Softmax:1,O:0,O:1,Add:-1,LN:-1,FFN_W1:0,FFN_W3:0,FFN_W1:1,FFN_W3:1,SwiGLU:1,FFN_W2:0,FFN_W2:1,Add:-1",0.0005762362560033374,0.0005912576198577881,npu|decode|0|73e08628dbda71a17eeeee8768ee282d,0,sample_step,0.0005762362560033374,0.0005912576198577881,1.5021363854450737e-05,1.0260680644405058,1.5021363854450737e-05,1.0260680644405058
heft_prefill-1024xdecode_128_ops_trace.csv,decode,0,0,13,PIM0,pim,3,"QK:0,SV:0,SwiGLU:0",0.00020912000000002806,9.625e-06,pim|decode|0|ad5b8ee1d993c4b98653976b3384d9da,0,sample_step,0.00020912000000002806,9.625e-06,-0.00019949500000002805,0.046026205049726036,-0.00019949500000002805,0.046026205049726036
heft_prefill-1024xdecode_128_ops_trace.csv,decode,0,0,13,PIM1,pim,2,"QK:1,SV:1",0.00019302400000006259,9.122e-06,pim|decode|0|9ba94a90ae2a2c31a7bb0139c1e338eb,0,sample_step,0.00019302400000006259,9.122e-06,-0.0001839020000000626,0.047258372015899795,-0.0001839020000000626,0.047258372015899795
heft_prefill-1024xdecode_128_ops_trace.csv,decode,0,0,14,GPU0,npu,21,"LN:-1,Q:0,Q:1,K:0,K:1,V:0,V:1,Softmax:0,Softmax:1,O:0,O:1,Add:-1,LN:-1,FFN_W1:0,FFN_W3:0,FFN_W1:1,FFN_W3:1,SwiGLU:1,FFN_W2:0,FFN_W2:1,Add:-1",0.0005762362560033374,0.0005912576198577881,npu|decode|0|73e08628dbda71a17eeeee8768ee282d,0,sample_step,0.0005762362560033374,0.0005912576198577881,1.5021363854450737e-05,1.0260680644405058,1.5021363854450737e-05,1.0260680644405058
heft_prefill-1024xdecode_128_ops_trace.csv,decode,0,0,14,PIM0,pim,3,"QK:0,SV:0,SwiGLU:0",0.00020912000000002806,9.625e-06,pim|decode|0|ad5b8ee1d993c4b98653976b3384d9da,0,sample_step,0.00020912000000002806,9.625e-06,-0.00019949500000002805,0.046026205049726036,-0.00019949500000002805,0.046026205049726036
heft_prefill-1024xdecode_128_ops_trace.csv,decode,0,0,14,PIM1,pim,2,"QK:1,SV:1",0.00019302400000006259,9.122e-06,pim|decode|0|9ba94a90ae2a2c31a7bb0139c1e338eb,0,sample_step,0.00019302400000006259,9.122e-06,-0.0001839020000000626,0.047258372015899795,-0.0001839020000000626,0.047258372015899795
heft_prefill-1024xdecode_128_ops_trace.csv,decode,0,0,15,GPU0,npu,21,"LN:-1,Q:0,Q:1,K:0,K:1,V:0,V:1,Softmax:0,Softmax:1,O:0,O:1,Add:-1,LN:-1,FFN_W1:0,FFN_W3:0,FFN_W1:1,FFN_W3:1,SwiGLU:1,FFN_W2:0,FFN_W2:1,Add:-1",0.0005762362560033374,0.0005912576198577881,npu|decode|0|73e08628dbda71a17eeeee8768ee282d,0,sample_step,0.0005762362560033374,0.0005912576198577881,1.5021363854450737e-05,1.0260680644405058,1.5021363854450737e-05,1.0260680644405058
heft_prefill-1024xdecode_128_ops_trace.csv,decode,0,0,15,PIM0,pim,3,"QK:0,SV:0,SwiGLU:0",0.00020912000000002806,9.625e-06,pim|decode|0|ad5b8ee1d993c4b98653976b3384d9da,0,sample_step,0.00020912000000002806,9.625e-06,-0.00019949500000002805,0.046026205049726036,-0.00019949500000002805,0.046026205049726036
heft_prefill-1024xdecode_128_ops_trace.csv,decode,0,0,15,PIM1,pim,2,"QK:1,SV:1",0.00019302400000006259,9.122e-06,pim|decode|0|9ba94a90ae2a2c31a7bb0139c1e338eb,0,sample_step,0.00019302400000006259,9.122e-06,-0.0001839020000000626,0.047258372015899795,-0.0001839020000000626,0.047258372015899795
heft_prefill-1024xdecode_128_ops_trace.csv,decode,0,0,16,GPU0,npu,21,"LN:-1,Q:0,Q:1,K:0,K:1,V:0,V:1,Softmax:0,Softmax:1,O:0,O:1,Add:-1,LN:-1,FFN_W1:0,FFN_W3:0,FFN_W1:1,FFN_W3:1,SwiGLU:1,FFN_W2:0,FFN_W2:1,Add:-1",0.0005762362560033374,0.0005912576198577881,npu|decode|0|73e08628dbda71a17eeeee8768ee282d,0,sample_step,0.0005762362560033374,0.0005912576198577881,1.5021363854450737e-05,1.0260680644405058,1.5021363854450737e-05,1.0260680644405058
heft_prefill-1024xdecode_128_ops_trace.csv,decode,0,0,16,PIM0,pim,3,"QK:0,SV:0,SwiGLU:0",0.00020912000000002806,9.625e-06,pim|decode|0|ad5b8ee1d993c4b98653976b3384d9da,0,sample_step,0.00020912000000002806,9.625e-06,-0.00019949500000002805,0.046026205049726036,-0.00019949500000002805,0.046026205049726036
heft_prefill-1024xdecode_128_ops_trace.csv,decode,0,0,16,PIM1,pim,2,"QK:1,SV:1",0.00019302400000006259,9.122e-06,pim|decode|0|9ba94a90ae2a2c31a7bb0139c1e338eb,0,sample_step,0.00019302400000006259,9.122e-06,-0.0001839020000000626,0.047258372015899795,-0.0001839020000000626,0.047258372015899795
heft_prefill-1024xdecode_128_ops_trace.csv,decode,0,0,17,GPU0,npu,21,"LN:-1,Q:0,Q:1,K:0,K:1,V:0,V:1,Softmax:0,Softmax:1,O:0,O:1,Add:-1,LN:-1,FFN_W1:0,FFN_W3:0,FFN_W1:1,FFN_W3:1,SwiGLU:1,FFN_W2:0,FFN_W2:1,Add:-1",0.0005762362560033374,0.0005912576198577881,npu|decode|0|73e08628dbda71a17eeeee8768ee282d,0,sample_step,0.0005762362560033374,0.0005912576198577881,1.5021363854450737e-05,1.0260680644405058,1.5021363854450737e-05,1.0260680644405058
heft_prefill-1024xdecode_128_ops_trace.csv,decode,0,0,17,PIM0,pim,3,"QK:0,SV:0,SwiGLU:0",0.00020912000000002806,9.625e-06,pim|decode|0|ad5b8ee1d993c4b98653976b3384d9da,0,sample_step,0.00020912000000002806,9.625e-06,-0.00019949500000002805,0.046026205049726036,-0.00019949500000002805,0.046026205049726036
heft_prefill-1024xdecode_128_ops_trace.csv,decode,0,0,17,PIM1,pim,2,"QK:1,SV:1",0.00019302400000006259,9.122e-06,pim|decode|0|9ba94a90ae2a2c31a7bb0139c1e338eb,0,sample_step,0.00019302400000006259,9.122e-06,-0.0001839020000000626,0.047258372015899795,-0.0001839020000000626,0.047258372015899795
heft_prefill-1024xdecode_128_ops_trace.csv,decode,0,0,18,GPU0,npu,21,"LN:-1,Q:0,Q:1,K:0,K:1,V:0,V:1,Softmax:0,Softmax:1,O:0,O:1,Add:-1,LN:-1,FFN_W1:0,FFN_W3:0,FFN_W1:1,FFN_W3:1,SwiGLU:1,FFN_W2:0,FFN_W2:1,Add:-1",0.0005762362560033374,0.0005912576198577881,npu|decode|0|73e08628dbda71a17eeeee8768ee282d,0,sample_step,0.0005762362560033374,0.0005912576198577881,1.5021363854450737e-05,1.0260680644405058,1.5021363854450737e-05,1.0260680644405058
heft_prefill-1024xdecode_128_ops_trace.csv,decode,0,0,18,PIM0,pim,3,"QK:0,SV:0,SwiGLU:0",0.00020912000000002806,9.625e-06,pim|decode|0|ad5b8ee1d993c4b98653976b3384d9da,0,sample_step,0.00020912000000002806,9.625e-06,-0.00019949500000002805,0.046026205049726036,-0.00019949500000002805,0.046026205049726036
heft_prefill-1024xdecode_128_ops_trace.csv,decode,0,0,18,PIM1,pim,2,"QK:1,SV:1",0.00019302400000006259,9.122e-06,pim|decode|0|9ba94a90ae2a2c31a7bb0139c1e338eb,0,sample_step,0.00019302400000006259,9.122e-06,-0.0001839020000000626,0.047258372015899795,-0.0001839020000000626,0.047258372015899795
heft_prefill-1024xdecode_128_ops_trace.csv,decode,0,0,19,GPU0,npu,21,"LN:-1,Q:0,Q:1,K:0,K:1,V:0,V:1,Softmax:0,Softmax:1,O:0,O:1,Add:-1,LN:-1,FFN_W1:0,FFN_W3:0,FFN_W1:1,FFN_W3:1,SwiGLU:1,FFN_W2:0,FFN_W2:1,Add:-1",0.0005762362560033374,0.0005912576198577881,npu|decode|0|73e08628dbda71a17eeeee8768ee282d,0,sample_step,0.0005762362560033374,0.0005912576198577881,1.5021363854450737e-05,1.0260680644405058,1.5021363854450737e-05,1.0260680644405058
heft_prefill-1024xdecode_128_ops_trace.csv,decode,0,0,19,PIM0,pim,3,"QK:0,SV:0,SwiGLU:0",0.00020912000000002806,9.625e-06,pim|decode|0|ad5b8ee1d993c4b98653976b3384d9da,0,sample_step,0.00020912000000002806,9.625e-06,-0.00019949500000002805,0.046026205049726036,-0.00019949500000002805,0.046026205049726036
heft_prefill-1024xdecode_128_ops_trace.csv,decode,0,0,19,PIM1,pim,2,"QK:1,SV:1",0.00019302400000006259,9.122e-06,pim|decode|0|9ba94a90ae2a2c31a7bb0139c1e338eb,0,sample_step,0.00019302400000006259,9.122e-06,-0.0001839020000000626,0.047258372015899795,-0.0001839020000000626,0.047258372015899795
heft_prefill-1024xdecode_128_ops_trace.csv,decode,0,0,20,GPU0,npu,21,"LN:-1,Q:0,Q:1,K:0,K:1,V:0,V:1,Softmax:0,Softmax:1,O:0,O:1,Add:-1,LN:-1,FFN_W1:0,FFN_W3:0,FFN_W1:1,FFN_W3:1,SwiGLU:1,FFN_W2:0,FFN_W2:1,Add:-1",0.0005762362560033374,0.0005912576198577881,npu|decode|0|73e08628dbda71a17eeeee8768ee282d,0,sample_step,0.0005762362560033374,0.0005912576198577881,1.5021363854450737e-05,1.0260680644405058,1.5021363854450737e-05,1.0260680644405058
heft_prefill-1024xdecode_128_ops_trace.csv,decode,0,0,20,PIM0,pim,3,"QK:0,SV:0,SwiGLU:0",0.00020912000000002806,9.625e-06,pim|decode|0|ad5b8ee1d993c4b98653976b3384d9da,0,sample_step,0.00020912000000002806,9.625e-06,-0.00019949500000002805,0.046026205049726036,-0.00019949500000002805,0.046026205049726036
heft_prefill-1024xdecode_128_ops_trace.csv,decode,0,0,20,PIM1,pim,2,"QK:1,SV:1",0.00019302400000006259,9.122e-06,pim|decode|0|9ba94a90ae2a2c31a7bb0139c1e338eb,0,sample_step,0.00019302400000006259,9.122e-06,-0.0001839020000000626,0.047258372015899795,-0.0001839020000000626,0.047258372015899795
heft_prefill-1024xdecode_128_ops_trace.csv,decode,0,0,21,GPU0,npu,21,"LN:-1,Q:0,Q:1,K:0,K:1,V:0,V:1,Softmax:0,Softmax:1,O:0,O:1,Add:-1,LN:-1,FFN_W1:0,FFN_W3:0,FFN_W1:1,FFN_W3:1,SwiGLU:1,FFN_W2:0,FFN_W2:1,Add:-1",0.0005762362560033374,0.0005912576198577881,npu|decode|0|73e08628dbda71a17eeeee8768ee282d,0,sample_step,0.0005762362560033374,0.0005912576198577881,1.5021363854450737e-05,1.0260680644405058,1.5021363854450737e-05,1.0260680644405058
heft_prefill-1024xdecode_128_ops_trace.csv,decode,0,0,21,PIM0,pim,3,"QK:0,SV:0,SwiGLU:0",0.00020912000000002806,9.625e-06,pim|decode|0|ad5b8ee1d993c4b98653976b3384d9da,0,sample_step,0.00020912000000002806,9.625e-06,-0.00019949500000002805,0.046026205049726036,-0.00019949500000002805,0.046026205049726036
heft_prefill-1024xdecode_128_ops_trace.csv,decode,0,0,21,PIM1,pim,2,"QK:1,SV:1",0.00019302400000006259,9.122e-06,pim|decode|0|9ba94a90ae2a2c31a7bb0139c1e338eb,0,sample_step,0.00019302400000006259,9.122e-06,-0.0001839020000000626,0.047258372015899795,-0.0001839020000000626,0.047258372015899795
heft_prefill-1024xdecode_128_ops_trace.csv,decode,0,0,22,GPU0,npu,21,"LN:-1,Q:0,Q:1,K:0,K:1,V:0,V:1,Softmax:0,Softmax:1,O:0,O:1,Add:-1,LN:-1,FFN_W1:0,FFN_W3:0,FFN_W1:1,FFN_W3:1,SwiGLU:1,FFN_W2:0,FFN_W2:1,Add:-1",0.0005762362560033374,0.0005912576198577881,npu|decode|0|73e08628dbda71a17eeeee8768ee282d,0,sample_step,0.0005762362560033374,0.0005912576198577881,1.5021363854450737e-05,1.0260680644405058,1.5021363854450737e-05,1.0260680644405058
heft_prefill-1024xdecode_128_ops_trace.csv,decode,0,0,22,PIM0,pim,3,"QK:0,SV:0,SwiGLU:0",0.00020912000000002806,9.625e-06,pim|decode|0|ad5b8ee1d993c4b98653976b3384d9da,0,sample_step,0.00020912000000002806,9.625e-06,-0.00019949500000002805,0.046026205049726036,-0.00019949500000002805,0.046026205049726036
heft_prefill-1024xdecode_128_ops_trace.csv,decode,0,0,22,PIM1,pim,2,"QK:1,SV:1",0.00019302400000006259,9.122e-06,pim|decode|0|9ba94a90ae2a2c31a7bb0139c1e338eb,0,sample_step,0.00019302400000006259,9.122e-06,-0.0001839020000000626,0.047258372015899795,-0.0001839020000000626,0.047258372015899795
heft_prefill-1024xdecode_128_ops_trace.csv,decode,0,0,23,GPU0,npu,21,"LN:-1,Q:0,Q:1,K:0,K:1,V:0,V:1,Softmax:0,Softmax:1,O:0,O:1,Add:-1,LN:-1,FFN_W1:0,FFN_W3:0,FFN_W1:1,FFN_W3:1,SwiGLU:1,FFN_W2:0,FFN_W2:1,Add:-1",0.0005762362560033374,0.0005912576198577881,npu|decode|0|73e08628dbda71a17eeeee8768ee282d,0,sample_step,0.0005762362560033374,0.0005912576198577881,1.5021363854450737e-05,1.0260680644405058,1.5021363854450737e-05,1.0260680644405058
heft_prefill-1024xdecode_128_ops_trace.csv,decode,0,0,23,PIM0,pim,3,"QK:0,SV:0,SwiGLU:0",0.00020912000000002806,9.625e-06,pim|decode|0|ad5b8ee1d993c4b98653976b3384d9da,0,sample_step,0.00020912000000002806,9.625e-06,-0.00019949500000002805,0.046026205049726036,-0.00019949500000002805,0.046026205049726036
heft_prefill-1024xdecode_128_ops_trace.csv,decode,0,0,23,PIM1,pim,2,"QK:1,SV:1",0.00019302400000006259,9.122e-06,pim|decode|0|9ba94a90ae2a2c31a7bb0139c1e338eb,0,sample_step,0.00019302400000006259,9.122e-06,-0.0001839020000000626,0.047258372015899795,-0.0001839020000000626,0.047258372015899795
heft_prefill-1024xdecode_128_ops_trace.csv,decode,0,0,24,GPU0,npu,21,"LN:-1,Q:0,Q:1,K:0,K:1,V:0,V:1,Softmax:0,Softmax:1,O:0,O:1,Add:-1,LN:-1,FFN_W1:0,FFN_W3:0,FFN_W1:1,FFN_W3:1,SwiGLU:1,FFN_W2:0,FFN_W2:1,Add:-1",0.0005762362560033374,0.0005912576198577881,npu|decode|0|73e08628dbda71a17eeeee8768ee282d,0,sample_step,0.0005762362560033374,0.0005912576198577881,1.5021363854450737e-05,1.0260680644405058,1.5021363854450737e-05,1.0260680644405058
heft_prefill-1024xdecode_128_ops_trace.csv,decode,0,0,24,PIM0,pim,3,"QK:0,SV:0,SwiGLU:0",0.00020912000000002806,9.625e-06,pim|decode|0|ad5b8ee1d993c4b98653976b3384d9da,0,sample_step,0.00020912000000002806,9.625e-06,-0.00019949500000002805,0.046026205049726036,-0.00019949500000002805,0.046026205049726036
heft_prefill-1024xdecode_128_ops_trace.csv,decode,0,0,24,PIM1,pim,2,"QK:1,SV:1",0.00019302400000006259,9.122e-06,pim|decode|0|9ba94a90ae2a2c31a7bb0139c1e338eb,0,sample_step,0.00019302400000006259,9.122e-06,-0.0001839020000000626,0.047258372015899795,-0.0001839020000000626,0.047258372015899795
heft_prefill-1024xdecode_128_ops_trace.csv,decode,0,0,25,GPU0,npu,21,"LN:-1,Q:0,Q:1,K:0,K:1,V:0,V:1,Softmax:0,Softmax:1,O:0,O:1,Add:-1,LN:-1,FFN_W1:0,FFN_W3:0,FFN_W1:1,FFN_W3:1,SwiGLU:1,FFN_W2:0,FFN_W2:1,Add:-1",0.0005762362560033374,0.0005912576198577881,npu|decode|0|73e08628dbda71a17eeeee8768ee282d,0,sample_step,0.0005762362560033374,0.0005912576198577881,1.5021363854450737e-05,1.0260680644405058,1.5021363854450737e-05,1.0260680644405058
heft_prefill-1024xdecode_128_ops_trace.csv,decode,0,0,25,PIM0,pim,3,"QK:0,SV:0,SwiGLU:0",0.00020912000000002806,9.625e-06,pim|decode|0|ad5b8ee1d993c4b98653976b3384d9da,0,sample_step,0.00020912000000002806,9.625e-06,-0.00019949500000002805,0.046026205049726036,-0.00019949500000002805,0.046026205049726036
heft_prefill-1024xdecode_128_ops_trace.csv,decode,0,0,25,PIM1,pim,2,"QK:1,SV:1",0.00019302400000006259,9.122e-06,pim|decode|0|9ba94a90ae2a2c31a7bb0139c1e338eb,0,sample_step,0.00019302400000006259,9.122e-06,-0.0001839020000000626,0.047258372015899795,-0.0001839020000000626,0.047258372015899795
heft_prefill-1024xdecode_128_ops_trace.csv,decode,0,0,26,GPU0,npu,21,"LN:-1,Q:0,Q:1,K:0,K:1,V:0,V:1,Softmax:0,Softmax:1,O:0,O:1,Add:-1,LN:-1,FFN_W1:0,FFN_W3:0,FFN_W1:1,FFN_W3:1,SwiGLU:1,FFN_W2:0,FFN_W2:1,Add:-1",0.0005762362560033374,0.0005912576198577881,npu|decode|0|73e08628dbda71a17eeeee8768ee282d,0,sample_step,0.0005762362560033374,0.0005912576198577881,1.5021363854450737e-05,1.0260680644405058,1.5021363854450737e-05,1.0260680644405058
heft_prefill-1024xdecode_128_ops_trace.csv,decode,0,0,26,PIM0,pim,3,"QK:0,SV:0,SwiGLU:0",0.00020912000000002806,9.625e-06,pim|decode|0|ad5b8ee1d993c4b98653976b3384d9da,0,sample_step,0.00020912000000002806,9.625e-06,-0.00019949500000002805,0.046026205049726036,-0.00019949500000002805,0.046026205049726036
heft_prefill-1024xdecode_128_ops_trace.csv,decode,0,0,26,PIM1,pim,2,"QK:1,SV:1",0.00019302400000006259,9.122e-06,pim|decode|0|9ba94a90ae2a2c31a7bb0139c1e338eb,0,sample_step,0.00019302400000006259,9.122e-06,-0.0001839020000000626,0.047258372015899795,-0.0001839020000000626,0.047258372015899795
heft_prefill-1024xdecode_128_ops_trace.csv,decode,0,0,27,GPU0,npu,21,"LN:-1,Q:0,Q:1,K:0,K:1,V:0,V:1,Softmax:0,Softmax:1,O:0,O:1,Add:-1,LN:-1,FFN_W1:0,FFN_W3:0,FFN_W1:1,FFN_W3:1,SwiGLU:1,FFN_W2:0,FFN_W2:1,Add:-1",0.0005762362560033374,0.0005912576198577881,npu|decode|0|73e08628dbda71a17eeeee8768ee282d,0,sample_step,0.0005762362560033374,0.0005912576198577881,1.5021363854450737e-05,1.0260680644405058,1.5021363854450737e-05,1.0260680644405058
heft_prefill-1024xdecode_128_ops_trace.csv,decode,0,0,27,PIM0,pim,3,"QK:0,SV:0,SwiGLU:0",0.00020912000000002806,9.625e-06,pim|decode|0|ad5b8ee1d993c4b98653976b3384d9da,0,sample_step,0.00020912000000002806,9.625e-06,-0.00019949500000002805,0.046026205049726036,-0.00019949500000002805,0.046026205049726036
heft_prefill-1024xdecode_128_ops_trace.csv,decode,0,0,27,PIM1,pim,2,"QK:1,SV:1",0.00019302400000006259,9.122e-06,pim|decode|0|9ba94a90ae2a2c31a7bb0139c1e338eb,0,sample_step,0.00019302400000006259,9.122e-06,-0.0001839020000000626,0.047258372015899795,-0.0001839020000000626,0.047258372015899795
heft_prefill-1024xdecode_128_ops_trace.csv,decode,0,0,28,GPU0,npu,21,"LN:-1,Q:0,Q:1,K:0,K:1,V:0,V:1,Softmax:0,Softmax:1,O:0,O:1,Add:-1,LN:-1,FFN_W1:0,FFN_W3:0,FFN_W1:1,FFN_W3:1,SwiGLU:1,FFN_W2:0,FFN_W2:1,Add:-1",0.0005762362560033374,0.0005912576198577881,npu|decode|0|73e08628dbda71a17eeeee8768ee282d,0,sample_step,0.0005762362560033374,0.0005912576198577881,1.5021363854450737e-05,1.0260680644405058,1.5021363854450737e-05,1.0260680644405058
heft_prefill-1024xdecode_128_ops_trace.csv,decode,0,0,28,PIM0,pim,3,"QK:0,SV:0,SwiGLU:0",0.00020912000000002806,9.625e-06,pim|decode|0|ad5b8ee1d993c4b98653976b3384d9da,0,sample_step,0.00020912000000002806,9.625e-06,-0.00019949500000002805,0.046026205049726036,-0.00019949500000002805,0.046026205049726036
heft_prefill-1024xdecode_128_ops_trace.csv,decode,0,0,28,PIM1,pim,2,"QK:1,SV:1",0.00019302400000006259,9.122e-06,pim|decode|0|9ba94a90ae2a2c31a7bb0139c1e338eb,0,sample_step,0.00019302400000006259,9.122e-06,-0.0001839020000000626,0.047258372015899795,-0.0001839020000000626,0.047258372015899795
heft_prefill-1024xdecode_128_ops_trace.csv,decode,0,0,29,GPU0,npu,21,"LN:-1,Q:0,Q:1,K:0,K:1,V:0,V:1,Softmax:0,Softmax:1,O:0,O:1,Add:-1,LN:-1,FFN_W1:0,FFN_W3:0,FFN_W1:1,FFN_W3:1,SwiGLU:1,FFN_W2:0,FFN_W2:1,Add:-1",0.0005762362560033374,0.0005912576198577881,npu|decode|0|73e08628dbda71a17eeeee8768ee282d,0,sample_step,0.0005762362560033374,0.0005912576198577881,1.5021363854450737e-05,1.0260680644405058,1.5021363854450737e-05,1.0260680644405058
heft_prefill-1024xdecode_128_ops_trace.csv,decode,0,0,29,PIM0,pim,3,"QK:0,SV:0,SwiGLU:0",0.00020912000000002806,9.625e-06,pim|decode|0|ad5b8ee1d993c4b98653976b3384d9da,0,sample_step,0.00020912000000002806,9.625e-06,-0.00019949500000002805,0.046026205049726036,-0.00019949500000002805,0.046026205049726036
heft_prefill-1024xdecode_128_ops_trace.csv,decode,0,0,29,PIM1,pim,2,"QK:1,SV:1",0.00019302400000006259,9.122e-06,pim|decode|0|9ba94a90ae2a2c31a7bb0139c1e338eb,0,sample_step,0.00019302400000006259,9.122e-06,-0.0001839020000000626,0.047258372015899795,-0.0001839020000000626,0.047258372015899795
heft_prefill-1024xdecode_128_ops_trace.csv,decode,0,0,30,GPU0,npu,21,"LN:-1,Q:0,Q:1,K:0,K:1,V:0,V:1,Softmax:0,Softmax:1,O:0,O:1,Add:-1,LN:-1,FFN_W1:0,FFN_W3:0,FFN_W1:1,FFN_W3:1,SwiGLU:1,FFN_W2:0,FFN_W2:1,Add:-1",0.0005762362560033374,0.0005912576198577881,npu|decode|0|73e08628dbda71a17eeeee8768ee282d,0,sample_step,0.0005762362560033374,0.0005912576198577881,1.5021363854450737e-05,1.0260680644405058,1.5021363854450737e-05,1.0260680644405058
heft_prefill-1024xdecode_128_ops_trace.csv,decode,0,0,30,PIM0,pim,3,"QK:0,SV:0,SwiGLU:0",0.00020912000000002806,9.625e-06,pim|decode|0|ad5b8ee1d993c4b98653976b3384d9da,0,sample_step,0.00020912000000002806,9.625e-06,-0.00019949500000002805,0.046026205049726036,-0.00019949500000002805,0.046026205049726036
heft_prefill-1024xdecode_128_ops_trace.csv,decode,0,0,30,PIM1,pim,2,"QK:1,SV:1",0.00019302400000006259,9.122e-06,pim|decode|0|9ba94a90ae2a2c31a7bb0139c1e338eb,0,sample_step,0.00019302400000006259,9.122e-06,-0.0001839020000000626,0.047258372015899795,-0.0001839020000000626,0.047258372015899795
heft_prefill-1024xdecode_128_ops_trace.csv,decode,0,0,31,GPU0,npu,21,"LN:-1,Q:0,Q:1,K:0,K:1,V:0,V:1,Softmax:0,Softmax:1,O:0,O:1,Add:-1,LN:-1,FFN_W1:0,FFN_W3:0,FFN_W1:1,FFN_W3:1,SwiGLU:1,FFN_W2:0,FFN_W2:1,Add:-1",0.0005762362560033374,0.0005912576198577881,npu|decode|0|73e08628dbda71a17eeeee8768ee282d,0,sample_step,0.0005762362560033374,0.0005912576198577881,1.5021363854450737e-05,1.0260680644405058,1.5021363854450737e-05,1.0260680644405058
heft_prefill-1024xdecode_128_ops_trace.csv,decode,0,0,31,PIM0,pim,3,"QK:0,SV:0,SwiGLU:0",0.00020912000000002806,9.625e-06,pim|decode|0|ad5b8ee1d993c4b98653976b3384d9da,0,sample_step,0.00020912000000002806,9.625e-06,-0.00019949500000002805,0.046026205049726036,-0.00019949500000002805,0.046026205049726036
heft_prefill-1024xdecode_128_ops_trace.csv,decode,0,0,31,PIM1,pim,2,"QK:1,SV:1",0.00019302400000006259,9.122e-06,pim|decode|0|9ba94a90ae2a2c31a7bb0139c1e338eb,0,sample_step,0.00019302400000006259,9.122e-06,-0.0001839020000000626,0.047258372015899795,-0.0001839020000000626,0.047258372015899795
heft_prefill-1024xdecode_128_ops_trace.csv,decode,1,1,0,GPU0,npu,21,"LN:-1,Q:0,Q:1,K:0,K:1,V:0,V:1,Softmax:0,Softmax:1,O:0,O:1,Add:-1,LN:-1,FFN_W1:0,FFN_W3:0,FFN_W1:1,FFN_W3:1,SwiGLU:1,FFN_W2:0,FFN_W2:1,Add:-1",0.0005762381186484866,0.0005892096042633057,npu|decode|1|73e08628dbda71a17eeeee8768ee282d,1,sample_step,0.03630300147485466,0.037120205068588256,1.297148561481905e-05,1.0225106343975343,0.0008172035937335995,1.0225106343975343
heft_prefill-1024xdecode_128_ops_trace.csv,decode,1,1,0,PIM0,pim,3,"QK:0,SV:0,SwiGLU:0",0.00030799999999986546,9.625e-06,pim|decode|1|ad5b8ee1d993c4b98653976b3384d9da,1,sample_step,0.019403999999991525,0.000606375,-0.0002983749999998655,0.03125000000001365,-0.018797624999991526,0.03125000000001365
heft_prefill-1024xdecode_128_ops_trace.csv,decode,1,1,0,PIM1,pim,2,"QK:1,SV:1",0.0002919039999999,9.122e-06,pim|decode|1|9ba94a90ae2a2c31a7bb0139c1e338eb,1,sample_step,0.0183899519999937,0.000574686,-0.00028278199999989996,0.03125000000001071,-0.0178152659999937,0.03125000000001071
heft_prefill-1024xdecode_128_ops_trace.csv,decode,1,1,1,GPU0,npu,21,"LN:-1,Q:0,Q:1,K:0,K:1,V:0,V:1,Softmax:0,Softmax:1,O:0,O:1,Add:-1,LN:-1,FFN_W1:0,FFN_W3:0,FFN_W1:1,FFN_W3:1,SwiGLU:1,FFN_W2:0,FFN_W2:1,Add:-1",0.0005762381186484866,0.0005892096042633057,npu|decode|1|73e08628dbda71a17eeeee8768ee282d,1,sample_step,0.03630300147485466,0.037120205068588256,1.297148561481905e-05,1.0225106343975343,0.0008172035937335995,1.0225106343975343
heft_prefill-1024xdecode_128_ops_trace.csv,decode,1,1,1,PIM0,pim,3,"QK:0,SV:0,SwiGLU:0",0.00030799999999986546,9.625e-06,pim|decode|1|ad5b8ee1d993c4b98653976b3384d9da,1,sample_step,0.019403999999991525,0.000606375,-0.0002983749999998655,0.03125000000001365,-0.018797624999991526,0.03125000000001365
heft_prefill-1024xdecode_128_ops_trace.csv,decode,1,1,1,PIM1,pim,2,"QK:1,SV:1",0.0002919039999999,9.122e-06,pim|decode|1|9ba94a90ae2a2c31a7bb0139c1e338eb,1,sample_step,0.0183899519999937,0.000574686,-0.00028278199999989996,0.03125000000001071,-0.0178152659999937,0.03125000000001071
heft_prefill-1024xdecode_128_ops_trace.csv,decode,1,1,2,GPU0,npu,21,"LN:-1,Q:0,Q:1,K:0,K:1,V:0,V:1,Softmax:0,Softmax:1,O:0,O:1,Add:-1,LN:-1,FFN_W1:0,FFN_W3:0,FFN_W1:1,FFN_W3:1,SwiGLU:1,FFN_W2:0,FFN_W2:1,Add:-1",0.0005762381186484866,0.0005892096042633057,npu|decode|1|73e08628dbda71a17eeeee8768ee282d,1,sample_step,0.03630300147485466,0.037120205068588256,1.297148561481905e-05,1.0225106343975343,0.0008172035937335995,1.0225106343975343
heft_prefill-1024xdecode_128_ops_trace.csv,decode,1,1,2,PIM0,pim,3,"QK:0,SV:0,SwiGLU:0",0.00030799999999986546,9.625e-06,pim|decode|1|ad5b8ee1d993c4b98653976b3384d9da,1,sample_step,0.019403999999991525,0.000606375,-0.0002983749999998655,0.03125000000001365,-0.018797624999991526,0.03125000000001365
heft_prefill-1024xdecode_128_ops_trace.csv,decode,1,1,2,PIM1,pim,2,"QK:1,SV:1",0.0002919039999999,9.122e-06,pim|decode|1|9ba94a90ae2a2c31a7bb0139c1e338eb,1,sample_step,0.0183899519999937,0.000574686,-0.00028278199999989996,0.03125000000001071,-0.0178152659999937,0.03125000000001071
heft_prefill-1024xdecode_128_ops_trace.csv,decode,1,1,3,GPU0,npu,21,"LN:-1,Q:0,Q:1,K:0,K:1,V:0,V:1,Softmax:0,Softmax:1,O:0,O:1,Add:-1,LN:-1,FFN_W1:0,FFN_W3:0,FFN_W1:1,FFN_W3:1,SwiGLU:1,FFN_W2:0,FFN_W2:1,Add:-1",0.0005762381186484866,0.0005892096042633057,npu|decode|1|73e08628dbda71a17eeeee8768ee282d,1,sample_step,0.03630300147485466,0.037120205068588256,1.297148561481905e-05,1.0225106343975343,0.0008172035937335995,1.0225106343975343
heft_prefill-1024xdecode_128_ops_trace.csv,decode,1,1,3,PIM0,pim,3,"QK:0,SV:0,SwiGLU:0",0.00030799999999986546,9.625e-06,pim|decode|1|ad5b8ee1d993c4b98653976b3384d9da,1,sample_step,0.019403999999991525,0.000606375,-0.0002983749999998655,0.03125000000001365,-0.018797624999991526,0.03125000000001365
heft_prefill-1024xdecode_128_ops_trace.csv,decode,1,1,3,PIM1,pim,2,"QK:1,SV:1",0.0002919039999999,9.122e-06,pim|decode|1|9ba94a90ae2a2c31a7bb0139c1e338eb,1,sample_step,0.0183899519999937,0.000574686,-0.00028278199999989996,0.03125000000001071,-0.0178152659999937,0.03125000000001071
heft_prefill-1024xdecode_128_ops_trace.csv,decode,1,1,4,GPU0,npu,21,"LN:-1,Q:0,Q:1,K:0,K:1,V:0,V:1,Softmax:0,Softmax:1,O:0,O:1,Add:-1,LN:-1,FFN_W1:0,FFN_W3:0,FFN_W1:1,FFN_W3:1,SwiGLU:1,FFN_W2:0,FFN_W2:1,Add:-1",0.0005762381186484866,0.0005892096042633057,npu|decode|1|73e08628dbda71a17eeeee8768ee282d,1,sample_step,0.03630300147485466,0.037120205068588256,1.297148561481905e-05,1.0225106343975343,0.0008172035937335995,1.0225106343975343
heft_prefill-1024xdecode_128_ops_trace.csv,decode,1,1,4,PIM0,pim,3,"QK:0,SV:0,SwiGLU:0",0.00030799999999986546,9.625e-06,pim|decode|1|ad5b8ee1d993c4b98653976b3384d9da,1,sample_step,0.019403999999991525,0.000606375,-0.0002983749999998655,0.03125000000001365,-0.018797624999991526,0.03125000000001365
heft_prefill-1024xdecode_128_ops_trace.csv,decode,1,1,4,PIM1,pim,2,"QK:1,SV:1",0.0002919039999999,9.122e-06,pim|decode|1|9ba94a90ae2a2c31a7bb0139c1e338eb,1,sample_step,0.0183899519999937,0.000574686,-0.00028278199999989996,0.03125000000001071,-0.0178152659999937,0.03125000000001071
heft_prefill-1024xdecode_128_ops_trace.csv,decode,1,1,5,GPU0,npu,21,"LN:-1,Q:0,Q:1,K:0,K:1,V:0,V:1,Softmax:0,Softmax:1,O:0,O:1,Add:-1,LN:-1,FFN_W1:0,FFN_W3:0,FFN_W1:1,FFN_W3:1,SwiGLU:1,FFN_W2:0,FFN_W2:1,Add:-1",0.0005762381186484866,0.0005892096042633057,npu|decode|1|73e08628dbda71a17eeeee8768ee282d,1,sample_step,0.03630300147485466,0.037120205068588256,1.297148561481905e-05,1.0225106343975343,0.0008172035937335995,1.0225106343975343
heft_prefill-1024xdecode_128_ops_trace.csv,decode,1,1,5,PIM0,pim,3,"QK:0,SV:0,SwiGLU:0",0.00030799999999986546,9.625e-06,pim|decode|1|ad5b8ee1d993c4b98653976b3384d9da,1,sample_step,0.019403999999991525,0.000606375,-0.0002983749999998655,0.03125000000001365,-0.018797624999991526,0.03125000000001365
heft_prefill-1024xdecode_128_ops_trace.csv,decode,1,1,5,PIM1,pim,2,"QK:1,SV:1",0.0002919039999999,9.122e-06,pim|decode|1|9ba94a90ae2a2c31a7bb0139c1e338eb,1,sample_step,0.0183899519999937,0.000574686,-0.00028278199999989996,0.03125000000001071,-0.0178152659999937,0.03125000000001071
heft_prefill-1024xdecode_128_ops_trace.csv,decode,1,1,6,GPU0,npu,21,"LN:-1,Q:0,Q:1,K:0,K:1,V:0,V:1,Softmax:0,Softmax:1,O:0,O:1,Add:-1,LN:-1,FFN_W1:0,FFN_W3:0,FFN_W1:1,FFN_W3:1,SwiGLU:1,FFN_W2:0,FFN_W2:1,Add:-1",0.0005762381186484866,0.0005892096042633057,npu|decode|1|73e08628dbda71a17eeeee8768ee282d,1,sample_step,0.03630300147485466,0.037120205068588256,1.297148561481905e-05,1.0225106343975343,0.0008172035937335995,1.0225106343975343
heft_prefill-1024xdecode_128_ops_trace.csv,decode,1,1,6,PIM0,pim,3,"QK:0,SV:0,SwiGLU:0",0.00030799999999986546,9.625e-06,pim|decode|1|ad5b8ee1d993c4b98653976b3384d9da,1,sample_step,0.019403999999991525,0.000606375,-0.0002983749999998655,0.03125000000001365,-0.018797624999991526,0.03125000000001365
heft_prefill-1024xdecode_128_ops_trace.csv,decode,1,1,6,PIM1,pim,2,"QK:1,SV:1",0.0002919039999999,9.122e-06,pim|decode|1|9ba94a90ae2a2c31a7bb0139c1e338eb,1,sample_step,0.0183899519999937,0.000574686,-0.00028278199999989996,0.03125000000001071,-0.0178152659999937,0.03125000000001071
heft_prefill-1024xdecode_128_ops_trace.csv,decode,1,1,7,GPU0,npu,21,"LN:-1,Q:0,Q:1,K:0,K:1,V:0,V:1,Softmax:0,Softmax:1,O:0,O:1,Add:-1,LN:-1,FFN_W1:0,FFN_W3:0,FFN_W1:1,FFN_W3:1,SwiGLU:1,FFN_W2:0,FFN_W2:1,Add:-1",0.0005762381186484866,0.0005892096042633057,npu|decode|1|73e08628dbda71a17eeeee8768ee282d,1,sample_step,0.03630300147485466,0.037120205068588256,1.297148561481905e-05,1.0225106343975343,0.0008172035937335995,1.0225106343975343
heft_prefill-1024xdecode_128_ops_trace.csv,decode,1,1,7,PIM0,pim,3,"QK:0,SV:0,SwiGLU:0",0.00030799999999986546,9.625e-06,pim|decode|1|ad5b8ee1d993c4b98653976b3384d9da,1,sample_step,0.019403999999991525,0.000606375,-0.0002983749999998655,0.03125000000001365,-0.018797624999991526,0.03125000000001365
heft_prefill-1024xdecode_128_ops_trace.csv,decode,1,1,7,PIM1,pim,2,"QK:1,SV:1",0.0002919039999999,9.122e-06,pim|decode|1|9ba94a90ae2a2c31a7bb0139c1e338eb,1,sample_step,0.0183899519999937,0.000574686,-0.00028278199999989996,0.03125000000001071,-0.0178152659999937,0.03125000000001071
heft_prefill-1024xdecode_128_ops_trace.csv,decode,1,1,8,GPU0,npu,21,"LN:-1,Q:0,Q:1,K:0,K:1,V:0,V:1,Softmax:0,Softmax:1,O:0,O:1,Add:-1,LN:-1,FFN_W1:0,FFN_W3:0,FFN_W1:1,FFN_W3:1,SwiGLU:1,FFN_W2:0,FFN_W2:1,Add:-1",0.0005762381186484866,0.0005892096042633057,npu|decode|1|73e08628dbda71a17eeeee8768ee282d,1,sample_step,0.03630300147485466,0.037120205068588256,1.297148561481905e-05,1.0225106343975343,0.0008172035937335995,1.0225106343975343
heft_prefill-1024xdecode_128_ops_trace.csv,decode,1,1,8,PIM0,pim,3,"QK:0,SV:0,SwiGLU:0",0.00030799999999986546,9.625e-06,pim|decode|1|ad5b8ee1d993c4b98653976b3384d9da,1,sample_step,0.019403999999991525,0.000606375,-0.0002983749999998655,0.03125000000001365,-0.018797624999991526,0.03125000000001365
heft_prefill-1024xdecode_128_ops_trace.csv,decode,1,1,8,PIM1,pim,2,"QK:1,SV:1",0.0002919039999999,9.122e-06,pim|decode|1|9ba94a90ae2a2c31a7bb0139c1e338eb,1,sample_step,0.0183899519999937,0.000574686,-0.00028278199999989996,0.03125000000001071,-0.0178152659999937,0.03125000000001071
heft_prefill-1024xdecode_128_ops_trace.csv,decode,1,1,9,GPU0,npu,21,"LN:-1,Q:0,Q:1,K:0,K:1,V:0,V:1,Softmax:0,Softmax:1,O:0,O:1,Add:-1,LN:-1,FFN_W1:0,FFN_W3:0,FFN_W1:1,FFN_W3:1,SwiGLU:1,FFN_W2:0,FFN_W2:1,Add:-1",0.0005762381186484866,0.0005892096042633057,npu|decode|1|73e08628dbda71a17eeeee8768ee282d,1,sample_step,0.03630300147485466,0.037120205068588256,1.297148561481905e-05,1.0225106343975343,0.0008172035937335995,1.0225106343975343
heft_prefill-1024xdecode_128_ops_trace.csv,decode,1,1,9,PIM0,pim,3,"QK:0,SV:0,SwiGLU:0",0.00030799999999986546,9.625e-06,pim|decode|1|ad5b8ee1d993c4b98653976b3384d9da,1,sample_step,0.019403999999991525,0.000606375,-0.0002983749999998655,0.03125000000001365,-0.018797624999991526,0.03125000000001365
heft_prefill-1024xdecode_128_ops_trace.csv,decode,1,1,9,PIM1,pim,2,"QK:1,SV:1",0.0002919039999999,9.122e-06,pim|decode|1|9ba94a90ae2a2c31a7bb0139c1e338eb,1,sample_step,0.0183899519999937,0.000574686,-0.00028278199999989996,0.03125000000001071,-0.0178152659999937,0.03125000000001071
heft_prefill-1024xdecode_128_ops_trace.csv,decode,1,1,10,GPU0,npu,21,"LN:-1,Q:0,Q:1,K:0,K:1,V:0,V:1,Softmax:0,Softmax:1,O:0,O:1,Add:-1,LN:-1,FFN_W1:0,FFN_W3:0,FFN_W1:1,FFN_W3:1,SwiGLU:1,FFN_W2:0,FFN_W2:1,Add:-1",0.0005762381186484866,0.0005892096042633057,npu|decode|1|73e08628dbda71a17eeeee8768ee282d,1,sample_step,0.03630300147485466,0.037120205068588256,1.297148561481905e-05,1.0225106343975343,0.0008172035937335995,1.0225106343975343
heft_prefill-1024xdecode_128_ops_trace.csv,decode,1,1,10,PIM0,pim,3,"QK:0,SV:0,SwiGLU:0",0.00030799999999986546,9.625e-06,pim|decode|1|ad5b8ee1d993c4b98653976b3384d9da,1,sample_step,0.019403999999991525,0.000606375,-0.0002983749999998655,0.03125000000001365,-0.018797624999991526,0.03125000000001365
heft_prefill-1024xdecode_128_ops_trace.csv,decode,1,1,10,PIM1,pim,2,"QK:1,SV:1",0.0002919039999999,9.122e-06,pim|decode|1|9ba94a90ae2a2c31a7bb0139c1e338eb,1,sample_step,0.0183899519999937,0.000574686,-0.00028278199999989996,0.03125000000001071,-0.0178152659999937,0.03125000000001071
heft_prefill-1024xdecode_128_ops_trace.csv,decode,1,1,11,GPU0,npu,21,"LN:-1,Q:0,Q:1,K:0,K:1,V:0,V:1,Softmax:0,Softmax:1,O:0,O:1,Add:-1,LN:-1,FFN_W1:0,FFN_W3:0,FFN_W1:1,FFN_W3:1,SwiGLU:1,FFN_W2:0,FFN_W2:1,Add:-1",0.0005762381186484866,0.0005892096042633057,npu|decode|1|73e08628dbda71a17eeeee8768ee282d,1,sample_step,0.03630300147485466,0.037120205068588256,1.297148561481905e-05,1.0225106343975343,0.0008172035937335995,1.0225106343975343
heft_prefill-1024xdecode_128_ops_trace.csv,decode,1,1,11,PIM0,pim,3,"QK:0,SV:0,SwiGLU:0",0.00030799999999986546,9.625e-06,pim|decode|1|ad5b8ee1d993c4b98653976b3384d9da,1,sample_step,0.019403999999991525,0.000606375,-0.0002983749999998655,0.03125000000001365,-0.018797624999991526,0.03125000000001365
heft_prefill-1024xdecode_128_ops_trace.csv,decode,1,1,11,PIM1,pim,2,"QK:1,SV:1",0.0002919039999999,9.122e-06,pim|decode|1|9ba94a90ae2a2c31a7bb0139c1e338eb,1,sample_step,0.0183899519999937,0.000574686,-0.00028278199999989996,0.03125000000001071,-0.0178152659999937,0.03125000000001071
heft_prefill-1024xdecode_128_ops_trace.csv,decode,1,1,12,GPU0,npu,21,"LN:-1,Q:0,Q:1,K:0,K:1,V:0,V:1,Softmax:0,Softmax:1,O:0,O:1,Add:-1,LN:-1,FFN_W1:0,FFN_W3:0,FFN_W1:1,FFN_W3:1,SwiGLU:1,FFN_W2:0,FFN_W2:1,Add:-1",0.0005762381186484866,0.0005892096042633057,npu|decode|1|73e08628dbda71a17eeeee8768ee282d,1,sample_step,0.03630300147485466,0.037120205068588256,1.297148561481905e-05,1.0225106343975343,0.0008172035937335995,1.0225106343975343
heft_prefill-1024xdecode_128_ops_trace.csv,decode,1,1,12,PIM0,pim,3,"QK:0,SV:0,SwiGLU:0",0.00030799999999986546,9.625e-06,pim|decode|1|ad5b8ee1d993c4b98653976b3384d9da,1,sample_step,0.019403999999991525,0.000606375,-0.0002983749999998655,0.03125000000001365,-0.018797624999991526,0.03125000000001365
heft_prefill-1024xdecode_128_ops_trace.csv,decode,1,1,12,PIM1,pim,2,"QK:1,SV:1",0.0002919039999999,9.122e-06,pim|decode|1|9ba94a90ae2a2c31a7bb0139c1e338eb,1,sample_step,0.0183899519999937,0.000574686,-0.00028278199999989996,0.03125000000001071,-0.0178152659999937,0.03125000000001071
heft_prefill-1024xdecode_128_ops_trace.csv,decode,1,1,13,GPU0,npu,21,"LN:-1,Q:0,Q:1,K:0,K:1,V:0,V:1,Softmax:0,Softmax:1,O:0,O:1,Add:-1,LN:-1,FFN_W1:0,FFN_W3:0,FFN_W1:1,FFN_W3:1,SwiGLU:1,FFN_W2:0,FFN_W2:1,Add:-1",0.0005762381186484866,0.0005892096042633057,npu|decode|1|73e08628dbda71a17eeeee8768ee282d,1,sample_step,0.03630300147485466,0.037120205068588256,1.297148561481905e-05,1.0225106343975343,0.0008172035937335995,1.0225106343975343
heft_prefill-1024xdecode_128_ops_trace.csv,decode,1,1,13,PIM0,pim,3,"QK:0,SV:0,SwiGLU:0",0.00030799999999986546,9.625e-06,pim|decode|1|ad5b8ee1d993c4b98653976b3384d9da,1,sample_step,0.019403999999991525,0.000606375,-0.0002983749999998655,0.03125000000001365,-0.018797624999991526,0.03125000000001365
heft_prefill-1024xdecode_128_ops_trace.csv,decode,1,1,13,PIM1,pim,2,"QK:1,SV:1",0.0002919039999999,9.122e-06,pim|decode|1|9ba94a90ae2a2c31a7bb0139c1e338eb,1,sample_step,0.0183899519999937,0.000574686,-0.00028278199999989996,0.03125000000001071,-0.0178152659999937,0.03125000000001071
heft_prefill-1024xdecode_128_ops_trace.csv,decode,1,1,14,GPU0,npu,21,"LN:-1,Q:0,Q:1,K:0,K:1,V:0,V:1,Softmax:0,Softmax:1,O:0,O:1,Add:-1,LN:-1,FFN_W1:0,FFN_W3:0,FFN_W1:1,FFN_W3:1,SwiGLU:1,FFN_W2:0,FFN_W2:1,Add:-1",0.0005762381186484866,0.0005892096042633057,npu|decode|1|73e08628dbda71a17eeeee8768ee282d,1,sample_step,0.03630300147485466,0.037120205068588256,1.297148561481905e-05,1.0225106343975343,0.0008172035937335995,1.0225106343975343
heft_prefill-1024xdecode_128_ops_trace.csv,decode,1,1,14,PIM0,pim,3,"QK:0,SV:0,SwiGLU:0",0.00030799999999986546,9.625e-06,pim|decode|1|ad5b8ee1d993c4b98653976b3384d9da,1,sample_step,0.019403999999991525,0.000606375,-0.0002983749999998655,0.03125000000001365,-0.018797624999991526,0.03125000000001365
heft_prefill-1024xdecode_128_ops_trace.csv,decode,1,1,14,PIM1,pim,2,"QK:1,SV:1",0.0002919039999999,9.122e-06,pim|decode|1|9ba94a90ae2a2c31a7bb0139c1e338eb,1,sample_step,0.0183899519999937,0.000574686,-0.00028278199999989996,0.03125000000001071,-0.0178152659999937,0.03125000000001071
heft_prefill-1024xdecode_128_ops_trace.csv,decode,1,1,15,GPU0,npu,21,"LN:-1,Q:0,Q:1,K:0,K:1,V:0,V:1,Softmax:0,Softmax:1,O:0,O:1,Add:-1,LN:-1,FFN_W1:0,FFN_W3:0,FFN_W1:1,FFN_W3:1,SwiGLU:1,FFN_W2:0,FFN_W2:1,Add:-1",0.0005762381186484866,0.0005892096042633057,npu|decode|1|73e08628dbda71a17eeeee8768ee282d,1,sample_step,0.03630300147485466,0.037120205068588256,1.297148561481905e-05,1.0225106343975343,0.0008172035937335995,1.0225106343975343
heft_prefill-1024xdecode_128_ops_trace.csv,decode,1,1,15,PIM0,pim,3,"QK:0,SV:0,SwiGLU:0",0.00030799999999986546,9.625e-06,pim|decode|1|ad5b8ee1d993c4b98653976b3384d9da,1,sample_step,0.019403999999991525,0.000606375,-0.0002983749999998655,0.03125000000001365,-0.018797624999991526,0.03125000000001365
heft_prefill-1024xdecode_128_ops_trace.csv,decode,1,1,15,PIM1,pim,2,"QK:1,SV:1",0.0002919039999999,9.122e-06,pim|decode|1|9ba94a90ae2a2c31a7bb0139c1e338eb,1,sample_step,0.0183899519999937,0.000574686,-0.00028278199999989996,0.03125000000001071,-0.0178152659999937,0.03125000000001071
heft_prefill-1024xdecode_128_ops_trace.csv,decode,1,1,16,GPU0,npu,21,"LN:-1,Q:0,Q:1,K:0,K:1,V:0,V:1,Softmax:0,Softmax:1,O:0,O:1,Add:-1,LN:-1,FFN_W1:0,FFN_W3:0,FFN_W1:1,FFN_W3:1,SwiGLU:1,FFN_W2:0,FFN_W2:1,Add:-1",0.0005762381186484866,0.0005892096042633057,npu|decode|1|73e08628dbda71a17eeeee8768ee282d,1,sample_step,0.03630300147485466,0.037120205068588256,1.297148561481905e-05,1.0225106343975343,0.0008172035937335995,1.0225106343975343
heft_prefill-1024xdecode_128_ops_trace.csv,decode,1,1,16,PIM0,pim,3,"QK:0,SV:0,SwiGLU:0",0.00030799999999986546,9.625e-06,pim|decode|1|ad5b8ee1d993c4b98653976b3384d9da,1,sample_step,0.019403999999991525,0.000606375,-0.0002983749999998655,0.03125000000001365,-0.018797624999991526,0.03125000000001365
heft_prefill-1024xdecode_128_ops_trace.csv,decode,1,1,16,PIM1,pim,2,"QK:1,SV:1",0.0002919039999999,9.122e-06,pim|decode|1|9ba94a90ae2a2c31a7bb0139c1e338eb,1,sample_step,0.0183899519999937,0.000574686,-0.00028278199999989996,0.03125000000001071,-0.0178152659999937,0.03125000000001071
heft_prefill-1024xdecode_128_ops_trace.csv,decode,1,1,17,GPU0,npu,21,"LN:-1,Q:0,Q:1,K:0,K:1,V:0,V:1,Softmax:0,Softmax:1,O:0,O:1,Add:-1,LN:-1,FFN_W1:0,FFN_W3:0,FFN_W1:1,FFN_W3:1,SwiGLU:1,FFN_W2:0,FFN_W2:1,Add:-1",0.0005762381186484866,0.0005892096042633057,npu|decode|1|73e08628dbda71a17eeeee8768ee282d,1,sample_step,0.03630300147485466,0.037120205068588256,1.297148561481905e-05,1.0225106343975343,0.0008172035937335995,1.0225106343975343
heft_prefill-1024xdecode_128_ops_trace.csv,decode,1,1,17,PIM0,pim,3,"QK:0,SV:0,SwiGLU:0",0.00030799999999986546,9.625e-06,pim|decode|1|ad5b8ee1d993c4b98653976b3384d9da,1,sample_step,0.019403999999991525,0.000606375,-0.0002983749999998655,0.03125000000001365,-0.018797624999991526,0.03125000000001365
heft_prefill-1024xdecode_128_ops_trace.csv,decode,1,1,17,PIM1,pim,2,"QK:1,SV:1",0.0002919039999999,9.122e-06,pim|decode|1|9ba94a90ae2a2c31a7bb0139c1e338eb,1,sample_step,0.0183899519999937,0.000574686,-0.00028278199999989996,0.03125000000001071,-0.0178152659999937,0.03125000000001071
heft_prefill-1024xdecode_128_ops_trace.csv,decode,1,1,18,GPU0,npu,21,"LN:-1,Q:0,Q:1,K:0,K:1,V:0,V:1,Softmax:0,Softmax:1,O:0,O:1,Add:-1,LN:-1,FFN_W1:0,FFN_W3:0,FFN_W1:1,FFN_W3:1,SwiGLU:1,FFN_W2:0,FFN_W2:1,Add:-1",0.0005762381186484866,0.0005892096042633057,npu|decode|1|73e08628dbda71a17eeeee8768ee282d,1,sample_step,0.03630300147485466,0.037120205068588256,1.297148561481905e-05,1.0225106343975343,0.0008172035937335995,1.0225106343975343
heft_prefill-1024xdecode_128_ops_trace.csv,decode,1,1,18,PIM0,pim,3,"QK:0,SV:0,SwiGLU:0",0.00030799999999986546,9.625e-06,pim|decode|1|ad5b8ee1d993c4b98653976b3384d9da,1,sample_step,0.019403999999991525,0.000606375,-0.0002983749999998655,0.03125000000001365,-0.018797624999991526,0.03125000000001365
heft_prefill-1024xdecode_128_ops_trace.csv,decode,1,1,18,PIM1,pim,2,"QK:1,SV:1",0.0002919039999999,9.122e-06,pim|decode|1|9ba94a90ae2a2c31a7bb0139c1e338eb,1,sample_step,0.0183899519999937,0.000574686,-0.00028278199999989996,0.03125000000001071,-0.0178152659999937,0.03125000000001071
heft_prefill-1024xdecode_128_ops_trace.csv,decode,1,1,19,GPU0,npu,21,"LN:-1,Q:0,Q:1,K:0,K:1,V:0,V:1,Softmax:0,Softmax:1,O:0,O:1,Add:-1,LN:-1,FFN_W1:0,FFN_W3:0,FFN_W1:1,FFN_W3:1,SwiGLU:1,FFN_W2:0,FFN_W2:1,Add:-1",0.0005762381186484866,0.0005892096042633057,npu|decode|1|73e08628dbda71a17eeeee8768ee282d,1,sample_step,0.03630300147485466,0.037120205068588256,1.297148561481905e-05,1.0225106343975343,0.0008172035937335995,1.0225106343975343
heft_prefill-1024xdecode_128_ops_trace.csv,decode,1,1,19,PIM0,pim,3,"QK:0,SV:0,SwiGLU:0",0.00030799999999986546,9.625e-06,pim|decode|1|ad5b8ee1d993c4b98653976b3384d9da,1,sample_step,0.019403999999991525,0.000606375,-0.0002983749999998655,0.03125000000001365,-0.018797624999991526,0.03125000000001365
heft_prefill-1024xdecode_128_ops_trace.csv,decode,1,1,19,PIM1,pim,2,"QK:1,SV:1",0.0002919039999999,9.122e-06,pim|decode|1|9ba94a90ae2a2c31a7bb0139c1e338eb,1,sample_step,0.0183899519999937,0.000574686,-0.00028278199999989996,0.03125000000001071,-0.0178152659999937,0.03125000000001071
heft_prefill-1024xdecode_128_ops_trace.csv,decode,1,1,20,GPU0,npu,21,"LN:-1,Q:0,Q:1,K:0,K:1,V:0,V:1,Softmax:0,Softmax:1,O:0,O:1,Add:-1,LN:-1,FFN_W1:0,FFN_W3:0,FFN_W1:1,FFN_W3:1,SwiGLU:1,FFN_W2:0,FFN_W2:1,Add:-1",0.0005762381186484866,0.0005892096042633057,npu|decode|1|73e08628dbda71a17eeeee8768ee282d,1,sample_step,0.03630300147485466,0.037120205068588256,1.297148561481905e-05,1.0225106343975343,0.0008172035937335995,1.0225106343975343
heft_prefill-1024xdecode_128_ops_trace.csv,decode,1,1,20,PIM0,pim,3,"QK:0,SV:0,SwiGLU:0",0.00030799999999986546,9.625e-06,pim|decode|1|ad5b8ee1d993c4b98653976b3384d9da,1,sample_step,0.019403999999991525,0.000606375,-0.0002983749999998655,0.03125000000001365,-0.018797624999991526,0.03125000000001365
heft_prefill-1024xdecode_128_ops_trace.csv,decode,1,1,20,PIM1,pim,2,"QK:1,SV:1",0.0002919039999999,9.122e-06,pim|decode|1|9ba94a90ae2a2c31a7bb0139c1e338eb,1,sample_step,0.0183899519999937,0.000574686,-0.00028278199999989996,0.03125000000001071,-0.0178152659999937,0.03125000000001071
heft_prefill-1024xdecode_128_ops_trace.csv,decode,1,1,21,GPU0,npu,21,"LN:-1,Q:0,Q:1,K:0,K:1,V:0,V:1,Softmax:0,Softmax:1,O:0,O:1,Add:-1,LN:-1,FFN_W1:0,FFN_W3:0,FFN_W1:1,FFN_W3:1,SwiGLU:1,FFN_W2:0,FFN_W2:1,Add:-1",0.0005762381186484866,0.0005892096042633057,npu|decode|1|73e08628dbda71a17eeeee8768ee282d,1,sample_step,0.03630300147485466,0.037120205068588256,1.297148561481905e-05,1.0225106343975343,0.0008172035937335995,1.0225106343975343
heft_prefill-1024xdecode_128_ops_trace.csv,decode,1,1,21,PIM0,pim,3,"QK:0,SV:0,SwiGLU:0",0.00030799999999986546,9.625e-06,pim|decode|1|ad5b8ee1d993c4b98653976b3384d9da,1,sample_step,0.019403999999991525,0.000606375,-0.0002983749999998655,0.03125000000001365,-0.018797624999991526,0.03125000000001365
heft_prefill-1024xdecode_128_ops_trace.csv,decode,1,1,21,PIM1,pim,2,"QK:1,SV:1",0.0002919039999999,9.122e-06,pim|decode|1|9ba94a90ae2a2c31a7bb0139c1e338eb,1,sample_step,0.0183899519999937,0.000574686,-0.00028278199999989996,0.03125000000001071,-0.0178152659999937,0.03125000000001071
heft_prefill-1024xdecode_128_ops_trace.csv,decode,1,1,22,GPU0,npu,21,"LN:-1,Q:0,Q:1,K:0,K:1,V:0,V:1,Softmax:0,Softmax:1,O:0,O:1,Add:-1,LN:-1,FFN_W1:0,FFN_W3:0,FFN_W1:1,FFN_W3:1,SwiGLU:1,FFN_W2:0,FFN_W2:1,Add:-1",0.0005762381186484866,0.0005892096042633057,npu|decode|1|73e08628dbda71a17eeeee8768ee282d,1,sample_step,0.03630300147485466,0.037120205068588256,1.297148561481905e-05,1.0225106343975343,0.0008172035937335995,1.0225106343975343
heft_prefill-1024xdecode_128_ops_trace.csv,decode,1,1,22,PIM0,pim,3,"QK:0,SV:0,SwiGLU:0",0.00030799999999986546,9.625e-06,pim|decode|1|ad5b8ee1d993c4b98653976b3384d9da,1,sample_step,0.019403999999991525,0.000606375,-0.0002983749999998655,0.03125000000001365,-0.018797624999991526,0.03125000000001365
heft_prefill-1024xdecode_128_ops_trace.csv,decode,1,1,22,PIM1,pim,2,"QK:1,SV:1",0.0002919039999999,9.122e-06,pim|decode|1|9ba94a90ae2a2c31a7bb0139c1e338eb,1,sample_step,0.0183899519999937,0.000574686,-0.00028278199999989996,0.03125000000001071,-0.0178152659999937,0.03125000000001071
heft_prefill-1024xdecode_128_ops_trace.csv,decode,1,1,23,GPU0,npu,21,"LN:-1,Q:0,Q:1,K:0,K:1,V:0,V:1,Softmax:0,Softmax:1,O:0,O:1,Add:-1,LN:-1,FFN_W1:0,FFN_W3:0,FFN_W1:1,FFN_W3:1,SwiGLU:1,FFN_W2:0,FFN_W2:1,Add:-1",0.0005762381186484866,0.0005892096042633057,npu|decode|1|73e08628dbda71a17eeeee8768ee282d,1,sample_step,0.03630300147485466,0.037120205068588256,1.297148561481905e-05,1.0225106343975343,0.0008172035937335995,1.0225106343975343
heft_prefill-1024xdecode_128_ops_trace.csv,decode,1,1,23,PIM0,pim,3,"QK:0,SV:0,SwiGLU:0",0.00030799999999986546,9.625e-06,pim|decode|1|ad5b8ee1d993c4b98653976b3384d9da,1,sample_step,0.019403999999991525,0.000606375,-0.0002983749999998655,0.03125000000001365,-0.018797624999991526,0.03125000000001365
heft_prefill-1024xdecode_128_ops_trace.csv,decode,1,1,23,PIM1,pim,2,"QK:1,SV:1",0.0002919039999999,9.122e-06,pim|decode|1|9ba94a90ae2a2c31a7bb0139c1e338eb,1,sample_step,0.0183899519999937,0.000574686,-0.00028278199999989996,0.03125000000001071,-0.0178152659999937,0.03125000000001071
heft_prefill-1024xdecode_128_ops_trace.csv,decode,1,1,24,GPU0,npu,21,"LN:-1,Q:0,Q:1,K:0,K:1,V:0,V:1,Softmax:0,Softmax:1,O:0,O:1,Add:-1,LN:-1,FFN_W1:0,FFN_W3:0,FFN_W1:1,FFN_W3:1,SwiGLU:1,FFN_W2:0,FFN_W2:1,Add:-1",0.0005762381186484866,0.0005892096042633057,npu|decode|1|73e08628dbda71a17eeeee8768ee282d,1,sample_step,0.03630300147485466,0.037120205068588256,1.297148561481905e-05,1.0225106343975343,0.0008172035937335995,1.0225106343975343
heft_prefill-1024xdecode_128_ops_trace.csv,decode,1,1,24,PIM0,pim,3,"QK:0,SV:0,SwiGLU:0",0.00030799999999986546,9.625e-06,pim|decode|1|ad5b8ee1d993c4b98653976b3384d9da,1,sample_step,0.019403999999991525,0.000606375,-0.0002983749999998655,0.03125000000001365,-0.018797624999991526,0.03125000000001365
heft_prefill-1024xdecode_128_ops_trace.csv,decode,1,1,24,PIM1,pim,2,"QK:1,SV:1",0.0002919039999999,9.122e-06,pim|decode|1|9ba94a90ae2a2c31a7bb0139c1e338eb,1,sample_step,0.0183899519999937,0.000574686,-0.00028278199999989996,0.03125000000001071,-0.0178152659999937,0.03125000000001071
heft_prefill-1024xdecode_128_ops_trace.csv,decode,1,1,25,GPU0,npu,21,"LN:-1,Q:0,Q:1,K:0,K:1,V:0,V:1,Softmax:0,Softmax:1,O:0,O:1,Add:-1,LN:-1,FFN_W1:0,FFN_W3:0,FFN_W1:1,FFN_W3:1,SwiGLU:1,FFN_W2:0,FFN_W2:1,Add:-1",0.0005762381186484866,0.0005892096042633057,npu|decode|1|73e08628dbda71a17eeeee8768ee282d,1,sample_step,0.03630300147485466,0.037120205068588256,1.297148561481905e-05,1.0225106343975343,0.0008172035937335995,1.0225106343975343
heft_prefill-1024xdecode_128_ops_trace.csv,decode,1,1,25,PIM0,pim,3,"QK:0,SV:0,SwiGLU:0",0.00030799999999986546,9.625e-06,pim|decode|1|ad5b8ee1d993c4b98653976b3384d9da,1,sample_step,0.019403999999991525,0.000606375,-0.0002983749999998655,0.03125000000001365,-0.018797624999991526,0.03125000000001365
heft_prefill-1024xdecode_128_ops_trace.csv,decode,1,1,25,PIM1,pim,2,"QK:1,SV:1",0.0002919039999999,9.122e-06,pim|decode|1|9ba94a90ae2a2c31a7bb0139c1e338eb,1,sample_step,0.0183899519999937,0.000574686,-0.00028278199999989996,0.03125000000001071,-0.0178152659999937,0.03125000000001071
heft_prefill-1024xdecode_128_ops_trace.csv,decode,1,1,26,GPU0,npu,21,"LN:-1,Q:0,Q:1,K:0,K:1,V:0,V:1,Softmax:0,Softmax:1,O:0,O:1,Add:-1,LN:-1,FFN_W1:0,FFN_W3:0,FFN_W1:1,FFN_W3:1,SwiGLU:1,FFN_W2:0,FFN_W2:1,Add:-1",0.0005762381186484866,0.0005892096042633057,npu|decode|1|73e08628dbda71a17eeeee8768ee282d,1,sample_step,0.03630300147485466,0.037120205068588256,1.297148561481905e-05,1.0225106343975343,0.0008172035937335995,1.0225106343975343
heft_prefill-1024xdecode_128_ops_trace.csv,decode,1,1,26,PIM0,pim,3,"QK:0,SV:0,SwiGLU:0",0.00030799999999986546,9.625e-06,pim|decode|1|ad5b8ee1d993c4b98653976b3384d9da,1,sample_step,0.019403999999991525,0.000606375,-0.0002983749999998655,0.03125000000001365,-0.018797624999991526,0.03125000000001365
heft_prefill-1024xdecode_128_ops_trace.csv,decode,1,1,26,PIM1,pim,2,"QK:1,SV:1",0.0002919039999999,9.122e-06,pim|decode|1|9ba94a90ae2a2c31a7bb0139c1e338eb,1,sample_step,0.0183899519999937,0.000574686,-0.00028278199999989996,0.03125000000001071,-0.0178152659999937,0.03125000000001071
heft_prefill-1024xdecode_128_ops_trace.csv,decode,1,1,27,GPU0,npu,21,"LN:-1,Q:0,Q:1,K:0,K:1,V:0,V:1,Softmax:0,Softmax:1,O:0,O:1,Add:-1,LN:-1,FFN_W1:0,FFN_W3:0,FFN_W1:1,FFN_W3:1,SwiGLU:1,FFN_W2:0,FFN_W2:1,Add:-1",0.0005762381186484866,0.0005892096042633057,npu|decode|1|73e08628dbda71a17eeeee8768ee282d,1,sample_step,0.03630300147485466,0.037120205068588256,1.297148561481905e-05,1.0225106343975343,0.0008172035937335995,1.0225106343975343
heft_prefill-1024xdecode_128_ops_trace.csv,decode,1,1,27,PIM0,pim,3,"QK:0,SV:0,SwiGLU:0",0.00030799999999986546,9.625e-06,pim|decode|1|ad5b8ee1d993c4b98653976b3384d9da,1,sample_step,0.019403999999991525,0.000606375,-0.0002983749999998655,0.03125000000001365,-0.018797624999991526,0.03125000000001365
heft_prefill-1024xdecode_128_ops_trace.csv,decode,1,1,27,PIM1,pim,2,"QK:1,SV:1",0.0002919039999999,9.122e-06,pim|decode|1|9ba94a90ae2a2c31a7bb0139c1e338eb,1,sample_step,0.0183899519999937,0.000574686,-0.00028278199999989996,0.03125000000001071,-0.0178152659999937,0.03125000000001071
heft_prefill-1024xdecode_128_ops_trace.csv,decode,1,1,28,GPU0,npu,21,"LN:-1,Q:0,Q:1,K:0,K:1,V:0,V:1,Softmax:0,Softmax:1,O:0,O:1,Add:-1,LN:-1,FFN_W1:0,FFN_W3:0,FFN_W1:1,FFN_W3:1,SwiGLU:1,FFN_W2:0,FFN_W2:1,Add:-1",0.0005762381186484866,0.0005892096042633057,npu|decode|1|73e08628dbda71a17eeeee8768ee282d,1,sample_step,0.03630300147485466,0.037120205068588256,1.297148561481905e-05,1.0225106343975343,0.0008172035937335995,1.0225106343975343
heft_prefill-1024xdecode_128_ops_trace.csv,decode,1,1,28,PIM0,pim,3,"QK:0,SV:0,SwiGLU:0",0.00030799999999986546,9.625e-06,pim|decode|1|ad5b8ee1d993c4b98653976b3384d9da,1,sample_step,0.019403999999991525,0.000606375,-0.0002983749999998655,0.03125000000001365,-0.018797624999991526,0.03125000000001365
heft_prefill-1024xdecode_128_ops_trace.csv,decode,1,1,28,PIM1,pim,2,"QK:1,SV:1",0.0002919039999999,9.122e-06,pim|decode|1|9ba94a90ae2a2c31a7bb0139c1e338eb,1,sample_step,0.0183899519999937,0.000574686,-0.00028278199999989996,0.03125000000001071,-0.0178152659999937,0.03125000000001071
heft_prefill-1024xdecode_128_ops_trace.csv,decode,1,1,29,GPU0,npu,21,"LN:-1,Q:0,Q:1,K:0,K:1,V:0,V:1,Softmax:0,Softmax:1,O:0,O:1,Add:-1,LN:-1,FFN_W1:0,FFN_W3:0,FFN_W1:1,FFN_W3:1,SwiGLU:1,FFN_W2:0,FFN_W2:1,Add:-1",0.0005762381186484866,0.0005892096042633057,npu|decode|1|73e08628dbda71a17eeeee8768ee282d,1,sample_step,0.03630300147485466,0.037120205068588256,1.297148561481905e-05,1.0225106343975343,0.0008172035937335995,1.0225106343975343
heft_prefill-1024xdecode_128_ops_trace.csv,decode,1,1,29,PIM0,pim,3,"QK:0,SV:0,SwiGLU:0",0.00030799999999986546,9.625e-06,pim|decode|1|ad5b8ee1d993c4b98653976b3384d9da,1,sample_step,0.019403999999991525,0.000606375,-0.0002983749999998655,0.03125000000001365,-0.018797624999991526,0.03125000000001365
heft_prefill-1024xdecode_128_ops_trace.csv,decode,1,1,29,PIM1,pim,2,"QK:1,SV:1",0.0002919039999999,9.122e-06,pim|decode|1|9ba94a90ae2a2c31a7bb0139c1e338eb,1,sample_step,0.0183899519999937,0.000574686,-0.00028278199999989996,0.03125000000001071,-0.0178152659999937,0.03125000000001071
heft_prefill-1024xdecode_128_ops_trace.csv,decode,1,1,30,GPU0,npu,21,"LN:-1,Q:0,Q:1,K:0,K:1,V:0,V:1,Softmax:0,Softmax:1,O:0,O:1,Add:-1,LN:-1,FFN_W1:0,FFN_W3:0,FFN_W1:1,FFN_W3:1,SwiGLU:1,FFN_W2:0,FFN_W2:1,Add:-1",0.0005762381186484866,0.0005892096042633057,npu|decode|1|73e08628dbda71a17eeeee8768ee282d,1,sample_step,0.03630300147485466,0.037120205068588256,1.297148561481905e-05,1.0225106343975343,0.0008172035937335995,1.0225106343975343
heft_prefill-1024xdecode_128_ops_trace.csv,decode,1,1,30,PIM0,pim,3,"QK:0,SV:0,SwiGLU:0",0.00030799999999986546,9.625e-06,pim|decode|1|ad5b8ee1d993c4b98653976b3384d9da,1,sample_step,0.019403999999991525,0.000606375,-0.0002983749999998655,0.03125000000001365,-0.018797624999991526,0.03125000000001365
heft_prefill-1024xdecode_128_ops_trace.csv,decode,1,1,30,PIM1,pim,2,"QK:1,SV:1",0.0002919039999999,9.122e-06,pim|decode|1|9ba94a90ae2a2c31a7bb0139c1e338eb,1,sample_step,0.0183899519999937,0.000574686,-0.00028278199999989996,0.03125000000001071,-0.0178152659999937,0.03125000000001071
heft_prefill-1024xdecode_128_ops_trace.csv,decode,1,1,31,GPU0,npu,21,"LN:-1,Q:0,Q:1,K:0,K:1,V:0,V:1,Softmax:0,Softmax:1,O:0,O:1,Add:-1,LN:-1,FFN_W1:0,FFN_W3:0,FFN_W1:1,FFN_W3:1,SwiGLU:1,FFN_W2:0,FFN_W2:1,Add:-1",0.0005762381186484866,0.0005892096042633057,npu|decode|1|73e08628dbda71a17eeeee8768ee282d,1,sample_step,0.03630300147485466,0.037120205068588256,1.297148561481905e-05,1.0225106343975343,0.0008172035937335995,1.0225106343975343
heft_prefill-1024xdecode_128_ops_trace.csv,decode,1,1,31,PIM0,pim,3,"QK:0,SV:0,SwiGLU:0",0.00030799999999986546,9.625e-06,pim|decode|1|ad5b8ee1d993c4b98653976b3384d9da,1,sample_step,0.019403999999991525,0.000606375,-0.0002983749999998655,0.03125000000001365,-0.018797624999991526,0.03125000000001365
heft_prefill-1024xdecode_128_ops_trace.csv,decode,1,1,31,PIM1,pim,2,"QK:1,SV:1",0.0002919039999999,9.122e-06,pim|decode|1|9ba94a90ae2a2c31a7bb0139c1e338eb,1,sample_step,0.0183899519999937,0.000574686,-0.00028278199999989996,0.03125000000001071,-0.0178152659999937,0.03125000000001071
heft_prefill-1024xdecode_128_ops_trace.csv,decode,2,63,0,GPU0,npu,21,"LN:-1,Q:0,Q:1,K:0,K:1,V:0,V:1,Softmax:0,Softmax:1,O:0,O:1,Add:-1,LN:-1,FFN_W1:0,FFN_W3:0,FFN_W1:1,FFN_W3:1,SwiGLU:1,FFN_W2:0,FFN_W2:1,Add:-1",0.0005763554652977732,0.0005886975765228272,npu|decode|2|73e08628dbda71a17eeeee8768ee282d,2,sample_step,0.03688674977905748,0.03767664489746094,1.2342111225054054e-05,1.0214140612316005,0.0007898951184034594,1.0214140612316005
heft_prefill-1024xdecode_128_ops_trace.csv,decode,2,63,0,PIM0,pim,3,"QK:0,SV:0,SwiGLU:0",0.00030972800000030954,9.679e-06,pim|decode|2|ad5b8ee1d993c4b98653976b3384d9da,2,sample_step,0.01982259200001981,0.000619456,-0.0003000490000003095,0.031249999999968768,-0.01920313600001981,0.031249999999968768
heft_prefill-1024xdecode_128_ops_trace.csv,decode,2,63,0,PIM1,pim,2,"QK:1,SV:1",0.0002936319999999,9.176e-06,pim|decode|2|9ba94a90ae2a2c31a7bb0139c1e338eb,2,sample_step,0.0187924479999936,0.000587264,-0.00028445599999989997,0.031250000000010644,-0.018205183999993598,0.031250000000010644
heft_prefill-1024xdecode_128_ops_trace.csv,decode,2,63,1,GPU0,npu,21,"LN:-1,Q:0,Q:1,K:0,K:1,V:0,V:1,Softmax:0,Softmax:1,O:0,O:1,Add:-1,LN:-1,FFN_W1:0,FFN_W3:0,FFN_W1:1,FFN_W3:1,SwiGLU:1,FFN_W2:0,FFN_W2:1,Add:-1",0.0005763554652977732,0.0005886975765228272,npu|decode|2|73e08628dbda71a17eeeee8768ee282d,2,sample_step,0.03688674977905748,0.03767664489746094,1.2342111225054054e-05,1.0214140612316005,0.0007898951184034594,1.0214140612316005
heft_prefill-1024xdecode_128_ops_trace.csv,decode,2,63,1,PIM0,pim,3,"QK:0,SV:0,SwiGLU:0",0.00030972800000030954,9.679e-06,pim|decode|2|ad5b8ee1d993c4b98653976b3384d9da,2,sample_step,0.01982259200001981,0.000619456,-0.0003000490000003095,0.031249999999968768,-0.01920313600001981,0.031249999999968768
heft_prefill-1024xdecode_128_ops_trace.csv,decode,2,63,1,PIM1,pim,2,"QK:1,SV:1",0.0002936319999999,9.176e-06,pim|decode|2|9ba94a90ae2a2c31a7bb0139c1e338eb,2,sample_step,0.0187924479999936,0.000587264,-0.00028445599999989997,0.031250000000010644,-0.018205183999993598,0.031250000000010644
heft_prefill-1024xdecode_128_ops_trace.csv,decode,2,63,2,GPU0,npu,21,"LN:-1,Q:0,Q:1,K:0,K:1,V:0,V:1,Softmax:0,Softmax:1,O:0,O:1,Add:-1,LN:-1,FFN_W1:0,FFN_W3:0,FFN_W1:1,FFN_W3:1,SwiGLU:1,FFN_W2:0,FFN_W2:1,Add:-1",0.0005763554652977732,0.0005886975765228272,npu|decode|2|73e08628dbda71a17eeeee8768ee282d,2,sample_step,0.03688674977905748,0.03767664489746094,1.2342111225054054e-05,1.0214140612316005,0.0007898951184034594,1.0214140612316005
heft_prefill-1024xdecode_128_ops_trace.csv,decode,2,63,2,PIM0,pim,3,"QK:0,SV:0,SwiGLU:0",0.00030972800000030954,9.679e-06,pim|decode|2|ad5b8ee1d993c4b98653976b3384d9da,2,sample_step,0.01982259200001981,0.000619456,-0.0003000490000003095,0.031249999999968768,-0.01920313600001981,0.031249999999968768
heft_prefill-1024xdecode_128_ops_trace.csv,decode,2,63,2,PIM1,pim,2,"QK:1,SV:1",0.0002936319999999,9.176e-06,pim|decode|2|9ba94a90ae2a2c31a7bb0139c1e338eb,2,sample_step,0.0187924479999936,0.000587264,-0.00028445599999989997,0.031250000000010644,-0.018205183999993598,0.031250000000010644
heft_prefill-1024xdecode_128_ops_trace.csv,decode,2,63,3,GPU0,npu,21,"LN:-1,Q:0,Q:1,K:0,K:1,V:0,V:1,Softmax:0,Softmax:1,O:0,O:1,Add:-1,LN:-1,FFN_W1:0,FFN_W3:0,FFN_W1:1,FFN_W3:1,SwiGLU:1,FFN_W2:0,FFN_W2:1,Add:-1",0.0005763554652977732,0.0005886975765228272,npu|decode|2|73e08628dbda71a17eeeee8768ee282d,2,sample_step,0.03688674977905748,0.03767664489746094,1.2342111225054054e-05,1.0214140612316005,0.0007898951184034594,1.0214140612316005
heft_prefill-1024xdecode_128_ops_trace.csv,decode,2,63,3,PIM0,pim,3,"QK:0,SV:0,SwiGLU:0",0.00030972800000030954,9.679e-06,pim|decode|2|ad5b8ee1d993c4b98653976b3384d9da,2,sample_step,0.01982259200001981,0.000619456,-0.0003000490000003095,0.031249999999968768,-0.01920313600001981,0.031249999999968768
heft_prefill-1024xdecode_128_ops_trace.csv,decode,2,63,3,PIM1,pim,2,"QK:1,SV:1",0.0002936319999999,9.176e-06,pim|decode|2|9ba94a90ae2a2c31a7bb0139c1e338eb,2,sample_step,0.0187924479999936,0.000587264,-0.00028445599999989997,0.031250000000010644,-0.018205183999993598,0.031250000000010644
heft_prefill-1024xdecode_128_ops_trace.csv,decode,2,63,4,GPU0,npu,21,"LN:-1,Q:0,Q:1,K:0,K:1,V:0,V:1,Softmax:0,Softmax:1,O:0,O:1,Add:-1,LN:-1,FFN_W1:0,FFN_W3:0,FFN_W1:1,FFN_W3:1,SwiGLU:1,FFN_W2:0,FFN_W2:1,Add:-1",0.0005763554652977732,0.0005886975765228272,npu|decode|2|73e08628dbda71a17eeeee8768ee282d,2,sample_step,0.03688674977905748,0.03767664489746094,1.2342111225054054e-05,1.0214140612316005,0.0007898951184034594,1.0214140612316005
heft_prefill-1024xdecode_128_ops_trace.csv,decode,2,63,4,PIM0,pim,3,"QK:0,SV:0,SwiGLU:0",0.00030972800000030954,9.679e-06,pim|decode|2|ad5b8ee1d993c4b98653976b3384d9da,2,sample_step,0.01982259200001981,0.000619456,-0.0003000490000003095,0.031249999999968768,-0.01920313600001981,0.031249999999968768
heft_prefill-1024xdecode_128_ops_trace.csv,decode,2,63,4,PIM1,pim,2,"QK:1,SV:1",0.0002936319999999,9.176e-06,pim|decode|2|9ba94a90ae2a2c31a7bb0139c1e338eb,2,sample_step,0.0187924479999936,0.000587264,-0.00028445599999989997,0.031250000000010644,-0.018205183999993598,0.031250000000010644
heft_prefill-1024xdecode_128_ops_trace.csv,decode,2,63,5,GPU0,npu,21,"LN:-1,Q:0,Q:1,K:0,K:1,V:0,V:1,Softmax:0,Softmax:1,O:0,O:1,Add:-1,LN:-1,FFN_W1:0,FFN_W3:0,FFN_W1:1,FFN_W3:1,SwiGLU:1,FFN_W2:0,FFN_W2:1,Add:-1",0.0005763554652977732,0.0005886975765228272,npu|decode|2|73e08628dbda71a17eeeee8768ee282d,2,sample_step,0.03688674977905748,0.03767664489746094,1.2342111225054054e-05,1.0214140612316005,0.0007898951184034594,1.0214140612316005
heft_prefill-1024xdecode_128_ops_trace.csv,decode,2,63,5,PIM0,pim,3,"QK:0,SV:0,SwiGLU:0",0.00030972800000030954,9.679e-06,pim|decode|2|ad5b8ee1d993c4b98653976b3384d9da,2,sample_step,0.01982259200001981,0.000619456,-0.0003000490000003095,0.031249999999968768,-0.01920313600001981,0.031249999999968768
heft_prefill-1024xdecode_128_ops_trace.csv,decode,2,63,5,PIM1,pim,2,"QK:1,SV:1",0.0002936319999999,9.176e-06,pim|decode|2|9ba94a90ae2a2c31a7bb0139c1e338eb,2,sample_step,0.0187924479999936,0.000587264,-0.00028445599999989997,0.031250000000010644,-0.018205183999993598,0.031250000000010644
heft_prefill-1024xdecode_128_ops_trace.csv,decode,2,63,6,GPU0,npu,21,"LN:-1,Q:0,Q:1,K:0,K:1,V:0,V:1,Softmax:0,Softmax:1,O:0,O:1,Add:-1,LN:-1,FFN_W1:0,FFN_W3:0,FFN_W1:1,FFN_W3:1,SwiGLU:1,FFN_W2:0,FFN_W2:1,Add:-1",0.0005763554652977732,0.0005886975765228272,npu|decode|2|73e08628dbda71a17eeeee8768ee282d,2,sample_step,0.03688674977905748,0.03767664489746094,1.2342111225054054e-05,1.0214140612316005,0.0007898951184034594,1.0214140612316005
heft_prefill-1024xdecode_128_ops_trace.csv,decode,2,63,6,PIM0,pim,3,"QK:0,SV:0,SwiGLU:0",0.00030972800000030954,9.679e-06,pim|decode|2|ad5b8ee1d993c4b98653976b3384d9da,2,sample_step,0.01982259200001981,0.000619456,-0.0003000490000003095,0.031249999999968768,-0.01920313600001981,0.031249999999968768
heft_prefill-1024xdecode_128_ops_trace.csv,decode,2,63,6,PIM1,pim,2,"QK:1,SV:1",0.0002936319999999,9.176e-06,pim|decode|2|9ba94a90ae2a2c31a7bb0139c1e338eb,2,sample_step,0.0187924479999936,0.000587264,-0.00028445599999989997,0.031250000000010644,-0.018205183999993598,0.031250000000010644
heft_prefill-1024xdecode_128_ops_trace.csv,decode,2,63,7,GPU0,npu,21,"LN:-1,Q:0,Q:1,K:0,K:1,V:0,V:1,Softmax:0,Softmax:1,O:0,O:1,Add:-1,LN:-1,FFN_W1:0,FFN_W3:0,FFN_W1:1,FFN_W3:1,SwiGLU:1,FFN_W2:0,FFN_W2:1,Add:-1",0.0005763554652977732,0.0005886975765228272,npu|decode|2|73e08628dbda71a17eeeee8768ee282d,2,sample_step,0.03688674977905748,0.03767664489746094,1.2342111225054054e-05,1.0214140612316005,0.0007898951184034594,1.0214140612316005
heft_prefill-1024xdecode_128_ops_trace.csv,decode,2,63,7,PIM0,pim,3,"QK:0,SV:0,SwiGLU:0",0.00030972800000030954,9.679e-06,pim|decode|2|ad5b8ee1d993c4b98653976b3384d9da,2,sample_step,0.01982259200001981,0.000619456,-0.0003000490000003095,0.031249999999968768,-0.01920313600001981,0.031249999999968768
heft_prefill-1024xdecode_128_ops_trace.csv,decode,2,63,7,PIM1,pim,2,"QK:1,SV:1",0.0002936319999999,9.176e-06,pim|decode|2|9ba94a90ae2a2c31a7bb0139c1e338eb,2,sample_step,0.0187924479999936,0.000587264,-0.00028445599999989997,0.031250000000010644,-0.018205183999993598,0.031250000000010644
heft_prefill-1024xdecode_128_ops_trace.csv,decode,2,63,8,GPU0,npu,21,"LN:-1,Q:0,Q:1,K:0,K:1,V:0,V:1,Softmax:0,Softmax:1,O:0,O:1,Add:-1,LN:-1,FFN_W1:0,FFN_W3:0,FFN_W1:1,FFN_W3:1,SwiGLU:1,FFN_W2:0,FFN_W2:1,Add:-1",0.0005763554652977732,0.0005886975765228272,npu|decode|2|73e08628dbda71a17eeeee8768ee282d,2,sample_step,0.03688674977905748,0.03767664489746094,1.2342111225054054e-05,1.0214140612316005,0.0007898951184034594,1.0214140612316005
heft_prefill-1024xdecode_128_ops_trace.csv,decode,2,63,8,PIM0,pim,3,"QK:0,SV:0,SwiGLU:0",0.00030972800000030954,9.679e-06,pim|decode|2|ad5b8ee1d993c4b98653976b3384d9da,2,sample_step,0.01982259200001981,0.000619456,-0.0003000490000003095,0.031249999999968768,-0.01920313600001981,0.031249999999968768
heft_prefill-1024xdecode_128_ops_trace.csv,decode,2,63,8,PIM1,pim,2,"QK:1,SV:1",0.0002936319999999,9.176e-06,pim|decode|2|9ba94a90ae2a2c31a7bb0139c1e338eb,2,sample_step,0.0187924479999936,0.000587264,-0.00028445599999989997,0.031250000000010644,-0.018205183999993598,0.031250000000010644
heft_prefill-1024xdecode_128_ops_trace.csv,decode,2,63,9,GPU0,npu,21,"LN:-1,Q:0,Q:1,K:0,K:1,V:0,V:1,Softmax:0,Softmax:1,O:0,O:1,Add:-1,LN:-1,FFN_W1:0,FFN_W3:0,FFN_W1:1,FFN_W3:1,SwiGLU:1,FFN_W2:0,FFN_W2:1,Add:-1",0.0005763554652977732,0.0005886975765228272,npu|decode|2|73e08628dbda71a17eeeee8768ee282d,2,sample_step,0.03688674977905748,0.03767664489746094,1.2342111225054054e-05,1.0214140612316005,0.0007898951184034594,1.0214140612316005
heft_prefill-1024xdecode_128_ops_trace.csv,decode,2,63,9,PIM0,pim,3,"QK:0,SV:0,SwiGLU:0",0.00030972800000030954,9.679e-06,pim|decode|2|ad5b8ee1d993c4b98653976b3384d9da,2,sample_step,0.01982259200001981,0.000619456,-0.0003000490000003095,0.031249999999968768,-0.01920313600001981,0.031249999999968768
heft_prefill-1024xdecode_128_ops_trace.csv,decode,2,63,9,PIM1,pim,2,"QK:1,SV:1",0.0002936319999999,9.176e-06,pim|decode|2|9ba94a90ae2a2c31a7bb0139c1e338eb,2,sample_step,0.0187924479999936,0.000587264,-0.00028445599999989997,0.031250000000010644,-0.018205183999993598,0.031250000000010644
heft_prefill-1024xdecode_128_ops_trace.csv,decode,2,63,10,GPU0,npu,21,"LN:-1,Q:0,Q:1,K:0,K:1,V:0,V:1,Softmax:0,Softmax:1,O:0,O:1,Add:-1,LN:-1,FFN_W1:0,FFN_W3:0,FFN_W1:1,FFN_W3:1,SwiGLU:1,FFN_W2:0,FFN_W2:1,Add:-1",0.0005763554652977732,0.0005886975765228272,npu|decode|2|73e08628dbda71a17eeeee8768ee282d,2,sample_step,0.03688674977905748,0.03767664489746094,1.2342111225054054e-05,1.0214140612316005,0.0007898951184034594,1.0214140612316005
heft_prefill-1024xdecode_128_ops_trace.csv,decode,2,63,10,PIM0,pim,3,"QK:0,SV:0,SwiGLU:0",0.00030972800000030954,9.679e-06,pim|decode|2|ad5b8ee1d993c4b98653976b3384d9da,2,sample_step,0.01982259200001981,0.000619456,-0.0003000490000003095,0.031249999999968768,-0.01920313600001981,0.031249999999968768
heft_prefill-1024xdecode_128_ops_trace.csv,decode,2,63,10,PIM1,pim,2,"QK:1,SV:1",0.0002936319999999,9.176e-06,pim|decode|2|9ba94a90ae2a2c31a7bb0139c1e338eb,2,sample_step,0.0187924479999936,0.000587264,-0.00028445599999989997,0.031250000000010644,-0.018205183999993598,0.031250000000010644
heft_prefill-1024xdecode_128_ops_trace.csv,decode,2,63,11,GPU0,npu,21,"LN:-1,Q:0,Q:1,K:0,K:1,V:0,V:1,Softmax:0,Softmax:1,O:0,O:1,Add:-1,LN:-1,FFN_W1:0,FFN_W3:0,FFN_W1:1,FFN_W3:1,SwiGLU:1,FFN_W2:0,FFN_W2:1,Add:-1",0.0005763554652977732,0.0005886975765228272,npu|decode|2|73e08628dbda71a17eeeee8768ee282d,2,sample_step,0.03688674977905748,0.03767664489746094,1.2342111225054054e-05,1.0214140612316005,0.0007898951184034594,1.0214140612316005
heft_prefill-1024xdecode_128_ops_trace.csv,decode,2,63,11,PIM0,pim,3,"QK:0,SV:0,SwiGLU:0",0.00030972800000030954,9.679e-06,pim|decode|2|ad5b8ee1d993c4b98653976b3384d9da,2,sample_step,0.01982259200001981,0.000619456,-0.0003000490000003095,0.031249999999968768,-0.01920313600001981,0.031249999999968768
heft_prefill-1024xdecode_128_ops_trace.csv,decode,2,63,11,PIM1,pim,2,"QK:1,SV:1",0.0002936319999999,9.176e-06,pim|decode|2|9ba94a90ae2a2c31a7bb0139c1e338eb,2,sample_step,0.0187924479999936,0.000587264,-0.00028445599999989997,0.031250000000010644,-0.018205183999993598,0.031250000000010644
heft_prefill-1024xdecode_128_ops_trace.csv,decode,2,63,12,GPU0,npu,21,"LN:-1,Q:0,Q:1,K:0,K:1,V:0,V:1,Softmax:0,Softmax:1,O:0,O:1,Add:-1,LN:-1,FFN_W1:0,FFN_W3:0,FFN_W1:1,FFN_W3:1,SwiGLU:1,FFN_W2:0,FFN_W2:1,Add:-1",0.0005763554652977732,0.0005886975765228272,npu|decode|2|73e08628dbda71a17eeeee8768ee282d,2,sample_step,0.03688674977905748,0.03767664489746094,1.2342111225054054e-05,1.0214140612316005,0.0007898951184034594,1.0214140612316005
heft_prefill-1024xdecode_128_ops_trace.csv,decode,2,63,12,PIM0,pim,3,"QK:0,SV:0,SwiGLU:0",0.00030972800000030954,9.679e-06,pim|decode|2|ad5b8ee1d993c4b98653976b3384d9da,2,sample_step,0.01982259200001981,0.000619456,-0.0003000490000003095,0.031249999999968768,-0.01920313600001981,0.031249999999968768
heft_prefill-1024xdecode_128_ops_trace.csv,decode,2,63,12,PIM1,pim,2,"QK:1,SV:1",0.0002936319999999,9.176e-06,pim|decode|2|9ba94a90ae2a2c31a7bb0139c1e338eb,2,sample_step,0.0187924479999936,0.000587264,-0.00028445599999989997,0.031250000000010644,-0.018205183999993598,0.031250000000010644
heft_prefill-1024xdecode_128_ops_trace.csv,decode,2,63,13,GPU0,npu,21,"LN:-1,Q:0,Q:1,K:0,K:1,V:0,V:1,Softmax:0,Softmax:1,O:0,O:1,Add:-1,LN:-1,FFN_W1:0,FFN_W3:0,FFN_W1:1,FFN_W3:1,SwiGLU:1,FFN_W2:0,FFN_W2:1,Add:-1",0.0005763554652977732,0.0005886975765228272,npu|decode|2|73e08628dbda71a17eeeee8768ee282d,2,sample_step,0.03688674977905748,0.03767664489746094,1.2342111225054054e-05,1.0214140612316005,0.0007898951184034594,1.0214140612316005
heft_prefill-1024xdecode_128_ops_trace.csv,decode,2,63,13,PIM0,pim,3,"QK:0,SV:0,SwiGLU:0",0.00030972800000030954,9.679e-06,pim|decode|2|ad5b8ee1d993c4b98653976b3384d9da,2,sample_step,0.01982259200001981,0.000619456,-0.0003000490000003095,0.031249999999968768,-0.01920313600001981,0.031249999999968768
heft_prefill-1024xdecode_128_ops_trace.csv,decode,2,63,13,PIM1,pim,2,"QK:1,SV:1",0.0002936319999999,9.176e-06,pim|decode|2|9ba94a90ae2a2c31a7bb0139c1e338eb,2,sample_step,0.0187924479999936,0.000587264,-0.00028445599999989997,0.031250000000010644,-0.018205183999993598,0.031250000000010644
heft_prefill-1024xdecode_128_ops_trace.csv,decode,2,63,14,GPU0,npu,21,"LN:-1,Q:0,Q:1,K:0,K:1,V:0,V:1,Softmax:0,Softmax:1,O:0,O:1,Add:-1,LN:-1,FFN_W1:0,FFN_W3:0,FFN_W1:1,FFN_W3:1,SwiGLU:1,FFN_W2:0,FFN_W2:1,Add:-1",0.0005763554652977732,0.0005886975765228272,npu|decode|2|73e08628dbda71a17eeeee8768ee282d,2,sample_step,0.03688674977905748,0.03767664489746094,1.2342111225054054e-05,1.0214140612316005,0.0007898951184034594,1.0214140612316005
heft_prefill-1024xdecode_128_ops_trace.csv,decode,2,63,14,PIM0,pim,3,"QK:0,SV:0,SwiGLU:0",0.00030972800000030954,9.679e-06,pim|decode|2|ad5b8ee1d993c4b98653976b3384d9da,2,sample_step,0.01982259200001981,0.000619456,-0.0003000490000003095,0.031249999999968768,-0.01920313600001981,0.031249999999968768
heft_prefill-1024xdecode_128_ops_trace.csv,decode,2,63,14,PIM1,pim,2,"QK:1,SV:1",0.0002936319999999,9.176e-06,pim|decode|2|9ba94a90ae2a2c31a7bb0139c1e338eb,2,sample_step,0.0187924479999936,0.000587264,-0.00028445599999989997,0.031250000000010644,-0.018205183999993598,0.031250000000010644
heft_prefill-1024xdecode_128_ops_trace.csv,decode,2,63,15,GPU0,npu,21,"LN:-1,Q:0,Q:1,K:0,K:1,V:0,V:1,Softmax:0,Softmax:1,O:0,O:1,Add:-1,LN:-1,FFN_W1:0,FFN_W3:0,FFN_W1:1,FFN_W3:1,SwiGLU:1,FFN_W2:0,FFN_W2:1,Add:-1",0.0005763554652977732,0.0005886975765228272,npu|decode|2|73e08628dbda71a17eeeee8768ee282d,2,sample_step,0.03688674977905748,0.03767664489746094,1.2342111225054054e-05,1.0214140612316005,0.0007898951184034594,1.0214140612316005
heft_prefill-1024xdecode_128_ops_trace.csv,decode,2,63,15,PIM0,pim,3,"QK:0,SV:0,SwiGLU:0",0.00030972800000030954,9.679e-06,pim|decode|2|ad5b8ee1d993c4b98653976b3384d9da,2,sample_step,0.01982259200001981,0.000619456,-0.0003000490000003095,0.031249999999968768,-0.01920313600001981,0.031249999999968768
heft_prefill-1024xdecode_128_ops_trace.csv,decode,2,63,15,PIM1,pim,2,"QK:1,SV:1",0.0002936319999999,9.176e-06,pim|decode|2|9ba94a90ae2a2c31a7bb0139c1e338eb,2,sample_step,0.0187924479999936,0.000587264,-0.00028445599999989997,0.031250000000010644,-0.018205183999993598,0.031250000000010644
heft_prefill-1024xdecode_128_ops_trace.csv,decode,2,63,16,GPU0,npu,21,"LN:-1,Q:0,Q:1,K:0,K:1,V:0,V:1,Softmax:0,Softmax:1,O:0,O:1,Add:-1,LN:-1,FFN_W1:0,FFN_W3:0,FFN_W1:1,FFN_W3:1,SwiGLU:1,FFN_W2:0,FFN_W2:1,Add:-1",0.0005763554652977732,0.0005886975765228272,npu|decode|2|73e08628dbda71a17eeeee8768ee282d,2,sample_step,0.03688674977905748,0.03767664489746094,1.2342111225054054e-05,1.0214140612316005,0.0007898951184034594,1.0214140612316005
heft_prefill-1024xdecode_128_ops_trace.csv,decode,2,63,16,PIM0,pim,3,"QK:0,SV:0,SwiGLU:0",0.00030972800000030954,9.679e-06,pim|decode|2|ad5b8ee1d993c4b98653976b3384d9da,2,sample_step,0.01982259200001981,0.000619456,-0.0003000490000003095,0.031249999999968768,-0.01920313600001981,0.031249999999968768
heft_prefill-1024xdecode_128_ops_trace.csv,decode,2,63,16,PIM1,pim,2,"QK:1,SV:1",0.0002936319999999,9.176e-06,pim|decode|2|9ba94a90ae2a2c31a7bb0139c1e338eb,2,sample_step,0.0187924479999936,0.000587264,-0.00028445599999989997,0.031250000000010644,-0.018205183999993598,0.031250000000010644
heft_prefill-1024xdecode_128_ops_trace.csv,decode,2,63,17,GPU0,npu,21,"LN:-1,Q:0,Q:1,K:0,K:1,V:0,V:1,Softmax:0,Softmax:1,O:0,O:1,Add:-1,LN:-1,FFN_W1:0,FFN_W3:0,FFN_W1:1,FFN_W3:1,SwiGLU:1,FFN_W2:0,FFN_W2:1,Add:-1",0.0005763554652977732,0.0005886975765228272,npu|decode|2|73e08628dbda71a17eeeee8768ee282d,2,sample_step,0.03688674977905748,0.03767664489746094,1.2342111225054054e-05,1.0214140612316005,0.0007898951184034594,1.0214140612316005
heft_prefill-1024xdecode_128_ops_trace.csv,decode,2,63,17,PIM0,pim,3,"QK:0,SV:0,SwiGLU:0",0.00030972800000030954,9.679e-06,pim|decode|2|ad5b8ee1d993c4b98653976b3384d9da,2,sample_step,0.01982259200001981,0.000619456,-0.0003000490000003095,0.031249999999968768,-0.01920313600001981,0.031249999999968768
heft_prefill-1024xdecode_128_ops_trace.csv,decode,2,63,17,PIM1,pim,2,"QK:1,SV:1",0.0002936319999999,9.176e-06,pim|decode|2|9ba94a90ae2a2c31a7bb0139c1e338eb,2,sample_step,0.0187924479999936,0.000587264,-0.00028445599999989997,0.031250000000010644,-0.018205183999993598,0.031250000000010644
heft_prefill-1024xdecode_128_ops_trace.csv,decode,2,63,18,GPU0,npu,21,"LN:-1,Q:0,Q:1,K:0,K:1,V:0,V:1,Softmax:0,Softmax:1,O:0,O:1,Add:-1,LN:-1,FFN_W1:0,FFN_W3:0,FFN_W1:1,FFN_W3:1,SwiGLU:1,FFN_W2:0,FFN_W2:1,Add:-1",0.0005763554652977732,0.0005886975765228272,npu|decode|2|73e08628dbda71a17eeeee8768ee282d,2,sample_step,0.03688674977905748,0.03767664489746094,1.2342111225054054e-05,1.0214140612316005,0.0007898951184034594,1.0214140612316005
heft_prefill-1024xdecode_128_ops_trace.csv,decode,2,63,18,PIM0,pim,3,"QK:0,SV:0,SwiGLU:0",0.00030972800000030954,9.679e-06,pim|decode|2|ad5b8ee1d993c4b98653976b3384d9da,2,sample_step,0.01982259200001981,0.000619456,-0.0003000490000003095,0.031249999999968768,-0.01920313600001981,0.031249999999968768
heft_prefill-1024xdecode_128_ops_trace.csv,decode,2,63,18,PIM1,pim,2,"QK:1,SV:1",0.0002936319999999,9.176e-06,pim|decode|2|9ba94a90ae2a2c31a7bb0139c1e338eb,2,sample_step,0.0187924479999936,0.000587264,-0.00028445599999989997,0.031250000000010644,-0.018205183999993598,0.031250000000010644
heft_prefill-1024xdecode_128_ops_trace.csv,decode,2,63,19,GPU0,npu,21,"LN:-1,Q:0,Q:1,K:0,K:1,V:0,V:1,Softmax:0,Softmax:1,O:0,O:1,Add:-1,LN:-1,FFN_W1:0,FFN_W3:0,FFN_W1:1,FFN_W3:1,SwiGLU:1,FFN_W2:0,FFN_W2:1,Add:-1",0.0005763554652977732,0.0005886975765228272,npu|decode|2|73e08628dbda71a17eeeee8768ee282d,2,sample_step,0.03688674977905748,0.03767664489746094,1.2342111225054054e-05,1.0214140612316005,0.0007898951184034594,1.0214140612316005
heft_prefill-1024xdecode_128_ops_trace.csv,decode,2,63,19,PIM0,pim,3,"QK:0,SV:0,SwiGLU:0",0.00030972800000030954,9.679e-06,pim|decode|2|ad5b8ee1d993c4b98653976b3384d9da,2,sample_step,0.01982259200001981,0.000619456,-0.0003000490000003095,0.031249999999968768,-0.01920313600001981,0.031249999999968768
heft_prefill-1024xdecode_128_ops_trace.csv,decode,2,63,19,PIM1,pim,2,"QK:1,SV:1",0.0002936319999999,9.176e-06,pim|decode|2|9ba94a90ae2a2c31a7bb0139c1e338eb,2,sample_step,0.0187924479999936,0.000587264,-0.00028445599999989997,0.031250000000010644,-0.018205183999993598,0.031250000000010644
heft_prefill-1024xdecode_128_ops_trace.csv,decode,2,63,20,GPU0,npu,21,"LN:-1,Q:0,Q:1,K:0,K:1,V:0,V:1,Softmax:0,Softmax:1,O:0,O:1,Add:-1,LN:-1,FFN_W1:0,FFN_W3:0,FFN_W1:1,FFN_W3:1,SwiGLU:1,FFN_W2:0,FFN_W2:1,Add:-1",0.0005763554652977732,0.0005886975765228272,npu|decode|2|73e08628dbda71a17eeeee8768ee282d,2,sample_step,0.03688674977905748,0.03767664489746094,1.2342111225054054e-05,1.0214140612316005,0.0007898951184034594,1.0214140612316005
heft_prefill-1024xdecode_128_ops_trace.csv,decode,2,63,20,PIM0,pim,3,"QK:0,SV:0,SwiGLU:0",0.00030972800000030954,9.679e-06,pim|decode|2|ad5b8ee1d993c4b98653976b3384d9da,2,sample_step,0.01982259200001981,0.000619456,-0.0003000490000003095,0.031249999999968768,-0.01920313600001981,0.031249999999968768
heft_prefill-1024xdecode_128_ops_trace.csv,decode,2,63,20,PIM1,pim,2,"QK:1,SV:1",0.0002936319999999,9.176e-06,pim|decode|2|9ba94a90ae2a2c31a7bb0139c1e338eb,2,sample_step,0.0187924479999936,0.000587264,-0.00028445599999989997,0.031250000000010644,-0.018205183999993598,0.031250000000010644
heft_prefill-1024xdecode_128_ops_trace.csv,decode,2,63,21,GPU0,npu,21,"LN:-1,Q:0,Q:1,K:0,K:1,V:0,V:1,Softmax:0,Softmax:1,O:0,O:1,Add:-1,LN:-1,FFN_W1:0,FFN_W3:0,FFN_W1:1,FFN_W3:1,SwiGLU:1,FFN_W2:0,FFN_W2:1,Add:-1",0.0005763554652977732,0.0005886975765228272,npu|decode|2|73e08628dbda71a17eeeee8768ee282d,2,sample_step,0.03688674977905748,0.03767664489746094,1.2342111225054054e-05,1.0214140612316005,0.0007898951184034594,1.0214140612316005
heft_prefill-1024xdecode_128_ops_trace.csv,decode,2,63,21,PIM0,pim,3,"QK:0,SV:0,SwiGLU:0",0.00030972800000030954,9.679e-06,pim|decode|2|ad5b8ee1d993c4b98653976b3384d9da,2,sample_step,0.01982259200001981,0.000619456,-0.0003000490000003095,0.031249999999968768,-0.01920313600001981,0.031249999999968768
heft_prefill-1024xdecode_128_ops_trace.csv,decode,2,63,21,PIM1,pim,2,"QK:1,SV:1",0.0002936319999999,9.176e-06,pim|decode|2|9ba94a90ae2a2c31a7bb0139c1e338eb,2,sample_step,0.0187924479999936,0.000587264,-0.00028445599999989997,0.031250000000010644,-0.018205183999993598,0.031250000000010644
heft_prefill-1024xdecode_128_ops_trace.csv,decode,2,63,22,GPU0,npu,21,"LN:-1,Q:0,Q:1,K:0,K:1,V:0,V:1,Softmax:0,Softmax:1,O:0,O:1,Add:-1,LN:-1,FFN_W1:0,FFN_W3:0,FFN_W1:1,FFN_W3:1,SwiGLU:1,FFN_W2:0,FFN_W2:1,Add:-1",0.0005763554652977732,0.0005886975765228272,npu|decode|2|73e08628dbda71a17eeeee8768ee282d,2,sample_step,0.03688674977905748,0.03767664489746094,1.2342111225054054e-05,1.0214140612316005,0.0007898951184034594,1.0214140612316005
heft_prefill-1024xdecode_128_ops_trace.csv,decode,2,63,22,PIM0,pim,3,"QK:0,SV:0,SwiGLU:0",0.00030972800000030954,9.679e-06,pim|decode|2|ad5b8ee1d993c4b98653976b3384d9da,2,sample_step,0.01982259200001981,0.000619456,-0.0003000490000003095,0.031249999999968768,-0.01920313600001981,0.031249999999968768
heft_prefill-1024xdecode_128_ops_trace.csv,decode,2,63,22,PIM1,pim,2,"QK:1,SV:1",0.0002936319999999,9.176e-06,pim|decode|2|9ba94a90ae2a2c31a7bb0139c1e338eb,2,sample_step,0.0187924479999936,0.000587264,-0.00028445599999989997,0.031250000000010644,-0.018205183999993598,0.031250000000010644
heft_prefill-1024xdecode_128_ops_trace.csv,decode,2,63,23,GPU0,npu,21,"LN:-1,Q:0,Q:1,K:0,K:1,V:0,V:1,Softmax:0,Softmax:1,O:0,O:1,Add:-1,LN:-1,FFN_W1:0,FFN_W3:0,FFN_W1:1,FFN_W3:1,SwiGLU:1,FFN_W2:0,FFN_W2:1,Add:-1",0.0005763554652977732,0.0005886975765228272,npu|decode|2|73e08628dbda71a17eeeee8768ee282d,2,sample_step,0.03688674977905748,0.03767664489746094,1.2342111225054054e-05,1.0214140612316005,0.0007898951184034594,1.0214140612316005
heft_prefill-1024xdecode_128_ops_trace.csv,decode,2,63,23,PIM0,pim,3,"QK:0,SV:0,SwiGLU:0",0.00030972800000030954,9.679e-06,pim|decode|2|ad5b8ee1d993c4b98653976b3384d9da,2,sample_step,0.01982259200001981,0.000619456,-0.0003000490000003095,0.031249999999968768,-0.01920313600001981,0.031249999999968768
heft_prefill-1024xdecode_128_ops_trace.csv,decode,2,63,23,PIM1,pim,2,"QK:1,SV:1",0.0002936319999999,9.176e-06,pim|decode|2|9ba94a90ae2a2c31a7bb0139c1e338eb,2,sample_step,0.0187924479999936,0.000587264,-0.00028445599999989997,0.031250000000010644,-0.018205183999993598,0.031250000000010644
heft_prefill-1024xdecode_128_ops_trace.csv,decode,2,63,24,GPU0,npu,21,"LN:-1,Q:0,Q:1,K:0,K:1,V:0,V:1,Softmax:0,Softmax:1,O:0,O:1,Add:-1,LN:-1,FFN_W1:0,FFN_W3:0,FFN_W1:1,FFN_W3:1,SwiGLU:1,FFN_W2:0,FFN_W2:1,Add:-1",0.0005763554652977732,0.0005886975765228272,npu|decode|2|73e08628dbda71a17eeeee8768ee282d,2,sample_step,0.03688674977905748,0.03767664489746094,1.2342111225054054e-05,1.0214140612316005,0.0007898951184034594,1.0214140612316005
heft_prefill-1024xdecode_128_ops_trace.csv,decode,2,63,24,PIM0,pim,3,"QK:0,SV:0,SwiGLU:0",0.00030972800000030954,9.679e-06,pim|decode|2|ad5b8ee1d993c4b98653976b3384d9da,2,sample_step,0.01982259200001981,0.000619456,-0.0003000490000003095,0.031249999999968768,-0.01920313600001981,0.031249999999968768
heft_prefill-1024xdecode_128_ops_trace.csv,decode,2,63,24,PIM1,pim,2,"QK:1,SV:1",0.0002936319999999,9.176e-06,pim|decode|2|9ba94a90ae2a2c31a7bb0139c1e338eb,2,sample_step,0.0187924479999936,0.000587264,-0.00028445599999989997,0.031250000000010644,-0.018205183999993598,0.031250000000010644
heft_prefill-1024xdecode_128_ops_trace.csv,decode,2,63,25,GPU0,npu,21,"LN:-1,Q:0,Q:1,K:0,K:1,V:0,V:1,Softmax:0,Softmax:1,O:0,O:1,Add:-1,LN:-1,FFN_W1:0,FFN_W3:0,FFN_W1:1,FFN_W3:1,SwiGLU:1,FFN_W2:0,FFN_W2:1,Add:-1",0.0005763554652977732,0.0005886975765228272,npu|decode|2|73e08628dbda71a17eeeee8768ee282d,2,sample_step,0.03688674977905748,0.03767664489746094,1.2342111225054054e-05,1.0214140612316005,0.0007898951184034594,1.0214140612316005
heft_prefill-1024xdecode_128_ops_trace.csv,decode,2,63,25,PIM0,pim,3,"QK:0,SV:0,SwiGLU:0",0.00030972800000030954,9.679e-06,pim|decode|2|ad5b8ee1d993c4b98653976b3384d9da,2,sample_step,0.01982259200001981,0.000619456,-0.0003000490000003095,0.031249999999968768,-0.01920313600001981,0.031249999999968768
heft_prefill-1024xdecode_128_ops_trace.csv,decode,2,63,25,PIM1,pim,2,"QK:1,SV:1",0.0002936319999999,9.176e-06,pim|decode|2|9ba94a90ae2a2c31a7bb0139c1e338eb,2,sample_step,0.0187924479999936,0.000587264,-0.00028445599999989997,0.031250000000010644,-0.018205183999993598,0.031250000000010644
heft_prefill-1024xdecode_128_ops_trace.csv,decode,2,63,26,GPU0,npu,21,"LN:-1,Q:0,Q:1,K:0,K:1,V:0,V:1,Softmax:0,Softmax:1,O:0,O:1,Add:-1,LN:-1,FFN_W1:0,FFN_W3:0,FFN_W1:1,FFN_W3:1,SwiGLU:1,FFN_W2:0,FFN_W2:1,Add:-1",0.0005763554652977732,0.0005886975765228272,npu|decode|2|73e08628dbda71a17eeeee8768ee282d,2,sample_step,0.03688674977905748,0.03767664489746094,1.2342111225054054e-05,1.0214140612316005,0.0007898951184034594,1.0214140612316005
heft_prefill-1024xdecode_128_ops_trace.csv,decode,2,63,26,PIM0,pim,3,"QK:0,SV:0,SwiGLU:0",0.00030972800000030954,9.679e-06,pim|decode|2|ad5b8ee1d993c4b98653976b3384d9da,2,sample_step,0.01982259200001981,0.000619456,-0.0003000490000003095,0.031249999999968768,-0.01920313600001981,0.031249999999968768
heft_prefill-1024xdecode_128_ops_trace.csv,decode,2,63,26,PIM1,pim,2,"QK:1,SV:1",0.0002936319999999,9.176e-06,pim|decode|2|9ba94a90ae2a2c31a7bb0139c1e338eb,2,sample_step,0.0187924479999936,0.000587264,-0.00028445599999989997,0.031250000000010644,-0.018205183999993598,0.031250000000010644
heft_prefill-1024xdecode_128_ops_trace.csv,decode,2,63,27,GPU0,npu,21,"LN:-1,Q:0,Q:1,K:0,K:1,V:0,V:1,Softmax:0,Softmax:1,O:0,O:1,Add:-1,LN:-1,FFN_W1:0,FFN_W3:0,FFN_W1:1,FFN_W3:1,SwiGLU:1,FFN_W2:0,FFN_W2:1,Add:-1",0.0005763554652977732,0.0005886975765228272,npu|decode|2|73e08628dbda71a17eeeee8768ee282d,2,sample_step,0.03688674977905748,0.03767664489746094,1.2342111225054054e-05,1.0214140612316005,0.0007898951184034594,1.0214140612316005
heft_prefill-1024xdecode_128_ops_trace.csv,decode,2,63,27,PIM0,pim,3,"QK:0,SV:0,SwiGLU:0",0.00030972800000030954,9.679e-06,pim|decode|2|ad5b8ee1d993c4b98653976b3384d9da,2,sample_step,0.01982259200001981,0.000619456,-0.0003000490000003095,0.031249999999968768,-0.01920313600001981,0.031249999999968768
heft_prefill-1024xdecode_128_ops_trace.csv,decode,2,63,27,PIM1,pim,2,"QK:1,SV:1",0.0002936319999999,9.176e-06,pim|decode|2|9ba94a90ae2a2c31a7bb0139c1e338eb,2,sample_step,0.0187924479999936,0.000587264,-0.00028445599999989997,0.031250000000010644,-0.018205183999993598,0.031250000000010644
heft_prefill-1024xdecode_128_ops_trace.csv,decode,2,63,28,GPU0,npu,21,"LN:-1,Q:0,Q:1,K:0,K:1,V:0,V:1,Softmax:0,Softmax:1,O:0,O:1,Add:-1,LN:-1,FFN_W1:0,FFN_W3:0,FFN_W1:1,FFN_W3:1,SwiGLU:1,FFN_W2:0,FFN_W2:1,Add:-1",0.0005763554652977732,0.0005886975765228272,npu|decode|2|73e08628dbda71a17eeeee8768ee282d,2,sample_step,0.03688674977905748,0.03767664489746094,1.2342111225054054e-05,1.0214140612316005,0.0007898951184034594,1.0214140612316005
heft_prefill-1024xdecode_128_ops_trace.csv,decode,2,63,28,PIM0,pim,3,"QK:0,SV:0,SwiGLU:0",0.00030972800000030954,9.679e-06,pim|decode|2|ad5b8ee1d993c4b98653976b3384d9da,2,sample_step,0.01982259200001981,0.000619456,-0.0003000490000003095,0.031249999999968768,-0.01920313600001981,0.031249999999968768
heft_prefill-1024xdecode_128_ops_trace.csv,decode,2,63,28,PIM1,pim,2,"QK:1,SV:1",0.0002936319999999,9.176e-06,pim|decode|2|9ba94a90ae2a2c31a7bb0139c1e338eb,2,sample_step,0.0187924479999936,0.000587264,-0.00028445599999989997,0.031250000000010644,-0.018205183999993598,0.031250000000010644
heft_prefill-1024xdecode_128_ops_trace.csv,decode,2,63,29,GPU0,npu,21,"LN:-1,Q:0,Q:1,K:0,K:1,V:0,V:1,Softmax:0,Softmax:1,O:0,O:1,Add:-1,LN:-1,FFN_W1:0,FFN_W3:0,FFN_W1:1,FFN_W3:1,SwiGLU:1,FFN_W2:0,FFN_W2:1,Add:-1",0.0005763554652977732,0.0005886975765228272,npu|decode|2|73e08628dbda71a17eeeee8768ee282d,2,sample_step,0.03688674977905748,0.03767664489746094,1.2342111225054054e-05,1.0214140612316005,0.0007898951184034594,1.0214140612316005
heft_prefill-1024xdecode_128_ops_trace.csv,decode,2,63,29,PIM0,pim,3,"QK:0,SV:0,SwiGLU:0",0.00030972800000030954,9.679e-06,pim|decode|2|ad5b8ee1d993c4b98653976b3384d9da,2,sample_step,0.01982259200001981,0.000619456,-0.0003000490000003095,0.031249999999968768,-0.01920313600001981,0.031249999999968768
heft_prefill-1024xdecode_128_ops_trace.csv,decode,2,63,29,PIM1,pim,2,"QK:1,SV:1",0.0002936319999999,9.176e-06,pim|decode|2|9ba94a90ae2a2c31a7bb0139c1e338eb,2,sample_step,0.0187924479999936,0.000587264,-0.00028445599999989997,0.031250000000010644,-0.018205183999993598,0.031250000000010644
heft_prefill-1024xdecode_128_ops_trace.csv,decode,2,63,30,GPU0,npu,21,"LN:-1,Q:0,Q:1,K:0,K:1,V:0,V:1,Softmax:0,Softmax:1,O:0,O:1,Add:-1,LN:-1,FFN_W1:0,FFN_W3:0,FFN_W1:1,FFN_W3:1,SwiGLU:1,FFN_W2:0,FFN_W2:1,Add:-1",0.0005763554652977732,0.0005886975765228272,npu|decode|2|73e08628dbda71a17eeeee8768ee282d,2,sample_step,0.03688674977905748,0.03767664489746094,1.2342111225054054e-05,1.0214140612316005,0.0007898951184034594,1.0214140612316005
heft_prefill-1024xdecode_128_ops_trace.csv,decode,2,63,30,PIM0,pim,3,"QK:0,SV:0,SwiGLU:0",0.00030972800000030954,9.679e-06,pim|decode|2|ad5b8ee1d993c4b98653976b3384d9da,2,sample_step,0.01982259200001981,0.000619456,-0.0003000490000003095,0.031249999999968768,-0.01920313600001981,0.031249999999968768
heft_prefill-1024xdecode_128_ops_trace.csv,decode,2,63,30,PIM1,pim,2,"QK:1,SV:1",0.0002936319999999,9.176e-06,pim|decode|2|9ba94a90ae2a2c31a7bb0139c1e338eb,2,sample_step,0.0187924479999936,0.000587264,-0.00028445599999989997,0.031250000000010644,-0.018205183999993598,0.031250000000010644
heft_prefill-1024xdecode_128_ops_trace.csv,decode,2,63,31,GPU0,npu,21,"LN:-1,Q:0,Q:1,K:0,K:1,V:0,V:1,Softmax:0,Softmax:1,O:0,O:1,Add:-1,LN:-1,FFN_W1:0,FFN_W3:0,FFN_W1:1,FFN_W3:1,SwiGLU:1,FFN_W2:0,FFN_W2:1,Add:-1",0.0005763554652977732,0.0005886975765228272,npu|decode|2|73e08628dbda71a17eeeee8768ee282d,2,sample_step,0.03688674977905748,0.03767664489746094,1.2342111225054054e-05,1.0214140612316005,0.0007898951184034594,1.0214140612316005
heft_prefill-1024xdecode_128_ops_trace.csv,decode,2,63,31,PIM0,pim,3,"QK:0,SV:0,SwiGLU:0",0.00030972800000030954,9.679e-06,pim|decode|2|ad5b8ee1d993c4b98653976b3384d9da,2,sample_step,0.01982259200001981,0.000619456,-0.0003000490000003095,0.031249999999968768,-0.01920313600001981,0.031249999999968768
heft_prefill-1024xdecode_128_ops_trace.csv,decode,2,63,31,PIM1,pim,2,"QK:1,SV:1",0.0002936319999999,9.176e-06,pim|decode|2|9ba94a90ae2a2c31a7bb0139c1e338eb,2,sample_step,0.0187924479999936,0.000587264,-0.00028445599999989997,0.031250000000010644,-0.018205183999993598,0.031250000000010644
