================================================================================
[run-pim][debug] Using cost_model_pim_backend._get_pim_latency_via_trace
[run-pim][debug] shard_policy='fine' shards=2
[run-pim][debug] model: dim=4096 ffn_dim=11008 n_heads=32 n_kv_heads=auto->n_heads
[run-pim][debug] lengths: prefill_len=1024 decode_stride=64 decode_context_lens_len=17
[run-pim][debug] pim_config=/lustre/home/2501111916/workspace/XPUPIM_0226_gpupim_parameter/TriForm/algorithms/aim_simulator/PIM_AiM.json (from pim_hw_json_path)
[run-pim][debug] ramulator_config=/lustre/home/2501111916/workspace/XPUPIM_0226_gpupim_parameter/TriForm/algorithms/aim_simulator/example.yaml
[run-pim][debug] ramulator_bin=/lustre/home/2501111916/workspace/XPUPIM_0226_gpupim_parameter/TriForm/algorithms/ramulator2 (exported as env RAMULATOR2_BIN)
[run-pim][debug] ramulator_timeout_s=3000
[run-pim][debug] cache_enabled=False
[run-pim][debug] schedule cfg.pim_freq_ghz=1.0
[run-pim][debug] cost_model config.PIM_FREQ_GHZ=1.0
================================================================================
========================================================================================
[pim-debug] segment_key=pim|decode|0|b4bc49a8c43c5edb372579946f21f917
[pim-debug] sig: device_type=pim phase=decode step=0 (count_hint=31)
[pim-debug] ops_repr: Q:0,K:0,V:0,QK:0,Softmax:0,SV:0,O:0,Add:-1,FFN_W1:0,FFN_W3:1,SwiGLU:0,FFN_W2:0,Add:-1
[pim-debug] cfg: shard_policy='fine' shards=2 dim=4096 ffn_dim=11008 n_heads=32 n_kv_heads=auto->n_heads
[pim-debug] pim_config=/lustre/home/2501111916/workspace/XPUPIM_0226_gpupim_parameter/TriForm/algorithms/aim_simulator/PIM_AiM.json
[pim-debug] ramulator_config=/lustre/home/2501111916/workspace/XPUPIM_0226_gpupim_parameter/TriForm/algorithms/aim_simulator/example.yaml
[pim-debug] cost_model config.PIM_FREQ_GHZ=1.0
[pim-debug] op plan (logical shapes inferred from schedule cfg):
  - op#00  op=Q        shard=0   x=[1x4096] + w=[2048x4096]  ->  y=[1x2048]  (T=1, K=1025)
  - op#01  op=K        shard=0   x=[1x4096] + w=[2048x4096]  ->  y=[1x2048]  (T=1, K=1025)
  - op#02  op=V        shard=0   x=[1x4096] + w=[2048x4096]  ->  y=[1x2048]  (T=1, K=1025)
  - op#03  op=QK       shard=0   q=[16x1x128] + k=[16x128x1025]  ->  y=[16x1x1025]  (T=1, K=1025)
  - op#04  op=Softmax  shard=0   scores=[16x1x1025]  ->  y=[16x1x1025]  (T=1, K=1025)
  - op#05  op=SV       shard=0   p=[16x1x1025] + v=[16x1025x128]  ->  y=[16x1x128]  (T=1, K=1025)
  - op#06  op=O        shard=0   x=[1x2048] + w=[4096x2048]  ->  y=[1x4096]  (T=1, K=1025)
  - op#07  op=Add      shard=-1  a=[1x4096] + b=[1x4096]  ->  y=[1x4096]  (T=1, K=1025)
  - op#08  op=FFN_W1   shard=0   x=[1x4096] + w=[5504x4096]  ->  y=[1x5504]  (T=1, K=1025)
  - op#09  op=FFN_W3   shard=1   x=[1x4096] + w=[5504x4096]  ->  y=[1x5504]  (T=1, K=1025)
  - op#10  op=SwiGLU   shard=0   a=[1x5504] + b=[1x5504]  ->  y=[1x5504]  (T=1, K=1025)
  - op#11  op=FFN_W2   shard=0   x=[1x5504] + w=[4096x5504]  ->  y=[1x4096]  (T=1, K=1025)
  - op#12  op=Add      shard=-1  a=[1x4096] + b=[1x4096]  ->  y=[1x4096]  (T=1, K=1025)
[pim-debug] NOTE: CENT(AiM) trace backend internally uses x shape (1,1,dim) and handles prefill by repeating ops;
           the table below shows the *effective parameters* passed into cost_model_pim_backend for each op.
[pim-debug] op#00 op=Q        norm=q_proj     sh=0  dim=4096  heads=16  hd=128 q_dim=2048  kv_heads=16  kv_dim=2048  o_dim=2048  ffn_dim=5504   seqlen=1025   qlen=1   cache=N lat=    0.004ms cycles≈4428
[pim-debug] op#01 op=K        norm=k_proj     sh=0  dim=4096  heads=16  hd=128 q_dim=2048  kv_heads=16  kv_dim=2048  o_dim=2048  ffn_dim=5504   seqlen=1025   qlen=1   cache=N lat=    0.004ms cycles≈4428
[pim-debug] op#02 op=V        norm=v_proj     sh=0  dim=4096  heads=16  hd=128 q_dim=2048  kv_heads=16  kv_dim=2048  o_dim=2048  ffn_dim=5504   seqlen=1025   qlen=1   cache=N lat=    0.004ms cycles≈4428
[pim-debug] op#03 op=QK       norm=score      sh=0  dim=4096  heads=16  hd=128 q_dim=2048  kv_heads=16  kv_dim=2048  o_dim=2048  ffn_dim=5504   seqlen=1025   qlen=1   cache=N lat=    0.005ms cycles≈5424
[pim-debug] op#04 op=Softmax  norm=softmax    sh=0  dim=4096  heads=16  hd=128 q_dim=2048  kv_heads=16  kv_dim=2048  o_dim=2048  ffn_dim=5504   seqlen=1025   qlen=1   cache=N lat=    0.004ms cycles≈4057
[pim-debug] op#05 op=SV       norm=output     sh=0  dim=4096  heads=16  hd=128 q_dim=2048  kv_heads=16  kv_dim=2048  o_dim=2048  ffn_dim=5504   seqlen=1025   qlen=1   cache=N lat=    0.004ms cycles≈3698
[pim-debug] op#06 op=O        norm=wo_proj    sh=0  dim=4096  heads=16  hd=128 q_dim=2048  kv_heads=16  kv_dim=2048  o_dim=2048  ffn_dim=5504   seqlen=1025   qlen=1   cache=N lat=    0.004ms cycles≈4062
[pim-debug] op#07 op=Add      norm=residual   sh=-1 dim=4096  heads=32  hd=128 q_dim=4096  kv_heads=32  kv_dim=4096  o_dim=4096  ffn_dim=11008  seqlen=1025   qlen=1   cache=N lat=    0.000ms cycles≈3
[pim-debug] op#08 op=FFN_W1   norm=ffn_gate   sh=0  dim=4096  heads=16  hd=128 q_dim=2048  kv_heads=16  kv_dim=2048  o_dim=2048  ffn_dim=5504   seqlen=1025   qlen=1   cache=N lat=    0.012ms cycles≈11708
[pim-debug] op#09 op=FFN_W3   norm=ffn_up     sh=1  dim=4096  heads=16  hd=128 q_dim=2048  kv_heads=16  kv_dim=2048  o_dim=2048  ffn_dim=5504   seqlen=1025   qlen=1   cache=N lat=    0.011ms cycles≈10896
[pim-debug] op#10 op=SwiGLU   norm=silu       sh=0  dim=4096  heads=16  hd=128 q_dim=2048  kv_heads=16  kv_dim=2048  o_dim=2048  ffn_dim=5504   seqlen=1025   qlen=1   cache=N lat=    0.001ms cycles≈503
[pim-debug] op#11 op=FFN_W2   norm=ffn_down   sh=0  dim=4096  heads=16  hd=128 q_dim=2048  kv_heads=16  kv_dim=2048  o_dim=2048  ffn_dim=5504   seqlen=1025   qlen=1   cache=N lat=    0.011ms cycles≈11466
[pim-debug] op#12 op=Add      norm=residual   sh=-1 dim=4096  heads=32  hd=128 q_dim=4096  kv_heads=32  kv_dim=4096  o_dim=4096  ffn_dim=11008  seqlen=1025   qlen=1   cache=N lat=    0.000ms cycles≈3
[pim-debug] segment total latency: 0.065 ms
========================================================================================
[pim-debug] segment_key=pim|decode|0|baff9c2d0f1f7dac9f2d74f4ecf92e61
[pim-debug] sig: device_type=pim phase=decode step=0 (count_hint=31)
[pim-debug] ops_repr: LN:-1,Q:1,K:1,V:1,QK:1,Softmax:1,SV:1,O:1,LN:-1,FFN_W3:0,FFN_W1:1,SwiGLU:1,FFN_W2:1
[pim-debug] cfg: shard_policy='fine' shards=2 dim=4096 ffn_dim=11008 n_heads=32 n_kv_heads=auto->n_heads
[pim-debug] pim_config=/lustre/home/2501111916/workspace/XPUPIM_0226_gpupim_parameter/TriForm/algorithms/aim_simulator/PIM_AiM.json
[pim-debug] ramulator_config=/lustre/home/2501111916/workspace/XPUPIM_0226_gpupim_parameter/TriForm/algorithms/aim_simulator/example.yaml
[pim-debug] cost_model config.PIM_FREQ_GHZ=1.0
[pim-debug] op plan (logical shapes inferred from schedule cfg):
  - op#00  op=LN       shard=-1  x=[1x4096] + w=[4096]  ->  y=[1x4096]  (T=1, K=1025)
  - op#01  op=Q        shard=1   x=[1x4096] + w=[2048x4096]  ->  y=[1x2048]  (T=1, K=1025)
  - op#02  op=K        shard=1   x=[1x4096] + w=[2048x4096]  ->  y=[1x2048]  (T=1, K=1025)
  - op#03  op=V        shard=1   x=[1x4096] + w=[2048x4096]  ->  y=[1x2048]  (T=1, K=1025)
  - op#04  op=QK       shard=1   q=[16x1x128] + k=[16x128x1025]  ->  y=[16x1x1025]  (T=1, K=1025)
  - op#05  op=Softmax  shard=1   scores=[16x1x1025]  ->  y=[16x1x1025]  (T=1, K=1025)
  - op#06  op=SV       shard=1   p=[16x1x1025] + v=[16x1025x128]  ->  y=[16x1x128]  (T=1, K=1025)
  - op#07  op=O        shard=1   x=[1x2048] + w=[4096x2048]  ->  y=[1x4096]  (T=1, K=1025)
  - op#08  op=LN       shard=-1  x=[1x4096] + w=[4096]  ->  y=[1x4096]  (T=1, K=1025)
  - op#09  op=FFN_W3   shard=0   x=[1x4096] + w=[5504x4096]  ->  y=[1x5504]  (T=1, K=1025)
  - op#10  op=FFN_W1   shard=1   x=[1x4096] + w=[5504x4096]  ->  y=[1x5504]  (T=1, K=1025)
  - op#11  op=SwiGLU   shard=1   a=[1x5504] + b=[1x5504]  ->  y=[1x5504]  (T=1, K=1025)
  - op#12  op=FFN_W2   shard=1   x=[1x5504] + w=[4096x5504]  ->  y=[1x4096]  (T=1, K=1025)
[pim-debug] NOTE: CENT(AiM) trace backend internally uses x shape (1,1,dim) and handles prefill by repeating ops;
           the table below shows the *effective parameters* passed into cost_model_pim_backend for each op.
[pim-debug] op#00 op=LN       norm=rmsnorm    sh=-1 dim=4096  heads=32  hd=128 q_dim=4096  kv_heads=32  kv_dim=4096  o_dim=4096  ffn_dim=11008  seqlen=1025   qlen=1   cache=N lat=    0.001ms cycles≈1314
[pim-debug] op#01 op=Q        norm=q_proj     sh=1  dim=4096  heads=16  hd=128 q_dim=2048  kv_heads=16  kv_dim=2048  o_dim=2048  ffn_dim=5504   seqlen=1025   qlen=1   cache=N lat=    0.004ms cycles≈4428
[pim-debug] op#02 op=K        norm=k_proj     sh=1  dim=4096  heads=16  hd=128 q_dim=2048  kv_heads=16  kv_dim=2048  o_dim=2048  ffn_dim=5504   seqlen=1025   qlen=1   cache=N lat=    0.004ms cycles≈4428
[pim-debug] op#03 op=V        norm=v_proj     sh=1  dim=4096  heads=16  hd=128 q_dim=2048  kv_heads=16  kv_dim=2048  o_dim=2048  ffn_dim=5504   seqlen=1025   qlen=1   cache=N lat=    0.004ms cycles≈4428
[pim-debug] op#04 op=QK       norm=score      sh=1  dim=4096  heads=16  hd=128 q_dim=2048  kv_heads=16  kv_dim=2048  o_dim=2048  ffn_dim=5504   seqlen=1025   qlen=1   cache=N lat=    0.005ms cycles≈5424
[pim-debug] op#05 op=Softmax  norm=softmax    sh=1  dim=4096  heads=16  hd=128 q_dim=2048  kv_heads=16  kv_dim=2048  o_dim=2048  ffn_dim=5504   seqlen=1025   qlen=1   cache=N lat=    0.004ms cycles≈4057
[pim-debug] op#06 op=SV       norm=output     sh=1  dim=4096  heads=16  hd=128 q_dim=2048  kv_heads=16  kv_dim=2048  o_dim=2048  ffn_dim=5504   seqlen=1025   qlen=1   cache=N lat=    0.004ms cycles≈3698
[pim-debug] op#07 op=O        norm=wo_proj    sh=1  dim=4096  heads=16  hd=128 q_dim=2048  kv_heads=16  kv_dim=2048  o_dim=2048  ffn_dim=5504   seqlen=1025   qlen=1   cache=N lat=    0.004ms cycles≈4062
[pim-debug] op#08 op=LN       norm=rmsnorm    sh=-1 dim=4096  heads=32  hd=128 q_dim=4096  kv_heads=32  kv_dim=4096  o_dim=4096  ffn_dim=11008  seqlen=1025   qlen=1   cache=N lat=    0.001ms cycles≈1314
[pim-debug] op#09 op=FFN_W3   norm=ffn_up     sh=0  dim=4096  heads=16  hd=128 q_dim=2048  kv_heads=16  kv_dim=2048  o_dim=2048  ffn_dim=5504   seqlen=1025   qlen=1   cache=N lat=    0.011ms cycles≈10896
[pim-debug] op#10 op=FFN_W1   norm=ffn_gate   sh=1  dim=4096  heads=16  hd=128 q_dim=2048  kv_heads=16  kv_dim=2048  o_dim=2048  ffn_dim=5504   seqlen=1025   qlen=1   cache=N lat=    0.012ms cycles≈11708
[pim-debug] op#11 op=SwiGLU   norm=silu       sh=1  dim=4096  heads=16  hd=128 q_dim=2048  kv_heads=16  kv_dim=2048  o_dim=2048  ffn_dim=5504   seqlen=1025   qlen=1   cache=N lat=    0.001ms cycles≈503
[pim-debug] op#12 op=FFN_W2   norm=ffn_down   sh=1  dim=4096  heads=16  hd=128 q_dim=2048  kv_heads=16  kv_dim=2048  o_dim=2048  ffn_dim=5504   seqlen=1025   qlen=1   cache=N lat=    0.011ms cycles≈11466
[pim-debug] segment total latency: 0.068 ms
========================================================================================
[pim-debug] segment_key=pim|decode|0|dfde0414e64cddd2624b90d983c73dcb
[pim-debug] sig: device_type=pim phase=decode step=0 (count_hint=1)
[pim-debug] ops_repr: LN:-1,K:0,V:0,QK:0,Softmax:0,SV:0,O:0,O:1,LN:-1,FFN_W3:0,FFN_W1:1,SwiGLU:0,FFN_W2:0,Add:-1
[pim-debug] cfg: shard_policy='fine' shards=2 dim=4096 ffn_dim=11008 n_heads=32 n_kv_heads=auto->n_heads
[pim-debug] pim_config=/lustre/home/2501111916/workspace/XPUPIM_0226_gpupim_parameter/TriForm/algorithms/aim_simulator/PIM_AiM.json
[pim-debug] ramulator_config=/lustre/home/2501111916/workspace/XPUPIM_0226_gpupim_parameter/TriForm/algorithms/aim_simulator/example.yaml
[pim-debug] cost_model config.PIM_FREQ_GHZ=1.0
[pim-debug] op plan (logical shapes inferred from schedule cfg):
  - op#00  op=LN       shard=-1  x=[1x4096] + w=[4096]  ->  y=[1x4096]  (T=1, K=1025)
  - op#01  op=K        shard=0   x=[1x4096] + w=[2048x4096]  ->  y=[1x2048]  (T=1, K=1025)
  - op#02  op=V        shard=0   x=[1x4096] + w=[2048x4096]  ->  y=[1x2048]  (T=1, K=1025)
  - op#03  op=QK       shard=0   q=[16x1x128] + k=[16x128x1025]  ->  y=[16x1x1025]  (T=1, K=1025)
  - op#04  op=Softmax  shard=0   scores=[16x1x1025]  ->  y=[16x1x1025]  (T=1, K=1025)
  - op#05  op=SV       shard=0   p=[16x1x1025] + v=[16x1025x128]  ->  y=[16x1x128]  (T=1, K=1025)
  - op#06  op=O        shard=0   x=[1x2048] + w=[4096x2048]  ->  y=[1x4096]  (T=1, K=1025)
  - op#07  op=O        shard=1   x=[1x2048] + w=[4096x2048]  ->  y=[1x4096]  (T=1, K=1025)
  - op#08  op=LN       shard=-1  x=[1x4096] + w=[4096]  ->  y=[1x4096]  (T=1, K=1025)
  - op#09  op=FFN_W3   shard=0   x=[1x4096] + w=[5504x4096]  ->  y=[1x5504]  (T=1, K=1025)
  - op#10  op=FFN_W1   shard=1   x=[1x4096] + w=[5504x4096]  ->  y=[1x5504]  (T=1, K=1025)
  - op#11  op=SwiGLU   shard=0   a=[1x5504] + b=[1x5504]  ->  y=[1x5504]  (T=1, K=1025)
  - op#12  op=FFN_W2   shard=0   x=[1x5504] + w=[4096x5504]  ->  y=[1x4096]  (T=1, K=1025)
  - op#13  op=Add      shard=-1  a=[1x4096] + b=[1x4096]  ->  y=[1x4096]  (T=1, K=1025)
[pim-debug] NOTE: CENT(AiM) trace backend internally uses x shape (1,1,dim) and handles prefill by repeating ops;
           the table below shows the *effective parameters* passed into cost_model_pim_backend for each op.
[pim-debug] op#00 op=LN       norm=rmsnorm    sh=-1 dim=4096  heads=32  hd=128 q_dim=4096  kv_heads=32  kv_dim=4096  o_dim=4096  ffn_dim=11008  seqlen=1025   qlen=1   cache=N lat=    0.001ms cycles≈1314
[pim-debug] op#01 op=K        norm=k_proj     sh=0  dim=4096  heads=16  hd=128 q_dim=2048  kv_heads=16  kv_dim=2048  o_dim=2048  ffn_dim=5504   seqlen=1025   qlen=1   cache=N lat=    0.004ms cycles≈4428
[pim-debug] op#02 op=V        norm=v_proj     sh=0  dim=4096  heads=16  hd=128 q_dim=2048  kv_heads=16  kv_dim=2048  o_dim=2048  ffn_dim=5504   seqlen=1025   qlen=1   cache=N lat=    0.004ms cycles≈4428
[pim-debug] op#03 op=QK       norm=score      sh=0  dim=4096  heads=16  hd=128 q_dim=2048  kv_heads=16  kv_dim=2048  o_dim=2048  ffn_dim=5504   seqlen=1025   qlen=1   cache=N lat=    0.005ms cycles≈5424
[pim-debug] op#04 op=Softmax  norm=softmax    sh=0  dim=4096  heads=16  hd=128 q_dim=2048  kv_heads=16  kv_dim=2048  o_dim=2048  ffn_dim=5504   seqlen=1025   qlen=1   cache=N lat=    0.004ms cycles≈4057
[pim-debug] op#05 op=SV       norm=output     sh=0  dim=4096  heads=16  hd=128 q_dim=2048  kv_heads=16  kv_dim=2048  o_dim=2048  ffn_dim=5504   seqlen=1025   qlen=1   cache=N lat=    0.004ms cycles≈3698
[pim-debug] op#06 op=O        norm=wo_proj    sh=0  dim=4096  heads=16  hd=128 q_dim=2048  kv_heads=16  kv_dim=2048  o_dim=2048  ffn_dim=5504   seqlen=1025   qlen=1   cache=N lat=    0.004ms cycles≈4062
[pim-debug] op#07 op=O        norm=wo_proj    sh=1  dim=4096  heads=16  hd=128 q_dim=2048  kv_heads=16  kv_dim=2048  o_dim=2048  ffn_dim=5504   seqlen=1025   qlen=1   cache=N lat=    0.004ms cycles≈4062
[pim-debug] op#08 op=LN       norm=rmsnorm    sh=-1 dim=4096  heads=32  hd=128 q_dim=4096  kv_heads=32  kv_dim=4096  o_dim=4096  ffn_dim=11008  seqlen=1025   qlen=1   cache=N lat=    0.001ms cycles≈1314
[pim-debug] op#09 op=FFN_W3   norm=ffn_up     sh=0  dim=4096  heads=16  hd=128 q_dim=2048  kv_heads=16  kv_dim=2048  o_dim=2048  ffn_dim=5504   seqlen=1025   qlen=1   cache=N lat=    0.011ms cycles≈10896
[pim-debug] op#10 op=FFN_W1   norm=ffn_gate   sh=1  dim=4096  heads=16  hd=128 q_dim=2048  kv_heads=16  kv_dim=2048  o_dim=2048  ffn_dim=5504   seqlen=1025   qlen=1   cache=N lat=    0.012ms cycles≈11708
[pim-debug] op#11 op=SwiGLU   norm=silu       sh=0  dim=4096  heads=16  hd=128 q_dim=2048  kv_heads=16  kv_dim=2048  o_dim=2048  ffn_dim=5504   seqlen=1025   qlen=1   cache=N lat=    0.001ms cycles≈503
[pim-debug] op#12 op=FFN_W2   norm=ffn_down   sh=0  dim=4096  heads=16  hd=128 q_dim=2048  kv_heads=16  kv_dim=2048  o_dim=2048  ffn_dim=5504   seqlen=1025   qlen=1   cache=N lat=    0.011ms cycles≈11466
[pim-debug] op#13 op=Add      norm=residual   sh=-1 dim=4096  heads=32  hd=128 q_dim=4096  kv_heads=32  kv_dim=4096  o_dim=4096  ffn_dim=11008  seqlen=1025   qlen=1   cache=N lat=    0.000ms cycles≈3
[pim-debug] segment total latency: 0.067 ms
========================================================================================
[pim-debug] segment_key=pim|decode|0|f9376ad5e0c83bcdbc006c3cfc9c65e3
[pim-debug] sig: device_type=pim phase=decode step=0 (count_hint=1)
[pim-debug] ops_repr: Q:0,Q:1,K:1,V:1,QK:1,Softmax:1,SV:1,Add:-1,FFN_W1:0,FFN_W3:1,SwiGLU:1,FFN_W2:1
[pim-debug] cfg: shard_policy='fine' shards=2 dim=4096 ffn_dim=11008 n_heads=32 n_kv_heads=auto->n_heads
[pim-debug] pim_config=/lustre/home/2501111916/workspace/XPUPIM_0226_gpupim_parameter/TriForm/algorithms/aim_simulator/PIM_AiM.json
[pim-debug] ramulator_config=/lustre/home/2501111916/workspace/XPUPIM_0226_gpupim_parameter/TriForm/algorithms/aim_simulator/example.yaml
[pim-debug] cost_model config.PIM_FREQ_GHZ=1.0
[pim-debug] op plan (logical shapes inferred from schedule cfg):
  - op#00  op=Q        shard=0   x=[1x4096] + w=[2048x4096]  ->  y=[1x2048]  (T=1, K=1025)
  - op#01  op=Q        shard=1   x=[1x4096] + w=[2048x4096]  ->  y=[1x2048]  (T=1, K=1025)
  - op#02  op=K        shard=1   x=[1x4096] + w=[2048x4096]  ->  y=[1x2048]  (T=1, K=1025)
  - op#03  op=V        shard=1   x=[1x4096] + w=[2048x4096]  ->  y=[1x2048]  (T=1, K=1025)
  - op#04  op=QK       shard=1   q=[16x1x128] + k=[16x128x1025]  ->  y=[16x1x1025]  (T=1, K=1025)
  - op#05  op=Softmax  shard=1   scores=[16x1x1025]  ->  y=[16x1x1025]  (T=1, K=1025)
  - op#06  op=SV       shard=1   p=[16x1x1025] + v=[16x1025x128]  ->  y=[16x1x128]  (T=1, K=1025)
  - op#07  op=Add      shard=-1  a=[1x4096] + b=[1x4096]  ->  y=[1x4096]  (T=1, K=1025)
  - op#08  op=FFN_W1   shard=0   x=[1x4096] + w=[5504x4096]  ->  y=[1x5504]  (T=1, K=1025)
  - op#09  op=FFN_W3   shard=1   x=[1x4096] + w=[5504x4096]  ->  y=[1x5504]  (T=1, K=1025)
  - op#10  op=SwiGLU   shard=1   a=[1x5504] + b=[1x5504]  ->  y=[1x5504]  (T=1, K=1025)
  - op#11  op=FFN_W2   shard=1   x=[1x5504] + w=[4096x5504]  ->  y=[1x4096]  (T=1, K=1025)
[pim-debug] NOTE: CENT(AiM) trace backend internally uses x shape (1,1,dim) and handles prefill by repeating ops;
           the table below shows the *effective parameters* passed into cost_model_pim_backend for each op.
[pim-debug] op#00 op=Q        norm=q_proj     sh=0  dim=4096  heads=16  hd=128 q_dim=2048  kv_heads=16  kv_dim=2048  o_dim=2048  ffn_dim=5504   seqlen=1025   qlen=1   cache=N lat=    0.004ms cycles≈4428
[pim-debug] op#01 op=Q        norm=q_proj     sh=1  dim=4096  heads=16  hd=128 q_dim=2048  kv_heads=16  kv_dim=2048  o_dim=2048  ffn_dim=5504   seqlen=1025   qlen=1   cache=N lat=    0.004ms cycles≈4428
[pim-debug] op#02 op=K        norm=k_proj     sh=1  dim=4096  heads=16  hd=128 q_dim=2048  kv_heads=16  kv_dim=2048  o_dim=2048  ffn_dim=5504   seqlen=1025   qlen=1   cache=N lat=    0.004ms cycles≈4428
[pim-debug] op#03 op=V        norm=v_proj     sh=1  dim=4096  heads=16  hd=128 q_dim=2048  kv_heads=16  kv_dim=2048  o_dim=2048  ffn_dim=5504   seqlen=1025   qlen=1   cache=N lat=    0.004ms cycles≈4428
[pim-debug] op#04 op=QK       norm=score      sh=1  dim=4096  heads=16  hd=128 q_dim=2048  kv_heads=16  kv_dim=2048  o_dim=2048  ffn_dim=5504   seqlen=1025   qlen=1   cache=N lat=    0.005ms cycles≈5424
[pim-debug] op#05 op=Softmax  norm=softmax    sh=1  dim=4096  heads=16  hd=128 q_dim=2048  kv_heads=16  kv_dim=2048  o_dim=2048  ffn_dim=5504   seqlen=1025   qlen=1   cache=N lat=    0.004ms cycles≈4057
[pim-debug] op#06 op=SV       norm=output     sh=1  dim=4096  heads=16  hd=128 q_dim=2048  kv_heads=16  kv_dim=2048  o_dim=2048  ffn_dim=5504   seqlen=1025   qlen=1   cache=N lat=    0.004ms cycles≈3698
[pim-debug] op#07 op=Add      norm=residual   sh=-1 dim=4096  heads=32  hd=128 q_dim=4096  kv_heads=32  kv_dim=4096  o_dim=4096  ffn_dim=11008  seqlen=1025   qlen=1   cache=N lat=    0.000ms cycles≈3
[pim-debug] op#08 op=FFN_W1   norm=ffn_gate   sh=0  dim=4096  heads=16  hd=128 q_dim=2048  kv_heads=16  kv_dim=2048  o_dim=2048  ffn_dim=5504   seqlen=1025   qlen=1   cache=N lat=    0.012ms cycles≈11708
[pim-debug] op#09 op=FFN_W3   norm=ffn_up     sh=1  dim=4096  heads=16  hd=128 q_dim=2048  kv_heads=16  kv_dim=2048  o_dim=2048  ffn_dim=5504   seqlen=1025   qlen=1   cache=N lat=    0.011ms cycles≈10896
[pim-debug] op#10 op=SwiGLU   norm=silu       sh=1  dim=4096  heads=16  hd=128 q_dim=2048  kv_heads=16  kv_dim=2048  o_dim=2048  ffn_dim=5504   seqlen=1025   qlen=1   cache=N lat=    0.001ms cycles≈503
[pim-debug] op#11 op=FFN_W2   norm=ffn_down   sh=1  dim=4096  heads=16  hd=128 q_dim=2048  kv_heads=16  kv_dim=2048  o_dim=2048  ffn_dim=5504   seqlen=1025   qlen=1   cache=N lat=    0.011ms cycles≈11466
[pim-debug] segment total latency: 0.065 ms
========================================================================================
[pim-debug] segment_key=pim|decode|10|b4bc49a8c43c5edb372579946f21f917
[pim-debug] sig: device_type=pim phase=decode step=10 (count_hint=31)
[pim-debug] ops_repr: Q:0,K:0,V:0,QK:0,Softmax:0,SV:0,O:0,Add:-1,FFN_W1:0,FFN_W3:1,SwiGLU:0,FFN_W2:0,Add:-1
[pim-debug] cfg: shard_policy='fine' shards=2 dim=4096 ffn_dim=11008 n_heads=32 n_kv_heads=auto->n_heads
[pim-debug] pim_config=/lustre/home/2501111916/workspace/XPUPIM_0226_gpupim_parameter/TriForm/algorithms/aim_simulator/PIM_AiM.json
[pim-debug] ramulator_config=/lustre/home/2501111916/workspace/XPUPIM_0226_gpupim_parameter/TriForm/algorithms/aim_simulator/example.yaml
[pim-debug] cost_model config.PIM_FREQ_GHZ=1.0
[pim-debug] op plan (logical shapes inferred from schedule cfg):
  - op#00  op=Q        shard=0   x=[1x4096] + w=[2048x4096]  ->  y=[1x2048]  (T=1, K=1600)
  - op#01  op=K        shard=0   x=[1x4096] + w=[2048x4096]  ->  y=[1x2048]  (T=1, K=1600)
  - op#02  op=V        shard=0   x=[1x4096] + w=[2048x4096]  ->  y=[1x2048]  (T=1, K=1600)
  - op#03  op=QK       shard=0   q=[16x1x128] + k=[16x128x1600]  ->  y=[16x1x1600]  (T=1, K=1600)
  - op#04  op=Softmax  shard=0   scores=[16x1x1600]  ->  y=[16x1x1600]  (T=1, K=1600)
  - op#05  op=SV       shard=0   p=[16x1x1600] + v=[16x1600x128]  ->  y=[16x1x128]  (T=1, K=1600)
  - op#06  op=O        shard=0   x=[1x2048] + w=[4096x2048]  ->  y=[1x4096]  (T=1, K=1600)
  - op#07  op=Add      shard=-1  a=[1x4096] + b=[1x4096]  ->  y=[1x4096]  (T=1, K=1600)
  - op#08  op=FFN_W1   shard=0   x=[1x4096] + w=[5504x4096]  ->  y=[1x5504]  (T=1, K=1600)
  - op#09  op=FFN_W3   shard=1   x=[1x4096] + w=[5504x4096]  ->  y=[1x5504]  (T=1, K=1600)
  - op#10  op=SwiGLU   shard=0   a=[1x5504] + b=[1x5504]  ->  y=[1x5504]  (T=1, K=1600)
  - op#11  op=FFN_W2   shard=0   x=[1x5504] + w=[4096x5504]  ->  y=[1x4096]  (T=1, K=1600)
  - op#12  op=Add      shard=-1  a=[1x4096] + b=[1x4096]  ->  y=[1x4096]  (T=1, K=1600)
[pim-debug] NOTE: CENT(AiM) trace backend internally uses x shape (1,1,dim) and handles prefill by repeating ops;
           the table below shows the *effective parameters* passed into cost_model_pim_backend for each op.
[pim-debug] op#00 op=Q        norm=q_proj     sh=0  dim=4096  heads=16  hd=128 q_dim=2048  kv_heads=16  kv_dim=2048  o_dim=2048  ffn_dim=5504   seqlen=1600   qlen=1   cache=N lat=    0.004ms cycles≈4428
[pim-debug] op#01 op=K        norm=k_proj     sh=0  dim=4096  heads=16  hd=128 q_dim=2048  kv_heads=16  kv_dim=2048  o_dim=2048  ffn_dim=5504   seqlen=1600   qlen=1   cache=N lat=    0.004ms cycles≈4428
[pim-debug] op#02 op=V        norm=v_proj     sh=0  dim=4096  heads=16  hd=128 q_dim=2048  kv_heads=16  kv_dim=2048  o_dim=2048  ffn_dim=5504   seqlen=1600   qlen=1   cache=N lat=    0.004ms cycles≈4428
[pim-debug] op#03 op=QK       norm=score      sh=0  dim=4096  heads=16  hd=128 q_dim=2048  kv_heads=16  kv_dim=2048  o_dim=2048  ffn_dim=5504   seqlen=1600   qlen=1   cache=N lat=    0.007ms cycles≈7232
[pim-debug] op#04 op=Softmax  norm=softmax    sh=0  dim=4096  heads=16  hd=128 q_dim=2048  kv_heads=16  kv_dim=2048  o_dim=2048  ffn_dim=5504   seqlen=1600   qlen=1   cache=N lat=    0.006ms cycles≈5555
[pim-debug] op#05 op=SV       norm=output     sh=0  dim=4096  heads=16  hd=128 q_dim=2048  kv_heads=16  kv_dim=2048  o_dim=2048  ffn_dim=5504   seqlen=1600   qlen=1   cache=N lat=    0.004ms cycles≈4328
[pim-debug] op#06 op=O        norm=wo_proj    sh=0  dim=4096  heads=16  hd=128 q_dim=2048  kv_heads=16  kv_dim=2048  o_dim=2048  ffn_dim=5504   seqlen=1600   qlen=1   cache=N lat=    0.004ms cycles≈4062
[pim-debug] op#07 op=Add      norm=residual   sh=-1 dim=4096  heads=32  hd=128 q_dim=4096  kv_heads=32  kv_dim=4096  o_dim=4096  ffn_dim=11008  seqlen=1600   qlen=1   cache=N lat=    0.000ms cycles≈3
[pim-debug] op#08 op=FFN_W1   norm=ffn_gate   sh=0  dim=4096  heads=16  hd=128 q_dim=2048  kv_heads=16  kv_dim=2048  o_dim=2048  ffn_dim=5504   seqlen=1600   qlen=1   cache=N lat=    0.012ms cycles≈11708
[pim-debug] op#09 op=FFN_W3   norm=ffn_up     sh=1  dim=4096  heads=16  hd=128 q_dim=2048  kv_heads=16  kv_dim=2048  o_dim=2048  ffn_dim=5504   seqlen=1600   qlen=1   cache=N lat=    0.011ms cycles≈10896
[pim-debug] op#10 op=SwiGLU   norm=silu       sh=0  dim=4096  heads=16  hd=128 q_dim=2048  kv_heads=16  kv_dim=2048  o_dim=2048  ffn_dim=5504   seqlen=1600   qlen=1   cache=N lat=    0.001ms cycles≈503
[pim-debug] op#11 op=FFN_W2   norm=ffn_down   sh=0  dim=4096  heads=16  hd=128 q_dim=2048  kv_heads=16  kv_dim=2048  o_dim=2048  ffn_dim=5504   seqlen=1600   qlen=1   cache=N lat=    0.011ms cycles≈11466
[pim-debug] op#12 op=Add      norm=residual   sh=-1 dim=4096  heads=32  hd=128 q_dim=4096  kv_heads=32  kv_dim=4096  o_dim=4096  ffn_dim=11008  seqlen=1600   qlen=1   cache=N lat=    0.000ms cycles≈3
[pim-debug] segment total latency: 0.069 ms
========================================================================================
[pim-debug] segment_key=pim|decode|10|baff9c2d0f1f7dac9f2d74f4ecf92e61
[pim-debug] sig: device_type=pim phase=decode step=10 (count_hint=31)
[pim-debug] ops_repr: LN:-1,Q:1,K:1,V:1,QK:1,Softmax:1,SV:1,O:1,LN:-1,FFN_W3:0,FFN_W1:1,SwiGLU:1,FFN_W2:1
[pim-debug] cfg: shard_policy='fine' shards=2 dim=4096 ffn_dim=11008 n_heads=32 n_kv_heads=auto->n_heads
[pim-debug] pim_config=/lustre/home/2501111916/workspace/XPUPIM_0226_gpupim_parameter/TriForm/algorithms/aim_simulator/PIM_AiM.json
[pim-debug] ramulator_config=/lustre/home/2501111916/workspace/XPUPIM_0226_gpupim_parameter/TriForm/algorithms/aim_simulator/example.yaml
[pim-debug] cost_model config.PIM_FREQ_GHZ=1.0
[pim-debug] op plan (logical shapes inferred from schedule cfg):
  - op#00  op=LN       shard=-1  x=[1x4096] + w=[4096]  ->  y=[1x4096]  (T=1, K=1600)
  - op#01  op=Q        shard=1   x=[1x4096] + w=[2048x4096]  ->  y=[1x2048]  (T=1, K=1600)
  - op#02  op=K        shard=1   x=[1x4096] + w=[2048x4096]  ->  y=[1x2048]  (T=1, K=1600)
  - op#03  op=V        shard=1   x=[1x4096] + w=[2048x4096]  ->  y=[1x2048]  (T=1, K=1600)
  - op#04  op=QK       shard=1   q=[16x1x128] + k=[16x128x1600]  ->  y=[16x1x1600]  (T=1, K=1600)
  - op#05  op=Softmax  shard=1   scores=[16x1x1600]  ->  y=[16x1x1600]  (T=1, K=1600)
  - op#06  op=SV       shard=1   p=[16x1x1600] + v=[16x1600x128]  ->  y=[16x1x128]  (T=1, K=1600)
  - op#07  op=O        shard=1   x=[1x2048] + w=[4096x2048]  ->  y=[1x4096]  (T=1, K=1600)
  - op#08  op=LN       shard=-1  x=[1x4096] + w=[4096]  ->  y=[1x4096]  (T=1, K=1600)
  - op#09  op=FFN_W3   shard=0   x=[1x4096] + w=[5504x4096]  ->  y=[1x5504]  (T=1, K=1600)
  - op#10  op=FFN_W1   shard=1   x=[1x4096] + w=[5504x4096]  ->  y=[1x5504]  (T=1, K=1600)
  - op#11  op=SwiGLU   shard=1   a=[1x5504] + b=[1x5504]  ->  y=[1x5504]  (T=1, K=1600)
  - op#12  op=FFN_W2   shard=1   x=[1x5504] + w=[4096x5504]  ->  y=[1x4096]  (T=1, K=1600)
[pim-debug] NOTE: CENT(AiM) trace backend internally uses x shape (1,1,dim) and handles prefill by repeating ops;
           the table below shows the *effective parameters* passed into cost_model_pim_backend for each op.
[pim-debug] op#00 op=LN       norm=rmsnorm    sh=-1 dim=4096  heads=32  hd=128 q_dim=4096  kv_heads=32  kv_dim=4096  o_dim=4096  ffn_dim=11008  seqlen=1600   qlen=1   cache=N lat=    0.001ms cycles≈1314
[pim-debug] op#01 op=Q        norm=q_proj     sh=1  dim=4096  heads=16  hd=128 q_dim=2048  kv_heads=16  kv_dim=2048  o_dim=2048  ffn_dim=5504   seqlen=1600   qlen=1   cache=N lat=    0.004ms cycles≈4428
[pim-debug] op#02 op=K        norm=k_proj     sh=1  dim=4096  heads=16  hd=128 q_dim=2048  kv_heads=16  kv_dim=2048  o_dim=2048  ffn_dim=5504   seqlen=1600   qlen=1   cache=N lat=    0.004ms cycles≈4428
[pim-debug] op#03 op=V        norm=v_proj     sh=1  dim=4096  heads=16  hd=128 q_dim=2048  kv_heads=16  kv_dim=2048  o_dim=2048  ffn_dim=5504   seqlen=1600   qlen=1   cache=N lat=    0.004ms cycles≈4428
[pim-debug] op#04 op=QK       norm=score      sh=1  dim=4096  heads=16  hd=128 q_dim=2048  kv_heads=16  kv_dim=2048  o_dim=2048  ffn_dim=5504   seqlen=1600   qlen=1   cache=N lat=    0.007ms cycles≈7232
[pim-debug] op#05 op=Softmax  norm=softmax    sh=1  dim=4096  heads=16  hd=128 q_dim=2048  kv_heads=16  kv_dim=2048  o_dim=2048  ffn_dim=5504   seqlen=1600   qlen=1   cache=N lat=    0.006ms cycles≈5555
[pim-debug] op#06 op=SV       norm=output     sh=1  dim=4096  heads=16  hd=128 q_dim=2048  kv_heads=16  kv_dim=2048  o_dim=2048  ffn_dim=5504   seqlen=1600   qlen=1   cache=N lat=    0.004ms cycles≈4328
[pim-debug] op#07 op=O        norm=wo_proj    sh=1  dim=4096  heads=16  hd=128 q_dim=2048  kv_heads=16  kv_dim=2048  o_dim=2048  ffn_dim=5504   seqlen=1600   qlen=1   cache=N lat=    0.004ms cycles≈4062
[pim-debug] op#08 op=LN       norm=rmsnorm    sh=-1 dim=4096  heads=32  hd=128 q_dim=4096  kv_heads=32  kv_dim=4096  o_dim=4096  ffn_dim=11008  seqlen=1600   qlen=1   cache=N lat=    0.001ms cycles≈1314
[pim-debug] op#09 op=FFN_W3   norm=ffn_up     sh=0  dim=4096  heads=16  hd=128 q_dim=2048  kv_heads=16  kv_dim=2048  o_dim=2048  ffn_dim=5504   seqlen=1600   qlen=1   cache=N lat=    0.011ms cycles≈10896
[pim-debug] op#10 op=FFN_W1   norm=ffn_gate   sh=1  dim=4096  heads=16  hd=128 q_dim=2048  kv_heads=16  kv_dim=2048  o_dim=2048  ffn_dim=5504   seqlen=1600   qlen=1   cache=N lat=    0.012ms cycles≈11708
[pim-debug] op#11 op=SwiGLU   norm=silu       sh=1  dim=4096  heads=16  hd=128 q_dim=2048  kv_heads=16  kv_dim=2048  o_dim=2048  ffn_dim=5504   seqlen=1600   qlen=1   cache=N lat=    0.001ms cycles≈503
[pim-debug] op#12 op=FFN_W2   norm=ffn_down   sh=1  dim=4096  heads=16  hd=128 q_dim=2048  kv_heads=16  kv_dim=2048  o_dim=2048  ffn_dim=5504   seqlen=1600   qlen=1   cache=N lat=    0.011ms cycles≈11466
[pim-debug] segment total latency: 0.072 ms
========================================================================================
[pim-debug] segment_key=pim|decode|10|dfde0414e64cddd2624b90d983c73dcb
[pim-debug] sig: device_type=pim phase=decode step=10 (count_hint=1)
[pim-debug] ops_repr: LN:-1,K:0,V:0,QK:0,Softmax:0,SV:0,O:0,O:1,LN:-1,FFN_W3:0,FFN_W1:1,SwiGLU:0,FFN_W2:0,Add:-1
[pim-debug] cfg: shard_policy='fine' shards=2 dim=4096 ffn_dim=11008 n_heads=32 n_kv_heads=auto->n_heads
[pim-debug] pim_config=/lustre/home/2501111916/workspace/XPUPIM_0226_gpupim_parameter/TriForm/algorithms/aim_simulator/PIM_AiM.json
[pim-debug] ramulator_config=/lustre/home/2501111916/workspace/XPUPIM_0226_gpupim_parameter/TriForm/algorithms/aim_simulator/example.yaml
[pim-debug] cost_model config.PIM_FREQ_GHZ=1.0
[pim-debug] op plan (logical shapes inferred from schedule cfg):
  - op#00  op=LN       shard=-1  x=[1x4096] + w=[4096]  ->  y=[1x4096]  (T=1, K=1600)
  - op#01  op=K        shard=0   x=[1x4096] + w=[2048x4096]  ->  y=[1x2048]  (T=1, K=1600)
  - op#02  op=V        shard=0   x=[1x4096] + w=[2048x4096]  ->  y=[1x2048]  (T=1, K=1600)
  - op#03  op=QK       shard=0   q=[16x1x128] + k=[16x128x1600]  ->  y=[16x1x1600]  (T=1, K=1600)
  - op#04  op=Softmax  shard=0   scores=[16x1x1600]  ->  y=[16x1x1600]  (T=1, K=1600)
  - op#05  op=SV       shard=0   p=[16x1x1600] + v=[16x1600x128]  ->  y=[16x1x128]  (T=1, K=1600)
  - op#06  op=O        shard=0   x=[1x2048] + w=[4096x2048]  ->  y=[1x4096]  (T=1, K=1600)
  - op#07  op=O        shard=1   x=[1x2048] + w=[4096x2048]  ->  y=[1x4096]  (T=1, K=1600)
  - op#08  op=LN       shard=-1  x=[1x4096] + w=[4096]  ->  y=[1x4096]  (T=1, K=1600)
  - op#09  op=FFN_W3   shard=0   x=[1x4096] + w=[5504x4096]  ->  y=[1x5504]  (T=1, K=1600)
  - op#10  op=FFN_W1   shard=1   x=[1x4096] + w=[5504x4096]  ->  y=[1x5504]  (T=1, K=1600)
  - op#11  op=SwiGLU   shard=0   a=[1x5504] + b=[1x5504]  ->  y=[1x5504]  (T=1, K=1600)
  - op#12  op=FFN_W2   shard=0   x=[1x5504] + w=[4096x5504]  ->  y=[1x4096]  (T=1, K=1600)
  - op#13  op=Add      shard=-1  a=[1x4096] + b=[1x4096]  ->  y=[1x4096]  (T=1, K=1600)
[pim-debug] NOTE: CENT(AiM) trace backend internally uses x shape (1,1,dim) and handles prefill by repeating ops;
           the table below shows the *effective parameters* passed into cost_model_pim_backend for each op.
[pim-debug] op#00 op=LN       norm=rmsnorm    sh=-1 dim=4096  heads=32  hd=128 q_dim=4096  kv_heads=32  kv_dim=4096  o_dim=4096  ffn_dim=11008  seqlen=1600   qlen=1   cache=N lat=    0.001ms cycles≈1314
[pim-debug] op#01 op=K        norm=k_proj     sh=0  dim=4096  heads=16  hd=128 q_dim=2048  kv_heads=16  kv_dim=2048  o_dim=2048  ffn_dim=5504   seqlen=1600   qlen=1   cache=N lat=    0.004ms cycles≈4428
[pim-debug] op#02 op=V        norm=v_proj     sh=0  dim=4096  heads=16  hd=128 q_dim=2048  kv_heads=16  kv_dim=2048  o_dim=2048  ffn_dim=5504   seqlen=1600   qlen=1   cache=N lat=    0.004ms cycles≈4428
[pim-debug] op#03 op=QK       norm=score      sh=0  dim=4096  heads=16  hd=128 q_dim=2048  kv_heads=16  kv_dim=2048  o_dim=2048  ffn_dim=5504   seqlen=1600   qlen=1   cache=N lat=    0.007ms cycles≈7232
[pim-debug] op#04 op=Softmax  norm=softmax    sh=0  dim=4096  heads=16  hd=128 q_dim=2048  kv_heads=16  kv_dim=2048  o_dim=2048  ffn_dim=5504   seqlen=1600   qlen=1   cache=N lat=    0.006ms cycles≈5555
[pim-debug] op#05 op=SV       norm=output     sh=0  dim=4096  heads=16  hd=128 q_dim=2048  kv_heads=16  kv_dim=2048  o_dim=2048  ffn_dim=5504   seqlen=1600   qlen=1   cache=N lat=    0.004ms cycles≈4328
[pim-debug] op#06 op=O        norm=wo_proj    sh=0  dim=4096  heads=16  hd=128 q_dim=2048  kv_heads=16  kv_dim=2048  o_dim=2048  ffn_dim=5504   seqlen=1600   qlen=1   cache=N lat=    0.004ms cycles≈4062
[pim-debug] op#07 op=O        norm=wo_proj    sh=1  dim=4096  heads=16  hd=128 q_dim=2048  kv_heads=16  kv_dim=2048  o_dim=2048  ffn_dim=5504   seqlen=1600   qlen=1   cache=N lat=    0.004ms cycles≈4062
[pim-debug] op#08 op=LN       norm=rmsnorm    sh=-1 dim=4096  heads=32  hd=128 q_dim=4096  kv_heads=32  kv_dim=4096  o_dim=4096  ffn_dim=11008  seqlen=1600   qlen=1   cache=N lat=    0.001ms cycles≈1314
[pim-debug] op#09 op=FFN_W3   norm=ffn_up     sh=0  dim=4096  heads=16  hd=128 q_dim=2048  kv_heads=16  kv_dim=2048  o_dim=2048  ffn_dim=5504   seqlen=1600   qlen=1   cache=N lat=    0.011ms cycles≈10896
[pim-debug] op#10 op=FFN_W1   norm=ffn_gate   sh=1  dim=4096  heads=16  hd=128 q_dim=2048  kv_heads=16  kv_dim=2048  o_dim=2048  ffn_dim=5504   seqlen=1600   qlen=1   cache=N lat=    0.012ms cycles≈11708
[pim-debug] op#11 op=SwiGLU   norm=silu       sh=0  dim=4096  heads=16  hd=128 q_dim=2048  kv_heads=16  kv_dim=2048  o_dim=2048  ffn_dim=5504   seqlen=1600   qlen=1   cache=N lat=    0.001ms cycles≈503
[pim-debug] op#12 op=FFN_W2   norm=ffn_down   sh=0  dim=4096  heads=16  hd=128 q_dim=2048  kv_heads=16  kv_dim=2048  o_dim=2048  ffn_dim=5504   seqlen=1600   qlen=1   cache=N lat=    0.011ms cycles≈11466
[pim-debug] op#13 op=Add      norm=residual   sh=-1 dim=4096  heads=32  hd=128 q_dim=4096  kv_heads=32  kv_dim=4096  o_dim=4096  ffn_dim=11008  seqlen=1600   qlen=1   cache=N lat=    0.000ms cycles≈3
[pim-debug] segment total latency: 0.071 ms
========================================================================================
[pim-debug] segment_key=pim|decode|10|f9376ad5e0c83bcdbc006c3cfc9c65e3
[pim-debug] sig: device_type=pim phase=decode step=10 (count_hint=1)
[pim-debug] ops_repr: Q:0,Q:1,K:1,V:1,QK:1,Softmax:1,SV:1,Add:-1,FFN_W1:0,FFN_W3:1,SwiGLU:1,FFN_W2:1
[pim-debug] cfg: shard_policy='fine' shards=2 dim=4096 ffn_dim=11008 n_heads=32 n_kv_heads=auto->n_heads
[pim-debug] pim_config=/lustre/home/2501111916/workspace/XPUPIM_0226_gpupim_parameter/TriForm/algorithms/aim_simulator/PIM_AiM.json
[pim-debug] ramulator_config=/lustre/home/2501111916/workspace/XPUPIM_0226_gpupim_parameter/TriForm/algorithms/aim_simulator/example.yaml
[pim-debug] cost_model config.PIM_FREQ_GHZ=1.0
[pim-debug] op plan (logical shapes inferred from schedule cfg):
  - op#00  op=Q        shard=0   x=[1x4096] + w=[2048x4096]  ->  y=[1x2048]  (T=1, K=1600)
  - op#01  op=Q        shard=1   x=[1x4096] + w=[2048x4096]  ->  y=[1x2048]  (T=1, K=1600)
  - op#02  op=K        shard=1   x=[1x4096] + w=[2048x4096]  ->  y=[1x2048]  (T=1, K=1600)
  - op#03  op=V        shard=1   x=[1x4096] + w=[2048x4096]  ->  y=[1x2048]  (T=1, K=1600)
  - op#04  op=QK       shard=1   q=[16x1x128] + k=[16x128x1600]  ->  y=[16x1x1600]  (T=1, K=1600)
  - op#05  op=Softmax  shard=1   scores=[16x1x1600]  ->  y=[16x1x1600]  (T=1, K=1600)
  - op#06  op=SV       shard=1   p=[16x1x1600] + v=[16x1600x128]  ->  y=[16x1x128]  (T=1, K=1600)
  - op#07  op=Add      shard=-1  a=[1x4096] + b=[1x4096]  ->  y=[1x4096]  (T=1, K=1600)
  - op#08  op=FFN_W1   shard=0   x=[1x4096] + w=[5504x4096]  ->  y=[1x5504]  (T=1, K=1600)
  - op#09  op=FFN_W3   shard=1   x=[1x4096] + w=[5504x4096]  ->  y=[1x5504]  (T=1, K=1600)
  - op#10  op=SwiGLU   shard=1   a=[1x5504] + b=[1x5504]  ->  y=[1x5504]  (T=1, K=1600)
  - op#11  op=FFN_W2   shard=1   x=[1x5504] + w=[4096x5504]  ->  y=[1x4096]  (T=1, K=1600)
[pim-debug] NOTE: CENT(AiM) trace backend internally uses x shape (1,1,dim) and handles prefill by repeating ops;
           the table below shows the *effective parameters* passed into cost_model_pim_backend for each op.
[pim-debug] op#00 op=Q        norm=q_proj     sh=0  dim=4096  heads=16  hd=128 q_dim=2048  kv_heads=16  kv_dim=2048  o_dim=2048  ffn_dim=5504   seqlen=1600   qlen=1   cache=N lat=    0.004ms cycles≈4428
[pim-debug] op#01 op=Q        norm=q_proj     sh=1  dim=4096  heads=16  hd=128 q_dim=2048  kv_heads=16  kv_dim=2048  o_dim=2048  ffn_dim=5504   seqlen=1600   qlen=1   cache=N lat=    0.004ms cycles≈4428
[pim-debug] op#02 op=K        norm=k_proj     sh=1  dim=4096  heads=16  hd=128 q_dim=2048  kv_heads=16  kv_dim=2048  o_dim=2048  ffn_dim=5504   seqlen=1600   qlen=1   cache=N lat=    0.004ms cycles≈4428
[pim-debug] op#03 op=V        norm=v_proj     sh=1  dim=4096  heads=16  hd=128 q_dim=2048  kv_heads=16  kv_dim=2048  o_dim=2048  ffn_dim=5504   seqlen=1600   qlen=1   cache=N lat=    0.004ms cycles≈4428
[pim-debug] op#04 op=QK       norm=score      sh=1  dim=4096  heads=16  hd=128 q_dim=2048  kv_heads=16  kv_dim=2048  o_dim=2048  ffn_dim=5504   seqlen=1600   qlen=1   cache=N lat=    0.007ms cycles≈7232
[pim-debug] op#05 op=Softmax  norm=softmax    sh=1  dim=4096  heads=16  hd=128 q_dim=2048  kv_heads=16  kv_dim=2048  o_dim=2048  ffn_dim=5504   seqlen=1600   qlen=1   cache=N lat=    0.006ms cycles≈5555
[pim-debug] op#06 op=SV       norm=output     sh=1  dim=4096  heads=16  hd=128 q_dim=2048  kv_heads=16  kv_dim=2048  o_dim=2048  ffn_dim=5504   seqlen=1600   qlen=1   cache=N lat=    0.004ms cycles≈4328
[pim-debug] op#07 op=Add      norm=residual   sh=-1 dim=4096  heads=32  hd=128 q_dim=4096  kv_heads=32  kv_dim=4096  o_dim=4096  ffn_dim=11008  seqlen=1600   qlen=1   cache=N lat=    0.000ms cycles≈3
[pim-debug] op#08 op=FFN_W1   norm=ffn_gate   sh=0  dim=4096  heads=16  hd=128 q_dim=2048  kv_heads=16  kv_dim=2048  o_dim=2048  ffn_dim=5504   seqlen=1600   qlen=1   cache=N lat=    0.012ms cycles≈11708
[pim-debug] op#09 op=FFN_W3   norm=ffn_up     sh=1  dim=4096  heads=16  hd=128 q_dim=2048  kv_heads=16  kv_dim=2048  o_dim=2048  ffn_dim=5504   seqlen=1600   qlen=1   cache=N lat=    0.011ms cycles≈10896
[pim-debug] op#10 op=SwiGLU   norm=silu       sh=1  dim=4096  heads=16  hd=128 q_dim=2048  kv_heads=16  kv_dim=2048  o_dim=2048  ffn_dim=5504   seqlen=1600   qlen=1   cache=N lat=    0.001ms cycles≈503
[pim-debug] op#11 op=FFN_W2   norm=ffn_down   sh=1  dim=4096  heads=16  hd=128 q_dim=2048  kv_heads=16  kv_dim=2048  o_dim=2048  ffn_dim=5504   seqlen=1600   qlen=1   cache=N lat=    0.011ms cycles≈11466
[pim-debug] segment total latency: 0.069 ms
========================================================================================
[pim-debug] segment_key=pim|decode|11|b4bc49a8c43c5edb372579946f21f917
[pim-debug] sig: device_type=pim phase=decode step=11 (count_hint=31)
[pim-debug] ops_repr: Q:0,K:0,V:0,QK:0,Softmax:0,SV:0,O:0,Add:-1,FFN_W1:0,FFN_W3:1,SwiGLU:0,FFN_W2:0,Add:-1
[pim-debug] cfg: shard_policy='fine' shards=2 dim=4096 ffn_dim=11008 n_heads=32 n_kv_heads=auto->n_heads
[pim-debug] pim_config=/lustre/home/2501111916/workspace/XPUPIM_0226_gpupim_parameter/TriForm/algorithms/aim_simulator/PIM_AiM.json
[pim-debug] ramulator_config=/lustre/home/2501111916/workspace/XPUPIM_0226_gpupim_parameter/TriForm/algorithms/aim_simulator/example.yaml
[pim-debug] cost_model config.PIM_FREQ_GHZ=1.0
[pim-debug] op plan (logical shapes inferred from schedule cfg):
  - op#00  op=Q        shard=0   x=[1x4096] + w=[2048x4096]  ->  y=[1x2048]  (T=1, K=1664)
  - op#01  op=K        shard=0   x=[1x4096] + w=[2048x4096]  ->  y=[1x2048]  (T=1, K=1664)
  - op#02  op=V        shard=0   x=[1x4096] + w=[2048x4096]  ->  y=[1x2048]  (T=1, K=1664)
  - op#03  op=QK       shard=0   q=[16x1x128] + k=[16x128x1664]  ->  y=[16x1x1664]  (T=1, K=1664)
  - op#04  op=Softmax  shard=0   scores=[16x1x1664]  ->  y=[16x1x1664]  (T=1, K=1664)
  - op#05  op=SV       shard=0   p=[16x1x1664] + v=[16x1664x128]  ->  y=[16x1x128]  (T=1, K=1664)
  - op#06  op=O        shard=0   x=[1x2048] + w=[4096x2048]  ->  y=[1x4096]  (T=1, K=1664)
  - op#07  op=Add      shard=-1  a=[1x4096] + b=[1x4096]  ->  y=[1x4096]  (T=1, K=1664)
  - op#08  op=FFN_W1   shard=0   x=[1x4096] + w=[5504x4096]  ->  y=[1x5504]  (T=1, K=1664)
  - op#09  op=FFN_W3   shard=1   x=[1x4096] + w=[5504x4096]  ->  y=[1x5504]  (T=1, K=1664)
  - op#10  op=SwiGLU   shard=0   a=[1x5504] + b=[1x5504]  ->  y=[1x5504]  (T=1, K=1664)
  - op#11  op=FFN_W2   shard=0   x=[1x5504] + w=[4096x5504]  ->  y=[1x4096]  (T=1, K=1664)
  - op#12  op=Add      shard=-1  a=[1x4096] + b=[1x4096]  ->  y=[1x4096]  (T=1, K=1664)
[pim-debug] NOTE: CENT(AiM) trace backend internally uses x shape (1,1,dim) and handles prefill by repeating ops;
           the table below shows the *effective parameters* passed into cost_model_pim_backend for each op.
[pim-debug] op#00 op=Q        norm=q_proj     sh=0  dim=4096  heads=16  hd=128 q_dim=2048  kv_heads=16  kv_dim=2048  o_dim=2048  ffn_dim=5504   seqlen=1664   qlen=1   cache=N lat=    0.004ms cycles≈4428
[pim-debug] op#01 op=K        norm=k_proj     sh=0  dim=4096  heads=16  hd=128 q_dim=2048  kv_heads=16  kv_dim=2048  o_dim=2048  ffn_dim=5504   seqlen=1664   qlen=1   cache=N lat=    0.004ms cycles≈4428
[pim-debug] op#02 op=V        norm=v_proj     sh=0  dim=4096  heads=16  hd=128 q_dim=2048  kv_heads=16  kv_dim=2048  o_dim=2048  ffn_dim=5504   seqlen=1664   qlen=1   cache=N lat=    0.004ms cycles≈4428
[pim-debug] op#03 op=QK       norm=score      sh=0  dim=4096  heads=16  hd=128 q_dim=2048  kv_heads=16  kv_dim=2048  o_dim=2048  ffn_dim=5504   seqlen=1664   qlen=1   cache=N lat=    0.007ms cycles≈7232
[pim-debug] op#04 op=Softmax  norm=softmax    sh=0  dim=4096  heads=16  hd=128 q_dim=2048  kv_heads=16  kv_dim=2048  o_dim=2048  ffn_dim=5504   seqlen=1664   qlen=1   cache=N lat=    0.006ms cycles≈5763
[pim-debug] op#05 op=SV       norm=output     sh=0  dim=4096  heads=16  hd=128 q_dim=2048  kv_heads=16  kv_dim=2048  o_dim=2048  ffn_dim=5504   seqlen=1664   qlen=1   cache=N lat=    0.004ms cycles≈4400
[pim-debug] op#06 op=O        norm=wo_proj    sh=0  dim=4096  heads=16  hd=128 q_dim=2048  kv_heads=16  kv_dim=2048  o_dim=2048  ffn_dim=5504   seqlen=1664   qlen=1   cache=N lat=    0.004ms cycles≈4062
[pim-debug] op#07 op=Add      norm=residual   sh=-1 dim=4096  heads=32  hd=128 q_dim=4096  kv_heads=32  kv_dim=4096  o_dim=4096  ffn_dim=11008  seqlen=1664   qlen=1   cache=N lat=    0.000ms cycles≈3
[pim-debug] op#08 op=FFN_W1   norm=ffn_gate   sh=0  dim=4096  heads=16  hd=128 q_dim=2048  kv_heads=16  kv_dim=2048  o_dim=2048  ffn_dim=5504   seqlen=1664   qlen=1   cache=N lat=    0.012ms cycles≈11708
[pim-debug] op#09 op=FFN_W3   norm=ffn_up     sh=1  dim=4096  heads=16  hd=128 q_dim=2048  kv_heads=16  kv_dim=2048  o_dim=2048  ffn_dim=5504   seqlen=1664   qlen=1   cache=N lat=    0.011ms cycles≈10896
[pim-debug] op#10 op=SwiGLU   norm=silu       sh=0  dim=4096  heads=16  hd=128 q_dim=2048  kv_heads=16  kv_dim=2048  o_dim=2048  ffn_dim=5504   seqlen=1664   qlen=1   cache=N lat=    0.001ms cycles≈503
[pim-debug] op#11 op=FFN_W2   norm=ffn_down   sh=0  dim=4096  heads=16  hd=128 q_dim=2048  kv_heads=16  kv_dim=2048  o_dim=2048  ffn_dim=5504   seqlen=1664   qlen=1   cache=N lat=    0.011ms cycles≈11466
[pim-debug] op#12 op=Add      norm=residual   sh=-1 dim=4096  heads=32  hd=128 q_dim=4096  kv_heads=32  kv_dim=4096  o_dim=4096  ffn_dim=11008  seqlen=1664   qlen=1   cache=N lat=    0.000ms cycles≈3
[pim-debug] segment total latency: 0.069 ms
========================================================================================
[pim-debug] segment_key=pim|decode|11|baff9c2d0f1f7dac9f2d74f4ecf92e61
[pim-debug] sig: device_type=pim phase=decode step=11 (count_hint=31)
[pim-debug] ops_repr: LN:-1,Q:1,K:1,V:1,QK:1,Softmax:1,SV:1,O:1,LN:-1,FFN_W3:0,FFN_W1:1,SwiGLU:1,FFN_W2:1
[pim-debug] cfg: shard_policy='fine' shards=2 dim=4096 ffn_dim=11008 n_heads=32 n_kv_heads=auto->n_heads
[pim-debug] pim_config=/lustre/home/2501111916/workspace/XPUPIM_0226_gpupim_parameter/TriForm/algorithms/aim_simulator/PIM_AiM.json
[pim-debug] ramulator_config=/lustre/home/2501111916/workspace/XPUPIM_0226_gpupim_parameter/TriForm/algorithms/aim_simulator/example.yaml
[pim-debug] cost_model config.PIM_FREQ_GHZ=1.0
[pim-debug] op plan (logical shapes inferred from schedule cfg):
  - op#00  op=LN       shard=-1  x=[1x4096] + w=[4096]  ->  y=[1x4096]  (T=1, K=1664)
  - op#01  op=Q        shard=1   x=[1x4096] + w=[2048x4096]  ->  y=[1x2048]  (T=1, K=1664)
  - op#02  op=K        shard=1   x=[1x4096] + w=[2048x4096]  ->  y=[1x2048]  (T=1, K=1664)
  - op#03  op=V        shard=1   x=[1x4096] + w=[2048x4096]  ->  y=[1x2048]  (T=1, K=1664)
  - op#04  op=QK       shard=1   q=[16x1x128] + k=[16x128x1664]  ->  y=[16x1x1664]  (T=1, K=1664)
  - op#05  op=Softmax  shard=1   scores=[16x1x1664]  ->  y=[16x1x1664]  (T=1, K=1664)
  - op#06  op=SV       shard=1   p=[16x1x1664] + v=[16x1664x128]  ->  y=[16x1x128]  (T=1, K=1664)
  - op#07  op=O        shard=1   x=[1x2048] + w=[4096x2048]  ->  y=[1x4096]  (T=1, K=1664)
  - op#08  op=LN       shard=-1  x=[1x4096] + w=[4096]  ->  y=[1x4096]  (T=1, K=1664)
  - op#09  op=FFN_W3   shard=0   x=[1x4096] + w=[5504x4096]  ->  y=[1x5504]  (T=1, K=1664)
  - op#10  op=FFN_W1   shard=1   x=[1x4096] + w=[5504x4096]  ->  y=[1x5504]  (T=1, K=1664)
  - op#11  op=SwiGLU   shard=1   a=[1x5504] + b=[1x5504]  ->  y=[1x5504]  (T=1, K=1664)
  - op#12  op=FFN_W2   shard=1   x=[1x5504] + w=[4096x5504]  ->  y=[1x4096]  (T=1, K=1664)
[pim-debug] NOTE: CENT(AiM) trace backend internally uses x shape (1,1,dim) and handles prefill by repeating ops;
           the table below shows the *effective parameters* passed into cost_model_pim_backend for each op.
[pim-debug] op#00 op=LN       norm=rmsnorm    sh=-1 dim=4096  heads=32  hd=128 q_dim=4096  kv_heads=32  kv_dim=4096  o_dim=4096  ffn_dim=11008  seqlen=1664   qlen=1   cache=N lat=    0.001ms cycles≈1314
[pim-debug] op#01 op=Q        norm=q_proj     sh=1  dim=4096  heads=16  hd=128 q_dim=2048  kv_heads=16  kv_dim=2048  o_dim=2048  ffn_dim=5504   seqlen=1664   qlen=1   cache=N lat=    0.004ms cycles≈4428
[pim-debug] op#02 op=K        norm=k_proj     sh=1  dim=4096  heads=16  hd=128 q_dim=2048  kv_heads=16  kv_dim=2048  o_dim=2048  ffn_dim=5504   seqlen=1664   qlen=1   cache=N lat=    0.004ms cycles≈4428
[pim-debug] op#03 op=V        norm=v_proj     sh=1  dim=4096  heads=16  hd=128 q_dim=2048  kv_heads=16  kv_dim=2048  o_dim=2048  ffn_dim=5504   seqlen=1664   qlen=1   cache=N lat=    0.004ms cycles≈4428
[pim-debug] op#04 op=QK       norm=score      sh=1  dim=4096  heads=16  hd=128 q_dim=2048  kv_heads=16  kv_dim=2048  o_dim=2048  ffn_dim=5504   seqlen=1664   qlen=1   cache=N lat=    0.007ms cycles≈7232
[pim-debug] op#05 op=Softmax  norm=softmax    sh=1  dim=4096  heads=16  hd=128 q_dim=2048  kv_heads=16  kv_dim=2048  o_dim=2048  ffn_dim=5504   seqlen=1664   qlen=1   cache=N lat=    0.006ms cycles≈5763
[pim-debug] op#06 op=SV       norm=output     sh=1  dim=4096  heads=16  hd=128 q_dim=2048  kv_heads=16  kv_dim=2048  o_dim=2048  ffn_dim=5504   seqlen=1664   qlen=1   cache=N lat=    0.004ms cycles≈4400
[pim-debug] op#07 op=O        norm=wo_proj    sh=1  dim=4096  heads=16  hd=128 q_dim=2048  kv_heads=16  kv_dim=2048  o_dim=2048  ffn_dim=5504   seqlen=1664   qlen=1   cache=N lat=    0.004ms cycles≈4062
[pim-debug] op#08 op=LN       norm=rmsnorm    sh=-1 dim=4096  heads=32  hd=128 q_dim=4096  kv_heads=32  kv_dim=4096  o_dim=4096  ffn_dim=11008  seqlen=1664   qlen=1   cache=N lat=    0.001ms cycles≈1314
[pim-debug] op#09 op=FFN_W3   norm=ffn_up     sh=0  dim=4096  heads=16  hd=128 q_dim=2048  kv_heads=16  kv_dim=2048  o_dim=2048  ffn_dim=5504   seqlen=1664   qlen=1   cache=N lat=    0.011ms cycles≈10896
[pim-debug] op#10 op=FFN_W1   norm=ffn_gate   sh=1  dim=4096  heads=16  hd=128 q_dim=2048  kv_heads=16  kv_dim=2048  o_dim=2048  ffn_dim=5504   seqlen=1664   qlen=1   cache=N lat=    0.012ms cycles≈11708
[pim-debug] op#11 op=SwiGLU   norm=silu       sh=1  dim=4096  heads=16  hd=128 q_dim=2048  kv_heads=16  kv_dim=2048  o_dim=2048  ffn_dim=5504   seqlen=1664   qlen=1   cache=N lat=    0.001ms cycles≈503
[pim-debug] op#12 op=FFN_W2   norm=ffn_down   sh=1  dim=4096  heads=16  hd=128 q_dim=2048  kv_heads=16  kv_dim=2048  o_dim=2048  ffn_dim=5504   seqlen=1664   qlen=1   cache=N lat=    0.011ms cycles≈11466
[pim-debug] segment total latency: 0.072 ms
========================================================================================
[pim-debug] segment_key=pim|decode|11|dfde0414e64cddd2624b90d983c73dcb
[pim-debug] sig: device_type=pim phase=decode step=11 (count_hint=1)
[pim-debug] ops_repr: LN:-1,K:0,V:0,QK:0,Softmax:0,SV:0,O:0,O:1,LN:-1,FFN_W3:0,FFN_W1:1,SwiGLU:0,FFN_W2:0,Add:-1
[pim-debug] cfg: shard_policy='fine' shards=2 dim=4096 ffn_dim=11008 n_heads=32 n_kv_heads=auto->n_heads
[pim-debug] pim_config=/lustre/home/2501111916/workspace/XPUPIM_0226_gpupim_parameter/TriForm/algorithms/aim_simulator/PIM_AiM.json
[pim-debug] ramulator_config=/lustre/home/2501111916/workspace/XPUPIM_0226_gpupim_parameter/TriForm/algorithms/aim_simulator/example.yaml
[pim-debug] cost_model config.PIM_FREQ_GHZ=1.0
[pim-debug] op plan (logical shapes inferred from schedule cfg):
  - op#00  op=LN       shard=-1  x=[1x4096] + w=[4096]  ->  y=[1x4096]  (T=1, K=1664)
  - op#01  op=K        shard=0   x=[1x4096] + w=[2048x4096]  ->  y=[1x2048]  (T=1, K=1664)
  - op#02  op=V        shard=0   x=[1x4096] + w=[2048x4096]  ->  y=[1x2048]  (T=1, K=1664)
  - op#03  op=QK       shard=0   q=[16x1x128] + k=[16x128x1664]  ->  y=[16x1x1664]  (T=1, K=1664)
  - op#04  op=Softmax  shard=0   scores=[16x1x1664]  ->  y=[16x1x1664]  (T=1, K=1664)
  - op#05  op=SV       shard=0   p=[16x1x1664] + v=[16x1664x128]  ->  y=[16x1x128]  (T=1, K=1664)
  - op#06  op=O        shard=0   x=[1x2048] + w=[4096x2048]  ->  y=[1x4096]  (T=1, K=1664)
  - op#07  op=O        shard=1   x=[1x2048] + w=[4096x2048]  ->  y=[1x4096]  (T=1, K=1664)
  - op#08  op=LN       shard=-1  x=[1x4096] + w=[4096]  ->  y=[1x4096]  (T=1, K=1664)
  - op#09  op=FFN_W3   shard=0   x=[1x4096] + w=[5504x4096]  ->  y=[1x5504]  (T=1, K=1664)
  - op#10  op=FFN_W1   shard=1   x=[1x4096] + w=[5504x4096]  ->  y=[1x5504]  (T=1, K=1664)
  - op#11  op=SwiGLU   shard=0   a=[1x5504] + b=[1x5504]  ->  y=[1x5504]  (T=1, K=1664)
  - op#12  op=FFN_W2   shard=0   x=[1x5504] + w=[4096x5504]  ->  y=[1x4096]  (T=1, K=1664)
  - op#13  op=Add      shard=-1  a=[1x4096] + b=[1x4096]  ->  y=[1x4096]  (T=1, K=1664)
[pim-debug] NOTE: CENT(AiM) trace backend internally uses x shape (1,1,dim) and handles prefill by repeating ops;
           the table below shows the *effective parameters* passed into cost_model_pim_backend for each op.
[pim-debug] op#00 op=LN       norm=rmsnorm    sh=-1 dim=4096  heads=32  hd=128 q_dim=4096  kv_heads=32  kv_dim=4096  o_dim=4096  ffn_dim=11008  seqlen=1664   qlen=1   cache=N lat=    0.001ms cycles≈1314
[pim-debug] op#01 op=K        norm=k_proj     sh=0  dim=4096  heads=16  hd=128 q_dim=2048  kv_heads=16  kv_dim=2048  o_dim=2048  ffn_dim=5504   seqlen=1664   qlen=1   cache=N lat=    0.004ms cycles≈4428
[pim-debug] op#02 op=V        norm=v_proj     sh=0  dim=4096  heads=16  hd=128 q_dim=2048  kv_heads=16  kv_dim=2048  o_dim=2048  ffn_dim=5504   seqlen=1664   qlen=1   cache=N lat=    0.004ms cycles≈4428
[pim-debug] op#03 op=QK       norm=score      sh=0  dim=4096  heads=16  hd=128 q_dim=2048  kv_heads=16  kv_dim=2048  o_dim=2048  ffn_dim=5504   seqlen=1664   qlen=1   cache=N lat=    0.007ms cycles≈7232
[pim-debug] op#04 op=Softmax  norm=softmax    sh=0  dim=4096  heads=16  hd=128 q_dim=2048  kv_heads=16  kv_dim=2048  o_dim=2048  ffn_dim=5504   seqlen=1664   qlen=1   cache=N lat=    0.006ms cycles≈5763
[pim-debug] op#05 op=SV       norm=output     sh=0  dim=4096  heads=16  hd=128 q_dim=2048  kv_heads=16  kv_dim=2048  o_dim=2048  ffn_dim=5504   seqlen=1664   qlen=1   cache=N lat=    0.004ms cycles≈4400
[pim-debug] op#06 op=O        norm=wo_proj    sh=0  dim=4096  heads=16  hd=128 q_dim=2048  kv_heads=16  kv_dim=2048  o_dim=2048  ffn_dim=5504   seqlen=1664   qlen=1   cache=N lat=    0.004ms cycles≈4062
[pim-debug] op#07 op=O        norm=wo_proj    sh=1  dim=4096  heads=16  hd=128 q_dim=2048  kv_heads=16  kv_dim=2048  o_dim=2048  ffn_dim=5504   seqlen=1664   qlen=1   cache=N lat=    0.004ms cycles≈4062
[pim-debug] op#08 op=LN       norm=rmsnorm    sh=-1 dim=4096  heads=32  hd=128 q_dim=4096  kv_heads=32  kv_dim=4096  o_dim=4096  ffn_dim=11008  seqlen=1664   qlen=1   cache=N lat=    0.001ms cycles≈1314
[pim-debug] op#09 op=FFN_W3   norm=ffn_up     sh=0  dim=4096  heads=16  hd=128 q_dim=2048  kv_heads=16  kv_dim=2048  o_dim=2048  ffn_dim=5504   seqlen=1664   qlen=1   cache=N lat=    0.011ms cycles≈10896
[pim-debug] op#10 op=FFN_W1   norm=ffn_gate   sh=1  dim=4096  heads=16  hd=128 q_dim=2048  kv_heads=16  kv_dim=2048  o_dim=2048  ffn_dim=5504   seqlen=1664   qlen=1   cache=N lat=    0.012ms cycles≈11708
[pim-debug] op#11 op=SwiGLU   norm=silu       sh=0  dim=4096  heads=16  hd=128 q_dim=2048  kv_heads=16  kv_dim=2048  o_dim=2048  ffn_dim=5504   seqlen=1664   qlen=1   cache=N lat=    0.001ms cycles≈503
[pim-debug] op#12 op=FFN_W2   norm=ffn_down   sh=0  dim=4096  heads=16  hd=128 q_dim=2048  kv_heads=16  kv_dim=2048  o_dim=2048  ffn_dim=5504   seqlen=1664   qlen=1   cache=N lat=    0.011ms cycles≈11466
[pim-debug] op#13 op=Add      norm=residual   sh=-1 dim=4096  heads=32  hd=128 q_dim=4096  kv_heads=32  kv_dim=4096  o_dim=4096  ffn_dim=11008  seqlen=1664   qlen=1   cache=N lat=    0.000ms cycles≈3
[pim-debug] segment total latency: 0.072 ms
========================================================================================
[pim-debug] segment_key=pim|decode|11|f9376ad5e0c83bcdbc006c3cfc9c65e3
[pim-debug] sig: device_type=pim phase=decode step=11 (count_hint=1)
[pim-debug] ops_repr: Q:0,Q:1,K:1,V:1,QK:1,Softmax:1,SV:1,Add:-1,FFN_W1:0,FFN_W3:1,SwiGLU:1,FFN_W2:1
[pim-debug] cfg: shard_policy='fine' shards=2 dim=4096 ffn_dim=11008 n_heads=32 n_kv_heads=auto->n_heads
[pim-debug] pim_config=/lustre/home/2501111916/workspace/XPUPIM_0226_gpupim_parameter/TriForm/algorithms/aim_simulator/PIM_AiM.json
[pim-debug] ramulator_config=/lustre/home/2501111916/workspace/XPUPIM_0226_gpupim_parameter/TriForm/algorithms/aim_simulator/example.yaml
[pim-debug] cost_model config.PIM_FREQ_GHZ=1.0
[pim-debug] op plan (logical shapes inferred from schedule cfg):
  - op#00  op=Q        shard=0   x=[1x4096] + w=[2048x4096]  ->  y=[1x2048]  (T=1, K=1664)
  - op#01  op=Q        shard=1   x=[1x4096] + w=[2048x4096]  ->  y=[1x2048]  (T=1, K=1664)
  - op#02  op=K        shard=1   x=[1x4096] + w=[2048x4096]  ->  y=[1x2048]  (T=1, K=1664)
  - op#03  op=V        shard=1   x=[1x4096] + w=[2048x4096]  ->  y=[1x2048]  (T=1, K=1664)
  - op#04  op=QK       shard=1   q=[16x1x128] + k=[16x128x1664]  ->  y=[16x1x1664]  (T=1, K=1664)
  - op#05  op=Softmax  shard=1   scores=[16x1x1664]  ->  y=[16x1x1664]  (T=1, K=1664)
  - op#06  op=SV       shard=1   p=[16x1x1664] + v=[16x1664x128]  ->  y=[16x1x128]  (T=1, K=1664)
  - op#07  op=Add      shard=-1  a=[1x4096] + b=[1x4096]  ->  y=[1x4096]  (T=1, K=1664)
  - op#08  op=FFN_W1   shard=0   x=[1x4096] + w=[5504x4096]  ->  y=[1x5504]  (T=1, K=1664)
  - op#09  op=FFN_W3   shard=1   x=[1x4096] + w=[5504x4096]  ->  y=[1x5504]  (T=1, K=1664)
  - op#10  op=SwiGLU   shard=1   a=[1x5504] + b=[1x5504]  ->  y=[1x5504]  (T=1, K=1664)
  - op#11  op=FFN_W2   shard=1   x=[1x5504] + w=[4096x5504]  ->  y=[1x4096]  (T=1, K=1664)
[pim-debug] NOTE: CENT(AiM) trace backend internally uses x shape (1,1,dim) and handles prefill by repeating ops;
           the table below shows the *effective parameters* passed into cost_model_pim_backend for each op.
[pim-debug] op#00 op=Q        norm=q_proj     sh=0  dim=4096  heads=16  hd=128 q_dim=2048  kv_heads=16  kv_dim=2048  o_dim=2048  ffn_dim=5504   seqlen=1664   qlen=1   cache=N lat=    0.004ms cycles≈4428
[pim-debug] op#01 op=Q        norm=q_proj     sh=1  dim=4096  heads=16  hd=128 q_dim=2048  kv_heads=16  kv_dim=2048  o_dim=2048  ffn_dim=5504   seqlen=1664   qlen=1   cache=N lat=    0.004ms cycles≈4428
[pim-debug] op#02 op=K        norm=k_proj     sh=1  dim=4096  heads=16  hd=128 q_dim=2048  kv_heads=16  kv_dim=2048  o_dim=2048  ffn_dim=5504   seqlen=1664   qlen=1   cache=N lat=    0.004ms cycles≈4428
[pim-debug] op#03 op=V        norm=v_proj     sh=1  dim=4096  heads=16  hd=128 q_dim=2048  kv_heads=16  kv_dim=2048  o_dim=2048  ffn_dim=5504   seqlen=1664   qlen=1   cache=N lat=    0.004ms cycles≈4428
[pim-debug] op#04 op=QK       norm=score      sh=1  dim=4096  heads=16  hd=128 q_dim=2048  kv_heads=16  kv_dim=2048  o_dim=2048  ffn_dim=5504   seqlen=1664   qlen=1   cache=N lat=    0.007ms cycles≈7232
[pim-debug] op#05 op=Softmax  norm=softmax    sh=1  dim=4096  heads=16  hd=128 q_dim=2048  kv_heads=16  kv_dim=2048  o_dim=2048  ffn_dim=5504   seqlen=1664   qlen=1   cache=N lat=    0.006ms cycles≈5763
[pim-debug] op#06 op=SV       norm=output     sh=1  dim=4096  heads=16  hd=128 q_dim=2048  kv_heads=16  kv_dim=2048  o_dim=2048  ffn_dim=5504   seqlen=1664   qlen=1   cache=N lat=    0.004ms cycles≈4400
[pim-debug] op#07 op=Add      norm=residual   sh=-1 dim=4096  heads=32  hd=128 q_dim=4096  kv_heads=32  kv_dim=4096  o_dim=4096  ffn_dim=11008  seqlen=1664   qlen=1   cache=N lat=    0.000ms cycles≈3
[pim-debug] op#08 op=FFN_W1   norm=ffn_gate   sh=0  dim=4096  heads=16  hd=128 q_dim=2048  kv_heads=16  kv_dim=2048  o_dim=2048  ffn_dim=5504   seqlen=1664   qlen=1   cache=N lat=    0.012ms cycles≈11708
[pim-debug] op#09 op=FFN_W3   norm=ffn_up     sh=1  dim=4096  heads=16  hd=128 q_dim=2048  kv_heads=16  kv_dim=2048  o_dim=2048  ffn_dim=5504   seqlen=1664   qlen=1   cache=N lat=    0.011ms cycles≈10896
[pim-debug] op#10 op=SwiGLU   norm=silu       sh=1  dim=4096  heads=16  hd=128 q_dim=2048  kv_heads=16  kv_dim=2048  o_dim=2048  ffn_dim=5504   seqlen=1664   qlen=1   cache=N lat=    0.001ms cycles≈503
[pim-debug] op#11 op=FFN_W2   norm=ffn_down   sh=1  dim=4096  heads=16  hd=128 q_dim=2048  kv_heads=16  kv_dim=2048  o_dim=2048  ffn_dim=5504   seqlen=1664   qlen=1   cache=N lat=    0.011ms cycles≈11466
[pim-debug] segment total latency: 0.070 ms
========================================================================================
[pim-debug] segment_key=pim|decode|12|b4bc49a8c43c5edb372579946f21f917
[pim-debug] sig: device_type=pim phase=decode step=12 (count_hint=31)
[pim-debug] ops_repr: Q:0,K:0,V:0,QK:0,Softmax:0,SV:0,O:0,Add:-1,FFN_W1:0,FFN_W3:1,SwiGLU:0,FFN_W2:0,Add:-1
[pim-debug] cfg: shard_policy='fine' shards=2 dim=4096 ffn_dim=11008 n_heads=32 n_kv_heads=auto->n_heads
[pim-debug] pim_config=/lustre/home/2501111916/workspace/XPUPIM_0226_gpupim_parameter/TriForm/algorithms/aim_simulator/PIM_AiM.json
[pim-debug] ramulator_config=/lustre/home/2501111916/workspace/XPUPIM_0226_gpupim_parameter/TriForm/algorithms/aim_simulator/example.yaml
[pim-debug] cost_model config.PIM_FREQ_GHZ=1.0
[pim-debug] op plan (logical shapes inferred from schedule cfg):
  - op#00  op=Q        shard=0   x=[1x4096] + w=[2048x4096]  ->  y=[1x2048]  (T=1, K=1728)
  - op#01  op=K        shard=0   x=[1x4096] + w=[2048x4096]  ->  y=[1x2048]  (T=1, K=1728)
  - op#02  op=V        shard=0   x=[1x4096] + w=[2048x4096]  ->  y=[1x2048]  (T=1, K=1728)
  - op#03  op=QK       shard=0   q=[16x1x128] + k=[16x128x1728]  ->  y=[16x1x1728]  (T=1, K=1728)
  - op#04  op=Softmax  shard=0   scores=[16x1x1728]  ->  y=[16x1x1728]  (T=1, K=1728)
  - op#05  op=SV       shard=0   p=[16x1x1728] + v=[16x1728x128]  ->  y=[16x1x128]  (T=1, K=1728)
  - op#06  op=O        shard=0   x=[1x2048] + w=[4096x2048]  ->  y=[1x4096]  (T=1, K=1728)
  - op#07  op=Add      shard=-1  a=[1x4096] + b=[1x4096]  ->  y=[1x4096]  (T=1, K=1728)
  - op#08  op=FFN_W1   shard=0   x=[1x4096] + w=[5504x4096]  ->  y=[1x5504]  (T=1, K=1728)
  - op#09  op=FFN_W3   shard=1   x=[1x4096] + w=[5504x4096]  ->  y=[1x5504]  (T=1, K=1728)
  - op#10  op=SwiGLU   shard=0   a=[1x5504] + b=[1x5504]  ->  y=[1x5504]  (T=1, K=1728)
  - op#11  op=FFN_W2   shard=0   x=[1x5504] + w=[4096x5504]  ->  y=[1x4096]  (T=1, K=1728)
  - op#12  op=Add      shard=-1  a=[1x4096] + b=[1x4096]  ->  y=[1x4096]  (T=1, K=1728)
[pim-debug] NOTE: CENT(AiM) trace backend internally uses x shape (1,1,dim) and handles prefill by repeating ops;
           the table below shows the *effective parameters* passed into cost_model_pim_backend for each op.
[pim-debug] op#00 op=Q        norm=q_proj     sh=0  dim=4096  heads=16  hd=128 q_dim=2048  kv_heads=16  kv_dim=2048  o_dim=2048  ffn_dim=5504   seqlen=1728   qlen=1   cache=N lat=    0.004ms cycles≈4428
[pim-debug] op#01 op=K        norm=k_proj     sh=0  dim=4096  heads=16  hd=128 q_dim=2048  kv_heads=16  kv_dim=2048  o_dim=2048  ffn_dim=5504   seqlen=1728   qlen=1   cache=N lat=    0.004ms cycles≈4428
[pim-debug] op#02 op=V        norm=v_proj     sh=0  dim=4096  heads=16  hd=128 q_dim=2048  kv_heads=16  kv_dim=2048  o_dim=2048  ffn_dim=5504   seqlen=1728   qlen=1   cache=N lat=    0.004ms cycles≈4428
[pim-debug] op#03 op=QK       norm=score      sh=0  dim=4096  heads=16  hd=128 q_dim=2048  kv_heads=16  kv_dim=2048  o_dim=2048  ffn_dim=5504   seqlen=1728   qlen=1   cache=N lat=    0.007ms cycles≈7232
[pim-debug] op#04 op=Softmax  norm=softmax    sh=0  dim=4096  heads=16  hd=128 q_dim=2048  kv_heads=16  kv_dim=2048  o_dim=2048  ffn_dim=5504   seqlen=1728   qlen=1   cache=N lat=    0.006ms cycles≈5971
[pim-debug] op#05 op=SV       norm=output     sh=0  dim=4096  heads=16  hd=128 q_dim=2048  kv_heads=16  kv_dim=2048  o_dim=2048  ffn_dim=5504   seqlen=1728   qlen=1   cache=N lat=    0.004ms cycles≈4472
[pim-debug] op#06 op=O        norm=wo_proj    sh=0  dim=4096  heads=16  hd=128 q_dim=2048  kv_heads=16  kv_dim=2048  o_dim=2048  ffn_dim=5504   seqlen=1728   qlen=1   cache=N lat=    0.004ms cycles≈4062
[pim-debug] op#07 op=Add      norm=residual   sh=-1 dim=4096  heads=32  hd=128 q_dim=4096  kv_heads=32  kv_dim=4096  o_dim=4096  ffn_dim=11008  seqlen=1728   qlen=1   cache=N lat=    0.000ms cycles≈3
[pim-debug] op#08 op=FFN_W1   norm=ffn_gate   sh=0  dim=4096  heads=16  hd=128 q_dim=2048  kv_heads=16  kv_dim=2048  o_dim=2048  ffn_dim=5504   seqlen=1728   qlen=1   cache=N lat=    0.012ms cycles≈11708
[pim-debug] op#09 op=FFN_W3   norm=ffn_up     sh=1  dim=4096  heads=16  hd=128 q_dim=2048  kv_heads=16  kv_dim=2048  o_dim=2048  ffn_dim=5504   seqlen=1728   qlen=1   cache=N lat=    0.011ms cycles≈10896
[pim-debug] op#10 op=SwiGLU   norm=silu       sh=0  dim=4096  heads=16  hd=128 q_dim=2048  kv_heads=16  kv_dim=2048  o_dim=2048  ffn_dim=5504   seqlen=1728   qlen=1   cache=N lat=    0.001ms cycles≈503
[pim-debug] op#11 op=FFN_W2   norm=ffn_down   sh=0  dim=4096  heads=16  hd=128 q_dim=2048  kv_heads=16  kv_dim=2048  o_dim=2048  ffn_dim=5504   seqlen=1728   qlen=1   cache=N lat=    0.011ms cycles≈11466
[pim-debug] op#12 op=Add      norm=residual   sh=-1 dim=4096  heads=32  hd=128 q_dim=4096  kv_heads=32  kv_dim=4096  o_dim=4096  ffn_dim=11008  seqlen=1728   qlen=1   cache=N lat=    0.000ms cycles≈3
[pim-debug] segment total latency: 0.070 ms
========================================================================================
[pim-debug] segment_key=pim|decode|12|baff9c2d0f1f7dac9f2d74f4ecf92e61
[pim-debug] sig: device_type=pim phase=decode step=12 (count_hint=31)
[pim-debug] ops_repr: LN:-1,Q:1,K:1,V:1,QK:1,Softmax:1,SV:1,O:1,LN:-1,FFN_W3:0,FFN_W1:1,SwiGLU:1,FFN_W2:1
[pim-debug] cfg: shard_policy='fine' shards=2 dim=4096 ffn_dim=11008 n_heads=32 n_kv_heads=auto->n_heads
[pim-debug] pim_config=/lustre/home/2501111916/workspace/XPUPIM_0226_gpupim_parameter/TriForm/algorithms/aim_simulator/PIM_AiM.json
[pim-debug] ramulator_config=/lustre/home/2501111916/workspace/XPUPIM_0226_gpupim_parameter/TriForm/algorithms/aim_simulator/example.yaml
[pim-debug] cost_model config.PIM_FREQ_GHZ=1.0
[pim-debug] op plan (logical shapes inferred from schedule cfg):
  - op#00  op=LN       shard=-1  x=[1x4096] + w=[4096]  ->  y=[1x4096]  (T=1, K=1728)
  - op#01  op=Q        shard=1   x=[1x4096] + w=[2048x4096]  ->  y=[1x2048]  (T=1, K=1728)
  - op#02  op=K        shard=1   x=[1x4096] + w=[2048x4096]  ->  y=[1x2048]  (T=1, K=1728)
  - op#03  op=V        shard=1   x=[1x4096] + w=[2048x4096]  ->  y=[1x2048]  (T=1, K=1728)
  - op#04  op=QK       shard=1   q=[16x1x128] + k=[16x128x1728]  ->  y=[16x1x1728]  (T=1, K=1728)
  - op#05  op=Softmax  shard=1   scores=[16x1x1728]  ->  y=[16x1x1728]  (T=1, K=1728)
  - op#06  op=SV       shard=1   p=[16x1x1728] + v=[16x1728x128]  ->  y=[16x1x128]  (T=1, K=1728)
  - op#07  op=O        shard=1   x=[1x2048] + w=[4096x2048]  ->  y=[1x4096]  (T=1, K=1728)
  - op#08  op=LN       shard=-1  x=[1x4096] + w=[4096]  ->  y=[1x4096]  (T=1, K=1728)
  - op#09  op=FFN_W3   shard=0   x=[1x4096] + w=[5504x4096]  ->  y=[1x5504]  (T=1, K=1728)
  - op#10  op=FFN_W1   shard=1   x=[1x4096] + w=[5504x4096]  ->  y=[1x5504]  (T=1, K=1728)
  - op#11  op=SwiGLU   shard=1   a=[1x5504] + b=[1x5504]  ->  y=[1x5504]  (T=1, K=1728)
  - op#12  op=FFN_W2   shard=1   x=[1x5504] + w=[4096x5504]  ->  y=[1x4096]  (T=1, K=1728)
[pim-debug] NOTE: CENT(AiM) trace backend internally uses x shape (1,1,dim) and handles prefill by repeating ops;
           the table below shows the *effective parameters* passed into cost_model_pim_backend for each op.
[pim-debug] op#00 op=LN       norm=rmsnorm    sh=-1 dim=4096  heads=32  hd=128 q_dim=4096  kv_heads=32  kv_dim=4096  o_dim=4096  ffn_dim=11008  seqlen=1728   qlen=1   cache=N lat=    0.001ms cycles≈1314
[pim-debug] op#01 op=Q        norm=q_proj     sh=1  dim=4096  heads=16  hd=128 q_dim=2048  kv_heads=16  kv_dim=2048  o_dim=2048  ffn_dim=5504   seqlen=1728   qlen=1   cache=N lat=    0.004ms cycles≈4428
[pim-debug] op#02 op=K        norm=k_proj     sh=1  dim=4096  heads=16  hd=128 q_dim=2048  kv_heads=16  kv_dim=2048  o_dim=2048  ffn_dim=5504   seqlen=1728   qlen=1   cache=N lat=    0.004ms cycles≈4428
[pim-debug] op#03 op=V        norm=v_proj     sh=1  dim=4096  heads=16  hd=128 q_dim=2048  kv_heads=16  kv_dim=2048  o_dim=2048  ffn_dim=5504   seqlen=1728   qlen=1   cache=N lat=    0.004ms cycles≈4428
[pim-debug] op#04 op=QK       norm=score      sh=1  dim=4096  heads=16  hd=128 q_dim=2048  kv_heads=16  kv_dim=2048  o_dim=2048  ffn_dim=5504   seqlen=1728   qlen=1   cache=N lat=    0.007ms cycles≈7232
[pim-debug] op#05 op=Softmax  norm=softmax    sh=1  dim=4096  heads=16  hd=128 q_dim=2048  kv_heads=16  kv_dim=2048  o_dim=2048  ffn_dim=5504   seqlen=1728   qlen=1   cache=N lat=    0.006ms cycles≈5971
[pim-debug] op#06 op=SV       norm=output     sh=1  dim=4096  heads=16  hd=128 q_dim=2048  kv_heads=16  kv_dim=2048  o_dim=2048  ffn_dim=5504   seqlen=1728   qlen=1   cache=N lat=    0.004ms cycles≈4472
[pim-debug] op#07 op=O        norm=wo_proj    sh=1  dim=4096  heads=16  hd=128 q_dim=2048  kv_heads=16  kv_dim=2048  o_dim=2048  ffn_dim=5504   seqlen=1728   qlen=1   cache=N lat=    0.004ms cycles≈4062
[pim-debug] op#08 op=LN       norm=rmsnorm    sh=-1 dim=4096  heads=32  hd=128 q_dim=4096  kv_heads=32  kv_dim=4096  o_dim=4096  ffn_dim=11008  seqlen=1728   qlen=1   cache=N lat=    0.001ms cycles≈1314
[pim-debug] op#09 op=FFN_W3   norm=ffn_up     sh=0  dim=4096  heads=16  hd=128 q_dim=2048  kv_heads=16  kv_dim=2048  o_dim=2048  ffn_dim=5504   seqlen=1728   qlen=1   cache=N lat=    0.011ms cycles≈10896
[pim-debug] op#10 op=FFN_W1   norm=ffn_gate   sh=1  dim=4096  heads=16  hd=128 q_dim=2048  kv_heads=16  kv_dim=2048  o_dim=2048  ffn_dim=5504   seqlen=1728   qlen=1   cache=N lat=    0.012ms cycles≈11708
[pim-debug] op#11 op=SwiGLU   norm=silu       sh=1  dim=4096  heads=16  hd=128 q_dim=2048  kv_heads=16  kv_dim=2048  o_dim=2048  ffn_dim=5504   seqlen=1728   qlen=1   cache=N lat=    0.001ms cycles≈503
[pim-debug] op#12 op=FFN_W2   norm=ffn_down   sh=1  dim=4096  heads=16  hd=128 q_dim=2048  kv_heads=16  kv_dim=2048  o_dim=2048  ffn_dim=5504   seqlen=1728   qlen=1   cache=N lat=    0.011ms cycles≈11466
[pim-debug] segment total latency: 0.072 ms
========================================================================================
[pim-debug] segment_key=pim|decode|12|dfde0414e64cddd2624b90d983c73dcb
[pim-debug] sig: device_type=pim phase=decode step=12 (count_hint=1)
[pim-debug] ops_repr: LN:-1,K:0,V:0,QK:0,Softmax:0,SV:0,O:0,O:1,LN:-1,FFN_W3:0,FFN_W1:1,SwiGLU:0,FFN_W2:0,Add:-1
[pim-debug] cfg: shard_policy='fine' shards=2 dim=4096 ffn_dim=11008 n_heads=32 n_kv_heads=auto->n_heads
[pim-debug] pim_config=/lustre/home/2501111916/workspace/XPUPIM_0226_gpupim_parameter/TriForm/algorithms/aim_simulator/PIM_AiM.json
[pim-debug] ramulator_config=/lustre/home/2501111916/workspace/XPUPIM_0226_gpupim_parameter/TriForm/algorithms/aim_simulator/example.yaml
[pim-debug] cost_model config.PIM_FREQ_GHZ=1.0
[pim-debug] op plan (logical shapes inferred from schedule cfg):
  - op#00  op=LN       shard=-1  x=[1x4096] + w=[4096]  ->  y=[1x4096]  (T=1, K=1728)
  - op#01  op=K        shard=0   x=[1x4096] + w=[2048x4096]  ->  y=[1x2048]  (T=1, K=1728)
  - op#02  op=V        shard=0   x=[1x4096] + w=[2048x4096]  ->  y=[1x2048]  (T=1, K=1728)
  - op#03  op=QK       shard=0   q=[16x1x128] + k=[16x128x1728]  ->  y=[16x1x1728]  (T=1, K=1728)
  - op#04  op=Softmax  shard=0   scores=[16x1x1728]  ->  y=[16x1x1728]  (T=1, K=1728)
  - op#05  op=SV       shard=0   p=[16x1x1728] + v=[16x1728x128]  ->  y=[16x1x128]  (T=1, K=1728)
  - op#06  op=O        shard=0   x=[1x2048] + w=[4096x2048]  ->  y=[1x4096]  (T=1, K=1728)
  - op#07  op=O        shard=1   x=[1x2048] + w=[4096x2048]  ->  y=[1x4096]  (T=1, K=1728)
  - op#08  op=LN       shard=-1  x=[1x4096] + w=[4096]  ->  y=[1x4096]  (T=1, K=1728)
  - op#09  op=FFN_W3   shard=0   x=[1x4096] + w=[5504x4096]  ->  y=[1x5504]  (T=1, K=1728)
  - op#10  op=FFN_W1   shard=1   x=[1x4096] + w=[5504x4096]  ->  y=[1x5504]  (T=1, K=1728)
  - op#11  op=SwiGLU   shard=0   a=[1x5504] + b=[1x5504]  ->  y=[1x5504]  (T=1, K=1728)
  - op#12  op=FFN_W2   shard=0   x=[1x5504] + w=[4096x5504]  ->  y=[1x4096]  (T=1, K=1728)
  - op#13  op=Add      shard=-1  a=[1x4096] + b=[1x4096]  ->  y=[1x4096]  (T=1, K=1728)
[pim-debug] NOTE: CENT(AiM) trace backend internally uses x shape (1,1,dim) and handles prefill by repeating ops;
           the table below shows the *effective parameters* passed into cost_model_pim_backend for each op.
[pim-debug] op#00 op=LN       norm=rmsnorm    sh=-1 dim=4096  heads=32  hd=128 q_dim=4096  kv_heads=32  kv_dim=4096  o_dim=4096  ffn_dim=11008  seqlen=1728   qlen=1   cache=N lat=    0.001ms cycles≈1314
[pim-debug] op#01 op=K        norm=k_proj     sh=0  dim=4096  heads=16  hd=128 q_dim=2048  kv_heads=16  kv_dim=2048  o_dim=2048  ffn_dim=5504   seqlen=1728   qlen=1   cache=N lat=    0.004ms cycles≈4428
[pim-debug] op#02 op=V        norm=v_proj     sh=0  dim=4096  heads=16  hd=128 q_dim=2048  kv_heads=16  kv_dim=2048  o_dim=2048  ffn_dim=5504   seqlen=1728   qlen=1   cache=N lat=    0.004ms cycles≈4428
[pim-debug] op#03 op=QK       norm=score      sh=0  dim=4096  heads=16  hd=128 q_dim=2048  kv_heads=16  kv_dim=2048  o_dim=2048  ffn_dim=5504   seqlen=1728   qlen=1   cache=N lat=    0.007ms cycles≈7232
[pim-debug] op#04 op=Softmax  norm=softmax    sh=0  dim=4096  heads=16  hd=128 q_dim=2048  kv_heads=16  kv_dim=2048  o_dim=2048  ffn_dim=5504   seqlen=1728   qlen=1   cache=N lat=    0.006ms cycles≈5971
[pim-debug] op#05 op=SV       norm=output     sh=0  dim=4096  heads=16  hd=128 q_dim=2048  kv_heads=16  kv_dim=2048  o_dim=2048  ffn_dim=5504   seqlen=1728   qlen=1   cache=N lat=    0.004ms cycles≈4472
[pim-debug] op#06 op=O        norm=wo_proj    sh=0  dim=4096  heads=16  hd=128 q_dim=2048  kv_heads=16  kv_dim=2048  o_dim=2048  ffn_dim=5504   seqlen=1728   qlen=1   cache=N lat=    0.004ms cycles≈4062
[pim-debug] op#07 op=O        norm=wo_proj    sh=1  dim=4096  heads=16  hd=128 q_dim=2048  kv_heads=16  kv_dim=2048  o_dim=2048  ffn_dim=5504   seqlen=1728   qlen=1   cache=N lat=    0.004ms cycles≈4062
[pim-debug] op#08 op=LN       norm=rmsnorm    sh=-1 dim=4096  heads=32  hd=128 q_dim=4096  kv_heads=32  kv_dim=4096  o_dim=4096  ffn_dim=11008  seqlen=1728   qlen=1   cache=N lat=    0.001ms cycles≈1314
[pim-debug] op#09 op=FFN_W3   norm=ffn_up     sh=0  dim=4096  heads=16  hd=128 q_dim=2048  kv_heads=16  kv_dim=2048  o_dim=2048  ffn_dim=5504   seqlen=1728   qlen=1   cache=N lat=    0.011ms cycles≈10896
[pim-debug] op#10 op=FFN_W1   norm=ffn_gate   sh=1  dim=4096  heads=16  hd=128 q_dim=2048  kv_heads=16  kv_dim=2048  o_dim=2048  ffn_dim=5504   seqlen=1728   qlen=1   cache=N lat=    0.012ms cycles≈11708
[pim-debug] op#11 op=SwiGLU   norm=silu       sh=0  dim=4096  heads=16  hd=128 q_dim=2048  kv_heads=16  kv_dim=2048  o_dim=2048  ffn_dim=5504   seqlen=1728   qlen=1   cache=N lat=    0.001ms cycles≈503
[pim-debug] op#12 op=FFN_W2   norm=ffn_down   sh=0  dim=4096  heads=16  hd=128 q_dim=2048  kv_heads=16  kv_dim=2048  o_dim=2048  ffn_dim=5504   seqlen=1728   qlen=1   cache=N lat=    0.011ms cycles≈11466
[pim-debug] op#13 op=Add      norm=residual   sh=-1 dim=4096  heads=32  hd=128 q_dim=4096  kv_heads=32  kv_dim=4096  o_dim=4096  ffn_dim=11008  seqlen=1728   qlen=1   cache=N lat=    0.000ms cycles≈3
[pim-debug] segment total latency: 0.072 ms
========================================================================================
[pim-debug] segment_key=pim|decode|12|f9376ad5e0c83bcdbc006c3cfc9c65e3
[pim-debug] sig: device_type=pim phase=decode step=12 (count_hint=1)
[pim-debug] ops_repr: Q:0,Q:1,K:1,V:1,QK:1,Softmax:1,SV:1,Add:-1,FFN_W1:0,FFN_W3:1,SwiGLU:1,FFN_W2:1
[pim-debug] cfg: shard_policy='fine' shards=2 dim=4096 ffn_dim=11008 n_heads=32 n_kv_heads=auto->n_heads
[pim-debug] pim_config=/lustre/home/2501111916/workspace/XPUPIM_0226_gpupim_parameter/TriForm/algorithms/aim_simulator/PIM_AiM.json
[pim-debug] ramulator_config=/lustre/home/2501111916/workspace/XPUPIM_0226_gpupim_parameter/TriForm/algorithms/aim_simulator/example.yaml
[pim-debug] cost_model config.PIM_FREQ_GHZ=1.0
[pim-debug] op plan (logical shapes inferred from schedule cfg):
  - op#00  op=Q        shard=0   x=[1x4096] + w=[2048x4096]  ->  y=[1x2048]  (T=1, K=1728)
  - op#01  op=Q        shard=1   x=[1x4096] + w=[2048x4096]  ->  y=[1x2048]  (T=1, K=1728)
  - op#02  op=K        shard=1   x=[1x4096] + w=[2048x4096]  ->  y=[1x2048]  (T=1, K=1728)
  - op#03  op=V        shard=1   x=[1x4096] + w=[2048x4096]  ->  y=[1x2048]  (T=1, K=1728)
  - op#04  op=QK       shard=1   q=[16x1x128] + k=[16x128x1728]  ->  y=[16x1x1728]  (T=1, K=1728)
  - op#05  op=Softmax  shard=1   scores=[16x1x1728]  ->  y=[16x1x1728]  (T=1, K=1728)
  - op#06  op=SV       shard=1   p=[16x1x1728] + v=[16x1728x128]  ->  y=[16x1x128]  (T=1, K=1728)
  - op#07  op=Add      shard=-1  a=[1x4096] + b=[1x4096]  ->  y=[1x4096]  (T=1, K=1728)
  - op#08  op=FFN_W1   shard=0   x=[1x4096] + w=[5504x4096]  ->  y=[1x5504]  (T=1, K=1728)
  - op#09  op=FFN_W3   shard=1   x=[1x4096] + w=[5504x4096]  ->  y=[1x5504]  (T=1, K=1728)
  - op#10  op=SwiGLU   shard=1   a=[1x5504] + b=[1x5504]  ->  y=[1x5504]  (T=1, K=1728)
  - op#11  op=FFN_W2   shard=1   x=[1x5504] + w=[4096x5504]  ->  y=[1x4096]  (T=1, K=1728)
[pim-debug] NOTE: CENT(AiM) trace backend internally uses x shape (1,1,dim) and handles prefill by repeating ops;
           the table below shows the *effective parameters* passed into cost_model_pim_backend for each op.
[pim-debug] op#00 op=Q        norm=q_proj     sh=0  dim=4096  heads=16  hd=128 q_dim=2048  kv_heads=16  kv_dim=2048  o_dim=2048  ffn_dim=5504   seqlen=1728   qlen=1   cache=N lat=    0.004ms cycles≈4428
[pim-debug] op#01 op=Q        norm=q_proj     sh=1  dim=4096  heads=16  hd=128 q_dim=2048  kv_heads=16  kv_dim=2048  o_dim=2048  ffn_dim=5504   seqlen=1728   qlen=1   cache=N lat=    0.004ms cycles≈4428
[pim-debug] op#02 op=K        norm=k_proj     sh=1  dim=4096  heads=16  hd=128 q_dim=2048  kv_heads=16  kv_dim=2048  o_dim=2048  ffn_dim=5504   seqlen=1728   qlen=1   cache=N lat=    0.004ms cycles≈4428
[pim-debug] op#03 op=V        norm=v_proj     sh=1  dim=4096  heads=16  hd=128 q_dim=2048  kv_heads=16  kv_dim=2048  o_dim=2048  ffn_dim=5504   seqlen=1728   qlen=1   cache=N lat=    0.004ms cycles≈4428
[pim-debug] op#04 op=QK       norm=score      sh=1  dim=4096  heads=16  hd=128 q_dim=2048  kv_heads=16  kv_dim=2048  o_dim=2048  ffn_dim=5504   seqlen=1728   qlen=1   cache=N lat=    0.007ms cycles≈7232
[pim-debug] op#05 op=Softmax  norm=softmax    sh=1  dim=4096  heads=16  hd=128 q_dim=2048  kv_heads=16  kv_dim=2048  o_dim=2048  ffn_dim=5504   seqlen=1728   qlen=1   cache=N lat=    0.006ms cycles≈5971
[pim-debug] op#06 op=SV       norm=output     sh=1  dim=4096  heads=16  hd=128 q_dim=2048  kv_heads=16  kv_dim=2048  o_dim=2048  ffn_dim=5504   seqlen=1728   qlen=1   cache=N lat=    0.004ms cycles≈4472
[pim-debug] op#07 op=Add      norm=residual   sh=-1 dim=4096  heads=32  hd=128 q_dim=4096  kv_heads=32  kv_dim=4096  o_dim=4096  ffn_dim=11008  seqlen=1728   qlen=1   cache=N lat=    0.000ms cycles≈3
[pim-debug] op#08 op=FFN_W1   norm=ffn_gate   sh=0  dim=4096  heads=16  hd=128 q_dim=2048  kv_heads=16  kv_dim=2048  o_dim=2048  ffn_dim=5504   seqlen=1728   qlen=1   cache=N lat=    0.012ms cycles≈11708
[pim-debug] op#09 op=FFN_W3   norm=ffn_up     sh=1  dim=4096  heads=16  hd=128 q_dim=2048  kv_heads=16  kv_dim=2048  o_dim=2048  ffn_dim=5504   seqlen=1728   qlen=1   cache=N lat=    0.011ms cycles≈10896
[pim-debug] op#10 op=SwiGLU   norm=silu       sh=1  dim=4096  heads=16  hd=128 q_dim=2048  kv_heads=16  kv_dim=2048  o_dim=2048  ffn_dim=5504   seqlen=1728   qlen=1   cache=N lat=    0.001ms cycles≈503
[pim-debug] op#11 op=FFN_W2   norm=ffn_down   sh=1  dim=4096  heads=16  hd=128 q_dim=2048  kv_heads=16  kv_dim=2048  o_dim=2048  ffn_dim=5504   seqlen=1728   qlen=1   cache=N lat=    0.011ms cycles≈11466
[pim-debug] segment total latency: 0.070 ms
========================================================================================
[pim-debug] segment_key=pim|decode|13|b4bc49a8c43c5edb372579946f21f917
[pim-debug] sig: device_type=pim phase=decode step=13 (count_hint=31)
[pim-debug] ops_repr: Q:0,K:0,V:0,QK:0,Softmax:0,SV:0,O:0,Add:-1,FFN_W1:0,FFN_W3:1,SwiGLU:0,FFN_W2:0,Add:-1
[pim-debug] cfg: shard_policy='fine' shards=2 dim=4096 ffn_dim=11008 n_heads=32 n_kv_heads=auto->n_heads
[pim-debug] pim_config=/lustre/home/2501111916/workspace/XPUPIM_0226_gpupim_parameter/TriForm/algorithms/aim_simulator/PIM_AiM.json
[pim-debug] ramulator_config=/lustre/home/2501111916/workspace/XPUPIM_0226_gpupim_parameter/TriForm/algorithms/aim_simulator/example.yaml
[pim-debug] cost_model config.PIM_FREQ_GHZ=1.0
[pim-debug] op plan (logical shapes inferred from schedule cfg):
  - op#00  op=Q        shard=0   x=[1x4096] + w=[2048x4096]  ->  y=[1x2048]  (T=1, K=1792)
  - op#01  op=K        shard=0   x=[1x4096] + w=[2048x4096]  ->  y=[1x2048]  (T=1, K=1792)
  - op#02  op=V        shard=0   x=[1x4096] + w=[2048x4096]  ->  y=[1x2048]  (T=1, K=1792)
  - op#03  op=QK       shard=0   q=[16x1x128] + k=[16x128x1792]  ->  y=[16x1x1792]  (T=1, K=1792)
  - op#04  op=Softmax  shard=0   scores=[16x1x1792]  ->  y=[16x1x1792]  (T=1, K=1792)
  - op#05  op=SV       shard=0   p=[16x1x1792] + v=[16x1792x128]  ->  y=[16x1x128]  (T=1, K=1792)
  - op#06  op=O        shard=0   x=[1x2048] + w=[4096x2048]  ->  y=[1x4096]  (T=1, K=1792)
  - op#07  op=Add      shard=-1  a=[1x4096] + b=[1x4096]  ->  y=[1x4096]  (T=1, K=1792)
  - op#08  op=FFN_W1   shard=0   x=[1x4096] + w=[5504x4096]  ->  y=[1x5504]  (T=1, K=1792)
  - op#09  op=FFN_W3   shard=1   x=[1x4096] + w=[5504x4096]  ->  y=[1x5504]  (T=1, K=1792)
  - op#10  op=SwiGLU   shard=0   a=[1x5504] + b=[1x5504]  ->  y=[1x5504]  (T=1, K=1792)
  - op#11  op=FFN_W2   shard=0   x=[1x5504] + w=[4096x5504]  ->  y=[1x4096]  (T=1, K=1792)
  - op#12  op=Add      shard=-1  a=[1x4096] + b=[1x4096]  ->  y=[1x4096]  (T=1, K=1792)
[pim-debug] NOTE: CENT(AiM) trace backend internally uses x shape (1,1,dim) and handles prefill by repeating ops;
           the table below shows the *effective parameters* passed into cost_model_pim_backend for each op.
[pim-debug] op#00 op=Q        norm=q_proj     sh=0  dim=4096  heads=16  hd=128 q_dim=2048  kv_heads=16  kv_dim=2048  o_dim=2048  ffn_dim=5504   seqlen=1792   qlen=1   cache=N lat=    0.004ms cycles≈4428
[pim-debug] op#01 op=K        norm=k_proj     sh=0  dim=4096  heads=16  hd=128 q_dim=2048  kv_heads=16  kv_dim=2048  o_dim=2048  ffn_dim=5504   seqlen=1792   qlen=1   cache=N lat=    0.004ms cycles≈4428
[pim-debug] op#02 op=V        norm=v_proj     sh=0  dim=4096  heads=16  hd=128 q_dim=2048  kv_heads=16  kv_dim=2048  o_dim=2048  ffn_dim=5504   seqlen=1792   qlen=1   cache=N lat=    0.004ms cycles≈4428
[pim-debug] op#03 op=QK       norm=score      sh=0  dim=4096  heads=16  hd=128 q_dim=2048  kv_heads=16  kv_dim=2048  o_dim=2048  ffn_dim=5504   seqlen=1792   qlen=1   cache=N lat=    0.007ms cycles≈7232
[pim-debug] op#04 op=Softmax  norm=softmax    sh=0  dim=4096  heads=16  hd=128 q_dim=2048  kv_heads=16  kv_dim=2048  o_dim=2048  ffn_dim=5504   seqlen=1792   qlen=1   cache=N lat=    0.006ms cycles≈6179
[pim-debug] op#05 op=SV       norm=output     sh=0  dim=4096  heads=16  hd=128 q_dim=2048  kv_heads=16  kv_dim=2048  o_dim=2048  ffn_dim=5504   seqlen=1792   qlen=1   cache=N lat=    0.005ms cycles≈4544
[pim-debug] op#06 op=O        norm=wo_proj    sh=0  dim=4096  heads=16  hd=128 q_dim=2048  kv_heads=16  kv_dim=2048  o_dim=2048  ffn_dim=5504   seqlen=1792   qlen=1   cache=N lat=    0.004ms cycles≈4062
[pim-debug] op#07 op=Add      norm=residual   sh=-1 dim=4096  heads=32  hd=128 q_dim=4096  kv_heads=32  kv_dim=4096  o_dim=4096  ffn_dim=11008  seqlen=1792   qlen=1   cache=N lat=    0.000ms cycles≈3
[pim-debug] op#08 op=FFN_W1   norm=ffn_gate   sh=0  dim=4096  heads=16  hd=128 q_dim=2048  kv_heads=16  kv_dim=2048  o_dim=2048  ffn_dim=5504   seqlen=1792   qlen=1   cache=N lat=    0.012ms cycles≈11708
[pim-debug] op#09 op=FFN_W3   norm=ffn_up     sh=1  dim=4096  heads=16  hd=128 q_dim=2048  kv_heads=16  kv_dim=2048  o_dim=2048  ffn_dim=5504   seqlen=1792   qlen=1   cache=N lat=    0.011ms cycles≈10896
[pim-debug] op#10 op=SwiGLU   norm=silu       sh=0  dim=4096  heads=16  hd=128 q_dim=2048  kv_heads=16  kv_dim=2048  o_dim=2048  ffn_dim=5504   seqlen=1792   qlen=1   cache=N lat=    0.001ms cycles≈503
[pim-debug] op#11 op=FFN_W2   norm=ffn_down   sh=0  dim=4096  heads=16  hd=128 q_dim=2048  kv_heads=16  kv_dim=2048  o_dim=2048  ffn_dim=5504   seqlen=1792   qlen=1   cache=N lat=    0.011ms cycles≈11466
[pim-debug] op#12 op=Add      norm=residual   sh=-1 dim=4096  heads=32  hd=128 q_dim=4096  kv_heads=32  kv_dim=4096  o_dim=4096  ffn_dim=11008  seqlen=1792   qlen=1   cache=N lat=    0.000ms cycles≈3
[pim-debug] segment total latency: 0.070 ms
========================================================================================
[pim-debug] segment_key=pim|decode|13|baff9c2d0f1f7dac9f2d74f4ecf92e61
[pim-debug] sig: device_type=pim phase=decode step=13 (count_hint=31)
[pim-debug] ops_repr: LN:-1,Q:1,K:1,V:1,QK:1,Softmax:1,SV:1,O:1,LN:-1,FFN_W3:0,FFN_W1:1,SwiGLU:1,FFN_W2:1
[pim-debug] cfg: shard_policy='fine' shards=2 dim=4096 ffn_dim=11008 n_heads=32 n_kv_heads=auto->n_heads
[pim-debug] pim_config=/lustre/home/2501111916/workspace/XPUPIM_0226_gpupim_parameter/TriForm/algorithms/aim_simulator/PIM_AiM.json
[pim-debug] ramulator_config=/lustre/home/2501111916/workspace/XPUPIM_0226_gpupim_parameter/TriForm/algorithms/aim_simulator/example.yaml
[pim-debug] cost_model config.PIM_FREQ_GHZ=1.0
[pim-debug] op plan (logical shapes inferred from schedule cfg):
  - op#00  op=LN       shard=-1  x=[1x4096] + w=[4096]  ->  y=[1x4096]  (T=1, K=1792)
  - op#01  op=Q        shard=1   x=[1x4096] + w=[2048x4096]  ->  y=[1x2048]  (T=1, K=1792)
  - op#02  op=K        shard=1   x=[1x4096] + w=[2048x4096]  ->  y=[1x2048]  (T=1, K=1792)
  - op#03  op=V        shard=1   x=[1x4096] + w=[2048x4096]  ->  y=[1x2048]  (T=1, K=1792)
  - op#04  op=QK       shard=1   q=[16x1x128] + k=[16x128x1792]  ->  y=[16x1x1792]  (T=1, K=1792)
  - op#05  op=Softmax  shard=1   scores=[16x1x1792]  ->  y=[16x1x1792]  (T=1, K=1792)
  - op#06  op=SV       shard=1   p=[16x1x1792] + v=[16x1792x128]  ->  y=[16x1x128]  (T=1, K=1792)
  - op#07  op=O        shard=1   x=[1x2048] + w=[4096x2048]  ->  y=[1x4096]  (T=1, K=1792)
  - op#08  op=LN       shard=-1  x=[1x4096] + w=[4096]  ->  y=[1x4096]  (T=1, K=1792)
  - op#09  op=FFN_W3   shard=0   x=[1x4096] + w=[5504x4096]  ->  y=[1x5504]  (T=1, K=1792)
  - op#10  op=FFN_W1   shard=1   x=[1x4096] + w=[5504x4096]  ->  y=[1x5504]  (T=1, K=1792)
  - op#11  op=SwiGLU   shard=1   a=[1x5504] + b=[1x5504]  ->  y=[1x5504]  (T=1, K=1792)
  - op#12  op=FFN_W2   shard=1   x=[1x5504] + w=[4096x5504]  ->  y=[1x4096]  (T=1, K=1792)
[pim-debug] NOTE: CENT(AiM) trace backend internally uses x shape (1,1,dim) and handles prefill by repeating ops;
           the table below shows the *effective parameters* passed into cost_model_pim_backend for each op.
[pim-debug] op#00 op=LN       norm=rmsnorm    sh=-1 dim=4096  heads=32  hd=128 q_dim=4096  kv_heads=32  kv_dim=4096  o_dim=4096  ffn_dim=11008  seqlen=1792   qlen=1   cache=N lat=    0.001ms cycles≈1314
[pim-debug] op#01 op=Q        norm=q_proj     sh=1  dim=4096  heads=16  hd=128 q_dim=2048  kv_heads=16  kv_dim=2048  o_dim=2048  ffn_dim=5504   seqlen=1792   qlen=1   cache=N lat=    0.004ms cycles≈4428
[pim-debug] op#02 op=K        norm=k_proj     sh=1  dim=4096  heads=16  hd=128 q_dim=2048  kv_heads=16  kv_dim=2048  o_dim=2048  ffn_dim=5504   seqlen=1792   qlen=1   cache=N lat=    0.004ms cycles≈4428
[pim-debug] op#03 op=V        norm=v_proj     sh=1  dim=4096  heads=16  hd=128 q_dim=2048  kv_heads=16  kv_dim=2048  o_dim=2048  ffn_dim=5504   seqlen=1792   qlen=1   cache=N lat=    0.004ms cycles≈4428
[pim-debug] op#04 op=QK       norm=score      sh=1  dim=4096  heads=16  hd=128 q_dim=2048  kv_heads=16  kv_dim=2048  o_dim=2048  ffn_dim=5504   seqlen=1792   qlen=1   cache=N lat=    0.007ms cycles≈7232
[pim-debug] op#05 op=Softmax  norm=softmax    sh=1  dim=4096  heads=16  hd=128 q_dim=2048  kv_heads=16  kv_dim=2048  o_dim=2048  ffn_dim=5504   seqlen=1792   qlen=1   cache=N lat=    0.006ms cycles≈6179
[pim-debug] op#06 op=SV       norm=output     sh=1  dim=4096  heads=16  hd=128 q_dim=2048  kv_heads=16  kv_dim=2048  o_dim=2048  ffn_dim=5504   seqlen=1792   qlen=1   cache=N lat=    0.005ms cycles≈4544
[pim-debug] op#07 op=O        norm=wo_proj    sh=1  dim=4096  heads=16  hd=128 q_dim=2048  kv_heads=16  kv_dim=2048  o_dim=2048  ffn_dim=5504   seqlen=1792   qlen=1   cache=N lat=    0.004ms cycles≈4062
[pim-debug] op#08 op=LN       norm=rmsnorm    sh=-1 dim=4096  heads=32  hd=128 q_dim=4096  kv_heads=32  kv_dim=4096  o_dim=4096  ffn_dim=11008  seqlen=1792   qlen=1   cache=N lat=    0.001ms cycles≈1314
[pim-debug] op#09 op=FFN_W3   norm=ffn_up     sh=0  dim=4096  heads=16  hd=128 q_dim=2048  kv_heads=16  kv_dim=2048  o_dim=2048  ffn_dim=5504   seqlen=1792   qlen=1   cache=N lat=    0.011ms cycles≈10896
[pim-debug] op#10 op=FFN_W1   norm=ffn_gate   sh=1  dim=4096  heads=16  hd=128 q_dim=2048  kv_heads=16  kv_dim=2048  o_dim=2048  ffn_dim=5504   seqlen=1792   qlen=1   cache=N lat=    0.012ms cycles≈11708
[pim-debug] op#11 op=SwiGLU   norm=silu       sh=1  dim=4096  heads=16  hd=128 q_dim=2048  kv_heads=16  kv_dim=2048  o_dim=2048  ffn_dim=5504   seqlen=1792   qlen=1   cache=N lat=    0.001ms cycles≈503
[pim-debug] op#12 op=FFN_W2   norm=ffn_down   sh=1  dim=4096  heads=16  hd=128 q_dim=2048  kv_heads=16  kv_dim=2048  o_dim=2048  ffn_dim=5504   seqlen=1792   qlen=1   cache=N lat=    0.011ms cycles≈11466
[pim-debug] segment total latency: 0.073 ms
========================================================================================
[pim-debug] segment_key=pim|decode|13|dfde0414e64cddd2624b90d983c73dcb
[pim-debug] sig: device_type=pim phase=decode step=13 (count_hint=1)
[pim-debug] ops_repr: LN:-1,K:0,V:0,QK:0,Softmax:0,SV:0,O:0,O:1,LN:-1,FFN_W3:0,FFN_W1:1,SwiGLU:0,FFN_W2:0,Add:-1
[pim-debug] cfg: shard_policy='fine' shards=2 dim=4096 ffn_dim=11008 n_heads=32 n_kv_heads=auto->n_heads
[pim-debug] pim_config=/lustre/home/2501111916/workspace/XPUPIM_0226_gpupim_parameter/TriForm/algorithms/aim_simulator/PIM_AiM.json
[pim-debug] ramulator_config=/lustre/home/2501111916/workspace/XPUPIM_0226_gpupim_parameter/TriForm/algorithms/aim_simulator/example.yaml
[pim-debug] cost_model config.PIM_FREQ_GHZ=1.0
[pim-debug] op plan (logical shapes inferred from schedule cfg):
  - op#00  op=LN       shard=-1  x=[1x4096] + w=[4096]  ->  y=[1x4096]  (T=1, K=1792)
  - op#01  op=K        shard=0   x=[1x4096] + w=[2048x4096]  ->  y=[1x2048]  (T=1, K=1792)
  - op#02  op=V        shard=0   x=[1x4096] + w=[2048x4096]  ->  y=[1x2048]  (T=1, K=1792)
  - op#03  op=QK       shard=0   q=[16x1x128] + k=[16x128x1792]  ->  y=[16x1x1792]  (T=1, K=1792)
  - op#04  op=Softmax  shard=0   scores=[16x1x1792]  ->  y=[16x1x1792]  (T=1, K=1792)
  - op#05  op=SV       shard=0   p=[16x1x1792] + v=[16x1792x128]  ->  y=[16x1x128]  (T=1, K=1792)
  - op#06  op=O        shard=0   x=[1x2048] + w=[4096x2048]  ->  y=[1x4096]  (T=1, K=1792)
  - op#07  op=O        shard=1   x=[1x2048] + w=[4096x2048]  ->  y=[1x4096]  (T=1, K=1792)
  - op#08  op=LN       shard=-1  x=[1x4096] + w=[4096]  ->  y=[1x4096]  (T=1, K=1792)
  - op#09  op=FFN_W3   shard=0   x=[1x4096] + w=[5504x4096]  ->  y=[1x5504]  (T=1, K=1792)
  - op#10  op=FFN_W1   shard=1   x=[1x4096] + w=[5504x4096]  ->  y=[1x5504]  (T=1, K=1792)
  - op#11  op=SwiGLU   shard=0   a=[1x5504] + b=[1x5504]  ->  y=[1x5504]  (T=1, K=1792)
  - op#12  op=FFN_W2   shard=0   x=[1x5504] + w=[4096x5504]  ->  y=[1x4096]  (T=1, K=1792)
  - op#13  op=Add      shard=-1  a=[1x4096] + b=[1x4096]  ->  y=[1x4096]  (T=1, K=1792)
[pim-debug] NOTE: CENT(AiM) trace backend internally uses x shape (1,1,dim) and handles prefill by repeating ops;
           the table below shows the *effective parameters* passed into cost_model_pim_backend for each op.
[pim-debug] op#00 op=LN       norm=rmsnorm    sh=-1 dim=4096  heads=32  hd=128 q_dim=4096  kv_heads=32  kv_dim=4096  o_dim=4096  ffn_dim=11008  seqlen=1792   qlen=1   cache=N lat=    0.001ms cycles≈1314
[pim-debug] op#01 op=K        norm=k_proj     sh=0  dim=4096  heads=16  hd=128 q_dim=2048  kv_heads=16  kv_dim=2048  o_dim=2048  ffn_dim=5504   seqlen=1792   qlen=1   cache=N lat=    0.004ms cycles≈4428
[pim-debug] op#02 op=V        norm=v_proj     sh=0  dim=4096  heads=16  hd=128 q_dim=2048  kv_heads=16  kv_dim=2048  o_dim=2048  ffn_dim=5504   seqlen=1792   qlen=1   cache=N lat=    0.004ms cycles≈4428
[pim-debug] op#03 op=QK       norm=score      sh=0  dim=4096  heads=16  hd=128 q_dim=2048  kv_heads=16  kv_dim=2048  o_dim=2048  ffn_dim=5504   seqlen=1792   qlen=1   cache=N lat=    0.007ms cycles≈7232
[pim-debug] op#04 op=Softmax  norm=softmax    sh=0  dim=4096  heads=16  hd=128 q_dim=2048  kv_heads=16  kv_dim=2048  o_dim=2048  ffn_dim=5504   seqlen=1792   qlen=1   cache=N lat=    0.006ms cycles≈6179
[pim-debug] op#05 op=SV       norm=output     sh=0  dim=4096  heads=16  hd=128 q_dim=2048  kv_heads=16  kv_dim=2048  o_dim=2048  ffn_dim=5504   seqlen=1792   qlen=1   cache=N lat=    0.005ms cycles≈4544
[pim-debug] op#06 op=O        norm=wo_proj    sh=0  dim=4096  heads=16  hd=128 q_dim=2048  kv_heads=16  kv_dim=2048  o_dim=2048  ffn_dim=5504   seqlen=1792   qlen=1   cache=N lat=    0.004ms cycles≈4062
[pim-debug] op#07 op=O        norm=wo_proj    sh=1  dim=4096  heads=16  hd=128 q_dim=2048  kv_heads=16  kv_dim=2048  o_dim=2048  ffn_dim=5504   seqlen=1792   qlen=1   cache=N lat=    0.004ms cycles≈4062
[pim-debug] op#08 op=LN       norm=rmsnorm    sh=-1 dim=4096  heads=32  hd=128 q_dim=4096  kv_heads=32  kv_dim=4096  o_dim=4096  ffn_dim=11008  seqlen=1792   qlen=1   cache=N lat=    0.001ms cycles≈1314
[pim-debug] op#09 op=FFN_W3   norm=ffn_up     sh=0  dim=4096  heads=16  hd=128 q_dim=2048  kv_heads=16  kv_dim=2048  o_dim=2048  ffn_dim=5504   seqlen=1792   qlen=1   cache=N lat=    0.011ms cycles≈10896
[pim-debug] op#10 op=FFN_W1   norm=ffn_gate   sh=1  dim=4096  heads=16  hd=128 q_dim=2048  kv_heads=16  kv_dim=2048  o_dim=2048  ffn_dim=5504   seqlen=1792   qlen=1   cache=N lat=    0.012ms cycles≈11708
[pim-debug] op#11 op=SwiGLU   norm=silu       sh=0  dim=4096  heads=16  hd=128 q_dim=2048  kv_heads=16  kv_dim=2048  o_dim=2048  ffn_dim=5504   seqlen=1792   qlen=1   cache=N lat=    0.001ms cycles≈503
[pim-debug] op#12 op=FFN_W2   norm=ffn_down   sh=0  dim=4096  heads=16  hd=128 q_dim=2048  kv_heads=16  kv_dim=2048  o_dim=2048  ffn_dim=5504   seqlen=1792   qlen=1   cache=N lat=    0.011ms cycles≈11466
[pim-debug] op#13 op=Add      norm=residual   sh=-1 dim=4096  heads=32  hd=128 q_dim=4096  kv_heads=32  kv_dim=4096  o_dim=4096  ffn_dim=11008  seqlen=1792   qlen=1   cache=N lat=    0.000ms cycles≈3
[pim-debug] segment total latency: 0.072 ms
========================================================================================
[pim-debug] segment_key=pim|decode|13|f9376ad5e0c83bcdbc006c3cfc9c65e3
[pim-debug] sig: device_type=pim phase=decode step=13 (count_hint=1)
[pim-debug] ops_repr: Q:0,Q:1,K:1,V:1,QK:1,Softmax:1,SV:1,Add:-1,FFN_W1:0,FFN_W3:1,SwiGLU:1,FFN_W2:1
[pim-debug] cfg: shard_policy='fine' shards=2 dim=4096 ffn_dim=11008 n_heads=32 n_kv_heads=auto->n_heads
[pim-debug] pim_config=/lustre/home/2501111916/workspace/XPUPIM_0226_gpupim_parameter/TriForm/algorithms/aim_simulator/PIM_AiM.json
[pim-debug] ramulator_config=/lustre/home/2501111916/workspace/XPUPIM_0226_gpupim_parameter/TriForm/algorithms/aim_simulator/example.yaml
[pim-debug] cost_model config.PIM_FREQ_GHZ=1.0
[pim-debug] op plan (logical shapes inferred from schedule cfg):
  - op#00  op=Q        shard=0   x=[1x4096] + w=[2048x4096]  ->  y=[1x2048]  (T=1, K=1792)
  - op#01  op=Q        shard=1   x=[1x4096] + w=[2048x4096]  ->  y=[1x2048]  (T=1, K=1792)
  - op#02  op=K        shard=1   x=[1x4096] + w=[2048x4096]  ->  y=[1x2048]  (T=1, K=1792)
  - op#03  op=V        shard=1   x=[1x4096] + w=[2048x4096]  ->  y=[1x2048]  (T=1, K=1792)
  - op#04  op=QK       shard=1   q=[16x1x128] + k=[16x128x1792]  ->  y=[16x1x1792]  (T=1, K=1792)
  - op#05  op=Softmax  shard=1   scores=[16x1x1792]  ->  y=[16x1x1792]  (T=1, K=1792)
  - op#06  op=SV       shard=1   p=[16x1x1792] + v=[16x1792x128]  ->  y=[16x1x128]  (T=1, K=1792)
  - op#07  op=Add      shard=-1  a=[1x4096] + b=[1x4096]  ->  y=[1x4096]  (T=1, K=1792)
  - op#08  op=FFN_W1   shard=0   x=[1x4096] + w=[5504x4096]  ->  y=[1x5504]  (T=1, K=1792)
  - op#09  op=FFN_W3   shard=1   x=[1x4096] + w=[5504x4096]  ->  y=[1x5504]  (T=1, K=1792)
  - op#10  op=SwiGLU   shard=1   a=[1x5504] + b=[1x5504]  ->  y=[1x5504]  (T=1, K=1792)
  - op#11  op=FFN_W2   shard=1   x=[1x5504] + w=[4096x5504]  ->  y=[1x4096]  (T=1, K=1792)
[pim-debug] NOTE: CENT(AiM) trace backend internally uses x shape (1,1,dim) and handles prefill by repeating ops;
           the table below shows the *effective parameters* passed into cost_model_pim_backend for each op.
[pim-debug] op#00 op=Q        norm=q_proj     sh=0  dim=4096  heads=16  hd=128 q_dim=2048  kv_heads=16  kv_dim=2048  o_dim=2048  ffn_dim=5504   seqlen=1792   qlen=1   cache=N lat=    0.004ms cycles≈4428
[pim-debug] op#01 op=Q        norm=q_proj     sh=1  dim=4096  heads=16  hd=128 q_dim=2048  kv_heads=16  kv_dim=2048  o_dim=2048  ffn_dim=5504   seqlen=1792   qlen=1   cache=N lat=    0.004ms cycles≈4428
[pim-debug] op#02 op=K        norm=k_proj     sh=1  dim=4096  heads=16  hd=128 q_dim=2048  kv_heads=16  kv_dim=2048  o_dim=2048  ffn_dim=5504   seqlen=1792   qlen=1   cache=N lat=    0.004ms cycles≈4428
[pim-debug] op#03 op=V        norm=v_proj     sh=1  dim=4096  heads=16  hd=128 q_dim=2048  kv_heads=16  kv_dim=2048  o_dim=2048  ffn_dim=5504   seqlen=1792   qlen=1   cache=N lat=    0.004ms cycles≈4428
[pim-debug] op#04 op=QK       norm=score      sh=1  dim=4096  heads=16  hd=128 q_dim=2048  kv_heads=16  kv_dim=2048  o_dim=2048  ffn_dim=5504   seqlen=1792   qlen=1   cache=N lat=    0.007ms cycles≈7232
[pim-debug] op#05 op=Softmax  norm=softmax    sh=1  dim=4096  heads=16  hd=128 q_dim=2048  kv_heads=16  kv_dim=2048  o_dim=2048  ffn_dim=5504   seqlen=1792   qlen=1   cache=N lat=    0.006ms cycles≈6179
[pim-debug] op#06 op=SV       norm=output     sh=1  dim=4096  heads=16  hd=128 q_dim=2048  kv_heads=16  kv_dim=2048  o_dim=2048  ffn_dim=5504   seqlen=1792   qlen=1   cache=N lat=    0.005ms cycles≈4544
[pim-debug] op#07 op=Add      norm=residual   sh=-1 dim=4096  heads=32  hd=128 q_dim=4096  kv_heads=32  kv_dim=4096  o_dim=4096  ffn_dim=11008  seqlen=1792   qlen=1   cache=N lat=    0.000ms cycles≈3
[pim-debug] op#08 op=FFN_W1   norm=ffn_gate   sh=0  dim=4096  heads=16  hd=128 q_dim=2048  kv_heads=16  kv_dim=2048  o_dim=2048  ffn_dim=5504   seqlen=1792   qlen=1   cache=N lat=    0.012ms cycles≈11708
[pim-debug] op#09 op=FFN_W3   norm=ffn_up     sh=1  dim=4096  heads=16  hd=128 q_dim=2048  kv_heads=16  kv_dim=2048  o_dim=2048  ffn_dim=5504   seqlen=1792   qlen=1   cache=N lat=    0.011ms cycles≈10896
[pim-debug] op#10 op=SwiGLU   norm=silu       sh=1  dim=4096  heads=16  hd=128 q_dim=2048  kv_heads=16  kv_dim=2048  o_dim=2048  ffn_dim=5504   seqlen=1792   qlen=1   cache=N lat=    0.001ms cycles≈503
[pim-debug] op#11 op=FFN_W2   norm=ffn_down   sh=1  dim=4096  heads=16  hd=128 q_dim=2048  kv_heads=16  kv_dim=2048  o_dim=2048  ffn_dim=5504   seqlen=1792   qlen=1   cache=N lat=    0.011ms cycles≈11466
[pim-debug] segment total latency: 0.070 ms
========================================================================================
[pim-debug] segment_key=pim|decode|14|b4bc49a8c43c5edb372579946f21f917
[pim-debug] sig: device_type=pim phase=decode step=14 (count_hint=31)
[pim-debug] ops_repr: Q:0,K:0,V:0,QK:0,Softmax:0,SV:0,O:0,Add:-1,FFN_W1:0,FFN_W3:1,SwiGLU:0,FFN_W2:0,Add:-1
[pim-debug] cfg: shard_policy='fine' shards=2 dim=4096 ffn_dim=11008 n_heads=32 n_kv_heads=auto->n_heads
[pim-debug] pim_config=/lustre/home/2501111916/workspace/XPUPIM_0226_gpupim_parameter/TriForm/algorithms/aim_simulator/PIM_AiM.json
[pim-debug] ramulator_config=/lustre/home/2501111916/workspace/XPUPIM_0226_gpupim_parameter/TriForm/algorithms/aim_simulator/example.yaml
[pim-debug] cost_model config.PIM_FREQ_GHZ=1.0
[pim-debug] op plan (logical shapes inferred from schedule cfg):
  - op#00  op=Q        shard=0   x=[1x4096] + w=[2048x4096]  ->  y=[1x2048]  (T=1, K=1856)
  - op#01  op=K        shard=0   x=[1x4096] + w=[2048x4096]  ->  y=[1x2048]  (T=1, K=1856)
  - op#02  op=V        shard=0   x=[1x4096] + w=[2048x4096]  ->  y=[1x2048]  (T=1, K=1856)
  - op#03  op=QK       shard=0   q=[16x1x128] + k=[16x128x1856]  ->  y=[16x1x1856]  (T=1, K=1856)
  - op#04  op=Softmax  shard=0   scores=[16x1x1856]  ->  y=[16x1x1856]  (T=1, K=1856)
  - op#05  op=SV       shard=0   p=[16x1x1856] + v=[16x1856x128]  ->  y=[16x1x128]  (T=1, K=1856)
  - op#06  op=O        shard=0   x=[1x2048] + w=[4096x2048]  ->  y=[1x4096]  (T=1, K=1856)
  - op#07  op=Add      shard=-1  a=[1x4096] + b=[1x4096]  ->  y=[1x4096]  (T=1, K=1856)
  - op#08  op=FFN_W1   shard=0   x=[1x4096] + w=[5504x4096]  ->  y=[1x5504]  (T=1, K=1856)
  - op#09  op=FFN_W3   shard=1   x=[1x4096] + w=[5504x4096]  ->  y=[1x5504]  (T=1, K=1856)
  - op#10  op=SwiGLU   shard=0   a=[1x5504] + b=[1x5504]  ->  y=[1x5504]  (T=1, K=1856)
  - op#11  op=FFN_W2   shard=0   x=[1x5504] + w=[4096x5504]  ->  y=[1x4096]  (T=1, K=1856)
  - op#12  op=Add      shard=-1  a=[1x4096] + b=[1x4096]  ->  y=[1x4096]  (T=1, K=1856)
[pim-debug] NOTE: CENT(AiM) trace backend internally uses x shape (1,1,dim) and handles prefill by repeating ops;
           the table below shows the *effective parameters* passed into cost_model_pim_backend for each op.
[pim-debug] op#00 op=Q        norm=q_proj     sh=0  dim=4096  heads=16  hd=128 q_dim=2048  kv_heads=16  kv_dim=2048  o_dim=2048  ffn_dim=5504   seqlen=1856   qlen=1   cache=N lat=    0.004ms cycles≈4428
[pim-debug] op#01 op=K        norm=k_proj     sh=0  dim=4096  heads=16  hd=128 q_dim=2048  kv_heads=16  kv_dim=2048  o_dim=2048  ffn_dim=5504   seqlen=1856   qlen=1   cache=N lat=    0.004ms cycles≈4428
[pim-debug] op#02 op=V        norm=v_proj     sh=0  dim=4096  heads=16  hd=128 q_dim=2048  kv_heads=16  kv_dim=2048  o_dim=2048  ffn_dim=5504   seqlen=1856   qlen=1   cache=N lat=    0.004ms cycles≈4428
[pim-debug] op#03 op=QK       norm=score      sh=0  dim=4096  heads=16  hd=128 q_dim=2048  kv_heads=16  kv_dim=2048  o_dim=2048  ffn_dim=5504   seqlen=1856   qlen=1   cache=N lat=    0.007ms cycles≈7232
[pim-debug] op#04 op=Softmax  norm=softmax    sh=0  dim=4096  heads=16  hd=128 q_dim=2048  kv_heads=16  kv_dim=2048  o_dim=2048  ffn_dim=5504   seqlen=1856   qlen=1   cache=N lat=    0.006ms cycles≈6387
[pim-debug] op#05 op=SV       norm=output     sh=0  dim=4096  heads=16  hd=128 q_dim=2048  kv_heads=16  kv_dim=2048  o_dim=2048  ffn_dim=5504   seqlen=1856   qlen=1   cache=N lat=    0.005ms cycles≈4616
[pim-debug] op#06 op=O        norm=wo_proj    sh=0  dim=4096  heads=16  hd=128 q_dim=2048  kv_heads=16  kv_dim=2048  o_dim=2048  ffn_dim=5504   seqlen=1856   qlen=1   cache=N lat=    0.004ms cycles≈4062
[pim-debug] op#07 op=Add      norm=residual   sh=-1 dim=4096  heads=32  hd=128 q_dim=4096  kv_heads=32  kv_dim=4096  o_dim=4096  ffn_dim=11008  seqlen=1856   qlen=1   cache=N lat=    0.000ms cycles≈3
[pim-debug] op#08 op=FFN_W1   norm=ffn_gate   sh=0  dim=4096  heads=16  hd=128 q_dim=2048  kv_heads=16  kv_dim=2048  o_dim=2048  ffn_dim=5504   seqlen=1856   qlen=1   cache=N lat=    0.012ms cycles≈11708
[pim-debug] op#09 op=FFN_W3   norm=ffn_up     sh=1  dim=4096  heads=16  hd=128 q_dim=2048  kv_heads=16  kv_dim=2048  o_dim=2048  ffn_dim=5504   seqlen=1856   qlen=1   cache=N lat=    0.011ms cycles≈10896
[pim-debug] op#10 op=SwiGLU   norm=silu       sh=0  dim=4096  heads=16  hd=128 q_dim=2048  kv_heads=16  kv_dim=2048  o_dim=2048  ffn_dim=5504   seqlen=1856   qlen=1   cache=N lat=    0.001ms cycles≈503
[pim-debug] op#11 op=FFN_W2   norm=ffn_down   sh=0  dim=4096  heads=16  hd=128 q_dim=2048  kv_heads=16  kv_dim=2048  o_dim=2048  ffn_dim=5504   seqlen=1856   qlen=1   cache=N lat=    0.011ms cycles≈11466
[pim-debug] op#12 op=Add      norm=residual   sh=-1 dim=4096  heads=32  hd=128 q_dim=4096  kv_heads=32  kv_dim=4096  o_dim=4096  ffn_dim=11008  seqlen=1856   qlen=1   cache=N lat=    0.000ms cycles≈3
[pim-debug] segment total latency: 0.070 ms
========================================================================================
[pim-debug] segment_key=pim|decode|14|baff9c2d0f1f7dac9f2d74f4ecf92e61
[pim-debug] sig: device_type=pim phase=decode step=14 (count_hint=31)
[pim-debug] ops_repr: LN:-1,Q:1,K:1,V:1,QK:1,Softmax:1,SV:1,O:1,LN:-1,FFN_W3:0,FFN_W1:1,SwiGLU:1,FFN_W2:1
[pim-debug] cfg: shard_policy='fine' shards=2 dim=4096 ffn_dim=11008 n_heads=32 n_kv_heads=auto->n_heads
[pim-debug] pim_config=/lustre/home/2501111916/workspace/XPUPIM_0226_gpupim_parameter/TriForm/algorithms/aim_simulator/PIM_AiM.json
[pim-debug] ramulator_config=/lustre/home/2501111916/workspace/XPUPIM_0226_gpupim_parameter/TriForm/algorithms/aim_simulator/example.yaml
[pim-debug] cost_model config.PIM_FREQ_GHZ=1.0
[pim-debug] op plan (logical shapes inferred from schedule cfg):
  - op#00  op=LN       shard=-1  x=[1x4096] + w=[4096]  ->  y=[1x4096]  (T=1, K=1856)
  - op#01  op=Q        shard=1   x=[1x4096] + w=[2048x4096]  ->  y=[1x2048]  (T=1, K=1856)
  - op#02  op=K        shard=1   x=[1x4096] + w=[2048x4096]  ->  y=[1x2048]  (T=1, K=1856)
  - op#03  op=V        shard=1   x=[1x4096] + w=[2048x4096]  ->  y=[1x2048]  (T=1, K=1856)
  - op#04  op=QK       shard=1   q=[16x1x128] + k=[16x128x1856]  ->  y=[16x1x1856]  (T=1, K=1856)
  - op#05  op=Softmax  shard=1   scores=[16x1x1856]  ->  y=[16x1x1856]  (T=1, K=1856)
  - op#06  op=SV       shard=1   p=[16x1x1856] + v=[16x1856x128]  ->  y=[16x1x128]  (T=1, K=1856)
  - op#07  op=O        shard=1   x=[1x2048] + w=[4096x2048]  ->  y=[1x4096]  (T=1, K=1856)
  - op#08  op=LN       shard=-1  x=[1x4096] + w=[4096]  ->  y=[1x4096]  (T=1, K=1856)
  - op#09  op=FFN_W3   shard=0   x=[1x4096] + w=[5504x4096]  ->  y=[1x5504]  (T=1, K=1856)
  - op#10  op=FFN_W1   shard=1   x=[1x4096] + w=[5504x4096]  ->  y=[1x5504]  (T=1, K=1856)
  - op#11  op=SwiGLU   shard=1   a=[1x5504] + b=[1x5504]  ->  y=[1x5504]  (T=1, K=1856)
  - op#12  op=FFN_W2   shard=1   x=[1x5504] + w=[4096x5504]  ->  y=[1x4096]  (T=1, K=1856)
[pim-debug] NOTE: CENT(AiM) trace backend internally uses x shape (1,1,dim) and handles prefill by repeating ops;
           the table below shows the *effective parameters* passed into cost_model_pim_backend for each op.
[pim-debug] op#00 op=LN       norm=rmsnorm    sh=-1 dim=4096  heads=32  hd=128 q_dim=4096  kv_heads=32  kv_dim=4096  o_dim=4096  ffn_dim=11008  seqlen=1856   qlen=1   cache=N lat=    0.001ms cycles≈1314
[pim-debug] op#01 op=Q        norm=q_proj     sh=1  dim=4096  heads=16  hd=128 q_dim=2048  kv_heads=16  kv_dim=2048  o_dim=2048  ffn_dim=5504   seqlen=1856   qlen=1   cache=N lat=    0.004ms cycles≈4428
[pim-debug] op#02 op=K        norm=k_proj     sh=1  dim=4096  heads=16  hd=128 q_dim=2048  kv_heads=16  kv_dim=2048  o_dim=2048  ffn_dim=5504   seqlen=1856   qlen=1   cache=N lat=    0.004ms cycles≈4428
[pim-debug] op#03 op=V        norm=v_proj     sh=1  dim=4096  heads=16  hd=128 q_dim=2048  kv_heads=16  kv_dim=2048  o_dim=2048  ffn_dim=5504   seqlen=1856   qlen=1   cache=N lat=    0.004ms cycles≈4428
[pim-debug] op#04 op=QK       norm=score      sh=1  dim=4096  heads=16  hd=128 q_dim=2048  kv_heads=16  kv_dim=2048  o_dim=2048  ffn_dim=5504   seqlen=1856   qlen=1   cache=N lat=    0.007ms cycles≈7232
[pim-debug] op#05 op=Softmax  norm=softmax    sh=1  dim=4096  heads=16  hd=128 q_dim=2048  kv_heads=16  kv_dim=2048  o_dim=2048  ffn_dim=5504   seqlen=1856   qlen=1   cache=N lat=    0.006ms cycles≈6387
[pim-debug] op#06 op=SV       norm=output     sh=1  dim=4096  heads=16  hd=128 q_dim=2048  kv_heads=16  kv_dim=2048  o_dim=2048  ffn_dim=5504   seqlen=1856   qlen=1   cache=N lat=    0.005ms cycles≈4616
[pim-debug] op#07 op=O        norm=wo_proj    sh=1  dim=4096  heads=16  hd=128 q_dim=2048  kv_heads=16  kv_dim=2048  o_dim=2048  ffn_dim=5504   seqlen=1856   qlen=1   cache=N lat=    0.004ms cycles≈4062
[pim-debug] op#08 op=LN       norm=rmsnorm    sh=-1 dim=4096  heads=32  hd=128 q_dim=4096  kv_heads=32  kv_dim=4096  o_dim=4096  ffn_dim=11008  seqlen=1856   qlen=1   cache=N lat=    0.001ms cycles≈1314
[pim-debug] op#09 op=FFN_W3   norm=ffn_up     sh=0  dim=4096  heads=16  hd=128 q_dim=2048  kv_heads=16  kv_dim=2048  o_dim=2048  ffn_dim=5504   seqlen=1856   qlen=1   cache=N lat=    0.011ms cycles≈10896
[pim-debug] op#10 op=FFN_W1   norm=ffn_gate   sh=1  dim=4096  heads=16  hd=128 q_dim=2048  kv_heads=16  kv_dim=2048  o_dim=2048  ffn_dim=5504   seqlen=1856   qlen=1   cache=N lat=    0.012ms cycles≈11708
[pim-debug] op#11 op=SwiGLU   norm=silu       sh=1  dim=4096  heads=16  hd=128 q_dim=2048  kv_heads=16  kv_dim=2048  o_dim=2048  ffn_dim=5504   seqlen=1856   qlen=1   cache=N lat=    0.001ms cycles≈503
[pim-debug] op#12 op=FFN_W2   norm=ffn_down   sh=1  dim=4096  heads=16  hd=128 q_dim=2048  kv_heads=16  kv_dim=2048  o_dim=2048  ffn_dim=5504   seqlen=1856   qlen=1   cache=N lat=    0.011ms cycles≈11466
[pim-debug] segment total latency: 0.073 ms
========================================================================================
[pim-debug] segment_key=pim|decode|14|dfde0414e64cddd2624b90d983c73dcb
[pim-debug] sig: device_type=pim phase=decode step=14 (count_hint=1)
[pim-debug] ops_repr: LN:-1,K:0,V:0,QK:0,Softmax:0,SV:0,O:0,O:1,LN:-1,FFN_W3:0,FFN_W1:1,SwiGLU:0,FFN_W2:0,Add:-1
[pim-debug] cfg: shard_policy='fine' shards=2 dim=4096 ffn_dim=11008 n_heads=32 n_kv_heads=auto->n_heads
[pim-debug] pim_config=/lustre/home/2501111916/workspace/XPUPIM_0226_gpupim_parameter/TriForm/algorithms/aim_simulator/PIM_AiM.json
[pim-debug] ramulator_config=/lustre/home/2501111916/workspace/XPUPIM_0226_gpupim_parameter/TriForm/algorithms/aim_simulator/example.yaml
[pim-debug] cost_model config.PIM_FREQ_GHZ=1.0
[pim-debug] op plan (logical shapes inferred from schedule cfg):
  - op#00  op=LN       shard=-1  x=[1x4096] + w=[4096]  ->  y=[1x4096]  (T=1, K=1856)
  - op#01  op=K        shard=0   x=[1x4096] + w=[2048x4096]  ->  y=[1x2048]  (T=1, K=1856)
  - op#02  op=V        shard=0   x=[1x4096] + w=[2048x4096]  ->  y=[1x2048]  (T=1, K=1856)
  - op#03  op=QK       shard=0   q=[16x1x128] + k=[16x128x1856]  ->  y=[16x1x1856]  (T=1, K=1856)
  - op#04  op=Softmax  shard=0   scores=[16x1x1856]  ->  y=[16x1x1856]  (T=1, K=1856)
  - op#05  op=SV       shard=0   p=[16x1x1856] + v=[16x1856x128]  ->  y=[16x1x128]  (T=1, K=1856)
  - op#06  op=O        shard=0   x=[1x2048] + w=[4096x2048]  ->  y=[1x4096]  (T=1, K=1856)
  - op#07  op=O        shard=1   x=[1x2048] + w=[4096x2048]  ->  y=[1x4096]  (T=1, K=1856)
  - op#08  op=LN       shard=-1  x=[1x4096] + w=[4096]  ->  y=[1x4096]  (T=1, K=1856)
  - op#09  op=FFN_W3   shard=0   x=[1x4096] + w=[5504x4096]  ->  y=[1x5504]  (T=1, K=1856)
  - op#10  op=FFN_W1   shard=1   x=[1x4096] + w=[5504x4096]  ->  y=[1x5504]  (T=1, K=1856)
  - op#11  op=SwiGLU   shard=0   a=[1x5504] + b=[1x5504]  ->  y=[1x5504]  (T=1, K=1856)
  - op#12  op=FFN_W2   shard=0   x=[1x5504] + w=[4096x5504]  ->  y=[1x4096]  (T=1, K=1856)
  - op#13  op=Add      shard=-1  a=[1x4096] + b=[1x4096]  ->  y=[1x4096]  (T=1, K=1856)
[pim-debug] NOTE: CENT(AiM) trace backend internally uses x shape (1,1,dim) and handles prefill by repeating ops;
           the table below shows the *effective parameters* passed into cost_model_pim_backend for each op.
[pim-debug] op#00 op=LN       norm=rmsnorm    sh=-1 dim=4096  heads=32  hd=128 q_dim=4096  kv_heads=32  kv_dim=4096  o_dim=4096  ffn_dim=11008  seqlen=1856   qlen=1   cache=N lat=    0.001ms cycles≈1314
[pim-debug] op#01 op=K        norm=k_proj     sh=0  dim=4096  heads=16  hd=128 q_dim=2048  kv_heads=16  kv_dim=2048  o_dim=2048  ffn_dim=5504   seqlen=1856   qlen=1   cache=N lat=    0.004ms cycles≈4428
[pim-debug] op#02 op=V        norm=v_proj     sh=0  dim=4096  heads=16  hd=128 q_dim=2048  kv_heads=16  kv_dim=2048  o_dim=2048  ffn_dim=5504   seqlen=1856   qlen=1   cache=N lat=    0.004ms cycles≈4428
[pim-debug] op#03 op=QK       norm=score      sh=0  dim=4096  heads=16  hd=128 q_dim=2048  kv_heads=16  kv_dim=2048  o_dim=2048  ffn_dim=5504   seqlen=1856   qlen=1   cache=N lat=    0.007ms cycles≈7232
[pim-debug] op#04 op=Softmax  norm=softmax    sh=0  dim=4096  heads=16  hd=128 q_dim=2048  kv_heads=16  kv_dim=2048  o_dim=2048  ffn_dim=5504   seqlen=1856   qlen=1   cache=N lat=    0.006ms cycles≈6387
[pim-debug] op#05 op=SV       norm=output     sh=0  dim=4096  heads=16  hd=128 q_dim=2048  kv_heads=16  kv_dim=2048  o_dim=2048  ffn_dim=5504   seqlen=1856   qlen=1   cache=N lat=    0.005ms cycles≈4616
[pim-debug] op#06 op=O        norm=wo_proj    sh=0  dim=4096  heads=16  hd=128 q_dim=2048  kv_heads=16  kv_dim=2048  o_dim=2048  ffn_dim=5504   seqlen=1856   qlen=1   cache=N lat=    0.004ms cycles≈4062
[pim-debug] op#07 op=O        norm=wo_proj    sh=1  dim=4096  heads=16  hd=128 q_dim=2048  kv_heads=16  kv_dim=2048  o_dim=2048  ffn_dim=5504   seqlen=1856   qlen=1   cache=N lat=    0.004ms cycles≈4062
[pim-debug] op#08 op=LN       norm=rmsnorm    sh=-1 dim=4096  heads=32  hd=128 q_dim=4096  kv_heads=32  kv_dim=4096  o_dim=4096  ffn_dim=11008  seqlen=1856   qlen=1   cache=N lat=    0.001ms cycles≈1314
[pim-debug] op#09 op=FFN_W3   norm=ffn_up     sh=0  dim=4096  heads=16  hd=128 q_dim=2048  kv_heads=16  kv_dim=2048  o_dim=2048  ffn_dim=5504   seqlen=1856   qlen=1   cache=N lat=    0.011ms cycles≈10896
[pim-debug] op#10 op=FFN_W1   norm=ffn_gate   sh=1  dim=4096  heads=16  hd=128 q_dim=2048  kv_heads=16  kv_dim=2048  o_dim=2048  ffn_dim=5504   seqlen=1856   qlen=1   cache=N lat=    0.012ms cycles≈11708
[pim-debug] op#11 op=SwiGLU   norm=silu       sh=0  dim=4096  heads=16  hd=128 q_dim=2048  kv_heads=16  kv_dim=2048  o_dim=2048  ffn_dim=5504   seqlen=1856   qlen=1   cache=N lat=    0.001ms cycles≈503
[pim-debug] op#12 op=FFN_W2   norm=ffn_down   sh=0  dim=4096  heads=16  hd=128 q_dim=2048  kv_heads=16  kv_dim=2048  o_dim=2048  ffn_dim=5504   seqlen=1856   qlen=1   cache=N lat=    0.011ms cycles≈11466
[pim-debug] op#13 op=Add      norm=residual   sh=-1 dim=4096  heads=32  hd=128 q_dim=4096  kv_heads=32  kv_dim=4096  o_dim=4096  ffn_dim=11008  seqlen=1856   qlen=1   cache=N lat=    0.000ms cycles≈3
[pim-debug] segment total latency: 0.072 ms
========================================================================================
[pim-debug] segment_key=pim|decode|14|f9376ad5e0c83bcdbc006c3cfc9c65e3
[pim-debug] sig: device_type=pim phase=decode step=14 (count_hint=1)
[pim-debug] ops_repr: Q:0,Q:1,K:1,V:1,QK:1,Softmax:1,SV:1,Add:-1,FFN_W1:0,FFN_W3:1,SwiGLU:1,FFN_W2:1
[pim-debug] cfg: shard_policy='fine' shards=2 dim=4096 ffn_dim=11008 n_heads=32 n_kv_heads=auto->n_heads
[pim-debug] pim_config=/lustre/home/2501111916/workspace/XPUPIM_0226_gpupim_parameter/TriForm/algorithms/aim_simulator/PIM_AiM.json
[pim-debug] ramulator_config=/lustre/home/2501111916/workspace/XPUPIM_0226_gpupim_parameter/TriForm/algorithms/aim_simulator/example.yaml
[pim-debug] cost_model config.PIM_FREQ_GHZ=1.0
[pim-debug] op plan (logical shapes inferred from schedule cfg):
  - op#00  op=Q        shard=0   x=[1x4096] + w=[2048x4096]  ->  y=[1x2048]  (T=1, K=1856)
  - op#01  op=Q        shard=1   x=[1x4096] + w=[2048x4096]  ->  y=[1x2048]  (T=1, K=1856)
  - op#02  op=K        shard=1   x=[1x4096] + w=[2048x4096]  ->  y=[1x2048]  (T=1, K=1856)
  - op#03  op=V        shard=1   x=[1x4096] + w=[2048x4096]  ->  y=[1x2048]  (T=1, K=1856)
  - op#04  op=QK       shard=1   q=[16x1x128] + k=[16x128x1856]  ->  y=[16x1x1856]  (T=1, K=1856)
  - op#05  op=Softmax  shard=1   scores=[16x1x1856]  ->  y=[16x1x1856]  (T=1, K=1856)
  - op#06  op=SV       shard=1   p=[16x1x1856] + v=[16x1856x128]  ->  y=[16x1x128]  (T=1, K=1856)
  - op#07  op=Add      shard=-1  a=[1x4096] + b=[1x4096]  ->  y=[1x4096]  (T=1, K=1856)
  - op#08  op=FFN_W1   shard=0   x=[1x4096] + w=[5504x4096]  ->  y=[1x5504]  (T=1, K=1856)
  - op#09  op=FFN_W3   shard=1   x=[1x4096] + w=[5504x4096]  ->  y=[1x5504]  (T=1, K=1856)
  - op#10  op=SwiGLU   shard=1   a=[1x5504] + b=[1x5504]  ->  y=[1x5504]  (T=1, K=1856)
  - op#11  op=FFN_W2   shard=1   x=[1x5504] + w=[4096x5504]  ->  y=[1x4096]  (T=1, K=1856)
[pim-debug] NOTE: CENT(AiM) trace backend internally uses x shape (1,1,dim) and handles prefill by repeating ops;
           the table below shows the *effective parameters* passed into cost_model_pim_backend for each op.
[pim-debug] op#00 op=Q        norm=q_proj     sh=0  dim=4096  heads=16  hd=128 q_dim=2048  kv_heads=16  kv_dim=2048  o_dim=2048  ffn_dim=5504   seqlen=1856   qlen=1   cache=N lat=    0.004ms cycles≈4428
[pim-debug] op#01 op=Q        norm=q_proj     sh=1  dim=4096  heads=16  hd=128 q_dim=2048  kv_heads=16  kv_dim=2048  o_dim=2048  ffn_dim=5504   seqlen=1856   qlen=1   cache=N lat=    0.004ms cycles≈4428
[pim-debug] op#02 op=K        norm=k_proj     sh=1  dim=4096  heads=16  hd=128 q_dim=2048  kv_heads=16  kv_dim=2048  o_dim=2048  ffn_dim=5504   seqlen=1856   qlen=1   cache=N lat=    0.004ms cycles≈4428
[pim-debug] op#03 op=V        norm=v_proj     sh=1  dim=4096  heads=16  hd=128 q_dim=2048  kv_heads=16  kv_dim=2048  o_dim=2048  ffn_dim=5504   seqlen=1856   qlen=1   cache=N lat=    0.004ms cycles≈4428
[pim-debug] op#04 op=QK       norm=score      sh=1  dim=4096  heads=16  hd=128 q_dim=2048  kv_heads=16  kv_dim=2048  o_dim=2048  ffn_dim=5504   seqlen=1856   qlen=1   cache=N lat=    0.007ms cycles≈7232
[pim-debug] op#05 op=Softmax  norm=softmax    sh=1  dim=4096  heads=16  hd=128 q_dim=2048  kv_heads=16  kv_dim=2048  o_dim=2048  ffn_dim=5504   seqlen=1856   qlen=1   cache=N lat=    0.006ms cycles≈6387
[pim-debug] op#06 op=SV       norm=output     sh=1  dim=4096  heads=16  hd=128 q_dim=2048  kv_heads=16  kv_dim=2048  o_dim=2048  ffn_dim=5504   seqlen=1856   qlen=1   cache=N lat=    0.005ms cycles≈4616
[pim-debug] op#07 op=Add      norm=residual   sh=-1 dim=4096  heads=32  hd=128 q_dim=4096  kv_heads=32  kv_dim=4096  o_dim=4096  ffn_dim=11008  seqlen=1856   qlen=1   cache=N lat=    0.000ms cycles≈3
[pim-debug] op#08 op=FFN_W1   norm=ffn_gate   sh=0  dim=4096  heads=16  hd=128 q_dim=2048  kv_heads=16  kv_dim=2048  o_dim=2048  ffn_dim=5504   seqlen=1856   qlen=1   cache=N lat=    0.012ms cycles≈11708
[pim-debug] op#09 op=FFN_W3   norm=ffn_up     sh=1  dim=4096  heads=16  hd=128 q_dim=2048  kv_heads=16  kv_dim=2048  o_dim=2048  ffn_dim=5504   seqlen=1856   qlen=1   cache=N lat=    0.011ms cycles≈10896
[pim-debug] op#10 op=SwiGLU   norm=silu       sh=1  dim=4096  heads=16  hd=128 q_dim=2048  kv_heads=16  kv_dim=2048  o_dim=2048  ffn_dim=5504   seqlen=1856   qlen=1   cache=N lat=    0.001ms cycles≈503
[pim-debug] op#11 op=FFN_W2   norm=ffn_down   sh=1  dim=4096  heads=16  hd=128 q_dim=2048  kv_heads=16  kv_dim=2048  o_dim=2048  ffn_dim=5504   seqlen=1856   qlen=1   cache=N lat=    0.011ms cycles≈11466
[pim-debug] segment total latency: 0.071 ms
========================================================================================
[pim-debug] segment_key=pim|decode|15|b4bc49a8c43c5edb372579946f21f917
[pim-debug] sig: device_type=pim phase=decode step=15 (count_hint=31)
[pim-debug] ops_repr: Q:0,K:0,V:0,QK:0,Softmax:0,SV:0,O:0,Add:-1,FFN_W1:0,FFN_W3:1,SwiGLU:0,FFN_W2:0,Add:-1
[pim-debug] cfg: shard_policy='fine' shards=2 dim=4096 ffn_dim=11008 n_heads=32 n_kv_heads=auto->n_heads
[pim-debug] pim_config=/lustre/home/2501111916/workspace/XPUPIM_0226_gpupim_parameter/TriForm/algorithms/aim_simulator/PIM_AiM.json
[pim-debug] ramulator_config=/lustre/home/2501111916/workspace/XPUPIM_0226_gpupim_parameter/TriForm/algorithms/aim_simulator/example.yaml
[pim-debug] cost_model config.PIM_FREQ_GHZ=1.0
[pim-debug] op plan (logical shapes inferred from schedule cfg):
  - op#00  op=Q        shard=0   x=[1x4096] + w=[2048x4096]  ->  y=[1x2048]  (T=1, K=1920)
  - op#01  op=K        shard=0   x=[1x4096] + w=[2048x4096]  ->  y=[1x2048]  (T=1, K=1920)
  - op#02  op=V        shard=0   x=[1x4096] + w=[2048x4096]  ->  y=[1x2048]  (T=1, K=1920)
  - op#03  op=QK       shard=0   q=[16x1x128] + k=[16x128x1920]  ->  y=[16x1x1920]  (T=1, K=1920)
  - op#04  op=Softmax  shard=0   scores=[16x1x1920]  ->  y=[16x1x1920]  (T=1, K=1920)
  - op#05  op=SV       shard=0   p=[16x1x1920] + v=[16x1920x128]  ->  y=[16x1x128]  (T=1, K=1920)
  - op#06  op=O        shard=0   x=[1x2048] + w=[4096x2048]  ->  y=[1x4096]  (T=1, K=1920)
  - op#07  op=Add      shard=-1  a=[1x4096] + b=[1x4096]  ->  y=[1x4096]  (T=1, K=1920)
  - op#08  op=FFN_W1   shard=0   x=[1x4096] + w=[5504x4096]  ->  y=[1x5504]  (T=1, K=1920)
  - op#09  op=FFN_W3   shard=1   x=[1x4096] + w=[5504x4096]  ->  y=[1x5504]  (T=1, K=1920)
  - op#10  op=SwiGLU   shard=0   a=[1x5504] + b=[1x5504]  ->  y=[1x5504]  (T=1, K=1920)
  - op#11  op=FFN_W2   shard=0   x=[1x5504] + w=[4096x5504]  ->  y=[1x4096]  (T=1, K=1920)
  - op#12  op=Add      shard=-1  a=[1x4096] + b=[1x4096]  ->  y=[1x4096]  (T=1, K=1920)
[pim-debug] NOTE: CENT(AiM) trace backend internally uses x shape (1,1,dim) and handles prefill by repeating ops;
           the table below shows the *effective parameters* passed into cost_model_pim_backend for each op.
[pim-debug] op#00 op=Q        norm=q_proj     sh=0  dim=4096  heads=16  hd=128 q_dim=2048  kv_heads=16  kv_dim=2048  o_dim=2048  ffn_dim=5504   seqlen=1920   qlen=1   cache=N lat=    0.004ms cycles≈4428
[pim-debug] op#01 op=K        norm=k_proj     sh=0  dim=4096  heads=16  hd=128 q_dim=2048  kv_heads=16  kv_dim=2048  o_dim=2048  ffn_dim=5504   seqlen=1920   qlen=1   cache=N lat=    0.004ms cycles≈4428
[pim-debug] op#02 op=V        norm=v_proj     sh=0  dim=4096  heads=16  hd=128 q_dim=2048  kv_heads=16  kv_dim=2048  o_dim=2048  ffn_dim=5504   seqlen=1920   qlen=1   cache=N lat=    0.004ms cycles≈4428
[pim-debug] op#03 op=QK       norm=score      sh=0  dim=4096  heads=16  hd=128 q_dim=2048  kv_heads=16  kv_dim=2048  o_dim=2048  ffn_dim=5504   seqlen=1920   qlen=1   cache=N lat=    0.007ms cycles≈7232
[pim-debug] op#04 op=Softmax  norm=softmax    sh=0  dim=4096  heads=16  hd=128 q_dim=2048  kv_heads=16  kv_dim=2048  o_dim=2048  ffn_dim=5504   seqlen=1920   qlen=1   cache=N lat=    0.007ms cycles≈6595
[pim-debug] op#05 op=SV       norm=output     sh=0  dim=4096  heads=16  hd=128 q_dim=2048  kv_heads=16  kv_dim=2048  o_dim=2048  ffn_dim=5504   seqlen=1920   qlen=1   cache=N lat=    0.005ms cycles≈4688
[pim-debug] op#06 op=O        norm=wo_proj    sh=0  dim=4096  heads=16  hd=128 q_dim=2048  kv_heads=16  kv_dim=2048  o_dim=2048  ffn_dim=5504   seqlen=1920   qlen=1   cache=N lat=    0.004ms cycles≈4062
[pim-debug] op#07 op=Add      norm=residual   sh=-1 dim=4096  heads=32  hd=128 q_dim=4096  kv_heads=32  kv_dim=4096  o_dim=4096  ffn_dim=11008  seqlen=1920   qlen=1   cache=N lat=    0.000ms cycles≈3
[pim-debug] op#08 op=FFN_W1   norm=ffn_gate   sh=0  dim=4096  heads=16  hd=128 q_dim=2048  kv_heads=16  kv_dim=2048  o_dim=2048  ffn_dim=5504   seqlen=1920   qlen=1   cache=N lat=    0.012ms cycles≈11708
[pim-debug] op#09 op=FFN_W3   norm=ffn_up     sh=1  dim=4096  heads=16  hd=128 q_dim=2048  kv_heads=16  kv_dim=2048  o_dim=2048  ffn_dim=5504   seqlen=1920   qlen=1   cache=N lat=    0.011ms cycles≈10896
[pim-debug] op#10 op=SwiGLU   norm=silu       sh=0  dim=4096  heads=16  hd=128 q_dim=2048  kv_heads=16  kv_dim=2048  o_dim=2048  ffn_dim=5504   seqlen=1920   qlen=1   cache=N lat=    0.001ms cycles≈503
[pim-debug] op#11 op=FFN_W2   norm=ffn_down   sh=0  dim=4096  heads=16  hd=128 q_dim=2048  kv_heads=16  kv_dim=2048  o_dim=2048  ffn_dim=5504   seqlen=1920   qlen=1   cache=N lat=    0.011ms cycles≈11466
[pim-debug] op#12 op=Add      norm=residual   sh=-1 dim=4096  heads=32  hd=128 q_dim=4096  kv_heads=32  kv_dim=4096  o_dim=4096  ffn_dim=11008  seqlen=1920   qlen=1   cache=N lat=    0.000ms cycles≈3
[pim-debug] segment total latency: 0.070 ms
========================================================================================
[pim-debug] segment_key=pim|decode|15|baff9c2d0f1f7dac9f2d74f4ecf92e61
[pim-debug] sig: device_type=pim phase=decode step=15 (count_hint=31)
[pim-debug] ops_repr: LN:-1,Q:1,K:1,V:1,QK:1,Softmax:1,SV:1,O:1,LN:-1,FFN_W3:0,FFN_W1:1,SwiGLU:1,FFN_W2:1
[pim-debug] cfg: shard_policy='fine' shards=2 dim=4096 ffn_dim=11008 n_heads=32 n_kv_heads=auto->n_heads
[pim-debug] pim_config=/lustre/home/2501111916/workspace/XPUPIM_0226_gpupim_parameter/TriForm/algorithms/aim_simulator/PIM_AiM.json
[pim-debug] ramulator_config=/lustre/home/2501111916/workspace/XPUPIM_0226_gpupim_parameter/TriForm/algorithms/aim_simulator/example.yaml
[pim-debug] cost_model config.PIM_FREQ_GHZ=1.0
[pim-debug] op plan (logical shapes inferred from schedule cfg):
  - op#00  op=LN       shard=-1  x=[1x4096] + w=[4096]  ->  y=[1x4096]  (T=1, K=1920)
  - op#01  op=Q        shard=1   x=[1x4096] + w=[2048x4096]  ->  y=[1x2048]  (T=1, K=1920)
  - op#02  op=K        shard=1   x=[1x4096] + w=[2048x4096]  ->  y=[1x2048]  (T=1, K=1920)
  - op#03  op=V        shard=1   x=[1x4096] + w=[2048x4096]  ->  y=[1x2048]  (T=1, K=1920)
  - op#04  op=QK       shard=1   q=[16x1x128] + k=[16x128x1920]  ->  y=[16x1x1920]  (T=1, K=1920)
  - op#05  op=Softmax  shard=1   scores=[16x1x1920]  ->  y=[16x1x1920]  (T=1, K=1920)
  - op#06  op=SV       shard=1   p=[16x1x1920] + v=[16x1920x128]  ->  y=[16x1x128]  (T=1, K=1920)
  - op#07  op=O        shard=1   x=[1x2048] + w=[4096x2048]  ->  y=[1x4096]  (T=1, K=1920)
  - op#08  op=LN       shard=-1  x=[1x4096] + w=[4096]  ->  y=[1x4096]  (T=1, K=1920)
  - op#09  op=FFN_W3   shard=0   x=[1x4096] + w=[5504x4096]  ->  y=[1x5504]  (T=1, K=1920)
  - op#10  op=FFN_W1   shard=1   x=[1x4096] + w=[5504x4096]  ->  y=[1x5504]  (T=1, K=1920)
  - op#11  op=SwiGLU   shard=1   a=[1x5504] + b=[1x5504]  ->  y=[1x5504]  (T=1, K=1920)
  - op#12  op=FFN_W2   shard=1   x=[1x5504] + w=[4096x5504]  ->  y=[1x4096]  (T=1, K=1920)
[pim-debug] NOTE: CENT(AiM) trace backend internally uses x shape (1,1,dim) and handles prefill by repeating ops;
           the table below shows the *effective parameters* passed into cost_model_pim_backend for each op.
[pim-debug] op#00 op=LN       norm=rmsnorm    sh=-1 dim=4096  heads=32  hd=128 q_dim=4096  kv_heads=32  kv_dim=4096  o_dim=4096  ffn_dim=11008  seqlen=1920   qlen=1   cache=N lat=    0.001ms cycles≈1314
[pim-debug] op#01 op=Q        norm=q_proj     sh=1  dim=4096  heads=16  hd=128 q_dim=2048  kv_heads=16  kv_dim=2048  o_dim=2048  ffn_dim=5504   seqlen=1920   qlen=1   cache=N lat=    0.004ms cycles≈4428
[pim-debug] op#02 op=K        norm=k_proj     sh=1  dim=4096  heads=16  hd=128 q_dim=2048  kv_heads=16  kv_dim=2048  o_dim=2048  ffn_dim=5504   seqlen=1920   qlen=1   cache=N lat=    0.004ms cycles≈4428
[pim-debug] op#03 op=V        norm=v_proj     sh=1  dim=4096  heads=16  hd=128 q_dim=2048  kv_heads=16  kv_dim=2048  o_dim=2048  ffn_dim=5504   seqlen=1920   qlen=1   cache=N lat=    0.004ms cycles≈4428
[pim-debug] op#04 op=QK       norm=score      sh=1  dim=4096  heads=16  hd=128 q_dim=2048  kv_heads=16  kv_dim=2048  o_dim=2048  ffn_dim=5504   seqlen=1920   qlen=1   cache=N lat=    0.007ms cycles≈7232
[pim-debug] op#05 op=Softmax  norm=softmax    sh=1  dim=4096  heads=16  hd=128 q_dim=2048  kv_heads=16  kv_dim=2048  o_dim=2048  ffn_dim=5504   seqlen=1920   qlen=1   cache=N lat=    0.007ms cycles≈6595
[pim-debug] op#06 op=SV       norm=output     sh=1  dim=4096  heads=16  hd=128 q_dim=2048  kv_heads=16  kv_dim=2048  o_dim=2048  ffn_dim=5504   seqlen=1920   qlen=1   cache=N lat=    0.005ms cycles≈4688
[pim-debug] op#07 op=O        norm=wo_proj    sh=1  dim=4096  heads=16  hd=128 q_dim=2048  kv_heads=16  kv_dim=2048  o_dim=2048  ffn_dim=5504   seqlen=1920   qlen=1   cache=N lat=    0.004ms cycles≈4062
[pim-debug] op#08 op=LN       norm=rmsnorm    sh=-1 dim=4096  heads=32  hd=128 q_dim=4096  kv_heads=32  kv_dim=4096  o_dim=4096  ffn_dim=11008  seqlen=1920   qlen=1   cache=N lat=    0.001ms cycles≈1314
[pim-debug] op#09 op=FFN_W3   norm=ffn_up     sh=0  dim=4096  heads=16  hd=128 q_dim=2048  kv_heads=16  kv_dim=2048  o_dim=2048  ffn_dim=5504   seqlen=1920   qlen=1   cache=N lat=    0.011ms cycles≈10896
[pim-debug] op#10 op=FFN_W1   norm=ffn_gate   sh=1  dim=4096  heads=16  hd=128 q_dim=2048  kv_heads=16  kv_dim=2048  o_dim=2048  ffn_dim=5504   seqlen=1920   qlen=1   cache=N lat=    0.012ms cycles≈11708
[pim-debug] op#11 op=SwiGLU   norm=silu       sh=1  dim=4096  heads=16  hd=128 q_dim=2048  kv_heads=16  kv_dim=2048  o_dim=2048  ffn_dim=5504   seqlen=1920   qlen=1   cache=N lat=    0.001ms cycles≈503
[pim-debug] op#12 op=FFN_W2   norm=ffn_down   sh=1  dim=4096  heads=16  hd=128 q_dim=2048  kv_heads=16  kv_dim=2048  o_dim=2048  ffn_dim=5504   seqlen=1920   qlen=1   cache=N lat=    0.011ms cycles≈11466
[pim-debug] segment total latency: 0.073 ms
========================================================================================
[pim-debug] segment_key=pim|decode|15|dfde0414e64cddd2624b90d983c73dcb
[pim-debug] sig: device_type=pim phase=decode step=15 (count_hint=1)
[pim-debug] ops_repr: LN:-1,K:0,V:0,QK:0,Softmax:0,SV:0,O:0,O:1,LN:-1,FFN_W3:0,FFN_W1:1,SwiGLU:0,FFN_W2:0,Add:-1
[pim-debug] cfg: shard_policy='fine' shards=2 dim=4096 ffn_dim=11008 n_heads=32 n_kv_heads=auto->n_heads
[pim-debug] pim_config=/lustre/home/2501111916/workspace/XPUPIM_0226_gpupim_parameter/TriForm/algorithms/aim_simulator/PIM_AiM.json
[pim-debug] ramulator_config=/lustre/home/2501111916/workspace/XPUPIM_0226_gpupim_parameter/TriForm/algorithms/aim_simulator/example.yaml
[pim-debug] cost_model config.PIM_FREQ_GHZ=1.0
[pim-debug] op plan (logical shapes inferred from schedule cfg):
  - op#00  op=LN       shard=-1  x=[1x4096] + w=[4096]  ->  y=[1x4096]  (T=1, K=1920)
  - op#01  op=K        shard=0   x=[1x4096] + w=[2048x4096]  ->  y=[1x2048]  (T=1, K=1920)
  - op#02  op=V        shard=0   x=[1x4096] + w=[2048x4096]  ->  y=[1x2048]  (T=1, K=1920)
  - op#03  op=QK       shard=0   q=[16x1x128] + k=[16x128x1920]  ->  y=[16x1x1920]  (T=1, K=1920)
  - op#04  op=Softmax  shard=0   scores=[16x1x1920]  ->  y=[16x1x1920]  (T=1, K=1920)
  - op#05  op=SV       shard=0   p=[16x1x1920] + v=[16x1920x128]  ->  y=[16x1x128]  (T=1, K=1920)
  - op#06  op=O        shard=0   x=[1x2048] + w=[4096x2048]  ->  y=[1x4096]  (T=1, K=1920)
  - op#07  op=O        shard=1   x=[1x2048] + w=[4096x2048]  ->  y=[1x4096]  (T=1, K=1920)
  - op#08  op=LN       shard=-1  x=[1x4096] + w=[4096]  ->  y=[1x4096]  (T=1, K=1920)
  - op#09  op=FFN_W3   shard=0   x=[1x4096] + w=[5504x4096]  ->  y=[1x5504]  (T=1, K=1920)
  - op#10  op=FFN_W1   shard=1   x=[1x4096] + w=[5504x4096]  ->  y=[1x5504]  (T=1, K=1920)
  - op#11  op=SwiGLU   shard=0   a=[1x5504] + b=[1x5504]  ->  y=[1x5504]  (T=1, K=1920)
  - op#12  op=FFN_W2   shard=0   x=[1x5504] + w=[4096x5504]  ->  y=[1x4096]  (T=1, K=1920)
  - op#13  op=Add      shard=-1  a=[1x4096] + b=[1x4096]  ->  y=[1x4096]  (T=1, K=1920)
[pim-debug] NOTE: CENT(AiM) trace backend internally uses x shape (1,1,dim) and handles prefill by repeating ops;
           the table below shows the *effective parameters* passed into cost_model_pim_backend for each op.
[pim-debug] op#00 op=LN       norm=rmsnorm    sh=-1 dim=4096  heads=32  hd=128 q_dim=4096  kv_heads=32  kv_dim=4096  o_dim=4096  ffn_dim=11008  seqlen=1920   qlen=1   cache=N lat=    0.001ms cycles≈1314
[pim-debug] op#01 op=K        norm=k_proj     sh=0  dim=4096  heads=16  hd=128 q_dim=2048  kv_heads=16  kv_dim=2048  o_dim=2048  ffn_dim=5504   seqlen=1920   qlen=1   cache=N lat=    0.004ms cycles≈4428
[pim-debug] op#02 op=V        norm=v_proj     sh=0  dim=4096  heads=16  hd=128 q_dim=2048  kv_heads=16  kv_dim=2048  o_dim=2048  ffn_dim=5504   seqlen=1920   qlen=1   cache=N lat=    0.004ms cycles≈4428
[pim-debug] op#03 op=QK       norm=score      sh=0  dim=4096  heads=16  hd=128 q_dim=2048  kv_heads=16  kv_dim=2048  o_dim=2048  ffn_dim=5504   seqlen=1920   qlen=1   cache=N lat=    0.007ms cycles≈7232
[pim-debug] op#04 op=Softmax  norm=softmax    sh=0  dim=4096  heads=16  hd=128 q_dim=2048  kv_heads=16  kv_dim=2048  o_dim=2048  ffn_dim=5504   seqlen=1920   qlen=1   cache=N lat=    0.007ms cycles≈6595
[pim-debug] op#05 op=SV       norm=output     sh=0  dim=4096  heads=16  hd=128 q_dim=2048  kv_heads=16  kv_dim=2048  o_dim=2048  ffn_dim=5504   seqlen=1920   qlen=1   cache=N lat=    0.005ms cycles≈4688
[pim-debug] op#06 op=O        norm=wo_proj    sh=0  dim=4096  heads=16  hd=128 q_dim=2048  kv_heads=16  kv_dim=2048  o_dim=2048  ffn_dim=5504   seqlen=1920   qlen=1   cache=N lat=    0.004ms cycles≈4062
[pim-debug] op#07 op=O        norm=wo_proj    sh=1  dim=4096  heads=16  hd=128 q_dim=2048  kv_heads=16  kv_dim=2048  o_dim=2048  ffn_dim=5504   seqlen=1920   qlen=1   cache=N lat=    0.004ms cycles≈4062
[pim-debug] op#08 op=LN       norm=rmsnorm    sh=-1 dim=4096  heads=32  hd=128 q_dim=4096  kv_heads=32  kv_dim=4096  o_dim=4096  ffn_dim=11008  seqlen=1920   qlen=1   cache=N lat=    0.001ms cycles≈1314
[pim-debug] op#09 op=FFN_W3   norm=ffn_up     sh=0  dim=4096  heads=16  hd=128 q_dim=2048  kv_heads=16  kv_dim=2048  o_dim=2048  ffn_dim=5504   seqlen=1920   qlen=1   cache=N lat=    0.011ms cycles≈10896
[pim-debug] op#10 op=FFN_W1   norm=ffn_gate   sh=1  dim=4096  heads=16  hd=128 q_dim=2048  kv_heads=16  kv_dim=2048  o_dim=2048  ffn_dim=5504   seqlen=1920   qlen=1   cache=N lat=    0.012ms cycles≈11708
[pim-debug] op#11 op=SwiGLU   norm=silu       sh=0  dim=4096  heads=16  hd=128 q_dim=2048  kv_heads=16  kv_dim=2048  o_dim=2048  ffn_dim=5504   seqlen=1920   qlen=1   cache=N lat=    0.001ms cycles≈503
[pim-debug] op#12 op=FFN_W2   norm=ffn_down   sh=0  dim=4096  heads=16  hd=128 q_dim=2048  kv_heads=16  kv_dim=2048  o_dim=2048  ffn_dim=5504   seqlen=1920   qlen=1   cache=N lat=    0.011ms cycles≈11466
[pim-debug] op#13 op=Add      norm=residual   sh=-1 dim=4096  heads=32  hd=128 q_dim=4096  kv_heads=32  kv_dim=4096  o_dim=4096  ffn_dim=11008  seqlen=1920   qlen=1   cache=N lat=    0.000ms cycles≈3
[pim-debug] segment total latency: 0.073 ms
========================================================================================
[pim-debug] segment_key=pim|decode|15|f9376ad5e0c83bcdbc006c3cfc9c65e3
[pim-debug] sig: device_type=pim phase=decode step=15 (count_hint=1)
[pim-debug] ops_repr: Q:0,Q:1,K:1,V:1,QK:1,Softmax:1,SV:1,Add:-1,FFN_W1:0,FFN_W3:1,SwiGLU:1,FFN_W2:1
[pim-debug] cfg: shard_policy='fine' shards=2 dim=4096 ffn_dim=11008 n_heads=32 n_kv_heads=auto->n_heads
[pim-debug] pim_config=/lustre/home/2501111916/workspace/XPUPIM_0226_gpupim_parameter/TriForm/algorithms/aim_simulator/PIM_AiM.json
[pim-debug] ramulator_config=/lustre/home/2501111916/workspace/XPUPIM_0226_gpupim_parameter/TriForm/algorithms/aim_simulator/example.yaml
[pim-debug] cost_model config.PIM_FREQ_GHZ=1.0
[pim-debug] op plan (logical shapes inferred from schedule cfg):
  - op#00  op=Q        shard=0   x=[1x4096] + w=[2048x4096]  ->  y=[1x2048]  (T=1, K=1920)
  - op#01  op=Q        shard=1   x=[1x4096] + w=[2048x4096]  ->  y=[1x2048]  (T=1, K=1920)
  - op#02  op=K        shard=1   x=[1x4096] + w=[2048x4096]  ->  y=[1x2048]  (T=1, K=1920)
  - op#03  op=V        shard=1   x=[1x4096] + w=[2048x4096]  ->  y=[1x2048]  (T=1, K=1920)
  - op#04  op=QK       shard=1   q=[16x1x128] + k=[16x128x1920]  ->  y=[16x1x1920]  (T=1, K=1920)
  - op#05  op=Softmax  shard=1   scores=[16x1x1920]  ->  y=[16x1x1920]  (T=1, K=1920)
  - op#06  op=SV       shard=1   p=[16x1x1920] + v=[16x1920x128]  ->  y=[16x1x128]  (T=1, K=1920)
  - op#07  op=Add      shard=-1  a=[1x4096] + b=[1x4096]  ->  y=[1x4096]  (T=1, K=1920)
  - op#08  op=FFN_W1   shard=0   x=[1x4096] + w=[5504x4096]  ->  y=[1x5504]  (T=1, K=1920)
  - op#09  op=FFN_W3   shard=1   x=[1x4096] + w=[5504x4096]  ->  y=[1x5504]  (T=1, K=1920)
  - op#10  op=SwiGLU   shard=1   a=[1x5504] + b=[1x5504]  ->  y=[1x5504]  (T=1, K=1920)
  - op#11  op=FFN_W2   shard=1   x=[1x5504] + w=[4096x5504]  ->  y=[1x4096]  (T=1, K=1920)
[pim-debug] NOTE: CENT(AiM) trace backend internally uses x shape (1,1,dim) and handles prefill by repeating ops;
           the table below shows the *effective parameters* passed into cost_model_pim_backend for each op.
[pim-debug] op#00 op=Q        norm=q_proj     sh=0  dim=4096  heads=16  hd=128 q_dim=2048  kv_heads=16  kv_dim=2048  o_dim=2048  ffn_dim=5504   seqlen=1920   qlen=1   cache=N lat=    0.004ms cycles≈4428
[pim-debug] op#01 op=Q        norm=q_proj     sh=1  dim=4096  heads=16  hd=128 q_dim=2048  kv_heads=16  kv_dim=2048  o_dim=2048  ffn_dim=5504   seqlen=1920   qlen=1   cache=N lat=    0.004ms cycles≈4428
[pim-debug] op#02 op=K        norm=k_proj     sh=1  dim=4096  heads=16  hd=128 q_dim=2048  kv_heads=16  kv_dim=2048  o_dim=2048  ffn_dim=5504   seqlen=1920   qlen=1   cache=N lat=    0.004ms cycles≈4428
[pim-debug] op#03 op=V        norm=v_proj     sh=1  dim=4096  heads=16  hd=128 q_dim=2048  kv_heads=16  kv_dim=2048  o_dim=2048  ffn_dim=5504   seqlen=1920   qlen=1   cache=N lat=    0.004ms cycles≈4428
[pim-debug] op#04 op=QK       norm=score      sh=1  dim=4096  heads=16  hd=128 q_dim=2048  kv_heads=16  kv_dim=2048  o_dim=2048  ffn_dim=5504   seqlen=1920   qlen=1   cache=N lat=    0.007ms cycles≈7232
[pim-debug] op#05 op=Softmax  norm=softmax    sh=1  dim=4096  heads=16  hd=128 q_dim=2048  kv_heads=16  kv_dim=2048  o_dim=2048  ffn_dim=5504   seqlen=1920   qlen=1   cache=N lat=    0.007ms cycles≈6595
[pim-debug] op#06 op=SV       norm=output     sh=1  dim=4096  heads=16  hd=128 q_dim=2048  kv_heads=16  kv_dim=2048  o_dim=2048  ffn_dim=5504   seqlen=1920   qlen=1   cache=N lat=    0.005ms cycles≈4688
[pim-debug] op#07 op=Add      norm=residual   sh=-1 dim=4096  heads=32  hd=128 q_dim=4096  kv_heads=32  kv_dim=4096  o_dim=4096  ffn_dim=11008  seqlen=1920   qlen=1   cache=N lat=    0.000ms cycles≈3
[pim-debug] op#08 op=FFN_W1   norm=ffn_gate   sh=0  dim=4096  heads=16  hd=128 q_dim=2048  kv_heads=16  kv_dim=2048  o_dim=2048  ffn_dim=5504   seqlen=1920   qlen=1   cache=N lat=    0.012ms cycles≈11708
[pim-debug] op#09 op=FFN_W3   norm=ffn_up     sh=1  dim=4096  heads=16  hd=128 q_dim=2048  kv_heads=16  kv_dim=2048  o_dim=2048  ffn_dim=5504   seqlen=1920   qlen=1   cache=N lat=    0.011ms cycles≈10896
[pim-debug] op#10 op=SwiGLU   norm=silu       sh=1  dim=4096  heads=16  hd=128 q_dim=2048  kv_heads=16  kv_dim=2048  o_dim=2048  ffn_dim=5504   seqlen=1920   qlen=1   cache=N lat=    0.001ms cycles≈503
[pim-debug] op#11 op=FFN_W2   norm=ffn_down   sh=1  dim=4096  heads=16  hd=128 q_dim=2048  kv_heads=16  kv_dim=2048  o_dim=2048  ffn_dim=5504   seqlen=1920   qlen=1   cache=N lat=    0.011ms cycles≈11466
[pim-debug] segment total latency: 0.071 ms
========================================================================================
[pim-debug] segment_key=pim|decode|16|b4bc49a8c43c5edb372579946f21f917
[pim-debug] sig: device_type=pim phase=decode step=16 (count_hint=31)
[pim-debug] ops_repr: Q:0,K:0,V:0,QK:0,Softmax:0,SV:0,O:0,Add:-1,FFN_W1:0,FFN_W3:1,SwiGLU:0,FFN_W2:0,Add:-1
[pim-debug] cfg: shard_policy='fine' shards=2 dim=4096 ffn_dim=11008 n_heads=32 n_kv_heads=auto->n_heads
[pim-debug] pim_config=/lustre/home/2501111916/workspace/XPUPIM_0226_gpupim_parameter/TriForm/algorithms/aim_simulator/PIM_AiM.json
[pim-debug] ramulator_config=/lustre/home/2501111916/workspace/XPUPIM_0226_gpupim_parameter/TriForm/algorithms/aim_simulator/example.yaml
[pim-debug] cost_model config.PIM_FREQ_GHZ=1.0
[pim-debug] op plan (logical shapes inferred from schedule cfg):
  - op#00  op=Q        shard=0   x=[1x4096] + w=[2048x4096]  ->  y=[1x2048]  (T=1, K=1984)
  - op#01  op=K        shard=0   x=[1x4096] + w=[2048x4096]  ->  y=[1x2048]  (T=1, K=1984)
  - op#02  op=V        shard=0   x=[1x4096] + w=[2048x4096]  ->  y=[1x2048]  (T=1, K=1984)
  - op#03  op=QK       shard=0   q=[16x1x128] + k=[16x128x1984]  ->  y=[16x1x1984]  (T=1, K=1984)
  - op#04  op=Softmax  shard=0   scores=[16x1x1984]  ->  y=[16x1x1984]  (T=1, K=1984)
  - op#05  op=SV       shard=0   p=[16x1x1984] + v=[16x1984x128]  ->  y=[16x1x128]  (T=1, K=1984)
  - op#06  op=O        shard=0   x=[1x2048] + w=[4096x2048]  ->  y=[1x4096]  (T=1, K=1984)
  - op#07  op=Add      shard=-1  a=[1x4096] + b=[1x4096]  ->  y=[1x4096]  (T=1, K=1984)
  - op#08  op=FFN_W1   shard=0   x=[1x4096] + w=[5504x4096]  ->  y=[1x5504]  (T=1, K=1984)
  - op#09  op=FFN_W3   shard=1   x=[1x4096] + w=[5504x4096]  ->  y=[1x5504]  (T=1, K=1984)
  - op#10  op=SwiGLU   shard=0   a=[1x5504] + b=[1x5504]  ->  y=[1x5504]  (T=1, K=1984)
  - op#11  op=FFN_W2   shard=0   x=[1x5504] + w=[4096x5504]  ->  y=[1x4096]  (T=1, K=1984)
  - op#12  op=Add      shard=-1  a=[1x4096] + b=[1x4096]  ->  y=[1x4096]  (T=1, K=1984)
[pim-debug] NOTE: CENT(AiM) trace backend internally uses x shape (1,1,dim) and handles prefill by repeating ops;
           the table below shows the *effective parameters* passed into cost_model_pim_backend for each op.
[pim-debug] op#00 op=Q        norm=q_proj     sh=0  dim=4096  heads=16  hd=128 q_dim=2048  kv_heads=16  kv_dim=2048  o_dim=2048  ffn_dim=5504   seqlen=1984   qlen=1   cache=N lat=    0.004ms cycles≈4428
[pim-debug] op#01 op=K        norm=k_proj     sh=0  dim=4096  heads=16  hd=128 q_dim=2048  kv_heads=16  kv_dim=2048  o_dim=2048  ffn_dim=5504   seqlen=1984   qlen=1   cache=N lat=    0.004ms cycles≈4428
[pim-debug] op#02 op=V        norm=v_proj     sh=0  dim=4096  heads=16  hd=128 q_dim=2048  kv_heads=16  kv_dim=2048  o_dim=2048  ffn_dim=5504   seqlen=1984   qlen=1   cache=N lat=    0.004ms cycles≈4428
[pim-debug] op#03 op=QK       norm=score      sh=0  dim=4096  heads=16  hd=128 q_dim=2048  kv_heads=16  kv_dim=2048  o_dim=2048  ffn_dim=5504   seqlen=1984   qlen=1   cache=N lat=    0.007ms cycles≈7232
[pim-debug] op#04 op=Softmax  norm=softmax    sh=0  dim=4096  heads=16  hd=128 q_dim=2048  kv_heads=16  kv_dim=2048  o_dim=2048  ffn_dim=5504   seqlen=1984   qlen=1   cache=N lat=    0.007ms cycles≈6803
[pim-debug] op#05 op=SV       norm=output     sh=0  dim=4096  heads=16  hd=128 q_dim=2048  kv_heads=16  kv_dim=2048  o_dim=2048  ffn_dim=5504   seqlen=1984   qlen=1   cache=N lat=    0.005ms cycles≈4760
[pim-debug] op#06 op=O        norm=wo_proj    sh=0  dim=4096  heads=16  hd=128 q_dim=2048  kv_heads=16  kv_dim=2048  o_dim=2048  ffn_dim=5504   seqlen=1984   qlen=1   cache=N lat=    0.004ms cycles≈4062
[pim-debug] op#07 op=Add      norm=residual   sh=-1 dim=4096  heads=32  hd=128 q_dim=4096  kv_heads=32  kv_dim=4096  o_dim=4096  ffn_dim=11008  seqlen=1984   qlen=1   cache=N lat=    0.000ms cycles≈3
[pim-debug] op#08 op=FFN_W1   norm=ffn_gate   sh=0  dim=4096  heads=16  hd=128 q_dim=2048  kv_heads=16  kv_dim=2048  o_dim=2048  ffn_dim=5504   seqlen=1984   qlen=1   cache=N lat=    0.012ms cycles≈11708
[pim-debug] op#09 op=FFN_W3   norm=ffn_up     sh=1  dim=4096  heads=16  hd=128 q_dim=2048  kv_heads=16  kv_dim=2048  o_dim=2048  ffn_dim=5504   seqlen=1984   qlen=1   cache=N lat=    0.011ms cycles≈10896
[pim-debug] op#10 op=SwiGLU   norm=silu       sh=0  dim=4096  heads=16  hd=128 q_dim=2048  kv_heads=16  kv_dim=2048  o_dim=2048  ffn_dim=5504   seqlen=1984   qlen=1   cache=N lat=    0.001ms cycles≈503
[pim-debug] op#11 op=FFN_W2   norm=ffn_down   sh=0  dim=4096  heads=16  hd=128 q_dim=2048  kv_heads=16  kv_dim=2048  o_dim=2048  ffn_dim=5504   seqlen=1984   qlen=1   cache=N lat=    0.011ms cycles≈11466
[pim-debug] op#12 op=Add      norm=residual   sh=-1 dim=4096  heads=32  hd=128 q_dim=4096  kv_heads=32  kv_dim=4096  o_dim=4096  ffn_dim=11008  seqlen=1984   qlen=1   cache=N lat=    0.000ms cycles≈3
[pim-debug] segment total latency: 0.071 ms
========================================================================================
[pim-debug] segment_key=pim|decode|16|baff9c2d0f1f7dac9f2d74f4ecf92e61
[pim-debug] sig: device_type=pim phase=decode step=16 (count_hint=31)
[pim-debug] ops_repr: LN:-1,Q:1,K:1,V:1,QK:1,Softmax:1,SV:1,O:1,LN:-1,FFN_W3:0,FFN_W1:1,SwiGLU:1,FFN_W2:1
[pim-debug] cfg: shard_policy='fine' shards=2 dim=4096 ffn_dim=11008 n_heads=32 n_kv_heads=auto->n_heads
[pim-debug] pim_config=/lustre/home/2501111916/workspace/XPUPIM_0226_gpupim_parameter/TriForm/algorithms/aim_simulator/PIM_AiM.json
[pim-debug] ramulator_config=/lustre/home/2501111916/workspace/XPUPIM_0226_gpupim_parameter/TriForm/algorithms/aim_simulator/example.yaml
[pim-debug] cost_model config.PIM_FREQ_GHZ=1.0
[pim-debug] op plan (logical shapes inferred from schedule cfg):
  - op#00  op=LN       shard=-1  x=[1x4096] + w=[4096]  ->  y=[1x4096]  (T=1, K=1984)
  - op#01  op=Q        shard=1   x=[1x4096] + w=[2048x4096]  ->  y=[1x2048]  (T=1, K=1984)
  - op#02  op=K        shard=1   x=[1x4096] + w=[2048x4096]  ->  y=[1x2048]  (T=1, K=1984)
  - op#03  op=V        shard=1   x=[1x4096] + w=[2048x4096]  ->  y=[1x2048]  (T=1, K=1984)
  - op#04  op=QK       shard=1   q=[16x1x128] + k=[16x128x1984]  ->  y=[16x1x1984]  (T=1, K=1984)
  - op#05  op=Softmax  shard=1   scores=[16x1x1984]  ->  y=[16x1x1984]  (T=1, K=1984)
  - op#06  op=SV       shard=1   p=[16x1x1984] + v=[16x1984x128]  ->  y=[16x1x128]  (T=1, K=1984)
  - op#07  op=O        shard=1   x=[1x2048] + w=[4096x2048]  ->  y=[1x4096]  (T=1, K=1984)
  - op#08  op=LN       shard=-1  x=[1x4096] + w=[4096]  ->  y=[1x4096]  (T=1, K=1984)
  - op#09  op=FFN_W3   shard=0   x=[1x4096] + w=[5504x4096]  ->  y=[1x5504]  (T=1, K=1984)
  - op#10  op=FFN_W1   shard=1   x=[1x4096] + w=[5504x4096]  ->  y=[1x5504]  (T=1, K=1984)
  - op#11  op=SwiGLU   shard=1   a=[1x5504] + b=[1x5504]  ->  y=[1x5504]  (T=1, K=1984)
  - op#12  op=FFN_W2   shard=1   x=[1x5504] + w=[4096x5504]  ->  y=[1x4096]  (T=1, K=1984)
[pim-debug] NOTE: CENT(AiM) trace backend internally uses x shape (1,1,dim) and handles prefill by repeating ops;
           the table below shows the *effective parameters* passed into cost_model_pim_backend for each op.
[pim-debug] op#00 op=LN       norm=rmsnorm    sh=-1 dim=4096  heads=32  hd=128 q_dim=4096  kv_heads=32  kv_dim=4096  o_dim=4096  ffn_dim=11008  seqlen=1984   qlen=1   cache=N lat=    0.001ms cycles≈1314
[pim-debug] op#01 op=Q        norm=q_proj     sh=1  dim=4096  heads=16  hd=128 q_dim=2048  kv_heads=16  kv_dim=2048  o_dim=2048  ffn_dim=5504   seqlen=1984   qlen=1   cache=N lat=    0.004ms cycles≈4428
[pim-debug] op#02 op=K        norm=k_proj     sh=1  dim=4096  heads=16  hd=128 q_dim=2048  kv_heads=16  kv_dim=2048  o_dim=2048  ffn_dim=5504   seqlen=1984   qlen=1   cache=N lat=    0.004ms cycles≈4428
[pim-debug] op#03 op=V        norm=v_proj     sh=1  dim=4096  heads=16  hd=128 q_dim=2048  kv_heads=16  kv_dim=2048  o_dim=2048  ffn_dim=5504   seqlen=1984   qlen=1   cache=N lat=    0.004ms cycles≈4428
[pim-debug] op#04 op=QK       norm=score      sh=1  dim=4096  heads=16  hd=128 q_dim=2048  kv_heads=16  kv_dim=2048  o_dim=2048  ffn_dim=5504   seqlen=1984   qlen=1   cache=N lat=    0.007ms cycles≈7232
[pim-debug] op#05 op=Softmax  norm=softmax    sh=1  dim=4096  heads=16  hd=128 q_dim=2048  kv_heads=16  kv_dim=2048  o_dim=2048  ffn_dim=5504   seqlen=1984   qlen=1   cache=N lat=    0.007ms cycles≈6803
[pim-debug] op#06 op=SV       norm=output     sh=1  dim=4096  heads=16  hd=128 q_dim=2048  kv_heads=16  kv_dim=2048  o_dim=2048  ffn_dim=5504   seqlen=1984   qlen=1   cache=N lat=    0.005ms cycles≈4760
[pim-debug] op#07 op=O        norm=wo_proj    sh=1  dim=4096  heads=16  hd=128 q_dim=2048  kv_heads=16  kv_dim=2048  o_dim=2048  ffn_dim=5504   seqlen=1984   qlen=1   cache=N lat=    0.004ms cycles≈4062
[pim-debug] op#08 op=LN       norm=rmsnorm    sh=-1 dim=4096  heads=32  hd=128 q_dim=4096  kv_heads=32  kv_dim=4096  o_dim=4096  ffn_dim=11008  seqlen=1984   qlen=1   cache=N lat=    0.001ms cycles≈1314
[pim-debug] op#09 op=FFN_W3   norm=ffn_up     sh=0  dim=4096  heads=16  hd=128 q_dim=2048  kv_heads=16  kv_dim=2048  o_dim=2048  ffn_dim=5504   seqlen=1984   qlen=1   cache=N lat=    0.011ms cycles≈10896
[pim-debug] op#10 op=FFN_W1   norm=ffn_gate   sh=1  dim=4096  heads=16  hd=128 q_dim=2048  kv_heads=16  kv_dim=2048  o_dim=2048  ffn_dim=5504   seqlen=1984   qlen=1   cache=N lat=    0.012ms cycles≈11708
[pim-debug] op#11 op=SwiGLU   norm=silu       sh=1  dim=4096  heads=16  hd=128 q_dim=2048  kv_heads=16  kv_dim=2048  o_dim=2048  ffn_dim=5504   seqlen=1984   qlen=1   cache=N lat=    0.001ms cycles≈503
[pim-debug] op#12 op=FFN_W2   norm=ffn_down   sh=1  dim=4096  heads=16  hd=128 q_dim=2048  kv_heads=16  kv_dim=2048  o_dim=2048  ffn_dim=5504   seqlen=1984   qlen=1   cache=N lat=    0.011ms cycles≈11466
[pim-debug] segment total latency: 0.073 ms
========================================================================================
[pim-debug] segment_key=pim|decode|16|dfde0414e64cddd2624b90d983c73dcb
[pim-debug] sig: device_type=pim phase=decode step=16 (count_hint=1)
[pim-debug] ops_repr: LN:-1,K:0,V:0,QK:0,Softmax:0,SV:0,O:0,O:1,LN:-1,FFN_W3:0,FFN_W1:1,SwiGLU:0,FFN_W2:0,Add:-1
[pim-debug] cfg: shard_policy='fine' shards=2 dim=4096 ffn_dim=11008 n_heads=32 n_kv_heads=auto->n_heads
[pim-debug] pim_config=/lustre/home/2501111916/workspace/XPUPIM_0226_gpupim_parameter/TriForm/algorithms/aim_simulator/PIM_AiM.json
[pim-debug] ramulator_config=/lustre/home/2501111916/workspace/XPUPIM_0226_gpupim_parameter/TriForm/algorithms/aim_simulator/example.yaml
[pim-debug] cost_model config.PIM_FREQ_GHZ=1.0
[pim-debug] op plan (logical shapes inferred from schedule cfg):
  - op#00  op=LN       shard=-1  x=[1x4096] + w=[4096]  ->  y=[1x4096]  (T=1, K=1984)
  - op#01  op=K        shard=0   x=[1x4096] + w=[2048x4096]  ->  y=[1x2048]  (T=1, K=1984)
  - op#02  op=V        shard=0   x=[1x4096] + w=[2048x4096]  ->  y=[1x2048]  (T=1, K=1984)
  - op#03  op=QK       shard=0   q=[16x1x128] + k=[16x128x1984]  ->  y=[16x1x1984]  (T=1, K=1984)
  - op#04  op=Softmax  shard=0   scores=[16x1x1984]  ->  y=[16x1x1984]  (T=1, K=1984)
  - op#05  op=SV       shard=0   p=[16x1x1984] + v=[16x1984x128]  ->  y=[16x1x128]  (T=1, K=1984)
  - op#06  op=O        shard=0   x=[1x2048] + w=[4096x2048]  ->  y=[1x4096]  (T=1, K=1984)
  - op#07  op=O        shard=1   x=[1x2048] + w=[4096x2048]  ->  y=[1x4096]  (T=1, K=1984)
  - op#08  op=LN       shard=-1  x=[1x4096] + w=[4096]  ->  y=[1x4096]  (T=1, K=1984)
  - op#09  op=FFN_W3   shard=0   x=[1x4096] + w=[5504x4096]  ->  y=[1x5504]  (T=1, K=1984)
  - op#10  op=FFN_W1   shard=1   x=[1x4096] + w=[5504x4096]  ->  y=[1x5504]  (T=1, K=1984)
  - op#11  op=SwiGLU   shard=0   a=[1x5504] + b=[1x5504]  ->  y=[1x5504]  (T=1, K=1984)
  - op#12  op=FFN_W2   shard=0   x=[1x5504] + w=[4096x5504]  ->  y=[1x4096]  (T=1, K=1984)
  - op#13  op=Add      shard=-1  a=[1x4096] + b=[1x4096]  ->  y=[1x4096]  (T=1, K=1984)
[pim-debug] NOTE: CENT(AiM) trace backend internally uses x shape (1,1,dim) and handles prefill by repeating ops;
           the table below shows the *effective parameters* passed into cost_model_pim_backend for each op.
[pim-debug] op#00 op=LN       norm=rmsnorm    sh=-1 dim=4096  heads=32  hd=128 q_dim=4096  kv_heads=32  kv_dim=4096  o_dim=4096  ffn_dim=11008  seqlen=1984   qlen=1   cache=N lat=    0.001ms cycles≈1314
[pim-debug] op#01 op=K        norm=k_proj     sh=0  dim=4096  heads=16  hd=128 q_dim=2048  kv_heads=16  kv_dim=2048  o_dim=2048  ffn_dim=5504   seqlen=1984   qlen=1   cache=N lat=    0.004ms cycles≈4428
[pim-debug] op#02 op=V        norm=v_proj     sh=0  dim=4096  heads=16  hd=128 q_dim=2048  kv_heads=16  kv_dim=2048  o_dim=2048  ffn_dim=5504   seqlen=1984   qlen=1   cache=N lat=    0.004ms cycles≈4428
[pim-debug] op#03 op=QK       norm=score      sh=0  dim=4096  heads=16  hd=128 q_dim=2048  kv_heads=16  kv_dim=2048  o_dim=2048  ffn_dim=5504   seqlen=1984   qlen=1   cache=N lat=    0.007ms cycles≈7232
[pim-debug] op#04 op=Softmax  norm=softmax    sh=0  dim=4096  heads=16  hd=128 q_dim=2048  kv_heads=16  kv_dim=2048  o_dim=2048  ffn_dim=5504   seqlen=1984   qlen=1   cache=N lat=    0.007ms cycles≈6803
[pim-debug] op#05 op=SV       norm=output     sh=0  dim=4096  heads=16  hd=128 q_dim=2048  kv_heads=16  kv_dim=2048  o_dim=2048  ffn_dim=5504   seqlen=1984   qlen=1   cache=N lat=    0.005ms cycles≈4760
[pim-debug] op#06 op=O        norm=wo_proj    sh=0  dim=4096  heads=16  hd=128 q_dim=2048  kv_heads=16  kv_dim=2048  o_dim=2048  ffn_dim=5504   seqlen=1984   qlen=1   cache=N lat=    0.004ms cycles≈4062
[pim-debug] op#07 op=O        norm=wo_proj    sh=1  dim=4096  heads=16  hd=128 q_dim=2048  kv_heads=16  kv_dim=2048  o_dim=2048  ffn_dim=5504   seqlen=1984   qlen=1   cache=N lat=    0.004ms cycles≈4062
[pim-debug] op#08 op=LN       norm=rmsnorm    sh=-1 dim=4096  heads=32  hd=128 q_dim=4096  kv_heads=32  kv_dim=4096  o_dim=4096  ffn_dim=11008  seqlen=1984   qlen=1   cache=N lat=    0.001ms cycles≈1314
[pim-debug] op#09 op=FFN_W3   norm=ffn_up     sh=0  dim=4096  heads=16  hd=128 q_dim=2048  kv_heads=16  kv_dim=2048  o_dim=2048  ffn_dim=5504   seqlen=1984   qlen=1   cache=N lat=    0.011ms cycles≈10896
[pim-debug] op#10 op=FFN_W1   norm=ffn_gate   sh=1  dim=4096  heads=16  hd=128 q_dim=2048  kv_heads=16  kv_dim=2048  o_dim=2048  ffn_dim=5504   seqlen=1984   qlen=1   cache=N lat=    0.012ms cycles≈11708
[pim-debug] op#11 op=SwiGLU   norm=silu       sh=0  dim=4096  heads=16  hd=128 q_dim=2048  kv_heads=16  kv_dim=2048  o_dim=2048  ffn_dim=5504   seqlen=1984   qlen=1   cache=N lat=    0.001ms cycles≈503
[pim-debug] op#12 op=FFN_W2   norm=ffn_down   sh=0  dim=4096  heads=16  hd=128 q_dim=2048  kv_heads=16  kv_dim=2048  o_dim=2048  ffn_dim=5504   seqlen=1984   qlen=1   cache=N lat=    0.011ms cycles≈11466
[pim-debug] op#13 op=Add      norm=residual   sh=-1 dim=4096  heads=32  hd=128 q_dim=4096  kv_heads=32  kv_dim=4096  o_dim=4096  ffn_dim=11008  seqlen=1984   qlen=1   cache=N lat=    0.000ms cycles≈3
[pim-debug] segment total latency: 0.073 ms
========================================================================================
[pim-debug] segment_key=pim|decode|16|f9376ad5e0c83bcdbc006c3cfc9c65e3
[pim-debug] sig: device_type=pim phase=decode step=16 (count_hint=1)
[pim-debug] ops_repr: Q:0,Q:1,K:1,V:1,QK:1,Softmax:1,SV:1,Add:-1,FFN_W1:0,FFN_W3:1,SwiGLU:1,FFN_W2:1
[pim-debug] cfg: shard_policy='fine' shards=2 dim=4096 ffn_dim=11008 n_heads=32 n_kv_heads=auto->n_heads
[pim-debug] pim_config=/lustre/home/2501111916/workspace/XPUPIM_0226_gpupim_parameter/TriForm/algorithms/aim_simulator/PIM_AiM.json
[pim-debug] ramulator_config=/lustre/home/2501111916/workspace/XPUPIM_0226_gpupim_parameter/TriForm/algorithms/aim_simulator/example.yaml
[pim-debug] cost_model config.PIM_FREQ_GHZ=1.0
[pim-debug] op plan (logical shapes inferred from schedule cfg):
  - op#00  op=Q        shard=0   x=[1x4096] + w=[2048x4096]  ->  y=[1x2048]  (T=1, K=1984)
  - op#01  op=Q        shard=1   x=[1x4096] + w=[2048x4096]  ->  y=[1x2048]  (T=1, K=1984)
  - op#02  op=K        shard=1   x=[1x4096] + w=[2048x4096]  ->  y=[1x2048]  (T=1, K=1984)
  - op#03  op=V        shard=1   x=[1x4096] + w=[2048x4096]  ->  y=[1x2048]  (T=1, K=1984)
  - op#04  op=QK       shard=1   q=[16x1x128] + k=[16x128x1984]  ->  y=[16x1x1984]  (T=1, K=1984)
  - op#05  op=Softmax  shard=1   scores=[16x1x1984]  ->  y=[16x1x1984]  (T=1, K=1984)
  - op#06  op=SV       shard=1   p=[16x1x1984] + v=[16x1984x128]  ->  y=[16x1x128]  (T=1, K=1984)
  - op#07  op=Add      shard=-1  a=[1x4096] + b=[1x4096]  ->  y=[1x4096]  (T=1, K=1984)
  - op#08  op=FFN_W1   shard=0   x=[1x4096] + w=[5504x4096]  ->  y=[1x5504]  (T=1, K=1984)
  - op#09  op=FFN_W3   shard=1   x=[1x4096] + w=[5504x4096]  ->  y=[1x5504]  (T=1, K=1984)
  - op#10  op=SwiGLU   shard=1   a=[1x5504] + b=[1x5504]  ->  y=[1x5504]  (T=1, K=1984)
  - op#11  op=FFN_W2   shard=1   x=[1x5504] + w=[4096x5504]  ->  y=[1x4096]  (T=1, K=1984)
[pim-debug] NOTE: CENT(AiM) trace backend internally uses x shape (1,1,dim) and handles prefill by repeating ops;
           the table below shows the *effective parameters* passed into cost_model_pim_backend for each op.
[pim-debug] op#00 op=Q        norm=q_proj     sh=0  dim=4096  heads=16  hd=128 q_dim=2048  kv_heads=16  kv_dim=2048  o_dim=2048  ffn_dim=5504   seqlen=1984   qlen=1   cache=N lat=    0.004ms cycles≈4428
[pim-debug] op#01 op=Q        norm=q_proj     sh=1  dim=4096  heads=16  hd=128 q_dim=2048  kv_heads=16  kv_dim=2048  o_dim=2048  ffn_dim=5504   seqlen=1984   qlen=1   cache=N lat=    0.004ms cycles≈4428
[pim-debug] op#02 op=K        norm=k_proj     sh=1  dim=4096  heads=16  hd=128 q_dim=2048  kv_heads=16  kv_dim=2048  o_dim=2048  ffn_dim=5504   seqlen=1984   qlen=1   cache=N lat=    0.004ms cycles≈4428
[pim-debug] op#03 op=V        norm=v_proj     sh=1  dim=4096  heads=16  hd=128 q_dim=2048  kv_heads=16  kv_dim=2048  o_dim=2048  ffn_dim=5504   seqlen=1984   qlen=1   cache=N lat=    0.004ms cycles≈4428
[pim-debug] op#04 op=QK       norm=score      sh=1  dim=4096  heads=16  hd=128 q_dim=2048  kv_heads=16  kv_dim=2048  o_dim=2048  ffn_dim=5504   seqlen=1984   qlen=1   cache=N lat=    0.007ms cycles≈7232
[pim-debug] op#05 op=Softmax  norm=softmax    sh=1  dim=4096  heads=16  hd=128 q_dim=2048  kv_heads=16  kv_dim=2048  o_dim=2048  ffn_dim=5504   seqlen=1984   qlen=1   cache=N lat=    0.007ms cycles≈6803
[pim-debug] op#06 op=SV       norm=output     sh=1  dim=4096  heads=16  hd=128 q_dim=2048  kv_heads=16  kv_dim=2048  o_dim=2048  ffn_dim=5504   seqlen=1984   qlen=1   cache=N lat=    0.005ms cycles≈4760
[pim-debug] op#07 op=Add      norm=residual   sh=-1 dim=4096  heads=32  hd=128 q_dim=4096  kv_heads=32  kv_dim=4096  o_dim=4096  ffn_dim=11008  seqlen=1984   qlen=1   cache=N lat=    0.000ms cycles≈3
[pim-debug] op#08 op=FFN_W1   norm=ffn_gate   sh=0  dim=4096  heads=16  hd=128 q_dim=2048  kv_heads=16  kv_dim=2048  o_dim=2048  ffn_dim=5504   seqlen=1984   qlen=1   cache=N lat=    0.012ms cycles≈11708
[pim-debug] op#09 op=FFN_W3   norm=ffn_up     sh=1  dim=4096  heads=16  hd=128 q_dim=2048  kv_heads=16  kv_dim=2048  o_dim=2048  ffn_dim=5504   seqlen=1984   qlen=1   cache=N lat=    0.011ms cycles≈10896
[pim-debug] op#10 op=SwiGLU   norm=silu       sh=1  dim=4096  heads=16  hd=128 q_dim=2048  kv_heads=16  kv_dim=2048  o_dim=2048  ffn_dim=5504   seqlen=1984   qlen=1   cache=N lat=    0.001ms cycles≈503
[pim-debug] op#11 op=FFN_W2   norm=ffn_down   sh=1  dim=4096  heads=16  hd=128 q_dim=2048  kv_heads=16  kv_dim=2048  o_dim=2048  ffn_dim=5504   seqlen=1984   qlen=1   cache=N lat=    0.011ms cycles≈11466
[pim-debug] segment total latency: 0.071 ms
========================================================================================
[pim-debug] segment_key=pim|decode|1|b4bc49a8c43c5edb372579946f21f917
[pim-debug] sig: device_type=pim phase=decode step=1 (count_hint=31)
[pim-debug] ops_repr: Q:0,K:0,V:0,QK:0,Softmax:0,SV:0,O:0,Add:-1,FFN_W1:0,FFN_W3:1,SwiGLU:0,FFN_W2:0,Add:-1
[pim-debug] cfg: shard_policy='fine' shards=2 dim=4096 ffn_dim=11008 n_heads=32 n_kv_heads=auto->n_heads
[pim-debug] pim_config=/lustre/home/2501111916/workspace/XPUPIM_0226_gpupim_parameter/TriForm/algorithms/aim_simulator/PIM_AiM.json
[pim-debug] ramulator_config=/lustre/home/2501111916/workspace/XPUPIM_0226_gpupim_parameter/TriForm/algorithms/aim_simulator/example.yaml
[pim-debug] cost_model config.PIM_FREQ_GHZ=1.0
[pim-debug] op plan (logical shapes inferred from schedule cfg):
  - op#00  op=Q        shard=0   x=[1x4096] + w=[2048x4096]  ->  y=[1x2048]  (T=1, K=1026)
  - op#01  op=K        shard=0   x=[1x4096] + w=[2048x4096]  ->  y=[1x2048]  (T=1, K=1026)
  - op#02  op=V        shard=0   x=[1x4096] + w=[2048x4096]  ->  y=[1x2048]  (T=1, K=1026)
  - op#03  op=QK       shard=0   q=[16x1x128] + k=[16x128x1026]  ->  y=[16x1x1026]  (T=1, K=1026)
  - op#04  op=Softmax  shard=0   scores=[16x1x1026]  ->  y=[16x1x1026]  (T=1, K=1026)
  - op#05  op=SV       shard=0   p=[16x1x1026] + v=[16x1026x128]  ->  y=[16x1x128]  (T=1, K=1026)
  - op#06  op=O        shard=0   x=[1x2048] + w=[4096x2048]  ->  y=[1x4096]  (T=1, K=1026)
  - op#07  op=Add      shard=-1  a=[1x4096] + b=[1x4096]  ->  y=[1x4096]  (T=1, K=1026)
  - op#08  op=FFN_W1   shard=0   x=[1x4096] + w=[5504x4096]  ->  y=[1x5504]  (T=1, K=1026)
  - op#09  op=FFN_W3   shard=1   x=[1x4096] + w=[5504x4096]  ->  y=[1x5504]  (T=1, K=1026)
  - op#10  op=SwiGLU   shard=0   a=[1x5504] + b=[1x5504]  ->  y=[1x5504]  (T=1, K=1026)
  - op#11  op=FFN_W2   shard=0   x=[1x5504] + w=[4096x5504]  ->  y=[1x4096]  (T=1, K=1026)
  - op#12  op=Add      shard=-1  a=[1x4096] + b=[1x4096]  ->  y=[1x4096]  (T=1, K=1026)
[pim-debug] NOTE: CENT(AiM) trace backend internally uses x shape (1,1,dim) and handles prefill by repeating ops;
           the table below shows the *effective parameters* passed into cost_model_pim_backend for each op.
[pim-debug] op#00 op=Q        norm=q_proj     sh=0  dim=4096  heads=16  hd=128 q_dim=2048  kv_heads=16  kv_dim=2048  o_dim=2048  ffn_dim=5504   seqlen=1026   qlen=1   cache=N lat=    0.004ms cycles≈4428
[pim-debug] op#01 op=K        norm=k_proj     sh=0  dim=4096  heads=16  hd=128 q_dim=2048  kv_heads=16  kv_dim=2048  o_dim=2048  ffn_dim=5504   seqlen=1026   qlen=1   cache=N lat=    0.004ms cycles≈4428
[pim-debug] op#02 op=V        norm=v_proj     sh=0  dim=4096  heads=16  hd=128 q_dim=2048  kv_heads=16  kv_dim=2048  o_dim=2048  ffn_dim=5504   seqlen=1026   qlen=1   cache=N lat=    0.004ms cycles≈4428
[pim-debug] op#03 op=QK       norm=score      sh=0  dim=4096  heads=16  hd=128 q_dim=2048  kv_heads=16  kv_dim=2048  o_dim=2048  ffn_dim=5504   seqlen=1026   qlen=1   cache=N lat=    0.005ms cycles≈5424
[pim-debug] op#04 op=Softmax  norm=softmax    sh=0  dim=4096  heads=16  hd=128 q_dim=2048  kv_heads=16  kv_dim=2048  o_dim=2048  ffn_dim=5504   seqlen=1026   qlen=1   cache=N lat=    0.004ms cycles≈4057
[pim-debug] op#05 op=SV       norm=output     sh=0  dim=4096  heads=16  hd=128 q_dim=2048  kv_heads=16  kv_dim=2048  o_dim=2048  ffn_dim=5504   seqlen=1026   qlen=1   cache=N lat=    0.004ms cycles≈3698
[pim-debug] op#06 op=O        norm=wo_proj    sh=0  dim=4096  heads=16  hd=128 q_dim=2048  kv_heads=16  kv_dim=2048  o_dim=2048  ffn_dim=5504   seqlen=1026   qlen=1   cache=N lat=    0.004ms cycles≈4062
[pim-debug] op#07 op=Add      norm=residual   sh=-1 dim=4096  heads=32  hd=128 q_dim=4096  kv_heads=32  kv_dim=4096  o_dim=4096  ffn_dim=11008  seqlen=1026   qlen=1   cache=N lat=    0.000ms cycles≈3
[pim-debug] op#08 op=FFN_W1   norm=ffn_gate   sh=0  dim=4096  heads=16  hd=128 q_dim=2048  kv_heads=16  kv_dim=2048  o_dim=2048  ffn_dim=5504   seqlen=1026   qlen=1   cache=N lat=    0.012ms cycles≈11708
[pim-debug] op#09 op=FFN_W3   norm=ffn_up     sh=1  dim=4096  heads=16  hd=128 q_dim=2048  kv_heads=16  kv_dim=2048  o_dim=2048  ffn_dim=5504   seqlen=1026   qlen=1   cache=N lat=    0.011ms cycles≈10896
[pim-debug] op#10 op=SwiGLU   norm=silu       sh=0  dim=4096  heads=16  hd=128 q_dim=2048  kv_heads=16  kv_dim=2048  o_dim=2048  ffn_dim=5504   seqlen=1026   qlen=1   cache=N lat=    0.001ms cycles≈503
[pim-debug] op#11 op=FFN_W2   norm=ffn_down   sh=0  dim=4096  heads=16  hd=128 q_dim=2048  kv_heads=16  kv_dim=2048  o_dim=2048  ffn_dim=5504   seqlen=1026   qlen=1   cache=N lat=    0.011ms cycles≈11466
[pim-debug] op#12 op=Add      norm=residual   sh=-1 dim=4096  heads=32  hd=128 q_dim=4096  kv_heads=32  kv_dim=4096  o_dim=4096  ffn_dim=11008  seqlen=1026   qlen=1   cache=N lat=    0.000ms cycles≈3
[pim-debug] segment total latency: 0.065 ms
========================================================================================
[pim-debug] segment_key=pim|decode|1|baff9c2d0f1f7dac9f2d74f4ecf92e61
[pim-debug] sig: device_type=pim phase=decode step=1 (count_hint=31)
[pim-debug] ops_repr: LN:-1,Q:1,K:1,V:1,QK:1,Softmax:1,SV:1,O:1,LN:-1,FFN_W3:0,FFN_W1:1,SwiGLU:1,FFN_W2:1
[pim-debug] cfg: shard_policy='fine' shards=2 dim=4096 ffn_dim=11008 n_heads=32 n_kv_heads=auto->n_heads
[pim-debug] pim_config=/lustre/home/2501111916/workspace/XPUPIM_0226_gpupim_parameter/TriForm/algorithms/aim_simulator/PIM_AiM.json
[pim-debug] ramulator_config=/lustre/home/2501111916/workspace/XPUPIM_0226_gpupim_parameter/TriForm/algorithms/aim_simulator/example.yaml
[pim-debug] cost_model config.PIM_FREQ_GHZ=1.0
[pim-debug] op plan (logical shapes inferred from schedule cfg):
  - op#00  op=LN       shard=-1  x=[1x4096] + w=[4096]  ->  y=[1x4096]  (T=1, K=1026)
  - op#01  op=Q        shard=1   x=[1x4096] + w=[2048x4096]  ->  y=[1x2048]  (T=1, K=1026)
  - op#02  op=K        shard=1   x=[1x4096] + w=[2048x4096]  ->  y=[1x2048]  (T=1, K=1026)
  - op#03  op=V        shard=1   x=[1x4096] + w=[2048x4096]  ->  y=[1x2048]  (T=1, K=1026)
  - op#04  op=QK       shard=1   q=[16x1x128] + k=[16x128x1026]  ->  y=[16x1x1026]  (T=1, K=1026)
  - op#05  op=Softmax  shard=1   scores=[16x1x1026]  ->  y=[16x1x1026]  (T=1, K=1026)
  - op#06  op=SV       shard=1   p=[16x1x1026] + v=[16x1026x128]  ->  y=[16x1x128]  (T=1, K=1026)
  - op#07  op=O        shard=1   x=[1x2048] + w=[4096x2048]  ->  y=[1x4096]  (T=1, K=1026)
  - op#08  op=LN       shard=-1  x=[1x4096] + w=[4096]  ->  y=[1x4096]  (T=1, K=1026)
  - op#09  op=FFN_W3   shard=0   x=[1x4096] + w=[5504x4096]  ->  y=[1x5504]  (T=1, K=1026)
  - op#10  op=FFN_W1   shard=1   x=[1x4096] + w=[5504x4096]  ->  y=[1x5504]  (T=1, K=1026)
  - op#11  op=SwiGLU   shard=1   a=[1x5504] + b=[1x5504]  ->  y=[1x5504]  (T=1, K=1026)
  - op#12  op=FFN_W2   shard=1   x=[1x5504] + w=[4096x5504]  ->  y=[1x4096]  (T=1, K=1026)
[pim-debug] NOTE: CENT(AiM) trace backend internally uses x shape (1,1,dim) and handles prefill by repeating ops;
           the table below shows the *effective parameters* passed into cost_model_pim_backend for each op.
[pim-debug] op#00 op=LN       norm=rmsnorm    sh=-1 dim=4096  heads=32  hd=128 q_dim=4096  kv_heads=32  kv_dim=4096  o_dim=4096  ffn_dim=11008  seqlen=1026   qlen=1   cache=N lat=    0.001ms cycles≈1314
[pim-debug] op#01 op=Q        norm=q_proj     sh=1  dim=4096  heads=16  hd=128 q_dim=2048  kv_heads=16  kv_dim=2048  o_dim=2048  ffn_dim=5504   seqlen=1026   qlen=1   cache=N lat=    0.004ms cycles≈4428
[pim-debug] op#02 op=K        norm=k_proj     sh=1  dim=4096  heads=16  hd=128 q_dim=2048  kv_heads=16  kv_dim=2048  o_dim=2048  ffn_dim=5504   seqlen=1026   qlen=1   cache=N lat=    0.004ms cycles≈4428
[pim-debug] op#03 op=V        norm=v_proj     sh=1  dim=4096  heads=16  hd=128 q_dim=2048  kv_heads=16  kv_dim=2048  o_dim=2048  ffn_dim=5504   seqlen=1026   qlen=1   cache=N lat=    0.004ms cycles≈4428
[pim-debug] op#04 op=QK       norm=score      sh=1  dim=4096  heads=16  hd=128 q_dim=2048  kv_heads=16  kv_dim=2048  o_dim=2048  ffn_dim=5504   seqlen=1026   qlen=1   cache=N lat=    0.005ms cycles≈5424
[pim-debug] op#05 op=Softmax  norm=softmax    sh=1  dim=4096  heads=16  hd=128 q_dim=2048  kv_heads=16  kv_dim=2048  o_dim=2048  ffn_dim=5504   seqlen=1026   qlen=1   cache=N lat=    0.004ms cycles≈4057
[pim-debug] op#06 op=SV       norm=output     sh=1  dim=4096  heads=16  hd=128 q_dim=2048  kv_heads=16  kv_dim=2048  o_dim=2048  ffn_dim=5504   seqlen=1026   qlen=1   cache=N lat=    0.004ms cycles≈3698
[pim-debug] op#07 op=O        norm=wo_proj    sh=1  dim=4096  heads=16  hd=128 q_dim=2048  kv_heads=16  kv_dim=2048  o_dim=2048  ffn_dim=5504   seqlen=1026   qlen=1   cache=N lat=    0.004ms cycles≈4062
[pim-debug] op#08 op=LN       norm=rmsnorm    sh=-1 dim=4096  heads=32  hd=128 q_dim=4096  kv_heads=32  kv_dim=4096  o_dim=4096  ffn_dim=11008  seqlen=1026   qlen=1   cache=N lat=    0.001ms cycles≈1314
[pim-debug] op#09 op=FFN_W3   norm=ffn_up     sh=0  dim=4096  heads=16  hd=128 q_dim=2048  kv_heads=16  kv_dim=2048  o_dim=2048  ffn_dim=5504   seqlen=1026   qlen=1   cache=N lat=    0.011ms cycles≈10896
[pim-debug] op#10 op=FFN_W1   norm=ffn_gate   sh=1  dim=4096  heads=16  hd=128 q_dim=2048  kv_heads=16  kv_dim=2048  o_dim=2048  ffn_dim=5504   seqlen=1026   qlen=1   cache=N lat=    0.012ms cycles≈11708
[pim-debug] op#11 op=SwiGLU   norm=silu       sh=1  dim=4096  heads=16  hd=128 q_dim=2048  kv_heads=16  kv_dim=2048  o_dim=2048  ffn_dim=5504   seqlen=1026   qlen=1   cache=N lat=    0.001ms cycles≈503
[pim-debug] op#12 op=FFN_W2   norm=ffn_down   sh=1  dim=4096  heads=16  hd=128 q_dim=2048  kv_heads=16  kv_dim=2048  o_dim=2048  ffn_dim=5504   seqlen=1026   qlen=1   cache=N lat=    0.011ms cycles≈11466
[pim-debug] segment total latency: 0.068 ms
========================================================================================
[pim-debug] segment_key=pim|decode|1|dfde0414e64cddd2624b90d983c73dcb
[pim-debug] sig: device_type=pim phase=decode step=1 (count_hint=1)
[pim-debug] ops_repr: LN:-1,K:0,V:0,QK:0,Softmax:0,SV:0,O:0,O:1,LN:-1,FFN_W3:0,FFN_W1:1,SwiGLU:0,FFN_W2:0,Add:-1
[pim-debug] cfg: shard_policy='fine' shards=2 dim=4096 ffn_dim=11008 n_heads=32 n_kv_heads=auto->n_heads
[pim-debug] pim_config=/lustre/home/2501111916/workspace/XPUPIM_0226_gpupim_parameter/TriForm/algorithms/aim_simulator/PIM_AiM.json
[pim-debug] ramulator_config=/lustre/home/2501111916/workspace/XPUPIM_0226_gpupim_parameter/TriForm/algorithms/aim_simulator/example.yaml
[pim-debug] cost_model config.PIM_FREQ_GHZ=1.0
[pim-debug] op plan (logical shapes inferred from schedule cfg):
  - op#00  op=LN       shard=-1  x=[1x4096] + w=[4096]  ->  y=[1x4096]  (T=1, K=1026)
  - op#01  op=K        shard=0   x=[1x4096] + w=[2048x4096]  ->  y=[1x2048]  (T=1, K=1026)
  - op#02  op=V        shard=0   x=[1x4096] + w=[2048x4096]  ->  y=[1x2048]  (T=1, K=1026)
  - op#03  op=QK       shard=0   q=[16x1x128] + k=[16x128x1026]  ->  y=[16x1x1026]  (T=1, K=1026)
  - op#04  op=Softmax  shard=0   scores=[16x1x1026]  ->  y=[16x1x1026]  (T=1, K=1026)
  - op#05  op=SV       shard=0   p=[16x1x1026] + v=[16x1026x128]  ->  y=[16x1x128]  (T=1, K=1026)
  - op#06  op=O        shard=0   x=[1x2048] + w=[4096x2048]  ->  y=[1x4096]  (T=1, K=1026)
  - op#07  op=O        shard=1   x=[1x2048] + w=[4096x2048]  ->  y=[1x4096]  (T=1, K=1026)
  - op#08  op=LN       shard=-1  x=[1x4096] + w=[4096]  ->  y=[1x4096]  (T=1, K=1026)
  - op#09  op=FFN_W3   shard=0   x=[1x4096] + w=[5504x4096]  ->  y=[1x5504]  (T=1, K=1026)
  - op#10  op=FFN_W1   shard=1   x=[1x4096] + w=[5504x4096]  ->  y=[1x5504]  (T=1, K=1026)
  - op#11  op=SwiGLU   shard=0   a=[1x5504] + b=[1x5504]  ->  y=[1x5504]  (T=1, K=1026)
  - op#12  op=FFN_W2   shard=0   x=[1x5504] + w=[4096x5504]  ->  y=[1x4096]  (T=1, K=1026)
  - op#13  op=Add      shard=-1  a=[1x4096] + b=[1x4096]  ->  y=[1x4096]  (T=1, K=1026)
[pim-debug] NOTE: CENT(AiM) trace backend internally uses x shape (1,1,dim) and handles prefill by repeating ops;
           the table below shows the *effective parameters* passed into cost_model_pim_backend for each op.
[pim-debug] op#00 op=LN       norm=rmsnorm    sh=-1 dim=4096  heads=32  hd=128 q_dim=4096  kv_heads=32  kv_dim=4096  o_dim=4096  ffn_dim=11008  seqlen=1026   qlen=1   cache=N lat=    0.001ms cycles≈1314
[pim-debug] op#01 op=K        norm=k_proj     sh=0  dim=4096  heads=16  hd=128 q_dim=2048  kv_heads=16  kv_dim=2048  o_dim=2048  ffn_dim=5504   seqlen=1026   qlen=1   cache=N lat=    0.004ms cycles≈4428
[pim-debug] op#02 op=V        norm=v_proj     sh=0  dim=4096  heads=16  hd=128 q_dim=2048  kv_heads=16  kv_dim=2048  o_dim=2048  ffn_dim=5504   seqlen=1026   qlen=1   cache=N lat=    0.004ms cycles≈4428
[pim-debug] op#03 op=QK       norm=score      sh=0  dim=4096  heads=16  hd=128 q_dim=2048  kv_heads=16  kv_dim=2048  o_dim=2048  ffn_dim=5504   seqlen=1026   qlen=1   cache=N lat=    0.005ms cycles≈5424
[pim-debug] op#04 op=Softmax  norm=softmax    sh=0  dim=4096  heads=16  hd=128 q_dim=2048  kv_heads=16  kv_dim=2048  o_dim=2048  ffn_dim=5504   seqlen=1026   qlen=1   cache=N lat=    0.004ms cycles≈4057
[pim-debug] op#05 op=SV       norm=output     sh=0  dim=4096  heads=16  hd=128 q_dim=2048  kv_heads=16  kv_dim=2048  o_dim=2048  ffn_dim=5504   seqlen=1026   qlen=1   cache=N lat=    0.004ms cycles≈3698
[pim-debug] op#06 op=O        norm=wo_proj    sh=0  dim=4096  heads=16  hd=128 q_dim=2048  kv_heads=16  kv_dim=2048  o_dim=2048  ffn_dim=5504   seqlen=1026   qlen=1   cache=N lat=    0.004ms cycles≈4062
[pim-debug] op#07 op=O        norm=wo_proj    sh=1  dim=4096  heads=16  hd=128 q_dim=2048  kv_heads=16  kv_dim=2048  o_dim=2048  ffn_dim=5504   seqlen=1026   qlen=1   cache=N lat=    0.004ms cycles≈4062
[pim-debug] op#08 op=LN       norm=rmsnorm    sh=-1 dim=4096  heads=32  hd=128 q_dim=4096  kv_heads=32  kv_dim=4096  o_dim=4096  ffn_dim=11008  seqlen=1026   qlen=1   cache=N lat=    0.001ms cycles≈1314
[pim-debug] op#09 op=FFN_W3   norm=ffn_up     sh=0  dim=4096  heads=16  hd=128 q_dim=2048  kv_heads=16  kv_dim=2048  o_dim=2048  ffn_dim=5504   seqlen=1026   qlen=1   cache=N lat=    0.011ms cycles≈10896
[pim-debug] op#10 op=FFN_W1   norm=ffn_gate   sh=1  dim=4096  heads=16  hd=128 q_dim=2048  kv_heads=16  kv_dim=2048  o_dim=2048  ffn_dim=5504   seqlen=1026   qlen=1   cache=N lat=    0.012ms cycles≈11708
[pim-debug] op#11 op=SwiGLU   norm=silu       sh=0  dim=4096  heads=16  hd=128 q_dim=2048  kv_heads=16  kv_dim=2048  o_dim=2048  ffn_dim=5504   seqlen=1026   qlen=1   cache=N lat=    0.001ms cycles≈503
[pim-debug] op#12 op=FFN_W2   norm=ffn_down   sh=0  dim=4096  heads=16  hd=128 q_dim=2048  kv_heads=16  kv_dim=2048  o_dim=2048  ffn_dim=5504   seqlen=1026   qlen=1   cache=N lat=    0.011ms cycles≈11466
[pim-debug] op#13 op=Add      norm=residual   sh=-1 dim=4096  heads=32  hd=128 q_dim=4096  kv_heads=32  kv_dim=4096  o_dim=4096  ffn_dim=11008  seqlen=1026   qlen=1   cache=N lat=    0.000ms cycles≈3
[pim-debug] segment total latency: 0.067 ms
========================================================================================
[pim-debug] segment_key=pim|decode|1|f9376ad5e0c83bcdbc006c3cfc9c65e3
[pim-debug] sig: device_type=pim phase=decode step=1 (count_hint=1)
[pim-debug] ops_repr: Q:0,Q:1,K:1,V:1,QK:1,Softmax:1,SV:1,Add:-1,FFN_W1:0,FFN_W3:1,SwiGLU:1,FFN_W2:1
[pim-debug] cfg: shard_policy='fine' shards=2 dim=4096 ffn_dim=11008 n_heads=32 n_kv_heads=auto->n_heads
[pim-debug] pim_config=/lustre/home/2501111916/workspace/XPUPIM_0226_gpupim_parameter/TriForm/algorithms/aim_simulator/PIM_AiM.json
[pim-debug] ramulator_config=/lustre/home/2501111916/workspace/XPUPIM_0226_gpupim_parameter/TriForm/algorithms/aim_simulator/example.yaml
[pim-debug] cost_model config.PIM_FREQ_GHZ=1.0
[pim-debug] op plan (logical shapes inferred from schedule cfg):
  - op#00  op=Q        shard=0   x=[1x4096] + w=[2048x4096]  ->  y=[1x2048]  (T=1, K=1026)
  - op#01  op=Q        shard=1   x=[1x4096] + w=[2048x4096]  ->  y=[1x2048]  (T=1, K=1026)
  - op#02  op=K        shard=1   x=[1x4096] + w=[2048x4096]  ->  y=[1x2048]  (T=1, K=1026)
  - op#03  op=V        shard=1   x=[1x4096] + w=[2048x4096]  ->  y=[1x2048]  (T=1, K=1026)
  - op#04  op=QK       shard=1   q=[16x1x128] + k=[16x128x1026]  ->  y=[16x1x1026]  (T=1, K=1026)
  - op#05  op=Softmax  shard=1   scores=[16x1x1026]  ->  y=[16x1x1026]  (T=1, K=1026)
  - op#06  op=SV       shard=1   p=[16x1x1026] + v=[16x1026x128]  ->  y=[16x1x128]  (T=1, K=1026)
  - op#07  op=Add      shard=-1  a=[1x4096] + b=[1x4096]  ->  y=[1x4096]  (T=1, K=1026)
  - op#08  op=FFN_W1   shard=0   x=[1x4096] + w=[5504x4096]  ->  y=[1x5504]  (T=1, K=1026)
  - op#09  op=FFN_W3   shard=1   x=[1x4096] + w=[5504x4096]  ->  y=[1x5504]  (T=1, K=1026)
  - op#10  op=SwiGLU   shard=1   a=[1x5504] + b=[1x5504]  ->  y=[1x5504]  (T=1, K=1026)
  - op#11  op=FFN_W2   shard=1   x=[1x5504] + w=[4096x5504]  ->  y=[1x4096]  (T=1, K=1026)
[pim-debug] NOTE: CENT(AiM) trace backend internally uses x shape (1,1,dim) and handles prefill by repeating ops;
           the table below shows the *effective parameters* passed into cost_model_pim_backend for each op.
[pim-debug] op#00 op=Q        norm=q_proj     sh=0  dim=4096  heads=16  hd=128 q_dim=2048  kv_heads=16  kv_dim=2048  o_dim=2048  ffn_dim=5504   seqlen=1026   qlen=1   cache=N lat=    0.004ms cycles≈4428
[pim-debug] op#01 op=Q        norm=q_proj     sh=1  dim=4096  heads=16  hd=128 q_dim=2048  kv_heads=16  kv_dim=2048  o_dim=2048  ffn_dim=5504   seqlen=1026   qlen=1   cache=N lat=    0.004ms cycles≈4428
[pim-debug] op#02 op=K        norm=k_proj     sh=1  dim=4096  heads=16  hd=128 q_dim=2048  kv_heads=16  kv_dim=2048  o_dim=2048  ffn_dim=5504   seqlen=1026   qlen=1   cache=N lat=    0.004ms cycles≈4428
[pim-debug] op#03 op=V        norm=v_proj     sh=1  dim=4096  heads=16  hd=128 q_dim=2048  kv_heads=16  kv_dim=2048  o_dim=2048  ffn_dim=5504   seqlen=1026   qlen=1   cache=N lat=    0.004ms cycles≈4428
[pim-debug] op#04 op=QK       norm=score      sh=1  dim=4096  heads=16  hd=128 q_dim=2048  kv_heads=16  kv_dim=2048  o_dim=2048  ffn_dim=5504   seqlen=1026   qlen=1   cache=N lat=    0.005ms cycles≈5424
[pim-debug] op#05 op=Softmax  norm=softmax    sh=1  dim=4096  heads=16  hd=128 q_dim=2048  kv_heads=16  kv_dim=2048  o_dim=2048  ffn_dim=5504   seqlen=1026   qlen=1   cache=N lat=    0.004ms cycles≈4057
[pim-debug] op#06 op=SV       norm=output     sh=1  dim=4096  heads=16  hd=128 q_dim=2048  kv_heads=16  kv_dim=2048  o_dim=2048  ffn_dim=5504   seqlen=1026   qlen=1   cache=N lat=    0.004ms cycles≈3698
[pim-debug] op#07 op=Add      norm=residual   sh=-1 dim=4096  heads=32  hd=128 q_dim=4096  kv_heads=32  kv_dim=4096  o_dim=4096  ffn_dim=11008  seqlen=1026   qlen=1   cache=N lat=    0.000ms cycles≈3
[pim-debug] op#08 op=FFN_W1   norm=ffn_gate   sh=0  dim=4096  heads=16  hd=128 q_dim=2048  kv_heads=16  kv_dim=2048  o_dim=2048  ffn_dim=5504   seqlen=1026   qlen=1   cache=N lat=    0.012ms cycles≈11708
[pim-debug] op#09 op=FFN_W3   norm=ffn_up     sh=1  dim=4096  heads=16  hd=128 q_dim=2048  kv_heads=16  kv_dim=2048  o_dim=2048  ffn_dim=5504   seqlen=1026   qlen=1   cache=N lat=    0.011ms cycles≈10896
[pim-debug] op#10 op=SwiGLU   norm=silu       sh=1  dim=4096  heads=16  hd=128 q_dim=2048  kv_heads=16  kv_dim=2048  o_dim=2048  ffn_dim=5504   seqlen=1026   qlen=1   cache=N lat=    0.001ms cycles≈503
[pim-debug] op#11 op=FFN_W2   norm=ffn_down   sh=1  dim=4096  heads=16  hd=128 q_dim=2048  kv_heads=16  kv_dim=2048  o_dim=2048  ffn_dim=5504   seqlen=1026   qlen=1   cache=N lat=    0.011ms cycles≈11466
[pim-debug] segment total latency: 0.065 ms
========================================================================================
[pim-debug] segment_key=pim|decode|2|b4bc49a8c43c5edb372579946f21f917
[pim-debug] sig: device_type=pim phase=decode step=2 (count_hint=31)
[pim-debug] ops_repr: Q:0,K:0,V:0,QK:0,Softmax:0,SV:0,O:0,Add:-1,FFN_W1:0,FFN_W3:1,SwiGLU:0,FFN_W2:0,Add:-1
[pim-debug] cfg: shard_policy='fine' shards=2 dim=4096 ffn_dim=11008 n_heads=32 n_kv_heads=auto->n_heads
[pim-debug] pim_config=/lustre/home/2501111916/workspace/XPUPIM_0226_gpupim_parameter/TriForm/algorithms/aim_simulator/PIM_AiM.json
[pim-debug] ramulator_config=/lustre/home/2501111916/workspace/XPUPIM_0226_gpupim_parameter/TriForm/algorithms/aim_simulator/example.yaml
[pim-debug] cost_model config.PIM_FREQ_GHZ=1.0
[pim-debug] op plan (logical shapes inferred from schedule cfg):
  - op#00  op=Q        shard=0   x=[1x4096] + w=[2048x4096]  ->  y=[1x2048]  (T=1, K=1088)
  - op#01  op=K        shard=0   x=[1x4096] + w=[2048x4096]  ->  y=[1x2048]  (T=1, K=1088)
  - op#02  op=V        shard=0   x=[1x4096] + w=[2048x4096]  ->  y=[1x2048]  (T=1, K=1088)
  - op#03  op=QK       shard=0   q=[16x1x128] + k=[16x128x1088]  ->  y=[16x1x1088]  (T=1, K=1088)
  - op#04  op=Softmax  shard=0   scores=[16x1x1088]  ->  y=[16x1x1088]  (T=1, K=1088)
  - op#05  op=SV       shard=0   p=[16x1x1088] + v=[16x1088x128]  ->  y=[16x1x128]  (T=1, K=1088)
  - op#06  op=O        shard=0   x=[1x2048] + w=[4096x2048]  ->  y=[1x4096]  (T=1, K=1088)
  - op#07  op=Add      shard=-1  a=[1x4096] + b=[1x4096]  ->  y=[1x4096]  (T=1, K=1088)
  - op#08  op=FFN_W1   shard=0   x=[1x4096] + w=[5504x4096]  ->  y=[1x5504]  (T=1, K=1088)
  - op#09  op=FFN_W3   shard=1   x=[1x4096] + w=[5504x4096]  ->  y=[1x5504]  (T=1, K=1088)
  - op#10  op=SwiGLU   shard=0   a=[1x5504] + b=[1x5504]  ->  y=[1x5504]  (T=1, K=1088)
  - op#11  op=FFN_W2   shard=0   x=[1x5504] + w=[4096x5504]  ->  y=[1x4096]  (T=1, K=1088)
  - op#12  op=Add      shard=-1  a=[1x4096] + b=[1x4096]  ->  y=[1x4096]  (T=1, K=1088)
[pim-debug] NOTE: CENT(AiM) trace backend internally uses x shape (1,1,dim) and handles prefill by repeating ops;
           the table below shows the *effective parameters* passed into cost_model_pim_backend for each op.
[pim-debug] op#00 op=Q        norm=q_proj     sh=0  dim=4096  heads=16  hd=128 q_dim=2048  kv_heads=16  kv_dim=2048  o_dim=2048  ffn_dim=5504   seqlen=1088   qlen=1   cache=N lat=    0.004ms cycles≈4428
[pim-debug] op#01 op=K        norm=k_proj     sh=0  dim=4096  heads=16  hd=128 q_dim=2048  kv_heads=16  kv_dim=2048  o_dim=2048  ffn_dim=5504   seqlen=1088   qlen=1   cache=N lat=    0.004ms cycles≈4428
[pim-debug] op#02 op=V        norm=v_proj     sh=0  dim=4096  heads=16  hd=128 q_dim=2048  kv_heads=16  kv_dim=2048  o_dim=2048  ffn_dim=5504   seqlen=1088   qlen=1   cache=N lat=    0.004ms cycles≈4428
[pim-debug] op#03 op=QK       norm=score      sh=0  dim=4096  heads=16  hd=128 q_dim=2048  kv_heads=16  kv_dim=2048  o_dim=2048  ffn_dim=5504   seqlen=1088   qlen=1   cache=N lat=    0.005ms cycles≈5424
[pim-debug] op#04 op=Softmax  norm=softmax    sh=0  dim=4096  heads=16  hd=128 q_dim=2048  kv_heads=16  kv_dim=2048  o_dim=2048  ffn_dim=5504   seqlen=1088   qlen=1   cache=N lat=    0.004ms cycles≈4177
[pim-debug] op#05 op=SV       norm=output     sh=0  dim=4096  heads=16  hd=128 q_dim=2048  kv_heads=16  kv_dim=2048  o_dim=2048  ffn_dim=5504   seqlen=1088   qlen=1   cache=N lat=    0.004ms cycles≈3752
[pim-debug] op#06 op=O        norm=wo_proj    sh=0  dim=4096  heads=16  hd=128 q_dim=2048  kv_heads=16  kv_dim=2048  o_dim=2048  ffn_dim=5504   seqlen=1088   qlen=1   cache=N lat=    0.004ms cycles≈4062
[pim-debug] op#07 op=Add      norm=residual   sh=-1 dim=4096  heads=32  hd=128 q_dim=4096  kv_heads=32  kv_dim=4096  o_dim=4096  ffn_dim=11008  seqlen=1088   qlen=1   cache=N lat=    0.000ms cycles≈3
[pim-debug] op#08 op=FFN_W1   norm=ffn_gate   sh=0  dim=4096  heads=16  hd=128 q_dim=2048  kv_heads=16  kv_dim=2048  o_dim=2048  ffn_dim=5504   seqlen=1088   qlen=1   cache=N lat=    0.012ms cycles≈11708
[pim-debug] op#09 op=FFN_W3   norm=ffn_up     sh=1  dim=4096  heads=16  hd=128 q_dim=2048  kv_heads=16  kv_dim=2048  o_dim=2048  ffn_dim=5504   seqlen=1088   qlen=1   cache=N lat=    0.011ms cycles≈10896
[pim-debug] op#10 op=SwiGLU   norm=silu       sh=0  dim=4096  heads=16  hd=128 q_dim=2048  kv_heads=16  kv_dim=2048  o_dim=2048  ffn_dim=5504   seqlen=1088   qlen=1   cache=N lat=    0.001ms cycles≈503
[pim-debug] op#11 op=FFN_W2   norm=ffn_down   sh=0  dim=4096  heads=16  hd=128 q_dim=2048  kv_heads=16  kv_dim=2048  o_dim=2048  ffn_dim=5504   seqlen=1088   qlen=1   cache=N lat=    0.011ms cycles≈11466
[pim-debug] op#12 op=Add      norm=residual   sh=-1 dim=4096  heads=32  hd=128 q_dim=4096  kv_heads=32  kv_dim=4096  o_dim=4096  ffn_dim=11008  seqlen=1088   qlen=1   cache=N lat=    0.000ms cycles≈3
[pim-debug] segment total latency: 0.065 ms
========================================================================================
[pim-debug] segment_key=pim|decode|2|baff9c2d0f1f7dac9f2d74f4ecf92e61
[pim-debug] sig: device_type=pim phase=decode step=2 (count_hint=31)
[pim-debug] ops_repr: LN:-1,Q:1,K:1,V:1,QK:1,Softmax:1,SV:1,O:1,LN:-1,FFN_W3:0,FFN_W1:1,SwiGLU:1,FFN_W2:1
[pim-debug] cfg: shard_policy='fine' shards=2 dim=4096 ffn_dim=11008 n_heads=32 n_kv_heads=auto->n_heads
[pim-debug] pim_config=/lustre/home/2501111916/workspace/XPUPIM_0226_gpupim_parameter/TriForm/algorithms/aim_simulator/PIM_AiM.json
[pim-debug] ramulator_config=/lustre/home/2501111916/workspace/XPUPIM_0226_gpupim_parameter/TriForm/algorithms/aim_simulator/example.yaml
[pim-debug] cost_model config.PIM_FREQ_GHZ=1.0
[pim-debug] op plan (logical shapes inferred from schedule cfg):
  - op#00  op=LN       shard=-1  x=[1x4096] + w=[4096]  ->  y=[1x4096]  (T=1, K=1088)
  - op#01  op=Q        shard=1   x=[1x4096] + w=[2048x4096]  ->  y=[1x2048]  (T=1, K=1088)
  - op#02  op=K        shard=1   x=[1x4096] + w=[2048x4096]  ->  y=[1x2048]  (T=1, K=1088)
  - op#03  op=V        shard=1   x=[1x4096] + w=[2048x4096]  ->  y=[1x2048]  (T=1, K=1088)
  - op#04  op=QK       shard=1   q=[16x1x128] + k=[16x128x1088]  ->  y=[16x1x1088]  (T=1, K=1088)
  - op#05  op=Softmax  shard=1   scores=[16x1x1088]  ->  y=[16x1x1088]  (T=1, K=1088)
  - op#06  op=SV       shard=1   p=[16x1x1088] + v=[16x1088x128]  ->  y=[16x1x128]  (T=1, K=1088)
  - op#07  op=O        shard=1   x=[1x2048] + w=[4096x2048]  ->  y=[1x4096]  (T=1, K=1088)
  - op#08  op=LN       shard=-1  x=[1x4096] + w=[4096]  ->  y=[1x4096]  (T=1, K=1088)
  - op#09  op=FFN_W3   shard=0   x=[1x4096] + w=[5504x4096]  ->  y=[1x5504]  (T=1, K=1088)
  - op#10  op=FFN_W1   shard=1   x=[1x4096] + w=[5504x4096]  ->  y=[1x5504]  (T=1, K=1088)
  - op#11  op=SwiGLU   shard=1   a=[1x5504] + b=[1x5504]  ->  y=[1x5504]  (T=1, K=1088)
  - op#12  op=FFN_W2   shard=1   x=[1x5504] + w=[4096x5504]  ->  y=[1x4096]  (T=1, K=1088)
[pim-debug] NOTE: CENT(AiM) trace backend internally uses x shape (1,1,dim) and handles prefill by repeating ops;
           the table below shows the *effective parameters* passed into cost_model_pim_backend for each op.
[pim-debug] op#00 op=LN       norm=rmsnorm    sh=-1 dim=4096  heads=32  hd=128 q_dim=4096  kv_heads=32  kv_dim=4096  o_dim=4096  ffn_dim=11008  seqlen=1088   qlen=1   cache=N lat=    0.001ms cycles≈1314
[pim-debug] op#01 op=Q        norm=q_proj     sh=1  dim=4096  heads=16  hd=128 q_dim=2048  kv_heads=16  kv_dim=2048  o_dim=2048  ffn_dim=5504   seqlen=1088   qlen=1   cache=N lat=    0.004ms cycles≈4428
[pim-debug] op#02 op=K        norm=k_proj     sh=1  dim=4096  heads=16  hd=128 q_dim=2048  kv_heads=16  kv_dim=2048  o_dim=2048  ffn_dim=5504   seqlen=1088   qlen=1   cache=N lat=    0.004ms cycles≈4428
[pim-debug] op#03 op=V        norm=v_proj     sh=1  dim=4096  heads=16  hd=128 q_dim=2048  kv_heads=16  kv_dim=2048  o_dim=2048  ffn_dim=5504   seqlen=1088   qlen=1   cache=N lat=    0.004ms cycles≈4428
[pim-debug] op#04 op=QK       norm=score      sh=1  dim=4096  heads=16  hd=128 q_dim=2048  kv_heads=16  kv_dim=2048  o_dim=2048  ffn_dim=5504   seqlen=1088   qlen=1   cache=N lat=    0.005ms cycles≈5424
[pim-debug] op#05 op=Softmax  norm=softmax    sh=1  dim=4096  heads=16  hd=128 q_dim=2048  kv_heads=16  kv_dim=2048  o_dim=2048  ffn_dim=5504   seqlen=1088   qlen=1   cache=N lat=    0.004ms cycles≈4177
[pim-debug] op#06 op=SV       norm=output     sh=1  dim=4096  heads=16  hd=128 q_dim=2048  kv_heads=16  kv_dim=2048  o_dim=2048  ffn_dim=5504   seqlen=1088   qlen=1   cache=N lat=    0.004ms cycles≈3752
[pim-debug] op#07 op=O        norm=wo_proj    sh=1  dim=4096  heads=16  hd=128 q_dim=2048  kv_heads=16  kv_dim=2048  o_dim=2048  ffn_dim=5504   seqlen=1088   qlen=1   cache=N lat=    0.004ms cycles≈4062
[pim-debug] op#08 op=LN       norm=rmsnorm    sh=-1 dim=4096  heads=32  hd=128 q_dim=4096  kv_heads=32  kv_dim=4096  o_dim=4096  ffn_dim=11008  seqlen=1088   qlen=1   cache=N lat=    0.001ms cycles≈1314
[pim-debug] op#09 op=FFN_W3   norm=ffn_up     sh=0  dim=4096  heads=16  hd=128 q_dim=2048  kv_heads=16  kv_dim=2048  o_dim=2048  ffn_dim=5504   seqlen=1088   qlen=1   cache=N lat=    0.011ms cycles≈10896
[pim-debug] op#10 op=FFN_W1   norm=ffn_gate   sh=1  dim=4096  heads=16  hd=128 q_dim=2048  kv_heads=16  kv_dim=2048  o_dim=2048  ffn_dim=5504   seqlen=1088   qlen=1   cache=N lat=    0.012ms cycles≈11708
[pim-debug] op#11 op=SwiGLU   norm=silu       sh=1  dim=4096  heads=16  hd=128 q_dim=2048  kv_heads=16  kv_dim=2048  o_dim=2048  ffn_dim=5504   seqlen=1088   qlen=1   cache=N lat=    0.001ms cycles≈503
[pim-debug] op#12 op=FFN_W2   norm=ffn_down   sh=1  dim=4096  heads=16  hd=128 q_dim=2048  kv_heads=16  kv_dim=2048  o_dim=2048  ffn_dim=5504   seqlen=1088   qlen=1   cache=N lat=    0.011ms cycles≈11466
[pim-debug] segment total latency: 0.068 ms
========================================================================================
[pim-debug] segment_key=pim|decode|2|dfde0414e64cddd2624b90d983c73dcb
[pim-debug] sig: device_type=pim phase=decode step=2 (count_hint=1)
[pim-debug] ops_repr: LN:-1,K:0,V:0,QK:0,Softmax:0,SV:0,O:0,O:1,LN:-1,FFN_W3:0,FFN_W1:1,SwiGLU:0,FFN_W2:0,Add:-1
[pim-debug] cfg: shard_policy='fine' shards=2 dim=4096 ffn_dim=11008 n_heads=32 n_kv_heads=auto->n_heads
[pim-debug] pim_config=/lustre/home/2501111916/workspace/XPUPIM_0226_gpupim_parameter/TriForm/algorithms/aim_simulator/PIM_AiM.json
[pim-debug] ramulator_config=/lustre/home/2501111916/workspace/XPUPIM_0226_gpupim_parameter/TriForm/algorithms/aim_simulator/example.yaml
[pim-debug] cost_model config.PIM_FREQ_GHZ=1.0
[pim-debug] op plan (logical shapes inferred from schedule cfg):
  - op#00  op=LN       shard=-1  x=[1x4096] + w=[4096]  ->  y=[1x4096]  (T=1, K=1088)
  - op#01  op=K        shard=0   x=[1x4096] + w=[2048x4096]  ->  y=[1x2048]  (T=1, K=1088)
  - op#02  op=V        shard=0   x=[1x4096] + w=[2048x4096]  ->  y=[1x2048]  (T=1, K=1088)
  - op#03  op=QK       shard=0   q=[16x1x128] + k=[16x128x1088]  ->  y=[16x1x1088]  (T=1, K=1088)
  - op#04  op=Softmax  shard=0   scores=[16x1x1088]  ->  y=[16x1x1088]  (T=1, K=1088)
  - op#05  op=SV       shard=0   p=[16x1x1088] + v=[16x1088x128]  ->  y=[16x1x128]  (T=1, K=1088)
  - op#06  op=O        shard=0   x=[1x2048] + w=[4096x2048]  ->  y=[1x4096]  (T=1, K=1088)
  - op#07  op=O        shard=1   x=[1x2048] + w=[4096x2048]  ->  y=[1x4096]  (T=1, K=1088)
  - op#08  op=LN       shard=-1  x=[1x4096] + w=[4096]  ->  y=[1x4096]  (T=1, K=1088)
  - op#09  op=FFN_W3   shard=0   x=[1x4096] + w=[5504x4096]  ->  y=[1x5504]  (T=1, K=1088)
  - op#10  op=FFN_W1   shard=1   x=[1x4096] + w=[5504x4096]  ->  y=[1x5504]  (T=1, K=1088)
  - op#11  op=SwiGLU   shard=0   a=[1x5504] + b=[1x5504]  ->  y=[1x5504]  (T=1, K=1088)
  - op#12  op=FFN_W2   shard=0   x=[1x5504] + w=[4096x5504]  ->  y=[1x4096]  (T=1, K=1088)
  - op#13  op=Add      shard=-1  a=[1x4096] + b=[1x4096]  ->  y=[1x4096]  (T=1, K=1088)
[pim-debug] NOTE: CENT(AiM) trace backend internally uses x shape (1,1,dim) and handles prefill by repeating ops;
           the table below shows the *effective parameters* passed into cost_model_pim_backend for each op.
[pim-debug] op#00 op=LN       norm=rmsnorm    sh=-1 dim=4096  heads=32  hd=128 q_dim=4096  kv_heads=32  kv_dim=4096  o_dim=4096  ffn_dim=11008  seqlen=1088   qlen=1   cache=N lat=    0.001ms cycles≈1314
[pim-debug] op#01 op=K        norm=k_proj     sh=0  dim=4096  heads=16  hd=128 q_dim=2048  kv_heads=16  kv_dim=2048  o_dim=2048  ffn_dim=5504   seqlen=1088   qlen=1   cache=N lat=    0.004ms cycles≈4428
[pim-debug] op#02 op=V        norm=v_proj     sh=0  dim=4096  heads=16  hd=128 q_dim=2048  kv_heads=16  kv_dim=2048  o_dim=2048  ffn_dim=5504   seqlen=1088   qlen=1   cache=N lat=    0.004ms cycles≈4428
[pim-debug] op#03 op=QK       norm=score      sh=0  dim=4096  heads=16  hd=128 q_dim=2048  kv_heads=16  kv_dim=2048  o_dim=2048  ffn_dim=5504   seqlen=1088   qlen=1   cache=N lat=    0.005ms cycles≈5424
[pim-debug] op#04 op=Softmax  norm=softmax    sh=0  dim=4096  heads=16  hd=128 q_dim=2048  kv_heads=16  kv_dim=2048  o_dim=2048  ffn_dim=5504   seqlen=1088   qlen=1   cache=N lat=    0.004ms cycles≈4177
[pim-debug] op#05 op=SV       norm=output     sh=0  dim=4096  heads=16  hd=128 q_dim=2048  kv_heads=16  kv_dim=2048  o_dim=2048  ffn_dim=5504   seqlen=1088   qlen=1   cache=N lat=    0.004ms cycles≈3752
[pim-debug] op#06 op=O        norm=wo_proj    sh=0  dim=4096  heads=16  hd=128 q_dim=2048  kv_heads=16  kv_dim=2048  o_dim=2048  ffn_dim=5504   seqlen=1088   qlen=1   cache=N lat=    0.004ms cycles≈4062
[pim-debug] op#07 op=O        norm=wo_proj    sh=1  dim=4096  heads=16  hd=128 q_dim=2048  kv_heads=16  kv_dim=2048  o_dim=2048  ffn_dim=5504   seqlen=1088   qlen=1   cache=N lat=    0.004ms cycles≈4062
[pim-debug] op#08 op=LN       norm=rmsnorm    sh=-1 dim=4096  heads=32  hd=128 q_dim=4096  kv_heads=32  kv_dim=4096  o_dim=4096  ffn_dim=11008  seqlen=1088   qlen=1   cache=N lat=    0.001ms cycles≈1314
[pim-debug] op#09 op=FFN_W3   norm=ffn_up     sh=0  dim=4096  heads=16  hd=128 q_dim=2048  kv_heads=16  kv_dim=2048  o_dim=2048  ffn_dim=5504   seqlen=1088   qlen=1   cache=N lat=    0.011ms cycles≈10896
[pim-debug] op#10 op=FFN_W1   norm=ffn_gate   sh=1  dim=4096  heads=16  hd=128 q_dim=2048  kv_heads=16  kv_dim=2048  o_dim=2048  ffn_dim=5504   seqlen=1088   qlen=1   cache=N lat=    0.012ms cycles≈11708
[pim-debug] op#11 op=SwiGLU   norm=silu       sh=0  dim=4096  heads=16  hd=128 q_dim=2048  kv_heads=16  kv_dim=2048  o_dim=2048  ffn_dim=5504   seqlen=1088   qlen=1   cache=N lat=    0.001ms cycles≈503
[pim-debug] op#12 op=FFN_W2   norm=ffn_down   sh=0  dim=4096  heads=16  hd=128 q_dim=2048  kv_heads=16  kv_dim=2048  o_dim=2048  ffn_dim=5504   seqlen=1088   qlen=1   cache=N lat=    0.011ms cycles≈11466
[pim-debug] op#13 op=Add      norm=residual   sh=-1 dim=4096  heads=32  hd=128 q_dim=4096  kv_heads=32  kv_dim=4096  o_dim=4096  ffn_dim=11008  seqlen=1088   qlen=1   cache=N lat=    0.000ms cycles≈3
[pim-debug] segment total latency: 0.068 ms
========================================================================================
[pim-debug] segment_key=pim|decode|2|f9376ad5e0c83bcdbc006c3cfc9c65e3
[pim-debug] sig: device_type=pim phase=decode step=2 (count_hint=1)
[pim-debug] ops_repr: Q:0,Q:1,K:1,V:1,QK:1,Softmax:1,SV:1,Add:-1,FFN_W1:0,FFN_W3:1,SwiGLU:1,FFN_W2:1
[pim-debug] cfg: shard_policy='fine' shards=2 dim=4096 ffn_dim=11008 n_heads=32 n_kv_heads=auto->n_heads
[pim-debug] pim_config=/lustre/home/2501111916/workspace/XPUPIM_0226_gpupim_parameter/TriForm/algorithms/aim_simulator/PIM_AiM.json
[pim-debug] ramulator_config=/lustre/home/2501111916/workspace/XPUPIM_0226_gpupim_parameter/TriForm/algorithms/aim_simulator/example.yaml
[pim-debug] cost_model config.PIM_FREQ_GHZ=1.0
[pim-debug] op plan (logical shapes inferred from schedule cfg):
  - op#00  op=Q        shard=0   x=[1x4096] + w=[2048x4096]  ->  y=[1x2048]  (T=1, K=1088)
  - op#01  op=Q        shard=1   x=[1x4096] + w=[2048x4096]  ->  y=[1x2048]  (T=1, K=1088)
  - op#02  op=K        shard=1   x=[1x4096] + w=[2048x4096]  ->  y=[1x2048]  (T=1, K=1088)
  - op#03  op=V        shard=1   x=[1x4096] + w=[2048x4096]  ->  y=[1x2048]  (T=1, K=1088)
  - op#04  op=QK       shard=1   q=[16x1x128] + k=[16x128x1088]  ->  y=[16x1x1088]  (T=1, K=1088)
  - op#05  op=Softmax  shard=1   scores=[16x1x1088]  ->  y=[16x1x1088]  (T=1, K=1088)
  - op#06  op=SV       shard=1   p=[16x1x1088] + v=[16x1088x128]  ->  y=[16x1x128]  (T=1, K=1088)
  - op#07  op=Add      shard=-1  a=[1x4096] + b=[1x4096]  ->  y=[1x4096]  (T=1, K=1088)
  - op#08  op=FFN_W1   shard=0   x=[1x4096] + w=[5504x4096]  ->  y=[1x5504]  (T=1, K=1088)
  - op#09  op=FFN_W3   shard=1   x=[1x4096] + w=[5504x4096]  ->  y=[1x5504]  (T=1, K=1088)
  - op#10  op=SwiGLU   shard=1   a=[1x5504] + b=[1x5504]  ->  y=[1x5504]  (T=1, K=1088)
  - op#11  op=FFN_W2   shard=1   x=[1x5504] + w=[4096x5504]  ->  y=[1x4096]  (T=1, K=1088)
[pim-debug] NOTE: CENT(AiM) trace backend internally uses x shape (1,1,dim) and handles prefill by repeating ops;
           the table below shows the *effective parameters* passed into cost_model_pim_backend for each op.
[pim-debug] op#00 op=Q        norm=q_proj     sh=0  dim=4096  heads=16  hd=128 q_dim=2048  kv_heads=16  kv_dim=2048  o_dim=2048  ffn_dim=5504   seqlen=1088   qlen=1   cache=N lat=    0.004ms cycles≈4428
[pim-debug] op#01 op=Q        norm=q_proj     sh=1  dim=4096  heads=16  hd=128 q_dim=2048  kv_heads=16  kv_dim=2048  o_dim=2048  ffn_dim=5504   seqlen=1088   qlen=1   cache=N lat=    0.004ms cycles≈4428
[pim-debug] op#02 op=K        norm=k_proj     sh=1  dim=4096  heads=16  hd=128 q_dim=2048  kv_heads=16  kv_dim=2048  o_dim=2048  ffn_dim=5504   seqlen=1088   qlen=1   cache=N lat=    0.004ms cycles≈4428
[pim-debug] op#03 op=V        norm=v_proj     sh=1  dim=4096  heads=16  hd=128 q_dim=2048  kv_heads=16  kv_dim=2048  o_dim=2048  ffn_dim=5504   seqlen=1088   qlen=1   cache=N lat=    0.004ms cycles≈4428
[pim-debug] op#04 op=QK       norm=score      sh=1  dim=4096  heads=16  hd=128 q_dim=2048  kv_heads=16  kv_dim=2048  o_dim=2048  ffn_dim=5504   seqlen=1088   qlen=1   cache=N lat=    0.005ms cycles≈5424
[pim-debug] op#05 op=Softmax  norm=softmax    sh=1  dim=4096  heads=16  hd=128 q_dim=2048  kv_heads=16  kv_dim=2048  o_dim=2048  ffn_dim=5504   seqlen=1088   qlen=1   cache=N lat=    0.004ms cycles≈4177
[pim-debug] op#06 op=SV       norm=output     sh=1  dim=4096  heads=16  hd=128 q_dim=2048  kv_heads=16  kv_dim=2048  o_dim=2048  ffn_dim=5504   seqlen=1088   qlen=1   cache=N lat=    0.004ms cycles≈3752
[pim-debug] op#07 op=Add      norm=residual   sh=-1 dim=4096  heads=32  hd=128 q_dim=4096  kv_heads=32  kv_dim=4096  o_dim=4096  ffn_dim=11008  seqlen=1088   qlen=1   cache=N lat=    0.000ms cycles≈3
[pim-debug] op#08 op=FFN_W1   norm=ffn_gate   sh=0  dim=4096  heads=16  hd=128 q_dim=2048  kv_heads=16  kv_dim=2048  o_dim=2048  ffn_dim=5504   seqlen=1088   qlen=1   cache=N lat=    0.012ms cycles≈11708
[pim-debug] op#09 op=FFN_W3   norm=ffn_up     sh=1  dim=4096  heads=16  hd=128 q_dim=2048  kv_heads=16  kv_dim=2048  o_dim=2048  ffn_dim=5504   seqlen=1088   qlen=1   cache=N lat=    0.011ms cycles≈10896
[pim-debug] op#10 op=SwiGLU   norm=silu       sh=1  dim=4096  heads=16  hd=128 q_dim=2048  kv_heads=16  kv_dim=2048  o_dim=2048  ffn_dim=5504   seqlen=1088   qlen=1   cache=N lat=    0.001ms cycles≈503
[pim-debug] op#11 op=FFN_W2   norm=ffn_down   sh=1  dim=4096  heads=16  hd=128 q_dim=2048  kv_heads=16  kv_dim=2048  o_dim=2048  ffn_dim=5504   seqlen=1088   qlen=1   cache=N lat=    0.011ms cycles≈11466
[pim-debug] segment total latency: 0.066 ms
========================================================================================
[pim-debug] segment_key=pim|decode|3|b4bc49a8c43c5edb372579946f21f917
[pim-debug] sig: device_type=pim phase=decode step=3 (count_hint=31)
[pim-debug] ops_repr: Q:0,K:0,V:0,QK:0,Softmax:0,SV:0,O:0,Add:-1,FFN_W1:0,FFN_W3:1,SwiGLU:0,FFN_W2:0,Add:-1
[pim-debug] cfg: shard_policy='fine' shards=2 dim=4096 ffn_dim=11008 n_heads=32 n_kv_heads=auto->n_heads
[pim-debug] pim_config=/lustre/home/2501111916/workspace/XPUPIM_0226_gpupim_parameter/TriForm/algorithms/aim_simulator/PIM_AiM.json
[pim-debug] ramulator_config=/lustre/home/2501111916/workspace/XPUPIM_0226_gpupim_parameter/TriForm/algorithms/aim_simulator/example.yaml
[pim-debug] cost_model config.PIM_FREQ_GHZ=1.0
[pim-debug] op plan (logical shapes inferred from schedule cfg):
  - op#00  op=Q        shard=0   x=[1x4096] + w=[2048x4096]  ->  y=[1x2048]  (T=1, K=1152)
  - op#01  op=K        shard=0   x=[1x4096] + w=[2048x4096]  ->  y=[1x2048]  (T=1, K=1152)
  - op#02  op=V        shard=0   x=[1x4096] + w=[2048x4096]  ->  y=[1x2048]  (T=1, K=1152)
  - op#03  op=QK       shard=0   q=[16x1x128] + k=[16x128x1152]  ->  y=[16x1x1152]  (T=1, K=1152)
  - op#04  op=Softmax  shard=0   scores=[16x1x1152]  ->  y=[16x1x1152]  (T=1, K=1152)
  - op#05  op=SV       shard=0   p=[16x1x1152] + v=[16x1152x128]  ->  y=[16x1x128]  (T=1, K=1152)
  - op#06  op=O        shard=0   x=[1x2048] + w=[4096x2048]  ->  y=[1x4096]  (T=1, K=1152)
  - op#07  op=Add      shard=-1  a=[1x4096] + b=[1x4096]  ->  y=[1x4096]  (T=1, K=1152)
  - op#08  op=FFN_W1   shard=0   x=[1x4096] + w=[5504x4096]  ->  y=[1x5504]  (T=1, K=1152)
  - op#09  op=FFN_W3   shard=1   x=[1x4096] + w=[5504x4096]  ->  y=[1x5504]  (T=1, K=1152)
  - op#10  op=SwiGLU   shard=0   a=[1x5504] + b=[1x5504]  ->  y=[1x5504]  (T=1, K=1152)
  - op#11  op=FFN_W2   shard=0   x=[1x5504] + w=[4096x5504]  ->  y=[1x4096]  (T=1, K=1152)
  - op#12  op=Add      shard=-1  a=[1x4096] + b=[1x4096]  ->  y=[1x4096]  (T=1, K=1152)
[pim-debug] NOTE: CENT(AiM) trace backend internally uses x shape (1,1,dim) and handles prefill by repeating ops;
           the table below shows the *effective parameters* passed into cost_model_pim_backend for each op.
[pim-debug] op#00 op=Q        norm=q_proj     sh=0  dim=4096  heads=16  hd=128 q_dim=2048  kv_heads=16  kv_dim=2048  o_dim=2048  ffn_dim=5504   seqlen=1152   qlen=1   cache=N lat=    0.004ms cycles≈4428
[pim-debug] op#01 op=K        norm=k_proj     sh=0  dim=4096  heads=16  hd=128 q_dim=2048  kv_heads=16  kv_dim=2048  o_dim=2048  ffn_dim=5504   seqlen=1152   qlen=1   cache=N lat=    0.004ms cycles≈4428
[pim-debug] op#02 op=V        norm=v_proj     sh=0  dim=4096  heads=16  hd=128 q_dim=2048  kv_heads=16  kv_dim=2048  o_dim=2048  ffn_dim=5504   seqlen=1152   qlen=1   cache=N lat=    0.004ms cycles≈4428
[pim-debug] op#03 op=QK       norm=score      sh=0  dim=4096  heads=16  hd=128 q_dim=2048  kv_heads=16  kv_dim=2048  o_dim=2048  ffn_dim=5504   seqlen=1152   qlen=1   cache=N lat=    0.005ms cycles≈5424
[pim-debug] op#04 op=Softmax  norm=softmax    sh=0  dim=4096  heads=16  hd=128 q_dim=2048  kv_heads=16  kv_dim=2048  o_dim=2048  ffn_dim=5504   seqlen=1152   qlen=1   cache=N lat=    0.004ms cycles≈4242
[pim-debug] op#05 op=SV       norm=output     sh=0  dim=4096  heads=16  hd=128 q_dim=2048  kv_heads=16  kv_dim=2048  o_dim=2048  ffn_dim=5504   seqlen=1152   qlen=1   cache=N lat=    0.004ms cycles≈3824
[pim-debug] op#06 op=O        norm=wo_proj    sh=0  dim=4096  heads=16  hd=128 q_dim=2048  kv_heads=16  kv_dim=2048  o_dim=2048  ffn_dim=5504   seqlen=1152   qlen=1   cache=N lat=    0.004ms cycles≈4062
[pim-debug] op#07 op=Add      norm=residual   sh=-1 dim=4096  heads=32  hd=128 q_dim=4096  kv_heads=32  kv_dim=4096  o_dim=4096  ffn_dim=11008  seqlen=1152   qlen=1   cache=N lat=    0.000ms cycles≈3
[pim-debug] op#08 op=FFN_W1   norm=ffn_gate   sh=0  dim=4096  heads=16  hd=128 q_dim=2048  kv_heads=16  kv_dim=2048  o_dim=2048  ffn_dim=5504   seqlen=1152   qlen=1   cache=N lat=    0.012ms cycles≈11708
[pim-debug] op#09 op=FFN_W3   norm=ffn_up     sh=1  dim=4096  heads=16  hd=128 q_dim=2048  kv_heads=16  kv_dim=2048  o_dim=2048  ffn_dim=5504   seqlen=1152   qlen=1   cache=N lat=    0.011ms cycles≈10896
[pim-debug] op#10 op=SwiGLU   norm=silu       sh=0  dim=4096  heads=16  hd=128 q_dim=2048  kv_heads=16  kv_dim=2048  o_dim=2048  ffn_dim=5504   seqlen=1152   qlen=1   cache=N lat=    0.001ms cycles≈503
[pim-debug] op#11 op=FFN_W2   norm=ffn_down   sh=0  dim=4096  heads=16  hd=128 q_dim=2048  kv_heads=16  kv_dim=2048  o_dim=2048  ffn_dim=5504   seqlen=1152   qlen=1   cache=N lat=    0.011ms cycles≈11466
[pim-debug] op#12 op=Add      norm=residual   sh=-1 dim=4096  heads=32  hd=128 q_dim=4096  kv_heads=32  kv_dim=4096  o_dim=4096  ffn_dim=11008  seqlen=1152   qlen=1   cache=N lat=    0.000ms cycles≈3
[pim-debug] segment total latency: 0.065 ms
========================================================================================
[pim-debug] segment_key=pim|decode|3|baff9c2d0f1f7dac9f2d74f4ecf92e61
[pim-debug] sig: device_type=pim phase=decode step=3 (count_hint=31)
[pim-debug] ops_repr: LN:-1,Q:1,K:1,V:1,QK:1,Softmax:1,SV:1,O:1,LN:-1,FFN_W3:0,FFN_W1:1,SwiGLU:1,FFN_W2:1
[pim-debug] cfg: shard_policy='fine' shards=2 dim=4096 ffn_dim=11008 n_heads=32 n_kv_heads=auto->n_heads
[pim-debug] pim_config=/lustre/home/2501111916/workspace/XPUPIM_0226_gpupim_parameter/TriForm/algorithms/aim_simulator/PIM_AiM.json
[pim-debug] ramulator_config=/lustre/home/2501111916/workspace/XPUPIM_0226_gpupim_parameter/TriForm/algorithms/aim_simulator/example.yaml
[pim-debug] cost_model config.PIM_FREQ_GHZ=1.0
[pim-debug] op plan (logical shapes inferred from schedule cfg):
  - op#00  op=LN       shard=-1  x=[1x4096] + w=[4096]  ->  y=[1x4096]  (T=1, K=1152)
  - op#01  op=Q        shard=1   x=[1x4096] + w=[2048x4096]  ->  y=[1x2048]  (T=1, K=1152)
  - op#02  op=K        shard=1   x=[1x4096] + w=[2048x4096]  ->  y=[1x2048]  (T=1, K=1152)
  - op#03  op=V        shard=1   x=[1x4096] + w=[2048x4096]  ->  y=[1x2048]  (T=1, K=1152)
  - op#04  op=QK       shard=1   q=[16x1x128] + k=[16x128x1152]  ->  y=[16x1x1152]  (T=1, K=1152)
  - op#05  op=Softmax  shard=1   scores=[16x1x1152]  ->  y=[16x1x1152]  (T=1, K=1152)
  - op#06  op=SV       shard=1   p=[16x1x1152] + v=[16x1152x128]  ->  y=[16x1x128]  (T=1, K=1152)
  - op#07  op=O        shard=1   x=[1x2048] + w=[4096x2048]  ->  y=[1x4096]  (T=1, K=1152)
  - op#08  op=LN       shard=-1  x=[1x4096] + w=[4096]  ->  y=[1x4096]  (T=1, K=1152)
  - op#09  op=FFN_W3   shard=0   x=[1x4096] + w=[5504x4096]  ->  y=[1x5504]  (T=1, K=1152)
  - op#10  op=FFN_W1   shard=1   x=[1x4096] + w=[5504x4096]  ->  y=[1x5504]  (T=1, K=1152)
  - op#11  op=SwiGLU   shard=1   a=[1x5504] + b=[1x5504]  ->  y=[1x5504]  (T=1, K=1152)
  - op#12  op=FFN_W2   shard=1   x=[1x5504] + w=[4096x5504]  ->  y=[1x4096]  (T=1, K=1152)
[pim-debug] NOTE: CENT(AiM) trace backend internally uses x shape (1,1,dim) and handles prefill by repeating ops;
           the table below shows the *effective parameters* passed into cost_model_pim_backend for each op.
[pim-debug] op#00 op=LN       norm=rmsnorm    sh=-1 dim=4096  heads=32  hd=128 q_dim=4096  kv_heads=32  kv_dim=4096  o_dim=4096  ffn_dim=11008  seqlen=1152   qlen=1   cache=N lat=    0.001ms cycles≈1314
[pim-debug] op#01 op=Q        norm=q_proj     sh=1  dim=4096  heads=16  hd=128 q_dim=2048  kv_heads=16  kv_dim=2048  o_dim=2048  ffn_dim=5504   seqlen=1152   qlen=1   cache=N lat=    0.004ms cycles≈4428
[pim-debug] op#02 op=K        norm=k_proj     sh=1  dim=4096  heads=16  hd=128 q_dim=2048  kv_heads=16  kv_dim=2048  o_dim=2048  ffn_dim=5504   seqlen=1152   qlen=1   cache=N lat=    0.004ms cycles≈4428
[pim-debug] op#03 op=V        norm=v_proj     sh=1  dim=4096  heads=16  hd=128 q_dim=2048  kv_heads=16  kv_dim=2048  o_dim=2048  ffn_dim=5504   seqlen=1152   qlen=1   cache=N lat=    0.004ms cycles≈4428
[pim-debug] op#04 op=QK       norm=score      sh=1  dim=4096  heads=16  hd=128 q_dim=2048  kv_heads=16  kv_dim=2048  o_dim=2048  ffn_dim=5504   seqlen=1152   qlen=1   cache=N lat=    0.005ms cycles≈5424
[pim-debug] op#05 op=Softmax  norm=softmax    sh=1  dim=4096  heads=16  hd=128 q_dim=2048  kv_heads=16  kv_dim=2048  o_dim=2048  ffn_dim=5504   seqlen=1152   qlen=1   cache=N lat=    0.004ms cycles≈4242
[pim-debug] op#06 op=SV       norm=output     sh=1  dim=4096  heads=16  hd=128 q_dim=2048  kv_heads=16  kv_dim=2048  o_dim=2048  ffn_dim=5504   seqlen=1152   qlen=1   cache=N lat=    0.004ms cycles≈3824
[pim-debug] op#07 op=O        norm=wo_proj    sh=1  dim=4096  heads=16  hd=128 q_dim=2048  kv_heads=16  kv_dim=2048  o_dim=2048  ffn_dim=5504   seqlen=1152   qlen=1   cache=N lat=    0.004ms cycles≈4062
[pim-debug] op#08 op=LN       norm=rmsnorm    sh=-1 dim=4096  heads=32  hd=128 q_dim=4096  kv_heads=32  kv_dim=4096  o_dim=4096  ffn_dim=11008  seqlen=1152   qlen=1   cache=N lat=    0.001ms cycles≈1314
[pim-debug] op#09 op=FFN_W3   norm=ffn_up     sh=0  dim=4096  heads=16  hd=128 q_dim=2048  kv_heads=16  kv_dim=2048  o_dim=2048  ffn_dim=5504   seqlen=1152   qlen=1   cache=N lat=    0.011ms cycles≈10896
[pim-debug] op#10 op=FFN_W1   norm=ffn_gate   sh=1  dim=4096  heads=16  hd=128 q_dim=2048  kv_heads=16  kv_dim=2048  o_dim=2048  ffn_dim=5504   seqlen=1152   qlen=1   cache=N lat=    0.012ms cycles≈11708
[pim-debug] op#11 op=SwiGLU   norm=silu       sh=1  dim=4096  heads=16  hd=128 q_dim=2048  kv_heads=16  kv_dim=2048  o_dim=2048  ffn_dim=5504   seqlen=1152   qlen=1   cache=N lat=    0.001ms cycles≈503
[pim-debug] op#12 op=FFN_W2   norm=ffn_down   sh=1  dim=4096  heads=16  hd=128 q_dim=2048  kv_heads=16  kv_dim=2048  o_dim=2048  ffn_dim=5504   seqlen=1152   qlen=1   cache=N lat=    0.011ms cycles≈11466
[pim-debug] segment total latency: 0.068 ms
========================================================================================
[pim-debug] segment_key=pim|decode|3|dfde0414e64cddd2624b90d983c73dcb
[pim-debug] sig: device_type=pim phase=decode step=3 (count_hint=1)
[pim-debug] ops_repr: LN:-1,K:0,V:0,QK:0,Softmax:0,SV:0,O:0,O:1,LN:-1,FFN_W3:0,FFN_W1:1,SwiGLU:0,FFN_W2:0,Add:-1
[pim-debug] cfg: shard_policy='fine' shards=2 dim=4096 ffn_dim=11008 n_heads=32 n_kv_heads=auto->n_heads
[pim-debug] pim_config=/lustre/home/2501111916/workspace/XPUPIM_0226_gpupim_parameter/TriForm/algorithms/aim_simulator/PIM_AiM.json
[pim-debug] ramulator_config=/lustre/home/2501111916/workspace/XPUPIM_0226_gpupim_parameter/TriForm/algorithms/aim_simulator/example.yaml
[pim-debug] cost_model config.PIM_FREQ_GHZ=1.0
[pim-debug] op plan (logical shapes inferred from schedule cfg):
  - op#00  op=LN       shard=-1  x=[1x4096] + w=[4096]  ->  y=[1x4096]  (T=1, K=1152)
  - op#01  op=K        shard=0   x=[1x4096] + w=[2048x4096]  ->  y=[1x2048]  (T=1, K=1152)
  - op#02  op=V        shard=0   x=[1x4096] + w=[2048x4096]  ->  y=[1x2048]  (T=1, K=1152)
  - op#03  op=QK       shard=0   q=[16x1x128] + k=[16x128x1152]  ->  y=[16x1x1152]  (T=1, K=1152)
  - op#04  op=Softmax  shard=0   scores=[16x1x1152]  ->  y=[16x1x1152]  (T=1, K=1152)
  - op#05  op=SV       shard=0   p=[16x1x1152] + v=[16x1152x128]  ->  y=[16x1x128]  (T=1, K=1152)
  - op#06  op=O        shard=0   x=[1x2048] + w=[4096x2048]  ->  y=[1x4096]  (T=1, K=1152)
  - op#07  op=O        shard=1   x=[1x2048] + w=[4096x2048]  ->  y=[1x4096]  (T=1, K=1152)
  - op#08  op=LN       shard=-1  x=[1x4096] + w=[4096]  ->  y=[1x4096]  (T=1, K=1152)
  - op#09  op=FFN_W3   shard=0   x=[1x4096] + w=[5504x4096]  ->  y=[1x5504]  (T=1, K=1152)
  - op#10  op=FFN_W1   shard=1   x=[1x4096] + w=[5504x4096]  ->  y=[1x5504]  (T=1, K=1152)
  - op#11  op=SwiGLU   shard=0   a=[1x5504] + b=[1x5504]  ->  y=[1x5504]  (T=1, K=1152)
  - op#12  op=FFN_W2   shard=0   x=[1x5504] + w=[4096x5504]  ->  y=[1x4096]  (T=1, K=1152)
  - op#13  op=Add      shard=-1  a=[1x4096] + b=[1x4096]  ->  y=[1x4096]  (T=1, K=1152)
[pim-debug] NOTE: CENT(AiM) trace backend internally uses x shape (1,1,dim) and handles prefill by repeating ops;
           the table below shows the *effective parameters* passed into cost_model_pim_backend for each op.
[pim-debug] op#00 op=LN       norm=rmsnorm    sh=-1 dim=4096  heads=32  hd=128 q_dim=4096  kv_heads=32  kv_dim=4096  o_dim=4096  ffn_dim=11008  seqlen=1152   qlen=1   cache=N lat=    0.001ms cycles≈1314
[pim-debug] op#01 op=K        norm=k_proj     sh=0  dim=4096  heads=16  hd=128 q_dim=2048  kv_heads=16  kv_dim=2048  o_dim=2048  ffn_dim=5504   seqlen=1152   qlen=1   cache=N lat=    0.004ms cycles≈4428
[pim-debug] op#02 op=V        norm=v_proj     sh=0  dim=4096  heads=16  hd=128 q_dim=2048  kv_heads=16  kv_dim=2048  o_dim=2048  ffn_dim=5504   seqlen=1152   qlen=1   cache=N lat=    0.004ms cycles≈4428
[pim-debug] op#03 op=QK       norm=score      sh=0  dim=4096  heads=16  hd=128 q_dim=2048  kv_heads=16  kv_dim=2048  o_dim=2048  ffn_dim=5504   seqlen=1152   qlen=1   cache=N lat=    0.005ms cycles≈5424
[pim-debug] op#04 op=Softmax  norm=softmax    sh=0  dim=4096  heads=16  hd=128 q_dim=2048  kv_heads=16  kv_dim=2048  o_dim=2048  ffn_dim=5504   seqlen=1152   qlen=1   cache=N lat=    0.004ms cycles≈4242
[pim-debug] op#05 op=SV       norm=output     sh=0  dim=4096  heads=16  hd=128 q_dim=2048  kv_heads=16  kv_dim=2048  o_dim=2048  ffn_dim=5504   seqlen=1152   qlen=1   cache=N lat=    0.004ms cycles≈3824
[pim-debug] op#06 op=O        norm=wo_proj    sh=0  dim=4096  heads=16  hd=128 q_dim=2048  kv_heads=16  kv_dim=2048  o_dim=2048  ffn_dim=5504   seqlen=1152   qlen=1   cache=N lat=    0.004ms cycles≈4062
[pim-debug] op#07 op=O        norm=wo_proj    sh=1  dim=4096  heads=16  hd=128 q_dim=2048  kv_heads=16  kv_dim=2048  o_dim=2048  ffn_dim=5504   seqlen=1152   qlen=1   cache=N lat=    0.004ms cycles≈4062
[pim-debug] op#08 op=LN       norm=rmsnorm    sh=-1 dim=4096  heads=32  hd=128 q_dim=4096  kv_heads=32  kv_dim=4096  o_dim=4096  ffn_dim=11008  seqlen=1152   qlen=1   cache=N lat=    0.001ms cycles≈1314
[pim-debug] op#09 op=FFN_W3   norm=ffn_up     sh=0  dim=4096  heads=16  hd=128 q_dim=2048  kv_heads=16  kv_dim=2048  o_dim=2048  ffn_dim=5504   seqlen=1152   qlen=1   cache=N lat=    0.011ms cycles≈10896
[pim-debug] op#10 op=FFN_W1   norm=ffn_gate   sh=1  dim=4096  heads=16  hd=128 q_dim=2048  kv_heads=16  kv_dim=2048  o_dim=2048  ffn_dim=5504   seqlen=1152   qlen=1   cache=N lat=    0.012ms cycles≈11708
[pim-debug] op#11 op=SwiGLU   norm=silu       sh=0  dim=4096  heads=16  hd=128 q_dim=2048  kv_heads=16  kv_dim=2048  o_dim=2048  ffn_dim=5504   seqlen=1152   qlen=1   cache=N lat=    0.001ms cycles≈503
[pim-debug] op#12 op=FFN_W2   norm=ffn_down   sh=0  dim=4096  heads=16  hd=128 q_dim=2048  kv_heads=16  kv_dim=2048  o_dim=2048  ffn_dim=5504   seqlen=1152   qlen=1   cache=N lat=    0.011ms cycles≈11466
[pim-debug] op#13 op=Add      norm=residual   sh=-1 dim=4096  heads=32  hd=128 q_dim=4096  kv_heads=32  kv_dim=4096  o_dim=4096  ffn_dim=11008  seqlen=1152   qlen=1   cache=N lat=    0.000ms cycles≈3
[pim-debug] segment total latency: 0.068 ms
========================================================================================
[pim-debug] segment_key=pim|decode|3|f9376ad5e0c83bcdbc006c3cfc9c65e3
[pim-debug] sig: device_type=pim phase=decode step=3 (count_hint=1)
[pim-debug] ops_repr: Q:0,Q:1,K:1,V:1,QK:1,Softmax:1,SV:1,Add:-1,FFN_W1:0,FFN_W3:1,SwiGLU:1,FFN_W2:1
[pim-debug] cfg: shard_policy='fine' shards=2 dim=4096 ffn_dim=11008 n_heads=32 n_kv_heads=auto->n_heads
[pim-debug] pim_config=/lustre/home/2501111916/workspace/XPUPIM_0226_gpupim_parameter/TriForm/algorithms/aim_simulator/PIM_AiM.json
[pim-debug] ramulator_config=/lustre/home/2501111916/workspace/XPUPIM_0226_gpupim_parameter/TriForm/algorithms/aim_simulator/example.yaml
[pim-debug] cost_model config.PIM_FREQ_GHZ=1.0
[pim-debug] op plan (logical shapes inferred from schedule cfg):
  - op#00  op=Q        shard=0   x=[1x4096] + w=[2048x4096]  ->  y=[1x2048]  (T=1, K=1152)
  - op#01  op=Q        shard=1   x=[1x4096] + w=[2048x4096]  ->  y=[1x2048]  (T=1, K=1152)
  - op#02  op=K        shard=1   x=[1x4096] + w=[2048x4096]  ->  y=[1x2048]  (T=1, K=1152)
  - op#03  op=V        shard=1   x=[1x4096] + w=[2048x4096]  ->  y=[1x2048]  (T=1, K=1152)
  - op#04  op=QK       shard=1   q=[16x1x128] + k=[16x128x1152]  ->  y=[16x1x1152]  (T=1, K=1152)
  - op#05  op=Softmax  shard=1   scores=[16x1x1152]  ->  y=[16x1x1152]  (T=1, K=1152)
  - op#06  op=SV       shard=1   p=[16x1x1152] + v=[16x1152x128]  ->  y=[16x1x128]  (T=1, K=1152)
  - op#07  op=Add      shard=-1  a=[1x4096] + b=[1x4096]  ->  y=[1x4096]  (T=1, K=1152)
  - op#08  op=FFN_W1   shard=0   x=[1x4096] + w=[5504x4096]  ->  y=[1x5504]  (T=1, K=1152)
  - op#09  op=FFN_W3   shard=1   x=[1x4096] + w=[5504x4096]  ->  y=[1x5504]  (T=1, K=1152)
  - op#10  op=SwiGLU   shard=1   a=[1x5504] + b=[1x5504]  ->  y=[1x5504]  (T=1, K=1152)
  - op#11  op=FFN_W2   shard=1   x=[1x5504] + w=[4096x5504]  ->  y=[1x4096]  (T=1, K=1152)
[pim-debug] NOTE: CENT(AiM) trace backend internally uses x shape (1,1,dim) and handles prefill by repeating ops;
           the table below shows the *effective parameters* passed into cost_model_pim_backend for each op.
[pim-debug] op#00 op=Q        norm=q_proj     sh=0  dim=4096  heads=16  hd=128 q_dim=2048  kv_heads=16  kv_dim=2048  o_dim=2048  ffn_dim=5504   seqlen=1152   qlen=1   cache=N lat=    0.004ms cycles≈4428
[pim-debug] op#01 op=Q        norm=q_proj     sh=1  dim=4096  heads=16  hd=128 q_dim=2048  kv_heads=16  kv_dim=2048  o_dim=2048  ffn_dim=5504   seqlen=1152   qlen=1   cache=N lat=    0.004ms cycles≈4428
[pim-debug] op#02 op=K        norm=k_proj     sh=1  dim=4096  heads=16  hd=128 q_dim=2048  kv_heads=16  kv_dim=2048  o_dim=2048  ffn_dim=5504   seqlen=1152   qlen=1   cache=N lat=    0.004ms cycles≈4428
[pim-debug] op#03 op=V        norm=v_proj     sh=1  dim=4096  heads=16  hd=128 q_dim=2048  kv_heads=16  kv_dim=2048  o_dim=2048  ffn_dim=5504   seqlen=1152   qlen=1   cache=N lat=    0.004ms cycles≈4428
[pim-debug] op#04 op=QK       norm=score      sh=1  dim=4096  heads=16  hd=128 q_dim=2048  kv_heads=16  kv_dim=2048  o_dim=2048  ffn_dim=5504   seqlen=1152   qlen=1   cache=N lat=    0.005ms cycles≈5424
[pim-debug] op#05 op=Softmax  norm=softmax    sh=1  dim=4096  heads=16  hd=128 q_dim=2048  kv_heads=16  kv_dim=2048  o_dim=2048  ffn_dim=5504   seqlen=1152   qlen=1   cache=N lat=    0.004ms cycles≈4242
[pim-debug] op#06 op=SV       norm=output     sh=1  dim=4096  heads=16  hd=128 q_dim=2048  kv_heads=16  kv_dim=2048  o_dim=2048  ffn_dim=5504   seqlen=1152   qlen=1   cache=N lat=    0.004ms cycles≈3824
[pim-debug] op#07 op=Add      norm=residual   sh=-1 dim=4096  heads=32  hd=128 q_dim=4096  kv_heads=32  kv_dim=4096  o_dim=4096  ffn_dim=11008  seqlen=1152   qlen=1   cache=N lat=    0.000ms cycles≈3
[pim-debug] op#08 op=FFN_W1   norm=ffn_gate   sh=0  dim=4096  heads=16  hd=128 q_dim=2048  kv_heads=16  kv_dim=2048  o_dim=2048  ffn_dim=5504   seqlen=1152   qlen=1   cache=N lat=    0.012ms cycles≈11708
[pim-debug] op#09 op=FFN_W3   norm=ffn_up     sh=1  dim=4096  heads=16  hd=128 q_dim=2048  kv_heads=16  kv_dim=2048  o_dim=2048  ffn_dim=5504   seqlen=1152   qlen=1   cache=N lat=    0.011ms cycles≈10896
[pim-debug] op#10 op=SwiGLU   norm=silu       sh=1  dim=4096  heads=16  hd=128 q_dim=2048  kv_heads=16  kv_dim=2048  o_dim=2048  ffn_dim=5504   seqlen=1152   qlen=1   cache=N lat=    0.001ms cycles≈503
[pim-debug] op#11 op=FFN_W2   norm=ffn_down   sh=1  dim=4096  heads=16  hd=128 q_dim=2048  kv_heads=16  kv_dim=2048  o_dim=2048  ffn_dim=5504   seqlen=1152   qlen=1   cache=N lat=    0.011ms cycles≈11466
[pim-debug] segment total latency: 0.066 ms
========================================================================================
[pim-debug] segment_key=pim|decode|4|b4bc49a8c43c5edb372579946f21f917
[pim-debug] sig: device_type=pim phase=decode step=4 (count_hint=31)
[pim-debug] ops_repr: Q:0,K:0,V:0,QK:0,Softmax:0,SV:0,O:0,Add:-1,FFN_W1:0,FFN_W3:1,SwiGLU:0,FFN_W2:0,Add:-1
[pim-debug] cfg: shard_policy='fine' shards=2 dim=4096 ffn_dim=11008 n_heads=32 n_kv_heads=auto->n_heads
[pim-debug] pim_config=/lustre/home/2501111916/workspace/XPUPIM_0226_gpupim_parameter/TriForm/algorithms/aim_simulator/PIM_AiM.json
[pim-debug] ramulator_config=/lustre/home/2501111916/workspace/XPUPIM_0226_gpupim_parameter/TriForm/algorithms/aim_simulator/example.yaml
[pim-debug] cost_model config.PIM_FREQ_GHZ=1.0
[pim-debug] op plan (logical shapes inferred from schedule cfg):
  - op#00  op=Q        shard=0   x=[1x4096] + w=[2048x4096]  ->  y=[1x2048]  (T=1, K=1216)
  - op#01  op=K        shard=0   x=[1x4096] + w=[2048x4096]  ->  y=[1x2048]  (T=1, K=1216)
  - op#02  op=V        shard=0   x=[1x4096] + w=[2048x4096]  ->  y=[1x2048]  (T=1, K=1216)
  - op#03  op=QK       shard=0   q=[16x1x128] + k=[16x128x1216]  ->  y=[16x1x1216]  (T=1, K=1216)
  - op#04  op=Softmax  shard=0   scores=[16x1x1216]  ->  y=[16x1x1216]  (T=1, K=1216)
  - op#05  op=SV       shard=0   p=[16x1x1216] + v=[16x1216x128]  ->  y=[16x1x128]  (T=1, K=1216)
  - op#06  op=O        shard=0   x=[1x2048] + w=[4096x2048]  ->  y=[1x4096]  (T=1, K=1216)
  - op#07  op=Add      shard=-1  a=[1x4096] + b=[1x4096]  ->  y=[1x4096]  (T=1, K=1216)
  - op#08  op=FFN_W1   shard=0   x=[1x4096] + w=[5504x4096]  ->  y=[1x5504]  (T=1, K=1216)
  - op#09  op=FFN_W3   shard=1   x=[1x4096] + w=[5504x4096]  ->  y=[1x5504]  (T=1, K=1216)
  - op#10  op=SwiGLU   shard=0   a=[1x5504] + b=[1x5504]  ->  y=[1x5504]  (T=1, K=1216)
  - op#11  op=FFN_W2   shard=0   x=[1x5504] + w=[4096x5504]  ->  y=[1x4096]  (T=1, K=1216)
  - op#12  op=Add      shard=-1  a=[1x4096] + b=[1x4096]  ->  y=[1x4096]  (T=1, K=1216)
[pim-debug] NOTE: CENT(AiM) trace backend internally uses x shape (1,1,dim) and handles prefill by repeating ops;
           the table below shows the *effective parameters* passed into cost_model_pim_backend for each op.
[pim-debug] op#00 op=Q        norm=q_proj     sh=0  dim=4096  heads=16  hd=128 q_dim=2048  kv_heads=16  kv_dim=2048  o_dim=2048  ffn_dim=5504   seqlen=1216   qlen=1   cache=N lat=    0.004ms cycles≈4428
[pim-debug] op#01 op=K        norm=k_proj     sh=0  dim=4096  heads=16  hd=128 q_dim=2048  kv_heads=16  kv_dim=2048  o_dim=2048  ffn_dim=5504   seqlen=1216   qlen=1   cache=N lat=    0.004ms cycles≈4428
[pim-debug] op#02 op=V        norm=v_proj     sh=0  dim=4096  heads=16  hd=128 q_dim=2048  kv_heads=16  kv_dim=2048  o_dim=2048  ffn_dim=5504   seqlen=1216   qlen=1   cache=N lat=    0.004ms cycles≈4428
[pim-debug] op#03 op=QK       norm=score      sh=0  dim=4096  heads=16  hd=128 q_dim=2048  kv_heads=16  kv_dim=2048  o_dim=2048  ffn_dim=5504   seqlen=1216   qlen=1   cache=N lat=    0.005ms cycles≈5424
[pim-debug] op#04 op=Softmax  norm=softmax    sh=0  dim=4096  heads=16  hd=128 q_dim=2048  kv_heads=16  kv_dim=2048  o_dim=2048  ffn_dim=5504   seqlen=1216   qlen=1   cache=N lat=    0.004ms cycles≈4344
[pim-debug] op#05 op=SV       norm=output     sh=0  dim=4096  heads=16  hd=128 q_dim=2048  kv_heads=16  kv_dim=2048  o_dim=2048  ffn_dim=5504   seqlen=1216   qlen=1   cache=N lat=    0.004ms cycles≈3896
[pim-debug] op#06 op=O        norm=wo_proj    sh=0  dim=4096  heads=16  hd=128 q_dim=2048  kv_heads=16  kv_dim=2048  o_dim=2048  ffn_dim=5504   seqlen=1216   qlen=1   cache=N lat=    0.004ms cycles≈4062
[pim-debug] op#07 op=Add      norm=residual   sh=-1 dim=4096  heads=32  hd=128 q_dim=4096  kv_heads=32  kv_dim=4096  o_dim=4096  ffn_dim=11008  seqlen=1216   qlen=1   cache=N lat=    0.000ms cycles≈3
[pim-debug] op#08 op=FFN_W1   norm=ffn_gate   sh=0  dim=4096  heads=16  hd=128 q_dim=2048  kv_heads=16  kv_dim=2048  o_dim=2048  ffn_dim=5504   seqlen=1216   qlen=1   cache=N lat=    0.012ms cycles≈11708
[pim-debug] op#09 op=FFN_W3   norm=ffn_up     sh=1  dim=4096  heads=16  hd=128 q_dim=2048  kv_heads=16  kv_dim=2048  o_dim=2048  ffn_dim=5504   seqlen=1216   qlen=1   cache=N lat=    0.011ms cycles≈10896
[pim-debug] op#10 op=SwiGLU   norm=silu       sh=0  dim=4096  heads=16  hd=128 q_dim=2048  kv_heads=16  kv_dim=2048  o_dim=2048  ffn_dim=5504   seqlen=1216   qlen=1   cache=N lat=    0.001ms cycles≈503
[pim-debug] op#11 op=FFN_W2   norm=ffn_down   sh=0  dim=4096  heads=16  hd=128 q_dim=2048  kv_heads=16  kv_dim=2048  o_dim=2048  ffn_dim=5504   seqlen=1216   qlen=1   cache=N lat=    0.011ms cycles≈11466
[pim-debug] op#12 op=Add      norm=residual   sh=-1 dim=4096  heads=32  hd=128 q_dim=4096  kv_heads=32  kv_dim=4096  o_dim=4096  ffn_dim=11008  seqlen=1216   qlen=1   cache=N lat=    0.000ms cycles≈3
[pim-debug] segment total latency: 0.066 ms
========================================================================================
[pim-debug] segment_key=pim|decode|4|baff9c2d0f1f7dac9f2d74f4ecf92e61
[pim-debug] sig: device_type=pim phase=decode step=4 (count_hint=31)
[pim-debug] ops_repr: LN:-1,Q:1,K:1,V:1,QK:1,Softmax:1,SV:1,O:1,LN:-1,FFN_W3:0,FFN_W1:1,SwiGLU:1,FFN_W2:1
[pim-debug] cfg: shard_policy='fine' shards=2 dim=4096 ffn_dim=11008 n_heads=32 n_kv_heads=auto->n_heads
[pim-debug] pim_config=/lustre/home/2501111916/workspace/XPUPIM_0226_gpupim_parameter/TriForm/algorithms/aim_simulator/PIM_AiM.json
[pim-debug] ramulator_config=/lustre/home/2501111916/workspace/XPUPIM_0226_gpupim_parameter/TriForm/algorithms/aim_simulator/example.yaml
[pim-debug] cost_model config.PIM_FREQ_GHZ=1.0
[pim-debug] op plan (logical shapes inferred from schedule cfg):
  - op#00  op=LN       shard=-1  x=[1x4096] + w=[4096]  ->  y=[1x4096]  (T=1, K=1216)
  - op#01  op=Q        shard=1   x=[1x4096] + w=[2048x4096]  ->  y=[1x2048]  (T=1, K=1216)
  - op#02  op=K        shard=1   x=[1x4096] + w=[2048x4096]  ->  y=[1x2048]  (T=1, K=1216)
  - op#03  op=V        shard=1   x=[1x4096] + w=[2048x4096]  ->  y=[1x2048]  (T=1, K=1216)
  - op#04  op=QK       shard=1   q=[16x1x128] + k=[16x128x1216]  ->  y=[16x1x1216]  (T=1, K=1216)
  - op#05  op=Softmax  shard=1   scores=[16x1x1216]  ->  y=[16x1x1216]  (T=1, K=1216)
  - op#06  op=SV       shard=1   p=[16x1x1216] + v=[16x1216x128]  ->  y=[16x1x128]  (T=1, K=1216)
  - op#07  op=O        shard=1   x=[1x2048] + w=[4096x2048]  ->  y=[1x4096]  (T=1, K=1216)
  - op#08  op=LN       shard=-1  x=[1x4096] + w=[4096]  ->  y=[1x4096]  (T=1, K=1216)
  - op#09  op=FFN_W3   shard=0   x=[1x4096] + w=[5504x4096]  ->  y=[1x5504]  (T=1, K=1216)
  - op#10  op=FFN_W1   shard=1   x=[1x4096] + w=[5504x4096]  ->  y=[1x5504]  (T=1, K=1216)
  - op#11  op=SwiGLU   shard=1   a=[1x5504] + b=[1x5504]  ->  y=[1x5504]  (T=1, K=1216)
  - op#12  op=FFN_W2   shard=1   x=[1x5504] + w=[4096x5504]  ->  y=[1x4096]  (T=1, K=1216)
[pim-debug] NOTE: CENT(AiM) trace backend internally uses x shape (1,1,dim) and handles prefill by repeating ops;
           the table below shows the *effective parameters* passed into cost_model_pim_backend for each op.
[pim-debug] op#00 op=LN       norm=rmsnorm    sh=-1 dim=4096  heads=32  hd=128 q_dim=4096  kv_heads=32  kv_dim=4096  o_dim=4096  ffn_dim=11008  seqlen=1216   qlen=1   cache=N lat=    0.001ms cycles≈1314
[pim-debug] op#01 op=Q        norm=q_proj     sh=1  dim=4096  heads=16  hd=128 q_dim=2048  kv_heads=16  kv_dim=2048  o_dim=2048  ffn_dim=5504   seqlen=1216   qlen=1   cache=N lat=    0.004ms cycles≈4428
[pim-debug] op#02 op=K        norm=k_proj     sh=1  dim=4096  heads=16  hd=128 q_dim=2048  kv_heads=16  kv_dim=2048  o_dim=2048  ffn_dim=5504   seqlen=1216   qlen=1   cache=N lat=    0.004ms cycles≈4428
[pim-debug] op#03 op=V        norm=v_proj     sh=1  dim=4096  heads=16  hd=128 q_dim=2048  kv_heads=16  kv_dim=2048  o_dim=2048  ffn_dim=5504   seqlen=1216   qlen=1   cache=N lat=    0.004ms cycles≈4428
[pim-debug] op#04 op=QK       norm=score      sh=1  dim=4096  heads=16  hd=128 q_dim=2048  kv_heads=16  kv_dim=2048  o_dim=2048  ffn_dim=5504   seqlen=1216   qlen=1   cache=N lat=    0.005ms cycles≈5424
[pim-debug] op#05 op=Softmax  norm=softmax    sh=1  dim=4096  heads=16  hd=128 q_dim=2048  kv_heads=16  kv_dim=2048  o_dim=2048  ffn_dim=5504   seqlen=1216   qlen=1   cache=N lat=    0.004ms cycles≈4344
[pim-debug] op#06 op=SV       norm=output     sh=1  dim=4096  heads=16  hd=128 q_dim=2048  kv_heads=16  kv_dim=2048  o_dim=2048  ffn_dim=5504   seqlen=1216   qlen=1   cache=N lat=    0.004ms cycles≈3896
[pim-debug] op#07 op=O        norm=wo_proj    sh=1  dim=4096  heads=16  hd=128 q_dim=2048  kv_heads=16  kv_dim=2048  o_dim=2048  ffn_dim=5504   seqlen=1216   qlen=1   cache=N lat=    0.004ms cycles≈4062
[pim-debug] op#08 op=LN       norm=rmsnorm    sh=-1 dim=4096  heads=32  hd=128 q_dim=4096  kv_heads=32  kv_dim=4096  o_dim=4096  ffn_dim=11008  seqlen=1216   qlen=1   cache=N lat=    0.001ms cycles≈1314
[pim-debug] op#09 op=FFN_W3   norm=ffn_up     sh=0  dim=4096  heads=16  hd=128 q_dim=2048  kv_heads=16  kv_dim=2048  o_dim=2048  ffn_dim=5504   seqlen=1216   qlen=1   cache=N lat=    0.011ms cycles≈10896
[pim-debug] op#10 op=FFN_W1   norm=ffn_gate   sh=1  dim=4096  heads=16  hd=128 q_dim=2048  kv_heads=16  kv_dim=2048  o_dim=2048  ffn_dim=5504   seqlen=1216   qlen=1   cache=N lat=    0.012ms cycles≈11708
[pim-debug] op#11 op=SwiGLU   norm=silu       sh=1  dim=4096  heads=16  hd=128 q_dim=2048  kv_heads=16  kv_dim=2048  o_dim=2048  ffn_dim=5504   seqlen=1216   qlen=1   cache=N lat=    0.001ms cycles≈503
[pim-debug] op#12 op=FFN_W2   norm=ffn_down   sh=1  dim=4096  heads=16  hd=128 q_dim=2048  kv_heads=16  kv_dim=2048  o_dim=2048  ffn_dim=5504   seqlen=1216   qlen=1   cache=N lat=    0.011ms cycles≈11466
[pim-debug] segment total latency: 0.068 ms
========================================================================================
[pim-debug] segment_key=pim|decode|4|dfde0414e64cddd2624b90d983c73dcb
[pim-debug] sig: device_type=pim phase=decode step=4 (count_hint=1)
[pim-debug] ops_repr: LN:-1,K:0,V:0,QK:0,Softmax:0,SV:0,O:0,O:1,LN:-1,FFN_W3:0,FFN_W1:1,SwiGLU:0,FFN_W2:0,Add:-1
[pim-debug] cfg: shard_policy='fine' shards=2 dim=4096 ffn_dim=11008 n_heads=32 n_kv_heads=auto->n_heads
[pim-debug] pim_config=/lustre/home/2501111916/workspace/XPUPIM_0226_gpupim_parameter/TriForm/algorithms/aim_simulator/PIM_AiM.json
[pim-debug] ramulator_config=/lustre/home/2501111916/workspace/XPUPIM_0226_gpupim_parameter/TriForm/algorithms/aim_simulator/example.yaml
[pim-debug] cost_model config.PIM_FREQ_GHZ=1.0
[pim-debug] op plan (logical shapes inferred from schedule cfg):
  - op#00  op=LN       shard=-1  x=[1x4096] + w=[4096]  ->  y=[1x4096]  (T=1, K=1216)
  - op#01  op=K        shard=0   x=[1x4096] + w=[2048x4096]  ->  y=[1x2048]  (T=1, K=1216)
  - op#02  op=V        shard=0   x=[1x4096] + w=[2048x4096]  ->  y=[1x2048]  (T=1, K=1216)
  - op#03  op=QK       shard=0   q=[16x1x128] + k=[16x128x1216]  ->  y=[16x1x1216]  (T=1, K=1216)
  - op#04  op=Softmax  shard=0   scores=[16x1x1216]  ->  y=[16x1x1216]  (T=1, K=1216)
  - op#05  op=SV       shard=0   p=[16x1x1216] + v=[16x1216x128]  ->  y=[16x1x128]  (T=1, K=1216)
  - op#06  op=O        shard=0   x=[1x2048] + w=[4096x2048]  ->  y=[1x4096]  (T=1, K=1216)
  - op#07  op=O        shard=1   x=[1x2048] + w=[4096x2048]  ->  y=[1x4096]  (T=1, K=1216)
  - op#08  op=LN       shard=-1  x=[1x4096] + w=[4096]  ->  y=[1x4096]  (T=1, K=1216)
  - op#09  op=FFN_W3   shard=0   x=[1x4096] + w=[5504x4096]  ->  y=[1x5504]  (T=1, K=1216)
  - op#10  op=FFN_W1   shard=1   x=[1x4096] + w=[5504x4096]  ->  y=[1x5504]  (T=1, K=1216)
  - op#11  op=SwiGLU   shard=0   a=[1x5504] + b=[1x5504]  ->  y=[1x5504]  (T=1, K=1216)
  - op#12  op=FFN_W2   shard=0   x=[1x5504] + w=[4096x5504]  ->  y=[1x4096]  (T=1, K=1216)
  - op#13  op=Add      shard=-1  a=[1x4096] + b=[1x4096]  ->  y=[1x4096]  (T=1, K=1216)
[pim-debug] NOTE: CENT(AiM) trace backend internally uses x shape (1,1,dim) and handles prefill by repeating ops;
           the table below shows the *effective parameters* passed into cost_model_pim_backend for each op.
[pim-debug] op#00 op=LN       norm=rmsnorm    sh=-1 dim=4096  heads=32  hd=128 q_dim=4096  kv_heads=32  kv_dim=4096  o_dim=4096  ffn_dim=11008  seqlen=1216   qlen=1   cache=N lat=    0.001ms cycles≈1314
[pim-debug] op#01 op=K        norm=k_proj     sh=0  dim=4096  heads=16  hd=128 q_dim=2048  kv_heads=16  kv_dim=2048  o_dim=2048  ffn_dim=5504   seqlen=1216   qlen=1   cache=N lat=    0.004ms cycles≈4428
[pim-debug] op#02 op=V        norm=v_proj     sh=0  dim=4096  heads=16  hd=128 q_dim=2048  kv_heads=16  kv_dim=2048  o_dim=2048  ffn_dim=5504   seqlen=1216   qlen=1   cache=N lat=    0.004ms cycles≈4428
[pim-debug] op#03 op=QK       norm=score      sh=0  dim=4096  heads=16  hd=128 q_dim=2048  kv_heads=16  kv_dim=2048  o_dim=2048  ffn_dim=5504   seqlen=1216   qlen=1   cache=N lat=    0.005ms cycles≈5424
[pim-debug] op#04 op=Softmax  norm=softmax    sh=0  dim=4096  heads=16  hd=128 q_dim=2048  kv_heads=16  kv_dim=2048  o_dim=2048  ffn_dim=5504   seqlen=1216   qlen=1   cache=N lat=    0.004ms cycles≈4344
[pim-debug] op#05 op=SV       norm=output     sh=0  dim=4096  heads=16  hd=128 q_dim=2048  kv_heads=16  kv_dim=2048  o_dim=2048  ffn_dim=5504   seqlen=1216   qlen=1   cache=N lat=    0.004ms cycles≈3896
[pim-debug] op#06 op=O        norm=wo_proj    sh=0  dim=4096  heads=16  hd=128 q_dim=2048  kv_heads=16  kv_dim=2048  o_dim=2048  ffn_dim=5504   seqlen=1216   qlen=1   cache=N lat=    0.004ms cycles≈4062
[pim-debug] op#07 op=O        norm=wo_proj    sh=1  dim=4096  heads=16  hd=128 q_dim=2048  kv_heads=16  kv_dim=2048  o_dim=2048  ffn_dim=5504   seqlen=1216   qlen=1   cache=N lat=    0.004ms cycles≈4062
[pim-debug] op#08 op=LN       norm=rmsnorm    sh=-1 dim=4096  heads=32  hd=128 q_dim=4096  kv_heads=32  kv_dim=4096  o_dim=4096  ffn_dim=11008  seqlen=1216   qlen=1   cache=N lat=    0.001ms cycles≈1314
[pim-debug] op#09 op=FFN_W3   norm=ffn_up     sh=0  dim=4096  heads=16  hd=128 q_dim=2048  kv_heads=16  kv_dim=2048  o_dim=2048  ffn_dim=5504   seqlen=1216   qlen=1   cache=N lat=    0.011ms cycles≈10896
[pim-debug] op#10 op=FFN_W1   norm=ffn_gate   sh=1  dim=4096  heads=16  hd=128 q_dim=2048  kv_heads=16  kv_dim=2048  o_dim=2048  ffn_dim=5504   seqlen=1216   qlen=1   cache=N lat=    0.012ms cycles≈11708
[pim-debug] op#11 op=SwiGLU   norm=silu       sh=0  dim=4096  heads=16  hd=128 q_dim=2048  kv_heads=16  kv_dim=2048  o_dim=2048  ffn_dim=5504   seqlen=1216   qlen=1   cache=N lat=    0.001ms cycles≈503
[pim-debug] op#12 op=FFN_W2   norm=ffn_down   sh=0  dim=4096  heads=16  hd=128 q_dim=2048  kv_heads=16  kv_dim=2048  o_dim=2048  ffn_dim=5504   seqlen=1216   qlen=1   cache=N lat=    0.011ms cycles≈11466
[pim-debug] op#13 op=Add      norm=residual   sh=-1 dim=4096  heads=32  hd=128 q_dim=4096  kv_heads=32  kv_dim=4096  o_dim=4096  ffn_dim=11008  seqlen=1216   qlen=1   cache=N lat=    0.000ms cycles≈3
[pim-debug] segment total latency: 0.068 ms
========================================================================================
[pim-debug] segment_key=pim|decode|4|f9376ad5e0c83bcdbc006c3cfc9c65e3
[pim-debug] sig: device_type=pim phase=decode step=4 (count_hint=1)
[pim-debug] ops_repr: Q:0,Q:1,K:1,V:1,QK:1,Softmax:1,SV:1,Add:-1,FFN_W1:0,FFN_W3:1,SwiGLU:1,FFN_W2:1
[pim-debug] cfg: shard_policy='fine' shards=2 dim=4096 ffn_dim=11008 n_heads=32 n_kv_heads=auto->n_heads
[pim-debug] pim_config=/lustre/home/2501111916/workspace/XPUPIM_0226_gpupim_parameter/TriForm/algorithms/aim_simulator/PIM_AiM.json
[pim-debug] ramulator_config=/lustre/home/2501111916/workspace/XPUPIM_0226_gpupim_parameter/TriForm/algorithms/aim_simulator/example.yaml
[pim-debug] cost_model config.PIM_FREQ_GHZ=1.0
[pim-debug] op plan (logical shapes inferred from schedule cfg):
  - op#00  op=Q        shard=0   x=[1x4096] + w=[2048x4096]  ->  y=[1x2048]  (T=1, K=1216)
  - op#01  op=Q        shard=1   x=[1x4096] + w=[2048x4096]  ->  y=[1x2048]  (T=1, K=1216)
  - op#02  op=K        shard=1   x=[1x4096] + w=[2048x4096]  ->  y=[1x2048]  (T=1, K=1216)
  - op#03  op=V        shard=1   x=[1x4096] + w=[2048x4096]  ->  y=[1x2048]  (T=1, K=1216)
  - op#04  op=QK       shard=1   q=[16x1x128] + k=[16x128x1216]  ->  y=[16x1x1216]  (T=1, K=1216)
  - op#05  op=Softmax  shard=1   scores=[16x1x1216]  ->  y=[16x1x1216]  (T=1, K=1216)
  - op#06  op=SV       shard=1   p=[16x1x1216] + v=[16x1216x128]  ->  y=[16x1x128]  (T=1, K=1216)
  - op#07  op=Add      shard=-1  a=[1x4096] + b=[1x4096]  ->  y=[1x4096]  (T=1, K=1216)
  - op#08  op=FFN_W1   shard=0   x=[1x4096] + w=[5504x4096]  ->  y=[1x5504]  (T=1, K=1216)
  - op#09  op=FFN_W3   shard=1   x=[1x4096] + w=[5504x4096]  ->  y=[1x5504]  (T=1, K=1216)
  - op#10  op=SwiGLU   shard=1   a=[1x5504] + b=[1x5504]  ->  y=[1x5504]  (T=1, K=1216)
  - op#11  op=FFN_W2   shard=1   x=[1x5504] + w=[4096x5504]  ->  y=[1x4096]  (T=1, K=1216)
[pim-debug] NOTE: CENT(AiM) trace backend internally uses x shape (1,1,dim) and handles prefill by repeating ops;
           the table below shows the *effective parameters* passed into cost_model_pim_backend for each op.
[pim-debug] op#00 op=Q        norm=q_proj     sh=0  dim=4096  heads=16  hd=128 q_dim=2048  kv_heads=16  kv_dim=2048  o_dim=2048  ffn_dim=5504   seqlen=1216   qlen=1   cache=N lat=    0.004ms cycles≈4428
[pim-debug] op#01 op=Q        norm=q_proj     sh=1  dim=4096  heads=16  hd=128 q_dim=2048  kv_heads=16  kv_dim=2048  o_dim=2048  ffn_dim=5504   seqlen=1216   qlen=1   cache=N lat=    0.004ms cycles≈4428
[pim-debug] op#02 op=K        norm=k_proj     sh=1  dim=4096  heads=16  hd=128 q_dim=2048  kv_heads=16  kv_dim=2048  o_dim=2048  ffn_dim=5504   seqlen=1216   qlen=1   cache=N lat=    0.004ms cycles≈4428
[pim-debug] op#03 op=V        norm=v_proj     sh=1  dim=4096  heads=16  hd=128 q_dim=2048  kv_heads=16  kv_dim=2048  o_dim=2048  ffn_dim=5504   seqlen=1216   qlen=1   cache=N lat=    0.004ms cycles≈4428
[pim-debug] op#04 op=QK       norm=score      sh=1  dim=4096  heads=16  hd=128 q_dim=2048  kv_heads=16  kv_dim=2048  o_dim=2048  ffn_dim=5504   seqlen=1216   qlen=1   cache=N lat=    0.005ms cycles≈5424
[pim-debug] op#05 op=Softmax  norm=softmax    sh=1  dim=4096  heads=16  hd=128 q_dim=2048  kv_heads=16  kv_dim=2048  o_dim=2048  ffn_dim=5504   seqlen=1216   qlen=1   cache=N lat=    0.004ms cycles≈4344
[pim-debug] op#06 op=SV       norm=output     sh=1  dim=4096  heads=16  hd=128 q_dim=2048  kv_heads=16  kv_dim=2048  o_dim=2048  ffn_dim=5504   seqlen=1216   qlen=1   cache=N lat=    0.004ms cycles≈3896
[pim-debug] op#07 op=Add      norm=residual   sh=-1 dim=4096  heads=32  hd=128 q_dim=4096  kv_heads=32  kv_dim=4096  o_dim=4096  ffn_dim=11008  seqlen=1216   qlen=1   cache=N lat=    0.000ms cycles≈3
[pim-debug] op#08 op=FFN_W1   norm=ffn_gate   sh=0  dim=4096  heads=16  hd=128 q_dim=2048  kv_heads=16  kv_dim=2048  o_dim=2048  ffn_dim=5504   seqlen=1216   qlen=1   cache=N lat=    0.012ms cycles≈11708
[pim-debug] op#09 op=FFN_W3   norm=ffn_up     sh=1  dim=4096  heads=16  hd=128 q_dim=2048  kv_heads=16  kv_dim=2048  o_dim=2048  ffn_dim=5504   seqlen=1216   qlen=1   cache=N lat=    0.011ms cycles≈10896
[pim-debug] op#10 op=SwiGLU   norm=silu       sh=1  dim=4096  heads=16  hd=128 q_dim=2048  kv_heads=16  kv_dim=2048  o_dim=2048  ffn_dim=5504   seqlen=1216   qlen=1   cache=N lat=    0.001ms cycles≈503
[pim-debug] op#11 op=FFN_W2   norm=ffn_down   sh=1  dim=4096  heads=16  hd=128 q_dim=2048  kv_heads=16  kv_dim=2048  o_dim=2048  ffn_dim=5504   seqlen=1216   qlen=1   cache=N lat=    0.011ms cycles≈11466
[pim-debug] segment total latency: 0.066 ms
========================================================================================
[pim-debug] segment_key=pim|decode|5|b4bc49a8c43c5edb372579946f21f917
[pim-debug] sig: device_type=pim phase=decode step=5 (count_hint=31)
[pim-debug] ops_repr: Q:0,K:0,V:0,QK:0,Softmax:0,SV:0,O:0,Add:-1,FFN_W1:0,FFN_W3:1,SwiGLU:0,FFN_W2:0,Add:-1
[pim-debug] cfg: shard_policy='fine' shards=2 dim=4096 ffn_dim=11008 n_heads=32 n_kv_heads=auto->n_heads
[pim-debug] pim_config=/lustre/home/2501111916/workspace/XPUPIM_0226_gpupim_parameter/TriForm/algorithms/aim_simulator/PIM_AiM.json
[pim-debug] ramulator_config=/lustre/home/2501111916/workspace/XPUPIM_0226_gpupim_parameter/TriForm/algorithms/aim_simulator/example.yaml
[pim-debug] cost_model config.PIM_FREQ_GHZ=1.0
[pim-debug] op plan (logical shapes inferred from schedule cfg):
  - op#00  op=Q        shard=0   x=[1x4096] + w=[2048x4096]  ->  y=[1x2048]  (T=1, K=1280)
  - op#01  op=K        shard=0   x=[1x4096] + w=[2048x4096]  ->  y=[1x2048]  (T=1, K=1280)
  - op#02  op=V        shard=0   x=[1x4096] + w=[2048x4096]  ->  y=[1x2048]  (T=1, K=1280)
  - op#03  op=QK       shard=0   q=[16x1x128] + k=[16x128x1280]  ->  y=[16x1x1280]  (T=1, K=1280)
  - op#04  op=Softmax  shard=0   scores=[16x1x1280]  ->  y=[16x1x1280]  (T=1, K=1280)
  - op#05  op=SV       shard=0   p=[16x1x1280] + v=[16x1280x128]  ->  y=[16x1x128]  (T=1, K=1280)
  - op#06  op=O        shard=0   x=[1x2048] + w=[4096x2048]  ->  y=[1x4096]  (T=1, K=1280)
  - op#07  op=Add      shard=-1  a=[1x4096] + b=[1x4096]  ->  y=[1x4096]  (T=1, K=1280)
  - op#08  op=FFN_W1   shard=0   x=[1x4096] + w=[5504x4096]  ->  y=[1x5504]  (T=1, K=1280)
  - op#09  op=FFN_W3   shard=1   x=[1x4096] + w=[5504x4096]  ->  y=[1x5504]  (T=1, K=1280)
  - op#10  op=SwiGLU   shard=0   a=[1x5504] + b=[1x5504]  ->  y=[1x5504]  (T=1, K=1280)
  - op#11  op=FFN_W2   shard=0   x=[1x5504] + w=[4096x5504]  ->  y=[1x4096]  (T=1, K=1280)
  - op#12  op=Add      shard=-1  a=[1x4096] + b=[1x4096]  ->  y=[1x4096]  (T=1, K=1280)
[pim-debug] NOTE: CENT(AiM) trace backend internally uses x shape (1,1,dim) and handles prefill by repeating ops;
           the table below shows the *effective parameters* passed into cost_model_pim_backend for each op.
[pim-debug] op#00 op=Q        norm=q_proj     sh=0  dim=4096  heads=16  hd=128 q_dim=2048  kv_heads=16  kv_dim=2048  o_dim=2048  ffn_dim=5504   seqlen=1280   qlen=1   cache=N lat=    0.004ms cycles≈4428
[pim-debug] op#01 op=K        norm=k_proj     sh=0  dim=4096  heads=16  hd=128 q_dim=2048  kv_heads=16  kv_dim=2048  o_dim=2048  ffn_dim=5504   seqlen=1280   qlen=1   cache=N lat=    0.004ms cycles≈4428
[pim-debug] op#02 op=V        norm=v_proj     sh=0  dim=4096  heads=16  hd=128 q_dim=2048  kv_heads=16  kv_dim=2048  o_dim=2048  ffn_dim=5504   seqlen=1280   qlen=1   cache=N lat=    0.004ms cycles≈4428
[pim-debug] op#03 op=QK       norm=score      sh=0  dim=4096  heads=16  hd=128 q_dim=2048  kv_heads=16  kv_dim=2048  o_dim=2048  ffn_dim=5504   seqlen=1280   qlen=1   cache=N lat=    0.005ms cycles≈5424
[pim-debug] op#04 op=Softmax  norm=softmax    sh=0  dim=4096  heads=16  hd=128 q_dim=2048  kv_heads=16  kv_dim=2048  o_dim=2048  ffn_dim=5504   seqlen=1280   qlen=1   cache=N lat=    0.005ms cycles≈4515
[pim-debug] op#05 op=SV       norm=output     sh=0  dim=4096  heads=16  hd=128 q_dim=2048  kv_heads=16  kv_dim=2048  o_dim=2048  ffn_dim=5504   seqlen=1280   qlen=1   cache=N lat=    0.004ms cycles≈3968
[pim-debug] op#06 op=O        norm=wo_proj    sh=0  dim=4096  heads=16  hd=128 q_dim=2048  kv_heads=16  kv_dim=2048  o_dim=2048  ffn_dim=5504   seqlen=1280   qlen=1   cache=N lat=    0.004ms cycles≈4062
[pim-debug] op#07 op=Add      norm=residual   sh=-1 dim=4096  heads=32  hd=128 q_dim=4096  kv_heads=32  kv_dim=4096  o_dim=4096  ffn_dim=11008  seqlen=1280   qlen=1   cache=N lat=    0.000ms cycles≈3
[pim-debug] op#08 op=FFN_W1   norm=ffn_gate   sh=0  dim=4096  heads=16  hd=128 q_dim=2048  kv_heads=16  kv_dim=2048  o_dim=2048  ffn_dim=5504   seqlen=1280   qlen=1   cache=N lat=    0.012ms cycles≈11708
[pim-debug] op#09 op=FFN_W3   norm=ffn_up     sh=1  dim=4096  heads=16  hd=128 q_dim=2048  kv_heads=16  kv_dim=2048  o_dim=2048  ffn_dim=5504   seqlen=1280   qlen=1   cache=N lat=    0.011ms cycles≈10896
[pim-debug] op#10 op=SwiGLU   norm=silu       sh=0  dim=4096  heads=16  hd=128 q_dim=2048  kv_heads=16  kv_dim=2048  o_dim=2048  ffn_dim=5504   seqlen=1280   qlen=1   cache=N lat=    0.001ms cycles≈503
[pim-debug] op#11 op=FFN_W2   norm=ffn_down   sh=0  dim=4096  heads=16  hd=128 q_dim=2048  kv_heads=16  kv_dim=2048  o_dim=2048  ffn_dim=5504   seqlen=1280   qlen=1   cache=N lat=    0.011ms cycles≈11466
[pim-debug] op#12 op=Add      norm=residual   sh=-1 dim=4096  heads=32  hd=128 q_dim=4096  kv_heads=32  kv_dim=4096  o_dim=4096  ffn_dim=11008  seqlen=1280   qlen=1   cache=N lat=    0.000ms cycles≈3
[pim-debug] segment total latency: 0.066 ms
========================================================================================
[pim-debug] segment_key=pim|decode|5|baff9c2d0f1f7dac9f2d74f4ecf92e61
[pim-debug] sig: device_type=pim phase=decode step=5 (count_hint=31)
[pim-debug] ops_repr: LN:-1,Q:1,K:1,V:1,QK:1,Softmax:1,SV:1,O:1,LN:-1,FFN_W3:0,FFN_W1:1,SwiGLU:1,FFN_W2:1
[pim-debug] cfg: shard_policy='fine' shards=2 dim=4096 ffn_dim=11008 n_heads=32 n_kv_heads=auto->n_heads
[pim-debug] pim_config=/lustre/home/2501111916/workspace/XPUPIM_0226_gpupim_parameter/TriForm/algorithms/aim_simulator/PIM_AiM.json
[pim-debug] ramulator_config=/lustre/home/2501111916/workspace/XPUPIM_0226_gpupim_parameter/TriForm/algorithms/aim_simulator/example.yaml
[pim-debug] cost_model config.PIM_FREQ_GHZ=1.0
[pim-debug] op plan (logical shapes inferred from schedule cfg):
  - op#00  op=LN       shard=-1  x=[1x4096] + w=[4096]  ->  y=[1x4096]  (T=1, K=1280)
  - op#01  op=Q        shard=1   x=[1x4096] + w=[2048x4096]  ->  y=[1x2048]  (T=1, K=1280)
  - op#02  op=K        shard=1   x=[1x4096] + w=[2048x4096]  ->  y=[1x2048]  (T=1, K=1280)
  - op#03  op=V        shard=1   x=[1x4096] + w=[2048x4096]  ->  y=[1x2048]  (T=1, K=1280)
  - op#04  op=QK       shard=1   q=[16x1x128] + k=[16x128x1280]  ->  y=[16x1x1280]  (T=1, K=1280)
  - op#05  op=Softmax  shard=1   scores=[16x1x1280]  ->  y=[16x1x1280]  (T=1, K=1280)
  - op#06  op=SV       shard=1   p=[16x1x1280] + v=[16x1280x128]  ->  y=[16x1x128]  (T=1, K=1280)
  - op#07  op=O        shard=1   x=[1x2048] + w=[4096x2048]  ->  y=[1x4096]  (T=1, K=1280)
  - op#08  op=LN       shard=-1  x=[1x4096] + w=[4096]  ->  y=[1x4096]  (T=1, K=1280)
  - op#09  op=FFN_W3   shard=0   x=[1x4096] + w=[5504x4096]  ->  y=[1x5504]  (T=1, K=1280)
  - op#10  op=FFN_W1   shard=1   x=[1x4096] + w=[5504x4096]  ->  y=[1x5504]  (T=1, K=1280)
  - op#11  op=SwiGLU   shard=1   a=[1x5504] + b=[1x5504]  ->  y=[1x5504]  (T=1, K=1280)
  - op#12  op=FFN_W2   shard=1   x=[1x5504] + w=[4096x5504]  ->  y=[1x4096]  (T=1, K=1280)
[pim-debug] NOTE: CENT(AiM) trace backend internally uses x shape (1,1,dim) and handles prefill by repeating ops;
           the table below shows the *effective parameters* passed into cost_model_pim_backend for each op.
[pim-debug] op#00 op=LN       norm=rmsnorm    sh=-1 dim=4096  heads=32  hd=128 q_dim=4096  kv_heads=32  kv_dim=4096  o_dim=4096  ffn_dim=11008  seqlen=1280   qlen=1   cache=N lat=    0.001ms cycles≈1314
[pim-debug] op#01 op=Q        norm=q_proj     sh=1  dim=4096  heads=16  hd=128 q_dim=2048  kv_heads=16  kv_dim=2048  o_dim=2048  ffn_dim=5504   seqlen=1280   qlen=1   cache=N lat=    0.004ms cycles≈4428
[pim-debug] op#02 op=K        norm=k_proj     sh=1  dim=4096  heads=16  hd=128 q_dim=2048  kv_heads=16  kv_dim=2048  o_dim=2048  ffn_dim=5504   seqlen=1280   qlen=1   cache=N lat=    0.004ms cycles≈4428
[pim-debug] op#03 op=V        norm=v_proj     sh=1  dim=4096  heads=16  hd=128 q_dim=2048  kv_heads=16  kv_dim=2048  o_dim=2048  ffn_dim=5504   seqlen=1280   qlen=1   cache=N lat=    0.004ms cycles≈4428
[pim-debug] op#04 op=QK       norm=score      sh=1  dim=4096  heads=16  hd=128 q_dim=2048  kv_heads=16  kv_dim=2048  o_dim=2048  ffn_dim=5504   seqlen=1280   qlen=1   cache=N lat=    0.005ms cycles≈5424
[pim-debug] op#05 op=Softmax  norm=softmax    sh=1  dim=4096  heads=16  hd=128 q_dim=2048  kv_heads=16  kv_dim=2048  o_dim=2048  ffn_dim=5504   seqlen=1280   qlen=1   cache=N lat=    0.005ms cycles≈4515
[pim-debug] op#06 op=SV       norm=output     sh=1  dim=4096  heads=16  hd=128 q_dim=2048  kv_heads=16  kv_dim=2048  o_dim=2048  ffn_dim=5504   seqlen=1280   qlen=1   cache=N lat=    0.004ms cycles≈3968
[pim-debug] op#07 op=O        norm=wo_proj    sh=1  dim=4096  heads=16  hd=128 q_dim=2048  kv_heads=16  kv_dim=2048  o_dim=2048  ffn_dim=5504   seqlen=1280   qlen=1   cache=N lat=    0.004ms cycles≈4062
[pim-debug] op#08 op=LN       norm=rmsnorm    sh=-1 dim=4096  heads=32  hd=128 q_dim=4096  kv_heads=32  kv_dim=4096  o_dim=4096  ffn_dim=11008  seqlen=1280   qlen=1   cache=N lat=    0.001ms cycles≈1314
[pim-debug] op#09 op=FFN_W3   norm=ffn_up     sh=0  dim=4096  heads=16  hd=128 q_dim=2048  kv_heads=16  kv_dim=2048  o_dim=2048  ffn_dim=5504   seqlen=1280   qlen=1   cache=N lat=    0.011ms cycles≈10896
[pim-debug] op#10 op=FFN_W1   norm=ffn_gate   sh=1  dim=4096  heads=16  hd=128 q_dim=2048  kv_heads=16  kv_dim=2048  o_dim=2048  ffn_dim=5504   seqlen=1280   qlen=1   cache=N lat=    0.012ms cycles≈11708
[pim-debug] op#11 op=SwiGLU   norm=silu       sh=1  dim=4096  heads=16  hd=128 q_dim=2048  kv_heads=16  kv_dim=2048  o_dim=2048  ffn_dim=5504   seqlen=1280   qlen=1   cache=N lat=    0.001ms cycles≈503
[pim-debug] op#12 op=FFN_W2   norm=ffn_down   sh=1  dim=4096  heads=16  hd=128 q_dim=2048  kv_heads=16  kv_dim=2048  o_dim=2048  ffn_dim=5504   seqlen=1280   qlen=1   cache=N lat=    0.011ms cycles≈11466
[pim-debug] segment total latency: 0.068 ms
========================================================================================
[pim-debug] segment_key=pim|decode|5|dfde0414e64cddd2624b90d983c73dcb
[pim-debug] sig: device_type=pim phase=decode step=5 (count_hint=1)
[pim-debug] ops_repr: LN:-1,K:0,V:0,QK:0,Softmax:0,SV:0,O:0,O:1,LN:-1,FFN_W3:0,FFN_W1:1,SwiGLU:0,FFN_W2:0,Add:-1
[pim-debug] cfg: shard_policy='fine' shards=2 dim=4096 ffn_dim=11008 n_heads=32 n_kv_heads=auto->n_heads
[pim-debug] pim_config=/lustre/home/2501111916/workspace/XPUPIM_0226_gpupim_parameter/TriForm/algorithms/aim_simulator/PIM_AiM.json
[pim-debug] ramulator_config=/lustre/home/2501111916/workspace/XPUPIM_0226_gpupim_parameter/TriForm/algorithms/aim_simulator/example.yaml
[pim-debug] cost_model config.PIM_FREQ_GHZ=1.0
[pim-debug] op plan (logical shapes inferred from schedule cfg):
  - op#00  op=LN       shard=-1  x=[1x4096] + w=[4096]  ->  y=[1x4096]  (T=1, K=1280)
  - op#01  op=K        shard=0   x=[1x4096] + w=[2048x4096]  ->  y=[1x2048]  (T=1, K=1280)
  - op#02  op=V        shard=0   x=[1x4096] + w=[2048x4096]  ->  y=[1x2048]  (T=1, K=1280)
  - op#03  op=QK       shard=0   q=[16x1x128] + k=[16x128x1280]  ->  y=[16x1x1280]  (T=1, K=1280)
  - op#04  op=Softmax  shard=0   scores=[16x1x1280]  ->  y=[16x1x1280]  (T=1, K=1280)
  - op#05  op=SV       shard=0   p=[16x1x1280] + v=[16x1280x128]  ->  y=[16x1x128]  (T=1, K=1280)
  - op#06  op=O        shard=0   x=[1x2048] + w=[4096x2048]  ->  y=[1x4096]  (T=1, K=1280)
  - op#07  op=O        shard=1   x=[1x2048] + w=[4096x2048]  ->  y=[1x4096]  (T=1, K=1280)
  - op#08  op=LN       shard=-1  x=[1x4096] + w=[4096]  ->  y=[1x4096]  (T=1, K=1280)
  - op#09  op=FFN_W3   shard=0   x=[1x4096] + w=[5504x4096]  ->  y=[1x5504]  (T=1, K=1280)
  - op#10  op=FFN_W1   shard=1   x=[1x4096] + w=[5504x4096]  ->  y=[1x5504]  (T=1, K=1280)
  - op#11  op=SwiGLU   shard=0   a=[1x5504] + b=[1x5504]  ->  y=[1x5504]  (T=1, K=1280)
  - op#12  op=FFN_W2   shard=0   x=[1x5504] + w=[4096x5504]  ->  y=[1x4096]  (T=1, K=1280)
  - op#13  op=Add      shard=-1  a=[1x4096] + b=[1x4096]  ->  y=[1x4096]  (T=1, K=1280)
[pim-debug] NOTE: CENT(AiM) trace backend internally uses x shape (1,1,dim) and handles prefill by repeating ops;
           the table below shows the *effective parameters* passed into cost_model_pim_backend for each op.
[pim-debug] op#00 op=LN       norm=rmsnorm    sh=-1 dim=4096  heads=32  hd=128 q_dim=4096  kv_heads=32  kv_dim=4096  o_dim=4096  ffn_dim=11008  seqlen=1280   qlen=1   cache=N lat=    0.001ms cycles≈1314
[pim-debug] op#01 op=K        norm=k_proj     sh=0  dim=4096  heads=16  hd=128 q_dim=2048  kv_heads=16  kv_dim=2048  o_dim=2048  ffn_dim=5504   seqlen=1280   qlen=1   cache=N lat=    0.004ms cycles≈4428
[pim-debug] op#02 op=V        norm=v_proj     sh=0  dim=4096  heads=16  hd=128 q_dim=2048  kv_heads=16  kv_dim=2048  o_dim=2048  ffn_dim=5504   seqlen=1280   qlen=1   cache=N lat=    0.004ms cycles≈4428
[pim-debug] op#03 op=QK       norm=score      sh=0  dim=4096  heads=16  hd=128 q_dim=2048  kv_heads=16  kv_dim=2048  o_dim=2048  ffn_dim=5504   seqlen=1280   qlen=1   cache=N lat=    0.005ms cycles≈5424
[pim-debug] op#04 op=Softmax  norm=softmax    sh=0  dim=4096  heads=16  hd=128 q_dim=2048  kv_heads=16  kv_dim=2048  o_dim=2048  ffn_dim=5504   seqlen=1280   qlen=1   cache=N lat=    0.005ms cycles≈4515
[pim-debug] op#05 op=SV       norm=output     sh=0  dim=4096  heads=16  hd=128 q_dim=2048  kv_heads=16  kv_dim=2048  o_dim=2048  ffn_dim=5504   seqlen=1280   qlen=1   cache=N lat=    0.004ms cycles≈3968
[pim-debug] op#06 op=O        norm=wo_proj    sh=0  dim=4096  heads=16  hd=128 q_dim=2048  kv_heads=16  kv_dim=2048  o_dim=2048  ffn_dim=5504   seqlen=1280   qlen=1   cache=N lat=    0.004ms cycles≈4062
[pim-debug] op#07 op=O        norm=wo_proj    sh=1  dim=4096  heads=16  hd=128 q_dim=2048  kv_heads=16  kv_dim=2048  o_dim=2048  ffn_dim=5504   seqlen=1280   qlen=1   cache=N lat=    0.004ms cycles≈4062
[pim-debug] op#08 op=LN       norm=rmsnorm    sh=-1 dim=4096  heads=32  hd=128 q_dim=4096  kv_heads=32  kv_dim=4096  o_dim=4096  ffn_dim=11008  seqlen=1280   qlen=1   cache=N lat=    0.001ms cycles≈1314
[pim-debug] op#09 op=FFN_W3   norm=ffn_up     sh=0  dim=4096  heads=16  hd=128 q_dim=2048  kv_heads=16  kv_dim=2048  o_dim=2048  ffn_dim=5504   seqlen=1280   qlen=1   cache=N lat=    0.011ms cycles≈10896
[pim-debug] op#10 op=FFN_W1   norm=ffn_gate   sh=1  dim=4096  heads=16  hd=128 q_dim=2048  kv_heads=16  kv_dim=2048  o_dim=2048  ffn_dim=5504   seqlen=1280   qlen=1   cache=N lat=    0.012ms cycles≈11708
[pim-debug] op#11 op=SwiGLU   norm=silu       sh=0  dim=4096  heads=16  hd=128 q_dim=2048  kv_heads=16  kv_dim=2048  o_dim=2048  ffn_dim=5504   seqlen=1280   qlen=1   cache=N lat=    0.001ms cycles≈503
[pim-debug] op#12 op=FFN_W2   norm=ffn_down   sh=0  dim=4096  heads=16  hd=128 q_dim=2048  kv_heads=16  kv_dim=2048  o_dim=2048  ffn_dim=5504   seqlen=1280   qlen=1   cache=N lat=    0.011ms cycles≈11466
[pim-debug] op#13 op=Add      norm=residual   sh=-1 dim=4096  heads=32  hd=128 q_dim=4096  kv_heads=32  kv_dim=4096  o_dim=4096  ffn_dim=11008  seqlen=1280   qlen=1   cache=N lat=    0.000ms cycles≈3
[pim-debug] segment total latency: 0.068 ms
========================================================================================
[pim-debug] segment_key=pim|decode|5|f9376ad5e0c83bcdbc006c3cfc9c65e3
[pim-debug] sig: device_type=pim phase=decode step=5 (count_hint=1)
[pim-debug] ops_repr: Q:0,Q:1,K:1,V:1,QK:1,Softmax:1,SV:1,Add:-1,FFN_W1:0,FFN_W3:1,SwiGLU:1,FFN_W2:1
[pim-debug] cfg: shard_policy='fine' shards=2 dim=4096 ffn_dim=11008 n_heads=32 n_kv_heads=auto->n_heads
[pim-debug] pim_config=/lustre/home/2501111916/workspace/XPUPIM_0226_gpupim_parameter/TriForm/algorithms/aim_simulator/PIM_AiM.json
[pim-debug] ramulator_config=/lustre/home/2501111916/workspace/XPUPIM_0226_gpupim_parameter/TriForm/algorithms/aim_simulator/example.yaml
[pim-debug] cost_model config.PIM_FREQ_GHZ=1.0
[pim-debug] op plan (logical shapes inferred from schedule cfg):
  - op#00  op=Q        shard=0   x=[1x4096] + w=[2048x4096]  ->  y=[1x2048]  (T=1, K=1280)
  - op#01  op=Q        shard=1   x=[1x4096] + w=[2048x4096]  ->  y=[1x2048]  (T=1, K=1280)
  - op#02  op=K        shard=1   x=[1x4096] + w=[2048x4096]  ->  y=[1x2048]  (T=1, K=1280)
  - op#03  op=V        shard=1   x=[1x4096] + w=[2048x4096]  ->  y=[1x2048]  (T=1, K=1280)
  - op#04  op=QK       shard=1   q=[16x1x128] + k=[16x128x1280]  ->  y=[16x1x1280]  (T=1, K=1280)
  - op#05  op=Softmax  shard=1   scores=[16x1x1280]  ->  y=[16x1x1280]  (T=1, K=1280)
  - op#06  op=SV       shard=1   p=[16x1x1280] + v=[16x1280x128]  ->  y=[16x1x128]  (T=1, K=1280)
  - op#07  op=Add      shard=-1  a=[1x4096] + b=[1x4096]  ->  y=[1x4096]  (T=1, K=1280)
  - op#08  op=FFN_W1   shard=0   x=[1x4096] + w=[5504x4096]  ->  y=[1x5504]  (T=1, K=1280)
  - op#09  op=FFN_W3   shard=1   x=[1x4096] + w=[5504x4096]  ->  y=[1x5504]  (T=1, K=1280)
  - op#10  op=SwiGLU   shard=1   a=[1x5504] + b=[1x5504]  ->  y=[1x5504]  (T=1, K=1280)
  - op#11  op=FFN_W2   shard=1   x=[1x5504] + w=[4096x5504]  ->  y=[1x4096]  (T=1, K=1280)
[pim-debug] NOTE: CENT(AiM) trace backend internally uses x shape (1,1,dim) and handles prefill by repeating ops;
           the table below shows the *effective parameters* passed into cost_model_pim_backend for each op.
[pim-debug] op#00 op=Q        norm=q_proj     sh=0  dim=4096  heads=16  hd=128 q_dim=2048  kv_heads=16  kv_dim=2048  o_dim=2048  ffn_dim=5504   seqlen=1280   qlen=1   cache=N lat=    0.004ms cycles≈4428
[pim-debug] op#01 op=Q        norm=q_proj     sh=1  dim=4096  heads=16  hd=128 q_dim=2048  kv_heads=16  kv_dim=2048  o_dim=2048  ffn_dim=5504   seqlen=1280   qlen=1   cache=N lat=    0.004ms cycles≈4428
[pim-debug] op#02 op=K        norm=k_proj     sh=1  dim=4096  heads=16  hd=128 q_dim=2048  kv_heads=16  kv_dim=2048  o_dim=2048  ffn_dim=5504   seqlen=1280   qlen=1   cache=N lat=    0.004ms cycles≈4428
[pim-debug] op#03 op=V        norm=v_proj     sh=1  dim=4096  heads=16  hd=128 q_dim=2048  kv_heads=16  kv_dim=2048  o_dim=2048  ffn_dim=5504   seqlen=1280   qlen=1   cache=N lat=    0.004ms cycles≈4428
[pim-debug] op#04 op=QK       norm=score      sh=1  dim=4096  heads=16  hd=128 q_dim=2048  kv_heads=16  kv_dim=2048  o_dim=2048  ffn_dim=5504   seqlen=1280   qlen=1   cache=N lat=    0.005ms cycles≈5424
[pim-debug] op#05 op=Softmax  norm=softmax    sh=1  dim=4096  heads=16  hd=128 q_dim=2048  kv_heads=16  kv_dim=2048  o_dim=2048  ffn_dim=5504   seqlen=1280   qlen=1   cache=N lat=    0.005ms cycles≈4515
[pim-debug] op#06 op=SV       norm=output     sh=1  dim=4096  heads=16  hd=128 q_dim=2048  kv_heads=16  kv_dim=2048  o_dim=2048  ffn_dim=5504   seqlen=1280   qlen=1   cache=N lat=    0.004ms cycles≈3968
[pim-debug] op#07 op=Add      norm=residual   sh=-1 dim=4096  heads=32  hd=128 q_dim=4096  kv_heads=32  kv_dim=4096  o_dim=4096  ffn_dim=11008  seqlen=1280   qlen=1   cache=N lat=    0.000ms cycles≈3
[pim-debug] op#08 op=FFN_W1   norm=ffn_gate   sh=0  dim=4096  heads=16  hd=128 q_dim=2048  kv_heads=16  kv_dim=2048  o_dim=2048  ffn_dim=5504   seqlen=1280   qlen=1   cache=N lat=    0.012ms cycles≈11708
[pim-debug] op#09 op=FFN_W3   norm=ffn_up     sh=1  dim=4096  heads=16  hd=128 q_dim=2048  kv_heads=16  kv_dim=2048  o_dim=2048  ffn_dim=5504   seqlen=1280   qlen=1   cache=N lat=    0.011ms cycles≈10896
[pim-debug] op#10 op=SwiGLU   norm=silu       sh=1  dim=4096  heads=16  hd=128 q_dim=2048  kv_heads=16  kv_dim=2048  o_dim=2048  ffn_dim=5504   seqlen=1280   qlen=1   cache=N lat=    0.001ms cycles≈503
[pim-debug] op#11 op=FFN_W2   norm=ffn_down   sh=1  dim=4096  heads=16  hd=128 q_dim=2048  kv_heads=16  kv_dim=2048  o_dim=2048  ffn_dim=5504   seqlen=1280   qlen=1   cache=N lat=    0.011ms cycles≈11466
[pim-debug] segment total latency: 0.066 ms
========================================================================================
[pim-debug] segment_key=pim|decode|6|b4bc49a8c43c5edb372579946f21f917
[pim-debug] sig: device_type=pim phase=decode step=6 (count_hint=31)
[pim-debug] ops_repr: Q:0,K:0,V:0,QK:0,Softmax:0,SV:0,O:0,Add:-1,FFN_W1:0,FFN_W3:1,SwiGLU:0,FFN_W2:0,Add:-1
[pim-debug] cfg: shard_policy='fine' shards=2 dim=4096 ffn_dim=11008 n_heads=32 n_kv_heads=auto->n_heads
[pim-debug] pim_config=/lustre/home/2501111916/workspace/XPUPIM_0226_gpupim_parameter/TriForm/algorithms/aim_simulator/PIM_AiM.json
[pim-debug] ramulator_config=/lustre/home/2501111916/workspace/XPUPIM_0226_gpupim_parameter/TriForm/algorithms/aim_simulator/example.yaml
[pim-debug] cost_model config.PIM_FREQ_GHZ=1.0
[pim-debug] op plan (logical shapes inferred from schedule cfg):
  - op#00  op=Q        shard=0   x=[1x4096] + w=[2048x4096]  ->  y=[1x2048]  (T=1, K=1344)
  - op#01  op=K        shard=0   x=[1x4096] + w=[2048x4096]  ->  y=[1x2048]  (T=1, K=1344)
  - op#02  op=V        shard=0   x=[1x4096] + w=[2048x4096]  ->  y=[1x2048]  (T=1, K=1344)
  - op#03  op=QK       shard=0   q=[16x1x128] + k=[16x128x1344]  ->  y=[16x1x1344]  (T=1, K=1344)
  - op#04  op=Softmax  shard=0   scores=[16x1x1344]  ->  y=[16x1x1344]  (T=1, K=1344)
  - op#05  op=SV       shard=0   p=[16x1x1344] + v=[16x1344x128]  ->  y=[16x1x128]  (T=1, K=1344)
  - op#06  op=O        shard=0   x=[1x2048] + w=[4096x2048]  ->  y=[1x4096]  (T=1, K=1344)
  - op#07  op=Add      shard=-1  a=[1x4096] + b=[1x4096]  ->  y=[1x4096]  (T=1, K=1344)
  - op#08  op=FFN_W1   shard=0   x=[1x4096] + w=[5504x4096]  ->  y=[1x5504]  (T=1, K=1344)
  - op#09  op=FFN_W3   shard=1   x=[1x4096] + w=[5504x4096]  ->  y=[1x5504]  (T=1, K=1344)
  - op#10  op=SwiGLU   shard=0   a=[1x5504] + b=[1x5504]  ->  y=[1x5504]  (T=1, K=1344)
  - op#11  op=FFN_W2   shard=0   x=[1x5504] + w=[4096x5504]  ->  y=[1x4096]  (T=1, K=1344)
  - op#12  op=Add      shard=-1  a=[1x4096] + b=[1x4096]  ->  y=[1x4096]  (T=1, K=1344)
[pim-debug] NOTE: CENT(AiM) trace backend internally uses x shape (1,1,dim) and handles prefill by repeating ops;
           the table below shows the *effective parameters* passed into cost_model_pim_backend for each op.
[pim-debug] op#00 op=Q        norm=q_proj     sh=0  dim=4096  heads=16  hd=128 q_dim=2048  kv_heads=16  kv_dim=2048  o_dim=2048  ffn_dim=5504   seqlen=1344   qlen=1   cache=N lat=    0.004ms cycles≈4428
[pim-debug] op#01 op=K        norm=k_proj     sh=0  dim=4096  heads=16  hd=128 q_dim=2048  kv_heads=16  kv_dim=2048  o_dim=2048  ffn_dim=5504   seqlen=1344   qlen=1   cache=N lat=    0.004ms cycles≈4428
[pim-debug] op#02 op=V        norm=v_proj     sh=0  dim=4096  heads=16  hd=128 q_dim=2048  kv_heads=16  kv_dim=2048  o_dim=2048  ffn_dim=5504   seqlen=1344   qlen=1   cache=N lat=    0.004ms cycles≈4428
[pim-debug] op#03 op=QK       norm=score      sh=0  dim=4096  heads=16  hd=128 q_dim=2048  kv_heads=16  kv_dim=2048  o_dim=2048  ffn_dim=5504   seqlen=1344   qlen=1   cache=N lat=    0.005ms cycles≈5424
[pim-debug] op#04 op=Softmax  norm=softmax    sh=0  dim=4096  heads=16  hd=128 q_dim=2048  kv_heads=16  kv_dim=2048  o_dim=2048  ffn_dim=5504   seqlen=1344   qlen=1   cache=N lat=    0.005ms cycles≈4723
[pim-debug] op#05 op=SV       norm=output     sh=0  dim=4096  heads=16  hd=128 q_dim=2048  kv_heads=16  kv_dim=2048  o_dim=2048  ffn_dim=5504   seqlen=1344   qlen=1   cache=N lat=    0.004ms cycles≈4040
[pim-debug] op#06 op=O        norm=wo_proj    sh=0  dim=4096  heads=16  hd=128 q_dim=2048  kv_heads=16  kv_dim=2048  o_dim=2048  ffn_dim=5504   seqlen=1344   qlen=1   cache=N lat=    0.004ms cycles≈4062
[pim-debug] op#07 op=Add      norm=residual   sh=-1 dim=4096  heads=32  hd=128 q_dim=4096  kv_heads=32  kv_dim=4096  o_dim=4096  ffn_dim=11008  seqlen=1344   qlen=1   cache=N lat=    0.000ms cycles≈3
[pim-debug] op#08 op=FFN_W1   norm=ffn_gate   sh=0  dim=4096  heads=16  hd=128 q_dim=2048  kv_heads=16  kv_dim=2048  o_dim=2048  ffn_dim=5504   seqlen=1344   qlen=1   cache=N lat=    0.012ms cycles≈11708
[pim-debug] op#09 op=FFN_W3   norm=ffn_up     sh=1  dim=4096  heads=16  hd=128 q_dim=2048  kv_heads=16  kv_dim=2048  o_dim=2048  ffn_dim=5504   seqlen=1344   qlen=1   cache=N lat=    0.011ms cycles≈10896
[pim-debug] op#10 op=SwiGLU   norm=silu       sh=0  dim=4096  heads=16  hd=128 q_dim=2048  kv_heads=16  kv_dim=2048  o_dim=2048  ffn_dim=5504   seqlen=1344   qlen=1   cache=N lat=    0.001ms cycles≈503
[pim-debug] op#11 op=FFN_W2   norm=ffn_down   sh=0  dim=4096  heads=16  hd=128 q_dim=2048  kv_heads=16  kv_dim=2048  o_dim=2048  ffn_dim=5504   seqlen=1344   qlen=1   cache=N lat=    0.011ms cycles≈11466
[pim-debug] op#12 op=Add      norm=residual   sh=-1 dim=4096  heads=32  hd=128 q_dim=4096  kv_heads=32  kv_dim=4096  o_dim=4096  ffn_dim=11008  seqlen=1344   qlen=1   cache=N lat=    0.000ms cycles≈3
[pim-debug] segment total latency: 0.066 ms
========================================================================================
[pim-debug] segment_key=pim|decode|6|baff9c2d0f1f7dac9f2d74f4ecf92e61
[pim-debug] sig: device_type=pim phase=decode step=6 (count_hint=31)
[pim-debug] ops_repr: LN:-1,Q:1,K:1,V:1,QK:1,Softmax:1,SV:1,O:1,LN:-1,FFN_W3:0,FFN_W1:1,SwiGLU:1,FFN_W2:1
[pim-debug] cfg: shard_policy='fine' shards=2 dim=4096 ffn_dim=11008 n_heads=32 n_kv_heads=auto->n_heads
[pim-debug] pim_config=/lustre/home/2501111916/workspace/XPUPIM_0226_gpupim_parameter/TriForm/algorithms/aim_simulator/PIM_AiM.json
[pim-debug] ramulator_config=/lustre/home/2501111916/workspace/XPUPIM_0226_gpupim_parameter/TriForm/algorithms/aim_simulator/example.yaml
[pim-debug] cost_model config.PIM_FREQ_GHZ=1.0
[pim-debug] op plan (logical shapes inferred from schedule cfg):
  - op#00  op=LN       shard=-1  x=[1x4096] + w=[4096]  ->  y=[1x4096]  (T=1, K=1344)
  - op#01  op=Q        shard=1   x=[1x4096] + w=[2048x4096]  ->  y=[1x2048]  (T=1, K=1344)
  - op#02  op=K        shard=1   x=[1x4096] + w=[2048x4096]  ->  y=[1x2048]  (T=1, K=1344)
  - op#03  op=V        shard=1   x=[1x4096] + w=[2048x4096]  ->  y=[1x2048]  (T=1, K=1344)
  - op#04  op=QK       shard=1   q=[16x1x128] + k=[16x128x1344]  ->  y=[16x1x1344]  (T=1, K=1344)
  - op#05  op=Softmax  shard=1   scores=[16x1x1344]  ->  y=[16x1x1344]  (T=1, K=1344)
  - op#06  op=SV       shard=1   p=[16x1x1344] + v=[16x1344x128]  ->  y=[16x1x128]  (T=1, K=1344)
  - op#07  op=O        shard=1   x=[1x2048] + w=[4096x2048]  ->  y=[1x4096]  (T=1, K=1344)
  - op#08  op=LN       shard=-1  x=[1x4096] + w=[4096]  ->  y=[1x4096]  (T=1, K=1344)
  - op#09  op=FFN_W3   shard=0   x=[1x4096] + w=[5504x4096]  ->  y=[1x5504]  (T=1, K=1344)
  - op#10  op=FFN_W1   shard=1   x=[1x4096] + w=[5504x4096]  ->  y=[1x5504]  (T=1, K=1344)
  - op#11  op=SwiGLU   shard=1   a=[1x5504] + b=[1x5504]  ->  y=[1x5504]  (T=1, K=1344)
  - op#12  op=FFN_W2   shard=1   x=[1x5504] + w=[4096x5504]  ->  y=[1x4096]  (T=1, K=1344)
[pim-debug] NOTE: CENT(AiM) trace backend internally uses x shape (1,1,dim) and handles prefill by repeating ops;
           the table below shows the *effective parameters* passed into cost_model_pim_backend for each op.
[pim-debug] op#00 op=LN       norm=rmsnorm    sh=-1 dim=4096  heads=32  hd=128 q_dim=4096  kv_heads=32  kv_dim=4096  o_dim=4096  ffn_dim=11008  seqlen=1344   qlen=1   cache=N lat=    0.001ms cycles≈1314
[pim-debug] op#01 op=Q        norm=q_proj     sh=1  dim=4096  heads=16  hd=128 q_dim=2048  kv_heads=16  kv_dim=2048  o_dim=2048  ffn_dim=5504   seqlen=1344   qlen=1   cache=N lat=    0.004ms cycles≈4428
[pim-debug] op#02 op=K        norm=k_proj     sh=1  dim=4096  heads=16  hd=128 q_dim=2048  kv_heads=16  kv_dim=2048  o_dim=2048  ffn_dim=5504   seqlen=1344   qlen=1   cache=N lat=    0.004ms cycles≈4428
[pim-debug] op#03 op=V        norm=v_proj     sh=1  dim=4096  heads=16  hd=128 q_dim=2048  kv_heads=16  kv_dim=2048  o_dim=2048  ffn_dim=5504   seqlen=1344   qlen=1   cache=N lat=    0.004ms cycles≈4428
[pim-debug] op#04 op=QK       norm=score      sh=1  dim=4096  heads=16  hd=128 q_dim=2048  kv_heads=16  kv_dim=2048  o_dim=2048  ffn_dim=5504   seqlen=1344   qlen=1   cache=N lat=    0.005ms cycles≈5424
[pim-debug] op#05 op=Softmax  norm=softmax    sh=1  dim=4096  heads=16  hd=128 q_dim=2048  kv_heads=16  kv_dim=2048  o_dim=2048  ffn_dim=5504   seqlen=1344   qlen=1   cache=N lat=    0.005ms cycles≈4723
[pim-debug] op#06 op=SV       norm=output     sh=1  dim=4096  heads=16  hd=128 q_dim=2048  kv_heads=16  kv_dim=2048  o_dim=2048  ffn_dim=5504   seqlen=1344   qlen=1   cache=N lat=    0.004ms cycles≈4040
[pim-debug] op#07 op=O        norm=wo_proj    sh=1  dim=4096  heads=16  hd=128 q_dim=2048  kv_heads=16  kv_dim=2048  o_dim=2048  ffn_dim=5504   seqlen=1344   qlen=1   cache=N lat=    0.004ms cycles≈4062
[pim-debug] op#08 op=LN       norm=rmsnorm    sh=-1 dim=4096  heads=32  hd=128 q_dim=4096  kv_heads=32  kv_dim=4096  o_dim=4096  ffn_dim=11008  seqlen=1344   qlen=1   cache=N lat=    0.001ms cycles≈1314
[pim-debug] op#09 op=FFN_W3   norm=ffn_up     sh=0  dim=4096  heads=16  hd=128 q_dim=2048  kv_heads=16  kv_dim=2048  o_dim=2048  ffn_dim=5504   seqlen=1344   qlen=1   cache=N lat=    0.011ms cycles≈10896
[pim-debug] op#10 op=FFN_W1   norm=ffn_gate   sh=1  dim=4096  heads=16  hd=128 q_dim=2048  kv_heads=16  kv_dim=2048  o_dim=2048  ffn_dim=5504   seqlen=1344   qlen=1   cache=N lat=    0.012ms cycles≈11708
[pim-debug] op#11 op=SwiGLU   norm=silu       sh=1  dim=4096  heads=16  hd=128 q_dim=2048  kv_heads=16  kv_dim=2048  o_dim=2048  ffn_dim=5504   seqlen=1344   qlen=1   cache=N lat=    0.001ms cycles≈503
[pim-debug] op#12 op=FFN_W2   norm=ffn_down   sh=1  dim=4096  heads=16  hd=128 q_dim=2048  kv_heads=16  kv_dim=2048  o_dim=2048  ffn_dim=5504   seqlen=1344   qlen=1   cache=N lat=    0.011ms cycles≈11466
[pim-debug] segment total latency: 0.069 ms
========================================================================================
[pim-debug] segment_key=pim|decode|6|dfde0414e64cddd2624b90d983c73dcb
[pim-debug] sig: device_type=pim phase=decode step=6 (count_hint=1)
[pim-debug] ops_repr: LN:-1,K:0,V:0,QK:0,Softmax:0,SV:0,O:0,O:1,LN:-1,FFN_W3:0,FFN_W1:1,SwiGLU:0,FFN_W2:0,Add:-1
[pim-debug] cfg: shard_policy='fine' shards=2 dim=4096 ffn_dim=11008 n_heads=32 n_kv_heads=auto->n_heads
[pim-debug] pim_config=/lustre/home/2501111916/workspace/XPUPIM_0226_gpupim_parameter/TriForm/algorithms/aim_simulator/PIM_AiM.json
[pim-debug] ramulator_config=/lustre/home/2501111916/workspace/XPUPIM_0226_gpupim_parameter/TriForm/algorithms/aim_simulator/example.yaml
[pim-debug] cost_model config.PIM_FREQ_GHZ=1.0
[pim-debug] op plan (logical shapes inferred from schedule cfg):
  - op#00  op=LN       shard=-1  x=[1x4096] + w=[4096]  ->  y=[1x4096]  (T=1, K=1344)
  - op#01  op=K        shard=0   x=[1x4096] + w=[2048x4096]  ->  y=[1x2048]  (T=1, K=1344)
  - op#02  op=V        shard=0   x=[1x4096] + w=[2048x4096]  ->  y=[1x2048]  (T=1, K=1344)
  - op#03  op=QK       shard=0   q=[16x1x128] + k=[16x128x1344]  ->  y=[16x1x1344]  (T=1, K=1344)
  - op#04  op=Softmax  shard=0   scores=[16x1x1344]  ->  y=[16x1x1344]  (T=1, K=1344)
  - op#05  op=SV       shard=0   p=[16x1x1344] + v=[16x1344x128]  ->  y=[16x1x128]  (T=1, K=1344)
  - op#06  op=O        shard=0   x=[1x2048] + w=[4096x2048]  ->  y=[1x4096]  (T=1, K=1344)
  - op#07  op=O        shard=1   x=[1x2048] + w=[4096x2048]  ->  y=[1x4096]  (T=1, K=1344)
  - op#08  op=LN       shard=-1  x=[1x4096] + w=[4096]  ->  y=[1x4096]  (T=1, K=1344)
  - op#09  op=FFN_W3   shard=0   x=[1x4096] + w=[5504x4096]  ->  y=[1x5504]  (T=1, K=1344)
  - op#10  op=FFN_W1   shard=1   x=[1x4096] + w=[5504x4096]  ->  y=[1x5504]  (T=1, K=1344)
  - op#11  op=SwiGLU   shard=0   a=[1x5504] + b=[1x5504]  ->  y=[1x5504]  (T=1, K=1344)
  - op#12  op=FFN_W2   shard=0   x=[1x5504] + w=[4096x5504]  ->  y=[1x4096]  (T=1, K=1344)
  - op#13  op=Add      shard=-1  a=[1x4096] + b=[1x4096]  ->  y=[1x4096]  (T=1, K=1344)
[pim-debug] NOTE: CENT(AiM) trace backend internally uses x shape (1,1,dim) and handles prefill by repeating ops;
           the table below shows the *effective parameters* passed into cost_model_pim_backend for each op.
[pim-debug] op#00 op=LN       norm=rmsnorm    sh=-1 dim=4096  heads=32  hd=128 q_dim=4096  kv_heads=32  kv_dim=4096  o_dim=4096  ffn_dim=11008  seqlen=1344   qlen=1   cache=N lat=    0.001ms cycles≈1314
[pim-debug] op#01 op=K        norm=k_proj     sh=0  dim=4096  heads=16  hd=128 q_dim=2048  kv_heads=16  kv_dim=2048  o_dim=2048  ffn_dim=5504   seqlen=1344   qlen=1   cache=N lat=    0.004ms cycles≈4428
[pim-debug] op#02 op=V        norm=v_proj     sh=0  dim=4096  heads=16  hd=128 q_dim=2048  kv_heads=16  kv_dim=2048  o_dim=2048  ffn_dim=5504   seqlen=1344   qlen=1   cache=N lat=    0.004ms cycles≈4428
[pim-debug] op#03 op=QK       norm=score      sh=0  dim=4096  heads=16  hd=128 q_dim=2048  kv_heads=16  kv_dim=2048  o_dim=2048  ffn_dim=5504   seqlen=1344   qlen=1   cache=N lat=    0.005ms cycles≈5424
[pim-debug] op#04 op=Softmax  norm=softmax    sh=0  dim=4096  heads=16  hd=128 q_dim=2048  kv_heads=16  kv_dim=2048  o_dim=2048  ffn_dim=5504   seqlen=1344   qlen=1   cache=N lat=    0.005ms cycles≈4723
[pim-debug] op#05 op=SV       norm=output     sh=0  dim=4096  heads=16  hd=128 q_dim=2048  kv_heads=16  kv_dim=2048  o_dim=2048  ffn_dim=5504   seqlen=1344   qlen=1   cache=N lat=    0.004ms cycles≈4040
[pim-debug] op#06 op=O        norm=wo_proj    sh=0  dim=4096  heads=16  hd=128 q_dim=2048  kv_heads=16  kv_dim=2048  o_dim=2048  ffn_dim=5504   seqlen=1344   qlen=1   cache=N lat=    0.004ms cycles≈4062
[pim-debug] op#07 op=O        norm=wo_proj    sh=1  dim=4096  heads=16  hd=128 q_dim=2048  kv_heads=16  kv_dim=2048  o_dim=2048  ffn_dim=5504   seqlen=1344   qlen=1   cache=N lat=    0.004ms cycles≈4062
[pim-debug] op#08 op=LN       norm=rmsnorm    sh=-1 dim=4096  heads=32  hd=128 q_dim=4096  kv_heads=32  kv_dim=4096  o_dim=4096  ffn_dim=11008  seqlen=1344   qlen=1   cache=N lat=    0.001ms cycles≈1314
[pim-debug] op#09 op=FFN_W3   norm=ffn_up     sh=0  dim=4096  heads=16  hd=128 q_dim=2048  kv_heads=16  kv_dim=2048  o_dim=2048  ffn_dim=5504   seqlen=1344   qlen=1   cache=N lat=    0.011ms cycles≈10896
[pim-debug] op#10 op=FFN_W1   norm=ffn_gate   sh=1  dim=4096  heads=16  hd=128 q_dim=2048  kv_heads=16  kv_dim=2048  o_dim=2048  ffn_dim=5504   seqlen=1344   qlen=1   cache=N lat=    0.012ms cycles≈11708
[pim-debug] op#11 op=SwiGLU   norm=silu       sh=0  dim=4096  heads=16  hd=128 q_dim=2048  kv_heads=16  kv_dim=2048  o_dim=2048  ffn_dim=5504   seqlen=1344   qlen=1   cache=N lat=    0.001ms cycles≈503
[pim-debug] op#12 op=FFN_W2   norm=ffn_down   sh=0  dim=4096  heads=16  hd=128 q_dim=2048  kv_heads=16  kv_dim=2048  o_dim=2048  ffn_dim=5504   seqlen=1344   qlen=1   cache=N lat=    0.011ms cycles≈11466
[pim-debug] op#13 op=Add      norm=residual   sh=-1 dim=4096  heads=32  hd=128 q_dim=4096  kv_heads=32  kv_dim=4096  o_dim=4096  ffn_dim=11008  seqlen=1344   qlen=1   cache=N lat=    0.000ms cycles≈3
[pim-debug] segment total latency: 0.068 ms
========================================================================================
[pim-debug] segment_key=pim|decode|6|f9376ad5e0c83bcdbc006c3cfc9c65e3
[pim-debug] sig: device_type=pim phase=decode step=6 (count_hint=1)
[pim-debug] ops_repr: Q:0,Q:1,K:1,V:1,QK:1,Softmax:1,SV:1,Add:-1,FFN_W1:0,FFN_W3:1,SwiGLU:1,FFN_W2:1
[pim-debug] cfg: shard_policy='fine' shards=2 dim=4096 ffn_dim=11008 n_heads=32 n_kv_heads=auto->n_heads
[pim-debug] pim_config=/lustre/home/2501111916/workspace/XPUPIM_0226_gpupim_parameter/TriForm/algorithms/aim_simulator/PIM_AiM.json
[pim-debug] ramulator_config=/lustre/home/2501111916/workspace/XPUPIM_0226_gpupim_parameter/TriForm/algorithms/aim_simulator/example.yaml
[pim-debug] cost_model config.PIM_FREQ_GHZ=1.0
[pim-debug] op plan (logical shapes inferred from schedule cfg):
  - op#00  op=Q        shard=0   x=[1x4096] + w=[2048x4096]  ->  y=[1x2048]  (T=1, K=1344)
  - op#01  op=Q        shard=1   x=[1x4096] + w=[2048x4096]  ->  y=[1x2048]  (T=1, K=1344)
  - op#02  op=K        shard=1   x=[1x4096] + w=[2048x4096]  ->  y=[1x2048]  (T=1, K=1344)
  - op#03  op=V        shard=1   x=[1x4096] + w=[2048x4096]  ->  y=[1x2048]  (T=1, K=1344)
  - op#04  op=QK       shard=1   q=[16x1x128] + k=[16x128x1344]  ->  y=[16x1x1344]  (T=1, K=1344)
  - op#05  op=Softmax  shard=1   scores=[16x1x1344]  ->  y=[16x1x1344]  (T=1, K=1344)
  - op#06  op=SV       shard=1   p=[16x1x1344] + v=[16x1344x128]  ->  y=[16x1x128]  (T=1, K=1344)
  - op#07  op=Add      shard=-1  a=[1x4096] + b=[1x4096]  ->  y=[1x4096]  (T=1, K=1344)
  - op#08  op=FFN_W1   shard=0   x=[1x4096] + w=[5504x4096]  ->  y=[1x5504]  (T=1, K=1344)
  - op#09  op=FFN_W3   shard=1   x=[1x4096] + w=[5504x4096]  ->  y=[1x5504]  (T=1, K=1344)
  - op#10  op=SwiGLU   shard=1   a=[1x5504] + b=[1x5504]  ->  y=[1x5504]  (T=1, K=1344)
  - op#11  op=FFN_W2   shard=1   x=[1x5504] + w=[4096x5504]  ->  y=[1x4096]  (T=1, K=1344)
[pim-debug] NOTE: CENT(AiM) trace backend internally uses x shape (1,1,dim) and handles prefill by repeating ops;
           the table below shows the *effective parameters* passed into cost_model_pim_backend for each op.
[pim-debug] op#00 op=Q        norm=q_proj     sh=0  dim=4096  heads=16  hd=128 q_dim=2048  kv_heads=16  kv_dim=2048  o_dim=2048  ffn_dim=5504   seqlen=1344   qlen=1   cache=N lat=    0.004ms cycles≈4428
[pim-debug] op#01 op=Q        norm=q_proj     sh=1  dim=4096  heads=16  hd=128 q_dim=2048  kv_heads=16  kv_dim=2048  o_dim=2048  ffn_dim=5504   seqlen=1344   qlen=1   cache=N lat=    0.004ms cycles≈4428
[pim-debug] op#02 op=K        norm=k_proj     sh=1  dim=4096  heads=16  hd=128 q_dim=2048  kv_heads=16  kv_dim=2048  o_dim=2048  ffn_dim=5504   seqlen=1344   qlen=1   cache=N lat=    0.004ms cycles≈4428
[pim-debug] op#03 op=V        norm=v_proj     sh=1  dim=4096  heads=16  hd=128 q_dim=2048  kv_heads=16  kv_dim=2048  o_dim=2048  ffn_dim=5504   seqlen=1344   qlen=1   cache=N lat=    0.004ms cycles≈4428
[pim-debug] op#04 op=QK       norm=score      sh=1  dim=4096  heads=16  hd=128 q_dim=2048  kv_heads=16  kv_dim=2048  o_dim=2048  ffn_dim=5504   seqlen=1344   qlen=1   cache=N lat=    0.005ms cycles≈5424
[pim-debug] op#05 op=Softmax  norm=softmax    sh=1  dim=4096  heads=16  hd=128 q_dim=2048  kv_heads=16  kv_dim=2048  o_dim=2048  ffn_dim=5504   seqlen=1344   qlen=1   cache=N lat=    0.005ms cycles≈4723
[pim-debug] op#06 op=SV       norm=output     sh=1  dim=4096  heads=16  hd=128 q_dim=2048  kv_heads=16  kv_dim=2048  o_dim=2048  ffn_dim=5504   seqlen=1344   qlen=1   cache=N lat=    0.004ms cycles≈4040
[pim-debug] op#07 op=Add      norm=residual   sh=-1 dim=4096  heads=32  hd=128 q_dim=4096  kv_heads=32  kv_dim=4096  o_dim=4096  ffn_dim=11008  seqlen=1344   qlen=1   cache=N lat=    0.000ms cycles≈3
[pim-debug] op#08 op=FFN_W1   norm=ffn_gate   sh=0  dim=4096  heads=16  hd=128 q_dim=2048  kv_heads=16  kv_dim=2048  o_dim=2048  ffn_dim=5504   seqlen=1344   qlen=1   cache=N lat=    0.012ms cycles≈11708
[pim-debug] op#09 op=FFN_W3   norm=ffn_up     sh=1  dim=4096  heads=16  hd=128 q_dim=2048  kv_heads=16  kv_dim=2048  o_dim=2048  ffn_dim=5504   seqlen=1344   qlen=1   cache=N lat=    0.011ms cycles≈10896
[pim-debug] op#10 op=SwiGLU   norm=silu       sh=1  dim=4096  heads=16  hd=128 q_dim=2048  kv_heads=16  kv_dim=2048  o_dim=2048  ffn_dim=5504   seqlen=1344   qlen=1   cache=N lat=    0.001ms cycles≈503
[pim-debug] op#11 op=FFN_W2   norm=ffn_down   sh=1  dim=4096  heads=16  hd=128 q_dim=2048  kv_heads=16  kv_dim=2048  o_dim=2048  ffn_dim=5504   seqlen=1344   qlen=1   cache=N lat=    0.011ms cycles≈11466
[pim-debug] segment total latency: 0.066 ms
========================================================================================
[pim-debug] segment_key=pim|decode|7|b4bc49a8c43c5edb372579946f21f917
[pim-debug] sig: device_type=pim phase=decode step=7 (count_hint=31)
[pim-debug] ops_repr: Q:0,K:0,V:0,QK:0,Softmax:0,SV:0,O:0,Add:-1,FFN_W1:0,FFN_W3:1,SwiGLU:0,FFN_W2:0,Add:-1
[pim-debug] cfg: shard_policy='fine' shards=2 dim=4096 ffn_dim=11008 n_heads=32 n_kv_heads=auto->n_heads
[pim-debug] pim_config=/lustre/home/2501111916/workspace/XPUPIM_0226_gpupim_parameter/TriForm/algorithms/aim_simulator/PIM_AiM.json
[pim-debug] ramulator_config=/lustre/home/2501111916/workspace/XPUPIM_0226_gpupim_parameter/TriForm/algorithms/aim_simulator/example.yaml
[pim-debug] cost_model config.PIM_FREQ_GHZ=1.0
[pim-debug] op plan (logical shapes inferred from schedule cfg):
  - op#00  op=Q        shard=0   x=[1x4096] + w=[2048x4096]  ->  y=[1x2048]  (T=1, K=1408)
  - op#01  op=K        shard=0   x=[1x4096] + w=[2048x4096]  ->  y=[1x2048]  (T=1, K=1408)
  - op#02  op=V        shard=0   x=[1x4096] + w=[2048x4096]  ->  y=[1x2048]  (T=1, K=1408)
  - op#03  op=QK       shard=0   q=[16x1x128] + k=[16x128x1408]  ->  y=[16x1x1408]  (T=1, K=1408)
  - op#04  op=Softmax  shard=0   scores=[16x1x1408]  ->  y=[16x1x1408]  (T=1, K=1408)
  - op#05  op=SV       shard=0   p=[16x1x1408] + v=[16x1408x128]  ->  y=[16x1x128]  (T=1, K=1408)
  - op#06  op=O        shard=0   x=[1x2048] + w=[4096x2048]  ->  y=[1x4096]  (T=1, K=1408)
  - op#07  op=Add      shard=-1  a=[1x4096] + b=[1x4096]  ->  y=[1x4096]  (T=1, K=1408)
  - op#08  op=FFN_W1   shard=0   x=[1x4096] + w=[5504x4096]  ->  y=[1x5504]  (T=1, K=1408)
  - op#09  op=FFN_W3   shard=1   x=[1x4096] + w=[5504x4096]  ->  y=[1x5504]  (T=1, K=1408)
  - op#10  op=SwiGLU   shard=0   a=[1x5504] + b=[1x5504]  ->  y=[1x5504]  (T=1, K=1408)
  - op#11  op=FFN_W2   shard=0   x=[1x5504] + w=[4096x5504]  ->  y=[1x4096]  (T=1, K=1408)
  - op#12  op=Add      shard=-1  a=[1x4096] + b=[1x4096]  ->  y=[1x4096]  (T=1, K=1408)
[pim-debug] NOTE: CENT(AiM) trace backend internally uses x shape (1,1,dim) and handles prefill by repeating ops;
           the table below shows the *effective parameters* passed into cost_model_pim_backend for each op.
[pim-debug] op#00 op=Q        norm=q_proj     sh=0  dim=4096  heads=16  hd=128 q_dim=2048  kv_heads=16  kv_dim=2048  o_dim=2048  ffn_dim=5504   seqlen=1408   qlen=1   cache=N lat=    0.004ms cycles≈4428
[pim-debug] op#01 op=K        norm=k_proj     sh=0  dim=4096  heads=16  hd=128 q_dim=2048  kv_heads=16  kv_dim=2048  o_dim=2048  ffn_dim=5504   seqlen=1408   qlen=1   cache=N lat=    0.004ms cycles≈4428
[pim-debug] op#02 op=V        norm=v_proj     sh=0  dim=4096  heads=16  hd=128 q_dim=2048  kv_heads=16  kv_dim=2048  o_dim=2048  ffn_dim=5504   seqlen=1408   qlen=1   cache=N lat=    0.004ms cycles≈4428
[pim-debug] op#03 op=QK       norm=score      sh=0  dim=4096  heads=16  hd=128 q_dim=2048  kv_heads=16  kv_dim=2048  o_dim=2048  ffn_dim=5504   seqlen=1408   qlen=1   cache=N lat=    0.005ms cycles≈5424
[pim-debug] op#04 op=Softmax  norm=softmax    sh=0  dim=4096  heads=16  hd=128 q_dim=2048  kv_heads=16  kv_dim=2048  o_dim=2048  ffn_dim=5504   seqlen=1408   qlen=1   cache=N lat=    0.005ms cycles≈4931
[pim-debug] op#05 op=SV       norm=output     sh=0  dim=4096  heads=16  hd=128 q_dim=2048  kv_heads=16  kv_dim=2048  o_dim=2048  ffn_dim=5504   seqlen=1408   qlen=1   cache=N lat=    0.004ms cycles≈4112
[pim-debug] op#06 op=O        norm=wo_proj    sh=0  dim=4096  heads=16  hd=128 q_dim=2048  kv_heads=16  kv_dim=2048  o_dim=2048  ffn_dim=5504   seqlen=1408   qlen=1   cache=N lat=    0.004ms cycles≈4062
[pim-debug] op#07 op=Add      norm=residual   sh=-1 dim=4096  heads=32  hd=128 q_dim=4096  kv_heads=32  kv_dim=4096  o_dim=4096  ffn_dim=11008  seqlen=1408   qlen=1   cache=N lat=    0.000ms cycles≈3
[pim-debug] op#08 op=FFN_W1   norm=ffn_gate   sh=0  dim=4096  heads=16  hd=128 q_dim=2048  kv_heads=16  kv_dim=2048  o_dim=2048  ffn_dim=5504   seqlen=1408   qlen=1   cache=N lat=    0.012ms cycles≈11708
[pim-debug] op#09 op=FFN_W3   norm=ffn_up     sh=1  dim=4096  heads=16  hd=128 q_dim=2048  kv_heads=16  kv_dim=2048  o_dim=2048  ffn_dim=5504   seqlen=1408   qlen=1   cache=N lat=    0.011ms cycles≈10896
[pim-debug] op#10 op=SwiGLU   norm=silu       sh=0  dim=4096  heads=16  hd=128 q_dim=2048  kv_heads=16  kv_dim=2048  o_dim=2048  ffn_dim=5504   seqlen=1408   qlen=1   cache=N lat=    0.001ms cycles≈503
[pim-debug] op#11 op=FFN_W2   norm=ffn_down   sh=0  dim=4096  heads=16  hd=128 q_dim=2048  kv_heads=16  kv_dim=2048  o_dim=2048  ffn_dim=5504   seqlen=1408   qlen=1   cache=N lat=    0.011ms cycles≈11466
[pim-debug] op#12 op=Add      norm=residual   sh=-1 dim=4096  heads=32  hd=128 q_dim=4096  kv_heads=32  kv_dim=4096  o_dim=4096  ffn_dim=11008  seqlen=1408   qlen=1   cache=N lat=    0.000ms cycles≈3
[pim-debug] segment total latency: 0.066 ms
========================================================================================
[pim-debug] segment_key=pim|decode|7|baff9c2d0f1f7dac9f2d74f4ecf92e61
[pim-debug] sig: device_type=pim phase=decode step=7 (count_hint=31)
[pim-debug] ops_repr: LN:-1,Q:1,K:1,V:1,QK:1,Softmax:1,SV:1,O:1,LN:-1,FFN_W3:0,FFN_W1:1,SwiGLU:1,FFN_W2:1
[pim-debug] cfg: shard_policy='fine' shards=2 dim=4096 ffn_dim=11008 n_heads=32 n_kv_heads=auto->n_heads
[pim-debug] pim_config=/lustre/home/2501111916/workspace/XPUPIM_0226_gpupim_parameter/TriForm/algorithms/aim_simulator/PIM_AiM.json
[pim-debug] ramulator_config=/lustre/home/2501111916/workspace/XPUPIM_0226_gpupim_parameter/TriForm/algorithms/aim_simulator/example.yaml
[pim-debug] cost_model config.PIM_FREQ_GHZ=1.0
[pim-debug] op plan (logical shapes inferred from schedule cfg):
  - op#00  op=LN       shard=-1  x=[1x4096] + w=[4096]  ->  y=[1x4096]  (T=1, K=1408)
  - op#01  op=Q        shard=1   x=[1x4096] + w=[2048x4096]  ->  y=[1x2048]  (T=1, K=1408)
  - op#02  op=K        shard=1   x=[1x4096] + w=[2048x4096]  ->  y=[1x2048]  (T=1, K=1408)
  - op#03  op=V        shard=1   x=[1x4096] + w=[2048x4096]  ->  y=[1x2048]  (T=1, K=1408)
  - op#04  op=QK       shard=1   q=[16x1x128] + k=[16x128x1408]  ->  y=[16x1x1408]  (T=1, K=1408)
  - op#05  op=Softmax  shard=1   scores=[16x1x1408]  ->  y=[16x1x1408]  (T=1, K=1408)
  - op#06  op=SV       shard=1   p=[16x1x1408] + v=[16x1408x128]  ->  y=[16x1x128]  (T=1, K=1408)
  - op#07  op=O        shard=1   x=[1x2048] + w=[4096x2048]  ->  y=[1x4096]  (T=1, K=1408)
  - op#08  op=LN       shard=-1  x=[1x4096] + w=[4096]  ->  y=[1x4096]  (T=1, K=1408)
  - op#09  op=FFN_W3   shard=0   x=[1x4096] + w=[5504x4096]  ->  y=[1x5504]  (T=1, K=1408)
  - op#10  op=FFN_W1   shard=1   x=[1x4096] + w=[5504x4096]  ->  y=[1x5504]  (T=1, K=1408)
  - op#11  op=SwiGLU   shard=1   a=[1x5504] + b=[1x5504]  ->  y=[1x5504]  (T=1, K=1408)
  - op#12  op=FFN_W2   shard=1   x=[1x5504] + w=[4096x5504]  ->  y=[1x4096]  (T=1, K=1408)
[pim-debug] NOTE: CENT(AiM) trace backend internally uses x shape (1,1,dim) and handles prefill by repeating ops;
           the table below shows the *effective parameters* passed into cost_model_pim_backend for each op.
[pim-debug] op#00 op=LN       norm=rmsnorm    sh=-1 dim=4096  heads=32  hd=128 q_dim=4096  kv_heads=32  kv_dim=4096  o_dim=4096  ffn_dim=11008  seqlen=1408   qlen=1   cache=N lat=    0.001ms cycles≈1314
[pim-debug] op#01 op=Q        norm=q_proj     sh=1  dim=4096  heads=16  hd=128 q_dim=2048  kv_heads=16  kv_dim=2048  o_dim=2048  ffn_dim=5504   seqlen=1408   qlen=1   cache=N lat=    0.004ms cycles≈4428
[pim-debug] op#02 op=K        norm=k_proj     sh=1  dim=4096  heads=16  hd=128 q_dim=2048  kv_heads=16  kv_dim=2048  o_dim=2048  ffn_dim=5504   seqlen=1408   qlen=1   cache=N lat=    0.004ms cycles≈4428
[pim-debug] op#03 op=V        norm=v_proj     sh=1  dim=4096  heads=16  hd=128 q_dim=2048  kv_heads=16  kv_dim=2048  o_dim=2048  ffn_dim=5504   seqlen=1408   qlen=1   cache=N lat=    0.004ms cycles≈4428
[pim-debug] op#04 op=QK       norm=score      sh=1  dim=4096  heads=16  hd=128 q_dim=2048  kv_heads=16  kv_dim=2048  o_dim=2048  ffn_dim=5504   seqlen=1408   qlen=1   cache=N lat=    0.005ms cycles≈5424
[pim-debug] op#05 op=Softmax  norm=softmax    sh=1  dim=4096  heads=16  hd=128 q_dim=2048  kv_heads=16  kv_dim=2048  o_dim=2048  ffn_dim=5504   seqlen=1408   qlen=1   cache=N lat=    0.005ms cycles≈4931
[pim-debug] op#06 op=SV       norm=output     sh=1  dim=4096  heads=16  hd=128 q_dim=2048  kv_heads=16  kv_dim=2048  o_dim=2048  ffn_dim=5504   seqlen=1408   qlen=1   cache=N lat=    0.004ms cycles≈4112
[pim-debug] op#07 op=O        norm=wo_proj    sh=1  dim=4096  heads=16  hd=128 q_dim=2048  kv_heads=16  kv_dim=2048  o_dim=2048  ffn_dim=5504   seqlen=1408   qlen=1   cache=N lat=    0.004ms cycles≈4062
[pim-debug] op#08 op=LN       norm=rmsnorm    sh=-1 dim=4096  heads=32  hd=128 q_dim=4096  kv_heads=32  kv_dim=4096  o_dim=4096  ffn_dim=11008  seqlen=1408   qlen=1   cache=N lat=    0.001ms cycles≈1314
[pim-debug] op#09 op=FFN_W3   norm=ffn_up     sh=0  dim=4096  heads=16  hd=128 q_dim=2048  kv_heads=16  kv_dim=2048  o_dim=2048  ffn_dim=5504   seqlen=1408   qlen=1   cache=N lat=    0.011ms cycles≈10896
[pim-debug] op#10 op=FFN_W1   norm=ffn_gate   sh=1  dim=4096  heads=16  hd=128 q_dim=2048  kv_heads=16  kv_dim=2048  o_dim=2048  ffn_dim=5504   seqlen=1408   qlen=1   cache=N lat=    0.012ms cycles≈11708
[pim-debug] op#11 op=SwiGLU   norm=silu       sh=1  dim=4096  heads=16  hd=128 q_dim=2048  kv_heads=16  kv_dim=2048  o_dim=2048  ffn_dim=5504   seqlen=1408   qlen=1   cache=N lat=    0.001ms cycles≈503
[pim-debug] op#12 op=FFN_W2   norm=ffn_down   sh=1  dim=4096  heads=16  hd=128 q_dim=2048  kv_heads=16  kv_dim=2048  o_dim=2048  ffn_dim=5504   seqlen=1408   qlen=1   cache=N lat=    0.011ms cycles≈11466
[pim-debug] segment total latency: 0.069 ms
========================================================================================
[pim-debug] segment_key=pim|decode|7|dfde0414e64cddd2624b90d983c73dcb
[pim-debug] sig: device_type=pim phase=decode step=7 (count_hint=1)
[pim-debug] ops_repr: LN:-1,K:0,V:0,QK:0,Softmax:0,SV:0,O:0,O:1,LN:-1,FFN_W3:0,FFN_W1:1,SwiGLU:0,FFN_W2:0,Add:-1
[pim-debug] cfg: shard_policy='fine' shards=2 dim=4096 ffn_dim=11008 n_heads=32 n_kv_heads=auto->n_heads
[pim-debug] pim_config=/lustre/home/2501111916/workspace/XPUPIM_0226_gpupim_parameter/TriForm/algorithms/aim_simulator/PIM_AiM.json
[pim-debug] ramulator_config=/lustre/home/2501111916/workspace/XPUPIM_0226_gpupim_parameter/TriForm/algorithms/aim_simulator/example.yaml
[pim-debug] cost_model config.PIM_FREQ_GHZ=1.0
[pim-debug] op plan (logical shapes inferred from schedule cfg):
  - op#00  op=LN       shard=-1  x=[1x4096] + w=[4096]  ->  y=[1x4096]  (T=1, K=1408)
  - op#01  op=K        shard=0   x=[1x4096] + w=[2048x4096]  ->  y=[1x2048]  (T=1, K=1408)
  - op#02  op=V        shard=0   x=[1x4096] + w=[2048x4096]  ->  y=[1x2048]  (T=1, K=1408)
  - op#03  op=QK       shard=0   q=[16x1x128] + k=[16x128x1408]  ->  y=[16x1x1408]  (T=1, K=1408)
  - op#04  op=Softmax  shard=0   scores=[16x1x1408]  ->  y=[16x1x1408]  (T=1, K=1408)
  - op#05  op=SV       shard=0   p=[16x1x1408] + v=[16x1408x128]  ->  y=[16x1x128]  (T=1, K=1408)
  - op#06  op=O        shard=0   x=[1x2048] + w=[4096x2048]  ->  y=[1x4096]  (T=1, K=1408)
  - op#07  op=O        shard=1   x=[1x2048] + w=[4096x2048]  ->  y=[1x4096]  (T=1, K=1408)
  - op#08  op=LN       shard=-1  x=[1x4096] + w=[4096]  ->  y=[1x4096]  (T=1, K=1408)
  - op#09  op=FFN_W3   shard=0   x=[1x4096] + w=[5504x4096]  ->  y=[1x5504]  (T=1, K=1408)
  - op#10  op=FFN_W1   shard=1   x=[1x4096] + w=[5504x4096]  ->  y=[1x5504]  (T=1, K=1408)
  - op#11  op=SwiGLU   shard=0   a=[1x5504] + b=[1x5504]  ->  y=[1x5504]  (T=1, K=1408)
  - op#12  op=FFN_W2   shard=0   x=[1x5504] + w=[4096x5504]  ->  y=[1x4096]  (T=1, K=1408)
  - op#13  op=Add      shard=-1  a=[1x4096] + b=[1x4096]  ->  y=[1x4096]  (T=1, K=1408)
[pim-debug] NOTE: CENT(AiM) trace backend internally uses x shape (1,1,dim) and handles prefill by repeating ops;
           the table below shows the *effective parameters* passed into cost_model_pim_backend for each op.
[pim-debug] op#00 op=LN       norm=rmsnorm    sh=-1 dim=4096  heads=32  hd=128 q_dim=4096  kv_heads=32  kv_dim=4096  o_dim=4096  ffn_dim=11008  seqlen=1408   qlen=1   cache=N lat=    0.001ms cycles≈1314
[pim-debug] op#01 op=K        norm=k_proj     sh=0  dim=4096  heads=16  hd=128 q_dim=2048  kv_heads=16  kv_dim=2048  o_dim=2048  ffn_dim=5504   seqlen=1408   qlen=1   cache=N lat=    0.004ms cycles≈4428
[pim-debug] op#02 op=V        norm=v_proj     sh=0  dim=4096  heads=16  hd=128 q_dim=2048  kv_heads=16  kv_dim=2048  o_dim=2048  ffn_dim=5504   seqlen=1408   qlen=1   cache=N lat=    0.004ms cycles≈4428
[pim-debug] op#03 op=QK       norm=score      sh=0  dim=4096  heads=16  hd=128 q_dim=2048  kv_heads=16  kv_dim=2048  o_dim=2048  ffn_dim=5504   seqlen=1408   qlen=1   cache=N lat=    0.005ms cycles≈5424
[pim-debug] op#04 op=Softmax  norm=softmax    sh=0  dim=4096  heads=16  hd=128 q_dim=2048  kv_heads=16  kv_dim=2048  o_dim=2048  ffn_dim=5504   seqlen=1408   qlen=1   cache=N lat=    0.005ms cycles≈4931
[pim-debug] op#05 op=SV       norm=output     sh=0  dim=4096  heads=16  hd=128 q_dim=2048  kv_heads=16  kv_dim=2048  o_dim=2048  ffn_dim=5504   seqlen=1408   qlen=1   cache=N lat=    0.004ms cycles≈4112
[pim-debug] op#06 op=O        norm=wo_proj    sh=0  dim=4096  heads=16  hd=128 q_dim=2048  kv_heads=16  kv_dim=2048  o_dim=2048  ffn_dim=5504   seqlen=1408   qlen=1   cache=N lat=    0.004ms cycles≈4062
[pim-debug] op#07 op=O        norm=wo_proj    sh=1  dim=4096  heads=16  hd=128 q_dim=2048  kv_heads=16  kv_dim=2048  o_dim=2048  ffn_dim=5504   seqlen=1408   qlen=1   cache=N lat=    0.004ms cycles≈4062
[pim-debug] op#08 op=LN       norm=rmsnorm    sh=-1 dim=4096  heads=32  hd=128 q_dim=4096  kv_heads=32  kv_dim=4096  o_dim=4096  ffn_dim=11008  seqlen=1408   qlen=1   cache=N lat=    0.001ms cycles≈1314
[pim-debug] op#09 op=FFN_W3   norm=ffn_up     sh=0  dim=4096  heads=16  hd=128 q_dim=2048  kv_heads=16  kv_dim=2048  o_dim=2048  ffn_dim=5504   seqlen=1408   qlen=1   cache=N lat=    0.011ms cycles≈10896
[pim-debug] op#10 op=FFN_W1   norm=ffn_gate   sh=1  dim=4096  heads=16  hd=128 q_dim=2048  kv_heads=16  kv_dim=2048  o_dim=2048  ffn_dim=5504   seqlen=1408   qlen=1   cache=N lat=    0.012ms cycles≈11708
[pim-debug] op#11 op=SwiGLU   norm=silu       sh=0  dim=4096  heads=16  hd=128 q_dim=2048  kv_heads=16  kv_dim=2048  o_dim=2048  ffn_dim=5504   seqlen=1408   qlen=1   cache=N lat=    0.001ms cycles≈503
[pim-debug] op#12 op=FFN_W2   norm=ffn_down   sh=0  dim=4096  heads=16  hd=128 q_dim=2048  kv_heads=16  kv_dim=2048  o_dim=2048  ffn_dim=5504   seqlen=1408   qlen=1   cache=N lat=    0.011ms cycles≈11466
[pim-debug] op#13 op=Add      norm=residual   sh=-1 dim=4096  heads=32  hd=128 q_dim=4096  kv_heads=32  kv_dim=4096  o_dim=4096  ffn_dim=11008  seqlen=1408   qlen=1   cache=N lat=    0.000ms cycles≈3
[pim-debug] segment total latency: 0.069 ms
========================================================================================
[pim-debug] segment_key=pim|decode|7|f9376ad5e0c83bcdbc006c3cfc9c65e3
[pim-debug] sig: device_type=pim phase=decode step=7 (count_hint=1)
[pim-debug] ops_repr: Q:0,Q:1,K:1,V:1,QK:1,Softmax:1,SV:1,Add:-1,FFN_W1:0,FFN_W3:1,SwiGLU:1,FFN_W2:1
[pim-debug] cfg: shard_policy='fine' shards=2 dim=4096 ffn_dim=11008 n_heads=32 n_kv_heads=auto->n_heads
[pim-debug] pim_config=/lustre/home/2501111916/workspace/XPUPIM_0226_gpupim_parameter/TriForm/algorithms/aim_simulator/PIM_AiM.json
[pim-debug] ramulator_config=/lustre/home/2501111916/workspace/XPUPIM_0226_gpupim_parameter/TriForm/algorithms/aim_simulator/example.yaml
[pim-debug] cost_model config.PIM_FREQ_GHZ=1.0
[pim-debug] op plan (logical shapes inferred from schedule cfg):
  - op#00  op=Q        shard=0   x=[1x4096] + w=[2048x4096]  ->  y=[1x2048]  (T=1, K=1408)
  - op#01  op=Q        shard=1   x=[1x4096] + w=[2048x4096]  ->  y=[1x2048]  (T=1, K=1408)
  - op#02  op=K        shard=1   x=[1x4096] + w=[2048x4096]  ->  y=[1x2048]  (T=1, K=1408)
  - op#03  op=V        shard=1   x=[1x4096] + w=[2048x4096]  ->  y=[1x2048]  (T=1, K=1408)
  - op#04  op=QK       shard=1   q=[16x1x128] + k=[16x128x1408]  ->  y=[16x1x1408]  (T=1, K=1408)
  - op#05  op=Softmax  shard=1   scores=[16x1x1408]  ->  y=[16x1x1408]  (T=1, K=1408)
  - op#06  op=SV       shard=1   p=[16x1x1408] + v=[16x1408x128]  ->  y=[16x1x128]  (T=1, K=1408)
  - op#07  op=Add      shard=-1  a=[1x4096] + b=[1x4096]  ->  y=[1x4096]  (T=1, K=1408)
  - op#08  op=FFN_W1   shard=0   x=[1x4096] + w=[5504x4096]  ->  y=[1x5504]  (T=1, K=1408)
  - op#09  op=FFN_W3   shard=1   x=[1x4096] + w=[5504x4096]  ->  y=[1x5504]  (T=1, K=1408)
  - op#10  op=SwiGLU   shard=1   a=[1x5504] + b=[1x5504]  ->  y=[1x5504]  (T=1, K=1408)
  - op#11  op=FFN_W2   shard=1   x=[1x5504] + w=[4096x5504]  ->  y=[1x4096]  (T=1, K=1408)
[pim-debug] NOTE: CENT(AiM) trace backend internally uses x shape (1,1,dim) and handles prefill by repeating ops;
           the table below shows the *effective parameters* passed into cost_model_pim_backend for each op.
[pim-debug] op#00 op=Q        norm=q_proj     sh=0  dim=4096  heads=16  hd=128 q_dim=2048  kv_heads=16  kv_dim=2048  o_dim=2048  ffn_dim=5504   seqlen=1408   qlen=1   cache=N lat=    0.004ms cycles≈4428
[pim-debug] op#01 op=Q        norm=q_proj     sh=1  dim=4096  heads=16  hd=128 q_dim=2048  kv_heads=16  kv_dim=2048  o_dim=2048  ffn_dim=5504   seqlen=1408   qlen=1   cache=N lat=    0.004ms cycles≈4428
[pim-debug] op#02 op=K        norm=k_proj     sh=1  dim=4096  heads=16  hd=128 q_dim=2048  kv_heads=16  kv_dim=2048  o_dim=2048  ffn_dim=5504   seqlen=1408   qlen=1   cache=N lat=    0.004ms cycles≈4428
[pim-debug] op#03 op=V        norm=v_proj     sh=1  dim=4096  heads=16  hd=128 q_dim=2048  kv_heads=16  kv_dim=2048  o_dim=2048  ffn_dim=5504   seqlen=1408   qlen=1   cache=N lat=    0.004ms cycles≈4428
[pim-debug] op#04 op=QK       norm=score      sh=1  dim=4096  heads=16  hd=128 q_dim=2048  kv_heads=16  kv_dim=2048  o_dim=2048  ffn_dim=5504   seqlen=1408   qlen=1   cache=N lat=    0.005ms cycles≈5424
[pim-debug] op#05 op=Softmax  norm=softmax    sh=1  dim=4096  heads=16  hd=128 q_dim=2048  kv_heads=16  kv_dim=2048  o_dim=2048  ffn_dim=5504   seqlen=1408   qlen=1   cache=N lat=    0.005ms cycles≈4931
[pim-debug] op#06 op=SV       norm=output     sh=1  dim=4096  heads=16  hd=128 q_dim=2048  kv_heads=16  kv_dim=2048  o_dim=2048  ffn_dim=5504   seqlen=1408   qlen=1   cache=N lat=    0.004ms cycles≈4112
[pim-debug] op#07 op=Add      norm=residual   sh=-1 dim=4096  heads=32  hd=128 q_dim=4096  kv_heads=32  kv_dim=4096  o_dim=4096  ffn_dim=11008  seqlen=1408   qlen=1   cache=N lat=    0.000ms cycles≈3
[pim-debug] op#08 op=FFN_W1   norm=ffn_gate   sh=0  dim=4096  heads=16  hd=128 q_dim=2048  kv_heads=16  kv_dim=2048  o_dim=2048  ffn_dim=5504   seqlen=1408   qlen=1   cache=N lat=    0.012ms cycles≈11708
[pim-debug] op#09 op=FFN_W3   norm=ffn_up     sh=1  dim=4096  heads=16  hd=128 q_dim=2048  kv_heads=16  kv_dim=2048  o_dim=2048  ffn_dim=5504   seqlen=1408   qlen=1   cache=N lat=    0.011ms cycles≈10896
[pim-debug] op#10 op=SwiGLU   norm=silu       sh=1  dim=4096  heads=16  hd=128 q_dim=2048  kv_heads=16  kv_dim=2048  o_dim=2048  ffn_dim=5504   seqlen=1408   qlen=1   cache=N lat=    0.001ms cycles≈503
[pim-debug] op#11 op=FFN_W2   norm=ffn_down   sh=1  dim=4096  heads=16  hd=128 q_dim=2048  kv_heads=16  kv_dim=2048  o_dim=2048  ffn_dim=5504   seqlen=1408   qlen=1   cache=N lat=    0.011ms cycles≈11466
[pim-debug] segment total latency: 0.067 ms
========================================================================================
[pim-debug] segment_key=pim|decode|8|b4bc49a8c43c5edb372579946f21f917
[pim-debug] sig: device_type=pim phase=decode step=8 (count_hint=31)
[pim-debug] ops_repr: Q:0,K:0,V:0,QK:0,Softmax:0,SV:0,O:0,Add:-1,FFN_W1:0,FFN_W3:1,SwiGLU:0,FFN_W2:0,Add:-1
[pim-debug] cfg: shard_policy='fine' shards=2 dim=4096 ffn_dim=11008 n_heads=32 n_kv_heads=auto->n_heads
[pim-debug] pim_config=/lustre/home/2501111916/workspace/XPUPIM_0226_gpupim_parameter/TriForm/algorithms/aim_simulator/PIM_AiM.json
[pim-debug] ramulator_config=/lustre/home/2501111916/workspace/XPUPIM_0226_gpupim_parameter/TriForm/algorithms/aim_simulator/example.yaml
[pim-debug] cost_model config.PIM_FREQ_GHZ=1.0
[pim-debug] op plan (logical shapes inferred from schedule cfg):
  - op#00  op=Q        shard=0   x=[1x4096] + w=[2048x4096]  ->  y=[1x2048]  (T=1, K=1472)
  - op#01  op=K        shard=0   x=[1x4096] + w=[2048x4096]  ->  y=[1x2048]  (T=1, K=1472)
  - op#02  op=V        shard=0   x=[1x4096] + w=[2048x4096]  ->  y=[1x2048]  (T=1, K=1472)
  - op#03  op=QK       shard=0   q=[16x1x128] + k=[16x128x1472]  ->  y=[16x1x1472]  (T=1, K=1472)
  - op#04  op=Softmax  shard=0   scores=[16x1x1472]  ->  y=[16x1x1472]  (T=1, K=1472)
  - op#05  op=SV       shard=0   p=[16x1x1472] + v=[16x1472x128]  ->  y=[16x1x128]  (T=1, K=1472)
  - op#06  op=O        shard=0   x=[1x2048] + w=[4096x2048]  ->  y=[1x4096]  (T=1, K=1472)
  - op#07  op=Add      shard=-1  a=[1x4096] + b=[1x4096]  ->  y=[1x4096]  (T=1, K=1472)
  - op#08  op=FFN_W1   shard=0   x=[1x4096] + w=[5504x4096]  ->  y=[1x5504]  (T=1, K=1472)
  - op#09  op=FFN_W3   shard=1   x=[1x4096] + w=[5504x4096]  ->  y=[1x5504]  (T=1, K=1472)
  - op#10  op=SwiGLU   shard=0   a=[1x5504] + b=[1x5504]  ->  y=[1x5504]  (T=1, K=1472)
  - op#11  op=FFN_W2   shard=0   x=[1x5504] + w=[4096x5504]  ->  y=[1x4096]  (T=1, K=1472)
  - op#12  op=Add      shard=-1  a=[1x4096] + b=[1x4096]  ->  y=[1x4096]  (T=1, K=1472)
[pim-debug] NOTE: CENT(AiM) trace backend internally uses x shape (1,1,dim) and handles prefill by repeating ops;
           the table below shows the *effective parameters* passed into cost_model_pim_backend for each op.
[pim-debug] op#00 op=Q        norm=q_proj     sh=0  dim=4096  heads=16  hd=128 q_dim=2048  kv_heads=16  kv_dim=2048  o_dim=2048  ffn_dim=5504   seqlen=1472   qlen=1   cache=N lat=    0.004ms cycles≈4428
[pim-debug] op#01 op=K        norm=k_proj     sh=0  dim=4096  heads=16  hd=128 q_dim=2048  kv_heads=16  kv_dim=2048  o_dim=2048  ffn_dim=5504   seqlen=1472   qlen=1   cache=N lat=    0.004ms cycles≈4428
[pim-debug] op#02 op=V        norm=v_proj     sh=0  dim=4096  heads=16  hd=128 q_dim=2048  kv_heads=16  kv_dim=2048  o_dim=2048  ffn_dim=5504   seqlen=1472   qlen=1   cache=N lat=    0.004ms cycles≈4428
[pim-debug] op#03 op=QK       norm=score      sh=0  dim=4096  heads=16  hd=128 q_dim=2048  kv_heads=16  kv_dim=2048  o_dim=2048  ffn_dim=5504   seqlen=1472   qlen=1   cache=N lat=    0.005ms cycles≈5424
[pim-debug] op#04 op=Softmax  norm=softmax    sh=0  dim=4096  heads=16  hd=128 q_dim=2048  kv_heads=16  kv_dim=2048  o_dim=2048  ffn_dim=5504   seqlen=1472   qlen=1   cache=N lat=    0.005ms cycles≈5139
[pim-debug] op#05 op=SV       norm=output     sh=0  dim=4096  heads=16  hd=128 q_dim=2048  kv_heads=16  kv_dim=2048  o_dim=2048  ffn_dim=5504   seqlen=1472   qlen=1   cache=N lat=    0.004ms cycles≈4184
[pim-debug] op#06 op=O        norm=wo_proj    sh=0  dim=4096  heads=16  hd=128 q_dim=2048  kv_heads=16  kv_dim=2048  o_dim=2048  ffn_dim=5504   seqlen=1472   qlen=1   cache=N lat=    0.004ms cycles≈4062
[pim-debug] op#07 op=Add      norm=residual   sh=-1 dim=4096  heads=32  hd=128 q_dim=4096  kv_heads=32  kv_dim=4096  o_dim=4096  ffn_dim=11008  seqlen=1472   qlen=1   cache=N lat=    0.000ms cycles≈3
[pim-debug] op#08 op=FFN_W1   norm=ffn_gate   sh=0  dim=4096  heads=16  hd=128 q_dim=2048  kv_heads=16  kv_dim=2048  o_dim=2048  ffn_dim=5504   seqlen=1472   qlen=1   cache=N lat=    0.012ms cycles≈11708
[pim-debug] op#09 op=FFN_W3   norm=ffn_up     sh=1  dim=4096  heads=16  hd=128 q_dim=2048  kv_heads=16  kv_dim=2048  o_dim=2048  ffn_dim=5504   seqlen=1472   qlen=1   cache=N lat=    0.011ms cycles≈10896
[pim-debug] op#10 op=SwiGLU   norm=silu       sh=0  dim=4096  heads=16  hd=128 q_dim=2048  kv_heads=16  kv_dim=2048  o_dim=2048  ffn_dim=5504   seqlen=1472   qlen=1   cache=N lat=    0.001ms cycles≈503
[pim-debug] op#11 op=FFN_W2   norm=ffn_down   sh=0  dim=4096  heads=16  hd=128 q_dim=2048  kv_heads=16  kv_dim=2048  o_dim=2048  ffn_dim=5504   seqlen=1472   qlen=1   cache=N lat=    0.011ms cycles≈11466
[pim-debug] op#12 op=Add      norm=residual   sh=-1 dim=4096  heads=32  hd=128 q_dim=4096  kv_heads=32  kv_dim=4096  o_dim=4096  ffn_dim=11008  seqlen=1472   qlen=1   cache=N lat=    0.000ms cycles≈3
[pim-debug] segment total latency: 0.067 ms
========================================================================================
[pim-debug] segment_key=pim|decode|8|baff9c2d0f1f7dac9f2d74f4ecf92e61
[pim-debug] sig: device_type=pim phase=decode step=8 (count_hint=31)
[pim-debug] ops_repr: LN:-1,Q:1,K:1,V:1,QK:1,Softmax:1,SV:1,O:1,LN:-1,FFN_W3:0,FFN_W1:1,SwiGLU:1,FFN_W2:1
[pim-debug] cfg: shard_policy='fine' shards=2 dim=4096 ffn_dim=11008 n_heads=32 n_kv_heads=auto->n_heads
[pim-debug] pim_config=/lustre/home/2501111916/workspace/XPUPIM_0226_gpupim_parameter/TriForm/algorithms/aim_simulator/PIM_AiM.json
[pim-debug] ramulator_config=/lustre/home/2501111916/workspace/XPUPIM_0226_gpupim_parameter/TriForm/algorithms/aim_simulator/example.yaml
[pim-debug] cost_model config.PIM_FREQ_GHZ=1.0
[pim-debug] op plan (logical shapes inferred from schedule cfg):
  - op#00  op=LN       shard=-1  x=[1x4096] + w=[4096]  ->  y=[1x4096]  (T=1, K=1472)
  - op#01  op=Q        shard=1   x=[1x4096] + w=[2048x4096]  ->  y=[1x2048]  (T=1, K=1472)
  - op#02  op=K        shard=1   x=[1x4096] + w=[2048x4096]  ->  y=[1x2048]  (T=1, K=1472)
  - op#03  op=V        shard=1   x=[1x4096] + w=[2048x4096]  ->  y=[1x2048]  (T=1, K=1472)
  - op#04  op=QK       shard=1   q=[16x1x128] + k=[16x128x1472]  ->  y=[16x1x1472]  (T=1, K=1472)
  - op#05  op=Softmax  shard=1   scores=[16x1x1472]  ->  y=[16x1x1472]  (T=1, K=1472)
  - op#06  op=SV       shard=1   p=[16x1x1472] + v=[16x1472x128]  ->  y=[16x1x128]  (T=1, K=1472)
  - op#07  op=O        shard=1   x=[1x2048] + w=[4096x2048]  ->  y=[1x4096]  (T=1, K=1472)
  - op#08  op=LN       shard=-1  x=[1x4096] + w=[4096]  ->  y=[1x4096]  (T=1, K=1472)
  - op#09  op=FFN_W3   shard=0   x=[1x4096] + w=[5504x4096]  ->  y=[1x5504]  (T=1, K=1472)
  - op#10  op=FFN_W1   shard=1   x=[1x4096] + w=[5504x4096]  ->  y=[1x5504]  (T=1, K=1472)
  - op#11  op=SwiGLU   shard=1   a=[1x5504] + b=[1x5504]  ->  y=[1x5504]  (T=1, K=1472)
  - op#12  op=FFN_W2   shard=1   x=[1x5504] + w=[4096x5504]  ->  y=[1x4096]  (T=1, K=1472)
[pim-debug] NOTE: CENT(AiM) trace backend internally uses x shape (1,1,dim) and handles prefill by repeating ops;
           the table below shows the *effective parameters* passed into cost_model_pim_backend for each op.
[pim-debug] op#00 op=LN       norm=rmsnorm    sh=-1 dim=4096  heads=32  hd=128 q_dim=4096  kv_heads=32  kv_dim=4096  o_dim=4096  ffn_dim=11008  seqlen=1472   qlen=1   cache=N lat=    0.001ms cycles≈1314
[pim-debug] op#01 op=Q        norm=q_proj     sh=1  dim=4096  heads=16  hd=128 q_dim=2048  kv_heads=16  kv_dim=2048  o_dim=2048  ffn_dim=5504   seqlen=1472   qlen=1   cache=N lat=    0.004ms cycles≈4428
[pim-debug] op#02 op=K        norm=k_proj     sh=1  dim=4096  heads=16  hd=128 q_dim=2048  kv_heads=16  kv_dim=2048  o_dim=2048  ffn_dim=5504   seqlen=1472   qlen=1   cache=N lat=    0.004ms cycles≈4428
[pim-debug] op#03 op=V        norm=v_proj     sh=1  dim=4096  heads=16  hd=128 q_dim=2048  kv_heads=16  kv_dim=2048  o_dim=2048  ffn_dim=5504   seqlen=1472   qlen=1   cache=N lat=    0.004ms cycles≈4428
[pim-debug] op#04 op=QK       norm=score      sh=1  dim=4096  heads=16  hd=128 q_dim=2048  kv_heads=16  kv_dim=2048  o_dim=2048  ffn_dim=5504   seqlen=1472   qlen=1   cache=N lat=    0.005ms cycles≈5424
[pim-debug] op#05 op=Softmax  norm=softmax    sh=1  dim=4096  heads=16  hd=128 q_dim=2048  kv_heads=16  kv_dim=2048  o_dim=2048  ffn_dim=5504   seqlen=1472   qlen=1   cache=N lat=    0.005ms cycles≈5139
[pim-debug] op#06 op=SV       norm=output     sh=1  dim=4096  heads=16  hd=128 q_dim=2048  kv_heads=16  kv_dim=2048  o_dim=2048  ffn_dim=5504   seqlen=1472   qlen=1   cache=N lat=    0.004ms cycles≈4184
[pim-debug] op#07 op=O        norm=wo_proj    sh=1  dim=4096  heads=16  hd=128 q_dim=2048  kv_heads=16  kv_dim=2048  o_dim=2048  ffn_dim=5504   seqlen=1472   qlen=1   cache=N lat=    0.004ms cycles≈4062
[pim-debug] op#08 op=LN       norm=rmsnorm    sh=-1 dim=4096  heads=32  hd=128 q_dim=4096  kv_heads=32  kv_dim=4096  o_dim=4096  ffn_dim=11008  seqlen=1472   qlen=1   cache=N lat=    0.001ms cycles≈1314
[pim-debug] op#09 op=FFN_W3   norm=ffn_up     sh=0  dim=4096  heads=16  hd=128 q_dim=2048  kv_heads=16  kv_dim=2048  o_dim=2048  ffn_dim=5504   seqlen=1472   qlen=1   cache=N lat=    0.011ms cycles≈10896
[pim-debug] op#10 op=FFN_W1   norm=ffn_gate   sh=1  dim=4096  heads=16  hd=128 q_dim=2048  kv_heads=16  kv_dim=2048  o_dim=2048  ffn_dim=5504   seqlen=1472   qlen=1   cache=N lat=    0.012ms cycles≈11708
[pim-debug] op#11 op=SwiGLU   norm=silu       sh=1  dim=4096  heads=16  hd=128 q_dim=2048  kv_heads=16  kv_dim=2048  o_dim=2048  ffn_dim=5504   seqlen=1472   qlen=1   cache=N lat=    0.001ms cycles≈503
[pim-debug] op#12 op=FFN_W2   norm=ffn_down   sh=1  dim=4096  heads=16  hd=128 q_dim=2048  kv_heads=16  kv_dim=2048  o_dim=2048  ffn_dim=5504   seqlen=1472   qlen=1   cache=N lat=    0.011ms cycles≈11466
[pim-debug] segment total latency: 0.069 ms
========================================================================================
[pim-debug] segment_key=pim|decode|8|dfde0414e64cddd2624b90d983c73dcb
[pim-debug] sig: device_type=pim phase=decode step=8 (count_hint=1)
[pim-debug] ops_repr: LN:-1,K:0,V:0,QK:0,Softmax:0,SV:0,O:0,O:1,LN:-1,FFN_W3:0,FFN_W1:1,SwiGLU:0,FFN_W2:0,Add:-1
[pim-debug] cfg: shard_policy='fine' shards=2 dim=4096 ffn_dim=11008 n_heads=32 n_kv_heads=auto->n_heads
[pim-debug] pim_config=/lustre/home/2501111916/workspace/XPUPIM_0226_gpupim_parameter/TriForm/algorithms/aim_simulator/PIM_AiM.json
[pim-debug] ramulator_config=/lustre/home/2501111916/workspace/XPUPIM_0226_gpupim_parameter/TriForm/algorithms/aim_simulator/example.yaml
[pim-debug] cost_model config.PIM_FREQ_GHZ=1.0
[pim-debug] op plan (logical shapes inferred from schedule cfg):
  - op#00  op=LN       shard=-1  x=[1x4096] + w=[4096]  ->  y=[1x4096]  (T=1, K=1472)
  - op#01  op=K        shard=0   x=[1x4096] + w=[2048x4096]  ->  y=[1x2048]  (T=1, K=1472)
  - op#02  op=V        shard=0   x=[1x4096] + w=[2048x4096]  ->  y=[1x2048]  (T=1, K=1472)
  - op#03  op=QK       shard=0   q=[16x1x128] + k=[16x128x1472]  ->  y=[16x1x1472]  (T=1, K=1472)
  - op#04  op=Softmax  shard=0   scores=[16x1x1472]  ->  y=[16x1x1472]  (T=1, K=1472)
  - op#05  op=SV       shard=0   p=[16x1x1472] + v=[16x1472x128]  ->  y=[16x1x128]  (T=1, K=1472)
  - op#06  op=O        shard=0   x=[1x2048] + w=[4096x2048]  ->  y=[1x4096]  (T=1, K=1472)
  - op#07  op=O        shard=1   x=[1x2048] + w=[4096x2048]  ->  y=[1x4096]  (T=1, K=1472)
  - op#08  op=LN       shard=-1  x=[1x4096] + w=[4096]  ->  y=[1x4096]  (T=1, K=1472)
  - op#09  op=FFN_W3   shard=0   x=[1x4096] + w=[5504x4096]  ->  y=[1x5504]  (T=1, K=1472)
  - op#10  op=FFN_W1   shard=1   x=[1x4096] + w=[5504x4096]  ->  y=[1x5504]  (T=1, K=1472)
  - op#11  op=SwiGLU   shard=0   a=[1x5504] + b=[1x5504]  ->  y=[1x5504]  (T=1, K=1472)
  - op#12  op=FFN_W2   shard=0   x=[1x5504] + w=[4096x5504]  ->  y=[1x4096]  (T=1, K=1472)
  - op#13  op=Add      shard=-1  a=[1x4096] + b=[1x4096]  ->  y=[1x4096]  (T=1, K=1472)
[pim-debug] NOTE: CENT(AiM) trace backend internally uses x shape (1,1,dim) and handles prefill by repeating ops;
           the table below shows the *effective parameters* passed into cost_model_pim_backend for each op.
[pim-debug] op#00 op=LN       norm=rmsnorm    sh=-1 dim=4096  heads=32  hd=128 q_dim=4096  kv_heads=32  kv_dim=4096  o_dim=4096  ffn_dim=11008  seqlen=1472   qlen=1   cache=N lat=    0.001ms cycles≈1314
[pim-debug] op#01 op=K        norm=k_proj     sh=0  dim=4096  heads=16  hd=128 q_dim=2048  kv_heads=16  kv_dim=2048  o_dim=2048  ffn_dim=5504   seqlen=1472   qlen=1   cache=N lat=    0.004ms cycles≈4428
[pim-debug] op#02 op=V        norm=v_proj     sh=0  dim=4096  heads=16  hd=128 q_dim=2048  kv_heads=16  kv_dim=2048  o_dim=2048  ffn_dim=5504   seqlen=1472   qlen=1   cache=N lat=    0.004ms cycles≈4428
[pim-debug] op#03 op=QK       norm=score      sh=0  dim=4096  heads=16  hd=128 q_dim=2048  kv_heads=16  kv_dim=2048  o_dim=2048  ffn_dim=5504   seqlen=1472   qlen=1   cache=N lat=    0.005ms cycles≈5424
[pim-debug] op#04 op=Softmax  norm=softmax    sh=0  dim=4096  heads=16  hd=128 q_dim=2048  kv_heads=16  kv_dim=2048  o_dim=2048  ffn_dim=5504   seqlen=1472   qlen=1   cache=N lat=    0.005ms cycles≈5139
[pim-debug] op#05 op=SV       norm=output     sh=0  dim=4096  heads=16  hd=128 q_dim=2048  kv_heads=16  kv_dim=2048  o_dim=2048  ffn_dim=5504   seqlen=1472   qlen=1   cache=N lat=    0.004ms cycles≈4184
[pim-debug] op#06 op=O        norm=wo_proj    sh=0  dim=4096  heads=16  hd=128 q_dim=2048  kv_heads=16  kv_dim=2048  o_dim=2048  ffn_dim=5504   seqlen=1472   qlen=1   cache=N lat=    0.004ms cycles≈4062
[pim-debug] op#07 op=O        norm=wo_proj    sh=1  dim=4096  heads=16  hd=128 q_dim=2048  kv_heads=16  kv_dim=2048  o_dim=2048  ffn_dim=5504   seqlen=1472   qlen=1   cache=N lat=    0.004ms cycles≈4062
[pim-debug] op#08 op=LN       norm=rmsnorm    sh=-1 dim=4096  heads=32  hd=128 q_dim=4096  kv_heads=32  kv_dim=4096  o_dim=4096  ffn_dim=11008  seqlen=1472   qlen=1   cache=N lat=    0.001ms cycles≈1314
[pim-debug] op#09 op=FFN_W3   norm=ffn_up     sh=0  dim=4096  heads=16  hd=128 q_dim=2048  kv_heads=16  kv_dim=2048  o_dim=2048  ffn_dim=5504   seqlen=1472   qlen=1   cache=N lat=    0.011ms cycles≈10896
[pim-debug] op#10 op=FFN_W1   norm=ffn_gate   sh=1  dim=4096  heads=16  hd=128 q_dim=2048  kv_heads=16  kv_dim=2048  o_dim=2048  ffn_dim=5504   seqlen=1472   qlen=1   cache=N lat=    0.012ms cycles≈11708
[pim-debug] op#11 op=SwiGLU   norm=silu       sh=0  dim=4096  heads=16  hd=128 q_dim=2048  kv_heads=16  kv_dim=2048  o_dim=2048  ffn_dim=5504   seqlen=1472   qlen=1   cache=N lat=    0.001ms cycles≈503
[pim-debug] op#12 op=FFN_W2   norm=ffn_down   sh=0  dim=4096  heads=16  hd=128 q_dim=2048  kv_heads=16  kv_dim=2048  o_dim=2048  ffn_dim=5504   seqlen=1472   qlen=1   cache=N lat=    0.011ms cycles≈11466
[pim-debug] op#13 op=Add      norm=residual   sh=-1 dim=4096  heads=32  hd=128 q_dim=4096  kv_heads=32  kv_dim=4096  o_dim=4096  ffn_dim=11008  seqlen=1472   qlen=1   cache=N lat=    0.000ms cycles≈3
[pim-debug] segment total latency: 0.069 ms
========================================================================================
[pim-debug] segment_key=pim|decode|8|f9376ad5e0c83bcdbc006c3cfc9c65e3
[pim-debug] sig: device_type=pim phase=decode step=8 (count_hint=1)
[pim-debug] ops_repr: Q:0,Q:1,K:1,V:1,QK:1,Softmax:1,SV:1,Add:-1,FFN_W1:0,FFN_W3:1,SwiGLU:1,FFN_W2:1
[pim-debug] cfg: shard_policy='fine' shards=2 dim=4096 ffn_dim=11008 n_heads=32 n_kv_heads=auto->n_heads
[pim-debug] pim_config=/lustre/home/2501111916/workspace/XPUPIM_0226_gpupim_parameter/TriForm/algorithms/aim_simulator/PIM_AiM.json
[pim-debug] ramulator_config=/lustre/home/2501111916/workspace/XPUPIM_0226_gpupim_parameter/TriForm/algorithms/aim_simulator/example.yaml
[pim-debug] cost_model config.PIM_FREQ_GHZ=1.0
[pim-debug] op plan (logical shapes inferred from schedule cfg):
  - op#00  op=Q        shard=0   x=[1x4096] + w=[2048x4096]  ->  y=[1x2048]  (T=1, K=1472)
  - op#01  op=Q        shard=1   x=[1x4096] + w=[2048x4096]  ->  y=[1x2048]  (T=1, K=1472)
  - op#02  op=K        shard=1   x=[1x4096] + w=[2048x4096]  ->  y=[1x2048]  (T=1, K=1472)
  - op#03  op=V        shard=1   x=[1x4096] + w=[2048x4096]  ->  y=[1x2048]  (T=1, K=1472)
  - op#04  op=QK       shard=1   q=[16x1x128] + k=[16x128x1472]  ->  y=[16x1x1472]  (T=1, K=1472)
  - op#05  op=Softmax  shard=1   scores=[16x1x1472]  ->  y=[16x1x1472]  (T=1, K=1472)
  - op#06  op=SV       shard=1   p=[16x1x1472] + v=[16x1472x128]  ->  y=[16x1x128]  (T=1, K=1472)
  - op#07  op=Add      shard=-1  a=[1x4096] + b=[1x4096]  ->  y=[1x4096]  (T=1, K=1472)
  - op#08  op=FFN_W1   shard=0   x=[1x4096] + w=[5504x4096]  ->  y=[1x5504]  (T=1, K=1472)
  - op#09  op=FFN_W3   shard=1   x=[1x4096] + w=[5504x4096]  ->  y=[1x5504]  (T=1, K=1472)
  - op#10  op=SwiGLU   shard=1   a=[1x5504] + b=[1x5504]  ->  y=[1x5504]  (T=1, K=1472)
  - op#11  op=FFN_W2   shard=1   x=[1x5504] + w=[4096x5504]  ->  y=[1x4096]  (T=1, K=1472)
[pim-debug] NOTE: CENT(AiM) trace backend internally uses x shape (1,1,dim) and handles prefill by repeating ops;
           the table below shows the *effective parameters* passed into cost_model_pim_backend for each op.
[pim-debug] op#00 op=Q        norm=q_proj     sh=0  dim=4096  heads=16  hd=128 q_dim=2048  kv_heads=16  kv_dim=2048  o_dim=2048  ffn_dim=5504   seqlen=1472   qlen=1   cache=N lat=    0.004ms cycles≈4428
[pim-debug] op#01 op=Q        norm=q_proj     sh=1  dim=4096  heads=16  hd=128 q_dim=2048  kv_heads=16  kv_dim=2048  o_dim=2048  ffn_dim=5504   seqlen=1472   qlen=1   cache=N lat=    0.004ms cycles≈4428
[pim-debug] op#02 op=K        norm=k_proj     sh=1  dim=4096  heads=16  hd=128 q_dim=2048  kv_heads=16  kv_dim=2048  o_dim=2048  ffn_dim=5504   seqlen=1472   qlen=1   cache=N lat=    0.004ms cycles≈4428
[pim-debug] op#03 op=V        norm=v_proj     sh=1  dim=4096  heads=16  hd=128 q_dim=2048  kv_heads=16  kv_dim=2048  o_dim=2048  ffn_dim=5504   seqlen=1472   qlen=1   cache=N lat=    0.004ms cycles≈4428
[pim-debug] op#04 op=QK       norm=score      sh=1  dim=4096  heads=16  hd=128 q_dim=2048  kv_heads=16  kv_dim=2048  o_dim=2048  ffn_dim=5504   seqlen=1472   qlen=1   cache=N lat=    0.005ms cycles≈5424
[pim-debug] op#05 op=Softmax  norm=softmax    sh=1  dim=4096  heads=16  hd=128 q_dim=2048  kv_heads=16  kv_dim=2048  o_dim=2048  ffn_dim=5504   seqlen=1472   qlen=1   cache=N lat=    0.005ms cycles≈5139
[pim-debug] op#06 op=SV       norm=output     sh=1  dim=4096  heads=16  hd=128 q_dim=2048  kv_heads=16  kv_dim=2048  o_dim=2048  ffn_dim=5504   seqlen=1472   qlen=1   cache=N lat=    0.004ms cycles≈4184
[pim-debug] op#07 op=Add      norm=residual   sh=-1 dim=4096  heads=32  hd=128 q_dim=4096  kv_heads=32  kv_dim=4096  o_dim=4096  ffn_dim=11008  seqlen=1472   qlen=1   cache=N lat=    0.000ms cycles≈3
[pim-debug] op#08 op=FFN_W1   norm=ffn_gate   sh=0  dim=4096  heads=16  hd=128 q_dim=2048  kv_heads=16  kv_dim=2048  o_dim=2048  ffn_dim=5504   seqlen=1472   qlen=1   cache=N lat=    0.012ms cycles≈11708
[pim-debug] op#09 op=FFN_W3   norm=ffn_up     sh=1  dim=4096  heads=16  hd=128 q_dim=2048  kv_heads=16  kv_dim=2048  o_dim=2048  ffn_dim=5504   seqlen=1472   qlen=1   cache=N lat=    0.011ms cycles≈10896
[pim-debug] op#10 op=SwiGLU   norm=silu       sh=1  dim=4096  heads=16  hd=128 q_dim=2048  kv_heads=16  kv_dim=2048  o_dim=2048  ffn_dim=5504   seqlen=1472   qlen=1   cache=N lat=    0.001ms cycles≈503
[pim-debug] op#11 op=FFN_W2   norm=ffn_down   sh=1  dim=4096  heads=16  hd=128 q_dim=2048  kv_heads=16  kv_dim=2048  o_dim=2048  ffn_dim=5504   seqlen=1472   qlen=1   cache=N lat=    0.011ms cycles≈11466
[pim-debug] segment total latency: 0.067 ms
========================================================================================
[pim-debug] segment_key=pim|decode|9|b4bc49a8c43c5edb372579946f21f917
[pim-debug] sig: device_type=pim phase=decode step=9 (count_hint=31)
[pim-debug] ops_repr: Q:0,K:0,V:0,QK:0,Softmax:0,SV:0,O:0,Add:-1,FFN_W1:0,FFN_W3:1,SwiGLU:0,FFN_W2:0,Add:-1
[pim-debug] cfg: shard_policy='fine' shards=2 dim=4096 ffn_dim=11008 n_heads=32 n_kv_heads=auto->n_heads
[pim-debug] pim_config=/lustre/home/2501111916/workspace/XPUPIM_0226_gpupim_parameter/TriForm/algorithms/aim_simulator/PIM_AiM.json
[pim-debug] ramulator_config=/lustre/home/2501111916/workspace/XPUPIM_0226_gpupim_parameter/TriForm/algorithms/aim_simulator/example.yaml
[pim-debug] cost_model config.PIM_FREQ_GHZ=1.0
[pim-debug] op plan (logical shapes inferred from schedule cfg):
  - op#00  op=Q        shard=0   x=[1x4096] + w=[2048x4096]  ->  y=[1x2048]  (T=1, K=1536)
  - op#01  op=K        shard=0   x=[1x4096] + w=[2048x4096]  ->  y=[1x2048]  (T=1, K=1536)
  - op#02  op=V        shard=0   x=[1x4096] + w=[2048x4096]  ->  y=[1x2048]  (T=1, K=1536)
  - op#03  op=QK       shard=0   q=[16x1x128] + k=[16x128x1536]  ->  y=[16x1x1536]  (T=1, K=1536)
  - op#04  op=Softmax  shard=0   scores=[16x1x1536]  ->  y=[16x1x1536]  (T=1, K=1536)
  - op#05  op=SV       shard=0   p=[16x1x1536] + v=[16x1536x128]  ->  y=[16x1x128]  (T=1, K=1536)
  - op#06  op=O        shard=0   x=[1x2048] + w=[4096x2048]  ->  y=[1x4096]  (T=1, K=1536)
  - op#07  op=Add      shard=-1  a=[1x4096] + b=[1x4096]  ->  y=[1x4096]  (T=1, K=1536)
  - op#08  op=FFN_W1   shard=0   x=[1x4096] + w=[5504x4096]  ->  y=[1x5504]  (T=1, K=1536)
  - op#09  op=FFN_W3   shard=1   x=[1x4096] + w=[5504x4096]  ->  y=[1x5504]  (T=1, K=1536)
  - op#10  op=SwiGLU   shard=0   a=[1x5504] + b=[1x5504]  ->  y=[1x5504]  (T=1, K=1536)
  - op#11  op=FFN_W2   shard=0   x=[1x5504] + w=[4096x5504]  ->  y=[1x4096]  (T=1, K=1536)
  - op#12  op=Add      shard=-1  a=[1x4096] + b=[1x4096]  ->  y=[1x4096]  (T=1, K=1536)
[pim-debug] NOTE: CENT(AiM) trace backend internally uses x shape (1,1,dim) and handles prefill by repeating ops;
           the table below shows the *effective parameters* passed into cost_model_pim_backend for each op.
[pim-debug] op#00 op=Q        norm=q_proj     sh=0  dim=4096  heads=16  hd=128 q_dim=2048  kv_heads=16  kv_dim=2048  o_dim=2048  ffn_dim=5504   seqlen=1536   qlen=1   cache=N lat=    0.004ms cycles≈4428
[pim-debug] op#01 op=K        norm=k_proj     sh=0  dim=4096  heads=16  hd=128 q_dim=2048  kv_heads=16  kv_dim=2048  o_dim=2048  ffn_dim=5504   seqlen=1536   qlen=1   cache=N lat=    0.004ms cycles≈4428
[pim-debug] op#02 op=V        norm=v_proj     sh=0  dim=4096  heads=16  hd=128 q_dim=2048  kv_heads=16  kv_dim=2048  o_dim=2048  ffn_dim=5504   seqlen=1536   qlen=1   cache=N lat=    0.004ms cycles≈4428
[pim-debug] op#03 op=QK       norm=score      sh=0  dim=4096  heads=16  hd=128 q_dim=2048  kv_heads=16  kv_dim=2048  o_dim=2048  ffn_dim=5504   seqlen=1536   qlen=1   cache=N lat=    0.005ms cycles≈5424
[pim-debug] op#04 op=Softmax  norm=softmax    sh=0  dim=4096  heads=16  hd=128 q_dim=2048  kv_heads=16  kv_dim=2048  o_dim=2048  ffn_dim=5504   seqlen=1536   qlen=1   cache=N lat=    0.005ms cycles≈5347
[pim-debug] op#05 op=SV       norm=output     sh=0  dim=4096  heads=16  hd=128 q_dim=2048  kv_heads=16  kv_dim=2048  o_dim=2048  ffn_dim=5504   seqlen=1536   qlen=1   cache=N lat=    0.004ms cycles≈4256
[pim-debug] op#06 op=O        norm=wo_proj    sh=0  dim=4096  heads=16  hd=128 q_dim=2048  kv_heads=16  kv_dim=2048  o_dim=2048  ffn_dim=5504   seqlen=1536   qlen=1   cache=N lat=    0.004ms cycles≈4062
[pim-debug] op#07 op=Add      norm=residual   sh=-1 dim=4096  heads=32  hd=128 q_dim=4096  kv_heads=32  kv_dim=4096  o_dim=4096  ffn_dim=11008  seqlen=1536   qlen=1   cache=N lat=    0.000ms cycles≈3
[pim-debug] op#08 op=FFN_W1   norm=ffn_gate   sh=0  dim=4096  heads=16  hd=128 q_dim=2048  kv_heads=16  kv_dim=2048  o_dim=2048  ffn_dim=5504   seqlen=1536   qlen=1   cache=N lat=    0.012ms cycles≈11708
[pim-debug] op#09 op=FFN_W3   norm=ffn_up     sh=1  dim=4096  heads=16  hd=128 q_dim=2048  kv_heads=16  kv_dim=2048  o_dim=2048  ffn_dim=5504   seqlen=1536   qlen=1   cache=N lat=    0.011ms cycles≈10896
[pim-debug] op#10 op=SwiGLU   norm=silu       sh=0  dim=4096  heads=16  hd=128 q_dim=2048  kv_heads=16  kv_dim=2048  o_dim=2048  ffn_dim=5504   seqlen=1536   qlen=1   cache=N lat=    0.001ms cycles≈503
[pim-debug] op#11 op=FFN_W2   norm=ffn_down   sh=0  dim=4096  heads=16  hd=128 q_dim=2048  kv_heads=16  kv_dim=2048  o_dim=2048  ffn_dim=5504   seqlen=1536   qlen=1   cache=N lat=    0.011ms cycles≈11466
[pim-debug] op#12 op=Add      norm=residual   sh=-1 dim=4096  heads=32  hd=128 q_dim=4096  kv_heads=32  kv_dim=4096  o_dim=4096  ffn_dim=11008  seqlen=1536   qlen=1   cache=N lat=    0.000ms cycles≈3
[pim-debug] segment total latency: 0.067 ms
========================================================================================
[pim-debug] segment_key=pim|decode|9|baff9c2d0f1f7dac9f2d74f4ecf92e61
[pim-debug] sig: device_type=pim phase=decode step=9 (count_hint=31)
[pim-debug] ops_repr: LN:-1,Q:1,K:1,V:1,QK:1,Softmax:1,SV:1,O:1,LN:-1,FFN_W3:0,FFN_W1:1,SwiGLU:1,FFN_W2:1
[pim-debug] cfg: shard_policy='fine' shards=2 dim=4096 ffn_dim=11008 n_heads=32 n_kv_heads=auto->n_heads
[pim-debug] pim_config=/lustre/home/2501111916/workspace/XPUPIM_0226_gpupim_parameter/TriForm/algorithms/aim_simulator/PIM_AiM.json
[pim-debug] ramulator_config=/lustre/home/2501111916/workspace/XPUPIM_0226_gpupim_parameter/TriForm/algorithms/aim_simulator/example.yaml
[pim-debug] cost_model config.PIM_FREQ_GHZ=1.0
[pim-debug] op plan (logical shapes inferred from schedule cfg):
  - op#00  op=LN       shard=-1  x=[1x4096] + w=[4096]  ->  y=[1x4096]  (T=1, K=1536)
  - op#01  op=Q        shard=1   x=[1x4096] + w=[2048x4096]  ->  y=[1x2048]  (T=1, K=1536)
  - op#02  op=K        shard=1   x=[1x4096] + w=[2048x4096]  ->  y=[1x2048]  (T=1, K=1536)
  - op#03  op=V        shard=1   x=[1x4096] + w=[2048x4096]  ->  y=[1x2048]  (T=1, K=1536)
  - op#04  op=QK       shard=1   q=[16x1x128] + k=[16x128x1536]  ->  y=[16x1x1536]  (T=1, K=1536)
  - op#05  op=Softmax  shard=1   scores=[16x1x1536]  ->  y=[16x1x1536]  (T=1, K=1536)
  - op#06  op=SV       shard=1   p=[16x1x1536] + v=[16x1536x128]  ->  y=[16x1x128]  (T=1, K=1536)
  - op#07  op=O        shard=1   x=[1x2048] + w=[4096x2048]  ->  y=[1x4096]  (T=1, K=1536)
  - op#08  op=LN       shard=-1  x=[1x4096] + w=[4096]  ->  y=[1x4096]  (T=1, K=1536)
  - op#09  op=FFN_W3   shard=0   x=[1x4096] + w=[5504x4096]  ->  y=[1x5504]  (T=1, K=1536)
  - op#10  op=FFN_W1   shard=1   x=[1x4096] + w=[5504x4096]  ->  y=[1x5504]  (T=1, K=1536)
  - op#11  op=SwiGLU   shard=1   a=[1x5504] + b=[1x5504]  ->  y=[1x5504]  (T=1, K=1536)
  - op#12  op=FFN_W2   shard=1   x=[1x5504] + w=[4096x5504]  ->  y=[1x4096]  (T=1, K=1536)
[pim-debug] NOTE: CENT(AiM) trace backend internally uses x shape (1,1,dim) and handles prefill by repeating ops;
           the table below shows the *effective parameters* passed into cost_model_pim_backend for each op.
[pim-debug] op#00 op=LN       norm=rmsnorm    sh=-1 dim=4096  heads=32  hd=128 q_dim=4096  kv_heads=32  kv_dim=4096  o_dim=4096  ffn_dim=11008  seqlen=1536   qlen=1   cache=N lat=    0.001ms cycles≈1314
[pim-debug] op#01 op=Q        norm=q_proj     sh=1  dim=4096  heads=16  hd=128 q_dim=2048  kv_heads=16  kv_dim=2048  o_dim=2048  ffn_dim=5504   seqlen=1536   qlen=1   cache=N lat=    0.004ms cycles≈4428
[pim-debug] op#02 op=K        norm=k_proj     sh=1  dim=4096  heads=16  hd=128 q_dim=2048  kv_heads=16  kv_dim=2048  o_dim=2048  ffn_dim=5504   seqlen=1536   qlen=1   cache=N lat=    0.004ms cycles≈4428
[pim-debug] op#03 op=V        norm=v_proj     sh=1  dim=4096  heads=16  hd=128 q_dim=2048  kv_heads=16  kv_dim=2048  o_dim=2048  ffn_dim=5504   seqlen=1536   qlen=1   cache=N lat=    0.004ms cycles≈4428
[pim-debug] op#04 op=QK       norm=score      sh=1  dim=4096  heads=16  hd=128 q_dim=2048  kv_heads=16  kv_dim=2048  o_dim=2048  ffn_dim=5504   seqlen=1536   qlen=1   cache=N lat=    0.005ms cycles≈5424
[pim-debug] op#05 op=Softmax  norm=softmax    sh=1  dim=4096  heads=16  hd=128 q_dim=2048  kv_heads=16  kv_dim=2048  o_dim=2048  ffn_dim=5504   seqlen=1536   qlen=1   cache=N lat=    0.005ms cycles≈5347
[pim-debug] op#06 op=SV       norm=output     sh=1  dim=4096  heads=16  hd=128 q_dim=2048  kv_heads=16  kv_dim=2048  o_dim=2048  ffn_dim=5504   seqlen=1536   qlen=1   cache=N lat=    0.004ms cycles≈4256
[pim-debug] op#07 op=O        norm=wo_proj    sh=1  dim=4096  heads=16  hd=128 q_dim=2048  kv_heads=16  kv_dim=2048  o_dim=2048  ffn_dim=5504   seqlen=1536   qlen=1   cache=N lat=    0.004ms cycles≈4062
[pim-debug] op#08 op=LN       norm=rmsnorm    sh=-1 dim=4096  heads=32  hd=128 q_dim=4096  kv_heads=32  kv_dim=4096  o_dim=4096  ffn_dim=11008  seqlen=1536   qlen=1   cache=N lat=    0.001ms cycles≈1314
[pim-debug] op#09 op=FFN_W3   norm=ffn_up     sh=0  dim=4096  heads=16  hd=128 q_dim=2048  kv_heads=16  kv_dim=2048  o_dim=2048  ffn_dim=5504   seqlen=1536   qlen=1   cache=N lat=    0.011ms cycles≈10896
[pim-debug] op#10 op=FFN_W1   norm=ffn_gate   sh=1  dim=4096  heads=16  hd=128 q_dim=2048  kv_heads=16  kv_dim=2048  o_dim=2048  ffn_dim=5504   seqlen=1536   qlen=1   cache=N lat=    0.012ms cycles≈11708
[pim-debug] op#11 op=SwiGLU   norm=silu       sh=1  dim=4096  heads=16  hd=128 q_dim=2048  kv_heads=16  kv_dim=2048  o_dim=2048  ffn_dim=5504   seqlen=1536   qlen=1   cache=N lat=    0.001ms cycles≈503
[pim-debug] op#12 op=FFN_W2   norm=ffn_down   sh=1  dim=4096  heads=16  hd=128 q_dim=2048  kv_heads=16  kv_dim=2048  o_dim=2048  ffn_dim=5504   seqlen=1536   qlen=1   cache=N lat=    0.011ms cycles≈11466
[pim-debug] segment total latency: 0.070 ms
========================================================================================
[pim-debug] segment_key=pim|decode|9|dfde0414e64cddd2624b90d983c73dcb
[pim-debug] sig: device_type=pim phase=decode step=9 (count_hint=1)
[pim-debug] ops_repr: LN:-1,K:0,V:0,QK:0,Softmax:0,SV:0,O:0,O:1,LN:-1,FFN_W3:0,FFN_W1:1,SwiGLU:0,FFN_W2:0,Add:-1
[pim-debug] cfg: shard_policy='fine' shards=2 dim=4096 ffn_dim=11008 n_heads=32 n_kv_heads=auto->n_heads
[pim-debug] pim_config=/lustre/home/2501111916/workspace/XPUPIM_0226_gpupim_parameter/TriForm/algorithms/aim_simulator/PIM_AiM.json
[pim-debug] ramulator_config=/lustre/home/2501111916/workspace/XPUPIM_0226_gpupim_parameter/TriForm/algorithms/aim_simulator/example.yaml
[pim-debug] cost_model config.PIM_FREQ_GHZ=1.0
[pim-debug] op plan (logical shapes inferred from schedule cfg):
  - op#00  op=LN       shard=-1  x=[1x4096] + w=[4096]  ->  y=[1x4096]  (T=1, K=1536)
  - op#01  op=K        shard=0   x=[1x4096] + w=[2048x4096]  ->  y=[1x2048]  (T=1, K=1536)
  - op#02  op=V        shard=0   x=[1x4096] + w=[2048x4096]  ->  y=[1x2048]  (T=1, K=1536)
  - op#03  op=QK       shard=0   q=[16x1x128] + k=[16x128x1536]  ->  y=[16x1x1536]  (T=1, K=1536)
  - op#04  op=Softmax  shard=0   scores=[16x1x1536]  ->  y=[16x1x1536]  (T=1, K=1536)
  - op#05  op=SV       shard=0   p=[16x1x1536] + v=[16x1536x128]  ->  y=[16x1x128]  (T=1, K=1536)
  - op#06  op=O        shard=0   x=[1x2048] + w=[4096x2048]  ->  y=[1x4096]  (T=1, K=1536)
  - op#07  op=O        shard=1   x=[1x2048] + w=[4096x2048]  ->  y=[1x4096]  (T=1, K=1536)
  - op#08  op=LN       shard=-1  x=[1x4096] + w=[4096]  ->  y=[1x4096]  (T=1, K=1536)
  - op#09  op=FFN_W3   shard=0   x=[1x4096] + w=[5504x4096]  ->  y=[1x5504]  (T=1, K=1536)
  - op#10  op=FFN_W1   shard=1   x=[1x4096] + w=[5504x4096]  ->  y=[1x5504]  (T=1, K=1536)
  - op#11  op=SwiGLU   shard=0   a=[1x5504] + b=[1x5504]  ->  y=[1x5504]  (T=1, K=1536)
  - op#12  op=FFN_W2   shard=0   x=[1x5504] + w=[4096x5504]  ->  y=[1x4096]  (T=1, K=1536)
  - op#13  op=Add      shard=-1  a=[1x4096] + b=[1x4096]  ->  y=[1x4096]  (T=1, K=1536)
[pim-debug] NOTE: CENT(AiM) trace backend internally uses x shape (1,1,dim) and handles prefill by repeating ops;
           the table below shows the *effective parameters* passed into cost_model_pim_backend for each op.
[pim-debug] op#00 op=LN       norm=rmsnorm    sh=-1 dim=4096  heads=32  hd=128 q_dim=4096  kv_heads=32  kv_dim=4096  o_dim=4096  ffn_dim=11008  seqlen=1536   qlen=1   cache=N lat=    0.001ms cycles≈1314
[pim-debug] op#01 op=K        norm=k_proj     sh=0  dim=4096  heads=16  hd=128 q_dim=2048  kv_heads=16  kv_dim=2048  o_dim=2048  ffn_dim=5504   seqlen=1536   qlen=1   cache=N lat=    0.004ms cycles≈4428
[pim-debug] op#02 op=V        norm=v_proj     sh=0  dim=4096  heads=16  hd=128 q_dim=2048  kv_heads=16  kv_dim=2048  o_dim=2048  ffn_dim=5504   seqlen=1536   qlen=1   cache=N lat=    0.004ms cycles≈4428
[pim-debug] op#03 op=QK       norm=score      sh=0  dim=4096  heads=16  hd=128 q_dim=2048  kv_heads=16  kv_dim=2048  o_dim=2048  ffn_dim=5504   seqlen=1536   qlen=1   cache=N lat=    0.005ms cycles≈5424
[pim-debug] op#04 op=Softmax  norm=softmax    sh=0  dim=4096  heads=16  hd=128 q_dim=2048  kv_heads=16  kv_dim=2048  o_dim=2048  ffn_dim=5504   seqlen=1536   qlen=1   cache=N lat=    0.005ms cycles≈5347
[pim-debug] op#05 op=SV       norm=output     sh=0  dim=4096  heads=16  hd=128 q_dim=2048  kv_heads=16  kv_dim=2048  o_dim=2048  ffn_dim=5504   seqlen=1536   qlen=1   cache=N lat=    0.004ms cycles≈4256
[pim-debug] op#06 op=O        norm=wo_proj    sh=0  dim=4096  heads=16  hd=128 q_dim=2048  kv_heads=16  kv_dim=2048  o_dim=2048  ffn_dim=5504   seqlen=1536   qlen=1   cache=N lat=    0.004ms cycles≈4062
[pim-debug] op#07 op=O        norm=wo_proj    sh=1  dim=4096  heads=16  hd=128 q_dim=2048  kv_heads=16  kv_dim=2048  o_dim=2048  ffn_dim=5504   seqlen=1536   qlen=1   cache=N lat=    0.004ms cycles≈4062
[pim-debug] op#08 op=LN       norm=rmsnorm    sh=-1 dim=4096  heads=32  hd=128 q_dim=4096  kv_heads=32  kv_dim=4096  o_dim=4096  ffn_dim=11008  seqlen=1536   qlen=1   cache=N lat=    0.001ms cycles≈1314
[pim-debug] op#09 op=FFN_W3   norm=ffn_up     sh=0  dim=4096  heads=16  hd=128 q_dim=2048  kv_heads=16  kv_dim=2048  o_dim=2048  ffn_dim=5504   seqlen=1536   qlen=1   cache=N lat=    0.011ms cycles≈10896
[pim-debug] op#10 op=FFN_W1   norm=ffn_gate   sh=1  dim=4096  heads=16  hd=128 q_dim=2048  kv_heads=16  kv_dim=2048  o_dim=2048  ffn_dim=5504   seqlen=1536   qlen=1   cache=N lat=    0.012ms cycles≈11708
[pim-debug] op#11 op=SwiGLU   norm=silu       sh=0  dim=4096  heads=16  hd=128 q_dim=2048  kv_heads=16  kv_dim=2048  o_dim=2048  ffn_dim=5504   seqlen=1536   qlen=1   cache=N lat=    0.001ms cycles≈503
[pim-debug] op#12 op=FFN_W2   norm=ffn_down   sh=0  dim=4096  heads=16  hd=128 q_dim=2048  kv_heads=16  kv_dim=2048  o_dim=2048  ffn_dim=5504   seqlen=1536   qlen=1   cache=N lat=    0.011ms cycles≈11466
[pim-debug] op#13 op=Add      norm=residual   sh=-1 dim=4096  heads=32  hd=128 q_dim=4096  kv_heads=32  kv_dim=4096  o_dim=4096  ffn_dim=11008  seqlen=1536   qlen=1   cache=N lat=    0.000ms cycles≈3
[pim-debug] segment total latency: 0.069 ms
========================================================================================
[pim-debug] segment_key=pim|decode|9|f9376ad5e0c83bcdbc006c3cfc9c65e3
[pim-debug] sig: device_type=pim phase=decode step=9 (count_hint=1)
[pim-debug] ops_repr: Q:0,Q:1,K:1,V:1,QK:1,Softmax:1,SV:1,Add:-1,FFN_W1:0,FFN_W3:1,SwiGLU:1,FFN_W2:1
[pim-debug] cfg: shard_policy='fine' shards=2 dim=4096 ffn_dim=11008 n_heads=32 n_kv_heads=auto->n_heads
[pim-debug] pim_config=/lustre/home/2501111916/workspace/XPUPIM_0226_gpupim_parameter/TriForm/algorithms/aim_simulator/PIM_AiM.json
[pim-debug] ramulator_config=/lustre/home/2501111916/workspace/XPUPIM_0226_gpupim_parameter/TriForm/algorithms/aim_simulator/example.yaml
[pim-debug] cost_model config.PIM_FREQ_GHZ=1.0
[pim-debug] op plan (logical shapes inferred from schedule cfg):
  - op#00  op=Q        shard=0   x=[1x4096] + w=[2048x4096]  ->  y=[1x2048]  (T=1, K=1536)
  - op#01  op=Q        shard=1   x=[1x4096] + w=[2048x4096]  ->  y=[1x2048]  (T=1, K=1536)
  - op#02  op=K        shard=1   x=[1x4096] + w=[2048x4096]  ->  y=[1x2048]  (T=1, K=1536)
  - op#03  op=V        shard=1   x=[1x4096] + w=[2048x4096]  ->  y=[1x2048]  (T=1, K=1536)
  - op#04  op=QK       shard=1   q=[16x1x128] + k=[16x128x1536]  ->  y=[16x1x1536]  (T=1, K=1536)
  - op#05  op=Softmax  shard=1   scores=[16x1x1536]  ->  y=[16x1x1536]  (T=1, K=1536)
  - op#06  op=SV       shard=1   p=[16x1x1536] + v=[16x1536x128]  ->  y=[16x1x128]  (T=1, K=1536)
  - op#07  op=Add      shard=-1  a=[1x4096] + b=[1x4096]  ->  y=[1x4096]  (T=1, K=1536)
  - op#08  op=FFN_W1   shard=0   x=[1x4096] + w=[5504x4096]  ->  y=[1x5504]  (T=1, K=1536)
  - op#09  op=FFN_W3   shard=1   x=[1x4096] + w=[5504x4096]  ->  y=[1x5504]  (T=1, K=1536)
  - op#10  op=SwiGLU   shard=1   a=[1x5504] + b=[1x5504]  ->  y=[1x5504]  (T=1, K=1536)
  - op#11  op=FFN_W2   shard=1   x=[1x5504] + w=[4096x5504]  ->  y=[1x4096]  (T=1, K=1536)
[pim-debug] NOTE: CENT(AiM) trace backend internally uses x shape (1,1,dim) and handles prefill by repeating ops;
           the table below shows the *effective parameters* passed into cost_model_pim_backend for each op.
[pim-debug] op#00 op=Q        norm=q_proj     sh=0  dim=4096  heads=16  hd=128 q_dim=2048  kv_heads=16  kv_dim=2048  o_dim=2048  ffn_dim=5504   seqlen=1536   qlen=1   cache=N lat=    0.004ms cycles≈4428
[pim-debug] op#01 op=Q        norm=q_proj     sh=1  dim=4096  heads=16  hd=128 q_dim=2048  kv_heads=16  kv_dim=2048  o_dim=2048  ffn_dim=5504   seqlen=1536   qlen=1   cache=N lat=    0.004ms cycles≈4428
[pim-debug] op#02 op=K        norm=k_proj     sh=1  dim=4096  heads=16  hd=128 q_dim=2048  kv_heads=16  kv_dim=2048  o_dim=2048  ffn_dim=5504   seqlen=1536   qlen=1   cache=N lat=    0.004ms cycles≈4428
[pim-debug] op#03 op=V        norm=v_proj     sh=1  dim=4096  heads=16  hd=128 q_dim=2048  kv_heads=16  kv_dim=2048  o_dim=2048  ffn_dim=5504   seqlen=1536   qlen=1   cache=N lat=    0.004ms cycles≈4428
[pim-debug] op#04 op=QK       norm=score      sh=1  dim=4096  heads=16  hd=128 q_dim=2048  kv_heads=16  kv_dim=2048  o_dim=2048  ffn_dim=5504   seqlen=1536   qlen=1   cache=N lat=    0.005ms cycles≈5424
[pim-debug] op#05 op=Softmax  norm=softmax    sh=1  dim=4096  heads=16  hd=128 q_dim=2048  kv_heads=16  kv_dim=2048  o_dim=2048  ffn_dim=5504   seqlen=1536   qlen=1   cache=N lat=    0.005ms cycles≈5347
[pim-debug] op#06 op=SV       norm=output     sh=1  dim=4096  heads=16  hd=128 q_dim=2048  kv_heads=16  kv_dim=2048  o_dim=2048  ffn_dim=5504   seqlen=1536   qlen=1   cache=N lat=    0.004ms cycles≈4256
[pim-debug] op#07 op=Add      norm=residual   sh=-1 dim=4096  heads=32  hd=128 q_dim=4096  kv_heads=32  kv_dim=4096  o_dim=4096  ffn_dim=11008  seqlen=1536   qlen=1   cache=N lat=    0.000ms cycles≈3
[pim-debug] op#08 op=FFN_W1   norm=ffn_gate   sh=0  dim=4096  heads=16  hd=128 q_dim=2048  kv_heads=16  kv_dim=2048  o_dim=2048  ffn_dim=5504   seqlen=1536   qlen=1   cache=N lat=    0.012ms cycles≈11708
[pim-debug] op#09 op=FFN_W3   norm=ffn_up     sh=1  dim=4096  heads=16  hd=128 q_dim=2048  kv_heads=16  kv_dim=2048  o_dim=2048  ffn_dim=5504   seqlen=1536   qlen=1   cache=N lat=    0.011ms cycles≈10896
[pim-debug] op#10 op=SwiGLU   norm=silu       sh=1  dim=4096  heads=16  hd=128 q_dim=2048  kv_heads=16  kv_dim=2048  o_dim=2048  ffn_dim=5504   seqlen=1536   qlen=1   cache=N lat=    0.001ms cycles≈503
[pim-debug] op#11 op=FFN_W2   norm=ffn_down   sh=1  dim=4096  heads=16  hd=128 q_dim=2048  kv_heads=16  kv_dim=2048  o_dim=2048  ffn_dim=5504   seqlen=1536   qlen=1   cache=N lat=    0.011ms cycles≈11466
[pim-debug] segment total latency: 0.067 ms
