{
  "per_op_formula": {
    "score": {
      "basis": [
        "1",
        "L",
        "L2",
        "H",
        "LxH"
      ],
      "coeffs": [
        0.7568499218496697,
        0.14152872682494483,
        0.00020103901652313017,
        24.21919749918943,
        4.528919223739267
      ],
      "expr": "cycles \u2248 0.75685 + 0.141529*L + 0.000201039*L2 + 24.2192*H + 4.52892*LxH",
      "num_samples": 28,
      "metrics": {
        "rmse": 735.0087903069035,
        "r2": 0.9999802150714212
      }
    },
    "output": {
      "basis": [
        "1",
        "L",
        "H",
        "LxH"
      ],
      "coeffs": [
        9.779086871457883,
        0.09000873957767253,
        312.9307798866525,
        2.880279667049042
      ],
      "expr": "cycles \u2248 9.77909 + 0.0900087*L + 312.931*H + 2.88028*LxH",
      "num_samples": 28,
      "metrics": {
        "rmse": 5079.987376156014,
        "r2": 0.99764607730492
      }
    },
    "weight": {
      "basis": [
        "1",
        "V",
        "N",
        "VxN",
        "H"
      ],
      "coeffs": [
        0.020627870542879605,
        0.25036890196703665,
        1.7800467459507223,
        0.014460878873886363,
        0.6600918573721473
      ],
      "expr": "cycles \u2248 0.0206279 + 0.250369*V + 1.78005*N + 0.0144609*VxN + 0.660092*H",
      "num_samples": 108,
      "metrics": {
        "rmse": 1114.6387729640835,
        "r2": 0.9913007251561478
      }
    },
    "weight_af": {
      "basis": [
        "1",
        "V",
        "N",
        "VxN",
        "H"
      ],
      "coeffs": [
        0.2020912851770213,
        0.25036890196704475,
        1.7800467459507248,
        0.014460878873886085,
        6.466921125664682
      ],
      "expr": "cycles \u2248 0.202091 + 0.250369*V + 1.78005*N + 0.0144609*VxN + 6.46692*H",
      "num_samples": 108,
      "metrics": {
        "rmse": 1114.638772964084,
        "r2": 0.9913007251561478
      }
    }
  }
}