schedule,phase,sample_step,token_index,layer,device,device_type,n_ops,ops_repr,schedule_sum_s,measured_s,measured_key,measured_step,measured_mode,schedule_sum_scaled_s,measured_scaled_s,delta_s,ratio,delta_scaled_s,ratio_scaled
attn_on_pim_prefill-1024xdecode_128_ops_trace.csv,prefill,-1,-1,0,GPU0,npu,12,"LN:-1,Add:-1,LN:-1,FFN_W1:0,FFN_W3:0,FFN_W1:1,FFN_W3:1,SwiGLU:0,SwiGLU:1,FFN_W2:0,FFN_W2:1,Add:-1",0.021634061511400897,0.002350284767150879,npu|prefill|-1|2ef4409498d14c672a4fbbfe6786cce6,-1,sample_step,0.021634061511400897,0.002350284767150879,-0.019283776744250018,0.10863816606568796,-0.019283776744250018,0.10863816606568796
attn_on_pim_prefill-1024xdecode_128_ops_trace.csv,prefill,-1,-1,0,PIM0,pim,7,"Q:0,K:0,V:0,QK:0,Softmax:0,SV:0,O:0",0.2226298363791661,0.02742784,pim|prefill|-1|61397802f1888ea563dd9b1ea38edd23,-1,sample_step,0.2226298363791661,0.02742784,-0.1952019963791661,0.12319929999538336,-0.1952019963791661,0.12319929999538336
attn_on_pim_prefill-1024xdecode_128_ops_trace.csv,prefill,-1,-1,0,PIM1,pim,7,"Q:1,K:1,V:1,QK:1,Softmax:1,SV:1,O:1",0.2226298363791661,0.02742784,pim|prefill|-1|9c4e6c099d863efd94751a80c7e404c5,-1,sample_step,0.2226298363791661,0.02742784,-0.1952019963791661,0.12319929999538336,-0.1952019963791661,0.12319929999538336
attn_on_pim_prefill-1024xdecode_128_ops_trace.csv,prefill,-1,-1,1,GPU0,npu,12,"LN:-1,Add:-1,LN:-1,FFN_W1:0,FFN_W3:0,FFN_W1:1,FFN_W3:1,SwiGLU:0,SwiGLU:1,FFN_W2:0,FFN_W2:1,Add:-1",0.021634061511400696,0.002350284767150879,npu|prefill|-1|2ef4409498d14c672a4fbbfe6786cce6,-1,sample_step,0.021634061511400696,0.002350284767150879,-0.019283776744249817,0.10863816606568898,-0.019283776744249817,0.10863816606568898
attn_on_pim_prefill-1024xdecode_128_ops_trace.csv,prefill,-1,-1,1,PIM0,pim,7,"Q:0,K:0,V:0,QK:0,Softmax:0,SV:0,O:0",0.2226298363791664,0.02742784,pim|prefill|-1|61397802f1888ea563dd9b1ea38edd23,-1,sample_step,0.2226298363791664,0.02742784,-0.19520199637916638,0.1231992999953832,-0.19520199637916638,0.1231992999953832
attn_on_pim_prefill-1024xdecode_128_ops_trace.csv,prefill,-1,-1,1,PIM1,pim,7,"Q:1,K:1,V:1,QK:1,Softmax:1,SV:1,O:1",0.2226298363791664,0.02742784,pim|prefill|-1|9c4e6c099d863efd94751a80c7e404c5,-1,sample_step,0.2226298363791664,0.02742784,-0.19520199637916638,0.1231992999953832,-0.19520199637916638,0.1231992999953832
attn_on_pim_prefill-1024xdecode_128_ops_trace.csv,prefill,-1,-1,2,GPU0,npu,12,"LN:-1,Add:-1,LN:-1,FFN_W1:0,FFN_W3:0,FFN_W1:1,FFN_W3:1,SwiGLU:0,SwiGLU:1,FFN_W2:0,FFN_W2:1,Add:-1",0.021634061511400595,0.002350284767150879,npu|prefill|-1|2ef4409498d14c672a4fbbfe6786cce6,-1,sample_step,0.021634061511400595,0.002350284767150879,-0.019283776744249716,0.10863816606568949,-0.019283776744249716,0.10863816606568949
attn_on_pim_prefill-1024xdecode_128_ops_trace.csv,prefill,-1,-1,2,PIM0,pim,7,"Q:0,K:0,V:0,QK:0,Softmax:0,SV:0,O:0",0.22262983637916628,0.02742784,pim|prefill|-1|61397802f1888ea563dd9b1ea38edd23,-1,sample_step,0.22262983637916628,0.02742784,-0.19520199637916627,0.12319929999538327,-0.19520199637916627,0.12319929999538327
attn_on_pim_prefill-1024xdecode_128_ops_trace.csv,prefill,-1,-1,2,PIM1,pim,7,"Q:1,K:1,V:1,QK:1,Softmax:1,SV:1,O:1",0.22262983637916628,0.02742784,pim|prefill|-1|9c4e6c099d863efd94751a80c7e404c5,-1,sample_step,0.22262983637916628,0.02742784,-0.19520199637916627,0.12319929999538327,-0.19520199637916627,0.12319929999538327
attn_on_pim_prefill-1024xdecode_128_ops_trace.csv,prefill,-1,-1,3,GPU0,npu,12,"LN:-1,Add:-1,LN:-1,FFN_W1:0,FFN_W3:0,FFN_W1:1,FFN_W3:1,SwiGLU:0,SwiGLU:1,FFN_W2:0,FFN_W2:1,Add:-1",0.021634061511400998,0.002350284767150879,npu|prefill|-1|2ef4409498d14c672a4fbbfe6786cce6,-1,sample_step,0.021634061511400998,0.002350284767150879,-0.01928377674425012,0.10863816606568746,-0.01928377674425012,0.10863816606568746
attn_on_pim_prefill-1024xdecode_128_ops_trace.csv,prefill,-1,-1,3,PIM0,pim,7,"Q:0,K:0,V:0,QK:0,Softmax:0,SV:0,O:0",0.22262983637916628,0.02742784,pim|prefill|-1|61397802f1888ea563dd9b1ea38edd23,-1,sample_step,0.22262983637916628,0.02742784,-0.19520199637916627,0.12319929999538327,-0.19520199637916627,0.12319929999538327
attn_on_pim_prefill-1024xdecode_128_ops_trace.csv,prefill,-1,-1,3,PIM1,pim,7,"Q:1,K:1,V:1,QK:1,Softmax:1,SV:1,O:1",0.22262983637916628,0.02742784,pim|prefill|-1|9c4e6c099d863efd94751a80c7e404c5,-1,sample_step,0.22262983637916628,0.02742784,-0.19520199637916627,0.12319929999538327,-0.19520199637916627,0.12319929999538327
attn_on_pim_prefill-1024xdecode_128_ops_trace.csv,prefill,-1,-1,4,GPU0,npu,12,"LN:-1,Add:-1,LN:-1,FFN_W1:0,FFN_W3:0,FFN_W1:1,FFN_W3:1,SwiGLU:0,SwiGLU:1,FFN_W2:0,FFN_W2:1,Add:-1",0.0216340615114012,0.002350284767150879,npu|prefill|-1|2ef4409498d14c672a4fbbfe6786cce6,-1,sample_step,0.0216340615114012,0.002350284767150879,-0.01928377674425032,0.10863816606568645,-0.01928377674425032,0.10863816606568645
attn_on_pim_prefill-1024xdecode_128_ops_trace.csv,prefill,-1,-1,4,PIM0,pim,7,"Q:0,K:0,V:0,QK:0,Softmax:0,SV:0,O:0",0.2226298363791662,0.02742784,pim|prefill|-1|61397802f1888ea563dd9b1ea38edd23,-1,sample_step,0.2226298363791662,0.02742784,-0.1952019963791662,0.12319929999538332,-0.1952019963791662,0.12319929999538332
attn_on_pim_prefill-1024xdecode_128_ops_trace.csv,prefill,-1,-1,4,PIM1,pim,7,"Q:1,K:1,V:1,QK:1,Softmax:1,SV:1,O:1",0.2226298363791662,0.02742784,pim|prefill|-1|9c4e6c099d863efd94751a80c7e404c5,-1,sample_step,0.2226298363791662,0.02742784,-0.1952019963791662,0.12319929999538332,-0.1952019963791662,0.12319929999538332
attn_on_pim_prefill-1024xdecode_128_ops_trace.csv,prefill,-1,-1,5,GPU0,npu,12,"LN:-1,Add:-1,LN:-1,FFN_W1:0,FFN_W3:0,FFN_W1:1,FFN_W3:1,SwiGLU:0,SwiGLU:1,FFN_W2:0,FFN_W2:1,Add:-1",0.0216340615114012,0.002350284767150879,npu|prefill|-1|2ef4409498d14c672a4fbbfe6786cce6,-1,sample_step,0.0216340615114012,0.002350284767150879,-0.01928377674425032,0.10863816606568645,-0.01928377674425032,0.10863816606568645
attn_on_pim_prefill-1024xdecode_128_ops_trace.csv,prefill,-1,-1,5,PIM0,pim,7,"Q:0,K:0,V:0,QK:0,Softmax:0,SV:0,O:0",0.2226298363791662,0.02742784,pim|prefill|-1|61397802f1888ea563dd9b1ea38edd23,-1,sample_step,0.2226298363791662,0.02742784,-0.1952019963791662,0.12319929999538332,-0.1952019963791662,0.12319929999538332
attn_on_pim_prefill-1024xdecode_128_ops_trace.csv,prefill,-1,-1,5,PIM1,pim,7,"Q:1,K:1,V:1,QK:1,Softmax:1,SV:1,O:1",0.2226298363791662,0.02742784,pim|prefill|-1|9c4e6c099d863efd94751a80c7e404c5,-1,sample_step,0.2226298363791662,0.02742784,-0.1952019963791662,0.12319929999538332,-0.1952019963791662,0.12319929999538332
attn_on_pim_prefill-1024xdecode_128_ops_trace.csv,prefill,-1,-1,6,GPU0,npu,12,"LN:-1,Add:-1,LN:-1,FFN_W1:0,FFN_W3:0,FFN_W1:1,FFN_W3:1,SwiGLU:0,SwiGLU:1,FFN_W2:0,FFN_W2:1,Add:-1",0.0216340615114012,0.002350284767150879,npu|prefill|-1|2ef4409498d14c672a4fbbfe6786cce6,-1,sample_step,0.0216340615114012,0.002350284767150879,-0.01928377674425032,0.10863816606568645,-0.01928377674425032,0.10863816606568645
attn_on_pim_prefill-1024xdecode_128_ops_trace.csv,prefill,-1,-1,6,PIM0,pim,7,"Q:0,K:0,V:0,QK:0,Softmax:0,SV:0,O:0",0.2226298363791662,0.02742784,pim|prefill|-1|61397802f1888ea563dd9b1ea38edd23,-1,sample_step,0.2226298363791662,0.02742784,-0.1952019963791662,0.12319929999538332,-0.1952019963791662,0.12319929999538332
attn_on_pim_prefill-1024xdecode_128_ops_trace.csv,prefill,-1,-1,6,PIM1,pim,7,"Q:1,K:1,V:1,QK:1,Softmax:1,SV:1,O:1",0.2226298363791662,0.02742784,pim|prefill|-1|9c4e6c099d863efd94751a80c7e404c5,-1,sample_step,0.2226298363791662,0.02742784,-0.1952019963791662,0.12319929999538332,-0.1952019963791662,0.12319929999538332
attn_on_pim_prefill-1024xdecode_128_ops_trace.csv,prefill,-1,-1,7,GPU0,npu,12,"LN:-1,Add:-1,LN:-1,FFN_W1:0,FFN_W3:0,FFN_W1:1,FFN_W3:1,SwiGLU:0,SwiGLU:1,FFN_W2:0,FFN_W2:1,Add:-1",0.0216340615114002,0.002350284767150879,npu|prefill|-1|2ef4409498d14c672a4fbbfe6786cce6,-1,sample_step,0.0216340615114002,0.002350284767150879,-0.01928377674424932,0.10863816606569147,-0.01928377674424932,0.10863816606569147
attn_on_pim_prefill-1024xdecode_128_ops_trace.csv,prefill,-1,-1,7,PIM0,pim,7,"Q:0,K:0,V:0,QK:0,Softmax:0,SV:0,O:0",0.2226298363791664,0.02742784,pim|prefill|-1|61397802f1888ea563dd9b1ea38edd23,-1,sample_step,0.2226298363791664,0.02742784,-0.19520199637916638,0.1231992999953832,-0.19520199637916638,0.1231992999953832
attn_on_pim_prefill-1024xdecode_128_ops_trace.csv,prefill,-1,-1,7,PIM1,pim,7,"Q:1,K:1,V:1,QK:1,Softmax:1,SV:1,O:1",0.2226298363791664,0.02742784,pim|prefill|-1|9c4e6c099d863efd94751a80c7e404c5,-1,sample_step,0.2226298363791664,0.02742784,-0.19520199637916638,0.1231992999953832,-0.19520199637916638,0.1231992999953832
attn_on_pim_prefill-1024xdecode_128_ops_trace.csv,prefill,-1,-1,8,GPU0,npu,12,"LN:-1,Add:-1,LN:-1,FFN_W1:0,FFN_W3:0,FFN_W1:1,FFN_W3:1,SwiGLU:0,SwiGLU:1,FFN_W2:0,FFN_W2:1,Add:-1",0.0216340615114002,0.002350284767150879,npu|prefill|-1|2ef4409498d14c672a4fbbfe6786cce6,-1,sample_step,0.0216340615114002,0.002350284767150879,-0.01928377674424932,0.10863816606569147,-0.01928377674424932,0.10863816606569147
attn_on_pim_prefill-1024xdecode_128_ops_trace.csv,prefill,-1,-1,8,PIM0,pim,7,"Q:0,K:0,V:0,QK:0,Softmax:0,SV:0,O:0",0.22262983637916678,0.02742784,pim|prefill|-1|61397802f1888ea563dd9b1ea38edd23,-1,sample_step,0.22262983637916678,0.02742784,-0.19520199637916677,0.123199299995383,-0.19520199637916677,0.123199299995383
attn_on_pim_prefill-1024xdecode_128_ops_trace.csv,prefill,-1,-1,8,PIM1,pim,7,"Q:1,K:1,V:1,QK:1,Softmax:1,SV:1,O:1",0.22262983637916678,0.02742784,pim|prefill|-1|9c4e6c099d863efd94751a80c7e404c5,-1,sample_step,0.22262983637916678,0.02742784,-0.19520199637916677,0.123199299995383,-0.19520199637916677,0.123199299995383
attn_on_pim_prefill-1024xdecode_128_ops_trace.csv,prefill,-1,-1,9,GPU0,npu,12,"LN:-1,Add:-1,LN:-1,FFN_W1:0,FFN_W3:0,FFN_W1:1,FFN_W3:1,SwiGLU:0,SwiGLU:1,FFN_W2:0,FFN_W2:1,Add:-1",0.0216340615114002,0.002350284767150879,npu|prefill|-1|2ef4409498d14c672a4fbbfe6786cce6,-1,sample_step,0.0216340615114002,0.002350284767150879,-0.01928377674424932,0.10863816606569147,-0.01928377674424932,0.10863816606569147
attn_on_pim_prefill-1024xdecode_128_ops_trace.csv,prefill,-1,-1,9,PIM0,pim,7,"Q:0,K:0,V:0,QK:0,Softmax:0,SV:0,O:0",0.22262983637916678,0.02742784,pim|prefill|-1|61397802f1888ea563dd9b1ea38edd23,-1,sample_step,0.22262983637916678,0.02742784,-0.19520199637916677,0.123199299995383,-0.19520199637916677,0.123199299995383
attn_on_pim_prefill-1024xdecode_128_ops_trace.csv,prefill,-1,-1,9,PIM1,pim,7,"Q:1,K:1,V:1,QK:1,Softmax:1,SV:1,O:1",0.22262983637916678,0.02742784,pim|prefill|-1|9c4e6c099d863efd94751a80c7e404c5,-1,sample_step,0.22262983637916678,0.02742784,-0.19520199637916677,0.123199299995383,-0.19520199637916677,0.123199299995383
attn_on_pim_prefill-1024xdecode_128_ops_trace.csv,prefill,-1,-1,10,GPU0,npu,12,"LN:-1,Add:-1,LN:-1,FFN_W1:0,FFN_W3:0,FFN_W1:1,FFN_W3:1,SwiGLU:0,SwiGLU:1,FFN_W2:0,FFN_W2:1,Add:-1",0.0216340615114002,0.002350284767150879,npu|prefill|-1|2ef4409498d14c672a4fbbfe6786cce6,-1,sample_step,0.0216340615114002,0.002350284767150879,-0.01928377674424932,0.10863816606569147,-0.01928377674424932,0.10863816606569147
attn_on_pim_prefill-1024xdecode_128_ops_trace.csv,prefill,-1,-1,10,PIM0,pim,7,"Q:0,K:0,V:0,QK:0,Softmax:0,SV:0,O:0",0.22262983637916678,0.02742784,pim|prefill|-1|61397802f1888ea563dd9b1ea38edd23,-1,sample_step,0.22262983637916678,0.02742784,-0.19520199637916677,0.123199299995383,-0.19520199637916677,0.123199299995383
attn_on_pim_prefill-1024xdecode_128_ops_trace.csv,prefill,-1,-1,10,PIM1,pim,7,"Q:1,K:1,V:1,QK:1,Softmax:1,SV:1,O:1",0.22262983637916678,0.02742784,pim|prefill|-1|9c4e6c099d863efd94751a80c7e404c5,-1,sample_step,0.22262983637916678,0.02742784,-0.19520199637916677,0.123199299995383,-0.19520199637916677,0.123199299995383
attn_on_pim_prefill-1024xdecode_128_ops_trace.csv,prefill,-1,-1,11,GPU0,npu,12,"LN:-1,Add:-1,LN:-1,FFN_W1:0,FFN_W3:0,FFN_W1:1,FFN_W3:1,SwiGLU:0,SwiGLU:1,FFN_W2:0,FFN_W2:1,Add:-1",0.0216340615114002,0.002350284767150879,npu|prefill|-1|2ef4409498d14c672a4fbbfe6786cce6,-1,sample_step,0.0216340615114002,0.002350284767150879,-0.01928377674424932,0.10863816606569147,-0.01928377674424932,0.10863816606569147
attn_on_pim_prefill-1024xdecode_128_ops_trace.csv,prefill,-1,-1,11,PIM0,pim,7,"Q:0,K:0,V:0,QK:0,Softmax:0,SV:0,O:0",0.22262983637916678,0.02742784,pim|prefill|-1|61397802f1888ea563dd9b1ea38edd23,-1,sample_step,0.22262983637916678,0.02742784,-0.19520199637916677,0.123199299995383,-0.19520199637916677,0.123199299995383
attn_on_pim_prefill-1024xdecode_128_ops_trace.csv,prefill,-1,-1,11,PIM1,pim,7,"Q:1,K:1,V:1,QK:1,Softmax:1,SV:1,O:1",0.22262983637916678,0.02742784,pim|prefill|-1|9c4e6c099d863efd94751a80c7e404c5,-1,sample_step,0.22262983637916678,0.02742784,-0.19520199637916677,0.123199299995383,-0.19520199637916677,0.123199299995383
attn_on_pim_prefill-1024xdecode_128_ops_trace.csv,prefill,-1,-1,12,GPU0,npu,12,"LN:-1,Add:-1,LN:-1,FFN_W1:0,FFN_W3:0,FFN_W1:1,FFN_W3:1,SwiGLU:0,SwiGLU:1,FFN_W2:0,FFN_W2:1,Add:-1",0.0216340615114002,0.002350284767150879,npu|prefill|-1|2ef4409498d14c672a4fbbfe6786cce6,-1,sample_step,0.0216340615114002,0.002350284767150879,-0.01928377674424932,0.10863816606569147,-0.01928377674424932,0.10863816606569147
attn_on_pim_prefill-1024xdecode_128_ops_trace.csv,prefill,-1,-1,12,PIM0,pim,7,"Q:0,K:0,V:0,QK:0,Softmax:0,SV:0,O:0",0.22262983637916678,0.02742784,pim|prefill|-1|61397802f1888ea563dd9b1ea38edd23,-1,sample_step,0.22262983637916678,0.02742784,-0.19520199637916677,0.123199299995383,-0.19520199637916677,0.123199299995383
attn_on_pim_prefill-1024xdecode_128_ops_trace.csv,prefill,-1,-1,12,PIM1,pim,7,"Q:1,K:1,V:1,QK:1,Softmax:1,SV:1,O:1",0.22262983637916678,0.02742784,pim|prefill|-1|9c4e6c099d863efd94751a80c7e404c5,-1,sample_step,0.22262983637916678,0.02742784,-0.19520199637916677,0.123199299995383,-0.19520199637916677,0.123199299995383
attn_on_pim_prefill-1024xdecode_128_ops_trace.csv,prefill,-1,-1,13,GPU0,npu,12,"LN:-1,Add:-1,LN:-1,FFN_W1:0,FFN_W3:0,FFN_W1:1,FFN_W3:1,SwiGLU:0,SwiGLU:1,FFN_W2:0,FFN_W2:1,Add:-1",0.0216340615114002,0.002350284767150879,npu|prefill|-1|2ef4409498d14c672a4fbbfe6786cce6,-1,sample_step,0.0216340615114002,0.002350284767150879,-0.01928377674424932,0.10863816606569147,-0.01928377674424932,0.10863816606569147
attn_on_pim_prefill-1024xdecode_128_ops_trace.csv,prefill,-1,-1,13,PIM0,pim,7,"Q:0,K:0,V:0,QK:0,Softmax:0,SV:0,O:0",0.22262983637916678,0.02742784,pim|prefill|-1|61397802f1888ea563dd9b1ea38edd23,-1,sample_step,0.22262983637916678,0.02742784,-0.19520199637916677,0.123199299995383,-0.19520199637916677,0.123199299995383
attn_on_pim_prefill-1024xdecode_128_ops_trace.csv,prefill,-1,-1,13,PIM1,pim,7,"Q:1,K:1,V:1,QK:1,Softmax:1,SV:1,O:1",0.22262983637916678,0.02742784,pim|prefill|-1|9c4e6c099d863efd94751a80c7e404c5,-1,sample_step,0.22262983637916678,0.02742784,-0.19520199637916677,0.123199299995383,-0.19520199637916677,0.123199299995383
attn_on_pim_prefill-1024xdecode_128_ops_trace.csv,prefill,-1,-1,14,GPU0,npu,12,"LN:-1,Add:-1,LN:-1,FFN_W1:0,FFN_W3:0,FFN_W1:1,FFN_W3:1,SwiGLU:0,SwiGLU:1,FFN_W2:0,FFN_W2:1,Add:-1",0.0216340615114002,0.002350284767150879,npu|prefill|-1|2ef4409498d14c672a4fbbfe6786cce6,-1,sample_step,0.0216340615114002,0.002350284767150879,-0.01928377674424932,0.10863816606569147,-0.01928377674424932,0.10863816606569147
attn_on_pim_prefill-1024xdecode_128_ops_trace.csv,prefill,-1,-1,14,PIM0,pim,7,"Q:0,K:0,V:0,QK:0,Softmax:0,SV:0,O:0",0.22262983637916678,0.02742784,pim|prefill|-1|61397802f1888ea563dd9b1ea38edd23,-1,sample_step,0.22262983637916678,0.02742784,-0.19520199637916677,0.123199299995383,-0.19520199637916677,0.123199299995383
attn_on_pim_prefill-1024xdecode_128_ops_trace.csv,prefill,-1,-1,14,PIM1,pim,7,"Q:1,K:1,V:1,QK:1,Softmax:1,SV:1,O:1",0.22262983637916678,0.02742784,pim|prefill|-1|9c4e6c099d863efd94751a80c7e404c5,-1,sample_step,0.22262983637916678,0.02742784,-0.19520199637916677,0.123199299995383,-0.19520199637916677,0.123199299995383
attn_on_pim_prefill-1024xdecode_128_ops_trace.csv,prefill,-1,-1,15,GPU0,npu,12,"LN:-1,Add:-1,LN:-1,FFN_W1:0,FFN_W3:0,FFN_W1:1,FFN_W3:1,SwiGLU:0,SwiGLU:1,FFN_W2:0,FFN_W2:1,Add:-1",0.0216340615113974,0.002350284767150879,npu|prefill|-1|2ef4409498d14c672a4fbbfe6786cce6,-1,sample_step,0.0216340615113974,0.002350284767150879,-0.01928377674424652,0.10863816606570553,-0.01928377674424652,0.10863816606570553
attn_on_pim_prefill-1024xdecode_128_ops_trace.csv,prefill,-1,-1,15,PIM0,pim,7,"Q:0,K:0,V:0,QK:0,Softmax:0,SV:0,O:0",0.22262983637916778,0.02742784,pim|prefill|-1|61397802f1888ea563dd9b1ea38edd23,-1,sample_step,0.22262983637916778,0.02742784,-0.19520199637916777,0.12319929999538244,-0.19520199637916777,0.12319929999538244
attn_on_pim_prefill-1024xdecode_128_ops_trace.csv,prefill,-1,-1,15,PIM1,pim,7,"Q:1,K:1,V:1,QK:1,Softmax:1,SV:1,O:1",0.22262983637916778,0.02742784,pim|prefill|-1|9c4e6c099d863efd94751a80c7e404c5,-1,sample_step,0.22262983637916778,0.02742784,-0.19520199637916777,0.12319929999538244,-0.19520199637916777,0.12319929999538244
attn_on_pim_prefill-1024xdecode_128_ops_trace.csv,prefill,-1,-1,16,GPU0,npu,12,"LN:-1,Add:-1,LN:-1,FFN_W1:0,FFN_W3:0,FFN_W1:1,FFN_W3:1,SwiGLU:0,SwiGLU:1,FFN_W2:0,FFN_W2:1,Add:-1",0.021634061511397,0.002350284767150879,npu|prefill|-1|2ef4409498d14c672a4fbbfe6786cce6,-1,sample_step,0.021634061511397,0.002350284767150879,-0.019283776744246122,0.10863816606570753,-0.019283776744246122,0.10863816606570753
attn_on_pim_prefill-1024xdecode_128_ops_trace.csv,prefill,-1,-1,16,PIM0,pim,7,"Q:0,K:0,V:0,QK:0,Softmax:0,SV:0,O:0",0.22262983637916878,0.02742784,pim|prefill|-1|61397802f1888ea563dd9b1ea38edd23,-1,sample_step,0.22262983637916878,0.02742784,-0.19520199637916877,0.12319929999538189,-0.19520199637916877,0.12319929999538189
attn_on_pim_prefill-1024xdecode_128_ops_trace.csv,prefill,-1,-1,16,PIM1,pim,7,"Q:1,K:1,V:1,QK:1,Softmax:1,SV:1,O:1",0.22262983637916878,0.02742784,pim|prefill|-1|9c4e6c099d863efd94751a80c7e404c5,-1,sample_step,0.22262983637916878,0.02742784,-0.19520199637916877,0.12319929999538189,-0.19520199637916877,0.12319929999538189
attn_on_pim_prefill-1024xdecode_128_ops_trace.csv,prefill,-1,-1,17,GPU0,npu,12,"LN:-1,Add:-1,LN:-1,FFN_W1:0,FFN_W3:0,FFN_W1:1,FFN_W3:1,SwiGLU:0,SwiGLU:1,FFN_W2:0,FFN_W2:1,Add:-1",0.021634061511397,0.002350284767150879,npu|prefill|-1|2ef4409498d14c672a4fbbfe6786cce6,-1,sample_step,0.021634061511397,0.002350284767150879,-0.019283776744246122,0.10863816606570753,-0.019283776744246122,0.10863816606570753
attn_on_pim_prefill-1024xdecode_128_ops_trace.csv,prefill,-1,-1,17,PIM0,pim,7,"Q:0,K:0,V:0,QK:0,Softmax:0,SV:0,O:0",0.22262983637916878,0.02742784,pim|prefill|-1|61397802f1888ea563dd9b1ea38edd23,-1,sample_step,0.22262983637916878,0.02742784,-0.19520199637916877,0.12319929999538189,-0.19520199637916877,0.12319929999538189
attn_on_pim_prefill-1024xdecode_128_ops_trace.csv,prefill,-1,-1,17,PIM1,pim,7,"Q:1,K:1,V:1,QK:1,Softmax:1,SV:1,O:1",0.22262983637916878,0.02742784,pim|prefill|-1|9c4e6c099d863efd94751a80c7e404c5,-1,sample_step,0.22262983637916878,0.02742784,-0.19520199637916877,0.12319929999538189,-0.19520199637916877,0.12319929999538189
attn_on_pim_prefill-1024xdecode_128_ops_trace.csv,prefill,-1,-1,18,GPU0,npu,12,"LN:-1,Add:-1,LN:-1,FFN_W1:0,FFN_W3:0,FFN_W1:1,FFN_W3:1,SwiGLU:0,SwiGLU:1,FFN_W2:0,FFN_W2:1,Add:-1",0.021634061511397,0.002350284767150879,npu|prefill|-1|2ef4409498d14c672a4fbbfe6786cce6,-1,sample_step,0.021634061511397,0.002350284767150879,-0.019283776744246122,0.10863816606570753,-0.019283776744246122,0.10863816606570753
attn_on_pim_prefill-1024xdecode_128_ops_trace.csv,prefill,-1,-1,18,PIM0,pim,7,"Q:0,K:0,V:0,QK:0,Softmax:0,SV:0,O:0",0.22262983637916878,0.02742784,pim|prefill|-1|61397802f1888ea563dd9b1ea38edd23,-1,sample_step,0.22262983637916878,0.02742784,-0.19520199637916877,0.12319929999538189,-0.19520199637916877,0.12319929999538189
attn_on_pim_prefill-1024xdecode_128_ops_trace.csv,prefill,-1,-1,18,PIM1,pim,7,"Q:1,K:1,V:1,QK:1,Softmax:1,SV:1,O:1",0.22262983637916878,0.02742784,pim|prefill|-1|9c4e6c099d863efd94751a80c7e404c5,-1,sample_step,0.22262983637916878,0.02742784,-0.19520199637916877,0.12319929999538189,-0.19520199637916877,0.12319929999538189
attn_on_pim_prefill-1024xdecode_128_ops_trace.csv,prefill,-1,-1,19,GPU0,npu,12,"LN:-1,Add:-1,LN:-1,FFN_W1:0,FFN_W3:0,FFN_W1:1,FFN_W3:1,SwiGLU:0,SwiGLU:1,FFN_W2:0,FFN_W2:1,Add:-1",0.021634061511397,0.002350284767150879,npu|prefill|-1|2ef4409498d14c672a4fbbfe6786cce6,-1,sample_step,0.021634061511397,0.002350284767150879,-0.019283776744246122,0.10863816606570753,-0.019283776744246122,0.10863816606570753
attn_on_pim_prefill-1024xdecode_128_ops_trace.csv,prefill,-1,-1,19,PIM0,pim,7,"Q:0,K:0,V:0,QK:0,Softmax:0,SV:0,O:0",0.22262983637916878,0.02742784,pim|prefill|-1|61397802f1888ea563dd9b1ea38edd23,-1,sample_step,0.22262983637916878,0.02742784,-0.19520199637916877,0.12319929999538189,-0.19520199637916877,0.12319929999538189
attn_on_pim_prefill-1024xdecode_128_ops_trace.csv,prefill,-1,-1,19,PIM1,pim,7,"Q:1,K:1,V:1,QK:1,Softmax:1,SV:1,O:1",0.22262983637916878,0.02742784,pim|prefill|-1|9c4e6c099d863efd94751a80c7e404c5,-1,sample_step,0.22262983637916878,0.02742784,-0.19520199637916877,0.12319929999538189,-0.19520199637916877,0.12319929999538189
attn_on_pim_prefill-1024xdecode_128_ops_trace.csv,prefill,-1,-1,20,GPU0,npu,12,"LN:-1,Add:-1,LN:-1,FFN_W1:0,FFN_W3:0,FFN_W1:1,FFN_W3:1,SwiGLU:0,SwiGLU:1,FFN_W2:0,FFN_W2:1,Add:-1",0.021634061511397,0.002350284767150879,npu|prefill|-1|2ef4409498d14c672a4fbbfe6786cce6,-1,sample_step,0.021634061511397,0.002350284767150879,-0.019283776744246122,0.10863816606570753,-0.019283776744246122,0.10863816606570753
attn_on_pim_prefill-1024xdecode_128_ops_trace.csv,prefill,-1,-1,20,PIM0,pim,7,"Q:0,K:0,V:0,QK:0,Softmax:0,SV:0,O:0",0.22262983637916878,0.02742784,pim|prefill|-1|61397802f1888ea563dd9b1ea38edd23,-1,sample_step,0.22262983637916878,0.02742784,-0.19520199637916877,0.12319929999538189,-0.19520199637916877,0.12319929999538189
attn_on_pim_prefill-1024xdecode_128_ops_trace.csv,prefill,-1,-1,20,PIM1,pim,7,"Q:1,K:1,V:1,QK:1,Softmax:1,SV:1,O:1",0.22262983637916878,0.02742784,pim|prefill|-1|9c4e6c099d863efd94751a80c7e404c5,-1,sample_step,0.22262983637916878,0.02742784,-0.19520199637916877,0.12319929999538189,-0.19520199637916877,0.12319929999538189
attn_on_pim_prefill-1024xdecode_128_ops_trace.csv,prefill,-1,-1,21,GPU0,npu,12,"LN:-1,Add:-1,LN:-1,FFN_W1:0,FFN_W3:0,FFN_W1:1,FFN_W3:1,SwiGLU:0,SwiGLU:1,FFN_W2:0,FFN_W2:1,Add:-1",0.021634061511397,0.002350284767150879,npu|prefill|-1|2ef4409498d14c672a4fbbfe6786cce6,-1,sample_step,0.021634061511397,0.002350284767150879,-0.019283776744246122,0.10863816606570753,-0.019283776744246122,0.10863816606570753
attn_on_pim_prefill-1024xdecode_128_ops_trace.csv,prefill,-1,-1,21,PIM0,pim,7,"Q:0,K:0,V:0,QK:0,Softmax:0,SV:0,O:0",0.22262983637916878,0.02742784,pim|prefill|-1|61397802f1888ea563dd9b1ea38edd23,-1,sample_step,0.22262983637916878,0.02742784,-0.19520199637916877,0.12319929999538189,-0.19520199637916877,0.12319929999538189
attn_on_pim_prefill-1024xdecode_128_ops_trace.csv,prefill,-1,-1,21,PIM1,pim,7,"Q:1,K:1,V:1,QK:1,Softmax:1,SV:1,O:1",0.22262983637916878,0.02742784,pim|prefill|-1|9c4e6c099d863efd94751a80c7e404c5,-1,sample_step,0.22262983637916878,0.02742784,-0.19520199637916877,0.12319929999538189,-0.19520199637916877,0.12319929999538189
attn_on_pim_prefill-1024xdecode_128_ops_trace.csv,prefill,-1,-1,22,GPU0,npu,12,"LN:-1,Add:-1,LN:-1,FFN_W1:0,FFN_W3:0,FFN_W1:1,FFN_W3:1,SwiGLU:0,SwiGLU:1,FFN_W2:0,FFN_W2:1,Add:-1",0.021634061511397,0.002350284767150879,npu|prefill|-1|2ef4409498d14c672a4fbbfe6786cce6,-1,sample_step,0.021634061511397,0.002350284767150879,-0.019283776744246122,0.10863816606570753,-0.019283776744246122,0.10863816606570753
attn_on_pim_prefill-1024xdecode_128_ops_trace.csv,prefill,-1,-1,22,PIM0,pim,7,"Q:0,K:0,V:0,QK:0,Softmax:0,SV:0,O:0",0.22262983637916878,0.02742784,pim|prefill|-1|61397802f1888ea563dd9b1ea38edd23,-1,sample_step,0.22262983637916878,0.02742784,-0.19520199637916877,0.12319929999538189,-0.19520199637916877,0.12319929999538189
attn_on_pim_prefill-1024xdecode_128_ops_trace.csv,prefill,-1,-1,22,PIM1,pim,7,"Q:1,K:1,V:1,QK:1,Softmax:1,SV:1,O:1",0.22262983637916878,0.02742784,pim|prefill|-1|9c4e6c099d863efd94751a80c7e404c5,-1,sample_step,0.22262983637916878,0.02742784,-0.19520199637916877,0.12319929999538189,-0.19520199637916877,0.12319929999538189
attn_on_pim_prefill-1024xdecode_128_ops_trace.csv,prefill,-1,-1,23,GPU0,npu,12,"LN:-1,Add:-1,LN:-1,FFN_W1:0,FFN_W3:0,FFN_W1:1,FFN_W3:1,SwiGLU:0,SwiGLU:1,FFN_W2:0,FFN_W2:1,Add:-1",0.021634061511397,0.002350284767150879,npu|prefill|-1|2ef4409498d14c672a4fbbfe6786cce6,-1,sample_step,0.021634061511397,0.002350284767150879,-0.019283776744246122,0.10863816606570753,-0.019283776744246122,0.10863816606570753
attn_on_pim_prefill-1024xdecode_128_ops_trace.csv,prefill,-1,-1,23,PIM0,pim,7,"Q:0,K:0,V:0,QK:0,Softmax:0,SV:0,O:0",0.22262983637916878,0.02742784,pim|prefill|-1|61397802f1888ea563dd9b1ea38edd23,-1,sample_step,0.22262983637916878,0.02742784,-0.19520199637916877,0.12319929999538189,-0.19520199637916877,0.12319929999538189
attn_on_pim_prefill-1024xdecode_128_ops_trace.csv,prefill,-1,-1,23,PIM1,pim,7,"Q:1,K:1,V:1,QK:1,Softmax:1,SV:1,O:1",0.22262983637916878,0.02742784,pim|prefill|-1|9c4e6c099d863efd94751a80c7e404c5,-1,sample_step,0.22262983637916878,0.02742784,-0.19520199637916877,0.12319929999538189,-0.19520199637916877,0.12319929999538189
attn_on_pim_prefill-1024xdecode_128_ops_trace.csv,prefill,-1,-1,24,GPU0,npu,12,"LN:-1,Add:-1,LN:-1,FFN_W1:0,FFN_W3:0,FFN_W1:1,FFN_W3:1,SwiGLU:0,SwiGLU:1,FFN_W2:0,FFN_W2:1,Add:-1",0.021634061511397,0.002350284767150879,npu|prefill|-1|2ef4409498d14c672a4fbbfe6786cce6,-1,sample_step,0.021634061511397,0.002350284767150879,-0.019283776744246122,0.10863816606570753,-0.019283776744246122,0.10863816606570753
attn_on_pim_prefill-1024xdecode_128_ops_trace.csv,prefill,-1,-1,24,PIM0,pim,7,"Q:0,K:0,V:0,QK:0,Softmax:0,SV:0,O:0",0.22262983637916878,0.02742784,pim|prefill|-1|61397802f1888ea563dd9b1ea38edd23,-1,sample_step,0.22262983637916878,0.02742784,-0.19520199637916877,0.12319929999538189,-0.19520199637916877,0.12319929999538189
attn_on_pim_prefill-1024xdecode_128_ops_trace.csv,prefill,-1,-1,24,PIM1,pim,7,"Q:1,K:1,V:1,QK:1,Softmax:1,SV:1,O:1",0.22262983637916878,0.02742784,pim|prefill|-1|9c4e6c099d863efd94751a80c7e404c5,-1,sample_step,0.22262983637916878,0.02742784,-0.19520199637916877,0.12319929999538189,-0.19520199637916877,0.12319929999538189
attn_on_pim_prefill-1024xdecode_128_ops_trace.csv,prefill,-1,-1,25,GPU0,npu,12,"LN:-1,Add:-1,LN:-1,FFN_W1:0,FFN_W3:0,FFN_W1:1,FFN_W3:1,SwiGLU:0,SwiGLU:1,FFN_W2:0,FFN_W2:1,Add:-1",0.021634061511397,0.002350284767150879,npu|prefill|-1|2ef4409498d14c672a4fbbfe6786cce6,-1,sample_step,0.021634061511397,0.002350284767150879,-0.019283776744246122,0.10863816606570753,-0.019283776744246122,0.10863816606570753
attn_on_pim_prefill-1024xdecode_128_ops_trace.csv,prefill,-1,-1,25,PIM0,pim,7,"Q:0,K:0,V:0,QK:0,Softmax:0,SV:0,O:0",0.22262983637916878,0.02742784,pim|prefill|-1|61397802f1888ea563dd9b1ea38edd23,-1,sample_step,0.22262983637916878,0.02742784,-0.19520199637916877,0.12319929999538189,-0.19520199637916877,0.12319929999538189
attn_on_pim_prefill-1024xdecode_128_ops_trace.csv,prefill,-1,-1,25,PIM1,pim,7,"Q:1,K:1,V:1,QK:1,Softmax:1,SV:1,O:1",0.22262983637916878,0.02742784,pim|prefill|-1|9c4e6c099d863efd94751a80c7e404c5,-1,sample_step,0.22262983637916878,0.02742784,-0.19520199637916877,0.12319929999538189,-0.19520199637916877,0.12319929999538189
attn_on_pim_prefill-1024xdecode_128_ops_trace.csv,prefill,-1,-1,26,GPU0,npu,12,"LN:-1,Add:-1,LN:-1,FFN_W1:0,FFN_W3:0,FFN_W1:1,FFN_W3:1,SwiGLU:0,SwiGLU:1,FFN_W2:0,FFN_W2:1,Add:-1",0.021634061511397,0.002350284767150879,npu|prefill|-1|2ef4409498d14c672a4fbbfe6786cce6,-1,sample_step,0.021634061511397,0.002350284767150879,-0.019283776744246122,0.10863816606570753,-0.019283776744246122,0.10863816606570753
attn_on_pim_prefill-1024xdecode_128_ops_trace.csv,prefill,-1,-1,26,PIM0,pim,7,"Q:0,K:0,V:0,QK:0,Softmax:0,SV:0,O:0",0.22262983637916878,0.02742784,pim|prefill|-1|61397802f1888ea563dd9b1ea38edd23,-1,sample_step,0.22262983637916878,0.02742784,-0.19520199637916877,0.12319929999538189,-0.19520199637916877,0.12319929999538189
attn_on_pim_prefill-1024xdecode_128_ops_trace.csv,prefill,-1,-1,26,PIM1,pim,7,"Q:1,K:1,V:1,QK:1,Softmax:1,SV:1,O:1",0.22262983637916878,0.02742784,pim|prefill|-1|9c4e6c099d863efd94751a80c7e404c5,-1,sample_step,0.22262983637916878,0.02742784,-0.19520199637916877,0.12319929999538189,-0.19520199637916877,0.12319929999538189
attn_on_pim_prefill-1024xdecode_128_ops_trace.csv,prefill,-1,-1,27,GPU0,npu,12,"LN:-1,Add:-1,LN:-1,FFN_W1:0,FFN_W3:0,FFN_W1:1,FFN_W3:1,SwiGLU:0,SwiGLU:1,FFN_W2:0,FFN_W2:1,Add:-1",0.021634061511397,0.002350284767150879,npu|prefill|-1|2ef4409498d14c672a4fbbfe6786cce6,-1,sample_step,0.021634061511397,0.002350284767150879,-0.019283776744246122,0.10863816606570753,-0.019283776744246122,0.10863816606570753
attn_on_pim_prefill-1024xdecode_128_ops_trace.csv,prefill,-1,-1,27,PIM0,pim,7,"Q:0,K:0,V:0,QK:0,Softmax:0,SV:0,O:0",0.22262983637916878,0.02742784,pim|prefill|-1|61397802f1888ea563dd9b1ea38edd23,-1,sample_step,0.22262983637916878,0.02742784,-0.19520199637916877,0.12319929999538189,-0.19520199637916877,0.12319929999538189
attn_on_pim_prefill-1024xdecode_128_ops_trace.csv,prefill,-1,-1,27,PIM1,pim,7,"Q:1,K:1,V:1,QK:1,Softmax:1,SV:1,O:1",0.22262983637916878,0.02742784,pim|prefill|-1|9c4e6c099d863efd94751a80c7e404c5,-1,sample_step,0.22262983637916878,0.02742784,-0.19520199637916877,0.12319929999538189,-0.19520199637916877,0.12319929999538189
attn_on_pim_prefill-1024xdecode_128_ops_trace.csv,prefill,-1,-1,28,GPU0,npu,12,"LN:-1,Add:-1,LN:-1,FFN_W1:0,FFN_W3:0,FFN_W1:1,FFN_W3:1,SwiGLU:0,SwiGLU:1,FFN_W2:0,FFN_W2:1,Add:-1",0.021634061511397,0.002350284767150879,npu|prefill|-1|2ef4409498d14c672a4fbbfe6786cce6,-1,sample_step,0.021634061511397,0.002350284767150879,-0.019283776744246122,0.10863816606570753,-0.019283776744246122,0.10863816606570753
attn_on_pim_prefill-1024xdecode_128_ops_trace.csv,prefill,-1,-1,28,PIM0,pim,7,"Q:0,K:0,V:0,QK:0,Softmax:0,SV:0,O:0",0.22262983637916878,0.02742784,pim|prefill|-1|61397802f1888ea563dd9b1ea38edd23,-1,sample_step,0.22262983637916878,0.02742784,-0.19520199637916877,0.12319929999538189,-0.19520199637916877,0.12319929999538189
attn_on_pim_prefill-1024xdecode_128_ops_trace.csv,prefill,-1,-1,28,PIM1,pim,7,"Q:1,K:1,V:1,QK:1,Softmax:1,SV:1,O:1",0.22262983637916878,0.02742784,pim|prefill|-1|9c4e6c099d863efd94751a80c7e404c5,-1,sample_step,0.22262983637916878,0.02742784,-0.19520199637916877,0.12319929999538189,-0.19520199637916877,0.12319929999538189
attn_on_pim_prefill-1024xdecode_128_ops_trace.csv,prefill,-1,-1,29,GPU0,npu,12,"LN:-1,Add:-1,LN:-1,FFN_W1:0,FFN_W3:0,FFN_W1:1,FFN_W3:1,SwiGLU:0,SwiGLU:1,FFN_W2:0,FFN_W2:1,Add:-1",0.021634061511397,0.002350284767150879,npu|prefill|-1|2ef4409498d14c672a4fbbfe6786cce6,-1,sample_step,0.021634061511397,0.002350284767150879,-0.019283776744246122,0.10863816606570753,-0.019283776744246122,0.10863816606570753
attn_on_pim_prefill-1024xdecode_128_ops_trace.csv,prefill,-1,-1,29,PIM0,pim,7,"Q:0,K:0,V:0,QK:0,Softmax:0,SV:0,O:0",0.22262983637916878,0.02742784,pim|prefill|-1|61397802f1888ea563dd9b1ea38edd23,-1,sample_step,0.22262983637916878,0.02742784,-0.19520199637916877,0.12319929999538189,-0.19520199637916877,0.12319929999538189
attn_on_pim_prefill-1024xdecode_128_ops_trace.csv,prefill,-1,-1,29,PIM1,pim,7,"Q:1,K:1,V:1,QK:1,Softmax:1,SV:1,O:1",0.22262983637916878,0.02742784,pim|prefill|-1|9c4e6c099d863efd94751a80c7e404c5,-1,sample_step,0.22262983637916878,0.02742784,-0.19520199637916877,0.12319929999538189,-0.19520199637916877,0.12319929999538189
attn_on_pim_prefill-1024xdecode_128_ops_trace.csv,prefill,-1,-1,30,GPU0,npu,12,"LN:-1,Add:-1,LN:-1,FFN_W1:0,FFN_W3:0,FFN_W1:1,FFN_W3:1,SwiGLU:0,SwiGLU:1,FFN_W2:0,FFN_W2:1,Add:-1",0.021634061511397,0.002350284767150879,npu|prefill|-1|2ef4409498d14c672a4fbbfe6786cce6,-1,sample_step,0.021634061511397,0.002350284767150879,-0.019283776744246122,0.10863816606570753,-0.019283776744246122,0.10863816606570753
attn_on_pim_prefill-1024xdecode_128_ops_trace.csv,prefill,-1,-1,30,PIM0,pim,7,"Q:0,K:0,V:0,QK:0,Softmax:0,SV:0,O:0",0.22262983637916878,0.02742784,pim|prefill|-1|61397802f1888ea563dd9b1ea38edd23,-1,sample_step,0.22262983637916878,0.02742784,-0.19520199637916877,0.12319929999538189,-0.19520199637916877,0.12319929999538189
attn_on_pim_prefill-1024xdecode_128_ops_trace.csv,prefill,-1,-1,30,PIM1,pim,7,"Q:1,K:1,V:1,QK:1,Softmax:1,SV:1,O:1",0.22262983637916878,0.02742784,pim|prefill|-1|9c4e6c099d863efd94751a80c7e404c5,-1,sample_step,0.22262983637916878,0.02742784,-0.19520199637916877,0.12319929999538189,-0.19520199637916877,0.12319929999538189
attn_on_pim_prefill-1024xdecode_128_ops_trace.csv,prefill,-1,-1,31,GPU0,npu,12,"LN:-1,Add:-1,LN:-1,FFN_W1:0,FFN_W3:0,FFN_W1:1,FFN_W3:1,SwiGLU:0,SwiGLU:1,FFN_W2:0,FFN_W2:1,Add:-1",0.0216340615114022,0.002350284767150879,npu|prefill|-1|2ef4409498d14c672a4fbbfe6786cce6,-1,sample_step,0.0216340615114022,0.002350284767150879,-0.019283776744251323,0.10863816606568141,-0.019283776744251323,0.10863816606568141
attn_on_pim_prefill-1024xdecode_128_ops_trace.csv,prefill,-1,-1,31,PIM0,pim,7,"Q:0,K:0,V:0,QK:0,Softmax:0,SV:0,O:0",0.2226298363791679,0.02742784,pim|prefill|-1|61397802f1888ea563dd9b1ea38edd23,-1,sample_step,0.2226298363791679,0.02742784,-0.19520199637916788,0.12319929999538239,-0.19520199637916788,0.12319929999538239
attn_on_pim_prefill-1024xdecode_128_ops_trace.csv,prefill,-1,-1,31,PIM1,pim,7,"Q:1,K:1,V:1,QK:1,Softmax:1,SV:1,O:1",0.2226298363791679,0.02742784,pim|prefill|-1|9c4e6c099d863efd94751a80c7e404c5,-1,sample_step,0.2226298363791679,0.02742784,-0.19520199637916788,0.12319929999538239,-0.19520199637916788,0.12319929999538239
attn_on_pim_prefill-1024xdecode_128_ops_trace.csv,decode,0,0,0,GPU0,npu,12,"LN:-1,Add:-1,LN:-1,FFN_W1:0,FFN_W3:0,FFN_W1:1,FFN_W3:1,SwiGLU:0,SwiGLU:1,FFN_W2:0,FFN_W2:1,Add:-1",0.00033699741708659303,0.00034959359169006347,npu|decode|0|2ef4409498d14c672a4fbbfe6786cce6,0,sample_step,0.00033699741708659303,0.00034959359169006347,1.2596174603470435e-05,1.0373776591891024,1.2596174603470435e-05,1.0373776591891024
attn_on_pim_prefill-1024xdecode_128_ops_trace.csv,decode,0,0,0,PIM0,pim,7,"Q:0,K:0,V:0,QK:0,Softmax:0,SV:0,O:0",0.00021809469726541408,3.0525e-05,pim|decode|0|61397802f1888ea563dd9b1ea38edd23,0,sample_step,0.00021809469726541408,3.0525e-05,-0.0001875696972654141,0.13996213746935846,-0.0001875696972654141,0.13996213746935846
attn_on_pim_prefill-1024xdecode_128_ops_trace.csv,decode,0,0,0,PIM1,pim,7,"Q:1,K:1,V:1,QK:1,Softmax:1,SV:1,O:1",0.00021809469726541408,3.0525e-05,pim|decode|0|9c4e6c099d863efd94751a80c7e404c5,0,sample_step,0.00021809469726541408,3.0525e-05,-0.0001875696972654141,0.13996213746935846,-0.0001875696972654141,0.13996213746935846
attn_on_pim_prefill-1024xdecode_128_ops_trace.csv,decode,0,0,1,GPU0,npu,12,"LN:-1,Add:-1,LN:-1,FFN_W1:0,FFN_W3:0,FFN_W1:1,FFN_W3:1,SwiGLU:0,SwiGLU:1,FFN_W2:0,FFN_W2:1,Add:-1",0.00033699741708659303,0.00034959359169006347,npu|decode|0|2ef4409498d14c672a4fbbfe6786cce6,0,sample_step,0.00033699741708659303,0.00034959359169006347,1.2596174603470435e-05,1.0373776591891024,1.2596174603470435e-05,1.0373776591891024
attn_on_pim_prefill-1024xdecode_128_ops_trace.csv,decode,0,0,1,PIM0,pim,7,"Q:0,K:0,V:0,QK:0,Softmax:0,SV:0,O:0",0.00021809469726541408,3.0525e-05,pim|decode|0|61397802f1888ea563dd9b1ea38edd23,0,sample_step,0.00021809469726541408,3.0525e-05,-0.0001875696972654141,0.13996213746935846,-0.0001875696972654141,0.13996213746935846
attn_on_pim_prefill-1024xdecode_128_ops_trace.csv,decode,0,0,1,PIM1,pim,7,"Q:1,K:1,V:1,QK:1,Softmax:1,SV:1,O:1",0.00021809469726541408,3.0525e-05,pim|decode|0|9c4e6c099d863efd94751a80c7e404c5,0,sample_step,0.00021809469726541408,3.0525e-05,-0.0001875696972654141,0.13996213746935846,-0.0001875696972654141,0.13996213746935846
attn_on_pim_prefill-1024xdecode_128_ops_trace.csv,decode,0,0,2,GPU0,npu,12,"LN:-1,Add:-1,LN:-1,FFN_W1:0,FFN_W3:0,FFN_W1:1,FFN_W3:1,SwiGLU:0,SwiGLU:1,FFN_W2:0,FFN_W2:1,Add:-1",0.00033699741708659303,0.00034959359169006347,npu|decode|0|2ef4409498d14c672a4fbbfe6786cce6,0,sample_step,0.00033699741708659303,0.00034959359169006347,1.2596174603470435e-05,1.0373776591891024,1.2596174603470435e-05,1.0373776591891024
attn_on_pim_prefill-1024xdecode_128_ops_trace.csv,decode,0,0,2,PIM0,pim,7,"Q:0,K:0,V:0,QK:0,Softmax:0,SV:0,O:0",0.00021809469726541408,3.0525e-05,pim|decode|0|61397802f1888ea563dd9b1ea38edd23,0,sample_step,0.00021809469726541408,3.0525e-05,-0.0001875696972654141,0.13996213746935846,-0.0001875696972654141,0.13996213746935846
attn_on_pim_prefill-1024xdecode_128_ops_trace.csv,decode,0,0,2,PIM1,pim,7,"Q:1,K:1,V:1,QK:1,Softmax:1,SV:1,O:1",0.00021809469726541408,3.0525e-05,pim|decode|0|9c4e6c099d863efd94751a80c7e404c5,0,sample_step,0.00021809469726541408,3.0525e-05,-0.0001875696972654141,0.13996213746935846,-0.0001875696972654141,0.13996213746935846
attn_on_pim_prefill-1024xdecode_128_ops_trace.csv,decode,0,0,3,GPU0,npu,12,"LN:-1,Add:-1,LN:-1,FFN_W1:0,FFN_W3:0,FFN_W1:1,FFN_W3:1,SwiGLU:0,SwiGLU:1,FFN_W2:0,FFN_W2:1,Add:-1",0.00033699741708659303,0.00034959359169006347,npu|decode|0|2ef4409498d14c672a4fbbfe6786cce6,0,sample_step,0.00033699741708659303,0.00034959359169006347,1.2596174603470435e-05,1.0373776591891024,1.2596174603470435e-05,1.0373776591891024
attn_on_pim_prefill-1024xdecode_128_ops_trace.csv,decode,0,0,3,PIM0,pim,7,"Q:0,K:0,V:0,QK:0,Softmax:0,SV:0,O:0",0.00021809469726541408,3.0525e-05,pim|decode|0|61397802f1888ea563dd9b1ea38edd23,0,sample_step,0.00021809469726541408,3.0525e-05,-0.0001875696972654141,0.13996213746935846,-0.0001875696972654141,0.13996213746935846
attn_on_pim_prefill-1024xdecode_128_ops_trace.csv,decode,0,0,3,PIM1,pim,7,"Q:1,K:1,V:1,QK:1,Softmax:1,SV:1,O:1",0.00021809469726541408,3.0525e-05,pim|decode|0|9c4e6c099d863efd94751a80c7e404c5,0,sample_step,0.00021809469726541408,3.0525e-05,-0.0001875696972654141,0.13996213746935846,-0.0001875696972654141,0.13996213746935846
attn_on_pim_prefill-1024xdecode_128_ops_trace.csv,decode,0,0,4,GPU0,npu,12,"LN:-1,Add:-1,LN:-1,FFN_W1:0,FFN_W3:0,FFN_W1:1,FFN_W3:1,SwiGLU:0,SwiGLU:1,FFN_W2:0,FFN_W2:1,Add:-1",0.00033699741708659303,0.00034959359169006347,npu|decode|0|2ef4409498d14c672a4fbbfe6786cce6,0,sample_step,0.00033699741708659303,0.00034959359169006347,1.2596174603470435e-05,1.0373776591891024,1.2596174603470435e-05,1.0373776591891024
attn_on_pim_prefill-1024xdecode_128_ops_trace.csv,decode,0,0,4,PIM0,pim,7,"Q:0,K:0,V:0,QK:0,Softmax:0,SV:0,O:0",0.00021809469726541408,3.0525e-05,pim|decode|0|61397802f1888ea563dd9b1ea38edd23,0,sample_step,0.00021809469726541408,3.0525e-05,-0.0001875696972654141,0.13996213746935846,-0.0001875696972654141,0.13996213746935846
attn_on_pim_prefill-1024xdecode_128_ops_trace.csv,decode,0,0,4,PIM1,pim,7,"Q:1,K:1,V:1,QK:1,Softmax:1,SV:1,O:1",0.00021809469726541408,3.0525e-05,pim|decode|0|9c4e6c099d863efd94751a80c7e404c5,0,sample_step,0.00021809469726541408,3.0525e-05,-0.0001875696972654141,0.13996213746935846,-0.0001875696972654141,0.13996213746935846
attn_on_pim_prefill-1024xdecode_128_ops_trace.csv,decode,0,0,5,GPU0,npu,12,"LN:-1,Add:-1,LN:-1,FFN_W1:0,FFN_W3:0,FFN_W1:1,FFN_W3:1,SwiGLU:0,SwiGLU:1,FFN_W2:0,FFN_W2:1,Add:-1",0.00033699741708659303,0.00034959359169006347,npu|decode|0|2ef4409498d14c672a4fbbfe6786cce6,0,sample_step,0.00033699741708659303,0.00034959359169006347,1.2596174603470435e-05,1.0373776591891024,1.2596174603470435e-05,1.0373776591891024
attn_on_pim_prefill-1024xdecode_128_ops_trace.csv,decode,0,0,5,PIM0,pim,7,"Q:0,K:0,V:0,QK:0,Softmax:0,SV:0,O:0",0.00021809469726541408,3.0525e-05,pim|decode|0|61397802f1888ea563dd9b1ea38edd23,0,sample_step,0.00021809469726541408,3.0525e-05,-0.0001875696972654141,0.13996213746935846,-0.0001875696972654141,0.13996213746935846
attn_on_pim_prefill-1024xdecode_128_ops_trace.csv,decode,0,0,5,PIM1,pim,7,"Q:1,K:1,V:1,QK:1,Softmax:1,SV:1,O:1",0.00021809469726541408,3.0525e-05,pim|decode|0|9c4e6c099d863efd94751a80c7e404c5,0,sample_step,0.00021809469726541408,3.0525e-05,-0.0001875696972654141,0.13996213746935846,-0.0001875696972654141,0.13996213746935846
attn_on_pim_prefill-1024xdecode_128_ops_trace.csv,decode,0,0,6,GPU0,npu,12,"LN:-1,Add:-1,LN:-1,FFN_W1:0,FFN_W3:0,FFN_W1:1,FFN_W3:1,SwiGLU:0,SwiGLU:1,FFN_W2:0,FFN_W2:1,Add:-1",0.00033699741708659303,0.00034959359169006347,npu|decode|0|2ef4409498d14c672a4fbbfe6786cce6,0,sample_step,0.00033699741708659303,0.00034959359169006347,1.2596174603470435e-05,1.0373776591891024,1.2596174603470435e-05,1.0373776591891024
attn_on_pim_prefill-1024xdecode_128_ops_trace.csv,decode,0,0,6,PIM0,pim,7,"Q:0,K:0,V:0,QK:0,Softmax:0,SV:0,O:0",0.00021809469726541408,3.0525e-05,pim|decode|0|61397802f1888ea563dd9b1ea38edd23,0,sample_step,0.00021809469726541408,3.0525e-05,-0.0001875696972654141,0.13996213746935846,-0.0001875696972654141,0.13996213746935846
attn_on_pim_prefill-1024xdecode_128_ops_trace.csv,decode,0,0,6,PIM1,pim,7,"Q:1,K:1,V:1,QK:1,Softmax:1,SV:1,O:1",0.00021809469726541408,3.0525e-05,pim|decode|0|9c4e6c099d863efd94751a80c7e404c5,0,sample_step,0.00021809469726541408,3.0525e-05,-0.0001875696972654141,0.13996213746935846,-0.0001875696972654141,0.13996213746935846
attn_on_pim_prefill-1024xdecode_128_ops_trace.csv,decode,0,0,7,GPU0,npu,12,"LN:-1,Add:-1,LN:-1,FFN_W1:0,FFN_W3:0,FFN_W1:1,FFN_W3:1,SwiGLU:0,SwiGLU:1,FFN_W2:0,FFN_W2:1,Add:-1",0.00033699741708659303,0.00034959359169006347,npu|decode|0|2ef4409498d14c672a4fbbfe6786cce6,0,sample_step,0.00033699741708659303,0.00034959359169006347,1.2596174603470435e-05,1.0373776591891024,1.2596174603470435e-05,1.0373776591891024
attn_on_pim_prefill-1024xdecode_128_ops_trace.csv,decode,0,0,7,PIM0,pim,7,"Q:0,K:0,V:0,QK:0,Softmax:0,SV:0,O:0",0.00021809469726541408,3.0525e-05,pim|decode|0|61397802f1888ea563dd9b1ea38edd23,0,sample_step,0.00021809469726541408,3.0525e-05,-0.0001875696972654141,0.13996213746935846,-0.0001875696972654141,0.13996213746935846
attn_on_pim_prefill-1024xdecode_128_ops_trace.csv,decode,0,0,7,PIM1,pim,7,"Q:1,K:1,V:1,QK:1,Softmax:1,SV:1,O:1",0.00021809469726541408,3.0525e-05,pim|decode|0|9c4e6c099d863efd94751a80c7e404c5,0,sample_step,0.00021809469726541408,3.0525e-05,-0.0001875696972654141,0.13996213746935846,-0.0001875696972654141,0.13996213746935846
attn_on_pim_prefill-1024xdecode_128_ops_trace.csv,decode,0,0,8,GPU0,npu,12,"LN:-1,Add:-1,LN:-1,FFN_W1:0,FFN_W3:0,FFN_W1:1,FFN_W3:1,SwiGLU:0,SwiGLU:1,FFN_W2:0,FFN_W2:1,Add:-1",0.00033699741708659303,0.00034959359169006347,npu|decode|0|2ef4409498d14c672a4fbbfe6786cce6,0,sample_step,0.00033699741708659303,0.00034959359169006347,1.2596174603470435e-05,1.0373776591891024,1.2596174603470435e-05,1.0373776591891024
attn_on_pim_prefill-1024xdecode_128_ops_trace.csv,decode,0,0,8,PIM0,pim,7,"Q:0,K:0,V:0,QK:0,Softmax:0,SV:0,O:0",0.00021809469726541408,3.0525e-05,pim|decode|0|61397802f1888ea563dd9b1ea38edd23,0,sample_step,0.00021809469726541408,3.0525e-05,-0.0001875696972654141,0.13996213746935846,-0.0001875696972654141,0.13996213746935846
attn_on_pim_prefill-1024xdecode_128_ops_trace.csv,decode,0,0,8,PIM1,pim,7,"Q:1,K:1,V:1,QK:1,Softmax:1,SV:1,O:1",0.00021809469726541408,3.0525e-05,pim|decode|0|9c4e6c099d863efd94751a80c7e404c5,0,sample_step,0.00021809469726541408,3.0525e-05,-0.0001875696972654141,0.13996213746935846,-0.0001875696972654141,0.13996213746935846
attn_on_pim_prefill-1024xdecode_128_ops_trace.csv,decode,0,0,9,GPU0,npu,12,"LN:-1,Add:-1,LN:-1,FFN_W1:0,FFN_W3:0,FFN_W1:1,FFN_W3:1,SwiGLU:0,SwiGLU:1,FFN_W2:0,FFN_W2:1,Add:-1",0.00033699741708659303,0.00034959359169006347,npu|decode|0|2ef4409498d14c672a4fbbfe6786cce6,0,sample_step,0.00033699741708659303,0.00034959359169006347,1.2596174603470435e-05,1.0373776591891024,1.2596174603470435e-05,1.0373776591891024
attn_on_pim_prefill-1024xdecode_128_ops_trace.csv,decode,0,0,9,PIM0,pim,7,"Q:0,K:0,V:0,QK:0,Softmax:0,SV:0,O:0",0.00021809469726541408,3.0525e-05,pim|decode|0|61397802f1888ea563dd9b1ea38edd23,0,sample_step,0.00021809469726541408,3.0525e-05,-0.0001875696972654141,0.13996213746935846,-0.0001875696972654141,0.13996213746935846
attn_on_pim_prefill-1024xdecode_128_ops_trace.csv,decode,0,0,9,PIM1,pim,7,"Q:1,K:1,V:1,QK:1,Softmax:1,SV:1,O:1",0.00021809469726541408,3.0525e-05,pim|decode|0|9c4e6c099d863efd94751a80c7e404c5,0,sample_step,0.00021809469726541408,3.0525e-05,-0.0001875696972654141,0.13996213746935846,-0.0001875696972654141,0.13996213746935846
attn_on_pim_prefill-1024xdecode_128_ops_trace.csv,decode,0,0,10,GPU0,npu,12,"LN:-1,Add:-1,LN:-1,FFN_W1:0,FFN_W3:0,FFN_W1:1,FFN_W3:1,SwiGLU:0,SwiGLU:1,FFN_W2:0,FFN_W2:1,Add:-1",0.00033699741708659303,0.00034959359169006347,npu|decode|0|2ef4409498d14c672a4fbbfe6786cce6,0,sample_step,0.00033699741708659303,0.00034959359169006347,1.2596174603470435e-05,1.0373776591891024,1.2596174603470435e-05,1.0373776591891024
attn_on_pim_prefill-1024xdecode_128_ops_trace.csv,decode,0,0,10,PIM0,pim,7,"Q:0,K:0,V:0,QK:0,Softmax:0,SV:0,O:0",0.00021809469726541408,3.0525e-05,pim|decode|0|61397802f1888ea563dd9b1ea38edd23,0,sample_step,0.00021809469726541408,3.0525e-05,-0.0001875696972654141,0.13996213746935846,-0.0001875696972654141,0.13996213746935846
attn_on_pim_prefill-1024xdecode_128_ops_trace.csv,decode,0,0,10,PIM1,pim,7,"Q:1,K:1,V:1,QK:1,Softmax:1,SV:1,O:1",0.00021809469726541408,3.0525e-05,pim|decode|0|9c4e6c099d863efd94751a80c7e404c5,0,sample_step,0.00021809469726541408,3.0525e-05,-0.0001875696972654141,0.13996213746935846,-0.0001875696972654141,0.13996213746935846
attn_on_pim_prefill-1024xdecode_128_ops_trace.csv,decode,0,0,11,GPU0,npu,12,"LN:-1,Add:-1,LN:-1,FFN_W1:0,FFN_W3:0,FFN_W1:1,FFN_W3:1,SwiGLU:0,SwiGLU:1,FFN_W2:0,FFN_W2:1,Add:-1",0.00033699741708659303,0.00034959359169006347,npu|decode|0|2ef4409498d14c672a4fbbfe6786cce6,0,sample_step,0.00033699741708659303,0.00034959359169006347,1.2596174603470435e-05,1.0373776591891024,1.2596174603470435e-05,1.0373776591891024
attn_on_pim_prefill-1024xdecode_128_ops_trace.csv,decode,0,0,11,PIM0,pim,7,"Q:0,K:0,V:0,QK:0,Softmax:0,SV:0,O:0",0.00021809469726541408,3.0525e-05,pim|decode|0|61397802f1888ea563dd9b1ea38edd23,0,sample_step,0.00021809469726541408,3.0525e-05,-0.0001875696972654141,0.13996213746935846,-0.0001875696972654141,0.13996213746935846
attn_on_pim_prefill-1024xdecode_128_ops_trace.csv,decode,0,0,11,PIM1,pim,7,"Q:1,K:1,V:1,QK:1,Softmax:1,SV:1,O:1",0.00021809469726541408,3.0525e-05,pim|decode|0|9c4e6c099d863efd94751a80c7e404c5,0,sample_step,0.00021809469726541408,3.0525e-05,-0.0001875696972654141,0.13996213746935846,-0.0001875696972654141,0.13996213746935846
attn_on_pim_prefill-1024xdecode_128_ops_trace.csv,decode,0,0,12,GPU0,npu,12,"LN:-1,Add:-1,LN:-1,FFN_W1:0,FFN_W3:0,FFN_W1:1,FFN_W3:1,SwiGLU:0,SwiGLU:1,FFN_W2:0,FFN_W2:1,Add:-1",0.00033699741708659303,0.00034959359169006347,npu|decode|0|2ef4409498d14c672a4fbbfe6786cce6,0,sample_step,0.00033699741708659303,0.00034959359169006347,1.2596174603470435e-05,1.0373776591891024,1.2596174603470435e-05,1.0373776591891024
attn_on_pim_prefill-1024xdecode_128_ops_trace.csv,decode,0,0,12,PIM0,pim,7,"Q:0,K:0,V:0,QK:0,Softmax:0,SV:0,O:0",0.00021809469726541408,3.0525e-05,pim|decode|0|61397802f1888ea563dd9b1ea38edd23,0,sample_step,0.00021809469726541408,3.0525e-05,-0.0001875696972654141,0.13996213746935846,-0.0001875696972654141,0.13996213746935846
attn_on_pim_prefill-1024xdecode_128_ops_trace.csv,decode,0,0,12,PIM1,pim,7,"Q:1,K:1,V:1,QK:1,Softmax:1,SV:1,O:1",0.00021809469726541408,3.0525e-05,pim|decode|0|9c4e6c099d863efd94751a80c7e404c5,0,sample_step,0.00021809469726541408,3.0525e-05,-0.0001875696972654141,0.13996213746935846,-0.0001875696972654141,0.13996213746935846
attn_on_pim_prefill-1024xdecode_128_ops_trace.csv,decode,0,0,13,GPU0,npu,12,"LN:-1,Add:-1,LN:-1,FFN_W1:0,FFN_W3:0,FFN_W1:1,FFN_W3:1,SwiGLU:0,SwiGLU:1,FFN_W2:0,FFN_W2:1,Add:-1",0.00033699741708659303,0.00034959359169006347,npu|decode|0|2ef4409498d14c672a4fbbfe6786cce6,0,sample_step,0.00033699741708659303,0.00034959359169006347,1.2596174603470435e-05,1.0373776591891024,1.2596174603470435e-05,1.0373776591891024
attn_on_pim_prefill-1024xdecode_128_ops_trace.csv,decode,0,0,13,PIM0,pim,7,"Q:0,K:0,V:0,QK:0,Softmax:0,SV:0,O:0",0.00021809469726541408,3.0525e-05,pim|decode|0|61397802f1888ea563dd9b1ea38edd23,0,sample_step,0.00021809469726541408,3.0525e-05,-0.0001875696972654141,0.13996213746935846,-0.0001875696972654141,0.13996213746935846
attn_on_pim_prefill-1024xdecode_128_ops_trace.csv,decode,0,0,13,PIM1,pim,7,"Q:1,K:1,V:1,QK:1,Softmax:1,SV:1,O:1",0.00021809469726541408,3.0525e-05,pim|decode|0|9c4e6c099d863efd94751a80c7e404c5,0,sample_step,0.00021809469726541408,3.0525e-05,-0.0001875696972654141,0.13996213746935846,-0.0001875696972654141,0.13996213746935846
attn_on_pim_prefill-1024xdecode_128_ops_trace.csv,decode,0,0,14,GPU0,npu,12,"LN:-1,Add:-1,LN:-1,FFN_W1:0,FFN_W3:0,FFN_W1:1,FFN_W3:1,SwiGLU:0,SwiGLU:1,FFN_W2:0,FFN_W2:1,Add:-1",0.00033699741708659303,0.00034959359169006347,npu|decode|0|2ef4409498d14c672a4fbbfe6786cce6,0,sample_step,0.00033699741708659303,0.00034959359169006347,1.2596174603470435e-05,1.0373776591891024,1.2596174603470435e-05,1.0373776591891024
attn_on_pim_prefill-1024xdecode_128_ops_trace.csv,decode,0,0,14,PIM0,pim,7,"Q:0,K:0,V:0,QK:0,Softmax:0,SV:0,O:0",0.00021809469726541408,3.0525e-05,pim|decode|0|61397802f1888ea563dd9b1ea38edd23,0,sample_step,0.00021809469726541408,3.0525e-05,-0.0001875696972654141,0.13996213746935846,-0.0001875696972654141,0.13996213746935846
attn_on_pim_prefill-1024xdecode_128_ops_trace.csv,decode,0,0,14,PIM1,pim,7,"Q:1,K:1,V:1,QK:1,Softmax:1,SV:1,O:1",0.00021809469726541408,3.0525e-05,pim|decode|0|9c4e6c099d863efd94751a80c7e404c5,0,sample_step,0.00021809469726541408,3.0525e-05,-0.0001875696972654141,0.13996213746935846,-0.0001875696972654141,0.13996213746935846
attn_on_pim_prefill-1024xdecode_128_ops_trace.csv,decode,0,0,15,GPU0,npu,12,"LN:-1,Add:-1,LN:-1,FFN_W1:0,FFN_W3:0,FFN_W1:1,FFN_W3:1,SwiGLU:0,SwiGLU:1,FFN_W2:0,FFN_W2:1,Add:-1",0.00033699741708659303,0.00034959359169006347,npu|decode|0|2ef4409498d14c672a4fbbfe6786cce6,0,sample_step,0.00033699741708659303,0.00034959359169006347,1.2596174603470435e-05,1.0373776591891024,1.2596174603470435e-05,1.0373776591891024
attn_on_pim_prefill-1024xdecode_128_ops_trace.csv,decode,0,0,15,PIM0,pim,7,"Q:0,K:0,V:0,QK:0,Softmax:0,SV:0,O:0",0.00021809469726541408,3.0525e-05,pim|decode|0|61397802f1888ea563dd9b1ea38edd23,0,sample_step,0.00021809469726541408,3.0525e-05,-0.0001875696972654141,0.13996213746935846,-0.0001875696972654141,0.13996213746935846
attn_on_pim_prefill-1024xdecode_128_ops_trace.csv,decode,0,0,15,PIM1,pim,7,"Q:1,K:1,V:1,QK:1,Softmax:1,SV:1,O:1",0.00021809469726541408,3.0525e-05,pim|decode|0|9c4e6c099d863efd94751a80c7e404c5,0,sample_step,0.00021809469726541408,3.0525e-05,-0.0001875696972654141,0.13996213746935846,-0.0001875696972654141,0.13996213746935846
attn_on_pim_prefill-1024xdecode_128_ops_trace.csv,decode,0,0,16,GPU0,npu,12,"LN:-1,Add:-1,LN:-1,FFN_W1:0,FFN_W3:0,FFN_W1:1,FFN_W3:1,SwiGLU:0,SwiGLU:1,FFN_W2:0,FFN_W2:1,Add:-1",0.00033699741708659303,0.00034959359169006347,npu|decode|0|2ef4409498d14c672a4fbbfe6786cce6,0,sample_step,0.00033699741708659303,0.00034959359169006347,1.2596174603470435e-05,1.0373776591891024,1.2596174603470435e-05,1.0373776591891024
attn_on_pim_prefill-1024xdecode_128_ops_trace.csv,decode,0,0,16,PIM0,pim,7,"Q:0,K:0,V:0,QK:0,Softmax:0,SV:0,O:0",0.00021809469726541408,3.0525e-05,pim|decode|0|61397802f1888ea563dd9b1ea38edd23,0,sample_step,0.00021809469726541408,3.0525e-05,-0.0001875696972654141,0.13996213746935846,-0.0001875696972654141,0.13996213746935846
attn_on_pim_prefill-1024xdecode_128_ops_trace.csv,decode,0,0,16,PIM1,pim,7,"Q:1,K:1,V:1,QK:1,Softmax:1,SV:1,O:1",0.00021809469726541408,3.0525e-05,pim|decode|0|9c4e6c099d863efd94751a80c7e404c5,0,sample_step,0.00021809469726541408,3.0525e-05,-0.0001875696972654141,0.13996213746935846,-0.0001875696972654141,0.13996213746935846
attn_on_pim_prefill-1024xdecode_128_ops_trace.csv,decode,0,0,17,GPU0,npu,12,"LN:-1,Add:-1,LN:-1,FFN_W1:0,FFN_W3:0,FFN_W1:1,FFN_W3:1,SwiGLU:0,SwiGLU:1,FFN_W2:0,FFN_W2:1,Add:-1",0.00033699741708659303,0.00034959359169006347,npu|decode|0|2ef4409498d14c672a4fbbfe6786cce6,0,sample_step,0.00033699741708659303,0.00034959359169006347,1.2596174603470435e-05,1.0373776591891024,1.2596174603470435e-05,1.0373776591891024
attn_on_pim_prefill-1024xdecode_128_ops_trace.csv,decode,0,0,17,PIM0,pim,7,"Q:0,K:0,V:0,QK:0,Softmax:0,SV:0,O:0",0.00021809469726541408,3.0525e-05,pim|decode|0|61397802f1888ea563dd9b1ea38edd23,0,sample_step,0.00021809469726541408,3.0525e-05,-0.0001875696972654141,0.13996213746935846,-0.0001875696972654141,0.13996213746935846
attn_on_pim_prefill-1024xdecode_128_ops_trace.csv,decode,0,0,17,PIM1,pim,7,"Q:1,K:1,V:1,QK:1,Softmax:1,SV:1,O:1",0.00021809469726541408,3.0525e-05,pim|decode|0|9c4e6c099d863efd94751a80c7e404c5,0,sample_step,0.00021809469726541408,3.0525e-05,-0.0001875696972654141,0.13996213746935846,-0.0001875696972654141,0.13996213746935846
attn_on_pim_prefill-1024xdecode_128_ops_trace.csv,decode,0,0,18,GPU0,npu,12,"LN:-1,Add:-1,LN:-1,FFN_W1:0,FFN_W3:0,FFN_W1:1,FFN_W3:1,SwiGLU:0,SwiGLU:1,FFN_W2:0,FFN_W2:1,Add:-1",0.00033699741708659303,0.00034959359169006347,npu|decode|0|2ef4409498d14c672a4fbbfe6786cce6,0,sample_step,0.00033699741708659303,0.00034959359169006347,1.2596174603470435e-05,1.0373776591891024,1.2596174603470435e-05,1.0373776591891024
attn_on_pim_prefill-1024xdecode_128_ops_trace.csv,decode,0,0,18,PIM0,pim,7,"Q:0,K:0,V:0,QK:0,Softmax:0,SV:0,O:0",0.00021809469726541408,3.0525e-05,pim|decode|0|61397802f1888ea563dd9b1ea38edd23,0,sample_step,0.00021809469726541408,3.0525e-05,-0.0001875696972654141,0.13996213746935846,-0.0001875696972654141,0.13996213746935846
attn_on_pim_prefill-1024xdecode_128_ops_trace.csv,decode,0,0,18,PIM1,pim,7,"Q:1,K:1,V:1,QK:1,Softmax:1,SV:1,O:1",0.00021809469726541408,3.0525e-05,pim|decode|0|9c4e6c099d863efd94751a80c7e404c5,0,sample_step,0.00021809469726541408,3.0525e-05,-0.0001875696972654141,0.13996213746935846,-0.0001875696972654141,0.13996213746935846
attn_on_pim_prefill-1024xdecode_128_ops_trace.csv,decode,0,0,19,GPU0,npu,12,"LN:-1,Add:-1,LN:-1,FFN_W1:0,FFN_W3:0,FFN_W1:1,FFN_W3:1,SwiGLU:0,SwiGLU:1,FFN_W2:0,FFN_W2:1,Add:-1",0.00033699741708659303,0.00034959359169006347,npu|decode|0|2ef4409498d14c672a4fbbfe6786cce6,0,sample_step,0.00033699741708659303,0.00034959359169006347,1.2596174603470435e-05,1.0373776591891024,1.2596174603470435e-05,1.0373776591891024
attn_on_pim_prefill-1024xdecode_128_ops_trace.csv,decode,0,0,19,PIM0,pim,7,"Q:0,K:0,V:0,QK:0,Softmax:0,SV:0,O:0",0.00021809469726541408,3.0525e-05,pim|decode|0|61397802f1888ea563dd9b1ea38edd23,0,sample_step,0.00021809469726541408,3.0525e-05,-0.0001875696972654141,0.13996213746935846,-0.0001875696972654141,0.13996213746935846
attn_on_pim_prefill-1024xdecode_128_ops_trace.csv,decode,0,0,19,PIM1,pim,7,"Q:1,K:1,V:1,QK:1,Softmax:1,SV:1,O:1",0.00021809469726541408,3.0525e-05,pim|decode|0|9c4e6c099d863efd94751a80c7e404c5,0,sample_step,0.00021809469726541408,3.0525e-05,-0.0001875696972654141,0.13996213746935846,-0.0001875696972654141,0.13996213746935846
attn_on_pim_prefill-1024xdecode_128_ops_trace.csv,decode,0,0,20,GPU0,npu,12,"LN:-1,Add:-1,LN:-1,FFN_W1:0,FFN_W3:0,FFN_W1:1,FFN_W3:1,SwiGLU:0,SwiGLU:1,FFN_W2:0,FFN_W2:1,Add:-1",0.00033699741708659303,0.00034959359169006347,npu|decode|0|2ef4409498d14c672a4fbbfe6786cce6,0,sample_step,0.00033699741708659303,0.00034959359169006347,1.2596174603470435e-05,1.0373776591891024,1.2596174603470435e-05,1.0373776591891024
attn_on_pim_prefill-1024xdecode_128_ops_trace.csv,decode,0,0,20,PIM0,pim,7,"Q:0,K:0,V:0,QK:0,Softmax:0,SV:0,O:0",0.00021809469726541408,3.0525e-05,pim|decode|0|61397802f1888ea563dd9b1ea38edd23,0,sample_step,0.00021809469726541408,3.0525e-05,-0.0001875696972654141,0.13996213746935846,-0.0001875696972654141,0.13996213746935846
attn_on_pim_prefill-1024xdecode_128_ops_trace.csv,decode,0,0,20,PIM1,pim,7,"Q:1,K:1,V:1,QK:1,Softmax:1,SV:1,O:1",0.00021809469726541408,3.0525e-05,pim|decode|0|9c4e6c099d863efd94751a80c7e404c5,0,sample_step,0.00021809469726541408,3.0525e-05,-0.0001875696972654141,0.13996213746935846,-0.0001875696972654141,0.13996213746935846
attn_on_pim_prefill-1024xdecode_128_ops_trace.csv,decode,0,0,21,GPU0,npu,12,"LN:-1,Add:-1,LN:-1,FFN_W1:0,FFN_W3:0,FFN_W1:1,FFN_W3:1,SwiGLU:0,SwiGLU:1,FFN_W2:0,FFN_W2:1,Add:-1",0.00033699741708659303,0.00034959359169006347,npu|decode|0|2ef4409498d14c672a4fbbfe6786cce6,0,sample_step,0.00033699741708659303,0.00034959359169006347,1.2596174603470435e-05,1.0373776591891024,1.2596174603470435e-05,1.0373776591891024
attn_on_pim_prefill-1024xdecode_128_ops_trace.csv,decode,0,0,21,PIM0,pim,7,"Q:0,K:0,V:0,QK:0,Softmax:0,SV:0,O:0",0.00021809469726541408,3.0525e-05,pim|decode|0|61397802f1888ea563dd9b1ea38edd23,0,sample_step,0.00021809469726541408,3.0525e-05,-0.0001875696972654141,0.13996213746935846,-0.0001875696972654141,0.13996213746935846
attn_on_pim_prefill-1024xdecode_128_ops_trace.csv,decode,0,0,21,PIM1,pim,7,"Q:1,K:1,V:1,QK:1,Softmax:1,SV:1,O:1",0.00021809469726541408,3.0525e-05,pim|decode|0|9c4e6c099d863efd94751a80c7e404c5,0,sample_step,0.00021809469726541408,3.0525e-05,-0.0001875696972654141,0.13996213746935846,-0.0001875696972654141,0.13996213746935846
attn_on_pim_prefill-1024xdecode_128_ops_trace.csv,decode,0,0,22,GPU0,npu,12,"LN:-1,Add:-1,LN:-1,FFN_W1:0,FFN_W3:0,FFN_W1:1,FFN_W3:1,SwiGLU:0,SwiGLU:1,FFN_W2:0,FFN_W2:1,Add:-1",0.00033699741708659303,0.00034959359169006347,npu|decode|0|2ef4409498d14c672a4fbbfe6786cce6,0,sample_step,0.00033699741708659303,0.00034959359169006347,1.2596174603470435e-05,1.0373776591891024,1.2596174603470435e-05,1.0373776591891024
attn_on_pim_prefill-1024xdecode_128_ops_trace.csv,decode,0,0,22,PIM0,pim,7,"Q:0,K:0,V:0,QK:0,Softmax:0,SV:0,O:0",0.00021809469726541408,3.0525e-05,pim|decode|0|61397802f1888ea563dd9b1ea38edd23,0,sample_step,0.00021809469726541408,3.0525e-05,-0.0001875696972654141,0.13996213746935846,-0.0001875696972654141,0.13996213746935846
attn_on_pim_prefill-1024xdecode_128_ops_trace.csv,decode,0,0,22,PIM1,pim,7,"Q:1,K:1,V:1,QK:1,Softmax:1,SV:1,O:1",0.00021809469726541408,3.0525e-05,pim|decode|0|9c4e6c099d863efd94751a80c7e404c5,0,sample_step,0.00021809469726541408,3.0525e-05,-0.0001875696972654141,0.13996213746935846,-0.0001875696972654141,0.13996213746935846
attn_on_pim_prefill-1024xdecode_128_ops_trace.csv,decode,0,0,23,GPU0,npu,12,"LN:-1,Add:-1,LN:-1,FFN_W1:0,FFN_W3:0,FFN_W1:1,FFN_W3:1,SwiGLU:0,SwiGLU:1,FFN_W2:0,FFN_W2:1,Add:-1",0.00033699741708659303,0.00034959359169006347,npu|decode|0|2ef4409498d14c672a4fbbfe6786cce6,0,sample_step,0.00033699741708659303,0.00034959359169006347,1.2596174603470435e-05,1.0373776591891024,1.2596174603470435e-05,1.0373776591891024
attn_on_pim_prefill-1024xdecode_128_ops_trace.csv,decode,0,0,23,PIM0,pim,7,"Q:0,K:0,V:0,QK:0,Softmax:0,SV:0,O:0",0.00021809469726541408,3.0525e-05,pim|decode|0|61397802f1888ea563dd9b1ea38edd23,0,sample_step,0.00021809469726541408,3.0525e-05,-0.0001875696972654141,0.13996213746935846,-0.0001875696972654141,0.13996213746935846
attn_on_pim_prefill-1024xdecode_128_ops_trace.csv,decode,0,0,23,PIM1,pim,7,"Q:1,K:1,V:1,QK:1,Softmax:1,SV:1,O:1",0.00021809469726541408,3.0525e-05,pim|decode|0|9c4e6c099d863efd94751a80c7e404c5,0,sample_step,0.00021809469726541408,3.0525e-05,-0.0001875696972654141,0.13996213746935846,-0.0001875696972654141,0.13996213746935846
attn_on_pim_prefill-1024xdecode_128_ops_trace.csv,decode,0,0,24,GPU0,npu,12,"LN:-1,Add:-1,LN:-1,FFN_W1:0,FFN_W3:0,FFN_W1:1,FFN_W3:1,SwiGLU:0,SwiGLU:1,FFN_W2:0,FFN_W2:1,Add:-1",0.00033699741708659303,0.00034959359169006347,npu|decode|0|2ef4409498d14c672a4fbbfe6786cce6,0,sample_step,0.00033699741708659303,0.00034959359169006347,1.2596174603470435e-05,1.0373776591891024,1.2596174603470435e-05,1.0373776591891024
attn_on_pim_prefill-1024xdecode_128_ops_trace.csv,decode,0,0,24,PIM0,pim,7,"Q:0,K:0,V:0,QK:0,Softmax:0,SV:0,O:0",0.00021809469726541408,3.0525e-05,pim|decode|0|61397802f1888ea563dd9b1ea38edd23,0,sample_step,0.00021809469726541408,3.0525e-05,-0.0001875696972654141,0.13996213746935846,-0.0001875696972654141,0.13996213746935846
attn_on_pim_prefill-1024xdecode_128_ops_trace.csv,decode,0,0,24,PIM1,pim,7,"Q:1,K:1,V:1,QK:1,Softmax:1,SV:1,O:1",0.00021809469726541408,3.0525e-05,pim|decode|0|9c4e6c099d863efd94751a80c7e404c5,0,sample_step,0.00021809469726541408,3.0525e-05,-0.0001875696972654141,0.13996213746935846,-0.0001875696972654141,0.13996213746935846
attn_on_pim_prefill-1024xdecode_128_ops_trace.csv,decode,0,0,25,GPU0,npu,12,"LN:-1,Add:-1,LN:-1,FFN_W1:0,FFN_W3:0,FFN_W1:1,FFN_W3:1,SwiGLU:0,SwiGLU:1,FFN_W2:0,FFN_W2:1,Add:-1",0.00033699741708659303,0.00034959359169006347,npu|decode|0|2ef4409498d14c672a4fbbfe6786cce6,0,sample_step,0.00033699741708659303,0.00034959359169006347,1.2596174603470435e-05,1.0373776591891024,1.2596174603470435e-05,1.0373776591891024
attn_on_pim_prefill-1024xdecode_128_ops_trace.csv,decode,0,0,25,PIM0,pim,7,"Q:0,K:0,V:0,QK:0,Softmax:0,SV:0,O:0",0.00021809469726541408,3.0525e-05,pim|decode|0|61397802f1888ea563dd9b1ea38edd23,0,sample_step,0.00021809469726541408,3.0525e-05,-0.0001875696972654141,0.13996213746935846,-0.0001875696972654141,0.13996213746935846
attn_on_pim_prefill-1024xdecode_128_ops_trace.csv,decode,0,0,25,PIM1,pim,7,"Q:1,K:1,V:1,QK:1,Softmax:1,SV:1,O:1",0.00021809469726541408,3.0525e-05,pim|decode|0|9c4e6c099d863efd94751a80c7e404c5,0,sample_step,0.00021809469726541408,3.0525e-05,-0.0001875696972654141,0.13996213746935846,-0.0001875696972654141,0.13996213746935846
attn_on_pim_prefill-1024xdecode_128_ops_trace.csv,decode,0,0,26,GPU0,npu,12,"LN:-1,Add:-1,LN:-1,FFN_W1:0,FFN_W3:0,FFN_W1:1,FFN_W3:1,SwiGLU:0,SwiGLU:1,FFN_W2:0,FFN_W2:1,Add:-1",0.00033699741708659303,0.00034959359169006347,npu|decode|0|2ef4409498d14c672a4fbbfe6786cce6,0,sample_step,0.00033699741708659303,0.00034959359169006347,1.2596174603470435e-05,1.0373776591891024,1.2596174603470435e-05,1.0373776591891024
attn_on_pim_prefill-1024xdecode_128_ops_trace.csv,decode,0,0,26,PIM0,pim,7,"Q:0,K:0,V:0,QK:0,Softmax:0,SV:0,O:0",0.00021809469726541408,3.0525e-05,pim|decode|0|61397802f1888ea563dd9b1ea38edd23,0,sample_step,0.00021809469726541408,3.0525e-05,-0.0001875696972654141,0.13996213746935846,-0.0001875696972654141,0.13996213746935846
attn_on_pim_prefill-1024xdecode_128_ops_trace.csv,decode,0,0,26,PIM1,pim,7,"Q:1,K:1,V:1,QK:1,Softmax:1,SV:1,O:1",0.00021809469726541408,3.0525e-05,pim|decode|0|9c4e6c099d863efd94751a80c7e404c5,0,sample_step,0.00021809469726541408,3.0525e-05,-0.0001875696972654141,0.13996213746935846,-0.0001875696972654141,0.13996213746935846
attn_on_pim_prefill-1024xdecode_128_ops_trace.csv,decode,0,0,27,GPU0,npu,12,"LN:-1,Add:-1,LN:-1,FFN_W1:0,FFN_W3:0,FFN_W1:1,FFN_W3:1,SwiGLU:0,SwiGLU:1,FFN_W2:0,FFN_W2:1,Add:-1",0.00033699741708659303,0.00034959359169006347,npu|decode|0|2ef4409498d14c672a4fbbfe6786cce6,0,sample_step,0.00033699741708659303,0.00034959359169006347,1.2596174603470435e-05,1.0373776591891024,1.2596174603470435e-05,1.0373776591891024
attn_on_pim_prefill-1024xdecode_128_ops_trace.csv,decode,0,0,27,PIM0,pim,7,"Q:0,K:0,V:0,QK:0,Softmax:0,SV:0,O:0",0.00021809469726541408,3.0525e-05,pim|decode|0|61397802f1888ea563dd9b1ea38edd23,0,sample_step,0.00021809469726541408,3.0525e-05,-0.0001875696972654141,0.13996213746935846,-0.0001875696972654141,0.13996213746935846
attn_on_pim_prefill-1024xdecode_128_ops_trace.csv,decode,0,0,27,PIM1,pim,7,"Q:1,K:1,V:1,QK:1,Softmax:1,SV:1,O:1",0.00021809469726541408,3.0525e-05,pim|decode|0|9c4e6c099d863efd94751a80c7e404c5,0,sample_step,0.00021809469726541408,3.0525e-05,-0.0001875696972654141,0.13996213746935846,-0.0001875696972654141,0.13996213746935846
attn_on_pim_prefill-1024xdecode_128_ops_trace.csv,decode,0,0,28,GPU0,npu,12,"LN:-1,Add:-1,LN:-1,FFN_W1:0,FFN_W3:0,FFN_W1:1,FFN_W3:1,SwiGLU:0,SwiGLU:1,FFN_W2:0,FFN_W2:1,Add:-1",0.00033699741708659303,0.00034959359169006347,npu|decode|0|2ef4409498d14c672a4fbbfe6786cce6,0,sample_step,0.00033699741708659303,0.00034959359169006347,1.2596174603470435e-05,1.0373776591891024,1.2596174603470435e-05,1.0373776591891024
attn_on_pim_prefill-1024xdecode_128_ops_trace.csv,decode,0,0,28,PIM0,pim,7,"Q:0,K:0,V:0,QK:0,Softmax:0,SV:0,O:0",0.00021809469726541408,3.0525e-05,pim|decode|0|61397802f1888ea563dd9b1ea38edd23,0,sample_step,0.00021809469726541408,3.0525e-05,-0.0001875696972654141,0.13996213746935846,-0.0001875696972654141,0.13996213746935846
attn_on_pim_prefill-1024xdecode_128_ops_trace.csv,decode,0,0,28,PIM1,pim,7,"Q:1,K:1,V:1,QK:1,Softmax:1,SV:1,O:1",0.00021809469726541408,3.0525e-05,pim|decode|0|9c4e6c099d863efd94751a80c7e404c5,0,sample_step,0.00021809469726541408,3.0525e-05,-0.0001875696972654141,0.13996213746935846,-0.0001875696972654141,0.13996213746935846
attn_on_pim_prefill-1024xdecode_128_ops_trace.csv,decode,0,0,29,GPU0,npu,12,"LN:-1,Add:-1,LN:-1,FFN_W1:0,FFN_W3:0,FFN_W1:1,FFN_W3:1,SwiGLU:0,SwiGLU:1,FFN_W2:0,FFN_W2:1,Add:-1",0.00033699741708659303,0.00034959359169006347,npu|decode|0|2ef4409498d14c672a4fbbfe6786cce6,0,sample_step,0.00033699741708659303,0.00034959359169006347,1.2596174603470435e-05,1.0373776591891024,1.2596174603470435e-05,1.0373776591891024
attn_on_pim_prefill-1024xdecode_128_ops_trace.csv,decode,0,0,29,PIM0,pim,7,"Q:0,K:0,V:0,QK:0,Softmax:0,SV:0,O:0",0.00021809469726541408,3.0525e-05,pim|decode|0|61397802f1888ea563dd9b1ea38edd23,0,sample_step,0.00021809469726541408,3.0525e-05,-0.0001875696972654141,0.13996213746935846,-0.0001875696972654141,0.13996213746935846
attn_on_pim_prefill-1024xdecode_128_ops_trace.csv,decode,0,0,29,PIM1,pim,7,"Q:1,K:1,V:1,QK:1,Softmax:1,SV:1,O:1",0.00021809469726541408,3.0525e-05,pim|decode|0|9c4e6c099d863efd94751a80c7e404c5,0,sample_step,0.00021809469726541408,3.0525e-05,-0.0001875696972654141,0.13996213746935846,-0.0001875696972654141,0.13996213746935846
attn_on_pim_prefill-1024xdecode_128_ops_trace.csv,decode,0,0,30,GPU0,npu,12,"LN:-1,Add:-1,LN:-1,FFN_W1:0,FFN_W3:0,FFN_W1:1,FFN_W3:1,SwiGLU:0,SwiGLU:1,FFN_W2:0,FFN_W2:1,Add:-1",0.00033699741708659303,0.00034959359169006347,npu|decode|0|2ef4409498d14c672a4fbbfe6786cce6,0,sample_step,0.00033699741708659303,0.00034959359169006347,1.2596174603470435e-05,1.0373776591891024,1.2596174603470435e-05,1.0373776591891024
attn_on_pim_prefill-1024xdecode_128_ops_trace.csv,decode,0,0,30,PIM0,pim,7,"Q:0,K:0,V:0,QK:0,Softmax:0,SV:0,O:0",0.00021809469726541408,3.0525e-05,pim|decode|0|61397802f1888ea563dd9b1ea38edd23,0,sample_step,0.00021809469726541408,3.0525e-05,-0.0001875696972654141,0.13996213746935846,-0.0001875696972654141,0.13996213746935846
attn_on_pim_prefill-1024xdecode_128_ops_trace.csv,decode,0,0,30,PIM1,pim,7,"Q:1,K:1,V:1,QK:1,Softmax:1,SV:1,O:1",0.00021809469726541408,3.0525e-05,pim|decode|0|9c4e6c099d863efd94751a80c7e404c5,0,sample_step,0.00021809469726541408,3.0525e-05,-0.0001875696972654141,0.13996213746935846,-0.0001875696972654141,0.13996213746935846
attn_on_pim_prefill-1024xdecode_128_ops_trace.csv,decode,0,0,31,GPU0,npu,12,"LN:-1,Add:-1,LN:-1,FFN_W1:0,FFN_W3:0,FFN_W1:1,FFN_W3:1,SwiGLU:0,SwiGLU:1,FFN_W2:0,FFN_W2:1,Add:-1",0.00033699741708659303,0.00034959359169006347,npu|decode|0|2ef4409498d14c672a4fbbfe6786cce6,0,sample_step,0.00033699741708659303,0.00034959359169006347,1.2596174603470435e-05,1.0373776591891024,1.2596174603470435e-05,1.0373776591891024
attn_on_pim_prefill-1024xdecode_128_ops_trace.csv,decode,0,0,31,PIM0,pim,7,"Q:0,K:0,V:0,QK:0,Softmax:0,SV:0,O:0",0.00021809469726541408,3.0525e-05,pim|decode|0|61397802f1888ea563dd9b1ea38edd23,0,sample_step,0.00021809469726541408,3.0525e-05,-0.0001875696972654141,0.13996213746935846,-0.0001875696972654141,0.13996213746935846
attn_on_pim_prefill-1024xdecode_128_ops_trace.csv,decode,0,0,31,PIM1,pim,7,"Q:1,K:1,V:1,QK:1,Softmax:1,SV:1,O:1",0.00021809469726541408,3.0525e-05,pim|decode|0|9c4e6c099d863efd94751a80c7e404c5,0,sample_step,0.00021809469726541408,3.0525e-05,-0.0001875696972654141,0.13996213746935846,-0.0001875696972654141,0.13996213746935846
attn_on_pim_prefill-1024xdecode_128_ops_trace.csv,decode,1,1,0,GPU0,npu,12,"LN:-1,Add:-1,LN:-1,FFN_W1:0,FFN_W3:0,FFN_W1:1,FFN_W3:1,SwiGLU:0,SwiGLU:1,FFN_W2:0,FFN_W2:1,Add:-1",0.00033699741708659303,0.00034488320350646974,npu|decode|1|2ef4409498d14c672a4fbbfe6786cce6,1,sample_step,0.02123083727645536,0.021727641820907594,7.885786419876712e-06,1.0234001390516605,0.0004968045444522333,1.0234001390516605
attn_on_pim_prefill-1024xdecode_128_ops_trace.csv,decode,1,1,0,PIM0,pim,7,"Q:0,K:0,V:0,QK:0,Softmax:0,SV:0,O:0",0.00024801469726476455,3.0525e-05,pim|decode|1|61397802f1888ea563dd9b1ea38edd23,1,sample_step,0.015624925927680167,0.0019230750000000002,-0.00021748969726476455,0.123077383464148,-0.013701850927680167,0.123077383464148
attn_on_pim_prefill-1024xdecode_128_ops_trace.csv,decode,1,1,0,PIM1,pim,7,"Q:1,K:1,V:1,QK:1,Softmax:1,SV:1,O:1",0.00024801469726476455,3.0525e-05,pim|decode|1|9c4e6c099d863efd94751a80c7e404c5,1,sample_step,0.015624925927680167,0.0019230750000000002,-0.00021748969726476455,0.123077383464148,-0.013701850927680167,0.123077383464148
attn_on_pim_prefill-1024xdecode_128_ops_trace.csv,decode,1,1,1,GPU0,npu,12,"LN:-1,Add:-1,LN:-1,FFN_W1:0,FFN_W3:0,FFN_W1:1,FFN_W3:1,SwiGLU:0,SwiGLU:1,FFN_W2:0,FFN_W2:1,Add:-1",0.00033699741708659303,0.00034488320350646974,npu|decode|1|2ef4409498d14c672a4fbbfe6786cce6,1,sample_step,0.02123083727645536,0.021727641820907594,7.885786419876712e-06,1.0234001390516605,0.0004968045444522333,1.0234001390516605
attn_on_pim_prefill-1024xdecode_128_ops_trace.csv,decode,1,1,1,PIM0,pim,7,"Q:0,K:0,V:0,QK:0,Softmax:0,SV:0,O:0",0.00024801469726476455,3.0525e-05,pim|decode|1|61397802f1888ea563dd9b1ea38edd23,1,sample_step,0.015624925927680167,0.0019230750000000002,-0.00021748969726476455,0.123077383464148,-0.013701850927680167,0.123077383464148
attn_on_pim_prefill-1024xdecode_128_ops_trace.csv,decode,1,1,1,PIM1,pim,7,"Q:1,K:1,V:1,QK:1,Softmax:1,SV:1,O:1",0.00024801469726476455,3.0525e-05,pim|decode|1|9c4e6c099d863efd94751a80c7e404c5,1,sample_step,0.015624925927680167,0.0019230750000000002,-0.00021748969726476455,0.123077383464148,-0.013701850927680167,0.123077383464148
attn_on_pim_prefill-1024xdecode_128_ops_trace.csv,decode,1,1,2,GPU0,npu,12,"LN:-1,Add:-1,LN:-1,FFN_W1:0,FFN_W3:0,FFN_W1:1,FFN_W3:1,SwiGLU:0,SwiGLU:1,FFN_W2:0,FFN_W2:1,Add:-1",0.00033699741708659303,0.00034488320350646974,npu|decode|1|2ef4409498d14c672a4fbbfe6786cce6,1,sample_step,0.02123083727645536,0.021727641820907594,7.885786419876712e-06,1.0234001390516605,0.0004968045444522333,1.0234001390516605
attn_on_pim_prefill-1024xdecode_128_ops_trace.csv,decode,1,1,2,PIM0,pim,7,"Q:0,K:0,V:0,QK:0,Softmax:0,SV:0,O:0",0.00024801469726476455,3.0525e-05,pim|decode|1|61397802f1888ea563dd9b1ea38edd23,1,sample_step,0.015624925927680167,0.0019230750000000002,-0.00021748969726476455,0.123077383464148,-0.013701850927680167,0.123077383464148
attn_on_pim_prefill-1024xdecode_128_ops_trace.csv,decode,1,1,2,PIM1,pim,7,"Q:1,K:1,V:1,QK:1,Softmax:1,SV:1,O:1",0.00024801469726476455,3.0525e-05,pim|decode|1|9c4e6c099d863efd94751a80c7e404c5,1,sample_step,0.015624925927680167,0.0019230750000000002,-0.00021748969726476455,0.123077383464148,-0.013701850927680167,0.123077383464148
attn_on_pim_prefill-1024xdecode_128_ops_trace.csv,decode,1,1,3,GPU0,npu,12,"LN:-1,Add:-1,LN:-1,FFN_W1:0,FFN_W3:0,FFN_W1:1,FFN_W3:1,SwiGLU:0,SwiGLU:1,FFN_W2:0,FFN_W2:1,Add:-1",0.00033699741708659303,0.00034488320350646974,npu|decode|1|2ef4409498d14c672a4fbbfe6786cce6,1,sample_step,0.02123083727645536,0.021727641820907594,7.885786419876712e-06,1.0234001390516605,0.0004968045444522333,1.0234001390516605
attn_on_pim_prefill-1024xdecode_128_ops_trace.csv,decode,1,1,3,PIM0,pim,7,"Q:0,K:0,V:0,QK:0,Softmax:0,SV:0,O:0",0.00024801469726476455,3.0525e-05,pim|decode|1|61397802f1888ea563dd9b1ea38edd23,1,sample_step,0.015624925927680167,0.0019230750000000002,-0.00021748969726476455,0.123077383464148,-0.013701850927680167,0.123077383464148
attn_on_pim_prefill-1024xdecode_128_ops_trace.csv,decode,1,1,3,PIM1,pim,7,"Q:1,K:1,V:1,QK:1,Softmax:1,SV:1,O:1",0.00024801469726476455,3.0525e-05,pim|decode|1|9c4e6c099d863efd94751a80c7e404c5,1,sample_step,0.015624925927680167,0.0019230750000000002,-0.00021748969726476455,0.123077383464148,-0.013701850927680167,0.123077383464148
attn_on_pim_prefill-1024xdecode_128_ops_trace.csv,decode,1,1,4,GPU0,npu,12,"LN:-1,Add:-1,LN:-1,FFN_W1:0,FFN_W3:0,FFN_W1:1,FFN_W3:1,SwiGLU:0,SwiGLU:1,FFN_W2:0,FFN_W2:1,Add:-1",0.00033699741708659303,0.00034488320350646974,npu|decode|1|2ef4409498d14c672a4fbbfe6786cce6,1,sample_step,0.02123083727645536,0.021727641820907594,7.885786419876712e-06,1.0234001390516605,0.0004968045444522333,1.0234001390516605
attn_on_pim_prefill-1024xdecode_128_ops_trace.csv,decode,1,1,4,PIM0,pim,7,"Q:0,K:0,V:0,QK:0,Softmax:0,SV:0,O:0",0.00024801469726476455,3.0525e-05,pim|decode|1|61397802f1888ea563dd9b1ea38edd23,1,sample_step,0.015624925927680167,0.0019230750000000002,-0.00021748969726476455,0.123077383464148,-0.013701850927680167,0.123077383464148
attn_on_pim_prefill-1024xdecode_128_ops_trace.csv,decode,1,1,4,PIM1,pim,7,"Q:1,K:1,V:1,QK:1,Softmax:1,SV:1,O:1",0.00024801469726476455,3.0525e-05,pim|decode|1|9c4e6c099d863efd94751a80c7e404c5,1,sample_step,0.015624925927680167,0.0019230750000000002,-0.00021748969726476455,0.123077383464148,-0.013701850927680167,0.123077383464148
attn_on_pim_prefill-1024xdecode_128_ops_trace.csv,decode,1,1,5,GPU0,npu,12,"LN:-1,Add:-1,LN:-1,FFN_W1:0,FFN_W3:0,FFN_W1:1,FFN_W3:1,SwiGLU:0,SwiGLU:1,FFN_W2:0,FFN_W2:1,Add:-1",0.00033699741708659303,0.00034488320350646974,npu|decode|1|2ef4409498d14c672a4fbbfe6786cce6,1,sample_step,0.02123083727645536,0.021727641820907594,7.885786419876712e-06,1.0234001390516605,0.0004968045444522333,1.0234001390516605
attn_on_pim_prefill-1024xdecode_128_ops_trace.csv,decode,1,1,5,PIM0,pim,7,"Q:0,K:0,V:0,QK:0,Softmax:0,SV:0,O:0",0.00024801469726476455,3.0525e-05,pim|decode|1|61397802f1888ea563dd9b1ea38edd23,1,sample_step,0.015624925927680167,0.0019230750000000002,-0.00021748969726476455,0.123077383464148,-0.013701850927680167,0.123077383464148
attn_on_pim_prefill-1024xdecode_128_ops_trace.csv,decode,1,1,5,PIM1,pim,7,"Q:1,K:1,V:1,QK:1,Softmax:1,SV:1,O:1",0.00024801469726476455,3.0525e-05,pim|decode|1|9c4e6c099d863efd94751a80c7e404c5,1,sample_step,0.015624925927680167,0.0019230750000000002,-0.00021748969726476455,0.123077383464148,-0.013701850927680167,0.123077383464148
attn_on_pim_prefill-1024xdecode_128_ops_trace.csv,decode,1,1,6,GPU0,npu,12,"LN:-1,Add:-1,LN:-1,FFN_W1:0,FFN_W3:0,FFN_W1:1,FFN_W3:1,SwiGLU:0,SwiGLU:1,FFN_W2:0,FFN_W2:1,Add:-1",0.00033699741708659303,0.00034488320350646974,npu|decode|1|2ef4409498d14c672a4fbbfe6786cce6,1,sample_step,0.02123083727645536,0.021727641820907594,7.885786419876712e-06,1.0234001390516605,0.0004968045444522333,1.0234001390516605
attn_on_pim_prefill-1024xdecode_128_ops_trace.csv,decode,1,1,6,PIM0,pim,7,"Q:0,K:0,V:0,QK:0,Softmax:0,SV:0,O:0",0.00024801469726476455,3.0525e-05,pim|decode|1|61397802f1888ea563dd9b1ea38edd23,1,sample_step,0.015624925927680167,0.0019230750000000002,-0.00021748969726476455,0.123077383464148,-0.013701850927680167,0.123077383464148
attn_on_pim_prefill-1024xdecode_128_ops_trace.csv,decode,1,1,6,PIM1,pim,7,"Q:1,K:1,V:1,QK:1,Softmax:1,SV:1,O:1",0.00024801469726476455,3.0525e-05,pim|decode|1|9c4e6c099d863efd94751a80c7e404c5,1,sample_step,0.015624925927680167,0.0019230750000000002,-0.00021748969726476455,0.123077383464148,-0.013701850927680167,0.123077383464148
attn_on_pim_prefill-1024xdecode_128_ops_trace.csv,decode,1,1,7,GPU0,npu,12,"LN:-1,Add:-1,LN:-1,FFN_W1:0,FFN_W3:0,FFN_W1:1,FFN_W3:1,SwiGLU:0,SwiGLU:1,FFN_W2:0,FFN_W2:1,Add:-1",0.00033699741708659303,0.00034488320350646974,npu|decode|1|2ef4409498d14c672a4fbbfe6786cce6,1,sample_step,0.02123083727645536,0.021727641820907594,7.885786419876712e-06,1.0234001390516605,0.0004968045444522333,1.0234001390516605
attn_on_pim_prefill-1024xdecode_128_ops_trace.csv,decode,1,1,7,PIM0,pim,7,"Q:0,K:0,V:0,QK:0,Softmax:0,SV:0,O:0",0.00024801469726476455,3.0525e-05,pim|decode|1|61397802f1888ea563dd9b1ea38edd23,1,sample_step,0.015624925927680167,0.0019230750000000002,-0.00021748969726476455,0.123077383464148,-0.013701850927680167,0.123077383464148
attn_on_pim_prefill-1024xdecode_128_ops_trace.csv,decode,1,1,7,PIM1,pim,7,"Q:1,K:1,V:1,QK:1,Softmax:1,SV:1,O:1",0.00024801469726476455,3.0525e-05,pim|decode|1|9c4e6c099d863efd94751a80c7e404c5,1,sample_step,0.015624925927680167,0.0019230750000000002,-0.00021748969726476455,0.123077383464148,-0.013701850927680167,0.123077383464148
attn_on_pim_prefill-1024xdecode_128_ops_trace.csv,decode,1,1,8,GPU0,npu,12,"LN:-1,Add:-1,LN:-1,FFN_W1:0,FFN_W3:0,FFN_W1:1,FFN_W3:1,SwiGLU:0,SwiGLU:1,FFN_W2:0,FFN_W2:1,Add:-1",0.00033699741708659303,0.00034488320350646974,npu|decode|1|2ef4409498d14c672a4fbbfe6786cce6,1,sample_step,0.02123083727645536,0.021727641820907594,7.885786419876712e-06,1.0234001390516605,0.0004968045444522333,1.0234001390516605
attn_on_pim_prefill-1024xdecode_128_ops_trace.csv,decode,1,1,8,PIM0,pim,7,"Q:0,K:0,V:0,QK:0,Softmax:0,SV:0,O:0",0.00024801469726476455,3.0525e-05,pim|decode|1|61397802f1888ea563dd9b1ea38edd23,1,sample_step,0.015624925927680167,0.0019230750000000002,-0.00021748969726476455,0.123077383464148,-0.013701850927680167,0.123077383464148
attn_on_pim_prefill-1024xdecode_128_ops_trace.csv,decode,1,1,8,PIM1,pim,7,"Q:1,K:1,V:1,QK:1,Softmax:1,SV:1,O:1",0.00024801469726476455,3.0525e-05,pim|decode|1|9c4e6c099d863efd94751a80c7e404c5,1,sample_step,0.015624925927680167,0.0019230750000000002,-0.00021748969726476455,0.123077383464148,-0.013701850927680167,0.123077383464148
attn_on_pim_prefill-1024xdecode_128_ops_trace.csv,decode,1,1,9,GPU0,npu,12,"LN:-1,Add:-1,LN:-1,FFN_W1:0,FFN_W3:0,FFN_W1:1,FFN_W3:1,SwiGLU:0,SwiGLU:1,FFN_W2:0,FFN_W2:1,Add:-1",0.00033699741708659303,0.00034488320350646974,npu|decode|1|2ef4409498d14c672a4fbbfe6786cce6,1,sample_step,0.02123083727645536,0.021727641820907594,7.885786419876712e-06,1.0234001390516605,0.0004968045444522333,1.0234001390516605
attn_on_pim_prefill-1024xdecode_128_ops_trace.csv,decode,1,1,9,PIM0,pim,7,"Q:0,K:0,V:0,QK:0,Softmax:0,SV:0,O:0",0.00024801469726476455,3.0525e-05,pim|decode|1|61397802f1888ea563dd9b1ea38edd23,1,sample_step,0.015624925927680167,0.0019230750000000002,-0.00021748969726476455,0.123077383464148,-0.013701850927680167,0.123077383464148
attn_on_pim_prefill-1024xdecode_128_ops_trace.csv,decode,1,1,9,PIM1,pim,7,"Q:1,K:1,V:1,QK:1,Softmax:1,SV:1,O:1",0.00024801469726476455,3.0525e-05,pim|decode|1|9c4e6c099d863efd94751a80c7e404c5,1,sample_step,0.015624925927680167,0.0019230750000000002,-0.00021748969726476455,0.123077383464148,-0.013701850927680167,0.123077383464148
attn_on_pim_prefill-1024xdecode_128_ops_trace.csv,decode,1,1,10,GPU0,npu,12,"LN:-1,Add:-1,LN:-1,FFN_W1:0,FFN_W3:0,FFN_W1:1,FFN_W3:1,SwiGLU:0,SwiGLU:1,FFN_W2:0,FFN_W2:1,Add:-1",0.00033699741708659303,0.00034488320350646974,npu|decode|1|2ef4409498d14c672a4fbbfe6786cce6,1,sample_step,0.02123083727645536,0.021727641820907594,7.885786419876712e-06,1.0234001390516605,0.0004968045444522333,1.0234001390516605
attn_on_pim_prefill-1024xdecode_128_ops_trace.csv,decode,1,1,10,PIM0,pim,7,"Q:0,K:0,V:0,QK:0,Softmax:0,SV:0,O:0",0.00024801469726476455,3.0525e-05,pim|decode|1|61397802f1888ea563dd9b1ea38edd23,1,sample_step,0.015624925927680167,0.0019230750000000002,-0.00021748969726476455,0.123077383464148,-0.013701850927680167,0.123077383464148
attn_on_pim_prefill-1024xdecode_128_ops_trace.csv,decode,1,1,10,PIM1,pim,7,"Q:1,K:1,V:1,QK:1,Softmax:1,SV:1,O:1",0.00024801469726476455,3.0525e-05,pim|decode|1|9c4e6c099d863efd94751a80c7e404c5,1,sample_step,0.015624925927680167,0.0019230750000000002,-0.00021748969726476455,0.123077383464148,-0.013701850927680167,0.123077383464148
attn_on_pim_prefill-1024xdecode_128_ops_trace.csv,decode,1,1,11,GPU0,npu,12,"LN:-1,Add:-1,LN:-1,FFN_W1:0,FFN_W3:0,FFN_W1:1,FFN_W3:1,SwiGLU:0,SwiGLU:1,FFN_W2:0,FFN_W2:1,Add:-1",0.00033699741708659303,0.00034488320350646974,npu|decode|1|2ef4409498d14c672a4fbbfe6786cce6,1,sample_step,0.02123083727645536,0.021727641820907594,7.885786419876712e-06,1.0234001390516605,0.0004968045444522333,1.0234001390516605
attn_on_pim_prefill-1024xdecode_128_ops_trace.csv,decode,1,1,11,PIM0,pim,7,"Q:0,K:0,V:0,QK:0,Softmax:0,SV:0,O:0",0.00024801469726476455,3.0525e-05,pim|decode|1|61397802f1888ea563dd9b1ea38edd23,1,sample_step,0.015624925927680167,0.0019230750000000002,-0.00021748969726476455,0.123077383464148,-0.013701850927680167,0.123077383464148
attn_on_pim_prefill-1024xdecode_128_ops_trace.csv,decode,1,1,11,PIM1,pim,7,"Q:1,K:1,V:1,QK:1,Softmax:1,SV:1,O:1",0.00024801469726476455,3.0525e-05,pim|decode|1|9c4e6c099d863efd94751a80c7e404c5,1,sample_step,0.015624925927680167,0.0019230750000000002,-0.00021748969726476455,0.123077383464148,-0.013701850927680167,0.123077383464148
attn_on_pim_prefill-1024xdecode_128_ops_trace.csv,decode,1,1,12,GPU0,npu,12,"LN:-1,Add:-1,LN:-1,FFN_W1:0,FFN_W3:0,FFN_W1:1,FFN_W3:1,SwiGLU:0,SwiGLU:1,FFN_W2:0,FFN_W2:1,Add:-1",0.00033699741708659303,0.00034488320350646974,npu|decode|1|2ef4409498d14c672a4fbbfe6786cce6,1,sample_step,0.02123083727645536,0.021727641820907594,7.885786419876712e-06,1.0234001390516605,0.0004968045444522333,1.0234001390516605
attn_on_pim_prefill-1024xdecode_128_ops_trace.csv,decode,1,1,12,PIM0,pim,7,"Q:0,K:0,V:0,QK:0,Softmax:0,SV:0,O:0",0.00024801469726476455,3.0525e-05,pim|decode|1|61397802f1888ea563dd9b1ea38edd23,1,sample_step,0.015624925927680167,0.0019230750000000002,-0.00021748969726476455,0.123077383464148,-0.013701850927680167,0.123077383464148
attn_on_pim_prefill-1024xdecode_128_ops_trace.csv,decode,1,1,12,PIM1,pim,7,"Q:1,K:1,V:1,QK:1,Softmax:1,SV:1,O:1",0.00024801469726476455,3.0525e-05,pim|decode|1|9c4e6c099d863efd94751a80c7e404c5,1,sample_step,0.015624925927680167,0.0019230750000000002,-0.00021748969726476455,0.123077383464148,-0.013701850927680167,0.123077383464148
attn_on_pim_prefill-1024xdecode_128_ops_trace.csv,decode,1,1,13,GPU0,npu,12,"LN:-1,Add:-1,LN:-1,FFN_W1:0,FFN_W3:0,FFN_W1:1,FFN_W3:1,SwiGLU:0,SwiGLU:1,FFN_W2:0,FFN_W2:1,Add:-1",0.00033699741708659303,0.00034488320350646974,npu|decode|1|2ef4409498d14c672a4fbbfe6786cce6,1,sample_step,0.02123083727645536,0.021727641820907594,7.885786419876712e-06,1.0234001390516605,0.0004968045444522333,1.0234001390516605
attn_on_pim_prefill-1024xdecode_128_ops_trace.csv,decode,1,1,13,PIM0,pim,7,"Q:0,K:0,V:0,QK:0,Softmax:0,SV:0,O:0",0.00024801469726476455,3.0525e-05,pim|decode|1|61397802f1888ea563dd9b1ea38edd23,1,sample_step,0.015624925927680167,0.0019230750000000002,-0.00021748969726476455,0.123077383464148,-0.013701850927680167,0.123077383464148
attn_on_pim_prefill-1024xdecode_128_ops_trace.csv,decode,1,1,13,PIM1,pim,7,"Q:1,K:1,V:1,QK:1,Softmax:1,SV:1,O:1",0.00024801469726476455,3.0525e-05,pim|decode|1|9c4e6c099d863efd94751a80c7e404c5,1,sample_step,0.015624925927680167,0.0019230750000000002,-0.00021748969726476455,0.123077383464148,-0.013701850927680167,0.123077383464148
attn_on_pim_prefill-1024xdecode_128_ops_trace.csv,decode,1,1,14,GPU0,npu,12,"LN:-1,Add:-1,LN:-1,FFN_W1:0,FFN_W3:0,FFN_W1:1,FFN_W3:1,SwiGLU:0,SwiGLU:1,FFN_W2:0,FFN_W2:1,Add:-1",0.00033699741708659303,0.00034488320350646974,npu|decode|1|2ef4409498d14c672a4fbbfe6786cce6,1,sample_step,0.02123083727645536,0.021727641820907594,7.885786419876712e-06,1.0234001390516605,0.0004968045444522333,1.0234001390516605
attn_on_pim_prefill-1024xdecode_128_ops_trace.csv,decode,1,1,14,PIM0,pim,7,"Q:0,K:0,V:0,QK:0,Softmax:0,SV:0,O:0",0.00024801469726476455,3.0525e-05,pim|decode|1|61397802f1888ea563dd9b1ea38edd23,1,sample_step,0.015624925927680167,0.0019230750000000002,-0.00021748969726476455,0.123077383464148,-0.013701850927680167,0.123077383464148
attn_on_pim_prefill-1024xdecode_128_ops_trace.csv,decode,1,1,14,PIM1,pim,7,"Q:1,K:1,V:1,QK:1,Softmax:1,SV:1,O:1",0.00024801469726476455,3.0525e-05,pim|decode|1|9c4e6c099d863efd94751a80c7e404c5,1,sample_step,0.015624925927680167,0.0019230750000000002,-0.00021748969726476455,0.123077383464148,-0.013701850927680167,0.123077383464148
attn_on_pim_prefill-1024xdecode_128_ops_trace.csv,decode,1,1,15,GPU0,npu,12,"LN:-1,Add:-1,LN:-1,FFN_W1:0,FFN_W3:0,FFN_W1:1,FFN_W3:1,SwiGLU:0,SwiGLU:1,FFN_W2:0,FFN_W2:1,Add:-1",0.00033699741708659303,0.00034488320350646974,npu|decode|1|2ef4409498d14c672a4fbbfe6786cce6,1,sample_step,0.02123083727645536,0.021727641820907594,7.885786419876712e-06,1.0234001390516605,0.0004968045444522333,1.0234001390516605
attn_on_pim_prefill-1024xdecode_128_ops_trace.csv,decode,1,1,15,PIM0,pim,7,"Q:0,K:0,V:0,QK:0,Softmax:0,SV:0,O:0",0.00024801469726476455,3.0525e-05,pim|decode|1|61397802f1888ea563dd9b1ea38edd23,1,sample_step,0.015624925927680167,0.0019230750000000002,-0.00021748969726476455,0.123077383464148,-0.013701850927680167,0.123077383464148
attn_on_pim_prefill-1024xdecode_128_ops_trace.csv,decode,1,1,15,PIM1,pim,7,"Q:1,K:1,V:1,QK:1,Softmax:1,SV:1,O:1",0.00024801469726476455,3.0525e-05,pim|decode|1|9c4e6c099d863efd94751a80c7e404c5,1,sample_step,0.015624925927680167,0.0019230750000000002,-0.00021748969726476455,0.123077383464148,-0.013701850927680167,0.123077383464148
attn_on_pim_prefill-1024xdecode_128_ops_trace.csv,decode,1,1,16,GPU0,npu,12,"LN:-1,Add:-1,LN:-1,FFN_W1:0,FFN_W3:0,FFN_W1:1,FFN_W3:1,SwiGLU:0,SwiGLU:1,FFN_W2:0,FFN_W2:1,Add:-1",0.00033699741708659303,0.00034488320350646974,npu|decode|1|2ef4409498d14c672a4fbbfe6786cce6,1,sample_step,0.02123083727645536,0.021727641820907594,7.885786419876712e-06,1.0234001390516605,0.0004968045444522333,1.0234001390516605
attn_on_pim_prefill-1024xdecode_128_ops_trace.csv,decode,1,1,16,PIM0,pim,7,"Q:0,K:0,V:0,QK:0,Softmax:0,SV:0,O:0",0.00024801469726476455,3.0525e-05,pim|decode|1|61397802f1888ea563dd9b1ea38edd23,1,sample_step,0.015624925927680167,0.0019230750000000002,-0.00021748969726476455,0.123077383464148,-0.013701850927680167,0.123077383464148
attn_on_pim_prefill-1024xdecode_128_ops_trace.csv,decode,1,1,16,PIM1,pim,7,"Q:1,K:1,V:1,QK:1,Softmax:1,SV:1,O:1",0.00024801469726476455,3.0525e-05,pim|decode|1|9c4e6c099d863efd94751a80c7e404c5,1,sample_step,0.015624925927680167,0.0019230750000000002,-0.00021748969726476455,0.123077383464148,-0.013701850927680167,0.123077383464148
attn_on_pim_prefill-1024xdecode_128_ops_trace.csv,decode,1,1,17,GPU0,npu,12,"LN:-1,Add:-1,LN:-1,FFN_W1:0,FFN_W3:0,FFN_W1:1,FFN_W3:1,SwiGLU:0,SwiGLU:1,FFN_W2:0,FFN_W2:1,Add:-1",0.00033699741708659303,0.00034488320350646974,npu|decode|1|2ef4409498d14c672a4fbbfe6786cce6,1,sample_step,0.02123083727645536,0.021727641820907594,7.885786419876712e-06,1.0234001390516605,0.0004968045444522333,1.0234001390516605
attn_on_pim_prefill-1024xdecode_128_ops_trace.csv,decode,1,1,17,PIM0,pim,7,"Q:0,K:0,V:0,QK:0,Softmax:0,SV:0,O:0",0.00024801469726476455,3.0525e-05,pim|decode|1|61397802f1888ea563dd9b1ea38edd23,1,sample_step,0.015624925927680167,0.0019230750000000002,-0.00021748969726476455,0.123077383464148,-0.013701850927680167,0.123077383464148
attn_on_pim_prefill-1024xdecode_128_ops_trace.csv,decode,1,1,17,PIM1,pim,7,"Q:1,K:1,V:1,QK:1,Softmax:1,SV:1,O:1",0.00024801469726476455,3.0525e-05,pim|decode|1|9c4e6c099d863efd94751a80c7e404c5,1,sample_step,0.015624925927680167,0.0019230750000000002,-0.00021748969726476455,0.123077383464148,-0.013701850927680167,0.123077383464148
attn_on_pim_prefill-1024xdecode_128_ops_trace.csv,decode,1,1,18,GPU0,npu,12,"LN:-1,Add:-1,LN:-1,FFN_W1:0,FFN_W3:0,FFN_W1:1,FFN_W3:1,SwiGLU:0,SwiGLU:1,FFN_W2:0,FFN_W2:1,Add:-1",0.00033699741708659303,0.00034488320350646974,npu|decode|1|2ef4409498d14c672a4fbbfe6786cce6,1,sample_step,0.02123083727645536,0.021727641820907594,7.885786419876712e-06,1.0234001390516605,0.0004968045444522333,1.0234001390516605
attn_on_pim_prefill-1024xdecode_128_ops_trace.csv,decode,1,1,18,PIM0,pim,7,"Q:0,K:0,V:0,QK:0,Softmax:0,SV:0,O:0",0.00024801469726476455,3.0525e-05,pim|decode|1|61397802f1888ea563dd9b1ea38edd23,1,sample_step,0.015624925927680167,0.0019230750000000002,-0.00021748969726476455,0.123077383464148,-0.013701850927680167,0.123077383464148
attn_on_pim_prefill-1024xdecode_128_ops_trace.csv,decode,1,1,18,PIM1,pim,7,"Q:1,K:1,V:1,QK:1,Softmax:1,SV:1,O:1",0.00024801469726476455,3.0525e-05,pim|decode|1|9c4e6c099d863efd94751a80c7e404c5,1,sample_step,0.015624925927680167,0.0019230750000000002,-0.00021748969726476455,0.123077383464148,-0.013701850927680167,0.123077383464148
attn_on_pim_prefill-1024xdecode_128_ops_trace.csv,decode,1,1,19,GPU0,npu,12,"LN:-1,Add:-1,LN:-1,FFN_W1:0,FFN_W3:0,FFN_W1:1,FFN_W3:1,SwiGLU:0,SwiGLU:1,FFN_W2:0,FFN_W2:1,Add:-1",0.00033699741708659303,0.00034488320350646974,npu|decode|1|2ef4409498d14c672a4fbbfe6786cce6,1,sample_step,0.02123083727645536,0.021727641820907594,7.885786419876712e-06,1.0234001390516605,0.0004968045444522333,1.0234001390516605
attn_on_pim_prefill-1024xdecode_128_ops_trace.csv,decode,1,1,19,PIM0,pim,7,"Q:0,K:0,V:0,QK:0,Softmax:0,SV:0,O:0",0.00024801469726476455,3.0525e-05,pim|decode|1|61397802f1888ea563dd9b1ea38edd23,1,sample_step,0.015624925927680167,0.0019230750000000002,-0.00021748969726476455,0.123077383464148,-0.013701850927680167,0.123077383464148
attn_on_pim_prefill-1024xdecode_128_ops_trace.csv,decode,1,1,19,PIM1,pim,7,"Q:1,K:1,V:1,QK:1,Softmax:1,SV:1,O:1",0.00024801469726476455,3.0525e-05,pim|decode|1|9c4e6c099d863efd94751a80c7e404c5,1,sample_step,0.015624925927680167,0.0019230750000000002,-0.00021748969726476455,0.123077383464148,-0.013701850927680167,0.123077383464148
attn_on_pim_prefill-1024xdecode_128_ops_trace.csv,decode,1,1,20,GPU0,npu,12,"LN:-1,Add:-1,LN:-1,FFN_W1:0,FFN_W3:0,FFN_W1:1,FFN_W3:1,SwiGLU:0,SwiGLU:1,FFN_W2:0,FFN_W2:1,Add:-1",0.00033699741708659303,0.00034488320350646974,npu|decode|1|2ef4409498d14c672a4fbbfe6786cce6,1,sample_step,0.02123083727645536,0.021727641820907594,7.885786419876712e-06,1.0234001390516605,0.0004968045444522333,1.0234001390516605
attn_on_pim_prefill-1024xdecode_128_ops_trace.csv,decode,1,1,20,PIM0,pim,7,"Q:0,K:0,V:0,QK:0,Softmax:0,SV:0,O:0",0.00024801469726476455,3.0525e-05,pim|decode|1|61397802f1888ea563dd9b1ea38edd23,1,sample_step,0.015624925927680167,0.0019230750000000002,-0.00021748969726476455,0.123077383464148,-0.013701850927680167,0.123077383464148
attn_on_pim_prefill-1024xdecode_128_ops_trace.csv,decode,1,1,20,PIM1,pim,7,"Q:1,K:1,V:1,QK:1,Softmax:1,SV:1,O:1",0.00024801469726476455,3.0525e-05,pim|decode|1|9c4e6c099d863efd94751a80c7e404c5,1,sample_step,0.015624925927680167,0.0019230750000000002,-0.00021748969726476455,0.123077383464148,-0.013701850927680167,0.123077383464148
attn_on_pim_prefill-1024xdecode_128_ops_trace.csv,decode,1,1,21,GPU0,npu,12,"LN:-1,Add:-1,LN:-1,FFN_W1:0,FFN_W3:0,FFN_W1:1,FFN_W3:1,SwiGLU:0,SwiGLU:1,FFN_W2:0,FFN_W2:1,Add:-1",0.00033699741708659303,0.00034488320350646974,npu|decode|1|2ef4409498d14c672a4fbbfe6786cce6,1,sample_step,0.02123083727645536,0.021727641820907594,7.885786419876712e-06,1.0234001390516605,0.0004968045444522333,1.0234001390516605
attn_on_pim_prefill-1024xdecode_128_ops_trace.csv,decode,1,1,21,PIM0,pim,7,"Q:0,K:0,V:0,QK:0,Softmax:0,SV:0,O:0",0.00024801469726476455,3.0525e-05,pim|decode|1|61397802f1888ea563dd9b1ea38edd23,1,sample_step,0.015624925927680167,0.0019230750000000002,-0.00021748969726476455,0.123077383464148,-0.013701850927680167,0.123077383464148
attn_on_pim_prefill-1024xdecode_128_ops_trace.csv,decode,1,1,21,PIM1,pim,7,"Q:1,K:1,V:1,QK:1,Softmax:1,SV:1,O:1",0.00024801469726476455,3.0525e-05,pim|decode|1|9c4e6c099d863efd94751a80c7e404c5,1,sample_step,0.015624925927680167,0.0019230750000000002,-0.00021748969726476455,0.123077383464148,-0.013701850927680167,0.123077383464148
attn_on_pim_prefill-1024xdecode_128_ops_trace.csv,decode,1,1,22,GPU0,npu,12,"LN:-1,Add:-1,LN:-1,FFN_W1:0,FFN_W3:0,FFN_W1:1,FFN_W3:1,SwiGLU:0,SwiGLU:1,FFN_W2:0,FFN_W2:1,Add:-1",0.00033699741708659303,0.00034488320350646974,npu|decode|1|2ef4409498d14c672a4fbbfe6786cce6,1,sample_step,0.02123083727645536,0.021727641820907594,7.885786419876712e-06,1.0234001390516605,0.0004968045444522333,1.0234001390516605
attn_on_pim_prefill-1024xdecode_128_ops_trace.csv,decode,1,1,22,PIM0,pim,7,"Q:0,K:0,V:0,QK:0,Softmax:0,SV:0,O:0",0.00024801469726476455,3.0525e-05,pim|decode|1|61397802f1888ea563dd9b1ea38edd23,1,sample_step,0.015624925927680167,0.0019230750000000002,-0.00021748969726476455,0.123077383464148,-0.013701850927680167,0.123077383464148
attn_on_pim_prefill-1024xdecode_128_ops_trace.csv,decode,1,1,22,PIM1,pim,7,"Q:1,K:1,V:1,QK:1,Softmax:1,SV:1,O:1",0.00024801469726476455,3.0525e-05,pim|decode|1|9c4e6c099d863efd94751a80c7e404c5,1,sample_step,0.015624925927680167,0.0019230750000000002,-0.00021748969726476455,0.123077383464148,-0.013701850927680167,0.123077383464148
attn_on_pim_prefill-1024xdecode_128_ops_trace.csv,decode,1,1,23,GPU0,npu,12,"LN:-1,Add:-1,LN:-1,FFN_W1:0,FFN_W3:0,FFN_W1:1,FFN_W3:1,SwiGLU:0,SwiGLU:1,FFN_W2:0,FFN_W2:1,Add:-1",0.00033699741708659303,0.00034488320350646974,npu|decode|1|2ef4409498d14c672a4fbbfe6786cce6,1,sample_step,0.02123083727645536,0.021727641820907594,7.885786419876712e-06,1.0234001390516605,0.0004968045444522333,1.0234001390516605
attn_on_pim_prefill-1024xdecode_128_ops_trace.csv,decode,1,1,23,PIM0,pim,7,"Q:0,K:0,V:0,QK:0,Softmax:0,SV:0,O:0",0.00024801469726476455,3.0525e-05,pim|decode|1|61397802f1888ea563dd9b1ea38edd23,1,sample_step,0.015624925927680167,0.0019230750000000002,-0.00021748969726476455,0.123077383464148,-0.013701850927680167,0.123077383464148
attn_on_pim_prefill-1024xdecode_128_ops_trace.csv,decode,1,1,23,PIM1,pim,7,"Q:1,K:1,V:1,QK:1,Softmax:1,SV:1,O:1",0.00024801469726476455,3.0525e-05,pim|decode|1|9c4e6c099d863efd94751a80c7e404c5,1,sample_step,0.015624925927680167,0.0019230750000000002,-0.00021748969726476455,0.123077383464148,-0.013701850927680167,0.123077383464148
attn_on_pim_prefill-1024xdecode_128_ops_trace.csv,decode,1,1,24,GPU0,npu,12,"LN:-1,Add:-1,LN:-1,FFN_W1:0,FFN_W3:0,FFN_W1:1,FFN_W3:1,SwiGLU:0,SwiGLU:1,FFN_W2:0,FFN_W2:1,Add:-1",0.00033699741708659303,0.00034488320350646974,npu|decode|1|2ef4409498d14c672a4fbbfe6786cce6,1,sample_step,0.02123083727645536,0.021727641820907594,7.885786419876712e-06,1.0234001390516605,0.0004968045444522333,1.0234001390516605
attn_on_pim_prefill-1024xdecode_128_ops_trace.csv,decode,1,1,24,PIM0,pim,7,"Q:0,K:0,V:0,QK:0,Softmax:0,SV:0,O:0",0.00024801469726476455,3.0525e-05,pim|decode|1|61397802f1888ea563dd9b1ea38edd23,1,sample_step,0.015624925927680167,0.0019230750000000002,-0.00021748969726476455,0.123077383464148,-0.013701850927680167,0.123077383464148
attn_on_pim_prefill-1024xdecode_128_ops_trace.csv,decode,1,1,24,PIM1,pim,7,"Q:1,K:1,V:1,QK:1,Softmax:1,SV:1,O:1",0.00024801469726476455,3.0525e-05,pim|decode|1|9c4e6c099d863efd94751a80c7e404c5,1,sample_step,0.015624925927680167,0.0019230750000000002,-0.00021748969726476455,0.123077383464148,-0.013701850927680167,0.123077383464148
attn_on_pim_prefill-1024xdecode_128_ops_trace.csv,decode,1,1,25,GPU0,npu,12,"LN:-1,Add:-1,LN:-1,FFN_W1:0,FFN_W3:0,FFN_W1:1,FFN_W3:1,SwiGLU:0,SwiGLU:1,FFN_W2:0,FFN_W2:1,Add:-1",0.00033699741708659303,0.00034488320350646974,npu|decode|1|2ef4409498d14c672a4fbbfe6786cce6,1,sample_step,0.02123083727645536,0.021727641820907594,7.885786419876712e-06,1.0234001390516605,0.0004968045444522333,1.0234001390516605
attn_on_pim_prefill-1024xdecode_128_ops_trace.csv,decode,1,1,25,PIM0,pim,7,"Q:0,K:0,V:0,QK:0,Softmax:0,SV:0,O:0",0.00024801469726476455,3.0525e-05,pim|decode|1|61397802f1888ea563dd9b1ea38edd23,1,sample_step,0.015624925927680167,0.0019230750000000002,-0.00021748969726476455,0.123077383464148,-0.013701850927680167,0.123077383464148
attn_on_pim_prefill-1024xdecode_128_ops_trace.csv,decode,1,1,25,PIM1,pim,7,"Q:1,K:1,V:1,QK:1,Softmax:1,SV:1,O:1",0.00024801469726476455,3.0525e-05,pim|decode|1|9c4e6c099d863efd94751a80c7e404c5,1,sample_step,0.015624925927680167,0.0019230750000000002,-0.00021748969726476455,0.123077383464148,-0.013701850927680167,0.123077383464148
attn_on_pim_prefill-1024xdecode_128_ops_trace.csv,decode,1,1,26,GPU0,npu,12,"LN:-1,Add:-1,LN:-1,FFN_W1:0,FFN_W3:0,FFN_W1:1,FFN_W3:1,SwiGLU:0,SwiGLU:1,FFN_W2:0,FFN_W2:1,Add:-1",0.00033699741708659303,0.00034488320350646974,npu|decode|1|2ef4409498d14c672a4fbbfe6786cce6,1,sample_step,0.02123083727645536,0.021727641820907594,7.885786419876712e-06,1.0234001390516605,0.0004968045444522333,1.0234001390516605
attn_on_pim_prefill-1024xdecode_128_ops_trace.csv,decode,1,1,26,PIM0,pim,7,"Q:0,K:0,V:0,QK:0,Softmax:0,SV:0,O:0",0.00024801469726476455,3.0525e-05,pim|decode|1|61397802f1888ea563dd9b1ea38edd23,1,sample_step,0.015624925927680167,0.0019230750000000002,-0.00021748969726476455,0.123077383464148,-0.013701850927680167,0.123077383464148
attn_on_pim_prefill-1024xdecode_128_ops_trace.csv,decode,1,1,26,PIM1,pim,7,"Q:1,K:1,V:1,QK:1,Softmax:1,SV:1,O:1",0.00024801469726476455,3.0525e-05,pim|decode|1|9c4e6c099d863efd94751a80c7e404c5,1,sample_step,0.015624925927680167,0.0019230750000000002,-0.00021748969726476455,0.123077383464148,-0.013701850927680167,0.123077383464148
attn_on_pim_prefill-1024xdecode_128_ops_trace.csv,decode,1,1,27,GPU0,npu,12,"LN:-1,Add:-1,LN:-1,FFN_W1:0,FFN_W3:0,FFN_W1:1,FFN_W3:1,SwiGLU:0,SwiGLU:1,FFN_W2:0,FFN_W2:1,Add:-1",0.00033699741708659303,0.00034488320350646974,npu|decode|1|2ef4409498d14c672a4fbbfe6786cce6,1,sample_step,0.02123083727645536,0.021727641820907594,7.885786419876712e-06,1.0234001390516605,0.0004968045444522333,1.0234001390516605
attn_on_pim_prefill-1024xdecode_128_ops_trace.csv,decode,1,1,27,PIM0,pim,7,"Q:0,K:0,V:0,QK:0,Softmax:0,SV:0,O:0",0.00024801469726476455,3.0525e-05,pim|decode|1|61397802f1888ea563dd9b1ea38edd23,1,sample_step,0.015624925927680167,0.0019230750000000002,-0.00021748969726476455,0.123077383464148,-0.013701850927680167,0.123077383464148
attn_on_pim_prefill-1024xdecode_128_ops_trace.csv,decode,1,1,27,PIM1,pim,7,"Q:1,K:1,V:1,QK:1,Softmax:1,SV:1,O:1",0.00024801469726476455,3.0525e-05,pim|decode|1|9c4e6c099d863efd94751a80c7e404c5,1,sample_step,0.015624925927680167,0.0019230750000000002,-0.00021748969726476455,0.123077383464148,-0.013701850927680167,0.123077383464148
attn_on_pim_prefill-1024xdecode_128_ops_trace.csv,decode,1,1,28,GPU0,npu,12,"LN:-1,Add:-1,LN:-1,FFN_W1:0,FFN_W3:0,FFN_W1:1,FFN_W3:1,SwiGLU:0,SwiGLU:1,FFN_W2:0,FFN_W2:1,Add:-1",0.00033699741708659303,0.00034488320350646974,npu|decode|1|2ef4409498d14c672a4fbbfe6786cce6,1,sample_step,0.02123083727645536,0.021727641820907594,7.885786419876712e-06,1.0234001390516605,0.0004968045444522333,1.0234001390516605
attn_on_pim_prefill-1024xdecode_128_ops_trace.csv,decode,1,1,28,PIM0,pim,7,"Q:0,K:0,V:0,QK:0,Softmax:0,SV:0,O:0",0.00024801469726476455,3.0525e-05,pim|decode|1|61397802f1888ea563dd9b1ea38edd23,1,sample_step,0.015624925927680167,0.0019230750000000002,-0.00021748969726476455,0.123077383464148,-0.013701850927680167,0.123077383464148
attn_on_pim_prefill-1024xdecode_128_ops_trace.csv,decode,1,1,28,PIM1,pim,7,"Q:1,K:1,V:1,QK:1,Softmax:1,SV:1,O:1",0.00024801469726476455,3.0525e-05,pim|decode|1|9c4e6c099d863efd94751a80c7e404c5,1,sample_step,0.015624925927680167,0.0019230750000000002,-0.00021748969726476455,0.123077383464148,-0.013701850927680167,0.123077383464148
attn_on_pim_prefill-1024xdecode_128_ops_trace.csv,decode,1,1,29,GPU0,npu,12,"LN:-1,Add:-1,LN:-1,FFN_W1:0,FFN_W3:0,FFN_W1:1,FFN_W3:1,SwiGLU:0,SwiGLU:1,FFN_W2:0,FFN_W2:1,Add:-1",0.00033699741708659303,0.00034488320350646974,npu|decode|1|2ef4409498d14c672a4fbbfe6786cce6,1,sample_step,0.02123083727645536,0.021727641820907594,7.885786419876712e-06,1.0234001390516605,0.0004968045444522333,1.0234001390516605
attn_on_pim_prefill-1024xdecode_128_ops_trace.csv,decode,1,1,29,PIM0,pim,7,"Q:0,K:0,V:0,QK:0,Softmax:0,SV:0,O:0",0.00024801469726476455,3.0525e-05,pim|decode|1|61397802f1888ea563dd9b1ea38edd23,1,sample_step,0.015624925927680167,0.0019230750000000002,-0.00021748969726476455,0.123077383464148,-0.013701850927680167,0.123077383464148
attn_on_pim_prefill-1024xdecode_128_ops_trace.csv,decode,1,1,29,PIM1,pim,7,"Q:1,K:1,V:1,QK:1,Softmax:1,SV:1,O:1",0.00024801469726476455,3.0525e-05,pim|decode|1|9c4e6c099d863efd94751a80c7e404c5,1,sample_step,0.015624925927680167,0.0019230750000000002,-0.00021748969726476455,0.123077383464148,-0.013701850927680167,0.123077383464148
attn_on_pim_prefill-1024xdecode_128_ops_trace.csv,decode,1,1,30,GPU0,npu,12,"LN:-1,Add:-1,LN:-1,FFN_W1:0,FFN_W3:0,FFN_W1:1,FFN_W3:1,SwiGLU:0,SwiGLU:1,FFN_W2:0,FFN_W2:1,Add:-1",0.00033699741708659303,0.00034488320350646974,npu|decode|1|2ef4409498d14c672a4fbbfe6786cce6,1,sample_step,0.02123083727645536,0.021727641820907594,7.885786419876712e-06,1.0234001390516605,0.0004968045444522333,1.0234001390516605
attn_on_pim_prefill-1024xdecode_128_ops_trace.csv,decode,1,1,30,PIM0,pim,7,"Q:0,K:0,V:0,QK:0,Softmax:0,SV:0,O:0",0.00024801469726476455,3.0525e-05,pim|decode|1|61397802f1888ea563dd9b1ea38edd23,1,sample_step,0.015624925927680167,0.0019230750000000002,-0.00021748969726476455,0.123077383464148,-0.013701850927680167,0.123077383464148
attn_on_pim_prefill-1024xdecode_128_ops_trace.csv,decode,1,1,30,PIM1,pim,7,"Q:1,K:1,V:1,QK:1,Softmax:1,SV:1,O:1",0.00024801469726476455,3.0525e-05,pim|decode|1|9c4e6c099d863efd94751a80c7e404c5,1,sample_step,0.015624925927680167,0.0019230750000000002,-0.00021748969726476455,0.123077383464148,-0.013701850927680167,0.123077383464148
attn_on_pim_prefill-1024xdecode_128_ops_trace.csv,decode,1,1,31,GPU0,npu,12,"LN:-1,Add:-1,LN:-1,FFN_W1:0,FFN_W3:0,FFN_W1:1,FFN_W3:1,SwiGLU:0,SwiGLU:1,FFN_W2:0,FFN_W2:1,Add:-1",0.00033699741708659303,0.00034488320350646974,npu|decode|1|2ef4409498d14c672a4fbbfe6786cce6,1,sample_step,0.02123083727645536,0.021727641820907594,7.885786419876712e-06,1.0234001390516605,0.0004968045444522333,1.0234001390516605
attn_on_pim_prefill-1024xdecode_128_ops_trace.csv,decode,1,1,31,PIM0,pim,7,"Q:0,K:0,V:0,QK:0,Softmax:0,SV:0,O:0",0.00024801469726476455,3.0525e-05,pim|decode|1|61397802f1888ea563dd9b1ea38edd23,1,sample_step,0.015624925927680167,0.0019230750000000002,-0.00021748969726476455,0.123077383464148,-0.013701850927680167,0.123077383464148
attn_on_pim_prefill-1024xdecode_128_ops_trace.csv,decode,1,1,31,PIM1,pim,7,"Q:1,K:1,V:1,QK:1,Softmax:1,SV:1,O:1",0.00024801469726476455,3.0525e-05,pim|decode|1|9c4e6c099d863efd94751a80c7e404c5,1,sample_step,0.015624925927680167,0.0019230750000000002,-0.00021748969726476455,0.123077383464148,-0.013701850927680167,0.123077383464148
attn_on_pim_prefill-1024xdecode_128_ops_trace.csv,decode,2,63,0,GPU0,npu,12,"LN:-1,Add:-1,LN:-1,FFN_W1:0,FFN_W3:0,FFN_W1:1,FFN_W3:1,SwiGLU:0,SwiGLU:1,FFN_W2:0,FFN_W2:1,Add:-1",0.00033699741708659303,0.0003436543941497803,npu|decode|2|2ef4409498d14c672a4fbbfe6786cce6,2,sample_step,0.021567834693541954,0.02199388122558594,6.65697706318726e-06,1.0197537925386435,0.0004260465320439846,1.0197537925386435
attn_on_pim_prefill-1024xdecode_128_ops_trace.csv,decode,2,63,0,PIM0,pim,7,"Q:0,K:0,V:0,QK:0,Softmax:0,SV:0,O:0",0.0002494066972662523,3.0699000000000005e-05,pim|decode|2|61397802f1888ea563dd9b1ea38edd23,2,sample_step,0.015962028625040148,0.0019647360000000003,-0.0002187076972662523,0.12308811405825046,-0.013997292625040148,0.12308811405825046
attn_on_pim_prefill-1024xdecode_128_ops_trace.csv,decode,2,63,0,PIM1,pim,7,"Q:1,K:1,V:1,QK:1,Softmax:1,SV:1,O:1",0.0002494066972662523,3.0699000000000005e-05,pim|decode|2|9c4e6c099d863efd94751a80c7e404c5,2,sample_step,0.015962028625040148,0.0019647360000000003,-0.0002187076972662523,0.12308811405825046,-0.013997292625040148,0.12308811405825046
attn_on_pim_prefill-1024xdecode_128_ops_trace.csv,decode,2,63,1,GPU0,npu,12,"LN:-1,Add:-1,LN:-1,FFN_W1:0,FFN_W3:0,FFN_W1:1,FFN_W3:1,SwiGLU:0,SwiGLU:1,FFN_W2:0,FFN_W2:1,Add:-1",0.00033699741708659303,0.0003436543941497803,npu|decode|2|2ef4409498d14c672a4fbbfe6786cce6,2,sample_step,0.021567834693541954,0.02199388122558594,6.65697706318726e-06,1.0197537925386435,0.0004260465320439846,1.0197537925386435
attn_on_pim_prefill-1024xdecode_128_ops_trace.csv,decode,2,63,1,PIM0,pim,7,"Q:0,K:0,V:0,QK:0,Softmax:0,SV:0,O:0",0.0002494066972662523,3.0699000000000005e-05,pim|decode|2|61397802f1888ea563dd9b1ea38edd23,2,sample_step,0.015962028625040148,0.0019647360000000003,-0.0002187076972662523,0.12308811405825046,-0.013997292625040148,0.12308811405825046
attn_on_pim_prefill-1024xdecode_128_ops_trace.csv,decode,2,63,1,PIM1,pim,7,"Q:1,K:1,V:1,QK:1,Softmax:1,SV:1,O:1",0.0002494066972662523,3.0699000000000005e-05,pim|decode|2|9c4e6c099d863efd94751a80c7e404c5,2,sample_step,0.015962028625040148,0.0019647360000000003,-0.0002187076972662523,0.12308811405825046,-0.013997292625040148,0.12308811405825046
attn_on_pim_prefill-1024xdecode_128_ops_trace.csv,decode,2,63,2,GPU0,npu,12,"LN:-1,Add:-1,LN:-1,FFN_W1:0,FFN_W3:0,FFN_W1:1,FFN_W3:1,SwiGLU:0,SwiGLU:1,FFN_W2:0,FFN_W2:1,Add:-1",0.00033699741708659303,0.0003436543941497803,npu|decode|2|2ef4409498d14c672a4fbbfe6786cce6,2,sample_step,0.021567834693541954,0.02199388122558594,6.65697706318726e-06,1.0197537925386435,0.0004260465320439846,1.0197537925386435
attn_on_pim_prefill-1024xdecode_128_ops_trace.csv,decode,2,63,2,PIM0,pim,7,"Q:0,K:0,V:0,QK:0,Softmax:0,SV:0,O:0",0.0002494066972662523,3.0699000000000005e-05,pim|decode|2|61397802f1888ea563dd9b1ea38edd23,2,sample_step,0.015962028625040148,0.0019647360000000003,-0.0002187076972662523,0.12308811405825046,-0.013997292625040148,0.12308811405825046
attn_on_pim_prefill-1024xdecode_128_ops_trace.csv,decode,2,63,2,PIM1,pim,7,"Q:1,K:1,V:1,QK:1,Softmax:1,SV:1,O:1",0.0002494066972662523,3.0699000000000005e-05,pim|decode|2|9c4e6c099d863efd94751a80c7e404c5,2,sample_step,0.015962028625040148,0.0019647360000000003,-0.0002187076972662523,0.12308811405825046,-0.013997292625040148,0.12308811405825046
attn_on_pim_prefill-1024xdecode_128_ops_trace.csv,decode,2,63,3,GPU0,npu,12,"LN:-1,Add:-1,LN:-1,FFN_W1:0,FFN_W3:0,FFN_W1:1,FFN_W3:1,SwiGLU:0,SwiGLU:1,FFN_W2:0,FFN_W2:1,Add:-1",0.00033699741708659303,0.0003436543941497803,npu|decode|2|2ef4409498d14c672a4fbbfe6786cce6,2,sample_step,0.021567834693541954,0.02199388122558594,6.65697706318726e-06,1.0197537925386435,0.0004260465320439846,1.0197537925386435
attn_on_pim_prefill-1024xdecode_128_ops_trace.csv,decode,2,63,3,PIM0,pim,7,"Q:0,K:0,V:0,QK:0,Softmax:0,SV:0,O:0",0.0002494066972662523,3.0699000000000005e-05,pim|decode|2|61397802f1888ea563dd9b1ea38edd23,2,sample_step,0.015962028625040148,0.0019647360000000003,-0.0002187076972662523,0.12308811405825046,-0.013997292625040148,0.12308811405825046
attn_on_pim_prefill-1024xdecode_128_ops_trace.csv,decode,2,63,3,PIM1,pim,7,"Q:1,K:1,V:1,QK:1,Softmax:1,SV:1,O:1",0.0002494066972662523,3.0699000000000005e-05,pim|decode|2|9c4e6c099d863efd94751a80c7e404c5,2,sample_step,0.015962028625040148,0.0019647360000000003,-0.0002187076972662523,0.12308811405825046,-0.013997292625040148,0.12308811405825046
attn_on_pim_prefill-1024xdecode_128_ops_trace.csv,decode,2,63,4,GPU0,npu,12,"LN:-1,Add:-1,LN:-1,FFN_W1:0,FFN_W3:0,FFN_W1:1,FFN_W3:1,SwiGLU:0,SwiGLU:1,FFN_W2:0,FFN_W2:1,Add:-1",0.00033699741708659303,0.0003436543941497803,npu|decode|2|2ef4409498d14c672a4fbbfe6786cce6,2,sample_step,0.021567834693541954,0.02199388122558594,6.65697706318726e-06,1.0197537925386435,0.0004260465320439846,1.0197537925386435
attn_on_pim_prefill-1024xdecode_128_ops_trace.csv,decode,2,63,4,PIM0,pim,7,"Q:0,K:0,V:0,QK:0,Softmax:0,SV:0,O:0",0.0002494066972662523,3.0699000000000005e-05,pim|decode|2|61397802f1888ea563dd9b1ea38edd23,2,sample_step,0.015962028625040148,0.0019647360000000003,-0.0002187076972662523,0.12308811405825046,-0.013997292625040148,0.12308811405825046
attn_on_pim_prefill-1024xdecode_128_ops_trace.csv,decode,2,63,4,PIM1,pim,7,"Q:1,K:1,V:1,QK:1,Softmax:1,SV:1,O:1",0.0002494066972662523,3.0699000000000005e-05,pim|decode|2|9c4e6c099d863efd94751a80c7e404c5,2,sample_step,0.015962028625040148,0.0019647360000000003,-0.0002187076972662523,0.12308811405825046,-0.013997292625040148,0.12308811405825046
attn_on_pim_prefill-1024xdecode_128_ops_trace.csv,decode,2,63,5,GPU0,npu,12,"LN:-1,Add:-1,LN:-1,FFN_W1:0,FFN_W3:0,FFN_W1:1,FFN_W3:1,SwiGLU:0,SwiGLU:1,FFN_W2:0,FFN_W2:1,Add:-1",0.00033699741708659303,0.0003436543941497803,npu|decode|2|2ef4409498d14c672a4fbbfe6786cce6,2,sample_step,0.021567834693541954,0.02199388122558594,6.65697706318726e-06,1.0197537925386435,0.0004260465320439846,1.0197537925386435
attn_on_pim_prefill-1024xdecode_128_ops_trace.csv,decode,2,63,5,PIM0,pim,7,"Q:0,K:0,V:0,QK:0,Softmax:0,SV:0,O:0",0.0002494066972662523,3.0699000000000005e-05,pim|decode|2|61397802f1888ea563dd9b1ea38edd23,2,sample_step,0.015962028625040148,0.0019647360000000003,-0.0002187076972662523,0.12308811405825046,-0.013997292625040148,0.12308811405825046
attn_on_pim_prefill-1024xdecode_128_ops_trace.csv,decode,2,63,5,PIM1,pim,7,"Q:1,K:1,V:1,QK:1,Softmax:1,SV:1,O:1",0.0002494066972662523,3.0699000000000005e-05,pim|decode|2|9c4e6c099d863efd94751a80c7e404c5,2,sample_step,0.015962028625040148,0.0019647360000000003,-0.0002187076972662523,0.12308811405825046,-0.013997292625040148,0.12308811405825046
attn_on_pim_prefill-1024xdecode_128_ops_trace.csv,decode,2,63,6,GPU0,npu,12,"LN:-1,Add:-1,LN:-1,FFN_W1:0,FFN_W3:0,FFN_W1:1,FFN_W3:1,SwiGLU:0,SwiGLU:1,FFN_W2:0,FFN_W2:1,Add:-1",0.00033699741708659303,0.0003436543941497803,npu|decode|2|2ef4409498d14c672a4fbbfe6786cce6,2,sample_step,0.021567834693541954,0.02199388122558594,6.65697706318726e-06,1.0197537925386435,0.0004260465320439846,1.0197537925386435
attn_on_pim_prefill-1024xdecode_128_ops_trace.csv,decode,2,63,6,PIM0,pim,7,"Q:0,K:0,V:0,QK:0,Softmax:0,SV:0,O:0",0.0002494066972662523,3.0699000000000005e-05,pim|decode|2|61397802f1888ea563dd9b1ea38edd23,2,sample_step,0.015962028625040148,0.0019647360000000003,-0.0002187076972662523,0.12308811405825046,-0.013997292625040148,0.12308811405825046
attn_on_pim_prefill-1024xdecode_128_ops_trace.csv,decode,2,63,6,PIM1,pim,7,"Q:1,K:1,V:1,QK:1,Softmax:1,SV:1,O:1",0.0002494066972662523,3.0699000000000005e-05,pim|decode|2|9c4e6c099d863efd94751a80c7e404c5,2,sample_step,0.015962028625040148,0.0019647360000000003,-0.0002187076972662523,0.12308811405825046,-0.013997292625040148,0.12308811405825046
attn_on_pim_prefill-1024xdecode_128_ops_trace.csv,decode,2,63,7,GPU0,npu,12,"LN:-1,Add:-1,LN:-1,FFN_W1:0,FFN_W3:0,FFN_W1:1,FFN_W3:1,SwiGLU:0,SwiGLU:1,FFN_W2:0,FFN_W2:1,Add:-1",0.00033699741708659303,0.0003436543941497803,npu|decode|2|2ef4409498d14c672a4fbbfe6786cce6,2,sample_step,0.021567834693541954,0.02199388122558594,6.65697706318726e-06,1.0197537925386435,0.0004260465320439846,1.0197537925386435
attn_on_pim_prefill-1024xdecode_128_ops_trace.csv,decode,2,63,7,PIM0,pim,7,"Q:0,K:0,V:0,QK:0,Softmax:0,SV:0,O:0",0.0002494066972662523,3.0699000000000005e-05,pim|decode|2|61397802f1888ea563dd9b1ea38edd23,2,sample_step,0.015962028625040148,0.0019647360000000003,-0.0002187076972662523,0.12308811405825046,-0.013997292625040148,0.12308811405825046
attn_on_pim_prefill-1024xdecode_128_ops_trace.csv,decode,2,63,7,PIM1,pim,7,"Q:1,K:1,V:1,QK:1,Softmax:1,SV:1,O:1",0.0002494066972662523,3.0699000000000005e-05,pim|decode|2|9c4e6c099d863efd94751a80c7e404c5,2,sample_step,0.015962028625040148,0.0019647360000000003,-0.0002187076972662523,0.12308811405825046,-0.013997292625040148,0.12308811405825046
attn_on_pim_prefill-1024xdecode_128_ops_trace.csv,decode,2,63,8,GPU0,npu,12,"LN:-1,Add:-1,LN:-1,FFN_W1:0,FFN_W3:0,FFN_W1:1,FFN_W3:1,SwiGLU:0,SwiGLU:1,FFN_W2:0,FFN_W2:1,Add:-1",0.00033699741708659303,0.0003436543941497803,npu|decode|2|2ef4409498d14c672a4fbbfe6786cce6,2,sample_step,0.021567834693541954,0.02199388122558594,6.65697706318726e-06,1.0197537925386435,0.0004260465320439846,1.0197537925386435
attn_on_pim_prefill-1024xdecode_128_ops_trace.csv,decode,2,63,8,PIM0,pim,7,"Q:0,K:0,V:0,QK:0,Softmax:0,SV:0,O:0",0.0002494066972662523,3.0699000000000005e-05,pim|decode|2|61397802f1888ea563dd9b1ea38edd23,2,sample_step,0.015962028625040148,0.0019647360000000003,-0.0002187076972662523,0.12308811405825046,-0.013997292625040148,0.12308811405825046
attn_on_pim_prefill-1024xdecode_128_ops_trace.csv,decode,2,63,8,PIM1,pim,7,"Q:1,K:1,V:1,QK:1,Softmax:1,SV:1,O:1",0.0002494066972662523,3.0699000000000005e-05,pim|decode|2|9c4e6c099d863efd94751a80c7e404c5,2,sample_step,0.015962028625040148,0.0019647360000000003,-0.0002187076972662523,0.12308811405825046,-0.013997292625040148,0.12308811405825046
attn_on_pim_prefill-1024xdecode_128_ops_trace.csv,decode,2,63,9,GPU0,npu,12,"LN:-1,Add:-1,LN:-1,FFN_W1:0,FFN_W3:0,FFN_W1:1,FFN_W3:1,SwiGLU:0,SwiGLU:1,FFN_W2:0,FFN_W2:1,Add:-1",0.00033699741708659303,0.0003436543941497803,npu|decode|2|2ef4409498d14c672a4fbbfe6786cce6,2,sample_step,0.021567834693541954,0.02199388122558594,6.65697706318726e-06,1.0197537925386435,0.0004260465320439846,1.0197537925386435
attn_on_pim_prefill-1024xdecode_128_ops_trace.csv,decode,2,63,9,PIM0,pim,7,"Q:0,K:0,V:0,QK:0,Softmax:0,SV:0,O:0",0.0002494066972662523,3.0699000000000005e-05,pim|decode|2|61397802f1888ea563dd9b1ea38edd23,2,sample_step,0.015962028625040148,0.0019647360000000003,-0.0002187076972662523,0.12308811405825046,-0.013997292625040148,0.12308811405825046
attn_on_pim_prefill-1024xdecode_128_ops_trace.csv,decode,2,63,9,PIM1,pim,7,"Q:1,K:1,V:1,QK:1,Softmax:1,SV:1,O:1",0.0002494066972662523,3.0699000000000005e-05,pim|decode|2|9c4e6c099d863efd94751a80c7e404c5,2,sample_step,0.015962028625040148,0.0019647360000000003,-0.0002187076972662523,0.12308811405825046,-0.013997292625040148,0.12308811405825046
attn_on_pim_prefill-1024xdecode_128_ops_trace.csv,decode,2,63,10,GPU0,npu,12,"LN:-1,Add:-1,LN:-1,FFN_W1:0,FFN_W3:0,FFN_W1:1,FFN_W3:1,SwiGLU:0,SwiGLU:1,FFN_W2:0,FFN_W2:1,Add:-1",0.00033699741708659303,0.0003436543941497803,npu|decode|2|2ef4409498d14c672a4fbbfe6786cce6,2,sample_step,0.021567834693541954,0.02199388122558594,6.65697706318726e-06,1.0197537925386435,0.0004260465320439846,1.0197537925386435
attn_on_pim_prefill-1024xdecode_128_ops_trace.csv,decode,2,63,10,PIM0,pim,7,"Q:0,K:0,V:0,QK:0,Softmax:0,SV:0,O:0",0.0002494066972662523,3.0699000000000005e-05,pim|decode|2|61397802f1888ea563dd9b1ea38edd23,2,sample_step,0.015962028625040148,0.0019647360000000003,-0.0002187076972662523,0.12308811405825046,-0.013997292625040148,0.12308811405825046
attn_on_pim_prefill-1024xdecode_128_ops_trace.csv,decode,2,63,10,PIM1,pim,7,"Q:1,K:1,V:1,QK:1,Softmax:1,SV:1,O:1",0.0002494066972662523,3.0699000000000005e-05,pim|decode|2|9c4e6c099d863efd94751a80c7e404c5,2,sample_step,0.015962028625040148,0.0019647360000000003,-0.0002187076972662523,0.12308811405825046,-0.013997292625040148,0.12308811405825046
attn_on_pim_prefill-1024xdecode_128_ops_trace.csv,decode,2,63,11,GPU0,npu,12,"LN:-1,Add:-1,LN:-1,FFN_W1:0,FFN_W3:0,FFN_W1:1,FFN_W3:1,SwiGLU:0,SwiGLU:1,FFN_W2:0,FFN_W2:1,Add:-1",0.00033699741708659303,0.0003436543941497803,npu|decode|2|2ef4409498d14c672a4fbbfe6786cce6,2,sample_step,0.021567834693541954,0.02199388122558594,6.65697706318726e-06,1.0197537925386435,0.0004260465320439846,1.0197537925386435
attn_on_pim_prefill-1024xdecode_128_ops_trace.csv,decode,2,63,11,PIM0,pim,7,"Q:0,K:0,V:0,QK:0,Softmax:0,SV:0,O:0",0.0002494066972662523,3.0699000000000005e-05,pim|decode|2|61397802f1888ea563dd9b1ea38edd23,2,sample_step,0.015962028625040148,0.0019647360000000003,-0.0002187076972662523,0.12308811405825046,-0.013997292625040148,0.12308811405825046
attn_on_pim_prefill-1024xdecode_128_ops_trace.csv,decode,2,63,11,PIM1,pim,7,"Q:1,K:1,V:1,QK:1,Softmax:1,SV:1,O:1",0.0002494066972662523,3.0699000000000005e-05,pim|decode|2|9c4e6c099d863efd94751a80c7e404c5,2,sample_step,0.015962028625040148,0.0019647360000000003,-0.0002187076972662523,0.12308811405825046,-0.013997292625040148,0.12308811405825046
attn_on_pim_prefill-1024xdecode_128_ops_trace.csv,decode,2,63,12,GPU0,npu,12,"LN:-1,Add:-1,LN:-1,FFN_W1:0,FFN_W3:0,FFN_W1:1,FFN_W3:1,SwiGLU:0,SwiGLU:1,FFN_W2:0,FFN_W2:1,Add:-1",0.00033699741708659303,0.0003436543941497803,npu|decode|2|2ef4409498d14c672a4fbbfe6786cce6,2,sample_step,0.021567834693541954,0.02199388122558594,6.65697706318726e-06,1.0197537925386435,0.0004260465320439846,1.0197537925386435
attn_on_pim_prefill-1024xdecode_128_ops_trace.csv,decode,2,63,12,PIM0,pim,7,"Q:0,K:0,V:0,QK:0,Softmax:0,SV:0,O:0",0.0002494066972662523,3.0699000000000005e-05,pim|decode|2|61397802f1888ea563dd9b1ea38edd23,2,sample_step,0.015962028625040148,0.0019647360000000003,-0.0002187076972662523,0.12308811405825046,-0.013997292625040148,0.12308811405825046
attn_on_pim_prefill-1024xdecode_128_ops_trace.csv,decode,2,63,12,PIM1,pim,7,"Q:1,K:1,V:1,QK:1,Softmax:1,SV:1,O:1",0.0002494066972662523,3.0699000000000005e-05,pim|decode|2|9c4e6c099d863efd94751a80c7e404c5,2,sample_step,0.015962028625040148,0.0019647360000000003,-0.0002187076972662523,0.12308811405825046,-0.013997292625040148,0.12308811405825046
attn_on_pim_prefill-1024xdecode_128_ops_trace.csv,decode,2,63,13,GPU0,npu,12,"LN:-1,Add:-1,LN:-1,FFN_W1:0,FFN_W3:0,FFN_W1:1,FFN_W3:1,SwiGLU:0,SwiGLU:1,FFN_W2:0,FFN_W2:1,Add:-1",0.00033699741708659303,0.0003436543941497803,npu|decode|2|2ef4409498d14c672a4fbbfe6786cce6,2,sample_step,0.021567834693541954,0.02199388122558594,6.65697706318726e-06,1.0197537925386435,0.0004260465320439846,1.0197537925386435
attn_on_pim_prefill-1024xdecode_128_ops_trace.csv,decode,2,63,13,PIM0,pim,7,"Q:0,K:0,V:0,QK:0,Softmax:0,SV:0,O:0",0.0002494066972662523,3.0699000000000005e-05,pim|decode|2|61397802f1888ea563dd9b1ea38edd23,2,sample_step,0.015962028625040148,0.0019647360000000003,-0.0002187076972662523,0.12308811405825046,-0.013997292625040148,0.12308811405825046
attn_on_pim_prefill-1024xdecode_128_ops_trace.csv,decode,2,63,13,PIM1,pim,7,"Q:1,K:1,V:1,QK:1,Softmax:1,SV:1,O:1",0.0002494066972662523,3.0699000000000005e-05,pim|decode|2|9c4e6c099d863efd94751a80c7e404c5,2,sample_step,0.015962028625040148,0.0019647360000000003,-0.0002187076972662523,0.12308811405825046,-0.013997292625040148,0.12308811405825046
attn_on_pim_prefill-1024xdecode_128_ops_trace.csv,decode,2,63,14,GPU0,npu,12,"LN:-1,Add:-1,LN:-1,FFN_W1:0,FFN_W3:0,FFN_W1:1,FFN_W3:1,SwiGLU:0,SwiGLU:1,FFN_W2:0,FFN_W2:1,Add:-1",0.00033699741708659303,0.0003436543941497803,npu|decode|2|2ef4409498d14c672a4fbbfe6786cce6,2,sample_step,0.021567834693541954,0.02199388122558594,6.65697706318726e-06,1.0197537925386435,0.0004260465320439846,1.0197537925386435
attn_on_pim_prefill-1024xdecode_128_ops_trace.csv,decode,2,63,14,PIM0,pim,7,"Q:0,K:0,V:0,QK:0,Softmax:0,SV:0,O:0",0.0002494066972662523,3.0699000000000005e-05,pim|decode|2|61397802f1888ea563dd9b1ea38edd23,2,sample_step,0.015962028625040148,0.0019647360000000003,-0.0002187076972662523,0.12308811405825046,-0.013997292625040148,0.12308811405825046
attn_on_pim_prefill-1024xdecode_128_ops_trace.csv,decode,2,63,14,PIM1,pim,7,"Q:1,K:1,V:1,QK:1,Softmax:1,SV:1,O:1",0.0002494066972662523,3.0699000000000005e-05,pim|decode|2|9c4e6c099d863efd94751a80c7e404c5,2,sample_step,0.015962028625040148,0.0019647360000000003,-0.0002187076972662523,0.12308811405825046,-0.013997292625040148,0.12308811405825046
attn_on_pim_prefill-1024xdecode_128_ops_trace.csv,decode,2,63,15,GPU0,npu,12,"LN:-1,Add:-1,LN:-1,FFN_W1:0,FFN_W3:0,FFN_W1:1,FFN_W3:1,SwiGLU:0,SwiGLU:1,FFN_W2:0,FFN_W2:1,Add:-1",0.00033699741708659303,0.0003436543941497803,npu|decode|2|2ef4409498d14c672a4fbbfe6786cce6,2,sample_step,0.021567834693541954,0.02199388122558594,6.65697706318726e-06,1.0197537925386435,0.0004260465320439846,1.0197537925386435
attn_on_pim_prefill-1024xdecode_128_ops_trace.csv,decode,2,63,15,PIM0,pim,7,"Q:0,K:0,V:0,QK:0,Softmax:0,SV:0,O:0",0.0002494066972662523,3.0699000000000005e-05,pim|decode|2|61397802f1888ea563dd9b1ea38edd23,2,sample_step,0.015962028625040148,0.0019647360000000003,-0.0002187076972662523,0.12308811405825046,-0.013997292625040148,0.12308811405825046
attn_on_pim_prefill-1024xdecode_128_ops_trace.csv,decode,2,63,15,PIM1,pim,7,"Q:1,K:1,V:1,QK:1,Softmax:1,SV:1,O:1",0.0002494066972662523,3.0699000000000005e-05,pim|decode|2|9c4e6c099d863efd94751a80c7e404c5,2,sample_step,0.015962028625040148,0.0019647360000000003,-0.0002187076972662523,0.12308811405825046,-0.013997292625040148,0.12308811405825046
attn_on_pim_prefill-1024xdecode_128_ops_trace.csv,decode,2,63,16,GPU0,npu,12,"LN:-1,Add:-1,LN:-1,FFN_W1:0,FFN_W3:0,FFN_W1:1,FFN_W3:1,SwiGLU:0,SwiGLU:1,FFN_W2:0,FFN_W2:1,Add:-1",0.00033699741708659303,0.0003436543941497803,npu|decode|2|2ef4409498d14c672a4fbbfe6786cce6,2,sample_step,0.021567834693541954,0.02199388122558594,6.65697706318726e-06,1.0197537925386435,0.0004260465320439846,1.0197537925386435
attn_on_pim_prefill-1024xdecode_128_ops_trace.csv,decode,2,63,16,PIM0,pim,7,"Q:0,K:0,V:0,QK:0,Softmax:0,SV:0,O:0",0.0002494066972662523,3.0699000000000005e-05,pim|decode|2|61397802f1888ea563dd9b1ea38edd23,2,sample_step,0.015962028625040148,0.0019647360000000003,-0.0002187076972662523,0.12308811405825046,-0.013997292625040148,0.12308811405825046
attn_on_pim_prefill-1024xdecode_128_ops_trace.csv,decode,2,63,16,PIM1,pim,7,"Q:1,K:1,V:1,QK:1,Softmax:1,SV:1,O:1",0.0002494066972662523,3.0699000000000005e-05,pim|decode|2|9c4e6c099d863efd94751a80c7e404c5,2,sample_step,0.015962028625040148,0.0019647360000000003,-0.0002187076972662523,0.12308811405825046,-0.013997292625040148,0.12308811405825046
attn_on_pim_prefill-1024xdecode_128_ops_trace.csv,decode,2,63,17,GPU0,npu,12,"LN:-1,Add:-1,LN:-1,FFN_W1:0,FFN_W3:0,FFN_W1:1,FFN_W3:1,SwiGLU:0,SwiGLU:1,FFN_W2:0,FFN_W2:1,Add:-1",0.00033699741708659303,0.0003436543941497803,npu|decode|2|2ef4409498d14c672a4fbbfe6786cce6,2,sample_step,0.021567834693541954,0.02199388122558594,6.65697706318726e-06,1.0197537925386435,0.0004260465320439846,1.0197537925386435
attn_on_pim_prefill-1024xdecode_128_ops_trace.csv,decode,2,63,17,PIM0,pim,7,"Q:0,K:0,V:0,QK:0,Softmax:0,SV:0,O:0",0.0002494066972662523,3.0699000000000005e-05,pim|decode|2|61397802f1888ea563dd9b1ea38edd23,2,sample_step,0.015962028625040148,0.0019647360000000003,-0.0002187076972662523,0.12308811405825046,-0.013997292625040148,0.12308811405825046
attn_on_pim_prefill-1024xdecode_128_ops_trace.csv,decode,2,63,17,PIM1,pim,7,"Q:1,K:1,V:1,QK:1,Softmax:1,SV:1,O:1",0.0002494066972662523,3.0699000000000005e-05,pim|decode|2|9c4e6c099d863efd94751a80c7e404c5,2,sample_step,0.015962028625040148,0.0019647360000000003,-0.0002187076972662523,0.12308811405825046,-0.013997292625040148,0.12308811405825046
attn_on_pim_prefill-1024xdecode_128_ops_trace.csv,decode,2,63,18,GPU0,npu,12,"LN:-1,Add:-1,LN:-1,FFN_W1:0,FFN_W3:0,FFN_W1:1,FFN_W3:1,SwiGLU:0,SwiGLU:1,FFN_W2:0,FFN_W2:1,Add:-1",0.00033699741708659303,0.0003436543941497803,npu|decode|2|2ef4409498d14c672a4fbbfe6786cce6,2,sample_step,0.021567834693541954,0.02199388122558594,6.65697706318726e-06,1.0197537925386435,0.0004260465320439846,1.0197537925386435
attn_on_pim_prefill-1024xdecode_128_ops_trace.csv,decode,2,63,18,PIM0,pim,7,"Q:0,K:0,V:0,QK:0,Softmax:0,SV:0,O:0",0.0002494066972662523,3.0699000000000005e-05,pim|decode|2|61397802f1888ea563dd9b1ea38edd23,2,sample_step,0.015962028625040148,0.0019647360000000003,-0.0002187076972662523,0.12308811405825046,-0.013997292625040148,0.12308811405825046
attn_on_pim_prefill-1024xdecode_128_ops_trace.csv,decode,2,63,18,PIM1,pim,7,"Q:1,K:1,V:1,QK:1,Softmax:1,SV:1,O:1",0.0002494066972662523,3.0699000000000005e-05,pim|decode|2|9c4e6c099d863efd94751a80c7e404c5,2,sample_step,0.015962028625040148,0.0019647360000000003,-0.0002187076972662523,0.12308811405825046,-0.013997292625040148,0.12308811405825046
attn_on_pim_prefill-1024xdecode_128_ops_trace.csv,decode,2,63,19,GPU0,npu,12,"LN:-1,Add:-1,LN:-1,FFN_W1:0,FFN_W3:0,FFN_W1:1,FFN_W3:1,SwiGLU:0,SwiGLU:1,FFN_W2:0,FFN_W2:1,Add:-1",0.00033699741708659303,0.0003436543941497803,npu|decode|2|2ef4409498d14c672a4fbbfe6786cce6,2,sample_step,0.021567834693541954,0.02199388122558594,6.65697706318726e-06,1.0197537925386435,0.0004260465320439846,1.0197537925386435
attn_on_pim_prefill-1024xdecode_128_ops_trace.csv,decode,2,63,19,PIM0,pim,7,"Q:0,K:0,V:0,QK:0,Softmax:0,SV:0,O:0",0.0002494066972662523,3.0699000000000005e-05,pim|decode|2|61397802f1888ea563dd9b1ea38edd23,2,sample_step,0.015962028625040148,0.0019647360000000003,-0.0002187076972662523,0.12308811405825046,-0.013997292625040148,0.12308811405825046
attn_on_pim_prefill-1024xdecode_128_ops_trace.csv,decode,2,63,19,PIM1,pim,7,"Q:1,K:1,V:1,QK:1,Softmax:1,SV:1,O:1",0.0002494066972662523,3.0699000000000005e-05,pim|decode|2|9c4e6c099d863efd94751a80c7e404c5,2,sample_step,0.015962028625040148,0.0019647360000000003,-0.0002187076972662523,0.12308811405825046,-0.013997292625040148,0.12308811405825046
attn_on_pim_prefill-1024xdecode_128_ops_trace.csv,decode,2,63,20,GPU0,npu,12,"LN:-1,Add:-1,LN:-1,FFN_W1:0,FFN_W3:0,FFN_W1:1,FFN_W3:1,SwiGLU:0,SwiGLU:1,FFN_W2:0,FFN_W2:1,Add:-1",0.00033699741708659303,0.0003436543941497803,npu|decode|2|2ef4409498d14c672a4fbbfe6786cce6,2,sample_step,0.021567834693541954,0.02199388122558594,6.65697706318726e-06,1.0197537925386435,0.0004260465320439846,1.0197537925386435
attn_on_pim_prefill-1024xdecode_128_ops_trace.csv,decode,2,63,20,PIM0,pim,7,"Q:0,K:0,V:0,QK:0,Softmax:0,SV:0,O:0",0.0002494066972662523,3.0699000000000005e-05,pim|decode|2|61397802f1888ea563dd9b1ea38edd23,2,sample_step,0.015962028625040148,0.0019647360000000003,-0.0002187076972662523,0.12308811405825046,-0.013997292625040148,0.12308811405825046
attn_on_pim_prefill-1024xdecode_128_ops_trace.csv,decode,2,63,20,PIM1,pim,7,"Q:1,K:1,V:1,QK:1,Softmax:1,SV:1,O:1",0.0002494066972662523,3.0699000000000005e-05,pim|decode|2|9c4e6c099d863efd94751a80c7e404c5,2,sample_step,0.015962028625040148,0.0019647360000000003,-0.0002187076972662523,0.12308811405825046,-0.013997292625040148,0.12308811405825046
attn_on_pim_prefill-1024xdecode_128_ops_trace.csv,decode,2,63,21,GPU0,npu,12,"LN:-1,Add:-1,LN:-1,FFN_W1:0,FFN_W3:0,FFN_W1:1,FFN_W3:1,SwiGLU:0,SwiGLU:1,FFN_W2:0,FFN_W2:1,Add:-1",0.00033699741708659303,0.0003436543941497803,npu|decode|2|2ef4409498d14c672a4fbbfe6786cce6,2,sample_step,0.021567834693541954,0.02199388122558594,6.65697706318726e-06,1.0197537925386435,0.0004260465320439846,1.0197537925386435
attn_on_pim_prefill-1024xdecode_128_ops_trace.csv,decode,2,63,21,PIM0,pim,7,"Q:0,K:0,V:0,QK:0,Softmax:0,SV:0,O:0",0.0002494066972662523,3.0699000000000005e-05,pim|decode|2|61397802f1888ea563dd9b1ea38edd23,2,sample_step,0.015962028625040148,0.0019647360000000003,-0.0002187076972662523,0.12308811405825046,-0.013997292625040148,0.12308811405825046
attn_on_pim_prefill-1024xdecode_128_ops_trace.csv,decode,2,63,21,PIM1,pim,7,"Q:1,K:1,V:1,QK:1,Softmax:1,SV:1,O:1",0.0002494066972662523,3.0699000000000005e-05,pim|decode|2|9c4e6c099d863efd94751a80c7e404c5,2,sample_step,0.015962028625040148,0.0019647360000000003,-0.0002187076972662523,0.12308811405825046,-0.013997292625040148,0.12308811405825046
attn_on_pim_prefill-1024xdecode_128_ops_trace.csv,decode,2,63,22,GPU0,npu,12,"LN:-1,Add:-1,LN:-1,FFN_W1:0,FFN_W3:0,FFN_W1:1,FFN_W3:1,SwiGLU:0,SwiGLU:1,FFN_W2:0,FFN_W2:1,Add:-1",0.00033699741708659303,0.0003436543941497803,npu|decode|2|2ef4409498d14c672a4fbbfe6786cce6,2,sample_step,0.021567834693541954,0.02199388122558594,6.65697706318726e-06,1.0197537925386435,0.0004260465320439846,1.0197537925386435
attn_on_pim_prefill-1024xdecode_128_ops_trace.csv,decode,2,63,22,PIM0,pim,7,"Q:0,K:0,V:0,QK:0,Softmax:0,SV:0,O:0",0.0002494066972662523,3.0699000000000005e-05,pim|decode|2|61397802f1888ea563dd9b1ea38edd23,2,sample_step,0.015962028625040148,0.0019647360000000003,-0.0002187076972662523,0.12308811405825046,-0.013997292625040148,0.12308811405825046
attn_on_pim_prefill-1024xdecode_128_ops_trace.csv,decode,2,63,22,PIM1,pim,7,"Q:1,K:1,V:1,QK:1,Softmax:1,SV:1,O:1",0.0002494066972662523,3.0699000000000005e-05,pim|decode|2|9c4e6c099d863efd94751a80c7e404c5,2,sample_step,0.015962028625040148,0.0019647360000000003,-0.0002187076972662523,0.12308811405825046,-0.013997292625040148,0.12308811405825046
attn_on_pim_prefill-1024xdecode_128_ops_trace.csv,decode,2,63,23,GPU0,npu,12,"LN:-1,Add:-1,LN:-1,FFN_W1:0,FFN_W3:0,FFN_W1:1,FFN_W3:1,SwiGLU:0,SwiGLU:1,FFN_W2:0,FFN_W2:1,Add:-1",0.00033699741708659303,0.0003436543941497803,npu|decode|2|2ef4409498d14c672a4fbbfe6786cce6,2,sample_step,0.021567834693541954,0.02199388122558594,6.65697706318726e-06,1.0197537925386435,0.0004260465320439846,1.0197537925386435
attn_on_pim_prefill-1024xdecode_128_ops_trace.csv,decode,2,63,23,PIM0,pim,7,"Q:0,K:0,V:0,QK:0,Softmax:0,SV:0,O:0",0.0002494066972662523,3.0699000000000005e-05,pim|decode|2|61397802f1888ea563dd9b1ea38edd23,2,sample_step,0.015962028625040148,0.0019647360000000003,-0.0002187076972662523,0.12308811405825046,-0.013997292625040148,0.12308811405825046
attn_on_pim_prefill-1024xdecode_128_ops_trace.csv,decode,2,63,23,PIM1,pim,7,"Q:1,K:1,V:1,QK:1,Softmax:1,SV:1,O:1",0.0002494066972662523,3.0699000000000005e-05,pim|decode|2|9c4e6c099d863efd94751a80c7e404c5,2,sample_step,0.015962028625040148,0.0019647360000000003,-0.0002187076972662523,0.12308811405825046,-0.013997292625040148,0.12308811405825046
attn_on_pim_prefill-1024xdecode_128_ops_trace.csv,decode,2,63,24,GPU0,npu,12,"LN:-1,Add:-1,LN:-1,FFN_W1:0,FFN_W3:0,FFN_W1:1,FFN_W3:1,SwiGLU:0,SwiGLU:1,FFN_W2:0,FFN_W2:1,Add:-1",0.00033699741708659303,0.0003436543941497803,npu|decode|2|2ef4409498d14c672a4fbbfe6786cce6,2,sample_step,0.021567834693541954,0.02199388122558594,6.65697706318726e-06,1.0197537925386435,0.0004260465320439846,1.0197537925386435
attn_on_pim_prefill-1024xdecode_128_ops_trace.csv,decode,2,63,24,PIM0,pim,7,"Q:0,K:0,V:0,QK:0,Softmax:0,SV:0,O:0",0.0002494066972662523,3.0699000000000005e-05,pim|decode|2|61397802f1888ea563dd9b1ea38edd23,2,sample_step,0.015962028625040148,0.0019647360000000003,-0.0002187076972662523,0.12308811405825046,-0.013997292625040148,0.12308811405825046
attn_on_pim_prefill-1024xdecode_128_ops_trace.csv,decode,2,63,24,PIM1,pim,7,"Q:1,K:1,V:1,QK:1,Softmax:1,SV:1,O:1",0.0002494066972662523,3.0699000000000005e-05,pim|decode|2|9c4e6c099d863efd94751a80c7e404c5,2,sample_step,0.015962028625040148,0.0019647360000000003,-0.0002187076972662523,0.12308811405825046,-0.013997292625040148,0.12308811405825046
attn_on_pim_prefill-1024xdecode_128_ops_trace.csv,decode,2,63,25,GPU0,npu,12,"LN:-1,Add:-1,LN:-1,FFN_W1:0,FFN_W3:0,FFN_W1:1,FFN_W3:1,SwiGLU:0,SwiGLU:1,FFN_W2:0,FFN_W2:1,Add:-1",0.00033699741708659303,0.0003436543941497803,npu|decode|2|2ef4409498d14c672a4fbbfe6786cce6,2,sample_step,0.021567834693541954,0.02199388122558594,6.65697706318726e-06,1.0197537925386435,0.0004260465320439846,1.0197537925386435
attn_on_pim_prefill-1024xdecode_128_ops_trace.csv,decode,2,63,25,PIM0,pim,7,"Q:0,K:0,V:0,QK:0,Softmax:0,SV:0,O:0",0.0002494066972662523,3.0699000000000005e-05,pim|decode|2|61397802f1888ea563dd9b1ea38edd23,2,sample_step,0.015962028625040148,0.0019647360000000003,-0.0002187076972662523,0.12308811405825046,-0.013997292625040148,0.12308811405825046
attn_on_pim_prefill-1024xdecode_128_ops_trace.csv,decode,2,63,25,PIM1,pim,7,"Q:1,K:1,V:1,QK:1,Softmax:1,SV:1,O:1",0.0002494066972662523,3.0699000000000005e-05,pim|decode|2|9c4e6c099d863efd94751a80c7e404c5,2,sample_step,0.015962028625040148,0.0019647360000000003,-0.0002187076972662523,0.12308811405825046,-0.013997292625040148,0.12308811405825046
attn_on_pim_prefill-1024xdecode_128_ops_trace.csv,decode,2,63,26,GPU0,npu,12,"LN:-1,Add:-1,LN:-1,FFN_W1:0,FFN_W3:0,FFN_W1:1,FFN_W3:1,SwiGLU:0,SwiGLU:1,FFN_W2:0,FFN_W2:1,Add:-1",0.00033699741708659303,0.0003436543941497803,npu|decode|2|2ef4409498d14c672a4fbbfe6786cce6,2,sample_step,0.021567834693541954,0.02199388122558594,6.65697706318726e-06,1.0197537925386435,0.0004260465320439846,1.0197537925386435
attn_on_pim_prefill-1024xdecode_128_ops_trace.csv,decode,2,63,26,PIM0,pim,7,"Q:0,K:0,V:0,QK:0,Softmax:0,SV:0,O:0",0.0002494066972662523,3.0699000000000005e-05,pim|decode|2|61397802f1888ea563dd9b1ea38edd23,2,sample_step,0.015962028625040148,0.0019647360000000003,-0.0002187076972662523,0.12308811405825046,-0.013997292625040148,0.12308811405825046
attn_on_pim_prefill-1024xdecode_128_ops_trace.csv,decode,2,63,26,PIM1,pim,7,"Q:1,K:1,V:1,QK:1,Softmax:1,SV:1,O:1",0.0002494066972662523,3.0699000000000005e-05,pim|decode|2|9c4e6c099d863efd94751a80c7e404c5,2,sample_step,0.015962028625040148,0.0019647360000000003,-0.0002187076972662523,0.12308811405825046,-0.013997292625040148,0.12308811405825046
attn_on_pim_prefill-1024xdecode_128_ops_trace.csv,decode,2,63,27,GPU0,npu,12,"LN:-1,Add:-1,LN:-1,FFN_W1:0,FFN_W3:0,FFN_W1:1,FFN_W3:1,SwiGLU:0,SwiGLU:1,FFN_W2:0,FFN_W2:1,Add:-1",0.00033699741708659303,0.0003436543941497803,npu|decode|2|2ef4409498d14c672a4fbbfe6786cce6,2,sample_step,0.021567834693541954,0.02199388122558594,6.65697706318726e-06,1.0197537925386435,0.0004260465320439846,1.0197537925386435
attn_on_pim_prefill-1024xdecode_128_ops_trace.csv,decode,2,63,27,PIM0,pim,7,"Q:0,K:0,V:0,QK:0,Softmax:0,SV:0,O:0",0.0002494066972662523,3.0699000000000005e-05,pim|decode|2|61397802f1888ea563dd9b1ea38edd23,2,sample_step,0.015962028625040148,0.0019647360000000003,-0.0002187076972662523,0.12308811405825046,-0.013997292625040148,0.12308811405825046
attn_on_pim_prefill-1024xdecode_128_ops_trace.csv,decode,2,63,27,PIM1,pim,7,"Q:1,K:1,V:1,QK:1,Softmax:1,SV:1,O:1",0.0002494066972662523,3.0699000000000005e-05,pim|decode|2|9c4e6c099d863efd94751a80c7e404c5,2,sample_step,0.015962028625040148,0.0019647360000000003,-0.0002187076972662523,0.12308811405825046,-0.013997292625040148,0.12308811405825046
attn_on_pim_prefill-1024xdecode_128_ops_trace.csv,decode,2,63,28,GPU0,npu,12,"LN:-1,Add:-1,LN:-1,FFN_W1:0,FFN_W3:0,FFN_W1:1,FFN_W3:1,SwiGLU:0,SwiGLU:1,FFN_W2:0,FFN_W2:1,Add:-1",0.00033699741708659303,0.0003436543941497803,npu|decode|2|2ef4409498d14c672a4fbbfe6786cce6,2,sample_step,0.021567834693541954,0.02199388122558594,6.65697706318726e-06,1.0197537925386435,0.0004260465320439846,1.0197537925386435
attn_on_pim_prefill-1024xdecode_128_ops_trace.csv,decode,2,63,28,PIM0,pim,7,"Q:0,K:0,V:0,QK:0,Softmax:0,SV:0,O:0",0.0002494066972662523,3.0699000000000005e-05,pim|decode|2|61397802f1888ea563dd9b1ea38edd23,2,sample_step,0.015962028625040148,0.0019647360000000003,-0.0002187076972662523,0.12308811405825046,-0.013997292625040148,0.12308811405825046
attn_on_pim_prefill-1024xdecode_128_ops_trace.csv,decode,2,63,28,PIM1,pim,7,"Q:1,K:1,V:1,QK:1,Softmax:1,SV:1,O:1",0.0002494066972662523,3.0699000000000005e-05,pim|decode|2|9c4e6c099d863efd94751a80c7e404c5,2,sample_step,0.015962028625040148,0.0019647360000000003,-0.0002187076972662523,0.12308811405825046,-0.013997292625040148,0.12308811405825046
attn_on_pim_prefill-1024xdecode_128_ops_trace.csv,decode,2,63,29,GPU0,npu,12,"LN:-1,Add:-1,LN:-1,FFN_W1:0,FFN_W3:0,FFN_W1:1,FFN_W3:1,SwiGLU:0,SwiGLU:1,FFN_W2:0,FFN_W2:1,Add:-1",0.00033699741708659303,0.0003436543941497803,npu|decode|2|2ef4409498d14c672a4fbbfe6786cce6,2,sample_step,0.021567834693541954,0.02199388122558594,6.65697706318726e-06,1.0197537925386435,0.0004260465320439846,1.0197537925386435
attn_on_pim_prefill-1024xdecode_128_ops_trace.csv,decode,2,63,29,PIM0,pim,7,"Q:0,K:0,V:0,QK:0,Softmax:0,SV:0,O:0",0.0002494066972662523,3.0699000000000005e-05,pim|decode|2|61397802f1888ea563dd9b1ea38edd23,2,sample_step,0.015962028625040148,0.0019647360000000003,-0.0002187076972662523,0.12308811405825046,-0.013997292625040148,0.12308811405825046
attn_on_pim_prefill-1024xdecode_128_ops_trace.csv,decode,2,63,29,PIM1,pim,7,"Q:1,K:1,V:1,QK:1,Softmax:1,SV:1,O:1",0.0002494066972662523,3.0699000000000005e-05,pim|decode|2|9c4e6c099d863efd94751a80c7e404c5,2,sample_step,0.015962028625040148,0.0019647360000000003,-0.0002187076972662523,0.12308811405825046,-0.013997292625040148,0.12308811405825046
attn_on_pim_prefill-1024xdecode_128_ops_trace.csv,decode,2,63,30,GPU0,npu,12,"LN:-1,Add:-1,LN:-1,FFN_W1:0,FFN_W3:0,FFN_W1:1,FFN_W3:1,SwiGLU:0,SwiGLU:1,FFN_W2:0,FFN_W2:1,Add:-1",0.00033699741708659303,0.0003436543941497803,npu|decode|2|2ef4409498d14c672a4fbbfe6786cce6,2,sample_step,0.021567834693541954,0.02199388122558594,6.65697706318726e-06,1.0197537925386435,0.0004260465320439846,1.0197537925386435
attn_on_pim_prefill-1024xdecode_128_ops_trace.csv,decode,2,63,30,PIM0,pim,7,"Q:0,K:0,V:0,QK:0,Softmax:0,SV:0,O:0",0.0002494066972662523,3.0699000000000005e-05,pim|decode|2|61397802f1888ea563dd9b1ea38edd23,2,sample_step,0.015962028625040148,0.0019647360000000003,-0.0002187076972662523,0.12308811405825046,-0.013997292625040148,0.12308811405825046
attn_on_pim_prefill-1024xdecode_128_ops_trace.csv,decode,2,63,30,PIM1,pim,7,"Q:1,K:1,V:1,QK:1,Softmax:1,SV:1,O:1",0.0002494066972662523,3.0699000000000005e-05,pim|decode|2|9c4e6c099d863efd94751a80c7e404c5,2,sample_step,0.015962028625040148,0.0019647360000000003,-0.0002187076972662523,0.12308811405825046,-0.013997292625040148,0.12308811405825046
attn_on_pim_prefill-1024xdecode_128_ops_trace.csv,decode,2,63,31,GPU0,npu,12,"LN:-1,Add:-1,LN:-1,FFN_W1:0,FFN_W3:0,FFN_W1:1,FFN_W3:1,SwiGLU:0,SwiGLU:1,FFN_W2:0,FFN_W2:1,Add:-1",0.00033699741708659303,0.0003436543941497803,npu|decode|2|2ef4409498d14c672a4fbbfe6786cce6,2,sample_step,0.021567834693541954,0.02199388122558594,6.65697706318726e-06,1.0197537925386435,0.0004260465320439846,1.0197537925386435
attn_on_pim_prefill-1024xdecode_128_ops_trace.csv,decode,2,63,31,PIM0,pim,7,"Q:0,K:0,V:0,QK:0,Softmax:0,SV:0,O:0",0.0002494066972662523,3.0699000000000005e-05,pim|decode|2|61397802f1888ea563dd9b1ea38edd23,2,sample_step,0.015962028625040148,0.0019647360000000003,-0.0002187076972662523,0.12308811405825046,-0.013997292625040148,0.12308811405825046
attn_on_pim_prefill-1024xdecode_128_ops_trace.csv,decode,2,63,31,PIM1,pim,7,"Q:1,K:1,V:1,QK:1,Softmax:1,SV:1,O:1",0.0002494066972662523,3.0699000000000005e-05,pim|decode|2|9c4e6c099d863efd94751a80c7e404c5,2,sample_step,0.015962028625040148,0.0019647360000000003,-0.0002187076972662523,0.12308811405825046,-0.013997292625040148,0.12308811405825046
