schedule,phase,sample_step,token_index,layer,device,device_type,n_ops,ops_repr,schedule_sum_s,measured_s,measured_key,measured_step,measured_mode,schedule_sum_scaled_s,measured_scaled_s,delta_s,ratio,delta_scaled_s,ratio_scaled
ianus_prefill-1024xdecode_512_ops_trace.csv,prefill,-1,-1,0,GPU0,npu,26,"LN:-1,Q:0,K:0,V:0,Q:1,K:1,V:1,QK:0,QK:1,Softmax:0,Softmax:1,SV:0,SV:1,O:0,O:1,Add:-1,LN:-1,FFN_W1:0,FFN_W3:0,FFN_W1:1,FFN_W3:1,SwiGLU:0,SwiGLU:1,FFN_W2:0,FFN_W2:1,Add:-1",0.0338722185112367,0.003850137710571289,npu|prefill|-1|7f370cc7d97df3530a56c775d62964d4,-1,sample_step,0.0338722185112367,0.003850137710571289,-0.030022080800665412,0.11366653498925829,-0.030022080800665412,0.11366653498925829
ianus_prefill-1024xdecode_512_ops_trace.csv,prefill,-1,-1,1,GPU0,npu,26,"LN:-1,Q:0,K:0,V:0,Q:1,K:1,V:1,QK:0,QK:1,Softmax:0,Softmax:1,SV:0,SV:1,O:0,O:1,Add:-1,LN:-1,FFN_W1:0,FFN_W3:0,FFN_W1:1,FFN_W3:1,SwiGLU:0,SwiGLU:1,FFN_W2:0,FFN_W2:1,Add:-1",0.033872218511236896,0.003850137710571289,npu|prefill|-1|7f370cc7d97df3530a56c775d62964d4,-1,sample_step,0.033872218511236896,0.003850137710571289,-0.030022080800665606,0.11366653498925763,-0.030022080800665606,0.11366653498925763
ianus_prefill-1024xdecode_512_ops_trace.csv,prefill,-1,-1,2,GPU0,npu,26,"LN:-1,Q:0,K:0,V:0,Q:1,K:1,V:1,QK:0,QK:1,Softmax:0,Softmax:1,SV:0,SV:1,O:0,O:1,Add:-1,LN:-1,FFN_W1:0,FFN_W3:0,FFN_W1:1,FFN_W3:1,SwiGLU:0,SwiGLU:1,FFN_W2:0,FFN_W2:1,Add:-1",0.033872218511237,0.003850137710571289,npu|prefill|-1|7f370cc7d97df3530a56c775d62964d4,-1,sample_step,0.033872218511237,0.003850137710571289,-0.03002208080066571,0.11366653498925729,-0.03002208080066571,0.11366653498925729
ianus_prefill-1024xdecode_512_ops_trace.csv,prefill,-1,-1,3,GPU0,npu,26,"LN:-1,Q:0,K:0,V:0,Q:1,K:1,V:1,QK:0,QK:1,Softmax:0,Softmax:1,SV:0,SV:1,O:0,O:1,Add:-1,LN:-1,FFN_W1:0,FFN_W3:0,FFN_W1:1,FFN_W3:1,SwiGLU:0,SwiGLU:1,FFN_W2:0,FFN_W2:1,Add:-1",0.0338722185112368,0.003850137710571289,npu|prefill|-1|7f370cc7d97df3530a56c775d62964d4,-1,sample_step,0.0338722185112368,0.003850137710571289,-0.03002208080066551,0.11366653498925797,-0.03002208080066551,0.11366653498925797
ianus_prefill-1024xdecode_512_ops_trace.csv,prefill,-1,-1,4,GPU0,npu,26,"LN:-1,Q:0,K:0,V:0,Q:1,K:1,V:1,QK:0,QK:1,Softmax:0,Softmax:1,SV:0,SV:1,O:0,O:1,Add:-1,LN:-1,FFN_W1:0,FFN_W3:0,FFN_W1:1,FFN_W3:1,SwiGLU:0,SwiGLU:1,FFN_W2:0,FFN_W2:1,Add:-1",0.0338722185112368,0.003850137710571289,npu|prefill|-1|7f370cc7d97df3530a56c775d62964d4,-1,sample_step,0.0338722185112368,0.003850137710571289,-0.03002208080066551,0.11366653498925797,-0.03002208080066551,0.11366653498925797
ianus_prefill-1024xdecode_512_ops_trace.csv,prefill,-1,-1,5,GPU0,npu,26,"LN:-1,Q:0,K:0,V:0,Q:1,K:1,V:1,QK:0,QK:1,Softmax:0,Softmax:1,SV:0,SV:1,O:0,O:1,Add:-1,LN:-1,FFN_W1:0,FFN_W3:0,FFN_W1:1,FFN_W3:1,SwiGLU:0,SwiGLU:1,FFN_W2:0,FFN_W2:1,Add:-1",0.0338722185112368,0.003850137710571289,npu|prefill|-1|7f370cc7d97df3530a56c775d62964d4,-1,sample_step,0.0338722185112368,0.003850137710571289,-0.03002208080066551,0.11366653498925797,-0.03002208080066551,0.11366653498925797
ianus_prefill-1024xdecode_512_ops_trace.csv,prefill,-1,-1,6,GPU0,npu,26,"LN:-1,Q:0,K:0,V:0,Q:1,K:1,V:1,QK:0,QK:1,Softmax:0,Softmax:1,SV:0,SV:1,O:0,O:1,Add:-1,LN:-1,FFN_W1:0,FFN_W3:0,FFN_W1:1,FFN_W3:1,SwiGLU:0,SwiGLU:1,FFN_W2:0,FFN_W2:1,Add:-1",0.0338722185112368,0.003850137710571289,npu|prefill|-1|7f370cc7d97df3530a56c775d62964d4,-1,sample_step,0.0338722185112368,0.003850137710571289,-0.03002208080066551,0.11366653498925797,-0.03002208080066551,0.11366653498925797
ianus_prefill-1024xdecode_512_ops_trace.csv,prefill,-1,-1,7,GPU0,npu,26,"LN:-1,Q:0,K:0,V:0,Q:1,K:1,V:1,QK:0,QK:1,Softmax:0,Softmax:1,SV:0,SV:1,O:0,O:1,Add:-1,LN:-1,FFN_W1:0,FFN_W3:0,FFN_W1:1,FFN_W3:1,SwiGLU:0,SwiGLU:1,FFN_W2:0,FFN_W2:1,Add:-1",0.033872218511237,0.003850137710571289,npu|prefill|-1|7f370cc7d97df3530a56c775d62964d4,-1,sample_step,0.033872218511237,0.003850137710571289,-0.03002208080066571,0.11366653498925729,-0.03002208080066571,0.11366653498925729
ianus_prefill-1024xdecode_512_ops_trace.csv,prefill,-1,-1,8,GPU0,npu,26,"LN:-1,Q:0,K:0,V:0,Q:1,K:1,V:1,QK:0,QK:1,Softmax:0,Softmax:1,SV:0,SV:1,O:0,O:1,Add:-1,LN:-1,FFN_W1:0,FFN_W3:0,FFN_W1:1,FFN_W3:1,SwiGLU:0,SwiGLU:1,FFN_W2:0,FFN_W2:1,Add:-1",0.0338722185112368,0.003850137710571289,npu|prefill|-1|7f370cc7d97df3530a56c775d62964d4,-1,sample_step,0.0338722185112368,0.003850137710571289,-0.03002208080066551,0.11366653498925797,-0.03002208080066551,0.11366653498925797
ianus_prefill-1024xdecode_512_ops_trace.csv,prefill,-1,-1,9,GPU0,npu,26,"LN:-1,Q:0,K:0,V:0,Q:1,K:1,V:1,QK:0,QK:1,Softmax:0,Softmax:1,SV:0,SV:1,O:0,O:1,Add:-1,LN:-1,FFN_W1:0,FFN_W3:0,FFN_W1:1,FFN_W3:1,SwiGLU:0,SwiGLU:1,FFN_W2:0,FFN_W2:1,Add:-1",0.0338722185112368,0.003850137710571289,npu|prefill|-1|7f370cc7d97df3530a56c775d62964d4,-1,sample_step,0.0338722185112368,0.003850137710571289,-0.03002208080066551,0.11366653498925797,-0.03002208080066551,0.11366653498925797
ianus_prefill-1024xdecode_512_ops_trace.csv,prefill,-1,-1,10,GPU0,npu,26,"LN:-1,Q:0,K:0,V:0,Q:1,K:1,V:1,QK:0,QK:1,Softmax:0,Softmax:1,SV:0,SV:1,O:0,O:1,Add:-1,LN:-1,FFN_W1:0,FFN_W3:0,FFN_W1:1,FFN_W3:1,SwiGLU:0,SwiGLU:1,FFN_W2:0,FFN_W2:1,Add:-1",0.0338722185112368,0.003850137710571289,npu|prefill|-1|7f370cc7d97df3530a56c775d62964d4,-1,sample_step,0.0338722185112368,0.003850137710571289,-0.03002208080066551,0.11366653498925797,-0.03002208080066551,0.11366653498925797
ianus_prefill-1024xdecode_512_ops_trace.csv,prefill,-1,-1,11,GPU0,npu,26,"LN:-1,Q:0,K:0,V:0,Q:1,K:1,V:1,QK:0,QK:1,Softmax:0,Softmax:1,SV:0,SV:1,O:0,O:1,Add:-1,LN:-1,FFN_W1:0,FFN_W3:0,FFN_W1:1,FFN_W3:1,SwiGLU:0,SwiGLU:1,FFN_W2:0,FFN_W2:1,Add:-1",0.0338722185112368,0.003850137710571289,npu|prefill|-1|7f370cc7d97df3530a56c775d62964d4,-1,sample_step,0.0338722185112368,0.003850137710571289,-0.03002208080066551,0.11366653498925797,-0.03002208080066551,0.11366653498925797
ianus_prefill-1024xdecode_512_ops_trace.csv,prefill,-1,-1,12,GPU0,npu,26,"LN:-1,Q:0,K:0,V:0,Q:1,K:1,V:1,QK:0,QK:1,Softmax:0,Softmax:1,SV:0,SV:1,O:0,O:1,Add:-1,LN:-1,FFN_W1:0,FFN_W3:0,FFN_W1:1,FFN_W3:1,SwiGLU:0,SwiGLU:1,FFN_W2:0,FFN_W2:1,Add:-1",0.0338722185112368,0.003850137710571289,npu|prefill|-1|7f370cc7d97df3530a56c775d62964d4,-1,sample_step,0.0338722185112368,0.003850137710571289,-0.03002208080066551,0.11366653498925797,-0.03002208080066551,0.11366653498925797
ianus_prefill-1024xdecode_512_ops_trace.csv,prefill,-1,-1,13,GPU0,npu,26,"LN:-1,Q:0,K:0,V:0,Q:1,K:1,V:1,QK:0,QK:1,Softmax:0,Softmax:1,SV:0,SV:1,O:0,O:1,Add:-1,LN:-1,FFN_W1:0,FFN_W3:0,FFN_W1:1,FFN_W3:1,SwiGLU:0,SwiGLU:1,FFN_W2:0,FFN_W2:1,Add:-1",0.0338722185112368,0.003850137710571289,npu|prefill|-1|7f370cc7d97df3530a56c775d62964d4,-1,sample_step,0.0338722185112368,0.003850137710571289,-0.03002208080066551,0.11366653498925797,-0.03002208080066551,0.11366653498925797
ianus_prefill-1024xdecode_512_ops_trace.csv,prefill,-1,-1,14,GPU0,npu,26,"LN:-1,Q:0,K:0,V:0,Q:1,K:1,V:1,QK:0,QK:1,Softmax:0,Softmax:1,SV:0,SV:1,O:0,O:1,Add:-1,LN:-1,FFN_W1:0,FFN_W3:0,FFN_W1:1,FFN_W3:1,SwiGLU:0,SwiGLU:1,FFN_W2:0,FFN_W2:1,Add:-1",0.0338722185112365,0.003850137710571289,npu|prefill|-1|7f370cc7d97df3530a56c775d62964d4,-1,sample_step,0.0338722185112365,0.003850137710571289,-0.03002208080066521,0.11366653498925897,-0.03002208080066521,0.11366653498925897
ianus_prefill-1024xdecode_512_ops_trace.csv,prefill,-1,-1,15,GPU0,npu,26,"LN:-1,Q:0,K:0,V:0,Q:1,K:1,V:1,QK:0,QK:1,Softmax:0,Softmax:1,SV:0,SV:1,O:0,O:1,Add:-1,LN:-1,FFN_W1:0,FFN_W3:0,FFN_W1:1,FFN_W3:1,SwiGLU:0,SwiGLU:1,FFN_W2:0,FFN_W2:1,Add:-1",0.0338722185112372,0.003850137710571289,npu|prefill|-1|7f370cc7d97df3530a56c775d62964d4,-1,sample_step,0.0338722185112372,0.003850137710571289,-0.03002208080066591,0.11366653498925662,-0.03002208080066591,0.11366653498925662
ianus_prefill-1024xdecode_512_ops_trace.csv,prefill,-1,-1,16,GPU0,npu,26,"LN:-1,Q:0,K:0,V:0,Q:1,K:1,V:1,QK:0,QK:1,Softmax:0,Softmax:1,SV:0,SV:1,O:0,O:1,Add:-1,LN:-1,FFN_W1:0,FFN_W3:0,FFN_W1:1,FFN_W3:1,SwiGLU:0,SwiGLU:1,FFN_W2:0,FFN_W2:1,Add:-1",0.0338722185112372,0.003850137710571289,npu|prefill|-1|7f370cc7d97df3530a56c775d62964d4,-1,sample_step,0.0338722185112372,0.003850137710571289,-0.03002208080066591,0.11366653498925662,-0.03002208080066591,0.11366653498925662
ianus_prefill-1024xdecode_512_ops_trace.csv,prefill,-1,-1,17,GPU0,npu,26,"LN:-1,Q:0,K:0,V:0,Q:1,K:1,V:1,QK:0,QK:1,Softmax:0,Softmax:1,SV:0,SV:1,O:0,O:1,Add:-1,LN:-1,FFN_W1:0,FFN_W3:0,FFN_W1:1,FFN_W3:1,SwiGLU:0,SwiGLU:1,FFN_W2:0,FFN_W2:1,Add:-1",0.0338722185112372,0.003850137710571289,npu|prefill|-1|7f370cc7d97df3530a56c775d62964d4,-1,sample_step,0.0338722185112372,0.003850137710571289,-0.03002208080066591,0.11366653498925662,-0.03002208080066591,0.11366653498925662
ianus_prefill-1024xdecode_512_ops_trace.csv,prefill,-1,-1,18,GPU0,npu,26,"LN:-1,Q:0,K:0,V:0,Q:1,K:1,V:1,QK:0,QK:1,Softmax:0,Softmax:1,SV:0,SV:1,O:0,O:1,Add:-1,LN:-1,FFN_W1:0,FFN_W3:0,FFN_W1:1,FFN_W3:1,SwiGLU:0,SwiGLU:1,FFN_W2:0,FFN_W2:1,Add:-1",0.0338722185112372,0.003850137710571289,npu|prefill|-1|7f370cc7d97df3530a56c775d62964d4,-1,sample_step,0.0338722185112372,0.003850137710571289,-0.03002208080066591,0.11366653498925662,-0.03002208080066591,0.11366653498925662
ianus_prefill-1024xdecode_512_ops_trace.csv,prefill,-1,-1,19,GPU0,npu,26,"LN:-1,Q:0,K:0,V:0,Q:1,K:1,V:1,QK:0,QK:1,Softmax:0,Softmax:1,SV:0,SV:1,O:0,O:1,Add:-1,LN:-1,FFN_W1:0,FFN_W3:0,FFN_W1:1,FFN_W3:1,SwiGLU:0,SwiGLU:1,FFN_W2:0,FFN_W2:1,Add:-1",0.0338722185112372,0.003850137710571289,npu|prefill|-1|7f370cc7d97df3530a56c775d62964d4,-1,sample_step,0.0338722185112372,0.003850137710571289,-0.03002208080066591,0.11366653498925662,-0.03002208080066591,0.11366653498925662
ianus_prefill-1024xdecode_512_ops_trace.csv,prefill,-1,-1,20,GPU0,npu,26,"LN:-1,Q:0,K:0,V:0,Q:1,K:1,V:1,QK:0,QK:1,Softmax:0,Softmax:1,SV:0,SV:1,O:0,O:1,Add:-1,LN:-1,FFN_W1:0,FFN_W3:0,FFN_W1:1,FFN_W3:1,SwiGLU:0,SwiGLU:1,FFN_W2:0,FFN_W2:1,Add:-1",0.0338722185112372,0.003850137710571289,npu|prefill|-1|7f370cc7d97df3530a56c775d62964d4,-1,sample_step,0.0338722185112372,0.003850137710571289,-0.03002208080066591,0.11366653498925662,-0.03002208080066591,0.11366653498925662
ianus_prefill-1024xdecode_512_ops_trace.csv,prefill,-1,-1,21,GPU0,npu,26,"LN:-1,Q:0,K:0,V:0,Q:1,K:1,V:1,QK:0,QK:1,Softmax:0,Softmax:1,SV:0,SV:1,O:0,O:1,Add:-1,LN:-1,FFN_W1:0,FFN_W3:0,FFN_W1:1,FFN_W3:1,SwiGLU:0,SwiGLU:1,FFN_W2:0,FFN_W2:1,Add:-1",0.0338722185112372,0.003850137710571289,npu|prefill|-1|7f370cc7d97df3530a56c775d62964d4,-1,sample_step,0.0338722185112372,0.003850137710571289,-0.03002208080066591,0.11366653498925662,-0.03002208080066591,0.11366653498925662
ianus_prefill-1024xdecode_512_ops_trace.csv,prefill,-1,-1,22,GPU0,npu,26,"LN:-1,Q:0,K:0,V:0,Q:1,K:1,V:1,QK:0,QK:1,Softmax:0,Softmax:1,SV:0,SV:1,O:0,O:1,Add:-1,LN:-1,FFN_W1:0,FFN_W3:0,FFN_W1:1,FFN_W3:1,SwiGLU:0,SwiGLU:1,FFN_W2:0,FFN_W2:1,Add:-1",0.0338722185112372,0.003850137710571289,npu|prefill|-1|7f370cc7d97df3530a56c775d62964d4,-1,sample_step,0.0338722185112372,0.003850137710571289,-0.03002208080066591,0.11366653498925662,-0.03002208080066591,0.11366653498925662
ianus_prefill-1024xdecode_512_ops_trace.csv,prefill,-1,-1,23,GPU0,npu,26,"LN:-1,Q:0,K:0,V:0,Q:1,K:1,V:1,QK:0,QK:1,Softmax:0,Softmax:1,SV:0,SV:1,O:0,O:1,Add:-1,LN:-1,FFN_W1:0,FFN_W3:0,FFN_W1:1,FFN_W3:1,SwiGLU:0,SwiGLU:1,FFN_W2:0,FFN_W2:1,Add:-1",0.0338722185112372,0.003850137710571289,npu|prefill|-1|7f370cc7d97df3530a56c775d62964d4,-1,sample_step,0.0338722185112372,0.003850137710571289,-0.03002208080066591,0.11366653498925662,-0.03002208080066591,0.11366653498925662
ianus_prefill-1024xdecode_512_ops_trace.csv,prefill,-1,-1,24,GPU0,npu,26,"LN:-1,Q:0,K:0,V:0,Q:1,K:1,V:1,QK:0,QK:1,Softmax:0,Softmax:1,SV:0,SV:1,O:0,O:1,Add:-1,LN:-1,FFN_W1:0,FFN_W3:0,FFN_W1:1,FFN_W3:1,SwiGLU:0,SwiGLU:1,FFN_W2:0,FFN_W2:1,Add:-1",0.0338722185112372,0.003850137710571289,npu|prefill|-1|7f370cc7d97df3530a56c775d62964d4,-1,sample_step,0.0338722185112372,0.003850137710571289,-0.03002208080066591,0.11366653498925662,-0.03002208080066591,0.11366653498925662
ianus_prefill-1024xdecode_512_ops_trace.csv,prefill,-1,-1,25,GPU0,npu,26,"LN:-1,Q:0,K:0,V:0,Q:1,K:1,V:1,QK:0,QK:1,Softmax:0,Softmax:1,SV:0,SV:1,O:0,O:1,Add:-1,LN:-1,FFN_W1:0,FFN_W3:0,FFN_W1:1,FFN_W3:1,SwiGLU:0,SwiGLU:1,FFN_W2:0,FFN_W2:1,Add:-1",0.0338722185112372,0.003850137710571289,npu|prefill|-1|7f370cc7d97df3530a56c775d62964d4,-1,sample_step,0.0338722185112372,0.003850137710571289,-0.03002208080066591,0.11366653498925662,-0.03002208080066591,0.11366653498925662
ianus_prefill-1024xdecode_512_ops_trace.csv,prefill,-1,-1,26,GPU0,npu,26,"LN:-1,Q:0,K:0,V:0,Q:1,K:1,V:1,QK:0,QK:1,Softmax:0,Softmax:1,SV:0,SV:1,O:0,O:1,Add:-1,LN:-1,FFN_W1:0,FFN_W3:0,FFN_W1:1,FFN_W3:1,SwiGLU:0,SwiGLU:1,FFN_W2:0,FFN_W2:1,Add:-1",0.0338722185112372,0.003850137710571289,npu|prefill|-1|7f370cc7d97df3530a56c775d62964d4,-1,sample_step,0.0338722185112372,0.003850137710571289,-0.03002208080066591,0.11366653498925662,-0.03002208080066591,0.11366653498925662
ianus_prefill-1024xdecode_512_ops_trace.csv,prefill,-1,-1,27,GPU0,npu,26,"LN:-1,Q:0,K:0,V:0,Q:1,K:1,V:1,QK:0,QK:1,Softmax:0,Softmax:1,SV:0,SV:1,O:0,O:1,Add:-1,LN:-1,FFN_W1:0,FFN_W3:0,FFN_W1:1,FFN_W3:1,SwiGLU:0,SwiGLU:1,FFN_W2:0,FFN_W2:1,Add:-1",0.0338722185112372,0.003850137710571289,npu|prefill|-1|7f370cc7d97df3530a56c775d62964d4,-1,sample_step,0.0338722185112372,0.003850137710571289,-0.03002208080066591,0.11366653498925662,-0.03002208080066591,0.11366653498925662
ianus_prefill-1024xdecode_512_ops_trace.csv,prefill,-1,-1,28,GPU0,npu,26,"LN:-1,Q:0,K:0,V:0,Q:1,K:1,V:1,QK:0,QK:1,Softmax:0,Softmax:1,SV:0,SV:1,O:0,O:1,Add:-1,LN:-1,FFN_W1:0,FFN_W3:0,FFN_W1:1,FFN_W3:1,SwiGLU:0,SwiGLU:1,FFN_W2:0,FFN_W2:1,Add:-1",0.0338722185112372,0.003850137710571289,npu|prefill|-1|7f370cc7d97df3530a56c775d62964d4,-1,sample_step,0.0338722185112372,0.003850137710571289,-0.03002208080066591,0.11366653498925662,-0.03002208080066591,0.11366653498925662
ianus_prefill-1024xdecode_512_ops_trace.csv,prefill,-1,-1,29,GPU0,npu,26,"LN:-1,Q:0,K:0,V:0,Q:1,K:1,V:1,QK:0,QK:1,Softmax:0,Softmax:1,SV:0,SV:1,O:0,O:1,Add:-1,LN:-1,FFN_W1:0,FFN_W3:0,FFN_W1:1,FFN_W3:1,SwiGLU:0,SwiGLU:1,FFN_W2:0,FFN_W2:1,Add:-1",0.0338722185112375,0.003850137710571289,npu|prefill|-1|7f370cc7d97df3530a56c775d62964d4,-1,sample_step,0.0338722185112375,0.003850137710571289,-0.03002208080066621,0.11366653498925561,-0.03002208080066621,0.11366653498925561
ianus_prefill-1024xdecode_512_ops_trace.csv,prefill,-1,-1,30,GPU0,npu,26,"LN:-1,Q:0,K:0,V:0,Q:1,K:1,V:1,QK:0,QK:1,Softmax:0,Softmax:1,SV:0,SV:1,O:0,O:1,Add:-1,LN:-1,FFN_W1:0,FFN_W3:0,FFN_W1:1,FFN_W3:1,SwiGLU:0,SwiGLU:1,FFN_W2:0,FFN_W2:1,Add:-1",0.033872218511237,0.003850137710571289,npu|prefill|-1|7f370cc7d97df3530a56c775d62964d4,-1,sample_step,0.033872218511237,0.003850137710571289,-0.03002208080066571,0.11366653498925729,-0.03002208080066571,0.11366653498925729
ianus_prefill-1024xdecode_512_ops_trace.csv,prefill,-1,-1,31,GPU0,npu,26,"LN:-1,Q:0,K:0,V:0,Q:1,K:1,V:1,QK:0,QK:1,Softmax:0,Softmax:1,SV:0,SV:1,O:0,O:1,Add:-1,LN:-1,FFN_W1:0,FFN_W3:0,FFN_W1:1,FFN_W3:1,SwiGLU:0,SwiGLU:1,FFN_W2:0,FFN_W2:1,Add:-1",0.033872218511237,0.003850137710571289,npu|prefill|-1|7f370cc7d97df3530a56c775d62964d4,-1,sample_step,0.033872218511237,0.003850137710571289,-0.03002208080066571,0.11366653498925729,-0.03002208080066571,0.11366653498925729
ianus_prefill-1024xdecode_512_ops_trace.csv,decode,0,0,0,GPU0,npu,15,"LN:-1,Q:0,K:0,Q:1,K:1,QK:0,QK:1,Softmax:0,Softmax:1,O:0,Add:-1,FFN_W3:0,FFN_W3:1,SwiGLU:0,Add:-1",0.00024383320998055957,0.0003652607917785645,npu|decode|0|2a5538c8f9df4db4add3d84eaac8c78a,0,sample_step,0.00024383320998055957,0.0003652607917785645,0.00012142758179800492,1.4979944356541348,0.00012142758179800492,1.4979944356541348
ianus_prefill-1024xdecode_512_ops_trace.csv,decode,0,0,0,PIM0,pim,5,"V:0,SV:0,O:1,FFN_W1:0,FFN_W2:1",0.00618306082408794,3.5362e-05,pim|decode|0|ebea3d96ba5f955b87a93b12b17bba6f,0,sample_step,0.00618306082408794,3.5362e-05,-0.00614769882408794,0.0057191738858910915,-0.00614769882408794,0.0057191738858910915
ianus_prefill-1024xdecode_512_ops_trace.csv,decode,0,0,0,PIM1,pim,6,"V:1,SV:1,LN:-1,FFN_W1:1,SwiGLU:1,FFN_W2:0",0.005363321729296461,3.3117e-05,pim|decode|0|016e8acce089f109420138ec5b8e8adb,0,sample_step,0.005363321729296461,3.3117e-05,-0.005330204729296461,0.0061747181451193974,-0.005330204729296461,0.0061747181451193974
ianus_prefill-1024xdecode_512_ops_trace.csv,decode,0,0,1,PIM0,pim,6,"LN:-1,V:0,SV:0,O:1,FFN_W1:0,FFN_W2:1",0.006193572824087958,3.6676e-05,pim|decode|0|731d391a82ee0cb7f0755396c849b1dc,0,sample_step,0.006193572824087958,3.6676e-05,-0.006156896824087958,0.00592162246924105,-0.006156896824087958,0.00592162246924105
ianus_prefill-1024xdecode_512_ops_trace.csv,decode,0,0,1,GPU0,npu,14,"Q:0,K:0,Q:1,K:1,QK:0,QK:1,Softmax:0,Softmax:1,O:0,Add:-1,FFN_W3:0,FFN_W3:1,SwiGLU:0,Add:-1",0.000208523605335742,0.00032092161178588866,npu|decode|0|671eabfb3c980b3de830460630434eeb,0,sample_step,0.000208523605335742,0.00032092161178588866,0.00011239800645014667,1.5390181426662735,0.00011239800645014667,1.5390181426662735
ianus_prefill-1024xdecode_512_ops_trace.csv,decode,0,0,1,PIM1,pim,6,"V:1,SV:1,LN:-1,FFN_W1:1,SwiGLU:1,FFN_W2:0",0.005363321729296461,3.3117e-05,pim|decode|0|016e8acce089f109420138ec5b8e8adb,0,sample_step,0.005363321729296461,3.3117e-05,-0.005330204729296461,0.0061747181451193974,-0.005330204729296461,0.0061747181451193974
ianus_prefill-1024xdecode_512_ops_trace.csv,decode,0,0,2,PIM0,pim,6,"LN:-1,V:0,SV:0,O:1,FFN_W1:0,FFN_W2:1",0.006193572824087958,3.6676e-05,pim|decode|0|731d391a82ee0cb7f0755396c849b1dc,0,sample_step,0.006193572824087958,3.6676e-05,-0.006156896824087958,0.00592162246924105,-0.006156896824087958,0.00592162246924105
ianus_prefill-1024xdecode_512_ops_trace.csv,decode,0,0,2,GPU0,npu,14,"Q:0,K:0,Q:1,K:1,QK:0,QK:1,Softmax:0,Softmax:1,O:0,Add:-1,FFN_W3:0,FFN_W3:1,SwiGLU:0,Add:-1",0.000208523605335742,0.00032092161178588866,npu|decode|0|671eabfb3c980b3de830460630434eeb,0,sample_step,0.000208523605335742,0.00032092161178588866,0.00011239800645014667,1.5390181426662735,0.00011239800645014667,1.5390181426662735
ianus_prefill-1024xdecode_512_ops_trace.csv,decode,0,0,2,PIM1,pim,6,"V:1,SV:1,LN:-1,FFN_W1:1,SwiGLU:1,FFN_W2:0",0.005363321729296461,3.3117e-05,pim|decode|0|016e8acce089f109420138ec5b8e8adb,0,sample_step,0.005363321729296461,3.3117e-05,-0.005330204729296461,0.0061747181451193974,-0.005330204729296461,0.0061747181451193974
ianus_prefill-1024xdecode_512_ops_trace.csv,decode,0,0,3,PIM0,pim,6,"LN:-1,V:0,SV:0,O:1,FFN_W1:0,FFN_W2:1",0.006193572824087958,3.6676e-05,pim|decode|0|731d391a82ee0cb7f0755396c849b1dc,0,sample_step,0.006193572824087958,3.6676e-05,-0.006156896824087958,0.00592162246924105,-0.006156896824087958,0.00592162246924105
ianus_prefill-1024xdecode_512_ops_trace.csv,decode,0,0,3,GPU0,npu,14,"Q:0,K:0,Q:1,K:1,QK:0,QK:1,Softmax:0,Softmax:1,O:0,Add:-1,FFN_W3:0,FFN_W3:1,SwiGLU:0,Add:-1",0.000208523605335742,0.00032092161178588866,npu|decode|0|671eabfb3c980b3de830460630434eeb,0,sample_step,0.000208523605335742,0.00032092161178588866,0.00011239800645014667,1.5390181426662735,0.00011239800645014667,1.5390181426662735
ianus_prefill-1024xdecode_512_ops_trace.csv,decode,0,0,3,PIM1,pim,6,"V:1,SV:1,LN:-1,FFN_W1:1,SwiGLU:1,FFN_W2:0",0.005363321729296461,3.3117e-05,pim|decode|0|016e8acce089f109420138ec5b8e8adb,0,sample_step,0.005363321729296461,3.3117e-05,-0.005330204729296461,0.0061747181451193974,-0.005330204729296461,0.0061747181451193974
ianus_prefill-1024xdecode_512_ops_trace.csv,decode,0,0,4,PIM0,pim,6,"LN:-1,V:0,SV:0,O:1,FFN_W1:0,FFN_W2:1",0.006193572824087958,3.6676e-05,pim|decode|0|731d391a82ee0cb7f0755396c849b1dc,0,sample_step,0.006193572824087958,3.6676e-05,-0.006156896824087958,0.00592162246924105,-0.006156896824087958,0.00592162246924105
ianus_prefill-1024xdecode_512_ops_trace.csv,decode,0,0,4,GPU0,npu,14,"Q:0,K:0,Q:1,K:1,QK:0,QK:1,Softmax:0,Softmax:1,O:0,Add:-1,FFN_W3:0,FFN_W3:1,SwiGLU:0,Add:-1",0.000208523605335742,0.00032092161178588866,npu|decode|0|671eabfb3c980b3de830460630434eeb,0,sample_step,0.000208523605335742,0.00032092161178588866,0.00011239800645014667,1.5390181426662735,0.00011239800645014667,1.5390181426662735
ianus_prefill-1024xdecode_512_ops_trace.csv,decode,0,0,4,PIM1,pim,6,"V:1,SV:1,LN:-1,FFN_W1:1,SwiGLU:1,FFN_W2:0",0.005363321729296461,3.3117e-05,pim|decode|0|016e8acce089f109420138ec5b8e8adb,0,sample_step,0.005363321729296461,3.3117e-05,-0.005330204729296461,0.0061747181451193974,-0.005330204729296461,0.0061747181451193974
ianus_prefill-1024xdecode_512_ops_trace.csv,decode,0,0,5,PIM0,pim,6,"LN:-1,V:0,SV:0,O:1,FFN_W1:0,FFN_W2:1",0.006193572824087958,3.6676e-05,pim|decode|0|731d391a82ee0cb7f0755396c849b1dc,0,sample_step,0.006193572824087958,3.6676e-05,-0.006156896824087958,0.00592162246924105,-0.006156896824087958,0.00592162246924105
ianus_prefill-1024xdecode_512_ops_trace.csv,decode,0,0,5,GPU0,npu,14,"Q:0,K:0,Q:1,K:1,QK:0,QK:1,Softmax:0,Softmax:1,O:0,Add:-1,FFN_W3:0,FFN_W3:1,SwiGLU:0,Add:-1",0.000208523605335742,0.00032092161178588866,npu|decode|0|671eabfb3c980b3de830460630434eeb,0,sample_step,0.000208523605335742,0.00032092161178588866,0.00011239800645014667,1.5390181426662735,0.00011239800645014667,1.5390181426662735
ianus_prefill-1024xdecode_512_ops_trace.csv,decode,0,0,5,PIM1,pim,6,"V:1,SV:1,LN:-1,FFN_W1:1,SwiGLU:1,FFN_W2:0",0.005363321729296461,3.3117e-05,pim|decode|0|016e8acce089f109420138ec5b8e8adb,0,sample_step,0.005363321729296461,3.3117e-05,-0.005330204729296461,0.0061747181451193974,-0.005330204729296461,0.0061747181451193974
ianus_prefill-1024xdecode_512_ops_trace.csv,decode,0,0,6,PIM0,pim,6,"LN:-1,V:0,SV:0,O:1,FFN_W1:0,FFN_W2:1",0.006193572824087958,3.6676e-05,pim|decode|0|731d391a82ee0cb7f0755396c849b1dc,0,sample_step,0.006193572824087958,3.6676e-05,-0.006156896824087958,0.00592162246924105,-0.006156896824087958,0.00592162246924105
ianus_prefill-1024xdecode_512_ops_trace.csv,decode,0,0,6,GPU0,npu,14,"Q:0,K:0,Q:1,K:1,QK:0,QK:1,Softmax:0,Softmax:1,O:0,Add:-1,FFN_W3:0,FFN_W3:1,SwiGLU:0,Add:-1",0.000208523605335742,0.00032092161178588866,npu|decode|0|671eabfb3c980b3de830460630434eeb,0,sample_step,0.000208523605335742,0.00032092161178588866,0.00011239800645014667,1.5390181426662735,0.00011239800645014667,1.5390181426662735
ianus_prefill-1024xdecode_512_ops_trace.csv,decode,0,0,6,PIM1,pim,6,"V:1,SV:1,LN:-1,FFN_W1:1,SwiGLU:1,FFN_W2:0",0.005363321729296461,3.3117e-05,pim|decode|0|016e8acce089f109420138ec5b8e8adb,0,sample_step,0.005363321729296461,3.3117e-05,-0.005330204729296461,0.0061747181451193974,-0.005330204729296461,0.0061747181451193974
ianus_prefill-1024xdecode_512_ops_trace.csv,decode,0,0,7,PIM0,pim,6,"LN:-1,V:0,SV:0,O:1,FFN_W1:0,FFN_W2:1",0.006193572824087958,3.6676e-05,pim|decode|0|731d391a82ee0cb7f0755396c849b1dc,0,sample_step,0.006193572824087958,3.6676e-05,-0.006156896824087958,0.00592162246924105,-0.006156896824087958,0.00592162246924105
ianus_prefill-1024xdecode_512_ops_trace.csv,decode,0,0,7,GPU0,npu,14,"Q:0,K:0,Q:1,K:1,QK:0,QK:1,Softmax:0,Softmax:1,O:0,Add:-1,FFN_W3:0,FFN_W3:1,SwiGLU:0,Add:-1",0.000208523605335742,0.00032092161178588866,npu|decode|0|671eabfb3c980b3de830460630434eeb,0,sample_step,0.000208523605335742,0.00032092161178588866,0.00011239800645014667,1.5390181426662735,0.00011239800645014667,1.5390181426662735
ianus_prefill-1024xdecode_512_ops_trace.csv,decode,0,0,7,PIM1,pim,6,"V:1,SV:1,LN:-1,FFN_W1:1,SwiGLU:1,FFN_W2:0",0.005363321729296461,3.3117e-05,pim|decode|0|016e8acce089f109420138ec5b8e8adb,0,sample_step,0.005363321729296461,3.3117e-05,-0.005330204729296461,0.0061747181451193974,-0.005330204729296461,0.0061747181451193974
ianus_prefill-1024xdecode_512_ops_trace.csv,decode,0,0,8,PIM0,pim,6,"LN:-1,V:0,SV:0,O:1,FFN_W1:0,FFN_W2:1",0.006193572824087958,3.6676e-05,pim|decode|0|731d391a82ee0cb7f0755396c849b1dc,0,sample_step,0.006193572824087958,3.6676e-05,-0.006156896824087958,0.00592162246924105,-0.006156896824087958,0.00592162246924105
ianus_prefill-1024xdecode_512_ops_trace.csv,decode,0,0,8,GPU0,npu,14,"Q:0,K:0,Q:1,K:1,QK:0,QK:1,Softmax:0,Softmax:1,O:0,Add:-1,FFN_W3:0,FFN_W3:1,SwiGLU:0,Add:-1",0.000208523605335742,0.00032092161178588866,npu|decode|0|671eabfb3c980b3de830460630434eeb,0,sample_step,0.000208523605335742,0.00032092161178588866,0.00011239800645014667,1.5390181426662735,0.00011239800645014667,1.5390181426662735
ianus_prefill-1024xdecode_512_ops_trace.csv,decode,0,0,8,PIM1,pim,6,"V:1,SV:1,LN:-1,FFN_W1:1,SwiGLU:1,FFN_W2:0",0.005363321729296461,3.3117e-05,pim|decode|0|016e8acce089f109420138ec5b8e8adb,0,sample_step,0.005363321729296461,3.3117e-05,-0.005330204729296461,0.0061747181451193974,-0.005330204729296461,0.0061747181451193974
ianus_prefill-1024xdecode_512_ops_trace.csv,decode,0,0,9,PIM0,pim,6,"LN:-1,V:0,SV:0,O:1,FFN_W1:0,FFN_W2:1",0.006193572824087958,3.6676e-05,pim|decode|0|731d391a82ee0cb7f0755396c849b1dc,0,sample_step,0.006193572824087958,3.6676e-05,-0.006156896824087958,0.00592162246924105,-0.006156896824087958,0.00592162246924105
ianus_prefill-1024xdecode_512_ops_trace.csv,decode,0,0,9,GPU0,npu,14,"Q:0,K:0,Q:1,K:1,QK:0,QK:1,Softmax:0,Softmax:1,O:0,Add:-1,FFN_W3:0,FFN_W3:1,SwiGLU:0,Add:-1",0.000208523605335742,0.00032092161178588866,npu|decode|0|671eabfb3c980b3de830460630434eeb,0,sample_step,0.000208523605335742,0.00032092161178588866,0.00011239800645014667,1.5390181426662735,0.00011239800645014667,1.5390181426662735
ianus_prefill-1024xdecode_512_ops_trace.csv,decode,0,0,9,PIM1,pim,6,"V:1,SV:1,LN:-1,FFN_W1:1,SwiGLU:1,FFN_W2:0",0.005363321729296461,3.3117e-05,pim|decode|0|016e8acce089f109420138ec5b8e8adb,0,sample_step,0.005363321729296461,3.3117e-05,-0.005330204729296461,0.0061747181451193974,-0.005330204729296461,0.0061747181451193974
ianus_prefill-1024xdecode_512_ops_trace.csv,decode,0,0,10,PIM0,pim,6,"LN:-1,V:0,SV:0,O:1,FFN_W1:0,FFN_W2:1",0.006193572824087958,3.6676e-05,pim|decode|0|731d391a82ee0cb7f0755396c849b1dc,0,sample_step,0.006193572824087958,3.6676e-05,-0.006156896824087958,0.00592162246924105,-0.006156896824087958,0.00592162246924105
ianus_prefill-1024xdecode_512_ops_trace.csv,decode,0,0,10,GPU0,npu,14,"Q:0,K:0,Q:1,K:1,QK:0,QK:1,Softmax:0,Softmax:1,O:0,Add:-1,FFN_W3:0,FFN_W3:1,SwiGLU:0,Add:-1",0.000208523605335742,0.00032092161178588866,npu|decode|0|671eabfb3c980b3de830460630434eeb,0,sample_step,0.000208523605335742,0.00032092161178588866,0.00011239800645014667,1.5390181426662735,0.00011239800645014667,1.5390181426662735
ianus_prefill-1024xdecode_512_ops_trace.csv,decode,0,0,10,PIM1,pim,6,"V:1,SV:1,LN:-1,FFN_W1:1,SwiGLU:1,FFN_W2:0",0.005363321729296461,3.3117e-05,pim|decode|0|016e8acce089f109420138ec5b8e8adb,0,sample_step,0.005363321729296461,3.3117e-05,-0.005330204729296461,0.0061747181451193974,-0.005330204729296461,0.0061747181451193974
ianus_prefill-1024xdecode_512_ops_trace.csv,decode,0,0,11,PIM0,pim,6,"LN:-1,V:0,SV:0,O:1,FFN_W1:0,FFN_W2:1",0.006193572824087958,3.6676e-05,pim|decode|0|731d391a82ee0cb7f0755396c849b1dc,0,sample_step,0.006193572824087958,3.6676e-05,-0.006156896824087958,0.00592162246924105,-0.006156896824087958,0.00592162246924105
ianus_prefill-1024xdecode_512_ops_trace.csv,decode,0,0,11,GPU0,npu,14,"Q:0,K:0,Q:1,K:1,QK:0,QK:1,Softmax:0,Softmax:1,O:0,Add:-1,FFN_W3:0,FFN_W3:1,SwiGLU:0,Add:-1",0.000208523605335742,0.00032092161178588866,npu|decode|0|671eabfb3c980b3de830460630434eeb,0,sample_step,0.000208523605335742,0.00032092161178588866,0.00011239800645014667,1.5390181426662735,0.00011239800645014667,1.5390181426662735
ianus_prefill-1024xdecode_512_ops_trace.csv,decode,0,0,11,PIM1,pim,6,"V:1,SV:1,LN:-1,FFN_W1:1,SwiGLU:1,FFN_W2:0",0.005363321729296461,3.3117e-05,pim|decode|0|016e8acce089f109420138ec5b8e8adb,0,sample_step,0.005363321729296461,3.3117e-05,-0.005330204729296461,0.0061747181451193974,-0.005330204729296461,0.0061747181451193974
ianus_prefill-1024xdecode_512_ops_trace.csv,decode,0,0,12,PIM0,pim,6,"LN:-1,V:0,SV:0,O:1,FFN_W1:0,FFN_W2:1",0.006193572824087958,3.6676e-05,pim|decode|0|731d391a82ee0cb7f0755396c849b1dc,0,sample_step,0.006193572824087958,3.6676e-05,-0.006156896824087958,0.00592162246924105,-0.006156896824087958,0.00592162246924105
ianus_prefill-1024xdecode_512_ops_trace.csv,decode,0,0,12,GPU0,npu,14,"Q:0,K:0,Q:1,K:1,QK:0,QK:1,Softmax:0,Softmax:1,O:0,Add:-1,FFN_W3:0,FFN_W3:1,SwiGLU:0,Add:-1",0.000208523605335742,0.00032092161178588866,npu|decode|0|671eabfb3c980b3de830460630434eeb,0,sample_step,0.000208523605335742,0.00032092161178588866,0.00011239800645014667,1.5390181426662735,0.00011239800645014667,1.5390181426662735
ianus_prefill-1024xdecode_512_ops_trace.csv,decode,0,0,12,PIM1,pim,6,"V:1,SV:1,LN:-1,FFN_W1:1,SwiGLU:1,FFN_W2:0",0.005363321729296461,3.3117e-05,pim|decode|0|016e8acce089f109420138ec5b8e8adb,0,sample_step,0.005363321729296461,3.3117e-05,-0.005330204729296461,0.0061747181451193974,-0.005330204729296461,0.0061747181451193974
ianus_prefill-1024xdecode_512_ops_trace.csv,decode,0,0,13,PIM0,pim,6,"LN:-1,V:0,SV:0,O:1,FFN_W1:0,FFN_W2:1",0.006193572824087958,3.6676e-05,pim|decode|0|731d391a82ee0cb7f0755396c849b1dc,0,sample_step,0.006193572824087958,3.6676e-05,-0.006156896824087958,0.00592162246924105,-0.006156896824087958,0.00592162246924105
ianus_prefill-1024xdecode_512_ops_trace.csv,decode,0,0,13,GPU0,npu,14,"Q:0,K:0,Q:1,K:1,QK:0,QK:1,Softmax:0,Softmax:1,O:0,Add:-1,FFN_W3:0,FFN_W3:1,SwiGLU:0,Add:-1",0.000208523605335742,0.00032092161178588866,npu|decode|0|671eabfb3c980b3de830460630434eeb,0,sample_step,0.000208523605335742,0.00032092161178588866,0.00011239800645014667,1.5390181426662735,0.00011239800645014667,1.5390181426662735
ianus_prefill-1024xdecode_512_ops_trace.csv,decode,0,0,13,PIM1,pim,6,"V:1,SV:1,LN:-1,FFN_W1:1,SwiGLU:1,FFN_W2:0",0.005363321729296461,3.3117e-05,pim|decode|0|016e8acce089f109420138ec5b8e8adb,0,sample_step,0.005363321729296461,3.3117e-05,-0.005330204729296461,0.0061747181451193974,-0.005330204729296461,0.0061747181451193974
ianus_prefill-1024xdecode_512_ops_trace.csv,decode,0,0,14,PIM0,pim,6,"LN:-1,V:0,SV:0,O:1,FFN_W1:0,FFN_W2:1",0.006193572824087958,3.6676e-05,pim|decode|0|731d391a82ee0cb7f0755396c849b1dc,0,sample_step,0.006193572824087958,3.6676e-05,-0.006156896824087958,0.00592162246924105,-0.006156896824087958,0.00592162246924105
ianus_prefill-1024xdecode_512_ops_trace.csv,decode,0,0,14,GPU0,npu,14,"Q:0,K:0,Q:1,K:1,QK:0,QK:1,Softmax:0,Softmax:1,O:0,Add:-1,FFN_W3:0,FFN_W3:1,SwiGLU:0,Add:-1",0.000208523605335742,0.00032092161178588866,npu|decode|0|671eabfb3c980b3de830460630434eeb,0,sample_step,0.000208523605335742,0.00032092161178588866,0.00011239800645014667,1.5390181426662735,0.00011239800645014667,1.5390181426662735
ianus_prefill-1024xdecode_512_ops_trace.csv,decode,0,0,14,PIM1,pim,6,"V:1,SV:1,LN:-1,FFN_W1:1,SwiGLU:1,FFN_W2:0",0.005363321729296461,3.3117e-05,pim|decode|0|016e8acce089f109420138ec5b8e8adb,0,sample_step,0.005363321729296461,3.3117e-05,-0.005330204729296461,0.0061747181451193974,-0.005330204729296461,0.0061747181451193974
ianus_prefill-1024xdecode_512_ops_trace.csv,decode,0,0,15,PIM0,pim,6,"LN:-1,V:0,SV:0,O:1,FFN_W1:0,FFN_W2:1",0.006193572824087958,3.6676e-05,pim|decode|0|731d391a82ee0cb7f0755396c849b1dc,0,sample_step,0.006193572824087958,3.6676e-05,-0.006156896824087958,0.00592162246924105,-0.006156896824087958,0.00592162246924105
ianus_prefill-1024xdecode_512_ops_trace.csv,decode,0,0,15,GPU0,npu,14,"Q:0,K:0,Q:1,K:1,QK:0,QK:1,Softmax:0,Softmax:1,O:0,Add:-1,FFN_W3:0,FFN_W3:1,SwiGLU:0,Add:-1",0.000208523605335742,0.00032092161178588866,npu|decode|0|671eabfb3c980b3de830460630434eeb,0,sample_step,0.000208523605335742,0.00032092161178588866,0.00011239800645014667,1.5390181426662735,0.00011239800645014667,1.5390181426662735
ianus_prefill-1024xdecode_512_ops_trace.csv,decode,0,0,15,PIM1,pim,6,"V:1,SV:1,LN:-1,FFN_W1:1,SwiGLU:1,FFN_W2:0",0.005363321729296461,3.3117e-05,pim|decode|0|016e8acce089f109420138ec5b8e8adb,0,sample_step,0.005363321729296461,3.3117e-05,-0.005330204729296461,0.0061747181451193974,-0.005330204729296461,0.0061747181451193974
ianus_prefill-1024xdecode_512_ops_trace.csv,decode,0,0,16,PIM0,pim,6,"LN:-1,V:0,SV:0,O:1,FFN_W1:0,FFN_W2:1",0.006193572824087958,3.6676e-05,pim|decode|0|731d391a82ee0cb7f0755396c849b1dc,0,sample_step,0.006193572824087958,3.6676e-05,-0.006156896824087958,0.00592162246924105,-0.006156896824087958,0.00592162246924105
ianus_prefill-1024xdecode_512_ops_trace.csv,decode,0,0,16,GPU0,npu,14,"Q:0,K:0,Q:1,K:1,QK:0,QK:1,Softmax:0,Softmax:1,O:0,Add:-1,FFN_W3:0,FFN_W3:1,SwiGLU:0,Add:-1",0.000208523605335742,0.00032092161178588866,npu|decode|0|671eabfb3c980b3de830460630434eeb,0,sample_step,0.000208523605335742,0.00032092161178588866,0.00011239800645014667,1.5390181426662735,0.00011239800645014667,1.5390181426662735
ianus_prefill-1024xdecode_512_ops_trace.csv,decode,0,0,16,PIM1,pim,6,"V:1,SV:1,LN:-1,FFN_W1:1,SwiGLU:1,FFN_W2:0",0.005363321729296461,3.3117e-05,pim|decode|0|016e8acce089f109420138ec5b8e8adb,0,sample_step,0.005363321729296461,3.3117e-05,-0.005330204729296461,0.0061747181451193974,-0.005330204729296461,0.0061747181451193974
ianus_prefill-1024xdecode_512_ops_trace.csv,decode,0,0,17,PIM0,pim,6,"LN:-1,V:0,SV:0,O:1,FFN_W1:0,FFN_W2:1",0.006193572824087958,3.6676e-05,pim|decode|0|731d391a82ee0cb7f0755396c849b1dc,0,sample_step,0.006193572824087958,3.6676e-05,-0.006156896824087958,0.00592162246924105,-0.006156896824087958,0.00592162246924105
ianus_prefill-1024xdecode_512_ops_trace.csv,decode,0,0,17,GPU0,npu,14,"Q:0,K:0,Q:1,K:1,QK:0,QK:1,Softmax:0,Softmax:1,O:0,Add:-1,FFN_W3:0,FFN_W3:1,SwiGLU:0,Add:-1",0.000208523605335742,0.00032092161178588866,npu|decode|0|671eabfb3c980b3de830460630434eeb,0,sample_step,0.000208523605335742,0.00032092161178588866,0.00011239800645014667,1.5390181426662735,0.00011239800645014667,1.5390181426662735
ianus_prefill-1024xdecode_512_ops_trace.csv,decode,0,0,17,PIM1,pim,6,"V:1,SV:1,LN:-1,FFN_W1:1,SwiGLU:1,FFN_W2:0",0.005363321729296461,3.3117e-05,pim|decode|0|016e8acce089f109420138ec5b8e8adb,0,sample_step,0.005363321729296461,3.3117e-05,-0.005330204729296461,0.0061747181451193974,-0.005330204729296461,0.0061747181451193974
ianus_prefill-1024xdecode_512_ops_trace.csv,decode,0,0,18,PIM0,pim,6,"LN:-1,V:0,SV:0,O:1,FFN_W1:0,FFN_W2:1",0.006193572824087958,3.6676e-05,pim|decode|0|731d391a82ee0cb7f0755396c849b1dc,0,sample_step,0.006193572824087958,3.6676e-05,-0.006156896824087958,0.00592162246924105,-0.006156896824087958,0.00592162246924105
ianus_prefill-1024xdecode_512_ops_trace.csv,decode,0,0,18,GPU0,npu,14,"Q:0,K:0,Q:1,K:1,QK:0,QK:1,Softmax:0,Softmax:1,O:0,Add:-1,FFN_W3:0,FFN_W3:1,SwiGLU:0,Add:-1",0.000208523605335742,0.00032092161178588866,npu|decode|0|671eabfb3c980b3de830460630434eeb,0,sample_step,0.000208523605335742,0.00032092161178588866,0.00011239800645014667,1.5390181426662735,0.00011239800645014667,1.5390181426662735
ianus_prefill-1024xdecode_512_ops_trace.csv,decode,0,0,18,PIM1,pim,6,"V:1,SV:1,LN:-1,FFN_W1:1,SwiGLU:1,FFN_W2:0",0.005363321729296461,3.3117e-05,pim|decode|0|016e8acce089f109420138ec5b8e8adb,0,sample_step,0.005363321729296461,3.3117e-05,-0.005330204729296461,0.0061747181451193974,-0.005330204729296461,0.0061747181451193974
ianus_prefill-1024xdecode_512_ops_trace.csv,decode,0,0,19,PIM0,pim,6,"LN:-1,V:0,SV:0,O:1,FFN_W1:0,FFN_W2:1",0.006193572824087958,3.6676e-05,pim|decode|0|731d391a82ee0cb7f0755396c849b1dc,0,sample_step,0.006193572824087958,3.6676e-05,-0.006156896824087958,0.00592162246924105,-0.006156896824087958,0.00592162246924105
ianus_prefill-1024xdecode_512_ops_trace.csv,decode,0,0,19,GPU0,npu,14,"Q:0,K:0,Q:1,K:1,QK:0,QK:1,Softmax:0,Softmax:1,O:0,Add:-1,FFN_W3:0,FFN_W3:1,SwiGLU:0,Add:-1",0.000208523605335742,0.00032092161178588866,npu|decode|0|671eabfb3c980b3de830460630434eeb,0,sample_step,0.000208523605335742,0.00032092161178588866,0.00011239800645014667,1.5390181426662735,0.00011239800645014667,1.5390181426662735
ianus_prefill-1024xdecode_512_ops_trace.csv,decode,0,0,19,PIM1,pim,6,"V:1,SV:1,LN:-1,FFN_W1:1,SwiGLU:1,FFN_W2:0",0.005363321729296461,3.3117e-05,pim|decode|0|016e8acce089f109420138ec5b8e8adb,0,sample_step,0.005363321729296461,3.3117e-05,-0.005330204729296461,0.0061747181451193974,-0.005330204729296461,0.0061747181451193974
ianus_prefill-1024xdecode_512_ops_trace.csv,decode,0,0,20,PIM0,pim,6,"LN:-1,V:0,SV:0,O:1,FFN_W1:0,FFN_W2:1",0.006193572824087958,3.6676e-05,pim|decode|0|731d391a82ee0cb7f0755396c849b1dc,0,sample_step,0.006193572824087958,3.6676e-05,-0.006156896824087958,0.00592162246924105,-0.006156896824087958,0.00592162246924105
ianus_prefill-1024xdecode_512_ops_trace.csv,decode,0,0,20,GPU0,npu,14,"Q:0,K:0,Q:1,K:1,QK:0,QK:1,Softmax:0,Softmax:1,O:0,Add:-1,FFN_W3:0,FFN_W3:1,SwiGLU:0,Add:-1",0.000208523605335742,0.00032092161178588866,npu|decode|0|671eabfb3c980b3de830460630434eeb,0,sample_step,0.000208523605335742,0.00032092161178588866,0.00011239800645014667,1.5390181426662735,0.00011239800645014667,1.5390181426662735
ianus_prefill-1024xdecode_512_ops_trace.csv,decode,0,0,20,PIM1,pim,6,"V:1,SV:1,LN:-1,FFN_W1:1,SwiGLU:1,FFN_W2:0",0.005363321729296461,3.3117e-05,pim|decode|0|016e8acce089f109420138ec5b8e8adb,0,sample_step,0.005363321729296461,3.3117e-05,-0.005330204729296461,0.0061747181451193974,-0.005330204729296461,0.0061747181451193974
ianus_prefill-1024xdecode_512_ops_trace.csv,decode,0,0,21,PIM0,pim,6,"LN:-1,V:0,SV:0,O:1,FFN_W1:0,FFN_W2:1",0.006193572824087958,3.6676e-05,pim|decode|0|731d391a82ee0cb7f0755396c849b1dc,0,sample_step,0.006193572824087958,3.6676e-05,-0.006156896824087958,0.00592162246924105,-0.006156896824087958,0.00592162246924105
ianus_prefill-1024xdecode_512_ops_trace.csv,decode,0,0,21,GPU0,npu,14,"Q:0,K:0,Q:1,K:1,QK:0,QK:1,Softmax:0,Softmax:1,O:0,Add:-1,FFN_W3:0,FFN_W3:1,SwiGLU:0,Add:-1",0.000208523605335742,0.00032092161178588866,npu|decode|0|671eabfb3c980b3de830460630434eeb,0,sample_step,0.000208523605335742,0.00032092161178588866,0.00011239800645014667,1.5390181426662735,0.00011239800645014667,1.5390181426662735
ianus_prefill-1024xdecode_512_ops_trace.csv,decode,0,0,21,PIM1,pim,6,"V:1,SV:1,LN:-1,FFN_W1:1,SwiGLU:1,FFN_W2:0",0.005363321729296461,3.3117e-05,pim|decode|0|016e8acce089f109420138ec5b8e8adb,0,sample_step,0.005363321729296461,3.3117e-05,-0.005330204729296461,0.0061747181451193974,-0.005330204729296461,0.0061747181451193974
ianus_prefill-1024xdecode_512_ops_trace.csv,decode,0,0,22,PIM0,pim,6,"LN:-1,V:0,SV:0,O:1,FFN_W1:0,FFN_W2:1",0.006193572824087958,3.6676e-05,pim|decode|0|731d391a82ee0cb7f0755396c849b1dc,0,sample_step,0.006193572824087958,3.6676e-05,-0.006156896824087958,0.00592162246924105,-0.006156896824087958,0.00592162246924105
ianus_prefill-1024xdecode_512_ops_trace.csv,decode,0,0,22,GPU0,npu,14,"Q:0,K:0,Q:1,K:1,QK:0,QK:1,Softmax:0,Softmax:1,O:0,Add:-1,FFN_W3:0,FFN_W3:1,SwiGLU:0,Add:-1",0.000208523605335742,0.00032092161178588866,npu|decode|0|671eabfb3c980b3de830460630434eeb,0,sample_step,0.000208523605335742,0.00032092161178588866,0.00011239800645014667,1.5390181426662735,0.00011239800645014667,1.5390181426662735
ianus_prefill-1024xdecode_512_ops_trace.csv,decode,0,0,22,PIM1,pim,6,"V:1,SV:1,LN:-1,FFN_W1:1,SwiGLU:1,FFN_W2:0",0.005363321729296461,3.3117e-05,pim|decode|0|016e8acce089f109420138ec5b8e8adb,0,sample_step,0.005363321729296461,3.3117e-05,-0.005330204729296461,0.0061747181451193974,-0.005330204729296461,0.0061747181451193974
ianus_prefill-1024xdecode_512_ops_trace.csv,decode,0,0,23,PIM0,pim,6,"LN:-1,V:0,SV:0,O:1,FFN_W1:0,FFN_W2:1",0.006193572824087958,3.6676e-05,pim|decode|0|731d391a82ee0cb7f0755396c849b1dc,0,sample_step,0.006193572824087958,3.6676e-05,-0.006156896824087958,0.00592162246924105,-0.006156896824087958,0.00592162246924105
ianus_prefill-1024xdecode_512_ops_trace.csv,decode,0,0,23,GPU0,npu,14,"Q:0,K:0,Q:1,K:1,QK:0,QK:1,Softmax:0,Softmax:1,O:0,Add:-1,FFN_W3:0,FFN_W3:1,SwiGLU:0,Add:-1",0.000208523605335742,0.00032092161178588866,npu|decode|0|671eabfb3c980b3de830460630434eeb,0,sample_step,0.000208523605335742,0.00032092161178588866,0.00011239800645014667,1.5390181426662735,0.00011239800645014667,1.5390181426662735
ianus_prefill-1024xdecode_512_ops_trace.csv,decode,0,0,23,PIM1,pim,6,"V:1,SV:1,LN:-1,FFN_W1:1,SwiGLU:1,FFN_W2:0",0.005363321729296461,3.3117e-05,pim|decode|0|016e8acce089f109420138ec5b8e8adb,0,sample_step,0.005363321729296461,3.3117e-05,-0.005330204729296461,0.0061747181451193974,-0.005330204729296461,0.0061747181451193974
ianus_prefill-1024xdecode_512_ops_trace.csv,decode,0,0,24,PIM0,pim,6,"LN:-1,V:0,SV:0,O:1,FFN_W1:0,FFN_W2:1",0.006193572824087958,3.6676e-05,pim|decode|0|731d391a82ee0cb7f0755396c849b1dc,0,sample_step,0.006193572824087958,3.6676e-05,-0.006156896824087958,0.00592162246924105,-0.006156896824087958,0.00592162246924105
ianus_prefill-1024xdecode_512_ops_trace.csv,decode,0,0,24,GPU0,npu,14,"Q:0,K:0,Q:1,K:1,QK:0,QK:1,Softmax:0,Softmax:1,O:0,Add:-1,FFN_W3:0,FFN_W3:1,SwiGLU:0,Add:-1",0.000208523605335742,0.00032092161178588866,npu|decode|0|671eabfb3c980b3de830460630434eeb,0,sample_step,0.000208523605335742,0.00032092161178588866,0.00011239800645014667,1.5390181426662735,0.00011239800645014667,1.5390181426662735
ianus_prefill-1024xdecode_512_ops_trace.csv,decode,0,0,24,PIM1,pim,6,"V:1,SV:1,LN:-1,FFN_W1:1,SwiGLU:1,FFN_W2:0",0.005363321729296461,3.3117e-05,pim|decode|0|016e8acce089f109420138ec5b8e8adb,0,sample_step,0.005363321729296461,3.3117e-05,-0.005330204729296461,0.0061747181451193974,-0.005330204729296461,0.0061747181451193974
ianus_prefill-1024xdecode_512_ops_trace.csv,decode,0,0,25,PIM0,pim,6,"LN:-1,V:0,SV:0,O:1,FFN_W1:0,FFN_W2:1",0.006193572824087958,3.6676e-05,pim|decode|0|731d391a82ee0cb7f0755396c849b1dc,0,sample_step,0.006193572824087958,3.6676e-05,-0.006156896824087958,0.00592162246924105,-0.006156896824087958,0.00592162246924105
ianus_prefill-1024xdecode_512_ops_trace.csv,decode,0,0,25,GPU0,npu,14,"Q:0,K:0,Q:1,K:1,QK:0,QK:1,Softmax:0,Softmax:1,O:0,Add:-1,FFN_W3:0,FFN_W3:1,SwiGLU:0,Add:-1",0.000208523605335742,0.00032092161178588866,npu|decode|0|671eabfb3c980b3de830460630434eeb,0,sample_step,0.000208523605335742,0.00032092161178588866,0.00011239800645014667,1.5390181426662735,0.00011239800645014667,1.5390181426662735
ianus_prefill-1024xdecode_512_ops_trace.csv,decode,0,0,25,PIM1,pim,6,"V:1,SV:1,LN:-1,FFN_W1:1,SwiGLU:1,FFN_W2:0",0.005363321729296461,3.3117e-05,pim|decode|0|016e8acce089f109420138ec5b8e8adb,0,sample_step,0.005363321729296461,3.3117e-05,-0.005330204729296461,0.0061747181451193974,-0.005330204729296461,0.0061747181451193974
ianus_prefill-1024xdecode_512_ops_trace.csv,decode,0,0,26,PIM0,pim,6,"LN:-1,V:0,SV:0,O:1,FFN_W1:0,FFN_W2:1",0.006193572824087958,3.6676e-05,pim|decode|0|731d391a82ee0cb7f0755396c849b1dc,0,sample_step,0.006193572824087958,3.6676e-05,-0.006156896824087958,0.00592162246924105,-0.006156896824087958,0.00592162246924105
ianus_prefill-1024xdecode_512_ops_trace.csv,decode,0,0,26,GPU0,npu,14,"Q:0,K:0,Q:1,K:1,QK:0,QK:1,Softmax:0,Softmax:1,O:0,Add:-1,FFN_W3:0,FFN_W3:1,SwiGLU:0,Add:-1",0.000208523605335742,0.00032092161178588866,npu|decode|0|671eabfb3c980b3de830460630434eeb,0,sample_step,0.000208523605335742,0.00032092161178588866,0.00011239800645014667,1.5390181426662735,0.00011239800645014667,1.5390181426662735
ianus_prefill-1024xdecode_512_ops_trace.csv,decode,0,0,26,PIM1,pim,6,"V:1,SV:1,LN:-1,FFN_W1:1,SwiGLU:1,FFN_W2:0",0.005363321729296461,3.3117e-05,pim|decode|0|016e8acce089f109420138ec5b8e8adb,0,sample_step,0.005363321729296461,3.3117e-05,-0.005330204729296461,0.0061747181451193974,-0.005330204729296461,0.0061747181451193974
ianus_prefill-1024xdecode_512_ops_trace.csv,decode,0,0,27,PIM0,pim,6,"LN:-1,V:0,SV:0,O:1,FFN_W1:0,FFN_W2:1",0.006193572824087958,3.6676e-05,pim|decode|0|731d391a82ee0cb7f0755396c849b1dc,0,sample_step,0.006193572824087958,3.6676e-05,-0.006156896824087958,0.00592162246924105,-0.006156896824087958,0.00592162246924105
ianus_prefill-1024xdecode_512_ops_trace.csv,decode,0,0,27,GPU0,npu,14,"Q:0,K:0,Q:1,K:1,QK:0,QK:1,Softmax:0,Softmax:1,O:0,Add:-1,FFN_W3:0,FFN_W3:1,SwiGLU:0,Add:-1",0.000208523605335742,0.00032092161178588866,npu|decode|0|671eabfb3c980b3de830460630434eeb,0,sample_step,0.000208523605335742,0.00032092161178588866,0.00011239800645014667,1.5390181426662735,0.00011239800645014667,1.5390181426662735
ianus_prefill-1024xdecode_512_ops_trace.csv,decode,0,0,27,PIM1,pim,6,"V:1,SV:1,LN:-1,FFN_W1:1,SwiGLU:1,FFN_W2:0",0.005363321729296461,3.3117e-05,pim|decode|0|016e8acce089f109420138ec5b8e8adb,0,sample_step,0.005363321729296461,3.3117e-05,-0.005330204729296461,0.0061747181451193974,-0.005330204729296461,0.0061747181451193974
ianus_prefill-1024xdecode_512_ops_trace.csv,decode,0,0,28,PIM0,pim,6,"LN:-1,V:0,SV:0,O:1,FFN_W1:0,FFN_W2:1",0.006193572824087958,3.6676e-05,pim|decode|0|731d391a82ee0cb7f0755396c849b1dc,0,sample_step,0.006193572824087958,3.6676e-05,-0.006156896824087958,0.00592162246924105,-0.006156896824087958,0.00592162246924105
ianus_prefill-1024xdecode_512_ops_trace.csv,decode,0,0,28,GPU0,npu,14,"Q:0,K:0,Q:1,K:1,QK:0,QK:1,Softmax:0,Softmax:1,O:0,Add:-1,FFN_W3:0,FFN_W3:1,SwiGLU:0,Add:-1",0.000208523605335742,0.00032092161178588866,npu|decode|0|671eabfb3c980b3de830460630434eeb,0,sample_step,0.000208523605335742,0.00032092161178588866,0.00011239800645014667,1.5390181426662735,0.00011239800645014667,1.5390181426662735
ianus_prefill-1024xdecode_512_ops_trace.csv,decode,0,0,28,PIM1,pim,6,"V:1,SV:1,LN:-1,FFN_W1:1,SwiGLU:1,FFN_W2:0",0.005363321729296461,3.3117e-05,pim|decode|0|016e8acce089f109420138ec5b8e8adb,0,sample_step,0.005363321729296461,3.3117e-05,-0.005330204729296461,0.0061747181451193974,-0.005330204729296461,0.0061747181451193974
ianus_prefill-1024xdecode_512_ops_trace.csv,decode,0,0,29,PIM0,pim,6,"LN:-1,V:0,SV:0,O:1,FFN_W1:0,FFN_W2:1",0.006193572824087958,3.6676e-05,pim|decode|0|731d391a82ee0cb7f0755396c849b1dc,0,sample_step,0.006193572824087958,3.6676e-05,-0.006156896824087958,0.00592162246924105,-0.006156896824087958,0.00592162246924105
ianus_prefill-1024xdecode_512_ops_trace.csv,decode,0,0,29,GPU0,npu,14,"Q:0,K:0,Q:1,K:1,QK:0,QK:1,Softmax:0,Softmax:1,O:0,Add:-1,FFN_W3:0,FFN_W3:1,SwiGLU:0,Add:-1",0.000208523605335742,0.00032092161178588866,npu|decode|0|671eabfb3c980b3de830460630434eeb,0,sample_step,0.000208523605335742,0.00032092161178588866,0.00011239800645014667,1.5390181426662735,0.00011239800645014667,1.5390181426662735
ianus_prefill-1024xdecode_512_ops_trace.csv,decode,0,0,29,PIM1,pim,6,"V:1,SV:1,LN:-1,FFN_W1:1,SwiGLU:1,FFN_W2:0",0.005363321729296461,3.3117e-05,pim|decode|0|016e8acce089f109420138ec5b8e8adb,0,sample_step,0.005363321729296461,3.3117e-05,-0.005330204729296461,0.0061747181451193974,-0.005330204729296461,0.0061747181451193974
ianus_prefill-1024xdecode_512_ops_trace.csv,decode,0,0,30,PIM0,pim,6,"LN:-1,V:0,SV:0,O:1,FFN_W1:0,FFN_W2:1",0.006193572824087958,3.6676e-05,pim|decode|0|731d391a82ee0cb7f0755396c849b1dc,0,sample_step,0.006193572824087958,3.6676e-05,-0.006156896824087958,0.00592162246924105,-0.006156896824087958,0.00592162246924105
ianus_prefill-1024xdecode_512_ops_trace.csv,decode,0,0,30,GPU0,npu,14,"Q:0,K:0,Q:1,K:1,QK:0,QK:1,Softmax:0,Softmax:1,O:0,Add:-1,FFN_W3:0,FFN_W3:1,SwiGLU:0,Add:-1",0.000208523605335742,0.00032092161178588866,npu|decode|0|671eabfb3c980b3de830460630434eeb,0,sample_step,0.000208523605335742,0.00032092161178588866,0.00011239800645014667,1.5390181426662735,0.00011239800645014667,1.5390181426662735
ianus_prefill-1024xdecode_512_ops_trace.csv,decode,0,0,30,PIM1,pim,6,"V:1,SV:1,LN:-1,FFN_W1:1,SwiGLU:1,FFN_W2:0",0.005363321729296461,3.3117e-05,pim|decode|0|016e8acce089f109420138ec5b8e8adb,0,sample_step,0.005363321729296461,3.3117e-05,-0.005330204729296461,0.0061747181451193974,-0.005330204729296461,0.0061747181451193974
ianus_prefill-1024xdecode_512_ops_trace.csv,decode,0,0,31,PIM0,pim,6,"LN:-1,V:0,SV:0,O:1,FFN_W1:0,FFN_W2:1",0.006193572824087958,3.6676e-05,pim|decode|0|731d391a82ee0cb7f0755396c849b1dc,0,sample_step,0.006193572824087958,3.6676e-05,-0.006156896824087958,0.00592162246924105,-0.006156896824087958,0.00592162246924105
ianus_prefill-1024xdecode_512_ops_trace.csv,decode,0,0,31,GPU0,npu,14,"Q:0,K:0,Q:1,K:1,QK:0,QK:1,Softmax:0,Softmax:1,O:0,Add:-1,FFN_W3:0,FFN_W3:1,SwiGLU:0,Add:-1",0.000208523605335742,0.00032092161178588866,npu|decode|0|671eabfb3c980b3de830460630434eeb,0,sample_step,0.000208523605335742,0.00032092161178588866,0.00011239800645014667,1.5390181426662735,0.00011239800645014667,1.5390181426662735
ianus_prefill-1024xdecode_512_ops_trace.csv,decode,0,0,31,PIM1,pim,6,"V:1,SV:1,LN:-1,FFN_W1:1,SwiGLU:1,FFN_W2:0",0.005363321729296461,3.3117e-05,pim|decode|0|016e8acce089f109420138ec5b8e8adb,0,sample_step,0.005363321729296461,3.3117e-05,-0.005330204729296461,0.0061747181451193974,-0.005330204729296461,0.0061747181451193974
ianus_prefill-1024xdecode_512_ops_trace.csv,decode,1,1,0,GPU0,npu,15,"LN:-1,Q:0,K:0,Q:1,K:1,QK:0,QK:1,Softmax:0,Softmax:1,O:0,Add:-1,FFN_W3:0,FFN_W3:1,SwiGLU:0,Add:-1",0.0002438342007702321,0.00036136960983276366,npu|decode|1|2a5538c8f9df4db4add3d84eaac8c78a,1,sample_step,0.015361554648524622,0.02276628541946411,0.00011753540906253156,1.482030037998183,0.007404730770939488,1.482030037998183
ianus_prefill-1024xdecode_512_ops_trace.csv,decode,1,1,0,PIM0,pim,5,"V:0,SV:0,O:1,FFN_W1:0,FFN_W2:1",0.000289929348083362,3.5362e-05,pim|decode|1|ebea3d96ba5f955b87a93b12b17bba6f,1,sample_step,0.018265548929251807,0.0022278059999999997,-0.000254567348083362,0.12196764568253549,-0.016037742929251808,0.12196764568253549
ianus_prefill-1024xdecode_512_ops_trace.csv,decode,1,1,0,PIM1,pim,6,"V:1,SV:1,LN:-1,FFN_W1:1,SwiGLU:1,FFN_W2:0",0.00027101567376708324,3.3117e-05,pim|decode|1|016e8acce089f109420138ec5b8e8adb,1,sample_step,0.017073987447326244,0.002086371,-0.00023789867376708325,0.12219588461315883,-0.014987616447326244,0.12219588461315883
ianus_prefill-1024xdecode_512_ops_trace.csv,decode,1,1,1,PIM0,pim,6,"LN:-1,V:0,SV:0,O:1,FFN_W1:0,FFN_W2:1",0.0003004413480833801,3.6676e-05,pim|decode|1|731d391a82ee0cb7f0755396c849b1dc,1,sample_step,0.018927804929252945,0.002310588,-0.00026376534808338005,0.12207374329122461,-0.016617216929252946,0.12207374329122463
ianus_prefill-1024xdecode_512_ops_trace.csv,decode,1,1,1,GPU0,npu,14,"Q:0,K:0,Q:1,K:1,QK:0,QK:1,Softmax:0,Softmax:1,O:0,Add:-1,FFN_W3:0,FFN_W3:1,SwiGLU:0,Add:-1",0.00020852459612541452,0.00032143359184265137,npu|decode|1|671eabfb3c980b3de830460630434eeb,1,sample_step,0.013137049555901115,0.020250316286087037,0.00011290899571723685,1.5414660803338958,0.007113266730185922,1.5414660803338958
ianus_prefill-1024xdecode_512_ops_trace.csv,decode,1,1,1,PIM1,pim,6,"V:1,SV:1,LN:-1,FFN_W1:1,SwiGLU:1,FFN_W2:0",0.00027101567376708324,3.3117e-05,pim|decode|1|016e8acce089f109420138ec5b8e8adb,1,sample_step,0.017073987447326244,0.002086371,-0.00023789867376708325,0.12219588461315883,-0.014987616447326244,0.12219588461315883
ianus_prefill-1024xdecode_512_ops_trace.csv,decode,1,1,2,PIM0,pim,6,"LN:-1,V:0,SV:0,O:1,FFN_W1:0,FFN_W2:1",0.0003004413480833801,3.6676e-05,pim|decode|1|731d391a82ee0cb7f0755396c849b1dc,1,sample_step,0.018927804929252945,0.002310588,-0.00026376534808338005,0.12207374329122461,-0.016617216929252946,0.12207374329122463
ianus_prefill-1024xdecode_512_ops_trace.csv,decode,1,1,2,GPU0,npu,14,"Q:0,K:0,Q:1,K:1,QK:0,QK:1,Softmax:0,Softmax:1,O:0,Add:-1,FFN_W3:0,FFN_W3:1,SwiGLU:0,Add:-1",0.00020852459612541452,0.00032143359184265137,npu|decode|1|671eabfb3c980b3de830460630434eeb,1,sample_step,0.013137049555901115,0.020250316286087037,0.00011290899571723685,1.5414660803338958,0.007113266730185922,1.5414660803338958
ianus_prefill-1024xdecode_512_ops_trace.csv,decode,1,1,2,PIM1,pim,6,"V:1,SV:1,LN:-1,FFN_W1:1,SwiGLU:1,FFN_W2:0",0.00027101567376708324,3.3117e-05,pim|decode|1|016e8acce089f109420138ec5b8e8adb,1,sample_step,0.017073987447326244,0.002086371,-0.00023789867376708325,0.12219588461315883,-0.014987616447326244,0.12219588461315883
ianus_prefill-1024xdecode_512_ops_trace.csv,decode,1,1,3,PIM0,pim,6,"LN:-1,V:0,SV:0,O:1,FFN_W1:0,FFN_W2:1",0.0003004413480833801,3.6676e-05,pim|decode|1|731d391a82ee0cb7f0755396c849b1dc,1,sample_step,0.018927804929252945,0.002310588,-0.00026376534808338005,0.12207374329122461,-0.016617216929252946,0.12207374329122463
ianus_prefill-1024xdecode_512_ops_trace.csv,decode,1,1,3,GPU0,npu,14,"Q:0,K:0,Q:1,K:1,QK:0,QK:1,Softmax:0,Softmax:1,O:0,Add:-1,FFN_W3:0,FFN_W3:1,SwiGLU:0,Add:-1",0.00020852459612541452,0.00032143359184265137,npu|decode|1|671eabfb3c980b3de830460630434eeb,1,sample_step,0.013137049555901115,0.020250316286087037,0.00011290899571723685,1.5414660803338958,0.007113266730185922,1.5414660803338958
ianus_prefill-1024xdecode_512_ops_trace.csv,decode,1,1,3,PIM1,pim,6,"V:1,SV:1,LN:-1,FFN_W1:1,SwiGLU:1,FFN_W2:0",0.00027101567376708324,3.3117e-05,pim|decode|1|016e8acce089f109420138ec5b8e8adb,1,sample_step,0.017073987447326244,0.002086371,-0.00023789867376708325,0.12219588461315883,-0.014987616447326244,0.12219588461315883
ianus_prefill-1024xdecode_512_ops_trace.csv,decode,1,1,4,PIM0,pim,6,"LN:-1,V:0,SV:0,O:1,FFN_W1:0,FFN_W2:1",0.0003004413480833801,3.6676e-05,pim|decode|1|731d391a82ee0cb7f0755396c849b1dc,1,sample_step,0.018927804929252945,0.002310588,-0.00026376534808338005,0.12207374329122461,-0.016617216929252946,0.12207374329122463
ianus_prefill-1024xdecode_512_ops_trace.csv,decode,1,1,4,GPU0,npu,14,"Q:0,K:0,Q:1,K:1,QK:0,QK:1,Softmax:0,Softmax:1,O:0,Add:-1,FFN_W3:0,FFN_W3:1,SwiGLU:0,Add:-1",0.00020852459612541452,0.00032143359184265137,npu|decode|1|671eabfb3c980b3de830460630434eeb,1,sample_step,0.013137049555901115,0.020250316286087037,0.00011290899571723685,1.5414660803338958,0.007113266730185922,1.5414660803338958
ianus_prefill-1024xdecode_512_ops_trace.csv,decode,1,1,4,PIM1,pim,6,"V:1,SV:1,LN:-1,FFN_W1:1,SwiGLU:1,FFN_W2:0",0.00027101567376708324,3.3117e-05,pim|decode|1|016e8acce089f109420138ec5b8e8adb,1,sample_step,0.017073987447326244,0.002086371,-0.00023789867376708325,0.12219588461315883,-0.014987616447326244,0.12219588461315883
ianus_prefill-1024xdecode_512_ops_trace.csv,decode,1,1,5,PIM0,pim,6,"LN:-1,V:0,SV:0,O:1,FFN_W1:0,FFN_W2:1",0.0003004413480833801,3.6676e-05,pim|decode|1|731d391a82ee0cb7f0755396c849b1dc,1,sample_step,0.018927804929252945,0.002310588,-0.00026376534808338005,0.12207374329122461,-0.016617216929252946,0.12207374329122463
ianus_prefill-1024xdecode_512_ops_trace.csv,decode,1,1,5,GPU0,npu,14,"Q:0,K:0,Q:1,K:1,QK:0,QK:1,Softmax:0,Softmax:1,O:0,Add:-1,FFN_W3:0,FFN_W3:1,SwiGLU:0,Add:-1",0.00020852459612541452,0.00032143359184265137,npu|decode|1|671eabfb3c980b3de830460630434eeb,1,sample_step,0.013137049555901115,0.020250316286087037,0.00011290899571723685,1.5414660803338958,0.007113266730185922,1.5414660803338958
ianus_prefill-1024xdecode_512_ops_trace.csv,decode,1,1,5,PIM1,pim,6,"V:1,SV:1,LN:-1,FFN_W1:1,SwiGLU:1,FFN_W2:0",0.00027101567376708324,3.3117e-05,pim|decode|1|016e8acce089f109420138ec5b8e8adb,1,sample_step,0.017073987447326244,0.002086371,-0.00023789867376708325,0.12219588461315883,-0.014987616447326244,0.12219588461315883
ianus_prefill-1024xdecode_512_ops_trace.csv,decode,1,1,6,PIM0,pim,6,"LN:-1,V:0,SV:0,O:1,FFN_W1:0,FFN_W2:1",0.0003004413480833801,3.6676e-05,pim|decode|1|731d391a82ee0cb7f0755396c849b1dc,1,sample_step,0.018927804929252945,0.002310588,-0.00026376534808338005,0.12207374329122461,-0.016617216929252946,0.12207374329122463
ianus_prefill-1024xdecode_512_ops_trace.csv,decode,1,1,6,GPU0,npu,14,"Q:0,K:0,Q:1,K:1,QK:0,QK:1,Softmax:0,Softmax:1,O:0,Add:-1,FFN_W3:0,FFN_W3:1,SwiGLU:0,Add:-1",0.00020852459612541452,0.00032143359184265137,npu|decode|1|671eabfb3c980b3de830460630434eeb,1,sample_step,0.013137049555901115,0.020250316286087037,0.00011290899571723685,1.5414660803338958,0.007113266730185922,1.5414660803338958
ianus_prefill-1024xdecode_512_ops_trace.csv,decode,1,1,6,PIM1,pim,6,"V:1,SV:1,LN:-1,FFN_W1:1,SwiGLU:1,FFN_W2:0",0.00027101567376708324,3.3117e-05,pim|decode|1|016e8acce089f109420138ec5b8e8adb,1,sample_step,0.017073987447326244,0.002086371,-0.00023789867376708325,0.12219588461315883,-0.014987616447326244,0.12219588461315883
ianus_prefill-1024xdecode_512_ops_trace.csv,decode,1,1,7,PIM0,pim,6,"LN:-1,V:0,SV:0,O:1,FFN_W1:0,FFN_W2:1",0.0003004413480833801,3.6676e-05,pim|decode|1|731d391a82ee0cb7f0755396c849b1dc,1,sample_step,0.018927804929252945,0.002310588,-0.00026376534808338005,0.12207374329122461,-0.016617216929252946,0.12207374329122463
ianus_prefill-1024xdecode_512_ops_trace.csv,decode,1,1,7,GPU0,npu,14,"Q:0,K:0,Q:1,K:1,QK:0,QK:1,Softmax:0,Softmax:1,O:0,Add:-1,FFN_W3:0,FFN_W3:1,SwiGLU:0,Add:-1",0.00020852459612541452,0.00032143359184265137,npu|decode|1|671eabfb3c980b3de830460630434eeb,1,sample_step,0.013137049555901115,0.020250316286087037,0.00011290899571723685,1.5414660803338958,0.007113266730185922,1.5414660803338958
ianus_prefill-1024xdecode_512_ops_trace.csv,decode,1,1,7,PIM1,pim,6,"V:1,SV:1,LN:-1,FFN_W1:1,SwiGLU:1,FFN_W2:0",0.00027101567376708324,3.3117e-05,pim|decode|1|016e8acce089f109420138ec5b8e8adb,1,sample_step,0.017073987447326244,0.002086371,-0.00023789867376708325,0.12219588461315883,-0.014987616447326244,0.12219588461315883
ianus_prefill-1024xdecode_512_ops_trace.csv,decode,1,1,8,PIM0,pim,6,"LN:-1,V:0,SV:0,O:1,FFN_W1:0,FFN_W2:1",0.0003004413480833801,3.6676e-05,pim|decode|1|731d391a82ee0cb7f0755396c849b1dc,1,sample_step,0.018927804929252945,0.002310588,-0.00026376534808338005,0.12207374329122461,-0.016617216929252946,0.12207374329122463
ianus_prefill-1024xdecode_512_ops_trace.csv,decode,1,1,8,GPU0,npu,14,"Q:0,K:0,Q:1,K:1,QK:0,QK:1,Softmax:0,Softmax:1,O:0,Add:-1,FFN_W3:0,FFN_W3:1,SwiGLU:0,Add:-1",0.00020852459612541452,0.00032143359184265137,npu|decode|1|671eabfb3c980b3de830460630434eeb,1,sample_step,0.013137049555901115,0.020250316286087037,0.00011290899571723685,1.5414660803338958,0.007113266730185922,1.5414660803338958
ianus_prefill-1024xdecode_512_ops_trace.csv,decode,1,1,8,PIM1,pim,6,"V:1,SV:1,LN:-1,FFN_W1:1,SwiGLU:1,FFN_W2:0",0.00027101567376708324,3.3117e-05,pim|decode|1|016e8acce089f109420138ec5b8e8adb,1,sample_step,0.017073987447326244,0.002086371,-0.00023789867376708325,0.12219588461315883,-0.014987616447326244,0.12219588461315883
ianus_prefill-1024xdecode_512_ops_trace.csv,decode,1,1,9,PIM0,pim,6,"LN:-1,V:0,SV:0,O:1,FFN_W1:0,FFN_W2:1",0.0003004413480833801,3.6676e-05,pim|decode|1|731d391a82ee0cb7f0755396c849b1dc,1,sample_step,0.018927804929252945,0.002310588,-0.00026376534808338005,0.12207374329122461,-0.016617216929252946,0.12207374329122463
ianus_prefill-1024xdecode_512_ops_trace.csv,decode,1,1,9,GPU0,npu,14,"Q:0,K:0,Q:1,K:1,QK:0,QK:1,Softmax:0,Softmax:1,O:0,Add:-1,FFN_W3:0,FFN_W3:1,SwiGLU:0,Add:-1",0.00020852459612541452,0.00032143359184265137,npu|decode|1|671eabfb3c980b3de830460630434eeb,1,sample_step,0.013137049555901115,0.020250316286087037,0.00011290899571723685,1.5414660803338958,0.007113266730185922,1.5414660803338958
ianus_prefill-1024xdecode_512_ops_trace.csv,decode,1,1,9,PIM1,pim,6,"V:1,SV:1,LN:-1,FFN_W1:1,SwiGLU:1,FFN_W2:0",0.00027101567376708324,3.3117e-05,pim|decode|1|016e8acce089f109420138ec5b8e8adb,1,sample_step,0.017073987447326244,0.002086371,-0.00023789867376708325,0.12219588461315883,-0.014987616447326244,0.12219588461315883
ianus_prefill-1024xdecode_512_ops_trace.csv,decode,1,1,10,PIM0,pim,6,"LN:-1,V:0,SV:0,O:1,FFN_W1:0,FFN_W2:1",0.0003004413480833801,3.6676e-05,pim|decode|1|731d391a82ee0cb7f0755396c849b1dc,1,sample_step,0.018927804929252945,0.002310588,-0.00026376534808338005,0.12207374329122461,-0.016617216929252946,0.12207374329122463
ianus_prefill-1024xdecode_512_ops_trace.csv,decode,1,1,10,GPU0,npu,14,"Q:0,K:0,Q:1,K:1,QK:0,QK:1,Softmax:0,Softmax:1,O:0,Add:-1,FFN_W3:0,FFN_W3:1,SwiGLU:0,Add:-1",0.00020852459612541452,0.00032143359184265137,npu|decode|1|671eabfb3c980b3de830460630434eeb,1,sample_step,0.013137049555901115,0.020250316286087037,0.00011290899571723685,1.5414660803338958,0.007113266730185922,1.5414660803338958
ianus_prefill-1024xdecode_512_ops_trace.csv,decode,1,1,10,PIM1,pim,6,"V:1,SV:1,LN:-1,FFN_W1:1,SwiGLU:1,FFN_W2:0",0.00027101567376708324,3.3117e-05,pim|decode|1|016e8acce089f109420138ec5b8e8adb,1,sample_step,0.017073987447326244,0.002086371,-0.00023789867376708325,0.12219588461315883,-0.014987616447326244,0.12219588461315883
ianus_prefill-1024xdecode_512_ops_trace.csv,decode,1,1,11,PIM0,pim,6,"LN:-1,V:0,SV:0,O:1,FFN_W1:0,FFN_W2:1",0.0003004413480833801,3.6676e-05,pim|decode|1|731d391a82ee0cb7f0755396c849b1dc,1,sample_step,0.018927804929252945,0.002310588,-0.00026376534808338005,0.12207374329122461,-0.016617216929252946,0.12207374329122463
ianus_prefill-1024xdecode_512_ops_trace.csv,decode,1,1,11,GPU0,npu,14,"Q:0,K:0,Q:1,K:1,QK:0,QK:1,Softmax:0,Softmax:1,O:0,Add:-1,FFN_W3:0,FFN_W3:1,SwiGLU:0,Add:-1",0.00020852459612541452,0.00032143359184265137,npu|decode|1|671eabfb3c980b3de830460630434eeb,1,sample_step,0.013137049555901115,0.020250316286087037,0.00011290899571723685,1.5414660803338958,0.007113266730185922,1.5414660803338958
ianus_prefill-1024xdecode_512_ops_trace.csv,decode,1,1,11,PIM1,pim,6,"V:1,SV:1,LN:-1,FFN_W1:1,SwiGLU:1,FFN_W2:0",0.00027101567376708324,3.3117e-05,pim|decode|1|016e8acce089f109420138ec5b8e8adb,1,sample_step,0.017073987447326244,0.002086371,-0.00023789867376708325,0.12219588461315883,-0.014987616447326244,0.12219588461315883
ianus_prefill-1024xdecode_512_ops_trace.csv,decode,1,1,12,PIM0,pim,6,"LN:-1,V:0,SV:0,O:1,FFN_W1:0,FFN_W2:1",0.0003004413480833801,3.6676e-05,pim|decode|1|731d391a82ee0cb7f0755396c849b1dc,1,sample_step,0.018927804929252945,0.002310588,-0.00026376534808338005,0.12207374329122461,-0.016617216929252946,0.12207374329122463
ianus_prefill-1024xdecode_512_ops_trace.csv,decode,1,1,12,GPU0,npu,14,"Q:0,K:0,Q:1,K:1,QK:0,QK:1,Softmax:0,Softmax:1,O:0,Add:-1,FFN_W3:0,FFN_W3:1,SwiGLU:0,Add:-1",0.00020852459612541452,0.00032143359184265137,npu|decode|1|671eabfb3c980b3de830460630434eeb,1,sample_step,0.013137049555901115,0.020250316286087037,0.00011290899571723685,1.5414660803338958,0.007113266730185922,1.5414660803338958
ianus_prefill-1024xdecode_512_ops_trace.csv,decode,1,1,12,PIM1,pim,6,"V:1,SV:1,LN:-1,FFN_W1:1,SwiGLU:1,FFN_W2:0",0.00027101567376708324,3.3117e-05,pim|decode|1|016e8acce089f109420138ec5b8e8adb,1,sample_step,0.017073987447326244,0.002086371,-0.00023789867376708325,0.12219588461315883,-0.014987616447326244,0.12219588461315883
ianus_prefill-1024xdecode_512_ops_trace.csv,decode,1,1,13,PIM0,pim,6,"LN:-1,V:0,SV:0,O:1,FFN_W1:0,FFN_W2:1",0.0003004413480833801,3.6676e-05,pim|decode|1|731d391a82ee0cb7f0755396c849b1dc,1,sample_step,0.018927804929252945,0.002310588,-0.00026376534808338005,0.12207374329122461,-0.016617216929252946,0.12207374329122463
ianus_prefill-1024xdecode_512_ops_trace.csv,decode,1,1,13,GPU0,npu,14,"Q:0,K:0,Q:1,K:1,QK:0,QK:1,Softmax:0,Softmax:1,O:0,Add:-1,FFN_W3:0,FFN_W3:1,SwiGLU:0,Add:-1",0.00020852459612541452,0.00032143359184265137,npu|decode|1|671eabfb3c980b3de830460630434eeb,1,sample_step,0.013137049555901115,0.020250316286087037,0.00011290899571723685,1.5414660803338958,0.007113266730185922,1.5414660803338958
ianus_prefill-1024xdecode_512_ops_trace.csv,decode,1,1,13,PIM1,pim,6,"V:1,SV:1,LN:-1,FFN_W1:1,SwiGLU:1,FFN_W2:0",0.00027101567376708324,3.3117e-05,pim|decode|1|016e8acce089f109420138ec5b8e8adb,1,sample_step,0.017073987447326244,0.002086371,-0.00023789867376708325,0.12219588461315883,-0.014987616447326244,0.12219588461315883
ianus_prefill-1024xdecode_512_ops_trace.csv,decode,1,1,14,PIM0,pim,6,"LN:-1,V:0,SV:0,O:1,FFN_W1:0,FFN_W2:1",0.0003004413480833801,3.6676e-05,pim|decode|1|731d391a82ee0cb7f0755396c849b1dc,1,sample_step,0.018927804929252945,0.002310588,-0.00026376534808338005,0.12207374329122461,-0.016617216929252946,0.12207374329122463
ianus_prefill-1024xdecode_512_ops_trace.csv,decode,1,1,14,GPU0,npu,14,"Q:0,K:0,Q:1,K:1,QK:0,QK:1,Softmax:0,Softmax:1,O:0,Add:-1,FFN_W3:0,FFN_W3:1,SwiGLU:0,Add:-1",0.00020852459612541452,0.00032143359184265137,npu|decode|1|671eabfb3c980b3de830460630434eeb,1,sample_step,0.013137049555901115,0.020250316286087037,0.00011290899571723685,1.5414660803338958,0.007113266730185922,1.5414660803338958
ianus_prefill-1024xdecode_512_ops_trace.csv,decode,1,1,14,PIM1,pim,6,"V:1,SV:1,LN:-1,FFN_W1:1,SwiGLU:1,FFN_W2:0",0.00027101567376708324,3.3117e-05,pim|decode|1|016e8acce089f109420138ec5b8e8adb,1,sample_step,0.017073987447326244,0.002086371,-0.00023789867376708325,0.12219588461315883,-0.014987616447326244,0.12219588461315883
ianus_prefill-1024xdecode_512_ops_trace.csv,decode,1,1,15,PIM0,pim,6,"LN:-1,V:0,SV:0,O:1,FFN_W1:0,FFN_W2:1",0.0003004413480833801,3.6676e-05,pim|decode|1|731d391a82ee0cb7f0755396c849b1dc,1,sample_step,0.018927804929252945,0.002310588,-0.00026376534808338005,0.12207374329122461,-0.016617216929252946,0.12207374329122463
ianus_prefill-1024xdecode_512_ops_trace.csv,decode,1,1,15,GPU0,npu,14,"Q:0,K:0,Q:1,K:1,QK:0,QK:1,Softmax:0,Softmax:1,O:0,Add:-1,FFN_W3:0,FFN_W3:1,SwiGLU:0,Add:-1",0.00020852459612541452,0.00032143359184265137,npu|decode|1|671eabfb3c980b3de830460630434eeb,1,sample_step,0.013137049555901115,0.020250316286087037,0.00011290899571723685,1.5414660803338958,0.007113266730185922,1.5414660803338958
ianus_prefill-1024xdecode_512_ops_trace.csv,decode,1,1,15,PIM1,pim,6,"V:1,SV:1,LN:-1,FFN_W1:1,SwiGLU:1,FFN_W2:0",0.00027101567376708324,3.3117e-05,pim|decode|1|016e8acce089f109420138ec5b8e8adb,1,sample_step,0.017073987447326244,0.002086371,-0.00023789867376708325,0.12219588461315883,-0.014987616447326244,0.12219588461315883
ianus_prefill-1024xdecode_512_ops_trace.csv,decode,1,1,16,PIM0,pim,6,"LN:-1,V:0,SV:0,O:1,FFN_W1:0,FFN_W2:1",0.0003004413480833801,3.6676e-05,pim|decode|1|731d391a82ee0cb7f0755396c849b1dc,1,sample_step,0.018927804929252945,0.002310588,-0.00026376534808338005,0.12207374329122461,-0.016617216929252946,0.12207374329122463
ianus_prefill-1024xdecode_512_ops_trace.csv,decode,1,1,16,GPU0,npu,14,"Q:0,K:0,Q:1,K:1,QK:0,QK:1,Softmax:0,Softmax:1,O:0,Add:-1,FFN_W3:0,FFN_W3:1,SwiGLU:0,Add:-1",0.00020852459612541452,0.00032143359184265137,npu|decode|1|671eabfb3c980b3de830460630434eeb,1,sample_step,0.013137049555901115,0.020250316286087037,0.00011290899571723685,1.5414660803338958,0.007113266730185922,1.5414660803338958
ianus_prefill-1024xdecode_512_ops_trace.csv,decode,1,1,16,PIM1,pim,6,"V:1,SV:1,LN:-1,FFN_W1:1,SwiGLU:1,FFN_W2:0",0.00027101567376708324,3.3117e-05,pim|decode|1|016e8acce089f109420138ec5b8e8adb,1,sample_step,0.017073987447326244,0.002086371,-0.00023789867376708325,0.12219588461315883,-0.014987616447326244,0.12219588461315883
ianus_prefill-1024xdecode_512_ops_trace.csv,decode,1,1,17,PIM0,pim,6,"LN:-1,V:0,SV:0,O:1,FFN_W1:0,FFN_W2:1",0.0003004413480833801,3.6676e-05,pim|decode|1|731d391a82ee0cb7f0755396c849b1dc,1,sample_step,0.018927804929252945,0.002310588,-0.00026376534808338005,0.12207374329122461,-0.016617216929252946,0.12207374329122463
ianus_prefill-1024xdecode_512_ops_trace.csv,decode,1,1,17,GPU0,npu,14,"Q:0,K:0,Q:1,K:1,QK:0,QK:1,Softmax:0,Softmax:1,O:0,Add:-1,FFN_W3:0,FFN_W3:1,SwiGLU:0,Add:-1",0.00020852459612541452,0.00032143359184265137,npu|decode|1|671eabfb3c980b3de830460630434eeb,1,sample_step,0.013137049555901115,0.020250316286087037,0.00011290899571723685,1.5414660803338958,0.007113266730185922,1.5414660803338958
ianus_prefill-1024xdecode_512_ops_trace.csv,decode,1,1,17,PIM1,pim,6,"V:1,SV:1,LN:-1,FFN_W1:1,SwiGLU:1,FFN_W2:0",0.00027101567376708324,3.3117e-05,pim|decode|1|016e8acce089f109420138ec5b8e8adb,1,sample_step,0.017073987447326244,0.002086371,-0.00023789867376708325,0.12219588461315883,-0.014987616447326244,0.12219588461315883
ianus_prefill-1024xdecode_512_ops_trace.csv,decode,1,1,18,PIM0,pim,6,"LN:-1,V:0,SV:0,O:1,FFN_W1:0,FFN_W2:1",0.0003004413480833801,3.6676e-05,pim|decode|1|731d391a82ee0cb7f0755396c849b1dc,1,sample_step,0.018927804929252945,0.002310588,-0.00026376534808338005,0.12207374329122461,-0.016617216929252946,0.12207374329122463
ianus_prefill-1024xdecode_512_ops_trace.csv,decode,1,1,18,GPU0,npu,14,"Q:0,K:0,Q:1,K:1,QK:0,QK:1,Softmax:0,Softmax:1,O:0,Add:-1,FFN_W3:0,FFN_W3:1,SwiGLU:0,Add:-1",0.00020852459612541452,0.00032143359184265137,npu|decode|1|671eabfb3c980b3de830460630434eeb,1,sample_step,0.013137049555901115,0.020250316286087037,0.00011290899571723685,1.5414660803338958,0.007113266730185922,1.5414660803338958
ianus_prefill-1024xdecode_512_ops_trace.csv,decode,1,1,18,PIM1,pim,6,"V:1,SV:1,LN:-1,FFN_W1:1,SwiGLU:1,FFN_W2:0",0.00027101567376708324,3.3117e-05,pim|decode|1|016e8acce089f109420138ec5b8e8adb,1,sample_step,0.017073987447326244,0.002086371,-0.00023789867376708325,0.12219588461315883,-0.014987616447326244,0.12219588461315883
ianus_prefill-1024xdecode_512_ops_trace.csv,decode,1,1,19,PIM0,pim,6,"LN:-1,V:0,SV:0,O:1,FFN_W1:0,FFN_W2:1",0.0003004413480833801,3.6676e-05,pim|decode|1|731d391a82ee0cb7f0755396c849b1dc,1,sample_step,0.018927804929252945,0.002310588,-0.00026376534808338005,0.12207374329122461,-0.016617216929252946,0.12207374329122463
ianus_prefill-1024xdecode_512_ops_trace.csv,decode,1,1,19,GPU0,npu,14,"Q:0,K:0,Q:1,K:1,QK:0,QK:1,Softmax:0,Softmax:1,O:0,Add:-1,FFN_W3:0,FFN_W3:1,SwiGLU:0,Add:-1",0.00020852459612541452,0.00032143359184265137,npu|decode|1|671eabfb3c980b3de830460630434eeb,1,sample_step,0.013137049555901115,0.020250316286087037,0.00011290899571723685,1.5414660803338958,0.007113266730185922,1.5414660803338958
ianus_prefill-1024xdecode_512_ops_trace.csv,decode,1,1,19,PIM1,pim,6,"V:1,SV:1,LN:-1,FFN_W1:1,SwiGLU:1,FFN_W2:0",0.00027101567376708324,3.3117e-05,pim|decode|1|016e8acce089f109420138ec5b8e8adb,1,sample_step,0.017073987447326244,0.002086371,-0.00023789867376708325,0.12219588461315883,-0.014987616447326244,0.12219588461315883
ianus_prefill-1024xdecode_512_ops_trace.csv,decode,1,1,20,PIM0,pim,6,"LN:-1,V:0,SV:0,O:1,FFN_W1:0,FFN_W2:1",0.0003004413480833801,3.6676e-05,pim|decode|1|731d391a82ee0cb7f0755396c849b1dc,1,sample_step,0.018927804929252945,0.002310588,-0.00026376534808338005,0.12207374329122461,-0.016617216929252946,0.12207374329122463
ianus_prefill-1024xdecode_512_ops_trace.csv,decode,1,1,20,GPU0,npu,14,"Q:0,K:0,Q:1,K:1,QK:0,QK:1,Softmax:0,Softmax:1,O:0,Add:-1,FFN_W3:0,FFN_W3:1,SwiGLU:0,Add:-1",0.00020852459612541452,0.00032143359184265137,npu|decode|1|671eabfb3c980b3de830460630434eeb,1,sample_step,0.013137049555901115,0.020250316286087037,0.00011290899571723685,1.5414660803338958,0.007113266730185922,1.5414660803338958
ianus_prefill-1024xdecode_512_ops_trace.csv,decode,1,1,20,PIM1,pim,6,"V:1,SV:1,LN:-1,FFN_W1:1,SwiGLU:1,FFN_W2:0",0.00027101567376708324,3.3117e-05,pim|decode|1|016e8acce089f109420138ec5b8e8adb,1,sample_step,0.017073987447326244,0.002086371,-0.00023789867376708325,0.12219588461315883,-0.014987616447326244,0.12219588461315883
ianus_prefill-1024xdecode_512_ops_trace.csv,decode,1,1,21,PIM0,pim,6,"LN:-1,V:0,SV:0,O:1,FFN_W1:0,FFN_W2:1",0.0003004413480833801,3.6676e-05,pim|decode|1|731d391a82ee0cb7f0755396c849b1dc,1,sample_step,0.018927804929252945,0.002310588,-0.00026376534808338005,0.12207374329122461,-0.016617216929252946,0.12207374329122463
ianus_prefill-1024xdecode_512_ops_trace.csv,decode,1,1,21,GPU0,npu,14,"Q:0,K:0,Q:1,K:1,QK:0,QK:1,Softmax:0,Softmax:1,O:0,Add:-1,FFN_W3:0,FFN_W3:1,SwiGLU:0,Add:-1",0.00020852459612541452,0.00032143359184265137,npu|decode|1|671eabfb3c980b3de830460630434eeb,1,sample_step,0.013137049555901115,0.020250316286087037,0.00011290899571723685,1.5414660803338958,0.007113266730185922,1.5414660803338958
ianus_prefill-1024xdecode_512_ops_trace.csv,decode,1,1,21,PIM1,pim,6,"V:1,SV:1,LN:-1,FFN_W1:1,SwiGLU:1,FFN_W2:0",0.00027101567376708324,3.3117e-05,pim|decode|1|016e8acce089f109420138ec5b8e8adb,1,sample_step,0.017073987447326244,0.002086371,-0.00023789867376708325,0.12219588461315883,-0.014987616447326244,0.12219588461315883
ianus_prefill-1024xdecode_512_ops_trace.csv,decode,1,1,22,PIM0,pim,6,"LN:-1,V:0,SV:0,O:1,FFN_W1:0,FFN_W2:1",0.0003004413480833801,3.6676e-05,pim|decode|1|731d391a82ee0cb7f0755396c849b1dc,1,sample_step,0.018927804929252945,0.002310588,-0.00026376534808338005,0.12207374329122461,-0.016617216929252946,0.12207374329122463
ianus_prefill-1024xdecode_512_ops_trace.csv,decode,1,1,22,GPU0,npu,14,"Q:0,K:0,Q:1,K:1,QK:0,QK:1,Softmax:0,Softmax:1,O:0,Add:-1,FFN_W3:0,FFN_W3:1,SwiGLU:0,Add:-1",0.00020852459612541452,0.00032143359184265137,npu|decode|1|671eabfb3c980b3de830460630434eeb,1,sample_step,0.013137049555901115,0.020250316286087037,0.00011290899571723685,1.5414660803338958,0.007113266730185922,1.5414660803338958
ianus_prefill-1024xdecode_512_ops_trace.csv,decode,1,1,22,PIM1,pim,6,"V:1,SV:1,LN:-1,FFN_W1:1,SwiGLU:1,FFN_W2:0",0.00027101567376708324,3.3117e-05,pim|decode|1|016e8acce089f109420138ec5b8e8adb,1,sample_step,0.017073987447326244,0.002086371,-0.00023789867376708325,0.12219588461315883,-0.014987616447326244,0.12219588461315883
ianus_prefill-1024xdecode_512_ops_trace.csv,decode,1,1,23,PIM0,pim,6,"LN:-1,V:0,SV:0,O:1,FFN_W1:0,FFN_W2:1",0.0003004413480833801,3.6676e-05,pim|decode|1|731d391a82ee0cb7f0755396c849b1dc,1,sample_step,0.018927804929252945,0.002310588,-0.00026376534808338005,0.12207374329122461,-0.016617216929252946,0.12207374329122463
ianus_prefill-1024xdecode_512_ops_trace.csv,decode,1,1,23,GPU0,npu,14,"Q:0,K:0,Q:1,K:1,QK:0,QK:1,Softmax:0,Softmax:1,O:0,Add:-1,FFN_W3:0,FFN_W3:1,SwiGLU:0,Add:-1",0.00020852459612541452,0.00032143359184265137,npu|decode|1|671eabfb3c980b3de830460630434eeb,1,sample_step,0.013137049555901115,0.020250316286087037,0.00011290899571723685,1.5414660803338958,0.007113266730185922,1.5414660803338958
ianus_prefill-1024xdecode_512_ops_trace.csv,decode,1,1,23,PIM1,pim,6,"V:1,SV:1,LN:-1,FFN_W1:1,SwiGLU:1,FFN_W2:0",0.00027101567376708324,3.3117e-05,pim|decode|1|016e8acce089f109420138ec5b8e8adb,1,sample_step,0.017073987447326244,0.002086371,-0.00023789867376708325,0.12219588461315883,-0.014987616447326244,0.12219588461315883
ianus_prefill-1024xdecode_512_ops_trace.csv,decode,1,1,24,PIM0,pim,6,"LN:-1,V:0,SV:0,O:1,FFN_W1:0,FFN_W2:1",0.0003004413480833801,3.6676e-05,pim|decode|1|731d391a82ee0cb7f0755396c849b1dc,1,sample_step,0.018927804929252945,0.002310588,-0.00026376534808338005,0.12207374329122461,-0.016617216929252946,0.12207374329122463
ianus_prefill-1024xdecode_512_ops_trace.csv,decode,1,1,24,GPU0,npu,14,"Q:0,K:0,Q:1,K:1,QK:0,QK:1,Softmax:0,Softmax:1,O:0,Add:-1,FFN_W3:0,FFN_W3:1,SwiGLU:0,Add:-1",0.00020852459612541452,0.00032143359184265137,npu|decode|1|671eabfb3c980b3de830460630434eeb,1,sample_step,0.013137049555901115,0.020250316286087037,0.00011290899571723685,1.5414660803338958,0.007113266730185922,1.5414660803338958
ianus_prefill-1024xdecode_512_ops_trace.csv,decode,1,1,24,PIM1,pim,6,"V:1,SV:1,LN:-1,FFN_W1:1,SwiGLU:1,FFN_W2:0",0.00027101567376708324,3.3117e-05,pim|decode|1|016e8acce089f109420138ec5b8e8adb,1,sample_step,0.017073987447326244,0.002086371,-0.00023789867376708325,0.12219588461315883,-0.014987616447326244,0.12219588461315883
ianus_prefill-1024xdecode_512_ops_trace.csv,decode,1,1,25,PIM0,pim,6,"LN:-1,V:0,SV:0,O:1,FFN_W1:0,FFN_W2:1",0.0003004413480833801,3.6676e-05,pim|decode|1|731d391a82ee0cb7f0755396c849b1dc,1,sample_step,0.018927804929252945,0.002310588,-0.00026376534808338005,0.12207374329122461,-0.016617216929252946,0.12207374329122463
ianus_prefill-1024xdecode_512_ops_trace.csv,decode,1,1,25,GPU0,npu,14,"Q:0,K:0,Q:1,K:1,QK:0,QK:1,Softmax:0,Softmax:1,O:0,Add:-1,FFN_W3:0,FFN_W3:1,SwiGLU:0,Add:-1",0.00020852459612541452,0.00032143359184265137,npu|decode|1|671eabfb3c980b3de830460630434eeb,1,sample_step,0.013137049555901115,0.020250316286087037,0.00011290899571723685,1.5414660803338958,0.007113266730185922,1.5414660803338958
ianus_prefill-1024xdecode_512_ops_trace.csv,decode,1,1,25,PIM1,pim,6,"V:1,SV:1,LN:-1,FFN_W1:1,SwiGLU:1,FFN_W2:0",0.00027101567376708324,3.3117e-05,pim|decode|1|016e8acce089f109420138ec5b8e8adb,1,sample_step,0.017073987447326244,0.002086371,-0.00023789867376708325,0.12219588461315883,-0.014987616447326244,0.12219588461315883
ianus_prefill-1024xdecode_512_ops_trace.csv,decode,1,1,26,PIM0,pim,6,"LN:-1,V:0,SV:0,O:1,FFN_W1:0,FFN_W2:1",0.0003004413480833801,3.6676e-05,pim|decode|1|731d391a82ee0cb7f0755396c849b1dc,1,sample_step,0.018927804929252945,0.002310588,-0.00026376534808338005,0.12207374329122461,-0.016617216929252946,0.12207374329122463
ianus_prefill-1024xdecode_512_ops_trace.csv,decode,1,1,26,GPU0,npu,14,"Q:0,K:0,Q:1,K:1,QK:0,QK:1,Softmax:0,Softmax:1,O:0,Add:-1,FFN_W3:0,FFN_W3:1,SwiGLU:0,Add:-1",0.00020852459612541452,0.00032143359184265137,npu|decode|1|671eabfb3c980b3de830460630434eeb,1,sample_step,0.013137049555901115,0.020250316286087037,0.00011290899571723685,1.5414660803338958,0.007113266730185922,1.5414660803338958
ianus_prefill-1024xdecode_512_ops_trace.csv,decode,1,1,26,PIM1,pim,6,"V:1,SV:1,LN:-1,FFN_W1:1,SwiGLU:1,FFN_W2:0",0.00027101567376708324,3.3117e-05,pim|decode|1|016e8acce089f109420138ec5b8e8adb,1,sample_step,0.017073987447326244,0.002086371,-0.00023789867376708325,0.12219588461315883,-0.014987616447326244,0.12219588461315883
ianus_prefill-1024xdecode_512_ops_trace.csv,decode,1,1,27,PIM0,pim,6,"LN:-1,V:0,SV:0,O:1,FFN_W1:0,FFN_W2:1",0.0003004413480833801,3.6676e-05,pim|decode|1|731d391a82ee0cb7f0755396c849b1dc,1,sample_step,0.018927804929252945,0.002310588,-0.00026376534808338005,0.12207374329122461,-0.016617216929252946,0.12207374329122463
ianus_prefill-1024xdecode_512_ops_trace.csv,decode,1,1,27,GPU0,npu,14,"Q:0,K:0,Q:1,K:1,QK:0,QK:1,Softmax:0,Softmax:1,O:0,Add:-1,FFN_W3:0,FFN_W3:1,SwiGLU:0,Add:-1",0.00020852459612541452,0.00032143359184265137,npu|decode|1|671eabfb3c980b3de830460630434eeb,1,sample_step,0.013137049555901115,0.020250316286087037,0.00011290899571723685,1.5414660803338958,0.007113266730185922,1.5414660803338958
ianus_prefill-1024xdecode_512_ops_trace.csv,decode,1,1,27,PIM1,pim,6,"V:1,SV:1,LN:-1,FFN_W1:1,SwiGLU:1,FFN_W2:0",0.00027101567376708324,3.3117e-05,pim|decode|1|016e8acce089f109420138ec5b8e8adb,1,sample_step,0.017073987447326244,0.002086371,-0.00023789867376708325,0.12219588461315883,-0.014987616447326244,0.12219588461315883
ianus_prefill-1024xdecode_512_ops_trace.csv,decode,1,1,28,PIM0,pim,6,"LN:-1,V:0,SV:0,O:1,FFN_W1:0,FFN_W2:1",0.0003004413480833801,3.6676e-05,pim|decode|1|731d391a82ee0cb7f0755396c849b1dc,1,sample_step,0.018927804929252945,0.002310588,-0.00026376534808338005,0.12207374329122461,-0.016617216929252946,0.12207374329122463
ianus_prefill-1024xdecode_512_ops_trace.csv,decode,1,1,28,GPU0,npu,14,"Q:0,K:0,Q:1,K:1,QK:0,QK:1,Softmax:0,Softmax:1,O:0,Add:-1,FFN_W3:0,FFN_W3:1,SwiGLU:0,Add:-1",0.00020852459612541452,0.00032143359184265137,npu|decode|1|671eabfb3c980b3de830460630434eeb,1,sample_step,0.013137049555901115,0.020250316286087037,0.00011290899571723685,1.5414660803338958,0.007113266730185922,1.5414660803338958
ianus_prefill-1024xdecode_512_ops_trace.csv,decode,1,1,28,PIM1,pim,6,"V:1,SV:1,LN:-1,FFN_W1:1,SwiGLU:1,FFN_W2:0",0.00027101567376708324,3.3117e-05,pim|decode|1|016e8acce089f109420138ec5b8e8adb,1,sample_step,0.017073987447326244,0.002086371,-0.00023789867376708325,0.12219588461315883,-0.014987616447326244,0.12219588461315883
ianus_prefill-1024xdecode_512_ops_trace.csv,decode,1,1,29,PIM0,pim,6,"LN:-1,V:0,SV:0,O:1,FFN_W1:0,FFN_W2:1",0.0003004413480833801,3.6676e-05,pim|decode|1|731d391a82ee0cb7f0755396c849b1dc,1,sample_step,0.018927804929252945,0.002310588,-0.00026376534808338005,0.12207374329122461,-0.016617216929252946,0.12207374329122463
ianus_prefill-1024xdecode_512_ops_trace.csv,decode,1,1,29,GPU0,npu,14,"Q:0,K:0,Q:1,K:1,QK:0,QK:1,Softmax:0,Softmax:1,O:0,Add:-1,FFN_W3:0,FFN_W3:1,SwiGLU:0,Add:-1",0.00020852459612541452,0.00032143359184265137,npu|decode|1|671eabfb3c980b3de830460630434eeb,1,sample_step,0.013137049555901115,0.020250316286087037,0.00011290899571723685,1.5414660803338958,0.007113266730185922,1.5414660803338958
ianus_prefill-1024xdecode_512_ops_trace.csv,decode,1,1,29,PIM1,pim,6,"V:1,SV:1,LN:-1,FFN_W1:1,SwiGLU:1,FFN_W2:0",0.00027101567376708324,3.3117e-05,pim|decode|1|016e8acce089f109420138ec5b8e8adb,1,sample_step,0.017073987447326244,0.002086371,-0.00023789867376708325,0.12219588461315883,-0.014987616447326244,0.12219588461315883
ianus_prefill-1024xdecode_512_ops_trace.csv,decode,1,1,30,PIM0,pim,6,"LN:-1,V:0,SV:0,O:1,FFN_W1:0,FFN_W2:1",0.0003004413480833801,3.6676e-05,pim|decode|1|731d391a82ee0cb7f0755396c849b1dc,1,sample_step,0.018927804929252945,0.002310588,-0.00026376534808338005,0.12207374329122461,-0.016617216929252946,0.12207374329122463
ianus_prefill-1024xdecode_512_ops_trace.csv,decode,1,1,30,GPU0,npu,14,"Q:0,K:0,Q:1,K:1,QK:0,QK:1,Softmax:0,Softmax:1,O:0,Add:-1,FFN_W3:0,FFN_W3:1,SwiGLU:0,Add:-1",0.00020852459612541452,0.00032143359184265137,npu|decode|1|671eabfb3c980b3de830460630434eeb,1,sample_step,0.013137049555901115,0.020250316286087037,0.00011290899571723685,1.5414660803338958,0.007113266730185922,1.5414660803338958
ianus_prefill-1024xdecode_512_ops_trace.csv,decode,1,1,30,PIM1,pim,6,"V:1,SV:1,LN:-1,FFN_W1:1,SwiGLU:1,FFN_W2:0",0.00027101567376708324,3.3117e-05,pim|decode|1|016e8acce089f109420138ec5b8e8adb,1,sample_step,0.017073987447326244,0.002086371,-0.00023789867376708325,0.12219588461315883,-0.014987616447326244,0.12219588461315883
ianus_prefill-1024xdecode_512_ops_trace.csv,decode,1,1,31,PIM0,pim,6,"LN:-1,V:0,SV:0,O:1,FFN_W1:0,FFN_W2:1",0.0003004413480833801,3.6676e-05,pim|decode|1|731d391a82ee0cb7f0755396c849b1dc,1,sample_step,0.018927804929252945,0.002310588,-0.00026376534808338005,0.12207374329122461,-0.016617216929252946,0.12207374329122463
ianus_prefill-1024xdecode_512_ops_trace.csv,decode,1,1,31,GPU0,npu,14,"Q:0,K:0,Q:1,K:1,QK:0,QK:1,Softmax:0,Softmax:1,O:0,Add:-1,FFN_W3:0,FFN_W3:1,SwiGLU:0,Add:-1",0.00020852459612541452,0.00032143359184265137,npu|decode|1|671eabfb3c980b3de830460630434eeb,1,sample_step,0.013137049555901115,0.020250316286087037,0.00011290899571723685,1.5414660803338958,0.007113266730185922,1.5414660803338958
ianus_prefill-1024xdecode_512_ops_trace.csv,decode,1,1,31,PIM1,pim,6,"V:1,SV:1,LN:-1,FFN_W1:1,SwiGLU:1,FFN_W2:0",0.00027101567376708324,3.3117e-05,pim|decode|1|016e8acce089f109420138ec5b8e8adb,1,sample_step,0.017073987447326244,0.002086371,-0.00023789867376708325,0.12219588461315883,-0.014987616447326244,0.12219588461315883
ianus_prefill-1024xdecode_512_ops_trace.csv,decode,2,63,0,GPU0,npu,15,"LN:-1,Q:0,K:0,Q:1,K:1,QK:0,QK:1,Softmax:0,Softmax:1,O:0,Add:-1,FFN_W3:0,FFN_W3:1,SwiGLU:0,Add:-1",0.00024389662050960936,0.0003680255889892578,npu|decode|2|2a5538c8f9df4db4add3d84eaac8c78a,2,sample_step,0.015609383712615,0.0235536376953125,0.00012412896847964846,1.5089409120154573,0.007944253982697502,1.5089409120154573
ianus_prefill-1024xdecode_512_ops_trace.csv,decode,2,63,0,PIM0,pim,5,"V:0,SV:0,O:1,FFN_W1:0,FFN_W2:1",0.0002903613480844669,3.5416e-05,pim|decode|2|ebea3d96ba5f955b87a93b12b17bba6f,2,sample_step,0.01858312627740588,0.002266624,-0.00025494534808446687,0.1219721572228594,-0.01631650227740588,0.1219721572228594
ianus_prefill-1024xdecode_512_ops_trace.csv,decode,2,63,0,PIM1,pim,6,"V:1,SV:1,LN:-1,FFN_W1:1,SwiGLU:1,FFN_W2:0",0.0002714476737679661,3.3171e-05,pim|decode|2|016e8acce089f109420138ec5b8e8adb,2,sample_step,0.01737265112114983,0.002122944,-0.00023827667376796608,0.1222003472697085,-0.01524970712114983,0.1222003472697085
ianus_prefill-1024xdecode_512_ops_trace.csv,decode,2,63,1,PIM0,pim,6,"LN:-1,V:0,SV:0,O:1,FFN_W1:0,FFN_W2:1",0.000300873348084707,3.673e-05,pim|decode|2|731d391a82ee0cb7f0755396c849b1dc,2,sample_step,0.019255894277421248,0.00235072,-0.000264143348084707,0.12207794486887934,-0.016905174277421248,0.12207794486887934
ianus_prefill-1024xdecode_512_ops_trace.csv,decode,2,63,1,GPU0,npu,14,"Q:0,K:0,Q:1,K:1,QK:0,QK:1,Softmax:0,Softmax:1,O:0,Add:-1,FFN_W3:0,FFN_W3:1,SwiGLU:0,Add:-1",0.00020858701586501385,0.00032665600776672366,npu|decode|2|671eabfb3c980b3de830460630434eeb,2,sample_step,0.013349569015360887,0.020905984497070314,0.00011806899190170981,1.5660419053989325,0.007556415481709428,1.5660419053989325
ianus_prefill-1024xdecode_512_ops_trace.csv,decode,2,63,1,PIM1,pim,6,"V:1,SV:1,LN:-1,FFN_W1:1,SwiGLU:1,FFN_W2:0",0.0002714476737679661,3.3171e-05,pim|decode|2|016e8acce089f109420138ec5b8e8adb,2,sample_step,0.01737265112114983,0.002122944,-0.00023827667376796608,0.1222003472697085,-0.01524970712114983,0.1222003472697085
ianus_prefill-1024xdecode_512_ops_trace.csv,decode,2,63,2,PIM0,pim,6,"LN:-1,V:0,SV:0,O:1,FFN_W1:0,FFN_W2:1",0.000300873348084707,3.673e-05,pim|decode|2|731d391a82ee0cb7f0755396c849b1dc,2,sample_step,0.019255894277421248,0.00235072,-0.000264143348084707,0.12207794486887934,-0.016905174277421248,0.12207794486887934
ianus_prefill-1024xdecode_512_ops_trace.csv,decode,2,63,2,GPU0,npu,14,"Q:0,K:0,Q:1,K:1,QK:0,QK:1,Softmax:0,Softmax:1,O:0,Add:-1,FFN_W3:0,FFN_W3:1,SwiGLU:0,Add:-1",0.00020858701586501385,0.00032665600776672366,npu|decode|2|671eabfb3c980b3de830460630434eeb,2,sample_step,0.013349569015360887,0.020905984497070314,0.00011806899190170981,1.5660419053989325,0.007556415481709428,1.5660419053989325
ianus_prefill-1024xdecode_512_ops_trace.csv,decode,2,63,2,PIM1,pim,6,"V:1,SV:1,LN:-1,FFN_W1:1,SwiGLU:1,FFN_W2:0",0.0002714476737679661,3.3171e-05,pim|decode|2|016e8acce089f109420138ec5b8e8adb,2,sample_step,0.01737265112114983,0.002122944,-0.00023827667376796608,0.1222003472697085,-0.01524970712114983,0.1222003472697085
ianus_prefill-1024xdecode_512_ops_trace.csv,decode,2,63,3,PIM0,pim,6,"LN:-1,V:0,SV:0,O:1,FFN_W1:0,FFN_W2:1",0.000300873348084707,3.673e-05,pim|decode|2|731d391a82ee0cb7f0755396c849b1dc,2,sample_step,0.019255894277421248,0.00235072,-0.000264143348084707,0.12207794486887934,-0.016905174277421248,0.12207794486887934
ianus_prefill-1024xdecode_512_ops_trace.csv,decode,2,63,3,GPU0,npu,14,"Q:0,K:0,Q:1,K:1,QK:0,QK:1,Softmax:0,Softmax:1,O:0,Add:-1,FFN_W3:0,FFN_W3:1,SwiGLU:0,Add:-1",0.00020858701586501385,0.00032665600776672366,npu|decode|2|671eabfb3c980b3de830460630434eeb,2,sample_step,0.013349569015360887,0.020905984497070314,0.00011806899190170981,1.5660419053989325,0.007556415481709428,1.5660419053989325
ianus_prefill-1024xdecode_512_ops_trace.csv,decode,2,63,3,PIM1,pim,6,"V:1,SV:1,LN:-1,FFN_W1:1,SwiGLU:1,FFN_W2:0",0.0002714476737679661,3.3171e-05,pim|decode|2|016e8acce089f109420138ec5b8e8adb,2,sample_step,0.01737265112114983,0.002122944,-0.00023827667376796608,0.1222003472697085,-0.01524970712114983,0.1222003472697085
ianus_prefill-1024xdecode_512_ops_trace.csv,decode,2,63,4,PIM0,pim,6,"LN:-1,V:0,SV:0,O:1,FFN_W1:0,FFN_W2:1",0.000300873348084707,3.673e-05,pim|decode|2|731d391a82ee0cb7f0755396c849b1dc,2,sample_step,0.019255894277421248,0.00235072,-0.000264143348084707,0.12207794486887934,-0.016905174277421248,0.12207794486887934
ianus_prefill-1024xdecode_512_ops_trace.csv,decode,2,63,4,GPU0,npu,14,"Q:0,K:0,Q:1,K:1,QK:0,QK:1,Softmax:0,Softmax:1,O:0,Add:-1,FFN_W3:0,FFN_W3:1,SwiGLU:0,Add:-1",0.00020858701586501385,0.00032665600776672366,npu|decode|2|671eabfb3c980b3de830460630434eeb,2,sample_step,0.013349569015360887,0.020905984497070314,0.00011806899190170981,1.5660419053989325,0.007556415481709428,1.5660419053989325
ianus_prefill-1024xdecode_512_ops_trace.csv,decode,2,63,4,PIM1,pim,6,"V:1,SV:1,LN:-1,FFN_W1:1,SwiGLU:1,FFN_W2:0",0.0002714476737679661,3.3171e-05,pim|decode|2|016e8acce089f109420138ec5b8e8adb,2,sample_step,0.01737265112114983,0.002122944,-0.00023827667376796608,0.1222003472697085,-0.01524970712114983,0.1222003472697085
ianus_prefill-1024xdecode_512_ops_trace.csv,decode,2,63,5,PIM0,pim,6,"LN:-1,V:0,SV:0,O:1,FFN_W1:0,FFN_W2:1",0.000300873348084707,3.673e-05,pim|decode|2|731d391a82ee0cb7f0755396c849b1dc,2,sample_step,0.019255894277421248,0.00235072,-0.000264143348084707,0.12207794486887934,-0.016905174277421248,0.12207794486887934
ianus_prefill-1024xdecode_512_ops_trace.csv,decode,2,63,5,GPU0,npu,14,"Q:0,K:0,Q:1,K:1,QK:0,QK:1,Softmax:0,Softmax:1,O:0,Add:-1,FFN_W3:0,FFN_W3:1,SwiGLU:0,Add:-1",0.00020858701586501385,0.00032665600776672366,npu|decode|2|671eabfb3c980b3de830460630434eeb,2,sample_step,0.013349569015360887,0.020905984497070314,0.00011806899190170981,1.5660419053989325,0.007556415481709428,1.5660419053989325
ianus_prefill-1024xdecode_512_ops_trace.csv,decode,2,63,5,PIM1,pim,6,"V:1,SV:1,LN:-1,FFN_W1:1,SwiGLU:1,FFN_W2:0",0.0002714476737679661,3.3171e-05,pim|decode|2|016e8acce089f109420138ec5b8e8adb,2,sample_step,0.01737265112114983,0.002122944,-0.00023827667376796608,0.1222003472697085,-0.01524970712114983,0.1222003472697085
ianus_prefill-1024xdecode_512_ops_trace.csv,decode,2,63,6,PIM0,pim,6,"LN:-1,V:0,SV:0,O:1,FFN_W1:0,FFN_W2:1",0.000300873348084707,3.673e-05,pim|decode|2|731d391a82ee0cb7f0755396c849b1dc,2,sample_step,0.019255894277421248,0.00235072,-0.000264143348084707,0.12207794486887934,-0.016905174277421248,0.12207794486887934
ianus_prefill-1024xdecode_512_ops_trace.csv,decode,2,63,6,GPU0,npu,14,"Q:0,K:0,Q:1,K:1,QK:0,QK:1,Softmax:0,Softmax:1,O:0,Add:-1,FFN_W3:0,FFN_W3:1,SwiGLU:0,Add:-1",0.00020858701586501385,0.00032665600776672366,npu|decode|2|671eabfb3c980b3de830460630434eeb,2,sample_step,0.013349569015360887,0.020905984497070314,0.00011806899190170981,1.5660419053989325,0.007556415481709428,1.5660419053989325
ianus_prefill-1024xdecode_512_ops_trace.csv,decode,2,63,6,PIM1,pim,6,"V:1,SV:1,LN:-1,FFN_W1:1,SwiGLU:1,FFN_W2:0",0.0002714476737679661,3.3171e-05,pim|decode|2|016e8acce089f109420138ec5b8e8adb,2,sample_step,0.01737265112114983,0.002122944,-0.00023827667376796608,0.1222003472697085,-0.01524970712114983,0.1222003472697085
ianus_prefill-1024xdecode_512_ops_trace.csv,decode,2,63,7,PIM0,pim,6,"LN:-1,V:0,SV:0,O:1,FFN_W1:0,FFN_W2:1",0.000300873348084707,3.673e-05,pim|decode|2|731d391a82ee0cb7f0755396c849b1dc,2,sample_step,0.019255894277421248,0.00235072,-0.000264143348084707,0.12207794486887934,-0.016905174277421248,0.12207794486887934
ianus_prefill-1024xdecode_512_ops_trace.csv,decode,2,63,7,GPU0,npu,14,"Q:0,K:0,Q:1,K:1,QK:0,QK:1,Softmax:0,Softmax:1,O:0,Add:-1,FFN_W3:0,FFN_W3:1,SwiGLU:0,Add:-1",0.00020858701586501385,0.00032665600776672366,npu|decode|2|671eabfb3c980b3de830460630434eeb,2,sample_step,0.013349569015360887,0.020905984497070314,0.00011806899190170981,1.5660419053989325,0.007556415481709428,1.5660419053989325
ianus_prefill-1024xdecode_512_ops_trace.csv,decode,2,63,7,PIM1,pim,6,"V:1,SV:1,LN:-1,FFN_W1:1,SwiGLU:1,FFN_W2:0",0.0002714476737679661,3.3171e-05,pim|decode|2|016e8acce089f109420138ec5b8e8adb,2,sample_step,0.01737265112114983,0.002122944,-0.00023827667376796608,0.1222003472697085,-0.01524970712114983,0.1222003472697085
ianus_prefill-1024xdecode_512_ops_trace.csv,decode,2,63,8,PIM0,pim,6,"LN:-1,V:0,SV:0,O:1,FFN_W1:0,FFN_W2:1",0.000300873348084707,3.673e-05,pim|decode|2|731d391a82ee0cb7f0755396c849b1dc,2,sample_step,0.019255894277421248,0.00235072,-0.000264143348084707,0.12207794486887934,-0.016905174277421248,0.12207794486887934
ianus_prefill-1024xdecode_512_ops_trace.csv,decode,2,63,8,GPU0,npu,14,"Q:0,K:0,Q:1,K:1,QK:0,QK:1,Softmax:0,Softmax:1,O:0,Add:-1,FFN_W3:0,FFN_W3:1,SwiGLU:0,Add:-1",0.00020858701586501385,0.00032665600776672366,npu|decode|2|671eabfb3c980b3de830460630434eeb,2,sample_step,0.013349569015360887,0.020905984497070314,0.00011806899190170981,1.5660419053989325,0.007556415481709428,1.5660419053989325
ianus_prefill-1024xdecode_512_ops_trace.csv,decode,2,63,8,PIM1,pim,6,"V:1,SV:1,LN:-1,FFN_W1:1,SwiGLU:1,FFN_W2:0",0.0002714476737679661,3.3171e-05,pim|decode|2|016e8acce089f109420138ec5b8e8adb,2,sample_step,0.01737265112114983,0.002122944,-0.00023827667376796608,0.1222003472697085,-0.01524970712114983,0.1222003472697085
ianus_prefill-1024xdecode_512_ops_trace.csv,decode,2,63,9,PIM0,pim,6,"LN:-1,V:0,SV:0,O:1,FFN_W1:0,FFN_W2:1",0.000300873348084707,3.673e-05,pim|decode|2|731d391a82ee0cb7f0755396c849b1dc,2,sample_step,0.019255894277421248,0.00235072,-0.000264143348084707,0.12207794486887934,-0.016905174277421248,0.12207794486887934
ianus_prefill-1024xdecode_512_ops_trace.csv,decode,2,63,9,GPU0,npu,14,"Q:0,K:0,Q:1,K:1,QK:0,QK:1,Softmax:0,Softmax:1,O:0,Add:-1,FFN_W3:0,FFN_W3:1,SwiGLU:0,Add:-1",0.00020858701586501385,0.00032665600776672366,npu|decode|2|671eabfb3c980b3de830460630434eeb,2,sample_step,0.013349569015360887,0.020905984497070314,0.00011806899190170981,1.5660419053989325,0.007556415481709428,1.5660419053989325
ianus_prefill-1024xdecode_512_ops_trace.csv,decode,2,63,9,PIM1,pim,6,"V:1,SV:1,LN:-1,FFN_W1:1,SwiGLU:1,FFN_W2:0",0.0002714476737679661,3.3171e-05,pim|decode|2|016e8acce089f109420138ec5b8e8adb,2,sample_step,0.01737265112114983,0.002122944,-0.00023827667376796608,0.1222003472697085,-0.01524970712114983,0.1222003472697085
ianus_prefill-1024xdecode_512_ops_trace.csv,decode,2,63,10,PIM0,pim,6,"LN:-1,V:0,SV:0,O:1,FFN_W1:0,FFN_W2:1",0.000300873348084707,3.673e-05,pim|decode|2|731d391a82ee0cb7f0755396c849b1dc,2,sample_step,0.019255894277421248,0.00235072,-0.000264143348084707,0.12207794486887934,-0.016905174277421248,0.12207794486887934
ianus_prefill-1024xdecode_512_ops_trace.csv,decode,2,63,10,GPU0,npu,14,"Q:0,K:0,Q:1,K:1,QK:0,QK:1,Softmax:0,Softmax:1,O:0,Add:-1,FFN_W3:0,FFN_W3:1,SwiGLU:0,Add:-1",0.00020858701586501385,0.00032665600776672366,npu|decode|2|671eabfb3c980b3de830460630434eeb,2,sample_step,0.013349569015360887,0.020905984497070314,0.00011806899190170981,1.5660419053989325,0.007556415481709428,1.5660419053989325
ianus_prefill-1024xdecode_512_ops_trace.csv,decode,2,63,10,PIM1,pim,6,"V:1,SV:1,LN:-1,FFN_W1:1,SwiGLU:1,FFN_W2:0",0.0002714476737679661,3.3171e-05,pim|decode|2|016e8acce089f109420138ec5b8e8adb,2,sample_step,0.01737265112114983,0.002122944,-0.00023827667376796608,0.1222003472697085,-0.01524970712114983,0.1222003472697085
ianus_prefill-1024xdecode_512_ops_trace.csv,decode,2,63,11,PIM0,pim,6,"LN:-1,V:0,SV:0,O:1,FFN_W1:0,FFN_W2:1",0.000300873348084707,3.673e-05,pim|decode|2|731d391a82ee0cb7f0755396c849b1dc,2,sample_step,0.019255894277421248,0.00235072,-0.000264143348084707,0.12207794486887934,-0.016905174277421248,0.12207794486887934
ianus_prefill-1024xdecode_512_ops_trace.csv,decode,2,63,11,GPU0,npu,14,"Q:0,K:0,Q:1,K:1,QK:0,QK:1,Softmax:0,Softmax:1,O:0,Add:-1,FFN_W3:0,FFN_W3:1,SwiGLU:0,Add:-1",0.00020858701586501385,0.00032665600776672366,npu|decode|2|671eabfb3c980b3de830460630434eeb,2,sample_step,0.013349569015360887,0.020905984497070314,0.00011806899190170981,1.5660419053989325,0.007556415481709428,1.5660419053989325
ianus_prefill-1024xdecode_512_ops_trace.csv,decode,2,63,11,PIM1,pim,6,"V:1,SV:1,LN:-1,FFN_W1:1,SwiGLU:1,FFN_W2:0",0.0002714476737679661,3.3171e-05,pim|decode|2|016e8acce089f109420138ec5b8e8adb,2,sample_step,0.01737265112114983,0.002122944,-0.00023827667376796608,0.1222003472697085,-0.01524970712114983,0.1222003472697085
ianus_prefill-1024xdecode_512_ops_trace.csv,decode,2,63,12,PIM0,pim,6,"LN:-1,V:0,SV:0,O:1,FFN_W1:0,FFN_W2:1",0.000300873348084707,3.673e-05,pim|decode|2|731d391a82ee0cb7f0755396c849b1dc,2,sample_step,0.019255894277421248,0.00235072,-0.000264143348084707,0.12207794486887934,-0.016905174277421248,0.12207794486887934
ianus_prefill-1024xdecode_512_ops_trace.csv,decode,2,63,12,GPU0,npu,14,"Q:0,K:0,Q:1,K:1,QK:0,QK:1,Softmax:0,Softmax:1,O:0,Add:-1,FFN_W3:0,FFN_W3:1,SwiGLU:0,Add:-1",0.00020858701586501385,0.00032665600776672366,npu|decode|2|671eabfb3c980b3de830460630434eeb,2,sample_step,0.013349569015360887,0.020905984497070314,0.00011806899190170981,1.5660419053989325,0.007556415481709428,1.5660419053989325
ianus_prefill-1024xdecode_512_ops_trace.csv,decode,2,63,12,PIM1,pim,6,"V:1,SV:1,LN:-1,FFN_W1:1,SwiGLU:1,FFN_W2:0",0.0002714476737679661,3.3171e-05,pim|decode|2|016e8acce089f109420138ec5b8e8adb,2,sample_step,0.01737265112114983,0.002122944,-0.00023827667376796608,0.1222003472697085,-0.01524970712114983,0.1222003472697085
ianus_prefill-1024xdecode_512_ops_trace.csv,decode,2,63,13,PIM0,pim,6,"LN:-1,V:0,SV:0,O:1,FFN_W1:0,FFN_W2:1",0.000300873348084707,3.673e-05,pim|decode|2|731d391a82ee0cb7f0755396c849b1dc,2,sample_step,0.019255894277421248,0.00235072,-0.000264143348084707,0.12207794486887934,-0.016905174277421248,0.12207794486887934
ianus_prefill-1024xdecode_512_ops_trace.csv,decode,2,63,13,GPU0,npu,14,"Q:0,K:0,Q:1,K:1,QK:0,QK:1,Softmax:0,Softmax:1,O:0,Add:-1,FFN_W3:0,FFN_W3:1,SwiGLU:0,Add:-1",0.00020858701586501385,0.00032665600776672366,npu|decode|2|671eabfb3c980b3de830460630434eeb,2,sample_step,0.013349569015360887,0.020905984497070314,0.00011806899190170981,1.5660419053989325,0.007556415481709428,1.5660419053989325
ianus_prefill-1024xdecode_512_ops_trace.csv,decode,2,63,13,PIM1,pim,6,"V:1,SV:1,LN:-1,FFN_W1:1,SwiGLU:1,FFN_W2:0",0.0002714476737679661,3.3171e-05,pim|decode|2|016e8acce089f109420138ec5b8e8adb,2,sample_step,0.01737265112114983,0.002122944,-0.00023827667376796608,0.1222003472697085,-0.01524970712114983,0.1222003472697085
ianus_prefill-1024xdecode_512_ops_trace.csv,decode,2,63,14,PIM0,pim,6,"LN:-1,V:0,SV:0,O:1,FFN_W1:0,FFN_W2:1",0.000300873348084707,3.673e-05,pim|decode|2|731d391a82ee0cb7f0755396c849b1dc,2,sample_step,0.019255894277421248,0.00235072,-0.000264143348084707,0.12207794486887934,-0.016905174277421248,0.12207794486887934
ianus_prefill-1024xdecode_512_ops_trace.csv,decode,2,63,14,GPU0,npu,14,"Q:0,K:0,Q:1,K:1,QK:0,QK:1,Softmax:0,Softmax:1,O:0,Add:-1,FFN_W3:0,FFN_W3:1,SwiGLU:0,Add:-1",0.00020858701586501385,0.00032665600776672366,npu|decode|2|671eabfb3c980b3de830460630434eeb,2,sample_step,0.013349569015360887,0.020905984497070314,0.00011806899190170981,1.5660419053989325,0.007556415481709428,1.5660419053989325
ianus_prefill-1024xdecode_512_ops_trace.csv,decode,2,63,14,PIM1,pim,6,"V:1,SV:1,LN:-1,FFN_W1:1,SwiGLU:1,FFN_W2:0",0.0002714476737679661,3.3171e-05,pim|decode|2|016e8acce089f109420138ec5b8e8adb,2,sample_step,0.01737265112114983,0.002122944,-0.00023827667376796608,0.1222003472697085,-0.01524970712114983,0.1222003472697085
ianus_prefill-1024xdecode_512_ops_trace.csv,decode,2,63,15,PIM0,pim,6,"LN:-1,V:0,SV:0,O:1,FFN_W1:0,FFN_W2:1",0.000300873348084707,3.673e-05,pim|decode|2|731d391a82ee0cb7f0755396c849b1dc,2,sample_step,0.019255894277421248,0.00235072,-0.000264143348084707,0.12207794486887934,-0.016905174277421248,0.12207794486887934
ianus_prefill-1024xdecode_512_ops_trace.csv,decode,2,63,15,GPU0,npu,14,"Q:0,K:0,Q:1,K:1,QK:0,QK:1,Softmax:0,Softmax:1,O:0,Add:-1,FFN_W3:0,FFN_W3:1,SwiGLU:0,Add:-1",0.00020858701586501385,0.00032665600776672366,npu|decode|2|671eabfb3c980b3de830460630434eeb,2,sample_step,0.013349569015360887,0.020905984497070314,0.00011806899190170981,1.5660419053989325,0.007556415481709428,1.5660419053989325
ianus_prefill-1024xdecode_512_ops_trace.csv,decode,2,63,15,PIM1,pim,6,"V:1,SV:1,LN:-1,FFN_W1:1,SwiGLU:1,FFN_W2:0",0.0002714476737679661,3.3171e-05,pim|decode|2|016e8acce089f109420138ec5b8e8adb,2,sample_step,0.01737265112114983,0.002122944,-0.00023827667376796608,0.1222003472697085,-0.01524970712114983,0.1222003472697085
ianus_prefill-1024xdecode_512_ops_trace.csv,decode,2,63,16,PIM0,pim,6,"LN:-1,V:0,SV:0,O:1,FFN_W1:0,FFN_W2:1",0.000300873348084707,3.673e-05,pim|decode|2|731d391a82ee0cb7f0755396c849b1dc,2,sample_step,0.019255894277421248,0.00235072,-0.000264143348084707,0.12207794486887934,-0.016905174277421248,0.12207794486887934
ianus_prefill-1024xdecode_512_ops_trace.csv,decode,2,63,16,GPU0,npu,14,"Q:0,K:0,Q:1,K:1,QK:0,QK:1,Softmax:0,Softmax:1,O:0,Add:-1,FFN_W3:0,FFN_W3:1,SwiGLU:0,Add:-1",0.00020858701586501385,0.00032665600776672366,npu|decode|2|671eabfb3c980b3de830460630434eeb,2,sample_step,0.013349569015360887,0.020905984497070314,0.00011806899190170981,1.5660419053989325,0.007556415481709428,1.5660419053989325
ianus_prefill-1024xdecode_512_ops_trace.csv,decode,2,63,16,PIM1,pim,6,"V:1,SV:1,LN:-1,FFN_W1:1,SwiGLU:1,FFN_W2:0",0.0002714476737679661,3.3171e-05,pim|decode|2|016e8acce089f109420138ec5b8e8adb,2,sample_step,0.01737265112114983,0.002122944,-0.00023827667376796608,0.1222003472697085,-0.01524970712114983,0.1222003472697085
ianus_prefill-1024xdecode_512_ops_trace.csv,decode,2,63,17,PIM0,pim,6,"LN:-1,V:0,SV:0,O:1,FFN_W1:0,FFN_W2:1",0.000300873348084707,3.673e-05,pim|decode|2|731d391a82ee0cb7f0755396c849b1dc,2,sample_step,0.019255894277421248,0.00235072,-0.000264143348084707,0.12207794486887934,-0.016905174277421248,0.12207794486887934
ianus_prefill-1024xdecode_512_ops_trace.csv,decode,2,63,17,GPU0,npu,14,"Q:0,K:0,Q:1,K:1,QK:0,QK:1,Softmax:0,Softmax:1,O:0,Add:-1,FFN_W3:0,FFN_W3:1,SwiGLU:0,Add:-1",0.00020858701586501385,0.00032665600776672366,npu|decode|2|671eabfb3c980b3de830460630434eeb,2,sample_step,0.013349569015360887,0.020905984497070314,0.00011806899190170981,1.5660419053989325,0.007556415481709428,1.5660419053989325
ianus_prefill-1024xdecode_512_ops_trace.csv,decode,2,63,17,PIM1,pim,6,"V:1,SV:1,LN:-1,FFN_W1:1,SwiGLU:1,FFN_W2:0",0.0002714476737679661,3.3171e-05,pim|decode|2|016e8acce089f109420138ec5b8e8adb,2,sample_step,0.01737265112114983,0.002122944,-0.00023827667376796608,0.1222003472697085,-0.01524970712114983,0.1222003472697085
ianus_prefill-1024xdecode_512_ops_trace.csv,decode,2,63,18,PIM0,pim,6,"LN:-1,V:0,SV:0,O:1,FFN_W1:0,FFN_W2:1",0.000300873348084707,3.673e-05,pim|decode|2|731d391a82ee0cb7f0755396c849b1dc,2,sample_step,0.019255894277421248,0.00235072,-0.000264143348084707,0.12207794486887934,-0.016905174277421248,0.12207794486887934
ianus_prefill-1024xdecode_512_ops_trace.csv,decode,2,63,18,GPU0,npu,14,"Q:0,K:0,Q:1,K:1,QK:0,QK:1,Softmax:0,Softmax:1,O:0,Add:-1,FFN_W3:0,FFN_W3:1,SwiGLU:0,Add:-1",0.00020858701586501385,0.00032665600776672366,npu|decode|2|671eabfb3c980b3de830460630434eeb,2,sample_step,0.013349569015360887,0.020905984497070314,0.00011806899190170981,1.5660419053989325,0.007556415481709428,1.5660419053989325
ianus_prefill-1024xdecode_512_ops_trace.csv,decode,2,63,18,PIM1,pim,6,"V:1,SV:1,LN:-1,FFN_W1:1,SwiGLU:1,FFN_W2:0",0.0002714476737679661,3.3171e-05,pim|decode|2|016e8acce089f109420138ec5b8e8adb,2,sample_step,0.01737265112114983,0.002122944,-0.00023827667376796608,0.1222003472697085,-0.01524970712114983,0.1222003472697085
ianus_prefill-1024xdecode_512_ops_trace.csv,decode,2,63,19,PIM0,pim,6,"LN:-1,V:0,SV:0,O:1,FFN_W1:0,FFN_W2:1",0.000300873348084707,3.673e-05,pim|decode|2|731d391a82ee0cb7f0755396c849b1dc,2,sample_step,0.019255894277421248,0.00235072,-0.000264143348084707,0.12207794486887934,-0.016905174277421248,0.12207794486887934
ianus_prefill-1024xdecode_512_ops_trace.csv,decode,2,63,19,GPU0,npu,14,"Q:0,K:0,Q:1,K:1,QK:0,QK:1,Softmax:0,Softmax:1,O:0,Add:-1,FFN_W3:0,FFN_W3:1,SwiGLU:0,Add:-1",0.00020858701586501385,0.00032665600776672366,npu|decode|2|671eabfb3c980b3de830460630434eeb,2,sample_step,0.013349569015360887,0.020905984497070314,0.00011806899190170981,1.5660419053989325,0.007556415481709428,1.5660419053989325
ianus_prefill-1024xdecode_512_ops_trace.csv,decode,2,63,19,PIM1,pim,6,"V:1,SV:1,LN:-1,FFN_W1:1,SwiGLU:1,FFN_W2:0",0.0002714476737679661,3.3171e-05,pim|decode|2|016e8acce089f109420138ec5b8e8adb,2,sample_step,0.01737265112114983,0.002122944,-0.00023827667376796608,0.1222003472697085,-0.01524970712114983,0.1222003472697085
ianus_prefill-1024xdecode_512_ops_trace.csv,decode,2,63,20,PIM0,pim,6,"LN:-1,V:0,SV:0,O:1,FFN_W1:0,FFN_W2:1",0.000300873348084707,3.673e-05,pim|decode|2|731d391a82ee0cb7f0755396c849b1dc,2,sample_step,0.019255894277421248,0.00235072,-0.000264143348084707,0.12207794486887934,-0.016905174277421248,0.12207794486887934
ianus_prefill-1024xdecode_512_ops_trace.csv,decode,2,63,20,GPU0,npu,14,"Q:0,K:0,Q:1,K:1,QK:0,QK:1,Softmax:0,Softmax:1,O:0,Add:-1,FFN_W3:0,FFN_W3:1,SwiGLU:0,Add:-1",0.00020858701586501385,0.00032665600776672366,npu|decode|2|671eabfb3c980b3de830460630434eeb,2,sample_step,0.013349569015360887,0.020905984497070314,0.00011806899190170981,1.5660419053989325,0.007556415481709428,1.5660419053989325
ianus_prefill-1024xdecode_512_ops_trace.csv,decode,2,63,20,PIM1,pim,6,"V:1,SV:1,LN:-1,FFN_W1:1,SwiGLU:1,FFN_W2:0",0.0002714476737679661,3.3171e-05,pim|decode|2|016e8acce089f109420138ec5b8e8adb,2,sample_step,0.01737265112114983,0.002122944,-0.00023827667376796608,0.1222003472697085,-0.01524970712114983,0.1222003472697085
ianus_prefill-1024xdecode_512_ops_trace.csv,decode,2,63,21,PIM0,pim,6,"LN:-1,V:0,SV:0,O:1,FFN_W1:0,FFN_W2:1",0.000300873348084707,3.673e-05,pim|decode|2|731d391a82ee0cb7f0755396c849b1dc,2,sample_step,0.019255894277421248,0.00235072,-0.000264143348084707,0.12207794486887934,-0.016905174277421248,0.12207794486887934
ianus_prefill-1024xdecode_512_ops_trace.csv,decode,2,63,21,GPU0,npu,14,"Q:0,K:0,Q:1,K:1,QK:0,QK:1,Softmax:0,Softmax:1,O:0,Add:-1,FFN_W3:0,FFN_W3:1,SwiGLU:0,Add:-1",0.00020858701586501385,0.00032665600776672366,npu|decode|2|671eabfb3c980b3de830460630434eeb,2,sample_step,0.013349569015360887,0.020905984497070314,0.00011806899190170981,1.5660419053989325,0.007556415481709428,1.5660419053989325
ianus_prefill-1024xdecode_512_ops_trace.csv,decode,2,63,21,PIM1,pim,6,"V:1,SV:1,LN:-1,FFN_W1:1,SwiGLU:1,FFN_W2:0",0.0002714476737679661,3.3171e-05,pim|decode|2|016e8acce089f109420138ec5b8e8adb,2,sample_step,0.01737265112114983,0.002122944,-0.00023827667376796608,0.1222003472697085,-0.01524970712114983,0.1222003472697085
ianus_prefill-1024xdecode_512_ops_trace.csv,decode,2,63,22,PIM0,pim,6,"LN:-1,V:0,SV:0,O:1,FFN_W1:0,FFN_W2:1",0.000300873348084707,3.673e-05,pim|decode|2|731d391a82ee0cb7f0755396c849b1dc,2,sample_step,0.019255894277421248,0.00235072,-0.000264143348084707,0.12207794486887934,-0.016905174277421248,0.12207794486887934
ianus_prefill-1024xdecode_512_ops_trace.csv,decode,2,63,22,GPU0,npu,14,"Q:0,K:0,Q:1,K:1,QK:0,QK:1,Softmax:0,Softmax:1,O:0,Add:-1,FFN_W3:0,FFN_W3:1,SwiGLU:0,Add:-1",0.00020858701586501385,0.00032665600776672366,npu|decode|2|671eabfb3c980b3de830460630434eeb,2,sample_step,0.013349569015360887,0.020905984497070314,0.00011806899190170981,1.5660419053989325,0.007556415481709428,1.5660419053989325
ianus_prefill-1024xdecode_512_ops_trace.csv,decode,2,63,22,PIM1,pim,6,"V:1,SV:1,LN:-1,FFN_W1:1,SwiGLU:1,FFN_W2:0",0.0002714476737679661,3.3171e-05,pim|decode|2|016e8acce089f109420138ec5b8e8adb,2,sample_step,0.01737265112114983,0.002122944,-0.00023827667376796608,0.1222003472697085,-0.01524970712114983,0.1222003472697085
ianus_prefill-1024xdecode_512_ops_trace.csv,decode,2,63,23,PIM0,pim,6,"LN:-1,V:0,SV:0,O:1,FFN_W1:0,FFN_W2:1",0.000300873348084707,3.673e-05,pim|decode|2|731d391a82ee0cb7f0755396c849b1dc,2,sample_step,0.019255894277421248,0.00235072,-0.000264143348084707,0.12207794486887934,-0.016905174277421248,0.12207794486887934
ianus_prefill-1024xdecode_512_ops_trace.csv,decode,2,63,23,GPU0,npu,14,"Q:0,K:0,Q:1,K:1,QK:0,QK:1,Softmax:0,Softmax:1,O:0,Add:-1,FFN_W3:0,FFN_W3:1,SwiGLU:0,Add:-1",0.00020858701586501385,0.00032665600776672366,npu|decode|2|671eabfb3c980b3de830460630434eeb,2,sample_step,0.013349569015360887,0.020905984497070314,0.00011806899190170981,1.5660419053989325,0.007556415481709428,1.5660419053989325
ianus_prefill-1024xdecode_512_ops_trace.csv,decode,2,63,23,PIM1,pim,6,"V:1,SV:1,LN:-1,FFN_W1:1,SwiGLU:1,FFN_W2:0",0.0002714476737679661,3.3171e-05,pim|decode|2|016e8acce089f109420138ec5b8e8adb,2,sample_step,0.01737265112114983,0.002122944,-0.00023827667376796608,0.1222003472697085,-0.01524970712114983,0.1222003472697085
ianus_prefill-1024xdecode_512_ops_trace.csv,decode,2,63,24,PIM0,pim,6,"LN:-1,V:0,SV:0,O:1,FFN_W1:0,FFN_W2:1",0.000300873348084707,3.673e-05,pim|decode|2|731d391a82ee0cb7f0755396c849b1dc,2,sample_step,0.019255894277421248,0.00235072,-0.000264143348084707,0.12207794486887934,-0.016905174277421248,0.12207794486887934
ianus_prefill-1024xdecode_512_ops_trace.csv,decode,2,63,24,GPU0,npu,14,"Q:0,K:0,Q:1,K:1,QK:0,QK:1,Softmax:0,Softmax:1,O:0,Add:-1,FFN_W3:0,FFN_W3:1,SwiGLU:0,Add:-1",0.00020858701586501385,0.00032665600776672366,npu|decode|2|671eabfb3c980b3de830460630434eeb,2,sample_step,0.013349569015360887,0.020905984497070314,0.00011806899190170981,1.5660419053989325,0.007556415481709428,1.5660419053989325
ianus_prefill-1024xdecode_512_ops_trace.csv,decode,2,63,24,PIM1,pim,6,"V:1,SV:1,LN:-1,FFN_W1:1,SwiGLU:1,FFN_W2:0",0.0002714476737679661,3.3171e-05,pim|decode|2|016e8acce089f109420138ec5b8e8adb,2,sample_step,0.01737265112114983,0.002122944,-0.00023827667376796608,0.1222003472697085,-0.01524970712114983,0.1222003472697085
ianus_prefill-1024xdecode_512_ops_trace.csv,decode,2,63,25,PIM0,pim,6,"LN:-1,V:0,SV:0,O:1,FFN_W1:0,FFN_W2:1",0.000300873348084707,3.673e-05,pim|decode|2|731d391a82ee0cb7f0755396c849b1dc,2,sample_step,0.019255894277421248,0.00235072,-0.000264143348084707,0.12207794486887934,-0.016905174277421248,0.12207794486887934
ianus_prefill-1024xdecode_512_ops_trace.csv,decode,2,63,25,GPU0,npu,14,"Q:0,K:0,Q:1,K:1,QK:0,QK:1,Softmax:0,Softmax:1,O:0,Add:-1,FFN_W3:0,FFN_W3:1,SwiGLU:0,Add:-1",0.00020858701586501385,0.00032665600776672366,npu|decode|2|671eabfb3c980b3de830460630434eeb,2,sample_step,0.013349569015360887,0.020905984497070314,0.00011806899190170981,1.5660419053989325,0.007556415481709428,1.5660419053989325
ianus_prefill-1024xdecode_512_ops_trace.csv,decode,2,63,25,PIM1,pim,6,"V:1,SV:1,LN:-1,FFN_W1:1,SwiGLU:1,FFN_W2:0",0.0002714476737679661,3.3171e-05,pim|decode|2|016e8acce089f109420138ec5b8e8adb,2,sample_step,0.01737265112114983,0.002122944,-0.00023827667376796608,0.1222003472697085,-0.01524970712114983,0.1222003472697085
ianus_prefill-1024xdecode_512_ops_trace.csv,decode,2,63,26,PIM0,pim,6,"LN:-1,V:0,SV:0,O:1,FFN_W1:0,FFN_W2:1",0.000300873348084707,3.673e-05,pim|decode|2|731d391a82ee0cb7f0755396c849b1dc,2,sample_step,0.019255894277421248,0.00235072,-0.000264143348084707,0.12207794486887934,-0.016905174277421248,0.12207794486887934
ianus_prefill-1024xdecode_512_ops_trace.csv,decode,2,63,26,GPU0,npu,14,"Q:0,K:0,Q:1,K:1,QK:0,QK:1,Softmax:0,Softmax:1,O:0,Add:-1,FFN_W3:0,FFN_W3:1,SwiGLU:0,Add:-1",0.00020858701586501385,0.00032665600776672366,npu|decode|2|671eabfb3c980b3de830460630434eeb,2,sample_step,0.013349569015360887,0.020905984497070314,0.00011806899190170981,1.5660419053989325,0.007556415481709428,1.5660419053989325
ianus_prefill-1024xdecode_512_ops_trace.csv,decode,2,63,26,PIM1,pim,6,"V:1,SV:1,LN:-1,FFN_W1:1,SwiGLU:1,FFN_W2:0",0.0002714476737679661,3.3171e-05,pim|decode|2|016e8acce089f109420138ec5b8e8adb,2,sample_step,0.01737265112114983,0.002122944,-0.00023827667376796608,0.1222003472697085,-0.01524970712114983,0.1222003472697085
ianus_prefill-1024xdecode_512_ops_trace.csv,decode,2,63,27,PIM0,pim,6,"LN:-1,V:0,SV:0,O:1,FFN_W1:0,FFN_W2:1",0.000300873348084707,3.673e-05,pim|decode|2|731d391a82ee0cb7f0755396c849b1dc,2,sample_step,0.019255894277421248,0.00235072,-0.000264143348084707,0.12207794486887934,-0.016905174277421248,0.12207794486887934
ianus_prefill-1024xdecode_512_ops_trace.csv,decode,2,63,27,GPU0,npu,14,"Q:0,K:0,Q:1,K:1,QK:0,QK:1,Softmax:0,Softmax:1,O:0,Add:-1,FFN_W3:0,FFN_W3:1,SwiGLU:0,Add:-1",0.00020858701586501385,0.00032665600776672366,npu|decode|2|671eabfb3c980b3de830460630434eeb,2,sample_step,0.013349569015360887,0.020905984497070314,0.00011806899190170981,1.5660419053989325,0.007556415481709428,1.5660419053989325
ianus_prefill-1024xdecode_512_ops_trace.csv,decode,2,63,27,PIM1,pim,6,"V:1,SV:1,LN:-1,FFN_W1:1,SwiGLU:1,FFN_W2:0",0.0002714476737679661,3.3171e-05,pim|decode|2|016e8acce089f109420138ec5b8e8adb,2,sample_step,0.01737265112114983,0.002122944,-0.00023827667376796608,0.1222003472697085,-0.01524970712114983,0.1222003472697085
ianus_prefill-1024xdecode_512_ops_trace.csv,decode,2,63,28,PIM0,pim,6,"LN:-1,V:0,SV:0,O:1,FFN_W1:0,FFN_W2:1",0.000300873348084707,3.673e-05,pim|decode|2|731d391a82ee0cb7f0755396c849b1dc,2,sample_step,0.019255894277421248,0.00235072,-0.000264143348084707,0.12207794486887934,-0.016905174277421248,0.12207794486887934
ianus_prefill-1024xdecode_512_ops_trace.csv,decode,2,63,28,GPU0,npu,14,"Q:0,K:0,Q:1,K:1,QK:0,QK:1,Softmax:0,Softmax:1,O:0,Add:-1,FFN_W3:0,FFN_W3:1,SwiGLU:0,Add:-1",0.00020858701586501385,0.00032665600776672366,npu|decode|2|671eabfb3c980b3de830460630434eeb,2,sample_step,0.013349569015360887,0.020905984497070314,0.00011806899190170981,1.5660419053989325,0.007556415481709428,1.5660419053989325
ianus_prefill-1024xdecode_512_ops_trace.csv,decode,2,63,28,PIM1,pim,6,"V:1,SV:1,LN:-1,FFN_W1:1,SwiGLU:1,FFN_W2:0",0.0002714476737679661,3.3171e-05,pim|decode|2|016e8acce089f109420138ec5b8e8adb,2,sample_step,0.01737265112114983,0.002122944,-0.00023827667376796608,0.1222003472697085,-0.01524970712114983,0.1222003472697085
ianus_prefill-1024xdecode_512_ops_trace.csv,decode,2,63,29,PIM0,pim,6,"LN:-1,V:0,SV:0,O:1,FFN_W1:0,FFN_W2:1",0.000300873348084707,3.673e-05,pim|decode|2|731d391a82ee0cb7f0755396c849b1dc,2,sample_step,0.019255894277421248,0.00235072,-0.000264143348084707,0.12207794486887934,-0.016905174277421248,0.12207794486887934
ianus_prefill-1024xdecode_512_ops_trace.csv,decode,2,63,29,GPU0,npu,14,"Q:0,K:0,Q:1,K:1,QK:0,QK:1,Softmax:0,Softmax:1,O:0,Add:-1,FFN_W3:0,FFN_W3:1,SwiGLU:0,Add:-1",0.00020858701586501385,0.00032665600776672366,npu|decode|2|671eabfb3c980b3de830460630434eeb,2,sample_step,0.013349569015360887,0.020905984497070314,0.00011806899190170981,1.5660419053989325,0.007556415481709428,1.5660419053989325
ianus_prefill-1024xdecode_512_ops_trace.csv,decode,2,63,29,PIM1,pim,6,"V:1,SV:1,LN:-1,FFN_W1:1,SwiGLU:1,FFN_W2:0",0.0002714476737679661,3.3171e-05,pim|decode|2|016e8acce089f109420138ec5b8e8adb,2,sample_step,0.01737265112114983,0.002122944,-0.00023827667376796608,0.1222003472697085,-0.01524970712114983,0.1222003472697085
ianus_prefill-1024xdecode_512_ops_trace.csv,decode,2,63,30,PIM0,pim,6,"LN:-1,V:0,SV:0,O:1,FFN_W1:0,FFN_W2:1",0.000300873348084707,3.673e-05,pim|decode|2|731d391a82ee0cb7f0755396c849b1dc,2,sample_step,0.019255894277421248,0.00235072,-0.000264143348084707,0.12207794486887934,-0.016905174277421248,0.12207794486887934
ianus_prefill-1024xdecode_512_ops_trace.csv,decode,2,63,30,GPU0,npu,14,"Q:0,K:0,Q:1,K:1,QK:0,QK:1,Softmax:0,Softmax:1,O:0,Add:-1,FFN_W3:0,FFN_W3:1,SwiGLU:0,Add:-1",0.00020858701586501385,0.00032665600776672366,npu|decode|2|671eabfb3c980b3de830460630434eeb,2,sample_step,0.013349569015360887,0.020905984497070314,0.00011806899190170981,1.5660419053989325,0.007556415481709428,1.5660419053989325
ianus_prefill-1024xdecode_512_ops_trace.csv,decode,2,63,30,PIM1,pim,6,"V:1,SV:1,LN:-1,FFN_W1:1,SwiGLU:1,FFN_W2:0",0.0002714476737679661,3.3171e-05,pim|decode|2|016e8acce089f109420138ec5b8e8adb,2,sample_step,0.01737265112114983,0.002122944,-0.00023827667376796608,0.1222003472697085,-0.01524970712114983,0.1222003472697085
ianus_prefill-1024xdecode_512_ops_trace.csv,decode,2,63,31,PIM0,pim,6,"LN:-1,V:0,SV:0,O:1,FFN_W1:0,FFN_W2:1",0.000300873348084707,3.673e-05,pim|decode|2|731d391a82ee0cb7f0755396c849b1dc,2,sample_step,0.019255894277421248,0.00235072,-0.000264143348084707,0.12207794486887934,-0.016905174277421248,0.12207794486887934
ianus_prefill-1024xdecode_512_ops_trace.csv,decode,2,63,31,GPU0,npu,14,"Q:0,K:0,Q:1,K:1,QK:0,QK:1,Softmax:0,Softmax:1,O:0,Add:-1,FFN_W3:0,FFN_W3:1,SwiGLU:0,Add:-1",0.00020858701586501385,0.00032665600776672366,npu|decode|2|671eabfb3c980b3de830460630434eeb,2,sample_step,0.013349569015360887,0.020905984497070314,0.00011806899190170981,1.5660419053989325,0.007556415481709428,1.5660419053989325
ianus_prefill-1024xdecode_512_ops_trace.csv,decode,2,63,31,PIM1,pim,6,"V:1,SV:1,LN:-1,FFN_W1:1,SwiGLU:1,FFN_W2:0",0.0002714476737679661,3.3171e-05,pim|decode|2|016e8acce089f109420138ec5b8e8adb,2,sample_step,0.01737265112114983,0.002122944,-0.00023827667376796608,0.1222003472697085,-0.01524970712114983,0.1222003472697085
ianus_prefill-1024xdecode_512_ops_trace.csv,decode,3,127,0,GPU0,npu,15,"LN:-1,Q:0,K:0,Q:1,K:1,QK:0,QK:1,Softmax:0,Softmax:1,O:0,Add:-1,FFN_W3:0,FFN_W3:1,SwiGLU:0,Add:-1",0.00024396003103355213,0.00036863999366760255,npu|decode|3|2a5538c8f9df4db4add3d84eaac8c78a,3,sample_step,0.015613441986147336,0.023592959594726563,0.00012467996263405042,1.5110671699205638,0.007979517608579227,1.5110671699205638
ianus_prefill-1024xdecode_512_ops_trace.csv,decode,3,127,0,PIM0,pim,5,"V:0,SV:0,O:1,FFN_W1:0,FFN_W2:1",0.0002909373480814992,3.5488e-05,pim|decode|3|ebea3d96ba5f955b87a93b12b17bba6f,3,sample_step,0.018619990277215948,0.002271232,-0.00025544934808149916,0.12197815177052787,-0.016348758277215946,0.12197815177052787
ianus_prefill-1024xdecode_512_ops_trace.csv,decode,3,127,0,PIM1,pim,6,"V:1,SV:1,LN:-1,FFN_W1:1,SwiGLU:1,FFN_W2:0",0.00027202367376588654,3.3243e-05,pim|decode|3|016e8acce089f109420138ec5b8e8adb,3,sample_step,0.01740951512101674,0.002127552,-0.00023878067376588655,0.12220627543104992,-0.01528196312101674,0.12220627543104992
ianus_prefill-1024xdecode_512_ops_trace.csv,decode,3,127,1,PIM0,pim,6,"LN:-1,V:0,SV:0,O:1,FFN_W1:0,FFN_W2:1",0.0003014493480808511,3.6802e-05,pim|decode|3|731d391a82ee0cb7f0755396c849b1dc,3,sample_step,0.01929275827717447,0.002355328,-0.0002646473480808511,0.12208352824212912,-0.01693743027717447,0.12208352824212912
ianus_prefill-1024xdecode_512_ops_trace.csv,decode,3,127,1,GPU0,npu,14,"Q:0,K:0,Q:1,K:1,QK:0,QK:1,Softmax:0,Softmax:1,O:0,Add:-1,FFN_W3:0,FFN_W3:1,SwiGLU:0,Add:-1",0.0002086504263889566,0.00032808959484100344,npu|decode|3|671eabfb3c980b3de830460630434eeb,3,sample_step,0.013353627288893222,0.02099773406982422,0.00011943916845204685,1.5724367331480733,0.007644106780930998,1.5724367331480733
ianus_prefill-1024xdecode_512_ops_trace.csv,decode,3,127,1,PIM1,pim,6,"V:1,SV:1,LN:-1,FFN_W1:1,SwiGLU:1,FFN_W2:0",0.00027202367376588654,3.3243e-05,pim|decode|3|016e8acce089f109420138ec5b8e8adb,3,sample_step,0.01740951512101674,0.002127552,-0.00023878067376588655,0.12220627543104992,-0.01528196312101674,0.12220627543104992
ianus_prefill-1024xdecode_512_ops_trace.csv,decode,3,127,2,PIM0,pim,6,"LN:-1,V:0,SV:0,O:1,FFN_W1:0,FFN_W2:1",0.0003014493480808511,3.6802e-05,pim|decode|3|731d391a82ee0cb7f0755396c849b1dc,3,sample_step,0.01929275827717447,0.002355328,-0.0002646473480808511,0.12208352824212912,-0.01693743027717447,0.12208352824212912
ianus_prefill-1024xdecode_512_ops_trace.csv,decode,3,127,2,GPU0,npu,14,"Q:0,K:0,Q:1,K:1,QK:0,QK:1,Softmax:0,Softmax:1,O:0,Add:-1,FFN_W3:0,FFN_W3:1,SwiGLU:0,Add:-1",0.0002086504263889566,0.00032808959484100344,npu|decode|3|671eabfb3c980b3de830460630434eeb,3,sample_step,0.013353627288893222,0.02099773406982422,0.00011943916845204685,1.5724367331480733,0.007644106780930998,1.5724367331480733
ianus_prefill-1024xdecode_512_ops_trace.csv,decode,3,127,2,PIM1,pim,6,"V:1,SV:1,LN:-1,FFN_W1:1,SwiGLU:1,FFN_W2:0",0.00027202367376588654,3.3243e-05,pim|decode|3|016e8acce089f109420138ec5b8e8adb,3,sample_step,0.01740951512101674,0.002127552,-0.00023878067376588655,0.12220627543104992,-0.01528196312101674,0.12220627543104992
ianus_prefill-1024xdecode_512_ops_trace.csv,decode,3,127,3,PIM0,pim,6,"LN:-1,V:0,SV:0,O:1,FFN_W1:0,FFN_W2:1",0.0003014493480808511,3.6802e-05,pim|decode|3|731d391a82ee0cb7f0755396c849b1dc,3,sample_step,0.01929275827717447,0.002355328,-0.0002646473480808511,0.12208352824212912,-0.01693743027717447,0.12208352824212912
ianus_prefill-1024xdecode_512_ops_trace.csv,decode,3,127,3,GPU0,npu,14,"Q:0,K:0,Q:1,K:1,QK:0,QK:1,Softmax:0,Softmax:1,O:0,Add:-1,FFN_W3:0,FFN_W3:1,SwiGLU:0,Add:-1",0.0002086504263889566,0.00032808959484100344,npu|decode|3|671eabfb3c980b3de830460630434eeb,3,sample_step,0.013353627288893222,0.02099773406982422,0.00011943916845204685,1.5724367331480733,0.007644106780930998,1.5724367331480733
ianus_prefill-1024xdecode_512_ops_trace.csv,decode,3,127,3,PIM1,pim,6,"V:1,SV:1,LN:-1,FFN_W1:1,SwiGLU:1,FFN_W2:0",0.00027202367376588654,3.3243e-05,pim|decode|3|016e8acce089f109420138ec5b8e8adb,3,sample_step,0.01740951512101674,0.002127552,-0.00023878067376588655,0.12220627543104992,-0.01528196312101674,0.12220627543104992
ianus_prefill-1024xdecode_512_ops_trace.csv,decode,3,127,4,PIM0,pim,6,"LN:-1,V:0,SV:0,O:1,FFN_W1:0,FFN_W2:1",0.0003014493480808511,3.6802e-05,pim|decode|3|731d391a82ee0cb7f0755396c849b1dc,3,sample_step,0.01929275827717447,0.002355328,-0.0002646473480808511,0.12208352824212912,-0.01693743027717447,0.12208352824212912
ianus_prefill-1024xdecode_512_ops_trace.csv,decode,3,127,4,GPU0,npu,14,"Q:0,K:0,Q:1,K:1,QK:0,QK:1,Softmax:0,Softmax:1,O:0,Add:-1,FFN_W3:0,FFN_W3:1,SwiGLU:0,Add:-1",0.0002086504263889566,0.00032808959484100344,npu|decode|3|671eabfb3c980b3de830460630434eeb,3,sample_step,0.013353627288893222,0.02099773406982422,0.00011943916845204685,1.5724367331480733,0.007644106780930998,1.5724367331480733
ianus_prefill-1024xdecode_512_ops_trace.csv,decode,3,127,4,PIM1,pim,6,"V:1,SV:1,LN:-1,FFN_W1:1,SwiGLU:1,FFN_W2:0",0.00027202367376588654,3.3243e-05,pim|decode|3|016e8acce089f109420138ec5b8e8adb,3,sample_step,0.01740951512101674,0.002127552,-0.00023878067376588655,0.12220627543104992,-0.01528196312101674,0.12220627543104992
ianus_prefill-1024xdecode_512_ops_trace.csv,decode,3,127,5,PIM0,pim,6,"LN:-1,V:0,SV:0,O:1,FFN_W1:0,FFN_W2:1",0.0003014493480808511,3.6802e-05,pim|decode|3|731d391a82ee0cb7f0755396c849b1dc,3,sample_step,0.01929275827717447,0.002355328,-0.0002646473480808511,0.12208352824212912,-0.01693743027717447,0.12208352824212912
ianus_prefill-1024xdecode_512_ops_trace.csv,decode,3,127,5,GPU0,npu,14,"Q:0,K:0,Q:1,K:1,QK:0,QK:1,Softmax:0,Softmax:1,O:0,Add:-1,FFN_W3:0,FFN_W3:1,SwiGLU:0,Add:-1",0.0002086504263889566,0.00032808959484100344,npu|decode|3|671eabfb3c980b3de830460630434eeb,3,sample_step,0.013353627288893222,0.02099773406982422,0.00011943916845204685,1.5724367331480733,0.007644106780930998,1.5724367331480733
ianus_prefill-1024xdecode_512_ops_trace.csv,decode,3,127,5,PIM1,pim,6,"V:1,SV:1,LN:-1,FFN_W1:1,SwiGLU:1,FFN_W2:0",0.00027202367376588654,3.3243e-05,pim|decode|3|016e8acce089f109420138ec5b8e8adb,3,sample_step,0.01740951512101674,0.002127552,-0.00023878067376588655,0.12220627543104992,-0.01528196312101674,0.12220627543104992
ianus_prefill-1024xdecode_512_ops_trace.csv,decode,3,127,6,PIM0,pim,6,"LN:-1,V:0,SV:0,O:1,FFN_W1:0,FFN_W2:1",0.0003014493480808511,3.6802e-05,pim|decode|3|731d391a82ee0cb7f0755396c849b1dc,3,sample_step,0.01929275827717447,0.002355328,-0.0002646473480808511,0.12208352824212912,-0.01693743027717447,0.12208352824212912
ianus_prefill-1024xdecode_512_ops_trace.csv,decode,3,127,6,GPU0,npu,14,"Q:0,K:0,Q:1,K:1,QK:0,QK:1,Softmax:0,Softmax:1,O:0,Add:-1,FFN_W3:0,FFN_W3:1,SwiGLU:0,Add:-1",0.0002086504263889566,0.00032808959484100344,npu|decode|3|671eabfb3c980b3de830460630434eeb,3,sample_step,0.013353627288893222,0.02099773406982422,0.00011943916845204685,1.5724367331480733,0.007644106780930998,1.5724367331480733
ianus_prefill-1024xdecode_512_ops_trace.csv,decode,3,127,6,PIM1,pim,6,"V:1,SV:1,LN:-1,FFN_W1:1,SwiGLU:1,FFN_W2:0",0.00027202367376588654,3.3243e-05,pim|decode|3|016e8acce089f109420138ec5b8e8adb,3,sample_step,0.01740951512101674,0.002127552,-0.00023878067376588655,0.12220627543104992,-0.01528196312101674,0.12220627543104992
ianus_prefill-1024xdecode_512_ops_trace.csv,decode,3,127,7,PIM0,pim,6,"LN:-1,V:0,SV:0,O:1,FFN_W1:0,FFN_W2:1",0.0003014493480808511,3.6802e-05,pim|decode|3|731d391a82ee0cb7f0755396c849b1dc,3,sample_step,0.01929275827717447,0.002355328,-0.0002646473480808511,0.12208352824212912,-0.01693743027717447,0.12208352824212912
ianus_prefill-1024xdecode_512_ops_trace.csv,decode,3,127,7,GPU0,npu,14,"Q:0,K:0,Q:1,K:1,QK:0,QK:1,Softmax:0,Softmax:1,O:0,Add:-1,FFN_W3:0,FFN_W3:1,SwiGLU:0,Add:-1",0.0002086504263889566,0.00032808959484100344,npu|decode|3|671eabfb3c980b3de830460630434eeb,3,sample_step,0.013353627288893222,0.02099773406982422,0.00011943916845204685,1.5724367331480733,0.007644106780930998,1.5724367331480733
ianus_prefill-1024xdecode_512_ops_trace.csv,decode,3,127,7,PIM1,pim,6,"V:1,SV:1,LN:-1,FFN_W1:1,SwiGLU:1,FFN_W2:0",0.00027202367376588654,3.3243e-05,pim|decode|3|016e8acce089f109420138ec5b8e8adb,3,sample_step,0.01740951512101674,0.002127552,-0.00023878067376588655,0.12220627543104992,-0.01528196312101674,0.12220627543104992
ianus_prefill-1024xdecode_512_ops_trace.csv,decode,3,127,8,PIM0,pim,6,"LN:-1,V:0,SV:0,O:1,FFN_W1:0,FFN_W2:1",0.0003014493480808511,3.6802e-05,pim|decode|3|731d391a82ee0cb7f0755396c849b1dc,3,sample_step,0.01929275827717447,0.002355328,-0.0002646473480808511,0.12208352824212912,-0.01693743027717447,0.12208352824212912
ianus_prefill-1024xdecode_512_ops_trace.csv,decode,3,127,8,GPU0,npu,14,"Q:0,K:0,Q:1,K:1,QK:0,QK:1,Softmax:0,Softmax:1,O:0,Add:-1,FFN_W3:0,FFN_W3:1,SwiGLU:0,Add:-1",0.0002086504263889566,0.00032808959484100344,npu|decode|3|671eabfb3c980b3de830460630434eeb,3,sample_step,0.013353627288893222,0.02099773406982422,0.00011943916845204685,1.5724367331480733,0.007644106780930998,1.5724367331480733
ianus_prefill-1024xdecode_512_ops_trace.csv,decode,3,127,8,PIM1,pim,6,"V:1,SV:1,LN:-1,FFN_W1:1,SwiGLU:1,FFN_W2:0",0.00027202367376588654,3.3243e-05,pim|decode|3|016e8acce089f109420138ec5b8e8adb,3,sample_step,0.01740951512101674,0.002127552,-0.00023878067376588655,0.12220627543104992,-0.01528196312101674,0.12220627543104992
ianus_prefill-1024xdecode_512_ops_trace.csv,decode,3,127,9,PIM0,pim,6,"LN:-1,V:0,SV:0,O:1,FFN_W1:0,FFN_W2:1",0.0003014493480808511,3.6802e-05,pim|decode|3|731d391a82ee0cb7f0755396c849b1dc,3,sample_step,0.01929275827717447,0.002355328,-0.0002646473480808511,0.12208352824212912,-0.01693743027717447,0.12208352824212912
ianus_prefill-1024xdecode_512_ops_trace.csv,decode,3,127,9,GPU0,npu,14,"Q:0,K:0,Q:1,K:1,QK:0,QK:1,Softmax:0,Softmax:1,O:0,Add:-1,FFN_W3:0,FFN_W3:1,SwiGLU:0,Add:-1",0.0002086504263889566,0.00032808959484100344,npu|decode|3|671eabfb3c980b3de830460630434eeb,3,sample_step,0.013353627288893222,0.02099773406982422,0.00011943916845204685,1.5724367331480733,0.007644106780930998,1.5724367331480733
ianus_prefill-1024xdecode_512_ops_trace.csv,decode,3,127,9,PIM1,pim,6,"V:1,SV:1,LN:-1,FFN_W1:1,SwiGLU:1,FFN_W2:0",0.00027202367376588654,3.3243e-05,pim|decode|3|016e8acce089f109420138ec5b8e8adb,3,sample_step,0.01740951512101674,0.002127552,-0.00023878067376588655,0.12220627543104992,-0.01528196312101674,0.12220627543104992
ianus_prefill-1024xdecode_512_ops_trace.csv,decode,3,127,10,PIM0,pim,6,"LN:-1,V:0,SV:0,O:1,FFN_W1:0,FFN_W2:1",0.0003014493480808511,3.6802e-05,pim|decode|3|731d391a82ee0cb7f0755396c849b1dc,3,sample_step,0.01929275827717447,0.002355328,-0.0002646473480808511,0.12208352824212912,-0.01693743027717447,0.12208352824212912
ianus_prefill-1024xdecode_512_ops_trace.csv,decode,3,127,10,GPU0,npu,14,"Q:0,K:0,Q:1,K:1,QK:0,QK:1,Softmax:0,Softmax:1,O:0,Add:-1,FFN_W3:0,FFN_W3:1,SwiGLU:0,Add:-1",0.0002086504263889566,0.00032808959484100344,npu|decode|3|671eabfb3c980b3de830460630434eeb,3,sample_step,0.013353627288893222,0.02099773406982422,0.00011943916845204685,1.5724367331480733,0.007644106780930998,1.5724367331480733
ianus_prefill-1024xdecode_512_ops_trace.csv,decode,3,127,10,PIM1,pim,6,"V:1,SV:1,LN:-1,FFN_W1:1,SwiGLU:1,FFN_W2:0",0.00027202367376588654,3.3243e-05,pim|decode|3|016e8acce089f109420138ec5b8e8adb,3,sample_step,0.01740951512101674,0.002127552,-0.00023878067376588655,0.12220627543104992,-0.01528196312101674,0.12220627543104992
ianus_prefill-1024xdecode_512_ops_trace.csv,decode,3,127,11,PIM0,pim,6,"LN:-1,V:0,SV:0,O:1,FFN_W1:0,FFN_W2:1",0.0003014493480808511,3.6802e-05,pim|decode|3|731d391a82ee0cb7f0755396c849b1dc,3,sample_step,0.01929275827717447,0.002355328,-0.0002646473480808511,0.12208352824212912,-0.01693743027717447,0.12208352824212912
ianus_prefill-1024xdecode_512_ops_trace.csv,decode,3,127,11,GPU0,npu,14,"Q:0,K:0,Q:1,K:1,QK:0,QK:1,Softmax:0,Softmax:1,O:0,Add:-1,FFN_W3:0,FFN_W3:1,SwiGLU:0,Add:-1",0.0002086504263889566,0.00032808959484100344,npu|decode|3|671eabfb3c980b3de830460630434eeb,3,sample_step,0.013353627288893222,0.02099773406982422,0.00011943916845204685,1.5724367331480733,0.007644106780930998,1.5724367331480733
ianus_prefill-1024xdecode_512_ops_trace.csv,decode,3,127,11,PIM1,pim,6,"V:1,SV:1,LN:-1,FFN_W1:1,SwiGLU:1,FFN_W2:0",0.00027202367376588654,3.3243e-05,pim|decode|3|016e8acce089f109420138ec5b8e8adb,3,sample_step,0.01740951512101674,0.002127552,-0.00023878067376588655,0.12220627543104992,-0.01528196312101674,0.12220627543104992
ianus_prefill-1024xdecode_512_ops_trace.csv,decode,3,127,12,PIM0,pim,6,"LN:-1,V:0,SV:0,O:1,FFN_W1:0,FFN_W2:1",0.0003014493480808511,3.6802e-05,pim|decode|3|731d391a82ee0cb7f0755396c849b1dc,3,sample_step,0.01929275827717447,0.002355328,-0.0002646473480808511,0.12208352824212912,-0.01693743027717447,0.12208352824212912
ianus_prefill-1024xdecode_512_ops_trace.csv,decode,3,127,12,GPU0,npu,14,"Q:0,K:0,Q:1,K:1,QK:0,QK:1,Softmax:0,Softmax:1,O:0,Add:-1,FFN_W3:0,FFN_W3:1,SwiGLU:0,Add:-1",0.0002086504263889566,0.00032808959484100344,npu|decode|3|671eabfb3c980b3de830460630434eeb,3,sample_step,0.013353627288893222,0.02099773406982422,0.00011943916845204685,1.5724367331480733,0.007644106780930998,1.5724367331480733
ianus_prefill-1024xdecode_512_ops_trace.csv,decode,3,127,12,PIM1,pim,6,"V:1,SV:1,LN:-1,FFN_W1:1,SwiGLU:1,FFN_W2:0",0.00027202367376588654,3.3243e-05,pim|decode|3|016e8acce089f109420138ec5b8e8adb,3,sample_step,0.01740951512101674,0.002127552,-0.00023878067376588655,0.12220627543104992,-0.01528196312101674,0.12220627543104992
ianus_prefill-1024xdecode_512_ops_trace.csv,decode,3,127,13,PIM0,pim,6,"LN:-1,V:0,SV:0,O:1,FFN_W1:0,FFN_W2:1",0.0003014493480808511,3.6802e-05,pim|decode|3|731d391a82ee0cb7f0755396c849b1dc,3,sample_step,0.01929275827717447,0.002355328,-0.0002646473480808511,0.12208352824212912,-0.01693743027717447,0.12208352824212912
ianus_prefill-1024xdecode_512_ops_trace.csv,decode,3,127,13,GPU0,npu,14,"Q:0,K:0,Q:1,K:1,QK:0,QK:1,Softmax:0,Softmax:1,O:0,Add:-1,FFN_W3:0,FFN_W3:1,SwiGLU:0,Add:-1",0.0002086504263889566,0.00032808959484100344,npu|decode|3|671eabfb3c980b3de830460630434eeb,3,sample_step,0.013353627288893222,0.02099773406982422,0.00011943916845204685,1.5724367331480733,0.007644106780930998,1.5724367331480733
ianus_prefill-1024xdecode_512_ops_trace.csv,decode,3,127,13,PIM1,pim,6,"V:1,SV:1,LN:-1,FFN_W1:1,SwiGLU:1,FFN_W2:0",0.00027202367376588654,3.3243e-05,pim|decode|3|016e8acce089f109420138ec5b8e8adb,3,sample_step,0.01740951512101674,0.002127552,-0.00023878067376588655,0.12220627543104992,-0.01528196312101674,0.12220627543104992
ianus_prefill-1024xdecode_512_ops_trace.csv,decode,3,127,14,PIM0,pim,6,"LN:-1,V:0,SV:0,O:1,FFN_W1:0,FFN_W2:1",0.0003014493480808511,3.6802e-05,pim|decode|3|731d391a82ee0cb7f0755396c849b1dc,3,sample_step,0.01929275827717447,0.002355328,-0.0002646473480808511,0.12208352824212912,-0.01693743027717447,0.12208352824212912
ianus_prefill-1024xdecode_512_ops_trace.csv,decode,3,127,14,GPU0,npu,14,"Q:0,K:0,Q:1,K:1,QK:0,QK:1,Softmax:0,Softmax:1,O:0,Add:-1,FFN_W3:0,FFN_W3:1,SwiGLU:0,Add:-1",0.0002086504263889566,0.00032808959484100344,npu|decode|3|671eabfb3c980b3de830460630434eeb,3,sample_step,0.013353627288893222,0.02099773406982422,0.00011943916845204685,1.5724367331480733,0.007644106780930998,1.5724367331480733
ianus_prefill-1024xdecode_512_ops_trace.csv,decode,3,127,14,PIM1,pim,6,"V:1,SV:1,LN:-1,FFN_W1:1,SwiGLU:1,FFN_W2:0",0.00027202367376588654,3.3243e-05,pim|decode|3|016e8acce089f109420138ec5b8e8adb,3,sample_step,0.01740951512101674,0.002127552,-0.00023878067376588655,0.12220627543104992,-0.01528196312101674,0.12220627543104992
ianus_prefill-1024xdecode_512_ops_trace.csv,decode,3,127,15,PIM0,pim,6,"LN:-1,V:0,SV:0,O:1,FFN_W1:0,FFN_W2:1",0.0003014493480808511,3.6802e-05,pim|decode|3|731d391a82ee0cb7f0755396c849b1dc,3,sample_step,0.01929275827717447,0.002355328,-0.0002646473480808511,0.12208352824212912,-0.01693743027717447,0.12208352824212912
ianus_prefill-1024xdecode_512_ops_trace.csv,decode,3,127,15,GPU0,npu,14,"Q:0,K:0,Q:1,K:1,QK:0,QK:1,Softmax:0,Softmax:1,O:0,Add:-1,FFN_W3:0,FFN_W3:1,SwiGLU:0,Add:-1",0.0002086504263889566,0.00032808959484100344,npu|decode|3|671eabfb3c980b3de830460630434eeb,3,sample_step,0.013353627288893222,0.02099773406982422,0.00011943916845204685,1.5724367331480733,0.007644106780930998,1.5724367331480733
ianus_prefill-1024xdecode_512_ops_trace.csv,decode,3,127,15,PIM1,pim,6,"V:1,SV:1,LN:-1,FFN_W1:1,SwiGLU:1,FFN_W2:0",0.00027202367376588654,3.3243e-05,pim|decode|3|016e8acce089f109420138ec5b8e8adb,3,sample_step,0.01740951512101674,0.002127552,-0.00023878067376588655,0.12220627543104992,-0.01528196312101674,0.12220627543104992
ianus_prefill-1024xdecode_512_ops_trace.csv,decode,3,127,16,PIM0,pim,6,"LN:-1,V:0,SV:0,O:1,FFN_W1:0,FFN_W2:1",0.0003014493480808511,3.6802e-05,pim|decode|3|731d391a82ee0cb7f0755396c849b1dc,3,sample_step,0.01929275827717447,0.002355328,-0.0002646473480808511,0.12208352824212912,-0.01693743027717447,0.12208352824212912
ianus_prefill-1024xdecode_512_ops_trace.csv,decode,3,127,16,GPU0,npu,14,"Q:0,K:0,Q:1,K:1,QK:0,QK:1,Softmax:0,Softmax:1,O:0,Add:-1,FFN_W3:0,FFN_W3:1,SwiGLU:0,Add:-1",0.0002086504263889566,0.00032808959484100344,npu|decode|3|671eabfb3c980b3de830460630434eeb,3,sample_step,0.013353627288893222,0.02099773406982422,0.00011943916845204685,1.5724367331480733,0.007644106780930998,1.5724367331480733
ianus_prefill-1024xdecode_512_ops_trace.csv,decode,3,127,16,PIM1,pim,6,"V:1,SV:1,LN:-1,FFN_W1:1,SwiGLU:1,FFN_W2:0",0.00027202367376588654,3.3243e-05,pim|decode|3|016e8acce089f109420138ec5b8e8adb,3,sample_step,0.01740951512101674,0.002127552,-0.00023878067376588655,0.12220627543104992,-0.01528196312101674,0.12220627543104992
ianus_prefill-1024xdecode_512_ops_trace.csv,decode,3,127,17,PIM0,pim,6,"LN:-1,V:0,SV:0,O:1,FFN_W1:0,FFN_W2:1",0.0003014493480808511,3.6802e-05,pim|decode|3|731d391a82ee0cb7f0755396c849b1dc,3,sample_step,0.01929275827717447,0.002355328,-0.0002646473480808511,0.12208352824212912,-0.01693743027717447,0.12208352824212912
ianus_prefill-1024xdecode_512_ops_trace.csv,decode,3,127,17,GPU0,npu,14,"Q:0,K:0,Q:1,K:1,QK:0,QK:1,Softmax:0,Softmax:1,O:0,Add:-1,FFN_W3:0,FFN_W3:1,SwiGLU:0,Add:-1",0.0002086504263889566,0.00032808959484100344,npu|decode|3|671eabfb3c980b3de830460630434eeb,3,sample_step,0.013353627288893222,0.02099773406982422,0.00011943916845204685,1.5724367331480733,0.007644106780930998,1.5724367331480733
ianus_prefill-1024xdecode_512_ops_trace.csv,decode,3,127,17,PIM1,pim,6,"V:1,SV:1,LN:-1,FFN_W1:1,SwiGLU:1,FFN_W2:0",0.00027202367376588654,3.3243e-05,pim|decode|3|016e8acce089f109420138ec5b8e8adb,3,sample_step,0.01740951512101674,0.002127552,-0.00023878067376588655,0.12220627543104992,-0.01528196312101674,0.12220627543104992
ianus_prefill-1024xdecode_512_ops_trace.csv,decode,3,127,18,PIM0,pim,6,"LN:-1,V:0,SV:0,O:1,FFN_W1:0,FFN_W2:1",0.0003014493480808511,3.6802e-05,pim|decode|3|731d391a82ee0cb7f0755396c849b1dc,3,sample_step,0.01929275827717447,0.002355328,-0.0002646473480808511,0.12208352824212912,-0.01693743027717447,0.12208352824212912
ianus_prefill-1024xdecode_512_ops_trace.csv,decode,3,127,18,GPU0,npu,14,"Q:0,K:0,Q:1,K:1,QK:0,QK:1,Softmax:0,Softmax:1,O:0,Add:-1,FFN_W3:0,FFN_W3:1,SwiGLU:0,Add:-1",0.0002086504263889566,0.00032808959484100344,npu|decode|3|671eabfb3c980b3de830460630434eeb,3,sample_step,0.013353627288893222,0.02099773406982422,0.00011943916845204685,1.5724367331480733,0.007644106780930998,1.5724367331480733
ianus_prefill-1024xdecode_512_ops_trace.csv,decode,3,127,18,PIM1,pim,6,"V:1,SV:1,LN:-1,FFN_W1:1,SwiGLU:1,FFN_W2:0",0.00027202367376588654,3.3243e-05,pim|decode|3|016e8acce089f109420138ec5b8e8adb,3,sample_step,0.01740951512101674,0.002127552,-0.00023878067376588655,0.12220627543104992,-0.01528196312101674,0.12220627543104992
ianus_prefill-1024xdecode_512_ops_trace.csv,decode,3,127,19,PIM0,pim,6,"LN:-1,V:0,SV:0,O:1,FFN_W1:0,FFN_W2:1",0.0003014493480808511,3.6802e-05,pim|decode|3|731d391a82ee0cb7f0755396c849b1dc,3,sample_step,0.01929275827717447,0.002355328,-0.0002646473480808511,0.12208352824212912,-0.01693743027717447,0.12208352824212912
ianus_prefill-1024xdecode_512_ops_trace.csv,decode,3,127,19,GPU0,npu,14,"Q:0,K:0,Q:1,K:1,QK:0,QK:1,Softmax:0,Softmax:1,O:0,Add:-1,FFN_W3:0,FFN_W3:1,SwiGLU:0,Add:-1",0.0002086504263889566,0.00032808959484100344,npu|decode|3|671eabfb3c980b3de830460630434eeb,3,sample_step,0.013353627288893222,0.02099773406982422,0.00011943916845204685,1.5724367331480733,0.007644106780930998,1.5724367331480733
ianus_prefill-1024xdecode_512_ops_trace.csv,decode,3,127,19,PIM1,pim,6,"V:1,SV:1,LN:-1,FFN_W1:1,SwiGLU:1,FFN_W2:0",0.00027202367376588654,3.3243e-05,pim|decode|3|016e8acce089f109420138ec5b8e8adb,3,sample_step,0.01740951512101674,0.002127552,-0.00023878067376588655,0.12220627543104992,-0.01528196312101674,0.12220627543104992
ianus_prefill-1024xdecode_512_ops_trace.csv,decode,3,127,20,PIM0,pim,6,"LN:-1,V:0,SV:0,O:1,FFN_W1:0,FFN_W2:1",0.0003014493480808511,3.6802e-05,pim|decode|3|731d391a82ee0cb7f0755396c849b1dc,3,sample_step,0.01929275827717447,0.002355328,-0.0002646473480808511,0.12208352824212912,-0.01693743027717447,0.12208352824212912
ianus_prefill-1024xdecode_512_ops_trace.csv,decode,3,127,20,GPU0,npu,14,"Q:0,K:0,Q:1,K:1,QK:0,QK:1,Softmax:0,Softmax:1,O:0,Add:-1,FFN_W3:0,FFN_W3:1,SwiGLU:0,Add:-1",0.0002086504263889566,0.00032808959484100344,npu|decode|3|671eabfb3c980b3de830460630434eeb,3,sample_step,0.013353627288893222,0.02099773406982422,0.00011943916845204685,1.5724367331480733,0.007644106780930998,1.5724367331480733
ianus_prefill-1024xdecode_512_ops_trace.csv,decode,3,127,20,PIM1,pim,6,"V:1,SV:1,LN:-1,FFN_W1:1,SwiGLU:1,FFN_W2:0",0.00027202367376588654,3.3243e-05,pim|decode|3|016e8acce089f109420138ec5b8e8adb,3,sample_step,0.01740951512101674,0.002127552,-0.00023878067376588655,0.12220627543104992,-0.01528196312101674,0.12220627543104992
ianus_prefill-1024xdecode_512_ops_trace.csv,decode,3,127,21,PIM0,pim,6,"LN:-1,V:0,SV:0,O:1,FFN_W1:0,FFN_W2:1",0.0003014493480808511,3.6802e-05,pim|decode|3|731d391a82ee0cb7f0755396c849b1dc,3,sample_step,0.01929275827717447,0.002355328,-0.0002646473480808511,0.12208352824212912,-0.01693743027717447,0.12208352824212912
ianus_prefill-1024xdecode_512_ops_trace.csv,decode,3,127,21,GPU0,npu,14,"Q:0,K:0,Q:1,K:1,QK:0,QK:1,Softmax:0,Softmax:1,O:0,Add:-1,FFN_W3:0,FFN_W3:1,SwiGLU:0,Add:-1",0.0002086504263889566,0.00032808959484100344,npu|decode|3|671eabfb3c980b3de830460630434eeb,3,sample_step,0.013353627288893222,0.02099773406982422,0.00011943916845204685,1.5724367331480733,0.007644106780930998,1.5724367331480733
ianus_prefill-1024xdecode_512_ops_trace.csv,decode,3,127,21,PIM1,pim,6,"V:1,SV:1,LN:-1,FFN_W1:1,SwiGLU:1,FFN_W2:0",0.00027202367376588654,3.3243e-05,pim|decode|3|016e8acce089f109420138ec5b8e8adb,3,sample_step,0.01740951512101674,0.002127552,-0.00023878067376588655,0.12220627543104992,-0.01528196312101674,0.12220627543104992
ianus_prefill-1024xdecode_512_ops_trace.csv,decode,3,127,22,PIM0,pim,6,"LN:-1,V:0,SV:0,O:1,FFN_W1:0,FFN_W2:1",0.0003014493480808511,3.6802e-05,pim|decode|3|731d391a82ee0cb7f0755396c849b1dc,3,sample_step,0.01929275827717447,0.002355328,-0.0002646473480808511,0.12208352824212912,-0.01693743027717447,0.12208352824212912
ianus_prefill-1024xdecode_512_ops_trace.csv,decode,3,127,22,GPU0,npu,14,"Q:0,K:0,Q:1,K:1,QK:0,QK:1,Softmax:0,Softmax:1,O:0,Add:-1,FFN_W3:0,FFN_W3:1,SwiGLU:0,Add:-1",0.0002086504263889566,0.00032808959484100344,npu|decode|3|671eabfb3c980b3de830460630434eeb,3,sample_step,0.013353627288893222,0.02099773406982422,0.00011943916845204685,1.5724367331480733,0.007644106780930998,1.5724367331480733
ianus_prefill-1024xdecode_512_ops_trace.csv,decode,3,127,22,PIM1,pim,6,"V:1,SV:1,LN:-1,FFN_W1:1,SwiGLU:1,FFN_W2:0",0.00027202367376588654,3.3243e-05,pim|decode|3|016e8acce089f109420138ec5b8e8adb,3,sample_step,0.01740951512101674,0.002127552,-0.00023878067376588655,0.12220627543104992,-0.01528196312101674,0.12220627543104992
ianus_prefill-1024xdecode_512_ops_trace.csv,decode,3,127,23,PIM0,pim,6,"LN:-1,V:0,SV:0,O:1,FFN_W1:0,FFN_W2:1",0.0003014493480808511,3.6802e-05,pim|decode|3|731d391a82ee0cb7f0755396c849b1dc,3,sample_step,0.01929275827717447,0.002355328,-0.0002646473480808511,0.12208352824212912,-0.01693743027717447,0.12208352824212912
ianus_prefill-1024xdecode_512_ops_trace.csv,decode,3,127,23,GPU0,npu,14,"Q:0,K:0,Q:1,K:1,QK:0,QK:1,Softmax:0,Softmax:1,O:0,Add:-1,FFN_W3:0,FFN_W3:1,SwiGLU:0,Add:-1",0.0002086504263889566,0.00032808959484100344,npu|decode|3|671eabfb3c980b3de830460630434eeb,3,sample_step,0.013353627288893222,0.02099773406982422,0.00011943916845204685,1.5724367331480733,0.007644106780930998,1.5724367331480733
ianus_prefill-1024xdecode_512_ops_trace.csv,decode,3,127,23,PIM1,pim,6,"V:1,SV:1,LN:-1,FFN_W1:1,SwiGLU:1,FFN_W2:0",0.00027202367376588654,3.3243e-05,pim|decode|3|016e8acce089f109420138ec5b8e8adb,3,sample_step,0.01740951512101674,0.002127552,-0.00023878067376588655,0.12220627543104992,-0.01528196312101674,0.12220627543104992
ianus_prefill-1024xdecode_512_ops_trace.csv,decode,3,127,24,PIM0,pim,6,"LN:-1,V:0,SV:0,O:1,FFN_W1:0,FFN_W2:1",0.0003014493480808511,3.6802e-05,pim|decode|3|731d391a82ee0cb7f0755396c849b1dc,3,sample_step,0.01929275827717447,0.002355328,-0.0002646473480808511,0.12208352824212912,-0.01693743027717447,0.12208352824212912
ianus_prefill-1024xdecode_512_ops_trace.csv,decode,3,127,24,GPU0,npu,14,"Q:0,K:0,Q:1,K:1,QK:0,QK:1,Softmax:0,Softmax:1,O:0,Add:-1,FFN_W3:0,FFN_W3:1,SwiGLU:0,Add:-1",0.0002086504263889566,0.00032808959484100344,npu|decode|3|671eabfb3c980b3de830460630434eeb,3,sample_step,0.013353627288893222,0.02099773406982422,0.00011943916845204685,1.5724367331480733,0.007644106780930998,1.5724367331480733
ianus_prefill-1024xdecode_512_ops_trace.csv,decode,3,127,24,PIM1,pim,6,"V:1,SV:1,LN:-1,FFN_W1:1,SwiGLU:1,FFN_W2:0",0.00027202367376588654,3.3243e-05,pim|decode|3|016e8acce089f109420138ec5b8e8adb,3,sample_step,0.01740951512101674,0.002127552,-0.00023878067376588655,0.12220627543104992,-0.01528196312101674,0.12220627543104992
ianus_prefill-1024xdecode_512_ops_trace.csv,decode,3,127,25,PIM0,pim,6,"LN:-1,V:0,SV:0,O:1,FFN_W1:0,FFN_W2:1",0.0003014493480808511,3.6802e-05,pim|decode|3|731d391a82ee0cb7f0755396c849b1dc,3,sample_step,0.01929275827717447,0.002355328,-0.0002646473480808511,0.12208352824212912,-0.01693743027717447,0.12208352824212912
ianus_prefill-1024xdecode_512_ops_trace.csv,decode,3,127,25,GPU0,npu,14,"Q:0,K:0,Q:1,K:1,QK:0,QK:1,Softmax:0,Softmax:1,O:0,Add:-1,FFN_W3:0,FFN_W3:1,SwiGLU:0,Add:-1",0.0002086504263889566,0.00032808959484100344,npu|decode|3|671eabfb3c980b3de830460630434eeb,3,sample_step,0.013353627288893222,0.02099773406982422,0.00011943916845204685,1.5724367331480733,0.007644106780930998,1.5724367331480733
ianus_prefill-1024xdecode_512_ops_trace.csv,decode,3,127,25,PIM1,pim,6,"V:1,SV:1,LN:-1,FFN_W1:1,SwiGLU:1,FFN_W2:0",0.00027202367376588654,3.3243e-05,pim|decode|3|016e8acce089f109420138ec5b8e8adb,3,sample_step,0.01740951512101674,0.002127552,-0.00023878067376588655,0.12220627543104992,-0.01528196312101674,0.12220627543104992
ianus_prefill-1024xdecode_512_ops_trace.csv,decode,3,127,26,PIM0,pim,6,"LN:-1,V:0,SV:0,O:1,FFN_W1:0,FFN_W2:1",0.0003014493480808511,3.6802e-05,pim|decode|3|731d391a82ee0cb7f0755396c849b1dc,3,sample_step,0.01929275827717447,0.002355328,-0.0002646473480808511,0.12208352824212912,-0.01693743027717447,0.12208352824212912
ianus_prefill-1024xdecode_512_ops_trace.csv,decode,3,127,26,GPU0,npu,14,"Q:0,K:0,Q:1,K:1,QK:0,QK:1,Softmax:0,Softmax:1,O:0,Add:-1,FFN_W3:0,FFN_W3:1,SwiGLU:0,Add:-1",0.0002086504263889566,0.00032808959484100344,npu|decode|3|671eabfb3c980b3de830460630434eeb,3,sample_step,0.013353627288893222,0.02099773406982422,0.00011943916845204685,1.5724367331480733,0.007644106780930998,1.5724367331480733
ianus_prefill-1024xdecode_512_ops_trace.csv,decode,3,127,26,PIM1,pim,6,"V:1,SV:1,LN:-1,FFN_W1:1,SwiGLU:1,FFN_W2:0",0.00027202367376588654,3.3243e-05,pim|decode|3|016e8acce089f109420138ec5b8e8adb,3,sample_step,0.01740951512101674,0.002127552,-0.00023878067376588655,0.12220627543104992,-0.01528196312101674,0.12220627543104992
ianus_prefill-1024xdecode_512_ops_trace.csv,decode,3,127,27,PIM0,pim,6,"LN:-1,V:0,SV:0,O:1,FFN_W1:0,FFN_W2:1",0.0003014493480808511,3.6802e-05,pim|decode|3|731d391a82ee0cb7f0755396c849b1dc,3,sample_step,0.01929275827717447,0.002355328,-0.0002646473480808511,0.12208352824212912,-0.01693743027717447,0.12208352824212912
ianus_prefill-1024xdecode_512_ops_trace.csv,decode,3,127,27,GPU0,npu,14,"Q:0,K:0,Q:1,K:1,QK:0,QK:1,Softmax:0,Softmax:1,O:0,Add:-1,FFN_W3:0,FFN_W3:1,SwiGLU:0,Add:-1",0.0002086504263889566,0.00032808959484100344,npu|decode|3|671eabfb3c980b3de830460630434eeb,3,sample_step,0.013353627288893222,0.02099773406982422,0.00011943916845204685,1.5724367331480733,0.007644106780930998,1.5724367331480733
ianus_prefill-1024xdecode_512_ops_trace.csv,decode,3,127,27,PIM1,pim,6,"V:1,SV:1,LN:-1,FFN_W1:1,SwiGLU:1,FFN_W2:0",0.00027202367376588654,3.3243e-05,pim|decode|3|016e8acce089f109420138ec5b8e8adb,3,sample_step,0.01740951512101674,0.002127552,-0.00023878067376588655,0.12220627543104992,-0.01528196312101674,0.12220627543104992
ianus_prefill-1024xdecode_512_ops_trace.csv,decode,3,127,28,PIM0,pim,6,"LN:-1,V:0,SV:0,O:1,FFN_W1:0,FFN_W2:1",0.0003014493480808511,3.6802e-05,pim|decode|3|731d391a82ee0cb7f0755396c849b1dc,3,sample_step,0.01929275827717447,0.002355328,-0.0002646473480808511,0.12208352824212912,-0.01693743027717447,0.12208352824212912
ianus_prefill-1024xdecode_512_ops_trace.csv,decode,3,127,28,GPU0,npu,14,"Q:0,K:0,Q:1,K:1,QK:0,QK:1,Softmax:0,Softmax:1,O:0,Add:-1,FFN_W3:0,FFN_W3:1,SwiGLU:0,Add:-1",0.0002086504263889566,0.00032808959484100344,npu|decode|3|671eabfb3c980b3de830460630434eeb,3,sample_step,0.013353627288893222,0.02099773406982422,0.00011943916845204685,1.5724367331480733,0.007644106780930998,1.5724367331480733
ianus_prefill-1024xdecode_512_ops_trace.csv,decode,3,127,28,PIM1,pim,6,"V:1,SV:1,LN:-1,FFN_W1:1,SwiGLU:1,FFN_W2:0",0.00027202367376588654,3.3243e-05,pim|decode|3|016e8acce089f109420138ec5b8e8adb,3,sample_step,0.01740951512101674,0.002127552,-0.00023878067376588655,0.12220627543104992,-0.01528196312101674,0.12220627543104992
ianus_prefill-1024xdecode_512_ops_trace.csv,decode,3,127,29,PIM0,pim,6,"LN:-1,V:0,SV:0,O:1,FFN_W1:0,FFN_W2:1",0.0003014493480808511,3.6802e-05,pim|decode|3|731d391a82ee0cb7f0755396c849b1dc,3,sample_step,0.01929275827717447,0.002355328,-0.0002646473480808511,0.12208352824212912,-0.01693743027717447,0.12208352824212912
ianus_prefill-1024xdecode_512_ops_trace.csv,decode,3,127,29,GPU0,npu,14,"Q:0,K:0,Q:1,K:1,QK:0,QK:1,Softmax:0,Softmax:1,O:0,Add:-1,FFN_W3:0,FFN_W3:1,SwiGLU:0,Add:-1",0.0002086504263889566,0.00032808959484100344,npu|decode|3|671eabfb3c980b3de830460630434eeb,3,sample_step,0.013353627288893222,0.02099773406982422,0.00011943916845204685,1.5724367331480733,0.007644106780930998,1.5724367331480733
ianus_prefill-1024xdecode_512_ops_trace.csv,decode,3,127,29,PIM1,pim,6,"V:1,SV:1,LN:-1,FFN_W1:1,SwiGLU:1,FFN_W2:0",0.00027202367376588654,3.3243e-05,pim|decode|3|016e8acce089f109420138ec5b8e8adb,3,sample_step,0.01740951512101674,0.002127552,-0.00023878067376588655,0.12220627543104992,-0.01528196312101674,0.12220627543104992
ianus_prefill-1024xdecode_512_ops_trace.csv,decode,3,127,30,PIM0,pim,6,"LN:-1,V:0,SV:0,O:1,FFN_W1:0,FFN_W2:1",0.0003014493480808511,3.6802e-05,pim|decode|3|731d391a82ee0cb7f0755396c849b1dc,3,sample_step,0.01929275827717447,0.002355328,-0.0002646473480808511,0.12208352824212912,-0.01693743027717447,0.12208352824212912
ianus_prefill-1024xdecode_512_ops_trace.csv,decode,3,127,30,GPU0,npu,14,"Q:0,K:0,Q:1,K:1,QK:0,QK:1,Softmax:0,Softmax:1,O:0,Add:-1,FFN_W3:0,FFN_W3:1,SwiGLU:0,Add:-1",0.0002086504263889566,0.00032808959484100344,npu|decode|3|671eabfb3c980b3de830460630434eeb,3,sample_step,0.013353627288893222,0.02099773406982422,0.00011943916845204685,1.5724367331480733,0.007644106780930998,1.5724367331480733
ianus_prefill-1024xdecode_512_ops_trace.csv,decode,3,127,30,PIM1,pim,6,"V:1,SV:1,LN:-1,FFN_W1:1,SwiGLU:1,FFN_W2:0",0.00027202367376588654,3.3243e-05,pim|decode|3|016e8acce089f109420138ec5b8e8adb,3,sample_step,0.01740951512101674,0.002127552,-0.00023878067376588655,0.12220627543104992,-0.01528196312101674,0.12220627543104992
ianus_prefill-1024xdecode_512_ops_trace.csv,decode,3,127,31,PIM0,pim,6,"LN:-1,V:0,SV:0,O:1,FFN_W1:0,FFN_W2:1",0.0003014493480808511,3.6802e-05,pim|decode|3|731d391a82ee0cb7f0755396c849b1dc,3,sample_step,0.01929275827717447,0.002355328,-0.0002646473480808511,0.12208352824212912,-0.01693743027717447,0.12208352824212912
ianus_prefill-1024xdecode_512_ops_trace.csv,decode,3,127,31,GPU0,npu,14,"Q:0,K:0,Q:1,K:1,QK:0,QK:1,Softmax:0,Softmax:1,O:0,Add:-1,FFN_W3:0,FFN_W3:1,SwiGLU:0,Add:-1",0.0002086504263889566,0.00032808959484100344,npu|decode|3|671eabfb3c980b3de830460630434eeb,3,sample_step,0.013353627288893222,0.02099773406982422,0.00011943916845204685,1.5724367331480733,0.007644106780930998,1.5724367331480733
ianus_prefill-1024xdecode_512_ops_trace.csv,decode,3,127,31,PIM1,pim,6,"V:1,SV:1,LN:-1,FFN_W1:1,SwiGLU:1,FFN_W2:0",0.00027202367376588654,3.3243e-05,pim|decode|3|016e8acce089f109420138ec5b8e8adb,3,sample_step,0.01740951512101674,0.002127552,-0.00023878067376588655,0.12220627543104992,-0.01528196312101674,0.12220627543104992
ianus_prefill-1024xdecode_512_ops_trace.csv,decode,4,191,0,GPU0,npu,15,"LN:-1,Q:0,K:0,Q:1,K:1,QK:0,QK:1,Softmax:0,Softmax:1,O:0,Add:-1,FFN_W3:0,FFN_W3:1,SwiGLU:0,Add:-1",0.00024402344156193578,0.0003688447952270508,npu|decode|4|2a5538c8f9df4db4add3d84eaac8c78a,4,sample_step,0.01561750025996389,0.02360606689453125,0.000124821353665115,1.5115137827176082,0.00798856663456736,1.5115137827176082
ianus_prefill-1024xdecode_512_ops_trace.csv,decode,4,191,0,PIM0,pim,5,"V:0,SV:0,O:1,FFN_W1:0,FFN_W2:1",0.000291513348081196,3.556e-05,pim|decode|4|ebea3d96ba5f955b87a93b12b17bba6f,4,sample_step,0.018656854277196544,0.00227584,-0.000255953348081196,0.12198412262787835,-0.016381014277196543,0.12198412262787835
ianus_prefill-1024xdecode_512_ops_trace.csv,decode,4,191,0,PIM1,pim,6,"V:1,SV:1,LN:-1,FFN_W1:1,SwiGLU:1,FFN_W2:0",0.00027259967376558336,3.3315e-05,pim|decode|4|016e8acce089f109420138ec5b8e8adb,4,sample_step,0.017446379120997335,0.00213216,-0.00023928467376558335,0.12221217853932052,-0.015314219120997334,0.12221217853932052
ianus_prefill-1024xdecode_512_ops_trace.csv,decode,4,191,1,PIM0,pim,6,"LN:-1,V:0,SV:0,O:1,FFN_W1:0,FFN_W2:1",0.00030202534808054793,3.6874e-05,pim|decode|4|731d391a82ee0cb7f0755396c849b1dc,4,sample_step,0.019329622277155067,0.002359936,-0.00026515134808054793,0.12208909031756492,-0.016969686277155067,0.12208909031756492
ianus_prefill-1024xdecode_512_ops_trace.csv,decode,4,191,1,GPU0,npu,14,"Q:0,K:0,Q:1,K:1,QK:0,QK:1,Softmax:0,Softmax:1,O:0,Add:-1,FFN_W3:0,FFN_W3:1,SwiGLU:0,Add:-1",0.00020871383691734025,0.0003298304080963135,npu|decode|4|671eabfb3c980b3de830460630434eeb,4,sample_step,0.013357685562709776,0.021109146118164064,0.00012111657117897326,1.580299672354453,0.007751460555454288,1.580299672354453
ianus_prefill-1024xdecode_512_ops_trace.csv,decode,4,191,1,PIM1,pim,6,"V:1,SV:1,LN:-1,FFN_W1:1,SwiGLU:1,FFN_W2:0",0.00027259967376558336,3.3315e-05,pim|decode|4|016e8acce089f109420138ec5b8e8adb,4,sample_step,0.017446379120997335,0.00213216,-0.00023928467376558335,0.12221217853932052,-0.015314219120997334,0.12221217853932052
ianus_prefill-1024xdecode_512_ops_trace.csv,decode,4,191,2,PIM0,pim,6,"LN:-1,V:0,SV:0,O:1,FFN_W1:0,FFN_W2:1",0.00030202534808054793,3.6874e-05,pim|decode|4|731d391a82ee0cb7f0755396c849b1dc,4,sample_step,0.019329622277155067,0.002359936,-0.00026515134808054793,0.12208909031756492,-0.016969686277155067,0.12208909031756492
ianus_prefill-1024xdecode_512_ops_trace.csv,decode,4,191,2,GPU0,npu,14,"Q:0,K:0,Q:1,K:1,QK:0,QK:1,Softmax:0,Softmax:1,O:0,Add:-1,FFN_W3:0,FFN_W3:1,SwiGLU:0,Add:-1",0.00020871383691734025,0.0003298304080963135,npu|decode|4|671eabfb3c980b3de830460630434eeb,4,sample_step,0.013357685562709776,0.021109146118164064,0.00012111657117897326,1.580299672354453,0.007751460555454288,1.580299672354453
ianus_prefill-1024xdecode_512_ops_trace.csv,decode,4,191,2,PIM1,pim,6,"V:1,SV:1,LN:-1,FFN_W1:1,SwiGLU:1,FFN_W2:0",0.00027259967376558336,3.3315e-05,pim|decode|4|016e8acce089f109420138ec5b8e8adb,4,sample_step,0.017446379120997335,0.00213216,-0.00023928467376558335,0.12221217853932052,-0.015314219120997334,0.12221217853932052
ianus_prefill-1024xdecode_512_ops_trace.csv,decode,4,191,3,PIM0,pim,6,"LN:-1,V:0,SV:0,O:1,FFN_W1:0,FFN_W2:1",0.00030202534808054793,3.6874e-05,pim|decode|4|731d391a82ee0cb7f0755396c849b1dc,4,sample_step,0.019329622277155067,0.002359936,-0.00026515134808054793,0.12208909031756492,-0.016969686277155067,0.12208909031756492
ianus_prefill-1024xdecode_512_ops_trace.csv,decode,4,191,3,GPU0,npu,14,"Q:0,K:0,Q:1,K:1,QK:0,QK:1,Softmax:0,Softmax:1,O:0,Add:-1,FFN_W3:0,FFN_W3:1,SwiGLU:0,Add:-1",0.00020871383691734025,0.0003298304080963135,npu|decode|4|671eabfb3c980b3de830460630434eeb,4,sample_step,0.013357685562709776,0.021109146118164064,0.00012111657117897326,1.580299672354453,0.007751460555454288,1.580299672354453
ianus_prefill-1024xdecode_512_ops_trace.csv,decode,4,191,3,PIM1,pim,6,"V:1,SV:1,LN:-1,FFN_W1:1,SwiGLU:1,FFN_W2:0",0.00027259967376558336,3.3315e-05,pim|decode|4|016e8acce089f109420138ec5b8e8adb,4,sample_step,0.017446379120997335,0.00213216,-0.00023928467376558335,0.12221217853932052,-0.015314219120997334,0.12221217853932052
ianus_prefill-1024xdecode_512_ops_trace.csv,decode,4,191,4,PIM0,pim,6,"LN:-1,V:0,SV:0,O:1,FFN_W1:0,FFN_W2:1",0.00030202534808054793,3.6874e-05,pim|decode|4|731d391a82ee0cb7f0755396c849b1dc,4,sample_step,0.019329622277155067,0.002359936,-0.00026515134808054793,0.12208909031756492,-0.016969686277155067,0.12208909031756492
ianus_prefill-1024xdecode_512_ops_trace.csv,decode,4,191,4,GPU0,npu,14,"Q:0,K:0,Q:1,K:1,QK:0,QK:1,Softmax:0,Softmax:1,O:0,Add:-1,FFN_W3:0,FFN_W3:1,SwiGLU:0,Add:-1",0.00020871383691734025,0.0003298304080963135,npu|decode|4|671eabfb3c980b3de830460630434eeb,4,sample_step,0.013357685562709776,0.021109146118164064,0.00012111657117897326,1.580299672354453,0.007751460555454288,1.580299672354453
ianus_prefill-1024xdecode_512_ops_trace.csv,decode,4,191,4,PIM1,pim,6,"V:1,SV:1,LN:-1,FFN_W1:1,SwiGLU:1,FFN_W2:0",0.00027259967376558336,3.3315e-05,pim|decode|4|016e8acce089f109420138ec5b8e8adb,4,sample_step,0.017446379120997335,0.00213216,-0.00023928467376558335,0.12221217853932052,-0.015314219120997334,0.12221217853932052
ianus_prefill-1024xdecode_512_ops_trace.csv,decode,4,191,5,PIM0,pim,6,"LN:-1,V:0,SV:0,O:1,FFN_W1:0,FFN_W2:1",0.00030202534808054793,3.6874e-05,pim|decode|4|731d391a82ee0cb7f0755396c849b1dc,4,sample_step,0.019329622277155067,0.002359936,-0.00026515134808054793,0.12208909031756492,-0.016969686277155067,0.12208909031756492
ianus_prefill-1024xdecode_512_ops_trace.csv,decode,4,191,5,GPU0,npu,14,"Q:0,K:0,Q:1,K:1,QK:0,QK:1,Softmax:0,Softmax:1,O:0,Add:-1,FFN_W3:0,FFN_W3:1,SwiGLU:0,Add:-1",0.00020871383691734025,0.0003298304080963135,npu|decode|4|671eabfb3c980b3de830460630434eeb,4,sample_step,0.013357685562709776,0.021109146118164064,0.00012111657117897326,1.580299672354453,0.007751460555454288,1.580299672354453
ianus_prefill-1024xdecode_512_ops_trace.csv,decode,4,191,5,PIM1,pim,6,"V:1,SV:1,LN:-1,FFN_W1:1,SwiGLU:1,FFN_W2:0",0.00027259967376558336,3.3315e-05,pim|decode|4|016e8acce089f109420138ec5b8e8adb,4,sample_step,0.017446379120997335,0.00213216,-0.00023928467376558335,0.12221217853932052,-0.015314219120997334,0.12221217853932052
ianus_prefill-1024xdecode_512_ops_trace.csv,decode,4,191,6,PIM0,pim,6,"LN:-1,V:0,SV:0,O:1,FFN_W1:0,FFN_W2:1",0.00030202534808054793,3.6874e-05,pim|decode|4|731d391a82ee0cb7f0755396c849b1dc,4,sample_step,0.019329622277155067,0.002359936,-0.00026515134808054793,0.12208909031756492,-0.016969686277155067,0.12208909031756492
ianus_prefill-1024xdecode_512_ops_trace.csv,decode,4,191,6,GPU0,npu,14,"Q:0,K:0,Q:1,K:1,QK:0,QK:1,Softmax:0,Softmax:1,O:0,Add:-1,FFN_W3:0,FFN_W3:1,SwiGLU:0,Add:-1",0.00020871383691734025,0.0003298304080963135,npu|decode|4|671eabfb3c980b3de830460630434eeb,4,sample_step,0.013357685562709776,0.021109146118164064,0.00012111657117897326,1.580299672354453,0.007751460555454288,1.580299672354453
ianus_prefill-1024xdecode_512_ops_trace.csv,decode,4,191,6,PIM1,pim,6,"V:1,SV:1,LN:-1,FFN_W1:1,SwiGLU:1,FFN_W2:0",0.00027259967376558336,3.3315e-05,pim|decode|4|016e8acce089f109420138ec5b8e8adb,4,sample_step,0.017446379120997335,0.00213216,-0.00023928467376558335,0.12221217853932052,-0.015314219120997334,0.12221217853932052
ianus_prefill-1024xdecode_512_ops_trace.csv,decode,4,191,7,PIM0,pim,6,"LN:-1,V:0,SV:0,O:1,FFN_W1:0,FFN_W2:1",0.00030202534808054793,3.6874e-05,pim|decode|4|731d391a82ee0cb7f0755396c849b1dc,4,sample_step,0.019329622277155067,0.002359936,-0.00026515134808054793,0.12208909031756492,-0.016969686277155067,0.12208909031756492
ianus_prefill-1024xdecode_512_ops_trace.csv,decode,4,191,7,GPU0,npu,14,"Q:0,K:0,Q:1,K:1,QK:0,QK:1,Softmax:0,Softmax:1,O:0,Add:-1,FFN_W3:0,FFN_W3:1,SwiGLU:0,Add:-1",0.00020871383691734025,0.0003298304080963135,npu|decode|4|671eabfb3c980b3de830460630434eeb,4,sample_step,0.013357685562709776,0.021109146118164064,0.00012111657117897326,1.580299672354453,0.007751460555454288,1.580299672354453
ianus_prefill-1024xdecode_512_ops_trace.csv,decode,4,191,7,PIM1,pim,6,"V:1,SV:1,LN:-1,FFN_W1:1,SwiGLU:1,FFN_W2:0",0.00027259967376558336,3.3315e-05,pim|decode|4|016e8acce089f109420138ec5b8e8adb,4,sample_step,0.017446379120997335,0.00213216,-0.00023928467376558335,0.12221217853932052,-0.015314219120997334,0.12221217853932052
ianus_prefill-1024xdecode_512_ops_trace.csv,decode,4,191,8,PIM0,pim,6,"LN:-1,V:0,SV:0,O:1,FFN_W1:0,FFN_W2:1",0.00030202534808054793,3.6874e-05,pim|decode|4|731d391a82ee0cb7f0755396c849b1dc,4,sample_step,0.019329622277155067,0.002359936,-0.00026515134808054793,0.12208909031756492,-0.016969686277155067,0.12208909031756492
ianus_prefill-1024xdecode_512_ops_trace.csv,decode,4,191,8,GPU0,npu,14,"Q:0,K:0,Q:1,K:1,QK:0,QK:1,Softmax:0,Softmax:1,O:0,Add:-1,FFN_W3:0,FFN_W3:1,SwiGLU:0,Add:-1",0.00020871383691734025,0.0003298304080963135,npu|decode|4|671eabfb3c980b3de830460630434eeb,4,sample_step,0.013357685562709776,0.021109146118164064,0.00012111657117897326,1.580299672354453,0.007751460555454288,1.580299672354453
ianus_prefill-1024xdecode_512_ops_trace.csv,decode,4,191,8,PIM1,pim,6,"V:1,SV:1,LN:-1,FFN_W1:1,SwiGLU:1,FFN_W2:0",0.00027259967376558336,3.3315e-05,pim|decode|4|016e8acce089f109420138ec5b8e8adb,4,sample_step,0.017446379120997335,0.00213216,-0.00023928467376558335,0.12221217853932052,-0.015314219120997334,0.12221217853932052
ianus_prefill-1024xdecode_512_ops_trace.csv,decode,4,191,9,PIM0,pim,6,"LN:-1,V:0,SV:0,O:1,FFN_W1:0,FFN_W2:1",0.00030202534808054793,3.6874e-05,pim|decode|4|731d391a82ee0cb7f0755396c849b1dc,4,sample_step,0.019329622277155067,0.002359936,-0.00026515134808054793,0.12208909031756492,-0.016969686277155067,0.12208909031756492
ianus_prefill-1024xdecode_512_ops_trace.csv,decode,4,191,9,GPU0,npu,14,"Q:0,K:0,Q:1,K:1,QK:0,QK:1,Softmax:0,Softmax:1,O:0,Add:-1,FFN_W3:0,FFN_W3:1,SwiGLU:0,Add:-1",0.00020871383691734025,0.0003298304080963135,npu|decode|4|671eabfb3c980b3de830460630434eeb,4,sample_step,0.013357685562709776,0.021109146118164064,0.00012111657117897326,1.580299672354453,0.007751460555454288,1.580299672354453
ianus_prefill-1024xdecode_512_ops_trace.csv,decode,4,191,9,PIM1,pim,6,"V:1,SV:1,LN:-1,FFN_W1:1,SwiGLU:1,FFN_W2:0",0.00027259967376558336,3.3315e-05,pim|decode|4|016e8acce089f109420138ec5b8e8adb,4,sample_step,0.017446379120997335,0.00213216,-0.00023928467376558335,0.12221217853932052,-0.015314219120997334,0.12221217853932052
ianus_prefill-1024xdecode_512_ops_trace.csv,decode,4,191,10,PIM0,pim,6,"LN:-1,V:0,SV:0,O:1,FFN_W1:0,FFN_W2:1",0.00030202534808054793,3.6874e-05,pim|decode|4|731d391a82ee0cb7f0755396c849b1dc,4,sample_step,0.019329622277155067,0.002359936,-0.00026515134808054793,0.12208909031756492,-0.016969686277155067,0.12208909031756492
ianus_prefill-1024xdecode_512_ops_trace.csv,decode,4,191,10,GPU0,npu,14,"Q:0,K:0,Q:1,K:1,QK:0,QK:1,Softmax:0,Softmax:1,O:0,Add:-1,FFN_W3:0,FFN_W3:1,SwiGLU:0,Add:-1",0.00020871383691734025,0.0003298304080963135,npu|decode|4|671eabfb3c980b3de830460630434eeb,4,sample_step,0.013357685562709776,0.021109146118164064,0.00012111657117897326,1.580299672354453,0.007751460555454288,1.580299672354453
ianus_prefill-1024xdecode_512_ops_trace.csv,decode,4,191,10,PIM1,pim,6,"V:1,SV:1,LN:-1,FFN_W1:1,SwiGLU:1,FFN_W2:0",0.00027259967376558336,3.3315e-05,pim|decode|4|016e8acce089f109420138ec5b8e8adb,4,sample_step,0.017446379120997335,0.00213216,-0.00023928467376558335,0.12221217853932052,-0.015314219120997334,0.12221217853932052
ianus_prefill-1024xdecode_512_ops_trace.csv,decode,4,191,11,PIM0,pim,6,"LN:-1,V:0,SV:0,O:1,FFN_W1:0,FFN_W2:1",0.00030202534808054793,3.6874e-05,pim|decode|4|731d391a82ee0cb7f0755396c849b1dc,4,sample_step,0.019329622277155067,0.002359936,-0.00026515134808054793,0.12208909031756492,-0.016969686277155067,0.12208909031756492
ianus_prefill-1024xdecode_512_ops_trace.csv,decode,4,191,11,GPU0,npu,14,"Q:0,K:0,Q:1,K:1,QK:0,QK:1,Softmax:0,Softmax:1,O:0,Add:-1,FFN_W3:0,FFN_W3:1,SwiGLU:0,Add:-1",0.00020871383691734025,0.0003298304080963135,npu|decode|4|671eabfb3c980b3de830460630434eeb,4,sample_step,0.013357685562709776,0.021109146118164064,0.00012111657117897326,1.580299672354453,0.007751460555454288,1.580299672354453
ianus_prefill-1024xdecode_512_ops_trace.csv,decode,4,191,11,PIM1,pim,6,"V:1,SV:1,LN:-1,FFN_W1:1,SwiGLU:1,FFN_W2:0",0.00027259967376558336,3.3315e-05,pim|decode|4|016e8acce089f109420138ec5b8e8adb,4,sample_step,0.017446379120997335,0.00213216,-0.00023928467376558335,0.12221217853932052,-0.015314219120997334,0.12221217853932052
ianus_prefill-1024xdecode_512_ops_trace.csv,decode,4,191,12,PIM0,pim,6,"LN:-1,V:0,SV:0,O:1,FFN_W1:0,FFN_W2:1",0.00030202534808054793,3.6874e-05,pim|decode|4|731d391a82ee0cb7f0755396c849b1dc,4,sample_step,0.019329622277155067,0.002359936,-0.00026515134808054793,0.12208909031756492,-0.016969686277155067,0.12208909031756492
ianus_prefill-1024xdecode_512_ops_trace.csv,decode,4,191,12,GPU0,npu,14,"Q:0,K:0,Q:1,K:1,QK:0,QK:1,Softmax:0,Softmax:1,O:0,Add:-1,FFN_W3:0,FFN_W3:1,SwiGLU:0,Add:-1",0.00020871383691734025,0.0003298304080963135,npu|decode|4|671eabfb3c980b3de830460630434eeb,4,sample_step,0.013357685562709776,0.021109146118164064,0.00012111657117897326,1.580299672354453,0.007751460555454288,1.580299672354453
ianus_prefill-1024xdecode_512_ops_trace.csv,decode,4,191,12,PIM1,pim,6,"V:1,SV:1,LN:-1,FFN_W1:1,SwiGLU:1,FFN_W2:0",0.00027259967376558336,3.3315e-05,pim|decode|4|016e8acce089f109420138ec5b8e8adb,4,sample_step,0.017446379120997335,0.00213216,-0.00023928467376558335,0.12221217853932052,-0.015314219120997334,0.12221217853932052
ianus_prefill-1024xdecode_512_ops_trace.csv,decode,4,191,13,PIM0,pim,6,"LN:-1,V:0,SV:0,O:1,FFN_W1:0,FFN_W2:1",0.00030202534808054793,3.6874e-05,pim|decode|4|731d391a82ee0cb7f0755396c849b1dc,4,sample_step,0.019329622277155067,0.002359936,-0.00026515134808054793,0.12208909031756492,-0.016969686277155067,0.12208909031756492
ianus_prefill-1024xdecode_512_ops_trace.csv,decode,4,191,13,GPU0,npu,14,"Q:0,K:0,Q:1,K:1,QK:0,QK:1,Softmax:0,Softmax:1,O:0,Add:-1,FFN_W3:0,FFN_W3:1,SwiGLU:0,Add:-1",0.00020871383691734025,0.0003298304080963135,npu|decode|4|671eabfb3c980b3de830460630434eeb,4,sample_step,0.013357685562709776,0.021109146118164064,0.00012111657117897326,1.580299672354453,0.007751460555454288,1.580299672354453
ianus_prefill-1024xdecode_512_ops_trace.csv,decode,4,191,13,PIM1,pim,6,"V:1,SV:1,LN:-1,FFN_W1:1,SwiGLU:1,FFN_W2:0",0.00027259967376558336,3.3315e-05,pim|decode|4|016e8acce089f109420138ec5b8e8adb,4,sample_step,0.017446379120997335,0.00213216,-0.00023928467376558335,0.12221217853932052,-0.015314219120997334,0.12221217853932052
ianus_prefill-1024xdecode_512_ops_trace.csv,decode,4,191,14,PIM0,pim,6,"LN:-1,V:0,SV:0,O:1,FFN_W1:0,FFN_W2:1",0.00030202534808054793,3.6874e-05,pim|decode|4|731d391a82ee0cb7f0755396c849b1dc,4,sample_step,0.019329622277155067,0.002359936,-0.00026515134808054793,0.12208909031756492,-0.016969686277155067,0.12208909031756492
ianus_prefill-1024xdecode_512_ops_trace.csv,decode,4,191,14,GPU0,npu,14,"Q:0,K:0,Q:1,K:1,QK:0,QK:1,Softmax:0,Softmax:1,O:0,Add:-1,FFN_W3:0,FFN_W3:1,SwiGLU:0,Add:-1",0.00020871383691734025,0.0003298304080963135,npu|decode|4|671eabfb3c980b3de830460630434eeb,4,sample_step,0.013357685562709776,0.021109146118164064,0.00012111657117897326,1.580299672354453,0.007751460555454288,1.580299672354453
ianus_prefill-1024xdecode_512_ops_trace.csv,decode,4,191,14,PIM1,pim,6,"V:1,SV:1,LN:-1,FFN_W1:1,SwiGLU:1,FFN_W2:0",0.00027259967376558336,3.3315e-05,pim|decode|4|016e8acce089f109420138ec5b8e8adb,4,sample_step,0.017446379120997335,0.00213216,-0.00023928467376558335,0.12221217853932052,-0.015314219120997334,0.12221217853932052
ianus_prefill-1024xdecode_512_ops_trace.csv,decode,4,191,15,PIM0,pim,6,"LN:-1,V:0,SV:0,O:1,FFN_W1:0,FFN_W2:1",0.00030202534808054793,3.6874e-05,pim|decode|4|731d391a82ee0cb7f0755396c849b1dc,4,sample_step,0.019329622277155067,0.002359936,-0.00026515134808054793,0.12208909031756492,-0.016969686277155067,0.12208909031756492
ianus_prefill-1024xdecode_512_ops_trace.csv,decode,4,191,15,GPU0,npu,14,"Q:0,K:0,Q:1,K:1,QK:0,QK:1,Softmax:0,Softmax:1,O:0,Add:-1,FFN_W3:0,FFN_W3:1,SwiGLU:0,Add:-1",0.00020871383691734025,0.0003298304080963135,npu|decode|4|671eabfb3c980b3de830460630434eeb,4,sample_step,0.013357685562709776,0.021109146118164064,0.00012111657117897326,1.580299672354453,0.007751460555454288,1.580299672354453
ianus_prefill-1024xdecode_512_ops_trace.csv,decode,4,191,15,PIM1,pim,6,"V:1,SV:1,LN:-1,FFN_W1:1,SwiGLU:1,FFN_W2:0",0.00027259967376558336,3.3315e-05,pim|decode|4|016e8acce089f109420138ec5b8e8adb,4,sample_step,0.017446379120997335,0.00213216,-0.00023928467376558335,0.12221217853932052,-0.015314219120997334,0.12221217853932052
ianus_prefill-1024xdecode_512_ops_trace.csv,decode,4,191,16,PIM0,pim,6,"LN:-1,V:0,SV:0,O:1,FFN_W1:0,FFN_W2:1",0.00030202534808054793,3.6874e-05,pim|decode|4|731d391a82ee0cb7f0755396c849b1dc,4,sample_step,0.019329622277155067,0.002359936,-0.00026515134808054793,0.12208909031756492,-0.016969686277155067,0.12208909031756492
ianus_prefill-1024xdecode_512_ops_trace.csv,decode,4,191,16,GPU0,npu,14,"Q:0,K:0,Q:1,K:1,QK:0,QK:1,Softmax:0,Softmax:1,O:0,Add:-1,FFN_W3:0,FFN_W3:1,SwiGLU:0,Add:-1",0.00020871383691734025,0.0003298304080963135,npu|decode|4|671eabfb3c980b3de830460630434eeb,4,sample_step,0.013357685562709776,0.021109146118164064,0.00012111657117897326,1.580299672354453,0.007751460555454288,1.580299672354453
ianus_prefill-1024xdecode_512_ops_trace.csv,decode,4,191,16,PIM1,pim,6,"V:1,SV:1,LN:-1,FFN_W1:1,SwiGLU:1,FFN_W2:0",0.00027259967376558336,3.3315e-05,pim|decode|4|016e8acce089f109420138ec5b8e8adb,4,sample_step,0.017446379120997335,0.00213216,-0.00023928467376558335,0.12221217853932052,-0.015314219120997334,0.12221217853932052
ianus_prefill-1024xdecode_512_ops_trace.csv,decode,4,191,17,PIM0,pim,6,"LN:-1,V:0,SV:0,O:1,FFN_W1:0,FFN_W2:1",0.00030202534808054793,3.6874e-05,pim|decode|4|731d391a82ee0cb7f0755396c849b1dc,4,sample_step,0.019329622277155067,0.002359936,-0.00026515134808054793,0.12208909031756492,-0.016969686277155067,0.12208909031756492
ianus_prefill-1024xdecode_512_ops_trace.csv,decode,4,191,17,GPU0,npu,14,"Q:0,K:0,Q:1,K:1,QK:0,QK:1,Softmax:0,Softmax:1,O:0,Add:-1,FFN_W3:0,FFN_W3:1,SwiGLU:0,Add:-1",0.00020871383691734025,0.0003298304080963135,npu|decode|4|671eabfb3c980b3de830460630434eeb,4,sample_step,0.013357685562709776,0.021109146118164064,0.00012111657117897326,1.580299672354453,0.007751460555454288,1.580299672354453
ianus_prefill-1024xdecode_512_ops_trace.csv,decode,4,191,17,PIM1,pim,6,"V:1,SV:1,LN:-1,FFN_W1:1,SwiGLU:1,FFN_W2:0",0.00027259967376558336,3.3315e-05,pim|decode|4|016e8acce089f109420138ec5b8e8adb,4,sample_step,0.017446379120997335,0.00213216,-0.00023928467376558335,0.12221217853932052,-0.015314219120997334,0.12221217853932052
ianus_prefill-1024xdecode_512_ops_trace.csv,decode,4,191,18,PIM0,pim,6,"LN:-1,V:0,SV:0,O:1,FFN_W1:0,FFN_W2:1",0.00030202534808054793,3.6874e-05,pim|decode|4|731d391a82ee0cb7f0755396c849b1dc,4,sample_step,0.019329622277155067,0.002359936,-0.00026515134808054793,0.12208909031756492,-0.016969686277155067,0.12208909031756492
ianus_prefill-1024xdecode_512_ops_trace.csv,decode,4,191,18,GPU0,npu,14,"Q:0,K:0,Q:1,K:1,QK:0,QK:1,Softmax:0,Softmax:1,O:0,Add:-1,FFN_W3:0,FFN_W3:1,SwiGLU:0,Add:-1",0.00020871383691734025,0.0003298304080963135,npu|decode|4|671eabfb3c980b3de830460630434eeb,4,sample_step,0.013357685562709776,0.021109146118164064,0.00012111657117897326,1.580299672354453,0.007751460555454288,1.580299672354453
ianus_prefill-1024xdecode_512_ops_trace.csv,decode,4,191,18,PIM1,pim,6,"V:1,SV:1,LN:-1,FFN_W1:1,SwiGLU:1,FFN_W2:0",0.00027259967376558336,3.3315e-05,pim|decode|4|016e8acce089f109420138ec5b8e8adb,4,sample_step,0.017446379120997335,0.00213216,-0.00023928467376558335,0.12221217853932052,-0.015314219120997334,0.12221217853932052
ianus_prefill-1024xdecode_512_ops_trace.csv,decode,4,191,19,PIM0,pim,6,"LN:-1,V:0,SV:0,O:1,FFN_W1:0,FFN_W2:1",0.00030202534808054793,3.6874e-05,pim|decode|4|731d391a82ee0cb7f0755396c849b1dc,4,sample_step,0.019329622277155067,0.002359936,-0.00026515134808054793,0.12208909031756492,-0.016969686277155067,0.12208909031756492
ianus_prefill-1024xdecode_512_ops_trace.csv,decode,4,191,19,GPU0,npu,14,"Q:0,K:0,Q:1,K:1,QK:0,QK:1,Softmax:0,Softmax:1,O:0,Add:-1,FFN_W3:0,FFN_W3:1,SwiGLU:0,Add:-1",0.00020871383691734025,0.0003298304080963135,npu|decode|4|671eabfb3c980b3de830460630434eeb,4,sample_step,0.013357685562709776,0.021109146118164064,0.00012111657117897326,1.580299672354453,0.007751460555454288,1.580299672354453
ianus_prefill-1024xdecode_512_ops_trace.csv,decode,4,191,19,PIM1,pim,6,"V:1,SV:1,LN:-1,FFN_W1:1,SwiGLU:1,FFN_W2:0",0.00027259967376558336,3.3315e-05,pim|decode|4|016e8acce089f109420138ec5b8e8adb,4,sample_step,0.017446379120997335,0.00213216,-0.00023928467376558335,0.12221217853932052,-0.015314219120997334,0.12221217853932052
ianus_prefill-1024xdecode_512_ops_trace.csv,decode,4,191,20,PIM0,pim,6,"LN:-1,V:0,SV:0,O:1,FFN_W1:0,FFN_W2:1",0.00030202534808054793,3.6874e-05,pim|decode|4|731d391a82ee0cb7f0755396c849b1dc,4,sample_step,0.019329622277155067,0.002359936,-0.00026515134808054793,0.12208909031756492,-0.016969686277155067,0.12208909031756492
ianus_prefill-1024xdecode_512_ops_trace.csv,decode,4,191,20,GPU0,npu,14,"Q:0,K:0,Q:1,K:1,QK:0,QK:1,Softmax:0,Softmax:1,O:0,Add:-1,FFN_W3:0,FFN_W3:1,SwiGLU:0,Add:-1",0.00020871383691734025,0.0003298304080963135,npu|decode|4|671eabfb3c980b3de830460630434eeb,4,sample_step,0.013357685562709776,0.021109146118164064,0.00012111657117897326,1.580299672354453,0.007751460555454288,1.580299672354453
ianus_prefill-1024xdecode_512_ops_trace.csv,decode,4,191,20,PIM1,pim,6,"V:1,SV:1,LN:-1,FFN_W1:1,SwiGLU:1,FFN_W2:0",0.00027259967376558336,3.3315e-05,pim|decode|4|016e8acce089f109420138ec5b8e8adb,4,sample_step,0.017446379120997335,0.00213216,-0.00023928467376558335,0.12221217853932052,-0.015314219120997334,0.12221217853932052
ianus_prefill-1024xdecode_512_ops_trace.csv,decode,4,191,21,PIM0,pim,6,"LN:-1,V:0,SV:0,O:1,FFN_W1:0,FFN_W2:1",0.00030202534808054793,3.6874e-05,pim|decode|4|731d391a82ee0cb7f0755396c849b1dc,4,sample_step,0.019329622277155067,0.002359936,-0.00026515134808054793,0.12208909031756492,-0.016969686277155067,0.12208909031756492
ianus_prefill-1024xdecode_512_ops_trace.csv,decode,4,191,21,GPU0,npu,14,"Q:0,K:0,Q:1,K:1,QK:0,QK:1,Softmax:0,Softmax:1,O:0,Add:-1,FFN_W3:0,FFN_W3:1,SwiGLU:0,Add:-1",0.00020871383691734025,0.0003298304080963135,npu|decode|4|671eabfb3c980b3de830460630434eeb,4,sample_step,0.013357685562709776,0.021109146118164064,0.00012111657117897326,1.580299672354453,0.007751460555454288,1.580299672354453
ianus_prefill-1024xdecode_512_ops_trace.csv,decode,4,191,21,PIM1,pim,6,"V:1,SV:1,LN:-1,FFN_W1:1,SwiGLU:1,FFN_W2:0",0.00027259967376558336,3.3315e-05,pim|decode|4|016e8acce089f109420138ec5b8e8adb,4,sample_step,0.017446379120997335,0.00213216,-0.00023928467376558335,0.12221217853932052,-0.015314219120997334,0.12221217853932052
ianus_prefill-1024xdecode_512_ops_trace.csv,decode,4,191,22,PIM0,pim,6,"LN:-1,V:0,SV:0,O:1,FFN_W1:0,FFN_W2:1",0.00030202534808054793,3.6874e-05,pim|decode|4|731d391a82ee0cb7f0755396c849b1dc,4,sample_step,0.019329622277155067,0.002359936,-0.00026515134808054793,0.12208909031756492,-0.016969686277155067,0.12208909031756492
ianus_prefill-1024xdecode_512_ops_trace.csv,decode,4,191,22,GPU0,npu,14,"Q:0,K:0,Q:1,K:1,QK:0,QK:1,Softmax:0,Softmax:1,O:0,Add:-1,FFN_W3:0,FFN_W3:1,SwiGLU:0,Add:-1",0.00020871383691734025,0.0003298304080963135,npu|decode|4|671eabfb3c980b3de830460630434eeb,4,sample_step,0.013357685562709776,0.021109146118164064,0.00012111657117897326,1.580299672354453,0.007751460555454288,1.580299672354453
ianus_prefill-1024xdecode_512_ops_trace.csv,decode,4,191,22,PIM1,pim,6,"V:1,SV:1,LN:-1,FFN_W1:1,SwiGLU:1,FFN_W2:0",0.00027259967376558336,3.3315e-05,pim|decode|4|016e8acce089f109420138ec5b8e8adb,4,sample_step,0.017446379120997335,0.00213216,-0.00023928467376558335,0.12221217853932052,-0.015314219120997334,0.12221217853932052
ianus_prefill-1024xdecode_512_ops_trace.csv,decode,4,191,23,PIM0,pim,6,"LN:-1,V:0,SV:0,O:1,FFN_W1:0,FFN_W2:1",0.00030202534808054793,3.6874e-05,pim|decode|4|731d391a82ee0cb7f0755396c849b1dc,4,sample_step,0.019329622277155067,0.002359936,-0.00026515134808054793,0.12208909031756492,-0.016969686277155067,0.12208909031756492
ianus_prefill-1024xdecode_512_ops_trace.csv,decode,4,191,23,GPU0,npu,14,"Q:0,K:0,Q:1,K:1,QK:0,QK:1,Softmax:0,Softmax:1,O:0,Add:-1,FFN_W3:0,FFN_W3:1,SwiGLU:0,Add:-1",0.00020871383691734025,0.0003298304080963135,npu|decode|4|671eabfb3c980b3de830460630434eeb,4,sample_step,0.013357685562709776,0.021109146118164064,0.00012111657117897326,1.580299672354453,0.007751460555454288,1.580299672354453
ianus_prefill-1024xdecode_512_ops_trace.csv,decode,4,191,23,PIM1,pim,6,"V:1,SV:1,LN:-1,FFN_W1:1,SwiGLU:1,FFN_W2:0",0.00027259967376558336,3.3315e-05,pim|decode|4|016e8acce089f109420138ec5b8e8adb,4,sample_step,0.017446379120997335,0.00213216,-0.00023928467376558335,0.12221217853932052,-0.015314219120997334,0.12221217853932052
ianus_prefill-1024xdecode_512_ops_trace.csv,decode,4,191,24,PIM0,pim,6,"LN:-1,V:0,SV:0,O:1,FFN_W1:0,FFN_W2:1",0.00030202534808054793,3.6874e-05,pim|decode|4|731d391a82ee0cb7f0755396c849b1dc,4,sample_step,0.019329622277155067,0.002359936,-0.00026515134808054793,0.12208909031756492,-0.016969686277155067,0.12208909031756492
ianus_prefill-1024xdecode_512_ops_trace.csv,decode,4,191,24,GPU0,npu,14,"Q:0,K:0,Q:1,K:1,QK:0,QK:1,Softmax:0,Softmax:1,O:0,Add:-1,FFN_W3:0,FFN_W3:1,SwiGLU:0,Add:-1",0.00020871383691734025,0.0003298304080963135,npu|decode|4|671eabfb3c980b3de830460630434eeb,4,sample_step,0.013357685562709776,0.021109146118164064,0.00012111657117897326,1.580299672354453,0.007751460555454288,1.580299672354453
ianus_prefill-1024xdecode_512_ops_trace.csv,decode,4,191,24,PIM1,pim,6,"V:1,SV:1,LN:-1,FFN_W1:1,SwiGLU:1,FFN_W2:0",0.00027259967376558336,3.3315e-05,pim|decode|4|016e8acce089f109420138ec5b8e8adb,4,sample_step,0.017446379120997335,0.00213216,-0.00023928467376558335,0.12221217853932052,-0.015314219120997334,0.12221217853932052
ianus_prefill-1024xdecode_512_ops_trace.csv,decode,4,191,25,PIM0,pim,6,"LN:-1,V:0,SV:0,O:1,FFN_W1:0,FFN_W2:1",0.00030202534808054793,3.6874e-05,pim|decode|4|731d391a82ee0cb7f0755396c849b1dc,4,sample_step,0.019329622277155067,0.002359936,-0.00026515134808054793,0.12208909031756492,-0.016969686277155067,0.12208909031756492
ianus_prefill-1024xdecode_512_ops_trace.csv,decode,4,191,25,GPU0,npu,14,"Q:0,K:0,Q:1,K:1,QK:0,QK:1,Softmax:0,Softmax:1,O:0,Add:-1,FFN_W3:0,FFN_W3:1,SwiGLU:0,Add:-1",0.00020871383691734025,0.0003298304080963135,npu|decode|4|671eabfb3c980b3de830460630434eeb,4,sample_step,0.013357685562709776,0.021109146118164064,0.00012111657117897326,1.580299672354453,0.007751460555454288,1.580299672354453
ianus_prefill-1024xdecode_512_ops_trace.csv,decode,4,191,25,PIM1,pim,6,"V:1,SV:1,LN:-1,FFN_W1:1,SwiGLU:1,FFN_W2:0",0.00027259967376558336,3.3315e-05,pim|decode|4|016e8acce089f109420138ec5b8e8adb,4,sample_step,0.017446379120997335,0.00213216,-0.00023928467376558335,0.12221217853932052,-0.015314219120997334,0.12221217853932052
ianus_prefill-1024xdecode_512_ops_trace.csv,decode,4,191,26,PIM0,pim,6,"LN:-1,V:0,SV:0,O:1,FFN_W1:0,FFN_W2:1",0.00030202534808054793,3.6874e-05,pim|decode|4|731d391a82ee0cb7f0755396c849b1dc,4,sample_step,0.019329622277155067,0.002359936,-0.00026515134808054793,0.12208909031756492,-0.016969686277155067,0.12208909031756492
ianus_prefill-1024xdecode_512_ops_trace.csv,decode,4,191,26,GPU0,npu,14,"Q:0,K:0,Q:1,K:1,QK:0,QK:1,Softmax:0,Softmax:1,O:0,Add:-1,FFN_W3:0,FFN_W3:1,SwiGLU:0,Add:-1",0.00020871383691734025,0.0003298304080963135,npu|decode|4|671eabfb3c980b3de830460630434eeb,4,sample_step,0.013357685562709776,0.021109146118164064,0.00012111657117897326,1.580299672354453,0.007751460555454288,1.580299672354453
ianus_prefill-1024xdecode_512_ops_trace.csv,decode,4,191,26,PIM1,pim,6,"V:1,SV:1,LN:-1,FFN_W1:1,SwiGLU:1,FFN_W2:0",0.00027259967376558336,3.3315e-05,pim|decode|4|016e8acce089f109420138ec5b8e8adb,4,sample_step,0.017446379120997335,0.00213216,-0.00023928467376558335,0.12221217853932052,-0.015314219120997334,0.12221217853932052
ianus_prefill-1024xdecode_512_ops_trace.csv,decode,4,191,27,PIM0,pim,6,"LN:-1,V:0,SV:0,O:1,FFN_W1:0,FFN_W2:1",0.00030202534808054793,3.6874e-05,pim|decode|4|731d391a82ee0cb7f0755396c849b1dc,4,sample_step,0.019329622277155067,0.002359936,-0.00026515134808054793,0.12208909031756492,-0.016969686277155067,0.12208909031756492
ianus_prefill-1024xdecode_512_ops_trace.csv,decode,4,191,27,GPU0,npu,14,"Q:0,K:0,Q:1,K:1,QK:0,QK:1,Softmax:0,Softmax:1,O:0,Add:-1,FFN_W3:0,FFN_W3:1,SwiGLU:0,Add:-1",0.00020871383691734025,0.0003298304080963135,npu|decode|4|671eabfb3c980b3de830460630434eeb,4,sample_step,0.013357685562709776,0.021109146118164064,0.00012111657117897326,1.580299672354453,0.007751460555454288,1.580299672354453
ianus_prefill-1024xdecode_512_ops_trace.csv,decode,4,191,27,PIM1,pim,6,"V:1,SV:1,LN:-1,FFN_W1:1,SwiGLU:1,FFN_W2:0",0.00027259967376558336,3.3315e-05,pim|decode|4|016e8acce089f109420138ec5b8e8adb,4,sample_step,0.017446379120997335,0.00213216,-0.00023928467376558335,0.12221217853932052,-0.015314219120997334,0.12221217853932052
ianus_prefill-1024xdecode_512_ops_trace.csv,decode,4,191,28,PIM0,pim,6,"LN:-1,V:0,SV:0,O:1,FFN_W1:0,FFN_W2:1",0.00030202534808054793,3.6874e-05,pim|decode|4|731d391a82ee0cb7f0755396c849b1dc,4,sample_step,0.019329622277155067,0.002359936,-0.00026515134808054793,0.12208909031756492,-0.016969686277155067,0.12208909031756492
ianus_prefill-1024xdecode_512_ops_trace.csv,decode,4,191,28,GPU0,npu,14,"Q:0,K:0,Q:1,K:1,QK:0,QK:1,Softmax:0,Softmax:1,O:0,Add:-1,FFN_W3:0,FFN_W3:1,SwiGLU:0,Add:-1",0.00020871383691734025,0.0003298304080963135,npu|decode|4|671eabfb3c980b3de830460630434eeb,4,sample_step,0.013357685562709776,0.021109146118164064,0.00012111657117897326,1.580299672354453,0.007751460555454288,1.580299672354453
ianus_prefill-1024xdecode_512_ops_trace.csv,decode,4,191,28,PIM1,pim,6,"V:1,SV:1,LN:-1,FFN_W1:1,SwiGLU:1,FFN_W2:0",0.00027259967376558336,3.3315e-05,pim|decode|4|016e8acce089f109420138ec5b8e8adb,4,sample_step,0.017446379120997335,0.00213216,-0.00023928467376558335,0.12221217853932052,-0.015314219120997334,0.12221217853932052
ianus_prefill-1024xdecode_512_ops_trace.csv,decode,4,191,29,PIM0,pim,6,"LN:-1,V:0,SV:0,O:1,FFN_W1:0,FFN_W2:1",0.00030202534808054793,3.6874e-05,pim|decode|4|731d391a82ee0cb7f0755396c849b1dc,4,sample_step,0.019329622277155067,0.002359936,-0.00026515134808054793,0.12208909031756492,-0.016969686277155067,0.12208909031756492
ianus_prefill-1024xdecode_512_ops_trace.csv,decode,4,191,29,GPU0,npu,14,"Q:0,K:0,Q:1,K:1,QK:0,QK:1,Softmax:0,Softmax:1,O:0,Add:-1,FFN_W3:0,FFN_W3:1,SwiGLU:0,Add:-1",0.00020871383691734025,0.0003298304080963135,npu|decode|4|671eabfb3c980b3de830460630434eeb,4,sample_step,0.013357685562709776,0.021109146118164064,0.00012111657117897326,1.580299672354453,0.007751460555454288,1.580299672354453
ianus_prefill-1024xdecode_512_ops_trace.csv,decode,4,191,29,PIM1,pim,6,"V:1,SV:1,LN:-1,FFN_W1:1,SwiGLU:1,FFN_W2:0",0.00027259967376558336,3.3315e-05,pim|decode|4|016e8acce089f109420138ec5b8e8adb,4,sample_step,0.017446379120997335,0.00213216,-0.00023928467376558335,0.12221217853932052,-0.015314219120997334,0.12221217853932052
ianus_prefill-1024xdecode_512_ops_trace.csv,decode,4,191,30,PIM0,pim,6,"LN:-1,V:0,SV:0,O:1,FFN_W1:0,FFN_W2:1",0.00030202534808054793,3.6874e-05,pim|decode|4|731d391a82ee0cb7f0755396c849b1dc,4,sample_step,0.019329622277155067,0.002359936,-0.00026515134808054793,0.12208909031756492,-0.016969686277155067,0.12208909031756492
ianus_prefill-1024xdecode_512_ops_trace.csv,decode,4,191,30,GPU0,npu,14,"Q:0,K:0,Q:1,K:1,QK:0,QK:1,Softmax:0,Softmax:1,O:0,Add:-1,FFN_W3:0,FFN_W3:1,SwiGLU:0,Add:-1",0.00020871383691734025,0.0003298304080963135,npu|decode|4|671eabfb3c980b3de830460630434eeb,4,sample_step,0.013357685562709776,0.021109146118164064,0.00012111657117897326,1.580299672354453,0.007751460555454288,1.580299672354453
ianus_prefill-1024xdecode_512_ops_trace.csv,decode,4,191,30,PIM1,pim,6,"V:1,SV:1,LN:-1,FFN_W1:1,SwiGLU:1,FFN_W2:0",0.00027259967376558336,3.3315e-05,pim|decode|4|016e8acce089f109420138ec5b8e8adb,4,sample_step,0.017446379120997335,0.00213216,-0.00023928467376558335,0.12221217853932052,-0.015314219120997334,0.12221217853932052
ianus_prefill-1024xdecode_512_ops_trace.csv,decode,4,191,31,PIM0,pim,6,"LN:-1,V:0,SV:0,O:1,FFN_W1:0,FFN_W2:1",0.00030202534808054793,3.6874e-05,pim|decode|4|731d391a82ee0cb7f0755396c849b1dc,4,sample_step,0.019329622277155067,0.002359936,-0.00026515134808054793,0.12208909031756492,-0.016969686277155067,0.12208909031756492
ianus_prefill-1024xdecode_512_ops_trace.csv,decode,4,191,31,GPU0,npu,14,"Q:0,K:0,Q:1,K:1,QK:0,QK:1,Softmax:0,Softmax:1,O:0,Add:-1,FFN_W3:0,FFN_W3:1,SwiGLU:0,Add:-1",0.00020871383691734025,0.0003298304080963135,npu|decode|4|671eabfb3c980b3de830460630434eeb,4,sample_step,0.013357685562709776,0.021109146118164064,0.00012111657117897326,1.580299672354453,0.007751460555454288,1.580299672354453
ianus_prefill-1024xdecode_512_ops_trace.csv,decode,4,191,31,PIM1,pim,6,"V:1,SV:1,LN:-1,FFN_W1:1,SwiGLU:1,FFN_W2:0",0.00027259967376558336,3.3315e-05,pim|decode|4|016e8acce089f109420138ec5b8e8adb,4,sample_step,0.017446379120997335,0.00213216,-0.00023928467376558335,0.12221217853932052,-0.015314219120997334,0.12221217853932052
ianus_prefill-1024xdecode_512_ops_trace.csv,decode,5,255,0,GPU0,npu,15,"LN:-1,Q:0,K:0,Q:1,K:1,QK:0,QK:1,Softmax:0,Softmax:1,O:0,Add:-1,FFN_W3:0,FFN_W3:1,SwiGLU:0,Add:-1",0.00024408685208854308,0.00037140479087829594,npu|decode|5|2a5538c8f9df4db4add3d84eaac8c78a,5,sample_step,0.015621558533666757,0.02376990661621094,0.00012731793878975286,1.5216091637068923,0.008148348082544183,1.5216091637068923
ianus_prefill-1024xdecode_512_ops_trace.csv,decode,5,255,0,PIM0,pim,5,"V:0,SV:0,O:1,FFN_W1:0,FFN_W2:1",0.0002920893480862219,3.5632e-05,pim|decode|5|ebea3d96ba5f955b87a93b12b17bba6f,5,sample_step,0.0186937182775182,0.002280448,-0.0002564573480862219,0.12199006993394976,-0.0164132702775182,0.12199006993394976
ianus_prefill-1024xdecode_512_ops_trace.csv,decode,5,255,0,PIM1,pim,6,"V:1,SV:1,LN:-1,FFN_W1:1,SwiGLU:1,FFN_W2:0",0.0002731756737688329,3.3387e-05,pim|decode|5|016e8acce089f109420138ec5b8e8adb,5,sample_step,0.017483243121205305,0.002136768,-0.00023978867376883288,0.12221805675220113,-0.015346475121205305,0.12221805675220113
ianus_prefill-1024xdecode_512_ops_trace.csv,decode,5,255,1,PIM0,pim,6,"LN:-1,V:0,SV:0,O:1,FFN_W1:0,FFN_W2:1",0.0003026013480855738,3.6946e-05,pim|decode|5|731d391a82ee0cb7f0755396c849b1dc,5,sample_step,0.019366486277476724,0.002364544,-0.0002656553480855738,0.12209463121609061,-0.017001942277476725,0.12209463121609061
ianus_prefill-1024xdecode_512_ops_trace.csv,decode,5,255,1,GPU0,npu,14,"Q:0,K:0,Q:1,K:1,QK:0,QK:1,Softmax:0,Softmax:1,O:0,Add:-1,FFN_W3:0,FFN_W3:1,SwiGLU:0,Add:-1",0.00020877724744394754,0.00028825600147247316,npu|decode|5|671eabfb3c980b3de830460630434eeb,5,sample_step,0.013361743836412643,0.018448384094238282,7.947875402852561e-05,1.380686856453858,0.005086640257825639,1.380686856453858
ianus_prefill-1024xdecode_512_ops_trace.csv,decode,5,255,1,PIM1,pim,6,"V:1,SV:1,LN:-1,FFN_W1:1,SwiGLU:1,FFN_W2:0",0.0002731756737688329,3.3387e-05,pim|decode|5|016e8acce089f109420138ec5b8e8adb,5,sample_step,0.017483243121205305,0.002136768,-0.00023978867376883288,0.12221805675220113,-0.015346475121205305,0.12221805675220113
ianus_prefill-1024xdecode_512_ops_trace.csv,decode,5,255,2,PIM0,pim,6,"LN:-1,V:0,SV:0,O:1,FFN_W1:0,FFN_W2:1",0.0003026013480855738,3.6946e-05,pim|decode|5|731d391a82ee0cb7f0755396c849b1dc,5,sample_step,0.019366486277476724,0.002364544,-0.0002656553480855738,0.12209463121609061,-0.017001942277476725,0.12209463121609061
ianus_prefill-1024xdecode_512_ops_trace.csv,decode,5,255,2,GPU0,npu,14,"Q:0,K:0,Q:1,K:1,QK:0,QK:1,Softmax:0,Softmax:1,O:0,Add:-1,FFN_W3:0,FFN_W3:1,SwiGLU:0,Add:-1",0.00020877724744394754,0.00028825600147247316,npu|decode|5|671eabfb3c980b3de830460630434eeb,5,sample_step,0.013361743836412643,0.018448384094238282,7.947875402852561e-05,1.380686856453858,0.005086640257825639,1.380686856453858
ianus_prefill-1024xdecode_512_ops_trace.csv,decode,5,255,2,PIM1,pim,6,"V:1,SV:1,LN:-1,FFN_W1:1,SwiGLU:1,FFN_W2:0",0.0002731756737688329,3.3387e-05,pim|decode|5|016e8acce089f109420138ec5b8e8adb,5,sample_step,0.017483243121205305,0.002136768,-0.00023978867376883288,0.12221805675220113,-0.015346475121205305,0.12221805675220113
ianus_prefill-1024xdecode_512_ops_trace.csv,decode,5,255,3,PIM0,pim,6,"LN:-1,V:0,SV:0,O:1,FFN_W1:0,FFN_W2:1",0.0003026013480855738,3.6946e-05,pim|decode|5|731d391a82ee0cb7f0755396c849b1dc,5,sample_step,0.019366486277476724,0.002364544,-0.0002656553480855738,0.12209463121609061,-0.017001942277476725,0.12209463121609061
ianus_prefill-1024xdecode_512_ops_trace.csv,decode,5,255,3,GPU0,npu,14,"Q:0,K:0,Q:1,K:1,QK:0,QK:1,Softmax:0,Softmax:1,O:0,Add:-1,FFN_W3:0,FFN_W3:1,SwiGLU:0,Add:-1",0.00020877724744394754,0.00028825600147247316,npu|decode|5|671eabfb3c980b3de830460630434eeb,5,sample_step,0.013361743836412643,0.018448384094238282,7.947875402852561e-05,1.380686856453858,0.005086640257825639,1.380686856453858
ianus_prefill-1024xdecode_512_ops_trace.csv,decode,5,255,3,PIM1,pim,6,"V:1,SV:1,LN:-1,FFN_W1:1,SwiGLU:1,FFN_W2:0",0.0002731756737688329,3.3387e-05,pim|decode|5|016e8acce089f109420138ec5b8e8adb,5,sample_step,0.017483243121205305,0.002136768,-0.00023978867376883288,0.12221805675220113,-0.015346475121205305,0.12221805675220113
ianus_prefill-1024xdecode_512_ops_trace.csv,decode,5,255,4,PIM0,pim,6,"LN:-1,V:0,SV:0,O:1,FFN_W1:0,FFN_W2:1",0.0003026013480855738,3.6946e-05,pim|decode|5|731d391a82ee0cb7f0755396c849b1dc,5,sample_step,0.019366486277476724,0.002364544,-0.0002656553480855738,0.12209463121609061,-0.017001942277476725,0.12209463121609061
ianus_prefill-1024xdecode_512_ops_trace.csv,decode,5,255,4,GPU0,npu,14,"Q:0,K:0,Q:1,K:1,QK:0,QK:1,Softmax:0,Softmax:1,O:0,Add:-1,FFN_W3:0,FFN_W3:1,SwiGLU:0,Add:-1",0.00020877724744394754,0.00028825600147247316,npu|decode|5|671eabfb3c980b3de830460630434eeb,5,sample_step,0.013361743836412643,0.018448384094238282,7.947875402852561e-05,1.380686856453858,0.005086640257825639,1.380686856453858
ianus_prefill-1024xdecode_512_ops_trace.csv,decode,5,255,4,PIM1,pim,6,"V:1,SV:1,LN:-1,FFN_W1:1,SwiGLU:1,FFN_W2:0",0.0002731756737688329,3.3387e-05,pim|decode|5|016e8acce089f109420138ec5b8e8adb,5,sample_step,0.017483243121205305,0.002136768,-0.00023978867376883288,0.12221805675220113,-0.015346475121205305,0.12221805675220113
ianus_prefill-1024xdecode_512_ops_trace.csv,decode,5,255,5,PIM0,pim,6,"LN:-1,V:0,SV:0,O:1,FFN_W1:0,FFN_W2:1",0.0003026013480855738,3.6946e-05,pim|decode|5|731d391a82ee0cb7f0755396c849b1dc,5,sample_step,0.019366486277476724,0.002364544,-0.0002656553480855738,0.12209463121609061,-0.017001942277476725,0.12209463121609061
ianus_prefill-1024xdecode_512_ops_trace.csv,decode,5,255,5,GPU0,npu,14,"Q:0,K:0,Q:1,K:1,QK:0,QK:1,Softmax:0,Softmax:1,O:0,Add:-1,FFN_W3:0,FFN_W3:1,SwiGLU:0,Add:-1",0.00020877724744394754,0.00028825600147247316,npu|decode|5|671eabfb3c980b3de830460630434eeb,5,sample_step,0.013361743836412643,0.018448384094238282,7.947875402852561e-05,1.380686856453858,0.005086640257825639,1.380686856453858
ianus_prefill-1024xdecode_512_ops_trace.csv,decode,5,255,5,PIM1,pim,6,"V:1,SV:1,LN:-1,FFN_W1:1,SwiGLU:1,FFN_W2:0",0.0002731756737688329,3.3387e-05,pim|decode|5|016e8acce089f109420138ec5b8e8adb,5,sample_step,0.017483243121205305,0.002136768,-0.00023978867376883288,0.12221805675220113,-0.015346475121205305,0.12221805675220113
ianus_prefill-1024xdecode_512_ops_trace.csv,decode,5,255,6,PIM0,pim,6,"LN:-1,V:0,SV:0,O:1,FFN_W1:0,FFN_W2:1",0.0003026013480855738,3.6946e-05,pim|decode|5|731d391a82ee0cb7f0755396c849b1dc,5,sample_step,0.019366486277476724,0.002364544,-0.0002656553480855738,0.12209463121609061,-0.017001942277476725,0.12209463121609061
ianus_prefill-1024xdecode_512_ops_trace.csv,decode,5,255,6,GPU0,npu,14,"Q:0,K:0,Q:1,K:1,QK:0,QK:1,Softmax:0,Softmax:1,O:0,Add:-1,FFN_W3:0,FFN_W3:1,SwiGLU:0,Add:-1",0.00020877724744394754,0.00028825600147247316,npu|decode|5|671eabfb3c980b3de830460630434eeb,5,sample_step,0.013361743836412643,0.018448384094238282,7.947875402852561e-05,1.380686856453858,0.005086640257825639,1.380686856453858
ianus_prefill-1024xdecode_512_ops_trace.csv,decode,5,255,6,PIM1,pim,6,"V:1,SV:1,LN:-1,FFN_W1:1,SwiGLU:1,FFN_W2:0",0.0002731756737688329,3.3387e-05,pim|decode|5|016e8acce089f109420138ec5b8e8adb,5,sample_step,0.017483243121205305,0.002136768,-0.00023978867376883288,0.12221805675220113,-0.015346475121205305,0.12221805675220113
ianus_prefill-1024xdecode_512_ops_trace.csv,decode,5,255,7,PIM0,pim,6,"LN:-1,V:0,SV:0,O:1,FFN_W1:0,FFN_W2:1",0.0003026013480855738,3.6946e-05,pim|decode|5|731d391a82ee0cb7f0755396c849b1dc,5,sample_step,0.019366486277476724,0.002364544,-0.0002656553480855738,0.12209463121609061,-0.017001942277476725,0.12209463121609061
ianus_prefill-1024xdecode_512_ops_trace.csv,decode,5,255,7,GPU0,npu,14,"Q:0,K:0,Q:1,K:1,QK:0,QK:1,Softmax:0,Softmax:1,O:0,Add:-1,FFN_W3:0,FFN_W3:1,SwiGLU:0,Add:-1",0.00020877724744394754,0.00028825600147247316,npu|decode|5|671eabfb3c980b3de830460630434eeb,5,sample_step,0.013361743836412643,0.018448384094238282,7.947875402852561e-05,1.380686856453858,0.005086640257825639,1.380686856453858
ianus_prefill-1024xdecode_512_ops_trace.csv,decode,5,255,7,PIM1,pim,6,"V:1,SV:1,LN:-1,FFN_W1:1,SwiGLU:1,FFN_W2:0",0.0002731756737688329,3.3387e-05,pim|decode|5|016e8acce089f109420138ec5b8e8adb,5,sample_step,0.017483243121205305,0.002136768,-0.00023978867376883288,0.12221805675220113,-0.015346475121205305,0.12221805675220113
ianus_prefill-1024xdecode_512_ops_trace.csv,decode,5,255,8,PIM0,pim,6,"LN:-1,V:0,SV:0,O:1,FFN_W1:0,FFN_W2:1",0.0003026013480855738,3.6946e-05,pim|decode|5|731d391a82ee0cb7f0755396c849b1dc,5,sample_step,0.019366486277476724,0.002364544,-0.0002656553480855738,0.12209463121609061,-0.017001942277476725,0.12209463121609061
ianus_prefill-1024xdecode_512_ops_trace.csv,decode,5,255,8,GPU0,npu,14,"Q:0,K:0,Q:1,K:1,QK:0,QK:1,Softmax:0,Softmax:1,O:0,Add:-1,FFN_W3:0,FFN_W3:1,SwiGLU:0,Add:-1",0.00020877724744394754,0.00028825600147247316,npu|decode|5|671eabfb3c980b3de830460630434eeb,5,sample_step,0.013361743836412643,0.018448384094238282,7.947875402852561e-05,1.380686856453858,0.005086640257825639,1.380686856453858
ianus_prefill-1024xdecode_512_ops_trace.csv,decode,5,255,8,PIM1,pim,6,"V:1,SV:1,LN:-1,FFN_W1:1,SwiGLU:1,FFN_W2:0",0.0002731756737688329,3.3387e-05,pim|decode|5|016e8acce089f109420138ec5b8e8adb,5,sample_step,0.017483243121205305,0.002136768,-0.00023978867376883288,0.12221805675220113,-0.015346475121205305,0.12221805675220113
ianus_prefill-1024xdecode_512_ops_trace.csv,decode,5,255,9,PIM0,pim,6,"LN:-1,V:0,SV:0,O:1,FFN_W1:0,FFN_W2:1",0.0003026013480855738,3.6946e-05,pim|decode|5|731d391a82ee0cb7f0755396c849b1dc,5,sample_step,0.019366486277476724,0.002364544,-0.0002656553480855738,0.12209463121609061,-0.017001942277476725,0.12209463121609061
ianus_prefill-1024xdecode_512_ops_trace.csv,decode,5,255,9,GPU0,npu,14,"Q:0,K:0,Q:1,K:1,QK:0,QK:1,Softmax:0,Softmax:1,O:0,Add:-1,FFN_W3:0,FFN_W3:1,SwiGLU:0,Add:-1",0.00020877724744394754,0.00028825600147247316,npu|decode|5|671eabfb3c980b3de830460630434eeb,5,sample_step,0.013361743836412643,0.018448384094238282,7.947875402852561e-05,1.380686856453858,0.005086640257825639,1.380686856453858
ianus_prefill-1024xdecode_512_ops_trace.csv,decode,5,255,9,PIM1,pim,6,"V:1,SV:1,LN:-1,FFN_W1:1,SwiGLU:1,FFN_W2:0",0.0002731756737688329,3.3387e-05,pim|decode|5|016e8acce089f109420138ec5b8e8adb,5,sample_step,0.017483243121205305,0.002136768,-0.00023978867376883288,0.12221805675220113,-0.015346475121205305,0.12221805675220113
ianus_prefill-1024xdecode_512_ops_trace.csv,decode,5,255,10,PIM0,pim,6,"LN:-1,V:0,SV:0,O:1,FFN_W1:0,FFN_W2:1",0.0003026013480855738,3.6946e-05,pim|decode|5|731d391a82ee0cb7f0755396c849b1dc,5,sample_step,0.019366486277476724,0.002364544,-0.0002656553480855738,0.12209463121609061,-0.017001942277476725,0.12209463121609061
ianus_prefill-1024xdecode_512_ops_trace.csv,decode,5,255,10,GPU0,npu,14,"Q:0,K:0,Q:1,K:1,QK:0,QK:1,Softmax:0,Softmax:1,O:0,Add:-1,FFN_W3:0,FFN_W3:1,SwiGLU:0,Add:-1",0.00020877724744394754,0.00028825600147247316,npu|decode|5|671eabfb3c980b3de830460630434eeb,5,sample_step,0.013361743836412643,0.018448384094238282,7.947875402852561e-05,1.380686856453858,0.005086640257825639,1.380686856453858
ianus_prefill-1024xdecode_512_ops_trace.csv,decode,5,255,10,PIM1,pim,6,"V:1,SV:1,LN:-1,FFN_W1:1,SwiGLU:1,FFN_W2:0",0.0002731756737688329,3.3387e-05,pim|decode|5|016e8acce089f109420138ec5b8e8adb,5,sample_step,0.017483243121205305,0.002136768,-0.00023978867376883288,0.12221805675220113,-0.015346475121205305,0.12221805675220113
ianus_prefill-1024xdecode_512_ops_trace.csv,decode,5,255,11,PIM0,pim,6,"LN:-1,V:0,SV:0,O:1,FFN_W1:0,FFN_W2:1",0.0003026013480855738,3.6946e-05,pim|decode|5|731d391a82ee0cb7f0755396c849b1dc,5,sample_step,0.019366486277476724,0.002364544,-0.0002656553480855738,0.12209463121609061,-0.017001942277476725,0.12209463121609061
ianus_prefill-1024xdecode_512_ops_trace.csv,decode,5,255,11,GPU0,npu,14,"Q:0,K:0,Q:1,K:1,QK:0,QK:1,Softmax:0,Softmax:1,O:0,Add:-1,FFN_W3:0,FFN_W3:1,SwiGLU:0,Add:-1",0.00020877724744394754,0.00028825600147247316,npu|decode|5|671eabfb3c980b3de830460630434eeb,5,sample_step,0.013361743836412643,0.018448384094238282,7.947875402852561e-05,1.380686856453858,0.005086640257825639,1.380686856453858
ianus_prefill-1024xdecode_512_ops_trace.csv,decode,5,255,11,PIM1,pim,6,"V:1,SV:1,LN:-1,FFN_W1:1,SwiGLU:1,FFN_W2:0",0.0002731756737688329,3.3387e-05,pim|decode|5|016e8acce089f109420138ec5b8e8adb,5,sample_step,0.017483243121205305,0.002136768,-0.00023978867376883288,0.12221805675220113,-0.015346475121205305,0.12221805675220113
ianus_prefill-1024xdecode_512_ops_trace.csv,decode,5,255,12,PIM0,pim,6,"LN:-1,V:0,SV:0,O:1,FFN_W1:0,FFN_W2:1",0.0003026013480855738,3.6946e-05,pim|decode|5|731d391a82ee0cb7f0755396c849b1dc,5,sample_step,0.019366486277476724,0.002364544,-0.0002656553480855738,0.12209463121609061,-0.017001942277476725,0.12209463121609061
ianus_prefill-1024xdecode_512_ops_trace.csv,decode,5,255,12,GPU0,npu,14,"Q:0,K:0,Q:1,K:1,QK:0,QK:1,Softmax:0,Softmax:1,O:0,Add:-1,FFN_W3:0,FFN_W3:1,SwiGLU:0,Add:-1",0.00020877724744394754,0.00028825600147247316,npu|decode|5|671eabfb3c980b3de830460630434eeb,5,sample_step,0.013361743836412643,0.018448384094238282,7.947875402852561e-05,1.380686856453858,0.005086640257825639,1.380686856453858
ianus_prefill-1024xdecode_512_ops_trace.csv,decode,5,255,12,PIM1,pim,6,"V:1,SV:1,LN:-1,FFN_W1:1,SwiGLU:1,FFN_W2:0",0.0002731756737688329,3.3387e-05,pim|decode|5|016e8acce089f109420138ec5b8e8adb,5,sample_step,0.017483243121205305,0.002136768,-0.00023978867376883288,0.12221805675220113,-0.015346475121205305,0.12221805675220113
ianus_prefill-1024xdecode_512_ops_trace.csv,decode,5,255,13,PIM0,pim,6,"LN:-1,V:0,SV:0,O:1,FFN_W1:0,FFN_W2:1",0.0003026013480855738,3.6946e-05,pim|decode|5|731d391a82ee0cb7f0755396c849b1dc,5,sample_step,0.019366486277476724,0.002364544,-0.0002656553480855738,0.12209463121609061,-0.017001942277476725,0.12209463121609061
ianus_prefill-1024xdecode_512_ops_trace.csv,decode,5,255,13,GPU0,npu,14,"Q:0,K:0,Q:1,K:1,QK:0,QK:1,Softmax:0,Softmax:1,O:0,Add:-1,FFN_W3:0,FFN_W3:1,SwiGLU:0,Add:-1",0.00020877724744394754,0.00028825600147247316,npu|decode|5|671eabfb3c980b3de830460630434eeb,5,sample_step,0.013361743836412643,0.018448384094238282,7.947875402852561e-05,1.380686856453858,0.005086640257825639,1.380686856453858
ianus_prefill-1024xdecode_512_ops_trace.csv,decode,5,255,13,PIM1,pim,6,"V:1,SV:1,LN:-1,FFN_W1:1,SwiGLU:1,FFN_W2:0",0.0002731756737688329,3.3387e-05,pim|decode|5|016e8acce089f109420138ec5b8e8adb,5,sample_step,0.017483243121205305,0.002136768,-0.00023978867376883288,0.12221805675220113,-0.015346475121205305,0.12221805675220113
ianus_prefill-1024xdecode_512_ops_trace.csv,decode,5,255,14,PIM0,pim,6,"LN:-1,V:0,SV:0,O:1,FFN_W1:0,FFN_W2:1",0.0003026013480855738,3.6946e-05,pim|decode|5|731d391a82ee0cb7f0755396c849b1dc,5,sample_step,0.019366486277476724,0.002364544,-0.0002656553480855738,0.12209463121609061,-0.017001942277476725,0.12209463121609061
ianus_prefill-1024xdecode_512_ops_trace.csv,decode,5,255,14,GPU0,npu,14,"Q:0,K:0,Q:1,K:1,QK:0,QK:1,Softmax:0,Softmax:1,O:0,Add:-1,FFN_W3:0,FFN_W3:1,SwiGLU:0,Add:-1",0.00020877724744394754,0.00028825600147247316,npu|decode|5|671eabfb3c980b3de830460630434eeb,5,sample_step,0.013361743836412643,0.018448384094238282,7.947875402852561e-05,1.380686856453858,0.005086640257825639,1.380686856453858
ianus_prefill-1024xdecode_512_ops_trace.csv,decode,5,255,14,PIM1,pim,6,"V:1,SV:1,LN:-1,FFN_W1:1,SwiGLU:1,FFN_W2:0",0.0002731756737688329,3.3387e-05,pim|decode|5|016e8acce089f109420138ec5b8e8adb,5,sample_step,0.017483243121205305,0.002136768,-0.00023978867376883288,0.12221805675220113,-0.015346475121205305,0.12221805675220113
ianus_prefill-1024xdecode_512_ops_trace.csv,decode,5,255,15,PIM0,pim,6,"LN:-1,V:0,SV:0,O:1,FFN_W1:0,FFN_W2:1",0.0003026013480855738,3.6946e-05,pim|decode|5|731d391a82ee0cb7f0755396c849b1dc,5,sample_step,0.019366486277476724,0.002364544,-0.0002656553480855738,0.12209463121609061,-0.017001942277476725,0.12209463121609061
ianus_prefill-1024xdecode_512_ops_trace.csv,decode,5,255,15,GPU0,npu,14,"Q:0,K:0,Q:1,K:1,QK:0,QK:1,Softmax:0,Softmax:1,O:0,Add:-1,FFN_W3:0,FFN_W3:1,SwiGLU:0,Add:-1",0.00020877724744394754,0.00028825600147247316,npu|decode|5|671eabfb3c980b3de830460630434eeb,5,sample_step,0.013361743836412643,0.018448384094238282,7.947875402852561e-05,1.380686856453858,0.005086640257825639,1.380686856453858
ianus_prefill-1024xdecode_512_ops_trace.csv,decode,5,255,15,PIM1,pim,6,"V:1,SV:1,LN:-1,FFN_W1:1,SwiGLU:1,FFN_W2:0",0.0002731756737688329,3.3387e-05,pim|decode|5|016e8acce089f109420138ec5b8e8adb,5,sample_step,0.017483243121205305,0.002136768,-0.00023978867376883288,0.12221805675220113,-0.015346475121205305,0.12221805675220113
ianus_prefill-1024xdecode_512_ops_trace.csv,decode,5,255,16,PIM0,pim,6,"LN:-1,V:0,SV:0,O:1,FFN_W1:0,FFN_W2:1",0.0003026013480855738,3.6946e-05,pim|decode|5|731d391a82ee0cb7f0755396c849b1dc,5,sample_step,0.019366486277476724,0.002364544,-0.0002656553480855738,0.12209463121609061,-0.017001942277476725,0.12209463121609061
ianus_prefill-1024xdecode_512_ops_trace.csv,decode,5,255,16,GPU0,npu,14,"Q:0,K:0,Q:1,K:1,QK:0,QK:1,Softmax:0,Softmax:1,O:0,Add:-1,FFN_W3:0,FFN_W3:1,SwiGLU:0,Add:-1",0.00020877724744394754,0.00028825600147247316,npu|decode|5|671eabfb3c980b3de830460630434eeb,5,sample_step,0.013361743836412643,0.018448384094238282,7.947875402852561e-05,1.380686856453858,0.005086640257825639,1.380686856453858
ianus_prefill-1024xdecode_512_ops_trace.csv,decode,5,255,16,PIM1,pim,6,"V:1,SV:1,LN:-1,FFN_W1:1,SwiGLU:1,FFN_W2:0",0.0002731756737688329,3.3387e-05,pim|decode|5|016e8acce089f109420138ec5b8e8adb,5,sample_step,0.017483243121205305,0.002136768,-0.00023978867376883288,0.12221805675220113,-0.015346475121205305,0.12221805675220113
ianus_prefill-1024xdecode_512_ops_trace.csv,decode,5,255,17,PIM0,pim,6,"LN:-1,V:0,SV:0,O:1,FFN_W1:0,FFN_W2:1",0.0003026013480855738,3.6946e-05,pim|decode|5|731d391a82ee0cb7f0755396c849b1dc,5,sample_step,0.019366486277476724,0.002364544,-0.0002656553480855738,0.12209463121609061,-0.017001942277476725,0.12209463121609061
ianus_prefill-1024xdecode_512_ops_trace.csv,decode,5,255,17,GPU0,npu,14,"Q:0,K:0,Q:1,K:1,QK:0,QK:1,Softmax:0,Softmax:1,O:0,Add:-1,FFN_W3:0,FFN_W3:1,SwiGLU:0,Add:-1",0.00020877724744394754,0.00028825600147247316,npu|decode|5|671eabfb3c980b3de830460630434eeb,5,sample_step,0.013361743836412643,0.018448384094238282,7.947875402852561e-05,1.380686856453858,0.005086640257825639,1.380686856453858
ianus_prefill-1024xdecode_512_ops_trace.csv,decode,5,255,17,PIM1,pim,6,"V:1,SV:1,LN:-1,FFN_W1:1,SwiGLU:1,FFN_W2:0",0.0002731756737688329,3.3387e-05,pim|decode|5|016e8acce089f109420138ec5b8e8adb,5,sample_step,0.017483243121205305,0.002136768,-0.00023978867376883288,0.12221805675220113,-0.015346475121205305,0.12221805675220113
ianus_prefill-1024xdecode_512_ops_trace.csv,decode,5,255,18,PIM0,pim,6,"LN:-1,V:0,SV:0,O:1,FFN_W1:0,FFN_W2:1",0.0003026013480855738,3.6946e-05,pim|decode|5|731d391a82ee0cb7f0755396c849b1dc,5,sample_step,0.019366486277476724,0.002364544,-0.0002656553480855738,0.12209463121609061,-0.017001942277476725,0.12209463121609061
ianus_prefill-1024xdecode_512_ops_trace.csv,decode,5,255,18,GPU0,npu,14,"Q:0,K:0,Q:1,K:1,QK:0,QK:1,Softmax:0,Softmax:1,O:0,Add:-1,FFN_W3:0,FFN_W3:1,SwiGLU:0,Add:-1",0.00020877724744394754,0.00028825600147247316,npu|decode|5|671eabfb3c980b3de830460630434eeb,5,sample_step,0.013361743836412643,0.018448384094238282,7.947875402852561e-05,1.380686856453858,0.005086640257825639,1.380686856453858
ianus_prefill-1024xdecode_512_ops_trace.csv,decode,5,255,18,PIM1,pim,6,"V:1,SV:1,LN:-1,FFN_W1:1,SwiGLU:1,FFN_W2:0",0.0002731756737688329,3.3387e-05,pim|decode|5|016e8acce089f109420138ec5b8e8adb,5,sample_step,0.017483243121205305,0.002136768,-0.00023978867376883288,0.12221805675220113,-0.015346475121205305,0.12221805675220113
ianus_prefill-1024xdecode_512_ops_trace.csv,decode,5,255,19,PIM0,pim,6,"LN:-1,V:0,SV:0,O:1,FFN_W1:0,FFN_W2:1",0.0003026013480855738,3.6946e-05,pim|decode|5|731d391a82ee0cb7f0755396c849b1dc,5,sample_step,0.019366486277476724,0.002364544,-0.0002656553480855738,0.12209463121609061,-0.017001942277476725,0.12209463121609061
ianus_prefill-1024xdecode_512_ops_trace.csv,decode,5,255,19,GPU0,npu,14,"Q:0,K:0,Q:1,K:1,QK:0,QK:1,Softmax:0,Softmax:1,O:0,Add:-1,FFN_W3:0,FFN_W3:1,SwiGLU:0,Add:-1",0.00020877724744394754,0.00028825600147247316,npu|decode|5|671eabfb3c980b3de830460630434eeb,5,sample_step,0.013361743836412643,0.018448384094238282,7.947875402852561e-05,1.380686856453858,0.005086640257825639,1.380686856453858
ianus_prefill-1024xdecode_512_ops_trace.csv,decode,5,255,19,PIM1,pim,6,"V:1,SV:1,LN:-1,FFN_W1:1,SwiGLU:1,FFN_W2:0",0.0002731756737688329,3.3387e-05,pim|decode|5|016e8acce089f109420138ec5b8e8adb,5,sample_step,0.017483243121205305,0.002136768,-0.00023978867376883288,0.12221805675220113,-0.015346475121205305,0.12221805675220113
ianus_prefill-1024xdecode_512_ops_trace.csv,decode,5,255,20,PIM0,pim,6,"LN:-1,V:0,SV:0,O:1,FFN_W1:0,FFN_W2:1",0.0003026013480855738,3.6946e-05,pim|decode|5|731d391a82ee0cb7f0755396c849b1dc,5,sample_step,0.019366486277476724,0.002364544,-0.0002656553480855738,0.12209463121609061,-0.017001942277476725,0.12209463121609061
ianus_prefill-1024xdecode_512_ops_trace.csv,decode,5,255,20,GPU0,npu,14,"Q:0,K:0,Q:1,K:1,QK:0,QK:1,Softmax:0,Softmax:1,O:0,Add:-1,FFN_W3:0,FFN_W3:1,SwiGLU:0,Add:-1",0.00020877724744394754,0.00028825600147247316,npu|decode|5|671eabfb3c980b3de830460630434eeb,5,sample_step,0.013361743836412643,0.018448384094238282,7.947875402852561e-05,1.380686856453858,0.005086640257825639,1.380686856453858
ianus_prefill-1024xdecode_512_ops_trace.csv,decode,5,255,20,PIM1,pim,6,"V:1,SV:1,LN:-1,FFN_W1:1,SwiGLU:1,FFN_W2:0",0.0002731756737688329,3.3387e-05,pim|decode|5|016e8acce089f109420138ec5b8e8adb,5,sample_step,0.017483243121205305,0.002136768,-0.00023978867376883288,0.12221805675220113,-0.015346475121205305,0.12221805675220113
ianus_prefill-1024xdecode_512_ops_trace.csv,decode,5,255,21,PIM0,pim,6,"LN:-1,V:0,SV:0,O:1,FFN_W1:0,FFN_W2:1",0.0003026013480855738,3.6946e-05,pim|decode|5|731d391a82ee0cb7f0755396c849b1dc,5,sample_step,0.019366486277476724,0.002364544,-0.0002656553480855738,0.12209463121609061,-0.017001942277476725,0.12209463121609061
ianus_prefill-1024xdecode_512_ops_trace.csv,decode,5,255,21,GPU0,npu,14,"Q:0,K:0,Q:1,K:1,QK:0,QK:1,Softmax:0,Softmax:1,O:0,Add:-1,FFN_W3:0,FFN_W3:1,SwiGLU:0,Add:-1",0.00020877724744394754,0.00028825600147247316,npu|decode|5|671eabfb3c980b3de830460630434eeb,5,sample_step,0.013361743836412643,0.018448384094238282,7.947875402852561e-05,1.380686856453858,0.005086640257825639,1.380686856453858
ianus_prefill-1024xdecode_512_ops_trace.csv,decode,5,255,21,PIM1,pim,6,"V:1,SV:1,LN:-1,FFN_W1:1,SwiGLU:1,FFN_W2:0",0.0002731756737688329,3.3387e-05,pim|decode|5|016e8acce089f109420138ec5b8e8adb,5,sample_step,0.017483243121205305,0.002136768,-0.00023978867376883288,0.12221805675220113,-0.015346475121205305,0.12221805675220113
ianus_prefill-1024xdecode_512_ops_trace.csv,decode,5,255,22,PIM0,pim,6,"LN:-1,V:0,SV:0,O:1,FFN_W1:0,FFN_W2:1",0.0003026013480855738,3.6946e-05,pim|decode|5|731d391a82ee0cb7f0755396c849b1dc,5,sample_step,0.019366486277476724,0.002364544,-0.0002656553480855738,0.12209463121609061,-0.017001942277476725,0.12209463121609061
ianus_prefill-1024xdecode_512_ops_trace.csv,decode,5,255,22,GPU0,npu,14,"Q:0,K:0,Q:1,K:1,QK:0,QK:1,Softmax:0,Softmax:1,O:0,Add:-1,FFN_W3:0,FFN_W3:1,SwiGLU:0,Add:-1",0.00020877724744394754,0.00028825600147247316,npu|decode|5|671eabfb3c980b3de830460630434eeb,5,sample_step,0.013361743836412643,0.018448384094238282,7.947875402852561e-05,1.380686856453858,0.005086640257825639,1.380686856453858
ianus_prefill-1024xdecode_512_ops_trace.csv,decode,5,255,22,PIM1,pim,6,"V:1,SV:1,LN:-1,FFN_W1:1,SwiGLU:1,FFN_W2:0",0.0002731756737688329,3.3387e-05,pim|decode|5|016e8acce089f109420138ec5b8e8adb,5,sample_step,0.017483243121205305,0.002136768,-0.00023978867376883288,0.12221805675220113,-0.015346475121205305,0.12221805675220113
ianus_prefill-1024xdecode_512_ops_trace.csv,decode,5,255,23,PIM0,pim,6,"LN:-1,V:0,SV:0,O:1,FFN_W1:0,FFN_W2:1",0.0003026013480855738,3.6946e-05,pim|decode|5|731d391a82ee0cb7f0755396c849b1dc,5,sample_step,0.019366486277476724,0.002364544,-0.0002656553480855738,0.12209463121609061,-0.017001942277476725,0.12209463121609061
ianus_prefill-1024xdecode_512_ops_trace.csv,decode,5,255,23,GPU0,npu,14,"Q:0,K:0,Q:1,K:1,QK:0,QK:1,Softmax:0,Softmax:1,O:0,Add:-1,FFN_W3:0,FFN_W3:1,SwiGLU:0,Add:-1",0.00020877724744394754,0.00028825600147247316,npu|decode|5|671eabfb3c980b3de830460630434eeb,5,sample_step,0.013361743836412643,0.018448384094238282,7.947875402852561e-05,1.380686856453858,0.005086640257825639,1.380686856453858
ianus_prefill-1024xdecode_512_ops_trace.csv,decode,5,255,23,PIM1,pim,6,"V:1,SV:1,LN:-1,FFN_W1:1,SwiGLU:1,FFN_W2:0",0.0002731756737688329,3.3387e-05,pim|decode|5|016e8acce089f109420138ec5b8e8adb,5,sample_step,0.017483243121205305,0.002136768,-0.00023978867376883288,0.12221805675220113,-0.015346475121205305,0.12221805675220113
ianus_prefill-1024xdecode_512_ops_trace.csv,decode,5,255,24,PIM0,pim,6,"LN:-1,V:0,SV:0,O:1,FFN_W1:0,FFN_W2:1",0.0003026013480855738,3.6946e-05,pim|decode|5|731d391a82ee0cb7f0755396c849b1dc,5,sample_step,0.019366486277476724,0.002364544,-0.0002656553480855738,0.12209463121609061,-0.017001942277476725,0.12209463121609061
ianus_prefill-1024xdecode_512_ops_trace.csv,decode,5,255,24,GPU0,npu,14,"Q:0,K:0,Q:1,K:1,QK:0,QK:1,Softmax:0,Softmax:1,O:0,Add:-1,FFN_W3:0,FFN_W3:1,SwiGLU:0,Add:-1",0.00020877724744394754,0.00028825600147247316,npu|decode|5|671eabfb3c980b3de830460630434eeb,5,sample_step,0.013361743836412643,0.018448384094238282,7.947875402852561e-05,1.380686856453858,0.005086640257825639,1.380686856453858
ianus_prefill-1024xdecode_512_ops_trace.csv,decode,5,255,24,PIM1,pim,6,"V:1,SV:1,LN:-1,FFN_W1:1,SwiGLU:1,FFN_W2:0",0.0002731756737688329,3.3387e-05,pim|decode|5|016e8acce089f109420138ec5b8e8adb,5,sample_step,0.017483243121205305,0.002136768,-0.00023978867376883288,0.12221805675220113,-0.015346475121205305,0.12221805675220113
ianus_prefill-1024xdecode_512_ops_trace.csv,decode,5,255,25,PIM0,pim,6,"LN:-1,V:0,SV:0,O:1,FFN_W1:0,FFN_W2:1",0.0003026013480855738,3.6946e-05,pim|decode|5|731d391a82ee0cb7f0755396c849b1dc,5,sample_step,0.019366486277476724,0.002364544,-0.0002656553480855738,0.12209463121609061,-0.017001942277476725,0.12209463121609061
ianus_prefill-1024xdecode_512_ops_trace.csv,decode,5,255,25,GPU0,npu,14,"Q:0,K:0,Q:1,K:1,QK:0,QK:1,Softmax:0,Softmax:1,O:0,Add:-1,FFN_W3:0,FFN_W3:1,SwiGLU:0,Add:-1",0.00020877724744394754,0.00028825600147247316,npu|decode|5|671eabfb3c980b3de830460630434eeb,5,sample_step,0.013361743836412643,0.018448384094238282,7.947875402852561e-05,1.380686856453858,0.005086640257825639,1.380686856453858
ianus_prefill-1024xdecode_512_ops_trace.csv,decode,5,255,25,PIM1,pim,6,"V:1,SV:1,LN:-1,FFN_W1:1,SwiGLU:1,FFN_W2:0",0.0002731756737688329,3.3387e-05,pim|decode|5|016e8acce089f109420138ec5b8e8adb,5,sample_step,0.017483243121205305,0.002136768,-0.00023978867376883288,0.12221805675220113,-0.015346475121205305,0.12221805675220113
ianus_prefill-1024xdecode_512_ops_trace.csv,decode,5,255,26,PIM0,pim,6,"LN:-1,V:0,SV:0,O:1,FFN_W1:0,FFN_W2:1",0.0003026013480855738,3.6946e-05,pim|decode|5|731d391a82ee0cb7f0755396c849b1dc,5,sample_step,0.019366486277476724,0.002364544,-0.0002656553480855738,0.12209463121609061,-0.017001942277476725,0.12209463121609061
ianus_prefill-1024xdecode_512_ops_trace.csv,decode,5,255,26,GPU0,npu,14,"Q:0,K:0,Q:1,K:1,QK:0,QK:1,Softmax:0,Softmax:1,O:0,Add:-1,FFN_W3:0,FFN_W3:1,SwiGLU:0,Add:-1",0.00020877724744394754,0.00028825600147247316,npu|decode|5|671eabfb3c980b3de830460630434eeb,5,sample_step,0.013361743836412643,0.018448384094238282,7.947875402852561e-05,1.380686856453858,0.005086640257825639,1.380686856453858
ianus_prefill-1024xdecode_512_ops_trace.csv,decode,5,255,26,PIM1,pim,6,"V:1,SV:1,LN:-1,FFN_W1:1,SwiGLU:1,FFN_W2:0",0.0002731756737688329,3.3387e-05,pim|decode|5|016e8acce089f109420138ec5b8e8adb,5,sample_step,0.017483243121205305,0.002136768,-0.00023978867376883288,0.12221805675220113,-0.015346475121205305,0.12221805675220113
ianus_prefill-1024xdecode_512_ops_trace.csv,decode,5,255,27,PIM0,pim,6,"LN:-1,V:0,SV:0,O:1,FFN_W1:0,FFN_W2:1",0.0003026013480855738,3.6946e-05,pim|decode|5|731d391a82ee0cb7f0755396c849b1dc,5,sample_step,0.019366486277476724,0.002364544,-0.0002656553480855738,0.12209463121609061,-0.017001942277476725,0.12209463121609061
ianus_prefill-1024xdecode_512_ops_trace.csv,decode,5,255,27,GPU0,npu,14,"Q:0,K:0,Q:1,K:1,QK:0,QK:1,Softmax:0,Softmax:1,O:0,Add:-1,FFN_W3:0,FFN_W3:1,SwiGLU:0,Add:-1",0.00020877724744394754,0.00028825600147247316,npu|decode|5|671eabfb3c980b3de830460630434eeb,5,sample_step,0.013361743836412643,0.018448384094238282,7.947875402852561e-05,1.380686856453858,0.005086640257825639,1.380686856453858
ianus_prefill-1024xdecode_512_ops_trace.csv,decode,5,255,27,PIM1,pim,6,"V:1,SV:1,LN:-1,FFN_W1:1,SwiGLU:1,FFN_W2:0",0.0002731756737688329,3.3387e-05,pim|decode|5|016e8acce089f109420138ec5b8e8adb,5,sample_step,0.017483243121205305,0.002136768,-0.00023978867376883288,0.12221805675220113,-0.015346475121205305,0.12221805675220113
ianus_prefill-1024xdecode_512_ops_trace.csv,decode,5,255,28,PIM0,pim,6,"LN:-1,V:0,SV:0,O:1,FFN_W1:0,FFN_W2:1",0.0003026013480855738,3.6946e-05,pim|decode|5|731d391a82ee0cb7f0755396c849b1dc,5,sample_step,0.019366486277476724,0.002364544,-0.0002656553480855738,0.12209463121609061,-0.017001942277476725,0.12209463121609061
ianus_prefill-1024xdecode_512_ops_trace.csv,decode,5,255,28,GPU0,npu,14,"Q:0,K:0,Q:1,K:1,QK:0,QK:1,Softmax:0,Softmax:1,O:0,Add:-1,FFN_W3:0,FFN_W3:1,SwiGLU:0,Add:-1",0.00020877724744394754,0.00028825600147247316,npu|decode|5|671eabfb3c980b3de830460630434eeb,5,sample_step,0.013361743836412643,0.018448384094238282,7.947875402852561e-05,1.380686856453858,0.005086640257825639,1.380686856453858
ianus_prefill-1024xdecode_512_ops_trace.csv,decode,5,255,28,PIM1,pim,6,"V:1,SV:1,LN:-1,FFN_W1:1,SwiGLU:1,FFN_W2:0",0.0002731756737688329,3.3387e-05,pim|decode|5|016e8acce089f109420138ec5b8e8adb,5,sample_step,0.017483243121205305,0.002136768,-0.00023978867376883288,0.12221805675220113,-0.015346475121205305,0.12221805675220113
ianus_prefill-1024xdecode_512_ops_trace.csv,decode,5,255,29,PIM0,pim,6,"LN:-1,V:0,SV:0,O:1,FFN_W1:0,FFN_W2:1",0.0003026013480855738,3.6946e-05,pim|decode|5|731d391a82ee0cb7f0755396c849b1dc,5,sample_step,0.019366486277476724,0.002364544,-0.0002656553480855738,0.12209463121609061,-0.017001942277476725,0.12209463121609061
ianus_prefill-1024xdecode_512_ops_trace.csv,decode,5,255,29,GPU0,npu,14,"Q:0,K:0,Q:1,K:1,QK:0,QK:1,Softmax:0,Softmax:1,O:0,Add:-1,FFN_W3:0,FFN_W3:1,SwiGLU:0,Add:-1",0.00020877724744394754,0.00028825600147247316,npu|decode|5|671eabfb3c980b3de830460630434eeb,5,sample_step,0.013361743836412643,0.018448384094238282,7.947875402852561e-05,1.380686856453858,0.005086640257825639,1.380686856453858
ianus_prefill-1024xdecode_512_ops_trace.csv,decode,5,255,29,PIM1,pim,6,"V:1,SV:1,LN:-1,FFN_W1:1,SwiGLU:1,FFN_W2:0",0.0002731756737688329,3.3387e-05,pim|decode|5|016e8acce089f109420138ec5b8e8adb,5,sample_step,0.017483243121205305,0.002136768,-0.00023978867376883288,0.12221805675220113,-0.015346475121205305,0.12221805675220113
ianus_prefill-1024xdecode_512_ops_trace.csv,decode,5,255,30,PIM0,pim,6,"LN:-1,V:0,SV:0,O:1,FFN_W1:0,FFN_W2:1",0.0003026013480855738,3.6946e-05,pim|decode|5|731d391a82ee0cb7f0755396c849b1dc,5,sample_step,0.019366486277476724,0.002364544,-0.0002656553480855738,0.12209463121609061,-0.017001942277476725,0.12209463121609061
ianus_prefill-1024xdecode_512_ops_trace.csv,decode,5,255,30,GPU0,npu,14,"Q:0,K:0,Q:1,K:1,QK:0,QK:1,Softmax:0,Softmax:1,O:0,Add:-1,FFN_W3:0,FFN_W3:1,SwiGLU:0,Add:-1",0.00020877724744394754,0.00028825600147247316,npu|decode|5|671eabfb3c980b3de830460630434eeb,5,sample_step,0.013361743836412643,0.018448384094238282,7.947875402852561e-05,1.380686856453858,0.005086640257825639,1.380686856453858
ianus_prefill-1024xdecode_512_ops_trace.csv,decode,5,255,30,PIM1,pim,6,"V:1,SV:1,LN:-1,FFN_W1:1,SwiGLU:1,FFN_W2:0",0.0002731756737688329,3.3387e-05,pim|decode|5|016e8acce089f109420138ec5b8e8adb,5,sample_step,0.017483243121205305,0.002136768,-0.00023978867376883288,0.12221805675220113,-0.015346475121205305,0.12221805675220113
ianus_prefill-1024xdecode_512_ops_trace.csv,decode,5,255,31,PIM0,pim,6,"LN:-1,V:0,SV:0,O:1,FFN_W1:0,FFN_W2:1",0.0003026013480855738,3.6946e-05,pim|decode|5|731d391a82ee0cb7f0755396c849b1dc,5,sample_step,0.019366486277476724,0.002364544,-0.0002656553480855738,0.12209463121609061,-0.017001942277476725,0.12209463121609061
ianus_prefill-1024xdecode_512_ops_trace.csv,decode,5,255,31,GPU0,npu,14,"Q:0,K:0,Q:1,K:1,QK:0,QK:1,Softmax:0,Softmax:1,O:0,Add:-1,FFN_W3:0,FFN_W3:1,SwiGLU:0,Add:-1",0.00020877724744394754,0.00028825600147247316,npu|decode|5|671eabfb3c980b3de830460630434eeb,5,sample_step,0.013361743836412643,0.018448384094238282,7.947875402852561e-05,1.380686856453858,0.005086640257825639,1.380686856453858
ianus_prefill-1024xdecode_512_ops_trace.csv,decode,5,255,31,PIM1,pim,6,"V:1,SV:1,LN:-1,FFN_W1:1,SwiGLU:1,FFN_W2:0",0.0002731756737688329,3.3387e-05,pim|decode|5|016e8acce089f109420138ec5b8e8adb,5,sample_step,0.017483243121205305,0.002136768,-0.00023978867376883288,0.12221805675220113,-0.015346475121205305,0.12221805675220113
ianus_prefill-1024xdecode_512_ops_trace.csv,decode,6,319,0,GPU0,npu,15,"LN:-1,Q:0,K:0,Q:1,K:1,QK:0,QK:1,Softmax:0,Softmax:1,O:0,Add:-1,FFN_W3:0,FFN_W3:1,SwiGLU:0,Add:-1",0.00024415026262047945,0.000314572811126709,npu|decode|6|2a5538c8f9df4db4add3d84eaac8c78a,6,sample_step,0.015625616807710685,0.020132659912109375,7.042254850622953e-05,1.2884393723372651,0.00450704310439869,1.2884393723372651
ianus_prefill-1024xdecode_512_ops_trace.csv,decode,6,319,0,PIM0,pim,5,"V:0,SV:0,O:1,FFN_W1:0,FFN_W2:1",0.00029266534808414235,3.5704e-05,pim|decode|6|ebea3d96ba5f955b87a93b12b17bba6f,6,sample_step,0.01873058227738511,0.002285056,-0.00025696134808414234,0.1219959938329801,-0.01644552627738511,0.1219959938329801
ianus_prefill-1024xdecode_512_ops_trace.csv,decode,6,319,0,PIM1,pim,6,"V:1,SV:1,LN:-1,FFN_W1:1,SwiGLU:1,FFN_W2:0",0.00027375167376675336,3.3459e-05,pim|decode|6|016e8acce089f109420138ec5b8e8adb,6,sample_step,0.017520107121072215,0.002141376,-0.00024029267376675335,0.12222391023080398,-0.015378731121072214,0.12222391023080398
ianus_prefill-1024xdecode_512_ops_trace.csv,decode,6,319,1,PIM0,pim,6,"LN:-1,V:0,SV:0,O:1,FFN_W1:0,FFN_W2:1",0.0003031773480834943,3.7018000000000004e-05,pim|decode|6|731d391a82ee0cb7f0755396c849b1dc,6,sample_step,0.019403350277343634,0.0023691520000000002,-0.0002661593480834943,0.12210015106341433,-0.017034198277343635,0.12210015106341433
ianus_prefill-1024xdecode_512_ops_trace.csv,decode,6,319,1,GPU0,npu,14,"Q:0,K:0,Q:1,K:1,QK:0,QK:1,Softmax:0,Softmax:1,O:0,Add:-1,FFN_W3:0,FFN_W3:1,SwiGLU:0,Add:-1",0.00020884065797588391,0.0002840575933456421,npu|decode|6|671eabfb3c980b3de830460630434eeb,6,sample_step,0.01336580211045657,0.018179685974121094,7.521693536975818e-05,1.3601642328595034,0.004813883863664523,1.3601642328595034
ianus_prefill-1024xdecode_512_ops_trace.csv,decode,6,319,1,PIM1,pim,6,"V:1,SV:1,LN:-1,FFN_W1:1,SwiGLU:1,FFN_W2:0",0.00027375167376675336,3.3459e-05,pim|decode|6|016e8acce089f109420138ec5b8e8adb,6,sample_step,0.017520107121072215,0.002141376,-0.00024029267376675335,0.12222391023080398,-0.015378731121072214,0.12222391023080398
ianus_prefill-1024xdecode_512_ops_trace.csv,decode,6,319,2,PIM0,pim,6,"LN:-1,V:0,SV:0,O:1,FFN_W1:0,FFN_W2:1",0.0003031773480834943,3.7018000000000004e-05,pim|decode|6|731d391a82ee0cb7f0755396c849b1dc,6,sample_step,0.019403350277343634,0.0023691520000000002,-0.0002661593480834943,0.12210015106341433,-0.017034198277343635,0.12210015106341433
ianus_prefill-1024xdecode_512_ops_trace.csv,decode,6,319,2,GPU0,npu,14,"Q:0,K:0,Q:1,K:1,QK:0,QK:1,Softmax:0,Softmax:1,O:0,Add:-1,FFN_W3:0,FFN_W3:1,SwiGLU:0,Add:-1",0.00020884065797588391,0.0002840575933456421,npu|decode|6|671eabfb3c980b3de830460630434eeb,6,sample_step,0.01336580211045657,0.018179685974121094,7.521693536975818e-05,1.3601642328595034,0.004813883863664523,1.3601642328595034
ianus_prefill-1024xdecode_512_ops_trace.csv,decode,6,319,2,PIM1,pim,6,"V:1,SV:1,LN:-1,FFN_W1:1,SwiGLU:1,FFN_W2:0",0.00027375167376675336,3.3459e-05,pim|decode|6|016e8acce089f109420138ec5b8e8adb,6,sample_step,0.017520107121072215,0.002141376,-0.00024029267376675335,0.12222391023080398,-0.015378731121072214,0.12222391023080398
ianus_prefill-1024xdecode_512_ops_trace.csv,decode,6,319,3,PIM0,pim,6,"LN:-1,V:0,SV:0,O:1,FFN_W1:0,FFN_W2:1",0.0003031773480834943,3.7018000000000004e-05,pim|decode|6|731d391a82ee0cb7f0755396c849b1dc,6,sample_step,0.019403350277343634,0.0023691520000000002,-0.0002661593480834943,0.12210015106341433,-0.017034198277343635,0.12210015106341433
ianus_prefill-1024xdecode_512_ops_trace.csv,decode,6,319,3,GPU0,npu,14,"Q:0,K:0,Q:1,K:1,QK:0,QK:1,Softmax:0,Softmax:1,O:0,Add:-1,FFN_W3:0,FFN_W3:1,SwiGLU:0,Add:-1",0.00020884065797588391,0.0002840575933456421,npu|decode|6|671eabfb3c980b3de830460630434eeb,6,sample_step,0.01336580211045657,0.018179685974121094,7.521693536975818e-05,1.3601642328595034,0.004813883863664523,1.3601642328595034
ianus_prefill-1024xdecode_512_ops_trace.csv,decode,6,319,3,PIM1,pim,6,"V:1,SV:1,LN:-1,FFN_W1:1,SwiGLU:1,FFN_W2:0",0.00027375167376675336,3.3459e-05,pim|decode|6|016e8acce089f109420138ec5b8e8adb,6,sample_step,0.017520107121072215,0.002141376,-0.00024029267376675335,0.12222391023080398,-0.015378731121072214,0.12222391023080398
ianus_prefill-1024xdecode_512_ops_trace.csv,decode,6,319,4,PIM0,pim,6,"LN:-1,V:0,SV:0,O:1,FFN_W1:0,FFN_W2:1",0.0003031773480834943,3.7018000000000004e-05,pim|decode|6|731d391a82ee0cb7f0755396c849b1dc,6,sample_step,0.019403350277343634,0.0023691520000000002,-0.0002661593480834943,0.12210015106341433,-0.017034198277343635,0.12210015106341433
ianus_prefill-1024xdecode_512_ops_trace.csv,decode,6,319,4,GPU0,npu,14,"Q:0,K:0,Q:1,K:1,QK:0,QK:1,Softmax:0,Softmax:1,O:0,Add:-1,FFN_W3:0,FFN_W3:1,SwiGLU:0,Add:-1",0.00020884065797588391,0.0002840575933456421,npu|decode|6|671eabfb3c980b3de830460630434eeb,6,sample_step,0.01336580211045657,0.018179685974121094,7.521693536975818e-05,1.3601642328595034,0.004813883863664523,1.3601642328595034
ianus_prefill-1024xdecode_512_ops_trace.csv,decode,6,319,4,PIM1,pim,6,"V:1,SV:1,LN:-1,FFN_W1:1,SwiGLU:1,FFN_W2:0",0.00027375167376675336,3.3459e-05,pim|decode|6|016e8acce089f109420138ec5b8e8adb,6,sample_step,0.017520107121072215,0.002141376,-0.00024029267376675335,0.12222391023080398,-0.015378731121072214,0.12222391023080398
ianus_prefill-1024xdecode_512_ops_trace.csv,decode,6,319,5,PIM0,pim,6,"LN:-1,V:0,SV:0,O:1,FFN_W1:0,FFN_W2:1",0.0003031773480834943,3.7018000000000004e-05,pim|decode|6|731d391a82ee0cb7f0755396c849b1dc,6,sample_step,0.019403350277343634,0.0023691520000000002,-0.0002661593480834943,0.12210015106341433,-0.017034198277343635,0.12210015106341433
ianus_prefill-1024xdecode_512_ops_trace.csv,decode,6,319,5,GPU0,npu,14,"Q:0,K:0,Q:1,K:1,QK:0,QK:1,Softmax:0,Softmax:1,O:0,Add:-1,FFN_W3:0,FFN_W3:1,SwiGLU:0,Add:-1",0.00020884065797588391,0.0002840575933456421,npu|decode|6|671eabfb3c980b3de830460630434eeb,6,sample_step,0.01336580211045657,0.018179685974121094,7.521693536975818e-05,1.3601642328595034,0.004813883863664523,1.3601642328595034
ianus_prefill-1024xdecode_512_ops_trace.csv,decode,6,319,5,PIM1,pim,6,"V:1,SV:1,LN:-1,FFN_W1:1,SwiGLU:1,FFN_W2:0",0.00027375167376675336,3.3459e-05,pim|decode|6|016e8acce089f109420138ec5b8e8adb,6,sample_step,0.017520107121072215,0.002141376,-0.00024029267376675335,0.12222391023080398,-0.015378731121072214,0.12222391023080398
ianus_prefill-1024xdecode_512_ops_trace.csv,decode,6,319,6,PIM0,pim,6,"LN:-1,V:0,SV:0,O:1,FFN_W1:0,FFN_W2:1",0.0003031773480834943,3.7018000000000004e-05,pim|decode|6|731d391a82ee0cb7f0755396c849b1dc,6,sample_step,0.019403350277343634,0.0023691520000000002,-0.0002661593480834943,0.12210015106341433,-0.017034198277343635,0.12210015106341433
ianus_prefill-1024xdecode_512_ops_trace.csv,decode,6,319,6,GPU0,npu,14,"Q:0,K:0,Q:1,K:1,QK:0,QK:1,Softmax:0,Softmax:1,O:0,Add:-1,FFN_W3:0,FFN_W3:1,SwiGLU:0,Add:-1",0.00020884065797588391,0.0002840575933456421,npu|decode|6|671eabfb3c980b3de830460630434eeb,6,sample_step,0.01336580211045657,0.018179685974121094,7.521693536975818e-05,1.3601642328595034,0.004813883863664523,1.3601642328595034
ianus_prefill-1024xdecode_512_ops_trace.csv,decode,6,319,6,PIM1,pim,6,"V:1,SV:1,LN:-1,FFN_W1:1,SwiGLU:1,FFN_W2:0",0.00027375167376675336,3.3459e-05,pim|decode|6|016e8acce089f109420138ec5b8e8adb,6,sample_step,0.017520107121072215,0.002141376,-0.00024029267376675335,0.12222391023080398,-0.015378731121072214,0.12222391023080398
ianus_prefill-1024xdecode_512_ops_trace.csv,decode,6,319,7,PIM0,pim,6,"LN:-1,V:0,SV:0,O:1,FFN_W1:0,FFN_W2:1",0.0003031773480834943,3.7018000000000004e-05,pim|decode|6|731d391a82ee0cb7f0755396c849b1dc,6,sample_step,0.019403350277343634,0.0023691520000000002,-0.0002661593480834943,0.12210015106341433,-0.017034198277343635,0.12210015106341433
ianus_prefill-1024xdecode_512_ops_trace.csv,decode,6,319,7,GPU0,npu,14,"Q:0,K:0,Q:1,K:1,QK:0,QK:1,Softmax:0,Softmax:1,O:0,Add:-1,FFN_W3:0,FFN_W3:1,SwiGLU:0,Add:-1",0.00020884065797588391,0.0002840575933456421,npu|decode|6|671eabfb3c980b3de830460630434eeb,6,sample_step,0.01336580211045657,0.018179685974121094,7.521693536975818e-05,1.3601642328595034,0.004813883863664523,1.3601642328595034
ianus_prefill-1024xdecode_512_ops_trace.csv,decode,6,319,7,PIM1,pim,6,"V:1,SV:1,LN:-1,FFN_W1:1,SwiGLU:1,FFN_W2:0",0.00027375167376675336,3.3459e-05,pim|decode|6|016e8acce089f109420138ec5b8e8adb,6,sample_step,0.017520107121072215,0.002141376,-0.00024029267376675335,0.12222391023080398,-0.015378731121072214,0.12222391023080398
ianus_prefill-1024xdecode_512_ops_trace.csv,decode,6,319,8,PIM0,pim,6,"LN:-1,V:0,SV:0,O:1,FFN_W1:0,FFN_W2:1",0.0003031773480834943,3.7018000000000004e-05,pim|decode|6|731d391a82ee0cb7f0755396c849b1dc,6,sample_step,0.019403350277343634,0.0023691520000000002,-0.0002661593480834943,0.12210015106341433,-0.017034198277343635,0.12210015106341433
ianus_prefill-1024xdecode_512_ops_trace.csv,decode,6,319,8,GPU0,npu,14,"Q:0,K:0,Q:1,K:1,QK:0,QK:1,Softmax:0,Softmax:1,O:0,Add:-1,FFN_W3:0,FFN_W3:1,SwiGLU:0,Add:-1",0.00020884065797588391,0.0002840575933456421,npu|decode|6|671eabfb3c980b3de830460630434eeb,6,sample_step,0.01336580211045657,0.018179685974121094,7.521693536975818e-05,1.3601642328595034,0.004813883863664523,1.3601642328595034
ianus_prefill-1024xdecode_512_ops_trace.csv,decode,6,319,8,PIM1,pim,6,"V:1,SV:1,LN:-1,FFN_W1:1,SwiGLU:1,FFN_W2:0",0.00027375167376675336,3.3459e-05,pim|decode|6|016e8acce089f109420138ec5b8e8adb,6,sample_step,0.017520107121072215,0.002141376,-0.00024029267376675335,0.12222391023080398,-0.015378731121072214,0.12222391023080398
ianus_prefill-1024xdecode_512_ops_trace.csv,decode,6,319,9,PIM0,pim,6,"LN:-1,V:0,SV:0,O:1,FFN_W1:0,FFN_W2:1",0.0003031773480834943,3.7018000000000004e-05,pim|decode|6|731d391a82ee0cb7f0755396c849b1dc,6,sample_step,0.019403350277343634,0.0023691520000000002,-0.0002661593480834943,0.12210015106341433,-0.017034198277343635,0.12210015106341433
ianus_prefill-1024xdecode_512_ops_trace.csv,decode,6,319,9,GPU0,npu,14,"Q:0,K:0,Q:1,K:1,QK:0,QK:1,Softmax:0,Softmax:1,O:0,Add:-1,FFN_W3:0,FFN_W3:1,SwiGLU:0,Add:-1",0.00020884065797588391,0.0002840575933456421,npu|decode|6|671eabfb3c980b3de830460630434eeb,6,sample_step,0.01336580211045657,0.018179685974121094,7.521693536975818e-05,1.3601642328595034,0.004813883863664523,1.3601642328595034
ianus_prefill-1024xdecode_512_ops_trace.csv,decode,6,319,9,PIM1,pim,6,"V:1,SV:1,LN:-1,FFN_W1:1,SwiGLU:1,FFN_W2:0",0.00027375167376675336,3.3459e-05,pim|decode|6|016e8acce089f109420138ec5b8e8adb,6,sample_step,0.017520107121072215,0.002141376,-0.00024029267376675335,0.12222391023080398,-0.015378731121072214,0.12222391023080398
ianus_prefill-1024xdecode_512_ops_trace.csv,decode,6,319,10,PIM0,pim,6,"LN:-1,V:0,SV:0,O:1,FFN_W1:0,FFN_W2:1",0.0003031773480834943,3.7018000000000004e-05,pim|decode|6|731d391a82ee0cb7f0755396c849b1dc,6,sample_step,0.019403350277343634,0.0023691520000000002,-0.0002661593480834943,0.12210015106341433,-0.017034198277343635,0.12210015106341433
ianus_prefill-1024xdecode_512_ops_trace.csv,decode,6,319,10,GPU0,npu,14,"Q:0,K:0,Q:1,K:1,QK:0,QK:1,Softmax:0,Softmax:1,O:0,Add:-1,FFN_W3:0,FFN_W3:1,SwiGLU:0,Add:-1",0.00020884065797588391,0.0002840575933456421,npu|decode|6|671eabfb3c980b3de830460630434eeb,6,sample_step,0.01336580211045657,0.018179685974121094,7.521693536975818e-05,1.3601642328595034,0.004813883863664523,1.3601642328595034
ianus_prefill-1024xdecode_512_ops_trace.csv,decode,6,319,10,PIM1,pim,6,"V:1,SV:1,LN:-1,FFN_W1:1,SwiGLU:1,FFN_W2:0",0.00027375167376675336,3.3459e-05,pim|decode|6|016e8acce089f109420138ec5b8e8adb,6,sample_step,0.017520107121072215,0.002141376,-0.00024029267376675335,0.12222391023080398,-0.015378731121072214,0.12222391023080398
ianus_prefill-1024xdecode_512_ops_trace.csv,decode,6,319,11,PIM0,pim,6,"LN:-1,V:0,SV:0,O:1,FFN_W1:0,FFN_W2:1",0.0003031773480834943,3.7018000000000004e-05,pim|decode|6|731d391a82ee0cb7f0755396c849b1dc,6,sample_step,0.019403350277343634,0.0023691520000000002,-0.0002661593480834943,0.12210015106341433,-0.017034198277343635,0.12210015106341433
ianus_prefill-1024xdecode_512_ops_trace.csv,decode,6,319,11,GPU0,npu,14,"Q:0,K:0,Q:1,K:1,QK:0,QK:1,Softmax:0,Softmax:1,O:0,Add:-1,FFN_W3:0,FFN_W3:1,SwiGLU:0,Add:-1",0.00020884065797588391,0.0002840575933456421,npu|decode|6|671eabfb3c980b3de830460630434eeb,6,sample_step,0.01336580211045657,0.018179685974121094,7.521693536975818e-05,1.3601642328595034,0.004813883863664523,1.3601642328595034
ianus_prefill-1024xdecode_512_ops_trace.csv,decode,6,319,11,PIM1,pim,6,"V:1,SV:1,LN:-1,FFN_W1:1,SwiGLU:1,FFN_W2:0",0.00027375167376675336,3.3459e-05,pim|decode|6|016e8acce089f109420138ec5b8e8adb,6,sample_step,0.017520107121072215,0.002141376,-0.00024029267376675335,0.12222391023080398,-0.015378731121072214,0.12222391023080398
ianus_prefill-1024xdecode_512_ops_trace.csv,decode,6,319,12,PIM0,pim,6,"LN:-1,V:0,SV:0,O:1,FFN_W1:0,FFN_W2:1",0.0003031773480834943,3.7018000000000004e-05,pim|decode|6|731d391a82ee0cb7f0755396c849b1dc,6,sample_step,0.019403350277343634,0.0023691520000000002,-0.0002661593480834943,0.12210015106341433,-0.017034198277343635,0.12210015106341433
ianus_prefill-1024xdecode_512_ops_trace.csv,decode,6,319,12,GPU0,npu,14,"Q:0,K:0,Q:1,K:1,QK:0,QK:1,Softmax:0,Softmax:1,O:0,Add:-1,FFN_W3:0,FFN_W3:1,SwiGLU:0,Add:-1",0.00020884065797588391,0.0002840575933456421,npu|decode|6|671eabfb3c980b3de830460630434eeb,6,sample_step,0.01336580211045657,0.018179685974121094,7.521693536975818e-05,1.3601642328595034,0.004813883863664523,1.3601642328595034
ianus_prefill-1024xdecode_512_ops_trace.csv,decode,6,319,12,PIM1,pim,6,"V:1,SV:1,LN:-1,FFN_W1:1,SwiGLU:1,FFN_W2:0",0.00027375167376675336,3.3459e-05,pim|decode|6|016e8acce089f109420138ec5b8e8adb,6,sample_step,0.017520107121072215,0.002141376,-0.00024029267376675335,0.12222391023080398,-0.015378731121072214,0.12222391023080398
ianus_prefill-1024xdecode_512_ops_trace.csv,decode,6,319,13,PIM0,pim,6,"LN:-1,V:0,SV:0,O:1,FFN_W1:0,FFN_W2:1",0.0003031773480834943,3.7018000000000004e-05,pim|decode|6|731d391a82ee0cb7f0755396c849b1dc,6,sample_step,0.019403350277343634,0.0023691520000000002,-0.0002661593480834943,0.12210015106341433,-0.017034198277343635,0.12210015106341433
ianus_prefill-1024xdecode_512_ops_trace.csv,decode,6,319,13,GPU0,npu,14,"Q:0,K:0,Q:1,K:1,QK:0,QK:1,Softmax:0,Softmax:1,O:0,Add:-1,FFN_W3:0,FFN_W3:1,SwiGLU:0,Add:-1",0.00020884065797588391,0.0002840575933456421,npu|decode|6|671eabfb3c980b3de830460630434eeb,6,sample_step,0.01336580211045657,0.018179685974121094,7.521693536975818e-05,1.3601642328595034,0.004813883863664523,1.3601642328595034
ianus_prefill-1024xdecode_512_ops_trace.csv,decode,6,319,13,PIM1,pim,6,"V:1,SV:1,LN:-1,FFN_W1:1,SwiGLU:1,FFN_W2:0",0.00027375167376675336,3.3459e-05,pim|decode|6|016e8acce089f109420138ec5b8e8adb,6,sample_step,0.017520107121072215,0.002141376,-0.00024029267376675335,0.12222391023080398,-0.015378731121072214,0.12222391023080398
ianus_prefill-1024xdecode_512_ops_trace.csv,decode,6,319,14,PIM0,pim,6,"LN:-1,V:0,SV:0,O:1,FFN_W1:0,FFN_W2:1",0.0003031773480834943,3.7018000000000004e-05,pim|decode|6|731d391a82ee0cb7f0755396c849b1dc,6,sample_step,0.019403350277343634,0.0023691520000000002,-0.0002661593480834943,0.12210015106341433,-0.017034198277343635,0.12210015106341433
ianus_prefill-1024xdecode_512_ops_trace.csv,decode,6,319,14,GPU0,npu,14,"Q:0,K:0,Q:1,K:1,QK:0,QK:1,Softmax:0,Softmax:1,O:0,Add:-1,FFN_W3:0,FFN_W3:1,SwiGLU:0,Add:-1",0.00020884065797588391,0.0002840575933456421,npu|decode|6|671eabfb3c980b3de830460630434eeb,6,sample_step,0.01336580211045657,0.018179685974121094,7.521693536975818e-05,1.3601642328595034,0.004813883863664523,1.3601642328595034
ianus_prefill-1024xdecode_512_ops_trace.csv,decode,6,319,14,PIM1,pim,6,"V:1,SV:1,LN:-1,FFN_W1:1,SwiGLU:1,FFN_W2:0",0.00027375167376675336,3.3459e-05,pim|decode|6|016e8acce089f109420138ec5b8e8adb,6,sample_step,0.017520107121072215,0.002141376,-0.00024029267376675335,0.12222391023080398,-0.015378731121072214,0.12222391023080398
ianus_prefill-1024xdecode_512_ops_trace.csv,decode,6,319,15,PIM0,pim,6,"LN:-1,V:0,SV:0,O:1,FFN_W1:0,FFN_W2:1",0.0003031773480834943,3.7018000000000004e-05,pim|decode|6|731d391a82ee0cb7f0755396c849b1dc,6,sample_step,0.019403350277343634,0.0023691520000000002,-0.0002661593480834943,0.12210015106341433,-0.017034198277343635,0.12210015106341433
ianus_prefill-1024xdecode_512_ops_trace.csv,decode,6,319,15,GPU0,npu,14,"Q:0,K:0,Q:1,K:1,QK:0,QK:1,Softmax:0,Softmax:1,O:0,Add:-1,FFN_W3:0,FFN_W3:1,SwiGLU:0,Add:-1",0.00020884065797588391,0.0002840575933456421,npu|decode|6|671eabfb3c980b3de830460630434eeb,6,sample_step,0.01336580211045657,0.018179685974121094,7.521693536975818e-05,1.3601642328595034,0.004813883863664523,1.3601642328595034
ianus_prefill-1024xdecode_512_ops_trace.csv,decode,6,319,15,PIM1,pim,6,"V:1,SV:1,LN:-1,FFN_W1:1,SwiGLU:1,FFN_W2:0",0.00027375167376675336,3.3459e-05,pim|decode|6|016e8acce089f109420138ec5b8e8adb,6,sample_step,0.017520107121072215,0.002141376,-0.00024029267376675335,0.12222391023080398,-0.015378731121072214,0.12222391023080398
ianus_prefill-1024xdecode_512_ops_trace.csv,decode,6,319,16,PIM0,pim,6,"LN:-1,V:0,SV:0,O:1,FFN_W1:0,FFN_W2:1",0.0003031773480834943,3.7018000000000004e-05,pim|decode|6|731d391a82ee0cb7f0755396c849b1dc,6,sample_step,0.019403350277343634,0.0023691520000000002,-0.0002661593480834943,0.12210015106341433,-0.017034198277343635,0.12210015106341433
ianus_prefill-1024xdecode_512_ops_trace.csv,decode,6,319,16,GPU0,npu,14,"Q:0,K:0,Q:1,K:1,QK:0,QK:1,Softmax:0,Softmax:1,O:0,Add:-1,FFN_W3:0,FFN_W3:1,SwiGLU:0,Add:-1",0.00020884065797588391,0.0002840575933456421,npu|decode|6|671eabfb3c980b3de830460630434eeb,6,sample_step,0.01336580211045657,0.018179685974121094,7.521693536975818e-05,1.3601642328595034,0.004813883863664523,1.3601642328595034
ianus_prefill-1024xdecode_512_ops_trace.csv,decode,6,319,16,PIM1,pim,6,"V:1,SV:1,LN:-1,FFN_W1:1,SwiGLU:1,FFN_W2:0",0.00027375167376675336,3.3459e-05,pim|decode|6|016e8acce089f109420138ec5b8e8adb,6,sample_step,0.017520107121072215,0.002141376,-0.00024029267376675335,0.12222391023080398,-0.015378731121072214,0.12222391023080398
ianus_prefill-1024xdecode_512_ops_trace.csv,decode,6,319,17,PIM0,pim,6,"LN:-1,V:0,SV:0,O:1,FFN_W1:0,FFN_W2:1",0.0003031773480834943,3.7018000000000004e-05,pim|decode|6|731d391a82ee0cb7f0755396c849b1dc,6,sample_step,0.019403350277343634,0.0023691520000000002,-0.0002661593480834943,0.12210015106341433,-0.017034198277343635,0.12210015106341433
ianus_prefill-1024xdecode_512_ops_trace.csv,decode,6,319,17,GPU0,npu,14,"Q:0,K:0,Q:1,K:1,QK:0,QK:1,Softmax:0,Softmax:1,O:0,Add:-1,FFN_W3:0,FFN_W3:1,SwiGLU:0,Add:-1",0.00020884065797588391,0.0002840575933456421,npu|decode|6|671eabfb3c980b3de830460630434eeb,6,sample_step,0.01336580211045657,0.018179685974121094,7.521693536975818e-05,1.3601642328595034,0.004813883863664523,1.3601642328595034
ianus_prefill-1024xdecode_512_ops_trace.csv,decode,6,319,17,PIM1,pim,6,"V:1,SV:1,LN:-1,FFN_W1:1,SwiGLU:1,FFN_W2:0",0.00027375167376675336,3.3459e-05,pim|decode|6|016e8acce089f109420138ec5b8e8adb,6,sample_step,0.017520107121072215,0.002141376,-0.00024029267376675335,0.12222391023080398,-0.015378731121072214,0.12222391023080398
ianus_prefill-1024xdecode_512_ops_trace.csv,decode,6,319,18,PIM0,pim,6,"LN:-1,V:0,SV:0,O:1,FFN_W1:0,FFN_W2:1",0.0003031773480834943,3.7018000000000004e-05,pim|decode|6|731d391a82ee0cb7f0755396c849b1dc,6,sample_step,0.019403350277343634,0.0023691520000000002,-0.0002661593480834943,0.12210015106341433,-0.017034198277343635,0.12210015106341433
ianus_prefill-1024xdecode_512_ops_trace.csv,decode,6,319,18,GPU0,npu,14,"Q:0,K:0,Q:1,K:1,QK:0,QK:1,Softmax:0,Softmax:1,O:0,Add:-1,FFN_W3:0,FFN_W3:1,SwiGLU:0,Add:-1",0.00020884065797588391,0.0002840575933456421,npu|decode|6|671eabfb3c980b3de830460630434eeb,6,sample_step,0.01336580211045657,0.018179685974121094,7.521693536975818e-05,1.3601642328595034,0.004813883863664523,1.3601642328595034
ianus_prefill-1024xdecode_512_ops_trace.csv,decode,6,319,18,PIM1,pim,6,"V:1,SV:1,LN:-1,FFN_W1:1,SwiGLU:1,FFN_W2:0",0.00027375167376675336,3.3459e-05,pim|decode|6|016e8acce089f109420138ec5b8e8adb,6,sample_step,0.017520107121072215,0.002141376,-0.00024029267376675335,0.12222391023080398,-0.015378731121072214,0.12222391023080398
ianus_prefill-1024xdecode_512_ops_trace.csv,decode,6,319,19,PIM0,pim,6,"LN:-1,V:0,SV:0,O:1,FFN_W1:0,FFN_W2:1",0.0003031773480834943,3.7018000000000004e-05,pim|decode|6|731d391a82ee0cb7f0755396c849b1dc,6,sample_step,0.019403350277343634,0.0023691520000000002,-0.0002661593480834943,0.12210015106341433,-0.017034198277343635,0.12210015106341433
ianus_prefill-1024xdecode_512_ops_trace.csv,decode,6,319,19,GPU0,npu,14,"Q:0,K:0,Q:1,K:1,QK:0,QK:1,Softmax:0,Softmax:1,O:0,Add:-1,FFN_W3:0,FFN_W3:1,SwiGLU:0,Add:-1",0.00020884065797588391,0.0002840575933456421,npu|decode|6|671eabfb3c980b3de830460630434eeb,6,sample_step,0.01336580211045657,0.018179685974121094,7.521693536975818e-05,1.3601642328595034,0.004813883863664523,1.3601642328595034
ianus_prefill-1024xdecode_512_ops_trace.csv,decode,6,319,19,PIM1,pim,6,"V:1,SV:1,LN:-1,FFN_W1:1,SwiGLU:1,FFN_W2:0",0.00027375167376675336,3.3459e-05,pim|decode|6|016e8acce089f109420138ec5b8e8adb,6,sample_step,0.017520107121072215,0.002141376,-0.00024029267376675335,0.12222391023080398,-0.015378731121072214,0.12222391023080398
ianus_prefill-1024xdecode_512_ops_trace.csv,decode,6,319,20,PIM0,pim,6,"LN:-1,V:0,SV:0,O:1,FFN_W1:0,FFN_W2:1",0.0003031773480834943,3.7018000000000004e-05,pim|decode|6|731d391a82ee0cb7f0755396c849b1dc,6,sample_step,0.019403350277343634,0.0023691520000000002,-0.0002661593480834943,0.12210015106341433,-0.017034198277343635,0.12210015106341433
ianus_prefill-1024xdecode_512_ops_trace.csv,decode,6,319,20,GPU0,npu,14,"Q:0,K:0,Q:1,K:1,QK:0,QK:1,Softmax:0,Softmax:1,O:0,Add:-1,FFN_W3:0,FFN_W3:1,SwiGLU:0,Add:-1",0.00020884065797588391,0.0002840575933456421,npu|decode|6|671eabfb3c980b3de830460630434eeb,6,sample_step,0.01336580211045657,0.018179685974121094,7.521693536975818e-05,1.3601642328595034,0.004813883863664523,1.3601642328595034
ianus_prefill-1024xdecode_512_ops_trace.csv,decode,6,319,20,PIM1,pim,6,"V:1,SV:1,LN:-1,FFN_W1:1,SwiGLU:1,FFN_W2:0",0.00027375167376675336,3.3459e-05,pim|decode|6|016e8acce089f109420138ec5b8e8adb,6,sample_step,0.017520107121072215,0.002141376,-0.00024029267376675335,0.12222391023080398,-0.015378731121072214,0.12222391023080398
ianus_prefill-1024xdecode_512_ops_trace.csv,decode,6,319,21,PIM0,pim,6,"LN:-1,V:0,SV:0,O:1,FFN_W1:0,FFN_W2:1",0.0003031773480834943,3.7018000000000004e-05,pim|decode|6|731d391a82ee0cb7f0755396c849b1dc,6,sample_step,0.019403350277343634,0.0023691520000000002,-0.0002661593480834943,0.12210015106341433,-0.017034198277343635,0.12210015106341433
ianus_prefill-1024xdecode_512_ops_trace.csv,decode,6,319,21,GPU0,npu,14,"Q:0,K:0,Q:1,K:1,QK:0,QK:1,Softmax:0,Softmax:1,O:0,Add:-1,FFN_W3:0,FFN_W3:1,SwiGLU:0,Add:-1",0.00020884065797588391,0.0002840575933456421,npu|decode|6|671eabfb3c980b3de830460630434eeb,6,sample_step,0.01336580211045657,0.018179685974121094,7.521693536975818e-05,1.3601642328595034,0.004813883863664523,1.3601642328595034
ianus_prefill-1024xdecode_512_ops_trace.csv,decode,6,319,21,PIM1,pim,6,"V:1,SV:1,LN:-1,FFN_W1:1,SwiGLU:1,FFN_W2:0",0.00027375167376675336,3.3459e-05,pim|decode|6|016e8acce089f109420138ec5b8e8adb,6,sample_step,0.017520107121072215,0.002141376,-0.00024029267376675335,0.12222391023080398,-0.015378731121072214,0.12222391023080398
ianus_prefill-1024xdecode_512_ops_trace.csv,decode,6,319,22,PIM0,pim,6,"LN:-1,V:0,SV:0,O:1,FFN_W1:0,FFN_W2:1",0.0003031773480834943,3.7018000000000004e-05,pim|decode|6|731d391a82ee0cb7f0755396c849b1dc,6,sample_step,0.019403350277343634,0.0023691520000000002,-0.0002661593480834943,0.12210015106341433,-0.017034198277343635,0.12210015106341433
ianus_prefill-1024xdecode_512_ops_trace.csv,decode,6,319,22,GPU0,npu,14,"Q:0,K:0,Q:1,K:1,QK:0,QK:1,Softmax:0,Softmax:1,O:0,Add:-1,FFN_W3:0,FFN_W3:1,SwiGLU:0,Add:-1",0.00020884065797588391,0.0002840575933456421,npu|decode|6|671eabfb3c980b3de830460630434eeb,6,sample_step,0.01336580211045657,0.018179685974121094,7.521693536975818e-05,1.3601642328595034,0.004813883863664523,1.3601642328595034
ianus_prefill-1024xdecode_512_ops_trace.csv,decode,6,319,22,PIM1,pim,6,"V:1,SV:1,LN:-1,FFN_W1:1,SwiGLU:1,FFN_W2:0",0.00027375167376675336,3.3459e-05,pim|decode|6|016e8acce089f109420138ec5b8e8adb,6,sample_step,0.017520107121072215,0.002141376,-0.00024029267376675335,0.12222391023080398,-0.015378731121072214,0.12222391023080398
ianus_prefill-1024xdecode_512_ops_trace.csv,decode,6,319,23,PIM0,pim,6,"LN:-1,V:0,SV:0,O:1,FFN_W1:0,FFN_W2:1",0.0003031773480834943,3.7018000000000004e-05,pim|decode|6|731d391a82ee0cb7f0755396c849b1dc,6,sample_step,0.019403350277343634,0.0023691520000000002,-0.0002661593480834943,0.12210015106341433,-0.017034198277343635,0.12210015106341433
ianus_prefill-1024xdecode_512_ops_trace.csv,decode,6,319,23,GPU0,npu,14,"Q:0,K:0,Q:1,K:1,QK:0,QK:1,Softmax:0,Softmax:1,O:0,Add:-1,FFN_W3:0,FFN_W3:1,SwiGLU:0,Add:-1",0.00020884065797588391,0.0002840575933456421,npu|decode|6|671eabfb3c980b3de830460630434eeb,6,sample_step,0.01336580211045657,0.018179685974121094,7.521693536975818e-05,1.3601642328595034,0.004813883863664523,1.3601642328595034
ianus_prefill-1024xdecode_512_ops_trace.csv,decode,6,319,23,PIM1,pim,6,"V:1,SV:1,LN:-1,FFN_W1:1,SwiGLU:1,FFN_W2:0",0.00027375167376675336,3.3459e-05,pim|decode|6|016e8acce089f109420138ec5b8e8adb,6,sample_step,0.017520107121072215,0.002141376,-0.00024029267376675335,0.12222391023080398,-0.015378731121072214,0.12222391023080398
ianus_prefill-1024xdecode_512_ops_trace.csv,decode,6,319,24,PIM0,pim,6,"LN:-1,V:0,SV:0,O:1,FFN_W1:0,FFN_W2:1",0.0003031773480834943,3.7018000000000004e-05,pim|decode|6|731d391a82ee0cb7f0755396c849b1dc,6,sample_step,0.019403350277343634,0.0023691520000000002,-0.0002661593480834943,0.12210015106341433,-0.017034198277343635,0.12210015106341433
ianus_prefill-1024xdecode_512_ops_trace.csv,decode,6,319,24,GPU0,npu,14,"Q:0,K:0,Q:1,K:1,QK:0,QK:1,Softmax:0,Softmax:1,O:0,Add:-1,FFN_W3:0,FFN_W3:1,SwiGLU:0,Add:-1",0.00020884065797588391,0.0002840575933456421,npu|decode|6|671eabfb3c980b3de830460630434eeb,6,sample_step,0.01336580211045657,0.018179685974121094,7.521693536975818e-05,1.3601642328595034,0.004813883863664523,1.3601642328595034
ianus_prefill-1024xdecode_512_ops_trace.csv,decode,6,319,24,PIM1,pim,6,"V:1,SV:1,LN:-1,FFN_W1:1,SwiGLU:1,FFN_W2:0",0.00027375167376675336,3.3459e-05,pim|decode|6|016e8acce089f109420138ec5b8e8adb,6,sample_step,0.017520107121072215,0.002141376,-0.00024029267376675335,0.12222391023080398,-0.015378731121072214,0.12222391023080398
ianus_prefill-1024xdecode_512_ops_trace.csv,decode,6,319,25,PIM0,pim,6,"LN:-1,V:0,SV:0,O:1,FFN_W1:0,FFN_W2:1",0.0003031773480834943,3.7018000000000004e-05,pim|decode|6|731d391a82ee0cb7f0755396c849b1dc,6,sample_step,0.019403350277343634,0.0023691520000000002,-0.0002661593480834943,0.12210015106341433,-0.017034198277343635,0.12210015106341433
ianus_prefill-1024xdecode_512_ops_trace.csv,decode,6,319,25,GPU0,npu,14,"Q:0,K:0,Q:1,K:1,QK:0,QK:1,Softmax:0,Softmax:1,O:0,Add:-1,FFN_W3:0,FFN_W3:1,SwiGLU:0,Add:-1",0.00020884065797588391,0.0002840575933456421,npu|decode|6|671eabfb3c980b3de830460630434eeb,6,sample_step,0.01336580211045657,0.018179685974121094,7.521693536975818e-05,1.3601642328595034,0.004813883863664523,1.3601642328595034
ianus_prefill-1024xdecode_512_ops_trace.csv,decode,6,319,25,PIM1,pim,6,"V:1,SV:1,LN:-1,FFN_W1:1,SwiGLU:1,FFN_W2:0",0.00027375167376675336,3.3459e-05,pim|decode|6|016e8acce089f109420138ec5b8e8adb,6,sample_step,0.017520107121072215,0.002141376,-0.00024029267376675335,0.12222391023080398,-0.015378731121072214,0.12222391023080398
ianus_prefill-1024xdecode_512_ops_trace.csv,decode,6,319,26,PIM0,pim,6,"LN:-1,V:0,SV:0,O:1,FFN_W1:0,FFN_W2:1",0.0003031773480834943,3.7018000000000004e-05,pim|decode|6|731d391a82ee0cb7f0755396c849b1dc,6,sample_step,0.019403350277343634,0.0023691520000000002,-0.0002661593480834943,0.12210015106341433,-0.017034198277343635,0.12210015106341433
ianus_prefill-1024xdecode_512_ops_trace.csv,decode,6,319,26,GPU0,npu,14,"Q:0,K:0,Q:1,K:1,QK:0,QK:1,Softmax:0,Softmax:1,O:0,Add:-1,FFN_W3:0,FFN_W3:1,SwiGLU:0,Add:-1",0.00020884065797588391,0.0002840575933456421,npu|decode|6|671eabfb3c980b3de830460630434eeb,6,sample_step,0.01336580211045657,0.018179685974121094,7.521693536975818e-05,1.3601642328595034,0.004813883863664523,1.3601642328595034
ianus_prefill-1024xdecode_512_ops_trace.csv,decode,6,319,26,PIM1,pim,6,"V:1,SV:1,LN:-1,FFN_W1:1,SwiGLU:1,FFN_W2:0",0.00027375167376675336,3.3459e-05,pim|decode|6|016e8acce089f109420138ec5b8e8adb,6,sample_step,0.017520107121072215,0.002141376,-0.00024029267376675335,0.12222391023080398,-0.015378731121072214,0.12222391023080398
ianus_prefill-1024xdecode_512_ops_trace.csv,decode,6,319,27,PIM0,pim,6,"LN:-1,V:0,SV:0,O:1,FFN_W1:0,FFN_W2:1",0.0003031773480834943,3.7018000000000004e-05,pim|decode|6|731d391a82ee0cb7f0755396c849b1dc,6,sample_step,0.019403350277343634,0.0023691520000000002,-0.0002661593480834943,0.12210015106341433,-0.017034198277343635,0.12210015106341433
ianus_prefill-1024xdecode_512_ops_trace.csv,decode,6,319,27,GPU0,npu,14,"Q:0,K:0,Q:1,K:1,QK:0,QK:1,Softmax:0,Softmax:1,O:0,Add:-1,FFN_W3:0,FFN_W3:1,SwiGLU:0,Add:-1",0.00020884065797588391,0.0002840575933456421,npu|decode|6|671eabfb3c980b3de830460630434eeb,6,sample_step,0.01336580211045657,0.018179685974121094,7.521693536975818e-05,1.3601642328595034,0.004813883863664523,1.3601642328595034
ianus_prefill-1024xdecode_512_ops_trace.csv,decode,6,319,27,PIM1,pim,6,"V:1,SV:1,LN:-1,FFN_W1:1,SwiGLU:1,FFN_W2:0",0.00027375167376675336,3.3459e-05,pim|decode|6|016e8acce089f109420138ec5b8e8adb,6,sample_step,0.017520107121072215,0.002141376,-0.00024029267376675335,0.12222391023080398,-0.015378731121072214,0.12222391023080398
ianus_prefill-1024xdecode_512_ops_trace.csv,decode,6,319,28,PIM0,pim,6,"LN:-1,V:0,SV:0,O:1,FFN_W1:0,FFN_W2:1",0.0003031773480834943,3.7018000000000004e-05,pim|decode|6|731d391a82ee0cb7f0755396c849b1dc,6,sample_step,0.019403350277343634,0.0023691520000000002,-0.0002661593480834943,0.12210015106341433,-0.017034198277343635,0.12210015106341433
ianus_prefill-1024xdecode_512_ops_trace.csv,decode,6,319,28,GPU0,npu,14,"Q:0,K:0,Q:1,K:1,QK:0,QK:1,Softmax:0,Softmax:1,O:0,Add:-1,FFN_W3:0,FFN_W3:1,SwiGLU:0,Add:-1",0.00020884065797588391,0.0002840575933456421,npu|decode|6|671eabfb3c980b3de830460630434eeb,6,sample_step,0.01336580211045657,0.018179685974121094,7.521693536975818e-05,1.3601642328595034,0.004813883863664523,1.3601642328595034
ianus_prefill-1024xdecode_512_ops_trace.csv,decode,6,319,28,PIM1,pim,6,"V:1,SV:1,LN:-1,FFN_W1:1,SwiGLU:1,FFN_W2:0",0.00027375167376675336,3.3459e-05,pim|decode|6|016e8acce089f109420138ec5b8e8adb,6,sample_step,0.017520107121072215,0.002141376,-0.00024029267376675335,0.12222391023080398,-0.015378731121072214,0.12222391023080398
ianus_prefill-1024xdecode_512_ops_trace.csv,decode,6,319,29,PIM0,pim,6,"LN:-1,V:0,SV:0,O:1,FFN_W1:0,FFN_W2:1",0.0003031773480834943,3.7018000000000004e-05,pim|decode|6|731d391a82ee0cb7f0755396c849b1dc,6,sample_step,0.019403350277343634,0.0023691520000000002,-0.0002661593480834943,0.12210015106341433,-0.017034198277343635,0.12210015106341433
ianus_prefill-1024xdecode_512_ops_trace.csv,decode,6,319,29,GPU0,npu,14,"Q:0,K:0,Q:1,K:1,QK:0,QK:1,Softmax:0,Softmax:1,O:0,Add:-1,FFN_W3:0,FFN_W3:1,SwiGLU:0,Add:-1",0.00020884065797588391,0.0002840575933456421,npu|decode|6|671eabfb3c980b3de830460630434eeb,6,sample_step,0.01336580211045657,0.018179685974121094,7.521693536975818e-05,1.3601642328595034,0.004813883863664523,1.3601642328595034
ianus_prefill-1024xdecode_512_ops_trace.csv,decode,6,319,29,PIM1,pim,6,"V:1,SV:1,LN:-1,FFN_W1:1,SwiGLU:1,FFN_W2:0",0.00027375167376675336,3.3459e-05,pim|decode|6|016e8acce089f109420138ec5b8e8adb,6,sample_step,0.017520107121072215,0.002141376,-0.00024029267376675335,0.12222391023080398,-0.015378731121072214,0.12222391023080398
ianus_prefill-1024xdecode_512_ops_trace.csv,decode,6,319,30,PIM0,pim,6,"LN:-1,V:0,SV:0,O:1,FFN_W1:0,FFN_W2:1",0.0003031773480834943,3.7018000000000004e-05,pim|decode|6|731d391a82ee0cb7f0755396c849b1dc,6,sample_step,0.019403350277343634,0.0023691520000000002,-0.0002661593480834943,0.12210015106341433,-0.017034198277343635,0.12210015106341433
ianus_prefill-1024xdecode_512_ops_trace.csv,decode,6,319,30,GPU0,npu,14,"Q:0,K:0,Q:1,K:1,QK:0,QK:1,Softmax:0,Softmax:1,O:0,Add:-1,FFN_W3:0,FFN_W3:1,SwiGLU:0,Add:-1",0.00020884065797588391,0.0002840575933456421,npu|decode|6|671eabfb3c980b3de830460630434eeb,6,sample_step,0.01336580211045657,0.018179685974121094,7.521693536975818e-05,1.3601642328595034,0.004813883863664523,1.3601642328595034
ianus_prefill-1024xdecode_512_ops_trace.csv,decode,6,319,30,PIM1,pim,6,"V:1,SV:1,LN:-1,FFN_W1:1,SwiGLU:1,FFN_W2:0",0.00027375167376675336,3.3459e-05,pim|decode|6|016e8acce089f109420138ec5b8e8adb,6,sample_step,0.017520107121072215,0.002141376,-0.00024029267376675335,0.12222391023080398,-0.015378731121072214,0.12222391023080398
ianus_prefill-1024xdecode_512_ops_trace.csv,decode,6,319,31,PIM0,pim,6,"LN:-1,V:0,SV:0,O:1,FFN_W1:0,FFN_W2:1",0.0003031773480834943,3.7018000000000004e-05,pim|decode|6|731d391a82ee0cb7f0755396c849b1dc,6,sample_step,0.019403350277343634,0.0023691520000000002,-0.0002661593480834943,0.12210015106341433,-0.017034198277343635,0.12210015106341433
ianus_prefill-1024xdecode_512_ops_trace.csv,decode,6,319,31,GPU0,npu,14,"Q:0,K:0,Q:1,K:1,QK:0,QK:1,Softmax:0,Softmax:1,O:0,Add:-1,FFN_W3:0,FFN_W3:1,SwiGLU:0,Add:-1",0.00020884065797588391,0.0002840575933456421,npu|decode|6|671eabfb3c980b3de830460630434eeb,6,sample_step,0.01336580211045657,0.018179685974121094,7.521693536975818e-05,1.3601642328595034,0.004813883863664523,1.3601642328595034
ianus_prefill-1024xdecode_512_ops_trace.csv,decode,6,319,31,PIM1,pim,6,"V:1,SV:1,LN:-1,FFN_W1:1,SwiGLU:1,FFN_W2:0",0.00027375167376675336,3.3459e-05,pim|decode|6|016e8acce089f109420138ec5b8e8adb,6,sample_step,0.017520107121072215,0.002141376,-0.00024029267376675335,0.12222391023080398,-0.015378731121072214,0.12222391023080398
ianus_prefill-1024xdecode_512_ops_trace.csv,decode,7,383,0,GPU0,npu,15,"LN:-1,Q:0,K:0,Q:1,K:1,QK:0,QK:1,Softmax:0,Softmax:1,O:0,Add:-1,FFN_W3:0,FFN_W3:1,SwiGLU:0,Add:-1",0.0002442136731453104,0.0003152895927429199,npu|decode|7|2a5538c8f9df4db4add3d84eaac8c78a,7,sample_step,0.015629675081299865,0.020178533935546875,7.107591959760952e-05,1.2910398860235741,0.004548858854247009,1.2910398860235741
ianus_prefill-1024xdecode_512_ops_trace.csv,decode,7,383,0,PIM0,pim,5,"V:0,SV:0,O:1,FFN_W1:0,FFN_W2:1",0.00029324134808561553,3.5776e-05,pim|decode|7|ebea3d96ba5f955b87a93b12b17bba6f,7,sample_step,0.018767446277479394,0.002289664,-0.0002574653480856155,0.1220018944584675,-0.016477782277479393,0.1220018944584675
ianus_prefill-1024xdecode_512_ops_trace.csv,decode,7,383,0,PIM1,pim,6,"V:1,SV:1,LN:-1,FFN_W1:1,SwiGLU:1,FFN_W2:0",0.00027432767376822653,3.3531e-05,pim|decode|7|016e8acce089f109420138ec5b8e8adb,7,sample_step,0.017556971121166498,0.002145984,-0.00024079667376822653,0.12222973912697416,-0.015410987121166498,0.12222973912697416
ianus_prefill-1024xdecode_512_ops_trace.csv,decode,7,383,1,PIM0,pim,6,"LN:-1,V:0,SV:0,O:1,FFN_W1:0,FFN_W2:1",0.00030375334808496746,3.709e-05,pim|decode|7|731d391a82ee0cb7f0755396c849b1dc,7,sample_step,0.019440214277437917,0.00237376,-0.00026666334808496747,0.12210564997500864,-0.017066454277437918,0.12210564997500864
ianus_prefill-1024xdecode_512_ops_trace.csv,decode,7,383,1,GPU0,npu,14,"Q:0,K:0,Q:1,K:1,QK:0,QK:1,Softmax:0,Softmax:1,O:0,Add:-1,FFN_W3:0,FFN_W3:1,SwiGLU:0,Add:-1",0.00020890406850071486,0.00028323841094970704,npu|decode|7|671eabfb3c980b3de830460630434eeb,7,sample_step,0.01336986038404575,0.01812725830078125,7.433434244899219e-05,1.355830037119348,0.0047573979167355,1.355830037119348
ianus_prefill-1024xdecode_512_ops_trace.csv,decode,7,383,1,PIM1,pim,6,"V:1,SV:1,LN:-1,FFN_W1:1,SwiGLU:1,FFN_W2:0",0.00027432767376822653,3.3531e-05,pim|decode|7|016e8acce089f109420138ec5b8e8adb,7,sample_step,0.017556971121166498,0.002145984,-0.00024079667376822653,0.12222973912697416,-0.015410987121166498,0.12222973912697416
ianus_prefill-1024xdecode_512_ops_trace.csv,decode,7,383,2,PIM0,pim,6,"LN:-1,V:0,SV:0,O:1,FFN_W1:0,FFN_W2:1",0.00030375334808496746,3.709e-05,pim|decode|7|731d391a82ee0cb7f0755396c849b1dc,7,sample_step,0.019440214277437917,0.00237376,-0.00026666334808496747,0.12210564997500864,-0.017066454277437918,0.12210564997500864
ianus_prefill-1024xdecode_512_ops_trace.csv,decode,7,383,2,GPU0,npu,14,"Q:0,K:0,Q:1,K:1,QK:0,QK:1,Softmax:0,Softmax:1,O:0,Add:-1,FFN_W3:0,FFN_W3:1,SwiGLU:0,Add:-1",0.00020890406850071486,0.00028323841094970704,npu|decode|7|671eabfb3c980b3de830460630434eeb,7,sample_step,0.01336986038404575,0.01812725830078125,7.433434244899219e-05,1.355830037119348,0.0047573979167355,1.355830037119348
ianus_prefill-1024xdecode_512_ops_trace.csv,decode,7,383,2,PIM1,pim,6,"V:1,SV:1,LN:-1,FFN_W1:1,SwiGLU:1,FFN_W2:0",0.00027432767376822653,3.3531e-05,pim|decode|7|016e8acce089f109420138ec5b8e8adb,7,sample_step,0.017556971121166498,0.002145984,-0.00024079667376822653,0.12222973912697416,-0.015410987121166498,0.12222973912697416
ianus_prefill-1024xdecode_512_ops_trace.csv,decode,7,383,3,PIM0,pim,6,"LN:-1,V:0,SV:0,O:1,FFN_W1:0,FFN_W2:1",0.00030375334808496746,3.709e-05,pim|decode|7|731d391a82ee0cb7f0755396c849b1dc,7,sample_step,0.019440214277437917,0.00237376,-0.00026666334808496747,0.12210564997500864,-0.017066454277437918,0.12210564997500864
ianus_prefill-1024xdecode_512_ops_trace.csv,decode,7,383,3,GPU0,npu,14,"Q:0,K:0,Q:1,K:1,QK:0,QK:1,Softmax:0,Softmax:1,O:0,Add:-1,FFN_W3:0,FFN_W3:1,SwiGLU:0,Add:-1",0.00020890406850071486,0.00028323841094970704,npu|decode|7|671eabfb3c980b3de830460630434eeb,7,sample_step,0.01336986038404575,0.01812725830078125,7.433434244899219e-05,1.355830037119348,0.0047573979167355,1.355830037119348
ianus_prefill-1024xdecode_512_ops_trace.csv,decode,7,383,3,PIM1,pim,6,"V:1,SV:1,LN:-1,FFN_W1:1,SwiGLU:1,FFN_W2:0",0.00027432767376822653,3.3531e-05,pim|decode|7|016e8acce089f109420138ec5b8e8adb,7,sample_step,0.017556971121166498,0.002145984,-0.00024079667376822653,0.12222973912697416,-0.015410987121166498,0.12222973912697416
ianus_prefill-1024xdecode_512_ops_trace.csv,decode,7,383,4,PIM0,pim,6,"LN:-1,V:0,SV:0,O:1,FFN_W1:0,FFN_W2:1",0.00030375334808496746,3.709e-05,pim|decode|7|731d391a82ee0cb7f0755396c849b1dc,7,sample_step,0.019440214277437917,0.00237376,-0.00026666334808496747,0.12210564997500864,-0.017066454277437918,0.12210564997500864
ianus_prefill-1024xdecode_512_ops_trace.csv,decode,7,383,4,GPU0,npu,14,"Q:0,K:0,Q:1,K:1,QK:0,QK:1,Softmax:0,Softmax:1,O:0,Add:-1,FFN_W3:0,FFN_W3:1,SwiGLU:0,Add:-1",0.00020890406850071486,0.00028323841094970704,npu|decode|7|671eabfb3c980b3de830460630434eeb,7,sample_step,0.01336986038404575,0.01812725830078125,7.433434244899219e-05,1.355830037119348,0.0047573979167355,1.355830037119348
ianus_prefill-1024xdecode_512_ops_trace.csv,decode,7,383,4,PIM1,pim,6,"V:1,SV:1,LN:-1,FFN_W1:1,SwiGLU:1,FFN_W2:0",0.00027432767376822653,3.3531e-05,pim|decode|7|016e8acce089f109420138ec5b8e8adb,7,sample_step,0.017556971121166498,0.002145984,-0.00024079667376822653,0.12222973912697416,-0.015410987121166498,0.12222973912697416
ianus_prefill-1024xdecode_512_ops_trace.csv,decode,7,383,5,PIM0,pim,6,"LN:-1,V:0,SV:0,O:1,FFN_W1:0,FFN_W2:1",0.00030375334808496746,3.709e-05,pim|decode|7|731d391a82ee0cb7f0755396c849b1dc,7,sample_step,0.019440214277437917,0.00237376,-0.00026666334808496747,0.12210564997500864,-0.017066454277437918,0.12210564997500864
ianus_prefill-1024xdecode_512_ops_trace.csv,decode,7,383,5,GPU0,npu,14,"Q:0,K:0,Q:1,K:1,QK:0,QK:1,Softmax:0,Softmax:1,O:0,Add:-1,FFN_W3:0,FFN_W3:1,SwiGLU:0,Add:-1",0.00020890406850071486,0.00028323841094970704,npu|decode|7|671eabfb3c980b3de830460630434eeb,7,sample_step,0.01336986038404575,0.01812725830078125,7.433434244899219e-05,1.355830037119348,0.0047573979167355,1.355830037119348
ianus_prefill-1024xdecode_512_ops_trace.csv,decode,7,383,5,PIM1,pim,6,"V:1,SV:1,LN:-1,FFN_W1:1,SwiGLU:1,FFN_W2:0",0.00027432767376822653,3.3531e-05,pim|decode|7|016e8acce089f109420138ec5b8e8adb,7,sample_step,0.017556971121166498,0.002145984,-0.00024079667376822653,0.12222973912697416,-0.015410987121166498,0.12222973912697416
ianus_prefill-1024xdecode_512_ops_trace.csv,decode,7,383,6,PIM0,pim,6,"LN:-1,V:0,SV:0,O:1,FFN_W1:0,FFN_W2:1",0.00030375334808496746,3.709e-05,pim|decode|7|731d391a82ee0cb7f0755396c849b1dc,7,sample_step,0.019440214277437917,0.00237376,-0.00026666334808496747,0.12210564997500864,-0.017066454277437918,0.12210564997500864
ianus_prefill-1024xdecode_512_ops_trace.csv,decode,7,383,6,GPU0,npu,14,"Q:0,K:0,Q:1,K:1,QK:0,QK:1,Softmax:0,Softmax:1,O:0,Add:-1,FFN_W3:0,FFN_W3:1,SwiGLU:0,Add:-1",0.00020890406850071486,0.00028323841094970704,npu|decode|7|671eabfb3c980b3de830460630434eeb,7,sample_step,0.01336986038404575,0.01812725830078125,7.433434244899219e-05,1.355830037119348,0.0047573979167355,1.355830037119348
ianus_prefill-1024xdecode_512_ops_trace.csv,decode,7,383,6,PIM1,pim,6,"V:1,SV:1,LN:-1,FFN_W1:1,SwiGLU:1,FFN_W2:0",0.00027432767376822653,3.3531e-05,pim|decode|7|016e8acce089f109420138ec5b8e8adb,7,sample_step,0.017556971121166498,0.002145984,-0.00024079667376822653,0.12222973912697416,-0.015410987121166498,0.12222973912697416
ianus_prefill-1024xdecode_512_ops_trace.csv,decode,7,383,7,PIM0,pim,6,"LN:-1,V:0,SV:0,O:1,FFN_W1:0,FFN_W2:1",0.00030375334808496746,3.709e-05,pim|decode|7|731d391a82ee0cb7f0755396c849b1dc,7,sample_step,0.019440214277437917,0.00237376,-0.00026666334808496747,0.12210564997500864,-0.017066454277437918,0.12210564997500864
ianus_prefill-1024xdecode_512_ops_trace.csv,decode,7,383,7,GPU0,npu,14,"Q:0,K:0,Q:1,K:1,QK:0,QK:1,Softmax:0,Softmax:1,O:0,Add:-1,FFN_W3:0,FFN_W3:1,SwiGLU:0,Add:-1",0.00020890406850071486,0.00028323841094970704,npu|decode|7|671eabfb3c980b3de830460630434eeb,7,sample_step,0.01336986038404575,0.01812725830078125,7.433434244899219e-05,1.355830037119348,0.0047573979167355,1.355830037119348
ianus_prefill-1024xdecode_512_ops_trace.csv,decode,7,383,7,PIM1,pim,6,"V:1,SV:1,LN:-1,FFN_W1:1,SwiGLU:1,FFN_W2:0",0.00027432767376822653,3.3531e-05,pim|decode|7|016e8acce089f109420138ec5b8e8adb,7,sample_step,0.017556971121166498,0.002145984,-0.00024079667376822653,0.12222973912697416,-0.015410987121166498,0.12222973912697416
ianus_prefill-1024xdecode_512_ops_trace.csv,decode,7,383,8,PIM0,pim,6,"LN:-1,V:0,SV:0,O:1,FFN_W1:0,FFN_W2:1",0.00030375334808496746,3.709e-05,pim|decode|7|731d391a82ee0cb7f0755396c849b1dc,7,sample_step,0.019440214277437917,0.00237376,-0.00026666334808496747,0.12210564997500864,-0.017066454277437918,0.12210564997500864
ianus_prefill-1024xdecode_512_ops_trace.csv,decode,7,383,8,GPU0,npu,14,"Q:0,K:0,Q:1,K:1,QK:0,QK:1,Softmax:0,Softmax:1,O:0,Add:-1,FFN_W3:0,FFN_W3:1,SwiGLU:0,Add:-1",0.00020890406850071486,0.00028323841094970704,npu|decode|7|671eabfb3c980b3de830460630434eeb,7,sample_step,0.01336986038404575,0.01812725830078125,7.433434244899219e-05,1.355830037119348,0.0047573979167355,1.355830037119348
ianus_prefill-1024xdecode_512_ops_trace.csv,decode,7,383,8,PIM1,pim,6,"V:1,SV:1,LN:-1,FFN_W1:1,SwiGLU:1,FFN_W2:0",0.00027432767376822653,3.3531e-05,pim|decode|7|016e8acce089f109420138ec5b8e8adb,7,sample_step,0.017556971121166498,0.002145984,-0.00024079667376822653,0.12222973912697416,-0.015410987121166498,0.12222973912697416
ianus_prefill-1024xdecode_512_ops_trace.csv,decode,7,383,9,PIM0,pim,6,"LN:-1,V:0,SV:0,O:1,FFN_W1:0,FFN_W2:1",0.00030375334808496746,3.709e-05,pim|decode|7|731d391a82ee0cb7f0755396c849b1dc,7,sample_step,0.019440214277437917,0.00237376,-0.00026666334808496747,0.12210564997500864,-0.017066454277437918,0.12210564997500864
ianus_prefill-1024xdecode_512_ops_trace.csv,decode,7,383,9,GPU0,npu,14,"Q:0,K:0,Q:1,K:1,QK:0,QK:1,Softmax:0,Softmax:1,O:0,Add:-1,FFN_W3:0,FFN_W3:1,SwiGLU:0,Add:-1",0.00020890406850071486,0.00028323841094970704,npu|decode|7|671eabfb3c980b3de830460630434eeb,7,sample_step,0.01336986038404575,0.01812725830078125,7.433434244899219e-05,1.355830037119348,0.0047573979167355,1.355830037119348
ianus_prefill-1024xdecode_512_ops_trace.csv,decode,7,383,9,PIM1,pim,6,"V:1,SV:1,LN:-1,FFN_W1:1,SwiGLU:1,FFN_W2:0",0.00027432767376822653,3.3531e-05,pim|decode|7|016e8acce089f109420138ec5b8e8adb,7,sample_step,0.017556971121166498,0.002145984,-0.00024079667376822653,0.12222973912697416,-0.015410987121166498,0.12222973912697416
ianus_prefill-1024xdecode_512_ops_trace.csv,decode,7,383,10,PIM0,pim,6,"LN:-1,V:0,SV:0,O:1,FFN_W1:0,FFN_W2:1",0.00030375334808496746,3.709e-05,pim|decode|7|731d391a82ee0cb7f0755396c849b1dc,7,sample_step,0.019440214277437917,0.00237376,-0.00026666334808496747,0.12210564997500864,-0.017066454277437918,0.12210564997500864
ianus_prefill-1024xdecode_512_ops_trace.csv,decode,7,383,10,GPU0,npu,14,"Q:0,K:0,Q:1,K:1,QK:0,QK:1,Softmax:0,Softmax:1,O:0,Add:-1,FFN_W3:0,FFN_W3:1,SwiGLU:0,Add:-1",0.00020890406850071486,0.00028323841094970704,npu|decode|7|671eabfb3c980b3de830460630434eeb,7,sample_step,0.01336986038404575,0.01812725830078125,7.433434244899219e-05,1.355830037119348,0.0047573979167355,1.355830037119348
ianus_prefill-1024xdecode_512_ops_trace.csv,decode,7,383,10,PIM1,pim,6,"V:1,SV:1,LN:-1,FFN_W1:1,SwiGLU:1,FFN_W2:0",0.00027432767376822653,3.3531e-05,pim|decode|7|016e8acce089f109420138ec5b8e8adb,7,sample_step,0.017556971121166498,0.002145984,-0.00024079667376822653,0.12222973912697416,-0.015410987121166498,0.12222973912697416
ianus_prefill-1024xdecode_512_ops_trace.csv,decode,7,383,11,PIM0,pim,6,"LN:-1,V:0,SV:0,O:1,FFN_W1:0,FFN_W2:1",0.00030375334808496746,3.709e-05,pim|decode|7|731d391a82ee0cb7f0755396c849b1dc,7,sample_step,0.019440214277437917,0.00237376,-0.00026666334808496747,0.12210564997500864,-0.017066454277437918,0.12210564997500864
ianus_prefill-1024xdecode_512_ops_trace.csv,decode,7,383,11,GPU0,npu,14,"Q:0,K:0,Q:1,K:1,QK:0,QK:1,Softmax:0,Softmax:1,O:0,Add:-1,FFN_W3:0,FFN_W3:1,SwiGLU:0,Add:-1",0.00020890406850071486,0.00028323841094970704,npu|decode|7|671eabfb3c980b3de830460630434eeb,7,sample_step,0.01336986038404575,0.01812725830078125,7.433434244899219e-05,1.355830037119348,0.0047573979167355,1.355830037119348
ianus_prefill-1024xdecode_512_ops_trace.csv,decode,7,383,11,PIM1,pim,6,"V:1,SV:1,LN:-1,FFN_W1:1,SwiGLU:1,FFN_W2:0",0.00027432767376822653,3.3531e-05,pim|decode|7|016e8acce089f109420138ec5b8e8adb,7,sample_step,0.017556971121166498,0.002145984,-0.00024079667376822653,0.12222973912697416,-0.015410987121166498,0.12222973912697416
ianus_prefill-1024xdecode_512_ops_trace.csv,decode,7,383,12,PIM0,pim,6,"LN:-1,V:0,SV:0,O:1,FFN_W1:0,FFN_W2:1",0.00030375334808496746,3.709e-05,pim|decode|7|731d391a82ee0cb7f0755396c849b1dc,7,sample_step,0.019440214277437917,0.00237376,-0.00026666334808496747,0.12210564997500864,-0.017066454277437918,0.12210564997500864
ianus_prefill-1024xdecode_512_ops_trace.csv,decode,7,383,12,GPU0,npu,14,"Q:0,K:0,Q:1,K:1,QK:0,QK:1,Softmax:0,Softmax:1,O:0,Add:-1,FFN_W3:0,FFN_W3:1,SwiGLU:0,Add:-1",0.00020890406850071486,0.00028323841094970704,npu|decode|7|671eabfb3c980b3de830460630434eeb,7,sample_step,0.01336986038404575,0.01812725830078125,7.433434244899219e-05,1.355830037119348,0.0047573979167355,1.355830037119348
ianus_prefill-1024xdecode_512_ops_trace.csv,decode,7,383,12,PIM1,pim,6,"V:1,SV:1,LN:-1,FFN_W1:1,SwiGLU:1,FFN_W2:0",0.00027432767376822653,3.3531e-05,pim|decode|7|016e8acce089f109420138ec5b8e8adb,7,sample_step,0.017556971121166498,0.002145984,-0.00024079667376822653,0.12222973912697416,-0.015410987121166498,0.12222973912697416
ianus_prefill-1024xdecode_512_ops_trace.csv,decode,7,383,13,PIM0,pim,6,"LN:-1,V:0,SV:0,O:1,FFN_W1:0,FFN_W2:1",0.00030375334808496746,3.709e-05,pim|decode|7|731d391a82ee0cb7f0755396c849b1dc,7,sample_step,0.019440214277437917,0.00237376,-0.00026666334808496747,0.12210564997500864,-0.017066454277437918,0.12210564997500864
ianus_prefill-1024xdecode_512_ops_trace.csv,decode,7,383,13,GPU0,npu,14,"Q:0,K:0,Q:1,K:1,QK:0,QK:1,Softmax:0,Softmax:1,O:0,Add:-1,FFN_W3:0,FFN_W3:1,SwiGLU:0,Add:-1",0.00020890406850071486,0.00028323841094970704,npu|decode|7|671eabfb3c980b3de830460630434eeb,7,sample_step,0.01336986038404575,0.01812725830078125,7.433434244899219e-05,1.355830037119348,0.0047573979167355,1.355830037119348
ianus_prefill-1024xdecode_512_ops_trace.csv,decode,7,383,13,PIM1,pim,6,"V:1,SV:1,LN:-1,FFN_W1:1,SwiGLU:1,FFN_W2:0",0.00027432767376822653,3.3531e-05,pim|decode|7|016e8acce089f109420138ec5b8e8adb,7,sample_step,0.017556971121166498,0.002145984,-0.00024079667376822653,0.12222973912697416,-0.015410987121166498,0.12222973912697416
ianus_prefill-1024xdecode_512_ops_trace.csv,decode,7,383,14,PIM0,pim,6,"LN:-1,V:0,SV:0,O:1,FFN_W1:0,FFN_W2:1",0.00030375334808496746,3.709e-05,pim|decode|7|731d391a82ee0cb7f0755396c849b1dc,7,sample_step,0.019440214277437917,0.00237376,-0.00026666334808496747,0.12210564997500864,-0.017066454277437918,0.12210564997500864
ianus_prefill-1024xdecode_512_ops_trace.csv,decode,7,383,14,GPU0,npu,14,"Q:0,K:0,Q:1,K:1,QK:0,QK:1,Softmax:0,Softmax:1,O:0,Add:-1,FFN_W3:0,FFN_W3:1,SwiGLU:0,Add:-1",0.00020890406850071486,0.00028323841094970704,npu|decode|7|671eabfb3c980b3de830460630434eeb,7,sample_step,0.01336986038404575,0.01812725830078125,7.433434244899219e-05,1.355830037119348,0.0047573979167355,1.355830037119348
ianus_prefill-1024xdecode_512_ops_trace.csv,decode,7,383,14,PIM1,pim,6,"V:1,SV:1,LN:-1,FFN_W1:1,SwiGLU:1,FFN_W2:0",0.00027432767376822653,3.3531e-05,pim|decode|7|016e8acce089f109420138ec5b8e8adb,7,sample_step,0.017556971121166498,0.002145984,-0.00024079667376822653,0.12222973912697416,-0.015410987121166498,0.12222973912697416
ianus_prefill-1024xdecode_512_ops_trace.csv,decode,7,383,15,PIM0,pim,6,"LN:-1,V:0,SV:0,O:1,FFN_W1:0,FFN_W2:1",0.00030375334808496746,3.709e-05,pim|decode|7|731d391a82ee0cb7f0755396c849b1dc,7,sample_step,0.019440214277437917,0.00237376,-0.00026666334808496747,0.12210564997500864,-0.017066454277437918,0.12210564997500864
ianus_prefill-1024xdecode_512_ops_trace.csv,decode,7,383,15,GPU0,npu,14,"Q:0,K:0,Q:1,K:1,QK:0,QK:1,Softmax:0,Softmax:1,O:0,Add:-1,FFN_W3:0,FFN_W3:1,SwiGLU:0,Add:-1",0.00020890406850071486,0.00028323841094970704,npu|decode|7|671eabfb3c980b3de830460630434eeb,7,sample_step,0.01336986038404575,0.01812725830078125,7.433434244899219e-05,1.355830037119348,0.0047573979167355,1.355830037119348
ianus_prefill-1024xdecode_512_ops_trace.csv,decode,7,383,15,PIM1,pim,6,"V:1,SV:1,LN:-1,FFN_W1:1,SwiGLU:1,FFN_W2:0",0.00027432767376822653,3.3531e-05,pim|decode|7|016e8acce089f109420138ec5b8e8adb,7,sample_step,0.017556971121166498,0.002145984,-0.00024079667376822653,0.12222973912697416,-0.015410987121166498,0.12222973912697416
ianus_prefill-1024xdecode_512_ops_trace.csv,decode,7,383,16,PIM0,pim,6,"LN:-1,V:0,SV:0,O:1,FFN_W1:0,FFN_W2:1",0.00030375334808496746,3.709e-05,pim|decode|7|731d391a82ee0cb7f0755396c849b1dc,7,sample_step,0.019440214277437917,0.00237376,-0.00026666334808496747,0.12210564997500864,-0.017066454277437918,0.12210564997500864
ianus_prefill-1024xdecode_512_ops_trace.csv,decode,7,383,16,GPU0,npu,14,"Q:0,K:0,Q:1,K:1,QK:0,QK:1,Softmax:0,Softmax:1,O:0,Add:-1,FFN_W3:0,FFN_W3:1,SwiGLU:0,Add:-1",0.00020890406850071486,0.00028323841094970704,npu|decode|7|671eabfb3c980b3de830460630434eeb,7,sample_step,0.01336986038404575,0.01812725830078125,7.433434244899219e-05,1.355830037119348,0.0047573979167355,1.355830037119348
ianus_prefill-1024xdecode_512_ops_trace.csv,decode,7,383,16,PIM1,pim,6,"V:1,SV:1,LN:-1,FFN_W1:1,SwiGLU:1,FFN_W2:0",0.00027432767376822653,3.3531e-05,pim|decode|7|016e8acce089f109420138ec5b8e8adb,7,sample_step,0.017556971121166498,0.002145984,-0.00024079667376822653,0.12222973912697416,-0.015410987121166498,0.12222973912697416
ianus_prefill-1024xdecode_512_ops_trace.csv,decode,7,383,17,PIM0,pim,6,"LN:-1,V:0,SV:0,O:1,FFN_W1:0,FFN_W2:1",0.00030375334808496746,3.709e-05,pim|decode|7|731d391a82ee0cb7f0755396c849b1dc,7,sample_step,0.019440214277437917,0.00237376,-0.00026666334808496747,0.12210564997500864,-0.017066454277437918,0.12210564997500864
ianus_prefill-1024xdecode_512_ops_trace.csv,decode,7,383,17,GPU0,npu,14,"Q:0,K:0,Q:1,K:1,QK:0,QK:1,Softmax:0,Softmax:1,O:0,Add:-1,FFN_W3:0,FFN_W3:1,SwiGLU:0,Add:-1",0.00020890406850071486,0.00028323841094970704,npu|decode|7|671eabfb3c980b3de830460630434eeb,7,sample_step,0.01336986038404575,0.01812725830078125,7.433434244899219e-05,1.355830037119348,0.0047573979167355,1.355830037119348
ianus_prefill-1024xdecode_512_ops_trace.csv,decode,7,383,17,PIM1,pim,6,"V:1,SV:1,LN:-1,FFN_W1:1,SwiGLU:1,FFN_W2:0",0.00027432767376822653,3.3531e-05,pim|decode|7|016e8acce089f109420138ec5b8e8adb,7,sample_step,0.017556971121166498,0.002145984,-0.00024079667376822653,0.12222973912697416,-0.015410987121166498,0.12222973912697416
ianus_prefill-1024xdecode_512_ops_trace.csv,decode,7,383,18,PIM0,pim,6,"LN:-1,V:0,SV:0,O:1,FFN_W1:0,FFN_W2:1",0.00030375334808496746,3.709e-05,pim|decode|7|731d391a82ee0cb7f0755396c849b1dc,7,sample_step,0.019440214277437917,0.00237376,-0.00026666334808496747,0.12210564997500864,-0.017066454277437918,0.12210564997500864
ianus_prefill-1024xdecode_512_ops_trace.csv,decode,7,383,18,GPU0,npu,14,"Q:0,K:0,Q:1,K:1,QK:0,QK:1,Softmax:0,Softmax:1,O:0,Add:-1,FFN_W3:0,FFN_W3:1,SwiGLU:0,Add:-1",0.00020890406850071486,0.00028323841094970704,npu|decode|7|671eabfb3c980b3de830460630434eeb,7,sample_step,0.01336986038404575,0.01812725830078125,7.433434244899219e-05,1.355830037119348,0.0047573979167355,1.355830037119348
ianus_prefill-1024xdecode_512_ops_trace.csv,decode,7,383,18,PIM1,pim,6,"V:1,SV:1,LN:-1,FFN_W1:1,SwiGLU:1,FFN_W2:0",0.00027432767376822653,3.3531e-05,pim|decode|7|016e8acce089f109420138ec5b8e8adb,7,sample_step,0.017556971121166498,0.002145984,-0.00024079667376822653,0.12222973912697416,-0.015410987121166498,0.12222973912697416
ianus_prefill-1024xdecode_512_ops_trace.csv,decode,7,383,19,PIM0,pim,6,"LN:-1,V:0,SV:0,O:1,FFN_W1:0,FFN_W2:1",0.00030375334808496746,3.709e-05,pim|decode|7|731d391a82ee0cb7f0755396c849b1dc,7,sample_step,0.019440214277437917,0.00237376,-0.00026666334808496747,0.12210564997500864,-0.017066454277437918,0.12210564997500864
ianus_prefill-1024xdecode_512_ops_trace.csv,decode,7,383,19,GPU0,npu,14,"Q:0,K:0,Q:1,K:1,QK:0,QK:1,Softmax:0,Softmax:1,O:0,Add:-1,FFN_W3:0,FFN_W3:1,SwiGLU:0,Add:-1",0.00020890406850071486,0.00028323841094970704,npu|decode|7|671eabfb3c980b3de830460630434eeb,7,sample_step,0.01336986038404575,0.01812725830078125,7.433434244899219e-05,1.355830037119348,0.0047573979167355,1.355830037119348
ianus_prefill-1024xdecode_512_ops_trace.csv,decode,7,383,19,PIM1,pim,6,"V:1,SV:1,LN:-1,FFN_W1:1,SwiGLU:1,FFN_W2:0",0.00027432767376822653,3.3531e-05,pim|decode|7|016e8acce089f109420138ec5b8e8adb,7,sample_step,0.017556971121166498,0.002145984,-0.00024079667376822653,0.12222973912697416,-0.015410987121166498,0.12222973912697416
ianus_prefill-1024xdecode_512_ops_trace.csv,decode,7,383,20,PIM0,pim,6,"LN:-1,V:0,SV:0,O:1,FFN_W1:0,FFN_W2:1",0.00030375334808496746,3.709e-05,pim|decode|7|731d391a82ee0cb7f0755396c849b1dc,7,sample_step,0.019440214277437917,0.00237376,-0.00026666334808496747,0.12210564997500864,-0.017066454277437918,0.12210564997500864
ianus_prefill-1024xdecode_512_ops_trace.csv,decode,7,383,20,GPU0,npu,14,"Q:0,K:0,Q:1,K:1,QK:0,QK:1,Softmax:0,Softmax:1,O:0,Add:-1,FFN_W3:0,FFN_W3:1,SwiGLU:0,Add:-1",0.00020890406850071486,0.00028323841094970704,npu|decode|7|671eabfb3c980b3de830460630434eeb,7,sample_step,0.01336986038404575,0.01812725830078125,7.433434244899219e-05,1.355830037119348,0.0047573979167355,1.355830037119348
ianus_prefill-1024xdecode_512_ops_trace.csv,decode,7,383,20,PIM1,pim,6,"V:1,SV:1,LN:-1,FFN_W1:1,SwiGLU:1,FFN_W2:0",0.00027432767376822653,3.3531e-05,pim|decode|7|016e8acce089f109420138ec5b8e8adb,7,sample_step,0.017556971121166498,0.002145984,-0.00024079667376822653,0.12222973912697416,-0.015410987121166498,0.12222973912697416
ianus_prefill-1024xdecode_512_ops_trace.csv,decode,7,383,21,PIM0,pim,6,"LN:-1,V:0,SV:0,O:1,FFN_W1:0,FFN_W2:1",0.00030375334808496746,3.709e-05,pim|decode|7|731d391a82ee0cb7f0755396c849b1dc,7,sample_step,0.019440214277437917,0.00237376,-0.00026666334808496747,0.12210564997500864,-0.017066454277437918,0.12210564997500864
ianus_prefill-1024xdecode_512_ops_trace.csv,decode,7,383,21,GPU0,npu,14,"Q:0,K:0,Q:1,K:1,QK:0,QK:1,Softmax:0,Softmax:1,O:0,Add:-1,FFN_W3:0,FFN_W3:1,SwiGLU:0,Add:-1",0.00020890406850071486,0.00028323841094970704,npu|decode|7|671eabfb3c980b3de830460630434eeb,7,sample_step,0.01336986038404575,0.01812725830078125,7.433434244899219e-05,1.355830037119348,0.0047573979167355,1.355830037119348
ianus_prefill-1024xdecode_512_ops_trace.csv,decode,7,383,21,PIM1,pim,6,"V:1,SV:1,LN:-1,FFN_W1:1,SwiGLU:1,FFN_W2:0",0.00027432767376822653,3.3531e-05,pim|decode|7|016e8acce089f109420138ec5b8e8adb,7,sample_step,0.017556971121166498,0.002145984,-0.00024079667376822653,0.12222973912697416,-0.015410987121166498,0.12222973912697416
ianus_prefill-1024xdecode_512_ops_trace.csv,decode,7,383,22,PIM0,pim,6,"LN:-1,V:0,SV:0,O:1,FFN_W1:0,FFN_W2:1",0.00030375334808496746,3.709e-05,pim|decode|7|731d391a82ee0cb7f0755396c849b1dc,7,sample_step,0.019440214277437917,0.00237376,-0.00026666334808496747,0.12210564997500864,-0.017066454277437918,0.12210564997500864
ianus_prefill-1024xdecode_512_ops_trace.csv,decode,7,383,22,GPU0,npu,14,"Q:0,K:0,Q:1,K:1,QK:0,QK:1,Softmax:0,Softmax:1,O:0,Add:-1,FFN_W3:0,FFN_W3:1,SwiGLU:0,Add:-1",0.00020890406850071486,0.00028323841094970704,npu|decode|7|671eabfb3c980b3de830460630434eeb,7,sample_step,0.01336986038404575,0.01812725830078125,7.433434244899219e-05,1.355830037119348,0.0047573979167355,1.355830037119348
ianus_prefill-1024xdecode_512_ops_trace.csv,decode,7,383,22,PIM1,pim,6,"V:1,SV:1,LN:-1,FFN_W1:1,SwiGLU:1,FFN_W2:0",0.00027432767376822653,3.3531e-05,pim|decode|7|016e8acce089f109420138ec5b8e8adb,7,sample_step,0.017556971121166498,0.002145984,-0.00024079667376822653,0.12222973912697416,-0.015410987121166498,0.12222973912697416
ianus_prefill-1024xdecode_512_ops_trace.csv,decode,7,383,23,PIM0,pim,6,"LN:-1,V:0,SV:0,O:1,FFN_W1:0,FFN_W2:1",0.00030375334808496746,3.709e-05,pim|decode|7|731d391a82ee0cb7f0755396c849b1dc,7,sample_step,0.019440214277437917,0.00237376,-0.00026666334808496747,0.12210564997500864,-0.017066454277437918,0.12210564997500864
ianus_prefill-1024xdecode_512_ops_trace.csv,decode,7,383,23,GPU0,npu,14,"Q:0,K:0,Q:1,K:1,QK:0,QK:1,Softmax:0,Softmax:1,O:0,Add:-1,FFN_W3:0,FFN_W3:1,SwiGLU:0,Add:-1",0.00020890406850071486,0.00028323841094970704,npu|decode|7|671eabfb3c980b3de830460630434eeb,7,sample_step,0.01336986038404575,0.01812725830078125,7.433434244899219e-05,1.355830037119348,0.0047573979167355,1.355830037119348
ianus_prefill-1024xdecode_512_ops_trace.csv,decode,7,383,23,PIM1,pim,6,"V:1,SV:1,LN:-1,FFN_W1:1,SwiGLU:1,FFN_W2:0",0.00027432767376822653,3.3531e-05,pim|decode|7|016e8acce089f109420138ec5b8e8adb,7,sample_step,0.017556971121166498,0.002145984,-0.00024079667376822653,0.12222973912697416,-0.015410987121166498,0.12222973912697416
ianus_prefill-1024xdecode_512_ops_trace.csv,decode,7,383,24,PIM0,pim,6,"LN:-1,V:0,SV:0,O:1,FFN_W1:0,FFN_W2:1",0.00030375334808496746,3.709e-05,pim|decode|7|731d391a82ee0cb7f0755396c849b1dc,7,sample_step,0.019440214277437917,0.00237376,-0.00026666334808496747,0.12210564997500864,-0.017066454277437918,0.12210564997500864
ianus_prefill-1024xdecode_512_ops_trace.csv,decode,7,383,24,GPU0,npu,14,"Q:0,K:0,Q:1,K:1,QK:0,QK:1,Softmax:0,Softmax:1,O:0,Add:-1,FFN_W3:0,FFN_W3:1,SwiGLU:0,Add:-1",0.00020890406850071486,0.00028323841094970704,npu|decode|7|671eabfb3c980b3de830460630434eeb,7,sample_step,0.01336986038404575,0.01812725830078125,7.433434244899219e-05,1.355830037119348,0.0047573979167355,1.355830037119348
ianus_prefill-1024xdecode_512_ops_trace.csv,decode,7,383,24,PIM1,pim,6,"V:1,SV:1,LN:-1,FFN_W1:1,SwiGLU:1,FFN_W2:0",0.00027432767376822653,3.3531e-05,pim|decode|7|016e8acce089f109420138ec5b8e8adb,7,sample_step,0.017556971121166498,0.002145984,-0.00024079667376822653,0.12222973912697416,-0.015410987121166498,0.12222973912697416
ianus_prefill-1024xdecode_512_ops_trace.csv,decode,7,383,25,PIM0,pim,6,"LN:-1,V:0,SV:0,O:1,FFN_W1:0,FFN_W2:1",0.00030375334808496746,3.709e-05,pim|decode|7|731d391a82ee0cb7f0755396c849b1dc,7,sample_step,0.019440214277437917,0.00237376,-0.00026666334808496747,0.12210564997500864,-0.017066454277437918,0.12210564997500864
ianus_prefill-1024xdecode_512_ops_trace.csv,decode,7,383,25,GPU0,npu,14,"Q:0,K:0,Q:1,K:1,QK:0,QK:1,Softmax:0,Softmax:1,O:0,Add:-1,FFN_W3:0,FFN_W3:1,SwiGLU:0,Add:-1",0.00020890406850071486,0.00028323841094970704,npu|decode|7|671eabfb3c980b3de830460630434eeb,7,sample_step,0.01336986038404575,0.01812725830078125,7.433434244899219e-05,1.355830037119348,0.0047573979167355,1.355830037119348
ianus_prefill-1024xdecode_512_ops_trace.csv,decode,7,383,25,PIM1,pim,6,"V:1,SV:1,LN:-1,FFN_W1:1,SwiGLU:1,FFN_W2:0",0.00027432767376822653,3.3531e-05,pim|decode|7|016e8acce089f109420138ec5b8e8adb,7,sample_step,0.017556971121166498,0.002145984,-0.00024079667376822653,0.12222973912697416,-0.015410987121166498,0.12222973912697416
ianus_prefill-1024xdecode_512_ops_trace.csv,decode,7,383,26,PIM0,pim,6,"LN:-1,V:0,SV:0,O:1,FFN_W1:0,FFN_W2:1",0.00030375334808496746,3.709e-05,pim|decode|7|731d391a82ee0cb7f0755396c849b1dc,7,sample_step,0.019440214277437917,0.00237376,-0.00026666334808496747,0.12210564997500864,-0.017066454277437918,0.12210564997500864
ianus_prefill-1024xdecode_512_ops_trace.csv,decode,7,383,26,GPU0,npu,14,"Q:0,K:0,Q:1,K:1,QK:0,QK:1,Softmax:0,Softmax:1,O:0,Add:-1,FFN_W3:0,FFN_W3:1,SwiGLU:0,Add:-1",0.00020890406850071486,0.00028323841094970704,npu|decode|7|671eabfb3c980b3de830460630434eeb,7,sample_step,0.01336986038404575,0.01812725830078125,7.433434244899219e-05,1.355830037119348,0.0047573979167355,1.355830037119348
ianus_prefill-1024xdecode_512_ops_trace.csv,decode,7,383,26,PIM1,pim,6,"V:1,SV:1,LN:-1,FFN_W1:1,SwiGLU:1,FFN_W2:0",0.00027432767376822653,3.3531e-05,pim|decode|7|016e8acce089f109420138ec5b8e8adb,7,sample_step,0.017556971121166498,0.002145984,-0.00024079667376822653,0.12222973912697416,-0.015410987121166498,0.12222973912697416
ianus_prefill-1024xdecode_512_ops_trace.csv,decode,7,383,27,PIM0,pim,6,"LN:-1,V:0,SV:0,O:1,FFN_W1:0,FFN_W2:1",0.00030375334808496746,3.709e-05,pim|decode|7|731d391a82ee0cb7f0755396c849b1dc,7,sample_step,0.019440214277437917,0.00237376,-0.00026666334808496747,0.12210564997500864,-0.017066454277437918,0.12210564997500864
ianus_prefill-1024xdecode_512_ops_trace.csv,decode,7,383,27,GPU0,npu,14,"Q:0,K:0,Q:1,K:1,QK:0,QK:1,Softmax:0,Softmax:1,O:0,Add:-1,FFN_W3:0,FFN_W3:1,SwiGLU:0,Add:-1",0.00020890406850071486,0.00028323841094970704,npu|decode|7|671eabfb3c980b3de830460630434eeb,7,sample_step,0.01336986038404575,0.01812725830078125,7.433434244899219e-05,1.355830037119348,0.0047573979167355,1.355830037119348
ianus_prefill-1024xdecode_512_ops_trace.csv,decode,7,383,27,PIM1,pim,6,"V:1,SV:1,LN:-1,FFN_W1:1,SwiGLU:1,FFN_W2:0",0.00027432767376822653,3.3531e-05,pim|decode|7|016e8acce089f109420138ec5b8e8adb,7,sample_step,0.017556971121166498,0.002145984,-0.00024079667376822653,0.12222973912697416,-0.015410987121166498,0.12222973912697416
ianus_prefill-1024xdecode_512_ops_trace.csv,decode,7,383,28,PIM0,pim,6,"LN:-1,V:0,SV:0,O:1,FFN_W1:0,FFN_W2:1",0.00030375334808496746,3.709e-05,pim|decode|7|731d391a82ee0cb7f0755396c849b1dc,7,sample_step,0.019440214277437917,0.00237376,-0.00026666334808496747,0.12210564997500864,-0.017066454277437918,0.12210564997500864
ianus_prefill-1024xdecode_512_ops_trace.csv,decode,7,383,28,GPU0,npu,14,"Q:0,K:0,Q:1,K:1,QK:0,QK:1,Softmax:0,Softmax:1,O:0,Add:-1,FFN_W3:0,FFN_W3:1,SwiGLU:0,Add:-1",0.00020890406850071486,0.00028323841094970704,npu|decode|7|671eabfb3c980b3de830460630434eeb,7,sample_step,0.01336986038404575,0.01812725830078125,7.433434244899219e-05,1.355830037119348,0.0047573979167355,1.355830037119348
ianus_prefill-1024xdecode_512_ops_trace.csv,decode,7,383,28,PIM1,pim,6,"V:1,SV:1,LN:-1,FFN_W1:1,SwiGLU:1,FFN_W2:0",0.00027432767376822653,3.3531e-05,pim|decode|7|016e8acce089f109420138ec5b8e8adb,7,sample_step,0.017556971121166498,0.002145984,-0.00024079667376822653,0.12222973912697416,-0.015410987121166498,0.12222973912697416
ianus_prefill-1024xdecode_512_ops_trace.csv,decode,7,383,29,PIM0,pim,6,"LN:-1,V:0,SV:0,O:1,FFN_W1:0,FFN_W2:1",0.00030375334808496746,3.709e-05,pim|decode|7|731d391a82ee0cb7f0755396c849b1dc,7,sample_step,0.019440214277437917,0.00237376,-0.00026666334808496747,0.12210564997500864,-0.017066454277437918,0.12210564997500864
ianus_prefill-1024xdecode_512_ops_trace.csv,decode,7,383,29,GPU0,npu,14,"Q:0,K:0,Q:1,K:1,QK:0,QK:1,Softmax:0,Softmax:1,O:0,Add:-1,FFN_W3:0,FFN_W3:1,SwiGLU:0,Add:-1",0.00020890406850071486,0.00028323841094970704,npu|decode|7|671eabfb3c980b3de830460630434eeb,7,sample_step,0.01336986038404575,0.01812725830078125,7.433434244899219e-05,1.355830037119348,0.0047573979167355,1.355830037119348
ianus_prefill-1024xdecode_512_ops_trace.csv,decode,7,383,29,PIM1,pim,6,"V:1,SV:1,LN:-1,FFN_W1:1,SwiGLU:1,FFN_W2:0",0.00027432767376822653,3.3531e-05,pim|decode|7|016e8acce089f109420138ec5b8e8adb,7,sample_step,0.017556971121166498,0.002145984,-0.00024079667376822653,0.12222973912697416,-0.015410987121166498,0.12222973912697416
ianus_prefill-1024xdecode_512_ops_trace.csv,decode,7,383,30,PIM0,pim,6,"LN:-1,V:0,SV:0,O:1,FFN_W1:0,FFN_W2:1",0.00030375334808496746,3.709e-05,pim|decode|7|731d391a82ee0cb7f0755396c849b1dc,7,sample_step,0.019440214277437917,0.00237376,-0.00026666334808496747,0.12210564997500864,-0.017066454277437918,0.12210564997500864
ianus_prefill-1024xdecode_512_ops_trace.csv,decode,7,383,30,GPU0,npu,14,"Q:0,K:0,Q:1,K:1,QK:0,QK:1,Softmax:0,Softmax:1,O:0,Add:-1,FFN_W3:0,FFN_W3:1,SwiGLU:0,Add:-1",0.00020890406850071486,0.00028323841094970704,npu|decode|7|671eabfb3c980b3de830460630434eeb,7,sample_step,0.01336986038404575,0.01812725830078125,7.433434244899219e-05,1.355830037119348,0.0047573979167355,1.355830037119348
ianus_prefill-1024xdecode_512_ops_trace.csv,decode,7,383,30,PIM1,pim,6,"V:1,SV:1,LN:-1,FFN_W1:1,SwiGLU:1,FFN_W2:0",0.00027432767376822653,3.3531e-05,pim|decode|7|016e8acce089f109420138ec5b8e8adb,7,sample_step,0.017556971121166498,0.002145984,-0.00024079667376822653,0.12222973912697416,-0.015410987121166498,0.12222973912697416
ianus_prefill-1024xdecode_512_ops_trace.csv,decode,7,383,31,PIM0,pim,6,"LN:-1,V:0,SV:0,O:1,FFN_W1:0,FFN_W2:1",0.00030375334808496746,3.709e-05,pim|decode|7|731d391a82ee0cb7f0755396c849b1dc,7,sample_step,0.019440214277437917,0.00237376,-0.00026666334808496747,0.12210564997500864,-0.017066454277437918,0.12210564997500864
ianus_prefill-1024xdecode_512_ops_trace.csv,decode,7,383,31,GPU0,npu,14,"Q:0,K:0,Q:1,K:1,QK:0,QK:1,Softmax:0,Softmax:1,O:0,Add:-1,FFN_W3:0,FFN_W3:1,SwiGLU:0,Add:-1",0.00020890406850071486,0.00028323841094970704,npu|decode|7|671eabfb3c980b3de830460630434eeb,7,sample_step,0.01336986038404575,0.01812725830078125,7.433434244899219e-05,1.355830037119348,0.0047573979167355,1.355830037119348
ianus_prefill-1024xdecode_512_ops_trace.csv,decode,7,383,31,PIM1,pim,6,"V:1,SV:1,LN:-1,FFN_W1:1,SwiGLU:1,FFN_W2:0",0.00027432767376822653,3.3531e-05,pim|decode|7|016e8acce089f109420138ec5b8e8adb,7,sample_step,0.017556971121166498,0.002145984,-0.00024079667376822653,0.12222973912697416,-0.015410987121166498,0.12222973912697416
ianus_prefill-1024xdecode_512_ops_trace.csv,decode,8,447,0,GPU0,npu,15,"LN:-1,Q:0,K:0,Q:1,K:1,QK:0,QK:1,Softmax:0,Softmax:1,O:0,Add:-1,FFN_W3:0,FFN_W3:1,SwiGLU:0,Add:-1",0.00024427708367014134,0.00031539199352264403,npu|decode|8|2a5538c8f9df4db4add3d84eaac8c78a,8,sample_step,0.015633733354889046,0.020185087585449218,7.111490985250269e-05,1.2911239514736161,0.004551354230560172,1.2911239514736161
ianus_prefill-1024xdecode_512_ops_trace.csv,decode,8,447,0,PIM0,pim,5,"V:0,SV:0,O:1,FFN_W1:0,FFN_W2:1",0.000293817348083536,3.5848e-05,pim|decode|8|ebea3d96ba5f955b87a93b12b17bba6f,8,sample_step,0.018804310277346303,0.002294272,-0.000257969348083536,0.12200777195023882,-0.016510038277346303,0.12200777195023882
ianus_prefill-1024xdecode_512_ops_trace.csv,decode,8,447,0,PIM1,pim,6,"V:1,SV:1,LN:-1,FFN_W1:1,SwiGLU:1,FFN_W2:0",0.000274903673766147,3.3602999999999997e-05,pim|decode|8|016e8acce089f109420138ec5b8e8adb,8,sample_step,0.017593835121033408,0.0021505919999999998,-0.000241300673766147,0.12223554359839202,-0.015443243121033408,0.12223554359839202
ianus_prefill-1024xdecode_512_ops_trace.csv,decode,8,447,1,PIM0,pim,6,"LN:-1,V:0,SV:0,O:1,FFN_W1:0,FFN_W2:1",0.0003043293480828879,3.7162e-05,pim|decode|8|731d391a82ee0cb7f0755396c849b1dc,8,sample_step,0.019477078277304827,0.002378368,-0.00026716734808288794,0.12211112807259872,-0.017098710277304828,0.12211112807259872
ianus_prefill-1024xdecode_512_ops_trace.csv,decode,8,447,1,GPU0,npu,14,"Q:0,K:0,Q:1,K:1,QK:0,QK:1,Softmax:0,Softmax:1,O:0,Add:-1,FFN_W3:0,FFN_W3:1,SwiGLU:0,Add:-1",0.0002089674790255458,0.0002843647956848144,npu|decode|8|671eabfb3c980b3de830460630434eeb,8,sample_step,0.013373918657634931,0.018199346923828123,7.539731665926863e-05,1.360808854137784,0.004825428266193192,1.360808854137784
ianus_prefill-1024xdecode_512_ops_trace.csv,decode,8,447,1,PIM1,pim,6,"V:1,SV:1,LN:-1,FFN_W1:1,SwiGLU:1,FFN_W2:0",0.000274903673766147,3.3602999999999997e-05,pim|decode|8|016e8acce089f109420138ec5b8e8adb,8,sample_step,0.017593835121033408,0.0021505919999999998,-0.000241300673766147,0.12223554359839202,-0.015443243121033408,0.12223554359839202
ianus_prefill-1024xdecode_512_ops_trace.csv,decode,8,447,2,PIM0,pim,6,"LN:-1,V:0,SV:0,O:1,FFN_W1:0,FFN_W2:1",0.0003043293480828879,3.7162e-05,pim|decode|8|731d391a82ee0cb7f0755396c849b1dc,8,sample_step,0.019477078277304827,0.002378368,-0.00026716734808288794,0.12211112807259872,-0.017098710277304828,0.12211112807259872
ianus_prefill-1024xdecode_512_ops_trace.csv,decode,8,447,2,GPU0,npu,14,"Q:0,K:0,Q:1,K:1,QK:0,QK:1,Softmax:0,Softmax:1,O:0,Add:-1,FFN_W3:0,FFN_W3:1,SwiGLU:0,Add:-1",0.0002089674790255458,0.0002843647956848144,npu|decode|8|671eabfb3c980b3de830460630434eeb,8,sample_step,0.013373918657634931,0.018199346923828123,7.539731665926863e-05,1.360808854137784,0.004825428266193192,1.360808854137784
ianus_prefill-1024xdecode_512_ops_trace.csv,decode,8,447,2,PIM1,pim,6,"V:1,SV:1,LN:-1,FFN_W1:1,SwiGLU:1,FFN_W2:0",0.000274903673766147,3.3602999999999997e-05,pim|decode|8|016e8acce089f109420138ec5b8e8adb,8,sample_step,0.017593835121033408,0.0021505919999999998,-0.000241300673766147,0.12223554359839202,-0.015443243121033408,0.12223554359839202
ianus_prefill-1024xdecode_512_ops_trace.csv,decode,8,447,3,PIM0,pim,6,"LN:-1,V:0,SV:0,O:1,FFN_W1:0,FFN_W2:1",0.0003043293480828879,3.7162e-05,pim|decode|8|731d391a82ee0cb7f0755396c849b1dc,8,sample_step,0.019477078277304827,0.002378368,-0.00026716734808288794,0.12211112807259872,-0.017098710277304828,0.12211112807259872
ianus_prefill-1024xdecode_512_ops_trace.csv,decode,8,447,3,GPU0,npu,14,"Q:0,K:0,Q:1,K:1,QK:0,QK:1,Softmax:0,Softmax:1,O:0,Add:-1,FFN_W3:0,FFN_W3:1,SwiGLU:0,Add:-1",0.0002089674790255458,0.0002843647956848144,npu|decode|8|671eabfb3c980b3de830460630434eeb,8,sample_step,0.013373918657634931,0.018199346923828123,7.539731665926863e-05,1.360808854137784,0.004825428266193192,1.360808854137784
ianus_prefill-1024xdecode_512_ops_trace.csv,decode,8,447,3,PIM1,pim,6,"V:1,SV:1,LN:-1,FFN_W1:1,SwiGLU:1,FFN_W2:0",0.000274903673766147,3.3602999999999997e-05,pim|decode|8|016e8acce089f109420138ec5b8e8adb,8,sample_step,0.017593835121033408,0.0021505919999999998,-0.000241300673766147,0.12223554359839202,-0.015443243121033408,0.12223554359839202
ianus_prefill-1024xdecode_512_ops_trace.csv,decode,8,447,4,PIM0,pim,6,"LN:-1,V:0,SV:0,O:1,FFN_W1:0,FFN_W2:1",0.0003043293480828879,3.7162e-05,pim|decode|8|731d391a82ee0cb7f0755396c849b1dc,8,sample_step,0.019477078277304827,0.002378368,-0.00026716734808288794,0.12211112807259872,-0.017098710277304828,0.12211112807259872
ianus_prefill-1024xdecode_512_ops_trace.csv,decode,8,447,4,GPU0,npu,14,"Q:0,K:0,Q:1,K:1,QK:0,QK:1,Softmax:0,Softmax:1,O:0,Add:-1,FFN_W3:0,FFN_W3:1,SwiGLU:0,Add:-1",0.0002089674790255458,0.0002843647956848144,npu|decode|8|671eabfb3c980b3de830460630434eeb,8,sample_step,0.013373918657634931,0.018199346923828123,7.539731665926863e-05,1.360808854137784,0.004825428266193192,1.360808854137784
ianus_prefill-1024xdecode_512_ops_trace.csv,decode,8,447,4,PIM1,pim,6,"V:1,SV:1,LN:-1,FFN_W1:1,SwiGLU:1,FFN_W2:0",0.000274903673766147,3.3602999999999997e-05,pim|decode|8|016e8acce089f109420138ec5b8e8adb,8,sample_step,0.017593835121033408,0.0021505919999999998,-0.000241300673766147,0.12223554359839202,-0.015443243121033408,0.12223554359839202
ianus_prefill-1024xdecode_512_ops_trace.csv,decode,8,447,5,PIM0,pim,6,"LN:-1,V:0,SV:0,O:1,FFN_W1:0,FFN_W2:1",0.0003043293480828879,3.7162e-05,pim|decode|8|731d391a82ee0cb7f0755396c849b1dc,8,sample_step,0.019477078277304827,0.002378368,-0.00026716734808288794,0.12211112807259872,-0.017098710277304828,0.12211112807259872
ianus_prefill-1024xdecode_512_ops_trace.csv,decode,8,447,5,GPU0,npu,14,"Q:0,K:0,Q:1,K:1,QK:0,QK:1,Softmax:0,Softmax:1,O:0,Add:-1,FFN_W3:0,FFN_W3:1,SwiGLU:0,Add:-1",0.0002089674790255458,0.0002843647956848144,npu|decode|8|671eabfb3c980b3de830460630434eeb,8,sample_step,0.013373918657634931,0.018199346923828123,7.539731665926863e-05,1.360808854137784,0.004825428266193192,1.360808854137784
ianus_prefill-1024xdecode_512_ops_trace.csv,decode,8,447,5,PIM1,pim,6,"V:1,SV:1,LN:-1,FFN_W1:1,SwiGLU:1,FFN_W2:0",0.000274903673766147,3.3602999999999997e-05,pim|decode|8|016e8acce089f109420138ec5b8e8adb,8,sample_step,0.017593835121033408,0.0021505919999999998,-0.000241300673766147,0.12223554359839202,-0.015443243121033408,0.12223554359839202
ianus_prefill-1024xdecode_512_ops_trace.csv,decode,8,447,6,PIM0,pim,6,"LN:-1,V:0,SV:0,O:1,FFN_W1:0,FFN_W2:1",0.0003043293480828879,3.7162e-05,pim|decode|8|731d391a82ee0cb7f0755396c849b1dc,8,sample_step,0.019477078277304827,0.002378368,-0.00026716734808288794,0.12211112807259872,-0.017098710277304828,0.12211112807259872
ianus_prefill-1024xdecode_512_ops_trace.csv,decode,8,447,6,GPU0,npu,14,"Q:0,K:0,Q:1,K:1,QK:0,QK:1,Softmax:0,Softmax:1,O:0,Add:-1,FFN_W3:0,FFN_W3:1,SwiGLU:0,Add:-1",0.0002089674790255458,0.0002843647956848144,npu|decode|8|671eabfb3c980b3de830460630434eeb,8,sample_step,0.013373918657634931,0.018199346923828123,7.539731665926863e-05,1.360808854137784,0.004825428266193192,1.360808854137784
ianus_prefill-1024xdecode_512_ops_trace.csv,decode,8,447,6,PIM1,pim,6,"V:1,SV:1,LN:-1,FFN_W1:1,SwiGLU:1,FFN_W2:0",0.000274903673766147,3.3602999999999997e-05,pim|decode|8|016e8acce089f109420138ec5b8e8adb,8,sample_step,0.017593835121033408,0.0021505919999999998,-0.000241300673766147,0.12223554359839202,-0.015443243121033408,0.12223554359839202
ianus_prefill-1024xdecode_512_ops_trace.csv,decode,8,447,7,PIM0,pim,6,"LN:-1,V:0,SV:0,O:1,FFN_W1:0,FFN_W2:1",0.0003043293480828879,3.7162e-05,pim|decode|8|731d391a82ee0cb7f0755396c849b1dc,8,sample_step,0.019477078277304827,0.002378368,-0.00026716734808288794,0.12211112807259872,-0.017098710277304828,0.12211112807259872
ianus_prefill-1024xdecode_512_ops_trace.csv,decode,8,447,7,GPU0,npu,14,"Q:0,K:0,Q:1,K:1,QK:0,QK:1,Softmax:0,Softmax:1,O:0,Add:-1,FFN_W3:0,FFN_W3:1,SwiGLU:0,Add:-1",0.0002089674790255458,0.0002843647956848144,npu|decode|8|671eabfb3c980b3de830460630434eeb,8,sample_step,0.013373918657634931,0.018199346923828123,7.539731665926863e-05,1.360808854137784,0.004825428266193192,1.360808854137784
ianus_prefill-1024xdecode_512_ops_trace.csv,decode,8,447,7,PIM1,pim,6,"V:1,SV:1,LN:-1,FFN_W1:1,SwiGLU:1,FFN_W2:0",0.000274903673766147,3.3602999999999997e-05,pim|decode|8|016e8acce089f109420138ec5b8e8adb,8,sample_step,0.017593835121033408,0.0021505919999999998,-0.000241300673766147,0.12223554359839202,-0.015443243121033408,0.12223554359839202
ianus_prefill-1024xdecode_512_ops_trace.csv,decode,8,447,8,PIM0,pim,6,"LN:-1,V:0,SV:0,O:1,FFN_W1:0,FFN_W2:1",0.0003043293480828879,3.7162e-05,pim|decode|8|731d391a82ee0cb7f0755396c849b1dc,8,sample_step,0.019477078277304827,0.002378368,-0.00026716734808288794,0.12211112807259872,-0.017098710277304828,0.12211112807259872
ianus_prefill-1024xdecode_512_ops_trace.csv,decode,8,447,8,GPU0,npu,14,"Q:0,K:0,Q:1,K:1,QK:0,QK:1,Softmax:0,Softmax:1,O:0,Add:-1,FFN_W3:0,FFN_W3:1,SwiGLU:0,Add:-1",0.0002089674790255458,0.0002843647956848144,npu|decode|8|671eabfb3c980b3de830460630434eeb,8,sample_step,0.013373918657634931,0.018199346923828123,7.539731665926863e-05,1.360808854137784,0.004825428266193192,1.360808854137784
ianus_prefill-1024xdecode_512_ops_trace.csv,decode,8,447,8,PIM1,pim,6,"V:1,SV:1,LN:-1,FFN_W1:1,SwiGLU:1,FFN_W2:0",0.000274903673766147,3.3602999999999997e-05,pim|decode|8|016e8acce089f109420138ec5b8e8adb,8,sample_step,0.017593835121033408,0.0021505919999999998,-0.000241300673766147,0.12223554359839202,-0.015443243121033408,0.12223554359839202
ianus_prefill-1024xdecode_512_ops_trace.csv,decode,8,447,9,PIM0,pim,6,"LN:-1,V:0,SV:0,O:1,FFN_W1:0,FFN_W2:1",0.0003043293480828879,3.7162e-05,pim|decode|8|731d391a82ee0cb7f0755396c849b1dc,8,sample_step,0.019477078277304827,0.002378368,-0.00026716734808288794,0.12211112807259872,-0.017098710277304828,0.12211112807259872
ianus_prefill-1024xdecode_512_ops_trace.csv,decode,8,447,9,GPU0,npu,14,"Q:0,K:0,Q:1,K:1,QK:0,QK:1,Softmax:0,Softmax:1,O:0,Add:-1,FFN_W3:0,FFN_W3:1,SwiGLU:0,Add:-1",0.0002089674790255458,0.0002843647956848144,npu|decode|8|671eabfb3c980b3de830460630434eeb,8,sample_step,0.013373918657634931,0.018199346923828123,7.539731665926863e-05,1.360808854137784,0.004825428266193192,1.360808854137784
ianus_prefill-1024xdecode_512_ops_trace.csv,decode,8,447,9,PIM1,pim,6,"V:1,SV:1,LN:-1,FFN_W1:1,SwiGLU:1,FFN_W2:0",0.000274903673766147,3.3602999999999997e-05,pim|decode|8|016e8acce089f109420138ec5b8e8adb,8,sample_step,0.017593835121033408,0.0021505919999999998,-0.000241300673766147,0.12223554359839202,-0.015443243121033408,0.12223554359839202
ianus_prefill-1024xdecode_512_ops_trace.csv,decode,8,447,10,PIM0,pim,6,"LN:-1,V:0,SV:0,O:1,FFN_W1:0,FFN_W2:1",0.0003043293480828879,3.7162e-05,pim|decode|8|731d391a82ee0cb7f0755396c849b1dc,8,sample_step,0.019477078277304827,0.002378368,-0.00026716734808288794,0.12211112807259872,-0.017098710277304828,0.12211112807259872
ianus_prefill-1024xdecode_512_ops_trace.csv,decode,8,447,10,GPU0,npu,14,"Q:0,K:0,Q:1,K:1,QK:0,QK:1,Softmax:0,Softmax:1,O:0,Add:-1,FFN_W3:0,FFN_W3:1,SwiGLU:0,Add:-1",0.0002089674790255458,0.0002843647956848144,npu|decode|8|671eabfb3c980b3de830460630434eeb,8,sample_step,0.013373918657634931,0.018199346923828123,7.539731665926863e-05,1.360808854137784,0.004825428266193192,1.360808854137784
ianus_prefill-1024xdecode_512_ops_trace.csv,decode,8,447,10,PIM1,pim,6,"V:1,SV:1,LN:-1,FFN_W1:1,SwiGLU:1,FFN_W2:0",0.000274903673766147,3.3602999999999997e-05,pim|decode|8|016e8acce089f109420138ec5b8e8adb,8,sample_step,0.017593835121033408,0.0021505919999999998,-0.000241300673766147,0.12223554359839202,-0.015443243121033408,0.12223554359839202
ianus_prefill-1024xdecode_512_ops_trace.csv,decode,8,447,11,PIM0,pim,6,"LN:-1,V:0,SV:0,O:1,FFN_W1:0,FFN_W2:1",0.0003043293480828879,3.7162e-05,pim|decode|8|731d391a82ee0cb7f0755396c849b1dc,8,sample_step,0.019477078277304827,0.002378368,-0.00026716734808288794,0.12211112807259872,-0.017098710277304828,0.12211112807259872
ianus_prefill-1024xdecode_512_ops_trace.csv,decode,8,447,11,GPU0,npu,14,"Q:0,K:0,Q:1,K:1,QK:0,QK:1,Softmax:0,Softmax:1,O:0,Add:-1,FFN_W3:0,FFN_W3:1,SwiGLU:0,Add:-1",0.0002089674790255458,0.0002843647956848144,npu|decode|8|671eabfb3c980b3de830460630434eeb,8,sample_step,0.013373918657634931,0.018199346923828123,7.539731665926863e-05,1.360808854137784,0.004825428266193192,1.360808854137784
ianus_prefill-1024xdecode_512_ops_trace.csv,decode,8,447,11,PIM1,pim,6,"V:1,SV:1,LN:-1,FFN_W1:1,SwiGLU:1,FFN_W2:0",0.000274903673766147,3.3602999999999997e-05,pim|decode|8|016e8acce089f109420138ec5b8e8adb,8,sample_step,0.017593835121033408,0.0021505919999999998,-0.000241300673766147,0.12223554359839202,-0.015443243121033408,0.12223554359839202
ianus_prefill-1024xdecode_512_ops_trace.csv,decode,8,447,12,PIM0,pim,6,"LN:-1,V:0,SV:0,O:1,FFN_W1:0,FFN_W2:1",0.0003043293480828879,3.7162e-05,pim|decode|8|731d391a82ee0cb7f0755396c849b1dc,8,sample_step,0.019477078277304827,0.002378368,-0.00026716734808288794,0.12211112807259872,-0.017098710277304828,0.12211112807259872
ianus_prefill-1024xdecode_512_ops_trace.csv,decode,8,447,12,GPU0,npu,14,"Q:0,K:0,Q:1,K:1,QK:0,QK:1,Softmax:0,Softmax:1,O:0,Add:-1,FFN_W3:0,FFN_W3:1,SwiGLU:0,Add:-1",0.0002089674790255458,0.0002843647956848144,npu|decode|8|671eabfb3c980b3de830460630434eeb,8,sample_step,0.013373918657634931,0.018199346923828123,7.539731665926863e-05,1.360808854137784,0.004825428266193192,1.360808854137784
ianus_prefill-1024xdecode_512_ops_trace.csv,decode,8,447,12,PIM1,pim,6,"V:1,SV:1,LN:-1,FFN_W1:1,SwiGLU:1,FFN_W2:0",0.000274903673766147,3.3602999999999997e-05,pim|decode|8|016e8acce089f109420138ec5b8e8adb,8,sample_step,0.017593835121033408,0.0021505919999999998,-0.000241300673766147,0.12223554359839202,-0.015443243121033408,0.12223554359839202
ianus_prefill-1024xdecode_512_ops_trace.csv,decode,8,447,13,PIM0,pim,6,"LN:-1,V:0,SV:0,O:1,FFN_W1:0,FFN_W2:1",0.0003043293480828879,3.7162e-05,pim|decode|8|731d391a82ee0cb7f0755396c849b1dc,8,sample_step,0.019477078277304827,0.002378368,-0.00026716734808288794,0.12211112807259872,-0.017098710277304828,0.12211112807259872
ianus_prefill-1024xdecode_512_ops_trace.csv,decode,8,447,13,GPU0,npu,14,"Q:0,K:0,Q:1,K:1,QK:0,QK:1,Softmax:0,Softmax:1,O:0,Add:-1,FFN_W3:0,FFN_W3:1,SwiGLU:0,Add:-1",0.0002089674790255458,0.0002843647956848144,npu|decode|8|671eabfb3c980b3de830460630434eeb,8,sample_step,0.013373918657634931,0.018199346923828123,7.539731665926863e-05,1.360808854137784,0.004825428266193192,1.360808854137784
ianus_prefill-1024xdecode_512_ops_trace.csv,decode,8,447,13,PIM1,pim,6,"V:1,SV:1,LN:-1,FFN_W1:1,SwiGLU:1,FFN_W2:0",0.000274903673766147,3.3602999999999997e-05,pim|decode|8|016e8acce089f109420138ec5b8e8adb,8,sample_step,0.017593835121033408,0.0021505919999999998,-0.000241300673766147,0.12223554359839202,-0.015443243121033408,0.12223554359839202
ianus_prefill-1024xdecode_512_ops_trace.csv,decode,8,447,14,PIM0,pim,6,"LN:-1,V:0,SV:0,O:1,FFN_W1:0,FFN_W2:1",0.0003043293480828879,3.7162e-05,pim|decode|8|731d391a82ee0cb7f0755396c849b1dc,8,sample_step,0.019477078277304827,0.002378368,-0.00026716734808288794,0.12211112807259872,-0.017098710277304828,0.12211112807259872
ianus_prefill-1024xdecode_512_ops_trace.csv,decode,8,447,14,GPU0,npu,14,"Q:0,K:0,Q:1,K:1,QK:0,QK:1,Softmax:0,Softmax:1,O:0,Add:-1,FFN_W3:0,FFN_W3:1,SwiGLU:0,Add:-1",0.0002089674790255458,0.0002843647956848144,npu|decode|8|671eabfb3c980b3de830460630434eeb,8,sample_step,0.013373918657634931,0.018199346923828123,7.539731665926863e-05,1.360808854137784,0.004825428266193192,1.360808854137784
ianus_prefill-1024xdecode_512_ops_trace.csv,decode,8,447,14,PIM1,pim,6,"V:1,SV:1,LN:-1,FFN_W1:1,SwiGLU:1,FFN_W2:0",0.000274903673766147,3.3602999999999997e-05,pim|decode|8|016e8acce089f109420138ec5b8e8adb,8,sample_step,0.017593835121033408,0.0021505919999999998,-0.000241300673766147,0.12223554359839202,-0.015443243121033408,0.12223554359839202
ianus_prefill-1024xdecode_512_ops_trace.csv,decode,8,447,15,PIM0,pim,6,"LN:-1,V:0,SV:0,O:1,FFN_W1:0,FFN_W2:1",0.0003043293480828879,3.7162e-05,pim|decode|8|731d391a82ee0cb7f0755396c849b1dc,8,sample_step,0.019477078277304827,0.002378368,-0.00026716734808288794,0.12211112807259872,-0.017098710277304828,0.12211112807259872
ianus_prefill-1024xdecode_512_ops_trace.csv,decode,8,447,15,GPU0,npu,14,"Q:0,K:0,Q:1,K:1,QK:0,QK:1,Softmax:0,Softmax:1,O:0,Add:-1,FFN_W3:0,FFN_W3:1,SwiGLU:0,Add:-1",0.0002089674790255458,0.0002843647956848144,npu|decode|8|671eabfb3c980b3de830460630434eeb,8,sample_step,0.013373918657634931,0.018199346923828123,7.539731665926863e-05,1.360808854137784,0.004825428266193192,1.360808854137784
ianus_prefill-1024xdecode_512_ops_trace.csv,decode,8,447,15,PIM1,pim,6,"V:1,SV:1,LN:-1,FFN_W1:1,SwiGLU:1,FFN_W2:0",0.000274903673766147,3.3602999999999997e-05,pim|decode|8|016e8acce089f109420138ec5b8e8adb,8,sample_step,0.017593835121033408,0.0021505919999999998,-0.000241300673766147,0.12223554359839202,-0.015443243121033408,0.12223554359839202
ianus_prefill-1024xdecode_512_ops_trace.csv,decode,8,447,16,PIM0,pim,6,"LN:-1,V:0,SV:0,O:1,FFN_W1:0,FFN_W2:1",0.0003043293480828879,3.7162e-05,pim|decode|8|731d391a82ee0cb7f0755396c849b1dc,8,sample_step,0.019477078277304827,0.002378368,-0.00026716734808288794,0.12211112807259872,-0.017098710277304828,0.12211112807259872
ianus_prefill-1024xdecode_512_ops_trace.csv,decode,8,447,16,GPU0,npu,14,"Q:0,K:0,Q:1,K:1,QK:0,QK:1,Softmax:0,Softmax:1,O:0,Add:-1,FFN_W3:0,FFN_W3:1,SwiGLU:0,Add:-1",0.0002089674790255458,0.0002843647956848144,npu|decode|8|671eabfb3c980b3de830460630434eeb,8,sample_step,0.013373918657634931,0.018199346923828123,7.539731665926863e-05,1.360808854137784,0.004825428266193192,1.360808854137784
ianus_prefill-1024xdecode_512_ops_trace.csv,decode,8,447,16,PIM1,pim,6,"V:1,SV:1,LN:-1,FFN_W1:1,SwiGLU:1,FFN_W2:0",0.000274903673766147,3.3602999999999997e-05,pim|decode|8|016e8acce089f109420138ec5b8e8adb,8,sample_step,0.017593835121033408,0.0021505919999999998,-0.000241300673766147,0.12223554359839202,-0.015443243121033408,0.12223554359839202
ianus_prefill-1024xdecode_512_ops_trace.csv,decode,8,447,17,PIM0,pim,6,"LN:-1,V:0,SV:0,O:1,FFN_W1:0,FFN_W2:1",0.0003043293480828879,3.7162e-05,pim|decode|8|731d391a82ee0cb7f0755396c849b1dc,8,sample_step,0.019477078277304827,0.002378368,-0.00026716734808288794,0.12211112807259872,-0.017098710277304828,0.12211112807259872
ianus_prefill-1024xdecode_512_ops_trace.csv,decode,8,447,17,GPU0,npu,14,"Q:0,K:0,Q:1,K:1,QK:0,QK:1,Softmax:0,Softmax:1,O:0,Add:-1,FFN_W3:0,FFN_W3:1,SwiGLU:0,Add:-1",0.0002089674790255458,0.0002843647956848144,npu|decode|8|671eabfb3c980b3de830460630434eeb,8,sample_step,0.013373918657634931,0.018199346923828123,7.539731665926863e-05,1.360808854137784,0.004825428266193192,1.360808854137784
ianus_prefill-1024xdecode_512_ops_trace.csv,decode,8,447,17,PIM1,pim,6,"V:1,SV:1,LN:-1,FFN_W1:1,SwiGLU:1,FFN_W2:0",0.000274903673766147,3.3602999999999997e-05,pim|decode|8|016e8acce089f109420138ec5b8e8adb,8,sample_step,0.017593835121033408,0.0021505919999999998,-0.000241300673766147,0.12223554359839202,-0.015443243121033408,0.12223554359839202
ianus_prefill-1024xdecode_512_ops_trace.csv,decode,8,447,18,PIM0,pim,6,"LN:-1,V:0,SV:0,O:1,FFN_W1:0,FFN_W2:1",0.0003043293480828879,3.7162e-05,pim|decode|8|731d391a82ee0cb7f0755396c849b1dc,8,sample_step,0.019477078277304827,0.002378368,-0.00026716734808288794,0.12211112807259872,-0.017098710277304828,0.12211112807259872
ianus_prefill-1024xdecode_512_ops_trace.csv,decode,8,447,18,GPU0,npu,14,"Q:0,K:0,Q:1,K:1,QK:0,QK:1,Softmax:0,Softmax:1,O:0,Add:-1,FFN_W3:0,FFN_W3:1,SwiGLU:0,Add:-1",0.0002089674790255458,0.0002843647956848144,npu|decode|8|671eabfb3c980b3de830460630434eeb,8,sample_step,0.013373918657634931,0.018199346923828123,7.539731665926863e-05,1.360808854137784,0.004825428266193192,1.360808854137784
ianus_prefill-1024xdecode_512_ops_trace.csv,decode,8,447,18,PIM1,pim,6,"V:1,SV:1,LN:-1,FFN_W1:1,SwiGLU:1,FFN_W2:0",0.000274903673766147,3.3602999999999997e-05,pim|decode|8|016e8acce089f109420138ec5b8e8adb,8,sample_step,0.017593835121033408,0.0021505919999999998,-0.000241300673766147,0.12223554359839202,-0.015443243121033408,0.12223554359839202
ianus_prefill-1024xdecode_512_ops_trace.csv,decode,8,447,19,PIM0,pim,6,"LN:-1,V:0,SV:0,O:1,FFN_W1:0,FFN_W2:1",0.0003043293480828879,3.7162e-05,pim|decode|8|731d391a82ee0cb7f0755396c849b1dc,8,sample_step,0.019477078277304827,0.002378368,-0.00026716734808288794,0.12211112807259872,-0.017098710277304828,0.12211112807259872
ianus_prefill-1024xdecode_512_ops_trace.csv,decode,8,447,19,GPU0,npu,14,"Q:0,K:0,Q:1,K:1,QK:0,QK:1,Softmax:0,Softmax:1,O:0,Add:-1,FFN_W3:0,FFN_W3:1,SwiGLU:0,Add:-1",0.0002089674790255458,0.0002843647956848144,npu|decode|8|671eabfb3c980b3de830460630434eeb,8,sample_step,0.013373918657634931,0.018199346923828123,7.539731665926863e-05,1.360808854137784,0.004825428266193192,1.360808854137784
ianus_prefill-1024xdecode_512_ops_trace.csv,decode,8,447,19,PIM1,pim,6,"V:1,SV:1,LN:-1,FFN_W1:1,SwiGLU:1,FFN_W2:0",0.000274903673766147,3.3602999999999997e-05,pim|decode|8|016e8acce089f109420138ec5b8e8adb,8,sample_step,0.017593835121033408,0.0021505919999999998,-0.000241300673766147,0.12223554359839202,-0.015443243121033408,0.12223554359839202
ianus_prefill-1024xdecode_512_ops_trace.csv,decode,8,447,20,PIM0,pim,6,"LN:-1,V:0,SV:0,O:1,FFN_W1:0,FFN_W2:1",0.0003043293480828879,3.7162e-05,pim|decode|8|731d391a82ee0cb7f0755396c849b1dc,8,sample_step,0.019477078277304827,0.002378368,-0.00026716734808288794,0.12211112807259872,-0.017098710277304828,0.12211112807259872
ianus_prefill-1024xdecode_512_ops_trace.csv,decode,8,447,20,GPU0,npu,14,"Q:0,K:0,Q:1,K:1,QK:0,QK:1,Softmax:0,Softmax:1,O:0,Add:-1,FFN_W3:0,FFN_W3:1,SwiGLU:0,Add:-1",0.0002089674790255458,0.0002843647956848144,npu|decode|8|671eabfb3c980b3de830460630434eeb,8,sample_step,0.013373918657634931,0.018199346923828123,7.539731665926863e-05,1.360808854137784,0.004825428266193192,1.360808854137784
ianus_prefill-1024xdecode_512_ops_trace.csv,decode,8,447,20,PIM1,pim,6,"V:1,SV:1,LN:-1,FFN_W1:1,SwiGLU:1,FFN_W2:0",0.000274903673766147,3.3602999999999997e-05,pim|decode|8|016e8acce089f109420138ec5b8e8adb,8,sample_step,0.017593835121033408,0.0021505919999999998,-0.000241300673766147,0.12223554359839202,-0.015443243121033408,0.12223554359839202
ianus_prefill-1024xdecode_512_ops_trace.csv,decode,8,447,21,PIM0,pim,6,"LN:-1,V:0,SV:0,O:1,FFN_W1:0,FFN_W2:1",0.0003043293480828879,3.7162e-05,pim|decode|8|731d391a82ee0cb7f0755396c849b1dc,8,sample_step,0.019477078277304827,0.002378368,-0.00026716734808288794,0.12211112807259872,-0.017098710277304828,0.12211112807259872
ianus_prefill-1024xdecode_512_ops_trace.csv,decode,8,447,21,GPU0,npu,14,"Q:0,K:0,Q:1,K:1,QK:0,QK:1,Softmax:0,Softmax:1,O:0,Add:-1,FFN_W3:0,FFN_W3:1,SwiGLU:0,Add:-1",0.0002089674790255458,0.0002843647956848144,npu|decode|8|671eabfb3c980b3de830460630434eeb,8,sample_step,0.013373918657634931,0.018199346923828123,7.539731665926863e-05,1.360808854137784,0.004825428266193192,1.360808854137784
ianus_prefill-1024xdecode_512_ops_trace.csv,decode,8,447,21,PIM1,pim,6,"V:1,SV:1,LN:-1,FFN_W1:1,SwiGLU:1,FFN_W2:0",0.000274903673766147,3.3602999999999997e-05,pim|decode|8|016e8acce089f109420138ec5b8e8adb,8,sample_step,0.017593835121033408,0.0021505919999999998,-0.000241300673766147,0.12223554359839202,-0.015443243121033408,0.12223554359839202
ianus_prefill-1024xdecode_512_ops_trace.csv,decode,8,447,22,PIM0,pim,6,"LN:-1,V:0,SV:0,O:1,FFN_W1:0,FFN_W2:1",0.0003043293480828879,3.7162e-05,pim|decode|8|731d391a82ee0cb7f0755396c849b1dc,8,sample_step,0.019477078277304827,0.002378368,-0.00026716734808288794,0.12211112807259872,-0.017098710277304828,0.12211112807259872
ianus_prefill-1024xdecode_512_ops_trace.csv,decode,8,447,22,GPU0,npu,14,"Q:0,K:0,Q:1,K:1,QK:0,QK:1,Softmax:0,Softmax:1,O:0,Add:-1,FFN_W3:0,FFN_W3:1,SwiGLU:0,Add:-1",0.0002089674790255458,0.0002843647956848144,npu|decode|8|671eabfb3c980b3de830460630434eeb,8,sample_step,0.013373918657634931,0.018199346923828123,7.539731665926863e-05,1.360808854137784,0.004825428266193192,1.360808854137784
ianus_prefill-1024xdecode_512_ops_trace.csv,decode,8,447,22,PIM1,pim,6,"V:1,SV:1,LN:-1,FFN_W1:1,SwiGLU:1,FFN_W2:0",0.000274903673766147,3.3602999999999997e-05,pim|decode|8|016e8acce089f109420138ec5b8e8adb,8,sample_step,0.017593835121033408,0.0021505919999999998,-0.000241300673766147,0.12223554359839202,-0.015443243121033408,0.12223554359839202
ianus_prefill-1024xdecode_512_ops_trace.csv,decode,8,447,23,PIM0,pim,6,"LN:-1,V:0,SV:0,O:1,FFN_W1:0,FFN_W2:1",0.0003043293480828879,3.7162e-05,pim|decode|8|731d391a82ee0cb7f0755396c849b1dc,8,sample_step,0.019477078277304827,0.002378368,-0.00026716734808288794,0.12211112807259872,-0.017098710277304828,0.12211112807259872
ianus_prefill-1024xdecode_512_ops_trace.csv,decode,8,447,23,GPU0,npu,14,"Q:0,K:0,Q:1,K:1,QK:0,QK:1,Softmax:0,Softmax:1,O:0,Add:-1,FFN_W3:0,FFN_W3:1,SwiGLU:0,Add:-1",0.0002089674790255458,0.0002843647956848144,npu|decode|8|671eabfb3c980b3de830460630434eeb,8,sample_step,0.013373918657634931,0.018199346923828123,7.539731665926863e-05,1.360808854137784,0.004825428266193192,1.360808854137784
ianus_prefill-1024xdecode_512_ops_trace.csv,decode,8,447,23,PIM1,pim,6,"V:1,SV:1,LN:-1,FFN_W1:1,SwiGLU:1,FFN_W2:0",0.000274903673766147,3.3602999999999997e-05,pim|decode|8|016e8acce089f109420138ec5b8e8adb,8,sample_step,0.017593835121033408,0.0021505919999999998,-0.000241300673766147,0.12223554359839202,-0.015443243121033408,0.12223554359839202
ianus_prefill-1024xdecode_512_ops_trace.csv,decode,8,447,24,PIM0,pim,6,"LN:-1,V:0,SV:0,O:1,FFN_W1:0,FFN_W2:1",0.0003043293480828879,3.7162e-05,pim|decode|8|731d391a82ee0cb7f0755396c849b1dc,8,sample_step,0.019477078277304827,0.002378368,-0.00026716734808288794,0.12211112807259872,-0.017098710277304828,0.12211112807259872
ianus_prefill-1024xdecode_512_ops_trace.csv,decode,8,447,24,GPU0,npu,14,"Q:0,K:0,Q:1,K:1,QK:0,QK:1,Softmax:0,Softmax:1,O:0,Add:-1,FFN_W3:0,FFN_W3:1,SwiGLU:0,Add:-1",0.0002089674790255458,0.0002843647956848144,npu|decode|8|671eabfb3c980b3de830460630434eeb,8,sample_step,0.013373918657634931,0.018199346923828123,7.539731665926863e-05,1.360808854137784,0.004825428266193192,1.360808854137784
ianus_prefill-1024xdecode_512_ops_trace.csv,decode,8,447,24,PIM1,pim,6,"V:1,SV:1,LN:-1,FFN_W1:1,SwiGLU:1,FFN_W2:0",0.000274903673766147,3.3602999999999997e-05,pim|decode|8|016e8acce089f109420138ec5b8e8adb,8,sample_step,0.017593835121033408,0.0021505919999999998,-0.000241300673766147,0.12223554359839202,-0.015443243121033408,0.12223554359839202
ianus_prefill-1024xdecode_512_ops_trace.csv,decode,8,447,25,PIM0,pim,6,"LN:-1,V:0,SV:0,O:1,FFN_W1:0,FFN_W2:1",0.0003043293480828879,3.7162e-05,pim|decode|8|731d391a82ee0cb7f0755396c849b1dc,8,sample_step,0.019477078277304827,0.002378368,-0.00026716734808288794,0.12211112807259872,-0.017098710277304828,0.12211112807259872
ianus_prefill-1024xdecode_512_ops_trace.csv,decode,8,447,25,GPU0,npu,14,"Q:0,K:0,Q:1,K:1,QK:0,QK:1,Softmax:0,Softmax:1,O:0,Add:-1,FFN_W3:0,FFN_W3:1,SwiGLU:0,Add:-1",0.0002089674790255458,0.0002843647956848144,npu|decode|8|671eabfb3c980b3de830460630434eeb,8,sample_step,0.013373918657634931,0.018199346923828123,7.539731665926863e-05,1.360808854137784,0.004825428266193192,1.360808854137784
ianus_prefill-1024xdecode_512_ops_trace.csv,decode,8,447,25,PIM1,pim,6,"V:1,SV:1,LN:-1,FFN_W1:1,SwiGLU:1,FFN_W2:0",0.000274903673766147,3.3602999999999997e-05,pim|decode|8|016e8acce089f109420138ec5b8e8adb,8,sample_step,0.017593835121033408,0.0021505919999999998,-0.000241300673766147,0.12223554359839202,-0.015443243121033408,0.12223554359839202
ianus_prefill-1024xdecode_512_ops_trace.csv,decode,8,447,26,PIM0,pim,6,"LN:-1,V:0,SV:0,O:1,FFN_W1:0,FFN_W2:1",0.0003043293480828879,3.7162e-05,pim|decode|8|731d391a82ee0cb7f0755396c849b1dc,8,sample_step,0.019477078277304827,0.002378368,-0.00026716734808288794,0.12211112807259872,-0.017098710277304828,0.12211112807259872
ianus_prefill-1024xdecode_512_ops_trace.csv,decode,8,447,26,GPU0,npu,14,"Q:0,K:0,Q:1,K:1,QK:0,QK:1,Softmax:0,Softmax:1,O:0,Add:-1,FFN_W3:0,FFN_W3:1,SwiGLU:0,Add:-1",0.0002089674790255458,0.0002843647956848144,npu|decode|8|671eabfb3c980b3de830460630434eeb,8,sample_step,0.013373918657634931,0.018199346923828123,7.539731665926863e-05,1.360808854137784,0.004825428266193192,1.360808854137784
ianus_prefill-1024xdecode_512_ops_trace.csv,decode,8,447,26,PIM1,pim,6,"V:1,SV:1,LN:-1,FFN_W1:1,SwiGLU:1,FFN_W2:0",0.000274903673766147,3.3602999999999997e-05,pim|decode|8|016e8acce089f109420138ec5b8e8adb,8,sample_step,0.017593835121033408,0.0021505919999999998,-0.000241300673766147,0.12223554359839202,-0.015443243121033408,0.12223554359839202
ianus_prefill-1024xdecode_512_ops_trace.csv,decode,8,447,27,PIM0,pim,6,"LN:-1,V:0,SV:0,O:1,FFN_W1:0,FFN_W2:1",0.0003043293480828879,3.7162e-05,pim|decode|8|731d391a82ee0cb7f0755396c849b1dc,8,sample_step,0.019477078277304827,0.002378368,-0.00026716734808288794,0.12211112807259872,-0.017098710277304828,0.12211112807259872
ianus_prefill-1024xdecode_512_ops_trace.csv,decode,8,447,27,GPU0,npu,14,"Q:0,K:0,Q:1,K:1,QK:0,QK:1,Softmax:0,Softmax:1,O:0,Add:-1,FFN_W3:0,FFN_W3:1,SwiGLU:0,Add:-1",0.0002089674790255458,0.0002843647956848144,npu|decode|8|671eabfb3c980b3de830460630434eeb,8,sample_step,0.013373918657634931,0.018199346923828123,7.539731665926863e-05,1.360808854137784,0.004825428266193192,1.360808854137784
ianus_prefill-1024xdecode_512_ops_trace.csv,decode,8,447,27,PIM1,pim,6,"V:1,SV:1,LN:-1,FFN_W1:1,SwiGLU:1,FFN_W2:0",0.000274903673766147,3.3602999999999997e-05,pim|decode|8|016e8acce089f109420138ec5b8e8adb,8,sample_step,0.017593835121033408,0.0021505919999999998,-0.000241300673766147,0.12223554359839202,-0.015443243121033408,0.12223554359839202
ianus_prefill-1024xdecode_512_ops_trace.csv,decode,8,447,28,PIM0,pim,6,"LN:-1,V:0,SV:0,O:1,FFN_W1:0,FFN_W2:1",0.0003043293480828879,3.7162e-05,pim|decode|8|731d391a82ee0cb7f0755396c849b1dc,8,sample_step,0.019477078277304827,0.002378368,-0.00026716734808288794,0.12211112807259872,-0.017098710277304828,0.12211112807259872
ianus_prefill-1024xdecode_512_ops_trace.csv,decode,8,447,28,GPU0,npu,14,"Q:0,K:0,Q:1,K:1,QK:0,QK:1,Softmax:0,Softmax:1,O:0,Add:-1,FFN_W3:0,FFN_W3:1,SwiGLU:0,Add:-1",0.0002089674790255458,0.0002843647956848144,npu|decode|8|671eabfb3c980b3de830460630434eeb,8,sample_step,0.013373918657634931,0.018199346923828123,7.539731665926863e-05,1.360808854137784,0.004825428266193192,1.360808854137784
ianus_prefill-1024xdecode_512_ops_trace.csv,decode,8,447,28,PIM1,pim,6,"V:1,SV:1,LN:-1,FFN_W1:1,SwiGLU:1,FFN_W2:0",0.000274903673766147,3.3602999999999997e-05,pim|decode|8|016e8acce089f109420138ec5b8e8adb,8,sample_step,0.017593835121033408,0.0021505919999999998,-0.000241300673766147,0.12223554359839202,-0.015443243121033408,0.12223554359839202
ianus_prefill-1024xdecode_512_ops_trace.csv,decode,8,447,29,PIM0,pim,6,"LN:-1,V:0,SV:0,O:1,FFN_W1:0,FFN_W2:1",0.0003043293480828879,3.7162e-05,pim|decode|8|731d391a82ee0cb7f0755396c849b1dc,8,sample_step,0.019477078277304827,0.002378368,-0.00026716734808288794,0.12211112807259872,-0.017098710277304828,0.12211112807259872
ianus_prefill-1024xdecode_512_ops_trace.csv,decode,8,447,29,GPU0,npu,14,"Q:0,K:0,Q:1,K:1,QK:0,QK:1,Softmax:0,Softmax:1,O:0,Add:-1,FFN_W3:0,FFN_W3:1,SwiGLU:0,Add:-1",0.0002089674790255458,0.0002843647956848144,npu|decode|8|671eabfb3c980b3de830460630434eeb,8,sample_step,0.013373918657634931,0.018199346923828123,7.539731665926863e-05,1.360808854137784,0.004825428266193192,1.360808854137784
ianus_prefill-1024xdecode_512_ops_trace.csv,decode,8,447,29,PIM1,pim,6,"V:1,SV:1,LN:-1,FFN_W1:1,SwiGLU:1,FFN_W2:0",0.000274903673766147,3.3602999999999997e-05,pim|decode|8|016e8acce089f109420138ec5b8e8adb,8,sample_step,0.017593835121033408,0.0021505919999999998,-0.000241300673766147,0.12223554359839202,-0.015443243121033408,0.12223554359839202
ianus_prefill-1024xdecode_512_ops_trace.csv,decode,8,447,30,PIM0,pim,6,"LN:-1,V:0,SV:0,O:1,FFN_W1:0,FFN_W2:1",0.0003043293480828879,3.7162e-05,pim|decode|8|731d391a82ee0cb7f0755396c849b1dc,8,sample_step,0.019477078277304827,0.002378368,-0.00026716734808288794,0.12211112807259872,-0.017098710277304828,0.12211112807259872
ianus_prefill-1024xdecode_512_ops_trace.csv,decode,8,447,30,GPU0,npu,14,"Q:0,K:0,Q:1,K:1,QK:0,QK:1,Softmax:0,Softmax:1,O:0,Add:-1,FFN_W3:0,FFN_W3:1,SwiGLU:0,Add:-1",0.0002089674790255458,0.0002843647956848144,npu|decode|8|671eabfb3c980b3de830460630434eeb,8,sample_step,0.013373918657634931,0.018199346923828123,7.539731665926863e-05,1.360808854137784,0.004825428266193192,1.360808854137784
ianus_prefill-1024xdecode_512_ops_trace.csv,decode,8,447,30,PIM1,pim,6,"V:1,SV:1,LN:-1,FFN_W1:1,SwiGLU:1,FFN_W2:0",0.000274903673766147,3.3602999999999997e-05,pim|decode|8|016e8acce089f109420138ec5b8e8adb,8,sample_step,0.017593835121033408,0.0021505919999999998,-0.000241300673766147,0.12223554359839202,-0.015443243121033408,0.12223554359839202
ianus_prefill-1024xdecode_512_ops_trace.csv,decode,8,447,31,PIM0,pim,6,"LN:-1,V:0,SV:0,O:1,FFN_W1:0,FFN_W2:1",0.0003043293480828879,3.7162e-05,pim|decode|8|731d391a82ee0cb7f0755396c849b1dc,8,sample_step,0.019477078277304827,0.002378368,-0.00026716734808288794,0.12211112807259872,-0.017098710277304828,0.12211112807259872
ianus_prefill-1024xdecode_512_ops_trace.csv,decode,8,447,31,GPU0,npu,14,"Q:0,K:0,Q:1,K:1,QK:0,QK:1,Softmax:0,Softmax:1,O:0,Add:-1,FFN_W3:0,FFN_W3:1,SwiGLU:0,Add:-1",0.0002089674790255458,0.0002843647956848144,npu|decode|8|671eabfb3c980b3de830460630434eeb,8,sample_step,0.013373918657634931,0.018199346923828123,7.539731665926863e-05,1.360808854137784,0.004825428266193192,1.360808854137784
ianus_prefill-1024xdecode_512_ops_trace.csv,decode,8,447,31,PIM1,pim,6,"V:1,SV:1,LN:-1,FFN_W1:1,SwiGLU:1,FFN_W2:0",0.000274903673766147,3.3602999999999997e-05,pim|decode|8|016e8acce089f109420138ec5b8e8adb,8,sample_step,0.017593835121033408,0.0021505919999999998,-0.000241300673766147,0.12223554359839202,-0.015443243121033408,0.12223554359839202
