phase,node_id,op,device,device_type,mode,start,end,duration,_row,step,layer,shard,schedule,schedule_duration_s,schedule_duration_scaled_s,merged_duration_scaled_s,delta_scaled_s,ratio_scaled,missing_segments_row_scope
prefill,L0_LN,LN,GPU0,npu,NAIVE,0.0,0.0001315351562499,0.0001315351562499,0,-1,0,-1,weights_on_pim_prefill-1024xdecode_64_ops_trace.csv,0.0001315351562499,0.0001315351562499,7.325092092597078e-05,-5.8284235323929207e-05,0.5568923397696308,0
prefill,L0_Q_s0,Q,PIM0,pim,NAIVE,0.0038857520687499,0.0409617071635416,0.0370759550947916,1,-1,0,0,weights_on_pim_prefill-1024xdecode_64_ops_trace.csv,0.0370759550947916,0.0370759550947916,0.004530509794025719,-0.03254544530076588,0.12219536307136593,0
prefill,L0_K_s0,K,PIM0,pim,NAIVE,0.0409617071635416,0.0780376622583333,0.0370759550947916,2,-1,0,0,weights_on_pim_prefill-1024xdecode_64_ops_trace.csv,0.0370759550947916,0.0370759550947916,0.004530509794025719,-0.03254544530076588,0.12219536307136593,0
prefill,L0_V_s0,V,PIM0,pim,NAIVE,0.0780376622583333,0.115113617353125,0.0370759550947916,3,-1,0,0,weights_on_pim_prefill-1024xdecode_64_ops_trace.csv,0.0370759550947916,0.0370759550947916,0.004530509794025719,-0.03254544530076588,0.12219536307136593,0
prefill,L0_Q_s1,Q,PIM1,pim,NAIVE,0.0038857520687499,0.0409617071635416,0.0370759550947916,4,-1,0,1,weights_on_pim_prefill-1024xdecode_64_ops_trace.csv,0.0370759550947916,0.0370759550947916,0.00453050979402572,-0.03254544530076588,0.12219536307136596,0
prefill,L0_K_s1,K,PIM1,pim,NAIVE,0.0409617071635416,0.0780376622583333,0.0370759550947916,5,-1,0,1,weights_on_pim_prefill-1024xdecode_64_ops_trace.csv,0.0370759550947916,0.0370759550947916,0.00453050979402572,-0.03254544530076588,0.12219536307136596,0
prefill,L0_V_s1,V,PIM1,pim,NAIVE,0.0780376622583333,0.115113617353125,0.0370759550947916,6,-1,0,1,weights_on_pim_prefill-1024xdecode_64_ops_trace.csv,0.0370759550947916,0.0370759550947916,0.00453050979402572,-0.03254544530076588,0.12219536307136596,0
prefill,L0_K_write_s0,K_write,PIM0,pim,NAIVE,0.115113617353125,0.115144337353125,3.071999999999797e-05,7,-1,0,0,weights_on_pim_prefill-1024xdecode_64_ops_trace.csv,3.071999999999797e-05,3.071999999999797e-05,3.071999999999797e-05,0.0,1.0,0
prefill,L0_QK_s0,QK,GPU0,npu,NAIVE,0.0799205407145833,0.0800560085972661,0.0001354678826828,8,-1,0,0,weights_on_pim_prefill-1024xdecode_64_ops_trace.csv,0.0001354678826828,0.0001354678826828,7.544102615086233e-05,-6.002685653193766e-05,0.5568923397696307,0
prefill,L0_V_write_s0,V_write,PIM0,pim,NAIVE,0.115144337353125,0.115175057353125,3.071999999999797e-05,9,-1,0,0,weights_on_pim_prefill-1024xdecode_64_ops_trace.csv,3.071999999999797e-05,3.071999999999797e-05,3.071999999999797e-05,0.0,1.0,0
prefill,L0_K_write_s1,K_write,PIM1,pim,NAIVE,0.115113617353125,0.115144337353125,3.071999999999797e-05,10,-1,0,1,weights_on_pim_prefill-1024xdecode_64_ops_trace.csv,3.071999999999797e-05,3.071999999999797e-05,3.071999999999797e-05,0.0,1.0,0
prefill,L0_QK_s1,QK,GPU0,npu,NAIVE,0.0800560085972661,0.080191476479949,0.0001354678826828,11,-1,0,1,weights_on_pim_prefill-1024xdecode_64_ops_trace.csv,0.0001354678826828,0.0001354678826828,7.544102615086233e-05,-6.002685653193766e-05,0.5568923397696307,0
prefill,L0_V_write_s1,V_write,PIM1,pim,NAIVE,0.115144337353125,0.115175057353125,3.071999999999797e-05,12,-1,0,1,weights_on_pim_prefill-1024xdecode_64_ops_trace.csv,3.071999999999797e-05,3.071999999999797e-05,3.071999999999797e-05,0.0,1.0,0
prefill,L0_Softmax_s0,Softmax,GPU0,npu,NAIVE,0.080191476479949,0.0803136660017385,0.0001221895217895,13,-1,0,0,weights_on_pim_prefill-1024xdecode_64_ops_trace.csv,0.0001221895217895,0.0001221895217895,6.804640868468695e-05,-5.414311310481306e-05,0.5568923397696308,0
prefill,L0_Softmax_s1,Softmax,GPU0,npu,NAIVE,0.0803136660017385,0.0804358555235281,0.0001221895217895,14,-1,0,1,weights_on_pim_prefill-1024xdecode_64_ops_trace.csv,0.0001221895217895,0.0001221895217895,6.804640868468695e-05,-5.414311310481306e-05,0.5568923397696308,0
prefill,L0_SV_s0,SV,GPU0,npu,NAIVE,0.116996495809375,0.1171319636920578,0.0001354678826828,15,-1,0,0,weights_on_pim_prefill-1024xdecode_64_ops_trace.csv,0.0001354678826828,0.0001354678826828,7.544102615086233e-05,-6.002685653193766e-05,0.5568923397696307,0
prefill,L0_SV_s1,SV,GPU0,npu,NAIVE,0.1171319636920578,0.1172674315747406,0.0001354678826828,16,-1,0,1,weights_on_pim_prefill-1024xdecode_64_ops_trace.csv,0.0001354678826828,0.0001354678826828,7.544102615086233e-05,-6.002685653193766e-05,0.5568923397696307,0
prefill,L0_O_s0,O,PIM0,pim,NAIVE,0.1190097221483078,0.1530874052430995,0.0340776830947916,17,-1,0,0,weights_on_pim_prefill-1024xdecode_64_ops_trace.csv,0.0340776830947916,0.0340776830947916,0.004164134858399009,-0.029913548236392595,0.12219536307136593,0
prefill,L0_O_s1,O,PIM1,pim,NAIVE,0.1191451900309907,0.1532228731257823,0.0340776830947916,18,-1,0,1,weights_on_pim_prefill-1024xdecode_64_ops_trace.csv,0.0340776830947916,0.0340776830947916,0.00416413485839901,-0.02991354823639259,0.12219536307136596,0
prefill,L0_AllReduce_O,ALLREDUCE,COMM,comm,COMM,0.1532228731257823,0.1552980684382823,0.0020751953125,19,-1,0,-1,weights_on_pim_prefill-1024xdecode_64_ops_trace.csv,0.0020751953125,0.0020751953125,0.0020751953125,0.0,1.0,0
prefill,L0_Add1,Add,GPU0,npu,NAIVE,0.1600184395966156,0.1601236923309907,0.000105252734375,20,-1,0,-1,weights_on_pim_prefill-1024xdecode_64_ops_trace.csv,0.000105252734375,0.000105252734375,5.861444151324519e-05,-4.66382928617548e-05,0.5568923397696308,0
prefill,L0_LN2,LN,GPU0,npu,NAIVE,0.1601236923309907,0.1602552274872407,0.00013153515625,21,-1,0,-1,weights_on_pim_prefill-1024xdecode_64_ops_trace.csv,0.00013153515625,0.00013153515625,7.325092092602648e-05,-5.828423532397352e-05,0.5568923397696308,0
prefill,L0_FFN_W1_s0,FFN_W1,PIM0,pim,NAIVE,0.1640094443997407,0.2620748117169933,0.0980653673172526,22,-1,0,0,weights_on_pim_prefill-1024xdecode_64_ops_trace.csv,0.0980653673172526,0.0980653673172526,0.011983133164058543,-0.08608223415319406,0.12219536307136591,0
prefill,L0_FFN_W3_s0,FFN_W3,PIM1,pim,NAIVE,0.1640094443997407,0.2554229077169933,0.0914134633172525,23,-1,0,0,weights_on_pim_prefill-1024xdecode_64_ops_trace.csv,0.0914134633172525,0.0914134633172525,0.011170301339662661,-0.08024316197758984,0.12219536307136594,0
prefill,L0_FFN_W1_s1,FFN_W1,PIM1,pim,NAIVE,0.2554229077169933,0.3534882750342458,0.0980653673172525,24,-1,0,1,weights_on_pim_prefill-1024xdecode_64_ops_trace.csv,0.0980653673172525,0.0980653673172525,0.011983133164058532,-0.08608223415319396,0.12219536307136593,0
prefill,L0_FFN_W3_s1,FFN_W3,PIM0,pim,NAIVE,0.2620748117169933,0.3534882750342459,0.0914134633172525,25,-1,0,1,weights_on_pim_prefill-1024xdecode_64_ops_trace.csv,0.0914134633172525,0.0914134633172525,0.01117030133966266,-0.08024316197758985,0.12219536307136591,0
prefill,L0_SwiGLU_s0,SwiGLU,GPU0,npu,NAIVE,0.2671328538181651,0.2672700778049816,0.0001372239868164,26,-1,0,0,weights_on_pim_prefill-1024xdecode_64_ops_trace.csv,0.0001372239868164,0.0001372239868164,7.641898709070197e-05,-6.080499972569804e-05,0.5568923397696308,0
prefill,L0_SwiGLU_s1,SwiGLU,GPU0,npu,NAIVE,0.3585463171354177,0.3586835411222341,0.0001372239868164,27,-1,0,1,weights_on_pim_prefill-1024xdecode_64_ops_trace.csv,0.0001372239868164,0.0001372239868164,7.641898709070197e-05,-6.080499972569804e-05,0.5568923397696308,0
prefill,L0_FFN_W2_s0,FFN_W2,PIM1,pim,NAIVE,0.3534882750342458,0.4495711783514984,0.0960829033172526,28,-1,0,0,weights_on_pim_prefill-1024xdecode_64_ops_trace.csv,0.0960829033172526,0.0960829033172526,0.011740885255802632,-0.08434201806144996,0.12219536307136594,0
prefill,L0_FFN_W2_s1,FFN_W2,PIM0,pim,NAIVE,0.363727823223406,0.4598107265406586,0.0960829033172526,29,-1,0,1,weights_on_pim_prefill-1024xdecode_64_ops_trace.csv,0.0960829033172526,0.0960829033172526,0.01174088525580263,-0.08434201806144996,0.12219536307136593,0
prefill,L0_AllReduce_FFN,ALLREDUCE,COMM,comm,COMM,0.4598107265406586,0.4618859218531586,0.0020751953125,30,-1,0,-1,weights_on_pim_prefill-1024xdecode_64_ops_trace.csv,0.0020751953125,0.0020751953125,0.0020751953125,0.0,1.0,0
prefill,L0_Add2,Add,GPU0,npu,NAIVE,0.466606293011492,0.466711545745867,0.000105252734375,31,-1,0,-1,weights_on_pim_prefill-1024xdecode_64_ops_trace.csv,0.000105252734375,0.000105252734375,5.861444151324519e-05,-4.66382928617548e-05,0.5568923397696308,0
prefill,L1_LN,LN,GPU0,npu,NAIVE,0.466711545745867,0.4668430809021169,0.0001315351562499,32,-1,1,-1,weights_on_pim_prefill-1024xdecode_64_ops_trace.csv,0.0001315351562499,0.0001315351562499,7.32509209259851e-05,-5.8284235323914895e-05,0.5568923397697396,0
prefill,L1_Q_s0,Q,PIM0,pim,NAIVE,0.4705972978146169,0.5076732529094087,0.0370759550947917,33,-1,1,0,weights_on_pim_prefill-1024xdecode_64_ops_trace.csv,0.0370759550947917,0.0370759550947917,0.00453050979402573,-0.032545445300765974,0.12219536307136589,0
prefill,L1_K_s0,K,PIM0,pim,NAIVE,0.5076732529094087,0.5447492080042003,0.0370759550947916,34,-1,1,0,weights_on_pim_prefill-1024xdecode_64_ops_trace.csv,0.0370759550947916,0.0370759550947916,0.004530509794025717,-0.032545445300765884,0.12219536307136587,0
prefill,L1_V_s0,V,PIM0,pim,NAIVE,0.5447492080042003,0.581825163098992,0.0370759550947916,35,-1,1,0,weights_on_pim_prefill-1024xdecode_64_ops_trace.csv,0.0370759550947916,0.0370759550947916,0.004530509794025717,-0.032545445300765884,0.12219536307136587,0
prefill,L1_Q_s1,Q,PIM1,pim,NAIVE,0.4705972978146169,0.5076732529094087,0.0370759550947917,36,-1,1,1,weights_on_pim_prefill-1024xdecode_64_ops_trace.csv,0.0370759550947917,0.0370759550947917,0.004530509794025728,-0.032545445300765974,0.12219536307136585,0
prefill,L1_K_s1,K,PIM1,pim,NAIVE,0.5076732529094087,0.5447492080042003,0.0370759550947916,37,-1,1,1,weights_on_pim_prefill-1024xdecode_64_ops_trace.csv,0.0370759550947916,0.0370759550947916,0.004530509794025716,-0.032545445300765884,0.12219536307136586,0
prefill,L1_V_s1,V,PIM1,pim,NAIVE,0.5447492080042003,0.581825163098992,0.0370759550947916,38,-1,1,1,weights_on_pim_prefill-1024xdecode_64_ops_trace.csv,0.0370759550947916,0.0370759550947916,0.004530509794025716,-0.032545445300765884,0.12219536307136586,0
prefill,L1_K_write_s0,K_write,PIM0,pim,NAIVE,0.581825163098992,0.581855883098992,3.0720000000039605e-05,39,-1,1,0,weights_on_pim_prefill-1024xdecode_64_ops_trace.csv,3.0720000000039605e-05,3.0720000000039605e-05,3.0720000000039605e-05,0.0,1.0,0
prefill,L1_QK_s0,QK,GPU0,npu,NAIVE,0.5466320864604504,0.5467675543431332,0.0001354678826828,40,-1,1,0,weights_on_pim_prefill-1024xdecode_64_ops_trace.csv,0.0001354678826828,0.0001354678826828,7.544102615087709e-05,-6.00268565319229e-05,0.5568923397697397,0
prefill,L1_V_write_s0,V_write,PIM0,pim,NAIVE,0.581855883098992,0.5818866030989921,3.0720000000039605e-05,41,-1,1,0,weights_on_pim_prefill-1024xdecode_64_ops_trace.csv,3.0720000000039605e-05,3.0720000000039605e-05,3.0720000000039605e-05,0.0,1.0,0
prefill,L1_K_write_s1,K_write,PIM1,pim,NAIVE,0.581825163098992,0.581855883098992,3.0720000000039605e-05,42,-1,1,1,weights_on_pim_prefill-1024xdecode_64_ops_trace.csv,3.0720000000039605e-05,3.0720000000039605e-05,3.0720000000039605e-05,0.0,1.0,0
prefill,L1_QK_s1,QK,GPU0,npu,NAIVE,0.5467675543431332,0.546903022225816,0.0001354678826828,43,-1,1,1,weights_on_pim_prefill-1024xdecode_64_ops_trace.csv,0.0001354678826828,0.0001354678826828,7.544102615087709e-05,-6.00268565319229e-05,0.5568923397697397,0
prefill,L1_V_write_s1,V_write,PIM1,pim,NAIVE,0.581855883098992,0.5818866030989921,3.0720000000039605e-05,44,-1,1,1,weights_on_pim_prefill-1024xdecode_64_ops_trace.csv,3.0720000000039605e-05,3.0720000000039605e-05,3.0720000000039605e-05,0.0,1.0,0
prefill,L1_Softmax_s0,Softmax,GPU0,npu,NAIVE,0.546903022225816,0.5470252117476055,0.0001221895217895,45,-1,1,0,weights_on_pim_prefill-1024xdecode_64_ops_trace.csv,0.0001221895217895,0.0001221895217895,6.804640868470024e-05,-5.414311310479978e-05,0.5568923397697395,0
prefill,L1_Softmax_s1,Softmax,GPU0,npu,NAIVE,0.5470252117476055,0.5471474012693951,0.0001221895217895,46,-1,1,1,weights_on_pim_prefill-1024xdecode_64_ops_trace.csv,0.0001221895217895,0.0001221895217895,6.804640868470024e-05,-5.414311310479978e-05,0.5568923397697395,0
prefill,L1_SV_s0,SV,GPU0,npu,NAIVE,0.583708041555242,0.5838435094379248,0.0001354678826828,47,-1,1,0,weights_on_pim_prefill-1024xdecode_64_ops_trace.csv,0.0001354678826828,0.0001354678826828,7.544102615087709e-05,-6.00268565319229e-05,0.5568923397697397,0
prefill,L1_SV_s1,SV,GPU0,npu,NAIVE,0.5838435094379248,0.5839789773206077,0.0001354678826828,48,-1,1,1,weights_on_pim_prefill-1024xdecode_64_ops_trace.csv,0.0001354678826828,0.0001354678826828,7.544102615087709e-05,-6.00268565319229e-05,0.5568923397697397,0
prefill,L1_O_s0,O,PIM0,pim,NAIVE,0.5857212678941749,0.6197989509889665,0.0340776830947916,49,-1,1,0,weights_on_pim_prefill-1024xdecode_64_ops_trace.csv,0.0340776830947916,0.0340776830947916,0.004164134858399007,-0.029913548236392595,0.12219536307136589,0
prefill,L1_O_s1,O,PIM1,pim,NAIVE,0.5858567357768577,0.6199344188716494,0.0340776830947916,50,-1,1,1,weights_on_pim_prefill-1024xdecode_64_ops_trace.csv,0.0340776830947916,0.0340776830947916,0.004164134858399005,-0.029913548236392598,0.12219536307136583,0
prefill,L1_AllReduce_O,ALLREDUCE,COMM,comm,COMM,0.6199344188716494,0.6220096141841494,0.0020751953125,51,-1,1,-1,weights_on_pim_prefill-1024xdecode_64_ops_trace.csv,0.0020751953125,0.0020751953125,0.0020751953125,0.0,1.0,0
prefill,L1_Add1,Add,GPU0,npu,NAIVE,0.6267299853424827,0.6268352380768577,0.000105252734375,52,-1,1,-1,weights_on_pim_prefill-1024xdecode_64_ops_trace.csv,0.000105252734375,0.000105252734375,5.8614441513256644e-05,-4.663829286174335e-05,0.5568923397697396,0
prefill,L1_LN2,LN,GPU0,npu,NAIVE,0.6268352380768577,0.6269667732331077,0.0001315351562499,53,-1,1,-1,weights_on_pim_prefill-1024xdecode_64_ops_trace.csv,0.0001315351562499,0.0001315351562499,7.32509209259851e-05,-5.8284235323914895e-05,0.5568923397697396,0
prefill,L1_FFN_W1_s0,FFN_W1,PIM0,pim,NAIVE,0.6307209901456077,0.7287863574628604,0.0980653673172526,54,-1,1,0,weights_on_pim_prefill-1024xdecode_64_ops_trace.csv,0.0980653673172526,0.0980653673172526,0.011983133164058538,-0.08608223415319406,0.12219536307136587,0
prefill,L1_FFN_W3_s0,FFN_W3,PIM1,pim,NAIVE,0.6307209901456077,0.7221344534628603,0.0914134633172526,55,-1,1,0,weights_on_pim_prefill-1024xdecode_64_ops_trace.csv,0.0914134633172526,0.0914134633172526,0.011170301339662665,-0.08024316197758993,0.12219536307136585,0
prefill,L1_FFN_W1_s1,FFN_W1,PIM1,pim,NAIVE,0.7221344534628603,0.820199820780113,0.0980653673172526,56,-1,1,1,weights_on_pim_prefill-1024xdecode_64_ops_trace.csv,0.0980653673172526,0.0980653673172526,0.011983133164058536,-0.08608223415319406,0.12219536307136585,0
prefill,L1_FFN_W3_s1,FFN_W3,PIM0,pim,NAIVE,0.7287863574628604,0.820199820780113,0.0914134633172526,57,-1,1,1,weights_on_pim_prefill-1024xdecode_64_ops_trace.csv,0.0914134633172526,0.0914134633172526,0.011170301339662668,-0.08024316197758993,0.12219536307136589,0
prefill,L1_SwiGLU_s0,SwiGLU,GPU0,npu,NAIVE,0.7338443995640322,0.7339816235508486,0.0001372239868163,58,-1,1,0,weights_on_pim_prefill-1024xdecode_64_ops_trace.csv,0.0001372239868163,0.0001372239868163,7.64189870906612e-05,-6.080499972563879e-05,0.5568923397697396,0
prefill,L1_SwiGLU_s1,SwiGLU,GPU0,npu,NAIVE,0.8252578628812849,0.8253950868681013,0.0001372239868163,59,-1,1,1,weights_on_pim_prefill-1024xdecode_64_ops_trace.csv,0.0001372239868163,0.0001372239868163,7.64189870906612e-05,-6.080499972563879e-05,0.5568923397697396,0
prefill,L1_FFN_W2_s0,FFN_W2,PIM0,pim,NAIVE,0.820199820780113,0.9162827240973656,0.0960829033172526,60,-1,1,0,weights_on_pim_prefill-1024xdecode_64_ops_trace.csv,0.0960829033172526,0.0960829033172526,0.011740885255802627,-0.08434201806144997,0.12219536307136589,0
prefill,L1_FFN_W2_s1,FFN_W2,PIM1,pim,NAIVE,0.8304393689692732,0.9265222722865258,0.0960829033172526,61,-1,1,1,weights_on_pim_prefill-1024xdecode_64_ops_trace.csv,0.0960829033172526,0.0960829033172526,0.011740885255802623,-0.08434201806144997,0.12219536307136585,0
prefill,L1_AllReduce_FFN,ALLREDUCE,COMM,comm,COMM,0.9265222722865258,0.9285974675990258,0.0020751953125,62,-1,1,-1,weights_on_pim_prefill-1024xdecode_64_ops_trace.csv,0.0020751953125,0.0020751953125,0.0020751953125,0.0,1.0,0
prefill,L1_Add2,Add,GPU0,npu,NAIVE,0.9333178387573592,0.9334230914917342,0.000105252734375,63,-1,1,-1,weights_on_pim_prefill-1024xdecode_64_ops_trace.csv,0.000105252734375,0.000105252734375,5.8614441513256644e-05,-4.663829286174335e-05,0.5568923397697396,0
prefill,L2_LN,LN,GPU0,npu,NAIVE,0.9334230914917342,0.9335546266479842,0.0001315351562499,64,-1,2,-1,weights_on_pim_prefill-1024xdecode_64_ops_trace.csv,0.0001315351562499,0.0001315351562499,7.325092092597078e-05,-5.8284235323929207e-05,0.5568923397696308,0
prefill,L2_Q_s0,Q,PIM0,pim,NAIVE,0.9373088435604842,0.9743847986552758,0.0370759550947916,65,-1,2,0,weights_on_pim_prefill-1024xdecode_64_ops_trace.csv,0.0370759550947916,0.0370759550947916,0.004530509794025725,-0.03254544530076588,0.1221953630713661,0
prefill,L2_K_s0,K,PIM0,pim,NAIVE,0.9743847986552758,1.0114607537500675,0.0370759550947916,66,-1,2,0,weights_on_pim_prefill-1024xdecode_64_ops_trace.csv,0.0370759550947916,0.0370759550947916,0.004530509794025725,-0.03254544530076588,0.1221953630713661,0
prefill,L2_V_s0,V,PIM0,pim,NAIVE,1.0114607537500675,1.0485367088448592,0.0370759550947916,67,-1,2,0,weights_on_pim_prefill-1024xdecode_64_ops_trace.csv,0.0370759550947916,0.0370759550947916,0.004530509794025725,-0.03254544530076588,0.1221953630713661,0
prefill,L2_Q_s1,Q,PIM1,pim,NAIVE,0.9373088435604842,0.9743847986552758,0.0370759550947916,68,-1,2,1,weights_on_pim_prefill-1024xdecode_64_ops_trace.csv,0.0370759550947916,0.0370759550947916,0.004530509794025725,-0.03254544530076588,0.1221953630713661,0
prefill,L2_K_s1,K,PIM1,pim,NAIVE,0.9743847986552758,1.0114607537500675,0.0370759550947916,69,-1,2,1,weights_on_pim_prefill-1024xdecode_64_ops_trace.csv,0.0370759550947916,0.0370759550947916,0.004530509794025725,-0.03254544530076588,0.1221953630713661,0
prefill,L2_V_s1,V,PIM1,pim,NAIVE,1.0114607537500675,1.0485367088448592,0.0370759550947916,70,-1,2,1,weights_on_pim_prefill-1024xdecode_64_ops_trace.csv,0.0370759550947916,0.0370759550947916,0.004530509794025725,-0.03254544530076588,0.1221953630713661,0
prefill,L2_K_write_s0,K_write,PIM0,pim,NAIVE,1.0485367088448592,1.0485674288448592,3.0720000000039605e-05,71,-1,2,0,weights_on_pim_prefill-1024xdecode_64_ops_trace.csv,3.0720000000039605e-05,3.0720000000039605e-05,3.0720000000039605e-05,0.0,1.0,0
prefill,L2_QK_s0,QK,GPU0,npu,NAIVE,1.0133436322063174,1.0134791000890002,0.0001354678826828,72,-1,2,0,weights_on_pim_prefill-1024xdecode_64_ops_trace.csv,0.0001354678826828,0.0001354678826828,7.544102615086233e-05,-6.002685653193766e-05,0.5568923397696307,0
prefill,L2_V_write_s0,V_write,PIM0,pim,NAIVE,1.0485674288448592,1.0485981488448592,3.0720000000039605e-05,73,-1,2,0,weights_on_pim_prefill-1024xdecode_64_ops_trace.csv,3.0720000000039605e-05,3.0720000000039605e-05,3.0720000000039605e-05,0.0,1.0,0
prefill,L2_K_write_s1,K_write,PIM1,pim,NAIVE,1.0485367088448592,1.0485674288448592,3.0720000000039605e-05,74,-1,2,1,weights_on_pim_prefill-1024xdecode_64_ops_trace.csv,3.0720000000039605e-05,3.0720000000039605e-05,3.0720000000039605e-05,0.0,1.0,0
prefill,L2_QK_s1,QK,GPU0,npu,NAIVE,1.0134791000890002,1.013614567971683,0.0001354678826828,75,-1,2,1,weights_on_pim_prefill-1024xdecode_64_ops_trace.csv,0.0001354678826828,0.0001354678826828,7.544102615086233e-05,-6.002685653193766e-05,0.5568923397696307,0
prefill,L2_V_write_s1,V_write,PIM1,pim,NAIVE,1.0485674288448592,1.0485981488448592,3.0720000000039605e-05,76,-1,2,1,weights_on_pim_prefill-1024xdecode_64_ops_trace.csv,3.0720000000039605e-05,3.0720000000039605e-05,3.0720000000039605e-05,0.0,1.0,0
prefill,L2_Softmax_s0,Softmax,GPU0,npu,NAIVE,1.013614567971683,1.0137367574934726,0.0001221895217895,77,-1,2,0,weights_on_pim_prefill-1024xdecode_64_ops_trace.csv,0.0001221895217895,0.0001221895217895,6.804640868468695e-05,-5.414311310481306e-05,0.5568923397696308,0
prefill,L2_Softmax_s1,Softmax,GPU0,npu,NAIVE,1.0137367574934726,1.013858947015262,0.0001221895217895,78,-1,2,1,weights_on_pim_prefill-1024xdecode_64_ops_trace.csv,0.0001221895217895,0.0001221895217895,6.804640868468695e-05,-5.414311310481306e-05,0.5568923397696308,0
prefill,L2_SV_s0,SV,GPU0,npu,NAIVE,1.050419587301109,1.050555055183792,0.0001354678826828,79,-1,2,0,weights_on_pim_prefill-1024xdecode_64_ops_trace.csv,0.0001354678826828,0.0001354678826828,7.544102615086233e-05,-6.002685653193766e-05,0.5568923397696307,0
prefill,L2_SV_s1,SV,GPU0,npu,NAIVE,1.050555055183792,1.0506905230664747,0.0001354678826828,80,-1,2,1,weights_on_pim_prefill-1024xdecode_64_ops_trace.csv,0.0001354678826828,0.0001354678826828,7.544102615086233e-05,-6.002685653193766e-05,0.5568923397696307,0
prefill,L2_O_s0,O,PIM0,pim,NAIVE,1.0524328136400418,1.0865104967348334,0.0340776830947915,81,-1,2,0,weights_on_pim_prefill-1024xdecode_64_ops_trace.csv,0.0340776830947915,0.0340776830947915,0.004164134858399002,-0.029913548236392497,0.1221953630713661,0
prefill,L2_O_s1,O,PIM1,pim,NAIVE,1.0525682815227246,1.0866459646175162,0.0340776830947915,82,-1,2,1,weights_on_pim_prefill-1024xdecode_64_ops_trace.csv,0.0340776830947915,0.0340776830947915,0.004164134858399001,-0.029913548236392497,0.12219536307136608,0
prefill,L2_AllReduce_O,ALLREDUCE,COMM,comm,COMM,1.0866459646175162,1.0887211599300162,0.0020751953125,83,-1,2,-1,weights_on_pim_prefill-1024xdecode_64_ops_trace.csv,0.0020751953125,0.0020751953125,0.0020751953125,0.0,1.0,0
prefill,L2_Add1,Add,GPU0,npu,NAIVE,1.0934415310883494,1.0935467838227244,0.000105252734375,84,-1,2,-1,weights_on_pim_prefill-1024xdecode_64_ops_trace.csv,0.000105252734375,0.000105252734375,5.861444151324519e-05,-4.66382928617548e-05,0.5568923397696308,0
prefill,L2_LN2,LN,GPU0,npu,NAIVE,1.0935467838227244,1.0936783189789745,0.00013153515625,85,-1,2,-1,weights_on_pim_prefill-1024xdecode_64_ops_trace.csv,0.00013153515625,0.00013153515625,7.325092092602648e-05,-5.828423532397352e-05,0.5568923397696308,0
prefill,L2_FFN_W1_s0,FFN_W1,PIM0,pim,NAIVE,1.0974325358914745,1.195497903208727,0.0980653673172524,86,-1,2,0,weights_on_pim_prefill-1024xdecode_64_ops_trace.csv,0.0980653673172524,0.0980653673172524,0.011983133164058538,-0.08608223415319387,0.12219536307136611,0
prefill,L2_FFN_W3_s0,FFN_W3,PIM1,pim,NAIVE,1.0974325358914745,1.188845999208727,0.0914134633172525,87,-1,2,0,weights_on_pim_prefill-1024xdecode_64_ops_trace.csv,0.0914134633172525,0.0914134633172525,0.011170301339662675,-0.08024316197758982,0.1221953630713661,0
prefill,L2_FFN_W1_s1,FFN_W1,PIM1,pim,NAIVE,1.188845999208727,1.2869113665259797,0.0980653673172524,88,-1,2,1,weights_on_pim_prefill-1024xdecode_64_ops_trace.csv,0.0980653673172524,0.0980653673172524,0.011983133164058536,-0.08608223415319387,0.1221953630713661,0
prefill,L2_FFN_W3_s1,FFN_W3,PIM0,pim,NAIVE,1.195497903208727,1.2869113665259797,0.0914134633172525,89,-1,2,1,weights_on_pim_prefill-1024xdecode_64_ops_trace.csv,0.0914134633172525,0.0914134633172525,0.011170301339662677,-0.08024316197758982,0.12219536307136611,0
prefill,L2_SwiGLU_s0,SwiGLU,GPU0,npu,NAIVE,1.2005559453098988,1.200693169296715,0.0001372239868164,90,-1,2,0,weights_on_pim_prefill-1024xdecode_64_ops_trace.csv,0.0001372239868164,0.0001372239868164,7.641898709070197e-05,-6.080499972569804e-05,0.5568923397696308,0
prefill,L2_SwiGLU_s1,SwiGLU,GPU0,npu,NAIVE,1.2919694086271514,1.292106632613968,0.0001372239868164,91,-1,2,1,weights_on_pim_prefill-1024xdecode_64_ops_trace.csv,0.0001372239868164,0.0001372239868164,7.641898709070197e-05,-6.080499972569804e-05,0.5568923397696308,0
prefill,L2_FFN_W2_s0,FFN_W2,PIM0,pim,NAIVE,1.2869113665259797,1.3829942698432318,0.0960829033172523,92,-1,2,0,weights_on_pim_prefill-1024xdecode_64_ops_trace.csv,0.0960829033172523,0.0960829033172523,0.011740885255802611,-0.0843420180614497,0.1221953630713661,0
prefill,L2_FFN_W2_s1,FFN_W2,PIM1,pim,NAIVE,1.2971509147151397,1.393233818032392,0.0960829033172523,93,-1,2,1,weights_on_pim_prefill-1024xdecode_64_ops_trace.csv,0.0960829033172523,0.0960829033172523,0.01174088525580261,-0.0843420180614497,0.12219536307136608,0
prefill,L2_AllReduce_FFN,ALLREDUCE,COMM,comm,COMM,1.393233818032392,1.395309013344892,0.0020751953125,94,-1,2,-1,weights_on_pim_prefill-1024xdecode_64_ops_trace.csv,0.0020751953125,0.0020751953125,0.0020751953125,0.0,1.0,0
prefill,L2_Add2,Add,GPU0,npu,NAIVE,1.4000293845032252,1.4001346372376002,0.000105252734375,95,-1,2,-1,weights_on_pim_prefill-1024xdecode_64_ops_trace.csv,0.000105252734375,0.000105252734375,5.861444151324519e-05,-4.66382928617548e-05,0.5568923397696308,0
prefill,L3_LN,LN,GPU0,npu,NAIVE,1.4001346372376002,1.4002661723938503,0.00013153515625,96,-1,3,-1,weights_on_pim_prefill-1024xdecode_64_ops_trace.csv,0.00013153515625,0.00013153515625,7.32509209260217e-05,-5.828423532397831e-05,0.5568923397695944,0
prefill,L3_Q_s0,Q,PIM0,pim,NAIVE,1.4040203893063503,1.441096344401142,0.0370759550947916,97,-1,3,0,weights_on_pim_prefill-1024xdecode_64_ops_trace.csv,0.0370759550947916,0.0370759550947916,0.004530509794025725,-0.03254544530076588,0.1221953630713661,0
prefill,L3_K_s0,K,PIM0,pim,NAIVE,1.441096344401142,1.4781722994959337,0.0370759550947916,98,-1,3,0,weights_on_pim_prefill-1024xdecode_64_ops_trace.csv,0.0370759550947916,0.0370759550947916,0.004530509794025725,-0.03254544530076588,0.1221953630713661,0
prefill,L3_V_s0,V,PIM0,pim,NAIVE,1.4781722994959337,1.515248254590725,0.0370759550947916,99,-1,3,0,weights_on_pim_prefill-1024xdecode_64_ops_trace.csv,0.0370759550947916,0.0370759550947916,0.004530509794025725,-0.03254544530076588,0.1221953630713661,0
prefill,L3_Q_s1,Q,PIM1,pim,NAIVE,1.4040203893063503,1.441096344401142,0.0370759550947916,100,-1,3,1,weights_on_pim_prefill-1024xdecode_64_ops_trace.csv,0.0370759550947916,0.0370759550947916,0.004530509794025725,-0.03254544530076588,0.1221953630713661,0
prefill,L3_K_s1,K,PIM1,pim,NAIVE,1.441096344401142,1.4781722994959337,0.0370759550947916,101,-1,3,1,weights_on_pim_prefill-1024xdecode_64_ops_trace.csv,0.0370759550947916,0.0370759550947916,0.004530509794025725,-0.03254544530076588,0.1221953630713661,0
prefill,L3_V_s1,V,PIM1,pim,NAIVE,1.4781722994959337,1.515248254590725,0.0370759550947916,102,-1,3,1,weights_on_pim_prefill-1024xdecode_64_ops_trace.csv,0.0370759550947916,0.0370759550947916,0.004530509794025725,-0.03254544530076588,0.1221953630713661,0
prefill,L3_K_write_s0,K_write,PIM0,pim,NAIVE,1.515248254590725,1.5152789745907254,3.0720000000039605e-05,103,-1,3,0,weights_on_pim_prefill-1024xdecode_64_ops_trace.csv,3.0720000000039605e-05,3.0720000000039605e-05,3.0720000000039605e-05,0.0,1.0,0
prefill,L3_QK_s0,QK,GPU0,npu,NAIVE,1.4800551779521836,1.4801906458348664,0.0001354678826828,104,-1,3,0,weights_on_pim_prefill-1024xdecode_64_ops_trace.csv,0.0001354678826828,0.0001354678826828,7.544102615085741e-05,-6.002685653194258e-05,0.5568923397695944,0
prefill,L3_V_write_s0,V_write,PIM0,pim,NAIVE,1.5152789745907254,1.5153096945907254,3.0720000000039605e-05,105,-1,3,0,weights_on_pim_prefill-1024xdecode_64_ops_trace.csv,3.0720000000039605e-05,3.0720000000039605e-05,3.0720000000039605e-05,0.0,1.0,0
prefill,L3_K_write_s1,K_write,PIM1,pim,NAIVE,1.515248254590725,1.5152789745907254,3.0720000000039605e-05,106,-1,3,1,weights_on_pim_prefill-1024xdecode_64_ops_trace.csv,3.0720000000039605e-05,3.0720000000039605e-05,3.0720000000039605e-05,0.0,1.0,0
prefill,L3_QK_s1,QK,GPU0,npu,NAIVE,1.4801906458348664,1.4803261137175492,0.0001354678826828,107,-1,3,1,weights_on_pim_prefill-1024xdecode_64_ops_trace.csv,0.0001354678826828,0.0001354678826828,7.544102615085741e-05,-6.002685653194258e-05,0.5568923397695944,0
prefill,L3_V_write_s1,V_write,PIM1,pim,NAIVE,1.5152789745907254,1.5153096945907254,3.0720000000039605e-05,108,-1,3,1,weights_on_pim_prefill-1024xdecode_64_ops_trace.csv,3.0720000000039605e-05,3.0720000000039605e-05,3.0720000000039605e-05,0.0,1.0,0
prefill,L3_Softmax_s0,Softmax,GPU0,npu,NAIVE,1.4803261137175492,1.4804483032393387,0.0001221895217895,109,-1,3,0,weights_on_pim_prefill-1024xdecode_64_ops_trace.csv,0.0001221895217895,0.0001221895217895,6.804640868468251e-05,-5.4143113104817504e-05,0.5568923397695945,0
prefill,L3_Softmax_s1,Softmax,GPU0,npu,NAIVE,1.4804483032393387,1.4805704927611285,0.0001221895217895,110,-1,3,1,weights_on_pim_prefill-1024xdecode_64_ops_trace.csv,0.0001221895217895,0.0001221895217895,6.804640868468251e-05,-5.4143113104817504e-05,0.5568923397695945,0
prefill,L3_SV_s0,SV,GPU0,npu,NAIVE,1.5171311330469752,1.517266600929658,0.0001354678826828,111,-1,3,0,weights_on_pim_prefill-1024xdecode_64_ops_trace.csv,0.0001354678826828,0.0001354678826828,7.544102615085741e-05,-6.002685653194258e-05,0.5568923397695944,0
prefill,L3_SV_s1,SV,GPU0,npu,NAIVE,1.517266600929658,1.5174020688123409,0.0001354678826828,112,-1,3,1,weights_on_pim_prefill-1024xdecode_64_ops_trace.csv,0.0001354678826828,0.0001354678826828,7.544102615085741e-05,-6.002685653194258e-05,0.5568923397695944,0
prefill,L3_O_s0,O,PIM0,pim,NAIVE,1.519144359385908,1.5532220424806995,0.0340776830947915,113,-1,3,0,weights_on_pim_prefill-1024xdecode_64_ops_trace.csv,0.0340776830947915,0.0340776830947915,0.004164134858399002,-0.029913548236392497,0.1221953630713661,0
prefill,L3_O_s1,O,PIM1,pim,NAIVE,1.5192798272685908,1.5533575103633823,0.0340776830947915,114,-1,3,1,weights_on_pim_prefill-1024xdecode_64_ops_trace.csv,0.0340776830947915,0.0340776830947915,0.004164134858399001,-0.029913548236392497,0.12219536307136608,0
prefill,L3_AllReduce_O,ALLREDUCE,COMM,comm,COMM,1.5533575103633823,1.5554327056758823,0.0020751953125,115,-1,3,-1,weights_on_pim_prefill-1024xdecode_64_ops_trace.csv,0.0020751953125,0.0020751953125,0.0020751953125,0.0,1.0,0
prefill,L3_Add1,Add,GPU0,npu,NAIVE,1.5601530768342156,1.5602583295685906,0.000105252734375,116,-1,3,-1,weights_on_pim_prefill-1024xdecode_64_ops_trace.csv,0.000105252734375,0.000105252734375,5.8614441513241364e-05,-4.663829286175863e-05,0.5568923397695944,0
prefill,L3_LN2,LN,GPU0,npu,NAIVE,1.5602583295685906,1.5603898647248406,0.00013153515625,117,-1,3,-1,weights_on_pim_prefill-1024xdecode_64_ops_trace.csv,0.00013153515625,0.00013153515625,7.32509209260217e-05,-5.828423532397831e-05,0.5568923397695944,0
prefill,L3_FFN_W1_s0,FFN_W1,PIM0,pim,NAIVE,1.5641440816373406,1.662209448954593,0.0980653673172524,118,-1,3,0,weights_on_pim_prefill-1024xdecode_64_ops_trace.csv,0.0980653673172524,0.0980653673172524,0.011983133164058538,-0.08608223415319387,0.12219536307136611,0
prefill,L3_FFN_W3_s0,FFN_W3,PIM1,pim,NAIVE,1.5641440816373406,1.6555575449545932,0.0914134633172525,119,-1,3,0,weights_on_pim_prefill-1024xdecode_64_ops_trace.csv,0.0914134633172525,0.0914134633172525,0.011170301339662675,-0.08024316197758982,0.1221953630713661,0
prefill,L3_FFN_W1_s1,FFN_W1,PIM1,pim,NAIVE,1.6555575449545932,1.7536229122718456,0.0980653673172524,120,-1,3,1,weights_on_pim_prefill-1024xdecode_64_ops_trace.csv,0.0980653673172524,0.0980653673172524,0.011983133164058536,-0.08608223415319387,0.1221953630713661,0
prefill,L3_FFN_W3_s1,FFN_W3,PIM0,pim,NAIVE,1.662209448954593,1.7536229122718456,0.0914134633172525,121,-1,3,1,weights_on_pim_prefill-1024xdecode_64_ops_trace.csv,0.0914134633172525,0.0914134633172525,0.011170301339662677,-0.08024316197758982,0.12219536307136611,0
prefill,L3_SwiGLU_s0,SwiGLU,GPU0,npu,NAIVE,1.667267491055765,1.6674047150425817,0.0001372239868164,122,-1,3,0,weights_on_pim_prefill-1024xdecode_64_ops_trace.csv,0.0001372239868164,0.0001372239868164,7.641898709069698e-05,-6.080499972570303e-05,0.5568923397695944,0
prefill,L3_SwiGLU_s1,SwiGLU,GPU0,npu,NAIVE,1.7586809543730175,1.758818178359834,0.0001372239868164,123,-1,3,1,weights_on_pim_prefill-1024xdecode_64_ops_trace.csv,0.0001372239868164,0.0001372239868164,7.641898709069698e-05,-6.080499972570303e-05,0.5568923397695944,0
prefill,L3_FFN_W2_s0,FFN_W2,PIM0,pim,NAIVE,1.7536229122718456,1.849705815589098,0.0960829033172523,124,-1,3,0,weights_on_pim_prefill-1024xdecode_64_ops_trace.csv,0.0960829033172523,0.0960829033172523,0.011740885255802611,-0.0843420180614497,0.1221953630713661,0
prefill,L3_FFN_W2_s1,FFN_W2,PIM1,pim,NAIVE,1.7638624604610058,1.859945363778258,0.0960829033172523,125,-1,3,1,weights_on_pim_prefill-1024xdecode_64_ops_trace.csv,0.0960829033172523,0.0960829033172523,0.01174088525580261,-0.0843420180614497,0.12219536307136608,0
prefill,L3_AllReduce_FFN,ALLREDUCE,COMM,comm,COMM,1.859945363778258,1.862020559090758,0.0020751953125,126,-1,3,-1,weights_on_pim_prefill-1024xdecode_64_ops_trace.csv,0.0020751953125,0.0020751953125,0.0020751953125,0.0,1.0,0
prefill,L3_Add2,Add,GPU0,npu,NAIVE,1.8667409302490916,1.8668461829834664,0.000105252734375,127,-1,3,-1,weights_on_pim_prefill-1024xdecode_64_ops_trace.csv,0.000105252734375,0.000105252734375,5.8614441513241364e-05,-4.663829286175863e-05,0.5568923397695944,0
prefill,L4_LN,LN,GPU0,npu,NAIVE,1.8668461829834664,1.8669777181397165,0.00013153515625,128,-1,4,-1,weights_on_pim_prefill-1024xdecode_64_ops_trace.csv,0.00013153515625,0.00013153515625,7.325092092606943e-05,-5.8284235323930575e-05,0.5568923397699573,0
prefill,L4_Q_s0,Q,PIM0,pim,NAIVE,1.8707319350522165,1.907807890147008,0.0370759550947916,129,-1,4,0,weights_on_pim_prefill-1024xdecode_64_ops_trace.csv,0.0370759550947916,0.0370759550947916,0.004530509794025727,-0.03254544530076587,0.12219536307136616,0
prefill,L4_K_s0,K,PIM0,pim,NAIVE,1.907807890147008,1.9448838452418,0.0370759550947916,130,-1,4,0,weights_on_pim_prefill-1024xdecode_64_ops_trace.csv,0.0370759550947916,0.0370759550947916,0.004530509794025727,-0.03254544530076587,0.12219536307136616,0
prefill,L4_V_s0,V,PIM0,pim,NAIVE,1.9448838452418,1.9819598003365917,0.0370759550947916,131,-1,4,0,weights_on_pim_prefill-1024xdecode_64_ops_trace.csv,0.0370759550947916,0.0370759550947916,0.004530509794025727,-0.03254544530076587,0.12219536307136616,0
prefill,L4_Q_s1,Q,PIM1,pim,NAIVE,1.8707319350522165,1.907807890147008,0.0370759550947916,132,-1,4,1,weights_on_pim_prefill-1024xdecode_64_ops_trace.csv,0.0370759550947916,0.0370759550947916,0.004530509794025726,-0.03254544530076588,0.12219536307136611,0
prefill,L4_K_s1,K,PIM1,pim,NAIVE,1.907807890147008,1.9448838452418,0.0370759550947916,133,-1,4,1,weights_on_pim_prefill-1024xdecode_64_ops_trace.csv,0.0370759550947916,0.0370759550947916,0.004530509794025726,-0.03254544530076588,0.12219536307136611,0
prefill,L4_V_s1,V,PIM1,pim,NAIVE,1.9448838452418,1.9819598003365917,0.0370759550947916,134,-1,4,1,weights_on_pim_prefill-1024xdecode_64_ops_trace.csv,0.0370759550947916,0.0370759550947916,0.004530509794025726,-0.03254544530076588,0.12219536307136611,0
prefill,L4_K_write_s0,K_write,PIM0,pim,NAIVE,1.9819598003365917,1.9819905203365915,3.0720000000039605e-05,135,-1,4,0,weights_on_pim_prefill-1024xdecode_64_ops_trace.csv,3.0720000000039605e-05,3.0720000000039605e-05,3.0720000000039605e-05,0.0,1.0,0
prefill,L4_QK_s0,QK,GPU0,npu,NAIVE,1.9467667236980497,1.9469021915807323,0.0001354678826828,136,-1,4,0,weights_on_pim_prefill-1024xdecode_64_ops_trace.csv,0.0001354678826828,0.0001354678826828,7.544102615090657e-05,-6.0026856531893424e-05,0.5568923397699573,0
prefill,L4_V_write_s0,V_write,PIM0,pim,NAIVE,1.9819905203365915,1.9820212403365915,3.0720000000039605e-05,137,-1,4,0,weights_on_pim_prefill-1024xdecode_64_ops_trace.csv,3.0720000000039605e-05,3.0720000000039605e-05,3.0720000000039605e-05,0.0,1.0,0
prefill,L4_K_write_s1,K_write,PIM1,pim,NAIVE,1.9819598003365917,1.9819905203365915,3.0720000000039605e-05,138,-1,4,1,weights_on_pim_prefill-1024xdecode_64_ops_trace.csv,3.0720000000039605e-05,3.0720000000039605e-05,3.0720000000039605e-05,0.0,1.0,0
prefill,L4_QK_s1,QK,GPU0,npu,NAIVE,1.9469021915807323,1.9470376594634156,0.0001354678826828,139,-1,4,1,weights_on_pim_prefill-1024xdecode_64_ops_trace.csv,0.0001354678826828,0.0001354678826828,7.544102615090657e-05,-6.0026856531893424e-05,0.5568923397699573,0
prefill,L4_V_write_s1,V_write,PIM1,pim,NAIVE,1.9819905203365915,1.9820212403365915,3.0720000000039605e-05,140,-1,4,1,weights_on_pim_prefill-1024xdecode_64_ops_trace.csv,3.0720000000039605e-05,3.0720000000039605e-05,3.0720000000039605e-05,0.0,1.0,0
prefill,L4_Softmax_s0,Softmax,GPU0,npu,NAIVE,1.9470376594634156,1.9471598489852049,0.0001221895217895,141,-1,4,0,weights_on_pim_prefill-1024xdecode_64_ops_trace.csv,0.0001221895217895,0.0001221895217895,6.804640868472685e-05,-5.414311310477316e-05,0.5568923397699574,0
prefill,L4_Softmax_s1,Softmax,GPU0,npu,NAIVE,1.9471598489852049,1.9472820385069944,0.0001221895217895,142,-1,4,1,weights_on_pim_prefill-1024xdecode_64_ops_trace.csv,0.0001221895217895,0.0001221895217895,6.804640868472685e-05,-5.414311310477316e-05,0.5568923397699574,0
prefill,L4_SV_s0,SV,GPU0,npu,NAIVE,1.9838426787928412,1.983978146675524,0.0001354678826828,143,-1,4,0,weights_on_pim_prefill-1024xdecode_64_ops_trace.csv,0.0001354678826828,0.0001354678826828,7.544102615090657e-05,-6.0026856531893424e-05,0.5568923397699573,0
prefill,L4_SV_s1,SV,GPU0,npu,NAIVE,1.983978146675524,1.984113614558207,0.0001354678826828,144,-1,4,1,weights_on_pim_prefill-1024xdecode_64_ops_trace.csv,0.0001354678826828,0.0001354678826828,7.544102615090657e-05,-6.0026856531893424e-05,0.5568923397699573,0
prefill,L4_O_s0,O,PIM0,pim,NAIVE,1.985855905131774,2.0199335882265657,0.0340776830947915,145,-1,4,0,weights_on_pim_prefill-1024xdecode_64_ops_trace.csv,0.0340776830947915,0.0340776830947915,0.004164134858399004,-0.029913548236392494,0.12219536307136615,0
prefill,L4_O_s1,O,PIM1,pim,NAIVE,1.985991373014457,2.0200690561092487,0.0340776830947917,146,-1,4,1,weights_on_pim_prefill-1024xdecode_64_ops_trace.csv,0.0340776830947917,0.0340776830947917,0.004164134858399026,-0.029913548236392674,0.1221953630713661,0
prefill,L4_AllReduce_O,ALLREDUCE,COMM,comm,COMM,2.0200690561092487,2.0221442514217487,0.0020751953125,147,-1,4,-1,weights_on_pim_prefill-1024xdecode_64_ops_trace.csv,0.0020751953125,0.0020751953125,0.0020751953125,0.0,1.0,0
prefill,L4_Add1,Add,GPU0,npu,NAIVE,2.026864622580082,2.0269698753144567,0.0001052527343747,148,-1,4,-1,weights_on_pim_prefill-1024xdecode_64_ops_trace.csv,0.0001052527343747,0.0001052527343747,5.861444151311249e-05,-4.66382928615875e-05,0.5568923397699573,0
prefill,L4_LN2,LN,GPU0,npu,NAIVE,2.0269698753144567,2.027101410470707,0.00013153515625,149,-1,4,-1,weights_on_pim_prefill-1024xdecode_64_ops_trace.csv,0.00013153515625,0.00013153515625,7.325092092606943e-05,-5.8284235323930575e-05,0.5568923397699573,0
prefill,L4_FFN_W1_s0,FFN_W1,PIM0,pim,NAIVE,2.0308556273832066,2.128920994700459,0.0980653673172522,150,-1,4,0,weights_on_pim_prefill-1024xdecode_64_ops_trace.csv,0.0980653673172522,0.0980653673172522,0.011983133164058518,-0.08608223415319367,0.12219536307136618,0
prefill,L4_FFN_W3_s0,FFN_W3,PIM1,pim,NAIVE,2.0308556273832066,2.122269090700459,0.0914134633172523,151,-1,4,0,weights_on_pim_prefill-1024xdecode_64_ops_trace.csv,0.0914134633172523,0.0914134633172523,0.011170301339662651,-0.08024316197758964,0.12219536307136611,0
prefill,L4_FFN_W1_s1,FFN_W1,PIM1,pim,NAIVE,2.122269090700459,2.220334458017711,0.0980653673172522,152,-1,4,1,weights_on_pim_prefill-1024xdecode_64_ops_trace.csv,0.0980653673172522,0.0980653673172522,0.01198313316405851,-0.08608223415319369,0.12219536307136608,0
prefill,L4_FFN_W3_s1,FFN_W3,PIM0,pim,NAIVE,2.128920994700459,2.220334458017711,0.0914134633172523,153,-1,4,1,weights_on_pim_prefill-1024xdecode_64_ops_trace.csv,0.0914134633172523,0.0914134633172523,0.011170301339662656,-0.08024316197758964,0.12219536307136616,0
prefill,L4_SwiGLU_s0,SwiGLU,GPU0,npu,NAIVE,2.1339790368016307,2.134116260788447,0.0001372239868162,154,-1,4,0,weights_on_pim_prefill-1024xdecode_64_ops_trace.csv,0.0001372239868162,0.0001372239868162,7.64189870906354e-05,-6.08049997255646e-05,0.5568923397699573,0
prefill,L4_SwiGLU_s1,SwiGLU,GPU0,npu,NAIVE,2.225392500118883,2.2255297241056997,0.0001372239868162,155,-1,4,1,weights_on_pim_prefill-1024xdecode_64_ops_trace.csv,0.0001372239868162,0.0001372239868162,7.64189870906354e-05,-6.08049997255646e-05,0.5568923397699573,0
prefill,L4_FFN_W2_s0,FFN_W2,PIM0,pim,NAIVE,2.220334458017711,2.316417361334964,0.0960829033172525,156,-1,4,0,weights_on_pim_prefill-1024xdecode_64_ops_trace.csv,0.0960829033172525,0.0960829033172525,0.01174088525580264,-0.08434201806144986,0.12219536307136615,0
prefill,L4_FFN_W2_s1,FFN_W2,PIM1,pim,NAIVE,2.2305740062068717,2.326656909524124,0.0960829033172525,157,-1,4,1,weights_on_pim_prefill-1024xdecode_64_ops_trace.csv,0.0960829033172525,0.0960829033172525,0.011740885255802636,-0.08434201806144986,0.1221953630713661,0
prefill,L4_AllReduce_FFN,ALLREDUCE,COMM,comm,COMM,2.326656909524124,2.328732104836624,0.0020751953125,158,-1,4,-1,weights_on_pim_prefill-1024xdecode_64_ops_trace.csv,0.0020751953125,0.0020751953125,0.0020751953125,0.0,1.0,0
prefill,L4_Add2,Add,GPU0,npu,NAIVE,2.333452475994957,2.333557728729332,0.0001052527343747,159,-1,4,-1,weights_on_pim_prefill-1024xdecode_64_ops_trace.csv,0.0001052527343747,0.0001052527343747,5.861444151311249e-05,-4.66382928615875e-05,0.5568923397699573,0
prefill,L5_LN,LN,GPU0,npu,NAIVE,2.333557728729332,2.333689263885582,0.00013153515625,160,-1,5,-1,weights_on_pim_prefill-1024xdecode_64_ops_trace.csv,0.00013153515625,0.00013153515625,7.325092092603124e-05,-5.8284235323968766e-05,0.556892339769667,0
prefill,L5_Q_s0,Q,PIM0,pim,NAIVE,2.3374434807980817,2.3745194358928736,0.0370759550947918,161,-1,5,0,weights_on_pim_prefill-1024xdecode_64_ops_trace.csv,0.0370759550947918,0.0370759550947918,0.004530509794025744,-0.03254544530076606,0.12219536307136594,0
prefill,L5_K_s0,K,PIM0,pim,NAIVE,2.3745194358928736,2.411595390987665,0.0370759550947918,162,-1,5,0,weights_on_pim_prefill-1024xdecode_64_ops_trace.csv,0.0370759550947918,0.0370759550947918,0.004530509794025744,-0.03254544530076606,0.12219536307136594,0
prefill,L5_V_s0,V,PIM0,pim,NAIVE,2.411595390987665,2.4486713460824574,0.0370759550947918,163,-1,5,0,weights_on_pim_prefill-1024xdecode_64_ops_trace.csv,0.0370759550947918,0.0370759550947918,0.004530509794025744,-0.03254544530076606,0.12219536307136594,0
prefill,L5_Q_s1,Q,PIM1,pim,NAIVE,2.3374434807980817,2.3745194358928736,0.0370759550947918,164,-1,5,1,weights_on_pim_prefill-1024xdecode_64_ops_trace.csv,0.0370759550947918,0.0370759550947918,0.004530509794025744,-0.03254544530076606,0.12219536307136594,0
prefill,L5_K_s1,K,PIM1,pim,NAIVE,2.3745194358928736,2.411595390987665,0.0370759550947918,165,-1,5,1,weights_on_pim_prefill-1024xdecode_64_ops_trace.csv,0.0370759550947918,0.0370759550947918,0.004530509794025744,-0.03254544530076606,0.12219536307136594,0
prefill,L5_V_s1,V,PIM1,pim,NAIVE,2.411595390987665,2.4486713460824574,0.0370759550947918,166,-1,5,1,weights_on_pim_prefill-1024xdecode_64_ops_trace.csv,0.0370759550947918,0.0370759550947918,0.004530509794025744,-0.03254544530076606,0.12219536307136594,0
prefill,L5_K_write_s0,K_write,PIM0,pim,NAIVE,2.4486713460824574,2.448702066082457,3.071999999981756e-05,167,-1,5,0,weights_on_pim_prefill-1024xdecode_64_ops_trace.csv,3.071999999981756e-05,3.071999999981756e-05,3.071999999981756e-05,0.0,1.0,0
prefill,L5_QK_s0,QK,GPU0,npu,NAIVE,2.413478269443915,2.4136137373265982,0.000135467882683,168,-1,5,0,weights_on_pim_prefill-1024xdecode_64_ops_trace.csv,0.000135467882683,0.000135467882683,7.544102615097862e-05,-6.002685653202137e-05,0.556892339769667,0
prefill,L5_V_write_s0,V_write,PIM0,pim,NAIVE,2.448702066082457,2.448732786082457,3.071999999981756e-05,169,-1,5,0,weights_on_pim_prefill-1024xdecode_64_ops_trace.csv,3.071999999981756e-05,3.071999999981756e-05,3.071999999981756e-05,0.0,1.0,0
prefill,L5_K_write_s1,K_write,PIM1,pim,NAIVE,2.4486713460824574,2.448702066082457,3.071999999981756e-05,170,-1,5,1,weights_on_pim_prefill-1024xdecode_64_ops_trace.csv,3.071999999981756e-05,3.071999999981756e-05,3.071999999981756e-05,0.0,1.0,0
prefill,L5_QK_s1,QK,GPU0,npu,NAIVE,2.4136137373265982,2.4137492052092813,0.000135467882683,171,-1,5,1,weights_on_pim_prefill-1024xdecode_64_ops_trace.csv,0.000135467882683,0.000135467882683,7.544102615097862e-05,-6.002685653202137e-05,0.556892339769667,0
prefill,L5_V_write_s1,V_write,PIM1,pim,NAIVE,2.448702066082457,2.448732786082457,3.071999999981756e-05,172,-1,5,1,weights_on_pim_prefill-1024xdecode_64_ops_trace.csv,3.071999999981756e-05,3.071999999981756e-05,3.071999999981756e-05,0.0,1.0,0
prefill,L5_Softmax_s0,Softmax,GPU0,npu,NAIVE,2.4137492052092813,2.413871394731071,0.0001221895217895,173,-1,5,0,weights_on_pim_prefill-1024xdecode_64_ops_trace.csv,0.0001221895217895,0.0001221895217895,6.804640868469137e-05,-5.414311310480864e-05,0.556892339769667,0
prefill,L5_Softmax_s1,Softmax,GPU0,npu,NAIVE,2.413871394731071,2.4139935842528604,0.0001221895217895,174,-1,5,1,weights_on_pim_prefill-1024xdecode_64_ops_trace.csv,0.0001221895217895,0.0001221895217895,6.804640868469137e-05,-5.414311310480864e-05,0.556892339769667,0
prefill,L5_SV_s0,SV,GPU0,npu,NAIVE,2.450554224538707,2.45068969242139,0.000135467882683,175,-1,5,0,weights_on_pim_prefill-1024xdecode_64_ops_trace.csv,0.000135467882683,0.000135467882683,7.544102615097862e-05,-6.002685653202137e-05,0.556892339769667,0
prefill,L5_SV_s1,SV,GPU0,npu,NAIVE,2.45068969242139,2.450825160304073,0.000135467882683,176,-1,5,1,weights_on_pim_prefill-1024xdecode_64_ops_trace.csv,0.000135467882683,0.000135467882683,7.544102615097862e-05,-6.002685653202137e-05,0.556892339769667,0
prefill,L5_O_s0,O,PIM0,pim,NAIVE,2.45256745087764,2.486645133972432,0.0340776830947917,177,-1,5,0,weights_on_pim_prefill-1024xdecode_64_ops_trace.csv,0.0340776830947917,0.0340776830947917,0.004164134858399021,-0.029913548236392678,0.12219536307136594,0
prefill,L5_O_s1,O,PIM1,pim,NAIVE,2.452702918760323,2.486780601855114,0.0340776830947917,178,-1,5,1,weights_on_pim_prefill-1024xdecode_64_ops_trace.csv,0.0340776830947917,0.0340776830947917,0.00416413485839902,-0.02991354823639268,0.12219536307136591,0
prefill,L5_AllReduce_O,ALLREDUCE,COMM,comm,COMM,2.486780601855114,2.488855797167614,0.0020751953125,179,-1,5,-1,weights_on_pim_prefill-1024xdecode_64_ops_trace.csv,0.0020751953125,0.0020751953125,0.0020751953125,0.0,1.0,0
prefill,L5_Add1,Add,GPU0,npu,NAIVE,2.493576168325948,2.493681421060322,0.0001052527343747,180,-1,5,-1,weights_on_pim_prefill-1024xdecode_64_ops_trace.csv,0.0001052527343747,0.0001052527343747,5.861444151308194e-05,-4.663829286161806e-05,0.556892339769667,0
prefill,L5_LN2,LN,GPU0,npu,NAIVE,2.493681421060322,2.4938129562165727,0.00013153515625,181,-1,5,-1,weights_on_pim_prefill-1024xdecode_64_ops_trace.csv,0.00013153515625,0.00013153515625,7.325092092603124e-05,-5.8284235323968766e-05,0.556892339769667,0
prefill,L5_FFN_W1_s0,FFN_W1,PIM0,pim,NAIVE,2.4975671731290725,2.5956325404463247,0.0980653673172522,182,-1,5,0,weights_on_pim_prefill-1024xdecode_64_ops_trace.csv,0.0980653673172522,0.0980653673172522,0.011983133164058496,-0.0860822341531937,0.12219536307136594,0
prefill,L5_FFN_W3_s0,FFN_W3,PIM1,pim,NAIVE,2.4975671731290725,2.588980636446325,0.0914134633172523,183,-1,5,0,weights_on_pim_prefill-1024xdecode_64_ops_trace.csv,0.0914134633172523,0.0914134633172523,0.011170301339662634,-0.08024316197758966,0.12219536307136591,0
prefill,L5_FFN_W1_s1,FFN_W1,PIM1,pim,NAIVE,2.588980636446325,2.687046003763577,0.0980653673172522,184,-1,5,1,weights_on_pim_prefill-1024xdecode_64_ops_trace.csv,0.0980653673172522,0.0980653673172522,0.011983133164058494,-0.0860822341531937,0.12219536307136593,0
prefill,L5_FFN_W3_s1,FFN_W3,PIM0,pim,NAIVE,2.5956325404463247,2.687046003763577,0.0914134633172523,185,-1,5,1,weights_on_pim_prefill-1024xdecode_64_ops_trace.csv,0.0914134633172523,0.0914134633172523,0.011170301339662635,-0.08024316197758966,0.12219536307136593,0
prefill,L5_SwiGLU_s0,SwiGLU,GPU0,npu,NAIVE,2.6006905825474966,2.600827806534313,0.0001372239868162,186,-1,5,0,weights_on_pim_prefill-1024xdecode_64_ops_trace.csv,0.0001372239868162,0.0001372239868162,7.641898709059555e-05,-6.080499972560445e-05,0.556892339769667,0
prefill,L5_SwiGLU_s1,SwiGLU,GPU0,npu,NAIVE,2.692104045864749,2.692241269851565,0.0001372239868162,187,-1,5,1,weights_on_pim_prefill-1024xdecode_64_ops_trace.csv,0.0001372239868162,0.0001372239868162,7.641898709059555e-05,-6.080499972560445e-05,0.556892339769667,0
prefill,L5_FFN_W2_s0,FFN_W2,PIM0,pim,NAIVE,2.687046003763577,2.7831289070808296,0.0960829033172525,188,-1,5,0,weights_on_pim_prefill-1024xdecode_64_ops_trace.csv,0.0960829033172525,0.0960829033172525,0.01174088525580262,-0.08434201806144988,0.12219536307136594,0
prefill,L5_FFN_W2_s1,FFN_W2,PIM1,pim,NAIVE,2.697285551952737,2.79336845526999,0.0960829033172525,189,-1,5,1,weights_on_pim_prefill-1024xdecode_64_ops_trace.csv,0.0960829033172525,0.0960829033172525,0.011740885255802618,-0.08434201806144988,0.12219536307136591,0
prefill,L5_AllReduce_FFN,ALLREDUCE,COMM,comm,COMM,2.79336845526999,2.79544365058249,0.0020751953125,190,-1,5,-1,weights_on_pim_prefill-1024xdecode_64_ops_trace.csv,0.0020751953125,0.0020751953125,0.0020751953125,0.0,1.0,0
prefill,L5_Add2,Add,GPU0,npu,NAIVE,2.800164021740823,2.800269274475198,0.0001052527343747,191,-1,5,-1,weights_on_pim_prefill-1024xdecode_64_ops_trace.csv,0.0001052527343747,0.0001052527343747,5.861444151308194e-05,-4.663829286161806e-05,0.556892339769667,0
prefill,L6_LN,LN,GPU0,npu,NAIVE,2.800269274475198,2.800400809631448,0.00013153515625,192,-1,6,-1,weights_on_pim_prefill-1024xdecode_64_ops_trace.csv,0.00013153515625,0.00013153515625,7.325092092603124e-05,-5.8284235323968766e-05,0.556892339769667,0
prefill,L6_Q_s0,Q,PIM0,pim,NAIVE,2.804155026543948,2.84123098163874,0.0370759550947918,193,-1,6,0,weights_on_pim_prefill-1024xdecode_64_ops_trace.csv,0.0370759550947918,0.0370759550947918,0.004530509794025744,-0.03254544530076606,0.12219536307136594,0
prefill,L6_K_s0,K,PIM0,pim,NAIVE,2.84123098163874,2.8783069367335314,0.0370759550947918,194,-1,6,0,weights_on_pim_prefill-1024xdecode_64_ops_trace.csv,0.0370759550947918,0.0370759550947918,0.004530509794025744,-0.03254544530076606,0.12219536307136594,0
prefill,L6_V_s0,V,PIM0,pim,NAIVE,2.8783069367335314,2.9153828918283238,0.0370759550947918,195,-1,6,0,weights_on_pim_prefill-1024xdecode_64_ops_trace.csv,0.0370759550947918,0.0370759550947918,0.004530509794025744,-0.03254544530076606,0.12219536307136594,0
prefill,L6_Q_s1,Q,PIM1,pim,NAIVE,2.804155026543948,2.84123098163874,0.0370759550947918,196,-1,6,1,weights_on_pim_prefill-1024xdecode_64_ops_trace.csv,0.0370759550947918,0.0370759550947918,0.004530509794025744,-0.03254544530076606,0.12219536307136594,0
prefill,L6_K_s1,K,PIM1,pim,NAIVE,2.84123098163874,2.8783069367335314,0.0370759550947918,197,-1,6,1,weights_on_pim_prefill-1024xdecode_64_ops_trace.csv,0.0370759550947918,0.0370759550947918,0.004530509794025744,-0.03254544530076606,0.12219536307136594,0
prefill,L6_V_s1,V,PIM1,pim,NAIVE,2.8783069367335314,2.9153828918283238,0.0370759550947918,198,-1,6,1,weights_on_pim_prefill-1024xdecode_64_ops_trace.csv,0.0370759550947918,0.0370759550947918,0.004530509794025744,-0.03254544530076606,0.12219536307136594,0
prefill,L6_K_write_s0,K_write,PIM0,pim,NAIVE,2.9153828918283238,2.915413611828323,3.071999999981756e-05,199,-1,6,0,weights_on_pim_prefill-1024xdecode_64_ops_trace.csv,3.071999999981756e-05,3.071999999981756e-05,3.071999999981756e-05,0.0,1.0,0
prefill,L6_QK_s0,QK,GPU0,npu,NAIVE,2.880189815189781,2.880325283072464,0.000135467882683,200,-1,6,0,weights_on_pim_prefill-1024xdecode_64_ops_trace.csv,0.000135467882683,0.000135467882683,7.544102615097862e-05,-6.002685653202137e-05,0.556892339769667,0
prefill,L6_V_write_s0,V_write,PIM0,pim,NAIVE,2.915413611828323,2.915444331828323,3.071999999981756e-05,201,-1,6,0,weights_on_pim_prefill-1024xdecode_64_ops_trace.csv,3.071999999981756e-05,3.071999999981756e-05,3.071999999981756e-05,0.0,1.0,0
prefill,L6_K_write_s1,K_write,PIM1,pim,NAIVE,2.9153828918283238,2.915413611828323,3.071999999981756e-05,202,-1,6,1,weights_on_pim_prefill-1024xdecode_64_ops_trace.csv,3.071999999981756e-05,3.071999999981756e-05,3.071999999981756e-05,0.0,1.0,0
prefill,L6_QK_s1,QK,GPU0,npu,NAIVE,2.880325283072464,2.880460750955147,0.000135467882683,203,-1,6,1,weights_on_pim_prefill-1024xdecode_64_ops_trace.csv,0.000135467882683,0.000135467882683,7.544102615097862e-05,-6.002685653202137e-05,0.556892339769667,0
prefill,L6_V_write_s1,V_write,PIM1,pim,NAIVE,2.915413611828323,2.915444331828323,3.071999999981756e-05,204,-1,6,1,weights_on_pim_prefill-1024xdecode_64_ops_trace.csv,3.071999999981756e-05,3.071999999981756e-05,3.071999999981756e-05,0.0,1.0,0
prefill,L6_Softmax_s0,Softmax,GPU0,npu,NAIVE,2.880460750955147,2.8805829404769367,0.0001221895217895,205,-1,6,0,weights_on_pim_prefill-1024xdecode_64_ops_trace.csv,0.0001221895217895,0.0001221895217895,6.804640868469137e-05,-5.414311310480864e-05,0.556892339769667,0
prefill,L6_Softmax_s1,Softmax,GPU0,npu,NAIVE,2.8805829404769367,2.8807051299987263,0.0001221895217895,206,-1,6,1,weights_on_pim_prefill-1024xdecode_64_ops_trace.csv,0.0001221895217895,0.0001221895217895,6.804640868469137e-05,-5.414311310480864e-05,0.556892339769667,0
prefill,L6_SV_s0,SV,GPU0,npu,NAIVE,2.917265770284573,2.917401238167256,0.000135467882683,207,-1,6,0,weights_on_pim_prefill-1024xdecode_64_ops_trace.csv,0.000135467882683,0.000135467882683,7.544102615097862e-05,-6.002685653202137e-05,0.556892339769667,0
prefill,L6_SV_s1,SV,GPU0,npu,NAIVE,2.917401238167256,2.917536706049939,0.000135467882683,208,-1,6,1,weights_on_pim_prefill-1024xdecode_64_ops_trace.csv,0.000135467882683,0.000135467882683,7.544102615097862e-05,-6.002685653202137e-05,0.556892339769667,0
prefill,L6_O_s0,O,PIM0,pim,NAIVE,2.9192789966235058,2.953356679718297,0.0340776830947917,209,-1,6,0,weights_on_pim_prefill-1024xdecode_64_ops_trace.csv,0.0340776830947917,0.0340776830947917,0.004164134858399021,-0.029913548236392678,0.12219536307136594,0
prefill,L6_O_s1,O,PIM1,pim,NAIVE,2.919414464506189,2.953492147600981,0.0340776830947917,210,-1,6,1,weights_on_pim_prefill-1024xdecode_64_ops_trace.csv,0.0340776830947917,0.0340776830947917,0.00416413485839902,-0.02991354823639268,0.12219536307136591,0
prefill,L6_AllReduce_O,ALLREDUCE,COMM,comm,COMM,2.953492147600981,2.955567342913481,0.0020751953125,211,-1,6,-1,weights_on_pim_prefill-1024xdecode_64_ops_trace.csv,0.0020751953125,0.0020751953125,0.0020751953125,0.0,1.0,0
prefill,L6_Add1,Add,GPU0,npu,NAIVE,2.960287714071814,2.960392966806189,0.0001052527343747,212,-1,6,-1,weights_on_pim_prefill-1024xdecode_64_ops_trace.csv,0.0001052527343747,0.0001052527343747,5.861444151308194e-05,-4.663829286161806e-05,0.556892339769667,0
prefill,L6_LN2,LN,GPU0,npu,NAIVE,2.960392966806189,2.9605245019624387,0.00013153515625,213,-1,6,-1,weights_on_pim_prefill-1024xdecode_64_ops_trace.csv,0.00013153515625,0.00013153515625,7.325092092603124e-05,-5.8284235323968766e-05,0.556892339769667,0
prefill,L6_FFN_W1_s0,FFN_W1,PIM0,pim,NAIVE,2.9642787188749384,3.0623440861921907,0.0980653673172522,214,-1,6,0,weights_on_pim_prefill-1024xdecode_64_ops_trace.csv,0.0980653673172522,0.0980653673172522,0.011983133164058496,-0.0860822341531937,0.12219536307136594,0
prefill,L6_FFN_W3_s0,FFN_W3,PIM1,pim,NAIVE,2.9642787188749384,3.0556921821921907,0.0914134633172523,215,-1,6,0,weights_on_pim_prefill-1024xdecode_64_ops_trace.csv,0.0914134633172523,0.0914134633172523,0.011170301339662634,-0.08024316197758966,0.12219536307136591,0
prefill,L6_FFN_W1_s1,FFN_W1,PIM1,pim,NAIVE,3.0556921821921907,3.153757549509443,0.0980653673172522,216,-1,6,1,weights_on_pim_prefill-1024xdecode_64_ops_trace.csv,0.0980653673172522,0.0980653673172522,0.011983133164058494,-0.0860822341531937,0.12219536307136593,0
prefill,L6_FFN_W3_s1,FFN_W3,PIM0,pim,NAIVE,3.0623440861921907,3.153757549509443,0.0914134633172523,217,-1,6,1,weights_on_pim_prefill-1024xdecode_64_ops_trace.csv,0.0914134633172523,0.0914134633172523,0.011170301339662635,-0.08024316197758966,0.12219536307136593,0
prefill,L6_SwiGLU_s0,SwiGLU,GPU0,npu,NAIVE,3.0674021282933626,3.067539352280179,0.0001372239868162,218,-1,6,0,weights_on_pim_prefill-1024xdecode_64_ops_trace.csv,0.0001372239868162,0.0001372239868162,7.641898709059555e-05,-6.080499972560445e-05,0.556892339769667,0
prefill,L6_SwiGLU_s1,SwiGLU,GPU0,npu,NAIVE,3.158815591610615,3.158952815597431,0.0001372239868162,219,-1,6,1,weights_on_pim_prefill-1024xdecode_64_ops_trace.csv,0.0001372239868162,0.0001372239868162,7.641898709059555e-05,-6.080499972560445e-05,0.556892339769667,0
prefill,L6_FFN_W2_s0,FFN_W2,PIM0,pim,NAIVE,3.153757549509443,3.2498404528266955,0.0960829033172525,220,-1,6,0,weights_on_pim_prefill-1024xdecode_64_ops_trace.csv,0.0960829033172525,0.0960829033172525,0.01174088525580262,-0.08434201806144988,0.12219536307136594,0
prefill,L6_FFN_W2_s1,FFN_W2,PIM1,pim,NAIVE,3.163997097698603,3.260080001015856,0.0960829033172525,221,-1,6,1,weights_on_pim_prefill-1024xdecode_64_ops_trace.csv,0.0960829033172525,0.0960829033172525,0.011740885255802618,-0.08434201806144988,0.12219536307136591,0
prefill,L6_AllReduce_FFN,ALLREDUCE,COMM,comm,COMM,3.260080001015856,3.262155196328356,0.0020751953125,222,-1,6,-1,weights_on_pim_prefill-1024xdecode_64_ops_trace.csv,0.0020751953125,0.0020751953125,0.0020751953125,0.0,1.0,0
prefill,L6_Add2,Add,GPU0,npu,NAIVE,3.266875567486689,3.266980820221064,0.0001052527343747,223,-1,6,-1,weights_on_pim_prefill-1024xdecode_64_ops_trace.csv,0.0001052527343747,0.0001052527343747,5.861444151308194e-05,-4.663829286161806e-05,0.556892339769667,0
prefill,L7_LN,LN,GPU0,npu,NAIVE,3.266980820221064,3.267112355377314,0.00013153515625,224,-1,7,-1,weights_on_pim_prefill-1024xdecode_64_ops_trace.csv,0.00013153515625,0.00013153515625,7.325092092603124e-05,-5.8284235323968766e-05,0.556892339769667,0
prefill,L7_Q_s0,Q,PIM0,pim,NAIVE,3.2708665722898136,3.307942527384605,0.0370759550947918,225,-1,7,0,weights_on_pim_prefill-1024xdecode_64_ops_trace.csv,0.0370759550947918,0.0370759550947918,0.004530509794025744,-0.03254544530076606,0.12219536307136594,0
prefill,L7_K_s0,K,PIM0,pim,NAIVE,3.307942527384605,3.3450184824793974,0.0370759550947918,226,-1,7,0,weights_on_pim_prefill-1024xdecode_64_ops_trace.csv,0.0370759550947918,0.0370759550947918,0.004530509794025744,-0.03254544530076606,0.12219536307136594,0
prefill,L7_V_s0,V,PIM0,pim,NAIVE,3.3450184824793974,3.3820944375741893,0.0370759550947918,227,-1,7,0,weights_on_pim_prefill-1024xdecode_64_ops_trace.csv,0.0370759550947918,0.0370759550947918,0.004530509794025744,-0.03254544530076606,0.12219536307136594,0
prefill,L7_Q_s1,Q,PIM1,pim,NAIVE,3.2708665722898136,3.307942527384605,0.0370759550947918,228,-1,7,1,weights_on_pim_prefill-1024xdecode_64_ops_trace.csv,0.0370759550947918,0.0370759550947918,0.004530509794025744,-0.03254544530076606,0.12219536307136594,0
prefill,L7_K_s1,K,PIM1,pim,NAIVE,3.307942527384605,3.3450184824793974,0.0370759550947918,229,-1,7,1,weights_on_pim_prefill-1024xdecode_64_ops_trace.csv,0.0370759550947918,0.0370759550947918,0.004530509794025744,-0.03254544530076606,0.12219536307136594,0
prefill,L7_V_s1,V,PIM1,pim,NAIVE,3.3450184824793974,3.3820944375741893,0.0370759550947918,230,-1,7,1,weights_on_pim_prefill-1024xdecode_64_ops_trace.csv,0.0370759550947918,0.0370759550947918,0.004530509794025744,-0.03254544530076606,0.12219536307136594,0
prefill,L7_K_write_s0,K_write,PIM0,pim,NAIVE,3.3820944375741893,3.382125157574189,3.071999999981756e-05,231,-1,7,0,weights_on_pim_prefill-1024xdecode_64_ops_trace.csv,3.071999999981756e-05,3.071999999981756e-05,3.071999999981756e-05,0.0,1.0,0
prefill,L7_QK_s0,QK,GPU0,npu,NAIVE,3.346901360935647,3.34703682881833,0.000135467882683,232,-1,7,0,weights_on_pim_prefill-1024xdecode_64_ops_trace.csv,0.000135467882683,0.000135467882683,7.544102615097862e-05,-6.002685653202137e-05,0.556892339769667,0
prefill,L7_V_write_s0,V_write,PIM0,pim,NAIVE,3.382125157574189,3.382155877574189,3.071999999981756e-05,233,-1,7,0,weights_on_pim_prefill-1024xdecode_64_ops_trace.csv,3.071999999981756e-05,3.071999999981756e-05,3.071999999981756e-05,0.0,1.0,0
prefill,L7_K_write_s1,K_write,PIM1,pim,NAIVE,3.3820944375741893,3.382125157574189,3.071999999981756e-05,234,-1,7,1,weights_on_pim_prefill-1024xdecode_64_ops_trace.csv,3.071999999981756e-05,3.071999999981756e-05,3.071999999981756e-05,0.0,1.0,0
prefill,L7_QK_s1,QK,GPU0,npu,NAIVE,3.34703682881833,3.347172296701013,0.000135467882683,235,-1,7,1,weights_on_pim_prefill-1024xdecode_64_ops_trace.csv,0.000135467882683,0.000135467882683,7.544102615097862e-05,-6.002685653202137e-05,0.556892339769667,0
prefill,L7_V_write_s1,V_write,PIM1,pim,NAIVE,3.382125157574189,3.382155877574189,3.071999999981756e-05,236,-1,7,1,weights_on_pim_prefill-1024xdecode_64_ops_trace.csv,3.071999999981756e-05,3.071999999981756e-05,3.071999999981756e-05,0.0,1.0,0
prefill,L7_Softmax_s0,Softmax,GPU0,npu,NAIVE,3.347172296701013,3.3472944862228027,0.0001221895217895,237,-1,7,0,weights_on_pim_prefill-1024xdecode_64_ops_trace.csv,0.0001221895217895,0.0001221895217895,6.804640868469137e-05,-5.414311310480864e-05,0.556892339769667,0
prefill,L7_Softmax_s1,Softmax,GPU0,npu,NAIVE,3.3472944862228027,3.347416675744592,0.0001221895217895,238,-1,7,1,weights_on_pim_prefill-1024xdecode_64_ops_trace.csv,0.0001221895217895,0.0001221895217895,6.804640868469137e-05,-5.414311310480864e-05,0.556892339769667,0
prefill,L7_SV_s0,SV,GPU0,npu,NAIVE,3.383977316030439,3.384112783913122,0.000135467882683,239,-1,7,0,weights_on_pim_prefill-1024xdecode_64_ops_trace.csv,0.000135467882683,0.000135467882683,7.544102615097862e-05,-6.002685653202137e-05,0.556892339769667,0
prefill,L7_SV_s1,SV,GPU0,npu,NAIVE,3.384112783913122,3.384248251795805,0.000135467882683,240,-1,7,1,weights_on_pim_prefill-1024xdecode_64_ops_trace.csv,0.000135467882683,0.000135467882683,7.544102615097862e-05,-6.002685653202137e-05,0.556892339769667,0
prefill,L7_O_s0,O,PIM0,pim,NAIVE,3.385990542369372,3.4200682254641634,0.0340776830947917,241,-1,7,0,weights_on_pim_prefill-1024xdecode_64_ops_trace.csv,0.0340776830947917,0.0340776830947917,0.004164134858399021,-0.029913548236392678,0.12219536307136594,0
prefill,L7_O_s1,O,PIM1,pim,NAIVE,3.3861260102520547,3.4202036933468465,0.0340776830947917,242,-1,7,1,weights_on_pim_prefill-1024xdecode_64_ops_trace.csv,0.0340776830947917,0.0340776830947917,0.00416413485839902,-0.02991354823639268,0.12219536307136591,0
prefill,L7_AllReduce_O,ALLREDUCE,COMM,comm,COMM,3.4202036933468465,3.4222788886593465,0.0020751953125,243,-1,7,-1,weights_on_pim_prefill-1024xdecode_64_ops_trace.csv,0.0020751953125,0.0020751953125,0.0020751953125,0.0,1.0,0
prefill,L7_Add1,Add,GPU0,npu,NAIVE,3.42699925981768,3.4271045125520545,0.0001052527343747,244,-1,7,-1,weights_on_pim_prefill-1024xdecode_64_ops_trace.csv,0.0001052527343747,0.0001052527343747,5.861444151308194e-05,-4.663829286161806e-05,0.556892339769667,0
prefill,L7_LN2,LN,GPU0,npu,NAIVE,3.4271045125520545,3.4272360477083046,0.00013153515625,245,-1,7,-1,weights_on_pim_prefill-1024xdecode_64_ops_trace.csv,0.00013153515625,0.00013153515625,7.325092092603124e-05,-5.8284235323968766e-05,0.556892339769667,0
prefill,L7_FFN_W1_s0,FFN_W1,PIM0,pim,NAIVE,3.4309902646208044,3.5290556319380566,0.0980653673172522,246,-1,7,0,weights_on_pim_prefill-1024xdecode_64_ops_trace.csv,0.0980653673172522,0.0980653673172522,0.011983133164058496,-0.0860822341531937,0.12219536307136594,0
prefill,L7_FFN_W3_s0,FFN_W3,PIM1,pim,NAIVE,3.4309902646208044,3.5224037279380567,0.0914134633172523,247,-1,7,0,weights_on_pim_prefill-1024xdecode_64_ops_trace.csv,0.0914134633172523,0.0914134633172523,0.011170301339662634,-0.08024316197758966,0.12219536307136591,0
prefill,L7_FFN_W1_s1,FFN_W1,PIM1,pim,NAIVE,3.5224037279380567,3.620469095255309,0.0980653673172522,248,-1,7,1,weights_on_pim_prefill-1024xdecode_64_ops_trace.csv,0.0980653673172522,0.0980653673172522,0.011983133164058494,-0.0860822341531937,0.12219536307136593,0
prefill,L7_FFN_W3_s1,FFN_W3,PIM0,pim,NAIVE,3.5290556319380566,3.620469095255309,0.0914134633172523,249,-1,7,1,weights_on_pim_prefill-1024xdecode_64_ops_trace.csv,0.0914134633172523,0.0914134633172523,0.011170301339662635,-0.08024316197758966,0.12219536307136593,0
prefill,L7_SwiGLU_s0,SwiGLU,GPU0,npu,NAIVE,3.5341136740392285,3.5342508980260448,0.0001372239868162,250,-1,7,0,weights_on_pim_prefill-1024xdecode_64_ops_trace.csv,0.0001372239868162,0.0001372239868162,7.641898709059555e-05,-6.080499972560445e-05,0.556892339769667,0
prefill,L7_SwiGLU_s1,SwiGLU,GPU0,npu,NAIVE,3.625527137356481,3.625664361343297,0.0001372239868162,251,-1,7,1,weights_on_pim_prefill-1024xdecode_64_ops_trace.csv,0.0001372239868162,0.0001372239868162,7.641898709059555e-05,-6.080499972560445e-05,0.556892339769667,0
prefill,L7_FFN_W2_s0,FFN_W2,PIM0,pim,NAIVE,3.620469095255309,3.7165519985725615,0.0960829033172525,252,-1,7,0,weights_on_pim_prefill-1024xdecode_64_ops_trace.csv,0.0960829033172525,0.0960829033172525,0.01174088525580262,-0.08434201806144988,0.12219536307136594,0
prefill,L7_FFN_W2_s1,FFN_W2,PIM1,pim,NAIVE,3.630708643444469,3.7267915467617216,0.0960829033172525,253,-1,7,1,weights_on_pim_prefill-1024xdecode_64_ops_trace.csv,0.0960829033172525,0.0960829033172525,0.011740885255802618,-0.08434201806144988,0.12219536307136591,0
prefill,L7_AllReduce_FFN,ALLREDUCE,COMM,comm,COMM,3.7267915467617216,3.7288667420742216,0.0020751953125,254,-1,7,-1,weights_on_pim_prefill-1024xdecode_64_ops_trace.csv,0.0020751953125,0.0020751953125,0.0020751953125,0.0,1.0,0
prefill,L7_Add2,Add,GPU0,npu,NAIVE,3.733587113232555,3.7336923659669297,0.0001052527343747,255,-1,7,-1,weights_on_pim_prefill-1024xdecode_64_ops_trace.csv,0.0001052527343747,0.0001052527343747,5.861444151308194e-05,-4.663829286161806e-05,0.556892339769667,0
prefill,L8_LN,LN,GPU0,npu,NAIVE,3.7336923659669297,3.73382390112318,0.00013153515625,256,-1,8,-1,weights_on_pim_prefill-1024xdecode_64_ops_trace.csv,0.00013153515625,0.00013153515625,7.325092092600736e-05,-5.8284235323992646e-05,0.5568923397694855,0
prefill,L8_Q_s0,Q,PIM0,pim,NAIVE,3.73757811803568,3.774654073130472,0.0370759550947918,257,-1,8,0,weights_on_pim_prefill-1024xdecode_64_ops_trace.csv,0.0370759550947918,0.0370759550947918,0.004530509794025739,-0.032545445300766064,0.1221953630713658,0
prefill,L8_K_s0,K,PIM0,pim,NAIVE,3.774654073130472,3.8117300282252633,0.0370759550947918,258,-1,8,0,weights_on_pim_prefill-1024xdecode_64_ops_trace.csv,0.0370759550947918,0.0370759550947918,0.004530509794025739,-0.032545445300766064,0.1221953630713658,0
prefill,L8_V_s0,V,PIM0,pim,NAIVE,3.8117300282252633,3.848805983320055,0.0370759550947918,259,-1,8,0,weights_on_pim_prefill-1024xdecode_64_ops_trace.csv,0.0370759550947918,0.0370759550947918,0.004530509794025739,-0.032545445300766064,0.1221953630713658,0
prefill,L8_Q_s1,Q,PIM1,pim,NAIVE,3.73757811803568,3.774654073130472,0.0370759550947918,260,-1,8,1,weights_on_pim_prefill-1024xdecode_64_ops_trace.csv,0.0370759550947918,0.0370759550947918,0.004530509794025738,-0.032545445300766064,0.12219536307136578,0
prefill,L8_K_s1,K,PIM1,pim,NAIVE,3.774654073130472,3.8117300282252633,0.0370759550947918,261,-1,8,1,weights_on_pim_prefill-1024xdecode_64_ops_trace.csv,0.0370759550947918,0.0370759550947918,0.004530509794025738,-0.032545445300766064,0.12219536307136578,0
prefill,L8_V_s1,V,PIM1,pim,NAIVE,3.8117300282252633,3.848805983320055,0.0370759550947918,262,-1,8,1,weights_on_pim_prefill-1024xdecode_64_ops_trace.csv,0.0370759550947918,0.0370759550947918,0.004530509794025738,-0.032545445300766064,0.12219536307136578,0
prefill,L8_K_write_s0,K_write,PIM0,pim,NAIVE,3.848805983320055,3.848836703320055,3.071999999981756e-05,263,-1,8,0,weights_on_pim_prefill-1024xdecode_64_ops_trace.csv,3.071999999981756e-05,3.071999999981756e-05,3.071999999981756e-05,0.0,1.0,0
prefill,L8_QK_s0,QK,GPU0,npu,NAIVE,3.813612906681513,3.813748374564196,0.000135467882683,264,-1,8,0,weights_on_pim_prefill-1024xdecode_64_ops_trace.csv,0.000135467882683,0.000135467882683,7.544102615095404e-05,-6.002685653204596e-05,0.5568923397694855,0
prefill,L8_V_write_s0,V_write,PIM0,pim,NAIVE,3.848836703320055,3.848867423320055,3.071999999981756e-05,265,-1,8,0,weights_on_pim_prefill-1024xdecode_64_ops_trace.csv,3.071999999981756e-05,3.071999999981756e-05,3.071999999981756e-05,0.0,1.0,0
prefill,L8_K_write_s1,K_write,PIM1,pim,NAIVE,3.848805983320055,3.848836703320055,3.071999999981756e-05,266,-1,8,1,weights_on_pim_prefill-1024xdecode_64_ops_trace.csv,3.071999999981756e-05,3.071999999981756e-05,3.071999999981756e-05,0.0,1.0,0
prefill,L8_QK_s1,QK,GPU0,npu,NAIVE,3.813748374564196,3.813883842446879,0.000135467882683,267,-1,8,1,weights_on_pim_prefill-1024xdecode_64_ops_trace.csv,0.000135467882683,0.000135467882683,7.544102615095404e-05,-6.002685653204596e-05,0.5568923397694855,0
prefill,L8_V_write_s1,V_write,PIM1,pim,NAIVE,3.848836703320055,3.848867423320055,3.071999999981756e-05,268,-1,8,1,weights_on_pim_prefill-1024xdecode_64_ops_trace.csv,3.071999999981756e-05,3.071999999981756e-05,3.071999999981756e-05,0.0,1.0,0
prefill,L8_Softmax_s0,Softmax,GPU0,npu,NAIVE,3.813883842446879,3.8140060319686686,0.0001221895217895,269,-1,8,0,weights_on_pim_prefill-1024xdecode_64_ops_trace.csv,0.0001221895217895,0.0001221895217895,6.804640868466919e-05,-5.4143113104830826e-05,0.5568923397694855,0
prefill,L8_Softmax_s1,Softmax,GPU0,npu,NAIVE,3.8140060319686686,3.814128221490458,0.0001221895217895,270,-1,8,1,weights_on_pim_prefill-1024xdecode_64_ops_trace.csv,0.0001221895217895,0.0001221895217895,6.804640868466919e-05,-5.4143113104830826e-05,0.5568923397694855,0
prefill,L8_SV_s0,SV,GPU0,npu,NAIVE,3.850688861776305,3.850824329658988,0.000135467882683,271,-1,8,0,weights_on_pim_prefill-1024xdecode_64_ops_trace.csv,0.000135467882683,0.000135467882683,7.544102615095404e-05,-6.002685653204596e-05,0.5568923397694855,0
prefill,L8_SV_s1,SV,GPU0,npu,NAIVE,3.850824329658988,3.850959797541671,0.000135467882683,272,-1,8,1,weights_on_pim_prefill-1024xdecode_64_ops_trace.csv,0.000135467882683,0.000135467882683,7.544102615095404e-05,-6.002685653204596e-05,0.5568923397694855,0
prefill,L8_O_s0,O,PIM0,pim,NAIVE,3.8527020881152376,3.886779771210029,0.0340776830947917,273,-1,8,0,weights_on_pim_prefill-1024xdecode_64_ops_trace.csv,0.0340776830947917,0.0340776830947917,0.004164134858399017,-0.02991354823639268,0.12219536307136582,0
prefill,L8_O_s1,O,PIM1,pim,NAIVE,3.8528375559979207,3.886915239092712,0.0340776830947917,274,-1,8,1,weights_on_pim_prefill-1024xdecode_64_ops_trace.csv,0.0340776830947917,0.0340776830947917,0.004164134858399016,-0.029913548236392685,0.12219536307136579,0
prefill,L8_AllReduce_O,ALLREDUCE,COMM,comm,COMM,3.886915239092712,3.888990434405213,0.0020751953125,275,-1,8,-1,weights_on_pim_prefill-1024xdecode_64_ops_trace.csv,0.0020751953125,0.0020751953125,0.0020751953125,0.0,1.0,0
prefill,L8_Add1,Add,GPU0,npu,NAIVE,3.8937108055635457,3.89381605829792,0.0001052527343747,276,-1,8,-1,weights_on_pim_prefill-1024xdecode_64_ops_trace.csv,0.0001052527343747,0.0001052527343747,5.8614441513062836e-05,-4.663829286163716e-05,0.5568923397694855,0
prefill,L8_LN2,LN,GPU0,npu,NAIVE,3.89381605829792,3.8939475934541705,0.00013153515625,277,-1,8,-1,weights_on_pim_prefill-1024xdecode_64_ops_trace.csv,0.00013153515625,0.00013153515625,7.325092092600736e-05,-5.8284235323992646e-05,0.5568923397694855,0
prefill,L8_FFN_W1_s0,FFN_W1,PIM0,pim,NAIVE,3.8977018103666703,3.9957671776839225,0.0980653673172522,278,-1,8,0,weights_on_pim_prefill-1024xdecode_64_ops_trace.csv,0.0980653673172522,0.0980653673172522,0.011983133164058482,-0.08608223415319372,0.1221953630713658,0
prefill,L8_FFN_W3_s0,FFN_W3,PIM1,pim,NAIVE,3.8977018103666703,3.9891152736839226,0.0914134633172523,279,-1,8,0,weights_on_pim_prefill-1024xdecode_64_ops_trace.csv,0.0914134633172523,0.0914134633172523,0.011170301339662621,-0.08024316197758967,0.12219536307136578,0
prefill,L8_FFN_W1_s1,FFN_W1,PIM1,pim,NAIVE,3.9891152736839226,4.087180641001175,0.0980653673172522,280,-1,8,1,weights_on_pim_prefill-1024xdecode_64_ops_trace.csv,0.0980653673172522,0.0980653673172522,0.01198313316405848,-0.08608223415319372,0.12219536307136579,0
prefill,L8_FFN_W3_s1,FFN_W3,PIM0,pim,NAIVE,3.9957671776839225,4.087180641001175,0.0914134633172523,281,-1,8,1,weights_on_pim_prefill-1024xdecode_64_ops_trace.csv,0.0914134633172523,0.0914134633172523,0.011170301339662623,-0.08024316197758967,0.1221953630713658,0
prefill,L8_SwiGLU_s0,SwiGLU,GPU0,npu,NAIVE,4.000825219785095,4.000962443771911,0.0001372239868162,282,-1,8,0,weights_on_pim_prefill-1024xdecode_64_ops_trace.csv,0.0001372239868162,0.0001372239868162,7.641898709057064e-05,-6.080499972562936e-05,0.5568923397694855,0
prefill,L8_SwiGLU_s1,SwiGLU,GPU0,npu,NAIVE,4.092238683102347,4.092375907089163,0.0001372239868162,283,-1,8,1,weights_on_pim_prefill-1024xdecode_64_ops_trace.csv,0.0001372239868162,0.0001372239868162,7.641898709057064e-05,-6.080499972562936e-05,0.5568923397694855,0
prefill,L8_FFN_W2_s0,FFN_W2,PIM0,pim,NAIVE,4.087180641001175,4.183263544318428,0.096082903317253,284,-1,8,0,weights_on_pim_prefill-1024xdecode_64_ops_trace.csv,0.096082903317253,0.096082903317253,0.011740885255802667,-0.08434201806145034,0.12219536307136579,0
prefill,L8_FFN_W2_s1,FFN_W2,PIM1,pim,NAIVE,4.097420189190336,4.193503092507589,0.096082903317253,285,-1,8,1,weights_on_pim_prefill-1024xdecode_64_ops_trace.csv,0.096082903317253,0.096082903317253,0.011740885255802665,-0.08434201806145034,0.12219536307136578,0
prefill,L8_AllReduce_FFN,ALLREDUCE,COMM,comm,COMM,4.193503092507589,4.195578287820089,0.0020751953125,286,-1,8,-1,weights_on_pim_prefill-1024xdecode_64_ops_trace.csv,0.0020751953125,0.0020751953125,0.0020751953125,0.0,1.0,0
prefill,L8_Add2,Add,GPU0,npu,NAIVE,4.200298658978422,4.200403911712797,0.0001052527343752,287,-1,8,-1,weights_on_pim_prefill-1024xdecode_64_ops_trace.csv,0.0001052527343752,0.0001052527343752,5.8614441513341287e-05,-4.6638292861858716e-05,0.5568923397694855,0
prefill,L9_LN,LN,GPU0,npu,NAIVE,4.200403911712797,4.200535446869047,0.0001315351562496,288,-1,9,-1,weights_on_pim_prefill-1024xdecode_64_ops_trace.csv,0.0001315351562496,0.0001315351562496,7.325092092579894e-05,-5.8284235323801054e-05,0.5568923397695945,0
prefill,L9_Q_s0,Q,PIM0,pim,NAIVE,4.204289663781547,4.24136561887634,0.0370759550947923,289,-1,9,0,weights_on_pim_prefill-1024xdecode_64_ops_trace.csv,0.0370759550947923,0.0370759550947923,0.0045305097940257595,-0.03254544530076654,0.12219536307136472,0
prefill,L9_K_s0,K,PIM0,pim,NAIVE,4.24136561887634,4.278441573971132,0.0370759550947923,290,-1,9,0,weights_on_pim_prefill-1024xdecode_64_ops_trace.csv,0.0370759550947923,0.0370759550947923,0.0045305097940257595,-0.03254544530076654,0.12219536307136472,0
prefill,L9_V_s0,V,PIM0,pim,NAIVE,4.278441573971132,4.315517529065924,0.0370759550947923,291,-1,9,0,weights_on_pim_prefill-1024xdecode_64_ops_trace.csv,0.0370759550947923,0.0370759550947923,0.0045305097940257595,-0.03254544530076654,0.12219536307136472,0
prefill,L9_Q_s1,Q,PIM1,pim,NAIVE,4.204289663781547,4.24136561887634,0.0370759550947923,292,-1,9,1,weights_on_pim_prefill-1024xdecode_64_ops_trace.csv,0.0370759550947923,0.0370759550947923,0.004530509794025759,-0.03254544530076654,0.1221953630713647,0
prefill,L9_K_s1,K,PIM1,pim,NAIVE,4.24136561887634,4.278441573971132,0.0370759550947923,293,-1,9,1,weights_on_pim_prefill-1024xdecode_64_ops_trace.csv,0.0370759550947923,0.0370759550947923,0.004530509794025759,-0.03254544530076654,0.1221953630713647,0
prefill,L9_V_s1,V,PIM1,pim,NAIVE,4.278441573971132,4.315517529065924,0.0370759550947923,294,-1,9,1,weights_on_pim_prefill-1024xdecode_64_ops_trace.csv,0.0370759550947923,0.0370759550947923,0.004530509794025759,-0.03254544530076654,0.1221953630713647,0
prefill,L9_K_write_s0,K_write,PIM0,pim,NAIVE,4.315517529065924,4.315548249065924,3.071999999981756e-05,295,-1,9,0,weights_on_pim_prefill-1024xdecode_64_ops_trace.csv,3.071999999981756e-05,3.071999999981756e-05,3.071999999981756e-05,0.0,1.0,0
prefill,L9_QK_s0,QK,GPU0,npu,NAIVE,4.280324452427382,4.280459920310065,0.000135467882683,296,-1,9,0,weights_on_pim_prefill-1024xdecode_64_ops_trace.csv,0.000135467882683,0.000135467882683,7.544102615096879e-05,-6.002685653203121e-05,0.5568923397695944,0
prefill,L9_V_write_s0,V_write,PIM0,pim,NAIVE,4.315548249065924,4.315578969065924,3.071999999981756e-05,297,-1,9,0,weights_on_pim_prefill-1024xdecode_64_ops_trace.csv,3.071999999981756e-05,3.071999999981756e-05,3.071999999981756e-05,0.0,1.0,0
prefill,L9_K_write_s1,K_write,PIM1,pim,NAIVE,4.315517529065924,4.315548249065924,3.071999999981756e-05,298,-1,9,1,weights_on_pim_prefill-1024xdecode_64_ops_trace.csv,3.071999999981756e-05,3.071999999981756e-05,3.071999999981756e-05,0.0,1.0,0
prefill,L9_QK_s1,QK,GPU0,npu,NAIVE,4.280459920310065,4.280595388192748,0.000135467882683,299,-1,9,1,weights_on_pim_prefill-1024xdecode_64_ops_trace.csv,0.000135467882683,0.000135467882683,7.544102615096879e-05,-6.002685653203121e-05,0.5568923397695944,0
prefill,L9_V_write_s1,V_write,PIM1,pim,NAIVE,4.315548249065924,4.315578969065924,3.071999999981756e-05,300,-1,9,1,weights_on_pim_prefill-1024xdecode_64_ops_trace.csv,3.071999999981756e-05,3.071999999981756e-05,3.071999999981756e-05,0.0,1.0,0
prefill,L9_Softmax_s0,Softmax,GPU0,npu,NAIVE,4.280595388192748,4.280717577714538,0.0001221895217895,301,-1,9,0,weights_on_pim_prefill-1024xdecode_64_ops_trace.csv,0.0001221895217895,0.0001221895217895,6.804640868468251e-05,-5.4143113104817504e-05,0.5568923397695945,0
prefill,L9_Softmax_s1,Softmax,GPU0,npu,NAIVE,4.280717577714538,4.280839767236327,0.0001221895217895,302,-1,9,1,weights_on_pim_prefill-1024xdecode_64_ops_trace.csv,0.0001221895217895,0.0001221895217895,6.804640868468251e-05,-5.4143113104817504e-05,0.5568923397695945,0
prefill,L9_SV_s0,SV,GPU0,npu,NAIVE,4.317400407522174,4.317535875404857,0.000135467882683,303,-1,9,0,weights_on_pim_prefill-1024xdecode_64_ops_trace.csv,0.000135467882683,0.000135467882683,7.544102615096879e-05,-6.002685653203121e-05,0.5568923397695944,0
prefill,L9_SV_s1,SV,GPU0,npu,NAIVE,4.317535875404857,4.31767134328754,0.000135467882683,304,-1,9,1,weights_on_pim_prefill-1024xdecode_64_ops_trace.csv,0.000135467882683,0.000135467882683,7.544102615096879e-05,-6.002685653203121e-05,0.5568923397695944,0
prefill,L9_O_s0,O,PIM0,pim,NAIVE,4.319413633861108,4.3534913169559,0.0340776830947922,305,-1,9,0,weights_on_pim_prefill-1024xdecode_64_ops_trace.csv,0.0340776830947922,0.0340776830947922,0.004164134858399041,-0.02991354823639316,0.12219536307136473,0
prefill,L9_O_s1,O,PIM1,pim,NAIVE,4.319549101743791,4.353626784838583,0.0340776830947922,306,-1,9,1,weights_on_pim_prefill-1024xdecode_64_ops_trace.csv,0.0340776830947922,0.0340776830947922,0.00416413485839904,-0.02991354823639316,0.12219536307136471,0
prefill,L9_AllReduce_O,ALLREDUCE,COMM,comm,COMM,4.353626784838583,4.355701980151083,0.0020751953125,307,-1,9,-1,weights_on_pim_prefill-1024xdecode_64_ops_trace.csv,0.0020751953125,0.0020751953125,0.0020751953125,0.0,1.0,0
prefill,L9_Add1,Add,GPU0,npu,NAIVE,4.360422351309416,4.360527604043791,0.0001052527343752,308,-1,9,-1,weights_on_pim_prefill-1024xdecode_64_ops_trace.csv,0.0001052527343752,0.0001052527343752,5.861444151335275e-05,-4.663829286184725e-05,0.5568923397695944,0
prefill,L9_LN2,LN,GPU0,npu,NAIVE,4.360527604043791,4.360659139200041,0.0001315351562496,309,-1,9,-1,weights_on_pim_prefill-1024xdecode_64_ops_trace.csv,0.0001315351562496,0.0001315351562496,7.325092092579894e-05,-5.8284235323801054e-05,0.5568923397695945,0
prefill,L9_FFN_W1_s0,FFN_W1,PIM0,pim,NAIVE,4.364413356112541,4.462478723429794,0.0980653673172531,310,-1,9,0,weights_on_pim_prefill-1024xdecode_64_ops_trace.csv,0.0980653673172531,0.0980653673172531,0.011983133164058486,-0.08608223415319462,0.12219536307136471,0
prefill,L9_FFN_W3_s0,FFN_W3,PIM1,pim,NAIVE,4.364413356112541,4.455826819429794,0.0914134633172532,311,-1,9,0,weights_on_pim_prefill-1024xdecode_64_ops_trace.csv,0.0914134633172532,0.0914134633172532,0.011170301339662632,-0.08024316197759057,0.1221953630713647,0
prefill,L9_FFN_W1_s1,FFN_W1,PIM1,pim,NAIVE,4.455826819429794,4.553892186747047,0.0980653673172531,312,-1,9,1,weights_on_pim_prefill-1024xdecode_64_ops_trace.csv,0.0980653673172531,0.0980653673172531,0.011983133164058484,-0.08608223415319462,0.1221953630713647,0
prefill,L9_FFN_W3_s1,FFN_W3,PIM0,pim,NAIVE,4.462478723429794,4.553892186747047,0.0914134633172532,313,-1,9,1,weights_on_pim_prefill-1024xdecode_64_ops_trace.csv,0.0914134633172532,0.0914134633172532,0.011170301339662634,-0.08024316197759056,0.12219536307136471,0
prefill,L9_SwiGLU_s0,SwiGLU,GPU0,npu,NAIVE,4.467536765530967,4.467673989517783,0.0001372239868162,314,-1,9,0,weights_on_pim_prefill-1024xdecode_64_ops_trace.csv,0.0001372239868162,0.0001372239868162,7.641898709058559e-05,-6.080499972561441e-05,0.5568923397695944,0
prefill,L9_SwiGLU_s1,SwiGLU,GPU0,npu,NAIVE,4.55895022884822,4.559087452835036,0.0001372239868162,315,-1,9,1,weights_on_pim_prefill-1024xdecode_64_ops_trace.csv,0.0001372239868162,0.0001372239868162,7.641898709058559e-05,-6.080499972561441e-05,0.5568923397695944,0
prefill,L9_FFN_W2_s0,FFN_W2,PIM0,pim,NAIVE,4.553892186747047,4.6499750900643,0.096082903317253,316,-1,9,0,weights_on_pim_prefill-1024xdecode_64_ops_trace.csv,0.096082903317253,0.096082903317253,0.011740885255802563,-0.08434201806145043,0.12219536307136471,0
prefill,L9_FFN_W2_s1,FFN_W2,PIM1,pim,NAIVE,4.5641317349362085,4.6602146382534615,0.096082903317253,317,-1,9,1,weights_on_pim_prefill-1024xdecode_64_ops_trace.csv,0.096082903317253,0.096082903317253,0.011740885255802561,-0.08434201806145043,0.1221953630713647,0
prefill,L9_AllReduce_FFN,ALLREDUCE,COMM,comm,COMM,4.6602146382534615,4.6622898335659615,0.0020751953125,318,-1,9,-1,weights_on_pim_prefill-1024xdecode_64_ops_trace.csv,0.0020751953125,0.0020751953125,0.0020751953125,0.0,1.0,0
prefill,L9_Add2,Add,GPU0,npu,NAIVE,4.667010204724295,4.66711545745867,0.0001052527343752,319,-1,9,-1,weights_on_pim_prefill-1024xdecode_64_ops_trace.csv,0.0001052527343752,0.0001052527343752,5.861444151335275e-05,-4.663829286184725e-05,0.5568923397695944,0
prefill,L10_LN,LN,GPU0,npu,NAIVE,4.66711545745867,4.66724699261492,0.0001315351562496,320,-1,10,-1,weights_on_pim_prefill-1024xdecode_64_ops_trace.csv,0.0001315351562496,0.0001315351562496,7.325092092579894e-05,-5.8284235323801054e-05,0.5568923397695945,0
prefill,L10_Q_s0,Q,PIM0,pim,NAIVE,4.67100120952742,4.708077164622212,0.0370759550947923,321,-1,10,0,weights_on_pim_prefill-1024xdecode_64_ops_trace.csv,0.0370759550947923,0.0370759550947923,0.0045305097940257595,-0.03254544530076654,0.12219536307136472,0
prefill,L10_K_s0,K,PIM0,pim,NAIVE,4.708077164622212,4.7451531197170045,0.0370759550947923,322,-1,10,0,weights_on_pim_prefill-1024xdecode_64_ops_trace.csv,0.0370759550947923,0.0370759550947923,0.0045305097940257595,-0.03254544530076654,0.12219536307136472,0
prefill,L10_V_s0,V,PIM0,pim,NAIVE,4.7451531197170045,4.782229074811797,0.0370759550947923,323,-1,10,0,weights_on_pim_prefill-1024xdecode_64_ops_trace.csv,0.0370759550947923,0.0370759550947923,0.0045305097940257595,-0.03254544530076654,0.12219536307136472,0
prefill,L10_Q_s1,Q,PIM1,pim,NAIVE,4.67100120952742,4.708077164622212,0.0370759550947923,324,-1,10,1,weights_on_pim_prefill-1024xdecode_64_ops_trace.csv,0.0370759550947923,0.0370759550947923,0.004530509794025759,-0.03254544530076654,0.1221953630713647,0
prefill,L10_K_s1,K,PIM1,pim,NAIVE,4.708077164622212,4.7451531197170045,0.0370759550947923,325,-1,10,1,weights_on_pim_prefill-1024xdecode_64_ops_trace.csv,0.0370759550947923,0.0370759550947923,0.004530509794025759,-0.03254544530076654,0.1221953630713647,0
prefill,L10_V_s1,V,PIM1,pim,NAIVE,4.7451531197170045,4.782229074811797,0.0370759550947923,326,-1,10,1,weights_on_pim_prefill-1024xdecode_64_ops_trace.csv,0.0370759550947923,0.0370759550947923,0.004530509794025759,-0.03254544530076654,0.1221953630713647,0
prefill,L10_K_write_s0,K_write,PIM0,pim,NAIVE,4.782229074811797,4.782259794811797,3.071999999981756e-05,327,-1,10,0,weights_on_pim_prefill-1024xdecode_64_ops_trace.csv,3.071999999981756e-05,3.071999999981756e-05,3.071999999981756e-05,0.0,1.0,0
prefill,L10_QK_s0,QK,GPU0,npu,NAIVE,4.747035998173255,4.747171466055938,0.000135467882683,328,-1,10,0,weights_on_pim_prefill-1024xdecode_64_ops_trace.csv,0.000135467882683,0.000135467882683,7.544102615096879e-05,-6.002685653203121e-05,0.5568923397695944,0
prefill,L10_V_write_s0,V_write,PIM0,pim,NAIVE,4.782259794811797,4.7822905148117965,3.071999999981756e-05,329,-1,10,0,weights_on_pim_prefill-1024xdecode_64_ops_trace.csv,3.071999999981756e-05,3.071999999981756e-05,3.071999999981756e-05,0.0,1.0,0
prefill,L10_K_write_s1,K_write,PIM1,pim,NAIVE,4.782229074811797,4.782259794811797,3.071999999981756e-05,330,-1,10,1,weights_on_pim_prefill-1024xdecode_64_ops_trace.csv,3.071999999981756e-05,3.071999999981756e-05,3.071999999981756e-05,0.0,1.0,0
prefill,L10_QK_s1,QK,GPU0,npu,NAIVE,4.747171466055938,4.747306933938621,0.000135467882683,331,-1,10,1,weights_on_pim_prefill-1024xdecode_64_ops_trace.csv,0.000135467882683,0.000135467882683,7.544102615096879e-05,-6.002685653203121e-05,0.5568923397695944,0
prefill,L10_V_write_s1,V_write,PIM1,pim,NAIVE,4.782259794811797,4.7822905148117965,3.071999999981756e-05,332,-1,10,1,weights_on_pim_prefill-1024xdecode_64_ops_trace.csv,3.071999999981756e-05,3.071999999981756e-05,3.071999999981756e-05,0.0,1.0,0
prefill,L10_Softmax_s0,Softmax,GPU0,npu,NAIVE,4.747306933938621,4.74742912346041,0.0001221895217895,333,-1,10,0,weights_on_pim_prefill-1024xdecode_64_ops_trace.csv,0.0001221895217895,0.0001221895217895,6.804640868468251e-05,-5.4143113104817504e-05,0.5568923397695945,0
prefill,L10_Softmax_s1,Softmax,GPU0,npu,NAIVE,4.74742912346041,4.7475513129822,0.0001221895217895,334,-1,10,1,weights_on_pim_prefill-1024xdecode_64_ops_trace.csv,0.0001221895217895,0.0001221895217895,6.804640868468251e-05,-5.4143113104817504e-05,0.5568923397695945,0
prefill,L10_SV_s0,SV,GPU0,npu,NAIVE,4.784111953268047,4.78424742115073,0.000135467882683,335,-1,10,0,weights_on_pim_prefill-1024xdecode_64_ops_trace.csv,0.000135467882683,0.000135467882683,7.544102615096879e-05,-6.002685653203121e-05,0.5568923397695944,0
prefill,L10_SV_s1,SV,GPU0,npu,NAIVE,4.78424742115073,4.784382889033413,0.000135467882683,336,-1,10,1,weights_on_pim_prefill-1024xdecode_64_ops_trace.csv,0.000135467882683,0.000135467882683,7.544102615096879e-05,-6.002685653203121e-05,0.5568923397695944,0
prefill,L10_O_s0,O,PIM0,pim,NAIVE,4.78612517960698,4.820202862701772,0.0340776830947922,337,-1,10,0,weights_on_pim_prefill-1024xdecode_64_ops_trace.csv,0.0340776830947922,0.0340776830947922,0.004164134858399041,-0.02991354823639316,0.12219536307136473,0
prefill,L10_O_s1,O,PIM1,pim,NAIVE,4.786260647489663,4.820338330584455,0.0340776830947922,338,-1,10,1,weights_on_pim_prefill-1024xdecode_64_ops_trace.csv,0.0340776830947922,0.0340776830947922,0.00416413485839904,-0.02991354823639316,0.12219536307136471,0
prefill,L10_AllReduce_O,ALLREDUCE,COMM,comm,COMM,4.820338330584455,4.822413525896955,0.0020751953125,339,-1,10,-1,weights_on_pim_prefill-1024xdecode_64_ops_trace.csv,0.0020751953125,0.0020751953125,0.0020751953125,0.0,1.0,0
prefill,L10_Add1,Add,GPU0,npu,NAIVE,4.827133897055289,4.827239149789664,0.0001052527343752,340,-1,10,-1,weights_on_pim_prefill-1024xdecode_64_ops_trace.csv,0.0001052527343752,0.0001052527343752,5.861444151335275e-05,-4.663829286184725e-05,0.5568923397695944,0
prefill,L10_LN2,LN,GPU0,npu,NAIVE,4.827239149789664,4.8273706849459135,0.0001315351562496,341,-1,10,-1,weights_on_pim_prefill-1024xdecode_64_ops_trace.csv,0.0001315351562496,0.0001315351562496,7.325092092579894e-05,-5.8284235323801054e-05,0.5568923397695945,0
prefill,L10_FFN_W1_s0,FFN_W1,PIM0,pim,NAIVE,4.831124901858414,4.929190269175667,0.0980653673172531,342,-1,10,0,weights_on_pim_prefill-1024xdecode_64_ops_trace.csv,0.0980653673172531,0.0980653673172531,0.011983133164058486,-0.08608223415319462,0.12219536307136471,0
prefill,L10_FFN_W3_s0,FFN_W3,PIM1,pim,NAIVE,4.831124901858414,4.922538365175667,0.0914134633172532,343,-1,10,0,weights_on_pim_prefill-1024xdecode_64_ops_trace.csv,0.0914134633172532,0.0914134633172532,0.011170301339662632,-0.08024316197759057,0.1221953630713647,0
prefill,L10_FFN_W1_s1,FFN_W1,PIM1,pim,NAIVE,4.922538365175667,5.02060373249292,0.0980653673172531,344,-1,10,1,weights_on_pim_prefill-1024xdecode_64_ops_trace.csv,0.0980653673172531,0.0980653673172531,0.011983133164058484,-0.08608223415319462,0.1221953630713647,0
prefill,L10_FFN_W3_s1,FFN_W3,PIM0,pim,NAIVE,4.929190269175667,5.02060373249292,0.0914134633172532,345,-1,10,1,weights_on_pim_prefill-1024xdecode_64_ops_trace.csv,0.0914134633172532,0.0914134633172532,0.011170301339662634,-0.08024316197759056,0.12219536307136471,0
prefill,L10_SwiGLU_s0,SwiGLU,GPU0,npu,NAIVE,4.934248311276839,4.934385535263655,0.0001372239868162,346,-1,10,0,weights_on_pim_prefill-1024xdecode_64_ops_trace.csv,0.0001372239868162,0.0001372239868162,7.641898709058559e-05,-6.080499972561441e-05,0.5568923397695944,0
prefill,L10_SwiGLU_s1,SwiGLU,GPU0,npu,NAIVE,5.025661774594092,5.025798998580909,0.0001372239868162,347,-1,10,1,weights_on_pim_prefill-1024xdecode_64_ops_trace.csv,0.0001372239868162,0.0001372239868162,7.641898709058559e-05,-6.080499972561441e-05,0.5568923397695944,0
prefill,L10_FFN_W2_s0,FFN_W2,PIM0,pim,NAIVE,5.02060373249292,5.116686635810173,0.096082903317253,348,-1,10,0,weights_on_pim_prefill-1024xdecode_64_ops_trace.csv,0.096082903317253,0.096082903317253,0.011740885255802563,-0.08434201806145043,0.12219536307136471,0
prefill,L10_FFN_W2_s1,FFN_W2,PIM1,pim,NAIVE,5.030843280682081,5.126926183999334,0.096082903317253,349,-1,10,1,weights_on_pim_prefill-1024xdecode_64_ops_trace.csv,0.096082903317253,0.096082903317253,0.011740885255802561,-0.08434201806145043,0.1221953630713647,0
prefill,L10_AllReduce_FFN,ALLREDUCE,COMM,comm,COMM,5.126926183999334,5.129001379311834,0.0020751953125,350,-1,10,-1,weights_on_pim_prefill-1024xdecode_64_ops_trace.csv,0.0020751953125,0.0020751953125,0.0020751953125,0.0,1.0,0
prefill,L10_Add2,Add,GPU0,npu,NAIVE,5.133721750470167,5.133827003204543,0.0001052527343752,351,-1,10,-1,weights_on_pim_prefill-1024xdecode_64_ops_trace.csv,0.0001052527343752,0.0001052527343752,5.861444151335275e-05,-4.663829286184725e-05,0.5568923397695944,0
prefill,L11_LN,LN,GPU0,npu,NAIVE,5.133827003204543,5.133958538360792,0.0001315351562496,352,-1,11,-1,weights_on_pim_prefill-1024xdecode_64_ops_trace.csv,0.0001315351562496,0.0001315351562496,7.325092092579894e-05,-5.8284235323801054e-05,0.5568923397695945,0
prefill,L11_Q_s0,Q,PIM0,pim,NAIVE,5.137712755273292,5.174788710368085,0.0370759550947923,353,-1,11,0,weights_on_pim_prefill-1024xdecode_64_ops_trace.csv,0.0370759550947923,0.0370759550947923,0.0045305097940257595,-0.03254544530076654,0.12219536307136472,0
prefill,L11_K_s0,K,PIM0,pim,NAIVE,5.174788710368085,5.211864665462877,0.0370759550947923,354,-1,11,0,weights_on_pim_prefill-1024xdecode_64_ops_trace.csv,0.0370759550947923,0.0370759550947923,0.0045305097940257595,-0.03254544530076654,0.12219536307136472,0
prefill,L11_V_s0,V,PIM0,pim,NAIVE,5.211864665462877,5.248940620557669,0.0370759550947923,355,-1,11,0,weights_on_pim_prefill-1024xdecode_64_ops_trace.csv,0.0370759550947923,0.0370759550947923,0.0045305097940257595,-0.03254544530076654,0.12219536307136472,0
prefill,L11_Q_s1,Q,PIM1,pim,NAIVE,5.137712755273292,5.174788710368085,0.0370759550947923,356,-1,11,1,weights_on_pim_prefill-1024xdecode_64_ops_trace.csv,0.0370759550947923,0.0370759550947923,0.004530509794025759,-0.03254544530076654,0.1221953630713647,0
prefill,L11_K_s1,K,PIM1,pim,NAIVE,5.174788710368085,5.211864665462877,0.0370759550947923,357,-1,11,1,weights_on_pim_prefill-1024xdecode_64_ops_trace.csv,0.0370759550947923,0.0370759550947923,0.004530509794025759,-0.03254544530076654,0.1221953630713647,0
prefill,L11_V_s1,V,PIM1,pim,NAIVE,5.211864665462877,5.248940620557669,0.0370759550947923,358,-1,11,1,weights_on_pim_prefill-1024xdecode_64_ops_trace.csv,0.0370759550947923,0.0370759550947923,0.004530509794025759,-0.03254544530076654,0.1221953630713647,0
prefill,L11_K_write_s0,K_write,PIM0,pim,NAIVE,5.248940620557669,5.248971340557669,3.071999999981756e-05,359,-1,11,0,weights_on_pim_prefill-1024xdecode_64_ops_trace.csv,3.071999999981756e-05,3.071999999981756e-05,3.071999999981756e-05,0.0,1.0,0
prefill,L11_QK_s0,QK,GPU0,npu,NAIVE,5.213747543919127,5.21388301180181,0.000135467882683,360,-1,11,0,weights_on_pim_prefill-1024xdecode_64_ops_trace.csv,0.000135467882683,0.000135467882683,7.544102615096879e-05,-6.002685653203121e-05,0.5568923397695944,0
prefill,L11_V_write_s0,V_write,PIM0,pim,NAIVE,5.248971340557669,5.249002060557669,3.071999999981756e-05,361,-1,11,0,weights_on_pim_prefill-1024xdecode_64_ops_trace.csv,3.071999999981756e-05,3.071999999981756e-05,3.071999999981756e-05,0.0,1.0,0
prefill,L11_K_write_s1,K_write,PIM1,pim,NAIVE,5.248940620557669,5.248971340557669,3.071999999981756e-05,362,-1,11,1,weights_on_pim_prefill-1024xdecode_64_ops_trace.csv,3.071999999981756e-05,3.071999999981756e-05,3.071999999981756e-05,0.0,1.0,0
prefill,L11_QK_s1,QK,GPU0,npu,NAIVE,5.21388301180181,5.214018479684493,0.000135467882683,363,-1,11,1,weights_on_pim_prefill-1024xdecode_64_ops_trace.csv,0.000135467882683,0.000135467882683,7.544102615096879e-05,-6.002685653203121e-05,0.5568923397695944,0
prefill,L11_V_write_s1,V_write,PIM1,pim,NAIVE,5.248971340557669,5.249002060557669,3.071999999981756e-05,364,-1,11,1,weights_on_pim_prefill-1024xdecode_64_ops_trace.csv,3.071999999981756e-05,3.071999999981756e-05,3.071999999981756e-05,0.0,1.0,0
prefill,L11_Softmax_s0,Softmax,GPU0,npu,NAIVE,5.214018479684493,5.214140669206283,0.0001221895217895,365,-1,11,0,weights_on_pim_prefill-1024xdecode_64_ops_trace.csv,0.0001221895217895,0.0001221895217895,6.804640868468251e-05,-5.4143113104817504e-05,0.5568923397695945,0
prefill,L11_Softmax_s1,Softmax,GPU0,npu,NAIVE,5.214140669206283,5.214262858728072,0.0001221895217895,366,-1,11,1,weights_on_pim_prefill-1024xdecode_64_ops_trace.csv,0.0001221895217895,0.0001221895217895,6.804640868468251e-05,-5.4143113104817504e-05,0.5568923397695945,0
prefill,L11_SV_s0,SV,GPU0,npu,NAIVE,5.25082349901392,5.250958966896603,0.000135467882683,367,-1,11,0,weights_on_pim_prefill-1024xdecode_64_ops_trace.csv,0.000135467882683,0.000135467882683,7.544102615096879e-05,-6.002685653203121e-05,0.5568923397695944,0
prefill,L11_SV_s1,SV,GPU0,npu,NAIVE,5.250958966896603,5.251094434779286,0.000135467882683,368,-1,11,1,weights_on_pim_prefill-1024xdecode_64_ops_trace.csv,0.000135467882683,0.000135467882683,7.544102615096879e-05,-6.002685653203121e-05,0.5568923397695944,0
prefill,L11_O_s0,O,PIM0,pim,NAIVE,5.252836725352853,5.286914408447645,0.0340776830947922,369,-1,11,0,weights_on_pim_prefill-1024xdecode_64_ops_trace.csv,0.0340776830947922,0.0340776830947922,0.004164134858399041,-0.02991354823639316,0.12219536307136473,0
prefill,L11_O_s1,O,PIM1,pim,NAIVE,5.252972193235536,5.287049876330328,0.0340776830947922,370,-1,11,1,weights_on_pim_prefill-1024xdecode_64_ops_trace.csv,0.0340776830947922,0.0340776830947922,0.00416413485839904,-0.02991354823639316,0.12219536307136471,0
prefill,L11_AllReduce_O,ALLREDUCE,COMM,comm,COMM,5.287049876330328,5.289125071642828,0.0020751953125,371,-1,11,-1,weights_on_pim_prefill-1024xdecode_64_ops_trace.csv,0.0020751953125,0.0020751953125,0.0020751953125,0.0,1.0,0
prefill,L11_Add1,Add,GPU0,npu,NAIVE,5.293845442801161,5.293950695535536,0.0001052527343752,372,-1,11,-1,weights_on_pim_prefill-1024xdecode_64_ops_trace.csv,0.0001052527343752,0.0001052527343752,5.861444151335275e-05,-4.663829286184725e-05,0.5568923397695944,0
prefill,L11_LN2,LN,GPU0,npu,NAIVE,5.293950695535536,5.294082230691786,0.0001315351562496,373,-1,11,-1,weights_on_pim_prefill-1024xdecode_64_ops_trace.csv,0.0001315351562496,0.0001315351562496,7.325092092579894e-05,-5.8284235323801054e-05,0.5568923397695945,0
prefill,L11_FFN_W1_s0,FFN_W1,PIM0,pim,NAIVE,5.297836447604286,5.395901814921539,0.0980653673172531,374,-1,11,0,weights_on_pim_prefill-1024xdecode_64_ops_trace.csv,0.0980653673172531,0.0980653673172531,0.011983133164058486,-0.08608223415319462,0.12219536307136471,0
prefill,L11_FFN_W3_s0,FFN_W3,PIM1,pim,NAIVE,5.297836447604286,5.38924991092154,0.0914134633172532,375,-1,11,0,weights_on_pim_prefill-1024xdecode_64_ops_trace.csv,0.0914134633172532,0.0914134633172532,0.011170301339662632,-0.08024316197759057,0.1221953630713647,0
prefill,L11_FFN_W1_s1,FFN_W1,PIM1,pim,NAIVE,5.38924991092154,5.487315278238793,0.0980653673172531,376,-1,11,1,weights_on_pim_prefill-1024xdecode_64_ops_trace.csv,0.0980653673172531,0.0980653673172531,0.011983133164058484,-0.08608223415319462,0.1221953630713647,0
prefill,L11_FFN_W3_s1,FFN_W3,PIM0,pim,NAIVE,5.395901814921539,5.487315278238793,0.0914134633172532,377,-1,11,1,weights_on_pim_prefill-1024xdecode_64_ops_trace.csv,0.0914134633172532,0.0914134633172532,0.011170301339662634,-0.08024316197759056,0.12219536307136471,0
prefill,L11_SwiGLU_s0,SwiGLU,GPU0,npu,NAIVE,5.400959857022712,5.401097081009528,0.0001372239868162,378,-1,11,0,weights_on_pim_prefill-1024xdecode_64_ops_trace.csv,0.0001372239868162,0.0001372239868162,7.641898709058559e-05,-6.080499972561441e-05,0.5568923397695944,0
prefill,L11_SwiGLU_s1,SwiGLU,GPU0,npu,NAIVE,5.492373320339965,5.492510544326781,0.0001372239868162,379,-1,11,1,weights_on_pim_prefill-1024xdecode_64_ops_trace.csv,0.0001372239868162,0.0001372239868162,7.641898709058559e-05,-6.080499972561441e-05,0.5568923397695944,0
prefill,L11_FFN_W2_s0,FFN_W2,PIM0,pim,NAIVE,5.487315278238793,5.583398181556046,0.096082903317253,380,-1,11,0,weights_on_pim_prefill-1024xdecode_64_ops_trace.csv,0.096082903317253,0.096082903317253,0.011740885255802563,-0.08434201806145043,0.12219536307136471,0
prefill,L11_FFN_W2_s1,FFN_W2,PIM1,pim,NAIVE,5.497554826427954,5.593637729745207,0.096082903317253,381,-1,11,1,weights_on_pim_prefill-1024xdecode_64_ops_trace.csv,0.096082903317253,0.096082903317253,0.011740885255802561,-0.08434201806145043,0.1221953630713647,0
prefill,L11_AllReduce_FFN,ALLREDUCE,COMM,comm,COMM,5.593637729745207,5.595712925057707,0.0020751953125,382,-1,11,-1,weights_on_pim_prefill-1024xdecode_64_ops_trace.csv,0.0020751953125,0.0020751953125,0.0020751953125,0.0,1.0,0
prefill,L11_Add2,Add,GPU0,npu,NAIVE,5.60043329621604,5.600538548950415,0.0001052527343752,383,-1,11,-1,weights_on_pim_prefill-1024xdecode_64_ops_trace.csv,0.0001052527343752,0.0001052527343752,5.861444151335275e-05,-4.663829286184725e-05,0.5568923397695944,0
prefill,L12_LN,LN,GPU0,npu,NAIVE,5.600538548950415,5.600670084106665,0.0001315351562496,384,-1,12,-1,weights_on_pim_prefill-1024xdecode_64_ops_trace.csv,0.0001315351562496,0.0001315351562496,7.325092092579894e-05,-5.8284235323801054e-05,0.5568923397695945,0
prefill,L12_Q_s0,Q,PIM0,pim,NAIVE,5.604424301019165,5.641500256113957,0.0370759550947923,385,-1,12,0,weights_on_pim_prefill-1024xdecode_64_ops_trace.csv,0.0370759550947923,0.0370759550947923,0.0045305097940257595,-0.03254544530076654,0.12219536307136472,0
prefill,L12_K_s0,K,PIM0,pim,NAIVE,5.641500256113957,5.67857621120875,0.0370759550947923,386,-1,12,0,weights_on_pim_prefill-1024xdecode_64_ops_trace.csv,0.0370759550947923,0.0370759550947923,0.0045305097940257595,-0.03254544530076654,0.12219536307136472,0
prefill,L12_V_s0,V,PIM0,pim,NAIVE,5.67857621120875,5.715652166303542,0.0370759550947923,387,-1,12,0,weights_on_pim_prefill-1024xdecode_64_ops_trace.csv,0.0370759550947923,0.0370759550947923,0.0045305097940257595,-0.03254544530076654,0.12219536307136472,0
prefill,L12_Q_s1,Q,PIM1,pim,NAIVE,5.604424301019165,5.641500256113957,0.0370759550947923,388,-1,12,1,weights_on_pim_prefill-1024xdecode_64_ops_trace.csv,0.0370759550947923,0.0370759550947923,0.004530509794025759,-0.03254544530076654,0.1221953630713647,0
prefill,L12_K_s1,K,PIM1,pim,NAIVE,5.641500256113957,5.67857621120875,0.0370759550947923,389,-1,12,1,weights_on_pim_prefill-1024xdecode_64_ops_trace.csv,0.0370759550947923,0.0370759550947923,0.004530509794025759,-0.03254544530076654,0.1221953630713647,0
prefill,L12_V_s1,V,PIM1,pim,NAIVE,5.67857621120875,5.715652166303542,0.0370759550947923,390,-1,12,1,weights_on_pim_prefill-1024xdecode_64_ops_trace.csv,0.0370759550947923,0.0370759550947923,0.004530509794025759,-0.03254544530076654,0.1221953630713647,0
prefill,L12_K_write_s0,K_write,PIM0,pim,NAIVE,5.715652166303542,5.715682886303542,3.071999999981756e-05,391,-1,12,0,weights_on_pim_prefill-1024xdecode_64_ops_trace.csv,3.071999999981756e-05,3.071999999981756e-05,3.071999999981756e-05,0.0,1.0,0
prefill,L12_QK_s0,QK,GPU0,npu,NAIVE,5.680459089665,5.680594557547683,0.000135467882683,392,-1,12,0,weights_on_pim_prefill-1024xdecode_64_ops_trace.csv,0.000135467882683,0.000135467882683,7.544102615096879e-05,-6.002685653203121e-05,0.5568923397695944,0
prefill,L12_V_write_s0,V_write,PIM0,pim,NAIVE,5.715682886303542,5.715713606303542,3.071999999981756e-05,393,-1,12,0,weights_on_pim_prefill-1024xdecode_64_ops_trace.csv,3.071999999981756e-05,3.071999999981756e-05,3.071999999981756e-05,0.0,1.0,0
prefill,L12_K_write_s1,K_write,PIM1,pim,NAIVE,5.715652166303542,5.715682886303542,3.071999999981756e-05,394,-1,12,1,weights_on_pim_prefill-1024xdecode_64_ops_trace.csv,3.071999999981756e-05,3.071999999981756e-05,3.071999999981756e-05,0.0,1.0,0
prefill,L12_QK_s1,QK,GPU0,npu,NAIVE,5.680594557547683,5.680730025430366,0.000135467882683,395,-1,12,1,weights_on_pim_prefill-1024xdecode_64_ops_trace.csv,0.000135467882683,0.000135467882683,7.544102615096879e-05,-6.002685653203121e-05,0.5568923397695944,0
prefill,L12_V_write_s1,V_write,PIM1,pim,NAIVE,5.715682886303542,5.715713606303542,3.071999999981756e-05,396,-1,12,1,weights_on_pim_prefill-1024xdecode_64_ops_trace.csv,3.071999999981756e-05,3.071999999981756e-05,3.071999999981756e-05,0.0,1.0,0
prefill,L12_Softmax_s0,Softmax,GPU0,npu,NAIVE,5.680730025430366,5.680852214952155,0.0001221895217895,397,-1,12,0,weights_on_pim_prefill-1024xdecode_64_ops_trace.csv,0.0001221895217895,0.0001221895217895,6.804640868468251e-05,-5.4143113104817504e-05,0.5568923397695945,0
prefill,L12_Softmax_s1,Softmax,GPU0,npu,NAIVE,5.680852214952155,5.680974404473945,0.0001221895217895,398,-1,12,1,weights_on_pim_prefill-1024xdecode_64_ops_trace.csv,0.0001221895217895,0.0001221895217895,6.804640868468251e-05,-5.4143113104817504e-05,0.5568923397695945,0
prefill,L12_SV_s0,SV,GPU0,npu,NAIVE,5.717535044759792,5.717670512642475,0.000135467882683,399,-1,12,0,weights_on_pim_prefill-1024xdecode_64_ops_trace.csv,0.000135467882683,0.000135467882683,7.544102615096879e-05,-6.002685653203121e-05,0.5568923397695944,0
prefill,L12_SV_s1,SV,GPU0,npu,NAIVE,5.717670512642475,5.717805980525158,0.000135467882683,400,-1,12,1,weights_on_pim_prefill-1024xdecode_64_ops_trace.csv,0.000135467882683,0.000135467882683,7.544102615096879e-05,-6.002685653203121e-05,0.5568923397695944,0
prefill,L12_O_s0,O,PIM0,pim,NAIVE,5.719548271098725,5.7536259541935175,0.0340776830947922,401,-1,12,0,weights_on_pim_prefill-1024xdecode_64_ops_trace.csv,0.0340776830947922,0.0340776830947922,0.004164134858399041,-0.02991354823639316,0.12219536307136473,0
prefill,L12_O_s1,O,PIM1,pim,NAIVE,5.719683738981408,5.753761422076201,0.0340776830947922,402,-1,12,1,weights_on_pim_prefill-1024xdecode_64_ops_trace.csv,0.0340776830947922,0.0340776830947922,0.00416413485839904,-0.02991354823639316,0.12219536307136471,0
prefill,L12_AllReduce_O,ALLREDUCE,COMM,comm,COMM,5.753761422076201,5.755836617388701,0.0020751953125,403,-1,12,-1,weights_on_pim_prefill-1024xdecode_64_ops_trace.csv,0.0020751953125,0.0020751953125,0.0020751953125,0.0,1.0,0
prefill,L12_Add1,Add,GPU0,npu,NAIVE,5.760556988547034,5.760662241281409,0.0001052527343752,404,-1,12,-1,weights_on_pim_prefill-1024xdecode_64_ops_trace.csv,0.0001052527343752,0.0001052527343752,5.861444151335275e-05,-4.663829286184725e-05,0.5568923397695944,0
prefill,L12_LN2,LN,GPU0,npu,NAIVE,5.760662241281409,5.760793776437659,0.0001315351562496,405,-1,12,-1,weights_on_pim_prefill-1024xdecode_64_ops_trace.csv,0.0001315351562496,0.0001315351562496,7.325092092579894e-05,-5.8284235323801054e-05,0.5568923397695945,0
prefill,L12_FFN_W1_s0,FFN_W1,PIM0,pim,NAIVE,5.764547993350159,5.862613360667412,0.0980653673172531,406,-1,12,0,weights_on_pim_prefill-1024xdecode_64_ops_trace.csv,0.0980653673172531,0.0980653673172531,0.011983133164058486,-0.08608223415319462,0.12219536307136471,0
prefill,L12_FFN_W3_s0,FFN_W3,PIM1,pim,NAIVE,5.764547993350159,5.855961456667412,0.0914134633172532,407,-1,12,0,weights_on_pim_prefill-1024xdecode_64_ops_trace.csv,0.0914134633172532,0.0914134633172532,0.011170301339662632,-0.08024316197759057,0.1221953630713647,0
prefill,L12_FFN_W1_s1,FFN_W1,PIM1,pim,NAIVE,5.855961456667412,5.954026823984665,0.0980653673172531,408,-1,12,1,weights_on_pim_prefill-1024xdecode_64_ops_trace.csv,0.0980653673172531,0.0980653673172531,0.011983133164058484,-0.08608223415319462,0.1221953630713647,0
prefill,L12_FFN_W3_s1,FFN_W3,PIM0,pim,NAIVE,5.862613360667412,5.954026823984665,0.0914134633172532,409,-1,12,1,weights_on_pim_prefill-1024xdecode_64_ops_trace.csv,0.0914134633172532,0.0914134633172532,0.011170301339662634,-0.08024316197759056,0.12219536307136471,0
prefill,L12_SwiGLU_s0,SwiGLU,GPU0,npu,NAIVE,5.867671402768584,5.867808626755401,0.0001372239868162,410,-1,12,0,weights_on_pim_prefill-1024xdecode_64_ops_trace.csv,0.0001372239868162,0.0001372239868162,7.641898709058559e-05,-6.080499972561441e-05,0.5568923397695944,0
prefill,L12_SwiGLU_s1,SwiGLU,GPU0,npu,NAIVE,5.9590848660858375,5.959222090072654,0.0001372239868162,411,-1,12,1,weights_on_pim_prefill-1024xdecode_64_ops_trace.csv,0.0001372239868162,0.0001372239868162,7.641898709058559e-05,-6.080499972561441e-05,0.5568923397695944,0
prefill,L12_FFN_W2_s0,FFN_W2,PIM0,pim,NAIVE,5.954026823984665,6.050109727301918,0.096082903317253,412,-1,12,0,weights_on_pim_prefill-1024xdecode_64_ops_trace.csv,0.096082903317253,0.096082903317253,0.011740885255802563,-0.08434201806145043,0.12219536307136471,0
prefill,L12_FFN_W2_s1,FFN_W2,PIM1,pim,NAIVE,5.964266372173826,6.060349275491079,0.096082903317253,413,-1,12,1,weights_on_pim_prefill-1024xdecode_64_ops_trace.csv,0.096082903317253,0.096082903317253,0.011740885255802561,-0.08434201806145043,0.1221953630713647,0
prefill,L12_AllReduce_FFN,ALLREDUCE,COMM,comm,COMM,6.060349275491079,6.062424470803579,0.0020751953125,414,-1,12,-1,weights_on_pim_prefill-1024xdecode_64_ops_trace.csv,0.0020751953125,0.0020751953125,0.0020751953125,0.0,1.0,0
prefill,L12_Add2,Add,GPU0,npu,NAIVE,6.0671448419619125,6.067250094696288,0.0001052527343752,415,-1,12,-1,weights_on_pim_prefill-1024xdecode_64_ops_trace.csv,0.0001052527343752,0.0001052527343752,5.861444151335275e-05,-4.663829286184725e-05,0.5568923397695944,0
prefill,L13_LN,LN,GPU0,npu,NAIVE,6.067250094696288,6.067381629852537,0.0001315351562496,416,-1,13,-1,weights_on_pim_prefill-1024xdecode_64_ops_trace.csv,0.0001315351562496,0.0001315351562496,7.325092092579894e-05,-5.8284235323801054e-05,0.5568923397695945,0
prefill,L13_Q_s0,Q,PIM0,pim,NAIVE,6.071135846765038,6.10821180185983,0.0370759550947923,417,-1,13,0,weights_on_pim_prefill-1024xdecode_64_ops_trace.csv,0.0370759550947923,0.0370759550947923,0.0045305097940257595,-0.03254544530076654,0.12219536307136472,0
prefill,L13_K_s0,K,PIM0,pim,NAIVE,6.10821180185983,6.145287756954622,0.0370759550947923,418,-1,13,0,weights_on_pim_prefill-1024xdecode_64_ops_trace.csv,0.0370759550947923,0.0370759550947923,0.0045305097940257595,-0.03254544530076654,0.12219536307136472,0
prefill,L13_V_s0,V,PIM0,pim,NAIVE,6.145287756954622,6.182363712049415,0.0370759550947923,419,-1,13,0,weights_on_pim_prefill-1024xdecode_64_ops_trace.csv,0.0370759550947923,0.0370759550947923,0.0045305097940257595,-0.03254544530076654,0.12219536307136472,0
prefill,L13_Q_s1,Q,PIM1,pim,NAIVE,6.071135846765038,6.10821180185983,0.0370759550947923,420,-1,13,1,weights_on_pim_prefill-1024xdecode_64_ops_trace.csv,0.0370759550947923,0.0370759550947923,0.004530509794025759,-0.03254544530076654,0.1221953630713647,0
prefill,L13_K_s1,K,PIM1,pim,NAIVE,6.10821180185983,6.145287756954622,0.0370759550947923,421,-1,13,1,weights_on_pim_prefill-1024xdecode_64_ops_trace.csv,0.0370759550947923,0.0370759550947923,0.004530509794025759,-0.03254544530076654,0.1221953630713647,0
prefill,L13_V_s1,V,PIM1,pim,NAIVE,6.145287756954622,6.182363712049415,0.0370759550947923,422,-1,13,1,weights_on_pim_prefill-1024xdecode_64_ops_trace.csv,0.0370759550947923,0.0370759550947923,0.004530509794025759,-0.03254544530076654,0.1221953630713647,0
prefill,L13_K_write_s0,K_write,PIM0,pim,NAIVE,6.182363712049415,6.182394432049414,3.071999999981756e-05,423,-1,13,0,weights_on_pim_prefill-1024xdecode_64_ops_trace.csv,3.071999999981756e-05,3.071999999981756e-05,3.071999999981756e-05,0.0,1.0,0
prefill,L13_QK_s0,QK,GPU0,npu,NAIVE,6.147170635410872,6.147306103293555,0.000135467882683,424,-1,13,0,weights_on_pim_prefill-1024xdecode_64_ops_trace.csv,0.000135467882683,0.000135467882683,7.544102615096879e-05,-6.002685653203121e-05,0.5568923397695944,0
prefill,L13_V_write_s0,V_write,PIM0,pim,NAIVE,6.182394432049414,6.182425152049414,3.071999999981756e-05,425,-1,13,0,weights_on_pim_prefill-1024xdecode_64_ops_trace.csv,3.071999999981756e-05,3.071999999981756e-05,3.071999999981756e-05,0.0,1.0,0
prefill,L13_K_write_s1,K_write,PIM1,pim,NAIVE,6.182363712049415,6.182394432049414,3.071999999981756e-05,426,-1,13,1,weights_on_pim_prefill-1024xdecode_64_ops_trace.csv,3.071999999981756e-05,3.071999999981756e-05,3.071999999981756e-05,0.0,1.0,0
prefill,L13_QK_s1,QK,GPU0,npu,NAIVE,6.147306103293555,6.147441571176239,0.000135467882683,427,-1,13,1,weights_on_pim_prefill-1024xdecode_64_ops_trace.csv,0.000135467882683,0.000135467882683,7.544102615096879e-05,-6.002685653203121e-05,0.5568923397695944,0
prefill,L13_V_write_s1,V_write,PIM1,pim,NAIVE,6.182394432049414,6.182425152049414,3.071999999981756e-05,428,-1,13,1,weights_on_pim_prefill-1024xdecode_64_ops_trace.csv,3.071999999981756e-05,3.071999999981756e-05,3.071999999981756e-05,0.0,1.0,0
prefill,L13_Softmax_s0,Softmax,GPU0,npu,NAIVE,6.147441571176239,6.147563760698028,0.0001221895217895,429,-1,13,0,weights_on_pim_prefill-1024xdecode_64_ops_trace.csv,0.0001221895217895,0.0001221895217895,6.804640868468251e-05,-5.4143113104817504e-05,0.5568923397695945,0
prefill,L13_Softmax_s1,Softmax,GPU0,npu,NAIVE,6.147563760698028,6.147685950219818,0.0001221895217895,430,-1,13,1,weights_on_pim_prefill-1024xdecode_64_ops_trace.csv,0.0001221895217895,0.0001221895217895,6.804640868468251e-05,-5.4143113104817504e-05,0.5568923397695945,0
prefill,L13_SV_s0,SV,GPU0,npu,NAIVE,6.184246590505665,6.184382058388348,0.000135467882683,431,-1,13,0,weights_on_pim_prefill-1024xdecode_64_ops_trace.csv,0.000135467882683,0.000135467882683,7.544102615096879e-05,-6.002685653203121e-05,0.5568923397695944,0
prefill,L13_SV_s1,SV,GPU0,npu,NAIVE,6.184382058388348,6.184517526271031,0.000135467882683,432,-1,13,1,weights_on_pim_prefill-1024xdecode_64_ops_trace.csv,0.000135467882683,0.000135467882683,7.544102615096879e-05,-6.002685653203121e-05,0.5568923397695944,0
prefill,L13_O_s0,O,PIM0,pim,NAIVE,6.186259816844598,6.22033749993939,0.0340776830947922,433,-1,13,0,weights_on_pim_prefill-1024xdecode_64_ops_trace.csv,0.0340776830947922,0.0340776830947922,0.004164134858399041,-0.02991354823639316,0.12219536307136473,0
prefill,L13_O_s1,O,PIM1,pim,NAIVE,6.186395284727281,6.220472967822073,0.0340776830947922,434,-1,13,1,weights_on_pim_prefill-1024xdecode_64_ops_trace.csv,0.0340776830947922,0.0340776830947922,0.00416413485839904,-0.02991354823639316,0.12219536307136471,0
prefill,L13_AllReduce_O,ALLREDUCE,COMM,comm,COMM,6.220472967822073,6.222548163134573,0.0020751953125,435,-1,13,-1,weights_on_pim_prefill-1024xdecode_64_ops_trace.csv,0.0020751953125,0.0020751953125,0.0020751953125,0.0,1.0,0
prefill,L13_Add1,Add,GPU0,npu,NAIVE,6.227268534292906,6.227373787027282,0.0001052527343752,436,-1,13,-1,weights_on_pim_prefill-1024xdecode_64_ops_trace.csv,0.0001052527343752,0.0001052527343752,5.861444151335275e-05,-4.663829286184725e-05,0.5568923397695944,0
prefill,L13_LN2,LN,GPU0,npu,NAIVE,6.227373787027282,6.227505322183531,0.0001315351562496,437,-1,13,-1,weights_on_pim_prefill-1024xdecode_64_ops_trace.csv,0.0001315351562496,0.0001315351562496,7.325092092579894e-05,-5.8284235323801054e-05,0.5568923397695945,0
prefill,L13_FFN_W1_s0,FFN_W1,PIM0,pim,NAIVE,6.231259539096032,6.329324906413285,0.0980653673172531,438,-1,13,0,weights_on_pim_prefill-1024xdecode_64_ops_trace.csv,0.0980653673172531,0.0980653673172531,0.011983133164058486,-0.08608223415319462,0.12219536307136471,0
prefill,L13_FFN_W3_s0,FFN_W3,PIM1,pim,NAIVE,6.231259539096032,6.322673002413285,0.0914134633172532,439,-1,13,0,weights_on_pim_prefill-1024xdecode_64_ops_trace.csv,0.0914134633172532,0.0914134633172532,0.011170301339662632,-0.08024316197759057,0.1221953630713647,0
prefill,L13_FFN_W1_s1,FFN_W1,PIM1,pim,NAIVE,6.322673002413285,6.420738369730538,0.0980653673172531,440,-1,13,1,weights_on_pim_prefill-1024xdecode_64_ops_trace.csv,0.0980653673172531,0.0980653673172531,0.011983133164058484,-0.08608223415319462,0.1221953630713647,0
prefill,L13_FFN_W3_s1,FFN_W3,PIM0,pim,NAIVE,6.329324906413285,6.420738369730538,0.0914134633172532,441,-1,13,1,weights_on_pim_prefill-1024xdecode_64_ops_trace.csv,0.0914134633172532,0.0914134633172532,0.011170301339662634,-0.08024316197759056,0.12219536307136471,0
prefill,L13_SwiGLU_s0,SwiGLU,GPU0,npu,NAIVE,6.334382948514457,6.334520172501273,0.0001372239868162,442,-1,13,0,weights_on_pim_prefill-1024xdecode_64_ops_trace.csv,0.0001372239868162,0.0001372239868162,7.641898709058559e-05,-6.080499972561441e-05,0.5568923397695944,0
prefill,L13_SwiGLU_s1,SwiGLU,GPU0,npu,NAIVE,6.42579641183171,6.425933635818526,0.0001372239868162,443,-1,13,1,weights_on_pim_prefill-1024xdecode_64_ops_trace.csv,0.0001372239868162,0.0001372239868162,7.641898709058559e-05,-6.080499972561441e-05,0.5568923397695944,0
prefill,L13_FFN_W2_s0,FFN_W2,PIM0,pim,NAIVE,6.420738369730538,6.516821273047791,0.096082903317253,444,-1,13,0,weights_on_pim_prefill-1024xdecode_64_ops_trace.csv,0.096082903317253,0.096082903317253,0.011740885255802563,-0.08434201806145043,0.12219536307136471,0
prefill,L13_FFN_W2_s1,FFN_W2,PIM1,pim,NAIVE,6.430977917919699,6.527060821236952,0.096082903317253,445,-1,13,1,weights_on_pim_prefill-1024xdecode_64_ops_trace.csv,0.096082903317253,0.096082903317253,0.011740885255802561,-0.08434201806145043,0.1221953630713647,0
prefill,L13_AllReduce_FFN,ALLREDUCE,COMM,comm,COMM,6.527060821236952,6.529136016549452,0.0020751953125,446,-1,13,-1,weights_on_pim_prefill-1024xdecode_64_ops_trace.csv,0.0020751953125,0.0020751953125,0.0020751953125,0.0,1.0,0
prefill,L13_Add2,Add,GPU0,npu,NAIVE,6.533856387707785,6.53396164044216,0.0001052527343752,447,-1,13,-1,weights_on_pim_prefill-1024xdecode_64_ops_trace.csv,0.0001052527343752,0.0001052527343752,5.861444151335275e-05,-4.663829286184725e-05,0.5568923397695944,0
prefill,L14_LN,LN,GPU0,npu,NAIVE,6.53396164044216,6.53409317559841,0.0001315351562496,448,-1,14,-1,weights_on_pim_prefill-1024xdecode_64_ops_trace.csv,0.0001315351562496,0.0001315351562496,7.325092092579894e-05,-5.8284235323801054e-05,0.5568923397695945,0
prefill,L14_Q_s0,Q,PIM0,pim,NAIVE,6.53784739251091,6.574923347605703,0.0370759550947923,449,-1,14,0,weights_on_pim_prefill-1024xdecode_64_ops_trace.csv,0.0370759550947923,0.0370759550947923,0.0045305097940257595,-0.03254544530076654,0.12219536307136472,0
prefill,L14_K_s0,K,PIM0,pim,NAIVE,6.574923347605703,6.611999302700495,0.0370759550947923,450,-1,14,0,weights_on_pim_prefill-1024xdecode_64_ops_trace.csv,0.0370759550947923,0.0370759550947923,0.0045305097940257595,-0.03254544530076654,0.12219536307136472,0
prefill,L14_V_s0,V,PIM0,pim,NAIVE,6.611999302700495,6.649075257795287,0.0370759550947923,451,-1,14,0,weights_on_pim_prefill-1024xdecode_64_ops_trace.csv,0.0370759550947923,0.0370759550947923,0.0045305097940257595,-0.03254544530076654,0.12219536307136472,0
prefill,L14_Q_s1,Q,PIM1,pim,NAIVE,6.53784739251091,6.574923347605703,0.0370759550947923,452,-1,14,1,weights_on_pim_prefill-1024xdecode_64_ops_trace.csv,0.0370759550947923,0.0370759550947923,0.004530509794025759,-0.03254544530076654,0.1221953630713647,0
prefill,L14_K_s1,K,PIM1,pim,NAIVE,6.574923347605703,6.611999302700495,0.0370759550947923,453,-1,14,1,weights_on_pim_prefill-1024xdecode_64_ops_trace.csv,0.0370759550947923,0.0370759550947923,0.004530509794025759,-0.03254544530076654,0.1221953630713647,0
prefill,L14_V_s1,V,PIM1,pim,NAIVE,6.611999302700495,6.649075257795287,0.0370759550947923,454,-1,14,1,weights_on_pim_prefill-1024xdecode_64_ops_trace.csv,0.0370759550947923,0.0370759550947923,0.004530509794025759,-0.03254544530076654,0.1221953630713647,0
prefill,L14_K_write_s0,K_write,PIM0,pim,NAIVE,6.649075257795287,6.649105977795287,3.071999999981756e-05,455,-1,14,0,weights_on_pim_prefill-1024xdecode_64_ops_trace.csv,3.071999999981756e-05,3.071999999981756e-05,3.071999999981756e-05,0.0,1.0,0
prefill,L14_QK_s0,QK,GPU0,npu,NAIVE,6.613882181156745,6.614017649039428,0.000135467882683,456,-1,14,0,weights_on_pim_prefill-1024xdecode_64_ops_trace.csv,0.000135467882683,0.000135467882683,7.544102615096879e-05,-6.002685653203121e-05,0.5568923397695944,0
prefill,L14_V_write_s0,V_write,PIM0,pim,NAIVE,6.649105977795287,6.649136697795287,3.071999999981756e-05,457,-1,14,0,weights_on_pim_prefill-1024xdecode_64_ops_trace.csv,3.071999999981756e-05,3.071999999981756e-05,3.071999999981756e-05,0.0,1.0,0
prefill,L14_K_write_s1,K_write,PIM1,pim,NAIVE,6.649075257795287,6.649105977795287,3.071999999981756e-05,458,-1,14,1,weights_on_pim_prefill-1024xdecode_64_ops_trace.csv,3.071999999981756e-05,3.071999999981756e-05,3.071999999981756e-05,0.0,1.0,0
prefill,L14_QK_s1,QK,GPU0,npu,NAIVE,6.614017649039428,6.614153116922111,0.000135467882683,459,-1,14,1,weights_on_pim_prefill-1024xdecode_64_ops_trace.csv,0.000135467882683,0.000135467882683,7.544102615096879e-05,-6.002685653203121e-05,0.5568923397695944,0
prefill,L14_V_write_s1,V_write,PIM1,pim,NAIVE,6.649105977795287,6.649136697795287,3.071999999981756e-05,460,-1,14,1,weights_on_pim_prefill-1024xdecode_64_ops_trace.csv,3.071999999981756e-05,3.071999999981756e-05,3.071999999981756e-05,0.0,1.0,0
prefill,L14_Softmax_s0,Softmax,GPU0,npu,NAIVE,6.614153116922111,6.614275306443901,0.0001221895217895,461,-1,14,0,weights_on_pim_prefill-1024xdecode_64_ops_trace.csv,0.0001221895217895,0.0001221895217895,6.804640868468251e-05,-5.4143113104817504e-05,0.5568923397695945,0
prefill,L14_Softmax_s1,Softmax,GPU0,npu,NAIVE,6.614275306443901,6.61439749596569,0.0001221895217895,462,-1,14,1,weights_on_pim_prefill-1024xdecode_64_ops_trace.csv,0.0001221895217895,0.0001221895217895,6.804640868468251e-05,-5.4143113104817504e-05,0.5568923397695945,0
prefill,L14_SV_s0,SV,GPU0,npu,NAIVE,6.650958136251537,6.65109360413422,0.000135467882683,463,-1,14,0,weights_on_pim_prefill-1024xdecode_64_ops_trace.csv,0.000135467882683,0.000135467882683,7.544102615096879e-05,-6.002685653203121e-05,0.5568923397695944,0
prefill,L14_SV_s1,SV,GPU0,npu,NAIVE,6.65109360413422,6.651229072016903,0.000135467882683,464,-1,14,1,weights_on_pim_prefill-1024xdecode_64_ops_trace.csv,0.000135467882683,0.000135467882683,7.544102615096879e-05,-6.002685653203121e-05,0.5568923397695944,0
prefill,L14_O_s0,O,PIM0,pim,NAIVE,6.652971362590471,6.687049045685263,0.0340776830947922,465,-1,14,0,weights_on_pim_prefill-1024xdecode_64_ops_trace.csv,0.0340776830947922,0.0340776830947922,0.004164134858399041,-0.02991354823639316,0.12219536307136473,0
prefill,L14_O_s1,O,PIM1,pim,NAIVE,6.6531068304731535,6.687184513567946,0.0340776830947922,466,-1,14,1,weights_on_pim_prefill-1024xdecode_64_ops_trace.csv,0.0340776830947922,0.0340776830947922,0.00416413485839904,-0.02991354823639316,0.12219536307136471,0
prefill,L14_AllReduce_O,ALLREDUCE,COMM,comm,COMM,6.687184513567946,6.689259708880446,0.0020751953125,467,-1,14,-1,weights_on_pim_prefill-1024xdecode_64_ops_trace.csv,0.0020751953125,0.0020751953125,0.0020751953125,0.0,1.0,0
prefill,L14_Add1,Add,GPU0,npu,NAIVE,6.693980080038779,6.694085332773154,0.0001052527343752,468,-1,14,-1,weights_on_pim_prefill-1024xdecode_64_ops_trace.csv,0.0001052527343752,0.0001052527343752,5.861444151335275e-05,-4.663829286184725e-05,0.5568923397695944,0
prefill,L14_LN2,LN,GPU0,npu,NAIVE,6.694085332773154,6.694216867929404,0.0001315351562496,469,-1,14,-1,weights_on_pim_prefill-1024xdecode_64_ops_trace.csv,0.0001315351562496,0.0001315351562496,7.325092092579894e-05,-5.8284235323801054e-05,0.5568923397695945,0
prefill,L14_FFN_W1_s0,FFN_W1,PIM0,pim,NAIVE,6.697971084841904,6.796036452159157,0.0980653673172531,470,-1,14,0,weights_on_pim_prefill-1024xdecode_64_ops_trace.csv,0.0980653673172531,0.0980653673172531,0.011983133164058486,-0.08608223415319462,0.12219536307136471,0
prefill,L14_FFN_W3_s0,FFN_W3,PIM1,pim,NAIVE,6.697971084841904,6.789384548159157,0.0914134633172532,471,-1,14,0,weights_on_pim_prefill-1024xdecode_64_ops_trace.csv,0.0914134633172532,0.0914134633172532,0.011170301339662632,-0.08024316197759057,0.1221953630713647,0
prefill,L14_FFN_W1_s1,FFN_W1,PIM1,pim,NAIVE,6.789384548159157,6.88744991547641,0.0980653673172531,472,-1,14,1,weights_on_pim_prefill-1024xdecode_64_ops_trace.csv,0.0980653673172531,0.0980653673172531,0.011983133164058484,-0.08608223415319462,0.1221953630713647,0
prefill,L14_FFN_W3_s1,FFN_W3,PIM0,pim,NAIVE,6.796036452159157,6.88744991547641,0.0914134633172532,473,-1,14,1,weights_on_pim_prefill-1024xdecode_64_ops_trace.csv,0.0914134633172532,0.0914134633172532,0.011170301339662634,-0.08024316197759056,0.12219536307136471,0
prefill,L14_SwiGLU_s0,SwiGLU,GPU0,npu,NAIVE,6.8010944942603295,6.801231718247146,0.0001372239868162,474,-1,14,0,weights_on_pim_prefill-1024xdecode_64_ops_trace.csv,0.0001372239868162,0.0001372239868162,7.641898709058559e-05,-6.080499972561441e-05,0.5568923397695944,0
prefill,L14_SwiGLU_s1,SwiGLU,GPU0,npu,NAIVE,6.892507957577583,6.892645181564399,0.0001372239868162,475,-1,14,1,weights_on_pim_prefill-1024xdecode_64_ops_trace.csv,0.0001372239868162,0.0001372239868162,7.641898709058559e-05,-6.080499972561441e-05,0.5568923397695944,0
prefill,L14_FFN_W2_s0,FFN_W2,PIM0,pim,NAIVE,6.88744991547641,6.983532818793663,0.096082903317253,476,-1,14,0,weights_on_pim_prefill-1024xdecode_64_ops_trace.csv,0.096082903317253,0.096082903317253,0.011740885255802563,-0.08434201806145043,0.12219536307136471,0
prefill,L14_FFN_W2_s1,FFN_W2,PIM1,pim,NAIVE,6.897689463665572,6.9937723669828245,0.096082903317253,477,-1,14,1,weights_on_pim_prefill-1024xdecode_64_ops_trace.csv,0.096082903317253,0.096082903317253,0.011740885255802561,-0.08434201806145043,0.1221953630713647,0
prefill,L14_AllReduce_FFN,ALLREDUCE,COMM,comm,COMM,6.9937723669828245,6.9958475622953245,0.0020751953125,478,-1,14,-1,weights_on_pim_prefill-1024xdecode_64_ops_trace.csv,0.0020751953125,0.0020751953125,0.0020751953125,0.0,1.0,0
prefill,L14_Add2,Add,GPU0,npu,NAIVE,7.000567933453658,7.000673186188033,0.0001052527343752,479,-1,14,-1,weights_on_pim_prefill-1024xdecode_64_ops_trace.csv,0.0001052527343752,0.0001052527343752,5.861444151335275e-05,-4.663829286184725e-05,0.5568923397695944,0
prefill,L15_LN,LN,GPU0,npu,NAIVE,7.000673186188033,7.0008047213442826,0.0001315351562496,480,-1,15,-1,weights_on_pim_prefill-1024xdecode_64_ops_trace.csv,0.0001315351562496,0.0001315351562496,7.325092092579894e-05,-5.8284235323801054e-05,0.5568923397695945,0
prefill,L15_Q_s0,Q,PIM0,pim,NAIVE,7.004558938256783,7.041634893351575,0.0370759550947923,481,-1,15,0,weights_on_pim_prefill-1024xdecode_64_ops_trace.csv,0.0370759550947923,0.0370759550947923,0.0045305097940257595,-0.03254544530076654,0.12219536307136472,0
prefill,L15_K_s0,K,PIM0,pim,NAIVE,7.041634893351575,7.078710848446367,0.0370759550947923,482,-1,15,0,weights_on_pim_prefill-1024xdecode_64_ops_trace.csv,0.0370759550947923,0.0370759550947923,0.0045305097940257595,-0.03254544530076654,0.12219536307136472,0
prefill,L15_V_s0,V,PIM0,pim,NAIVE,7.078710848446367,7.11578680354116,0.0370759550947923,483,-1,15,0,weights_on_pim_prefill-1024xdecode_64_ops_trace.csv,0.0370759550947923,0.0370759550947923,0.0045305097940257595,-0.03254544530076654,0.12219536307136472,0
prefill,L15_Q_s1,Q,PIM1,pim,NAIVE,7.004558938256783,7.041634893351575,0.0370759550947923,484,-1,15,1,weights_on_pim_prefill-1024xdecode_64_ops_trace.csv,0.0370759550947923,0.0370759550947923,0.004530509794025759,-0.03254544530076654,0.1221953630713647,0
prefill,L15_K_s1,K,PIM1,pim,NAIVE,7.041634893351575,7.078710848446367,0.0370759550947923,485,-1,15,1,weights_on_pim_prefill-1024xdecode_64_ops_trace.csv,0.0370759550947923,0.0370759550947923,0.004530509794025759,-0.03254544530076654,0.1221953630713647,0
prefill,L15_V_s1,V,PIM1,pim,NAIVE,7.078710848446367,7.11578680354116,0.0370759550947923,486,-1,15,1,weights_on_pim_prefill-1024xdecode_64_ops_trace.csv,0.0370759550947923,0.0370759550947923,0.004530509794025759,-0.03254544530076654,0.1221953630713647,0
prefill,L15_K_write_s0,K_write,PIM0,pim,NAIVE,7.11578680354116,7.11581752354116,3.071999999981756e-05,487,-1,15,0,weights_on_pim_prefill-1024xdecode_64_ops_trace.csv,3.071999999981756e-05,3.071999999981756e-05,3.071999999981756e-05,0.0,1.0,0
prefill,L15_QK_s0,QK,GPU0,npu,NAIVE,7.080593726902618,7.080729194785301,0.000135467882683,488,-1,15,0,weights_on_pim_prefill-1024xdecode_64_ops_trace.csv,0.000135467882683,0.000135467882683,7.544102615096879e-05,-6.002685653203121e-05,0.5568923397695944,0
prefill,L15_V_write_s0,V_write,PIM0,pim,NAIVE,7.11581752354116,7.115848243541159,3.071999999981756e-05,489,-1,15,0,weights_on_pim_prefill-1024xdecode_64_ops_trace.csv,3.071999999981756e-05,3.071999999981756e-05,3.071999999981756e-05,0.0,1.0,0
prefill,L15_K_write_s1,K_write,PIM1,pim,NAIVE,7.11578680354116,7.11581752354116,3.071999999981756e-05,490,-1,15,1,weights_on_pim_prefill-1024xdecode_64_ops_trace.csv,3.071999999981756e-05,3.071999999981756e-05,3.071999999981756e-05,0.0,1.0,0
prefill,L15_QK_s1,QK,GPU0,npu,NAIVE,7.080729194785301,7.080864662667984,0.000135467882683,491,-1,15,1,weights_on_pim_prefill-1024xdecode_64_ops_trace.csv,0.000135467882683,0.000135467882683,7.544102615096879e-05,-6.002685653203121e-05,0.5568923397695944,0
prefill,L15_V_write_s1,V_write,PIM1,pim,NAIVE,7.11581752354116,7.115848243541159,3.071999999981756e-05,492,-1,15,1,weights_on_pim_prefill-1024xdecode_64_ops_trace.csv,3.071999999981756e-05,3.071999999981756e-05,3.071999999981756e-05,0.0,1.0,0
prefill,L15_Softmax_s0,Softmax,GPU0,npu,NAIVE,7.080864662667984,7.080986852189773,0.0001221895217895,493,-1,15,0,weights_on_pim_prefill-1024xdecode_64_ops_trace.csv,0.0001221895217895,0.0001221895217895,6.804640868468251e-05,-5.4143113104817504e-05,0.5568923397695945,0
prefill,L15_Softmax_s1,Softmax,GPU0,npu,NAIVE,7.080986852189773,7.081109041711563,0.0001221895217895,494,-1,15,1,weights_on_pim_prefill-1024xdecode_64_ops_trace.csv,0.0001221895217895,0.0001221895217895,6.804640868468251e-05,-5.4143113104817504e-05,0.5568923397695945,0
prefill,L15_SV_s0,SV,GPU0,npu,NAIVE,7.11766968199741,7.117805149880093,0.000135467882683,495,-1,15,0,weights_on_pim_prefill-1024xdecode_64_ops_trace.csv,0.000135467882683,0.000135467882683,7.544102615096879e-05,-6.002685653203121e-05,0.5568923397695944,0
prefill,L15_SV_s1,SV,GPU0,npu,NAIVE,7.117805149880093,7.117940617762776,0.000135467882683,496,-1,15,1,weights_on_pim_prefill-1024xdecode_64_ops_trace.csv,0.000135467882683,0.000135467882683,7.544102615096879e-05,-6.002685653203121e-05,0.5568923397695944,0
prefill,L15_O_s0,O,PIM0,pim,NAIVE,7.119682908336343,7.153760591431135,0.0340776830947922,497,-1,15,0,weights_on_pim_prefill-1024xdecode_64_ops_trace.csv,0.0340776830947922,0.0340776830947922,0.004164134858399041,-0.02991354823639316,0.12219536307136473,0
prefill,L15_O_s1,O,PIM1,pim,NAIVE,7.119818376219026,7.153896059313818,0.0340776830947922,498,-1,15,1,weights_on_pim_prefill-1024xdecode_64_ops_trace.csv,0.0340776830947922,0.0340776830947922,0.00416413485839904,-0.02991354823639316,0.12219536307136471,0
prefill,L15_AllReduce_O,ALLREDUCE,COMM,comm,COMM,7.153896059313818,7.155971254626318,0.0020751953125,499,-1,15,-1,weights_on_pim_prefill-1024xdecode_64_ops_trace.csv,0.0020751953125,0.0020751953125,0.0020751953125,0.0,1.0,0
prefill,L15_Add1,Add,GPU0,npu,NAIVE,7.160691625784652,7.160796878519027,0.0001052527343752,500,-1,15,-1,weights_on_pim_prefill-1024xdecode_64_ops_trace.csv,0.0001052527343752,0.0001052527343752,5.861444151335275e-05,-4.663829286184725e-05,0.5568923397695944,0
prefill,L15_LN2,LN,GPU0,npu,NAIVE,7.160796878519027,7.160928413675276,0.0001315351562496,501,-1,15,-1,weights_on_pim_prefill-1024xdecode_64_ops_trace.csv,0.0001315351562496,0.0001315351562496,7.325092092579894e-05,-5.8284235323801054e-05,0.5568923397695945,0
prefill,L15_FFN_W1_s0,FFN_W1,PIM0,pim,NAIVE,7.164682630587777,7.26274799790503,0.0980653673172531,502,-1,15,0,weights_on_pim_prefill-1024xdecode_64_ops_trace.csv,0.0980653673172531,0.0980653673172531,0.011983133164058486,-0.08608223415319462,0.12219536307136471,0
prefill,L15_FFN_W3_s0,FFN_W3,PIM1,pim,NAIVE,7.164682630587777,7.25609609390503,0.0914134633172532,503,-1,15,0,weights_on_pim_prefill-1024xdecode_64_ops_trace.csv,0.0914134633172532,0.0914134633172532,0.011170301339662632,-0.08024316197759057,0.1221953630713647,0
prefill,L15_FFN_W1_s1,FFN_W1,PIM1,pim,NAIVE,7.25609609390503,7.354161461222283,0.0980653673172531,504,-1,15,1,weights_on_pim_prefill-1024xdecode_64_ops_trace.csv,0.0980653673172531,0.0980653673172531,0.011983133164058484,-0.08608223415319462,0.1221953630713647,0
prefill,L15_FFN_W3_s1,FFN_W3,PIM0,pim,NAIVE,7.26274799790503,7.354161461222283,0.0914134633172532,505,-1,15,1,weights_on_pim_prefill-1024xdecode_64_ops_trace.csv,0.0914134633172532,0.0914134633172532,0.011170301339662634,-0.08024316197759056,0.12219536307136471,0
prefill,L15_SwiGLU_s0,SwiGLU,GPU0,npu,NAIVE,7.267806040006202,7.267943263993018,0.0001372239868162,506,-1,15,0,weights_on_pim_prefill-1024xdecode_64_ops_trace.csv,0.0001372239868162,0.0001372239868162,7.641898709058559e-05,-6.080499972561441e-05,0.5568923397695944,0
prefill,L15_SwiGLU_s1,SwiGLU,GPU0,npu,NAIVE,7.359219503323455,7.359356727310272,0.0001372239868162,507,-1,15,1,weights_on_pim_prefill-1024xdecode_64_ops_trace.csv,0.0001372239868162,0.0001372239868162,7.641898709058559e-05,-6.080499972561441e-05,0.5568923397695944,0
prefill,L15_FFN_W2_s0,FFN_W2,PIM0,pim,NAIVE,7.354161461222283,7.450244364539536,0.096082903317253,508,-1,15,0,weights_on_pim_prefill-1024xdecode_64_ops_trace.csv,0.096082903317253,0.096082903317253,0.011740885255802563,-0.08434201806145043,0.12219536307136471,0
prefill,L15_FFN_W2_s1,FFN_W2,PIM1,pim,NAIVE,7.364401009411444,7.460483912728697,0.096082903317253,509,-1,15,1,weights_on_pim_prefill-1024xdecode_64_ops_trace.csv,0.096082903317253,0.096082903317253,0.011740885255802561,-0.08434201806145043,0.1221953630713647,0
prefill,L15_AllReduce_FFN,ALLREDUCE,COMM,comm,COMM,7.460483912728697,7.462559108041197,0.0020751953125,510,-1,15,-1,weights_on_pim_prefill-1024xdecode_64_ops_trace.csv,0.0020751953125,0.0020751953125,0.0020751953125,0.0,1.0,0
prefill,L15_Add2,Add,GPU0,npu,NAIVE,7.46727947919953,7.4673847319339055,0.0001052527343752,511,-1,15,-1,weights_on_pim_prefill-1024xdecode_64_ops_trace.csv,0.0001052527343752,0.0001052527343752,5.861444151335275e-05,-4.663829286184725e-05,0.5568923397695944,0
prefill,L16_LN,LN,GPU0,npu,NAIVE,7.4673847319339055,7.467516267090155,0.0001315351562496,512,-1,16,-1,weights_on_pim_prefill-1024xdecode_64_ops_trace.csv,0.0001315351562496,0.0001315351562496,7.325092092579894e-05,-5.8284235323801054e-05,0.5568923397695945,0
prefill,L16_Q_s0,Q,PIM0,pim,NAIVE,7.471270484002655,7.508346439097448,0.0370759550947923,513,-1,16,0,weights_on_pim_prefill-1024xdecode_64_ops_trace.csv,0.0370759550947923,0.0370759550947923,0.0045305097940257595,-0.03254544530076654,0.12219536307136472,0
prefill,L16_K_s0,K,PIM0,pim,NAIVE,7.508346439097448,7.54542239419224,0.0370759550947923,514,-1,16,0,weights_on_pim_prefill-1024xdecode_64_ops_trace.csv,0.0370759550947923,0.0370759550947923,0.0045305097940257595,-0.03254544530076654,0.12219536307136472,0
prefill,L16_V_s0,V,PIM0,pim,NAIVE,7.54542239419224,7.582498349287032,0.0370759550947923,515,-1,16,0,weights_on_pim_prefill-1024xdecode_64_ops_trace.csv,0.0370759550947923,0.0370759550947923,0.0045305097940257595,-0.03254544530076654,0.12219536307136472,0
prefill,L16_Q_s1,Q,PIM1,pim,NAIVE,7.471270484002655,7.508346439097448,0.0370759550947923,516,-1,16,1,weights_on_pim_prefill-1024xdecode_64_ops_trace.csv,0.0370759550947923,0.0370759550947923,0.004530509794025759,-0.03254544530076654,0.1221953630713647,0
prefill,L16_K_s1,K,PIM1,pim,NAIVE,7.508346439097448,7.54542239419224,0.0370759550947923,517,-1,16,1,weights_on_pim_prefill-1024xdecode_64_ops_trace.csv,0.0370759550947923,0.0370759550947923,0.004530509794025759,-0.03254544530076654,0.1221953630713647,0
prefill,L16_V_s1,V,PIM1,pim,NAIVE,7.54542239419224,7.582498349287032,0.0370759550947923,518,-1,16,1,weights_on_pim_prefill-1024xdecode_64_ops_trace.csv,0.0370759550947923,0.0370759550947923,0.004530509794025759,-0.03254544530076654,0.1221953630713647,0
prefill,L16_K_write_s0,K_write,PIM0,pim,NAIVE,7.582498349287032,7.582529069287032,3.071999999981756e-05,519,-1,16,0,weights_on_pim_prefill-1024xdecode_64_ops_trace.csv,3.071999999981756e-05,3.071999999981756e-05,3.071999999981756e-05,0.0,1.0,0
prefill,L16_QK_s0,QK,GPU0,npu,NAIVE,7.54730527264849,7.547440740531173,0.000135467882683,520,-1,16,0,weights_on_pim_prefill-1024xdecode_64_ops_trace.csv,0.000135467882683,0.000135467882683,7.544102615096879e-05,-6.002685653203121e-05,0.5568923397695944,0
prefill,L16_V_write_s0,V_write,PIM0,pim,NAIVE,7.582529069287032,7.582559789287032,3.071999999981756e-05,521,-1,16,0,weights_on_pim_prefill-1024xdecode_64_ops_trace.csv,3.071999999981756e-05,3.071999999981756e-05,3.071999999981756e-05,0.0,1.0,0
prefill,L16_K_write_s1,K_write,PIM1,pim,NAIVE,7.582498349287032,7.582529069287032,3.071999999981756e-05,522,-1,16,1,weights_on_pim_prefill-1024xdecode_64_ops_trace.csv,3.071999999981756e-05,3.071999999981756e-05,3.071999999981756e-05,0.0,1.0,0
prefill,L16_QK_s1,QK,GPU0,npu,NAIVE,7.547440740531173,7.547576208413856,0.000135467882683,523,-1,16,1,weights_on_pim_prefill-1024xdecode_64_ops_trace.csv,0.000135467882683,0.000135467882683,7.544102615096879e-05,-6.002685653203121e-05,0.5568923397695944,0
prefill,L16_V_write_s1,V_write,PIM1,pim,NAIVE,7.582529069287032,7.582559789287032,3.071999999981756e-05,524,-1,16,1,weights_on_pim_prefill-1024xdecode_64_ops_trace.csv,3.071999999981756e-05,3.071999999981756e-05,3.071999999981756e-05,0.0,1.0,0
prefill,L16_Softmax_s0,Softmax,GPU0,npu,NAIVE,7.547576208413856,7.547698397935646,0.0001221895217895,525,-1,16,0,weights_on_pim_prefill-1024xdecode_64_ops_trace.csv,0.0001221895217895,0.0001221895217895,6.804640868468251e-05,-5.4143113104817504e-05,0.5568923397695945,0
prefill,L16_Softmax_s1,Softmax,GPU0,npu,NAIVE,7.547698397935646,7.547820587457435,0.0001221895217895,526,-1,16,1,weights_on_pim_prefill-1024xdecode_64_ops_trace.csv,0.0001221895217895,0.0001221895217895,6.804640868468251e-05,-5.4143113104817504e-05,0.5568923397695945,0
prefill,L16_SV_s0,SV,GPU0,npu,NAIVE,7.584381227743282,7.584516695625965,0.000135467882683,527,-1,16,0,weights_on_pim_prefill-1024xdecode_64_ops_trace.csv,0.000135467882683,0.000135467882683,7.544102615096879e-05,-6.002685653203121e-05,0.5568923397695944,0
prefill,L16_SV_s1,SV,GPU0,npu,NAIVE,7.584516695625965,7.584652163508649,0.000135467882683,528,-1,16,1,weights_on_pim_prefill-1024xdecode_64_ops_trace.csv,0.000135467882683,0.000135467882683,7.544102615096879e-05,-6.002685653203121e-05,0.5568923397695944,0
prefill,L16_O_s0,O,PIM0,pim,NAIVE,7.586394454082216,7.620472137177008,0.0340776830947922,529,-1,16,0,weights_on_pim_prefill-1024xdecode_64_ops_trace.csv,0.0340776830947922,0.0340776830947922,0.004164134858399041,-0.02991354823639316,0.12219536307136473,0
prefill,L16_O_s1,O,PIM1,pim,NAIVE,7.586529921964899,7.620607605059691,0.0340776830947922,530,-1,16,1,weights_on_pim_prefill-1024xdecode_64_ops_trace.csv,0.0340776830947922,0.0340776830947922,0.00416413485839904,-0.02991354823639316,0.12219536307136471,0
prefill,L16_AllReduce_O,ALLREDUCE,COMM,comm,COMM,7.620607605059691,7.622682800372191,0.0020751953125,531,-1,16,-1,weights_on_pim_prefill-1024xdecode_64_ops_trace.csv,0.0020751953125,0.0020751953125,0.0020751953125,0.0,1.0,0
prefill,L16_Add1,Add,GPU0,npu,NAIVE,7.627403171530524,7.627508424264899,0.0001052527343752,532,-1,16,-1,weights_on_pim_prefill-1024xdecode_64_ops_trace.csv,0.0001052527343752,0.0001052527343752,5.861444151335275e-05,-4.663829286184725e-05,0.5568923397695944,0
prefill,L16_LN2,LN,GPU0,npu,NAIVE,7.627508424264899,7.627639959421149,0.0001315351562496,533,-1,16,-1,weights_on_pim_prefill-1024xdecode_64_ops_trace.csv,0.0001315351562496,0.0001315351562496,7.325092092579894e-05,-5.8284235323801054e-05,0.5568923397695945,0
prefill,L16_FFN_W1_s0,FFN_W1,PIM0,pim,NAIVE,7.631394176333649,7.729459543650902,0.0980653673172531,534,-1,16,0,weights_on_pim_prefill-1024xdecode_64_ops_trace.csv,0.0980653673172531,0.0980653673172531,0.011983133164058486,-0.08608223415319462,0.12219536307136471,0
prefill,L16_FFN_W3_s0,FFN_W3,PIM1,pim,NAIVE,7.631394176333649,7.7228076396509024,0.0914134633172532,535,-1,16,0,weights_on_pim_prefill-1024xdecode_64_ops_trace.csv,0.0914134633172532,0.0914134633172532,0.011170301339662632,-0.08024316197759057,0.1221953630713647,0
prefill,L16_FFN_W1_s1,FFN_W1,PIM1,pim,NAIVE,7.7228076396509024,7.820873006968156,0.0980653673172531,536,-1,16,1,weights_on_pim_prefill-1024xdecode_64_ops_trace.csv,0.0980653673172531,0.0980653673172531,0.011983133164058484,-0.08608223415319462,0.1221953630713647,0
prefill,L16_FFN_W3_s1,FFN_W3,PIM0,pim,NAIVE,7.729459543650902,7.820873006968156,0.0914134633172532,537,-1,16,1,weights_on_pim_prefill-1024xdecode_64_ops_trace.csv,0.0914134633172532,0.0914134633172532,0.011170301339662634,-0.08024316197759056,0.12219536307136471,0
prefill,L16_SwiGLU_s0,SwiGLU,GPU0,npu,NAIVE,7.734517585752075,7.734654809738891,0.0001372239868162,538,-1,16,0,weights_on_pim_prefill-1024xdecode_64_ops_trace.csv,0.0001372239868162,0.0001372239868162,7.641898709058559e-05,-6.080499972561441e-05,0.5568923397695944,0
prefill,L16_SwiGLU_s1,SwiGLU,GPU0,npu,NAIVE,7.825931049069328,7.826068273056144,0.0001372239868162,539,-1,16,1,weights_on_pim_prefill-1024xdecode_64_ops_trace.csv,0.0001372239868162,0.0001372239868162,7.641898709058559e-05,-6.080499972561441e-05,0.5568923397695944,0
prefill,L16_FFN_W2_s0,FFN_W2,PIM0,pim,NAIVE,7.820873006968156,7.916955910285409,0.096082903317253,540,-1,16,0,weights_on_pim_prefill-1024xdecode_64_ops_trace.csv,0.096082903317253,0.096082903317253,0.011740885255802563,-0.08434201806145043,0.12219536307136471,0
prefill,L16_FFN_W2_s1,FFN_W2,PIM1,pim,NAIVE,7.831112555157317,7.92719545847457,0.096082903317253,541,-1,16,1,weights_on_pim_prefill-1024xdecode_64_ops_trace.csv,0.096082903317253,0.096082903317253,0.011740885255802561,-0.08434201806145043,0.1221953630713647,0
prefill,L16_AllReduce_FFN,ALLREDUCE,COMM,comm,COMM,7.92719545847457,7.92927065378707,0.0020751953125,542,-1,16,-1,weights_on_pim_prefill-1024xdecode_64_ops_trace.csv,0.0020751953125,0.0020751953125,0.0020751953125,0.0,1.0,0
prefill,L16_Add2,Add,GPU0,npu,NAIVE,7.933991024945403,7.934096277679778,0.0001052527343752,543,-1,16,-1,weights_on_pim_prefill-1024xdecode_64_ops_trace.csv,0.0001052527343752,0.0001052527343752,5.861444151335275e-05,-4.663829286184725e-05,0.5568923397695944,0
prefill,L17_LN,LN,GPU0,npu,NAIVE,7.934096277679778,7.934227812836028,0.0001315351562496,544,-1,17,-1,weights_on_pim_prefill-1024xdecode_64_ops_trace.csv,0.0001315351562496,0.0001315351562496,7.325092092588487e-05,-5.828423532371512e-05,0.5568923397702478,0
prefill,L17_Q_s0,Q,PIM0,pim,NAIVE,7.937982029748528,7.97505798484332,0.0370759550947923,545,-1,17,0,weights_on_pim_prefill-1024xdecode_64_ops_trace.csv,0.0370759550947923,0.0370759550947923,0.004530509794025779,-0.03254544530076652,0.12219536307136525,0
prefill,L17_K_s0,K,PIM0,pim,NAIVE,7.97505798484332,8.012133939938112,0.0370759550947914,546,-1,17,0,weights_on_pim_prefill-1024xdecode_64_ops_trace.csv,0.0370759550947914,0.0370759550947914,0.004530509794025669,-0.03254544530076573,0.12219536307136526,0
prefill,L17_V_s0,V,PIM0,pim,NAIVE,8.012133939938112,8.049209895032902,0.0370759550947905,547,-1,17,0,weights_on_pim_prefill-1024xdecode_64_ops_trace.csv,0.0370759550947905,0.0370759550947905,0.004530509794025559,-0.03254544530076495,0.12219536307136523,0
prefill,L17_Q_s1,Q,PIM1,pim,NAIVE,7.937982029748528,7.97505798484332,0.0370759550947923,548,-1,17,1,weights_on_pim_prefill-1024xdecode_64_ops_trace.csv,0.0370759550947923,0.0370759550947923,0.004530509794025779,-0.03254544530076652,0.12219536307136525,0
prefill,L17_K_s1,K,PIM1,pim,NAIVE,7.97505798484332,8.012133939938112,0.0370759550947914,549,-1,17,1,weights_on_pim_prefill-1024xdecode_64_ops_trace.csv,0.0370759550947914,0.0370759550947914,0.004530509794025669,-0.03254544530076573,0.12219536307136526,0
prefill,L17_V_s1,V,PIM1,pim,NAIVE,8.012133939938112,8.049209895032902,0.0370759550947905,550,-1,17,1,weights_on_pim_prefill-1024xdecode_64_ops_trace.csv,0.0370759550947905,0.0370759550947905,0.004530509794025559,-0.03254544530076495,0.12219536307136523,0
prefill,L17_K_write_s0,K_write,PIM0,pim,NAIVE,8.049209895032902,8.049240615032902,3.071999999981756e-05,551,-1,17,0,weights_on_pim_prefill-1024xdecode_64_ops_trace.csv,3.071999999981756e-05,3.071999999981756e-05,3.071999999981756e-05,0.0,1.0,0
prefill,L17_QK_s0,QK,GPU0,npu,NAIVE,8.014016818394362,8.014152286277044,0.0001354678826821,552,-1,17,0,weights_on_pim_prefill-1024xdecode_64_ops_trace.csv,0.0001354678826821,0.0001354678826821,7.544102615055611e-05,-6.002685653154389e-05,0.5568923397702479,0
prefill,L17_V_write_s0,V_write,PIM0,pim,NAIVE,8.049240615032902,8.049271335032902,3.071999999981756e-05,553,-1,17,0,weights_on_pim_prefill-1024xdecode_64_ops_trace.csv,3.071999999981756e-05,3.071999999981756e-05,3.071999999981756e-05,0.0,1.0,0
prefill,L17_K_write_s1,K_write,PIM1,pim,NAIVE,8.049209895032902,8.049240615032902,3.071999999981756e-05,554,-1,17,1,weights_on_pim_prefill-1024xdecode_64_ops_trace.csv,3.071999999981756e-05,3.071999999981756e-05,3.071999999981756e-05,0.0,1.0,0
prefill,L17_QK_s1,QK,GPU0,npu,NAIVE,8.014152286277044,8.014287754159726,0.0001354678826821,555,-1,17,1,weights_on_pim_prefill-1024xdecode_64_ops_trace.csv,0.0001354678826821,0.0001354678826821,7.544102615055611e-05,-6.002685653154389e-05,0.5568923397702479,0
prefill,L17_V_write_s1,V_write,PIM1,pim,NAIVE,8.049240615032902,8.049271335032902,3.071999999981756e-05,556,-1,17,1,weights_on_pim_prefill-1024xdecode_64_ops_trace.csv,3.071999999981756e-05,3.071999999981756e-05,3.071999999981756e-05,0.0,1.0,0
prefill,L17_Softmax_s0,Softmax,GPU0,npu,NAIVE,8.014287754159726,8.014409943681516,0.0001221895217895,557,-1,17,0,weights_on_pim_prefill-1024xdecode_64_ops_trace.csv,0.0001221895217895,0.0001221895217895,6.804640868476233e-05,-5.414311310473768e-05,0.5568923397702478,0
prefill,L17_Softmax_s1,Softmax,GPU0,npu,NAIVE,8.014409943681516,8.014532133203305,0.0001221895217895,558,-1,17,1,weights_on_pim_prefill-1024xdecode_64_ops_trace.csv,0.0001221895217895,0.0001221895217895,6.804640868476233e-05,-5.414311310473768e-05,0.5568923397702478,0
prefill,L17_SV_s0,SV,GPU0,npu,NAIVE,8.051092773489152,8.051228241371835,0.0001354678826821,559,-1,17,0,weights_on_pim_prefill-1024xdecode_64_ops_trace.csv,0.0001354678826821,0.0001354678826821,7.544102615055611e-05,-6.002685653154389e-05,0.5568923397702479,0
prefill,L17_SV_s1,SV,GPU0,npu,NAIVE,8.051228241371835,8.051363709254517,0.0001354678826821,560,-1,17,1,weights_on_pim_prefill-1024xdecode_64_ops_trace.csv,0.0001354678826821,0.0001354678826821,7.544102615055611e-05,-6.002685653154389e-05,0.5568923397702479,0
prefill,L17_O_s0,O,PIM0,pim,NAIVE,8.053105999828084,8.087183682922875,0.0340776830947913,561,-1,17,0,weights_on_pim_prefill-1024xdecode_64_ops_trace.csv,0.0340776830947913,0.0340776830947913,0.004164134858398948,-0.02991354823639235,0.12219536307136525,0
prefill,L17_O_s1,O,PIM1,pim,NAIVE,8.053241467710766,8.087319150805557,0.0340776830947913,562,-1,17,1,weights_on_pim_prefill-1024xdecode_64_ops_trace.csv,0.0340776830947913,0.0340776830947913,0.004164134858398948,-0.02991354823639235,0.12219536307136525,0
prefill,L17_AllReduce_O,ALLREDUCE,COMM,comm,COMM,8.087319150805557,8.089394346118057,0.0020751953125,563,-1,17,-1,weights_on_pim_prefill-1024xdecode_64_ops_trace.csv,0.0020751953125,0.0020751953125,0.0020751953125,0.0,1.0,0
prefill,L17_Add1,Add,GPU0,npu,NAIVE,8.09411471727639,8.094219970010766,0.0001052527343752,564,-1,17,-1,weights_on_pim_prefill-1024xdecode_64_ops_trace.csv,0.0001052527343752,0.0001052527343752,5.8614441513421524e-05,-4.663829286177848e-05,0.5568923397702479,0
prefill,L17_LN2,LN,GPU0,npu,NAIVE,8.094219970010766,8.094351505167015,0.0001315351562496,565,-1,17,-1,weights_on_pim_prefill-1024xdecode_64_ops_trace.csv,0.0001315351562496,0.0001315351562496,7.325092092588487e-05,-5.828423532371512e-05,0.5568923397702478,0
prefill,L17_FFN_W1_s0,FFN_W1,PIM0,pim,NAIVE,8.098105722079515,8.196171089396769,0.098065367317254,566,-1,17,0,weights_on_pim_prefill-1024xdecode_64_ops_trace.csv,0.098065367317254,0.098065367317254,0.011983133164058649,-0.08608223415319535,0.12219536307136525,0
prefill,L17_FFN_W3_s0,FFN_W3,PIM1,pim,NAIVE,8.098105722079515,8.189519185396769,0.091413463317254,567,-1,17,0,weights_on_pim_prefill-1024xdecode_64_ops_trace.csv,0.091413463317254,0.091413463317254,0.011170301339662781,-0.08024316197759122,0.12219536307136525,0
prefill,L17_FFN_W1_s1,FFN_W1,PIM1,pim,NAIVE,8.189519185396769,8.287584552714023,0.098065367317254,568,-1,17,1,weights_on_pim_prefill-1024xdecode_64_ops_trace.csv,0.098065367317254,0.098065367317254,0.011983133164058649,-0.08608223415319535,0.12219536307136525,0
prefill,L17_FFN_W3_s1,FFN_W3,PIM0,pim,NAIVE,8.196171089396769,8.287584552714023,0.091413463317254,569,-1,17,1,weights_on_pim_prefill-1024xdecode_64_ops_trace.csv,0.091413463317254,0.091413463317254,0.011170301339662781,-0.08024316197759122,0.12219536307136525,0
prefill,L17_SwiGLU_s0,SwiGLU,GPU0,npu,NAIVE,8.201229131497941,8.201366355484758,0.0001372239868171,570,-1,17,0,weights_on_pim_prefill-1024xdecode_64_ops_trace.csv,0.0001372239868171,0.0001372239868171,7.641898709117646e-05,-6.080499972592354e-05,0.5568923397702478,0
prefill,L17_SwiGLU_s1,SwiGLU,GPU0,npu,NAIVE,8.292642594815195,8.292779818802012,0.0001372239868171,571,-1,17,1,weights_on_pim_prefill-1024xdecode_64_ops_trace.csv,0.0001372239868171,0.0001372239868171,7.641898709117646e-05,-6.080499972592354e-05,0.5568923397702478,0
prefill,L17_FFN_W2_s0,FFN_W2,PIM0,pim,NAIVE,8.287584552714023,8.383667456031276,0.096082903317253,572,-1,17,0,weights_on_pim_prefill-1024xdecode_64_ops_trace.csv,0.096082903317253,0.096082903317253,0.011740885255802615,-0.08434201806145039,0.12219536307136525,0
prefill,L17_FFN_W2_s1,FFN_W2,PIM1,pim,NAIVE,8.297824100903185,8.393907004220438,0.096082903317253,573,-1,17,1,weights_on_pim_prefill-1024xdecode_64_ops_trace.csv,0.096082903317253,0.096082903317253,0.011740885255802615,-0.08434201806145039,0.12219536307136525,0
prefill,L17_AllReduce_FFN,ALLREDUCE,COMM,comm,COMM,8.393907004220438,8.395982199532938,0.0020751953125,574,-1,17,-1,weights_on_pim_prefill-1024xdecode_64_ops_trace.csv,0.0020751953125,0.0020751953125,0.0020751953125,0.0,1.0,0
prefill,L17_Add2,Add,GPU0,npu,NAIVE,8.400702570691271,8.400807823425646,0.0001052527343752,575,-1,17,-1,weights_on_pim_prefill-1024xdecode_64_ops_trace.csv,0.0001052527343752,0.0001052527343752,5.8614441513421524e-05,-4.663829286177848e-05,0.5568923397702479,0
prefill,L18_LN,LN,GPU0,npu,NAIVE,8.400807823425646,8.400939358581896,0.0001315351562496,576,-1,18,-1,weights_on_pim_prefill-1024xdecode_64_ops_trace.csv,0.0001315351562496,0.0001315351562496,7.325092092588487e-05,-5.828423532371512e-05,0.5568923397702478,0
prefill,L18_Q_s0,Q,PIM0,pim,NAIVE,8.404693575494395,8.441769530589186,0.0370759550947905,577,-1,18,0,weights_on_pim_prefill-1024xdecode_64_ops_trace.csv,0.0370759550947905,0.0370759550947905,0.004530509794025588,-0.03254544530076491,0.12219536307136601,0
prefill,L18_K_s0,K,PIM0,pim,NAIVE,8.441769530589186,8.478845485683976,0.0370759550947905,578,-1,18,0,weights_on_pim_prefill-1024xdecode_64_ops_trace.csv,0.0370759550947905,0.0370759550947905,0.004530509794025588,-0.03254544530076491,0.12219536307136601,0
prefill,L18_V_s0,V,PIM0,pim,NAIVE,8.478845485683976,8.515921440778767,0.0370759550947905,579,-1,18,0,weights_on_pim_prefill-1024xdecode_64_ops_trace.csv,0.0370759550947905,0.0370759550947905,0.004530509794025588,-0.03254544530076491,0.12219536307136601,0
prefill,L18_Q_s1,Q,PIM1,pim,NAIVE,8.404693575494395,8.441769530589186,0.0370759550947905,580,-1,18,1,weights_on_pim_prefill-1024xdecode_64_ops_trace.csv,0.0370759550947905,0.0370759550947905,0.004530509794025588,-0.03254544530076491,0.12219536307136601,0
prefill,L18_K_s1,K,PIM1,pim,NAIVE,8.441769530589186,8.478845485683976,0.0370759550947905,581,-1,18,1,weights_on_pim_prefill-1024xdecode_64_ops_trace.csv,0.0370759550947905,0.0370759550947905,0.004530509794025588,-0.03254544530076491,0.12219536307136601,0
prefill,L18_V_s1,V,PIM1,pim,NAIVE,8.478845485683976,8.515921440778767,0.0370759550947905,582,-1,18,1,weights_on_pim_prefill-1024xdecode_64_ops_trace.csv,0.0370759550947905,0.0370759550947905,0.004530509794025588,-0.03254544530076491,0.12219536307136601,0
prefill,L18_K_write_s0,K_write,PIM0,pim,NAIVE,8.515921440778767,8.515952160778767,3.071999999981756e-05,583,-1,18,0,weights_on_pim_prefill-1024xdecode_64_ops_trace.csv,3.071999999981756e-05,3.071999999981756e-05,3.071999999981756e-05,0.0,1.0,0
prefill,L18_QK_s0,QK,GPU0,npu,NAIVE,8.480728364140226,8.480863832022909,0.0001354678826821,584,-1,18,0,weights_on_pim_prefill-1024xdecode_64_ops_trace.csv,0.0001354678826821,0.0001354678826821,7.544102615055611e-05,-6.002685653154389e-05,0.5568923397702479,0
prefill,L18_V_write_s0,V_write,PIM0,pim,NAIVE,8.515952160778767,8.515982880778767,3.071999999981756e-05,585,-1,18,0,weights_on_pim_prefill-1024xdecode_64_ops_trace.csv,3.071999999981756e-05,3.071999999981756e-05,3.071999999981756e-05,0.0,1.0,0
prefill,L18_K_write_s1,K_write,PIM1,pim,NAIVE,8.515921440778767,8.515952160778767,3.071999999981756e-05,586,-1,18,1,weights_on_pim_prefill-1024xdecode_64_ops_trace.csv,3.071999999981756e-05,3.071999999981756e-05,3.071999999981756e-05,0.0,1.0,0
prefill,L18_QK_s1,QK,GPU0,npu,NAIVE,8.480863832022909,8.48099929990559,0.0001354678826821,587,-1,18,1,weights_on_pim_prefill-1024xdecode_64_ops_trace.csv,0.0001354678826821,0.0001354678826821,7.544102615055611e-05,-6.002685653154389e-05,0.5568923397702479,0
prefill,L18_V_write_s1,V_write,PIM1,pim,NAIVE,8.515952160778767,8.515982880778767,3.071999999981756e-05,588,-1,18,1,weights_on_pim_prefill-1024xdecode_64_ops_trace.csv,3.071999999981756e-05,3.071999999981756e-05,3.071999999981756e-05,0.0,1.0,0
prefill,L18_Softmax_s0,Softmax,GPU0,npu,NAIVE,8.48099929990559,8.48112148942738,0.0001221895217895,589,-1,18,0,weights_on_pim_prefill-1024xdecode_64_ops_trace.csv,0.0001221895217895,0.0001221895217895,6.804640868476233e-05,-5.414311310473768e-05,0.5568923397702478,0
prefill,L18_Softmax_s1,Softmax,GPU0,npu,NAIVE,8.48112148942738,8.48124367894917,0.0001221895217895,590,-1,18,1,weights_on_pim_prefill-1024xdecode_64_ops_trace.csv,0.0001221895217895,0.0001221895217895,6.804640868476233e-05,-5.414311310473768e-05,0.5568923397702478,0
prefill,L18_SV_s0,SV,GPU0,npu,NAIVE,8.517804319235017,8.5179397871177,0.0001354678826821,591,-1,18,0,weights_on_pim_prefill-1024xdecode_64_ops_trace.csv,0.0001354678826821,0.0001354678826821,7.544102615055611e-05,-6.002685653154389e-05,0.5568923397702479,0
prefill,L18_SV_s1,SV,GPU0,npu,NAIVE,8.5179397871177,8.518075255000381,0.0001354678826821,592,-1,18,1,weights_on_pim_prefill-1024xdecode_64_ops_trace.csv,0.0001354678826821,0.0001354678826821,7.544102615055611e-05,-6.002685653154389e-05,0.5568923397702479,0
prefill,L18_O_s0,O,PIM0,pim,NAIVE,8.519817545573948,8.55389522866874,0.0340776830947913,593,-1,18,0,weights_on_pim_prefill-1024xdecode_64_ops_trace.csv,0.0340776830947913,0.0340776830947913,0.004164134858398974,-0.029913548236392324,0.12219536307136601,0
prefill,L18_O_s1,O,PIM1,pim,NAIVE,8.51995301345663,8.554030696551422,0.0340776830947913,594,-1,18,1,weights_on_pim_prefill-1024xdecode_64_ops_trace.csv,0.0340776830947913,0.0340776830947913,0.004164134858398974,-0.029913548236392324,0.12219536307136601,0
prefill,L18_AllReduce_O,ALLREDUCE,COMM,comm,COMM,8.554030696551422,8.556105891863922,0.0020751953125,595,-1,18,-1,weights_on_pim_prefill-1024xdecode_64_ops_trace.csv,0.0020751953125,0.0020751953125,0.0020751953125,0.0,1.0,0
prefill,L18_Add1,Add,GPU0,npu,NAIVE,8.560826263022255,8.56093151575663,0.0001052527343752,596,-1,18,-1,weights_on_pim_prefill-1024xdecode_64_ops_trace.csv,0.0001052527343752,0.0001052527343752,5.8614441513421524e-05,-4.663829286177848e-05,0.5568923397702479,0
prefill,L18_LN2,LN,GPU0,npu,NAIVE,8.56093151575663,8.56106305091288,0.0001315351562496,597,-1,18,-1,weights_on_pim_prefill-1024xdecode_64_ops_trace.csv,0.0001315351562496,0.0001315351562496,7.325092092588487e-05,-5.828423532371512e-05,0.5568923397702478,0
prefill,L18_FFN_W1_s0,FFN_W1,PIM0,pim,NAIVE,8.56481726782538,8.662882635142633,0.098065367317254,598,-1,18,0,weights_on_pim_prefill-1024xdecode_64_ops_trace.csv,0.098065367317254,0.098065367317254,0.011983133164058723,-0.08608223415319528,0.12219536307136601,0
prefill,L18_FFN_W3_s0,FFN_W3,PIM1,pim,NAIVE,8.56481726782538,8.656230731142633,0.091413463317254,599,-1,18,0,weights_on_pim_prefill-1024xdecode_64_ops_trace.csv,0.091413463317254,0.091413463317254,0.01117030133966285,-0.08024316197759115,0.122195363071366,0
prefill,L18_FFN_W1_s1,FFN_W1,PIM1,pim,NAIVE,8.656230731142633,8.754296098459887,0.098065367317254,600,-1,18,1,weights_on_pim_prefill-1024xdecode_64_ops_trace.csv,0.098065367317254,0.098065367317254,0.011983133164058721,-0.08608223415319528,0.122195363071366,0
prefill,L18_FFN_W3_s1,FFN_W3,PIM0,pim,NAIVE,8.662882635142633,8.754296098459887,0.091413463317254,601,-1,18,1,weights_on_pim_prefill-1024xdecode_64_ops_trace.csv,0.091413463317254,0.091413463317254,0.01117030133966285,-0.08024316197759115,0.122195363071366,0
prefill,L18_SwiGLU_s0,SwiGLU,GPU0,npu,NAIVE,8.667940677243806,8.668077901230623,0.0001372239868171,602,-1,18,0,weights_on_pim_prefill-1024xdecode_64_ops_trace.csv,0.0001372239868171,0.0001372239868171,7.641898709117646e-05,-6.080499972592354e-05,0.5568923397702478,0
prefill,L18_SwiGLU_s1,SwiGLU,GPU0,npu,NAIVE,8.75935414056106,8.759491364547877,0.0001372239868171,603,-1,18,1,weights_on_pim_prefill-1024xdecode_64_ops_trace.csv,0.0001372239868171,0.0001372239868171,7.641898709117646e-05,-6.080499972592354e-05,0.5568923397702478,0
prefill,L18_FFN_W2_s0,FFN_W2,PIM0,pim,NAIVE,8.754296098459887,8.85037900177714,0.096082903317253,604,-1,18,0,weights_on_pim_prefill-1024xdecode_64_ops_trace.csv,0.096082903317253,0.096082903317253,0.011740885255802688,-0.08434201806145031,0.12219536307136601,0
prefill,L18_FFN_W2_s1,FFN_W2,PIM1,pim,NAIVE,8.76453564664905,8.860618549966302,0.096082903317253,605,-1,18,1,weights_on_pim_prefill-1024xdecode_64_ops_trace.csv,0.096082903317253,0.096082903317253,0.011740885255802688,-0.08434201806145031,0.12219536307136601,0
prefill,L18_AllReduce_FFN,ALLREDUCE,COMM,comm,COMM,8.860618549966302,8.862693745278802,0.0020751953125,606,-1,18,-1,weights_on_pim_prefill-1024xdecode_64_ops_trace.csv,0.0020751953125,0.0020751953125,0.0020751953125,0.0,1.0,0
prefill,L18_Add2,Add,GPU0,npu,NAIVE,8.867414116437136,8.86751936917151,0.0001052527343752,607,-1,18,-1,weights_on_pim_prefill-1024xdecode_64_ops_trace.csv,0.0001052527343752,0.0001052527343752,5.8614441513421524e-05,-4.663829286177848e-05,0.5568923397702479,0
prefill,L19_LN,LN,GPU0,npu,NAIVE,8.86751936917151,8.86765090432776,0.0001315351562496,608,-1,19,-1,weights_on_pim_prefill-1024xdecode_64_ops_trace.csv,0.0001315351562496,0.0001315351562496,7.325092092588487e-05,-5.828423532371512e-05,0.5568923397702478,0
prefill,L19_Q_s0,Q,PIM0,pim,NAIVE,8.87140512124026,8.90848107633505,0.0370759550947905,609,-1,19,0,weights_on_pim_prefill-1024xdecode_64_ops_trace.csv,0.0370759550947905,0.0370759550947905,0.004530509794025588,-0.03254544530076491,0.12219536307136601,0
prefill,L19_K_s0,K,PIM0,pim,NAIVE,8.90848107633505,8.945557031429841,0.0370759550947905,610,-1,19,0,weights_on_pim_prefill-1024xdecode_64_ops_trace.csv,0.0370759550947905,0.0370759550947905,0.004530509794025588,-0.03254544530076491,0.12219536307136601,0
prefill,L19_V_s0,V,PIM0,pim,NAIVE,8.945557031429841,8.982632986524631,0.0370759550947905,611,-1,19,0,weights_on_pim_prefill-1024xdecode_64_ops_trace.csv,0.0370759550947905,0.0370759550947905,0.004530509794025588,-0.03254544530076491,0.12219536307136601,0
prefill,L19_Q_s1,Q,PIM1,pim,NAIVE,8.87140512124026,8.90848107633505,0.0370759550947905,612,-1,19,1,weights_on_pim_prefill-1024xdecode_64_ops_trace.csv,0.0370759550947905,0.0370759550947905,0.004530509794025588,-0.03254544530076491,0.12219536307136601,0
prefill,L19_K_s1,K,PIM1,pim,NAIVE,8.90848107633505,8.945557031429841,0.0370759550947905,613,-1,19,1,weights_on_pim_prefill-1024xdecode_64_ops_trace.csv,0.0370759550947905,0.0370759550947905,0.004530509794025588,-0.03254544530076491,0.12219536307136601,0
prefill,L19_V_s1,V,PIM1,pim,NAIVE,8.945557031429841,8.982632986524631,0.0370759550947905,614,-1,19,1,weights_on_pim_prefill-1024xdecode_64_ops_trace.csv,0.0370759550947905,0.0370759550947905,0.004530509794025588,-0.03254544530076491,0.12219536307136601,0
prefill,L19_K_write_s0,K_write,PIM0,pim,NAIVE,8.982632986524631,8.982663706524631,3.071999999981756e-05,615,-1,19,0,weights_on_pim_prefill-1024xdecode_64_ops_trace.csv,3.071999999981756e-05,3.071999999981756e-05,3.071999999981756e-05,0.0,1.0,0
prefill,L19_QK_s0,QK,GPU0,npu,NAIVE,8.947439909886091,8.947575377768773,0.0001354678826821,616,-1,19,0,weights_on_pim_prefill-1024xdecode_64_ops_trace.csv,0.0001354678826821,0.0001354678826821,7.544102615055611e-05,-6.002685653154389e-05,0.5568923397702479,0
prefill,L19_V_write_s0,V_write,PIM0,pim,NAIVE,8.982663706524631,8.982694426524631,3.071999999981756e-05,617,-1,19,0,weights_on_pim_prefill-1024xdecode_64_ops_trace.csv,3.071999999981756e-05,3.071999999981756e-05,3.071999999981756e-05,0.0,1.0,0
prefill,L19_K_write_s1,K_write,PIM1,pim,NAIVE,8.982632986524631,8.982663706524631,3.071999999981756e-05,618,-1,19,1,weights_on_pim_prefill-1024xdecode_64_ops_trace.csv,3.071999999981756e-05,3.071999999981756e-05,3.071999999981756e-05,0.0,1.0,0
prefill,L19_QK_s1,QK,GPU0,npu,NAIVE,8.947575377768773,8.947710845651455,0.0001354678826821,619,-1,19,1,weights_on_pim_prefill-1024xdecode_64_ops_trace.csv,0.0001354678826821,0.0001354678826821,7.544102615055611e-05,-6.002685653154389e-05,0.5568923397702479,0
prefill,L19_V_write_s1,V_write,PIM1,pim,NAIVE,8.982663706524631,8.982694426524631,3.071999999981756e-05,620,-1,19,1,weights_on_pim_prefill-1024xdecode_64_ops_trace.csv,3.071999999981756e-05,3.071999999981756e-05,3.071999999981756e-05,0.0,1.0,0
prefill,L19_Softmax_s0,Softmax,GPU0,npu,NAIVE,8.947710845651455,8.947833035173245,0.0001221895217895,621,-1,19,0,weights_on_pim_prefill-1024xdecode_64_ops_trace.csv,0.0001221895217895,0.0001221895217895,6.804640868476233e-05,-5.414311310473768e-05,0.5568923397702478,0
prefill,L19_Softmax_s1,Softmax,GPU0,npu,NAIVE,8.947833035173245,8.947955224695034,0.0001221895217895,622,-1,19,1,weights_on_pim_prefill-1024xdecode_64_ops_trace.csv,0.0001221895217895,0.0001221895217895,6.804640868476233e-05,-5.414311310473768e-05,0.5568923397702478,0
prefill,L19_SV_s0,SV,GPU0,npu,NAIVE,8.984515864980882,8.984651332863564,0.0001354678826821,623,-1,19,0,weights_on_pim_prefill-1024xdecode_64_ops_trace.csv,0.0001354678826821,0.0001354678826821,7.544102615055611e-05,-6.002685653154389e-05,0.5568923397702479,0
prefill,L19_SV_s1,SV,GPU0,npu,NAIVE,8.984651332863564,8.984786800746246,0.0001354678826821,624,-1,19,1,weights_on_pim_prefill-1024xdecode_64_ops_trace.csv,0.0001354678826821,0.0001354678826821,7.544102615055611e-05,-6.002685653154389e-05,0.5568923397702479,0
prefill,L19_O_s0,O,PIM0,pim,NAIVE,8.986529091319813,9.020606774414604,0.0340776830947913,625,-1,19,0,weights_on_pim_prefill-1024xdecode_64_ops_trace.csv,0.0340776830947913,0.0340776830947913,0.004164134858398974,-0.029913548236392324,0.12219536307136601,0
prefill,L19_O_s1,O,PIM1,pim,NAIVE,8.986664559202495,9.020742242297286,0.0340776830947913,626,-1,19,1,weights_on_pim_prefill-1024xdecode_64_ops_trace.csv,0.0340776830947913,0.0340776830947913,0.004164134858398974,-0.029913548236392324,0.12219536307136601,0
prefill,L19_AllReduce_O,ALLREDUCE,COMM,comm,COMM,9.020742242297286,9.022817437609786,0.0020751953125,627,-1,19,-1,weights_on_pim_prefill-1024xdecode_64_ops_trace.csv,0.0020751953125,0.0020751953125,0.0020751953125,0.0,1.0,0
prefill,L19_Add1,Add,GPU0,npu,NAIVE,9.02753780876812,9.027643061502497,0.0001052527343752,628,-1,19,-1,weights_on_pim_prefill-1024xdecode_64_ops_trace.csv,0.0001052527343752,0.0001052527343752,5.8614441513421524e-05,-4.663829286177848e-05,0.5568923397702479,0
prefill,L19_LN2,LN,GPU0,npu,NAIVE,9.027643061502497,9.027774596658745,0.0001315351562496,629,-1,19,-1,weights_on_pim_prefill-1024xdecode_64_ops_trace.csv,0.0001315351562496,0.0001315351562496,7.325092092588487e-05,-5.828423532371512e-05,0.5568923397702478,0
prefill,L19_FFN_W1_s0,FFN_W1,PIM0,pim,NAIVE,9.031528813571244,9.129594180888498,0.098065367317254,630,-1,19,0,weights_on_pim_prefill-1024xdecode_64_ops_trace.csv,0.098065367317254,0.098065367317254,0.011983133164058723,-0.08608223415319528,0.12219536307136601,0
prefill,L19_FFN_W3_s0,FFN_W3,PIM1,pim,NAIVE,9.031528813571244,9.122942276888498,0.091413463317254,631,-1,19,0,weights_on_pim_prefill-1024xdecode_64_ops_trace.csv,0.091413463317254,0.091413463317254,0.01117030133966285,-0.08024316197759115,0.122195363071366,0
prefill,L19_FFN_W1_s1,FFN_W1,PIM1,pim,NAIVE,9.122942276888498,9.221007644205752,0.098065367317254,632,-1,19,1,weights_on_pim_prefill-1024xdecode_64_ops_trace.csv,0.098065367317254,0.098065367317254,0.011983133164058721,-0.08608223415319528,0.122195363071366,0
prefill,L19_FFN_W3_s1,FFN_W3,PIM0,pim,NAIVE,9.129594180888498,9.221007644205752,0.091413463317254,633,-1,19,1,weights_on_pim_prefill-1024xdecode_64_ops_trace.csv,0.091413463317254,0.091413463317254,0.01117030133966285,-0.08024316197759115,0.122195363071366,0
prefill,L19_SwiGLU_s0,SwiGLU,GPU0,npu,NAIVE,9.13465222298967,9.134789446976487,0.0001372239868171,634,-1,19,0,weights_on_pim_prefill-1024xdecode_64_ops_trace.csv,0.0001372239868171,0.0001372239868171,7.641898709117646e-05,-6.080499972592354e-05,0.5568923397702478,0
prefill,L19_SwiGLU_s1,SwiGLU,GPU0,npu,NAIVE,9.226065686306924,9.226202910293742,0.0001372239868171,635,-1,19,1,weights_on_pim_prefill-1024xdecode_64_ops_trace.csv,0.0001372239868171,0.0001372239868171,7.641898709117646e-05,-6.080499972592354e-05,0.5568923397702478,0
prefill,L19_FFN_W2_s0,FFN_W2,PIM0,pim,NAIVE,9.221007644205752,9.317090547523003,0.096082903317253,636,-1,19,0,weights_on_pim_prefill-1024xdecode_64_ops_trace.csv,0.096082903317253,0.096082903317253,0.011740885255802688,-0.08434201806145031,0.12219536307136601,0
prefill,L19_FFN_W2_s1,FFN_W2,PIM1,pim,NAIVE,9.231247192394914,9.327330095712169,0.096082903317253,637,-1,19,1,weights_on_pim_prefill-1024xdecode_64_ops_trace.csv,0.096082903317253,0.096082903317253,0.011740885255802688,-0.08434201806145031,0.12219536307136601,0
prefill,L19_AllReduce_FFN,ALLREDUCE,COMM,comm,COMM,9.327330095712169,9.329405291024669,0.0020751953125,638,-1,19,-1,weights_on_pim_prefill-1024xdecode_64_ops_trace.csv,0.0020751953125,0.0020751953125,0.0020751953125,0.0,1.0,0
prefill,L19_Add2,Add,GPU0,npu,NAIVE,9.334125662183,9.334230914917375,0.0001052527343752,639,-1,19,-1,weights_on_pim_prefill-1024xdecode_64_ops_trace.csv,0.0001052527343752,0.0001052527343752,5.8614441513421524e-05,-4.663829286177848e-05,0.5568923397702479,0
prefill,L20_LN,LN,GPU0,npu,NAIVE,9.334230914917375,9.334362450073623,0.0001315351562496,640,-1,20,-1,weights_on_pim_prefill-1024xdecode_64_ops_trace.csv,0.0001315351562496,0.0001315351562496,7.325092092588487e-05,-5.828423532371512e-05,0.5568923397702478,0
prefill,L20_Q_s0,Q,PIM0,pim,NAIVE,9.338116666986124,9.375192622080917,0.0370759550947905,641,-1,20,0,weights_on_pim_prefill-1024xdecode_64_ops_trace.csv,0.0370759550947905,0.0370759550947905,0.004530509794025588,-0.03254544530076491,0.12219536307136601,0
prefill,L20_K_s0,K,PIM0,pim,NAIVE,9.375192622080917,9.412268577175706,0.0370759550947905,642,-1,20,0,weights_on_pim_prefill-1024xdecode_64_ops_trace.csv,0.0370759550947905,0.0370759550947905,0.004530509794025588,-0.03254544530076491,0.12219536307136601,0
prefill,L20_V_s0,V,PIM0,pim,NAIVE,9.412268577175706,9.449344532270496,0.0370759550947905,643,-1,20,0,weights_on_pim_prefill-1024xdecode_64_ops_trace.csv,0.0370759550947905,0.0370759550947905,0.004530509794025588,-0.03254544530076491,0.12219536307136601,0
prefill,L20_Q_s1,Q,PIM1,pim,NAIVE,9.338116666986124,9.375192622080917,0.0370759550947905,644,-1,20,1,weights_on_pim_prefill-1024xdecode_64_ops_trace.csv,0.0370759550947905,0.0370759550947905,0.004530509794025588,-0.03254544530076491,0.12219536307136601,0
prefill,L20_K_s1,K,PIM1,pim,NAIVE,9.375192622080917,9.412268577175706,0.0370759550947905,645,-1,20,1,weights_on_pim_prefill-1024xdecode_64_ops_trace.csv,0.0370759550947905,0.0370759550947905,0.004530509794025588,-0.03254544530076491,0.12219536307136601,0
prefill,L20_V_s1,V,PIM1,pim,NAIVE,9.412268577175706,9.449344532270496,0.0370759550947905,646,-1,20,1,weights_on_pim_prefill-1024xdecode_64_ops_trace.csv,0.0370759550947905,0.0370759550947905,0.004530509794025588,-0.03254544530076491,0.12219536307136601,0
prefill,L20_K_write_s0,K_write,PIM0,pim,NAIVE,9.449344532270496,9.449375252270496,3.071999999981756e-05,647,-1,20,0,weights_on_pim_prefill-1024xdecode_64_ops_trace.csv,3.071999999981756e-05,3.071999999981756e-05,3.071999999981756e-05,0.0,1.0,0
prefill,L20_QK_s0,QK,GPU0,npu,NAIVE,9.414151455631956,9.414286923514638,0.0001354678826821,648,-1,20,0,weights_on_pim_prefill-1024xdecode_64_ops_trace.csv,0.0001354678826821,0.0001354678826821,7.544102615055611e-05,-6.002685653154389e-05,0.5568923397702479,0
prefill,L20_V_write_s0,V_write,PIM0,pim,NAIVE,9.449375252270496,9.449405972270496,3.071999999981756e-05,649,-1,20,0,weights_on_pim_prefill-1024xdecode_64_ops_trace.csv,3.071999999981756e-05,3.071999999981756e-05,3.071999999981756e-05,0.0,1.0,0
prefill,L20_K_write_s1,K_write,PIM1,pim,NAIVE,9.449344532270496,9.449375252270496,3.071999999981756e-05,650,-1,20,1,weights_on_pim_prefill-1024xdecode_64_ops_trace.csv,3.071999999981756e-05,3.071999999981756e-05,3.071999999981756e-05,0.0,1.0,0
prefill,L20_QK_s1,QK,GPU0,npu,NAIVE,9.414286923514638,9.41442239139732,0.0001354678826821,651,-1,20,1,weights_on_pim_prefill-1024xdecode_64_ops_trace.csv,0.0001354678826821,0.0001354678826821,7.544102615055611e-05,-6.002685653154389e-05,0.5568923397702479,0
prefill,L20_V_write_s1,V_write,PIM1,pim,NAIVE,9.449375252270496,9.449405972270496,3.071999999981756e-05,652,-1,20,1,weights_on_pim_prefill-1024xdecode_64_ops_trace.csv,3.071999999981756e-05,3.071999999981756e-05,3.071999999981756e-05,0.0,1.0,0
prefill,L20_Softmax_s0,Softmax,GPU0,npu,NAIVE,9.41442239139732,9.41454458091911,0.0001221895217895,653,-1,20,0,weights_on_pim_prefill-1024xdecode_64_ops_trace.csv,0.0001221895217895,0.0001221895217895,6.804640868476233e-05,-5.414311310473768e-05,0.5568923397702478,0
prefill,L20_Softmax_s1,Softmax,GPU0,npu,NAIVE,9.41454458091911,9.4146667704409,0.0001221895217895,654,-1,20,1,weights_on_pim_prefill-1024xdecode_64_ops_trace.csv,0.0001221895217895,0.0001221895217895,6.804640868476233e-05,-5.414311310473768e-05,0.5568923397702478,0
prefill,L20_SV_s0,SV,GPU0,npu,NAIVE,9.451227410726746,9.451362878609428,0.0001354678826821,655,-1,20,0,weights_on_pim_prefill-1024xdecode_64_ops_trace.csv,0.0001354678826821,0.0001354678826821,7.544102615055611e-05,-6.002685653154389e-05,0.5568923397702479,0
prefill,L20_SV_s1,SV,GPU0,npu,NAIVE,9.451362878609428,9.45149834649211,0.0001354678826821,656,-1,20,1,weights_on_pim_prefill-1024xdecode_64_ops_trace.csv,0.0001354678826821,0.0001354678826821,7.544102615055611e-05,-6.002685653154389e-05,0.5568923397702479,0
prefill,L20_O_s0,O,PIM0,pim,NAIVE,9.453240637065678,9.487318320160467,0.0340776830947913,657,-1,20,0,weights_on_pim_prefill-1024xdecode_64_ops_trace.csv,0.0340776830947913,0.0340776830947913,0.004164134858398974,-0.029913548236392324,0.12219536307136601,0
prefill,L20_O_s1,O,PIM1,pim,NAIVE,9.45337610494836,9.487453788043153,0.0340776830947913,658,-1,20,1,weights_on_pim_prefill-1024xdecode_64_ops_trace.csv,0.0340776830947913,0.0340776830947913,0.004164134858398974,-0.029913548236392324,0.12219536307136601,0
prefill,L20_AllReduce_O,ALLREDUCE,COMM,comm,COMM,9.487453788043153,9.489528983355653,0.0020751953125,659,-1,20,-1,weights_on_pim_prefill-1024xdecode_64_ops_trace.csv,0.0020751953125,0.0020751953125,0.0020751953125,0.0,1.0,0
prefill,L20_Add1,Add,GPU0,npu,NAIVE,9.494249354513984,9.49435460724836,0.0001052527343752,660,-1,20,-1,weights_on_pim_prefill-1024xdecode_64_ops_trace.csv,0.0001052527343752,0.0001052527343752,5.8614441513421524e-05,-4.663829286177848e-05,0.5568923397702479,0
prefill,L20_LN2,LN,GPU0,npu,NAIVE,9.49435460724836,9.49448614240461,0.0001315351562496,661,-1,20,-1,weights_on_pim_prefill-1024xdecode_64_ops_trace.csv,0.0001315351562496,0.0001315351562496,7.325092092588487e-05,-5.828423532371512e-05,0.5568923397702478,0
prefill,L20_FFN_W1_s0,FFN_W1,PIM0,pim,NAIVE,9.498240359317109,9.596305726634364,0.098065367317254,662,-1,20,0,weights_on_pim_prefill-1024xdecode_64_ops_trace.csv,0.098065367317254,0.098065367317254,0.011983133164058723,-0.08608223415319528,0.12219536307136601,0
prefill,L20_FFN_W3_s0,FFN_W3,PIM1,pim,NAIVE,9.498240359317109,9.589653822634364,0.091413463317254,663,-1,20,0,weights_on_pim_prefill-1024xdecode_64_ops_trace.csv,0.091413463317254,0.091413463317254,0.01117030133966285,-0.08024316197759115,0.122195363071366,0
prefill,L20_FFN_W1_s1,FFN_W1,PIM1,pim,NAIVE,9.589653822634364,9.687719189951617,0.098065367317254,664,-1,20,1,weights_on_pim_prefill-1024xdecode_64_ops_trace.csv,0.098065367317254,0.098065367317254,0.011983133164058721,-0.08608223415319528,0.122195363071366,0
prefill,L20_FFN_W3_s1,FFN_W3,PIM0,pim,NAIVE,9.596305726634364,9.687719189951617,0.091413463317254,665,-1,20,1,weights_on_pim_prefill-1024xdecode_64_ops_trace.csv,0.091413463317254,0.091413463317254,0.01117030133966285,-0.08024316197759115,0.122195363071366,0
prefill,L20_SwiGLU_s0,SwiGLU,GPU0,npu,NAIVE,9.601363768735537,9.601500992722352,0.0001372239868171,666,-1,20,0,weights_on_pim_prefill-1024xdecode_64_ops_trace.csv,0.0001372239868171,0.0001372239868171,7.641898709117646e-05,-6.080499972592354e-05,0.5568923397702478,0
prefill,L20_SwiGLU_s1,SwiGLU,GPU0,npu,NAIVE,9.692777232052787,9.692914456039606,0.0001372239868171,667,-1,20,1,weights_on_pim_prefill-1024xdecode_64_ops_trace.csv,0.0001372239868171,0.0001372239868171,7.641898709117646e-05,-6.080499972592354e-05,0.5568923397702478,0
prefill,L20_FFN_W2_s0,FFN_W2,PIM0,pim,NAIVE,9.687719189951617,9.78380209326887,0.096082903317253,668,-1,20,0,weights_on_pim_prefill-1024xdecode_64_ops_trace.csv,0.096082903317253,0.096082903317253,0.011740885255802688,-0.08434201806145031,0.12219536307136601,0
prefill,L20_FFN_W2_s1,FFN_W2,PIM1,pim,NAIVE,9.69795873814078,9.794041641458032,0.096082903317253,669,-1,20,1,weights_on_pim_prefill-1024xdecode_64_ops_trace.csv,0.096082903317253,0.096082903317253,0.011740885255802688,-0.08434201806145031,0.12219536307136601,0
prefill,L20_AllReduce_FFN,ALLREDUCE,COMM,comm,COMM,9.794041641458032,9.796116836770532,0.0020751953125,670,-1,20,-1,weights_on_pim_prefill-1024xdecode_64_ops_trace.csv,0.0020751953125,0.0020751953125,0.0020751953125,0.0,1.0,0
prefill,L20_Add2,Add,GPU0,npu,NAIVE,9.800837207928865,9.80094246066324,0.0001052527343752,671,-1,20,-1,weights_on_pim_prefill-1024xdecode_64_ops_trace.csv,0.0001052527343752,0.0001052527343752,5.8614441513421524e-05,-4.663829286177848e-05,0.5568923397702479,0
prefill,L21_LN,LN,GPU0,npu,NAIVE,9.80094246066324,9.80107399581949,0.0001315351562496,672,-1,21,-1,weights_on_pim_prefill-1024xdecode_64_ops_trace.csv,0.0001315351562496,0.0001315351562496,7.325092092588487e-05,-5.828423532371512e-05,0.5568923397702478,0
prefill,L21_Q_s0,Q,PIM0,pim,NAIVE,9.804828212731987,9.84190416782678,0.0370759550947905,673,-1,21,0,weights_on_pim_prefill-1024xdecode_64_ops_trace.csv,0.0370759550947905,0.0370759550947905,0.004530509794025588,-0.03254544530076491,0.12219536307136601,0
prefill,L21_K_s0,K,PIM0,pim,NAIVE,9.84190416782678,9.87898012292157,0.0370759550947905,674,-1,21,0,weights_on_pim_prefill-1024xdecode_64_ops_trace.csv,0.0370759550947905,0.0370759550947905,0.004530509794025588,-0.03254544530076491,0.12219536307136601,0
prefill,L21_V_s0,V,PIM0,pim,NAIVE,9.87898012292157,9.91605607801636,0.0370759550947905,675,-1,21,0,weights_on_pim_prefill-1024xdecode_64_ops_trace.csv,0.0370759550947905,0.0370759550947905,0.004530509794025588,-0.03254544530076491,0.12219536307136601,0
prefill,L21_Q_s1,Q,PIM1,pim,NAIVE,9.804828212731987,9.84190416782678,0.0370759550947905,676,-1,21,1,weights_on_pim_prefill-1024xdecode_64_ops_trace.csv,0.0370759550947905,0.0370759550947905,0.004530509794025588,-0.03254544530076491,0.12219536307136601,0
prefill,L21_K_s1,K,PIM1,pim,NAIVE,9.84190416782678,9.87898012292157,0.0370759550947905,677,-1,21,1,weights_on_pim_prefill-1024xdecode_64_ops_trace.csv,0.0370759550947905,0.0370759550947905,0.004530509794025588,-0.03254544530076491,0.12219536307136601,0
prefill,L21_V_s1,V,PIM1,pim,NAIVE,9.87898012292157,9.91605607801636,0.0370759550947905,678,-1,21,1,weights_on_pim_prefill-1024xdecode_64_ops_trace.csv,0.0370759550947905,0.0370759550947905,0.004530509794025588,-0.03254544530076491,0.12219536307136601,0
prefill,L21_K_write_s0,K_write,PIM0,pim,NAIVE,9.91605607801636,9.91608679801636,3.071999999981756e-05,679,-1,21,0,weights_on_pim_prefill-1024xdecode_64_ops_trace.csv,3.071999999981756e-05,3.071999999981756e-05,3.071999999981756e-05,0.0,1.0,0
prefill,L21_QK_s0,QK,GPU0,npu,NAIVE,9.88086300137782,9.880998469260502,0.0001354678826821,680,-1,21,0,weights_on_pim_prefill-1024xdecode_64_ops_trace.csv,0.0001354678826821,0.0001354678826821,7.544102615055611e-05,-6.002685653154389e-05,0.5568923397702479,0
prefill,L21_V_write_s0,V_write,PIM0,pim,NAIVE,9.91608679801636,9.91611751801636,3.071999999981756e-05,681,-1,21,0,weights_on_pim_prefill-1024xdecode_64_ops_trace.csv,3.071999999981756e-05,3.071999999981756e-05,3.071999999981756e-05,0.0,1.0,0
prefill,L21_K_write_s1,K_write,PIM1,pim,NAIVE,9.91605607801636,9.91608679801636,3.071999999981756e-05,682,-1,21,1,weights_on_pim_prefill-1024xdecode_64_ops_trace.csv,3.071999999981756e-05,3.071999999981756e-05,3.071999999981756e-05,0.0,1.0,0
prefill,L21_QK_s1,QK,GPU0,npu,NAIVE,9.880998469260502,9.881133937143185,0.0001354678826821,683,-1,21,1,weights_on_pim_prefill-1024xdecode_64_ops_trace.csv,0.0001354678826821,0.0001354678826821,7.544102615055611e-05,-6.002685653154389e-05,0.5568923397702479,0
prefill,L21_V_write_s1,V_write,PIM1,pim,NAIVE,9.91608679801636,9.91611751801636,3.071999999981756e-05,684,-1,21,1,weights_on_pim_prefill-1024xdecode_64_ops_trace.csv,3.071999999981756e-05,3.071999999981756e-05,3.071999999981756e-05,0.0,1.0,0
prefill,L21_Softmax_s0,Softmax,GPU0,npu,NAIVE,9.881133937143185,9.881256126664974,0.0001221895217895,685,-1,21,0,weights_on_pim_prefill-1024xdecode_64_ops_trace.csv,0.0001221895217895,0.0001221895217895,6.804640868476233e-05,-5.414311310473768e-05,0.5568923397702478,0
prefill,L21_Softmax_s1,Softmax,GPU0,npu,NAIVE,9.881256126664974,9.881378316186764,0.0001221895217895,686,-1,21,1,weights_on_pim_prefill-1024xdecode_64_ops_trace.csv,0.0001221895217895,0.0001221895217895,6.804640868476233e-05,-5.414311310473768e-05,0.5568923397702478,0
prefill,L21_SV_s0,SV,GPU0,npu,NAIVE,9.91793895647261,9.918074424355291,0.0001354678826821,687,-1,21,0,weights_on_pim_prefill-1024xdecode_64_ops_trace.csv,0.0001354678826821,0.0001354678826821,7.544102615055611e-05,-6.002685653154389e-05,0.5568923397702479,0
prefill,L21_SV_s1,SV,GPU0,npu,NAIVE,9.918074424355291,9.918209892237977,0.0001354678826821,688,-1,21,1,weights_on_pim_prefill-1024xdecode_64_ops_trace.csv,0.0001354678826821,0.0001354678826821,7.544102615055611e-05,-6.002685653154389e-05,0.5568923397702479,0
prefill,L21_O_s0,O,PIM0,pim,NAIVE,9.919952182811542,9.954029865906334,0.0340776830947913,689,-1,21,0,weights_on_pim_prefill-1024xdecode_64_ops_trace.csv,0.0340776830947913,0.0340776830947913,0.004164134858398974,-0.029913548236392324,0.12219536307136601,0
prefill,L21_O_s1,O,PIM1,pim,NAIVE,9.920087650694224,9.954165333789016,0.0340776830947913,690,-1,21,1,weights_on_pim_prefill-1024xdecode_64_ops_trace.csv,0.0340776830947913,0.0340776830947913,0.004164134858398974,-0.029913548236392324,0.12219536307136601,0
prefill,L21_AllReduce_O,ALLREDUCE,COMM,comm,COMM,9.954165333789016,9.956240529101516,0.0020751953125,691,-1,21,-1,weights_on_pim_prefill-1024xdecode_64_ops_trace.csv,0.0020751953125,0.0020751953125,0.0020751953125,0.0,1.0,0
prefill,L21_Add1,Add,GPU0,npu,NAIVE,9.960960900259847,9.961066152994224,0.0001052527343752,692,-1,21,-1,weights_on_pim_prefill-1024xdecode_64_ops_trace.csv,0.0001052527343752,0.0001052527343752,5.8614441513421524e-05,-4.663829286177848e-05,0.5568923397702479,0
prefill,L21_LN2,LN,GPU0,npu,NAIVE,9.961066152994224,9.961197688150474,0.0001315351562496,693,-1,21,-1,weights_on_pim_prefill-1024xdecode_64_ops_trace.csv,0.0001315351562496,0.0001315351562496,7.325092092588487e-05,-5.828423532371512e-05,0.5568923397702478,0
prefill,L21_FFN_W1_s0,FFN_W1,PIM0,pim,NAIVE,9.964951905062971,10.063017272380227,0.098065367317254,694,-1,21,0,weights_on_pim_prefill-1024xdecode_64_ops_trace.csv,0.098065367317254,0.098065367317254,0.011983133164058723,-0.08608223415319528,0.12219536307136601,0
prefill,L21_FFN_W3_s0,FFN_W3,PIM1,pim,NAIVE,9.964951905062971,10.056365368380227,0.091413463317254,695,-1,21,0,weights_on_pim_prefill-1024xdecode_64_ops_trace.csv,0.091413463317254,0.091413463317254,0.01117030133966285,-0.08024316197759115,0.122195363071366,0
prefill,L21_FFN_W1_s1,FFN_W1,PIM1,pim,NAIVE,10.056365368380227,10.15443073569748,0.098065367317254,696,-1,21,1,weights_on_pim_prefill-1024xdecode_64_ops_trace.csv,0.098065367317254,0.098065367317254,0.011983133164058721,-0.08608223415319528,0.122195363071366,0
prefill,L21_FFN_W3_s1,FFN_W3,PIM0,pim,NAIVE,10.063017272380227,10.15443073569748,0.091413463317254,697,-1,21,1,weights_on_pim_prefill-1024xdecode_64_ops_trace.csv,0.091413463317254,0.091413463317254,0.01117030133966285,-0.08024316197759115,0.122195363071366,0
prefill,L21_SwiGLU_s0,SwiGLU,GPU0,npu,NAIVE,10.0680753144814,10.068212538468217,0.0001372239868171,698,-1,21,0,weights_on_pim_prefill-1024xdecode_64_ops_trace.csv,0.0001372239868171,0.0001372239868171,7.641898709117646e-05,-6.080499972592354e-05,0.5568923397702478,0
prefill,L21_SwiGLU_s1,SwiGLU,GPU0,npu,NAIVE,10.159488777798654,10.15962600178547,0.0001372239868171,699,-1,21,1,weights_on_pim_prefill-1024xdecode_64_ops_trace.csv,0.0001372239868171,0.0001372239868171,7.641898709117646e-05,-6.080499972592354e-05,0.5568923397702478,0
prefill,L21_FFN_W2_s0,FFN_W2,PIM0,pim,NAIVE,10.15443073569748,10.250513639014734,0.096082903317253,700,-1,21,0,weights_on_pim_prefill-1024xdecode_64_ops_trace.csv,0.096082903317253,0.096082903317253,0.011740885255802688,-0.08434201806145031,0.12219536307136601,0
prefill,L21_FFN_W2_s1,FFN_W2,PIM1,pim,NAIVE,10.164670283886643,10.260753187203896,0.096082903317253,701,-1,21,1,weights_on_pim_prefill-1024xdecode_64_ops_trace.csv,0.096082903317253,0.096082903317253,0.011740885255802688,-0.08434201806145031,0.12219536307136601,0
prefill,L21_AllReduce_FFN,ALLREDUCE,COMM,comm,COMM,10.260753187203896,10.262828382516396,0.0020751953125,702,-1,21,-1,weights_on_pim_prefill-1024xdecode_64_ops_trace.csv,0.0020751953125,0.0020751953125,0.0020751953125,0.0,1.0,0
prefill,L21_Add2,Add,GPU0,npu,NAIVE,10.26754875367473,10.267654006409105,0.0001052527343752,703,-1,21,-1,weights_on_pim_prefill-1024xdecode_64_ops_trace.csv,0.0001052527343752,0.0001052527343752,5.8614441513421524e-05,-4.663829286177848e-05,0.5568923397702479,0
prefill,L22_LN,LN,GPU0,npu,NAIVE,10.267654006409105,10.267785541565354,0.0001315351562496,704,-1,22,-1,weights_on_pim_prefill-1024xdecode_64_ops_trace.csv,0.0001315351562496,0.0001315351562496,7.325092092588487e-05,-5.828423532371512e-05,0.5568923397702478,0
prefill,L22_Q_s0,Q,PIM0,pim,NAIVE,10.271539758477854,10.308615713572644,0.0370759550947905,705,-1,22,0,weights_on_pim_prefill-1024xdecode_64_ops_trace.csv,0.0370759550947905,0.0370759550947905,0.004530509794025588,-0.03254544530076491,0.12219536307136601,0
prefill,L22_K_s0,K,PIM0,pim,NAIVE,10.308615713572644,10.345691668667437,0.0370759550947905,706,-1,22,0,weights_on_pim_prefill-1024xdecode_64_ops_trace.csv,0.0370759550947905,0.0370759550947905,0.004530509794025588,-0.03254544530076491,0.12219536307136601,0
prefill,L22_V_s0,V,PIM0,pim,NAIVE,10.345691668667437,10.382767623762224,0.0370759550947905,707,-1,22,0,weights_on_pim_prefill-1024xdecode_64_ops_trace.csv,0.0370759550947905,0.0370759550947905,0.004530509794025588,-0.03254544530076491,0.12219536307136601,0
prefill,L22_Q_s1,Q,PIM1,pim,NAIVE,10.271539758477854,10.308615713572644,0.0370759550947905,708,-1,22,1,weights_on_pim_prefill-1024xdecode_64_ops_trace.csv,0.0370759550947905,0.0370759550947905,0.004530509794025588,-0.03254544530076491,0.12219536307136601,0
prefill,L22_K_s1,K,PIM1,pim,NAIVE,10.308615713572644,10.345691668667437,0.0370759550947905,709,-1,22,1,weights_on_pim_prefill-1024xdecode_64_ops_trace.csv,0.0370759550947905,0.0370759550947905,0.004530509794025588,-0.03254544530076491,0.12219536307136601,0
prefill,L22_V_s1,V,PIM1,pim,NAIVE,10.345691668667437,10.382767623762224,0.0370759550947905,710,-1,22,1,weights_on_pim_prefill-1024xdecode_64_ops_trace.csv,0.0370759550947905,0.0370759550947905,0.004530509794025588,-0.03254544530076491,0.12219536307136601,0
prefill,L22_K_write_s0,K_write,PIM0,pim,NAIVE,10.382767623762224,10.382798343762223,3.071999999981756e-05,711,-1,22,0,weights_on_pim_prefill-1024xdecode_64_ops_trace.csv,3.071999999981756e-05,3.071999999981756e-05,3.071999999981756e-05,0.0,1.0,0
prefill,L22_QK_s0,QK,GPU0,npu,NAIVE,10.347574547123685,10.347710015006369,0.0001354678826821,712,-1,22,0,weights_on_pim_prefill-1024xdecode_64_ops_trace.csv,0.0001354678826821,0.0001354678826821,7.544102615055611e-05,-6.002685653154389e-05,0.5568923397702479,0
prefill,L22_V_write_s0,V_write,PIM0,pim,NAIVE,10.382798343762223,10.382829063762223,3.071999999981756e-05,713,-1,22,0,weights_on_pim_prefill-1024xdecode_64_ops_trace.csv,3.071999999981756e-05,3.071999999981756e-05,3.071999999981756e-05,0.0,1.0,0
prefill,L22_K_write_s1,K_write,PIM1,pim,NAIVE,10.382767623762224,10.382798343762223,3.071999999981756e-05,714,-1,22,1,weights_on_pim_prefill-1024xdecode_64_ops_trace.csv,3.071999999981756e-05,3.071999999981756e-05,3.071999999981756e-05,0.0,1.0,0
prefill,L22_QK_s1,QK,GPU0,npu,NAIVE,10.347710015006369,10.34784548288905,0.0001354678826821,715,-1,22,1,weights_on_pim_prefill-1024xdecode_64_ops_trace.csv,0.0001354678826821,0.0001354678826821,7.544102615055611e-05,-6.002685653154389e-05,0.5568923397702479,0
prefill,L22_V_write_s1,V_write,PIM1,pim,NAIVE,10.382798343762223,10.382829063762223,3.071999999981756e-05,716,-1,22,1,weights_on_pim_prefill-1024xdecode_64_ops_trace.csv,3.071999999981756e-05,3.071999999981756e-05,3.071999999981756e-05,0.0,1.0,0
prefill,L22_Softmax_s0,Softmax,GPU0,npu,NAIVE,10.34784548288905,10.34796767241084,0.0001221895217895,717,-1,22,0,weights_on_pim_prefill-1024xdecode_64_ops_trace.csv,0.0001221895217895,0.0001221895217895,6.804640868476233e-05,-5.414311310473768e-05,0.5568923397702478,0
prefill,L22_Softmax_s1,Softmax,GPU0,npu,NAIVE,10.34796767241084,10.348089861932628,0.0001221895217895,718,-1,22,1,weights_on_pim_prefill-1024xdecode_64_ops_trace.csv,0.0001221895217895,0.0001221895217895,6.804640868476233e-05,-5.414311310473768e-05,0.5568923397702478,0
prefill,L22_SV_s0,SV,GPU0,npu,NAIVE,10.384650502218475,10.384785970101158,0.0001354678826821,719,-1,22,0,weights_on_pim_prefill-1024xdecode_64_ops_trace.csv,0.0001354678826821,0.0001354678826821,7.544102615055611e-05,-6.002685653154389e-05,0.5568923397702479,0
prefill,L22_SV_s1,SV,GPU0,npu,NAIVE,10.384785970101158,10.38492143798384,0.0001354678826821,720,-1,22,1,weights_on_pim_prefill-1024xdecode_64_ops_trace.csv,0.0001354678826821,0.0001354678826821,7.544102615055611e-05,-6.002685653154389e-05,0.5568923397702479,0
prefill,L22_O_s0,O,PIM0,pim,NAIVE,10.386663728557409,10.420741411652198,0.0340776830947913,721,-1,22,0,weights_on_pim_prefill-1024xdecode_64_ops_trace.csv,0.0340776830947913,0.0340776830947913,0.004164134858398974,-0.029913548236392324,0.12219536307136601,0
prefill,L22_O_s1,O,PIM1,pim,NAIVE,10.386799196440087,10.42087687953488,0.0340776830947913,722,-1,22,1,weights_on_pim_prefill-1024xdecode_64_ops_trace.csv,0.0340776830947913,0.0340776830947913,0.004164134858398974,-0.029913548236392324,0.12219536307136601,0
prefill,L22_AllReduce_O,ALLREDUCE,COMM,comm,COMM,10.42087687953488,10.42295207484738,0.0020751953125,723,-1,22,-1,weights_on_pim_prefill-1024xdecode_64_ops_trace.csv,0.0020751953125,0.0020751953125,0.0020751953125,0.0,1.0,0
prefill,L22_Add1,Add,GPU0,npu,NAIVE,10.427672446005714,10.427777698740089,0.0001052527343752,724,-1,22,-1,weights_on_pim_prefill-1024xdecode_64_ops_trace.csv,0.0001052527343752,0.0001052527343752,5.8614441513421524e-05,-4.663829286177848e-05,0.5568923397702479,0
prefill,L22_LN2,LN,GPU0,npu,NAIVE,10.427777698740089,10.427909233896338,0.0001315351562496,725,-1,22,-1,weights_on_pim_prefill-1024xdecode_64_ops_trace.csv,0.0001315351562496,0.0001315351562496,7.325092092588487e-05,-5.828423532371512e-05,0.5568923397702478,0
prefill,L22_FFN_W1_s0,FFN_W1,PIM0,pim,NAIVE,10.431663450808838,10.529728818126092,0.098065367317254,726,-1,22,0,weights_on_pim_prefill-1024xdecode_64_ops_trace.csv,0.098065367317254,0.098065367317254,0.011983133164058723,-0.08608223415319528,0.12219536307136601,0
prefill,L22_FFN_W3_s0,FFN_W3,PIM1,pim,NAIVE,10.431663450808838,10.523076914126092,0.091413463317254,727,-1,22,0,weights_on_pim_prefill-1024xdecode_64_ops_trace.csv,0.091413463317254,0.091413463317254,0.01117030133966285,-0.08024316197759115,0.122195363071366,0
prefill,L22_FFN_W1_s1,FFN_W1,PIM1,pim,NAIVE,10.523076914126092,10.621142281443346,0.098065367317254,728,-1,22,1,weights_on_pim_prefill-1024xdecode_64_ops_trace.csv,0.098065367317254,0.098065367317254,0.011983133164058721,-0.08608223415319528,0.122195363071366,0
prefill,L22_FFN_W3_s1,FFN_W3,PIM0,pim,NAIVE,10.529728818126092,10.621142281443346,0.091413463317254,729,-1,22,1,weights_on_pim_prefill-1024xdecode_64_ops_trace.csv,0.091413463317254,0.091413463317254,0.01117030133966285,-0.08024316197759115,0.122195363071366,0
prefill,L22_SwiGLU_s0,SwiGLU,GPU0,npu,NAIVE,10.534786860227264,10.53492408421408,0.0001372239868171,730,-1,22,0,weights_on_pim_prefill-1024xdecode_64_ops_trace.csv,0.0001372239868171,0.0001372239868171,7.641898709117646e-05,-6.080499972592354e-05,0.5568923397702478,0
prefill,L22_SwiGLU_s1,SwiGLU,GPU0,npu,NAIVE,10.626200323544518,10.626337547531335,0.0001372239868171,731,-1,22,1,weights_on_pim_prefill-1024xdecode_64_ops_trace.csv,0.0001372239868171,0.0001372239868171,7.641898709117646e-05,-6.080499972592354e-05,0.5568923397702478,0
prefill,L22_FFN_W2_s0,FFN_W2,PIM0,pim,NAIVE,10.621142281443346,10.7172251847606,0.096082903317253,732,-1,22,0,weights_on_pim_prefill-1024xdecode_64_ops_trace.csv,0.096082903317253,0.096082903317253,0.011740885255802688,-0.08434201806145031,0.12219536307136601,0
prefill,L22_FFN_W2_s1,FFN_W2,PIM1,pim,NAIVE,10.631381829632508,10.72746473294976,0.096082903317253,733,-1,22,1,weights_on_pim_prefill-1024xdecode_64_ops_trace.csv,0.096082903317253,0.096082903317253,0.011740885255802688,-0.08434201806145031,0.12219536307136601,0
prefill,L22_AllReduce_FFN,ALLREDUCE,COMM,comm,COMM,10.72746473294976,10.72953992826226,0.0020751953125,734,-1,22,-1,weights_on_pim_prefill-1024xdecode_64_ops_trace.csv,0.0020751953125,0.0020751953125,0.0020751953125,0.0,1.0,0
prefill,L22_Add2,Add,GPU0,npu,NAIVE,10.734260299420594,10.73436555215497,0.0001052527343752,735,-1,22,-1,weights_on_pim_prefill-1024xdecode_64_ops_trace.csv,0.0001052527343752,0.0001052527343752,5.8614441513421524e-05,-4.663829286177848e-05,0.5568923397702479,0
prefill,L23_LN,LN,GPU0,npu,NAIVE,10.73436555215497,10.73449708731122,0.0001315351562496,736,-1,23,-1,weights_on_pim_prefill-1024xdecode_64_ops_trace.csv,0.0001315351562496,0.0001315351562496,7.325092092588487e-05,-5.828423532371512e-05,0.5568923397702478,0
prefill,L23_Q_s0,Q,PIM0,pim,NAIVE,10.738251304223718,10.775327259318509,0.0370759550947905,737,-1,23,0,weights_on_pim_prefill-1024xdecode_64_ops_trace.csv,0.0370759550947905,0.0370759550947905,0.004530509794025588,-0.03254544530076491,0.12219536307136601,0
prefill,L23_K_s0,K,PIM0,pim,NAIVE,10.775327259318509,10.8124032144133,0.0370759550947905,738,-1,23,0,weights_on_pim_prefill-1024xdecode_64_ops_trace.csv,0.0370759550947905,0.0370759550947905,0.004530509794025588,-0.03254544530076491,0.12219536307136601,0
prefill,L23_V_s0,V,PIM0,pim,NAIVE,10.8124032144133,10.84947916950809,0.0370759550947905,739,-1,23,0,weights_on_pim_prefill-1024xdecode_64_ops_trace.csv,0.0370759550947905,0.0370759550947905,0.004530509794025588,-0.03254544530076491,0.12219536307136601,0
prefill,L23_Q_s1,Q,PIM1,pim,NAIVE,10.738251304223718,10.775327259318509,0.0370759550947905,740,-1,23,1,weights_on_pim_prefill-1024xdecode_64_ops_trace.csv,0.0370759550947905,0.0370759550947905,0.004530509794025588,-0.03254544530076491,0.12219536307136601,0
prefill,L23_K_s1,K,PIM1,pim,NAIVE,10.775327259318509,10.8124032144133,0.0370759550947905,741,-1,23,1,weights_on_pim_prefill-1024xdecode_64_ops_trace.csv,0.0370759550947905,0.0370759550947905,0.004530509794025588,-0.03254544530076491,0.12219536307136601,0
prefill,L23_V_s1,V,PIM1,pim,NAIVE,10.8124032144133,10.84947916950809,0.0370759550947905,742,-1,23,1,weights_on_pim_prefill-1024xdecode_64_ops_trace.csv,0.0370759550947905,0.0370759550947905,0.004530509794025588,-0.03254544530076491,0.12219536307136601,0
prefill,L23_K_write_s0,K_write,PIM0,pim,NAIVE,10.84947916950809,10.84950988950809,3.071999999981756e-05,743,-1,23,0,weights_on_pim_prefill-1024xdecode_64_ops_trace.csv,3.071999999981756e-05,3.071999999981756e-05,3.071999999981756e-05,0.0,1.0,0
prefill,L23_QK_s0,QK,GPU0,npu,NAIVE,10.81428609286955,10.814421560752232,0.0001354678826821,744,-1,23,0,weights_on_pim_prefill-1024xdecode_64_ops_trace.csv,0.0001354678826821,0.0001354678826821,7.544102615055611e-05,-6.002685653154389e-05,0.5568923397702479,0
prefill,L23_V_write_s0,V_write,PIM0,pim,NAIVE,10.84950988950809,10.84954060950809,3.071999999981756e-05,745,-1,23,0,weights_on_pim_prefill-1024xdecode_64_ops_trace.csv,3.071999999981756e-05,3.071999999981756e-05,3.071999999981756e-05,0.0,1.0,0
prefill,L23_K_write_s1,K_write,PIM1,pim,NAIVE,10.84947916950809,10.84950988950809,3.071999999981756e-05,746,-1,23,1,weights_on_pim_prefill-1024xdecode_64_ops_trace.csv,3.071999999981756e-05,3.071999999981756e-05,3.071999999981756e-05,0.0,1.0,0
prefill,L23_QK_s1,QK,GPU0,npu,NAIVE,10.814421560752232,10.814557028634914,0.0001354678826821,747,-1,23,1,weights_on_pim_prefill-1024xdecode_64_ops_trace.csv,0.0001354678826821,0.0001354678826821,7.544102615055611e-05,-6.002685653154389e-05,0.5568923397702479,0
prefill,L23_V_write_s1,V_write,PIM1,pim,NAIVE,10.84950988950809,10.84954060950809,3.071999999981756e-05,748,-1,23,1,weights_on_pim_prefill-1024xdecode_64_ops_trace.csv,3.071999999981756e-05,3.071999999981756e-05,3.071999999981756e-05,0.0,1.0,0
prefill,L23_Softmax_s0,Softmax,GPU0,npu,NAIVE,10.814557028634914,10.814679218156703,0.0001221895217895,749,-1,23,0,weights_on_pim_prefill-1024xdecode_64_ops_trace.csv,0.0001221895217895,0.0001221895217895,6.804640868476233e-05,-5.414311310473768e-05,0.5568923397702478,0
prefill,L23_Softmax_s1,Softmax,GPU0,npu,NAIVE,10.814679218156703,10.814801407678493,0.0001221895217895,750,-1,23,1,weights_on_pim_prefill-1024xdecode_64_ops_trace.csv,0.0001221895217895,0.0001221895217895,6.804640868476233e-05,-5.414311310473768e-05,0.5568923397702478,0
prefill,L23_SV_s0,SV,GPU0,npu,NAIVE,10.85136204796434,10.851497515847022,0.0001354678826821,751,-1,23,0,weights_on_pim_prefill-1024xdecode_64_ops_trace.csv,0.0001354678826821,0.0001354678826821,7.544102615055611e-05,-6.002685653154389e-05,0.5568923397702479,0
prefill,L23_SV_s1,SV,GPU0,npu,NAIVE,10.851497515847022,10.851632983729704,0.0001354678826821,752,-1,23,1,weights_on_pim_prefill-1024xdecode_64_ops_trace.csv,0.0001354678826821,0.0001354678826821,7.544102615055611e-05,-6.002685653154389e-05,0.5568923397702479,0
prefill,L23_O_s0,O,PIM0,pim,NAIVE,10.853375274303271,10.887452957398065,0.0340776830947913,753,-1,23,0,weights_on_pim_prefill-1024xdecode_64_ops_trace.csv,0.0340776830947913,0.0340776830947913,0.004164134858398974,-0.029913548236392324,0.12219536307136601,0
prefill,L23_O_s1,O,PIM1,pim,NAIVE,10.853510742185954,10.887588425280745,0.0340776830947913,754,-1,23,1,weights_on_pim_prefill-1024xdecode_64_ops_trace.csv,0.0340776830947913,0.0340776830947913,0.004164134858398974,-0.029913548236392324,0.12219536307136601,0
prefill,L23_AllReduce_O,ALLREDUCE,COMM,comm,COMM,10.887588425280745,10.889663620593245,0.0020751953125,755,-1,23,-1,weights_on_pim_prefill-1024xdecode_64_ops_trace.csv,0.0020751953125,0.0020751953125,0.0020751953125,0.0,1.0,0
prefill,L23_Add1,Add,GPU0,npu,NAIVE,10.894383991751578,10.894489244485952,0.0001052527343752,756,-1,23,-1,weights_on_pim_prefill-1024xdecode_64_ops_trace.csv,0.0001052527343752,0.0001052527343752,5.8614441513421524e-05,-4.663829286177848e-05,0.5568923397702479,0
prefill,L23_LN2,LN,GPU0,npu,NAIVE,10.894489244485952,10.894620779642205,0.0001315351562496,757,-1,23,-1,weights_on_pim_prefill-1024xdecode_64_ops_trace.csv,0.0001315351562496,0.0001315351562496,7.325092092588487e-05,-5.828423532371512e-05,0.5568923397702478,0
prefill,L23_FFN_W1_s0,FFN_W1,PIM0,pim,NAIVE,10.898374996554702,10.996440363871956,0.098065367317254,758,-1,23,0,weights_on_pim_prefill-1024xdecode_64_ops_trace.csv,0.098065367317254,0.098065367317254,0.011983133164058723,-0.08608223415319528,0.12219536307136601,0
prefill,L23_FFN_W3_s0,FFN_W3,PIM1,pim,NAIVE,10.898374996554702,10.989788459871956,0.091413463317254,759,-1,23,0,weights_on_pim_prefill-1024xdecode_64_ops_trace.csv,0.091413463317254,0.091413463317254,0.01117030133966285,-0.08024316197759115,0.122195363071366,0
prefill,L23_FFN_W1_s1,FFN_W1,PIM1,pim,NAIVE,10.989788459871956,11.08785382718921,0.098065367317254,760,-1,23,1,weights_on_pim_prefill-1024xdecode_64_ops_trace.csv,0.098065367317254,0.098065367317254,0.011983133164058721,-0.08608223415319528,0.122195363071366,0
prefill,L23_FFN_W3_s1,FFN_W3,PIM0,pim,NAIVE,10.996440363871956,11.08785382718921,0.091413463317254,761,-1,23,1,weights_on_pim_prefill-1024xdecode_64_ops_trace.csv,0.091413463317254,0.091413463317254,0.01117030133966285,-0.08024316197759115,0.122195363071366,0
prefill,L23_SwiGLU_s0,SwiGLU,GPU0,npu,NAIVE,11.001498405973129,11.001635629959946,0.0001372239868171,762,-1,23,0,weights_on_pim_prefill-1024xdecode_64_ops_trace.csv,0.0001372239868171,0.0001372239868171,7.641898709117646e-05,-6.080499972592354e-05,0.5568923397702478,0
prefill,L23_SwiGLU_s1,SwiGLU,GPU0,npu,NAIVE,11.092911869290385,11.0930490932772,0.0001372239868171,763,-1,23,1,weights_on_pim_prefill-1024xdecode_64_ops_trace.csv,0.0001372239868171,0.0001372239868171,7.641898709117646e-05,-6.080499972592354e-05,0.5568923397702478,0
prefill,L23_FFN_W2_s0,FFN_W2,PIM0,pim,NAIVE,11.08785382718921,11.183936730506463,0.096082903317253,764,-1,23,0,weights_on_pim_prefill-1024xdecode_64_ops_trace.csv,0.096082903317253,0.096082903317253,0.011740885255802688,-0.08434201806145031,0.12219536307136601,0
prefill,L23_FFN_W2_s1,FFN_W2,PIM1,pim,NAIVE,11.098093375378372,11.194176278695624,0.096082903317253,765,-1,23,1,weights_on_pim_prefill-1024xdecode_64_ops_trace.csv,0.096082903317253,0.096082903317253,0.011740885255802688,-0.08434201806145031,0.12219536307136601,0
prefill,L23_AllReduce_FFN,ALLREDUCE,COMM,comm,COMM,11.194176278695624,11.196251474008124,0.0020751953125,766,-1,23,-1,weights_on_pim_prefill-1024xdecode_64_ops_trace.csv,0.0020751953125,0.0020751953125,0.0020751953125,0.0,1.0,0
prefill,L23_Add2,Add,GPU0,npu,NAIVE,11.20097184516646,11.201077097900834,0.0001052527343752,767,-1,23,-1,weights_on_pim_prefill-1024xdecode_64_ops_trace.csv,0.0001052527343752,0.0001052527343752,5.8614441513421524e-05,-4.663829286177848e-05,0.5568923397702479,0
prefill,L24_LN,LN,GPU0,npu,NAIVE,11.201077097900834,11.201208633057083,0.0001315351562496,768,-1,24,-1,weights_on_pim_prefill-1024xdecode_64_ops_trace.csv,0.0001315351562496,0.0001315351562496,7.325092092588487e-05,-5.828423532371512e-05,0.5568923397702478,0
prefill,L24_Q_s0,Q,PIM0,pim,NAIVE,11.204962849969585,11.242038805064372,0.0370759550947905,769,-1,24,0,weights_on_pim_prefill-1024xdecode_64_ops_trace.csv,0.0370759550947905,0.0370759550947905,0.004530509794025588,-0.03254544530076491,0.12219536307136601,0
prefill,L24_K_s0,K,PIM0,pim,NAIVE,11.242038805064372,11.279114760159164,0.0370759550947905,770,-1,24,0,weights_on_pim_prefill-1024xdecode_64_ops_trace.csv,0.0370759550947905,0.0370759550947905,0.004530509794025588,-0.03254544530076491,0.12219536307136601,0
prefill,L24_V_s0,V,PIM0,pim,NAIVE,11.279114760159164,11.316190715253954,0.0370759550947905,771,-1,24,0,weights_on_pim_prefill-1024xdecode_64_ops_trace.csv,0.0370759550947905,0.0370759550947905,0.004530509794025588,-0.03254544530076491,0.12219536307136601,0
prefill,L24_Q_s1,Q,PIM1,pim,NAIVE,11.204962849969585,11.242038805064372,0.0370759550947905,772,-1,24,1,weights_on_pim_prefill-1024xdecode_64_ops_trace.csv,0.0370759550947905,0.0370759550947905,0.004530509794025588,-0.03254544530076491,0.12219536307136601,0
prefill,L24_K_s1,K,PIM1,pim,NAIVE,11.242038805064372,11.279114760159164,0.0370759550947905,773,-1,24,1,weights_on_pim_prefill-1024xdecode_64_ops_trace.csv,0.0370759550947905,0.0370759550947905,0.004530509794025588,-0.03254544530076491,0.12219536307136601,0
prefill,L24_V_s1,V,PIM1,pim,NAIVE,11.279114760159164,11.316190715253954,0.0370759550947905,774,-1,24,1,weights_on_pim_prefill-1024xdecode_64_ops_trace.csv,0.0370759550947905,0.0370759550947905,0.004530509794025588,-0.03254544530076491,0.12219536307136601,0
prefill,L24_K_write_s0,K_write,PIM0,pim,NAIVE,11.316190715253954,11.316221435253954,3.071999999981756e-05,775,-1,24,0,weights_on_pim_prefill-1024xdecode_64_ops_trace.csv,3.071999999981756e-05,3.071999999981756e-05,3.071999999981756e-05,0.0,1.0,0
prefill,L24_QK_s0,QK,GPU0,npu,NAIVE,11.280997638615414,11.281133106498096,0.0001354678826821,776,-1,24,0,weights_on_pim_prefill-1024xdecode_64_ops_trace.csv,0.0001354678826821,0.0001354678826821,7.544102615055611e-05,-6.002685653154389e-05,0.5568923397702479,0
prefill,L24_V_write_s0,V_write,PIM0,pim,NAIVE,11.316221435253954,11.316252155253954,3.071999999981756e-05,777,-1,24,0,weights_on_pim_prefill-1024xdecode_64_ops_trace.csv,3.071999999981756e-05,3.071999999981756e-05,3.071999999981756e-05,0.0,1.0,0
prefill,L24_K_write_s1,K_write,PIM1,pim,NAIVE,11.316190715253954,11.316221435253954,3.071999999981756e-05,778,-1,24,1,weights_on_pim_prefill-1024xdecode_64_ops_trace.csv,3.071999999981756e-05,3.071999999981756e-05,3.071999999981756e-05,0.0,1.0,0
prefill,L24_QK_s1,QK,GPU0,npu,NAIVE,11.281133106498096,11.281268574380778,0.0001354678826821,779,-1,24,1,weights_on_pim_prefill-1024xdecode_64_ops_trace.csv,0.0001354678826821,0.0001354678826821,7.544102615055611e-05,-6.002685653154389e-05,0.5568923397702479,0
prefill,L24_V_write_s1,V_write,PIM1,pim,NAIVE,11.316221435253954,11.316252155253954,3.071999999981756e-05,780,-1,24,1,weights_on_pim_prefill-1024xdecode_64_ops_trace.csv,3.071999999981756e-05,3.071999999981756e-05,3.071999999981756e-05,0.0,1.0,0
prefill,L24_Softmax_s0,Softmax,GPU0,npu,NAIVE,11.281268574380778,11.281390763902568,0.0001221895217895,781,-1,24,0,weights_on_pim_prefill-1024xdecode_64_ops_trace.csv,0.0001221895217895,0.0001221895217895,6.804640868476233e-05,-5.414311310473768e-05,0.5568923397702478,0
prefill,L24_Softmax_s1,Softmax,GPU0,npu,NAIVE,11.281390763902568,11.281512953424356,0.0001221895217895,782,-1,24,1,weights_on_pim_prefill-1024xdecode_64_ops_trace.csv,0.0001221895217895,0.0001221895217895,6.804640868476233e-05,-5.414311310473768e-05,0.5568923397702478,0
prefill,L24_SV_s0,SV,GPU0,npu,NAIVE,11.318073593710205,11.318209061592889,0.0001354678826821,783,-1,24,0,weights_on_pim_prefill-1024xdecode_64_ops_trace.csv,0.0001354678826821,0.0001354678826821,7.544102615055611e-05,-6.002685653154389e-05,0.5568923397702479,0
prefill,L24_SV_s1,SV,GPU0,npu,NAIVE,11.318209061592889,11.318344529475567,0.0001354678826821,784,-1,24,1,weights_on_pim_prefill-1024xdecode_64_ops_trace.csv,0.0001354678826821,0.0001354678826821,7.544102615055611e-05,-6.002685653154389e-05,0.5568923397702479,0
prefill,L24_O_s0,O,PIM0,pim,NAIVE,11.320086820049136,11.354164503143927,0.0340776830947913,785,-1,24,0,weights_on_pim_prefill-1024xdecode_64_ops_trace.csv,0.0340776830947913,0.0340776830947913,0.004164134858398974,-0.029913548236392324,0.12219536307136601,0
prefill,L24_O_s1,O,PIM1,pim,NAIVE,11.320222287931818,11.35429997102661,0.0340776830947913,786,-1,24,1,weights_on_pim_prefill-1024xdecode_64_ops_trace.csv,0.0340776830947913,0.0340776830947913,0.004164134858398974,-0.029913548236392324,0.12219536307136601,0
prefill,L24_AllReduce_O,ALLREDUCE,COMM,comm,COMM,11.35429997102661,11.35637516633911,0.0020751953125,787,-1,24,-1,weights_on_pim_prefill-1024xdecode_64_ops_trace.csv,0.0020751953125,0.0020751953125,0.0020751953125,0.0,1.0,0
prefill,L24_Add1,Add,GPU0,npu,NAIVE,11.361095537497444,11.361200790231818,0.0001052527343752,788,-1,24,-1,weights_on_pim_prefill-1024xdecode_64_ops_trace.csv,0.0001052527343752,0.0001052527343752,5.8614441513421524e-05,-4.663829286177848e-05,0.5568923397702479,0
prefill,L24_LN2,LN,GPU0,npu,NAIVE,11.361200790231818,11.361332325388068,0.0001315351562496,789,-1,24,-1,weights_on_pim_prefill-1024xdecode_64_ops_trace.csv,0.0001315351562496,0.0001315351562496,7.325092092588487e-05,-5.828423532371512e-05,0.5568923397702478,0
prefill,L24_FFN_W1_s0,FFN_W1,PIM0,pim,NAIVE,11.365086542300569,11.46315190961782,0.098065367317254,790,-1,24,0,weights_on_pim_prefill-1024xdecode_64_ops_trace.csv,0.098065367317254,0.098065367317254,0.011983133164058723,-0.08608223415319528,0.12219536307136601,0
prefill,L24_FFN_W3_s0,FFN_W3,PIM1,pim,NAIVE,11.365086542300569,11.45650000561782,0.091413463317254,791,-1,24,0,weights_on_pim_prefill-1024xdecode_64_ops_trace.csv,0.091413463317254,0.091413463317254,0.01117030133966285,-0.08024316197759115,0.122195363071366,0
prefill,L24_FFN_W1_s1,FFN_W1,PIM1,pim,NAIVE,11.45650000561782,11.554565372935077,0.098065367317254,792,-1,24,1,weights_on_pim_prefill-1024xdecode_64_ops_trace.csv,0.098065367317254,0.098065367317254,0.011983133164058721,-0.08608223415319528,0.122195363071366,0
prefill,L24_FFN_W3_s1,FFN_W3,PIM0,pim,NAIVE,11.46315190961782,11.554565372935077,0.091413463317254,793,-1,24,1,weights_on_pim_prefill-1024xdecode_64_ops_trace.csv,0.091413463317254,0.091413463317254,0.01117030133966285,-0.08024316197759115,0.122195363071366,0
prefill,L24_SwiGLU_s0,SwiGLU,GPU0,npu,NAIVE,11.468209951718991,11.46834717570581,0.0001372239868171,794,-1,24,0,weights_on_pim_prefill-1024xdecode_64_ops_trace.csv,0.0001372239868171,0.0001372239868171,7.641898709117646e-05,-6.080499972592354e-05,0.5568923397702478,0
prefill,L24_SwiGLU_s1,SwiGLU,GPU0,npu,NAIVE,11.559623415036247,11.559760639023064,0.0001372239868171,795,-1,24,1,weights_on_pim_prefill-1024xdecode_64_ops_trace.csv,0.0001372239868171,0.0001372239868171,7.641898709117646e-05,-6.080499972592354e-05,0.5568923397702478,0
prefill,L24_FFN_W2_s0,FFN_W2,PIM0,pim,NAIVE,11.554565372935077,11.650648276252328,0.096082903317253,796,-1,24,0,weights_on_pim_prefill-1024xdecode_64_ops_trace.csv,0.096082903317253,0.096082903317253,0.011740885255802688,-0.08434201806145031,0.12219536307136601,0
prefill,L24_FFN_W2_s1,FFN_W2,PIM1,pim,NAIVE,11.564804921124235,11.66088782444149,0.096082903317253,797,-1,24,1,weights_on_pim_prefill-1024xdecode_64_ops_trace.csv,0.096082903317253,0.096082903317253,0.011740885255802688,-0.08434201806145031,0.12219536307136601,0
prefill,L24_AllReduce_FFN,ALLREDUCE,COMM,comm,COMM,11.66088782444149,11.66296301975399,0.0020751953125,798,-1,24,-1,weights_on_pim_prefill-1024xdecode_64_ops_trace.csv,0.0020751953125,0.0020751953125,0.0020751953125,0.0,1.0,0
prefill,L24_Add2,Add,GPU0,npu,NAIVE,11.667683390912323,11.667788643646698,0.0001052527343752,799,-1,24,-1,weights_on_pim_prefill-1024xdecode_64_ops_trace.csv,0.0001052527343752,0.0001052527343752,5.8614441513421524e-05,-4.663829286177848e-05,0.5568923397702479,0
prefill,L25_LN,LN,GPU0,npu,NAIVE,11.667788643646698,11.667920178802948,0.0001315351562496,800,-1,25,-1,weights_on_pim_prefill-1024xdecode_64_ops_trace.csv,0.0001315351562496,0.0001315351562496,7.325092092588487e-05,-5.828423532371512e-05,0.5568923397702478,0
prefill,L25_Q_s0,Q,PIM0,pim,NAIVE,11.671674395715447,11.708750350810238,0.0370759550947905,801,-1,25,0,weights_on_pim_prefill-1024xdecode_64_ops_trace.csv,0.0370759550947905,0.0370759550947905,0.004530509794025588,-0.03254544530076491,0.12219536307136601,0
prefill,L25_K_s0,K,PIM0,pim,NAIVE,11.708750350810238,11.745826305905029,0.0370759550947905,802,-1,25,0,weights_on_pim_prefill-1024xdecode_64_ops_trace.csv,0.0370759550947905,0.0370759550947905,0.004530509794025588,-0.03254544530076491,0.12219536307136601,0
prefill,L25_V_s0,V,PIM0,pim,NAIVE,11.745826305905029,11.78290226099982,0.0370759550947905,803,-1,25,0,weights_on_pim_prefill-1024xdecode_64_ops_trace.csv,0.0370759550947905,0.0370759550947905,0.004530509794025588,-0.03254544530076491,0.12219536307136601,0
prefill,L25_Q_s1,Q,PIM1,pim,NAIVE,11.671674395715447,11.708750350810238,0.0370759550947905,804,-1,25,1,weights_on_pim_prefill-1024xdecode_64_ops_trace.csv,0.0370759550947905,0.0370759550947905,0.004530509794025588,-0.03254544530076491,0.12219536307136601,0
prefill,L25_K_s1,K,PIM1,pim,NAIVE,11.708750350810238,11.745826305905029,0.0370759550947905,805,-1,25,1,weights_on_pim_prefill-1024xdecode_64_ops_trace.csv,0.0370759550947905,0.0370759550947905,0.004530509794025588,-0.03254544530076491,0.12219536307136601,0
prefill,L25_V_s1,V,PIM1,pim,NAIVE,11.745826305905029,11.78290226099982,0.0370759550947905,806,-1,25,1,weights_on_pim_prefill-1024xdecode_64_ops_trace.csv,0.0370759550947905,0.0370759550947905,0.004530509794025588,-0.03254544530076491,0.12219536307136601,0
prefill,L25_K_write_s0,K_write,PIM0,pim,NAIVE,11.78290226099982,11.78293298099982,3.071999999981756e-05,807,-1,25,0,weights_on_pim_prefill-1024xdecode_64_ops_trace.csv,3.071999999981756e-05,3.071999999981756e-05,3.071999999981756e-05,0.0,1.0,0
prefill,L25_QK_s0,QK,GPU0,npu,NAIVE,11.74770918436128,11.74784465224396,0.0001354678826821,808,-1,25,0,weights_on_pim_prefill-1024xdecode_64_ops_trace.csv,0.0001354678826821,0.0001354678826821,7.544102615055611e-05,-6.002685653154389e-05,0.5568923397702479,0
prefill,L25_V_write_s0,V_write,PIM0,pim,NAIVE,11.78293298099982,11.78296370099982,3.071999999981756e-05,809,-1,25,0,weights_on_pim_prefill-1024xdecode_64_ops_trace.csv,3.071999999981756e-05,3.071999999981756e-05,3.071999999981756e-05,0.0,1.0,0
prefill,L25_K_write_s1,K_write,PIM1,pim,NAIVE,11.78290226099982,11.78293298099982,3.071999999981756e-05,810,-1,25,1,weights_on_pim_prefill-1024xdecode_64_ops_trace.csv,3.071999999981756e-05,3.071999999981756e-05,3.071999999981756e-05,0.0,1.0,0
prefill,L25_QK_s1,QK,GPU0,npu,NAIVE,11.74784465224396,11.747980120126645,0.0001354678826821,811,-1,25,1,weights_on_pim_prefill-1024xdecode_64_ops_trace.csv,0.0001354678826821,0.0001354678826821,7.544102615055611e-05,-6.002685653154389e-05,0.5568923397702479,0
prefill,L25_V_write_s1,V_write,PIM1,pim,NAIVE,11.78293298099982,11.78296370099982,3.071999999981756e-05,812,-1,25,1,weights_on_pim_prefill-1024xdecode_64_ops_trace.csv,3.071999999981756e-05,3.071999999981756e-05,3.071999999981756e-05,0.0,1.0,0
prefill,L25_Softmax_s0,Softmax,GPU0,npu,NAIVE,11.747980120126645,11.748102309648432,0.0001221895217895,813,-1,25,0,weights_on_pim_prefill-1024xdecode_64_ops_trace.csv,0.0001221895217895,0.0001221895217895,6.804640868476233e-05,-5.414311310473768e-05,0.5568923397702478,0
prefill,L25_Softmax_s1,Softmax,GPU0,npu,NAIVE,11.748102309648432,11.748224499170222,0.0001221895217895,814,-1,25,1,weights_on_pim_prefill-1024xdecode_64_ops_trace.csv,0.0001221895217895,0.0001221895217895,6.804640868476233e-05,-5.414311310473768e-05,0.5568923397702478,0
prefill,L25_SV_s0,SV,GPU0,npu,NAIVE,11.78478513945607,11.784920607338751,0.0001354678826821,815,-1,25,0,weights_on_pim_prefill-1024xdecode_64_ops_trace.csv,0.0001354678826821,0.0001354678826821,7.544102615055611e-05,-6.002685653154389e-05,0.5568923397702479,0
prefill,L25_SV_s1,SV,GPU0,npu,NAIVE,11.784920607338751,11.785056075221434,0.0001354678826821,816,-1,25,1,weights_on_pim_prefill-1024xdecode_64_ops_trace.csv,0.0001354678826821,0.0001354678826821,7.544102615055611e-05,-6.002685653154389e-05,0.5568923397702479,0
prefill,L25_O_s0,O,PIM0,pim,NAIVE,11.786798365795,11.820876048889792,0.0340776830947913,817,-1,25,0,weights_on_pim_prefill-1024xdecode_64_ops_trace.csv,0.0340776830947913,0.0340776830947913,0.004164134858398974,-0.029913548236392324,0.12219536307136601,0
prefill,L25_O_s1,O,PIM1,pim,NAIVE,11.786933833677685,11.821011516772474,0.0340776830947913,818,-1,25,1,weights_on_pim_prefill-1024xdecode_64_ops_trace.csv,0.0340776830947913,0.0340776830947913,0.004164134858398974,-0.029913548236392324,0.12219536307136601,0
prefill,L25_AllReduce_O,ALLREDUCE,COMM,comm,COMM,11.821011516772474,11.823086712084974,0.0020751953125,819,-1,25,-1,weights_on_pim_prefill-1024xdecode_64_ops_trace.csv,0.0020751953125,0.0020751953125,0.0020751953125,0.0,1.0,0
prefill,L25_Add1,Add,GPU0,npu,NAIVE,11.827807083243307,11.827912335977684,0.0001052527343752,820,-1,25,-1,weights_on_pim_prefill-1024xdecode_64_ops_trace.csv,0.0001052527343752,0.0001052527343752,5.8614441513421524e-05,-4.663829286177848e-05,0.5568923397702479,0
prefill,L25_LN2,LN,GPU0,npu,NAIVE,11.827912335977684,11.828043871133932,0.0001315351562496,821,-1,25,-1,weights_on_pim_prefill-1024xdecode_64_ops_trace.csv,0.0001315351562496,0.0001315351562496,7.325092092588487e-05,-5.828423532371512e-05,0.5568923397702478,0
prefill,L25_FFN_W1_s0,FFN_W1,PIM0,pim,NAIVE,11.831798088046432,11.929863455363686,0.098065367317254,822,-1,25,0,weights_on_pim_prefill-1024xdecode_64_ops_trace.csv,0.098065367317254,0.098065367317254,0.011983133164058723,-0.08608223415319528,0.12219536307136601,0
prefill,L25_FFN_W3_s0,FFN_W3,PIM1,pim,NAIVE,11.831798088046432,11.923211551363686,0.091413463317254,823,-1,25,0,weights_on_pim_prefill-1024xdecode_64_ops_trace.csv,0.091413463317254,0.091413463317254,0.01117030133966285,-0.08024316197759115,0.122195363071366,0
prefill,L25_FFN_W1_s1,FFN_W1,PIM1,pim,NAIVE,11.923211551363686,12.02127691868094,0.098065367317254,824,-1,25,1,weights_on_pim_prefill-1024xdecode_64_ops_trace.csv,0.098065367317254,0.098065367317254,0.011983133164058721,-0.08608223415319528,0.122195363071366,0
prefill,L25_FFN_W3_s1,FFN_W3,PIM0,pim,NAIVE,11.929863455363686,12.02127691868094,0.091413463317254,825,-1,25,1,weights_on_pim_prefill-1024xdecode_64_ops_trace.csv,0.091413463317254,0.091413463317254,0.01117030133966285,-0.08024316197759115,0.122195363071366,0
prefill,L25_SwiGLU_s0,SwiGLU,GPU0,npu,NAIVE,11.934921497464858,11.935058721451677,0.0001372239868171,826,-1,25,0,weights_on_pim_prefill-1024xdecode_64_ops_trace.csv,0.0001372239868171,0.0001372239868171,7.641898709117646e-05,-6.080499972592354e-05,0.5568923397702478,0
prefill,L25_SwiGLU_s1,SwiGLU,GPU0,npu,NAIVE,12.026334960782112,12.026472184768927,0.0001372239868171,827,-1,25,1,weights_on_pim_prefill-1024xdecode_64_ops_trace.csv,0.0001372239868171,0.0001372239868171,7.641898709117646e-05,-6.080499972592354e-05,0.5568923397702478,0
prefill,L25_FFN_W2_s0,FFN_W2,PIM0,pim,NAIVE,12.02127691868094,12.117359821998193,0.096082903317253,828,-1,25,0,weights_on_pim_prefill-1024xdecode_64_ops_trace.csv,0.096082903317253,0.096082903317253,0.011740885255802688,-0.08434201806145031,0.12219536307136601,0
prefill,L25_FFN_W2_s1,FFN_W2,PIM1,pim,NAIVE,12.031516466870102,12.127599370187356,0.096082903317253,829,-1,25,1,weights_on_pim_prefill-1024xdecode_64_ops_trace.csv,0.096082903317253,0.096082903317253,0.011740885255802688,-0.08434201806145031,0.12219536307136601,0
prefill,L25_AllReduce_FFN,ALLREDUCE,COMM,comm,COMM,12.127599370187356,12.129674565499856,0.0020751953125,830,-1,25,-1,weights_on_pim_prefill-1024xdecode_64_ops_trace.csv,0.0020751953125,0.0020751953125,0.0020751953125,0.0,1.0,0
prefill,L25_Add2,Add,GPU0,npu,NAIVE,12.134394936658188,12.134500189392565,0.0001052527343752,831,-1,25,-1,weights_on_pim_prefill-1024xdecode_64_ops_trace.csv,0.0001052527343752,0.0001052527343752,5.8614441513421524e-05,-4.663829286177848e-05,0.5568923397702479,0
prefill,L26_LN,LN,GPU0,npu,NAIVE,12.134500189392565,12.134631724548813,0.0001315351562496,832,-1,26,-1,weights_on_pim_prefill-1024xdecode_64_ops_trace.csv,0.0001315351562496,0.0001315351562496,7.325092092588487e-05,-5.828423532371512e-05,0.5568923397702478,0
prefill,L26_Q_s0,Q,PIM0,pim,NAIVE,12.138385941461312,12.175461896556104,0.0370759550947905,833,-1,26,0,weights_on_pim_prefill-1024xdecode_64_ops_trace.csv,0.0370759550947905,0.0370759550947905,0.004530509794025588,-0.03254544530076491,0.12219536307136601,0
prefill,L26_K_s0,K,PIM0,pim,NAIVE,12.175461896556104,12.212537851650891,0.0370759550947905,834,-1,26,0,weights_on_pim_prefill-1024xdecode_64_ops_trace.csv,0.0370759550947905,0.0370759550947905,0.004530509794025588,-0.03254544530076491,0.12219536307136601,0
prefill,L26_V_s0,V,PIM0,pim,NAIVE,12.212537851650891,12.249613806745684,0.0370759550947905,835,-1,26,0,weights_on_pim_prefill-1024xdecode_64_ops_trace.csv,0.0370759550947905,0.0370759550947905,0.004530509794025588,-0.03254544530076491,0.12219536307136601,0
prefill,L26_Q_s1,Q,PIM1,pim,NAIVE,12.138385941461312,12.175461896556104,0.0370759550947905,836,-1,26,1,weights_on_pim_prefill-1024xdecode_64_ops_trace.csv,0.0370759550947905,0.0370759550947905,0.004530509794025588,-0.03254544530076491,0.12219536307136601,0
prefill,L26_K_s1,K,PIM1,pim,NAIVE,12.175461896556104,12.212537851650891,0.0370759550947905,837,-1,26,1,weights_on_pim_prefill-1024xdecode_64_ops_trace.csv,0.0370759550947905,0.0370759550947905,0.004530509794025588,-0.03254544530076491,0.12219536307136601,0
prefill,L26_V_s1,V,PIM1,pim,NAIVE,12.212537851650891,12.249613806745684,0.0370759550947905,838,-1,26,1,weights_on_pim_prefill-1024xdecode_64_ops_trace.csv,0.0370759550947905,0.0370759550947905,0.004530509794025588,-0.03254544530076491,0.12219536307136601,0
prefill,L26_K_write_s0,K_write,PIM0,pim,NAIVE,12.249613806745684,12.249644526745683,3.071999999981756e-05,839,-1,26,0,weights_on_pim_prefill-1024xdecode_64_ops_trace.csv,3.071999999981756e-05,3.071999999981756e-05,3.071999999981756e-05,0.0,1.0,0
prefill,L26_QK_s0,QK,GPU0,npu,NAIVE,12.214420730107143,12.214556197989824,0.0001354678826821,840,-1,26,0,weights_on_pim_prefill-1024xdecode_64_ops_trace.csv,0.0001354678826821,0.0001354678826821,7.544102615055611e-05,-6.002685653154389e-05,0.5568923397702479,0
prefill,L26_V_write_s0,V_write,PIM0,pim,NAIVE,12.249644526745683,12.249675246745683,3.071999999981756e-05,841,-1,26,0,weights_on_pim_prefill-1024xdecode_64_ops_trace.csv,3.071999999981756e-05,3.071999999981756e-05,3.071999999981756e-05,0.0,1.0,0
prefill,L26_K_write_s1,K_write,PIM1,pim,NAIVE,12.249613806745684,12.249644526745683,3.071999999981756e-05,842,-1,26,1,weights_on_pim_prefill-1024xdecode_64_ops_trace.csv,3.071999999981756e-05,3.071999999981756e-05,3.071999999981756e-05,0.0,1.0,0
prefill,L26_QK_s1,QK,GPU0,npu,NAIVE,12.214556197989824,12.214691665872508,0.0001354678826821,843,-1,26,1,weights_on_pim_prefill-1024xdecode_64_ops_trace.csv,0.0001354678826821,0.0001354678826821,7.544102615055611e-05,-6.002685653154389e-05,0.5568923397702479,0
prefill,L26_V_write_s1,V_write,PIM1,pim,NAIVE,12.249644526745683,12.249675246745683,3.071999999981756e-05,844,-1,26,1,weights_on_pim_prefill-1024xdecode_64_ops_trace.csv,3.071999999981756e-05,3.071999999981756e-05,3.071999999981756e-05,0.0,1.0,0
prefill,L26_Softmax_s0,Softmax,GPU0,npu,NAIVE,12.214691665872508,12.214813855394295,0.0001221895217895,845,-1,26,0,weights_on_pim_prefill-1024xdecode_64_ops_trace.csv,0.0001221895217895,0.0001221895217895,6.804640868476233e-05,-5.414311310473768e-05,0.5568923397702478,0
prefill,L26_Softmax_s1,Softmax,GPU0,npu,NAIVE,12.214813855394295,12.214936044916088,0.0001221895217895,846,-1,26,1,weights_on_pim_prefill-1024xdecode_64_ops_trace.csv,0.0001221895217895,0.0001221895217895,6.804640868476233e-05,-5.414311310473768e-05,0.5568923397702478,0
prefill,L26_SV_s0,SV,GPU0,npu,NAIVE,12.251496685201934,12.251632153084616,0.0001354678826821,847,-1,26,0,weights_on_pim_prefill-1024xdecode_64_ops_trace.csv,0.0001354678826821,0.0001354678826821,7.544102615055611e-05,-6.002685653154389e-05,0.5568923397702479,0
prefill,L26_SV_s1,SV,GPU0,npu,NAIVE,12.251632153084616,12.251767620967298,0.0001354678826821,848,-1,26,1,weights_on_pim_prefill-1024xdecode_64_ops_trace.csv,0.0001354678826821,0.0001354678826821,7.544102615055611e-05,-6.002685653154389e-05,0.5568923397702479,0
prefill,L26_O_s0,O,PIM0,pim,NAIVE,12.253509911540863,12.287587594635657,0.0340776830947913,849,-1,26,0,weights_on_pim_prefill-1024xdecode_64_ops_trace.csv,0.0340776830947913,0.0340776830947913,0.004164134858398974,-0.029913548236392324,0.12219536307136601,0
prefill,L26_O_s1,O,PIM1,pim,NAIVE,12.253645379423547,12.28772306251834,0.0340776830947913,850,-1,26,1,weights_on_pim_prefill-1024xdecode_64_ops_trace.csv,0.0340776830947913,0.0340776830947913,0.004164134858398974,-0.029913548236392324,0.12219536307136601,0
prefill,L26_AllReduce_O,ALLREDUCE,COMM,comm,COMM,12.28772306251834,12.28979825783084,0.0020751953125,851,-1,26,-1,weights_on_pim_prefill-1024xdecode_64_ops_trace.csv,0.0020751953125,0.0020751953125,0.0020751953125,0.0,1.0,0
prefill,L26_Add1,Add,GPU0,npu,NAIVE,12.294518628989172,12.294623881723547,0.0001052527343752,852,-1,26,-1,weights_on_pim_prefill-1024xdecode_64_ops_trace.csv,0.0001052527343752,0.0001052527343752,5.8614441513421524e-05,-4.663829286177848e-05,0.5568923397702479,0
prefill,L26_LN2,LN,GPU0,npu,NAIVE,12.294623881723547,12.294755416879797,0.0001315351562496,853,-1,26,-1,weights_on_pim_prefill-1024xdecode_64_ops_trace.csv,0.0001315351562496,0.0001315351562496,7.325092092588487e-05,-5.828423532371512e-05,0.5568923397702478,0
prefill,L26_FFN_W1_s0,FFN_W1,PIM0,pim,NAIVE,12.298509633792296,12.39657500110955,0.098065367317254,854,-1,26,0,weights_on_pim_prefill-1024xdecode_64_ops_trace.csv,0.098065367317254,0.098065367317254,0.011983133164058723,-0.08608223415319528,0.12219536307136601,0
prefill,L26_FFN_W3_s0,FFN_W3,PIM1,pim,NAIVE,12.298509633792296,12.38992309710955,0.091413463317254,855,-1,26,0,weights_on_pim_prefill-1024xdecode_64_ops_trace.csv,0.091413463317254,0.091413463317254,0.01117030133966285,-0.08024316197759115,0.122195363071366,0
prefill,L26_FFN_W1_s1,FFN_W1,PIM1,pim,NAIVE,12.38992309710955,12.487988464426804,0.098065367317254,856,-1,26,1,weights_on_pim_prefill-1024xdecode_64_ops_trace.csv,0.098065367317254,0.098065367317254,0.011983133164058721,-0.08608223415319528,0.122195363071366,0
prefill,L26_FFN_W3_s1,FFN_W3,PIM0,pim,NAIVE,12.39657500110955,12.487988464426804,0.091413463317254,857,-1,26,1,weights_on_pim_prefill-1024xdecode_64_ops_trace.csv,0.091413463317254,0.091413463317254,0.01117030133966285,-0.08024316197759115,0.122195363071366,0
prefill,L26_SwiGLU_s0,SwiGLU,GPU0,npu,NAIVE,12.401633043210722,12.40177026719754,0.0001372239868171,858,-1,26,0,weights_on_pim_prefill-1024xdecode_64_ops_trace.csv,0.0001372239868171,0.0001372239868171,7.641898709117646e-05,-6.080499972592354e-05,0.5568923397702478,0
prefill,L26_SwiGLU_s1,SwiGLU,GPU0,npu,NAIVE,12.493046506527977,12.493183730514794,0.0001372239868171,859,-1,26,1,weights_on_pim_prefill-1024xdecode_64_ops_trace.csv,0.0001372239868171,0.0001372239868171,7.641898709117646e-05,-6.080499972592354e-05,0.5568923397702478,0
prefill,L26_FFN_W2_s0,FFN_W2,PIM0,pim,NAIVE,12.487988464426804,12.584071367744055,0.096082903317253,860,-1,26,0,weights_on_pim_prefill-1024xdecode_64_ops_trace.csv,0.096082903317253,0.096082903317253,0.011740885255802688,-0.08434201806145031,0.12219536307136601,0
prefill,L26_FFN_W2_s1,FFN_W2,PIM1,pim,NAIVE,12.498228012615966,12.59431091593322,0.096082903317253,861,-1,26,1,weights_on_pim_prefill-1024xdecode_64_ops_trace.csv,0.096082903317253,0.096082903317253,0.011740885255802688,-0.08434201806145031,0.12219536307136601,0
prefill,L26_AllReduce_FFN,ALLREDUCE,COMM,comm,COMM,12.59431091593322,12.59638611124572,0.0020751953125,862,-1,26,-1,weights_on_pim_prefill-1024xdecode_64_ops_trace.csv,0.0020751953125,0.0020751953125,0.0020751953125,0.0,1.0,0
prefill,L26_Add2,Add,GPU0,npu,NAIVE,12.601106482404052,12.601211735138428,0.0001052527343752,863,-1,26,-1,weights_on_pim_prefill-1024xdecode_64_ops_trace.csv,0.0001052527343752,0.0001052527343752,5.8614441513421524e-05,-4.663829286177848e-05,0.5568923397702479,0
prefill,L27_LN,LN,GPU0,npu,NAIVE,12.601211735138428,12.601343270294675,0.0001315351562496,864,-1,27,-1,weights_on_pim_prefill-1024xdecode_64_ops_trace.csv,0.0001315351562496,0.0001315351562496,7.325092092588487e-05,-5.828423532371512e-05,0.5568923397702478,0
prefill,L27_Q_s0,Q,PIM0,pim,NAIVE,12.605097487207177,12.642173442301967,0.0370759550947905,865,-1,27,0,weights_on_pim_prefill-1024xdecode_64_ops_trace.csv,0.0370759550947905,0.0370759550947905,0.004530509794025588,-0.03254544530076491,0.12219536307136601,0
prefill,L27_K_s0,K,PIM0,pim,NAIVE,12.642173442301967,12.679249397396758,0.0370759550947905,866,-1,27,0,weights_on_pim_prefill-1024xdecode_64_ops_trace.csv,0.0370759550947905,0.0370759550947905,0.004530509794025588,-0.03254544530076491,0.12219536307136601,0
prefill,L27_V_s0,V,PIM0,pim,NAIVE,12.679249397396758,12.716325352491548,0.0370759550947905,867,-1,27,0,weights_on_pim_prefill-1024xdecode_64_ops_trace.csv,0.0370759550947905,0.0370759550947905,0.004530509794025588,-0.03254544530076491,0.12219536307136601,0
prefill,L27_Q_s1,Q,PIM1,pim,NAIVE,12.605097487207177,12.642173442301967,0.0370759550947905,868,-1,27,1,weights_on_pim_prefill-1024xdecode_64_ops_trace.csv,0.0370759550947905,0.0370759550947905,0.004530509794025588,-0.03254544530076491,0.12219536307136601,0
prefill,L27_K_s1,K,PIM1,pim,NAIVE,12.642173442301967,12.679249397396758,0.0370759550947905,869,-1,27,1,weights_on_pim_prefill-1024xdecode_64_ops_trace.csv,0.0370759550947905,0.0370759550947905,0.004530509794025588,-0.03254544530076491,0.12219536307136601,0
prefill,L27_V_s1,V,PIM1,pim,NAIVE,12.679249397396758,12.716325352491548,0.0370759550947905,870,-1,27,1,weights_on_pim_prefill-1024xdecode_64_ops_trace.csv,0.0370759550947905,0.0370759550947905,0.004530509794025588,-0.03254544530076491,0.12219536307136601,0
prefill,L27_K_write_s0,K_write,PIM0,pim,NAIVE,12.716325352491548,12.716356072491548,3.071999999981756e-05,871,-1,27,0,weights_on_pim_prefill-1024xdecode_64_ops_trace.csv,3.071999999981756e-05,3.071999999981756e-05,3.071999999981756e-05,0.0,1.0,0
prefill,L27_QK_s0,QK,GPU0,npu,NAIVE,12.681132275853008,12.68126774373569,0.0001354678826821,872,-1,27,0,weights_on_pim_prefill-1024xdecode_64_ops_trace.csv,0.0001354678826821,0.0001354678826821,7.544102615055611e-05,-6.002685653154389e-05,0.5568923397702479,0
prefill,L27_V_write_s0,V_write,PIM0,pim,NAIVE,12.716356072491548,12.716386792491548,3.071999999981756e-05,873,-1,27,0,weights_on_pim_prefill-1024xdecode_64_ops_trace.csv,3.071999999981756e-05,3.071999999981756e-05,3.071999999981756e-05,0.0,1.0,0
prefill,L27_K_write_s1,K_write,PIM1,pim,NAIVE,12.716325352491548,12.716356072491548,3.071999999981756e-05,874,-1,27,1,weights_on_pim_prefill-1024xdecode_64_ops_trace.csv,3.071999999981756e-05,3.071999999981756e-05,3.071999999981756e-05,0.0,1.0,0
prefill,L27_QK_s1,QK,GPU0,npu,NAIVE,12.68126774373569,12.681403211618372,0.0001354678826821,875,-1,27,1,weights_on_pim_prefill-1024xdecode_64_ops_trace.csv,0.0001354678826821,0.0001354678826821,7.544102615055611e-05,-6.002685653154389e-05,0.5568923397702479,0
prefill,L27_V_write_s1,V_write,PIM1,pim,NAIVE,12.716356072491548,12.716386792491548,3.071999999981756e-05,876,-1,27,1,weights_on_pim_prefill-1024xdecode_64_ops_trace.csv,3.071999999981756e-05,3.071999999981756e-05,3.071999999981756e-05,0.0,1.0,0
prefill,L27_Softmax_s0,Softmax,GPU0,npu,NAIVE,12.681403211618372,12.681525401140162,0.0001221895217895,877,-1,27,0,weights_on_pim_prefill-1024xdecode_64_ops_trace.csv,0.0001221895217895,0.0001221895217895,6.804640868476233e-05,-5.414311310473768e-05,0.5568923397702478,0
prefill,L27_Softmax_s1,Softmax,GPU0,npu,NAIVE,12.681525401140162,12.681647590661951,0.0001221895217895,878,-1,27,1,weights_on_pim_prefill-1024xdecode_64_ops_trace.csv,0.0001221895217895,0.0001221895217895,6.804640868476233e-05,-5.414311310473768e-05,0.5568923397702478,0
prefill,L27_SV_s0,SV,GPU0,npu,NAIVE,12.718208230947798,12.71834369883048,0.0001354678826821,879,-1,27,0,weights_on_pim_prefill-1024xdecode_64_ops_trace.csv,0.0001354678826821,0.0001354678826821,7.544102615055611e-05,-6.002685653154389e-05,0.5568923397702479,0
prefill,L27_SV_s1,SV,GPU0,npu,NAIVE,12.71834369883048,12.718479166713164,0.0001354678826821,880,-1,27,1,weights_on_pim_prefill-1024xdecode_64_ops_trace.csv,0.0001354678826821,0.0001354678826821,7.544102615055611e-05,-6.002685653154389e-05,0.5568923397702479,0
prefill,L27_O_s0,O,PIM0,pim,NAIVE,12.72022145728673,12.75429914038152,0.0340776830947913,881,-1,27,0,weights_on_pim_prefill-1024xdecode_64_ops_trace.csv,0.0340776830947913,0.0340776830947913,0.004164134858398974,-0.029913548236392324,0.12219536307136601,0
prefill,L27_O_s1,O,PIM1,pim,NAIVE,12.720356925169412,12.754434608264203,0.0340776830947913,882,-1,27,1,weights_on_pim_prefill-1024xdecode_64_ops_trace.csv,0.0340776830947913,0.0340776830947913,0.004164134858398974,-0.029913548236392324,0.12219536307136601,0
prefill,L27_AllReduce_O,ALLREDUCE,COMM,comm,COMM,12.754434608264203,12.756509803576703,0.0020751953125,883,-1,27,-1,weights_on_pim_prefill-1024xdecode_64_ops_trace.csv,0.0020751953125,0.0020751953125,0.0020751953125,0.0,1.0,0
prefill,L27_Add1,Add,GPU0,npu,NAIVE,12.761230174735037,12.761335427469412,0.0001052527343752,884,-1,27,-1,weights_on_pim_prefill-1024xdecode_64_ops_trace.csv,0.0001052527343752,0.0001052527343752,5.8614441513421524e-05,-4.663829286177848e-05,0.5568923397702479,0
prefill,L27_LN2,LN,GPU0,npu,NAIVE,12.761335427469412,12.76146696262566,0.0001315351562496,885,-1,27,-1,weights_on_pim_prefill-1024xdecode_64_ops_trace.csv,0.0001315351562496,0.0001315351562496,7.325092092588487e-05,-5.828423532371512e-05,0.5568923397702478,0
prefill,L27_FFN_W1_s0,FFN_W1,PIM0,pim,NAIVE,12.76522117953816,12.863286546855417,0.098065367317254,886,-1,27,0,weights_on_pim_prefill-1024xdecode_64_ops_trace.csv,0.098065367317254,0.098065367317254,0.011983133164058723,-0.08608223415319528,0.12219536307136601,0
prefill,L27_FFN_W3_s0,FFN_W3,PIM1,pim,NAIVE,12.76522117953816,12.856634642855417,0.091413463317254,887,-1,27,0,weights_on_pim_prefill-1024xdecode_64_ops_trace.csv,0.091413463317254,0.091413463317254,0.01117030133966285,-0.08024316197759115,0.122195363071366,0
prefill,L27_FFN_W1_s1,FFN_W1,PIM1,pim,NAIVE,12.856634642855417,12.954700010172669,0.098065367317254,888,-1,27,1,weights_on_pim_prefill-1024xdecode_64_ops_trace.csv,0.098065367317254,0.098065367317254,0.011983133164058721,-0.08608223415319528,0.122195363071366,0
prefill,L27_FFN_W3_s1,FFN_W3,PIM0,pim,NAIVE,12.863286546855417,12.954700010172669,0.091413463317254,889,-1,27,1,weights_on_pim_prefill-1024xdecode_64_ops_trace.csv,0.091413463317254,0.091413463317254,0.01117030133966285,-0.08024316197759115,0.122195363071366,0
prefill,L27_SwiGLU_s0,SwiGLU,GPU0,npu,NAIVE,12.868344588956589,12.868481812943404,0.0001372239868171,890,-1,27,0,weights_on_pim_prefill-1024xdecode_64_ops_trace.csv,0.0001372239868171,0.0001372239868171,7.641898709117646e-05,-6.080499972592354e-05,0.5568923397702478,0
prefill,L27_SwiGLU_s1,SwiGLU,GPU0,npu,NAIVE,12.95975805227384,12.959895276260658,0.0001372239868171,891,-1,27,1,weights_on_pim_prefill-1024xdecode_64_ops_trace.csv,0.0001372239868171,0.0001372239868171,7.641898709117646e-05,-6.080499972592354e-05,0.5568923397702478,0
prefill,L27_FFN_W2_s0,FFN_W2,PIM0,pim,NAIVE,12.954700010172669,13.050782913489922,0.096082903317253,892,-1,27,0,weights_on_pim_prefill-1024xdecode_64_ops_trace.csv,0.096082903317253,0.096082903317253,0.011740885255802688,-0.08434201806145031,0.12219536307136601,0
prefill,L27_FFN_W2_s1,FFN_W2,PIM1,pim,NAIVE,12.96493955836183,13.061022461679084,0.096082903317253,893,-1,27,1,weights_on_pim_prefill-1024xdecode_64_ops_trace.csv,0.096082903317253,0.096082903317253,0.011740885255802688,-0.08434201806145031,0.12219536307136601,0
prefill,L27_AllReduce_FFN,ALLREDUCE,COMM,comm,COMM,13.061022461679084,13.063097656991584,0.0020751953125,894,-1,27,-1,weights_on_pim_prefill-1024xdecode_64_ops_trace.csv,0.0020751953125,0.0020751953125,0.0020751953125,0.0,1.0,0
prefill,L27_Add2,Add,GPU0,npu,NAIVE,13.067818028149915,13.067923280884292,0.0001052527343752,895,-1,27,-1,weights_on_pim_prefill-1024xdecode_64_ops_trace.csv,0.0001052527343752,0.0001052527343752,5.8614441513421524e-05,-4.663829286177848e-05,0.5568923397702479,0
prefill,L28_LN,LN,GPU0,npu,NAIVE,13.067923280884292,13.068054816040542,0.0001315351562496,896,-1,28,-1,weights_on_pim_prefill-1024xdecode_64_ops_trace.csv,0.0001315351562496,0.0001315351562496,7.325092092588487e-05,-5.828423532371512e-05,0.5568923397702478,0
prefill,L28_Q_s0,Q,PIM0,pim,NAIVE,13.07180903295304,13.108884988047832,0.0370759550947905,897,-1,28,0,weights_on_pim_prefill-1024xdecode_64_ops_trace.csv,0.0370759550947905,0.0370759550947905,0.004530509794025588,-0.03254544530076491,0.12219536307136601,0
prefill,L28_K_s0,K,PIM0,pim,NAIVE,13.108884988047832,13.145960943142622,0.0370759550947905,898,-1,28,0,weights_on_pim_prefill-1024xdecode_64_ops_trace.csv,0.0370759550947905,0.0370759550947905,0.004530509794025588,-0.03254544530076491,0.12219536307136601,0
prefill,L28_V_s0,V,PIM0,pim,NAIVE,13.145960943142622,13.183036898237413,0.0370759550947905,899,-1,28,0,weights_on_pim_prefill-1024xdecode_64_ops_trace.csv,0.0370759550947905,0.0370759550947905,0.004530509794025588,-0.03254544530076491,0.12219536307136601,0
prefill,L28_Q_s1,Q,PIM1,pim,NAIVE,13.07180903295304,13.108884988047832,0.0370759550947905,900,-1,28,1,weights_on_pim_prefill-1024xdecode_64_ops_trace.csv,0.0370759550947905,0.0370759550947905,0.004530509794025588,-0.03254544530076491,0.12219536307136601,0
prefill,L28_K_s1,K,PIM1,pim,NAIVE,13.108884988047832,13.145960943142622,0.0370759550947905,901,-1,28,1,weights_on_pim_prefill-1024xdecode_64_ops_trace.csv,0.0370759550947905,0.0370759550947905,0.004530509794025588,-0.03254544530076491,0.12219536307136601,0
prefill,L28_V_s1,V,PIM1,pim,NAIVE,13.145960943142622,13.183036898237413,0.0370759550947905,902,-1,28,1,weights_on_pim_prefill-1024xdecode_64_ops_trace.csv,0.0370759550947905,0.0370759550947905,0.004530509794025588,-0.03254544530076491,0.12219536307136601,0
prefill,L28_K_write_s0,K_write,PIM0,pim,NAIVE,13.183036898237413,13.183067618237413,3.071999999981756e-05,903,-1,28,0,weights_on_pim_prefill-1024xdecode_64_ops_trace.csv,3.071999999981756e-05,3.071999999981756e-05,3.071999999981756e-05,0.0,1.0,0
prefill,L28_QK_s0,QK,GPU0,npu,NAIVE,13.147843821598872,13.147979289481556,0.0001354678826821,904,-1,28,0,weights_on_pim_prefill-1024xdecode_64_ops_trace.csv,0.0001354678826821,0.0001354678826821,7.544102615055611e-05,-6.002685653154389e-05,0.5568923397702479,0
prefill,L28_V_write_s0,V_write,PIM0,pim,NAIVE,13.183067618237413,13.183098338237413,3.071999999981756e-05,905,-1,28,0,weights_on_pim_prefill-1024xdecode_64_ops_trace.csv,3.071999999981756e-05,3.071999999981756e-05,3.071999999981756e-05,0.0,1.0,0
prefill,L28_K_write_s1,K_write,PIM1,pim,NAIVE,13.183036898237413,13.183067618237413,3.071999999981756e-05,906,-1,28,1,weights_on_pim_prefill-1024xdecode_64_ops_trace.csv,3.071999999981756e-05,3.071999999981756e-05,3.071999999981756e-05,0.0,1.0,0
prefill,L28_QK_s1,QK,GPU0,npu,NAIVE,13.147979289481556,13.148114757364237,0.0001354678826821,907,-1,28,1,weights_on_pim_prefill-1024xdecode_64_ops_trace.csv,0.0001354678826821,0.0001354678826821,7.544102615055611e-05,-6.002685653154389e-05,0.5568923397702479,0
prefill,L28_V_write_s1,V_write,PIM1,pim,NAIVE,13.183067618237413,13.183098338237413,3.071999999981756e-05,908,-1,28,1,weights_on_pim_prefill-1024xdecode_64_ops_trace.csv,3.071999999981756e-05,3.071999999981756e-05,3.071999999981756e-05,0.0,1.0,0
prefill,L28_Softmax_s0,Softmax,GPU0,npu,NAIVE,13.148114757364237,13.148236946886026,0.0001221895217895,909,-1,28,0,weights_on_pim_prefill-1024xdecode_64_ops_trace.csv,0.0001221895217895,0.0001221895217895,6.804640868476233e-05,-5.414311310473768e-05,0.5568923397702478,0
prefill,L28_Softmax_s1,Softmax,GPU0,npu,NAIVE,13.148236946886026,13.148359136407816,0.0001221895217895,910,-1,28,1,weights_on_pim_prefill-1024xdecode_64_ops_trace.csv,0.0001221895217895,0.0001221895217895,6.804640868476233e-05,-5.414311310473768e-05,0.5568923397702478,0
prefill,L28_SV_s0,SV,GPU0,npu,NAIVE,13.184919776693665,13.185055244576343,0.0001354678826821,911,-1,28,0,weights_on_pim_prefill-1024xdecode_64_ops_trace.csv,0.0001354678826821,0.0001354678826821,7.544102615055611e-05,-6.002685653154389e-05,0.5568923397702479,0
prefill,L28_SV_s1,SV,GPU0,npu,NAIVE,13.185055244576343,13.185190712459027,0.0001354678826821,912,-1,28,1,weights_on_pim_prefill-1024xdecode_64_ops_trace.csv,0.0001354678826821,0.0001354678826821,7.544102615055611e-05,-6.002685653154389e-05,0.5568923397702479,0
prefill,L28_O_s0,O,PIM0,pim,NAIVE,13.186933003032594,13.221010686127386,0.0340776830947913,913,-1,28,0,weights_on_pim_prefill-1024xdecode_64_ops_trace.csv,0.0340776830947913,0.0340776830947913,0.004164134858398974,-0.029913548236392324,0.12219536307136601,0
prefill,L28_O_s1,O,PIM1,pim,NAIVE,13.187068470915277,13.221146154010068,0.0340776830947913,914,-1,28,1,weights_on_pim_prefill-1024xdecode_64_ops_trace.csv,0.0340776830947913,0.0340776830947913,0.004164134858398974,-0.029913548236392324,0.12219536307136601,0
prefill,L28_AllReduce_O,ALLREDUCE,COMM,comm,COMM,13.221146154010068,13.223221349322568,0.0020751953125,915,-1,28,-1,weights_on_pim_prefill-1024xdecode_64_ops_trace.csv,0.0020751953125,0.0020751953125,0.0020751953125,0.0,1.0,0
prefill,L28_Add1,Add,GPU0,npu,NAIVE,13.2279417204809,13.228046973215276,0.0001052527343752,916,-1,28,-1,weights_on_pim_prefill-1024xdecode_64_ops_trace.csv,0.0001052527343752,0.0001052527343752,5.8614441513421524e-05,-4.663829286177848e-05,0.5568923397702479,0
prefill,L28_LN2,LN,GPU0,npu,NAIVE,13.228046973215276,13.228178508371526,0.0001315351562496,917,-1,28,-1,weights_on_pim_prefill-1024xdecode_64_ops_trace.csv,0.0001315351562496,0.0001315351562496,7.325092092588487e-05,-5.828423532371512e-05,0.5568923397702478,0
prefill,L28_FFN_W1_s0,FFN_W1,PIM0,pim,NAIVE,13.231932725284024,13.32999809260128,0.098065367317254,918,-1,28,0,weights_on_pim_prefill-1024xdecode_64_ops_trace.csv,0.098065367317254,0.098065367317254,0.011983133164058723,-0.08608223415319528,0.12219536307136601,0
prefill,L28_FFN_W3_s0,FFN_W3,PIM1,pim,NAIVE,13.231932725284024,13.32334618860128,0.091413463317254,919,-1,28,0,weights_on_pim_prefill-1024xdecode_64_ops_trace.csv,0.091413463317254,0.091413463317254,0.01117030133966285,-0.08024316197759115,0.122195363071366,0
prefill,L28_FFN_W1_s1,FFN_W1,PIM1,pim,NAIVE,13.32334618860128,13.421411555918532,0.098065367317254,920,-1,28,1,weights_on_pim_prefill-1024xdecode_64_ops_trace.csv,0.098065367317254,0.098065367317254,0.011983133164058721,-0.08608223415319528,0.122195363071366,0
prefill,L28_FFN_W3_s1,FFN_W3,PIM0,pim,NAIVE,13.32999809260128,13.421411555918532,0.091413463317254,921,-1,28,1,weights_on_pim_prefill-1024xdecode_64_ops_trace.csv,0.091413463317254,0.091413463317254,0.01117030133966285,-0.08024316197759115,0.122195363071366,0
prefill,L28_SwiGLU_s0,SwiGLU,GPU0,npu,NAIVE,13.335056134702452,13.335193358689269,0.0001372239868171,922,-1,28,0,weights_on_pim_prefill-1024xdecode_64_ops_trace.csv,0.0001372239868171,0.0001372239868171,7.641898709117646e-05,-6.080499972592354e-05,0.5568923397702478,0
prefill,L28_SwiGLU_s1,SwiGLU,GPU0,npu,NAIVE,13.426469598019706,13.426606822006525,0.0001372239868171,923,-1,28,1,weights_on_pim_prefill-1024xdecode_64_ops_trace.csv,0.0001372239868171,0.0001372239868171,7.641898709117646e-05,-6.080499972592354e-05,0.5568923397702478,0
prefill,L28_FFN_W2_s0,FFN_W2,PIM0,pim,NAIVE,13.421411555918532,13.517494459235786,0.096082903317253,924,-1,28,0,weights_on_pim_prefill-1024xdecode_64_ops_trace.csv,0.096082903317253,0.096082903317253,0.011740885255802688,-0.08434201806145031,0.12219536307136601,0
prefill,L28_FFN_W2_s1,FFN_W2,PIM1,pim,NAIVE,13.431651104107695,13.527734007424948,0.096082903317253,925,-1,28,1,weights_on_pim_prefill-1024xdecode_64_ops_trace.csv,0.096082903317253,0.096082903317253,0.011740885255802688,-0.08434201806145031,0.12219536307136601,0
prefill,L28_AllReduce_FFN,ALLREDUCE,COMM,comm,COMM,13.527734007424948,13.529809202737448,0.0020751953125,926,-1,28,-1,weights_on_pim_prefill-1024xdecode_64_ops_trace.csv,0.0020751953125,0.0020751953125,0.0020751953125,0.0,1.0,0
prefill,L28_Add2,Add,GPU0,npu,NAIVE,13.534529573895782,13.534634826630157,0.0001052527343752,927,-1,28,-1,weights_on_pim_prefill-1024xdecode_64_ops_trace.csv,0.0001052527343752,0.0001052527343752,5.8614441513421524e-05,-4.663829286177848e-05,0.5568923397702479,0
prefill,L29_LN,LN,GPU0,npu,NAIVE,13.534634826630157,13.534766361786406,0.0001315351562496,928,-1,29,-1,weights_on_pim_prefill-1024xdecode_64_ops_trace.csv,0.0001315351562496,0.0001315351562496,7.325092092588487e-05,-5.828423532371512e-05,0.5568923397702478,0
prefill,L29_Q_s0,Q,PIM0,pim,NAIVE,13.538520578698906,13.575596533793696,0.0370759550947905,929,-1,29,0,weights_on_pim_prefill-1024xdecode_64_ops_trace.csv,0.0370759550947905,0.0370759550947905,0.004530509794025588,-0.03254544530076491,0.12219536307136601,0
prefill,L29_K_s0,K,PIM0,pim,NAIVE,13.575596533793696,13.612672488888489,0.0370759550947905,930,-1,29,0,weights_on_pim_prefill-1024xdecode_64_ops_trace.csv,0.0370759550947905,0.0370759550947905,0.004530509794025588,-0.03254544530076491,0.12219536307136601,0
prefill,L29_V_s0,V,PIM0,pim,NAIVE,13.612672488888489,13.649748443983276,0.0370759550947905,931,-1,29,0,weights_on_pim_prefill-1024xdecode_64_ops_trace.csv,0.0370759550947905,0.0370759550947905,0.004530509794025588,-0.03254544530076491,0.12219536307136601,0
prefill,L29_Q_s1,Q,PIM1,pim,NAIVE,13.538520578698906,13.575596533793696,0.0370759550947905,932,-1,29,1,weights_on_pim_prefill-1024xdecode_64_ops_trace.csv,0.0370759550947905,0.0370759550947905,0.004530509794025588,-0.03254544530076491,0.12219536307136601,0
prefill,L29_K_s1,K,PIM1,pim,NAIVE,13.575596533793696,13.612672488888489,0.0370759550947905,933,-1,29,1,weights_on_pim_prefill-1024xdecode_64_ops_trace.csv,0.0370759550947905,0.0370759550947905,0.004530509794025588,-0.03254544530076491,0.12219536307136601,0
prefill,L29_V_s1,V,PIM1,pim,NAIVE,13.612672488888489,13.649748443983276,0.0370759550947905,934,-1,29,1,weights_on_pim_prefill-1024xdecode_64_ops_trace.csv,0.0370759550947905,0.0370759550947905,0.004530509794025588,-0.03254544530076491,0.12219536307136601,0
prefill,L29_K_write_s0,K_write,PIM0,pim,NAIVE,13.649748443983276,13.649779163983276,3.071999999981756e-05,935,-1,29,0,weights_on_pim_prefill-1024xdecode_64_ops_trace.csv,3.071999999981756e-05,3.071999999981756e-05,3.071999999981756e-05,0.0,1.0,0
prefill,L29_QK_s0,QK,GPU0,npu,NAIVE,13.614555367344735,13.61469083522742,0.0001354678826821,936,-1,29,0,weights_on_pim_prefill-1024xdecode_64_ops_trace.csv,0.0001354678826821,0.0001354678826821,7.544102615055611e-05,-6.002685653154389e-05,0.5568923397702479,0
prefill,L29_V_write_s0,V_write,PIM0,pim,NAIVE,13.649779163983276,13.649809883983275,3.071999999981756e-05,937,-1,29,0,weights_on_pim_prefill-1024xdecode_64_ops_trace.csv,3.071999999981756e-05,3.071999999981756e-05,3.071999999981756e-05,0.0,1.0,0
prefill,L29_K_write_s1,K_write,PIM1,pim,NAIVE,13.649748443983276,13.649779163983276,3.071999999981756e-05,938,-1,29,1,weights_on_pim_prefill-1024xdecode_64_ops_trace.csv,3.071999999981756e-05,3.071999999981756e-05,3.071999999981756e-05,0.0,1.0,0
prefill,L29_QK_s1,QK,GPU0,npu,NAIVE,13.61469083522742,13.6148263031101,0.0001354678826821,939,-1,29,1,weights_on_pim_prefill-1024xdecode_64_ops_trace.csv,0.0001354678826821,0.0001354678826821,7.544102615055611e-05,-6.002685653154389e-05,0.5568923397702479,0
prefill,L29_V_write_s1,V_write,PIM1,pim,NAIVE,13.649779163983276,13.649809883983275,3.071999999981756e-05,940,-1,29,1,weights_on_pim_prefill-1024xdecode_64_ops_trace.csv,3.071999999981756e-05,3.071999999981756e-05,3.071999999981756e-05,0.0,1.0,0
prefill,L29_Softmax_s0,Softmax,GPU0,npu,NAIVE,13.6148263031101,13.61494849263189,0.0001221895217895,941,-1,29,0,weights_on_pim_prefill-1024xdecode_64_ops_trace.csv,0.0001221895217895,0.0001221895217895,6.804640868476233e-05,-5.414311310473768e-05,0.5568923397702478,0
prefill,L29_Softmax_s1,Softmax,GPU0,npu,NAIVE,13.61494849263189,13.61507068215368,0.0001221895217895,942,-1,29,1,weights_on_pim_prefill-1024xdecode_64_ops_trace.csv,0.0001221895217895,0.0001221895217895,6.804640868476233e-05,-5.414311310473768e-05,0.5568923397702478,0
prefill,L29_SV_s0,SV,GPU0,npu,NAIVE,13.651631322439528,13.65176679032221,0.0001354678826821,943,-1,29,0,weights_on_pim_prefill-1024xdecode_64_ops_trace.csv,0.0001354678826821,0.0001354678826821,7.544102615055611e-05,-6.002685653154389e-05,0.5568923397702479,0
prefill,L29_SV_s1,SV,GPU0,npu,NAIVE,13.65176679032221,13.651902258204892,0.0001354678826821,944,-1,29,1,weights_on_pim_prefill-1024xdecode_64_ops_trace.csv,0.0001354678826821,0.0001354678826821,7.544102615055611e-05,-6.002685653154389e-05,0.5568923397702479,0
prefill,L29_O_s0,O,PIM0,pim,NAIVE,13.65364454877846,13.68772223187325,0.0340776830947913,945,-1,29,0,weights_on_pim_prefill-1024xdecode_64_ops_trace.csv,0.0340776830947913,0.0340776830947913,0.004164134858398974,-0.029913548236392324,0.12219536307136601,0
prefill,L29_O_s1,O,PIM1,pim,NAIVE,13.65378001666114,13.687857699755932,0.0340776830947913,946,-1,29,1,weights_on_pim_prefill-1024xdecode_64_ops_trace.csv,0.0340776830947913,0.0340776830947913,0.004164134858398974,-0.029913548236392324,0.12219536307136601,0
prefill,L29_AllReduce_O,ALLREDUCE,COMM,comm,COMM,13.687857699755932,13.689932895068432,0.0020751953125,947,-1,29,-1,weights_on_pim_prefill-1024xdecode_64_ops_trace.csv,0.0020751953125,0.0020751953125,0.0020751953125,0.0,1.0,0
prefill,L29_Add1,Add,GPU0,npu,NAIVE,13.694653266226766,13.69475851896114,0.0001052527343752,948,-1,29,-1,weights_on_pim_prefill-1024xdecode_64_ops_trace.csv,0.0001052527343752,0.0001052527343752,5.8614441513421524e-05,-4.663829286177848e-05,0.5568923397702479,0
prefill,L29_LN2,LN,GPU0,npu,NAIVE,13.69475851896114,13.69489005411739,0.0001315351562496,949,-1,29,-1,weights_on_pim_prefill-1024xdecode_64_ops_trace.csv,0.0001315351562496,0.0001315351562496,7.325092092588487e-05,-5.828423532371512e-05,0.5568923397702478,0
prefill,L29_FFN_W1_s0,FFN_W1,PIM0,pim,NAIVE,13.69864427102989,13.796709638347144,0.098065367317254,950,-1,29,0,weights_on_pim_prefill-1024xdecode_64_ops_trace.csv,0.098065367317254,0.098065367317254,0.011983133164058723,-0.08608223415319528,0.12219536307136601,0
prefill,L29_FFN_W3_s0,FFN_W3,PIM1,pim,NAIVE,13.69864427102989,13.790057734347144,0.091413463317254,951,-1,29,0,weights_on_pim_prefill-1024xdecode_64_ops_trace.csv,0.091413463317254,0.091413463317254,0.01117030133966285,-0.08024316197759115,0.122195363071366,0
prefill,L29_FFN_W1_s1,FFN_W1,PIM1,pim,NAIVE,13.790057734347144,13.888123101664398,0.098065367317254,952,-1,29,1,weights_on_pim_prefill-1024xdecode_64_ops_trace.csv,0.098065367317254,0.098065367317254,0.011983133164058721,-0.08608223415319528,0.122195363071366,0
prefill,L29_FFN_W3_s1,FFN_W3,PIM0,pim,NAIVE,13.796709638347144,13.888123101664398,0.091413463317254,953,-1,29,1,weights_on_pim_prefill-1024xdecode_64_ops_trace.csv,0.091413463317254,0.091413463317254,0.01117030133966285,-0.08024316197759115,0.122195363071366,0
prefill,L29_SwiGLU_s0,SwiGLU,GPU0,npu,NAIVE,13.801767680448316,13.801904904435132,0.0001372239868171,954,-1,29,0,weights_on_pim_prefill-1024xdecode_64_ops_trace.csv,0.0001372239868171,0.0001372239868171,7.641898709117646e-05,-6.080499972592354e-05,0.5568923397702478,0
prefill,L29_SwiGLU_s1,SwiGLU,GPU0,npu,NAIVE,13.89318114376557,13.893318367752387,0.0001372239868171,955,-1,29,1,weights_on_pim_prefill-1024xdecode_64_ops_trace.csv,0.0001372239868171,0.0001372239868171,7.641898709117646e-05,-6.080499972592354e-05,0.5568923397702478,0
prefill,L29_FFN_W2_s0,FFN_W2,PIM0,pim,NAIVE,13.888123101664398,13.984206004981653,0.096082903317253,956,-1,29,0,weights_on_pim_prefill-1024xdecode_64_ops_trace.csv,0.096082903317253,0.096082903317253,0.011740885255802688,-0.08434201806145031,0.12219536307136601,0
prefill,L29_FFN_W2_s1,FFN_W2,PIM1,pim,NAIVE,13.89836264985356,13.994445553170811,0.096082903317253,957,-1,29,1,weights_on_pim_prefill-1024xdecode_64_ops_trace.csv,0.096082903317253,0.096082903317253,0.011740885255802688,-0.08434201806145031,0.12219536307136601,0
prefill,L29_AllReduce_FFN,ALLREDUCE,COMM,comm,COMM,13.994445553170811,13.996520748483311,0.0020751953125,958,-1,29,-1,weights_on_pim_prefill-1024xdecode_64_ops_trace.csv,0.0020751953125,0.0020751953125,0.0020751953125,0.0,1.0,0
prefill,L29_Add2,Add,GPU0,npu,NAIVE,14.001241119641646,14.00134637237602,0.0001052527343752,959,-1,29,-1,weights_on_pim_prefill-1024xdecode_64_ops_trace.csv,0.0001052527343752,0.0001052527343752,5.8614441513421524e-05,-4.663829286177848e-05,0.5568923397702479,0
prefill,L30_LN,LN,GPU0,npu,NAIVE,14.00134637237602,14.001477907532273,0.0001315351562496,960,-1,30,-1,weights_on_pim_prefill-1024xdecode_64_ops_trace.csv,0.0001315351562496,0.0001315351562496,7.325092092588487e-05,-5.828423532371512e-05,0.5568923397702478,0
prefill,L30_Q_s0,Q,PIM0,pim,NAIVE,14.00523212444477,14.04230807953956,0.0370759550947905,961,-1,30,0,weights_on_pim_prefill-1024xdecode_64_ops_trace.csv,0.0370759550947905,0.0370759550947905,0.004530509794025588,-0.03254544530076491,0.12219536307136601,0
prefill,L30_K_s0,K,PIM0,pim,NAIVE,14.04230807953956,14.079384034634352,0.0370759550947905,962,-1,30,0,weights_on_pim_prefill-1024xdecode_64_ops_trace.csv,0.0370759550947905,0.0370759550947905,0.004530509794025588,-0.03254544530076491,0.12219536307136601,0
prefill,L30_V_s0,V,PIM0,pim,NAIVE,14.079384034634352,14.116459989729142,0.0370759550947905,963,-1,30,0,weights_on_pim_prefill-1024xdecode_64_ops_trace.csv,0.0370759550947905,0.0370759550947905,0.004530509794025588,-0.03254544530076491,0.12219536307136601,0
prefill,L30_Q_s1,Q,PIM1,pim,NAIVE,14.00523212444477,14.04230807953956,0.0370759550947905,964,-1,30,1,weights_on_pim_prefill-1024xdecode_64_ops_trace.csv,0.0370759550947905,0.0370759550947905,0.004530509794025588,-0.03254544530076491,0.12219536307136601,0
prefill,L30_K_s1,K,PIM1,pim,NAIVE,14.04230807953956,14.079384034634352,0.0370759550947905,965,-1,30,1,weights_on_pim_prefill-1024xdecode_64_ops_trace.csv,0.0370759550947905,0.0370759550947905,0.004530509794025588,-0.03254544530076491,0.12219536307136601,0
prefill,L30_V_s1,V,PIM1,pim,NAIVE,14.079384034634352,14.116459989729142,0.0370759550947905,966,-1,30,1,weights_on_pim_prefill-1024xdecode_64_ops_trace.csv,0.0370759550947905,0.0370759550947905,0.004530509794025588,-0.03254544530076491,0.12219536307136601,0
prefill,L30_K_write_s0,K_write,PIM0,pim,NAIVE,14.116459989729142,14.116490709729142,3.071999999981756e-05,967,-1,30,0,weights_on_pim_prefill-1024xdecode_64_ops_trace.csv,3.071999999981756e-05,3.071999999981756e-05,3.071999999981756e-05,0.0,1.0,0
prefill,L30_QK_s0,QK,GPU0,npu,NAIVE,14.081266913090602,14.081402380973284,0.0001354678826821,968,-1,30,0,weights_on_pim_prefill-1024xdecode_64_ops_trace.csv,0.0001354678826821,0.0001354678826821,7.544102615055611e-05,-6.002685653154389e-05,0.5568923397702479,0
prefill,L30_V_write_s0,V_write,PIM0,pim,NAIVE,14.116490709729142,14.116521429729142,3.071999999981756e-05,969,-1,30,0,weights_on_pim_prefill-1024xdecode_64_ops_trace.csv,3.071999999981756e-05,3.071999999981756e-05,3.071999999981756e-05,0.0,1.0,0
prefill,L30_K_write_s1,K_write,PIM1,pim,NAIVE,14.116459989729142,14.116490709729142,3.071999999981756e-05,970,-1,30,1,weights_on_pim_prefill-1024xdecode_64_ops_trace.csv,3.071999999981756e-05,3.071999999981756e-05,3.071999999981756e-05,0.0,1.0,0
prefill,L30_QK_s1,QK,GPU0,npu,NAIVE,14.081402380973284,14.081537848855966,0.0001354678826821,971,-1,30,1,weights_on_pim_prefill-1024xdecode_64_ops_trace.csv,0.0001354678826821,0.0001354678826821,7.544102615055611e-05,-6.002685653154389e-05,0.5568923397702479,0
prefill,L30_V_write_s1,V_write,PIM1,pim,NAIVE,14.116490709729142,14.116521429729142,3.071999999981756e-05,972,-1,30,1,weights_on_pim_prefill-1024xdecode_64_ops_trace.csv,3.071999999981756e-05,3.071999999981756e-05,3.071999999981756e-05,0.0,1.0,0
prefill,L30_Softmax_s0,Softmax,GPU0,npu,NAIVE,14.081537848855966,14.081660038377755,0.0001221895217895,973,-1,30,0,weights_on_pim_prefill-1024xdecode_64_ops_trace.csv,0.0001221895217895,0.0001221895217895,6.804640868476233e-05,-5.414311310473768e-05,0.5568923397702478,0
prefill,L30_Softmax_s1,Softmax,GPU0,npu,NAIVE,14.081660038377755,14.081782227899543,0.0001221895217895,974,-1,30,1,weights_on_pim_prefill-1024xdecode_64_ops_trace.csv,0.0001221895217895,0.0001221895217895,6.804640868476233e-05,-5.414311310473768e-05,0.5568923397702478,0
prefill,L30_SV_s0,SV,GPU0,npu,NAIVE,14.118342868185392,14.118478336068074,0.0001354678826821,975,-1,30,0,weights_on_pim_prefill-1024xdecode_64_ops_trace.csv,0.0001354678826821,0.0001354678826821,7.544102615055611e-05,-6.002685653154389e-05,0.5568923397702479,0
prefill,L30_SV_s1,SV,GPU0,npu,NAIVE,14.118478336068074,14.118613803950756,0.0001354678826821,976,-1,30,1,weights_on_pim_prefill-1024xdecode_64_ops_trace.csv,0.0001354678826821,0.0001354678826821,7.544102615055611e-05,-6.002685653154389e-05,0.5568923397702479,0
prefill,L30_O_s0,O,PIM0,pim,NAIVE,14.120356094524324,14.154433777619117,0.0340776830947913,977,-1,30,0,weights_on_pim_prefill-1024xdecode_64_ops_trace.csv,0.0340776830947913,0.0340776830947913,0.004164134858398974,-0.029913548236392324,0.12219536307136601,0
prefill,L30_O_s1,O,PIM1,pim,NAIVE,14.120491562407006,14.154569245501795,0.0340776830947913,978,-1,30,1,weights_on_pim_prefill-1024xdecode_64_ops_trace.csv,0.0340776830947913,0.0340776830947913,0.004164134858398974,-0.029913548236392324,0.12219536307136601,0
prefill,L30_AllReduce_O,ALLREDUCE,COMM,comm,COMM,14.154569245501795,14.156644440814295,0.0020751953125,979,-1,30,-1,weights_on_pim_prefill-1024xdecode_64_ops_trace.csv,0.0020751953125,0.0020751953125,0.0020751953125,0.0,1.0,0
prefill,L30_Add1,Add,GPU0,npu,NAIVE,14.16136481197263,14.161470064707006,0.0001052527343752,980,-1,30,-1,weights_on_pim_prefill-1024xdecode_64_ops_trace.csv,0.0001052527343752,0.0001052527343752,5.8614441513421524e-05,-4.663829286177848e-05,0.5568923397702479,0
prefill,L30_LN2,LN,GPU0,npu,NAIVE,14.161470064707006,14.161601599863255,0.0001315351562496,981,-1,30,-1,weights_on_pim_prefill-1024xdecode_64_ops_trace.csv,0.0001315351562496,0.0001315351562496,7.325092092588487e-05,-5.828423532371512e-05,0.5568923397702478,0
prefill,L30_FFN_W1_s0,FFN_W1,PIM0,pim,NAIVE,14.165355816775756,14.263421184093009,0.098065367317254,982,-1,30,0,weights_on_pim_prefill-1024xdecode_64_ops_trace.csv,0.098065367317254,0.098065367317254,0.011983133164058723,-0.08608223415319528,0.12219536307136601,0
prefill,L30_FFN_W3_s0,FFN_W3,PIM1,pim,NAIVE,14.165355816775756,14.256769280093009,0.091413463317254,983,-1,30,0,weights_on_pim_prefill-1024xdecode_64_ops_trace.csv,0.091413463317254,0.091413463317254,0.01117030133966285,-0.08024316197759115,0.122195363071366,0
prefill,L30_FFN_W1_s1,FFN_W1,PIM1,pim,NAIVE,14.256769280093009,14.354834647410264,0.098065367317254,984,-1,30,1,weights_on_pim_prefill-1024xdecode_64_ops_trace.csv,0.098065367317254,0.098065367317254,0.011983133164058721,-0.08608223415319528,0.122195363071366,0
prefill,L30_FFN_W3_s1,FFN_W3,PIM0,pim,NAIVE,14.263421184093009,14.354834647410264,0.091413463317254,985,-1,30,1,weights_on_pim_prefill-1024xdecode_64_ops_trace.csv,0.091413463317254,0.091413463317254,0.01117030133966285,-0.08024316197759115,0.122195363071366,0
prefill,L30_SwiGLU_s0,SwiGLU,GPU0,npu,NAIVE,14.26847922619418,14.268616450180998,0.0001372239868171,986,-1,30,0,weights_on_pim_prefill-1024xdecode_64_ops_trace.csv,0.0001372239868171,0.0001372239868171,7.641898709117646e-05,-6.080499972592354e-05,0.5568923397702478,0
prefill,L30_SwiGLU_s1,SwiGLU,GPU0,npu,NAIVE,14.359892689511437,14.360029913498252,0.0001372239868171,987,-1,30,1,weights_on_pim_prefill-1024xdecode_64_ops_trace.csv,0.0001372239868171,0.0001372239868171,7.641898709117646e-05,-6.080499972592354e-05,0.5568923397702478,0
prefill,L30_FFN_W2_s0,FFN_W2,PIM0,pim,NAIVE,14.354834647410264,14.450917550727516,0.096082903317253,988,-1,30,0,weights_on_pim_prefill-1024xdecode_64_ops_trace.csv,0.096082903317253,0.096082903317253,0.011740885255802688,-0.08434201806145031,0.12219536307136601,0
prefill,L30_FFN_W2_s1,FFN_W2,PIM1,pim,NAIVE,14.365074195599425,14.461157098916678,0.096082903317253,989,-1,30,1,weights_on_pim_prefill-1024xdecode_64_ops_trace.csv,0.096082903317253,0.096082903317253,0.011740885255802688,-0.08434201806145031,0.12219536307136601,0
prefill,L30_AllReduce_FFN,ALLREDUCE,COMM,comm,COMM,14.461157098916678,14.463232294229178,0.0020751953125,990,-1,30,-1,weights_on_pim_prefill-1024xdecode_64_ops_trace.csv,0.0020751953125,0.0020751953125,0.0020751953125,0.0,1.0,0
prefill,L30_Add2,Add,GPU0,npu,NAIVE,14.46795266538751,14.468057918121886,0.0001052527343752,991,-1,30,-1,weights_on_pim_prefill-1024xdecode_64_ops_trace.csv,0.0001052527343752,0.0001052527343752,5.8614441513421524e-05,-4.663829286177848e-05,0.5568923397702479,0
prefill,L31_LN,LN,GPU0,npu,NAIVE,14.468057918121886,14.468189453278136,0.0001315351562496,992,-1,31,-1,weights_on_pim_prefill-1024xdecode_64_ops_trace.csv,0.0001315351562496,0.0001315351562496,7.325092092588487e-05,-5.828423532371512e-05,0.5568923397702478,0
prefill,L31_Q_s0,Q,PIM0,pim,NAIVE,14.471943670190637,14.509019625285426,0.0370759550947905,993,-1,31,0,weights_on_pim_prefill-1024xdecode_64_ops_trace.csv,0.0370759550947905,0.0370759550947905,0.004530509794025588,-0.03254544530076491,0.12219536307136601,0
prefill,L31_K_s0,K,PIM0,pim,NAIVE,14.509019625285426,14.546095580380216,0.0370759550947905,994,-1,31,0,weights_on_pim_prefill-1024xdecode_64_ops_trace.csv,0.0370759550947905,0.0370759550947905,0.004530509794025588,-0.03254544530076491,0.12219536307136601,0
prefill,L31_V_s0,V,PIM0,pim,NAIVE,14.546095580380216,14.583171535475008,0.0370759550947905,995,-1,31,0,weights_on_pim_prefill-1024xdecode_64_ops_trace.csv,0.0370759550947905,0.0370759550947905,0.004530509794025588,-0.03254544530076491,0.12219536307136601,0
prefill,L31_Q_s1,Q,PIM1,pim,NAIVE,14.471943670190637,14.509019625285426,0.0370759550947905,996,-1,31,1,weights_on_pim_prefill-1024xdecode_64_ops_trace.csv,0.0370759550947905,0.0370759550947905,0.004530509794025588,-0.03254544530076491,0.12219536307136601,0
prefill,L31_K_s1,K,PIM1,pim,NAIVE,14.509019625285426,14.546095580380216,0.0370759550947905,997,-1,31,1,weights_on_pim_prefill-1024xdecode_64_ops_trace.csv,0.0370759550947905,0.0370759550947905,0.004530509794025588,-0.03254544530076491,0.12219536307136601,0
prefill,L31_V_s1,V,PIM1,pim,NAIVE,14.546095580380216,14.583171535475008,0.0370759550947905,998,-1,31,1,weights_on_pim_prefill-1024xdecode_64_ops_trace.csv,0.0370759550947905,0.0370759550947905,0.004530509794025588,-0.03254544530076491,0.12219536307136601,0
prefill,L31_K_write_s0,K_write,PIM0,pim,NAIVE,14.583171535475008,14.583202255475006,3.071999999981756e-05,999,-1,31,0,weights_on_pim_prefill-1024xdecode_64_ops_trace.csv,3.071999999981756e-05,3.071999999981756e-05,3.071999999981756e-05,0.0,1.0,0
prefill,L31_QK_s0,QK,GPU0,npu,NAIVE,14.547978458836466,14.548113926719148,0.0001354678826821,1000,-1,31,0,weights_on_pim_prefill-1024xdecode_64_ops_trace.csv,0.0001354678826821,0.0001354678826821,7.544102615055611e-05,-6.002685653154389e-05,0.5568923397702479,0
prefill,L31_V_write_s0,V_write,PIM0,pim,NAIVE,14.583202255475006,14.583232975475006,3.071999999981756e-05,1001,-1,31,0,weights_on_pim_prefill-1024xdecode_64_ops_trace.csv,3.071999999981756e-05,3.071999999981756e-05,3.071999999981756e-05,0.0,1.0,0
prefill,L31_K_write_s1,K_write,PIM1,pim,NAIVE,14.583171535475008,14.583202255475006,3.071999999981756e-05,1002,-1,31,1,weights_on_pim_prefill-1024xdecode_64_ops_trace.csv,3.071999999981756e-05,3.071999999981756e-05,3.071999999981756e-05,0.0,1.0,0
prefill,L31_QK_s1,QK,GPU0,npu,NAIVE,14.548113926719148,14.54824939460183,0.0001354678826821,1003,-1,31,1,weights_on_pim_prefill-1024xdecode_64_ops_trace.csv,0.0001354678826821,0.0001354678826821,7.544102615055611e-05,-6.002685653154389e-05,0.5568923397702479,0
prefill,L31_V_write_s1,V_write,PIM1,pim,NAIVE,14.583202255475006,14.583232975475006,3.071999999981756e-05,1004,-1,31,1,weights_on_pim_prefill-1024xdecode_64_ops_trace.csv,3.071999999981756e-05,3.071999999981756e-05,3.071999999981756e-05,0.0,1.0,0
prefill,L31_Softmax_s0,Softmax,GPU0,npu,NAIVE,14.54824939460183,14.54837158412362,0.0001221895217895,1005,-1,31,0,weights_on_pim_prefill-1024xdecode_64_ops_trace.csv,0.0001221895217895,0.0001221895217895,6.804640868476233e-05,-5.414311310473768e-05,0.5568923397702478,0
prefill,L31_Softmax_s1,Softmax,GPU0,npu,NAIVE,14.54837158412362,14.54849377364541,0.0001221895217895,1006,-1,31,1,weights_on_pim_prefill-1024xdecode_64_ops_trace.csv,0.0001221895217895,0.0001221895217895,6.804640868476233e-05,-5.414311310473768e-05,0.5568923397702478,0
prefill,L31_SV_s0,SV,GPU0,npu,NAIVE,14.585054413931257,14.58518988181394,0.0001354678826821,1007,-1,31,0,weights_on_pim_prefill-1024xdecode_64_ops_trace.csv,0.0001354678826821,0.0001354678826821,7.544102615055611e-05,-6.002685653154389e-05,0.5568923397702479,0
prefill,L31_SV_s1,SV,GPU0,npu,NAIVE,14.58518988181394,14.58532534969662,0.0001354678826821,1008,-1,31,1,weights_on_pim_prefill-1024xdecode_64_ops_trace.csv,0.0001354678826821,0.0001354678826821,7.544102615055611e-05,-6.002685653154389e-05,0.5568923397702479,0
prefill,L31_O_s0,O,PIM0,pim,NAIVE,14.587067640270188,14.62114532336498,0.0340776830947913,1009,-1,31,0,weights_on_pim_prefill-1024xdecode_64_ops_trace.csv,0.0340776830947913,0.0340776830947913,0.004164134858398974,-0.029913548236392324,0.12219536307136601,0
prefill,L31_O_s1,O,PIM1,pim,NAIVE,14.58720310815287,14.621280791247662,0.0340776830947913,1010,-1,31,1,weights_on_pim_prefill-1024xdecode_64_ops_trace.csv,0.0340776830947913,0.0340776830947913,0.004164134858398974,-0.029913548236392324,0.12219536307136601,0
prefill,L31_AllReduce_O,ALLREDUCE,COMM,comm,COMM,14.621280791247662,14.623355986560162,0.0020751953125,1011,-1,31,-1,weights_on_pim_prefill-1024xdecode_64_ops_trace.csv,0.0020751953125,0.0020751953125,0.0020751953125,0.0,1.0,0
prefill,L31_Add1,Add,GPU0,npu,NAIVE,14.628076357718497,14.62818161045287,0.0001052527343752,1012,-1,31,-1,weights_on_pim_prefill-1024xdecode_64_ops_trace.csv,0.0001052527343752,0.0001052527343752,5.8614441513421524e-05,-4.663829286177848e-05,0.5568923397702479,0
prefill,L31_LN2,LN,GPU0,npu,NAIVE,14.62818161045287,14.62831314560912,0.0001315351562496,1013,-1,31,-1,weights_on_pim_prefill-1024xdecode_64_ops_trace.csv,0.0001315351562496,0.0001315351562496,7.325092092588487e-05,-5.828423532371512e-05,0.5568923397702478,0
prefill,L31_FFN_W1_s0,FFN_W1,PIM0,pim,NAIVE,14.63206736252162,14.730132729838871,0.098065367317254,1014,-1,31,0,weights_on_pim_prefill-1024xdecode_64_ops_trace.csv,0.098065367317254,0.098065367317254,0.011983133164058723,-0.08608223415319528,0.12219536307136601,0
prefill,L31_FFN_W3_s0,FFN_W3,PIM1,pim,NAIVE,14.63206736252162,14.723480825838871,0.091413463317254,1015,-1,31,0,weights_on_pim_prefill-1024xdecode_64_ops_trace.csv,0.091413463317254,0.091413463317254,0.01117030133966285,-0.08024316197759115,0.122195363071366,0
prefill,L31_FFN_W1_s1,FFN_W1,PIM1,pim,NAIVE,14.723480825838871,14.821546193156127,0.098065367317254,1016,-1,31,1,weights_on_pim_prefill-1024xdecode_64_ops_trace.csv,0.098065367317254,0.098065367317254,0.011983133164058721,-0.08608223415319528,0.122195363071366,0
prefill,L31_FFN_W3_s1,FFN_W3,PIM0,pim,NAIVE,14.730132729838871,14.821546193156127,0.091413463317254,1017,-1,31,1,weights_on_pim_prefill-1024xdecode_64_ops_trace.csv,0.091413463317254,0.091413463317254,0.01117030133966285,-0.08024316197759115,0.122195363071366,0
prefill,L31_SwiGLU_s0,SwiGLU,GPU0,npu,NAIVE,14.735190771940044,14.735327995926864,0.0001372239868171,1018,-1,31,0,weights_on_pim_prefill-1024xdecode_64_ops_trace.csv,0.0001372239868171,0.0001372239868171,7.641898709117646e-05,-6.080499972592354e-05,0.5568923397702478,0
prefill,L31_SwiGLU_s1,SwiGLU,GPU0,npu,NAIVE,14.8266042352573,14.826741459244117,0.0001372239868171,1019,-1,31,1,weights_on_pim_prefill-1024xdecode_64_ops_trace.csv,0.0001372239868171,0.0001372239868171,7.641898709117646e-05,-6.080499972592354e-05,0.5568923397702478,0
prefill,L31_FFN_W2_s0,FFN_W2,PIM0,pim,NAIVE,14.821546193156127,14.91762909647338,0.096082903317253,1020,-1,31,0,weights_on_pim_prefill-1024xdecode_64_ops_trace.csv,0.096082903317253,0.096082903317253,0.011740885255802688,-0.08434201806145031,0.12219536307136601,0
prefill,L31_FFN_W2_s1,FFN_W2,PIM1,pim,NAIVE,14.83178574134529,14.927868644662542,0.096082903317253,1021,-1,31,1,weights_on_pim_prefill-1024xdecode_64_ops_trace.csv,0.096082903317253,0.096082903317253,0.011740885255802688,-0.08434201806145031,0.12219536307136601,0
prefill,L31_AllReduce_FFN,ALLREDUCE,COMM,comm,COMM,14.927868644662542,14.929943839975042,0.0020751953125,1022,-1,31,-1,weights_on_pim_prefill-1024xdecode_64_ops_trace.csv,0.0020751953125,0.0020751953125,0.0020751953125,0.0,1.0,0
prefill,L31_Add2,Add,GPU0,npu,NAIVE,14.934664211133375,14.93476946386775,0.0001052527343752,1023,-1,31,-1,weights_on_pim_prefill-1024xdecode_64_ops_trace.csv,0.0001052527343752,0.0001052527343752,5.8614441513421524e-05,-4.663829286177848e-05,0.5568923397702479,0
decode,L0_LN,LN,GPU0,npu,NAIVE,14.93476946386775,14.934804773472395,3.530960464459554e-05,1024,0,0,-1,weights_on_pim_prefill-1024xdecode_64_ops_trace.csv,3.530960464459554e-05,3.530960464459554e-05,8.567164198376401e-05,5.0362037339168477e-05,2.4262985339564502,0
decode,L0_Q_s0,Q,PIM0,pim,NAIVE,14.934809738430316,14.934846116104634,3.637767431641237e-05,1025,0,0,0,weights_on_pim_prefill-1024xdecode_64_ops_trace.csv,3.637767431641237e-05,3.637767431641237e-05,7.267336878817836e-07,-3.5650940628530584e-05,0.01997746424250948,0
decode,L0_K_s0,K,PIM0,pim,NAIVE,14.934846116104634,14.93488249377895,3.637767431641237e-05,1026,0,0,0,weights_on_pim_prefill-1024xdecode_64_ops_trace.csv,3.637767431641237e-05,3.637767431641237e-05,7.267336878817836e-07,-3.5650940628530584e-05,0.01997746424250948,0
decode,L0_V_s0,V,PIM0,pim,NAIVE,14.93488249377895,14.934918871453268,3.637767431641237e-05,1027,0,0,0,weights_on_pim_prefill-1024xdecode_64_ops_trace.csv,3.637767431641237e-05,3.637767431641237e-05,7.267336878817836e-07,-3.5650940628530584e-05,0.01997746424250948,0
decode,L0_Q_s1,Q,PIM1,pim,NAIVE,14.934809738430316,14.934846116104634,3.637767431641237e-05,1028,0,0,1,weights_on_pim_prefill-1024xdecode_64_ops_trace.csv,3.637767431641237e-05,3.637767431641237e-05,7.267336878817835e-07,-3.5650940628530584e-05,0.019977464242509478,0
decode,L0_K_s1,K,PIM1,pim,NAIVE,14.934846116104634,14.93488249377895,3.637767431641237e-05,1029,0,0,1,weights_on_pim_prefill-1024xdecode_64_ops_trace.csv,3.637767431641237e-05,3.637767431641237e-05,7.267336878817835e-07,-3.5650940628530584e-05,0.019977464242509478,0
decode,L0_V_s1,V,PIM1,pim,NAIVE,14.93488249377895,14.934918871453268,3.637767431641237e-05,1030,0,0,1,weights_on_pim_prefill-1024xdecode_64_ops_trace.csv,3.637767431641237e-05,3.637767431641237e-05,7.267336878817835e-07,-3.5650940628530584e-05,0.019977464242509478,0
decode,L0_K_write_s0,K_write,PIM0,pim,NAIVE,14.934918871453268,14.934918901453267,3.000000070585429e-08,1031,0,0,0,weights_on_pim_prefill-1024xdecode_64_ops_trace.csv,3.000000070585429e-08,3.000000070585429e-08,3.000000070585429e-08,0.0,1.0,0
decode,L0_QK_s0,QK,GPU0,npu,NAIVE,14.936241739376184,14.936244508241826,2.7688656416557933e-06,1032,0,0,0,weights_on_pim_prefill-1024xdecode_64_ops_trace.csv,2.7688656416557933e-06,2.7688656416557933e-06,6.718094647071836e-06,3.9492290054160426e-06,2.42629853395645,0
decode,L0_V_write_s0,V_write,PIM0,pim,NAIVE,14.934924021453268,14.934924051453269,3.000000070585429e-08,1033,0,0,0,weights_on_pim_prefill-1024xdecode_64_ops_trace.csv,3.000000070585429e-08,3.000000070585429e-08,3.000000070585429e-08,0.0,1.0,0
decode,L0_K_write_s1,K_write,PIM1,pim,NAIVE,14.934918871453268,14.934918901453267,3.000000070585429e-08,1034,0,0,1,weights_on_pim_prefill-1024xdecode_64_ops_trace.csv,3.000000070585429e-08,3.000000070585429e-08,3.000000070585429e-08,0.0,1.0,0
decode,L0_QK_s1,QK,GPU0,npu,NAIVE,14.936244508241826,14.936247277107467,2.7688656416557933e-06,1035,0,0,1,weights_on_pim_prefill-1024xdecode_64_ops_trace.csv,2.7688656416557933e-06,2.7688656416557933e-06,6.718094647071836e-06,3.9492290054160426e-06,2.42629853395645,0
decode,L0_V_write_s1,V_write,PIM1,pim,NAIVE,14.934924021453268,14.934924051453269,3.000000070585429e-08,1036,0,0,1,weights_on_pim_prefill-1024xdecode_64_ops_trace.csv,3.000000070585429e-08,3.000000070585429e-08,3.000000070585429e-08,0.0,1.0,0
decode,L0_Softmax_s0,Softmax,GPU0,npu,NAIVE,14.936247277107467,14.936247515526048,2.384185791015625e-07,1037,0,0,0,weights_on_pim_prefill-1024xdecode_64_ops_trace.csv,2.384185791015625e-07,2.384185791015625e-07,5.784746489421011e-07,3.4005606984053856e-07,2.4262985339564502,0
decode,L0_Softmax_s1,Softmax,GPU0,npu,NAIVE,14.936247515526048,14.936247753944626,2.384185791015625e-07,1038,0,0,1,weights_on_pim_prefill-1024xdecode_64_ops_trace.csv,2.384185791015625e-07,2.384185791015625e-07,5.784746489421011e-07,3.4005606984053856e-07,2.4262985339564502,0
decode,L0_SV_s0,SV,GPU0,npu,NAIVE,14.937570353448963,14.937573122314603,2.7688656416557933e-06,1039,0,0,0,weights_on_pim_prefill-1024xdecode_64_ops_trace.csv,2.7688656416557933e-06,2.7688656416557933e-06,6.718094647071836e-06,3.9492290054160426e-06,2.42629853395645,0
decode,L0_SV_s1,SV,GPU0,npu,NAIVE,14.937573122314603,14.937575891180249,2.7688656416557933e-06,1040,0,0,1,weights_on_pim_prefill-1024xdecode_64_ops_trace.csv,2.7688656416557933e-06,2.7688656416557933e-06,6.718094647071836e-06,3.9492290054160426e-06,2.42629853395645,0
decode,L0_O_s0,O,PIM0,pim,NAIVE,14.937576254793566,14.93760970446788,3.344967431573309e-05,1041,0,0,0,weights_on_pim_prefill-1024xdecode_64_ops_trace.csv,3.344967431573309e-05,3.344967431573309e-05,6.682396725661455e-07,-3.278143464316695e-05,0.019977464242509478,0
decode,L0_O_s1,O,PIM1,pim,NAIVE,14.937579023659207,14.937612473333523,3.344967431573309e-05,1042,0,0,1,weights_on_pim_prefill-1024xdecode_64_ops_trace.csv,3.344967431573309e-05,3.344967431573309e-05,6.682396725661455e-07,-3.278143464316695e-05,0.019977464242509478,0
decode,L0_AllReduce_O,ALLREDUCE,COMM,comm,COMM,14.937612473333523,14.937614499891446,2.026557922363281e-06,1043,0,0,-1,weights_on_pim_prefill-1024xdecode_64_ops_trace.csv,2.026557922363281e-06,2.026557922363281e-06,2.026557922363281e-06,0.0,1.0,0
decode,L0_Add1,Add,GPU0,npu,NAIVE,14.937619609140624,14.937626548547591,6.939406967276796e-06,1044,0,0,-1,weights_on_pim_prefill-1024xdecode_64_ops_trace.csv,6.939406967276796e-06,6.939406967276796e-06,1.6837072951230866e-05,9.897665983954071e-06,2.4262985339564502,0
decode,L0_LN2,LN,GPU0,npu,NAIVE,14.937626548547591,14.937661858152236,3.530960464459554e-05,1045,0,0,-1,weights_on_pim_prefill-1024xdecode_64_ops_trace.csv,3.530960464459554e-05,3.530960464459554e-05,8.567164198376401e-05,5.0362037339168477e-05,2.4262985339564502,0
decode,L0_FFN_W1_s0,FFN_W1,PIM0,pim,NAIVE,14.937666823110158,14.937763050109885,9.622699972489102e-05,1046,0,0,0,weights_on_pim_prefill-1024xdecode_64_ops_trace.csv,9.622699972489102e-05,9.622699972489102e-05,1.9223714461679797e-06,-9.430462827872303e-05,0.019977464242509478,0
decode,L0_FFN_W3_s0,FFN_W3,PIM1,pim,NAIVE,14.937666823110158,14.937756554109884,8.973099972564569e-05,1047,0,0,0,weights_on_pim_prefill-1024xdecode_64_ops_trace.csv,8.973099972564569e-05,8.973099972564569e-05,1.7925978384637143e-06,-8.793840188718198e-05,0.019977464242509475,0
decode,L0_FFN_W1_s1,FFN_W1,PIM1,pim,NAIVE,14.937756554109884,14.937852781109608,9.622699972489102e-05,1048,0,0,1,weights_on_pim_prefill-1024xdecode_64_ops_trace.csv,9.622699972489102e-05,9.622699972489102e-05,1.9223714461679797e-06,-9.430462827872303e-05,0.019977464242509478,0
decode,L0_FFN_W3_s1,FFN_W3,PIM0,pim,NAIVE,14.937763050109885,14.937852781109608,8.973099972564569e-05,1049,0,0,1,weights_on_pim_prefill-1024xdecode_64_ops_trace.csv,8.973099972564569e-05,8.973099972564569e-05,1.7925978384637145e-06,-8.793840188718198e-05,0.019977464242509478,0
decode,L0_SwiGLU_s0,SwiGLU,GPU0,npu,NAIVE,14.93776928989709,14.937776510037702,7.220140611607917e-06,1050,0,0,0,weights_on_pim_prefill-1024xdecode_64_ops_trace.csv,7.220140611607917e-06,7.220140611607917e-06,1.7518216580903718e-05,1.0298075969295801e-05,2.4262985339564502,0
decode,L0_SwiGLU_s1,SwiGLU,GPU0,npu,NAIVE,14.937859020896816,14.937866241037428,7.220140611607917e-06,1051,0,0,1,weights_on_pim_prefill-1024xdecode_64_ops_trace.csv,7.220140611607917e-06,7.220140611607917e-06,1.7518216580903718e-05,1.0298075969295801e-05,2.4262985339564502,0
decode,L0_FFN_W2_s0,FFN_W2,PIM0,pim,NAIVE,14.937852781109608,14.94009794042686,0.0022451593172529,1052,0,0,0,weights_on_pim_prefill-1024xdecode_64_ops_trace.csv,0.0022451593172529,0.0022451593172529,4.4852589979156814e-05,-0.0022003067272737434,0.01997746424250948,0
decode,L0_FFN_W2_s1,FFN_W2,PIM1,pim,NAIVE,14.937872465824636,14.94011762514189,0.0022451593172529,1053,0,0,1,weights_on_pim_prefill-1024xdecode_64_ops_trace.csv,0.0022451593172529,0.0022451593172529,4.485258997915681e-05,-0.0022003067272737434,0.019977464242509478,0
decode,L0_AllReduce_FFN,ALLREDUCE,COMM,comm,COMM,14.94011762514189,14.940119651699812,2.026557922363281e-06,1054,0,0,-1,weights_on_pim_prefill-1024xdecode_64_ops_trace.csv,2.026557922363281e-06,2.026557922363281e-06,2.026557922363281e-06,0.0,1.0,0
decode,L0_Add2,Add,GPU0,npu,NAIVE,14.94012476094899,14.940131700355956,6.939406967276796e-06,1055,0,0,-1,weights_on_pim_prefill-1024xdecode_64_ops_trace.csv,6.939406967276796e-06,6.939406967276796e-06,1.6837072951230866e-05,9.897665983954071e-06,2.4262985339564502,0
decode,L1_LN,LN,GPU0,npu,NAIVE,14.940131700355956,14.940167009960602,3.530960464459554e-05,1056,0,1,-1,weights_on_pim_prefill-1024xdecode_64_ops_trace.csv,3.530960464459554e-05,3.530960464459554e-05,8.567164198376401e-05,5.0362037339168477e-05,2.4262985339564502,0
decode,L1_Q_s0,Q,PIM0,pim,NAIVE,14.940171974918524,14.94020835259284,3.637767431641237e-05,1057,0,1,0,weights_on_pim_prefill-1024xdecode_64_ops_trace.csv,3.637767431641237e-05,3.637767431641237e-05,4.423496436998293e-06,-3.195417787941407e-05,0.12159920940857294,0
decode,L1_K_s0,K,PIM0,pim,NAIVE,14.94020835259284,14.940244730267157,3.637767431641237e-05,1058,0,1,0,weights_on_pim_prefill-1024xdecode_64_ops_trace.csv,3.637767431641237e-05,3.637767431641237e-05,4.423496436998293e-06,-3.195417787941407e-05,0.12159920940857294,0
decode,L1_V_s0,V,PIM0,pim,NAIVE,14.940244730267157,14.940281107941471,3.637767431641237e-05,1059,0,1,0,weights_on_pim_prefill-1024xdecode_64_ops_trace.csv,3.637767431641237e-05,3.637767431641237e-05,4.423496436998293e-06,-3.195417787941407e-05,0.12159920940857294,0
decode,L1_Q_s1,Q,PIM1,pim,NAIVE,14.940171974918524,14.94020835259284,3.637767431641237e-05,1060,0,1,1,weights_on_pim_prefill-1024xdecode_64_ops_trace.csv,3.637767431641237e-05,3.637767431641237e-05,4.423496436998292e-06,-3.195417787941408e-05,0.12159920940857293,0
decode,L1_K_s1,K,PIM1,pim,NAIVE,14.94020835259284,14.940244730267157,3.637767431641237e-05,1061,0,1,1,weights_on_pim_prefill-1024xdecode_64_ops_trace.csv,3.637767431641237e-05,3.637767431641237e-05,4.423496436998292e-06,-3.195417787941408e-05,0.12159920940857293,0
decode,L1_V_s1,V,PIM1,pim,NAIVE,14.940244730267157,14.940281107941471,3.637767431641237e-05,1062,0,1,1,weights_on_pim_prefill-1024xdecode_64_ops_trace.csv,3.637767431641237e-05,3.637767431641237e-05,4.423496436998292e-06,-3.195417787941408e-05,0.12159920940857293,0
decode,L1_K_write_s0,K_write,PIM0,pim,NAIVE,14.940281107941471,14.940281137941474,3.000000070585429e-08,1063,0,1,0,weights_on_pim_prefill-1024xdecode_64_ops_trace.csv,3.000000070585429e-08,3.000000070585429e-08,3.000000070585429e-08,0.0,1.0,0
decode,L1_QK_s0,QK,GPU0,npu,NAIVE,14.94160397586439,14.941606744730032,2.7688656416557933e-06,1064,0,1,0,weights_on_pim_prefill-1024xdecode_64_ops_trace.csv,2.7688656416557933e-06,2.7688656416557933e-06,6.718094647071836e-06,3.9492290054160426e-06,2.42629853395645,0
decode,L1_V_write_s0,V_write,PIM0,pim,NAIVE,14.940286257941477,14.940286287941476,3.000000070585429e-08,1065,0,1,0,weights_on_pim_prefill-1024xdecode_64_ops_trace.csv,3.000000070585429e-08,3.000000070585429e-08,3.000000070585429e-08,0.0,1.0,0
decode,L1_K_write_s1,K_write,PIM1,pim,NAIVE,14.940281107941471,14.940281137941474,3.000000070585429e-08,1066,0,1,1,weights_on_pim_prefill-1024xdecode_64_ops_trace.csv,3.000000070585429e-08,3.000000070585429e-08,3.000000070585429e-08,0.0,1.0,0
decode,L1_QK_s1,QK,GPU0,npu,NAIVE,14.941606744730032,14.941609513595674,2.7688656416557933e-06,1067,0,1,1,weights_on_pim_prefill-1024xdecode_64_ops_trace.csv,2.7688656416557933e-06,2.7688656416557933e-06,6.718094647071836e-06,3.9492290054160426e-06,2.42629853395645,0
decode,L1_V_write_s1,V_write,PIM1,pim,NAIVE,14.940286257941477,14.940286287941476,3.000000070585429e-08,1068,0,1,1,weights_on_pim_prefill-1024xdecode_64_ops_trace.csv,3.000000070585429e-08,3.000000070585429e-08,3.000000070585429e-08,0.0,1.0,0
decode,L1_Softmax_s0,Softmax,GPU0,npu,NAIVE,14.941609513595674,14.941609752014251,2.384185791015625e-07,1069,0,1,0,weights_on_pim_prefill-1024xdecode_64_ops_trace.csv,2.384185791015625e-07,2.384185791015625e-07,5.784746489421011e-07,3.4005606984053856e-07,2.4262985339564502,0
decode,L1_Softmax_s1,Softmax,GPU0,npu,NAIVE,14.941609752014251,14.941609990432832,2.384185791015625e-07,1070,0,1,1,weights_on_pim_prefill-1024xdecode_64_ops_trace.csv,2.384185791015625e-07,2.384185791015625e-07,5.784746489421011e-07,3.4005606984053856e-07,2.4262985339564502,0
decode,L1_SV_s0,SV,GPU0,npu,NAIVE,14.94293258993717,14.942935358802812,2.7688656416557933e-06,1071,0,1,0,weights_on_pim_prefill-1024xdecode_64_ops_trace.csv,2.7688656416557933e-06,2.7688656416557933e-06,6.718094647071836e-06,3.9492290054160426e-06,2.42629853395645,0
decode,L1_SV_s1,SV,GPU0,npu,NAIVE,14.942935358802812,14.942938127668452,2.7688656416557933e-06,1072,0,1,1,weights_on_pim_prefill-1024xdecode_64_ops_trace.csv,2.7688656416557933e-06,2.7688656416557933e-06,6.718094647071836e-06,3.9492290054160426e-06,2.42629853395645,0
decode,L1_O_s0,O,PIM0,pim,NAIVE,14.942938491281772,14.942971940956088,3.344967431573309e-05,1073,0,1,0,weights_on_pim_prefill-1024xdecode_64_ops_trace.csv,3.344967431573309e-05,3.344967431573309e-05,4.067453951767392e-06,-2.93822203639657e-05,0.12159920940857295,0
decode,L1_O_s1,O,PIM1,pim,NAIVE,14.942941260147414,14.94297470982173,3.344967431573309e-05,1074,0,1,1,weights_on_pim_prefill-1024xdecode_64_ops_trace.csv,3.344967431573309e-05,3.344967431573309e-05,4.0674539517673915e-06,-2.93822203639657e-05,0.12159920940857293,0
decode,L1_AllReduce_O,ALLREDUCE,COMM,comm,COMM,14.94297470982173,14.942976736379652,2.026557922363281e-06,1075,0,1,-1,weights_on_pim_prefill-1024xdecode_64_ops_trace.csv,2.026557922363281e-06,2.026557922363281e-06,2.026557922363281e-06,0.0,1.0,0
decode,L1_Add1,Add,GPU0,npu,NAIVE,14.94298184562883,14.942988785035798,6.939406967276796e-06,1076,0,1,-1,weights_on_pim_prefill-1024xdecode_64_ops_trace.csv,6.939406967276796e-06,6.939406967276796e-06,1.6837072951230866e-05,9.897665983954071e-06,2.4262985339564502,0
decode,L1_LN2,LN,GPU0,npu,NAIVE,14.942988785035798,14.943024094640442,3.530960464459554e-05,1077,0,1,-1,weights_on_pim_prefill-1024xdecode_64_ops_trace.csv,3.530960464459554e-05,3.530960464459554e-05,8.567164198376401e-05,5.0362037339168477e-05,2.4262985339564502,0
decode,L1_FFN_W1_s0,FFN_W1,PIM0,pim,NAIVE,14.943029059598365,14.94312528659809,9.622699972489102e-05,1078,0,1,0,weights_on_pim_prefill-1024xdecode_64_ops_trace.csv,9.622699972489102e-05,9.622699972489102e-05,1.1701127090305714e-05,-8.45258726345853e-05,0.12159920940857295,0
decode,L1_FFN_W3_s0,FFN_W3,PIM1,pim,NAIVE,14.943029059598365,14.94311879059809,8.973099972564569e-05,1079,0,1,0,weights_on_pim_prefill-1024xdecode_64_ops_trace.csv,8.973099972564569e-05,8.973099972564569e-05,1.091121862607939e-05,-7.88197810995663e-05,0.12159920940857293,0
decode,L1_FFN_W1_s1,FFN_W1,PIM1,pim,NAIVE,14.94311879059809,14.943215017597815,9.622699972489102e-05,1080,0,1,1,weights_on_pim_prefill-1024xdecode_64_ops_trace.csv,9.622699972489102e-05,9.622699972489102e-05,1.1701127090305712e-05,-8.45258726345853e-05,0.12159920940857293,0
decode,L1_FFN_W3_s1,FFN_W3,PIM0,pim,NAIVE,14.94312528659809,14.943215017597815,8.973099972564569e-05,1081,0,1,1,weights_on_pim_prefill-1024xdecode_64_ops_trace.csv,8.973099972564569e-05,8.973099972564569e-05,1.0911218626079391e-05,-7.88197810995663e-05,0.12159920940857294,0
decode,L1_SwiGLU_s0,SwiGLU,GPU0,npu,NAIVE,14.943131526385296,14.943138746525907,7.220140611607917e-06,1082,0,1,0,weights_on_pim_prefill-1024xdecode_64_ops_trace.csv,7.220140611607917e-06,7.220140611607917e-06,1.7518216580903718e-05,1.0298075969295801e-05,2.4262985339564502,0
decode,L1_SwiGLU_s1,SwiGLU,GPU0,npu,NAIVE,14.943221257385025,14.943228477525636,7.220140611607917e-06,1083,0,1,1,weights_on_pim_prefill-1024xdecode_64_ops_trace.csv,7.220140611607917e-06,7.220140611607917e-06,1.7518216580903718e-05,1.0298075969295801e-05,2.4262985339564502,0
decode,L1_FFN_W2_s0,FFN_W2,PIM0,pim,NAIVE,14.943215017597815,14.94330930859754,9.429099972457776e-05,1084,0,1,0,weights_on_pim_prefill-1024xdecode_64_ops_trace.csv,9.429099972457776e-05,9.429099972457776e-05,1.1465711020852624e-05,-8.282528870372513e-05,0.12159920940857294,0
decode,L1_FFN_W2_s1,FFN_W2,PIM1,pim,NAIVE,14.943234702312845,14.943328993312567,9.429099972457776e-05,1085,0,1,1,weights_on_pim_prefill-1024xdecode_64_ops_trace.csv,9.429099972457776e-05,9.429099972457776e-05,1.1465711020852624e-05,-8.282528870372513e-05,0.12159920940857294,0
decode,L1_AllReduce_FFN,ALLREDUCE,COMM,comm,COMM,14.943328993312567,14.94333101987049,2.026557922363281e-06,1086,0,1,-1,weights_on_pim_prefill-1024xdecode_64_ops_trace.csv,2.026557922363281e-06,2.026557922363281e-06,2.026557922363281e-06,0.0,1.0,0
decode,L1_Add2,Add,GPU0,npu,NAIVE,14.943336129119668,14.943343068526636,6.939406967276796e-06,1087,0,1,-1,weights_on_pim_prefill-1024xdecode_64_ops_trace.csv,6.939406967276796e-06,6.939406967276796e-06,1.6837072951230866e-05,9.897665983954071e-06,2.4262985339564502,0
decode,L2_LN,LN,GPU0,npu,NAIVE,14.943343068526636,14.94337837813128,3.530960464459554e-05,1088,0,2,-1,weights_on_pim_prefill-1024xdecode_64_ops_trace.csv,3.530960464459554e-05,3.530960464459554e-05,8.567164198376401e-05,5.0362037339168477e-05,2.4262985339564502,0
decode,L2_Q_s0,Q,PIM0,pim,NAIVE,14.943383343089202,14.94341972076352,3.637767431641237e-05,1089,0,2,0,weights_on_pim_prefill-1024xdecode_64_ops_trace.csv,3.637767431641237e-05,3.637767431641237e-05,4.423496436998293e-06,-3.195417787941407e-05,0.12159920940857294,0
decode,L2_K_s0,K,PIM0,pim,NAIVE,14.94341972076352,14.943456098437837,3.637767431641237e-05,1090,0,2,0,weights_on_pim_prefill-1024xdecode_64_ops_trace.csv,3.637767431641237e-05,3.637767431641237e-05,4.423496436998293e-06,-3.195417787941407e-05,0.12159920940857294,0
decode,L2_V_s0,V,PIM0,pim,NAIVE,14.943456098437837,14.943492476112151,3.637767431641237e-05,1091,0,2,0,weights_on_pim_prefill-1024xdecode_64_ops_trace.csv,3.637767431641237e-05,3.637767431641237e-05,4.423496436998293e-06,-3.195417787941407e-05,0.12159920940857294,0
decode,L2_Q_s1,Q,PIM1,pim,NAIVE,14.943383343089202,14.94341972076352,3.637767431641237e-05,1092,0,2,1,weights_on_pim_prefill-1024xdecode_64_ops_trace.csv,3.637767431641237e-05,3.637767431641237e-05,4.423496436998292e-06,-3.195417787941408e-05,0.12159920940857293,0
decode,L2_K_s1,K,PIM1,pim,NAIVE,14.94341972076352,14.943456098437837,3.637767431641237e-05,1093,0,2,1,weights_on_pim_prefill-1024xdecode_64_ops_trace.csv,3.637767431641237e-05,3.637767431641237e-05,4.423496436998292e-06,-3.195417787941408e-05,0.12159920940857293,0
decode,L2_V_s1,V,PIM1,pim,NAIVE,14.943456098437837,14.943492476112151,3.637767431641237e-05,1094,0,2,1,weights_on_pim_prefill-1024xdecode_64_ops_trace.csv,3.637767431641237e-05,3.637767431641237e-05,4.423496436998292e-06,-3.195417787941408e-05,0.12159920940857293,0
decode,L2_K_write_s0,K_write,PIM0,pim,NAIVE,14.943492476112151,14.943492506112152,3.000000070585429e-08,1095,0,2,0,weights_on_pim_prefill-1024xdecode_64_ops_trace.csv,3.000000070585429e-08,3.000000070585429e-08,3.000000070585429e-08,0.0,1.0,0
decode,L2_QK_s0,QK,GPU0,npu,NAIVE,14.944815344035067,14.94481811290071,2.7688656416557933e-06,1096,0,2,0,weights_on_pim_prefill-1024xdecode_64_ops_trace.csv,2.7688656416557933e-06,2.7688656416557933e-06,6.718094647071836e-06,3.9492290054160426e-06,2.42629853395645,0
decode,L2_V_write_s0,V_write,PIM0,pim,NAIVE,14.943497626112151,14.943497656112154,3.000000070585429e-08,1097,0,2,0,weights_on_pim_prefill-1024xdecode_64_ops_trace.csv,3.000000070585429e-08,3.000000070585429e-08,3.000000070585429e-08,0.0,1.0,0
decode,L2_K_write_s1,K_write,PIM1,pim,NAIVE,14.943492476112151,14.943492506112152,3.000000070585429e-08,1098,0,2,1,weights_on_pim_prefill-1024xdecode_64_ops_trace.csv,3.000000070585429e-08,3.000000070585429e-08,3.000000070585429e-08,0.0,1.0,0
decode,L2_QK_s1,QK,GPU0,npu,NAIVE,14.94481811290071,14.944820881766352,2.7688656416557933e-06,1099,0,2,1,weights_on_pim_prefill-1024xdecode_64_ops_trace.csv,2.7688656416557933e-06,2.7688656416557933e-06,6.718094647071836e-06,3.9492290054160426e-06,2.42629853395645,0
decode,L2_V_write_s1,V_write,PIM1,pim,NAIVE,14.943497626112151,14.943497656112154,3.000000070585429e-08,1100,0,2,1,weights_on_pim_prefill-1024xdecode_64_ops_trace.csv,3.000000070585429e-08,3.000000070585429e-08,3.000000070585429e-08,0.0,1.0,0
decode,L2_Softmax_s0,Softmax,GPU0,npu,NAIVE,14.944820881766352,14.944821120184931,2.384185791015625e-07,1101,0,2,0,weights_on_pim_prefill-1024xdecode_64_ops_trace.csv,2.384185791015625e-07,2.384185791015625e-07,5.784746489421011e-07,3.4005606984053856e-07,2.4262985339564502,0
decode,L2_Softmax_s1,Softmax,GPU0,npu,NAIVE,14.944821120184931,14.94482135860351,2.384185791015625e-07,1102,0,2,1,weights_on_pim_prefill-1024xdecode_64_ops_trace.csv,2.384185791015625e-07,2.384185791015625e-07,5.784746489421011e-07,3.4005606984053856e-07,2.4262985339564502,0
decode,L2_SV_s0,SV,GPU0,npu,NAIVE,14.946143958107848,14.94614672697349,2.7688656416557933e-06,1103,0,2,0,weights_on_pim_prefill-1024xdecode_64_ops_trace.csv,2.7688656416557933e-06,2.7688656416557933e-06,6.718094647071836e-06,3.9492290054160426e-06,2.42629853395645,0
decode,L2_SV_s1,SV,GPU0,npu,NAIVE,14.94614672697349,14.946149495839132,2.7688656416557933e-06,1104,0,2,1,weights_on_pim_prefill-1024xdecode_64_ops_trace.csv,2.7688656416557933e-06,2.7688656416557933e-06,6.718094647071836e-06,3.9492290054160426e-06,2.42629853395645,0
decode,L2_O_s0,O,PIM0,pim,NAIVE,14.94614985945245,14.946183309126766,3.344967431573309e-05,1105,0,2,0,weights_on_pim_prefill-1024xdecode_64_ops_trace.csv,3.344967431573309e-05,3.344967431573309e-05,4.067453951767392e-06,-2.93822203639657e-05,0.12159920940857295,0
decode,L2_O_s1,O,PIM1,pim,NAIVE,14.946152628318092,14.946186077992408,3.344967431573309e-05,1106,0,2,1,weights_on_pim_prefill-1024xdecode_64_ops_trace.csv,3.344967431573309e-05,3.344967431573309e-05,4.0674539517673915e-06,-2.93822203639657e-05,0.12159920940857293,0
decode,L2_AllReduce_O,ALLREDUCE,COMM,comm,COMM,14.946186077992408,14.94618810455033,2.026557922363281e-06,1107,0,2,-1,weights_on_pim_prefill-1024xdecode_64_ops_trace.csv,2.026557922363281e-06,2.026557922363281e-06,2.026557922363281e-06,0.0,1.0,0
decode,L2_Add1,Add,GPU0,npu,NAIVE,14.946193213799509,14.946200153206476,6.939406967276796e-06,1108,0,2,-1,weights_on_pim_prefill-1024xdecode_64_ops_trace.csv,6.939406967276796e-06,6.939406967276796e-06,1.6837072951230866e-05,9.897665983954071e-06,2.4262985339564502,0
decode,L2_LN2,LN,GPU0,npu,NAIVE,14.946200153206476,14.94623546281112,3.530960464459554e-05,1109,0,2,-1,weights_on_pim_prefill-1024xdecode_64_ops_trace.csv,3.530960464459554e-05,3.530960464459554e-05,8.567164198376401e-05,5.0362037339168477e-05,2.4262985339564502,0
decode,L2_FFN_W1_s0,FFN_W1,PIM0,pim,NAIVE,14.946240427769045,14.946336654768768,9.622699972489102e-05,1110,0,2,0,weights_on_pim_prefill-1024xdecode_64_ops_trace.csv,9.622699972489102e-05,9.622699972489102e-05,1.1701127090305714e-05,-8.45258726345853e-05,0.12159920940857295,0
decode,L2_FFN_W3_s0,FFN_W3,PIM1,pim,NAIVE,14.946240427769045,14.946330158768768,8.973099972564569e-05,1111,0,2,0,weights_on_pim_prefill-1024xdecode_64_ops_trace.csv,8.973099972564569e-05,8.973099972564569e-05,1.091121862607939e-05,-7.88197810995663e-05,0.12159920940857293,0
decode,L2_FFN_W1_s1,FFN_W1,PIM1,pim,NAIVE,14.946330158768768,14.946426385768492,9.622699972489102e-05,1112,0,2,1,weights_on_pim_prefill-1024xdecode_64_ops_trace.csv,9.622699972489102e-05,9.622699972489102e-05,1.1701127090305712e-05,-8.45258726345853e-05,0.12159920940857293,0
decode,L2_FFN_W3_s1,FFN_W3,PIM0,pim,NAIVE,14.946336654768768,14.946426385768492,8.973099972564569e-05,1113,0,2,1,weights_on_pim_prefill-1024xdecode_64_ops_trace.csv,8.973099972564569e-05,8.973099972564569e-05,1.0911218626079391e-05,-7.88197810995663e-05,0.12159920940857294,0
decode,L2_SwiGLU_s0,SwiGLU,GPU0,npu,NAIVE,14.946342894555976,14.946350114696587,7.220140611607917e-06,1114,0,2,0,weights_on_pim_prefill-1024xdecode_64_ops_trace.csv,7.220140611607917e-06,7.220140611607917e-06,1.7518216580903718e-05,1.0298075969295801e-05,2.4262985339564502,0
decode,L2_SwiGLU_s1,SwiGLU,GPU0,npu,NAIVE,14.9464326255557,14.946439845696313,7.220140611607917e-06,1115,0,2,1,weights_on_pim_prefill-1024xdecode_64_ops_trace.csv,7.220140611607917e-06,7.220140611607917e-06,1.7518216580903718e-05,1.0298075969295801e-05,2.4262985339564502,0
decode,L2_FFN_W2_s0,FFN_W2,PIM0,pim,NAIVE,14.946426385768492,14.946520676768218,9.429099972457776e-05,1116,0,2,0,weights_on_pim_prefill-1024xdecode_64_ops_trace.csv,9.429099972457776e-05,9.429099972457776e-05,1.1465711020852624e-05,-8.282528870372513e-05,0.12159920940857294,0
decode,L2_FFN_W2_s1,FFN_W2,PIM1,pim,NAIVE,14.94644607048352,14.946540361483246,9.429099972457776e-05,1117,0,2,1,weights_on_pim_prefill-1024xdecode_64_ops_trace.csv,9.429099972457776e-05,9.429099972457776e-05,1.1465711020852624e-05,-8.282528870372513e-05,0.12159920940857294,0
decode,L2_AllReduce_FFN,ALLREDUCE,COMM,comm,COMM,14.946540361483246,14.946542388041168,2.026557922363281e-06,1118,0,2,-1,weights_on_pim_prefill-1024xdecode_64_ops_trace.csv,2.026557922363281e-06,2.026557922363281e-06,2.026557922363281e-06,0.0,1.0,0
decode,L2_Add2,Add,GPU0,npu,NAIVE,14.946547497290346,14.946554436697314,6.939406967276796e-06,1119,0,2,-1,weights_on_pim_prefill-1024xdecode_64_ops_trace.csv,6.939406967276796e-06,6.939406967276796e-06,1.6837072951230866e-05,9.897665983954071e-06,2.4262985339564502,0
decode,L3_LN,LN,GPU0,npu,NAIVE,14.946554436697314,14.946589746301958,3.530960464459554e-05,1120,0,3,-1,weights_on_pim_prefill-1024xdecode_64_ops_trace.csv,3.530960464459554e-05,3.530960464459554e-05,8.567164198376401e-05,5.0362037339168477e-05,2.4262985339564502,0
decode,L3_Q_s0,Q,PIM0,pim,NAIVE,14.94659471125988,14.946631088934195,3.637767431641237e-05,1121,0,3,0,weights_on_pim_prefill-1024xdecode_64_ops_trace.csv,3.637767431641237e-05,3.637767431641237e-05,4.423496436998293e-06,-3.195417787941407e-05,0.12159920940857294,0
decode,L3_K_s0,K,PIM0,pim,NAIVE,14.946631088934195,14.946667466608512,3.637767431641237e-05,1122,0,3,0,weights_on_pim_prefill-1024xdecode_64_ops_trace.csv,3.637767431641237e-05,3.637767431641237e-05,4.423496436998293e-06,-3.195417787941407e-05,0.12159920940857294,0
decode,L3_V_s0,V,PIM0,pim,NAIVE,14.946667466608512,14.94670384428283,3.637767431641237e-05,1123,0,3,0,weights_on_pim_prefill-1024xdecode_64_ops_trace.csv,3.637767431641237e-05,3.637767431641237e-05,4.423496436998293e-06,-3.195417787941407e-05,0.12159920940857294,0
decode,L3_Q_s1,Q,PIM1,pim,NAIVE,14.94659471125988,14.946631088934195,3.637767431641237e-05,1124,0,3,1,weights_on_pim_prefill-1024xdecode_64_ops_trace.csv,3.637767431641237e-05,3.637767431641237e-05,4.423496436998292e-06,-3.195417787941408e-05,0.12159920940857293,0
decode,L3_K_s1,K,PIM1,pim,NAIVE,14.946631088934195,14.946667466608512,3.637767431641237e-05,1125,0,3,1,weights_on_pim_prefill-1024xdecode_64_ops_trace.csv,3.637767431641237e-05,3.637767431641237e-05,4.423496436998292e-06,-3.195417787941408e-05,0.12159920940857293,0
decode,L3_V_s1,V,PIM1,pim,NAIVE,14.946667466608512,14.94670384428283,3.637767431641237e-05,1126,0,3,1,weights_on_pim_prefill-1024xdecode_64_ops_trace.csv,3.637767431641237e-05,3.637767431641237e-05,4.423496436998292e-06,-3.195417787941408e-05,0.12159920940857293,0
decode,L3_K_write_s0,K_write,PIM0,pim,NAIVE,14.94670384428283,14.94670387428283,3.000000070585429e-08,1127,0,3,0,weights_on_pim_prefill-1024xdecode_64_ops_trace.csv,3.000000070585429e-08,3.000000070585429e-08,3.000000070585429e-08,0.0,1.0,0
decode,L3_QK_s0,QK,GPU0,npu,NAIVE,14.948026712205747,14.948029481071387,2.7688656416557933e-06,1128,0,3,0,weights_on_pim_prefill-1024xdecode_64_ops_trace.csv,2.7688656416557933e-06,2.7688656416557933e-06,6.718094647071836e-06,3.9492290054160426e-06,2.42629853395645,0
decode,L3_V_write_s0,V_write,PIM0,pim,NAIVE,14.946708994282831,14.946709024282832,3.000000070585429e-08,1129,0,3,0,weights_on_pim_prefill-1024xdecode_64_ops_trace.csv,3.000000070585429e-08,3.000000070585429e-08,3.000000070585429e-08,0.0,1.0,0
decode,L3_K_write_s1,K_write,PIM1,pim,NAIVE,14.94670384428283,14.94670387428283,3.000000070585429e-08,1130,0,3,1,weights_on_pim_prefill-1024xdecode_64_ops_trace.csv,3.000000070585429e-08,3.000000070585429e-08,3.000000070585429e-08,0.0,1.0,0
decode,L3_QK_s1,QK,GPU0,npu,NAIVE,14.948029481071387,14.94803224993703,2.7688656416557933e-06,1131,0,3,1,weights_on_pim_prefill-1024xdecode_64_ops_trace.csv,2.7688656416557933e-06,2.7688656416557933e-06,6.718094647071836e-06,3.9492290054160426e-06,2.42629853395645,0
decode,L3_V_write_s1,V_write,PIM1,pim,NAIVE,14.946708994282831,14.946709024282832,3.000000070585429e-08,1132,0,3,1,weights_on_pim_prefill-1024xdecode_64_ops_trace.csv,3.000000070585429e-08,3.000000070585429e-08,3.000000070585429e-08,0.0,1.0,0
decode,L3_Softmax_s0,Softmax,GPU0,npu,NAIVE,14.94803224993703,14.94803248835561,2.384185791015625e-07,1133,0,3,0,weights_on_pim_prefill-1024xdecode_64_ops_trace.csv,2.384185791015625e-07,2.384185791015625e-07,5.784746489421011e-07,3.4005606984053856e-07,2.4262985339564502,0
decode,L3_Softmax_s1,Softmax,GPU0,npu,NAIVE,14.94803248835561,14.948032726774189,2.384185791015625e-07,1134,0,3,1,weights_on_pim_prefill-1024xdecode_64_ops_trace.csv,2.384185791015625e-07,2.384185791015625e-07,5.784746489421011e-07,3.4005606984053856e-07,2.4262985339564502,0
decode,L3_SV_s0,SV,GPU0,npu,NAIVE,14.949355326278528,14.949358095144168,2.7688656416557933e-06,1135,0,3,0,weights_on_pim_prefill-1024xdecode_64_ops_trace.csv,2.7688656416557933e-06,2.7688656416557933e-06,6.718094647071836e-06,3.9492290054160426e-06,2.42629853395645,0
decode,L3_SV_s1,SV,GPU0,npu,NAIVE,14.949358095144168,14.94936086400981,2.7688656416557933e-06,1136,0,3,1,weights_on_pim_prefill-1024xdecode_64_ops_trace.csv,2.7688656416557933e-06,2.7688656416557933e-06,6.718094647071836e-06,3.9492290054160426e-06,2.42629853395645,0
decode,L3_O_s0,O,PIM0,pim,NAIVE,14.949361227623127,14.949394677297445,3.344967431573309e-05,1137,0,3,0,weights_on_pim_prefill-1024xdecode_64_ops_trace.csv,3.344967431573309e-05,3.344967431573309e-05,4.067453951767392e-06,-2.93822203639657e-05,0.12159920940857295,0
decode,L3_O_s1,O,PIM1,pim,NAIVE,14.94936399648877,14.949397446163086,3.344967431573309e-05,1138,0,3,1,weights_on_pim_prefill-1024xdecode_64_ops_trace.csv,3.344967431573309e-05,3.344967431573309e-05,4.0674539517673915e-06,-2.93822203639657e-05,0.12159920940857293,0
decode,L3_AllReduce_O,ALLREDUCE,COMM,comm,COMM,14.949397446163086,14.949399472721009,2.026557922363281e-06,1139,0,3,-1,weights_on_pim_prefill-1024xdecode_64_ops_trace.csv,2.026557922363281e-06,2.026557922363281e-06,2.026557922363281e-06,0.0,1.0,0
decode,L3_Add1,Add,GPU0,npu,NAIVE,14.949404581970189,14.949411521377154,6.939406967276796e-06,1140,0,3,-1,weights_on_pim_prefill-1024xdecode_64_ops_trace.csv,6.939406967276796e-06,6.939406967276796e-06,1.6837072951230866e-05,9.897665983954071e-06,2.4262985339564502,0
decode,L3_LN2,LN,GPU0,npu,NAIVE,14.949411521377154,14.9494468309818,3.530960464459554e-05,1141,0,3,-1,weights_on_pim_prefill-1024xdecode_64_ops_trace.csv,3.530960464459554e-05,3.530960464459554e-05,8.567164198376401e-05,5.0362037339168477e-05,2.4262985339564502,0
decode,L3_FFN_W1_s0,FFN_W1,PIM0,pim,NAIVE,14.94945179593972,14.949548022939446,9.622699972489102e-05,1142,0,3,0,weights_on_pim_prefill-1024xdecode_64_ops_trace.csv,9.622699972489102e-05,9.622699972489102e-05,1.1701127090305714e-05,-8.45258726345853e-05,0.12159920940857295,0
decode,L3_FFN_W3_s0,FFN_W3,PIM1,pim,NAIVE,14.94945179593972,14.949541526939448,8.973099972564569e-05,1143,0,3,0,weights_on_pim_prefill-1024xdecode_64_ops_trace.csv,8.973099972564569e-05,8.973099972564569e-05,1.091121862607939e-05,-7.88197810995663e-05,0.12159920940857293,0
decode,L3_FFN_W1_s1,FFN_W1,PIM1,pim,NAIVE,14.949541526939448,14.949637753939172,9.622699972489102e-05,1144,0,3,1,weights_on_pim_prefill-1024xdecode_64_ops_trace.csv,9.622699972489102e-05,9.622699972489102e-05,1.1701127090305712e-05,-8.45258726345853e-05,0.12159920940857293,0
decode,L3_FFN_W3_s1,FFN_W3,PIM0,pim,NAIVE,14.949548022939446,14.949637753939172,8.973099972564569e-05,1145,0,3,1,weights_on_pim_prefill-1024xdecode_64_ops_trace.csv,8.973099972564569e-05,8.973099972564569e-05,1.0911218626079391e-05,-7.88197810995663e-05,0.12159920940857294,0
decode,L3_SwiGLU_s0,SwiGLU,GPU0,npu,NAIVE,14.949554262726654,14.949561482867264,7.220140611607917e-06,1146,0,3,0,weights_on_pim_prefill-1024xdecode_64_ops_trace.csv,7.220140611607917e-06,7.220140611607917e-06,1.7518216580903718e-05,1.0298075969295801e-05,2.4262985339564502,0
decode,L3_SwiGLU_s1,SwiGLU,GPU0,npu,NAIVE,14.94964399372638,14.949651213866993,7.220140611607917e-06,1147,0,3,1,weights_on_pim_prefill-1024xdecode_64_ops_trace.csv,7.220140611607917e-06,7.220140611607917e-06,1.7518216580903718e-05,1.0298075969295801e-05,2.4262985339564502,0
decode,L3_FFN_W2_s0,FFN_W2,PIM0,pim,NAIVE,14.949637753939172,14.949732044938896,9.429099972457776e-05,1148,0,3,0,weights_on_pim_prefill-1024xdecode_64_ops_trace.csv,9.429099972457776e-05,9.429099972457776e-05,1.1465711020852624e-05,-8.282528870372513e-05,0.12159920940857294,0
decode,L3_FFN_W2_s1,FFN_W2,PIM1,pim,NAIVE,14.9496574386542,14.949751729653924,9.429099972457776e-05,1149,0,3,1,weights_on_pim_prefill-1024xdecode_64_ops_trace.csv,9.429099972457776e-05,9.429099972457776e-05,1.1465711020852624e-05,-8.282528870372513e-05,0.12159920940857294,0
decode,L3_AllReduce_FFN,ALLREDUCE,COMM,comm,COMM,14.949751729653924,14.949753756211846,2.026557922363281e-06,1150,0,3,-1,weights_on_pim_prefill-1024xdecode_64_ops_trace.csv,2.026557922363281e-06,2.026557922363281e-06,2.026557922363281e-06,0.0,1.0,0
decode,L3_Add2,Add,GPU0,npu,NAIVE,14.949758865461025,14.949765804867992,6.939406967276796e-06,1151,0,3,-1,weights_on_pim_prefill-1024xdecode_64_ops_trace.csv,6.939406967276796e-06,6.939406967276796e-06,1.6837072951230866e-05,9.897665983954071e-06,2.4262985339564502,0
decode,L4_LN,LN,GPU0,npu,NAIVE,14.949765804867992,14.949801114472637,3.530960464459554e-05,1152,0,4,-1,weights_on_pim_prefill-1024xdecode_64_ops_trace.csv,3.530960464459554e-05,3.530960464459554e-05,8.567164198376401e-05,5.0362037339168477e-05,2.4262985339564502,0
decode,L4_Q_s0,Q,PIM0,pim,NAIVE,14.94980607943056,14.949842457104875,3.637767431641237e-05,1153,0,4,0,weights_on_pim_prefill-1024xdecode_64_ops_trace.csv,3.637767431641237e-05,3.637767431641237e-05,4.423496436998293e-06,-3.195417787941407e-05,0.12159920940857294,0
decode,L4_K_s0,K,PIM0,pim,NAIVE,14.949842457104875,14.949878834779192,3.637767431641237e-05,1154,0,4,0,weights_on_pim_prefill-1024xdecode_64_ops_trace.csv,3.637767431641237e-05,3.637767431641237e-05,4.423496436998293e-06,-3.195417787941407e-05,0.12159920940857294,0
decode,L4_V_s0,V,PIM0,pim,NAIVE,14.949878834779192,14.949915212453508,3.637767431641237e-05,1155,0,4,0,weights_on_pim_prefill-1024xdecode_64_ops_trace.csv,3.637767431641237e-05,3.637767431641237e-05,4.423496436998293e-06,-3.195417787941407e-05,0.12159920940857294,0
decode,L4_Q_s1,Q,PIM1,pim,NAIVE,14.94980607943056,14.949842457104875,3.637767431641237e-05,1156,0,4,1,weights_on_pim_prefill-1024xdecode_64_ops_trace.csv,3.637767431641237e-05,3.637767431641237e-05,4.423496436998292e-06,-3.195417787941408e-05,0.12159920940857293,0
decode,L4_K_s1,K,PIM1,pim,NAIVE,14.949842457104875,14.949878834779192,3.637767431641237e-05,1157,0,4,1,weights_on_pim_prefill-1024xdecode_64_ops_trace.csv,3.637767431641237e-05,3.637767431641237e-05,4.423496436998292e-06,-3.195417787941408e-05,0.12159920940857293,0
decode,L4_V_s1,V,PIM1,pim,NAIVE,14.949878834779192,14.949915212453508,3.637767431641237e-05,1158,0,4,1,weights_on_pim_prefill-1024xdecode_64_ops_trace.csv,3.637767431641237e-05,3.637767431641237e-05,4.423496436998292e-06,-3.195417787941408e-05,0.12159920940857293,0
decode,L4_K_write_s0,K_write,PIM0,pim,NAIVE,14.949915212453508,14.949915242453509,3.000000070585429e-08,1159,0,4,0,weights_on_pim_prefill-1024xdecode_64_ops_trace.csv,3.000000070585429e-08,3.000000070585429e-08,3.000000070585429e-08,0.0,1.0,0
decode,L4_QK_s0,QK,GPU0,npu,NAIVE,14.951238080376426,14.951240849242067,2.7688656416557933e-06,1160,0,4,0,weights_on_pim_prefill-1024xdecode_64_ops_trace.csv,2.7688656416557933e-06,2.7688656416557933e-06,6.718094647071836e-06,3.9492290054160426e-06,2.42629853395645,0
decode,L4_V_write_s0,V_write,PIM0,pim,NAIVE,14.94992036245351,14.94992039245351,3.000000070585429e-08,1161,0,4,0,weights_on_pim_prefill-1024xdecode_64_ops_trace.csv,3.000000070585429e-08,3.000000070585429e-08,3.000000070585429e-08,0.0,1.0,0
decode,L4_K_write_s1,K_write,PIM1,pim,NAIVE,14.949915212453508,14.949915242453509,3.000000070585429e-08,1162,0,4,1,weights_on_pim_prefill-1024xdecode_64_ops_trace.csv,3.000000070585429e-08,3.000000070585429e-08,3.000000070585429e-08,0.0,1.0,0
decode,L4_QK_s1,QK,GPU0,npu,NAIVE,14.951240849242067,14.951243618107709,2.7688656416557933e-06,1163,0,4,1,weights_on_pim_prefill-1024xdecode_64_ops_trace.csv,2.7688656416557933e-06,2.7688656416557933e-06,6.718094647071836e-06,3.9492290054160426e-06,2.42629853395645,0
decode,L4_V_write_s1,V_write,PIM1,pim,NAIVE,14.94992036245351,14.94992039245351,3.000000070585429e-08,1164,0,4,1,weights_on_pim_prefill-1024xdecode_64_ops_trace.csv,3.000000070585429e-08,3.000000070585429e-08,3.000000070585429e-08,0.0,1.0,0
decode,L4_Softmax_s0,Softmax,GPU0,npu,NAIVE,14.951243618107709,14.951243856526288,2.384185791015625e-07,1165,0,4,0,weights_on_pim_prefill-1024xdecode_64_ops_trace.csv,2.384185791015625e-07,2.384185791015625e-07,5.784746489421011e-07,3.4005606984053856e-07,2.4262985339564502,0
decode,L4_Softmax_s1,Softmax,GPU0,npu,NAIVE,14.951243856526288,14.951244094944869,2.384185791015625e-07,1166,0,4,1,weights_on_pim_prefill-1024xdecode_64_ops_trace.csv,2.384185791015625e-07,2.384185791015625e-07,5.784746489421011e-07,3.4005606984053856e-07,2.4262985339564502,0
decode,L4_SV_s0,SV,GPU0,npu,NAIVE,14.952566694449205,14.952569463314846,2.7688656416557933e-06,1167,0,4,0,weights_on_pim_prefill-1024xdecode_64_ops_trace.csv,2.7688656416557933e-06,2.7688656416557933e-06,6.718094647071836e-06,3.9492290054160426e-06,2.42629853395645,0
decode,L4_SV_s1,SV,GPU0,npu,NAIVE,14.952569463314846,14.952572232180488,2.7688656416557933e-06,1168,0,4,1,weights_on_pim_prefill-1024xdecode_64_ops_trace.csv,2.7688656416557933e-06,2.7688656416557933e-06,6.718094647071836e-06,3.9492290054160426e-06,2.42629853395645,0
decode,L4_O_s0,O,PIM0,pim,NAIVE,14.952572595793807,14.952606045468125,3.344967431573309e-05,1169,0,4,0,weights_on_pim_prefill-1024xdecode_64_ops_trace.csv,3.344967431573309e-05,3.344967431573309e-05,4.067453951767392e-06,-2.93822203639657e-05,0.12159920940857295,0
decode,L4_O_s1,O,PIM1,pim,NAIVE,14.952575364659449,14.952608814333765,3.344967431573309e-05,1170,0,4,1,weights_on_pim_prefill-1024xdecode_64_ops_trace.csv,3.344967431573309e-05,3.344967431573309e-05,4.0674539517673915e-06,-2.93822203639657e-05,0.12159920940857293,0
decode,L4_AllReduce_O,ALLREDUCE,COMM,comm,COMM,14.952608814333765,14.952610840891689,2.026557922363281e-06,1171,0,4,-1,weights_on_pim_prefill-1024xdecode_64_ops_trace.csv,2.026557922363281e-06,2.026557922363281e-06,2.026557922363281e-06,0.0,1.0,0
decode,L4_Add1,Add,GPU0,npu,NAIVE,14.952615950140864,14.952622889547833,6.939406967276796e-06,1172,0,4,-1,weights_on_pim_prefill-1024xdecode_64_ops_trace.csv,6.939406967276796e-06,6.939406967276796e-06,1.6837072951230866e-05,9.897665983954071e-06,2.4262985339564502,0
decode,L4_LN2,LN,GPU0,npu,NAIVE,14.952622889547833,14.952658199152475,3.530960464459554e-05,1173,0,4,-1,weights_on_pim_prefill-1024xdecode_64_ops_trace.csv,3.530960464459554e-05,3.530960464459554e-05,8.567164198376401e-05,5.0362037339168477e-05,2.4262985339564502,0
decode,L4_FFN_W1_s0,FFN_W1,PIM0,pim,NAIVE,14.9526631641104,14.952759391110124,9.622699972489102e-05,1174,0,4,0,weights_on_pim_prefill-1024xdecode_64_ops_trace.csv,9.622699972489102e-05,9.622699972489102e-05,1.1701127090305714e-05,-8.45258726345853e-05,0.12159920940857295,0
decode,L4_FFN_W3_s0,FFN_W3,PIM1,pim,NAIVE,14.9526631641104,14.952752895110123,8.973099972564569e-05,1175,0,4,0,weights_on_pim_prefill-1024xdecode_64_ops_trace.csv,8.973099972564569e-05,8.973099972564569e-05,1.091121862607939e-05,-7.88197810995663e-05,0.12159920940857293,0
decode,L4_FFN_W1_s1,FFN_W1,PIM1,pim,NAIVE,14.952752895110123,14.95284912210985,9.622699972489102e-05,1176,0,4,1,weights_on_pim_prefill-1024xdecode_64_ops_trace.csv,9.622699972489102e-05,9.622699972489102e-05,1.1701127090305712e-05,-8.45258726345853e-05,0.12159920940857293,0
decode,L4_FFN_W3_s1,FFN_W3,PIM0,pim,NAIVE,14.952759391110124,14.95284912210985,8.973099972564569e-05,1177,0,4,1,weights_on_pim_prefill-1024xdecode_64_ops_trace.csv,8.973099972564569e-05,8.973099972564569e-05,1.0911218626079391e-05,-7.88197810995663e-05,0.12159920940857294,0
decode,L4_SwiGLU_s0,SwiGLU,GPU0,npu,NAIVE,14.952765630897332,14.952772851037944,7.220140611607917e-06,1178,0,4,0,weights_on_pim_prefill-1024xdecode_64_ops_trace.csv,7.220140611607917e-06,7.220140611607917e-06,1.7518216580903718e-05,1.0298075969295801e-05,2.4262985339564502,0
decode,L4_SwiGLU_s1,SwiGLU,GPU0,npu,NAIVE,14.952855361897058,14.95286258203767,7.220140611607917e-06,1179,0,4,1,weights_on_pim_prefill-1024xdecode_64_ops_trace.csv,7.220140611607917e-06,7.220140611607917e-06,1.7518216580903718e-05,1.0298075969295801e-05,2.4262985339564502,0
decode,L4_FFN_W2_s0,FFN_W2,PIM0,pim,NAIVE,14.95284912210985,14.952943413109574,9.429099972457776e-05,1180,0,4,0,weights_on_pim_prefill-1024xdecode_64_ops_trace.csv,9.429099972457776e-05,9.429099972457776e-05,1.1465711020852624e-05,-8.282528870372513e-05,0.12159920940857294,0
decode,L4_FFN_W2_s1,FFN_W2,PIM1,pim,NAIVE,14.952868806824878,14.952963097824602,9.429099972457776e-05,1181,0,4,1,weights_on_pim_prefill-1024xdecode_64_ops_trace.csv,9.429099972457776e-05,9.429099972457776e-05,1.1465711020852624e-05,-8.282528870372513e-05,0.12159920940857294,0
decode,L4_AllReduce_FFN,ALLREDUCE,COMM,comm,COMM,14.952963097824602,14.952965124382525,2.026557922363281e-06,1182,0,4,-1,weights_on_pim_prefill-1024xdecode_64_ops_trace.csv,2.026557922363281e-06,2.026557922363281e-06,2.026557922363281e-06,0.0,1.0,0
decode,L4_Add2,Add,GPU0,npu,NAIVE,14.952970233631705,14.95297717303867,6.939406967276796e-06,1183,0,4,-1,weights_on_pim_prefill-1024xdecode_64_ops_trace.csv,6.939406967276796e-06,6.939406967276796e-06,1.6837072951230866e-05,9.897665983954071e-06,2.4262985339564502,0
decode,L5_LN,LN,GPU0,npu,NAIVE,14.95297717303867,14.953012482643317,3.530960464459554e-05,1184,0,5,-1,weights_on_pim_prefill-1024xdecode_64_ops_trace.csv,3.530960464459554e-05,3.530960464459554e-05,8.567164198376401e-05,5.0362037339168477e-05,2.4262985339564502,0
decode,L5_Q_s0,Q,PIM0,pim,NAIVE,14.953017447601235,14.953053825275552,3.637767431641237e-05,1185,0,5,0,weights_on_pim_prefill-1024xdecode_64_ops_trace.csv,3.637767431641237e-05,3.637767431641237e-05,4.423496436998293e-06,-3.195417787941407e-05,0.12159920940857294,0
decode,L5_K_s0,K,PIM0,pim,NAIVE,14.953053825275552,14.95309020294987,3.637767431641237e-05,1186,0,5,0,weights_on_pim_prefill-1024xdecode_64_ops_trace.csv,3.637767431641237e-05,3.637767431641237e-05,4.423496436998293e-06,-3.195417787941407e-05,0.12159920940857294,0
decode,L5_V_s0,V,PIM0,pim,NAIVE,14.95309020294987,14.953126580624186,3.637767431641237e-05,1187,0,5,0,weights_on_pim_prefill-1024xdecode_64_ops_trace.csv,3.637767431641237e-05,3.637767431641237e-05,4.423496436998293e-06,-3.195417787941407e-05,0.12159920940857294,0
decode,L5_Q_s1,Q,PIM1,pim,NAIVE,14.953017447601235,14.953053825275552,3.637767431641237e-05,1188,0,5,1,weights_on_pim_prefill-1024xdecode_64_ops_trace.csv,3.637767431641237e-05,3.637767431641237e-05,4.423496436998292e-06,-3.195417787941408e-05,0.12159920940857293,0
decode,L5_K_s1,K,PIM1,pim,NAIVE,14.953053825275552,14.95309020294987,3.637767431641237e-05,1189,0,5,1,weights_on_pim_prefill-1024xdecode_64_ops_trace.csv,3.637767431641237e-05,3.637767431641237e-05,4.423496436998292e-06,-3.195417787941408e-05,0.12159920940857293,0
decode,L5_V_s1,V,PIM1,pim,NAIVE,14.95309020294987,14.953126580624186,3.637767431641237e-05,1190,0,5,1,weights_on_pim_prefill-1024xdecode_64_ops_trace.csv,3.637767431641237e-05,3.637767431641237e-05,4.423496436998292e-06,-3.195417787941408e-05,0.12159920940857293,0
decode,L5_K_write_s0,K_write,PIM0,pim,NAIVE,14.953126580624186,14.953126610624189,3.000000070585429e-08,1191,0,5,0,weights_on_pim_prefill-1024xdecode_64_ops_trace.csv,3.000000070585429e-08,3.000000070585429e-08,3.000000070585429e-08,0.0,1.0,0
decode,L5_QK_s0,QK,GPU0,npu,NAIVE,14.954449448547104,14.954452217412744,2.7688656416557933e-06,1192,0,5,0,weights_on_pim_prefill-1024xdecode_64_ops_trace.csv,2.7688656416557933e-06,2.7688656416557933e-06,6.718094647071836e-06,3.9492290054160426e-06,2.42629853395645,0
decode,L5_V_write_s0,V_write,PIM0,pim,NAIVE,14.953131730624188,14.953131760624188,3.000000070585429e-08,1193,0,5,0,weights_on_pim_prefill-1024xdecode_64_ops_trace.csv,3.000000070585429e-08,3.000000070585429e-08,3.000000070585429e-08,0.0,1.0,0
decode,L5_K_write_s1,K_write,PIM1,pim,NAIVE,14.953126580624186,14.953126610624189,3.000000070585429e-08,1194,0,5,1,weights_on_pim_prefill-1024xdecode_64_ops_trace.csv,3.000000070585429e-08,3.000000070585429e-08,3.000000070585429e-08,0.0,1.0,0
decode,L5_QK_s1,QK,GPU0,npu,NAIVE,14.954452217412744,14.954454986278389,2.7688656416557933e-06,1195,0,5,1,weights_on_pim_prefill-1024xdecode_64_ops_trace.csv,2.7688656416557933e-06,2.7688656416557933e-06,6.718094647071836e-06,3.9492290054160426e-06,2.42629853395645,0
decode,L5_V_write_s1,V_write,PIM1,pim,NAIVE,14.953131730624188,14.953131760624188,3.000000070585429e-08,1196,0,5,1,weights_on_pim_prefill-1024xdecode_64_ops_trace.csv,3.000000070585429e-08,3.000000070585429e-08,3.000000070585429e-08,0.0,1.0,0
decode,L5_Softmax_s0,Softmax,GPU0,npu,NAIVE,14.954454986278389,14.954455224696966,2.384185791015625e-07,1197,0,5,0,weights_on_pim_prefill-1024xdecode_64_ops_trace.csv,2.384185791015625e-07,2.384185791015625e-07,5.784746489421011e-07,3.4005606984053856e-07,2.4262985339564502,0
decode,L5_Softmax_s1,Softmax,GPU0,npu,NAIVE,14.954455224696966,14.954455463115544,2.384185791015625e-07,1198,0,5,1,weights_on_pim_prefill-1024xdecode_64_ops_trace.csv,2.384185791015625e-07,2.384185791015625e-07,5.784746489421011e-07,3.4005606984053856e-07,2.4262985339564502,0
decode,L5_SV_s0,SV,GPU0,npu,NAIVE,14.955778062619885,14.955780831485525,2.7688656416557933e-06,1199,0,5,0,weights_on_pim_prefill-1024xdecode_64_ops_trace.csv,2.7688656416557933e-06,2.7688656416557933e-06,6.718094647071836e-06,3.9492290054160426e-06,2.42629853395645,0
decode,L5_SV_s1,SV,GPU0,npu,NAIVE,14.955780831485525,14.955783600351166,2.7688656416557933e-06,1200,0,5,1,weights_on_pim_prefill-1024xdecode_64_ops_trace.csv,2.7688656416557933e-06,2.7688656416557933e-06,6.718094647071836e-06,3.9492290054160426e-06,2.42629853395645,0
decode,L5_O_s0,O,PIM0,pim,NAIVE,14.955783963964484,14.9558174136388,3.344967431573309e-05,1201,0,5,0,weights_on_pim_prefill-1024xdecode_64_ops_trace.csv,3.344967431573309e-05,3.344967431573309e-05,4.067453951767392e-06,-2.93822203639657e-05,0.12159920940857295,0
decode,L5_O_s1,O,PIM1,pim,NAIVE,14.955786732830129,14.955820182504445,3.344967431573309e-05,1202,0,5,1,weights_on_pim_prefill-1024xdecode_64_ops_trace.csv,3.344967431573309e-05,3.344967431573309e-05,4.0674539517673915e-06,-2.93822203639657e-05,0.12159920940857293,0
decode,L5_AllReduce_O,ALLREDUCE,COMM,comm,COMM,14.955820182504445,14.955822209062363,2.026557922363281e-06,1203,0,5,-1,weights_on_pim_prefill-1024xdecode_64_ops_trace.csv,2.026557922363281e-06,2.026557922363281e-06,2.026557922363281e-06,0.0,1.0,0
decode,L5_Add1,Add,GPU0,npu,NAIVE,14.955827318311544,14.95583425771851,6.939406967276796e-06,1204,0,5,-1,weights_on_pim_prefill-1024xdecode_64_ops_trace.csv,6.939406967276796e-06,6.939406967276796e-06,1.6837072951230866e-05,9.897665983954071e-06,2.4262985339564502,0
decode,L5_LN2,LN,GPU0,npu,NAIVE,14.95583425771851,14.955869567323155,3.530960464459554e-05,1205,0,5,-1,weights_on_pim_prefill-1024xdecode_64_ops_trace.csv,3.530960464459554e-05,3.530960464459554e-05,8.567164198376401e-05,5.0362037339168477e-05,2.4262985339564502,0
decode,L5_FFN_W1_s0,FFN_W1,PIM0,pim,NAIVE,14.955874532281078,14.955970759280802,9.622699972489102e-05,1206,0,5,0,weights_on_pim_prefill-1024xdecode_64_ops_trace.csv,9.622699972489102e-05,9.622699972489102e-05,1.1701127090305714e-05,-8.45258726345853e-05,0.12159920940857295,0
decode,L5_FFN_W3_s0,FFN_W3,PIM1,pim,NAIVE,14.955874532281078,14.955964263280803,8.973099972564569e-05,1207,0,5,0,weights_on_pim_prefill-1024xdecode_64_ops_trace.csv,8.973099972564569e-05,8.973099972564569e-05,1.091121862607939e-05,-7.88197810995663e-05,0.12159920940857293,0
decode,L5_FFN_W1_s1,FFN_W1,PIM1,pim,NAIVE,14.955964263280803,14.956060490280528,9.622699972489102e-05,1208,0,5,1,weights_on_pim_prefill-1024xdecode_64_ops_trace.csv,9.622699972489102e-05,9.622699972489102e-05,1.1701127090305712e-05,-8.45258726345853e-05,0.12159920940857293,0
decode,L5_FFN_W3_s1,FFN_W3,PIM0,pim,NAIVE,14.955970759280802,14.956060490280528,8.973099972564569e-05,1209,0,5,1,weights_on_pim_prefill-1024xdecode_64_ops_trace.csv,8.973099972564569e-05,8.973099972564569e-05,1.0911218626079391e-05,-7.88197810995663e-05,0.12159920940857294,0
decode,L5_SwiGLU_s0,SwiGLU,GPU0,npu,NAIVE,14.95597699906801,14.955984219208622,7.220140611607917e-06,1210,0,5,0,weights_on_pim_prefill-1024xdecode_64_ops_trace.csv,7.220140611607917e-06,7.220140611607917e-06,1.7518216580903718e-05,1.0298075969295801e-05,2.4262985339564502,0
decode,L5_SwiGLU_s1,SwiGLU,GPU0,npu,NAIVE,14.956066730067736,14.956073950208348,7.220140611607917e-06,1211,0,5,1,weights_on_pim_prefill-1024xdecode_64_ops_trace.csv,7.220140611607917e-06,7.220140611607917e-06,1.7518216580903718e-05,1.0298075969295801e-05,2.4262985339564502,0
decode,L5_FFN_W2_s0,FFN_W2,PIM0,pim,NAIVE,14.956060490280528,14.956154781280253,9.429099972457776e-05,1212,0,5,0,weights_on_pim_prefill-1024xdecode_64_ops_trace.csv,9.429099972457776e-05,9.429099972457776e-05,1.1465711020852624e-05,-8.282528870372513e-05,0.12159920940857294,0
decode,L5_FFN_W2_s1,FFN_W2,PIM1,pim,NAIVE,14.956080174995556,14.95617446599528,9.429099972457776e-05,1213,0,5,1,weights_on_pim_prefill-1024xdecode_64_ops_trace.csv,9.429099972457776e-05,9.429099972457776e-05,1.1465711020852624e-05,-8.282528870372513e-05,0.12159920940857294,0
decode,L5_AllReduce_FFN,ALLREDUCE,COMM,comm,COMM,14.95617446599528,14.956176492553205,2.026557922363281e-06,1214,0,5,-1,weights_on_pim_prefill-1024xdecode_64_ops_trace.csv,2.026557922363281e-06,2.026557922363281e-06,2.026557922363281e-06,0.0,1.0,0
decode,L5_Add2,Add,GPU0,npu,NAIVE,14.95618160180238,14.956188541209348,6.939406967276796e-06,1215,0,5,-1,weights_on_pim_prefill-1024xdecode_64_ops_trace.csv,6.939406967276796e-06,6.939406967276796e-06,1.6837072951230866e-05,9.897665983954071e-06,2.4262985339564502,0
decode,L6_LN,LN,GPU0,npu,NAIVE,14.956188541209348,14.956223850813991,3.530960464459554e-05,1216,0,6,-1,weights_on_pim_prefill-1024xdecode_64_ops_trace.csv,3.530960464459554e-05,3.530960464459554e-05,8.567164198376401e-05,5.0362037339168477e-05,2.4262985339564502,0
decode,L6_Q_s0,Q,PIM0,pim,NAIVE,14.956228815771915,14.956265193446232,3.637767431641237e-05,1217,0,6,0,weights_on_pim_prefill-1024xdecode_64_ops_trace.csv,3.637767431641237e-05,3.637767431641237e-05,4.423496436998293e-06,-3.195417787941407e-05,0.12159920940857294,0
decode,L6_K_s0,K,PIM0,pim,NAIVE,14.956265193446232,14.956301571120548,3.637767431641237e-05,1218,0,6,0,weights_on_pim_prefill-1024xdecode_64_ops_trace.csv,3.637767431641237e-05,3.637767431641237e-05,4.423496436998293e-06,-3.195417787941407e-05,0.12159920940857294,0
decode,L6_V_s0,V,PIM0,pim,NAIVE,14.956301571120548,14.956337948794864,3.637767431641237e-05,1219,0,6,0,weights_on_pim_prefill-1024xdecode_64_ops_trace.csv,3.637767431641237e-05,3.637767431641237e-05,4.423496436998293e-06,-3.195417787941407e-05,0.12159920940857294,0
decode,L6_Q_s1,Q,PIM1,pim,NAIVE,14.956228815771915,14.956265193446232,3.637767431641237e-05,1220,0,6,1,weights_on_pim_prefill-1024xdecode_64_ops_trace.csv,3.637767431641237e-05,3.637767431641237e-05,4.423496436998292e-06,-3.195417787941408e-05,0.12159920940857293,0
decode,L6_K_s1,K,PIM1,pim,NAIVE,14.956265193446232,14.956301571120548,3.637767431641237e-05,1221,0,6,1,weights_on_pim_prefill-1024xdecode_64_ops_trace.csv,3.637767431641237e-05,3.637767431641237e-05,4.423496436998292e-06,-3.195417787941408e-05,0.12159920940857293,0
decode,L6_V_s1,V,PIM1,pim,NAIVE,14.956301571120548,14.956337948794864,3.637767431641237e-05,1222,0,6,1,weights_on_pim_prefill-1024xdecode_64_ops_trace.csv,3.637767431641237e-05,3.637767431641237e-05,4.423496436998292e-06,-3.195417787941408e-05,0.12159920940857293,0
decode,L6_K_write_s0,K_write,PIM0,pim,NAIVE,14.956337948794864,14.956337978794863,3.000000070585429e-08,1223,0,6,0,weights_on_pim_prefill-1024xdecode_64_ops_trace.csv,3.000000070585429e-08,3.000000070585429e-08,3.000000070585429e-08,0.0,1.0,0
decode,L6_QK_s0,QK,GPU0,npu,NAIVE,14.957660816717782,14.957663585583424,2.7688656416557933e-06,1224,0,6,0,weights_on_pim_prefill-1024xdecode_64_ops_trace.csv,2.7688656416557933e-06,2.7688656416557933e-06,6.718094647071836e-06,3.9492290054160426e-06,2.42629853395645,0
decode,L6_V_write_s0,V_write,PIM0,pim,NAIVE,14.956343098794866,14.956343128794868,3.000000070585429e-08,1225,0,6,0,weights_on_pim_prefill-1024xdecode_64_ops_trace.csv,3.000000070585429e-08,3.000000070585429e-08,3.000000070585429e-08,0.0,1.0,0
decode,L6_K_write_s1,K_write,PIM1,pim,NAIVE,14.956337948794864,14.956337978794863,3.000000070585429e-08,1226,0,6,1,weights_on_pim_prefill-1024xdecode_64_ops_trace.csv,3.000000070585429e-08,3.000000070585429e-08,3.000000070585429e-08,0.0,1.0,0
decode,L6_QK_s1,QK,GPU0,npu,NAIVE,14.957663585583424,14.957666354449064,2.7688656416557933e-06,1227,0,6,1,weights_on_pim_prefill-1024xdecode_64_ops_trace.csv,2.7688656416557933e-06,2.7688656416557933e-06,6.718094647071836e-06,3.9492290054160426e-06,2.42629853395645,0
decode,L6_V_write_s1,V_write,PIM1,pim,NAIVE,14.956343098794866,14.956343128794868,3.000000070585429e-08,1228,0,6,1,weights_on_pim_prefill-1024xdecode_64_ops_trace.csv,3.000000070585429e-08,3.000000070585429e-08,3.000000070585429e-08,0.0,1.0,0
decode,L6_Softmax_s0,Softmax,GPU0,npu,NAIVE,14.957666354449064,14.957666592867644,2.384185791015625e-07,1229,0,6,0,weights_on_pim_prefill-1024xdecode_64_ops_trace.csv,2.384185791015625e-07,2.384185791015625e-07,5.784746489421011e-07,3.4005606984053856e-07,2.4262985339564502,0
decode,L6_Softmax_s1,Softmax,GPU0,npu,NAIVE,14.957666592867644,14.957666831286224,2.384185791015625e-07,1230,0,6,1,weights_on_pim_prefill-1024xdecode_64_ops_trace.csv,2.384185791015625e-07,2.384185791015625e-07,5.784746489421011e-07,3.4005606984053856e-07,2.4262985339564502,0
decode,L6_SV_s0,SV,GPU0,npu,NAIVE,14.95898943079056,14.958992199656205,2.7688656416557933e-06,1231,0,6,0,weights_on_pim_prefill-1024xdecode_64_ops_trace.csv,2.7688656416557933e-06,2.7688656416557933e-06,6.718094647071836e-06,3.9492290054160426e-06,2.42629853395645,0
decode,L6_SV_s1,SV,GPU0,npu,NAIVE,14.958992199656205,14.958994968521845,2.7688656416557933e-06,1232,0,6,1,weights_on_pim_prefill-1024xdecode_64_ops_trace.csv,2.7688656416557933e-06,2.7688656416557933e-06,6.718094647071836e-06,3.9492290054160426e-06,2.42629853395645,0
decode,L6_O_s0,O,PIM0,pim,NAIVE,14.958995332135164,14.95902878180948,3.344967431573309e-05,1233,0,6,0,weights_on_pim_prefill-1024xdecode_64_ops_trace.csv,3.344967431573309e-05,3.344967431573309e-05,4.067453951767392e-06,-2.93822203639657e-05,0.12159920940857295,0
decode,L6_O_s1,O,PIM1,pim,NAIVE,14.958998101000804,14.95903155067512,3.344967431573309e-05,1234,0,6,1,weights_on_pim_prefill-1024xdecode_64_ops_trace.csv,3.344967431573309e-05,3.344967431573309e-05,4.0674539517673915e-06,-2.93822203639657e-05,0.12159920940857293,0
decode,L6_AllReduce_O,ALLREDUCE,COMM,comm,COMM,14.95903155067512,14.959033577233043,2.026557922363281e-06,1235,0,6,-1,weights_on_pim_prefill-1024xdecode_64_ops_trace.csv,2.026557922363281e-06,2.026557922363281e-06,2.026557922363281e-06,0.0,1.0,0
decode,L6_Add1,Add,GPU0,npu,NAIVE,14.959038686482222,14.959045625889187,6.939406967276796e-06,1236,0,6,-1,weights_on_pim_prefill-1024xdecode_64_ops_trace.csv,6.939406967276796e-06,6.939406967276796e-06,1.6837072951230866e-05,9.897665983954071e-06,2.4262985339564502,0
decode,L6_LN2,LN,GPU0,npu,NAIVE,14.959045625889187,14.959080935493834,3.530960464459554e-05,1237,0,6,-1,weights_on_pim_prefill-1024xdecode_64_ops_trace.csv,3.530960464459554e-05,3.530960464459554e-05,8.567164198376401e-05,5.0362037339168477e-05,2.4262985339564502,0
decode,L6_FFN_W1_s0,FFN_W1,PIM0,pim,NAIVE,14.959085900451756,14.95918212745148,9.622699972489102e-05,1238,0,6,0,weights_on_pim_prefill-1024xdecode_64_ops_trace.csv,9.622699972489102e-05,9.622699972489102e-05,1.1701127090305714e-05,-8.45258726345853e-05,0.12159920940857295,0
decode,L6_FFN_W3_s0,FFN_W3,PIM1,pim,NAIVE,14.959085900451756,14.95917563145148,8.973099972564569e-05,1239,0,6,0,weights_on_pim_prefill-1024xdecode_64_ops_trace.csv,8.973099972564569e-05,8.973099972564569e-05,1.091121862607939e-05,-7.88197810995663e-05,0.12159920940857293,0
decode,L6_FFN_W1_s1,FFN_W1,PIM1,pim,NAIVE,14.95917563145148,14.959271858451206,9.622699972489102e-05,1240,0,6,1,weights_on_pim_prefill-1024xdecode_64_ops_trace.csv,9.622699972489102e-05,9.622699972489102e-05,1.1701127090305712e-05,-8.45258726345853e-05,0.12159920940857293,0
decode,L6_FFN_W3_s1,FFN_W3,PIM0,pim,NAIVE,14.95918212745148,14.959271858451206,8.973099972564569e-05,1241,0,6,1,weights_on_pim_prefill-1024xdecode_64_ops_trace.csv,8.973099972564569e-05,8.973099972564569e-05,1.0911218626079391e-05,-7.88197810995663e-05,0.12159920940857294,0
decode,L6_SwiGLU_s0,SwiGLU,GPU0,npu,NAIVE,14.959188367238688,14.9591955873793,7.220140611607917e-06,1242,0,6,0,weights_on_pim_prefill-1024xdecode_64_ops_trace.csv,7.220140611607917e-06,7.220140611607917e-06,1.7518216580903718e-05,1.0298075969295801e-05,2.4262985339564502,0
decode,L6_SwiGLU_s1,SwiGLU,GPU0,npu,NAIVE,14.959278098238414,14.959285318379026,7.220140611607917e-06,1243,0,6,1,weights_on_pim_prefill-1024xdecode_64_ops_trace.csv,7.220140611607917e-06,7.220140611607917e-06,1.7518216580903718e-05,1.0298075969295801e-05,2.4262985339564502,0
decode,L6_FFN_W2_s0,FFN_W2,PIM0,pim,NAIVE,14.959271858451206,14.959366149450933,9.429099972457776e-05,1244,0,6,0,weights_on_pim_prefill-1024xdecode_64_ops_trace.csv,9.429099972457776e-05,9.429099972457776e-05,1.1465711020852624e-05,-8.282528870372513e-05,0.12159920940857294,0
decode,L6_FFN_W2_s1,FFN_W2,PIM1,pim,NAIVE,14.959291543166234,14.95938583416596,9.429099972457776e-05,1245,0,6,1,weights_on_pim_prefill-1024xdecode_64_ops_trace.csv,9.429099972457776e-05,9.429099972457776e-05,1.1465711020852624e-05,-8.282528870372513e-05,0.12159920940857294,0
decode,L6_AllReduce_FFN,ALLREDUCE,COMM,comm,COMM,14.95938583416596,14.95938786072388,2.026557922363281e-06,1246,0,6,-1,weights_on_pim_prefill-1024xdecode_64_ops_trace.csv,2.026557922363281e-06,2.026557922363281e-06,2.026557922363281e-06,0.0,1.0,0
decode,L6_Add2,Add,GPU0,npu,NAIVE,14.95939296997306,14.959399909380029,6.939406967276796e-06,1247,0,6,-1,weights_on_pim_prefill-1024xdecode_64_ops_trace.csv,6.939406967276796e-06,6.939406967276796e-06,1.6837072951230866e-05,9.897665983954071e-06,2.4262985339564502,0
decode,L7_LN,LN,GPU0,npu,NAIVE,14.959399909380029,14.959435218984671,3.530960464459554e-05,1248,0,7,-1,weights_on_pim_prefill-1024xdecode_64_ops_trace.csv,3.530960464459554e-05,3.530960464459554e-05,8.567164198376401e-05,5.0362037339168477e-05,2.4262985339564502,0
decode,L7_Q_s0,Q,PIM0,pim,NAIVE,14.959440183942592,14.95947656161691,3.637767431641237e-05,1249,0,7,0,weights_on_pim_prefill-1024xdecode_64_ops_trace.csv,3.637767431641237e-05,3.637767431641237e-05,4.423496436998293e-06,-3.195417787941407e-05,0.12159920940857294,0
decode,L7_K_s0,K,PIM0,pim,NAIVE,14.95947656161691,14.959512939291226,3.637767431641237e-05,1250,0,7,0,weights_on_pim_prefill-1024xdecode_64_ops_trace.csv,3.637767431641237e-05,3.637767431641237e-05,4.423496436998293e-06,-3.195417787941407e-05,0.12159920940857294,0
decode,L7_V_s0,V,PIM0,pim,NAIVE,14.959512939291226,14.959549316965544,3.637767431641237e-05,1251,0,7,0,weights_on_pim_prefill-1024xdecode_64_ops_trace.csv,3.637767431641237e-05,3.637767431641237e-05,4.423496436998293e-06,-3.195417787941407e-05,0.12159920940857294,0
decode,L7_Q_s1,Q,PIM1,pim,NAIVE,14.959440183942592,14.95947656161691,3.637767431641237e-05,1252,0,7,1,weights_on_pim_prefill-1024xdecode_64_ops_trace.csv,3.637767431641237e-05,3.637767431641237e-05,4.423496436998292e-06,-3.195417787941408e-05,0.12159920940857293,0
decode,L7_K_s1,K,PIM1,pim,NAIVE,14.95947656161691,14.959512939291226,3.637767431641237e-05,1253,0,7,1,weights_on_pim_prefill-1024xdecode_64_ops_trace.csv,3.637767431641237e-05,3.637767431641237e-05,4.423496436998292e-06,-3.195417787941408e-05,0.12159920940857293,0
decode,L7_V_s1,V,PIM1,pim,NAIVE,14.959512939291226,14.959549316965544,3.637767431641237e-05,1254,0,7,1,weights_on_pim_prefill-1024xdecode_64_ops_trace.csv,3.637767431641237e-05,3.637767431641237e-05,4.423496436998292e-06,-3.195417787941408e-05,0.12159920940857293,0
decode,L7_K_write_s0,K_write,PIM0,pim,NAIVE,14.959549316965544,14.959549346965543,3.000000070585429e-08,1255,0,7,0,weights_on_pim_prefill-1024xdecode_64_ops_trace.csv,3.000000070585429e-08,3.000000070585429e-08,3.000000070585429e-08,0.0,1.0,0
decode,L7_QK_s0,QK,GPU0,npu,NAIVE,14.96087218488846,14.960874953754102,2.7688656416557933e-06,1256,0,7,0,weights_on_pim_prefill-1024xdecode_64_ops_trace.csv,2.7688656416557933e-06,2.7688656416557933e-06,6.718094647071836e-06,3.9492290054160426e-06,2.42629853395645,0
decode,L7_V_write_s0,V_write,PIM0,pim,NAIVE,14.959554466965544,14.959554496965543,3.000000070585429e-08,1257,0,7,0,weights_on_pim_prefill-1024xdecode_64_ops_trace.csv,3.000000070585429e-08,3.000000070585429e-08,3.000000070585429e-08,0.0,1.0,0
decode,L7_K_write_s1,K_write,PIM1,pim,NAIVE,14.959549316965544,14.959549346965543,3.000000070585429e-08,1258,0,7,1,weights_on_pim_prefill-1024xdecode_64_ops_trace.csv,3.000000070585429e-08,3.000000070585429e-08,3.000000070585429e-08,0.0,1.0,0
decode,L7_QK_s1,QK,GPU0,npu,NAIVE,14.960874953754102,14.960877722619744,2.7688656416557933e-06,1259,0,7,1,weights_on_pim_prefill-1024xdecode_64_ops_trace.csv,2.7688656416557933e-06,2.7688656416557933e-06,6.718094647071836e-06,3.9492290054160426e-06,2.42629853395645,0
decode,L7_V_write_s1,V_write,PIM1,pim,NAIVE,14.959554466965544,14.959554496965543,3.000000070585429e-08,1260,0,7,1,weights_on_pim_prefill-1024xdecode_64_ops_trace.csv,3.000000070585429e-08,3.000000070585429e-08,3.000000070585429e-08,0.0,1.0,0
decode,L7_Softmax_s0,Softmax,GPU0,npu,NAIVE,14.960877722619744,14.960877961038324,2.384185791015625e-07,1261,0,7,0,weights_on_pim_prefill-1024xdecode_64_ops_trace.csv,2.384185791015625e-07,2.384185791015625e-07,5.784746489421011e-07,3.4005606984053856e-07,2.4262985339564502,0
decode,L7_Softmax_s1,Softmax,GPU0,npu,NAIVE,14.960877961038324,14.960878199456902,2.384185791015625e-07,1262,0,7,1,weights_on_pim_prefill-1024xdecode_64_ops_trace.csv,2.384185791015625e-07,2.384185791015625e-07,5.784746489421011e-07,3.4005606984053856e-07,2.4262985339564502,0
decode,L7_SV_s0,SV,GPU0,npu,NAIVE,14.96220079896124,14.96220356782688,2.7688656416557933e-06,1263,0,7,0,weights_on_pim_prefill-1024xdecode_64_ops_trace.csv,2.7688656416557933e-06,2.7688656416557933e-06,6.718094647071836e-06,3.9492290054160426e-06,2.42629853395645,0
decode,L7_SV_s1,SV,GPU0,npu,NAIVE,14.96220356782688,14.962206336692525,2.7688656416557933e-06,1264,0,7,1,weights_on_pim_prefill-1024xdecode_64_ops_trace.csv,2.7688656416557933e-06,2.7688656416557933e-06,6.718094647071836e-06,3.9492290054160426e-06,2.42629853395645,0
decode,L7_O_s0,O,PIM0,pim,NAIVE,14.962206700305842,14.962240149980158,3.344967431573309e-05,1265,0,7,0,weights_on_pim_prefill-1024xdecode_64_ops_trace.csv,3.344967431573309e-05,3.344967431573309e-05,4.067453951767392e-06,-2.93822203639657e-05,0.12159920940857295,0
decode,L7_O_s1,O,PIM1,pim,NAIVE,14.962209469171484,14.9622429188458,3.344967431573309e-05,1266,0,7,1,weights_on_pim_prefill-1024xdecode_64_ops_trace.csv,3.344967431573309e-05,3.344967431573309e-05,4.0674539517673915e-06,-2.93822203639657e-05,0.12159920940857293,0
decode,L7_AllReduce_O,ALLREDUCE,COMM,comm,COMM,14.9622429188458,14.962244945403722,2.026557922363281e-06,1267,0,7,-1,weights_on_pim_prefill-1024xdecode_64_ops_trace.csv,2.026557922363281e-06,2.026557922363281e-06,2.026557922363281e-06,0.0,1.0,0
decode,L7_Add1,Add,GPU0,npu,NAIVE,14.9622500546529,14.962256994059867,6.939406967276796e-06,1268,0,7,-1,weights_on_pim_prefill-1024xdecode_64_ops_trace.csv,6.939406967276796e-06,6.939406967276796e-06,1.6837072951230866e-05,9.897665983954071e-06,2.4262985339564502,0
decode,L7_LN2,LN,GPU0,npu,NAIVE,14.962256994059867,14.962292303664512,3.530960464459554e-05,1269,0,7,-1,weights_on_pim_prefill-1024xdecode_64_ops_trace.csv,3.530960464459554e-05,3.530960464459554e-05,8.567164198376401e-05,5.0362037339168477e-05,2.4262985339564502,0
decode,L7_FFN_W1_s0,FFN_W1,PIM0,pim,NAIVE,14.962297268622434,14.96239349562216,9.622699972489102e-05,1270,0,7,0,weights_on_pim_prefill-1024xdecode_64_ops_trace.csv,9.622699972489102e-05,9.622699972489102e-05,1.1701127090305714e-05,-8.45258726345853e-05,0.12159920940857295,0
decode,L7_FFN_W3_s0,FFN_W3,PIM1,pim,NAIVE,14.962297268622434,14.96238699962216,8.973099972564569e-05,1271,0,7,0,weights_on_pim_prefill-1024xdecode_64_ops_trace.csv,8.973099972564569e-05,8.973099972564569e-05,1.091121862607939e-05,-7.88197810995663e-05,0.12159920940857293,0
decode,L7_FFN_W1_s1,FFN_W1,PIM1,pim,NAIVE,14.96238699962216,14.962483226621885,9.622699972489102e-05,1272,0,7,1,weights_on_pim_prefill-1024xdecode_64_ops_trace.csv,9.622699972489102e-05,9.622699972489102e-05,1.1701127090305712e-05,-8.45258726345853e-05,0.12159920940857293,0
decode,L7_FFN_W3_s1,FFN_W3,PIM0,pim,NAIVE,14.96239349562216,14.962483226621885,8.973099972564569e-05,1273,0,7,1,weights_on_pim_prefill-1024xdecode_64_ops_trace.csv,8.973099972564569e-05,8.973099972564569e-05,1.0911218626079391e-05,-7.88197810995663e-05,0.12159920940857294,0
decode,L7_SwiGLU_s0,SwiGLU,GPU0,npu,NAIVE,14.962399735409369,14.962406955549978,7.220140611607917e-06,1274,0,7,0,weights_on_pim_prefill-1024xdecode_64_ops_trace.csv,7.220140611607917e-06,7.220140611607917e-06,1.7518216580903718e-05,1.0298075969295801e-05,2.4262985339564502,0
decode,L7_SwiGLU_s1,SwiGLU,GPU0,npu,NAIVE,14.962489466409092,14.962496686549704,7.220140611607917e-06,1275,0,7,1,weights_on_pim_prefill-1024xdecode_64_ops_trace.csv,7.220140611607917e-06,7.220140611607917e-06,1.7518216580903718e-05,1.0298075969295801e-05,2.4262985339564502,0
decode,L7_FFN_W2_s0,FFN_W2,PIM0,pim,NAIVE,14.962483226621885,14.96257751762161,9.429099972457776e-05,1276,0,7,0,weights_on_pim_prefill-1024xdecode_64_ops_trace.csv,9.429099972457776e-05,9.429099972457776e-05,1.1465711020852624e-05,-8.282528870372513e-05,0.12159920940857294,0
decode,L7_FFN_W2_s1,FFN_W2,PIM1,pim,NAIVE,14.962502911336912,14.962597202336635,9.429099972457776e-05,1277,0,7,1,weights_on_pim_prefill-1024xdecode_64_ops_trace.csv,9.429099972457776e-05,9.429099972457776e-05,1.1465711020852624e-05,-8.282528870372513e-05,0.12159920940857294,0
decode,L7_AllReduce_FFN,ALLREDUCE,COMM,comm,COMM,14.962597202336635,14.96259922889456,2.026557922363281e-06,1278,0,7,-1,weights_on_pim_prefill-1024xdecode_64_ops_trace.csv,2.026557922363281e-06,2.026557922363281e-06,2.026557922363281e-06,0.0,1.0,0
decode,L7_Add2,Add,GPU0,npu,NAIVE,14.962604338143738,14.962611277550703,6.939406967276796e-06,1279,0,7,-1,weights_on_pim_prefill-1024xdecode_64_ops_trace.csv,6.939406967276796e-06,6.939406967276796e-06,1.6837072951230866e-05,9.897665983954071e-06,2.4262985339564502,0
decode,L8_LN,LN,GPU0,npu,NAIVE,14.962611277550703,14.96264658715535,3.530960464459554e-05,1280,0,8,-1,weights_on_pim_prefill-1024xdecode_64_ops_trace.csv,3.530960464459554e-05,3.530960464459554e-05,8.567164198376401e-05,5.0362037339168477e-05,2.4262985339564502,0
decode,L8_Q_s0,Q,PIM0,pim,NAIVE,14.962651552113272,14.962687929787588,3.637767431641237e-05,1281,0,8,0,weights_on_pim_prefill-1024xdecode_64_ops_trace.csv,3.637767431641237e-05,3.637767431641237e-05,4.423496436998293e-06,-3.195417787941407e-05,0.12159920940857294,0
decode,L8_K_s0,K,PIM0,pim,NAIVE,14.962687929787588,14.962724307461905,3.637767431641237e-05,1282,0,8,0,weights_on_pim_prefill-1024xdecode_64_ops_trace.csv,3.637767431641237e-05,3.637767431641237e-05,4.423496436998293e-06,-3.195417787941407e-05,0.12159920940857294,0
decode,L8_V_s0,V,PIM0,pim,NAIVE,14.962724307461905,14.96276068513622,3.637767431641237e-05,1283,0,8,0,weights_on_pim_prefill-1024xdecode_64_ops_trace.csv,3.637767431641237e-05,3.637767431641237e-05,4.423496436998293e-06,-3.195417787941407e-05,0.12159920940857294,0
decode,L8_Q_s1,Q,PIM1,pim,NAIVE,14.962651552113272,14.962687929787588,3.637767431641237e-05,1284,0,8,1,weights_on_pim_prefill-1024xdecode_64_ops_trace.csv,3.637767431641237e-05,3.637767431641237e-05,4.423496436998292e-06,-3.195417787941408e-05,0.12159920940857293,0
decode,L8_K_s1,K,PIM1,pim,NAIVE,14.962687929787588,14.962724307461905,3.637767431641237e-05,1285,0,8,1,weights_on_pim_prefill-1024xdecode_64_ops_trace.csv,3.637767431641237e-05,3.637767431641237e-05,4.423496436998292e-06,-3.195417787941408e-05,0.12159920940857293,0
decode,L8_V_s1,V,PIM1,pim,NAIVE,14.962724307461905,14.96276068513622,3.637767431641237e-05,1286,0,8,1,weights_on_pim_prefill-1024xdecode_64_ops_trace.csv,3.637767431641237e-05,3.637767431641237e-05,4.423496436998292e-06,-3.195417787941408e-05,0.12159920940857293,0
decode,L8_K_write_s0,K_write,PIM0,pim,NAIVE,14.96276068513622,14.962760715136222,3.000000070585429e-08,1287,0,8,0,weights_on_pim_prefill-1024xdecode_64_ops_trace.csv,3.000000070585429e-08,3.000000070585429e-08,3.000000070585429e-08,0.0,1.0,0
decode,L8_QK_s0,QK,GPU0,npu,NAIVE,14.96408355305914,14.96408632192478,2.7688656416557933e-06,1288,0,8,0,weights_on_pim_prefill-1024xdecode_64_ops_trace.csv,2.7688656416557933e-06,2.7688656416557933e-06,6.718094647071836e-06,3.9492290054160426e-06,2.42629853395645,0
decode,L8_V_write_s0,V_write,PIM0,pim,NAIVE,14.962765835136222,14.962765865136223,3.000000070585429e-08,1289,0,8,0,weights_on_pim_prefill-1024xdecode_64_ops_trace.csv,3.000000070585429e-08,3.000000070585429e-08,3.000000070585429e-08,0.0,1.0,0
decode,L8_K_write_s1,K_write,PIM1,pim,NAIVE,14.96276068513622,14.962760715136222,3.000000070585429e-08,1290,0,8,1,weights_on_pim_prefill-1024xdecode_64_ops_trace.csv,3.000000070585429e-08,3.000000070585429e-08,3.000000070585429e-08,0.0,1.0,0
decode,L8_QK_s1,QK,GPU0,npu,NAIVE,14.96408632192478,14.964089090790422,2.7688656416557933e-06,1291,0,8,1,weights_on_pim_prefill-1024xdecode_64_ops_trace.csv,2.7688656416557933e-06,2.7688656416557933e-06,6.718094647071836e-06,3.9492290054160426e-06,2.42629853395645,0
decode,L8_V_write_s1,V_write,PIM1,pim,NAIVE,14.962765835136222,14.962765865136223,3.000000070585429e-08,1292,0,8,1,weights_on_pim_prefill-1024xdecode_64_ops_trace.csv,3.000000070585429e-08,3.000000070585429e-08,3.000000070585429e-08,0.0,1.0,0
decode,L8_Softmax_s0,Softmax,GPU0,npu,NAIVE,14.964089090790422,14.964089329209,2.384185791015625e-07,1293,0,8,0,weights_on_pim_prefill-1024xdecode_64_ops_trace.csv,2.384185791015625e-07,2.384185791015625e-07,5.784746489421011e-07,3.4005606984053856e-07,2.4262985339564502,0
decode,L8_Softmax_s1,Softmax,GPU0,npu,NAIVE,14.964089329209,14.96408956762758,2.384185791015625e-07,1294,0,8,1,weights_on_pim_prefill-1024xdecode_64_ops_trace.csv,2.384185791015625e-07,2.384185791015625e-07,5.784746489421011e-07,3.4005606984053856e-07,2.4262985339564502,0
decode,L8_SV_s0,SV,GPU0,npu,NAIVE,14.965412167131918,14.96541493599756,2.7688656416557933e-06,1295,0,8,0,weights_on_pim_prefill-1024xdecode_64_ops_trace.csv,2.7688656416557933e-06,2.7688656416557933e-06,6.718094647071836e-06,3.9492290054160426e-06,2.42629853395645,0
decode,L8_SV_s1,SV,GPU0,npu,NAIVE,14.96541493599756,14.9654177048632,2.7688656416557933e-06,1296,0,8,1,weights_on_pim_prefill-1024xdecode_64_ops_trace.csv,2.7688656416557933e-06,2.7688656416557933e-06,6.718094647071836e-06,3.9492290054160426e-06,2.42629853395645,0
decode,L8_O_s0,O,PIM0,pim,NAIVE,14.96541806847652,14.965451518150836,3.344967431573309e-05,1297,0,8,0,weights_on_pim_prefill-1024xdecode_64_ops_trace.csv,3.344967431573309e-05,3.344967431573309e-05,4.067453951767392e-06,-2.93822203639657e-05,0.12159920940857295,0
decode,L8_O_s1,O,PIM1,pim,NAIVE,14.965420837342162,14.965454287016478,3.344967431573309e-05,1298,0,8,1,weights_on_pim_prefill-1024xdecode_64_ops_trace.csv,3.344967431573309e-05,3.344967431573309e-05,4.0674539517673915e-06,-2.93822203639657e-05,0.12159920940857293,0
decode,L8_AllReduce_O,ALLREDUCE,COMM,comm,COMM,14.965454287016478,14.9654563135744,2.026557922363281e-06,1299,0,8,-1,weights_on_pim_prefill-1024xdecode_64_ops_trace.csv,2.026557922363281e-06,2.026557922363281e-06,2.026557922363281e-06,0.0,1.0,0
decode,L8_Add1,Add,GPU0,npu,NAIVE,14.965461422823578,14.965468362230546,6.939406967276796e-06,1300,0,8,-1,weights_on_pim_prefill-1024xdecode_64_ops_trace.csv,6.939406967276796e-06,6.939406967276796e-06,1.6837072951230866e-05,9.897665983954071e-06,2.4262985339564502,0
decode,L8_LN2,LN,GPU0,npu,NAIVE,14.965468362230546,14.96550367183519,3.530960464459554e-05,1301,0,8,-1,weights_on_pim_prefill-1024xdecode_64_ops_trace.csv,3.530960464459554e-05,3.530960464459554e-05,8.567164198376401e-05,5.0362037339168477e-05,2.4262985339564502,0
decode,L8_FFN_W1_s0,FFN_W1,PIM0,pim,NAIVE,14.965508636793112,14.965604863792835,9.622699972489102e-05,1302,0,8,0,weights_on_pim_prefill-1024xdecode_64_ops_trace.csv,9.622699972489102e-05,9.622699972489102e-05,1.1701127090305714e-05,-8.45258726345853e-05,0.12159920940857295,0
decode,L8_FFN_W3_s0,FFN_W3,PIM1,pim,NAIVE,14.965508636793112,14.965598367792838,8.973099972564569e-05,1303,0,8,0,weights_on_pim_prefill-1024xdecode_64_ops_trace.csv,8.973099972564569e-05,8.973099972564569e-05,1.091121862607939e-05,-7.88197810995663e-05,0.12159920940857293,0
decode,L8_FFN_W1_s1,FFN_W1,PIM1,pim,NAIVE,14.965598367792838,14.965694594792565,9.622699972489102e-05,1304,0,8,1,weights_on_pim_prefill-1024xdecode_64_ops_trace.csv,9.622699972489102e-05,9.622699972489102e-05,1.1701127090305712e-05,-8.45258726345853e-05,0.12159920940857293,0
decode,L8_FFN_W3_s1,FFN_W3,PIM0,pim,NAIVE,14.965604863792835,14.965694594792565,8.973099972564569e-05,1305,0,8,1,weights_on_pim_prefill-1024xdecode_64_ops_trace.csv,8.973099972564569e-05,8.973099972564569e-05,1.0911218626079391e-05,-7.88197810995663e-05,0.12159920940857294,0
decode,L8_SwiGLU_s0,SwiGLU,GPU0,npu,NAIVE,14.965611103580043,14.965618323720657,7.220140611607917e-06,1306,0,8,0,weights_on_pim_prefill-1024xdecode_64_ops_trace.csv,7.220140611607917e-06,7.220140611607917e-06,1.7518216580903718e-05,1.0298075969295801e-05,2.4262985339564502,0
decode,L8_SwiGLU_s1,SwiGLU,GPU0,npu,NAIVE,14.96570083457977,14.965708054720382,7.220140611607917e-06,1307,0,8,1,weights_on_pim_prefill-1024xdecode_64_ops_trace.csv,7.220140611607917e-06,7.220140611607917e-06,1.7518216580903718e-05,1.0298075969295801e-05,2.4262985339564502,0
decode,L8_FFN_W2_s0,FFN_W2,PIM0,pim,NAIVE,14.965694594792565,14.965788885792287,9.429099972457776e-05,1308,0,8,0,weights_on_pim_prefill-1024xdecode_64_ops_trace.csv,9.429099972457776e-05,9.429099972457776e-05,1.1465711020852624e-05,-8.282528870372513e-05,0.12159920940857294,0
decode,L8_FFN_W2_s1,FFN_W2,PIM1,pim,NAIVE,14.96571427950759,14.965808570507315,9.429099972457776e-05,1309,0,8,1,weights_on_pim_prefill-1024xdecode_64_ops_trace.csv,9.429099972457776e-05,9.429099972457776e-05,1.1465711020852624e-05,-8.282528870372513e-05,0.12159920940857294,0
decode,L8_AllReduce_FFN,ALLREDUCE,COMM,comm,COMM,14.965808570507315,14.965810597065238,2.026557922363281e-06,1310,0,8,-1,weights_on_pim_prefill-1024xdecode_64_ops_trace.csv,2.026557922363281e-06,2.026557922363281e-06,2.026557922363281e-06,0.0,1.0,0
decode,L8_Add2,Add,GPU0,npu,NAIVE,14.965815706314416,14.965822645721383,6.939406967276796e-06,1311,0,8,-1,weights_on_pim_prefill-1024xdecode_64_ops_trace.csv,6.939406967276796e-06,6.939406967276796e-06,1.6837072951230866e-05,9.897665983954071e-06,2.4262985339564502,0
decode,L9_LN,LN,GPU0,npu,NAIVE,14.965822645721383,14.965857955326028,3.530960464459554e-05,1312,0,9,-1,weights_on_pim_prefill-1024xdecode_64_ops_trace.csv,3.530960464459554e-05,3.530960464459554e-05,8.567164198376401e-05,5.0362037339168477e-05,2.4262985339564502,0
decode,L9_Q_s0,Q,PIM0,pim,NAIVE,14.96586292028395,14.965899297958266,3.637767431641237e-05,1313,0,9,0,weights_on_pim_prefill-1024xdecode_64_ops_trace.csv,3.637767431641237e-05,3.637767431641237e-05,4.423496436998293e-06,-3.195417787941407e-05,0.12159920940857294,0
decode,L9_K_s0,K,PIM0,pim,NAIVE,14.965899297958266,14.965935675632585,3.637767431641237e-05,1314,0,9,0,weights_on_pim_prefill-1024xdecode_64_ops_trace.csv,3.637767431641237e-05,3.637767431641237e-05,4.423496436998293e-06,-3.195417787941407e-05,0.12159920940857294,0
decode,L9_V_s0,V,PIM0,pim,NAIVE,14.965935675632585,14.9659720533069,3.637767431641237e-05,1315,0,9,0,weights_on_pim_prefill-1024xdecode_64_ops_trace.csv,3.637767431641237e-05,3.637767431641237e-05,4.423496436998293e-06,-3.195417787941407e-05,0.12159920940857294,0
decode,L9_Q_s1,Q,PIM1,pim,NAIVE,14.96586292028395,14.965899297958266,3.637767431641237e-05,1316,0,9,1,weights_on_pim_prefill-1024xdecode_64_ops_trace.csv,3.637767431641237e-05,3.637767431641237e-05,4.423496436998292e-06,-3.195417787941408e-05,0.12159920940857293,0
decode,L9_K_s1,K,PIM1,pim,NAIVE,14.965899297958266,14.965935675632585,3.637767431641237e-05,1317,0,9,1,weights_on_pim_prefill-1024xdecode_64_ops_trace.csv,3.637767431641237e-05,3.637767431641237e-05,4.423496436998292e-06,-3.195417787941408e-05,0.12159920940857293,0
decode,L9_V_s1,V,PIM1,pim,NAIVE,14.965935675632585,14.9659720533069,3.637767431641237e-05,1318,0,9,1,weights_on_pim_prefill-1024xdecode_64_ops_trace.csv,3.637767431641237e-05,3.637767431641237e-05,4.423496436998292e-06,-3.195417787941408e-05,0.12159920940857293,0
decode,L9_K_write_s0,K_write,PIM0,pim,NAIVE,14.9659720533069,14.9659720833069,3.000000070585429e-08,1319,0,9,0,weights_on_pim_prefill-1024xdecode_64_ops_trace.csv,3.000000070585429e-08,3.000000070585429e-08,3.000000070585429e-08,0.0,1.0,0
decode,L9_QK_s0,QK,GPU0,npu,NAIVE,14.967294921229817,14.967297690095458,2.7688656416557933e-06,1320,0,9,0,weights_on_pim_prefill-1024xdecode_64_ops_trace.csv,2.7688656416557933e-06,2.7688656416557933e-06,6.718094647071836e-06,3.9492290054160426e-06,2.42629853395645,0
decode,L9_V_write_s0,V_write,PIM0,pim,NAIVE,14.9659772033069,14.9659772333069,3.000000070585429e-08,1321,0,9,0,weights_on_pim_prefill-1024xdecode_64_ops_trace.csv,3.000000070585429e-08,3.000000070585429e-08,3.000000070585429e-08,0.0,1.0,0
decode,L9_K_write_s1,K_write,PIM1,pim,NAIVE,14.9659720533069,14.9659720833069,3.000000070585429e-08,1322,0,9,1,weights_on_pim_prefill-1024xdecode_64_ops_trace.csv,3.000000070585429e-08,3.000000070585429e-08,3.000000070585429e-08,0.0,1.0,0
decode,L9_QK_s1,QK,GPU0,npu,NAIVE,14.967297690095458,14.9673004589611,2.7688656416557933e-06,1323,0,9,1,weights_on_pim_prefill-1024xdecode_64_ops_trace.csv,2.7688656416557933e-06,2.7688656416557933e-06,6.718094647071836e-06,3.9492290054160426e-06,2.42629853395645,0
decode,L9_V_write_s1,V_write,PIM1,pim,NAIVE,14.9659772033069,14.9659772333069,3.000000070585429e-08,1324,0,9,1,weights_on_pim_prefill-1024xdecode_64_ops_trace.csv,3.000000070585429e-08,3.000000070585429e-08,3.000000070585429e-08,0.0,1.0,0
decode,L9_Softmax_s0,Softmax,GPU0,npu,NAIVE,14.9673004589611,14.96730069737968,2.384185791015625e-07,1325,0,9,0,weights_on_pim_prefill-1024xdecode_64_ops_trace.csv,2.384185791015625e-07,2.384185791015625e-07,5.784746489421011e-07,3.4005606984053856e-07,2.4262985339564502,0
decode,L9_Softmax_s1,Softmax,GPU0,npu,NAIVE,14.96730069737968,14.967300935798258,2.384185791015625e-07,1326,0,9,1,weights_on_pim_prefill-1024xdecode_64_ops_trace.csv,2.384185791015625e-07,2.384185791015625e-07,5.784746489421011e-07,3.4005606984053856e-07,2.4262985339564502,0
decode,L9_SV_s0,SV,GPU0,npu,NAIVE,14.968623535302596,14.968626304168238,2.7688656416557933e-06,1327,0,9,0,weights_on_pim_prefill-1024xdecode_64_ops_trace.csv,2.7688656416557933e-06,2.7688656416557933e-06,6.718094647071836e-06,3.9492290054160426e-06,2.42629853395645,0
decode,L9_SV_s1,SV,GPU0,npu,NAIVE,14.968626304168238,14.96862907303388,2.7688656416557933e-06,1328,0,9,1,weights_on_pim_prefill-1024xdecode_64_ops_trace.csv,2.7688656416557933e-06,2.7688656416557933e-06,6.718094647071836e-06,3.9492290054160426e-06,2.42629853395645,0
decode,L9_O_s0,O,PIM0,pim,NAIVE,14.968629436647198,14.968662886321514,3.344967431573309e-05,1329,0,9,0,weights_on_pim_prefill-1024xdecode_64_ops_trace.csv,3.344967431573309e-05,3.344967431573309e-05,4.067453951767392e-06,-2.93822203639657e-05,0.12159920940857295,0
decode,L9_O_s1,O,PIM1,pim,NAIVE,14.96863220551284,14.968665655187156,3.344967431573309e-05,1330,0,9,1,weights_on_pim_prefill-1024xdecode_64_ops_trace.csv,3.344967431573309e-05,3.344967431573309e-05,4.0674539517673915e-06,-2.93822203639657e-05,0.12159920940857293,0
decode,L9_AllReduce_O,ALLREDUCE,COMM,comm,COMM,14.968665655187156,14.968667681745078,2.026557922363281e-06,1331,0,9,-1,weights_on_pim_prefill-1024xdecode_64_ops_trace.csv,2.026557922363281e-06,2.026557922363281e-06,2.026557922363281e-06,0.0,1.0,0
decode,L9_Add1,Add,GPU0,npu,NAIVE,14.968672790994257,14.968679730401224,6.939406967276796e-06,1332,0,9,-1,weights_on_pim_prefill-1024xdecode_64_ops_trace.csv,6.939406967276796e-06,6.939406967276796e-06,1.6837072951230866e-05,9.897665983954071e-06,2.4262985339564502,0
decode,L9_LN2,LN,GPU0,npu,NAIVE,14.968679730401224,14.968715040005868,3.530960464459554e-05,1333,0,9,-1,weights_on_pim_prefill-1024xdecode_64_ops_trace.csv,3.530960464459554e-05,3.530960464459554e-05,8.567164198376401e-05,5.0362037339168477e-05,2.4262985339564502,0
decode,L9_FFN_W1_s0,FFN_W1,PIM0,pim,NAIVE,14.96872000496379,14.968816231963515,9.622699972489102e-05,1334,0,9,0,weights_on_pim_prefill-1024xdecode_64_ops_trace.csv,9.622699972489102e-05,9.622699972489102e-05,1.1701127090305714e-05,-8.45258726345853e-05,0.12159920940857295,0
decode,L9_FFN_W3_s0,FFN_W3,PIM1,pim,NAIVE,14.96872000496379,14.968809735963516,8.973099972564569e-05,1335,0,9,0,weights_on_pim_prefill-1024xdecode_64_ops_trace.csv,8.973099972564569e-05,8.973099972564569e-05,1.091121862607939e-05,-7.88197810995663e-05,0.12159920940857293,0
decode,L9_FFN_W1_s1,FFN_W1,PIM1,pim,NAIVE,14.968809735963516,14.96890596296324,9.622699972489102e-05,1336,0,9,1,weights_on_pim_prefill-1024xdecode_64_ops_trace.csv,9.622699972489102e-05,9.622699972489102e-05,1.1701127090305712e-05,-8.45258726345853e-05,0.12159920940857293,0
decode,L9_FFN_W3_s1,FFN_W3,PIM0,pim,NAIVE,14.968816231963515,14.96890596296324,8.973099972564569e-05,1337,0,9,1,weights_on_pim_prefill-1024xdecode_64_ops_trace.csv,8.973099972564569e-05,8.973099972564569e-05,1.0911218626079391e-05,-7.88197810995663e-05,0.12159920940857294,0
decode,L9_SwiGLU_s0,SwiGLU,GPU0,npu,NAIVE,14.968822471750723,14.968829691891337,7.220140611607917e-06,1338,0,9,0,weights_on_pim_prefill-1024xdecode_64_ops_trace.csv,7.220140611607917e-06,7.220140611607917e-06,1.7518216580903718e-05,1.0298075969295801e-05,2.4262985339564502,0
decode,L9_SwiGLU_s1,SwiGLU,GPU0,npu,NAIVE,14.968912202750449,14.96891942289106,7.220140611607917e-06,1339,0,9,1,weights_on_pim_prefill-1024xdecode_64_ops_trace.csv,7.220140611607917e-06,7.220140611607917e-06,1.7518216580903718e-05,1.0298075969295801e-05,2.4262985339564502,0
decode,L9_FFN_W2_s0,FFN_W2,PIM0,pim,NAIVE,14.96890596296324,14.969000253962966,9.429099972457776e-05,1340,0,9,0,weights_on_pim_prefill-1024xdecode_64_ops_trace.csv,9.429099972457776e-05,9.429099972457776e-05,1.1465711020852624e-05,-8.282528870372513e-05,0.12159920940857294,0
decode,L9_FFN_W2_s1,FFN_W2,PIM1,pim,NAIVE,14.968925647678269,14.969019938677992,9.429099972457776e-05,1341,0,9,1,weights_on_pim_prefill-1024xdecode_64_ops_trace.csv,9.429099972457776e-05,9.429099972457776e-05,1.1465711020852624e-05,-8.282528870372513e-05,0.12159920940857294,0
decode,L9_AllReduce_FFN,ALLREDUCE,COMM,comm,COMM,14.969019938677992,14.969021965235916,2.026557922363281e-06,1342,0,9,-1,weights_on_pim_prefill-1024xdecode_64_ops_trace.csv,2.026557922363281e-06,2.026557922363281e-06,2.026557922363281e-06,0.0,1.0,0
decode,L9_Add2,Add,GPU0,npu,NAIVE,14.969027074485094,14.96903401389206,6.939406967276796e-06,1343,0,9,-1,weights_on_pim_prefill-1024xdecode_64_ops_trace.csv,6.939406967276796e-06,6.939406967276796e-06,1.6837072951230866e-05,9.897665983954071e-06,2.4262985339564502,0
decode,L10_LN,LN,GPU0,npu,NAIVE,14.96903401389206,14.969069323496706,3.530960464459554e-05,1344,0,10,-1,weights_on_pim_prefill-1024xdecode_64_ops_trace.csv,3.530960464459554e-05,3.530960464459554e-05,8.567164198376401e-05,5.0362037339168477e-05,2.4262985339564502,0
decode,L10_Q_s0,Q,PIM0,pim,NAIVE,14.969074288454628,14.969110666128945,3.637767431641237e-05,1345,0,10,0,weights_on_pim_prefill-1024xdecode_64_ops_trace.csv,3.637767431641237e-05,3.637767431641237e-05,4.423496436998293e-06,-3.195417787941407e-05,0.12159920940857294,0
decode,L10_K_s0,K,PIM0,pim,NAIVE,14.969110666128945,14.96914704380326,3.637767431641237e-05,1346,0,10,0,weights_on_pim_prefill-1024xdecode_64_ops_trace.csv,3.637767431641237e-05,3.637767431641237e-05,4.423496436998293e-06,-3.195417787941407e-05,0.12159920940857294,0
decode,L10_V_s0,V,PIM0,pim,NAIVE,14.96914704380326,14.969183421477576,3.637767431641237e-05,1347,0,10,0,weights_on_pim_prefill-1024xdecode_64_ops_trace.csv,3.637767431641237e-05,3.637767431641237e-05,4.423496436998293e-06,-3.195417787941407e-05,0.12159920940857294,0
decode,L10_Q_s1,Q,PIM1,pim,NAIVE,14.969074288454628,14.969110666128945,3.637767431641237e-05,1348,0,10,1,weights_on_pim_prefill-1024xdecode_64_ops_trace.csv,3.637767431641237e-05,3.637767431641237e-05,4.423496436998292e-06,-3.195417787941408e-05,0.12159920940857293,0
decode,L10_K_s1,K,PIM1,pim,NAIVE,14.969110666128945,14.96914704380326,3.637767431641237e-05,1349,0,10,1,weights_on_pim_prefill-1024xdecode_64_ops_trace.csv,3.637767431641237e-05,3.637767431641237e-05,4.423496436998292e-06,-3.195417787941408e-05,0.12159920940857293,0
decode,L10_V_s1,V,PIM1,pim,NAIVE,14.96914704380326,14.969183421477576,3.637767431641237e-05,1350,0,10,1,weights_on_pim_prefill-1024xdecode_64_ops_trace.csv,3.637767431641237e-05,3.637767431641237e-05,4.423496436998292e-06,-3.195417787941408e-05,0.12159920940857293,0
decode,L10_K_write_s0,K_write,PIM0,pim,NAIVE,14.969183421477576,14.969183451477578,3.000000070585429e-08,1351,0,10,0,weights_on_pim_prefill-1024xdecode_64_ops_trace.csv,3.000000070585429e-08,3.000000070585429e-08,3.000000070585429e-08,0.0,1.0,0
decode,L10_QK_s0,QK,GPU0,npu,NAIVE,14.970506289400497,14.970509058266137,2.7688656416557933e-06,1352,0,10,0,weights_on_pim_prefill-1024xdecode_64_ops_trace.csv,2.7688656416557933e-06,2.7688656416557933e-06,6.718094647071836e-06,3.9492290054160426e-06,2.42629853395645,0
decode,L10_V_write_s0,V_write,PIM0,pim,NAIVE,14.96918857147758,14.96918860147758,3.000000070585429e-08,1353,0,10,0,weights_on_pim_prefill-1024xdecode_64_ops_trace.csv,3.000000070585429e-08,3.000000070585429e-08,3.000000070585429e-08,0.0,1.0,0
decode,L10_K_write_s1,K_write,PIM1,pim,NAIVE,14.969183421477576,14.969183451477578,3.000000070585429e-08,1354,0,10,1,weights_on_pim_prefill-1024xdecode_64_ops_trace.csv,3.000000070585429e-08,3.000000070585429e-08,3.000000070585429e-08,0.0,1.0,0
decode,L10_QK_s1,QK,GPU0,npu,NAIVE,14.970509058266137,14.970511827131778,2.7688656416557933e-06,1355,0,10,1,weights_on_pim_prefill-1024xdecode_64_ops_trace.csv,2.7688656416557933e-06,2.7688656416557933e-06,6.718094647071836e-06,3.9492290054160426e-06,2.42629853395645,0
decode,L10_V_write_s1,V_write,PIM1,pim,NAIVE,14.96918857147758,14.96918860147758,3.000000070585429e-08,1356,0,10,1,weights_on_pim_prefill-1024xdecode_64_ops_trace.csv,3.000000070585429e-08,3.000000070585429e-08,3.000000070585429e-08,0.0,1.0,0
decode,L10_Softmax_s0,Softmax,GPU0,npu,NAIVE,14.970511827131778,14.970512065550356,2.384185791015625e-07,1357,0,10,0,weights_on_pim_prefill-1024xdecode_64_ops_trace.csv,2.384185791015625e-07,2.384185791015625e-07,5.784746489421011e-07,3.4005606984053856e-07,2.4262985339564502,0
decode,L10_Softmax_s1,Softmax,GPU0,npu,NAIVE,14.970512065550356,14.970512303968937,2.384185791015625e-07,1358,0,10,1,weights_on_pim_prefill-1024xdecode_64_ops_trace.csv,2.384185791015625e-07,2.384185791015625e-07,5.784746489421011e-07,3.4005606984053856e-07,2.4262985339564502,0
decode,L10_SV_s0,SV,GPU0,npu,NAIVE,14.971834903473274,14.971837672338916,2.7688656416557933e-06,1359,0,10,0,weights_on_pim_prefill-1024xdecode_64_ops_trace.csv,2.7688656416557933e-06,2.7688656416557933e-06,6.718094647071836e-06,3.9492290054160426e-06,2.42629853395645,0
decode,L10_SV_s1,SV,GPU0,npu,NAIVE,14.971837672338916,14.971840441204558,2.7688656416557933e-06,1360,0,10,1,weights_on_pim_prefill-1024xdecode_64_ops_trace.csv,2.7688656416557933e-06,2.7688656416557933e-06,6.718094647071836e-06,3.9492290054160426e-06,2.42629853395645,0
decode,L10_O_s0,O,PIM0,pim,NAIVE,14.971840804817877,14.971874254492192,3.344967431573309e-05,1361,0,10,0,weights_on_pim_prefill-1024xdecode_64_ops_trace.csv,3.344967431573309e-05,3.344967431573309e-05,4.067453951767392e-06,-2.93822203639657e-05,0.12159920940857295,0
decode,L10_O_s1,O,PIM1,pim,NAIVE,14.971843573683518,14.971877023357834,3.344967431573309e-05,1362,0,10,1,weights_on_pim_prefill-1024xdecode_64_ops_trace.csv,3.344967431573309e-05,3.344967431573309e-05,4.0674539517673915e-06,-2.93822203639657e-05,0.12159920940857293,0
decode,L10_AllReduce_O,ALLREDUCE,COMM,comm,COMM,14.971877023357834,14.971879049915756,2.026557922363281e-06,1363,0,10,-1,weights_on_pim_prefill-1024xdecode_64_ops_trace.csv,2.026557922363281e-06,2.026557922363281e-06,2.026557922363281e-06,0.0,1.0,0
decode,L10_Add1,Add,GPU0,npu,NAIVE,14.971884159164937,14.971891098571902,6.939406967276796e-06,1364,0,10,-1,weights_on_pim_prefill-1024xdecode_64_ops_trace.csv,6.939406967276796e-06,6.939406967276796e-06,1.6837072951230866e-05,9.897665983954071e-06,2.4262985339564502,0
decode,L10_LN2,LN,GPU0,npu,NAIVE,14.971891098571902,14.971926408176548,3.530960464459554e-05,1365,0,10,-1,weights_on_pim_prefill-1024xdecode_64_ops_trace.csv,3.530960464459554e-05,3.530960464459554e-05,8.567164198376401e-05,5.0362037339168477e-05,2.4262985339564502,0
decode,L10_FFN_W1_s0,FFN_W1,PIM0,pim,NAIVE,14.971931373134469,14.972027600134194,9.622699972489102e-05,1366,0,10,0,weights_on_pim_prefill-1024xdecode_64_ops_trace.csv,9.622699972489102e-05,9.622699972489102e-05,1.1701127090305714e-05,-8.45258726345853e-05,0.12159920940857295,0
decode,L10_FFN_W3_s0,FFN_W3,PIM1,pim,NAIVE,14.971931373134469,14.972021104134194,8.973099972564569e-05,1367,0,10,0,weights_on_pim_prefill-1024xdecode_64_ops_trace.csv,8.973099972564569e-05,8.973099972564569e-05,1.091121862607939e-05,-7.88197810995663e-05,0.12159920940857293,0
decode,L10_FFN_W1_s1,FFN_W1,PIM1,pim,NAIVE,14.972021104134194,14.97211733113392,9.622699972489102e-05,1368,0,10,1,weights_on_pim_prefill-1024xdecode_64_ops_trace.csv,9.622699972489102e-05,9.622699972489102e-05,1.1701127090305712e-05,-8.45258726345853e-05,0.12159920940857293,0
decode,L10_FFN_W3_s1,FFN_W3,PIM0,pim,NAIVE,14.972027600134194,14.97211733113392,8.973099972564569e-05,1369,0,10,1,weights_on_pim_prefill-1024xdecode_64_ops_trace.csv,8.973099972564569e-05,8.973099972564569e-05,1.0911218626079391e-05,-7.88197810995663e-05,0.12159920940857294,0
decode,L10_SwiGLU_s0,SwiGLU,GPU0,npu,NAIVE,14.9720338399214,14.972041060062011,7.220140611607917e-06,1370,0,10,0,weights_on_pim_prefill-1024xdecode_64_ops_trace.csv,7.220140611607917e-06,7.220140611607917e-06,1.7518216580903718e-05,1.0298075969295801e-05,2.4262985339564502,0
decode,L10_SwiGLU_s1,SwiGLU,GPU0,npu,NAIVE,14.972123570921129,14.97213079106174,7.220140611607917e-06,1371,0,10,1,weights_on_pim_prefill-1024xdecode_64_ops_trace.csv,7.220140611607917e-06,7.220140611607917e-06,1.7518216580903718e-05,1.0298075969295801e-05,2.4262985339564502,0
decode,L10_FFN_W2_s0,FFN_W2,PIM0,pim,NAIVE,14.97211733113392,14.972211622133644,9.429099972457776e-05,1372,0,10,0,weights_on_pim_prefill-1024xdecode_64_ops_trace.csv,9.429099972457776e-05,9.429099972457776e-05,1.1465711020852624e-05,-8.282528870372513e-05,0.12159920940857294,0
decode,L10_FFN_W2_s1,FFN_W2,PIM1,pim,NAIVE,14.972137015848949,14.972231306848672,9.429099972457776e-05,1373,0,10,1,weights_on_pim_prefill-1024xdecode_64_ops_trace.csv,9.429099972457776e-05,9.429099972457776e-05,1.1465711020852624e-05,-8.282528870372513e-05,0.12159920940857294,0
decode,L10_AllReduce_FFN,ALLREDUCE,COMM,comm,COMM,14.972231306848672,14.972233333406594,2.026557922363281e-06,1374,0,10,-1,weights_on_pim_prefill-1024xdecode_64_ops_trace.csv,2.026557922363281e-06,2.026557922363281e-06,2.026557922363281e-06,0.0,1.0,0
decode,L10_Add2,Add,GPU0,npu,NAIVE,14.972238442655772,14.97224538206274,6.939406967276796e-06,1375,0,10,-1,weights_on_pim_prefill-1024xdecode_64_ops_trace.csv,6.939406967276796e-06,6.939406967276796e-06,1.6837072951230866e-05,9.897665983954071e-06,2.4262985339564502,0
decode,L11_LN,LN,GPU0,npu,NAIVE,14.97224538206274,14.972280691667384,3.530960464459554e-05,1376,0,11,-1,weights_on_pim_prefill-1024xdecode_64_ops_trace.csv,3.530960464459554e-05,3.530960464459554e-05,8.567164198376401e-05,5.0362037339168477e-05,2.4262985339564502,0
decode,L11_Q_s0,Q,PIM0,pim,NAIVE,14.972285656625306,14.972322034299625,3.637767431641237e-05,1377,0,11,0,weights_on_pim_prefill-1024xdecode_64_ops_trace.csv,3.637767431641237e-05,3.637767431641237e-05,4.423496436998293e-06,-3.195417787941407e-05,0.12159920940857294,0
decode,L11_K_s0,K,PIM0,pim,NAIVE,14.972322034299625,14.97235841197394,3.637767431641237e-05,1378,0,11,0,weights_on_pim_prefill-1024xdecode_64_ops_trace.csv,3.637767431641237e-05,3.637767431641237e-05,4.423496436998293e-06,-3.195417787941407e-05,0.12159920940857294,0
decode,L11_V_s0,V,PIM0,pim,NAIVE,14.97235841197394,14.972394789648256,3.637767431641237e-05,1379,0,11,0,weights_on_pim_prefill-1024xdecode_64_ops_trace.csv,3.637767431641237e-05,3.637767431641237e-05,4.423496436998293e-06,-3.195417787941407e-05,0.12159920940857294,0
decode,L11_Q_s1,Q,PIM1,pim,NAIVE,14.972285656625306,14.972322034299625,3.637767431641237e-05,1380,0,11,1,weights_on_pim_prefill-1024xdecode_64_ops_trace.csv,3.637767431641237e-05,3.637767431641237e-05,4.423496436998292e-06,-3.195417787941408e-05,0.12159920940857293,0
decode,L11_K_s1,K,PIM1,pim,NAIVE,14.972322034299625,14.97235841197394,3.637767431641237e-05,1381,0,11,1,weights_on_pim_prefill-1024xdecode_64_ops_trace.csv,3.637767431641237e-05,3.637767431641237e-05,4.423496436998292e-06,-3.195417787941408e-05,0.12159920940857293,0
decode,L11_V_s1,V,PIM1,pim,NAIVE,14.97235841197394,14.972394789648256,3.637767431641237e-05,1382,0,11,1,weights_on_pim_prefill-1024xdecode_64_ops_trace.csv,3.637767431641237e-05,3.637767431641237e-05,4.423496436998292e-06,-3.195417787941408e-05,0.12159920940857293,0
decode,L11_K_write_s0,K_write,PIM0,pim,NAIVE,14.972394789648256,14.972394819648256,3.000000070585429e-08,1383,0,11,0,weights_on_pim_prefill-1024xdecode_64_ops_trace.csv,3.000000070585429e-08,3.000000070585429e-08,3.000000070585429e-08,0.0,1.0,0
decode,L11_QK_s0,QK,GPU0,npu,NAIVE,14.973717657571171,14.973720426436817,2.7688656416557933e-06,1384,0,11,0,weights_on_pim_prefill-1024xdecode_64_ops_trace.csv,2.7688656416557933e-06,2.7688656416557933e-06,6.718094647071836e-06,3.9492290054160426e-06,2.42629853395645,0
decode,L11_V_write_s0,V_write,PIM0,pim,NAIVE,14.972399939648255,14.972399969648258,3.000000070585429e-08,1385,0,11,0,weights_on_pim_prefill-1024xdecode_64_ops_trace.csv,3.000000070585429e-08,3.000000070585429e-08,3.000000070585429e-08,0.0,1.0,0
decode,L11_K_write_s1,K_write,PIM1,pim,NAIVE,14.972394789648256,14.972394819648256,3.000000070585429e-08,1386,0,11,1,weights_on_pim_prefill-1024xdecode_64_ops_trace.csv,3.000000070585429e-08,3.000000070585429e-08,3.000000070585429e-08,0.0,1.0,0
decode,L11_QK_s1,QK,GPU0,npu,NAIVE,14.973720426436817,14.973723195302457,2.7688656416557933e-06,1387,0,11,1,weights_on_pim_prefill-1024xdecode_64_ops_trace.csv,2.7688656416557933e-06,2.7688656416557933e-06,6.718094647071836e-06,3.9492290054160426e-06,2.42629853395645,0
decode,L11_V_write_s1,V_write,PIM1,pim,NAIVE,14.972399939648255,14.972399969648258,3.000000070585429e-08,1388,0,11,1,weights_on_pim_prefill-1024xdecode_64_ops_trace.csv,3.000000070585429e-08,3.000000070585429e-08,3.000000070585429e-08,0.0,1.0,0
decode,L11_Softmax_s0,Softmax,GPU0,npu,NAIVE,14.973723195302457,14.973723433721036,2.384185791015625e-07,1389,0,11,0,weights_on_pim_prefill-1024xdecode_64_ops_trace.csv,2.384185791015625e-07,2.384185791015625e-07,5.784746489421011e-07,3.4005606984053856e-07,2.4262985339564502,0
decode,L11_Softmax_s1,Softmax,GPU0,npu,NAIVE,14.973723433721036,14.973723672139617,2.384185791015625e-07,1390,0,11,1,weights_on_pim_prefill-1024xdecode_64_ops_trace.csv,2.384185791015625e-07,2.384185791015625e-07,5.784746489421011e-07,3.4005606984053856e-07,2.4262985339564502,0
decode,L11_SV_s0,SV,GPU0,npu,NAIVE,14.975046271643953,14.975049040509594,2.7688656416557933e-06,1391,0,11,0,weights_on_pim_prefill-1024xdecode_64_ops_trace.csv,2.7688656416557933e-06,2.7688656416557933e-06,6.718094647071836e-06,3.9492290054160426e-06,2.42629853395645,0
decode,L11_SV_s1,SV,GPU0,npu,NAIVE,14.975049040509594,14.975051809375236,2.7688656416557933e-06,1392,0,11,1,weights_on_pim_prefill-1024xdecode_64_ops_trace.csv,2.7688656416557933e-06,2.7688656416557933e-06,6.718094647071836e-06,3.9492290054160426e-06,2.42629853395645,0
decode,L11_O_s0,O,PIM0,pim,NAIVE,14.975052172988557,14.97508562266287,3.344967431573309e-05,1393,0,11,0,weights_on_pim_prefill-1024xdecode_64_ops_trace.csv,3.344967431573309e-05,3.344967431573309e-05,4.067453951767392e-06,-2.93822203639657e-05,0.12159920940857295,0
decode,L11_O_s1,O,PIM1,pim,NAIVE,14.975054941854196,14.975088391528512,3.344967431573309e-05,1394,0,11,1,weights_on_pim_prefill-1024xdecode_64_ops_trace.csv,3.344967431573309e-05,3.344967431573309e-05,4.0674539517673915e-06,-2.93822203639657e-05,0.12159920940857293,0
decode,L11_AllReduce_O,ALLREDUCE,COMM,comm,COMM,14.975088391528512,14.975090418086436,2.026557922363281e-06,1395,0,11,-1,weights_on_pim_prefill-1024xdecode_64_ops_trace.csv,2.026557922363281e-06,2.026557922363281e-06,2.026557922363281e-06,0.0,1.0,0
decode,L11_Add1,Add,GPU0,npu,NAIVE,14.975095527335611,14.97510246674258,6.939406967276796e-06,1396,0,11,-1,weights_on_pim_prefill-1024xdecode_64_ops_trace.csv,6.939406967276796e-06,6.939406967276796e-06,1.6837072951230866e-05,9.897665983954071e-06,2.4262985339564502,0
decode,L11_LN2,LN,GPU0,npu,NAIVE,14.97510246674258,14.975137776347225,3.530960464459554e-05,1397,0,11,-1,weights_on_pim_prefill-1024xdecode_64_ops_trace.csv,3.530960464459554e-05,3.530960464459554e-05,8.567164198376401e-05,5.0362037339168477e-05,2.4262985339564502,0
decode,L11_FFN_W1_s0,FFN_W1,PIM0,pim,NAIVE,14.975142741305149,14.975238968304872,9.622699972489102e-05,1398,0,11,0,weights_on_pim_prefill-1024xdecode_64_ops_trace.csv,9.622699972489102e-05,9.622699972489102e-05,1.1701127090305714e-05,-8.45258726345853e-05,0.12159920940857295,0
decode,L11_FFN_W3_s0,FFN_W3,PIM1,pim,NAIVE,14.975142741305149,14.975232472304873,8.973099972564569e-05,1399,0,11,0,weights_on_pim_prefill-1024xdecode_64_ops_trace.csv,8.973099972564569e-05,8.973099972564569e-05,1.091121862607939e-05,-7.88197810995663e-05,0.12159920940857293,0
decode,L11_FFN_W1_s1,FFN_W1,PIM1,pim,NAIVE,14.975232472304873,14.975328699304598,9.622699972489102e-05,1400,0,11,1,weights_on_pim_prefill-1024xdecode_64_ops_trace.csv,9.622699972489102e-05,9.622699972489102e-05,1.1701127090305712e-05,-8.45258726345853e-05,0.12159920940857293,0
decode,L11_FFN_W3_s1,FFN_W3,PIM0,pim,NAIVE,14.975238968304872,14.975328699304598,8.973099972564569e-05,1401,0,11,1,weights_on_pim_prefill-1024xdecode_64_ops_trace.csv,8.973099972564569e-05,8.973099972564569e-05,1.0911218626079391e-05,-7.88197810995663e-05,0.12159920940857294,0
decode,L11_SwiGLU_s0,SwiGLU,GPU0,npu,NAIVE,14.97524520809208,14.975252428232691,7.220140611607917e-06,1402,0,11,0,weights_on_pim_prefill-1024xdecode_64_ops_trace.csv,7.220140611607917e-06,7.220140611607917e-06,1.7518216580903718e-05,1.0298075969295801e-05,2.4262985339564502,0
decode,L11_SwiGLU_s1,SwiGLU,GPU0,npu,NAIVE,14.975334939091804,14.975342159232415,7.220140611607917e-06,1403,0,11,1,weights_on_pim_prefill-1024xdecode_64_ops_trace.csv,7.220140611607917e-06,7.220140611607917e-06,1.7518216580903718e-05,1.0298075969295801e-05,2.4262985339564502,0
decode,L11_FFN_W2_s0,FFN_W2,PIM0,pim,NAIVE,14.975328699304598,14.975422990304322,9.429099972457776e-05,1404,0,11,0,weights_on_pim_prefill-1024xdecode_64_ops_trace.csv,9.429099972457776e-05,9.429099972457776e-05,1.1465711020852624e-05,-8.282528870372513e-05,0.12159920940857294,0
decode,L11_FFN_W2_s1,FFN_W2,PIM1,pim,NAIVE,14.975348384019624,14.97544267501935,9.429099972457776e-05,1405,0,11,1,weights_on_pim_prefill-1024xdecode_64_ops_trace.csv,9.429099972457776e-05,9.429099972457776e-05,1.1465711020852624e-05,-8.282528870372513e-05,0.12159920940857294,0
decode,L11_AllReduce_FFN,ALLREDUCE,COMM,comm,COMM,14.97544267501935,14.975444701577272,2.026557922363281e-06,1406,0,11,-1,weights_on_pim_prefill-1024xdecode_64_ops_trace.csv,2.026557922363281e-06,2.026557922363281e-06,2.026557922363281e-06,0.0,1.0,0
decode,L11_Add2,Add,GPU0,npu,NAIVE,14.97544981082645,14.975456750233418,6.939406967276796e-06,1407,0,11,-1,weights_on_pim_prefill-1024xdecode_64_ops_trace.csv,6.939406967276796e-06,6.939406967276796e-06,1.6837072951230866e-05,9.897665983954071e-06,2.4262985339564502,0
decode,L12_LN,LN,GPU0,npu,NAIVE,14.975456750233418,14.975492059838064,3.530960464459554e-05,1408,0,12,-1,weights_on_pim_prefill-1024xdecode_64_ops_trace.csv,3.530960464459554e-05,3.530960464459554e-05,8.567164198376401e-05,5.0362037339168477e-05,2.4262985339564502,0
decode,L12_Q_s0,Q,PIM0,pim,NAIVE,14.975497024795985,14.9755334024703,3.637767431641237e-05,1409,0,12,0,weights_on_pim_prefill-1024xdecode_64_ops_trace.csv,3.637767431641237e-05,3.637767431641237e-05,4.423496436998293e-06,-3.195417787941407e-05,0.12159920940857294,0
decode,L12_K_s0,K,PIM0,pim,NAIVE,14.9755334024703,14.975569780144616,3.637767431641237e-05,1410,0,12,0,weights_on_pim_prefill-1024xdecode_64_ops_trace.csv,3.637767431641237e-05,3.637767431641237e-05,4.423496436998293e-06,-3.195417787941407e-05,0.12159920940857294,0
decode,L12_V_s0,V,PIM0,pim,NAIVE,14.975569780144616,14.975606157818934,3.637767431641237e-05,1411,0,12,0,weights_on_pim_prefill-1024xdecode_64_ops_trace.csv,3.637767431641237e-05,3.637767431641237e-05,4.423496436998293e-06,-3.195417787941407e-05,0.12159920940857294,0
decode,L12_Q_s1,Q,PIM1,pim,NAIVE,14.975497024795985,14.9755334024703,3.637767431641237e-05,1412,0,12,1,weights_on_pim_prefill-1024xdecode_64_ops_trace.csv,3.637767431641237e-05,3.637767431641237e-05,4.423496436998292e-06,-3.195417787941408e-05,0.12159920940857293,0
decode,L12_K_s1,K,PIM1,pim,NAIVE,14.9755334024703,14.975569780144616,3.637767431641237e-05,1413,0,12,1,weights_on_pim_prefill-1024xdecode_64_ops_trace.csv,3.637767431641237e-05,3.637767431641237e-05,4.423496436998292e-06,-3.195417787941408e-05,0.12159920940857293,0
decode,L12_V_s1,V,PIM1,pim,NAIVE,14.975569780144616,14.975606157818934,3.637767431641237e-05,1414,0,12,1,weights_on_pim_prefill-1024xdecode_64_ops_trace.csv,3.637767431641237e-05,3.637767431641237e-05,4.423496436998292e-06,-3.195417787941408e-05,0.12159920940857293,0
decode,L12_K_write_s0,K_write,PIM0,pim,NAIVE,14.975606157818934,14.975606187818936,3.000000070585429e-08,1415,0,12,0,weights_on_pim_prefill-1024xdecode_64_ops_trace.csv,3.000000070585429e-08,3.000000070585429e-08,3.000000070585429e-08,0.0,1.0,0
decode,L12_QK_s0,QK,GPU0,npu,NAIVE,14.976929025741851,14.976931794607491,2.7688656416557933e-06,1416,0,12,0,weights_on_pim_prefill-1024xdecode_64_ops_trace.csv,2.7688656416557933e-06,2.7688656416557933e-06,6.718094647071836e-06,3.9492290054160426e-06,2.42629853395645,0
decode,L12_V_write_s0,V_write,PIM0,pim,NAIVE,14.975611307818935,14.975611337818936,3.000000070585429e-08,1417,0,12,0,weights_on_pim_prefill-1024xdecode_64_ops_trace.csv,3.000000070585429e-08,3.000000070585429e-08,3.000000070585429e-08,0.0,1.0,0
decode,L12_K_write_s1,K_write,PIM1,pim,NAIVE,14.975606157818934,14.975606187818936,3.000000070585429e-08,1418,0,12,1,weights_on_pim_prefill-1024xdecode_64_ops_trace.csv,3.000000070585429e-08,3.000000070585429e-08,3.000000070585429e-08,0.0,1.0,0
decode,L12_QK_s1,QK,GPU0,npu,NAIVE,14.976931794607491,14.976934563473137,2.7688656416557933e-06,1419,0,12,1,weights_on_pim_prefill-1024xdecode_64_ops_trace.csv,2.7688656416557933e-06,2.7688656416557933e-06,6.718094647071836e-06,3.9492290054160426e-06,2.42629853395645,0
decode,L12_V_write_s1,V_write,PIM1,pim,NAIVE,14.975611307818935,14.975611337818936,3.000000070585429e-08,1420,0,12,1,weights_on_pim_prefill-1024xdecode_64_ops_trace.csv,3.000000070585429e-08,3.000000070585429e-08,3.000000070585429e-08,0.0,1.0,0
decode,L12_Softmax_s0,Softmax,GPU0,npu,NAIVE,14.976934563473137,14.976934801891714,2.384185791015625e-07,1421,0,12,0,weights_on_pim_prefill-1024xdecode_64_ops_trace.csv,2.384185791015625e-07,2.384185791015625e-07,5.784746489421011e-07,3.4005606984053856e-07,2.4262985339564502,0
decode,L12_Softmax_s1,Softmax,GPU0,npu,NAIVE,14.976934801891714,14.976935040310291,2.384185791015625e-07,1422,0,12,1,weights_on_pim_prefill-1024xdecode_64_ops_trace.csv,2.384185791015625e-07,2.384185791015625e-07,5.784746489421011e-07,3.4005606984053856e-07,2.4262985339564502,0
decode,L12_SV_s0,SV,GPU0,npu,NAIVE,14.97825763981463,14.978260408680272,2.7688656416557933e-06,1423,0,12,0,weights_on_pim_prefill-1024xdecode_64_ops_trace.csv,2.7688656416557933e-06,2.7688656416557933e-06,6.718094647071836e-06,3.9492290054160426e-06,2.42629853395645,0
decode,L12_SV_s1,SV,GPU0,npu,NAIVE,14.978260408680272,14.978263177545914,2.7688656416557933e-06,1424,0,12,1,weights_on_pim_prefill-1024xdecode_64_ops_trace.csv,2.7688656416557933e-06,2.7688656416557933e-06,6.718094647071836e-06,3.9492290054160426e-06,2.42629853395645,0
decode,L12_O_s0,O,PIM0,pim,NAIVE,14.978263541159231,14.978296990833549,3.344967431573309e-05,1425,0,12,0,weights_on_pim_prefill-1024xdecode_64_ops_trace.csv,3.344967431573309e-05,3.344967431573309e-05,4.067453951767392e-06,-2.93822203639657e-05,0.12159920940857295,0
decode,L12_O_s1,O,PIM1,pim,NAIVE,14.978266310024877,14.97829975969919,3.344967431573309e-05,1426,0,12,1,weights_on_pim_prefill-1024xdecode_64_ops_trace.csv,3.344967431573309e-05,3.344967431573309e-05,4.0674539517673915e-06,-2.93822203639657e-05,0.12159920940857293,0
decode,L12_AllReduce_O,ALLREDUCE,COMM,comm,COMM,14.97829975969919,14.978301786257113,2.026557922363281e-06,1427,0,12,-1,weights_on_pim_prefill-1024xdecode_64_ops_trace.csv,2.026557922363281e-06,2.026557922363281e-06,2.026557922363281e-06,0.0,1.0,0
decode,L12_Add1,Add,GPU0,npu,NAIVE,14.978306895506291,14.97831383491326,6.939406967276796e-06,1428,0,12,-1,weights_on_pim_prefill-1024xdecode_64_ops_trace.csv,6.939406967276796e-06,6.939406967276796e-06,1.6837072951230866e-05,9.897665983954071e-06,2.4262985339564502,0
decode,L12_LN2,LN,GPU0,npu,NAIVE,14.97831383491326,14.978349144517903,3.530960464459554e-05,1429,0,12,-1,weights_on_pim_prefill-1024xdecode_64_ops_trace.csv,3.530960464459554e-05,3.530960464459554e-05,8.567164198376401e-05,5.0362037339168477e-05,2.4262985339564502,0
decode,L12_FFN_W1_s0,FFN_W1,PIM0,pim,NAIVE,14.978354109475823,14.97845033647555,9.622699972489102e-05,1430,0,12,0,weights_on_pim_prefill-1024xdecode_64_ops_trace.csv,9.622699972489102e-05,9.622699972489102e-05,1.1701127090305714e-05,-8.45258726345853e-05,0.12159920940857295,0
decode,L12_FFN_W3_s0,FFN_W3,PIM1,pim,NAIVE,14.978354109475823,14.97844384047555,8.973099972564569e-05,1431,0,12,0,weights_on_pim_prefill-1024xdecode_64_ops_trace.csv,8.973099972564569e-05,8.973099972564569e-05,1.091121862607939e-05,-7.88197810995663e-05,0.12159920940857293,0
decode,L12_FFN_W1_s1,FFN_W1,PIM1,pim,NAIVE,14.97844384047555,14.978540067475276,9.622699972489102e-05,1432,0,12,1,weights_on_pim_prefill-1024xdecode_64_ops_trace.csv,9.622699972489102e-05,9.622699972489102e-05,1.1701127090305712e-05,-8.45258726345853e-05,0.12159920940857293,0
decode,L12_FFN_W3_s1,FFN_W3,PIM0,pim,NAIVE,14.97845033647555,14.978540067475276,8.973099972564569e-05,1433,0,12,1,weights_on_pim_prefill-1024xdecode_64_ops_trace.csv,8.973099972564569e-05,8.973099972564569e-05,1.0911218626079391e-05,-7.88197810995663e-05,0.12159920940857294,0
decode,L12_SwiGLU_s0,SwiGLU,GPU0,npu,NAIVE,14.978456576262758,14.97846379640337,7.220140611607917e-06,1434,0,12,0,weights_on_pim_prefill-1024xdecode_64_ops_trace.csv,7.220140611607917e-06,7.220140611607917e-06,1.7518216580903718e-05,1.0298075969295801e-05,2.4262985339564502,0
decode,L12_SwiGLU_s1,SwiGLU,GPU0,npu,NAIVE,14.978546307262484,14.978553527403095,7.220140611607917e-06,1435,0,12,1,weights_on_pim_prefill-1024xdecode_64_ops_trace.csv,7.220140611607917e-06,7.220140611607917e-06,1.7518216580903718e-05,1.0298075969295801e-05,2.4262985339564502,0
decode,L12_FFN_W2_s0,FFN_W2,PIM0,pim,NAIVE,14.978540067475276,14.978634358475,9.429099972457776e-05,1436,0,12,0,weights_on_pim_prefill-1024xdecode_64_ops_trace.csv,9.429099972457776e-05,9.429099972457776e-05,1.1465711020852624e-05,-8.282528870372513e-05,0.12159920940857294,0
decode,L12_FFN_W2_s1,FFN_W2,PIM1,pim,NAIVE,14.978559752190304,14.978654043190028,9.429099972457776e-05,1437,0,12,1,weights_on_pim_prefill-1024xdecode_64_ops_trace.csv,9.429099972457776e-05,9.429099972457776e-05,1.1465711020852624e-05,-8.282528870372513e-05,0.12159920940857294,0
decode,L12_AllReduce_FFN,ALLREDUCE,COMM,comm,COMM,14.978654043190028,14.97865606974795,2.026557922363281e-06,1438,0,12,-1,weights_on_pim_prefill-1024xdecode_64_ops_trace.csv,2.026557922363281e-06,2.026557922363281e-06,2.026557922363281e-06,0.0,1.0,0
decode,L12_Add2,Add,GPU0,npu,NAIVE,14.978661178997127,14.978668118404096,6.939406967276796e-06,1439,0,12,-1,weights_on_pim_prefill-1024xdecode_64_ops_trace.csv,6.939406967276796e-06,6.939406967276796e-06,1.6837072951230866e-05,9.897665983954071e-06,2.4262985339564502,0
decode,L13_LN,LN,GPU0,npu,NAIVE,14.978668118404096,14.97870342800874,3.530960464459554e-05,1440,0,13,-1,weights_on_pim_prefill-1024xdecode_64_ops_trace.csv,3.530960464459554e-05,3.530960464459554e-05,8.567164198376401e-05,5.0362037339168477e-05,2.4262985339564502,0
decode,L13_Q_s0,Q,PIM0,pim,NAIVE,14.978708392966665,14.97874477064098,3.637767431641237e-05,1441,0,13,0,weights_on_pim_prefill-1024xdecode_64_ops_trace.csv,3.637767431641237e-05,3.637767431641237e-05,4.423496436998293e-06,-3.195417787941407e-05,0.12159920940857294,0
decode,L13_K_s0,K,PIM0,pim,NAIVE,14.97874477064098,14.978781148315296,3.637767431641237e-05,1442,0,13,0,weights_on_pim_prefill-1024xdecode_64_ops_trace.csv,3.637767431641237e-05,3.637767431641237e-05,4.423496436998293e-06,-3.195417787941407e-05,0.12159920940857294,0
decode,L13_V_s0,V,PIM0,pim,NAIVE,14.978781148315296,14.978817525989612,3.637767431641237e-05,1443,0,13,0,weights_on_pim_prefill-1024xdecode_64_ops_trace.csv,3.637767431641237e-05,3.637767431641237e-05,4.423496436998293e-06,-3.195417787941407e-05,0.12159920940857294,0
decode,L13_Q_s1,Q,PIM1,pim,NAIVE,14.978708392966665,14.97874477064098,3.637767431641237e-05,1444,0,13,1,weights_on_pim_prefill-1024xdecode_64_ops_trace.csv,3.637767431641237e-05,3.637767431641237e-05,4.423496436998292e-06,-3.195417787941408e-05,0.12159920940857293,0
decode,L13_K_s1,K,PIM1,pim,NAIVE,14.97874477064098,14.978781148315296,3.637767431641237e-05,1445,0,13,1,weights_on_pim_prefill-1024xdecode_64_ops_trace.csv,3.637767431641237e-05,3.637767431641237e-05,4.423496436998292e-06,-3.195417787941408e-05,0.12159920940857293,0
decode,L13_V_s1,V,PIM1,pim,NAIVE,14.978781148315296,14.978817525989612,3.637767431641237e-05,1446,0,13,1,weights_on_pim_prefill-1024xdecode_64_ops_trace.csv,3.637767431641237e-05,3.637767431641237e-05,4.423496436998292e-06,-3.195417787941408e-05,0.12159920940857293,0
decode,L13_K_write_s0,K_write,PIM0,pim,NAIVE,14.978817525989612,14.978817555989613,3.000000070585429e-08,1447,0,13,0,weights_on_pim_prefill-1024xdecode_64_ops_trace.csv,3.000000070585429e-08,3.000000070585429e-08,3.000000070585429e-08,0.0,1.0,0
decode,L13_QK_s0,QK,GPU0,npu,NAIVE,14.98014039391253,14.980143162778171,2.7688656416557933e-06,1448,0,13,0,weights_on_pim_prefill-1024xdecode_64_ops_trace.csv,2.7688656416557933e-06,2.7688656416557933e-06,6.718094647071836e-06,3.9492290054160426e-06,2.42629853395645,0
decode,L13_V_write_s0,V_write,PIM0,pim,NAIVE,14.978822675989614,14.978822705989614,3.000000070585429e-08,1449,0,13,0,weights_on_pim_prefill-1024xdecode_64_ops_trace.csv,3.000000070585429e-08,3.000000070585429e-08,3.000000070585429e-08,0.0,1.0,0
decode,L13_K_write_s1,K_write,PIM1,pim,NAIVE,14.978817525989612,14.978817555989613,3.000000070585429e-08,1450,0,13,1,weights_on_pim_prefill-1024xdecode_64_ops_trace.csv,3.000000070585429e-08,3.000000070585429e-08,3.000000070585429e-08,0.0,1.0,0
decode,L13_QK_s1,QK,GPU0,npu,NAIVE,14.980143162778171,14.980145931643811,2.7688656416557933e-06,1451,0,13,1,weights_on_pim_prefill-1024xdecode_64_ops_trace.csv,2.7688656416557933e-06,2.7688656416557933e-06,6.718094647071836e-06,3.9492290054160426e-06,2.42629853395645,0
decode,L13_V_write_s1,V_write,PIM1,pim,NAIVE,14.978822675989614,14.978822705989614,3.000000070585429e-08,1452,0,13,1,weights_on_pim_prefill-1024xdecode_64_ops_trace.csv,3.000000070585429e-08,3.000000070585429e-08,3.000000070585429e-08,0.0,1.0,0
decode,L13_Softmax_s0,Softmax,GPU0,npu,NAIVE,14.980145931643811,14.980146170062392,2.384185791015625e-07,1453,0,13,0,weights_on_pim_prefill-1024xdecode_64_ops_trace.csv,2.384185791015625e-07,2.384185791015625e-07,5.784746489421011e-07,3.4005606984053856e-07,2.4262985339564502,0
decode,L13_Softmax_s1,Softmax,GPU0,npu,NAIVE,14.980146170062392,14.980146408480971,2.384185791015625e-07,1454,0,13,1,weights_on_pim_prefill-1024xdecode_64_ops_trace.csv,2.384185791015625e-07,2.384185791015625e-07,5.784746489421011e-07,3.4005606984053856e-07,2.4262985339564502,0
decode,L13_SV_s0,SV,GPU0,npu,NAIVE,14.981469007985307,14.98147177685095,2.7688656416557933e-06,1455,0,13,0,weights_on_pim_prefill-1024xdecode_64_ops_trace.csv,2.7688656416557933e-06,2.7688656416557933e-06,6.718094647071836e-06,3.9492290054160426e-06,2.42629853395645,0
decode,L13_SV_s1,SV,GPU0,npu,NAIVE,14.98147177685095,14.981474545716592,2.7688656416557933e-06,1456,0,13,1,weights_on_pim_prefill-1024xdecode_64_ops_trace.csv,2.7688656416557933e-06,2.7688656416557933e-06,6.718094647071836e-06,3.9492290054160426e-06,2.42629853395645,0
decode,L13_O_s0,O,PIM0,pim,NAIVE,14.981474909329911,14.981508359004229,3.344967431573309e-05,1457,0,13,0,weights_on_pim_prefill-1024xdecode_64_ops_trace.csv,3.344967431573309e-05,3.344967431573309e-05,4.067453951767392e-06,-2.93822203639657e-05,0.12159920940857295,0
decode,L13_O_s1,O,PIM1,pim,NAIVE,14.981477678195551,14.981511127869869,3.344967431573309e-05,1458,0,13,1,weights_on_pim_prefill-1024xdecode_64_ops_trace.csv,3.344967431573309e-05,3.344967431573309e-05,4.0674539517673915e-06,-2.93822203639657e-05,0.12159920940857293,0
decode,L13_AllReduce_O,ALLREDUCE,COMM,comm,COMM,14.981511127869869,14.981513154427793,2.026557922363281e-06,1459,0,13,-1,weights_on_pim_prefill-1024xdecode_64_ops_trace.csv,2.026557922363281e-06,2.026557922363281e-06,2.026557922363281e-06,0.0,1.0,0
decode,L13_Add1,Add,GPU0,npu,NAIVE,14.98151826367697,14.981525203083937,6.939406967276796e-06,1460,0,13,-1,weights_on_pim_prefill-1024xdecode_64_ops_trace.csv,6.939406967276796e-06,6.939406967276796e-06,1.6837072951230866e-05,9.897665983954071e-06,2.4262985339564502,0
decode,L13_LN2,LN,GPU0,npu,NAIVE,14.981525203083937,14.98156051268858,3.530960464459554e-05,1461,0,13,-1,weights_on_pim_prefill-1024xdecode_64_ops_trace.csv,3.530960464459554e-05,3.530960464459554e-05,8.567164198376401e-05,5.0362037339168477e-05,2.4262985339564502,0
decode,L13_FFN_W1_s0,FFN_W1,PIM0,pim,NAIVE,14.981565477646503,14.981661704646228,9.622699972489102e-05,1462,0,13,0,weights_on_pim_prefill-1024xdecode_64_ops_trace.csv,9.622699972489102e-05,9.622699972489102e-05,1.1701127090305714e-05,-8.45258726345853e-05,0.12159920940857295,0
decode,L13_FFN_W3_s0,FFN_W3,PIM1,pim,NAIVE,14.981565477646503,14.98165520864623,8.973099972564569e-05,1463,0,13,0,weights_on_pim_prefill-1024xdecode_64_ops_trace.csv,8.973099972564569e-05,8.973099972564569e-05,1.091121862607939e-05,-7.88197810995663e-05,0.12159920940857293,0
decode,L13_FFN_W1_s1,FFN_W1,PIM1,pim,NAIVE,14.98165520864623,14.981751435645954,9.622699972489102e-05,1464,0,13,1,weights_on_pim_prefill-1024xdecode_64_ops_trace.csv,9.622699972489102e-05,9.622699972489102e-05,1.1701127090305712e-05,-8.45258726345853e-05,0.12159920940857293,0
decode,L13_FFN_W3_s1,FFN_W3,PIM0,pim,NAIVE,14.981661704646228,14.981751435645954,8.973099972564569e-05,1465,0,13,1,weights_on_pim_prefill-1024xdecode_64_ops_trace.csv,8.973099972564569e-05,8.973099972564569e-05,1.0911218626079391e-05,-7.88197810995663e-05,0.12159920940857294,0
decode,L13_SwiGLU_s0,SwiGLU,GPU0,npu,NAIVE,14.981667944433436,14.981675164574048,7.220140611607917e-06,1466,0,13,0,weights_on_pim_prefill-1024xdecode_64_ops_trace.csv,7.220140611607917e-06,7.220140611607917e-06,1.7518216580903718e-05,1.0298075969295801e-05,2.4262985339564502,0
decode,L13_SwiGLU_s1,SwiGLU,GPU0,npu,NAIVE,14.981757675433162,14.981764895573772,7.220140611607917e-06,1467,0,13,1,weights_on_pim_prefill-1024xdecode_64_ops_trace.csv,7.220140611607917e-06,7.220140611607917e-06,1.7518216580903718e-05,1.0298075969295801e-05,2.4262985339564502,0
decode,L13_FFN_W2_s0,FFN_W2,PIM0,pim,NAIVE,14.981751435645954,14.98184572664568,9.429099972457776e-05,1468,0,13,0,weights_on_pim_prefill-1024xdecode_64_ops_trace.csv,9.429099972457776e-05,9.429099972457776e-05,1.1465711020852624e-05,-8.282528870372513e-05,0.12159920940857294,0
decode,L13_FFN_W2_s1,FFN_W2,PIM1,pim,NAIVE,14.981771120360982,14.981865411360706,9.429099972457776e-05,1469,0,13,1,weights_on_pim_prefill-1024xdecode_64_ops_trace.csv,9.429099972457776e-05,9.429099972457776e-05,1.1465711020852624e-05,-8.282528870372513e-05,0.12159920940857294,0
decode,L13_AllReduce_FFN,ALLREDUCE,COMM,comm,COMM,14.981865411360706,14.981867437918629,2.026557922363281e-06,1470,0,13,-1,weights_on_pim_prefill-1024xdecode_64_ops_trace.csv,2.026557922363281e-06,2.026557922363281e-06,2.026557922363281e-06,0.0,1.0,0
decode,L13_Add2,Add,GPU0,npu,NAIVE,14.981872547167807,14.981879486574774,6.939406967276796e-06,1471,0,13,-1,weights_on_pim_prefill-1024xdecode_64_ops_trace.csv,6.939406967276796e-06,6.939406967276796e-06,1.6837072951230866e-05,9.897665983954071e-06,2.4262985339564502,0
decode,L14_LN,LN,GPU0,npu,NAIVE,14.981879486574774,14.98191479617942,3.530960464459554e-05,1472,0,14,-1,weights_on_pim_prefill-1024xdecode_64_ops_trace.csv,3.530960464459554e-05,3.530960464459554e-05,8.567164198376401e-05,5.0362037339168477e-05,2.4262985339564502,0
decode,L14_Q_s0,Q,PIM0,pim,NAIVE,14.98191976113734,14.981956138811658,3.637767431641237e-05,1473,0,14,0,weights_on_pim_prefill-1024xdecode_64_ops_trace.csv,3.637767431641237e-05,3.637767431641237e-05,4.423496436998293e-06,-3.195417787941407e-05,0.12159920940857294,0
decode,L14_K_s0,K,PIM0,pim,NAIVE,14.981956138811658,14.981992516485974,3.637767431641237e-05,1474,0,14,0,weights_on_pim_prefill-1024xdecode_64_ops_trace.csv,3.637767431641237e-05,3.637767431641237e-05,4.423496436998293e-06,-3.195417787941407e-05,0.12159920940857294,0
decode,L14_V_s0,V,PIM0,pim,NAIVE,14.981992516485974,14.98202889416029,3.637767431641237e-05,1475,0,14,0,weights_on_pim_prefill-1024xdecode_64_ops_trace.csv,3.637767431641237e-05,3.637767431641237e-05,4.423496436998293e-06,-3.195417787941407e-05,0.12159920940857294,0
decode,L14_Q_s1,Q,PIM1,pim,NAIVE,14.98191976113734,14.981956138811658,3.637767431641237e-05,1476,0,14,1,weights_on_pim_prefill-1024xdecode_64_ops_trace.csv,3.637767431641237e-05,3.637767431641237e-05,4.423496436998292e-06,-3.195417787941408e-05,0.12159920940857293,0
decode,L14_K_s1,K,PIM1,pim,NAIVE,14.981956138811658,14.981992516485974,3.637767431641237e-05,1477,0,14,1,weights_on_pim_prefill-1024xdecode_64_ops_trace.csv,3.637767431641237e-05,3.637767431641237e-05,4.423496436998292e-06,-3.195417787941408e-05,0.12159920940857293,0
decode,L14_V_s1,V,PIM1,pim,NAIVE,14.981992516485974,14.98202889416029,3.637767431641237e-05,1478,0,14,1,weights_on_pim_prefill-1024xdecode_64_ops_trace.csv,3.637767431641237e-05,3.637767431641237e-05,4.423496436998292e-06,-3.195417787941408e-05,0.12159920940857293,0
decode,L14_K_write_s0,K_write,PIM0,pim,NAIVE,14.98202889416029,14.982028924160293,3.000000070585429e-08,1479,0,14,0,weights_on_pim_prefill-1024xdecode_64_ops_trace.csv,3.000000070585429e-08,3.000000070585429e-08,3.000000070585429e-08,0.0,1.0,0
decode,L14_QK_s0,QK,GPU0,npu,NAIVE,14.983351762083208,14.98335453094885,2.7688656416557933e-06,1480,0,14,0,weights_on_pim_prefill-1024xdecode_64_ops_trace.csv,2.7688656416557933e-06,2.7688656416557933e-06,6.718094647071836e-06,3.9492290054160426e-06,2.42629853395645,0
decode,L14_V_write_s0,V_write,PIM0,pim,NAIVE,14.982034044160292,14.982034074160293,3.000000070585429e-08,1481,0,14,0,weights_on_pim_prefill-1024xdecode_64_ops_trace.csv,3.000000070585429e-08,3.000000070585429e-08,3.000000070585429e-08,0.0,1.0,0
decode,L14_K_write_s1,K_write,PIM1,pim,NAIVE,14.98202889416029,14.982028924160293,3.000000070585429e-08,1482,0,14,1,weights_on_pim_prefill-1024xdecode_64_ops_trace.csv,3.000000070585429e-08,3.000000070585429e-08,3.000000070585429e-08,0.0,1.0,0
decode,L14_QK_s1,QK,GPU0,npu,NAIVE,14.98335453094885,14.983357299814491,2.7688656416557933e-06,1483,0,14,1,weights_on_pim_prefill-1024xdecode_64_ops_trace.csv,2.7688656416557933e-06,2.7688656416557933e-06,6.718094647071836e-06,3.9492290054160426e-06,2.42629853395645,0
decode,L14_V_write_s1,V_write,PIM1,pim,NAIVE,14.982034044160292,14.982034074160293,3.000000070585429e-08,1484,0,14,1,weights_on_pim_prefill-1024xdecode_64_ops_trace.csv,3.000000070585429e-08,3.000000070585429e-08,3.000000070585429e-08,0.0,1.0,0
decode,L14_Softmax_s0,Softmax,GPU0,npu,NAIVE,14.983357299814491,14.98335753823307,2.384185791015625e-07,1485,0,14,0,weights_on_pim_prefill-1024xdecode_64_ops_trace.csv,2.384185791015625e-07,2.384185791015625e-07,5.784746489421011e-07,3.4005606984053856e-07,2.4262985339564502,0
decode,L14_Softmax_s1,Softmax,GPU0,npu,NAIVE,14.98335753823307,14.98335777665165,2.384185791015625e-07,1486,0,14,1,weights_on_pim_prefill-1024xdecode_64_ops_trace.csv,2.384185791015625e-07,2.384185791015625e-07,5.784746489421011e-07,3.4005606984053856e-07,2.4262985339564502,0
decode,L14_SV_s0,SV,GPU0,npu,NAIVE,14.984680376155987,14.984683145021627,2.7688656416557933e-06,1487,0,14,0,weights_on_pim_prefill-1024xdecode_64_ops_trace.csv,2.7688656416557933e-06,2.7688656416557933e-06,6.718094647071836e-06,3.9492290054160426e-06,2.42629853395645,0
decode,L14_SV_s1,SV,GPU0,npu,NAIVE,14.984683145021627,14.98468591388727,2.7688656416557933e-06,1488,0,14,1,weights_on_pim_prefill-1024xdecode_64_ops_trace.csv,2.7688656416557933e-06,2.7688656416557933e-06,6.718094647071836e-06,3.9492290054160426e-06,2.42629853395645,0
decode,L14_O_s0,O,PIM0,pim,NAIVE,14.98468627750059,14.984719727174904,3.344967431573309e-05,1489,0,14,0,weights_on_pim_prefill-1024xdecode_64_ops_trace.csv,3.344967431573309e-05,3.344967431573309e-05,4.067453951767392e-06,-2.93822203639657e-05,0.12159920940857295,0
decode,L14_O_s1,O,PIM1,pim,NAIVE,14.984689046366231,14.984722496040549,3.344967431573309e-05,1490,0,14,1,weights_on_pim_prefill-1024xdecode_64_ops_trace.csv,3.344967431573309e-05,3.344967431573309e-05,4.0674539517673915e-06,-2.93822203639657e-05,0.12159920940857293,0
decode,L14_AllReduce_O,ALLREDUCE,COMM,comm,COMM,14.984722496040549,14.98472452259847,2.026557922363281e-06,1491,0,14,-1,weights_on_pim_prefill-1024xdecode_64_ops_trace.csv,2.026557922363281e-06,2.026557922363281e-06,2.026557922363281e-06,0.0,1.0,0
decode,L14_Add1,Add,GPU0,npu,NAIVE,14.984729631847648,14.984736571254617,6.939406967276796e-06,1492,0,14,-1,weights_on_pim_prefill-1024xdecode_64_ops_trace.csv,6.939406967276796e-06,6.939406967276796e-06,1.6837072951230866e-05,9.897665983954071e-06,2.4262985339564502,0
decode,L14_LN2,LN,GPU0,npu,NAIVE,14.984736571254617,14.98477188085926,3.530960464459554e-05,1493,0,14,-1,weights_on_pim_prefill-1024xdecode_64_ops_trace.csv,3.530960464459554e-05,3.530960464459554e-05,8.567164198376401e-05,5.0362037339168477e-05,2.4262985339564502,0
decode,L14_FFN_W1_s0,FFN_W1,PIM0,pim,NAIVE,14.984776845817182,14.984873072816908,9.622699972489102e-05,1494,0,14,0,weights_on_pim_prefill-1024xdecode_64_ops_trace.csv,9.622699972489102e-05,9.622699972489102e-05,1.1701127090305714e-05,-8.45258726345853e-05,0.12159920940857295,0
decode,L14_FFN_W3_s0,FFN_W3,PIM1,pim,NAIVE,14.984776845817182,14.984866576816907,8.973099972564569e-05,1495,0,14,0,weights_on_pim_prefill-1024xdecode_64_ops_trace.csv,8.973099972564569e-05,8.973099972564569e-05,1.091121862607939e-05,-7.88197810995663e-05,0.12159920940857293,0
decode,L14_FFN_W1_s1,FFN_W1,PIM1,pim,NAIVE,14.984866576816907,14.984962803816632,9.622699972489102e-05,1496,0,14,1,weights_on_pim_prefill-1024xdecode_64_ops_trace.csv,9.622699972489102e-05,9.622699972489102e-05,1.1701127090305712e-05,-8.45258726345853e-05,0.12159920940857293,0
decode,L14_FFN_W3_s1,FFN_W3,PIM0,pim,NAIVE,14.984873072816908,14.984962803816632,8.973099972564569e-05,1497,0,14,1,weights_on_pim_prefill-1024xdecode_64_ops_trace.csv,8.973099972564569e-05,8.973099972564569e-05,1.0911218626079391e-05,-7.88197810995663e-05,0.12159920940857294,0
decode,L14_SwiGLU_s0,SwiGLU,GPU0,npu,NAIVE,14.984879312604114,14.984886532744726,7.220140611607917e-06,1498,0,14,0,weights_on_pim_prefill-1024xdecode_64_ops_trace.csv,7.220140611607917e-06,7.220140611607917e-06,1.7518216580903718e-05,1.0298075969295801e-05,2.4262985339564502,0
decode,L14_SwiGLU_s1,SwiGLU,GPU0,npu,NAIVE,14.98496904360384,14.984976263744452,7.220140611607917e-06,1499,0,14,1,weights_on_pim_prefill-1024xdecode_64_ops_trace.csv,7.220140611607917e-06,7.220140611607917e-06,1.7518216580903718e-05,1.0298075969295801e-05,2.4262985339564502,0
decode,L14_FFN_W2_s0,FFN_W2,PIM0,pim,NAIVE,14.984962803816632,14.985057094816357,9.429099972457776e-05,1500,0,14,0,weights_on_pim_prefill-1024xdecode_64_ops_trace.csv,9.429099972457776e-05,9.429099972457776e-05,1.1465711020852624e-05,-8.282528870372513e-05,0.12159920940857294,0
decode,L14_FFN_W2_s1,FFN_W2,PIM1,pim,NAIVE,14.98498248853166,14.985076779531385,9.429099972457776e-05,1501,0,14,1,weights_on_pim_prefill-1024xdecode_64_ops_trace.csv,9.429099972457776e-05,9.429099972457776e-05,1.1465711020852624e-05,-8.282528870372513e-05,0.12159920940857294,0
decode,L14_AllReduce_FFN,ALLREDUCE,COMM,comm,COMM,14.985076779531385,14.985078806089309,2.026557922363281e-06,1502,0,14,-1,weights_on_pim_prefill-1024xdecode_64_ops_trace.csv,2.026557922363281e-06,2.026557922363281e-06,2.026557922363281e-06,0.0,1.0,0
decode,L14_Add2,Add,GPU0,npu,NAIVE,14.985083915338484,14.985090854745453,6.939406967276796e-06,1503,0,14,-1,weights_on_pim_prefill-1024xdecode_64_ops_trace.csv,6.939406967276796e-06,6.939406967276796e-06,1.6837072951230866e-05,9.897665983954071e-06,2.4262985339564502,0
decode,L15_LN,LN,GPU0,npu,NAIVE,14.985090854745453,14.985126164350095,3.530960464459554e-05,1504,0,15,-1,weights_on_pim_prefill-1024xdecode_64_ops_trace.csv,3.530960464459554e-05,3.530960464459554e-05,8.567164198376401e-05,5.0362037339168477e-05,2.4262985339564502,0
decode,L15_Q_s0,Q,PIM0,pim,NAIVE,14.98513112930802,14.985167506982336,3.637767431641237e-05,1505,0,15,0,weights_on_pim_prefill-1024xdecode_64_ops_trace.csv,3.637767431641237e-05,3.637767431641237e-05,4.423496436998293e-06,-3.195417787941407e-05,0.12159920940857294,0
decode,L15_K_s0,K,PIM0,pim,NAIVE,14.985167506982336,14.985203884656652,3.637767431641237e-05,1506,0,15,0,weights_on_pim_prefill-1024xdecode_64_ops_trace.csv,3.637767431641237e-05,3.637767431641237e-05,4.423496436998293e-06,-3.195417787941407e-05,0.12159920940857294,0
decode,L15_V_s0,V,PIM0,pim,NAIVE,14.985203884656652,14.985240262330969,3.637767431641237e-05,1507,0,15,0,weights_on_pim_prefill-1024xdecode_64_ops_trace.csv,3.637767431641237e-05,3.637767431641237e-05,4.423496436998293e-06,-3.195417787941407e-05,0.12159920940857294,0
decode,L15_Q_s1,Q,PIM1,pim,NAIVE,14.98513112930802,14.985167506982336,3.637767431641237e-05,1508,0,15,1,weights_on_pim_prefill-1024xdecode_64_ops_trace.csv,3.637767431641237e-05,3.637767431641237e-05,4.423496436998292e-06,-3.195417787941408e-05,0.12159920940857293,0
decode,L15_K_s1,K,PIM1,pim,NAIVE,14.985167506982336,14.985203884656652,3.637767431641237e-05,1509,0,15,1,weights_on_pim_prefill-1024xdecode_64_ops_trace.csv,3.637767431641237e-05,3.637767431641237e-05,4.423496436998292e-06,-3.195417787941408e-05,0.12159920940857293,0
decode,L15_V_s1,V,PIM1,pim,NAIVE,14.985203884656652,14.985240262330969,3.637767431641237e-05,1510,0,15,1,weights_on_pim_prefill-1024xdecode_64_ops_trace.csv,3.637767431641237e-05,3.637767431641237e-05,4.423496436998292e-06,-3.195417787941408e-05,0.12159920940857293,0
decode,L15_K_write_s0,K_write,PIM0,pim,NAIVE,14.985240262330969,14.98524029233097,3.000000070585429e-08,1511,0,15,0,weights_on_pim_prefill-1024xdecode_64_ops_trace.csv,3.000000070585429e-08,3.000000070585429e-08,3.000000070585429e-08,0.0,1.0,0
decode,L15_QK_s0,QK,GPU0,npu,NAIVE,14.986563130253886,14.986565899119528,2.7688656416557933e-06,1512,0,15,0,weights_on_pim_prefill-1024xdecode_64_ops_trace.csv,2.7688656416557933e-06,2.7688656416557933e-06,6.718094647071836e-06,3.9492290054160426e-06,2.42629853395645,0
decode,L15_V_write_s0,V_write,PIM0,pim,NAIVE,14.98524541233097,14.985245442330973,3.000000070585429e-08,1513,0,15,0,weights_on_pim_prefill-1024xdecode_64_ops_trace.csv,3.000000070585429e-08,3.000000070585429e-08,3.000000070585429e-08,0.0,1.0,0
decode,L15_K_write_s1,K_write,PIM1,pim,NAIVE,14.985240262330969,14.98524029233097,3.000000070585429e-08,1514,0,15,1,weights_on_pim_prefill-1024xdecode_64_ops_trace.csv,3.000000070585429e-08,3.000000070585429e-08,3.000000070585429e-08,0.0,1.0,0
decode,L15_QK_s1,QK,GPU0,npu,NAIVE,14.986565899119528,14.98656866798517,2.7688656416557933e-06,1515,0,15,1,weights_on_pim_prefill-1024xdecode_64_ops_trace.csv,2.7688656416557933e-06,2.7688656416557933e-06,6.718094647071836e-06,3.9492290054160426e-06,2.42629853395645,0
decode,L15_V_write_s1,V_write,PIM1,pim,NAIVE,14.98524541233097,14.985245442330973,3.000000070585429e-08,1516,0,15,1,weights_on_pim_prefill-1024xdecode_64_ops_trace.csv,3.000000070585429e-08,3.000000070585429e-08,3.000000070585429e-08,0.0,1.0,0
decode,L15_Softmax_s0,Softmax,GPU0,npu,NAIVE,14.98656866798517,14.986568906403749,2.384185791015625e-07,1517,0,15,0,weights_on_pim_prefill-1024xdecode_64_ops_trace.csv,2.384185791015625e-07,2.384185791015625e-07,5.784746489421011e-07,3.4005606984053856e-07,2.4262985339564502,0
decode,L15_Softmax_s1,Softmax,GPU0,npu,NAIVE,14.986568906403749,14.986569144822328,2.384185791015625e-07,1518,0,15,1,weights_on_pim_prefill-1024xdecode_64_ops_trace.csv,2.384185791015625e-07,2.384185791015625e-07,5.784746489421011e-07,3.4005606984053856e-07,2.4262985339564502,0
decode,L15_SV_s0,SV,GPU0,npu,NAIVE,14.987891744326664,14.987894513192307,2.7688656416557933e-06,1519,0,15,0,weights_on_pim_prefill-1024xdecode_64_ops_trace.csv,2.7688656416557933e-06,2.7688656416557933e-06,6.718094647071836e-06,3.9492290054160426e-06,2.42629853395645,0
decode,L15_SV_s1,SV,GPU0,npu,NAIVE,14.987894513192307,14.987897282057949,2.7688656416557933e-06,1520,0,15,1,weights_on_pim_prefill-1024xdecode_64_ops_trace.csv,2.7688656416557933e-06,2.7688656416557933e-06,6.718094647071836e-06,3.9492290054160426e-06,2.42629853395645,0
decode,L15_O_s0,O,PIM0,pim,NAIVE,14.987897645671268,14.987931095345584,3.344967431573309e-05,1521,0,15,0,weights_on_pim_prefill-1024xdecode_64_ops_trace.csv,3.344967431573309e-05,3.344967431573309e-05,4.067453951767392e-06,-2.93822203639657e-05,0.12159920940857295,0
decode,L15_O_s1,O,PIM1,pim,NAIVE,14.98790041453691,14.987933864211223,3.344967431573309e-05,1522,0,15,1,weights_on_pim_prefill-1024xdecode_64_ops_trace.csv,3.344967431573309e-05,3.344967431573309e-05,4.0674539517673915e-06,-2.93822203639657e-05,0.12159920940857293,0
decode,L15_AllReduce_O,ALLREDUCE,COMM,comm,COMM,14.987933864211223,14.987935890769148,2.026557922363281e-06,1523,0,15,-1,weights_on_pim_prefill-1024xdecode_64_ops_trace.csv,2.026557922363281e-06,2.026557922363281e-06,2.026557922363281e-06,0.0,1.0,0
decode,L15_Add1,Add,GPU0,npu,NAIVE,14.987941000018326,14.987947939425291,6.939406967276796e-06,1524,0,15,-1,weights_on_pim_prefill-1024xdecode_64_ops_trace.csv,6.939406967276796e-06,6.939406967276796e-06,1.6837072951230866e-05,9.897665983954071e-06,2.4262985339564502,0
decode,L15_LN2,LN,GPU0,npu,NAIVE,14.987947939425291,14.987983249029938,3.530960464459554e-05,1525,0,15,-1,weights_on_pim_prefill-1024xdecode_64_ops_trace.csv,3.530960464459554e-05,3.530960464459554e-05,8.567164198376401e-05,5.0362037339168477e-05,2.4262985339564502,0
decode,L15_FFN_W1_s0,FFN_W1,PIM0,pim,NAIVE,14.98798821398786,14.988084440987585,9.622699972489102e-05,1526,0,15,0,weights_on_pim_prefill-1024xdecode_64_ops_trace.csv,9.622699972489102e-05,9.622699972489102e-05,1.1701127090305714e-05,-8.45258726345853e-05,0.12159920940857295,0
decode,L15_FFN_W3_s0,FFN_W3,PIM1,pim,NAIVE,14.98798821398786,14.988077944987586,8.973099972564569e-05,1527,0,15,0,weights_on_pim_prefill-1024xdecode_64_ops_trace.csv,8.973099972564569e-05,8.973099972564569e-05,1.091121862607939e-05,-7.88197810995663e-05,0.12159920940857293,0
decode,L15_FFN_W1_s1,FFN_W1,PIM1,pim,NAIVE,14.988077944987586,14.98817417198731,9.622699972489102e-05,1528,0,15,1,weights_on_pim_prefill-1024xdecode_64_ops_trace.csv,9.622699972489102e-05,9.622699972489102e-05,1.1701127090305712e-05,-8.45258726345853e-05,0.12159920940857293,0
decode,L15_FFN_W3_s1,FFN_W3,PIM0,pim,NAIVE,14.988084440987585,14.98817417198731,8.973099972564569e-05,1529,0,15,1,weights_on_pim_prefill-1024xdecode_64_ops_trace.csv,8.973099972564569e-05,8.973099972564569e-05,1.0911218626079391e-05,-7.88197810995663e-05,0.12159920940857294,0
decode,L15_SwiGLU_s0,SwiGLU,GPU0,npu,NAIVE,14.988090680774793,14.988097900915404,7.220140611607917e-06,1530,0,15,0,weights_on_pim_prefill-1024xdecode_64_ops_trace.csv,7.220140611607917e-06,7.220140611607917e-06,1.7518216580903718e-05,1.0298075969295801e-05,2.4262985339564502,0
decode,L15_SwiGLU_s1,SwiGLU,GPU0,npu,NAIVE,14.988180411774518,14.98818763191513,7.220140611607917e-06,1531,0,15,1,weights_on_pim_prefill-1024xdecode_64_ops_trace.csv,7.220140611607917e-06,7.220140611607917e-06,1.7518216580903718e-05,1.0298075969295801e-05,2.4262985339564502,0
decode,L15_FFN_W2_s0,FFN_W2,PIM0,pim,NAIVE,14.98817417198731,14.988268462987037,9.429099972457776e-05,1532,0,15,0,weights_on_pim_prefill-1024xdecode_64_ops_trace.csv,9.429099972457776e-05,9.429099972457776e-05,1.1465711020852624e-05,-8.282528870372513e-05,0.12159920940857294,0
decode,L15_FFN_W2_s1,FFN_W2,PIM1,pim,NAIVE,14.988193856702338,14.988288147702065,9.429099972457776e-05,1533,0,15,1,weights_on_pim_prefill-1024xdecode_64_ops_trace.csv,9.429099972457776e-05,9.429099972457776e-05,1.1465711020852624e-05,-8.282528870372513e-05,0.12159920940857294,0
decode,L15_AllReduce_FFN,ALLREDUCE,COMM,comm,COMM,14.988288147702065,14.988290174259983,2.026557922363281e-06,1534,0,15,-1,weights_on_pim_prefill-1024xdecode_64_ops_trace.csv,2.026557922363281e-06,2.026557922363281e-06,2.026557922363281e-06,0.0,1.0,0
decode,L15_Add2,Add,GPU0,npu,NAIVE,14.988295283509164,14.988302222916133,6.939406967276796e-06,1535,0,15,-1,weights_on_pim_prefill-1024xdecode_64_ops_trace.csv,6.939406967276796e-06,6.939406967276796e-06,1.6837072951230866e-05,9.897665983954071e-06,2.4262985339564502,0
decode,L16_LN,LN,GPU0,npu,NAIVE,14.988302222916133,14.988337532520775,3.530960464459554e-05,1536,0,16,-1,weights_on_pim_prefill-1024xdecode_64_ops_trace.csv,3.530960464459554e-05,3.530960464459554e-05,8.567164198376401e-05,5.0362037339168477e-05,2.4262985339564502,0
decode,L16_Q_s0,Q,PIM0,pim,NAIVE,14.988342497478698,14.988378875153014,3.637767431641237e-05,1537,0,16,0,weights_on_pim_prefill-1024xdecode_64_ops_trace.csv,3.637767431641237e-05,3.637767431641237e-05,4.423496436998293e-06,-3.195417787941407e-05,0.12159920940857294,0
decode,L16_K_s0,K,PIM0,pim,NAIVE,14.988378875153014,14.98841525282733,3.637767431641237e-05,1538,0,16,0,weights_on_pim_prefill-1024xdecode_64_ops_trace.csv,3.637767431641237e-05,3.637767431641237e-05,4.423496436998293e-06,-3.195417787941407e-05,0.12159920940857294,0
decode,L16_V_s0,V,PIM0,pim,NAIVE,14.98841525282733,14.988451630501649,3.637767431641237e-05,1539,0,16,0,weights_on_pim_prefill-1024xdecode_64_ops_trace.csv,3.637767431641237e-05,3.637767431641237e-05,4.423496436998293e-06,-3.195417787941407e-05,0.12159920940857294,0
decode,L16_Q_s1,Q,PIM1,pim,NAIVE,14.988342497478698,14.988378875153014,3.637767431641237e-05,1540,0,16,1,weights_on_pim_prefill-1024xdecode_64_ops_trace.csv,3.637767431641237e-05,3.637767431641237e-05,4.423496436998292e-06,-3.195417787941408e-05,0.12159920940857293,0
decode,L16_K_s1,K,PIM1,pim,NAIVE,14.988378875153014,14.98841525282733,3.637767431641237e-05,1541,0,16,1,weights_on_pim_prefill-1024xdecode_64_ops_trace.csv,3.637767431641237e-05,3.637767431641237e-05,4.423496436998292e-06,-3.195417787941408e-05,0.12159920940857293,0
decode,L16_V_s1,V,PIM1,pim,NAIVE,14.98841525282733,14.988451630501649,3.637767431641237e-05,1542,0,16,1,weights_on_pim_prefill-1024xdecode_64_ops_trace.csv,3.637767431641237e-05,3.637767431641237e-05,4.423496436998292e-06,-3.195417787941408e-05,0.12159920940857293,0
decode,L16_K_write_s0,K_write,PIM0,pim,NAIVE,14.988451630501649,14.988451660501648,3.000000070585429e-08,1543,0,16,0,weights_on_pim_prefill-1024xdecode_64_ops_trace.csv,3.000000070585429e-08,3.000000070585429e-08,3.000000070585429e-08,0.0,1.0,0
decode,L16_QK_s0,QK,GPU0,npu,NAIVE,14.989774498424564,14.989777267290206,2.7688656416557933e-06,1544,0,16,0,weights_on_pim_prefill-1024xdecode_64_ops_trace.csv,2.7688656416557933e-06,2.7688656416557933e-06,6.718094647071836e-06,3.9492290054160426e-06,2.42629853395645,0
decode,L16_V_write_s0,V_write,PIM0,pim,NAIVE,14.988456780501648,14.98845681050165,3.000000070585429e-08,1545,0,16,0,weights_on_pim_prefill-1024xdecode_64_ops_trace.csv,3.000000070585429e-08,3.000000070585429e-08,3.000000070585429e-08,0.0,1.0,0
decode,L16_K_write_s1,K_write,PIM1,pim,NAIVE,14.988451630501649,14.988451660501648,3.000000070585429e-08,1546,0,16,1,weights_on_pim_prefill-1024xdecode_64_ops_trace.csv,3.000000070585429e-08,3.000000070585429e-08,3.000000070585429e-08,0.0,1.0,0
decode,L16_QK_s1,QK,GPU0,npu,NAIVE,14.989777267290206,14.989780036155848,2.7688656416557933e-06,1547,0,16,1,weights_on_pim_prefill-1024xdecode_64_ops_trace.csv,2.7688656416557933e-06,2.7688656416557933e-06,6.718094647071836e-06,3.9492290054160426e-06,2.42629853395645,0
decode,L16_V_write_s1,V_write,PIM1,pim,NAIVE,14.988456780501648,14.98845681050165,3.000000070585429e-08,1548,0,16,1,weights_on_pim_prefill-1024xdecode_64_ops_trace.csv,3.000000070585429e-08,3.000000070585429e-08,3.000000070585429e-08,0.0,1.0,0
decode,L16_Softmax_s0,Softmax,GPU0,npu,NAIVE,14.989780036155848,14.989780274574429,2.384185791015625e-07,1549,0,16,0,weights_on_pim_prefill-1024xdecode_64_ops_trace.csv,2.384185791015625e-07,2.384185791015625e-07,5.784746489421011e-07,3.4005606984053856e-07,2.4262985339564502,0
decode,L16_Softmax_s1,Softmax,GPU0,npu,NAIVE,14.989780274574429,14.989780512993006,2.384185791015625e-07,1550,0,16,1,weights_on_pim_prefill-1024xdecode_64_ops_trace.csv,2.384185791015625e-07,2.384185791015625e-07,5.784746489421011e-07,3.4005606984053856e-07,2.4262985339564502,0
decode,L16_SV_s0,SV,GPU0,npu,NAIVE,14.991103112497344,14.991105881362984,2.7688656416557933e-06,1551,0,16,0,weights_on_pim_prefill-1024xdecode_64_ops_trace.csv,2.7688656416557933e-06,2.7688656416557933e-06,6.718094647071836e-06,3.9492290054160426e-06,2.42629853395645,0
decode,L16_SV_s1,SV,GPU0,npu,NAIVE,14.991105881362984,14.991108650228629,2.7688656416557933e-06,1552,0,16,1,weights_on_pim_prefill-1024xdecode_64_ops_trace.csv,2.7688656416557933e-06,2.7688656416557933e-06,6.718094647071836e-06,3.9492290054160426e-06,2.42629853395645,0
decode,L16_O_s0,O,PIM0,pim,NAIVE,14.991109013841946,14.991142463516262,3.344967431573309e-05,1553,0,16,0,weights_on_pim_prefill-1024xdecode_64_ops_trace.csv,3.344967431573309e-05,3.344967431573309e-05,4.067453951767392e-06,-2.93822203639657e-05,0.12159920940857295,0
decode,L16_O_s1,O,PIM1,pim,NAIVE,14.991111782707588,14.991145232381903,3.344967431573309e-05,1554,0,16,1,weights_on_pim_prefill-1024xdecode_64_ops_trace.csv,3.344967431573309e-05,3.344967431573309e-05,4.0674539517673915e-06,-2.93822203639657e-05,0.12159920940857293,0
decode,L16_AllReduce_O,ALLREDUCE,COMM,comm,COMM,14.991145232381903,14.991147258939826,2.026557922363281e-06,1555,0,16,-1,weights_on_pim_prefill-1024xdecode_64_ops_trace.csv,2.026557922363281e-06,2.026557922363281e-06,2.026557922363281e-06,0.0,1.0,0
decode,L16_Add1,Add,GPU0,npu,NAIVE,14.991152368189004,14.991159307595971,6.939406967276796e-06,1556,0,16,-1,weights_on_pim_prefill-1024xdecode_64_ops_trace.csv,6.939406967276796e-06,6.939406967276796e-06,1.6837072951230866e-05,9.897665983954071e-06,2.4262985339564502,0
decode,L16_LN2,LN,GPU0,npu,NAIVE,14.991159307595971,14.991194617200616,3.530960464459554e-05,1557,0,16,-1,weights_on_pim_prefill-1024xdecode_64_ops_trace.csv,3.530960464459554e-05,3.530960464459554e-05,8.567164198376401e-05,5.0362037339168477e-05,2.4262985339564502,0
decode,L16_FFN_W1_s0,FFN_W1,PIM0,pim,NAIVE,14.991199582158538,14.991295809158265,9.622699972489102e-05,1558,0,16,0,weights_on_pim_prefill-1024xdecode_64_ops_trace.csv,9.622699972489102e-05,9.622699972489102e-05,1.1701127090305714e-05,-8.45258726345853e-05,0.12159920940857295,0
decode,L16_FFN_W3_s0,FFN_W3,PIM1,pim,NAIVE,14.991199582158538,14.991289313158264,8.973099972564569e-05,1559,0,16,0,weights_on_pim_prefill-1024xdecode_64_ops_trace.csv,8.973099972564569e-05,8.973099972564569e-05,1.091121862607939e-05,-7.88197810995663e-05,0.12159920940857293,0
decode,L16_FFN_W1_s1,FFN_W1,PIM1,pim,NAIVE,14.991289313158264,14.991385540157989,9.622699972489102e-05,1560,0,16,1,weights_on_pim_prefill-1024xdecode_64_ops_trace.csv,9.622699972489102e-05,9.622699972489102e-05,1.1701127090305712e-05,-8.45258726345853e-05,0.12159920940857293,0
decode,L16_FFN_W3_s1,FFN_W3,PIM0,pim,NAIVE,14.991295809158265,14.991385540157989,8.973099972564569e-05,1561,0,16,1,weights_on_pim_prefill-1024xdecode_64_ops_trace.csv,8.973099972564569e-05,8.973099972564569e-05,1.0911218626079391e-05,-7.88197810995663e-05,0.12159920940857294,0
decode,L16_SwiGLU_s0,SwiGLU,GPU0,npu,NAIVE,14.991302048945473,14.991309269086084,7.220140611607917e-06,1562,0,16,0,weights_on_pim_prefill-1024xdecode_64_ops_trace.csv,7.220140611607917e-06,7.220140611607917e-06,1.7518216580903718e-05,1.0298075969295801e-05,2.4262985339564502,0
decode,L16_SwiGLU_s1,SwiGLU,GPU0,npu,NAIVE,14.991391779945197,14.991399000085808,7.220140611607917e-06,1563,0,16,1,weights_on_pim_prefill-1024xdecode_64_ops_trace.csv,7.220140611607917e-06,7.220140611607917e-06,1.7518216580903718e-05,1.0298075969295801e-05,2.4262985339564502,0
decode,L16_FFN_W2_s0,FFN_W2,PIM0,pim,NAIVE,14.991385540157989,14.991479831157712,9.429099972457776e-05,1564,0,16,0,weights_on_pim_prefill-1024xdecode_64_ops_trace.csv,9.429099972457776e-05,9.429099972457776e-05,1.1465711020852624e-05,-8.282528870372513e-05,0.12159920940857294,0
decode,L16_FFN_W2_s1,FFN_W2,PIM1,pim,NAIVE,14.991405224873017,14.99149951587274,9.429099972457776e-05,1565,0,16,1,weights_on_pim_prefill-1024xdecode_64_ops_trace.csv,9.429099972457776e-05,9.429099972457776e-05,1.1465711020852624e-05,-8.282528870372513e-05,0.12159920940857294,0
decode,L16_AllReduce_FFN,ALLREDUCE,COMM,comm,COMM,14.99149951587274,14.991501542430663,2.026557922363281e-06,1566,0,16,-1,weights_on_pim_prefill-1024xdecode_64_ops_trace.csv,2.026557922363281e-06,2.026557922363281e-06,2.026557922363281e-06,0.0,1.0,0
decode,L16_Add2,Add,GPU0,npu,NAIVE,14.991506651679842,14.99151359108681,6.939406967276796e-06,1567,0,16,-1,weights_on_pim_prefill-1024xdecode_64_ops_trace.csv,6.939406967276796e-06,6.939406967276796e-06,1.6837072951230866e-05,9.897665983954071e-06,2.4262985339564502,0
decode,L17_LN,LN,GPU0,npu,NAIVE,14.99151359108681,14.991548900691454,3.530960464459554e-05,1568,0,17,-1,weights_on_pim_prefill-1024xdecode_64_ops_trace.csv,3.530960464459554e-05,3.530960464459554e-05,8.567164198376401e-05,5.0362037339168477e-05,2.4262985339564502,0
decode,L17_Q_s0,Q,PIM0,pim,NAIVE,14.991553865649376,14.991590243323692,3.637767431641237e-05,1569,0,17,0,weights_on_pim_prefill-1024xdecode_64_ops_trace.csv,3.637767431641237e-05,3.637767431641237e-05,4.423496436998293e-06,-3.195417787941407e-05,0.12159920940857294,0
decode,L17_K_s0,K,PIM0,pim,NAIVE,14.991590243323692,14.991626620998009,3.637767431641237e-05,1570,0,17,0,weights_on_pim_prefill-1024xdecode_64_ops_trace.csv,3.637767431641237e-05,3.637767431641237e-05,4.423496436998293e-06,-3.195417787941407e-05,0.12159920940857294,0
decode,L17_V_s0,V,PIM0,pim,NAIVE,14.991626620998009,14.991662998672323,3.637767431641237e-05,1571,0,17,0,weights_on_pim_prefill-1024xdecode_64_ops_trace.csv,3.637767431641237e-05,3.637767431641237e-05,4.423496436998293e-06,-3.195417787941407e-05,0.12159920940857294,0
decode,L17_Q_s1,Q,PIM1,pim,NAIVE,14.991553865649376,14.991590243323692,3.637767431641237e-05,1572,0,17,1,weights_on_pim_prefill-1024xdecode_64_ops_trace.csv,3.637767431641237e-05,3.637767431641237e-05,4.423496436998292e-06,-3.195417787941408e-05,0.12159920940857293,0
decode,L17_K_s1,K,PIM1,pim,NAIVE,14.991590243323692,14.991626620998009,3.637767431641237e-05,1573,0,17,1,weights_on_pim_prefill-1024xdecode_64_ops_trace.csv,3.637767431641237e-05,3.637767431641237e-05,4.423496436998292e-06,-3.195417787941408e-05,0.12159920940857293,0
decode,L17_V_s1,V,PIM1,pim,NAIVE,14.991626620998009,14.991662998672323,3.637767431641237e-05,1574,0,17,1,weights_on_pim_prefill-1024xdecode_64_ops_trace.csv,3.637767431641237e-05,3.637767431641237e-05,4.423496436998292e-06,-3.195417787941408e-05,0.12159920940857293,0
decode,L17_K_write_s0,K_write,PIM0,pim,NAIVE,14.991662998672323,14.991663028672326,3.000000070585429e-08,1575,0,17,0,weights_on_pim_prefill-1024xdecode_64_ops_trace.csv,3.000000070585429e-08,3.000000070585429e-08,3.000000070585429e-08,0.0,1.0,0
decode,L17_QK_s0,QK,GPU0,npu,NAIVE,14.992985866595244,14.992988635460884,2.7688656416557933e-06,1576,0,17,0,weights_on_pim_prefill-1024xdecode_64_ops_trace.csv,2.7688656416557933e-06,2.7688656416557933e-06,6.718094647071836e-06,3.9492290054160426e-06,2.42629853395645,0
decode,L17_V_write_s0,V_write,PIM0,pim,NAIVE,14.991668148672328,14.991668178672327,3.000000070585429e-08,1577,0,17,0,weights_on_pim_prefill-1024xdecode_64_ops_trace.csv,3.000000070585429e-08,3.000000070585429e-08,3.000000070585429e-08,0.0,1.0,0
decode,L17_K_write_s1,K_write,PIM1,pim,NAIVE,14.991662998672323,14.991663028672326,3.000000070585429e-08,1578,0,17,1,weights_on_pim_prefill-1024xdecode_64_ops_trace.csv,3.000000070585429e-08,3.000000070585429e-08,3.000000070585429e-08,0.0,1.0,0
decode,L17_QK_s1,QK,GPU0,npu,NAIVE,14.992988635460884,14.992991404326526,2.7688656416557933e-06,1579,0,17,1,weights_on_pim_prefill-1024xdecode_64_ops_trace.csv,2.7688656416557933e-06,2.7688656416557933e-06,6.718094647071836e-06,3.9492290054160426e-06,2.42629853395645,0
decode,L17_V_write_s1,V_write,PIM1,pim,NAIVE,14.991668148672328,14.991668178672327,3.000000070585429e-08,1580,0,17,1,weights_on_pim_prefill-1024xdecode_64_ops_trace.csv,3.000000070585429e-08,3.000000070585429e-08,3.000000070585429e-08,0.0,1.0,0
decode,L17_Softmax_s0,Softmax,GPU0,npu,NAIVE,14.992991404326526,14.992991642745103,2.384185791015625e-07,1581,0,17,0,weights_on_pim_prefill-1024xdecode_64_ops_trace.csv,2.384185791015625e-07,2.384185791015625e-07,5.784746489421011e-07,3.4005606984053856e-07,2.4262985339564502,0
decode,L17_Softmax_s1,Softmax,GPU0,npu,NAIVE,14.992991642745103,14.992991881163684,2.384185791015625e-07,1582,0,17,1,weights_on_pim_prefill-1024xdecode_64_ops_trace.csv,2.384185791015625e-07,2.384185791015625e-07,5.784746489421011e-07,3.4005606984053856e-07,2.4262985339564502,0
decode,L17_SV_s0,SV,GPU0,npu,NAIVE,14.994314480668022,14.994317249533664,2.7688656416557933e-06,1583,0,17,0,weights_on_pim_prefill-1024xdecode_64_ops_trace.csv,2.7688656416557933e-06,2.7688656416557933e-06,6.718094647071836e-06,3.9492290054160426e-06,2.42629853395645,0
decode,L17_SV_s1,SV,GPU0,npu,NAIVE,14.994317249533664,14.994320018399304,2.7688656416557933e-06,1584,0,17,1,weights_on_pim_prefill-1024xdecode_64_ops_trace.csv,2.7688656416557933e-06,2.7688656416557933e-06,6.718094647071836e-06,3.9492290054160426e-06,2.42629853395645,0
decode,L17_O_s0,O,PIM0,pim,NAIVE,14.994320382012624,14.99435383168694,3.344967431573309e-05,1585,0,17,0,weights_on_pim_prefill-1024xdecode_64_ops_trace.csv,3.344967431573309e-05,3.344967431573309e-05,4.067453951767392e-06,-2.93822203639657e-05,0.12159920940857295,0
decode,L17_O_s1,O,PIM1,pim,NAIVE,14.994323150878266,14.994356600552582,3.344967431573309e-05,1586,0,17,1,weights_on_pim_prefill-1024xdecode_64_ops_trace.csv,3.344967431573309e-05,3.344967431573309e-05,4.0674539517673915e-06,-2.93822203639657e-05,0.12159920940857293,0
decode,L17_AllReduce_O,ALLREDUCE,COMM,comm,COMM,14.994356600552582,14.994358627110504,2.026557922363281e-06,1587,0,17,-1,weights_on_pim_prefill-1024xdecode_64_ops_trace.csv,2.026557922363281e-06,2.026557922363281e-06,2.026557922363281e-06,0.0,1.0,0
decode,L17_Add1,Add,GPU0,npu,NAIVE,14.994363736359682,14.99437067576665,6.939406967276796e-06,1588,0,17,-1,weights_on_pim_prefill-1024xdecode_64_ops_trace.csv,6.939406967276796e-06,6.939406967276796e-06,1.6837072951230866e-05,9.897665983954071e-06,2.4262985339564502,0
decode,L17_LN2,LN,GPU0,npu,NAIVE,14.99437067576665,14.994405985371294,3.530960464459554e-05,1589,0,17,-1,weights_on_pim_prefill-1024xdecode_64_ops_trace.csv,3.530960464459554e-05,3.530960464459554e-05,8.567164198376401e-05,5.0362037339168477e-05,2.4262985339564502,0
decode,L17_FFN_W1_s0,FFN_W1,PIM0,pim,NAIVE,14.994410950329216,14.99450717732894,9.622699972489102e-05,1590,0,17,0,weights_on_pim_prefill-1024xdecode_64_ops_trace.csv,9.622699972489102e-05,9.622699972489102e-05,1.1701127090305714e-05,-8.45258726345853e-05,0.12159920940857295,0
decode,L17_FFN_W3_s0,FFN_W3,PIM1,pim,NAIVE,14.994410950329216,14.994500681328942,8.973099972564569e-05,1591,0,17,0,weights_on_pim_prefill-1024xdecode_64_ops_trace.csv,8.973099972564569e-05,8.973099972564569e-05,1.091121862607939e-05,-7.88197810995663e-05,0.12159920940857293,0
decode,L17_FFN_W1_s1,FFN_W1,PIM1,pim,NAIVE,14.994500681328942,14.994596908328669,9.622699972489102e-05,1592,0,17,1,weights_on_pim_prefill-1024xdecode_64_ops_trace.csv,9.622699972489102e-05,9.622699972489102e-05,1.1701127090305712e-05,-8.45258726345853e-05,0.12159920940857293,0
decode,L17_FFN_W3_s1,FFN_W3,PIM0,pim,NAIVE,14.99450717732894,14.994596908328669,8.973099972564569e-05,1593,0,17,1,weights_on_pim_prefill-1024xdecode_64_ops_trace.csv,8.973099972564569e-05,8.973099972564569e-05,1.0911218626079391e-05,-7.88197810995663e-05,0.12159920940857294,0
decode,L17_SwiGLU_s0,SwiGLU,GPU0,npu,NAIVE,14.99451341711615,14.99452063725676,7.220140611607917e-06,1594,0,17,0,weights_on_pim_prefill-1024xdecode_64_ops_trace.csv,7.220140611607917e-06,7.220140611607917e-06,1.7518216580903718e-05,1.0298075969295801e-05,2.4262985339564502,0
decode,L17_SwiGLU_s1,SwiGLU,GPU0,npu,NAIVE,14.994603148115877,14.994610368256486,7.220140611607917e-06,1595,0,17,1,weights_on_pim_prefill-1024xdecode_64_ops_trace.csv,7.220140611607917e-06,7.220140611607917e-06,1.7518216580903718e-05,1.0298075969295801e-05,2.4262985339564502,0
decode,L17_FFN_W2_s0,FFN_W2,PIM0,pim,NAIVE,14.994596908328669,14.994691199328392,9.429099972457776e-05,1596,0,17,0,weights_on_pim_prefill-1024xdecode_64_ops_trace.csv,9.429099972457776e-05,9.429099972457776e-05,1.1465711020852624e-05,-8.282528870372513e-05,0.12159920940857294,0
decode,L17_FFN_W2_s1,FFN_W2,PIM1,pim,NAIVE,14.994616593043697,14.99471088404342,9.429099972457776e-05,1597,0,17,1,weights_on_pim_prefill-1024xdecode_64_ops_trace.csv,9.429099972457776e-05,9.429099972457776e-05,1.1465711020852624e-05,-8.282528870372513e-05,0.12159920940857294,0
decode,L17_AllReduce_FFN,ALLREDUCE,COMM,comm,COMM,14.99471088404342,14.994712910601342,2.026557922363281e-06,1598,0,17,-1,weights_on_pim_prefill-1024xdecode_64_ops_trace.csv,2.026557922363281e-06,2.026557922363281e-06,2.026557922363281e-06,0.0,1.0,0
decode,L17_Add2,Add,GPU0,npu,NAIVE,14.99471801985052,14.994724959257487,6.939406967276796e-06,1599,0,17,-1,weights_on_pim_prefill-1024xdecode_64_ops_trace.csv,6.939406967276796e-06,6.939406967276796e-06,1.6837072951230866e-05,9.897665983954071e-06,2.4262985339564502,0
decode,L18_LN,LN,GPU0,npu,NAIVE,14.994724959257487,14.994760268862132,3.530960464459554e-05,1600,0,18,-1,weights_on_pim_prefill-1024xdecode_64_ops_trace.csv,3.530960464459554e-05,3.530960464459554e-05,8.567164198376401e-05,5.0362037339168477e-05,2.4262985339564502,0
decode,L18_Q_s0,Q,PIM0,pim,NAIVE,14.994765233820054,14.99480161149437,3.637767431641237e-05,1601,0,18,0,weights_on_pim_prefill-1024xdecode_64_ops_trace.csv,3.637767431641237e-05,3.637767431641237e-05,4.423496436998293e-06,-3.195417787941407e-05,0.12159920940857294,0
decode,L18_K_s0,K,PIM0,pim,NAIVE,14.99480161149437,14.994837989168689,3.637767431641237e-05,1602,0,18,0,weights_on_pim_prefill-1024xdecode_64_ops_trace.csv,3.637767431641237e-05,3.637767431641237e-05,4.423496436998293e-06,-3.195417787941407e-05,0.12159920940857294,0
decode,L18_V_s0,V,PIM0,pim,NAIVE,14.994837989168689,14.994874366843003,3.637767431641237e-05,1603,0,18,0,weights_on_pim_prefill-1024xdecode_64_ops_trace.csv,3.637767431641237e-05,3.637767431641237e-05,4.423496436998293e-06,-3.195417787941407e-05,0.12159920940857294,0
decode,L18_Q_s1,Q,PIM1,pim,NAIVE,14.994765233820054,14.99480161149437,3.637767431641237e-05,1604,0,18,1,weights_on_pim_prefill-1024xdecode_64_ops_trace.csv,3.637767431641237e-05,3.637767431641237e-05,4.423496436998292e-06,-3.195417787941408e-05,0.12159920940857293,0
decode,L18_K_s1,K,PIM1,pim,NAIVE,14.99480161149437,14.994837989168689,3.637767431641237e-05,1605,0,18,1,weights_on_pim_prefill-1024xdecode_64_ops_trace.csv,3.637767431641237e-05,3.637767431641237e-05,4.423496436998292e-06,-3.195417787941408e-05,0.12159920940857293,0
decode,L18_V_s1,V,PIM1,pim,NAIVE,14.994837989168689,14.994874366843003,3.637767431641237e-05,1606,0,18,1,weights_on_pim_prefill-1024xdecode_64_ops_trace.csv,3.637767431641237e-05,3.637767431641237e-05,4.423496436998292e-06,-3.195417787941408e-05,0.12159920940857293,0
decode,L18_K_write_s0,K_write,PIM0,pim,NAIVE,14.994874366843003,14.994874396843004,3.000000070585429e-08,1607,0,18,0,weights_on_pim_prefill-1024xdecode_64_ops_trace.csv,3.000000070585429e-08,3.000000070585429e-08,3.000000070585429e-08,0.0,1.0,0
decode,L18_QK_s0,QK,GPU0,npu,NAIVE,14.99619723476592,14.996200003631564,2.7688656416557933e-06,1608,0,18,0,weights_on_pim_prefill-1024xdecode_64_ops_trace.csv,2.7688656416557933e-06,2.7688656416557933e-06,6.718094647071836e-06,3.9492290054160426e-06,2.42629853395645,0
decode,L18_V_write_s0,V_write,PIM0,pim,NAIVE,14.994879516843003,14.994879546843006,3.000000070585429e-08,1609,0,18,0,weights_on_pim_prefill-1024xdecode_64_ops_trace.csv,3.000000070585429e-08,3.000000070585429e-08,3.000000070585429e-08,0.0,1.0,0
decode,L18_K_write_s1,K_write,PIM1,pim,NAIVE,14.994874366843003,14.994874396843004,3.000000070585429e-08,1610,0,18,1,weights_on_pim_prefill-1024xdecode_64_ops_trace.csv,3.000000070585429e-08,3.000000070585429e-08,3.000000070585429e-08,0.0,1.0,0
decode,L18_QK_s1,QK,GPU0,npu,NAIVE,14.996200003631564,14.996202772497204,2.7688656416557933e-06,1611,0,18,1,weights_on_pim_prefill-1024xdecode_64_ops_trace.csv,2.7688656416557933e-06,2.7688656416557933e-06,6.718094647071836e-06,3.9492290054160426e-06,2.42629853395645,0
decode,L18_V_write_s1,V_write,PIM1,pim,NAIVE,14.994879516843003,14.994879546843006,3.000000070585429e-08,1612,0,18,1,weights_on_pim_prefill-1024xdecode_64_ops_trace.csv,3.000000070585429e-08,3.000000070585429e-08,3.000000070585429e-08,0.0,1.0,0
decode,L18_Softmax_s0,Softmax,GPU0,npu,NAIVE,14.996202772497204,14.996203010915783,2.384185791015625e-07,1613,0,18,0,weights_on_pim_prefill-1024xdecode_64_ops_trace.csv,2.384185791015625e-07,2.384185791015625e-07,5.784746489421011e-07,3.4005606984053856e-07,2.4262985339564502,0
decode,L18_Softmax_s1,Softmax,GPU0,npu,NAIVE,14.996203010915783,14.996203249334362,2.384185791015625e-07,1614,0,18,1,weights_on_pim_prefill-1024xdecode_64_ops_trace.csv,2.384185791015625e-07,2.384185791015625e-07,5.784746489421011e-07,3.4005606984053856e-07,2.4262985339564502,0
decode,L18_SV_s0,SV,GPU0,npu,NAIVE,14.9975258488387,14.997528617704342,2.7688656416557933e-06,1615,0,18,0,weights_on_pim_prefill-1024xdecode_64_ops_trace.csv,2.7688656416557933e-06,2.7688656416557933e-06,6.718094647071836e-06,3.9492290054160426e-06,2.42629853395645,0
decode,L18_SV_s1,SV,GPU0,npu,NAIVE,14.997528617704342,14.997531386569984,2.7688656416557933e-06,1616,0,18,1,weights_on_pim_prefill-1024xdecode_64_ops_trace.csv,2.7688656416557933e-06,2.7688656416557933e-06,6.718094647071836e-06,3.9492290054160426e-06,2.42629853395645,0
decode,L18_O_s0,O,PIM0,pim,NAIVE,14.997531750183304,14.997565199857618,3.344967431573309e-05,1617,0,18,0,weights_on_pim_prefill-1024xdecode_64_ops_trace.csv,3.344967431573309e-05,3.344967431573309e-05,4.067453951767392e-06,-2.93822203639657e-05,0.12159920940857295,0
decode,L18_O_s1,O,PIM1,pim,NAIVE,14.997534519048944,14.99756796872326,3.344967431573309e-05,1618,0,18,1,weights_on_pim_prefill-1024xdecode_64_ops_trace.csv,3.344967431573309e-05,3.344967431573309e-05,4.0674539517673915e-06,-2.93822203639657e-05,0.12159920940857293,0
decode,L18_AllReduce_O,ALLREDUCE,COMM,comm,COMM,14.99756796872326,14.997569995281182,2.026557922363281e-06,1619,0,18,-1,weights_on_pim_prefill-1024xdecode_64_ops_trace.csv,2.026557922363281e-06,2.026557922363281e-06,2.026557922363281e-06,0.0,1.0,0
decode,L18_Add1,Add,GPU0,npu,NAIVE,14.99757510453036,14.997582043937328,6.939406967276796e-06,1620,0,18,-1,weights_on_pim_prefill-1024xdecode_64_ops_trace.csv,6.939406967276796e-06,6.939406967276796e-06,1.6837072951230866e-05,9.897665983954071e-06,2.4262985339564502,0
decode,L18_LN2,LN,GPU0,npu,NAIVE,14.997582043937328,14.997617353541973,3.530960464459554e-05,1621,0,18,-1,weights_on_pim_prefill-1024xdecode_64_ops_trace.csv,3.530960464459554e-05,3.530960464459554e-05,8.567164198376401e-05,5.0362037339168477e-05,2.4262985339564502,0
decode,L18_FFN_W1_s0,FFN_W1,PIM0,pim,NAIVE,14.997622318499896,14.99771854549962,9.622699972489102e-05,1622,0,18,0,weights_on_pim_prefill-1024xdecode_64_ops_trace.csv,9.622699972489102e-05,9.622699972489102e-05,1.1701127090305714e-05,-8.45258726345853e-05,0.12159920940857295,0
decode,L18_FFN_W3_s0,FFN_W3,PIM1,pim,NAIVE,14.997622318499896,14.99771204949962,8.973099972564569e-05,1623,0,18,0,weights_on_pim_prefill-1024xdecode_64_ops_trace.csv,8.973099972564569e-05,8.973099972564569e-05,1.091121862607939e-05,-7.88197810995663e-05,0.12159920940857293,0
decode,L18_FFN_W1_s1,FFN_W1,PIM1,pim,NAIVE,14.99771204949962,14.997808276499343,9.622699972489102e-05,1624,0,18,1,weights_on_pim_prefill-1024xdecode_64_ops_trace.csv,9.622699972489102e-05,9.622699972489102e-05,1.1701127090305712e-05,-8.45258726345853e-05,0.12159920940857293,0
decode,L18_FFN_W3_s1,FFN_W3,PIM0,pim,NAIVE,14.99771854549962,14.997808276499343,8.973099972564569e-05,1625,0,18,1,weights_on_pim_prefill-1024xdecode_64_ops_trace.csv,8.973099972564569e-05,8.973099972564569e-05,1.0911218626079391e-05,-7.88197810995663e-05,0.12159920940857294,0
decode,L18_SwiGLU_s0,SwiGLU,GPU0,npu,NAIVE,14.997724785286827,14.99773200542744,7.220140611607917e-06,1626,0,18,0,weights_on_pim_prefill-1024xdecode_64_ops_trace.csv,7.220140611607917e-06,7.220140611607917e-06,1.7518216580903718e-05,1.0298075969295801e-05,2.4262985339564502,0
decode,L18_SwiGLU_s1,SwiGLU,GPU0,npu,NAIVE,14.997814516286551,14.997821736427165,7.220140611607917e-06,1627,0,18,1,weights_on_pim_prefill-1024xdecode_64_ops_trace.csv,7.220140611607917e-06,7.220140611607917e-06,1.7518216580903718e-05,1.0298075969295801e-05,2.4262985339564502,0
decode,L18_FFN_W2_s0,FFN_W2,PIM0,pim,NAIVE,14.997808276499343,14.99790256749907,9.429099972457776e-05,1628,0,18,0,weights_on_pim_prefill-1024xdecode_64_ops_trace.csv,9.429099972457776e-05,9.429099972457776e-05,1.1465711020852624e-05,-8.282528870372513e-05,0.12159920940857294,0
decode,L18_FFN_W2_s1,FFN_W2,PIM1,pim,NAIVE,14.997827961214371,14.997922252214098,9.429099972457776e-05,1629,0,18,1,weights_on_pim_prefill-1024xdecode_64_ops_trace.csv,9.429099972457776e-05,9.429099972457776e-05,1.1465711020852624e-05,-8.282528870372513e-05,0.12159920940857294,0
decode,L18_AllReduce_FFN,ALLREDUCE,COMM,comm,COMM,14.997922252214098,14.99792427877202,2.026557922363281e-06,1630,0,18,-1,weights_on_pim_prefill-1024xdecode_64_ops_trace.csv,2.026557922363281e-06,2.026557922363281e-06,2.026557922363281e-06,0.0,1.0,0
decode,L18_Add2,Add,GPU0,npu,NAIVE,14.997929388021198,14.997936327428166,6.939406967276796e-06,1631,0,18,-1,weights_on_pim_prefill-1024xdecode_64_ops_trace.csv,6.939406967276796e-06,6.939406967276796e-06,1.6837072951230866e-05,9.897665983954071e-06,2.4262985339564502,0
decode,L19_LN,LN,GPU0,npu,NAIVE,14.997936327428166,14.99797163703281,3.530960464459554e-05,1632,0,19,-1,weights_on_pim_prefill-1024xdecode_64_ops_trace.csv,3.530960464459554e-05,3.530960464459554e-05,8.567164198376401e-05,5.0362037339168477e-05,2.4262985339564502,0
decode,L19_Q_s0,Q,PIM0,pim,NAIVE,14.997976601990732,14.998012979665049,3.637767431641237e-05,1633,0,19,0,weights_on_pim_prefill-1024xdecode_64_ops_trace.csv,3.637767431641237e-05,3.637767431641237e-05,4.423496436998293e-06,-3.195417787941407e-05,0.12159920940857294,0
decode,L19_K_s0,K,PIM0,pim,NAIVE,14.998012979665049,14.998049357339363,3.637767431641237e-05,1634,0,19,0,weights_on_pim_prefill-1024xdecode_64_ops_trace.csv,3.637767431641237e-05,3.637767431641237e-05,4.423496436998293e-06,-3.195417787941407e-05,0.12159920940857294,0
decode,L19_V_s0,V,PIM0,pim,NAIVE,14.998049357339363,14.998085735013682,3.637767431641237e-05,1635,0,19,0,weights_on_pim_prefill-1024xdecode_64_ops_trace.csv,3.637767431641237e-05,3.637767431641237e-05,4.423496436998293e-06,-3.195417787941407e-05,0.12159920940857294,0
decode,L19_Q_s1,Q,PIM1,pim,NAIVE,14.997976601990732,14.998012979665049,3.637767431641237e-05,1636,0,19,1,weights_on_pim_prefill-1024xdecode_64_ops_trace.csv,3.637767431641237e-05,3.637767431641237e-05,4.423496436998292e-06,-3.195417787941408e-05,0.12159920940857293,0
decode,L19_K_s1,K,PIM1,pim,NAIVE,14.998012979665049,14.998049357339363,3.637767431641237e-05,1637,0,19,1,weights_on_pim_prefill-1024xdecode_64_ops_trace.csv,3.637767431641237e-05,3.637767431641237e-05,4.423496436998292e-06,-3.195417787941408e-05,0.12159920940857293,0
decode,L19_V_s1,V,PIM1,pim,NAIVE,14.998049357339363,14.998085735013682,3.637767431641237e-05,1638,0,19,1,weights_on_pim_prefill-1024xdecode_64_ops_trace.csv,3.637767431641237e-05,3.637767431641237e-05,4.423496436998292e-06,-3.195417787941408e-05,0.12159920940857293,0
decode,L19_K_write_s0,K_write,PIM0,pim,NAIVE,14.998085735013682,14.998085765013682,3.000000070585429e-08,1639,0,19,0,weights_on_pim_prefill-1024xdecode_64_ops_trace.csv,3.000000070585429e-08,3.000000070585429e-08,3.000000070585429e-08,0.0,1.0,0
decode,L19_QK_s0,QK,GPU0,npu,NAIVE,14.9994086029366,14.99941137180224,2.7688656416557933e-06,1640,0,19,0,weights_on_pim_prefill-1024xdecode_64_ops_trace.csv,2.7688656416557933e-06,2.7688656416557933e-06,6.718094647071836e-06,3.9492290054160426e-06,2.42629853395645,0
decode,L19_V_write_s0,V_write,PIM0,pim,NAIVE,14.998090885013683,14.998090915013684,3.000000070585429e-08,1641,0,19,0,weights_on_pim_prefill-1024xdecode_64_ops_trace.csv,3.000000070585429e-08,3.000000070585429e-08,3.000000070585429e-08,0.0,1.0,0
decode,L19_K_write_s1,K_write,PIM1,pim,NAIVE,14.998085735013682,14.998085765013682,3.000000070585429e-08,1642,0,19,1,weights_on_pim_prefill-1024xdecode_64_ops_trace.csv,3.000000070585429e-08,3.000000070585429e-08,3.000000070585429e-08,0.0,1.0,0
decode,L19_QK_s1,QK,GPU0,npu,NAIVE,14.99941137180224,14.999414140667882,2.7688656416557933e-06,1643,0,19,1,weights_on_pim_prefill-1024xdecode_64_ops_trace.csv,2.7688656416557933e-06,2.7688656416557933e-06,6.718094647071836e-06,3.9492290054160426e-06,2.42629853395645,0
decode,L19_V_write_s1,V_write,PIM1,pim,NAIVE,14.998090885013683,14.998090915013684,3.000000070585429e-08,1644,0,19,1,weights_on_pim_prefill-1024xdecode_64_ops_trace.csv,3.000000070585429e-08,3.000000070585429e-08,3.000000070585429e-08,0.0,1.0,0
decode,L19_Softmax_s0,Softmax,GPU0,npu,NAIVE,14.999414140667882,14.999414379086462,2.384185791015625e-07,1645,0,19,0,weights_on_pim_prefill-1024xdecode_64_ops_trace.csv,2.384185791015625e-07,2.384185791015625e-07,5.784746489421011e-07,3.4005606984053856e-07,2.4262985339564502,0
decode,L19_Softmax_s1,Softmax,GPU0,npu,NAIVE,14.999414379086462,14.99941461750504,2.384185791015625e-07,1646,0,19,1,weights_on_pim_prefill-1024xdecode_64_ops_trace.csv,2.384185791015625e-07,2.384185791015625e-07,5.784746489421011e-07,3.4005606984053856e-07,2.4262985339564502,0
decode,L19_SV_s0,SV,GPU0,npu,NAIVE,15.000737217009378,15.00073998587502,2.7688656416557933e-06,1647,0,19,0,weights_on_pim_prefill-1024xdecode_64_ops_trace.csv,2.7688656416557933e-06,2.7688656416557933e-06,6.718094647071836e-06,3.9492290054160426e-06,2.42629853395645,0
decode,L19_SV_s1,SV,GPU0,npu,NAIVE,15.00073998587502,15.000742754740662,2.7688656416557933e-06,1648,0,19,1,weights_on_pim_prefill-1024xdecode_64_ops_trace.csv,2.7688656416557933e-06,2.7688656416557933e-06,6.718094647071836e-06,3.9492290054160426e-06,2.42629853395645,0
decode,L19_O_s0,O,PIM0,pim,NAIVE,15.00074311835398,15.000776568028297,3.344967431573309e-05,1649,0,19,0,weights_on_pim_prefill-1024xdecode_64_ops_trace.csv,3.344967431573309e-05,3.344967431573309e-05,4.067453951767392e-06,-2.93822203639657e-05,0.12159920940857295,0
decode,L19_O_s1,O,PIM1,pim,NAIVE,15.000745887219622,15.000779336893938,3.344967431573309e-05,1650,0,19,1,weights_on_pim_prefill-1024xdecode_64_ops_trace.csv,3.344967431573309e-05,3.344967431573309e-05,4.0674539517673915e-06,-2.93822203639657e-05,0.12159920940857293,0
decode,L19_AllReduce_O,ALLREDUCE,COMM,comm,COMM,15.000779336893938,15.00078136345186,2.026557922363281e-06,1651,0,19,-1,weights_on_pim_prefill-1024xdecode_64_ops_trace.csv,2.026557922363281e-06,2.026557922363281e-06,2.026557922363281e-06,0.0,1.0,0
decode,L19_Add1,Add,GPU0,npu,NAIVE,15.00078647270104,15.000793412108006,6.939406967276796e-06,1652,0,19,-1,weights_on_pim_prefill-1024xdecode_64_ops_trace.csv,6.939406967276796e-06,6.939406967276796e-06,1.6837072951230866e-05,9.897665983954071e-06,2.4262985339564502,0
decode,L19_LN2,LN,GPU0,npu,NAIVE,15.000793412108006,15.00082872171265,3.530960464459554e-05,1653,0,19,-1,weights_on_pim_prefill-1024xdecode_64_ops_trace.csv,3.530960464459554e-05,3.530960464459554e-05,8.567164198376401e-05,5.0362037339168477e-05,2.4262985339564502,0
decode,L19_FFN_W1_s0,FFN_W1,PIM0,pim,NAIVE,15.000833686670571,15.000929913670298,9.622699972489102e-05,1654,0,19,0,weights_on_pim_prefill-1024xdecode_64_ops_trace.csv,9.622699972489102e-05,9.622699972489102e-05,1.1701127090305714e-05,-8.45258726345853e-05,0.12159920940857295,0
decode,L19_FFN_W3_s0,FFN_W3,PIM1,pim,NAIVE,15.000833686670571,15.0009234176703,8.973099972564569e-05,1655,0,19,0,weights_on_pim_prefill-1024xdecode_64_ops_trace.csv,8.973099972564569e-05,8.973099972564569e-05,1.091121862607939e-05,-7.88197810995663e-05,0.12159920940857293,0
decode,L19_FFN_W1_s1,FFN_W1,PIM1,pim,NAIVE,15.0009234176703,15.001019644670023,9.622699972489102e-05,1656,0,19,1,weights_on_pim_prefill-1024xdecode_64_ops_trace.csv,9.622699972489102e-05,9.622699972489102e-05,1.1701127090305712e-05,-8.45258726345853e-05,0.12159920940857293,0
decode,L19_FFN_W3_s1,FFN_W3,PIM0,pim,NAIVE,15.000929913670298,15.001019644670023,8.973099972564569e-05,1657,0,19,1,weights_on_pim_prefill-1024xdecode_64_ops_trace.csv,8.973099972564569e-05,8.973099972564569e-05,1.0911218626079391e-05,-7.88197810995663e-05,0.12159920940857294,0
decode,L19_SwiGLU_s0,SwiGLU,GPU0,npu,NAIVE,15.000936153457506,15.000943373598115,7.220140611607917e-06,1658,0,19,0,weights_on_pim_prefill-1024xdecode_64_ops_trace.csv,7.220140611607917e-06,7.220140611607917e-06,1.7518216580903718e-05,1.0298075969295801e-05,2.4262985339564502,0
decode,L19_SwiGLU_s1,SwiGLU,GPU0,npu,NAIVE,15.001025884457231,15.001033104597845,7.220140611607917e-06,1659,0,19,1,weights_on_pim_prefill-1024xdecode_64_ops_trace.csv,7.220140611607917e-06,7.220140611607917e-06,1.7518216580903718e-05,1.0298075969295801e-05,2.4262985339564502,0
decode,L19_FFN_W2_s0,FFN_W2,PIM0,pim,NAIVE,15.001019644670023,15.001113935669748,9.429099972457776e-05,1660,0,19,0,weights_on_pim_prefill-1024xdecode_64_ops_trace.csv,9.429099972457776e-05,9.429099972457776e-05,1.1465711020852624e-05,-8.282528870372513e-05,0.12159920940857294,0
decode,L19_FFN_W2_s1,FFN_W2,PIM1,pim,NAIVE,15.001039329385051,15.001133620384776,9.429099972457776e-05,1661,0,19,1,weights_on_pim_prefill-1024xdecode_64_ops_trace.csv,9.429099972457776e-05,9.429099972457776e-05,1.1465711020852624e-05,-8.282528870372513e-05,0.12159920940857294,0
decode,L19_AllReduce_FFN,ALLREDUCE,COMM,comm,COMM,15.001133620384776,15.001135646942698,2.026557922363281e-06,1662,0,19,-1,weights_on_pim_prefill-1024xdecode_64_ops_trace.csv,2.026557922363281e-06,2.026557922363281e-06,2.026557922363281e-06,0.0,1.0,0
decode,L19_Add2,Add,GPU0,npu,NAIVE,15.001140756191877,15.001147695598844,6.939406967276796e-06,1663,0,19,-1,weights_on_pim_prefill-1024xdecode_64_ops_trace.csv,6.939406967276796e-06,6.939406967276796e-06,1.6837072951230866e-05,9.897665983954071e-06,2.4262985339564502,0
decode,L20_LN,LN,GPU0,npu,NAIVE,15.001147695598844,15.001183005203488,3.530960464459554e-05,1664,0,20,-1,weights_on_pim_prefill-1024xdecode_64_ops_trace.csv,3.530960464459554e-05,3.530960464459554e-05,8.567164198376401e-05,5.0362037339168477e-05,2.4262985339564502,0
decode,L20_Q_s0,Q,PIM0,pim,NAIVE,15.00118797016141,15.001224347835729,3.637767431641237e-05,1665,0,20,0,weights_on_pim_prefill-1024xdecode_64_ops_trace.csv,3.637767431641237e-05,3.637767431641237e-05,4.423496436998293e-06,-3.195417787941407e-05,0.12159920940857294,0
decode,L20_K_s0,K,PIM0,pim,NAIVE,15.001224347835729,15.001260725510043,3.637767431641237e-05,1666,0,20,0,weights_on_pim_prefill-1024xdecode_64_ops_trace.csv,3.637767431641237e-05,3.637767431641237e-05,4.423496436998293e-06,-3.195417787941407e-05,0.12159920940857294,0
decode,L20_V_s0,V,PIM0,pim,NAIVE,15.001260725510043,15.00129710318436,3.637767431641237e-05,1667,0,20,0,weights_on_pim_prefill-1024xdecode_64_ops_trace.csv,3.637767431641237e-05,3.637767431641237e-05,4.423496436998293e-06,-3.195417787941407e-05,0.12159920940857294,0
decode,L20_Q_s1,Q,PIM1,pim,NAIVE,15.00118797016141,15.001224347835729,3.637767431641237e-05,1668,0,20,1,weights_on_pim_prefill-1024xdecode_64_ops_trace.csv,3.637767431641237e-05,3.637767431641237e-05,4.423496436998292e-06,-3.195417787941408e-05,0.12159920940857293,0
decode,L20_K_s1,K,PIM1,pim,NAIVE,15.001224347835729,15.001260725510043,3.637767431641237e-05,1669,0,20,1,weights_on_pim_prefill-1024xdecode_64_ops_trace.csv,3.637767431641237e-05,3.637767431641237e-05,4.423496436998292e-06,-3.195417787941408e-05,0.12159920940857293,0
decode,L20_V_s1,V,PIM1,pim,NAIVE,15.001260725510043,15.00129710318436,3.637767431641237e-05,1670,0,20,1,weights_on_pim_prefill-1024xdecode_64_ops_trace.csv,3.637767431641237e-05,3.637767431641237e-05,4.423496436998292e-06,-3.195417787941408e-05,0.12159920940857293,0
decode,L20_K_write_s0,K_write,PIM0,pim,NAIVE,15.00129710318436,15.00129713318436,3.000000070585429e-08,1671,0,20,0,weights_on_pim_prefill-1024xdecode_64_ops_trace.csv,3.000000070585429e-08,3.000000070585429e-08,3.000000070585429e-08,0.0,1.0,0
decode,L20_QK_s0,QK,GPU0,npu,NAIVE,15.002619971107276,15.00262273997292,2.7688656416557933e-06,1672,0,20,0,weights_on_pim_prefill-1024xdecode_64_ops_trace.csv,2.7688656416557933e-06,2.7688656416557933e-06,6.718094647071836e-06,3.9492290054160426e-06,2.42629853395645,0
decode,L20_V_write_s0,V_write,PIM0,pim,NAIVE,15.00130225318436,15.001302283184362,3.000000070585429e-08,1673,0,20,0,weights_on_pim_prefill-1024xdecode_64_ops_trace.csv,3.000000070585429e-08,3.000000070585429e-08,3.000000070585429e-08,0.0,1.0,0
decode,L20_K_write_s1,K_write,PIM1,pim,NAIVE,15.00129710318436,15.00129713318436,3.000000070585429e-08,1674,0,20,1,weights_on_pim_prefill-1024xdecode_64_ops_trace.csv,3.000000070585429e-08,3.000000070585429e-08,3.000000070585429e-08,0.0,1.0,0
decode,L20_QK_s1,QK,GPU0,npu,NAIVE,15.00262273997292,15.00262550883856,2.7688656416557933e-06,1675,0,20,1,weights_on_pim_prefill-1024xdecode_64_ops_trace.csv,2.7688656416557933e-06,2.7688656416557933e-06,6.718094647071836e-06,3.9492290054160426e-06,2.42629853395645,0
decode,L20_V_write_s1,V_write,PIM1,pim,NAIVE,15.00130225318436,15.001302283184362,3.000000070585429e-08,1676,0,20,1,weights_on_pim_prefill-1024xdecode_64_ops_trace.csv,3.000000070585429e-08,3.000000070585429e-08,3.000000070585429e-08,0.0,1.0,0
decode,L20_Softmax_s0,Softmax,GPU0,npu,NAIVE,15.00262550883856,15.00262574725714,2.384185791015625e-07,1677,0,20,0,weights_on_pim_prefill-1024xdecode_64_ops_trace.csv,2.384185791015625e-07,2.384185791015625e-07,5.784746489421011e-07,3.4005606984053856e-07,2.4262985339564502,0
decode,L20_Softmax_s1,Softmax,GPU0,npu,NAIVE,15.00262574725714,15.00262598567572,2.384185791015625e-07,1678,0,20,1,weights_on_pim_prefill-1024xdecode_64_ops_trace.csv,2.384185791015625e-07,2.384185791015625e-07,5.784746489421011e-07,3.4005606984053856e-07,2.4262985339564502,0
decode,L20_SV_s0,SV,GPU0,npu,NAIVE,15.003948585180057,15.003951354045698,2.7688656416557933e-06,1679,0,20,0,weights_on_pim_prefill-1024xdecode_64_ops_trace.csv,2.7688656416557933e-06,2.7688656416557933e-06,6.718094647071836e-06,3.9492290054160426e-06,2.42629853395645,0
decode,L20_SV_s1,SV,GPU0,npu,NAIVE,15.003951354045698,15.00395412291134,2.7688656416557933e-06,1680,0,20,1,weights_on_pim_prefill-1024xdecode_64_ops_trace.csv,2.7688656416557933e-06,2.7688656416557933e-06,6.718094647071836e-06,3.9492290054160426e-06,2.42629853395645,0
decode,L20_O_s0,O,PIM0,pim,NAIVE,15.00395448652466,15.003987936198977,3.344967431573309e-05,1681,0,20,0,weights_on_pim_prefill-1024xdecode_64_ops_trace.csv,3.344967431573309e-05,3.344967431573309e-05,4.067453951767392e-06,-2.93822203639657e-05,0.12159920940857295,0
decode,L20_O_s1,O,PIM1,pim,NAIVE,15.0039572553903,15.003990705064616,3.344967431573309e-05,1682,0,20,1,weights_on_pim_prefill-1024xdecode_64_ops_trace.csv,3.344967431573309e-05,3.344967431573309e-05,4.0674539517673915e-06,-2.93822203639657e-05,0.12159920940857293,0
decode,L20_AllReduce_O,ALLREDUCE,COMM,comm,COMM,15.003990705064616,15.00399273162254,2.026557922363281e-06,1683,0,20,-1,weights_on_pim_prefill-1024xdecode_64_ops_trace.csv,2.026557922363281e-06,2.026557922363281e-06,2.026557922363281e-06,0.0,1.0,0
decode,L20_Add1,Add,GPU0,npu,NAIVE,15.003997840871715,15.004004780278684,6.939406967276796e-06,1684,0,20,-1,weights_on_pim_prefill-1024xdecode_64_ops_trace.csv,6.939406967276796e-06,6.939406967276796e-06,1.6837072951230866e-05,9.897665983954071e-06,2.4262985339564502,0
decode,L20_LN2,LN,GPU0,npu,NAIVE,15.004004780278684,15.004040089883327,3.530960464459554e-05,1685,0,20,-1,weights_on_pim_prefill-1024xdecode_64_ops_trace.csv,3.530960464459554e-05,3.530960464459554e-05,8.567164198376401e-05,5.0362037339168477e-05,2.4262985339564502,0
decode,L20_FFN_W1_s0,FFN_W1,PIM0,pim,NAIVE,15.004045054841251,15.004141281840976,9.622699972489102e-05,1686,0,20,0,weights_on_pim_prefill-1024xdecode_64_ops_trace.csv,9.622699972489102e-05,9.622699972489102e-05,1.1701127090305714e-05,-8.45258726345853e-05,0.12159920940857295,0
decode,L20_FFN_W3_s0,FFN_W3,PIM1,pim,NAIVE,15.004045054841251,15.004134785840977,8.973099972564569e-05,1687,0,20,0,weights_on_pim_prefill-1024xdecode_64_ops_trace.csv,8.973099972564569e-05,8.973099972564569e-05,1.091121862607939e-05,-7.88197810995663e-05,0.12159920940857293,0
decode,L20_FFN_W1_s1,FFN_W1,PIM1,pim,NAIVE,15.004134785840977,15.004231012840702,9.622699972489102e-05,1688,0,20,1,weights_on_pim_prefill-1024xdecode_64_ops_trace.csv,9.622699972489102e-05,9.622699972489102e-05,1.1701127090305712e-05,-8.45258726345853e-05,0.12159920940857293,0
decode,L20_FFN_W3_s1,FFN_W3,PIM0,pim,NAIVE,15.004141281840976,15.004231012840702,8.973099972564569e-05,1689,0,20,1,weights_on_pim_prefill-1024xdecode_64_ops_trace.csv,8.973099972564569e-05,8.973099972564569e-05,1.0911218626079391e-05,-7.88197810995663e-05,0.12159920940857294,0
decode,L20_SwiGLU_s0,SwiGLU,GPU0,npu,NAIVE,15.004147521628184,15.004154741768795,7.220140611607917e-06,1690,0,20,0,weights_on_pim_prefill-1024xdecode_64_ops_trace.csv,7.220140611607917e-06,7.220140611607917e-06,1.7518216580903718e-05,1.0298075969295801e-05,2.4262985339564502,0
decode,L20_SwiGLU_s1,SwiGLU,GPU0,npu,NAIVE,15.00423725262791,15.00424447276852,7.220140611607917e-06,1691,0,20,1,weights_on_pim_prefill-1024xdecode_64_ops_trace.csv,7.220140611607917e-06,7.220140611607917e-06,1.7518216580903718e-05,1.0298075969295801e-05,2.4262985339564502,0
decode,L20_FFN_W2_s0,FFN_W2,PIM0,pim,NAIVE,15.004231012840702,15.004325303840426,9.429099972457776e-05,1692,0,20,0,weights_on_pim_prefill-1024xdecode_64_ops_trace.csv,9.429099972457776e-05,9.429099972457776e-05,1.1465711020852624e-05,-8.282528870372513e-05,0.12159920940857294,0
decode,L20_FFN_W2_s1,FFN_W2,PIM1,pim,NAIVE,15.00425069755573,15.004344988555454,9.429099972457776e-05,1693,0,20,1,weights_on_pim_prefill-1024xdecode_64_ops_trace.csv,9.429099972457776e-05,9.429099972457776e-05,1.1465711020852624e-05,-8.282528870372513e-05,0.12159920940857294,0
decode,L20_AllReduce_FFN,ALLREDUCE,COMM,comm,COMM,15.004344988555454,15.004347015113376,2.026557922363281e-06,1694,0,20,-1,weights_on_pim_prefill-1024xdecode_64_ops_trace.csv,2.026557922363281e-06,2.026557922363281e-06,2.026557922363281e-06,0.0,1.0,0
decode,L20_Add2,Add,GPU0,npu,NAIVE,15.004352124362557,15.004359063769522,6.939406967276796e-06,1695,0,20,-1,weights_on_pim_prefill-1024xdecode_64_ops_trace.csv,6.939406967276796e-06,6.939406967276796e-06,1.6837072951230866e-05,9.897665983954071e-06,2.4262985339564502,0
decode,L21_LN,LN,GPU0,npu,NAIVE,15.004359063769522,15.004394373374168,3.530960464459554e-05,1696,0,21,-1,weights_on_pim_prefill-1024xdecode_64_ops_trace.csv,3.530960464459554e-05,3.530960464459554e-05,8.567164198376401e-05,5.0362037339168477e-05,2.4262985339564502,0
decode,L21_Q_s0,Q,PIM0,pim,NAIVE,15.004399338332089,15.004435716006403,3.637767431641237e-05,1697,0,21,0,weights_on_pim_prefill-1024xdecode_64_ops_trace.csv,3.637767431641237e-05,3.637767431641237e-05,4.423496436998293e-06,-3.195417787941407e-05,0.12159920940857294,0
decode,L21_K_s0,K,PIM0,pim,NAIVE,15.004435716006403,15.004472093680722,3.637767431641237e-05,1698,0,21,0,weights_on_pim_prefill-1024xdecode_64_ops_trace.csv,3.637767431641237e-05,3.637767431641237e-05,4.423496436998293e-06,-3.195417787941407e-05,0.12159920940857294,0
decode,L21_V_s0,V,PIM0,pim,NAIVE,15.004472093680722,15.004508471355038,3.637767431641237e-05,1699,0,21,0,weights_on_pim_prefill-1024xdecode_64_ops_trace.csv,3.637767431641237e-05,3.637767431641237e-05,4.423496436998293e-06,-3.195417787941407e-05,0.12159920940857294,0
decode,L21_Q_s1,Q,PIM1,pim,NAIVE,15.004399338332089,15.004435716006403,3.637767431641237e-05,1700,0,21,1,weights_on_pim_prefill-1024xdecode_64_ops_trace.csv,3.637767431641237e-05,3.637767431641237e-05,4.423496436998292e-06,-3.195417787941408e-05,0.12159920940857293,0
decode,L21_K_s1,K,PIM1,pim,NAIVE,15.004435716006403,15.004472093680722,3.637767431641237e-05,1701,0,21,1,weights_on_pim_prefill-1024xdecode_64_ops_trace.csv,3.637767431641237e-05,3.637767431641237e-05,4.423496436998292e-06,-3.195417787941408e-05,0.12159920940857293,0
decode,L21_V_s1,V,PIM1,pim,NAIVE,15.004472093680722,15.004508471355038,3.637767431641237e-05,1702,0,21,1,weights_on_pim_prefill-1024xdecode_64_ops_trace.csv,3.637767431641237e-05,3.637767431641237e-05,4.423496436998292e-06,-3.195417787941408e-05,0.12159920940857293,0
decode,L21_K_write_s0,K_write,PIM0,pim,NAIVE,15.004508471355038,15.00450850135504,3.000000070585429e-08,1703,0,21,0,weights_on_pim_prefill-1024xdecode_64_ops_trace.csv,3.000000070585429e-08,3.000000070585429e-08,3.000000070585429e-08,0.0,1.0,0
decode,L21_QK_s0,QK,GPU0,npu,NAIVE,15.005831339277956,15.005834108143596,2.7688656416557933e-06,1704,0,21,0,weights_on_pim_prefill-1024xdecode_64_ops_trace.csv,2.7688656416557933e-06,2.7688656416557933e-06,6.718094647071836e-06,3.9492290054160426e-06,2.42629853395645,0
decode,L21_V_write_s0,V_write,PIM0,pim,NAIVE,15.00451362135504,15.00451365135504,3.000000070585429e-08,1705,0,21,0,weights_on_pim_prefill-1024xdecode_64_ops_trace.csv,3.000000070585429e-08,3.000000070585429e-08,3.000000070585429e-08,0.0,1.0,0
decode,L21_K_write_s1,K_write,PIM1,pim,NAIVE,15.004508471355038,15.00450850135504,3.000000070585429e-08,1706,0,21,1,weights_on_pim_prefill-1024xdecode_64_ops_trace.csv,3.000000070585429e-08,3.000000070585429e-08,3.000000070585429e-08,0.0,1.0,0
decode,L21_QK_s1,QK,GPU0,npu,NAIVE,15.005834108143596,15.00583687700924,2.7688656416557933e-06,1707,0,21,1,weights_on_pim_prefill-1024xdecode_64_ops_trace.csv,2.7688656416557933e-06,2.7688656416557933e-06,6.718094647071836e-06,3.9492290054160426e-06,2.42629853395645,0
decode,L21_V_write_s1,V_write,PIM1,pim,NAIVE,15.00451362135504,15.00451365135504,3.000000070585429e-08,1708,0,21,1,weights_on_pim_prefill-1024xdecode_64_ops_trace.csv,3.000000070585429e-08,3.000000070585429e-08,3.000000070585429e-08,0.0,1.0,0
decode,L21_Softmax_s0,Softmax,GPU0,npu,NAIVE,15.00583687700924,15.005837115427818,2.384185791015625e-07,1709,0,21,0,weights_on_pim_prefill-1024xdecode_64_ops_trace.csv,2.384185791015625e-07,2.384185791015625e-07,5.784746489421011e-07,3.4005606984053856e-07,2.4262985339564502,0
decode,L21_Softmax_s1,Softmax,GPU0,npu,NAIVE,15.005837115427818,15.005837353846395,2.384185791015625e-07,1710,0,21,1,weights_on_pim_prefill-1024xdecode_64_ops_trace.csv,2.384185791015625e-07,2.384185791015625e-07,5.784746489421011e-07,3.4005606984053856e-07,2.4262985339564502,0
decode,L21_SV_s0,SV,GPU0,npu,NAIVE,15.007159953350737,15.007162722216377,2.7688656416557933e-06,1711,0,21,0,weights_on_pim_prefill-1024xdecode_64_ops_trace.csv,2.7688656416557933e-06,2.7688656416557933e-06,6.718094647071836e-06,3.9492290054160426e-06,2.42629853395645,0
decode,L21_SV_s1,SV,GPU0,npu,NAIVE,15.007162722216377,15.007165491082018,2.7688656416557933e-06,1712,0,21,1,weights_on_pim_prefill-1024xdecode_64_ops_trace.csv,2.7688656416557933e-06,2.7688656416557933e-06,6.718094647071836e-06,3.9492290054160426e-06,2.42629853395645,0
decode,L21_O_s0,O,PIM0,pim,NAIVE,15.007165854695335,15.007199304369651,3.344967431573309e-05,1713,0,21,0,weights_on_pim_prefill-1024xdecode_64_ops_trace.csv,3.344967431573309e-05,3.344967431573309e-05,4.067453951767392e-06,-2.93822203639657e-05,0.12159920940857295,0
decode,L21_O_s1,O,PIM1,pim,NAIVE,15.00716862356098,15.007202073235296,3.344967431573309e-05,1714,0,21,1,weights_on_pim_prefill-1024xdecode_64_ops_trace.csv,3.344967431573309e-05,3.344967431573309e-05,4.0674539517673915e-06,-2.93822203639657e-05,0.12159920940857293,0
decode,L21_AllReduce_O,ALLREDUCE,COMM,comm,COMM,15.007202073235296,15.007204099793215,2.026557922363281e-06,1715,0,21,-1,weights_on_pim_prefill-1024xdecode_64_ops_trace.csv,2.026557922363281e-06,2.026557922363281e-06,2.026557922363281e-06,0.0,1.0,0
decode,L21_Add1,Add,GPU0,npu,NAIVE,15.007209209042395,15.007216148449364,6.939406967276796e-06,1716,0,21,-1,weights_on_pim_prefill-1024xdecode_64_ops_trace.csv,6.939406967276796e-06,6.939406967276796e-06,1.6837072951230866e-05,9.897665983954071e-06,2.4262985339564502,0
decode,L21_LN2,LN,GPU0,npu,NAIVE,15.007216148449364,15.007251458054007,3.530960464459554e-05,1717,0,21,-1,weights_on_pim_prefill-1024xdecode_64_ops_trace.csv,3.530960464459554e-05,3.530960464459554e-05,8.567164198376401e-05,5.0362037339168477e-05,2.4262985339564502,0
decode,L21_FFN_W1_s0,FFN_W1,PIM0,pim,NAIVE,15.00725642301193,15.007352650011654,9.622699972489102e-05,1718,0,21,0,weights_on_pim_prefill-1024xdecode_64_ops_trace.csv,9.622699972489102e-05,9.622699972489102e-05,1.1701127090305714e-05,-8.45258726345853e-05,0.12159920940857295,0
decode,L21_FFN_W3_s0,FFN_W3,PIM1,pim,NAIVE,15.00725642301193,15.007346154011657,8.973099972564569e-05,1719,0,21,0,weights_on_pim_prefill-1024xdecode_64_ops_trace.csv,8.973099972564569e-05,8.973099972564569e-05,1.091121862607939e-05,-7.88197810995663e-05,0.12159920940857293,0
decode,L21_FFN_W1_s1,FFN_W1,PIM1,pim,NAIVE,15.007346154011657,15.00744238101138,9.622699972489102e-05,1720,0,21,1,weights_on_pim_prefill-1024xdecode_64_ops_trace.csv,9.622699972489102e-05,9.622699972489102e-05,1.1701127090305712e-05,-8.45258726345853e-05,0.12159920940857293,0
decode,L21_FFN_W3_s1,FFN_W3,PIM0,pim,NAIVE,15.007352650011654,15.00744238101138,8.973099972564569e-05,1721,0,21,1,weights_on_pim_prefill-1024xdecode_64_ops_trace.csv,8.973099972564569e-05,8.973099972564569e-05,1.0911218626079391e-05,-7.88197810995663e-05,0.12159920940857294,0
decode,L21_SwiGLU_s0,SwiGLU,GPU0,npu,NAIVE,15.007358889798862,15.007366109939474,7.220140611607917e-06,1722,0,21,0,weights_on_pim_prefill-1024xdecode_64_ops_trace.csv,7.220140611607917e-06,7.220140611607917e-06,1.7518216580903718e-05,1.0298075969295801e-05,2.4262985339564502,0
decode,L21_SwiGLU_s1,SwiGLU,GPU0,npu,NAIVE,15.007448620798588,15.0074558409392,7.220140611607917e-06,1723,0,21,1,weights_on_pim_prefill-1024xdecode_64_ops_trace.csv,7.220140611607917e-06,7.220140611607917e-06,1.7518216580903718e-05,1.0298075969295801e-05,2.4262985339564502,0
decode,L21_FFN_W2_s0,FFN_W2,PIM0,pim,NAIVE,15.00744238101138,15.007536672011105,9.429099972457776e-05,1724,0,21,0,weights_on_pim_prefill-1024xdecode_64_ops_trace.csv,9.429099972457776e-05,9.429099972457776e-05,1.1465711020852624e-05,-8.282528870372513e-05,0.12159920940857294,0
decode,L21_FFN_W2_s1,FFN_W2,PIM1,pim,NAIVE,15.007462065726408,15.007556356726132,9.429099972457776e-05,1725,0,21,1,weights_on_pim_prefill-1024xdecode_64_ops_trace.csv,9.429099972457776e-05,9.429099972457776e-05,1.1465711020852624e-05,-8.282528870372513e-05,0.12159920940857294,0
decode,L21_AllReduce_FFN,ALLREDUCE,COMM,comm,COMM,15.007556356726132,15.007558383284056,2.026557922363281e-06,1726,0,21,-1,weights_on_pim_prefill-1024xdecode_64_ops_trace.csv,2.026557922363281e-06,2.026557922363281e-06,2.026557922363281e-06,0.0,1.0,0
decode,L21_Add2,Add,GPU0,npu,NAIVE,15.007563492533231,15.0075704319402,6.939406967276796e-06,1727,0,21,-1,weights_on_pim_prefill-1024xdecode_64_ops_trace.csv,6.939406967276796e-06,6.939406967276796e-06,1.6837072951230866e-05,9.897665983954071e-06,2.4262985339564502,0
decode,L22_LN,LN,GPU0,npu,NAIVE,15.0075704319402,15.007605741544843,3.530960464459554e-05,1728,0,22,-1,weights_on_pim_prefill-1024xdecode_64_ops_trace.csv,3.530960464459554e-05,3.530960464459554e-05,8.567164198376401e-05,5.0362037339168477e-05,2.4262985339564502,0
decode,L22_Q_s0,Q,PIM0,pim,NAIVE,15.007610706502769,15.007647084177083,3.637767431641237e-05,1729,0,22,0,weights_on_pim_prefill-1024xdecode_64_ops_trace.csv,3.637767431641237e-05,3.637767431641237e-05,4.423496436998293e-06,-3.195417787941407e-05,0.12159920940857294,0
decode,L22_K_s0,K,PIM0,pim,NAIVE,15.007647084177083,15.0076834618514,3.637767431641237e-05,1730,0,22,0,weights_on_pim_prefill-1024xdecode_64_ops_trace.csv,3.637767431641237e-05,3.637767431641237e-05,4.423496436998293e-06,-3.195417787941407e-05,0.12159920940857294,0
decode,L22_V_s0,V,PIM0,pim,NAIVE,15.0076834618514,15.007719839525716,3.637767431641237e-05,1731,0,22,0,weights_on_pim_prefill-1024xdecode_64_ops_trace.csv,3.637767431641237e-05,3.637767431641237e-05,4.423496436998293e-06,-3.195417787941407e-05,0.12159920940857294,0
decode,L22_Q_s1,Q,PIM1,pim,NAIVE,15.007610706502769,15.007647084177083,3.637767431641237e-05,1732,0,22,1,weights_on_pim_prefill-1024xdecode_64_ops_trace.csv,3.637767431641237e-05,3.637767431641237e-05,4.423496436998292e-06,-3.195417787941408e-05,0.12159920940857293,0
decode,L22_K_s1,K,PIM1,pim,NAIVE,15.007647084177083,15.0076834618514,3.637767431641237e-05,1733,0,22,1,weights_on_pim_prefill-1024xdecode_64_ops_trace.csv,3.637767431641237e-05,3.637767431641237e-05,4.423496436998292e-06,-3.195417787941408e-05,0.12159920940857293,0
decode,L22_V_s1,V,PIM1,pim,NAIVE,15.0076834618514,15.007719839525716,3.637767431641237e-05,1734,0,22,1,weights_on_pim_prefill-1024xdecode_64_ops_trace.csv,3.637767431641237e-05,3.637767431641237e-05,4.423496436998292e-06,-3.195417787941408e-05,0.12159920940857293,0
decode,L22_K_write_s0,K_write,PIM0,pim,NAIVE,15.007719839525716,15.007719869525715,3.000000070585429e-08,1735,0,22,0,weights_on_pim_prefill-1024xdecode_64_ops_trace.csv,3.000000070585429e-08,3.000000070585429e-08,3.000000070585429e-08,0.0,1.0,0
decode,L22_QK_s0,QK,GPU0,npu,NAIVE,15.009042707448634,15.009045476314276,2.7688656416557933e-06,1736,0,22,0,weights_on_pim_prefill-1024xdecode_64_ops_trace.csv,2.7688656416557933e-06,2.7688656416557933e-06,6.718094647071836e-06,3.9492290054160426e-06,2.42629853395645,0
decode,L22_V_write_s0,V_write,PIM0,pim,NAIVE,15.007724989525718,15.00772501952572,3.000000070585429e-08,1737,0,22,0,weights_on_pim_prefill-1024xdecode_64_ops_trace.csv,3.000000070585429e-08,3.000000070585429e-08,3.000000070585429e-08,0.0,1.0,0
decode,L22_K_write_s1,K_write,PIM1,pim,NAIVE,15.007719839525716,15.007719869525715,3.000000070585429e-08,1738,0,22,1,weights_on_pim_prefill-1024xdecode_64_ops_trace.csv,3.000000070585429e-08,3.000000070585429e-08,3.000000070585429e-08,0.0,1.0,0
decode,L22_QK_s1,QK,GPU0,npu,NAIVE,15.009045476314276,15.009048245179915,2.7688656416557933e-06,1739,0,22,1,weights_on_pim_prefill-1024xdecode_64_ops_trace.csv,2.7688656416557933e-06,2.7688656416557933e-06,6.718094647071836e-06,3.9492290054160426e-06,2.42629853395645,0
decode,L22_V_write_s1,V_write,PIM1,pim,NAIVE,15.007724989525718,15.00772501952572,3.000000070585429e-08,1740,0,22,1,weights_on_pim_prefill-1024xdecode_64_ops_trace.csv,3.000000070585429e-08,3.000000070585429e-08,3.000000070585429e-08,0.0,1.0,0
decode,L22_Softmax_s0,Softmax,GPU0,npu,NAIVE,15.009048245179915,15.009048483598496,2.384185791015625e-07,1741,0,22,0,weights_on_pim_prefill-1024xdecode_64_ops_trace.csv,2.384185791015625e-07,2.384185791015625e-07,5.784746489421011e-07,3.4005606984053856e-07,2.4262985339564502,0
decode,L22_Softmax_s1,Softmax,GPU0,npu,NAIVE,15.009048483598496,15.009048722017075,2.384185791015625e-07,1742,0,22,1,weights_on_pim_prefill-1024xdecode_64_ops_trace.csv,2.384185791015625e-07,2.384185791015625e-07,5.784746489421011e-07,3.4005606984053856e-07,2.4262985339564502,0
decode,L22_SV_s0,SV,GPU0,npu,NAIVE,15.010371321521411,15.010374090387057,2.7688656416557933e-06,1743,0,22,0,weights_on_pim_prefill-1024xdecode_64_ops_trace.csv,2.7688656416557933e-06,2.7688656416557933e-06,6.718094647071836e-06,3.9492290054160426e-06,2.42629853395645,0
decode,L22_SV_s1,SV,GPU0,npu,NAIVE,15.010374090387057,15.010376859252696,2.7688656416557933e-06,1744,0,22,1,weights_on_pim_prefill-1024xdecode_64_ops_trace.csv,2.7688656416557933e-06,2.7688656416557933e-06,6.718094647071836e-06,3.9492290054160426e-06,2.42629853395645,0
decode,L22_O_s0,O,PIM0,pim,NAIVE,15.010377222866016,15.010410672540331,3.344967431573309e-05,1745,0,22,0,weights_on_pim_prefill-1024xdecode_64_ops_trace.csv,3.344967431573309e-05,3.344967431573309e-05,4.067453951767392e-06,-2.93822203639657e-05,0.12159920940857295,0
decode,L22_O_s1,O,PIM1,pim,NAIVE,15.010379991731655,15.010413441405971,3.344967431573309e-05,1746,0,22,1,weights_on_pim_prefill-1024xdecode_64_ops_trace.csv,3.344967431573309e-05,3.344967431573309e-05,4.0674539517673915e-06,-2.93822203639657e-05,0.12159920940857293,0
decode,L22_AllReduce_O,ALLREDUCE,COMM,comm,COMM,15.010413441405971,15.010415467963895,2.026557922363281e-06,1747,0,22,-1,weights_on_pim_prefill-1024xdecode_64_ops_trace.csv,2.026557922363281e-06,2.026557922363281e-06,2.026557922363281e-06,0.0,1.0,0
decode,L22_Add1,Add,GPU0,npu,NAIVE,15.010420577213074,15.01042751662004,6.939406967276796e-06,1748,0,22,-1,weights_on_pim_prefill-1024xdecode_64_ops_trace.csv,6.939406967276796e-06,6.939406967276796e-06,1.6837072951230866e-05,9.897665983954071e-06,2.4262985339564502,0
decode,L22_LN2,LN,GPU0,npu,NAIVE,15.01042751662004,15.010462826224686,3.530960464459554e-05,1749,0,22,-1,weights_on_pim_prefill-1024xdecode_64_ops_trace.csv,3.530960464459554e-05,3.530960464459554e-05,8.567164198376401e-05,5.0362037339168477e-05,2.4262985339564502,0
decode,L22_FFN_W1_s0,FFN_W1,PIM0,pim,NAIVE,15.010467791182608,15.010564018182333,9.622699972489102e-05,1750,0,22,0,weights_on_pim_prefill-1024xdecode_64_ops_trace.csv,9.622699972489102e-05,9.622699972489102e-05,1.1701127090305714e-05,-8.45258726345853e-05,0.12159920940857295,0
decode,L22_FFN_W3_s0,FFN_W3,PIM1,pim,NAIVE,15.010467791182608,15.010557522182332,8.973099972564569e-05,1751,0,22,0,weights_on_pim_prefill-1024xdecode_64_ops_trace.csv,8.973099972564569e-05,8.973099972564569e-05,1.091121862607939e-05,-7.88197810995663e-05,0.12159920940857293,0
decode,L22_FFN_W1_s1,FFN_W1,PIM1,pim,NAIVE,15.010557522182332,15.010653749182058,9.622699972489102e-05,1752,0,22,1,weights_on_pim_prefill-1024xdecode_64_ops_trace.csv,9.622699972489102e-05,9.622699972489102e-05,1.1701127090305712e-05,-8.45258726345853e-05,0.12159920940857293,0
decode,L22_FFN_W3_s1,FFN_W3,PIM0,pim,NAIVE,15.010564018182333,15.010653749182058,8.973099972564569e-05,1753,0,22,1,weights_on_pim_prefill-1024xdecode_64_ops_trace.csv,8.973099972564569e-05,8.973099972564569e-05,1.0911218626079391e-05,-7.88197810995663e-05,0.12159920940857294,0
decode,L22_SwiGLU_s0,SwiGLU,GPU0,npu,NAIVE,15.01057025796954,15.010577478110152,7.220140611607917e-06,1754,0,22,0,weights_on_pim_prefill-1024xdecode_64_ops_trace.csv,7.220140611607917e-06,7.220140611607917e-06,1.7518216580903718e-05,1.0298075969295801e-05,2.4262985339564502,0
decode,L22_SwiGLU_s1,SwiGLU,GPU0,npu,NAIVE,15.010659988969266,15.010667209109878,7.220140611607917e-06,1755,0,22,1,weights_on_pim_prefill-1024xdecode_64_ops_trace.csv,7.220140611607917e-06,7.220140611607917e-06,1.7518216580903718e-05,1.0298075969295801e-05,2.4262985339564502,0
decode,L22_FFN_W2_s0,FFN_W2,PIM0,pim,NAIVE,15.010653749182058,15.010748040181785,9.429099972457776e-05,1756,0,22,0,weights_on_pim_prefill-1024xdecode_64_ops_trace.csv,9.429099972457776e-05,9.429099972457776e-05,1.1465711020852624e-05,-8.282528870372513e-05,0.12159920940857294,0
decode,L22_FFN_W2_s1,FFN_W2,PIM1,pim,NAIVE,15.010673433897086,15.01076772489681,9.429099972457776e-05,1757,0,22,1,weights_on_pim_prefill-1024xdecode_64_ops_trace.csv,9.429099972457776e-05,9.429099972457776e-05,1.1465711020852624e-05,-8.282528870372513e-05,0.12159920940857294,0
decode,L22_AllReduce_FFN,ALLREDUCE,COMM,comm,COMM,15.01076772489681,15.010769751454731,2.026557922363281e-06,1758,0,22,-1,weights_on_pim_prefill-1024xdecode_64_ops_trace.csv,2.026557922363281e-06,2.026557922363281e-06,2.026557922363281e-06,0.0,1.0,0
decode,L22_Add2,Add,GPU0,npu,NAIVE,15.010774860703911,15.01078180011088,6.939406967276796e-06,1759,0,22,-1,weights_on_pim_prefill-1024xdecode_64_ops_trace.csv,6.939406967276796e-06,6.939406967276796e-06,1.6837072951230866e-05,9.897665983954071e-06,2.4262985339564502,0
decode,L23_LN,LN,GPU0,npu,NAIVE,15.01078180011088,15.010817109715523,3.530960464459554e-05,1760,0,23,-1,weights_on_pim_prefill-1024xdecode_64_ops_trace.csv,3.530960464459554e-05,3.530960464459554e-05,8.567164198376401e-05,5.0362037339168477e-05,2.4262985339564502,0
decode,L23_Q_s0,Q,PIM0,pim,NAIVE,15.010822074673444,15.010858452347762,3.637767431641237e-05,1761,0,23,0,weights_on_pim_prefill-1024xdecode_64_ops_trace.csv,3.637767431641237e-05,3.637767431641237e-05,4.423496436998293e-06,-3.195417787941407e-05,0.12159920940857294,0
decode,L23_K_s0,K,PIM0,pim,NAIVE,15.010858452347762,15.010894830022078,3.637767431641237e-05,1762,0,23,0,weights_on_pim_prefill-1024xdecode_64_ops_trace.csv,3.637767431641237e-05,3.637767431641237e-05,4.423496436998293e-06,-3.195417787941407e-05,0.12159920940857294,0
decode,L23_V_s0,V,PIM0,pim,NAIVE,15.010894830022078,15.010931207696396,3.637767431641237e-05,1763,0,23,0,weights_on_pim_prefill-1024xdecode_64_ops_trace.csv,3.637767431641237e-05,3.637767431641237e-05,4.423496436998293e-06,-3.195417787941407e-05,0.12159920940857294,0
decode,L23_Q_s1,Q,PIM1,pim,NAIVE,15.010822074673444,15.010858452347762,3.637767431641237e-05,1764,0,23,1,weights_on_pim_prefill-1024xdecode_64_ops_trace.csv,3.637767431641237e-05,3.637767431641237e-05,4.423496436998292e-06,-3.195417787941408e-05,0.12159920940857293,0
decode,L23_K_s1,K,PIM1,pim,NAIVE,15.010858452347762,15.010894830022078,3.637767431641237e-05,1765,0,23,1,weights_on_pim_prefill-1024xdecode_64_ops_trace.csv,3.637767431641237e-05,3.637767431641237e-05,4.423496436998292e-06,-3.195417787941408e-05,0.12159920940857293,0
decode,L23_V_s1,V,PIM1,pim,NAIVE,15.010894830022078,15.010931207696396,3.637767431641237e-05,1766,0,23,1,weights_on_pim_prefill-1024xdecode_64_ops_trace.csv,3.637767431641237e-05,3.637767431641237e-05,4.423496436998292e-06,-3.195417787941408e-05,0.12159920940857293,0
decode,L23_K_write_s0,K_write,PIM0,pim,NAIVE,15.010931207696396,15.010931237696395,3.000000070585429e-08,1767,0,23,0,weights_on_pim_prefill-1024xdecode_64_ops_trace.csv,3.000000070585429e-08,3.000000070585429e-08,3.000000070585429e-08,0.0,1.0,0
decode,L23_QK_s0,QK,GPU0,npu,NAIVE,15.012254075619312,15.012256844484954,2.7688656416557933e-06,1768,0,23,0,weights_on_pim_prefill-1024xdecode_64_ops_trace.csv,2.7688656416557933e-06,2.7688656416557933e-06,6.718094647071836e-06,3.9492290054160426e-06,2.42629853395645,0
decode,L23_V_write_s0,V_write,PIM0,pim,NAIVE,15.010936357696396,15.010936387696397,3.000000070585429e-08,1769,0,23,0,weights_on_pim_prefill-1024xdecode_64_ops_trace.csv,3.000000070585429e-08,3.000000070585429e-08,3.000000070585429e-08,0.0,1.0,0
decode,L23_K_write_s1,K_write,PIM1,pim,NAIVE,15.010931207696396,15.010931237696395,3.000000070585429e-08,1770,0,23,1,weights_on_pim_prefill-1024xdecode_64_ops_trace.csv,3.000000070585429e-08,3.000000070585429e-08,3.000000070585429e-08,0.0,1.0,0
decode,L23_QK_s1,QK,GPU0,npu,NAIVE,15.012256844484954,15.012259613350595,2.7688656416557933e-06,1771,0,23,1,weights_on_pim_prefill-1024xdecode_64_ops_trace.csv,2.7688656416557933e-06,2.7688656416557933e-06,6.718094647071836e-06,3.9492290054160426e-06,2.42629853395645,0
decode,L23_V_write_s1,V_write,PIM1,pim,NAIVE,15.010936357696396,15.010936387696397,3.000000070585429e-08,1772,0,23,1,weights_on_pim_prefill-1024xdecode_64_ops_trace.csv,3.000000070585429e-08,3.000000070585429e-08,3.000000070585429e-08,0.0,1.0,0
decode,L23_Softmax_s0,Softmax,GPU0,npu,NAIVE,15.012259613350595,15.012259851769176,2.384185791015625e-07,1773,0,23,0,weights_on_pim_prefill-1024xdecode_64_ops_trace.csv,2.384185791015625e-07,2.384185791015625e-07,5.784746489421011e-07,3.4005606984053856e-07,2.4262985339564502,0
decode,L23_Softmax_s1,Softmax,GPU0,npu,NAIVE,15.012259851769176,15.012260090187754,2.384185791015625e-07,1774,0,23,1,weights_on_pim_prefill-1024xdecode_64_ops_trace.csv,2.384185791015625e-07,2.384185791015625e-07,5.784746489421011e-07,3.4005606984053856e-07,2.4262985339564502,0
decode,L23_SV_s0,SV,GPU0,npu,NAIVE,15.013582689692091,15.013585458557731,2.7688656416557933e-06,1775,0,23,0,weights_on_pim_prefill-1024xdecode_64_ops_trace.csv,2.7688656416557933e-06,2.7688656416557933e-06,6.718094647071836e-06,3.9492290054160426e-06,2.42629853395645,0
decode,L23_SV_s1,SV,GPU0,npu,NAIVE,15.013585458557731,15.013588227423377,2.7688656416557933e-06,1776,0,23,1,weights_on_pim_prefill-1024xdecode_64_ops_trace.csv,2.7688656416557933e-06,2.7688656416557933e-06,6.718094647071836e-06,3.9492290054160426e-06,2.42629853395645,0
decode,L23_O_s0,O,PIM0,pim,NAIVE,15.013588591036694,15.01362204071101,3.344967431573309e-05,1777,0,23,0,weights_on_pim_prefill-1024xdecode_64_ops_trace.csv,3.344967431573309e-05,3.344967431573309e-05,4.067453951767392e-06,-2.93822203639657e-05,0.12159920940857295,0
decode,L23_O_s1,O,PIM1,pim,NAIVE,15.013591359902335,15.013624809576651,3.344967431573309e-05,1778,0,23,1,weights_on_pim_prefill-1024xdecode_64_ops_trace.csv,3.344967431573309e-05,3.344967431573309e-05,4.0674539517673915e-06,-2.93822203639657e-05,0.12159920940857293,0
decode,L23_AllReduce_O,ALLREDUCE,COMM,comm,COMM,15.013624809576651,15.013626836134572,2.026557922363281e-06,1779,0,23,-1,weights_on_pim_prefill-1024xdecode_64_ops_trace.csv,2.026557922363281e-06,2.026557922363281e-06,2.026557922363281e-06,0.0,1.0,0
decode,L23_Add1,Add,GPU0,npu,NAIVE,15.013631945383752,15.01363888479072,6.939406967276796e-06,1780,0,23,-1,weights_on_pim_prefill-1024xdecode_64_ops_trace.csv,6.939406967276796e-06,6.939406967276796e-06,1.6837072951230866e-05,9.897665983954071e-06,2.4262985339564502,0
decode,L23_LN2,LN,GPU0,npu,NAIVE,15.01363888479072,15.013674194395364,3.530960464459554e-05,1781,0,23,-1,weights_on_pim_prefill-1024xdecode_64_ops_trace.csv,3.530960464459554e-05,3.530960464459554e-05,8.567164198376401e-05,5.0362037339168477e-05,2.4262985339564502,0
decode,L23_FFN_W1_s0,FFN_W1,PIM0,pim,NAIVE,15.013679159353286,15.01377538635301,9.622699972489102e-05,1782,0,23,0,weights_on_pim_prefill-1024xdecode_64_ops_trace.csv,9.622699972489102e-05,9.622699972489102e-05,1.1701127090305714e-05,-8.45258726345853e-05,0.12159920940857295,0
decode,L23_FFN_W3_s0,FFN_W3,PIM1,pim,NAIVE,15.013679159353286,15.013768890353012,8.973099972564569e-05,1783,0,23,0,weights_on_pim_prefill-1024xdecode_64_ops_trace.csv,8.973099972564569e-05,8.973099972564569e-05,1.091121862607939e-05,-7.88197810995663e-05,0.12159920940857293,0
decode,L23_FFN_W1_s1,FFN_W1,PIM1,pim,NAIVE,15.013768890353012,15.013865117352736,9.622699972489102e-05,1784,0,23,1,weights_on_pim_prefill-1024xdecode_64_ops_trace.csv,9.622699972489102e-05,9.622699972489102e-05,1.1701127090305712e-05,-8.45258726345853e-05,0.12159920940857293,0
decode,L23_FFN_W3_s1,FFN_W3,PIM0,pim,NAIVE,15.01377538635301,15.013865117352736,8.973099972564569e-05,1785,0,23,1,weights_on_pim_prefill-1024xdecode_64_ops_trace.csv,8.973099972564569e-05,8.973099972564569e-05,1.0911218626079391e-05,-7.88197810995663e-05,0.12159920940857294,0
decode,L23_SwiGLU_s0,SwiGLU,GPU0,npu,NAIVE,15.01378162614022,15.01378884628083,7.220140611607917e-06,1786,0,23,0,weights_on_pim_prefill-1024xdecode_64_ops_trace.csv,7.220140611607917e-06,7.220140611607917e-06,1.7518216580903718e-05,1.0298075969295801e-05,2.4262985339564502,0
decode,L23_SwiGLU_s1,SwiGLU,GPU0,npu,NAIVE,15.013871357139944,15.013878577280556,7.220140611607917e-06,1787,0,23,1,weights_on_pim_prefill-1024xdecode_64_ops_trace.csv,7.220140611607917e-06,7.220140611607917e-06,1.7518216580903718e-05,1.0298075969295801e-05,2.4262985339564502,0
decode,L23_FFN_W2_s0,FFN_W2,PIM0,pim,NAIVE,15.013865117352736,15.01395940835246,9.429099972457776e-05,1788,0,23,0,weights_on_pim_prefill-1024xdecode_64_ops_trace.csv,9.429099972457776e-05,9.429099972457776e-05,1.1465711020852624e-05,-8.282528870372513e-05,0.12159920940857294,0
decode,L23_FFN_W2_s1,FFN_W2,PIM1,pim,NAIVE,15.013884802067764,15.013979093067489,9.429099972457776e-05,1789,0,23,1,weights_on_pim_prefill-1024xdecode_64_ops_trace.csv,9.429099972457776e-05,9.429099972457776e-05,1.1465711020852624e-05,-8.282528870372513e-05,0.12159920940857294,0
decode,L23_AllReduce_FFN,ALLREDUCE,COMM,comm,COMM,15.013979093067489,15.013981119625411,2.026557922363281e-06,1790,0,23,-1,weights_on_pim_prefill-1024xdecode_64_ops_trace.csv,2.026557922363281e-06,2.026557922363281e-06,2.026557922363281e-06,0.0,1.0,0
decode,L23_Add2,Add,GPU0,npu,NAIVE,15.01398622887459,15.013993168281557,6.939406967276796e-06,1791,0,23,-1,weights_on_pim_prefill-1024xdecode_64_ops_trace.csv,6.939406967276796e-06,6.939406967276796e-06,1.6837072951230866e-05,9.897665983954071e-06,2.4262985339564502,0
decode,L24_LN,LN,GPU0,npu,NAIVE,15.013993168281557,15.0140284778862,3.530960464459554e-05,1792,0,24,-1,weights_on_pim_prefill-1024xdecode_64_ops_trace.csv,3.530960464459554e-05,3.530960464459554e-05,8.567164198376401e-05,5.0362037339168477e-05,2.4262985339564502,0
decode,L24_Q_s0,Q,PIM0,pim,NAIVE,15.014033442844124,15.01406982051844,3.637767431641237e-05,1793,0,24,0,weights_on_pim_prefill-1024xdecode_64_ops_trace.csv,3.637767431641237e-05,3.637767431641237e-05,4.423496436998293e-06,-3.195417787941407e-05,0.12159920940857294,0
decode,L24_K_s0,K,PIM0,pim,NAIVE,15.01406982051844,15.014106198192756,3.637767431641237e-05,1794,0,24,0,weights_on_pim_prefill-1024xdecode_64_ops_trace.csv,3.637767431641237e-05,3.637767431641237e-05,4.423496436998293e-06,-3.195417787941407e-05,0.12159920940857294,0
decode,L24_V_s0,V,PIM0,pim,NAIVE,15.014106198192756,15.014142575867073,3.637767431641237e-05,1795,0,24,0,weights_on_pim_prefill-1024xdecode_64_ops_trace.csv,3.637767431641237e-05,3.637767431641237e-05,4.423496436998293e-06,-3.195417787941407e-05,0.12159920940857294,0
decode,L24_Q_s1,Q,PIM1,pim,NAIVE,15.014033442844124,15.01406982051844,3.637767431641237e-05,1796,0,24,1,weights_on_pim_prefill-1024xdecode_64_ops_trace.csv,3.637767431641237e-05,3.637767431641237e-05,4.423496436998292e-06,-3.195417787941408e-05,0.12159920940857293,0
decode,L24_K_s1,K,PIM1,pim,NAIVE,15.01406982051844,15.014106198192756,3.637767431641237e-05,1797,0,24,1,weights_on_pim_prefill-1024xdecode_64_ops_trace.csv,3.637767431641237e-05,3.637767431641237e-05,4.423496436998292e-06,-3.195417787941408e-05,0.12159920940857293,0
decode,L24_V_s1,V,PIM1,pim,NAIVE,15.014106198192756,15.014142575867073,3.637767431641237e-05,1798,0,24,1,weights_on_pim_prefill-1024xdecode_64_ops_trace.csv,3.637767431641237e-05,3.637767431641237e-05,4.423496436998292e-06,-3.195417787941408e-05,0.12159920940857293,0
decode,L24_K_write_s0,K_write,PIM0,pim,NAIVE,15.014142575867073,15.014142605867072,3.000000070585429e-08,1799,0,24,0,weights_on_pim_prefill-1024xdecode_64_ops_trace.csv,3.000000070585429e-08,3.000000070585429e-08,3.000000070585429e-08,0.0,1.0,0
decode,L24_QK_s0,QK,GPU0,npu,NAIVE,15.01546544378999,15.015468212655632,2.7688656416557933e-06,1800,0,24,0,weights_on_pim_prefill-1024xdecode_64_ops_trace.csv,2.7688656416557933e-06,2.7688656416557933e-06,6.718094647071836e-06,3.9492290054160426e-06,2.42629853395645,0
decode,L24_V_write_s0,V_write,PIM0,pim,NAIVE,15.014147725867074,15.014147755867077,3.000000070585429e-08,1801,0,24,0,weights_on_pim_prefill-1024xdecode_64_ops_trace.csv,3.000000070585429e-08,3.000000070585429e-08,3.000000070585429e-08,0.0,1.0,0
decode,L24_K_write_s1,K_write,PIM1,pim,NAIVE,15.014142575867073,15.014142605867072,3.000000070585429e-08,1802,0,24,1,weights_on_pim_prefill-1024xdecode_64_ops_trace.csv,3.000000070585429e-08,3.000000070585429e-08,3.000000070585429e-08,0.0,1.0,0
decode,L24_QK_s1,QK,GPU0,npu,NAIVE,15.015468212655632,15.015470981521274,2.7688656416557933e-06,1803,0,24,1,weights_on_pim_prefill-1024xdecode_64_ops_trace.csv,2.7688656416557933e-06,2.7688656416557933e-06,6.718094647071836e-06,3.9492290054160426e-06,2.42629853395645,0
decode,L24_V_write_s1,V_write,PIM1,pim,NAIVE,15.014147725867074,15.014147755867077,3.000000070585429e-08,1804,0,24,1,weights_on_pim_prefill-1024xdecode_64_ops_trace.csv,3.000000070585429e-08,3.000000070585429e-08,3.000000070585429e-08,0.0,1.0,0
decode,L24_Softmax_s0,Softmax,GPU0,npu,NAIVE,15.015470981521274,15.015471219939853,2.384185791015625e-07,1805,0,24,0,weights_on_pim_prefill-1024xdecode_64_ops_trace.csv,2.384185791015625e-07,2.384185791015625e-07,5.784746489421011e-07,3.4005606984053856e-07,2.4262985339564502,0
decode,L24_Softmax_s1,Softmax,GPU0,npu,NAIVE,15.015471219939853,15.015471458358432,2.384185791015625e-07,1806,0,24,1,weights_on_pim_prefill-1024xdecode_64_ops_trace.csv,2.384185791015625e-07,2.384185791015625e-07,5.784746489421011e-07,3.4005606984053856e-07,2.4262985339564502,0
decode,L24_SV_s0,SV,GPU0,npu,NAIVE,15.01679405786277,15.016796826728411,2.7688656416557933e-06,1807,0,24,0,weights_on_pim_prefill-1024xdecode_64_ops_trace.csv,2.7688656416557933e-06,2.7688656416557933e-06,6.718094647071836e-06,3.9492290054160426e-06,2.42629853395645,0
decode,L24_SV_s1,SV,GPU0,npu,NAIVE,15.016796826728411,15.016799595594051,2.7688656416557933e-06,1808,0,24,1,weights_on_pim_prefill-1024xdecode_64_ops_trace.csv,2.7688656416557933e-06,2.7688656416557933e-06,6.718094647071836e-06,3.9492290054160426e-06,2.42629853395645,0
decode,L24_O_s0,O,PIM0,pim,NAIVE,15.016799959207372,15.016833408881688,3.344967431573309e-05,1809,0,24,0,weights_on_pim_prefill-1024xdecode_64_ops_trace.csv,3.344967431573309e-05,3.344967431573309e-05,4.067453951767392e-06,-2.93822203639657e-05,0.12159920940857295,0
decode,L24_O_s1,O,PIM1,pim,NAIVE,15.016802728073014,15.01683617774733,3.344967431573309e-05,1810,0,24,1,weights_on_pim_prefill-1024xdecode_64_ops_trace.csv,3.344967431573309e-05,3.344967431573309e-05,4.0674539517673915e-06,-2.93822203639657e-05,0.12159920940857293,0
decode,L24_AllReduce_O,ALLREDUCE,COMM,comm,COMM,15.01683617774733,15.016838204305252,2.026557922363281e-06,1811,0,24,-1,weights_on_pim_prefill-1024xdecode_64_ops_trace.csv,2.026557922363281e-06,2.026557922363281e-06,2.026557922363281e-06,0.0,1.0,0
decode,L24_Add1,Add,GPU0,npu,NAIVE,15.01684331355443,15.016850252961396,6.939406967276796e-06,1812,0,24,-1,weights_on_pim_prefill-1024xdecode_64_ops_trace.csv,6.939406967276796e-06,6.939406967276796e-06,1.6837072951230866e-05,9.897665983954071e-06,2.4262985339564502,0
decode,L24_LN2,LN,GPU0,npu,NAIVE,15.016850252961396,15.016885562566042,3.530960464459554e-05,1813,0,24,-1,weights_on_pim_prefill-1024xdecode_64_ops_trace.csv,3.530960464459554e-05,3.530960464459554e-05,8.567164198376401e-05,5.0362037339168477e-05,2.4262985339564502,0
decode,L24_FFN_W1_s0,FFN_W1,PIM0,pim,NAIVE,15.016890527523964,15.016986754523687,9.622699972489102e-05,1814,0,24,0,weights_on_pim_prefill-1024xdecode_64_ops_trace.csv,9.622699972489102e-05,9.622699972489102e-05,1.1701127090305714e-05,-8.45258726345853e-05,0.12159920940857295,0
decode,L24_FFN_W3_s0,FFN_W3,PIM1,pim,NAIVE,15.016890527523964,15.01698025852369,8.973099972564569e-05,1815,0,24,0,weights_on_pim_prefill-1024xdecode_64_ops_trace.csv,8.973099972564569e-05,8.973099972564569e-05,1.091121862607939e-05,-7.88197810995663e-05,0.12159920940857293,0
decode,L24_FFN_W1_s1,FFN_W1,PIM1,pim,NAIVE,15.01698025852369,15.017076485523416,9.622699972489102e-05,1816,0,24,1,weights_on_pim_prefill-1024xdecode_64_ops_trace.csv,9.622699972489102e-05,9.622699972489102e-05,1.1701127090305712e-05,-8.45258726345853e-05,0.12159920940857293,0
decode,L24_FFN_W3_s1,FFN_W3,PIM0,pim,NAIVE,15.016986754523687,15.017076485523416,8.973099972564569e-05,1817,0,24,1,weights_on_pim_prefill-1024xdecode_64_ops_trace.csv,8.973099972564569e-05,8.973099972564569e-05,1.0911218626079391e-05,-7.88197810995663e-05,0.12159920940857294,0
decode,L24_SwiGLU_s0,SwiGLU,GPU0,npu,NAIVE,15.016992994310897,15.017000214451508,7.220140611607917e-06,1818,0,24,0,weights_on_pim_prefill-1024xdecode_64_ops_trace.csv,7.220140611607917e-06,7.220140611607917e-06,1.7518216580903718e-05,1.0298075969295801e-05,2.4262985339564502,0
decode,L24_SwiGLU_s1,SwiGLU,GPU0,npu,NAIVE,15.017082725310622,15.017089945451234,7.220140611607917e-06,1819,0,24,1,weights_on_pim_prefill-1024xdecode_64_ops_trace.csv,7.220140611607917e-06,7.220140611607917e-06,1.7518216580903718e-05,1.0298075969295801e-05,2.4262985339564502,0
decode,L24_FFN_W2_s0,FFN_W2,PIM0,pim,NAIVE,15.017076485523416,15.01717077652314,9.429099972457776e-05,1820,0,24,0,weights_on_pim_prefill-1024xdecode_64_ops_trace.csv,9.429099972457776e-05,9.429099972457776e-05,1.1465711020852624e-05,-8.282528870372513e-05,0.12159920940857294,0
decode,L24_FFN_W2_s1,FFN_W2,PIM1,pim,NAIVE,15.017096170238442,15.017190461238169,9.429099972457776e-05,1821,0,24,1,weights_on_pim_prefill-1024xdecode_64_ops_trace.csv,9.429099972457776e-05,9.429099972457776e-05,1.1465711020852624e-05,-8.282528870372513e-05,0.12159920940857294,0
decode,L24_AllReduce_FFN,ALLREDUCE,COMM,comm,COMM,15.017190461238169,15.01719248779609,2.026557922363281e-06,1822,0,24,-1,weights_on_pim_prefill-1024xdecode_64_ops_trace.csv,2.026557922363281e-06,2.026557922363281e-06,2.026557922363281e-06,0.0,1.0,0
decode,L24_Add2,Add,GPU0,npu,NAIVE,15.017197597045268,15.017204536452237,6.939406967276796e-06,1823,0,24,-1,weights_on_pim_prefill-1024xdecode_64_ops_trace.csv,6.939406967276796e-06,6.939406967276796e-06,1.6837072951230866e-05,9.897665983954071e-06,2.4262985339564502,0
decode,L25_LN,LN,GPU0,npu,NAIVE,15.017204536452237,15.01723984605688,3.530960464459554e-05,1824,0,25,-1,weights_on_pim_prefill-1024xdecode_64_ops_trace.csv,3.530960464459554e-05,3.530960464459554e-05,8.567164198376401e-05,5.0362037339168477e-05,2.4262985339564502,0
decode,L25_Q_s0,Q,PIM0,pim,NAIVE,15.017244811014802,15.017281188689118,3.637767431641237e-05,1825,0,25,0,weights_on_pim_prefill-1024xdecode_64_ops_trace.csv,3.637767431641237e-05,3.637767431641237e-05,4.423496436998293e-06,-3.195417787941407e-05,0.12159920940857294,0
decode,L25_K_s0,K,PIM0,pim,NAIVE,15.017281188689118,15.017317566363436,3.637767431641237e-05,1826,0,25,0,weights_on_pim_prefill-1024xdecode_64_ops_trace.csv,3.637767431641237e-05,3.637767431641237e-05,4.423496436998293e-06,-3.195417787941407e-05,0.12159920940857294,0
decode,L25_V_s0,V,PIM0,pim,NAIVE,15.017317566363436,15.017353944037753,3.637767431641237e-05,1827,0,25,0,weights_on_pim_prefill-1024xdecode_64_ops_trace.csv,3.637767431641237e-05,3.637767431641237e-05,4.423496436998293e-06,-3.195417787941407e-05,0.12159920940857294,0
decode,L25_Q_s1,Q,PIM1,pim,NAIVE,15.017244811014802,15.017281188689118,3.637767431641237e-05,1828,0,25,1,weights_on_pim_prefill-1024xdecode_64_ops_trace.csv,3.637767431641237e-05,3.637767431641237e-05,4.423496436998292e-06,-3.195417787941408e-05,0.12159920940857293,0
decode,L25_K_s1,K,PIM1,pim,NAIVE,15.017281188689118,15.017317566363436,3.637767431641237e-05,1829,0,25,1,weights_on_pim_prefill-1024xdecode_64_ops_trace.csv,3.637767431641237e-05,3.637767431641237e-05,4.423496436998292e-06,-3.195417787941408e-05,0.12159920940857293,0
decode,L25_V_s1,V,PIM1,pim,NAIVE,15.017317566363436,15.017353944037753,3.637767431641237e-05,1830,0,25,1,weights_on_pim_prefill-1024xdecode_64_ops_trace.csv,3.637767431641237e-05,3.637767431641237e-05,4.423496436998292e-06,-3.195417787941408e-05,0.12159920940857293,0
decode,L25_K_write_s0,K_write,PIM0,pim,NAIVE,15.017353944037753,15.017353974037752,3.000000070585429e-08,1831,0,25,0,weights_on_pim_prefill-1024xdecode_64_ops_trace.csv,3.000000070585429e-08,3.000000070585429e-08,3.000000070585429e-08,0.0,1.0,0
decode,L25_QK_s0,QK,GPU0,npu,NAIVE,15.018676811960669,15.01867958082631,2.7688656416557933e-06,1832,0,25,0,weights_on_pim_prefill-1024xdecode_64_ops_trace.csv,2.7688656416557933e-06,2.7688656416557933e-06,6.718094647071836e-06,3.9492290054160426e-06,2.42629853395645,0
decode,L25_V_write_s0,V_write,PIM0,pim,NAIVE,15.017359094037753,15.017359124037752,3.000000070585429e-08,1833,0,25,0,weights_on_pim_prefill-1024xdecode_64_ops_trace.csv,3.000000070585429e-08,3.000000070585429e-08,3.000000070585429e-08,0.0,1.0,0
decode,L25_K_write_s1,K_write,PIM1,pim,NAIVE,15.017353944037753,15.017353974037752,3.000000070585429e-08,1834,0,25,1,weights_on_pim_prefill-1024xdecode_64_ops_trace.csv,3.000000070585429e-08,3.000000070585429e-08,3.000000070585429e-08,0.0,1.0,0
decode,L25_QK_s1,QK,GPU0,npu,NAIVE,15.01867958082631,15.018682349691952,2.7688656416557933e-06,1835,0,25,1,weights_on_pim_prefill-1024xdecode_64_ops_trace.csv,2.7688656416557933e-06,2.7688656416557933e-06,6.718094647071836e-06,3.9492290054160426e-06,2.42629853395645,0
decode,L25_V_write_s1,V_write,PIM1,pim,NAIVE,15.017359094037753,15.017359124037752,3.000000070585429e-08,1836,0,25,1,weights_on_pim_prefill-1024xdecode_64_ops_trace.csv,3.000000070585429e-08,3.000000070585429e-08,3.000000070585429e-08,0.0,1.0,0
decode,L25_Softmax_s0,Softmax,GPU0,npu,NAIVE,15.018682349691952,15.018682588110533,2.384185791015625e-07,1837,0,25,0,weights_on_pim_prefill-1024xdecode_64_ops_trace.csv,2.384185791015625e-07,2.384185791015625e-07,5.784746489421011e-07,3.4005606984053856e-07,2.4262985339564502,0
decode,L25_Softmax_s1,Softmax,GPU0,npu,NAIVE,15.018682588110533,15.01868282652911,2.384185791015625e-07,1838,0,25,1,weights_on_pim_prefill-1024xdecode_64_ops_trace.csv,2.384185791015625e-07,2.384185791015625e-07,5.784746489421011e-07,3.4005606984053856e-07,2.4262985339564502,0
decode,L25_SV_s0,SV,GPU0,npu,NAIVE,15.020005426033448,15.02000819489909,2.7688656416557933e-06,1839,0,25,0,weights_on_pim_prefill-1024xdecode_64_ops_trace.csv,2.7688656416557933e-06,2.7688656416557933e-06,6.718094647071836e-06,3.9492290054160426e-06,2.42629853395645,0
decode,L25_SV_s1,SV,GPU0,npu,NAIVE,15.02000819489909,15.020010963764731,2.7688656416557933e-06,1840,0,25,1,weights_on_pim_prefill-1024xdecode_64_ops_trace.csv,2.7688656416557933e-06,2.7688656416557933e-06,6.718094647071836e-06,3.9492290054160426e-06,2.42629853395645,0
decode,L25_O_s0,O,PIM0,pim,NAIVE,15.02001132737805,15.020044777052366,3.344967431573309e-05,1841,0,25,0,weights_on_pim_prefill-1024xdecode_64_ops_trace.csv,3.344967431573309e-05,3.344967431573309e-05,4.067453951767392e-06,-2.93822203639657e-05,0.12159920940857295,0
decode,L25_O_s1,O,PIM1,pim,NAIVE,15.020014096243692,15.020047545918008,3.344967431573309e-05,1842,0,25,1,weights_on_pim_prefill-1024xdecode_64_ops_trace.csv,3.344967431573309e-05,3.344967431573309e-05,4.0674539517673915e-06,-2.93822203639657e-05,0.12159920940857293,0
decode,L25_AllReduce_O,ALLREDUCE,COMM,comm,COMM,15.020047545918008,15.02004957247593,2.026557922363281e-06,1843,0,25,-1,weights_on_pim_prefill-1024xdecode_64_ops_trace.csv,2.026557922363281e-06,2.026557922363281e-06,2.026557922363281e-06,0.0,1.0,0
decode,L25_Add1,Add,GPU0,npu,NAIVE,15.020054681725108,15.020061621132076,6.939406967276796e-06,1844,0,25,-1,weights_on_pim_prefill-1024xdecode_64_ops_trace.csv,6.939406967276796e-06,6.939406967276796e-06,1.6837072951230866e-05,9.897665983954071e-06,2.4262985339564502,0
decode,L25_LN2,LN,GPU0,npu,NAIVE,15.020061621132076,15.02009693073672,3.530960464459554e-05,1845,0,25,-1,weights_on_pim_prefill-1024xdecode_64_ops_trace.csv,3.530960464459554e-05,3.530960464459554e-05,8.567164198376401e-05,5.0362037339168477e-05,2.4262985339564502,0
decode,L25_FFN_W1_s0,FFN_W1,PIM0,pim,NAIVE,15.020101895694642,15.020198122694367,9.622699972489102e-05,1846,0,25,0,weights_on_pim_prefill-1024xdecode_64_ops_trace.csv,9.622699972489102e-05,9.622699972489102e-05,1.1701127090305714e-05,-8.45258726345853e-05,0.12159920940857295,0
decode,L25_FFN_W3_s0,FFN_W3,PIM1,pim,NAIVE,15.020101895694642,15.020191626694368,8.973099972564569e-05,1847,0,25,0,weights_on_pim_prefill-1024xdecode_64_ops_trace.csv,8.973099972564569e-05,8.973099972564569e-05,1.091121862607939e-05,-7.88197810995663e-05,0.12159920940857293,0
decode,L25_FFN_W1_s1,FFN_W1,PIM1,pim,NAIVE,15.020191626694368,15.020287853694091,9.622699972489102e-05,1848,0,25,1,weights_on_pim_prefill-1024xdecode_64_ops_trace.csv,9.622699972489102e-05,9.622699972489102e-05,1.1701127090305712e-05,-8.45258726345853e-05,0.12159920940857293,0
decode,L25_FFN_W3_s1,FFN_W3,PIM0,pim,NAIVE,15.020198122694367,15.020287853694091,8.973099972564569e-05,1849,0,25,1,weights_on_pim_prefill-1024xdecode_64_ops_trace.csv,8.973099972564569e-05,8.973099972564569e-05,1.0911218626079391e-05,-7.88197810995663e-05,0.12159920940857294,0
decode,L25_SwiGLU_s0,SwiGLU,GPU0,npu,NAIVE,15.020204362481577,15.020211582622188,7.220140611607917e-06,1850,0,25,0,weights_on_pim_prefill-1024xdecode_64_ops_trace.csv,7.220140611607917e-06,7.220140611607917e-06,1.7518216580903718e-05,1.0298075969295801e-05,2.4262985339564502,0
decode,L25_SwiGLU_s1,SwiGLU,GPU0,npu,NAIVE,15.0202940934813,15.020301313621912,7.220140611607917e-06,1851,0,25,1,weights_on_pim_prefill-1024xdecode_64_ops_trace.csv,7.220140611607917e-06,7.220140611607917e-06,1.7518216580903718e-05,1.0298075969295801e-05,2.4262985339564502,0
decode,L25_FFN_W2_s0,FFN_W2,PIM0,pim,NAIVE,15.020287853694091,15.020382144693816,9.429099972457776e-05,1852,0,25,0,weights_on_pim_prefill-1024xdecode_64_ops_trace.csv,9.429099972457776e-05,9.429099972457776e-05,1.1465711020852624e-05,-8.282528870372513e-05,0.12159920940857294,0
decode,L25_FFN_W2_s1,FFN_W2,PIM1,pim,NAIVE,15.02030753840912,15.020401829408843,9.429099972457776e-05,1853,0,25,1,weights_on_pim_prefill-1024xdecode_64_ops_trace.csv,9.429099972457776e-05,9.429099972457776e-05,1.1465711020852624e-05,-8.282528870372513e-05,0.12159920940857294,0
decode,L25_AllReduce_FFN,ALLREDUCE,COMM,comm,COMM,15.020401829408843,15.020403855966768,2.026557922363281e-06,1854,0,25,-1,weights_on_pim_prefill-1024xdecode_64_ops_trace.csv,2.026557922363281e-06,2.026557922363281e-06,2.026557922363281e-06,0.0,1.0,0
decode,L25_Add2,Add,GPU0,npu,NAIVE,15.020408965215946,15.020415904622912,6.939406967276796e-06,1855,0,25,-1,weights_on_pim_prefill-1024xdecode_64_ops_trace.csv,6.939406967276796e-06,6.939406967276796e-06,1.6837072951230866e-05,9.897665983954071e-06,2.4262985339564502,0
decode,L26_LN,LN,GPU0,npu,NAIVE,15.020415904622912,15.020451214227558,3.530960464459554e-05,1856,0,26,-1,weights_on_pim_prefill-1024xdecode_64_ops_trace.csv,3.530960464459554e-05,3.530960464459554e-05,8.567164198376401e-05,5.0362037339168477e-05,2.4262985339564502,0
decode,L26_Q_s0,Q,PIM0,pim,NAIVE,15.02045617918548,15.020492556859796,3.637767431641237e-05,1857,0,26,0,weights_on_pim_prefill-1024xdecode_64_ops_trace.csv,3.637767431641237e-05,3.637767431641237e-05,4.423496436998293e-06,-3.195417787941407e-05,0.12159920940857294,0
decode,L26_K_s0,K,PIM0,pim,NAIVE,15.020492556859796,15.020528934534113,3.637767431641237e-05,1858,0,26,0,weights_on_pim_prefill-1024xdecode_64_ops_trace.csv,3.637767431641237e-05,3.637767431641237e-05,4.423496436998293e-06,-3.195417787941407e-05,0.12159920940857294,0
decode,L26_V_s0,V,PIM0,pim,NAIVE,15.020528934534113,15.02056531220843,3.637767431641237e-05,1859,0,26,0,weights_on_pim_prefill-1024xdecode_64_ops_trace.csv,3.637767431641237e-05,3.637767431641237e-05,4.423496436998293e-06,-3.195417787941407e-05,0.12159920940857294,0
decode,L26_Q_s1,Q,PIM1,pim,NAIVE,15.02045617918548,15.020492556859796,3.637767431641237e-05,1860,0,26,1,weights_on_pim_prefill-1024xdecode_64_ops_trace.csv,3.637767431641237e-05,3.637767431641237e-05,4.423496436998292e-06,-3.195417787941408e-05,0.12159920940857293,0
decode,L26_K_s1,K,PIM1,pim,NAIVE,15.020492556859796,15.020528934534113,3.637767431641237e-05,1861,0,26,1,weights_on_pim_prefill-1024xdecode_64_ops_trace.csv,3.637767431641237e-05,3.637767431641237e-05,4.423496436998292e-06,-3.195417787941408e-05,0.12159920940857293,0
decode,L26_V_s1,V,PIM1,pim,NAIVE,15.020528934534113,15.02056531220843,3.637767431641237e-05,1862,0,26,1,weights_on_pim_prefill-1024xdecode_64_ops_trace.csv,3.637767431641237e-05,3.637767431641237e-05,4.423496436998292e-06,-3.195417787941408e-05,0.12159920940857293,0
decode,L26_K_write_s0,K_write,PIM0,pim,NAIVE,15.02056531220843,15.02056534220843,3.000000070585429e-08,1863,0,26,0,weights_on_pim_prefill-1024xdecode_64_ops_trace.csv,3.000000070585429e-08,3.000000070585429e-08,3.000000070585429e-08,0.0,1.0,0
decode,L26_QK_s0,QK,GPU0,npu,NAIVE,15.021888180131349,15.021890948996989,2.7688656416557933e-06,1864,0,26,0,weights_on_pim_prefill-1024xdecode_64_ops_trace.csv,2.7688656416557933e-06,2.7688656416557933e-06,6.718094647071836e-06,3.9492290054160426e-06,2.42629853395645,0
decode,L26_V_write_s0,V_write,PIM0,pim,NAIVE,15.02057046220843,15.020570492208432,3.000000070585429e-08,1865,0,26,0,weights_on_pim_prefill-1024xdecode_64_ops_trace.csv,3.000000070585429e-08,3.000000070585429e-08,3.000000070585429e-08,0.0,1.0,0
decode,L26_K_write_s1,K_write,PIM1,pim,NAIVE,15.02056531220843,15.02056534220843,3.000000070585429e-08,1866,0,26,1,weights_on_pim_prefill-1024xdecode_64_ops_trace.csv,3.000000070585429e-08,3.000000070585429e-08,3.000000070585429e-08,0.0,1.0,0
decode,L26_QK_s1,QK,GPU0,npu,NAIVE,15.021890948996989,15.02189371786263,2.7688656416557933e-06,1867,0,26,1,weights_on_pim_prefill-1024xdecode_64_ops_trace.csv,2.7688656416557933e-06,2.7688656416557933e-06,6.718094647071836e-06,3.9492290054160426e-06,2.42629853395645,0
decode,L26_V_write_s1,V_write,PIM1,pim,NAIVE,15.02057046220843,15.020570492208432,3.000000070585429e-08,1868,0,26,1,weights_on_pim_prefill-1024xdecode_64_ops_trace.csv,3.000000070585429e-08,3.000000070585429e-08,3.000000070585429e-08,0.0,1.0,0
decode,L26_Softmax_s0,Softmax,GPU0,npu,NAIVE,15.02189371786263,15.02189395628121,2.384185791015625e-07,1869,0,26,0,weights_on_pim_prefill-1024xdecode_64_ops_trace.csv,2.384185791015625e-07,2.384185791015625e-07,5.784746489421011e-07,3.4005606984053856e-07,2.4262985339564502,0
decode,L26_Softmax_s1,Softmax,GPU0,npu,NAIVE,15.02189395628121,15.021894194699788,2.384185791015625e-07,1870,0,26,1,weights_on_pim_prefill-1024xdecode_64_ops_trace.csv,2.384185791015625e-07,2.384185791015625e-07,5.784746489421011e-07,3.4005606984053856e-07,2.4262985339564502,0
decode,L26_SV_s0,SV,GPU0,npu,NAIVE,15.023216794204126,15.023219563069768,2.7688656416557933e-06,1871,0,26,0,weights_on_pim_prefill-1024xdecode_64_ops_trace.csv,2.7688656416557933e-06,2.7688656416557933e-06,6.718094647071836e-06,3.9492290054160426e-06,2.42629853395645,0
decode,L26_SV_s1,SV,GPU0,npu,NAIVE,15.023219563069768,15.02322233193541,2.7688656416557933e-06,1872,0,26,1,weights_on_pim_prefill-1024xdecode_64_ops_trace.csv,2.7688656416557933e-06,2.7688656416557933e-06,6.718094647071836e-06,3.9492290054160426e-06,2.42629853395645,0
decode,L26_O_s0,O,PIM0,pim,NAIVE,15.023222695548728,15.023256145223044,3.344967431573309e-05,1873,0,26,0,weights_on_pim_prefill-1024xdecode_64_ops_trace.csv,3.344967431573309e-05,3.344967431573309e-05,4.067453951767392e-06,-2.93822203639657e-05,0.12159920940857295,0
decode,L26_O_s1,O,PIM1,pim,NAIVE,15.02322546441437,15.023258914088686,3.344967431573309e-05,1874,0,26,1,weights_on_pim_prefill-1024xdecode_64_ops_trace.csv,3.344967431573309e-05,3.344967431573309e-05,4.0674539517673915e-06,-2.93822203639657e-05,0.12159920940857293,0
decode,L26_AllReduce_O,ALLREDUCE,COMM,comm,COMM,15.023258914088686,15.023260940646608,2.026557922363281e-06,1875,0,26,-1,weights_on_pim_prefill-1024xdecode_64_ops_trace.csv,2.026557922363281e-06,2.026557922363281e-06,2.026557922363281e-06,0.0,1.0,0
decode,L26_Add1,Add,GPU0,npu,NAIVE,15.023266049895788,15.023272989302754,6.939406967276796e-06,1876,0,26,-1,weights_on_pim_prefill-1024xdecode_64_ops_trace.csv,6.939406967276796e-06,6.939406967276796e-06,1.6837072951230866e-05,9.897665983954071e-06,2.4262985339564502,0
decode,L26_LN2,LN,GPU0,npu,NAIVE,15.023272989302754,15.023308298907398,3.530960464459554e-05,1877,0,26,-1,weights_on_pim_prefill-1024xdecode_64_ops_trace.csv,3.530960464459554e-05,3.530960464459554e-05,8.567164198376401e-05,5.0362037339168477e-05,2.4262985339564502,0
decode,L26_FFN_W1_s0,FFN_W1,PIM0,pim,NAIVE,15.02331326386532,15.023409490865046,9.622699972489102e-05,1878,0,26,0,weights_on_pim_prefill-1024xdecode_64_ops_trace.csv,9.622699972489102e-05,9.622699972489102e-05,1.1701127090305714e-05,-8.45258726345853e-05,0.12159920940857295,0
decode,L26_FFN_W3_s0,FFN_W3,PIM1,pim,NAIVE,15.02331326386532,15.023402994865046,8.973099972564569e-05,1879,0,26,0,weights_on_pim_prefill-1024xdecode_64_ops_trace.csv,8.973099972564569e-05,8.973099972564569e-05,1.091121862607939e-05,-7.88197810995663e-05,0.12159920940857293,0
decode,L26_FFN_W1_s1,FFN_W1,PIM1,pim,NAIVE,15.023402994865046,15.023499221864771,9.622699972489102e-05,1880,0,26,1,weights_on_pim_prefill-1024xdecode_64_ops_trace.csv,9.622699972489102e-05,9.622699972489102e-05,1.1701127090305712e-05,-8.45258726345853e-05,0.12159920940857293,0
decode,L26_FFN_W3_s1,FFN_W3,PIM0,pim,NAIVE,15.023409490865046,15.023499221864771,8.973099972564569e-05,1881,0,26,1,weights_on_pim_prefill-1024xdecode_64_ops_trace.csv,8.973099972564569e-05,8.973099972564569e-05,1.0911218626079391e-05,-7.88197810995663e-05,0.12159920940857294,0
decode,L26_SwiGLU_s0,SwiGLU,GPU0,npu,NAIVE,15.023415730652252,15.023422950792863,7.220140611607917e-06,1882,0,26,0,weights_on_pim_prefill-1024xdecode_64_ops_trace.csv,7.220140611607917e-06,7.220140611607917e-06,1.7518216580903718e-05,1.0298075969295801e-05,2.4262985339564502,0
decode,L26_SwiGLU_s1,SwiGLU,GPU0,npu,NAIVE,15.02350546165198,15.02351268179259,7.220140611607917e-06,1883,0,26,1,weights_on_pim_prefill-1024xdecode_64_ops_trace.csv,7.220140611607917e-06,7.220140611607917e-06,1.7518216580903718e-05,1.0298075969295801e-05,2.4262985339564502,0
decode,L26_FFN_W2_s0,FFN_W2,PIM0,pim,NAIVE,15.023499221864771,15.023593512864496,9.429099972457776e-05,1884,0,26,0,weights_on_pim_prefill-1024xdecode_64_ops_trace.csv,9.429099972457776e-05,9.429099972457776e-05,1.1465711020852624e-05,-8.282528870372513e-05,0.12159920940857294,0
decode,L26_FFN_W2_s1,FFN_W2,PIM1,pim,NAIVE,15.0235189065798,15.023613197579524,9.429099972457776e-05,1885,0,26,1,weights_on_pim_prefill-1024xdecode_64_ops_trace.csv,9.429099972457776e-05,9.429099972457776e-05,1.1465711020852624e-05,-8.282528870372513e-05,0.12159920940857294,0
decode,L26_AllReduce_FFN,ALLREDUCE,COMM,comm,COMM,15.023613197579524,15.023615224137446,2.026557922363281e-06,1886,0,26,-1,weights_on_pim_prefill-1024xdecode_64_ops_trace.csv,2.026557922363281e-06,2.026557922363281e-06,2.026557922363281e-06,0.0,1.0,0
decode,L26_Add2,Add,GPU0,npu,NAIVE,15.023620333386624,15.023627272793592,6.939406967276796e-06,1887,0,26,-1,weights_on_pim_prefill-1024xdecode_64_ops_trace.csv,6.939406967276796e-06,6.939406967276796e-06,1.6837072951230866e-05,9.897665983954071e-06,2.4262985339564502,0
decode,L27_LN,LN,GPU0,npu,NAIVE,15.023627272793592,15.023662582398236,3.530960464459554e-05,1888,0,27,-1,weights_on_pim_prefill-1024xdecode_64_ops_trace.csv,3.530960464459554e-05,3.530960464459554e-05,8.567164198376401e-05,5.0362037339168477e-05,2.4262985339564502,0
decode,L27_Q_s0,Q,PIM0,pim,NAIVE,15.023667547356158,15.023703925030476,3.637767431641237e-05,1889,0,27,0,weights_on_pim_prefill-1024xdecode_64_ops_trace.csv,3.637767431641237e-05,3.637767431641237e-05,4.423496436998293e-06,-3.195417787941407e-05,0.12159920940857294,0
decode,L27_K_s0,K,PIM0,pim,NAIVE,15.023703925030476,15.023740302704793,3.637767431641237e-05,1890,0,27,0,weights_on_pim_prefill-1024xdecode_64_ops_trace.csv,3.637767431641237e-05,3.637767431641237e-05,4.423496436998293e-06,-3.195417787941407e-05,0.12159920940857294,0
decode,L27_V_s0,V,PIM0,pim,NAIVE,15.023740302704793,15.023776680379108,3.637767431641237e-05,1891,0,27,0,weights_on_pim_prefill-1024xdecode_64_ops_trace.csv,3.637767431641237e-05,3.637767431641237e-05,4.423496436998293e-06,-3.195417787941407e-05,0.12159920940857294,0
decode,L27_Q_s1,Q,PIM1,pim,NAIVE,15.023667547356158,15.023703925030476,3.637767431641237e-05,1892,0,27,1,weights_on_pim_prefill-1024xdecode_64_ops_trace.csv,3.637767431641237e-05,3.637767431641237e-05,4.423496436998292e-06,-3.195417787941408e-05,0.12159920940857293,0
decode,L27_K_s1,K,PIM1,pim,NAIVE,15.023703925030476,15.023740302704793,3.637767431641237e-05,1893,0,27,1,weights_on_pim_prefill-1024xdecode_64_ops_trace.csv,3.637767431641237e-05,3.637767431641237e-05,4.423496436998292e-06,-3.195417787941408e-05,0.12159920940857293,0
decode,L27_V_s1,V,PIM1,pim,NAIVE,15.023740302704793,15.023776680379108,3.637767431641237e-05,1894,0,27,1,weights_on_pim_prefill-1024xdecode_64_ops_trace.csv,3.637767431641237e-05,3.637767431641237e-05,4.423496436998292e-06,-3.195417787941408e-05,0.12159920940857293,0
decode,L27_K_write_s0,K_write,PIM0,pim,NAIVE,15.023776680379108,15.023776710379108,3.000000070585429e-08,1895,0,27,0,weights_on_pim_prefill-1024xdecode_64_ops_trace.csv,3.000000070585429e-08,3.000000070585429e-08,3.000000070585429e-08,0.0,1.0,0
decode,L27_QK_s0,QK,GPU0,npu,NAIVE,15.025099548302023,15.025102317167669,2.7688656416557933e-06,1896,0,27,0,weights_on_pim_prefill-1024xdecode_64_ops_trace.csv,2.7688656416557933e-06,2.7688656416557933e-06,6.718094647071836e-06,3.9492290054160426e-06,2.42629853395645,0
decode,L27_V_write_s0,V_write,PIM0,pim,NAIVE,15.023781830379107,15.02378186037911,3.000000070585429e-08,1897,0,27,0,weights_on_pim_prefill-1024xdecode_64_ops_trace.csv,3.000000070585429e-08,3.000000070585429e-08,3.000000070585429e-08,0.0,1.0,0
decode,L27_K_write_s1,K_write,PIM1,pim,NAIVE,15.023776680379108,15.023776710379108,3.000000070585429e-08,1898,0,27,1,weights_on_pim_prefill-1024xdecode_64_ops_trace.csv,3.000000070585429e-08,3.000000070585429e-08,3.000000070585429e-08,0.0,1.0,0
decode,L27_QK_s1,QK,GPU0,npu,NAIVE,15.025102317167669,15.025105086033308,2.7688656416557933e-06,1899,0,27,1,weights_on_pim_prefill-1024xdecode_64_ops_trace.csv,2.7688656416557933e-06,2.7688656416557933e-06,6.718094647071836e-06,3.9492290054160426e-06,2.42629853395645,0
decode,L27_V_write_s1,V_write,PIM1,pim,NAIVE,15.023781830379107,15.02378186037911,3.000000070585429e-08,1900,0,27,1,weights_on_pim_prefill-1024xdecode_64_ops_trace.csv,3.000000070585429e-08,3.000000070585429e-08,3.000000070585429e-08,0.0,1.0,0
decode,L27_Softmax_s0,Softmax,GPU0,npu,NAIVE,15.025105086033308,15.025105324451888,2.384185791015625e-07,1901,0,27,0,weights_on_pim_prefill-1024xdecode_64_ops_trace.csv,2.384185791015625e-07,2.384185791015625e-07,5.784746489421011e-07,3.4005606984053856e-07,2.4262985339564502,0
decode,L27_Softmax_s1,Softmax,GPU0,npu,NAIVE,15.025105324451888,15.025105562870468,2.384185791015625e-07,1902,0,27,1,weights_on_pim_prefill-1024xdecode_64_ops_trace.csv,2.384185791015625e-07,2.384185791015625e-07,5.784746489421011e-07,3.4005606984053856e-07,2.4262985339564502,0
decode,L27_SV_s0,SV,GPU0,npu,NAIVE,15.026428162374804,15.026430931240446,2.7688656416557933e-06,1903,0,27,0,weights_on_pim_prefill-1024xdecode_64_ops_trace.csv,2.7688656416557933e-06,2.7688656416557933e-06,6.718094647071836e-06,3.9492290054160426e-06,2.42629853395645,0
decode,L27_SV_s1,SV,GPU0,npu,NAIVE,15.026430931240446,15.026433700106088,2.7688656416557933e-06,1904,0,27,1,weights_on_pim_prefill-1024xdecode_64_ops_trace.csv,2.7688656416557933e-06,2.7688656416557933e-06,6.718094647071836e-06,3.9492290054160426e-06,2.42629853395645,0
decode,L27_O_s0,O,PIM0,pim,NAIVE,15.026434063719408,15.026467513393722,3.344967431573309e-05,1905,0,27,0,weights_on_pim_prefill-1024xdecode_64_ops_trace.csv,3.344967431573309e-05,3.344967431573309e-05,4.067453951767392e-06,-2.93822203639657e-05,0.12159920940857295,0
decode,L27_O_s1,O,PIM1,pim,NAIVE,15.026436832585048,15.026470282259364,3.344967431573309e-05,1906,0,27,1,weights_on_pim_prefill-1024xdecode_64_ops_trace.csv,3.344967431573309e-05,3.344967431573309e-05,4.0674539517673915e-06,-2.93822203639657e-05,0.12159920940857293,0
decode,L27_AllReduce_O,ALLREDUCE,COMM,comm,COMM,15.026470282259364,15.026472308817286,2.026557922363281e-06,1907,0,27,-1,weights_on_pim_prefill-1024xdecode_64_ops_trace.csv,2.026557922363281e-06,2.026557922363281e-06,2.026557922363281e-06,0.0,1.0,0
decode,L27_Add1,Add,GPU0,npu,NAIVE,15.026477418066465,15.026484357473432,6.939406967276796e-06,1908,0,27,-1,weights_on_pim_prefill-1024xdecode_64_ops_trace.csv,6.939406967276796e-06,6.939406967276796e-06,1.6837072951230866e-05,9.897665983954071e-06,2.4262985339564502,0
decode,L27_LN2,LN,GPU0,npu,NAIVE,15.026484357473432,15.026519667078077,3.530960464459554e-05,1909,0,27,-1,weights_on_pim_prefill-1024xdecode_64_ops_trace.csv,3.530960464459554e-05,3.530960464459554e-05,8.567164198376401e-05,5.0362037339168477e-05,2.4262985339564502,0
decode,L27_FFN_W1_s0,FFN_W1,PIM0,pim,NAIVE,15.026524632036,15.026620859035724,9.622699972489102e-05,1910,0,27,0,weights_on_pim_prefill-1024xdecode_64_ops_trace.csv,9.622699972489102e-05,9.622699972489102e-05,1.1701127090305714e-05,-8.45258726345853e-05,0.12159920940857295,0
decode,L27_FFN_W3_s0,FFN_W3,PIM1,pim,NAIVE,15.026524632036,15.026614363035725,8.973099972564569e-05,1911,0,27,0,weights_on_pim_prefill-1024xdecode_64_ops_trace.csv,8.973099972564569e-05,8.973099972564569e-05,1.091121862607939e-05,-7.88197810995663e-05,0.12159920940857293,0
decode,L27_FFN_W1_s1,FFN_W1,PIM1,pim,NAIVE,15.026614363035725,15.02671059003545,9.622699972489102e-05,1912,0,27,1,weights_on_pim_prefill-1024xdecode_64_ops_trace.csv,9.622699972489102e-05,9.622699972489102e-05,1.1701127090305712e-05,-8.45258726345853e-05,0.12159920940857293,0
decode,L27_FFN_W3_s1,FFN_W3,PIM0,pim,NAIVE,15.026620859035724,15.02671059003545,8.973099972564569e-05,1913,0,27,1,weights_on_pim_prefill-1024xdecode_64_ops_trace.csv,8.973099972564569e-05,8.973099972564569e-05,1.0911218626079391e-05,-7.88197810995663e-05,0.12159920940857294,0
decode,L27_SwiGLU_s0,SwiGLU,GPU0,npu,NAIVE,15.026627098822932,15.026634318963543,7.220140611607917e-06,1914,0,27,0,weights_on_pim_prefill-1024xdecode_64_ops_trace.csv,7.220140611607917e-06,7.220140611607917e-06,1.7518216580903718e-05,1.0298075969295801e-05,2.4262985339564502,0
decode,L27_SwiGLU_s1,SwiGLU,GPU0,npu,NAIVE,15.026716829822655,15.026724049963269,7.220140611607917e-06,1915,0,27,1,weights_on_pim_prefill-1024xdecode_64_ops_trace.csv,7.220140611607917e-06,7.220140611607917e-06,1.7518216580903718e-05,1.0298075969295801e-05,2.4262985339564502,0
decode,L27_FFN_W2_s0,FFN_W2,PIM0,pim,NAIVE,15.02671059003545,15.026804881035174,9.429099972457776e-05,1916,0,27,0,weights_on_pim_prefill-1024xdecode_64_ops_trace.csv,9.429099972457776e-05,9.429099972457776e-05,1.1465711020852624e-05,-8.282528870372513e-05,0.12159920940857294,0
decode,L27_FFN_W2_s1,FFN_W2,PIM1,pim,NAIVE,15.026730274750475,15.026824565750202,9.429099972457776e-05,1917,0,27,1,weights_on_pim_prefill-1024xdecode_64_ops_trace.csv,9.429099972457776e-05,9.429099972457776e-05,1.1465711020852624e-05,-8.282528870372513e-05,0.12159920940857294,0
decode,L27_AllReduce_FFN,ALLREDUCE,COMM,comm,COMM,15.026824565750202,15.026826592308124,2.026557922363281e-06,1918,0,27,-1,weights_on_pim_prefill-1024xdecode_64_ops_trace.csv,2.026557922363281e-06,2.026557922363281e-06,2.026557922363281e-06,0.0,1.0,0
decode,L27_Add2,Add,GPU0,npu,NAIVE,15.026831701557304,15.02683864096427,6.939406967276796e-06,1919,0,27,-1,weights_on_pim_prefill-1024xdecode_64_ops_trace.csv,6.939406967276796e-06,6.939406967276796e-06,1.6837072951230866e-05,9.897665983954071e-06,2.4262985339564502,0
decode,L28_LN,LN,GPU0,npu,NAIVE,15.02683864096427,15.026873950568914,3.530960464459554e-05,1920,0,28,-1,weights_on_pim_prefill-1024xdecode_64_ops_trace.csv,3.530960464459554e-05,3.530960464459554e-05,8.567164198376401e-05,5.0362037339168477e-05,2.4262985339564502,0
decode,L28_Q_s0,Q,PIM0,pim,NAIVE,15.026878915526837,15.026915293201151,3.637767431641237e-05,1921,0,28,0,weights_on_pim_prefill-1024xdecode_64_ops_trace.csv,3.637767431641237e-05,3.637767431641237e-05,4.423496436998293e-06,-3.195417787941407e-05,0.12159920940857294,0
decode,L28_K_s0,K,PIM0,pim,NAIVE,15.026915293201151,15.02695167087547,3.637767431641237e-05,1922,0,28,0,weights_on_pim_prefill-1024xdecode_64_ops_trace.csv,3.637767431641237e-05,3.637767431641237e-05,4.423496436998293e-06,-3.195417787941407e-05,0.12159920940857294,0
decode,L28_V_s0,V,PIM0,pim,NAIVE,15.02695167087547,15.026988048549786,3.637767431641237e-05,1923,0,28,0,weights_on_pim_prefill-1024xdecode_64_ops_trace.csv,3.637767431641237e-05,3.637767431641237e-05,4.423496436998293e-06,-3.195417787941407e-05,0.12159920940857294,0
decode,L28_Q_s1,Q,PIM1,pim,NAIVE,15.026878915526837,15.026915293201151,3.637767431641237e-05,1924,0,28,1,weights_on_pim_prefill-1024xdecode_64_ops_trace.csv,3.637767431641237e-05,3.637767431641237e-05,4.423496436998292e-06,-3.195417787941408e-05,0.12159920940857293,0
decode,L28_K_s1,K,PIM1,pim,NAIVE,15.026915293201151,15.02695167087547,3.637767431641237e-05,1925,0,28,1,weights_on_pim_prefill-1024xdecode_64_ops_trace.csv,3.637767431641237e-05,3.637767431641237e-05,4.423496436998292e-06,-3.195417787941408e-05,0.12159920940857293,0
decode,L28_V_s1,V,PIM1,pim,NAIVE,15.02695167087547,15.026988048549786,3.637767431641237e-05,1926,0,28,1,weights_on_pim_prefill-1024xdecode_64_ops_trace.csv,3.637767431641237e-05,3.637767431641237e-05,4.423496436998292e-06,-3.195417787941408e-05,0.12159920940857293,0
decode,L28_K_write_s0,K_write,PIM0,pim,NAIVE,15.026988048549786,15.026988078549786,3.000000070585429e-08,1927,0,28,0,weights_on_pim_prefill-1024xdecode_64_ops_trace.csv,3.000000070585429e-08,3.000000070585429e-08,3.000000070585429e-08,0.0,1.0,0
decode,L28_QK_s0,QK,GPU0,npu,NAIVE,15.028310916472703,15.028313685338343,2.7688656416557933e-06,1928,0,28,0,weights_on_pim_prefill-1024xdecode_64_ops_trace.csv,2.7688656416557933e-06,2.7688656416557933e-06,6.718094647071836e-06,3.9492290054160426e-06,2.42629853395645,0
decode,L28_V_write_s0,V_write,PIM0,pim,NAIVE,15.026993198549787,15.026993228549788,3.000000070585429e-08,1929,0,28,0,weights_on_pim_prefill-1024xdecode_64_ops_trace.csv,3.000000070585429e-08,3.000000070585429e-08,3.000000070585429e-08,0.0,1.0,0
decode,L28_K_write_s1,K_write,PIM1,pim,NAIVE,15.026988048549786,15.026988078549786,3.000000070585429e-08,1930,0,28,1,weights_on_pim_prefill-1024xdecode_64_ops_trace.csv,3.000000070585429e-08,3.000000070585429e-08,3.000000070585429e-08,0.0,1.0,0
decode,L28_QK_s1,QK,GPU0,npu,NAIVE,15.028313685338343,15.028316454203988,2.7688656416557933e-06,1931,0,28,1,weights_on_pim_prefill-1024xdecode_64_ops_trace.csv,2.7688656416557933e-06,2.7688656416557933e-06,6.718094647071836e-06,3.9492290054160426e-06,2.42629853395645,0
decode,L28_V_write_s1,V_write,PIM1,pim,NAIVE,15.026993198549787,15.026993228549788,3.000000070585429e-08,1932,0,28,1,weights_on_pim_prefill-1024xdecode_64_ops_trace.csv,3.000000070585429e-08,3.000000070585429e-08,3.000000070585429e-08,0.0,1.0,0
decode,L28_Softmax_s0,Softmax,GPU0,npu,NAIVE,15.028316454203988,15.028316692622566,2.384185791015625e-07,1933,0,28,0,weights_on_pim_prefill-1024xdecode_64_ops_trace.csv,2.384185791015625e-07,2.384185791015625e-07,5.784746489421011e-07,3.4005606984053856e-07,2.4262985339564502,0
decode,L28_Softmax_s1,Softmax,GPU0,npu,NAIVE,15.028316692622566,15.028316931041145,2.384185791015625e-07,1934,0,28,1,weights_on_pim_prefill-1024xdecode_64_ops_trace.csv,2.384185791015625e-07,2.384185791015625e-07,5.784746489421011e-07,3.4005606984053856e-07,2.4262985339564502,0
decode,L28_SV_s0,SV,GPU0,npu,NAIVE,15.029639530545484,15.029642299411124,2.7688656416557933e-06,1935,0,28,0,weights_on_pim_prefill-1024xdecode_64_ops_trace.csv,2.7688656416557933e-06,2.7688656416557933e-06,6.718094647071836e-06,3.9492290054160426e-06,2.42629853395645,0
decode,L28_SV_s1,SV,GPU0,npu,NAIVE,15.029642299411124,15.029645068276766,2.7688656416557933e-06,1936,0,28,1,weights_on_pim_prefill-1024xdecode_64_ops_trace.csv,2.7688656416557933e-06,2.7688656416557933e-06,6.718094647071836e-06,3.9492290054160426e-06,2.42629853395645,0
decode,L28_O_s0,O,PIM0,pim,NAIVE,15.029645431890083,15.0296788815644,3.344967431573309e-05,1937,0,28,0,weights_on_pim_prefill-1024xdecode_64_ops_trace.csv,3.344967431573309e-05,3.344967431573309e-05,4.067453951767392e-06,-2.93822203639657e-05,0.12159920940857295,0
decode,L28_O_s1,O,PIM1,pim,NAIVE,15.029648200755728,15.029681650430042,3.344967431573309e-05,1938,0,28,1,weights_on_pim_prefill-1024xdecode_64_ops_trace.csv,3.344967431573309e-05,3.344967431573309e-05,4.0674539517673915e-06,-2.93822203639657e-05,0.12159920940857293,0
decode,L28_AllReduce_O,ALLREDUCE,COMM,comm,COMM,15.029681650430042,15.029683676987965,2.026557922363281e-06,1939,0,28,-1,weights_on_pim_prefill-1024xdecode_64_ops_trace.csv,2.026557922363281e-06,2.026557922363281e-06,2.026557922363281e-06,0.0,1.0,0
decode,L28_Add1,Add,GPU0,npu,NAIVE,15.029688786237145,15.02969572564411,6.939406967276796e-06,1940,0,28,-1,weights_on_pim_prefill-1024xdecode_64_ops_trace.csv,6.939406967276796e-06,6.939406967276796e-06,1.6837072951230866e-05,9.897665983954071e-06,2.4262985339564502,0
decode,L28_LN2,LN,GPU0,npu,NAIVE,15.02969572564411,15.029731035248757,3.530960464459554e-05,1941,0,28,-1,weights_on_pim_prefill-1024xdecode_64_ops_trace.csv,3.530960464459554e-05,3.530960464459554e-05,8.567164198376401e-05,5.0362037339168477e-05,2.4262985339564502,0
decode,L28_FFN_W1_s0,FFN_W1,PIM0,pim,NAIVE,15.029736000206675,15.029832227206402,9.622699972489102e-05,1942,0,28,0,weights_on_pim_prefill-1024xdecode_64_ops_trace.csv,9.622699972489102e-05,9.622699972489102e-05,1.1701127090305714e-05,-8.45258726345853e-05,0.12159920940857295,0
decode,L28_FFN_W3_s0,FFN_W3,PIM1,pim,NAIVE,15.029736000206675,15.029825731206405,8.973099972564569e-05,1943,0,28,0,weights_on_pim_prefill-1024xdecode_64_ops_trace.csv,8.973099972564569e-05,8.973099972564569e-05,1.091121862607939e-05,-7.88197810995663e-05,0.12159920940857293,0
decode,L28_FFN_W1_s1,FFN_W1,PIM1,pim,NAIVE,15.029825731206405,15.029921958206128,9.622699972489102e-05,1944,0,28,1,weights_on_pim_prefill-1024xdecode_64_ops_trace.csv,9.622699972489102e-05,9.622699972489102e-05,1.1701127090305712e-05,-8.45258726345853e-05,0.12159920940857293,0
decode,L28_FFN_W3_s1,FFN_W3,PIM0,pim,NAIVE,15.029832227206402,15.029921958206128,8.973099972564569e-05,1945,0,28,1,weights_on_pim_prefill-1024xdecode_64_ops_trace.csv,8.973099972564569e-05,8.973099972564569e-05,1.0911218626079391e-05,-7.88197810995663e-05,0.12159920940857294,0
decode,L28_SwiGLU_s0,SwiGLU,GPU0,npu,NAIVE,15.02983846699361,15.02984568713422,7.220140611607917e-06,1946,0,28,0,weights_on_pim_prefill-1024xdecode_64_ops_trace.csv,7.220140611607917e-06,7.220140611607917e-06,1.7518216580903718e-05,1.0298075969295801e-05,2.4262985339564502,0
decode,L28_SwiGLU_s1,SwiGLU,GPU0,npu,NAIVE,15.029928197993335,15.029935418133949,7.220140611607917e-06,1947,0,28,1,weights_on_pim_prefill-1024xdecode_64_ops_trace.csv,7.220140611607917e-06,7.220140611607917e-06,1.7518216580903718e-05,1.0298075969295801e-05,2.4262985339564502,0
decode,L28_FFN_W2_s0,FFN_W2,PIM0,pim,NAIVE,15.029921958206128,15.030016249205852,9.429099972457776e-05,1948,0,28,0,weights_on_pim_prefill-1024xdecode_64_ops_trace.csv,9.429099972457776e-05,9.429099972457776e-05,1.1465711020852624e-05,-8.282528870372513e-05,0.12159920940857294,0
decode,L28_FFN_W2_s1,FFN_W2,PIM1,pim,NAIVE,15.029941642921155,15.03003593392088,9.429099972457776e-05,1949,0,28,1,weights_on_pim_prefill-1024xdecode_64_ops_trace.csv,9.429099972457776e-05,9.429099972457776e-05,1.1465711020852624e-05,-8.282528870372513e-05,0.12159920940857294,0
decode,L28_AllReduce_FFN,ALLREDUCE,COMM,comm,COMM,15.03003593392088,15.030037960478802,2.026557922363281e-06,1950,0,28,-1,weights_on_pim_prefill-1024xdecode_64_ops_trace.csv,2.026557922363281e-06,2.026557922363281e-06,2.026557922363281e-06,0.0,1.0,0
decode,L28_Add2,Add,GPU0,npu,NAIVE,15.03004306972798,15.030050009134948,6.939406967276796e-06,1951,0,28,-1,weights_on_pim_prefill-1024xdecode_64_ops_trace.csv,6.939406967276796e-06,6.939406967276796e-06,1.6837072951230866e-05,9.897665983954071e-06,2.4262985339564502,0
decode,L29_LN,LN,GPU0,npu,NAIVE,15.030050009134948,15.030085318739593,3.530960464459554e-05,1952,0,29,-1,weights_on_pim_prefill-1024xdecode_64_ops_trace.csv,3.530960464459554e-05,3.530960464459554e-05,8.567164198376401e-05,5.0362037339168477e-05,2.4262985339564502,0
decode,L29_Q_s0,Q,PIM0,pim,NAIVE,15.030090283697517,15.030126661371831,3.637767431641237e-05,1953,0,29,0,weights_on_pim_prefill-1024xdecode_64_ops_trace.csv,3.637767431641237e-05,3.637767431641237e-05,4.423496436998293e-06,-3.195417787941407e-05,0.12159920940857294,0
decode,L29_K_s0,K,PIM0,pim,NAIVE,15.030126661371831,15.030163039046148,3.637767431641237e-05,1954,0,29,0,weights_on_pim_prefill-1024xdecode_64_ops_trace.csv,3.637767431641237e-05,3.637767431641237e-05,4.423496436998293e-06,-3.195417787941407e-05,0.12159920940857294,0
decode,L29_V_s0,V,PIM0,pim,NAIVE,15.030163039046148,15.030199416720464,3.637767431641237e-05,1955,0,29,0,weights_on_pim_prefill-1024xdecode_64_ops_trace.csv,3.637767431641237e-05,3.637767431641237e-05,4.423496436998293e-06,-3.195417787941407e-05,0.12159920940857294,0
decode,L29_Q_s1,Q,PIM1,pim,NAIVE,15.030090283697517,15.030126661371831,3.637767431641237e-05,1956,0,29,1,weights_on_pim_prefill-1024xdecode_64_ops_trace.csv,3.637767431641237e-05,3.637767431641237e-05,4.423496436998292e-06,-3.195417787941408e-05,0.12159920940857293,0
decode,L29_K_s1,K,PIM1,pim,NAIVE,15.030126661371831,15.030163039046148,3.637767431641237e-05,1957,0,29,1,weights_on_pim_prefill-1024xdecode_64_ops_trace.csv,3.637767431641237e-05,3.637767431641237e-05,4.423496436998292e-06,-3.195417787941408e-05,0.12159920940857293,0
decode,L29_V_s1,V,PIM1,pim,NAIVE,15.030163039046148,15.030199416720464,3.637767431641237e-05,1958,0,29,1,weights_on_pim_prefill-1024xdecode_64_ops_trace.csv,3.637767431641237e-05,3.637767431641237e-05,4.423496436998292e-06,-3.195417787941408e-05,0.12159920940857293,0
decode,L29_K_write_s0,K_write,PIM0,pim,NAIVE,15.030199416720464,15.030199446720465,3.000000070585429e-08,1959,0,29,0,weights_on_pim_prefill-1024xdecode_64_ops_trace.csv,3.000000070585429e-08,3.000000070585429e-08,3.000000070585429e-08,0.0,1.0,0
decode,L29_QK_s0,QK,GPU0,npu,NAIVE,15.031522284643382,15.031525053509023,2.7688656416557933e-06,1960,0,29,0,weights_on_pim_prefill-1024xdecode_64_ops_trace.csv,2.7688656416557933e-06,2.7688656416557933e-06,6.718094647071836e-06,3.9492290054160426e-06,2.42629853395645,0
decode,L29_V_write_s0,V_write,PIM0,pim,NAIVE,15.030204566720466,15.030204596720466,3.000000070585429e-08,1961,0,29,0,weights_on_pim_prefill-1024xdecode_64_ops_trace.csv,3.000000070585429e-08,3.000000070585429e-08,3.000000070585429e-08,0.0,1.0,0
decode,L29_K_write_s1,K_write,PIM1,pim,NAIVE,15.030199416720464,15.030199446720465,3.000000070585429e-08,1962,0,29,1,weights_on_pim_prefill-1024xdecode_64_ops_trace.csv,3.000000070585429e-08,3.000000070585429e-08,3.000000070585429e-08,0.0,1.0,0
decode,L29_QK_s1,QK,GPU0,npu,NAIVE,15.031525053509023,15.031527822374663,2.7688656416557933e-06,1963,0,29,1,weights_on_pim_prefill-1024xdecode_64_ops_trace.csv,2.7688656416557933e-06,2.7688656416557933e-06,6.718094647071836e-06,3.9492290054160426e-06,2.42629853395645,0
decode,L29_V_write_s1,V_write,PIM1,pim,NAIVE,15.030204566720466,15.030204596720466,3.000000070585429e-08,1964,0,29,1,weights_on_pim_prefill-1024xdecode_64_ops_trace.csv,3.000000070585429e-08,3.000000070585429e-08,3.000000070585429e-08,0.0,1.0,0
decode,L29_Softmax_s0,Softmax,GPU0,npu,NAIVE,15.031527822374663,15.031528060793244,2.384185791015625e-07,1965,0,29,0,weights_on_pim_prefill-1024xdecode_64_ops_trace.csv,2.384185791015625e-07,2.384185791015625e-07,5.784746489421011e-07,3.4005606984053856e-07,2.4262985339564502,0
decode,L29_Softmax_s1,Softmax,GPU0,npu,NAIVE,15.031528060793244,15.031528299211825,2.384185791015625e-07,1966,0,29,1,weights_on_pim_prefill-1024xdecode_64_ops_trace.csv,2.384185791015625e-07,2.384185791015625e-07,5.784746489421011e-07,3.4005606984053856e-07,2.4262985339564502,0
decode,L29_SV_s0,SV,GPU0,npu,NAIVE,15.03285089871616,15.032853667581804,2.7688656416557933e-06,1967,0,29,0,weights_on_pim_prefill-1024xdecode_64_ops_trace.csv,2.7688656416557933e-06,2.7688656416557933e-06,6.718094647071836e-06,3.9492290054160426e-06,2.42629853395645,0
decode,L29_SV_s1,SV,GPU0,npu,NAIVE,15.032853667581804,15.032856436447444,2.7688656416557933e-06,1968,0,29,1,weights_on_pim_prefill-1024xdecode_64_ops_trace.csv,2.7688656416557933e-06,2.7688656416557933e-06,6.718094647071836e-06,3.9492290054160426e-06,2.42629853395645,0
decode,L29_O_s0,O,PIM0,pim,NAIVE,15.032856800060763,15.03289024973508,3.344967431573309e-05,1969,0,29,0,weights_on_pim_prefill-1024xdecode_64_ops_trace.csv,3.344967431573309e-05,3.344967431573309e-05,4.067453951767392e-06,-2.93822203639657e-05,0.12159920940857295,0
decode,L29_O_s1,O,PIM1,pim,NAIVE,15.032859568926405,15.03289301860072,3.344967431573309e-05,1970,0,29,1,weights_on_pim_prefill-1024xdecode_64_ops_trace.csv,3.344967431573309e-05,3.344967431573309e-05,4.0674539517673915e-06,-2.93822203639657e-05,0.12159920940857293,0
decode,L29_AllReduce_O,ALLREDUCE,COMM,comm,COMM,15.03289301860072,15.032895045158645,2.026557922363281e-06,1971,0,29,-1,weights_on_pim_prefill-1024xdecode_64_ops_trace.csv,2.026557922363281e-06,2.026557922363281e-06,2.026557922363281e-06,0.0,1.0,0
decode,L29_Add1,Add,GPU0,npu,NAIVE,15.03290015440782,15.032907093814789,6.939406967276796e-06,1972,0,29,-1,weights_on_pim_prefill-1024xdecode_64_ops_trace.csv,6.939406967276796e-06,6.939406967276796e-06,1.6837072951230866e-05,9.897665983954071e-06,2.4262985339564502,0
decode,L29_LN2,LN,GPU0,npu,NAIVE,15.032907093814789,15.032942403419431,3.530960464459554e-05,1973,0,29,-1,weights_on_pim_prefill-1024xdecode_64_ops_trace.csv,3.530960464459554e-05,3.530960464459554e-05,8.567164198376401e-05,5.0362037339168477e-05,2.4262985339564502,0
decode,L29_FFN_W1_s0,FFN_W1,PIM0,pim,NAIVE,15.032947368377355,15.03304359537708,9.622699972489102e-05,1974,0,29,0,weights_on_pim_prefill-1024xdecode_64_ops_trace.csv,9.622699972489102e-05,9.622699972489102e-05,1.1701127090305714e-05,-8.45258726345853e-05,0.12159920940857295,0
decode,L29_FFN_W3_s0,FFN_W3,PIM1,pim,NAIVE,15.032947368377355,15.03303709937708,8.973099972564569e-05,1975,0,29,0,weights_on_pim_prefill-1024xdecode_64_ops_trace.csv,8.973099972564569e-05,8.973099972564569e-05,1.091121862607939e-05,-7.88197810995663e-05,0.12159920940857293,0
decode,L29_FFN_W1_s1,FFN_W1,PIM1,pim,NAIVE,15.03303709937708,15.033133326376806,9.622699972489102e-05,1976,0,29,1,weights_on_pim_prefill-1024xdecode_64_ops_trace.csv,9.622699972489102e-05,9.622699972489102e-05,1.1701127090305712e-05,-8.45258726345853e-05,0.12159920940857293,0
decode,L29_FFN_W3_s1,FFN_W3,PIM0,pim,NAIVE,15.03304359537708,15.033133326376806,8.973099972564569e-05,1977,0,29,1,weights_on_pim_prefill-1024xdecode_64_ops_trace.csv,8.973099972564569e-05,8.973099972564569e-05,1.0911218626079391e-05,-7.88197810995663e-05,0.12159920940857294,0
decode,L29_SwiGLU_s0,SwiGLU,GPU0,npu,NAIVE,15.033049835164288,15.0330570553049,7.220140611607917e-06,1978,0,29,0,weights_on_pim_prefill-1024xdecode_64_ops_trace.csv,7.220140611607917e-06,7.220140611607917e-06,1.7518216580903718e-05,1.0298075969295801e-05,2.4262985339564502,0
decode,L29_SwiGLU_s1,SwiGLU,GPU0,npu,NAIVE,15.033139566164014,15.033146786304624,7.220140611607917e-06,1979,0,29,1,weights_on_pim_prefill-1024xdecode_64_ops_trace.csv,7.220140611607917e-06,7.220140611607917e-06,1.7518216580903718e-05,1.0298075969295801e-05,2.4262985339564502,0
decode,L29_FFN_W2_s0,FFN_W2,PIM0,pim,NAIVE,15.033133326376806,15.03322761737653,9.429099972457776e-05,1980,0,29,0,weights_on_pim_prefill-1024xdecode_64_ops_trace.csv,9.429099972457776e-05,9.429099972457776e-05,1.1465711020852624e-05,-8.282528870372513e-05,0.12159920940857294,0
decode,L29_FFN_W2_s1,FFN_W2,PIM1,pim,NAIVE,15.033153011091834,15.033247302091558,9.429099972457776e-05,1981,0,29,1,weights_on_pim_prefill-1024xdecode_64_ops_trace.csv,9.429099972457776e-05,9.429099972457776e-05,1.1465711020852624e-05,-8.282528870372513e-05,0.12159920940857294,0
decode,L29_AllReduce_FFN,ALLREDUCE,COMM,comm,COMM,15.033247302091558,15.03324932864948,2.026557922363281e-06,1982,0,29,-1,weights_on_pim_prefill-1024xdecode_64_ops_trace.csv,2.026557922363281e-06,2.026557922363281e-06,2.026557922363281e-06,0.0,1.0,0
decode,L29_Add2,Add,GPU0,npu,NAIVE,15.03325443789866,15.033261377305626,6.939406967276796e-06,1983,0,29,-1,weights_on_pim_prefill-1024xdecode_64_ops_trace.csv,6.939406967276796e-06,6.939406967276796e-06,1.6837072951230866e-05,9.897665983954071e-06,2.4262985339564502,0
decode,L30_LN,LN,GPU0,npu,NAIVE,15.033261377305626,15.03329668691027,3.530960464459554e-05,1984,0,30,-1,weights_on_pim_prefill-1024xdecode_64_ops_trace.csv,3.530960464459554e-05,3.530960464459554e-05,8.567164198376401e-05,5.0362037339168477e-05,2.4262985339564502,0
decode,L30_Q_s0,Q,PIM0,pim,NAIVE,15.033301651868191,15.03333802954251,3.637767431641237e-05,1985,0,30,0,weights_on_pim_prefill-1024xdecode_64_ops_trace.csv,3.637767431641237e-05,3.637767431641237e-05,4.423496436998293e-06,-3.195417787941407e-05,0.12159920940857294,0
decode,L30_K_s0,K,PIM0,pim,NAIVE,15.03333802954251,15.033374407216826,3.637767431641237e-05,1986,0,30,0,weights_on_pim_prefill-1024xdecode_64_ops_trace.csv,3.637767431641237e-05,3.637767431641237e-05,4.423496436998293e-06,-3.195417787941407e-05,0.12159920940857294,0
decode,L30_V_s0,V,PIM0,pim,NAIVE,15.033374407216826,15.033410784891142,3.637767431641237e-05,1987,0,30,0,weights_on_pim_prefill-1024xdecode_64_ops_trace.csv,3.637767431641237e-05,3.637767431641237e-05,4.423496436998293e-06,-3.195417787941407e-05,0.12159920940857294,0
decode,L30_Q_s1,Q,PIM1,pim,NAIVE,15.033301651868191,15.03333802954251,3.637767431641237e-05,1988,0,30,1,weights_on_pim_prefill-1024xdecode_64_ops_trace.csv,3.637767431641237e-05,3.637767431641237e-05,4.423496436998292e-06,-3.195417787941408e-05,0.12159920940857293,0
decode,L30_K_s1,K,PIM1,pim,NAIVE,15.03333802954251,15.033374407216826,3.637767431641237e-05,1989,0,30,1,weights_on_pim_prefill-1024xdecode_64_ops_trace.csv,3.637767431641237e-05,3.637767431641237e-05,4.423496436998292e-06,-3.195417787941408e-05,0.12159920940857293,0
decode,L30_V_s1,V,PIM1,pim,NAIVE,15.033374407216826,15.033410784891142,3.637767431641237e-05,1990,0,30,1,weights_on_pim_prefill-1024xdecode_64_ops_trace.csv,3.637767431641237e-05,3.637767431641237e-05,4.423496436998292e-06,-3.195417787941408e-05,0.12159920940857293,0
decode,L30_K_write_s0,K_write,PIM0,pim,NAIVE,15.033410784891142,15.033410814891145,3.000000070585429e-08,1991,0,30,0,weights_on_pim_prefill-1024xdecode_64_ops_trace.csv,3.000000070585429e-08,3.000000070585429e-08,3.000000070585429e-08,0.0,1.0,0
decode,L30_QK_s0,QK,GPU0,npu,NAIVE,15.03473365281406,15.0347364216797,2.7688656416557933e-06,1992,0,30,0,weights_on_pim_prefill-1024xdecode_64_ops_trace.csv,2.7688656416557933e-06,2.7688656416557933e-06,6.718094647071836e-06,3.9492290054160426e-06,2.42629853395645,0
decode,L30_V_write_s0,V_write,PIM0,pim,NAIVE,15.033415934891144,15.033415964891145,3.000000070585429e-08,1993,0,30,0,weights_on_pim_prefill-1024xdecode_64_ops_trace.csv,3.000000070585429e-08,3.000000070585429e-08,3.000000070585429e-08,0.0,1.0,0
decode,L30_K_write_s1,K_write,PIM1,pim,NAIVE,15.033410784891142,15.033410814891145,3.000000070585429e-08,1994,0,30,1,weights_on_pim_prefill-1024xdecode_64_ops_trace.csv,3.000000070585429e-08,3.000000070585429e-08,3.000000070585429e-08,0.0,1.0,0
decode,L30_QK_s1,QK,GPU0,npu,NAIVE,15.0347364216797,15.034739190545343,2.7688656416557933e-06,1995,0,30,1,weights_on_pim_prefill-1024xdecode_64_ops_trace.csv,2.7688656416557933e-06,2.7688656416557933e-06,6.718094647071836e-06,3.9492290054160426e-06,2.42629853395645,0
decode,L30_V_write_s1,V_write,PIM1,pim,NAIVE,15.033415934891144,15.033415964891145,3.000000070585429e-08,1996,0,30,1,weights_on_pim_prefill-1024xdecode_64_ops_trace.csv,3.000000070585429e-08,3.000000070585429e-08,3.000000070585429e-08,0.0,1.0,0
decode,L30_Softmax_s0,Softmax,GPU0,npu,NAIVE,15.034739190545343,15.034739428963922,2.384185791015625e-07,1997,0,30,0,weights_on_pim_prefill-1024xdecode_64_ops_trace.csv,2.384185791015625e-07,2.384185791015625e-07,5.784746489421011e-07,3.4005606984053856e-07,2.4262985339564502,0
decode,L30_Softmax_s1,Softmax,GPU0,npu,NAIVE,15.034739428963922,15.0347396673825,2.384185791015625e-07,1998,0,30,1,weights_on_pim_prefill-1024xdecode_64_ops_trace.csv,2.384185791015625e-07,2.384185791015625e-07,5.784746489421011e-07,3.4005606984053856e-07,2.4262985339564502,0
decode,L30_SV_s0,SV,GPU0,npu,NAIVE,15.03606226688684,15.03606503575248,2.7688656416557933e-06,1999,0,30,0,weights_on_pim_prefill-1024xdecode_64_ops_trace.csv,2.7688656416557933e-06,2.7688656416557933e-06,6.718094647071836e-06,3.9492290054160426e-06,2.42629853395645,0
decode,L30_SV_s1,SV,GPU0,npu,NAIVE,15.03606503575248,15.036067804618122,2.7688656416557933e-06,2000,0,30,1,weights_on_pim_prefill-1024xdecode_64_ops_trace.csv,2.7688656416557933e-06,2.7688656416557933e-06,6.718094647071836e-06,3.9492290054160426e-06,2.42629853395645,0
decode,L30_O_s0,O,PIM0,pim,NAIVE,15.03606816823144,15.036101617905755,3.344967431573309e-05,2001,0,30,0,weights_on_pim_prefill-1024xdecode_64_ops_trace.csv,3.344967431573309e-05,3.344967431573309e-05,4.067453951767392e-06,-2.93822203639657e-05,0.12159920940857295,0
decode,L30_O_s1,O,PIM1,pim,NAIVE,15.036070937097085,15.0361043867714,3.344967431573309e-05,2002,0,30,1,weights_on_pim_prefill-1024xdecode_64_ops_trace.csv,3.344967431573309e-05,3.344967431573309e-05,4.0674539517673915e-06,-2.93822203639657e-05,0.12159920940857293,0
decode,L30_AllReduce_O,ALLREDUCE,COMM,comm,COMM,15.0361043867714,15.03610641332932,2.026557922363281e-06,2003,0,30,-1,weights_on_pim_prefill-1024xdecode_64_ops_trace.csv,2.026557922363281e-06,2.026557922363281e-06,2.026557922363281e-06,0.0,1.0,0
decode,L30_Add1,Add,GPU0,npu,NAIVE,15.0361115225785,15.036118461985469,6.939406967276796e-06,2004,0,30,-1,weights_on_pim_prefill-1024xdecode_64_ops_trace.csv,6.939406967276796e-06,6.939406967276796e-06,1.6837072951230866e-05,9.897665983954071e-06,2.4262985339564502,0
decode,L30_LN2,LN,GPU0,npu,NAIVE,15.036118461985469,15.036153771590111,3.530960464459554e-05,2005,0,30,-1,weights_on_pim_prefill-1024xdecode_64_ops_trace.csv,3.530960464459554e-05,3.530960464459554e-05,8.567164198376401e-05,5.0362037339168477e-05,2.4262985339564502,0
decode,L30_FFN_W1_s0,FFN_W1,PIM0,pim,NAIVE,15.036158736548034,15.036254963547758,9.622699972489102e-05,2006,0,30,0,weights_on_pim_prefill-1024xdecode_64_ops_trace.csv,9.622699972489102e-05,9.622699972489102e-05,1.1701127090305714e-05,-8.45258726345853e-05,0.12159920940857295,0
decode,L30_FFN_W3_s0,FFN_W3,PIM1,pim,NAIVE,15.036158736548034,15.03624846754776,8.973099972564569e-05,2007,0,30,0,weights_on_pim_prefill-1024xdecode_64_ops_trace.csv,8.973099972564569e-05,8.973099972564569e-05,1.091121862607939e-05,-7.88197810995663e-05,0.12159920940857293,0
decode,L30_FFN_W1_s1,FFN_W1,PIM1,pim,NAIVE,15.03624846754776,15.036344694547484,9.622699972489102e-05,2008,0,30,1,weights_on_pim_prefill-1024xdecode_64_ops_trace.csv,9.622699972489102e-05,9.622699972489102e-05,1.1701127090305712e-05,-8.45258726345853e-05,0.12159920940857293,0
decode,L30_FFN_W3_s1,FFN_W3,PIM0,pim,NAIVE,15.036254963547758,15.036344694547484,8.973099972564569e-05,2009,0,30,1,weights_on_pim_prefill-1024xdecode_64_ops_trace.csv,8.973099972564569e-05,8.973099972564569e-05,1.0911218626079391e-05,-7.88197810995663e-05,0.12159920940857294,0
decode,L30_SwiGLU_s0,SwiGLU,GPU0,npu,NAIVE,15.036261203334966,15.036268423475578,7.220140611607917e-06,2010,0,30,0,weights_on_pim_prefill-1024xdecode_64_ops_trace.csv,7.220140611607917e-06,7.220140611607917e-06,1.7518216580903718e-05,1.0298075969295801e-05,2.4262985339564502,0
decode,L30_SwiGLU_s1,SwiGLU,GPU0,npu,NAIVE,15.036350934334692,15.036358154475304,7.220140611607917e-06,2011,0,30,1,weights_on_pim_prefill-1024xdecode_64_ops_trace.csv,7.220140611607917e-06,7.220140611607917e-06,1.7518216580903718e-05,1.0298075969295801e-05,2.4262985339564502,0
decode,L30_FFN_W2_s0,FFN_W2,PIM0,pim,NAIVE,15.036344694547484,15.036438985547209,9.429099972457776e-05,2012,0,30,0,weights_on_pim_prefill-1024xdecode_64_ops_trace.csv,9.429099972457776e-05,9.429099972457776e-05,1.1465711020852624e-05,-8.282528870372513e-05,0.12159920940857294,0
decode,L30_FFN_W2_s1,FFN_W2,PIM1,pim,NAIVE,15.036364379262512,15.036458670262236,9.429099972457776e-05,2013,0,30,1,weights_on_pim_prefill-1024xdecode_64_ops_trace.csv,9.429099972457776e-05,9.429099972457776e-05,1.1465711020852624e-05,-8.282528870372513e-05,0.12159920940857294,0
decode,L30_AllReduce_FFN,ALLREDUCE,COMM,comm,COMM,15.036458670262236,15.03646069682016,2.026557922363281e-06,2014,0,30,-1,weights_on_pim_prefill-1024xdecode_64_ops_trace.csv,2.026557922363281e-06,2.026557922363281e-06,2.026557922363281e-06,0.0,1.0,0
decode,L30_Add2,Add,GPU0,npu,NAIVE,15.036465806069335,15.036472745476305,6.939406967276796e-06,2015,0,30,-1,weights_on_pim_prefill-1024xdecode_64_ops_trace.csv,6.939406967276796e-06,6.939406967276796e-06,1.6837072951230866e-05,9.897665983954071e-06,2.4262985339564502,0
decode,L31_LN,LN,GPU0,npu,NAIVE,15.036472745476305,15.03650805508095,3.530960464459554e-05,2016,0,31,-1,weights_on_pim_prefill-1024xdecode_64_ops_trace.csv,3.530960464459554e-05,3.530960464459554e-05,8.567164198376401e-05,5.0362037339168477e-05,2.4262985339564502,0
decode,L31_Q_s0,Q,PIM0,pim,NAIVE,15.036513020038871,15.036549397713188,3.637767431641237e-05,2017,0,31,0,weights_on_pim_prefill-1024xdecode_64_ops_trace.csv,3.637767431641237e-05,3.637767431641237e-05,4.423496436998293e-06,-3.195417787941407e-05,0.12159920940857294,0
decode,L31_K_s0,K,PIM0,pim,NAIVE,15.036549397713188,15.036585775387504,3.637767431641237e-05,2018,0,31,0,weights_on_pim_prefill-1024xdecode_64_ops_trace.csv,3.637767431641237e-05,3.637767431641237e-05,4.423496436998293e-06,-3.195417787941407e-05,0.12159920940857294,0
decode,L31_V_s0,V,PIM0,pim,NAIVE,15.036585775387504,15.03662215306182,3.637767431641237e-05,2019,0,31,0,weights_on_pim_prefill-1024xdecode_64_ops_trace.csv,3.637767431641237e-05,3.637767431641237e-05,4.423496436998293e-06,-3.195417787941407e-05,0.12159920940857294,0
decode,L31_Q_s1,Q,PIM1,pim,NAIVE,15.036513020038871,15.036549397713188,3.637767431641237e-05,2020,0,31,1,weights_on_pim_prefill-1024xdecode_64_ops_trace.csv,3.637767431641237e-05,3.637767431641237e-05,4.423496436998292e-06,-3.195417787941408e-05,0.12159920940857293,0
decode,L31_K_s1,K,PIM1,pim,NAIVE,15.036549397713188,15.036585775387504,3.637767431641237e-05,2021,0,31,1,weights_on_pim_prefill-1024xdecode_64_ops_trace.csv,3.637767431641237e-05,3.637767431641237e-05,4.423496436998292e-06,-3.195417787941408e-05,0.12159920940857293,0
decode,L31_V_s1,V,PIM1,pim,NAIVE,15.036585775387504,15.03662215306182,3.637767431641237e-05,2022,0,31,1,weights_on_pim_prefill-1024xdecode_64_ops_trace.csv,3.637767431641237e-05,3.637767431641237e-05,4.423496436998292e-06,-3.195417787941408e-05,0.12159920940857293,0
decode,L31_K_write_s0,K_write,PIM0,pim,NAIVE,15.03662215306182,15.03662218306182,3.000000070585429e-08,2023,0,31,0,weights_on_pim_prefill-1024xdecode_64_ops_trace.csv,3.000000070585429e-08,3.000000070585429e-08,3.000000070585429e-08,0.0,1.0,0
decode,L31_QK_s0,QK,GPU0,npu,NAIVE,15.037945020984738,15.03794778985038,2.7688656416557933e-06,2024,0,31,0,weights_on_pim_prefill-1024xdecode_64_ops_trace.csv,2.7688656416557933e-06,2.7688656416557933e-06,6.718094647071836e-06,3.9492290054160426e-06,2.42629853395645,0
decode,L31_V_write_s0,V_write,PIM0,pim,NAIVE,15.036627303061822,15.036627333061825,3.000000070585429e-08,2025,0,31,0,weights_on_pim_prefill-1024xdecode_64_ops_trace.csv,3.000000070585429e-08,3.000000070585429e-08,3.000000070585429e-08,0.0,1.0,0
decode,L31_K_write_s1,K_write,PIM1,pim,NAIVE,15.03662215306182,15.03662218306182,3.000000070585429e-08,2026,0,31,1,weights_on_pim_prefill-1024xdecode_64_ops_trace.csv,3.000000070585429e-08,3.000000070585429e-08,3.000000070585429e-08,0.0,1.0,0
decode,L31_QK_s1,QK,GPU0,npu,NAIVE,15.03794778985038,15.03795055871602,2.7688656416557933e-06,2027,0,31,1,weights_on_pim_prefill-1024xdecode_64_ops_trace.csv,2.7688656416557933e-06,2.7688656416557933e-06,6.718094647071836e-06,3.9492290054160426e-06,2.42629853395645,0
decode,L31_V_write_s1,V_write,PIM1,pim,NAIVE,15.036627303061822,15.036627333061825,3.000000070585429e-08,2028,0,31,1,weights_on_pim_prefill-1024xdecode_64_ops_trace.csv,3.000000070585429e-08,3.000000070585429e-08,3.000000070585429e-08,0.0,1.0,0
decode,L31_Softmax_s0,Softmax,GPU0,npu,NAIVE,15.03795055871602,15.0379507971346,2.384185791015625e-07,2029,0,31,0,weights_on_pim_prefill-1024xdecode_64_ops_trace.csv,2.384185791015625e-07,2.384185791015625e-07,5.784746489421011e-07,3.4005606984053856e-07,2.4262985339564502,0
decode,L31_Softmax_s1,Softmax,GPU0,npu,NAIVE,15.0379507971346,15.03795103555318,2.384185791015625e-07,2030,0,31,1,weights_on_pim_prefill-1024xdecode_64_ops_trace.csv,2.384185791015625e-07,2.384185791015625e-07,5.784746489421011e-07,3.4005606984053856e-07,2.4262985339564502,0
decode,L31_SV_s0,SV,GPU0,npu,NAIVE,15.039273635057516,15.03927640392316,2.7688656416557933e-06,2031,0,31,0,weights_on_pim_prefill-1024xdecode_64_ops_trace.csv,2.7688656416557933e-06,2.7688656416557933e-06,6.718094647071836e-06,3.9492290054160426e-06,2.42629853395645,0
decode,L31_SV_s1,SV,GPU0,npu,NAIVE,15.03927640392316,15.0392791727888,2.7688656416557933e-06,2032,0,31,1,weights_on_pim_prefill-1024xdecode_64_ops_trace.csv,2.7688656416557933e-06,2.7688656416557933e-06,6.718094647071836e-06,3.9492290054160426e-06,2.42629853395645,0
decode,L31_O_s0,O,PIM0,pim,NAIVE,15.03927953640212,15.039312986076435,3.344967431573309e-05,2033,0,31,0,weights_on_pim_prefill-1024xdecode_64_ops_trace.csv,3.344967431573309e-05,3.344967431573309e-05,4.067453951767392e-06,-2.93822203639657e-05,0.12159920940857295,0
decode,L31_O_s1,O,PIM1,pim,NAIVE,15.03928230526776,15.039315754942075,3.344967431573309e-05,2034,0,31,1,weights_on_pim_prefill-1024xdecode_64_ops_trace.csv,3.344967431573309e-05,3.344967431573309e-05,4.0674539517673915e-06,-2.93822203639657e-05,0.12159920940857293,0
decode,L31_AllReduce_O,ALLREDUCE,COMM,comm,COMM,15.039315754942075,15.0393177815,2.026557922363281e-06,2035,0,31,-1,weights_on_pim_prefill-1024xdecode_64_ops_trace.csv,2.026557922363281e-06,2.026557922363281e-06,2.026557922363281e-06,0.0,1.0,0
decode,L31_Add1,Add,GPU0,npu,NAIVE,15.039322890749178,15.039329830156143,6.939406967276796e-06,2036,0,31,-1,weights_on_pim_prefill-1024xdecode_64_ops_trace.csv,6.939406967276796e-06,6.939406967276796e-06,1.6837072951230866e-05,9.897665983954071e-06,2.4262985339564502,0
decode,L31_LN2,LN,GPU0,npu,NAIVE,15.039329830156143,15.03936513976079,3.530960464459554e-05,2037,0,31,-1,weights_on_pim_prefill-1024xdecode_64_ops_trace.csv,3.530960464459554e-05,3.530960464459554e-05,8.567164198376401e-05,5.0362037339168477e-05,2.4262985339564502,0
decode,L31_FFN_W1_s0,FFN_W1,PIM0,pim,NAIVE,15.039370104718712,15.039466331718437,9.622699972489102e-05,2038,0,31,0,weights_on_pim_prefill-1024xdecode_64_ops_trace.csv,9.622699972489102e-05,9.622699972489102e-05,1.1701127090305714e-05,-8.45258726345853e-05,0.12159920940857295,0
decode,L31_FFN_W3_s0,FFN_W3,PIM1,pim,NAIVE,15.039370104718712,15.039459835718436,8.973099972564569e-05,2039,0,31,0,weights_on_pim_prefill-1024xdecode_64_ops_trace.csv,8.973099972564569e-05,8.973099972564569e-05,1.091121862607939e-05,-7.88197810995663e-05,0.12159920940857293,0
decode,L31_FFN_W1_s1,FFN_W1,PIM1,pim,NAIVE,15.039459835718436,15.039556062718162,9.622699972489102e-05,2040,0,31,1,weights_on_pim_prefill-1024xdecode_64_ops_trace.csv,9.622699972489102e-05,9.622699972489102e-05,1.1701127090305712e-05,-8.45258726345853e-05,0.12159920940857293,0
decode,L31_FFN_W3_s1,FFN_W3,PIM0,pim,NAIVE,15.039466331718437,15.039556062718162,8.973099972564569e-05,2041,0,31,1,weights_on_pim_prefill-1024xdecode_64_ops_trace.csv,8.973099972564569e-05,8.973099972564569e-05,1.0911218626079391e-05,-7.88197810995663e-05,0.12159920940857294,0
decode,L31_SwiGLU_s0,SwiGLU,GPU0,npu,NAIVE,15.039472571505645,15.039479791646256,7.220140611607917e-06,2042,0,31,0,weights_on_pim_prefill-1024xdecode_64_ops_trace.csv,7.220140611607917e-06,7.220140611607917e-06,1.7518216580903718e-05,1.0298075969295801e-05,2.4262985339564502,0
decode,L31_SwiGLU_s1,SwiGLU,GPU0,npu,NAIVE,15.03956230250537,15.039569522645982,7.220140611607917e-06,2043,0,31,1,weights_on_pim_prefill-1024xdecode_64_ops_trace.csv,7.220140611607917e-06,7.220140611607917e-06,1.7518216580903718e-05,1.0298075969295801e-05,2.4262985339564502,0
decode,L31_FFN_W2_s0,FFN_W2,PIM0,pim,NAIVE,15.039556062718162,15.039650353717889,9.429099972457776e-05,2044,0,31,0,weights_on_pim_prefill-1024xdecode_64_ops_trace.csv,9.429099972457776e-05,9.429099972457776e-05,1.1465711020852624e-05,-8.282528870372513e-05,0.12159920940857294,0
decode,L31_FFN_W2_s1,FFN_W2,PIM1,pim,NAIVE,15.03957574743319,15.039670038432916,9.429099972457776e-05,2045,0,31,1,weights_on_pim_prefill-1024xdecode_64_ops_trace.csv,9.429099972457776e-05,9.429099972457776e-05,1.1465711020852624e-05,-8.282528870372513e-05,0.12159920940857294,0
decode,L31_AllReduce_FFN,ALLREDUCE,COMM,comm,COMM,15.039670038432916,15.039672064990835,2.026557922363281e-06,2046,0,31,-1,weights_on_pim_prefill-1024xdecode_64_ops_trace.csv,2.026557922363281e-06,2.026557922363281e-06,2.026557922363281e-06,0.0,1.0,0
decode,L31_Add2,Add,GPU0,npu,NAIVE,15.039677174240015,15.039684113646985,6.939406967276796e-06,2047,0,31,-1,weights_on_pim_prefill-1024xdecode_64_ops_trace.csv,6.939406967276796e-06,6.939406967276796e-06,1.6837072951230866e-05,9.897665983954071e-06,2.4262985339564502,0
decode,L0_LN,LN,GPU0,npu,NAIVE,15.039684113646985,15.039719423251627,3.530960464459554e-05,2048,1,0,-1,weights_on_pim_prefill-1024xdecode_64_ops_trace.csv,3.530960464459554e-05,0.002224505092609519,0.0052158196364809045,0.0029913145438713856,2.3447101352158914,0
decode,L0_Q_s0,Q,PIM0,pim,NAIVE,15.03972438820955,15.039760765883866,3.637767431641237e-05,2049,1,0,0,weights_on_pim_prefill-1024xdecode_64_ops_trace.csv,3.637767431641237e-05,0.002291793481933979,0.00027868027553089244,-0.002013113206403087,0.12159920940857293,0
decode,L0_K_s0,K,PIM0,pim,NAIVE,15.039760765883866,15.039797143558182,3.637767431641237e-05,2050,1,0,0,weights_on_pim_prefill-1024xdecode_64_ops_trace.csv,3.637767431641237e-05,0.002291793481933979,0.00027868027553089244,-0.002013113206403087,0.12159920940857293,0
decode,L0_V_s0,V,PIM0,pim,NAIVE,15.039797143558182,15.0398335212325,3.637767431641237e-05,2051,1,0,0,weights_on_pim_prefill-1024xdecode_64_ops_trace.csv,3.637767431641237e-05,0.002291793481933979,0.00027868027553089244,-0.002013113206403087,0.12159920940857293,0
decode,L0_Q_s1,Q,PIM1,pim,NAIVE,15.03972438820955,15.039760765883866,3.637767431641237e-05,2052,1,0,1,weights_on_pim_prefill-1024xdecode_64_ops_trace.csv,3.637767431641237e-05,0.002291793481933979,0.0002786802755308924,-0.002013113206403087,0.12159920940857291,0
decode,L0_K_s1,K,PIM1,pim,NAIVE,15.039760765883866,15.039797143558182,3.637767431641237e-05,2053,1,0,1,weights_on_pim_prefill-1024xdecode_64_ops_trace.csv,3.637767431641237e-05,0.002291793481933979,0.0002786802755308924,-0.002013113206403087,0.12159920940857291,0
decode,L0_V_s1,V,PIM1,pim,NAIVE,15.039797143558182,15.0398335212325,3.637767431641237e-05,2054,1,0,1,weights_on_pim_prefill-1024xdecode_64_ops_trace.csv,3.637767431641237e-05,0.002291793481933979,0.0002786802755308924,-0.002013113206403087,0.12159920940857291,0
decode,L0_K_write_s0,K_write,PIM0,pim,NAIVE,15.0398335212325,15.0398335512325,3.000000070585429e-08,2055,1,0,0,weights_on_pim_prefill-1024xdecode_64_ops_trace.csv,3.000000070585429e-08,1.8900000444688203e-06,1.8900000444688203e-06,0.0,1.0,0
decode,L0_QK_s0,QK,GPU0,npu,NAIVE,15.041157680501044,15.041160449629247,2.769128204960225e-06,2056,1,0,0,weights_on_pim_prefill-1024xdecode_64_ops_trace.csv,2.769128204960225e-06,0.00017445507691249418,0.00040904658697659297,0.0002345915100640988,2.3447101352158914,0
decode,L0_V_write_s0,V_write,PIM0,pim,NAIVE,15.0398386762325,15.0398387062325,3.000000070585429e-08,2057,1,0,0,weights_on_pim_prefill-1024xdecode_64_ops_trace.csv,3.000000070585429e-08,1.8900000444688203e-06,1.8900000444688203e-06,0.0,1.0,0
decode,L0_K_write_s1,K_write,PIM1,pim,NAIVE,15.0398335212325,15.0398335512325,3.000000070585429e-08,2058,1,0,1,weights_on_pim_prefill-1024xdecode_64_ops_trace.csv,3.000000070585429e-08,1.8900000444688203e-06,1.8900000444688203e-06,0.0,1.0,0
decode,L0_QK_s1,QK,GPU0,npu,NAIVE,15.041160449629247,15.041163218757454,2.769128204960225e-06,2059,1,0,1,weights_on_pim_prefill-1024xdecode_64_ops_trace.csv,2.769128204960225e-06,0.00017445507691249418,0.00040904658697659297,0.0002345915100640988,2.3447101352158914,0
decode,L0_V_write_s1,V_write,PIM1,pim,NAIVE,15.0398386762325,15.0398387062325,3.000000070585429e-08,2060,1,0,1,weights_on_pim_prefill-1024xdecode_64_ops_trace.csv,3.000000070585429e-08,1.8900000444688203e-06,1.8900000444688203e-06,0.0,1.0,0
decode,L0_Softmax_s0,Softmax,GPU0,npu,NAIVE,15.041163218757454,15.041163457408864,2.386514097452164e-07,2061,1,0,0,weights_on_pim_prefill-1024xdecode_64_ops_trace.csv,2.386514097452164e-07,1.5035038813948635e-05,3.525280789042968e-05,2.0217769076481044e-05,2.3447101352158914,0
decode,L0_Softmax_s1,Softmax,GPU0,npu,NAIVE,15.041163457408864,15.041163696060272,2.386514097452164e-07,2062,1,0,1,weights_on_pim_prefill-1024xdecode_64_ops_trace.csv,2.386514097452164e-07,1.5035038813948635e-05,3.525280789042968e-05,2.0217769076481044e-05,2.3447101352158914,0
decode,L0_SV_s0,SV,GPU0,npu,NAIVE,15.042487586677408,15.042490355805612,2.769128204960225e-06,2063,1,0,0,weights_on_pim_prefill-1024xdecode_64_ops_trace.csv,2.769128204960225e-06,0.00017445507691249418,0.00040904658697659297,0.0002345915100640988,2.3447101352158914,0
decode,L0_SV_s1,SV,GPU0,npu,NAIVE,15.042490355805612,15.042493124933818,2.769128204960225e-06,2064,1,0,1,weights_on_pim_prefill-1024xdecode_64_ops_trace.csv,2.769128204960225e-06,0.00017445507691249418,0.00040904658697659297,0.0002345915100640988,2.3447101352158914,0
decode,L0_O_s0,O,PIM0,pim,NAIVE,15.042493488284574,15.04252693795889,3.344967431573309e-05,2065,1,0,0,weights_on_pim_prefill-1024xdecode_64_ops_trace.csv,3.344967431573309e-05,0.0021073294818911847,0.0002562495989613457,-0.001851079882929839,0.12159920940857294,0
decode,L0_O_s1,O,PIM1,pim,NAIVE,15.04249625741278,15.042529707087096,3.344967431573309e-05,2066,1,0,1,weights_on_pim_prefill-1024xdecode_64_ops_trace.csv,3.344967431573309e-05,0.0021073294818911847,0.00025624959896134564,-0.001851079882929839,0.12159920940857291,0
decode,L0_AllReduce_O,ALLREDUCE,COMM,comm,COMM,15.042529707087096,15.042531733645015,2.026557922363281e-06,2067,1,0,-1,weights_on_pim_prefill-1024xdecode_64_ops_trace.csv,2.026557922363281e-06,0.0001276731491088867,0.0001276731491088867,0.0,1.0,0
decode,L0_Add1,Add,GPU0,npu,NAIVE,15.042536842894195,15.042543782301165,6.939406967276796e-06,2068,1,0,-1,weights_on_pim_prefill-1024xdecode_64_ops_trace.csv,6.939406967276796e-06,0.00043718263893843817,0.0010250665644593857,0.0005878839255209476,2.344710135215892,0
decode,L0_LN2,LN,GPU0,npu,NAIVE,15.042543782301165,15.042579091905807,3.530960464459554e-05,2069,1,0,-1,weights_on_pim_prefill-1024xdecode_64_ops_trace.csv,3.530960464459554e-05,0.002224505092609519,0.0052158196364809045,0.0029913145438713856,2.3447101352158914,0
decode,L0_FFN_W1_s0,FFN_W1,PIM0,pim,NAIVE,15.04258405686373,15.042680283863454,9.622699972489102e-05,2070,1,0,0,weights_on_pim_prefill-1024xdecode_64_ops_trace.csv,9.622699972489102e-05,0.006062300982668134,0.0007371710066892599,-0.005325129975978874,0.12159920940857294,0
decode,L0_FFN_W3_s0,FFN_W3,PIM1,pim,NAIVE,15.04258405686373,15.042673787863457,8.973099972564569e-05,2071,1,0,0,weights_on_pim_prefill-1024xdecode_64_ops_trace.csv,8.973099972564569e-05,0.005653052982715678,0.0006874067734430015,-0.004965646209272677,0.12159920940857291,0
decode,L0_FFN_W1_s1,FFN_W1,PIM1,pim,NAIVE,15.042673787863457,15.04277001486318,9.622699972489102e-05,2072,1,0,1,weights_on_pim_prefill-1024xdecode_64_ops_trace.csv,9.622699972489102e-05,0.006062300982668134,0.0007371710066892598,-0.005325129975978874,0.12159920940857293,0
decode,L0_FFN_W3_s1,FFN_W3,PIM0,pim,NAIVE,15.042680283863454,15.04277001486318,8.973099972564569e-05,2073,1,0,1,weights_on_pim_prefill-1024xdecode_64_ops_trace.csv,8.973099972564569e-05,0.005653052982715678,0.0006874067734430016,-0.004965646209272677,0.12159920940857293,0
decode,L0_SwiGLU_s0,SwiGLU,GPU0,npu,NAIVE,15.042686523650662,15.042693743791274,7.220140611607917e-06,2074,1,0,0,weights_on_pim_prefill-1024xdecode_64_ops_trace.csv,7.220140611607917e-06,0.00045486885853129877,0.0010665356227924196,0.0006116667642611208,2.344710135215891,0
decode,L0_SwiGLU_s1,SwiGLU,GPU0,npu,NAIVE,15.042776254650388,15.042783474791,7.220140611607917e-06,2075,1,0,1,weights_on_pim_prefill-1024xdecode_64_ops_trace.csv,7.220140611607917e-06,0.00045486885853129877,0.0010665356227924196,0.0006116667642611208,2.344710135215891,0
decode,L0_FFN_W2_s0,FFN_W2,PIM0,pim,NAIVE,15.04277001486318,15.042864305862905,9.429099972457776e-05,2076,1,0,0,weights_on_pim_prefill-1024xdecode_64_ops_trace.csv,9.429099972457776e-05,0.005940332982648399,0.0007223397943137153,-0.0052179931883346835,0.12159920940857294,0
decode,L0_FFN_W2_s1,FFN_W2,PIM1,pim,NAIVE,15.042789699578208,15.042883990577932,9.429099972457776e-05,2077,1,0,1,weights_on_pim_prefill-1024xdecode_64_ops_trace.csv,9.429099972457776e-05,0.005940332982648399,0.0007223397943137153,-0.0052179931883346835,0.12159920940857294,0
decode,L0_AllReduce_FFN,ALLREDUCE,COMM,comm,COMM,15.042883990577932,15.042886017135856,2.026557922363281e-06,2078,1,0,-1,weights_on_pim_prefill-1024xdecode_64_ops_trace.csv,2.026557922363281e-06,0.0001276731491088867,0.0001276731491088867,0.0,1.0,0
decode,L0_Add2,Add,GPU0,npu,NAIVE,15.042891126385031,15.042898065792,6.939406967276796e-06,2079,1,0,-1,weights_on_pim_prefill-1024xdecode_64_ops_trace.csv,6.939406967276796e-06,0.00043718263893843817,0.0010250665644593857,0.0005878839255209476,2.344710135215892,0
decode,L1_LN,LN,GPU0,npu,NAIVE,15.042898065792,15.042933375396643,3.530960464459554e-05,2080,1,1,-1,weights_on_pim_prefill-1024xdecode_64_ops_trace.csv,3.530960464459554e-05,0.002224505092609519,0.0052158196364809045,0.0029913145438713856,2.3447101352158914,0
decode,L1_Q_s0,Q,PIM0,pim,NAIVE,15.042938340354567,15.042974718028884,3.637767431641237e-05,2081,1,1,0,weights_on_pim_prefill-1024xdecode_64_ops_trace.csv,3.637767431641237e-05,0.002291793481933979,0.00027868027553089244,-0.002013113206403087,0.12159920940857293,0
decode,L1_K_s0,K,PIM0,pim,NAIVE,15.042974718028884,15.0430110957032,3.637767431641237e-05,2082,1,1,0,weights_on_pim_prefill-1024xdecode_64_ops_trace.csv,3.637767431641237e-05,0.002291793481933979,0.00027868027553089244,-0.002013113206403087,0.12159920940857293,0
decode,L1_V_s0,V,PIM0,pim,NAIVE,15.0430110957032,15.043047473377516,3.637767431641237e-05,2083,1,1,0,weights_on_pim_prefill-1024xdecode_64_ops_trace.csv,3.637767431641237e-05,0.002291793481933979,0.00027868027553089244,-0.002013113206403087,0.12159920940857293,0
decode,L1_Q_s1,Q,PIM1,pim,NAIVE,15.042938340354567,15.042974718028884,3.637767431641237e-05,2084,1,1,1,weights_on_pim_prefill-1024xdecode_64_ops_trace.csv,3.637767431641237e-05,0.002291793481933979,0.0002786802755308924,-0.002013113206403087,0.12159920940857291,0
decode,L1_K_s1,K,PIM1,pim,NAIVE,15.042974718028884,15.0430110957032,3.637767431641237e-05,2085,1,1,1,weights_on_pim_prefill-1024xdecode_64_ops_trace.csv,3.637767431641237e-05,0.002291793481933979,0.0002786802755308924,-0.002013113206403087,0.12159920940857291,0
decode,L1_V_s1,V,PIM1,pim,NAIVE,15.0430110957032,15.043047473377516,3.637767431641237e-05,2086,1,1,1,weights_on_pim_prefill-1024xdecode_64_ops_trace.csv,3.637767431641237e-05,0.002291793481933979,0.0002786802755308924,-0.002013113206403087,0.12159920940857291,0
decode,L1_K_write_s0,K_write,PIM0,pim,NAIVE,15.043047473377516,15.043047503377515,3.000000070585429e-08,2087,1,1,0,weights_on_pim_prefill-1024xdecode_64_ops_trace.csv,3.000000070585429e-08,1.8900000444688203e-06,1.8900000444688203e-06,0.0,1.0,0
decode,L1_QK_s0,QK,GPU0,npu,NAIVE,15.044371632646062,15.044374401774268,2.769128204960225e-06,2088,1,1,0,weights_on_pim_prefill-1024xdecode_64_ops_trace.csv,2.769128204960225e-06,0.00017445507691249418,0.00040904658697659297,0.0002345915100640988,2.3447101352158914,0
decode,L1_V_write_s0,V_write,PIM0,pim,NAIVE,15.043052628377517,15.043052658377515,3.000000070585429e-08,2089,1,1,0,weights_on_pim_prefill-1024xdecode_64_ops_trace.csv,3.000000070585429e-08,1.8900000444688203e-06,1.8900000444688203e-06,0.0,1.0,0
decode,L1_K_write_s1,K_write,PIM1,pim,NAIVE,15.043047473377516,15.043047503377515,3.000000070585429e-08,2090,1,1,1,weights_on_pim_prefill-1024xdecode_64_ops_trace.csv,3.000000070585429e-08,1.8900000444688203e-06,1.8900000444688203e-06,0.0,1.0,0
decode,L1_QK_s1,QK,GPU0,npu,NAIVE,15.044374401774268,15.044377170902472,2.769128204960225e-06,2091,1,1,1,weights_on_pim_prefill-1024xdecode_64_ops_trace.csv,2.769128204960225e-06,0.00017445507691249418,0.00040904658697659297,0.0002345915100640988,2.3447101352158914,0
decode,L1_V_write_s1,V_write,PIM1,pim,NAIVE,15.043052628377517,15.043052658377515,3.000000070585429e-08,2092,1,1,1,weights_on_pim_prefill-1024xdecode_64_ops_trace.csv,3.000000070585429e-08,1.8900000444688203e-06,1.8900000444688203e-06,0.0,1.0,0
decode,L1_Softmax_s0,Softmax,GPU0,npu,NAIVE,15.044377170902472,15.04437740955388,2.386514097452164e-07,2093,1,1,0,weights_on_pim_prefill-1024xdecode_64_ops_trace.csv,2.386514097452164e-07,1.5035038813948635e-05,3.525280789042968e-05,2.0217769076481044e-05,2.3447101352158914,0
decode,L1_Softmax_s1,Softmax,GPU0,npu,NAIVE,15.04437740955388,15.044377648205293,2.386514097452164e-07,2094,1,1,1,weights_on_pim_prefill-1024xdecode_64_ops_trace.csv,2.386514097452164e-07,1.5035038813948635e-05,3.525280789042968e-05,2.0217769076481044e-05,2.3447101352158914,0
decode,L1_SV_s0,SV,GPU0,npu,NAIVE,15.045701538822426,15.045704307950633,2.769128204960225e-06,2095,1,1,0,weights_on_pim_prefill-1024xdecode_64_ops_trace.csv,2.769128204960225e-06,0.00017445507691249418,0.00040904658697659297,0.0002345915100640988,2.3447101352158914,0
decode,L1_SV_s1,SV,GPU0,npu,NAIVE,15.045704307950633,15.045707077078836,2.769128204960225e-06,2096,1,1,1,weights_on_pim_prefill-1024xdecode_64_ops_trace.csv,2.769128204960225e-06,0.00017445507691249418,0.00040904658697659297,0.0002345915100640988,2.3447101352158914,0
decode,L1_O_s0,O,PIM0,pim,NAIVE,15.045707440429592,15.045740890103907,3.344967431573309e-05,2097,1,1,0,weights_on_pim_prefill-1024xdecode_64_ops_trace.csv,3.344967431573309e-05,0.0021073294818911847,0.0002562495989613457,-0.001851079882929839,0.12159920940857294,0
decode,L1_O_s1,O,PIM1,pim,NAIVE,15.045710209557797,15.045743659232112,3.344967431573309e-05,2098,1,1,1,weights_on_pim_prefill-1024xdecode_64_ops_trace.csv,3.344967431573309e-05,0.0021073294818911847,0.00025624959896134564,-0.001851079882929839,0.12159920940857291,0
decode,L1_AllReduce_O,ALLREDUCE,COMM,comm,COMM,15.045743659232112,15.045745685790036,2.026557922363281e-06,2099,1,1,-1,weights_on_pim_prefill-1024xdecode_64_ops_trace.csv,2.026557922363281e-06,0.0001276731491088867,0.0001276731491088867,0.0,1.0,0
decode,L1_Add1,Add,GPU0,npu,NAIVE,15.045750795039211,15.04575773444618,6.939406967276796e-06,2100,1,1,-1,weights_on_pim_prefill-1024xdecode_64_ops_trace.csv,6.939406967276796e-06,0.00043718263893843817,0.0010250665644593857,0.0005878839255209476,2.344710135215892,0
decode,L1_LN2,LN,GPU0,npu,NAIVE,15.04575773444618,15.045793044050823,3.530960464459554e-05,2101,1,1,-1,weights_on_pim_prefill-1024xdecode_64_ops_trace.csv,3.530960464459554e-05,0.002224505092609519,0.0052158196364809045,0.0029913145438713856,2.3447101352158914,0
decode,L1_FFN_W1_s0,FFN_W1,PIM0,pim,NAIVE,15.045798009008749,15.045894236008472,9.622699972489102e-05,2102,1,1,0,weights_on_pim_prefill-1024xdecode_64_ops_trace.csv,9.622699972489102e-05,0.006062300982668134,0.0007371710066892599,-0.005325129975978874,0.12159920940857294,0
decode,L1_FFN_W3_s0,FFN_W3,PIM1,pim,NAIVE,15.045798009008749,15.045887740008473,8.973099972564569e-05,2103,1,1,0,weights_on_pim_prefill-1024xdecode_64_ops_trace.csv,8.973099972564569e-05,0.005653052982715678,0.0006874067734430015,-0.004965646209272677,0.12159920940857291,0
decode,L1_FFN_W1_s1,FFN_W1,PIM1,pim,NAIVE,15.045887740008473,15.045983967008198,9.622699972489102e-05,2104,1,1,1,weights_on_pim_prefill-1024xdecode_64_ops_trace.csv,9.622699972489102e-05,0.006062300982668134,0.0007371710066892598,-0.005325129975978874,0.12159920940857293,0
decode,L1_FFN_W3_s1,FFN_W3,PIM0,pim,NAIVE,15.045894236008472,15.045983967008198,8.973099972564569e-05,2105,1,1,1,weights_on_pim_prefill-1024xdecode_64_ops_trace.csv,8.973099972564569e-05,0.005653052982715678,0.0006874067734430016,-0.004965646209272677,0.12159920940857293,0
decode,L1_SwiGLU_s0,SwiGLU,GPU0,npu,NAIVE,15.04590047579568,15.045907695936291,7.220140611607917e-06,2106,1,1,0,weights_on_pim_prefill-1024xdecode_64_ops_trace.csv,7.220140611607917e-06,0.00045486885853129877,0.0010665356227924196,0.0006116667642611208,2.344710135215891,0
decode,L1_SwiGLU_s1,SwiGLU,GPU0,npu,NAIVE,15.045990206795404,15.045997426936015,7.220140611607917e-06,2107,1,1,1,weights_on_pim_prefill-1024xdecode_64_ops_trace.csv,7.220140611607917e-06,0.00045486885853129877,0.0010665356227924196,0.0006116667642611208,2.344710135215891,0
decode,L1_FFN_W2_s0,FFN_W2,PIM0,pim,NAIVE,15.045983967008198,15.046078258007922,9.429099972457776e-05,2108,1,1,0,weights_on_pim_prefill-1024xdecode_64_ops_trace.csv,9.429099972457776e-05,0.005940332982648399,0.0007223397943137153,-0.0052179931883346835,0.12159920940857294,0
decode,L1_FFN_W2_s1,FFN_W2,PIM1,pim,NAIVE,15.046003651723224,15.04609794272295,9.429099972457776e-05,2109,1,1,1,weights_on_pim_prefill-1024xdecode_64_ops_trace.csv,9.429099972457776e-05,0.005940332982648399,0.0007223397943137153,-0.0052179931883346835,0.12159920940857294,0
decode,L1_AllReduce_FFN,ALLREDUCE,COMM,comm,COMM,15.04609794272295,15.046099969280872,2.026557922363281e-06,2110,1,1,-1,weights_on_pim_prefill-1024xdecode_64_ops_trace.csv,2.026557922363281e-06,0.0001276731491088867,0.0001276731491088867,0.0,1.0,0
decode,L1_Add2,Add,GPU0,npu,NAIVE,15.04610507853005,15.046112017937018,6.939406967276796e-06,2111,1,1,-1,weights_on_pim_prefill-1024xdecode_64_ops_trace.csv,6.939406967276796e-06,0.00043718263893843817,0.0010250665644593857,0.0005878839255209476,2.344710135215892,0
decode,L2_LN,LN,GPU0,npu,NAIVE,15.046112017937018,15.046147327541664,3.530960464459554e-05,2112,1,2,-1,weights_on_pim_prefill-1024xdecode_64_ops_trace.csv,3.530960464459554e-05,0.002224505092609519,0.0052158196364809045,0.0029913145438713856,2.3447101352158914,0
decode,L2_Q_s0,Q,PIM0,pim,NAIVE,15.046152292499585,15.0461886701739,3.637767431641237e-05,2113,1,2,0,weights_on_pim_prefill-1024xdecode_64_ops_trace.csv,3.637767431641237e-05,0.002291793481933979,0.00027868027553089244,-0.002013113206403087,0.12159920940857293,0
decode,L2_K_s0,K,PIM0,pim,NAIVE,15.0461886701739,15.046225047848218,3.637767431641237e-05,2114,1,2,0,weights_on_pim_prefill-1024xdecode_64_ops_trace.csv,3.637767431641237e-05,0.002291793481933979,0.00027868027553089244,-0.002013113206403087,0.12159920940857293,0
decode,L2_V_s0,V,PIM0,pim,NAIVE,15.046225047848218,15.046261425522534,3.637767431641237e-05,2115,1,2,0,weights_on_pim_prefill-1024xdecode_64_ops_trace.csv,3.637767431641237e-05,0.002291793481933979,0.00027868027553089244,-0.002013113206403087,0.12159920940857293,0
decode,L2_Q_s1,Q,PIM1,pim,NAIVE,15.046152292499585,15.0461886701739,3.637767431641237e-05,2116,1,2,1,weights_on_pim_prefill-1024xdecode_64_ops_trace.csv,3.637767431641237e-05,0.002291793481933979,0.0002786802755308924,-0.002013113206403087,0.12159920940857291,0
decode,L2_K_s1,K,PIM1,pim,NAIVE,15.0461886701739,15.046225047848218,3.637767431641237e-05,2117,1,2,1,weights_on_pim_prefill-1024xdecode_64_ops_trace.csv,3.637767431641237e-05,0.002291793481933979,0.0002786802755308924,-0.002013113206403087,0.12159920940857291,0
decode,L2_V_s1,V,PIM1,pim,NAIVE,15.046225047848218,15.046261425522534,3.637767431641237e-05,2118,1,2,1,weights_on_pim_prefill-1024xdecode_64_ops_trace.csv,3.637767431641237e-05,0.002291793481933979,0.0002786802755308924,-0.002013113206403087,0.12159920940857291,0
decode,L2_K_write_s0,K_write,PIM0,pim,NAIVE,15.046261425522534,15.046261455522536,3.000000070585429e-08,2119,1,2,0,weights_on_pim_prefill-1024xdecode_64_ops_trace.csv,3.000000070585429e-08,1.8900000444688203e-06,1.8900000444688203e-06,0.0,1.0,0
decode,L2_QK_s0,QK,GPU0,npu,NAIVE,15.04758558479108,15.047588353919284,2.769128204960225e-06,2120,1,2,0,weights_on_pim_prefill-1024xdecode_64_ops_trace.csv,2.769128204960225e-06,0.00017445507691249418,0.00040904658697659297,0.0002345915100640988,2.3447101352158914,0
decode,L2_V_write_s0,V_write,PIM0,pim,NAIVE,15.046266580522534,15.046266610522537,3.000000070585429e-08,2121,1,2,0,weights_on_pim_prefill-1024xdecode_64_ops_trace.csv,3.000000070585429e-08,1.8900000444688203e-06,1.8900000444688203e-06,0.0,1.0,0
decode,L2_K_write_s1,K_write,PIM1,pim,NAIVE,15.046261425522534,15.046261455522536,3.000000070585429e-08,2122,1,2,1,weights_on_pim_prefill-1024xdecode_64_ops_trace.csv,3.000000070585429e-08,1.8900000444688203e-06,1.8900000444688203e-06,0.0,1.0,0
decode,L2_QK_s1,QK,GPU0,npu,NAIVE,15.047588353919284,15.04759112304749,2.769128204960225e-06,2123,1,2,1,weights_on_pim_prefill-1024xdecode_64_ops_trace.csv,2.769128204960225e-06,0.00017445507691249418,0.00040904658697659297,0.0002345915100640988,2.3447101352158914,0
decode,L2_V_write_s1,V_write,PIM1,pim,NAIVE,15.046266580522534,15.046266610522537,3.000000070585429e-08,2124,1,2,1,weights_on_pim_prefill-1024xdecode_64_ops_trace.csv,3.000000070585429e-08,1.8900000444688203e-06,1.8900000444688203e-06,0.0,1.0,0
decode,L2_Softmax_s0,Softmax,GPU0,npu,NAIVE,15.04759112304749,15.0475913616989,2.386514097452164e-07,2125,1,2,0,weights_on_pim_prefill-1024xdecode_64_ops_trace.csv,2.386514097452164e-07,1.5035038813948635e-05,3.525280789042968e-05,2.0217769076481044e-05,2.3447101352158914,0
decode,L2_Softmax_s1,Softmax,GPU0,npu,NAIVE,15.0475913616989,15.047591600350309,2.386514097452164e-07,2126,1,2,1,weights_on_pim_prefill-1024xdecode_64_ops_trace.csv,2.386514097452164e-07,1.5035038813948635e-05,3.525280789042968e-05,2.0217769076481044e-05,2.3447101352158914,0
decode,L2_SV_s0,SV,GPU0,npu,NAIVE,15.048915490967444,15.048918260095649,2.769128204960225e-06,2127,1,2,0,weights_on_pim_prefill-1024xdecode_64_ops_trace.csv,2.769128204960225e-06,0.00017445507691249418,0.00040904658697659297,0.0002345915100640988,2.3447101352158914,0
decode,L2_SV_s1,SV,GPU0,npu,NAIVE,15.048918260095649,15.048921029223854,2.769128204960225e-06,2128,1,2,1,weights_on_pim_prefill-1024xdecode_64_ops_trace.csv,2.769128204960225e-06,0.00017445507691249418,0.00040904658697659297,0.0002345915100640988,2.3447101352158914,0
decode,L2_O_s0,O,PIM0,pim,NAIVE,15.04892139257461,15.048954842248923,3.344967431573309e-05,2129,1,2,0,weights_on_pim_prefill-1024xdecode_64_ops_trace.csv,3.344967431573309e-05,0.0021073294818911847,0.0002562495989613457,-0.001851079882929839,0.12159920940857294,0
decode,L2_O_s1,O,PIM1,pim,NAIVE,15.048924161702814,15.04895761137713,3.344967431573309e-05,2130,1,2,1,weights_on_pim_prefill-1024xdecode_64_ops_trace.csv,3.344967431573309e-05,0.0021073294818911847,0.00025624959896134564,-0.001851079882929839,0.12159920940857291,0
decode,L2_AllReduce_O,ALLREDUCE,COMM,comm,COMM,15.04895761137713,15.048959637935052,2.026557922363281e-06,2131,1,2,-1,weights_on_pim_prefill-1024xdecode_64_ops_trace.csv,2.026557922363281e-06,0.0001276731491088867,0.0001276731491088867,0.0,1.0,0
decode,L2_Add1,Add,GPU0,npu,NAIVE,15.04896474718423,15.048971686591198,6.939406967276796e-06,2132,1,2,-1,weights_on_pim_prefill-1024xdecode_64_ops_trace.csv,6.939406967276796e-06,0.00043718263893843817,0.0010250665644593857,0.0005878839255209476,2.344710135215892,0
decode,L2_LN2,LN,GPU0,npu,NAIVE,15.048971686591198,15.049006996195844,3.530960464459554e-05,2133,1,2,-1,weights_on_pim_prefill-1024xdecode_64_ops_trace.csv,3.530960464459554e-05,0.002224505092609519,0.0052158196364809045,0.0029913145438713856,2.3447101352158914,0
decode,L2_FFN_W1_s0,FFN_W1,PIM0,pim,NAIVE,15.049011961153765,15.04910818815349,9.622699972489102e-05,2134,1,2,0,weights_on_pim_prefill-1024xdecode_64_ops_trace.csv,9.622699972489102e-05,0.006062300982668134,0.0007371710066892599,-0.005325129975978874,0.12159920940857294,0
decode,L2_FFN_W3_s0,FFN_W3,PIM1,pim,NAIVE,15.049011961153765,15.04910169215349,8.973099972564569e-05,2135,1,2,0,weights_on_pim_prefill-1024xdecode_64_ops_trace.csv,8.973099972564569e-05,0.005653052982715678,0.0006874067734430015,-0.004965646209272677,0.12159920940857291,0
decode,L2_FFN_W1_s1,FFN_W1,PIM1,pim,NAIVE,15.04910169215349,15.049197919153215,9.622699972489102e-05,2136,1,2,1,weights_on_pim_prefill-1024xdecode_64_ops_trace.csv,9.622699972489102e-05,0.006062300982668134,0.0007371710066892598,-0.005325129975978874,0.12159920940857293,0
decode,L2_FFN_W3_s1,FFN_W3,PIM0,pim,NAIVE,15.04910818815349,15.049197919153215,8.973099972564569e-05,2137,1,2,1,weights_on_pim_prefill-1024xdecode_64_ops_trace.csv,8.973099972564569e-05,0.005653052982715678,0.0006874067734430016,-0.004965646209272677,0.12159920940857293,0
decode,L2_SwiGLU_s0,SwiGLU,GPU0,npu,NAIVE,15.049114427940696,15.049121648081307,7.220140611607917e-06,2138,1,2,0,weights_on_pim_prefill-1024xdecode_64_ops_trace.csv,7.220140611607917e-06,0.00045486885853129877,0.0010665356227924196,0.0006116667642611208,2.344710135215891,0
decode,L2_SwiGLU_s1,SwiGLU,GPU0,npu,NAIVE,15.049204158940425,15.049211379081036,7.220140611607917e-06,2139,1,2,1,weights_on_pim_prefill-1024xdecode_64_ops_trace.csv,7.220140611607917e-06,0.00045486885853129877,0.0010665356227924196,0.0006116667642611208,2.344710135215891,0
decode,L2_FFN_W2_s0,FFN_W2,PIM0,pim,NAIVE,15.049197919153215,15.04929221015294,9.429099972457776e-05,2140,1,2,0,weights_on_pim_prefill-1024xdecode_64_ops_trace.csv,9.429099972457776e-05,0.005940332982648399,0.0007223397943137153,-0.0052179931883346835,0.12159920940857294,0
decode,L2_FFN_W2_s1,FFN_W2,PIM1,pim,NAIVE,15.049217603868245,15.049311894867968,9.429099972457776e-05,2141,1,2,1,weights_on_pim_prefill-1024xdecode_64_ops_trace.csv,9.429099972457776e-05,0.005940332982648399,0.0007223397943137153,-0.0052179931883346835,0.12159920940857294,0
decode,L2_AllReduce_FFN,ALLREDUCE,COMM,comm,COMM,15.049311894867968,15.04931392142589,2.026557922363281e-06,2142,1,2,-1,weights_on_pim_prefill-1024xdecode_64_ops_trace.csv,2.026557922363281e-06,0.0001276731491088867,0.0001276731491088867,0.0,1.0,0
decode,L2_Add2,Add,GPU0,npu,NAIVE,15.049319030675068,15.049325970082036,6.939406967276796e-06,2143,1,2,-1,weights_on_pim_prefill-1024xdecode_64_ops_trace.csv,6.939406967276796e-06,0.00043718263893843817,0.0010250665644593857,0.0005878839255209476,2.344710135215892,0
decode,L3_LN,LN,GPU0,npu,NAIVE,15.049325970082036,15.04936127968668,3.530960464459554e-05,2144,1,3,-1,weights_on_pim_prefill-1024xdecode_64_ops_trace.csv,3.530960464459554e-05,0.002224505092609519,0.0052158196364809045,0.0029913145438713856,2.3447101352158914,0
decode,L3_Q_s0,Q,PIM0,pim,NAIVE,15.049366244644602,15.04940262231892,3.637767431641237e-05,2145,1,3,0,weights_on_pim_prefill-1024xdecode_64_ops_trace.csv,3.637767431641237e-05,0.002291793481933979,0.00027868027553089244,-0.002013113206403087,0.12159920940857293,0
decode,L3_K_s0,K,PIM0,pim,NAIVE,15.04940262231892,15.049438999993235,3.637767431641237e-05,2146,1,3,0,weights_on_pim_prefill-1024xdecode_64_ops_trace.csv,3.637767431641237e-05,0.002291793481933979,0.00027868027553089244,-0.002013113206403087,0.12159920940857293,0
decode,L3_V_s0,V,PIM0,pim,NAIVE,15.049438999993235,15.049475377667552,3.637767431641237e-05,2147,1,3,0,weights_on_pim_prefill-1024xdecode_64_ops_trace.csv,3.637767431641237e-05,0.002291793481933979,0.00027868027553089244,-0.002013113206403087,0.12159920940857293,0
decode,L3_Q_s1,Q,PIM1,pim,NAIVE,15.049366244644602,15.04940262231892,3.637767431641237e-05,2148,1,3,1,weights_on_pim_prefill-1024xdecode_64_ops_trace.csv,3.637767431641237e-05,0.002291793481933979,0.0002786802755308924,-0.002013113206403087,0.12159920940857291,0
decode,L3_K_s1,K,PIM1,pim,NAIVE,15.04940262231892,15.049438999993235,3.637767431641237e-05,2149,1,3,1,weights_on_pim_prefill-1024xdecode_64_ops_trace.csv,3.637767431641237e-05,0.002291793481933979,0.0002786802755308924,-0.002013113206403087,0.12159920940857291,0
decode,L3_V_s1,V,PIM1,pim,NAIVE,15.049438999993235,15.049475377667552,3.637767431641237e-05,2150,1,3,1,weights_on_pim_prefill-1024xdecode_64_ops_trace.csv,3.637767431641237e-05,0.002291793481933979,0.0002786802755308924,-0.002013113206403087,0.12159920940857291,0
decode,L3_K_write_s0,K_write,PIM0,pim,NAIVE,15.049475377667552,15.049475407667552,3.000000070585429e-08,2151,1,3,0,weights_on_pim_prefill-1024xdecode_64_ops_trace.csv,3.000000070585429e-08,1.8900000444688203e-06,1.8900000444688203e-06,0.0,1.0,0
decode,L3_QK_s0,QK,GPU0,npu,NAIVE,15.050799536936095,15.050802306064302,2.769128204960225e-06,2152,1,3,0,weights_on_pim_prefill-1024xdecode_64_ops_trace.csv,2.769128204960225e-06,0.00017445507691249418,0.00040904658697659297,0.0002345915100640988,2.3447101352158914,0
decode,L3_V_write_s0,V_write,PIM0,pim,NAIVE,15.049480532667552,15.049480562667553,3.000000070585429e-08,2153,1,3,0,weights_on_pim_prefill-1024xdecode_64_ops_trace.csv,3.000000070585429e-08,1.8900000444688203e-06,1.8900000444688203e-06,0.0,1.0,0
decode,L3_K_write_s1,K_write,PIM1,pim,NAIVE,15.049475377667552,15.049475407667552,3.000000070585429e-08,2154,1,3,1,weights_on_pim_prefill-1024xdecode_64_ops_trace.csv,3.000000070585429e-08,1.8900000444688203e-06,1.8900000444688203e-06,0.0,1.0,0
decode,L3_QK_s1,QK,GPU0,npu,NAIVE,15.050802306064302,15.050805075192509,2.769128204960225e-06,2155,1,3,1,weights_on_pim_prefill-1024xdecode_64_ops_trace.csv,2.769128204960225e-06,0.00017445507691249418,0.00040904658697659297,0.0002345915100640988,2.3447101352158914,0
decode,L3_V_write_s1,V_write,PIM1,pim,NAIVE,15.049480532667552,15.049480562667553,3.000000070585429e-08,2156,1,3,1,weights_on_pim_prefill-1024xdecode_64_ops_trace.csv,3.000000070585429e-08,1.8900000444688203e-06,1.8900000444688203e-06,0.0,1.0,0
decode,L3_Softmax_s0,Softmax,GPU0,npu,NAIVE,15.050805075192509,15.050805313843917,2.386514097452164e-07,2157,1,3,0,weights_on_pim_prefill-1024xdecode_64_ops_trace.csv,2.386514097452164e-07,1.5035038813948635e-05,3.525280789042968e-05,2.0217769076481044e-05,2.3447101352158914,0
decode,L3_Softmax_s1,Softmax,GPU0,npu,NAIVE,15.050805313843917,15.050805552495326,2.386514097452164e-07,2158,1,3,1,weights_on_pim_prefill-1024xdecode_64_ops_trace.csv,2.386514097452164e-07,1.5035038813948635e-05,3.525280789042968e-05,2.0217769076481044e-05,2.3447101352158914,0
decode,L3_SV_s0,SV,GPU0,npu,NAIVE,15.05212944311246,15.052132212240666,2.769128204960225e-06,2159,1,3,0,weights_on_pim_prefill-1024xdecode_64_ops_trace.csv,2.769128204960225e-06,0.00017445507691249418,0.00040904658697659297,0.0002345915100640988,2.3447101352158914,0
decode,L3_SV_s1,SV,GPU0,npu,NAIVE,15.052132212240666,15.052134981368871,2.769128204960225e-06,2160,1,3,1,weights_on_pim_prefill-1024xdecode_64_ops_trace.csv,2.769128204960225e-06,0.00017445507691249418,0.00040904658697659297,0.0002345915100640988,2.3447101352158914,0
decode,L3_O_s0,O,PIM0,pim,NAIVE,15.052135344719629,15.052168794393944,3.344967431573309e-05,2161,1,3,0,weights_on_pim_prefill-1024xdecode_64_ops_trace.csv,3.344967431573309e-05,0.0021073294818911847,0.0002562495989613457,-0.001851079882929839,0.12159920940857294,0
decode,L3_O_s1,O,PIM1,pim,NAIVE,15.052138113847832,15.052171563522148,3.344967431573309e-05,2162,1,3,1,weights_on_pim_prefill-1024xdecode_64_ops_trace.csv,3.344967431573309e-05,0.0021073294818911847,0.00025624959896134564,-0.001851079882929839,0.12159920940857291,0
decode,L3_AllReduce_O,ALLREDUCE,COMM,comm,COMM,15.052171563522148,15.05217359008007,2.026557922363281e-06,2163,1,3,-1,weights_on_pim_prefill-1024xdecode_64_ops_trace.csv,2.026557922363281e-06,0.0001276731491088867,0.0001276731491088867,0.0,1.0,0
decode,L3_Add1,Add,GPU0,npu,NAIVE,15.052178699329248,15.052185638736216,6.939406967276796e-06,2164,1,3,-1,weights_on_pim_prefill-1024xdecode_64_ops_trace.csv,6.939406967276796e-06,0.00043718263893843817,0.0010250665644593857,0.0005878839255209476,2.344710135215892,0
decode,L3_LN2,LN,GPU0,npu,NAIVE,15.052185638736216,15.05222094834086,3.530960464459554e-05,2165,1,3,-1,weights_on_pim_prefill-1024xdecode_64_ops_trace.csv,3.530960464459554e-05,0.002224505092609519,0.0052158196364809045,0.0029913145438713856,2.3447101352158914,0
decode,L3_FFN_W1_s0,FFN_W1,PIM0,pim,NAIVE,15.052225913298782,15.052322140298507,9.622699972489102e-05,2166,1,3,0,weights_on_pim_prefill-1024xdecode_64_ops_trace.csv,9.622699972489102e-05,0.006062300982668134,0.0007371710066892599,-0.005325129975978874,0.12159920940857294,0
decode,L3_FFN_W3_s0,FFN_W3,PIM1,pim,NAIVE,15.052225913298782,15.052315644298508,8.973099972564569e-05,2167,1,3,0,weights_on_pim_prefill-1024xdecode_64_ops_trace.csv,8.973099972564569e-05,0.005653052982715678,0.0006874067734430015,-0.004965646209272677,0.12159920940857291,0
decode,L3_FFN_W1_s1,FFN_W1,PIM1,pim,NAIVE,15.052315644298508,15.052411871298233,9.622699972489102e-05,2168,1,3,1,weights_on_pim_prefill-1024xdecode_64_ops_trace.csv,9.622699972489102e-05,0.006062300982668134,0.0007371710066892598,-0.005325129975978874,0.12159920940857293,0
decode,L3_FFN_W3_s1,FFN_W3,PIM0,pim,NAIVE,15.052322140298507,15.052411871298233,8.973099972564569e-05,2169,1,3,1,weights_on_pim_prefill-1024xdecode_64_ops_trace.csv,8.973099972564569e-05,0.005653052982715678,0.0006874067734430016,-0.004965646209272677,0.12159920940857293,0
decode,L3_SwiGLU_s0,SwiGLU,GPU0,npu,NAIVE,15.052328380085717,15.052335600226328,7.220140611607917e-06,2170,1,3,0,weights_on_pim_prefill-1024xdecode_64_ops_trace.csv,7.220140611607917e-06,0.00045486885853129877,0.0010665356227924196,0.0006116667642611208,2.344710135215891,0
decode,L3_SwiGLU_s1,SwiGLU,GPU0,npu,NAIVE,15.05241811108544,15.052425331226052,7.220140611607917e-06,2171,1,3,1,weights_on_pim_prefill-1024xdecode_64_ops_trace.csv,7.220140611607917e-06,0.00045486885853129877,0.0010665356227924196,0.0006116667642611208,2.344710135215891,0
decode,L3_FFN_W2_s0,FFN_W2,PIM0,pim,NAIVE,15.052411871298233,15.052506162297956,9.429099972457776e-05,2172,1,3,0,weights_on_pim_prefill-1024xdecode_64_ops_trace.csv,9.429099972457776e-05,0.005940332982648399,0.0007223397943137153,-0.0052179931883346835,0.12159920940857294,0
decode,L3_FFN_W2_s1,FFN_W2,PIM1,pim,NAIVE,15.05243155601326,15.052525847012983,9.429099972457776e-05,2173,1,3,1,weights_on_pim_prefill-1024xdecode_64_ops_trace.csv,9.429099972457776e-05,0.005940332982648399,0.0007223397943137153,-0.0052179931883346835,0.12159920940857294,0
decode,L3_AllReduce_FFN,ALLREDUCE,COMM,comm,COMM,15.052525847012983,15.052527873570908,2.026557922363281e-06,2174,1,3,-1,weights_on_pim_prefill-1024xdecode_64_ops_trace.csv,2.026557922363281e-06,0.0001276731491088867,0.0001276731491088867,0.0,1.0,0
decode,L3_Add2,Add,GPU0,npu,NAIVE,15.052532982820086,15.052539922227052,6.939406967276796e-06,2175,1,3,-1,weights_on_pim_prefill-1024xdecode_64_ops_trace.csv,6.939406967276796e-06,0.00043718263893843817,0.0010250665644593857,0.0005878839255209476,2.344710135215892,0
decode,L4_LN,LN,GPU0,npu,NAIVE,15.052539922227052,15.052575231831698,3.530960464459554e-05,2176,1,4,-1,weights_on_pim_prefill-1024xdecode_64_ops_trace.csv,3.530960464459554e-05,0.002224505092609519,0.0052158196364809045,0.0029913145438713856,2.3447101352158914,0
decode,L4_Q_s0,Q,PIM0,pim,NAIVE,15.05258019678962,15.052616574463936,3.637767431641237e-05,2177,1,4,0,weights_on_pim_prefill-1024xdecode_64_ops_trace.csv,3.637767431641237e-05,0.002291793481933979,0.00027868027553089244,-0.002013113206403087,0.12159920940857293,0
decode,L4_K_s0,K,PIM0,pim,NAIVE,15.052616574463936,15.052652952138253,3.637767431641237e-05,2178,1,4,0,weights_on_pim_prefill-1024xdecode_64_ops_trace.csv,3.637767431641237e-05,0.002291793481933979,0.00027868027553089244,-0.002013113206403087,0.12159920940857293,0
decode,L4_V_s0,V,PIM0,pim,NAIVE,15.052652952138253,15.05268932981257,3.637767431641237e-05,2179,1,4,0,weights_on_pim_prefill-1024xdecode_64_ops_trace.csv,3.637767431641237e-05,0.002291793481933979,0.00027868027553089244,-0.002013113206403087,0.12159920940857293,0
decode,L4_Q_s1,Q,PIM1,pim,NAIVE,15.05258019678962,15.052616574463936,3.637767431641237e-05,2180,1,4,1,weights_on_pim_prefill-1024xdecode_64_ops_trace.csv,3.637767431641237e-05,0.002291793481933979,0.0002786802755308924,-0.002013113206403087,0.12159920940857291,0
decode,L4_K_s1,K,PIM1,pim,NAIVE,15.052616574463936,15.052652952138253,3.637767431641237e-05,2181,1,4,1,weights_on_pim_prefill-1024xdecode_64_ops_trace.csv,3.637767431641237e-05,0.002291793481933979,0.0002786802755308924,-0.002013113206403087,0.12159920940857291,0
decode,L4_V_s1,V,PIM1,pim,NAIVE,15.052652952138253,15.05268932981257,3.637767431641237e-05,2182,1,4,1,weights_on_pim_prefill-1024xdecode_64_ops_trace.csv,3.637767431641237e-05,0.002291793481933979,0.0002786802755308924,-0.002013113206403087,0.12159920940857291,0
decode,L4_K_write_s0,K_write,PIM0,pim,NAIVE,15.05268932981257,15.05268935981257,3.000000070585429e-08,2183,1,4,0,weights_on_pim_prefill-1024xdecode_64_ops_trace.csv,3.000000070585429e-08,1.8900000444688203e-06,1.8900000444688203e-06,0.0,1.0,0
decode,L4_QK_s0,QK,GPU0,npu,NAIVE,15.054013489081116,15.05401625820932,2.769128204960225e-06,2184,1,4,0,weights_on_pim_prefill-1024xdecode_64_ops_trace.csv,2.769128204960225e-06,0.00017445507691249418,0.00040904658697659297,0.0002345915100640988,2.3447101352158914,0
decode,L4_V_write_s0,V_write,PIM0,pim,NAIVE,15.05269448481257,15.05269451481257,3.000000070585429e-08,2185,1,4,0,weights_on_pim_prefill-1024xdecode_64_ops_trace.csv,3.000000070585429e-08,1.8900000444688203e-06,1.8900000444688203e-06,0.0,1.0,0
decode,L4_K_write_s1,K_write,PIM1,pim,NAIVE,15.05268932981257,15.05268935981257,3.000000070585429e-08,2186,1,4,1,weights_on_pim_prefill-1024xdecode_64_ops_trace.csv,3.000000070585429e-08,1.8900000444688203e-06,1.8900000444688203e-06,0.0,1.0,0
decode,L4_QK_s1,QK,GPU0,npu,NAIVE,15.05401625820932,15.054019027337525,2.769128204960225e-06,2187,1,4,1,weights_on_pim_prefill-1024xdecode_64_ops_trace.csv,2.769128204960225e-06,0.00017445507691249418,0.00040904658697659297,0.0002345915100640988,2.3447101352158914,0
decode,L4_V_write_s1,V_write,PIM1,pim,NAIVE,15.05269448481257,15.05269451481257,3.000000070585429e-08,2188,1,4,1,weights_on_pim_prefill-1024xdecode_64_ops_trace.csv,3.000000070585429e-08,1.8900000444688203e-06,1.8900000444688203e-06,0.0,1.0,0
decode,L4_Softmax_s0,Softmax,GPU0,npu,NAIVE,15.054019027337525,15.054019265988934,2.386514097452164e-07,2189,1,4,0,weights_on_pim_prefill-1024xdecode_64_ops_trace.csv,2.386514097452164e-07,1.5035038813948635e-05,3.525280789042968e-05,2.0217769076481044e-05,2.3447101352158914,0
decode,L4_Softmax_s1,Softmax,GPU0,npu,NAIVE,15.054019265988934,15.054019504640344,2.386514097452164e-07,2190,1,4,1,weights_on_pim_prefill-1024xdecode_64_ops_trace.csv,2.386514097452164e-07,1.5035038813948635e-05,3.525280789042968e-05,2.0217769076481044e-05,2.3447101352158914,0
decode,L4_SV_s0,SV,GPU0,npu,NAIVE,15.05534339525748,15.055346164385684,2.769128204960225e-06,2191,1,4,0,weights_on_pim_prefill-1024xdecode_64_ops_trace.csv,2.769128204960225e-06,0.00017445507691249418,0.00040904658697659297,0.0002345915100640988,2.3447101352158914,0
decode,L4_SV_s1,SV,GPU0,npu,NAIVE,15.055346164385684,15.055348933513889,2.769128204960225e-06,2192,1,4,1,weights_on_pim_prefill-1024xdecode_64_ops_trace.csv,2.769128204960225e-06,0.00017445507691249418,0.00040904658697659297,0.0002345915100640988,2.3447101352158914,0
decode,L4_O_s0,O,PIM0,pim,NAIVE,15.055349296864645,15.05538274653896,3.344967431573309e-05,2193,1,4,0,weights_on_pim_prefill-1024xdecode_64_ops_trace.csv,3.344967431573309e-05,0.0021073294818911847,0.0002562495989613457,-0.001851079882929839,0.12159920940857294,0
decode,L4_O_s1,O,PIM1,pim,NAIVE,15.05535206599285,15.055385515667163,3.344967431573309e-05,2194,1,4,1,weights_on_pim_prefill-1024xdecode_64_ops_trace.csv,3.344967431573309e-05,0.0021073294818911847,0.00025624959896134564,-0.001851079882929839,0.12159920940857291,0
decode,L4_AllReduce_O,ALLREDUCE,COMM,comm,COMM,15.055385515667163,15.055387542225088,2.026557922363281e-06,2195,1,4,-1,weights_on_pim_prefill-1024xdecode_64_ops_trace.csv,2.026557922363281e-06,0.0001276731491088867,0.0001276731491088867,0.0,1.0,0
decode,L4_Add1,Add,GPU0,npu,NAIVE,15.055392651474266,15.055399590881231,6.939406967276796e-06,2196,1,4,-1,weights_on_pim_prefill-1024xdecode_64_ops_trace.csv,6.939406967276796e-06,0.00043718263893843817,0.0010250665644593857,0.0005878839255209476,2.344710135215892,0
decode,L4_LN2,LN,GPU0,npu,NAIVE,15.055399590881231,15.055434900485878,3.530960464459554e-05,2197,1,4,-1,weights_on_pim_prefill-1024xdecode_64_ops_trace.csv,3.530960464459554e-05,0.002224505092609519,0.0052158196364809045,0.0029913145438713856,2.3447101352158914,0
decode,L4_FFN_W1_s0,FFN_W1,PIM0,pim,NAIVE,15.0554398654438,15.055536092443525,9.622699972489102e-05,2198,1,4,0,weights_on_pim_prefill-1024xdecode_64_ops_trace.csv,9.622699972489102e-05,0.006062300982668134,0.0007371710066892599,-0.005325129975978874,0.12159920940857294,0
decode,L4_FFN_W3_s0,FFN_W3,PIM1,pim,NAIVE,15.0554398654438,15.055529596443526,8.973099972564569e-05,2199,1,4,0,weights_on_pim_prefill-1024xdecode_64_ops_trace.csv,8.973099972564569e-05,0.005653052982715678,0.0006874067734430015,-0.004965646209272677,0.12159920940857291,0
decode,L4_FFN_W1_s1,FFN_W1,PIM1,pim,NAIVE,15.055529596443526,15.05562582344325,9.622699972489102e-05,2200,1,4,1,weights_on_pim_prefill-1024xdecode_64_ops_trace.csv,9.622699972489102e-05,0.006062300982668134,0.0007371710066892598,-0.005325129975978874,0.12159920940857293,0
decode,L4_FFN_W3_s1,FFN_W3,PIM0,pim,NAIVE,15.055536092443525,15.05562582344325,8.973099972564569e-05,2201,1,4,1,weights_on_pim_prefill-1024xdecode_64_ops_trace.csv,8.973099972564569e-05,0.005653052982715678,0.0006874067734430016,-0.004965646209272677,0.12159920940857293,0
decode,L4_SwiGLU_s0,SwiGLU,GPU0,npu,NAIVE,15.055542332230733,15.055549552371344,7.220140611607917e-06,2202,1,4,0,weights_on_pim_prefill-1024xdecode_64_ops_trace.csv,7.220140611607917e-06,0.00045486885853129877,0.0010665356227924196,0.0006116667642611208,2.344710135215891,0
decode,L4_SwiGLU_s1,SwiGLU,GPU0,npu,NAIVE,15.055632063230458,15.05563928337107,7.220140611607917e-06,2203,1,4,1,weights_on_pim_prefill-1024xdecode_64_ops_trace.csv,7.220140611607917e-06,0.00045486885853129877,0.0010665356227924196,0.0006116667642611208,2.344710135215891,0
decode,L4_FFN_W2_s0,FFN_W2,PIM0,pim,NAIVE,15.05562582344325,15.055720114442977,9.429099972457776e-05,2204,1,4,0,weights_on_pim_prefill-1024xdecode_64_ops_trace.csv,9.429099972457776e-05,0.005940332982648399,0.0007223397943137153,-0.0052179931883346835,0.12159920940857294,0
decode,L4_FFN_W2_s1,FFN_W2,PIM1,pim,NAIVE,15.055645508158278,15.055739799158005,9.429099972457776e-05,2205,1,4,1,weights_on_pim_prefill-1024xdecode_64_ops_trace.csv,9.429099972457776e-05,0.005940332982648399,0.0007223397943137153,-0.0052179931883346835,0.12159920940857294,0
decode,L4_AllReduce_FFN,ALLREDUCE,COMM,comm,COMM,15.055739799158005,15.055741825715923,2.026557922363281e-06,2206,1,4,-1,weights_on_pim_prefill-1024xdecode_64_ops_trace.csv,2.026557922363281e-06,0.0001276731491088867,0.0001276731491088867,0.0,1.0,0
decode,L4_Add2,Add,GPU0,npu,NAIVE,15.055746934965104,15.055753874372073,6.939406967276796e-06,2207,1,4,-1,weights_on_pim_prefill-1024xdecode_64_ops_trace.csv,6.939406967276796e-06,0.00043718263893843817,0.0010250665644593857,0.0005878839255209476,2.344710135215892,0
decode,L5_LN,LN,GPU0,npu,NAIVE,15.055753874372073,15.055789183976716,3.530960464459554e-05,2208,1,5,-1,weights_on_pim_prefill-1024xdecode_64_ops_trace.csv,3.530960464459554e-05,0.002224505092609519,0.0052158196364809045,0.0029913145438713856,2.3447101352158914,0
decode,L5_Q_s0,Q,PIM0,pim,NAIVE,15.055794148934638,15.055830526608954,3.637767431641237e-05,2209,1,5,0,weights_on_pim_prefill-1024xdecode_64_ops_trace.csv,3.637767431641237e-05,0.002291793481933979,0.00027868027553089244,-0.002013113206403087,0.12159920940857293,0
decode,L5_K_s0,K,PIM0,pim,NAIVE,15.055830526608954,15.05586690428327,3.637767431641237e-05,2210,1,5,0,weights_on_pim_prefill-1024xdecode_64_ops_trace.csv,3.637767431641237e-05,0.002291793481933979,0.00027868027553089244,-0.002013113206403087,0.12159920940857293,0
decode,L5_V_s0,V,PIM0,pim,NAIVE,15.05586690428327,15.055903281957589,3.637767431641237e-05,2211,1,5,0,weights_on_pim_prefill-1024xdecode_64_ops_trace.csv,3.637767431641237e-05,0.002291793481933979,0.00027868027553089244,-0.002013113206403087,0.12159920940857293,0
decode,L5_Q_s1,Q,PIM1,pim,NAIVE,15.055794148934638,15.055830526608954,3.637767431641237e-05,2212,1,5,1,weights_on_pim_prefill-1024xdecode_64_ops_trace.csv,3.637767431641237e-05,0.002291793481933979,0.0002786802755308924,-0.002013113206403087,0.12159920940857291,0
decode,L5_K_s1,K,PIM1,pim,NAIVE,15.055830526608954,15.05586690428327,3.637767431641237e-05,2213,1,5,1,weights_on_pim_prefill-1024xdecode_64_ops_trace.csv,3.637767431641237e-05,0.002291793481933979,0.0002786802755308924,-0.002013113206403087,0.12159920940857291,0
decode,L5_V_s1,V,PIM1,pim,NAIVE,15.05586690428327,15.055903281957589,3.637767431641237e-05,2214,1,5,1,weights_on_pim_prefill-1024xdecode_64_ops_trace.csv,3.637767431641237e-05,0.002291793481933979,0.0002786802755308924,-0.002013113206403087,0.12159920940857291,0
decode,L5_K_write_s0,K_write,PIM0,pim,NAIVE,15.055903281957589,15.055903311957588,3.000000070585429e-08,2215,1,5,0,weights_on_pim_prefill-1024xdecode_64_ops_trace.csv,3.000000070585429e-08,1.8900000444688203e-06,1.8900000444688203e-06,0.0,1.0,0
decode,L5_QK_s0,QK,GPU0,npu,NAIVE,15.057227441226132,15.057230210354335,2.769128204960225e-06,2216,1,5,0,weights_on_pim_prefill-1024xdecode_64_ops_trace.csv,2.769128204960225e-06,0.00017445507691249418,0.00040904658697659297,0.0002345915100640988,2.3447101352158914,0
decode,L5_V_write_s0,V_write,PIM0,pim,NAIVE,15.055908436957589,15.055908466957588,3.000000070585429e-08,2217,1,5,0,weights_on_pim_prefill-1024xdecode_64_ops_trace.csv,3.000000070585429e-08,1.8900000444688203e-06,1.8900000444688203e-06,0.0,1.0,0
decode,L5_K_write_s1,K_write,PIM1,pim,NAIVE,15.055903281957589,15.055903311957588,3.000000070585429e-08,2218,1,5,1,weights_on_pim_prefill-1024xdecode_64_ops_trace.csv,3.000000070585429e-08,1.8900000444688203e-06,1.8900000444688203e-06,0.0,1.0,0
decode,L5_QK_s1,QK,GPU0,npu,NAIVE,15.057230210354335,15.057232979482542,2.769128204960225e-06,2219,1,5,1,weights_on_pim_prefill-1024xdecode_64_ops_trace.csv,2.769128204960225e-06,0.00017445507691249418,0.00040904658697659297,0.0002345915100640988,2.3447101352158914,0
decode,L5_V_write_s1,V_write,PIM1,pim,NAIVE,15.055908436957589,15.055908466957588,3.000000070585429e-08,2220,1,5,1,weights_on_pim_prefill-1024xdecode_64_ops_trace.csv,3.000000070585429e-08,1.8900000444688203e-06,1.8900000444688203e-06,0.0,1.0,0
decode,L5_Softmax_s0,Softmax,GPU0,npu,NAIVE,15.057232979482542,15.057233218133952,2.386514097452164e-07,2221,1,5,0,weights_on_pim_prefill-1024xdecode_64_ops_trace.csv,2.386514097452164e-07,1.5035038813948635e-05,3.525280789042968e-05,2.0217769076481044e-05,2.3447101352158914,0
decode,L5_Softmax_s1,Softmax,GPU0,npu,NAIVE,15.057233218133952,15.057233456785362,2.386514097452164e-07,2222,1,5,1,weights_on_pim_prefill-1024xdecode_64_ops_trace.csv,2.386514097452164e-07,1.5035038813948635e-05,3.525280789042968e-05,2.0217769076481044e-05,2.3447101352158914,0
decode,L5_SV_s0,SV,GPU0,npu,NAIVE,15.058557347402497,15.0585601165307,2.769128204960225e-06,2223,1,5,0,weights_on_pim_prefill-1024xdecode_64_ops_trace.csv,2.769128204960225e-06,0.00017445507691249418,0.00040904658697659297,0.0002345915100640988,2.3447101352158914,0
decode,L5_SV_s1,SV,GPU0,npu,NAIVE,15.0585601165307,15.058562885658906,2.769128204960225e-06,2224,1,5,1,weights_on_pim_prefill-1024xdecode_64_ops_trace.csv,2.769128204960225e-06,0.00017445507691249418,0.00040904658697659297,0.0002345915100640988,2.3447101352158914,0
decode,L5_O_s0,O,PIM0,pim,NAIVE,15.058563249009662,15.058596698683978,3.344967431573309e-05,2225,1,5,0,weights_on_pim_prefill-1024xdecode_64_ops_trace.csv,3.344967431573309e-05,0.0021073294818911847,0.0002562495989613457,-0.001851079882929839,0.12159920940857294,0
decode,L5_O_s1,O,PIM1,pim,NAIVE,15.058566018137869,15.058599467812185,3.344967431573309e-05,2226,1,5,1,weights_on_pim_prefill-1024xdecode_64_ops_trace.csv,3.344967431573309e-05,0.0021073294818911847,0.00025624959896134564,-0.001851079882929839,0.12159920940857291,0
decode,L5_AllReduce_O,ALLREDUCE,COMM,comm,COMM,15.058599467812185,15.058601494370103,2.026557922363281e-06,2227,1,5,-1,weights_on_pim_prefill-1024xdecode_64_ops_trace.csv,2.026557922363281e-06,0.0001276731491088867,0.0001276731491088867,0.0,1.0,0
decode,L5_Add1,Add,GPU0,npu,NAIVE,15.058606603619284,15.05861354302625,6.939406967276796e-06,2228,1,5,-1,weights_on_pim_prefill-1024xdecode_64_ops_trace.csv,6.939406967276796e-06,0.00043718263893843817,0.0010250665644593857,0.0005878839255209476,2.344710135215892,0
decode,L5_LN2,LN,GPU0,npu,NAIVE,15.05861354302625,15.058648852630895,3.530960464459554e-05,2229,1,5,-1,weights_on_pim_prefill-1024xdecode_64_ops_trace.csv,3.530960464459554e-05,0.002224505092609519,0.0052158196364809045,0.0029913145438713856,2.3447101352158914,0
decode,L5_FFN_W1_s0,FFN_W1,PIM0,pim,NAIVE,15.058653817588818,15.058750044588542,9.622699972489102e-05,2230,1,5,0,weights_on_pim_prefill-1024xdecode_64_ops_trace.csv,9.622699972489102e-05,0.006062300982668134,0.0007371710066892599,-0.005325129975978874,0.12159920940857294,0
decode,L5_FFN_W3_s0,FFN_W3,PIM1,pim,NAIVE,15.058653817588818,15.058743548588543,8.973099972564569e-05,2231,1,5,0,weights_on_pim_prefill-1024xdecode_64_ops_trace.csv,8.973099972564569e-05,0.005653052982715678,0.0006874067734430015,-0.004965646209272677,0.12159920940857291,0
decode,L5_FFN_W1_s1,FFN_W1,PIM1,pim,NAIVE,15.058743548588543,15.058839775588268,9.622699972489102e-05,2232,1,5,1,weights_on_pim_prefill-1024xdecode_64_ops_trace.csv,9.622699972489102e-05,0.006062300982668134,0.0007371710066892598,-0.005325129975978874,0.12159920940857293,0
decode,L5_FFN_W3_s1,FFN_W3,PIM0,pim,NAIVE,15.058750044588542,15.058839775588268,8.973099972564569e-05,2233,1,5,1,weights_on_pim_prefill-1024xdecode_64_ops_trace.csv,8.973099972564569e-05,0.005653052982715678,0.0006874067734430016,-0.004965646209272677,0.12159920940857293,0
decode,L5_SwiGLU_s0,SwiGLU,GPU0,npu,NAIVE,15.05875628437575,15.058763504516362,7.220140611607917e-06,2234,1,5,0,weights_on_pim_prefill-1024xdecode_64_ops_trace.csv,7.220140611607917e-06,0.00045486885853129877,0.0010665356227924196,0.0006116667642611208,2.344710135215891,0
decode,L5_SwiGLU_s1,SwiGLU,GPU0,npu,NAIVE,15.058846015375476,15.058853235516088,7.220140611607917e-06,2235,1,5,1,weights_on_pim_prefill-1024xdecode_64_ops_trace.csv,7.220140611607917e-06,0.00045486885853129877,0.0010665356227924196,0.0006116667642611208,2.344710135215891,0
decode,L5_FFN_W2_s0,FFN_W2,PIM0,pim,NAIVE,15.058839775588268,15.058934066587993,9.429099972457776e-05,2236,1,5,0,weights_on_pim_prefill-1024xdecode_64_ops_trace.csv,9.429099972457776e-05,0.005940332982648399,0.0007223397943137153,-0.0052179931883346835,0.12159920940857294,0
decode,L5_FFN_W2_s1,FFN_W2,PIM1,pim,NAIVE,15.058859460303296,15.05895375130302,9.429099972457776e-05,2237,1,5,1,weights_on_pim_prefill-1024xdecode_64_ops_trace.csv,9.429099972457776e-05,0.005940332982648399,0.0007223397943137153,-0.0052179931883346835,0.12159920940857294,0
decode,L5_AllReduce_FFN,ALLREDUCE,COMM,comm,COMM,15.05895375130302,15.058955777860945,2.026557922363281e-06,2238,1,5,-1,weights_on_pim_prefill-1024xdecode_64_ops_trace.csv,2.026557922363281e-06,0.0001276731491088867,0.0001276731491088867,0.0,1.0,0
decode,L5_Add2,Add,GPU0,npu,NAIVE,15.05896088711012,15.058967826517089,6.939406967276796e-06,2239,1,5,-1,weights_on_pim_prefill-1024xdecode_64_ops_trace.csv,6.939406967276796e-06,0.00043718263893843817,0.0010250665644593857,0.0005878839255209476,2.344710135215892,0
decode,L6_LN,LN,GPU0,npu,NAIVE,15.058967826517089,15.059003136121731,3.530960464459554e-05,2240,1,6,-1,weights_on_pim_prefill-1024xdecode_64_ops_trace.csv,3.530960464459554e-05,0.002224505092609519,0.0052158196364809045,0.0029913145438713856,2.3447101352158914,0
decode,L6_Q_s0,Q,PIM0,pim,NAIVE,15.059008101079655,15.059044478753972,3.637767431641237e-05,2241,1,6,0,weights_on_pim_prefill-1024xdecode_64_ops_trace.csv,3.637767431641237e-05,0.002291793481933979,0.00027868027553089244,-0.002013113206403087,0.12159920940857293,0
decode,L6_K_s0,K,PIM0,pim,NAIVE,15.059044478753972,15.059080856428288,3.637767431641237e-05,2242,1,6,0,weights_on_pim_prefill-1024xdecode_64_ops_trace.csv,3.637767431641237e-05,0.002291793481933979,0.00027868027553089244,-0.002013113206403087,0.12159920940857293,0
decode,L6_V_s0,V,PIM0,pim,NAIVE,15.059080856428288,15.059117234102604,3.637767431641237e-05,2243,1,6,0,weights_on_pim_prefill-1024xdecode_64_ops_trace.csv,3.637767431641237e-05,0.002291793481933979,0.00027868027553089244,-0.002013113206403087,0.12159920940857293,0
decode,L6_Q_s1,Q,PIM1,pim,NAIVE,15.059008101079655,15.059044478753972,3.637767431641237e-05,2244,1,6,1,weights_on_pim_prefill-1024xdecode_64_ops_trace.csv,3.637767431641237e-05,0.002291793481933979,0.0002786802755308924,-0.002013113206403087,0.12159920940857291,0
decode,L6_K_s1,K,PIM1,pim,NAIVE,15.059044478753972,15.059080856428288,3.637767431641237e-05,2245,1,6,1,weights_on_pim_prefill-1024xdecode_64_ops_trace.csv,3.637767431641237e-05,0.002291793481933979,0.0002786802755308924,-0.002013113206403087,0.12159920940857291,0
decode,L6_V_s1,V,PIM1,pim,NAIVE,15.059080856428288,15.059117234102604,3.637767431641237e-05,2246,1,6,1,weights_on_pim_prefill-1024xdecode_64_ops_trace.csv,3.637767431641237e-05,0.002291793481933979,0.0002786802755308924,-0.002013113206403087,0.12159920940857291,0
decode,L6_K_write_s0,K_write,PIM0,pim,NAIVE,15.059117234102604,15.059117264102603,3.000000070585429e-08,2247,1,6,0,weights_on_pim_prefill-1024xdecode_64_ops_trace.csv,3.000000070585429e-08,1.8900000444688203e-06,1.8900000444688203e-06,0.0,1.0,0
decode,L6_QK_s0,QK,GPU0,npu,NAIVE,15.06044139337115,15.060444162499357,2.769128204960225e-06,2248,1,6,0,weights_on_pim_prefill-1024xdecode_64_ops_trace.csv,2.769128204960225e-06,0.00017445507691249418,0.00040904658697659297,0.0002345915100640988,2.3447101352158914,0
decode,L6_V_write_s0,V_write,PIM0,pim,NAIVE,15.059122389102605,15.059122419102604,3.000000070585429e-08,2249,1,6,0,weights_on_pim_prefill-1024xdecode_64_ops_trace.csv,3.000000070585429e-08,1.8900000444688203e-06,1.8900000444688203e-06,0.0,1.0,0
decode,L6_K_write_s1,K_write,PIM1,pim,NAIVE,15.059117234102604,15.059117264102603,3.000000070585429e-08,2250,1,6,1,weights_on_pim_prefill-1024xdecode_64_ops_trace.csv,3.000000070585429e-08,1.8900000444688203e-06,1.8900000444688203e-06,0.0,1.0,0
decode,L6_QK_s1,QK,GPU0,npu,NAIVE,15.060444162499357,15.06044693162756,2.769128204960225e-06,2251,1,6,1,weights_on_pim_prefill-1024xdecode_64_ops_trace.csv,2.769128204960225e-06,0.00017445507691249418,0.00040904658697659297,0.0002345915100640988,2.3447101352158914,0
decode,L6_V_write_s1,V_write,PIM1,pim,NAIVE,15.059122389102605,15.059122419102604,3.000000070585429e-08,2252,1,6,1,weights_on_pim_prefill-1024xdecode_64_ops_trace.csv,3.000000070585429e-08,1.8900000444688203e-06,1.8900000444688203e-06,0.0,1.0,0
decode,L6_Softmax_s0,Softmax,GPU0,npu,NAIVE,15.06044693162756,15.06044717027897,2.386514097452164e-07,2253,1,6,0,weights_on_pim_prefill-1024xdecode_64_ops_trace.csv,2.386514097452164e-07,1.5035038813948635e-05,3.525280789042968e-05,2.0217769076481044e-05,2.3447101352158914,0
decode,L6_Softmax_s1,Softmax,GPU0,npu,NAIVE,15.06044717027897,15.06044740893038,2.386514097452164e-07,2254,1,6,1,weights_on_pim_prefill-1024xdecode_64_ops_trace.csv,2.386514097452164e-07,1.5035038813948635e-05,3.525280789042968e-05,2.0217769076481044e-05,2.3447101352158914,0
decode,L6_SV_s0,SV,GPU0,npu,NAIVE,15.061771299547514,15.06177406867572,2.769128204960225e-06,2255,1,6,0,weights_on_pim_prefill-1024xdecode_64_ops_trace.csv,2.769128204960225e-06,0.00017445507691249418,0.00040904658697659297,0.0002345915100640988,2.3447101352158914,0
decode,L6_SV_s1,SV,GPU0,npu,NAIVE,15.06177406867572,15.061776837803924,2.769128204960225e-06,2256,1,6,1,weights_on_pim_prefill-1024xdecode_64_ops_trace.csv,2.769128204960225e-06,0.00017445507691249418,0.00040904658697659297,0.0002345915100640988,2.3447101352158914,0
decode,L6_O_s0,O,PIM0,pim,NAIVE,15.06177720115468,15.061810650828996,3.344967431573309e-05,2257,1,6,0,weights_on_pim_prefill-1024xdecode_64_ops_trace.csv,3.344967431573309e-05,0.0021073294818911847,0.0002562495989613457,-0.001851079882929839,0.12159920940857294,0
decode,L6_O_s1,O,PIM1,pim,NAIVE,15.061779970282885,15.0618134199572,3.344967431573309e-05,2258,1,6,1,weights_on_pim_prefill-1024xdecode_64_ops_trace.csv,3.344967431573309e-05,0.0021073294818911847,0.00025624959896134564,-0.001851079882929839,0.12159920940857291,0
decode,L6_AllReduce_O,ALLREDUCE,COMM,comm,COMM,15.0618134199572,15.061815446515125,2.026557922363281e-06,2259,1,6,-1,weights_on_pim_prefill-1024xdecode_64_ops_trace.csv,2.026557922363281e-06,0.0001276731491088867,0.0001276731491088867,0.0,1.0,0
decode,L6_Add1,Add,GPU0,npu,NAIVE,15.0618205557643,15.061827495171269,6.939406967276796e-06,2260,1,6,-1,weights_on_pim_prefill-1024xdecode_64_ops_trace.csv,6.939406967276796e-06,0.00043718263893843817,0.0010250665644593857,0.0005878839255209476,2.344710135215892,0
decode,L6_LN2,LN,GPU0,npu,NAIVE,15.061827495171269,15.061862804775911,3.530960464459554e-05,2261,1,6,-1,weights_on_pim_prefill-1024xdecode_64_ops_trace.csv,3.530960464459554e-05,0.002224505092609519,0.0052158196364809045,0.0029913145438713856,2.3447101352158914,0
decode,L6_FFN_W1_s0,FFN_W1,PIM0,pim,NAIVE,15.061867769733835,15.06196399673356,9.622699972489102e-05,2262,1,6,0,weights_on_pim_prefill-1024xdecode_64_ops_trace.csv,9.622699972489102e-05,0.006062300982668134,0.0007371710066892599,-0.005325129975978874,0.12159920940857294,0
decode,L6_FFN_W3_s0,FFN_W3,PIM1,pim,NAIVE,15.061867769733835,15.06195750073356,8.973099972564569e-05,2263,1,6,0,weights_on_pim_prefill-1024xdecode_64_ops_trace.csv,8.973099972564569e-05,0.005653052982715678,0.0006874067734430015,-0.004965646209272677,0.12159920940857291,0
decode,L6_FFN_W1_s1,FFN_W1,PIM1,pim,NAIVE,15.06195750073356,15.062053727733286,9.622699972489102e-05,2264,1,6,1,weights_on_pim_prefill-1024xdecode_64_ops_trace.csv,9.622699972489102e-05,0.006062300982668134,0.0007371710066892598,-0.005325129975978874,0.12159920940857293,0
decode,L6_FFN_W3_s1,FFN_W3,PIM0,pim,NAIVE,15.06196399673356,15.062053727733286,8.973099972564569e-05,2265,1,6,1,weights_on_pim_prefill-1024xdecode_64_ops_trace.csv,8.973099972564569e-05,0.005653052982715678,0.0006874067734430016,-0.004965646209272677,0.12159920940857293,0
decode,L6_SwiGLU_s0,SwiGLU,GPU0,npu,NAIVE,15.061970236520768,15.06197745666138,7.220140611607917e-06,2266,1,6,0,weights_on_pim_prefill-1024xdecode_64_ops_trace.csv,7.220140611607917e-06,0.00045486885853129877,0.0010665356227924196,0.0006116667642611208,2.344710135215891,0
decode,L6_SwiGLU_s1,SwiGLU,GPU0,npu,NAIVE,15.062059967520494,15.062067187661103,7.220140611607917e-06,2267,1,6,1,weights_on_pim_prefill-1024xdecode_64_ops_trace.csv,7.220140611607917e-06,0.00045486885853129877,0.0010665356227924196,0.0006116667642611208,2.344710135215891,0
decode,L6_FFN_W2_s0,FFN_W2,PIM0,pim,NAIVE,15.062053727733286,15.06214801873301,9.429099972457776e-05,2268,1,6,0,weights_on_pim_prefill-1024xdecode_64_ops_trace.csv,9.429099972457776e-05,0.005940332982648399,0.0007223397943137153,-0.0052179931883346835,0.12159920940857294,0
decode,L6_FFN_W2_s1,FFN_W2,PIM1,pim,NAIVE,15.062073412448314,15.062167703448038,9.429099972457776e-05,2269,1,6,1,weights_on_pim_prefill-1024xdecode_64_ops_trace.csv,9.429099972457776e-05,0.005940332982648399,0.0007223397943137153,-0.0052179931883346835,0.12159920940857294,0
decode,L6_AllReduce_FFN,ALLREDUCE,COMM,comm,COMM,15.062167703448038,15.06216973000596,2.026557922363281e-06,2270,1,6,-1,weights_on_pim_prefill-1024xdecode_64_ops_trace.csv,2.026557922363281e-06,0.0001276731491088867,0.0001276731491088867,0.0,1.0,0
decode,L6_Add2,Add,GPU0,npu,NAIVE,15.06217483925514,15.062181778662106,6.939406967276796e-06,2271,1,6,-1,weights_on_pim_prefill-1024xdecode_64_ops_trace.csv,6.939406967276796e-06,0.00043718263893843817,0.0010250665644593857,0.0005878839255209476,2.344710135215892,0
decode,L7_LN,LN,GPU0,npu,NAIVE,15.062181778662106,15.06221708826675,3.530960464459554e-05,2272,1,7,-1,weights_on_pim_prefill-1024xdecode_64_ops_trace.csv,3.530960464459554e-05,0.002224505092609519,0.0052158196364809045,0.0029913145438713856,2.3447101352158914,0
decode,L7_Q_s0,Q,PIM0,pim,NAIVE,15.062222053224671,15.06225843089899,3.637767431641237e-05,2273,1,7,0,weights_on_pim_prefill-1024xdecode_64_ops_trace.csv,3.637767431641237e-05,0.002291793481933979,0.00027868027553089244,-0.002013113206403087,0.12159920940857293,0
decode,L7_K_s0,K,PIM0,pim,NAIVE,15.06225843089899,15.062294808573306,3.637767431641237e-05,2274,1,7,0,weights_on_pim_prefill-1024xdecode_64_ops_trace.csv,3.637767431641237e-05,0.002291793481933979,0.00027868027553089244,-0.002013113206403087,0.12159920940857293,0
decode,L7_V_s0,V,PIM0,pim,NAIVE,15.062294808573306,15.062331186247622,3.637767431641237e-05,2275,1,7,0,weights_on_pim_prefill-1024xdecode_64_ops_trace.csv,3.637767431641237e-05,0.002291793481933979,0.00027868027553089244,-0.002013113206403087,0.12159920940857293,0
decode,L7_Q_s1,Q,PIM1,pim,NAIVE,15.062222053224671,15.06225843089899,3.637767431641237e-05,2276,1,7,1,weights_on_pim_prefill-1024xdecode_64_ops_trace.csv,3.637767431641237e-05,0.002291793481933979,0.0002786802755308924,-0.002013113206403087,0.12159920940857291,0
decode,L7_K_s1,K,PIM1,pim,NAIVE,15.06225843089899,15.062294808573306,3.637767431641237e-05,2277,1,7,1,weights_on_pim_prefill-1024xdecode_64_ops_trace.csv,3.637767431641237e-05,0.002291793481933979,0.0002786802755308924,-0.002013113206403087,0.12159920940857291,0
decode,L7_V_s1,V,PIM1,pim,NAIVE,15.062294808573306,15.062331186247622,3.637767431641237e-05,2278,1,7,1,weights_on_pim_prefill-1024xdecode_64_ops_trace.csv,3.637767431641237e-05,0.002291793481933979,0.0002786802755308924,-0.002013113206403087,0.12159920940857291,0
decode,L7_K_write_s0,K_write,PIM0,pim,NAIVE,15.062331186247622,15.062331216247625,3.000000070585429e-08,2279,1,7,0,weights_on_pim_prefill-1024xdecode_64_ops_trace.csv,3.000000070585429e-08,1.8900000444688203e-06,1.8900000444688203e-06,0.0,1.0,0
decode,L7_QK_s0,QK,GPU0,npu,NAIVE,15.063655345516167,15.063658114644372,2.769128204960225e-06,2280,1,7,0,weights_on_pim_prefill-1024xdecode_64_ops_trace.csv,2.769128204960225e-06,0.00017445507691249418,0.00040904658697659297,0.0002345915100640988,2.3447101352158914,0
decode,L7_V_write_s0,V_write,PIM0,pim,NAIVE,15.062336341247622,15.062336371247625,3.000000070585429e-08,2281,1,7,0,weights_on_pim_prefill-1024xdecode_64_ops_trace.csv,3.000000070585429e-08,1.8900000444688203e-06,1.8900000444688203e-06,0.0,1.0,0
decode,L7_K_write_s1,K_write,PIM1,pim,NAIVE,15.062331186247622,15.062331216247625,3.000000070585429e-08,2282,1,7,1,weights_on_pim_prefill-1024xdecode_64_ops_trace.csv,3.000000070585429e-08,1.8900000444688203e-06,1.8900000444688203e-06,0.0,1.0,0
decode,L7_QK_s1,QK,GPU0,npu,NAIVE,15.063658114644372,15.063660883772576,2.769128204960225e-06,2283,1,7,1,weights_on_pim_prefill-1024xdecode_64_ops_trace.csv,2.769128204960225e-06,0.00017445507691249418,0.00040904658697659297,0.0002345915100640988,2.3447101352158914,0
decode,L7_V_write_s1,V_write,PIM1,pim,NAIVE,15.062336341247622,15.062336371247625,3.000000070585429e-08,2284,1,7,1,weights_on_pim_prefill-1024xdecode_64_ops_trace.csv,3.000000070585429e-08,1.8900000444688203e-06,1.8900000444688203e-06,0.0,1.0,0
decode,L7_Softmax_s0,Softmax,GPU0,npu,NAIVE,15.063660883772576,15.063661122423987,2.386514097452164e-07,2285,1,7,0,weights_on_pim_prefill-1024xdecode_64_ops_trace.csv,2.386514097452164e-07,1.5035038813948635e-05,3.525280789042968e-05,2.0217769076481044e-05,2.3447101352158914,0
decode,L7_Softmax_s1,Softmax,GPU0,npu,NAIVE,15.063661122423987,15.063661361075397,2.386514097452164e-07,2286,1,7,1,weights_on_pim_prefill-1024xdecode_64_ops_trace.csv,2.386514097452164e-07,1.5035038813948635e-05,3.525280789042968e-05,2.0217769076481044e-05,2.3447101352158914,0
decode,L7_SV_s0,SV,GPU0,npu,NAIVE,15.064985251692532,15.064988020820737,2.769128204960225e-06,2287,1,7,0,weights_on_pim_prefill-1024xdecode_64_ops_trace.csv,2.769128204960225e-06,0.00017445507691249418,0.00040904658697659297,0.0002345915100640988,2.3447101352158914,0
decode,L7_SV_s1,SV,GPU0,npu,NAIVE,15.064988020820737,15.064990789948942,2.769128204960225e-06,2288,1,7,1,weights_on_pim_prefill-1024xdecode_64_ops_trace.csv,2.769128204960225e-06,0.00017445507691249418,0.00040904658697659297,0.0002345915100640988,2.3447101352158914,0
decode,L7_O_s0,O,PIM0,pim,NAIVE,15.064991153299696,15.065024602974011,3.344967431573309e-05,2289,1,7,0,weights_on_pim_prefill-1024xdecode_64_ops_trace.csv,3.344967431573309e-05,0.0021073294818911847,0.0002562495989613457,-0.001851079882929839,0.12159920940857294,0
decode,L7_O_s1,O,PIM1,pim,NAIVE,15.064993922427902,15.065027372102218,3.344967431573309e-05,2290,1,7,1,weights_on_pim_prefill-1024xdecode_64_ops_trace.csv,3.344967431573309e-05,0.0021073294818911847,0.00025624959896134564,-0.001851079882929839,0.12159920940857291,0
decode,L7_AllReduce_O,ALLREDUCE,COMM,comm,COMM,15.065027372102218,15.06502939866014,2.026557922363281e-06,2291,1,7,-1,weights_on_pim_prefill-1024xdecode_64_ops_trace.csv,2.026557922363281e-06,0.0001276731491088867,0.0001276731491088867,0.0,1.0,0
decode,L7_Add1,Add,GPU0,npu,NAIVE,15.06503450790932,15.065041447316286,6.939406967276796e-06,2292,1,7,-1,weights_on_pim_prefill-1024xdecode_64_ops_trace.csv,6.939406967276796e-06,0.00043718263893843817,0.0010250665644593857,0.0005878839255209476,2.344710135215892,0
decode,L7_LN2,LN,GPU0,npu,NAIVE,15.065041447316286,15.06507675692093,3.530960464459554e-05,2293,1,7,-1,weights_on_pim_prefill-1024xdecode_64_ops_trace.csv,3.530960464459554e-05,0.002224505092609519,0.0052158196364809045,0.0029913145438713856,2.3447101352158914,0
decode,L7_FFN_W1_s0,FFN_W1,PIM0,pim,NAIVE,15.065081721878853,15.065177948878578,9.622699972489102e-05,2294,1,7,0,weights_on_pim_prefill-1024xdecode_64_ops_trace.csv,9.622699972489102e-05,0.006062300982668134,0.0007371710066892599,-0.005325129975978874,0.12159920940857294,0
decode,L7_FFN_W3_s0,FFN_W3,PIM1,pim,NAIVE,15.065081721878853,15.06517145287858,8.973099972564569e-05,2295,1,7,0,weights_on_pim_prefill-1024xdecode_64_ops_trace.csv,8.973099972564569e-05,0.005653052982715678,0.0006874067734430015,-0.004965646209272677,0.12159920940857291,0
decode,L7_FFN_W1_s1,FFN_W1,PIM1,pim,NAIVE,15.06517145287858,15.065267679878303,9.622699972489102e-05,2296,1,7,1,weights_on_pim_prefill-1024xdecode_64_ops_trace.csv,9.622699972489102e-05,0.006062300982668134,0.0007371710066892598,-0.005325129975978874,0.12159920940857293,0
decode,L7_FFN_W3_s1,FFN_W3,PIM0,pim,NAIVE,15.065177948878578,15.065267679878303,8.973099972564569e-05,2297,1,7,1,weights_on_pim_prefill-1024xdecode_64_ops_trace.csv,8.973099972564569e-05,0.005653052982715678,0.0006874067734430016,-0.004965646209272677,0.12159920940857293,0
decode,L7_SwiGLU_s0,SwiGLU,GPU0,npu,NAIVE,15.065184188665786,15.065191408806395,7.220140611607917e-06,2298,1,7,0,weights_on_pim_prefill-1024xdecode_64_ops_trace.csv,7.220140611607917e-06,0.00045486885853129877,0.0010665356227924196,0.0006116667642611208,2.344710135215891,0
decode,L7_SwiGLU_s1,SwiGLU,GPU0,npu,NAIVE,15.065273919665511,15.065281139806125,7.220140611607917e-06,2299,1,7,1,weights_on_pim_prefill-1024xdecode_64_ops_trace.csv,7.220140611607917e-06,0.00045486885853129877,0.0010665356227924196,0.0006116667642611208,2.344710135215891,0
decode,L7_FFN_W2_s0,FFN_W2,PIM0,pim,NAIVE,15.065267679878303,15.065361970878028,9.429099972457776e-05,2300,1,7,0,weights_on_pim_prefill-1024xdecode_64_ops_trace.csv,9.429099972457776e-05,0.005940332982648399,0.0007223397943137153,-0.0052179931883346835,0.12159920940857294,0
decode,L7_FFN_W2_s1,FFN_W2,PIM1,pim,NAIVE,15.065287364593331,15.065381655593056,9.429099972457776e-05,2301,1,7,1,weights_on_pim_prefill-1024xdecode_64_ops_trace.csv,9.429099972457776e-05,0.005940332982648399,0.0007223397943137153,-0.0052179931883346835,0.12159920940857294,0
decode,L7_AllReduce_FFN,ALLREDUCE,COMM,comm,COMM,15.065381655593056,15.065383682150978,2.026557922363281e-06,2302,1,7,-1,weights_on_pim_prefill-1024xdecode_64_ops_trace.csv,2.026557922363281e-06,0.0001276731491088867,0.0001276731491088867,0.0,1.0,0
decode,L7_Add2,Add,GPU0,npu,NAIVE,15.065388791400157,15.065395730807124,6.939406967276796e-06,2303,1,7,-1,weights_on_pim_prefill-1024xdecode_64_ops_trace.csv,6.939406967276796e-06,0.00043718263893843817,0.0010250665644593857,0.0005878839255209476,2.344710135215892,0
decode,L8_LN,LN,GPU0,npu,NAIVE,15.065395730807124,15.065431040411768,3.530960464459554e-05,2304,1,8,-1,weights_on_pim_prefill-1024xdecode_64_ops_trace.csv,3.530960464459554e-05,0.002224505092609519,0.0052158196364809045,0.0029913145438713856,2.3447101352158914,0
decode,L8_Q_s0,Q,PIM0,pim,NAIVE,15.06543600536969,15.065472383044009,3.637767431641237e-05,2305,1,8,0,weights_on_pim_prefill-1024xdecode_64_ops_trace.csv,3.637767431641237e-05,0.002291793481933979,0.00027868027553089244,-0.002013113206403087,0.12159920940857293,0
decode,L8_K_s0,K,PIM0,pim,NAIVE,15.065472383044009,15.065508760718323,3.637767431641237e-05,2306,1,8,0,weights_on_pim_prefill-1024xdecode_64_ops_trace.csv,3.637767431641237e-05,0.002291793481933979,0.00027868027553089244,-0.002013113206403087,0.12159920940857293,0
decode,L8_V_s0,V,PIM0,pim,NAIVE,15.065508760718323,15.06554513839264,3.637767431641237e-05,2307,1,8,0,weights_on_pim_prefill-1024xdecode_64_ops_trace.csv,3.637767431641237e-05,0.002291793481933979,0.00027868027553089244,-0.002013113206403087,0.12159920940857293,0
decode,L8_Q_s1,Q,PIM1,pim,NAIVE,15.06543600536969,15.065472383044009,3.637767431641237e-05,2308,1,8,1,weights_on_pim_prefill-1024xdecode_64_ops_trace.csv,3.637767431641237e-05,0.002291793481933979,0.0002786802755308924,-0.002013113206403087,0.12159920940857291,0
decode,L8_K_s1,K,PIM1,pim,NAIVE,15.065472383044009,15.065508760718323,3.637767431641237e-05,2309,1,8,1,weights_on_pim_prefill-1024xdecode_64_ops_trace.csv,3.637767431641237e-05,0.002291793481933979,0.0002786802755308924,-0.002013113206403087,0.12159920940857291,0
decode,L8_V_s1,V,PIM1,pim,NAIVE,15.065508760718323,15.06554513839264,3.637767431641237e-05,2310,1,8,1,weights_on_pim_prefill-1024xdecode_64_ops_trace.csv,3.637767431641237e-05,0.002291793481933979,0.0002786802755308924,-0.002013113206403087,0.12159920940857291,0
decode,L8_K_write_s0,K_write,PIM0,pim,NAIVE,15.06554513839264,15.06554516839264,3.000000070585429e-08,2311,1,8,0,weights_on_pim_prefill-1024xdecode_64_ops_trace.csv,3.000000070585429e-08,1.8900000444688203e-06,1.8900000444688203e-06,0.0,1.0,0
decode,L8_QK_s0,QK,GPU0,npu,NAIVE,15.066869297661183,15.06687206678939,2.769128204960225e-06,2312,1,8,0,weights_on_pim_prefill-1024xdecode_64_ops_trace.csv,2.769128204960225e-06,0.00017445507691249418,0.00040904658697659297,0.0002345915100640988,2.3447101352158914,0
decode,L8_V_write_s0,V_write,PIM0,pim,NAIVE,15.06555029339264,15.06555032339264,3.000000070585429e-08,2313,1,8,0,weights_on_pim_prefill-1024xdecode_64_ops_trace.csv,3.000000070585429e-08,1.8900000444688203e-06,1.8900000444688203e-06,0.0,1.0,0
decode,L8_K_write_s1,K_write,PIM1,pim,NAIVE,15.06554513839264,15.06554516839264,3.000000070585429e-08,2314,1,8,1,weights_on_pim_prefill-1024xdecode_64_ops_trace.csv,3.000000070585429e-08,1.8900000444688203e-06,1.8900000444688203e-06,0.0,1.0,0
decode,L8_QK_s1,QK,GPU0,npu,NAIVE,15.06687206678939,15.066874835917597,2.769128204960225e-06,2315,1,8,1,weights_on_pim_prefill-1024xdecode_64_ops_trace.csv,2.769128204960225e-06,0.00017445507691249418,0.00040904658697659297,0.0002345915100640988,2.3447101352158914,0
decode,L8_V_write_s1,V_write,PIM1,pim,NAIVE,15.06555029339264,15.06555032339264,3.000000070585429e-08,2316,1,8,1,weights_on_pim_prefill-1024xdecode_64_ops_trace.csv,3.000000070585429e-08,1.8900000444688203e-06,1.8900000444688203e-06,0.0,1.0,0
decode,L8_Softmax_s0,Softmax,GPU0,npu,NAIVE,15.066874835917597,15.066875074569005,2.386514097452164e-07,2317,1,8,0,weights_on_pim_prefill-1024xdecode_64_ops_trace.csv,2.386514097452164e-07,1.5035038813948635e-05,3.525280789042968e-05,2.0217769076481044e-05,2.3447101352158914,0
decode,L8_Softmax_s1,Softmax,GPU0,npu,NAIVE,15.066875074569005,15.066875313220416,2.386514097452164e-07,2318,1,8,1,weights_on_pim_prefill-1024xdecode_64_ops_trace.csv,2.386514097452164e-07,1.5035038813948635e-05,3.525280789042968e-05,2.0217769076481044e-05,2.3447101352158914,0
decode,L8_SV_s0,SV,GPU0,npu,NAIVE,15.06819920383755,15.068201972965754,2.769128204960225e-06,2319,1,8,0,weights_on_pim_prefill-1024xdecode_64_ops_trace.csv,2.769128204960225e-06,0.00017445507691249418,0.00040904658697659297,0.0002345915100640988,2.3447101352158914,0
decode,L8_SV_s1,SV,GPU0,npu,NAIVE,15.068201972965754,15.06820474209396,2.769128204960225e-06,2320,1,8,1,weights_on_pim_prefill-1024xdecode_64_ops_trace.csv,2.769128204960225e-06,0.00017445507691249418,0.00040904658697659297,0.0002345915100640988,2.3447101352158914,0
decode,L8_O_s0,O,PIM0,pim,NAIVE,15.068205105444717,15.06823855511903,3.344967431573309e-05,2321,1,8,0,weights_on_pim_prefill-1024xdecode_64_ops_trace.csv,3.344967431573309e-05,0.0021073294818911847,0.0002562495989613457,-0.001851079882929839,0.12159920940857294,0
decode,L8_O_s1,O,PIM1,pim,NAIVE,15.06820787457292,15.068241324247236,3.344967431573309e-05,2322,1,8,1,weights_on_pim_prefill-1024xdecode_64_ops_trace.csv,3.344967431573309e-05,0.0021073294818911847,0.00025624959896134564,-0.001851079882929839,0.12159920940857291,0
decode,L8_AllReduce_O,ALLREDUCE,COMM,comm,COMM,15.068241324247236,15.068243350805158,2.026557922363281e-06,2323,1,8,-1,weights_on_pim_prefill-1024xdecode_64_ops_trace.csv,2.026557922363281e-06,0.0001276731491088867,0.0001276731491088867,0.0,1.0,0
decode,L8_Add1,Add,GPU0,npu,NAIVE,15.068248460054336,15.068255399461304,6.939406967276796e-06,2324,1,8,-1,weights_on_pim_prefill-1024xdecode_64_ops_trace.csv,6.939406967276796e-06,0.00043718263893843817,0.0010250665644593857,0.0005878839255209476,2.344710135215892,0
decode,L8_LN2,LN,GPU0,npu,NAIVE,15.068255399461304,15.068290709065948,3.530960464459554e-05,2325,1,8,-1,weights_on_pim_prefill-1024xdecode_64_ops_trace.csv,3.530960464459554e-05,0.002224505092609519,0.0052158196364809045,0.0029913145438713856,2.3447101352158914,0
decode,L8_FFN_W1_s0,FFN_W1,PIM0,pim,NAIVE,15.06829567402387,15.068391901023595,9.622699972489102e-05,2326,1,8,0,weights_on_pim_prefill-1024xdecode_64_ops_trace.csv,9.622699972489102e-05,0.006062300982668134,0.0007371710066892599,-0.005325129975978874,0.12159920940857294,0
decode,L8_FFN_W3_s0,FFN_W3,PIM1,pim,NAIVE,15.06829567402387,15.068385405023596,8.973099972564569e-05,2327,1,8,0,weights_on_pim_prefill-1024xdecode_64_ops_trace.csv,8.973099972564569e-05,0.005653052982715678,0.0006874067734430015,-0.004965646209272677,0.12159920940857291,0
decode,L8_FFN_W1_s1,FFN_W1,PIM1,pim,NAIVE,15.068385405023596,15.06848163202332,9.622699972489102e-05,2328,1,8,1,weights_on_pim_prefill-1024xdecode_64_ops_trace.csv,9.622699972489102e-05,0.006062300982668134,0.0007371710066892598,-0.005325129975978874,0.12159920940857293,0
decode,L8_FFN_W3_s1,FFN_W3,PIM0,pim,NAIVE,15.068391901023595,15.06848163202332,8.973099972564569e-05,2329,1,8,1,weights_on_pim_prefill-1024xdecode_64_ops_trace.csv,8.973099972564569e-05,0.005653052982715678,0.0006874067734430016,-0.004965646209272677,0.12159920940857293,0
decode,L8_SwiGLU_s0,SwiGLU,GPU0,npu,NAIVE,15.068398140810803,15.068405360951417,7.220140611607917e-06,2330,1,8,0,weights_on_pim_prefill-1024xdecode_64_ops_trace.csv,7.220140611607917e-06,0.00045486885853129877,0.0010665356227924196,0.0006116667642611208,2.344710135215891,0
decode,L8_SwiGLU_s1,SwiGLU,GPU0,npu,NAIVE,15.068487871810529,15.06849509195114,7.220140611607917e-06,2331,1,8,1,weights_on_pim_prefill-1024xdecode_64_ops_trace.csv,7.220140611607917e-06,0.00045486885853129877,0.0010665356227924196,0.0006116667642611208,2.344710135215891,0
decode,L8_FFN_W2_s0,FFN_W2,PIM0,pim,NAIVE,15.06848163202332,15.068575923023046,9.429099972457776e-05,2332,1,8,0,weights_on_pim_prefill-1024xdecode_64_ops_trace.csv,9.429099972457776e-05,0.005940332982648399,0.0007223397943137153,-0.0052179931883346835,0.12159920940857294,0
decode,L8_FFN_W2_s1,FFN_W2,PIM1,pim,NAIVE,15.068501316738349,15.068595607738072,9.429099972457776e-05,2333,1,8,1,weights_on_pim_prefill-1024xdecode_64_ops_trace.csv,9.429099972457776e-05,0.005940332982648399,0.0007223397943137153,-0.0052179931883346835,0.12159920940857294,0
decode,L8_AllReduce_FFN,ALLREDUCE,COMM,comm,COMM,15.068595607738072,15.068597634295996,2.026557922363281e-06,2334,1,8,-1,weights_on_pim_prefill-1024xdecode_64_ops_trace.csv,2.026557922363281e-06,0.0001276731491088867,0.0001276731491088867,0.0,1.0,0
decode,L8_Add2,Add,GPU0,npu,NAIVE,15.068602743545174,15.06860968295214,6.939406967276796e-06,2335,1,8,-1,weights_on_pim_prefill-1024xdecode_64_ops_trace.csv,6.939406967276796e-06,0.00043718263893843817,0.0010250665644593857,0.0005878839255209476,2.344710135215892,0
decode,L9_LN,LN,GPU0,npu,NAIVE,15.06860968295214,15.068644992556786,3.530960464459554e-05,2336,1,9,-1,weights_on_pim_prefill-1024xdecode_64_ops_trace.csv,3.530960464459554e-05,0.002224505092609519,0.0052158196364809045,0.0029913145438713856,2.3447101352158914,0
decode,L9_Q_s0,Q,PIM0,pim,NAIVE,15.068649957514708,15.068686335189025,3.637767431641237e-05,2337,1,9,0,weights_on_pim_prefill-1024xdecode_64_ops_trace.csv,3.637767431641237e-05,0.002291793481933979,0.00027868027553089244,-0.002013113206403087,0.12159920940857293,0
decode,L9_K_s0,K,PIM0,pim,NAIVE,15.068686335189025,15.06872271286334,3.637767431641237e-05,2338,1,9,0,weights_on_pim_prefill-1024xdecode_64_ops_trace.csv,3.637767431641237e-05,0.002291793481933979,0.00027868027553089244,-0.002013113206403087,0.12159920940857293,0
decode,L9_V_s0,V,PIM0,pim,NAIVE,15.06872271286334,15.068759090537656,3.637767431641237e-05,2339,1,9,0,weights_on_pim_prefill-1024xdecode_64_ops_trace.csv,3.637767431641237e-05,0.002291793481933979,0.00027868027553089244,-0.002013113206403087,0.12159920940857293,0
decode,L9_Q_s1,Q,PIM1,pim,NAIVE,15.068649957514708,15.068686335189025,3.637767431641237e-05,2340,1,9,1,weights_on_pim_prefill-1024xdecode_64_ops_trace.csv,3.637767431641237e-05,0.002291793481933979,0.0002786802755308924,-0.002013113206403087,0.12159920940857291,0
decode,L9_K_s1,K,PIM1,pim,NAIVE,15.068686335189025,15.06872271286334,3.637767431641237e-05,2341,1,9,1,weights_on_pim_prefill-1024xdecode_64_ops_trace.csv,3.637767431641237e-05,0.002291793481933979,0.0002786802755308924,-0.002013113206403087,0.12159920940857291,0
decode,L9_V_s1,V,PIM1,pim,NAIVE,15.06872271286334,15.068759090537656,3.637767431641237e-05,2342,1,9,1,weights_on_pim_prefill-1024xdecode_64_ops_trace.csv,3.637767431641237e-05,0.002291793481933979,0.0002786802755308924,-0.002013113206403087,0.12159920940857291,0
decode,L9_K_write_s0,K_write,PIM0,pim,NAIVE,15.068759090537656,15.068759120537658,3.000000070585429e-08,2343,1,9,0,weights_on_pim_prefill-1024xdecode_64_ops_trace.csv,3.000000070585429e-08,1.8900000444688203e-06,1.8900000444688203e-06,0.0,1.0,0
decode,L9_QK_s0,QK,GPU0,npu,NAIVE,15.070083249806205,15.070086018934408,2.769128204960225e-06,2344,1,9,0,weights_on_pim_prefill-1024xdecode_64_ops_trace.csv,2.769128204960225e-06,0.00017445507691249418,0.00040904658697659297,0.0002345915100640988,2.3447101352158914,0
decode,L9_V_write_s0,V_write,PIM0,pim,NAIVE,15.068764245537658,15.068764275537658,3.000000070585429e-08,2345,1,9,0,weights_on_pim_prefill-1024xdecode_64_ops_trace.csv,3.000000070585429e-08,1.8900000444688203e-06,1.8900000444688203e-06,0.0,1.0,0
decode,L9_K_write_s1,K_write,PIM1,pim,NAIVE,15.068759090537656,15.068759120537658,3.000000070585429e-08,2346,1,9,1,weights_on_pim_prefill-1024xdecode_64_ops_trace.csv,3.000000070585429e-08,1.8900000444688203e-06,1.8900000444688203e-06,0.0,1.0,0
decode,L9_QK_s1,QK,GPU0,npu,NAIVE,15.070086018934408,15.070088788062613,2.769128204960225e-06,2347,1,9,1,weights_on_pim_prefill-1024xdecode_64_ops_trace.csv,2.769128204960225e-06,0.00017445507691249418,0.00040904658697659297,0.0002345915100640988,2.3447101352158914,0
decode,L9_V_write_s1,V_write,PIM1,pim,NAIVE,15.068764245537658,15.068764275537658,3.000000070585429e-08,2348,1,9,1,weights_on_pim_prefill-1024xdecode_64_ops_trace.csv,3.000000070585429e-08,1.8900000444688203e-06,1.8900000444688203e-06,0.0,1.0,0
decode,L9_Softmax_s0,Softmax,GPU0,npu,NAIVE,15.070088788062613,15.070089026714022,2.386514097452164e-07,2349,1,9,0,weights_on_pim_prefill-1024xdecode_64_ops_trace.csv,2.386514097452164e-07,1.5035038813948635e-05,3.525280789042968e-05,2.0217769076481044e-05,2.3447101352158914,0
decode,L9_Softmax_s1,Softmax,GPU0,npu,NAIVE,15.070089026714022,15.070089265365432,2.386514097452164e-07,2350,1,9,1,weights_on_pim_prefill-1024xdecode_64_ops_trace.csv,2.386514097452164e-07,1.5035038813948635e-05,3.525280789042968e-05,2.0217769076481044e-05,2.3447101352158914,0
decode,L9_SV_s0,SV,GPU0,npu,NAIVE,15.071413155982569,15.071415925110772,2.769128204960225e-06,2351,1,9,0,weights_on_pim_prefill-1024xdecode_64_ops_trace.csv,2.769128204960225e-06,0.00017445507691249418,0.00040904658697659297,0.0002345915100640988,2.3447101352158914,0
decode,L9_SV_s1,SV,GPU0,npu,NAIVE,15.071415925110772,15.071418694238975,2.769128204960225e-06,2352,1,9,1,weights_on_pim_prefill-1024xdecode_64_ops_trace.csv,2.769128204960225e-06,0.00017445507691249418,0.00040904658697659297,0.0002345915100640988,2.3447101352158914,0
decode,L9_O_s0,O,PIM0,pim,NAIVE,15.071419057589733,15.071452507264048,3.344967431573309e-05,2353,1,9,0,weights_on_pim_prefill-1024xdecode_64_ops_trace.csv,3.344967431573309e-05,0.0021073294818911847,0.0002562495989613457,-0.001851079882929839,0.12159920940857294,0
decode,L9_O_s1,O,PIM1,pim,NAIVE,15.071421826717938,15.071455276392252,3.344967431573309e-05,2354,1,9,1,weights_on_pim_prefill-1024xdecode_64_ops_trace.csv,3.344967431573309e-05,0.0021073294818911847,0.00025624959896134564,-0.001851079882929839,0.12159920940857291,0
decode,L9_AllReduce_O,ALLREDUCE,COMM,comm,COMM,15.071455276392252,15.071457302950176,2.026557922363281e-06,2355,1,9,-1,weights_on_pim_prefill-1024xdecode_64_ops_trace.csv,2.026557922363281e-06,0.0001276731491088867,0.0001276731491088867,0.0,1.0,0
decode,L9_Add1,Add,GPU0,npu,NAIVE,15.071462412199354,15.07146935160632,6.939406967276796e-06,2356,1,9,-1,weights_on_pim_prefill-1024xdecode_64_ops_trace.csv,6.939406967276796e-06,0.00043718263893843817,0.0010250665644593857,0.0005878839255209476,2.344710135215892,0
decode,L9_LN2,LN,GPU0,npu,NAIVE,15.07146935160632,15.071504661210966,3.530960464459554e-05,2357,1,9,-1,weights_on_pim_prefill-1024xdecode_64_ops_trace.csv,3.530960464459554e-05,0.002224505092609519,0.0052158196364809045,0.0029913145438713856,2.3447101352158914,0
decode,L9_FFN_W1_s0,FFN_W1,PIM0,pim,NAIVE,15.071509626168888,15.071605853168611,9.622699972489102e-05,2358,1,9,0,weights_on_pim_prefill-1024xdecode_64_ops_trace.csv,9.622699972489102e-05,0.006062300982668134,0.0007371710066892599,-0.005325129975978874,0.12159920940857294,0
decode,L9_FFN_W3_s0,FFN_W3,PIM1,pim,NAIVE,15.071509626168888,15.071599357168614,8.973099972564569e-05,2359,1,9,0,weights_on_pim_prefill-1024xdecode_64_ops_trace.csv,8.973099972564569e-05,0.005653052982715678,0.0006874067734430015,-0.004965646209272677,0.12159920940857291,0
decode,L9_FFN_W1_s1,FFN_W1,PIM1,pim,NAIVE,15.071599357168614,15.07169558416834,9.622699972489102e-05,2360,1,9,1,weights_on_pim_prefill-1024xdecode_64_ops_trace.csv,9.622699972489102e-05,0.006062300982668134,0.0007371710066892598,-0.005325129975978874,0.12159920940857293,0
decode,L9_FFN_W3_s1,FFN_W3,PIM0,pim,NAIVE,15.071605853168611,15.07169558416834,8.973099972564569e-05,2361,1,9,1,weights_on_pim_prefill-1024xdecode_64_ops_trace.csv,8.973099972564569e-05,0.005653052982715678,0.0006874067734430016,-0.004965646209272677,0.12159920940857293,0
decode,L9_SwiGLU_s0,SwiGLU,GPU0,npu,NAIVE,15.07161209295582,15.071619313096432,7.220140611607917e-06,2362,1,9,0,weights_on_pim_prefill-1024xdecode_64_ops_trace.csv,7.220140611607917e-06,0.00045486885853129877,0.0010665356227924196,0.0006116667642611208,2.344710135215891,0
decode,L9_SwiGLU_s1,SwiGLU,GPU0,npu,NAIVE,15.071701823955546,15.071709044096158,7.220140611607917e-06,2363,1,9,1,weights_on_pim_prefill-1024xdecode_64_ops_trace.csv,7.220140611607917e-06,0.00045486885853129877,0.0010665356227924196,0.0006116667642611208,2.344710135215891,0
decode,L9_FFN_W2_s0,FFN_W2,PIM0,pim,NAIVE,15.07169558416834,15.071789875168063,9.429099972457776e-05,2364,1,9,0,weights_on_pim_prefill-1024xdecode_64_ops_trace.csv,9.429099972457776e-05,0.005940332982648399,0.0007223397943137153,-0.0052179931883346835,0.12159920940857294,0
decode,L9_FFN_W2_s1,FFN_W2,PIM1,pim,NAIVE,15.071715268883366,15.071809559883093,9.429099972457776e-05,2365,1,9,1,weights_on_pim_prefill-1024xdecode_64_ops_trace.csv,9.429099972457776e-05,0.005940332982648399,0.0007223397943137153,-0.0052179931883346835,0.12159920940857294,0
decode,L9_AllReduce_FFN,ALLREDUCE,COMM,comm,COMM,15.071809559883093,15.071811586441012,2.026557922363281e-06,2366,1,9,-1,weights_on_pim_prefill-1024xdecode_64_ops_trace.csv,2.026557922363281e-06,0.0001276731491088867,0.0001276731491088867,0.0,1.0,0
decode,L9_Add2,Add,GPU0,npu,NAIVE,15.071816695690192,15.07182363509716,6.939406967276796e-06,2367,1,9,-1,weights_on_pim_prefill-1024xdecode_64_ops_trace.csv,6.939406967276796e-06,0.00043718263893843817,0.0010250665644593857,0.0005878839255209476,2.344710135215892,0
decode,L10_LN,LN,GPU0,npu,NAIVE,15.07182363509716,15.071858944701804,3.530960464459554e-05,2368,1,10,-1,weights_on_pim_prefill-1024xdecode_64_ops_trace.csv,3.530960464459554e-05,0.002224505092609519,0.0052158196364809045,0.0029913145438713856,2.3447101352158914,0
decode,L10_Q_s0,Q,PIM0,pim,NAIVE,15.071863909659726,15.071900287334042,3.637767431641237e-05,2369,1,10,0,weights_on_pim_prefill-1024xdecode_64_ops_trace.csv,3.637767431641237e-05,0.002291793481933979,0.00027868027553089244,-0.002013113206403087,0.12159920940857293,0
decode,L10_K_s0,K,PIM0,pim,NAIVE,15.071900287334042,15.07193666500836,3.637767431641237e-05,2370,1,10,0,weights_on_pim_prefill-1024xdecode_64_ops_trace.csv,3.637767431641237e-05,0.002291793481933979,0.00027868027553089244,-0.002013113206403087,0.12159920940857293,0
decode,L10_V_s0,V,PIM0,pim,NAIVE,15.07193666500836,15.071973042682677,3.637767431641237e-05,2371,1,10,0,weights_on_pim_prefill-1024xdecode_64_ops_trace.csv,3.637767431641237e-05,0.002291793481933979,0.00027868027553089244,-0.002013113206403087,0.12159920940857293,0
decode,L10_Q_s1,Q,PIM1,pim,NAIVE,15.071863909659726,15.071900287334042,3.637767431641237e-05,2372,1,10,1,weights_on_pim_prefill-1024xdecode_64_ops_trace.csv,3.637767431641237e-05,0.002291793481933979,0.0002786802755308924,-0.002013113206403087,0.12159920940857291,0
decode,L10_K_s1,K,PIM1,pim,NAIVE,15.071900287334042,15.07193666500836,3.637767431641237e-05,2373,1,10,1,weights_on_pim_prefill-1024xdecode_64_ops_trace.csv,3.637767431641237e-05,0.002291793481933979,0.0002786802755308924,-0.002013113206403087,0.12159920940857291,0
decode,L10_V_s1,V,PIM1,pim,NAIVE,15.07193666500836,15.071973042682677,3.637767431641237e-05,2374,1,10,1,weights_on_pim_prefill-1024xdecode_64_ops_trace.csv,3.637767431641237e-05,0.002291793481933979,0.0002786802755308924,-0.002013113206403087,0.12159920940857291,0
decode,L10_K_write_s0,K_write,PIM0,pim,NAIVE,15.071973042682677,15.071973072682676,3.000000070585429e-08,2375,1,10,0,weights_on_pim_prefill-1024xdecode_64_ops_trace.csv,3.000000070585429e-08,1.8900000444688203e-06,1.8900000444688203e-06,0.0,1.0,0
decode,L10_QK_s0,QK,GPU0,npu,NAIVE,15.07329720195122,15.073299971079424,2.769128204960225e-06,2376,1,10,0,weights_on_pim_prefill-1024xdecode_64_ops_trace.csv,2.769128204960225e-06,0.00017445507691249418,0.00040904658697659297,0.0002345915100640988,2.3447101352158914,0
decode,L10_V_write_s0,V_write,PIM0,pim,NAIVE,15.071978197682675,15.071978227682676,3.000000070585429e-08,2377,1,10,0,weights_on_pim_prefill-1024xdecode_64_ops_trace.csv,3.000000070585429e-08,1.8900000444688203e-06,1.8900000444688203e-06,0.0,1.0,0
decode,L10_K_write_s1,K_write,PIM1,pim,NAIVE,15.071973042682677,15.071973072682676,3.000000070585429e-08,2378,1,10,1,weights_on_pim_prefill-1024xdecode_64_ops_trace.csv,3.000000070585429e-08,1.8900000444688203e-06,1.8900000444688203e-06,0.0,1.0,0
decode,L10_QK_s1,QK,GPU0,npu,NAIVE,15.073299971079424,15.07330274020763,2.769128204960225e-06,2379,1,10,1,weights_on_pim_prefill-1024xdecode_64_ops_trace.csv,2.769128204960225e-06,0.00017445507691249418,0.00040904658697659297,0.0002345915100640988,2.3447101352158914,0
decode,L10_V_write_s1,V_write,PIM1,pim,NAIVE,15.071978197682675,15.071978227682676,3.000000070585429e-08,2380,1,10,1,weights_on_pim_prefill-1024xdecode_64_ops_trace.csv,3.000000070585429e-08,1.8900000444688203e-06,1.8900000444688203e-06,0.0,1.0,0
decode,L10_Softmax_s0,Softmax,GPU0,npu,NAIVE,15.07330274020763,15.07330297885904,2.386514097452164e-07,2381,1,10,0,weights_on_pim_prefill-1024xdecode_64_ops_trace.csv,2.386514097452164e-07,1.5035038813948635e-05,3.525280789042968e-05,2.0217769076481044e-05,2.3447101352158914,0
decode,L10_Softmax_s1,Softmax,GPU0,npu,NAIVE,15.07330297885904,15.07330321751045,2.386514097452164e-07,2382,1,10,1,weights_on_pim_prefill-1024xdecode_64_ops_trace.csv,2.386514097452164e-07,1.5035038813948635e-05,3.525280789042968e-05,2.0217769076481044e-05,2.3447101352158914,0
decode,L10_SV_s0,SV,GPU0,npu,NAIVE,15.074627108127585,15.07462987725579,2.769128204960225e-06,2383,1,10,0,weights_on_pim_prefill-1024xdecode_64_ops_trace.csv,2.769128204960225e-06,0.00017445507691249418,0.00040904658697659297,0.0002345915100640988,2.3447101352158914,0
decode,L10_SV_s1,SV,GPU0,npu,NAIVE,15.07462987725579,15.074632646383996,2.769128204960225e-06,2384,1,10,1,weights_on_pim_prefill-1024xdecode_64_ops_trace.csv,2.769128204960225e-06,0.00017445507691249418,0.00040904658697659297,0.0002345915100640988,2.3447101352158914,0
decode,L10_O_s0,O,PIM0,pim,NAIVE,15.07463300973475,15.074666459409066,3.344967431573309e-05,2385,1,10,0,weights_on_pim_prefill-1024xdecode_64_ops_trace.csv,3.344967431573309e-05,0.0021073294818911847,0.0002562495989613457,-0.001851079882929839,0.12159920940857294,0
decode,L10_O_s1,O,PIM1,pim,NAIVE,15.074635778862955,15.074669228537273,3.344967431573309e-05,2386,1,10,1,weights_on_pim_prefill-1024xdecode_64_ops_trace.csv,3.344967431573309e-05,0.0021073294818911847,0.00025624959896134564,-0.001851079882929839,0.12159920940857291,0
decode,L10_AllReduce_O,ALLREDUCE,COMM,comm,COMM,15.074669228537273,15.074671255095192,2.026557922363281e-06,2387,1,10,-1,weights_on_pim_prefill-1024xdecode_64_ops_trace.csv,2.026557922363281e-06,0.0001276731491088867,0.0001276731491088867,0.0,1.0,0
decode,L10_Add1,Add,GPU0,npu,NAIVE,15.074676364344372,15.07468330375134,6.939406967276796e-06,2388,1,10,-1,weights_on_pim_prefill-1024xdecode_64_ops_trace.csv,6.939406967276796e-06,0.00043718263893843817,0.0010250665644593857,0.0005878839255209476,2.344710135215892,0
decode,L10_LN2,LN,GPU0,npu,NAIVE,15.07468330375134,15.074718613355984,3.530960464459554e-05,2389,1,10,-1,weights_on_pim_prefill-1024xdecode_64_ops_trace.csv,3.530960464459554e-05,0.002224505092609519,0.0052158196364809045,0.0029913145438713856,2.3447101352158914,0
decode,L10_FFN_W1_s0,FFN_W1,PIM0,pim,NAIVE,15.074723578313906,15.07481980531363,9.622699972489102e-05,2390,1,10,0,weights_on_pim_prefill-1024xdecode_64_ops_trace.csv,9.622699972489102e-05,0.006062300982668134,0.0007371710066892599,-0.005325129975978874,0.12159920940857294,0
decode,L10_FFN_W3_s0,FFN_W3,PIM1,pim,NAIVE,15.074723578313906,15.074813309313631,8.973099972564569e-05,2391,1,10,0,weights_on_pim_prefill-1024xdecode_64_ops_trace.csv,8.973099972564569e-05,0.005653052982715678,0.0006874067734430015,-0.004965646209272677,0.12159920940857291,0
decode,L10_FFN_W1_s1,FFN_W1,PIM1,pim,NAIVE,15.074813309313631,15.074909536313356,9.622699972489102e-05,2392,1,10,1,weights_on_pim_prefill-1024xdecode_64_ops_trace.csv,9.622699972489102e-05,0.006062300982668134,0.0007371710066892598,-0.005325129975978874,0.12159920940857293,0
decode,L10_FFN_W3_s1,FFN_W3,PIM0,pim,NAIVE,15.07481980531363,15.074909536313356,8.973099972564569e-05,2393,1,10,1,weights_on_pim_prefill-1024xdecode_64_ops_trace.csv,8.973099972564569e-05,0.005653052982715678,0.0006874067734430016,-0.004965646209272677,0.12159920940857293,0
decode,L10_SwiGLU_s0,SwiGLU,GPU0,npu,NAIVE,15.074826045100838,15.07483326524145,7.220140611607917e-06,2394,1,10,0,weights_on_pim_prefill-1024xdecode_64_ops_trace.csv,7.220140611607917e-06,0.00045486885853129877,0.0010665356227924196,0.0006116667642611208,2.344710135215891,0
decode,L10_SwiGLU_s1,SwiGLU,GPU0,npu,NAIVE,15.074915776100564,15.074922996241176,7.220140611607917e-06,2395,1,10,1,weights_on_pim_prefill-1024xdecode_64_ops_trace.csv,7.220140611607917e-06,0.00045486885853129877,0.0010665356227924196,0.0006116667642611208,2.344710135215891,0
decode,L10_FFN_W2_s0,FFN_W2,PIM0,pim,NAIVE,15.074909536313356,15.07500382731308,9.429099972457776e-05,2396,1,10,0,weights_on_pim_prefill-1024xdecode_64_ops_trace.csv,9.429099972457776e-05,0.005940332982648399,0.0007223397943137153,-0.0052179931883346835,0.12159920940857294,0
decode,L10_FFN_W2_s1,FFN_W2,PIM1,pim,NAIVE,15.074929221028384,15.075023512028109,9.429099972457776e-05,2397,1,10,1,weights_on_pim_prefill-1024xdecode_64_ops_trace.csv,9.429099972457776e-05,0.005940332982648399,0.0007223397943137153,-0.0052179931883346835,0.12159920940857294,0
decode,L10_AllReduce_FFN,ALLREDUCE,COMM,comm,COMM,15.075023512028109,15.075025538586033,2.026557922363281e-06,2398,1,10,-1,weights_on_pim_prefill-1024xdecode_64_ops_trace.csv,2.026557922363281e-06,0.0001276731491088867,0.0001276731491088867,0.0,1.0,0
decode,L10_Add2,Add,GPU0,npu,NAIVE,15.07503064783521,15.075037587242177,6.939406967276796e-06,2399,1,10,-1,weights_on_pim_prefill-1024xdecode_64_ops_trace.csv,6.939406967276796e-06,0.00043718263893843817,0.0010250665644593857,0.0005878839255209476,2.344710135215892,0
decode,L11_LN,LN,GPU0,npu,NAIVE,15.075037587242177,15.07507289684682,3.530960464459554e-05,2400,1,11,-1,weights_on_pim_prefill-1024xdecode_64_ops_trace.csv,3.530960464459554e-05,0.002224505092609519,0.0052158196364809045,0.0029913145438713856,2.3447101352158914,0
decode,L11_Q_s0,Q,PIM0,pim,NAIVE,15.075077861804743,15.07511423947906,3.637767431641237e-05,2401,1,11,0,weights_on_pim_prefill-1024xdecode_64_ops_trace.csv,3.637767431641237e-05,0.002291793481933979,0.00027868027553089244,-0.002013113206403087,0.12159920940857293,0
decode,L11_K_s0,K,PIM0,pim,NAIVE,15.07511423947906,15.075150617153376,3.637767431641237e-05,2402,1,11,0,weights_on_pim_prefill-1024xdecode_64_ops_trace.csv,3.637767431641237e-05,0.002291793481933979,0.00027868027553089244,-0.002013113206403087,0.12159920940857293,0
decode,L11_V_s0,V,PIM0,pim,NAIVE,15.075150617153376,15.075186994827693,3.637767431641237e-05,2403,1,11,0,weights_on_pim_prefill-1024xdecode_64_ops_trace.csv,3.637767431641237e-05,0.002291793481933979,0.00027868027553089244,-0.002013113206403087,0.12159920940857293,0
decode,L11_Q_s1,Q,PIM1,pim,NAIVE,15.075077861804743,15.07511423947906,3.637767431641237e-05,2404,1,11,1,weights_on_pim_prefill-1024xdecode_64_ops_trace.csv,3.637767431641237e-05,0.002291793481933979,0.0002786802755308924,-0.002013113206403087,0.12159920940857291,0
decode,L11_K_s1,K,PIM1,pim,NAIVE,15.07511423947906,15.075150617153376,3.637767431641237e-05,2405,1,11,1,weights_on_pim_prefill-1024xdecode_64_ops_trace.csv,3.637767431641237e-05,0.002291793481933979,0.0002786802755308924,-0.002013113206403087,0.12159920940857291,0
decode,L11_V_s1,V,PIM1,pim,NAIVE,15.075150617153376,15.075186994827693,3.637767431641237e-05,2406,1,11,1,weights_on_pim_prefill-1024xdecode_64_ops_trace.csv,3.637767431641237e-05,0.002291793481933979,0.0002786802755308924,-0.002013113206403087,0.12159920940857291,0
decode,L11_K_write_s0,K_write,PIM0,pim,NAIVE,15.075186994827693,15.075187024827692,3.000000070585429e-08,2407,1,11,0,weights_on_pim_prefill-1024xdecode_64_ops_trace.csv,3.000000070585429e-08,1.8900000444688203e-06,1.8900000444688203e-06,0.0,1.0,0
decode,L11_QK_s0,QK,GPU0,npu,NAIVE,15.076511154096238,15.076513923224445,2.769128204960225e-06,2408,1,11,0,weights_on_pim_prefill-1024xdecode_64_ops_trace.csv,2.769128204960225e-06,0.00017445507691249418,0.00040904658697659297,0.0002345915100640988,2.3447101352158914,0
decode,L11_V_write_s0,V_write,PIM0,pim,NAIVE,15.075192149827693,15.075192179827694,3.000000070585429e-08,2409,1,11,0,weights_on_pim_prefill-1024xdecode_64_ops_trace.csv,3.000000070585429e-08,1.8900000444688203e-06,1.8900000444688203e-06,0.0,1.0,0
decode,L11_K_write_s1,K_write,PIM1,pim,NAIVE,15.075186994827693,15.075187024827692,3.000000070585429e-08,2410,1,11,1,weights_on_pim_prefill-1024xdecode_64_ops_trace.csv,3.000000070585429e-08,1.8900000444688203e-06,1.8900000444688203e-06,0.0,1.0,0
decode,L11_QK_s1,QK,GPU0,npu,NAIVE,15.076513923224445,15.076516692352648,2.769128204960225e-06,2411,1,11,1,weights_on_pim_prefill-1024xdecode_64_ops_trace.csv,2.769128204960225e-06,0.00017445507691249418,0.00040904658697659297,0.0002345915100640988,2.3447101352158914,0
decode,L11_V_write_s1,V_write,PIM1,pim,NAIVE,15.075192149827693,15.075192179827694,3.000000070585429e-08,2412,1,11,1,weights_on_pim_prefill-1024xdecode_64_ops_trace.csv,3.000000070585429e-08,1.8900000444688203e-06,1.8900000444688203e-06,0.0,1.0,0
decode,L11_Softmax_s0,Softmax,GPU0,npu,NAIVE,15.076516692352648,15.076516931004058,2.386514097452164e-07,2413,1,11,0,weights_on_pim_prefill-1024xdecode_64_ops_trace.csv,2.386514097452164e-07,1.5035038813948635e-05,3.525280789042968e-05,2.0217769076481044e-05,2.3447101352158914,0
decode,L11_Softmax_s1,Softmax,GPU0,npu,NAIVE,15.076516931004058,15.076517169655467,2.386514097452164e-07,2414,1,11,1,weights_on_pim_prefill-1024xdecode_64_ops_trace.csv,2.386514097452164e-07,1.5035038813948635e-05,3.525280789042968e-05,2.0217769076481044e-05,2.3447101352158914,0
decode,L11_SV_s0,SV,GPU0,npu,NAIVE,15.077841060272602,15.077843829400807,2.769128204960225e-06,2415,1,11,0,weights_on_pim_prefill-1024xdecode_64_ops_trace.csv,2.769128204960225e-06,0.00017445507691249418,0.00040904658697659297,0.0002345915100640988,2.3447101352158914,0
decode,L11_SV_s1,SV,GPU0,npu,NAIVE,15.077843829400807,15.077846598529012,2.769128204960225e-06,2416,1,11,1,weights_on_pim_prefill-1024xdecode_64_ops_trace.csv,2.769128204960225e-06,0.00017445507691249418,0.00040904658697659297,0.0002345915100640988,2.3447101352158914,0
decode,L11_O_s0,O,PIM0,pim,NAIVE,15.077846961879768,15.077880411554084,3.344967431573309e-05,2417,1,11,0,weights_on_pim_prefill-1024xdecode_64_ops_trace.csv,3.344967431573309e-05,0.0021073294818911847,0.0002562495989613457,-0.001851079882929839,0.12159920940857294,0
decode,L11_O_s1,O,PIM1,pim,NAIVE,15.077849731007973,15.077883180682289,3.344967431573309e-05,2418,1,11,1,weights_on_pim_prefill-1024xdecode_64_ops_trace.csv,3.344967431573309e-05,0.0021073294818911847,0.00025624959896134564,-0.001851079882929839,0.12159920940857291,0
decode,L11_AllReduce_O,ALLREDUCE,COMM,comm,COMM,15.077883180682289,15.077885207240213,2.026557922363281e-06,2419,1,11,-1,weights_on_pim_prefill-1024xdecode_64_ops_trace.csv,2.026557922363281e-06,0.0001276731491088867,0.0001276731491088867,0.0,1.0,0
decode,L11_Add1,Add,GPU0,npu,NAIVE,15.07789031648939,15.077897255896357,6.939406967276796e-06,2420,1,11,-1,weights_on_pim_prefill-1024xdecode_64_ops_trace.csv,6.939406967276796e-06,0.00043718263893843817,0.0010250665644593857,0.0005878839255209476,2.344710135215892,0
decode,L11_LN2,LN,GPU0,npu,NAIVE,15.077897255896357,15.077932565501,3.530960464459554e-05,2421,1,11,-1,weights_on_pim_prefill-1024xdecode_64_ops_trace.csv,3.530960464459554e-05,0.002224505092609519,0.0052158196364809045,0.0029913145438713856,2.3447101352158914,0
decode,L11_FFN_W1_s0,FFN_W1,PIM0,pim,NAIVE,15.077937530458923,15.078033757458648,9.622699972489102e-05,2422,1,11,0,weights_on_pim_prefill-1024xdecode_64_ops_trace.csv,9.622699972489102e-05,0.006062300982668134,0.0007371710066892599,-0.005325129975978874,0.12159920940857294,0
decode,L11_FFN_W3_s0,FFN_W3,PIM1,pim,NAIVE,15.077937530458923,15.078027261458647,8.973099972564569e-05,2423,1,11,0,weights_on_pim_prefill-1024xdecode_64_ops_trace.csv,8.973099972564569e-05,0.005653052982715678,0.0006874067734430015,-0.004965646209272677,0.12159920940857291,0
decode,L11_FFN_W1_s1,FFN_W1,PIM1,pim,NAIVE,15.078027261458647,15.078123488458374,9.622699972489102e-05,2424,1,11,1,weights_on_pim_prefill-1024xdecode_64_ops_trace.csv,9.622699972489102e-05,0.006062300982668134,0.0007371710066892598,-0.005325129975978874,0.12159920940857293,0
decode,L11_FFN_W3_s1,FFN_W3,PIM0,pim,NAIVE,15.078033757458648,15.078123488458374,8.973099972564569e-05,2425,1,11,1,weights_on_pim_prefill-1024xdecode_64_ops_trace.csv,8.973099972564569e-05,0.005653052982715678,0.0006874067734430016,-0.004965646209272677,0.12159920940857293,0
decode,L11_SwiGLU_s0,SwiGLU,GPU0,npu,NAIVE,15.078039997245856,15.078047217386468,7.220140611607917e-06,2426,1,11,0,weights_on_pim_prefill-1024xdecode_64_ops_trace.csv,7.220140611607917e-06,0.00045486885853129877,0.0010665356227924196,0.0006116667642611208,2.344710135215891,0
decode,L11_SwiGLU_s1,SwiGLU,GPU0,npu,NAIVE,15.078129728245582,15.078136948386192,7.220140611607917e-06,2427,1,11,1,weights_on_pim_prefill-1024xdecode_64_ops_trace.csv,7.220140611607917e-06,0.00045486885853129877,0.0010665356227924196,0.0006116667642611208,2.344710135215891,0
decode,L11_FFN_W2_s0,FFN_W2,PIM0,pim,NAIVE,15.078123488458374,15.078217779458098,9.429099972457776e-05,2428,1,11,0,weights_on_pim_prefill-1024xdecode_64_ops_trace.csv,9.429099972457776e-05,0.005940332982648399,0.0007223397943137153,-0.0052179931883346835,0.12159920940857294,0
decode,L11_FFN_W2_s1,FFN_W2,PIM1,pim,NAIVE,15.078143173173402,15.078237464173126,9.429099972457776e-05,2429,1,11,1,weights_on_pim_prefill-1024xdecode_64_ops_trace.csv,9.429099972457776e-05,0.005940332982648399,0.0007223397943137153,-0.0052179931883346835,0.12159920940857294,0
decode,L11_AllReduce_FFN,ALLREDUCE,COMM,comm,COMM,15.078237464173126,15.078239490731049,2.026557922363281e-06,2430,1,11,-1,weights_on_pim_prefill-1024xdecode_64_ops_trace.csv,2.026557922363281e-06,0.0001276731491088867,0.0001276731491088867,0.0,1.0,0
decode,L11_Add2,Add,GPU0,npu,NAIVE,15.078244599980229,15.078251539387194,6.939406967276796e-06,2431,1,11,-1,weights_on_pim_prefill-1024xdecode_64_ops_trace.csv,6.939406967276796e-06,0.00043718263893843817,0.0010250665644593857,0.0005878839255209476,2.344710135215892,0
decode,L12_LN,LN,GPU0,npu,NAIVE,15.078251539387194,15.07828684899184,3.530960464459554e-05,2432,1,12,-1,weights_on_pim_prefill-1024xdecode_64_ops_trace.csv,3.530960464459554e-05,0.002224505092609519,0.0052158196364809045,0.0029913145438713856,2.3447101352158914,0
decode,L12_Q_s0,Q,PIM0,pim,NAIVE,15.07829181394976,15.078328191624076,3.637767431641237e-05,2433,1,12,0,weights_on_pim_prefill-1024xdecode_64_ops_trace.csv,3.637767431641237e-05,0.002291793481933979,0.00027868027553089244,-0.002013113206403087,0.12159920940857293,0
decode,L12_K_s0,K,PIM0,pim,NAIVE,15.078328191624076,15.078364569298394,3.637767431641237e-05,2434,1,12,0,weights_on_pim_prefill-1024xdecode_64_ops_trace.csv,3.637767431641237e-05,0.002291793481933979,0.00027868027553089244,-0.002013113206403087,0.12159920940857293,0
decode,L12_V_s0,V,PIM0,pim,NAIVE,15.078364569298394,15.07840094697271,3.637767431641237e-05,2435,1,12,0,weights_on_pim_prefill-1024xdecode_64_ops_trace.csv,3.637767431641237e-05,0.002291793481933979,0.00027868027553089244,-0.002013113206403087,0.12159920940857293,0
decode,L12_Q_s1,Q,PIM1,pim,NAIVE,15.07829181394976,15.078328191624076,3.637767431641237e-05,2436,1,12,1,weights_on_pim_prefill-1024xdecode_64_ops_trace.csv,3.637767431641237e-05,0.002291793481933979,0.0002786802755308924,-0.002013113206403087,0.12159920940857291,0
decode,L12_K_s1,K,PIM1,pim,NAIVE,15.078328191624076,15.078364569298394,3.637767431641237e-05,2437,1,12,1,weights_on_pim_prefill-1024xdecode_64_ops_trace.csv,3.637767431641237e-05,0.002291793481933979,0.0002786802755308924,-0.002013113206403087,0.12159920940857291,0
decode,L12_V_s1,V,PIM1,pim,NAIVE,15.078364569298394,15.07840094697271,3.637767431641237e-05,2438,1,12,1,weights_on_pim_prefill-1024xdecode_64_ops_trace.csv,3.637767431641237e-05,0.002291793481933979,0.0002786802755308924,-0.002013113206403087,0.12159920940857291,0
decode,L12_K_write_s0,K_write,PIM0,pim,NAIVE,15.07840094697271,15.078400976972713,3.000000070585429e-08,2439,1,12,0,weights_on_pim_prefill-1024xdecode_64_ops_trace.csv,3.000000070585429e-08,1.8900000444688203e-06,1.8900000444688203e-06,0.0,1.0,0
decode,L12_QK_s0,QK,GPU0,npu,NAIVE,15.079725106241256,15.07972787536946,2.769128204960225e-06,2440,1,12,0,weights_on_pim_prefill-1024xdecode_64_ops_trace.csv,2.769128204960225e-06,0.00017445507691249418,0.00040904658697659297,0.0002345915100640988,2.3447101352158914,0
decode,L12_V_write_s0,V_write,PIM0,pim,NAIVE,15.07840610197271,15.078406131972711,3.000000070585429e-08,2441,1,12,0,weights_on_pim_prefill-1024xdecode_64_ops_trace.csv,3.000000070585429e-08,1.8900000444688203e-06,1.8900000444688203e-06,0.0,1.0,0
decode,L12_K_write_s1,K_write,PIM1,pim,NAIVE,15.07840094697271,15.078400976972713,3.000000070585429e-08,2442,1,12,1,weights_on_pim_prefill-1024xdecode_64_ops_trace.csv,3.000000070585429e-08,1.8900000444688203e-06,1.8900000444688203e-06,0.0,1.0,0
decode,L12_QK_s1,QK,GPU0,npu,NAIVE,15.07972787536946,15.079730644497666,2.769128204960225e-06,2443,1,12,1,weights_on_pim_prefill-1024xdecode_64_ops_trace.csv,2.769128204960225e-06,0.00017445507691249418,0.00040904658697659297,0.0002345915100640988,2.3447101352158914,0
decode,L12_V_write_s1,V_write,PIM1,pim,NAIVE,15.07840610197271,15.078406131972711,3.000000070585429e-08,2444,1,12,1,weights_on_pim_prefill-1024xdecode_64_ops_trace.csv,3.000000070585429e-08,1.8900000444688203e-06,1.8900000444688203e-06,0.0,1.0,0
decode,L12_Softmax_s0,Softmax,GPU0,npu,NAIVE,15.079730644497666,15.079730883149075,2.386514097452164e-07,2445,1,12,0,weights_on_pim_prefill-1024xdecode_64_ops_trace.csv,2.386514097452164e-07,1.5035038813948635e-05,3.525280789042968e-05,2.0217769076481044e-05,2.3447101352158914,0
decode,L12_Softmax_s1,Softmax,GPU0,npu,NAIVE,15.079730883149075,15.079731121800483,2.386514097452164e-07,2446,1,12,1,weights_on_pim_prefill-1024xdecode_64_ops_trace.csv,2.386514097452164e-07,1.5035038813948635e-05,3.525280789042968e-05,2.0217769076481044e-05,2.3447101352158914,0
decode,L12_SV_s0,SV,GPU0,npu,NAIVE,15.08105501241762,15.081057781545825,2.769128204960225e-06,2447,1,12,0,weights_on_pim_prefill-1024xdecode_64_ops_trace.csv,2.769128204960225e-06,0.00017445507691249418,0.00040904658697659297,0.0002345915100640988,2.3447101352158914,0
decode,L12_SV_s1,SV,GPU0,npu,NAIVE,15.081057781545825,15.08106055067403,2.769128204960225e-06,2448,1,12,1,weights_on_pim_prefill-1024xdecode_64_ops_trace.csv,2.769128204960225e-06,0.00017445507691249418,0.00040904658697659297,0.0002345915100640988,2.3447101352158914,0
decode,L12_O_s0,O,PIM0,pim,NAIVE,15.081060914024786,15.0810943636991,3.344967431573309e-05,2449,1,12,0,weights_on_pim_prefill-1024xdecode_64_ops_trace.csv,3.344967431573309e-05,0.0021073294818911847,0.0002562495989613457,-0.001851079882929839,0.12159920940857294,0
decode,L12_O_s1,O,PIM1,pim,NAIVE,15.08106368315299,15.081097132827306,3.344967431573309e-05,2450,1,12,1,weights_on_pim_prefill-1024xdecode_64_ops_trace.csv,3.344967431573309e-05,0.0021073294818911847,0.00025624959896134564,-0.001851079882929839,0.12159920940857291,0
decode,L12_AllReduce_O,ALLREDUCE,COMM,comm,COMM,15.081097132827306,15.081099159385229,2.026557922363281e-06,2451,1,12,-1,weights_on_pim_prefill-1024xdecode_64_ops_trace.csv,2.026557922363281e-06,0.0001276731491088867,0.0001276731491088867,0.0,1.0,0
decode,L12_Add1,Add,GPU0,npu,NAIVE,15.081104268634409,15.081111208041374,6.939406967276796e-06,2452,1,12,-1,weights_on_pim_prefill-1024xdecode_64_ops_trace.csv,6.939406967276796e-06,0.00043718263893843817,0.0010250665644593857,0.0005878839255209476,2.344710135215892,0
decode,L12_LN2,LN,GPU0,npu,NAIVE,15.081111208041374,15.08114651764602,3.530960464459554e-05,2453,1,12,-1,weights_on_pim_prefill-1024xdecode_64_ops_trace.csv,3.530960464459554e-05,0.002224505092609519,0.0052158196364809045,0.0029913145438713856,2.3447101352158914,0
decode,L12_FFN_W1_s0,FFN_W1,PIM0,pim,NAIVE,15.08115148260394,15.081247709603666,9.622699972489102e-05,2454,1,12,0,weights_on_pim_prefill-1024xdecode_64_ops_trace.csv,9.622699972489102e-05,0.006062300982668134,0.0007371710066892599,-0.005325129975978874,0.12159920940857294,0
decode,L12_FFN_W3_s0,FFN_W3,PIM1,pim,NAIVE,15.08115148260394,15.081241213603668,8.973099972564569e-05,2455,1,12,0,weights_on_pim_prefill-1024xdecode_64_ops_trace.csv,8.973099972564569e-05,0.005653052982715678,0.0006874067734430015,-0.004965646209272677,0.12159920940857291,0
decode,L12_FFN_W1_s1,FFN_W1,PIM1,pim,NAIVE,15.081241213603668,15.081337440603392,9.622699972489102e-05,2456,1,12,1,weights_on_pim_prefill-1024xdecode_64_ops_trace.csv,9.622699972489102e-05,0.006062300982668134,0.0007371710066892598,-0.005325129975978874,0.12159920940857293,0
decode,L12_FFN_W3_s1,FFN_W3,PIM0,pim,NAIVE,15.081247709603666,15.081337440603392,8.973099972564569e-05,2457,1,12,1,weights_on_pim_prefill-1024xdecode_64_ops_trace.csv,8.973099972564569e-05,0.005653052982715678,0.0006874067734430016,-0.004965646209272677,0.12159920940857293,0
decode,L12_SwiGLU_s0,SwiGLU,GPU0,npu,NAIVE,15.081253949390874,15.081261169531484,7.220140611607917e-06,2458,1,12,0,weights_on_pim_prefill-1024xdecode_64_ops_trace.csv,7.220140611607917e-06,0.00045486885853129877,0.0010665356227924196,0.0006116667642611208,2.344710135215891,0
decode,L12_SwiGLU_s1,SwiGLU,GPU0,npu,NAIVE,15.0813436803906,15.081350900531213,7.220140611607917e-06,2459,1,12,1,weights_on_pim_prefill-1024xdecode_64_ops_trace.csv,7.220140611607917e-06,0.00045486885853129877,0.0010665356227924196,0.0006116667642611208,2.344710135215891,0
decode,L12_FFN_W2_s0,FFN_W2,PIM0,pim,NAIVE,15.081337440603392,15.081431731603116,9.429099972457776e-05,2460,1,12,0,weights_on_pim_prefill-1024xdecode_64_ops_trace.csv,9.429099972457776e-05,0.005940332982648399,0.0007223397943137153,-0.0052179931883346835,0.12159920940857294,0
decode,L12_FFN_W2_s1,FFN_W2,PIM1,pim,NAIVE,15.08135712531842,15.081451416318144,9.429099972457776e-05,2461,1,12,1,weights_on_pim_prefill-1024xdecode_64_ops_trace.csv,9.429099972457776e-05,0.005940332982648399,0.0007223397943137153,-0.0052179931883346835,0.12159920940857294,0
decode,L12_AllReduce_FFN,ALLREDUCE,COMM,comm,COMM,15.081451416318144,15.081453442876066,2.026557922363281e-06,2462,1,12,-1,weights_on_pim_prefill-1024xdecode_64_ops_trace.csv,2.026557922363281e-06,0.0001276731491088867,0.0001276731491088867,0.0,1.0,0
decode,L12_Add2,Add,GPU0,npu,NAIVE,15.081458552125245,15.081465491532212,6.939406967276796e-06,2463,1,12,-1,weights_on_pim_prefill-1024xdecode_64_ops_trace.csv,6.939406967276796e-06,0.00043718263893843817,0.0010250665644593857,0.0005878839255209476,2.344710135215892,0
decode,L13_LN,LN,GPU0,npu,NAIVE,15.081465491532212,15.081500801136857,3.530960464459554e-05,2464,1,13,-1,weights_on_pim_prefill-1024xdecode_64_ops_trace.csv,3.530960464459554e-05,0.002224505092609519,0.0052158196364809045,0.0029913145438713856,2.3447101352158914,0
decode,L13_Q_s0,Q,PIM0,pim,NAIVE,15.08150576609478,15.081542143769097,3.637767431641237e-05,2465,1,13,0,weights_on_pim_prefill-1024xdecode_64_ops_trace.csv,3.637767431641237e-05,0.002291793481933979,0.00027868027553089244,-0.002013113206403087,0.12159920940857293,0
decode,L13_K_s0,K,PIM0,pim,NAIVE,15.081542143769097,15.081578521443411,3.637767431641237e-05,2466,1,13,0,weights_on_pim_prefill-1024xdecode_64_ops_trace.csv,3.637767431641237e-05,0.002291793481933979,0.00027868027553089244,-0.002013113206403087,0.12159920940857293,0
decode,L13_V_s0,V,PIM0,pim,NAIVE,15.081578521443411,15.081614899117728,3.637767431641237e-05,2467,1,13,0,weights_on_pim_prefill-1024xdecode_64_ops_trace.csv,3.637767431641237e-05,0.002291793481933979,0.00027868027553089244,-0.002013113206403087,0.12159920940857293,0
decode,L13_Q_s1,Q,PIM1,pim,NAIVE,15.08150576609478,15.081542143769097,3.637767431641237e-05,2468,1,13,1,weights_on_pim_prefill-1024xdecode_64_ops_trace.csv,3.637767431641237e-05,0.002291793481933979,0.0002786802755308924,-0.002013113206403087,0.12159920940857291,0
decode,L13_K_s1,K,PIM1,pim,NAIVE,15.081542143769097,15.081578521443411,3.637767431641237e-05,2469,1,13,1,weights_on_pim_prefill-1024xdecode_64_ops_trace.csv,3.637767431641237e-05,0.002291793481933979,0.0002786802755308924,-0.002013113206403087,0.12159920940857291,0
decode,L13_V_s1,V,PIM1,pim,NAIVE,15.081578521443411,15.081614899117728,3.637767431641237e-05,2470,1,13,1,weights_on_pim_prefill-1024xdecode_64_ops_trace.csv,3.637767431641237e-05,0.002291793481933979,0.0002786802755308924,-0.002013113206403087,0.12159920940857291,0
decode,L13_K_write_s0,K_write,PIM0,pim,NAIVE,15.081614899117728,15.081614929117729,3.000000070585429e-08,2471,1,13,0,weights_on_pim_prefill-1024xdecode_64_ops_trace.csv,3.000000070585429e-08,1.8900000444688203e-06,1.8900000444688203e-06,0.0,1.0,0
decode,L13_QK_s0,QK,GPU0,npu,NAIVE,15.082939058386271,15.082941827514478,2.769128204960225e-06,2472,1,13,0,weights_on_pim_prefill-1024xdecode_64_ops_trace.csv,2.769128204960225e-06,0.00017445507691249418,0.00040904658697659297,0.0002345915100640988,2.3447101352158914,0
decode,L13_V_write_s0,V_write,PIM0,pim,NAIVE,15.081620054117728,15.081620084117729,3.000000070585429e-08,2473,1,13,0,weights_on_pim_prefill-1024xdecode_64_ops_trace.csv,3.000000070585429e-08,1.8900000444688203e-06,1.8900000444688203e-06,0.0,1.0,0
decode,L13_K_write_s1,K_write,PIM1,pim,NAIVE,15.081614899117728,15.081614929117729,3.000000070585429e-08,2474,1,13,1,weights_on_pim_prefill-1024xdecode_64_ops_trace.csv,3.000000070585429e-08,1.8900000444688203e-06,1.8900000444688203e-06,0.0,1.0,0
decode,L13_QK_s1,QK,GPU0,npu,NAIVE,15.082941827514478,15.082944596642683,2.769128204960225e-06,2475,1,13,1,weights_on_pim_prefill-1024xdecode_64_ops_trace.csv,2.769128204960225e-06,0.00017445507691249418,0.00040904658697659297,0.0002345915100640988,2.3447101352158914,0
decode,L13_V_write_s1,V_write,PIM1,pim,NAIVE,15.081620054117728,15.081620084117729,3.000000070585429e-08,2476,1,13,1,weights_on_pim_prefill-1024xdecode_64_ops_trace.csv,3.000000070585429e-08,1.8900000444688203e-06,1.8900000444688203e-06,0.0,1.0,0
decode,L13_Softmax_s0,Softmax,GPU0,npu,NAIVE,15.082944596642683,15.082944835294091,2.386514097452164e-07,2477,1,13,0,weights_on_pim_prefill-1024xdecode_64_ops_trace.csv,2.386514097452164e-07,1.5035038813948635e-05,3.525280789042968e-05,2.0217769076481044e-05,2.3447101352158914,0
decode,L13_Softmax_s1,Softmax,GPU0,npu,NAIVE,15.082944835294091,15.082945073945504,2.386514097452164e-07,2478,1,13,1,weights_on_pim_prefill-1024xdecode_64_ops_trace.csv,2.386514097452164e-07,1.5035038813948635e-05,3.525280789042968e-05,2.0217769076481044e-05,2.3447101352158914,0
decode,L13_SV_s0,SV,GPU0,npu,NAIVE,15.084268964562638,15.084271733690844,2.769128204960225e-06,2479,1,13,0,weights_on_pim_prefill-1024xdecode_64_ops_trace.csv,2.769128204960225e-06,0.00017445507691249418,0.00040904658697659297,0.0002345915100640988,2.3447101352158914,0
decode,L13_SV_s1,SV,GPU0,npu,NAIVE,15.084271733690844,15.084274502819047,2.769128204960225e-06,2480,1,13,1,weights_on_pim_prefill-1024xdecode_64_ops_trace.csv,2.769128204960225e-06,0.00017445507691249418,0.00040904658697659297,0.0002345915100640988,2.3447101352158914,0
decode,L13_O_s0,O,PIM0,pim,NAIVE,15.084274866169803,15.08430831584412,3.344967431573309e-05,2481,1,13,0,weights_on_pim_prefill-1024xdecode_64_ops_trace.csv,3.344967431573309e-05,0.0021073294818911847,0.0002562495989613457,-0.001851079882929839,0.12159920940857294,0
decode,L13_O_s1,O,PIM1,pim,NAIVE,15.084277635298008,15.084311084972324,3.344967431573309e-05,2482,1,13,1,weights_on_pim_prefill-1024xdecode_64_ops_trace.csv,3.344967431573309e-05,0.0021073294818911847,0.00025624959896134564,-0.001851079882929839,0.12159920940857291,0
decode,L13_AllReduce_O,ALLREDUCE,COMM,comm,COMM,15.084311084972324,15.084313111530246,2.026557922363281e-06,2483,1,13,-1,weights_on_pim_prefill-1024xdecode_64_ops_trace.csv,2.026557922363281e-06,0.0001276731491088867,0.0001276731491088867,0.0,1.0,0
decode,L13_Add1,Add,GPU0,npu,NAIVE,15.084318220779425,15.084325160186392,6.939406967276796e-06,2484,1,13,-1,weights_on_pim_prefill-1024xdecode_64_ops_trace.csv,6.939406967276796e-06,0.00043718263893843817,0.0010250665644593857,0.0005878839255209476,2.344710135215892,0
decode,L13_LN2,LN,GPU0,npu,NAIVE,15.084325160186392,15.084360469791037,3.530960464459554e-05,2485,1,13,-1,weights_on_pim_prefill-1024xdecode_64_ops_trace.csv,3.530960464459554e-05,0.002224505092609519,0.0052158196364809045,0.0029913145438713856,2.3447101352158914,0
decode,L13_FFN_W1_s0,FFN_W1,PIM0,pim,NAIVE,15.08436543474896,15.084461661748684,9.622699972489102e-05,2486,1,13,0,weights_on_pim_prefill-1024xdecode_64_ops_trace.csv,9.622699972489102e-05,0.006062300982668134,0.0007371710066892599,-0.005325129975978874,0.12159920940857294,0
decode,L13_FFN_W3_s0,FFN_W3,PIM1,pim,NAIVE,15.08436543474896,15.084455165748684,8.973099972564569e-05,2487,1,13,0,weights_on_pim_prefill-1024xdecode_64_ops_trace.csv,8.973099972564569e-05,0.005653052982715678,0.0006874067734430015,-0.004965646209272677,0.12159920940857291,0
decode,L13_FFN_W1_s1,FFN_W1,PIM1,pim,NAIVE,15.084455165748684,15.08455139274841,9.622699972489102e-05,2488,1,13,1,weights_on_pim_prefill-1024xdecode_64_ops_trace.csv,9.622699972489102e-05,0.006062300982668134,0.0007371710066892598,-0.005325129975978874,0.12159920940857293,0
decode,L13_FFN_W3_s1,FFN_W3,PIM0,pim,NAIVE,15.084461661748684,15.08455139274841,8.973099972564569e-05,2489,1,13,1,weights_on_pim_prefill-1024xdecode_64_ops_trace.csv,8.973099972564569e-05,0.005653052982715678,0.0006874067734430016,-0.004965646209272677,0.12159920940857293,0
decode,L13_SwiGLU_s0,SwiGLU,GPU0,npu,NAIVE,15.084467901535891,15.084475121676505,7.220140611607917e-06,2490,1,13,0,weights_on_pim_prefill-1024xdecode_64_ops_trace.csv,7.220140611607917e-06,0.00045486885853129877,0.0010665356227924196,0.0006116667642611208,2.344710135215891,0
decode,L13_SwiGLU_s1,SwiGLU,GPU0,npu,NAIVE,15.084557632535615,15.084564852676229,7.220140611607917e-06,2491,1,13,1,weights_on_pim_prefill-1024xdecode_64_ops_trace.csv,7.220140611607917e-06,0.00045486885853129877,0.0010665356227924196,0.0006116667642611208,2.344710135215891,0
decode,L13_FFN_W2_s0,FFN_W2,PIM0,pim,NAIVE,15.08455139274841,15.084645683748134,9.429099972457776e-05,2492,1,13,0,weights_on_pim_prefill-1024xdecode_64_ops_trace.csv,9.429099972457776e-05,0.005940332982648399,0.0007223397943137153,-0.0052179931883346835,0.12159920940857294,0
decode,L13_FFN_W2_s1,FFN_W2,PIM1,pim,NAIVE,15.084571077463435,15.084665368463162,9.429099972457776e-05,2493,1,13,1,weights_on_pim_prefill-1024xdecode_64_ops_trace.csv,9.429099972457776e-05,0.005940332982648399,0.0007223397943137153,-0.0052179931883346835,0.12159920940857294,0
decode,L13_AllReduce_FFN,ALLREDUCE,COMM,comm,COMM,15.084665368463162,15.084667395021084,2.026557922363281e-06,2494,1,13,-1,weights_on_pim_prefill-1024xdecode_64_ops_trace.csv,2.026557922363281e-06,0.0001276731491088867,0.0001276731491088867,0.0,1.0,0
decode,L13_Add2,Add,GPU0,npu,NAIVE,15.084672504270262,15.08467944367723,6.939406967276796e-06,2495,1,13,-1,weights_on_pim_prefill-1024xdecode_64_ops_trace.csv,6.939406967276796e-06,0.00043718263893843817,0.0010250665644593857,0.0005878839255209476,2.344710135215892,0
decode,L14_LN,LN,GPU0,npu,NAIVE,15.08467944367723,15.084714753281874,3.530960464459554e-05,2496,1,14,-1,weights_on_pim_prefill-1024xdecode_64_ops_trace.csv,3.530960464459554e-05,0.002224505092609519,0.0052158196364809045,0.0029913145438713856,2.3447101352158914,0
decode,L14_Q_s0,Q,PIM0,pim,NAIVE,15.084719718239796,15.084756095914113,3.637767431641237e-05,2497,1,14,0,weights_on_pim_prefill-1024xdecode_64_ops_trace.csv,3.637767431641237e-05,0.002291793481933979,0.00027868027553089244,-0.002013113206403087,0.12159920940857293,0
decode,L14_K_s0,K,PIM0,pim,NAIVE,15.084756095914113,15.08479247358843,3.637767431641237e-05,2498,1,14,0,weights_on_pim_prefill-1024xdecode_64_ops_trace.csv,3.637767431641237e-05,0.002291793481933979,0.00027868027553089244,-0.002013113206403087,0.12159920940857293,0
decode,L14_V_s0,V,PIM0,pim,NAIVE,15.08479247358843,15.084828851262746,3.637767431641237e-05,2499,1,14,0,weights_on_pim_prefill-1024xdecode_64_ops_trace.csv,3.637767431641237e-05,0.002291793481933979,0.00027868027553089244,-0.002013113206403087,0.12159920940857293,0
decode,L14_Q_s1,Q,PIM1,pim,NAIVE,15.084719718239796,15.084756095914113,3.637767431641237e-05,2500,1,14,1,weights_on_pim_prefill-1024xdecode_64_ops_trace.csv,3.637767431641237e-05,0.002291793481933979,0.0002786802755308924,-0.002013113206403087,0.12159920940857291,0
decode,L14_K_s1,K,PIM1,pim,NAIVE,15.084756095914113,15.08479247358843,3.637767431641237e-05,2501,1,14,1,weights_on_pim_prefill-1024xdecode_64_ops_trace.csv,3.637767431641237e-05,0.002291793481933979,0.0002786802755308924,-0.002013113206403087,0.12159920940857291,0
decode,L14_V_s1,V,PIM1,pim,NAIVE,15.08479247358843,15.084828851262746,3.637767431641237e-05,2502,1,14,1,weights_on_pim_prefill-1024xdecode_64_ops_trace.csv,3.637767431641237e-05,0.002291793481933979,0.0002786802755308924,-0.002013113206403087,0.12159920940857291,0
decode,L14_K_write_s0,K_write,PIM0,pim,NAIVE,15.084828851262746,15.084828881262746,3.000000070585429e-08,2503,1,14,0,weights_on_pim_prefill-1024xdecode_64_ops_trace.csv,3.000000070585429e-08,1.8900000444688203e-06,1.8900000444688203e-06,0.0,1.0,0
decode,L14_QK_s0,QK,GPU0,npu,NAIVE,15.08615301053129,15.086155779659496,2.769128204960225e-06,2504,1,14,0,weights_on_pim_prefill-1024xdecode_64_ops_trace.csv,2.769128204960225e-06,0.00017445507691249418,0.00040904658697659297,0.0002345915100640988,2.3447101352158914,0
decode,L14_V_write_s0,V_write,PIM0,pim,NAIVE,15.084834006262746,15.084834036262746,3.000000070585429e-08,2505,1,14,0,weights_on_pim_prefill-1024xdecode_64_ops_trace.csv,3.000000070585429e-08,1.8900000444688203e-06,1.8900000444688203e-06,0.0,1.0,0
decode,L14_K_write_s1,K_write,PIM1,pim,NAIVE,15.084828851262746,15.084828881262746,3.000000070585429e-08,2506,1,14,1,weights_on_pim_prefill-1024xdecode_64_ops_trace.csv,3.000000070585429e-08,1.8900000444688203e-06,1.8900000444688203e-06,0.0,1.0,0
decode,L14_QK_s1,QK,GPU0,npu,NAIVE,15.086155779659496,15.0861585487877,2.769128204960225e-06,2507,1,14,1,weights_on_pim_prefill-1024xdecode_64_ops_trace.csv,2.769128204960225e-06,0.00017445507691249418,0.00040904658697659297,0.0002345915100640988,2.3447101352158914,0
decode,L14_V_write_s1,V_write,PIM1,pim,NAIVE,15.084834006262746,15.084834036262746,3.000000070585429e-08,2508,1,14,1,weights_on_pim_prefill-1024xdecode_64_ops_trace.csv,3.000000070585429e-08,1.8900000444688203e-06,1.8900000444688203e-06,0.0,1.0,0
decode,L14_Softmax_s0,Softmax,GPU0,npu,NAIVE,15.0861585487877,15.08615878743911,2.386514097452164e-07,2509,1,14,0,weights_on_pim_prefill-1024xdecode_64_ops_trace.csv,2.386514097452164e-07,1.5035038813948635e-05,3.525280789042968e-05,2.0217769076481044e-05,2.3447101352158914,0
decode,L14_Softmax_s1,Softmax,GPU0,npu,NAIVE,15.08615878743911,15.08615902609052,2.386514097452164e-07,2510,1,14,1,weights_on_pim_prefill-1024xdecode_64_ops_trace.csv,2.386514097452164e-07,1.5035038813948635e-05,3.525280789042968e-05,2.0217769076481044e-05,2.3447101352158914,0
decode,L14_SV_s0,SV,GPU0,npu,NAIVE,15.087482916707655,15.08748568583586,2.769128204960225e-06,2511,1,14,0,weights_on_pim_prefill-1024xdecode_64_ops_trace.csv,2.769128204960225e-06,0.00017445507691249418,0.00040904658697659297,0.0002345915100640988,2.3447101352158914,0
decode,L14_SV_s1,SV,GPU0,npu,NAIVE,15.08748568583586,15.087488454964063,2.769128204960225e-06,2512,1,14,1,weights_on_pim_prefill-1024xdecode_64_ops_trace.csv,2.769128204960225e-06,0.00017445507691249418,0.00040904658697659297,0.0002345915100640988,2.3447101352158914,0
decode,L14_O_s0,O,PIM0,pim,NAIVE,15.08748881831482,15.087522267989137,3.344967431573309e-05,2513,1,14,0,weights_on_pim_prefill-1024xdecode_64_ops_trace.csv,3.344967431573309e-05,0.0021073294818911847,0.0002562495989613457,-0.001851079882929839,0.12159920940857294,0
decode,L14_O_s1,O,PIM1,pim,NAIVE,15.087491587443026,15.08752503711734,3.344967431573309e-05,2514,1,14,1,weights_on_pim_prefill-1024xdecode_64_ops_trace.csv,3.344967431573309e-05,0.0021073294818911847,0.00025624959896134564,-0.001851079882929839,0.12159920940857291,0
decode,L14_AllReduce_O,ALLREDUCE,COMM,comm,COMM,15.08752503711734,15.087527063675264,2.026557922363281e-06,2515,1,14,-1,weights_on_pim_prefill-1024xdecode_64_ops_trace.csv,2.026557922363281e-06,0.0001276731491088867,0.0001276731491088867,0.0,1.0,0
decode,L14_Add1,Add,GPU0,npu,NAIVE,15.087532172924442,15.08753911233141,6.939406967276796e-06,2516,1,14,-1,weights_on_pim_prefill-1024xdecode_64_ops_trace.csv,6.939406967276796e-06,0.00043718263893843817,0.0010250665644593857,0.0005878839255209476,2.344710135215892,0
decode,L14_LN2,LN,GPU0,npu,NAIVE,15.08753911233141,15.087574421936054,3.530960464459554e-05,2517,1,14,-1,weights_on_pim_prefill-1024xdecode_64_ops_trace.csv,3.530960464459554e-05,0.002224505092609519,0.0052158196364809045,0.0029913145438713856,2.3447101352158914,0
decode,L14_FFN_W1_s0,FFN_W1,PIM0,pim,NAIVE,15.087579386893976,15.0876756138937,9.622699972489102e-05,2518,1,14,0,weights_on_pim_prefill-1024xdecode_64_ops_trace.csv,9.622699972489102e-05,0.006062300982668134,0.0007371710066892599,-0.005325129975978874,0.12159920940857294,0
decode,L14_FFN_W3_s0,FFN_W3,PIM1,pim,NAIVE,15.087579386893976,15.087669117893702,8.973099972564569e-05,2519,1,14,0,weights_on_pim_prefill-1024xdecode_64_ops_trace.csv,8.973099972564569e-05,0.005653052982715678,0.0006874067734430015,-0.004965646209272677,0.12159920940857291,0
decode,L14_FFN_W1_s1,FFN_W1,PIM1,pim,NAIVE,15.087669117893702,15.087765344893429,9.622699972489102e-05,2520,1,14,1,weights_on_pim_prefill-1024xdecode_64_ops_trace.csv,9.622699972489102e-05,0.006062300982668134,0.0007371710066892598,-0.005325129975978874,0.12159920940857293,0
decode,L14_FFN_W3_s1,FFN_W3,PIM0,pim,NAIVE,15.0876756138937,15.087765344893429,8.973099972564569e-05,2521,1,14,1,weights_on_pim_prefill-1024xdecode_64_ops_trace.csv,8.973099972564569e-05,0.005653052982715678,0.0006874067734430016,-0.004965646209272677,0.12159920940857293,0
decode,L14_SwiGLU_s0,SwiGLU,GPU0,npu,NAIVE,15.087681853680907,15.08768907382152,7.220140611607917e-06,2522,1,14,0,weights_on_pim_prefill-1024xdecode_64_ops_trace.csv,7.220140611607917e-06,0.00045486885853129877,0.0010665356227924196,0.0006116667642611208,2.344710135215891,0
decode,L14_SwiGLU_s1,SwiGLU,GPU0,npu,NAIVE,15.087771584680636,15.087778804821246,7.220140611607917e-06,2523,1,14,1,weights_on_pim_prefill-1024xdecode_64_ops_trace.csv,7.220140611607917e-06,0.00045486885853129877,0.0010665356227924196,0.0006116667642611208,2.344710135215891,0
decode,L14_FFN_W2_s0,FFN_W2,PIM0,pim,NAIVE,15.087765344893429,15.087859635893151,9.429099972457776e-05,2524,1,14,0,weights_on_pim_prefill-1024xdecode_64_ops_trace.csv,9.429099972457776e-05,0.005940332982648399,0.0007223397943137153,-0.0052179931883346835,0.12159920940857294,0
decode,L14_FFN_W2_s1,FFN_W2,PIM1,pim,NAIVE,15.087785029608456,15.08787932060818,9.429099972457776e-05,2525,1,14,1,weights_on_pim_prefill-1024xdecode_64_ops_trace.csv,9.429099972457776e-05,0.005940332982648399,0.0007223397943137153,-0.0052179931883346835,0.12159920940857294,0
decode,L14_AllReduce_FFN,ALLREDUCE,COMM,comm,COMM,15.08787932060818,15.087881347166102,2.026557922363281e-06,2526,1,14,-1,weights_on_pim_prefill-1024xdecode_64_ops_trace.csv,2.026557922363281e-06,0.0001276731491088867,0.0001276731491088867,0.0,1.0,0
decode,L14_Add2,Add,GPU0,npu,NAIVE,15.08788645641528,15.087893395822247,6.939406967276796e-06,2527,1,14,-1,weights_on_pim_prefill-1024xdecode_64_ops_trace.csv,6.939406967276796e-06,0.00043718263893843817,0.0010250665644593857,0.0005878839255209476,2.344710135215892,0
decode,L15_LN,LN,GPU0,npu,NAIVE,15.087893395822247,15.087928705426892,3.530960464459554e-05,2528,1,15,-1,weights_on_pim_prefill-1024xdecode_64_ops_trace.csv,3.530960464459554e-05,0.002224505092609519,0.0052158196364809045,0.0029913145438713856,2.3447101352158914,0
decode,L15_Q_s0,Q,PIM0,pim,NAIVE,15.087933670384814,15.08797004805913,3.637767431641237e-05,2529,1,15,0,weights_on_pim_prefill-1024xdecode_64_ops_trace.csv,3.637767431641237e-05,0.002291793481933979,0.00027868027553089244,-0.002013113206403087,0.12159920940857293,0
decode,L15_K_s0,K,PIM0,pim,NAIVE,15.08797004805913,15.088006425733449,3.637767431641237e-05,2530,1,15,0,weights_on_pim_prefill-1024xdecode_64_ops_trace.csv,3.637767431641237e-05,0.002291793481933979,0.00027868027553089244,-0.002013113206403087,0.12159920940857293,0
decode,L15_V_s0,V,PIM0,pim,NAIVE,15.088006425733449,15.088042803407763,3.637767431641237e-05,2531,1,15,0,weights_on_pim_prefill-1024xdecode_64_ops_trace.csv,3.637767431641237e-05,0.002291793481933979,0.00027868027553089244,-0.002013113206403087,0.12159920940857293,0
decode,L15_Q_s1,Q,PIM1,pim,NAIVE,15.087933670384814,15.08797004805913,3.637767431641237e-05,2532,1,15,1,weights_on_pim_prefill-1024xdecode_64_ops_trace.csv,3.637767431641237e-05,0.002291793481933979,0.0002786802755308924,-0.002013113206403087,0.12159920940857291,0
decode,L15_K_s1,K,PIM1,pim,NAIVE,15.08797004805913,15.088006425733449,3.637767431641237e-05,2533,1,15,1,weights_on_pim_prefill-1024xdecode_64_ops_trace.csv,3.637767431641237e-05,0.002291793481933979,0.0002786802755308924,-0.002013113206403087,0.12159920940857291,0
decode,L15_V_s1,V,PIM1,pim,NAIVE,15.088006425733449,15.088042803407763,3.637767431641237e-05,2534,1,15,1,weights_on_pim_prefill-1024xdecode_64_ops_trace.csv,3.637767431641237e-05,0.002291793481933979,0.0002786802755308924,-0.002013113206403087,0.12159920940857291,0
decode,L15_K_write_s0,K_write,PIM0,pim,NAIVE,15.088042803407763,15.088042833407764,3.000000070585429e-08,2535,1,15,0,weights_on_pim_prefill-1024xdecode_64_ops_trace.csv,3.000000070585429e-08,1.8900000444688203e-06,1.8900000444688203e-06,0.0,1.0,0
decode,L15_QK_s0,QK,GPU0,npu,NAIVE,15.089366962676309,15.089369731804512,2.769128204960225e-06,2536,1,15,0,weights_on_pim_prefill-1024xdecode_64_ops_trace.csv,2.769128204960225e-06,0.00017445507691249418,0.00040904658697659297,0.0002345915100640988,2.3447101352158914,0
decode,L15_V_write_s0,V_write,PIM0,pim,NAIVE,15.088047958407763,15.088047988407764,3.000000070585429e-08,2537,1,15,0,weights_on_pim_prefill-1024xdecode_64_ops_trace.csv,3.000000070585429e-08,1.8900000444688203e-06,1.8900000444688203e-06,0.0,1.0,0
decode,L15_K_write_s1,K_write,PIM1,pim,NAIVE,15.088042803407763,15.088042833407764,3.000000070585429e-08,2538,1,15,1,weights_on_pim_prefill-1024xdecode_64_ops_trace.csv,3.000000070585429e-08,1.8900000444688203e-06,1.8900000444688203e-06,0.0,1.0,0
decode,L15_QK_s1,QK,GPU0,npu,NAIVE,15.089369731804512,15.089372500932718,2.769128204960225e-06,2539,1,15,1,weights_on_pim_prefill-1024xdecode_64_ops_trace.csv,2.769128204960225e-06,0.00017445507691249418,0.00040904658697659297,0.0002345915100640988,2.3447101352158914,0
decode,L15_V_write_s1,V_write,PIM1,pim,NAIVE,15.088047958407763,15.088047988407764,3.000000070585429e-08,2540,1,15,1,weights_on_pim_prefill-1024xdecode_64_ops_trace.csv,3.000000070585429e-08,1.8900000444688203e-06,1.8900000444688203e-06,0.0,1.0,0
decode,L15_Softmax_s0,Softmax,GPU0,npu,NAIVE,15.089372500932718,15.089372739584128,2.386514097452164e-07,2541,1,15,0,weights_on_pim_prefill-1024xdecode_64_ops_trace.csv,2.386514097452164e-07,1.5035038813948635e-05,3.525280789042968e-05,2.0217769076481044e-05,2.3447101352158914,0
decode,L15_Softmax_s1,Softmax,GPU0,npu,NAIVE,15.089372739584128,15.089372978235538,2.386514097452164e-07,2542,1,15,1,weights_on_pim_prefill-1024xdecode_64_ops_trace.csv,2.386514097452164e-07,1.5035038813948635e-05,3.525280789042968e-05,2.0217769076481044e-05,2.3447101352158914,0
decode,L15_SV_s0,SV,GPU0,npu,NAIVE,15.090696868852673,15.090699637980878,2.769128204960225e-06,2543,1,15,0,weights_on_pim_prefill-1024xdecode_64_ops_trace.csv,2.769128204960225e-06,0.00017445507691249418,0.00040904658697659297,0.0002345915100640988,2.3447101352158914,0
decode,L15_SV_s1,SV,GPU0,npu,NAIVE,15.090699637980878,15.090702407109085,2.769128204960225e-06,2544,1,15,1,weights_on_pim_prefill-1024xdecode_64_ops_trace.csv,2.769128204960225e-06,0.00017445507691249418,0.00040904658697659297,0.0002345915100640988,2.3447101352158914,0
decode,L15_O_s0,O,PIM0,pim,NAIVE,15.090702770459838,15.090736220134154,3.344967431573309e-05,2545,1,15,0,weights_on_pim_prefill-1024xdecode_64_ops_trace.csv,3.344967431573309e-05,0.0021073294818911847,0.0002562495989613457,-0.001851079882929839,0.12159920940857294,0
decode,L15_O_s1,O,PIM1,pim,NAIVE,15.090705539588043,15.09073898926236,3.344967431573309e-05,2546,1,15,1,weights_on_pim_prefill-1024xdecode_64_ops_trace.csv,3.344967431573309e-05,0.0021073294818911847,0.00025624959896134564,-0.001851079882929839,0.12159920940857291,0
decode,L15_AllReduce_O,ALLREDUCE,COMM,comm,COMM,15.09073898926236,15.09074101582028,2.026557922363281e-06,2547,1,15,-1,weights_on_pim_prefill-1024xdecode_64_ops_trace.csv,2.026557922363281e-06,0.0001276731491088867,0.0001276731491088867,0.0,1.0,0
decode,L15_Add1,Add,GPU0,npu,NAIVE,15.09074612506946,15.090753064476427,6.939406967276796e-06,2548,1,15,-1,weights_on_pim_prefill-1024xdecode_64_ops_trace.csv,6.939406967276796e-06,0.00043718263893843817,0.0010250665644593857,0.0005878839255209476,2.344710135215892,0
decode,L15_LN2,LN,GPU0,npu,NAIVE,15.090753064476427,15.090788374081072,3.530960464459554e-05,2549,1,15,-1,weights_on_pim_prefill-1024xdecode_64_ops_trace.csv,3.530960464459554e-05,0.002224505092609519,0.0052158196364809045,0.0029913145438713856,2.3447101352158914,0
decode,L15_FFN_W1_s0,FFN_W1,PIM0,pim,NAIVE,15.090793339038994,15.09088956603872,9.622699972489102e-05,2550,1,15,0,weights_on_pim_prefill-1024xdecode_64_ops_trace.csv,9.622699972489102e-05,0.006062300982668134,0.0007371710066892599,-0.005325129975978874,0.12159920940857294,0
decode,L15_FFN_W3_s0,FFN_W3,PIM1,pim,NAIVE,15.090793339038994,15.09088307003872,8.973099972564569e-05,2551,1,15,0,weights_on_pim_prefill-1024xdecode_64_ops_trace.csv,8.973099972564569e-05,0.005653052982715678,0.0006874067734430015,-0.004965646209272677,0.12159920940857291,0
decode,L15_FFN_W1_s1,FFN_W1,PIM1,pim,NAIVE,15.09088307003872,15.090979297038444,9.622699972489102e-05,2552,1,15,1,weights_on_pim_prefill-1024xdecode_64_ops_trace.csv,9.622699972489102e-05,0.006062300982668134,0.0007371710066892598,-0.005325129975978874,0.12159920940857293,0
decode,L15_FFN_W3_s1,FFN_W3,PIM0,pim,NAIVE,15.09088956603872,15.090979297038444,8.973099972564569e-05,2553,1,15,1,weights_on_pim_prefill-1024xdecode_64_ops_trace.csv,8.973099972564569e-05,0.005653052982715678,0.0006874067734430016,-0.004965646209272677,0.12159920940857293,0
decode,L15_SwiGLU_s0,SwiGLU,GPU0,npu,NAIVE,15.090895805825928,15.090903025966538,7.220140611607917e-06,2554,1,15,0,weights_on_pim_prefill-1024xdecode_64_ops_trace.csv,7.220140611607917e-06,0.00045486885853129877,0.0010665356227924196,0.0006116667642611208,2.344710135215891,0
decode,L15_SwiGLU_s1,SwiGLU,GPU0,npu,NAIVE,15.090985536825652,15.090992756966264,7.220140611607917e-06,2555,1,15,1,weights_on_pim_prefill-1024xdecode_64_ops_trace.csv,7.220140611607917e-06,0.00045486885853129877,0.0010665356227924196,0.0006116667642611208,2.344710135215891,0
decode,L15_FFN_W2_s0,FFN_W2,PIM0,pim,NAIVE,15.090979297038444,15.091073588038167,9.429099972457776e-05,2556,1,15,0,weights_on_pim_prefill-1024xdecode_64_ops_trace.csv,9.429099972457776e-05,0.005940332982648399,0.0007223397943137153,-0.0052179931883346835,0.12159920940857294,0
decode,L15_FFN_W2_s1,FFN_W2,PIM1,pim,NAIVE,15.090998981753472,15.091093272753197,9.429099972457776e-05,2557,1,15,1,weights_on_pim_prefill-1024xdecode_64_ops_trace.csv,9.429099972457776e-05,0.005940332982648399,0.0007223397943137153,-0.0052179931883346835,0.12159920940857294,0
decode,L15_AllReduce_FFN,ALLREDUCE,COMM,comm,COMM,15.091093272753197,15.09109529931112,2.026557922363281e-06,2558,1,15,-1,weights_on_pim_prefill-1024xdecode_64_ops_trace.csv,2.026557922363281e-06,0.0001276731491088867,0.0001276731491088867,0.0,1.0,0
decode,L15_Add2,Add,GPU0,npu,NAIVE,15.091100408560298,15.091107347967265,6.939406967276796e-06,2559,1,15,-1,weights_on_pim_prefill-1024xdecode_64_ops_trace.csv,6.939406967276796e-06,0.00043718263893843817,0.0010250665644593857,0.0005878839255209476,2.344710135215892,0
decode,L16_LN,LN,GPU0,npu,NAIVE,15.091107347967265,15.09114265757191,3.530960464459554e-05,2560,1,16,-1,weights_on_pim_prefill-1024xdecode_64_ops_trace.csv,3.530960464459554e-05,0.002224505092609519,0.0052158196364809045,0.0029913145438713856,2.3447101352158914,0
decode,L16_Q_s0,Q,PIM0,pim,NAIVE,15.091147622529832,15.091184000204148,3.637767431641237e-05,2561,1,16,0,weights_on_pim_prefill-1024xdecode_64_ops_trace.csv,3.637767431641237e-05,0.002291793481933979,0.00027868027553089244,-0.002013113206403087,0.12159920940857293,0
decode,L16_K_s0,K,PIM0,pim,NAIVE,15.091184000204148,15.091220377878464,3.637767431641237e-05,2562,1,16,0,weights_on_pim_prefill-1024xdecode_64_ops_trace.csv,3.637767431641237e-05,0.002291793481933979,0.00027868027553089244,-0.002013113206403087,0.12159920940857293,0
decode,L16_V_s0,V,PIM0,pim,NAIVE,15.091220377878464,15.09125675555278,3.637767431641237e-05,2563,1,16,0,weights_on_pim_prefill-1024xdecode_64_ops_trace.csv,3.637767431641237e-05,0.002291793481933979,0.00027868027553089244,-0.002013113206403087,0.12159920940857293,0
decode,L16_Q_s1,Q,PIM1,pim,NAIVE,15.091147622529832,15.091184000204148,3.637767431641237e-05,2564,1,16,1,weights_on_pim_prefill-1024xdecode_64_ops_trace.csv,3.637767431641237e-05,0.002291793481933979,0.0002786802755308924,-0.002013113206403087,0.12159920940857291,0
decode,L16_K_s1,K,PIM1,pim,NAIVE,15.091184000204148,15.091220377878464,3.637767431641237e-05,2565,1,16,1,weights_on_pim_prefill-1024xdecode_64_ops_trace.csv,3.637767431641237e-05,0.002291793481933979,0.0002786802755308924,-0.002013113206403087,0.12159920940857291,0
decode,L16_V_s1,V,PIM1,pim,NAIVE,15.091220377878464,15.09125675555278,3.637767431641237e-05,2566,1,16,1,weights_on_pim_prefill-1024xdecode_64_ops_trace.csv,3.637767431641237e-05,0.002291793481933979,0.0002786802755308924,-0.002013113206403087,0.12159920940857291,0
decode,L16_K_write_s0,K_write,PIM0,pim,NAIVE,15.09125675555278,15.09125678555278,3.000000070585429e-08,2567,1,16,0,weights_on_pim_prefill-1024xdecode_64_ops_trace.csv,3.000000070585429e-08,1.8900000444688203e-06,1.8900000444688203e-06,0.0,1.0,0
decode,L16_QK_s0,QK,GPU0,npu,NAIVE,15.092580914821326,15.092583683949533,2.769128204960225e-06,2568,1,16,0,weights_on_pim_prefill-1024xdecode_64_ops_trace.csv,2.769128204960225e-06,0.00017445507691249418,0.00040904658697659297,0.0002345915100640988,2.3447101352158914,0
decode,L16_V_write_s0,V_write,PIM0,pim,NAIVE,15.09126191055278,15.091261940552782,3.000000070585429e-08,2569,1,16,0,weights_on_pim_prefill-1024xdecode_64_ops_trace.csv,3.000000070585429e-08,1.8900000444688203e-06,1.8900000444688203e-06,0.0,1.0,0
decode,L16_K_write_s1,K_write,PIM1,pim,NAIVE,15.09125675555278,15.09125678555278,3.000000070585429e-08,2570,1,16,1,weights_on_pim_prefill-1024xdecode_64_ops_trace.csv,3.000000070585429e-08,1.8900000444688203e-06,1.8900000444688203e-06,0.0,1.0,0
decode,L16_QK_s1,QK,GPU0,npu,NAIVE,15.092583683949533,15.092586453077736,2.769128204960225e-06,2571,1,16,1,weights_on_pim_prefill-1024xdecode_64_ops_trace.csv,2.769128204960225e-06,0.00017445507691249418,0.00040904658697659297,0.0002345915100640988,2.3447101352158914,0
decode,L16_V_write_s1,V_write,PIM1,pim,NAIVE,15.09126191055278,15.091261940552782,3.000000070585429e-08,2572,1,16,1,weights_on_pim_prefill-1024xdecode_64_ops_trace.csv,3.000000070585429e-08,1.8900000444688203e-06,1.8900000444688203e-06,0.0,1.0,0
decode,L16_Softmax_s0,Softmax,GPU0,npu,NAIVE,15.092586453077736,15.092586691729146,2.386514097452164e-07,2573,1,16,0,weights_on_pim_prefill-1024xdecode_64_ops_trace.csv,2.386514097452164e-07,1.5035038813948635e-05,3.525280789042968e-05,2.0217769076481044e-05,2.3447101352158914,0
decode,L16_Softmax_s1,Softmax,GPU0,npu,NAIVE,15.092586691729146,15.092586930380556,2.386514097452164e-07,2574,1,16,1,weights_on_pim_prefill-1024xdecode_64_ops_trace.csv,2.386514097452164e-07,1.5035038813948635e-05,3.525280789042968e-05,2.0217769076481044e-05,2.3447101352158914,0
decode,L16_SV_s0,SV,GPU0,npu,NAIVE,15.09391082099769,15.093913590125895,2.769128204960225e-06,2575,1,16,0,weights_on_pim_prefill-1024xdecode_64_ops_trace.csv,2.769128204960225e-06,0.00017445507691249418,0.00040904658697659297,0.0002345915100640988,2.3447101352158914,0
decode,L16_SV_s1,SV,GPU0,npu,NAIVE,15.093913590125895,15.0939163592541,2.769128204960225e-06,2576,1,16,1,weights_on_pim_prefill-1024xdecode_64_ops_trace.csv,2.769128204960225e-06,0.00017445507691249418,0.00040904658697659297,0.0002345915100640988,2.3447101352158914,0
decode,L16_O_s0,O,PIM0,pim,NAIVE,15.093916722604856,15.093950172279172,3.344967431573309e-05,2577,1,16,0,weights_on_pim_prefill-1024xdecode_64_ops_trace.csv,3.344967431573309e-05,0.0021073294818911847,0.0002562495989613457,-0.001851079882929839,0.12159920940857294,0
decode,L16_O_s1,O,PIM1,pim,NAIVE,15.09391949173306,15.093952941407377,3.344967431573309e-05,2578,1,16,1,weights_on_pim_prefill-1024xdecode_64_ops_trace.csv,3.344967431573309e-05,0.0021073294818911847,0.00025624959896134564,-0.001851079882929839,0.12159920940857291,0
decode,L16_AllReduce_O,ALLREDUCE,COMM,comm,COMM,15.093952941407377,15.0939549679653,2.026557922363281e-06,2579,1,16,-1,weights_on_pim_prefill-1024xdecode_64_ops_trace.csv,2.026557922363281e-06,0.0001276731491088867,0.0001276731491088867,0.0,1.0,0
decode,L16_Add1,Add,GPU0,npu,NAIVE,15.093960077214478,15.093967016621445,6.939406967276796e-06,2580,1,16,-1,weights_on_pim_prefill-1024xdecode_64_ops_trace.csv,6.939406967276796e-06,0.00043718263893843817,0.0010250665644593857,0.0005878839255209476,2.344710135215892,0
decode,L16_LN2,LN,GPU0,npu,NAIVE,15.093967016621445,15.09400232622609,3.530960464459554e-05,2581,1,16,-1,weights_on_pim_prefill-1024xdecode_64_ops_trace.csv,3.530960464459554e-05,0.002224505092609519,0.0052158196364809045,0.0029913145438713856,2.3447101352158914,0
decode,L16_FFN_W1_s0,FFN_W1,PIM0,pim,NAIVE,15.094007291184012,15.094103518183736,9.622699972489102e-05,2582,1,16,0,weights_on_pim_prefill-1024xdecode_64_ops_trace.csv,9.622699972489102e-05,0.006062300982668134,0.0007371710066892599,-0.005325129975978874,0.12159920940857294,0
decode,L16_FFN_W3_s0,FFN_W3,PIM1,pim,NAIVE,15.094007291184012,15.094097022183735,8.973099972564569e-05,2583,1,16,0,weights_on_pim_prefill-1024xdecode_64_ops_trace.csv,8.973099972564569e-05,0.005653052982715678,0.0006874067734430015,-0.004965646209272677,0.12159920940857291,0
decode,L16_FFN_W1_s1,FFN_W1,PIM1,pim,NAIVE,15.094097022183735,15.094193249183462,9.622699972489102e-05,2584,1,16,1,weights_on_pim_prefill-1024xdecode_64_ops_trace.csv,9.622699972489102e-05,0.006062300982668134,0.0007371710066892598,-0.005325129975978874,0.12159920940857293,0
decode,L16_FFN_W3_s1,FFN_W3,PIM0,pim,NAIVE,15.094103518183736,15.094193249183462,8.973099972564569e-05,2585,1,16,1,weights_on_pim_prefill-1024xdecode_64_ops_trace.csv,8.973099972564569e-05,0.005653052982715678,0.0006874067734430016,-0.004965646209272677,0.12159920940857293,0
decode,L16_SwiGLU_s0,SwiGLU,GPU0,npu,NAIVE,15.094109757970944,15.094116978111556,7.220140611607917e-06,2586,1,16,0,weights_on_pim_prefill-1024xdecode_64_ops_trace.csv,7.220140611607917e-06,0.00045486885853129877,0.0010665356227924196,0.0006116667642611208,2.344710135215891,0
decode,L16_SwiGLU_s1,SwiGLU,GPU0,npu,NAIVE,15.09419948897067,15.09420670911128,7.220140611607917e-06,2587,1,16,1,weights_on_pim_prefill-1024xdecode_64_ops_trace.csv,7.220140611607917e-06,0.00045486885853129877,0.0010665356227924196,0.0006116667642611208,2.344710135215891,0
decode,L16_FFN_W2_s0,FFN_W2,PIM0,pim,NAIVE,15.094193249183462,15.094287540183188,9.429099972457776e-05,2588,1,16,0,weights_on_pim_prefill-1024xdecode_64_ops_trace.csv,9.429099972457776e-05,0.005940332982648399,0.0007223397943137153,-0.0052179931883346835,0.12159920940857294,0
decode,L16_FFN_W2_s1,FFN_W2,PIM1,pim,NAIVE,15.09421293389849,15.094307224898214,9.429099972457776e-05,2589,1,16,1,weights_on_pim_prefill-1024xdecode_64_ops_trace.csv,9.429099972457776e-05,0.005940332982648399,0.0007223397943137153,-0.0052179931883346835,0.12159920940857294,0
decode,L16_AllReduce_FFN,ALLREDUCE,COMM,comm,COMM,15.094307224898214,15.094309251456137,2.026557922363281e-06,2590,1,16,-1,weights_on_pim_prefill-1024xdecode_64_ops_trace.csv,2.026557922363281e-06,0.0001276731491088867,0.0001276731491088867,0.0,1.0,0
decode,L16_Add2,Add,GPU0,npu,NAIVE,15.094314360705315,15.094321300112282,6.939406967276796e-06,2591,1,16,-1,weights_on_pim_prefill-1024xdecode_64_ops_trace.csv,6.939406967276796e-06,0.00043718263893843817,0.0010250665644593857,0.0005878839255209476,2.344710135215892,0
decode,L17_LN,LN,GPU0,npu,NAIVE,15.094321300112282,15.094356609716929,3.530960464459554e-05,2592,1,17,-1,weights_on_pim_prefill-1024xdecode_64_ops_trace.csv,3.530960464459554e-05,0.002224505092609519,0.0052158196364809045,0.0029913145438713856,2.3447101352158914,0
decode,L17_Q_s0,Q,PIM0,pim,NAIVE,15.09436157467485,15.094397952349166,3.637767431641237e-05,2593,1,17,0,weights_on_pim_prefill-1024xdecode_64_ops_trace.csv,3.637767431641237e-05,0.002291793481933979,0.00027868027553089244,-0.002013113206403087,0.12159920940857293,0
decode,L17_K_s0,K,PIM0,pim,NAIVE,15.094397952349166,15.094434330023482,3.637767431641237e-05,2594,1,17,0,weights_on_pim_prefill-1024xdecode_64_ops_trace.csv,3.637767431641237e-05,0.002291793481933979,0.00027868027553089244,-0.002013113206403087,0.12159920940857293,0
decode,L17_V_s0,V,PIM0,pim,NAIVE,15.094434330023482,15.094470707697798,3.637767431641237e-05,2595,1,17,0,weights_on_pim_prefill-1024xdecode_64_ops_trace.csv,3.637767431641237e-05,0.002291793481933979,0.00027868027553089244,-0.002013113206403087,0.12159920940857293,0
decode,L17_Q_s1,Q,PIM1,pim,NAIVE,15.09436157467485,15.094397952349166,3.637767431641237e-05,2596,1,17,1,weights_on_pim_prefill-1024xdecode_64_ops_trace.csv,3.637767431641237e-05,0.002291793481933979,0.0002786802755308924,-0.002013113206403087,0.12159920940857291,0
decode,L17_K_s1,K,PIM1,pim,NAIVE,15.094397952349166,15.094434330023482,3.637767431641237e-05,2597,1,17,1,weights_on_pim_prefill-1024xdecode_64_ops_trace.csv,3.637767431641237e-05,0.002291793481933979,0.0002786802755308924,-0.002013113206403087,0.12159920940857291,0
decode,L17_V_s1,V,PIM1,pim,NAIVE,15.094434330023482,15.094470707697798,3.637767431641237e-05,2598,1,17,1,weights_on_pim_prefill-1024xdecode_64_ops_trace.csv,3.637767431641237e-05,0.002291793481933979,0.0002786802755308924,-0.002013113206403087,0.12159920940857291,0
decode,L17_K_write_s0,K_write,PIM0,pim,NAIVE,15.094470707697798,15.0944707376978,3.000000070585429e-08,2599,1,17,0,weights_on_pim_prefill-1024xdecode_64_ops_trace.csv,3.000000070585429e-08,1.8900000444688203e-06,1.8900000444688203e-06,0.0,1.0,0
decode,L17_QK_s0,QK,GPU0,npu,NAIVE,15.095794866966344,15.095797636094549,2.769128204960225e-06,2600,1,17,0,weights_on_pim_prefill-1024xdecode_64_ops_trace.csv,2.769128204960225e-06,0.00017445507691249418,0.00040904658697659297,0.0002345915100640988,2.3447101352158914,0
decode,L17_V_write_s0,V_write,PIM0,pim,NAIVE,15.0944758626978,15.0944758926978,3.000000070585429e-08,2601,1,17,0,weights_on_pim_prefill-1024xdecode_64_ops_trace.csv,3.000000070585429e-08,1.8900000444688203e-06,1.8900000444688203e-06,0.0,1.0,0
decode,L17_K_write_s1,K_write,PIM1,pim,NAIVE,15.094470707697798,15.0944707376978,3.000000070585429e-08,2602,1,17,1,weights_on_pim_prefill-1024xdecode_64_ops_trace.csv,3.000000070585429e-08,1.8900000444688203e-06,1.8900000444688203e-06,0.0,1.0,0
decode,L17_QK_s1,QK,GPU0,npu,NAIVE,15.095797636094549,15.095800405222754,2.769128204960225e-06,2603,1,17,1,weights_on_pim_prefill-1024xdecode_64_ops_trace.csv,2.769128204960225e-06,0.00017445507691249418,0.00040904658697659297,0.0002345915100640988,2.3447101352158914,0
decode,L17_V_write_s1,V_write,PIM1,pim,NAIVE,15.0944758626978,15.0944758926978,3.000000070585429e-08,2604,1,17,1,weights_on_pim_prefill-1024xdecode_64_ops_trace.csv,3.000000070585429e-08,1.8900000444688203e-06,1.8900000444688203e-06,0.0,1.0,0
decode,L17_Softmax_s0,Softmax,GPU0,npu,NAIVE,15.095800405222754,15.095800643874163,2.386514097452164e-07,2605,1,17,0,weights_on_pim_prefill-1024xdecode_64_ops_trace.csv,2.386514097452164e-07,1.5035038813948635e-05,3.525280789042968e-05,2.0217769076481044e-05,2.3447101352158914,0
decode,L17_Softmax_s1,Softmax,GPU0,npu,NAIVE,15.095800643874163,15.095800882525571,2.386514097452164e-07,2606,1,17,1,weights_on_pim_prefill-1024xdecode_64_ops_trace.csv,2.386514097452164e-07,1.5035038813948635e-05,3.525280789042968e-05,2.0217769076481044e-05,2.3447101352158914,0
decode,L17_SV_s0,SV,GPU0,npu,NAIVE,15.097124773142708,15.097127542270911,2.769128204960225e-06,2607,1,17,0,weights_on_pim_prefill-1024xdecode_64_ops_trace.csv,2.769128204960225e-06,0.00017445507691249418,0.00040904658697659297,0.0002345915100640988,2.3447101352158914,0
decode,L17_SV_s1,SV,GPU0,npu,NAIVE,15.097127542270911,15.097130311399118,2.769128204960225e-06,2608,1,17,1,weights_on_pim_prefill-1024xdecode_64_ops_trace.csv,2.769128204960225e-06,0.00017445507691249418,0.00040904658697659297,0.0002345915100640988,2.3447101352158914,0
decode,L17_O_s0,O,PIM0,pim,NAIVE,15.097130674749874,15.09716412442419,3.344967431573309e-05,2609,1,17,0,weights_on_pim_prefill-1024xdecode_64_ops_trace.csv,3.344967431573309e-05,0.0021073294818911847,0.0002562495989613457,-0.001851079882929839,0.12159920940857294,0
decode,L17_O_s1,O,PIM1,pim,NAIVE,15.09713344387808,15.097166893552394,3.344967431573309e-05,2610,1,17,1,weights_on_pim_prefill-1024xdecode_64_ops_trace.csv,3.344967431573309e-05,0.0021073294818911847,0.00025624959896134564,-0.001851079882929839,0.12159920940857291,0
decode,L17_AllReduce_O,ALLREDUCE,COMM,comm,COMM,15.097166893552394,15.097168920110317,2.026557922363281e-06,2611,1,17,-1,weights_on_pim_prefill-1024xdecode_64_ops_trace.csv,2.026557922363281e-06,0.0001276731491088867,0.0001276731491088867,0.0,1.0,0
decode,L17_Add1,Add,GPU0,npu,NAIVE,15.097174029359495,15.097180968766462,6.939406967276796e-06,2612,1,17,-1,weights_on_pim_prefill-1024xdecode_64_ops_trace.csv,6.939406967276796e-06,0.00043718263893843817,0.0010250665644593857,0.0005878839255209476,2.344710135215892,0
decode,L17_LN2,LN,GPU0,npu,NAIVE,15.097180968766462,15.097216278371109,3.530960464459554e-05,2613,1,17,-1,weights_on_pim_prefill-1024xdecode_64_ops_trace.csv,3.530960464459554e-05,0.002224505092609519,0.0052158196364809045,0.0029913145438713856,2.3447101352158914,0
decode,L17_FFN_W1_s0,FFN_W1,PIM0,pim,NAIVE,15.09722124332903,15.097317470328754,9.622699972489102e-05,2614,1,17,0,weights_on_pim_prefill-1024xdecode_64_ops_trace.csv,9.622699972489102e-05,0.006062300982668134,0.0007371710066892599,-0.005325129975978874,0.12159920940857294,0
decode,L17_FFN_W3_s0,FFN_W3,PIM1,pim,NAIVE,15.09722124332903,15.097310974328757,8.973099972564569e-05,2615,1,17,0,weights_on_pim_prefill-1024xdecode_64_ops_trace.csv,8.973099972564569e-05,0.005653052982715678,0.0006874067734430015,-0.004965646209272677,0.12159920940857291,0
decode,L17_FFN_W1_s1,FFN_W1,PIM1,pim,NAIVE,15.097310974328757,15.09740720132848,9.622699972489102e-05,2616,1,17,1,weights_on_pim_prefill-1024xdecode_64_ops_trace.csv,9.622699972489102e-05,0.006062300982668134,0.0007371710066892598,-0.005325129975978874,0.12159920940857293,0
decode,L17_FFN_W3_s1,FFN_W3,PIM0,pim,NAIVE,15.097317470328754,15.09740720132848,8.973099972564569e-05,2617,1,17,1,weights_on_pim_prefill-1024xdecode_64_ops_trace.csv,8.973099972564569e-05,0.005653052982715678,0.0006874067734430016,-0.004965646209272677,0.12159920940857293,0
decode,L17_SwiGLU_s0,SwiGLU,GPU0,npu,NAIVE,15.097323710115962,15.097330930256572,7.220140611607917e-06,2618,1,17,0,weights_on_pim_prefill-1024xdecode_64_ops_trace.csv,7.220140611607917e-06,0.00045486885853129877,0.0010665356227924196,0.0006116667642611208,2.344710135215891,0
decode,L17_SwiGLU_s1,SwiGLU,GPU0,npu,NAIVE,15.097413441115688,15.0974206612563,7.220140611607917e-06,2619,1,17,1,weights_on_pim_prefill-1024xdecode_64_ops_trace.csv,7.220140611607917e-06,0.00045486885853129877,0.0010665356227924196,0.0006116667642611208,2.344710135215891,0
decode,L17_FFN_W2_s0,FFN_W2,PIM0,pim,NAIVE,15.09740720132848,15.097501492328204,9.429099972457776e-05,2620,1,17,0,weights_on_pim_prefill-1024xdecode_64_ops_trace.csv,9.429099972457776e-05,0.005940332982648399,0.0007223397943137153,-0.0052179931883346835,0.12159920940857294,0
decode,L17_FFN_W2_s1,FFN_W2,PIM1,pim,NAIVE,15.097426886043507,15.097521177043232,9.429099972457776e-05,2621,1,17,1,weights_on_pim_prefill-1024xdecode_64_ops_trace.csv,9.429099972457776e-05,0.005940332982648399,0.0007223397943137153,-0.0052179931883346835,0.12159920940857294,0
decode,L17_AllReduce_FFN,ALLREDUCE,COMM,comm,COMM,15.097521177043232,15.097523203601154,2.026557922363281e-06,2622,1,17,-1,weights_on_pim_prefill-1024xdecode_64_ops_trace.csv,2.026557922363281e-06,0.0001276731491088867,0.0001276731491088867,0.0,1.0,0
decode,L17_Add2,Add,GPU0,npu,NAIVE,15.097528312850333,15.0975352522573,6.939406967276796e-06,2623,1,17,-1,weights_on_pim_prefill-1024xdecode_64_ops_trace.csv,6.939406967276796e-06,0.00043718263893843817,0.0010250665644593857,0.0005878839255209476,2.344710135215892,0
decode,L18_LN,LN,GPU0,npu,NAIVE,15.0975352522573,15.097570561861945,3.530960464459554e-05,2624,1,18,-1,weights_on_pim_prefill-1024xdecode_64_ops_trace.csv,3.530960464459554e-05,0.002224505092609519,0.0052158196364809045,0.0029913145438713856,2.3447101352158914,0
decode,L18_Q_s0,Q,PIM0,pim,NAIVE,15.097575526819869,15.097611904494183,3.637767431641237e-05,2625,1,18,0,weights_on_pim_prefill-1024xdecode_64_ops_trace.csv,3.637767431641237e-05,0.002291793481933979,0.00027868027553089244,-0.002013113206403087,0.12159920940857293,0
decode,L18_K_s0,K,PIM0,pim,NAIVE,15.097611904494183,15.0976482821685,3.637767431641237e-05,2626,1,18,0,weights_on_pim_prefill-1024xdecode_64_ops_trace.csv,3.637767431641237e-05,0.002291793481933979,0.00027868027553089244,-0.002013113206403087,0.12159920940857293,0
decode,L18_V_s0,V,PIM0,pim,NAIVE,15.0976482821685,15.097684659842816,3.637767431641237e-05,2627,1,18,0,weights_on_pim_prefill-1024xdecode_64_ops_trace.csv,3.637767431641237e-05,0.002291793481933979,0.00027868027553089244,-0.002013113206403087,0.12159920940857293,0
decode,L18_Q_s1,Q,PIM1,pim,NAIVE,15.097575526819869,15.097611904494183,3.637767431641237e-05,2628,1,18,1,weights_on_pim_prefill-1024xdecode_64_ops_trace.csv,3.637767431641237e-05,0.002291793481933979,0.0002786802755308924,-0.002013113206403087,0.12159920940857291,0
decode,L18_K_s1,K,PIM1,pim,NAIVE,15.097611904494183,15.0976482821685,3.637767431641237e-05,2629,1,18,1,weights_on_pim_prefill-1024xdecode_64_ops_trace.csv,3.637767431641237e-05,0.002291793481933979,0.0002786802755308924,-0.002013113206403087,0.12159920940857291,0
decode,L18_V_s1,V,PIM1,pim,NAIVE,15.0976482821685,15.097684659842816,3.637767431641237e-05,2630,1,18,1,weights_on_pim_prefill-1024xdecode_64_ops_trace.csv,3.637767431641237e-05,0.002291793481933979,0.0002786802755308924,-0.002013113206403087,0.12159920940857291,0
decode,L18_K_write_s0,K_write,PIM0,pim,NAIVE,15.097684659842816,15.097684689842817,3.000000070585429e-08,2631,1,18,0,weights_on_pim_prefill-1024xdecode_64_ops_trace.csv,3.000000070585429e-08,1.8900000444688203e-06,1.8900000444688203e-06,0.0,1.0,0
decode,L18_QK_s0,QK,GPU0,npu,NAIVE,15.09900881911136,15.099011588239566,2.769128204960225e-06,2632,1,18,0,weights_on_pim_prefill-1024xdecode_64_ops_trace.csv,2.769128204960225e-06,0.00017445507691249418,0.00040904658697659297,0.0002345915100640988,2.3447101352158914,0
decode,L18_V_write_s0,V_write,PIM0,pim,NAIVE,15.097689814842816,15.097689844842815,3.000000070585429e-08,2633,1,18,0,weights_on_pim_prefill-1024xdecode_64_ops_trace.csv,3.000000070585429e-08,1.8900000444688203e-06,1.8900000444688203e-06,0.0,1.0,0
decode,L18_K_write_s1,K_write,PIM1,pim,NAIVE,15.097684659842816,15.097684689842817,3.000000070585429e-08,2634,1,18,1,weights_on_pim_prefill-1024xdecode_64_ops_trace.csv,3.000000070585429e-08,1.8900000444688203e-06,1.8900000444688203e-06,0.0,1.0,0
decode,L18_QK_s1,QK,GPU0,npu,NAIVE,15.099011588239566,15.099014357367771,2.769128204960225e-06,2635,1,18,1,weights_on_pim_prefill-1024xdecode_64_ops_trace.csv,2.769128204960225e-06,0.00017445507691249418,0.00040904658697659297,0.0002345915100640988,2.3447101352158914,0
decode,L18_V_write_s1,V_write,PIM1,pim,NAIVE,15.097689814842816,15.097689844842815,3.000000070585429e-08,2636,1,18,1,weights_on_pim_prefill-1024xdecode_64_ops_trace.csv,3.000000070585429e-08,1.8900000444688203e-06,1.8900000444688203e-06,0.0,1.0,0
decode,L18_Softmax_s0,Softmax,GPU0,npu,NAIVE,15.099014357367771,15.09901459601918,2.386514097452164e-07,2637,1,18,0,weights_on_pim_prefill-1024xdecode_64_ops_trace.csv,2.386514097452164e-07,1.5035038813948635e-05,3.525280789042968e-05,2.0217769076481044e-05,2.3447101352158914,0
decode,L18_Softmax_s1,Softmax,GPU0,npu,NAIVE,15.09901459601918,15.09901483467059,2.386514097452164e-07,2638,1,18,1,weights_on_pim_prefill-1024xdecode_64_ops_trace.csv,2.386514097452164e-07,1.5035038813948635e-05,3.525280789042968e-05,2.0217769076481044e-05,2.3447101352158914,0
decode,L18_SV_s0,SV,GPU0,npu,NAIVE,15.100338725287726,15.10034149441593,2.769128204960225e-06,2639,1,18,0,weights_on_pim_prefill-1024xdecode_64_ops_trace.csv,2.769128204960225e-06,0.00017445507691249418,0.00040904658697659297,0.0002345915100640988,2.3447101352158914,0
decode,L18_SV_s1,SV,GPU0,npu,NAIVE,15.10034149441593,15.100344263544136,2.769128204960225e-06,2640,1,18,1,weights_on_pim_prefill-1024xdecode_64_ops_trace.csv,2.769128204960225e-06,0.00017445507691249418,0.00040904658697659297,0.0002345915100640988,2.3447101352158914,0
decode,L18_O_s0,O,PIM0,pim,NAIVE,15.100344626894891,15.100378076569209,3.344967431573309e-05,2641,1,18,0,weights_on_pim_prefill-1024xdecode_64_ops_trace.csv,3.344967431573309e-05,0.0021073294818911847,0.0002562495989613457,-0.001851079882929839,0.12159920940857294,0
decode,L18_O_s1,O,PIM1,pim,NAIVE,15.100347396023096,15.100380845697412,3.344967431573309e-05,2642,1,18,1,weights_on_pim_prefill-1024xdecode_64_ops_trace.csv,3.344967431573309e-05,0.0021073294818911847,0.00025624959896134564,-0.001851079882929839,0.12159920940857291,0
decode,L18_AllReduce_O,ALLREDUCE,COMM,comm,COMM,15.100380845697412,15.100382872255334,2.026557922363281e-06,2643,1,18,-1,weights_on_pim_prefill-1024xdecode_64_ops_trace.csv,2.026557922363281e-06,0.0001276731491088867,0.0001276731491088867,0.0,1.0,0
decode,L18_Add1,Add,GPU0,npu,NAIVE,15.100387981504513,15.10039492091148,6.939406967276796e-06,2644,1,18,-1,weights_on_pim_prefill-1024xdecode_64_ops_trace.csv,6.939406967276796e-06,0.00043718263893843817,0.0010250665644593857,0.0005878839255209476,2.344710135215892,0
decode,L18_LN2,LN,GPU0,npu,NAIVE,15.10039492091148,15.100430230516125,3.530960464459554e-05,2645,1,18,-1,weights_on_pim_prefill-1024xdecode_64_ops_trace.csv,3.530960464459554e-05,0.002224505092609519,0.0052158196364809045,0.0029913145438713856,2.3447101352158914,0
decode,L18_FFN_W1_s0,FFN_W1,PIM0,pim,NAIVE,15.100435195474049,15.100531422473772,9.622699972489102e-05,2646,1,18,0,weights_on_pim_prefill-1024xdecode_64_ops_trace.csv,9.622699972489102e-05,0.006062300982668134,0.0007371710066892599,-0.005325129975978874,0.12159920940857294,0
decode,L18_FFN_W3_s0,FFN_W3,PIM1,pim,NAIVE,15.100435195474049,15.100524926473772,8.973099972564569e-05,2647,1,18,0,weights_on_pim_prefill-1024xdecode_64_ops_trace.csv,8.973099972564569e-05,0.005653052982715678,0.0006874067734430015,-0.004965646209272677,0.12159920940857291,0
decode,L18_FFN_W1_s1,FFN_W1,PIM1,pim,NAIVE,15.100524926473772,15.100621153473496,9.622699972489102e-05,2648,1,18,1,weights_on_pim_prefill-1024xdecode_64_ops_trace.csv,9.622699972489102e-05,0.006062300982668134,0.0007371710066892598,-0.005325129975978874,0.12159920940857293,0
decode,L18_FFN_W3_s1,FFN_W3,PIM0,pim,NAIVE,15.100531422473772,15.100621153473496,8.973099972564569e-05,2649,1,18,1,weights_on_pim_prefill-1024xdecode_64_ops_trace.csv,8.973099972564569e-05,0.005653052982715678,0.0006874067734430016,-0.004965646209272677,0.12159920940857293,0
decode,L18_SwiGLU_s0,SwiGLU,GPU0,npu,NAIVE,15.10053766226098,15.100544882401593,7.220140611607917e-06,2650,1,18,0,weights_on_pim_prefill-1024xdecode_64_ops_trace.csv,7.220140611607917e-06,0.00045486885853129877,0.0010665356227924196,0.0006116667642611208,2.344710135215891,0
decode,L18_SwiGLU_s1,SwiGLU,GPU0,npu,NAIVE,15.100627393260703,15.100634613401317,7.220140611607917e-06,2651,1,18,1,weights_on_pim_prefill-1024xdecode_64_ops_trace.csv,7.220140611607917e-06,0.00045486885853129877,0.0010665356227924196,0.0006116667642611208,2.344710135215891,0
decode,L18_FFN_W2_s0,FFN_W2,PIM0,pim,NAIVE,15.100621153473496,15.100715444473222,9.429099972457776e-05,2652,1,18,0,weights_on_pim_prefill-1024xdecode_64_ops_trace.csv,9.429099972457776e-05,0.005940332982648399,0.0007223397943137153,-0.0052179931883346835,0.12159920940857294,0
decode,L18_FFN_W2_s1,FFN_W2,PIM1,pim,NAIVE,15.100640838188523,15.10073512918825,9.429099972457776e-05,2653,1,18,1,weights_on_pim_prefill-1024xdecode_64_ops_trace.csv,9.429099972457776e-05,0.005940332982648399,0.0007223397943137153,-0.0052179931883346835,0.12159920940857294,0
decode,L18_AllReduce_FFN,ALLREDUCE,COMM,comm,COMM,15.10073512918825,15.100737155746172,2.026557922363281e-06,2654,1,18,-1,weights_on_pim_prefill-1024xdecode_64_ops_trace.csv,2.026557922363281e-06,0.0001276731491088867,0.0001276731491088867,0.0,1.0,0
decode,L18_Add2,Add,GPU0,npu,NAIVE,15.10074226499535,15.100749204402318,6.939406967276796e-06,2655,1,18,-1,weights_on_pim_prefill-1024xdecode_64_ops_trace.csv,6.939406967276796e-06,0.00043718263893843817,0.0010250665644593857,0.0005878839255209476,2.344710135215892,0
decode,L19_LN,LN,GPU0,npu,NAIVE,15.100749204402318,15.100784514006962,3.530960464459554e-05,2656,1,19,-1,weights_on_pim_prefill-1024xdecode_64_ops_trace.csv,3.530960464459554e-05,0.002224505092609519,0.0052158196364809045,0.0029913145438713856,2.3447101352158914,0
decode,L19_Q_s0,Q,PIM0,pim,NAIVE,15.100789478964884,15.1008258566392,3.637767431641237e-05,2657,1,19,0,weights_on_pim_prefill-1024xdecode_64_ops_trace.csv,3.637767431641237e-05,0.002291793481933979,0.00027868027553089244,-0.002013113206403087,0.12159920940857293,0
decode,L19_K_s0,K,PIM0,pim,NAIVE,15.1008258566392,15.100862234313515,3.637767431641237e-05,2658,1,19,0,weights_on_pim_prefill-1024xdecode_64_ops_trace.csv,3.637767431641237e-05,0.002291793481933979,0.00027868027553089244,-0.002013113206403087,0.12159920940857293,0
decode,L19_V_s0,V,PIM0,pim,NAIVE,15.100862234313515,15.100898611987834,3.637767431641237e-05,2659,1,19,0,weights_on_pim_prefill-1024xdecode_64_ops_trace.csv,3.637767431641237e-05,0.002291793481933979,0.00027868027553089244,-0.002013113206403087,0.12159920940857293,0
decode,L19_Q_s1,Q,PIM1,pim,NAIVE,15.100789478964884,15.1008258566392,3.637767431641237e-05,2660,1,19,1,weights_on_pim_prefill-1024xdecode_64_ops_trace.csv,3.637767431641237e-05,0.002291793481933979,0.0002786802755308924,-0.002013113206403087,0.12159920940857291,0
decode,L19_K_s1,K,PIM1,pim,NAIVE,15.1008258566392,15.100862234313515,3.637767431641237e-05,2661,1,19,1,weights_on_pim_prefill-1024xdecode_64_ops_trace.csv,3.637767431641237e-05,0.002291793481933979,0.0002786802755308924,-0.002013113206403087,0.12159920940857291,0
decode,L19_V_s1,V,PIM1,pim,NAIVE,15.100862234313515,15.100898611987834,3.637767431641237e-05,2662,1,19,1,weights_on_pim_prefill-1024xdecode_64_ops_trace.csv,3.637767431641237e-05,0.002291793481933979,0.0002786802755308924,-0.002013113206403087,0.12159920940857291,0
decode,L19_K_write_s0,K_write,PIM0,pim,NAIVE,15.100898611987834,15.100898641987834,3.000000070585429e-08,2663,1,19,0,weights_on_pim_prefill-1024xdecode_64_ops_trace.csv,3.000000070585429e-08,1.8900000444688203e-06,1.8900000444688203e-06,0.0,1.0,0
decode,L19_QK_s0,QK,GPU0,npu,NAIVE,15.10222277125638,15.102225540384584,2.769128204960225e-06,2664,1,19,0,weights_on_pim_prefill-1024xdecode_64_ops_trace.csv,2.769128204960225e-06,0.00017445507691249418,0.00040904658697659297,0.0002345915100640988,2.3447101352158914,0
decode,L19_V_write_s0,V_write,PIM0,pim,NAIVE,15.100903766987834,15.100903796987836,3.000000070585429e-08,2665,1,19,0,weights_on_pim_prefill-1024xdecode_64_ops_trace.csv,3.000000070585429e-08,1.8900000444688203e-06,1.8900000444688203e-06,0.0,1.0,0
decode,L19_K_write_s1,K_write,PIM1,pim,NAIVE,15.100898611987834,15.100898641987834,3.000000070585429e-08,2666,1,19,1,weights_on_pim_prefill-1024xdecode_64_ops_trace.csv,3.000000070585429e-08,1.8900000444688203e-06,1.8900000444688203e-06,0.0,1.0,0
decode,L19_QK_s1,QK,GPU0,npu,NAIVE,15.102225540384584,15.102228309512787,2.769128204960225e-06,2667,1,19,1,weights_on_pim_prefill-1024xdecode_64_ops_trace.csv,2.769128204960225e-06,0.00017445507691249418,0.00040904658697659297,0.0002345915100640988,2.3447101352158914,0
decode,L19_V_write_s1,V_write,PIM1,pim,NAIVE,15.100903766987834,15.100903796987836,3.000000070585429e-08,2668,1,19,1,weights_on_pim_prefill-1024xdecode_64_ops_trace.csv,3.000000070585429e-08,1.8900000444688203e-06,1.8900000444688203e-06,0.0,1.0,0
decode,L19_Softmax_s0,Softmax,GPU0,npu,NAIVE,15.102228309512787,15.1022285481642,2.386514097452164e-07,2669,1,19,0,weights_on_pim_prefill-1024xdecode_64_ops_trace.csv,2.386514097452164e-07,1.5035038813948635e-05,3.525280789042968e-05,2.0217769076481044e-05,2.3447101352158914,0
decode,L19_Softmax_s1,Softmax,GPU0,npu,NAIVE,15.1022285481642,15.102228786815608,2.386514097452164e-07,2670,1,19,1,weights_on_pim_prefill-1024xdecode_64_ops_trace.csv,2.386514097452164e-07,1.5035038813948635e-05,3.525280789042968e-05,2.0217769076481044e-05,2.3447101352158914,0
decode,L19_SV_s0,SV,GPU0,npu,NAIVE,15.103552677432743,15.103555446560948,2.769128204960225e-06,2671,1,19,0,weights_on_pim_prefill-1024xdecode_64_ops_trace.csv,2.769128204960225e-06,0.00017445507691249418,0.00040904658697659297,0.0002345915100640988,2.3447101352158914,0
decode,L19_SV_s1,SV,GPU0,npu,NAIVE,15.103555446560948,15.103558215689151,2.769128204960225e-06,2672,1,19,1,weights_on_pim_prefill-1024xdecode_64_ops_trace.csv,2.769128204960225e-06,0.00017445507691249418,0.00040904658697659297,0.0002345915100640988,2.3447101352158914,0
decode,L19_O_s0,O,PIM0,pim,NAIVE,15.103558579039907,15.103592028714225,3.344967431573309e-05,2673,1,19,0,weights_on_pim_prefill-1024xdecode_64_ops_trace.csv,3.344967431573309e-05,0.0021073294818911847,0.0002562495989613457,-0.001851079882929839,0.12159920940857294,0
decode,L19_O_s1,O,PIM1,pim,NAIVE,15.103561348168114,15.10359479784243,3.344967431573309e-05,2674,1,19,1,weights_on_pim_prefill-1024xdecode_64_ops_trace.csv,3.344967431573309e-05,0.0021073294818911847,0.00025624959896134564,-0.001851079882929839,0.12159920940857291,0
decode,L19_AllReduce_O,ALLREDUCE,COMM,comm,COMM,15.10359479784243,15.103596824400352,2.026557922363281e-06,2675,1,19,-1,weights_on_pim_prefill-1024xdecode_64_ops_trace.csv,2.026557922363281e-06,0.0001276731491088867,0.0001276731491088867,0.0,1.0,0
decode,L19_Add1,Add,GPU0,npu,NAIVE,15.10360193364953,15.103608873056498,6.939406967276796e-06,2676,1,19,-1,weights_on_pim_prefill-1024xdecode_64_ops_trace.csv,6.939406967276796e-06,0.00043718263893843817,0.0010250665644593857,0.0005878839255209476,2.344710135215892,0
decode,L19_LN2,LN,GPU0,npu,NAIVE,15.103608873056498,15.103644182661142,3.530960464459554e-05,2677,1,19,-1,weights_on_pim_prefill-1024xdecode_64_ops_trace.csv,3.530960464459554e-05,0.002224505092609519,0.0052158196364809045,0.0029913145438713856,2.3447101352158914,0
decode,L19_FFN_W1_s0,FFN_W1,PIM0,pim,NAIVE,15.103649147619064,15.10374537461879,9.622699972489102e-05,2678,1,19,0,weights_on_pim_prefill-1024xdecode_64_ops_trace.csv,9.622699972489102e-05,0.006062300982668134,0.0007371710066892599,-0.005325129975978874,0.12159920940857294,0
decode,L19_FFN_W3_s0,FFN_W3,PIM1,pim,NAIVE,15.103649147619064,15.10373887861879,8.973099972564569e-05,2679,1,19,0,weights_on_pim_prefill-1024xdecode_64_ops_trace.csv,8.973099972564569e-05,0.005653052982715678,0.0006874067734430015,-0.004965646209272677,0.12159920940857291,0
decode,L19_FFN_W1_s1,FFN_W1,PIM1,pim,NAIVE,15.10373887861879,15.103835105618517,9.622699972489102e-05,2680,1,19,1,weights_on_pim_prefill-1024xdecode_64_ops_trace.csv,9.622699972489102e-05,0.006062300982668134,0.0007371710066892598,-0.005325129975978874,0.12159920940857293,0
decode,L19_FFN_W3_s1,FFN_W3,PIM0,pim,NAIVE,15.10374537461879,15.103835105618517,8.973099972564569e-05,2681,1,19,1,weights_on_pim_prefill-1024xdecode_64_ops_trace.csv,8.973099972564569e-05,0.005653052982715678,0.0006874067734430016,-0.004965646209272677,0.12159920940857293,0
decode,L19_SwiGLU_s0,SwiGLU,GPU0,npu,NAIVE,15.103751614405995,15.103758834546609,7.220140611607917e-06,2682,1,19,0,weights_on_pim_prefill-1024xdecode_64_ops_trace.csv,7.220140611607917e-06,0.00045486885853129877,0.0010665356227924196,0.0006116667642611208,2.344710135215891,0
decode,L19_SwiGLU_s1,SwiGLU,GPU0,npu,NAIVE,15.103841345405725,15.103848565546334,7.220140611607917e-06,2683,1,19,1,weights_on_pim_prefill-1024xdecode_64_ops_trace.csv,7.220140611607917e-06,0.00045486885853129877,0.0010665356227924196,0.0006116667642611208,2.344710135215891,0
decode,L19_FFN_W2_s0,FFN_W2,PIM0,pim,NAIVE,15.103835105618517,15.10392939661824,9.429099972457776e-05,2684,1,19,0,weights_on_pim_prefill-1024xdecode_64_ops_trace.csv,9.429099972457776e-05,0.005940332982648399,0.0007223397943137153,-0.0052179931883346835,0.12159920940857294,0
decode,L19_FFN_W2_s1,FFN_W2,PIM1,pim,NAIVE,15.103854790333544,15.103949081333267,9.429099972457776e-05,2685,1,19,1,weights_on_pim_prefill-1024xdecode_64_ops_trace.csv,9.429099972457776e-05,0.005940332982648399,0.0007223397943137153,-0.0052179931883346835,0.12159920940857294,0
decode,L19_AllReduce_FFN,ALLREDUCE,COMM,comm,COMM,15.103949081333267,15.10395110789119,2.026557922363281e-06,2686,1,19,-1,weights_on_pim_prefill-1024xdecode_64_ops_trace.csv,2.026557922363281e-06,0.0001276731491088867,0.0001276731491088867,0.0,1.0,0
decode,L19_Add2,Add,GPU0,npu,NAIVE,15.103956217140368,15.103963156547335,6.939406967276796e-06,2687,1,19,-1,weights_on_pim_prefill-1024xdecode_64_ops_trace.csv,6.939406967276796e-06,0.00043718263893843817,0.0010250665644593857,0.0005878839255209476,2.344710135215892,0
decode,L20_LN,LN,GPU0,npu,NAIVE,15.103963156547335,15.10399846615198,3.530960464459554e-05,2688,1,20,-1,weights_on_pim_prefill-1024xdecode_64_ops_trace.csv,3.530960464459554e-05,0.002224505092609519,0.0052158196364809045,0.0029913145438713856,2.3447101352158914,0
decode,L20_Q_s0,Q,PIM0,pim,NAIVE,15.104003431109902,15.104039808784218,3.637767431641237e-05,2689,1,20,0,weights_on_pim_prefill-1024xdecode_64_ops_trace.csv,3.637767431641237e-05,0.002291793481933979,0.00027868027553089244,-0.002013113206403087,0.12159920940857293,0
decode,L20_K_s0,K,PIM0,pim,NAIVE,15.104039808784218,15.104076186458537,3.637767431641237e-05,2690,1,20,0,weights_on_pim_prefill-1024xdecode_64_ops_trace.csv,3.637767431641237e-05,0.002291793481933979,0.00027868027553089244,-0.002013113206403087,0.12159920940857293,0
decode,L20_V_s0,V,PIM0,pim,NAIVE,15.104076186458537,15.104112564132851,3.637767431641237e-05,2691,1,20,0,weights_on_pim_prefill-1024xdecode_64_ops_trace.csv,3.637767431641237e-05,0.002291793481933979,0.00027868027553089244,-0.002013113206403087,0.12159920940857293,0
decode,L20_Q_s1,Q,PIM1,pim,NAIVE,15.104003431109902,15.104039808784218,3.637767431641237e-05,2692,1,20,1,weights_on_pim_prefill-1024xdecode_64_ops_trace.csv,3.637767431641237e-05,0.002291793481933979,0.0002786802755308924,-0.002013113206403087,0.12159920940857291,0
decode,L20_K_s1,K,PIM1,pim,NAIVE,15.104039808784218,15.104076186458537,3.637767431641237e-05,2693,1,20,1,weights_on_pim_prefill-1024xdecode_64_ops_trace.csv,3.637767431641237e-05,0.002291793481933979,0.0002786802755308924,-0.002013113206403087,0.12159920940857291,0
decode,L20_V_s1,V,PIM1,pim,NAIVE,15.104076186458537,15.104112564132851,3.637767431641237e-05,2694,1,20,1,weights_on_pim_prefill-1024xdecode_64_ops_trace.csv,3.637767431641237e-05,0.002291793481933979,0.0002786802755308924,-0.002013113206403087,0.12159920940857291,0
decode,L20_K_write_s0,K_write,PIM0,pim,NAIVE,15.104112564132851,15.104112594132852,3.000000070585429e-08,2695,1,20,0,weights_on_pim_prefill-1024xdecode_64_ops_trace.csv,3.000000070585429e-08,1.8900000444688203e-06,1.8900000444688203e-06,0.0,1.0,0
decode,L20_QK_s0,QK,GPU0,npu,NAIVE,15.105436723401397,15.105439492529602,2.769128204960225e-06,2696,1,20,0,weights_on_pim_prefill-1024xdecode_64_ops_trace.csv,2.769128204960225e-06,0.00017445507691249418,0.00040904658697659297,0.0002345915100640988,2.3447101352158914,0
decode,L20_V_write_s0,V_write,PIM0,pim,NAIVE,15.104117719132852,15.104117749132852,3.000000070585429e-08,2697,1,20,0,weights_on_pim_prefill-1024xdecode_64_ops_trace.csv,3.000000070585429e-08,1.8900000444688203e-06,1.8900000444688203e-06,0.0,1.0,0
decode,L20_K_write_s1,K_write,PIM1,pim,NAIVE,15.104112564132851,15.104112594132852,3.000000070585429e-08,2698,1,20,1,weights_on_pim_prefill-1024xdecode_64_ops_trace.csv,3.000000070585429e-08,1.8900000444688203e-06,1.8900000444688203e-06,0.0,1.0,0
decode,L20_QK_s1,QK,GPU0,npu,NAIVE,15.105439492529602,15.105442261657808,2.769128204960225e-06,2699,1,20,1,weights_on_pim_prefill-1024xdecode_64_ops_trace.csv,2.769128204960225e-06,0.00017445507691249418,0.00040904658697659297,0.0002345915100640988,2.3447101352158914,0
decode,L20_V_write_s1,V_write,PIM1,pim,NAIVE,15.104117719132852,15.104117749132852,3.000000070585429e-08,2700,1,20,1,weights_on_pim_prefill-1024xdecode_64_ops_trace.csv,3.000000070585429e-08,1.8900000444688203e-06,1.8900000444688203e-06,0.0,1.0,0
decode,L20_Softmax_s0,Softmax,GPU0,npu,NAIVE,15.105442261657808,15.105442500309216,2.386514097452164e-07,2701,1,20,0,weights_on_pim_prefill-1024xdecode_64_ops_trace.csv,2.386514097452164e-07,1.5035038813948635e-05,3.525280789042968e-05,2.0217769076481044e-05,2.3447101352158914,0
decode,L20_Softmax_s1,Softmax,GPU0,npu,NAIVE,15.105442500309216,15.105442738960626,2.386514097452164e-07,2702,1,20,1,weights_on_pim_prefill-1024xdecode_64_ops_trace.csv,2.386514097452164e-07,1.5035038813948635e-05,3.525280789042968e-05,2.0217769076481044e-05,2.3447101352158914,0
decode,L20_SV_s0,SV,GPU0,npu,NAIVE,15.10676662957776,15.106769398705966,2.769128204960225e-06,2703,1,20,0,weights_on_pim_prefill-1024xdecode_64_ops_trace.csv,2.769128204960225e-06,0.00017445507691249418,0.00040904658697659297,0.0002345915100640988,2.3447101352158914,0
decode,L20_SV_s1,SV,GPU0,npu,NAIVE,15.106769398705966,15.10677216783417,2.769128204960225e-06,2704,1,20,1,weights_on_pim_prefill-1024xdecode_64_ops_trace.csv,2.769128204960225e-06,0.00017445507691249418,0.00040904658697659297,0.0002345915100640988,2.3447101352158914,0
decode,L20_O_s0,O,PIM0,pim,NAIVE,15.106772531184928,15.106805980859242,3.344967431573309e-05,2705,1,20,0,weights_on_pim_prefill-1024xdecode_64_ops_trace.csv,3.344967431573309e-05,0.0021073294818911847,0.0002562495989613457,-0.001851079882929839,0.12159920940857294,0
decode,L20_O_s1,O,PIM1,pim,NAIVE,15.106775300313132,15.106808749987447,3.344967431573309e-05,2706,1,20,1,weights_on_pim_prefill-1024xdecode_64_ops_trace.csv,3.344967431573309e-05,0.0021073294818911847,0.00025624959896134564,-0.001851079882929839,0.12159920940857291,0
decode,L20_AllReduce_O,ALLREDUCE,COMM,comm,COMM,15.106808749987447,15.10681077654537,2.026557922363281e-06,2707,1,20,-1,weights_on_pim_prefill-1024xdecode_64_ops_trace.csv,2.026557922363281e-06,0.0001276731491088867,0.0001276731491088867,0.0,1.0,0
decode,L20_Add1,Add,GPU0,npu,NAIVE,15.106815885794548,15.106822825201515,6.939406967276796e-06,2708,1,20,-1,weights_on_pim_prefill-1024xdecode_64_ops_trace.csv,6.939406967276796e-06,0.00043718263893843817,0.0010250665644593857,0.0005878839255209476,2.344710135215892,0
decode,L20_LN2,LN,GPU0,npu,NAIVE,15.106822825201515,15.10685813480616,3.530960464459554e-05,2709,1,20,-1,weights_on_pim_prefill-1024xdecode_64_ops_trace.csv,3.530960464459554e-05,0.002224505092609519,0.0052158196364809045,0.0029913145438713856,2.3447101352158914,0
decode,L20_FFN_W1_s0,FFN_W1,PIM0,pim,NAIVE,15.106863099764082,15.106959326763809,9.622699972489102e-05,2710,1,20,0,weights_on_pim_prefill-1024xdecode_64_ops_trace.csv,9.622699972489102e-05,0.006062300982668134,0.0007371710066892599,-0.005325129975978874,0.12159920940857294,0
decode,L20_FFN_W3_s0,FFN_W3,PIM1,pim,NAIVE,15.106863099764082,15.106952830763808,8.973099972564569e-05,2711,1,20,0,weights_on_pim_prefill-1024xdecode_64_ops_trace.csv,8.973099972564569e-05,0.005653052982715678,0.0006874067734430015,-0.004965646209272677,0.12159920940857291,0
decode,L20_FFN_W1_s1,FFN_W1,PIM1,pim,NAIVE,15.106952830763808,15.107049057763533,9.622699972489102e-05,2712,1,20,1,weights_on_pim_prefill-1024xdecode_64_ops_trace.csv,9.622699972489102e-05,0.006062300982668134,0.0007371710066892598,-0.005325129975978874,0.12159920940857293,0
decode,L20_FFN_W3_s1,FFN_W3,PIM0,pim,NAIVE,15.106959326763809,15.107049057763533,8.973099972564569e-05,2713,1,20,1,weights_on_pim_prefill-1024xdecode_64_ops_trace.csv,8.973099972564569e-05,0.005653052982715678,0.0006874067734430016,-0.004965646209272677,0.12159920940857293,0
decode,L20_SwiGLU_s0,SwiGLU,GPU0,npu,NAIVE,15.106965566551017,15.106972786691626,7.220140611607917e-06,2714,1,20,0,weights_on_pim_prefill-1024xdecode_64_ops_trace.csv,7.220140611607917e-06,0.00045486885853129877,0.0010665356227924196,0.0006116667642611208,2.344710135215891,0
decode,L20_SwiGLU_s1,SwiGLU,GPU0,npu,NAIVE,15.10705529755074,15.107062517691352,7.220140611607917e-06,2715,1,20,1,weights_on_pim_prefill-1024xdecode_64_ops_trace.csv,7.220140611607917e-06,0.00045486885853129877,0.0010665356227924196,0.0006116667642611208,2.344710135215891,0
decode,L20_FFN_W2_s0,FFN_W2,PIM0,pim,NAIVE,15.107049057763533,15.107143348763255,9.429099972457776e-05,2716,1,20,0,weights_on_pim_prefill-1024xdecode_64_ops_trace.csv,9.429099972457776e-05,0.005940332982648399,0.0007223397943137153,-0.0052179931883346835,0.12159920940857294,0
decode,L20_FFN_W2_s1,FFN_W2,PIM1,pim,NAIVE,15.10706874247856,15.107163033478283,9.429099972457776e-05,2717,1,20,1,weights_on_pim_prefill-1024xdecode_64_ops_trace.csv,9.429099972457776e-05,0.005940332982648399,0.0007223397943137153,-0.0052179931883346835,0.12159920940857294,0
decode,L20_AllReduce_FFN,ALLREDUCE,COMM,comm,COMM,15.107163033478283,15.107165060036207,2.026557922363281e-06,2718,1,20,-1,weights_on_pim_prefill-1024xdecode_64_ops_trace.csv,2.026557922363281e-06,0.0001276731491088867,0.0001276731491088867,0.0,1.0,0
decode,L20_Add2,Add,GPU0,npu,NAIVE,15.107170169285386,15.107177108692351,6.939406967276796e-06,2719,1,20,-1,weights_on_pim_prefill-1024xdecode_64_ops_trace.csv,6.939406967276796e-06,0.00043718263893843817,0.0010250665644593857,0.0005878839255209476,2.344710135215892,0
decode,L21_LN,LN,GPU0,npu,NAIVE,15.107177108692351,15.107212418296998,3.530960464459554e-05,2720,1,21,-1,weights_on_pim_prefill-1024xdecode_64_ops_trace.csv,3.530960464459554e-05,0.002224505092609519,0.0052158196364809045,0.0029913145438713856,2.3447101352158914,0
decode,L21_Q_s0,Q,PIM0,pim,NAIVE,15.10721738325492,15.107253760929236,3.637767431641237e-05,2721,1,21,0,weights_on_pim_prefill-1024xdecode_64_ops_trace.csv,3.637767431641237e-05,0.002291793481933979,0.00027868027553089244,-0.002013113206403087,0.12159920940857293,0
decode,L21_K_s0,K,PIM0,pim,NAIVE,15.107253760929236,15.107290138603553,3.637767431641237e-05,2722,1,21,0,weights_on_pim_prefill-1024xdecode_64_ops_trace.csv,3.637767431641237e-05,0.002291793481933979,0.00027868027553089244,-0.002013113206403087,0.12159920940857293,0
decode,L21_V_s0,V,PIM0,pim,NAIVE,15.107290138603553,15.107326516277867,3.637767431641237e-05,2723,1,21,0,weights_on_pim_prefill-1024xdecode_64_ops_trace.csv,3.637767431641237e-05,0.002291793481933979,0.00027868027553089244,-0.002013113206403087,0.12159920940857293,0
decode,L21_Q_s1,Q,PIM1,pim,NAIVE,15.10721738325492,15.107253760929236,3.637767431641237e-05,2724,1,21,1,weights_on_pim_prefill-1024xdecode_64_ops_trace.csv,3.637767431641237e-05,0.002291793481933979,0.0002786802755308924,-0.002013113206403087,0.12159920940857291,0
decode,L21_K_s1,K,PIM1,pim,NAIVE,15.107253760929236,15.107290138603553,3.637767431641237e-05,2725,1,21,1,weights_on_pim_prefill-1024xdecode_64_ops_trace.csv,3.637767431641237e-05,0.002291793481933979,0.0002786802755308924,-0.002013113206403087,0.12159920940857291,0
decode,L21_V_s1,V,PIM1,pim,NAIVE,15.107290138603553,15.107326516277867,3.637767431641237e-05,2726,1,21,1,weights_on_pim_prefill-1024xdecode_64_ops_trace.csv,3.637767431641237e-05,0.002291793481933979,0.0002786802755308924,-0.002013113206403087,0.12159920940857291,0
decode,L21_K_write_s0,K_write,PIM0,pim,NAIVE,15.107326516277867,15.10732654627787,3.000000070585429e-08,2727,1,21,0,weights_on_pim_prefill-1024xdecode_64_ops_trace.csv,3.000000070585429e-08,1.8900000444688203e-06,1.8900000444688203e-06,0.0,1.0,0
decode,L21_QK_s0,QK,GPU0,npu,NAIVE,15.108650675546414,15.10865344467462,2.769128204960225e-06,2728,1,21,0,weights_on_pim_prefill-1024xdecode_64_ops_trace.csv,2.769128204960225e-06,0.00017445507691249418,0.00040904658697659297,0.0002345915100640988,2.3447101352158914,0
decode,L21_V_write_s0,V_write,PIM0,pim,NAIVE,15.10733167127787,15.10733170127787,3.000000070585429e-08,2729,1,21,0,weights_on_pim_prefill-1024xdecode_64_ops_trace.csv,3.000000070585429e-08,1.8900000444688203e-06,1.8900000444688203e-06,0.0,1.0,0
decode,L21_K_write_s1,K_write,PIM1,pim,NAIVE,15.107326516277867,15.10732654627787,3.000000070585429e-08,2730,1,21,1,weights_on_pim_prefill-1024xdecode_64_ops_trace.csv,3.000000070585429e-08,1.8900000444688203e-06,1.8900000444688203e-06,0.0,1.0,0
decode,L21_QK_s1,QK,GPU0,npu,NAIVE,15.10865344467462,15.108656213802824,2.769128204960225e-06,2731,1,21,1,weights_on_pim_prefill-1024xdecode_64_ops_trace.csv,2.769128204960225e-06,0.00017445507691249418,0.00040904658697659297,0.0002345915100640988,2.3447101352158914,0
decode,L21_V_write_s1,V_write,PIM1,pim,NAIVE,15.10733167127787,15.10733170127787,3.000000070585429e-08,2732,1,21,1,weights_on_pim_prefill-1024xdecode_64_ops_trace.csv,3.000000070585429e-08,1.8900000444688203e-06,1.8900000444688203e-06,0.0,1.0,0
decode,L21_Softmax_s0,Softmax,GPU0,npu,NAIVE,15.108656213802824,15.108656452454234,2.386514097452164e-07,2733,1,21,0,weights_on_pim_prefill-1024xdecode_64_ops_trace.csv,2.386514097452164e-07,1.5035038813948635e-05,3.525280789042968e-05,2.0217769076481044e-05,2.3447101352158914,0
decode,L21_Softmax_s1,Softmax,GPU0,npu,NAIVE,15.108656452454234,15.108656691105644,2.386514097452164e-07,2734,1,21,1,weights_on_pim_prefill-1024xdecode_64_ops_trace.csv,2.386514097452164e-07,1.5035038813948635e-05,3.525280789042968e-05,2.0217769076481044e-05,2.3447101352158914,0
decode,L21_SV_s0,SV,GPU0,npu,NAIVE,15.10998058172278,15.109983350850984,2.769128204960225e-06,2735,1,21,0,weights_on_pim_prefill-1024xdecode_64_ops_trace.csv,2.769128204960225e-06,0.00017445507691249418,0.00040904658697659297,0.0002345915100640988,2.3447101352158914,0
decode,L21_SV_s1,SV,GPU0,npu,NAIVE,15.109983350850984,15.109986119979189,2.769128204960225e-06,2736,1,21,1,weights_on_pim_prefill-1024xdecode_64_ops_trace.csv,2.769128204960225e-06,0.00017445507691249418,0.00040904658697659297,0.0002345915100640988,2.3447101352158914,0
decode,L21_O_s0,O,PIM0,pim,NAIVE,15.109986483329944,15.11001993300426,3.344967431573309e-05,2737,1,21,0,weights_on_pim_prefill-1024xdecode_64_ops_trace.csv,3.344967431573309e-05,0.0021073294818911847,0.0002562495989613457,-0.001851079882929839,0.12159920940857294,0
decode,L21_O_s1,O,PIM1,pim,NAIVE,15.10998925245815,15.110022702132463,3.344967431573309e-05,2738,1,21,1,weights_on_pim_prefill-1024xdecode_64_ops_trace.csv,3.344967431573309e-05,0.0021073294818911847,0.00025624959896134564,-0.001851079882929839,0.12159920940857291,0
decode,L21_AllReduce_O,ALLREDUCE,COMM,comm,COMM,15.110022702132463,15.110024728690387,2.026557922363281e-06,2739,1,21,-1,weights_on_pim_prefill-1024xdecode_64_ops_trace.csv,2.026557922363281e-06,0.0001276731491088867,0.0001276731491088867,0.0,1.0,0
decode,L21_Add1,Add,GPU0,npu,NAIVE,15.110029837939566,15.110036777346531,6.939406967276796e-06,2740,1,21,-1,weights_on_pim_prefill-1024xdecode_64_ops_trace.csv,6.939406967276796e-06,0.00043718263893843817,0.0010250665644593857,0.0005878839255209476,2.344710135215892,0
decode,L21_LN2,LN,GPU0,npu,NAIVE,15.110036777346531,15.110072086951178,3.530960464459554e-05,2741,1,21,-1,weights_on_pim_prefill-1024xdecode_64_ops_trace.csv,3.530960464459554e-05,0.002224505092609519,0.0052158196364809045,0.0029913145438713856,2.3447101352158914,0
decode,L21_FFN_W1_s0,FFN_W1,PIM0,pim,NAIVE,15.1100770519091,15.110173278908825,9.622699972489102e-05,2742,1,21,0,weights_on_pim_prefill-1024xdecode_64_ops_trace.csv,9.622699972489102e-05,0.006062300982668134,0.0007371710066892599,-0.005325129975978874,0.12159920940857294,0
decode,L21_FFN_W3_s0,FFN_W3,PIM1,pim,NAIVE,15.1100770519091,15.110166782908824,8.973099972564569e-05,2743,1,21,0,weights_on_pim_prefill-1024xdecode_64_ops_trace.csv,8.973099972564569e-05,0.005653052982715678,0.0006874067734430015,-0.004965646209272677,0.12159920940857291,0
decode,L21_FFN_W1_s1,FFN_W1,PIM1,pim,NAIVE,15.110166782908824,15.11026300990855,9.622699972489102e-05,2744,1,21,1,weights_on_pim_prefill-1024xdecode_64_ops_trace.csv,9.622699972489102e-05,0.006062300982668134,0.0007371710066892598,-0.005325129975978874,0.12159920940857293,0
decode,L21_FFN_W3_s1,FFN_W3,PIM0,pim,NAIVE,15.110173278908825,15.11026300990855,8.973099972564569e-05,2745,1,21,1,weights_on_pim_prefill-1024xdecode_64_ops_trace.csv,8.973099972564569e-05,0.005653052982715678,0.0006874067734430016,-0.004965646209272677,0.12159920940857293,0
decode,L21_SwiGLU_s0,SwiGLU,GPU0,npu,NAIVE,15.110179518696032,15.110186738836644,7.220140611607917e-06,2746,1,21,0,weights_on_pim_prefill-1024xdecode_64_ops_trace.csv,7.220140611607917e-06,0.00045486885853129877,0.0010665356227924196,0.0006116667642611208,2.344710135215891,0
decode,L21_SwiGLU_s1,SwiGLU,GPU0,npu,NAIVE,15.110269249695758,15.11027646983637,7.220140611607917e-06,2747,1,21,1,weights_on_pim_prefill-1024xdecode_64_ops_trace.csv,7.220140611607917e-06,0.00045486885853129877,0.0010665356227924196,0.0006116667642611208,2.344710135215891,0
decode,L21_FFN_W2_s0,FFN_W2,PIM0,pim,NAIVE,15.11026300990855,15.110357300908277,9.429099972457776e-05,2748,1,21,0,weights_on_pim_prefill-1024xdecode_64_ops_trace.csv,9.429099972457776e-05,0.005940332982648399,0.0007223397943137153,-0.0052179931883346835,0.12159920940857294,0
decode,L21_FFN_W2_s1,FFN_W2,PIM1,pim,NAIVE,15.110282694623578,15.110376985623304,9.429099972457776e-05,2749,1,21,1,weights_on_pim_prefill-1024xdecode_64_ops_trace.csv,9.429099972457776e-05,0.005940332982648399,0.0007223397943137153,-0.0052179931883346835,0.12159920940857294,0
decode,L21_AllReduce_FFN,ALLREDUCE,COMM,comm,COMM,15.110376985623304,15.110379012181223,2.026557922363281e-06,2750,1,21,-1,weights_on_pim_prefill-1024xdecode_64_ops_trace.csv,2.026557922363281e-06,0.0001276731491088867,0.0001276731491088867,0.0,1.0,0
decode,L21_Add2,Add,GPU0,npu,NAIVE,15.110384121430403,15.11039106083737,6.939406967276796e-06,2751,1,21,-1,weights_on_pim_prefill-1024xdecode_64_ops_trace.csv,6.939406967276796e-06,0.00043718263893843817,0.0010250665644593857,0.0005878839255209476,2.344710135215892,0
decode,L22_LN,LN,GPU0,npu,NAIVE,15.11039106083737,15.110426370442015,3.530960464459554e-05,2752,1,22,-1,weights_on_pim_prefill-1024xdecode_64_ops_trace.csv,3.530960464459554e-05,0.002224505092609519,0.0052158196364809045,0.0029913145438713856,2.3447101352158914,0
decode,L22_Q_s0,Q,PIM0,pim,NAIVE,15.110431335399936,15.110467713074254,3.637767431641237e-05,2753,1,22,0,weights_on_pim_prefill-1024xdecode_64_ops_trace.csv,3.637767431641237e-05,0.002291793481933979,0.00027868027553089244,-0.002013113206403087,0.12159920940857293,0
decode,L22_K_s0,K,PIM0,pim,NAIVE,15.110467713074254,15.11050409074857,3.637767431641237e-05,2754,1,22,0,weights_on_pim_prefill-1024xdecode_64_ops_trace.csv,3.637767431641237e-05,0.002291793481933979,0.00027868027553089244,-0.002013113206403087,0.12159920940857293,0
decode,L22_V_s0,V,PIM0,pim,NAIVE,15.11050409074857,15.110540468422888,3.637767431641237e-05,2755,1,22,0,weights_on_pim_prefill-1024xdecode_64_ops_trace.csv,3.637767431641237e-05,0.002291793481933979,0.00027868027553089244,-0.002013113206403087,0.12159920940857293,0
decode,L22_Q_s1,Q,PIM1,pim,NAIVE,15.110431335399936,15.110467713074254,3.637767431641237e-05,2756,1,22,1,weights_on_pim_prefill-1024xdecode_64_ops_trace.csv,3.637767431641237e-05,0.002291793481933979,0.0002786802755308924,-0.002013113206403087,0.12159920940857291,0
decode,L22_K_s1,K,PIM1,pim,NAIVE,15.110467713074254,15.11050409074857,3.637767431641237e-05,2757,1,22,1,weights_on_pim_prefill-1024xdecode_64_ops_trace.csv,3.637767431641237e-05,0.002291793481933979,0.0002786802755308924,-0.002013113206403087,0.12159920940857291,0
decode,L22_V_s1,V,PIM1,pim,NAIVE,15.11050409074857,15.110540468422888,3.637767431641237e-05,2758,1,22,1,weights_on_pim_prefill-1024xdecode_64_ops_trace.csv,3.637767431641237e-05,0.002291793481933979,0.0002786802755308924,-0.002013113206403087,0.12159920940857291,0
decode,L22_K_write_s0,K_write,PIM0,pim,NAIVE,15.110540468422888,15.110540498422887,3.000000070585429e-08,2759,1,22,0,weights_on_pim_prefill-1024xdecode_64_ops_trace.csv,3.000000070585429e-08,1.8900000444688203e-06,1.8900000444688203e-06,0.0,1.0,0
decode,L22_QK_s0,QK,GPU0,npu,NAIVE,15.111864627691432,15.111867396819637,2.769128204960225e-06,2760,1,22,0,weights_on_pim_prefill-1024xdecode_64_ops_trace.csv,2.769128204960225e-06,0.00017445507691249418,0.00040904658697659297,0.0002345915100640988,2.3447101352158914,0
decode,L22_V_write_s0,V_write,PIM0,pim,NAIVE,15.110545623422889,15.110545653422887,3.000000070585429e-08,2761,1,22,0,weights_on_pim_prefill-1024xdecode_64_ops_trace.csv,3.000000070585429e-08,1.8900000444688203e-06,1.8900000444688203e-06,0.0,1.0,0
decode,L22_K_write_s1,K_write,PIM1,pim,NAIVE,15.110540468422888,15.110540498422887,3.000000070585429e-08,2762,1,22,1,weights_on_pim_prefill-1024xdecode_64_ops_trace.csv,3.000000070585429e-08,1.8900000444688203e-06,1.8900000444688203e-06,0.0,1.0,0
decode,L22_QK_s1,QK,GPU0,npu,NAIVE,15.111867396819637,15.111870165947842,2.769128204960225e-06,2763,1,22,1,weights_on_pim_prefill-1024xdecode_64_ops_trace.csv,2.769128204960225e-06,0.00017445507691249418,0.00040904658697659297,0.0002345915100640988,2.3447101352158914,0
decode,L22_V_write_s1,V_write,PIM1,pim,NAIVE,15.110545623422889,15.110545653422887,3.000000070585429e-08,2764,1,22,1,weights_on_pim_prefill-1024xdecode_64_ops_trace.csv,3.000000070585429e-08,1.8900000444688203e-06,1.8900000444688203e-06,0.0,1.0,0
decode,L22_Softmax_s0,Softmax,GPU0,npu,NAIVE,15.111870165947842,15.111870404599252,2.386514097452164e-07,2765,1,22,0,weights_on_pim_prefill-1024xdecode_64_ops_trace.csv,2.386514097452164e-07,1.5035038813948635e-05,3.525280789042968e-05,2.0217769076481044e-05,2.3447101352158914,0
decode,L22_Softmax_s1,Softmax,GPU0,npu,NAIVE,15.111870404599252,15.11187064325066,2.386514097452164e-07,2766,1,22,1,weights_on_pim_prefill-1024xdecode_64_ops_trace.csv,2.386514097452164e-07,1.5035038813948635e-05,3.525280789042968e-05,2.0217769076481044e-05,2.3447101352158914,0
decode,L22_SV_s0,SV,GPU0,npu,NAIVE,15.113194533867796,15.113197302996,2.769128204960225e-06,2767,1,22,0,weights_on_pim_prefill-1024xdecode_64_ops_trace.csv,2.769128204960225e-06,0.00017445507691249418,0.00040904658697659297,0.0002345915100640988,2.3447101352158914,0
decode,L22_SV_s1,SV,GPU0,npu,NAIVE,15.113197302996,15.113200072124206,2.769128204960225e-06,2768,1,22,1,weights_on_pim_prefill-1024xdecode_64_ops_trace.csv,2.769128204960225e-06,0.00017445507691249418,0.00040904658697659297,0.0002345915100640988,2.3447101352158914,0
decode,L22_O_s0,O,PIM0,pim,NAIVE,15.113200435474962,15.113233885149278,3.344967431573309e-05,2769,1,22,0,weights_on_pim_prefill-1024xdecode_64_ops_trace.csv,3.344967431573309e-05,0.0021073294818911847,0.0002562495989613457,-0.001851079882929839,0.12159920940857294,0
decode,L22_O_s1,O,PIM1,pim,NAIVE,15.113203204603169,15.113236654277484,3.344967431573309e-05,2770,1,22,1,weights_on_pim_prefill-1024xdecode_64_ops_trace.csv,3.344967431573309e-05,0.0021073294818911847,0.00025624959896134564,-0.001851079882929839,0.12159920940857291,0
decode,L22_AllReduce_O,ALLREDUCE,COMM,comm,COMM,15.113236654277484,15.113238680835403,2.026557922363281e-06,2771,1,22,-1,weights_on_pim_prefill-1024xdecode_64_ops_trace.csv,2.026557922363281e-06,0.0001276731491088867,0.0001276731491088867,0.0,1.0,0
decode,L22_Add1,Add,GPU0,npu,NAIVE,15.113243790084583,15.11325072949155,6.939406967276796e-06,2772,1,22,-1,weights_on_pim_prefill-1024xdecode_64_ops_trace.csv,6.939406967276796e-06,0.00043718263893843817,0.0010250665644593857,0.0005878839255209476,2.344710135215892,0
decode,L22_LN2,LN,GPU0,npu,NAIVE,15.11325072949155,15.113286039096195,3.530960464459554e-05,2773,1,22,-1,weights_on_pim_prefill-1024xdecode_64_ops_trace.csv,3.530960464459554e-05,0.002224505092609519,0.0052158196364809045,0.0029913145438713856,2.3447101352158914,0
decode,L22_FFN_W1_s0,FFN_W1,PIM0,pim,NAIVE,15.113291004054116,15.113387231053842,9.622699972489102e-05,2774,1,22,0,weights_on_pim_prefill-1024xdecode_64_ops_trace.csv,9.622699972489102e-05,0.006062300982668134,0.0007371710066892599,-0.005325129975978874,0.12159920940857294,0
decode,L22_FFN_W3_s0,FFN_W3,PIM1,pim,NAIVE,15.113291004054116,15.113380735053845,8.973099972564569e-05,2775,1,22,0,weights_on_pim_prefill-1024xdecode_64_ops_trace.csv,8.973099972564569e-05,0.005653052982715678,0.0006874067734430015,-0.004965646209272677,0.12159920940857291,0
decode,L22_FFN_W1_s1,FFN_W1,PIM1,pim,NAIVE,15.113380735053845,15.113476962053568,9.622699972489102e-05,2776,1,22,1,weights_on_pim_prefill-1024xdecode_64_ops_trace.csv,9.622699972489102e-05,0.006062300982668134,0.0007371710066892598,-0.005325129975978874,0.12159920940857293,0
decode,L22_FFN_W3_s1,FFN_W3,PIM0,pim,NAIVE,15.113387231053842,15.113476962053568,8.973099972564569e-05,2777,1,22,1,weights_on_pim_prefill-1024xdecode_64_ops_trace.csv,8.973099972564569e-05,0.005653052982715678,0.0006874067734430016,-0.004965646209272677,0.12159920940857293,0
decode,L22_SwiGLU_s0,SwiGLU,GPU0,npu,NAIVE,15.11339347084105,15.113400690981662,7.220140611607917e-06,2778,1,22,0,weights_on_pim_prefill-1024xdecode_64_ops_trace.csv,7.220140611607917e-06,0.00045486885853129877,0.0010665356227924196,0.0006116667642611208,2.344710135215891,0
decode,L22_SwiGLU_s1,SwiGLU,GPU0,npu,NAIVE,15.113483201840776,15.113490421981387,7.220140611607917e-06,2779,1,22,1,weights_on_pim_prefill-1024xdecode_64_ops_trace.csv,7.220140611607917e-06,0.00045486885853129877,0.0010665356227924196,0.0006116667642611208,2.344710135215891,0
decode,L22_FFN_W2_s0,FFN_W2,PIM0,pim,NAIVE,15.113476962053568,15.113571253053292,9.429099972457776e-05,2780,1,22,0,weights_on_pim_prefill-1024xdecode_64_ops_trace.csv,9.429099972457776e-05,0.005940332982648399,0.0007223397943137153,-0.0052179931883346835,0.12159920940857294,0
decode,L22_FFN_W2_s1,FFN_W2,PIM1,pim,NAIVE,15.113496646768596,15.11359093776832,9.429099972457776e-05,2781,1,22,1,weights_on_pim_prefill-1024xdecode_64_ops_trace.csv,9.429099972457776e-05,0.005940332982648399,0.0007223397943137153,-0.0052179931883346835,0.12159920940857294,0
decode,L22_AllReduce_FFN,ALLREDUCE,COMM,comm,COMM,15.11359093776832,15.113592964326244,2.026557922363281e-06,2782,1,22,-1,weights_on_pim_prefill-1024xdecode_64_ops_trace.csv,2.026557922363281e-06,0.0001276731491088867,0.0001276731491088867,0.0,1.0,0
decode,L22_Add2,Add,GPU0,npu,NAIVE,15.11359807357542,15.113605012982388,6.939406967276796e-06,2783,1,22,-1,weights_on_pim_prefill-1024xdecode_64_ops_trace.csv,6.939406967276796e-06,0.00043718263893843817,0.0010250665644593857,0.0005878839255209476,2.344710135215892,0
decode,L23_LN,LN,GPU0,npu,NAIVE,15.113605012982388,15.113640322587033,3.530960464459554e-05,2784,1,23,-1,weights_on_pim_prefill-1024xdecode_64_ops_trace.csv,3.530960464459554e-05,0.002224505092609519,0.0052158196364809045,0.0029913145438713856,2.3447101352158914,0
decode,L23_Q_s0,Q,PIM0,pim,NAIVE,15.113645287544957,15.113681665219271,3.637767431641237e-05,2785,1,23,0,weights_on_pim_prefill-1024xdecode_64_ops_trace.csv,3.637767431641237e-05,0.002291793481933979,0.00027868027553089244,-0.002013113206403087,0.12159920940857293,0
decode,L23_K_s0,K,PIM0,pim,NAIVE,15.113681665219271,15.113718042893588,3.637767431641237e-05,2786,1,23,0,weights_on_pim_prefill-1024xdecode_64_ops_trace.csv,3.637767431641237e-05,0.002291793481933979,0.00027868027553089244,-0.002013113206403087,0.12159920940857293,0
decode,L23_V_s0,V,PIM0,pim,NAIVE,15.113718042893588,15.113754420567904,3.637767431641237e-05,2787,1,23,0,weights_on_pim_prefill-1024xdecode_64_ops_trace.csv,3.637767431641237e-05,0.002291793481933979,0.00027868027553089244,-0.002013113206403087,0.12159920940857293,0
decode,L23_Q_s1,Q,PIM1,pim,NAIVE,15.113645287544957,15.113681665219271,3.637767431641237e-05,2788,1,23,1,weights_on_pim_prefill-1024xdecode_64_ops_trace.csv,3.637767431641237e-05,0.002291793481933979,0.0002786802755308924,-0.002013113206403087,0.12159920940857291,0
decode,L23_K_s1,K,PIM1,pim,NAIVE,15.113681665219271,15.113718042893588,3.637767431641237e-05,2789,1,23,1,weights_on_pim_prefill-1024xdecode_64_ops_trace.csv,3.637767431641237e-05,0.002291793481933979,0.0002786802755308924,-0.002013113206403087,0.12159920940857291,0
decode,L23_V_s1,V,PIM1,pim,NAIVE,15.113718042893588,15.113754420567904,3.637767431641237e-05,2790,1,23,1,weights_on_pim_prefill-1024xdecode_64_ops_trace.csv,3.637767431641237e-05,0.002291793481933979,0.0002786802755308924,-0.002013113206403087,0.12159920940857291,0
decode,L23_K_write_s0,K_write,PIM0,pim,NAIVE,15.113754420567904,15.113754450567903,3.000000070585429e-08,2791,1,23,0,weights_on_pim_prefill-1024xdecode_64_ops_trace.csv,3.000000070585429e-08,1.8900000444688203e-06,1.8900000444688203e-06,0.0,1.0,0
decode,L23_QK_s0,QK,GPU0,npu,NAIVE,15.11507857983645,15.115081348964654,2.769128204960225e-06,2792,1,23,0,weights_on_pim_prefill-1024xdecode_64_ops_trace.csv,2.769128204960225e-06,0.00017445507691249418,0.00040904658697659297,0.0002345915100640988,2.3447101352158914,0
decode,L23_V_write_s0,V_write,PIM0,pim,NAIVE,15.113759575567904,15.113759605567903,3.000000070585429e-08,2793,1,23,0,weights_on_pim_prefill-1024xdecode_64_ops_trace.csv,3.000000070585429e-08,1.8900000444688203e-06,1.8900000444688203e-06,0.0,1.0,0
decode,L23_K_write_s1,K_write,PIM1,pim,NAIVE,15.113754420567904,15.113754450567903,3.000000070585429e-08,2794,1,23,1,weights_on_pim_prefill-1024xdecode_64_ops_trace.csv,3.000000070585429e-08,1.8900000444688203e-06,1.8900000444688203e-06,0.0,1.0,0
decode,L23_QK_s1,QK,GPU0,npu,NAIVE,15.115081348964654,15.11508411809286,2.769128204960225e-06,2795,1,23,1,weights_on_pim_prefill-1024xdecode_64_ops_trace.csv,2.769128204960225e-06,0.00017445507691249418,0.00040904658697659297,0.0002345915100640988,2.3447101352158914,0
decode,L23_V_write_s1,V_write,PIM1,pim,NAIVE,15.113759575567904,15.113759605567903,3.000000070585429e-08,2796,1,23,1,weights_on_pim_prefill-1024xdecode_64_ops_trace.csv,3.000000070585429e-08,1.8900000444688203e-06,1.8900000444688203e-06,0.0,1.0,0
decode,L23_Softmax_s0,Softmax,GPU0,npu,NAIVE,15.11508411809286,15.11508435674427,2.386514097452164e-07,2797,1,23,0,weights_on_pim_prefill-1024xdecode_64_ops_trace.csv,2.386514097452164e-07,1.5035038813948635e-05,3.525280789042968e-05,2.0217769076481044e-05,2.3447101352158914,0
decode,L23_Softmax_s1,Softmax,GPU0,npu,NAIVE,15.11508435674427,15.11508459539568,2.386514097452164e-07,2798,1,23,1,weights_on_pim_prefill-1024xdecode_64_ops_trace.csv,2.386514097452164e-07,1.5035038813948635e-05,3.525280789042968e-05,2.0217769076481044e-05,2.3447101352158914,0
decode,L23_SV_s0,SV,GPU0,npu,NAIVE,15.116408486012814,15.11641125514102,2.769128204960225e-06,2799,1,23,0,weights_on_pim_prefill-1024xdecode_64_ops_trace.csv,2.769128204960225e-06,0.00017445507691249418,0.00040904658697659297,0.0002345915100640988,2.3447101352158914,0
decode,L23_SV_s1,SV,GPU0,npu,NAIVE,15.11641125514102,15.116414024269224,2.769128204960225e-06,2800,1,23,1,weights_on_pim_prefill-1024xdecode_64_ops_trace.csv,2.769128204960225e-06,0.00017445507691249418,0.00040904658697659297,0.0002345915100640988,2.3447101352158914,0
decode,L23_O_s0,O,PIM0,pim,NAIVE,15.11641438761998,15.116447837294295,3.344967431573309e-05,2801,1,23,0,weights_on_pim_prefill-1024xdecode_64_ops_trace.csv,3.344967431573309e-05,0.0021073294818911847,0.0002562495989613457,-0.001851079882929839,0.12159920940857294,0
decode,L23_O_s1,O,PIM1,pim,NAIVE,15.116417156748184,15.1164506064225,3.344967431573309e-05,2802,1,23,1,weights_on_pim_prefill-1024xdecode_64_ops_trace.csv,3.344967431573309e-05,0.0021073294818911847,0.00025624959896134564,-0.001851079882929839,0.12159920940857291,0
decode,L23_AllReduce_O,ALLREDUCE,COMM,comm,COMM,15.1164506064225,15.116452632980424,2.026557922363281e-06,2803,1,23,-1,weights_on_pim_prefill-1024xdecode_64_ops_trace.csv,2.026557922363281e-06,0.0001276731491088867,0.0001276731491088867,0.0,1.0,0
decode,L23_Add1,Add,GPU0,npu,NAIVE,15.1164577422296,15.116464681636568,6.939406967276796e-06,2804,1,23,-1,weights_on_pim_prefill-1024xdecode_64_ops_trace.csv,6.939406967276796e-06,0.00043718263893843817,0.0010250665644593857,0.0005878839255209476,2.344710135215892,0
decode,L23_LN2,LN,GPU0,npu,NAIVE,15.116464681636568,15.116499991241213,3.530960464459554e-05,2805,1,23,-1,weights_on_pim_prefill-1024xdecode_64_ops_trace.csv,3.530960464459554e-05,0.002224505092609519,0.0052158196364809045,0.0029913145438713856,2.3447101352158914,0
decode,L23_FFN_W1_s0,FFN_W1,PIM0,pim,NAIVE,15.116504956199137,15.11660118319886,9.622699972489102e-05,2806,1,23,0,weights_on_pim_prefill-1024xdecode_64_ops_trace.csv,9.622699972489102e-05,0.006062300982668134,0.0007371710066892599,-0.005325129975978874,0.12159920940857294,0
decode,L23_FFN_W3_s0,FFN_W3,PIM1,pim,NAIVE,15.116504956199137,15.11659468719886,8.973099972564569e-05,2807,1,23,0,weights_on_pim_prefill-1024xdecode_64_ops_trace.csv,8.973099972564569e-05,0.005653052982715678,0.0006874067734430015,-0.004965646209272677,0.12159920940857291,0
decode,L23_FFN_W1_s1,FFN_W1,PIM1,pim,NAIVE,15.11659468719886,15.116690914198584,9.622699972489102e-05,2808,1,23,1,weights_on_pim_prefill-1024xdecode_64_ops_trace.csv,9.622699972489102e-05,0.006062300982668134,0.0007371710066892598,-0.005325129975978874,0.12159920940857293,0
decode,L23_FFN_W3_s1,FFN_W3,PIM0,pim,NAIVE,15.11660118319886,15.116690914198584,8.973099972564569e-05,2809,1,23,1,weights_on_pim_prefill-1024xdecode_64_ops_trace.csv,8.973099972564569e-05,0.005653052982715678,0.0006874067734430016,-0.004965646209272677,0.12159920940857293,0
decode,L23_SwiGLU_s0,SwiGLU,GPU0,npu,NAIVE,15.116607422986068,15.11661464312668,7.220140611607917e-06,2810,1,23,0,weights_on_pim_prefill-1024xdecode_64_ops_trace.csv,7.220140611607917e-06,0.00045486885853129877,0.0010665356227924196,0.0006116667642611208,2.344710135215891,0
decode,L23_SwiGLU_s1,SwiGLU,GPU0,npu,NAIVE,15.116697153985792,15.116704374126405,7.220140611607917e-06,2811,1,23,1,weights_on_pim_prefill-1024xdecode_64_ops_trace.csv,7.220140611607917e-06,0.00045486885853129877,0.0010665356227924196,0.0006116667642611208,2.344710135215891,0
decode,L23_FFN_W2_s0,FFN_W2,PIM0,pim,NAIVE,15.116690914198584,15.11678520519831,9.429099972457776e-05,2812,1,23,0,weights_on_pim_prefill-1024xdecode_64_ops_trace.csv,9.429099972457776e-05,0.005940332982648399,0.0007223397943137153,-0.0052179931883346835,0.12159920940857294,0
decode,L23_FFN_W2_s1,FFN_W2,PIM1,pim,NAIVE,15.116710598913611,15.116804889913338,9.429099972457776e-05,2813,1,23,1,weights_on_pim_prefill-1024xdecode_64_ops_trace.csv,9.429099972457776e-05,0.005940332982648399,0.0007223397943137153,-0.0052179931883346835,0.12159920940857294,0
decode,L23_AllReduce_FFN,ALLREDUCE,COMM,comm,COMM,15.116804889913338,15.11680691647126,2.026557922363281e-06,2814,1,23,-1,weights_on_pim_prefill-1024xdecode_64_ops_trace.csv,2.026557922363281e-06,0.0001276731491088867,0.0001276731491088867,0.0,1.0,0
decode,L23_Add2,Add,GPU0,npu,NAIVE,15.11681202572044,15.116818965127406,6.939406967276796e-06,2815,1,23,-1,weights_on_pim_prefill-1024xdecode_64_ops_trace.csv,6.939406967276796e-06,0.00043718263893843817,0.0010250665644593857,0.0005878839255209476,2.344710135215892,0
decode,L24_LN,LN,GPU0,npu,NAIVE,15.116818965127406,15.11685427473205,3.530960464459554e-05,2816,1,24,-1,weights_on_pim_prefill-1024xdecode_64_ops_trace.csv,3.530960464459554e-05,0.002224505092609519,0.0052158196364809045,0.0029913145438713856,2.3447101352158914,0
decode,L24_Q_s0,Q,PIM0,pim,NAIVE,15.116859239689973,15.116895617364287,3.637767431641237e-05,2817,1,24,0,weights_on_pim_prefill-1024xdecode_64_ops_trace.csv,3.637767431641237e-05,0.002291793481933979,0.00027868027553089244,-0.002013113206403087,0.12159920940857293,0
decode,L24_K_s0,K,PIM0,pim,NAIVE,15.116895617364287,15.116931995038604,3.637767431641237e-05,2818,1,24,0,weights_on_pim_prefill-1024xdecode_64_ops_trace.csv,3.637767431641237e-05,0.002291793481933979,0.00027868027553089244,-0.002013113206403087,0.12159920940857293,0
decode,L24_V_s0,V,PIM0,pim,NAIVE,15.116931995038604,15.116968372712922,3.637767431641237e-05,2819,1,24,0,weights_on_pim_prefill-1024xdecode_64_ops_trace.csv,3.637767431641237e-05,0.002291793481933979,0.00027868027553089244,-0.002013113206403087,0.12159920940857293,0
decode,L24_Q_s1,Q,PIM1,pim,NAIVE,15.116859239689973,15.116895617364287,3.637767431641237e-05,2820,1,24,1,weights_on_pim_prefill-1024xdecode_64_ops_trace.csv,3.637767431641237e-05,0.002291793481933979,0.0002786802755308924,-0.002013113206403087,0.12159920940857291,0
decode,L24_K_s1,K,PIM1,pim,NAIVE,15.116895617364287,15.116931995038604,3.637767431641237e-05,2821,1,24,1,weights_on_pim_prefill-1024xdecode_64_ops_trace.csv,3.637767431641237e-05,0.002291793481933979,0.0002786802755308924,-0.002013113206403087,0.12159920940857291,0
decode,L24_V_s1,V,PIM1,pim,NAIVE,15.116931995038604,15.116968372712922,3.637767431641237e-05,2822,1,24,1,weights_on_pim_prefill-1024xdecode_64_ops_trace.csv,3.637767431641237e-05,0.002291793481933979,0.0002786802755308924,-0.002013113206403087,0.12159920940857291,0
decode,L24_K_write_s0,K_write,PIM0,pim,NAIVE,15.116968372712922,15.116968402712924,3.000000070585429e-08,2823,1,24,0,weights_on_pim_prefill-1024xdecode_64_ops_trace.csv,3.000000070585429e-08,1.8900000444688203e-06,1.8900000444688203e-06,0.0,1.0,0
decode,L24_QK_s0,QK,GPU0,npu,NAIVE,15.118292531981467,15.118295301109672,2.769128204960225e-06,2824,1,24,0,weights_on_pim_prefill-1024xdecode_64_ops_trace.csv,2.769128204960225e-06,0.00017445507691249418,0.00040904658697659297,0.0002345915100640988,2.3447101352158914,0
decode,L24_V_write_s0,V_write,PIM0,pim,NAIVE,15.116973527712922,15.116973557712925,3.000000070585429e-08,2825,1,24,0,weights_on_pim_prefill-1024xdecode_64_ops_trace.csv,3.000000070585429e-08,1.8900000444688203e-06,1.8900000444688203e-06,0.0,1.0,0
decode,L24_K_write_s1,K_write,PIM1,pim,NAIVE,15.116968372712922,15.116968402712924,3.000000070585429e-08,2826,1,24,1,weights_on_pim_prefill-1024xdecode_64_ops_trace.csv,3.000000070585429e-08,1.8900000444688203e-06,1.8900000444688203e-06,0.0,1.0,0
decode,L24_QK_s1,QK,GPU0,npu,NAIVE,15.118295301109672,15.118298070237875,2.769128204960225e-06,2827,1,24,1,weights_on_pim_prefill-1024xdecode_64_ops_trace.csv,2.769128204960225e-06,0.00017445507691249418,0.00040904658697659297,0.0002345915100640988,2.3447101352158914,0
decode,L24_V_write_s1,V_write,PIM1,pim,NAIVE,15.116973527712922,15.116973557712925,3.000000070585429e-08,2828,1,24,1,weights_on_pim_prefill-1024xdecode_64_ops_trace.csv,3.000000070585429e-08,1.8900000444688203e-06,1.8900000444688203e-06,0.0,1.0,0
decode,L24_Softmax_s0,Softmax,GPU0,npu,NAIVE,15.118298070237875,15.118298308889289,2.386514097452164e-07,2829,1,24,0,weights_on_pim_prefill-1024xdecode_64_ops_trace.csv,2.386514097452164e-07,1.5035038813948635e-05,3.525280789042968e-05,2.0217769076481044e-05,2.3447101352158914,0
decode,L24_Softmax_s1,Softmax,GPU0,npu,NAIVE,15.118298308889289,15.118298547540697,2.386514097452164e-07,2830,1,24,1,weights_on_pim_prefill-1024xdecode_64_ops_trace.csv,2.386514097452164e-07,1.5035038813948635e-05,3.525280789042968e-05,2.0217769076481044e-05,2.3447101352158914,0
decode,L24_SV_s0,SV,GPU0,npu,NAIVE,15.119622438157831,15.119625207286036,2.769128204960225e-06,2831,1,24,0,weights_on_pim_prefill-1024xdecode_64_ops_trace.csv,2.769128204960225e-06,0.00017445507691249418,0.00040904658697659297,0.0002345915100640988,2.3447101352158914,0
decode,L24_SV_s1,SV,GPU0,npu,NAIVE,15.119625207286036,15.11962797641424,2.769128204960225e-06,2832,1,24,1,weights_on_pim_prefill-1024xdecode_64_ops_trace.csv,2.769128204960225e-06,0.00017445507691249418,0.00040904658697659297,0.0002345915100640988,2.3447101352158914,0
decode,L24_O_s0,O,PIM0,pim,NAIVE,15.119628339764995,15.119661789439313,3.344967431573309e-05,2833,1,24,0,weights_on_pim_prefill-1024xdecode_64_ops_trace.csv,3.344967431573309e-05,0.0021073294818911847,0.0002562495989613457,-0.001851079882929839,0.12159920940857294,0
decode,L24_O_s1,O,PIM1,pim,NAIVE,15.119631108893202,15.119664558567518,3.344967431573309e-05,2834,1,24,1,weights_on_pim_prefill-1024xdecode_64_ops_trace.csv,3.344967431573309e-05,0.0021073294818911847,0.00025624959896134564,-0.001851079882929839,0.12159920940857291,0
decode,L24_AllReduce_O,ALLREDUCE,COMM,comm,COMM,15.119664558567518,15.11966658512544,2.026557922363281e-06,2835,1,24,-1,weights_on_pim_prefill-1024xdecode_64_ops_trace.csv,2.026557922363281e-06,0.0001276731491088867,0.0001276731491088867,0.0,1.0,0
decode,L24_Add1,Add,GPU0,npu,NAIVE,15.11967169437462,15.119678633781586,6.939406967276796e-06,2836,1,24,-1,weights_on_pim_prefill-1024xdecode_64_ops_trace.csv,6.939406967276796e-06,0.00043718263893843817,0.0010250665644593857,0.0005878839255209476,2.344710135215892,0
decode,L24_LN2,LN,GPU0,npu,NAIVE,15.119678633781586,15.11971394338623,3.530960464459554e-05,2837,1,24,-1,weights_on_pim_prefill-1024xdecode_64_ops_trace.csv,3.530960464459554e-05,0.002224505092609519,0.0052158196364809045,0.0029913145438713856,2.3447101352158914,0
decode,L24_FFN_W1_s0,FFN_W1,PIM0,pim,NAIVE,15.119718908344153,15.119815135343876,9.622699972489102e-05,2838,1,24,0,weights_on_pim_prefill-1024xdecode_64_ops_trace.csv,9.622699972489102e-05,0.006062300982668134,0.0007371710066892599,-0.005325129975978874,0.12159920940857294,0
decode,L24_FFN_W3_s0,FFN_W3,PIM1,pim,NAIVE,15.119718908344153,15.119808639343878,8.973099972564569e-05,2839,1,24,0,weights_on_pim_prefill-1024xdecode_64_ops_trace.csv,8.973099972564569e-05,0.005653052982715678,0.0006874067734430015,-0.004965646209272677,0.12159920940857291,0
decode,L24_FFN_W1_s1,FFN_W1,PIM1,pim,NAIVE,15.119808639343878,15.119904866343605,9.622699972489102e-05,2840,1,24,1,weights_on_pim_prefill-1024xdecode_64_ops_trace.csv,9.622699972489102e-05,0.006062300982668134,0.0007371710066892598,-0.005325129975978874,0.12159920940857293,0
decode,L24_FFN_W3_s1,FFN_W3,PIM0,pim,NAIVE,15.119815135343876,15.119904866343605,8.973099972564569e-05,2841,1,24,1,weights_on_pim_prefill-1024xdecode_64_ops_trace.csv,8.973099972564569e-05,0.005653052982715678,0.0006874067734430016,-0.004965646209272677,0.12159920940857293,0
decode,L24_SwiGLU_s0,SwiGLU,GPU0,npu,NAIVE,15.119821375131083,15.119828595271697,7.220140611607917e-06,2842,1,24,0,weights_on_pim_prefill-1024xdecode_64_ops_trace.csv,7.220140611607917e-06,0.00045486885853129877,0.0010665356227924196,0.0006116667642611208,2.344710135215891,0
decode,L24_SwiGLU_s1,SwiGLU,GPU0,npu,NAIVE,15.119911106130813,15.119918326271424,7.220140611607917e-06,2843,1,24,1,weights_on_pim_prefill-1024xdecode_64_ops_trace.csv,7.220140611607917e-06,0.00045486885853129877,0.0010665356227924196,0.0006116667642611208,2.344710135215891,0
decode,L24_FFN_W2_s0,FFN_W2,PIM0,pim,NAIVE,15.119904866343605,15.119999157343328,9.429099972457776e-05,2844,1,24,0,weights_on_pim_prefill-1024xdecode_64_ops_trace.csv,9.429099972457776e-05,0.005940332982648399,0.0007223397943137153,-0.0052179931883346835,0.12159920940857294,0
decode,L24_FFN_W2_s1,FFN_W2,PIM1,pim,NAIVE,15.11992455105863,15.120018842058355,9.429099972457776e-05,2845,1,24,1,weights_on_pim_prefill-1024xdecode_64_ops_trace.csv,9.429099972457776e-05,0.005940332982648399,0.0007223397943137153,-0.0052179931883346835,0.12159920940857294,0
decode,L24_AllReduce_FFN,ALLREDUCE,COMM,comm,COMM,15.120018842058355,15.120020868616278,2.026557922363281e-06,2846,1,24,-1,weights_on_pim_prefill-1024xdecode_64_ops_trace.csv,2.026557922363281e-06,0.0001276731491088867,0.0001276731491088867,0.0,1.0,0
decode,L24_Add2,Add,GPU0,npu,NAIVE,15.120025977865456,15.120032917272423,6.939406967276796e-06,2847,1,24,-1,weights_on_pim_prefill-1024xdecode_64_ops_trace.csv,6.939406967276796e-06,0.00043718263893843817,0.0010250665644593857,0.0005878839255209476,2.344710135215892,0
decode,L25_LN,LN,GPU0,npu,NAIVE,15.120032917272423,15.120068226877068,3.530960464459554e-05,2848,1,25,-1,weights_on_pim_prefill-1024xdecode_64_ops_trace.csv,3.530960464459554e-05,0.002224505092609519,0.0052158196364809045,0.0029913145438713856,2.3447101352158914,0
decode,L25_Q_s0,Q,PIM0,pim,NAIVE,15.12007319183499,15.120109569509308,3.637767431641237e-05,2849,1,25,0,weights_on_pim_prefill-1024xdecode_64_ops_trace.csv,3.637767431641237e-05,0.002291793481933979,0.00027868027553089244,-0.002013113206403087,0.12159920940857293,0
decode,L25_K_s0,K,PIM0,pim,NAIVE,15.120109569509308,15.120145947183625,3.637767431641237e-05,2850,1,25,0,weights_on_pim_prefill-1024xdecode_64_ops_trace.csv,3.637767431641237e-05,0.002291793481933979,0.00027868027553089244,-0.002013113206403087,0.12159920940857293,0
decode,L25_V_s0,V,PIM0,pim,NAIVE,15.120145947183625,15.12018232485794,3.637767431641237e-05,2851,1,25,0,weights_on_pim_prefill-1024xdecode_64_ops_trace.csv,3.637767431641237e-05,0.002291793481933979,0.00027868027553089244,-0.002013113206403087,0.12159920940857293,0
decode,L25_Q_s1,Q,PIM1,pim,NAIVE,15.12007319183499,15.120109569509308,3.637767431641237e-05,2852,1,25,1,weights_on_pim_prefill-1024xdecode_64_ops_trace.csv,3.637767431641237e-05,0.002291793481933979,0.0002786802755308924,-0.002013113206403087,0.12159920940857291,0
decode,L25_K_s1,K,PIM1,pim,NAIVE,15.120109569509308,15.120145947183625,3.637767431641237e-05,2853,1,25,1,weights_on_pim_prefill-1024xdecode_64_ops_trace.csv,3.637767431641237e-05,0.002291793481933979,0.0002786802755308924,-0.002013113206403087,0.12159920940857291,0
decode,L25_V_s1,V,PIM1,pim,NAIVE,15.120145947183625,15.12018232485794,3.637767431641237e-05,2854,1,25,1,weights_on_pim_prefill-1024xdecode_64_ops_trace.csv,3.637767431641237e-05,0.002291793481933979,0.0002786802755308924,-0.002013113206403087,0.12159920940857291,0
decode,L25_K_write_s0,K_write,PIM0,pim,NAIVE,15.12018232485794,15.12018235485794,3.000000070585429e-08,2855,1,25,0,weights_on_pim_prefill-1024xdecode_64_ops_trace.csv,3.000000070585429e-08,1.8900000444688203e-06,1.8900000444688203e-06,0.0,1.0,0
decode,L25_QK_s0,QK,GPU0,npu,NAIVE,15.121506484126485,15.12150925325469,2.769128204960225e-06,2856,1,25,0,weights_on_pim_prefill-1024xdecode_64_ops_trace.csv,2.769128204960225e-06,0.00017445507691249418,0.00040904658697659297,0.0002345915100640988,2.3447101352158914,0
decode,L25_V_write_s0,V_write,PIM0,pim,NAIVE,15.12018747985794,15.12018750985794,3.000000070585429e-08,2857,1,25,0,weights_on_pim_prefill-1024xdecode_64_ops_trace.csv,3.000000070585429e-08,1.8900000444688203e-06,1.8900000444688203e-06,0.0,1.0,0
decode,L25_K_write_s1,K_write,PIM1,pim,NAIVE,15.12018232485794,15.12018235485794,3.000000070585429e-08,2858,1,25,1,weights_on_pim_prefill-1024xdecode_64_ops_trace.csv,3.000000070585429e-08,1.8900000444688203e-06,1.8900000444688203e-06,0.0,1.0,0
decode,L25_QK_s1,QK,GPU0,npu,NAIVE,15.12150925325469,15.121512022382896,2.769128204960225e-06,2859,1,25,1,weights_on_pim_prefill-1024xdecode_64_ops_trace.csv,2.769128204960225e-06,0.00017445507691249418,0.00040904658697659297,0.0002345915100640988,2.3447101352158914,0
decode,L25_V_write_s1,V_write,PIM1,pim,NAIVE,15.12018747985794,15.12018750985794,3.000000070585429e-08,2860,1,25,1,weights_on_pim_prefill-1024xdecode_64_ops_trace.csv,3.000000070585429e-08,1.8900000444688203e-06,1.8900000444688203e-06,0.0,1.0,0
decode,L25_Softmax_s0,Softmax,GPU0,npu,NAIVE,15.121512022382896,15.121512261034304,2.386514097452164e-07,2861,1,25,0,weights_on_pim_prefill-1024xdecode_64_ops_trace.csv,2.386514097452164e-07,1.5035038813948635e-05,3.525280789042968e-05,2.0217769076481044e-05,2.3447101352158914,0
decode,L25_Softmax_s1,Softmax,GPU0,npu,NAIVE,15.121512261034304,15.121512499685714,2.386514097452164e-07,2862,1,25,1,weights_on_pim_prefill-1024xdecode_64_ops_trace.csv,2.386514097452164e-07,1.5035038813948635e-05,3.525280789042968e-05,2.0217769076481044e-05,2.3447101352158914,0
decode,L25_SV_s0,SV,GPU0,npu,NAIVE,15.122836390302847,15.122839159431054,2.769128204960225e-06,2863,1,25,0,weights_on_pim_prefill-1024xdecode_64_ops_trace.csv,2.769128204960225e-06,0.00017445507691249418,0.00040904658697659297,0.0002345915100640988,2.3447101352158914,0
decode,L25_SV_s1,SV,GPU0,npu,NAIVE,15.122839159431054,15.12284192855926,2.769128204960225e-06,2864,1,25,1,weights_on_pim_prefill-1024xdecode_64_ops_trace.csv,2.769128204960225e-06,0.00017445507691249418,0.00040904658697659297,0.0002345915100640988,2.3447101352158914,0
decode,L25_O_s0,O,PIM0,pim,NAIVE,15.122842291910016,15.12287574158433,3.344967431573309e-05,2865,1,25,0,weights_on_pim_prefill-1024xdecode_64_ops_trace.csv,3.344967431573309e-05,0.0021073294818911847,0.0002562495989613457,-0.001851079882929839,0.12159920940857294,0
decode,L25_O_s1,O,PIM1,pim,NAIVE,15.12284506103822,15.122878510712535,3.344967431573309e-05,2866,1,25,1,weights_on_pim_prefill-1024xdecode_64_ops_trace.csv,3.344967431573309e-05,0.0021073294818911847,0.00025624959896134564,-0.001851079882929839,0.12159920940857291,0
decode,L25_AllReduce_O,ALLREDUCE,COMM,comm,COMM,15.122878510712535,15.122880537270458,2.026557922363281e-06,2867,1,25,-1,weights_on_pim_prefill-1024xdecode_64_ops_trace.csv,2.026557922363281e-06,0.0001276731491088867,0.0001276731491088867,0.0,1.0,0
decode,L25_Add1,Add,GPU0,npu,NAIVE,15.122885646519636,15.122892585926603,6.939406967276796e-06,2868,1,25,-1,weights_on_pim_prefill-1024xdecode_64_ops_trace.csv,6.939406967276796e-06,0.00043718263893843817,0.0010250665644593857,0.0005878839255209476,2.344710135215892,0
decode,L25_LN2,LN,GPU0,npu,NAIVE,15.122892585926603,15.122927895531248,3.530960464459554e-05,2869,1,25,-1,weights_on_pim_prefill-1024xdecode_64_ops_trace.csv,3.530960464459554e-05,0.002224505092609519,0.0052158196364809045,0.0029913145438713856,2.3447101352158914,0
decode,L25_FFN_W1_s0,FFN_W1,PIM0,pim,NAIVE,15.12293286048917,15.123029087488897,9.622699972489102e-05,2870,1,25,0,weights_on_pim_prefill-1024xdecode_64_ops_trace.csv,9.622699972489102e-05,0.006062300982668134,0.0007371710066892599,-0.005325129975978874,0.12159920940857294,0
decode,L25_FFN_W3_s0,FFN_W3,PIM1,pim,NAIVE,15.12293286048917,15.123022591488896,8.973099972564569e-05,2871,1,25,0,weights_on_pim_prefill-1024xdecode_64_ops_trace.csv,8.973099972564569e-05,0.005653052982715678,0.0006874067734430015,-0.004965646209272677,0.12159920940857291,0
decode,L25_FFN_W1_s1,FFN_W1,PIM1,pim,NAIVE,15.123022591488896,15.12311881848862,9.622699972489102e-05,2872,1,25,1,weights_on_pim_prefill-1024xdecode_64_ops_trace.csv,9.622699972489102e-05,0.006062300982668134,0.0007371710066892598,-0.005325129975978874,0.12159920940857293,0
decode,L25_FFN_W3_s1,FFN_W3,PIM0,pim,NAIVE,15.123029087488897,15.12311881848862,8.973099972564569e-05,2873,1,25,1,weights_on_pim_prefill-1024xdecode_64_ops_trace.csv,8.973099972564569e-05,0.005653052982715678,0.0006874067734430016,-0.004965646209272677,0.12159920940857293,0
decode,L25_SwiGLU_s0,SwiGLU,GPU0,npu,NAIVE,15.123035327276105,15.123042547416714,7.220140611607917e-06,2874,1,25,0,weights_on_pim_prefill-1024xdecode_64_ops_trace.csv,7.220140611607917e-06,0.00045486885853129877,0.0010665356227924196,0.0006116667642611208,2.344710135215891,0
decode,L25_SwiGLU_s1,SwiGLU,GPU0,npu,NAIVE,15.123125058275829,15.12313227841644,7.220140611607917e-06,2875,1,25,1,weights_on_pim_prefill-1024xdecode_64_ops_trace.csv,7.220140611607917e-06,0.00045486885853129877,0.0010665356227924196,0.0006116667642611208,2.344710135215891,0
decode,L25_FFN_W2_s0,FFN_W2,PIM0,pim,NAIVE,15.12311881848862,15.123213109488344,9.429099972457776e-05,2876,1,25,0,weights_on_pim_prefill-1024xdecode_64_ops_trace.csv,9.429099972457776e-05,0.005940332982648399,0.0007223397943137153,-0.0052179931883346835,0.12159920940857294,0
decode,L25_FFN_W2_s1,FFN_W2,PIM1,pim,NAIVE,15.123138503203648,15.123232794203371,9.429099972457776e-05,2877,1,25,1,weights_on_pim_prefill-1024xdecode_64_ops_trace.csv,9.429099972457776e-05,0.005940332982648399,0.0007223397943137153,-0.0052179931883346835,0.12159920940857294,0
decode,L25_AllReduce_FFN,ALLREDUCE,COMM,comm,COMM,15.123232794203371,15.123234820761295,2.026557922363281e-06,2878,1,25,-1,weights_on_pim_prefill-1024xdecode_64_ops_trace.csv,2.026557922363281e-06,0.0001276731491088867,0.0001276731491088867,0.0,1.0,0
decode,L25_Add2,Add,GPU0,npu,NAIVE,15.123239930010474,15.12324686941744,6.939406967276796e-06,2879,1,25,-1,weights_on_pim_prefill-1024xdecode_64_ops_trace.csv,6.939406967276796e-06,0.00043718263893843817,0.0010250665644593857,0.0005878839255209476,2.344710135215892,0
decode,L26_LN,LN,GPU0,npu,NAIVE,15.12324686941744,15.123282179022086,3.530960464459554e-05,2880,1,26,-1,weights_on_pim_prefill-1024xdecode_64_ops_trace.csv,3.530960464459554e-05,0.002224505092609519,0.0052158196364809045,0.0029913145438713856,2.3447101352158914,0
decode,L26_Q_s0,Q,PIM0,pim,NAIVE,15.123287143980008,15.123323521654324,3.637767431641237e-05,2881,1,26,0,weights_on_pim_prefill-1024xdecode_64_ops_trace.csv,3.637767431641237e-05,0.002291793481933979,0.00027868027553089244,-0.002013113206403087,0.12159920940857293,0
decode,L26_K_s0,K,PIM0,pim,NAIVE,15.123323521654324,15.12335989932864,3.637767431641237e-05,2882,1,26,0,weights_on_pim_prefill-1024xdecode_64_ops_trace.csv,3.637767431641237e-05,0.002291793481933979,0.00027868027553089244,-0.002013113206403087,0.12159920940857293,0
decode,L26_V_s0,V,PIM0,pim,NAIVE,15.12335989932864,15.123396277002955,3.637767431641237e-05,2883,1,26,0,weights_on_pim_prefill-1024xdecode_64_ops_trace.csv,3.637767431641237e-05,0.002291793481933979,0.00027868027553089244,-0.002013113206403087,0.12159920940857293,0
decode,L26_Q_s1,Q,PIM1,pim,NAIVE,15.123287143980008,15.123323521654324,3.637767431641237e-05,2884,1,26,1,weights_on_pim_prefill-1024xdecode_64_ops_trace.csv,3.637767431641237e-05,0.002291793481933979,0.0002786802755308924,-0.002013113206403087,0.12159920940857291,0
decode,L26_K_s1,K,PIM1,pim,NAIVE,15.123323521654324,15.12335989932864,3.637767431641237e-05,2885,1,26,1,weights_on_pim_prefill-1024xdecode_64_ops_trace.csv,3.637767431641237e-05,0.002291793481933979,0.0002786802755308924,-0.002013113206403087,0.12159920940857291,0
decode,L26_V_s1,V,PIM1,pim,NAIVE,15.12335989932864,15.123396277002955,3.637767431641237e-05,2886,1,26,1,weights_on_pim_prefill-1024xdecode_64_ops_trace.csv,3.637767431641237e-05,0.002291793481933979,0.0002786802755308924,-0.002013113206403087,0.12159920940857291,0
decode,L26_K_write_s0,K_write,PIM0,pim,NAIVE,15.123396277002955,15.123396307002958,3.000000070585429e-08,2887,1,26,0,weights_on_pim_prefill-1024xdecode_64_ops_trace.csv,3.000000070585429e-08,1.8900000444688203e-06,1.8900000444688203e-06,0.0,1.0,0
decode,L26_QK_s0,QK,GPU0,npu,NAIVE,15.124720436271502,15.124723205399707,2.769128204960225e-06,2888,1,26,0,weights_on_pim_prefill-1024xdecode_64_ops_trace.csv,2.769128204960225e-06,0.00017445507691249418,0.00040904658697659297,0.0002345915100640988,2.3447101352158914,0
decode,L26_V_write_s0,V_write,PIM0,pim,NAIVE,15.123401432002956,15.123401462002958,3.000000070585429e-08,2889,1,26,0,weights_on_pim_prefill-1024xdecode_64_ops_trace.csv,3.000000070585429e-08,1.8900000444688203e-06,1.8900000444688203e-06,0.0,1.0,0
decode,L26_K_write_s1,K_write,PIM1,pim,NAIVE,15.123396277002955,15.123396307002958,3.000000070585429e-08,2890,1,26,1,weights_on_pim_prefill-1024xdecode_64_ops_trace.csv,3.000000070585429e-08,1.8900000444688203e-06,1.8900000444688203e-06,0.0,1.0,0
decode,L26_QK_s1,QK,GPU0,npu,NAIVE,15.124723205399707,15.124725974527912,2.769128204960225e-06,2891,1,26,1,weights_on_pim_prefill-1024xdecode_64_ops_trace.csv,2.769128204960225e-06,0.00017445507691249418,0.00040904658697659297,0.0002345915100640988,2.3447101352158914,0
decode,L26_V_write_s1,V_write,PIM1,pim,NAIVE,15.123401432002956,15.123401462002958,3.000000070585429e-08,2892,1,26,1,weights_on_pim_prefill-1024xdecode_64_ops_trace.csv,3.000000070585429e-08,1.8900000444688203e-06,1.8900000444688203e-06,0.0,1.0,0
decode,L26_Softmax_s0,Softmax,GPU0,npu,NAIVE,15.124725974527912,15.124726213179322,2.386514097452164e-07,2893,1,26,0,weights_on_pim_prefill-1024xdecode_64_ops_trace.csv,2.386514097452164e-07,1.5035038813948635e-05,3.525280789042968e-05,2.0217769076481044e-05,2.3447101352158914,0
decode,L26_Softmax_s1,Softmax,GPU0,npu,NAIVE,15.124726213179322,15.124726451830732,2.386514097452164e-07,2894,1,26,1,weights_on_pim_prefill-1024xdecode_64_ops_trace.csv,2.386514097452164e-07,1.5035038813948635e-05,3.525280789042968e-05,2.0217769076481044e-05,2.3447101352158914,0
decode,L26_SV_s0,SV,GPU0,npu,NAIVE,15.126050342447869,15.126053111576072,2.769128204960225e-06,2895,1,26,0,weights_on_pim_prefill-1024xdecode_64_ops_trace.csv,2.769128204960225e-06,0.00017445507691249418,0.00040904658697659297,0.0002345915100640988,2.3447101352158914,0
decode,L26_SV_s1,SV,GPU0,npu,NAIVE,15.126053111576072,15.126055880704277,2.769128204960225e-06,2896,1,26,1,weights_on_pim_prefill-1024xdecode_64_ops_trace.csv,2.769128204960225e-06,0.00017445507691249418,0.00040904658697659297,0.0002345915100640988,2.3447101352158914,0
decode,L26_O_s0,O,PIM0,pim,NAIVE,15.126056244055032,15.126089693729348,3.344967431573309e-05,2897,1,26,0,weights_on_pim_prefill-1024xdecode_64_ops_trace.csv,3.344967431573309e-05,0.0021073294818911847,0.0002562495989613457,-0.001851079882929839,0.12159920940857294,0
decode,L26_O_s1,O,PIM1,pim,NAIVE,15.126059013183236,15.126092462857551,3.344967431573309e-05,2898,1,26,1,weights_on_pim_prefill-1024xdecode_64_ops_trace.csv,3.344967431573309e-05,0.0021073294818911847,0.00025624959896134564,-0.001851079882929839,0.12159920940857291,0
decode,L26_AllReduce_O,ALLREDUCE,COMM,comm,COMM,15.126092462857551,15.126094489415475,2.026557922363281e-06,2899,1,26,-1,weights_on_pim_prefill-1024xdecode_64_ops_trace.csv,2.026557922363281e-06,0.0001276731491088867,0.0001276731491088867,0.0,1.0,0
decode,L26_Add1,Add,GPU0,npu,NAIVE,15.126099598664654,15.12610653807162,6.939406967276796e-06,2900,1,26,-1,weights_on_pim_prefill-1024xdecode_64_ops_trace.csv,6.939406967276796e-06,0.00043718263893843817,0.0010250665644593857,0.0005878839255209476,2.344710135215892,0
decode,L26_LN2,LN,GPU0,npu,NAIVE,15.12610653807162,15.126141847676266,3.530960464459554e-05,2901,1,26,-1,weights_on_pim_prefill-1024xdecode_64_ops_trace.csv,3.530960464459554e-05,0.002224505092609519,0.0052158196364809045,0.0029913145438713856,2.3447101352158914,0
decode,L26_FFN_W1_s0,FFN_W1,PIM0,pim,NAIVE,15.126146812634188,15.126243039633913,9.622699972489102e-05,2902,1,26,0,weights_on_pim_prefill-1024xdecode_64_ops_trace.csv,9.622699972489102e-05,0.006062300982668134,0.0007371710066892599,-0.005325129975978874,0.12159920940857294,0
decode,L26_FFN_W3_s0,FFN_W3,PIM1,pim,NAIVE,15.126146812634188,15.126236543633912,8.973099972564569e-05,2903,1,26,0,weights_on_pim_prefill-1024xdecode_64_ops_trace.csv,8.973099972564569e-05,0.005653052982715678,0.0006874067734430015,-0.004965646209272677,0.12159920940857291,0
decode,L26_FFN_W1_s1,FFN_W1,PIM1,pim,NAIVE,15.126236543633912,15.126332770633638,9.622699972489102e-05,2904,1,26,1,weights_on_pim_prefill-1024xdecode_64_ops_trace.csv,9.622699972489102e-05,0.006062300982668134,0.0007371710066892598,-0.005325129975978874,0.12159920940857293,0
decode,L26_FFN_W3_s1,FFN_W3,PIM0,pim,NAIVE,15.126243039633913,15.126332770633638,8.973099972564569e-05,2905,1,26,1,weights_on_pim_prefill-1024xdecode_64_ops_trace.csv,8.973099972564569e-05,0.005653052982715678,0.0006874067734430016,-0.004965646209272677,0.12159920940857293,0
decode,L26_SwiGLU_s0,SwiGLU,GPU0,npu,NAIVE,15.12624927942112,15.126256499561732,7.220140611607917e-06,2906,1,26,0,weights_on_pim_prefill-1024xdecode_64_ops_trace.csv,7.220140611607917e-06,0.00045486885853129877,0.0010665356227924196,0.0006116667642611208,2.344710135215891,0
decode,L26_SwiGLU_s1,SwiGLU,GPU0,npu,NAIVE,15.126339010420846,15.126346230561458,7.220140611607917e-06,2907,1,26,1,weights_on_pim_prefill-1024xdecode_64_ops_trace.csv,7.220140611607917e-06,0.00045486885853129877,0.0010665356227924196,0.0006116667642611208,2.344710135215891,0
decode,L26_FFN_W2_s0,FFN_W2,PIM0,pim,NAIVE,15.126332770633638,15.126427061633365,9.429099972457776e-05,2908,1,26,0,weights_on_pim_prefill-1024xdecode_64_ops_trace.csv,9.429099972457776e-05,0.005940332982648399,0.0007223397943137153,-0.0052179931883346835,0.12159920940857294,0
decode,L26_FFN_W2_s1,FFN_W2,PIM1,pim,NAIVE,15.126352455348666,15.12644674634839,9.429099972457776e-05,2909,1,26,1,weights_on_pim_prefill-1024xdecode_64_ops_trace.csv,9.429099972457776e-05,0.005940332982648399,0.0007223397943137153,-0.0052179931883346835,0.12159920940857294,0
decode,L26_AllReduce_FFN,ALLREDUCE,COMM,comm,COMM,15.12644674634839,15.126448772906311,2.026557922363281e-06,2910,1,26,-1,weights_on_pim_prefill-1024xdecode_64_ops_trace.csv,2.026557922363281e-06,0.0001276731491088867,0.0001276731491088867,0.0,1.0,0
decode,L26_Add2,Add,GPU0,npu,NAIVE,15.126453882155491,15.12646082156246,6.939406967276796e-06,2911,1,26,-1,weights_on_pim_prefill-1024xdecode_64_ops_trace.csv,6.939406967276796e-06,0.00043718263893843817,0.0010250665644593857,0.0005878839255209476,2.344710135215892,0
decode,L27_LN,LN,GPU0,npu,NAIVE,15.12646082156246,15.126496131167103,3.530960464459554e-05,2912,1,27,-1,weights_on_pim_prefill-1024xdecode_64_ops_trace.csv,3.530960464459554e-05,0.002224505092609519,0.0052158196364809045,0.0029913145438713856,2.3447101352158914,0
decode,L27_Q_s0,Q,PIM0,pim,NAIVE,15.126501096125024,15.126537473799342,3.637767431641237e-05,2913,1,27,0,weights_on_pim_prefill-1024xdecode_64_ops_trace.csv,3.637767431641237e-05,0.002291793481933979,0.00027868027553089244,-0.002013113206403087,0.12159920940857293,0
decode,L27_K_s0,K,PIM0,pim,NAIVE,15.126537473799342,15.126573851473658,3.637767431641237e-05,2914,1,27,0,weights_on_pim_prefill-1024xdecode_64_ops_trace.csv,3.637767431641237e-05,0.002291793481933979,0.00027868027553089244,-0.002013113206403087,0.12159920940857293,0
decode,L27_V_s0,V,PIM0,pim,NAIVE,15.126573851473658,15.126610229147976,3.637767431641237e-05,2915,1,27,0,weights_on_pim_prefill-1024xdecode_64_ops_trace.csv,3.637767431641237e-05,0.002291793481933979,0.00027868027553089244,-0.002013113206403087,0.12159920940857293,0
decode,L27_Q_s1,Q,PIM1,pim,NAIVE,15.126501096125024,15.126537473799342,3.637767431641237e-05,2916,1,27,1,weights_on_pim_prefill-1024xdecode_64_ops_trace.csv,3.637767431641237e-05,0.002291793481933979,0.0002786802755308924,-0.002013113206403087,0.12159920940857291,0
decode,L27_K_s1,K,PIM1,pim,NAIVE,15.126537473799342,15.126573851473658,3.637767431641237e-05,2917,1,27,1,weights_on_pim_prefill-1024xdecode_64_ops_trace.csv,3.637767431641237e-05,0.002291793481933979,0.0002786802755308924,-0.002013113206403087,0.12159920940857291,0
decode,L27_V_s1,V,PIM1,pim,NAIVE,15.126573851473658,15.126610229147976,3.637767431641237e-05,2918,1,27,1,weights_on_pim_prefill-1024xdecode_64_ops_trace.csv,3.637767431641237e-05,0.002291793481933979,0.0002786802755308924,-0.002013113206403087,0.12159920940857291,0
decode,L27_K_write_s0,K_write,PIM0,pim,NAIVE,15.126610229147976,15.126610259147975,3.000000070585429e-08,2919,1,27,0,weights_on_pim_prefill-1024xdecode_64_ops_trace.csv,3.000000070585429e-08,1.8900000444688203e-06,1.8900000444688203e-06,0.0,1.0,0
decode,L27_QK_s0,QK,GPU0,npu,NAIVE,15.12793438841652,15.127937157544723,2.769128204960225e-06,2920,1,27,0,weights_on_pim_prefill-1024xdecode_64_ops_trace.csv,2.769128204960225e-06,0.00017445507691249418,0.00040904658697659297,0.0002345915100640988,2.3447101352158914,0
decode,L27_V_write_s0,V_write,PIM0,pim,NAIVE,15.126615384147977,15.126615414147976,3.000000070585429e-08,2921,1,27,0,weights_on_pim_prefill-1024xdecode_64_ops_trace.csv,3.000000070585429e-08,1.8900000444688203e-06,1.8900000444688203e-06,0.0,1.0,0
decode,L27_K_write_s1,K_write,PIM1,pim,NAIVE,15.126610229147976,15.126610259147975,3.000000070585429e-08,2922,1,27,1,weights_on_pim_prefill-1024xdecode_64_ops_trace.csv,3.000000070585429e-08,1.8900000444688203e-06,1.8900000444688203e-06,0.0,1.0,0
decode,L27_QK_s1,QK,GPU0,npu,NAIVE,15.127937157544723,15.12793992667293,2.769128204960225e-06,2923,1,27,1,weights_on_pim_prefill-1024xdecode_64_ops_trace.csv,2.769128204960225e-06,0.00017445507691249418,0.00040904658697659297,0.0002345915100640988,2.3447101352158914,0
decode,L27_V_write_s1,V_write,PIM1,pim,NAIVE,15.126615384147977,15.126615414147976,3.000000070585429e-08,2924,1,27,1,weights_on_pim_prefill-1024xdecode_64_ops_trace.csv,3.000000070585429e-08,1.8900000444688203e-06,1.8900000444688203e-06,0.0,1.0,0
decode,L27_Softmax_s0,Softmax,GPU0,npu,NAIVE,15.12793992667293,15.12794016532434,2.386514097452164e-07,2925,1,27,0,weights_on_pim_prefill-1024xdecode_64_ops_trace.csv,2.386514097452164e-07,1.5035038813948635e-05,3.525280789042968e-05,2.0217769076481044e-05,2.3447101352158914,0
decode,L27_Softmax_s1,Softmax,GPU0,npu,NAIVE,15.12794016532434,15.12794040397575,2.386514097452164e-07,2926,1,27,1,weights_on_pim_prefill-1024xdecode_64_ops_trace.csv,2.386514097452164e-07,1.5035038813948635e-05,3.525280789042968e-05,2.0217769076481044e-05,2.3447101352158914,0
decode,L27_SV_s0,SV,GPU0,npu,NAIVE,15.129264294592884,15.12926706372109,2.769128204960225e-06,2927,1,27,0,weights_on_pim_prefill-1024xdecode_64_ops_trace.csv,2.769128204960225e-06,0.00017445507691249418,0.00040904658697659297,0.0002345915100640988,2.3447101352158914,0
decode,L27_SV_s1,SV,GPU0,npu,NAIVE,15.12926706372109,15.129269832849294,2.769128204960225e-06,2928,1,27,1,weights_on_pim_prefill-1024xdecode_64_ops_trace.csv,2.769128204960225e-06,0.00017445507691249418,0.00040904658697659297,0.0002345915100640988,2.3447101352158914,0
decode,L27_O_s0,O,PIM0,pim,NAIVE,15.12927019620005,15.129303645874366,3.344967431573309e-05,2929,1,27,0,weights_on_pim_prefill-1024xdecode_64_ops_trace.csv,3.344967431573309e-05,0.0021073294818911847,0.0002562495989613457,-0.001851079882929839,0.12159920940857294,0
decode,L27_O_s1,O,PIM1,pim,NAIVE,15.129272965328257,15.12930641500257,3.344967431573309e-05,2930,1,27,1,weights_on_pim_prefill-1024xdecode_64_ops_trace.csv,3.344967431573309e-05,0.0021073294818911847,0.00025624959896134564,-0.001851079882929839,0.12159920940857291,0
decode,L27_AllReduce_O,ALLREDUCE,COMM,comm,COMM,15.12930641500257,15.129308441560491,2.026557922363281e-06,2931,1,27,-1,weights_on_pim_prefill-1024xdecode_64_ops_trace.csv,2.026557922363281e-06,0.0001276731491088867,0.0001276731491088867,0.0,1.0,0
decode,L27_Add1,Add,GPU0,npu,NAIVE,15.129313550809671,15.12932049021664,6.939406967276796e-06,2932,1,27,-1,weights_on_pim_prefill-1024xdecode_64_ops_trace.csv,6.939406967276796e-06,0.00043718263893843817,0.0010250665644593857,0.0005878839255209476,2.344710135215892,0
decode,L27_LN2,LN,GPU0,npu,NAIVE,15.12932049021664,15.129355799821283,3.530960464459554e-05,2933,1,27,-1,weights_on_pim_prefill-1024xdecode_64_ops_trace.csv,3.530960464459554e-05,0.002224505092609519,0.0052158196364809045,0.0029913145438713856,2.3447101352158914,0
decode,L27_FFN_W1_s0,FFN_W1,PIM0,pim,NAIVE,15.129360764779204,15.12945699177893,9.622699972489102e-05,2934,1,27,0,weights_on_pim_prefill-1024xdecode_64_ops_trace.csv,9.622699972489102e-05,0.006062300982668134,0.0007371710066892599,-0.005325129975978874,0.12159920940857294,0
decode,L27_FFN_W3_s0,FFN_W3,PIM1,pim,NAIVE,15.129360764779204,15.129450495778933,8.973099972564569e-05,2935,1,27,0,weights_on_pim_prefill-1024xdecode_64_ops_trace.csv,8.973099972564569e-05,0.005653052982715678,0.0006874067734430015,-0.004965646209272677,0.12159920940857291,0
decode,L27_FFN_W1_s1,FFN_W1,PIM1,pim,NAIVE,15.129450495778933,15.129546722778656,9.622699972489102e-05,2936,1,27,1,weights_on_pim_prefill-1024xdecode_64_ops_trace.csv,9.622699972489102e-05,0.006062300982668134,0.0007371710066892598,-0.005325129975978874,0.12159920940857293,0
decode,L27_FFN_W3_s1,FFN_W3,PIM0,pim,NAIVE,15.12945699177893,15.129546722778656,8.973099972564569e-05,2937,1,27,1,weights_on_pim_prefill-1024xdecode_64_ops_trace.csv,8.973099972564569e-05,0.005653052982715678,0.0006874067734430016,-0.004965646209272677,0.12159920940857293,0
decode,L27_SwiGLU_s0,SwiGLU,GPU0,npu,NAIVE,15.129463231566138,15.12947045170675,7.220140611607917e-06,2938,1,27,0,weights_on_pim_prefill-1024xdecode_64_ops_trace.csv,7.220140611607917e-06,0.00045486885853129877,0.0010665356227924196,0.0006116667642611208,2.344710135215891,0
decode,L27_SwiGLU_s1,SwiGLU,GPU0,npu,NAIVE,15.129552962565864,15.129560182706475,7.220140611607917e-06,2939,1,27,1,weights_on_pim_prefill-1024xdecode_64_ops_trace.csv,7.220140611607917e-06,0.00045486885853129877,0.0010665356227924196,0.0006116667642611208,2.344710135215891,0
decode,L27_FFN_W2_s0,FFN_W2,PIM0,pim,NAIVE,15.129546722778656,15.12964101377838,9.429099972457776e-05,2940,1,27,0,weights_on_pim_prefill-1024xdecode_64_ops_trace.csv,9.429099972457776e-05,0.005940332982648399,0.0007223397943137153,-0.0052179931883346835,0.12159920940857294,0
decode,L27_FFN_W2_s1,FFN_W2,PIM1,pim,NAIVE,15.129566407493684,15.129660698493408,9.429099972457776e-05,2941,1,27,1,weights_on_pim_prefill-1024xdecode_64_ops_trace.csv,9.429099972457776e-05,0.005940332982648399,0.0007223397943137153,-0.0052179931883346835,0.12159920940857294,0
decode,L27_AllReduce_FFN,ALLREDUCE,COMM,comm,COMM,15.129660698493408,15.12966272505133,2.026557922363281e-06,2942,1,27,-1,weights_on_pim_prefill-1024xdecode_64_ops_trace.csv,2.026557922363281e-06,0.0001276731491088867,0.0001276731491088867,0.0,1.0,0
decode,L27_Add2,Add,GPU0,npu,NAIVE,15.129667834300507,15.129674773707476,6.939406967276796e-06,2943,1,27,-1,weights_on_pim_prefill-1024xdecode_64_ops_trace.csv,6.939406967276796e-06,0.00043718263893843817,0.0010250665644593857,0.0005878839255209476,2.344710135215892,0
decode,L28_LN,LN,GPU0,npu,NAIVE,15.129674773707476,15.12971008331212,3.530960464459554e-05,2944,1,28,-1,weights_on_pim_prefill-1024xdecode_64_ops_trace.csv,3.530960464459554e-05,0.002224505092609519,0.0052158196364809045,0.0029913145438713856,2.3447101352158914,0
decode,L28_Q_s0,Q,PIM0,pim,NAIVE,15.129715048270045,15.12975142594436,3.637767431641237e-05,2945,1,28,0,weights_on_pim_prefill-1024xdecode_64_ops_trace.csv,3.637767431641237e-05,0.002291793481933979,0.00027868027553089244,-0.002013113206403087,0.12159920940857293,0
decode,L28_K_s0,K,PIM0,pim,NAIVE,15.12975142594436,15.129787803618676,3.637767431641237e-05,2946,1,28,0,weights_on_pim_prefill-1024xdecode_64_ops_trace.csv,3.637767431641237e-05,0.002291793481933979,0.00027868027553089244,-0.002013113206403087,0.12159920940857293,0
decode,L28_V_s0,V,PIM0,pim,NAIVE,15.129787803618676,15.129824181292992,3.637767431641237e-05,2947,1,28,0,weights_on_pim_prefill-1024xdecode_64_ops_trace.csv,3.637767431641237e-05,0.002291793481933979,0.00027868027553089244,-0.002013113206403087,0.12159920940857293,0
decode,L28_Q_s1,Q,PIM1,pim,NAIVE,15.129715048270045,15.12975142594436,3.637767431641237e-05,2948,1,28,1,weights_on_pim_prefill-1024xdecode_64_ops_trace.csv,3.637767431641237e-05,0.002291793481933979,0.0002786802755308924,-0.002013113206403087,0.12159920940857291,0
decode,L28_K_s1,K,PIM1,pim,NAIVE,15.12975142594436,15.129787803618676,3.637767431641237e-05,2949,1,28,1,weights_on_pim_prefill-1024xdecode_64_ops_trace.csv,3.637767431641237e-05,0.002291793481933979,0.0002786802755308924,-0.002013113206403087,0.12159920940857291,0
decode,L28_V_s1,V,PIM1,pim,NAIVE,15.129787803618676,15.129824181292992,3.637767431641237e-05,2950,1,28,1,weights_on_pim_prefill-1024xdecode_64_ops_trace.csv,3.637767431641237e-05,0.002291793481933979,0.0002786802755308924,-0.002013113206403087,0.12159920940857291,0
decode,L28_K_write_s0,K_write,PIM0,pim,NAIVE,15.129824181292992,15.129824211292991,3.000000070585429e-08,2951,1,28,0,weights_on_pim_prefill-1024xdecode_64_ops_trace.csv,3.000000070585429e-08,1.8900000444688203e-06,1.8900000444688203e-06,0.0,1.0,0
decode,L28_QK_s0,QK,GPU0,npu,NAIVE,15.131148340561538,15.131151109689744,2.769128204960225e-06,2952,1,28,0,weights_on_pim_prefill-1024xdecode_64_ops_trace.csv,2.769128204960225e-06,0.00017445507691249418,0.00040904658697659297,0.0002345915100640988,2.3447101352158914,0
decode,L28_V_write_s0,V_write,PIM0,pim,NAIVE,15.129829336292993,15.129829366292991,3.000000070585429e-08,2953,1,28,0,weights_on_pim_prefill-1024xdecode_64_ops_trace.csv,3.000000070585429e-08,1.8900000444688203e-06,1.8900000444688203e-06,0.0,1.0,0
decode,L28_K_write_s1,K_write,PIM1,pim,NAIVE,15.129824181292992,15.129824211292991,3.000000070585429e-08,2954,1,28,1,weights_on_pim_prefill-1024xdecode_64_ops_trace.csv,3.000000070585429e-08,1.8900000444688203e-06,1.8900000444688203e-06,0.0,1.0,0
decode,L28_QK_s1,QK,GPU0,npu,NAIVE,15.131151109689744,15.131153878817948,2.769128204960225e-06,2955,1,28,1,weights_on_pim_prefill-1024xdecode_64_ops_trace.csv,2.769128204960225e-06,0.00017445507691249418,0.00040904658697659297,0.0002345915100640988,2.3447101352158914,0
decode,L28_V_write_s1,V_write,PIM1,pim,NAIVE,15.129829336292993,15.129829366292991,3.000000070585429e-08,2956,1,28,1,weights_on_pim_prefill-1024xdecode_64_ops_trace.csv,3.000000070585429e-08,1.8900000444688203e-06,1.8900000444688203e-06,0.0,1.0,0
decode,L28_Softmax_s0,Softmax,GPU0,npu,NAIVE,15.131153878817948,15.131154117469356,2.386514097452164e-07,2957,1,28,0,weights_on_pim_prefill-1024xdecode_64_ops_trace.csv,2.386514097452164e-07,1.5035038813948635e-05,3.525280789042968e-05,2.0217769076481044e-05,2.3447101352158914,0
decode,L28_Softmax_s1,Softmax,GPU0,npu,NAIVE,15.131154117469356,15.131154356120769,2.386514097452164e-07,2958,1,28,1,weights_on_pim_prefill-1024xdecode_64_ops_trace.csv,2.386514097452164e-07,1.5035038813948635e-05,3.525280789042968e-05,2.0217769076481044e-05,2.3447101352158914,0
decode,L28_SV_s0,SV,GPU0,npu,NAIVE,15.132478246737902,15.132481015866109,2.769128204960225e-06,2959,1,28,0,weights_on_pim_prefill-1024xdecode_64_ops_trace.csv,2.769128204960225e-06,0.00017445507691249418,0.00040904658697659297,0.0002345915100640988,2.3447101352158914,0
decode,L28_SV_s1,SV,GPU0,npu,NAIVE,15.132481015866109,15.132483784994312,2.769128204960225e-06,2960,1,28,1,weights_on_pim_prefill-1024xdecode_64_ops_trace.csv,2.769128204960225e-06,0.00017445507691249418,0.00040904658697659297,0.0002345915100640988,2.3447101352158914,0
decode,L28_O_s0,O,PIM0,pim,NAIVE,15.132484148345068,15.132517598019383,3.344967431573309e-05,2961,1,28,0,weights_on_pim_prefill-1024xdecode_64_ops_trace.csv,3.344967431573309e-05,0.0021073294818911847,0.0002562495989613457,-0.001851079882929839,0.12159920940857294,0
decode,L28_O_s1,O,PIM1,pim,NAIVE,15.132486917473273,15.132520367147588,3.344967431573309e-05,2962,1,28,1,weights_on_pim_prefill-1024xdecode_64_ops_trace.csv,3.344967431573309e-05,0.0021073294818911847,0.00025624959896134564,-0.001851079882929839,0.12159920940857291,0
decode,L28_AllReduce_O,ALLREDUCE,COMM,comm,COMM,15.132520367147588,15.13252239370551,2.026557922363281e-06,2963,1,28,-1,weights_on_pim_prefill-1024xdecode_64_ops_trace.csv,2.026557922363281e-06,0.0001276731491088867,0.0001276731491088867,0.0,1.0,0
decode,L28_Add1,Add,GPU0,npu,NAIVE,15.132527502954687,15.132534442361656,6.939406967276796e-06,2964,1,28,-1,weights_on_pim_prefill-1024xdecode_64_ops_trace.csv,6.939406967276796e-06,0.00043718263893843817,0.0010250665644593857,0.0005878839255209476,2.344710135215892,0
decode,L28_LN2,LN,GPU0,npu,NAIVE,15.132534442361656,15.1325697519663,3.530960464459554e-05,2965,1,28,-1,weights_on_pim_prefill-1024xdecode_64_ops_trace.csv,3.530960464459554e-05,0.002224505092609519,0.0052158196364809045,0.0029913145438713856,2.3447101352158914,0
decode,L28_FFN_W1_s0,FFN_W1,PIM0,pim,NAIVE,15.132574716924225,15.132670943923948,9.622699972489102e-05,2966,1,28,0,weights_on_pim_prefill-1024xdecode_64_ops_trace.csv,9.622699972489102e-05,0.006062300982668134,0.0007371710066892599,-0.005325129975978874,0.12159920940857294,0
decode,L28_FFN_W3_s0,FFN_W3,PIM1,pim,NAIVE,15.132574716924225,15.132664447923949,8.973099972564569e-05,2967,1,28,0,weights_on_pim_prefill-1024xdecode_64_ops_trace.csv,8.973099972564569e-05,0.005653052982715678,0.0006874067734430015,-0.004965646209272677,0.12159920940857291,0
decode,L28_FFN_W1_s1,FFN_W1,PIM1,pim,NAIVE,15.132664447923949,15.132760674923674,9.622699972489102e-05,2968,1,28,1,weights_on_pim_prefill-1024xdecode_64_ops_trace.csv,9.622699972489102e-05,0.006062300982668134,0.0007371710066892598,-0.005325129975978874,0.12159920940857293,0
decode,L28_FFN_W3_s1,FFN_W3,PIM0,pim,NAIVE,15.132670943923948,15.132760674923674,8.973099972564569e-05,2969,1,28,1,weights_on_pim_prefill-1024xdecode_64_ops_trace.csv,8.973099972564569e-05,0.005653052982715678,0.0006874067734430016,-0.004965646209272677,0.12159920940857293,0
decode,L28_SwiGLU_s0,SwiGLU,GPU0,npu,NAIVE,15.132677183711156,15.132684403851767,7.220140611607917e-06,2970,1,28,0,weights_on_pim_prefill-1024xdecode_64_ops_trace.csv,7.220140611607917e-06,0.00045486885853129877,0.0010665356227924196,0.0006116667642611208,2.344710135215891,0
decode,L28_SwiGLU_s1,SwiGLU,GPU0,npu,NAIVE,15.13276691471088,15.132774134851491,7.220140611607917e-06,2971,1,28,1,weights_on_pim_prefill-1024xdecode_64_ops_trace.csv,7.220140611607917e-06,0.00045486885853129877,0.0010665356227924196,0.0006116667642611208,2.344710135215891,0
decode,L28_FFN_W2_s0,FFN_W2,PIM0,pim,NAIVE,15.132760674923674,15.132854965923398,9.429099972457776e-05,2972,1,28,0,weights_on_pim_prefill-1024xdecode_64_ops_trace.csv,9.429099972457776e-05,0.005940332982648399,0.0007223397943137153,-0.0052179931883346835,0.12159920940857294,0
decode,L28_FFN_W2_s1,FFN_W2,PIM1,pim,NAIVE,15.1327803596387,15.132874650638426,9.429099972457776e-05,2973,1,28,1,weights_on_pim_prefill-1024xdecode_64_ops_trace.csv,9.429099972457776e-05,0.005940332982648399,0.0007223397943137153,-0.0052179931883346835,0.12159920940857294,0
decode,L28_AllReduce_FFN,ALLREDUCE,COMM,comm,COMM,15.132874650638426,15.132876677196348,2.026557922363281e-06,2974,1,28,-1,weights_on_pim_prefill-1024xdecode_64_ops_trace.csv,2.026557922363281e-06,0.0001276731491088867,0.0001276731491088867,0.0,1.0,0
decode,L28_Add2,Add,GPU0,npu,NAIVE,15.132881786445529,15.132888725852494,6.939406967276796e-06,2975,1,28,-1,weights_on_pim_prefill-1024xdecode_64_ops_trace.csv,6.939406967276796e-06,0.00043718263893843817,0.0010250665644593857,0.0005878839255209476,2.344710135215892,0
decode,L29_LN,LN,GPU0,npu,NAIVE,15.132888725852494,15.13292403545714,3.530960464459554e-05,2976,1,29,-1,weights_on_pim_prefill-1024xdecode_64_ops_trace.csv,3.530960464459554e-05,0.002224505092609519,0.0052158196364809045,0.0029913145438713856,2.3447101352158914,0
decode,L29_Q_s0,Q,PIM0,pim,NAIVE,15.13292900041506,15.132965378089375,3.637767431641237e-05,2977,1,29,0,weights_on_pim_prefill-1024xdecode_64_ops_trace.csv,3.637767431641237e-05,0.002291793481933979,0.00027868027553089244,-0.002013113206403087,0.12159920940857293,0
decode,L29_K_s0,K,PIM0,pim,NAIVE,15.132965378089375,15.133001755763694,3.637767431641237e-05,2978,1,29,0,weights_on_pim_prefill-1024xdecode_64_ops_trace.csv,3.637767431641237e-05,0.002291793481933979,0.00027868027553089244,-0.002013113206403087,0.12159920940857293,0
decode,L29_V_s0,V,PIM0,pim,NAIVE,15.133001755763694,15.13303813343801,3.637767431641237e-05,2979,1,29,0,weights_on_pim_prefill-1024xdecode_64_ops_trace.csv,3.637767431641237e-05,0.002291793481933979,0.00027868027553089244,-0.002013113206403087,0.12159920940857293,0
decode,L29_Q_s1,Q,PIM1,pim,NAIVE,15.13292900041506,15.132965378089375,3.637767431641237e-05,2980,1,29,1,weights_on_pim_prefill-1024xdecode_64_ops_trace.csv,3.637767431641237e-05,0.002291793481933979,0.0002786802755308924,-0.002013113206403087,0.12159920940857291,0
decode,L29_K_s1,K,PIM1,pim,NAIVE,15.132965378089375,15.133001755763694,3.637767431641237e-05,2981,1,29,1,weights_on_pim_prefill-1024xdecode_64_ops_trace.csv,3.637767431641237e-05,0.002291793481933979,0.0002786802755308924,-0.002013113206403087,0.12159920940857291,0
decode,L29_V_s1,V,PIM1,pim,NAIVE,15.133001755763694,15.13303813343801,3.637767431641237e-05,2982,1,29,1,weights_on_pim_prefill-1024xdecode_64_ops_trace.csv,3.637767431641237e-05,0.002291793481933979,0.0002786802755308924,-0.002013113206403087,0.12159920940857291,0
decode,L29_K_write_s0,K_write,PIM0,pim,NAIVE,15.13303813343801,15.13303816343801,3.000000070585429e-08,2983,1,29,0,weights_on_pim_prefill-1024xdecode_64_ops_trace.csv,3.000000070585429e-08,1.8900000444688203e-06,1.8900000444688203e-06,0.0,1.0,0
decode,L29_QK_s0,QK,GPU0,npu,NAIVE,15.134362292706555,15.13436506183476,2.769128204960225e-06,2984,1,29,0,weights_on_pim_prefill-1024xdecode_64_ops_trace.csv,2.769128204960225e-06,0.00017445507691249418,0.00040904658697659297,0.0002345915100640988,2.3447101352158914,0
decode,L29_V_write_s0,V_write,PIM0,pim,NAIVE,15.13304328843801,15.13304331843801,3.000000070585429e-08,2985,1,29,0,weights_on_pim_prefill-1024xdecode_64_ops_trace.csv,3.000000070585429e-08,1.8900000444688203e-06,1.8900000444688203e-06,0.0,1.0,0
decode,L29_K_write_s1,K_write,PIM1,pim,NAIVE,15.13303813343801,15.13303816343801,3.000000070585429e-08,2986,1,29,1,weights_on_pim_prefill-1024xdecode_64_ops_trace.csv,3.000000070585429e-08,1.8900000444688203e-06,1.8900000444688203e-06,0.0,1.0,0
decode,L29_QK_s1,QK,GPU0,npu,NAIVE,15.13436506183476,15.134367830962963,2.769128204960225e-06,2987,1,29,1,weights_on_pim_prefill-1024xdecode_64_ops_trace.csv,2.769128204960225e-06,0.00017445507691249418,0.00040904658697659297,0.0002345915100640988,2.3447101352158914,0
decode,L29_V_write_s1,V_write,PIM1,pim,NAIVE,15.13304328843801,15.13304331843801,3.000000070585429e-08,2988,1,29,1,weights_on_pim_prefill-1024xdecode_64_ops_trace.csv,3.000000070585429e-08,1.8900000444688203e-06,1.8900000444688203e-06,0.0,1.0,0
decode,L29_Softmax_s0,Softmax,GPU0,npu,NAIVE,15.134367830962963,15.134368069614377,2.386514097452164e-07,2989,1,29,0,weights_on_pim_prefill-1024xdecode_64_ops_trace.csv,2.386514097452164e-07,1.5035038813948635e-05,3.525280789042968e-05,2.0217769076481044e-05,2.3447101352158914,0
decode,L29_Softmax_s1,Softmax,GPU0,npu,NAIVE,15.134368069614377,15.134368308265785,2.386514097452164e-07,2990,1,29,1,weights_on_pim_prefill-1024xdecode_64_ops_trace.csv,2.386514097452164e-07,1.5035038813948635e-05,3.525280789042968e-05,2.0217769076481044e-05,2.3447101352158914,0
decode,L29_SV_s0,SV,GPU0,npu,NAIVE,15.13569219888292,15.135694968011125,2.769128204960225e-06,2991,1,29,0,weights_on_pim_prefill-1024xdecode_64_ops_trace.csv,2.769128204960225e-06,0.00017445507691249418,0.00040904658697659297,0.0002345915100640988,2.3447101352158914,0
decode,L29_SV_s1,SV,GPU0,npu,NAIVE,15.135694968011125,15.13569773713933,2.769128204960225e-06,2992,1,29,1,weights_on_pim_prefill-1024xdecode_64_ops_trace.csv,2.769128204960225e-06,0.00017445507691249418,0.00040904658697659297,0.0002345915100640988,2.3447101352158914,0
decode,L29_O_s0,O,PIM0,pim,NAIVE,15.135698100490083,15.1357315501644,3.344967431573309e-05,2993,1,29,0,weights_on_pim_prefill-1024xdecode_64_ops_trace.csv,3.344967431573309e-05,0.0021073294818911847,0.0002562495989613457,-0.001851079882929839,0.12159920940857294,0
decode,L29_O_s1,O,PIM1,pim,NAIVE,15.13570086961829,15.135734319292606,3.344967431573309e-05,2994,1,29,1,weights_on_pim_prefill-1024xdecode_64_ops_trace.csv,3.344967431573309e-05,0.0021073294818911847,0.00025624959896134564,-0.001851079882929839,0.12159920940857291,0
decode,L29_AllReduce_O,ALLREDUCE,COMM,comm,COMM,15.135734319292606,15.135736345850528,2.026557922363281e-06,2995,1,29,-1,weights_on_pim_prefill-1024xdecode_64_ops_trace.csv,2.026557922363281e-06,0.0001276731491088867,0.0001276731491088867,0.0,1.0,0
decode,L29_Add1,Add,GPU0,npu,NAIVE,15.135741455099708,15.135748394506674,6.939406967276796e-06,2996,1,29,-1,weights_on_pim_prefill-1024xdecode_64_ops_trace.csv,6.939406967276796e-06,0.00043718263893843817,0.0010250665644593857,0.0005878839255209476,2.344710135215892,0
decode,L29_LN2,LN,GPU0,npu,NAIVE,15.135748394506674,15.13578370411132,3.530960464459554e-05,2997,1,29,-1,weights_on_pim_prefill-1024xdecode_64_ops_trace.csv,3.530960464459554e-05,0.002224505092609519,0.0052158196364809045,0.0029913145438713856,2.3447101352158914,0
decode,L29_FFN_W1_s0,FFN_W1,PIM0,pim,NAIVE,15.13578866906924,15.135884896068966,9.622699972489102e-05,2998,1,29,0,weights_on_pim_prefill-1024xdecode_64_ops_trace.csv,9.622699972489102e-05,0.006062300982668134,0.0007371710066892599,-0.005325129975978874,0.12159920940857294,0
decode,L29_FFN_W3_s0,FFN_W3,PIM1,pim,NAIVE,15.13578866906924,15.135878400068966,8.973099972564569e-05,2999,1,29,0,weights_on_pim_prefill-1024xdecode_64_ops_trace.csv,8.973099972564569e-05,0.005653052982715678,0.0006874067734430015,-0.004965646209272677,0.12159920940857291,0
decode,L29_FFN_W1_s1,FFN_W1,PIM1,pim,NAIVE,15.135878400068966,15.135974627068691,9.622699972489102e-05,3000,1,29,1,weights_on_pim_prefill-1024xdecode_64_ops_trace.csv,9.622699972489102e-05,0.006062300982668134,0.0007371710066892598,-0.005325129975978874,0.12159920940857293,0
decode,L29_FFN_W3_s1,FFN_W3,PIM0,pim,NAIVE,15.135884896068966,15.135974627068691,8.973099972564569e-05,3001,1,29,1,weights_on_pim_prefill-1024xdecode_64_ops_trace.csv,8.973099972564569e-05,0.005653052982715678,0.0006874067734430016,-0.004965646209272677,0.12159920940857293,0
decode,L29_SwiGLU_s0,SwiGLU,GPU0,npu,NAIVE,15.135891135856172,15.135898355996783,7.220140611607917e-06,3002,1,29,0,weights_on_pim_prefill-1024xdecode_64_ops_trace.csv,7.220140611607917e-06,0.00045486885853129877,0.0010665356227924196,0.0006116667642611208,2.344710135215891,0
decode,L29_SwiGLU_s1,SwiGLU,GPU0,npu,NAIVE,15.1359808668559,15.13598808699651,7.220140611607917e-06,3003,1,29,1,weights_on_pim_prefill-1024xdecode_64_ops_trace.csv,7.220140611607917e-06,0.00045486885853129877,0.0010665356227924196,0.0006116667642611208,2.344710135215891,0
decode,L29_FFN_W2_s0,FFN_W2,PIM0,pim,NAIVE,15.135974627068691,15.136068918068416,9.429099972457776e-05,3004,1,29,0,weights_on_pim_prefill-1024xdecode_64_ops_trace.csv,9.429099972457776e-05,0.005940332982648399,0.0007223397943137153,-0.0052179931883346835,0.12159920940857294,0
decode,L29_FFN_W2_s1,FFN_W2,PIM1,pim,NAIVE,15.13599431178372,15.136088602783444,9.429099972457776e-05,3005,1,29,1,weights_on_pim_prefill-1024xdecode_64_ops_trace.csv,9.429099972457776e-05,0.005940332982648399,0.0007223397943137153,-0.0052179931883346835,0.12159920940857294,0
decode,L29_AllReduce_FFN,ALLREDUCE,COMM,comm,COMM,15.136088602783444,15.136090629341366,2.026557922363281e-06,3006,1,29,-1,weights_on_pim_prefill-1024xdecode_64_ops_trace.csv,2.026557922363281e-06,0.0001276731491088867,0.0001276731491088867,0.0,1.0,0
decode,L29_Add2,Add,GPU0,npu,NAIVE,15.136095738590544,15.136102677997512,6.939406967276796e-06,3007,1,29,-1,weights_on_pim_prefill-1024xdecode_64_ops_trace.csv,6.939406967276796e-06,0.00043718263893843817,0.0010250665644593857,0.0005878839255209476,2.344710135215892,0
decode,L30_LN,LN,GPU0,npu,NAIVE,15.136102677997512,15.136137987602156,3.530960464459554e-05,3008,1,30,-1,weights_on_pim_prefill-1024xdecode_64_ops_trace.csv,3.530960464459554e-05,0.002224505092609519,0.0052158196364809045,0.0029913145438713856,2.3447101352158914,0
decode,L30_Q_s0,Q,PIM0,pim,NAIVE,15.136142952560078,15.136179330234397,3.637767431641237e-05,3009,1,30,0,weights_on_pim_prefill-1024xdecode_64_ops_trace.csv,3.637767431641237e-05,0.002291793481933979,0.00027868027553089244,-0.002013113206403087,0.12159920940857293,0
decode,L30_K_s0,K,PIM0,pim,NAIVE,15.136179330234397,15.136215707908711,3.637767431641237e-05,3010,1,30,0,weights_on_pim_prefill-1024xdecode_64_ops_trace.csv,3.637767431641237e-05,0.002291793481933979,0.00027868027553089244,-0.002013113206403087,0.12159920940857293,0
decode,L30_V_s0,V,PIM0,pim,NAIVE,15.136215707908711,15.136252085583028,3.637767431641237e-05,3011,1,30,0,weights_on_pim_prefill-1024xdecode_64_ops_trace.csv,3.637767431641237e-05,0.002291793481933979,0.00027868027553089244,-0.002013113206403087,0.12159920940857293,0
decode,L30_Q_s1,Q,PIM1,pim,NAIVE,15.136142952560078,15.136179330234397,3.637767431641237e-05,3012,1,30,1,weights_on_pim_prefill-1024xdecode_64_ops_trace.csv,3.637767431641237e-05,0.002291793481933979,0.0002786802755308924,-0.002013113206403087,0.12159920940857291,0
decode,L30_K_s1,K,PIM1,pim,NAIVE,15.136179330234397,15.136215707908711,3.637767431641237e-05,3013,1,30,1,weights_on_pim_prefill-1024xdecode_64_ops_trace.csv,3.637767431641237e-05,0.002291793481933979,0.0002786802755308924,-0.002013113206403087,0.12159920940857291,0
decode,L30_V_s1,V,PIM1,pim,NAIVE,15.136215707908711,15.136252085583028,3.637767431641237e-05,3014,1,30,1,weights_on_pim_prefill-1024xdecode_64_ops_trace.csv,3.637767431641237e-05,0.002291793481933979,0.0002786802755308924,-0.002013113206403087,0.12159920940857291,0
decode,L30_K_write_s0,K_write,PIM0,pim,NAIVE,15.136252085583028,15.136252115583028,3.000000070585429e-08,3015,1,30,0,weights_on_pim_prefill-1024xdecode_64_ops_trace.csv,3.000000070585429e-08,1.8900000444688203e-06,1.8900000444688203e-06,0.0,1.0,0
decode,L30_QK_s0,QK,GPU0,npu,NAIVE,15.137576244851571,15.137579013979778,2.769128204960225e-06,3016,1,30,0,weights_on_pim_prefill-1024xdecode_64_ops_trace.csv,2.769128204960225e-06,0.00017445507691249418,0.00040904658697659297,0.0002345915100640988,2.3447101352158914,0
decode,L30_V_write_s0,V_write,PIM0,pim,NAIVE,15.136257240583028,15.136257270583029,3.000000070585429e-08,3017,1,30,0,weights_on_pim_prefill-1024xdecode_64_ops_trace.csv,3.000000070585429e-08,1.8900000444688203e-06,1.8900000444688203e-06,0.0,1.0,0
decode,L30_K_write_s1,K_write,PIM1,pim,NAIVE,15.136252085583028,15.136252115583028,3.000000070585429e-08,3018,1,30,1,weights_on_pim_prefill-1024xdecode_64_ops_trace.csv,3.000000070585429e-08,1.8900000444688203e-06,1.8900000444688203e-06,0.0,1.0,0
decode,L30_QK_s1,QK,GPU0,npu,NAIVE,15.137579013979778,15.137581783107985,2.769128204960225e-06,3019,1,30,1,weights_on_pim_prefill-1024xdecode_64_ops_trace.csv,2.769128204960225e-06,0.00017445507691249418,0.00040904658697659297,0.0002345915100640988,2.3447101352158914,0
decode,L30_V_write_s1,V_write,PIM1,pim,NAIVE,15.136257240583028,15.136257270583029,3.000000070585429e-08,3020,1,30,1,weights_on_pim_prefill-1024xdecode_64_ops_trace.csv,3.000000070585429e-08,1.8900000444688203e-06,1.8900000444688203e-06,0.0,1.0,0
decode,L30_Softmax_s0,Softmax,GPU0,npu,NAIVE,15.137581783107985,15.137582021759393,2.386514097452164e-07,3021,1,30,0,weights_on_pim_prefill-1024xdecode_64_ops_trace.csv,2.386514097452164e-07,1.5035038813948635e-05,3.525280789042968e-05,2.0217769076481044e-05,2.3447101352158914,0
decode,L30_Softmax_s1,Softmax,GPU0,npu,NAIVE,15.137582021759393,15.137582260410802,2.386514097452164e-07,3022,1,30,1,weights_on_pim_prefill-1024xdecode_64_ops_trace.csv,2.386514097452164e-07,1.5035038813948635e-05,3.525280789042968e-05,2.0217769076481044e-05,2.3447101352158914,0
decode,L30_SV_s0,SV,GPU0,npu,NAIVE,15.138906151027935,15.138908920156142,2.769128204960225e-06,3023,1,30,0,weights_on_pim_prefill-1024xdecode_64_ops_trace.csv,2.769128204960225e-06,0.00017445507691249418,0.00040904658697659297,0.0002345915100640988,2.3447101352158914,0
decode,L30_SV_s1,SV,GPU0,npu,NAIVE,15.138908920156142,15.138911689284347,2.769128204960225e-06,3024,1,30,1,weights_on_pim_prefill-1024xdecode_64_ops_trace.csv,2.769128204960225e-06,0.00017445507691249418,0.00040904658697659297,0.0002345915100640988,2.3447101352158914,0
decode,L30_O_s0,O,PIM0,pim,NAIVE,15.138912052635105,15.13894550230942,3.344967431573309e-05,3025,1,30,0,weights_on_pim_prefill-1024xdecode_64_ops_trace.csv,3.344967431573309e-05,0.0021073294818911847,0.0002562495989613457,-0.001851079882929839,0.12159920940857294,0
decode,L30_O_s1,O,PIM1,pim,NAIVE,15.138914821763308,15.138948271437624,3.344967431573309e-05,3026,1,30,1,weights_on_pim_prefill-1024xdecode_64_ops_trace.csv,3.344967431573309e-05,0.0021073294818911847,0.00025624959896134564,-0.001851079882929839,0.12159920940857291,0
decode,L30_AllReduce_O,ALLREDUCE,COMM,comm,COMM,15.138948271437624,15.138950297995546,2.026557922363281e-06,3027,1,30,-1,weights_on_pim_prefill-1024xdecode_64_ops_trace.csv,2.026557922363281e-06,0.0001276731491088867,0.0001276731491088867,0.0,1.0,0
decode,L30_Add1,Add,GPU0,npu,NAIVE,15.138955407244724,15.138962346651692,6.939406967276796e-06,3028,1,30,-1,weights_on_pim_prefill-1024xdecode_64_ops_trace.csv,6.939406967276796e-06,0.00043718263893843817,0.0010250665644593857,0.0005878839255209476,2.344710135215892,0
decode,L30_LN2,LN,GPU0,npu,NAIVE,15.138962346651692,15.138997656256336,3.530960464459554e-05,3029,1,30,-1,weights_on_pim_prefill-1024xdecode_64_ops_trace.csv,3.530960464459554e-05,0.002224505092609519,0.0052158196364809045,0.0029913145438713856,2.3447101352158914,0
decode,L30_FFN_W1_s0,FFN_W1,PIM0,pim,NAIVE,15.139002621214258,15.139098848213983,9.622699972489102e-05,3030,1,30,0,weights_on_pim_prefill-1024xdecode_64_ops_trace.csv,9.622699972489102e-05,0.006062300982668134,0.0007371710066892599,-0.005325129975978874,0.12159920940857294,0
decode,L30_FFN_W3_s0,FFN_W3,PIM1,pim,NAIVE,15.139002621214258,15.139092352213984,8.973099972564569e-05,3031,1,30,0,weights_on_pim_prefill-1024xdecode_64_ops_trace.csv,8.973099972564569e-05,0.005653052982715678,0.0006874067734430015,-0.004965646209272677,0.12159920940857291,0
decode,L30_FFN_W1_s1,FFN_W1,PIM1,pim,NAIVE,15.139092352213984,15.139188579213709,9.622699972489102e-05,3032,1,30,1,weights_on_pim_prefill-1024xdecode_64_ops_trace.csv,9.622699972489102e-05,0.006062300982668134,0.0007371710066892598,-0.005325129975978874,0.12159920940857293,0
decode,L30_FFN_W3_s1,FFN_W3,PIM0,pim,NAIVE,15.139098848213983,15.139188579213709,8.973099972564569e-05,3033,1,30,1,weights_on_pim_prefill-1024xdecode_64_ops_trace.csv,8.973099972564569e-05,0.005653052982715678,0.0006874067734430016,-0.004965646209272677,0.12159920940857293,0
decode,L30_SwiGLU_s0,SwiGLU,GPU0,npu,NAIVE,15.139105088001193,15.139112308141804,7.220140611607917e-06,3034,1,30,0,weights_on_pim_prefill-1024xdecode_64_ops_trace.csv,7.220140611607917e-06,0.00045486885853129877,0.0010665356227924196,0.0006116667642611208,2.344710135215891,0
decode,L30_SwiGLU_s1,SwiGLU,GPU0,npu,NAIVE,15.139194819000917,15.139202039141528,7.220140611607917e-06,3035,1,30,1,weights_on_pim_prefill-1024xdecode_64_ops_trace.csv,7.220140611607917e-06,0.00045486885853129877,0.0010665356227924196,0.0006116667642611208,2.344710135215891,0
decode,L30_FFN_W2_s0,FFN_W2,PIM0,pim,NAIVE,15.139188579213709,15.139282870213432,9.429099972457776e-05,3036,1,30,0,weights_on_pim_prefill-1024xdecode_64_ops_trace.csv,9.429099972457776e-05,0.005940332982648399,0.0007223397943137153,-0.0052179931883346835,0.12159920940857294,0
decode,L30_FFN_W2_s1,FFN_W2,PIM1,pim,NAIVE,15.139208263928737,15.13930255492846,9.429099972457776e-05,3037,1,30,1,weights_on_pim_prefill-1024xdecode_64_ops_trace.csv,9.429099972457776e-05,0.005940332982648399,0.0007223397943137153,-0.0052179931883346835,0.12159920940857294,0
decode,L30_AllReduce_FFN,ALLREDUCE,COMM,comm,COMM,15.13930255492846,15.139304581486384,2.026557922363281e-06,3038,1,30,-1,weights_on_pim_prefill-1024xdecode_64_ops_trace.csv,2.026557922363281e-06,0.0001276731491088867,0.0001276731491088867,0.0,1.0,0
decode,L30_Add2,Add,GPU0,npu,NAIVE,15.139309690735562,15.13931663014253,6.939406967276796e-06,3039,1,30,-1,weights_on_pim_prefill-1024xdecode_64_ops_trace.csv,6.939406967276796e-06,0.00043718263893843817,0.0010250665644593857,0.0005878839255209476,2.344710135215892,0
decode,L31_LN,LN,GPU0,npu,NAIVE,15.13931663014253,15.139351939747174,3.530960464459554e-05,3040,1,31,-1,weights_on_pim_prefill-1024xdecode_64_ops_trace.csv,3.530960464459554e-05,0.002224505092609519,0.0052158196364809045,0.0029913145438713856,2.3447101352158914,0
decode,L31_Q_s0,Q,PIM0,pim,NAIVE,15.139356904705096,15.139393282379412,3.637767431641237e-05,3041,1,31,0,weights_on_pim_prefill-1024xdecode_64_ops_trace.csv,3.637767431641237e-05,0.002291793481933979,0.00027868027553089244,-0.002013113206403087,0.12159920940857293,0
decode,L31_K_s0,K,PIM0,pim,NAIVE,15.139393282379412,15.139429660053729,3.637767431641237e-05,3042,1,31,0,weights_on_pim_prefill-1024xdecode_64_ops_trace.csv,3.637767431641237e-05,0.002291793481933979,0.00027868027553089244,-0.002013113206403087,0.12159920940857293,0
decode,L31_V_s0,V,PIM0,pim,NAIVE,15.139429660053729,15.139466037728043,3.637767431641237e-05,3043,1,31,0,weights_on_pim_prefill-1024xdecode_64_ops_trace.csv,3.637767431641237e-05,0.002291793481933979,0.00027868027553089244,-0.002013113206403087,0.12159920940857293,0
decode,L31_Q_s1,Q,PIM1,pim,NAIVE,15.139356904705096,15.139393282379412,3.637767431641237e-05,3044,1,31,1,weights_on_pim_prefill-1024xdecode_64_ops_trace.csv,3.637767431641237e-05,0.002291793481933979,0.0002786802755308924,-0.002013113206403087,0.12159920940857291,0
decode,L31_K_s1,K,PIM1,pim,NAIVE,15.139393282379412,15.139429660053729,3.637767431641237e-05,3045,1,31,1,weights_on_pim_prefill-1024xdecode_64_ops_trace.csv,3.637767431641237e-05,0.002291793481933979,0.0002786802755308924,-0.002013113206403087,0.12159920940857291,0
decode,L31_V_s1,V,PIM1,pim,NAIVE,15.139429660053729,15.139466037728043,3.637767431641237e-05,3046,1,31,1,weights_on_pim_prefill-1024xdecode_64_ops_trace.csv,3.637767431641237e-05,0.002291793481933979,0.0002786802755308924,-0.002013113206403087,0.12159920940857291,0
decode,L31_K_write_s0,K_write,PIM0,pim,NAIVE,15.139466037728043,15.139466067728046,3.000000070585429e-08,3047,1,31,0,weights_on_pim_prefill-1024xdecode_64_ops_trace.csv,3.000000070585429e-08,1.8900000444688203e-06,1.8900000444688203e-06,0.0,1.0,0
decode,L31_QK_s0,QK,GPU0,npu,NAIVE,15.14079019699659,15.140792966124796,2.769128204960225e-06,3048,1,31,0,weights_on_pim_prefill-1024xdecode_64_ops_trace.csv,2.769128204960225e-06,0.00017445507691249418,0.00040904658697659297,0.0002345915100640988,2.3447101352158914,0
decode,L31_V_write_s0,V_write,PIM0,pim,NAIVE,15.139471192728044,15.139471222728046,3.000000070585429e-08,3049,1,31,0,weights_on_pim_prefill-1024xdecode_64_ops_trace.csv,3.000000070585429e-08,1.8900000444688203e-06,1.8900000444688203e-06,0.0,1.0,0
decode,L31_K_write_s1,K_write,PIM1,pim,NAIVE,15.139466037728043,15.139466067728046,3.000000070585429e-08,3050,1,31,1,weights_on_pim_prefill-1024xdecode_64_ops_trace.csv,3.000000070585429e-08,1.8900000444688203e-06,1.8900000444688203e-06,0.0,1.0,0
decode,L31_QK_s1,QK,GPU0,npu,NAIVE,15.140792966124796,15.140795735253,2.769128204960225e-06,3051,1,31,1,weights_on_pim_prefill-1024xdecode_64_ops_trace.csv,2.769128204960225e-06,0.00017445507691249418,0.00040904658697659297,0.0002345915100640988,2.3447101352158914,0
decode,L31_V_write_s1,V_write,PIM1,pim,NAIVE,15.139471192728044,15.139471222728046,3.000000070585429e-08,3052,1,31,1,weights_on_pim_prefill-1024xdecode_64_ops_trace.csv,3.000000070585429e-08,1.8900000444688203e-06,1.8900000444688203e-06,0.0,1.0,0
decode,L31_Softmax_s0,Softmax,GPU0,npu,NAIVE,15.140795735253,15.14079597390441,2.386514097452164e-07,3053,1,31,0,weights_on_pim_prefill-1024xdecode_64_ops_trace.csv,2.386514097452164e-07,1.5035038813948635e-05,3.525280789042968e-05,2.0217769076481044e-05,2.3447101352158914,0
decode,L31_Softmax_s1,Softmax,GPU0,npu,NAIVE,15.14079597390441,15.14079621255582,2.386514097452164e-07,3054,1,31,1,weights_on_pim_prefill-1024xdecode_64_ops_trace.csv,2.386514097452164e-07,1.5035038813948635e-05,3.525280789042968e-05,2.0217769076481044e-05,2.3447101352158914,0
decode,L31_SV_s0,SV,GPU0,npu,NAIVE,15.142120103172957,15.14212287230116,2.769128204960225e-06,3055,1,31,0,weights_on_pim_prefill-1024xdecode_64_ops_trace.csv,2.769128204960225e-06,0.00017445507691249418,0.00040904658697659297,0.0002345915100640988,2.3447101352158914,0
decode,L31_SV_s1,SV,GPU0,npu,NAIVE,15.14212287230116,15.142125641429365,2.769128204960225e-06,3056,1,31,1,weights_on_pim_prefill-1024xdecode_64_ops_trace.csv,2.769128204960225e-06,0.00017445507691249418,0.00040904658697659297,0.0002345915100640988,2.3447101352158914,0
decode,L31_O_s0,O,PIM0,pim,NAIVE,15.14212600478012,15.142159454454436,3.344967431573309e-05,3057,1,31,0,weights_on_pim_prefill-1024xdecode_64_ops_trace.csv,3.344967431573309e-05,0.0021073294818911847,0.0002562495989613457,-0.001851079882929839,0.12159920940857294,0
decode,L31_O_s1,O,PIM1,pim,NAIVE,15.142128773908324,15.14216222358264,3.344967431573309e-05,3058,1,31,1,weights_on_pim_prefill-1024xdecode_64_ops_trace.csv,3.344967431573309e-05,0.0021073294818911847,0.00025624959896134564,-0.001851079882929839,0.12159920940857291,0
decode,L31_AllReduce_O,ALLREDUCE,COMM,comm,COMM,15.14216222358264,15.142164250140564,2.026557922363281e-06,3059,1,31,-1,weights_on_pim_prefill-1024xdecode_64_ops_trace.csv,2.026557922363281e-06,0.0001276731491088867,0.0001276731491088867,0.0,1.0,0
decode,L31_Add1,Add,GPU0,npu,NAIVE,15.142169359389742,15.14217629879671,6.939406967276796e-06,3060,1,31,-1,weights_on_pim_prefill-1024xdecode_64_ops_trace.csv,6.939406967276796e-06,0.00043718263893843817,0.0010250665644593857,0.0005878839255209476,2.344710135215892,0
decode,L31_LN2,LN,GPU0,npu,NAIVE,15.14217629879671,15.142211608401354,3.530960464459554e-05,3061,1,31,-1,weights_on_pim_prefill-1024xdecode_64_ops_trace.csv,3.530960464459554e-05,0.002224505092609519,0.0052158196364809045,0.0029913145438713856,2.3447101352158914,0
decode,L31_FFN_W1_s0,FFN_W1,PIM0,pim,NAIVE,15.142216573359276,15.142312800359,9.622699972489102e-05,3062,1,31,0,weights_on_pim_prefill-1024xdecode_64_ops_trace.csv,9.622699972489102e-05,0.006062300982668134,0.0007371710066892599,-0.005325129975978874,0.12159920940857294,0
decode,L31_FFN_W3_s0,FFN_W3,PIM1,pim,NAIVE,15.142216573359276,15.142306304359002,8.973099972564569e-05,3063,1,31,0,weights_on_pim_prefill-1024xdecode_64_ops_trace.csv,8.973099972564569e-05,0.005653052982715678,0.0006874067734430015,-0.004965646209272677,0.12159920940857291,0
decode,L31_FFN_W1_s1,FFN_W1,PIM1,pim,NAIVE,15.142306304359002,15.142402531358726,9.622699972489102e-05,3064,1,31,1,weights_on_pim_prefill-1024xdecode_64_ops_trace.csv,9.622699972489102e-05,0.006062300982668134,0.0007371710066892598,-0.005325129975978874,0.12159920940857293,0
decode,L31_FFN_W3_s1,FFN_W3,PIM0,pim,NAIVE,15.142312800359,15.142402531358726,8.973099972564569e-05,3065,1,31,1,weights_on_pim_prefill-1024xdecode_64_ops_trace.csv,8.973099972564569e-05,0.005653052982715678,0.0006874067734430016,-0.004965646209272677,0.12159920940857293,0
decode,L31_SwiGLU_s0,SwiGLU,GPU0,npu,NAIVE,15.142319040146209,15.14232626028682,7.220140611607917e-06,3066,1,31,0,weights_on_pim_prefill-1024xdecode_64_ops_trace.csv,7.220140611607917e-06,0.00045486885853129877,0.0010665356227924196,0.0006116667642611208,2.344710135215891,0
decode,L31_SwiGLU_s1,SwiGLU,GPU0,npu,NAIVE,15.142408771145934,15.142415991286546,7.220140611607917e-06,3067,1,31,1,weights_on_pim_prefill-1024xdecode_64_ops_trace.csv,7.220140611607917e-06,0.00045486885853129877,0.0010665356227924196,0.0006116667642611208,2.344710135215891,0
decode,L31_FFN_W2_s0,FFN_W2,PIM0,pim,NAIVE,15.142402531358726,15.142496822358453,9.429099972457776e-05,3068,1,31,0,weights_on_pim_prefill-1024xdecode_64_ops_trace.csv,9.429099972457776e-05,0.005940332982648399,0.0007223397943137153,-0.0052179931883346835,0.12159920940857294,0
decode,L31_FFN_W2_s1,FFN_W2,PIM1,pim,NAIVE,15.142422216073754,15.14251650707348,9.429099972457776e-05,3069,1,31,1,weights_on_pim_prefill-1024xdecode_64_ops_trace.csv,9.429099972457776e-05,0.005940332982648399,0.0007223397943137153,-0.0052179931883346835,0.12159920940857294,0
decode,L31_AllReduce_FFN,ALLREDUCE,COMM,comm,COMM,15.14251650707348,15.1425185336314,2.026557922363281e-06,3070,1,31,-1,weights_on_pim_prefill-1024xdecode_64_ops_trace.csv,2.026557922363281e-06,0.0001276731491088867,0.0001276731491088867,0.0,1.0,0
decode,L31_Add2,Add,GPU0,npu,NAIVE,15.14252364288058,15.142530582287549,6.939406967276796e-06,3071,1,31,-1,weights_on_pim_prefill-1024xdecode_64_ops_trace.csv,6.939406967276796e-06,0.00043718263893843817,0.0010250665644593857,0.0005878839255209476,2.344710135215892,0
